#OBJ File generated by Abaqus/CAE
#List of Vertices
v 0.997407 0.0900086 -0.0710454
v 0.992938 0.0945324 -0.0704067
v 0.990496 0.0892966 -0.0671557
v 0.98781 0.0890214 -0.065644
v 0.9875 0.100039 -0.0696301
v 0.993717 0.100023 -0.0705371
v 0.997401 0.100015 -0.071075
v 0.977853 0.0891518 -0.0648434
v 0.982086 0.0890951 -0.0651824
v 0.977813 0.0907383 -0.0653468
v 0.977586 0.100039 -0.0683081
v 0.967894 0.0892799 -0.0640449
v 0.972146 0.0892252 -0.0643851
v 0.967779 0.0947253 -0.0655377
v 0.967667 0.10004 -0.0669975
v 0.970612 0.10004 -0.067387
v 0.957934 0.0894053 -0.0632488
v 0.960627 0.0893722 -0.063466
v 0.957908 0.090903 -0.0635946
v 0.957748 0.100042 -0.0657045
v 0.959808 0.100042 -0.0659719
v 0.947824 0.100044 -0.0644237
v 0.947866 0.0971383 -0.063882
v 0.953604 0.0939621 -0.0637527
v 0.947973 0.0895306 -0.0624589
v 0.937898 0.100045 -0.0631573
v 0.938011 0.0896531 -0.0616718
v 0.945581 0.100046 -0.0641394
v 0.936494 0.0912254 -0.0617084
v 0.936385 0.0896746 -0.0615446
v 0.928048 0.0897754 -0.0608887
v 0.927973 0.100048 -0.0619091
v 0.933429 0.100046 -0.0625951
v 0.918043 0.100051 -0.060673
v 0.918064 0.094919 -0.060388
v 0.920111 0.0979274 -0.0607173
v 0.918087 0.0898949 -0.0601107
v 0.920209 0.100049 -0.0609417
v 0.916309 0.091704 -0.0599911
v 0.913784 0.0899444 -0.0597724
v 0.908121 0.0900115 -0.0593309
v 0.908111 0.100053 -0.059449
v 0.898179 0.100055 -0.0582396
v 0.898177 0.0987747 -0.0582798
v 0.899096 0.0991301 -0.0583407
v 0.898157 0.0901277 -0.0585578
v 0.900242 0.100055 -0.058492
v 0.888247 0.100057 -0.0570447
v 0.88822 0.0952195 -0.0574086
v 0.892171 0.0961245 -0.0576429
v 0.888193 0.0902382 -0.0577841
v 0.87831 0.100059 -0.0558599
v 0.87825 0.0933042 -0.0566614
v 0.88426 0.0941451 -0.0570174
v 0.878227 0.0903483 -0.0570125
v 0.868374 0.100061 -0.05469
v 0.868279 0.0921669 -0.0559664
v 0.8757 0.0928391 -0.0564169
v 0.868258 0.0904577 -0.0562433
v 0.858433 0.100062 -0.0535303
v 0.858305 0.0914343 -0.0552985
v 0.866721 0.0919601 -0.0558181
v 0.858291 0.0905638 -0.0554777
v 0.848493 0.100066 -0.0523872
v 0.848327 0.0909237 -0.0546477
v 0.857482 0.0913486 -0.0552218
v 0.848324 0.0906664 -0.0547132
v 0.848079 0.090903 -0.0546268
v 0.843075 0.0907188 -0.0543107
v 0.838353 0.0907681 -0.0539492
v 0.838549 0.0998858 -0.0513079
v 0.838733 0.0998932 -0.051319
v 0.838552 0.100067 -0.0512556
v 0.840771 0.100065 -0.0515064
v 0.828609 0.100068 -0.0501347
v 0.828588 0.0992085 -0.0504194
v 0.829481 0.0992348 -0.0504748
v 0.828386 0.090866 -0.0531891
v 0.818663 0.100071 -0.0490284
v 0.818625 0.0986602 -0.0495542
v 0.820116 0.098696 -0.0496492
v 0.818416 0.0909601 -0.0524283
v 0.808719 0.100072 -0.0479341
v 0.808663 0.0982173 -0.0487035
v 0.81065 0.0982574 -0.0488293
v 0.808446 0.0910528 -0.0516708
v 0.79877 0.100075 -0.0468523
v 0.798698 0.0978623 -0.0478582
v 0.801102 0.0979014 -0.048014
v 0.798476 0.0911442 -0.0509166
v 0.788823 0.100074 -0.0457828
v 0.788732 0.0975786 -0.0470192
v 0.791484 0.0976121 -0.0471972
v 0.788505 0.0912313 -0.0501622
v 0.778873 0.100077 -0.0447261
v 0.778765 0.0973509 -0.0461838
v 0.78181 0.0973787 -0.0463832
v 0.778532 0.0913169 -0.049409
v 0.768921 0.100078 -0.043681
v 0.768799 0.0971671 -0.0453522
v 0.772091 0.0971903 -0.0455715
v 0.768559 0.0914007 -0.0486597
v 0.758967 0.10008 -0.0426476
v 0.758833 0.0970211 -0.0445201
v 0.762328 0.0970394 -0.0447548
v 0.758587 0.0914798 -0.0479106
v 0.749015 0.100081 -0.0416285
v 0.748866 0.0969122 -0.0436862
v 0.75253 0.0969239 -0.0439361
v 0.748613 0.0915571 -0.047163
v 0.752527 0.0969238 -0.0439337
v 0.739057 0.100084 -0.0406203
v 0.738899 0.0968392 -0.0428453
v 0.742688 0.0968449 -0.0431072
v 0.738641 0.0916322 -0.0464198
v 0.729102 0.100084 -0.0396254
v 0.728932 0.0968037 -0.041996
v 0.73281 0.0967984 -0.0422664
v 0.728668 0.0917023 -0.0456747
v 0.719143 0.100086 -0.0386418
v 0.718966 0.0967938 -0.0411355
v 0.722896 0.0967843 -0.0414139
v 0.718692 0.0917729 -0.0449332
v 0.709186 0.100088 -0.0376731
v 0.708998 0.0968026 -0.0402666
v 0.712955 0.09679 -0.0405505
v 0.708718 0.0918382 -0.0441925
v 0.699225 0.100087 -0.0367107
v 0.699033 0.0968207 -0.0394026
v 0.703002 0.0968046 -0.0396867
v 0.698741 0.0919009 -0.0434517
v 0.689264 0.10009 -0.0357663
v 0.689066 0.0968352 -0.038548
v 0.693049 0.0968199 -0.0388349
v 0.688768 0.0919609 -0.0427159
v 0.679302 0.10009 -0.0348311
v 0.679098 0.0968473 -0.0377019
v 0.683094 0.0968328 -0.037989
v 0.67879 0.0920182 -0.0419779
v 0.669339 0.100092 -0.0339103
v 0.669129 0.096868 -0.0368567
v 0.673133 0.0968508 -0.0371475
v 0.668815 0.0920725 -0.0412452
v 0.679097 0.0968502 -0.0377034
v 0.659375 0.100093 -0.0330004
v 0.659159 0.0969022 -0.0360047
v 0.663151 0.0968822 -0.0362958
v 0.658837 0.0921238 -0.0405104
v 0.649409 0.100094 -0.0321013
v 0.649191 0.096952 -0.0351439
v 0.653149 0.096931 -0.0354368
v 0.64886 0.0921719 -0.0397788
v 0.639441 0.100094 -0.0312133
v 0.639222 0.0970135 -0.0342786
v 0.643131 0.0969903 -0.034569
v 0.638883 0.0922167 -0.0390479
v 0.629474 0.100096 -0.0303405
v 0.629256 0.0970751 -0.0334169
v 0.633109 0.0970518 -0.0337044
v 0.628907 0.0922581 -0.0383203
v 0.619506 0.100096 -0.0294791
v 0.619287 0.0971325 -0.0325634
v 0.623086 0.0971108 -0.0328463
v 0.618927 0.0922989 -0.0375928
v 0.609537 0.100096 -0.0286292
v 0.609316 0.0971855 -0.0317185
v 0.613068 0.0971639 -0.0319988
v 0.608951 0.0923332 -0.0368673
v 0.599565 0.100095 -0.0277885
v 0.599346 0.0972375 -0.0308784
v 0.603044 0.0972183 -0.0311532
v 0.598971 0.0923667 -0.0361421
v 0.589594 0.100096 -0.0269635
v 0.589374 0.0972953 -0.030043
v 0.593015 0.0972772 -0.0303134
v 0.588995 0.0923963 -0.0354208
v 0.579619 0.100099 -0.0261495
v 0.579403 0.0973465 -0.0292138
v 0.582987 0.0973304 -0.029479
v 0.579014 0.0924248 -0.0347
v 0.569646 0.100098 -0.0253462
v 0.56943 0.0973897 -0.0283997
v 0.572968 0.0973786 -0.0286642
v 0.569037 0.0924463 -0.0339793
v 0.559671 0.100098 -0.0245566
v 0.559455 0.09742 -0.027611
v 0.562963 0.097408 -0.0278676
v 0.559056 0.0924665 -0.0332593
v 0.549698 0.100097 -0.0237795
v 0.549479 0.0974344 -0.0268461
v 0.552974 0.0974272 -0.0270993
v 0.549076 0.0924854 -0.0325426
v 0.539719 0.100098 -0.0230113
v 0.539502 0.0974405 -0.0260967
v 0.542993 0.0974346 -0.026346
v 0.539097 0.0924999 -0.031828
v 0.529743 0.100098 -0.0222585
v 0.529523 0.0974449 -0.025358
v 0.533014 0.0974407 -0.0256057
v 0.529117 0.0925097 -0.0311129
v 0.519765 0.100099 -0.0215176
v 0.519546 0.0974488 -0.0246219
v 0.523032 0.0974474 -0.0248713
v 0.519139 0.092518 -0.0304016
v 0.509785 0.100099 -0.0207871
v 0.509566 0.0974591 -0.0238875
v 0.513045 0.0974554 -0.0241368
v 0.50916 0.0925214 -0.0296901
v 0.499804 0.100101 -0.0200687
v 0.499588 0.0974696 -0.0231621
v 0.503052 0.0974667 -0.0234075
v 0.499179 0.092523 -0.02898
v 0.489821 0.100101 -0.0193611
v 0.489608 0.0974732 -0.0224487
v 0.493065 0.097473 -0.0226932
v 0.489197 0.0925226 -0.0282714
v 0.479841 0.100099 -0.0186671
v 0.479625 0.0974707 -0.0217534
v 0.483088 0.09747 -0.0219991
v 0.479219 0.0925171 -0.0275656
v 0.46986 0.100099 -0.0179856
v 0.469642 0.0974621 -0.0210693
v 0.473113 0.0974619 -0.021315
v 0.469237 0.0925094 -0.0268589
v 0.459875 0.100097 -0.0173128
v 0.459661 0.0974557 -0.0203898
v 0.463133 0.0974573 -0.0206363
v 0.459257 0.0924994 -0.0261567
v 0.449892 0.100097 -0.0166555
v 0.449678 0.0974592 -0.0197038
v 0.453142 0.0974612 -0.0199545
v 0.449276 0.092484 -0.0254523
v 0.439905 0.100098 -0.0160086
v 0.439696 0.0974701 -0.0190192
v 0.443141 0.09747 -0.0192688
v 0.439295 0.0924662 -0.0247501
v 0.429919 0.100097 -0.0153734
v 0.429712 0.0974684 -0.018358
v 0.433145 0.0974722 -0.0186002
v 0.429317 0.0924457 -0.0240527
v 0.419933 0.100098 -0.0147516
v 0.419726 0.0974305 -0.0177412
v 0.423189 0.0974427 -0.0179785
v 0.419336 0.0924226 -0.023355
v 0.409947 0.100096 -0.0141418
v 0.409736 0.097359 -0.0171707
v 0.413274 0.0973769 -0.0174065
v 0.409353 0.0923967 -0.0226572
v 0.399958 0.100096 -0.0135429
v 0.399746 0.0972668 -0.0166228
v 0.403378 0.0972923 -0.0168609
v 0.399373 0.0923648 -0.0219603
v 0.389969 0.100097 -0.0129579
v 0.389755 0.097182 -0.0160739
v 0.39348 0.0972085 -0.0163167
v 0.389393 0.0923331 -0.0212676
v 0.37998 0.100096 -0.0123827
v 0.379763 0.0971155 -0.0155097
v 0.38356 0.0971408 -0.0157608
v 0.379412 0.0922952 -0.0205735
v 0.369988 0.100095 -0.0118189
v 0.369775 0.0970601 -0.014941
v 0.373625 0.0970849 -0.0151984
v 0.369432 0.0922572 -0.0198839
v 0.359998 0.100093 -0.0112679
v 0.359783 0.0970033 -0.0143758
v 0.363691 0.0970253 -0.01464
v 0.35945 0.092216 -0.0191945
v 0.350008 0.100092 -0.0107313
v 0.349796 0.0969393 -0.0138262
v 0.353758 0.0969636 -0.0140912
v 0.349473 0.0921684 -0.0185067
v 0.340015 0.100091 -0.0102039
v 0.339802 0.0968753 -0.0132764
v 0.343823 0.096901 -0.0135485
v 0.339493 0.0921204 -0.0178211
v 0.330022 0.100091 -0.00969131
v 0.329812 0.0968174 -0.0127299
v 0.333883 0.0968419 -0.0130065
v 0.329513 0.0920689 -0.017136
v 0.32003 0.100089 -0.00918934
v 0.319824 0.096765 -0.0121775
v 0.323932 0.0967904 -0.0124607
v 0.319531 0.0920169 -0.0164533
v 0.310036 0.100088 -0.00869972
v 0.309834 0.0967284 -0.0116229
v 0.313966 0.0967466 -0.0119079
v 0.309551 0.0919581 -0.0157698
v 0.300039 0.100087 -0.0082199
v 0.299846 0.0967004 -0.0110642
v 0.303985 0.0967167 -0.0113517
v 0.29957 0.0918986 -0.0150888
v 0.290045 0.100084 -0.00775389
v 0.289857 0.0966792 -0.0105029
v 0.29399 0.096697 -0.0107939
v 0.289593 0.0918352 -0.0144116
v 0.280049 0.100085 -0.00730223
v 0.27987 0.096668 -0.00994379
v 0.283983 0.0966838 -0.0102333
v 0.279612 0.091771 -0.0137344
v 0.270054 0.100083 -0.00686198
v 0.269881 0.0966716 -0.00938405
v 0.273966 0.0966807 -0.00967408
v 0.269632 0.0917028 -0.0130584
v 0.260056 0.100082 -0.00643209
v 0.259894 0.0966874 -0.00882139
v 0.263925 0.0966944 -0.0091081
v 0.259653 0.0916303 -0.0123837
v 0.250058 0.100081 -0.00601549
v 0.249908 0.0967242 -0.00825693
v 0.253865 0.0967284 -0.00854233
v 0.249674 0.0915568 -0.0117121
v 0.24006 0.10008 -0.00561225
v 0.239923 0.0967908 -0.00768858
v 0.243774 0.0967865 -0.00796662
v 0.239697 0.0914789 -0.0110421
v 0.230061 0.100077 -0.00521826
v 0.229935 0.0968883 -0.00711273
v 0.233647 0.0968786 -0.00738586
v 0.229717 0.0913998 -0.0103725
v 0.220064 0.100077 -0.00484235
v 0.219949 0.0970251 -0.00653358
v 0.223477 0.0970079 -0.00679611
v 0.21974 0.0913162 -0.00970468
v 0.210063 0.100074 -0.00447316
v 0.209968 0.097206 -0.00595423
v 0.21326 0.097181 -0.0062008
v 0.209761 0.0912312 -0.00903752
v 0.200064 0.100072 -0.00411798
v 0.199981 0.0974368 -0.00537325
v 0.202988 0.0974071 -0.00560274
v 0.199782 0.0911447 -0.00837392
v 0.190065 0.100069 -0.00377696
v 0.189996 0.0977137 -0.00480611
v 0.192666 0.0976811 -0.00500804
v 0.189806 0.0910533 -0.00771244
v 0.180065 0.100067 -0.00344753
v 0.180009 0.0980253 -0.00425514
v 0.182303 0.0979947 -0.00442719
v 0.179829 0.0909603 -0.00705191
v 0.170062 0.100068 -0.00313137
v 0.170025 0.0983465 -0.00374046
v 0.171931 0.0983241 -0.00388034
v 0.16985 0.0908657 -0.00639243
v 0.160062 0.100066 -0.00282825
v 0.160033 0.0986568 -0.00326865
v 0.161575 0.0986437 -0.00337924
v 0.159874 0.0907691 -0.005737
v 0.150058 0.100063 -0.00253429
v 0.150038 0.0988725 -0.00285767
v 0.151315 0.0988722 -0.00294385
v 0.149898 0.0906675 -0.00508115
v 0.140055 0.100061 -0.00225525
v 0.14004 0.0989457 -0.00250935
v 0.141204 0.0989653 -0.00258557
v 0.139924 0.0905639 -0.00442952
v 0.130056 0.100059 -0.00199129
v 0.130039 0.0987423 -0.0022344
v 0.131368 0.098794 -0.00231441
v 0.129947 0.0904582 -0.00377656
v 0.120052 0.100056 -0.00173685
v 0.120038 0.098201 -0.00200227
v 0.12183 0.0983303 -0.00210186
v 0.119971 0.0903537 -0.00312963
v 0.110048 0.100053 -0.00149495
v 0.110032 0.0971672 -0.0017839
v 0.11269 0.0974716 -0.00193061
v 0.109996 0.0902437 -0.00248268
v 0.100045 0.10005 -0.00126568
v 0.100034 0.0956967 -0.00151699
v 0.103836 0.0963133 -0.00172881
v 0.100021 0.0901315 -0.00183755
v 0.0900422 0.10005 -0.00105362
v 0.0900453 0.0937458 -0.00114223
v 0.0952791 0.0948427 -0.00146268
v 0.0900472 0.0900169 -0.00119417
v 0.0800387 0.100047 -0.000849974
v 0.0800662 0.0916056 -0.000602256
v 0.086851 0.0932184 -0.00108261
v 0.0800736 0.0898999 -0.000552738
v 0.0785347 0.0914541 -0.000568157
v 0.0711715 0.0897943 1.78312e-05
v 0.0701007 0.0897804 8.66218e-05
v 0.0700329 0.100043 -0.000656393
v 0.0600289 0.100042 -0.000480518
v 0.0601257 0.0896584 0.000726752
v 0.050153 0.0895369 0.00135999
v 0.0587141 0.0896428 0.00081449
v 0.0500951 0.0943826 0.000587496
v 0.0500247 0.100038 -0.000313279
v 0.0400197 0.100036 -0.000161253
v 0.0401801 0.0894092 0.00199533
v 0.0477153 0.10004 -0.000278983
v 0.040087 0.0895092 0.00197404
v 0.0400919 0.0894085 0.00199988
v 0.0312717 0.0892957 0.00255757
v 0.0307363 0.0992829 0.000117936
v 0.0302092 0.0892816 0.00262324
v 0.0300156 0.100034 -2.29269e-05
v 0.0306295 0.100036 -3.21454e-05
v 0.0386233 0.100035 -0.000142671
v 0.0202347 0.089154 0.00324933
v 0.0241961 0.0892033 0.00300186
v 0.0200588 0.097751 0.000759935
v 0.0200125 0.100031 0.000101429
v 0.0100091 0.100031 0.000210111
v 0.0100406 0.0986924 0.000653899
v 0.0111155 0.0988554 0.000537493
v 0.0136634 0.0961457 0.00129436
v 0.0101119 0.0956046 0.00168044
v 0.0162123 0.0934334 0.00205275
v 0.0101825 0.092518 0.00270688
v 0.0187605 0.090722 0.00281096
v 0.0102567 0.0894288 0.00373183
v 0.0102633 0.0890224 0.00386875
v 0.0113336 0.100031 0.000194693
v 0.0143823 0.100033 0.000160178
v 0.0174303 0.100034 0.000128637
v 4.20027e-06 0.0900246 -4.31854e-07
v 0.00114163 0.0899126 0.00042761
v 2.06524e-06 0.0911331 8.4636e-07
v 1.73337e-06 0.0933582 2.21671e-08
v 0.00342182 0.0896895 0.00128853
v 2.41337e-06 0.0955816 -1.21144e-07
v 0.00570063 0.089468 0.00214945
v 4.10366e-06 0.0978034 4.15355e-07
v 0.00798269 0.0892445 0.00300913
v 3.41915e-06 0.10003 -1.7529e-06
v 0.00842148 0.10003 0.000176307
v 0.0100513 0.0982835 0.000788938
v 0.0101228 0.0951955 0.00181575
v 0.00561566 0.100029 0.000117875
v 0.0101935 0.0921084 0.00284234
v 0.0028106 0.100029 5.75361e-05
v 0.997409 0.080004 -0.0710207
v 0.9963 0.0810466 -0.0704005
v 0.992638 0.0798393 -0.0694058
v 0.987651 0.0796626 -0.0677123
v 0.98778 0.087128 -0.0660629
v 0.989295 0.087629 -0.0664764
v 0.997407 0.0825879 -0.0710279
v 0.977693 0.0797651 -0.066924
v 0.983819 0.0797014 -0.0674099
v 0.977731 0.0820028 -0.0664279
v 0.967735 0.0798649 -0.0661405
v 0.970074 0.0798423 -0.0663242
v 0.967795 0.0834271 -0.0653471
v 0.957774 0.0799649 -0.0653606
v 0.947812 0.0800624 -0.0645831
v 0.937849 0.08016 -0.0638094
v 0.927983 0.0858846 -0.0617677
v 0.931658 0.0862336 -0.0619637
v 0.927885 0.080255 -0.0630381
v 0.917977 0.0836085 -0.0615318
v 0.923836 0.0842384 -0.0618285
v 0.917922 0.0803474 -0.0622695
v 0.9081 0.0887411 -0.0596198
v 0.9093 0.0888502 -0.0596849
v 0.915281 0.0829517 -0.0614784
v 0.907991 0.0822823 -0.0610863
v 0.907957 0.0804397 -0.0615049
v 0.898111 0.0874323 -0.05917
v 0.900695 0.0876176 -0.0593199
v 0.906345 0.0820324 -0.0610183
v 0.898008 0.0814374 -0.0605328
v 0.897992 0.0805293 -0.0607407
v 0.88813 0.0866203 -0.0586105
v 0.891652 0.0868118 -0.0588282
v 0.897158 0.0813559 -0.0604888
v 0.888031 0.0808603 -0.0599251
v 0.888027 0.0806159 -0.0599795
v 0.887796 0.0808454 -0.0599095
v 0.883316 0.0806593 -0.0596218
v 0.878061 0.0807024 -0.0592202
v 0.878151 0.0860899 -0.0579882
v 0.882338 0.0862651 -0.0582577
v 0.868178 0.0857136 -0.0573317
v 0.872867 0.0858733 -0.0576448
v 0.868093 0.0807885 -0.0584632
v 0.858203 0.0854317 -0.0566583
v 0.863296 0.0855736 -0.0570027
v 0.858124 0.0808714 -0.057707
v 0.84823 0.0852004 -0.0559745
v 0.853663 0.0853296 -0.0563429
v 0.848156 0.0809511 -0.0569519
v 0.838352 0.0906328 -0.0539789
v 0.838484 0.0906381 -0.0539898
v 0.843991 0.085123 -0.0556761
v 0.838255 0.0850028 -0.0552832
v 0.838189 0.08103 -0.0562019
v 0.82838 0.0904802 -0.0532776
v 0.828762 0.0904874 -0.0533032
v 0.834289 0.0849416 -0.0550028
v 0.828282 0.0848256 -0.0545881
v 0.828217 0.0811082 -0.0554498
v 0.818406 0.0903506 -0.0525718
v 0.819012 0.0903617 -0.0526132
v 0.824566 0.0847796 -0.0543258
v 0.818308 0.0846665 -0.0538919
v 0.818248 0.0811827 -0.0547016
v 0.80843 0.090241 -0.0518607
v 0.809242 0.0902528 -0.051918
v 0.814823 0.084631 -0.0536427
v 0.808332 0.0845252 -0.0531927
v 0.808276 0.0812562 -0.053954
v 0.798456 0.0901502 -0.0511481
v 0.799447 0.0901632 -0.051217
v 0.805066 0.0844958 -0.0529586
v 0.798358 0.0843945 -0.052492
v 0.798307 0.0813258 -0.0532082
v 0.788484 0.0900739 -0.0504345
v 0.789635 0.0900899 -0.0505141
v 0.795291 0.0843735 -0.0522716
v 0.788385 0.0842734 -0.0517909
v 0.788334 0.081397 -0.0524648
v 0.778509 0.0900116 -0.0497155
v 0.779805 0.0900301 -0.049808
v 0.785505 0.0842586 -0.0515815
v 0.778408 0.084165 -0.0510858
v 0.778361 0.081464 -0.051721
v 0.768535 0.0899659 -0.0489979
v 0.769957 0.0899836 -0.0490965
v 0.775705 0.0841566 -0.0508911
v 0.768433 0.0840696 -0.0503814
v 0.76839 0.0815267 -0.0509794
v 0.75856 0.0899304 -0.0482749
v 0.760096 0.0899475 -0.0483833
v 0.765889 0.084065 -0.0501965
v 0.758457 0.0839835 -0.0496749
v 0.758417 0.0815907 -0.0502406
v 0.748586 0.0899074 -0.0475535
v 0.750219 0.0899247 -0.0476676
v 0.756064 0.0839836 -0.0495029
v 0.748482 0.0839058 -0.0489674
v 0.748442 0.0816502 -0.0494993
v 0.73861 0.0898967 -0.0468291
v 0.74033 0.0899124 -0.0469503
v 0.746226 0.0839092 -0.0488044
v 0.738506 0.0838349 -0.0482605
v 0.738469 0.0817078 -0.0487622
v 0.728636 0.0898956 -0.0461028
v 0.730422 0.0899133 -0.0462282
v 0.73638 0.0838388 -0.0481047
v 0.728529 0.0837671 -0.047554
v 0.728495 0.0817664 -0.0480283
v 0.718659 0.0899021 -0.0453742
v 0.720506 0.0899213 -0.0455063
v 0.72653 0.0837719 -0.047407
v 0.718553 0.0836983 -0.0468476
v 0.718519 0.08182 -0.0472924
v 0.708683 0.089915 -0.0446472
v 0.710581 0.0899331 -0.0447814
v 0.716673 0.0837053 -0.0467076
v 0.708575 0.0836314 -0.0461403
v 0.708544 0.0818715 -0.0465584
v 0.698707 0.089931 -0.043921
v 0.700651 0.0899486 -0.0440586
v 0.706817 0.083639 -0.0460116
v 0.698598 0.0835681 -0.0454331
v 0.698569 0.0819206 -0.0458268
v 0.68873 0.0899489 -0.0431942
v 0.690717 0.0899616 -0.0433329
v 0.696952 0.0835763 -0.0453126
v 0.688621 0.0835152 -0.0447275
v 0.688593 0.0819674 -0.0450949
v 0.678755 0.0899659 -0.0424679
v 0.680779 0.0899778 -0.0426098
v 0.687077 0.0835204 -0.0446117
v 0.678641 0.0834696 -0.0440176
v 0.678618 0.0820116 -0.0443655
v 0.668778 0.0899885 -0.0417419
v 0.670834 0.0900006 -0.041888
v 0.677192 0.0834742 -0.0439105
v 0.668663 0.0834273 -0.0433081
v 0.668641 0.0820561 -0.0436377
v 0.658802 0.0900139 -0.0410146
v 0.660878 0.0900269 -0.041161
v 0.667297 0.0834343 -0.043208
v 0.658687 0.0833866 -0.042601
v 0.658664 0.082095 -0.0429087
v 0.648824 0.0900449 -0.0402875
v 0.650919 0.0900567 -0.0404365
v 0.657401 0.0833947 -0.0425068
v 0.648706 0.0833463 -0.0418923
v 0.648685 0.0821338 -0.0421815
v 0.638845 0.0900812 -0.0395613
v 0.640952 0.0900897 -0.03971
v 0.647502 0.0833518 -0.0418036
v 0.63873 0.0833045 -0.0411847
v 0.638708 0.0821696 -0.0414573
v 0.628868 0.0901161 -0.0388336
v 0.630979 0.0901256 -0.0389842
v 0.637598 0.0833117 -0.0411009
v 0.628748 0.0832715 -0.0404761
v 0.628731 0.0822024 -0.0407338
v 0.61889 0.0901517 -0.0381072
v 0.621003 0.0901613 -0.0382578
v 0.627689 0.0832749 -0.0403984
v 0.618771 0.083241 -0.039769
v 0.618752 0.0822319 -0.0400085
v 0.608911 0.0901872 -0.0373828
v 0.611027 0.0901936 -0.0375324
v 0.61777 0.083244 -0.0396928
v 0.608792 0.0832122 -0.0390593
v 0.608775 0.082261 -0.0392881
v 0.598933 0.0902194 -0.0366591
v 0.60105 0.0902253 -0.0368094
v 0.607849 0.083216 -0.0389904
v 0.598814 0.0831839 -0.0383507
v 0.598796 0.0822867 -0.0385662
v 0.588956 0.0902479 -0.0359366
v 0.591069 0.0902563 -0.0360865
v 0.597921 0.0831904 -0.0382867
v 0.588832 0.0831553 -0.0376417
v 0.58882 0.0823088 -0.0378481
v 0.578978 0.0902755 -0.0352171
v 0.581089 0.0902834 -0.0353652
v 0.587994 0.0831612 -0.0375841
v 0.578854 0.0831275 -0.0369361
v 0.578838 0.0823301 -0.0371275
v 0.568999 0.0902996 -0.034496
v 0.57111 0.0903065 -0.0346453
v 0.578063 0.0831313 -0.0368788
v 0.568872 0.0831081 -0.0362276
v 0.568861 0.0823476 -0.036411
v 0.55902 0.0903217 -0.033779
v 0.561132 0.0903251 -0.0339275
v 0.568123 0.0831103 -0.0361747
v 0.558894 0.0830918 -0.0355179
v 0.558882 0.0823642 -0.0356949
v 0.549039 0.0903351 -0.0330613
v 0.551159 0.0903362 -0.0332129
v 0.558174 0.0830951 -0.0354679
v 0.548913 0.0830831 -0.0348087
v 0.548902 0.0823768 -0.0349779
v 0.539061 0.0903433 -0.0323489
v 0.541184 0.0903458 -0.0324993
v 0.54822 0.0830825 -0.0347597
v 0.538935 0.0830754 -0.0341005
v 0.538922 0.0823882 -0.0342642
v 0.529079 0.0903503 -0.0316347
v 0.531208 0.090351 -0.0317851
v 0.538259 0.0830753 -0.0340521
v 0.528954 0.0830716 -0.0333899
v 0.528941 0.0823983 -0.0335514
v 0.5191 0.090357 -0.0309228
v 0.521232 0.090358 -0.0310757
v 0.52829 0.0830702 -0.033341
v 0.518976 0.0830678 -0.0326811
v 0.518963 0.0824041 -0.0328406
v 0.50912 0.090363 -0.030211
v 0.51125 0.0903635 -0.030362
v 0.518319 0.0830672 -0.0326319
v 0.508994 0.0830635 -0.0319699
v 0.508984 0.0824084 -0.0321309
v 0.49914 0.0903642 -0.0294992
v 0.501269 0.0903674 -0.0296522
v 0.508345 0.0830659 -0.0319252
v 0.499014 0.0830615 -0.0312631
v 0.499002 0.0824081 -0.0314182
v 0.489161 0.0903665 -0.0287929
v 0.491288 0.0903661 -0.0289425
v 0.49837 0.0830601 -0.0312154
v 0.489033 0.0830602 -0.0305525
v 0.489023 0.0824061 -0.0307095
v 0.47918 0.0903647 -0.0280832
v 0.481306 0.0903631 -0.0282341
v 0.48839 0.0830594 -0.0305066
v 0.479053 0.0830672 -0.0298423
v 0.479043 0.0824024 -0.0300023
v 0.469201 0.0903654 -0.0273778
v 0.471323 0.0903614 -0.0275286
v 0.4784 0.0830671 -0.0297974
v 0.469074 0.0830822 -0.0291327
v 0.469063 0.0823968 -0.0292966
v 0.459222 0.0903654 -0.0266699
v 0.46133 0.0903612 -0.0268179
v 0.4684 0.08308 -0.0290839
v 0.459096 0.0830977 -0.0284199
v 0.459083 0.0823892 -0.0285926
v 0.44924 0.0903684 -0.0259606
v 0.451335 0.0903654 -0.0261115
v 0.458392 0.0830978 -0.0283692
v 0.449117 0.0831155 -0.027709
v 0.449102 0.0823764 -0.0278862
v 0.439261 0.0903732 -0.0252565
v 0.441334 0.0903676 -0.0254016
v 0.448384 0.083117 -0.0276574
v 0.439136 0.083135 -0.0269982
v 0.439122 0.0823615 -0.0271818
v 0.42928 0.0903667 -0.0245517
v 0.43134 0.0903636 -0.0246983
v 0.438373 0.0831342 -0.0269448
v 0.429157 0.0831535 -0.0262883
v 0.429141 0.0823474 -0.0264808
v 0.4193 0.090343 -0.0238528
v 0.421363 0.0903401 -0.0240019
v 0.42836 0.0831494 -0.0262314
v 0.419177 0.0831746 -0.0255776
v 0.419162 0.0823278 -0.0257806
v 0.409318 0.0903094 -0.0231589
v 0.411394 0.0903005 -0.0233056
v 0.418344 0.083169 -0.02552
v 0.409198 0.0831996 -0.0248649
v 0.409182 0.0823057 -0.0250799
v 0.399338 0.090265 -0.0224664
v 0.401428 0.0902576 -0.0226149
v 0.408318 0.0831934 -0.0248051
v 0.399217 0.0832304 -0.0241528
v 0.399202 0.0822842 -0.0243831
v 0.389356 0.090217 -0.0217744
v 0.391466 0.0902087 -0.0219252
v 0.398285 0.083222 -0.0240897
v 0.389238 0.0832545 -0.0234429
v 0.389223 0.0822569 -0.0236846
v 0.379376 0.0901712 -0.0210845
v 0.381496 0.0901636 -0.0212354
v 0.388254 0.083248 -0.023377
v 0.37926 0.0832752 -0.0227365
v 0.379242 0.0822268 -0.0229861
v 0.369397 0.0901289 -0.0203927
v 0.371519 0.0901222 -0.0205427
v 0.378225 0.0832681 -0.0226655
v 0.36928 0.0832981 -0.0220271
v 0.369263 0.0821969 -0.0222918
v 0.359417 0.0900918 -0.0197022
v 0.361537 0.0900845 -0.0198529
v 0.368191 0.083292 -0.0219541
v 0.359301 0.083328 -0.0213175
v 0.359283 0.0821641 -0.0215977
v 0.349437 0.0900556 -0.0190125
v 0.351556 0.0900437 -0.0191631
v 0.358148 0.0833203 -0.0212397
v 0.349323 0.0833648 -0.0206076
v 0.349302 0.0821282 -0.0209038
v 0.339456 0.0900208 -0.0183232
v 0.341566 0.0900063 -0.018471
v 0.348095 0.0833593 -0.0205254
v 0.339346 0.0834076 -0.0198987
v 0.339322 0.0820892 -0.0202103
v 0.329478 0.0899842 -0.0176327
v 0.331574 0.0899723 -0.0177822
v 0.338035 0.0833991 -0.0198069
v 0.329367 0.0834523 -0.0191873
v 0.329343 0.08205 -0.0195215
v 0.319496 0.0899528 -0.0169409
v 0.321573 0.0899417 -0.0170911
v 0.32797 0.0834458 -0.0190932
v 0.31939 0.0834989 -0.0184764
v 0.319363 0.0820075 -0.0188306
v 0.309519 0.0899273 -0.0162527
v 0.311568 0.0899146 -0.0164003
v 0.3179 0.0834931 -0.0183757
v 0.30941 0.0835507 -0.0177644
v 0.309385 0.0819616 -0.0181431
v 0.29954 0.0899071 -0.015563
v 0.301553 0.0898909 -0.0157046
v 0.307821 0.083544 -0.017656
v 0.299432 0.0836079 -0.0170542
v 0.299404 0.0819153 -0.0174552
v 0.28956 0.0898886 -0.0148709
v 0.291534 0.0898736 -0.0150142
v 0.297738 0.0835986 -0.016937
v 0.289456 0.083667 -0.0163445
v 0.289428 0.0818654 -0.016771
v 0.279581 0.0898751 -0.0141806
v 0.281505 0.0898594 -0.0143191
v 0.287649 0.0836598 -0.0162204
v 0.27948 0.0837282 -0.0156323
v 0.279448 0.0818149 -0.0160866
v 0.269604 0.0898668 -0.0134921
v 0.271472 0.0898485 -0.0136249
v 0.277552 0.0837247 -0.0155019
v 0.269502 0.0837976 -0.0149213
v 0.26947 0.0817607 -0.0154033
v 0.259624 0.0898601 -0.0127985
v 0.261431 0.0898438 -0.0129307
v 0.267449 0.0837929 -0.0147818
v 0.259526 0.0838682 -0.0142115
v 0.259491 0.0817025 -0.0147185
v 0.249646 0.0898626 -0.0121076
v 0.251378 0.0898455 -0.0122335
v 0.257338 0.0838644 -0.0140602
v 0.24955 0.083944 -0.0135012
v 0.249511 0.0816467 -0.0140382
v 0.239669 0.0898748 -0.011416
v 0.241314 0.0898571 -0.0115348
v 0.247223 0.0839393 -0.0133397
v 0.239576 0.0840217 -0.012789
v 0.239534 0.0815836 -0.0133577
v 0.229693 0.0898936 -0.0107222
v 0.231238 0.0898785 -0.0108347
v 0.237096 0.0840238 -0.0126182
v 0.2296 0.0841078 -0.0120777
v 0.229557 0.0815227 -0.0126819
v 0.219718 0.0899269 -0.010028
v 0.221148 0.0899099 -0.0101303
v 0.22696 0.0841117 -0.0118925
v 0.219623 0.0842041 -0.0113632
v 0.21958 0.0814576 -0.0120051
v 0.209741 0.0899783 -0.00933181
v 0.211041 0.089958 -0.00942481
v 0.21681 0.084213 -0.0111671
v 0.209651 0.0843112 -0.0106502
v 0.209601 0.0813913 -0.0113287
v 0.199765 0.0900373 -0.00862989
v 0.200913 0.0900225 -0.00871558
v 0.206648 0.0843276 -0.010442
v 0.199676 0.0844318 -0.00993558
v 0.199624 0.0813238 -0.0106559
v 0.189792 0.0901049 -0.0079318
v 0.190777 0.0900899 -0.00800252
v 0.196469 0.0844488 -0.00970894
v 0.189701 0.0845581 -0.00921748
v 0.18965 0.0812517 -0.00998499
v 0.179818 0.0901707 -0.00723539
v 0.180641 0.0901561 -0.00729334
v 0.186286 0.0845762 -0.0089795
v 0.179729 0.0846878 -0.00850388
v 0.179672 0.0811782 -0.00931217
v 0.16984 0.0902248 -0.00654104
v 0.170514 0.0902134 -0.00659161
v 0.1761 0.0847024 -0.00825132
v 0.169755 0.0848135 -0.00778682
v 0.169696 0.0811033 -0.00864316
v 0.159867 0.0902475 -0.00585735
v 0.160416 0.0902377 -0.00589867
v 0.16592 0.0848205 -0.00752732
v 0.159784 0.0849315 -0.00707861
v 0.15972 0.0810267 -0.00797523
v 0.149891 0.0902125 -0.00518593
v 0.15037 0.0902033 -0.00521962
v 0.15576 0.0849159 -0.00681087
v 0.14981 0.0850217 -0.00637672
v 0.149746 0.0809484 -0.0073114
v 0.139917 0.0900929 -0.0045375
v 0.140411 0.0900848 -0.00457095
v 0.145642 0.084967 -0.00610812
v 0.139836 0.0850591 -0.00568737
v 0.139769 0.0808685 -0.006646
v 0.129936 0.0898613 -0.00391448
v 0.130567 0.0898532 -0.0039589
v 0.135587 0.084952 -0.00542552
v 0.129861 0.0850212 -0.00501869
v 0.129795 0.0807867 -0.00598483
v 0.119956 0.0894888 -0.00332416
v 0.120863 0.0894834 -0.00338783
v 0.125627 0.0848458 -0.00477319
v 0.119887 0.0848735 -0.00437597
v 0.119821 0.080703 -0.00532521
v 0.109976 0.0889634 -0.00277049
v 0.111305 0.0889707 -0.00285943
v 0.11578 0.0846264 -0.00415442
v 0.109909 0.0845982 -0.0037615
v 0.109848 0.0806173 -0.00466718
v 0.0999938 0.0882997 -0.00225007
v 0.10187 0.0883401 -0.00236863
v 0.106042 0.0843001 -0.00356938
v 0.0999311 0.0841751 -0.00318348
v 0.0998749 0.0805295 -0.00401093
v 0.0900104 0.0875281 -0.00175558
v 0.0925275 0.0876201 -0.00190305
v 0.0964279 0.0838563 -0.00302196
v 0.0899495 0.0836222 -0.00263725
v 0.0898998 0.0804395 -0.00335361
v 0.0800257 0.0867168 -0.00126841
v 0.083193 0.0868965 -0.00144152
v 0.0868887 0.0833375 -0.00249438
v 0.0799656 0.0829468 -0.00211663
v 0.0799285 0.0803472 -0.00270115
v 0.0700975 0.0897119 7.12894e-05
v 0.0701671 0.0897156 6.84091e-05
v 0.0737985 0.0862304 -0.000961613
v 0.0700418 0.0859845 -0.000764231
v 0.0774299 0.082747 -0.00199368
v 0.0699868 0.0822585 -0.00160201
v 0.0699566 0.080256 -0.00205237
v 0.0601245 0.0895227 0.000694934
v 0.0602607 0.0895321 0.000686098
v 0.0640803 0.0858776 -0.000392714
v 0.0600672 0.0856296 -0.000178375
v 0.0679017 0.0822216 -0.00147192
v 0.0600081 0.0817374 -0.0010509
v 0.059983 0.0801622 -0.00140294
v 0.0501022 0.086164 0.000608572
v 0.0536846 0.0861679 0.000368197
v 0.0581697 0.0818915 -0.000893034
v 0.0500386 0.0818876 -0.000350175
v 0.0500106 0.0800659 -0.000755866
v 0.0401809 0.0893568 0.00198152
v 0.0402502 0.0893442 0.00197437
v 0.0470964 0.082837 5.85322e-05
v 0.0401018 0.084108 0.000809918
v 0.0400397 0.0799668 -0.000111336
v 0.0300713 0.079868 0.0005258
v 0.0376299 0.0799448 4.02155e-05
v 0.0301307 0.0839146 0.00142851
v 0.0201012 0.079766 0.00116272
v 0.0222893 0.079791 0.00102268
v 0.0201294 0.0817333 0.00159862
v 0.0202047 0.0869549 0.00276043
v 0.0281096 0.07985 0.000650909
v 0.0101302 0.0796637 0.00179441
v 0.0183985 0.0891293 0.00336138
v 0.0140284 0.0890717 0.00363305
v 0.00923675 0.0805769 0.00163716
v 0.00596202 0.0798113 0.00105627
v 3.64549e-06 0.0800224 -1.20419e-06
v 4.76757e-06 0.0809944 -7.31765e-07
v 0.0071869 0.0826766 0.00127136
v 2.56894e-06 0.0835729 1.43528e-06
v 0.00513384 0.0847766 0.000908469
v 2.97046e-06 0.0861527 -1.31962e-07
v 0.00308507 0.0868736 0.000544254
v 4.72238e-06 0.0887302 -7.89142e-07
v 0.0010331 0.0889709 0.000182953
v 0.00114813 0.0899124 0.000432538
v 0.00343133 0.0896894 0.00129057
v 0.00571021 0.0894679 0.00215154
v 0.00799217 0.0892443 0.00301116
v 0.0102641 0.088939 0.00384869
v 0.987629 0.0777432 -0.0680183
v 0.989835 0.0775021 -0.0684499
v 0.997412 0.0700013 -0.0710057
v 0.987533 0.0699727 -0.0692453
v 0.977574 0.0700426 -0.0684678
v 0.967697 0.0768545 -0.0666184
v 0.97141 0.0761948 -0.0670093
v 0.967615 0.0701127 -0.0676962
v 0.957729 0.076361 -0.0659366
v 0.961971 0.0757612 -0.0663545
v 0.957653 0.0701803 -0.0669245
v 0.947783 0.0777195 -0.0649586
v 0.950835 0.0770266 -0.0653027
v 0.947691 0.0702484 -0.0661585
v 0.937823 0.0780453 -0.0641485
v 0.94022 0.0777709 -0.0643741
v 0.941851 0.0702857 -0.06571
v 0.937734 0.0707571 -0.0653223
v 0.937729 0.0703141 -0.0653948
v 0.927853 0.0775514 -0.0634753
v 0.930586 0.0775275 -0.0636842
v 0.937318 0.0707276 -0.0652954
v 0.927769 0.0708096 -0.0645627
v 0.927766 0.0703802 -0.0646347
v 0.927378 0.0707713 -0.0645401
v 0.920902 0.0704228 -0.064111
v 0.917801 0.0704438 -0.0638746
v 0.917879 0.0767298 -0.0628568
v 0.921313 0.0769152 -0.0630856
v 0.907902 0.0758593 -0.0622488
v 0.912131 0.0762025 -0.0625102
v 0.907835 0.0705077 -0.0631183
v 0.897924 0.0750117 -0.0616388
v 0.902953 0.0754783 -0.0619388
v 0.897871 0.0705689 -0.0623647
v 0.887948 0.0741897 -0.0610308
v 0.893771 0.0747518 -0.0613699
v 0.887902 0.0706303 -0.0616103
v 0.878056 0.0803728 -0.0592736
v 0.878354 0.080403 -0.059292
v 0.884593 0.0740166 -0.0608062
v 0.877971 0.0733681 -0.0604217
v 0.877938 0.0706888 -0.0608612
v 0.868081 0.079893 -0.0586103
v 0.868889 0.0799698 -0.0586558
v 0.875432 0.0732577 -0.0602497
v 0.867992 0.0725336 -0.059819
v 0.867969 0.0707472 -0.0601117
v 0.858107 0.0794279 -0.0579454
v 0.859408 0.079551 -0.05802
v 0.866296 0.0724657 -0.0597017
v 0.858013 0.071671 -0.0592215
v 0.858001 0.0708026 -0.059363
v 0.857186 0.0716431 -0.059164
v 0.848783 0.0708544 -0.0586743
v 0.848031 0.0708605 -0.0586179
v 0.848132 0.0789627 -0.0572821
v 0.849923 0.0791313 -0.0573867
v 0.838155 0.0784905 -0.0566207
v 0.840445 0.0786989 -0.056756
v 0.838065 0.0709124 -0.0578748
v 0.828179 0.0780033 -0.0559659
v 0.830977 0.0782503 -0.0561295
v 0.828092 0.0709664 -0.0571309
v 0.818202 0.0774974 -0.0553124
v 0.821522 0.0777851 -0.05551
v 0.818124 0.0710171 -0.0563906
v 0.808223 0.0769816 -0.0546662
v 0.812079 0.0773006 -0.0548937
v 0.808152 0.0710698 -0.0556522
v 0.798246 0.0764473 -0.0540233
v 0.802649 0.0768022 -0.0542858
v 0.798179 0.0711188 -0.054913
v 0.788266 0.0759005 -0.0533837
v 0.793227 0.0762897 -0.0536816
v 0.788209 0.071164 -0.0541754
v 0.778285 0.0753433 -0.052745
v 0.78381 0.0757634 -0.0530783
v 0.778236 0.071211 -0.0534402
v 0.768306 0.0747829 -0.0521111
v 0.774397 0.0752321 -0.0524799
v 0.768263 0.0712567 -0.0527059
v 0.758326 0.0742193 -0.0514792
v 0.764988 0.0746928 -0.0518849
v 0.75829 0.0712982 -0.0519713
v 0.748344 0.0736518 -0.0508505
v 0.755581 0.0741456 -0.051291
v 0.748315 0.0713412 -0.0512394
v 0.738361 0.0730688 -0.0502212
v 0.746175 0.0735931 -0.0506998
v 0.738342 0.0713798 -0.0505075
v 0.728379 0.0724723 -0.0495986
v 0.73678 0.073026 -0.0501128
v 0.728365 0.0714196 -0.0497761
v 0.718396 0.071866 -0.0489805
v 0.727393 0.0724469 -0.0495314
v 0.718391 0.0714576 -0.0490488
v 0.718015 0.0718533 -0.0489516
v 0.712057 0.0714799 -0.0485855
v 0.708415 0.0714936 -0.0483209
v 0.698438 0.0715277 -0.0475925
v 0.688463 0.0715597 -0.0468661
v 0.678488 0.0715894 -0.0461421
v 0.66851 0.0716197 -0.0454168
v 0.658533 0.0716475 -0.0446941
v 0.648557 0.0716727 -0.0439715
v 0.638579 0.0716981 -0.0432507
v 0.628601 0.0717207 -0.0425302
v 0.618622 0.0717404 -0.0418078
v 0.608645 0.07176 -0.04109
v 0.598665 0.0717794 -0.0403721
v 0.588686 0.0717955 -0.039655
v 0.578709 0.0718082 -0.038939
v 0.56873 0.0718204 -0.0382231
v 0.55875 0.071832 -0.0375075
v 0.548772 0.0718398 -0.0367933
v 0.538791 0.0718498 -0.0360811
v 0.52881 0.0718559 -0.035368
v 0.518833 0.0718578 -0.0346568
v 0.508851 0.0718617 -0.0339453
v 0.498873 0.0718613 -0.033236
v 0.488894 0.0718594 -0.0325278
v 0.478913 0.0718562 -0.0318181
v 0.468931 0.0718544 -0.0311114
v 0.458951 0.0718479 -0.0304046
v 0.448972 0.0718397 -0.0296994
v 0.438992 0.0718296 -0.0289933
v 0.429013 0.0718175 -0.028289
v 0.419035 0.0718033 -0.0275867
v 0.409052 0.0717901 -0.0268827
v 0.399074 0.0717746 -0.0261836
v 0.389092 0.0717567 -0.0254814
v 0.379113 0.0717364 -0.0247817
v 0.369135 0.0717135 -0.0240818
v 0.359154 0.0716911 -0.0233835
v 0.349175 0.0716659 -0.0226853
v 0.339197 0.071641 -0.0219916
v 0.329217 0.0716132 -0.0212954
v 0.319238 0.0715823 -0.0205997
v 0.309259 0.0715514 -0.0199061
v 0.29928 0.0715204 -0.0192147
v 0.289303 0.0714861 -0.0185241
v 0.279324 0.0714484 -0.0178316
v 0.286997 0.0714753 -0.0183621
v 0.27933 0.0719487 -0.017748
v 0.269361 0.0725671 -0.0169493
v 0.278834 0.0719625 -0.0177116
v 0.269347 0.0714103 -0.0171417
v 0.259391 0.0731816 -0.0161518
v 0.268207 0.0726008 -0.0168622
v 0.25937 0.0713718 -0.0164545
v 0.249421 0.0737876 -0.0153553
v 0.257581 0.0732371 -0.0160174
v 0.249391 0.0713328 -0.0157673
v 0.239451 0.0743874 -0.0145651
v 0.246957 0.0738644 -0.015172
v 0.239415 0.0712899 -0.0150815
v 0.229482 0.0749744 -0.0137752
v 0.236339 0.0744822 -0.0143317
v 0.229438 0.0712464 -0.0143958
v 0.219511 0.0755606 -0.0129883
v 0.22572 0.0750973 -0.0134941
v 0.21946 0.0712021 -0.0137105
v 0.209541 0.0761427 -0.0122027
v 0.2151 0.0757099 -0.0126588
v 0.209483 0.0711569 -0.0130286
v 0.199573 0.0767165 -0.0114177
v 0.204477 0.0763197 -0.0118234
v 0.199508 0.0711107 -0.01235
v 0.189604 0.0772831 -0.01064
v 0.193856 0.0769228 -0.0109924
v 0.189532 0.0710602 -0.0116677
v 0.179633 0.0778337 -0.00986558
v 0.183249 0.0775089 -0.0101674
v 0.179556 0.0710118 -0.0109906
v 0.169666 0.0783616 -0.00909439
v 0.172651 0.0780808 -0.00934719
v 0.169582 0.070959 -0.0103128
v 0.159697 0.0788666 -0.00833119
v 0.16207 0.0786313 -0.00853508
v 0.159605 0.070908 -0.00963767
v 0.149727 0.0793255 -0.00757749
v 0.151527 0.0791358 -0.00773231
v 0.157997 0.0708986 -0.00952828
v 0.149644 0.0717746 -0.00881256
v 0.149631 0.0708524 -0.00896207
v 0.139758 0.0797096 -0.00683489
v 0.141049 0.0795687 -0.0069468
v 0.148698 0.0718016 -0.00874362
v 0.139679 0.0727952 -0.00796418
v 0.139658 0.0707985 -0.00829224
v 0.129788 0.0800003 -0.00611268
v 0.13067 0.0799016 -0.00619008
v 0.137643 0.0728377 -0.00781944
v 0.129715 0.0737294 -0.00713309
v 0.129684 0.0707398 -0.00761921
v 0.119816 0.0801626 -0.00541352
v 0.120423 0.0800944 -0.00546428
v 0.126697 0.073757 -0.00692359
v 0.119753 0.0745332 -0.0063241
v 0.11971 0.0706825 -0.00694943
v 0.109843 0.0801773 -0.00473882
v 0.110336 0.0801256 -0.00478046
v 0.115902 0.0745195 -0.00606956
v 0.109786 0.0751611 -0.00554802
v 0.109738 0.0706236 -0.00628405
v 0.0998675 0.080014 -0.00409113
v 0.100439 0.0799624 -0.00414014
v 0.105321 0.0750604 -0.00526611
v 0.099818 0.0755648 -0.00481098
v 0.105382 0.0705986 -0.00599235
v 0.099772 0.0711116 -0.00553045
v 0.0997654 0.0705628 -0.00561754
v 0.0898926 0.0796993 -0.00347559
v 0.0906932 0.0796468 -0.00353719
v 0.094966 0.0753684 -0.00451716
v 0.0898496 0.0756998 -0.00411703
v 0.0992395 0.0710915 -0.0054991
v 0.0898059 0.0717045 -0.00476175
v 0.0897918 0.0705032 -0.00495455
v 0.0799156 0.0792105 -0.00288602
v 0.081103 0.0791749 -0.00296968
v 0.0848805 0.0754068 -0.00383427
v 0.0798764 0.0755515 -0.00347208
v 0.0886567 0.0716372 -0.0046962
v 0.0798373 0.0718943 -0.00406016
v 0.0798195 0.0704416 -0.00429355
v 0.0699382 0.078633 -0.0023094
v 0.071552 0.0786676 -0.00241389
v 0.0750009 0.0752357 -0.00319755
v 0.0699006 0.0751301 -0.00287423
v 0.0784496 0.0718059 -0.00398309
v 0.0698634 0.0716226 -0.00343491
v 0.0698486 0.0703778 -0.00363464
v 0.0599604 0.078045 -0.0017388
v 0.0619722 0.078189 -0.00185264
v 0.0653164 0.0748719 -0.00260856
v 0.0599226 0.0744931 -0.0023079
v 0.0686619 0.0715537 -0.00336469
v 0.0598864 0.0709397 -0.00287744
v 0.0598793 0.0703117 -0.00297797
v 0.0592424 0.0709395 -0.00283342
v 0.0506035 0.0702515 -0.00237023
v 0.049907 0.0702465 -0.00232251
v 0.049948 0.0740291 -0.00171928
v 0.0556582 0.0744836 -0.00202722
v 0.0499887 0.077864 -0.00110881
v 0.0520709 0.0780298 -0.00121997
v 0.0400288 0.0789842 -0.000268576
v 0.0409911 0.0790304 -0.000325014
v 0.0454801 0.0746089 -0.00133153
v 0.0399814 0.074332 -0.00100944
v 0.0399364 0.0701786 -0.00166964
v 0.0300481 0.0778403 0.000205268
v 0.0327734 0.077214 -7.5342e-05
v 0.0372046 0.0701614 -0.00149261
v 0.0299844 0.0718196 -0.000752431
v 0.0299688 0.0701114 -0.00102422
v 0.0199999 0.070041 -0.000378935
v 0.0222899 0.0700589 -0.000526933
v 0.020023 0.0725283 1.4962e-05
v 0.0172869 0.0726868 0.000217668
v 0.0141769 0.0700024 -5.74727e-06
v 0.010028 0.0699708 0.000264241
v 0.00424847 0.075768 0.000109259
v 0.000532399 0.0700163 1.39189e-05
v 4.89842e-06 0.0700172 -8.48257e-07
v 0.987461 0.0600462 -0.0701909
v 0.997413 0.0599948 -0.070994
v 0.977502 0.0600824 -0.0694206
v 0.967541 0.060119 -0.0686538
v 0.957578 0.0601534 -0.0678889
v 0.957703 0.0601516 -0.0678991
v 0.95758 0.0602932 -0.0678772
v 0.947678 0.0682781 -0.0663482
v 0.95704 0.0607029 -0.0677948
v 0.947616 0.0601883 -0.0671297
v 0.937655 0.0602211 -0.0663724
v 0.92769 0.0602545 -0.0656162
v 0.917799 0.0700422 -0.0639129
v 0.918186 0.0700476 -0.0639426
v 0.917725 0.0602883 -0.0648635
v 0.907821 0.0683383 -0.0633308
v 0.909716 0.0685633 -0.0634498
v 0.90776 0.0603199 -0.064113
v 0.89784 0.0664658 -0.0627669
v 0.901249 0.0670681 -0.0629625
v 0.897794 0.0603517 -0.063364
v 0.887859 0.0644534 -0.0622176
v 0.892838 0.065503 -0.0624861
v 0.887828 0.0603838 -0.0626188
v 0.877874 0.0623048 -0.061686
v 0.884525 0.0638252 -0.0620314
v 0.87786 0.0604133 -0.0618716
v 0.876323 0.0620189 -0.0615978
v 0.869641 0.0604372 -0.061259
v 0.867893 0.0604429 -0.0611286
v 0.857925 0.0604725 -0.0603874
v 0.848031 0.0707163 -0.0586313
v 0.848143 0.0707434 -0.058638
v 0.847953 0.0605019 -0.059646
v 0.838049 0.0689403 -0.0580706
v 0.839601 0.0692953 -0.0581502
v 0.837986 0.0605283 -0.0589078
v 0.828064 0.0671356 -0.0575132
v 0.831091 0.0678035 -0.0576698
v 0.828015 0.0605571 -0.0581709
v 0.81808 0.0653069 -0.0569607
v 0.822608 0.0662734 -0.0571971
v 0.818045 0.0605828 -0.0574351
v 0.808093 0.0634651 -0.0564123
v 0.814153 0.064708 -0.0567332
v 0.808074 0.0606079 -0.0566996
v 0.798109 0.0616054 -0.0558669
v 0.805715 0.063113 -0.0562732
v 0.798101 0.0606323 -0.0559643
v 0.797296 0.0614914 -0.0558207
v 0.792883 0.0606464 -0.0555816
v 0.78813 0.060656 -0.0552321
v 0.778156 0.0606817 -0.0545018
v 0.768184 0.0607036 -0.053771
v 0.758211 0.0607243 -0.053041
v 0.748236 0.0607468 -0.0523135
v 0.73826 0.060768 -0.0515847
v 0.728286 0.0607877 -0.0508597
v 0.718311 0.060806 -0.0501337
v 0.708412 0.0710541 -0.0483661
v 0.708773 0.0711077 -0.0483866
v 0.708335 0.0608226 -0.0494068
v 0.698428 0.0699202 -0.0477584
v 0.699748 0.0701114 -0.0478331
v 0.698359 0.0608404 -0.0486831
v 0.688442 0.0688091 -0.0471468
v 0.690711 0.0691259 -0.0472802
v 0.688385 0.0608563 -0.0479614
v 0.678458 0.0677238 -0.0465381
v 0.681659 0.0681485 -0.0467238
v 0.678406 0.0608731 -0.0472381
v 0.668472 0.0666659 -0.0459235
v 0.672594 0.0671851 -0.0461695
v 0.668429 0.0608879 -0.0465169
v 0.658487 0.0656342 -0.0453095
v 0.663516 0.06623 -0.0456117
v 0.658452 0.0609035 -0.045797
v 0.648504 0.0646193 -0.0446971
v 0.654422 0.0652892 -0.0450535
v 0.648474 0.0609167 -0.0450771
v 0.638518 0.063631 -0.0440806
v 0.64531 0.0643628 -0.0444922
v 0.638497 0.0609275 -0.0443572
v 0.628532 0.062675 -0.0434588
v 0.636179 0.0634546 -0.0439286
v 0.62852 0.0609387 -0.0436389
v 0.618548 0.0617451 -0.0428391
v 0.627029 0.0625678 -0.0433643
v 0.61854 0.0609502 -0.0429199
v 0.617854 0.0616992 -0.0427929
v 0.609674 0.0609592 -0.0422845
v 0.608564 0.060959 -0.0422039
v 0.598585 0.0609679 -0.0414875
v 0.588605 0.0609767 -0.0407707
v 0.578627 0.0609825 -0.0400547
v 0.568648 0.0609911 -0.0393428
v 0.558669 0.0609963 -0.0386293
v 0.54869 0.0610012 -0.037916
v 0.538711 0.0610024 -0.0372016
v 0.52873 0.0610061 -0.036489
v 0.518751 0.061009 -0.0357796
v 0.508771 0.0610081 -0.0350667
v 0.498792 0.0610093 -0.0343588
v 0.488811 0.0610094 -0.0336492
v 0.478831 0.0610084 -0.0329406
v 0.468853 0.0610031 -0.0322317
v 0.458871 0.0610025 -0.0315244
v 0.448891 0.0609975 -0.0308171
v 0.438914 0.0609908 -0.0301114
v 0.428933 0.0609856 -0.0294062
v 0.418953 0.0609787 -0.0287
v 0.408974 0.0609699 -0.0279959
v 0.398994 0.0609623 -0.0272926
v 0.389014 0.0609526 -0.0265889
v 0.379035 0.0609439 -0.025889
v 0.387113 0.0609529 -0.026457
v 0.37904 0.0616665 -0.0258146
v 0.369068 0.0626018 -0.0250164
v 0.378322 0.0617187 -0.0257585
v 0.369054 0.0609329 -0.0251861
v 0.359097 0.0635742 -0.0242145
v 0.367401 0.0627305 -0.0248857
v 0.359077 0.0609196 -0.0244857
v 0.349125 0.0645825 -0.0234107
v 0.356426 0.0637976 -0.0240046
v 0.349096 0.060907 -0.0237842
v 0.339153 0.0656229 -0.022604
v 0.345401 0.0649135 -0.0231153
v 0.339118 0.0608949 -0.023087
v 0.329182 0.0666951 -0.021795
v 0.334328 0.0660782 -0.022218
v 0.329138 0.0608802 -0.0223872
v 0.319209 0.0677979 -0.0209851
v 0.323207 0.0672916 -0.0213159
v 0.319162 0.0608628 -0.0216905
v 0.30924 0.0689185 -0.0201756
v 0.312044 0.0685469 -0.0204092
v 0.309183 0.0608489 -0.0209947
v 0.299272 0.0700522 -0.0193639
v 0.300843 0.069834 -0.019494
v 0.299203 0.060832 -0.0202966
v 0.289302 0.0712018 -0.0185521
v 0.289607 0.0711593 -0.0185792
v 0.289226 0.0608152 -0.0196035
v 0.279249 0.0607953 -0.0189084
v 0.26927 0.0607754 -0.018213
v 0.259293 0.0607553 -0.0175202
v 0.249317 0.060735 -0.0168301
v 0.23934 0.0607144 -0.0161401
v 0.229362 0.0606934 -0.0154503
v 0.219388 0.0606686 -0.0147619
v 0.209411 0.0606464 -0.0140756
v 0.199435 0.0606236 -0.0133897
v 0.207958 0.0606421 -0.0139754
v 0.199446 0.0623516 -0.013217
v 0.189485 0.0643817 -0.0123294
v 0.197478 0.0626854 -0.0130491
v 0.189459 0.0605967 -0.0127029
v 0.179525 0.0664279 -0.0114417
v 0.185112 0.0651691 -0.0119515
v 0.179485 0.0605723 -0.0120213
v 0.169564 0.0684891 -0.0105552
v 0.172646 0.0677453 -0.0108421
v 0.169508 0.0605468 -0.0113377
v 0.159604 0.0705505 -0.0096727
v 0.16006 0.0704314 -0.00971459
v 0.159535 0.0605203 -0.010658
v 0.149562 0.0604926 -0.00997935
v 0.139587 0.0604636 -0.00929908
v 0.143789 0.0604755 -0.00958563
v 0.139596 0.0617373 -0.00917668
v 0.129643 0.0647736 -0.00820208
v 0.138002 0.0621079 -0.00903013
v 0.129615 0.0604333 -0.008623
v 0.119689 0.0675243 -0.00725626
v 0.124197 0.06604 -0.00770841
v 0.119643 0.0604047 -0.00795012
v 0.109733 0.0698008 -0.00636334
v 0.11091 0.0694142 -0.00648051
v 0.112119 0.0603815 -0.00744031
v 0.109676 0.0611865 -0.00719922
v 0.10967 0.0603747 -0.00727594
v 0.0997208 0.0641518 -0.00623754
v 0.108708 0.0613638 -0.007115
v 0.0996975 0.0603429 -0.00660349
v 0.0897655 0.0661774 -0.00537219
v 0.0954727 0.0646782 -0.00590188
v 0.089725 0.0603127 -0.00593457
v 0.0798007 0.0671371 -0.00461164
v 0.0836672 0.0665072 -0.00493111
v 0.0880156 0.0603093 -0.00582135
v 0.0797638 0.0616556 -0.00513932
v 0.0797542 0.0602806 -0.00526769
v 0.0698258 0.0668307 -0.00397497
v 0.0732186 0.0669423 -0.00418968
v 0.0784446 0.0616167 -0.00505309
v 0.0697901 0.0613249 -0.00449987
v 0.0697835 0.0602499 -0.00460464
v 0.0688242 0.0612255 -0.00444817
v 0.065528 0.0602358 -0.00432179
v 0.0598146 0.0602169 -0.00394395
v 0.059843 0.0649875 -0.00348604
v 0.0639169 0.0662093 -0.0036407
v 0.0499058 0.0701219 -0.00233516
v 0.0499807 0.0701719 -0.00233476
v 0.0556403 0.0644427 -0.00326118
v 0.0498461 0.0606437 -0.00324083
v 0.0498431 0.0601851 -0.00328447
v 0.0494293 0.0606012 -0.00321542
v 0.0490885 0.0601805 -0.00323353
v 0.0398738 0.0601509 -0.00262759
v 0.0399236 0.068106 -0.00186941
v 0.0408538 0.0692549 -0.00182074
v 0.0299066 0.0601141 -0.00197356
v 0.0199768 0.0663747 -0.00072666
v 0.0220941 0.0679409 -0.000714704
v 0.0199351 0.0600813 -0.00132303
v 0.00996604 0.0600456 -0.000675658
v 0.0150419 0.060063 -0.0010045
v 0.0100109 0.0671376 -7.52578e-06
v 4.26289e-06 0.069754 -2.06364e-07
v 0.000334302 0.0696869 -2.27746e-05
v 0.00730983 0.0627057 -0.000496843
v 2.11927e-06 0.0641942 -1.10431e-06
v 1.55263e-06 0.060016 1.61025e-07
v 0.997414 0.0499874 -0.0709896
v 0.993715 0.0537275 -0.0706937
v 0.991905 0.0499946 -0.070729
v 0.987436 0.0500013 -0.0705168
v 0.997414 0.0580001 -0.0709932
v 0.977475 0.0500009 -0.0697461
v 0.967516 0.0500011 -0.0689833
v 0.957705 0.0600257 -0.0679047
v 0.959272 0.0500028 -0.0683537
v 0.957553 0.0500017 -0.0682213
v 0.947591 0.0500032 -0.0674648
v 0.937627 0.0500027 -0.0667077
v 0.927663 0.0500028 -0.0659538
v 0.917698 0.0500036 -0.0652033
v 0.907733 0.050005 -0.0644562
v 0.897768 0.0500042 -0.0637089
v 0.887801 0.0500037 -0.0629631
v 0.877833 0.0500037 -0.0622186
v 0.86789 0.0590361 -0.0611763
v 0.868638 0.0596609 -0.0612111
v 0.867867 0.0500038 -0.0614782
v 0.857899 0.0510345 -0.0607034
v 0.862911 0.0552203 -0.0609331
v 0.857897 0.0500041 -0.0607371
v 0.857328 0.0506061 -0.0606751
v 0.856594 0.0500045 -0.0606402
v 0.847928 0.0500045 -0.059998
v 0.837958 0.0500048 -0.0592608
v 0.827988 0.050005 -0.0585259
v 0.818017 0.0500049 -0.0577908
v 0.808045 0.0500045 -0.0570557
v 0.798072 0.0500065 -0.0563246
v 0.788122 0.0577176 -0.0553317
v 0.789832 0.0588342 -0.0554204
v 0.7881 0.0500052 -0.0555925
v 0.778133 0.0516938 -0.0548072
v 0.783423 0.0550266 -0.0550791
v 0.778129 0.050006 -0.0548646
v 0.777093 0.0511172 -0.0547481
v 0.77527 0.0500058 -0.0546538
v 0.768155 0.0500061 -0.0541348
v 0.758181 0.0500054 -0.0534058
v 0.748206 0.0500065 -0.052679
v 0.738233 0.0500037 -0.0519518
v 0.728259 0.0500056 -0.0512286
v 0.718283 0.0500061 -0.0505042
v 0.708306 0.0500052 -0.0497788
v 0.69833 0.0500058 -0.0490562
v 0.688353 0.0500048 -0.048333
v 0.678378 0.050005 -0.047613
v 0.668402 0.0500033 -0.0468924
v 0.658424 0.0500027 -0.0461704
v 0.648447 0.0500029 -0.0454522
v 0.63847 0.050004 -0.0447353
v 0.628491 0.0500028 -0.0440158
v 0.618513 0.0500022 -0.0432979
v 0.608562 0.0606456 -0.0422157
v 0.608787 0.0607122 -0.0422279
v 0.608535 0.050002 -0.0425818
v 0.598576 0.0580777 -0.0415851
v 0.600683 0.0586551 -0.0417175
v 0.598555 0.0500023 -0.041865
v 0.588593 0.0557224 -0.0409525
v 0.592491 0.0566891 -0.0411971
v 0.588576 0.0500028 -0.0411503
v 0.578608 0.0535913 -0.0403103
v 0.584203 0.0548306 -0.0406705
v 0.578598 0.0500006 -0.0404336
v 0.568623 0.0516942 -0.0396628
v 0.575799 0.0530909 -0.0401256
v 0.568619 0.0500014 -0.0397208
v 0.55864 0.0500482 -0.0390066
v 0.567274 0.0514864 -0.0395718
v 0.558639 0.0500022 -0.0390077
v 0.558602 0.050044 -0.0390037
v 0.558303 0.0500005 -0.0389839
v 0.548661 0.0499998 -0.0382932
v 0.53868 0.0500003 -0.0375803
v 0.528702 0.0500003 -0.0368702
v 0.518722 0.05 -0.0361579
v 0.508741 0.0499992 -0.0354461
v 0.498765 0.0499976 -0.0347376
v 0.488782 0.0499984 -0.0340261
v 0.478803 0.0499984 -0.0333182
v 0.468823 0.0499974 -0.0326085
v 0.458843 0.0499984 -0.0319016
v 0.448864 0.0499983 -0.031196
v 0.438883 0.049997 -0.0304864
v 0.428905 0.0499974 -0.0297826
v 0.436743 0.0499977 -0.0303375
v 0.428908 0.0513418 -0.0297366
v 0.418932 0.0532828 -0.0289631
v 0.427439 0.0516151 -0.0296234
v 0.418924 0.0499963 -0.0290751
v 0.408958 0.055433 -0.0281846
v 0.415252 0.0540466 -0.0286769
v 0.408944 0.0499968 -0.028371
v 0.398985 0.0578072 -0.0273987
v 0.402684 0.0568968 -0.0276938
v 0.398965 0.0499957 -0.0276661
v 0.389012 0.0604085 -0.0266077
v 0.389672 0.0602278 -0.0266606
v 0.388985 0.0499959 -0.0269621
v 0.379008 0.0499942 -0.0262603
v 0.369028 0.0499938 -0.0255569
v 0.359048 0.0499944 -0.0248548
v 0.349072 0.0499929 -0.0241553
v 0.339091 0.0499955 -0.0234561
v 0.329112 0.0499924 -0.0227527
v 0.319134 0.0499934 -0.0220554
v 0.309154 0.0499949 -0.0213573
v 0.299176 0.0499938 -0.0206596
v 0.2892 0.0499931 -0.0199641
v 0.279222 0.0499927 -0.0192681
v 0.269243 0.0499926 -0.0185718
v 0.259266 0.0499927 -0.0178779
v 0.249291 0.0499928 -0.0171868
v 0.239312 0.0499928 -0.0164928
v 0.229336 0.0499928 -0.0158017
v 0.219362 0.0499925 -0.0151137
v 0.224312 0.049992 -0.0154545
v 0.21937 0.0531389 -0.0150095
v 0.209409 0.0596488 -0.0141081
v 0.211879 0.0580028 -0.0143317
v 0.209385 0.0499919 -0.0144232
v 0.199412 0.0499908 -0.013736
v 0.189434 0.0499926 -0.0130482
v 0.179459 0.0499937 -0.0123639
v 0.169485 0.0499941 -0.0116805
v 0.159512 0.0499937 -0.0109981
v 0.149537 0.0499923 -0.010314
v 0.15377 0.0499914 -0.0106028
v 0.149546 0.054234 -0.0101795
v 0.139564 0.0499933 -0.00963557
v 0.129592 0.0499931 -0.00895846
v 0.119619 0.0499917 -0.00827998
v 0.120764 0.0499943 -0.00835917
v 0.119623 0.0513475 -0.00823719
v 0.109646 0.0499923 -0.0076048
v 0.0996735 0.0499948 -0.00693303
v 0.0999705 0.0499932 -0.00695266
v 0.0996766 0.0503154 -0.00692241
v 0.089723 0.0594739 -0.00596096
v 0.0973844 0.0523692 -0.00670362
v 0.0897041 0.0499924 -0.00626149
v 0.0797305 0.049995 -0.00559246
v 0.069762 0.0499959 -0.00492852
v 0.0598032 0.0552867 -0.00409771
v 0.0619915 0.0579788 -0.00415805
v 0.0597898 0.0499947 -0.00426113
v 0.0575167 0.052324 -0.00403825
v 0.0568969 0.0499955 -0.00407091
v 0.0498213 0.0499949 -0.00360085
v 0.0463915 0.0534977 -0.00326624
v 0.0461634 0.0499956 -0.00336058
v 0.0398506 0.0499963 -0.00294201
v 0.0298824 0.0499953 -0.00228601
v 0.0199151 0.0499952 -0.00163475
v 0.0134247 0.0565508 -0.001008
v 0.014054 0.0499969 -0.00125485
v 0.0099459 0.049996 -0.000985371
v 2.76513e-06 0.0500123 -7.9907e-07
v 0.00401595 0.0500067 -0.00039787
v 3.69501e-06 0.0557678 6.20392e-07
v 0.987457 0.0399551 -0.0702091
v 0.997413 0.0399822 -0.070994
v 0.997413 0.0415702 -0.070994
v 0.977499 0.0399186 -0.0694382
v 0.967537 0.0398852 -0.0686717
v 0.959275 0.0482563 -0.0682987
v 0.957965 0.0398524 -0.0679388
v 0.957576 0.0398499 -0.067907
v 0.947615 0.0398154 -0.0671475
v 0.93765 0.0397844 -0.0663901
v 0.927686 0.0397515 -0.0656345
v 0.917722 0.0397193 -0.0648819
v 0.907757 0.0396852 -0.064129
v 0.897792 0.0396544 -0.0633809
v 0.887825 0.0396242 -0.0626339
v 0.877858 0.0395944 -0.0618883
v 0.867889 0.0395651 -0.0611441
v 0.869308 0.03957 -0.0612499
v 0.867888 0.0407323 -0.0611821
v 0.857901 0.048944 -0.0607037
v 0.86255 0.0451454 -0.0609283
v 0.857921 0.0395361 -0.0604014
v 0.847952 0.0395073 -0.0596606
v 0.837983 0.0394814 -0.0589229
v 0.828013 0.0394527 -0.0581835
v 0.818042 0.0394268 -0.0574476
v 0.808069 0.0394036 -0.056713
v 0.798097 0.0393773 -0.055977
v 0.788125 0.0393535 -0.0552449
v 0.792065 0.0393616 -0.0555339
v 0.78812 0.0419082 -0.0553287
v 0.778132 0.0482309 -0.0548037
v 0.782139 0.0457322 -0.0550165
v 0.778153 0.0393292 -0.0545131
v 0.76818 0.0393072 -0.0537832
v 0.758205 0.0392846 -0.0530513
v 0.748232 0.0392641 -0.052324
v 0.738257 0.0392428 -0.0515951
v 0.728282 0.0392233 -0.0508686
v 0.718309 0.0392028 -0.0501432
v 0.708333 0.0391841 -0.049418
v 0.698357 0.0391669 -0.0486931
v 0.688378 0.0391513 -0.0479687
v 0.678403 0.0391342 -0.047246
v 0.668426 0.0391185 -0.0465241
v 0.65845 0.039104 -0.045803
v 0.648472 0.0390906 -0.0450831
v 0.638495 0.0390783 -0.0443643
v 0.628516 0.0390669 -0.0436442
v 0.618537 0.0390563 -0.0429256
v 0.608559 0.0390465 -0.0422087
v 0.59858 0.0390344 -0.0414894
v 0.607694 0.0390436 -0.0421447
v 0.598575 0.0414678 -0.0415748
v 0.588592 0.0439332 -0.0409418
v 0.595681 0.0422134 -0.0413914
v 0.588602 0.0390257 -0.0407735
v 0.578607 0.0461934 -0.0403034
v 0.582936 0.0452436 -0.0405832
v 0.578624 0.0390205 -0.0400612
v 0.568623 0.0482128 -0.0396605
v 0.570599 0.0478265 -0.0397864
v 0.568644 0.0390127 -0.0393443
v 0.558641 0.0499504 -0.0390055
v 0.558692 0.0499427 -0.0390075
v 0.558666 0.039005 -0.0386297
v 0.548687 0.0390006 -0.0379165
v 0.538707 0.0389961 -0.0372032
v 0.528727 0.0389947 -0.0364916
v 0.518748 0.03899 -0.0357787
v 0.508769 0.0389881 -0.0350677
v 0.498789 0.0389889 -0.0343587
v 0.488808 0.0389892 -0.0336478
v 0.478828 0.0389889 -0.0329376
v 0.468849 0.0389911 -0.0322299
v 0.458868 0.0389956 -0.0315221
v 0.448889 0.0389991 -0.0308154
v 0.438909 0.0390017 -0.0301074
v 0.428908 0.0486358 -0.0297339
v 0.429985 0.0488094 -0.029817
v 0.428931 0.0390064 -0.0294024
v 0.418932 0.0466808 -0.0289627
v 0.421514 0.0471525 -0.0291599
v 0.418949 0.039013 -0.0286952
v 0.408959 0.0445105 -0.0281817
v 0.413155 0.0453765 -0.028509
v 0.408969 0.0390214 -0.0279912
v 0.398982 0.0421288 -0.0273942
v 0.404898 0.0434873 -0.0278593
v 0.39899 0.0390284 -0.0272863
v 0.389011 0.0395414 -0.0266024
v 0.396738 0.0414974 -0.0272135
v 0.389012 0.0390371 -0.0265849
v 0.388651 0.039432 -0.0265725
v 0.387228 0.0390385 -0.0264573
v 0.379032 0.0390474 -0.0258819
v 0.369051 0.0390591 -0.0251799
v 0.359072 0.039069 -0.0244775
v 0.349094 0.0390802 -0.0237764
v 0.339114 0.0390958 -0.0230785
v 0.329137 0.0391093 -0.0223805
v 0.319158 0.0391237 -0.0216815
v 0.30918 0.0391392 -0.0209844
v 0.2992 0.0391554 -0.0202864
v 0.289223 0.0391723 -0.0195906
v 0.279247 0.0391898 -0.0188971
v 0.26927 0.0392078 -0.0182031
v 0.259291 0.0392295 -0.0175105
v 0.249315 0.0392483 -0.0168189
v 0.239338 0.0392706 -0.0161289
v 0.229361 0.039293 -0.0154389
v 0.219369 0.0468934 -0.0150074
v 0.221235 0.0479874 -0.0151738
v 0.219384 0.0393154 -0.0147492
v 0.209405 0.0404722 -0.014099
v 0.215048 0.043946 -0.014608
v 0.209411 0.0393378 -0.0140626
v 0.208774 0.0400153 -0.0140408
v 0.207737 0.0393425 -0.0139477
v 0.199433 0.0393633 -0.0133753
v 0.189459 0.0393885 -0.0126915
v 0.179483 0.0394134 -0.0120055
v 0.169509 0.0394411 -0.0113248
v 0.159533 0.0394683 -0.0106423
v 0.149545 0.0457923 -0.0101736
v 0.15168 0.0477378 -0.0103859
v 0.149561 0.0394948 -0.00996366
v 0.146737 0.0424608 -0.00987097
v 0.143702 0.0395126 -0.00956345
v 0.139587 0.0395238 -0.00928516
v 0.129614 0.039552 -0.00860797
v 0.119622 0.0486458 -0.00823628
v 0.120269 0.0493131 -0.00830126
v 0.119641 0.0395825 -0.00793397
v 0.115937 0.0434388 -0.00780983
v 0.112076 0.0396038 -0.00742157
v 0.109668 0.0396119 -0.00725872
v 0.0996759 0.0496709 -0.00692335
v 0.0998411 0.0498204 -0.00693826
v 0.0996976 0.0396436 -0.00658977
v 0.0897224 0.0404582 -0.00594385
v 0.0951914 0.0443081 -0.00644004
v 0.0897267 0.0396738 -0.00591992
v 0.0892676 0.0401471 -0.00590414
v 0.0881761 0.0396809 -0.00581722
v 0.0797536 0.0397061 -0.00525083
v 0.0697813 0.03974 -0.00458572
v 0.0598117 0.0397723 -0.00392297
v 0.0649319 0.0397547 -0.00426294
v 0.0598029 0.044366 -0.00407653
v 0.0498431 0.0398063 -0.00326442
v 0.0484715 0.0412055 -0.00322078
v 0.048511 0.0398126 -0.00317845
v 0.0398726 0.0398416 -0.0026074
v 0.0299033 0.0398781 -0.001955
v 0.0199341 0.0399125 -0.00130266
v 0.0158833 0.0440035 -0.00117559
v 0.0151176 0.0399295 -0.000991622
v 0.00996615 0.0399479 -0.00065528
v 1.74926e-06 0.044649 2.35464e-07
v 0.00346583 0.0465155 -0.000229502
v 3.70635e-06 0.0400096 -2.5979e-06
v 0.987528 0.0300288 -0.0692838
v 0.997412 0.0299769 -0.0710057
v 0.977569 0.0299569 -0.0685035
v 0.967608 0.0298911 -0.0677312
v 0.957581 0.0393901 -0.0678648
v 0.9579 0.0395293 -0.0679024
v 0.957647 0.0298233 -0.0669605
v 0.947676 0.0311981 -0.0663313
v 0.952896 0.0345555 -0.0670489
v 0.947684 0.0297562 -0.0661928
v 0.946781 0.03066 -0.0662116
v 0.94342 0.0297263 -0.0658653
v 0.937722 0.0296901 -0.065428
v 0.927759 0.0296247 -0.0646662
v 0.917794 0.029563 -0.0639089
v 0.919555 0.0295728 -0.0640417
v 0.917793 0.0297985 -0.0639295
v 0.907815 0.031549 -0.063348
v 0.917526 0.0298345 -0.0639152
v 0.90783 0.0294993 -0.063151
v 0.897836 0.0334393 -0.0627816
v 0.905367 0.0319905 -0.0632066
v 0.897862 0.0294391 -0.0623954
v 0.887854 0.035456 -0.0622296
v 0.892907 0.0344667 -0.0625119
v 0.887898 0.0293768 -0.0616419
v 0.87787 0.0376151 -0.0616958
v 0.880262 0.0371467 -0.0618286
v 0.877931 0.029318 -0.0608909
v 0.867963 0.0292596 -0.0601412
v 0.857995 0.0292045 -0.0593944
v 0.848026 0.0291497 -0.0586491
v 0.838056 0.0290952 -0.0579032
v 0.847384 0.0291452 -0.0585989
v 0.838044 0.0308233 -0.0580709
v 0.828061 0.0326466 -0.0575157
v 0.835946 0.0312716 -0.0579622
v 0.828087 0.0290409 -0.0571591
v 0.818077 0.0344908 -0.056961
v 0.823739 0.0335381 -0.0572854
v 0.818115 0.0289894 -0.0564161
v 0.808091 0.0363536 -0.0564091
v 0.811555 0.0357913 -0.0566112
v 0.808143 0.0289408 -0.0556765
v 0.798106 0.0382343 -0.0558656
v 0.799395 0.0380308 -0.0559398
v 0.798173 0.0288921 -0.0549393
v 0.788201 0.0288432 -0.0541996
v 0.77823 0.0287968 -0.053464
v 0.768255 0.0287529 -0.0527276
v 0.758284 0.0287085 -0.0519941
v 0.748309 0.0286664 -0.0512601
v 0.738335 0.0286265 -0.0505283
v 0.728358 0.0285887 -0.0497963
v 0.718386 0.02855 -0.0490677
v 0.708408 0.0285161 -0.0483382
v 0.709254 0.0285195 -0.0484006
v 0.708408 0.0286182 -0.0483485
v 0.698424 0.0297787 -0.0477428
v 0.708297 0.0286336 -0.0483425
v 0.698432 0.0284811 -0.0476099
v 0.688439 0.0309242 -0.0471336
v 0.697029 0.029971 -0.0476603
v 0.688456 0.0284479 -0.046882
v 0.678454 0.0320508 -0.0465271
v 0.685798 0.0312739 -0.046979
v 0.678481 0.0284162 -0.0461572
v 0.668469 0.0331482 -0.0459178
v 0.674613 0.0325327 -0.0462972
v 0.668503 0.0283861 -0.0454305
v 0.658485 0.0342119 -0.0453056
v 0.663481 0.0337408 -0.0456172
v 0.658526 0.0283604 -0.0447086
v 0.648499 0.0352409 -0.0446885
v 0.652401 0.0348976 -0.0449368
v 0.648548 0.0283331 -0.0439836
v 0.638514 0.0362343 -0.0440724
v 0.641375 0.0359994 -0.0442548
v 0.638573 0.028307 -0.0432622
v 0.628529 0.0371891 -0.0434506
v 0.630404 0.0370456 -0.0435715
v 0.628595 0.028285 -0.042541
v 0.618546 0.0381043 -0.0428286
v 0.619489 0.0380384 -0.0428911
v 0.618617 0.028264 -0.0418211
v 0.608561 0.0389747 -0.042202
v 0.608629 0.0389713 -0.0422058
v 0.608638 0.028244 -0.0411002
v 0.59866 0.0282249 -0.0403809
v 0.58868 0.0282095 -0.0396623
v 0.578701 0.0281947 -0.0389457
v 0.568723 0.0281805 -0.0382286
v 0.558743 0.0281698 -0.0375125
v 0.548765 0.0281594 -0.0367989
v 0.538784 0.0281523 -0.036084
v 0.528806 0.0281454 -0.0353718
v 0.518826 0.0281386 -0.0346571
v 0.508845 0.0281377 -0.0339458
v 0.498865 0.0281368 -0.0332349
v 0.488886 0.0281356 -0.0325246
v 0.478908 0.0281372 -0.0318165
v 0.468928 0.0281414 -0.0311082
v 0.458946 0.0281481 -0.0303997
v 0.448967 0.0281542 -0.0296923
v 0.438988 0.0281658 -0.0289893
v 0.429006 0.0281765 -0.0282823
v 0.419026 0.0281894 -0.0275784
v 0.409047 0.0282013 -0.0268735
v 0.399069 0.0282183 -0.0261734
v 0.389089 0.0282341 -0.0254699
v 0.379038 0.0383261 -0.0258071
v 0.379663 0.0383696 -0.0258564
v 0.379108 0.0282548 -0.0247689
v 0.369065 0.0374022 -0.0250097
v 0.370499 0.037503 -0.02512
v 0.36913 0.0282773 -0.0240716
v 0.359092 0.0364332 -0.0242068
v 0.361368 0.0366053 -0.024384
v 0.359151 0.0282982 -0.0233712
v 0.349121 0.035427 -0.0234024
v 0.352263 0.0356828 -0.0236488
v 0.349171 0.0283237 -0.0226738
v 0.339149 0.0343874 -0.0225946
v 0.343185 0.0347352 -0.0229144
v 0.339191 0.0283476 -0.0219734
v 0.329178 0.0333265 -0.021788
v 0.334122 0.0337721 -0.0221773
v 0.329213 0.028376 -0.021279
v 0.319207 0.0322335 -0.0209761
v 0.325078 0.0327964 -0.0214447
v 0.319234 0.0284056 -0.0205835
v 0.309236 0.0311105 -0.0201617
v 0.316051 0.031805 -0.0207123
v 0.309256 0.0284364 -0.0198898
v 0.299266 0.0299752 -0.0193487
v 0.307041 0.0307976 -0.0199774
v 0.299277 0.0284682 -0.0191954
v 0.289297 0.0288366 -0.0185379
v 0.298031 0.0297937 -0.0192439
v 0.2893 0.0285009 -0.0185031
v 0.289021 0.0287964 -0.0185136
v 0.286529 0.0285128 -0.0183112
v 0.27932 0.0285378 -0.0178119
v 0.269343 0.0285754 -0.017123
v 0.259366 0.0286137 -0.0164338
v 0.249389 0.0286526 -0.0157445
v 0.23941 0.0286952 -0.0150568
v 0.229434 0.0287382 -0.014372
v 0.219459 0.0287815 -0.0136874
v 0.209479 0.0288282 -0.013002
v 0.199446 0.0376825 -0.0132061
v 0.200832 0.0378973 -0.0133243
v 0.199504 0.028875 -0.0123199
v 0.189483 0.0356572 -0.0123152
v 0.19255 0.0361513 -0.0125756
v 0.189528 0.0289251 -0.0116401
v 0.179523 0.0336146 -0.011425
v 0.184265 0.0344221 -0.011834
v 0.179553 0.028975 -0.0109609
v 0.169563 0.0315627 -0.0105375
v 0.175969 0.0327099 -0.011091
v 0.169578 0.0290281 -0.0102844
v 0.159601 0.029515 -0.00965127
v 0.167648 0.0310345 -0.0103538
v 0.159604 0.0290808 -0.00960884
v 0.159278 0.0294163 -0.00961802
v 0.157622 0.0290917 -0.00947325
v 0.149629 0.0291331 -0.00893155
v 0.139593 0.0382832 -0.00916027
v 0.140588 0.0384857 -0.00924771
v 0.139657 0.0291882 -0.00826003
v 0.129643 0.0352562 -0.00818212
v 0.133083 0.035973 -0.00848841
v 0.129682 0.029246 -0.00758876
v 0.119686 0.0325108 -0.00723447
v 0.125385 0.0336683 -0.00773452
v 0.11971 0.0293031 -0.00691899
v 0.109674 0.0388189 -0.00718305
v 0.110325 0.0389367 -0.00723554
v 0.117424 0.0316496 -0.00699607
v 0.109731 0.0302272 -0.00633639
v 0.109736 0.0293627 -0.00624965
v 0.109113 0.0300021 -0.00627225
v 0.105181 0.0293922 -0.00594644
v 0.099762 0.0294247 -0.00558382
v 0.0997223 0.0358473 -0.00621642
v 0.10292 0.0363427 -0.0064798
v 0.0897618 0.0337997 -0.00534264
v 0.0949389 0.0343497 -0.0057444
v 0.0897909 0.0294857 -0.00491988
v 0.0797627 0.038275 -0.00511033
v 0.0810924 0.0383428 -0.00520668
v 0.0862122 0.0331285 -0.00503672
v 0.0797973 0.0328034 -0.00457686
v 0.0798179 0.0295488 -0.00425686
v 0.0697897 0.0385421 -0.00446878
v 0.0709898 0.0385127 -0.00454595
v 0.0765269 0.0328909 -0.00436496
v 0.0698246 0.0330496 -0.00393352
v 0.0698462 0.0296141 -0.0035977
v 0.0598437 0.034784 -0.00343645
v 0.0653495 0.0341662 -0.00374331
v 0.0598774 0.0296779 -0.00294099
v 0.0498468 0.0389923 -0.0031851
v 0.0508205 0.0388183 -0.0032316
v 0.0499072 0.0297437 -0.00228551
v 0.0399366 0.0298144 -0.00163632
v 0.0458981 0.0297732 -0.00202452
v 0.0399293 0.0308326 -0.0017327
v 0.0381969 0.0315587 -0.00169078
v 0.0386432 0.029823 -0.00155024
v 0.029968 0.0298799 -0.000985397
v 0.0199991 0.0299501 -0.000341075
v 0.0225757 0.029933 -0.000506501
v 0.0199708 0.0339591 -0.00072706
v 0.0100287 0.0300214 0.000301045
v 0.0145412 0.0299901 1.02002e-05
v 0.0100082 0.0334215 -2.82789e-05
v 4.79146e-06 0.0360956 -1.37878e-06
v 0.00790313 0.0321377 0.000237981
v 0.00112785 0.0300061 3.36482e-05
v 3.29268e-06 0.0305702 -9.71535e-07
v 2.98371e-06 0.0300047 -6.25837e-07
v 0.987645 0.0203338 -0.06777
v 0.992891 0.0201395 -0.0695179
v 0.987619 0.0223696 -0.0680868
v 0.997409 0.0199726 -0.0710245
v 0.985377 0.0224999 -0.0679353
v 0.983248 0.0202886 -0.0674202
v 0.977686 0.0202335 -0.0669808
v 0.967725 0.0201337 -0.0661945
v 0.96956 0.0201526 -0.0663398
v 0.967696 0.0225465 -0.0665736
v 0.957728 0.0231541 -0.0659065
v 0.965651 0.0221275 -0.0663518
v 0.957765 0.0200346 -0.0654136
v 0.947779 0.0218467 -0.0649373
v 0.955235 0.0224755 -0.0656099
v 0.947804 0.0199363 -0.0646355
v 0.93773 0.0290852 -0.0653325
v 0.938347 0.0290852 -0.065379
v 0.946055 0.0216289 -0.0647735
v 0.937819 0.0216312 -0.0641465
v 0.937842 0.0198415 -0.0638618
v 0.927766 0.0290859 -0.0645821
v 0.928361 0.0290415 -0.064619
v 0.936007 0.0216219 -0.064009
v 0.927848 0.0222311 -0.0634865
v 0.927877 0.0197475 -0.0630887
v 0.917874 0.0231275 -0.0628777
v 0.925161 0.0223921 -0.0633103
v 0.917914 0.0196544 -0.062321
v 0.907896 0.0240335 -0.0622727
v 0.914024 0.0234508 -0.0626397
v 0.907949 0.019565 -0.0615554
v 0.91787 0.0231302 -0.0628767
v 0.897919 0.0248898 -0.0616638
v 0.902916 0.0244919 -0.061975
v 0.897984 0.0194736 -0.0607892
v 0.887942 0.0257064 -0.0610492
v 0.891897 0.0254507 -0.0613048
v 0.888019 0.0193858 -0.0600277
v 0.877964 0.0265199 -0.0604381
v 0.880935 0.0263611 -0.0606344
v 0.880561 0.0193232 -0.059458
v 0.878049 0.0194574 -0.059293
v 0.87805 0.0193014 -0.0592663
v 0.867985 0.0273483 -0.0598296
v 0.869993 0.0272573 -0.0599667
v 0.877876 0.0194738 -0.0592821
v 0.868076 0.0199267 -0.0586252
v 0.868083 0.0192177 -0.0585085
v 0.858006 0.0282057 -0.0592311
v 0.859049 0.0281606 -0.0593018
v 0.867297 0.019996 -0.0585782
v 0.8581 0.0203812 -0.0579559
v 0.858116 0.0191345 -0.0577521
v 0.848027 0.02909 -0.0586385
v 0.848087 0.0290873 -0.0586415
v 0.856739 0.0205013 -0.057875
v 0.848125 0.020834 -0.0572869
v 0.848146 0.0190545 -0.0569961
v 0.838149 0.0213021 -0.0566248
v 0.846189 0.0210029 -0.0571731
v 0.838179 0.018975 -0.0562442
v 0.828174 0.0217844 -0.0559666
v 0.835633 0.0215142 -0.0564752
v 0.828209 0.0188986 -0.0554929
v 0.818196 0.0222872 -0.0553123
v 0.825066 0.0220406 -0.0557797
v 0.818239 0.0188223 -0.0547412
v 0.808218 0.0228066 -0.0546642
v 0.814487 0.0225849 -0.0550907
v 0.808268 0.0187517 -0.0539944
v 0.798242 0.0233358 -0.0540181
v 0.803897 0.0231414 -0.054403
v 0.798297 0.0186784 -0.053246
v 0.788259 0.0238839 -0.0533756
v 0.7933 0.0237104 -0.053719
v 0.788324 0.0186107 -0.0525002
v 0.77828 0.0244415 -0.052738
v 0.782692 0.0242943 -0.0530381
v 0.778354 0.0185428 -0.051757
v 0.768302 0.0250081 -0.0521038
v 0.772078 0.0248877 -0.0523599
v 0.768379 0.0184803 -0.0510144
v 0.758321 0.0255862 -0.0514723
v 0.761463 0.0254876 -0.0516856
v 0.758405 0.0184175 -0.0502722
v 0.748338 0.0261721 -0.0508429
v 0.750844 0.0260939 -0.0510128
v 0.748433 0.0183571 -0.0495343
v 0.738355 0.0267628 -0.0502143
v 0.740222 0.0267067 -0.0503416
v 0.738461 0.0182961 -0.0487945
v 0.728373 0.0273608 -0.049591
v 0.729601 0.0273227 -0.0496735
v 0.728485 0.0182403 -0.048056
v 0.718393 0.0279599 -0.048968
v 0.718978 0.0279448 -0.0490074
v 0.718509 0.0181865 -0.0473198
v 0.708535 0.0181349 -0.0465861
v 0.69856 0.0180852 -0.0458526
v 0.688584 0.0180373 -0.0451194
v 0.678607 0.0179912 -0.0443866
v 0.668631 0.0179497 -0.0436585
v 0.658652 0.0179099 -0.0429285
v 0.648677 0.0178715 -0.0422019
v 0.638699 0.0178345 -0.0414739
v 0.628721 0.0178017 -0.0407484
v 0.618744 0.0177702 -0.0400243
v 0.608766 0.0177428 -0.0393031
v 0.598788 0.0177163 -0.038581
v 0.588809 0.0176908 -0.0378581
v 0.57883 0.0176721 -0.03714
v 0.568852 0.0176512 -0.0364199
v 0.558872 0.0176338 -0.0357009
v 0.548894 0.01762 -0.0349857
v 0.538913 0.0176097 -0.0342693
v 0.528935 0.0175997 -0.0335555
v 0.518954 0.017593 -0.0328407
v 0.508976 0.0175895 -0.0321304
v 0.498995 0.0175891 -0.0314194
v 0.489016 0.0175887 -0.030709
v 0.479035 0.0175912 -0.0299981
v 0.469053 0.0175995 -0.0292912
v 0.459075 0.0176076 -0.0285852
v 0.449094 0.0176183 -0.0278792
v 0.439113 0.0176316 -0.0271733
v 0.429134 0.0176473 -0.0264704
v 0.419154 0.0176654 -0.0257679
v 0.409173 0.0176858 -0.0250659
v 0.399195 0.0177084 -0.0243672
v 0.389215 0.0177331 -0.0236667
v 0.379233 0.0177629 -0.0229686
v 0.369256 0.0177915 -0.0222728
v 0.359276 0.0178251 -0.021577
v 0.349296 0.0178605 -0.0208826
v 0.339317 0.0178975 -0.0201896
v 0.329336 0.0179392 -0.0194971
v 0.319356 0.0179824 -0.0188063
v 0.309378 0.0180269 -0.0181174
v 0.299399 0.0180727 -0.0174277
v 0.28942 0.0181229 -0.0167418
v 0.279325 0.0280763 -0.0177342
v 0.279757 0.028086 -0.0177641
v 0.279442 0.0181741 -0.0160554
v 0.269356 0.0274649 -0.016934
v 0.270394 0.0274927 -0.017011
v 0.269463 0.0182264 -0.0153686
v 0.259386 0.0268633 -0.016138
v 0.261025 0.0269071 -0.0162592
v 0.259485 0.0182827 -0.014686
v 0.249414 0.0262652 -0.0153402
v 0.251654 0.026326 -0.0155073
v 0.249506 0.0183431 -0.0140049
v 0.239446 0.0256735 -0.0145482
v 0.242277 0.0257557 -0.0147585
v 0.239531 0.018401 -0.013325
v 0.229475 0.0250839 -0.0137558
v 0.232902 0.0251867 -0.014011
v 0.229551 0.0184659 -0.0126456
v 0.219505 0.0245 -0.0129673
v 0.223527 0.0246221 -0.0132662
v 0.219576 0.0185281 -0.0119678
v 0.209535 0.0239227 -0.012182
v 0.214148 0.0240652 -0.0125235
v 0.209596 0.0185973 -0.0112908
v 0.199569 0.0233484 -0.0113985
v 0.204764 0.0235191 -0.0117844
v 0.199622 0.0186634 -0.0106155
v 0.1896 0.0227838 -0.0106173
v 0.195378 0.0229772 -0.0110459
v 0.189645 0.0187363 -0.00994423
v 0.179631 0.0222335 -0.00984191
v 0.185987 0.0224461 -0.0103114
v 0.179668 0.0188093 -0.00927091
v 0.16966 0.0217031 -0.00906895
v 0.176587 0.021929 -0.00957991
v 0.169694 0.0188824 -0.0086013
v 0.159692 0.0212016 -0.00830264
v 0.167165 0.0214356 -0.00885103
v 0.159716 0.018962 -0.00793324
v 0.14964 0.028258 -0.00878757
v 0.150473 0.0282846 -0.00885097
v 0.157716 0.0209789 -0.0081319
v 0.149722 0.0207496 -0.00754789
v 0.149742 0.019038 -0.0072647
v 0.139677 0.0272467 -0.00794083
v 0.141544 0.0272902 -0.00807472
v 0.148223 0.0205688 -0.00741649
v 0.139754 0.0203625 -0.00680498
v 0.139767 0.0191204 -0.00660088
v 0.129715 0.0263117 -0.00710615
v 0.132554 0.0263631 -0.00730813
v 0.138663 0.0202282 -0.00670853
v 0.129783 0.020066 -0.00607916
v 0.129794 0.0192024 -0.00593845
v 0.119751 0.0255007 -0.00629539
v 0.123474 0.0255332 -0.00655276
v 0.129026 0.0199704 -0.0060125
v 0.119812 0.0198929 -0.00537409
v 0.119818 0.0192873 -0.00527641
v 0.109784 0.0248683 -0.00551597
v 0.114254 0.0248494 -0.00581529
v 0.119275 0.0198317 -0.00533057
v 0.10984 0.0198652 -0.00469711
v 0.109846 0.0193715 -0.00461607
v 0.0997686 0.0288919 -0.00549695
v 0.100308 0.0288824 -0.00553387
v 0.104852 0.0243519 -0.00509682
v 0.0998167 0.0244489 -0.00477101
v 0.109396 0.0198189 -0.00465817
v 0.0998655 0.0200101 -0.00404991
v 0.0998726 0.0194619 -0.00396089
v 0.0898041 0.028283 -0.00472449
v 0.0910433 0.0282389 -0.0047992
v 0.0952001 0.0241068 -0.0044044
v 0.0898472 0.02429 -0.0040737
v 0.0993578 0.0199722 -0.00400794
v 0.0898891 0.0202991 -0.00342374
v 0.0898995 0.0195514 -0.00330481
v 0.0798341 0.0280655 -0.00401627
v 0.0813965 0.0279855 -0.00411
v 0.0852832 0.0241284 -0.00374
v 0.0798749 0.024408 -0.00342254
v 0.0891721 0.0202721 -0.003373
v 0.079914 0.0207533 -0.00283012
v 0.0799249 0.0196435 -0.00264951
v 0.0698612 0.0283 -0.00338449
v 0.071258 0.0282189 -0.00346666
v 0.0750198 0.0244969 -0.00311201
v 0.0698992 0.024798 -0.00281924
v 0.0787826 0.0207722 -0.00275569
v 0.069936 0.0212925 -0.0022491
v 0.0699535 0.0197346 -0.00199649
v 0.0598846 0.0289289 -0.00282062
v 0.0606809 0.0288856 -0.00286626
v 0.0644745 0.0251446 -0.00251312
v 0.0599216 0.0253779 -0.00224468
v 0.068266 0.0214009 -0.00215543
v 0.0599615 0.0218267 -0.00167139
v 0.0599822 0.0198314 -0.00134918
v 0.0499086 0.0296127 -0.0022644
v 0.0500386 0.0296153 -0.002274
v 0.0539207 0.0257959 -0.00191363
v 0.0499499 0.0257713 -0.00164615
v 0.0577993 0.0219773 -0.00155027
v 0.0499886 0.0219289 -0.00102433
v 0.0500113 0.0199268 -0.000701564
v 0.0399825 0.0253841 -0.000919402
v 0.0438101 0.0260124 -0.00127647
v 0.0478861 0.0220134 -0.000899483
v 0.0400304 0.0207223 -0.000168762
v 0.0400377 0.0200278 -5.70668e-05
v 0.0394387 0.0206152 -0.000114143
v 0.0383179 0.0200434 5.34215e-05
v 0.0300673 0.0201268 0.000584211
v 0.0300508 0.021841 0.000308706
v 0.0353901 0.0245734 -0.000483945
v 0.0299886 0.02784 -0.000658519
v 0.0313465 0.0285325 -0.000859722
v 0.0289229 0.0212441 0.000478242
v 0.0283005 0.0201456 0.00069595
v 0.0221248 0.0202065 0.00109218
v 0.0249206 0.0251486 0.000111023
v 0.0200986 0.0202275 0.00122051
v 0.0200217 0.0274712 5.84019e-05
v 0.0209176 0.0290539 -0.000256247
v 0.0101267 0.0203326 0.00185263
v 0.00233904 0.0277746 0.000425207
v 0.00672361 0.0202222 0.0012277
v 1.76496e-06 0.0200015 3.731e-07
v 0.987801 0.0109739 -0.0657188
v 0.990564 0.0106837 -0.0672506
v 0.987768 0.0129191 -0.0661437
v 0.997406 0.00996721 -0.0710465
v 0.997409 0.0174737 -0.0710285
v 0.986294 0.0123543 -0.0659074
v 0.982129 0.0108994 -0.0652598
v 0.977844 0.0108438 -0.0649152
v 0.97772 0.0182211 -0.0665373
v 0.979284 0.0187691 -0.0667801
v 0.973632 0.0147116 -0.0654487
v 0.972108 0.0107705 -0.0644536
v 0.967884 0.010717 -0.0641158
v 0.967776 0.017187 -0.0655442
v 0.968602 0.0193272 -0.0660828
v 0.96233 0.0158305 -0.0648277
v 0.960149 0.0106175 -0.0634968
v 0.957922 0.0105908 -0.0633194
v 0.947963 0.0104653 -0.0625284
v 0.938001 0.0103432 -0.0617417
v 0.928037 0.010222 -0.0609556
v 0.936804 0.0103278 -0.0616472
v 0.927971 0.0141575 -0.0618375
v 0.917969 0.0163652 -0.0615818
v 0.923088 0.0148333 -0.0616229
v 0.918075 0.0101045 -0.0601762
v 0.907981 0.0176538 -0.0611233
v 0.910548 0.0171353 -0.0611999
v 0.914973 0.0100679 -0.0599329
v 0.908085 0.0114585 -0.0597271
v 0.908109 0.00998779 -0.0593951
v 0.898001 0.0184682 -0.060563
v 0.899231 0.0183074 -0.0606192
v 0.906406 0.0115852 -0.0596323
v 0.898097 0.0126797 -0.0592536
v 0.898145 0.00987476 -0.058621
v 0.888025 0.0190194 -0.0599442
v 0.888446 0.0189854 -0.0599688
v 0.89498 0.0128486 -0.0590616
v 0.888117 0.0134297 -0.0586761
v 0.888178 0.00976259 -0.0578453
v 0.878141 0.0139186 -0.0580428
v 0.884112 0.0135912 -0.0584153
v 0.878214 0.00965113 -0.057073
v 0.868168 0.0142619 -0.0573789
v 0.873538 0.0140678 -0.0577371
v 0.868248 0.00954318 -0.0563033
v 0.858193 0.0145245 -0.0566973
v 0.863118 0.0143975 -0.0570351
v 0.85828 0.00943864 -0.0555362
v 0.848219 0.0147407 -0.0560083
v 0.852789 0.0146497 -0.0563281
v 0.84831 0.00933749 -0.0547695
v 0.838245 0.0149238 -0.0553109
v 0.842506 0.0148576 -0.0556129
v 0.844515 0.00929856 -0.0544778
v 0.838338 0.00939666 -0.0540409
v 0.838341 0.00923674 -0.0540043
v 0.828272 0.0150909 -0.0546139
v 0.832259 0.0150361 -0.0548972
v 0.838171 0.00940003 -0.0540304
v 0.828366 0.00953028 -0.0533319
v 0.828372 0.00913919 -0.0532423
v 0.818298 0.015243 -0.0539138
v 0.822028 0.0152012 -0.0541805
v 0.827953 0.00953811 -0.0533035
v 0.818392 0.0096507 -0.0526219
v 0.818404 0.00904187 -0.0524822
v 0.808325 0.015383 -0.0532141
v 0.811819 0.0153494 -0.0534642
v 0.81776 0.00965972 -0.052579
v 0.808421 0.00974946 -0.0519091
v 0.808434 0.00895044 -0.0517245
v 0.798349 0.015511 -0.0525099
v 0.801625 0.0154833 -0.0527452
v 0.807584 0.00976448 -0.05185
v 0.798447 0.00983496 -0.0511927
v 0.798463 0.00885908 -0.0509664
v 0.80842 0.00975229 -0.0519105
v 0.788374 0.0156274 -0.0518055
v 0.791447 0.0156083 -0.0520289
v 0.797433 0.00984918 -0.0511225
v 0.788471 0.00990786 -0.0504744
v 0.788491 0.00877053 -0.0502097
v 0.778401 0.0157352 -0.0511022
v 0.78128 0.0157209 -0.0513095
v 0.787296 0.00992185 -0.0503914
v 0.778498 0.00996527 -0.0497553
v 0.77852 0.00868476 -0.0494569
v 0.768424 0.0158342 -0.0503953
v 0.771127 0.0158241 -0.0505908
v 0.777178 0.0099822 -0.0496644
v 0.768525 0.0100098 -0.0490344
v 0.768545 0.00860452 -0.0487046
v 0.758449 0.0159244 -0.0496894
v 0.760987 0.0159201 -0.0498747
v 0.767076 0.0100272 -0.0489326
v 0.758547 0.0100444 -0.0483105
v 0.758574 0.00852399 -0.0479552
v 0.748473 0.0160061 -0.048982
v 0.750857 0.0160032 -0.0491535
v 0.756989 0.0100593 -0.0482003
v 0.748574 0.0100632 -0.0475858
v 0.7486 0.00844597 -0.0472051
v 0.738497 0.0160825 -0.048274
v 0.740738 0.0160844 -0.0484381
v 0.746918 0.0100812 -0.0474692
v 0.7386 0.0100724 -0.0468601
v 0.738629 0.00837032 -0.0464595
v 0.72852 0.0161539 -0.0475651
v 0.730625 0.0161578 -0.0477186
v 0.736863 0.0100895 -0.0467379
v 0.728622 0.0100759 -0.0461314
v 0.728653 0.00829992 -0.0457126
v 0.718543 0.0162202 -0.0468555
v 0.720522 0.0162259 -0.0470016
v 0.726814 0.0100926 -0.0460039
v 0.718647 0.0100737 -0.0454045
v 0.71868 0.00823173 -0.0449706
v 0.708565 0.0162843 -0.0461466
v 0.710426 0.0162887 -0.0462846
v 0.716775 0.0100901 -0.0452724
v 0.708672 0.0100659 -0.0446771
v 0.708705 0.00816568 -0.0442286
v 0.698589 0.0163464 -0.0454406
v 0.700333 0.0163515 -0.0455685
v 0.706744 0.0100818 -0.0445411
v 0.698696 0.0100522 -0.0439492
v 0.69873 0.00810167 -0.0434867
v 0.688611 0.0164036 -0.0447311
v 0.690244 0.0164115 -0.0448519
v 0.696723 0.0100676 -0.0438101
v 0.688719 0.0100323 -0.0432187
v 0.688752 0.00804261 -0.0427465
v 0.678633 0.016458 -0.0440229
v 0.680164 0.0164655 -0.0441359
v 0.686707 0.0100475 -0.0430768
v 0.678744 0.0100057 -0.042491
v 0.678777 0.00798536 -0.0420093
v 0.668655 0.0165055 -0.0433156
v 0.670093 0.0165138 -0.0434204
v 0.676706 0.0100184 -0.042345
v 0.668766 0.00996854 -0.0417579
v 0.668801 0.00792986 -0.0412728
v 0.658678 0.0165401 -0.0426038
v 0.660035 0.0165503 -0.0427026
v 0.66672 0.00997726 -0.0416133
v 0.658789 0.00992181 -0.0410235
v 0.658825 0.00787903 -0.0405384
v 0.648698 0.016575 -0.041892
v 0.649985 0.0165832 -0.0419873
v 0.656738 0.00993241 -0.0408789
v 0.648814 0.00987908 -0.0402945
v 0.648849 0.00782979 -0.0398048
v 0.63872 0.0166042 -0.0411799
v 0.639939 0.0166123 -0.0412698
v 0.646759 0.00988924 -0.0401478
v 0.638837 0.00983731 -0.0395645
v 0.638872 0.00778497 -0.0390739
v 0.628742 0.0166331 -0.0404709
v 0.629897 0.0166406 -0.0405541
v 0.636782 0.00984472 -0.0394162
v 0.628858 0.00979307 -0.0388325
v 0.628893 0.00774163 -0.0383414
v 0.618763 0.0166596 -0.0397601
v 0.619862 0.0166648 -0.039839
v 0.626809 0.00980174 -0.0386881
v 0.61888 0.00975277 -0.0381036
v 0.618914 0.0077025 -0.0376118
v 0.608783 0.0166872 -0.0390487
v 0.609827 0.0166935 -0.0391269
v 0.616835 0.00975995 -0.0379589
v 0.608903 0.00971411 -0.0373757
v 0.608936 0.00766762 -0.0368852
v 0.598804 0.0167157 -0.0383393
v 0.599793 0.0167206 -0.0384121
v 0.606861 0.00972226 -0.0372327
v 0.598925 0.00968325 -0.0366518
v 0.598959 0.00763387 -0.0361602
v 0.588824 0.0167439 -0.0376307
v 0.589761 0.0167463 -0.0376973
v 0.596881 0.00969153 -0.036506
v 0.588946 0.00965659 -0.0359283
v 0.588981 0.00760413 -0.0354359
v 0.578844 0.0167653 -0.0369202
v 0.579741 0.0167674 -0.0369862
v 0.586905 0.00966174 -0.0357838
v 0.578967 0.00963043 -0.0352045
v 0.579002 0.00757533 -0.0347108
v 0.568865 0.0167832 -0.0362091
v 0.569722 0.0167869 -0.0362727
v 0.576926 0.00963592 -0.0350598
v 0.568988 0.00960782 -0.0344846
v 0.569023 0.00755339 -0.0339909
v 0.558887 0.0168042 -0.0355025
v 0.559705 0.0168073 -0.0355613
v 0.566949 0.00961089 -0.0343378
v 0.559009 0.00958627 -0.033764
v 0.559044 0.00753221 -0.0332706
v 0.548905 0.0168254 -0.0347936
v 0.549693 0.0168256 -0.0348506
v 0.556971 0.00959258 -0.0336212
v 0.54903 0.00957216 -0.0330453
v 0.549065 0.00751469 -0.0325516
v 0.538926 0.0168389 -0.0340837
v 0.539687 0.016842 -0.0341403
v 0.546991 0.00957775 -0.0329034
v 0.539051 0.00956135 -0.032331
v 0.539086 0.00749774 -0.0318324
v 0.528948 0.0168441 -0.0333733
v 0.52969 0.0168472 -0.033426
v 0.537011 0.00956358 -0.0321853
v 0.529071 0.00955022 -0.0316149
v 0.529105 0.00748733 -0.0311163
v 0.518967 0.0168482 -0.0326619
v 0.519702 0.0168501 -0.0327153
v 0.527035 0.00954986 -0.0314699
v 0.51909 0.00954264 -0.0309002
v 0.519127 0.00748035 -0.0304045
v 0.508987 0.0168518 -0.0319514
v 0.509715 0.0168533 -0.0320046
v 0.517054 0.00954253 -0.0307551
v 0.509111 0.00953534 -0.0301858
v 0.509148 0.00747362 -0.0296904
v 0.499007 0.0168583 -0.0312432
v 0.499727 0.0168566 -0.0312917
v 0.507074 0.00953845 -0.0300422
v 0.499131 0.00953431 -0.029475
v 0.499167 0.00747323 -0.0289798
v 0.489026 0.0168644 -0.0305332
v 0.489742 0.0168631 -0.0305835
v 0.497096 0.00953448 -0.0293298
v 0.489153 0.00953316 -0.0287648
v 0.489186 0.00747287 -0.0282672
v 0.479046 0.0168693 -0.029825
v 0.479762 0.0168667 -0.0298741
v 0.487117 0.00953679 -0.028621
v 0.479171 0.00953802 -0.028056
v 0.479205 0.00747867 -0.0275584
v 0.469066 0.0168691 -0.029115
v 0.469788 0.0168672 -0.0291664
v 0.47714 0.00953902 -0.0279129
v 0.469192 0.00954269 -0.027348
v 0.469226 0.00748437 -0.0268504
v 0.459087 0.0168635 -0.0284064
v 0.459821 0.0168617 -0.028456
v 0.467163 0.00954114 -0.027203
v 0.45921 0.00955341 -0.0266414
v 0.459247 0.00749605 -0.0261466
v 0.449106 0.0168526 -0.0276936
v 0.449863 0.0168499 -0.0277459
v 0.457186 0.00954912 -0.0264973
v 0.44923 0.00956766 -0.0259367
v 0.449266 0.00751051 -0.0254428
v 0.439127 0.0168397 -0.0269833
v 0.439913 0.0168347 -0.0270379
v 0.447205 0.0095659 -0.0257949
v 0.43925 0.00959187 -0.025237
v 0.439285 0.00752771 -0.0247391
v 0.429147 0.0168251 -0.0262725
v 0.429963 0.0168219 -0.0263299
v 0.43722 0.00958505 -0.0250902
v 0.42927 0.00961951 -0.0245368
v 0.429306 0.0075475 -0.0240385
v 0.419168 0.0168092 -0.025561
v 0.420018 0.0168053 -0.0256218
v 0.427229 0.00961601 -0.0243908
v 0.419289 0.00965302 -0.0238385
v 0.419324 0.00756981 -0.0233355
v 0.40919 0.016795 -0.024853
v 0.410072 0.0167909 -0.0249141
v 0.417238 0.00964942 -0.0236918
v 0.40931 0.00968912 -0.0231433
v 0.409345 0.0075977 -0.0226402
v 0.39921 0.0167785 -0.0241425
v 0.400134 0.0167725 -0.0242062
v 0.407249 0.00968528 -0.0229962
v 0.399328 0.00972717 -0.0224465
v 0.399364 0.00762794 -0.0219429
v 0.38923 0.0167552 -0.0234319
v 0.390201 0.0167504 -0.0234982
v 0.397262 0.0097205 -0.0222996
v 0.389349 0.00976305 -0.021753
v 0.389383 0.00766047 -0.0212464
v 0.379252 0.0167218 -0.0227199
v 0.380285 0.0167179 -0.0227924
v 0.387281 0.00975192 -0.0216031
v 0.379369 0.0097928 -0.0210563
v 0.379402 0.00769515 -0.0205509
v 0.369272 0.0166858 -0.0220054
v 0.37037 0.016681 -0.0220815
v 0.377306 0.00978263 -0.0209085
v 0.369389 0.00982007 -0.0203605
v 0.369423 0.00773504 -0.0198608
v 0.359295 0.0166551 -0.0212959
v 0.360456 0.0166519 -0.0213777
v 0.367333 0.00981244 -0.0202132
v 0.359407 0.00985273 -0.0196645
v 0.359443 0.00777693 -0.0191693
v 0.349315 0.0166255 -0.0205852
v 0.350544 0.016618 -0.0206691
v 0.357361 0.00984412 -0.0195191
v 0.349428 0.00988742 -0.0189724
v 0.349463 0.00782072 -0.0184792
v 0.339337 0.0165891 -0.0198744
v 0.340641 0.0165827 -0.0199655
v 0.34739 0.00987763 -0.0188264
v 0.339449 0.00992684 -0.0182836
v 0.339481 0.00786949 -0.0177894
v 0.32936 0.0165487 -0.0191653
v 0.330744 0.0165394 -0.0192582
v 0.337421 0.00991287 -0.0181353
v 0.32947 0.00996433 -0.0175924
v 0.329503 0.00791997 -0.0171041
v 0.319383 0.0165016 -0.0184534
v 0.320855 0.0164945 -0.0185534
v 0.327452 0.009953 -0.0174473
v 0.319489 0.0100024 -0.0169012
v 0.319524 0.00797209 -0.0164178
v 0.309403 0.0164544 -0.0177415
v 0.310975 0.0164443 -0.0178497
v 0.317488 0.00998844 -0.0167578
v 0.309509 0.010037 -0.0162119
v 0.309545 0.0080289 -0.0157351
v 0.299426 0.0164005 -0.0170292
v 0.301096 0.016392 -0.0171434
v 0.307531 0.0100224 -0.016071
v 0.299532 0.0100642 -0.0155235
v 0.299564 0.00809039 -0.0150533
v 0.289447 0.0163459 -0.0163177
v 0.291224 0.0163376 -0.0164399
v 0.297582 0.0100485 -0.015381
v 0.289553 0.0100801 -0.0148295
v 0.289583 0.00815323 -0.0143709
v 0.279473 0.01628 -0.0156054
v 0.281364 0.0162746 -0.0157361
v 0.287649 0.0100635 -0.0146916
v 0.279575 0.0100873 -0.0141377
v 0.279607 0.00821728 -0.0136937
v 0.269496 0.0162133 -0.0148939
v 0.271509 0.0162092 -0.0150327
v 0.277729 0.0100705 -0.0140046
v 0.269596 0.0100863 -0.0134418
v 0.269626 0.00828572 -0.013015
v 0.259519 0.0161427 -0.0141812
v 0.261661 0.016138 -0.0143281
v 0.267819 0.0100692 -0.0133147
v 0.259618 0.0100813 -0.0127482
v 0.259647 0.00835849 -0.0123406
v 0.249543 0.0160681 -0.0134677
v 0.251819 0.0160642 -0.0136243
v 0.257915 0.0100625 -0.0126237
v 0.249642 0.010069 -0.0120525
v 0.249668 0.00843223 -0.0116661
v 0.239569 0.0159848 -0.0127557
v 0.241988 0.0159845 -0.0129222
v 0.24802 0.0100535 -0.0119362
v 0.239665 0.0100514 -0.0113575
v 0.239689 0.00851005 -0.0109934
v 0.229593 0.0158923 -0.01204
v 0.232167 0.0158955 -0.0122174
v 0.238139 0.0100325 -0.0112474
v 0.22969 0.0100212 -0.0106606
v 0.229712 0.0085887 -0.0103237
v 0.219618 0.0157909 -0.0113232
v 0.222359 0.0158005 -0.0115175
v 0.228267 0.010006 -0.0105574
v 0.219711 0.00998125 -0.009961
v 0.219733 0.00867125 -0.00965314
v 0.209645 0.0156833 -0.0106103
v 0.212559 0.015696 -0.0108123
v 0.218414 0.00996404 -0.00986733
v 0.209738 0.00992443 -0.00926145
v 0.209755 0.00875768 -0.00898759
v 0.199672 0.0155593 -0.00989081
v 0.202778 0.0155786 -0.0101088
v 0.20858 0.00990655 -0.00917705
v 0.199762 0.00985747 -0.00855938
v 0.199779 0.00884462 -0.00832263
v 0.189698 0.0154288 -0.0091726
v 0.19301 0.0154516 -0.00940571
v 0.198758 0.0098399 -0.0084843
v 0.189787 0.00978133 -0.00785666
v 0.1898 0.00893523 -0.00765721
v 0.179725 0.0152929 -0.00845453
v 0.183254 0.0153146 -0.00870061
v 0.188949 0.0097636 -0.00779239
v 0.179814 0.00970473 -0.00715459
v 0.179823 0.00902939 -0.00699725
v 0.169752 0.0151599 -0.00773835
v 0.173501 0.015177 -0.00799592
v 0.17914 0.0096935 -0.00710452
v 0.169839 0.00964409 -0.00645685
v 0.169846 0.0091238 -0.00633537
v 0.159779 0.0150388 -0.0070251
v 0.163748 0.015045 -0.00729564
v 0.16932 0.00963545 -0.00641911
v 0.159864 0.00961699 -0.00576914
v 0.159872 0.00922157 -0.00567922
v 0.149807 0.0149468 -0.00632101
v 0.15398 0.0149311 -0.00660139
v 0.159468 0.00961162 -0.00574037
v 0.149888 0.00964911 -0.0050964
v 0.149895 0.00932271 -0.0050231
v 0.139833 0.0149088 -0.0056315
v 0.144178 0.0148508 -0.00591119
v 0.149561 0.00964409 -0.00507282
v 0.139912 0.00976739 -0.00444558
v 0.139916 0.00942708 -0.00436716
v 0.129858 0.0149439 -0.00495852
v 0.134318 0.0148331 -0.00523584
v 0.13957 0.00976159 -0.00442171
v 0.129937 0.00999885 -0.00382384
v 0.129943 0.00953128 -0.00371563
v 0.119884 0.0150867 -0.00431455
v 0.124364 0.0149065 -0.00457509
v 0.129458 0.00999618 -0.0037884
v 0.119955 0.0103732 -0.00323215
v 0.119967 0.00963856 -0.0030645
v 0.109908 0.0153556 -0.00369949
v 0.114279 0.0151096 -0.00393677
v 0.119202 0.010377 -0.00318417
v 0.109977 0.0108969 -0.00267915
v 0.109993 0.00974882 -0.00241686
v 0.0999287 0.0157681 -0.00311743
v 0.104028 0.0154713 -0.0033239
v 0.108769 0.0109237 -0.00260322
v 0.0999922 0.011556 -0.00215572
v 0.100018 0.00986203 -0.00176982
v 0.0899479 0.0163069 -0.00256616
v 0.0936119 0.015996 -0.00274129
v 0.0981806 0.011621 -0.00204849
v 0.09001 0.0123124 -0.00165799
v 0.0900436 0.00997814 -0.00112644
v 0.0799652 0.0169557 -0.00203971
v 0.0830146 0.0166939 -0.00218636
v 0.087451 0.012454 -0.00151654
v 0.0800247 0.0130918 -0.00116174
v 0.0800701 0.0100936 -0.000482242
v 0.069987 0.0176052 -0.00151672
v 0.0723654 0.0174377 -0.00163742
v 0.0767017 0.0133053 -0.000988078
v 0.0700445 0.0137701 -0.000647286
v 0.0700985 0.0102118 0.000158066
v 0.060008 0.0180647 -0.000948807
v 0.0618529 0.018052 -0.00106982
v 0.0661282 0.0139856 -0.000431634
v 0.0600689 0.0140291 -3.72755e-05
v 0.0601242 0.010336 0.000795488
v 0.0500423 0.0177897 -0.000220737
v 0.0520354 0.0180066 -0.00040133
v 0.0562576 0.014004 0.000222061
v 0.0501079 0.0133264 0.000786542
v 0.0501509 0.0104593 0.00143343
v 0.0475457 0.0129236 0.00105022
v 0.0418936 0.0105648 0.00195589
v 0.0401796 0.0105848 0.00206677
v 0.0401079 0.0153482 0.00099642
v 0.04349 0.0167624 0.000450817
v 0.0367847 0.0137891 0.00156799
v 0.0322415 0.0106868 0.00257011
v 0.0302059 0.0107158 0.00269675
v 0.0301343 0.015621 0.00159665
v 0.0328662 0.0174864 0.000993656
v 0.0276748 0.0130977 0.00232718
v 0.0244283 0.0107891 0.00306031
v 0.0202353 0.0108448 0.00332298
v 0.0202025 0.0131623 0.0028028
v 0.0244221 0.0161596 0.00185099
v 0.0201247 0.0184834 0.0016094
v 0.0211655 0.0192224 0.00137769
v 0.0177557 0.0131724 0.00296211
v 0.0181503 0.0108729 0.00345224
v 0.0133647 0.0109363 0.00375049
v 0.012068 0.0185098 0.00213581
v 0.0102647 0.0109786 0.00394203
v 4.51232e-06 0.00999646 -1.04951e-06
v 0.00110979 0.0101042 0.00042364
v 3.09629e-06 0.011255 -1.67348e-06
v 1.59044e-06 0.0138846 -2.62023e-08
v 0.00342476 0.0103243 0.00131574
v 4.36584e-06 0.0165119 -5.06416e-07
v 0.00574133 0.0105456 0.00220497
v 2.03023e-06 0.0191438 -5.50496e-07
v 0.00805656 0.0107683 0.00309436
v 0.0102456 0.0121106 0.00369164
v 0.997402 -3.69818e-05 -0.0710762
v 0.991131 0.00715484 -0.0675766
v 0.993432 -3.81577e-05 -0.0704198
v 0.987527 -3.9358e-05 -0.0694431
v 0.977806 0.00904617 -0.0654443
v 0.979901 0.00853108 -0.0658773
v 0.977611 -3.9808e-05 -0.0681222
v 0.974332 0.00358706 -0.0667721
v 0.971121 -3.94184e-05 -0.0672699
v 0.967694 -4.19746e-05 -0.066818
v 0.967783 0.00510389 -0.0655242
v 0.970342 0.00799683 -0.0651278
v 0.964397 0.00354631 -0.0656381
v 0.960293 -4.19213e-05 -0.0658554
v 0.95777 -4.25344e-05 -0.0655266
v 0.957904 0.00931408 -0.0635851
v 0.958567 0.00989142 -0.0635514
v 0.947871 0.00199451 -0.0639185
v 0.951591 0.00657881 -0.0636391
v 0.947847 -4.43542e-05 -0.0642518
v 0.94678 0.00108055 -0.0639788
v 0.946517 -4.59964e-05 -0.0640827
v 0.937922 -4.71363e-05 -0.0629909
v 0.934266 0.00375307 -0.06224
v 0.934804 -4.71837e-05 -0.0625991
v 0.927996 -5.08018e-05 -0.0617441
v 0.918064 -5.23205e-05 -0.0605102
v 0.921955 -5.09172e-05 -0.0609954
v 0.91807 0.00724154 -0.0602697
v 0.908134 -5.4411e-05 -0.0592927
v 0.898201 -5.69286e-05 -0.0580867
v 0.90289 -5.63699e-05 -0.058655
v 0.898186 0.00250251 -0.0582243
v 0.888217 0.00548552 -0.0574316
v 0.89477 0.00330292 -0.0580026
v 0.888264 -5.7016e-05 -0.0568938
v 0.878243 0.0071189 -0.0567193
v 0.88158 0.0063992 -0.0570131
v 0.878329 -6.02903e-05 -0.0557137
v 0.868267 0.0080945 -0.056038
v 0.870048 0.00782857 -0.056198
v 0.868392 -6.10759e-05 -0.0545493
v 0.858291 0.00872638 -0.0553742
v 0.859138 0.008633 -0.0554521
v 0.858452 -6.50302e-05 -0.053393
v 0.848315 0.0091699 -0.054726
v 0.84851 0.00915236 -0.0547424
v 0.848512 -6.65243e-05 -0.0522527
v 0.83857 -6.83856e-05 -0.0511246
v 0.84639 -6.66388e-05 -0.052012
v 0.838556 0.000504466 -0.051303
v 0.828596 0.00109772 -0.0504198
v 0.837916 0.000521808 -0.0512598
v 0.828627 -7.06169e-05 -0.0500089
v 0.818631 0.00158478 -0.0495552
v 0.82728 0.00112928 -0.0503341
v 0.818682 -7.32589e-05 -0.0489058
v 0.808666 0.00198344 -0.0487061
v 0.816756 0.00162117 -0.0494333
v 0.808734 -7.34726e-05 -0.0478142
v 0.7987 0.00230607 -0.0478634
v 0.806328 0.00201983 -0.0485544
v 0.798787 -7.41143e-05 -0.046738
v 0.788733 0.00257018 -0.0470288
v 0.795973 0.00234152 -0.0476849
v 0.788838 -7.80815e-05 -0.0456708
v 0.778766 0.00278276 -0.046197
v 0.785686 0.00259846 -0.0468268
v 0.778888 -7.96983e-05 -0.0446181
v 0.7688 0.00294675 -0.0453646
v 0.775454 0.00280326 -0.0459743
v 0.768934 -7.89727e-05 -0.0435777
v 0.758833 0.00307085 -0.0445289
v 0.765271 0.00296291 -0.0451263
v 0.758982 -8.16034e-05 -0.0425491
v 0.748865 0.00315979 -0.0436892
v 0.755132 0.00308089 -0.044276
v 0.749027 -8.19365e-05 -0.0415331
v 0.738899 0.00321565 -0.0428431
v 0.745037 0.00316088 -0.0434236
v 0.739074 -8.5777e-05 -0.0405293
v 0.72893 0.00325204 -0.0419944
v 0.734973 0.00321403 -0.0425677
v 0.729114 -8.44286e-05 -0.0395372
v 0.718965 0.00327011 -0.0411467
v 0.724936 0.00324462 -0.0417125
v 0.719156 -8.65966e-05 -0.0385575
v 0.708998 0.00327642 -0.0402972
v 0.714917 0.00326075 -0.0408578
v 0.709198 -8.9485e-05 -0.0375895
v 0.69903 0.00326544 -0.0394425
v 0.704915 0.00326208 -0.0400014
v 0.699237 -9.01787e-05 -0.0366347
v 0.708995 0.0032764 -0.0402947
v 0.689063 0.00323468 -0.038578
v 0.694934 0.00324733 -0.0391426
v 0.689276 -9.16152e-05 -0.0356917
v 0.679096 0.00318753 -0.0377047
v 0.684981 0.00321243 -0.0382766
v 0.679313 -9.08913e-05 -0.0347622
v 0.669129 0.00312451 -0.0368217
v 0.675052 0.00316045 -0.0374021
v 0.669351 -9.39145e-05 -0.0338435
v 0.659163 0.00305463 -0.0359384
v 0.665141 0.00309496 -0.0365216
v 0.659385 -9.48403e-05 -0.0329359
v 0.649197 0.00298971 -0.0350634
v 0.655233 0.00303012 -0.0356448
v 0.649418 -9.37061e-05 -0.0320423
v 0.639229 0.00292367 -0.0341913
v 0.645324 0.00296439 -0.0347708
v 0.639453 -9.64901e-05 -0.0311599
v 0.629261 0.00285637 -0.0333224
v 0.635419 0.00289774 -0.0339021
v 0.629484 -9.72264e-05 -0.030289
v 0.619294 0.00279351 -0.0324651
v 0.625513 0.00283546 -0.0330426
v 0.619515 -9.60328e-05 -0.0294327
v 0.609323 0.002732 -0.0316103
v 0.615605 0.00277396 -0.0321888
v 0.609546 -9.88393e-05 -0.0285852
v 0.599352 0.00267754 -0.0307694
v 0.605693 0.00271611 -0.0313424
v 0.599572 -9.67374e-05 -0.0277514
v 0.589382 0.00262973 -0.0299427
v 0.595776 0.00266367 -0.0305062
v 0.589602 -9.87579e-05 -0.0269294
v 0.579409 0.00258845 -0.029128
v 0.585852 0.00261561 -0.0296814
v 0.579629 -9.89701e-05 -0.0261198
v 0.569436 0.00255082 -0.0283239
v 0.575921 0.00257491 -0.0288696
v 0.569656 -0.000100362 -0.0253212
v 0.559462 0.00251366 -0.0275263
v 0.565984 0.00253946 -0.0280686
v 0.559678 -0.000100015 -0.0245327
v 0.549488 0.00248269 -0.0267441
v 0.556047 0.00250673 -0.0272793
v 0.549702 -0.000100904 -0.0237581
v 0.539511 0.00246064 -0.0259767
v 0.546101 0.00247867 -0.0264989
v 0.539725 -0.000100152 -0.0229965
v 0.529534 0.00244743 -0.0252269
v 0.536147 0.00245684 -0.0257333
v 0.529748 -0.000100777 -0.0222465
v 0.519555 0.00244013 -0.0244906
v 0.526183 0.00244356 -0.0249849
v 0.51977 -9.97238e-05 -0.0215098
v 0.509575 0.00243296 -0.0237619
v 0.516211 0.00243724 -0.0242508
v 0.50979 -0.000100189 -0.0207824
v 0.499597 0.00242294 -0.0230394
v 0.506237 0.00243139 -0.0235214
v 0.49981 -0.000102184 -0.020067
v 0.489615 0.00241613 -0.0223234
v 0.496267 0.00242362 -0.0227998
v 0.489829 -9.95454e-05 -0.0193668
v 0.479636 0.00240902 -0.0216184
v 0.486299 0.00241626 -0.0220858
v 0.479847 -0.000101633 -0.0186748
v 0.469652 0.0024106 -0.0209266
v 0.476327 0.00241388 -0.021384
v 0.469862 -9.91764e-05 -0.0179956
v 0.459671 0.00242063 -0.0202567
v 0.466346 0.00241477 -0.0206935
v 0.459879 -0.000101553 -0.0173275
v 0.449685 0.00244504 -0.0196068
v 0.456352 0.00242926 -0.0200254
v 0.449895 -9.94188e-05 -0.0166753
v 0.439699 0.00248411 -0.0189823
v 0.44634 0.00245601 -0.0193787
v 0.439911 -9.9102e-05 -0.0160333
v 0.42971 0.00253203 -0.0183719
v 0.436307 0.00249899 -0.0187514
v 0.429925 -0.000100643 -0.0154016
v 0.419723 0.00258321 -0.0177746
v 0.426266 0.0025479 -0.018141
v 0.419937 -9.78055e-05 -0.0147836
v 0.409734 0.00263777 -0.0171849
v 0.41622 0.00260243 -0.0175406
v 0.40995 -0.000100053 -0.0141746
v 0.399745 0.0026926 -0.0166015
v 0.406174 0.00265775 -0.0169458
v 0.399962 -9.79885e-05 -0.0135823
v 0.389755 0.00275085 -0.0160258
v 0.396131 0.00271065 -0.0163578
v 0.389972 -9.79882e-05 -0.0129981
v 0.379767 0.00280642 -0.0154547
v 0.386085 0.00276723 -0.0157746
v 0.379982 -9.68976e-05 -0.0124266
v 0.369779 0.002853 -0.0148793
v 0.376044 0.00282252 -0.0151973
v 0.369992 -9.47939e-05 -0.0118706
v 0.359788 0.00289654 -0.0143033
v 0.366015 0.00287158 -0.0146214
v 0.360001 -9.48544e-05 -0.0113232
v 0.349798 0.00294321 -0.0137383
v 0.355992 0.00291658 -0.0140467
v 0.35001 -9.39876e-05 -0.0107888
v 0.339809 0.00299935 -0.0131877
v 0.345964 0.00296442 -0.0134778
v 0.340015 -9.22153e-05 -0.0102649
v 0.32982 0.00306204 -0.0126497
v 0.335928 0.00302192 -0.0129249
v 0.330024 -9.28241e-05 -0.00975556
v 0.319826 0.00312821 -0.0121145
v 0.325882 0.00309028 -0.0123844
v 0.320031 -9.25873e-05 -0.00925688
v 0.309837 0.00317807 -0.0115728
v 0.315844 0.00315126 -0.0118439
v 0.310038 -9.16423e-05 -0.00877191
v 0.299847 0.0032141 -0.0110241
v 0.305824 0.00319819 -0.0112956
v 0.300042 -8.99265e-05 -0.00829789
v 0.28986 0.00322574 -0.0104641
v 0.295831 0.00322907 -0.0107422
v 0.290045 -8.75498e-05 -0.00783503
v 0.279873 0.00321828 -0.00989709
v 0.285869 0.00323684 -0.0101809
v 0.280049 -8.77817e-05 -0.00738463
v 0.269886 0.00318415 -0.00931772
v 0.275933 0.00322033 -0.0096099
v 0.270053 -8.42215e-05 -0.00695012
v 0.2599 0.00313244 -0.00873984
v 0.266023 0.00318446 -0.00903648
v 0.260057 -8.33347e-05 -0.00652553
v 0.249915 0.00306566 -0.00816567
v 0.256134 0.00313024 -0.00846431
v 0.250059 -8.19883e-05 -0.00611266
v 0.239928 0.00297578 -0.00759046
v 0.246268 0.00306005 -0.00789863
v 0.24006 -8.02081e-05 -0.00571164
v 0.229943 0.0028574 -0.00701727
v 0.236427 0.00296376 -0.00733192
v 0.230062 -7.80203e-05 -0.00532544
v 0.219959 0.00269392 -0.00643975
v 0.226619 0.00283832 -0.00676786
v 0.220063 -7.88013e-05 -0.0049469
v 0.209974 0.00247889 -0.00585892
v 0.21686 0.00266796 -0.00620311
v 0.210063 -7.60032e-05 -0.00458513
v 0.199989 0.00220955 -0.00527986
v 0.207156 0.00244753 -0.00564322
v 0.200065 -7.62438e-05 -0.00423411
v 0.190006 0.00189087 -0.00471574
v 0.197501 0.00217396 -0.00508796
v 0.190064 -7.30039e-05 -0.00389733
v 0.180021 0.00153513 -0.0041768
v 0.187886 0.00186308 -0.00455659
v 0.18006 -6.96108e-05 -0.00357038
v 0.170033 0.00116231 -0.00367101
v 0.178304 0.00151134 -0.00404663
v 0.170061 -6.94234e-05 -0.00325747
v 0.160041 0.000803968 -0.00321304
v 0.168723 0.0011503 -0.0035753
v 0.16006 -6.58774e-05 -0.00295924
v 0.150047 0.000531702 -0.00281886
v 0.159118 0.000803719 -0.00315025
v 0.150057 -6.56705e-05 -0.00266958
v 0.140048 0.00041046 -0.00249311
v 0.149409 0.000543533 -0.00278029
v 0.140054 -6.21489e-05 -0.00239484
v 0.130045 0.000577516 -0.00223785
v 0.139535 0.000428417 -0.00246131
v 0.130053 -6.20419e-05 -0.0021318
v 0.120041 0.00109189 -0.0020231
v 0.129335 0.000628369 -0.00219813
v 0.12005 -5.86953e-05 -0.00188397
v 0.110034 0.00211486 -0.00181595
v 0.118712 0.00124684 -0.00195488
v 0.110046 -5.55234e-05 -0.00164692
v 0.100036 0.00356539 -0.00154916
v 0.10743 0.00253276 -0.0016798
v 0.100044 -5.57918e-05 -0.00142184
v 0.0900425 0.00547324 -0.00116293
v 0.0955123 0.00449128 -0.00128798
v 0.0900394 -5.29506e-05 -0.00120947
v 0.0800622 0.00750732 -0.000618264
v 0.0831086 0.00700134 -0.000704026
v 0.080036 -5.02273e-05 -0.00101102
v 0.0700912 0.00926722 6.72168e-05
v 0.0710836 0.00919473 4.16192e-05
v 0.0700313 -4.78654e-05 -0.000823862
v 0.0601116 0.00891699 0.000597643
v 0.0611781 0.00922963 0.000625062
v 0.0600285 -4.57155e-05 -0.000650892
v 0.0500321 0.000689971 -0.000355869
v 0.0541191 0.00623815 0.000596788
v 0.0500246 -4.41141e-05 -0.000489561
v 0.0497967 0.000201853 -0.00043038
v 0.049772 -4.38151e-05 -0.000485025
v 0.0403946 -4.06935e-05 -0.000346102
v 0.0413088 0.00936425 0.00177446
v 0.0400182 -3.94501e-05 -0.000341498
v 0.0320523 0.00869099 0.00212686
v 0.0319906 -3.9787e-05 -0.000233762
v 0.030015 -3.92242e-05 -0.000206946
v 0.0200431 0.001495 0.000392226
v 0.0243905 0.00621982 0.00182395
v 0.0200095 -3.62039e-05 -8.61117e-05
v 0.0102542 0.0105581 0.00379542
v 0.0160281 0.00446383 0.00155939
v 0.0172558 -3.5271e-05 -5.98174e-05
v 0.0101806 0.00743173 0.00267949
v 0.0142186 -3.73982e-05 -2.50552e-05
v 0.0101075 0.00430161 0.00156675
v 0.0111851 -3.8238e-05 4.97904e-06
v 0.0100344 0.00117476 0.000450794
v 0.0100077 -3.51162e-05 1.54279e-05
v 4.66409e-06 0.00881506 1.02735e-05
v 0.00574724 0.00423749 8.4354e-06
v 0.0082686 -3.76792e-05 3.22257e-05
v 2.17813e-06 0.00655321 3.42027e-05
v 0.00542666 -3.4895e-05 5.5513e-05
v 5.36668e-06 0.00428623 5.75238e-05
v 0.00258429 -3.44603e-05 8.16037e-05
v 3.12916e-06 0.00202455 8.11035e-05
v 2.85872e-06 -3.20182e-05 0.000102275
v 0.0081602 0.0107758 0.00313535
v 0.0101984 0.00813606 0.00292945
v 0.0101245 0.00500677 0.00181666
v 0.00584337 0.0105566 0.00224427
v 0.0100507 0.00188072 0.000700631
v 0.00352684 0.0103351 0.00135503
v 0.00121189 0.0101149 0.0004629
v 0.997412 0.0700013 -0.0712058
v 0.997413 0.0599948 -0.071194
v 0.987461 0.0600462 -0.0703909
v 0.987533 0.0699727 -0.0694453
v 0.977574 0.0700426 -0.0686678
v 0.977693 0.0797651 -0.067124
v 0.967735 0.0798649 -0.0663405
v 0.967894 0.0892799 -0.0642449
v 0.957934 0.0894053 -0.0634488
v 0.957748 0.100042 -0.0659045
v 0.967667 0.10004 -0.0671975
v 0.997414 0.0499874 -0.0711896
v 0.987436 0.0500013 -0.0707168
v 0.977502 0.0600824 -0.0696206
v 0.967615 0.0701127 -0.0678962
v 0.957774 0.0799649 -0.0655606
v 0.947973 0.0895306 -0.0626589
v 0.947824 0.100044 -0.0646237
v 0.997413 0.0399822 -0.071194
v 0.987457 0.0399551 -0.0704091
v 0.977475 0.0500009 -0.0699461
v 0.967541 0.060119 -0.0688538
v 0.957653 0.0701803 -0.0671245
v 0.947812 0.0800624 -0.0647831
v 0.938011 0.0896531 -0.0618718
v 0.937898 0.100045 -0.0633573
v 0.997412 0.0299769 -0.0712057
v 0.987528 0.0300288 -0.0694838
v 0.977499 0.0399186 -0.0696382
v 0.967516 0.0500011 -0.0691833
v 0.957578 0.0601534 -0.0680889
v 0.947691 0.0702484 -0.0663585
v 0.937849 0.08016 -0.0640094
v 0.928048 0.0897754 -0.0610887
v 0.927973 0.100048 -0.0621091
v 0.997409 0.0199726 -0.0712245
v 0.987645 0.0203338 -0.06797
v 0.977569 0.0299569 -0.0687035
v 0.967537 0.0398852 -0.0688718
v 0.957553 0.0500017 -0.0684213
v 0.947616 0.0601883 -0.0673297
v 0.937729 0.0703141 -0.0655948
v 0.927885 0.080255 -0.0632382
v 0.918087 0.0898949 -0.0603107
v 0.918043 0.100051 -0.060873
v 0.997406 0.00996721 -0.0712465
v 0.987801 0.0109739 -0.0659188
v 0.977686 0.0202335 -0.0671808
v 0.967608 0.0298911 -0.0679312
v 0.957576 0.0398499 -0.068107
v 0.947591 0.0500032 -0.0676648
v 0.937655 0.0602211 -0.0665724
v 0.927766 0.0703802 -0.0648347
v 0.917922 0.0803474 -0.0624695
v 0.908121 0.0900115 -0.0595309
v 0.908111 0.100053 -0.059649
v 0.997402 -3.69818e-05 -0.0712762
v 0.987527 -3.9358e-05 -0.0696431
v 0.977844 0.0108438 -0.0651152
v 0.967725 0.0201337 -0.0663945
v 0.957647 0.0298233 -0.0671605
v 0.947615 0.0398154 -0.0673475
v 0.937627 0.0500027 -0.0669077
v 0.92769 0.0602545 -0.0658162
v 0.917801 0.0704438 -0.0640746
v 0.907957 0.0804397 -0.0617049
v 0.898157 0.0901277 -0.0587578
v 0.898179 0.100055 -0.0584396
v 0.977611 -3.9808e-05 -0.0683222
v 0.967884 0.010717 -0.0643158
v 0.957765 0.0200346 -0.0656136
v 0.947684 0.0297562 -0.0663928
v 0.93765 0.0397844 -0.0665901
v 0.927663 0.0500028 -0.0661538
v 0.917725 0.0602883 -0.0650635
v 0.907835 0.0705077 -0.0633183
v 0.897992 0.0805293 -0.0609407
v 0.888193 0.0902382 -0.0579841
v 0.888247 0.100057 -0.0572447
v 0.967694 -4.19746e-05 -0.067018
v 0.957922 0.0105908 -0.0635194
v 0.947804 0.0199363 -0.0648355
v 0.937722 0.0296901 -0.065628
v 0.927686 0.0397515 -0.0658345
v 0.917698 0.0500036 -0.0654033
v 0.90776 0.0603199 -0.064313
v 0.897871 0.0705689 -0.0625647
v 0.888027 0.0806159 -0.0601795
v 0.878227 0.0903483 -0.0572125
v 0.87831 0.100059 -0.0560599
v 0.95777 -4.25344e-05 -0.0657266
v 0.947963 0.0104653 -0.0627284
v 0.937842 0.0198415 -0.0640618
v 0.927759 0.0296247 -0.0648662
v 0.917722 0.0397193 -0.0650819
v 0.907733 0.050005 -0.0646562
v 0.897794 0.0603517 -0.063564
v 0.887902 0.0706303 -0.0618103
v 0.878061 0.0807024 -0.0594202
v 0.868258 0.0904577 -0.0564433
v 0.868374 0.100061 -0.05489
v 0.947847 -4.43542e-05 -0.0644518
v 0.938001 0.0103432 -0.0619417
v 0.927877 0.0197475 -0.0632887
v 0.917794 0.029563 -0.0641089
v 0.907757 0.0396852 -0.064329
v 0.897768 0.0500042 -0.0639089
v 0.887828 0.0603838 -0.0628188
v 0.877938 0.0706888 -0.0610612
v 0.868093 0.0807885 -0.0586632
v 0.858291 0.0905638 -0.0556777
v 0.858433 0.100062 -0.0537303
v 0.937922 -4.71363e-05 -0.0631909
v 0.928037 0.010222 -0.0611556
v 0.917914 0.0196544 -0.062521
v 0.90783 0.0294993 -0.063351
v 0.897792 0.0396544 -0.0635809
v 0.887801 0.0500037 -0.0631631
v 0.87786 0.0604133 -0.0620716
v 0.867969 0.0707472 -0.0603117
v 0.858124 0.0808714 -0.057907
v 0.848324 0.0906664 -0.0549132
v 0.848493 0.100066 -0.0525872
v 0.927996 -5.08018e-05 -0.0619441
v 0.918075 0.0101045 -0.0603762
v 0.907949 0.019565 -0.0617554
v 0.897862 0.0294391 -0.0625954
v 0.887825 0.0396242 -0.0628339
v 0.877833 0.0500037 -0.0624186
v 0.867893 0.0604429 -0.0613286
v 0.858001 0.0708026 -0.059563
v 0.848156 0.0809511 -0.0571519
v 0.838353 0.0907681 -0.0541492
v 0.838552 0.100067 -0.0514556
v 0.918064 -5.23205e-05 -0.0607102
v 0.908109 0.00998779 -0.0595951
v 0.897984 0.0194736 -0.0609892
v 0.887898 0.0293768 -0.0618419
v 0.877858 0.0395944 -0.0620883
v 0.867867 0.0500038 -0.0616782
v 0.857925 0.0604725 -0.0605874
v 0.848031 0.0708605 -0.0588179
v 0.838189 0.08103 -0.0564019
v 0.828386 0.090866 -0.0533891
v 0.828609 0.100068 -0.0503347
v 0.908134 -5.4411e-05 -0.0594927
v 0.898145 0.00987476 -0.058821
v 0.888019 0.0193858 -0.0602277
v 0.877931 0.029318 -0.0610909
v 0.867889 0.0395651 -0.0613441
v 0.857897 0.0500041 -0.0609371
v 0.847953 0.0605019 -0.059846
v 0.838065 0.0709124 -0.0580748
v 0.828217 0.0811082 -0.0556498
v 0.818416 0.0909601 -0.0526283
v 0.818663 0.100071 -0.0492284
v 0.898201 -5.69286e-05 -0.0582867
v 0.888178 0.00976259 -0.0580453
v 0.87805 0.0193014 -0.0594663
v 0.867963 0.0292596 -0.0603412
v 0.857921 0.0395361 -0.0606014
v 0.847928 0.0500045 -0.060198
v 0.837986 0.0605283 -0.0591078
v 0.828092 0.0709664 -0.0573309
v 0.818248 0.0811827 -0.0549016
v 0.808446 0.0910528 -0.0518708
v 0.808719 0.100072 -0.0481341
v 0.888264 -5.7016e-05 -0.0570938
v 0.878214 0.00965113 -0.057273
v 0.868083 0.0192177 -0.0587085
v 0.857995 0.0292045 -0.0595944
v 0.847952 0.0395073 -0.0598606
v 0.837958 0.0500048 -0.0594608
v 0.828015 0.0605571 -0.0583709
v 0.818124 0.0710171 -0.0565906
v 0.808276 0.0812562 -0.054154
v 0.798476 0.0911442 -0.0511166
v 0.79877 0.100075 -0.0470523
v 0.878329 -6.02903e-05 -0.0559137
v 0.868248 0.00954318 -0.0565033
v 0.858116 0.0191345 -0.0579521
v 0.848026 0.0291497 -0.0588491
v 0.837983 0.0394814 -0.0591229
v 0.827988 0.050005 -0.0587259
v 0.818045 0.0605828 -0.0576351
v 0.808152 0.0710698 -0.0558522
v 0.798307 0.0813258 -0.0534082
v 0.788505 0.0912313 -0.0503622
v 0.788823 0.100074 -0.0459828
v 0.868392 -6.10759e-05 -0.0547493
v 0.85828 0.00943864 -0.0557362
v 0.848146 0.0190545 -0.0571961
v 0.838056 0.0290952 -0.0581032
v 0.828013 0.0394527 -0.0583835
v 0.818017 0.0500049 -0.0579908
v 0.808074 0.0606079 -0.0568996
v 0.798179 0.0711188 -0.055113
v 0.788334 0.081397 -0.0526648
v 0.778532 0.0913169 -0.049609
v 0.778873 0.100077 -0.0449261
v 0.858452 -6.50302e-05 -0.053593
v 0.84831 0.00933749 -0.0549695
v 0.838179 0.018975 -0.0564442
v 0.828087 0.0290409 -0.0573591
v 0.818042 0.0394268 -0.0576476
v 0.808045 0.0500045 -0.0572557
v 0.798101 0.0606323 -0.0561643
v 0.788209 0.071164 -0.0543754
v 0.778361 0.081464 -0.051921
v 0.768559 0.0914007 -0.0488597
v 0.768921 0.100078 -0.043881
v 0.848512 -6.65243e-05 -0.0524527
v 0.838341 0.00923674 -0.0542043
v 0.828209 0.0188986 -0.0556929
v 0.818115 0.0289894 -0.0566161
v 0.808069 0.0394036 -0.056913
v 0.798072 0.0500065 -0.0565246
v 0.78813 0.060656 -0.0554321
v 0.778236 0.071211 -0.0536402
v 0.76839 0.0815267 -0.0511794
v 0.758587 0.0914798 -0.0481106
v 0.758967 0.10008 -0.0428476
v 0.83857 -6.83856e-05 -0.0513246
v 0.828372 0.00913919 -0.0534423
v 0.818239 0.0188223 -0.0549412
v 0.808143 0.0289408 -0.0558765
v 0.798097 0.0393773 -0.056177
v 0.7881 0.0500052 -0.0557925
v 0.778156 0.0606817 -0.0547018
v 0.768263 0.0712567 -0.0529059
v 0.758417 0.0815907 -0.0504406
v 0.748613 0.0915571 -0.047363
v 0.749015 0.100081 -0.0418285
v 0.828627 -7.06169e-05 -0.0502089
v 0.818404 0.00904187 -0.0526822
v 0.808268 0.0187517 -0.0541944
v 0.798173 0.0288921 -0.0551393
v 0.788125 0.0393535 -0.0554449
v 0.778129 0.050006 -0.0550646
v 0.768184 0.0607036 -0.053971
v 0.75829 0.0712982 -0.0521713
v 0.748442 0.0816502 -0.0496993
v 0.738641 0.0916322 -0.0466198
v 0.739057 0.100084 -0.0408203
v 0.818682 -7.32589e-05 -0.0491058
v 0.808434 0.00895044 -0.0519245
v 0.798297 0.0186784 -0.053446
v 0.788201 0.0288432 -0.0543996
v 0.778153 0.0393292 -0.0547131
v 0.768155 0.0500061 -0.0543348
v 0.758211 0.0607243 -0.053241
v 0.748315 0.0713412 -0.0514394
v 0.738469 0.0817078 -0.0489622
v 0.728668 0.0917023 -0.0458747
v 0.729102 0.100084 -0.0398254
v 0.808734 -7.34726e-05 -0.0480142
v 0.798463 0.00885908 -0.0511664
v 0.788324 0.0186107 -0.0527002
v 0.77823 0.0287968 -0.053664
v 0.76818 0.0393072 -0.0539832
v 0.758181 0.0500054 -0.0536058
v 0.748236 0.0607468 -0.0525135
v 0.738342 0.0713798 -0.0507075
v 0.728495 0.0817664 -0.0482283
v 0.718692 0.0917729 -0.0451332
v 0.719143 0.100086 -0.0388418
v 0.798787 -7.41143e-05 -0.046938
v 0.788491 0.00877053 -0.0504097
v 0.778354 0.0185428 -0.051957
v 0.768255 0.0287529 -0.0529276
v 0.758205 0.0392846 -0.0532513
v 0.748206 0.0500065 -0.052879
v 0.73826 0.060768 -0.0517847
v 0.728365 0.0714196 -0.0499761
v 0.718519 0.08182 -0.0474924
v 0.708718 0.0918382 -0.0443925
v 0.709186 0.100088 -0.0378731
v 0.788838 -7.80815e-05 -0.0458708
v 0.77852 0.00868476 -0.0496569
v 0.768379 0.0184803 -0.0512144
v 0.758284 0.0287085 -0.0521941
v 0.748232 0.0392641 -0.052524
v 0.738233 0.0500037 -0.0521518
v 0.728286 0.0607877 -0.0510597
v 0.718391 0.0714576 -0.0492488
v 0.708544 0.0818715 -0.0467584
v 0.698741 0.0919009 -0.0436517
v 0.699225 0.100087 -0.0369107
v 0.778888 -7.96983e-05 -0.0448181
v 0.768545 0.00860452 -0.0489046
v 0.758405 0.0184175 -0.0504722
v 0.748309 0.0286664 -0.0514601
v 0.738257 0.0392428 -0.0517951
v 0.728259 0.0500056 -0.0514286
v 0.718311 0.060806 -0.0503337
v 0.708415 0.0714936 -0.0485209
v 0.698569 0.0819206 -0.0460268
v 0.688768 0.0919609 -0.0429159
v 0.689264 0.10009 -0.0359663
v 0.768934 -7.89727e-05 -0.0437777
v 0.758574 0.00852399 -0.0481552
v 0.748433 0.0183571 -0.0497343
v 0.738335 0.0286265 -0.0507283
v 0.728282 0.0392233 -0.0510686
v 0.718283 0.0500061 -0.0507042
v 0.708335 0.0608226 -0.0496068
v 0.698438 0.0715277 -0.0477925
v 0.688593 0.0819674 -0.0452949
v 0.67879 0.0920182 -0.0421779
v 0.679302 0.10009 -0.0350311
v 0.758982 -8.16034e-05 -0.0427491
v 0.7486 0.00844597 -0.0474051
v 0.738461 0.0182961 -0.0489945
v 0.728358 0.0285887 -0.0499963
v 0.718309 0.0392028 -0.0503432
v 0.708306 0.0500052 -0.0499788
v 0.698359 0.0608404 -0.0488831
v 0.688463 0.0715597 -0.0470661
v 0.678618 0.0820116 -0.0445655
v 0.668815 0.0920725 -0.0414452
v 0.669339 0.100092 -0.0341103
v 0.749027 -8.19365e-05 -0.0417331
v 0.738629 0.00837032 -0.0466595
v 0.728485 0.0182403 -0.048256
v 0.718386 0.02855 -0.0492677
v 0.708333 0.0391841 -0.049618
v 0.69833 0.0500058 -0.0492562
v 0.688385 0.0608563 -0.0481614
v 0.678488 0.0715894 -0.0463421
v 0.668641 0.0820561 -0.0438377
v 0.658837 0.0921238 -0.0407104
v 0.659375 0.100093 -0.0332004
v 0.739074 -8.5777e-05 -0.0407293
v 0.728653 0.00829992 -0.0459126
v 0.718509 0.0181865 -0.0475198
v 0.708408 0.0285161 -0.0485382
v 0.698357 0.0391669 -0.0488931
v 0.688353 0.0500048 -0.048533
v 0.678406 0.0608731 -0.0474381
v 0.66851 0.0716197 -0.0456168
v 0.658664 0.082095 -0.0431087
v 0.64886 0.0921719 -0.0399788
v 0.649409 0.100094 -0.0323013
v 0.729114 -8.44286e-05 -0.0397372
v 0.71868 0.00823173 -0.0451706
v 0.708535 0.0181349 -0.0467861
v 0.698432 0.0284811 -0.0478099
v 0.688378 0.0391513 -0.0481687
v 0.678378 0.050005 -0.047813
v 0.668429 0.0608879 -0.0467169
v 0.658533 0.0716475 -0.0448941
v 0.648685 0.0821338 -0.0423815
v 0.638883 0.0922167 -0.0392479
v 0.639441 0.100094 -0.0314133
v 0.719156 -8.65966e-05 -0.0387575
v 0.708705 0.00816568 -0.0444286
v 0.69856 0.0180852 -0.0460526
v 0.688456 0.0284479 -0.047082
v 0.678403 0.0391342 -0.047446
v 0.668402 0.0500033 -0.0470924
v 0.658452 0.0609035 -0.045997
v 0.648557 0.0716727 -0.0441715
v 0.638708 0.0821696 -0.0416573
v 0.628907 0.0922581 -0.0385203
v 0.629474 0.100096 -0.0305405
v 0.709198 -8.9485e-05 -0.0377895
v 0.69873 0.00810167 -0.0436867
v 0.688584 0.0180373 -0.0453194
v 0.678481 0.0284162 -0.0463572
v 0.668426 0.0391185 -0.0467241
v 0.658424 0.0500027 -0.0463704
v 0.648474 0.0609167 -0.0452771
v 0.638579 0.0716981 -0.0434506
v 0.628731 0.0822024 -0.0409338
v 0.618927 0.0922989 -0.0377928
v 0.619506 0.100096 -0.0296791
v 0.699237 -9.01787e-05 -0.0368346
v 0.688752 0.00804261 -0.0429465
v 0.678607 0.0179912 -0.0445866
v 0.668503 0.0283861 -0.0456305
v 0.65845 0.039104 -0.046003
v 0.648447 0.0500029 -0.0456522
v 0.638497 0.0609275 -0.0445572
v 0.628601 0.0717207 -0.0427302
v 0.618752 0.0822319 -0.0402085
v 0.608951 0.0923332 -0.0370673
v 0.609537 0.100096 -0.0288292
v 0.689276 -9.16152e-05 -0.0358917
v 0.678777 0.00798536 -0.0422093
v 0.668631 0.0179497 -0.0438585
v 0.658526 0.0283604 -0.0449086
v 0.648472 0.0390906 -0.0452831
v 0.63847 0.050004 -0.0449353
v 0.62852 0.0609387 -0.0438389
v 0.618622 0.0717404 -0.0420078
v 0.608775 0.082261 -0.0394881
v 0.598971 0.0923667 -0.0363421
v 0.599565 0.100095 -0.0279885
v 0.679313 -9.08913e-05 -0.0349622
v 0.668801 0.00792986 -0.0414728
v 0.658652 0.0179099 -0.0431285
v 0.648548 0.0283331 -0.0441836
v 0.638495 0.0390783 -0.0445643
v 0.628491 0.0500028 -0.0442158
v 0.61854 0.0609502 -0.0431199
v 0.608645 0.07176 -0.04129
v 0.598796 0.0822867 -0.0387662
v 0.588995 0.0923963 -0.0356208
v 0.589594 0.100096 -0.0271635
v 0.669351 -9.39145e-05 -0.0340435
v 0.658825 0.00787903 -0.0407384
v 0.648677 0.0178715 -0.0424019
v 0.638573 0.028307 -0.0434622
v 0.628516 0.0390669 -0.0438442
v 0.618513 0.0500022 -0.0434979
v 0.608564 0.060959 -0.0424039
v 0.598665 0.0717794 -0.0405721
v 0.58882 0.0823088 -0.0380481
v 0.579014 0.0924248 -0.0349
v 0.579619 0.100099 -0.0263495
v 0.659385 -9.48403e-05 -0.0331359
v 0.648849 0.00782979 -0.0400048
v 0.638699 0.0178345 -0.0416739
v 0.628595 0.028285 -0.042741
v 0.618537 0.0390563 -0.0431256
v 0.608535 0.050002 -0.0427818
v 0.598585 0.0609679 -0.0416875
v 0.588686 0.0717955 -0.039855
v 0.578838 0.0823301 -0.0373275
v 0.569037 0.0924463 -0.0341793
v 0.569646 0.100098 -0.0255462
v 0.649418 -9.37061e-05 -0.0322423
v 0.638872 0.00778497 -0.0392739
v 0.628721 0.0178017 -0.0409484
v 0.618617 0.028264 -0.0420211
v 0.608559 0.0390465 -0.0424087
v 0.598555 0.0500023 -0.042065
v 0.588605 0.0609767 -0.0409707
v 0.578709 0.0718082 -0.039139
v 0.568861 0.0823476 -0.036611
v 0.559056 0.0924665 -0.0334593
v 0.559671 0.100098 -0.0247566
v 0.639453 -9.64901e-05 -0.0313599
v 0.628893 0.00774163 -0.0385414
v 0.618744 0.0177702 -0.0402243
v 0.608638 0.028244 -0.0413002
v 0.59858 0.0390344 -0.0416894
v 0.588576 0.0500028 -0.0413503
v 0.578627 0.0609825 -0.0402547
v 0.56873 0.0718204 -0.0384231
v 0.558882 0.0823642 -0.0358949
v 0.549076 0.0924854 -0.0327426
v 0.549698 0.100097 -0.0239795
v 0.629484 -9.72264e-05 -0.030489
v 0.618914 0.0077025 -0.0378118
v 0.608766 0.0177428 -0.0395031
v 0.59866 0.0282249 -0.0405809
v 0.588602 0.0390257 -0.0409735
v 0.578598 0.0500006 -0.0406336
v 0.568648 0.0609911 -0.0395428
v 0.55875 0.071832 -0.0377075
v 0.548902 0.0823768 -0.0351779
v 0.539097 0.0924999 -0.032028
v 0.539719 0.100098 -0.0232113
v 0.619515 -9.60328e-05 -0.0296327
v 0.608936 0.00766762 -0.0370852
v 0.598788 0.0177163 -0.038781
v 0.58868 0.0282095 -0.0398623
v 0.578624 0.0390205 -0.0402612
v 0.568619 0.0500014 -0.0399208
v 0.558669 0.0609963 -0.0388293
v 0.548772 0.0718398 -0.0369933
v 0.538922 0.0823882 -0.0344642
v 0.529117 0.0925097 -0.0313129
v 0.529743 0.100098 -0.0224585
v 0.609546 -9.88393e-05 -0.0287852
v 0.598959 0.00763387 -0.0363602
v 0.588809 0.0176908 -0.0380581
v 0.578701 0.0281947 -0.0391457
v 0.568644 0.0390127 -0.0395443
v 0.558639 0.0500022 -0.0392077
v 0.54869 0.0610012 -0.038116
v 0.538791 0.0718498 -0.0362811
v 0.528941 0.0823983 -0.0337514
v 0.519139 0.092518 -0.0306016
v 0.519765 0.100099 -0.0217176
v 0.599572 -9.67374e-05 -0.0279514
v 0.588981 0.00760413 -0.0356359
v 0.57883 0.0176721 -0.03734
v 0.568723 0.0281805 -0.0384286
v 0.558666 0.039005 -0.0388297
v 0.548661 0.0499998 -0.0384932
v 0.538711 0.0610024 -0.0374016
v 0.52881 0.0718559 -0.035568
v 0.518963 0.0824041 -0.0330406
v 0.50916 0.0925214 -0.0298901
v 0.509785 0.100099 -0.0209871
v 0.589602 -9.87579e-05 -0.0271294
v 0.579002 0.00757533 -0.0349108
v 0.568852 0.0176512 -0.0366199
v 0.558743 0.0281698 -0.0377125
v 0.548687 0.0390006 -0.0381165
v 0.53868 0.0500003 -0.0377803
v 0.52873 0.0610061 -0.036689
v 0.518833 0.0718578 -0.0348568
v 0.508984 0.0824084 -0.0323309
v 0.499179 0.092523 -0.02918
v 0.499804 0.100101 -0.0202687
v 0.579629 -9.89701e-05 -0.0263198
v 0.569023 0.00755339 -0.0341909
v 0.558872 0.0176338 -0.0359009
v 0.548765 0.0281594 -0.0369989
v 0.538707 0.0389961 -0.0374032
v 0.528702 0.0500003 -0.0370702
v 0.518751 0.061009 -0.0359796
v 0.508851 0.0718617 -0.0341453
v 0.499002 0.0824081 -0.0316182
v 0.489197 0.0925226 -0.0284714
v 0.489821 0.100101 -0.0195611
v 0.569656 -0.000100362 -0.0255212
v 0.559044 0.00753221 -0.0334706
v 0.548894 0.01762 -0.0351857
v 0.538784 0.0281523 -0.036284
v 0.528727 0.0389947 -0.0366916
v 0.518722 0.05 -0.0363579
v 0.508771 0.0610081 -0.0352667
v 0.498873 0.0718613 -0.033436
v 0.489023 0.0824061 -0.0309095
v 0.479219 0.0925171 -0.0277655
v 0.479841 0.100099 -0.0188671
v 0.559678 -0.000100015 -0.0247327
v 0.549065 0.00751469 -0.0327516
v 0.538913 0.0176097 -0.0344693
v 0.528806 0.0281454 -0.0355718
v 0.518748 0.03899 -0.0359787
v 0.508741 0.0499992 -0.0356461
v 0.498792 0.0610093 -0.0345588
v 0.488894 0.0718594 -0.0327278
v 0.479043 0.0824024 -0.0302023
v 0.469237 0.0925094 -0.0270589
v 0.46986 0.100099 -0.0181856
v 0.549702 -0.000100904 -0.0239581
v 0.539086 0.00749774 -0.0320324
v 0.528935 0.0175997 -0.0337555
v 0.518826 0.0281386 -0.0348571
v 0.508769 0.0389881 -0.0352677
v 0.498765 0.0499976 -0.0349376
v 0.488811 0.0610094 -0.0338492
v 0.478913 0.0718562 -0.0320181
v 0.469063 0.0823968 -0.0294966
v 0.459257 0.0924994 -0.0263567
v 0.459875 0.100097 -0.0175128
v 0.539725 -0.000100152 -0.0231965
v 0.529105 0.00748733 -0.0313163
v 0.518954 0.017593 -0.0330407
v 0.508845 0.0281377 -0.0341458
v 0.498789 0.0389889 -0.0345587
v 0.488782 0.0499984 -0.0342261
v 0.478831 0.0610084 -0.0331406
v 0.468931 0.0718544 -0.0313114
v 0.459083 0.0823892 -0.0287926
v 0.449276 0.092484 -0.0256523
v 0.449892 0.100097 -0.0168555
v 0.529748 -0.000100777 -0.0224465
v 0.519127 0.00748035 -0.0306045
v 0.508976 0.0175895 -0.0323304
v 0.498865 0.0281368 -0.0334349
v 0.488808 0.0389892 -0.0338478
v 0.478803 0.0499984 -0.0335182
v 0.468853 0.0610031 -0.0324317
v 0.458951 0.0718479 -0.0306046
v 0.449102 0.0823764 -0.0280862
v 0.439295 0.0924662 -0.0249501
v 0.439905 0.100098 -0.0162086
v 0.51977 -9.97238e-05 -0.0217098
v 0.509148 0.00747362 -0.0298904
v 0.498995 0.0175891 -0.0316194
v 0.488886 0.0281356 -0.0327246
v 0.478828 0.0389889 -0.0331376
v 0.468823 0.0499974 -0.0328085
v 0.458871 0.0610025 -0.0317244
v 0.448972 0.0718397 -0.0298994
v 0.439122 0.0823615 -0.0273817
v 0.429317 0.0924457 -0.0242527
v 0.429919 0.100097 -0.0155734
v 0.50979 -0.000100189 -0.0209824
v 0.499167 0.00747323 -0.0291798
v 0.489016 0.0175887 -0.030909
v 0.478908 0.0281372 -0.0320165
v 0.468849 0.0389911 -0.0324299
v 0.458843 0.0499984 -0.0321016
v 0.448891 0.0609975 -0.0310171
v 0.438992 0.0718296 -0.0291933
v 0.429141 0.0823474 -0.0266808
v 0.419336 0.0924226 -0.023555
v 0.419933 0.100098 -0.0149516
v 0.49981 -0.000102184 -0.020267
v 0.489186 0.00747287 -0.0284672
v 0.479035 0.0175912 -0.0301981
v 0.468928 0.0281414 -0.0313082
v 0.458868 0.0389956 -0.0317221
v 0.448864 0.0499983 -0.031396
v 0.438914 0.0609908 -0.0303114
v 0.429013 0.0718175 -0.028489
v 0.419162 0.0823278 -0.0259806
v 0.409353 0.0923967 -0.0228572
v 0.409947 0.100096 -0.0143418
v 0.489829 -9.95454e-05 -0.0195668
v 0.479205 0.00747867 -0.0277584
v 0.469053 0.0175995 -0.0294912
v 0.458946 0.0281481 -0.0305997
v 0.448889 0.0389991 -0.0310154
v 0.438883 0.049997 -0.0306864
v 0.428933 0.0609856 -0.0296062
v 0.419035 0.0718033 -0.0277867
v 0.409182 0.0823057 -0.0252799
v 0.399373 0.0923648 -0.0221603
v 0.399958 0.100096 -0.0137429
v 0.479847 -0.000101633 -0.0188748
v 0.469226 0.00748437 -0.0270504
v 0.459075 0.0176076 -0.0287852
v 0.448967 0.0281542 -0.0298923
v 0.438909 0.0390017 -0.0303074
v 0.428905 0.0499974 -0.0299826
v 0.418953 0.0609787 -0.0289
v 0.409052 0.0717901 -0.0270827
v 0.399202 0.0822842 -0.0245831
v 0.389393 0.0923331 -0.0214676
v 0.389969 0.100097 -0.0131579
v 0.469862 -9.91764e-05 -0.0181956
v 0.459247 0.00749605 -0.0263466
v 0.449094 0.0176183 -0.0280792
v 0.438988 0.0281658 -0.0291893
v 0.428931 0.0390064 -0.0296024
v 0.418924 0.0499963 -0.0292751
v 0.408974 0.0609699 -0.0281959
v 0.399074 0.0717746 -0.0263836
v 0.389223 0.0822569 -0.0238846
v 0.379412 0.0922952 -0.0207735
v 0.37998 0.100096 -0.0125827
v 0.459879 -0.000101553 -0.0175275
v 0.449266 0.00751051 -0.0256428
v 0.439113 0.0176316 -0.0273733
v 0.429006 0.0281765 -0.0284823
v 0.418949 0.039013 -0.0288952
v 0.408944 0.0499968 -0.028571
v 0.398994 0.0609623 -0.0274926
v 0.389092 0.0717567 -0.0256814
v 0.379242 0.0822268 -0.0231861
v 0.369432 0.0922572 -0.0200839
v 0.369988 0.100095 -0.0120189
v 0.449895 -9.94188e-05 -0.0168753
v 0.439285 0.00752771 -0.0249391
v 0.429134 0.0176473 -0.0266704
v 0.419026 0.0281894 -0.0277784
v 0.408969 0.0390214 -0.0281912
v 0.398965 0.0499957 -0.0278661
v 0.389014 0.0609526 -0.0267889
v 0.379113 0.0717364 -0.0249817
v 0.369263 0.0821969 -0.0224918
v 0.35945 0.092216 -0.0193945
v 0.359998 0.100093 -0.0114679
v 0.439911 -9.9102e-05 -0.0162333
v 0.429306 0.0075475 -0.0242385
v 0.419154 0.0176654 -0.0259679
v 0.409047 0.0282013 -0.0270735
v 0.39899 0.0390284 -0.0274863
v 0.388985 0.0499959 -0.0271621
v 0.379035 0.0609439 -0.026089
v 0.369135 0.0717135 -0.0242818
v 0.359283 0.0821641 -0.0217977
v 0.349473 0.0921684 -0.0187067
v 0.350008 0.100092 -0.0109313
v 0.429925 -0.000100643 -0.0156016
v 0.419324 0.00756981 -0.0235355
v 0.409173 0.0176858 -0.0252659
v 0.399069 0.0282183 -0.0263734
v 0.389012 0.0390371 -0.0267849
v 0.379008 0.0499942 -0.0264603
v 0.369054 0.0609329 -0.0253861
v 0.359154 0.0716911 -0.0235835
v 0.349302 0.0821282 -0.0211038
v 0.339493 0.0921204 -0.0180211
v 0.340015 0.100091 -0.0104039
v 0.419937 -9.78055e-05 -0.0149836
v 0.409345 0.0075977 -0.0228402
v 0.399195 0.0177084 -0.0245672
v 0.389089 0.0282341 -0.0256699
v 0.379032 0.0390474 -0.0260819
v 0.369028 0.0499938 -0.0257569
v 0.359077 0.0609196 -0.0246857
v 0.349175 0.0716659 -0.0228853
v 0.339322 0.0820892 -0.0204103
v 0.329513 0.0920689 -0.017336
v 0.330022 0.100091 -0.00989131
v 0.40995 -0.000100053 -0.0143746
v 0.399364 0.00762794 -0.0221429
v 0.389215 0.0177331 -0.0238667
v 0.379108 0.0282548 -0.0249689
v 0.369051 0.0390591 -0.0253799
v 0.359048 0.0499944 -0.0250548
v 0.349096 0.060907 -0.0239842
v 0.339197 0.071641 -0.0221916
v 0.329343 0.08205 -0.0197215
v 0.319531 0.0920169 -0.0166533
v 0.32003 0.100089 -0.00938934
v 0.399962 -9.79885e-05 -0.0137823
v 0.389383 0.00766047 -0.0214464
v 0.379233 0.0177629 -0.0231686
v 0.36913 0.0282773 -0.0242716
v 0.359072 0.039069 -0.0246775
v 0.349072 0.0499929 -0.0243553
v 0.339118 0.0608949 -0.023287
v 0.329217 0.0716132 -0.0214954
v 0.319363 0.0820075 -0.0190306
v 0.309551 0.0919581 -0.0159698
v 0.310036 0.100088 -0.00889972
v 0.389972 -9.79882e-05 -0.0131981
v 0.379402 0.00769515 -0.0207509
v 0.369256 0.0177915 -0.0224728
v 0.359151 0.0282982 -0.0235712
v 0.349094 0.0390802 -0.0239764
v 0.339091 0.0499955 -0.0236561
v 0.329138 0.0608802 -0.0225872
v 0.319238 0.0715823 -0.0207997
v 0.309385 0.0819616 -0.0183431
v 0.29957 0.0918986 -0.0152888
v 0.300039 0.100087 -0.0084199
v 0.379982 -9.68976e-05 -0.0126266
v 0.369423 0.00773504 -0.0200608
v 0.359276 0.0178251 -0.021777
v 0.349171 0.0283237 -0.0228738
v 0.339114 0.0390958 -0.0232785
v 0.329112 0.0499924 -0.0229527
v 0.319162 0.0608628 -0.0218905
v 0.309259 0.0715514 -0.0201061
v 0.299404 0.0819153 -0.0176552
v 0.289593 0.0918352 -0.0146116
v 0.290045 0.100084 -0.00795389
v 0.369992 -9.47939e-05 -0.0120706
v 0.359443 0.00777693 -0.0193693
v 0.349296 0.0178605 -0.0210826
v 0.339191 0.0283476 -0.0221734
v 0.329137 0.0391093 -0.0225805
v 0.319134 0.0499934 -0.0222554
v 0.309183 0.0608489 -0.0211947
v 0.29928 0.0715204 -0.0194147
v 0.289428 0.0818654 -0.016971
v 0.279612 0.091771 -0.0139344
v 0.280049 0.100085 -0.00750223
v 0.360001 -9.48544e-05 -0.0115232
v 0.349463 0.00782072 -0.0186792
v 0.339317 0.0178975 -0.0203896
v 0.329213 0.028376 -0.021479
v 0.319158 0.0391237 -0.0218815
v 0.309154 0.0499949 -0.0215573
v 0.299203 0.060832 -0.0204966
v 0.289303 0.0714861 -0.0187241
v 0.279448 0.0818149 -0.0162866
v 0.269632 0.0917028 -0.0132584
v 0.270054 0.100083 -0.00706198
v 0.35001 -9.39876e-05 -0.0109888
v 0.339481 0.00786949 -0.0179894
v 0.329336 0.0179392 -0.0196971
v 0.319234 0.0284056 -0.0207835
v 0.30918 0.0391392 -0.0211844
v 0.299176 0.0499938 -0.0208596
v 0.289226 0.0608152 -0.0198035
v 0.279324 0.0714484 -0.0180316
v 0.26947 0.0817607 -0.0156033
v 0.259653 0.0916303 -0.0125837
v 0.260056 0.100082 -0.00663209
v 0.340015 -9.22153e-05 -0.0104649
v 0.329503 0.00791997 -0.0173041
v 0.319356 0.0179824 -0.0190063
v 0.309256 0.0284364 -0.0200898
v 0.2992 0.0391554 -0.0204864
v 0.2892 0.0499931 -0.0201641
v 0.279249 0.0607953 -0.0191084
v 0.269347 0.0714103 -0.0173417
v 0.259491 0.0817025 -0.0149185
v 0.249674 0.0915568 -0.0119121
v 0.250058 0.100081 -0.00621549
v 0.330024 -9.28241e-05 -0.00995556
v 0.319524 0.00797209 -0.0166178
v 0.309378 0.0180269 -0.0183174
v 0.299277 0.0284682 -0.0193954
v 0.289223 0.0391723 -0.0197906
v 0.279222 0.0499927 -0.0194681
v 0.26927 0.0607754 -0.018413
v 0.25937 0.0713718 -0.0166545
v 0.249511 0.0816467 -0.0142382
v 0.239697 0.0914789 -0.0112421
v 0.24006 0.10008 -0.00581225
v 0.320031 -9.25873e-05 -0.00945688
v 0.309545 0.0080289 -0.0159351
v 0.299399 0.0180727 -0.0176277
v 0.2893 0.0285009 -0.0187031
v 0.279247 0.0391898 -0.0190971
v 0.269243 0.0499926 -0.0187718
v 0.259293 0.0607553 -0.0177202
v 0.249391 0.0713328 -0.0159673
v 0.239534 0.0815836 -0.0135577
v 0.229717 0.0913998 -0.0105725
v 0.230061 0.100077 -0.00541826
v 0.310038 -9.16423e-05 -0.00897191
v 0.299564 0.00809039 -0.0152533
v 0.28942 0.0181229 -0.0169418
v 0.27932 0.0285378 -0.0180119
v 0.26927 0.0392078 -0.0184031
v 0.259266 0.0499927 -0.0180779
v 0.249317 0.060735 -0.0170301
v 0.239415 0.0712899 -0.0152815
v 0.229557 0.0815227 -0.0128819
v 0.21974 0.0913162 -0.00990468
v 0.220064 0.100077 -0.00504235
v 0.300042 -8.99265e-05 -0.00849789
v 0.289583 0.00815323 -0.0145709
v 0.279442 0.0181741 -0.0162554
v 0.269343 0.0285754 -0.017323
v 0.259291 0.0392295 -0.0177105
v 0.249291 0.0499928 -0.0173868
v 0.23934 0.0607144 -0.0163401
v 0.229438 0.0712464 -0.0145958
v 0.21958 0.0814576 -0.0122051
v 0.209761 0.0912312 -0.00923752
v 0.210063 0.100074 -0.00467316
v 0.290045 -8.75498e-05 -0.00803503
v 0.279607 0.00821728 -0.0138937
v 0.269463 0.0182264 -0.0155686
v 0.259366 0.0286137 -0.0166338
v 0.249315 0.0392483 -0.0170189
v 0.239312 0.0499928 -0.0166928
v 0.229362 0.0606934 -0.0156503
v 0.21946 0.0712021 -0.0139105
v 0.209601 0.0813913 -0.0115287
v 0.199782 0.0911447 -0.00857392
v 0.200064 0.100072 -0.00431798
v 0.280049 -8.77817e-05 -0.00758463
v 0.269626 0.00828572 -0.013215
v 0.259485 0.0182827 -0.014886
v 0.249389 0.0286526 -0.0159445
v 0.239338 0.0392706 -0.0163289
v 0.229336 0.0499928 -0.0160017
v 0.219388 0.0606686 -0.0149619
v 0.209483 0.0711569 -0.0132286
v 0.199624 0.0813238 -0.0108559
v 0.189806 0.0910533 -0.00791244
v 0.190065 0.100069 -0.00397696
v 0.270053 -8.42215e-05 -0.00715012
v 0.259647 0.00835849 -0.0125406
v 0.249506 0.0183431 -0.0142049
v 0.23941 0.0286952 -0.0152568
v 0.229361 0.039293 -0.0156389
v 0.219362 0.0499925 -0.0153137
v 0.209411 0.0606464 -0.0142756
v 0.199508 0.0711107 -0.01255
v 0.18965 0.0812517 -0.010185
v 0.179829 0.0909603 -0.00725191
v 0.180065 0.100067 -0.00364753
v 0.260057 -8.33347e-05 -0.00672553
v 0.249668 0.00843223 -0.0118661
v 0.239531 0.018401 -0.013525
v 0.229434 0.0287382 -0.014572
v 0.219384 0.0393154 -0.0149492
v 0.209385 0.0499919 -0.0146232
v 0.199435 0.0606236 -0.0135897
v 0.189532 0.0710602 -0.0118677
v 0.179672 0.0811782 -0.00951217
v 0.16985 0.0908657 -0.00659243
v 0.170062 0.100068 -0.00333137
v 0.250059 -8.19883e-05 -0.00631266
v 0.239689 0.00851005 -0.0111934
v 0.229551 0.0184659 -0.0128456
v 0.219459 0.0287815 -0.0138874
v 0.209411 0.0393378 -0.0142626
v 0.199412 0.0499908 -0.013936
v 0.189459 0.0605967 -0.0129029
v 0.179556 0.0710118 -0.0111906
v 0.169696 0.0811033 -0.00884316
v 0.159874 0.0907691 -0.005937
v 0.160062 0.100066 -0.00302825
v 0.24006 -8.02081e-05 -0.00591164
v 0.229712 0.0085887 -0.0105237
v 0.219576 0.0185281 -0.0121678
v 0.209479 0.0288282 -0.013202
v 0.199433 0.0393633 -0.0135753
v 0.189434 0.0499926 -0.0132482
v 0.179485 0.0605723 -0.0122213
v 0.169582 0.070959 -0.0105128
v 0.15972 0.0810267 -0.00817523
v 0.149898 0.0906675 -0.00528115
v 0.150058 0.100063 -0.00273429
v 0.230062 -7.80203e-05 -0.00552544
v 0.219733 0.00867125 -0.00985314
v 0.209596 0.0185973 -0.0114908
v 0.199504 0.028875 -0.0125199
v 0.189459 0.0393885 -0.0128915
v 0.179459 0.0499937 -0.0125639
v 0.169508 0.0605468 -0.0115377
v 0.159605 0.070908 -0.00983767
v 0.149746 0.0809484 -0.0075114
v 0.139924 0.0905639 -0.00462952
v 0.140055 0.100061 -0.00245525
v 0.220063 -7.88013e-05 -0.0051469
v 0.209755 0.00875768 -0.00918759
v 0.199622 0.0186634 -0.0108155
v 0.189528 0.0289251 -0.0118401
v 0.179483 0.0394134 -0.0122055
v 0.169485 0.0499941 -0.0118805
v 0.159535 0.0605203 -0.010858
v 0.149631 0.0708524 -0.00916207
v 0.139769 0.0808685 -0.006846
v 0.129947 0.0904582 -0.00397656
v 0.130056 0.100059 -0.00219129
v 0.210063 -7.60032e-05 -0.00478513
v 0.199779 0.00884462 -0.00852263
v 0.189645 0.0187363 -0.0101442
v 0.179553 0.028975 -0.0111609
v 0.169509 0.0394411 -0.0115248
v 0.159512 0.0499937 -0.0111981
v 0.149562 0.0604926 -0.0101793
v 0.139658 0.0707985 -0.00849224
v 0.129795 0.0807867 -0.00618483
v 0.119971 0.0903537 -0.00332963
v 0.120052 0.100056 -0.00193685
v 0.200065 -7.62438e-05 -0.00443411
v 0.1898 0.00893523 -0.00785721
v 0.179668 0.0188093 -0.00947091
v 0.169578 0.0290281 -0.0104844
v 0.159533 0.0394683 -0.0108423
v 0.149537 0.0499923 -0.010514
v 0.139587 0.0604636 -0.00949908
v 0.129684 0.0707398 -0.00781921
v 0.119821 0.080703 -0.00552521
v 0.109996 0.0902437 -0.00268268
v 0.110048 0.100053 -0.00169495
v 0.190064 -7.30039e-05 -0.00409733
v 0.179823 0.00902939 -0.00719725
v 0.169694 0.0188824 -0.0088013
v 0.159604 0.0290808 -0.00980884
v 0.149561 0.0394948 -0.0101637
v 0.139564 0.0499933 -0.00983557
v 0.129615 0.0604333 -0.008823
v 0.11971 0.0706825 -0.00714943
v 0.109848 0.0806173 -0.00486718
v 0.100021 0.0901315 -0.00203755
v 0.100045 0.10005 -0.00146568
v 0.18006 -6.96108e-05 -0.00377038
v 0.169846 0.0091238 -0.00653537
v 0.159716 0.018962 -0.00813324
v 0.149629 0.0291331 -0.00913155
v 0.139587 0.0395238 -0.00948516
v 0.129592 0.0499931 -0.00915846
v 0.119643 0.0604047 -0.00815012
v 0.109738 0.0706236 -0.00648405
v 0.0998749 0.0805295 -0.00421093
v 0.0900472 0.0900169 -0.00139417
v 0.0900422 0.10005 -0.00125362
v 0.170061 -6.94234e-05 -0.00345747
v 0.159872 0.00922157 -0.00587922
v 0.149742 0.019038 -0.0074647
v 0.139657 0.0291882 -0.00846003
v 0.129614 0.039552 -0.00880797
v 0.119619 0.0499917 -0.00847998
v 0.10967 0.0603747 -0.00747594
v 0.0997654 0.0705628 -0.00581754
v 0.0898998 0.0804395 -0.00355361
v 0.0800736 0.0898999 -0.000752738
v 0.0800387 0.100047 -0.00104997
v 0.16006 -6.58774e-05 -0.00315924
v 0.149895 0.00932271 -0.0052231
v 0.139767 0.0191204 -0.00680088
v 0.129682 0.029246 -0.00778876
v 0.119641 0.0395825 -0.00813397
v 0.109646 0.0499923 -0.0078048
v 0.0996975 0.0603429 -0.00680349
v 0.0897918 0.0705032 -0.00515455
v 0.0799285 0.0803472 -0.00290115
v 0.0701007 0.0897804 -0.000113378
v 0.0700329 0.100043 -0.000856393
v 0.150057 -6.56705e-05 -0.00286958
v 0.139916 0.00942708 -0.00456716
v 0.129794 0.0192024 -0.00613845
v 0.11971 0.0293031 -0.00711899
v 0.109668 0.0396119 -0.00745872
v 0.0996735 0.0499948 -0.00713303
v 0.089725 0.0603127 -0.00613457
v 0.0798195 0.0704416 -0.00449355
v 0.0699566 0.080256 -0.00225237
v 0.0601257 0.0896584 0.000526752
v 0.0600289 0.100042 -0.000680518
v 0.140054 -6.21489e-05 -0.00259484
v 0.129943 0.00953128 -0.00391563
v 0.119818 0.0192873 -0.00547641
v 0.109736 0.0293627 -0.00644965
v 0.0996976 0.0396436 -0.00678977
v 0.0897041 0.0499924 -0.0064615
v 0.0797542 0.0602806 -0.00546769
v 0.0698486 0.0703778 -0.00383464
v 0.059983 0.0801622 -0.00160294
v 0.050153 0.0895369 0.00115999
v 0.0500247 0.100038 -0.000513279
v 0.130053 -6.20419e-05 -0.0023318
v 0.119967 0.00963856 -0.0032645
v 0.109846 0.0193715 -0.00481607
v 0.099762 0.0294247 -0.00578382
v 0.0897267 0.0396738 -0.00611992
v 0.0797305 0.049995 -0.00579246
v 0.0697835 0.0602499 -0.00480464
v 0.0598793 0.0703117 -0.00317797
v 0.0500106 0.0800659 -0.000955866
v 0.0401801 0.0894092 0.00179533
v 0.0400197 0.100036 -0.000361253
v 0.12005 -5.86953e-05 -0.00208397
v 0.109993 0.00974882 -0.00261686
v 0.0998726 0.0194619 -0.00416089
v 0.0897909 0.0294857 -0.00511988
v 0.0797536 0.0397061 -0.00545083
v 0.069762 0.0499959 -0.00512852
v 0.0598146 0.0602169 -0.00414395
v 0.049907 0.0702465 -0.00252251
v 0.0400397 0.0799668 -0.000311336
v 0.0302092 0.0892816 0.00242324
v 0.0300156 0.100034 -0.000222927
v 0.110046 -5.55234e-05 -0.00184692
v 0.100018 0.00986203 -0.00196982
v 0.0898995 0.0195514 -0.00350481
v 0.0798179 0.0295488 -0.00445686
v 0.0697813 0.03974 -0.00478572
v 0.0597898 0.0499947 -0.00446113
v 0.0498431 0.0601851 -0.00348447
v 0.0399364 0.0701786 -0.00186964
v 0.0300713 0.079868 0.0003258
v 0.0202347 0.089154 0.00304933
v 0.0200125 0.100031 -9.85709e-05
v 0.100044 -5.57918e-05 -0.00162184
v 0.0900436 0.00997814 -0.00132644
v 0.0799249 0.0196435 -0.00284951
v 0.0698462 0.0296141 -0.0037977
v 0.0598117 0.0397723 -0.00412297
v 0.0498213 0.0499949 -0.00380085
v 0.0398738 0.0601509 -0.00282759
v 0.0299688 0.0701114 -0.00122422
v 0.0201012 0.079766 0.000962722
v 0.0102633 0.0890224 0.00366875
v 0.0100091 0.100031 1.01106e-05
v 0.0900394 -5.29506e-05 -0.00140947
v 0.0800701 0.0100936 -0.000682242
v 0.0699535 0.0197346 -0.00219649
v 0.0598774 0.0296779 -0.00314099
v 0.0498431 0.0398063 -0.00346442
v 0.0398506 0.0499963 -0.00314201
v 0.0299066 0.0601141 -0.00217356
v 0.0199999 0.070041 -0.000578935
v 0.0101302 0.0796637 0.00159441
v 4.20027e-06 0.0900246 -0.000200432
v 3.41915e-06 0.10003 -0.000201753
v 0.080036 -5.02273e-05 -0.00121102
v 0.0700985 0.0102118 -4.19336e-05
v 0.0599822 0.0198314 -0.00154918
v 0.0499072 0.0297437 -0.00248551
v 0.0398726 0.0398416 -0.0028074
v 0.0298824 0.0499953 -0.00248601
v 0.0199351 0.0600813 -0.00152303
v 0.010028 0.0699708 6.42412e-05
v 3.64549e-06 0.0800224 -0.000201204
v 0.0700313 -4.78654e-05 -0.00102386
v 0.0601242 0.010336 0.000595488
v 0.0500113 0.0199268 -0.000901564
v 0.0399366 0.0298144 -0.00183632
v 0.0299033 0.0398781 -0.002155
v 0.0199151 0.0499952 -0.00183475
v 0.00996604 0.0600456 -0.000875658
v 4.89842e-06 0.0700172 -0.000200848
v 0.0600285 -4.57155e-05 -0.000850892
v 0.0501509 0.0104593 0.00123343
v 0.0400377 0.0200278 -0.000257067
v 0.029968 0.0298799 -0.0011854
v 0.0199341 0.0399125 -0.00150266
v 0.0099459 0.049996 -0.00118537
v 1.55263e-06 0.060016 -0.000199839
v 0.0500246 -4.41141e-05 -0.000689561
v 0.0401796 0.0105848 0.00186677
v 0.0300673 0.0201268 0.000384211
v 0.0199991 0.0299501 -0.000541075
v 0.00996615 0.0399479 -0.00085528
v 2.76513e-06 0.0500123 -0.000200799
v 0.0400182 -3.94501e-05 -0.000541498
v 0.0302059 0.0107158 0.00249675
v 0.0200986 0.0202275 0.00102051
v 0.0100287 0.0300214 0.000101045
v 3.70635e-06 0.0400096 -0.000202598
v 2.85872e-06 -3.20182e-05 -9.77248e-05
v 0.0100077 -3.51162e-05 -0.000184572
v 4.51232e-06 0.00999646 -0.00020105
v 0.0200095 -3.62039e-05 -0.000286112
v 0.0102647 0.0109786 0.00374203
v 1.76496e-06 0.0200015 -0.000199627
v 0.030015 -3.92242e-05 -0.000406946
v 0.0202353 0.0108448 0.00312298
v 0.0101267 0.0203326 0.00165263
v 2.98371e-06 0.0300047 -0.000200626
v 0.997409 0.080004 -0.0712207
v 0.987651 0.0796626 -0.0679123
v 0.977853 0.0891518 -0.0650434
v 0.977586 0.100039 -0.0685081
v 0.997407 0.0900086 -0.0712454
v 0.98781 0.0890214 -0.065844
v 0.9875 0.100039 -0.0698301
v 0.997401 0.100015 -0.071275
v -0.0119319 0.013043 -0.110014
v -0.0192674 0.013043 -0.110014
v -0.0192674 0.00246662 -0.110014
v -0.0119319 0.00246662 -0.110014
v -0.0188896 0.00303843 -0.110014
v -0.0183229 0.00303843 -0.110014
v -0.0183229 0.00361006 -0.110014
v -0.0188896 0.00361006 -0.110014
v -0.0188896 0.00361006 -0.110014
v -0.0183229 0.00361006 -0.110014
v -0.0183229 0.00418168 -0.110014
v -0.0188896 0.00418168 -0.110014
v -0.0188896 0.00418168 -0.110014
v -0.0183229 0.00418168 -0.110014
v -0.0183229 0.00475349 -0.110014
v -0.0188896 0.00475349 -0.110014
v -0.0188896 0.00475349 -0.110014
v -0.0183229 0.00475349 -0.110014
v -0.0183229 0.00532511 -0.110014
v -0.0188896 0.00532511 -0.110014
v -0.0188896 0.00532511 -0.110014
v -0.0183229 0.00532511 -0.110014
v -0.0183229 0.00589692 -0.110014
v -0.0188896 0.00589692 -0.110014
v -0.0188896 0.00589692 -0.110014
v -0.0183229 0.00589692 -0.110014
v -0.0183229 0.00646854 -0.110014
v -0.0188896 0.00646854 -0.110014
v -0.0188896 0.00646854 -0.110014
v -0.0183229 0.00646854 -0.110014
v -0.0183229 0.00704017 -0.110014
v -0.0188896 0.00704017 -0.110014
v -0.0188896 0.00704017 -0.110014
v -0.0183229 0.00704017 -0.110014
v -0.0183229 0.00761198 -0.110014
v -0.0188896 0.00761198 -0.110014
v -0.0188896 0.00761198 -0.110014
v -0.0183229 0.00761198 -0.110014
v -0.0183229 0.0081836 -0.110014
v -0.0188896 0.0081836 -0.110014
v -0.0188896 0.0081836 -0.110014
v -0.0183229 0.0081836 -0.110014
v -0.0183229 0.00875522 -0.110014
v -0.0188896 0.00875522 -0.110014
v -0.0188896 0.00875522 -0.110014
v -0.0183229 0.00875522 -0.110014
v -0.0183229 0.00932703 -0.110014
v -0.0188896 0.00932703 -0.110014
v -0.0188896 0.00932703 -0.110014
v -0.0183229 0.00932703 -0.110014
v -0.0183229 0.00989865 -0.110014
v -0.0188896 0.00989865 -0.110014
v -0.0188896 0.00303843 -0.110014
v -0.018134 0.00303843 -0.110014
v -0.0188896 0.00361006 -0.110014
v -0.018134 0.00361006 -0.110014
v -0.0188896 0.00418168 -0.110014
v -0.018134 0.00418168 -0.110014
v -0.0188896 0.00475349 -0.110014
v -0.018134 0.00475349 -0.110014
v -0.0188896 0.00532511 -0.110014
v -0.018134 0.00532511 -0.110014
v -0.0188896 0.00589692 -0.110014
v -0.018134 0.00589692 -0.110014
v -0.0188896 0.00646854 -0.110014
v -0.018134 0.00646854 -0.110014
v -0.0188896 0.00704017 -0.110014
v -0.018134 0.00704017 -0.110014
v -0.0188896 0.00761198 -0.110014
v -0.018134 0.00761198 -0.110014
v -0.0188896 0.0081836 -0.110014
v -0.018134 0.0081836 -0.110014
v -0.0188896 0.00875522 -0.110014
v -0.018134 0.00875522 -0.110014
v -0.0188896 0.00932703 -0.110014
v -0.018134 0.00932703 -0.110014
v -0.0188896 0.00989865 -0.110014
v -0.018134 0.00989865 -0.110014
v -0.0183229 0.00989865 -0.110014
v -0.0183229 0.00303843 -0.110014

#List of body polygons
f 1 2 3
f 2 7 6
f 2 1 7
f 8 9 10
f 13 15 14
f 13 8 15
f 16 8 10
f 16 15 8
f 15 21 14
f 436 438 437
f 436 439 438
f 436 440 439
f 440 1 3
f 440 441 1
f 440 436 441
f 443 8 444
f 443 438 8
f 9 438 439
f 9 8 438
f 8 13 444
f 898 899 900
f 415 903 898
f 905 898 900
f 905 415 898
f 903 906 907
f 906 903 921
f 438 922 923
f 438 923 437
f 438 443 922
f 939 940 938
f 944 940 943
f 944 945 940
f 940 939 943
f 945 946 947
f 945 944 946
f 1133 1134 1132
f 1140 1134 1139
f 1140 1141 1134
f 1134 1133 1139
f 1147 1141 1146
f 1147 1148 1141
f 1141 1140 1146
f 1154 1148 1153
f 1154 1155 1148
f 1148 1147 1153
f 1161 1155 1160
f 1161 1162 1155
f 1155 1154 1160
f 1162 1163 1164
f 1162 1161 1163
f 1178 1179 1177
f 1181 898 1182
f 1181 1179 898
f 899 1179 1178
f 899 898 1179
f 1183 1185 1184
f 1183 903 1185
f 1182 903 1183
f 1182 898 903
f 1185 1186 1187
f 1186 903 907
f 1186 1185 903
f 1193 1194 1195
f 1196 1193 1197
f 1196 1198 1193
f 1193 1195 1197
f 940 1199 1198
f 938 1198 1196
f 938 940 1198
f 945 1200 1199
f 945 1199 940
f 1201 1200 1202
f 1201 1203 1200
f 1202 945 947
f 1202 1200 945
f 1204 1203 1205
f 1204 1206 1203
f 1203 1201 1205
f 1207 1206 1208
f 1207 1209 1206
f 1206 1204 1208
f 1210 1209 1211
f 1210 1212 1209
f 1209 1207 1211
f 1213 1212 1214
f 1213 1215 1212
f 1212 1210 1214
f 1215 1216 1217
f 1215 1213 1216
f 1357 1358 1359
f 1360 1357 1361
f 1360 1362 1357
f 1357 1359 1361
f 1363 1362 1364
f 1363 1365 1362
f 1362 1360 1364
f 1366 1365 1367
f 1366 1368 1365
f 1366 1369 1368
f 1365 1363 1367
f 1134 1371 1372
f 1369 1134 1372
f 1369 1132 1134
f 1369 1366 1132
f 1141 1374 1375
f 1371 1141 1375
f 1371 1134 1141
f 1148 1377 1378
f 1374 1148 1378
f 1374 1141 1148
f 1155 1382 1383
f 1377 1155 1383
f 1377 1148 1155
f 1391 1162 1390
f 1382 1162 1391
f 1382 1155 1162
f 1392 1394 1393
f 1392 1395 1394
f 1393 1162 1164
f 1393 1390 1162
f 1393 1394 1390
f 1397 1399 1398
f 1397 1400 1399
f 1397 1401 1400
f 1395 1401 1397
f 1395 1392 1401
f 1179 1402 1399
f 1177 1399 1400
f 1177 1179 1399
f 1403 1402 1404
f 1403 1405 1402
f 1404 1179 1181
f 1404 1402 1179
f 1407 1185 1408
f 1407 1405 1185
f 1184 1405 1403
f 1184 1185 1405
f 1409 1411 1410
f 1409 1412 1411
f 1410 1185 1187
f 1410 1408 1185
f 1410 1411 1408
f 1414 1415 1416
f 1414 1418 1415
f 1421 1423 1422
f 1421 1193 1423
f 1193 1421 1194
f 1198 1424 1423
f 1198 1423 1193
f 1199 1425 1424
f 1199 1424 1198
f 1200 1426 1425
f 1200 1425 1199
f 1203 1427 1426
f 1203 1426 1200
f 1206 1428 1427
f 1206 1427 1203
f 1209 1429 1428
f 1209 1428 1206
f 1212 1430 1429
f 1212 1429 1209
f 1215 1431 1430
f 1215 1430 1212
f 1432 1431 1433
f 1432 1434 1431
f 1433 1215 1217
f 1433 1431 1215
f 1435 1434 1436
f 1435 1437 1434
f 1434 1432 1436
f 1437 1438 1439
f 1437 1435 1438
f 1544 1545 1546
f 1357 1547 1544
f 1358 1544 1546
f 1358 1357 1544
f 1362 1548 1547
f 1362 1547 1357
f 1550 1365 1551
f 1550 1548 1365
f 1365 1548 1362
f 1365 1368 1551
f 1567 1569 1568
f 1567 1399 1569
f 1399 1567 1398
f 1402 1570 1569
f 1402 1569 1399
f 1405 1571 1570
f 1405 1570 1402
f 1571 1572 1573
f 1572 1405 1407
f 1572 1571 1405
f 1414 1416 1580
f 1583 1585 1584
f 1583 1423 1585
f 1423 1583 1422
f 1424 1586 1585
f 1424 1585 1423
f 1425 1587 1586
f 1425 1586 1424
f 1426 1588 1587
f 1426 1587 1425
f 1427 1589 1588
f 1427 1588 1426
f 1428 1590 1589
f 1428 1589 1427
f 1429 1591 1590
f 1429 1590 1428
f 1430 1592 1591
f 1430 1591 1429
f 1431 1593 1592
f 1431 1592 1430
f 1595 1434 1596
f 1595 1593 1434
f 1434 1593 1431
f 1437 1597 1598
f 1596 1437 1598
f 1596 1434 1437
f 1437 1439 1597
f 1544 1702 1703
f 1544 1703 1545
f 1705 1707 1706
f 1705 1547 1707
f 1702 1547 1705
f 1702 1544 1547
f 1548 1708 1707
f 1548 1707 1547
f 1709 1708 1710
f 1709 1711 1708
f 1710 1548 1550
f 1710 1708 1548
f 1711 1712 1713
f 1711 1709 1712
f 1729 1731 1730
f 1729 1569 1731
f 1569 1729 1568
f 1570 1732 1731
f 1570 1731 1569
f 1571 1733 1732
f 1571 1732 1570
f 1733 1734 1735
f 1734 1571 1573
f 1734 1733 1571
f 1585 1744 1745
f 1585 1745 1584
f 1586 1747 1748
f 1744 1586 1748
f 1744 1585 1586
f 1750 1752 1751
f 1750 1587 1752
f 1747 1587 1750
f 1747 1586 1587
f 1588 1753 1752
f 1588 1752 1587
f 1755 1589 1756
f 1755 1753 1589
f 1589 1753 1588
f 1590 1757 1758
f 1756 1590 1758
f 1756 1589 1590
f 1591 1760 1761
f 1757 1591 1761
f 1757 1590 1591
f 1592 1763 1764
f 1760 1592 1764
f 1760 1591 1592
f 1593 1766 1767
f 1763 1593 1767
f 1763 1592 1593
f 1593 1595 1766
f 1707 1908 1909
f 1707 1909 1706
f 1708 1911 1912
f 1908 1708 1912
f 1908 1707 1708
f 1711 1914 1915
f 1911 1711 1915
f 1911 1708 1711
f 1917 1919 1918
f 1917 1920 1919
f 1918 1711 1713
f 1918 1914 1711
f 1918 1919 1914
f 1922 1924 1923
f 1922 1925 1924
f 1922 1926 1925
f 1920 1926 1922
f 1920 1917 1926
f 1927 1924 1928
f 1927 1929 1924
f 1924 1925 1928
f 1933 1929 1932
f 1933 1934 1929
f 1932 1929 1927
f 1938 1934 1937
f 1938 1939 1934
f 1934 1933 1937
f 1940 1939 1941
f 1940 1942 1939
f 1939 1938 1941
f 1943 1942 1944
f 1943 1945 1942
f 1942 1940 1944
f 1947 1731 1948
f 1947 1945 1731
f 1730 1945 1943
f 1730 1731 1945
f 1949 1951 1950
f 1949 1732 1951
f 1948 1732 1949
f 1948 1731 1732
f 1953 1733 1954
f 1953 1951 1733
f 1733 1951 1732
f 1955 1956 1957
f 1733 1735 1954
f 1958 1955 1959
f 1958 1960 1955
f 1958 1961 1960
f 1955 1957 1959
f 1963 1964 1965
f 1963 1967 1968
f 1963 1965 1967
f 1752 1979 1980
f 1752 1980 1751
f 1753 1984 1985
f 1979 1753 1985
f 1979 1752 1753
f 1984 1753 1755
f 1924 2168 2169
f 1924 2169 1923
f 1929 2175 2176
f 2168 1929 2176
f 2168 1924 1929
f 1934 2182 2183
f 2175 1934 2183
f 2175 1929 1934
f 1939 2189 2190
f 2182 1939 2190
f 2182 1934 1939
f 1942 2196 2197
f 2189 1942 2197
f 2189 1939 1942
f 1945 2203 2204
f 2196 1945 2204
f 2196 1942 1945
f 2203 1945 1947
f 2221 1951 2220
f 1951 2221 1950
f 2225 2226 2224
f 2225 2227 2226
f 2225 2228 2227
f 2228 1951 1953
f 2228 2220 1951
f 2228 2225 2220
f 1955 2229 2226
f 1956 2226 2227
f 1956 1955 2226
f 2229 2230 2231
f 2230 1955 1960
f 2230 2229 1955
f 2234 1963 2235
f 2234 2236 1963
f 1964 2236 2237
f 1964 1963 2236
f 2238 2240 2239
f 2238 2241 2240
f 2238 2242 2241
f 2242 1963 1968
f 2242 2235 1963
f 2242 2238 2235
f 2240 2243 2244
f 2243 2240 2241
f 2703 2226 2702
f 2226 2703 2224
f 2707 2708 2706
f 2707 2229 2708
f 2702 2229 2707
f 2702 2226 2229
f 2229 2231 2718
f 2719 2720 2721
f 2720 2236 2234
f 2720 2719 2236
f 2240 2723 2724
f 2240 2724 2239
f 2726 2728 2727
f 2726 2729 2728
f 2726 2730 2729
f 2730 2240 2244
f 2730 2723 2240
f 2730 2726 2723
f 2728 2731 2732
f 2731 2728 2729

#List of body polygons
f 2 4 3
f 2 5 4
f 5 2 6
f 9 11 10
f 9 4 11
f 11 4 5
f 11 16 10
f 440 4 439
f 4 440 3
f 4 9 439
f 1180 1181 1182
f 1180 1183 1184
f 1180 1182 1183
f 1369 1370 1368
f 1371 1370 1372
f 1371 1373 1370
f 1370 1369 1372
f 1374 1373 1375
f 1374 1376 1373
f 1373 1371 1375
f 1377 1376 1378
f 1377 1379 1376
f 1377 1380 1379
f 1376 1374 1378
f 1382 1384 1383
f 1382 1385 1384
f 1380 1383 1384
f 1380 1377 1383
f 1387 1389 1388
f 1387 1390 1389
f 1387 1391 1390
f 1385 1391 1387
f 1385 1382 1391
f 1395 1389 1394
f 1395 1396 1389
f 1394 1389 1390
f 1396 1397 1398
f 1396 1395 1397
f 1180 1403 1404
f 1180 1404 1181
f 1406 1407 1408
f 1180 1184 1403
f 1412 1406 1411
f 1412 1413 1406
f 1411 1406 1408
f 1549 1550 1551
f 1370 1552 1549
f 1368 1549 1551
f 1368 1370 1549
f 1554 1373 1555
f 1554 1552 1373
f 1373 1552 1370
f 1376 1556 1557
f 1555 1376 1557
f 1555 1373 1376
f 1376 1379 1556
f 1389 1561 1562
f 1389 1562 1388
f 1564 1566 1565
f 1564 1396 1566
f 1561 1396 1564
f 1561 1389 1396
f 1566 1567 1568
f 1567 1396 1398
f 1567 1566 1396
f 1572 1574 1573
f 1572 1406 1574
f 1406 1572 1407
f 1576 1413 1577
f 1576 1574 1413
f 1413 1574 1406
f 1549 1709 1710
f 1549 1710 1550
f 1712 1714 1713
f 1712 1552 1714
f 1709 1552 1712
f 1709 1549 1552
f 1715 1714 1716
f 1715 1717 1714
f 1716 1552 1554
f 1716 1714 1552
f 1718 1717 1719
f 1718 1720 1717
f 1717 1715 1719
f 1720 1721 1722
f 1720 1718 1721
f 1725 1726 1727
f 1566 1728 1725
f 1565 1725 1727
f 1565 1566 1725
f 1728 1729 1730
f 1729 1566 1568
f 1729 1728 1566
f 1734 1736 1735
f 1734 1574 1736
f 1574 1734 1573
f 1737 1736 1738
f 1737 1739 1736
f 1738 1574 1576
f 1738 1736 1574
f 1714 1917 1918
f 1714 1918 1713
f 1926 1717 1925
f 1917 1717 1926
f 1917 1714 1717
f 1720 1927 1928
f 1925 1720 1928
f 1925 1717 1720
f 1930 1932 1931
f 1930 1933 1932
f 1931 1720 1722
f 1931 1927 1720
f 1931 1932 1927
f 1935 1937 1936
f 1935 1938 1937
f 1933 1936 1937
f 1933 1930 1936
f 1725 1940 1941
f 1938 1725 1941
f 1938 1726 1725
f 1938 1935 1726
f 1728 1943 1944
f 1940 1728 1944
f 1940 1725 1728
f 1728 1730 1943
f 1952 1953 1954
f 1956 1736 1957
f 1956 1952 1736
f 1735 1952 1954
f 1735 1736 1952
f 1739 1958 1959
f 1957 1739 1959
f 1957 1736 1739
f 2228 1952 2227
f 1952 2228 1953
f 1952 1956 2227
f 2233 2234 2235
f 2233 2238 2239
f 2238 2233 2235
f 2720 2722 2721
f 2720 2233 2722
f 2233 2720 2234
f 2723 2722 2724
f 2723 2725 2722
f 2724 2233 2239
f 2724 2722 2233
f 2725 2726 2727
f 2726 2725 2723

#List of body polygons
f 12 13 14
f 18 20 19
f 18 12 20
f 21 12 14
f 21 20 12
f 22 23 24
f 19 22 24
f 19 20 22
f 22 28 23
f 435 436 437
f 436 435 441
f 442 443 444
f 446 12 447
f 446 442 12
f 13 442 444
f 13 12 442
f 12 18 447
f 899 901 900
f 899 902 901
f 904 900 901
f 904 905 900
f 906 908 907
f 906 909 908
f 906 910 909
f 910 415 920
f 910 921 415
f 910 906 921
f 922 924 923
f 922 925 924
f 923 435 437
f 923 924 435
f 442 926 925
f 443 925 922
f 443 442 925
f 927 926 928
f 927 929 926
f 928 442 446
f 928 926 442
f 930 929 931
f 930 932 929
f 929 927 931
f 933 932 934
f 933 935 932
f 932 930 934
f 936 935 937
f 936 938 935
f 936 939 938
f 935 933 937
f 941 943 942
f 941 944 943
f 939 942 943
f 939 936 942
f 946 948 947
f 946 949 948
f 946 950 949
f 944 950 946
f 944 941 950
f 951 948 952
f 951 953 948
f 948 949 952
f 954 953 955
f 954 956 953
f 953 951 955
f 957 956 958
f 957 959 956
f 956 954 958
f 963 959 962
f 963 964 959
f 962 959 957
f 968 964 967
f 968 969 964
f 964 963 967
f 973 969 972
f 973 974 969
f 969 968 972
f 974 975 976
f 974 973 975
f 1106 1107 1105
f 1111 1107 1110
f 1111 1112 1107
f 1107 1106 1110
f 1116 1112 1115
f 1116 1117 1112
f 1112 1111 1115
f 1121 1117 1120
f 1121 1122 1117
f 1117 1116 1120
f 1126 1122 1125
f 1126 1127 1122
f 1122 1121 1125
f 1131 1127 1130
f 1131 1132 1127
f 1131 1133 1132
f 1127 1126 1130
f 1138 1139 1137
f 1138 1140 1139
f 1133 1137 1139
f 1133 1131 1137
f 1145 1146 1144
f 1145 1147 1146
f 1140 1144 1146
f 1140 1138 1144
f 1152 1153 1151
f 1152 1154 1153
f 1147 1151 1153
f 1147 1145 1151
f 1159 1160 1158
f 1159 1161 1160
f 1154 1158 1160
f 1154 1152 1158
f 1163 1165 1164
f 1163 1166 1165
f 1163 1167 1166
f 1161 1167 1163
f 1161 1159 1167
f 1173 1165 1172
f 1173 1174 1165
f 1165 1166 1172
f 1175 1174 1176
f 1175 1177 1174
f 1175 1178 1177
f 1174 1173 1176
f 902 1178 1175
f 902 899 1178
f 1186 1188 1187
f 1186 908 1188
f 908 1186 907
f 925 1189 1190
f 925 1190 924
f 926 1191 1189
f 926 1189 925
f 929 1192 1191
f 929 1191 926
f 1194 932 1195
f 1194 1192 932
f 932 1192 929
f 935 1196 1197
f 1195 935 1197
f 1195 932 935
f 935 938 1196
f 948 1201 1202
f 948 1202 947
f 953 1204 1205
f 1201 953 1205
f 1201 948 953
f 956 1207 1208
f 1204 956 1208
f 1204 953 956
f 959 1210 1211
f 1207 959 1211
f 1207 956 959
f 964 1213 1214
f 1210 964 1214
f 1210 959 964
f 1216 1218 1217
f 1216 969 1218
f 1213 969 1216
f 1213 964 969
f 974 1219 1218
f 974 1218 969
f 1220 1219 1221
f 1220 1222 1219
f 1221 974 976
f 1221 1219 974
f 1223 1222 1224
f 1223 1225 1222
f 1222 1220 1224
f 1226 1225 1227
f 1226 1228 1225
f 1225 1223 1227
f 1229 1228 1230
f 1229 1231 1228
f 1228 1226 1230
f 1232 1231 1233
f 1232 1234 1231
f 1231 1229 1233
f 1235 1234 1236
f 1235 1237 1234
f 1234 1232 1236
f 1237 1238 1239
f 1237 1235 1238
f 1341 1342 1343
f 1344 1341 1345
f 1344 1346 1341
f 1341 1343 1345
f 1347 1346 1348
f 1347 1349 1346
f 1346 1344 1348
f 1350 1349 1351
f 1350 1352 1349
f 1349 1347 1351
f 1353 1352 1354
f 1353 1355 1352
f 1352 1350 1354
f 1107 1356 1355
f 1105 1355 1353
f 1105 1107 1355
f 1358 1112 1359
f 1358 1356 1112
f 1112 1356 1107
f 1117 1360 1361
f 1359 1117 1361
f 1359 1112 1117
f 1122 1363 1364
f 1360 1122 1364
f 1360 1117 1122
f 1127 1366 1367
f 1363 1127 1367
f 1363 1122 1127
f 1366 1127 1132
f 1165 1392 1393
f 1165 1393 1164
f 1401 1174 1400
f 1392 1174 1401
f 1392 1165 1174
f 1174 1177 1400
f 1188 1409 1410
f 1188 1410 1187
f 1415 1417 1416
f 1415 1189 1417
f 1418 1189 1415
f 1418 1190 1189
f 1191 1419 1417
f 1191 1417 1189
f 1192 1420 1419
f 1192 1419 1191
f 1420 1421 1422
f 1421 1192 1194
f 1421 1420 1192
f 1218 1432 1433
f 1218 1433 1217
f 1219 1435 1436
f 1432 1219 1436
f 1432 1218 1219
f 1438 1440 1439
f 1438 1222 1440
f 1435 1222 1438
f 1435 1219 1222
f 1225 1441 1440
f 1225 1440 1222
f 1228 1442 1441
f 1228 1441 1225
f 1231 1443 1442
f 1231 1442 1228
f 1234 1444 1443
f 1234 1443 1231
f 1237 1445 1444
f 1237 1444 1234
f 1446 1445 1447
f 1446 1448 1445
f 1447 1237 1239
f 1447 1445 1237
f 1449 1448 1450
f 1449 1451 1448
f 1448 1446 1450
f 1451 1452 1453
f 1451 1449 1452
f 1533 1534 1535
f 1536 1533 1537
f 1536 1538 1533
f 1533 1535 1537
f 1341 1539 1538
f 1342 1538 1536
f 1342 1341 1538
f 1346 1540 1539
f 1346 1539 1341
f 1349 1541 1540
f 1349 1540 1346
f 1352 1542 1541
f 1352 1541 1349
f 1355 1543 1542
f 1355 1542 1352
f 1545 1356 1546
f 1545 1543 1356
f 1356 1543 1355
f 1356 1358 1546
f 1417 1578 1579
f 1416 1579 1580
f 1416 1417 1579
f 1419 1581 1578
f 1419 1578 1417
f 1420 1582 1581
f 1420 1581 1419
f 1582 1583 1584
f 1583 1420 1422
f 1583 1582 1420
f 1594 1595 1596
f 1597 1594 1598
f 1597 1599 1594
f 1594 1596 1598
f 1440 1600 1599
f 1439 1599 1597
f 1439 1440 1599
f 1441 1601 1600
f 1441 1600 1440
f 1442 1602 1601
f 1442 1601 1441
f 1443 1603 1602
f 1443 1602 1442
f 1444 1604 1603
f 1444 1603 1443
f 1445 1605 1604
f 1445 1604 1444
f 1607 1448 1608
f 1607 1605 1448
f 1448 1605 1445
f 1451 1609 1610
f 1608 1451 1610
f 1608 1448 1451
f 1451 1453 1609
f 1533 1689 1690
f 1533 1690 1534
f 1538 1692 1693
f 1689 1538 1693
f 1689 1533 1538
f 1695 1697 1696
f 1695 1539 1697
f 1692 1539 1695
f 1692 1538 1539
f 1540 1698 1697
f 1540 1697 1539
f 1541 1699 1698
f 1541 1698 1540
f 1542 1700 1699
f 1542 1699 1541
f 1543 1701 1700
f 1543 1700 1542
f 1702 1701 1703
f 1702 1704 1701
f 1703 1543 1545
f 1703 1701 1543
f 1704 1705 1706
f 1704 1702 1705
f 1578 1740 1741
f 1578 1741 1579
f 1581 1742 1740
f 1581 1740 1578
f 1582 1743 1742
f 1582 1742 1581
f 1744 1743 1745
f 1744 1746 1743
f 1745 1582 1584
f 1745 1743 1582
f 1747 1746 1748
f 1747 1749 1746
f 1746 1744 1748
f 1749 1750 1751
f 1749 1747 1750
f 1754 1755 1756
f 1757 1754 1758
f 1757 1759 1754
f 1754 1756 1758
f 1760 1759 1761
f 1760 1762 1759
f 1759 1757 1761
f 1763 1762 1764
f 1763 1765 1762
f 1762 1760 1764
f 1766 1765 1767
f 1766 1768 1765
f 1765 1763 1767
f 1594 1769 1768
f 1595 1768 1766
f 1595 1594 1768
f 1599 1770 1769
f 1599 1769 1594
f 1600 1771 1770
f 1600 1770 1599
f 1773 1601 1774
f 1773 1771 1601
f 1601 1771 1600
f 1602 1775 1776
f 1774 1602 1776
f 1774 1601 1602
f 1603 1778 1779
f 1775 1603 1779
f 1775 1602 1603
f 1604 1781 1782
f 1778 1604 1782
f 1778 1603 1604
f 1605 1784 1785
f 1781 1605 1785
f 1781 1604 1605
f 1605 1607 1784
f 1697 1890 1891
f 1697 1891 1696
f 1698 1893 1894
f 1890 1698 1894
f 1890 1697 1698
f 1699 1896 1897
f 1893 1699 1897
f 1893 1698 1699
f 1700 1899 1900
f 1896 1700 1900
f 1896 1699 1700
f 1701 1902 1903
f 1899 1701 1903
f 1899 1700 1701
f 1905 1907 1906
f 1905 1704 1907
f 1902 1704 1905
f 1902 1701 1704
f 1908 1907 1909
f 1908 1910 1907
f 1909 1704 1706
f 1909 1907 1704
f 1911 1910 1912
f 1911 1913 1910
f 1910 1908 1912
f 1914 1913 1915
f 1914 1916 1913
f 1913 1911 1915
f 1920 1916 1919
f 1920 1921 1916
f 1919 1916 1914
f 1921 1922 1923
f 1921 1920 1922
f 1946 1947 1948
f 1946 1949 1950
f 1946 1948 1949
f 1961 1962 1960
f 1964 1740 1965
f 1964 1966 1740
f 1740 1966 1741
f 1967 1969 1968
f 1967 1742 1969
f 1965 1742 1967
f 1965 1740 1742
f 1971 1743 1972
f 1971 1969 1743
f 1743 1969 1742
f 1746 1973 1974
f 1972 1746 1974
f 1972 1743 1746
f 1749 1976 1977
f 1973 1749 1977
f 1973 1746 1749
f 1979 1981 1980
f 1979 1982 1981
f 1980 1749 1751
f 1980 1976 1749
f 1980 1981 1976
f 1984 1986 1985
f 1984 1987 1986
f 1982 1985 1986
f 1982 1979 1985
f 1754 1989 1990
f 1987 1754 1990
f 1987 1755 1754
f 1987 1984 1755
f 1759 1992 1993
f 1995 1759 1993
f 1995 1754 1759
f 1762 1996 1997
f 1992 1762 1997
f 1992 1759 1762
f 1765 1999 2000
f 1996 1765 2000
f 1996 1762 1765
f 1768 2002 2003
f 1999 1768 2003
f 1999 1765 1768
f 1769 2007 2008
f 2002 1769 2008
f 2002 1768 1769
f 1770 2012 2013
f 2007 1770 2013
f 2007 1769 1770
f 1771 2017 2018
f 2012 1771 2018
f 2012 1770 1771
f 2017 1771 1773
f 1907 2143 2144
f 1907 2144 1906
f 1910 2148 2149
f 2143 1910 2149
f 2143 1907 1910
f 1913 2153 2154
f 2148 1913 2154
f 2148 1910 1913
f 1916 2158 2159
f 2153 1916 2159
f 2153 1913 1916
f 1921 2163 2164
f 2158 1921 2164
f 2158 1916 1921
f 2168 2170 2169
f 2168 2171 2170
f 2169 1921 1923
f 2169 2163 1921
f 2169 2170 2163
f 2175 2177 2176
f 2175 2178 2177
f 2171 2176 2177
f 2171 2168 2176
f 2182 2184 2183
f 2182 2185 2184
f 2178 2183 2184
f 2178 2175 2183
f 2189 2191 2190
f 2189 2192 2191
f 2185 2190 2191
f 2185 2182 2190
f 2196 2198 2197
f 2196 2199 2198
f 2192 2197 2198
f 2192 2189 2197
f 2203 2205 2204
f 2203 2206 2205
f 2199 2204 2205
f 2199 2196 2204
f 1946 2210 2211
f 2206 1946 2211
f 2206 1947 1946
f 2206 2203 1947
f 2219 2220 2218
f 2219 2221 2220
f 2221 1946 1950
f 2221 2210 1946
f 2221 2219 2210
f 2222 2224 2223
f 2222 2225 2224
f 2225 2218 2220
f 2225 2222 2218
f 2230 2232 2231
f 2230 1962 2232
f 1962 2230 1960
f 1966 1964 2237
f 2242 1969 2241
f 1969 2242 1968
f 2243 2245 2244
f 2243 2246 2245
f 2243 2247 2246
f 2247 1969 1971
f 2247 2241 1969
f 2247 2243 2241
f 2245 2248 2249
f 2245 2246 2248
f 2701 2702 2700
f 2701 2703 2702
f 2703 2223 2224
f 2703 2701 2223
f 2704 2706 2705
f 2704 2707 2706
f 2700 2707 2704
f 2700 2702 2707
f 2717 2232 2716
f 2717 2708 2232
f 2231 2708 2718
f 2231 2232 2708
f 2730 2245 2729
f 2245 2730 2244
f 2731 2733 2732
f 2731 2734 2733
f 2731 2735 2734
f 2735 2245 2249
f 2735 2729 2245
f 2735 2731 2729
f 2736 2733 2737
f 2736 2738 2733
f 2733 2734 2737
f 2738 2739 2740
f 2738 2736 2739

#List of body polygons
f 17 18 19
f 23 17 24
f 23 25 17
f 17 19 24
f 26 27 25
f 28 25 23
f 28 26 25
f 27 29 30
f 29 26 33
f 29 27 26
f 402 403 404
f 414 402 413
f 414 415 402
f 413 402 404
f 445 446 447
f 17 448 445
f 18 445 447
f 18 17 445
f 25 449 448
f 25 448 17
f 27 450 449
f 27 449 25
f 451 450 452
f 451 453 450
f 452 27 30
f 452 450 27
f 454 453 455
f 454 456 453
f 453 451 455
f 460 456 459
f 460 461 456
f 459 456 454
f 465 461 464
f 465 466 461
f 461 460 464
f 470 466 469
f 470 471 466
f 466 465 469
f 471 472 473
f 471 470 472
f 895 896 897
f 902 402 901
f 902 895 402
f 403 895 897
f 403 402 895
f 402 904 901
f 910 911 909
f 910 912 911
f 912 920 919
f 912 910 920
f 445 927 928
f 445 928 446
f 448 930 931
f 927 448 931
f 927 445 448
f 449 933 934
f 930 449 934
f 930 448 449
f 450 936 937
f 933 450 937
f 933 449 450
f 453 941 942
f 936 453 942
f 936 450 453
f 950 456 949
f 941 456 950
f 941 453 456
f 461 951 952
f 949 461 952
f 949 456 461
f 466 954 955
f 951 466 955
f 951 461 466
f 471 957 958
f 954 471 958
f 954 466 471
f 960 962 961
f 960 963 962
f 961 471 473
f 961 957 471
f 961 962 957
f 965 967 966
f 965 968 967
f 963 966 967
f 963 960 966
f 970 972 971
f 970 973 972
f 968 971 972
f 968 965 971
f 975 977 976
f 975 978 977
f 975 979 978
f 973 979 975
f 973 970 979
f 980 977 981
f 980 982 977
f 977 978 981
f 983 982 984
f 983 985 982
f 982 980 984
f 986 985 987
f 986 988 985
f 985 983 987
f 989 988 990
f 989 991 988
f 988 986 990
f 992 991 993
f 992 994 991
f 991 989 993
f 995 994 996
f 995 997 994
f 994 992 996
f 998 997 999
f 998 1000 997
f 997 995 999
f 1001 1000 1002
f 1001 1003 1000
f 1000 998 1002
f 1004 1003 1005
f 1004 1006 1003
f 1003 1001 1005
f 1007 1006 1008
f 1007 1009 1006
f 1006 1004 1008
f 1010 1009 1011
f 1010 1012 1009
f 1009 1007 1011
f 1013 1012 1014
f 1013 1015 1012
f 1012 1010 1014
f 1016 1015 1017
f 1016 1018 1015
f 1015 1013 1017
f 1018 1019 1020
f 1018 1016 1019
f 1064 1065 1066
f 1067 1064 1068
f 1067 1069 1064
f 1064 1066 1068
f 1070 1069 1071
f 1070 1072 1069
f 1069 1067 1071
f 1073 1072 1074
f 1073 1075 1072
f 1072 1070 1074
f 1076 1075 1077
f 1076 1078 1075
f 1075 1073 1077
f 1079 1078 1080
f 1079 1081 1078
f 1078 1076 1080
f 1082 1081 1083
f 1082 1084 1081
f 1081 1079 1083
f 1085 1084 1086
f 1085 1087 1084
f 1084 1082 1086
f 1088 1087 1089
f 1088 1090 1087
f 1087 1085 1089
f 1091 1090 1092
f 1091 1093 1090
f 1090 1088 1092
f 1094 1093 1095
f 1094 1096 1093
f 1093 1091 1095
f 1097 1096 1098
f 1097 1099 1096
f 1096 1094 1098
f 1100 1099 1101
f 1100 1102 1099
f 1099 1097 1101
f 1103 1102 1104
f 1103 1105 1102
f 1103 1106 1105
f 1102 1100 1104
f 1108 1110 1109
f 1108 1111 1110
f 1106 1109 1110
f 1106 1103 1109
f 1113 1115 1114
f 1113 1116 1115
f 1111 1114 1115
f 1111 1108 1114
f 1118 1120 1119
f 1118 1121 1120
f 1116 1119 1120
f 1116 1113 1119
f 1123 1125 1124
f 1123 1126 1125
f 1121 1124 1125
f 1121 1118 1124
f 1128 1130 1129
f 1128 1131 1130
f 1126 1129 1130
f 1126 1123 1129
f 1135 1137 1136
f 1135 1138 1137
f 1131 1136 1137
f 1131 1128 1136
f 1142 1144 1143
f 1142 1145 1144
f 1138 1143 1144
f 1138 1135 1143
f 1149 1151 1150
f 1149 1152 1151
f 1145 1150 1151
f 1145 1142 1150
f 1156 1158 1157
f 1156 1159 1158
f 1152 1157 1158
f 1152 1149 1157
f 1167 1168 1166
f 1167 1169 1168
f 1159 1169 1167
f 1159 1156 1169
f 1170 1172 1171
f 1170 1173 1172
f 1166 1171 1172
f 1166 1168 1171
f 895 1175 1176
f 1173 895 1176
f 1173 896 895
f 1173 1170 896
f 895 902 1175
f 977 1220 1221
f 977 1221 976
f 982 1223 1224
f 1220 982 1224
f 1220 977 982
f 985 1226 1227
f 1223 985 1227
f 1223 982 985
f 988 1229 1230
f 1226 988 1230
f 1226 985 988
f 991 1232 1233
f 1229 991 1233
f 1229 988 991
f 994 1235 1236
f 1232 994 1236
f 1232 991 994
f 1238 1240 1239
f 1238 997 1240
f 1235 997 1238
f 1235 994 997
f 1000 1241 1240
f 1000 1240 997
f 1003 1242 1241
f 1003 1241 1000
f 1006 1243 1242
f 1006 1242 1003
f 1009 1244 1243
f 1009 1243 1006
f 1012 1245 1244
f 1012 1244 1009
f 1015 1246 1245
f 1015 1245 1012
f 1018 1247 1246
f 1018 1246 1015
f 1248 1247 1249
f 1248 1250 1247
f 1249 1018 1020
f 1249 1247 1018
f 1251 1250 1252
f 1251 1253 1250
f 1250 1248 1252
f 1254 1253 1255
f 1254 1256 1253
f 1253 1251 1255
f 1257 1256 1258
f 1257 1259 1256
f 1256 1254 1258
f 1260 1259 1261
f 1260 1262 1259
f 1259 1257 1261
f 1263 1262 1264
f 1263 1265 1262
f 1262 1260 1264
f 1266 1265 1267
f 1266 1268 1265
f 1265 1263 1267
f 1269 1268 1270
f 1269 1271 1268
f 1268 1266 1270
f 1272 1271 1273
f 1272 1274 1271
f 1271 1269 1273
f 1275 1274 1276
f 1275 1277 1274
f 1274 1272 1276
f 1277 1278 1279
f 1277 1275 1278
f 1303 1304 1305
f 1306 1303 1307
f 1306 1308 1303
f 1303 1305 1307
f 1309 1308 1310
f 1309 1311 1308
f 1308 1306 1310
f 1312 1311 1313
f 1312 1314 1311
f 1311 1309 1313
f 1315 1314 1316
f 1315 1317 1314
f 1314 1312 1316
f 1318 1317 1319
f 1318 1320 1317
f 1317 1315 1319
f 1321 1320 1322
f 1321 1323 1320
f 1320 1318 1322
f 1324 1323 1325
f 1324 1326 1323
f 1323 1321 1325
f 1327 1326 1328
f 1327 1329 1326
f 1326 1324 1328
f 1330 1329 1331
f 1330 1332 1329
f 1329 1327 1331
f 1064 1333 1332
f 1065 1332 1330
f 1065 1064 1332
f 1069 1334 1333
f 1069 1333 1064
f 1072 1335 1334
f 1072 1334 1069
f 1075 1336 1335
f 1075 1335 1072
f 1078 1337 1336
f 1078 1336 1075
f 1081 1338 1337
f 1081 1337 1078
f 1084 1339 1338
f 1084 1338 1081
f 1087 1340 1339
f 1087 1339 1084
f 1342 1090 1343
f 1342 1340 1090
f 1090 1340 1087
f 1093 1344 1345
f 1343 1093 1345
f 1343 1090 1093
f 1096 1347 1348
f 1344 1096 1348
f 1344 1093 1096
f 1099 1350 1351
f 1347 1099 1351
f 1347 1096 1099
f 1102 1353 1354
f 1350 1102 1354
f 1350 1099 1102
f 1102 1105 1353
f 1240 1446 1447
f 1240 1447 1239
f 1241 1449 1450
f 1446 1241 1450
f 1446 1240 1241
f 1452 1454 1453
f 1452 1242 1454
f 1449 1242 1452
f 1449 1241 1242
f 1243 1455 1454
f 1243 1454 1242
f 1244 1456 1455
f 1244 1455 1243
f 1245 1457 1456
f 1245 1456 1244
f 1246 1458 1457
f 1246 1457 1245
f 1247 1459 1458
f 1247 1458 1246
f 1250 1460 1459
f 1250 1459 1247
f 1253 1461 1460
f 1253 1460 1250
f 1256 1462 1461
f 1256 1461 1253
f 1259 1463 1462
f 1259 1462 1256
f 1262 1464 1463
f 1262 1463 1259
f 1265 1465 1464
f 1265 1464 1262
f 1268 1466 1465
f 1268 1465 1265
f 1271 1467 1466
f 1271 1466 1268
f 1274 1468 1467
f 1274 1467 1271
f 1277 1469 1468
f 1277 1468 1274
f 1470 1469 1471
f 1470 1472 1469
f 1471 1277 1279
f 1471 1469 1277
f 1473 1472 1474
f 1473 1475 1472
f 1472 1470 1474
f 1476 1475 1477
f 1476 1478 1475
f 1475 1473 1477
f 1479 1478 1480
f 1479 1481 1478
f 1478 1476 1480
f 1482 1481 1483
f 1482 1484 1481
f 1481 1479 1483
f 1485 1484 1486
f 1485 1487 1484
f 1484 1482 1486
f 1487 1488 1489
f 1487 1485 1488
f 1502 1503 1504
f 1505 1502 1506
f 1505 1507 1502
f 1502 1504 1506
f 1508 1507 1509
f 1508 1510 1507
f 1507 1505 1509
f 1511 1510 1512
f 1511 1513 1510
f 1510 1508 1512
f 1514 1513 1515
f 1514 1516 1513
f 1513 1511 1515
f 1303 1517 1516
f 1304 1516 1514
f 1304 1303 1516
f 1308 1518 1517
f 1308 1517 1303
f 1311 1519 1518
f 1311 1518 1308
f 1314 1520 1519
f 1314 1519 1311
f 1317 1521 1520
f 1317 1520 1314
f 1320 1522 1521
f 1320 1521 1317
f 1323 1523 1522
f 1323 1522 1320
f 1326 1524 1523
f 1326 1523 1323
f 1329 1525 1524
f 1329 1524 1326
f 1332 1526 1525
f 1332 1525 1329
f 1333 1527 1526
f 1333 1526 1332
f 1334 1528 1527
f 1334 1527 1333
f 1335 1529 1528
f 1335 1528 1334
f 1336 1530 1529
f 1336 1529 1335
f 1337 1531 1530
f 1337 1530 1336
f 1338 1532 1531
f 1338 1531 1337
f 1534 1339 1535
f 1534 1532 1339
f 1339 1532 1338
f 1340 1536 1537
f 1535 1340 1537
f 1535 1339 1340
f 1340 1342 1536
f 1606 1607 1608
f 1609 1606 1610
f 1609 1611 1606
f 1606 1608 1610
f 1454 1612 1611
f 1453 1611 1609
f 1453 1454 1611
f 1455 1613 1612
f 1455 1612 1454
f 1456 1614 1613
f 1456 1613 1455
f 1457 1615 1614
f 1457 1614 1456
f 1458 1616 1615
f 1458 1615 1457
f 1459 1617 1616
f 1459 1616 1458
f 1460 1618 1617
f 1460 1617 1459
f 1461 1619 1618
f 1461 1618 1460
f 1462 1620 1619
f 1462 1619 1461
f 1463 1621 1620
f 1463 1620 1462
f 1464 1622 1621
f 1464 1621 1463
f 1465 1623 1622
f 1465 1622 1464
f 1466 1624 1623
f 1466 1623 1465
f 1467 1625 1624
f 1467 1624 1466
f 1468 1626 1625
f 1468 1625 1467
f 1469 1627 1626
f 1469 1626 1468
f 1472 1628 1627
f 1472 1627 1469
f 1630 1475 1631
f 1630 1628 1475
f 1475 1628 1472
f 1478 1632 1633
f 1631 1478 1633
f 1631 1475 1478
f 1481 1635 1636
f 1632 1481 1636
f 1632 1478 1481
f 1484 1638 1639
f 1635 1484 1639
f 1635 1481 1484
f 1487 1641 1642
f 1638 1487 1642
f 1638 1484 1487
f 1487 1489 1641
f 1502 1656 1657
f 1502 1657 1503
f 1507 1659 1660
f 1656 1507 1660
f 1656 1502 1507
f 1510 1662 1663
f 1659 1510 1663
f 1659 1507 1510
f 1513 1665 1666
f 1662 1513 1666
f 1662 1510 1513
f 1516 1668 1669
f 1665 1516 1669
f 1665 1513 1516
f 1671 1673 1672
f 1671 1517 1673
f 1668 1517 1671
f 1668 1516 1517
f 1518 1674 1673
f 1518 1673 1517
f 1519 1675 1674
f 1519 1674 1518
f 1520 1676 1675
f 1520 1675 1519
f 1521 1677 1676
f 1521 1676 1520
f 1522 1678 1677
f 1522 1677 1521
f 1523 1679 1678
f 1523 1678 1522
f 1524 1680 1679
f 1524 1679 1523
f 1525 1681 1680
f 1525 1680 1524
f 1526 1682 1681
f 1526 1681 1525
f 1527 1683 1682
f 1527 1682 1526
f 1528 1684 1683
f 1528 1683 1527
f 1529 1685 1684
f 1529 1684 1528
f 1530 1686 1685
f 1530 1685 1529
f 1531 1687 1686
f 1531 1686 1530
f 1532 1688 1687
f 1532 1687 1531
f 1689 1688 1690
f 1689 1691 1688
f 1690 1532 1534
f 1690 1688 1532
f 1692 1691 1693
f 1692 1694 1691
f 1691 1689 1693
f 1694 1695 1696
f 1694 1692 1695
f 1772 1773 1774
f 1775 1772 1776
f 1775 1777 1772
f 1772 1774 1776
f 1778 1777 1779
f 1778 1780 1777
f 1777 1775 1779
f 1781 1780 1782
f 1781 1783 1780
f 1780 1778 1782
f 1784 1783 1785
f 1784 1786 1783
f 1783 1781 1785
f 1606 1787 1786
f 1607 1786 1784
f 1607 1606 1786
f 1611 1788 1787
f 1611 1787 1606
f 1612 1789 1788
f 1612 1788 1611
f 1613 1790 1789
f 1613 1789 1612
f 1614 1791 1790
f 1614 1790 1613
f 1615 1792 1791
f 1615 1791 1614
f 1616 1793 1792
f 1616 1792 1615
f 1617 1794 1793
f 1617 1793 1616
f 1796 1618 1797
f 1796 1794 1618
f 1618 1794 1617
f 1619 1798 1799
f 1797 1619 1799
f 1797 1618 1619
f 1620 1801 1802
f 1798 1620 1802
f 1798 1619 1620
f 1621 1804 1805
f 1801 1621 1805
f 1801 1620 1621
f 1622 1807 1808
f 1804 1622 1808
f 1804 1621 1622
f 1623 1810 1811
f 1807 1623 1811
f 1807 1622 1623
f 1624 1813 1814
f 1810 1624 1814
f 1810 1623 1624
f 1625 1816 1817
f 1813 1625 1817
f 1813 1624 1625
f 1626 1819 1820
f 1816 1626 1820
f 1816 1625 1626
f 1627 1822 1823
f 1819 1627 1823
f 1819 1626 1627
f 1628 1825 1826
f 1822 1628 1826
f 1822 1627 1628
f 1628 1630 1825
f 1673 1850 1851
f 1673 1851 1672
f 1674 1853 1854
f 1850 1674 1854
f 1850 1673 1674
f 1675 1856 1857
f 1853 1675 1857
f 1853 1674 1675
f 1676 1859 1860
f 1856 1676 1860
f 1856 1675 1676
f 1677 1862 1863
f 1859 1677 1863
f 1859 1676 1677
f 1678 1865 1866
f 1862 1678 1866
f 1862 1677 1678
f 1679 1868 1869
f 1865 1679 1869
f 1865 1678 1679
f 1680 1871 1872
f 1868 1680 1872
f 1868 1679 1680
f 1681 1874 1875
f 1871 1681 1875
f 1871 1680 1681
f 1682 1877 1878
f 1874 1682 1878
f 1874 1681 1682
f 1880 1882 1881
f 1880 1683 1882
f 1877 1683 1880
f 1877 1682 1683
f 1684 1883 1882
f 1684 1882 1683
f 1685 1884 1883
f 1685 1883 1684
f 1686 1885 1884
f 1686 1884 1685
f 1687 1886 1885
f 1687 1885 1686
f 1688 1887 1886
f 1688 1886 1687
f 1691 1888 1887
f 1691 1887 1688
f 1694 1889 1888
f 1694 1888 1691
f 1890 1889 1891
f 1890 1892 1889
f 1891 1694 1696
f 1891 1889 1694
f 1893 1892 1894
f 1893 1895 1892
f 1892 1890 1894
f 1896 1895 1897
f 1896 1898 1895
f 1895 1893 1897
f 1899 1898 1900
f 1899 1901 1898
f 1898 1896 1900
f 1902 1901 1903
f 1902 1904 1901
f 1901 1899 1903
f 1904 1905 1906
f 1904 1902 1905
f 1970 1971 1972
f 1973 1970 1974
f 1973 1975 1970
f 1970 1972 1974
f 1976 1975 1977
f 1976 1978 1975
f 1975 1973 1977
f 1982 1978 1981
f 1982 1983 1978
f 1981 1978 1976
f 1987 1983 1986
f 1987 1988 1983
f 1983 1982 1986
f 1989 1988 1990
f 1989 1991 1988
f 1988 1987 1990
f 1992 1991 1993
f 1992 1994 1991
f 1991 1995 1993
f 1996 1994 1997
f 1996 1998 1994
f 1994 1992 1997
f 1999 1998 2000
f 1999 2001 1998
f 1998 1996 2000
f 2002 2001 2003
f 2002 2004 2001
f 2002 2005 2004
f 2001 1999 2003
f 2007 2009 2008
f 2007 2010 2009
f 2005 2008 2009
f 2005 2002 2008
f 2012 2014 2013
f 2012 2015 2014
f 2010 2013 2014
f 2010 2007 2013
f 2017 2019 2018
f 2017 2020 2019
f 2015 2018 2019
f 2015 2012 2018
f 1772 2022 2023
f 2020 1772 2023
f 2020 1773 1772
f 2020 2017 1773
f 1777 2025 2026
f 2022 1777 2026
f 2022 1772 1777
f 1780 2028 2029
f 2025 1780 2029
f 2025 1777 1780
f 1783 2031 2032
f 2028 1783 2032
f 2028 1780 1783
f 1786 2034 2035
f 2031 1786 2035
f 2031 1783 1786
f 1787 2037 2038
f 2034 1787 2038
f 2034 1786 1787
f 1788 2040 2041
f 2037 1788 2041
f 2037 1787 1788
f 1789 2043 2044
f 2040 1789 2044
f 2040 1788 1789
f 1790 2046 2047
f 2043 1790 2047
f 2043 1789 1790
f 1791 2049 2050
f 2046 1791 2050
f 2046 1790 1791
f 1792 2052 2053
f 2049 1792 2053
f 2049 1791 1792
f 1793 2055 2056
f 2052 1793 2056
f 2052 1792 1793
f 1794 2058 2059
f 2055 1794 2059
f 2055 1793 1794
f 1794 1796 2058
f 1882 2104 2105
f 1882 2105 1881
f 1883 2107 2108
f 2104 1883 2108
f 2104 1882 1883
f 1884 2110 2111
f 2107 1884 2111
f 2107 1883 1884
f 1885 2113 2114
f 2110 1885 2114
f 2110 1884 1885
f 1886 2116 2117
f 2113 1886 2117
f 2113 1885 1886
f 1887 2119 2120
f 2116 1887 2120
f 2116 1886 1887
f 1888 2122 2123
f 2119 1888 2123
f 2119 1887 1888
f 1889 2125 2126
f 2122 1889 2126
f 2122 1888 1889
f 1892 2128 2129
f 2125 1892 2129
f 2125 1889 1892
f 1895 2131 2132
f 2128 1895 2132
f 2128 1892 1895
f 1898 2134 2135
f 2131 1898 2135
f 2131 1895 1898
f 1901 2137 2138
f 2134 1901 2138
f 2134 1898 1901
f 1904 2140 2141
f 2137 1904 2141
f 2137 1901 1904
f 2143 2145 2144
f 2143 2146 2145
f 2144 1904 1906
f 2144 2140 1904
f 2144 2145 2140
f 2148 2150 2149
f 2148 2151 2150
f 2146 2149 2150
f 2146 2143 2149
f 2153 2155 2154
f 2153 2156 2155
f 2151 2154 2155
f 2151 2148 2154
f 2158 2160 2159
f 2158 2161 2160
f 2156 2159 2160
f 2156 2153 2159
f 2163 2165 2164
f 2163 2166 2165
f 2161 2164 2165
f 2161 2158 2164
f 2171 2172 2170
f 2171 2173 2172
f 2170 2166 2163
f 2170 2172 2166
f 2178 2179 2177
f 2178 2180 2179
f 2173 2177 2179
f 2173 2171 2177
f 2185 2186 2184
f 2185 2187 2186
f 2180 2184 2186
f 2180 2178 2184
f 2192 2193 2191
f 2192 2194 2193
f 2187 2191 2193
f 2187 2185 2191
f 2199 2200 2198
f 2199 2201 2200
f 2194 2198 2200
f 2194 2192 2198
f 2206 2207 2205
f 2206 2208 2207
f 2201 2205 2207
f 2201 2199 2205
f 2210 2212 2211
f 2210 2213 2212
f 2208 2211 2212
f 2208 2206 2211
f 2215 2217 2216
f 2215 2218 2217
f 2215 2219 2218
f 2219 2213 2210
f 2219 2215 2213
f 2217 2222 2223
f 2222 2217 2218
f 2247 1970 2246
f 1970 2247 1971
f 2248 2250 2249
f 2248 1975 2250
f 2246 1975 2248
f 2246 1970 1975
f 1978 2251 2250
f 1978 2250 1975
f 1983 2252 2251
f 1983 2251 1978
f 2254 1988 2255
f 2254 2252 1988
f 1988 2252 1983
f 1991 2256 2257
f 2255 1991 2257
f 2255 1988 1991
f 1994 2259 2260
f 2256 1994 2260
f 2256 1991 1994
f 1998 2264 2265
f 2259 1998 2265
f 2259 1994 1998
f 2001 2269 2270
f 2264 2001 2270
f 2264 1998 2001
f 2269 2001 2004
f 2696 2217 2695
f 2217 2696 2216
f 2697 2699 2698
f 2697 2700 2699
f 2697 2701 2700
f 2701 2217 2223
f 2701 2695 2217
f 2701 2697 2695
f 2699 2704 2705
f 2699 2700 2704
f 2715 2716 2714
f 2715 2717 2716
f 2735 2250 2734
f 2250 2735 2249
f 2251 2736 2737
f 2734 2251 2737
f 2734 2250 2251
f 2739 2741 2740
f 2739 2252 2741
f 2736 2252 2739
f 2736 2251 2252
f 2741 2742 2743
f 2742 2252 2254
f 2742 2741 2252
f 2699 3016 3017
f 2699 3017 2698
f 2708 3019 3020
f 3016 2708 3020
f 3016 2699 2708

#List of body polygons
f 29 31 30
f 29 32 31
f 32 29 33
f 35 31 36
f 35 37 31
f 36 32 38
f 36 31 32
f 37 39 40
f 37 35 39
f 397 398 396
f 397 399 398
f 399 397 400
f 403 405 404
f 403 398 405
f 405 398 399
f 412 413 411
f 412 414 413
f 411 405 418
f 411 404 405
f 411 413 404
f 31 451 452
f 31 452 30
f 37 454 455
f 451 37 455
f 451 31 37
f 457 459 458
f 457 460 459
f 458 37 40
f 458 454 37
f 458 459 454
f 462 464 463
f 462 465 464
f 460 463 464
f 460 457 463
f 467 469 468
f 467 470 469
f 465 468 469
f 465 462 468
f 472 474 473
f 472 475 474
f 472 476 475
f 470 476 472
f 470 467 476
f 477 474 478
f 477 479 474
f 474 475 478
f 480 479 481
f 480 482 479
f 479 477 481
f 483 482 484
f 483 485 482
f 482 480 484
f 489 485 488
f 489 490 485
f 488 485 483
f 494 490 493
f 494 495 490
f 490 489 493
f 499 495 498
f 499 500 495
f 495 494 498
f 504 500 503
f 504 505 500
f 500 499 503
f 509 505 508
f 509 510 505
f 505 504 508
f 514 510 513
f 514 515 510
f 510 509 513
f 519 515 518
f 519 520 515
f 515 514 518
f 524 520 523
f 524 525 520
f 520 519 523
f 529 525 528
f 529 530 525
f 525 524 528
f 534 530 533
f 534 535 530
f 530 529 533
f 539 535 538
f 539 540 535
f 535 534 538
f 544 540 543
f 544 545 540
f 540 539 543
f 549 545 548
f 549 550 545
f 545 544 548
f 554 550 553
f 554 555 550
f 550 549 553
f 559 555 558
f 559 560 555
f 555 554 558
f 564 560 563
f 564 565 560
f 560 559 563
f 569 565 568
f 569 570 565
f 565 564 568
f 574 570 573
f 574 575 570
f 570 569 573
f 579 575 578
f 579 580 575
f 575 574 578
f 584 580 583
f 584 585 580
f 580 579 583
f 589 585 588
f 589 590 585
f 585 584 588
f 594 590 593
f 594 595 590
f 590 589 593
f 599 595 598
f 599 600 595
f 595 594 598
f 604 600 603
f 604 605 600
f 600 599 603
f 609 605 608
f 609 610 605
f 605 604 608
f 614 610 613
f 614 615 610
f 610 609 613
f 619 615 618
f 619 620 615
f 615 614 618
f 624 620 623
f 624 625 620
f 620 619 623
f 629 625 628
f 629 630 625
f 625 624 628
f 634 630 633
f 634 635 630
f 630 629 633
f 639 635 638
f 639 640 635
f 635 634 638
f 644 640 643
f 644 645 640
f 640 639 643
f 649 645 648
f 649 650 645
f 645 644 648
f 654 650 653
f 654 655 650
f 650 649 653
f 659 655 658
f 659 660 655
f 655 654 658
f 664 660 663
f 664 665 660
f 660 659 663
f 669 665 668
f 669 670 665
f 665 664 668
f 674 670 673
f 674 675 670
f 670 669 673
f 679 675 678
f 679 680 675
f 675 674 678
f 684 680 683
f 684 685 680
f 680 679 683
f 689 685 688
f 689 690 685
f 685 684 688
f 694 690 693
f 694 695 690
f 690 689 693
f 699 695 698
f 699 700 695
f 695 694 698
f 704 700 703
f 704 705 700
f 700 699 703
f 709 705 708
f 709 710 705
f 705 704 708
f 714 710 713
f 714 715 710
f 710 709 713
f 719 715 718
f 719 720 715
f 715 714 718
f 724 720 723
f 724 725 720
f 720 719 723
f 729 725 728
f 729 730 725
f 725 724 728
f 734 730 733
f 734 735 730
f 730 729 733
f 739 735 738
f 739 740 735
f 735 734 738
f 744 740 743
f 744 745 740
f 740 739 743
f 749 745 748
f 749 750 745
f 745 744 748
f 754 750 753
f 754 755 750
f 750 749 753
f 759 755 758
f 759 760 755
f 755 754 758
f 764 760 763
f 764 765 760
f 760 759 763
f 769 765 768
f 769 770 765
f 765 764 768
f 774 770 773
f 774 775 770
f 770 769 773
f 779 775 778
f 779 780 775
f 775 774 778
f 784 780 783
f 784 785 780
f 780 779 783
f 789 785 788
f 789 790 785
f 785 784 788
f 794 790 793
f 794 795 790
f 790 789 793
f 799 795 798
f 799 800 795
f 795 794 798
f 804 800 803
f 804 805 800
f 800 799 803
f 809 805 808
f 809 810 805
f 805 804 808
f 814 810 813
f 814 815 810
f 810 809 813
f 819 815 818
f 819 820 815
f 815 814 818
f 824 820 823
f 824 825 820
f 820 819 823
f 829 825 828
f 829 830 825
f 825 824 828
f 834 830 833
f 834 835 830
f 830 829 833
f 839 835 838
f 839 840 835
f 835 834 838
f 844 840 843
f 844 845 840
f 840 839 843
f 849 845 848
f 849 850 845
f 845 844 848
f 854 850 853
f 854 855 850
f 850 849 853
f 859 855 858
f 859 860 855
f 855 854 858
f 864 860 863
f 864 865 860
f 860 859 863
f 869 865 868
f 869 870 865
f 865 864 868
f 876 870 875
f 876 877 870
f 875 870 869
f 883 877 882
f 883 884 877
f 877 876 882
f 888 884 887
f 888 889 884
f 884 883 887
f 893 889 892
f 893 894 889
f 889 888 892
f 896 398 897
f 896 894 398
f 396 894 893
f 396 398 894
f 398 403 897
f 912 913 911
f 912 914 913
f 914 919 918
f 914 912 919
f 474 960 961
f 474 961 473
f 479 965 966
f 960 479 966
f 960 474 479
f 482 970 971
f 965 482 971
f 965 479 482
f 979 485 978
f 970 485 979
f 970 482 485
f 490 980 981
f 978 490 981
f 978 485 490
f 495 983 984
f 980 495 984
f 980 490 495
f 500 986 987
f 983 500 987
f 983 495 500
f 505 989 990
f 986 505 990
f 986 500 505
f 510 992 993
f 989 510 993
f 989 505 510
f 515 995 996
f 992 515 996
f 992 510 515
f 520 998 999
f 995 520 999
f 995 515 520
f 525 1001 1002
f 998 525 1002
f 998 520 525
f 530 1004 1005
f 1001 530 1005
f 1001 525 530
f 535 1007 1008
f 1004 535 1008
f 1004 530 535
f 540 1010 1011
f 1007 540 1011
f 1007 535 540
f 545 1013 1014
f 1010 545 1014
f 1010 540 545
f 550 1016 1017
f 1013 550 1017
f 1013 545 550
f 1019 1021 1020
f 1019 555 1021
f 1016 555 1019
f 1016 550 555
f 560 1022 1021
f 560 1021 555
f 565 1023 1022
f 565 1022 560
f 570 1024 1023
f 570 1023 565
f 575 1025 1024
f 575 1024 570
f 580 1026 1025
f 580 1025 575
f 585 1027 1026
f 585 1026 580
f 590 1028 1027
f 590 1027 585
f 595 1029 1028
f 595 1028 590
f 600 1030 1029
f 600 1029 595
f 605 1031 1030
f 605 1030 600
f 610 1032 1031
f 610 1031 605
f 615 1033 1032
f 615 1032 610
f 620 1034 1033
f 620 1033 615
f 625 1035 1034
f 625 1034 620
f 630 1036 1035
f 630 1035 625
f 635 1037 1036
f 635 1036 630
f 640 1038 1037
f 640 1037 635
f 645 1039 1038
f 645 1038 640
f 650 1040 1039
f 650 1039 645
f 655 1041 1040
f 655 1040 650
f 660 1042 1041
f 660 1041 655
f 665 1043 1042
f 665 1042 660
f 670 1044 1043
f 670 1043 665
f 675 1045 1044
f 675 1044 670
f 680 1046 1045
f 680 1045 675
f 685 1047 1046
f 685 1046 680
f 690 1048 1047
f 690 1047 685
f 695 1049 1048
f 695 1048 690
f 700 1050 1049
f 700 1049 695
f 705 1051 1050
f 705 1050 700
f 710 1052 1051
f 710 1051 705
f 715 1053 1052
f 715 1052 710
f 720 1054 1053
f 720 1053 715
f 725 1055 1054
f 725 1054 720
f 730 1056 1055
f 730 1055 725
f 735 1057 1056
f 735 1056 730
f 740 1058 1057
f 740 1057 735
f 745 1059 1058
f 745 1058 740
f 750 1060 1059
f 750 1059 745
f 755 1061 1060
f 755 1060 750
f 760 1062 1061
f 760 1061 755
f 765 1063 1062
f 765 1062 760
f 1065 770 1066
f 1065 1063 770
f 770 1063 765
f 775 1067 1068
f 1066 775 1068
f 1066 770 775
f 780 1070 1071
f 1067 780 1071
f 1067 775 780
f 785 1073 1074
f 1070 785 1074
f 1070 780 785
f 790 1076 1077
f 1073 790 1077
f 1073 785 790
f 795 1079 1080
f 1076 795 1080
f 1076 790 795
f 800 1082 1083
f 1079 800 1083
f 1079 795 800
f 805 1085 1086
f 1082 805 1086
f 1082 800 805
f 810 1088 1089
f 1085 810 1089
f 1085 805 810
f 815 1091 1092
f 1088 815 1092
f 1088 810 815
f 820 1094 1095
f 1091 820 1095
f 1091 815 820
f 825 1097 1098
f 1094 825 1098
f 1094 820 825
f 830 1100 1101
f 1097 830 1101
f 1097 825 830
f 835 1103 1104
f 1100 835 1104
f 1100 830 835
f 840 1108 1109
f 1103 840 1109
f 1103 835 840
f 845 1113 1114
f 1108 845 1114
f 1108 840 845
f 850 1118 1119
f 1113 850 1119
f 1113 845 850
f 855 1123 1124
f 1118 855 1124
f 1118 850 855
f 860 1128 1129
f 1123 860 1129
f 1123 855 860
f 865 1135 1136
f 1128 865 1136
f 1128 860 865
f 870 1142 1143
f 1135 870 1143
f 1135 865 870
f 877 1149 1150
f 1142 877 1150
f 1142 870 877
f 884 1156 1157
f 1149 884 1157
f 1149 877 884
f 1169 889 1168
f 1156 889 1169
f 1156 884 889
f 894 1170 1171
f 1168 894 1171
f 1168 889 894
f 1170 894 896
f 1021 1248 1249
f 1021 1249 1020
f 1022 1251 1252
f 1248 1022 1252
f 1248 1021 1022
f 1023 1254 1255
f 1251 1023 1255
f 1251 1022 1023
f 1024 1257 1258
f 1254 1024 1258
f 1254 1023 1024
f 1025 1260 1261
f 1257 1025 1261
f 1257 1024 1025
f 1026 1263 1264
f 1260 1026 1264
f 1260 1025 1026
f 1027 1266 1267
f 1263 1027 1267
f 1263 1026 1027
f 1028 1269 1270
f 1266 1028 1270
f 1266 1027 1028
f 1029 1272 1273
f 1269 1029 1273
f 1269 1028 1029
f 1030 1275 1276
f 1272 1030 1276
f 1272 1029 1030
f 1278 1280 1279
f 1278 1031 1280
f 1275 1031 1278
f 1275 1030 1031
f 1032 1281 1280
f 1032 1280 1031
f 1033 1282 1281
f 1033 1281 1032
f 1034 1283 1282
f 1034 1282 1033
f 1035 1284 1283
f 1035 1283 1034
f 1036 1285 1284
f 1036 1284 1035
f 1037 1286 1285
f 1037 1285 1036
f 1038 1287 1286
f 1038 1286 1037
f 1039 1288 1287
f 1039 1287 1038
f 1040 1289 1288
f 1040 1288 1039
f 1041 1290 1289
f 1041 1289 1040
f 1042 1291 1290
f 1042 1290 1041
f 1043 1292 1291
f 1043 1291 1042
f 1044 1293 1292
f 1044 1292 1043
f 1045 1294 1293
f 1045 1293 1044
f 1046 1295 1294
f 1046 1294 1045
f 1047 1296 1295
f 1047 1295 1046
f 1048 1297 1296
f 1048 1296 1047
f 1049 1298 1297
f 1049 1297 1048
f 1050 1299 1298
f 1050 1298 1049
f 1051 1300 1299
f 1051 1299 1050
f 1052 1301 1300
f 1052 1300 1051
f 1053 1302 1301
f 1053 1301 1052
f 1304 1054 1305
f 1304 1302 1054
f 1054 1302 1053
f 1055 1306 1307
f 1305 1055 1307
f 1305 1054 1055
f 1056 1309 1310
f 1306 1056 1310
f 1306 1055 1056
f 1057 1312 1313
f 1309 1057 1313
f 1309 1056 1057
f 1058 1315 1316
f 1312 1058 1316
f 1312 1057 1058
f 1059 1318 1319
f 1315 1059 1319
f 1315 1058 1059
f 1060 1321 1322
f 1318 1060 1322
f 1318 1059 1060
f 1061 1324 1325
f 1321 1061 1325
f 1321 1060 1061
f 1062 1327 1328
f 1324 1062 1328
f 1324 1061 1062
f 1063 1330 1331
f 1327 1063 1331
f 1327 1062 1063
f 1063 1065 1330
f 1280 1470 1471
f 1280 1471 1279
f 1281 1473 1474
f 1470 1281 1474
f 1470 1280 1281
f 1282 1476 1477
f 1473 1282 1477
f 1473 1281 1282
f 1283 1479 1480
f 1476 1283 1480
f 1476 1282 1283
f 1284 1482 1483
f 1479 1284 1483
f 1479 1283 1284
f 1285 1485 1486
f 1482 1285 1486
f 1482 1284 1285
f 1488 1490 1489
f 1488 1286 1490
f 1485 1286 1488
f 1485 1285 1286
f 1287 1491 1490
f 1287 1490 1286
f 1288 1492 1491
f 1288 1491 1287
f 1289 1493 1492
f 1289 1492 1288
f 1290 1494 1493
f 1290 1493 1289
f 1291 1495 1494
f 1291 1494 1290
f 1292 1496 1495
f 1292 1495 1291
f 1293 1497 1496
f 1293 1496 1292
f 1294 1498 1497
f 1294 1497 1293
f 1295 1499 1498
f 1295 1498 1294
f 1296 1500 1499
f 1296 1499 1295
f 1297 1501 1500
f 1297 1500 1296
f 1503 1298 1504
f 1503 1501 1298
f 1298 1501 1297
f 1299 1505 1506
f 1504 1299 1506
f 1504 1298 1299
f 1300 1508 1509
f 1505 1300 1509
f 1505 1299 1300
f 1301 1511 1512
f 1508 1301 1512
f 1508 1300 1301
f 1302 1514 1515
f 1511 1302 1515
f 1511 1301 1302
f 1302 1304 1514
f 1629 1630 1631
f 1632 1629 1633
f 1632 1634 1629
f 1629 1631 1633
f 1635 1634 1636
f 1635 1637 1634
f 1634 1632 1636
f 1638 1637 1639
f 1638 1640 1637
f 1637 1635 1639
f 1641 1640 1642
f 1641 1643 1640
f 1640 1638 1642
f 1490 1644 1643
f 1489 1643 1641
f 1489 1490 1643
f 1491 1645 1644
f 1491 1644 1490
f 1492 1646 1645
f 1492 1645 1491
f 1493 1647 1646
f 1493 1646 1492
f 1494 1648 1647
f 1494 1647 1493
f 1495 1649 1648
f 1495 1648 1494
f 1496 1650 1649
f 1496 1649 1495
f 1497 1651 1650
f 1497 1650 1496
f 1498 1652 1651
f 1498 1651 1497
f 1499 1653 1652
f 1499 1652 1498
f 1500 1654 1653
f 1500 1653 1499
f 1501 1655 1654
f 1501 1654 1500
f 1656 1655 1657
f 1656 1658 1655
f 1657 1501 1503
f 1657 1655 1501
f 1659 1658 1660
f 1659 1661 1658
f 1658 1656 1660
f 1662 1661 1663
f 1662 1664 1661
f 1661 1659 1663
f 1665 1664 1666
f 1665 1667 1664
f 1664 1662 1666
f 1668 1667 1669
f 1668 1670 1667
f 1667 1665 1669
f 1670 1671 1672
f 1670 1668 1671
f 1795 1796 1797
f 1798 1795 1799
f 1798 1800 1795
f 1795 1797 1799
f 1801 1800 1802
f 1801 1803 1800
f 1800 1798 1802
f 1804 1803 1805
f 1804 1806 1803
f 1803 1801 1805
f 1807 1806 1808
f 1807 1809 1806
f 1806 1804 1808
f 1810 1809 1811
f 1810 1812 1809
f 1809 1807 1811
f 1813 1812 1814
f 1813 1815 1812
f 1812 1810 1814
f 1816 1815 1817
f 1816 1818 1815
f 1815 1813 1817
f 1819 1818 1820
f 1819 1821 1818
f 1818 1816 1820
f 1822 1821 1823
f 1822 1824 1821
f 1821 1819 1823
f 1825 1824 1826
f 1825 1827 1824
f 1824 1822 1826
f 1629 1828 1827
f 1630 1827 1825
f 1630 1629 1827
f 1634 1829 1828
f 1634 1828 1629
f 1637 1830 1829
f 1637 1829 1634
f 1640 1831 1830
f 1640 1830 1637
f 1643 1832 1831
f 1643 1831 1640
f 1644 1833 1832
f 1644 1832 1643
f 1645 1834 1833
f 1645 1833 1644
f 1646 1835 1834
f 1646 1834 1645
f 1647 1836 1835
f 1647 1835 1646
f 1648 1837 1836
f 1648 1836 1647
f 1649 1838 1837
f 1649 1837 1648
f 1650 1839 1838
f 1650 1838 1649
f 1651 1840 1839
f 1651 1839 1650
f 1652 1841 1840
f 1652 1840 1651
f 1653 1842 1841
f 1653 1841 1652
f 1654 1843 1842
f 1654 1842 1653
f 1655 1844 1843
f 1655 1843 1654
f 1658 1845 1844
f 1658 1844 1655
f 1661 1846 1845
f 1661 1845 1658
f 1664 1847 1846
f 1664 1846 1661
f 1667 1848 1847
f 1667 1847 1664
f 1670 1849 1848
f 1670 1848 1667
f 1850 1849 1851
f 1850 1852 1849
f 1851 1670 1672
f 1851 1849 1670
f 1853 1852 1854
f 1853 1855 1852
f 1852 1850 1854
f 1856 1855 1857
f 1856 1858 1855
f 1855 1853 1857
f 1859 1858 1860
f 1859 1861 1858
f 1858 1856 1860
f 1862 1861 1863
f 1862 1864 1861
f 1861 1859 1863
f 1865 1864 1866
f 1865 1867 1864
f 1864 1862 1866
f 1868 1867 1869
f 1868 1870 1867
f 1867 1865 1869
f 1871 1870 1872
f 1871 1873 1870
f 1870 1868 1872
f 1874 1873 1875
f 1874 1876 1873
f 1873 1871 1875
f 1877 1876 1878
f 1877 1879 1876
f 1876 1874 1878
f 1879 1880 1881
f 1879 1877 1880
f 2005 2006 2004
f 2010 2006 2009
f 2010 2011 2006
f 2006 2005 2009
f 2015 2011 2014
f 2015 2016 2011
f 2011 2010 2014
f 2020 2016 2019
f 2020 2021 2016
f 2016 2015 2019
f 2022 2021 2023
f 2022 2024 2021
f 2021 2020 2023
f 2025 2024 2026
f 2025 2027 2024
f 2024 2022 2026
f 2028 2027 2029
f 2028 2030 2027
f 2027 2025 2029
f 2031 2030 2032
f 2031 2033 2030
f 2030 2028 2032
f 2034 2033 2035
f 2034 2036 2033
f 2033 2031 2035
f 2037 2036 2038
f 2037 2039 2036
f 2036 2034 2038
f 2040 2039 2041
f 2040 2042 2039
f 2039 2037 2041
f 2043 2042 2044
f 2043 2045 2042
f 2042 2040 2044
f 2046 2045 2047
f 2046 2048 2045
f 2045 2043 2047
f 2049 2048 2050
f 2049 2051 2048
f 2048 2046 2050
f 2052 2051 2053
f 2052 2054 2051
f 2051 2049 2053
f 2055 2054 2056
f 2055 2057 2054
f 2054 2052 2056
f 2058 2057 2059
f 2058 2060 2057
f 2057 2055 2059
f 1795 2061 2060
f 1796 2060 2058
f 1796 1795 2060
f 1800 2062 2061
f 1800 2061 1795
f 1803 2063 2062
f 1803 2062 1800
f 1806 2064 2063
f 1806 2063 1803
f 1809 2065 2064
f 1809 2064 1806
f 1812 2066 2065
f 1812 2065 1809
f 1815 2067 2066
f 1815 2066 1812
f 1818 2068 2067
f 1818 2067 1815
f 1821 2069 2068
f 1821 2068 1818
f 1824 2070 2069
f 1824 2069 1821
f 1827 2071 2070
f 1827 2070 1824
f 1828 2072 2071
f 1828 2071 1827
f 1829 2073 2072
f 1829 2072 1828
f 1830 2074 2073
f 1830 2073 1829
f 1831 2075 2074
f 1831 2074 1830
f 1832 2076 2075
f 1832 2075 1831
f 1833 2077 2076
f 1833 2076 1832
f 1834 2078 2077
f 1834 2077 1833
f 1835 2079 2078
f 1835 2078 1834
f 1836 2080 2079
f 1836 2079 1835
f 1837 2081 2080
f 1837 2080 1836
f 1838 2082 2081
f 1838 2081 1837
f 1839 2083 2082
f 1839 2082 1838
f 1840 2084 2083
f 1840 2083 1839
f 1841 2085 2084
f 1841 2084 1840
f 1842 2086 2085
f 1842 2085 1841
f 1843 2087 2086
f 1843 2086 1842
f 1844 2088 2087
f 1844 2087 1843
f 1845 2089 2088
f 1845 2088 1844
f 1846 2090 2089
f 1846 2089 1845
f 1847 2091 2090
f 1847 2090 1846
f 1848 2092 2091
f 1848 2091 1847
f 1849 2093 2092
f 1849 2092 1848
f 1852 2094 2093
f 1852 2093 1849
f 1855 2095 2094
f 1855 2094 1852
f 1858 2096 2095
f 1858 2095 1855
f 1861 2097 2096
f 1861 2096 1858
f 1864 2098 2097
f 1864 2097 1861
f 1867 2099 2098
f 1867 2098 1864
f 1870 2100 2099
f 1870 2099 1867
f 1873 2101 2100
f 1873 2100 1870
f 1876 2102 2101
f 1876 2101 1873
f 1879 2103 2102
f 1879 2102 1876
f 2104 2103 2105
f 2104 2106 2103
f 2105 1879 1881
f 2105 2103 1879
f 2107 2106 2108
f 2107 2109 2106
f 2106 2104 2108
f 2110 2109 2111
f 2110 2112 2109
f 2109 2107 2111
f 2113 2112 2114
f 2113 2115 2112
f 2112 2110 2114
f 2116 2115 2117
f 2116 2118 2115
f 2115 2113 2117
f 2119 2118 2120
f 2119 2121 2118
f 2118 2116 2120
f 2122 2121 2123
f 2122 2124 2121
f 2121 2119 2123
f 2125 2124 2126
f 2125 2127 2124
f 2124 2122 2126
f 2128 2127 2129
f 2128 2130 2127
f 2127 2125 2129
f 2131 2130 2132
f 2131 2133 2130
f 2130 2128 2132
f 2134 2133 2135
f 2134 2136 2133
f 2133 2131 2135
f 2137 2136 2138
f 2137 2139 2136
f 2136 2134 2138
f 2140 2139 2141
f 2140 2142 2139
f 2139 2137 2141
f 2146 2142 2145
f 2146 2147 2142
f 2145 2142 2140
f 2151 2147 2150
f 2151 2152 2147
f 2147 2146 2150
f 2156 2152 2155
f 2156 2157 2152
f 2152 2151 2155
f 2161 2157 2160
f 2161 2162 2157
f 2157 2156 2160
f 2166 2162 2165
f 2166 2167 2162
f 2162 2161 2165
f 2173 2167 2172
f 2173 2174 2167
f 2172 2167 2166
f 2180 2174 2179
f 2180 2181 2174
f 2174 2173 2179
f 2187 2181 2186
f 2187 2188 2181
f 2181 2180 2186
f 2194 2188 2193
f 2194 2195 2188
f 2188 2187 2193
f 2201 2195 2200
f 2201 2202 2195
f 2195 2194 2200
f 2208 2202 2207
f 2208 2209 2202
f 2202 2201 2207
f 2213 2209 2212
f 2213 2214 2209
f 2209 2208 2212
f 2214 2215 2216
f 2215 2214 2213
f 2253 2254 2255
f 2256 2253 2257
f 2256 2258 2253
f 2253 2255 2257
f 2259 2258 2260
f 2259 2261 2258
f 2259 2262 2261
f 2258 2256 2260
f 2264 2266 2265
f 2264 2267 2266
f 2262 2265 2266
f 2262 2259 2265
f 2269 2271 2270
f 2269 2272 2271
f 2267 2270 2271
f 2267 2264 2270
f 2006 2274 2275
f 2272 2006 2275
f 2272 2004 2006
f 2272 2269 2004
f 2011 2277 2278
f 2274 2011 2278
f 2274 2006 2011
f 2016 2280 2281
f 2277 2016 2281
f 2277 2011 2016
f 2021 2283 2284
f 2280 2021 2284
f 2280 2016 2021
f 2024 2286 2287
f 2283 2024 2287
f 2283 2021 2024
f 2027 2291 2292
f 2286 2027 2292
f 2286 2024 2027
f 2030 2296 2297
f 2291 2030 2297
f 2291 2027 2030
f 2033 2301 2302
f 2296 2033 2302
f 2296 2030 2033
f 2036 2306 2307
f 2301 2036 2307
f 2301 2033 2036
f 2039 2312 2313
f 2306 2039 2313
f 2306 2036 2039
f 2042 2317 2318
f 2312 2042 2318
f 2312 2039 2042
f 2045 2322 2323
f 2317 2045 2323
f 2317 2042 2045
f 2048 2327 2328
f 2322 2048 2328
f 2322 2045 2048
f 2051 2332 2333
f 2327 2051 2333
f 2327 2048 2051
f 2054 2337 2338
f 2332 2054 2338
f 2332 2051 2054
f 2057 2342 2343
f 2337 2057 2343
f 2337 2054 2057
f 2060 2347 2348
f 2342 2060 2348
f 2342 2057 2060
f 2061 2352 2353
f 2347 2061 2353
f 2347 2060 2061
f 2062 2357 2358
f 2352 2062 2358
f 2352 2061 2062
f 2063 2362 2363
f 2357 2063 2363
f 2357 2062 2063
f 2064 2367 2368
f 2362 2064 2368
f 2362 2063 2064
f 2065 2372 2373
f 2367 2065 2373
f 2367 2064 2065
f 2066 2377 2378
f 2372 2066 2378
f 2372 2065 2066
f 2067 2382 2383
f 2377 2067 2383
f 2377 2066 2067
f 2068 2387 2388
f 2382 2068 2388
f 2382 2067 2068
f 2069 2392 2393
f 2387 2069 2393
f 2387 2068 2069
f 2070 2397 2398
f 2392 2070 2398
f 2392 2069 2070
f 2071 2402 2403
f 2397 2071 2403
f 2397 2070 2071
f 2072 2407 2408
f 2402 2072 2408
f 2402 2071 2072
f 2073 2412 2413
f 2407 2073 2413
f 2407 2072 2073
f 2074 2417 2418
f 2412 2074 2418
f 2412 2073 2074
f 2075 2422 2423
f 2417 2075 2423
f 2417 2074 2075
f 2076 2427 2428
f 2422 2076 2428
f 2422 2075 2076
f 2077 2432 2433
f 2427 2077 2433
f 2427 2076 2077
f 2078 2437 2438
f 2432 2078 2438
f 2432 2077 2078
f 2079 2442 2443
f 2437 2079 2443
f 2437 2078 2079
f 2080 2447 2448
f 2442 2080 2448
f 2442 2079 2080
f 2081 2452 2453
f 2447 2081 2453
f 2447 2080 2081
f 2082 2457 2458
f 2452 2082 2458
f 2452 2081 2082
f 2083 2462 2463
f 2457 2083 2463
f 2457 2082 2083
f 2084 2467 2468
f 2462 2084 2468
f 2462 2083 2084
f 2085 2472 2473
f 2467 2085 2473
f 2467 2084 2085
f 2086 2477 2478
f 2472 2086 2478
f 2472 2085 2086
f 2087 2482 2483
f 2477 2087 2483
f 2477 2086 2087
f 2088 2487 2488
f 2482 2088 2488
f 2482 2087 2088
f 2089 2492 2493
f 2487 2089 2493
f 2487 2088 2089
f 2090 2497 2498
f 2492 2090 2498
f 2492 2089 2090
f 2091 2502 2503
f 2497 2091 2503
f 2497 2090 2091
f 2092 2507 2508
f 2502 2092 2508
f 2502 2091 2092
f 2093 2512 2513
f 2507 2093 2513
f 2507 2092 2093
f 2094 2517 2518
f 2512 2094 2518
f 2512 2093 2094
f 2095 2522 2523
f 2517 2095 2523
f 2517 2094 2095
f 2096 2527 2528
f 2522 2096 2528
f 2522 2095 2096
f 2097 2532 2533
f 2527 2097 2533
f 2527 2096 2097
f 2098 2537 2538
f 2532 2098 2538
f 2532 2097 2098
f 2099 2542 2543
f 2537 2099 2543
f 2537 2098 2099
f 2100 2547 2548
f 2542 2100 2548
f 2542 2099 2100
f 2101 2552 2553
f 2547 2101 2553
f 2547 2100 2101
f 2102 2557 2558
f 2552 2102 2558
f 2552 2101 2102
f 2103 2562 2563
f 2557 2103 2563
f 2557 2102 2103
f 2106 2567 2568
f 2562 2106 2568
f 2562 2103 2106
f 2109 2572 2573
f 2567 2109 2573
f 2567 2106 2109
f 2112 2577 2578
f 2572 2112 2578
f 2572 2109 2112
f 2115 2582 2583
f 2577 2115 2583
f 2577 2112 2115
f 2118 2587 2588
f 2582 2118 2588
f 2582 2115 2118
f 2121 2592 2593
f 2587 2121 2593
f 2587 2118 2121
f 2124 2597 2598
f 2592 2124 2598
f 2592 2121 2124
f 2127 2602 2603
f 2597 2127 2603
f 2597 2124 2127
f 2130 2607 2608
f 2602 2130 2608
f 2602 2127 2130
f 2133 2612 2613
f 2607 2133 2613
f 2607 2130 2133
f 2136 2617 2618
f 2612 2136 2618
f 2612 2133 2136
f 2139 2622 2623
f 2617 2139 2623
f 2617 2136 2139
f 2142 2627 2628
f 2622 2142 2628
f 2622 2139 2142
f 2147 2632 2633
f 2627 2147 2633
f 2627 2142 2147
f 2152 2637 2638
f 2632 2152 2638
f 2632 2147 2152
f 2157 2642 2643
f 2637 2157 2643
f 2637 2152 2157
f 2162 2647 2648
f 2642 2162 2648
f 2642 2157 2162
f 2167 2652 2653
f 2647 2167 2653
f 2647 2162 2167
f 2174 2657 2658
f 2652 2174 2658
f 2652 2167 2174
f 2181 2662 2663
f 2657 2181 2663
f 2657 2174 2181
f 2188 2667 2668
f 2662 2188 2668
f 2662 2181 2188
f 2195 2672 2673
f 2667 2195 2673
f 2667 2188 2195
f 2202 2677 2678
f 2672 2202 2678
f 2672 2195 2202
f 2209 2682 2683
f 2677 2209 2683
f 2677 2202 2209
f 2691 2214 2690
f 2682 2214 2691
f 2682 2209 2214
f 2692 2694 2693
f 2692 2695 2694
f 2692 2696 2695
f 2696 2214 2216
f 2696 2690 2214
f 2696 2692 2690
f 2694 2697 2698
f 2697 2694 2695
f 2713 2714 2712
f 2713 2715 2714
f 2742 2744 2743
f 2742 2253 2744
f 2253 2742 2254
f 2746 2258 2747
f 2746 2744 2258
f 2258 2744 2253
f 2258 2261 2747
f 3013 3015 3014
f 3013 2694 3015
f 2694 3013 2693
f 3016 3015 3017
f 3016 3018 3015
f 3017 2694 2698
f 3017 3015 2694
f 3019 3018 3020
f 3019 3021 3018
f 3019 3022 3021
f 3018 3016 3020

#List of body polygons
f 34 35 36
f 34 36 38
f 39 41 40
f 39 42 41
f 35 42 39
f 35 34 42
f 44 41 45
f 44 46 41
f 45 42 47
f 45 41 42
f 49 46 50
f 49 51 46
f 46 44 50
f 53 51 54
f 53 55 51
f 51 49 54
f 57 55 58
f 57 59 55
f 55 53 58
f 61 59 62
f 61 63 59
f 59 57 62
f 65 63 66
f 65 67 63
f 63 61 66
f 67 68 69
f 68 67 65
f 394 396 395
f 394 397 396
f 397 401 400
f 397 394 401
f 410 411 409
f 410 412 411
f 409 418 417
f 409 411 418
f 41 457 458
f 41 458 40
f 46 462 463
f 457 46 463
f 457 41 46
f 51 467 468
f 462 51 468
f 462 46 51
f 476 55 475
f 467 55 476
f 467 51 55
f 59 477 478
f 475 59 478
f 475 55 59
f 63 480 481
f 477 63 481
f 477 59 63
f 67 483 484
f 480 67 484
f 480 63 67
f 486 488 487
f 486 489 488
f 487 67 69
f 487 483 67
f 487 488 483
f 491 493 492
f 491 494 493
f 489 492 493
f 489 486 492
f 496 498 497
f 496 499 498
f 494 497 498
f 494 491 497
f 501 503 502
f 501 504 503
f 499 502 503
f 499 496 502
f 506 508 507
f 506 509 508
f 504 507 508
f 504 501 507
f 511 513 512
f 511 514 513
f 509 512 513
f 509 506 512
f 516 518 517
f 516 519 518
f 514 517 518
f 514 511 517
f 521 523 522
f 521 524 523
f 519 522 523
f 519 516 522
f 526 528 527
f 526 529 528
f 524 527 528
f 524 521 527
f 531 533 532
f 531 534 533
f 529 532 533
f 529 526 532
f 536 538 537
f 536 539 538
f 534 537 538
f 534 531 537
f 541 543 542
f 541 544 543
f 539 542 543
f 539 536 542
f 546 548 547
f 546 549 548
f 544 547 548
f 544 541 547
f 551 553 552
f 551 554 553
f 549 552 553
f 549 546 552
f 556 558 557
f 556 559 558
f 554 557 558
f 554 551 557
f 561 563 562
f 561 564 563
f 559 562 563
f 559 556 562
f 566 568 567
f 566 569 568
f 564 567 568
f 564 561 567
f 571 573 572
f 571 574 573
f 569 572 573
f 569 566 572
f 576 578 577
f 576 579 578
f 574 577 578
f 574 571 577
f 581 583 582
f 581 584 583
f 579 582 583
f 579 576 582
f 586 588 587
f 586 589 588
f 584 587 588
f 584 581 587
f 591 593 592
f 591 594 593
f 589 592 593
f 589 586 592
f 596 598 597
f 596 599 598
f 594 597 598
f 594 591 597
f 601 603 602
f 601 604 603
f 599 602 603
f 599 596 602
f 606 608 607
f 606 609 608
f 604 607 608
f 604 601 607
f 611 613 612
f 611 614 613
f 609 612 613
f 609 606 612
f 616 618 617
f 616 619 618
f 614 617 618
f 614 611 617
f 621 623 622
f 621 624 623
f 619 622 623
f 619 616 622
f 626 628 627
f 626 629 628
f 624 627 628
f 624 621 627
f 631 633 632
f 631 634 633
f 629 632 633
f 629 626 632
f 636 638 637
f 636 639 638
f 634 637 638
f 634 631 637
f 641 643 642
f 641 644 643
f 639 642 643
f 639 636 642
f 646 648 647
f 646 649 648
f 644 647 648
f 644 641 647
f 651 653 652
f 651 654 653
f 649 652 653
f 649 646 652
f 656 658 657
f 656 659 658
f 654 657 658
f 654 651 657
f 661 663 662
f 661 664 663
f 659 662 663
f 659 656 662
f 666 668 667
f 666 669 668
f 664 667 668
f 664 661 667
f 671 673 672
f 671 674 673
f 669 672 673
f 669 666 672
f 676 678 677
f 676 679 678
f 674 677 678
f 674 671 677
f 681 683 682
f 681 684 683
f 679 682 683
f 679 676 682
f 686 688 687
f 686 689 688
f 684 687 688
f 684 681 687
f 691 693 692
f 691 694 693
f 689 692 693
f 689 686 692
f 696 698 697
f 696 699 698
f 694 697 698
f 694 691 697
f 701 703 702
f 701 704 703
f 699 702 703
f 699 696 702
f 706 708 707
f 706 709 708
f 704 707 708
f 704 701 707
f 711 713 712
f 711 714 713
f 709 712 713
f 709 706 712
f 716 718 717
f 716 719 718
f 714 717 718
f 714 711 717
f 721 723 722
f 721 724 723
f 719 722 723
f 719 716 722
f 726 728 727
f 726 729 728
f 724 727 728
f 724 721 727
f 731 733 732
f 731 734 733
f 729 732 733
f 729 726 732
f 736 738 737
f 736 739 738
f 734 737 738
f 734 731 737
f 741 743 742
f 741 744 743
f 739 742 743
f 739 736 742
f 746 748 747
f 746 749 748
f 744 747 748
f 744 741 747
f 751 753 752
f 751 754 753
f 749 752 753
f 749 746 752
f 756 758 757
f 756 759 758
f 754 757 758
f 754 751 757
f 761 763 762
f 761 764 763
f 759 762 763
f 759 756 762
f 766 768 767
f 766 769 768
f 764 767 768
f 764 761 767
f 771 773 772
f 771 774 773
f 769 772 773
f 769 766 772
f 776 778 777
f 776 779 778
f 774 777 778
f 774 771 777
f 781 783 782
f 781 784 783
f 779 782 783
f 779 776 782
f 786 788 787
f 786 789 788
f 784 787 788
f 784 781 787
f 791 793 792
f 791 794 793
f 789 792 793
f 789 786 792
f 796 798 797
f 796 799 798
f 794 797 798
f 794 791 797
f 801 803 802
f 801 804 803
f 799 802 803
f 799 796 802
f 806 808 807
f 806 809 808
f 804 807 808
f 804 801 807
f 811 813 812
f 811 814 813
f 809 812 813
f 809 806 812
f 816 818 817
f 816 819 818
f 814 817 818
f 814 811 817
f 821 823 822
f 821 824 823
f 819 822 823
f 819 816 822
f 826 828 827
f 826 829 828
f 824 827 828
f 824 821 827
f 831 833 832
f 831 834 833
f 829 832 833
f 829 826 832
f 836 838 837
f 836 839 838
f 834 837 838
f 834 831 837
f 841 843 842
f 841 844 843
f 839 842 843
f 839 836 842
f 846 848 847
f 846 849 848
f 844 847 848
f 844 841 847
f 851 853 852
f 851 854 853
f 849 852 853
f 849 846 852
f 856 858 857
f 856 859 858
f 854 857 858
f 854 851 857
f 861 863 862
f 861 864 863
f 859 862 863
f 859 856 862
f 866 868 867
f 866 869 868
f 864 867 868
f 864 861 867
f 874 875 873
f 874 876 875
f 873 869 866
f 873 875 869
f 881 882 880
f 881 883 882
f 876 880 882
f 876 874 880
f 885 887 886
f 885 888 887
f 883 886 887
f 883 881 886
f 890 892 891
f 890 893 892
f 888 891 892
f 888 885 891
f 395 893 890
f 395 396 893
f 914 915 913
f 914 916 915
f 916 918 917
f 916 914 918
f 2262 2263 2261
f 2267 2263 2266
f 2267 2268 2263
f 2263 2262 2266
f 2272 2268 2271
f 2272 2273 2268
f 2268 2267 2271
f 2274 2273 2275
f 2274 2276 2273
f 2273 2272 2275
f 2277 2276 2278
f 2277 2279 2276
f 2276 2274 2278
f 2280 2279 2281
f 2280 2282 2279
f 2279 2277 2281
f 2283 2282 2284
f 2283 2285 2282
f 2282 2280 2284
f 2286 2285 2287
f 2286 2288 2285
f 2286 2289 2288
f 2285 2283 2287
f 2291 2293 2292
f 2291 2294 2293
f 2289 2292 2293
f 2289 2286 2292
f 2296 2298 2297
f 2296 2299 2298
f 2294 2297 2298
f 2294 2291 2297
f 2301 2303 2302
f 2301 2304 2303
f 2299 2302 2303
f 2299 2296 2302
f 2306 2308 2307
f 2306 2309 2308
f 2311 2307 2308
f 2311 2301 2307
f 2312 2314 2313
f 2312 2315 2314
f 2309 2313 2314
f 2309 2306 2313
f 2317 2319 2318
f 2317 2320 2319
f 2315 2318 2319
f 2315 2312 2318
f 2322 2324 2323
f 2322 2325 2324
f 2320 2323 2324
f 2320 2317 2323
f 2327 2329 2328
f 2327 2330 2329
f 2325 2328 2329
f 2325 2322 2328
f 2332 2334 2333
f 2332 2335 2334
f 2330 2333 2334
f 2330 2327 2333
f 2337 2339 2338
f 2337 2340 2339
f 2335 2338 2339
f 2335 2332 2338
f 2342 2344 2343
f 2342 2345 2344
f 2340 2343 2344
f 2340 2337 2343
f 2347 2349 2348
f 2347 2350 2349
f 2345 2348 2349
f 2345 2342 2348
f 2352 2354 2353
f 2352 2355 2354
f 2350 2353 2354
f 2350 2347 2353
f 2357 2359 2358
f 2357 2360 2359
f 2355 2358 2359
f 2355 2352 2358
f 2362 2364 2363
f 2362 2365 2364
f 2360 2363 2364
f 2360 2357 2363
f 2367 2369 2368
f 2367 2370 2369
f 2365 2368 2369
f 2365 2362 2368
f 2372 2374 2373
f 2372 2375 2374
f 2370 2373 2374
f 2370 2367 2373
f 2377 2379 2378
f 2377 2380 2379
f 2375 2378 2379
f 2375 2372 2378
f 2382 2384 2383
f 2382 2385 2384
f 2380 2383 2384
f 2380 2377 2383
f 2387 2389 2388
f 2387 2390 2389
f 2385 2388 2389
f 2385 2382 2388
f 2392 2394 2393
f 2392 2395 2394
f 2390 2393 2394
f 2390 2387 2393
f 2397 2399 2398
f 2397 2400 2399
f 2395 2398 2399
f 2395 2392 2398
f 2402 2404 2403
f 2402 2405 2404
f 2400 2403 2404
f 2400 2397 2403
f 2407 2409 2408
f 2407 2410 2409
f 2405 2408 2409
f 2405 2402 2408
f 2412 2414 2413
f 2412 2415 2414
f 2410 2413 2414
f 2410 2407 2413
f 2417 2419 2418
f 2417 2420 2419
f 2415 2418 2419
f 2415 2412 2418
f 2422 2424 2423
f 2422 2425 2424
f 2420 2423 2424
f 2420 2417 2423
f 2427 2429 2428
f 2427 2430 2429
f 2425 2428 2429
f 2425 2422 2428
f 2432 2434 2433
f 2432 2435 2434
f 2430 2433 2434
f 2430 2427 2433
f 2437 2439 2438
f 2437 2440 2439
f 2435 2438 2439
f 2435 2432 2438
f 2442 2444 2443
f 2442 2445 2444
f 2440 2443 2444
f 2440 2437 2443
f 2447 2449 2448
f 2447 2450 2449
f 2445 2448 2449
f 2445 2442 2448
f 2452 2454 2453
f 2452 2455 2454
f 2450 2453 2454
f 2450 2447 2453
f 2457 2459 2458
f 2457 2460 2459
f 2455 2458 2459
f 2455 2452 2458
f 2462 2464 2463
f 2462 2465 2464
f 2460 2463 2464
f 2460 2457 2463
f 2467 2469 2468
f 2467 2470 2469
f 2465 2468 2469
f 2465 2462 2468
f 2472 2474 2473
f 2472 2475 2474
f 2470 2473 2474
f 2470 2467 2473
f 2477 2479 2478
f 2477 2480 2479
f 2475 2478 2479
f 2475 2472 2478
f 2482 2484 2483
f 2482 2485 2484
f 2480 2483 2484
f 2480 2477 2483
f 2487 2489 2488
f 2487 2490 2489
f 2485 2488 2489
f 2485 2482 2488
f 2492 2494 2493
f 2492 2495 2494
f 2490 2493 2494
f 2490 2487 2493
f 2497 2499 2498
f 2497 2500 2499
f 2495 2498 2499
f 2495 2492 2498
f 2502 2504 2503
f 2502 2505 2504
f 2500 2503 2504
f 2500 2497 2503
f 2507 2509 2508
f 2507 2510 2509
f 2505 2508 2509
f 2505 2502 2508
f 2512 2514 2513
f 2512 2515 2514
f 2510 2513 2514
f 2510 2507 2513
f 2517 2519 2518
f 2517 2520 2519
f 2515 2518 2519
f 2515 2512 2518
f 2522 2524 2523
f 2522 2525 2524
f 2520 2523 2524
f 2520 2517 2523
f 2527 2529 2528
f 2527 2530 2529
f 2525 2528 2529
f 2525 2522 2528
f 2532 2534 2533
f 2532 2535 2534
f 2530 2533 2534
f 2530 2527 2533
f 2537 2539 2538
f 2537 2540 2539
f 2535 2538 2539
f 2535 2532 2538
f 2542 2544 2543
f 2542 2545 2544
f 2540 2543 2544
f 2540 2537 2543
f 2547 2549 2548
f 2547 2550 2549
f 2545 2548 2549
f 2545 2542 2548
f 2552 2554 2553
f 2552 2555 2554
f 2550 2553 2554
f 2550 2547 2553
f 2557 2559 2558
f 2557 2560 2559
f 2555 2558 2559
f 2555 2552 2558
f 2562 2564 2563
f 2562 2565 2564
f 2560 2563 2564
f 2560 2557 2563
f 2567 2569 2568
f 2567 2570 2569
f 2565 2568 2569
f 2565 2562 2568
f 2572 2574 2573
f 2572 2575 2574
f 2570 2573 2574
f 2570 2567 2573
f 2577 2579 2578
f 2577 2580 2579
f 2575 2578 2579
f 2575 2572 2578
f 2582 2584 2583
f 2582 2585 2584
f 2580 2583 2584
f 2580 2577 2583
f 2587 2589 2588
f 2587 2590 2589
f 2585 2588 2589
f 2585 2582 2588
f 2592 2594 2593
f 2592 2595 2594
f 2590 2593 2594
f 2590 2587 2593
f 2597 2599 2598
f 2597 2600 2599
f 2595 2598 2599
f 2595 2592 2598
f 2602 2604 2603
f 2602 2605 2604
f 2600 2603 2604
f 2600 2597 2603
f 2607 2609 2608
f 2607 2610 2609
f 2605 2608 2609
f 2605 2602 2608
f 2612 2614 2613
f 2612 2615 2614
f 2610 2613 2614
f 2610 2607 2613
f 2617 2619 2618
f 2617 2620 2619
f 2615 2618 2619
f 2615 2612 2618
f 2622 2624 2623
f 2622 2625 2624
f 2620 2623 2624
f 2620 2617 2623
f 2627 2629 2628
f 2627 2630 2629
f 2625 2628 2629
f 2625 2622 2628
f 2632 2634 2633
f 2632 2635 2634
f 2630 2633 2634
f 2630 2627 2633
f 2637 2639 2638
f 2637 2640 2639
f 2635 2638 2639
f 2635 2632 2638
f 2642 2644 2643
f 2642 2645 2644
f 2640 2643 2644
f 2640 2637 2643
f 2647 2649 2648
f 2647 2650 2649
f 2645 2648 2649
f 2645 2642 2648
f 2652 2654 2653
f 2652 2655 2654
f 2650 2653 2654
f 2650 2647 2653
f 2657 2659 2658
f 2657 2660 2659
f 2655 2658 2659
f 2655 2652 2658
f 2662 2664 2663
f 2662 2665 2664
f 2660 2663 2664
f 2660 2657 2663
f 2667 2669 2668
f 2667 2670 2669
f 2665 2668 2669
f 2665 2662 2668
f 2672 2674 2673
f 2672 2675 2674
f 2670 2673 2674
f 2670 2667 2673
f 2677 2679 2678
f 2677 2680 2679
f 2675 2678 2679
f 2675 2672 2678
f 2682 2684 2683
f 2682 2685 2684
f 2680 2683 2684
f 2680 2677 2683
f 2687 2689 2688
f 2687 2690 2689
f 2687 2691 2690
f 2685 2691 2687
f 2685 2682 2691
f 2689 2692 2693
f 2692 2689 2690
f 2710 2712 2711
f 2710 2713 2712
f 2745 2746 2747
f 2263 2748 2745
f 2261 2745 2747
f 2261 2263 2745
f 2750 2268 2751
f 2750 2748 2268
f 2268 2748 2263
f 2273 2752 2753
f 2751 2273 2753
f 2751 2268 2273
f 2276 2755 2756
f 2752 2276 2756
f 2752 2273 2276
f 2279 2758 2759
f 2755 2279 2759
f 2755 2276 2279
f 2282 2761 2762
f 2758 2282 2762
f 2758 2279 2282
f 2285 2764 2765
f 2761 2285 2765
f 2761 2282 2285
f 2285 2288 2764
f 3011 3012 3010
f 3011 2689 3012
f 2689 3011 2688
f 3012 3013 3014
f 3013 2689 2693
f 3013 3012 2689
f 3022 3023 3021
f 3022 3024 3023

#List of body polygons
f 43 44 45
f 43 45 47
f 48 49 50
f 44 48 50
f 44 43 48
f 52 53 54
f 49 52 54
f 49 48 52
f 56 57 58
f 53 56 58
f 53 52 56
f 60 61 62
f 57 60 62
f 57 56 60
f 64 65 66
f 61 64 66
f 61 60 64
f 68 70 69
f 68 71 70
f 68 72 71
f 72 64 74
f 72 65 64
f 72 68 65
f 76 70 77
f 76 78 70
f 70 71 77
f 80 78 81
f 80 82 78
f 78 76 81
f 84 82 85
f 84 86 82
f 82 80 85
f 88 86 89
f 88 90 86
f 86 84 89
f 92 90 93
f 92 94 90
f 90 88 93
f 96 94 97
f 96 98 94
f 94 92 97
f 100 98 101
f 100 102 98
f 98 96 101
f 104 102 105
f 104 106 102
f 102 100 105
f 108 106 109
f 108 110 106
f 106 104 111
f 113 110 114
f 113 115 110
f 110 108 114
f 117 115 118
f 117 119 115
f 115 113 118
f 121 119 122
f 121 123 119
f 119 117 122
f 125 123 126
f 125 127 123
f 123 121 126
f 129 127 130
f 129 131 127
f 127 125 130
f 133 131 134
f 133 135 131
f 131 129 134
f 137 135 138
f 137 139 135
f 135 133 138
f 141 139 142
f 141 143 139
f 139 144 142
f 146 143 147
f 146 148 143
f 143 141 147
f 150 148 151
f 150 152 148
f 148 146 151
f 154 152 155
f 154 156 152
f 152 150 155
f 158 156 159
f 158 160 156
f 156 154 159
f 162 160 163
f 162 164 160
f 160 158 163
f 166 164 167
f 166 168 164
f 164 162 167
f 170 168 171
f 170 172 168
f 168 166 171
f 174 172 175
f 174 176 172
f 172 170 175
f 178 176 179
f 178 180 176
f 176 174 179
f 182 180 183
f 182 184 180
f 180 178 183
f 186 184 187
f 186 188 184
f 184 182 187
f 190 188 191
f 190 192 188
f 188 186 191
f 194 192 195
f 194 196 192
f 192 190 195
f 198 196 199
f 198 200 196
f 196 194 199
f 202 200 203
f 202 204 200
f 200 198 203
f 206 204 207
f 206 208 204
f 204 202 207
f 210 208 211
f 210 212 208
f 208 206 211
f 214 212 215
f 214 216 212
f 212 210 215
f 218 216 219
f 218 220 216
f 216 214 219
f 222 220 223
f 222 224 220
f 220 218 223
f 226 224 227
f 226 228 224
f 224 222 227
f 230 228 231
f 230 232 228
f 228 226 231
f 234 232 235
f 234 236 232
f 232 230 235
f 238 236 239
f 238 240 236
f 236 234 239
f 242 240 243
f 242 244 240
f 240 238 243
f 246 244 247
f 246 248 244
f 244 242 247
f 250 248 251
f 250 252 248
f 248 246 251
f 254 252 255
f 254 256 252
f 252 250 255
f 258 256 259
f 258 260 256
f 256 254 259
f 262 260 263
f 262 264 260
f 260 258 263
f 266 264 267
f 266 268 264
f 264 262 267
f 270 268 271
f 270 272 268
f 268 266 271
f 274 272 275
f 274 276 272
f 272 270 275
f 278 276 279
f 278 280 276
f 276 274 279
f 282 280 283
f 282 284 280
f 280 278 283
f 286 284 287
f 286 288 284
f 284 282 287
f 290 288 291
f 290 292 288
f 288 286 291
f 294 292 295
f 294 296 292
f 292 290 295
f 298 296 299
f 298 300 296
f 296 294 299
f 302 300 303
f 302 304 300
f 300 298 303
f 306 304 307
f 306 308 304
f 304 302 307
f 310 308 311
f 310 312 308
f 308 306 311
f 314 312 315
f 314 316 312
f 312 310 315
f 318 316 319
f 318 320 316
f 316 314 319
f 322 320 323
f 322 324 320
f 320 318 323
f 326 324 327
f 326 328 324
f 324 322 327
f 330 328 331
f 330 332 328
f 328 326 331
f 334 332 335
f 334 336 332
f 332 330 335
f 338 336 339
f 338 340 336
f 336 334 339
f 342 340 343
f 342 344 340
f 340 338 343
f 346 344 347
f 346 348 344
f 344 342 347
f 350 348 351
f 350 352 348
f 348 346 351
f 354 352 355
f 354 356 352
f 352 350 355
f 358 356 359
f 358 360 356
f 356 354 359
f 362 360 363
f 362 364 360
f 360 358 363
f 366 364 367
f 366 368 364
f 364 362 367
f 370 368 371
f 370 372 368
f 368 366 371
f 374 372 375
f 374 376 372
f 372 370 375
f 378 376 379
f 378 380 376
f 376 374 379
f 380 381 382
f 380 378 381
f 387 388 389
f 391 392 387
f 393 387 389
f 393 391 387
f 392 394 395
f 394 391 401
f 394 392 391
f 407 409 408
f 407 410 409
f 408 417 416
f 408 409 417
f 419 420 421
f 70 486 487
f 70 487 69
f 78 491 492
f 486 78 492
f 486 70 78
f 82 496 497
f 491 82 497
f 491 78 82
f 86 501 502
f 496 86 502
f 496 82 86
f 90 506 507
f 501 90 507
f 501 86 90
f 94 511 512
f 506 94 512
f 506 90 94
f 98 516 517
f 511 98 517
f 511 94 98
f 102 521 522
f 516 102 522
f 516 98 102
f 106 526 527
f 521 106 527
f 521 102 106
f 110 531 532
f 526 110 532
f 526 106 110
f 115 536 537
f 531 115 537
f 531 110 115
f 119 541 542
f 536 119 542
f 536 115 119
f 123 546 547
f 541 123 547
f 541 119 123
f 127 551 552
f 546 127 552
f 546 123 127
f 131 556 557
f 551 131 557
f 551 127 131
f 135 561 562
f 556 135 562
f 556 131 135
f 139 566 567
f 561 139 567
f 561 135 139
f 143 571 572
f 566 143 572
f 566 139 143
f 148 576 577
f 571 148 577
f 571 143 148
f 152 581 582
f 576 152 582
f 576 148 152
f 156 586 587
f 581 156 587
f 581 152 156
f 160 591 592
f 586 160 592
f 586 156 160
f 164 596 597
f 591 164 597
f 591 160 164
f 168 601 602
f 596 168 602
f 596 164 168
f 172 606 607
f 601 172 607
f 601 168 172
f 176 611 612
f 606 176 612
f 606 172 176
f 180 616 617
f 611 180 617
f 611 176 180
f 184 621 622
f 616 184 622
f 616 180 184
f 188 626 627
f 621 188 627
f 621 184 188
f 192 631 632
f 626 192 632
f 626 188 192
f 196 636 637
f 631 196 637
f 631 192 196
f 200 641 642
f 636 200 642
f 636 196 200
f 204 646 647
f 641 204 647
f 641 200 204
f 208 651 652
f 646 208 652
f 646 204 208
f 212 656 657
f 651 212 657
f 651 208 212
f 216 661 662
f 656 216 662
f 656 212 216
f 220 666 667
f 661 220 667
f 661 216 220
f 224 671 672
f 666 224 672
f 666 220 224
f 228 676 677
f 671 228 677
f 671 224 228
f 232 681 682
f 676 232 682
f 676 228 232
f 236 686 687
f 681 236 687
f 681 232 236
f 240 691 692
f 686 240 692
f 686 236 240
f 244 696 697
f 691 244 697
f 691 240 244
f 248 701 702
f 696 248 702
f 696 244 248
f 252 706 707
f 701 252 707
f 701 248 252
f 256 711 712
f 706 256 712
f 706 252 256
f 260 716 717
f 711 260 717
f 711 256 260
f 264 721 722
f 716 264 722
f 716 260 264
f 268 726 727
f 721 268 727
f 721 264 268
f 272 731 732
f 726 272 732
f 726 268 272
f 276 736 737
f 731 276 737
f 731 272 276
f 280 741 742
f 736 280 742
f 736 276 280
f 284 746 747
f 741 284 747
f 741 280 284
f 288 751 752
f 746 288 752
f 746 284 288
f 292 756 757
f 751 292 757
f 751 288 292
f 296 761 762
f 756 296 762
f 756 292 296
f 300 766 767
f 761 300 767
f 761 296 300
f 304 771 772
f 766 304 772
f 766 300 304
f 308 776 777
f 771 308 777
f 771 304 308
f 312 781 782
f 776 312 782
f 776 308 312
f 316 786 787
f 781 316 787
f 781 312 316
f 320 791 792
f 786 320 792
f 786 316 320
f 324 796 797
f 791 324 797
f 791 320 324
f 328 801 802
f 796 328 802
f 796 324 328
f 332 806 807
f 801 332 807
f 801 328 332
f 336 811 812
f 806 336 812
f 806 332 336
f 340 816 817
f 811 340 817
f 811 336 340
f 344 821 822
f 816 344 822
f 816 340 344
f 348 826 827
f 821 348 827
f 821 344 348
f 352 831 832
f 826 352 832
f 826 348 352
f 356 836 837
f 831 356 837
f 831 352 356
f 360 841 842
f 836 360 842
f 836 356 360
f 364 846 847
f 841 364 847
f 841 360 364
f 368 851 852
f 846 368 852
f 846 364 368
f 372 856 857
f 851 372 857
f 851 368 372
f 376 861 862
f 856 376 862
f 856 372 376
f 380 866 867
f 861 380 867
f 861 376 380
f 871 873 872
f 871 874 873
f 872 380 382
f 872 866 380
f 872 873 866
f 878 880 879
f 878 881 880
f 874 879 880
f 874 871 879
f 387 885 886
f 881 387 886
f 881 388 387
f 881 878 388
f 392 890 891
f 885 392 891
f 885 387 392
f 392 395 890
f 916 419 915
f 419 916 917
f 2289 2290 2288
f 2294 2290 2293
f 2294 2295 2290
f 2290 2289 2293
f 2299 2295 2298
f 2299 2300 2295
f 2295 2294 2298
f 2304 2300 2303
f 2304 2305 2300
f 2300 2299 2303
f 2309 2305 2308
f 2309 2310 2305
f 2305 2311 2308
f 2315 2310 2314
f 2315 2316 2310
f 2310 2309 2314
f 2320 2316 2319
f 2320 2321 2316
f 2316 2315 2319
f 2325 2321 2324
f 2325 2326 2321
f 2321 2320 2324
f 2330 2326 2329
f 2330 2331 2326
f 2326 2325 2329
f 2335 2331 2334
f 2335 2336 2331
f 2331 2330 2334
f 2340 2336 2339
f 2340 2341 2336
f 2336 2335 2339
f 2345 2341 2344
f 2345 2346 2341
f 2341 2340 2344
f 2350 2346 2349
f 2350 2351 2346
f 2346 2345 2349
f 2355 2351 2354
f 2355 2356 2351
f 2351 2350 2354
f 2360 2356 2359
f 2360 2361 2356
f 2356 2355 2359
f 2365 2361 2364
f 2365 2366 2361
f 2361 2360 2364
f 2370 2366 2369
f 2370 2371 2366
f 2366 2365 2369
f 2375 2371 2374
f 2375 2376 2371
f 2371 2370 2374
f 2380 2376 2379
f 2380 2381 2376
f 2376 2375 2379
f 2385 2381 2384
f 2385 2386 2381
f 2381 2380 2384
f 2390 2386 2389
f 2390 2391 2386
f 2386 2385 2389
f 2395 2391 2394
f 2395 2396 2391
f 2391 2390 2394
f 2400 2396 2399
f 2400 2401 2396
f 2396 2395 2399
f 2405 2401 2404
f 2405 2406 2401
f 2401 2400 2404
f 2410 2406 2409
f 2410 2411 2406
f 2406 2405 2409
f 2415 2411 2414
f 2415 2416 2411
f 2411 2410 2414
f 2420 2416 2419
f 2420 2421 2416
f 2416 2415 2419
f 2425 2421 2424
f 2425 2426 2421
f 2421 2420 2424
f 2430 2426 2429
f 2430 2431 2426
f 2426 2425 2429
f 2435 2431 2434
f 2435 2436 2431
f 2431 2430 2434
f 2440 2436 2439
f 2440 2441 2436
f 2436 2435 2439
f 2445 2441 2444
f 2445 2446 2441
f 2441 2440 2444
f 2450 2446 2449
f 2450 2451 2446
f 2446 2445 2449
f 2455 2451 2454
f 2455 2456 2451
f 2451 2450 2454
f 2460 2456 2459
f 2460 2461 2456
f 2456 2455 2459
f 2465 2461 2464
f 2465 2466 2461
f 2461 2460 2464
f 2470 2466 2469
f 2470 2471 2466
f 2466 2465 2469
f 2475 2471 2474
f 2475 2476 2471
f 2471 2470 2474
f 2480 2476 2479
f 2480 2481 2476
f 2476 2475 2479
f 2485 2481 2484
f 2485 2486 2481
f 2481 2480 2484
f 2490 2486 2489
f 2490 2491 2486
f 2486 2485 2489
f 2495 2491 2494
f 2495 2496 2491
f 2491 2490 2494
f 2500 2496 2499
f 2500 2501 2496
f 2496 2495 2499
f 2505 2501 2504
f 2505 2506 2501
f 2501 2500 2504
f 2510 2506 2509
f 2510 2511 2506
f 2506 2505 2509
f 2515 2511 2514
f 2515 2516 2511
f 2511 2510 2514
f 2520 2516 2519
f 2520 2521 2516
f 2516 2515 2519
f 2525 2521 2524
f 2525 2526 2521
f 2521 2520 2524
f 2530 2526 2529
f 2530 2531 2526
f 2526 2525 2529
f 2535 2531 2534
f 2535 2536 2531
f 2531 2530 2534
f 2540 2536 2539
f 2540 2541 2536
f 2536 2535 2539
f 2545 2541 2544
f 2545 2546 2541
f 2541 2540 2544
f 2550 2546 2549
f 2550 2551 2546
f 2546 2545 2549
f 2555 2551 2554
f 2555 2556 2551
f 2551 2550 2554
f 2560 2556 2559
f 2560 2561 2556
f 2556 2555 2559
f 2565 2561 2564
f 2565 2566 2561
f 2561 2560 2564
f 2570 2566 2569
f 2570 2571 2566
f 2566 2565 2569
f 2575 2571 2574
f 2575 2576 2571
f 2571 2570 2574
f 2580 2576 2579
f 2580 2581 2576
f 2576 2575 2579
f 2585 2581 2584
f 2585 2586 2581
f 2581 2580 2584
f 2590 2586 2589
f 2590 2591 2586
f 2586 2585 2589
f 2595 2591 2594
f 2595 2596 2591
f 2591 2590 2594
f 2600 2596 2599
f 2600 2601 2596
f 2596 2595 2599
f 2605 2601 2604
f 2605 2606 2601
f 2601 2600 2604
f 2610 2606 2609
f 2610 2611 2606
f 2606 2605 2609
f 2615 2611 2614
f 2615 2616 2611
f 2611 2610 2614
f 2620 2616 2619
f 2620 2621 2616
f 2616 2615 2619
f 2625 2621 2624
f 2625 2626 2621
f 2621 2620 2624
f 2630 2626 2629
f 2630 2631 2626
f 2626 2625 2629
f 2635 2631 2634
f 2635 2636 2631
f 2631 2630 2634
f 2640 2636 2639
f 2640 2641 2636
f 2636 2635 2639
f 2645 2641 2644
f 2645 2646 2641
f 2641 2640 2644
f 2650 2646 2649
f 2650 2651 2646
f 2646 2645 2649
f 2655 2651 2654
f 2655 2656 2651
f 2651 2650 2654
f 2660 2656 2659
f 2660 2661 2656
f 2656 2655 2659
f 2665 2661 2664
f 2665 2666 2661
f 2661 2660 2664
f 2670 2666 2669
f 2670 2671 2666
f 2666 2665 2669
f 2675 2671 2674
f 2675 2676 2671
f 2671 2670 2674
f 2680 2676 2679
f 2680 2681 2676
f 2676 2675 2679
f 2685 2681 2684
f 2685 2686 2681
f 2681 2680 2684
f 2686 2687 2688
f 2686 2685 2687
f 2709 2710 2711
f 2749 2750 2751
f 2752 2749 2753
f 2752 2754 2749
f 2749 2751 2753
f 2755 2754 2756
f 2755 2757 2754
f 2754 2752 2756
f 2758 2757 2759
f 2758 2760 2757
f 2757 2755 2759
f 2761 2760 2762
f 2761 2763 2760
f 2760 2758 2762
f 2764 2763 2765
f 2764 2766 2763
f 2763 2761 2765
f 2768 2290 2769
f 2768 2766 2290
f 2288 2766 2764
f 2288 2290 2766
f 2295 2770 2771
f 2769 2295 2771
f 2769 2290 2295
f 2300 2773 2774
f 2770 2300 2774
f 2770 2295 2300
f 2305 2776 2777
f 2773 2305 2777
f 2773 2300 2305
f 2310 2779 2780
f 2776 2310 2780
f 2776 2305 2310
f 2316 2782 2783
f 2779 2316 2783
f 2779 2310 2316
f 2321 2785 2786
f 2782 2321 2786
f 2782 2316 2321
f 2326 2788 2789
f 2785 2326 2789
f 2785 2321 2326
f 2331 2791 2792
f 2788 2331 2792
f 2788 2326 2331
f 2336 2794 2795
f 2791 2336 2795
f 2791 2331 2336
f 2341 2797 2798
f 2794 2341 2798
f 2794 2336 2341
f 2346 2800 2801
f 2797 2346 2801
f 2797 2341 2346
f 2351 2803 2804
f 2800 2351 2804
f 2800 2346 2351
f 2356 2806 2807
f 2803 2356 2807
f 2803 2351 2356
f 2361 2809 2810
f 2812 2361 2810
f 2812 2356 2361
f 2366 2813 2814
f 2809 2366 2814
f 2809 2361 2366
f 2371 2816 2817
f 2813 2371 2817
f 2813 2366 2371
f 2376 2819 2820
f 2816 2376 2820
f 2816 2371 2376
f 2381 2822 2823
f 2819 2381 2823
f 2819 2376 2381
f 2386 2825 2826
f 2822 2386 2826
f 2822 2381 2386
f 2391 2828 2829
f 2825 2391 2829
f 2825 2386 2391
f 2396 2831 2832
f 2828 2396 2832
f 2828 2391 2396
f 2401 2834 2835
f 2831 2401 2835
f 2831 2396 2401
f 2406 2837 2838
f 2834 2406 2838
f 2834 2401 2406
f 2411 2840 2841
f 2837 2411 2841
f 2837 2406 2411
f 2416 2843 2844
f 2840 2416 2844
f 2840 2411 2416
f 2421 2846 2847
f 2843 2421 2847
f 2843 2416 2421
f 2426 2849 2850
f 2846 2426 2850
f 2846 2421 2426
f 2431 2852 2853
f 2849 2431 2853
f 2849 2426 2431
f 2436 2855 2856
f 2852 2436 2856
f 2852 2431 2436
f 2441 2858 2859
f 2855 2441 2859
f 2855 2436 2441
f 2446 2861 2862
f 2858 2446 2862
f 2858 2441 2446
f 2451 2864 2865
f 2861 2451 2865
f 2861 2446 2451
f 2456 2867 2868
f 2864 2456 2868
f 2864 2451 2456
f 2461 2870 2871
f 2867 2461 2871
f 2867 2456 2461
f 2466 2873 2874
f 2870 2466 2874
f 2870 2461 2466
f 2471 2876 2877
f 2873 2471 2877
f 2873 2466 2471
f 2476 2879 2880
f 2876 2476 2880
f 2876 2471 2476
f 2481 2882 2883
f 2879 2481 2883
f 2879 2476 2481
f 2486 2885 2886
f 2882 2486 2886
f 2882 2481 2486
f 2491 2888 2889
f 2885 2491 2889
f 2885 2486 2491
f 2496 2891 2892
f 2888 2496 2892
f 2888 2491 2496
f 2501 2894 2895
f 2891 2501 2895
f 2891 2496 2501
f 2506 2897 2898
f 2894 2506 2898
f 2894 2501 2506
f 2511 2900 2901
f 2897 2511 2901
f 2897 2506 2511
f 2516 2903 2904
f 2900 2516 2904
f 2900 2511 2516
f 2521 2906 2907
f 2903 2521 2907
f 2903 2516 2521
f 2526 2909 2910
f 2906 2526 2910
f 2906 2521 2526
f 2531 2912 2913
f 2909 2531 2913
f 2909 2526 2531
f 2536 2915 2916
f 2912 2536 2916
f 2912 2531 2536
f 2541 2918 2919
f 2915 2541 2919
f 2915 2536 2541
f 2546 2921 2922
f 2918 2546 2922
f 2918 2541 2546
f 2551 2924 2925
f 2921 2551 2925
f 2921 2546 2551
f 2556 2927 2928
f 2924 2556 2928
f 2924 2551 2556
f 2561 2930 2931
f 2927 2561 2931
f 2927 2556 2561
f 2566 2933 2934
f 2930 2566 2934
f 2930 2561 2566
f 2571 2936 2937
f 2933 2571 2937
f 2933 2566 2571
f 2576 2939 2940
f 2936 2576 2940
f 2936 2571 2576
f 2581 2942 2943
f 2939 2581 2943
f 2939 2576 2581
f 2586 2945 2946
f 2942 2586 2946
f 2942 2581 2586
f 2591 2948 2949
f 2945 2591 2949
f 2945 2586 2591
f 2596 2951 2952
f 2948 2596 2952
f 2948 2591 2596
f 2601 2954 2955
f 2951 2601 2955
f 2951 2596 2601
f 2606 2957 2958
f 2954 2606 2958
f 2954 2601 2606
f 2611 2960 2961
f 2957 2611 2961
f 2957 2606 2611
f 2616 2963 2964
f 2960 2616 2964
f 2960 2611 2616
f 2621 2966 2967
f 2963 2621 2967
f 2963 2616 2621
f 2626 2969 2970
f 2966 2626 2970
f 2966 2621 2626
f 2631 2972 2973
f 2969 2631 2973
f 2969 2626 2631
f 2636 2975 2976
f 2972 2636 2976
f 2972 2631 2636
f 2641 2978 2979
f 2975 2641 2979
f 2975 2636 2641
f 2646 2981 2982
f 2978 2646 2982
f 2978 2641 2646
f 2651 2984 2985
f 2981 2651 2985
f 2981 2646 2651
f 2656 2987 2988
f 2984 2656 2988
f 2984 2651 2656
f 2661 2990 2991
f 2987 2661 2991
f 2987 2656 2661
f 2666 2993 2994
f 2990 2666 2994
f 2990 2661 2666
f 2671 2996 2997
f 2993 2671 2997
f 2993 2666 2671
f 2676 2999 3000
f 2996 2676 3000
f 2996 2671 2676
f 2681 3002 3003
f 2999 2681 3003
f 2999 2676 2681
f 2686 3005 3006
f 3002 2686 3006
f 3002 2681 2686
f 3008 3010 3009
f 3008 3011 3010
f 3011 2686 2688
f 3011 3005 2686
f 3011 3008 3005
f 3024 3025 3023
f 3024 3026 3025
f 2709 3028 3029
f 3043 2709 3029

#List of body polygons
f 72 73 71
f 73 72 74
f 75 76 77
f 71 75 77
f 71 73 75
f 79 80 81
f 76 79 81
f 76 75 79
f 83 84 85
f 80 83 85
f 80 79 83
f 87 88 89
f 84 87 89
f 84 83 87
f 91 92 93
f 88 91 93
f 88 87 91
f 95 96 97
f 92 95 97
f 92 91 95
f 99 100 101
f 96 99 101
f 96 95 99
f 103 104 105
f 100 103 105
f 100 99 103
f 107 108 109
f 104 107 111
f 104 103 107
f 112 113 114
f 108 112 114
f 108 107 112
f 116 117 118
f 113 116 118
f 113 112 116
f 120 121 122
f 117 120 122
f 117 116 120
f 124 125 126
f 121 124 126
f 121 120 124
f 128 129 130
f 125 128 130
f 125 124 128
f 132 133 134
f 129 132 134
f 129 128 132
f 136 137 138
f 133 136 138
f 133 132 136
f 140 141 142
f 144 140 142
f 144 136 140
f 145 146 147
f 141 145 147
f 141 140 145
f 149 150 151
f 146 149 151
f 146 145 149
f 153 154 155
f 150 153 155
f 150 149 153
f 157 158 159
f 154 157 159
f 154 153 157
f 161 162 163
f 158 161 163
f 158 157 161
f 165 166 167
f 162 165 167
f 162 161 165
f 169 170 171
f 166 169 171
f 166 165 169
f 173 174 175
f 170 173 175
f 170 169 173
f 177 178 179
f 174 177 179
f 174 173 177
f 181 182 183
f 178 181 183
f 178 177 181
f 185 186 187
f 182 185 187
f 182 181 185
f 189 190 191
f 186 189 191
f 186 185 189
f 193 194 195
f 190 193 195
f 190 189 193
f 197 198 199
f 194 197 199
f 194 193 197
f 201 202 203
f 198 201 203
f 198 197 201
f 205 206 207
f 202 205 207
f 202 201 205
f 209 210 211
f 206 209 211
f 206 205 209
f 213 214 215
f 210 213 215
f 210 209 213
f 217 218 219
f 214 217 219
f 214 213 217
f 221 222 223
f 218 221 223
f 218 217 221
f 225 226 227
f 222 225 227
f 222 221 225
f 229 230 231
f 226 229 231
f 226 225 229
f 233 234 235
f 230 233 235
f 230 229 233
f 237 238 239
f 234 237 239
f 234 233 237
f 241 242 243
f 238 241 243
f 238 237 241
f 245 246 247
f 242 245 247
f 242 241 245
f 249 250 251
f 246 249 251
f 246 245 249
f 253 254 255
f 250 253 255
f 250 249 253
f 257 258 259
f 254 257 259
f 254 253 257
f 261 262 263
f 258 261 263
f 258 257 261
f 265 266 267
f 262 265 267
f 262 261 265
f 269 270 271
f 266 269 271
f 266 265 269
f 273 274 275
f 270 273 275
f 270 269 273
f 277 278 279
f 274 277 279
f 274 273 277
f 281 282 283
f 278 281 283
f 278 277 281
f 285 286 287
f 282 285 287
f 282 281 285
f 289 290 291
f 286 289 291
f 286 285 289
f 293 294 295
f 290 293 295
f 290 289 293
f 297 298 299
f 294 297 299
f 294 293 297
f 301 302 303
f 298 301 303
f 298 297 301
f 305 306 307
f 302 305 307
f 302 301 305
f 309 310 311
f 306 309 311
f 306 305 309
f 313 314 315
f 310 313 315
f 310 309 313
f 317 318 319
f 314 317 319
f 314 313 317
f 321 322 323
f 318 321 323
f 318 317 321
f 325 326 327
f 322 325 327
f 322 321 325
f 329 330 331
f 326 329 331
f 326 325 329
f 333 334 335
f 330 333 335
f 330 329 333
f 337 338 339
f 334 337 339
f 334 333 337
f 341 342 343
f 338 341 343
f 338 337 341
f 345 346 347
f 342 345 347
f 342 341 345
f 349 350 351
f 346 349 351
f 346 345 349
f 353 354 355
f 350 353 355
f 350 349 353
f 357 358 359
f 354 357 359
f 354 353 357
f 361 362 363
f 358 361 363
f 358 357 361
f 365 366 367
f 362 365 367
f 362 361 365
f 369 370 371
f 366 369 371
f 366 365 369
f 373 374 375
f 370 373 375
f 370 369 373
f 377 378 379
f 374 377 379
f 374 373 377
f 381 383 382
f 381 384 383
f 378 384 381
f 378 377 384
f 385 386 383
f 385 383 384
f 388 390 389
f 388 386 390
f 390 386 385
f 390 393 389
f 406 407 408
f 406 408 416
f 420 422 421
f 420 423 422
f 406 429 430
f 383 871 872
f 383 872 382
f 386 878 879
f 871 386 879
f 871 383 386
f 878 386 388
f 2767 2768 2769
f 2770 2767 2771
f 2770 2772 2767
f 2767 2769 2771
f 2773 2772 2774
f 2773 2775 2772
f 2772 2770 2774
f 2776 2775 2777
f 2776 2778 2775
f 2775 2773 2777
f 2779 2778 2780
f 2779 2781 2778
f 2778 2776 2780
f 2782 2781 2783
f 2782 2784 2781
f 2781 2779 2783
f 2785 2784 2786
f 2785 2787 2784
f 2784 2782 2786
f 2788 2787 2789
f 2788 2790 2787
f 2787 2785 2789
f 2791 2790 2792
f 2791 2793 2790
f 2790 2788 2792
f 2794 2793 2795
f 2794 2796 2793
f 2793 2791 2795
f 2797 2796 2798
f 2797 2799 2796
f 2796 2794 2798
f 2800 2799 2801
f 2800 2802 2799
f 2799 2797 2801
f 2803 2802 2804
f 2803 2805 2802
f 2802 2800 2804
f 2806 2805 2807
f 2806 2808 2805
f 2805 2803 2807
f 2809 2808 2810
f 2809 2811 2808
f 2808 2812 2810
f 2813 2811 2814
f 2813 2815 2811
f 2811 2809 2814
f 2816 2815 2817
f 2816 2818 2815
f 2815 2813 2817
f 2819 2818 2820
f 2819 2821 2818
f 2818 2816 2820
f 2822 2821 2823
f 2822 2824 2821
f 2821 2819 2823
f 2825 2824 2826
f 2825 2827 2824
f 2824 2822 2826
f 2828 2827 2829
f 2828 2830 2827
f 2827 2825 2829
f 2831 2830 2832
f 2831 2833 2830
f 2830 2828 2832
f 2834 2833 2835
f 2834 2836 2833
f 2833 2831 2835
f 2837 2836 2838
f 2837 2839 2836
f 2836 2834 2838
f 2840 2839 2841
f 2840 2842 2839
f 2839 2837 2841
f 2843 2842 2844
f 2843 2845 2842
f 2842 2840 2844
f 2846 2845 2847
f 2846 2848 2845
f 2845 2843 2847
f 2849 2848 2850
f 2849 2851 2848
f 2848 2846 2850
f 2852 2851 2853
f 2852 2854 2851
f 2851 2849 2853
f 2855 2854 2856
f 2855 2857 2854
f 2854 2852 2856
f 2858 2857 2859
f 2858 2860 2857
f 2857 2855 2859
f 2861 2860 2862
f 2861 2863 2860
f 2860 2858 2862
f 2864 2863 2865
f 2864 2866 2863
f 2863 2861 2865
f 2867 2866 2868
f 2867 2869 2866
f 2866 2864 2868
f 2870 2869 2871
f 2870 2872 2869
f 2869 2867 2871
f 2873 2872 2874
f 2873 2875 2872
f 2872 2870 2874
f 2876 2875 2877
f 2876 2878 2875
f 2875 2873 2877
f 2879 2878 2880
f 2879 2881 2878
f 2878 2876 2880
f 2882 2881 2883
f 2882 2884 2881
f 2881 2879 2883
f 2885 2884 2886
f 2885 2887 2884
f 2884 2882 2886
f 2888 2887 2889
f 2888 2890 2887
f 2887 2885 2889
f 2891 2890 2892
f 2891 2893 2890
f 2890 2888 2892
f 2894 2893 2895
f 2894 2896 2893
f 2893 2891 2895
f 2897 2896 2898
f 2897 2899 2896
f 2896 2894 2898
f 2900 2899 2901
f 2900 2902 2899
f 2899 2897 2901
f 2903 2902 2904
f 2903 2905 2902
f 2902 2900 2904
f 2906 2905 2907
f 2906 2908 2905
f 2905 2903 2907
f 2909 2908 2910
f 2909 2911 2908
f 2908 2906 2910
f 2912 2911 2913
f 2912 2914 2911
f 2911 2909 2913
f 2915 2914 2916
f 2915 2917 2914
f 2914 2912 2916
f 2918 2917 2919
f 2918 2920 2917
f 2917 2915 2919
f 2921 2920 2922
f 2921 2923 2920
f 2920 2918 2922
f 2924 2923 2925
f 2924 2926 2923
f 2923 2921 2925
f 2927 2926 2928
f 2927 2929 2926
f 2926 2924 2928
f 2930 2929 2931
f 2930 2932 2929
f 2929 2927 2931
f 2933 2932 2934
f 2933 2935 2932
f 2932 2930 2934
f 2936 2935 2937
f 2936 2938 2935
f 2935 2933 2937
f 2939 2938 2940
f 2939 2941 2938
f 2938 2936 2940
f 2942 2941 2943
f 2942 2944 2941
f 2941 2939 2943
f 2945 2944 2946
f 2945 2947 2944
f 2944 2942 2946
f 2948 2947 2949
f 2948 2950 2947
f 2947 2945 2949
f 2951 2950 2952
f 2951 2953 2950
f 2950 2948 2952
f 2954 2953 2955
f 2954 2956 2953
f 2953 2951 2955
f 2957 2956 2958
f 2957 2959 2956
f 2956 2954 2958
f 2960 2959 2961
f 2960 2962 2959
f 2959 2957 2961
f 2963 2962 2964
f 2963 2965 2962
f 2962 2960 2964
f 2966 2965 2967
f 2966 2968 2965
f 2965 2963 2967
f 2969 2968 2970
f 2969 2971 2968
f 2968 2966 2970
f 2972 2971 2973
f 2972 2974 2971
f 2971 2969 2973
f 2975 2974 2976
f 2975 2977 2974
f 2974 2972 2976
f 2978 2977 2979
f 2978 2980 2977
f 2977 2975 2979
f 2981 2980 2982
f 2981 2983 2980
f 2980 2978 2982
f 2984 2983 2985
f 2984 2986 2983
f 2983 2981 2985
f 2987 2986 2988
f 2987 2989 2986
f 2986 2984 2988
f 2990 2989 2991
f 2990 2992 2989
f 2989 2987 2991
f 2993 2992 2994
f 2993 2995 2992
f 2992 2990 2994
f 2996 2995 2997
f 2996 2998 2995
f 2995 2993 2997
f 2999 2998 3000
f 2999 3001 2998
f 2998 2996 3000
f 3002 3001 3003
f 3002 3004 3001
f 3001 2999 3003
f 3005 3004 3006
f 3005 3007 3004
f 3004 3002 3006
f 3007 3008 3009
f 3008 3007 3005
f 3026 3027 3025
f 3028 3027 3029
f 3028 3030 3027
f 3028 3031 3030
f 3042 3027 3041
f 3042 3029 3027
f 3042 3043 3029

#List of body polygons
f 423 424 422
f 423 425 424
f 429 431 430
f 429 432 431
f 3031 3032 3030
f 3031 3033 3032
f 3040 3041 3039
f 3040 3042 3041

#List of body polygons
f 425 426 424
f 425 427 426
f 432 433 431
f 432 434 433
f 3033 3034 3032
f 3033 3035 3034
f 3037 3039 3038
f 3037 3040 3039

#List of body polygons
f 427 428 426
f 427 415 428
f 434 415 433
f 434 428 415
f 3035 3036 3034
f 2708 3037 3038

#List of body polygons
f 1380 1381 1379
f 1385 1381 1384
f 1385 1386 1381
f 1381 1380 1384
f 1386 1387 1388
f 1386 1385 1387
f 1553 1554 1555
f 1556 1553 1557
f 1556 1558 1553
f 1553 1555 1557
f 1381 1559 1558
f 1379 1558 1556
f 1379 1381 1558
f 1386 1560 1559
f 1386 1559 1381
f 1561 1560 1562
f 1561 1563 1560
f 1562 1386 1388
f 1562 1560 1386
f 1563 1564 1565
f 1563 1561 1564
f 1575 1576 1577
f 1553 1715 1716
f 1553 1716 1554
f 1558 1718 1719
f 1715 1558 1719
f 1715 1553 1558
f 1721 1723 1722
f 1721 1559 1723
f 1718 1559 1721
f 1718 1558 1559
f 1560 1724 1723
f 1560 1723 1559
f 1726 1563 1727
f 1726 1724 1563
f 1563 1724 1560
f 1563 1565 1727
f 1575 1737 1738
f 1575 1738 1576
f 1723 1930 1931
f 1723 1931 1722
f 1724 1935 1936
f 1930 1724 1936
f 1930 1723 1724
f 1935 1724 1726

#List of body lines
l 3044 3045
l 3045 3046
l 3046 3047
l 3047 3048
l 3048 3049
l 3049 3050
l 3050 3051
l 3051 3052
l 3052 3053
l 3053 3054
l 3045 3055
l 3055 3056
l 3056 3046
l 3046 3057
l 3057 3048
l 3048 3058
l 3058 3050
l 3050 3059
l 3059 3052
l 3052 3060
l 3060 3061
l 3061 3053
l 3055 3062
l 3062 3063
l 3063 3056
l 3056 3064
l 3064 3057
l 3057 3065
l 3065 3058
l 3058 3066
l 3066 3059
l 3059 3067
l 3067 3060
l 3060 3068
l 3068 3069
l 3069 3061
l 3062 3070
l 3070 3071
l 3071 3063
l 3063 3072
l 3072 3064
l 3064 3073
l 3073 3065
l 3065 3074
l 3074 3066
l 3066 3075
l 3075 3067
l 3067 3076
l 3076 3068
l 3068 3077
l 3077 3078
l 3078 3069
l 3070 3079
l 3079 3080
l 3080 3071
l 3071 3081
l 3081 3072
l 3072 3082
l 3082 3073
l 3073 3083
l 3083 3074
l 3074 3084
l 3084 3075
l 3075 3085
l 3085 3076
l 3076 3086
l 3086 3077
l 3077 3087
l 3087 3088
l 3088 3078
l 3079 3089
l 3089 3090
l 3090 3080
l 3080 3091
l 3091 3081
l 3081 3092
l 3092 3082
l 3082 3093
l 3093 3083
l 3083 3094
l 3094 3084
l 3084 3095
l 3095 3085
l 3085 3096
l 3096 3086
l 3086 3097
l 3097 3087
l 3087 3098
l 3098 3099
l 3099 3088
l 3089 3100
l 3100 3101
l 3101 3090
l 3090 3102
l 3102 3091
l 3091 3103
l 3103 3092
l 3092 3104
l 3104 3093
l 3093 3105
l 3105 3094
l 3094 3106
l 3106 3095
l 3095 3107
l 3107 3096
l 3096 3108
l 3108 3097
l 3097 3109
l 3109 3098
l 3098 3110
l 3110 3111
l 3111 3099
l 3101 3112
l 3112 3102
l 3102 3113
l 3113 3103
l 3103 3114
l 3114 3104
l 3104 3115
l 3115 3105
l 3105 3116
l 3116 3106
l 3106 3117
l 3117 3107
l 3107 3118
l 3118 3108
l 3108 3119
l 3119 3109
l 3109 3120
l 3120 3110
l 3110 3121
l 3121 3122
l 3122 3111
l 3112 3123
l 3123 3113
l 3113 3124
l 3124 3114
l 3114 3125
l 3125 3115
l 3115 3126
l 3126 3116
l 3116 3127
l 3127 3117
l 3117 3128
l 3128 3118
l 3118 3129
l 3129 3119
l 3119 3130
l 3130 3120
l 3120 3131
l 3131 3121
l 3121 3132
l 3132 3133
l 3133 3122
l 3123 3134
l 3134 3124
l 3124 3135
l 3135 3125
l 3125 3136
l 3136 3126
l 3126 3137
l 3137 3127
l 3127 3138
l 3138 3128
l 3128 3139
l 3139 3129
l 3129 3140
l 3140 3130
l 3130 3141
l 3141 3131
l 3131 3142
l 3142 3132
l 3132 3143
l 3143 3144
l 3144 3133
l 3134 3145
l 3145 3135
l 3135 3146
l 3146 3136
l 3136 3147
l 3147 3137
l 3137 3148
l 3148 3138
l 3138 3149
l 3149 3139
l 3139 3150
l 3150 3140
l 3140 3151
l 3151 3141
l 3141 3152
l 3152 3142
l 3142 3153
l 3153 3143
l 3143 3154
l 3154 3155
l 3155 3144
l 3145 3156
l 3156 3146
l 3146 3157
l 3157 3147
l 3147 3158
l 3158 3148
l 3148 3159
l 3159 3149
l 3149 3160
l 3160 3150
l 3150 3161
l 3161 3151
l 3151 3162
l 3162 3152
l 3152 3163
l 3163 3153
l 3153 3164
l 3164 3154
l 3154 3165
l 3165 3166
l 3166 3155
l 3156 3167
l 3167 3157
l 3157 3168
l 3168 3158
l 3158 3169
l 3169 3159
l 3159 3170
l 3170 3160
l 3160 3171
l 3171 3161
l 3161 3172
l 3172 3162
l 3162 3173
l 3173 3163
l 3163 3174
l 3174 3164
l 3164 3175
l 3175 3165
l 3165 3176
l 3176 3177
l 3177 3166
l 3167 3178
l 3178 3168
l 3168 3179
l 3179 3169
l 3169 3180
l 3180 3170
l 3170 3181
l 3181 3171
l 3171 3182
l 3182 3172
l 3172 3183
l 3183 3173
l 3173 3184
l 3184 3174
l 3174 3185
l 3185 3175
l 3175 3186
l 3186 3176
l 3176 3187
l 3187 3188
l 3188 3177
l 3178 3189
l 3189 3179
l 3179 3190
l 3190 3180
l 3180 3191
l 3191 3181
l 3181 3192
l 3192 3182
l 3182 3193
l 3193 3183
l 3183 3194
l 3194 3184
l 3184 3195
l 3195 3185
l 3185 3196
l 3196 3186
l 3186 3197
l 3197 3187
l 3187 3198
l 3198 3199
l 3199 3188
l 3189 3200
l 3200 3190
l 3190 3201
l 3201 3191
l 3191 3202
l 3202 3192
l 3192 3203
l 3203 3193
l 3193 3204
l 3204 3194
l 3194 3205
l 3205 3195
l 3195 3206
l 3206 3196
l 3196 3207
l 3207 3197
l 3197 3208
l 3208 3198
l 3198 3209
l 3209 3210
l 3210 3199
l 3200 3211
l 3211 3201
l 3201 3212
l 3212 3202
l 3202 3213
l 3213 3203
l 3203 3214
l 3214 3204
l 3204 3215
l 3215 3205
l 3205 3216
l 3216 3206
l 3206 3217
l 3217 3207
l 3207 3218
l 3218 3208
l 3208 3219
l 3219 3209
l 3209 3220
l 3220 3221
l 3221 3210
l 3211 3222
l 3222 3212
l 3212 3223
l 3223 3213
l 3213 3224
l 3224 3214
l 3214 3225
l 3225 3215
l 3215 3226
l 3226 3216
l 3216 3227
l 3227 3217
l 3217 3228
l 3228 3218
l 3218 3229
l 3229 3219
l 3219 3230
l 3230 3220
l 3220 3231
l 3231 3232
l 3232 3221
l 3222 3233
l 3233 3223
l 3223 3234
l 3234 3224
l 3224 3235
l 3235 3225
l 3225 3236
l 3236 3226
l 3226 3237
l 3237 3227
l 3227 3238
l 3238 3228
l 3228 3239
l 3239 3229
l 3229 3240
l 3240 3230
l 3230 3241
l 3241 3231
l 3231 3242
l 3242 3243
l 3243 3232
l 3233 3244
l 3244 3234
l 3234 3245
l 3245 3235
l 3235 3246
l 3246 3236
l 3236 3247
l 3247 3237
l 3237 3248
l 3248 3238
l 3238 3249
l 3249 3239
l 3239 3250
l 3250 3240
l 3240 3251
l 3251 3241
l 3241 3252
l 3252 3242
l 3242 3253
l 3253 3254
l 3254 3243
l 3244 3255
l 3255 3245
l 3245 3256
l 3256 3246
l 3246 3257
l 3257 3247
l 3247 3258
l 3258 3248
l 3248 3259
l 3259 3249
l 3249 3260
l 3260 3250
l 3250 3261
l 3261 3251
l 3251 3262
l 3262 3252
l 3252 3263
l 3263 3253
l 3253 3264
l 3264 3265
l 3265 3254
l 3255 3266
l 3266 3256
l 3256 3267
l 3267 3257
l 3257 3268
l 3268 3258
l 3258 3269
l 3269 3259
l 3259 3270
l 3270 3260
l 3260 3271
l 3271 3261
l 3261 3272
l 3272 3262
l 3262 3273
l 3273 3263
l 3263 3274
l 3274 3264
l 3264 3275
l 3275 3276
l 3276 3265
l 3266 3277
l 3277 3267
l 3267 3278
l 3278 3268
l 3268 3279
l 3279 3269
l 3269 3280
l 3280 3270
l 3270 3281
l 3281 3271
l 3271 3282
l 3282 3272
l 3272 3283
l 3283 3273
l 3273 3284
l 3284 3274
l 3274 3285
l 3285 3275
l 3275 3286
l 3286 3287
l 3287 3276
l 3277 3288
l 3288 3278
l 3278 3289
l 3289 3279
l 3279 3290
l 3290 3280
l 3280 3291
l 3291 3281
l 3281 3292
l 3292 3282
l 3282 3293
l 3293 3283
l 3283 3294
l 3294 3284
l 3284 3295
l 3295 3285
l 3285 3296
l 3296 3286
l 3286 3297
l 3297 3298
l 3298 3287
l 3288 3299
l 3299 3289
l 3289 3300
l 3300 3290
l 3290 3301
l 3301 3291
l 3291 3302
l 3302 3292
l 3292 3303
l 3303 3293
l 3293 3304
l 3304 3294
l 3294 3305
l 3305 3295
l 3295 3306
l 3306 3296
l 3296 3307
l 3307 3297
l 3297 3308
l 3308 3309
l 3309 3298
l 3299 3310
l 3310 3300
l 3300 3311
l 3311 3301
l 3301 3312
l 3312 3302
l 3302 3313
l 3313 3303
l 3303 3314
l 3314 3304
l 3304 3315
l 3315 3305
l 3305 3316
l 3316 3306
l 3306 3317
l 3317 3307
l 3307 3318
l 3318 3308
l 3308 3319
l 3319 3320
l 3320 3309
l 3310 3321
l 3321 3311
l 3311 3322
l 3322 3312
l 3312 3323
l 3323 3313
l 3313 3324
l 3324 3314
l 3314 3325
l 3325 3315
l 3315 3326
l 3326 3316
l 3316 3327
l 3327 3317
l 3317 3328
l 3328 3318
l 3318 3329
l 3329 3319
l 3319 3330
l 3330 3331
l 3331 3320
l 3321 3332
l 3332 3322
l 3322 3333
l 3333 3323
l 3323 3334
l 3334 3324
l 3324 3335
l 3335 3325
l 3325 3336
l 3336 3326
l 3326 3337
l 3337 3327
l 3327 3338
l 3338 3328
l 3328 3339
l 3339 3329
l 3329 3340
l 3340 3330
l 3330 3341
l 3341 3342
l 3342 3331
l 3332 3343
l 3343 3333
l 3333 3344
l 3344 3334
l 3334 3345
l 3345 3335
l 3335 3346
l 3346 3336
l 3336 3347
l 3347 3337
l 3337 3348
l 3348 3338
l 3338 3349
l 3349 3339
l 3339 3350
l 3350 3340
l 3340 3351
l 3351 3341
l 3341 3352
l 3352 3353
l 3353 3342
l 3343 3354
l 3354 3344
l 3344 3355
l 3355 3345
l 3345 3356
l 3356 3346
l 3346 3357
l 3357 3347
l 3347 3358
l 3358 3348
l 3348 3359
l 3359 3349
l 3349 3360
l 3360 3350
l 3350 3361
l 3361 3351
l 3351 3362
l 3362 3352
l 3352 3363
l 3363 3364
l 3364 3353
l 3354 3365
l 3365 3355
l 3355 3366
l 3366 3356
l 3356 3367
l 3367 3357
l 3357 3368
l 3368 3358
l 3358 3369
l 3369 3359
l 3359 3370
l 3370 3360
l 3360 3371
l 3371 3361
l 3361 3372
l 3372 3362
l 3362 3373
l 3373 3363
l 3363 3374
l 3374 3375
l 3375 3364
l 3365 3376
l 3376 3366
l 3366 3377
l 3377 3367
l 3367 3378
l 3378 3368
l 3368 3379
l 3379 3369
l 3369 3380
l 3380 3370
l 3370 3381
l 3381 3371
l 3371 3382
l 3382 3372
l 3372 3383
l 3383 3373
l 3373 3384
l 3384 3374
l 3374 3385
l 3385 3386
l 3386 3375
l 3376 3387
l 3387 3377
l 3377 3388
l 3388 3378
l 3378 3389
l 3389 3379
l 3379 3390
l 3390 3380
l 3380 3391
l 3391 3381
l 3381 3392
l 3392 3382
l 3382 3393
l 3393 3383
l 3383 3394
l 3394 3384
l 3384 3395
l 3395 3385
l 3385 3396
l 3396 3397
l 3397 3386
l 3387 3398
l 3398 3388
l 3388 3399
l 3399 3389
l 3389 3400
l 3400 3390
l 3390 3401
l 3401 3391
l 3391 3402
l 3402 3392
l 3392 3403
l 3403 3393
l 3393 3404
l 3404 3394
l 3394 3405
l 3405 3395
l 3395 3406
l 3406 3396
l 3396 3407
l 3407 3408
l 3408 3397
l 3398 3409
l 3409 3399
l 3399 3410
l 3410 3400
l 3400 3411
l 3411 3401
l 3401 3412
l 3412 3402
l 3402 3413
l 3413 3403
l 3403 3414
l 3414 3404
l 3404 3415
l 3415 3405
l 3405 3416
l 3416 3406
l 3406 3417
l 3417 3407
l 3407 3418
l 3418 3419
l 3419 3408
l 3409 3420
l 3420 3410
l 3410 3421
l 3421 3411
l 3411 3422
l 3422 3412
l 3412 3423
l 3423 3413
l 3413 3424
l 3424 3414
l 3414 3425
l 3425 3415
l 3415 3426
l 3426 3416
l 3416 3427
l 3427 3417
l 3417 3428
l 3428 3418
l 3418 3429
l 3429 3430
l 3430 3419
l 3420 3431
l 3431 3421
l 3421 3432
l 3432 3422
l 3422 3433
l 3433 3423
l 3423 3434
l 3434 3424
l 3424 3435
l 3435 3425
l 3425 3436
l 3436 3426
l 3426 3437
l 3437 3427
l 3427 3438
l 3438 3428
l 3428 3439
l 3439 3429
l 3429 3440
l 3440 3441
l 3441 3430
l 3431 3442
l 3442 3432
l 3432 3443
l 3443 3433
l 3433 3444
l 3444 3434
l 3434 3445
l 3445 3435
l 3435 3446
l 3446 3436
l 3436 3447
l 3447 3437
l 3437 3448
l 3448 3438
l 3438 3449
l 3449 3439
l 3439 3450
l 3450 3440
l 3440 3451
l 3451 3452
l 3452 3441
l 3442 3453
l 3453 3443
l 3443 3454
l 3454 3444
l 3444 3455
l 3455 3445
l 3445 3456
l 3456 3446
l 3446 3457
l 3457 3447
l 3447 3458
l 3458 3448
l 3448 3459
l 3459 3449
l 3449 3460
l 3460 3450
l 3450 3461
l 3461 3451
l 3451 3462
l 3462 3463
l 3463 3452
l 3453 3464
l 3464 3454
l 3454 3465
l 3465 3455
l 3455 3466
l 3466 3456
l 3456 3467
l 3467 3457
l 3457 3468
l 3468 3458
l 3458 3469
l 3469 3459
l 3459 3470
l 3470 3460
l 3460 3471
l 3471 3461
l 3461 3472
l 3472 3462
l 3462 3473
l 3473 3474
l 3474 3463
l 3464 3475
l 3475 3465
l 3465 3476
l 3476 3466
l 3466 3477
l 3477 3467
l 3467 3478
l 3478 3468
l 3468 3479
l 3479 3469
l 3469 3480
l 3480 3470
l 3470 3481
l 3481 3471
l 3471 3482
l 3482 3472
l 3472 3483
l 3483 3473
l 3473 3484
l 3484 3485
l 3485 3474
l 3475 3486
l 3486 3476
l 3476 3487
l 3487 3477
l 3477 3488
l 3488 3478
l 3478 3489
l 3489 3479
l 3479 3490
l 3490 3480
l 3480 3491
l 3491 3481
l 3481 3492
l 3492 3482
l 3482 3493
l 3493 3483
l 3483 3494
l 3494 3484
l 3484 3495
l 3495 3496
l 3496 3485
l 3486 3497
l 3497 3487
l 3487 3498
l 3498 3488
l 3488 3499
l 3499 3489
l 3489 3500
l 3500 3490
l 3490 3501
l 3501 3491
l 3491 3502
l 3502 3492
l 3492 3503
l 3503 3493
l 3493 3504
l 3504 3494
l 3494 3505
l 3505 3495
l 3495 3506
l 3506 3507
l 3507 3496
l 3497 3508
l 3508 3498
l 3498 3509
l 3509 3499
l 3499 3510
l 3510 3500
l 3500 3511
l 3511 3501
l 3501 3512
l 3512 3502
l 3502 3513
l 3513 3503
l 3503 3514
l 3514 3504
l 3504 3515
l 3515 3505
l 3505 3516
l 3516 3506
l 3506 3517
l 3517 3518
l 3518 3507
l 3508 3519
l 3519 3509
l 3509 3520
l 3520 3510
l 3510 3521
l 3521 3511
l 3511 3522
l 3522 3512
l 3512 3523
l 3523 3513
l 3513 3524
l 3524 3514
l 3514 3525
l 3525 3515
l 3515 3526
l 3526 3516
l 3516 3527
l 3527 3517
l 3517 3528
l 3528 3529
l 3529 3518
l 3519 3530
l 3530 3520
l 3520 3531
l 3531 3521
l 3521 3532
l 3532 3522
l 3522 3533
l 3533 3523
l 3523 3534
l 3534 3524
l 3524 3535
l 3535 3525
l 3525 3536
l 3536 3526
l 3526 3537
l 3537 3527
l 3527 3538
l 3538 3528
l 3528 3539
l 3539 3540
l 3540 3529
l 3530 3541
l 3541 3531
l 3531 3542
l 3542 3532
l 3532 3543
l 3543 3533
l 3533 3544
l 3544 3534
l 3534 3545
l 3545 3535
l 3535 3546
l 3546 3536
l 3536 3547
l 3547 3537
l 3537 3548
l 3548 3538
l 3538 3549
l 3549 3539
l 3539 3550
l 3550 3551
l 3551 3540
l 3541 3552
l 3552 3542
l 3542 3553
l 3553 3543
l 3543 3554
l 3554 3544
l 3544 3555
l 3555 3545
l 3545 3556
l 3556 3546
l 3546 3557
l 3557 3547
l 3547 3558
l 3558 3548
l 3548 3559
l 3559 3549
l 3549 3560
l 3560 3550
l 3550 3561
l 3561 3562
l 3562 3551
l 3552 3563
l 3563 3553
l 3553 3564
l 3564 3554
l 3554 3565
l 3565 3555
l 3555 3566
l 3566 3556
l 3556 3567
l 3567 3557
l 3557 3568
l 3568 3558
l 3558 3569
l 3569 3559
l 3559 3570
l 3570 3560
l 3560 3571
l 3571 3561
l 3561 3572
l 3572 3573
l 3573 3562
l 3563 3574
l 3574 3564
l 3564 3575
l 3575 3565
l 3565 3576
l 3576 3566
l 3566 3577
l 3577 3567
l 3567 3578
l 3578 3568
l 3568 3579
l 3579 3569
l 3569 3580
l 3580 3570
l 3570 3581
l 3581 3571
l 3571 3582
l 3582 3572
l 3572 3583
l 3583 3584
l 3584 3573
l 3574 3585
l 3585 3575
l 3575 3586
l 3586 3576
l 3576 3587
l 3587 3577
l 3577 3588
l 3588 3578
l 3578 3589
l 3589 3579
l 3579 3590
l 3590 3580
l 3580 3591
l 3591 3581
l 3581 3592
l 3592 3582
l 3582 3593
l 3593 3583
l 3583 3594
l 3594 3595
l 3595 3584
l 3585 3596
l 3596 3586
l 3586 3597
l 3597 3587
l 3587 3598
l 3598 3588
l 3588 3599
l 3599 3589
l 3589 3600
l 3600 3590
l 3590 3601
l 3601 3591
l 3591 3602
l 3602 3592
l 3592 3603
l 3603 3593
l 3593 3604
l 3604 3594
l 3594 3605
l 3605 3606
l 3606 3595
l 3596 3607
l 3607 3597
l 3597 3608
l 3608 3598
l 3598 3609
l 3609 3599
l 3599 3610
l 3610 3600
l 3600 3611
l 3611 3601
l 3601 3612
l 3612 3602
l 3602 3613
l 3613 3603
l 3603 3614
l 3614 3604
l 3604 3615
l 3615 3605
l 3605 3616
l 3616 3617
l 3617 3606
l 3607 3618
l 3618 3608
l 3608 3619
l 3619 3609
l 3609 3620
l 3620 3610
l 3610 3621
l 3621 3611
l 3611 3622
l 3622 3612
l 3612 3623
l 3623 3613
l 3613 3624
l 3624 3614
l 3614 3625
l 3625 3615
l 3615 3626
l 3626 3616
l 3616 3627
l 3627 3628
l 3628 3617
l 3618 3629
l 3629 3619
l 3619 3630
l 3630 3620
l 3620 3631
l 3631 3621
l 3621 3632
l 3632 3622
l 3622 3633
l 3633 3623
l 3623 3634
l 3634 3624
l 3624 3635
l 3635 3625
l 3625 3636
l 3636 3626
l 3626 3637
l 3637 3627
l 3627 3638
l 3638 3639
l 3639 3628
l 3629 3640
l 3640 3630
l 3630 3641
l 3641 3631
l 3631 3642
l 3642 3632
l 3632 3643
l 3643 3633
l 3633 3644
l 3644 3634
l 3634 3645
l 3645 3635
l 3635 3646
l 3646 3636
l 3636 3647
l 3647 3637
l 3637 3648
l 3648 3638
l 3638 3649
l 3649 3650
l 3650 3639
l 3640 3651
l 3651 3641
l 3641 3652
l 3652 3642
l 3642 3653
l 3653 3643
l 3643 3654
l 3654 3644
l 3644 3655
l 3655 3645
l 3645 3656
l 3656 3646
l 3646 3657
l 3657 3647
l 3647 3658
l 3658 3648
l 3648 3659
l 3659 3649
l 3649 3660
l 3660 3661
l 3661 3650
l 3651 3662
l 3662 3652
l 3652 3663
l 3663 3653
l 3653 3664
l 3664 3654
l 3654 3665
l 3665 3655
l 3655 3666
l 3666 3656
l 3656 3667
l 3667 3657
l 3657 3668
l 3668 3658
l 3658 3669
l 3669 3659
l 3659 3670
l 3670 3660
l 3660 3671
l 3671 3672
l 3672 3661
l 3662 3673
l 3673 3663
l 3663 3674
l 3674 3664
l 3664 3675
l 3675 3665
l 3665 3676
l 3676 3666
l 3666 3677
l 3677 3667
l 3667 3678
l 3678 3668
l 3668 3679
l 3679 3669
l 3669 3680
l 3680 3670
l 3670 3681
l 3681 3671
l 3671 3682
l 3682 3683
l 3683 3672
l 3673 3684
l 3684 3674
l 3674 3685
l 3685 3675
l 3675 3686
l 3686 3676
l 3676 3687
l 3687 3677
l 3677 3688
l 3688 3678
l 3678 3689
l 3689 3679
l 3679 3690
l 3690 3680
l 3680 3691
l 3691 3681
l 3681 3692
l 3692 3682
l 3682 3693
l 3693 3694
l 3694 3683
l 3684 3695
l 3695 3685
l 3685 3696
l 3696 3686
l 3686 3697
l 3697 3687
l 3687 3698
l 3698 3688
l 3688 3699
l 3699 3689
l 3689 3700
l 3700 3690
l 3690 3701
l 3701 3691
l 3691 3702
l 3702 3692
l 3692 3703
l 3703 3693
l 3693 3704
l 3704 3705
l 3705 3694
l 3695 3706
l 3706 3696
l 3696 3707
l 3707 3697
l 3697 3708
l 3708 3698
l 3698 3709
l 3709 3699
l 3699 3710
l 3710 3700
l 3700 3711
l 3711 3701
l 3701 3712
l 3712 3702
l 3702 3713
l 3713 3703
l 3703 3714
l 3714 3704
l 3704 3715
l 3715 3716
l 3716 3705
l 3706 3717
l 3717 3707
l 3707 3718
l 3718 3708
l 3708 3719
l 3719 3709
l 3709 3720
l 3720 3710
l 3710 3721
l 3721 3711
l 3711 3722
l 3722 3712
l 3712 3723
l 3723 3713
l 3713 3724
l 3724 3714
l 3714 3725
l 3725 3715
l 3715 3726
l 3726 3727
l 3727 3716
l 3717 3728
l 3728 3718
l 3718 3729
l 3729 3719
l 3719 3730
l 3730 3720
l 3720 3731
l 3731 3721
l 3721 3732
l 3732 3722
l 3722 3733
l 3733 3723
l 3723 3734
l 3734 3724
l 3724 3735
l 3735 3725
l 3725 3736
l 3736 3726
l 3726 3737
l 3737 3738
l 3738 3727
l 3728 3739
l 3739 3729
l 3729 3740
l 3740 3730
l 3730 3741
l 3741 3731
l 3731 3742
l 3742 3732
l 3732 3743
l 3743 3733
l 3733 3744
l 3744 3734
l 3734 3745
l 3745 3735
l 3735 3746
l 3746 3736
l 3736 3747
l 3747 3737
l 3737 3748
l 3748 3749
l 3749 3738
l 3739 3750
l 3750 3740
l 3740 3751
l 3751 3741
l 3741 3752
l 3752 3742
l 3742 3753
l 3753 3743
l 3743 3754
l 3754 3744
l 3744 3755
l 3755 3745
l 3745 3756
l 3756 3746
l 3746 3757
l 3757 3747
l 3747 3758
l 3758 3748
l 3748 3759
l 3759 3760
l 3760 3749
l 3750 3761
l 3761 3751
l 3751 3762
l 3762 3752
l 3752 3763
l 3763 3753
l 3753 3764
l 3764 3754
l 3754 3765
l 3765 3755
l 3755 3766
l 3766 3756
l 3756 3767
l 3767 3757
l 3757 3768
l 3768 3758
l 3758 3769
l 3769 3759
l 3759 3770
l 3770 3771
l 3771 3760
l 3761 3772
l 3772 3762
l 3762 3773
l 3773 3763
l 3763 3774
l 3774 3764
l 3764 3775
l 3775 3765
l 3765 3776
l 3776 3766
l 3766 3777
l 3777 3767
l 3767 3778
l 3778 3768
l 3768 3779
l 3779 3769
l 3769 3780
l 3780 3770
l 3770 3781
l 3781 3782
l 3782 3771
l 3772 3783
l 3783 3773
l 3773 3784
l 3784 3774
l 3774 3785
l 3785 3775
l 3775 3786
l 3786 3776
l 3776 3787
l 3787 3777
l 3777 3788
l 3788 3778
l 3778 3789
l 3789 3779
l 3779 3790
l 3790 3780
l 3780 3791
l 3791 3781
l 3781 3792
l 3792 3793
l 3793 3782
l 3783 3794
l 3794 3784
l 3784 3795
l 3795 3785
l 3785 3796
l 3796 3786
l 3786 3797
l 3797 3787
l 3787 3798
l 3798 3788
l 3788 3799
l 3799 3789
l 3789 3800
l 3800 3790
l 3790 3801
l 3801 3791
l 3791 3802
l 3802 3792
l 3792 3803
l 3803 3804
l 3804 3793
l 3794 3805
l 3805 3795
l 3795 3806
l 3806 3796
l 3796 3807
l 3807 3797
l 3797 3808
l 3808 3798
l 3798 3809
l 3809 3799
l 3799 3810
l 3810 3800
l 3800 3811
l 3811 3801
l 3801 3812
l 3812 3802
l 3802 3813
l 3813 3803
l 3803 3814
l 3814 3815
l 3815 3804
l 3805 3816
l 3816 3806
l 3806 3817
l 3817 3807
l 3807 3818
l 3818 3808
l 3808 3819
l 3819 3809
l 3809 3820
l 3820 3810
l 3810 3821
l 3821 3811
l 3811 3822
l 3822 3812
l 3812 3823
l 3823 3813
l 3813 3824
l 3824 3814
l 3814 3825
l 3825 3826
l 3826 3815
l 3816 3827
l 3827 3817
l 3817 3828
l 3828 3818
l 3818 3829
l 3829 3819
l 3819 3830
l 3830 3820
l 3820 3831
l 3831 3821
l 3821 3832
l 3832 3822
l 3822 3833
l 3833 3823
l 3823 3834
l 3834 3824
l 3824 3835
l 3835 3825
l 3825 3836
l 3836 3837
l 3837 3826
l 3827 3838
l 3838 3828
l 3828 3839
l 3839 3829
l 3829 3840
l 3840 3830
l 3830 3841
l 3841 3831
l 3831 3842
l 3842 3832
l 3832 3843
l 3843 3833
l 3833 3844
l 3844 3834
l 3834 3845
l 3845 3835
l 3835 3846
l 3846 3836
l 3836 3847
l 3847 3848
l 3848 3837
l 3838 3849
l 3849 3839
l 3839 3850
l 3850 3840
l 3840 3851
l 3851 3841
l 3841 3852
l 3852 3842
l 3842 3853
l 3853 3843
l 3843 3854
l 3854 3844
l 3844 3855
l 3855 3845
l 3845 3856
l 3856 3846
l 3846 3857
l 3857 3847
l 3847 3858
l 3858 3859
l 3859 3848
l 3849 3860
l 3860 3850
l 3850 3861
l 3861 3851
l 3851 3862
l 3862 3852
l 3852 3863
l 3863 3853
l 3853 3864
l 3864 3854
l 3854 3865
l 3865 3855
l 3855 3866
l 3866 3856
l 3856 3867
l 3867 3857
l 3857 3868
l 3868 3858
l 3858 3869
l 3869 3870
l 3870 3859
l 3860 3871
l 3871 3861
l 3861 3872
l 3872 3862
l 3862 3873
l 3873 3863
l 3863 3874
l 3874 3864
l 3864 3875
l 3875 3865
l 3865 3876
l 3876 3866
l 3866 3877
l 3877 3867
l 3867 3878
l 3878 3868
l 3868 3879
l 3879 3869
l 3869 3880
l 3880 3881
l 3881 3870
l 3871 3882
l 3882 3872
l 3872 3883
l 3883 3873
l 3873 3884
l 3884 3874
l 3874 3885
l 3885 3875
l 3875 3886
l 3886 3876
l 3876 3887
l 3887 3877
l 3877 3888
l 3888 3878
l 3878 3889
l 3889 3879
l 3879 3890
l 3890 3880
l 3880 3891
l 3891 3892
l 3892 3881
l 3882 3893
l 3893 3883
l 3883 3894
l 3894 3884
l 3884 3895
l 3895 3885
l 3885 3896
l 3896 3886
l 3886 3897
l 3897 3887
l 3887 3898
l 3898 3888
l 3888 3899
l 3899 3889
l 3889 3900
l 3900 3890
l 3890 3901
l 3901 3891
l 3891 3902
l 3902 3903
l 3903 3892
l 3893 3904
l 3904 3894
l 3894 3905
l 3905 3895
l 3895 3906
l 3906 3896
l 3896 3907
l 3907 3897
l 3897 3908
l 3908 3898
l 3898 3909
l 3909 3899
l 3899 3910
l 3910 3900
l 3900 3911
l 3911 3901
l 3901 3912
l 3912 3902
l 3902 3913
l 3913 3914
l 3914 3903
l 3904 3915
l 3915 3905
l 3905 3916
l 3916 3906
l 3906 3917
l 3917 3907
l 3907 3918
l 3918 3908
l 3908 3919
l 3919 3909
l 3909 3920
l 3920 3910
l 3910 3921
l 3921 3911
l 3911 3922
l 3922 3912
l 3912 3923
l 3923 3913
l 3913 3924
l 3924 3925
l 3925 3914
l 3915 3926
l 3926 3916
l 3916 3927
l 3927 3917
l 3917 3928
l 3928 3918
l 3918 3929
l 3929 3919
l 3919 3930
l 3930 3920
l 3920 3931
l 3931 3921
l 3921 3932
l 3932 3922
l 3922 3933
l 3933 3923
l 3923 3934
l 3934 3924
l 3924 3935
l 3935 3936
l 3936 3925
l 3926 3937
l 3937 3927
l 3927 3938
l 3938 3928
l 3928 3939
l 3939 3929
l 3929 3940
l 3940 3930
l 3930 3941
l 3941 3931
l 3931 3942
l 3942 3932
l 3932 3943
l 3943 3933
l 3933 3944
l 3944 3934
l 3934 3945
l 3945 3935
l 3935 3946
l 3946 3947
l 3947 3936
l 3937 3948
l 3948 3938
l 3938 3949
l 3949 3939
l 3939 3950
l 3950 3940
l 3940 3951
l 3951 3941
l 3941 3952
l 3952 3942
l 3942 3953
l 3953 3943
l 3943 3954
l 3954 3944
l 3944 3955
l 3955 3945
l 3945 3956
l 3956 3946
l 3946 3957
l 3957 3958
l 3958 3947
l 3948 3959
l 3959 3949
l 3949 3960
l 3960 3950
l 3950 3961
l 3961 3951
l 3951 3962
l 3962 3952
l 3952 3963
l 3963 3953
l 3953 3964
l 3964 3954
l 3954 3965
l 3965 3955
l 3955 3966
l 3966 3956
l 3956 3967
l 3967 3957
l 3957 3968
l 3968 3969
l 3969 3958
l 3959 3970
l 3970 3960
l 3960 3971
l 3971 3961
l 3961 3972
l 3972 3962
l 3962 3973
l 3973 3963
l 3963 3974
l 3974 3964
l 3964 3975
l 3975 3965
l 3965 3976
l 3976 3966
l 3966 3977
l 3977 3967
l 3967 3978
l 3978 3968
l 3968 3979
l 3979 3980
l 3980 3969
l 3970 3981
l 3981 3971
l 3971 3982
l 3982 3972
l 3972 3983
l 3983 3973
l 3973 3984
l 3984 3974
l 3974 3985
l 3985 3975
l 3975 3986
l 3986 3976
l 3976 3987
l 3987 3977
l 3977 3988
l 3988 3978
l 3978 3989
l 3989 3979
l 3979 3990
l 3990 3991
l 3991 3980
l 3981 3992
l 3992 3982
l 3982 3993
l 3993 3983
l 3983 3994
l 3994 3984
l 3984 3995
l 3995 3985
l 3985 3996
l 3996 3986
l 3986 3997
l 3997 3987
l 3987 3998
l 3998 3988
l 3988 3999
l 3999 3989
l 3989 4000
l 4000 3990
l 3990 4001
l 4001 4002
l 4002 3991
l 3992 4003
l 4003 3993
l 3993 4004
l 4004 3994
l 3994 4005
l 4005 3995
l 3995 4006
l 4006 3996
l 3996 4007
l 4007 3997
l 3997 4008
l 4008 3998
l 3998 4009
l 4009 3999
l 3999 4010
l 4010 4000
l 4000 4011
l 4011 4001
l 4001 4012
l 4012 4013
l 4013 4002
l 4003 4014
l 4014 4004
l 4004 4015
l 4015 4005
l 4005 4016
l 4016 4006
l 4006 4017
l 4017 4007
l 4007 4018
l 4018 4008
l 4008 4019
l 4019 4009
l 4009 4020
l 4020 4010
l 4010 4021
l 4021 4011
l 4011 4022
l 4022 4012
l 4012 4023
l 4023 4024
l 4024 4013
l 4014 4025
l 4025 4015
l 4015 4026
l 4026 4016
l 4016 4027
l 4027 4017
l 4017 4028
l 4028 4018
l 4018 4029
l 4029 4019
l 4019 4030
l 4030 4020
l 4020 4031
l 4031 4021
l 4021 4032
l 4032 4022
l 4022 4033
l 4033 4023
l 4023 4034
l 4034 4035
l 4035 4024
l 4025 4036
l 4036 4026
l 4026 4037
l 4037 4027
l 4027 4038
l 4038 4028
l 4028 4039
l 4039 4029
l 4029 4040
l 4040 4030
l 4030 4041
l 4041 4031
l 4031 4042
l 4042 4032
l 4032 4043
l 4043 4033
l 4033 4044
l 4044 4034
l 4034 4045
l 4045 4046
l 4046 4035
l 4036 4047
l 4047 4037
l 4037 4048
l 4048 4038
l 4038 4049
l 4049 4039
l 4039 4050
l 4050 4040
l 4040 4051
l 4051 4041
l 4041 4052
l 4052 4042
l 4042 4053
l 4053 4043
l 4043 4054
l 4054 4044
l 4044 4055
l 4055 4045
l 4045 4056
l 4056 4057
l 4057 4046
l 4047 4058
l 4058 4048
l 4048 4059
l 4059 4049
l 4049 4060
l 4060 4050
l 4050 4061
l 4061 4051
l 4051 4062
l 4062 4052
l 4052 4063
l 4063 4053
l 4053 4064
l 4064 4054
l 4054 4065
l 4065 4055
l 4055 4066
l 4066 4056
l 4056 4067
l 4067 4068
l 4068 4057
l 4058 4069
l 4069 4059
l 4059 4070
l 4070 4060
l 4060 4071
l 4071 4061
l 4061 4072
l 4072 4062
l 4062 4073
l 4073 4063
l 4063 4074
l 4074 4064
l 4064 4075
l 4075 4065
l 4065 4076
l 4076 4066
l 4066 4077
l 4077 4067
l 4067 4078
l 4078 4079
l 4079 4068
l 4069 4080
l 4080 4070
l 4070 4081
l 4081 4071
l 4071 4082
l 4082 4072
l 4072 4083
l 4083 4073
l 4073 4084
l 4084 4074
l 4074 4085
l 4085 4075
l 4075 4086
l 4086 4076
l 4076 4087
l 4087 4077
l 4077 4088
l 4088 4078
l 4078 4089
l 4089 4090
l 4090 4079
l 4080 4091
l 4091 4081
l 4081 4092
l 4092 4082
l 4082 4093
l 4093 4083
l 4083 4094
l 4094 4084
l 4084 4095
l 4095 4085
l 4085 4096
l 4096 4086
l 4086 4097
l 4097 4087
l 4087 4098
l 4098 4088
l 4088 4099
l 4099 4089
l 4089 4100
l 4100 4101
l 4101 4090
l 4091 4102
l 4102 4092
l 4092 4103
l 4103 4093
l 4093 4104
l 4104 4094
l 4094 4105
l 4105 4095
l 4095 4106
l 4106 4096
l 4096 4107
l 4107 4097
l 4097 4108
l 4108 4098
l 4098 4109
l 4109 4099
l 4099 4110
l 4110 4100
l 4102 4111
l 4111 4103
l 4103 4112
l 4112 4104
l 4104 4113
l 4113 4105
l 4105 4114
l 4114 4106
l 4106 4115
l 4115 4107
l 4107 4116
l 4116 4108
l 4108 4117
l 4117 4109
l 4109 4118
l 4118 4110
l 4111 4119
l 4119 4112
l 4112 4120
l 4120 4113
l 4113 4121
l 4121 4114
l 4114 4122
l 4122 4115
l 4115 4123
l 4123 4116
l 4116 4124
l 4124 4117
l 4117 4125
l 4125 4118
l 4119 4126
l 4126 4120
l 4120 4127
l 4127 4121
l 4121 4128
l 4128 4122
l 4122 4129
l 4129 4123
l 4123 4130
l 4130 4124
l 4124 4131
l 4131 4125
l 4126 4132
l 4132 4127
l 4127 4133
l 4133 4128
l 4128 4134
l 4134 4129
l 4129 4135
l 4135 4130
l 4130 4136
l 4136 4131
l 4137 4138
l 4139 4137
l 4138 4140
l 4141 4138
l 4139 4141
l 4142 4139
l 4140 4143
l 4144 4140
l 4141 4144
l 4145 4141
l 4142 4145
l 4146 4142
l 4143 4132
l 4133 4143
l 4144 4133
l 4134 4144
l 4145 4134
l 4135 4145
l 4146 4135
l 4136 4146
l 3044 4147
l 3047 3044
l 4148 3047
l 3049 4148
l 4149 3049
l 3051 4149
l 3054 3051
l 4150 3054
l 4147 4151
l 4148 4147
l 4152 4148
l 4149 4152
l 4150 4149
l 4153 4150
l 4151 4154
l 4152 4151
l 4153 4152
l 4154 4153


