0.470797,0.049484,-0.041483,361.353700
0.583660,0.029530,-0.059943,361.445402
0.185806,0.063474,0.002167,486.220426
0.356971,0.086649,-0.023254,363.335816
0.011561,0.019957,0.003212,505.596955
0.303355,0.037072,-0.014219,361.832820
0.199094,0.021437,0.000512,438.223083
0.488426,0.099950,-0.038161,362.448507
0.516500,0.028666,-0.048997,361.500810
0.420372,0.099785,-0.028842,363.190727
0.123619,0.061317,0.002822,505.541092
0.050999,0.004977,-0.000653,503.469104
0.666287,0.020381,-0.073458,361.487585
0.932561,0.085158,-0.116892,361.440425
0.960703,0.017548,-0.121481,361.414294
0.250443,0.094621,-0.010992,380.064798
0.066542,0.014920,0.002805,504.197228
0.346555,0.013287,-0.021560,363.402819
0.276685,0.098677,-0.013222,372.974150
0.076222,0.021321,0.002860,504.703348
0.258572,0.045106,-0.006866,361.517615
0.473780,0.056874,-0.041977,361.383109
0.861721,0.052193,-0.105271,361.354434
0.820736,0.087454,-0.098668,361.490206
0.553779,0.033132,-0.055056,361.425392
0.819190,0.039092,-0.098340,361.362676
0.542280,0.022534,-0.053235,361.566383
0.297578,0.097618,-0.015138,368.932634
0.812887,0.000403,-0.097700,361.576514
0.012905,0.049214,0.003388,506.444047
0.414709,0.066513,-0.032384,361.590584
0.456643,0.035279,-0.039206,361.455880
0.652491,0.073077,-0.071175,361.454509
0.585427,0.044711,-0.060191,361.358010
0.194076,0.085050,0.000235,447.037681
0.978541,0.030981,-0.124353,361.372592
0.378109,0.043697,-0.026367,361.385629
0.792894,0.097167,-0.093383,361.588072
0.107676,0.040552,0.002934,506.143048
0.913802,0.075508,-0.113802,361.402811
0.029973,0.094954,-0.000270,503.940009
0.808718,0.051946,-0.096622,361.354438
0.270575,0.087081,-0.009570,370.076758
0.503946,0.021240,-0.046999,361.650227
0.281197,0.069562,-0.010745,363.572963
0.449963,0.016824,-0.038255,361.940167
0.471580,0.075168,-0.041704,361.683404
0.303743,0.034364,-0.014311,362.065577
0.241564,0.094999,-0.010283,385.243754
0.944541,0.008831,-0.118880,361.456926
0.784029,0.049737,-0.092594,361.353650
0.937449,0.090205,-0.117708,361.464786
0.596701,0.067808,-0.062058,361.433762
0.165065,0.041315,0.002645,504.806788
0.322411,0.079485,-0.017560,363.489639
0.675120,0.020519,-0.074897,361.481403
0.231144,0.062756,-0.002610,367.726237
0.697256,0.037690,-0.078448,361.372006
0.335390,0.096623,-0.018920,365.438571
0.166016,0.078144,0.001883,489.501998
0.429955,0.079878,-0.034975,361.990673
0.357433,0.059597,-0.023011,361.515419
0.146459,0.070119,0.002489,501.522760
0.247112,0.036686,-0.005115,363.765504
0.748723,0.043550,-0.086836,361.357087
0.067763,0.085603,0.002764,503.840051
0.274682,0.001085,-0.013044,372.821004
0.419773,0.096400,-0.028766,362.970214
0.757992,0.005794,-0.086036,361.566469
0.905037,0.062138,-0.112345,361.366022
0.359995,0.079491,-0.023624,362.623658
0.219568,0.002543,-0.008626,405.819124
0.582432,0.028364,-0.059748,361.457372
0.579962,0.040721,-0.059305,361.370540
0.342017,0.066330,-0.020549,361.882732
0.180099,0.020805,0.001513,476.740902
0.127570,0.013126,0.002214,499.002836
0.176531,0.087267,0.001015,472.680706
0.463965,0.025499,-0.040457,361.635914
0.671381,0.058995,-0.074219,361.369661
0.247948,0.059799,-0.005214,363.148505
0.889383,0.050577,-0.109784,361.353784
0.355392,0.099623,-0.021080,364.897718
0.832873,0.086463,-0.100642,361.478368
0.578349,0.062990,-0.059050,361.402391
0.886612,0.027067,-0.109365,361.389841
0.531151,0.098202,-0.044616,362.132647
0.762766,0.037894,-0.089136,361.367433
0.297456,0.031930,-0.013322,362.443171
0.038879,0.002071,-0.000416,503.546954
0.299830,0.060843,-0.013639,361.855853
0.131696,0.095491,-0.003420,493.941485
0.370566,0.033386,-0.025189,361.653577
0.379636,0.028471,-0.026706,361.818943
0.347615,0.002562,-0.020227,364.680093
0.000643,0.079598,0.001113,505.608602
0.099271,0.016047,0.002585,502.876050
0.332330,0.098791,-0.018599,365.973245
0.874951,0.019169,-0.107489,361.422993
0.653908,0.014419,-0.071474,361.559791
0.750174,0.032080,-0.087094,361.387236
0.707160,0.005745,-0.075775,361.611944
0.131046,0.075448,0.002489,501.730614
0.023872,0.082715,0.003097,505.159771
0.038934,0.031751,0.003196,506.031097
-0.000000,0.100000,-0.000000,504.200130
0.986340,0.040137,-0.125611,361.358078
0.258304,0.033638,-0.006974,363.782262
0.144191,0.033564,0.002638,503.869664
0.078702,0.085711,0.002680,503.366053
0.852519,0.001611,-0.106482,361.540570
0.973938,0.059374,-0.123584,361.360038
0.473352,0.031515,-0.041949,361.499742
0.295598,0.056367,-0.012917,361.566407
0.631932,0.031474,-0.067808,361.412265
0.496078,0.058100,-0.045617,361.387306
0.588135,0.000064,-0.053923,361.916336
0.725261,0.095218,-0.079368,361.628738
0.976546,0.024935,-0.124042,361.387682
0.105766,0.084115,0.002490,501.940177
0.927425,0.007821,-0.116094,361.467354
0.608854,0.087492,-0.064144,361.668111
0.667634,0.038149,-0.073614,361.372768
0.284097,0.075340,-0.011333,364.667803
0.245704,0.019578,-0.005457,373.079193
0.589935,0.076954,-0.060996,361.536485
0.063271,0.028304,0.003037,505.628666
0.096435,0.067466,0.002894,505.335663
0.934492,0.015421,-0.117214,361.427815
0.824019,0.039114,-0.099128,361.362496
0.536458,0.097336,-0.045450,362.082626
0.230215,0.055404,-0.002280,362.979274
0.896420,0.046860,-0.110934,361.353917
0.837057,0.055033,-0.101247,361.356814
0.098819,0.051737,0.003004,506.418756
0.454672,-0.000052,-0.033390,362.651531
0.234020,0.014836,-0.004000,383.105666
0.273136,0.063449,-0.009340,362.730754
0.946987,0.011773,-0.119266,361.441776
0.988969,0.088100,-0.137433,361.440904
0.974568,0.052927,-0.123684,361.354523
0.224242,0.036171,-0.001517,370.211066
0.709496,0.097249,-0.076235,361.672082
0.245978,0.095197,-0.010632,382.698587
0.466962,0.068446,-0.040909,361.542598
0.702387,0.096439,-0.074840,361.670303
0.604630,0.098517,-0.056761,361.884093
0.305731,0.040108,-0.014581,361.609488
0.165338,0.079118,0.001849,489.185001
0.158247,0.030706,0.002441,500.513855
0.850503,0.021792,-0.103492,361.415761
0.286633,0.041032,-0.011464,361.660875
0.965508,0.070988,-0.122226,361.383070
0.268287,0.082169,-0.009039,368.669269
0.362879,0.004044,-0.021917,363.953563
0.547003,0.096183,-0.047127,362.007569
0.281390,0.029868,-0.010760,363.287869
0.345026,0.017375,-0.021240,363.008972
0.678373,0.080607,-0.075428,361.508984
0.401140,0.003559,-0.026428,363.124459
-0.000129,0.052789,-0.000223,506.431487
0.109184,0.012479,0.002399,501.253893
0.058485,0.000281,-0.000824,502.492441
0.680096,0.096964,-0.070533,361.707984
0.975810,0.056111,-0.123888,361.356615
0.149465,0.086300,0.001837,492.565416
0.302194,0.055459,-0.013987,361.496668
0.267424,0.056667,-0.008331,361.818071
0.370140,0.005463,-0.022743,363.604696
0.129759,0.004536,-0.003331,495.222676
0.520710,0.056261,-0.049633,361.371886
0.791678,0.044990,-0.093844,361.355211
0.148360,0.035411,0.002646,504.106496
0.502789,0.046796,-0.046705,361.355496
0.609855,0.061194,-0.064185,361.385200
0.056473,0.095477,-0.000776,502.930101
-0.000000,-0.000000,-0.000000,504.355419
0.391728,0.081989,-0.028797,362.392296
0.476858,0.012479,-0.042671,361.968652
0.096629,0.026702,0.002824,504.823890
0.337160,0.031125,-0.019774,361.959284
0.604050,0.022872,-0.063299,361.502431
0.238687,0.038144,-0.003734,364.137351
0.418433,0.000905,-0.028595,363.037794
0.374053,0.094293,-0.023194,363.674434
0.958534,0.023493,-0.121108,361.393741
0.378958,0.059623,-0.026520,361.479408
0.113931,0.054811,0.002925,506.284281
0.382507,0.086326,-0.027367,362.808960
0.432819,0.099966,-0.030457,363.016986
0.900017,0.047395,-0.111520,361.353770
0.403771,0.023309,-0.030681,361.917814
0.242303,0.052585,-0.004211,361.614438
0.592323,0.039184,-0.061325,361.375930
0.307099,0.055240,-0.014785,361.475104
0.159463,0.065183,0.002501,501.468292
0.216078,0.040153,-0.000113,371.127131
0.462815,0.053452,-0.040183,361.363815
0.178537,0.099697,-0.005914,462.363000
0.131833,0.072578,0.002557,502.544563
0.752261,0.001996,-0.084853,361.610618
0.950342,0.005095,-0.129373,361.474863
0.174983,0.050930,0.002663,506.250635
0.504940,0.005681,-0.040602,362.067358
0.213663,0.060605,0.000124,379.899380
0.970096,0.021093,-0.123001,361.400221
0.414579,0.078489,-0.032463,362.020790
0.844084,0.033517,-0.102411,361.374117
0.088365,0.047095,0.003051,506.433082
0.000644,0.018740,0.001116,505.620176
0.271059,0.063570,-0.009006,362.834875
0.435179,0.000092,-0.030768,362.860889
0.806787,0.064673,-0.096320,361.377434
0.629719,0.012921,-0.067543,361.603878
0.814925,0.048032,-0.097635,361.353674
0.000838,0.018891,0.001452,505.626915
0.473473,0.018756,-0.042059,361.787651
0.586862,0.019778,-0.060516,361.556522
0.439673,0.042939,-0.036412,361.376579
0.085308,0.003253,-0.001584,501.285505
0.887017,0.065840,-0.109411,361.375072
0.208242,0.064422,0.000594,402.264146
0.047391,0.081112,0.002981,504.902971
0.496644,0.017599,-0.045840,361.751284
0.792049,0.050447,-0.093902,361.353809
0.946033,0.027571,-0.119058,361.382881
0.860974,0.060508,-0.105154,361.364445
0.886292,0.083487,-0.109340,361.443589
0.989669,0.005573,-0.126253,361.460928
0.674473,0.098623,-0.069463,361.741717
0.259191,0.023855,-0.007372,367.191655
0.599695,0.096787,-0.055905,361.860253
0.394624,0.023758,-0.029190,361.950537
0.624499,0.018865,-0.066655,361.532793
0.236979,0.052929,-0.003347,361.765564
0.556019,0.062183,-0.055405,361.402527
0.914537,0.059122,-0.113892,361.360787
0.202952,0.057687,0.001681,416.821858
0.076002,0.074633,0.002909,504.959838
0.423040,0.068498,-0.033753,361.625616
0.489177,0.066285,-0.044519,361.480972
0.822028,0.003108,-0.099699,361.546660
0.433406,0.050968,-0.035383,361.356105
0.662730,0.002003,-0.067251,361.719560
0.786629,0.003389,-0.092047,361.568094
0.014143,0.078807,0.003203,505.535454
0.375211,0.047573,-0.025887,361.356034
0.169674,0.039655,0.002581,503.358989
-0.000000,0.100000,-0.000000,504.200130
0.175783,0.047626,0.002661,506.329240
0.922087,0.004523,-0.122594,361.488021
0.879259,0.001673,-0.112573,361.525637
0.472553,0.084270,-0.041941,361.945298
0.090049,0.066702,0.002939,505.535970
0.814953,0.040482,-0.097646,361.360394
0.804283,0.061429,-0.095906,361.368723
0.934467,0.096565,-0.117251,361.502815
0.043680,0.083410,0.002966,504.761670
0.079033,0.068570,0.002976,505.525665
0.802693,0.043613,-0.095642,361.356416
0.010286,0.065361,0.003348,506.178636
0.075069,0.071924,0.002954,505.267475
0.412222,0.094026,-0.027807,362.919893
0.362844,0.028211,-0.023979,361.933597
0.431804,0.051616,-0.035121,361.358109
0.362481,0.042243,-0.023822,361.416056
0.158605,0.001417,-0.004774,481.595145
0.932608,0.016671,-0.116902,361.422753
0.646935,0.040908,-0.070232,361.365269
0.883977,0.033532,-0.108920,361.371747
0.968815,0.067591,-0.122759,361.374501
0.783020,0.001596,-0.091280,361.588094
0.272543,0.094323,-0.012856,372.338311
0.780338,0.057534,-0.091994,361.361336
0.246325,0.044533,-0.004875,361.699872
0.005434,0.030317,0.003346,506.110871
0.586467,0.054806,-0.060359,361.361654
0.241454,0.037490,-0.004191,364.072928
0.626007,0.065268,-0.066830,361.405632
0.768841,0.040732,-0.090122,361.361090
0.049823,0.072094,0.003091,505.609956
0.282116,0.018231,-0.011148,365.979512
0.045144,0.025646,0.003101,505.633558
0.672778,0.099957,-0.069142,361.765614
0.419468,0.020062,-0.033266,361.969497
0.585340,0.028228,-0.060223,361.457156
0.401757,0.045087,-0.030222,361.367192
0.264535,0.085192,-0.008572,370.664443
0.878305,0.052270,-0.107977,361.354433
0.064973,0.033102,0.003079,505.946831
0.634168,0.076000,-0.068200,361.491331
0.324736,0.022223,-0.017883,362.963391
0.168307,0.055340,0.002651,505.118396
0.357996,0.050813,-0.023078,361.358222
0.404917,0.082941,-0.030946,362.317143
0.485956,0.053354,-0.043958,361.361855
0.875166,0.029609,-0.107491,361.382893
0.061174,0.083825,0.002845,504.284060
0.094993,0.072910,0.002819,504.659536
0.650894,0.060054,-0.070878,361.375062
0.031042,0.039689,0.003285,506.333366
0.036723,0.072791,0.003153,505.693133
0.816736,0.065689,-0.097944,361.379757
0.165033,0.087086,0.001426,483.519521
0.709006,0.094558,-0.076139,361.638305
0.934771,0.005970,-0.117300,361.475320
0.798593,0.025444,-0.095012,361.408652
0.677509,0.026590,-0.075260,361.431998
0.336732,0.096921,-0.019061,365.411291
0.846836,0.024602,-0.102884,361.404154
0.122355,0.012439,0.002254,499.611980
0.612359,0.018158,-0.064681,361.552484
0.193127,0.002046,-0.006822,444.562245
0.522822,0.068466,-0.050014,361.483192
0.009556,0.077306,0.003245,505.661594
0.160485,0.097187,-0.004876,480.040435
0.883780,0.074800,-0.108902,361.404402
0.414060,0.070496,-0.032305,361.712041
0.099456,0.097939,-0.002075,499.163425
0.920065,0.033705,-0.114807,361.369598
0.201645,0.041310,0.001876,426.615640
0.028921,0.045051,0.003312,506.424284
0.191449,0.083724,0.000510,452.633823
0.425036,0.027341,-0.034104,361.683742
0.579971,0.094100,-0.052542,361.853209
0.588693,0.003442,-0.054018,361.840680
0.067053,0.063760,0.003087,506.007444
0.918158,0.095069,-0.121661,361.499776
0.089618,0.044241,0.003038,506.376068
0.112256,0.004878,-0.002574,498.724663
0.950177,0.013601,-0.119779,361.432658
0.420908,0.075552,-0.033462,361.865458
0.887358,0.025278,-0.109492,361.395907
0.350581,0.033920,-0.021931,361.712802
0.412349,0.082164,-0.032142,362.211940
0.125685,0.086946,0.002185,498.636829
0.148701,0.036488,0.002665,504.422016
0.815345,0.004410,-0.098236,361.539889
0.497082,0.039768,-0.045786,361.388161
0.194562,0.072288,0.001184,452.661442
-0.000000,-0.000000,-0.000000,504.355419
0.654396,0.097850,-0.065700,361.763667
0.709779,0.037274,-0.080492,361.372419
0.627824,0.064390,-0.067124,361.399783
0.431908,0.013378,-0.035362,362.185046
0.047722,0.085304,0.002908,504.482473
0.942453,0.011435,-0.118528,361.444484
0.133168,0.034776,0.002733,504.877514
0.287515,0.064319,-0.011679,362.437443
0.396735,0.081982,-0.029608,362.340533
0.000075,0.002206,0.000130,504.530696
0.727010,0.077769,-0.083345,361.459774
0.898807,0.003651,-0.117107,361.502843
0.715076,0.002988,-0.077338,361.636817
0.191030,0.003782,-0.006687,448.176369
0.547120,0.018800,-0.054048,361.622632
0.544550,0.094608,-0.046734,361.973837
0.190649,0.004240,-0.006663,448.897428
0.043306,0.005362,-0.000495,503.781994
0.100261,0.003346,-0.002106,499.870727
0.192493,0.075551,0.001064,455.516243
0.233137,0.004650,-0.009631,390.510534
-0.000000,-0.000000,-0.000000,504.355419
0.913619,0.046466,-0.113740,361.354028
0.891374,0.094312,-0.115375,361.506225
0.837321,0.028534,-0.101320,361.390239
0.794356,0.026978,-0.094316,361.402406
0.603790,0.064053,-0.063202,361.403190
0.897918,0.058204,-0.111180,361.359830
0.358570,0.005260,-0.021433,363.951052
0.155983,0.036635,0.002617,503.811766
0.244222,0.022669,-0.005102,371.746103
0.527744,0.075093,-0.050851,361.579061
0.214242,0.001634,-0.008247,413.111603
0.284981,0.045866,-0.011169,361.403802
0.294667,0.017959,-0.013147,364.965961
0.017157,0.003172,-0.000151,504.263411
0.177290,0.017432,0.001401,477.125374
0.769358,0.012612,-0.090300,361.498684
0.639773,0.073185,-0.069102,361.461373
0.531811,-0.000006,-0.044720,362.123618
0.021667,0.038045,0.003320,506.306711
0.810057,0.001772,-0.097084,361.566150
0.179880,0.019116,0.001413,475.401059
0.150262,0.095554,-0.004332,486.974355
0.608149,0.077217,-0.063965,361.523711
0.002822,0.069927,0.003351,506.042446
0.196727,0.040407,0.002143,465.305819
0.562283,0.041199,-0.056420,361.370157
0.345764,0.001627,-0.020026,364.887935
0.125884,0.085593,0.002230,499.071619
0.403732,0.025474,-0.030653,361.827845
0.515963,0.078766,-0.048956,361.668765
0.106628,0.073365,0.002734,504.131126
0.536223,0.001603,-0.045413,362.056010
0.176049,0.061591,0.002430,498.611684
0.162613,0.003237,-0.004994,479.887188
0.658762,0.028278,-0.072196,361.426246
0.839485,0.097558,-0.103561,361.558406
0.167517,0.042131,0.002644,504.931508
0.743385,0.057164,-0.085965,361.361672
0.230418,0.002170,-0.009426,394.422421
0.513004,0.055766,-0.048374,361.370266
0.925436,0.052882,-0.115667,361.354628
0.524513,0.074095,-0.050319,361.566386
0.190821,0.060575,0.002187,481.505004
0.266882,0.074091,-0.008567,365.995179
0.201569,0.022166,0.000366,431.656914
0.133569,0.056506,0.002821,506.000034
0.127960,0.061094,0.002801,505.468430
0.340543,0.040502,-0.020252,361.485576
0.587561,0.041076,-0.060544,361.368511
0.275829,0.072465,-0.009947,364.600283
0.127556,0.052471,0.002873,506.364549
0.707372,0.048515,-0.080086,361.353621
0.122016,0.045714,0.002897,506.379122
0.595911,0.016843,-0.062009,361.588031
0.229582,0.001594,-0.009363,395.536165
0.123377,-0.000034,-0.003041,495.029236
0.584649,0.057141,-0.060066,361.369589
0.008612,0.048433,0.003407,506.443685
0.541615,0.072246,-0.053096,361.518491
0.666998,0.097338,-0.068052,361.733877
0.147421,0.031438,0.002564,502.786140
0.860724,0.095841,-0.108337,361.532164
0.334706,0.000779,-0.018847,365.578467
0.146713,0.034669,0.002643,504.005865
0.508788,0.039952,-0.047695,361.384317
0.178852,0.094544,-0.005933,464.645665
0.605031,0.033792,-0.063413,361.403868
0.090552,0.012459,0.002569,502.734901
0.694748,0.004312,-0.073351,361.643268
0.004476,0.023616,0.003290,505.839396
0.883400,0.048043,-0.108809,361.353656
0.590625,0.027997,-0.061086,361.456612
0.381127,0.060608,-0.026878,361.500211
0.419175,0.013058,-0.033301,362.299420
0.119662,0.080587,0.002455,501.496676
0.240398,0.095833,-0.010191,386.498686
0.805499,0.065806,-0.096111,361.381118
0.694114,0.046176,-0.077924,361.354746
0.047980,0.083654,0.002935,504.644804
-0.000000,0.100000,-0.000000,504.200130
0.057872,0.047010,0.003186,506.436635
0.066561,0.049719,0.003149,506.443170
0.933365,0.032062,-0.116981,361.372519
0.785654,0.032160,-0.092882,361.382989
0.010858,0.013589,0.003130,505.205064
0.292963,0.093827,-0.014704,368.521754
0.818908,0.069414,-0.098307,361.392439
0.528450,0.001311,-0.044195,362.098255
0.827983,0.042793,-0.099770,361.357047
0.444752,0.095829,-0.032043,362.634238
0.798614,0.005920,-0.094611,361.537417
0.858613,0.085956,-0.104837,361.465740
0.228216,0.055851,-0.001966,363.475102
0.055047,0.042296,0.003187,506.365881
0.741922,0.055896,-0.085725,361.359391
0.780258,0.067956,-0.091998,361.391700
0.564142,0.027347,-0.056771,361.479603
0.211251,0.067726,0.000001,398.357263
0.739150,0.094245,-0.082171,361.603940
0.293368,0.046780,-0.012535,361.374553
0.193789,0.071262,0.001309,455.709031
0.626801,0.059111,-0.066946,361.373640
0.393025,0.079727,-0.028978,362.245344
0.669141,0.026448,-0.073896,361.435858
0.922596,0.060963,-0.115209,361.363410
0.465847,0.097244,-0.034937,362.508229
0.916082,0.004918,-0.121170,361.487884
0.384219,0.071852,-0.027462,361.899061
0.167461,0.041340,0.002631,504.585150
0.629088,0.069766,-0.067347,361.437117
0.131167,0.059321,0.002805,505.664301
0.978685,0.055345,-0.124357,361.355984
0.088369,0.076609,0.002797,504.349261
0.472488,0.029688,-0.041818,361.532866
0.608767,0.069324,-0.064031,361.441746
0.738647,0.029069,-0.085223,361.402306
0.048110,0.003903,-0.000592,503.441449
0.716991,0.024420,-0.081707,361.434017
0.838251,0.027442,-0.101475,361.394140
0.848838,0.062027,-0.103176,361.368014
0.971524,0.030724,-0.123209,361.373497
0.109936,0.028521,0.002772,504.654415
0.690953,0.002221,-0.072617,361.675745
0.706291,0.036300,-0.079925,361.375988
0.126375,0.040085,0.002839,505.922533
0.978559,0.054284,-0.124336,361.355255
0.940062,0.004660,-0.118169,361.480987
0.250862,0.042131,-0.005635,362.022428
0.814615,0.026259,-0.097623,361.402260
0.619701,0.056429,-0.065784,361.364790
0.199627,0.067941,0.001167,438.402563
0.283928,0.094863,-0.013872,370.203587
0.426055,0.056835,-0.034192,361.396459
0.722771,0.028530,-0.082635,361.408155
0.750309,0.084950,-0.087176,361.505474
0.321947,0.077448,-0.017448,363.237981
0.890701,0.081114,-0.110051,361.430666
0.128517,0.053369,0.002865,506.314188
0.488976,0.075925,-0.044542,361.662036
0.062267,0.076075,0.002969,505.095985
0.682173,0.098867,-0.070929,361.733152
0.154340,0.029605,0.002448,500.813540
0.643839,0.049449,-0.069719,361.353628
0.752804,0.026446,-0.087541,361.412802
0.443940,0.041449,-0.037112,361.387997
0.108739,0.050157,0.002962,506.438768
0.162425,0.066237,0.002438,500.094497
0.208028,0.097682,-0.007814,422.216080
0.492110,0.083370,-0.045112,361.843642
0.043794,0.097105,-0.000506,503.242677
0.287752,0.026580,-0.011846,363.617537
0.662052,0.001279,-0.067125,361.731939
0.208076,0.085090,-0.000946,419.281166
0.256591,0.065923,-0.006725,364.419864
0.078740,0.021395,0.002845,504.642929
0.113645,0.050943,0.002939,506.426816
0.403054,0.031885,-0.030491,361.607574
0.511970,0.087144,-0.048376,361.882193
0.314486,0.063647,-0.016048,361.935881
0.712511,0.036523,-0.080939,361.374684
0.118782,0.054843,0.002903,506.262898
0.401749,0.051394,-0.030217,361.358575
0.769631,0.071231,-0.090273,361.407942
0.866220,0.002314,-0.109586,361.527668
0.530094,0.084845,-0.051304,361.771415
0.681894,0.026456,-0.075975,361.431497
0.052484,0.019055,0.002969,504.997441
0.348340,0.068171,-0.021595,361.946136
0.436225,0.074470,-0.035944,361.766161
0.698147,0.030275,-0.078613,361.403892
0.564473,0.085812,-0.056906,361.715340
0.196487,0.047101,0.002540,500.356281
0.231415,0.095891,-0.009501,393.527886
0.193941,0.016969,0.000534,448.913693
0.154475,0.005736,-0.004553,486.551691
0.026289,0.087090,0.003014,504.772092
0.433738,0.086656,-0.035666,362.265363
0.089929,0.096927,-0.001738,500.441358
0.055783,0.055053,0.003189,506.381774
0.563904,0.075182,-0.056744,361.537841
0.900004,0.078240,-0.111559,361.415833
0.540011,0.001445,-0.046012,362.045116
0.050784,0.041338,0.003202,506.347876
0.655090,0.038817,-0.071566,361.371427
0.963463,0.008346,-0.121967,361.454247
0.052912,0.084272,0.002892,504.461240
0.026348,0.027527,0.003219,505.895160
0.632460,0.033969,-0.067886,361.396648
-0.000000,0.100000,-0.000000,504.200130
0.385627,0.043638,-0.027594,361.383723
0.978666,0.055900,-0.124354,361.356419
0.011707,0.084961,0.003135,505.164478
0.989086,0.089417,-0.137230,361.446847
0.909826,0.002095,-0.119693,361.508294
0.340861,0.017859,-0.020559,363.054115
0.726644,0.023005,-0.083287,361.440259
0.109806,0.029310,0.002786,504.789542
0.875140,0.078485,-0.107504,361.421616
0.918782,0.020946,-0.114631,361.407700
0.248284,0.068127,-0.005463,366.518814
0.006318,0.026162,0.003306,505.943962
0.193212,0.049673,0.002585,506.195558
0.540488,0.065649,-0.052883,361.438868
0.189310,0.013227,0.000539,455.903910
0.970316,0.055272,-0.122991,361.355980
0.886586,0.036226,-0.109341,361.365869
0.379059,0.016426,-0.026755,362.514841
0.554595,0.080995,-0.055263,361.642764
0.408356,0.035802,-0.031331,361.497395
0.669560,0.073534,-0.073960,361.450902
0.101559,0.000707,-0.002152,499.039726
-0.000000,-0.000000,-0.000000,504.355419
0.833592,0.035727,-0.100695,361.369175
0.972508,0.041676,-0.123353,361.356760
0.491883,0.000491,-0.038667,362.325584
0.234224,0.032992,-0.003174,368.406732
0.534919,0.038447,-0.051962,361.389080
0.823499,0.056077,-0.099036,361.358214
0.067569,0.062454,0.003095,506.078152
0.005757,0.045466,0.003416,506.431700
0.821065,0.078797,-0.098686,361.435652
0.800136,0.052847,-0.095222,361.355072
0.556871,0.076989,-0.055608,361.572378
0.781577,0.004661,-0.090975,361.559889
0.381623,0.098985,-0.024078,363.934618
0.723921,0.046266,-0.082787,361.354551
0.000492,0.063207,0.000852,506.262549
0.960683,0.055618,-0.121419,361.356317
0.616648,0.005238,-0.058869,361.745230
0.225254,0.001559,-0.009041,399.868067
0.466618,0.072848,-0.040880,361.638074
0.529164,0.097955,-0.044306,362.134212
0.121718,0.019341,0.002473,501.794275
0.852705,0.036899,-0.103812,361.365789
0.771748,0.099423,-0.088903,361.629747
0.876746,0.064268,-0.107732,361.371795
0.308035,0.048475,-0.014926,361.354526
0.745101,0.098975,-0.083384,361.652033
0.584709,0.030227,-0.060111,361.438491
0.299968,0.061429,-0.013667,361.904760
0.122478,0.047554,0.002900,506.430895
0.693909,0.078873,-0.077953,361.483874
0.046670,0.032969,0.003168,506.050375
0.605853,0.051837,-0.063521,361.355339
0.850020,0.096741,-0.105920,361.545222
0.881396,0.051215,-0.108481,361.353977
0.862057,0.002068,-0.108640,361.531729
0.490324,0.050650,-0.044670,361.354736
0.749236,0.013684,-0.087015,361.500484
0.490498,0.045065,-0.044701,361.360178
0.553194,0.097866,-0.048124,362.030280
0.790303,0.031935,-0.093641,361.383306
0.338997,0.045742,-0.019981,361.373641
0.033519,0.085476,0.002996,504.775471
0.120600,0.031409,0.002755,504.745474
0.523787,0.080037,-0.050240,361.679804
0.432365,0.057104,-0.035221,361.397003
0.102515,0.034104,0.002897,505.616658
0.773225,0.095300,-0.089213,361.585461
0.000261,0.018259,0.000452,505.596992
0.511547,0.080330,-0.048249,361.712421
0.585388,0.015452,-0.060305,361.622734
-0.000000,-0.000000,-0.000000,504.355419
0.420014,0.006004,-0.028797,362.690198
0.121652,0.063029,0.002811,505.333962
0.675381,0.084095,-0.074959,361.547421
0.627433,0.039901,-0.067052,361.369747
0.366400,0.054990,-0.024456,361.399833
0.457077,0.018015,-0.039399,361.868513
0.824699,0.097317,-0.100286,361.566104
0.186201,0.070362,0.001739,474.888394
0.889631,0.040362,-0.109831,361.359143
0.553284,0.035250,-0.054967,361.407679
0.115566,0.094373,-0.002711,497.849078
0.645843,0.041501,-0.070053,361.363670
0.939554,0.096937,-0.126770,361.502779
0.139379,0.021766,0.002365,500.180523
0.170236,0.079194,0.001722,485.497044
0.436382,0.066707,-0.035916,361.553526
0.259140,0.061995,-0.007056,363.054611
0.022617,0.044100,0.003338,506.415874
0.685581,0.076242,-0.076584,361.465733
0.670608,0.045352,-0.074089,361.355724
0.231287,0.062498,-0.002624,367.467888
0.159365,0.086578,0.001606,487.604903
0.151829,0.094763,-0.004414,486.608523
0.182203,0.039649,0.002458,498.693081
0.823620,0.068320,-0.099073,361.387871
0.048980,0.014531,0.002914,504.629555
0.169758,0.019466,0.001754,486.378644
0.068580,0.078509,0.002892,504.700201
0.806930,0.086523,-0.096413,361.489659
0.251405,0.063889,-0.005850,364.249027
0.885779,0.001855,-0.114078,361.521083
0.010777,0.024157,0.003264,505.826011
0.038621,0.018757,0.003046,505.204324
0.537198,0.061446,-0.052333,361.402216
0.235842,0.045030,-0.003165,361.815849
0.469960,0.004574,-0.035515,362.307621
0.879726,0.026651,-0.108243,361.391999
0.409330,0.002646,-0.027444,363.056911
0.019150,0.043741,0.003353,506.412866
0.372388,0.002050,-0.023001,363.887790
0.571472,0.005964,-0.051122,361.829792
0.186033,0.049483,0.002618,506.411262
0.794557,0.087276,-0.094400,361.501097
0.962626,0.068561,-0.121751,361.377111
0.068040,0.053994,0.003137,506.393630
0.845270,0.005360,-0.104854,361.515836
0.194436,0.083874,0.000301,446.766218
0.094045,0.085967,0.002547,502.443113
0.059255,0.068065,0.003086,505.795459
0.361954,0.023248,-0.023891,362.247121
0.895472,0.019496,-0.110835,361.417524
0.074142,0.005644,-0.001241,502.489147
0.483544,0.096174,-0.037453,362.327378
0.927110,0.099531,-0.116067,361.525335
0.976004,0.090664,-0.123997,361.456282
0.548053,0.098609,-0.047295,362.071233
0.072452,0.013592,0.002737,503.812472
0.446281,0.064778,-0.037519,361.499939
0.023099,0.078648,0.003156,505.453913
0.956470,0.028902,-0.120757,361.378644
0.607578,0.043434,-0.063806,361.360241
0.288433,0.072767,-0.011970,363.835450
0.486470,0.094568,-0.037877,362.245227
0.157725,0.086049,0.001673,488.871367
0.324732,0.071947,-0.017810,362.542279
0.716969,0.015549,-0.081745,361.502381
0.047375,0.043720,0.003226,506.400071
0.569259,0.063556,-0.057569,361.409043
0.692804,0.072761,-0.077748,361.436483
0.119547,0.044000,0.002901,506.304175
0.820612,0.024646,-0.098607,361.408332
0.100316,0.079418,0.002653,503.329064
0.169811,0.066370,0.002340,497.212746
0.724116,0.018443,-0.082895,361.474439
0.792405,0.041496,-0.093966,361.359281
0.061578,0.078353,0.002938,504.881854
0.643970,0.074530,-0.069792,361.471409
0.430082,0.005689,-0.030099,362.595801
-0.000000,-0.000000,-0.000000,504.355419
0.783566,0.036603,-0.092532,361.369628
0.602370,0.094419,-0.056369,361.805727
-0.000000,0.100000,-0.000000,504.200130
0.555422,0.070727,-0.055339,361.486747
0.419683,0.084499,-0.033360,362.271189
0.054694,0.005581,-0.000735,503.405591
0.892160,0.014796,-0.110312,361.440329
0.923077,0.053928,-0.115283,361.355268
0.781693,0.027043,-0.092251,361.404262
0.473877,0.030880,-0.042038,361.509896
0.764273,0.066913,-0.089388,361.389580
0.470531,0.033975,-0.041477,361.463883
0.619902,0.069058,-0.065846,361.434967
0.640502,0.049105,-0.069174,361.353592
0.968775,0.092710,-0.122826,361.468710
0.320520,0.056854,-0.016981,361.505505
0.923304,0.076259,-0.115353,361.404281
0.781170,0.034026,-0.092146,361.377192
0.495092,0.005912,-0.039139,362.107264
0.934953,0.021877,-0.117266,361.401961
0.113032,0.095666,-0.002605,497.868953
0.507472,0.086510,-0.047639,361.879893
0.156540,0.068176,0.002443,500.477594
0.121027,0.054894,0.002892,506.249173
0.273405,0.028234,-0.009510,364.111946
0.299767,0.064876,-0.013672,362.250788
0.266464,0.000586,-0.012330,375.244653
0.836421,0.096754,-0.102879,361.553616
0.116911,0.042857,0.002906,506.246840
0.838086,0.057615,-0.101417,361.360125
0.448178,0.096233,-0.032505,362.620957
0.595275,0.065961,-0.061819,361.419281
0.125069,0.072940,0.002605,503.070479
0.284517,0.003905,-0.013925,369.875470
0.387552,0.033817,-0.027953,361.588237
0.393265,0.004111,-0.025467,363.221996
0.463889,0.067197,-0.040401,361.523032
-0.000000,0.100000,-0.000000,504.200130
0.291263,0.028666,-0.012372,363.093846
0.702704,0.031222,-0.079353,361.398114
0.292332,0.016167,-0.012822,365.548973
0.440858,0.027008,-0.036683,361.650722
0.973366,0.023307,-0.123528,361.392776
0.697878,0.031639,-0.078565,361.396882
0.871949,0.056577,-0.106941,361.358156
0.499452,0.063827,-0.046184,361.441050
0.990067,0.031280,-0.126233,361.371430
0.548917,0.078642,-0.054322,361.610128
0.195192,0.083543,0.000274,445.364331
0.935929,0.031620,-0.117400,361.373382
0.693864,0.077241,-0.077938,361.470087
0.634183,0.003525,-0.062002,361.742867
0.750455,0.061681,-0.087124,361.372562
0.210372,0.098426,-0.007976,419.106008
0.308643,0.047310,-0.015026,361.362595
0.433084,0.017508,-0.035505,361.999443
0.836431,0.057631,-0.101147,361.360184
0.734375,0.095938,-0.081203,361.627742
0.735248,0.071760,-0.084667,361.418094
0.676159,0.071808,-0.075030,361.435407
0.410932,0.069682,-0.031790,361.695456
0.345130,0.078235,-0.021202,362.769707
0.521743,0.002597,-0.043156,362.088611
0.529376,0.081740,-0.051162,361.704158
0.544752,0.073859,-0.053615,361.538679
0.151373,0.023332,0.002272,498.237176
0.842692,0.064587,-0.102177,361.374618
0.587487,0.066647,-0.060551,361.427574
0.231717,0.049097,-0.002472,361.353753
0.619742,0.020197,-0.065872,361.521090
0.025672,0.062251,0.003295,506.238068
0.830188,0.097233,-0.101497,361.561696
0.698216,0.072333,-0.078629,361.431805
0.165322,0.077806,0.001915,490.215305
0.355627,0.004583,-0.021106,364.124264
0.627161,0.021739,-0.067073,361.498511
0.236946,0.038128,-0.003456,364.404141
0.011824,0.040589,0.003376,506.370963
0.131319,0.023290,0.002492,501.906581
0.616573,0.013632,-0.065397,361.609558
0.612672,0.051561,-0.064633,361.354969
0.454557,0.027219,-0.038912,361.614585
0.759639,0.097534,-0.086377,361.620756
0.314813,0.046277,-0.016035,361.374260
0.632597,0.003154,-0.061716,361.752098
0.165824,0.057932,0.002623,504.207722
0.175123,0.022678,0.001787,484.482795
0.080137,0.095351,-0.001421,501.583931
0.324361,0.074902,-0.017794,362.867108
0.864174,0.085000,-0.105739,361.458258
-0.000549,0.061805,-0.000951,506.297962
0.114049,0.003599,-0.002646,498.060512
0.292554,0.079902,-0.012791,365.079403
0.300597,0.043091,-0.013727,361.479266
0.045244,0.013645,0.002923,504.625867
0.129584,0.051524,0.002867,506.399964
0.474565,0.034558,-0.042132,361.452524
0.897543,0.079678,-0.111162,361.422574
0.347215,0.021765,-0.021524,362.556692
0.788346,0.097424,-0.092412,361.594237
0.394242,0.073114,-0.029104,361.899703
0.136161,0.082529,0.002206,498.286436
0.546394,0.037722,-0.053836,361.391460
0.391787,0.036917,-0.028624,361.496030
0.935423,0.013979,-0.117371,361.434120
0.059435,0.018612,0.002919,504.810954
0.199645,0.054047,0.002252,451.405329
0.035217,0.094997,-0.000351,503.782542
0.611221,0.074531,-0.064453,361.490893
0.056167,0.003032,-0.000769,502.999637
0.427290,0.002831,-0.029735,362.794067
0.202948,0.031297,0.000967,425.152166
0.261446,0.069173,-0.007576,364.995500
0.981387,0.051500,-0.124797,361.353966
0.343220,0.076724,-0.020870,362.664381
0.317208,0.001460,-0.017051,366.652664
0.191094,0.073790,0.001275,460.342079
0.077702,0.069011,0.002978,505.504729
0.357194,0.096881,-0.021280,364.480071
0.350148,0.026300,-0.021938,362.163818
0.111896,0.045906,0.002943,506.398719
0.740382,0.036836,-0.085486,361.371612
0.534665,0.005854,-0.045168,361.942510
0.557039,0.038966,-0.055569,361.381806
0.507891,0.097995,-0.041045,362.245555
0.765815,0.058425,-0.089626,361.363522
0.066742,0.018064,0.002863,504.571819
0.457548,0.069648,-0.039382,361.582403
0.062098,0.095668,-0.000913,502.631934
0.742471,0.055314,-0.085814,361.358446
0.265017,0.066560,-0.008087,363.874487
0.027064,0.068689,0.003242,505.983069
0.561485,0.074995,-0.056348,361.537663
0.826550,0.054450,-0.099533,361.356311
0.525416,0.021363,-0.050495,361.610171
0.198871,0.001088,-0.007197,435.755869
0.484913,0.003636,-0.037651,362.247374
0.905966,0.057162,-0.112492,361.358391
0.518950,0.023477,-0.049427,361.581557
0.320414,0.060781,-0.016988,361.695373
0.418684,0.057606,-0.032991,361.408866
0.323024,0.000245,-0.017639,366.435729
0.530728,0.053511,-0.051264,361.360228
0.045232,0.051453,0.003243,506.435406
0.052948,0.099082,-0.000696,502.585522
0.786182,0.038662,-0.092955,361.364638
0.647671,0.033159,-0.070370,361.398209
0.158331,0.020844,0.002066,494.305952
0.697306,0.001862,-0.073848,361.672379
0.381646,0.099603,-0.024080,363.994792
0.720711,0.053392,-0.082263,361.356144
0.188461,0.065829,0.001945,476.918979
0.351326,0.027833,-0.022111,362.048810
0.124944,0.097792,-0.003112,494.785093
0.708089,0.002690,-0.075958,361.648429
0.437021,0.018211,-0.036137,361.951102
0.294577,0.031861,-0.012856,362.518687
0.172593,0.076190,0.001824,486.133522
0.138536,0.081634,0.002206,498.144480
0.217781,0.000331,-0.008498,409.088813
0.895313,0.020558,-0.110805,361.413035
0.456358,0.003682,-0.033621,362.451541
0.358711,0.003066,-0.021449,364.197701
0.469200,0.035614,-0.041252,361.442064
0.163849,0.038169,0.002592,503.494244
0.420765,0.055559,-0.033326,361.385085
0.447814,0.099925,-0.032456,362.824879
0.129610,0.080488,0.002354,500.237978
0.815693,0.032896,-0.097781,361.377903
0.190220,0.047824,0.002595,505.980426
0.529960,0.076736,-0.051222,361.604813
0.849546,0.029846,-0.103311,361.384487
0.656080,0.038711,-0.071728,361.371721
0.507044,0.037822,-0.047417,361.400992
0.064369,0.001573,-0.000971,502.378284
0.943448,0.045488,-0.118608,361.354370
0.848316,0.070349,-0.103106,361.392312
0.320942,0.056208,-0.017047,361.480640
0.333942,0.016210,-0.019475,363.423645
0.458842,0.050196,-0.039533,361.354341
0.850773,0.097124,-0.106089,361.547845
0.042404,0.035324,0.003207,506.171762
0.719033,0.071001,-0.082020,361.417689
0.590879,0.042276,-0.061083,361.364151
0.985790,0.090304,-0.125591,361.452027
0.896496,0.086517,-0.111016,361.456960
0.392088,0.074647,-0.028769,361.984291
0.225765,0.012579,-0.003031,392.617613
-0.000057,0.002506,-0.000098,504.556144
0.271497,0.080971,-0.009499,367.689325
0.281010,0.004476,-0.013608,370.305060
0.147674,0.078112,0.002211,497.514851
0.593880,0.050130,-0.061567,361.353885
0.116207,0.028219,0.002725,504.333161
0.520404,0.064266,-0.049603,361.434581
0.715836,0.044443,-0.081469,361.356357
0.093154,0.034855,0.002955,505.819102
0.275608,0.025299,-0.009930,364.693764
0.713978,0.027769,-0.081203,361.414316
0.802637,0.096871,-0.095477,361.577777
0.565406,0.070548,-0.056966,361.477519
0.947754,0.005601,-0.119419,361.473149
0.077492,0.020471,0.002837,504.562457
0.506390,0.000598,-0.040820,362.233168
0.521823,0.070335,-0.049860,361.510154
0.044504,0.027631,0.003127,505.768880
-0.000000,-0.000000,-0.000000,504.355419
0.466794,0.083026,-0.040993,361.928585
0.700327,0.095145,-0.074437,361.655845
0.263086,0.000250,-0.012042,376.480741
0.426847,0.000038,-0.029677,362.973766
0.728145,0.028425,-0.083512,361.407594
0.413267,0.099806,-0.027939,363.312067
0.383894,0.061810,-0.027335,361.526752
0.194194,0.004609,-0.006890,443.472945
0.159320,0.024195,0.002191,496.112036
0.176054,0.080840,0.001447,478.389606
-0.000000,-0.000000,-0.000000,504.355419
0.355951,0.015734,-0.023030,362.938432
0.549441,0.068550,-0.054354,361.465175
-0.000000,0.100000,-0.000000,504.200130
0.319766,0.099855,-0.017309,367.092945
0.707048,0.085555,-0.080128,361.538455
-0.000000,-0.000000,-0.000000,504.355419
0.148476,0.005169,-0.004240,489.209299
0.578948,0.093895,-0.052370,361.851386
0.961387,0.059152,-0.121536,361.359970
0.405125,0.057503,-0.030779,361.414925
0.778121,0.005082,-0.090244,361.558434
0.421451,0.094056,-0.028981,362.797403
0.370639,0.033941,-0.025197,361.632532
0.543917,0.080378,-0.053520,361.649242
0.751642,0.062382,-0.087319,361.374623
0.817274,0.040408,-0.098025,361.360460
0.344149,0.076813,-0.021022,362.655983
0.211236,0.095857,-0.008035,417.088580
0.481935,0.065854,-0.043336,361.481004
0.138322,0.045822,0.002823,506.347676
0.064765,0.020925,0.002924,504.934554
0.018862,0.087108,0.003060,504.900145
0.401769,0.049249,-0.030220,361.353638
0.497268,0.099133,-0.039459,362.353356
0.137922,0.004237,-0.003714,492.779675
0.805943,0.097494,-0.096192,361.581118
0.263425,0.071172,-0.007941,365.439349
0.476288,0.034370,-0.042414,361.453845
0.311153,0.064400,-0.015514,362.035505
0.406227,0.015593,-0.031169,362.277583
0.483423,0.059637,-0.043557,361.403861
0.044037,0.084304,0.002949,504.668447
0.529840,0.047596,-0.051118,361.354242
0.740622,0.050216,-0.085511,361.353775
0.240174,0.034522,-0.004061,365.767673
0.532726,0.071913,-0.051645,361.522474
0.603353,0.053238,-0.063113,361.357538
0.614308,0.017352,-0.065003,361.561007
0.416000,0.032302,-0.032597,361.567282
0.648041,0.029207,-0.070444,361.423108
0.835209,0.051776,-0.100945,361.354283
0.140871,0.033378,0.002657,504.080292
0.235118,0.096865,-0.009783,390.980984
0.761429,0.049415,-0.088906,361.353611
0.738249,0.074629,-0.085166,361.434432
0.069659,0.017118,0.002827,504.375099
0.395495,0.021880,-0.029351,362.035257
0.788551,0.096110,-0.092456,361.581269
0.790449,0.000888,-0.092861,361.589071
0.714050,0.036470,-0.081190,361.374734
0.756073,0.000743,-0.085639,361.620722
0.584654,0.016943,-0.060175,361.600402
0.033531,0.005200,-0.000324,504.053178
0.709647,0.026746,-0.080500,361.421443
0.979059,0.024022,-0.124455,361.390084
0.683182,0.048652,-0.076139,361.353607
0.117384,0.083797,0.002384,500.843723
0.163495,0.063202,0.002518,501.718438
0.857049,0.017080,-0.104577,361.437442
0.755391,0.005080,-0.085498,361.575605
0.390872,0.033333,-0.028497,361.594720
0.802361,0.004797,-0.095418,361.544685
0.037733,0.087366,0.002936,504.511973
0.133293,0.097180,-0.003494,492.784325
0.063416,0.097819,-0.000947,502.229020
0.139834,0.077804,0.002323,499.488306
0.341530,0.021428,-0.020609,362.684690
0.478153,0.064489,-0.042714,361.464177
0.387595,0.023597,-0.028049,362.003889
0.940726,0.025937,-0.118196,361.388014
0.616188,0.059735,-0.065215,361.377352
0.319844,0.066321,-0.016947,362.094171
0.635405,0.098587,-0.062223,361.813463
0.320462,0.019042,-0.017252,363.490573
0.504257,0.027265,-0.047010,361.535524
0.893868,0.057637,-0.110518,361.359151
0.933997,0.079358,-0.117107,361.414617
-0.000000,0.100000,-0.000000,504.200130
0.638842,0.058548,-0.068909,361.370505
0.472402,0.038086,-0.041765,361.411079
-0.000000,-0.000000,-0.000000,504.355419
0.180985,0.038545,0.002434,498.039888
0.531565,0.028955,-0.051452,361.483947
0.091050,0.079843,0.002714,503.735355
0.890439,0.049526,-0.109957,361.353613
0.494530,0.079196,-0.045471,361.726537
0.601910,0.047400,-0.062878,361.354154
0.589494,0.071760,-0.060898,361.475271
0.736065,0.079049,-0.084827,361.465536
0.519365,0.060482,-0.049422,361.399723
0.553863,0.095458,-0.048232,361.963760
0.872305,0.017794,-0.107063,361.430137
0.277070,0.070048,-0.010092,363.918661
0.790096,0.053615,-0.093584,361.355790
0.364950,0.035386,-0.024260,361.597903
0.983079,0.029500,-0.125097,361.375591
-0.000295,0.075558,-0.000511,505.817314
0.014945,0.083975,0.003130,505.190553
0.743314,0.099671,-0.083019,361.662368
0.384554,0.049637,-0.027411,361.353996
0.180959,0.015590,0.001134,470.813784
0.887544,0.034116,-0.109501,361.370224
0.914541,0.013530,-0.113968,361.441104
0.105268,0.095391,-0.002296,499.089875
0.366287,0.025974,-0.024562,362.034198
0.603982,0.066373,-0.063241,361.419573
0.903498,0.065764,-0.112099,361.373897
0.063053,0.012957,0.002791,504.063616
0.732135,0.021835,-0.084187,361.446280
0.751068,0.059352,-0.087221,361.366216
0.293036,0.001859,-0.014711,369.165717
0.614542,0.017989,-0.065037,361.552548
0.407227,0.083090,-0.031323,362.304291
0.633776,0.040016,-0.068086,361.368879
0.654819,0.032520,-0.071538,361.400365
0.030763,0.076264,0.003144,505.528461
0.395466,0.093876,-0.025734,363.178363
0.980149,0.031108,-0.124615,361.372246
0.333586,0.001087,-0.018730,365.593685
0.480657,0.030050,-0.043148,361.516320
0.590255,0.065947,-0.061000,361.420870
0.639419,0.071567,-0.069038,361.447616
0.794520,0.021251,-0.094363,361.431040
0.101030,0.047517,0.002995,506.435510
0.083142,0.094529,-0.001516,501.518475
0.409926,0.045845,-0.031554,361.361765
0.637620,0.023085,-0.068771,361.478400
0.803222,0.015054,-0.095809,361.466111
0.674924,0.058859,-0.074797,361.368994
0.235766,0.018355,-0.004054,379.156387
0.946467,0.065089,-0.119109,361.370213
0.396349,0.042631,-0.029345,361.391513
0.009847,0.085404,0.003139,505.158285
0.030068,0.078641,0.003118,505.373735
0.312029,0.033603,-0.015665,362.028751
0.099728,0.023091,0.002738,504.154664
0.640598,0.004600,-0.063166,361.714107
0.714555,0.044884,-0.081260,361.355858
0.867020,0.053083,-0.106136,361.354943
0.497007,0.079597,-0.045877,361.730100
0.494193,0.047612,-0.045302,361.354394
0.304684,0.096013,-0.015818,367.689433
0.250057,0.054465,-0.005487,361.784752
0.305407,0.068754,-0.014637,362.588598
0.789399,0.085779,-0.093552,361.492208
0.989322,0.074387,-0.136816,361.390447
0.113522,0.031337,0.002797,504.990073
0.300585,0.015089,-0.014161,365.151628
0.942312,0.005689,-0.118531,361.474420
0.410901,0.064688,-0.031752,361.550846
0.109088,0.097143,-0.002445,498.053187
0.355556,0.014592,-0.022986,363.053525
0.015293,0.017402,0.003159,505.405131
0.683200,0.035277,-0.076160,361.382313
0.380692,0.097245,-0.023968,363.790522
0.760529,0.025206,-0.088805,361.417680
0.280175,0.073866,-0.010673,364.610577
0.682005,0.099821,-0.070897,361.747954
0.477536,0.057866,-0.042592,361.390014
0.697177,0.020165,-0.078495,361.473225
0.289264,0.037258,-0.011927,361.976223
0.635470,0.056297,-0.068356,361.363630
0.028851,0.079253,0.003116,505.345376
0.820150,0.046142,-0.098489,361.354335
0.155811,0.096491,-0.004624,483.443798
0.959144,0.020235,-0.121217,361.404575
0.673651,0.038498,-0.074595,361.371096
0.802206,0.098254,-0.095384,361.591194
0.224492,0.094302,-0.008984,399.431424
0.374140,0.059672,-0.025735,361.487697
0.720571,0.054067,-0.082240,361.356989
0.584929,0.079265,-0.060193,361.573423
0.790015,0.019292,-0.093637,361.443708
0.579159,0.053586,-0.059166,361.358817
0.297128,0.040603,-0.013177,361.624505
0.967185,0.033813,-0.122495,361.367484
0.943467,0.007289,-0.118712,361.465319
-0.000146,0.071722,-0.000253,505.983479
0.960805,0.029441,-0.121463,361.377046
0.310911,0.094052,-0.016426,366.658748
0.783347,0.080985,-0.092544,361.460699
0.015203,0.052688,0.003375,506.430133
0.270976,0.029759,-0.009088,363.900885
0.629229,0.058556,-0.067341,361.371299
0.667305,0.038272,-0.073560,361.372362
0.928631,0.023724,-0.116229,361.396330
0.176293,0.005834,-0.005780,468.953035
0.957264,0.029467,-0.120885,361.377202
0.922969,0.096502,-0.122803,361.506909
0.005344,0.049021,0.003421,506.444070
0.339083,0.018404,-0.020263,363.038308
0.951023,0.014244,-0.119914,361.429642
0.559538,0.028984,-0.056012,361.464099
0.689007,0.019683,-0.077165,361.481411
0.647631,0.032104,-0.070367,361.404354
0.531021,0.030263,-0.051357,361.467902
0.121727,0.062972,0.002812,505.340793
0.391409,0.001350,-0.025243,363.487864
0.597751,0.060854,-0.062210,361.385303
0.800729,0.055891,-0.095320,361.358310
0.492040,0.066653,-0.044987,361.483854
0.881334,0.069902,-0.108491,361.387208
0.621029,0.036204,-0.066015,361.386526
0.150267,0.005493,-0.004332,488.556814
0.241280,0.001264,-0.010261,386.458407
0.314086,0.058245,-0.015940,361.588497
0.762549,0.030106,-0.089118,361.393716
0.311109,0.094020,-0.016446,366.634914
0.715283,0.000915,-0.077379,361.662507
0.554870,0.098692,-0.048395,362.046493
0.154161,0.075746,0.002207,496.831225
0.720472,0.026654,-0.082266,361.419181
0.775288,0.055483,-0.091169,361.358145
0.331612,0.046897,-0.018774,361.362987
0.195063,0.055842,0.002334,481.042120
0.164398,0.016303,0.001720,487.788029
0.084782,0.056009,0.003054,506.313364
0.059358,0.003377,-0.000845,502.903355
0.075868,0.063592,0.003045,505.955482
0.921876,0.004968,-0.122543,361.485429
0.658090,0.096684,-0.066386,361.738222
0.830767,0.051498,-0.100220,361.354160
0.379555,0.016289,-0.026838,362.518035
0.310958,0.042997,-0.015417,361.460002
0.762690,0.029097,-0.089144,361.398096
0.950628,0.011071,-0.119863,361.444242
0.221272,0.047507,-0.000773,361.552553
0.855236,0.048213,-0.104213,361.353638
0.763409,0.086736,-0.089320,361.513215
0.077020,0.099698,-0.001324,500.992314
0.389151,0.069116,-0.028241,361.755569
0.515236,0.012518,-0.048910,361.827930
0.172997,0.072239,0.002021,489.583882
0.144551,0.021518,0.002295,499.039485
0.465274,0.005250,-0.034857,362.311811
0.216195,0.048333,0.000059,361.428151
0.047467,0.055915,0.003224,506.371226
0.906652,0.022427,-0.112648,361.403821
0.968625,0.083792,-0.122768,361.426651
0.551955,0.030918,-0.054767,361.447753
0.488292,0.086087,-0.044517,361.938265
0.541841,0.082202,-0.053195,361.688389
0.405979,0.022693,-0.031046,361.932320
0.932570,0.004219,-0.116950,361.486201
0.431317,0.080350,-0.035201,362.002422
0.638123,0.045967,-0.068788,361.355293
0.556063,0.095758,-0.048589,361.964019
0.818930,0.100030,-0.099020,361.594943
0.730341,0.087359,-0.083934,361.539649
0.550944,0.096948,-0.047760,362.013723
0.068988,0.021932,0.002915,504.948957
0.798736,0.003428,-0.094637,361.559135
0.058645,0.028919,0.003068,505.723956
0.293179,0.045602,-0.012507,361.402508
0.141370,0.076476,0.002349,499.745735
0.788815,0.000491,-0.092512,361.594287
0.514847,0.003928,-0.042100,362.078060
0.299439,0.043907,-0.013534,361.449362
0.293428,0.031472,-0.012676,362.600371
0.884021,0.020665,-0.108963,361.414557
0.683479,0.033079,-0.076211,361.392208
0.816614,0.049459,-0.097911,361.353612
0.699002,0.062016,-0.078730,361.377899
0.966657,0.047336,-0.122394,361.353751
0.222202,0.052489,-0.000941,362.273580
0.230163,0.094859,-0.009406,394.044281
0.119499,0.028741,0.002713,504.274858
0.183647,0.023511,0.001554,474.320666
0.731810,0.048016,-0.084073,361.353709
0.582692,0.036090,-0.059762,361.394204
0.351443,0.097099,-0.020645,364.734381
0.006274,0.025722,0.003302,505.924972
0.679591,0.072004,-0.075591,361.435628
0.204235,0.002899,-0.007555,427.403826
0.445087,0.051631,-0.037289,361.357680
0.266930,0.014004,-0.008914,369.662245
0.217730,0.017656,-0.001681,399.173391
0.966714,0.014427,-0.122473,361.425788
0.005933,0.053444,0.003416,506.425620
0.348411,0.048342,-0.021514,361.354342
0.178563,0.020236,0.001532,478.177753
0.832607,0.095051,-0.102033,361.541926
0.914344,0.055833,-0.113858,361.356881
0.020371,0.048368,0.003354,506.443540
0.958969,0.049815,-0.121139,361.353635
0.213143,0.068218,-0.000268,394.490461
0.368654,0.087031,-0.025143,363.112833
0.061695,0.084039,0.002838,504.242870
0.962831,0.071257,-0.121789,361.384008
0.968824,0.089453,-0.122821,361.452226
0.937739,0.026638,-0.117707,361.386215
0.582556,0.066626,-0.059747,361.429312
0.899386,0.083976,-0.111477,361.442728
0.207816,0.063317,0.000723,401.891668
0.410521,0.069848,-0.031724,361.702267
0.673941,0.040070,-0.074639,361.366230
0.568323,0.097206,-0.050599,361.959843
0.921576,0.085757,-0.115102,361.446065
0.905031,0.052592,-0.112338,361.354531
0.605632,0.034959,-0.063507,361.396324
0.509810,0.038595,-0.047866,361.393938
0.989546,0.019966,-0.126177,361.401599
0.053482,0.084088,0.002892,504.466571
0.730288,0.058165,-0.083829,361.364278
0.000394,0.022213,0.000682,505.797082
0.404311,0.004674,-0.026819,362.991185
0.263885,0.005477,-0.012109,373.932480
0.583130,0.080283,-0.059906,361.590602
0.163922,0.005305,-0.005067,480.180912
0.587408,0.082360,-0.060616,361.617030
0.052527,0.050152,0.003212,506.442072
0.808884,0.019002,-0.096715,361.439858
0.903222,0.052067,-0.112043,361.354282
0.531450,0.074951,-0.051454,361.571682
0.963026,0.088741,-0.121873,361.450243
0.360360,0.075944,-0.023635,362.346470
0.175749,0.074487,0.001832,484.765423
0.735402,0.041116,-0.084666,361.361295
-0.000004,0.097787,-0.000008,504.382888
0.956285,0.012946,-0.120777,361.434286
0.278830,0.038360,-0.010220,362.010887
0.631149,0.061481,-0.067659,361.383516
0.130435,0.074006,0.002533,502.255932
0.657220,0.022899,-0.071967,361.469559
0.828891,0.074892,-0.099950,361.414062
0.736902,0.098060,-0.081715,361.650111
0.434846,0.005346,-0.030724,362.565479
0.354413,0.036447,-0.022536,361.590961
0.947401,0.016079,-0.119317,361.422492
0.941195,0.063764,-0.118247,361.367792
0.984588,0.053287,-0.125319,361.354673
0.588517,0.095989,-0.053988,361.872058
0.429491,0.055486,-0.034749,361.382088
0.747752,0.062376,-0.086684,361.374903
0.234458,0.019727,-0.003794,378.980777
0.156483,0.079607,0.002008,493.584256
0.656138,0.054186,-0.071727,361.358218
0.854986,0.073260,-0.104202,361.402557
0.192100,0.043436,0.002462,495.067063
0.318868,0.079476,-0.016990,363.612512
0.885034,0.022071,-0.109123,361.408494
0.772562,0.016154,-0.090805,361.470547
0.690839,0.021551,-0.077455,361.464836
0.900876,0.034355,-0.111676,361.369083
0.122809,0.086588,0.002234,499.237722
0.891001,0.096935,-0.115288,361.524518
0.657543,0.004711,-0.066284,361.686280
0.947937,0.001880,-0.119467,361.494415
0.097538,0.015260,0.002580,502.831690
0.717718,0.094127,-0.077863,361.623669
0.075613,0.020167,0.002844,504.578636
0.697627,0.070777,-0.078528,361.421902
0.895094,0.000005,-0.116241,361.529608
0.568678,0.033704,-0.057484,361.415012
0.152573,0.044294,0.002748,506.094852
0.744793,0.000759,-0.083321,361.631727
0.482490,0.031297,-0.043439,361.493845
0.131833,0.051726,0.002856,506.389076
0.789742,0.000420,-0.092710,361.594226
0.624113,0.099630,-0.060194,361.858508
0.169596,0.027533,0.002161,493.618030
0.754329,0.041095,-0.087754,361.360812
0.452186,0.077831,-0.038569,361.816807
0.720526,0.025166,-0.082281,361.428185
0.348081,0.001100,-0.020277,364.856880
0.710636,0.000171,-0.076460,361.677909
0.634459,0.018981,-0.068277,361.523362
0.974488,0.035847,-0.123683,361.363808
0.563537,0.097797,-0.049810,361.990925
0.256860,0.046985,-0.006578,361.401022
0.026386,0.013218,0.003033,504.952035
0.414764,0.078654,-0.032494,362.026999
0.245092,0.082461,-0.005532,375.809935
0.518752,0.043480,-0.049313,361.364330
0.845868,0.079188,-0.102733,361.431486
0.608350,0.080613,-0.064017,361.566725
0.708665,0.024782,-0.080348,361.434252
0.958602,0.092870,-0.121169,361.472673
0.553968,0.017828,-0.055170,361.629179
-0.000000,-0.000000,-0.000000,504.355419
0.285656,0.012467,-0.011878,367.178146
0.004842,0.086888,0.003147,505.122354
0.000172,0.026692,0.000298,505.993945
0.934349,0.081000,-0.117169,361.421316
0.314139,0.066301,-0.016020,362.167495
0.427400,0.079328,-0.034554,361.982236
0.255494,0.077705,-0.006903,369.529923
0.711022,0.005486,-0.076536,361.611095
0.350442,0.097660,-0.020535,364.851145
0.036834,0.068106,0.003199,505.957005
0.088589,0.045399,0.003046,506.405581
0.340621,0.002866,-0.019474,364.950942
0.595455,0.001379,-0.055175,361.867361
0.252182,0.073507,-0.006243,368.305159
0.448094,0.042895,-0.037786,361.375353
0.732947,0.068191,-0.084281,361.399874
0.594137,0.085194,-0.061731,361.652956
0.476026,0.067770,-0.042382,361.518369
0.429319,0.097930,-0.029999,362.936644
0.296500,0.026605,-0.013253,363.233355
0.800821,0.031243,-0.095359,361.384645
0.076833,0.033697,0.003026,505.891635
0.871822,0.030074,-0.106945,361.381782
0.734673,0.033043,-0.084563,361.385282
0.526657,0.038631,-0.050614,361.389617
0.404007,0.027976,-0.030676,361.732145
0.537086,0.096383,-0.045549,362.051996
0.139679,0.075873,0.002388,500.307478
0.233865,0.045440,-0.002839,361.772398
-0.000000,0.100000,-0.000000,504.200130
0.832784,0.039709,-0.100557,361.361236
0.035233,0.026374,0.003162,505.769538
0.064961,0.076549,0.002946,504.995489
0.168314,0.036939,0.002524,501.882970
0.698035,0.099496,-0.073990,361.718386
0.380609,0.005675,-0.023959,363.342347
0.357236,0.066483,-0.023026,361.793273
0.568740,0.048419,-0.057465,361.353679
0.406155,0.002207,-0.027048,363.140258
0.033215,0.031402,0.003220,506.042950
0.854455,0.063934,-0.104095,361.372211
0.736990,0.065508,-0.084934,361.387343
0.745715,0.004091,-0.083509,361.593991
0.645320,0.084984,-0.070066,361.585649
0.053539,0.048733,0.003207,506.443899
0.567300,0.000320,-0.050430,361.974997
0.345517,0.094663,-0.020000,364.659722
0.967985,0.054550,-0.122610,361.355476
0.254759,0.085820,-0.007120,373.788019
0.065340,0.033859,0.003085,505.990035
0.254497,0.036481,-0.006307,363.227849
0.117704,0.068871,0.002743,504.456554
0.024757,0.033026,0.003274,506.143687
0.180018,0.017747,0.001318,473.957614
0.771394,0.015031,-0.090620,361.479170
0.168699,0.085197,0.001425,481.994309
0.663346,0.061197,-0.072912,361.378346
0.990134,0.090806,-0.135410,361.453130
0.185331,0.076739,0.001349,469.215227
0.273133,0.096446,-0.012908,373.001792
0.020570,0.070491,0.003258,505.934003
0.732034,0.067853,-0.084131,361.398416
0.152491,0.052057,0.002761,506.302890
0.901428,0.027452,-0.111781,361.387112
0.293212,0.016440,-0.012955,365.413516
0.329027,0.037310,-0.018396,361.648938
0.729518,0.014209,-0.083798,361.506977
0.917163,0.021533,-0.114366,361.405694
0.044188,0.086076,0.002917,504.489048
0.676576,0.068969,-0.075089,361.416231
0.751675,0.072192,-0.087347,361.416637
0.277555,0.013358,-0.010583,368.003833
0.895789,0.066861,-0.110844,361.377148
0.346753,0.085009,-0.021579,363.425642
0.254853,0.096728,-0.011353,379.137094
0.823483,0.094000,-0.100019,361.538770
0.346265,0.002844,-0.020080,364.699544
0.092913,0.015213,0.002617,503.105397
0.006037,0.017412,0.003210,505.500144
0.203425,0.069944,0.000682,424.781624
0.269918,0.078291,-0.009168,367.005514
0.630041,0.036075,-0.067486,361.385794
0.243661,0.077548,-0.005096,373.344688
0.477575,0.040001,-0.042603,361.391245
0.807327,0.005509,-0.096492,361.535572
0.989607,0.059128,-0.136305,361.359481
0.017258,0.028573,0.003274,505.994236
0.240195,0.069829,-0.004258,369.637409
0.690749,0.060041,-0.077380,361.371681
0.822838,0.035712,-0.098941,361.369757
0.024933,0.026296,0.003214,505.841106
0.004826,0.077008,0.003274,505.713769
0.328914,0.099865,-0.018243,366.387389
0.176855,0.085743,0.001103,473.444190
0.213158,0.001729,-0.008170,414.551294
0.765643,0.043267,-0.089597,361.357230
0.326711,0.039920,-0.018001,361.539037
0.068912,0.027231,0.002993,505.466737
0.519408,0.031272,-0.049459,361.463551
0.929659,0.083012,-0.116411,361.431061
0.803621,0.082264,-0.095855,361.461777
0.862533,0.075907,-0.105440,361.412437
0.259300,0.084692,-0.007756,371.805624
0.989438,0.090679,-0.136617,361.452670
0.000021,0.097182,0.000036,504.431244
0.959186,0.099039,-0.121292,361.508139
0.923481,0.065490,-0.115359,361.372173
0.955313,0.058834,-0.120545,361.359674
0.160438,0.051042,0.002729,506.354896
0.371281,0.063778,-0.025292,361.618977
0.740525,0.042233,-0.085500,361.359155
0.195334,0.024692,0.001039,449.717001
0.159656,0.069156,0.002374,499.060887
0.167970,0.040066,0.002602,503.878956
0.147089,0.094074,-0.004169,489.224032
0.232848,0.097145,-0.009610,393.016955
0.294071,0.015998,-0.013103,365.444879
0.604394,0.094173,-0.056720,361.796441
0.046497,0.001651,-0.000560,503.219068
0.454848,0.002869,-0.033414,362.503604
0.137465,0.000353,-0.003691,491.200421
0.285371,0.057662,-0.011260,361.722435
0.912502,0.047496,-0.113557,361.353742
0.923848,0.034656,-0.115423,361.367518
0.593149,0.002938,-0.054779,361.840242
0.291134,0.097450,-0.014534,369.807378
0.845714,0.016578,-0.102731,361.443166
0.246070,0.040949,-0.004873,362.465965
0.052094,0.000343,-0.000678,502.809450
-0.000000,0.100000,-0.000000,504.200130
0.806396,0.052236,-0.096243,361.354619
0.775037,0.070065,-0.091152,361.401489
0.451511,0.057781,-0.038346,361.397092
0.113741,0.022431,0.002621,503.262559
0.904800,0.049031,-0.112300,361.353590
0.228141,0.038308,-0.002052,366.307851
0.493611,0.018659,-0.045337,361.732779
0.018968,0.060252,0.003336,506.306304
0.465615,0.084962,-0.040821,362.000647
0.529465,0.030818,-0.051100,361.462274
0.289653,0.004357,-0.014396,368.940291
0.664141,0.066795,-0.073054,361.406048
0.758503,0.047038,-0.088430,361.354022
0.582031,0.031720,-0.059669,361.426561
0.272728,0.098723,-0.012873,373.973113
0.419457,0.055686,-0.033113,361.386708
0.221084,0.074282,-0.001690,388.249400
-0.000000,0.100000,-0.000000,504.200130
0.528778,0.046276,-0.050946,361.356050
0.197558,0.084828,-0.000001,440.243475
0.175441,0.004418,-0.005729,469.031950
0.399791,0.036273,-0.029932,361.499102
0.388772,0.036370,-0.028136,361.514178
0.666035,0.097771,-0.067871,361.742257
0.815389,0.004152,-0.098245,361.542016
0.678898,0.043120,-0.075444,361.358951
0.843647,0.097778,-0.104490,361.557588
0.151183,0.061649,0.002652,504.206058
0.682993,0.058733,-0.076113,361.368109
0.479763,0.098166,-0.036909,362.437725
0.817054,0.065280,-0.097996,361.378469
0.609659,0.050226,-0.064142,361.353911
0.800872,0.018883,-0.095409,361.442886
0.936672,0.003439,-0.126077,361.489082
0.912840,0.037884,-0.113622,361.362207
0.836906,0.067227,-0.101238,361.382853
0.524365,0.096393,-0.043561,362.107480
0.823325,0.004761,-0.099984,361.532297
0.928300,0.037063,-0.116145,361.363111
0.855440,0.002512,-0.107141,361.531949
0.606630,0.054646,-0.063649,361.360482
0.271503,0.039366,-0.009019,362.010620
0.138752,0.045392,0.002820,506.318605
0.186068,0.074977,0.001437,469.686604
0.612807,0.005869,-0.058191,361.741207
0.764180,0.043876,-0.089358,361.356511
0.760275,0.062859,-0.088728,361.375460
0.649960,0.037617,-0.070732,361.376395
0.499238,0.062811,-0.046146,361.429597
0.000000,0.049039,0.000000,506.444071
0.201900,0.039098,0.001679,426.277198
0.565534,0.094001,-0.050139,361.890823
0.647072,0.012508,-0.070373,361.590163
0.511936,0.082588,-0.048330,361.764547
0.001692,0.032483,0.003380,506.192703
0.078784,0.097243,-0.001378,501.325167
0.688007,0.017612,-0.077013,361.500663
0.818925,0.057191,-0.098290,361.359870
0.933136,0.091171,-0.117009,361.471411
0.884333,0.022909,-0.109006,361.405237
0.289015,0.018786,-0.012227,365.208539
-0.000000,0.100000,-0.000000,504.200130
0.658284,0.057127,-0.072080,361.364834
0.630915,0.002761,-0.061413,361.762061
0.105970,0.028871,0.002803,504.849763
0.370824,0.033006,-0.025234,361.667271
0.841740,0.029381,-0.102039,361.386806
-0.000000,-0.000000,-0.000000,504.355419
0.038940,0.004255,-0.000416,503.793964
0.097222,0.020248,0.002697,503.781537
0.716000,0.086216,-0.081590,361.538606
0.140305,0.024699,0.002445,501.183966
0.898303,0.052848,-0.111240,361.354690
0.658151,0.097729,-0.066397,361.755008
0.230925,0.001867,-0.009464,394.141017
0.212593,0.094852,-0.008130,414.784952
0.114781,0.099997,-0.002674,496.201677
0.603350,0.099620,-0.056538,361.911224
0.107400,0.084825,0.002455,501.624435
0.628422,0.049050,-0.067203,361.353591
0.310929,0.053340,-0.015403,361.408259
0.817708,0.067691,-0.098107,361.386295
0.571851,0.059392,-0.057981,361.381481
0.201415,0.070707,0.000802,431.772757
0.882026,0.061140,-0.108590,361.364936
0.429036,0.076153,-0.034789,361.851607
0.687714,0.076635,-0.076933,361.467984
0.528762,0.095783,-0.044243,362.069177
0.141826,0.068401,0.002576,502.816314
0.391182,0.027548,-0.028593,361.801985
0.427937,0.094707,-0.029819,362.757090
0.195551,0.003675,-0.006979,441.147468
0.952703,0.061525,-0.120122,361.363512
0.990434,0.090095,-0.134889,361.449718
-0.000000,-0.000000,-0.000000,504.355419
0.313010,0.070389,-0.015891,362.611509
0.813308,0.083036,-0.097438,361.463304
0.579937,0.048661,-0.059292,361.353618
0.906413,0.040348,-0.112570,361.358898
0.365845,0.013031,-0.024673,362.988799
0.857806,0.024749,-0.104673,361.401890
0.768142,0.016969,-0.090080,361.466565
0.223033,0.037124,-0.001295,369.869469
0.511622,0.096111,-0.041609,362.160013
0.797770,0.079899,-0.094891,361.448814
0.291212,0.042316,-0.012201,361.549111
0.040250,0.067052,0.003191,505.990401
0.118167,0.069190,0.002734,504.372769
0.759139,0.023611,-0.088584,361.426918
0.053023,0.016857,0.002929,504.773342
0.660510,0.094820,-0.066837,361.705246
0.555906,0.085695,-0.055511,361.730470
0.099192,0.001528,-0.002065,499.540091
0.190314,0.041184,0.002394,492.107189
0.939129,0.030326,-0.117925,361.376245
-0.000000,0.100000,-0.000000,504.200130
0.239455,0.052307,-0.003745,361.609248
0.980895,0.039315,-0.124724,361.359028
0.124262,0.076567,0.002522,502.149806
0.626347,0.075555,-0.066923,361.491766
0.117028,0.003127,-0.002770,497.404739
0.198774,0.055396,0.002203,456.740781
0.853156,0.046801,-0.103874,361.353985
0.760581,0.050535,-0.088768,361.353864
0.061576,0.000785,-0.000900,502.406916
0.727004,0.065686,-0.083306,361.389389
0.083294,0.053944,0.003068,506.380951
0.183710,0.047322,0.002622,506.084384
0.434804,0.038595,-0.035631,361.424023
0.834375,0.049001,-0.100809,361.353590
0.913566,0.017941,-0.113791,361.420884
0.707037,0.084177,-0.080119,361.524839
0.497365,0.004692,-0.039474,362.137865
0.073394,0.039793,0.003091,506.252490
0.099936,0.002903,-0.002093,499.797407
0.130738,0.053104,0.002856,506.322217
0.515004,0.050928,-0.048697,361.354922
0.847821,0.099622,-0.105425,361.570396
0.821630,0.031044,-0.098754,361.383245
0.139692,0.051089,0.002822,506.403318
0.625862,0.005406,-0.060507,361.725652
0.236635,0.066376,-0.003585,368.509886
0.870076,0.014667,-0.106712,361.446848
0.075179,0.081346,0.002797,504.149217
0.481367,0.000392,-0.037140,362.402463
0.700998,0.038904,-0.079056,361.368042
0.856890,0.003635,-0.107469,361.522705
0.150394,0.017191,0.002044,495.192478
0.101899,0.005992,-0.002169,500.347348
0.768393,0.043547,-0.090046,361.356850
0.929161,0.021237,-0.116323,361.405082
0.797007,0.072690,-0.094743,361.409777
0.272244,0.080951,-0.009615,367.567370
0.320025,0.086180,-0.017319,364.582645
0.303526,0.024544,-0.014423,363.295724
0.961644,0.070311,-0.121594,361.381569
0.060128,0.021271,0.002958,505.063091
0.039747,0.094217,-0.000429,503.728208
0.421529,0.046789,-0.033446,361.357207
0.371082,0.093903,-0.022851,363.712715
0.404091,0.062726,-0.030632,361.514947
0.180758,0.029404,0.002008,485.726989
0.185849,0.001749,-0.006361,454.862528
0.877313,0.012947,-0.107899,361.454225
0.096609,0.046204,0.003012,506.416957
0.322230,0.069276,-0.017369,362.324514
0.627036,0.047008,-0.066978,361.354363
0.113263,0.095130,-0.002615,497.995030
0.378470,0.099538,-0.023708,364.077952
0.159413,0.085143,0.001680,488.514818
0.458000,0.051715,-0.039396,361.357525
0.356219,0.075831,-0.022962,362.390400
0.472122,0.040735,-0.041712,361.386655
0.317535,0.051958,-0.016478,361.376089
0.062124,0.097226,-0.000914,502.392722
0.309920,0.093843,-0.016329,366.699864
0.351517,0.018240,-0.022273,362.794182
0.214494,0.056370,0.000193,369.925037
0.821141,0.068126,-0.098668,361.387456
0.918797,0.077038,-0.114620,361.407883
-0.000000,0.100000,-0.000000,504.200130
0.223535,0.036510,-0.001396,370.270383
0.061863,0.042127,0.003155,506.353726
0.518681,0.014350,-0.049454,361.772742
0.037105,0.004902,-0.000383,503.920582
0.343917,0.031731,-0.020867,361.867747
0.513346,0.069478,-0.048474,361.505756
0.810073,0.042180,-0.096848,361.358017
0.619697,0.001532,-0.059408,361.807082
0.950745,0.020813,-0.119846,361.403652
0.525725,0.052332,-0.050447,361.357320
0.725817,0.047384,-0.083096,361.353921
0.837844,0.031265,-0.101399,361.381063
0.216820,0.023553,-0.001164,395.050895
0.716707,0.057030,-0.081612,361.362235
0.388075,0.033245,-0.028042,361.604755
0.065880,0.042466,0.003138,506.357427
0.034842,0.058967,0.003269,506.314437
0.849315,0.014479,-0.103327,361.453999
0.924157,0.005487,-0.123086,361.481530
0.580870,0.013240,-0.059585,361.666425
0.556079,0.030538,-0.055441,361.449480
0.623843,0.055400,-0.066458,361.361743
0.939655,0.046441,-0.117988,361.354005
0.909552,0.057071,-0.113077,361.358237
0.071155,0.062480,0.003077,506.056311
0.420069,0.083204,-0.033407,362.203631
0.328206,0.004080,-0.018170,365.416882
0.019902,0.028989,0.003265,505.999549
0.700003,0.084729,-0.078975,361.535223
0.943031,0.004609,-0.118654,361.480260
0.692354,0.053400,-0.077636,361.356455
0.460073,0.020485,-0.039864,361.780463
0.334977,0.013610,-0.019693,363.712821
0.495410,0.034665,-0.045531,361.437768
0.342556,0.096937,-0.019681,365.113000
0.405032,0.045789,-0.030755,361.362472
0.302925,0.099220,-0.015649,368.666168
0.829024,0.028583,-0.099967,361.391036
0.226459,0.053743,-0.001647,362.533577
0.441428,0.076685,-0.036810,361.819706
0.091976,0.054403,0.003027,506.356050
0.729757,0.069619,-0.083765,361.407650
0.380878,0.026706,-0.026925,361.893924
0.441686,0.040240,-0.036748,361.400738
0.518184,0.094314,-0.042609,362.070473
0.808213,0.036141,-0.096554,361.369470
0.971399,0.042715,-0.123171,361.355928
0.457284,0.098864,-0.033748,362.666379
0.141920,0.062578,0.002697,504.595646
-0.000000,-0.000000,-0.000000,504.355419
0.989285,0.006411,-0.126186,361.456928
0.173756,0.014428,0.001337,478.486169
0.909244,0.041057,-0.113031,361.358026
0.336799,0.094338,-0.019069,365.013866
0.538659,0.069595,-0.052601,361.485390
0.890986,0.095721,-0.115285,361.516004
0.848619,0.003339,-0.105605,361.529326
0.486200,0.024247,-0.044087,361.619918
0.223985,0.022253,-0.002186,386.186740
0.075441,0.084536,0.002730,503.689118
0.023867,0.056294,0.003329,506.383175
0.122902,0.063624,0.002796,505.201843
0.380646,0.094222,-0.023963,363.508641
0.829940,0.004315,-0.101442,361.532087
0.036979,0.099831,-0.000385,503.166581
0.853898,0.084537,-0.104062,361.458813
-0.000000,-0.000000,-0.000000,504.355419
0.355190,0.014572,-0.022928,363.063157
0.409950,0.000473,-0.027522,363.203499
0.579389,0.082244,-0.059309,361.626353
0.059049,0.058887,0.003158,506.269334
0.960542,0.057938,-0.121398,361.358551
0.363781,0.053908,-0.024026,361.385609
0.098341,0.015209,0.002572,502.768749
0.045628,0.072901,0.003104,505.598379
0.183078,0.042072,0.002527,501.445675
0.189431,0.048304,0.002602,506.296535
0.934992,0.097607,-0.125674,361.508879
-0.000000,-0.000000,-0.000000,504.355419
0.084157,0.068527,0.002948,505.449129
0.897542,0.026566,-0.111150,361.390334
0.487515,0.098932,-0.038029,362.412667
0.120597,0.038268,0.002850,505.795779
0.950921,0.049225,-0.119826,361.353594
0.743456,0.063224,-0.085985,361.378068
0.541432,0.004534,-0.046238,361.954285
0.277092,0.051404,-0.009879,361.388192
0.007943,0.032979,0.003353,506.191978
0.219950,0.002949,-0.008654,405.141036
0.075663,0.059102,0.003079,506.210175
0.265510,0.000508,-0.012248,375.574375
0.150292,0.084093,0.001922,493.458732
0.734150,0.016508,-0.084541,361.485109
0.712961,0.013647,-0.081102,361.522339
0.357325,0.097095,-0.021295,364.501322
0.882896,0.047488,-0.108726,361.353758
0.177917,0.043577,0.002603,504.470323
0.644094,0.076365,-0.069820,361.488824
-0.000788,0.027762,-0.001365,506.038914
0.499376,0.099358,-0.039772,362.348268
0.657926,0.080821,-0.072097,361.525420
0.977600,0.022422,-0.124221,361.395067
0.428171,0.094692,-0.029849,362.753410
0.413612,0.082851,-0.032355,362.236843
0.414517,0.095112,-0.028097,362.959966
0.458242,0.018338,-0.039586,361.853431
0.147659,0.013342,0.001925,494.075024
0.854859,0.078369,-0.104196,361.425318
0.723531,0.026162,-0.082767,361.421299
0.097348,0.055846,0.002997,506.287319
0.161784,0.072460,0.002221,496.081458
0.309423,0.045342,-0.015158,361.394508
-0.000000,-0.000000,-0.000000,504.355419
0.087860,0.017300,0.002703,503.725323
0.111108,0.004855,-0.002527,498.885880
0.717220,0.025186,-0.081741,361.429021
0.969492,0.047562,-0.122857,361.353708
0.617714,0.078373,-0.065530,361.529562
0.431250,0.048256,-0.035031,361.353974
0.940732,0.060449,-0.118167,361.362153
0.647146,0.002461,-0.064363,361.737914
0.237599,0.084967,-0.004581,381.763679
0.417043,0.095989,-0.028417,362.982196
0.673142,0.030598,-0.074533,361.407464
0.569950,0.053545,-0.057663,361.358983
0.784228,0.034663,-0.092644,361.374997
0.165966,0.094877,-0.005182,477.279168
-0.000000,-0.000000,-0.000000,504.355419
0.493534,0.055872,-0.045198,361.373147
0.818789,0.076900,-0.098309,361.426090
0.928639,0.021820,-0.116236,361.403014
0.470011,0.024852,-0.041446,361.638399
0.640653,0.084192,-0.069301,361.580297
0.721019,0.031702,-0.082339,361.392820
0.790463,0.070538,-0.093669,361.401082
-0.000677,0.079918,-0.001173,505.600717
0.724526,0.038595,-0.082895,361.367587
0.744073,0.040155,-0.086082,361.362981
0.616635,0.039044,-0.065292,361.373954
0.052283,0.005677,-0.000681,503.510088
0.472691,0.060241,-0.041808,361.414236
0.125424,0.054960,0.002871,506.220995
0.333503,0.052036,-0.019083,361.371951
0.345205,0.039450,-0.021018,361.509514
0.257967,0.034043,-0.006912,363.687906
0.625816,0.047420,-0.066779,361.354079
0.923838,0.087166,-0.115477,361.452647
0.945554,0.063086,-0.118957,361.366370
-0.000382,0.058858,-0.000661,506.357482
0.817715,0.030199,-0.098118,361.386518
0.684170,0.000281,-0.071311,361.712675
0.691573,0.031898,-0.077535,361.396686
0.762653,0.076968,-0.089154,361.441673
0.294829,0.047290,-0.012772,361.365726
-0.000000,-0.000000,-0.000000,504.355419
0.033689,0.020721,0.003101,505.418261
0.763875,0.094250,-0.087258,361.582518
0.021944,0.084245,0.003085,505.072895
0.297103,0.013395,-0.013654,365.785717
0.518775,0.053146,-0.049313,361.359624
0.443465,0.098656,-0.031870,362.803684
0.040917,0.055643,0.003254,506.382281
0.127482,0.035345,0.002776,505.206267
0.730377,0.031910,-0.083865,361.390540
0.959722,0.035418,-0.121275,361.364918
0.288891,0.036730,-0.011872,362.038255
0.787307,0.005798,-0.092191,361.545667
0.369117,0.004909,-0.022625,363.686297
0.220732,0.076162,-0.001761,390.715468
0.142492,0.084892,0.002022,495.662070
0.440660,0.061629,-0.036589,361.451852
0.044500,0.028583,0.003138,505.826821
0.579317,0.079073,-0.059277,361.577117
0.941614,0.047791,-0.118307,361.353679
0.208033,0.048503,0.001390,361.550812
0.577603,0.068148,-0.058945,361.445287
0.284896,0.051005,-0.011151,361.373311
0.907337,0.069264,-0.112732,361.382915
0.894752,0.060345,-0.110665,361.363144
0.099945,0.019499,0.002661,503.505488
0.790609,0.069166,-0.093690,361.395214
0.536242,0.031930,-0.052201,361.445574
0.124213,0.000643,-0.003079,495.081402
0.664356,0.003953,-0.067556,361.687671
0.392275,0.024137,-0.028804,361.947131
0.866753,0.028203,-0.106123,361.388156
0.142090,0.084249,0.002055,496.081233
0.161134,0.002457,-0.004912,480.485188
0.725841,0.054111,-0.083100,361.356979
0.052482,0.000015,-0.000686,502.746269
0.272606,0.067991,-0.009334,363.719398
0.559228,0.001527,-0.049105,361.971595
0.552219,0.045322,-0.054772,361.357490
0.602222,0.070101,-0.062967,361.451706
0.321402,0.025269,-0.017295,362.696932
0.640485,0.038570,-0.069184,361.373574
0.930006,0.019765,-0.116466,361.410552
0.755181,0.065882,-0.087903,361.386616
0.714654,0.047264,-0.081275,361.353990
0.194570,0.016465,0.000452,447.359444
0.543939,0.022965,-0.053502,361.557560
0.296804,0.097147,-0.015065,368.909999
0.488420,0.094001,-0.038160,362.212024
0.246417,0.024296,-0.005373,370.004382
0.757614,0.080853,-0.088348,361.469829
0.989228,0.074443,-0.136976,361.390616
0.465327,0.005292,-0.034864,362.309658
0.133518,0.005355,-0.003506,494.574016
0.666653,0.002426,-0.067987,361.707034
0.256828,0.025310,-0.006956,367.007779
0.872909,0.048372,-0.107097,361.353618
0.109501,0.037639,0.002900,505.882409
0.955031,0.064423,-0.120505,361.368525
0.462576,0.057331,-0.040150,361.389518
0.361010,0.023451,-0.023736,362.243596
0.225135,0.057408,-0.001507,365.264029
0.058977,0.000507,-0.000836,502.500937
0.674834,0.074621,-0.074825,361.457352
0.918930,0.073613,-0.114633,361.395439
0.065513,0.022950,0.002952,505.124385
0.880076,0.014211,-0.108344,361.446537
0.084908,0.001811,-0.001570,501.025386
0.542371,0.039404,-0.053175,361.381670
0.133191,0.015622,0.002231,498.905001
0.251425,0.000101,-0.011072,381.322095
0.338761,0.054698,-0.019947,361.413815
0.050876,0.055980,0.003208,506.366426
0.444498,0.045167,-0.037195,361.362445
0.638547,0.061292,-0.068866,361.381650
0.729855,0.061323,-0.083763,361.372926
0.908018,0.070045,-0.112845,361.385154
0.321955,0.059625,-0.017231,361.624809
0.533715,0.057680,-0.051757,361.377744
0.408884,0.084399,-0.031608,362.361232
0.625628,0.024396,-0.066809,361.472553
0.327203,0.082495,-0.018389,363.728473
0.563971,0.084227,-0.056812,361.685975
0.566779,0.026669,-0.057204,361.485677
0.104572,0.095201,-0.002270,499.231861
0.847227,0.045048,-0.102908,361.354902
0.489135,0.051619,-0.044476,361.356507
0.302428,0.085912,-0.014513,365.633895
-0.000000,0.100000,-0.000000,504.200130
0.020001,0.043624,0.003349,506.411172
0.356606,0.039474,-0.022876,361.486884
0.381795,0.000516,-0.024098,363.788106
0.839065,0.035686,-0.101588,361.369002
0.327479,0.049492,-0.018098,361.354078
0.100991,0.066894,0.002876,505.307063
0.541266,0.065632,-0.053010,361.438314
0.364792,0.053924,-0.024191,361.385418
0.708521,0.048212,-0.080273,361.353673
0.665653,0.096306,-0.067799,361.720043
0.883672,0.071146,-0.108876,361.391063
0.502218,0.058171,-0.046619,361.386458
0.916999,0.085317,-0.114355,361.445020
0.798148,0.000619,-0.094510,361.585600
0.692875,0.039065,-0.077730,361.368052
0.135652,0.005395,-0.003606,493.987476
0.937449,0.039989,-0.117634,361.358871
0.268868,0.000913,-0.012537,374.401235
0.526639,0.060866,-0.050609,361.400694
0.142710,0.019042,0.002231,498.330219
0.790984,0.069402,-0.093751,361.396137
0.329977,0.084782,-0.018880,363.937120
0.259958,0.099692,-0.011778,378.463360
0.100219,0.099602,-0.002102,498.637797
0.583228,0.076734,-0.059901,361.539971
0.817661,0.038285,-0.098091,361.364272
0.478395,0.050821,-0.042723,361.355107
0.693306,0.048787,-0.077790,361.353596
0.140879,0.050636,0.002818,506.418369
0.487470,0.038658,-0.044221,361.399921
0.901447,0.038401,-0.111762,361.361679
0.360619,0.005456,-0.021663,363.866979
0.311746,0.002558,-0.016508,366.888851
0.553167,0.063434,-0.054944,361.413194
0.334407,0.041695,-0.019246,361.460460
0.718346,0.063684,-0.081889,361.382258
0.121121,0.032145,0.002764,504.860091
0.314113,0.077282,-0.016184,363.471961
0.000300,0.028197,0.000520,506.051599
0.565959,0.098042,-0.050209,361.988848
0.568578,0.036578,-0.057458,361.394139
0.880438,0.027235,-0.108358,361.389939
0.191212,0.005284,-0.006699,448.363332
0.753418,0.077480,-0.087650,361.447984
0.268753,0.049178,-0.008516,361.353763
0.287942,0.003034,-0.014239,369.586336
0.434985,0.058018,-0.035651,361.406157
0.514825,0.063312,-0.048690,361.427331
0.164166,0.076035,0.002024,492.272861
0.256854,0.032606,-0.006764,364.235342
0.098719,0.054569,0.002996,506.337763
0.239939,0.028084,-0.004234,369.825319
0.104292,0.084720,0.002487,501.926083
0.856383,0.099568,-0.107354,361.564329
0.917809,0.081854,-0.114474,361.428288
0.415462,0.080806,-0.032631,362.121771
0.891456,0.015173,-0.110196,361.438600
0.174741,0.099076,-0.005688,466.747657
0.703812,0.072333,-0.079542,361.430079
0.119995,0.021133,0.002537,502.453856
0.313863,0.048728,-0.015876,361.353835
0.459193,0.004810,-0.034012,362.376399
0.471378,0.096691,-0.035715,362.437858
0.604075,0.087045,-0.063362,361.668162
0.547289,0.039397,-0.053978,361.380911
0.877235,0.053690,-0.107802,361.355320
0.664949,0.021325,-0.073235,361.479630
0.763552,0.094888,-0.087191,361.589263
0.275556,0.094760,-0.013122,371.810537
0.086262,0.002582,-0.001615,501.070104
0.548347,0.095058,-0.047342,361.972401
0.037568,0.095003,-0.000391,503.708712
0.878552,0.019365,-0.108075,361.421358
0.291269,0.062900,-0.012270,362.177543
0.759930,0.077157,-0.088711,361.443729
-0.000000,0.100000,-0.000000,504.200130
0.226244,0.081552,-0.002826,388.941313
0.194010,0.005275,-0.006878,443.913135
0.519454,0.069146,-0.049468,361.495312
0.000398,0.076091,0.000690,505.788388
0.732626,0.095246,-0.080850,361.621514
0.081889,0.021618,0.002829,504.579369
0.622823,0.033962,-0.066314,361.398685
0.224802,0.025826,-0.002093,381.551043
0.181514,0.081017,0.001225,471.287900
0.127282,0.098482,-0.003216,493.942863
0.646104,0.044502,-0.070091,361.357209
0.499731,0.013642,-0.046378,361.846441
0.492933,0.084059,-0.045252,361.860434
0.757310,0.039013,-0.088243,361.365001
0.383814,0.099132,-0.024336,363.890557
0.230387,0.079409,-0.003262,383.058048
0.383183,0.005007,-0.024262,363.346480
0.619178,0.099374,-0.059316,361.865241
0.641440,0.099587,-0.063319,361.819103
0.900258,0.069550,-0.111578,361.384360
0.846479,0.041043,-0.102790,361.358955
0.939989,0.029589,-0.118067,361.378016
0.842044,0.074181,-0.102093,361.408479
0.614651,0.064322,-0.064975,361.402324
0.221815,0.069691,-0.001521,381.991193
0.787984,0.059857,-0.093244,361.365791
0.119003,0.003822,-0.002854,497.273655
0.476682,0.085892,-0.042628,361.981270
0.046654,0.099228,-0.000564,502.853227
0.620928,0.098187,-0.059627,361.837626
0.101253,0.067734,0.002863,505.193870
0.393587,0.076636,-0.029033,362.073285
0.651258,0.098989,-0.065120,361.788784
0.322984,0.026832,-0.017528,362.500482
0.133768,0.066800,0.002673,504.018463
0.931579,0.027435,-0.116700,361.384442
0.780290,0.067707,-0.092003,361.390703
0.476331,0.086817,-0.042581,362.014387
-0.000370,0.066113,-0.000640,506.182688
0.821285,0.056898,-0.098675,361.359386
0.176838,0.096111,-0.005812,466.092705
0.665812,0.055986,-0.073307,361.361637
0.445326,0.096452,-0.032120,362.661617
0.558834,0.012943,-0.056000,361.711713
0.378786,0.086149,-0.026763,362.854701
0.012089,0.024098,0.003256,505.814576
0.928744,0.020979,-0.116256,361.406104
0.554664,0.070030,-0.055212,361.478892
0.565479,0.023235,-0.057011,361.530517
0.816162,0.096319,-0.098414,361.563149
0.136367,0.031134,0.002643,503.786958
0.656332,0.026764,-0.071806,361.438137
0.568526,0.037817,-0.057446,361.386472
0.225791,0.059895,-0.001682,367.306822
0.113066,0.003669,-0.002606,498.239152
0.055903,0.050609,0.003196,506.439869
0.595033,0.072876,-0.061806,361.483744
0.494702,0.094870,-0.039081,362.207816
0.641254,0.013044,-0.069421,361.589386
0.829513,0.041801,-0.100020,361.358221
0.910128,0.001237,-0.119764,361.513854
0.557325,0.032606,-0.055636,361.428703
0.124563,0.015493,0.002329,500.274880
0.801945,0.054046,-0.095518,361.356117
0.623195,0.083067,-0.066450,361.583938
0.867569,0.084886,-0.106293,361.456544
0.377928,0.080248,-0.026538,362.435398
0.290083,0.017012,-0.012443,365.540248
0.747376,0.099662,-0.083850,361.657697
0.311846,0.041393,-0.015570,361.521266
0.020791,0.026600,0.003238,505.883291
0.605067,0.044188,-0.063396,361.358622
0.246577,0.077328,-0.005526,372.048221
0.488718,0.047823,-0.044408,361.354193
0.715199,0.097491,-0.077363,361.668198
0.312530,0.036584,-0.015716,361.791237
0.704269,0.029712,-0.079613,361.405667
0.685671,0.013795,-0.076654,361.540253
0.173235,0.064276,0.002370,497.394642
0.130085,0.001914,-0.003344,494.101196
0.073810,0.084678,0.002739,503.735148
0.551939,0.061291,-0.054737,361.397130
0.176304,0.065810,0.002258,493.767206
0.225639,0.014471,-0.002892,391.281957
0.063242,0.083343,0.002840,504.280031
0.084139,0.026838,0.002901,505.158450
0.793165,0.045899,-0.094086,361.354552
0.569884,0.053061,-0.057652,361.357896
0.174130,0.058855,0.002537,501.986520
0.942284,0.066160,-0.118428,361.372705
0.937700,0.004334,-0.117786,361.483693
0.885078,0.051388,-0.109082,361.354034
0.368825,0.081984,-0.025089,362.686119
0.670428,0.004406,-0.068698,361.672637
0.503730,0.084726,-0.047014,361.843259
0.007697,0.017942,0.003208,505.515473
0.037253,0.051405,0.003279,506.436550
0.936228,0.003609,-0.117549,361.488484
0.740650,0.077999,-0.085570,361.456111
0.094917,0.034895,0.002946,505.802059
0.732964,0.022297,-0.084321,361.442875
0.577990,0.046985,-0.058975,361.354605
0.101531,0.000235,-0.002150,498.919626
0.050217,0.001488,-0.000637,503.046747
-0.000000,-0.000000,-0.000000,504.355419
0.811936,0.071333,-0.097174,361.401131
0.081163,0.005377,-0.001453,502.002903
0.397376,0.029010,-0.029588,361.719464
0.662441,0.045055,-0.072756,361.356176
0.465446,0.054307,-0.040613,361.367845
0.102700,0.096516,-0.002197,499.123895
0.747569,0.086146,-0.086735,361.517337
0.124925,0.099516,-0.003110,494.152089
0.715259,0.018615,-0.081451,361.477231
0.585410,0.078850,-0.060269,361.566941
0.981987,0.018312,-0.124950,361.408271
0.535651,0.048257,-0.052066,361.353767
0.821355,0.079566,-0.098736,361.439850
0.309178,0.053698,-0.015119,361.419774
0.855958,0.085254,-0.104401,361.462402
0.799908,0.037450,-0.095196,361.366757
0.512075,0.013159,-0.048390,361.820825
0.064663,0.047951,0.003157,506.441692
0.924685,0.022519,-0.115589,361.401016
0.663541,0.005874,-0.067403,361.661039
0.139274,0.097458,-0.003779,490.690868
0.812009,0.037879,-0.097170,361.365314
0.638302,0.019410,-0.068901,361.515681
0.774823,0.054215,-0.091092,361.356546
0.577725,0.074041,-0.058990,361.510098
0.094264,0.034018,0.002940,505.729903
0.472883,0.042451,-0.041832,361.374253
0.623984,0.048058,-0.066479,361.353764
0.022725,0.056620,0.003333,506.378411
0.892020,0.026921,-0.110248,361.389752
0.373002,0.077399,-0.025702,362.301585
0.440575,0.004231,-0.031484,362.567918
0.246868,0.029599,-0.005260,366.975818
0.469222,0.061293,-0.041246,361.427997
0.486922,0.083561,-0.044270,361.866963
-0.000000,-0.000000,-0.000000,504.355419
0.832999,0.039342,-0.100593,361.361847
0.710259,0.042620,-0.080561,361.359146
0.558420,0.002920,-0.048973,361.938908
0.728345,0.096365,-0.079987,361.639114
0.650740,0.005162,-0.065025,361.689480
0.212539,0.024491,-0.000576,402.375366
0.183455,0.054239,0.002572,503.406661
0.829459,0.083579,-0.100073,361.461100
0.648486,0.054926,-0.070479,361.359837
0.280065,0.043453,-0.010378,361.529273
0.440593,0.048123,-0.036555,361.354080
0.869306,0.087377,-0.106586,361.470679
0.586387,0.046595,-0.060346,361.354972
0.365247,0.099470,-0.022184,364.495318
0.191515,0.081378,0.000684,453.789979
0.115780,0.052803,0.002925,506.373059
0.908968,0.075949,-0.113014,361.405154
0.735610,0.012510,-0.084800,361.518456
0.859136,0.086222,-0.104923,361.467172
0.374570,0.043962,-0.025789,361.383712
0.931352,0.003591,-0.124802,361.490161
0.099569,0.001021,-0.002078,499.367413
0.004280,0.042903,0.003417,506.408328
0.931225,0.095104,-0.116715,361.495066
0.415756,0.035131,-0.032541,361.501602
0.878919,0.094171,-0.112495,361.510907
0.540295,0.022535,-0.052911,361.568857
0.901117,0.001481,-0.117647,361.516350
0.263570,0.059536,-0.007736,362.333340
0.020326,0.055910,0.003346,506.391577
0.259088,0.003003,-0.011704,376.643506
0.126926,0.024469,0.002562,502.722386
0.951930,0.094069,-0.129759,361.481199
0.720475,0.033583,-0.082245,361.384818
0.124239,0.085178,0.002264,499.478643
0.913513,0.001743,-0.120562,361.508998
0.108366,0.083542,0.002481,501.847213
0.746543,0.080403,-0.086541,361.471189
0.348197,0.094950,-0.020291,364.586318
0.105656,0.075826,0.002691,503.720207
0.104622,0.031214,0.002847,505.223616
0.504286,0.079890,-0.047064,361.719242
0.424850,0.003836,-0.029419,362.763205
0.970944,0.079878,-0.123134,361.410828
0.840183,0.054277,-0.101757,361.356035
0.796521,0.026117,-0.094672,361.405916
-0.000000,-0.000000,-0.000000,504.355419
0.508327,0.099369,-0.041111,362.292674
0.842435,0.000609,-0.104219,361.554723
0.289390,0.027662,-0.012089,363.341186
0.938044,0.097744,-0.117840,361.508765
0.354264,0.070154,-0.022578,362.019536
0.879435,0.041686,-0.108166,361.357688
0.775479,0.099096,-0.089687,361.622682
0.193164,0.078110,0.000829,452.222085
0.006948,0.057666,0.003401,506.372314
0.288745,0.049092,-0.011778,361.353610
0.065444,0.001489,-0.000999,502.305287
0.517776,0.087467,-0.049323,361.871788
0.418403,0.097326,-0.028591,363.052251
0.473078,0.005758,-0.035956,362.238117
0.600427,0.033893,-0.062661,361.404353
0.108100,0.054949,0.002951,506.296927
0.985834,0.032159,-0.125541,361.369876
0.337809,0.040454,-0.019807,361.492437
0.141360,0.027689,0.002520,502.160400
0.047242,0.094314,-0.000573,503.460374
0.763547,0.058541,-0.089256,361.363850
0.262602,0.005700,-0.012000,374.223762
0.080082,0.096033,-0.001419,501.458416
0.183277,0.001067,-0.006202,457.941073
0.147212,0.032045,0.002580,503.041766
0.576946,0.095761,-0.052034,361.898861
0.517285,0.073935,-0.049140,361.573338
0.111580,0.033937,0.002846,505.422085
0.720897,0.099554,-0.078496,361.687918
0.445162,0.061895,-0.037324,361.452302
0.256532,0.076215,-0.007011,368.590696
0.170212,0.005897,-0.005424,475.255279
0.418631,0.001416,-0.028620,363.000498
0.630036,0.001075,-0.061255,361.793899
0.905067,0.034356,-0.112359,361.368897
0.840290,0.037219,-0.101785,361.365607
0.772571,0.078015,-0.090775,361.445125
0.164389,0.025045,0.002144,494.453025
0.108299,0.064480,0.002867,505.451222
0.079241,0.000237,-0.001391,501.170107
0.108506,0.053308,0.002956,506.366571
0.946360,0.092884,-0.119173,361.476679
0.267753,0.062540,-0.008456,362.764135
0.478084,0.080792,-0.042808,361.816602
0.511206,0.050272,-0.048077,361.354183
0.861250,0.085119,-0.105263,361.459878
0.148580,0.040632,0.002730,505.519836
0.267148,0.077155,-0.008698,367.019112
0.194614,0.066437,0.001621,458.279435
0.115066,0.005347,-0.002690,498.435707
0.682670,0.017060,-0.076146,361.509252
0.019308,0.012813,0.003069,505.032276
0.906079,0.000999,-0.118811,361.517323
0.165588,0.028649,0.002274,496.665940
0.757148,0.054473,-0.088208,361.357054
0.932987,0.081599,-0.116949,361.424128
0.465411,0.077812,-0.040721,361.771516
0.184724,0.072886,0.001633,474.431120
0.988596,0.042189,-0.125977,361.356218
0.126509,0.004361,-0.003183,495.926994
0.401790,0.032821,-0.030279,361.583556
0.639911,0.094300,-0.063041,361.730195
0.184375,0.019105,0.001225,468.716634
0.921149,0.023936,-0.115008,361.396493
0.865004,0.005082,-0.109310,361.508261
0.255719,0.000993,-0.011424,378.931015
-0.000000,-0.000000,-0.000000,504.355419
0.929897,0.037532,-0.116405,361.362335
0.115972,0.025985,0.002682,503.894095
0.955322,0.005634,-0.130582,361.470346
0.694270,0.072203,-0.077985,361.432179
0.833948,0.005631,-0.102330,361.519629
0.496113,0.075219,-0.045699,361.632282
0.917410,0.030628,-0.114381,361.376872
0.411992,0.000115,-0.027778,363.195093
0.930714,0.074222,-0.116557,361.396128
0.685984,0.045082,-0.076598,361.355897
0.274524,0.097918,-0.013031,373.213402
0.553589,0.077492,-0.055076,361.584495
0.759336,0.041913,-0.088570,361.359287
0.988384,0.016726,-0.125999,361.413091
0.586184,0.082236,-0.060416,361.616750
0.939033,0.097780,-0.118001,361.508580
0.730184,0.013266,-0.083911,361.514968
0.154354,0.022765,0.002209,497.016795
0.835583,0.071277,-0.101031,361.397446
0.248738,0.022232,-0.005808,370.448120
0.076748,0.002977,-0.001317,501.862444
0.628399,0.018837,-0.067291,361.529876
0.344349,0.047867,-0.020851,361.355893
0.109092,0.025944,0.002730,504.237805
0.980287,0.004575,-0.124728,361.468628
0.766955,0.097047,-0.087900,361.608733
0.292237,0.085173,-0.012882,366.350957
0.143735,0.054430,0.002788,506.122149
0.802704,0.095469,-0.095492,361.564851
0.039220,0.079031,0.003060,505.221248
0.613454,0.045629,-0.064763,361.355959
0.523579,0.020157,-0.050204,361.636079
0.082641,0.044830,0.003071,506.397673
0.328393,0.073734,-0.018428,362.653623
0.415253,0.048737,-0.032420,361.353649
0.596779,0.004728,-0.055403,361.795332
0.847700,0.070379,-0.103006,361.392494
0.087799,0.021301,0.002785,504.342072
0.592806,0.030328,-0.061431,361.434145
0.552532,0.058610,-0.054828,361.380121
0.488021,0.024082,-0.044385,361.620072
0.002228,0.068941,0.003361,506.081387
0.247868,0.098115,-0.010784,383.238631
0.130134,0.034062,0.002740,504.862076
0.597091,0.079952,-0.062178,361.569649
0.080004,0.093865,-0.001418,501.871687
0.375844,0.071159,-0.026094,361.916512
0.987343,0.041505,-0.125773,361.356786
0.189080,0.055454,0.002478,497.620465
0.540707,0.031945,-0.052929,361.443020
0.347040,0.080541,-0.021547,362.953014
0.675402,0.005973,-0.069639,361.644552
0.503117,0.066278,-0.046792,361.469445
-0.000000,0.100000,-0.000000,504.200130
0.704045,0.029973,-0.079576,361.404313
0.382010,0.046532,-0.026998,361.360287
0.361473,0.001480,-0.021758,364.288106
0.036754,0.002096,-0.000380,503.620216
0.048496,0.039937,0.003206,506.313857
0.466993,0.096328,-0.035097,362.456421
0.297125,0.094201,-0.015095,368.095815
0.633521,0.075735,-0.068094,361.489046
0.329846,0.080611,-0.018777,363.397394
0.514337,0.083030,-0.048725,361.768970
0.721590,0.053178,-0.082406,361.355894
0.318678,0.041266,-0.016684,361.507379
0.431008,0.005768,-0.030220,362.581718
0.888512,0.045771,-0.109644,361.354360
0.012575,0.073415,0.003271,505.841251
0.400906,0.042613,-0.030089,361.390000
0.395510,0.035774,-0.029237,361.517679
0.445059,0.018133,-0.037445,361.915641
0.126308,0.097925,-0.003173,494.402176
0.834641,0.047173,-0.100853,361.353878
0.610180,0.097547,-0.057730,361.850114
0.671631,0.079430,-0.074324,361.501800
0.155151,0.051752,0.002750,506.316317
0.592495,0.015663,-0.061461,361.609862
0.243834,0.070802,-0.004855,369.062089
0.634255,0.063612,-0.068171,361.394013
0.281959,0.033584,-0.010789,362.610744
0.790505,0.033863,-0.093670,361.376948
0.941004,0.051409,-0.118207,361.353977
0.675726,0.046314,-0.074923,361.354720
0.761112,0.099131,-0.086683,361.637022
0.014352,0.017442,0.003165,505.417944
0.212109,0.012575,-0.001411,412.105550
0.737300,0.055687,-0.084971,361.359140
0.806405,0.050594,-0.096245,361.353843
0.932966,0.003188,-0.125189,361.491970
0.223131,0.096822,-0.008885,402.351360
0.440279,0.021311,-0.036636,361.825063
0.900963,0.002588,-0.117611,361.508940
0.347484,0.078673,-0.021589,362.766093
0.410034,0.049062,-0.031569,361.353592
0.700470,0.020482,-0.079030,361.469076
0.357511,0.054720,-0.023005,361.400647
0.736931,0.024012,-0.084961,361.430632
0.692822,0.036707,-0.077727,361.375744
0.460084,0.002134,-0.034135,362.493278
0.215001,0.060678,-0.000073,377.725675
0.377138,0.053232,-0.026204,361.373910
0.474755,0.035619,-0.042158,361.438446
0.255507,0.096807,-0.011407,378.897350
0.034265,0.023591,0.003135,505.606524
0.938310,0.087154,-0.117837,361.448751
0.540760,0.004043,-0.046131,361.969871
0.142422,0.045675,0.002804,506.323469
0.086516,0.093942,-0.001626,501.372471
0.176880,0.084579,0.001178,474.318713
0.779105,0.043781,-0.091794,361.356466
0.101288,0.044499,0.002986,506.368150
0.336491,0.050887,-0.019569,361.360322
0.865771,0.086434,-0.106006,361.466196
0.188240,0.070548,0.001644,470.484321
0.062785,0.084130,0.002828,504.198439
0.937717,0.005392,-0.126328,361.477386
0.086485,0.070390,0.002910,505.206939
0.665557,0.042877,-0.073267,361.359746
0.140563,0.086507,0.001987,495.463661
0.944536,0.072829,-0.118808,361.390175
0.168282,0.096132,-0.005313,474.566230
-0.000481,0.024947,-0.000833,505.924627
0.381680,0.047282,-0.026943,361.356867
0.277640,0.053312,-0.009974,361.464249
0.084928,0.041273,0.003046,506.280572
0.817824,0.065579,-0.098122,361.379325
0.002664,0.058553,0.003417,506.360523
0.890877,0.000906,-0.115260,361.525301
0.064010,0.031945,0.003073,505.880812
0.276690,0.080791,-0.010307,366.890282
0.041756,0.061602,0.003223,506.218294
0.956458,0.055413,-0.120730,361.356180
0.855285,0.083679,-0.104285,361.453386
0.529099,0.079981,-0.051104,361.668267
0.621102,0.026007,-0.066064,361.459764
0.654570,0.001654,-0.065732,361.738396
0.415163,0.002212,-0.028179,362.997904
0.866349,0.047885,-0.106026,361.353685
0.622446,0.005438,-0.059897,361.731132
0.751293,0.094472,-0.084654,361.595433
-0.000000,-0.000000,-0.000000,504.355419
0.787403,0.020995,-0.093204,361.434399
0.978504,0.023619,-0.124365,361.391324
0.796297,0.025178,-0.094639,361.410339
0.071725,0.014448,0.002760,503.958390
0.046109,0.076901,0.003051,505.291051
0.872235,0.063084,-0.106995,361.369295
0.205931,0.075450,0.000012,419.883793
0.063378,0.020572,0.002927,504.927622
0.533870,0.086982,-0.051936,361.811748
0.084534,0.003606,-0.001559,501.417583
0.041549,0.022249,0.003078,505.432900
0.000598,0.066445,0.001035,506.170224
0.590043,0.094429,-0.054248,361.834773
0.051283,0.074384,0.003055,505.420144
0.637499,0.095774,-0.062603,361.759305
0.358013,0.001081,-0.021371,364.458542
0.460419,0.080722,-0.039934,361.878719
0.185205,0.055778,0.002515,500.531108
0.496195,0.044791,-0.045631,361.360838
0.151360,0.017462,0.002040,495.002215
0.671287,0.001730,-0.068860,361.710495
0.824860,0.042539,-0.099260,361.357374
0.960604,0.028591,-0.121432,361.379145
0.245663,0.027123,-0.005153,368.608935
0.301885,0.097373,-0.015549,368.331678
0.301871,0.002155,-0.015547,367.967640
0.722792,0.015100,-0.082697,361.503013
0.778835,0.020210,-0.091810,361.441538
0.093367,0.031007,0.002908,505.438215
0.988485,0.011177,-0.126036,361.435280
0.701104,0.042903,-0.079067,361.358851
0.629181,0.096525,-0.061101,361.788628
-0.000000,-0.000000,-0.000000,504.355419
0.455839,0.001119,-0.033550,362.580847
0.497823,0.040590,-0.045905,361.382144
0.989404,0.001271,-0.126230,361.483291
0.933702,0.063602,-0.117024,361.367768
0.381053,0.043608,-0.026847,361.385630
0.027630,0.013275,0.003026,504.935841
0.887540,0.081571,-0.109537,361.433601
0.170788,0.075582,0.001902,488.212780
0.170345,0.061701,0.002493,500.888053
0.120994,0.098105,-0.002939,495.570767
0.197498,0.020402,0.000552,442.058186
0.599322,0.001642,-0.055841,361.852031
0.140404,0.000930,-0.003834,490.410310
0.134291,0.064516,0.002712,504.551878
0.686590,0.039103,-0.076705,361.368317
0.322464,0.017193,-0.017611,363.674279
0.383483,0.033466,-0.027292,361.610176
0.939306,0.006161,-0.118039,361.472769
0.414507,0.074693,-0.032413,361.862026
0.798018,0.070605,-0.094902,361.400181
0.159213,0.064704,0.002517,501.782717
0.641053,0.070133,-0.069299,361.435464
0.034023,0.095372,-0.000332,503.777905
0.207530,0.018980,-0.000442,417.802283
0.372266,0.094543,-0.022987,363.745491
0.834196,0.071686,-0.100806,361.399266
0.947932,0.052344,-0.119338,361.354317
0.073398,0.055846,0.003106,506.340644
0.532989,0.049402,-0.051631,361.353641
0.118695,0.002290,-0.002840,496.822210
0.959143,0.005310,-0.121277,361.471147
0.005513,0.048584,0.003420,506.443856
0.233756,0.027765,-0.003306,372.806001
0.027549,0.076842,0.003154,505.524279
0.542248,0.014544,-0.053287,361.713213
0.204342,0.029380,0.000683,420.943406
0.537320,0.017028,-0.052465,361.672641
-0.000000,-0.000000,-0.000000,504.355419
0.183444,0.034164,0.002195,489.023873
0.988372,0.098130,-0.126045,361.491798
0.000088,0.075006,0.000152,505.840920
0.022123,0.077879,0.003171,505.513778
0.431622,0.095700,-0.030300,362.771938
0.288883,0.020291,-0.012168,364.871109
0.843879,0.037111,-0.102371,361.365691
0.808099,0.082568,-0.096586,361.462146
0.941177,0.076778,-0.118270,361.403721
0.138773,0.036877,0.002733,505.084336
0.031284,0.040000,0.003285,506.340279
0.049023,0.017199,0.002960,504.889837
0.016629,0.056186,0.003362,506.389539
0.939063,0.063796,-0.117899,361.367937
0.459493,0.094380,-0.034053,362.427791
0.179317,0.075518,0.001663,479.571535
0.294686,0.037223,-0.012808,361.910315
0.475581,0.046195,-0.042266,361.357322
0.733829,0.028886,-0.084437,361.404105
0.463289,0.033496,-0.040298,361.477574
0.875133,0.084956,-0.107526,361.454651
0.983376,0.027717,-0.125149,361.379785
0.285246,0.063490,-0.011300,362.377289
0.794554,0.034674,-0.094328,361.374226
0.567196,0.035471,-0.057236,361.402044
0.547613,0.060575,-0.054030,361.393169
0.088314,0.097887,-0.001683,500.384853
0.665562,0.046314,-0.073265,361.354770
0.137785,0.057078,0.002795,505.859931
0.257619,0.032408,-0.006891,364.226597
0.501636,0.098412,-0.040108,362.297897
0.230674,0.094258,-0.009444,393.207361
0.138096,0.063162,0.002711,504.667423
0.554742,0.044168,-0.055185,361.360223
0.886224,0.097099,-0.114181,361.528090
0.506859,0.002673,-0.040890,362.158174
0.314097,0.022992,-0.016154,363.163678
0.173897,0.059687,0.002516,501.360002
0.789615,0.020650,-0.093566,361.435777
0.934914,0.026701,-0.117246,361.386283
0.943210,0.083875,-0.118624,361.432093
0.615523,0.025155,-0.065158,361.470854
0.595239,0.085760,-0.061915,361.660617
0.898004,0.061568,-0.111197,361.365199
0.001913,0.043771,0.003430,506.418310
0.887126,0.072693,-0.109443,361.396041
0.516774,0.069650,-0.049034,361.504998
0.828960,0.017804,-0.099994,361.441010
0.952964,0.066226,-0.120171,361.372311
0.029525,0.055270,0.003306,506.396152
0.659885,0.002382,-0.066720,361.718180
0.815486,0.063765,-0.097737,361.374164
0.206055,0.030721,0.000613,413.802133
0.847925,0.002801,-0.105449,361.533870
0.643138,0.076172,-0.069664,361.487510
0.654306,0.083929,-0.071524,361.563765
0.178717,0.022262,0.001652,480.014886
0.258840,0.079578,-0.007487,369.581938
0.615531,0.078396,-0.065175,361.531684
0.700109,0.067970,-0.078924,361.404941
0.118981,0.095118,-0.002854,496.997881
0.459269,0.099918,-0.034022,362.700563
0.480775,0.042077,-0.043120,361.375386
0.814206,0.096745,-0.097987,361.568278
0.339606,0.042956,-0.020089,361.421493
-0.000000,0.100000,-0.000000,504.200130
0.557667,0.022317,-0.055743,361.551666
0.749554,0.038508,-0.086979,361.366548
0.648563,0.040565,-0.070498,361.366188
0.382258,0.058405,-0.027053,361.448675
0.170828,0.094054,-0.005459,473.500957
0.183256,0.046122,0.002612,505.470105
0.278812,0.038116,-0.010220,362.041191
-0.000060,0.034589,-0.000105,506.255023
0.069153,0.044712,0.003131,506.404521
0.081479,0.041103,0.003061,506.283063
0.269679,0.000710,-0.012607,374.255182
0.875488,0.083690,-0.107579,361.447576
0.733998,0.024878,-0.084479,361.426184
0.989475,0.087925,-0.136554,361.440034
0.756258,0.082997,-0.088136,361.486595
0.828295,0.014913,-0.099898,361.458163
0.784683,0.072745,-0.092733,361.412438
0.500068,0.024533,-0.046344,361.590364
0.379194,0.032184,-0.026603,361.668497
0.806533,0.017985,-0.096336,361.446518
0.634030,0.051785,-0.068118,361.355066
0.067398,0.038128,0.003108,506.201010
0.567169,0.097575,-0.050408,361.972889
0.169911,0.025285,0.002050,491.385222
0.221098,0.053704,-0.000781,363.186805
0.186392,0.094064,-0.006395,455.073953
0.308085,0.005177,-0.016149,366.651229
0.040225,0.075461,0.003102,505.478094
0.571309,0.001342,-0.051094,361.936783
0.168107,0.000828,-0.005303,474.054422
-0.000000,0.100000,-0.000000,504.200130
0.428116,0.030487,-0.034583,361.588816
0.838449,0.078007,-0.101519,361.427201
0.540753,0.076511,-0.052979,361.585417
0.712590,0.003703,-0.076846,361.630809
0.532461,0.051240,-0.051545,361.355207
0.634576,-0.000088,-0.062073,361.805766
-0.000065,0.002597,-0.000113,504.563379
0.010510,0.075785,0.003257,505.735481
0.957314,0.060698,-0.120873,361.362144
0.160968,0.081205,0.001843,490.298668
0.556947,0.043376,-0.055546,361.362465
0.102540,0.001136,-0.002189,499.025808
0.843040,0.066777,-0.102238,361.380900
0.683570,0.003432,-0.071197,361.668785
0.426007,0.014386,-0.034392,362.180463
0.262915,0.060844,-0.007648,362.611273
0.503187,0.083791,-0.046917,361.819855
0.261953,0.072471,-0.007743,366.086799
0.108080,0.064188,0.002872,505.492141
0.508183,0.083502,-0.047727,361.797562
0.322754,0.099745,-0.017611,366.825771
0.670867,0.082711,-0.074216,361.535935
0.145215,0.063311,0.002661,504.160794
0.762454,0.021175,-0.089134,361.440614
0.501114,0.020945,-0.046540,361.662240
0.729342,0.044043,-0.083674,361.356700
0.519616,0.066753,-0.049484,361.463600
0.440653,0.023996,-0.036673,361.737588
0.288864,0.099661,-0.014324,370.837914
-0.000287,0.060023,-0.000498,506.335639
0.211614,0.021183,-0.000711,407.394463
0.759327,0.042775,-0.088567,361.357983
0.708778,0.099910,-0.076094,361.708908
0.698971,0.084424,-0.078805,361.532890
0.171906,0.027300,0.002106,491.856019
0.020161,0.030042,0.003273,506.043464
0.213327,0.046309,0.000504,363.008397
0.362600,0.069440,-0.023925,361.914144
0.367559,0.079652,-0.024851,362.525745
0.514041,0.097049,-0.041976,362.179205
0.320698,0.098422,-0.017403,366.733844
0.457056,0.032465,-0.039287,361.501479
0.955131,0.051706,-0.120512,361.354060
0.105909,0.024842,0.002730,504.184510
0.918504,0.063729,-0.114545,361.368629
0.099117,0.071954,0.002809,504.663541
0.660999,0.096680,-0.066928,361.733339
0.965601,0.029769,-0.122245,361.375979
0.808267,0.055554,-0.096550,361.357757
0.779083,0.069849,-0.091811,361.399863
0.468731,0.097205,-0.035341,362.482272
0.560775,0.052748,-0.056166,361.357445
0.485061,0.001613,-0.037673,362.326214
0.429174,0.002169,-0.029980,362.810825
0.091465,0.081044,0.002685,503.511806
0.399327,0.004479,-0.026205,363.086078
0.790106,0.058727,-0.093589,361.363318
0.305537,0.049649,-0.014518,361.354856
0.889682,0.003408,-0.114982,361.508477
0.781250,0.018818,-0.092210,361.449434
0.354551,0.058449,-0.022536,361.487128
0.088545,0.000300,-0.001689,500.380956
0.857926,0.001824,-0.107703,361.535854
0.172976,0.065252,0.002336,496.582279
0.090606,0.031892,0.002934,505.576877
0.797812,0.078441,-0.094893,361.440049
0.588732,0.013622,-0.060862,361.647606
0.861705,0.064002,-0.105278,361.371974
0.201644,0.064186,0.001296,429.961060
0.645046,0.075649,-0.069972,361.481318
-0.000000,-0.000000,-0.000000,504.355419
0.415982,0.013167,-0.032782,362.321397
0.929281,0.012779,-0.116374,361.441186
0.693159,0.076296,-0.077819,361.462754
0.293631,0.079353,-0.012949,364.880524
0.046448,0.095525,-0.000558,503.339105
0.769588,0.034408,-0.090256,361.376927
0.246475,0.018130,-0.005636,373.646247
0.129872,0.075557,0.002497,501.836643
0.349211,0.095861,-0.020401,364.664532
0.628437,0.042363,-0.067211,361.362143
0.563363,0.013660,-0.056732,361.689232
0.043752,0.026492,0.003119,505.703311
0.000078,0.061081,0.000134,506.313348
0.855851,0.002754,-0.107234,361.529877
0.178273,0.097290,-0.005898,463.851357
0.420692,0.004277,-0.028883,362.787790
0.896731,0.074752,-0.111015,361.402351
0.092846,0.002635,-0.001838,500.484962
0.963369,0.012036,-0.121936,361.436841
0.327495,0.057111,-0.018119,361.498326
0.157931,0.050657,0.002742,506.392467
0.256748,0.099168,-0.011510,379.512623
0.012988,0.066807,0.003325,506.120702
0.875410,0.045834,-0.107506,361.354359
0.058688,0.052934,0.003181,506.416912
0.369712,0.058884,-0.025010,361.474719
0.345625,0.059783,-0.021088,361.549449
0.332131,0.096506,-0.018578,365.606094
0.923395,0.045589,-0.115336,361.354367
0.302404,0.094473,-0.015599,367.566058
0.643587,0.049910,-0.069678,361.353742
0.212578,0.003814,-0.008129,414.557882
0.907503,0.045913,-0.112743,361.354255
0.644414,0.079766,-0.069889,361.524150
0.323243,0.005548,-0.017661,365.464668
0.256399,0.085098,-0.007334,372.876473
0.337842,0.043420,-0.019799,361.413017
0.689640,0.025299,-0.077243,361.436982
0.535619,0.077031,-0.052146,361.601599
0.307946,0.085987,-0.015391,365.252579
0.186731,0.041127,0.002452,497.204020
0.912017,0.012483,-0.113560,361.447000
0.277145,0.014197,-0.010491,367.794555
0.545466,0.005130,-0.046881,361.925011
0.403576,0.097042,-0.026728,363.277281
0.000196,0.051373,0.000340,506.439216
0.518927,0.084535,-0.049484,361.793333
0.440107,0.046746,-0.036477,361.356782
0.074237,0.064410,0.003046,505.913400
0.189588,0.082226,0.000735,456.994492
0.330998,0.025680,-0.018842,362.471722
0.407115,0.003137,-0.027167,363.057008
0.866239,0.038306,-0.106018,361.362727
0.323105,0.059574,-0.017418,361.617230
0.161538,0.023958,0.002146,495.010621
0.967569,0.080616,-0.122586,361.414115
0.159314,0.096529,-0.004813,481.212940
0.634636,0.064368,-0.068235,361.398218
0.092831,0.077213,0.002755,504.085431
0.444515,0.096153,-0.032011,362.653978
0.283155,0.020589,-0.011249,365.261485
0.688078,0.073581,-0.076980,361.444014
0.819209,0.017482,-0.098405,361.445658
0.891495,0.032832,-0.110148,361.372997
0.448117,0.067978,-0.037835,361.561965
0.433370,0.012567,-0.035609,362.211926
0.207221,0.015036,-0.000718,420.166582
0.001181,0.074597,0.003317,505.854677
0.477549,0.057197,-0.042593,361.384719
0.043963,0.099914,-0.000511,502.878231
0.077401,0.044877,0.003095,506.402451
0.081786,0.095898,-0.001472,501.355192
0.218243,0.070647,-0.001088,388.150435
0.719122,0.077594,-0.082058,361.461697
0.000517,0.063575,0.000895,506.252981
0.206841,0.059451,0.001111,397.607633
0.387474,0.079900,-0.028080,362.308567
0.201020,0.075111,0.000488,433.153515
0.712714,0.086319,-0.081055,361.542009
0.906133,0.064889,-0.112528,361.371701
0.545018,0.029674,-0.053642,361.465496
0.413821,0.096118,-0.028009,363.038975
0.156828,0.097464,-0.004678,482.284036
0.827512,0.000663,-0.100906,361.563962
0.275768,0.081326,-0.010178,367.181006
0.974000,0.048798,-0.123592,361.353592
0.220370,0.041163,-0.000744,366.550207
0.022467,0.038610,0.003319,506.319304
0.562375,0.097193,-0.049619,361.979404
0.419791,0.003908,-0.028768,362.822490
0.053613,0.042789,0.003195,506.378156
0.311812,0.004544,-0.016515,366.468214
0.392702,0.096919,-0.025399,363.480774
0.089946,0.031529,0.002933,505.551023
0.098358,0.082435,0.002598,502.858577
0.066638,0.034909,0.003087,506.042566
0.556664,0.004596,-0.048687,361.902898
0.340909,0.038570,-0.020323,361.550936
0.288832,0.095263,-0.014321,369.521842
0.617847,0.021214,-0.065557,361.510920
0.614117,0.084263,-0.064979,361.611184
0.077587,0.030232,0.002984,505.608921
0.770612,0.014193,-0.090497,361.485795
0.969882,0.086347,-0.122982,361.437471
0.900347,0.073074,-0.111600,361.395779
0.923773,0.062468,-0.115403,361.365989
0.778721,0.081402,-0.091791,361.465262
0.076611,0.018141,0.002799,504.286830
0.981456,0.024437,-0.124845,361.388663
0.480614,0.055761,-0.043090,361.374305
0.925969,0.073409,-0.115781,361.393957
0.854583,0.014248,-0.104187,361.453713
0.600613,0.071975,-0.062712,361.470797
0.498573,0.041054,-0.046026,361.378952
0.328280,0.003577,-0.018178,365.496198
0.000769,0.069947,0.001333,506.049197
0.370916,0.017028,-0.025429,362.580397
0.488166,0.033709,-0.044353,361.454225
0.465745,0.082048,-0.040813,361.900630
0.133990,0.053761,0.002838,506.263341
-0.000000,-0.000000,-0.000000,504.355419
0.748967,0.069318,-0.086897,361.402484
0.116095,0.019082,0.002518,502.275205
0.457273,0.057775,-0.039286,361.395112
0.606164,0.047995,-0.063572,361.353807
0.291022,0.035536,-0.012232,362.137500
0.989840,0.090751,-0.135919,361.452930
0.921157,0.098877,-0.115093,361.523699
-0.000000,-0.000000,-0.000000,504.355419
0.025147,0.022454,0.003170,505.622078
0.384071,0.020668,-0.027511,362.190480
0.463359,0.050238,-0.040270,361.354369
0.922506,0.016059,-0.115256,361.427420
0.830044,0.047596,-0.100103,361.353761
0.210641,0.094873,-0.007994,417.616273
0.583097,0.025182,-0.059872,361.491263
0.938825,0.003552,-0.126594,361.487623
0.271096,0.042774,-0.008921,361.634242
0.030747,0.097348,-0.000284,503.663305
0.512044,0.020921,-0.048320,361.641522
0.085047,0.058980,0.003036,506.177473
0.249901,0.049944,-0.005440,361.365967
0.944247,0.077483,-0.118773,361.405858
0.142075,0.037328,0.002720,505.039222
0.968385,0.063309,-0.122682,361.366008
0.521967,0.040634,-0.049843,361.377746
0.949738,-0.000004,-0.119771,361.505145
0.565082,0.001740,-0.050064,361.946790
0.807788,0.094362,-0.096592,361.551596
0.592134,0.031890,-0.061316,361.421482
0.803812,0.056328,-0.095824,361.358872
0.229571,0.048970,-0.002122,361.353752
0.905655,0.002982,-0.118711,361.504286
0.670001,0.065830,-0.074007,361.399360
0.676411,0.004272,-0.069831,361.666545
-0.000000,-0.000000,-0.000000,504.355419
0.461607,0.028562,-0.040052,361.571322
0.882468,0.040470,-0.108663,361.359121
0.055074,0.099474,-0.000744,502.423539
0.336953,0.003095,-0.019084,365.097215
0.147338,0.019617,0.002189,497.427023
0.160484,0.087435,0.001532,486.370014
0.169752,0.005740,-0.005397,475.580596
0.595583,0.001559,-0.055197,361.863197
0.158673,0.098292,-0.004777,480.644262
0.715967,0.040226,-0.081496,361.363873
0.919574,0.031290,-0.114732,361.375091
0.409933,0.078928,-0.031713,362.070930
0.321255,0.000121,-0.017459,366.593550
0.637079,0.060523,-0.068625,361.378419
0.494940,0.045823,-0.045425,361.357760
0.640592,0.035037,-0.069210,361.389385
0.200732,0.078224,0.000267,433.902538
0.870784,0.017606,-0.106815,361.431413
0.180520,0.045853,0.002623,505.570968
0.016961,0.097076,-0.000149,504.071370
0.655795,0.076908,-0.071730,361.487115
0.454214,0.068589,-0.038832,361.565059
0.462879,0.099728,-0.034523,362.655224
0.050692,0.002310,-0.000647,503.135872
0.704135,0.096274,-0.075182,361.665956
0.269281,0.057191,-0.008638,361.855219
0.057515,0.049493,0.003190,506.443727
0.020773,0.073432,0.003229,505.784944
0.228609,0.000526,-0.009291,397.071213
0.518799,0.058617,-0.049325,361.386073
0.039042,0.012811,0.002948,504.680247
0.120844,0.096337,-0.002933,496.215905
0.972276,0.014342,-0.123380,361.425101
0.669860,0.001893,-0.068590,361.710208
0.229174,0.004758,-0.009332,394.008161
0.029885,0.095411,-0.000269,503.894958
0.729501,0.016492,-0.083783,361.487555
0.118790,0.067143,0.002766,504.733906
0.714105,0.034175,-0.081205,361.383189
0.740147,0.062117,-0.085443,361.374669
0.056252,0.098958,-0.000771,502.439375
0.442280,0.093898,-0.031711,362.556936
0.860946,0.037357,-0.105155,361.364600
0.110149,0.036281,0.002883,505.732824
0.573199,0.071817,-0.058242,361.486767
0.253293,0.017106,-0.006707,371.766812
0.291783,0.094942,-0.014594,368.993399
0.794037,0.047767,-0.094227,361.353739
0.703099,0.068788,-0.079414,361.408798
0.617427,0.014564,-0.065530,361.595314
0.926715,0.075928,-0.115909,361.402597
0.208735,0.049581,0.001276,361.527221
0.101363,0.057233,0.002970,506.198596
0.762872,0.030202,-0.089171,361.393263
0.203358,0.020681,0.000091,427.181260
0.260241,0.060140,-0.007205,362.569322
0.205579,0.070940,0.000396,418.313542
0.091752,0.024176,0.002811,504.620033
0.948610,0.020763,-0.119497,361.404115
0.851586,0.000524,-0.106272,361.549778
0.062341,0.095493,-0.000920,502.646059
0.988079,0.032639,-0.125906,361.368871
0.617033,0.020624,-0.065428,361.518292
0.068495,0.061399,0.003098,506.128827
0.641074,0.048292,-0.069268,361.353680
0.329982,0.059559,-0.018538,361.589381
0.052941,0.041744,0.003194,506.355195
0.171073,0.038156,0.002531,502.026888
0.452008,0.000791,-0.033026,362.634555
0.150163,0.012435,0.001837,492.643379
0.856934,0.049104,-0.104490,361.353591
0.226326,0.041602,-0.001679,364.213877
0.633749,0.050602,-0.068072,361.354080
0.444891,0.046957,-0.037257,361.356113
0.728508,0.022343,-0.083594,361.444076
0.879964,0.047366,-0.108248,361.353789
0.526002,0.075469,-0.050570,361.588060
0.757655,0.006153,-0.085966,361.563220
0.582306,0.074797,-0.059741,361.515715
0.215012,0.061903,-0.000137,380.035872
0.427188,0.075180,-0.034480,361.824395
0.176969,0.061113,0.002435,498.626659
0.063650,0.012514,0.002777,503.987641
0.760825,0.050436,-0.088807,361.353830
0.935706,0.026630,-0.117375,361.386418
0.871910,0.013295,-0.107017,361.453889
0.735721,0.074578,-0.084753,361.434872
0.542767,0.031125,-0.053268,361.450621
0.425557,0.061401,-0.034125,361.461455
0.431379,0.047409,-0.035052,361.355311
0.022904,0.039742,0.003322,506.344352
0.096346,0.013952,0.002557,502.649815
0.499805,0.074827,-0.046298,361.617468
0.429411,0.043933,-0.034736,361.371161
0.307754,0.064652,-0.014965,362.102504
0.327881,0.048829,-0.018164,361.353673
0.460552,0.065000,-0.039847,361.488048
0.310077,0.082342,-0.015642,364.453485
0.344244,0.024967,-0.020997,362.334453
0.291784,0.096119,-0.014594,369.326534
0.545991,0.029820,-0.053800,361.463204
0.117149,0.045067,0.002916,506.361929
0.035631,0.023944,0.003132,505.615909
0.214773,0.071971,-0.000724,395.960211
0.537463,0.012799,-0.052523,361.761507
0.127768,0.098993,-0.003238,493.619201
0.344681,0.045899,-0.020908,361.370351
0.869955,0.067513,-0.106630,361.380877
0.792967,0.002562,-0.093399,361.571169
0.504287,0.097513,-0.040504,362.248908
0.530762,0.084867,-0.051412,361.770245
0.106436,0.076042,0.002680,503.635367
0.905595,0.059657,-0.112434,361.361768
0.681207,0.048517,-0.075816,361.353625
0.032139,0.033578,0.003243,506.139055
0.090919,0.080779,0.002695,503.584237
0.649913,0.067053,-0.070734,361.411041
0.126777,0.032693,0.002738,504.730987
0.859654,0.093833,-0.108095,361.517771
0.205426,0.003172,-0.007636,425.507285
0.031936,0.075876,0.003142,505.541746
-0.000000,0.100000,-0.000000,504.200130
0.543034,0.005271,-0.046493,361.929415
0.479479,0.044884,-0.042903,361.361385
0.142581,0.042993,0.002786,506.054898
0.055899,0.099270,-0.000763,502.411382
0.747394,0.076788,-0.086665,361.445444
0.853602,0.017940,-0.104012,361.433831
0.088953,0.032755,0.002953,505.683157
0.808561,0.078895,-0.096647,361.439613
0.795635,0.049281,-0.094488,361.353599
0.507949,0.079567,-0.047658,361.703268
0.067550,0.068779,0.003035,505.658440
0.974916,0.042824,-0.123745,361.355826
0.850992,0.094004,-0.106138,361.523460
0.755298,0.016662,-0.087988,361.474128
0.768016,0.047111,-0.089982,361.353977
0.000521,0.045620,0.000902,506.433296
0.179722,0.095703,-0.005985,462.984108
0.845314,0.030053,-0.102620,361.384222
0.052759,0.016454,0.002924,504.738645
