0.390021,0.078700,-0.035571,370.559796
0.498498,0.063198,-0.053815,342.748131
0.549343,0.014440,-0.063489,329.562043
0.514109,0.099624,-0.057119,338.689259
0.134327,0.060855,-0.005248,434.406576
0.259550,0.027531,-0.017893,403.437313
0.331803,0.035961,-0.027111,385.308092
0.543028,0.035635,-0.062248,331.204795
0.496044,0.061431,-0.053367,343.382106
0.256237,0.045445,-0.017504,404.263427
0.173557,0.021431,-0.008757,424.766318
0.953001,0.050344,-0.166535,221.324299
0.384161,0.013564,-0.034678,372.051875
0.353533,0.042531,-0.030161,379.817970
0.938341,0.037097,-0.161951,225.369057
0.540661,0.079639,-0.061786,331.818856
0.166304,0.070161,-0.008077,426.551784
0.900906,0.090385,-0.150544,235.654833
0.144575,0.031720,-0.006125,431.894079
0.136517,0.070095,-0.005433,433.869548
0.465128,0.026460,-0.047857,351.351599
0.263258,0.032593,-0.018331,402.511443
0.739472,0.086987,-0.106126,279.374665
0.127094,0.031030,-0.004646,436.178968
0.021353,0.001542,-0.000232,461.827321
0.074654,0.024223,-0.000699,448.966885
0.541447,0.016830,-0.061939,331.616406
0.219568,0.013902,-0.013398,413.387838
0.794903,0.000499,-0.122016,264.380968
0.529498,0.088891,-0.059627,334.718489
0.924638,0.068492,-0.157727,229.140283
0.444379,0.029271,-0.044308,356.679279
0.000419,0.018110,0.000726,466.866549
0.826822,0.004661,-0.129205,255.849878
0.449949,0.021779,-0.045249,355.250870
0.427135,0.086177,-0.041448,361.093417
0.000200,0.003787,0.000347,466.915060
0.910200,0.001317,-0.152486,233.173427
0.273857,0.099218,-0.018182,399.903256
0.119927,0.017035,-0.004063,437.932914
0.085562,0.095061,-0.001459,446.313073
0.216578,0.075446,-0.013079,414.127744
0.111991,0.080856,-0.003433,439.870505
0.220335,0.031679,-0.013480,413.196923
0.077788,0.059234,-0.000914,448.204301
0.187738,0.087074,-0.010126,421.265602
0.750608,0.052153,-0.108945,276.392851
0.435126,0.045738,-0.042763,359.049549
0.169374,0.037286,-0.008363,425.796514
0.852648,0.000662,-0.137090,248.790560
0.980546,0.027218,-0.175323,213.702069
0.176892,0.025794,-0.009074,423.944168
0.393551,0.023006,-0.036114,369.663365
0.631985,0.022301,-0.080759,307.918519
0.174775,0.023559,-0.008873,424.465969
0.352136,0.048571,-0.029961,380.171258
0.137458,0.086714,-0.005512,433.638336
0.564740,0.069173,-0.066561,325.547727
0.436138,0.008402,-0.042931,358.791640
0.821381,0.098911,-0.128875,257.239997
0.766912,0.016221,-0.113136,272.018480
0.955280,0.003780,-0.167253,220.696072
0.549093,0.048836,-0.063439,329.626193
0.084082,0.077785,-0.001354,446.673410
0.710298,0.082459,-0.098913,287.165928
0.064513,0.068266,-0.000019,451.426928
0.888612,0.074650,-0.146889,239.021544
0.311981,0.000386,-0.023074,390.346081
0.105520,0.041128,-0.002933,441.451476
0.911063,0.037229,-0.153597,232.870923
0.603754,0.042260,-0.074642,315.340777
0.637625,0.031142,-0.082008,306.431724
0.163553,0.022883,-0.007823,427.230286
0.243743,0.012759,-0.016064,407.378378
0.374728,0.088305,-0.033259,374.445428
0.320717,0.088410,-0.025605,388.100360
0.822226,0.085687,-0.127935,257.092887
0.561478,0.038566,-0.065904,326.399529
0.175204,0.025014,-0.008913,424.360265
0.982473,0.047217,-0.172034,213.484768
0.768887,0.032666,-0.113649,271.487142
0.400119,0.018389,-0.037133,367.991070
0.406409,0.021488,-0.038120,366.387955
0.513924,0.082682,-0.056674,338.756920
0.982251,0.003296,-0.172475,213.506030
0.535932,0.037223,-0.060867,333.049348
0.721665,0.084029,-0.101695,284.134018
0.452992,0.070445,-0.045767,354.468359
0.179758,0.033862,-0.009349,423.236920
0.668427,0.088300,-0.088988,298.289900
0.874212,0.047045,-0.142666,242.957404
0.069491,0.005731,-0.000350,450.220955
0.588110,0.082039,-0.071350,319.439685
0.103089,0.012289,-0.002748,442.045374
0.642817,0.000020,-0.084807,304.970873
0.573186,0.090572,-0.068274,323.342238
0.523398,0.068102,-0.058463,336.302003
0.240259,0.095389,-0.015670,408.243528
0.072917,0.063395,-0.000580,449.387648
0.295762,0.075703,-0.022336,394.373809
0.400969,0.042117,-0.037266,367.773749
0.245195,0.007510,-0.016230,407.016895
0.009248,0.021224,0.003198,464.777843
0.230528,0.070083,-0.014587,410.664408
0.564652,0.072725,-0.066543,325.570634
0.134974,0.042880,-0.005302,434.248451
0.667432,0.086362,-0.088759,298.553381
0.585091,0.078088,-0.070723,320.230066
0.395154,0.079988,-0.036362,369.253719
0.095327,0.063593,-0.002167,443.936363
0.526950,0.015441,-0.059139,335.382170
0.482557,0.085912,-0.050931,346.862104
0.951750,0.012746,-0.166141,221.670857
0.149197,0.047552,-0.006529,430.759046
0.590786,0.076244,-0.071909,318.739162
0.974609,0.082067,-0.173410,215.345815
0.561182,0.007748,-0.065845,326.477613
0.982443,0.091895,-0.172137,213.482486
0.820282,0.062245,-0.127400,257.620114
0.384531,0.086202,-0.034734,371.955625
0.490195,0.008476,-0.052304,344.893982
0.454077,0.048850,-0.045952,354.190610
0.140709,0.057513,-0.005791,432.841903
0.751910,0.001612,-0.111092,275.928802
0.252506,0.019082,-0.017070,405.194788
0.261941,0.037634,-0.018175,402.840231
0.952655,0.000469,-0.164025,221.610935
0.681139,0.068112,-0.091948,294.920434
0.102486,0.018344,-0.002703,442.192363
0.227042,0.027237,-0.014205,411.531794
0.686250,0.044427,-0.093151,293.564442
0.553329,0.025499,-0.064278,328.523719
0.454882,0.091168,-0.046090,353.982633
0.797033,0.050652,-0.121083,263.905744
0.428811,0.054639,-0.041723,360.665559
0.629356,0.099549,-0.081728,308.523183
0.685433,0.095327,-0.092959,293.779674
0.010068,0.070385,0.003157,464.579141
0.448474,0.006147,-0.044999,355.629833
0.670011,0.000091,-0.091144,297.768722
0.027710,0.069324,0.002214,460.329041
0.165572,0.060855,-0.008009,426.732293
0.168738,0.051684,-0.008303,425.952951
0.767225,0.035961,-0.113217,271.933719
0.119510,0.060603,-0.004029,438.033749
0.319108,0.032075,-0.025389,388.507328
0.474575,0.076305,-0.049513,348.919002
0.622598,0.072018,-0.078700,310.388697
0.168211,0.001634,-0.007519,426.100712
0.253538,0.000619,-0.015795,404.977767
0.720643,0.072518,-0.101443,284.407194
0.474923,0.009444,-0.049574,348.831255
0.652313,0.076944,-0.085303,302.553180
0.504247,0.089878,-0.054873,341.261029
0.475994,0.065372,-0.049763,348.553896
0.353204,0.017966,-0.030114,379.901980
0.655625,0.013856,-0.086054,301.679769
0.150158,0.055395,-0.006614,430.522716
0.768342,0.014504,-0.113507,271.634257
0.109551,0.040622,-0.003244,440.467702
0.497964,0.071232,-0.053718,342.885868
0.232117,0.088963,-0.014762,410.268856
0.020488,0.039518,0.002610,462.071224
0.263994,0.060741,-0.018419,402.326829
0.534309,0.040624,-0.060553,333.470763
0.425662,0.087225,-0.041208,361.470073
0.052342,0.034958,0.000759,454.377442
0.216308,0.000175,-0.011834,414.228514
0.982419,0.100003,-0.172184,213.484538
0.090015,0.001607,-0.002480,445.219601
0.401424,0.094038,-0.037337,367.656398
0.381890,0.030267,-0.034334,372.628326
0.549621,0.043409,-0.063544,329.488793
0.290309,0.053844,-0.021644,395.741975
0.712014,0.098533,-0.101223,286.592101
0.652102,0.080348,-0.085255,302.609043
0.000521,0.038776,0.000903,466.843546
0.398928,0.001644,-0.036137,368.326369
0.203478,0.038815,-0.011710,417.374875
0.163966,0.023884,-0.007861,427.128498
0.568023,0.040775,-0.067224,324.691782
0.684393,0.064117,-0.092713,294.056862
0.838235,0.044284,-0.132386,252.752275
0.535423,0.084067,-0.060769,333.180185
0.898583,0.080755,-0.149850,236.291814
0.946816,0.077828,-0.164594,223.030767
0.860378,0.045784,-0.138668,246.729903
0.543965,0.019020,-0.062431,330.961353
0.263247,0.041018,-0.018330,402.513902
0.503022,0.069532,-0.054647,341.578434
0.502451,0.020559,-0.054542,341.727732
0.858346,0.040525,-0.138085,247.283522
0.086016,0.064031,-0.001491,446.203420
0.086573,0.081333,-0.001531,446.067269
0.580878,0.053650,-0.069852,321.332885
0.059091,0.019637,0.000332,452.742986
0.826149,0.040080,-0.129018,256.031275
0.583528,0.050193,-0.070399,320.639812
0.642881,0.009035,-0.083179,305.046039
0.734748,0.055388,-0.104942,280.639384
0.131318,0.095128,-0.004995,435.142752
0.889488,0.016302,-0.147148,238.783747
0.478640,0.003683,-0.050233,347.873939
0.628099,0.063177,-0.079903,308.940851
0.677636,0.019143,-0.091128,295.851273
0.238801,0.059830,-0.015506,408.607288
0.074300,0.072346,-0.000674,449.051331
0.202055,0.008126,-0.011565,417.728117
0.316678,0.041499,-0.025064,389.118623
0.131670,0.001715,-0.004856,435.062578
0.790249,0.064581,-0.119270,265.735568
0.410523,0.061793,-0.038771,365.337496
0.150166,0.076859,-0.006615,430.520264
0.343889,0.039500,-0.028792,382.256742
0.360411,0.027092,-0.031153,378.077281
0.777275,0.018223,-0.115840,269.231782
0.874934,0.012239,-0.142876,242.761372
0.183146,0.004046,-0.009677,422.401811
0.003715,0.006575,0.003476,466.108846
0.309934,0.065678,-0.024172,390.814514
0.202402,0.095044,-0.011599,417.639659
0.900462,0.024077,-0.150410,235.778809
0.650202,0.026931,-0.084825,303.112533
0.334926,0.092769,-0.027541,384.518420
0.528470,0.046303,-0.059430,334.986756
-0.000000,-0.000000,-0.000000,466.959152
0.547722,0.055055,-0.063169,329.982726
0.121172,0.045375,-0.004163,437.627696
0.605179,0.083365,-0.074946,314.965635
0.671942,0.000802,-0.091600,297.256297
0.294412,0.009365,-0.022164,394.714357
0.875455,0.091002,-0.143029,242.616795
0.475647,0.065981,-0.049702,348.643087
0.824980,0.038615,-0.128695,256.348125
0.095312,0.066920,-0.002166,443.940010
0.239977,0.006688,-0.015639,408.316210
0.333204,0.090382,-0.027304,384.952856
0.942965,0.040740,-0.163390,224.094272
0.004601,0.095356,0.003433,465.893200
0.060454,0.009689,0.000244,452.412907
0.714499,0.006747,-0.099936,286.048307
0.784198,0.067267,-0.117664,267.366237
0.206658,0.079728,-0.012038,416.586476
0.110799,0.026259,-0.003341,440.163360
0.026735,0.008939,0.002268,460.566109
0.390937,0.049154,-0.035712,370.327795
0.399763,0.055740,-0.037077,368.080700
0.169817,0.010668,-0.008405,425.688175
0.959030,0.021976,-0.168438,219.659404
0.688427,0.025004,-0.093666,292.986612
0.507507,0.026227,-0.055477,340.419679
0.479518,0.054317,-0.050389,347.646217
0.487027,0.098969,-0.051837,345.704131
0.248728,0.012186,-0.016634,406.136618
0.836811,0.044244,-0.131987,253.138941
0.056147,0.051221,0.000520,453.455480
0.329142,0.025728,-0.026747,385.979385
0.008644,0.085479,0.003230,464.921348
0.428303,0.084880,-0.041639,360.794657
0.206339,0.044298,-0.012005,416.666497
0.482474,0.079920,-0.050916,346.883500
0.052910,0.064014,0.000724,454.239106
0.638083,0.060650,-0.082109,306.310216
0.305617,0.072985,-0.023607,391.899304
0.148238,0.038932,-0.006445,430.994665
0.071709,0.009245,-0.000499,449.682543
0.889890,0.006828,-0.147266,238.674203
0.099925,0.088480,-0.002509,442.814838
0.925279,0.055084,-0.157923,228.964418
0.625807,0.053853,-0.079401,309.544682
0.482084,0.008750,-0.050846,346.986135
0.277926,0.089806,-0.020103,398.842892
0.000214,0.011834,0.000371,466.911785
0.848422,0.050564,-0.135258,249.983852
0.701909,0.036460,-0.096884,289.401431
0.093643,0.018574,-0.002044,444.347889
0.073579,0.008900,-0.000626,449.228421
0.936137,0.034010,-0.161268,225.976476
0.004084,0.074467,0.003459,466.018224
0.362397,0.052505,-0.031442,377.573466
0.776623,0.033173,-0.115669,269.406727
0.722657,0.001614,-0.103829,283.754578
0.533283,0.028993,-0.060355,333.737690
0.518499,0.000298,-0.057995,337.552305
0.045573,0.030525,0.001175,456.015601
0.004330,0.064382,0.003446,465.959335
0.620589,0.098616,-0.079744,310.835340
0.090384,0.051532,-0.001806,445.140526
0.637053,0.037775,-0.081880,306.582467
0.332328,0.020587,-0.027184,385.175968
0.973572,0.016318,-0.173076,215.635172
0.034509,0.001204,-0.000492,458.658048
0.234282,0.090121,-0.015001,409.730478
0.473063,0.064848,-0.049246,349.308592
0.005108,0.047306,0.003407,465.772767
0.000145,0.080273,0.000251,466.925038
0.195347,0.012149,-0.010884,419.387493
0.298671,0.036840,-0.022709,393.644825
0.719301,0.049921,-0.101113,284.766078
0.549927,0.000941,-0.064412,329.370400
0.614252,0.036236,-0.076890,312.584320
0.856832,0.045528,-0.137652,247.695728
0.143303,0.017324,-0.006015,432.206670
0.630887,0.088235,-0.080517,308.205802
0.121804,0.050645,-0.004214,437.472840
0.804085,0.066699,-0.122983,262.000994
0.166894,0.072067,-0.008131,426.406272
0.535139,0.059958,-0.060714,333.254558
0.737971,0.080202,-0.105749,279.776467
0.172326,0.011373,-0.008641,425.069972
0.711765,0.039865,-0.099270,286.776304
0.305439,0.072817,-0.023583,391.944031
0.326928,0.058438,-0.026445,386.536435
0.096589,0.093133,-0.002260,443.627967
0.006679,0.075966,0.003329,465.394197
0.202031,0.090415,-0.011561,417.731534
0.172614,0.092567,-0.008667,424.996742
0.902899,0.037124,-0.151140,235.110498
0.330379,0.039871,-0.026916,385.666884
0.872263,0.036620,-0.142099,243.489621
0.336914,0.006256,-0.027817,384.019300
0.353943,0.067549,-0.030220,379.713529
0.696373,0.089100,-0.095557,290.872851
0.078426,0.084614,-0.000957,448.048646
0.019958,0.057812,0.002639,462.198452
0.662636,0.083606,-0.087655,299.823177
0.030550,0.016395,0.002054,459.645301
0.125393,0.082595,-0.004506,436.593910
0.280805,0.020857,-0.020458,398.124083
0.083575,0.091182,-0.001318,446.796560
0.143322,0.029824,-0.006016,432.201634
0.620897,0.067558,-0.078330,310.836270
0.116611,0.080582,-0.003798,438.741732
0.316033,0.049879,-0.024978,389.280823
0.755273,0.018180,-0.110136,275.143039
0.842954,0.043755,-0.133712,251.470605
0.116561,0.063553,-0.003794,438.754613
0.242564,0.005396,-0.015931,407.672315
0.635000,0.051328,-0.081425,307.123093
0.425945,0.041697,-0.041254,361.399019
0.896070,0.027508,-0.149100,236.981911
0.638389,0.012205,-0.082177,306.230972
0.382797,0.094388,-0.034471,372.396186
0.072480,0.086800,-0.000550,449.493071
0.463958,0.053588,-0.047654,351.651651
0.876129,0.063094,-0.143225,242.433524
0.000209,0.054330,0.000362,466.911752
0.488990,0.056283,-0.052086,345.203596
0.946162,0.091642,-0.164389,223.210711
0.038128,0.080739,0.001619,457.813721
0.877904,0.051407,-0.143743,241.949359
0.731060,0.020149,-0.104021,281.626478
0.198831,0.034841,-0.011236,418.525022
0.543675,0.083844,-0.062375,331.034884
0.529969,0.087140,-0.059718,334.596241
0.473647,0.065766,-0.049349,349.158286
0.563471,0.011162,-0.066305,325.880537
0.731191,0.088001,-0.104054,281.589341
0.677014,0.074513,-0.090983,296.014332
0.347093,0.077255,-0.029244,381.445752
0.133362,0.019581,-0.005167,434.644303
0.503908,0.055065,-0.054810,341.349767
0.898756,0.000195,-0.149399,236.284579
0.200907,0.024724,-0.011447,418.011667
0.392249,0.044050,-0.035914,369.994022
0.459511,0.083284,-0.046885,352.793789
0.486253,0.062455,-0.051593,345.909583
0.541030,0.082590,-0.061858,331.722706
0.594365,0.057587,-0.072658,317.802108
0.630346,0.046164,-0.080397,308.349633
0.228357,0.010199,-0.014349,411.205563
0.613250,0.001610,-0.078097,312.771772
0.571980,0.040834,-0.068028,323.658714
0.029309,0.064961,0.002125,459.943379
0.982841,0.013543,-0.171436,213.442097
0.029290,0.089075,0.002126,459.947471
0.276004,0.000324,-0.018443,399.369200
0.233819,0.060225,-0.014950,409.846524
0.288055,0.027600,-0.021361,396.307937
0.514126,0.001530,-0.057123,338.687624
0.041753,0.063049,0.001404,456.938345
0.510373,0.037826,-0.056010,339.677537
0.042767,0.004782,0.001343,456.694799
0.932314,0.086049,-0.160087,227.027505
0.948904,0.085310,-0.165248,222.454335
0.088038,0.025630,-0.001637,445.712360
0.002752,0.056986,0.003524,466.338909
0.315982,0.005244,-0.024972,389.294797
0.952805,0.088435,-0.166474,221.377111
0.414230,0.043587,-0.039362,364.391903
0.595241,0.088230,-0.072843,317.571593
0.185172,0.009171,-0.009875,421.901439
0.487212,0.013867,-0.051766,345.663729
0.572656,0.093991,-0.068166,323.480572
0.334772,0.009107,-0.027521,384.559736
0.044610,0.067603,0.001233,456.247422
0.416447,0.042192,-0.039717,363.826040
0.499716,0.039048,-0.054039,342.433942
0.829505,0.096114,-0.129950,255.119524
0.104114,0.037448,-0.002826,441.794769
0.283866,0.011386,-0.020838,397.357970
0.581609,0.095278,-0.070003,321.140317
0.021617,0.082773,0.002550,461.797986
0.507662,0.038381,-0.055506,340.379233
0.414570,0.081960,-0.039416,364.303972
0.161977,0.091372,-0.007678,427.616157
0.726789,0.089011,-0.102961,282.765576
0.982471,0.091900,-0.172088,213.479393
0.105152,0.018933,-0.002905,441.541978
0.457150,0.056371,-0.046478,353.401128
0.506154,0.068729,-0.055226,340.768457
0.196864,0.090265,-0.011036,419.010082
0.517785,0.008127,-0.057400,337.758809
0.741040,0.060728,-0.106521,278.955605
0.419540,0.015543,-0.040215,363.036795
0.367340,0.035771,-0.032166,376.321057
0.689867,0.022639,-0.094007,292.604329
0.007096,0.052891,0.003308,465.294512
0.770137,0.065008,-0.113974,271.150062
0.061652,0.077590,0.000167,452.120538
0.000426,0.015444,0.000737,466.865177
0.078537,0.001159,-0.001955,448.007308
0.831059,0.069080,-0.130382,254.698937
0.131275,0.099683,-0.004829,435.156629
0.243560,0.061291,-0.016043,407.422688
0.022891,0.071789,0.002480,461.491082
0.000310,0.074634,0.000537,466.888963
0.153687,0.060653,-0.006928,429.655443
0.601798,0.075254,-0.074227,315.852972
0.106043,0.043986,-0.002973,441.323898
0.335452,0.093374,-0.027614,384.385609
0.663039,0.009592,-0.087748,299.718741
0.051680,0.023600,0.000800,454.538005
0.420906,0.054138,-0.040436,362.686597
0.972837,0.093052,-0.172841,215.836435
0.295604,0.006313,-0.022316,394.415455
0.342571,0.023622,-0.028606,382.590273
0.962277,0.049308,-0.169469,218.760649
0.371342,0.065871,-0.032756,375.305255
0.816179,0.099139,-0.127521,258.643648
0.768436,0.064450,-0.113532,271.607274
0.064032,0.063622,0.000012,451.543752
0.264582,0.046763,-0.018489,402.180407
0.866153,0.040961,-0.140330,245.156205
0.472609,0.088787,-0.049166,349.424854
0.694603,0.079663,-0.095134,291.343732
0.138684,0.005809,-0.005618,433.340030
0.008082,0.074546,0.003258,465.056752
0.299875,0.082736,-0.022863,393.341285
0.780684,0.087160,-0.116737,268.311995
0.140105,0.099113,-0.005423,432.995435
0.866899,0.075342,-0.140546,244.951786
0.675182,0.022300,-0.090555,296.501766
0.635346,0.083630,-0.081502,307.031145
0.969433,0.088146,-0.171751,216.779179
0.162847,0.047781,-0.007758,427.403146
0.249947,0.016332,-0.016774,405.832680
0.895453,0.074397,-0.148917,237.149373
0.541726,0.081362,-0.061994,331.541823
0.075801,0.098881,-0.001838,448.668527
0.031813,0.004379,0.001982,459.340802
0.863332,0.078224,-0.139517,245.924094
0.449730,0.062171,-0.045212,355.305826
0.331940,0.029724,-0.027130,385.273554
0.026596,0.015003,0.002275,460.599283
0.658774,0.005345,-0.086771,300.847293
0.360581,0.095514,-0.031177,378.032366
0.056457,0.089454,0.000501,453.379291
0.851378,0.036919,-0.136097,249.180405
0.381384,0.056885,-0.034258,372.756302
0.392539,0.028836,-0.035958,369.920674
0.036099,0.001217,-0.000529,458.274412
0.260860,0.098607,-0.016637,403.149325
0.881250,0.044305,-0.144722,241.035498
0.183267,0.080171,-0.009688,422.369724
0.979499,0.035462,-0.174985,213.992024
0.710564,0.052004,-0.098978,287.095855
0.981800,0.024338,-0.173218,213.558111
0.781410,0.070805,-0.116928,268.116791
0.874952,0.099081,-0.143018,242.743889
0.536341,0.053956,-0.060947,332.942374
0.031714,0.004886,0.001988,459.364747
0.363105,0.025150,-0.031545,377.394854
0.911796,0.033681,-0.153818,232.669821
0.618880,0.052943,-0.077891,311.367236
0.008354,0.009606,0.003244,464.993251
0.403612,0.015741,-0.037680,367.101245
0.563384,0.014986,-0.066287,325.903088
0.255582,0.033213,-0.017427,404.427316
0.234645,0.095724,-0.015042,409.640190
0.506408,0.037848,-0.055273,340.703647
0.270794,0.001483,-0.017812,400.671629
0.275476,0.085667,-0.019803,399.455962
0.085093,0.020781,-0.001426,446.429205
-0.000403,0.003671,-0.000699,467.047722
0.925892,0.014084,-0.158110,228.797248
0.606609,0.072656,-0.075251,314.590452
0.145331,0.064242,-0.006190,431.707737
0.821433,0.088618,-0.127717,257.307427
0.342043,0.090284,-0.028532,382.721661
0.099580,0.034121,-0.002484,442.900573
0.417872,0.055480,-0.039946,363.461684
0.900884,0.040538,-0.150537,235.662658
0.902142,0.017551,-0.150913,235.318484
0.546766,0.063204,-0.062981,330.231302
0.667642,0.098847,-0.090586,298.394087
0.646369,0.059438,-0.083962,304.123765
0.195601,0.053077,-0.010909,419.323361
0.543457,0.089025,-0.062332,331.091578
0.498093,0.091292,-0.053741,342.851975
0.388885,0.017764,-0.035398,370.850626
0.759728,0.052993,-0.111280,273.946639
0.037479,0.033114,0.001656,457.971954
0.385576,0.073572,-0.034893,371.690498
0.274948,0.010146,-0.019739,399.590294
0.738431,0.063804,-0.105865,279.653879
0.034954,0.048392,0.001803,458.581336
0.613650,0.030858,-0.076761,312.742599
0.954520,0.035927,-0.167013,220.905061
0.109829,0.021106,-0.003266,440.400263
0.374913,0.023763,-0.033287,374.400339
0.944590,0.016822,-0.163897,223.646741
0.000552,0.027596,0.000956,466.837074
0.898158,0.027270,-0.149722,236.409972
0.204137,0.099165,-0.010656,417.238325
0.296580,0.031006,-0.022441,394.169747
0.525668,0.017880,-0.058895,335.714526
0.556267,0.087590,-0.064862,327.756635
0.287768,0.083566,-0.021324,396.378156
0.326324,0.037322,-0.026363,386.689239
0.413167,0.016356,-0.039192,364.664041
0.719035,0.060410,-0.101047,284.836694
0.073656,0.014493,-0.000631,449.209356
0.453698,0.098986,-0.045623,354.297575
0.828783,0.013088,-0.129749,255.317876
0.167965,0.099172,-0.007499,426.158469
0.027372,0.057602,0.002233,460.410877
0.074321,0.040716,-0.000676,449.047280
0.090775,0.058591,-0.001834,445.045117
0.659201,0.078173,-0.086869,300.732274
0.117296,0.082186,-0.003852,438.574418
0.652325,0.040941,-0.085305,302.551225
0.982724,0.052911,-0.171599,213.456880
0.983319,0.087913,-0.170610,213.386765
0.378391,0.054273,-0.033807,373.516481
-0.000152,0.071239,-0.000264,466.990588
0.695887,0.069829,-0.095440,291.002662
0.624588,0.090648,-0.079134,309.864460
0.637627,0.067641,-0.082008,306.430155
0.027183,0.076931,0.002244,460.456064
0.245376,0.045925,-0.016250,406.970880
0.828517,0.031766,-0.129675,255.389565
0.104592,0.011420,-0.002863,441.678704
-0.000169,0.021079,-0.000293,466.995683
0.889155,0.053354,-0.147049,238.873856
0.431033,0.049528,-0.042088,360.097190
0.473980,0.011986,-0.049408,349.074006
0.695996,0.081382,-0.095467,290.973133
0.832384,0.036172,-0.130750,254.340550
0.784789,0.066230,-0.117821,267.207051
0.068403,0.087745,-0.000276,450.482790
0.348549,0.076647,-0.029450,381.077662
0.860792,0.063788,-0.138787,246.616637
0.753099,0.073723,-0.109580,275.724472
0.704981,0.000762,-0.099512,288.470008
0.758730,0.031813,-0.111023,274.215049
0.019577,0.030891,0.002659,462.290784
0.775108,0.049071,-0.115272,269.813854
0.860410,0.045077,-0.138677,246.721224
0.378492,0.057089,-0.033823,373.490718
0.284076,0.029455,-0.020864,397.304820
0.572587,0.069237,-0.068152,323.499401
0.867372,0.001658,-0.140998,244.802094
0.055997,0.079645,0.000530,453.491040
0.765905,0.013234,-0.112875,272.288988
0.381040,0.015153,-0.034206,372.844921
0.982749,0.042455,-0.171556,213.454283
0.568891,0.070007,-0.067400,324.464300
0.266884,0.040931,-0.018764,401.605412
0.129156,0.046103,-0.004816,435.673811
0.673895,0.042534,-0.090256,296.842455
0.768788,0.077313,-0.113624,271.512205
0.241942,0.081579,-0.015860,407.824922
0.943326,0.079383,-0.163503,223.993432
0.694800,0.090263,-0.095181,291.291059
0.337215,0.045850,-0.027859,383.942070
0.870772,0.001048,-0.141903,243.880372
0.274764,0.093188,-0.019716,399.633829
0.472830,0.043382,-0.049205,349.369389
0.579061,0.021299,-0.069477,321.808966
0.662750,0.059211,-0.087681,299.793836
0.746217,0.085578,-0.107829,277.568658
0.241627,0.063919,-0.015824,407.903792
0.059194,0.044095,0.000325,452.717431
0.740332,0.077032,-0.106343,279.144630
0.242616,0.083398,-0.015936,407.657065
0.058946,0.077880,0.000342,452.776382
0.767284,0.074907,-0.113233,271.916553
0.013370,0.035574,0.002987,463.785657
0.983102,0.042106,-0.170946,213.415413
0.060288,0.016541,0.000255,452.452964
0.085297,0.011602,-0.001441,446.379864
0.907356,0.065024,-0.152479,233.887351
0.034225,0.042337,0.001845,458.757558
0.000895,0.069059,0.001551,466.760517
0.382852,0.057334,-0.034480,372.383134
0.143618,0.096222,-0.006041,432.127205
0.944153,0.035614,-0.163760,223.766816
0.252685,0.018279,-0.017090,405.150195
0.708648,0.090771,-0.098513,287.605221
0.982605,0.082715,-0.171837,213.466578
0.959128,0.015670,-0.168469,219.632324
0.535698,0.088445,-0.060822,333.108458
0.060999,0.003914,0.000208,452.280894
0.427221,0.073131,-0.041463,361.071671
0.215685,0.042410,-0.012984,414.350174
0.422457,0.011302,-0.040687,362.291578
0.499877,0.057246,-0.054068,342.391809
0.543274,0.022565,-0.062296,331.141062
0.903624,0.099383,-0.150711,234.958351
0.964319,0.007570,-0.170117,218.197148
0.000048,0.079708,0.000083,466.946419
0.857191,0.076191,-0.137755,247.597039
0.853894,0.063918,-0.136813,248.494875
0.212450,0.073317,-0.012642,415.151557
0.122553,0.009670,-0.004275,437.290839
0.414500,0.048749,-0.039405,364.322816
0.329596,0.086632,-0.026809,385.863054
0.519670,0.091114,-0.057756,337.267821
0.723425,0.016274,-0.102128,283.666414
0.165608,0.005539,-0.008013,426.724888
0.500200,0.032597,-0.054127,342.309241
0.312739,0.092670,-0.024541,390.108340
0.226449,0.088050,-0.014140,411.677423
0.584945,0.017640,-0.070693,320.269872
0.057639,0.025232,0.000425,453.094752
0.574523,0.053778,-0.068547,322.994109
0.693176,0.075212,-0.094794,291.723343
0.911581,0.099119,-0.152859,232.795028
0.982050,0.091927,-0.172818,213.525862
0.117582,0.055631,-0.003875,438.505053
0.196740,0.054678,-0.011024,419.041762
0.250023,0.063743,-0.016782,405.812511
0.197071,0.033368,-0.011058,418.960407
0.567763,0.048777,-0.067172,324.759419
0.512544,0.000319,-0.056809,339.098164
0.849512,0.055297,-0.135567,249.687411
0.075161,0.098897,-0.001811,448.823700
0.904725,0.099160,-0.151008,234.659180
0.806927,0.085875,-0.123752,261.232419
0.677163,0.092673,-0.091018,295.974267
0.507842,0.023402,-0.055539,340.332998
0.385457,0.039561,-0.034875,371.721669
0.705655,0.014047,-0.097787,288.404900
0.964773,0.032360,-0.170262,218.070790
0.250428,0.084200,-0.016829,405.710898
0.208095,0.039359,-0.012187,416.231478
0.760088,0.094930,-0.111373,273.848533
0.712112,0.009358,-0.099354,286.684516
0.453787,0.066997,-0.045903,354.264472
0.401411,0.061398,-0.037335,367.660567
0.322761,0.088427,-0.025880,387.585682
0.061807,0.087248,0.000157,452.082666
0.185738,0.081450,-0.009930,421.759690
0.245351,0.039676,-0.016247,406.977312
0.162072,0.059562,-0.007687,427.593706
0.869661,0.099808,-0.141607,244.178630
0.133016,0.044231,-0.005138,434.728363
0.574848,0.060118,-0.068613,322.908944
0.540051,0.049108,-0.061667,331.978346
0.398782,0.076405,-0.036924,368.330078
0.574609,0.081354,-0.068565,322.970726
0.671171,0.027865,-0.089623,297.564737
0.728731,0.086450,-0.103442,282.246820
0.779491,0.042596,-0.116423,268.634347
0.815178,0.047408,-0.125999,259.002371
0.372236,0.040035,-0.032889,375.079314
0.655420,0.062589,-0.086008,301.732484
0.924741,0.011753,-0.157757,229.113965
0.671258,0.006465,-0.089643,297.542277
0.213698,0.058301,-0.012774,414.842437
0.407548,0.093875,-0.038300,366.095345
0.573365,0.043422,-0.068310,323.296716
0.779683,0.082174,-0.116474,268.581500
0.725608,0.018465,-0.102668,283.083224
0.216884,0.075488,-0.013111,414.051796
0.012756,0.074251,0.003019,463.932260
0.426402,0.033158,-0.041329,361.282300
0.349628,0.059461,-0.029603,380.805272
0.631245,0.037090,-0.080595,308.113226
0.046996,0.038513,0.001088,455.671069
0.575895,0.057859,-0.068828,322.635408
0.883812,0.075028,-0.145475,240.334169
0.289919,0.028581,-0.021595,395.840549
0.360883,0.074529,-0.031221,377.956308
0.050698,0.016272,0.000860,454.775825
0.372922,0.032193,-0.032991,374.905372
0.384583,0.004827,-0.034742,371.944746
0.517251,0.049093,-0.057299,337.896083
0.982145,0.003317,-0.172658,213.517640
0.609884,0.016715,-0.075951,313.732415
0.898180,0.081077,-0.149730,236.402098
0.950236,0.028204,-0.165665,222.088339
0.023498,0.033705,0.002446,461.345906
0.385257,0.072665,-0.034844,371.771473
0.562844,0.077632,-0.066179,326.042246
0.112318,0.070059,-0.003459,439.791101
0.876747,0.081918,-0.143406,242.264185
0.828192,0.022184,-0.129585,255.477827
0.330670,0.044857,-0.026956,385.593415
0.374815,0.062539,-0.033272,374.424093
0.125445,0.034944,-0.004511,436.582498
0.335984,0.073018,-0.027688,384.252051
0.637874,0.096178,-0.082063,306.364139
0.801460,0.055067,-0.122274,262.710501
0.725910,0.019339,-0.102742,283.002736
0.016140,0.066784,0.002842,463.117867
0.167692,0.076176,-0.008206,426.209625
0.981743,0.033933,-0.173305,213.565025
0.902775,0.064730,-0.151103,235.143528
0.554614,0.079292,-0.064533,328.187416
0.306484,0.054617,-0.023720,391.681989
0.642275,0.077486,-0.083044,305.203742
0.722071,0.006240,-0.101794,284.028266
0.261382,0.048986,-0.018109,402.979341
0.459539,0.070335,-0.046889,352.786956
0.616998,0.093750,-0.077484,311.860614
0.623602,0.001556,-0.080424,310.044080
0.982735,0.026447,-0.171595,213.455131
0.287530,0.098662,-0.019875,396.481260
0.553335,0.075428,-0.064279,328.520724
0.846314,0.034844,-0.134661,250.557652
0.462318,0.048314,-0.047370,352.073437
0.293552,0.023311,-0.022055,394.929580
0.110173,0.093878,-0.003291,440.314334
0.105576,0.016005,-0.002938,441.438711
0.219952,0.043233,-0.013439,413.291775
0.489198,0.045357,-0.052124,345.150188
0.108870,0.060037,-0.003191,440.633403
0.382238,0.052231,-0.034387,372.539460
0.830164,0.086180,-0.130133,254.941084
0.526726,0.054278,-0.059097,335.438898
0.094864,0.054962,-0.002133,444.049484
0.711743,0.057661,-0.099264,286.781511
0.627372,0.009977,-0.079744,309.134018
0.018834,0.083236,0.002699,462.468322
0.706123,0.050887,-0.097901,288.279015
0.009497,0.074574,0.003187,464.716527
0.689227,0.091532,-0.093856,292.772133
0.845957,0.012234,-0.134560,250.655437
0.318543,0.037062,-0.025313,388.649345
0.092145,0.069171,-0.001933,444.711375
0.356225,0.070064,-0.030548,379.136050
0.184872,0.066000,-0.009845,421.973824
0.938060,0.041834,-0.161864,225.446296
0.745408,0.090642,-0.107624,277.785253
0.517034,0.064747,-0.057258,337.951640
0.710700,0.050097,-0.099011,287.059688
0.973106,0.095647,-0.172928,215.761807
0.077187,0.074242,-0.000872,448.349973
0.200487,0.042210,-0.011404,418.115185
0.052451,0.023040,0.000752,454.351328
0.119754,0.014427,-0.004050,437.975244
0.809078,0.054606,-0.124336,260.652009
0.831669,0.095754,-0.130552,254.532738
0.324819,0.027743,-0.026159,387.068813
0.388723,0.008702,-0.035373,370.892066
0.390432,0.052996,-0.035634,370.456239
0.333997,0.021570,-0.027414,384.754798
0.767909,0.086971,-0.113395,271.748319
0.335753,0.091279,-0.027656,384.309671
0.950188,0.008663,-0.165650,222.102150
0.149345,0.094933,-0.006542,430.721188
0.587097,0.029335,-0.071139,319.706413
0.242884,0.023783,-0.015967,407.592039
0.222932,0.027452,-0.013759,412.552570
0.855574,0.015220,-0.137292,248.039199
0.564650,0.070496,-0.066542,325.571303
0.409850,0.016439,-0.038664,365.510350
0.320105,0.033894,-0.025523,388.256181
0.093348,0.052251,-0.002022,444.418792
0.502401,0.004816,-0.054532,341.740894
0.033337,0.075003,0.001896,458.971043
0.151158,0.054131,-0.006703,430.277153
0.017089,0.023028,0.002791,462.890335
0.657622,0.076926,-0.086509,301.149750
0.324134,0.090010,-0.026065,387.239635
0.093167,0.093543,-0.002008,444.461687
0.215315,0.011919,-0.012945,414.442897
0.971070,0.048803,-0.172274,216.327157
0.357042,0.084004,-0.030665,378.928869
0.922864,0.000318,-0.155914,229.727942
0.209750,0.048162,-0.012360,415.821251
0.872786,0.098570,-0.142440,243.331268
0.274221,0.040394,-0.019650,399.771139
0.757984,0.020655,-0.110831,274.415532
0.431463,0.073611,-0.042158,359.986551
0.692797,0.052732,-0.094703,291.824739
0.166923,0.087092,-0.008134,426.398838
0.448768,0.012397,-0.045049,355.554120
0.000494,0.068913,0.000855,466.848789
0.270206,0.014095,-0.019164,400.776053
0.425695,0.068828,-0.041213,361.462024
0.148707,0.088809,-0.006486,430.878089
0.501056,0.093444,-0.054285,342.086156
0.284245,0.091890,-0.020884,397.260673
0.409296,0.079004,-0.038576,365.650049
0.104049,0.087134,-0.002820,441.809144
0.389249,0.094148,-0.035453,370.755788
0.143602,0.073301,-0.006040,432.131758
0.050879,0.025204,0.000849,454.731904
0.152462,0.095451,-0.006818,429.955618
0.178057,0.052929,-0.009185,423.655968
0.420062,0.057965,-0.040299,362.902032
0.203637,0.052086,-0.011726,417.335341
0.827254,0.057216,-0.129325,255.731117
0.222675,0.014069,-0.013732,412.616734
0.863406,0.099852,-0.139943,245.874025
0.275650,0.068029,-0.019824,399.412839
0.802148,0.052587,-0.122459,262.524820
0.823284,0.064029,-0.128227,256.806868
0.911724,0.029845,-0.153796,232.689936
0.189430,0.094598,-0.010293,420.847542
0.229222,0.012323,-0.014444,410.990743
0.766804,0.092469,-0.113108,272.044906
0.749296,0.038205,-0.108611,276.745192
0.654119,0.089005,-0.085712,302.075710
0.245519,0.029653,-0.016266,406.935757
0.058620,0.040284,0.000362,452.856472
0.091587,0.023085,-0.001893,444.848395
0.827932,0.020297,-0.129512,255.548488
0.000118,0.011091,0.000205,466.932879
0.721756,0.098640,-0.103607,283.992105
0.910783,0.010293,-0.153512,232.948826
0.233142,0.050500,-0.014875,410.015223
0.227907,0.027188,-0.014300,411.316838
0.961817,0.092016,-0.169323,218.886598
0.190461,0.035258,-0.010396,420.594376
0.641574,0.011626,-0.082887,305.390748
0.161433,0.089175,-0.007628,427.750026
0.304265,0.031531,-0.023431,392.240259
0.186683,0.000058,-0.009068,421.551574
0.005518,0.078781,0.003387,465.673243
0.316675,0.029487,-0.025064,389.119747
0.214301,0.027053,-0.012838,414.693882
0.908091,0.030116,-0.152700,233.686659
0.952667,0.099176,-0.164028,221.604831
0.778762,0.053250,-0.116231,268.830462
0.155846,0.036741,-0.007122,429.125663
0.900381,0.024607,-0.150386,235.801049
0.332215,0.000094,-0.025884,385.248867
0.022793,0.015941,0.002485,461.516390
0.023120,0.021827,0.002467,461.437416
0.366149,0.078441,-0.031990,376.621781
0.127566,0.019011,-0.004685,436.063862
0.768990,0.066851,-0.113676,271.458269
0.147526,0.050076,-0.006382,431.169332
0.354771,0.046954,-0.030339,379.504666
0.576193,0.040081,-0.068889,322.558022
0.018515,0.095680,0.002717,462.545022
0.897891,0.020005,-0.149643,236.483324
0.849980,0.007727,-0.135699,249.561672
0.983309,0.085888,-0.170623,213.388286
0.029485,0.086163,0.002115,459.900535
0.039373,0.051242,0.001545,457.513780
0.434735,0.021898,-0.042699,359.150376
0.573819,0.022594,-0.068403,323.178956
0.819941,0.055710,-0.127306,257.712634
0.729311,0.032100,-0.103586,282.093580
0.508977,0.092593,-0.055750,340.037315
0.189963,0.070984,-0.010346,420.716463
0.969837,0.095944,-0.171880,216.667244
0.000361,0.011614,0.000625,466.879480
0.108587,0.045996,-0.003169,440.702758
0.444348,0.050047,-0.044303,356.686659
0.595299,0.046491,-0.072855,317.557640
0.265230,0.052631,-0.018566,402.018283
0.435252,0.079137,-0.042784,359.016277
0.176388,0.015870,-0.009026,424.068588
0.369741,0.073373,-0.032519,375.711210
0.156655,0.063189,-0.007194,428.925926
0.597899,0.006056,-0.073402,316.877578
0.810039,0.091684,-0.124598,260.391017
0.352345,0.032203,-0.029991,380.118910
0.747678,0.048352,-0.108199,277.178449
0.684045,0.069275,-0.092631,294.149119
0.085071,0.067178,-0.001424,446.433235
0.215329,0.026466,-0.012946,414.439060
0.055424,0.016007,0.000565,453.631553
0.031473,0.081000,0.002003,459.420926
0.126478,0.028035,-0.004595,436.329798
0.218713,0.094692,-0.013306,413.597663
0.315408,0.013779,-0.024896,389.439119
0.749061,0.082290,-0.108551,276.806679
0.392413,0.060616,-0.035939,369.951977
0.466055,0.016233,-0.048019,351.113478
0.306580,0.029045,-0.023733,391.658468
0.621351,0.099514,-0.079916,310.634601
0.082424,0.023127,-0.001238,447.078212
0.213216,0.077720,-0.012723,414.961540
0.094088,0.064103,-0.002076,444.238182
0.415313,0.046895,-0.039535,364.115270
0.263385,0.083414,-0.018346,402.478280
0.165431,0.075934,-0.007996,426.766570
0.109107,0.034256,-0.003209,440.576149
0.100958,0.080410,-0.002586,442.563214
-0.000068,0.080248,-0.000117,466.971767
0.758432,0.031873,-0.110946,274.294955
0.052461,0.066251,0.000752,454.347765
0.815424,0.035953,-0.126067,258.935917
0.213167,0.028607,-0.012718,414.974972
0.676714,0.067015,-0.090913,296.094287
0.401634,0.079846,-0.037370,367.603328
0.046088,0.030714,0.001143,455.890844
0.144019,0.034853,-0.006077,432.030494
0.675267,0.006409,-0.090575,296.479873
0.080950,0.014930,-0.001134,447.436996
0.390092,0.020143,-0.035582,370.543654
0.467011,0.001397,-0.048066,350.873262
0.590039,0.081076,-0.071753,318.934496
0.502136,0.079650,-0.054484,341.807282
0.068094,0.071990,-0.000256,450.558140
0.704928,0.020487,-0.097612,288.598189
0.543790,0.034498,-0.062397,331.006489
0.112276,0.031213,-0.003456,439.802473
0.667000,0.078902,-0.088659,298.668104
0.474162,0.030451,-0.049440,349.026721
0.402605,0.072998,-0.037522,367.355959
0.850989,0.074404,-0.135986,249.285133
0.184517,0.047010,-0.009811,422.062018
0.254296,0.024158,-0.017278,404.748144
0.358798,0.099776,-0.029791,378.524169
0.352091,0.055780,-0.029954,380.182656
0.884082,0.093512,-0.145555,240.259679
0.979366,0.095606,-0.174943,214.026975
0.056132,0.056603,0.000521,453.458866
0.464698,0.023649,-0.047783,351.462230
0.422584,0.004944,-0.040708,362.259144
0.246822,0.009081,-0.016415,406.611567
0.207149,0.058700,-0.012089,416.465292
0.543441,0.078227,-0.062329,331.095897
0.310435,0.061943,-0.024238,390.688648
0.790330,0.066791,-0.119292,265.713585
0.945887,0.084173,-0.164303,223.286722
0.941891,0.099116,-0.161087,224.542524
0.875671,0.064565,-0.143091,242.558570
0.870169,0.016854,-0.141491,244.061646
0.682988,0.087286,-0.092383,294.429039
0.295181,0.016618,-0.022262,394.521327
0.503552,0.042997,-0.054745,341.442175
0.449329,0.068196,-0.045144,355.408518
0.240921,0.004735,-0.015745,408.081356
0.822715,0.053708,-0.128070,256.961276
0.005224,0.007992,0.003401,465.745936
0.139211,0.060991,-0.005662,433.209406
0.760027,0.038486,-0.111357,273.866646
0.825650,0.086998,-0.128881,256.165130
0.362486,0.068699,-0.031455,377.550347
0.969190,0.023974,-0.171672,216.848585
0.650592,0.052265,-0.084913,303.008707
0.805550,0.092562,-0.123379,261.604436
0.867635,0.030225,-0.140758,244.752459
0.181868,0.080946,-0.009553,422.714909
0.159109,0.065154,-0.007416,428.322458
0.659747,0.040310,-0.086994,300.588884
0.346123,0.035013,-0.029107,381.692168
0.326754,0.098616,-0.025111,386.623229
0.074888,0.084221,-0.000714,448.908142
0.737880,0.069813,-0.105726,279.801141
0.271096,0.039454,-0.019271,400.552772
0.200712,0.001672,-0.010335,418.087851
0.289429,0.051190,-0.021533,395.962872
0.135836,0.061672,-0.005375,434.036717
0.626479,0.011233,-0.079548,309.368964
0.648963,0.035697,-0.084546,303.439667
0.475124,0.056112,-0.049610,348.778247
0.322471,0.093056,-0.025841,387.658606
0.743896,0.099097,-0.109088,278.072391
0.569741,0.084876,-0.067573,324.242008
0.480255,0.016014,-0.050520,347.457586
0.264134,0.007964,-0.018436,402.293403
0.819192,0.086234,-0.127100,257.914423
0.158239,0.080663,-0.007337,428.535910
0.419125,0.031482,-0.040148,363.142221
0.175478,0.054750,-0.008939,424.291951
0.635070,0.080594,-0.081441,307.103905
0.277423,0.012682,-0.020042,398.970849
0.181475,0.008551,-0.009515,422.813943
0.665900,0.012511,-0.088405,298.961412
0.723888,0.066338,-0.102243,283.541259
0.955435,0.027316,-0.167302,220.652709
0.058499,0.001690,-0.001178,452.862915
0.605621,0.026234,-0.075040,314.851375
0.050678,0.026298,0.000862,454.780414
0.980180,0.007260,-0.175205,213.804182
0.904751,0.045765,-0.151696,234.602232
0.232970,0.011317,-0.014857,410.059014
0.915397,0.051314,-0.154909,231.680644
0.724959,0.082927,-0.102507,283.254617
0.083369,0.035414,-0.001304,446.848112
0.271176,0.073011,-0.019280,400.531800
0.553492,0.024588,-0.064310,328.481456
0.466601,0.031497,-0.048114,350.972604
0.627833,0.049512,-0.079845,309.011504
0.609106,0.009503,-0.075785,313.936741
0.221643,0.075463,-0.013620,412.871033
0.295994,0.038005,-0.022366,394.316522
0.326804,0.024560,-0.026428,386.568772
0.020699,0.084676,0.002599,462.019052
0.650231,0.047660,-0.084832,303.104301
0.729650,0.060796,-0.103670,282.002263
0.706810,0.069861,-0.098067,288.095552
0.377249,0.035782,-0.033636,373.806988
0.117804,0.036935,-0.003893,438.451335
0.961380,0.099474,-0.166412,219.227957
0.978638,0.093244,-0.174708,214.228965
0.567206,0.066021,-0.067059,324.904329
0.957673,0.063513,-0.168009,220.033007
0.573884,0.090736,-0.068416,323.159825
-0.000508,0.068338,-0.000880,467.068911
0.517202,0.042119,-0.057290,337.908950
0.216033,0.058102,-0.013021,414.263576
0.048008,0.094815,0.001027,455.424527
0.850377,0.079626,-0.135813,249.451429
0.283912,0.060545,-0.020843,397.345068
0.124138,0.000305,-0.004372,436.904052
0.442673,0.057931,-0.044021,357.115899
0.508642,0.063317,-0.055688,340.124763
0.983255,0.087029,-0.170719,213.394054
0.794202,0.054214,-0.120325,264.669526
0.694066,0.070839,-0.095006,291.486759
0.665414,0.021149,-0.088293,299.089843
0.609437,0.017839,-0.075855,313.849657
0.176084,0.044128,-0.008997,424.142732
0.303143,0.078267,-0.023285,392.520723
0.432907,0.031416,-0.042397,359.618183
0.609718,0.058079,-0.075916,313.774719
0.699531,0.058622,-0.096313,290.033751
0.255495,0.083222,-0.017417,404.447402
0.168679,0.019929,-0.008298,425.968230
0.170381,0.047847,-0.008457,425.548239
0.738174,0.030934,-0.105800,279.723668
0.419148,0.014216,-0.040152,363.136964
0.944143,0.071456,-0.163758,223.768189
0.734089,0.068499,-0.104777,280.815117
0.369439,0.022340,-0.032475,375.789363
0.006672,0.014741,0.003329,465.397636
0.055899,0.098550,-0.001091,453.489317
0.361339,0.076165,-0.031288,377.840796
0.722290,0.015507,-0.101848,283.969520
0.310475,0.049625,-0.024243,390.678770
0.030231,0.005333,0.002072,459.722754
0.264699,0.057374,-0.018503,402.150784
0.725245,0.010996,-0.102578,283.180545
0.388890,0.067954,-0.035398,370.847836
0.900010,0.032684,-0.150275,235.902320
0.130528,0.085247,-0.004929,435.336667
0.634766,0.015283,-0.081373,307.186011
0.547153,0.014578,-0.063057,330.132197
0.110223,0.061007,-0.003296,440.303006
0.646034,0.094834,-0.083887,304.211060
0.724510,0.070359,-0.102396,283.374858
0.477501,0.036730,-0.050030,348.166444
0.181284,0.099057,-0.008602,422.879669
0.218231,0.083476,-0.013254,413.717594
0.807164,0.001715,-0.125181,261.077713
0.910856,0.095620,-0.153535,232.925928
0.305606,0.008881,-0.023606,391.903992
0.861577,0.007490,-0.139011,246.404614
0.023415,0.059694,0.002451,461.365154
0.275756,0.021952,-0.019838,399.387802
0.636205,0.056469,-0.081692,306.805515
0.825568,0.065744,-0.128858,256.187882
0.389966,0.038206,-0.035563,370.575023
0.022920,0.091965,0.002479,461.483476
0.911734,0.021671,-0.153800,232.687208
0.217196,0.083724,-0.013144,413.974232
0.905067,0.034271,-0.151790,234.516083
0.655652,0.070707,-0.086060,301.670820
0.000290,0.002548,0.000502,466.895426
0.080272,0.066562,-0.001086,447.600362
0.450507,0.042820,-0.045344,355.107101
-0.000071,0.077229,-0.000123,466.972628
0.518991,0.037945,-0.057627,337.445430
0.981819,0.090154,-0.173213,213.551684
0.179346,0.027967,-0.009310,423.338623
0.061315,0.071832,0.000189,452.202348
0.088248,0.013758,-0.001652,445.661622
0.539060,0.019175,-0.061474,332.236790
0.087994,0.031942,-0.001633,445.722917
0.481426,0.000452,-0.050770,347.154302
0.061750,0.069508,0.000161,452.097030
0.523859,0.030069,-0.058550,336.183415
0.825588,0.046330,-0.128863,256.183056
0.177912,0.054005,-0.009172,423.691680
0.642268,0.049573,-0.083042,305.206638
0.137889,0.099928,-0.005270,433.538197
0.556514,0.034877,-0.064911,327.693690
0.877317,0.064329,-0.143572,242.109237
0.495534,0.062140,-0.053274,343.513842
0.141938,0.072752,-0.005896,432.540061
0.269351,0.085390,-0.019060,400.987518
0.023503,0.013812,0.002446,461.345184
0.884951,0.008565,-0.145809,240.024806
0.827419,0.073724,-0.129371,255.685844
0.235847,0.038858,-0.015176,409.342945
0.111896,0.008254,-0.003427,439.895824
0.600069,0.098433,-0.075169,316.236058
0.445494,0.077756,-0.044496,356.391977
0.137572,0.011109,-0.005523,433.612579
0.929406,0.043456,-0.159190,227.829527
0.727466,0.078880,-0.103128,282.585255
0.172003,0.001151,-0.007826,425.167920
0.003926,0.064364,0.003466,466.056507
0.887827,0.082236,-0.146658,239.236193
0.083102,0.005126,-0.001285,446.914059
0.139699,0.080913,-0.005704,433.089010
0.008408,0.036057,0.003241,464.979404
0.854035,0.011747,-0.136853,248.458253
0.766180,0.056044,-0.112946,272.213905
0.796402,0.001171,-0.122402,263.977297
0.187090,0.058618,-0.010063,421.426415
0.005102,0.063169,0.003408,465.773788
0.315398,0.069092,-0.024894,389.439883
0.014557,0.050039,0.002925,463.499446
0.484385,0.079747,-0.051258,346.390833
0.000805,0.010263,0.001394,466.782075
0.023341,0.042740,0.002455,461.383546
0.667578,0.057754,-0.088792,298.515705
-0.000355,0.072006,-0.000614,467.035104
0.774514,0.042359,-0.115117,269.973701
0.097333,0.060514,-0.002316,443.447517
0.235366,0.091461,-0.015122,409.461067
0.451776,0.054062,-0.045560,354.780993
0.358981,0.067756,-0.030946,378.438197
0.628075,0.052245,-0.079898,308.947542
0.052144,0.006695,0.000771,454.426006
0.328599,0.050667,-0.026672,386.115530
-0.000777,0.025999,-0.001346,467.129298
0.940570,0.018850,-0.162644,224.755262
0.094696,0.000350,-0.002709,444.081419
0.147791,0.018087,-0.006406,431.104977
0.422908,0.091634,-0.040760,362.173822
0.117257,0.049417,-0.003849,438.584704
0.576650,0.092356,-0.068982,322.436960
0.132756,0.082652,-0.005115,434.790932
0.175486,0.075080,-0.008940,424.289407
0.424836,0.099679,-0.040508,361.703757
0.203893,0.028761,-0.011753,417.272532
0.361080,0.070187,-0.031250,377.906658
0.801905,0.082397,-0.122394,262.589497
0.299204,0.064723,-0.022777,393.510187
0.369313,0.048951,-0.032456,375.820451
0.333705,0.048943,-0.027373,384.827868
0.217318,0.036604,-0.013158,413.945356
0.781954,0.055258,-0.117072,267.970990
0.981610,0.043524,-0.173530,213.579989
0.337125,0.098592,-0.026587,384.006557
0.981943,0.057320,-0.172953,213.542777
0.624790,0.025294,-0.079178,309.813161
0.839574,0.074903,-0.132762,252.387795
0.070823,0.098380,-0.001634,449.875566
0.253198,0.034418,-0.017150,405.021747
0.589104,0.014627,-0.071557,319.181590
0.545392,0.078352,-0.062711,330.588379
0.476136,0.092592,-0.049789,348.516517
0.283356,0.054520,-0.020774,397.484392
0.830390,0.053351,-0.130195,254.880874
0.060278,0.089839,0.000256,452.453211
0.815562,0.014270,-0.126104,258.899347
0.147030,0.071696,-0.006339,431.290474
0.069073,0.028291,-0.000322,450.321897
0.148282,0.033718,-0.006449,430.984019
0.171360,0.031212,-0.008549,425.307439
0.393534,0.017481,-0.036112,369.667979
0.118938,0.013561,-0.003984,438.174790
0.280950,0.044961,-0.020476,398.087101
0.592819,0.028271,-0.072334,318.208124
0.641376,0.043444,-0.082843,305.441992
0.552458,0.067006,-0.064105,328.749568
0.184875,0.004204,-0.009846,421.975015
0.191423,0.087191,-0.010491,420.355138
0.981945,0.033226,-0.172956,213.542721
0.135930,0.099105,-0.005138,434.017748
0.006735,0.065604,0.003326,465.381149
0.108455,0.030348,-0.003159,440.735503
0.213152,0.000148,-0.011523,415.010337
0.768068,0.011385,-0.113436,271.707870
0.426560,0.096017,-0.041355,361.239962
0.523259,0.056533,-0.058436,336.338243
0.182565,0.016682,-0.009621,422.544743
0.248536,0.000978,-0.015231,406.223735
0.363476,0.064737,-0.031599,377.299809
0.870182,0.039899,-0.141495,244.057422
0.236241,0.061277,-0.015220,409.244149
0.307248,0.012936,-0.023820,391.491207
0.897208,0.079835,-0.149440,236.668354
0.368254,0.080874,-0.032300,376.088150
0.710632,0.009427,-0.098994,287.079081
0.058031,0.053340,0.000400,452.998967
0.699613,0.014615,-0.096332,290.013246
0.139691,0.099396,-0.005394,433.096861
0.186203,0.071116,-0.009975,421.645195
0.588406,0.009293,-0.071412,319.364364
0.758817,0.024599,-0.111045,274.191982
0.393249,0.060048,-0.036068,369.739021
0.354656,0.051824,-0.030322,379.533683
0.262835,0.037481,-0.018281,402.616861
0.879218,0.025127,-0.144127,241.591044
0.840557,0.001192,-0.133900,252.062016
0.180507,0.087517,-0.009421,423.050518
0.982723,0.086591,-0.171640,213.452779
0.255452,0.078870,-0.017412,404.458270
0.061004,0.004605,0.000208,452.279695
0.833578,0.013178,-0.131083,254.017394
0.470043,0.041934,-0.048716,350.086567
0.723663,0.050308,-0.102187,283.601711
0.077194,0.014354,-0.000873,448.350038
-0.000137,0.097494,-0.000237,466.986515
0.982216,0.003489,-0.172534,213.509844
0.421913,0.072071,-0.040599,362.428784
0.293025,0.049765,-0.021988,395.061193
0.186073,0.083251,-0.009962,421.676990
0.947759,0.001261,-0.162688,222.946129
0.329588,0.093379,-0.026807,385.864879
0.000361,0.028131,0.000625,466.879102
0.364463,0.070501,-0.031743,377.049500
0.390769,0.023267,-0.035686,370.371258
0.982476,0.061095,-0.172031,213.483652
0.770109,0.068466,-0.113967,271.157584
0.044943,0.025486,0.001212,456.167935
0.648326,0.099353,-0.086078,303.510989
0.525330,0.069050,-0.058830,335.800704
0.234317,0.022194,-0.015006,409.723768
0.193758,0.001657,-0.009697,419.805783
0.427292,0.042384,-0.041474,361.054485
0.604229,0.051115,-0.074743,315.215925
0.632971,0.059222,-0.080976,307.657803
0.633621,0.049876,-0.081120,307.486599
0.175966,0.077856,-0.008985,424.170944
0.287637,0.022661,-0.021308,396.412846
0.551282,0.001495,-0.064694,329.017002
0.656030,0.022059,-0.086146,301.572613
0.676516,0.026219,-0.090866,296.148002
0.948493,0.035804,-0.165118,222.569304
0.738607,0.031750,-0.105909,279.607690
0.655947,0.012752,-0.086127,301.594677
0.428197,0.022626,-0.041622,360.823537
0.932838,0.024976,-0.160248,226.885286
0.642795,0.031512,-0.083160,305.067982
0.181225,0.046591,-0.009491,422.874631
0.047762,0.010262,0.001041,455.486583
0.982871,0.078538,-0.171368,213.437937
0.610296,0.083224,-0.076040,313.622070
0.451932,0.040919,-0.045586,354.741516
0.306004,0.037427,-0.023657,391.802985
0.723838,0.023574,-0.102230,283.555869
0.459963,0.081741,-0.046963,352.677718
0.778299,0.014265,-0.116109,268.956218
0.683961,0.019083,-0.092611,294.172846
0.229254,0.013069,-0.014447,410.982721
0.604107,0.072816,-0.074718,315.247085
0.062823,0.084935,0.000091,451.836492
0.327669,0.055899,-0.026546,386.349797
0.850291,0.061429,-0.135788,249.475389
0.067502,0.091412,-0.000216,450.701191
0.273728,0.072589,-0.019590,399.893646
0.792953,0.028470,-0.119991,265.007453
0.926644,0.049667,-0.158342,228.589117
0.235131,0.071329,-0.015096,409.520030
0.661198,0.013383,-0.087325,300.205999
0.041405,0.010713,0.001424,457.023833
0.468947,0.021947,-0.048524,350.369351
0.645906,0.063622,-0.083858,304.245805
0.456352,0.061761,-0.046341,353.606028
0.226623,0.038489,-0.014160,411.635603
0.208672,0.086342,-0.012247,416.087395
0.298036,0.095633,-0.022627,393.802486
0.193984,0.026819,-0.010747,419.723898
0.981915,0.059536,-0.173003,213.545718
0.829685,0.044935,-0.129999,255.072445
0.831096,0.034637,-0.130391,254.690165
0.604101,0.086405,-0.074716,315.248420
0.235893,0.007826,-0.015181,409.332297
0.408143,0.056392,-0.038394,365.944804
0.667360,0.043310,-0.088742,298.573900
0.242226,0.001065,-0.014534,407.794407
0.192635,0.043283,-0.010612,420.057061
0.982202,0.016081,-0.172536,213.512830
0.116089,0.032924,-0.003757,438.870763
0.147556,0.078072,-0.006385,431.161041
0.065390,0.098723,-0.001425,451.191909
0.243892,0.047348,-0.016081,407.340251
0.333983,0.073536,-0.027411,384.756972
0.217774,0.035532,-0.013206,413.832395
0.982877,0.043978,-0.171335,213.440266
0.443021,0.025421,-0.044080,357.027545
0.843669,0.069700,-0.133914,251.275376
0.833537,0.070193,-0.131072,254.026760
0.313045,0.074678,-0.024582,390.031844
0.033504,0.032981,0.001886,458.931898
0.169837,0.007252,-0.008407,425.683424
0.341670,0.086487,-0.028480,382.815851
0.710910,0.091239,-0.099062,287.002593
0.394495,0.045859,-0.036260,369.422414
0.834784,0.017672,-0.131420,253.690038
0.089255,0.016109,-0.001724,445.416364
0.981712,0.041488,-0.173354,213.568700
0.665531,0.054195,-0.088321,299.057785
0.433398,0.043619,-0.042478,359.492042
0.160381,0.006284,-0.007533,428.011279
0.597889,0.005268,-0.073400,316.879968
0.231049,0.083728,-0.014644,410.534554
0.206180,0.007016,-0.011989,416.706944
0.689474,0.053291,-0.093914,292.707601
0.507283,0.036773,-0.055435,340.477207
0.492141,0.004143,-0.052657,344.391849
0.076599,0.035118,-0.000832,448.493917
0.747378,0.092480,-0.108124,277.257384
0.037359,0.032192,0.001663,458.000973
0.103236,0.023734,-0.002759,442.009270
0.970933,0.048831,-0.172230,216.365282
-0.000010,0.083910,-0.000017,466.959002
0.322075,0.030107,-0.025788,387.760153
0.134605,0.005644,-0.005272,434.339928
0.467615,0.066303,-0.048291,350.710718
0.062443,0.069270,0.000116,451.929071
0.554209,0.092790,-0.064452,328.292633
0.071671,0.078364,-0.000496,449.689592
0.284176,0.038475,-0.020876,397.279522
0.337868,0.020402,-0.027950,383.777836
0.035520,0.037365,0.001770,458.444993
0.619851,0.016348,-0.078102,311.112789
0.681423,0.044371,-0.092015,294.845684
0.007959,0.092970,0.003265,465.085950
0.112301,0.071955,-0.003458,439.795162
0.248276,0.099910,-0.015203,406.285772
0.771675,0.099544,-0.116079,270.623571
0.022384,0.001335,-0.000249,461.579125
0.155613,0.014866,-0.007101,429.183375
0.726379,0.099919,-0.104745,282.757158
0.715331,0.014359,-0.100140,285.826147
0.496235,0.071200,-0.053401,343.332642
0.982010,0.079979,-0.172861,213.532625
0.310277,0.013344,-0.024217,390.729721
0.025030,0.028723,0.002362,460.976707
0.738191,0.056459,-0.105805,279.718212
0.498540,0.000776,-0.054057,342.728425
0.348569,0.081560,-0.029453,381.072583
0.166830,0.046099,-0.008126,426.422806
0.841434,0.016254,-0.133284,251.884260
0.553452,0.024506,-0.064302,328.491794
0.566002,0.093780,-0.066815,325.217782
0.025602,0.075165,0.002331,460.837375
0.190361,0.028796,-0.010386,420.619401
0.511605,0.064976,-0.056240,339.357899
0.497650,0.016649,-0.053660,342.968636
0.712285,0.092798,-0.099397,286.636038
0.326667,0.095149,-0.026409,386.601145
0.032510,0.056967,0.001943,459.171213
0.263556,0.023987,-0.018367,402.437239
0.474053,0.043141,-0.049421,349.054366
0.357995,0.027217,-0.030803,378.689181
0.681026,0.013960,-0.091922,294.951885
0.786211,0.069433,-0.118198,266.823790
0.488332,0.099329,-0.052086,345.366843
0.060584,0.029035,0.000236,452.380860
0.071051,0.039895,-0.000454,449.841202
0.752965,0.068557,-0.109546,275.760501
0.412932,0.091415,-0.039155,364.721732
0.650504,0.080115,-0.084894,303.031041
0.858077,0.083313,-0.138009,247.355428
0.928454,0.038102,-0.158897,228.091707
0.568466,0.058100,-0.067314,324.575585
0.300322,0.011979,-0.022921,393.231134
0.305662,0.054388,-0.023613,391.888520
0.703773,0.045140,-0.097333,288.905044
0.109739,0.040621,-0.003258,440.421801
0.060649,0.049404,0.000232,452.364393
0.184028,0.091032,-0.009762,422.181550
0.127355,0.001062,-0.004576,436.117898
0.340739,0.081844,-0.028350,383.051308
0.191686,0.001804,-0.009511,420.317138
0.248513,0.088118,-0.016608,406.187991
0.378676,0.065486,-0.033850,373.443828
0.563511,0.028355,-0.066313,325.869595
-0.000508,0.035989,-0.000879,467.069695
0.820487,0.014951,-0.127456,257.565925
0.402484,0.079490,-0.037503,367.386645
0.523686,0.070106,-0.058517,336.227040
0.489608,0.052267,-0.052198,345.044345
0.181130,0.038277,-0.009482,422.898410
0.814665,0.026999,-0.125859,259.141585
0.004432,0.058210,0.003441,465.935012
0.142306,0.092177,-0.005928,432.449234
0.370489,0.001061,-0.031585,375.561873
0.422749,0.048079,-0.040734,362.215860
0.167607,0.075658,-0.008198,426.230740
0.446691,0.077759,-0.044697,356.085071
0.349074,0.047261,-0.029525,380.945885
0.063753,0.071112,0.000030,451.611369
0.981757,0.079335,-0.173299,213.560676
0.601552,0.099165,-0.075496,315.846329
0.335751,0.032234,-0.027656,384.312098
0.492067,0.025592,-0.052643,344.410210
0.082897,0.033405,-0.001271,446.962890
0.722896,0.023721,-0.101997,283.807359
0.667749,0.099391,-0.090611,298.365753
0.937001,0.092132,-0.161536,225.736602
0.663357,0.034538,-0.087821,299.633999
0.731773,0.000370,-0.106076,281.318789
0.576980,0.094857,-0.069050,322.350605
0.949970,0.017218,-0.165582,222.162034
0.165410,0.006066,-0.007995,426.773568
0.218980,0.019582,-0.013335,413.533473
0.135244,0.005486,-0.005326,434.183450
0.004032,0.005935,0.003460,466.032674
0.983193,0.022440,-0.170808,213.404309
0.983082,0.059888,-0.170982,213.416995
0.966004,0.067490,-0.170655,217.728969
0.118561,0.019549,-0.003954,438.266838
0.598534,0.083624,-0.073536,316.708610
0.053496,0.070865,0.000687,454.096904
0.861617,0.035633,-0.139023,246.392827
0.172045,0.066227,-0.008614,425.137702
0.812651,0.051385,-0.125309,259.685790
0.019874,0.059377,0.002643,462.218621
0.954281,0.003756,-0.166937,220.972248
0.948325,0.047916,-0.165066,222.615241
0.117904,0.023137,-0.003901,438.427256
0.731200,0.045593,-0.104056,281.588276
0.341137,0.086487,-0.028405,382.950573
0.394304,0.099111,-0.035378,369.502222
0.900566,0.072209,-0.150442,235.748764
0.187526,0.083789,-0.010105,421.317973
0.319702,0.091964,-0.025468,388.355830
0.761093,0.052511,-0.111631,273.580070
0.752647,0.056999,-0.109465,275.846144
0.733602,0.067007,-0.104655,280.945523
0.434615,0.013112,-0.042679,359.181434
0.118255,0.093881,-0.003929,438.339451
0.514914,0.078894,-0.056860,338.500597
0.598341,0.019036,-0.073495,316.761156
0.577544,0.030245,-0.069166,322.205117
0.897311,0.067125,-0.149470,236.640609
0.209985,0.063631,-0.012384,415.762519
0.544576,0.060852,-0.062551,330.801191
0.240283,0.016079,-0.015673,408.239795
0.046495,0.099399,-0.000801,455.762313
0.113151,0.068997,-0.003524,439.587677
0.178247,0.001560,-0.008344,423.630626
0.950107,0.093248,-0.165626,222.121888
0.026698,0.083438,0.002271,460.572824
0.439622,0.066853,-0.043511,357.897430
0.931726,0.084308,-0.159906,227.189427
0.740519,0.074627,-0.106390,279.094699
0.088662,0.014837,-0.001682,445.560905
0.130610,0.031583,-0.004937,435.318118
0.484605,0.003951,-0.051297,346.336381
0.000899,0.019877,0.001558,466.761009
0.368338,0.066977,-0.032312,376.067231
0.657557,0.093956,-0.086494,301.166482
0.297935,0.025966,-0.022614,393.829972
0.039079,0.040701,0.001562,457.585176
0.299237,0.043812,-0.022781,393.502541
0.660348,0.042543,-0.087131,300.429994
0.125323,0.055143,-0.004500,436.611761
0.222941,0.083920,-0.013760,412.548546
0.958114,0.051622,-0.168149,219.911406
0.613838,0.095423,-0.076801,312.691192
0.302859,0.094086,-0.023248,392.591498
0.156108,0.013117,-0.007146,429.061831
0.410319,0.044945,-0.038739,365.389954
0.011838,0.025862,0.003066,464.154489
0.835869,0.065183,-0.131724,253.393880
0.411108,0.042288,-0.038864,365.188734
0.685695,0.012297,-0.093020,293.712654
0.963003,0.080901,-0.169700,218.558927
0.423288,0.053660,-0.040822,362.077766
0.020508,0.005088,0.002608,462.067362
0.982984,0.077071,-0.171171,213.425781
0.304701,0.066831,-0.023488,392.129545
0.004445,0.008407,0.003440,465.933282
0.206707,0.056821,-0.012043,416.574848
0.310999,0.076053,-0.024312,390.546313
0.045511,0.039800,0.001178,456.030230
0.010559,0.017463,0.003131,464.462499
0.416224,0.075381,-0.039681,363.881889
0.461340,0.016933,-0.047200,352.325804
0.164140,0.029219,-0.007877,427.085621
0.131999,0.068600,-0.005052,434.976851
0.152057,0.058802,-0.006783,430.056144
0.856153,0.079523,-0.137458,247.879508
0.702553,0.003822,-0.097039,289.231084
0.446662,0.091136,-0.044693,356.092101
0.272565,0.022796,-0.019449,400.185924
0.374416,0.023301,-0.033213,374.526605
0.292370,0.021809,-0.021905,395.226193
0.060340,0.038662,0.000251,452.439688
0.246342,0.051192,-0.016360,406.730038
0.856168,0.010050,-0.137462,247.877626
0.472981,0.092062,-0.049232,349.328937
0.096389,0.090467,-0.002245,443.676881
0.414381,0.012088,-0.039386,364.354400
0.754859,0.073595,-0.110030,275.252386
0.638286,0.004311,-0.082154,306.258313
0.532603,0.011092,-0.060224,333.914825
0.963896,0.006802,-0.169983,218.314131
0.562609,0.046906,-0.066131,326.104297
0.457523,0.092059,-0.046543,353.304156
0.086243,0.001761,-0.002302,446.136222
0.660364,0.060518,-0.087135,300.425003
0.319972,0.054596,-0.025505,388.288960
0.866795,0.012330,-0.140515,244.982151
0.086656,0.030473,-0.001537,446.048683
0.227059,0.008567,-0.014207,411.528139
0.219173,0.079352,-0.013355,413.484023
0.346705,0.057407,-0.029189,381.544420
0.466820,0.051704,-0.048152,350.915655
0.826764,0.011359,-0.129189,255.865402
0.495721,0.015949,-0.053308,343.467046
0.403653,0.085814,-0.037686,367.088499
0.738679,0.016709,-0.105927,279.589092
0.115415,0.034407,-0.003703,439.035377
0.749942,0.046859,-0.108775,276.571521
0.212226,0.057584,-0.012619,415.207355
0.778957,0.076682,-0.116283,268.777035
0.333983,0.036457,-0.027411,384.757992
0.314944,0.060870,-0.024834,389.554503
0.358758,0.030142,-0.030913,378.495943
0.523503,0.052861,-0.058483,336.275012
0.375306,0.081823,-0.033346,374.298835
0.002628,0.093186,0.003531,466.367556
0.081847,0.077708,-0.001196,447.217118
0.865077,0.074378,-0.140020,245.448425
0.035599,0.023683,0.001765,458.426292
0.925168,0.042667,-0.157889,228.995468
0.159006,0.026924,-0.007407,428.348885
0.965336,0.099071,-0.167496,218.148391
0.327978,0.091503,-0.026588,386.270751
0.214039,0.059137,-0.012810,414.757881
0.972404,0.062740,-0.172702,215.957294
0.320642,0.059000,-0.025595,388.120162
0.088032,0.058607,-0.001636,445.713032
0.433981,0.006445,-0.042574,359.344032
0.315871,0.077024,-0.024957,389.320604
0.259364,0.020344,-0.017871,403.483978
0.053071,0.001049,-0.000999,454.175941
0.178672,0.063734,-0.009244,423.504016
0.266949,0.023603,-0.018772,401.589665
0.820418,0.098595,-0.128624,257.499807
0.373722,0.007288,-0.033110,374.703118
0.754395,0.061985,-0.109912,275.377117
0.657761,0.076198,-0.086541,301.113004
0.798679,0.011459,-0.121525,263.462723
0.851774,0.018717,-0.136209,249.073237
0.657324,0.015517,-0.086441,301.230514
0.328809,0.061513,-0.026701,386.062287
0.184468,0.093132,-0.009805,422.073020
0.579827,0.030690,-0.069635,321.608314
0.215937,0.023128,-0.013011,414.288213
0.338356,0.089008,-0.028017,383.652813
0.061474,0.093409,0.000179,452.163226
0.631985,0.052729,-0.080759,307.917772
0.180289,0.033198,-0.009400,423.106011
0.465794,0.006079,-0.047973,351.180772
0.360528,0.072232,-0.031170,378.046440
0.822273,0.030911,-0.127948,257.081682
0.310818,0.029790,-0.024288,390.593300
0.109426,0.052729,-0.003234,440.497764
0.731399,0.073275,-0.104106,281.534339
0.158267,0.063049,-0.007340,428.529535
0.060747,0.022352,0.000225,452.341548
0.289901,0.034596,-0.021593,395.845036
0.851054,0.060788,-0.136005,249.267872
0.818950,0.081292,-0.127034,257.980082
0.573115,0.055457,-0.068259,323.361757
0.723910,0.081733,-0.102248,283.534963
-0.000267,0.038370,-0.000463,467.016767
0.972291,0.084734,-0.172666,215.987881
0.319620,0.072618,-0.025457,388.377192
0.897333,0.074582,-0.149477,236.634369
0.671685,0.094373,-0.089743,297.426642
0.263356,0.021487,-0.018343,402.487144
0.675213,0.017743,-0.090562,296.493811
0.346725,0.070824,-0.029191,381.539143
0.015815,0.007917,0.002858,463.197780
0.219555,0.090292,-0.013396,413.388876
0.571620,0.066451,-0.067955,323.751925
0.146577,0.031636,-0.006300,431.402679
0.291835,0.074089,-0.021837,395.358785
0.440969,0.014249,-0.043736,357.553719
0.343593,0.015044,-0.028750,382.332165
0.713526,0.015580,-0.099699,286.307558
0.424056,0.071840,-0.040946,361.881099
0.132876,0.037816,-0.005126,434.762751
0.634191,0.092625,-0.081246,307.335279
0.259856,0.074155,-0.017928,403.359652
0.806610,0.038288,-0.123666,261.319771
0.529093,0.042314,-0.059550,334.825149
0.027885,0.061832,0.002204,460.287213
0.876061,0.036664,-0.143205,242.453003
0.572140,0.082664,-0.068061,323.615600
0.155243,0.005470,-0.007068,429.274733
0.405042,0.051897,-0.037904,366.735601
0.743032,0.038791,-0.107023,278.423044
0.526637,0.075542,-0.059080,335.461469
0.142897,0.003724,-0.005980,432.306717
0.692530,0.045118,-0.094640,291.895854
0.005345,0.081470,0.003396,465.714803
0.276529,0.046376,-0.019932,399.193555
0.800919,0.090621,-0.122128,262.855566
0.776877,0.086527,-0.115736,269.336716
0.358021,0.023217,-0.030807,378.682573
0.208853,0.048093,-0.012266,416.043480
0.225825,0.057233,-0.014073,411.833275
0.000861,0.088664,0.001491,466.767589
0.256763,0.009629,-0.017566,404.133328
0.818209,0.044235,-0.126830,258.182080
0.741035,0.061358,-0.106520,278.957141
0.806432,0.090926,-0.123618,261.366183
0.011515,0.018831,0.003082,464.232599
0.333786,0.014904,-0.027384,384.808246
0.183500,0.099448,-0.008792,422.333461
0.639346,0.056156,-0.082390,305.977222
0.449649,0.098454,-0.044890,355.338609
0.784671,0.025390,-0.117789,267.239976
0.672559,0.013833,-0.089945,297.197459
0.167483,0.059660,-0.008186,426.261611
0.329078,0.046197,-0.026738,385.994977
0.977530,0.041889,-0.174350,214.537806
0.169438,0.029457,-0.008369,425.781146
0.755120,0.060723,-0.110097,275.182901
0.740737,0.000536,-0.108301,278.920824
-0.000778,0.020557,-0.001348,467.129691
0.769468,0.093963,-0.113801,271.328940
0.757651,0.044908,-0.110746,274.504220
0.838471,0.055621,-0.132452,252.687917
0.489732,0.052508,-0.052220,345.012315
0.531772,0.010654,-0.060064,334.130566
0.377887,0.025365,-0.033732,373.645383
0.900542,0.012617,-0.150434,235.757045
0.785133,0.048492,-0.117912,267.114936
0.490098,0.029043,-0.052286,344.918565
0.165234,0.024545,-0.007978,426.816329
0.741947,0.017703,-0.106749,278.714388
0.163131,0.098673,-0.007117,427.346946
0.031957,0.037598,0.001974,459.305097
0.188271,0.020017,-0.010179,421.135840
0.023891,0.049122,0.002425,461.250606
0.357262,0.023825,-0.030697,378.874906
0.921708,0.082416,-0.156831,229.945572
0.218589,0.008545,-0.013293,413.630892
0.637697,0.042682,-0.082023,306.412518
0.389464,0.078728,-0.035486,370.701528
0.193565,0.062314,-0.010705,419.826604
0.681043,0.008327,-0.091926,294.947557
0.112366,0.033527,-0.003463,439.780248
0.209962,0.043187,-0.012382,415.768911
0.668348,0.024143,-0.088970,298.312831
0.403418,0.051741,-0.037649,367.149493
0.672699,0.014635,-0.089978,297.160131
0.190736,0.029355,-0.010423,420.526670
0.079423,0.094626,-0.001027,447.806059
0.871606,0.058835,-0.141909,243.668253
0.568802,0.035373,-0.067382,324.488757
0.004520,0.061277,0.003437,465.913704
0.430913,0.030727,-0.042068,360.128407
0.041382,0.073258,0.001427,457.027742
0.046015,0.049432,0.001148,455.908023
0.719906,0.047216,-0.101261,284.604776
0.100206,0.085181,-0.002530,442.746498
0.741318,0.001500,-0.108446,278.765428
0.461169,0.018118,-0.047171,352.369558
0.020304,0.064462,0.002620,462.114913
0.823866,0.020853,-0.128387,256.650628
0.000233,0.049628,0.000404,466.906523
0.260189,0.054532,-0.017968,403.277112
0.149300,0.095145,-0.006538,430.732209
0.375178,0.040437,-0.033327,374.332549
0.443819,0.086650,-0.044214,356.821093
0.573373,0.092819,-0.068312,323.293289
0.824875,0.088122,-0.128667,256.374968
0.255424,0.048661,-0.017409,404.466279
0.305652,0.099725,-0.022225,391.934228
0.319369,0.085949,-0.025424,388.440055
0.670602,0.068444,-0.089492,297.714242
0.495851,0.030850,-0.053331,343.432930
0.255220,0.076802,-0.017385,404.516306
0.240157,0.009720,-0.015659,408.271412
0.234358,0.025436,-0.015010,409.713420
0.567670,0.012420,-0.067152,324.785000
0.578325,0.010917,-0.069326,322.001706
0.983183,0.031071,-0.170815,213.406169
0.399180,0.052808,-0.036987,368.229323
0.495538,0.051143,-0.053274,343.513293
0.124752,0.051883,-0.004454,436.751649
0.848579,0.021741,-0.135302,249.942081
0.115654,0.082761,-0.003722,438.975726
0.087775,0.053279,-0.001617,445.775657
0.392820,0.079420,-0.036001,369.847826
0.313786,0.026334,-0.024680,389.846810
0.140595,0.091640,-0.005780,432.868931
0.435942,0.065246,-0.042899,358.840083
0.261741,0.056181,-0.018151,402.889541
0.379342,0.057259,-0.033950,373.274855
0.372038,0.070624,-0.032859,375.128648
0.030643,0.059355,0.002049,459.621756
0.214336,0.008784,-0.012842,414.685746
0.496966,0.057955,-0.053535,343.144176
0.130817,0.098912,-0.004800,435.268602
0.165130,0.094971,-0.007968,426.839906
0.202654,0.008050,-0.011626,417.579727
0.098486,0.045941,-0.002402,443.167071
0.548994,0.044291,-0.063420,329.652128
0.366846,0.035513,-0.032093,376.446490
0.665612,0.008297,-0.088339,299.037667
0.742719,0.078554,-0.106944,278.505740
0.285643,0.066926,-0.021059,396.911074
0.212152,0.082099,-0.012611,415.224995
0.982895,0.049285,-0.171302,213.438141
0.555193,0.043152,-0.064648,328.037693
0.302944,0.015348,-0.023260,392.572451
0.077160,0.013312,-0.000871,448.358266
0.182099,0.069001,-0.009575,422.658236
0.981595,0.062226,-0.173559,213.580829
0.301835,0.033680,-0.023116,392.850390
0.433218,0.092312,-0.042448,359.536664
0.303840,0.035853,-0.023376,392.346824
0.456925,0.010996,-0.046440,353.460242
0.000617,0.040463,0.001069,466.822412
0.256661,0.051811,-0.017553,404.157465
0.982179,0.097365,-0.172602,213.510833
0.935362,0.098765,-0.159309,226.321629
0.295885,0.090274,-0.022352,394.342360
0.677525,0.099756,-0.092922,295.771237
0.020606,0.012006,0.002603,462.043588
0.477804,0.040389,-0.050084,348.088214
0.378864,0.054373,-0.033878,373.396479
0.228121,0.018118,-0.014323,411.263913
0.225829,0.085871,-0.014073,411.831537
0.042741,0.043531,0.001345,456.699969
0.600346,0.048760,-0.073919,316.234585
0.233882,0.050993,-0.014957,409.831225
0.847528,0.086630,-0.135005,250.225986
0.605844,0.042372,-0.075087,314.792325
0.746064,0.004684,-0.107790,277.612081
0.425208,0.055538,-0.041134,361.586917
0.007436,0.059249,0.003291,465.212569
0.582745,0.023109,-0.070237,320.845332
0.691458,0.091988,-0.094385,292.179384
0.757038,0.000764,-0.112380,274.554184
0.604190,0.060822,-0.074735,315.225679
0.598359,0.074513,-0.073499,316.754668
0.167424,0.005259,-0.008181,426.277689
0.604972,0.033586,-0.074902,315.021452
0.569581,0.000675,-0.068554,324.234596
0.829760,0.073113,-0.130021,255.051066
0.452035,0.024282,-0.045604,354.715477
0.250647,0.061075,-0.016854,405.656921
0.066423,0.028857,-0.000146,450.964877
-0.000242,0.015439,-0.000419,467.011852
0.160087,0.005017,-0.007506,428.083433
0.114326,0.068072,-0.003617,439.300667
0.544518,0.042861,-0.062540,330.816938
0.596419,0.029771,-0.073090,317.264668
0.207148,0.050268,-0.012089,416.465760
0.645686,0.089615,-0.083808,304.303334
0.060209,0.051837,0.000260,452.471000
0.420823,0.064866,-0.040422,362.707523
0.579402,0.052730,-0.069548,321.718762
0.738236,0.020758,-0.105815,279.707382
0.071763,0.052088,-0.000502,449.667999
0.912242,0.074356,-0.153954,232.546220
0.400174,0.033943,-0.037142,367.976697
0.859538,0.006148,-0.138426,246.959933
0.828967,0.047116,-0.129800,255.267024
0.379867,0.076444,-0.034029,373.141023
0.858535,0.000149,-0.138650,247.196591
0.145626,0.004593,-0.006217,431.637080
0.982034,0.032463,-0.172804,213.532939
0.747576,0.075992,-0.108174,277.204710
0.943432,0.036781,-0.163536,223.965594
0.952907,0.030547,-0.166505,221.350853
0.774706,0.012050,-0.115167,269.923038
0.854785,0.088050,-0.137068,248.251585
0.559918,0.040966,-0.065591,326.806251
0.476358,0.068628,-0.049828,348.459876
0.074916,0.031551,-0.000717,448.902933
0.731524,0.035989,-0.104137,281.502107
0.146677,0.062002,-0.006308,431.377365
0.239957,0.055232,-0.015636,408.319822
0.151180,0.000783,-0.006211,430.283921
0.377786,0.094507,-0.033716,373.668992
0.366294,0.070222,-0.032012,376.585361
0.016549,0.006848,0.002820,463.020881
0.738745,0.016141,-0.105943,279.571421
0.211648,0.039861,-0.012558,415.351090
0.532724,0.032260,-0.060248,333.882575
0.217167,0.053712,-0.013141,413.982427
0.071240,0.031581,-0.000467,449.795662
0.021021,0.012346,0.002581,461.943411
0.372445,0.065036,-0.032920,375.025611
0.237587,0.044805,-0.015370,408.909753
0.077267,0.067756,-0.000878,448.330719
0.180533,0.089352,-0.009423,423.044093
0.001100,0.031489,0.003605,466.736449
0.384006,0.036524,-0.034655,372.090427
0.625840,0.081301,-0.079408,309.535227
0.186669,0.065882,-0.010021,421.530189
0.457600,0.016179,-0.046556,353.286724
0.337791,0.068539,-0.027939,383.796009
0.924192,0.080953,-0.157590,229.262681
0.028680,0.074573,0.002160,460.094896
0.604623,0.028374,-0.074827,315.113127
0.411705,0.000336,-0.038266,365.065143
0.851151,0.066332,-0.136033,249.241196
0.333227,0.072805,-0.027307,384.947756
0.130720,0.065480,-0.004946,435.290128
0.620589,0.043988,-0.078263,310.917879
0.405813,0.074272,-0.038026,366.538373
0.948930,0.082858,-0.165256,222.447245
0.541602,0.066205,-0.061970,331.574503
0.982630,0.011205,-0.171806,213.464981
0.775123,0.046290,-0.115276,269.809923
0.268829,0.039739,-0.018997,401.119464
0.517966,0.027427,-0.057434,337.711248
0.416401,0.072722,-0.039710,363.836812
0.314758,0.030054,-0.024809,389.602106
0.161492,0.015892,-0.007634,427.737625
0.051647,0.086389,0.000803,454.544099
0.783426,0.045961,-0.117460,267.574699
0.063218,0.006788,0.000064,451.742929
0.972107,0.043256,-0.172606,216.040173
0.308847,0.015092,-0.024029,391.089098
0.391276,0.027255,-0.035764,370.242097
0.092168,0.071775,-0.001935,444.705533
0.718010,0.016286,-0.100796,285.111542
0.413724,0.011507,-0.039281,364.522151
0.314981,0.040272,-0.024839,389.545641
0.082783,0.010856,-0.001263,446.991262
0.289527,0.073299,-0.021546,395.937667
0.739219,0.039745,-0.106062,279.443869
0.409672,0.017588,-0.038636,365.555950
0.321702,0.064506,-0.025737,387.853146
0.055923,0.075177,0.000534,453.508976
0.131735,0.013786,-0.005031,435.043062
0.663491,0.047535,-0.087851,299.597973
0.006683,0.090259,0.003329,465.392976
0.622784,0.086797,-0.078741,310.339108
0.379599,0.087011,-0.033989,373.208696
0.639813,0.083619,-0.082495,305.853169
0.609513,0.027801,-0.075872,313.829561
0.643913,0.015529,-0.083411,304.773403
0.232995,0.012089,-0.014859,410.052806
0.710205,0.079444,-0.098891,287.190659
0.915868,0.038106,-0.155052,231.551594
0.031600,0.053345,0.001995,459.390822
0.544532,0.077012,-0.062543,330.812283
0.335216,0.095121,-0.027582,384.445118
0.484100,0.027544,-0.051207,346.466003
0.259061,0.000995,-0.016428,403.600735
0.876778,0.087929,-0.143415,242.255518
0.430180,0.083762,-0.041947,360.314497
0.881957,0.081508,-0.144930,240.840877
0.287612,0.045730,-0.021305,396.418407
0.155261,0.094880,-0.007068,429.267669
0.923274,0.062857,-0.157309,229.515655
0.940305,0.057253,-0.162562,224.827082
0.473931,0.045194,-0.049399,349.085806
0.123365,0.032749,-0.004341,437.091416
0.820206,0.057245,-0.127379,257.640734
-0.000788,0.079194,-0.001364,467.130067
0.862486,0.040160,-0.139273,246.155851
0.809304,0.069627,-0.124397,260.590480
0.648317,0.038798,-0.084400,303.610082
0.937497,0.099099,-0.159890,225.739750
0.316511,0.001468,-0.023691,389.206270
0.963057,0.045925,-0.169717,218.544934
0.027744,0.048722,0.002212,460.321498
0.620936,0.078713,-0.078338,310.825644
0.295074,0.087506,-0.022248,394.546074
0.451787,0.000475,-0.045276,354.791933
0.329340,0.059281,-0.026774,385.928542
0.037604,0.089192,0.001649,457.940063
0.265334,0.001428,-0.017161,402.035480
0.574042,0.094198,-0.068449,323.118362
0.562639,0.034159,-0.066138,326.096793
0.866765,0.020701,-0.140506,244.989966
0.938734,0.066557,-0.162074,225.259740
0.349667,0.052160,-0.029609,380.795679
0.773073,0.009727,-0.114740,270.362356
0.982792,0.051177,-0.171480,213.449414
0.338112,0.001317,-0.026730,383.760048
0.586583,0.019274,-0.071033,319.841253
0.411310,0.051799,-0.038896,365.136877
0.542052,0.091493,-0.062057,331.456708
0.113079,0.047958,-0.003519,439.605868
0.614024,0.031560,-0.076841,312.644262
0.377333,0.079985,-0.033649,373.784540
0.463425,0.086960,-0.047561,351.787708
0.697852,0.059021,-0.095910,290.480180
0.705624,0.091573,-0.097780,288.410764
0.759150,0.004698,-0.111131,274.103137
0.598225,0.068569,-0.073471,316.790066
0.692568,0.027363,-0.094649,291.886354
0.312708,0.055051,-0.024537,390.117056
0.420383,0.030230,-0.040351,362.820934
0.620825,0.027795,-0.078314,310.856280
0.049161,0.000840,-0.000879,455.120947
0.141389,0.000781,-0.005511,432.683802
0.580487,0.052231,-0.069771,321.435016
0.886585,0.094648,-0.146291,239.575506
0.110564,0.043246,-0.003322,440.220239
0.796588,0.083001,-0.120964,264.025030
0.735730,0.089465,-0.105187,280.375802
0.233651,0.023817,-0.014932,409.889370
0.287110,0.047251,-0.021242,396.544010
0.071421,0.030470,-0.000479,449.751654
0.071971,0.010074,-0.000517,449.618852
0.255369,0.035687,-0.017403,404.480199
0.454054,0.019574,-0.045948,354.197239
0.256727,0.046023,-0.017561,404.141169
0.279173,0.086128,-0.020256,398.530818
0.506620,0.053888,-0.055312,340.648218
0.375907,0.058295,-0.033435,374.147075
0.477149,0.075068,-0.049968,348.256118
0.526398,0.074318,-0.059034,335.523551
0.744782,0.043865,-0.107466,277.954317
0.339556,0.073642,-0.028184,383.350142
0.930639,0.060145,-0.159570,227.489444
0.619973,0.046819,-0.078129,311.079978
0.422548,0.027888,-0.040702,362.267673
0.717507,0.074208,-0.100673,285.244021
0.050951,0.059411,0.000845,454.713362
0.431081,0.061476,-0.042096,360.084523
0.143250,0.069139,-0.006010,432.218235
0.229246,0.047517,-0.014446,410.983592
0.446289,0.010659,-0.044630,356.190164
0.963160,0.041430,-0.169749,218.516532
0.010128,0.087827,0.003155,464.564179
0.122464,0.028589,-0.004268,437.312040
0.368452,0.006158,-0.032329,376.040093
0.455712,0.098332,-0.045989,353.779663
0.944775,0.007791,-0.163954,223.596009
0.721682,0.021332,-0.101698,284.131548
0.880108,0.023985,-0.144387,241.348090
0.602690,0.020277,-0.074416,315.620455
0.580673,0.081903,-0.069809,321.385605
0.325345,0.012477,-0.026230,386.936935
0.458296,0.087415,-0.046675,353.105903
0.502752,0.034090,-0.054597,341.649410
0.435114,0.027253,-0.042761,359.053235
0.128115,0.022707,-0.004730,435.929259
0.483463,0.081826,-0.051093,346.628540
0.110610,0.095074,-0.003325,440.207592
0.489691,0.044522,-0.052213,345.023100
0.106894,0.055681,-0.003038,441.115890
0.511190,0.060701,-0.056163,339.465420
0.345276,0.027006,-0.028987,381.906462
0.902723,0.006668,-0.151087,235.159675
0.515100,0.045170,-0.056895,338.453384
0.019437,0.083751,0.002667,462.323234
0.843152,0.079404,-0.133769,251.415562
-0.000770,0.064841,-0.001334,467.126605
0.794776,0.067638,-0.120479,264.514408
0.649044,0.039462,-0.084564,303.418113
0.623114,0.010692,-0.078812,310.254703
0.831971,0.019293,-0.130635,254.453119
0.527519,0.096278,-0.059248,335.232011
0.005319,0.056770,0.003397,465.721664
0.005548,0.074460,0.003386,465.666293
0.135763,0.096017,-0.005368,434.053563
0.284235,0.089819,-0.020883,397.263105
0.808471,0.071261,-0.124171,260.815603
0.448478,0.014796,-0.045000,355.628606
0.238317,0.032594,-0.015452,408.728640
0.030601,0.039568,0.002051,459.632482
0.727753,0.041456,-0.103199,282.509657
0.907933,0.087624,-0.152653,233.728278
0.411104,0.001569,-0.038165,365.218555
0.638822,0.078938,-0.082274,306.114802
0.259668,0.004899,-0.017907,403.408601
0.850033,0.005147,-0.135714,249.547231
0.831424,0.012351,-0.130483,254.601726
0.177249,0.031537,-0.009108,423.855837
0.282384,0.064560,-0.020653,397.727638
0.982795,0.031225,-0.171486,213.448893
0.430681,0.005039,-0.042030,360.188658
0.041471,0.022484,0.001420,457.007422
0.596648,0.019702,-0.073138,317.205045
0.200617,0.079005,-0.011417,418.081995
0.979200,0.050603,-0.174889,214.074366
0.726556,0.090517,-0.102903,282.827934
0.617274,0.099958,-0.078998,311.708879
0.862820,0.011729,-0.139369,246.065716
0.950777,0.083982,-0.165836,221.937179
0.983223,0.049126,-0.170734,213.401963
0.164469,0.099202,-0.007222,427.017956
0.851958,0.048909,-0.136262,249.022209
0.028968,0.075440,0.002144,460.025544
0.859933,0.093269,-0.138541,246.849612
0.580320,0.078754,-0.069737,321.477963
0.896598,0.038292,-0.149257,236.836987
0.983148,0.044098,-0.170865,213.410310
0.565187,0.048909,-0.066651,325.431730
0.667351,0.055813,-0.088740,298.575900
0.789151,0.000511,-0.120539,265.928814
0.348263,0.081264,-0.029409,381.149901
0.611746,0.090570,-0.076351,313.240929
0.653347,0.045055,-0.085537,302.281037
0.490779,0.032550,-0.052410,344.742649
0.523997,0.029077,-0.058577,336.147643
0.584675,0.010087,-0.070636,320.340947
0.968374,0.032565,-0.171411,217.074291
0.884453,0.055683,-0.145663,240.159484
0.509911,0.045110,-0.055924,339.796848
0.664609,0.022400,-0.088108,299.302761
0.419700,0.093407,-0.040241,362.993458
0.184430,0.098935,-0.008872,422.104197
0.627160,0.069173,-0.079697,309.188041
0.375150,0.010913,-0.033323,374.340552
0.336608,0.080299,-0.027774,384.094356
0.272208,0.007326,-0.019406,400.275570
0.749754,0.044813,-0.108727,276.622219
0.982032,0.048704,-0.172797,213.533348
0.737737,0.088302,-0.105691,279.838843
0.982418,-0.000005,-0.172184,213.487655
0.779327,0.093676,-0.116380,268.677129
0.642089,0.065697,-0.083003,305.253295
0.765185,0.009657,-0.112688,272.482545
0.291295,0.037348,-0.021769,395.495381
0.446627,0.099724,-0.044346,356.115173
0.510219,0.046880,-0.055981,339.717129
0.703579,0.084039,-0.097287,288.955348
0.399702,0.032240,-0.037068,368.096981
0.826286,0.012062,-0.129056,255.995099
0.032530,0.019094,0.001941,459.167307
0.656942,0.036654,-0.086354,301.330931
0.101932,0.027124,-0.002661,442.327154
0.981631,0.017686,-0.173523,213.576088
0.474817,0.067597,-0.049555,348.856884
0.075761,0.062721,-0.000774,448.696828
0.554169,0.020931,-0.064444,328.305143
0.808894,0.009346,-0.124285,260.703131
0.132244,0.069624,-0.005073,434.916658
0.905609,0.058027,-0.151954,234.366654
0.257254,0.062355,-0.017623,404.009292
0.737945,0.011685,-0.105742,279.785678
0.344869,0.078662,-0.028929,382.007839
0.533373,0.013861,-0.060373,333.714582
0.808341,0.024376,-0.124135,260.852214
0.427083,0.023103,-0.041440,361.108381
0.454075,0.083932,-0.045952,354.189936
0.077814,0.099629,-0.001923,448.180039
0.211233,0.091725,-0.012514,415.452459
0.137059,0.068996,-0.005479,433.736625
0.468659,0.038901,-0.048473,350.442871
0.983324,0.055878,-0.170560,213.390549
0.814024,0.056243,-0.125684,259.314121
0.108277,0.028208,-0.003145,440.778900
0.198802,0.035357,-0.011233,418.532120
0.742775,0.008660,-0.106958,278.492972
0.827073,0.019304,-0.129274,255.781412
0.009434,0.016707,0.003189,464.733280
0.542414,0.064528,-0.062128,331.363609
0.971647,0.081828,-0.172459,216.166360
0.000873,0.045578,0.001513,466.765999
0.216613,0.098214,-0.011864,414.150167
0.447088,0.082075,-0.044765,355.983051
0.138045,0.018346,-0.005563,433.496324
0.719023,0.093967,-0.101045,284.838812
0.281129,0.065018,-0.020498,398.041850
0.511550,0.090817,-0.056230,339.371373
0.267167,0.023439,-0.018798,401.535239
0.698170,0.006870,-0.095986,290.397256
0.078936,0.089999,-0.000993,447.924355
0.218781,0.011001,-0.013314,413.583270
0.324001,0.017801,-0.026048,387.275397
0.773496,0.091337,-0.114851,270.246026
0.318803,0.030035,-0.025348,388.584140
0.433963,0.072328,-0.042571,359.346645
0.008002,0.006935,0.003261,465.078074
0.523004,0.067946,-0.058388,336.403965
0.469297,0.001211,-0.048491,350.284073
0.302950,0.004313,-0.023261,392.571239
0.200871,0.070257,-0.011443,418.019392
0.819262,0.025324,-0.127119,257.897545
0.433631,0.038838,-0.042516,359.432667
0.932168,0.075275,-0.160042,227.068210
0.912164,0.062264,-0.153930,232.567914
0.826185,0.005866,-0.129028,256.022542
0.787130,0.004572,-0.118441,266.578165
0.031153,0.006387,0.002020,459.500149
0.278633,0.009650,-0.020190,398.668299
0.739502,0.062992,-0.106134,279.367339
0.218727,0.065143,-0.013308,413.595009
0.849583,0.026980,-0.135587,249.668928
0.436534,0.094840,-0.042997,358.687486
0.529433,0.070650,-0.059615,334.735971
0.125753,0.069672,-0.004535,436.506146
0.746445,0.087810,-0.107887,277.507439
0.421319,0.074141,-0.040502,362.580533
0.054366,0.086972,0.000633,453.885902
0.825265,0.068575,-0.128774,256.269815
0.490725,0.024516,-0.052400,344.756730
0.619807,0.040379,-0.078093,311.123813
0.224755,0.022250,-0.013957,412.099889
0.351044,0.034828,-0.029805,380.447883
0.880820,0.081117,-0.144597,241.151790
0.453125,0.032080,-0.045790,354.435421
0.770056,0.076420,-0.113953,271.171403
0.030651,0.090353,0.002049,459.618836
0.562491,0.016780,-0.066108,326.136040
0.036227,0.051504,0.001729,458.273751
0.483641,0.085581,-0.051125,346.582517
0.092107,0.041499,-0.001931,444.721419
0.770233,0.087261,-0.113999,271.123726
0.912683,0.031666,-0.154087,232.426516
0.314825,0.057551,-0.024818,389.584348
0.371913,0.039587,-0.032841,375.161243
0.448241,0.082607,-0.044960,355.687305
0.983139,0.045135,-0.170880,213.411319
0.768976,0.015145,-0.113672,271.463863
0.600946,0.008382,-0.074046,316.078498
0.754046,0.055620,-0.109822,275.471053
0.006649,0.044859,0.003330,465.402344
0.305931,0.086754,-0.023648,391.819926
0.609570,0.098660,-0.077275,313.737333
0.165428,0.023118,-0.007996,426.768605
0.577558,0.047608,-0.069169,322.200980
0.277444,0.062664,-0.020044,398.964126
0.983075,0.048192,-0.170991,213.418379
0.387681,0.024872,-0.035213,371.156696
0.157447,0.005820,-0.007266,428.732739
0.004038,0.049333,0.003461,466.029891
0.900962,0.069823,-0.150560,235.640359
0.933533,0.049555,-0.160463,226.693196
0.211109,0.020361,-0.012502,415.485251
0.260703,0.058678,-0.018029,403.148492
0.507772,0.018982,-0.055526,340.351207
0.974038,0.088710,-0.173227,215.503825
0.770686,0.093105,-0.114118,271.001510
0.644707,0.078679,-0.083589,304.561885
0.334350,0.071698,-0.027462,384.664307
0.664932,0.011631,-0.088183,299.217575
0.032154,0.099887,-0.000441,459.222978
0.087842,0.053355,-0.001622,445.759254
0.370907,0.032436,-0.032692,375.416580
0.356233,0.072763,-0.030549,379.133919
0.701281,0.035526,-0.096733,289.568701
0.973142,0.068392,-0.172939,215.752607
0.299761,0.049836,-0.022849,393.370823
0.890564,0.006529,-0.147466,238.489660
0.435077,0.080212,-0.042755,359.061097
0.963044,0.098570,-0.166868,218.773947
0.683111,0.031849,-0.092412,294.398064
0.282400,0.092908,-0.020655,397.722576
-0.000000,-0.000000,-0.000000,466.959152
0.054633,0.068422,0.000616,453.821759
0.432977,0.030337,-0.042408,359.600187
0.665593,0.089858,-0.088335,299.040332
0.483609,0.033750,-0.051119,346.592201
0.413775,0.001206,-0.038616,364.536168
0.048814,0.088345,0.000978,455.229721
0.016956,0.000226,-0.000168,462.885293
0.433139,0.099377,-0.041954,359.576448
0.647492,0.012606,-0.084214,303.828756
0.158337,0.026060,-0.007347,428.513465
0.415442,0.036738,-0.039556,364.082835
0.524460,0.092704,-0.058665,336.025595
0.162046,0.074698,-0.007684,427.599533
0.121493,0.054264,-0.004189,437.548898
0.463456,0.029411,-0.047567,351.781361
0.216953,0.092239,-0.013118,414.034409
0.561958,0.063384,-0.066001,326.273554
0.036346,0.041575,0.001722,458.245345
0.553210,0.065293,-0.064254,328.553564
0.464834,0.070413,-0.047806,351.425942
0.370424,0.090276,-0.032620,375.537363
0.183177,0.071273,-0.009680,422.392193
0.316873,0.049188,-0.025090,389.069361
0.552980,0.089215,-0.064208,328.612761
0.554830,0.001602,-0.065436,328.090557
0.944534,0.044427,-0.163880,223.661255
0.647121,0.062080,-0.084131,303.925171
0.943371,0.067321,-0.163517,223.981362
0.137933,0.054013,-0.005553,433.522846
0.485511,0.074650,-0.051460,346.100660
0.740791,0.056590,-0.106458,279.022479
0.053440,0.015602,0.000690,454.111997
0.134006,0.078480,-0.005220,434.484671
0.188610,0.090482,-0.010212,421.050113
0.155179,0.023885,-0.007062,429.289986
0.180061,0.030714,-0.009378,423.162290
0.046494,0.062079,0.001119,455.791902
0.714628,0.050836,-0.099968,286.012477
0.162409,0.098319,-0.007061,427.524292
0.903036,0.063471,-0.151182,235.071900
0.382580,0.037242,-0.034439,372.452922
0.329190,0.035846,-0.026753,385.966883
0.855176,0.088970,-0.137179,248.145288
0.716958,0.071969,-0.100538,285.390470
0.195993,0.088460,-0.010948,419.225453
0.314818,0.095243,-0.024817,389.585122
0.674556,0.066004,-0.090410,296.666365
0.981780,0.037806,-0.173238,213.561094
0.502280,0.013667,-0.054510,341.772082
0.096252,0.081934,-0.002235,443.710394
0.011152,0.063840,0.003102,464.318667
0.348835,0.018633,-0.029491,381.007126
0.316679,0.001696,-0.023714,389.163941
0.041596,0.014734,0.001413,456.977625
0.256234,0.053923,-0.017503,404.264038
0.711576,0.071938,-0.099224,286.825667
0.804688,0.021093,-0.123145,261.839618
0.664182,0.024188,-0.088010,299.415730
0.696136,0.090753,-0.095500,290.935817
0.119919,0.024746,-0.004063,437.934605
0.424329,0.038377,-0.040991,361.812303
0.982441,0.037635,-0.172094,213.488251
0.314757,0.099001,-0.023451,389.645000
0.737633,0.030381,-0.105664,279.868395
0.098417,0.089094,-0.002396,443.182497
0.412778,0.056159,-0.039130,364.762136
0.824038,0.071552,-0.128435,256.602312
0.001717,0.010628,0.003574,466.588815
0.575888,0.010583,-0.068826,322.638700
0.508736,0.059197,-0.055705,340.100594
0.289467,0.013810,-0.021538,395.954260
0.591467,0.023392,-0.072051,318.562473
0.832106,0.044267,-0.130673,254.415742
0.107085,0.040411,-0.003053,441.069595
0.197587,0.066284,-0.011109,418.831883
0.351701,0.017299,-0.029899,380.282385
0.168255,0.074922,-0.008258,426.071236
0.434669,0.080569,-0.042688,359.165638
0.592478,0.083873,-0.072263,318.295683
0.625623,0.083359,-0.079361,309.592201
0.770851,0.054287,-0.114160,270.958546
0.113618,0.047911,-0.003561,439.474104
0.139997,0.079432,-0.005729,433.016003
0.823631,0.000058,-0.129463,256.635482
0.766016,0.080016,-0.112904,272.257088
0.982911,0.064830,-0.171282,213.435443
0.309835,0.094537,-0.024158,390.838438
0.446345,0.067138,-0.044639,356.174044
-0.000000,0.100000,-0.000000,466.956346
0.467813,0.084847,-0.048325,350.659090
0.184764,0.034844,-0.009835,422.001382
0.983326,0.021773,-0.170579,213.389606
0.635675,0.065544,-0.081575,306.944891
0.675887,0.011236,-0.090720,296.315197
0.752497,0.057322,-0.109426,275.886327
0.352906,0.016459,-0.030071,379.977569
0.624309,0.080637,-0.079073,309.938138
0.444695,0.031762,-0.044361,356.598100
0.012155,0.065022,0.003050,464.077115
0.300306,0.044216,-0.022919,393.234109
0.404322,0.026676,-0.037791,366.919754
0.612374,0.070684,-0.076486,313.076648
0.982576,0.077711,-0.171878,213.470631
0.468333,0.051459,-0.048416,350.526411
0.250595,0.024574,-0.016849,405.670902
0.136812,0.038199,-0.005458,433.798040
0.198257,0.055664,-0.011177,418.666560
0.709384,0.083740,-0.098691,287.409446
0.182944,0.013615,-0.009658,422.451263
0.960418,0.007483,-0.168878,219.276059
0.909741,0.005151,-0.153197,233.234785
0.000288,0.003184,0.000499,466.895766
0.077626,0.073760,-0.000902,448.243296
0.253719,0.033412,-0.017210,404.891756
0.734094,0.018265,-0.104778,280.815528
0.068611,0.057035,-0.000291,450.433092
0.137793,0.095409,-0.005541,433.555950
0.447116,0.015763,-0.044769,355.977726
0.778575,0.073487,-0.116182,268.879953
0.450594,0.027003,-0.045359,355.085174
0.173333,0.061676,-0.008735,424.820308
0.257589,0.005381,-0.017662,403.927275
0.761663,0.070541,-0.111778,273.426641
0.000102,0.019607,0.000177,466.936090
0.627646,0.054136,-0.079804,309.060592
0.206872,0.014109,-0.012061,416.535218
0.844588,0.090460,-0.134174,251.024931
0.036253,0.028334,0.001727,458.268146
0.014199,0.077065,0.002944,463.584910
0.396777,0.031777,-0.036613,368.841786
0.963963,0.017206,-0.170004,218.295211
0.982211,0.083068,-0.172520,213.509948
0.361238,0.081718,-0.031273,377.866325
0.909699,0.087108,-0.153186,233.243725
0.072131,0.045596,-0.000527,449.578858
0.438117,0.023028,-0.043260,358.284270
0.486553,0.019923,-0.051647,345.833428
0.878104,0.063510,-0.143801,241.894317
0.446539,0.010509,-0.044672,356.126064
0.175884,0.089319,-0.008977,424.190810
0.798782,0.039287,-0.121553,263.434079
0.652158,0.018773,-0.085267,302.596011
0.225738,0.005047,-0.014064,411.856273
0.183236,0.042733,-0.009686,422.378453
0.621939,0.090416,-0.078556,310.561385
0.372066,0.067738,-0.032863,375.121565
0.328935,0.065935,-0.026718,386.030339
0.511568,0.056496,-0.056233,339.367786
0.567651,0.056467,-0.067149,324.788377
0.214420,0.072249,-0.012850,414.663001
0.271854,0.016889,-0.019363,400.363946
0.283678,0.032085,-0.020814,397.404352
0.154097,0.055863,-0.006965,429.554940
0.865681,0.019050,-0.140193,245.285484
0.290352,0.056636,-0.021650,395.731235
0.369699,0.069301,-0.032513,375.721899
0.484307,0.071646,-0.051244,346.411266
0.611979,0.060218,-0.076401,313.180761
0.243320,0.069565,-0.016016,407.482079
0.651034,0.015541,-0.085013,302.893089
0.195607,0.042964,-0.010910,419.322221
0.304997,0.014065,-0.023526,392.056681
0.133850,0.068767,-0.005207,434.523217
0.303931,0.018811,-0.023388,392.324471
0.742770,0.067868,-0.106957,278.492259
0.093313,0.052857,-0.002019,444.427167
0.556395,0.059730,-0.064888,327.723928
0.775803,0.048105,-0.115454,269.626857
0.456669,0.043665,-0.046396,353.525028
0.969263,0.058813,-0.171696,216.827132
0.117135,0.030164,-0.003840,438.615177
0.146778,0.011298,-0.006317,431.353888
0.223674,0.001516,-0.012575,412.402497
0.832638,0.094681,-0.130822,254.269793
0.815688,0.093662,-0.126139,258.862784
0.931892,0.075463,-0.159957,227.144001
0.510546,0.021551,-0.056042,339.633235
0.545965,0.087053,-0.062824,330.439204
0.220762,0.072429,-0.013525,413.089792
0.294107,0.008300,-0.022126,394.790974
0.476007,0.099329,-0.049746,348.550330
0.468428,0.021820,-0.048433,350.502855
0.095796,0.041529,-0.002202,443.822555
0.304352,0.012264,-0.023442,392.219009
0.220677,0.076937,-0.013516,413.110826
0.936933,0.032108,-0.161515,225.757102
0.168167,0.082803,-0.008250,426.092608
0.188567,0.084255,-0.010208,421.060982
0.732695,0.051983,-0.104429,281.188598
0.276549,0.089234,-0.019934,399.187394
0.805803,0.063776,-0.123447,261.537049
0.237421,0.010937,-0.015352,408.951968
0.916651,0.067764,-0.155290,231.335740
0.898866,0.035672,-0.149934,236.215585
0.607267,0.071341,-0.075391,314.417916
0.276351,0.077664,-0.019910,399.237354
0.851843,0.069292,-0.136229,249.052925
0.394222,0.001390,-0.035365,369.525858
0.034603,0.000584,-0.000495,458.635262
0.478787,0.057817,-0.050259,347.834648
0.387379,0.055764,-0.035167,371.232604
0.037819,0.017954,0.001636,457.890151
0.311826,0.072539,-0.024421,390.338386
0.695654,0.030088,-0.095384,291.065815
0.144761,0.080125,-0.006141,431.847082
0.480456,0.044331,-0.050556,347.404783
0.245886,0.053377,-0.016308,406.843588
0.096420,0.032080,-0.002248,443.670850
0.820095,0.025123,-0.127348,257.671889
0.655454,0.071798,-0.086015,301.723331
0.408265,0.041729,-0.038413,365.913992
0.186379,0.082467,-0.009993,421.601386
0.128274,0.006092,-0.004744,435.890857
0.172314,0.074341,-0.008639,425.071286
0.455606,0.037493,-0.046214,353.798321
0.673771,0.043915,-0.090227,296.875225
0.702825,0.051775,-0.097105,289.157072
0.262086,0.005480,-0.018193,402.804851
0.178836,0.018219,-0.009261,423.464764
0.265375,0.092544,-0.018583,401.980866
0.414858,0.015895,-0.039463,364.232523
0.513245,0.081535,-0.056547,338.932633
0.705867,0.028662,-0.097839,288.347941
0.983222,0.028821,-0.170748,213.401640
0.669508,0.054400,-0.089238,298.004598
0.608256,0.063720,-0.075603,314.158426
0.208060,0.024330,-0.012184,416.240601
0.723479,0.084573,-0.102142,283.649752
0.153759,0.059819,-0.006934,429.637846
0.082398,0.033888,-0.001235,447.084444
0.303431,0.020553,-0.023323,392.450087
0.558082,0.043067,-0.065224,327.284890
0.000469,0.067359,0.000813,466.854118
0.036222,0.054381,0.001729,458.274910
0.456049,0.096198,-0.046289,353.682757
0.018259,0.044058,0.002729,462.608004
0.224748,0.071979,-0.013955,412.100386
0.409851,0.077344,-0.038664,365.508341
0.255402,0.098865,-0.016007,404.510370
0.953753,0.042047,-0.166772,221.116715
0.683281,0.054382,-0.092452,294.352391
0.781776,0.080606,-0.117025,268.017923
0.818165,0.056911,-0.126818,258.193451
0.608258,0.061805,-0.075603,314.157909
0.443882,0.019996,-0.044224,356.807025
0.216905,0.012403,-0.013114,414.048446
0.641231,0.000608,-0.084442,305.390151
0.348666,0.059054,-0.029467,381.048706
0.533110,0.008118,-0.060322,333.783130
0.683888,0.063227,-0.092595,294.190762
0.120179,0.091878,-0.004083,437.869278
0.270629,0.031195,-0.019215,400.669678
0.843663,0.085818,-0.133913,251.276664
0.322590,0.087806,-0.025857,387.628659
0.455492,0.068869,-0.046194,353.826529
0.637809,0.011083,-0.082048,306.383800
0.366929,0.010930,-0.032105,376.426235
0.740199,0.090632,-0.106309,279.179966
0.052708,0.068665,0.000736,454.287766
0.385650,0.084995,-0.034904,371.671310
0.520228,0.000045,-0.058341,337.103309
0.748449,0.079080,-0.108396,276.970690
0.816177,0.083845,-0.126273,258.730713
0.403460,0.060334,-0.037656,367.138430
0.560145,0.054387,-0.065637,326.746634
0.166964,0.039691,-0.008138,426.389989
0.456281,0.047471,-0.046329,353.624570
0.976762,0.068270,-0.174103,214.749674
0.144623,0.021968,-0.006129,431.882731
0.194653,0.078689,-0.010814,419.557002
0.004457,0.028137,0.003439,465.929750
0.436465,0.018974,-0.042986,358.707469
0.042921,0.036511,0.001334,456.656729
0.159720,0.077474,-0.007472,428.171822
0.142877,0.025852,-0.005978,432.310923
0.981861,0.071316,-0.173106,213.550382
0.362951,0.090502,-0.031522,377.431997
0.234550,0.044187,-0.015032,409.665324
0.948065,0.023022,-0.164984,222.687876
0.221881,0.005602,-0.013646,412.813998
0.575658,0.088147,-0.068779,322.696388
0.981888,0.032831,-0.173055,213.548991
0.350105,0.001025,-0.028487,380.728241
0.089402,0.081175,-0.001734,445.378762
0.138663,0.095817,-0.005615,433.342593
0.250216,0.066209,-0.016805,405.764368
0.230366,0.059323,-0.014569,410.704879
0.421985,0.089597,-0.040610,362.409705
0.071071,0.019025,-0.000456,449.837040
0.014696,0.061429,0.002918,463.465553
0.727248,0.061446,-0.103074,282.644048
0.449033,0.081364,-0.045094,355.484106
0.844886,0.008677,-0.134257,250.946494
0.594968,0.072903,-0.072785,317.643586
0.737577,0.074753,-0.105650,279.882141
0.906776,0.041263,-0.152304,234.047232
0.173663,0.017467,-0.008767,424.740290
0.417914,0.083389,-0.039953,363.450191
0.552512,0.008048,-0.064116,328.737038
0.369481,0.083325,-0.032481,375.776871
0.738804,0.001412,-0.107820,279.438068
0.062033,0.041906,0.000142,452.029120
0.581160,0.060236,-0.069910,321.258797
0.981767,0.064869,-0.173263,213.561574
0.824439,0.098390,-0.129674,256.414419
0.533865,0.079272,-0.060468,333.585021
0.420183,0.020799,-0.040319,362.872400
0.017765,0.065095,0.002756,462.726430
0.812613,0.088944,-0.125299,259.694912
0.731966,0.086421,-0.104247,281.382433
0.281785,0.029994,-0.020579,397.878603
0.654877,0.019327,-0.085884,301.877297
0.272342,0.006813,-0.019422,400.242141
0.399407,0.054406,-0.037022,368.171478
0.598442,0.067950,-0.073517,316.733107
0.026610,0.038240,0.002275,460.595199
0.494471,0.031937,-0.053080,343.789321
0.855810,0.053258,-0.137360,247.973586
0.294217,0.083670,-0.022139,394.761041
0.289005,0.006015,-0.021480,396.070239
0.176799,0.008489,-0.009065,423.967544
0.056441,0.032073,0.000501,453.384617
0.472558,0.016198,-0.049157,349.440066
0.210961,0.016122,-0.012487,415.522209
0.605346,0.092944,-0.074981,314.921483
0.911940,0.028103,-0.153862,232.630541
0.781362,0.028039,-0.116915,268.131072
0.197887,0.085772,-0.011140,418.757156
0.245792,0.064537,-0.016297,406.866589
0.210979,0.065942,-0.012488,415.516258
0.727335,0.082531,-0.103096,282.620136
0.198056,0.037156,-0.011157,418.716824
0.966715,0.077715,-0.170882,217.531811
0.105718,0.065793,-0.002948,441.402511
0.190604,0.051782,-0.010410,420.558742
0.411265,0.011422,-0.038889,365.149535
0.304312,0.085994,-0.023437,392.226876
0.941711,0.051197,-0.163000,224.439515
0.012414,0.056458,0.003037,464.015055
0.865540,0.074864,-0.140153,245.322221
0.951450,0.041860,-0.166047,221.752694
0.234424,0.024822,-0.015018,409.697044
0.615847,0.071484,-0.077235,312.163978
0.420964,0.004600,-0.040445,362.673258
0.764281,0.043138,-0.112454,272.724451
0.546919,0.057574,-0.063011,330.191694
0.821215,0.043930,-0.127656,257.367962
0.630551,0.098961,-0.082000,308.207739
0.349678,0.068297,-0.029610,380.792412
0.875985,0.044601,-0.143183,242.473602
0.033901,0.083745,0.001864,458.834718
0.250963,0.031434,-0.016891,405.578986
0.706424,0.050851,-0.097973,288.198996
0.832167,0.098254,-0.131696,254.326864
0.330280,0.030974,-0.026902,385.692140
0.412895,0.064193,-0.039149,364.731967
0.804782,0.045592,-0.123171,261.813327
0.130571,0.083445,-0.004933,435.326214
0.270102,0.000170,-0.017729,400.844710
0.054002,0.036857,0.000655,453.975248
0.161068,0.098323,-0.006957,427.853660
0.001323,0.005440,0.003593,466.683725
0.240518,0.093041,-0.015699,408.179136
0.942924,0.008532,-0.163377,224.106508
0.946434,0.026915,-0.164473,223.137684
0.666567,0.057347,-0.088559,298.783455
0.507088,0.024904,-0.055399,340.528078
0.000346,0.019326,0.000600,466.882514
0.761045,0.083705,-0.111619,273.592065
0.388073,0.087108,-0.035273,371.055002
0.431028,0.069731,-0.042087,360.097841
0.265403,0.099869,-0.017170,402.015290
0.087437,0.023554,-0.001594,445.858690
0.980245,0.050652,-0.175226,213.784605
0.023546,0.000947,-0.000270,461.299511
0.234219,0.078067,-0.014995,409.746616
0.402325,0.069008,-0.037478,367.427657
0.278415,0.048324,-0.020163,398.721571
0.697552,0.053826,-0.095838,290.560259
0.439508,0.023489,-0.043492,357.927897
0.912527,0.001700,-0.153115,232.540722
0.075432,0.100023,-0.001821,448.757972
0.631352,0.050783,-0.080619,308.084549
0.685580,0.060041,-0.092993,293.741716
0.423425,0.009372,-0.040844,362.044229
0.155428,0.086182,-0.007084,429.226993
0.664436,0.094793,-0.088069,299.346440
0.007275,0.067180,0.003299,465.251188
0.236857,0.019938,-0.015289,409.092248
0.134616,0.038889,-0.005272,434.336346
0.177781,0.073460,-0.009159,423.723489
0.306745,0.092227,-0.023754,391.615210
0.920863,0.038622,-0.156572,230.179199
0.327307,0.058446,-0.026496,386.440996
0.085214,0.000044,-0.002252,446.386243
0.662016,0.069819,-0.087513,299.987742
0.359285,0.026832,-0.030990,378.362380
0.408549,0.086721,-0.038458,365.840232
0.983075,0.009128,-0.171040,213.415607
-0.000011,0.077094,-0.000020,466.959477
0.217344,0.032694,-0.013160,413.938986
0.735965,0.075104,-0.105246,280.313230
0.418900,0.001674,-0.039488,363.225727
0.231121,0.005734,-0.014653,410.518898
0.647202,0.019105,-0.084149,303.905011
0.044758,0.018529,0.001224,456.212969
0.828109,0.083993,-0.129562,255.498453
0.839260,0.001329,-0.133559,252.412777
0.702437,0.000484,-0.098895,289.147947
0.036268,0.043898,0.001727,458.264040
0.246297,0.098659,-0.014982,406.778414
0.835738,0.070642,-0.131687,253.429441
0.878695,0.026041,-0.143974,241.733877
0.683513,0.000997,-0.094347,294.183292
0.838112,0.035316,-0.132351,252.786114
0.079962,0.001345,-0.002017,447.661460
0.504459,0.053766,-0.054912,341.207371
0.243711,0.000868,-0.014697,407.424890
0.130859,0.063923,-0.004957,435.256230
0.706582,0.048560,-0.098012,288.156811
0.410231,0.025303,-0.038725,365.413038
0.679133,0.000468,-0.093304,295.346979
0.687452,0.080071,-0.093436,293.243987
0.880303,0.045261,-0.144445,241.293969
0.210536,0.033935,-0.012442,415.627001
0.341940,0.021938,-0.028518,382.749506
0.218839,0.073286,-0.013319,413.566916
0.245059,0.071513,-0.016214,407.048945
0.361648,0.020241,-0.031333,377.764084
0.776547,0.058776,-0.115649,269.426226
0.039178,0.083909,0.001557,457.560041
0.421995,0.006769,-0.040612,362.409833
0.104382,0.023901,-0.002846,441.729796
0.465861,0.085221,-0.047985,351.161320
0.694963,0.086685,-0.095220,291.247756
-0.000842,0.065845,-0.001459,467.142475
0.181910,0.098253,-0.008655,422.725513
0.543491,0.073658,-0.062339,331.083199
0.216964,0.093084,-0.013119,414.031497
0.107912,0.016768,-0.003117,440.868363
0.529322,0.083255,-0.059594,334.764332
0.821731,0.034226,-0.127798,257.228433
0.306848,0.035790,-0.023768,391.590948
0.409555,0.019800,-0.038618,365.585627
0.146921,0.091066,-0.006329,431.316506
0.258311,0.024489,-0.017747,403.746707
0.152861,0.000352,-0.006335,429.871484
0.000875,0.086450,0.001515,466.764551
0.142300,0.000897,-0.005575,432.460806
0.165143,0.085995,-0.007969,426.837074
0.581221,0.041786,-0.069922,321.243564
0.136306,0.048832,-0.005415,433.921998
0.019035,0.089299,0.002689,462.419753
0.845058,0.061389,-0.134306,250.898152
0.280322,0.013958,-0.020398,398.245224
0.170264,0.035696,-0.008446,425.577315
0.738385,0.007144,-0.105853,279.667928
0.942950,0.057550,-0.163385,224.097887
0.273343,0.052975,-0.019543,399.990565
0.349992,0.090714,-0.029655,380.712340
0.115067,0.050564,-0.003676,439.119907
0.134425,0.022635,-0.005256,434.383767
0.890023,0.091987,-0.147307,238.634908
0.450154,0.024737,-0.045284,355.198060
0.696770,0.099154,-0.097526,290.653921
0.070370,0.099146,-0.001616,449.985350
0.442225,0.052708,-0.043946,357.230742
0.841826,0.083541,-0.133395,251.775793
0.647821,0.049610,-0.084288,303.740737
0.027637,0.053385,0.002218,460.347270
0.981920,0.079657,-0.173017,213.542627
0.910383,0.079670,-0.153392,233.056163
0.087702,0.038763,-0.001612,445.793740
0.884025,0.066974,-0.145537,240.276262
0.790557,0.054826,-0.119352,265.652608
0.273014,0.094500,-0.019503,400.071565
0.639323,0.041014,-0.082385,305.983680
0.871569,0.088707,-0.141898,243.677533
0.260155,0.088606,-0.017964,403.284486
0.203557,0.062685,-0.011718,417.354619
0.087488,0.005350,-0.001597,445.846871
-0.000765,0.015792,-0.001325,467.126937
0.614586,0.033281,-0.076962,312.496630
0.623177,0.058936,-0.078826,310.236639
0.224078,0.054550,-0.013883,412.267125
0.468258,0.048156,-0.048403,350.545921
0.398901,0.081170,-0.036943,368.299588
0.911662,0.032049,-0.153778,232.706717
0.681349,0.076366,-0.091998,294.864507
0.476533,0.093654,-0.049859,348.414277
0.027103,0.082713,0.002248,460.475113
0.824097,0.049736,-0.128451,256.587043
0.392425,0.077773,-0.035940,369.948420
0.001537,0.076664,0.003584,466.630142
0.513141,0.065718,-0.056527,338.959990
0.194939,0.050647,-0.010843,419.487190
0.187278,0.000183,-0.009121,421.404849
0.242597,0.066070,-0.015934,407.662287
0.079956,0.052428,-0.001064,447.677557
0.491569,0.074912,-0.052553,344.537400
0.419051,0.092984,-0.040136,363.159408
0.576757,0.011787,-0.069004,322.411481
0.126682,0.032040,-0.004612,436.279722
0.845914,0.073136,-0.134548,250.665120
0.766229,0.040881,-0.112959,272.201208
0.148448,0.092960,-0.006463,430.941676
0.055514,0.018553,0.000559,453.609751
0.982003,0.096757,-0.172905,213.530334
0.781663,0.087459,-0.116995,268.048165
0.406867,0.006839,-0.038192,366.271624
0.044849,0.026858,0.001218,456.190783
0.515337,0.069133,-0.056939,338.391361
0.776653,0.037429,-0.115677,269.398308
0.086375,0.032475,-0.001517,446.117038
0.937061,0.094654,-0.161555,225.719772
0.813028,0.076582,-0.125412,259.583043
0.503010,0.062205,-0.054645,341.581822
0.370432,0.069877,-0.032621,375.535967
0.982418,-0.000005,-0.172184,213.487655
0.149869,0.084040,-0.006588,430.592903
0.609697,0.052841,-0.075911,313.780306
0.169099,0.045477,-0.008337,425.864134
0.273365,0.036335,-0.019546,399.985492
0.582861,0.066860,-0.070261,320.813742
0.742316,0.058092,-0.106843,278.614247
0.195884,0.088690,-0.010937,419.252418
0.755566,0.085578,-0.110211,275.062475
0.757684,0.087843,-0.110755,274.494042
0.636729,0.048527,-0.081809,306.667432
0.215213,0.050431,-0.012934,414.467033
0.785456,0.057996,-0.117997,267.027496
0.184917,0.045755,-0.009850,421.963461
0.393866,0.028348,-0.036163,369.583055
0.099426,0.047621,-0.002472,442.937838
0.876051,0.022239,-0.143202,242.456170
0.447671,0.076495,-0.044863,355.833755
0.402115,0.031114,-0.037445,367.482134
0.455755,0.074283,-0.046239,353.758850
0.744128,0.029899,-0.107300,278.130004
0.310645,0.085313,-0.024265,390.635082
0.624592,0.032108,-0.079135,309.865001
0.629269,0.085989,-0.080161,308.632083
-0.000414,0.056029,-0.000717,467.048621
0.966378,0.078548,-0.170775,217.625054
0.551331,0.006538,-0.063882,329.044835
0.098721,0.010205,-0.002420,443.110766
0.668147,0.090378,-0.088924,298.364014
0.713984,0.093103,-0.099811,286.182899
0.093140,0.058468,-0.002006,444.469214
0.464727,0.025413,-0.047788,351.454614
0.296707,0.086409,-0.022457,394.136423
0.278589,0.020840,-0.020185,398.678988
0.133073,0.087243,-0.005142,434.713193
0.495494,0.016657,-0.053266,343.525487
0.208807,0.073020,-0.012261,416.054148
0.609556,0.056541,-0.075881,313.817349
0.619445,0.090082,-0.078014,311.217546
0.386984,0.094990,-0.035107,371.331683
0.480103,0.028200,-0.050493,347.496206
0.067104,0.022879,-0.000191,450.799734
0.151821,0.028345,-0.006762,430.114968
0.339368,0.029872,-0.028158,383.399022
0.934500,0.029133,-0.160761,226.427326
0.119136,0.074352,-0.003999,438.124604
0.648472,0.033679,-0.084435,303.569274
0.271198,0.042352,-0.019283,400.527015
0.252397,0.035623,-0.017057,405.221359
0.249942,0.034978,-0.016773,405.833590
0.622869,0.067952,-0.078759,310.317350
0.787708,0.092887,-0.118595,266.419603
0.455653,0.034594,-0.046222,353.786303
0.164182,0.098681,-0.007199,427.088599
0.186488,0.036519,-0.010004,421.575725
0.970361,0.089854,-0.172048,216.522118
0.705300,0.074653,-0.097702,288.497465
0.354469,0.076349,-0.030295,379.580346
0.055904,0.027484,0.000535,453.514874
0.002861,0.005611,0.003518,466.314090
0.649635,0.071991,-0.084697,303.260954
0.606977,0.012291,-0.075329,314.495704
0.711242,0.023284,-0.099142,286.916195
0.750160,0.024920,-0.108830,276.513982
0.318879,0.085112,-0.025358,388.563330
0.017630,0.093868,0.002764,462.758103
0.062040,0.038426,0.000142,452.027608
0.286088,0.000186,-0.019693,396.845505
0.759776,0.035549,-0.111292,273.934298
0.531853,0.072078,-0.060080,334.107790
0.113209,0.022007,-0.003530,439.574739
0.325769,0.027274,-0.026287,386.829471
0.654988,0.091955,-0.085910,301.845773
0.522658,0.017598,-0.058322,336.495297
0.983307,0.072645,-0.170604,213.390779
0.435066,0.008333,-0.042754,359.066102
0.870013,0.080940,-0.141447,244.102145
0.763008,0.071252,-0.112125,273.065430
0.757312,0.020477,-0.110659,274.595890
0.647749,0.053495,-0.084272,303.759579
0.237371,0.081672,-0.015346,408.962465
0.374437,0.004908,-0.033216,374.521737
0.099033,0.011876,-0.002443,443.034616
0.821560,0.094785,-0.127752,257.273020
0.838542,0.001389,-0.133370,252.606974
0.841162,0.040443,-0.133208,251.957371
0.028324,0.091681,0.002180,460.180460
0.084347,0.017295,-0.001373,446.610771
0.983101,0.013227,-0.170985,213.413330
0.831328,0.082432,-0.130457,254.625620
0.721217,0.050255,-0.101584,284.254709
0.637319,0.078160,-0.081940,306.510937
0.487341,0.007204,-0.051789,345.630554
0.576600,0.000131,-0.070057,322.397029
