0.025726,0.082030,0.000000,510.375000
0.709319,0.035987,0.000000,510.375000
0.263303,0.024966,0.000000,510.375000
0.871070,0.011828,0.000000,510.375000
0.455608,0.004820,0.000000,510.375000
0.418984,0.022437,0.000000,510.375000
0.222797,0.018769,0.000000,510.375000
0.153236,0.060092,0.000000,510.375000
0.386608,0.010409,0.000000,510.375000
0.291764,0.072744,0.000000,510.375000
0.996293,0.006168,0.000000,510.375000
0.801773,0.035966,0.000000,510.375000
0.892224,0.030590,0.000000,510.375000
0.229435,0.099672,0.000000,510.375000
0.414153,0.052479,0.000000,510.375000
0.930460,0.014298,0.000000,510.375000
0.938768,0.075521,0.000000,510.375000
0.560175,0.028012,0.000000,510.375000
0.942937,0.032896,0.000000,510.375000
0.847099,0.035278,0.000000,510.375000
0.271996,0.016908,0.000000,510.375000
0.519637,0.062455,0.000000,510.375000
0.492820,0.083100,0.000000,510.375000
0.485375,0.036404,0.000000,510.375000
0.519274,0.003010,0.000000,510.375000
0.705618,0.025558,0.000000,510.375000
0.300274,0.091699,0.000000,510.375000
0.810475,0.066859,0.000000,510.375000
0.051733,0.045178,0.000000,510.375000
0.922048,0.049621,0.000000,510.375000
0.117936,0.024396,0.000000,510.375000
0.293510,0.022810,0.000000,510.375000
0.230464,0.074833,0.000000,510.375000
0.272065,0.002704,0.000000,510.375000
0.043810,0.034531,0.000000,510.375000
0.185877,0.041444,0.000000,510.375000
0.137028,0.058009,0.000000,510.375000
0.528536,0.054874,0.000000,510.375000
0.902572,0.014340,0.000000,510.375000
0.733403,0.075806,0.000000,510.375000
0.275858,0.052776,0.000000,510.375000
0.817757,0.092296,0.000000,510.375000
0.050185,0.071837,0.000000,510.375000
0.522424,0.022864,0.000000,510.375000
0.136705,0.075511,0.000000,510.375000
0.361579,0.060004,0.000000,510.375000
0.358649,0.075117,0.000000,510.375000
0.802213,0.058386,0.000000,510.375000
0.485652,0.097061,0.000000,510.375000
0.468562,0.053611,0.000000,510.375000
0.559101,0.052822,0.000000,510.375000
0.843127,0.074352,0.000000,510.375000
0.140411,0.031256,0.000000,510.375000
0.752739,0.009633,0.000000,510.375000
0.915833,0.039216,0.000000,510.375000
0.532784,0.055378,0.000000,510.375000
0.618891,0.080738,0.000000,510.375000
0.487130,0.008754,0.000000,510.375000
0.447067,0.068570,0.000000,510.375000
0.142825,0.022933,0.000000,510.375000
0.113740,0.027846,0.000000,510.375000
0.124287,0.054635,0.000000,510.375000
0.198502,0.046243,0.000000,510.375000
0.495211,0.067743,0.000000,510.375000
0.792016,0.062360,0.000000,510.375000
0.075899,0.088925,0.000000,510.375000
0.938156,0.027071,0.000000,510.375000
0.509601,0.082361,0.000000,510.375000
0.304057,0.077579,0.000000,510.375000
0.703093,0.084520,0.000000,510.375000
0.178496,0.042976,0.000000,510.375000
0.989901,0.015750,0.000000,510.375000
0.486082,0.031680,0.000000,510.375000
0.867466,0.098734,0.000000,510.375000
0.302930,0.048338,0.000000,510.375000
0.035435,0.020927,0.000000,510.375000
0.170339,0.003162,0.000000,510.375000
0.567864,0.021021,0.000000,510.375000
0.182426,0.097472,0.000000,510.375000
0.670706,0.043229,0.000000,510.375000
0.450132,0.002461,0.000000,510.375000
0.096204,0.058689,0.000000,510.375000
0.418045,0.079819,0.000000,510.375000
0.416375,0.023290,0.000000,510.375000
0.077088,0.045656,0.000000,510.375000
0.868879,0.099467,0.000000,510.375000
0.909601,0.062412,0.000000,510.375000
0.177377,0.074319,0.000000,510.375000
0.930739,0.068224,0.000000,510.375000
0.808939,0.029793,0.000000,510.375000
0.797477,0.079883,0.000000,510.375000
0.152054,0.008260,0.000000,510.375000
0.368418,0.019889,0.000000,510.375000
0.236473,0.040547,0.000000,510.375000
0.126033,0.026765,0.000000,510.375000
0.930131,0.071201,0.000000,510.375000
0.688296,0.091151,0.000000,510.375000
0.216317,0.009536,0.000000,510.375000
0.093011,0.012272,0.000000,510.375000
0.642691,0.022687,0.000000,510.375000
0.738431,0.041784,0.000000,510.375000
0.483380,0.016077,0.000000,510.375000
0.359835,0.095549,0.000000,510.375000
0.121994,0.027545,0.000000,510.375000
0.900069,0.096812,0.000000,510.375000
0.062992,0.031018,0.000000,510.375000
0.242884,0.063594,0.000000,510.375000
0.217078,0.065548,0.000000,510.375000
0.856604,0.059971,0.000000,510.375000
0.919764,0.033470,0.000000,510.375000
0.235145,0.029978,0.000000,510.375000
0.322848,0.032131,0.000000,510.375000
0.224212,0.043008,0.000000,510.375000
0.459960,0.017988,0.000000,510.375000
0.792668,0.085903,0.000000,510.375000
0.813526,0.061515,0.000000,510.375000
0.895185,0.094182,0.000000,510.375000
0.044170,0.012419,0.000000,510.375000
0.765761,0.083723,0.000000,510.375000
0.134916,0.034332,0.000000,510.375000
0.202877,0.003023,0.000000,510.375000
0.004221,0.035949,0.000000,510.375000
0.882670,0.080157,0.000000,510.375000
0.812063,0.048344,0.000000,510.375000
0.813650,0.078679,0.000000,510.375000
0.572521,0.041180,0.000000,510.375000
0.007135,0.042729,0.000000,510.375000
0.380046,0.049090,0.000000,510.375000
0.168319,0.076010,0.000000,510.375000
0.159227,0.010374,0.000000,510.375000
0.695189,0.059154,0.000000,510.375000
0.829540,0.054410,0.000000,510.375000
0.672520,0.033596,0.000000,510.375000
0.209618,0.086594,0.000000,510.375000
0.897045,0.007550,0.000000,510.375000
0.455916,0.003755,0.000000,510.375000
0.357003,0.015008,0.000000,510.375000
0.761267,0.081236,0.000000,510.375000
0.480379,0.017411,0.000000,510.375000
0.293591,0.036317,0.000000,510.375000
0.696714,0.003114,0.000000,510.375000
0.835754,0.095116,0.000000,510.375000
0.508546,0.064654,0.000000,510.375000
0.677826,0.016501,0.000000,510.375000
0.063148,0.086959,0.000000,510.375000
0.824642,0.039250,0.000000,510.375000
0.778539,0.011525,0.000000,510.375000
0.852781,0.004354,0.000000,510.375000
0.787251,0.005838,0.000000,510.375000
0.712128,0.018886,0.000000,510.375000
0.097726,0.063695,0.000000,510.375000
0.524163,0.040584,0.000000,510.375000
0.150203,0.071639,0.000000,510.375000
0.639476,0.067254,0.000000,510.375000
0.587067,0.034841,0.000000,510.375000
0.911156,0.027812,0.000000,510.375000
0.018064,0.059924,0.000000,510.375000
0.291636,0.057830,0.000000,510.375000
0.777948,0.018237,0.000000,510.375000
0.856703,0.010705,0.000000,510.375000
0.530471,0.062357,0.000000,510.375000
0.575910,0.050739,0.000000,510.375000
0.189717,0.048558,0.000000,510.375000
0.104822,0.052982,0.000000,510.375000
0.583882,0.023855,0.000000,510.375000
0.339043,0.078914,0.000000,510.375000
0.332225,0.025608,0.000000,510.375000
0.536579,0.087917,0.000000,510.375000
0.579491,0.070072,0.000000,510.375000
0.277144,0.065047,0.000000,510.375000
0.859205,0.000607,0.000000,510.375000
0.619393,0.037196,0.000000,510.375000
0.282958,0.039865,0.000000,510.375000
0.596741,0.008559,0.000000,510.375000
0.317996,0.023803,0.000000,510.375000
0.184939,0.035051,0.000000,510.375000
0.579768,0.024738,0.000000,510.375000
0.091665,0.054460,0.000000,510.375000
0.535955,0.068070,0.000000,510.375000
0.334954,0.082506,0.000000,510.375000
0.902759,0.049531,0.000000,510.375000
0.824243,0.058297,0.000000,510.375000
0.145468,0.006359,0.000000,510.375000
0.430907,0.005517,0.000000,510.375000
0.516951,0.001350,0.000000,510.375000
0.412485,0.041956,0.000000,510.375000
0.648104,0.018459,0.000000,510.375000
0.719282,0.081373,0.000000,510.375000
0.943243,0.059848,0.000000,510.375000
0.228304,0.097083,0.000000,510.375000
0.504431,0.047542,0.000000,510.375000
0.972083,0.009880,0.000000,510.375000
0.025671,0.065596,0.000000,510.375000
0.716033,0.086922,0.000000,510.375000
0.030673,0.018028,0.000000,510.375000
0.694576,0.030657,0.000000,510.375000
0.201616,0.046006,0.000000,510.375000
0.508520,0.048497,0.000000,510.375000
0.484153,0.057151,0.000000,510.375000
0.208662,0.095377,0.000000,510.375000
0.066430,0.095883,0.000000,510.375000
0.962131,0.078108,0.000000,510.375000
0.145995,0.089834,0.000000,510.375000
0.506889,0.090870,0.000000,510.375000
0.443987,0.021832,0.000000,510.375000
0.622927,0.006213,0.000000,510.375000
0.505508,0.010069,0.000000,510.375000
0.440810,0.007830,0.000000,510.375000
0.464377,0.074809,0.000000,510.375000
0.934342,0.013751,0.000000,510.375000
0.778243,0.050780,0.000000,510.375000
0.494833,0.050914,0.000000,510.375000
0.320182,0.007768,0.000000,510.375000
0.603840,0.023423,0.000000,510.375000
0.021123,0.018021,0.000000,510.375000
0.216426,0.033230,0.000000,510.375000
0.240742,0.014516,0.000000,510.375000
0.902900,0.092027,0.000000,510.375000
0.586714,0.092361,0.000000,510.375000
0.359337,0.004761,0.000000,510.375000
0.968528,0.027894,0.000000,510.375000
0.009899,0.054030,0.000000,510.375000
0.907194,0.087794,0.000000,510.375000
0.076067,0.054310,0.000000,510.375000
0.967154,0.002206,0.000000,510.375000
0.366666,0.042918,0.000000,510.375000
0.840780,0.020129,0.000000,510.375000
0.248010,0.044073,0.000000,510.375000
0.992200,0.062370,0.000000,510.375000
0.129733,0.042601,0.000000,510.375000
0.046103,0.065512,0.000000,510.375000
0.626943,0.085934,0.000000,510.375000
0.096413,0.075678,0.000000,510.375000
0.552840,0.082577,0.000000,510.375000
0.521675,0.029075,0.000000,510.375000
0.446065,0.055313,0.000000,510.375000
0.955939,0.068751,0.000000,510.375000
0.664683,0.047454,0.000000,510.375000
0.618327,0.027557,0.000000,510.375000
0.531275,0.028226,0.000000,510.375000
0.554615,0.087048,0.000000,510.375000
0.119859,0.072797,0.000000,510.375000
0.841950,0.020998,0.000000,510.375000
0.118633,0.050213,0.000000,510.375000
0.945711,0.009741,0.000000,510.375000
0.181770,0.035072,0.000000,510.375000
0.802815,0.040603,0.000000,510.375000
0.527650,0.088764,0.000000,510.375000
0.825942,0.096657,0.000000,510.375000
0.373018,0.017475,0.000000,510.375000
0.600937,0.056059,0.000000,510.375000
0.645844,0.008863,0.000000,510.375000
0.688838,0.073035,0.000000,510.375000
0.261006,0.041586,0.000000,510.375000
0.056384,0.022979,0.000000,510.375000
0.785031,0.081225,0.000000,510.375000
0.684923,0.094800,0.000000,510.375000
0.082530,0.033495,0.000000,510.375000
0.174267,0.002470,0.000000,510.375000
0.114317,0.027019,0.000000,510.375000
0.594102,0.035390,0.000000,510.375000
0.563919,0.086879,0.000000,510.375000
0.100217,0.062201,0.000000,510.375000
0.399830,0.083148,0.000000,510.375000
0.911927,0.068972,0.000000,510.375000
0.850909,0.011553,0.000000,510.375000
0.998033,0.054656,0.000000,510.375000
0.522882,0.049731,0.000000,510.375000
0.838093,0.012133,0.000000,510.375000
0.241571,0.012520,0.000000,510.375000
0.689688,0.037785,0.000000,510.375000
0.418624,0.056795,0.000000,510.375000
0.786812,0.070381,0.000000,510.375000
0.547579,0.048543,0.000000,510.375000
0.604474,0.008756,0.000000,510.375000
0.853128,0.048066,0.000000,510.375000
0.835034,0.046783,0.000000,510.375000
0.494494,0.012891,0.000000,510.375000
0.366533,0.083690,0.000000,510.375000
0.601195,0.095763,0.000000,510.375000
0.006346,0.041374,0.000000,510.375000
0.502304,0.086238,0.000000,510.375000
0.249947,0.075428,0.000000,510.375000
0.297200,0.001444,0.000000,510.375000
0.555416,0.086774,0.000000,510.375000
0.413556,0.085289,0.000000,510.375000
0.340959,0.096214,0.000000,510.375000
0.779338,0.047389,0.000000,510.375000
0.473518,0.056838,0.000000,510.375000
0.688003,0.038256,0.000000,510.375000
0.348268,0.023635,0.000000,510.375000
0.342190,0.090338,0.000000,510.375000
0.155589,0.043425,0.000000,510.375000
0.543688,0.073760,0.000000,510.375000
0.026572,0.036104,0.000000,510.375000
0.196404,0.075884,0.000000,510.375000
0.342616,0.097635,0.000000,510.375000
0.206212,0.046841,0.000000,510.375000
0.253314,0.014180,0.000000,510.375000
0.512742,0.081658,0.000000,510.375000
0.511111,0.015557,0.000000,510.375000
0.766687,0.045590,0.000000,510.375000
0.686011,0.090302,0.000000,510.375000
0.279668,0.025483,0.000000,510.375000
0.175536,0.051293,0.000000,510.375000
0.594523,0.058778,0.000000,510.375000
0.830767,0.038051,0.000000,510.375000
0.487107,0.080612,0.000000,510.375000
0.609383,0.048578,0.000000,510.375000
0.871540,0.020728,0.000000,510.375000
0.748280,0.014644,0.000000,510.375000
0.534720,0.017864,0.000000,510.375000
0.955843,0.055257,0.000000,510.375000
0.779372,0.026721,0.000000,510.375000
0.500349,0.051337,0.000000,510.375000
0.200303,0.064098,0.000000,510.375000
0.498959,0.013841,0.000000,510.375000
0.425805,0.021876,0.000000,510.375000
0.527624,0.095786,0.000000,510.375000
0.898716,0.094512,0.000000,510.375000
0.059542,0.053316,0.000000,510.375000
0.642310,0.092659,0.000000,510.375000
0.443445,0.055126,0.000000,510.375000
0.628445,0.075881,0.000000,510.375000
0.931897,0.098630,0.000000,510.375000
0.571972,0.065617,0.000000,510.375000
0.955984,0.005537,0.000000,510.375000
0.854481,0.018769,0.000000,510.375000
0.242946,0.012908,0.000000,510.375000
0.247351,0.050416,0.000000,510.375000
0.597019,0.030442,0.000000,510.375000
0.617993,0.000601,0.000000,510.375000
0.592193,0.050712,0.000000,510.375000
0.035370,0.041749,0.000000,510.375000
0.039236,0.021101,0.000000,510.375000
0.664313,0.078784,0.000000,510.375000
0.920562,0.098037,0.000000,510.375000
0.842781,0.088230,0.000000,510.375000
0.711885,0.097599,0.000000,510.375000
0.875040,0.094579,0.000000,510.375000
0.446311,0.079867,0.000000,510.375000
0.910131,0.060697,0.000000,510.375000
0.385021,0.032788,0.000000,510.375000
0.559757,0.056253,0.000000,510.375000
0.956846,0.039688,0.000000,510.375000
0.462837,0.050012,0.000000,510.375000
0.277927,0.032203,0.000000,510.375000
0.888838,0.069818,0.000000,510.375000
0.408303,0.055280,0.000000,510.375000
0.453271,0.029784,0.000000,510.375000
0.978005,0.056209,0.000000,510.375000
0.841029,0.067575,0.000000,510.375000
0.989426,0.033203,0.000000,510.375000
0.657984,0.012442,0.000000,510.375000
0.291003,0.002610,0.000000,510.375000
0.042419,0.093089,0.000000,510.375000
0.653316,0.000390,0.000000,510.375000
0.260305,0.093740,0.000000,510.375000
0.697404,0.041059,0.000000,510.375000
0.297024,0.074619,0.000000,510.375000
0.275865,0.093730,0.000000,510.375000
0.336027,0.093255,0.000000,510.375000
0.405363,0.073552,0.000000,510.375000
0.868310,0.086757,0.000000,510.375000
0.929331,0.059293,0.000000,510.375000
0.099566,0.056178,0.000000,510.375000
0.631711,0.093939,0.000000,510.375000
0.598686,0.053180,0.000000,510.375000
0.197440,0.007239,0.000000,510.375000
0.727145,0.031593,0.000000,510.375000
0.914234,0.044318,0.000000,510.375000
0.805885,0.001717,0.000000,510.375000
0.390129,0.038893,0.000000,510.375000
0.734483,0.018245,0.000000,510.375000
0.195690,0.079582,0.000000,510.375000
0.351019,0.029284,0.000000,510.375000
0.556178,0.063507,0.000000,510.375000
0.897788,0.087133,0.000000,510.375000
0.110399,0.052476,0.000000,510.375000
0.425858,0.080379,0.000000,510.375000
0.987132,0.012989,0.000000,510.375000
0.432264,0.010777,0.000000,510.375000
0.136634,0.052160,0.000000,510.375000
0.822467,0.026972,0.000000,510.375000
0.345677,0.013636,0.000000,510.375000
0.955134,0.043390,0.000000,510.375000
0.175764,0.092482,0.000000,510.375000
0.981089,0.059416,0.000000,510.375000
0.577225,0.087225,0.000000,510.375000
0.573993,0.082082,0.000000,510.375000
0.585869,0.072364,0.000000,510.375000
0.969602,0.079671,0.000000,510.375000
0.922662,0.063686,0.000000,510.375000
0.530811,0.038065,0.000000,510.375000
0.728227,0.053816,0.000000,510.375000
0.641044,0.007416,0.000000,510.375000
0.608838,0.027928,0.000000,510.375000
0.520522,0.005727,0.000000,510.375000
0.342739,0.025877,0.000000,510.375000
0.630032,0.081106,0.000000,510.375000
0.166439,0.049122,0.000000,510.375000
0.302807,0.004114,0.000000,510.375000
0.363608,0.033530,0.000000,510.375000
0.700545,0.067642,0.000000,510.375000
0.552535,0.088385,0.000000,510.375000
0.726323,0.088198,0.000000,510.375000
0.417937,0.010766,0.000000,510.375000
0.236087,0.024086,0.000000,510.375000
0.763766,0.017551,0.000000,510.375000
0.845344,0.091152,0.000000,510.375000
0.104585,0.033538,0.000000,510.375000
0.268430,0.000778,0.000000,510.375000
0.608801,0.085766,0.000000,510.375000
0.859083,0.020836,0.000000,510.375000
0.198385,0.089500,0.000000,510.375000
0.608654,0.064329,0.000000,510.375000
0.309241,0.066721,0.000000,510.375000
0.674167,0.048481,0.000000,510.375000
0.829397,0.076082,0.000000,510.375000
0.339478,0.097534,0.000000,510.375000
0.625209,0.037644,0.000000,510.375000
0.637686,0.032454,0.000000,510.375000
0.383183,0.030519,0.000000,510.375000
0.175313,0.042871,0.000000,510.375000
0.248203,0.078065,0.000000,510.375000
0.081232,0.004512,0.000000,510.375000
0.409756,0.020581,0.000000,510.375000
0.647842,0.004284,0.000000,510.375000
0.811271,0.088053,0.000000,510.375000
0.399561,0.098603,0.000000,510.375000
0.077524,0.077512,0.000000,510.375000
0.815822,0.026361,0.000000,510.375000
0.050160,0.050485,0.000000,510.375000
0.225992,0.034024,0.000000,510.375000
0.872943,0.062602,0.000000,510.375000
0.975539,0.054950,0.000000,510.375000
0.763273,0.068840,0.000000,510.375000
0.353424,0.059254,0.000000,510.375000
0.774511,0.002656,0.000000,510.375000
0.154075,0.039974,0.000000,510.375000
0.231348,0.037515,0.000000,510.375000
0.627367,0.002367,0.000000,510.375000
0.664159,0.082901,0.000000,510.375000
0.056167,0.027596,0.000000,510.375000
0.258556,0.005777,0.000000,510.375000
0.810374,0.067220,0.000000,510.375000
0.894067,0.032481,0.000000,510.375000
0.775522,0.057085,0.000000,510.375000
0.601803,0.071926,0.000000,510.375000
0.627440,0.029139,0.000000,510.375000
0.611160,0.026272,0.000000,510.375000
0.253255,0.084156,0.000000,510.375000
0.514926,0.057617,0.000000,510.375000
0.694675,0.067416,0.000000,510.375000
0.129609,0.022867,0.000000,510.375000
0.256581,0.030869,0.000000,510.375000
0.675839,0.068867,0.000000,510.375000
0.819479,0.057120,0.000000,510.375000
0.261875,0.085156,0.000000,510.375000
0.649675,0.001291,0.000000,510.375000
0.000030,0.004745,0.000000,510.375000
0.232014,0.082009,0.000000,510.375000
0.326352,0.094088,0.000000,510.375000
0.764716,0.093967,0.000000,510.375000
0.526384,0.004380,0.000000,510.375000
0.511028,0.030458,0.000000,510.375000
0.361255,0.087455,0.000000,510.375000
0.571173,0.034864,0.000000,510.375000
0.697014,0.015627,0.000000,510.375000
0.020224,0.053878,0.000000,510.375000
0.581927,0.020475,0.000000,510.375000
0.378687,0.049645,0.000000,510.375000
0.424844,0.093252,0.000000,510.375000
0.913935,0.060994,0.000000,510.375000
0.294257,0.068769,0.000000,510.375000
0.012144,0.044382,0.000000,510.375000
0.094177,0.045873,0.000000,510.375000
0.111611,0.053061,0.000000,510.375000
0.190810,0.059825,0.000000,510.375000
0.880301,0.020353,0.000000,510.375000
0.530489,0.091438,0.000000,510.375000
0.069191,0.044733,0.000000,510.375000
0.052658,0.047492,0.000000,510.375000
0.356118,0.011791,0.000000,510.375000
0.784494,0.035988,0.000000,510.375000
0.080970,0.013774,0.000000,510.375000
0.673946,0.059388,0.000000,510.375000
0.674607,0.021362,0.000000,510.375000
0.832711,0.037064,0.000000,510.375000
0.999334,0.067548,0.000000,510.375000
0.317393,0.048979,0.000000,510.375000
0.412164,0.020852,0.000000,510.375000
0.673378,0.010495,0.000000,510.375000
0.882547,0.027252,0.000000,510.375000
0.844783,0.027645,0.000000,510.375000
0.355657,0.001453,0.000000,510.375000
0.438880,0.068554,0.000000,510.375000
0.517954,0.025852,0.000000,510.375000
0.442240,0.093723,0.000000,510.375000
0.261979,0.028415,0.000000,510.375000
0.413838,0.072864,0.000000,510.375000
0.315667,0.013410,0.000000,510.375000
0.560298,0.025702,0.000000,510.375000
0.755224,0.038433,0.000000,510.375000
0.859445,0.066423,0.000000,510.375000
0.285219,0.004129,0.000000,510.375000
0.598293,0.045627,0.000000,510.375000
0.612103,0.066548,0.000000,510.375000
0.174640,0.085134,0.000000,510.375000
0.049667,0.056113,0.000000,510.375000
0.499431,0.075232,0.000000,510.375000
0.650116,0.080338,0.000000,510.375000
0.872689,0.022688,0.000000,510.375000
0.870086,0.067377,0.000000,510.375000
0.331424,0.081966,0.000000,510.375000
0.361788,0.085727,0.000000,510.375000
0.204006,0.054347,0.000000,510.375000
0.329089,0.068877,0.000000,510.375000
0.830728,0.030189,0.000000,510.375000
0.539098,0.005077,0.000000,510.375000
0.055553,0.008756,0.000000,510.375000
0.687055,0.007707,0.000000,510.375000
0.724092,0.022941,0.000000,510.375000
0.436458,0.009181,0.000000,510.375000
0.261807,0.024055,0.000000,510.375000
0.959158,0.008876,0.000000,510.375000
0.784443,0.024357,0.000000,510.375000
0.927469,0.011683,0.000000,510.375000
0.938879,0.003686,0.000000,510.375000
0.478015,0.088616,0.000000,510.375000
0.692988,0.066450,0.000000,510.375000
0.172688,0.006771,0.000000,510.375000
0.070666,0.084575,0.000000,510.375000
0.373954,0.037171,0.000000,510.375000
0.861073,0.038606,0.000000,510.375000
0.277030,0.053083,0.000000,510.375000
0.910109,0.025787,0.000000,510.375000
0.687777,0.005609,0.000000,510.375000
0.514368,0.093435,0.000000,510.375000
0.276608,0.064619,0.000000,510.375000
0.355747,0.029116,0.000000,510.375000
0.054883,0.011366,0.000000,510.375000
0.656733,0.080479,0.000000,510.375000
0.803466,0.010186,0.000000,510.375000
0.968750,0.090018,0.000000,510.375000
0.110681,0.027700,0.000000,510.375000
0.965450,0.035949,0.000000,510.375000
0.657709,0.000093,0.000000,510.375000
0.747950,0.099744,0.000000,510.375000
0.820581,0.044046,0.000000,510.375000
0.259696,0.068652,0.000000,510.375000
0.850263,0.034579,0.000000,510.375000
0.472287,0.041614,0.000000,510.375000
0.603158,0.065192,0.000000,510.375000
0.060260,0.035872,0.000000,510.375000
0.391170,0.012224,0.000000,510.375000
0.055942,0.024113,0.000000,510.375000
0.541667,0.086492,0.000000,510.375000
0.480513,0.018940,0.000000,510.375000
0.998772,0.083502,0.000000,510.375000
0.893368,0.099185,0.000000,510.375000
0.135916,0.064713,0.000000,510.375000
0.963373,0.044032,0.000000,510.375000
0.797582,0.011838,0.000000,510.375000
0.847815,0.062592,0.000000,510.375000
0.389738,0.000103,0.000000,510.375000
0.433216,0.031778,0.000000,510.375000
0.791963,0.036222,0.000000,510.375000
0.642774,0.014462,0.000000,510.375000
0.610845,0.021559,0.000000,510.375000
0.735665,0.020926,0.000000,510.375000
0.353580,0.013837,0.000000,510.375000
0.807582,0.078620,0.000000,510.375000
0.789212,0.027943,0.000000,510.375000
0.443503,0.043347,0.000000,510.375000
0.005126,0.063614,0.000000,510.375000
0.677414,0.044592,0.000000,510.375000
0.950876,0.022911,0.000000,510.375000
0.329574,0.099707,0.000000,510.375000
0.630057,0.061953,0.000000,510.375000
0.723752,0.051105,0.000000,510.375000
0.501831,0.073608,0.000000,510.375000
0.150908,0.072133,0.000000,510.375000
0.464244,0.040668,0.000000,510.375000
0.015947,0.093395,0.000000,510.375000
0.203341,0.065984,0.000000,510.375000
0.952151,0.030825,0.000000,510.375000
0.441673,0.020813,0.000000,510.375000
0.971080,0.018493,0.000000,510.375000
0.764042,0.048259,0.000000,510.375000
0.032904,0.048963,0.000000,510.375000
0.540863,0.014664,0.000000,510.375000
0.871458,0.039094,0.000000,510.375000
0.780493,0.081163,0.000000,510.375000
0.158616,0.088329,0.000000,510.375000
0.229283,0.023352,0.000000,510.375000
0.346511,0.058527,0.000000,510.375000
0.865118,0.066556,0.000000,510.375000
0.634727,0.070174,0.000000,510.375000
0.571173,0.003292,0.000000,510.375000
0.251871,0.021632,0.000000,510.375000
0.172332,0.071618,0.000000,510.375000
0.286053,0.064726,0.000000,510.375000
0.018782,0.020509,0.000000,510.375000
0.112812,0.004286,0.000000,510.375000
0.044602,0.051339,0.000000,510.375000
0.422666,0.028274,0.000000,510.375000
0.891390,0.076847,0.000000,510.375000
0.409691,0.022224,0.000000,510.375000
0.276052,0.058695,0.000000,510.375000
0.080705,0.095698,0.000000,510.375000
0.330486,0.051895,0.000000,510.375000
0.991062,0.086254,0.000000,510.375000
0.230744,0.066118,0.000000,510.375000
0.865194,0.047614,0.000000,510.375000
0.560050,0.019079,0.000000,510.375000
0.302786,0.038066,0.000000,510.375000
0.849610,0.065439,0.000000,510.375000
0.454424,0.069158,0.000000,510.375000
0.355291,0.091831,0.000000,510.375000
0.993842,0.077146,0.000000,510.375000
0.601375,0.023125,0.000000,510.375000
0.992784,0.036644,0.000000,510.375000
0.808270,0.066798,0.000000,510.375000
0.517754,0.006531,0.000000,510.375000
0.454937,0.060792,0.000000,510.375000
0.324466,0.024787,0.000000,510.375000
0.929986,0.039983,0.000000,510.375000
0.604306,0.058037,0.000000,510.375000
0.853245,0.039910,0.000000,510.375000
0.404513,0.080741,0.000000,510.375000
0.489945,0.085996,0.000000,510.375000
0.762505,0.028017,0.000000,510.375000
0.565020,0.061151,0.000000,510.375000
0.015066,0.016029,0.000000,510.375000
0.159412,0.042353,0.000000,510.375000
0.073770,0.021065,0.000000,510.375000
0.304211,0.036044,0.000000,510.375000
0.403380,0.011939,0.000000,510.375000
0.027207,0.066277,0.000000,510.375000
0.364572,0.088962,0.000000,510.375000
0.289179,0.010335,0.000000,510.375000
0.116301,0.028904,0.000000,510.375000
0.112133,0.093385,0.000000,510.375000
0.006394,0.066371,0.000000,510.375000
0.251368,0.025720,0.000000,510.375000
0.975470,0.028809,0.000000,510.375000
0.599667,0.092407,0.000000,510.375000
0.355605,0.028604,0.000000,510.375000
0.350790,0.086737,0.000000,510.375000
0.563007,0.054841,0.000000,510.375000
0.586524,0.058280,0.000000,510.375000
0.265080,0.051930,0.000000,510.375000
0.590231,0.083345,0.000000,510.375000
0.945229,0.092388,0.000000,510.375000
0.982352,0.066421,0.000000,510.375000
0.184121,0.080060,0.000000,510.375000
0.426494,0.010703,0.000000,510.375000
0.446539,0.004410,0.000000,510.375000
0.985483,0.091844,0.000000,510.375000
0.554620,0.076347,0.000000,510.375000
0.630227,0.017062,0.000000,510.375000
0.654378,0.081911,0.000000,510.375000
0.616451,0.072326,0.000000,510.375000
0.889769,0.041197,0.000000,510.375000
0.569143,0.092627,0.000000,510.375000
0.244420,0.084454,0.000000,510.375000
0.632965,0.071829,0.000000,510.375000
0.808928,0.001696,0.000000,510.375000
0.036712,0.098118,0.000000,510.375000
0.787430,0.086327,0.000000,510.375000
0.881076,0.029166,0.000000,510.375000
0.830344,0.021788,0.000000,510.375000
0.347461,0.079927,0.000000,510.375000
0.450196,0.096551,0.000000,510.375000
0.560325,0.028883,0.000000,510.375000
0.797429,0.019237,0.000000,510.375000
0.943590,0.040040,0.000000,510.375000
0.940995,0.046710,0.000000,510.375000
0.816932,0.063023,0.000000,510.375000
0.024668,0.021700,0.000000,510.375000
0.995017,0.068030,0.000000,510.375000
0.503892,0.051192,0.000000,510.375000
0.070759,0.054730,0.000000,510.375000
0.848328,0.013539,0.000000,510.375000
0.919622,0.081138,0.000000,510.375000
0.769691,0.026254,0.000000,510.375000
0.401070,0.067544,0.000000,510.375000
0.277602,0.032106,0.000000,510.375000
0.998029,0.099785,0.000000,510.375000
0.190299,0.048676,0.000000,510.375000
0.043818,0.064653,0.000000,510.375000
0.825251,0.059588,0.000000,510.375000
0.837122,0.044157,0.000000,510.375000
0.733242,0.093337,0.000000,510.375000
0.345391,0.015811,0.000000,510.375000
0.934208,0.060323,0.000000,510.375000
0.255223,0.085790,0.000000,510.375000
0.731682,0.030504,0.000000,510.375000
0.077603,0.053695,0.000000,510.375000
0.715901,0.018575,0.000000,510.375000
0.155175,0.007597,0.000000,510.375000
0.511662,0.071446,0.000000,510.375000
0.905530,0.095712,0.000000,510.375000
0.537905,0.086425,0.000000,510.375000
0.736583,0.007311,0.000000,510.375000
0.751583,0.080165,0.000000,510.375000
0.368677,0.007238,0.000000,510.375000
0.426666,0.082674,0.000000,510.375000
0.606833,0.046760,0.000000,510.375000
0.497564,0.036089,0.000000,510.375000
0.150550,0.030151,0.000000,510.375000
0.059003,0.000019,0.000000,510.375000
0.526926,0.092561,0.000000,510.375000
0.350944,0.057529,0.000000,510.375000
0.474897,0.080923,0.000000,510.375000
0.741371,0.008915,0.000000,510.375000
0.091333,0.025243,0.000000,510.375000
0.186394,0.092973,0.000000,510.375000
0.075909,0.077519,0.000000,510.375000
0.059708,0.069103,0.000000,510.375000
0.285072,0.038647,0.000000,510.375000
0.370301,0.066708,0.000000,510.375000
0.428849,0.086397,0.000000,510.375000
0.948297,0.030151,0.000000,510.375000
0.583914,0.067902,0.000000,510.375000
0.782247,0.025977,0.000000,510.375000
0.352729,0.055529,0.000000,510.375000
0.245526,0.031171,0.000000,510.375000
0.089796,0.068108,0.000000,510.375000
0.383969,0.057981,0.000000,510.375000
0.273384,0.040765,0.000000,510.375000
0.512697,0.052548,0.000000,510.375000
0.669779,0.060733,0.000000,510.375000
0.891189,0.037198,0.000000,510.375000
0.435176,0.026317,0.000000,510.375000
0.610950,0.038236,0.000000,510.375000
0.496983,0.015889,0.000000,510.375000
0.427418,0.013210,0.000000,510.375000
0.929503,0.063001,0.000000,510.375000
0.843312,0.055732,0.000000,510.375000
0.581281,0.088571,0.000000,510.375000
0.354593,0.055011,0.000000,510.375000
0.980044,0.033558,0.000000,510.375000
0.915653,0.072310,0.000000,510.375000
0.564321,0.005689,0.000000,510.375000
0.599452,0.049771,0.000000,510.375000
0.697776,0.037705,0.000000,510.375000
0.737935,0.088205,0.000000,510.375000
0.584986,0.050515,0.000000,510.375000
0.113867,0.009430,0.000000,510.375000
0.941284,0.053987,0.000000,510.375000
0.113290,0.067204,0.000000,510.375000
0.599546,0.031813,0.000000,510.375000
0.627383,0.057553,0.000000,510.375000
0.002406,0.023566,0.000000,510.375000
0.040799,0.090431,0.000000,510.375000
0.930826,0.032298,0.000000,510.375000
0.768895,0.027560,0.000000,510.375000
0.725857,0.064491,0.000000,510.375000
0.527865,0.036826,0.000000,510.375000
0.643430,0.049761,0.000000,510.375000
0.224121,0.027714,0.000000,510.375000
0.717893,0.026452,0.000000,510.375000
0.189073,0.084577,0.000000,510.375000
0.422509,0.080966,0.000000,510.375000
0.805103,0.069548,0.000000,510.375000
0.979343,0.034125,0.000000,510.375000
0.562481,0.098781,0.000000,510.375000
0.496474,0.094434,0.000000,510.375000
0.791039,0.092508,0.000000,510.375000
0.522813,0.081287,0.000000,510.375000
0.747166,0.076406,0.000000,510.375000
0.294644,0.034064,0.000000,510.375000
0.770208,0.060595,0.000000,510.375000
0.540580,0.062239,0.000000,510.375000
0.846189,0.060754,0.000000,510.375000
0.046501,0.000972,0.000000,510.375000
0.239490,0.064766,0.000000,510.375000
0.625144,0.041167,0.000000,510.375000
0.879247,0.078876,0.000000,510.375000
0.082843,0.080609,0.000000,510.375000
0.962134,0.038261,0.000000,510.375000
0.776412,0.064476,0.000000,510.375000
0.393130,0.008721,0.000000,510.375000
0.689393,0.025750,0.000000,510.375000
0.697522,0.010761,0.000000,510.375000
0.818007,0.061035,0.000000,510.375000
0.560023,0.085231,0.000000,510.375000
0.165232,0.051374,0.000000,510.375000
0.905083,0.056311,0.000000,510.375000
0.391896,0.084413,0.000000,510.375000
0.508941,0.058552,0.000000,510.375000
0.293595,0.009585,0.000000,510.375000
0.008386,0.084646,0.000000,510.375000
0.813116,0.044053,0.000000,510.375000
0.199619,0.015688,0.000000,510.375000
0.753493,0.038083,0.000000,510.375000
0.257898,0.095463,0.000000,510.375000
0.847544,0.095689,0.000000,510.375000
0.618494,0.063780,0.000000,510.375000
0.345950,0.093743,0.000000,510.375000
0.741605,0.065297,0.000000,510.375000
0.219939,0.086787,0.000000,510.375000
0.283074,0.050241,0.000000,510.375000
0.159728,0.011405,0.000000,510.375000
0.109006,0.094999,0.000000,510.375000
0.276871,0.087601,0.000000,510.375000
0.633453,0.089951,0.000000,510.375000
0.304265,0.009124,0.000000,510.375000
0.509534,0.090225,0.000000,510.375000
0.762602,0.086184,0.000000,510.375000
0.311414,0.053286,0.000000,510.375000
0.864846,0.048613,0.000000,510.375000
0.649483,0.070771,0.000000,510.375000
0.780289,0.042110,0.000000,510.375000
0.207615,0.011972,0.000000,510.375000
0.139070,0.004771,0.000000,510.375000
0.256834,0.019866,0.000000,510.375000
0.061722,0.036392,0.000000,510.375000
0.481848,0.040056,0.000000,510.375000
0.814976,0.016143,0.000000,510.375000
0.573516,0.055713,0.000000,510.375000
0.921595,0.035023,0.000000,510.375000
0.271807,0.023758,0.000000,510.375000
0.239445,0.013316,0.000000,510.375000
0.856256,0.021024,0.000000,510.375000
0.810400,0.013892,0.000000,510.375000
0.016576,0.099968,0.000000,510.375000
0.328321,0.009167,0.000000,510.375000
0.805165,0.008460,0.000000,510.375000
0.774072,0.024576,0.000000,510.375000
0.273860,0.076557,0.000000,510.375000
0.731173,0.018985,0.000000,510.375000
0.811207,0.029028,0.000000,510.375000
0.365013,0.075464,0.000000,510.375000
0.118329,0.012462,0.000000,510.375000
0.120644,0.027711,0.000000,510.375000
0.193431,0.056596,0.000000,510.375000
0.477675,0.080701,0.000000,510.375000
0.459136,0.087581,0.000000,510.375000
0.963769,0.047760,0.000000,510.375000
0.185185,0.031031,0.000000,510.375000
0.283832,0.049566,0.000000,510.375000
0.252012,0.072853,0.000000,510.375000
0.230125,0.017944,0.000000,510.375000
0.166373,0.045767,0.000000,510.375000
0.899273,0.077036,0.000000,510.375000
0.726530,0.003132,0.000000,510.375000
0.034943,0.063432,0.000000,510.375000
0.117562,0.001746,0.000000,510.375000
0.568088,0.046518,0.000000,510.375000
0.737810,0.053088,0.000000,510.375000
0.266736,0.083020,0.000000,510.375000
0.771632,0.097277,0.000000,510.375000
0.767346,0.077299,0.000000,510.375000
0.068046,0.045764,0.000000,510.375000
0.772891,0.034286,0.000000,510.375000
0.352365,0.049560,0.000000,510.375000
0.199839,0.094648,0.000000,510.375000
0.014491,0.091938,0.000000,510.375000
0.144069,0.088534,0.000000,510.375000
0.385512,0.085423,0.000000,510.375000
0.429264,0.024959,0.000000,510.375000
0.250277,0.027172,0.000000,510.375000
0.861771,0.056527,0.000000,510.375000
0.638752,0.069927,0.000000,510.375000
0.887048,0.091889,0.000000,510.375000
0.454766,0.029496,0.000000,510.375000
0.764587,0.010453,0.000000,510.375000
0.314597,0.035316,0.000000,510.375000
0.754559,0.022807,0.000000,510.375000
0.301670,0.095270,0.000000,510.375000
0.504269,0.056443,0.000000,510.375000
0.840718,0.064687,0.000000,510.375000
0.913543,0.031936,0.000000,510.375000
0.491704,0.062907,0.000000,510.375000
0.593818,0.039540,0.000000,510.375000
0.855506,0.046357,0.000000,510.375000
0.362976,0.042945,0.000000,510.375000
0.491210,0.047075,0.000000,510.375000
0.395312,0.005162,0.000000,510.375000
0.707568,0.020286,0.000000,510.375000
0.798005,0.015138,0.000000,510.375000
0.355140,0.010893,0.000000,510.375000
0.183545,0.044776,0.000000,510.375000
0.358241,0.057913,0.000000,510.375000
0.924607,0.083038,0.000000,510.375000
0.225157,0.017621,0.000000,510.375000
0.650188,0.033647,0.000000,510.375000
0.941345,0.042887,0.000000,510.375000
0.244848,0.022572,0.000000,510.375000
0.256762,0.081172,0.000000,510.375000
0.229158,0.070028,0.000000,510.375000
0.325914,0.059481,0.000000,510.375000
0.999016,0.094960,0.000000,510.375000
0.773409,0.010275,0.000000,510.375000
0.930610,0.003498,0.000000,510.375000
0.814812,0.089626,0.000000,510.375000
0.418858,0.008818,0.000000,510.375000
0.987467,0.061269,0.000000,510.375000
0.721270,0.070538,0.000000,510.375000
0.983102,0.091555,0.000000,510.375000
0.572921,0.098816,0.000000,510.375000
0.132681,0.056774,0.000000,510.375000
0.799932,0.026898,0.000000,510.375000
0.223849,0.004546,0.000000,510.375000
0.441658,0.022378,0.000000,510.375000
0.913914,0.069909,0.000000,510.375000
0.483234,0.015711,0.000000,510.375000
0.163688,0.050194,0.000000,510.375000
0.234248,0.042752,0.000000,510.375000
0.486502,0.021234,0.000000,510.375000
0.962646,0.002426,0.000000,510.375000
0.492052,0.070293,0.000000,510.375000
0.039649,0.093453,0.000000,510.375000
0.198512,0.018277,0.000000,510.375000
0.970701,0.010882,0.000000,510.375000
0.606533,0.034735,0.000000,510.375000
0.397330,0.033596,0.000000,510.375000
0.839869,0.034884,0.000000,510.375000
0.336290,0.036758,0.000000,510.375000
0.844514,0.022313,0.000000,510.375000
0.916438,0.086254,0.000000,510.375000
0.627506,0.077136,0.000000,510.375000
0.455598,0.022924,0.000000,510.375000
0.725194,0.089800,0.000000,510.375000
0.727543,0.006517,0.000000,510.375000
0.955921,0.048339,0.000000,510.375000
0.727647,0.086249,0.000000,510.375000
0.527077,0.033499,0.000000,510.375000
0.956806,0.078418,0.000000,510.375000
0.987240,0.082656,0.000000,510.375000
0.026663,0.010729,0.000000,510.375000
0.738202,0.095272,0.000000,510.375000
0.260147,0.002530,0.000000,510.375000
0.859644,0.046695,0.000000,510.375000
0.499553,0.090346,0.000000,510.375000
0.736750,0.087432,0.000000,510.375000
0.828867,0.004977,0.000000,510.375000
0.812948,0.039942,0.000000,510.375000
0.394817,0.047547,0.000000,510.375000
0.092829,0.032300,0.000000,510.375000
0.832674,0.040492,0.000000,510.375000
0.353206,0.041437,0.000000,510.375000
0.385363,0.009557,0.000000,510.375000
0.573544,0.054946,0.000000,510.375000
0.940045,0.078603,0.000000,510.375000
0.518187,0.063602,0.000000,510.375000
0.256176,0.037473,0.000000,510.375000
0.309081,0.092582,0.000000,510.375000
0.397177,0.093891,0.000000,510.375000
0.675048,0.092778,0.000000,510.375000
0.699086,0.038520,0.000000,510.375000
0.456287,0.029932,0.000000,510.375000
0.399515,0.058639,0.000000,510.375000
0.359300,0.087436,0.000000,510.375000
0.239587,0.095016,0.000000,510.375000
0.034676,0.010996,0.000000,510.375000
0.029458,0.043351,0.000000,510.375000
0.558483,0.006398,0.000000,510.375000
0.121138,0.058747,0.000000,510.375000
0.658075,0.091081,0.000000,510.375000
0.684710,0.076472,0.000000,510.375000
0.744015,0.040120,0.000000,510.375000
0.808606,0.047470,0.000000,510.375000
0.898437,0.037453,0.000000,510.375000
0.969737,0.011518,0.000000,510.375000
0.775560,0.035813,0.000000,510.375000
0.586240,0.036146,0.000000,510.375000
0.483751,0.047702,0.000000,510.375000
0.883059,0.058133,0.000000,510.375000
0.644859,0.083448,0.000000,510.375000
0.480906,0.020435,0.000000,510.375000
0.798353,0.074187,0.000000,510.375000
0.118998,0.068135,0.000000,510.375000
0.124553,0.057161,0.000000,510.375000
0.410143,0.038677,0.000000,510.375000
0.239499,0.097817,0.000000,510.375000
0.732123,0.077469,0.000000,510.375000
0.557470,0.050523,0.000000,510.375000
0.297517,0.040496,0.000000,510.375000
0.146855,0.072404,0.000000,510.375000
0.030816,0.049450,0.000000,510.375000
0.459030,0.082098,0.000000,510.375000
0.863359,0.036650,0.000000,510.375000
0.353300,0.071676,0.000000,510.375000
0.924192,0.024606,0.000000,510.375000
0.098794,0.023347,0.000000,510.375000
0.134339,0.049173,0.000000,510.375000
0.641624,0.030442,0.000000,510.375000
0.967493,0.045817,0.000000,510.375000
0.334257,0.063078,0.000000,510.375000
0.602825,0.096368,0.000000,510.375000
0.426765,0.072855,0.000000,510.375000
0.473211,0.064643,0.000000,510.375000
0.200457,0.098942,0.000000,510.375000
0.074365,0.066476,0.000000,510.375000
0.682528,0.032718,0.000000,510.375000
0.253075,0.093955,0.000000,510.375000
0.450906,0.054519,0.000000,510.375000
0.438920,0.089480,0.000000,510.375000
0.759001,0.019086,0.000000,510.375000
0.697214,0.064209,0.000000,510.375000
0.077662,0.085021,0.000000,510.375000
0.989648,0.006964,0.000000,510.375000
0.582283,0.001071,0.000000,510.375000
0.784300,0.008907,0.000000,510.375000
0.322394,0.045043,0.000000,510.375000
0.490257,0.091662,0.000000,510.375000
0.432455,0.002026,0.000000,510.375000
0.441500,0.000377,0.000000,510.375000
0.432175,0.072587,0.000000,510.375000
0.908975,0.005413,0.000000,510.375000
0.230240,0.050443,0.000000,510.375000
0.680622,0.016015,0.000000,510.375000
0.563659,0.000915,0.000000,510.375000
0.666692,0.028408,0.000000,510.375000
0.661844,0.006630,0.000000,510.375000
0.532715,0.087013,0.000000,510.375000
0.783187,0.039703,0.000000,510.375000
0.049392,0.067239,0.000000,510.375000
0.004327,0.079048,0.000000,510.375000
0.774047,0.064089,0.000000,510.375000
0.065122,0.032477,0.000000,510.375000
0.731201,0.004833,0.000000,510.375000
0.405751,0.046251,0.000000,510.375000
0.742130,0.007111,0.000000,510.375000
0.760548,0.081155,0.000000,510.375000
0.591587,0.059320,0.000000,510.375000
0.303523,0.050870,0.000000,510.375000
0.242104,0.009461,0.000000,510.375000
0.106217,0.066214,0.000000,510.375000
0.105560,0.087240,0.000000,510.375000
0.029884,0.047088,0.000000,510.375000
0.628102,0.081930,0.000000,510.375000
0.502626,0.071514,0.000000,510.375000
0.118378,0.039954,0.000000,510.375000
0.121865,0.006457,0.000000,510.375000
0.398477,0.032757,0.000000,510.375000
0.053178,0.060745,0.000000,510.375000
0.016199,0.011233,0.000000,510.375000
0.437396,0.086571,0.000000,510.375000
0.548064,0.096893,0.000000,510.375000
0.739553,0.011882,0.000000,510.375000
0.957982,0.025750,0.000000,510.375000
0.917064,0.032031,0.000000,510.375000
0.723369,0.017352,0.000000,510.375000
0.175146,0.076731,0.000000,510.375000
0.370609,0.076522,0.000000,510.375000
0.979288,0.068067,0.000000,510.375000
0.360490,0.075205,0.000000,510.375000
0.317058,0.002885,0.000000,510.375000
0.391936,0.004650,0.000000,510.375000
0.762059,0.095856,0.000000,510.375000
0.401031,0.005150,0.000000,510.375000
0.143617,0.065489,0.000000,510.375000
0.660329,0.068092,0.000000,510.375000
0.246336,0.003797,0.000000,510.375000
0.675980,0.063985,0.000000,510.375000
0.234227,0.032966,0.000000,510.375000
0.175394,0.065491,0.000000,510.375000
0.076499,0.012374,0.000000,510.375000
0.176725,0.044436,0.000000,510.375000
0.074355,0.067987,0.000000,510.375000
0.686780,0.094949,0.000000,510.375000
0.700949,0.078876,0.000000,510.375000
0.847812,0.094040,0.000000,510.375000
0.254205,0.076221,0.000000,510.375000
0.085866,0.003511,0.000000,510.375000
0.610996,0.077687,0.000000,510.375000
0.355648,0.083053,0.000000,510.375000
0.651149,0.054094,0.000000,510.375000
0.962247,0.016523,0.000000,510.375000
0.893674,0.064125,0.000000,510.375000
0.789074,0.067778,0.000000,510.375000
0.330330,0.051162,0.000000,510.375000
0.991062,0.023785,0.000000,510.375000
0.259465,0.078468,0.000000,510.375000
0.903585,0.040949,0.000000,510.375000
0.251740,0.092104,0.000000,510.375000
0.816529,0.062198,0.000000,510.375000
0.546707,0.018750,0.000000,510.375000
0.246214,0.048507,0.000000,510.375000
0.894827,0.012780,0.000000,510.375000
0.194169,0.085882,0.000000,510.375000
0.568489,0.095465,0.000000,510.375000
0.422922,0.019353,0.000000,510.375000
0.927064,0.095165,0.000000,510.375000
0.775115,0.045376,0.000000,510.375000
0.444476,0.061548,0.000000,510.375000
0.005832,0.002803,0.000000,510.375000
0.624033,0.086229,0.000000,510.375000
0.796764,0.052381,0.000000,510.375000
0.784581,0.027605,0.000000,510.375000
0.931787,0.072192,0.000000,510.375000
0.406250,0.094169,0.000000,510.375000
0.405584,0.004856,0.000000,510.375000
0.895559,0.015811,0.000000,510.375000
0.720092,0.018528,0.000000,510.375000
0.557170,0.085147,0.000000,510.375000
0.173044,0.031993,0.000000,510.375000
0.814467,0.059853,0.000000,510.375000
0.972007,0.094585,0.000000,510.375000
0.723087,0.031049,0.000000,510.375000
0.186306,0.067011,0.000000,510.375000
0.853952,0.090786,0.000000,510.375000
0.303102,0.051108,0.000000,510.375000
0.407589,0.018849,0.000000,510.375000
0.852504,0.066029,0.000000,510.375000
0.947209,0.042434,0.000000,510.375000
0.622399,0.021492,0.000000,510.375000
0.729096,0.079637,0.000000,510.375000
0.132744,0.066819,0.000000,510.375000
0.777532,0.017659,0.000000,510.375000
0.068585,0.005388,0.000000,510.375000
0.755085,0.069616,0.000000,510.375000
0.814440,0.039243,0.000000,510.375000
0.453950,0.035111,0.000000,510.375000
0.538936,0.073761,0.000000,510.375000
0.137274,0.051372,0.000000,510.375000
0.200135,0.062562,0.000000,510.375000
0.860457,0.053600,0.000000,510.375000
0.243074,0.089660,0.000000,510.375000
0.276620,0.057313,0.000000,510.375000
0.671899,0.051317,0.000000,510.375000
0.783965,0.037093,0.000000,510.375000
0.705021,0.002717,0.000000,510.375000
0.579626,0.047864,0.000000,510.375000
0.676574,0.096314,0.000000,510.375000
0.457697,0.042522,0.000000,510.375000
0.547845,0.029552,0.000000,510.375000
0.248481,0.048203,0.000000,510.375000
0.069401,0.098957,0.000000,510.375000
0.412043,0.043811,0.000000,510.375000
0.149613,0.098770,0.000000,510.375000
0.506163,0.013792,0.000000,510.375000
0.491765,0.012855,0.000000,510.375000
0.358030,0.068419,0.000000,510.375000
0.022269,0.017745,0.000000,510.375000
0.965624,0.052681,0.000000,510.375000
0.904114,0.014758,0.000000,510.375000
0.935626,0.080057,0.000000,510.375000
0.219537,0.039495,0.000000,510.375000
0.002928,0.043640,0.000000,510.375000
0.877487,0.032835,0.000000,510.375000
0.319087,0.005880,0.000000,510.375000
0.293712,0.039019,0.000000,510.375000
0.558449,0.042938,0.000000,510.375000
0.742045,0.042883,0.000000,510.375000
0.380323,0.001073,0.000000,510.375000
0.820034,0.020434,0.000000,510.375000
0.173321,0.095937,0.000000,510.375000
0.362287,0.033215,0.000000,510.375000
0.719029,0.067192,0.000000,510.375000
0.234797,0.013224,0.000000,510.375000
0.682319,0.043923,0.000000,510.375000
0.932986,0.001507,0.000000,510.375000
0.007080,0.016366,0.000000,510.375000
0.540816,0.010099,0.000000,510.375000
0.826496,0.015896,0.000000,510.375000
0.548818,0.016716,0.000000,510.375000
0.010710,0.057180,0.000000,510.375000
0.043595,0.037395,0.000000,510.375000
0.655393,0.007600,0.000000,510.375000
0.375239,0.082633,0.000000,510.375000
0.856813,0.011025,0.000000,510.375000
0.146388,0.006868,0.000000,510.375000
0.495289,0.084167,0.000000,510.375000
0.468646,0.058678,0.000000,510.375000
0.997389,0.042734,0.000000,510.375000
0.860775,0.053541,0.000000,510.375000
0.516260,0.082657,0.000000,510.375000
0.812746,0.076169,0.000000,510.375000
0.707020,0.080473,0.000000,510.375000
0.897129,0.001565,0.000000,510.375000
0.809479,0.030198,0.000000,510.375000
0.137853,0.014480,0.000000,510.375000
0.785051,0.072521,0.000000,510.375000
0.354483,0.067166,0.000000,510.375000
0.153584,0.033976,0.000000,510.375000
0.761864,0.092723,0.000000,510.375000
0.057414,0.032600,0.000000,510.375000
0.743723,0.053698,0.000000,510.375000
0.347255,0.031571,0.000000,510.375000
0.019066,0.015830,0.000000,510.375000
0.079274,0.010967,0.000000,510.375000
0.259523,0.016358,0.000000,510.375000
0.748311,0.061752,0.000000,510.375000
0.529894,0.005611,0.000000,510.375000
0.758661,0.001431,0.000000,510.375000
0.282518,0.016348,0.000000,510.375000
0.541119,0.099028,0.000000,510.375000
0.776131,0.058304,0.000000,510.375000
0.165123,0.019218,0.000000,510.375000
0.331531,0.030698,0.000000,510.375000
0.818284,0.072057,0.000000,510.375000
0.200133,0.059068,0.000000,510.375000
0.567237,0.040807,0.000000,510.375000
0.919849,0.092008,0.000000,510.375000
0.556409,0.080820,0.000000,510.375000
0.869068,0.028931,0.000000,510.375000
0.667383,0.038808,0.000000,510.375000
0.891058,0.071831,0.000000,510.375000
0.677036,0.012372,0.000000,510.375000
0.622730,0.027339,0.000000,510.375000
0.944556,0.054469,0.000000,510.375000
0.851347,0.005665,0.000000,510.375000
0.405167,0.095309,0.000000,510.375000
0.134739,0.016622,0.000000,510.375000
0.002161,0.063177,0.000000,510.375000
0.867838,0.046959,0.000000,510.375000
0.764129,0.003175,0.000000,510.375000
0.112063,0.097543,0.000000,510.375000
0.462871,0.061117,0.000000,510.375000
0.401578,0.090310,0.000000,510.375000
0.305252,0.035071,0.000000,510.375000
0.470317,0.078351,0.000000,510.375000
0.944712,0.060365,0.000000,510.375000
0.206342,0.078406,0.000000,510.375000
0.042584,0.097065,0.000000,510.375000
0.287287,0.000280,0.000000,510.375000
0.342156,0.037935,0.000000,510.375000
0.284812,0.048128,0.000000,510.375000
0.141431,0.045123,0.000000,510.375000
0.069482,0.044150,0.000000,510.375000
0.912412,0.013005,0.000000,510.375000
0.233117,0.001667,0.000000,510.375000
0.060524,0.087521,0.000000,510.375000
0.708085,0.062504,0.000000,510.375000
0.742555,0.032672,0.000000,510.375000
0.620913,0.029059,0.000000,510.375000
0.002820,0.015447,0.000000,510.375000
0.138725,0.010186,0.000000,510.375000
0.134021,0.003103,0.000000,510.375000
0.056174,0.060801,0.000000,510.375000
0.453472,0.006562,0.000000,510.375000
0.411013,0.092236,0.000000,510.375000
0.062980,0.092082,0.000000,510.375000
0.850651,0.016264,0.000000,510.375000
0.524157,0.061752,0.000000,510.375000
0.200630,0.096500,0.000000,510.375000
0.859498,0.044798,0.000000,510.375000
0.674543,0.022977,0.000000,510.375000
0.385330,0.032998,0.000000,510.375000
0.365387,0.070722,0.000000,510.375000
0.975985,0.012504,0.000000,510.375000
0.222118,0.085111,0.000000,510.375000
0.162388,0.095944,0.000000,510.375000
0.876488,0.038747,0.000000,510.375000
0.220818,0.073603,0.000000,510.375000
0.333764,0.061503,0.000000,510.375000
0.765853,0.011793,0.000000,510.375000
0.430316,0.019339,0.000000,510.375000
0.282040,0.012138,0.000000,510.375000
0.630487,0.009219,0.000000,510.375000
0.653178,0.093669,0.000000,510.375000
0.098725,0.000012,0.000000,510.375000
0.217147,0.040375,0.000000,510.375000
0.486521,0.089958,0.000000,510.375000
0.421157,0.044973,0.000000,510.375000
0.430710,0.009586,0.000000,510.375000
0.936067,0.052301,0.000000,510.375000
0.654625,0.044987,0.000000,510.375000
0.136900,0.069410,0.000000,510.375000
0.475487,0.061188,0.000000,510.375000
0.391080,0.094820,0.000000,510.375000
0.172873,0.057589,0.000000,510.375000
0.293323,0.033792,0.000000,510.375000
0.154482,0.060947,0.000000,510.375000
0.972330,0.032748,0.000000,510.375000
0.715037,0.001991,0.000000,510.375000
0.897401,0.083815,0.000000,510.375000
0.172859,0.053949,0.000000,510.375000
0.801692,0.017204,0.000000,510.375000
0.133014,0.081534,0.000000,510.375000
0.946934,0.009743,0.000000,510.375000
0.532236,0.061090,0.000000,510.375000
0.942125,0.082749,0.000000,510.375000
0.604586,0.024760,0.000000,510.375000
0.147480,0.013718,0.000000,510.375000
0.821766,0.026154,0.000000,510.375000
0.821688,0.093578,0.000000,510.375000
0.115864,0.075061,0.000000,510.375000
0.103184,0.084857,0.000000,510.375000
0.548403,0.089845,0.000000,510.375000
0.952301,0.056250,0.000000,510.375000
0.681648,0.001402,0.000000,510.375000
0.682052,0.065001,0.000000,510.375000
0.704392,0.094066,0.000000,510.375000
0.369706,0.037659,0.000000,510.375000
0.125448,0.077462,0.000000,510.375000
0.931549,0.013811,0.000000,510.375000
0.391093,0.036531,0.000000,510.375000
0.904223,0.045304,0.000000,510.375000
0.002673,0.051910,0.000000,510.375000
0.417556,0.002995,0.000000,510.375000
0.251154,0.061578,0.000000,510.375000
0.808354,0.098830,0.000000,510.375000
0.370327,0.057156,0.000000,510.375000
0.755484,0.042550,0.000000,510.375000
0.279009,0.084679,0.000000,510.375000
0.195075,0.003365,0.000000,510.375000
0.633399,0.008018,0.000000,510.375000
0.861220,0.005318,0.000000,510.375000
0.859459,0.077240,0.000000,510.375000
0.466619,0.009305,0.000000,510.375000
0.472035,0.041456,0.000000,510.375000
0.817780,0.045270,0.000000,510.375000
0.026380,0.059180,0.000000,510.375000
0.278108,0.083358,0.000000,510.375000
0.532855,0.089567,0.000000,510.375000
0.587946,0.023012,0.000000,510.375000
0.563764,0.044707,0.000000,510.375000
0.375843,0.031134,0.000000,510.375000
0.901268,0.081324,0.000000,510.375000
0.565440,0.083600,0.000000,510.375000
0.306507,0.061872,0.000000,510.375000
0.652874,0.079660,0.000000,510.375000
0.531184,0.049561,0.000000,510.375000
0.690090,0.039062,0.000000,510.375000
0.712586,0.071180,0.000000,510.375000
0.641271,0.010051,0.000000,510.375000
0.272723,0.033751,0.000000,510.375000
0.832402,0.066688,0.000000,510.375000
0.637522,0.083384,0.000000,510.375000
0.154983,0.035235,0.000000,510.375000
0.848460,0.027075,0.000000,510.375000
0.257207,0.009629,0.000000,510.375000
0.117831,0.055360,0.000000,510.375000
0.026571,0.016973,0.000000,510.375000
0.332978,0.005155,0.000000,510.375000
0.174410,0.032940,0.000000,510.375000
0.755721,0.064585,0.000000,510.375000
0.617106,0.036273,0.000000,510.375000
0.624411,0.069195,0.000000,510.375000
0.832599,0.007754,0.000000,510.375000
0.306721,0.006086,0.000000,510.375000
0.297875,0.019392,0.000000,510.375000
0.287666,0.066197,0.000000,510.375000
0.640714,0.038967,0.000000,510.375000
0.247138,0.054646,0.000000,510.375000
0.125982,0.078042,0.000000,510.375000
0.643476,0.066894,0.000000,510.375000
0.651509,0.096537,0.000000,510.375000
0.652690,0.095381,0.000000,510.375000
0.696417,0.090595,0.000000,510.375000
0.019599,0.024078,0.000000,510.375000
0.005082,0.076797,0.000000,510.375000
0.093781,0.099295,0.000000,510.375000
0.516586,0.068994,0.000000,510.375000
0.988668,0.049557,0.000000,510.375000
0.410825,0.011081,0.000000,510.375000
0.334031,0.029269,0.000000,510.375000
0.054969,0.020429,0.000000,510.375000
0.782983,0.037472,0.000000,510.375000
0.608569,0.029762,0.000000,510.375000
0.321333,0.085719,0.000000,510.375000
0.982644,0.061585,0.000000,510.375000
0.471742,0.054151,0.000000,510.375000
0.295669,0.063342,0.000000,510.375000
0.085170,0.073444,0.000000,510.375000
0.530732,0.035672,0.000000,510.375000
0.979316,0.017377,0.000000,510.375000
0.267623,0.084320,0.000000,510.375000
0.443004,0.052118,0.000000,510.375000
0.166858,0.004517,0.000000,510.375000
0.360464,0.058098,0.000000,510.375000
0.737999,0.054913,0.000000,510.375000
0.146834,0.087141,0.000000,510.375000
0.123290,0.042059,0.000000,510.375000
0.929616,0.068061,0.000000,510.375000
0.892167,0.085787,0.000000,510.375000
0.538619,0.048378,0.000000,510.375000
0.307968,0.076225,0.000000,510.375000
0.479414,0.010109,0.000000,510.375000
0.791827,0.044516,0.000000,510.375000
0.744808,0.046584,0.000000,510.375000
0.743669,0.031729,0.000000,510.375000
0.083798,0.075625,0.000000,510.375000
0.179353,0.071059,0.000000,510.375000
0.002398,0.060597,0.000000,510.375000
0.079853,0.034845,0.000000,510.375000
0.066149,0.035139,0.000000,510.375000
0.962838,0.056202,0.000000,510.375000
0.286177,0.069941,0.000000,510.375000
0.152443,0.038276,0.000000,510.375000
0.572186,0.063322,0.000000,510.375000
0.326992,0.089799,0.000000,510.375000
0.064026,0.073392,0.000000,510.375000
0.034035,0.059523,0.000000,510.375000
0.540407,0.015378,0.000000,510.375000
0.045635,0.047339,0.000000,510.375000
0.551182,0.009816,0.000000,510.375000
0.110878,0.039308,0.000000,510.375000
0.816801,0.017682,0.000000,510.375000
0.335492,0.035640,0.000000,510.375000
0.053288,0.041757,0.000000,510.375000
0.665456,0.042254,0.000000,510.375000
0.627809,0.020104,0.000000,510.375000
0.637235,0.033420,0.000000,510.375000
0.649992,0.088457,0.000000,510.375000
0.694966,0.068991,0.000000,510.375000
0.627187,0.003552,0.000000,510.375000
0.518206,0.007681,0.000000,510.375000
0.734956,0.087823,0.000000,510.375000
0.357049,0.020061,0.000000,510.375000
0.018603,0.063215,0.000000,510.375000
0.107468,0.091874,0.000000,510.375000
0.427918,0.055579,0.000000,510.375000
0.683042,0.001704,0.000000,510.375000
0.157538,0.039741,0.000000,510.375000
0.114013,0.001433,0.000000,510.375000
0.450263,0.040782,0.000000,510.375000
0.330518,0.076205,0.000000,510.375000
0.496148,0.075453,0.000000,510.375000
0.404339,0.077286,0.000000,510.375000
0.166953,0.052754,0.000000,510.375000
0.594613,0.055733,0.000000,510.375000
0.348795,0.052608,0.000000,510.375000
0.521667,0.070851,0.000000,510.375000
0.279737,0.067001,0.000000,510.375000
0.135542,0.048464,0.000000,510.375000
0.811328,0.088650,0.000000,510.375000
0.034649,0.030934,0.000000,510.375000
0.245685,0.060658,0.000000,510.375000
0.639994,0.037080,0.000000,510.375000
0.255824,0.013901,0.000000,510.375000
0.245048,0.039010,0.000000,510.375000
0.570443,0.027347,0.000000,510.375000
0.721491,0.003480,0.000000,510.375000
0.767254,0.046702,0.000000,510.375000
0.633611,0.063783,0.000000,510.375000
0.327626,0.018428,0.000000,510.375000
0.987952,0.067133,0.000000,510.375000
0.227021,0.088215,0.000000,510.375000
0.506464,0.063102,0.000000,510.375000
0.145156,0.006791,0.000000,510.375000
0.764767,0.041608,0.000000,510.375000
0.927242,0.062687,0.000000,510.375000
0.450012,0.041749,0.000000,510.375000
0.274275,0.093535,0.000000,510.375000
0.269651,0.065769,0.000000,510.375000
0.403262,0.042270,0.000000,510.375000
0.421783,0.087283,0.000000,510.375000
0.650558,0.007923,0.000000,510.375000
0.676875,0.052875,0.000000,510.375000
0.514720,0.039917,0.000000,510.375000
0.642250,0.056667,0.000000,510.375000
0.004405,0.084326,0.000000,510.375000
0.278151,0.026085,0.000000,510.375000
0.954890,0.038293,0.000000,510.375000
0.583159,0.006212,0.000000,510.375000
0.311105,0.099767,0.000000,510.375000
0.332251,0.057979,0.000000,510.375000
0.139855,0.037016,0.000000,510.375000
0.421961,0.046100,0.000000,510.375000
0.688084,0.035987,0.000000,510.375000
0.527185,0.061890,0.000000,510.375000
0.635593,0.009832,0.000000,510.375000
0.938408,0.067315,0.000000,510.375000
0.519590,0.098937,0.000000,510.375000
0.712759,0.083114,0.000000,510.375000
0.628405,0.084418,0.000000,510.375000
0.893568,0.061514,0.000000,510.375000
0.549391,0.036214,0.000000,510.375000
0.382324,0.029598,0.000000,510.375000
0.021237,0.019163,0.000000,510.375000
0.981293,0.075926,0.000000,510.375000
0.186245,0.086630,0.000000,510.375000
0.681633,0.029621,0.000000,510.375000
0.669250,0.011074,0.000000,510.375000
0.733353,0.069708,0.000000,510.375000
0.487655,0.016497,0.000000,510.375000
0.204652,0.043070,0.000000,510.375000
0.456524,0.097740,0.000000,510.375000
0.912713,0.090190,0.000000,510.375000
0.473913,0.038222,0.000000,510.375000
0.824747,0.085896,0.000000,510.375000
0.701408,0.042939,0.000000,510.375000
0.825513,0.023918,0.000000,510.375000
0.775521,0.042789,0.000000,510.375000
0.293172,0.062296,0.000000,510.375000
0.344499,0.068100,0.000000,510.375000
0.257951,0.094773,0.000000,510.375000
0.408374,0.033915,0.000000,510.375000
0.959652,0.023476,0.000000,510.375000
0.274186,0.024944,0.000000,510.375000
0.875765,0.046612,0.000000,510.375000
0.770153,0.003933,0.000000,510.375000
0.345822,0.066062,0.000000,510.375000
0.302550,0.063476,0.000000,510.375000
0.823818,0.019815,0.000000,510.375000
0.946300,0.067545,0.000000,510.375000
0.434275,0.094878,0.000000,510.375000
0.250142,0.095567,0.000000,510.375000
0.197251,0.041271,0.000000,510.375000
0.819025,0.007703,0.000000,510.375000
0.240919,0.043700,0.000000,510.375000
0.023148,0.031896,0.000000,510.375000
0.733710,0.027164,0.000000,510.375000
0.348543,0.018597,0.000000,510.375000
0.832057,0.026757,0.000000,510.375000
0.573600,0.052380,0.000000,510.375000
0.093379,0.056079,0.000000,510.375000
0.706650,0.086518,0.000000,510.375000
0.446977,0.041534,0.000000,510.375000
0.755872,0.013939,0.000000,510.375000
0.524262,0.016005,0.000000,510.375000
0.778412,0.032971,0.000000,510.375000
0.859326,0.045303,0.000000,510.375000
0.552531,0.086365,0.000000,510.375000
0.220993,0.079001,0.000000,510.375000
0.022107,0.050705,0.000000,510.375000
0.010143,0.050646,0.000000,510.375000
0.119155,0.096654,0.000000,510.375000
0.193816,0.007573,0.000000,510.375000
0.065346,0.048902,0.000000,510.375000
0.256741,0.082281,0.000000,510.375000
0.961490,0.024643,0.000000,510.375000
0.262279,0.097066,0.000000,510.375000
0.746170,0.043518,0.000000,510.375000
0.093640,0.000002,0.000000,510.375000
0.399582,0.075026,0.000000,510.375000
0.838840,0.030259,0.000000,510.375000
0.267982,0.034604,0.000000,510.375000
0.089621,0.029519,0.000000,510.375000
0.826178,0.061078,0.000000,510.375000
0.999385,0.007667,0.000000,510.375000
0.310464,0.072131,0.000000,510.375000
0.942236,0.029442,0.000000,510.375000
0.732605,0.051927,0.000000,510.375000
0.916648,0.092232,0.000000,510.375000
0.351937,0.090250,0.000000,510.375000
0.082006,0.051944,0.000000,510.375000
0.809017,0.021362,0.000000,510.375000
0.737915,0.083767,0.000000,510.375000
0.442018,0.036235,0.000000,510.375000
0.143929,0.000889,0.000000,510.375000
0.548802,0.016561,0.000000,510.375000
0.619109,0.021152,0.000000,510.375000
0.229411,0.089413,0.000000,510.375000
0.078610,0.045847,0.000000,510.375000
0.113447,0.097437,0.000000,510.375000
0.564111,0.055271,0.000000,510.375000
0.464972,0.066212,0.000000,510.375000
0.704604,0.001056,0.000000,510.375000
0.197147,0.053210,0.000000,510.375000
0.519715,0.058074,0.000000,510.375000
0.428469,0.027232,0.000000,510.375000
0.838321,0.059581,0.000000,510.375000
0.399806,0.053614,0.000000,510.375000
0.140323,0.067352,0.000000,510.375000
0.296684,0.096624,0.000000,510.375000
0.365073,0.045312,0.000000,510.375000
0.985781,0.021240,0.000000,510.375000
0.240478,0.055076,0.000000,510.375000
0.191766,0.057173,0.000000,510.375000
0.926713,0.016086,0.000000,510.375000
0.239779,0.059564,0.000000,510.375000
0.550224,0.025411,0.000000,510.375000
0.660346,0.024134,0.000000,510.375000
0.360915,0.064795,0.000000,510.375000
0.216008,0.044264,0.000000,510.375000
0.259976,0.019611,0.000000,510.375000
0.280897,0.046390,0.000000,510.375000
0.932920,0.044611,0.000000,510.375000
0.571910,0.096512,0.000000,510.375000
0.681737,0.001802,0.000000,510.375000
0.797855,0.009323,0.000000,510.375000
0.175599,0.060814,0.000000,510.375000
0.634644,0.078759,0.000000,510.375000
0.254085,0.061843,0.000000,510.375000
0.694717,0.033267,0.000000,510.375000
0.596632,0.046987,0.000000,510.375000
0.736267,0.044615,0.000000,510.375000
0.593517,0.036790,0.000000,510.375000
0.060559,0.086564,0.000000,510.375000
0.014699,0.042066,0.000000,510.375000
0.848049,0.093770,0.000000,510.375000
0.804077,0.077548,0.000000,510.375000
0.306464,0.075457,0.000000,510.375000
0.070719,0.028300,0.000000,510.375000
0.233169,0.093329,0.000000,510.375000
0.119643,0.080846,0.000000,510.375000
0.873190,0.005269,0.000000,510.375000
0.144789,0.071117,0.000000,510.375000
0.830861,0.043138,0.000000,510.375000
0.134774,0.092848,0.000000,510.375000
0.195654,0.074896,0.000000,510.375000
0.796087,0.084641,0.000000,510.375000
0.113712,0.024614,0.000000,510.375000
0.694691,0.011691,0.000000,510.375000
0.057895,0.053926,0.000000,510.375000
0.713303,0.033276,0.000000,510.375000
0.272410,0.080058,0.000000,510.375000
0.843311,0.034412,0.000000,510.375000
0.271756,0.077504,0.000000,510.375000
0.661062,0.020290,0.000000,510.375000
0.767463,0.069961,0.000000,510.375000
0.293798,0.058810,0.000000,510.375000
0.531910,0.030472,0.000000,510.375000
0.895282,0.002648,0.000000,510.375000
0.257314,0.088600,0.000000,510.375000
0.143138,0.006446,0.000000,510.375000
0.117827,0.023390,0.000000,510.375000
0.371626,0.015914,0.000000,510.375000
0.173053,0.062778,0.000000,510.375000
0.784972,0.038703,0.000000,510.375000
0.374051,0.037804,0.000000,510.375000
0.369943,0.040545,0.000000,510.375000
0.873797,0.038031,0.000000,510.375000
0.070248,0.001815,0.000000,510.375000
0.908258,0.020879,0.000000,510.375000
0.774401,0.015299,0.000000,510.375000
0.452353,0.078843,0.000000,510.375000
0.162264,0.017692,0.000000,510.375000
0.062034,0.099440,0.000000,510.375000
0.000279,0.070351,0.000000,510.375000
0.747233,0.088383,0.000000,510.375000
0.819544,0.090636,0.000000,510.375000
0.142552,0.030277,0.000000,510.375000
0.156654,0.013520,0.000000,510.375000
0.334436,0.053318,0.000000,510.375000
0.515936,0.092579,0.000000,510.375000
0.463087,0.088262,0.000000,510.375000
0.277036,0.053779,0.000000,510.375000
0.589768,0.086031,0.000000,510.375000
0.730217,0.096822,0.000000,510.375000
0.825287,0.053598,0.000000,510.375000
0.739228,0.083659,0.000000,510.375000
0.709701,0.024002,0.000000,510.375000
0.326080,0.044435,0.000000,510.375000
0.285284,0.038008,0.000000,510.375000
0.806310,0.014717,0.000000,510.375000
0.800975,0.088931,0.000000,510.375000
0.201014,0.039431,0.000000,510.375000
0.477642,0.098404,0.000000,510.375000
0.178259,0.045372,0.000000,510.375000
0.253787,0.094490,0.000000,510.375000
0.300368,0.088429,0.000000,510.375000
0.520785,0.052324,0.000000,510.375000
0.198987,0.054770,0.000000,510.375000
0.887141,0.044718,0.000000,510.375000
0.506619,0.030685,0.000000,510.375000
0.756841,0.012412,0.000000,510.375000
0.801977,0.087479,0.000000,510.375000
0.210389,0.017367,0.000000,510.375000
0.916709,0.072909,0.000000,510.375000
0.215138,0.071321,0.000000,510.375000
0.823424,0.061476,0.000000,510.375000
0.557633,0.047263,0.000000,510.375000
0.849743,0.071454,0.000000,510.375000
0.784538,0.084585,0.000000,510.375000
0.477857,0.092098,0.000000,510.375000
0.332088,0.060144,0.000000,510.375000
0.943194,0.024909,0.000000,510.375000
0.092247,0.067094,0.000000,510.375000
0.532276,0.082911,0.000000,510.375000
0.148543,0.001525,0.000000,510.375000
0.310851,0.042397,0.000000,510.375000
0.434667,0.078755,0.000000,510.375000
0.044764,0.026371,0.000000,510.375000
0.714873,0.015983,0.000000,510.375000
0.572688,0.064709,0.000000,510.375000
0.001986,0.033644,0.000000,510.375000
0.972688,0.032299,0.000000,510.375000
0.791664,0.016386,0.000000,510.375000
0.283653,0.012128,0.000000,510.375000
0.627482,0.088664,0.000000,510.375000
0.648356,0.067615,0.000000,510.375000
0.135077,0.059900,0.000000,510.375000
0.254314,0.012881,0.000000,510.375000
0.816175,0.012191,0.000000,510.375000
0.304189,0.005491,0.000000,510.375000
0.027893,0.027043,0.000000,510.375000
0.760532,0.060216,0.000000,510.375000
0.235681,0.093072,0.000000,510.375000
0.463033,0.008691,0.000000,510.375000
0.833524,0.085403,0.000000,510.375000
0.914082,0.086005,0.000000,510.375000
0.587556,0.039553,0.000000,510.375000
0.238441,0.050605,0.000000,510.375000
0.954289,0.070404,0.000000,510.375000
0.181105,0.043035,0.000000,510.375000
0.077570,0.040120,0.000000,510.375000
0.061398,0.094963,0.000000,510.375000
0.037476,0.097993,0.000000,510.375000
0.094861,0.018594,0.000000,510.375000
0.593893,0.066947,0.000000,510.375000
0.941616,0.045374,0.000000,510.375000
0.748947,0.017083,0.000000,510.375000
0.048070,0.039093,0.000000,510.375000
0.575866,0.051307,0.000000,510.375000
0.240212,0.076879,0.000000,510.375000
0.548102,0.023005,0.000000,510.375000
0.325689,0.089741,0.000000,510.375000
0.025108,0.008086,0.000000,510.375000
0.061059,0.050734,0.000000,510.375000
0.759737,0.002592,0.000000,510.375000
0.724281,0.058559,0.000000,510.375000
0.288866,0.093463,0.000000,510.375000
0.606947,0.066340,0.000000,510.375000
0.957735,0.083238,0.000000,510.375000
0.618176,0.038768,0.000000,510.375000
0.101683,0.075604,0.000000,510.375000
0.991416,0.096230,0.000000,510.375000
0.689315,0.052009,0.000000,510.375000
0.852934,0.085891,0.000000,510.375000
0.941497,0.079664,0.000000,510.375000
0.998950,0.015661,0.000000,510.375000
0.718779,0.022608,0.000000,510.375000
0.361678,0.013722,0.000000,510.375000
0.175094,0.044723,0.000000,510.375000
0.021059,0.064610,0.000000,510.375000
0.061854,0.061577,0.000000,510.375000
0.047473,0.066658,0.000000,510.375000
0.976940,0.014893,0.000000,510.375000
0.419314,0.081415,0.000000,510.375000
0.229113,0.043492,0.000000,510.375000
0.716516,0.061159,0.000000,510.375000
0.488112,0.003832,0.000000,510.375000
0.192719,0.044134,0.000000,510.375000
0.506945,0.063433,0.000000,510.375000
0.392310,0.023090,0.000000,510.375000
0.667301,0.091916,0.000000,510.375000
0.402512,0.044721,0.000000,510.375000
0.517452,0.060119,0.000000,510.375000
0.649151,0.081390,0.000000,510.375000
0.263423,0.000117,0.000000,510.375000
0.789494,0.031678,0.000000,510.375000
0.620804,0.052350,0.000000,510.375000
0.033340,0.047303,0.000000,510.375000
0.052422,0.062181,0.000000,510.375000
0.621643,0.082389,0.000000,510.375000
0.937427,0.025645,0.000000,510.375000
0.679748,0.045194,0.000000,510.375000
0.067122,0.039583,0.000000,510.375000
0.736946,0.049456,0.000000,510.375000
0.650854,0.065148,0.000000,510.375000
0.396577,0.076989,0.000000,510.375000
0.818151,0.087923,0.000000,510.375000
0.257764,0.010137,0.000000,510.375000
0.111897,0.043585,0.000000,510.375000
0.870400,0.063994,0.000000,510.375000
0.181690,0.038722,0.000000,510.375000
0.607959,0.060610,0.000000,510.375000
0.452092,0.020198,0.000000,510.375000
0.076116,0.074562,0.000000,510.375000
0.628899,0.007300,0.000000,510.375000
0.255887,0.011295,0.000000,510.375000
0.487194,0.032102,0.000000,510.375000
0.751791,0.015683,0.000000,510.375000
0.555137,0.018270,0.000000,510.375000
0.645550,0.071313,0.000000,510.375000
0.278987,0.059924,0.000000,510.375000
0.268091,0.003681,0.000000,510.375000
0.652311,0.012826,0.000000,510.375000
0.797223,0.012853,0.000000,510.375000
0.048066,0.049604,0.000000,510.375000
0.337374,0.007868,0.000000,510.375000
0.548031,0.011595,0.000000,510.375000
0.625532,0.097602,0.000000,510.375000
0.795280,0.082551,0.000000,510.375000
0.561720,0.089368,0.000000,510.375000
0.821485,0.032726,0.000000,510.375000
0.168200,0.068265,0.000000,510.375000
0.197205,0.086852,0.000000,510.375000
0.388915,0.096464,0.000000,510.375000
0.010514,0.071619,0.000000,510.375000
0.505817,0.036074,0.000000,510.375000
0.770902,0.035096,0.000000,510.375000
0.545704,0.036004,0.000000,510.375000
0.356084,0.024700,0.000000,510.375000
0.321351,0.002762,0.000000,510.375000
0.833817,0.093935,0.000000,510.375000
0.959875,0.060478,0.000000,510.375000
0.468757,0.027160,0.000000,510.375000
0.360559,0.013564,0.000000,510.375000
0.909995,0.042745,0.000000,510.375000
0.164714,0.033658,0.000000,510.375000
0.604937,0.035940,0.000000,510.375000
0.878211,0.046801,0.000000,510.375000
0.760571,0.086325,0.000000,510.375000
0.202790,0.004538,0.000000,510.375000
0.013024,0.009046,0.000000,510.375000
0.364067,0.075094,0.000000,510.375000
0.956672,0.017686,0.000000,510.375000
0.746750,0.026854,0.000000,510.375000
0.379519,0.014542,0.000000,510.375000
0.348453,0.091463,0.000000,510.375000
0.287735,0.043396,0.000000,510.375000
0.522348,0.070264,0.000000,510.375000
0.131724,0.067421,0.000000,510.375000
0.805537,0.089798,0.000000,510.375000
0.825896,0.080022,0.000000,510.375000
0.357834,0.030496,0.000000,510.375000
0.087537,0.080097,0.000000,510.375000
0.347529,0.011324,0.000000,510.375000
0.146953,0.024687,0.000000,510.375000
0.280349,0.036061,0.000000,510.375000
0.253584,0.073206,0.000000,510.375000
0.713536,0.065013,0.000000,510.375000
0.466257,0.042226,0.000000,510.375000
0.228007,0.043793,0.000000,510.375000
0.364446,0.005937,0.000000,510.375000
0.093766,0.050338,0.000000,510.375000
0.292519,0.049540,0.000000,510.375000
0.129315,0.052248,0.000000,510.375000
0.318471,0.019833,0.000000,510.375000
0.460878,0.016221,0.000000,510.375000
0.665195,0.036307,0.000000,510.375000
0.073852,0.003674,0.000000,510.375000
0.387489,0.010234,0.000000,510.375000
0.278187,0.058188,0.000000,510.375000
0.313255,0.006880,0.000000,510.375000
0.507416,0.041301,0.000000,510.375000
0.035210,0.076433,0.000000,510.375000
0.872623,0.042356,0.000000,510.375000
0.542013,0.009567,0.000000,510.375000
0.431089,0.002881,0.000000,510.375000
0.755240,0.035621,0.000000,510.375000
0.362414,0.079705,0.000000,510.375000
0.341375,0.009981,0.000000,510.375000
0.805330,0.060437,0.000000,510.375000
0.513650,0.004050,0.000000,510.375000
0.564035,0.057979,0.000000,510.375000
0.275868,0.026040,0.000000,510.375000
0.964552,0.096582,0.000000,510.375000
0.867657,0.047860,0.000000,510.375000
0.055448,0.072479,0.000000,510.375000
0.107975,0.053812,0.000000,510.375000
0.712791,0.023885,0.000000,510.375000
0.984984,0.057238,0.000000,510.375000
0.956359,0.098693,0.000000,510.375000
0.159993,0.069885,0.000000,510.375000
0.669449,0.082056,0.000000,510.375000
0.128022,0.081274,0.000000,510.375000
0.937110,0.062775,0.000000,510.375000
0.367632,0.028575,0.000000,510.375000
0.077173,0.071083,0.000000,510.375000
0.926259,0.080314,0.000000,510.375000
0.288994,0.056144,0.000000,510.375000
0.913967,0.039661,0.000000,510.375000
0.378098,0.044679,0.000000,510.375000
0.047111,0.005608,0.000000,510.375000
0.073279,0.006440,0.000000,510.375000
0.364433,0.040109,0.000000,510.375000
0.363716,0.079978,0.000000,510.375000
0.858294,0.095062,0.000000,510.375000
0.500967,0.050104,0.000000,510.375000
0.104237,0.095441,0.000000,510.375000
0.195660,0.032618,0.000000,510.375000
0.500062,0.069717,0.000000,510.375000
0.893459,0.022841,0.000000,510.375000
0.045590,0.055246,0.000000,510.375000
0.909136,0.034164,0.000000,510.375000
0.436542,0.041969,0.000000,510.375000
0.036448,0.029105,0.000000,510.375000
0.648542,0.051300,0.000000,510.375000
0.253303,0.073026,0.000000,510.375000
0.216526,0.058113,0.000000,510.375000
0.525686,0.064965,0.000000,510.375000
0.289886,0.062840,0.000000,510.375000
0.406563,0.088204,0.000000,510.375000
0.079440,0.087368,0.000000,510.375000
0.241459,0.089651,0.000000,510.375000
0.706620,0.017665,0.000000,510.375000
0.894526,0.088441,0.000000,510.375000
0.514283,0.085229,0.000000,510.375000
0.526691,0.044501,0.000000,510.375000
0.694353,0.049426,0.000000,510.375000
0.524638,0.098978,0.000000,510.375000
0.443454,0.085103,0.000000,510.375000
0.940576,0.058763,0.000000,510.375000
0.836611,0.018207,0.000000,510.375000
0.632338,0.073262,0.000000,510.375000
0.983751,0.018113,0.000000,510.375000
0.107888,0.022222,0.000000,510.375000
0.152057,0.052402,0.000000,510.375000
0.921097,0.002773,0.000000,510.375000
0.147517,0.021944,0.000000,510.375000
0.382282,0.067218,0.000000,510.375000
0.312925,0.092245,0.000000,510.375000
0.943976,0.054678,0.000000,510.375000
0.186524,0.068015,0.000000,510.375000
0.345455,0.079249,0.000000,510.375000
0.908005,0.032974,0.000000,510.375000
0.288343,0.074435,0.000000,510.375000
0.615263,0.032799,0.000000,510.375000
0.583641,0.090972,0.000000,510.375000
0.807604,0.057390,0.000000,510.375000
0.308100,0.036069,0.000000,510.375000
0.762143,0.089230,0.000000,510.375000
0.831723,0.039240,0.000000,510.375000
0.435389,0.005580,0.000000,510.375000
0.012700,0.016227,0.000000,510.375000
0.993865,0.003442,0.000000,510.375000
0.497323,0.041848,0.000000,510.375000
0.585404,0.089396,0.000000,510.375000
0.920745,0.006022,0.000000,510.375000
0.433814,0.058254,0.000000,510.375000
0.079888,0.023591,0.000000,510.375000
0.094797,0.009904,0.000000,510.375000
0.411704,0.076602,0.000000,510.375000
0.177356,0.082407,0.000000,510.375000
0.439667,0.039728,0.000000,510.375000
0.832789,0.034562,0.000000,510.375000
0.041417,0.034520,0.000000,510.375000
0.699840,0.046486,0.000000,510.375000
0.841496,0.084519,0.000000,510.375000
0.313531,0.061398,0.000000,510.375000
0.650269,0.095833,0.000000,510.375000
0.967250,0.043976,0.000000,510.375000
0.394187,0.063127,0.000000,510.375000
0.352613,0.089604,0.000000,510.375000
0.900768,0.078808,0.000000,510.375000
0.313624,0.065263,0.000000,510.375000
0.232956,0.042717,0.000000,510.375000
0.784493,0.081029,0.000000,510.375000
0.696103,0.006226,0.000000,510.375000
0.780633,0.069126,0.000000,510.375000
0.720023,0.033568,0.000000,510.375000
0.925831,0.035327,0.000000,510.375000
0.234744,0.079680,0.000000,510.375000
0.764486,0.031361,0.000000,510.375000
0.358802,0.088302,0.000000,510.375000
0.104527,0.075712,0.000000,510.375000
0.866554,0.089305,0.000000,510.375000
0.562331,0.026778,0.000000,510.375000
0.138194,0.060189,0.000000,510.375000
0.626905,0.078786,0.000000,510.375000
0.177562,0.023234,0.000000,510.375000
0.183022,0.083351,0.000000,510.375000
0.739615,0.034770,0.000000,510.375000
0.960127,0.098695,0.000000,510.375000
0.032329,0.094836,0.000000,510.375000
0.144362,0.045318,0.000000,510.375000
0.246357,0.076925,0.000000,510.375000
0.689594,0.004977,0.000000,510.375000
0.104552,0.067753,0.000000,510.375000
0.445813,0.083459,0.000000,510.375000
0.327807,0.080251,0.000000,510.375000
0.187884,0.046987,0.000000,510.375000
0.237874,0.099525,0.000000,510.375000
0.279587,0.024741,0.000000,510.375000
0.128827,0.073399,0.000000,510.375000
0.513017,0.001703,0.000000,510.375000
0.895743,0.047468,0.000000,510.375000
0.749290,0.022375,0.000000,510.375000
0.844704,0.038777,0.000000,510.375000
0.694847,0.057677,0.000000,510.375000
0.354805,0.098034,0.000000,510.375000
0.176397,0.047016,0.000000,510.375000
0.209767,0.015563,0.000000,510.375000
0.132527,0.064456,0.000000,510.375000
0.017399,0.009736,0.000000,510.375000
0.125635,0.015526,0.000000,510.375000
0.834430,0.026902,0.000000,510.375000
0.859130,0.048743,0.000000,510.375000
0.435703,0.050294,0.000000,510.375000
0.624994,0.041514,0.000000,510.375000
0.793719,0.032546,0.000000,510.375000
0.289614,0.057744,0.000000,510.375000
0.250434,0.055481,0.000000,510.375000
0.450592,0.029265,0.000000,510.375000
0.993745,0.073289,0.000000,510.375000
0.742601,0.092151,0.000000,510.375000
0.655855,0.066816,0.000000,510.375000
0.695721,0.088299,0.000000,510.375000
0.134523,0.008841,0.000000,510.375000
0.782455,0.019480,0.000000,510.375000
0.300086,0.045446,0.000000,510.375000
0.758255,0.062778,0.000000,510.375000
0.846607,0.059543,0.000000,510.375000
0.985839,0.076793,0.000000,510.375000
0.796186,0.066618,0.000000,510.375000
0.215474,0.098675,0.000000,510.375000
0.309000,0.089972,0.000000,510.375000
0.230520,0.001278,0.000000,510.375000
0.065459,0.061826,0.000000,510.375000
0.237776,0.044407,0.000000,510.375000
0.678657,0.053657,0.000000,510.375000
0.991586,0.018934,0.000000,510.375000
0.985487,0.029743,0.000000,510.375000
0.841027,0.002602,0.000000,510.375000
0.385357,0.053180,0.000000,510.375000
0.910351,0.095835,0.000000,510.375000
0.089657,0.087506,0.000000,510.375000
0.107257,0.018607,0.000000,510.375000
0.432633,0.027761,0.000000,510.375000
0.977231,0.065952,0.000000,510.375000
0.001553,0.002135,0.000000,510.375000
0.216634,0.008585,0.000000,510.375000
0.026889,0.005562,0.000000,510.375000
0.357196,0.017149,0.000000,510.375000
0.776511,0.059203,0.000000,510.375000
0.815653,0.004081,0.000000,510.375000
0.843331,0.060159,0.000000,510.375000
0.765746,0.057649,0.000000,510.375000
0.896792,0.082918,0.000000,510.375000
0.009141,0.048949,0.000000,510.375000
0.995199,0.037533,0.000000,510.375000
0.897207,0.075717,0.000000,510.375000
0.043599,0.063889,0.000000,510.375000
0.338402,0.044550,0.000000,510.375000
0.798486,0.050726,0.000000,510.375000
0.875906,0.027568,0.000000,510.375000
0.081749,0.093479,0.000000,510.375000
0.611588,0.058373,0.000000,510.375000
0.953933,0.008889,0.000000,510.375000
0.845605,0.062100,0.000000,510.375000
0.970589,0.017820,0.000000,510.375000
0.344201,0.088418,0.000000,510.375000
0.035745,0.097379,0.000000,510.375000
0.357230,0.056434,0.000000,510.375000
0.172413,0.057168,0.000000,510.375000
0.556782,0.078385,0.000000,510.375000
0.777934,0.019915,0.000000,510.375000
0.805159,0.048018,0.000000,510.375000
0.194865,0.000523,0.000000,510.375000
0.827548,0.026124,0.000000,510.375000
0.505184,0.012895,0.000000,510.375000
0.105205,0.005901,0.000000,510.375000
0.161820,0.077492,0.000000,510.375000
0.641485,0.035950,0.000000,510.375000
0.044609,0.066862,0.000000,510.375000
0.498805,0.078273,0.000000,510.375000
0.297790,0.033771,0.000000,510.375000
0.275151,0.011573,0.000000,510.375000
0.362360,0.002411,0.000000,510.375000
0.307261,0.057103,0.000000,510.375000
0.372007,0.052080,0.000000,510.375000
0.028569,0.043695,0.000000,510.375000
0.341930,0.038025,0.000000,510.375000
0.762660,0.021146,0.000000,510.375000
0.095343,0.025107,0.000000,510.375000
0.839697,0.065789,0.000000,510.375000
0.505016,0.041367,0.000000,510.375000
0.384150,0.099416,0.000000,510.375000
0.260703,0.062858,0.000000,510.375000
0.358175,0.085085,0.000000,510.375000
0.314594,0.079538,0.000000,510.375000
0.893096,0.091295,0.000000,510.375000
0.842012,0.079726,0.000000,510.375000
0.287901,0.008397,0.000000,510.375000
0.472282,0.000751,0.000000,510.375000
0.438006,0.092917,0.000000,510.375000
0.696342,0.074852,0.000000,510.375000
0.802917,0.087657,0.000000,510.375000
0.655601,0.038266,0.000000,510.375000
0.679228,0.028506,0.000000,510.375000
0.457983,0.089876,0.000000,510.375000
0.225619,0.055955,0.000000,510.375000
0.722928,0.009322,0.000000,510.375000
0.954316,0.000995,0.000000,510.375000
0.147036,0.009282,0.000000,510.375000
0.281025,0.046072,0.000000,510.375000
0.863985,0.000901,0.000000,510.375000
0.233720,0.012830,0.000000,510.375000
0.463566,0.054132,0.000000,510.375000
0.443335,0.045176,0.000000,510.375000
0.000030,0.063395,0.000000,510.375000
0.024212,0.095257,0.000000,510.375000
0.652645,0.099982,0.000000,510.375000
0.457135,0.096727,0.000000,510.375000
0.925914,0.082234,0.000000,510.375000
0.609127,0.096904,0.000000,510.375000
0.546631,0.089911,0.000000,510.375000
0.120548,0.070350,0.000000,510.375000
0.303451,0.002454,0.000000,510.375000
0.120959,0.057240,0.000000,510.375000
0.168702,0.015225,0.000000,510.375000
0.619866,0.004404,0.000000,510.375000
0.361581,0.068626,0.000000,510.375000
0.167216,0.041256,0.000000,510.375000
0.773692,0.070090,0.000000,510.375000
0.240378,0.007686,0.000000,510.375000
0.085486,0.063568,0.000000,510.375000
0.215761,0.016369,0.000000,510.375000
0.448552,0.080634,0.000000,510.375000
0.109491,0.021647,0.000000,510.375000
0.250528,0.040361,0.000000,510.375000
0.059958,0.063281,0.000000,510.375000
0.449640,0.091146,0.000000,510.375000
0.245025,0.013772,0.000000,510.375000
0.194426,0.048572,0.000000,510.375000
0.452676,0.021414,0.000000,510.375000
0.620918,0.047508,0.000000,510.375000
0.846385,0.050068,0.000000,510.375000
0.218805,0.090974,0.000000,510.375000
0.186663,0.054324,0.000000,510.375000
0.134665,0.081394,0.000000,510.375000
0.203503,0.085005,0.000000,510.375000
0.872386,0.037236,0.000000,510.375000
0.792940,0.072387,0.000000,510.375000
0.597694,0.078491,0.000000,510.375000
0.075102,0.041198,0.000000,510.375000
0.175543,0.014860,0.000000,510.375000
0.059526,0.058502,0.000000,510.375000
0.658511,0.026857,0.000000,510.375000
0.793139,0.063381,0.000000,510.375000
0.017389,0.099039,0.000000,510.375000
0.765566,0.038160,0.000000,510.375000
0.728436,0.015769,0.000000,510.375000
0.843326,0.014539,0.000000,510.375000
0.434775,0.071238,0.000000,510.375000
0.916150,0.035498,0.000000,510.375000
0.672834,0.080646,0.000000,510.375000
0.023017,0.000991,0.000000,510.375000
0.155066,0.028201,0.000000,510.375000
0.937855,0.065614,0.000000,510.375000
0.840759,0.038386,0.000000,510.375000
0.847672,0.058594,0.000000,510.375000
0.554946,0.038376,0.000000,510.375000
0.075975,0.084008,0.000000,510.375000
0.214700,0.043732,0.000000,510.375000
0.388393,0.067395,0.000000,510.375000
0.107221,0.003460,0.000000,510.375000
0.647645,0.077620,0.000000,510.375000
0.802524,0.030946,0.000000,510.375000
0.848210,0.049618,0.000000,510.375000
0.725758,0.043875,0.000000,510.375000
0.420630,0.048090,0.000000,510.375000
0.352158,0.004392,0.000000,510.375000
0.099171,0.076194,0.000000,510.375000
0.285764,0.006103,0.000000,510.375000
0.835584,0.035912,0.000000,510.375000
0.485948,0.081620,0.000000,510.375000
0.348410,0.017710,0.000000,510.375000
0.173062,0.064167,0.000000,510.375000
0.000482,0.071361,0.000000,510.375000
0.706125,0.005750,0.000000,510.375000
0.780649,0.074411,0.000000,510.375000
0.190588,0.082810,0.000000,510.375000
0.528713,0.093428,0.000000,510.375000
0.335556,0.064746,0.000000,510.375000
0.516078,0.098707,0.000000,510.375000
0.504966,0.097622,0.000000,510.375000
0.291862,0.032585,0.000000,510.375000
0.109621,0.094385,0.000000,510.375000
0.295015,0.028393,0.000000,510.375000
0.147299,0.059268,0.000000,510.375000
0.169234,0.047556,0.000000,510.375000
0.294775,0.058603,0.000000,510.375000
0.425089,0.068171,0.000000,510.375000
0.636242,0.093710,0.000000,510.375000
0.710297,0.099465,0.000000,510.375000
0.460458,0.068237,0.000000,510.375000
0.049966,0.059151,0.000000,510.375000
0.708496,0.021073,0.000000,510.375000
0.145396,0.097726,0.000000,510.375000
0.312815,0.020067,0.000000,510.375000
0.250873,0.094243,0.000000,510.375000
0.103508,0.010549,0.000000,510.375000
0.601146,0.053654,0.000000,510.375000
0.500311,0.035605,0.000000,510.375000
0.610451,0.035849,0.000000,510.375000
0.009180,0.083958,0.000000,510.375000
0.351102,0.075673,0.000000,510.375000
0.096546,0.075490,0.000000,510.375000
0.809266,0.036356,0.000000,510.375000
0.201150,0.086305,0.000000,510.375000
0.740686,0.019397,0.000000,510.375000
0.574405,0.092923,0.000000,510.375000
0.136864,0.020542,0.000000,510.375000
0.444372,0.005511,0.000000,510.375000
0.617063,0.074949,0.000000,510.375000
0.356318,0.055554,0.000000,510.375000
0.334760,0.000219,0.000000,510.375000
0.496352,0.057218,0.000000,510.375000
0.977967,0.002369,0.000000,510.375000
0.272341,0.076592,0.000000,510.375000
0.097906,0.057066,0.000000,510.375000
0.901492,0.092525,0.000000,510.375000
0.643757,0.058132,0.000000,510.375000
0.392085,0.082706,0.000000,510.375000
0.619580,0.059922,0.000000,510.375000
0.303173,0.059449,0.000000,510.375000
0.767306,0.080367,0.000000,510.375000
0.813689,0.047390,0.000000,510.375000
0.021820,0.067641,0.000000,510.375000
0.153216,0.071301,0.000000,510.375000
0.037139,0.063436,0.000000,510.375000
0.269098,0.062924,0.000000,510.375000
0.088764,0.081415,0.000000,510.375000
0.232832,0.017745,0.000000,510.375000
0.948415,0.020972,0.000000,510.375000
0.320348,0.044045,0.000000,510.375000
0.158300,0.003193,0.000000,510.375000
0.437731,0.062415,0.000000,510.375000
0.348107,0.013005,0.000000,510.375000
0.338384,0.017089,0.000000,510.375000
0.810208,0.066355,0.000000,510.375000
0.077045,0.063055,0.000000,510.375000
0.835157,0.087405,0.000000,510.375000
0.246470,0.027916,0.000000,510.375000
0.270390,0.012333,0.000000,510.375000
0.884740,0.031979,0.000000,510.375000
0.330493,0.076514,0.000000,510.375000
0.297215,0.067798,0.000000,510.375000
0.928278,0.009168,0.000000,510.375000
0.100515,0.000113,0.000000,510.375000
0.376151,0.002755,0.000000,510.375000
0.748013,0.038336,0.000000,510.375000
0.936537,0.017563,0.000000,510.375000
0.947342,0.082826,0.000000,510.375000
0.809922,0.075217,0.000000,510.375000
0.932898,0.085541,0.000000,510.375000
0.623928,0.098394,0.000000,510.375000
0.990582,0.079434,0.000000,510.375000
0.906043,0.006850,0.000000,510.375000
0.974514,0.037215,0.000000,510.375000
0.750930,0.050479,0.000000,510.375000
0.115068,0.073049,0.000000,510.375000
0.390707,0.065259,0.000000,510.375000
0.647969,0.038553,0.000000,510.375000
0.222200,0.044933,0.000000,510.375000
0.401190,0.055867,0.000000,510.375000
0.172882,0.014910,0.000000,510.375000
0.197479,0.036707,0.000000,510.375000
0.633441,0.047215,0.000000,510.375000
0.290971,0.081449,0.000000,510.375000
0.343869,0.042253,0.000000,510.375000
0.263711,0.089103,0.000000,510.375000
0.546866,0.030690,0.000000,510.375000
0.520717,0.059784,0.000000,510.375000
0.578220,0.078840,0.000000,510.375000
0.516299,0.074881,0.000000,510.375000
0.929624,0.016959,0.000000,510.375000
0.751947,0.023626,0.000000,510.375000
0.925661,0.060711,0.000000,510.375000
0.687570,0.034800,0.000000,510.375000
0.129239,0.089170,0.000000,510.375000
0.835452,0.031512,0.000000,510.375000
0.410925,0.081857,0.000000,510.375000
0.075046,0.078307,0.000000,510.375000
0.172448,0.080698,0.000000,510.375000
0.497776,0.024954,0.000000,510.375000
0.623083,0.066610,0.000000,510.375000
0.544982,0.056854,0.000000,510.375000
0.762301,0.098740,0.000000,510.375000
0.125921,0.094856,0.000000,510.375000
0.527540,0.046065,0.000000,510.375000
0.804937,0.001291,0.000000,510.375000
0.578510,0.068893,0.000000,510.375000
0.437298,0.002878,0.000000,510.375000
0.914677,0.020605,0.000000,510.375000
0.836046,0.037874,0.000000,510.375000
0.909283,0.061938,0.000000,510.375000
0.129962,0.073579,0.000000,510.375000
0.649919,0.030708,0.000000,510.375000
0.395012,0.042993,0.000000,510.375000
0.390458,0.068465,0.000000,510.375000
0.370533,0.019495,0.000000,510.375000
0.804086,0.074820,0.000000,510.375000
0.888602,0.010372,0.000000,510.375000
0.320528,0.015808,0.000000,510.375000
0.273387,0.084095,0.000000,510.375000
0.092791,0.042292,0.000000,510.375000
0.598343,0.097230,0.000000,510.375000
0.478173,0.075938,0.000000,510.375000
0.403345,0.074648,0.000000,510.375000
0.977003,0.060214,0.000000,510.375000
0.528901,0.053774,0.000000,510.375000
0.255096,0.038721,0.000000,510.375000
0.957647,0.030877,0.000000,510.375000
0.125170,0.085147,0.000000,510.375000
0.623396,0.065978,0.000000,510.375000
0.415932,0.003215,0.000000,510.375000
0.633538,0.092102,0.000000,510.375000
0.141170,0.091601,0.000000,510.375000
0.813218,0.016918,0.000000,510.375000
0.613153,0.016665,0.000000,510.375000
0.859415,0.060021,0.000000,510.375000
0.536340,0.090935,0.000000,510.375000
0.820632,0.010096,0.000000,510.375000
0.491399,0.063854,0.000000,510.375000
0.546612,0.020752,0.000000,510.375000
0.880561,0.021856,0.000000,510.375000
0.484692,0.072967,0.000000,510.375000
0.229101,0.097054,0.000000,510.375000
0.225092,0.050331,0.000000,510.375000
0.623246,0.045992,0.000000,510.375000
0.294719,0.068132,0.000000,510.375000
0.608579,0.024387,0.000000,510.375000
0.898239,0.042692,0.000000,510.375000
0.026662,0.007994,0.000000,510.375000
0.147471,0.075730,0.000000,510.375000
0.374833,0.002699,0.000000,510.375000
0.735133,0.062158,0.000000,510.375000
0.621795,0.035231,0.000000,510.375000
0.666911,0.073954,0.000000,510.375000
0.664982,0.017788,0.000000,510.375000
0.984879,0.098495,0.000000,510.375000
0.874000,0.010922,0.000000,510.375000
0.817387,0.078750,0.000000,510.375000
0.667785,0.029801,0.000000,510.375000
0.888858,0.066382,0.000000,510.375000
0.636722,0.062749,0.000000,510.375000
0.409805,0.054119,0.000000,510.375000
0.404395,0.084504,0.000000,510.375000
0.570707,0.032142,0.000000,510.375000
0.977922,0.034638,0.000000,510.375000
0.105300,0.035147,0.000000,510.375000
0.552576,0.045468,0.000000,510.375000
0.299155,0.049978,0.000000,510.375000
0.878201,0.035406,0.000000,510.375000
0.404405,0.043097,0.000000,510.375000
0.541902,0.049195,0.000000,510.375000
0.618831,0.053938,0.000000,510.375000
0.695988,0.082107,0.000000,510.375000
0.274295,0.006469,0.000000,510.375000
0.856145,0.072730,0.000000,510.375000
0.349665,0.029987,0.000000,510.375000
0.641805,0.099248,0.000000,510.375000
0.963789,0.056946,0.000000,510.375000
0.910836,0.079635,0.000000,510.375000
0.159468,0.081800,0.000000,510.375000
0.698818,0.067872,0.000000,510.375000
0.699712,0.020897,0.000000,510.375000
0.775949,0.099883,0.000000,510.375000
0.239557,0.098768,0.000000,510.375000
0.030562,0.036211,0.000000,510.375000
0.386982,0.082861,0.000000,510.375000
0.577050,0.021083,0.000000,510.375000
0.795598,0.086302,0.000000,510.375000
0.318077,0.008281,0.000000,510.375000
0.935543,0.012734,0.000000,510.375000
0.850904,0.045077,0.000000,510.375000
0.955574,0.045275,0.000000,510.375000
0.549659,0.091730,0.000000,510.375000
0.439628,0.044517,0.000000,510.375000
0.527799,0.024689,0.000000,510.375000
0.889603,0.093891,0.000000,510.375000
0.405489,0.073711,0.000000,510.375000
0.444682,0.027690,0.000000,510.375000
0.481981,0.042282,0.000000,510.375000
0.346100,0.057981,0.000000,510.375000
0.324208,0.004574,0.000000,510.375000
0.664613,0.087999,0.000000,510.375000
0.208954,0.053693,0.000000,510.375000
0.054141,0.023164,0.000000,510.375000
0.406104,0.069233,0.000000,510.375000
0.724492,0.052066,0.000000,510.375000
0.128710,0.032984,0.000000,510.375000
0.973249,0.058425,0.000000,510.375000
0.717216,0.038319,0.000000,510.375000
0.482533,0.011410,0.000000,510.375000
0.951049,0.039817,0.000000,510.375000
0.392302,0.063184,0.000000,510.375000
0.299808,0.065148,0.000000,510.375000
0.240678,0.065324,0.000000,510.375000
0.538210,0.097732,0.000000,510.375000
0.301287,0.032417,0.000000,510.375000
0.184508,0.093291,0.000000,510.375000
0.143060,0.035392,0.000000,510.375000
0.117020,0.011092,0.000000,510.375000
0.695786,0.002838,0.000000,510.375000
0.002888,0.088190,0.000000,510.375000
0.363613,0.015597,0.000000,510.375000
0.643524,0.054014,0.000000,510.375000
0.142665,0.071881,0.000000,510.375000
0.678605,0.004238,0.000000,510.375000
0.513124,0.042253,0.000000,510.375000
0.961127,0.010448,0.000000,510.375000
0.163497,0.042569,0.000000,510.375000
0.787600,0.064774,0.000000,510.375000
0.702070,0.006866,0.000000,510.375000
0.199326,0.069517,0.000000,510.375000
0.463487,0.083792,0.000000,510.375000
0.657698,0.009574,0.000000,510.375000
0.155543,0.002999,0.000000,510.375000
0.354282,0.067158,0.000000,510.375000
0.787011,0.081806,0.000000,510.375000
0.869908,0.023453,0.000000,510.375000
0.549279,0.059898,0.000000,510.375000
0.576085,0.094297,0.000000,510.375000
0.934018,0.002095,0.000000,510.375000
0.230064,0.043856,0.000000,510.375000
0.921350,0.022797,0.000000,510.375000
0.566513,0.085872,0.000000,510.375000
0.047420,0.077794,0.000000,510.375000
0.665313,0.065478,0.000000,510.375000
0.421515,0.071452,0.000000,510.375000
0.311851,0.029433,0.000000,510.375000
0.711196,0.062868,0.000000,510.375000
0.271341,0.004841,0.000000,510.375000
0.447973,0.020569,0.000000,510.375000
0.162563,0.083584,0.000000,510.375000
0.004375,0.092523,0.000000,510.375000
0.399637,0.054599,0.000000,510.375000
0.395589,0.055634,0.000000,510.375000
0.968993,0.019684,0.000000,510.375000
0.892671,0.022954,0.000000,510.375000
0.039687,0.076202,0.000000,510.375000
0.604073,0.048952,0.000000,510.375000
0.220084,0.046328,0.000000,510.375000
0.499614,0.008874,0.000000,510.375000
0.518189,0.055874,0.000000,510.375000
0.347203,0.038380,0.000000,510.375000
0.214387,0.056905,0.000000,510.375000
0.912392,0.054273,0.000000,510.375000
0.913438,0.036951,0.000000,510.375000
0.581291,0.093481,0.000000,510.375000
0.344945,0.003291,0.000000,510.375000
0.519458,0.042763,0.000000,510.375000
0.624092,0.018769,0.000000,510.375000
0.044425,0.051599,0.000000,510.375000
0.993722,0.039994,0.000000,510.375000
0.429378,0.001476,0.000000,510.375000
0.620383,0.092017,0.000000,510.375000
0.013975,0.078582,0.000000,510.375000
0.551165,0.075143,0.000000,510.375000
0.733132,0.021173,0.000000,510.375000
0.984089,0.034915,0.000000,510.375000
0.088798,0.072158,0.000000,510.375000
0.053175,0.079850,0.000000,510.375000
0.460544,0.071060,0.000000,510.375000
0.722170,0.043397,0.000000,510.375000
0.518325,0.032067,0.000000,510.375000
0.863289,0.037491,0.000000,510.375000
0.408287,0.070169,0.000000,510.375000
0.342600,0.001753,0.000000,510.375000
0.867277,0.087247,0.000000,510.375000
0.077757,0.057388,0.000000,510.375000
0.445496,0.059467,0.000000,510.375000
0.116759,0.018587,0.000000,510.375000
0.521133,0.063382,0.000000,510.375000
0.849085,0.071449,0.000000,510.375000
0.893208,0.000788,0.000000,510.375000
0.273195,0.025164,0.000000,510.375000
0.182753,0.067146,0.000000,510.375000
0.860713,0.097018,0.000000,510.375000
0.167545,0.021435,0.000000,510.375000
0.630901,0.078846,0.000000,510.375000
0.660440,0.095508,0.000000,510.375000
0.374880,0.098993,0.000000,510.375000
0.895078,0.024076,0.000000,510.375000
0.528425,0.074412,0.000000,510.375000
0.695868,0.011430,0.000000,510.375000
0.602974,0.037256,0.000000,510.375000
0.691785,0.007010,0.000000,510.375000
0.031874,0.003973,0.000000,510.375000
0.565525,0.043198,0.000000,510.375000
0.187666,0.003605,0.000000,510.375000
0.252374,0.015111,0.000000,510.375000
0.087992,0.019419,0.000000,510.375000
0.462742,0.017396,0.000000,510.375000
0.050674,0.015849,0.000000,510.375000
0.517113,0.088876,0.000000,510.375000
0.839737,0.070964,0.000000,510.375000
0.904837,0.094194,0.000000,510.375000
0.129890,0.041948,0.000000,510.375000
0.385698,0.082896,0.000000,510.375000
0.717066,0.073789,0.000000,510.375000
0.625081,0.084105,0.000000,510.375000
0.800991,0.047592,0.000000,510.375000
0.075770,0.053220,0.000000,510.375000
0.662046,0.096884,0.000000,510.375000
0.397603,0.047029,0.000000,510.375000
0.047763,0.063514,0.000000,510.375000
0.632782,0.016173,0.000000,510.375000
0.018562,0.034826,0.000000,510.375000
0.975135,0.000289,0.000000,510.375000
0.779819,0.071371,0.000000,510.375000
0.867050,0.056222,0.000000,510.375000
0.005295,0.074123,0.000000,510.375000
0.377228,0.056837,0.000000,510.375000
0.319421,0.096551,0.000000,510.375000
0.611527,0.092041,0.000000,510.375000
0.418914,0.059767,0.000000,510.375000
0.519980,0.047371,0.000000,510.375000
0.582131,0.032402,0.000000,510.375000
0.392438,0.019004,0.000000,510.375000
0.049140,0.018592,0.000000,510.375000
0.487687,0.037490,0.000000,510.375000
0.229268,0.005327,0.000000,510.375000
0.205179,0.017102,0.000000,510.375000
0.848801,0.049847,0.000000,510.375000
0.920088,0.075367,0.000000,510.375000
0.393112,0.027708,0.000000,510.375000
0.150883,0.005847,0.000000,510.375000
0.074130,0.068683,0.000000,510.375000
0.857159,0.030626,0.000000,510.375000
0.495347,0.072127,0.000000,510.375000
0.872738,0.091477,0.000000,510.375000
0.744623,0.010123,0.000000,510.375000
0.516787,0.046590,0.000000,510.375000
0.175448,0.076863,0.000000,510.375000
0.219496,0.073756,0.000000,510.375000
0.600258,0.084102,0.000000,510.375000
0.300955,0.098284,0.000000,510.375000
0.886878,0.054464,0.000000,510.375000
0.607666,0.026034,0.000000,510.375000
0.577855,0.023671,0.000000,510.375000
0.371754,0.068745,0.000000,510.375000
0.350390,0.072139,0.000000,510.375000
0.380362,0.034773,0.000000,510.375000
0.848286,0.069632,0.000000,510.375000
0.116700,0.033578,0.000000,510.375000
0.666849,0.077891,0.000000,510.375000
0.342908,0.001145,0.000000,510.375000
0.247934,0.041500,0.000000,510.375000
0.732592,0.022087,0.000000,510.375000
0.380006,0.007504,0.000000,510.375000
0.326567,0.004307,0.000000,510.375000
0.176128,0.082936,0.000000,510.375000
0.563819,0.024276,0.000000,510.375000
0.698100,0.071868,0.000000,510.375000
0.235618,0.062121,0.000000,510.375000
0.367160,0.000994,0.000000,510.375000
0.147667,0.011542,0.000000,510.375000
0.232964,0.098437,0.000000,510.375000
0.766899,0.054218,0.000000,510.375000
0.108517,0.068891,0.000000,510.375000
0.220517,0.045698,0.000000,510.375000
0.497478,0.003795,0.000000,510.375000
0.609388,0.006601,0.000000,510.375000
0.800356,0.067305,0.000000,510.375000
0.816715,0.087010,0.000000,510.375000
0.195124,0.061597,0.000000,510.375000
0.547399,0.003486,0.000000,510.375000
0.756768,0.051953,0.000000,510.375000
0.599042,0.022658,0.000000,510.375000
0.798149,0.004826,0.000000,510.375000
0.947180,0.054475,0.000000,510.375000
0.791465,0.056728,0.000000,510.375000
0.194379,0.036600,0.000000,510.375000
0.085361,0.070069,0.000000,510.375000
0.829317,0.076956,0.000000,510.375000
0.803896,0.041974,0.000000,510.375000
0.161688,0.068071,0.000000,510.375000
0.026503,0.095213,0.000000,510.375000
0.795660,0.045996,0.000000,510.375000
0.620162,0.056246,0.000000,510.375000
0.580488,0.099239,0.000000,510.375000
0.538578,0.061955,0.000000,510.375000
0.614625,0.028373,0.000000,510.375000
0.647984,0.098301,0.000000,510.375000
0.553328,0.016556,0.000000,510.375000
0.694584,0.065555,0.000000,510.375000
0.815383,0.093823,0.000000,510.375000
0.308118,0.014712,0.000000,510.375000
0.198394,0.043818,0.000000,510.375000
0.011512,0.016534,0.000000,510.375000
0.704428,0.026854,0.000000,510.375000
0.903679,0.083463,0.000000,510.375000
0.598573,0.091054,0.000000,510.375000
0.089337,0.036565,0.000000,510.375000
0.013869,0.069535,0.000000,510.375000
0.858440,0.049138,0.000000,510.375000
0.019980,0.004329,0.000000,510.375000
0.692777,0.058352,0.000000,510.375000
0.312808,0.051637,0.000000,510.375000
0.075763,0.089517,0.000000,510.375000
0.675352,0.031046,0.000000,510.375000
0.427177,0.002171,0.000000,510.375000
0.197184,0.048613,0.000000,510.375000
0.104731,0.028477,0.000000,510.375000
0.560201,0.046320,0.000000,510.375000
0.609823,0.001590,0.000000,510.375000
0.679387,0.075980,0.000000,510.375000
0.021881,0.030226,0.000000,510.375000
0.232282,0.013003,0.000000,510.375000
0.289909,0.046132,0.000000,510.375000
0.816008,0.006054,0.000000,510.375000
0.563446,0.096463,0.000000,510.375000
0.042451,0.074730,0.000000,510.375000
0.691699,0.071248,0.000000,510.375000
0.087468,0.015830,0.000000,510.375000
0.772064,0.002110,0.000000,510.375000
0.299657,0.041581,0.000000,510.375000
0.714286,0.035442,0.000000,510.375000
0.549540,0.048613,0.000000,510.375000
0.162298,0.046914,0.000000,510.375000
0.089822,0.029570,0.000000,510.375000
0.168166,0.032756,0.000000,510.375000
0.095015,0.007765,0.000000,510.375000
0.075027,0.069760,0.000000,510.375000
0.464135,0.065595,0.000000,510.375000
0.810632,0.064731,0.000000,510.375000
0.478599,0.012061,0.000000,510.375000
0.482474,0.010231,0.000000,510.375000
0.662151,0.082165,0.000000,510.375000
0.132196,0.069900,0.000000,510.375000
0.887262,0.025693,0.000000,510.375000
0.985882,0.006246,0.000000,510.375000
0.037883,0.082647,0.000000,510.375000
0.392387,0.054752,0.000000,510.375000
0.780642,0.018742,0.000000,510.375000
0.767409,0.052452,0.000000,510.375000
0.062529,0.060720,0.000000,510.375000
0.541976,0.053707,0.000000,510.375000
0.923526,0.036506,0.000000,510.375000
0.069085,0.002267,0.000000,510.375000
0.016862,0.097983,0.000000,510.375000
0.932287,0.040065,0.000000,510.375000
0.846082,0.046837,0.000000,510.375000
0.399184,0.085408,0.000000,510.375000
0.995883,0.003757,0.000000,510.375000
0.953578,0.098658,0.000000,510.375000
0.160218,0.095028,0.000000,510.375000
0.325851,0.026022,0.000000,510.375000
0.349445,0.055332,0.000000,510.375000
0.888230,0.062915,0.000000,510.375000
0.281383,0.000785,0.000000,510.375000
0.170029,0.066986,0.000000,510.375000
0.477010,0.085633,0.000000,510.375000
0.489050,0.091996,0.000000,510.375000
0.000789,0.076385,0.000000,510.375000
0.738033,0.068334,0.000000,510.375000
0.051221,0.099300,0.000000,510.375000
0.239139,0.032725,0.000000,510.375000
0.261250,0.085953,0.000000,510.375000
0.729162,0.086142,0.000000,510.375000
0.678006,0.023507,0.000000,510.375000
0.823577,0.025311,0.000000,510.375000
0.609731,0.072788,0.000000,510.375000
0.041375,0.031935,0.000000,510.375000
0.999673,0.004723,0.000000,510.375000
0.934820,0.023937,0.000000,510.375000
0.924056,0.005891,0.000000,510.375000
0.021404,0.019817,0.000000,510.375000
0.379668,0.061681,0.000000,510.375000
0.400169,0.004830,0.000000,510.375000
0.963356,0.057724,0.000000,510.375000
0.662872,0.098051,0.000000,510.375000
0.477068,0.029821,0.000000,510.375000
0.855815,0.024793,0.000000,510.375000
0.580808,0.061055,0.000000,510.375000
0.760581,0.009509,0.000000,510.375000
0.193692,0.034349,0.000000,510.375000
0.891427,0.002008,0.000000,510.375000
0.002718,0.094220,0.000000,510.375000
0.097575,0.054998,0.000000,510.375000
0.692687,0.054333,0.000000,510.375000
0.872590,0.055617,0.000000,510.375000
0.219205,0.063522,0.000000,510.375000
0.812559,0.044480,0.000000,510.375000
0.917592,0.000019,0.000000,510.375000
0.879545,0.095730,0.000000,510.375000
0.131472,0.082520,0.000000,510.375000
0.745337,0.090731,0.000000,510.375000
0.956866,0.043799,0.000000,510.375000
0.065006,0.025453,0.000000,510.375000
0.564170,0.007867,0.000000,510.375000
0.850817,0.056205,0.000000,510.375000
0.038512,0.088263,0.000000,510.375000
0.895377,0.026333,0.000000,510.375000
0.481417,0.005242,0.000000,510.375000
0.738418,0.084199,0.000000,510.375000
0.900860,0.097353,0.000000,510.375000
0.418533,0.003582,0.000000,510.375000
0.220514,0.060598,0.000000,510.375000
0.274401,0.050964,0.000000,510.375000
0.131940,0.070904,0.000000,510.375000
0.279196,0.049392,0.000000,510.375000
0.446088,0.091137,0.000000,510.375000
0.091083,0.095676,0.000000,510.375000
0.137309,0.085602,0.000000,510.375000
0.202387,0.039858,0.000000,510.375000
0.221585,0.014018,0.000000,510.375000
0.677053,0.035963,0.000000,510.375000
0.530894,0.042216,0.000000,510.375000
0.222301,0.076275,0.000000,510.375000
0.358671,0.049399,0.000000,510.375000
0.453585,0.043331,0.000000,510.375000
0.086161,0.017278,0.000000,510.375000
0.996028,0.067280,0.000000,510.375000
0.188463,0.093358,0.000000,510.375000
0.374536,0.084328,0.000000,510.375000
0.825617,0.006223,0.000000,510.375000
0.565734,0.044843,0.000000,510.375000
0.000066,0.061699,0.000000,510.375000
0.221056,0.028878,0.000000,510.375000
0.891668,0.047969,0.000000,510.375000
0.547524,0.056561,0.000000,510.375000
0.271254,0.059997,0.000000,510.375000
0.066756,0.050051,0.000000,510.375000
0.152058,0.027107,0.000000,510.375000
0.317924,0.054307,0.000000,510.375000
0.881522,0.066505,0.000000,510.375000
0.597080,0.015014,0.000000,510.375000
0.047858,0.053952,0.000000,510.375000
0.364769,0.054462,0.000000,510.375000
0.649675,0.032660,0.000000,510.375000
0.165072,0.043750,0.000000,510.375000
0.853360,0.007637,0.000000,510.375000
0.379810,0.036917,0.000000,510.375000
0.274472,0.082101,0.000000,510.375000
0.805040,0.015764,0.000000,510.375000
0.126097,0.051679,0.000000,510.375000
0.215965,0.059636,0.000000,510.375000
0.359159,0.059493,0.000000,510.375000
0.954375,0.072741,0.000000,510.375000
0.122092,0.040937,0.000000,510.375000
0.025967,0.056663,0.000000,510.375000
0.980494,0.076619,0.000000,510.375000
0.538848,0.067503,0.000000,510.375000
0.077100,0.028451,0.000000,510.375000
0.228747,0.065156,0.000000,510.375000
0.176784,0.095688,0.000000,510.375000
0.863847,0.006935,0.000000,510.375000
0.136434,0.057834,0.000000,510.375000
0.813329,0.002272,0.000000,510.375000
0.382703,0.032394,0.000000,510.375000
0.783252,0.087849,0.000000,510.375000
0.346994,0.078085,0.000000,510.375000
0.673717,0.063512,0.000000,510.375000
0.037021,0.012229,0.000000,510.375000
0.989406,0.037199,0.000000,510.375000
0.549744,0.094352,0.000000,510.375000
0.187343,0.060789,0.000000,510.375000
0.460992,0.059973,0.000000,510.375000
0.780254,0.053152,0.000000,510.375000
0.665594,0.048057,0.000000,510.375000
0.736611,0.084421,0.000000,510.375000
0.438204,0.054511,0.000000,510.375000
0.754934,0.020940,0.000000,510.375000
0.100572,0.093448,0.000000,510.375000
0.763117,0.056525,0.000000,510.375000
0.724251,0.097861,0.000000,510.375000
0.712437,0.078010,0.000000,510.375000
0.234727,0.003654,0.000000,510.375000
0.074954,0.019793,0.000000,510.375000
0.366118,0.010446,0.000000,510.375000
0.975489,0.081027,0.000000,510.375000
0.904452,0.011628,0.000000,510.375000
0.973742,0.034375,0.000000,510.375000
0.058116,0.000458,0.000000,510.375000
0.557492,0.026997,0.000000,510.375000
0.970324,0.066180,0.000000,510.375000
0.297645,0.059534,0.000000,510.375000
0.343798,0.063673,0.000000,510.375000
0.753872,0.032278,0.000000,510.375000
