0.310964,0.032124,-0.012713,442.238588
0.052175,0.040018,-0.000132,491.123959
0.406956,0.070911,-0.020942,423.727080
0.931711,0.019454,-0.100638,318.852847
0.939024,0.090209,-0.102172,317.345252
0.672568,0.000600,-0.053872,371.430101
0.808388,0.056534,-0.076556,344.066800
0.196610,0.021540,-0.005431,464.023185
0.061164,0.042002,-0.000335,489.450843
0.772754,0.050690,-0.070217,351.286932
0.384042,0.036201,-0.018801,428.164985
0.149565,0.098842,-0.003227,472.900055
0.100451,0.100010,-0.001559,482.115394
0.529109,0.090193,-0.034223,399.873007
0.027152,0.011282,0.000344,495.772776
0.649846,0.085604,-0.050467,375.965189
0.331371,0.071174,-0.014300,438.320107
0.385441,0.002787,-0.018929,427.894922
0.332885,0.002811,-0.014422,438.029877
0.696716,0.048647,-0.057614,366.595453
0.179074,0.019251,-0.004556,467.338211
0.389268,0.012046,-0.019280,427.154402
0.080716,0.054747,-0.000835,485.805017
0.236706,0.013745,-0.007673,456.418090
0.435295,0.078042,-0.023742,418.222963
0.911936,0.040413,-0.096551,322.919619
0.188973,0.001165,-0.005042,465.467916
0.869277,0.018600,-0.088028,331.662332
0.869636,0.014498,-0.088098,331.589100
0.114316,0.043566,-0.001879,479.520695
0.651855,0.099530,-0.050763,375.564495
0.243942,0.022231,-0.008113,455.041700
0.467882,0.081424,-0.027171,411.871375
0.120125,0.090793,-0.002083,478.430942
0.476859,0.047774,-0.028156,410.117963
0.713131,0.092578,-0.060229,363.301242
0.291945,0.051146,-0.011312,445.881523
0.665566,0.091735,-0.052811,372.827940
0.187745,0.055673,-0.004980,465.699374
0.231849,0.021840,-0.007383,457.341050
0.520182,0.004307,-0.033145,401.628943
0.408309,0.056556,-0.021072,423.464938
0.721468,0.080703,-0.061579,361.626392
0.941915,0.070348,-0.102781,316.749720
0.507098,0.091191,-0.031596,404.196140
0.014998,0.077186,0.000529,498.024657
0.955248,0.091458,-0.105616,313.998840
0.362224,0.097424,-0.016866,432.378418
0.791861,0.027553,-0.073581,347.419449
0.477247,0.070115,-0.028199,410.041705
0.973761,0.082717,-0.109617,310.172885
0.946962,0.043752,-0.103849,315.709412
0.108547,0.070447,-0.001683,480.601119
0.150245,0.077533,-0.003256,472.772433
0.433322,0.035492,-0.023542,418.607201
0.441436,0.051661,-0.024371,417.028135
0.158836,0.026089,-0.003625,471.155351
0.360200,0.059547,-0.016692,432.769373
0.360873,0.044513,-0.016750,432.639663
0.020549,0.087870,0.000449,496.996051
0.197246,0.019527,-0.005464,463.902810
0.523691,0.085865,-0.033567,400.938255
0.601112,0.017799,-0.043535,385.656141
0.527489,0.084724,-0.034026,400.191628
0.744592,0.035674,-0.065403,356.972456
0.314452,0.016230,-0.012978,441.569825
0.269817,0.094109,-0.009777,450.109700
0.407103,0.052414,-0.020956,423.698875
0.365427,0.047536,-0.017144,431.761157
0.232100,0.010506,-0.007398,457.293459
0.723053,0.040211,-0.061837,361.308320
0.959312,0.041002,-0.106487,313.160329
0.523475,0.003155,-0.033541,400.981794
0.318373,0.083522,-0.013279,440.816542
0.191497,0.044489,-0.005169,464.990144
0.717711,0.054333,-0.060969,362.381679
0.924733,0.094255,-0.099186,320.287947
0.025097,0.027869,0.000377,496.153645
0.366570,0.043887,-0.017244,431.540612
0.295946,0.046508,-0.011600,445.115968
0.716816,0.029606,-0.060824,362.561861
0.404728,0.014731,-0.020729,424.159948
0.766998,0.051908,-0.069219,352.450254
0.253181,0.061620,-0.008691,453.282052
0.017894,0.099964,0.000362,497.487698
0.688683,0.097535,-0.056355,368.204378
0.005663,0.099247,0.000650,499.752429
0.871544,0.020960,-0.088471,331.198839
0.253236,0.016322,-0.008695,453.272274
0.865878,0.079133,-0.087366,332.356318
0.713733,0.064730,-0.060326,363.180744
0.354665,0.099230,-0.016219,433.835923
0.992201,0.033433,-0.112946,306.386685
0.518243,0.069866,-0.032914,402.008843
0.391592,0.097941,-0.019494,426.703431
0.090886,0.030121,-0.001126,483.905788
0.050032,0.065321,-0.000086,491.522329
0.117799,0.056922,-0.002001,478.867637
0.400410,0.054114,-0.020319,424.996308
0.215046,0.065973,-0.006420,460.530120
0.252294,0.050211,-0.008635,453.451228
0.391378,0.096409,-0.019474,426.744785
0.303537,0.061541,-0.012157,443.661796
0.506905,0.066600,-0.031574,404.234308
0.966782,0.098669,-0.108100,311.615937
0.549899,0.060445,-0.036798,395.780188
0.180556,0.029868,-0.004627,467.058119
0.828380,0.004557,-0.080233,340.004107
0.572118,0.044381,-0.039653,391.395101
0.375636,0.011984,-0.018044,429.790188
0.211663,0.068459,-0.006233,461.171458
0.977618,0.097373,-0.110461,309.374382
0.135735,0.094609,-0.002667,475.500739
0.086360,0.028187,-0.000994,484.751423
0.373796,0.093881,-0.017880,430.144520
0.955480,0.041003,-0.105665,313.951728
0.929439,0.037436,-0.100164,319.320200
0.414820,0.020412,-0.021702,422.202200
0.414134,0.034021,-0.021635,422.335151
0.078393,0.069035,-0.000771,486.238478
0.385305,0.051286,-0.018916,427.920611
0.285519,0.093459,-0.010855,447.110259
0.013540,0.066255,0.000549,498.294864
0.698715,0.033289,-0.057929,366.195020
0.505220,0.010802,-0.031377,404.565621
0.654519,0.035127,-0.051158,375.033980
0.012062,0.059184,0.000569,498.568728
0.963853,0.007767,-0.107466,312.222707
0.272897,0.082713,-0.009985,449.521858
0.674395,0.016964,-0.054151,371.064515
0.200588,0.050932,-0.005638,463.269833
0.291081,0.048914,-0.011250,446.046897
0.640539,0.058418,-0.049103,377.820388
0.813005,0.017948,-0.077397,343.129829
0.634161,0.026410,-0.048180,379.090654
0.054323,0.061728,-0.000179,490.724036
0.766211,0.013264,-0.069083,352.609888
0.702699,0.046825,-0.058560,365.395710
0.020932,0.013013,0.000442,496.926152
0.239300,0.068467,-0.007829,455.923972
0.595334,0.039868,-0.042747,386.801101
0.322916,0.052063,-0.013632,439.944819
0.334487,0.002054,-0.014550,437.721966
0.053145,0.069078,-0.000153,490.943276
0.143044,0.039920,-0.002959,474.127531
0.622833,0.088914,-0.046562,381.342960
0.880592,0.012695,-0.090249,329.347732
0.620416,0.091369,-0.046220,381.823241
0.797668,0.020061,-0.074620,346.242390
0.234372,0.077731,-0.007533,456.860796
0.034776,0.003995,0.000212,494.358172
0.255749,0.057806,-0.008855,452.792972
0.182465,0.004856,-0.004720,466.697868
0.466048,0.060767,-0.026972,412.229748
0.581925,0.042162,-0.040946,389.455861
0.586596,0.050239,-0.041569,388.531352
0.394369,0.058205,-0.019752,426.166367
0.896715,0.059183,-0.093464,326.043538
0.099331,0.038359,-0.001385,482.326604
0.486987,0.085014,-0.029286,408.136536
0.274938,0.055385,-0.010123,449.132553
0.210272,0.076482,-0.006157,461.434996
0.323673,0.029124,-0.013691,439.799700
0.549489,0.017104,-0.036747,395.861724
0.113594,0.066821,-0.001854,479.655695
0.452661,0.070702,-0.025542,414.841214
0.105523,0.058697,-0.001583,481.167462
0.288340,0.056225,-0.011055,446.571244
0.787048,0.042771,-0.072726,348.394328
0.834110,0.071733,-0.081303,338.836771
0.926199,0.097927,-0.099490,319.986261
0.285070,0.038752,-0.010824,447.196814
0.079340,0.070680,-0.000797,486.061704
0.185077,0.047732,-0.004848,466.203819
0.277175,0.000703,-0.010276,448.706076
0.271590,0.032253,-0.009897,449.772092
0.751768,0.001259,-0.066613,355.525865
0.620492,0.006402,-0.046231,381.809261
0.214242,0.067969,-0.006375,460.682613
0.300276,0.095323,-0.011916,444.286134
0.838068,0.096832,-0.082046,338.030230
0.272279,0.002302,-0.009943,449.641068
0.180362,0.070889,-0.004617,467.094323
0.492693,0.045680,-0.029933,407.020081
0.049439,0.091135,-0.000074,491.632273
0.288723,0.018953,-0.011082,446.498424
0.878844,0.032349,-0.089904,329.705216
0.385847,0.000450,-0.018966,427.816435
0.137970,0.028018,-0.002756,475.081688
0.673319,0.085403,-0.053987,371.278789
0.727799,0.005422,-0.062614,360.354239
0.568248,0.062023,-0.039148,392.159460
0.307034,0.047976,-0.012417,442.991937
0.426680,0.043819,-0.022873,419.898466
0.395036,0.099160,-0.019814,426.036577
0.846080,0.089304,-0.083562,336.397383
0.545245,0.024829,-0.036214,396.697867
0.804100,0.022703,-0.075778,344.937775
0.071021,0.064156,-0.000577,487.613601
0.112874,0.099631,-0.001829,479.790026
0.353921,0.075803,-0.016156,433.979708
0.583707,0.013558,-0.041183,389.103666
0.048350,0.087706,-0.000051,491.834774
0.114301,0.011197,-0.001879,479.523940
0.690383,0.037891,-0.056620,367.864723
0.053760,0.049523,-0.000167,490.828968
0.518358,0.079984,-0.032927,401.986067
0.055148,0.013959,-0.000198,490.571206
0.248446,0.037402,-0.008393,454.184172
0.562542,0.059892,-0.038410,393.286206
0.635557,0.092754,-0.048382,378.811768
0.305218,0.069035,-0.012281,443.339581
0.394581,0.065588,-0.019772,426.125114
0.339663,0.063145,-0.014970,436.725498
0.603481,0.039037,-0.043860,385.185964
0.413316,0.093017,-0.021555,422.493089
0.301270,0.083338,-0.011989,444.095992
0.152754,0.006942,-0.003363,472.301145
0.393878,0.008540,-0.019707,426.262132
0.049624,0.000858,-0.000078,491.599013
0.873602,0.053967,-0.088874,330.777386
0.048021,0.008990,-0.000045,491.897045
0.200681,0.001628,-0.005643,463.252835
0.580706,0.054377,-0.040784,389.696831
0.700943,0.083283,-0.058282,365.747350
0.878929,0.070928,-0.089921,329.687174
0.444020,0.083809,-0.024638,416.524558
0.211269,0.029134,-0.006211,461.246713
0.307405,0.051609,-0.012445,442.920695
0.195206,0.003914,-0.005358,464.289026
0.934039,0.025702,-0.101125,318.373331
0.023214,0.023972,0.000407,496.502847
0.031435,0.067154,0.000272,494.977330
0.735221,0.086989,-0.063840,358.859458
0.303774,0.032357,-0.012174,443.616872
0.008303,0.077494,0.000617,499.264262
0.167709,0.014063,-0.004023,469.482965
0.310677,0.047052,-0.012691,442.293389
0.034381,0.054077,0.000220,494.430736
0.282681,0.089185,-0.010657,447.652854
0.459678,0.058716,-0.026287,413.472962
0.201645,0.028509,-0.005694,463.070051
0.250784,0.011828,-0.008540,453.739374
0.198364,0.075049,-0.005521,463.690517
0.205423,0.032099,-0.005895,462.354559
0.379601,0.070010,-0.018399,429.023231
0.322107,0.010216,-0.013569,440.100594
0.600915,0.066548,-0.043508,385.694511
0.963308,0.010164,-0.107348,312.335356
0.948485,0.095292,-0.104173,315.394586
0.777267,0.017515,-0.071005,350.374525
0.493575,0.094475,-0.030034,406.846564
0.509541,0.000599,-0.031883,403.718039
0.096161,0.030335,-0.001286,482.919557
0.259671,0.015982,-0.009108,452.045946
0.053088,0.045059,-0.000152,490.954130
0.077123,0.009349,-0.000737,486.476201
0.096535,0.082237,-0.001297,482.849095
0.691011,0.062677,-0.056718,367.738457
0.891831,0.094928,-0.092484,327.044465
0.694888,0.030712,-0.057326,366.962126
0.563490,0.022131,-0.038532,393.099650
0.170146,0.028328,-0.004135,469.023099
0.701848,0.037610,-0.058425,365.566590
0.251317,0.043783,-0.008573,453.637421
0.168335,0.064742,-0.004051,469.364220
0.730341,0.090282,-0.063033,359.841629
0.063035,0.082452,-0.000379,489.101695
0.207724,0.078239,-0.006018,461.918007
0.941581,0.078819,-0.102710,316.818482
0.666184,0.056604,-0.052904,372.705065
0.067820,0.031459,-0.000497,488.210853
0.372429,0.065942,-0.017759,430.409115
0.072641,0.081463,-0.000619,487.311401
0.301355,0.080294,-0.011995,444.079566
0.455537,0.045362,-0.025846,414.280722
0.054893,0.003560,-0.000192,490.618725
0.845860,0.019208,-0.083520,336.443292
0.795145,0.024192,-0.074167,346.754051
0.528208,0.014121,-0.034114,400.051305
0.245028,0.029952,-0.008180,454.834951
0.945120,0.095740,-0.103459,316.088498
0.392764,0.008765,-0.019603,426.477791
0.914286,0.092862,-0.097032,322.435896
0.502908,0.068375,-0.031108,405.018142
0.671855,0.066753,-0.053764,371.571683
0.826906,0.077262,-0.079959,340.302956
0.311648,0.057718,-0.012765,442.107028
0.892285,0.098884,-0.092575,326.951322
0.193689,0.040000,-0.005280,464.575640
0.387975,0.087715,-0.019161,427.403542
0.571626,0.041583,-0.039588,391.492298
0.228329,0.028284,-0.007177,458.009645
0.767643,0.095435,-0.069331,352.319452
0.059713,0.047947,-0.000301,489.720881
0.602428,0.054389,-0.043716,385.394576
0.614896,0.002984,-0.045444,382.921042
0.854473,0.029824,-0.085164,334.686213
0.130125,0.079455,-0.002452,476.554597
0.289754,0.092630,-0.011155,446.300311
0.020301,0.067308,0.000452,497.042336
0.344041,0.087351,-0.015330,435.882522
0.953159,0.058326,-0.105169,314.430647
0.187502,0.000744,-0.004968,465.746059
0.945016,0.020974,-0.103436,316.111202
0.046420,0.070612,-0.000011,492.193955
0.322533,0.072211,-0.013602,440.017965
0.796637,0.041411,-0.074435,346.451320
0.034534,0.083379,0.000217,494.402042
0.522376,0.013323,-0.033409,401.197755
0.876817,0.049283,-0.089505,330.119822
0.647120,0.017883,-0.050065,376.509617
0.687901,0.033823,-0.056233,368.361729
0.254789,0.035997,-0.008794,452.976082
0.146319,0.052100,-0.003093,473.511376
0.400197,0.015628,-0.020299,425.038125
0.366855,0.069268,-0.017268,431.485116
0.449187,0.070676,-0.025177,415.518135
0.093277,0.020546,-0.001198,483.458962
0.619309,0.098523,-0.046064,382.043188
0.126952,0.054028,-0.002333,477.150597
0.551331,0.078006,-0.036979,395.497714
0.969127,0.044862,-0.108608,311.131868
0.304699,0.088676,-0.012243,443.438923
0.801824,0.029059,-0.075367,345.399420
0.945869,0.097483,-0.103617,315.934199
0.213222,0.068739,-0.006319,460.875989
0.389714,0.000607,-0.019321,427.068149
0.992146,0.016572,-0.113040,306.393571
0.758169,0.012907,-0.067702,354.234058
0.791275,0.064069,-0.073477,347.537658
0.246100,0.006946,-0.008247,454.631233
0.207855,0.079385,-0.006025,461.893016
0.275176,0.055461,-0.010140,449.087026
0.894547,0.048882,-0.093028,326.488183
0.660511,0.003211,-0.052051,373.838585
0.193189,0.064929,-0.005255,464.669900
0.705761,0.068029,-0.059047,364.781160
0.109009,0.046599,-0.001699,480.514841
0.308764,0.014137,-0.012547,442.660807
0.757953,0.018050,-0.067666,354.277598
0.500531,0.029212,-0.030833,405.484590
0.730960,0.022149,-0.063135,359.718102
0.195996,0.028857,-0.005399,464.139340
0.445370,0.004467,-0.024778,416.262744
0.894568,0.038292,-0.093032,326.484175
0.846346,0.013390,-0.083612,336.344287
0.220963,0.094757,-0.006752,459.407282
0.641897,0.003600,-0.049301,377.550579
0.235537,0.015798,-0.007603,456.640314
0.739953,0.051159,-0.064627,357.906839
0.090041,0.093889,-0.001101,484.062984
0.670120,0.005142,-0.053500,371.919380
0.909434,0.056864,-0.096040,323.433165
0.763680,0.036937,-0.068647,353.120887
0.954775,0.074191,-0.105514,314.096733
0.045918,0.025582,-0.000001,492.287831
0.710860,0.093508,-0.059863,363.757384
0.700750,0.090377,-0.058251,365.785984
0.560828,0.025604,-0.038189,393.625040
0.245031,0.066761,-0.008180,454.833744
0.694614,0.004419,-0.057283,367.017413
0.832910,0.064028,-0.081078,339.081103
0.121153,0.025188,-0.002121,478.239117
0.567509,0.006571,-0.039052,392.306241
0.158834,0.020147,-0.003625,471.155828
0.108216,0.012621,-0.001672,480.663943
0.796973,0.002317,-0.074495,346.383619
0.966153,0.000412,-0.107963,311.747307
0.891054,0.099027,-0.092329,327.203552
0.464585,0.081784,-0.026814,412.515057
0.151940,0.086521,-0.003327,472.453196
0.675960,0.090478,-0.054390,370.750531
0.692148,0.019262,-0.056896,367.511340
0.223421,0.099424,-0.006892,458.940616
0.041548,0.032555,0.000086,493.100011
0.374181,0.025451,-0.017914,430.071104
0.536249,0.085484,-0.035097,398.468406
0.140999,0.031700,-0.002876,474.512202
0.851716,0.081916,-0.084636,335.248093
0.947340,0.038119,-0.103929,315.631644
0.060746,0.082610,-0.000325,489.528047
0.227753,0.091949,-0.007143,458.118267
0.195703,0.084466,-0.005383,464.194030
0.959655,0.047223,-0.106561,313.089412
0.921126,0.075560,-0.098439,321.030112
0.578644,0.098225,-0.040511,390.104107
0.889541,0.067950,-0.092026,327.514063
0.652791,0.038041,-0.050902,375.378580
0.743161,0.038999,-0.065163,357.260783
0.394693,0.028169,-0.019783,426.104055
0.432373,0.097504,-0.023445,418.791051
0.322579,0.003886,-0.013606,440.010208
0.346560,0.042560,-0.015538,435.398184
0.596393,0.037522,-0.042891,386.591179
0.586977,0.004611,-0.041620,388.456600
0.676887,0.037891,-0.054532,370.565938
0.236116,0.057837,-0.007637,456.529519
0.604790,0.084276,-0.044041,384.925772
0.949898,0.009371,-0.104473,315.104175
0.687145,0.038717,-0.056116,368.513069
0.818737,0.089680,-0.078448,341.963962
0.380446,0.059276,-0.018475,428.860094
0.705380,0.096313,-0.058987,364.857161
0.986406,0.091431,-0.112394,307.554724
0.897893,0.013346,-0.093701,325.802552
0.812845,0.074157,-0.077368,343.161480
0.483512,0.012074,-0.028896,408.817435
0.301780,0.033126,-0.012027,443.998975
0.626445,0.088582,-0.047075,380.624761
0.774384,0.035989,-0.070501,350.957395
0.770792,0.046998,-0.069876,351.683628
0.013118,0.070124,0.000555,498.372952
0.415457,0.018661,-0.021764,422.078644
0.722550,0.064136,-0.061755,361.409045
0.284385,0.037453,-0.010776,447.327754
0.746390,0.065372,-0.065705,356.609536
0.520477,0.031383,-0.033181,401.570595
0.722747,0.100017,-0.061938,361.364179
0.328052,0.055155,-0.014036,438.958022
0.873100,0.049354,-0.088775,330.880120
0.739388,0.095941,-0.064533,358.020023
0.609607,0.073170,-0.044707,383.970041
0.796003,0.097604,-0.074321,346.578941
0.498234,0.069508,-0.030568,405.934283
0.273736,0.014320,-0.010042,449.362698
0.887756,0.001772,-0.091670,327.880818
0.753297,0.091162,-0.066873,355.216218
0.125438,0.066562,-0.002277,477.434542
0.533210,0.060972,-0.034724,399.066834
0.830506,0.028994,-0.080629,339.570971
0.026656,0.088324,0.000353,495.863804
0.831099,0.091045,-0.080740,339.449399
0.499366,0.077712,-0.030698,405.712259
0.682359,0.058622,-0.055374,369.470847
0.149793,0.070321,-0.003237,472.857538
0.639848,0.072826,-0.049003,377.957649
0.200222,0.079113,-0.005618,463.338748
0.020870,0.030936,0.000443,496.937418
0.705723,0.018685,-0.059041,364.789498
0.377285,0.078612,-0.018191,429.470765
0.409510,0.030780,-0.021187,423.232362
0.357001,0.055805,-0.016418,433.386183
0.854354,0.002683,-0.085141,334.710768
0.242822,0.089797,-0.008044,455.253855
0.250439,0.088228,-0.008518,453.803936
0.330705,0.045336,-0.014247,438.448325
0.183705,0.005696,-0.004781,466.463607
0.179541,0.035531,-0.004578,467.249780
0.533168,0.031834,-0.034719,399.075405
0.012918,0.001462,0.000557,498.410861
0.821825,0.019728,-0.079017,341.337290
0.654033,0.062777,-0.051086,375.130611
0.316592,0.086885,-0.013142,441.158252
-0.000072,0.034507,-0.000125,500.812406
0.680910,0.032529,-0.055151,369.761283
0.382043,0.038006,-0.018620,428.551457
0.439282,0.019000,-0.024150,417.447869
0.385830,0.050287,-0.018964,427.818927
0.693009,0.095795,-0.057031,367.337682
0.003224,0.020929,0.000678,500.204797
0.467487,0.067832,-0.027129,411.948627
0.364421,0.074524,-0.017056,431.954811
0.892216,0.034398,-0.092561,326.966317
0.677212,0.095747,-0.054582,370.500165
0.452289,0.027314,-0.025503,414.914208
0.327751,0.069952,-0.014012,439.015706
0.172661,0.031803,-0.004251,468.548635
0.305210,0.038016,-0.012281,443.341697
0.839863,0.033750,-0.082384,337.665447
0.360029,0.021292,-0.016677,432.802836
0.943741,0.050677,-0.103167,316.373526
0.232261,0.091516,-0.007407,457.261794
0.883964,0.057831,-0.090917,328.656704
0.182665,0.061853,-0.004729,466.659387
0.737253,0.054126,-0.064177,358.450664
0.499458,0.075172,-0.030709,405.694317
0.647822,0.060552,-0.050168,376.369188
0.212448,0.088952,-0.006276,461.022447
0.507002,0.080247,-0.031585,404.215075
0.499939,0.076121,-0.030764,405.599979
0.880865,0.084002,-0.090303,329.290871
0.138581,0.042798,-0.002780,474.966561
0.059495,0.008723,-0.000297,489.762042
0.317563,0.094056,-0.013216,440.971814
0.178623,0.089322,-0.004533,467.422448
0.984479,0.082919,-0.111969,307.954039
0.025391,0.043187,0.000373,496.099058
0.231231,0.063574,-0.007347,457.457993
0.162866,0.061224,-0.003803,470.395449
0.476602,0.084225,-0.028127,410.167582
0.454868,0.042175,-0.025775,414.411205
0.724977,0.023687,-0.062152,360.921563
0.592042,0.012588,-0.042301,387.453510
0.518296,0.028456,-0.032920,401.999039
0.048161,0.072842,-0.000047,491.870244
0.385071,0.042867,-0.018895,427.965921
0.741008,0.076054,-0.064803,357.693996
0.504529,0.050362,-0.031297,404.700541
0.903968,0.090947,-0.094928,324.555030
0.839937,0.061980,-0.082398,337.649916
0.490518,0.023812,-0.029686,407.446237
0.688984,0.001223,-0.056402,368.145393
0.808808,0.060064,-0.076632,343.981468
0.742862,0.098606,-0.065113,357.320077
0.612584,0.059789,-0.045121,383.379325
0.111092,0.030488,-0.001769,480.124864
0.338919,0.043579,-0.014909,436.868948
0.047048,0.016601,-0.000024,492.077835
0.394248,0.097955,-0.019741,426.189251
0.733956,0.077971,-0.063630,359.114152
0.992061,0.076377,-0.113188,306.403054
0.430577,0.007237,-0.023264,419.141400
0.144314,0.000820,-0.003011,473.889196
0.007887,0.087246,0.000623,499.341211
0.836145,0.043321,-0.081684,338.422833
0.551171,0.092918,-0.036959,395.528935
0.758653,0.031398,-0.067785,354.136206
0.054625,0.095036,-0.000186,490.667359
0.395045,0.032770,-0.019815,426.035782
0.015932,0.047445,0.000516,497.852084
0.168583,0.086188,-0.004062,469.317135
0.725859,0.019529,-0.062296,360.744317
0.796570,0.033913,-0.074423,346.464920
0.544265,0.098863,-0.036091,396.889980
0.403267,0.034955,-0.020590,424.442923
0.757798,0.077595,-0.067639,354.308081
0.799114,0.038170,-0.074879,345.949032
0.850855,0.016612,-0.084471,335.424721
0.280351,0.048402,-0.010495,448.098570
0.391340,0.078045,-0.019471,426.752434
0.777119,0.000045,-0.071135,350.399476
0.954967,0.060671,-0.105555,314.057297
0.609372,0.094667,-0.044674,384.016492
0.981269,0.055413,-0.111262,308.619214
0.843661,0.061065,-0.083102,336.891053
0.301674,0.002165,-0.012019,444.019532
0.238653,0.089994,-0.007790,456.046867
0.347975,0.003670,-0.015656,435.126220
0.541557,0.063420,-0.035754,397.423842
0.299175,0.081681,-0.011835,444.497127
0.392171,0.095235,-0.019548,426.591298
0.055593,0.078865,-0.000207,490.487575
0.056218,0.064164,-0.000221,490.371434
0.769073,0.004919,-0.069578,352.031673
0.174418,0.082733,-0.004334,468.216337
0.699436,0.082686,-0.058043,366.049607
0.030785,0.014293,0.000283,495.098802
0.679926,0.096091,-0.054999,369.957240
0.091218,0.063960,-0.001136,483.843270
0.681532,0.099889,-0.055402,369.631236
0.041888,0.021528,0.000079,493.036937
0.013207,0.095599,0.000554,498.356143
0.671150,0.040176,-0.053656,371.713048
0.146202,0.053797,-0.003088,473.533484
0.977297,0.045441,-0.110390,309.441731
0.673335,0.024659,-0.053989,371.276357
0.130642,0.014276,-0.002472,476.458347
0.542573,0.045186,-0.035881,397.223857
0.671422,0.089206,-0.053698,371.657867
0.013279,0.066390,0.000552,498.343185
0.761284,0.080179,-0.068236,353.604284
0.834848,0.083269,-0.081441,338.686367
0.285771,0.012314,-0.010874,447.063141
0.021364,0.040126,0.000436,496.845610
0.280517,0.011268,-0.010507,448.067415
0.170932,0.046617,-0.004171,468.874553
0.769369,0.002343,-0.069629,351.971871
0.601293,0.016657,-0.043560,385.620188
0.912031,0.016625,-0.096570,322.900436
0.138181,0.018788,-0.002764,475.042041
0.955041,0.013519,-0.105571,314.042704
0.011003,0.053505,0.000583,498.764781
0.465978,0.086376,-0.026965,412.243027
0.927868,0.043246,-0.099837,319.643612
0.425670,0.078488,-0.022772,420.094237
0.309082,0.079438,-0.012571,442.598787
0.241389,0.034470,-0.007956,455.527251
0.595290,0.070696,-0.042741,386.809308
0.521020,0.093402,-0.033246,401.462951
0.462675,0.027397,-0.026609,412.888560
0.405402,0.091413,-0.020793,424.028094
0.836459,0.077387,-0.081744,338.358371
0.119411,0.029411,-0.002058,478.565609
0.536908,0.092083,-0.035178,398.338758
0.638369,0.093001,-0.048788,378.251885
0.921606,0.074545,-0.098539,320.931495
0.265964,0.065805,-0.009521,450.845282
0.633375,0.065688,-0.048067,379.246503
0.281753,0.019755,-0.010592,447.831181
0.924683,0.095689,-0.099176,320.298077
0.141160,0.062456,-0.002882,474.481547
0.711374,0.005974,-0.059946,363.655255
0.091446,0.060329,-0.001143,483.800746
0.192812,0.070489,-0.005235,464.741020
0.676728,0.045319,-0.054508,370.597576
0.038617,0.088159,0.000142,493.643728
0.783675,0.031730,-0.072130,349.077470
0.624136,0.010533,-0.046747,381.084938
0.955800,0.037785,-0.105734,313.885737
0.719551,0.040772,-0.061267,362.012157
0.207461,0.028151,-0.006004,461.968475
0.357655,0.036592,-0.016474,433.260380
0.180489,0.061882,-0.004624,467.070344
0.169372,0.094520,-0.004098,469.168350
0.012542,0.043482,0.000562,498.479941
0.216000,0.044578,-0.006473,460.349473
0.754856,0.061697,-0.067138,354.902055
0.565667,0.059065,-0.038813,392.669307
0.266947,0.031033,-0.009586,450.658173
0.116120,0.001413,-0.001942,479.182989
0.842252,0.001959,-0.082836,337.179141
0.878880,0.024023,-0.089911,329.698063
0.558458,0.002850,-0.037885,394.093115
0.051457,0.066606,-0.000117,491.257275
0.209944,0.062134,-0.006139,461.497519
0.848858,0.040408,-0.084090,335.831722
0.109963,0.068322,-0.001731,480.335923
0.058223,0.056833,-0.000267,489.998162
0.804306,0.040621,-0.075815,344.895642
0.729609,0.007521,-0.062912,359.990053
0.496539,0.084280,-0.030373,406.266178
0.250395,0.009130,-0.008515,453.813423
0.241691,0.088496,-0.007975,455.469008
0.168214,0.092759,-0.004045,469.386781
0.089947,0.091876,-0.001098,484.080446
0.743878,0.099632,-0.065283,357.115437
0.054443,0.092544,-0.000182,490.701345
0.780563,0.025841,-0.071582,349.707551
0.406529,0.000556,-0.020901,423.810956
0.743759,0.029670,-0.065263,357.140319
0.945906,0.014899,-0.103625,315.927777
0.591746,0.059415,-0.042261,387.511510
0.980506,0.093058,-0.111094,308.776645
0.444545,0.082907,-0.024693,416.422270
0.793349,0.040003,-0.073847,347.117736
0.645496,0.007750,-0.049827,376.833376
0.103948,0.005359,-0.001532,481.462971
0.302819,0.018719,-0.012104,443.799962
0.682237,0.004034,-0.055355,369.496087
0.987967,0.078240,-0.112740,307.231372
0.338325,0.028263,-0.014861,436.983264
0.328376,0.019278,-0.014062,438.896310
0.691567,0.032535,-0.056805,367.627474
0.124423,0.063921,-0.002239,477.625054
0.255503,0.050750,-0.008839,452.839821
0.499270,0.044262,-0.030687,405.731558
0.014908,0.017909,0.000530,498.042253
0.155105,0.014053,-0.003463,471.858212
0.250477,0.089359,-0.008520,453.796661
0.777990,0.022162,-0.071131,350.228341
0.168680,0.041742,-0.004067,469.299599
0.028095,0.040569,0.000329,495.597458
0.810670,0.041267,-0.076971,343.603814
0.927146,0.058448,-0.099687,319.791974
0.833956,0.070846,-0.081274,338.868060
0.498002,0.026674,-0.030541,405.980201
0.879028,0.020333,-0.089941,329.667790
0.797037,0.036444,-0.074506,346.370154
0.895160,0.012641,-0.093151,326.363006
0.136448,0.088078,-0.002695,475.366854
0.700197,0.061416,-0.058163,365.897387
0.501978,0.005936,-0.031000,405.201251
0.188552,0.020821,-0.005021,465.547220
0.411619,0.040379,-0.021391,422.823085
0.758464,0.014550,-0.067753,354.174508
0.657975,0.030618,-0.051672,374.344492
0.655004,0.026311,-0.051230,374.937246
0.062582,0.014195,-0.000369,489.187000
0.434495,0.020411,-0.023661,418.379258
0.847988,0.068596,-0.083924,336.008700
0.557009,0.046620,-0.037700,394.378329
0.828488,0.021354,-0.080253,339.981911
0.034336,0.098380,0.000221,494.438504
0.469235,0.045498,-0.027319,411.607598
0.835531,0.046678,-0.081569,338.547708
0.962039,0.053985,-0.107075,312.596866
0.431364,0.053695,-0.023343,418.987737
0.261524,0.022269,-0.009229,451.692766
0.034096,0.045881,0.000225,494.483791
0.321163,0.088689,-0.013495,440.280941
0.049397,0.012955,-0.000073,491.641107
0.147402,0.040021,-0.003137,473.307954
0.133160,0.002632,-0.002568,475.985669
0.023132,0.057109,0.000409,496.517768
0.901506,0.093049,-0.094430,325.060245
0.470023,0.070252,-0.027405,411.453351
0.515381,0.083878,-0.032573,402.570628
0.622322,0.025563,-0.046489,381.445275
0.413488,0.075977,-0.021572,422.459985
0.971127,0.041666,-0.109043,310.718399
0.291628,0.090167,-0.011289,445.941646
0.328603,0.047671,-0.014080,438.852337
0.522118,0.033826,-0.033378,401.248114
0.971100,0.066804,-0.109037,310.723486
0.638584,0.098749,-0.048820,378.209164
0.034116,0.083807,0.000225,494.479644
0.217005,0.086639,-0.006529,460.158282
0.030204,0.093868,0.000293,495.205447
0.392461,0.028540,-0.019575,426.536150
0.080110,0.038610,-0.000818,485.918501
0.778044,0.050843,-0.071141,350.216906
0.315783,0.028105,-0.013080,441.314389
0.690825,0.084777,-0.056689,367.775462
0.594127,0.076077,-0.042583,387.039693
0.562771,0.088804,-0.038439,393.240614
0.098114,0.093341,-0.001346,482.553539
0.067846,0.041703,-0.000497,488.205807
0.561483,0.005385,-0.038273,393.496099
0.054651,0.044966,-0.000187,490.663282
0.594759,0.052350,-0.042669,386.914716
0.371662,0.084051,-0.017691,430.556951
0.618512,0.057299,-0.045952,382.202097
0.277344,0.094455,-0.010288,448.672461
0.072828,0.085162,-0.000623,487.276354
0.514826,0.062191,-0.032507,402.679845
0.047965,0.097154,-0.000043,491.906257
0.347526,0.036878,-0.015619,435.212304
0.661949,0.093881,-0.052267,373.550293
0.041959,0.038395,0.000078,493.023546
0.138324,0.069857,-0.002769,475.014563
0.896974,0.061418,-0.093516,325.990471
0.256267,0.039719,-0.008888,452.694490
0.013187,0.009604,0.000553,498.361030
0.205364,0.007180,-0.005892,462.365983
0.845002,0.088184,-0.083357,336.617252
0.653833,0.003975,-0.051056,375.171186
0.191833,0.044248,-0.005186,464.926614
0.082426,0.083921,-0.000882,485.485480
0.291004,0.027003,-0.011245,446.061938
0.305790,0.019946,-0.012324,443.230764
0.278738,0.056958,-0.010384,448.406628
0.428533,0.029496,-0.023058,419.538591
0.178091,0.089856,-0.004508,467.522848
0.049029,0.043896,-0.000065,491.709231
0.468073,0.002829,-0.027192,411.835053
0.883139,0.023210,-0.090753,328.826092
0.742698,0.047458,-0.065086,357.353945
0.804936,0.072830,-0.075929,344.767302
0.686631,0.048164,-0.056036,368.615957
0.883246,0.055525,-0.090775,328.803703
0.167199,0.010486,-0.003999,469.579179
0.161336,0.096296,-0.003735,470.683437
0.225824,0.090581,-0.007031,458.484557
0.347511,0.056013,-0.015618,435.214860
0.632832,0.053572,-0.047989,379.354670
0.195855,0.077301,-0.005391,464.165248
0.335856,0.071898,-0.014661,437.457658
0.984668,0.068373,-0.112011,307.915062
0.348939,0.042417,-0.015737,434.939966
0.769038,0.012225,-0.069572,352.038672
0.531177,0.000768,-0.034475,399.467594
0.052296,0.059204,-0.000135,491.101306
0.053925,0.017668,-0.000171,490.798734
0.608020,0.000801,-0.044487,384.285979
0.581362,0.056811,-0.040871,389.567136
0.361190,0.033689,-0.016777,432.578717
0.588190,0.041293,-0.041783,388.216071
0.843090,0.009699,-0.082994,337.008245
0.259846,0.093034,-0.009119,452.011587
0.726152,0.044236,-0.062344,360.684906
0.261910,0.081283,-0.009254,451.618343
0.418173,0.009228,-0.022030,421.551495
0.130205,0.082309,-0.002455,476.539459
0.602862,0.085628,-0.043775,385.308079
0.407299,0.053314,-0.020975,423.660844
0.384347,0.010232,-0.018829,428.106298
0.370690,0.029863,-0.017605,430.745289
0.698411,0.060108,-0.057881,366.255536
0.562005,0.084685,-0.038340,393.391967
0.505254,0.070580,-0.031381,404.558008
0.630357,0.015668,-0.047634,379.847722
0.569034,0.071583,-0.039250,392.004019
0.919539,0.063129,-0.098112,321.356584
0.645242,0.056176,-0.049790,376.883368
0.824196,0.013778,-0.079456,340.855109
0.381707,0.005310,-0.018590,428.616958
0.230723,0.015713,-0.007317,457.555075
0.411571,0.022080,-0.021386,422.832632
0.088533,0.015767,-0.001057,484.345775
0.158223,0.081099,-0.003598,471.270082
0.321919,0.025507,-0.013554,440.136498
0.854899,0.009309,-0.085245,334.599539
0.349734,0.055984,-0.015803,434.786717
0.311042,0.065339,-0.012719,442.223215
0.634619,0.099940,-0.048406,378.993998
0.479529,0.071720,-0.028452,409.595596
0.642178,0.060019,-0.049342,377.493844
0.831368,0.079450,-0.080790,339.394785
0.188027,0.080114,-0.004994,465.645844
0.029263,0.099633,0.000310,495.380053
0.356238,0.090711,-0.016352,433.532921
0.412628,0.012259,-0.021489,422.627852
0.722238,0.038051,-0.061704,361.472230
0.259534,0.014047,-0.009099,452.072113
0.451826,0.006728,-0.025454,415.004857
0.729674,0.019346,-0.062923,359.976902
0.161862,0.021441,-0.003759,470.585342
0.865546,0.041110,-0.087302,332.424609
0.155106,0.014999,-0.003463,471.858040
0.445301,0.057179,-0.024771,416.275437
0.046950,0.095638,-0.000022,492.095033
0.793479,0.028196,-0.073870,347.091543
0.024963,0.000005,0.000273,496.178635
0.565666,0.076098,-0.038813,392.669189
0.279204,0.030354,-0.010416,448.317971
0.894867,0.017091,-0.093092,326.423070
0.377194,0.039487,-0.018183,429.488829
0.158168,0.030511,-0.003596,471.281099
0.950071,0.041047,-0.104510,315.068040
0.261295,0.087497,-0.009214,451.735364
0.355519,0.044542,-0.016291,433.672165
0.500949,0.035235,-0.030881,405.402565
0.433947,0.095199,-0.023605,418.484911
0.081020,0.048077,-0.000843,485.748334
0.801810,0.064734,-0.075365,345.401758
0.294700,0.062306,-0.011510,445.354234
0.510838,0.028443,-0.032036,403.463268
0.312786,0.057693,-0.012851,441.888819
0.336474,0.029410,-0.014711,437.339345
0.745115,0.004495,-0.065491,356.867439
0.691517,0.092502,-0.056798,367.636668
0.228682,0.097359,-0.007197,457.941747
0.847555,0.073383,-0.083842,336.096831
0.809859,0.003664,-0.076823,343.768954
0.290840,0.059744,-0.011233,446.092939
0.759024,0.099208,-0.067849,354.060258
0.176423,0.043464,-0.004429,467.838307
0.095626,0.074560,-0.001269,483.019086
0.268795,0.000993,-0.009709,450.306095
0.954690,0.089427,-0.105496,314.114038
0.826119,0.061511,-0.079813,340.463305
0.845987,0.038346,-0.083544,336.417111
0.290860,0.093485,-0.011234,446.088703
0.964403,0.036205,-0.107585,312.108605
0.648872,0.088487,-0.050323,376.159463
0.675457,0.056150,-0.054313,370.851608
0.530893,0.052227,-0.034440,399.522731
0.976344,0.050067,-0.110182,309.638873
0.744485,0.017081,-0.065385,356.994211
0.049384,0.041667,-0.000073,491.643202
0.491806,0.074419,-0.029832,407.193236
0.203240,0.006794,-0.005778,462.768250
0.761682,0.039729,-0.068304,353.524380
0.325420,0.028592,-0.013828,439.464142
0.469933,0.095885,-0.027395,411.470548
0.193460,0.075269,-0.005268,464.618484
0.556772,0.053872,-0.037670,394.425038
0.616992,0.009213,-0.045738,382.504580
0.273249,0.077833,-0.010008,449.454759
0.270431,0.094692,-0.009818,449.992436
0.627515,0.096166,-0.047227,380.411802
0.342456,0.057309,-0.015199,436.188056
0.537700,0.024842,-0.035276,398.183717
0.601194,0.002530,-0.043547,385.640081
0.642622,0.023190,-0.049407,377.405973
0.299006,0.002667,-0.011823,444.530572
0.088697,0.065065,-0.001062,484.314398
0.922203,0.076954,-0.098662,320.808552
0.488626,0.081017,-0.029472,407.815662
0.296595,0.076076,-0.011647,444.991365
0.827553,0.033710,-0.080079,340.172008
0.146448,0.051570,-0.003098,473.487274
0.336814,0.085951,-0.014738,437.273252
0.542646,0.059601,-0.035890,397.209358
0.618755,0.072341,-0.045986,382.153614
0.176375,0.029867,-0.004426,467.847607
0.312138,0.041567,-0.012802,442.013385
0.411330,0.032905,-0.021363,422.879298
0.427135,0.009015,-0.022918,419.810492
0.159218,0.034690,-0.003642,471.083287
0.764796,0.020501,-0.068839,352.895645
0.331877,0.074206,-0.014340,438.222783
0.321910,0.020230,-0.013553,440.138407
0.035009,0.096751,0.000209,494.313600
0.667908,0.078731,-0.053165,372.360300
0.187675,0.030495,-0.004977,465.712924
0.697916,0.058384,-0.057803,366.354674
0.879134,0.010403,-0.089961,329.646238
0.642609,0.044403,-0.049405,377.408157
0.244365,0.000555,-0.008139,454.961483
0.539448,0.075821,-0.035492,397.838976
0.613477,0.064868,-0.045246,383.201919
0.706281,0.070728,-0.059130,364.676799
0.193149,0.094446,-0.005252,464.677072
0.776269,0.063285,-0.070830,350.575790
0.235174,0.063980,-0.007581,456.708644
0.070008,0.052362,-0.000551,487.802801
0.073768,0.014198,-0.000649,487.101988
0.196560,0.083994,-0.005428,464.031773
0.286803,0.011347,-0.010946,446.865716
0.440417,0.020407,-0.024266,417.226885
0.301431,0.034095,-0.012001,444.065680
0.467842,0.042833,-0.027167,411.879768
0.483071,0.010229,-0.028847,408.903816
0.664749,0.003486,-0.052688,372.992430
0.313337,0.095766,-0.012893,441.782579
0.637710,0.075391,-0.048693,378.383483
0.375480,0.016085,-0.018030,429.820280
0.381201,0.081190,-0.018544,428.713694
0.241595,0.075728,-0.007969,455.487421
0.605769,0.039861,-0.044176,384.732131
0.190737,0.059282,-0.005130,465.133552
0.547486,0.078561,-0.036495,396.255561
0.657489,0.045365,-0.051600,374.441252
0.366624,0.069758,-0.017248,431.529824
0.393466,0.017770,-0.019668,426.341713
0.387789,0.058948,-0.019144,427.439948
0.207057,0.024873,-0.005982,462.044991
0.686567,0.014137,-0.056026,368.629174
0.660634,0.082368,-0.052070,373.812881
0.470727,0.008722,-0.027482,411.316805
0.977648,0.036241,-0.110467,309.369167
0.394844,0.076769,-0.019797,426.074034
0.396540,0.032651,-0.019955,425.746146
0.767831,0.019276,-0.069363,352.282549
0.252477,0.045447,-0.008647,453.416377
0.108078,0.003377,-0.001668,480.689869
0.323018,0.032825,-0.013640,439.925411
0.668714,0.054871,-0.053287,372.199643
0.772750,0.070283,-0.070217,351.287368
0.210667,0.038740,-0.006178,461.360686
0.621583,0.097603,-0.046385,381.591263
0.947809,0.009202,-0.104029,315.535156
0.388252,0.004464,-0.019187,427.351028
0.690794,0.067953,-0.056685,367.781849
0.675351,0.059414,-0.054297,370.872767
0.772485,0.073400,-0.070170,351.340946
0.828880,0.003159,-0.080326,339.902399
0.168296,0.022960,-0.004049,469.372257
0.644588,0.059739,-0.049694,377.013706
0.484225,0.084113,-0.028976,408.676936
0.627758,0.028684,-0.047262,380.364547
0.726041,0.064136,-0.062326,360.706978
0.606542,0.024197,-0.044282,384.578939
0.338435,0.077404,-0.014870,436.961591
0.756481,0.078022,-0.067415,354.573772
0.075517,0.061977,-0.000694,486.775243
0.621291,0.012846,-0.046344,381.650429
0.496575,0.043705,-0.030377,406.259726
0.264948,0.021880,-0.009454,451.039665
0.067595,0.028308,-0.000491,488.252857
0.833787,0.046995,-0.081242,338.902788
0.754423,0.069829,-0.067064,354.989364
0.411077,0.043993,-0.021339,422.928201
0.568579,0.070119,-0.039191,392.093944
0.225459,0.066292,-0.007010,458.554121
0.128491,0.007123,-0.002391,476.862366
0.951838,0.095569,-0.104887,314.702761
0.104385,0.048037,-0.001546,481.380742
0.626880,0.099471,-0.047137,380.538089
0.106851,0.098781,-0.001627,480.918376
0.869922,0.008121,-0.088154,331.530569
0.989335,0.059568,-0.113043,306.948084
0.046622,0.078555,-0.000015,492.156247
0.834785,0.024822,-0.081429,338.699931
0.124394,0.014884,-0.002239,477.631128
0.910601,0.047450,-0.096278,323.193647
0.798196,0.019953,-0.074714,346.135388
0.578766,0.079157,-0.040527,390.080313
0.085365,0.020831,-0.000966,484.937520
0.578705,0.097135,-0.040519,390.092091
0.913576,0.051896,-0.096886,322.582362
0.187795,0.081901,-0.004982,465.689622
0.981045,0.021070,-0.111212,308.666195
0.464089,0.034903,-0.026761,412.612561
0.176143,0.058719,-0.004415,467.891076
0.555279,0.020345,-0.037480,394.719941
0.153239,0.012170,-0.003383,472.209702
0.004938,0.049016,0.000658,499.887339
0.922954,0.027601,-0.098817,320.654773
0.429134,0.037915,-0.023119,419.421515
0.406015,0.078072,-0.020852,423.909444
0.234013,0.049356,-0.007511,456.929371
0.509076,0.090177,-0.031828,403.807979
0.514586,0.055263,-0.032479,402.727072
0.344873,0.014697,-0.015399,435.723437
0.569240,0.009909,-0.039277,391.964270
0.833945,0.025144,-0.081272,338.871045
0.809592,0.018514,-0.076774,343.822992
0.387082,0.081281,-0.019079,427.576411
0.806419,0.091409,-0.076198,344.466046
0.455513,0.046153,-0.025843,414.285549
0.584075,0.075035,-0.041232,389.030112
0.213729,0.004083,-0.006347,460.780758
0.686352,0.024029,-0.055992,368.672152
0.162353,0.025616,-0.003781,470.492731
0.008196,0.038571,0.000618,499.284565
0.369885,0.091204,-0.017534,430.899992
0.937225,0.001146,-0.101793,317.717251
0.869070,0.018125,-0.087987,331.704613
0.473581,0.063654,-0.027794,410.758396
0.465230,0.017489,-0.026884,412.389957
0.379189,0.020058,-0.018362,429.103563
0.652926,0.060824,-0.050922,375.351464
0.890021,0.066798,-0.092122,327.415745
0.799036,0.099386,-0.074865,345.963833
0.914127,0.095156,-0.097000,322.468519
0.139363,0.071474,-0.002811,474.819225
0.946275,0.079073,-0.103704,315.850567
0.002077,0.059437,0.000691,500.416350
0.739517,0.062824,-0.064554,357.994648
0.858225,0.079506,-0.085885,333.919562
0.525073,0.062869,-0.033734,400.666947
0.125059,0.067930,-0.002263,477.505590
0.156171,0.048592,-0.003509,471.657132
0.376814,0.052322,-0.018149,429.562074
0.609775,0.071160,-0.044730,383.936845
0.479364,0.066450,-0.028433,409.627935
0.129351,0.028020,-0.002423,476.700555
0.230634,0.082368,-0.007311,457.571120
0.738275,0.036108,-0.064347,358.245135
0.077932,0.045410,-0.000759,486.324781
0.558635,0.073936,-0.037908,394.057218
0.452989,0.024381,-0.025576,414.777806
0.176349,0.062640,-0.004425,467.852036
0.023685,0.068106,0.000400,496.414972
0.776764,0.080506,-0.070917,350.475347
0.438740,0.089887,-0.024094,417.552289
0.078662,0.083441,-0.000778,486.188035
0.379993,0.067095,-0.018435,428.947385
0.796027,0.019087,-0.074325,346.575204
0.404744,0.049168,-0.020730,424.156295
0.222756,0.098254,-0.006854,459.066931
0.379189,0.081983,-0.018362,429.102624
0.814822,0.004890,-0.077729,342.760899
0.670813,0.030014,-0.053605,371.780423
0.685084,0.070231,-0.055796,368.925252
0.116903,0.014033,-0.001970,479.036061
0.267858,0.025919,-0.009647,450.484500
0.784233,0.075279,-0.072229,348.963890
0.679378,0.000325,-0.054915,370.068218
0.412876,0.081302,-0.021513,422.578763
0.056742,0.062711,-0.000233,490.273799
0.384189,0.013155,-0.018815,428.136994
0.404850,0.060364,-0.020740,424.135669
0.173142,0.025545,-0.004274,468.458005
0.212308,0.048154,-0.006268,461.049482
0.113455,0.007890,-0.001850,479.682394
0.389901,0.075758,-0.019338,427.030886
0.409266,0.093179,-0.021164,423.278936
0.374054,0.094867,-0.017903,430.094730
0.548299,0.019734,-0.036597,396.096187
0.546425,0.078364,-0.036362,396.464559
0.023964,0.086595,0.000396,496.363031
0.420527,0.077339,-0.022262,421.093465
0.752494,0.043652,-0.066737,355.378858
0.406166,0.024429,-0.020866,423.880918
0.951581,0.086864,-0.104832,314.755955
0.210146,0.095417,-0.006150,461.458648
0.304651,0.043335,-0.012239,443.448626
0.398245,0.050131,-0.020115,425.415769
0.880491,0.022538,-0.090229,329.368263
0.251288,0.037623,-0.008571,453.642915
0.643150,0.052018,-0.049484,377.300359
0.219339,0.047113,-0.006660,459.716120
0.701341,0.058930,-0.058344,365.668071
0.358361,0.004709,-0.016534,433.124634
0.434775,0.048159,-0.023689,418.324418
0.888183,0.037006,-0.091756,327.792738
0.371289,0.039299,-0.017658,430.629480
0.390551,0.055005,-0.019398,426.905526
0.767490,0.099969,-0.069450,352.345328
0.358179,0.077338,-0.016518,433.158801
0.344403,0.056768,-0.015360,435.813248
0.223957,0.088931,-0.006923,458.838972
0.421692,0.082210,-0.022377,420.867182
0.440050,0.050817,-0.024228,417.297856
0.518998,0.040849,-0.033004,401.860852
0.587176,0.004379,-0.041647,388.417190
0.047665,0.052316,-0.000037,491.962732
0.781283,0.074440,-0.071709,349.561212
0.409781,0.000595,-0.021214,423.180233
0.133429,0.011597,-0.002578,475.935090
0.710897,0.099159,-0.059869,363.749709
0.700321,0.037920,-0.058183,365.872794
0.206909,0.072526,-0.005974,462.072457
0.460979,0.057506,-0.026426,413.219039
0.597051,0.033489,-0.042981,386.460912
0.416289,0.007768,-0.021845,421.917355
0.243239,0.074699,-0.008070,455.174700
0.313802,0.068819,-0.012928,441.693818
0.215666,0.080805,-0.006454,460.412334
0.422362,0.064546,-0.022443,420.737134
0.478877,0.056117,-0.028379,409.723282
0.554674,0.095625,-0.037403,394.838231
0.563219,0.064240,-0.038497,393.152592
0.216179,0.069850,-0.006483,460.315271
0.821617,0.048393,-0.078979,341.379145
0.721833,0.059431,-0.061639,361.553203
0.361246,0.068773,-0.016782,432.567499
0.408166,0.022171,-0.021058,423.493105
0.358769,0.042632,-0.016569,433.045585
0.092647,0.019761,-0.001179,483.576724
0.650627,0.030512,-0.050582,375.810233
0.031564,0.074785,0.000270,494.953443
0.113217,0.074053,-0.001841,479.726180
0.075687,0.048892,-0.000699,486.743622
0.658576,0.072439,-0.051762,374.223910
0.036700,0.062001,0.000178,494.000126
0.300609,0.069508,-0.011941,444.222671
0.481674,0.003671,-0.028691,409.177136
0.137948,0.074635,-0.002754,475.085054
0.463491,0.064247,-0.026696,412.728853
0.956038,0.043800,-0.105785,313.836490
0.478933,0.017833,-0.028386,409.712973
0.231668,0.089671,-0.007372,457.374635
0.821550,0.022299,-0.078966,341.393192
0.739338,0.066773,-0.064524,358.030645
0.114086,0.089541,-0.001871,479.563144
0.485070,0.023451,-0.029071,408.512380
0.694480,0.040409,-0.057262,367.043787
0.255651,0.087562,-0.008849,452.811220
0.392037,0.002556,-0.019536,426.618529
0.288946,0.039318,-0.011098,446.455464
0.043969,0.058769,0.000038,492.649701
0.232700,0.065227,-0.007433,457.178737
0.613973,0.076692,-0.045315,383.103282
0.309324,0.035850,-0.012589,442.553024
0.111165,0.045998,-0.001771,480.110958
0.380983,0.001665,-0.018524,428.757024
0.859242,0.000890,-0.086081,333.713003
0.115195,0.032091,-0.001910,479.356095
0.869997,0.028581,-0.088168,331.515023
0.853533,0.006359,-0.084983,334.878463
0.656134,0.015117,-0.051398,374.712038
0.002121,0.075111,0.000691,500.408000
0.773565,0.051308,-0.070358,351.122781
0.519383,0.023619,-0.033050,401.785478
0.181893,0.039078,-0.004692,466.805449
0.263495,0.070504,-0.009358,451.316090
0.366725,0.006303,-0.017257,431.511229
0.506236,0.006070,-0.031496,404.366347
0.374812,0.041967,-0.017971,429.949061
0.178897,0.069342,-0.004547,467.370910
0.237373,0.049848,-0.007713,456.290679
0.311201,0.017736,-0.012731,442.193431
0.052797,0.005313,-0.000146,491.008736
0.736853,0.045220,-0.064110,358.531356
0.869111,0.086516,-0.087996,331.695278
0.719151,0.049901,-0.061202,362.092424
0.116424,0.077382,-0.001952,479.125020
0.072741,0.090352,-0.000621,487.292568
0.230718,0.070992,-0.007316,457.555216
0.715225,0.007707,-0.060566,362.881977
0.671674,0.026741,-0.053736,371.608369
0.089186,0.087491,-0.001076,484.222665
0.900073,0.025396,-0.094140,325.355335
0.979055,0.052077,-0.110776,309.077689
0.687970,0.038538,-0.056244,368.347852
0.654552,0.029995,-0.051163,375.027442
0.479355,0.082923,-0.028432,409.629486
0.759324,0.066705,-0.067900,354.000220
0.154957,0.005220,-0.003457,471.886287
0.610450,0.012394,-0.044824,383.803653
0.571485,0.098211,-0.039570,391.519419
0.144552,0.084560,-0.003020,473.843299
0.789287,0.042841,-0.073123,347.940893
0.806755,0.061211,-0.076259,344.398279
0.842264,0.096740,-0.082838,337.175248
0.177740,0.002895,-0.004492,467.590212
0.866566,0.076958,-0.087500,332.215665
0.981253,0.089874,-0.111259,308.621962
0.034561,0.059834,0.000217,494.397313
0.477919,0.055656,-0.028273,409.910704
0.895423,0.057606,-0.093204,326.308493
0.142845,0.082384,-0.002950,474.164407
0.010267,0.090504,0.000593,498.900588
0.839481,0.068228,-0.082312,337.742841
0.980018,0.036170,-0.110987,308.878510
0.042934,0.029459,0.000059,492.842479
0.619777,0.032980,-0.046130,381.950981
0.308193,0.000331,-0.012504,442.770409
0.762788,0.081731,-0.068494,353.300457
0.754399,0.074816,-0.067060,354.994039
0.585051,0.029948,-0.041362,388.837436
0.449022,0.036594,-0.025159,415.550895
0.511878,0.052232,-0.032158,403.258779
0.861792,0.066827,-0.086574,333.191172
0.182571,0.007190,-0.004725,466.677841
0.400500,0.014425,-0.020328,424.979309
0.139551,0.039012,-0.002818,474.784406
0.655781,0.084162,-0.051345,374.781508
0.278230,0.035696,-0.010349,448.503998
0.609389,0.000401,-0.044677,384.014402
0.732013,0.069169,-0.063309,359.505434
0.439659,0.039501,-0.024188,417.374226
0.817287,0.078689,-0.078182,342.258874
0.606667,0.053216,-0.044300,384.553813
0.389080,0.023552,-0.019263,427.190625
0.750024,0.091220,-0.066318,355.876380
0.548026,0.058176,-0.036563,396.149440
0.035137,0.057132,0.000206,494.290403
0.054676,0.088752,-0.000187,490.657989
0.565773,0.050124,-0.038827,392.648517
0.119584,0.010935,-0.002065,478.533395
0.264409,0.024677,-0.009418,451.142372
0.977113,0.028994,-0.110350,309.479875
0.285647,0.051523,-0.010865,447.086342
0.182624,0.010057,-0.004728,466.667790
0.871757,0.007312,-0.088512,331.155523
0.427924,0.038094,-0.022997,419.656766
0.787389,0.038325,-0.072787,348.325364
0.255232,0.038925,-0.008822,452.891705
0.721774,0.011623,-0.061629,361.565831
0.132604,0.083099,-0.002546,476.088950
0.318420,0.013915,-0.013283,440.808360
0.835442,0.017610,-0.081552,338.566320
0.849010,0.063370,-0.084119,335.800298
0.680417,0.088306,-0.055075,369.859042
0.989602,0.036519,-0.113102,306.893139
0.022441,0.084984,0.000420,496.645356
0.932116,0.051865,-0.100723,318.768823
0.383108,0.065595,-0.018716,428.345293
0.824196,0.084418,-0.079456,340.854210
0.880446,0.045240,-0.090220,329.377225
0.949369,0.074710,-0.104361,315.212368
0.056946,0.093734,-0.000238,490.235502
0.674027,0.091062,-0.054095,371.137180
0.720665,0.063821,-0.061448,361.788055
0.165453,0.053437,-0.003920,469.907990
0.346212,0.039808,-0.015510,435.465242
0.444441,0.055087,-0.024682,416.443037
0.906738,0.014161,-0.095491,323.987465
0.853308,0.030457,-0.084940,334.923925
0.887449,0.087060,-0.091610,327.942453
0.725447,0.021003,-0.062229,360.827055
0.770285,0.034887,-0.069788,351.786333
0.677732,0.002765,-0.054662,370.397378
0.260533,0.021625,-0.009164,451.881674
0.171441,0.097126,-0.004194,468.777962
0.144646,0.035710,-0.003024,473.826303
0.379613,0.008047,-0.018401,429.021706
0.239017,0.059897,-0.007812,455.977962
0.768027,0.018051,-0.069397,352.242998
0.234600,0.093454,-0.007546,456.817249
0.376111,0.079487,-0.018086,429.697487
0.182014,0.099902,-0.004848,466.780451
0.130915,0.044126,-0.002482,476.406672
0.282267,0.099864,-0.010788,447.729682
0.952902,0.012990,-0.105114,314.484342
0.906736,0.061581,-0.095490,323.987278
0.717171,0.042994,-0.060881,362.490385
0.086396,0.086271,-0.000995,484.744007
0.646028,0.024933,-0.049905,376.727146
0.597014,0.076326,-0.042976,386.467693
0.923754,0.077741,-0.098983,320.489517
0.080576,0.062744,-0.000831,485.831187
0.337825,0.075880,-0.014820,437.078848
0.686432,0.035829,-0.056005,368.655965
0.905393,0.061766,-0.095217,324.262982
0.967960,0.047650,-0.108355,311.373120
0.718314,0.094814,-0.061066,362.260072
0.892198,0.030703,-0.092557,326.970057
0.452552,0.013448,-0.025530,414.863201
0.292414,0.012977,-0.011346,445.792397
0.401736,0.005636,-0.020445,424.740031
0.296555,0.032755,-0.011645,444.999473
0.668677,0.070489,-0.053281,372.206768
0.000845,0.028122,0.000705,500.644632
0.593837,0.061621,-0.042544,387.097396
0.400294,0.020565,-0.020308,425.019148
0.226295,0.052756,-0.007058,458.395602
0.086137,0.051663,-0.000987,484.792825
0.732781,0.045567,-0.063436,359.351098
0.120726,0.073267,-0.002105,478.318406
0.658359,0.049573,-0.051730,374.267490
0.129881,0.023199,-0.002443,476.601127
0.333865,0.022499,-0.014500,437.841264
0.727343,0.035925,-0.062540,360.445494
0.767798,0.055521,-0.069357,352.288686
0.647173,0.029177,-0.050073,376.498932
0.083621,0.073288,-0.000916,485.262514
0.426553,0.024179,-0.022860,419.923458
0.133073,0.083394,-0.002564,476.000978
-0.000126,0.087428,-0.000219,500.821555
0.388374,0.035152,-0.019198,427.326929
0.251258,0.056353,-0.008569,453.648539
0.044515,0.034377,0.000027,492.548468
0.370358,0.079443,-0.017576,430.808846
0.871047,0.099322,-0.088374,331.299342
0.650125,0.045401,-0.050508,375.910091
0.066908,0.069923,-0.000474,488.380323
0.711957,0.038433,-0.060040,363.537738
0.711095,0.042740,-0.059901,363.710783
0.136684,0.076178,-0.002705,475.322614
0.711179,0.071363,-0.059915,363.693627
0.145904,0.056497,-0.003075,473.589551
0.360647,0.035954,-0.016730,432.683384
0.267609,0.073640,-0.009630,450.531335
0.131803,0.087140,-0.002515,476.239481
0.007865,0.098909,0.000623,499.345042
0.247959,0.048832,-0.008362,454.276770
0.273194,0.033356,-0.010005,449.465833
0.075053,0.095466,-0.000682,486.861307
0.000342,0.035566,0.000710,500.737576
0.608980,0.070252,-0.044620,384.094664
0.620972,0.098924,-0.046298,381.712673
0.197149,0.004824,-0.005459,463.921351
0.666604,0.010870,-0.052968,372.621770
0.016484,0.025111,0.000508,497.750181
0.849578,0.058385,-0.084227,335.684445
0.030109,0.085605,0.000295,495.223160
0.084199,0.067142,-0.000932,485.154629
0.805452,0.043641,-0.076023,344.662946
0.166949,0.011019,-0.003988,469.626388
0.053630,0.042436,-0.000164,490.853306
0.259751,0.028738,-0.009113,452.030598
0.677264,0.022398,-0.054590,370.490782
0.055044,0.057157,-0.000195,490.589955
0.255678,0.027180,-0.008851,452.806974
0.050555,0.039138,-0.000098,491.425473
0.664051,0.059544,-0.052583,373.130923
0.659147,0.005379,-0.051847,374.110856
0.047064,0.039737,-0.000024,492.074586
0.365598,0.088788,-0.017159,431.727461
0.003013,0.004176,0.000680,500.244008
0.456722,0.021238,-0.025972,414.049967
0.760173,0.016206,-0.068045,353.829392
0.327065,0.099321,-0.013958,439.147102
0.974622,0.010696,-0.109805,309.995743
0.497562,0.066203,-0.030490,406.066000
0.358286,0.019328,-0.016528,433.138985
0.195334,0.054452,-0.005365,464.264109
0.642881,0.020754,-0.049445,377.354314
0.526628,0.000759,-0.033922,400.362130
0.172523,0.061950,-0.004245,468.574273
0.501870,0.097519,-0.030988,405.221086
0.142489,0.012546,-0.002936,474.232236
0.865862,0.085882,-0.087363,332.359316
0.687663,0.099177,-0.056196,368.408491
0.862063,0.034467,-0.086626,333.136429
0.263820,0.047604,-0.009379,451.254546
0.876184,0.058276,-0.089381,330.249233
0.255840,0.065930,-0.008861,452.775529
0.925805,0.052605,-0.099408,320.067949
0.472467,0.000350,-0.027672,410.976928
0.174941,0.022553,-0.004359,468.118478
0.216830,0.039563,-0.006519,460.192183
0.849731,0.015428,-0.084256,335.653974
0.606623,0.089906,-0.044294,384.561917
0.979946,0.031057,-0.110971,308.893448
0.654255,0.013742,-0.051119,375.086870
0.548787,0.039453,-0.036658,395.999727
0.364687,0.052022,-0.017080,431.903866
0.982240,0.091176,-0.111476,308.417580
0.477870,0.018182,-0.028268,409.920741
0.300166,0.054329,-0.011908,444.307773
0.523595,0.041661,-0.033555,400.957735
0.083928,0.051830,-0.000925,485.205404
0.894773,0.096853,-0.093074,326.441138
0.888127,0.061228,-0.091745,327.803857
0.032290,0.093515,0.000257,494.818397
0.791998,0.035013,-0.073606,347.391640
0.136462,0.072968,-0.002696,475.364432
0.447268,0.025801,-0.024976,415.892712
0.831641,0.064356,-0.080841,339.339527
0.327325,0.022114,-0.013979,439.098173
0.524644,0.051139,-0.033682,400.751421
0.447910,0.060041,-0.025043,415.767182
0.609695,0.009567,-0.044719,383.953572
0.336909,0.083884,-0.014746,437.255063
0.916732,0.066797,-0.097534,321.933641
0.114644,0.063906,-0.001890,479.458955
0.859997,0.023719,-0.086227,333.558460
0.370078,0.098175,-0.017551,430.862622
0.014868,0.050162,0.000531,498.049192
0.327691,0.048173,-0.014007,439.027577
0.175394,0.034593,-0.004380,468.032692
0.330136,0.067449,-0.014202,438.557476
0.039428,0.016629,0.000126,493.493936
0.957072,0.028422,-0.106006,313.623205
0.028066,0.008847,0.000329,495.603327
0.803320,0.073869,-0.075637,345.095275
0.005226,0.056604,0.000655,499.833912
0.043332,0.077115,0.000051,492.767927
0.073430,0.086373,-0.000639,487.164214
0.316650,0.047174,-0.013146,441.147700
0.074801,0.063621,-0.000675,486.908729
0.133658,0.083158,-0.002587,475.891112
0.301942,0.081640,-0.012039,443.967121
0.283623,0.058887,-0.010723,447.473038
0.868371,0.062472,-0.087851,331.846896
0.457857,0.002647,-0.026093,413.828902
0.617603,0.073504,-0.045824,382.382316
0.068070,0.091977,-0.000502,488.163371
0.237091,0.067200,-0.007696,456.344014
0.895932,0.032453,-0.093306,326.204544
0.851471,0.063665,-0.084589,335.298372
0.594722,0.067889,-0.042664,386.921963
0.353048,0.051090,-0.016082,434.148187
0.605594,0.036840,-0.044152,384.766866
0.138426,0.073448,-0.002773,474.995337
0.021111,0.090282,0.000440,496.891870
0.722473,0.041080,-0.061743,361.424860
0.859934,0.026168,-0.086215,333.571256
0.956658,0.039465,-0.105918,313.708472
0.897458,0.050005,-0.093613,325.891376
0.212844,0.045239,-0.006298,460.947898
0.605554,0.062078,-0.044146,384.774373
0.330696,0.040169,-0.014246,438.450292
0.014109,0.053115,0.000541,498.189786
0.353235,0.035206,-0.016098,434.112374
0.432829,0.077890,-0.023492,418.702470
0.074668,0.020576,-0.000672,486.934103
0.714661,0.092305,-0.060475,362.994022
-0.000095,0.045529,-0.000164,500.816403
0.040286,0.069711,0.000111,493.333865
0.479188,0.072329,-0.028414,409.662194
0.419499,0.048114,-0.022160,421.293590
0.000147,0.045690,0.000255,500.772516
0.508220,0.098905,-0.031728,403.975808
0.033022,0.073668,0.000244,494.682822
0.001341,0.068561,0.000700,500.552270
0.259902,0.040012,-0.009123,452.001623
0.649330,0.080092,-0.050391,376.068123
0.496772,0.080817,-0.030400,406.220509
0.040196,0.037706,0.000112,493.350996
0.767956,0.087417,-0.069385,352.256196
0.195634,0.092711,-0.005380,464.206862
0.046035,0.097036,-0.000003,492.265124
0.796446,0.010996,-0.074400,346.490337
0.088859,0.097393,-0.001066,484.283641
0.967332,0.046818,-0.108219,311.502929
0.126527,0.052062,-0.002317,477.230443
0.451605,0.002638,-0.025431,415.047850
0.975449,0.023484,-0.109986,309.824501
0.735560,0.045603,-0.063896,358.791722
0.569849,0.035851,-0.039356,391.843484
0.724435,0.014261,-0.062063,361.030791
0.929123,0.037304,-0.100098,319.385358
0.080073,0.092536,-0.000817,485.924621
0.703713,0.085118,-0.058721,365.191739
0.245971,0.063638,-0.008238,454.654964
0.215162,0.029317,-0.006426,460.508554
0.090137,0.011635,-0.001104,484.046064
0.288433,0.005282,-0.011062,446.554038
0.987561,0.016250,-0.112650,307.316475
0.878005,0.051232,-0.089739,329.876651
0.053641,0.091763,-0.000164,490.850539
0.347114,0.027710,-0.015585,435.291753
0.968861,0.027470,-0.108550,311.187200
0.876299,0.041650,-0.089403,330.225931
0.079692,0.096042,-0.000806,485.995662
0.027711,0.000836,0.000335,495.669312
0.123509,0.060089,-0.002206,477.796637
0.172767,0.082785,-0.004256,468.527913
0.646969,0.082471,-0.050043,376.538773
0.890679,0.025164,-0.092254,327.281407
0.948780,0.012874,-0.104235,315.334973
0.190729,0.007399,-0.005130,465.135876
0.271119,0.082062,-0.009865,449.861431
0.721829,0.038498,-0.061638,361.554304
0.398924,0.094497,-0.020179,425.283669
0.166672,0.070727,-0.003975,469.677875
0.129383,0.014841,-0.002424,476.694831
0.039166,0.094797,0.000132,493.541678
0.262817,0.050158,-0.009313,451.445823
0.290404,0.093453,-0.011201,446.175890
0.272262,0.098868,-0.009942,449.643019
0.748458,0.046643,-0.066054,356.192771
0.649540,0.060664,-0.050421,376.026560
0.180478,0.001572,-0.004623,467.073329
0.814836,0.071103,-0.077732,342.757134
0.133990,0.054624,-0.002600,475.829055
0.489677,0.081632,-0.029590,407.610032
0.034434,0.053309,0.000219,494.420929
0.119146,0.087683,-0.002048,478.614568
0.125878,0.030656,-0.002293,477.352395
0.813562,0.098353,-0.077499,343.015394
0.497012,0.067040,-0.030427,406.173786
0.122513,0.071720,-0.002170,477.983236
0.326462,0.067584,-0.013910,439.263491
0.529934,0.032585,-0.034324,399.711646
0.510400,0.038086,-0.031984,403.549016
0.456467,0.037781,-0.025945,414.099542
0.937366,0.061762,-0.101823,317.687303
0.043039,0.024792,0.000057,492.822935
0.959292,0.004397,-0.106483,313.165130
0.945223,0.055082,-0.103480,316.067952
0.933974,0.065841,-0.101111,318.385994
0.373923,0.039911,-0.017891,430.120881
0.076540,0.055918,-0.000721,486.584359
0.266881,0.091063,-0.009581,450.669905
0.872626,0.095512,-0.088683,330.976448
0.850323,0.017585,-0.084369,335.533183
0.524256,0.035120,-0.033635,400.827974
0.724609,0.003292,-0.062092,360.995855
0.196672,0.021566,-0.005434,464.011459
0.398922,0.026102,-0.020179,425.284857
0.619309,0.003226,-0.046064,382.044508
0.692974,0.040737,-0.057026,367.345514
0.515350,0.073481,-0.032569,402.576819
0.226553,0.075711,-0.007073,458.346418
0.193906,0.032376,-0.005291,464.534723
0.026528,0.014243,0.000354,495.888584
0.040956,0.087186,0.000098,493.209227
0.826674,0.020276,-0.079915,340.351034
0.690682,0.033100,-0.056667,367.804756
0.586008,0.069736,-0.041490,388.647496
0.191479,0.007038,-0.005168,464.993938
0.569100,0.000627,-0.039259,391.992016
0.265967,0.062294,-0.009521,450.844791
0.929452,0.042650,-0.100166,319.317528
0.664337,0.038935,-0.052626,373.074253
0.112574,0.065192,-0.001819,479.846747
0.799849,0.038616,-0.075011,345.799939
0.304181,0.043980,-0.012204,443.538767
0.480397,0.016036,-0.028548,409.426623
0.056282,0.098019,-0.000223,490.358985
0.220260,0.036271,-0.006712,459.541507
0.467617,0.048101,-0.027143,411.923634
0.149590,0.051730,-0.003229,472.896070
0.304624,0.086263,-0.012237,443.453247
0.850157,0.021038,-0.084338,335.566913
0.650048,0.054258,-0.050496,375.925479
0.409347,0.084499,-0.021171,423.263338
0.705356,0.021694,-0.058983,364.863161
0.689082,0.044181,-0.056417,368.125101
0.215515,0.048208,-0.006446,460.441518
0.545129,0.074454,-0.036199,396.719972
0.053712,0.098832,-0.000165,490.837387
0.444613,0.029592,-0.024700,416.409841
0.153431,0.087267,-0.003391,472.172500
0.262697,0.038708,-0.009305,451.468761
0.887364,0.057714,-0.091593,327.960294
0.423214,0.059835,-0.022528,420.571729
0.140481,0.048565,-0.002855,474.609409
0.280064,0.022356,-0.010475,448.153826
0.752262,0.072047,-0.066697,355.425251
0.736050,0.039545,-0.063977,358.693222
0.316546,0.096572,-0.013138,441.166954
0.369095,0.051893,-0.017465,431.052940
0.621387,0.019436,-0.046357,381.631269
0.599452,0.029588,-0.043308,385.985038
0.641068,0.080681,-0.049180,377.714716
0.692846,0.083243,-0.057006,367.370606
0.509386,0.055634,-0.031865,403.747798
0.147630,0.055440,-0.003147,473.264850
0.852367,0.007513,-0.084760,335.116352
0.872209,0.095771,-0.088601,331.061754
0.364996,0.090028,-0.017106,431.843624
0.822259,0.089257,-0.079098,341.248060
0.933971,0.022479,-0.101110,318.387382
0.245387,0.072413,-0.008202,454.765916
0.105760,0.087888,-0.001591,481.122739
0.215018,0.082296,-0.006418,460.535132
0.743213,0.027361,-0.065172,357.250494
0.401711,0.062184,-0.020442,424.743946
0.557199,0.057969,-0.037725,394.340595
0.606707,0.081561,-0.044305,384.545480
0.085247,0.078235,-0.000962,484.958828
0.381629,0.017291,-0.018583,428.631937
0.041480,0.027923,0.000087,493.112728
0.420668,0.022013,-0.022276,421.066891
0.201328,0.071698,-0.005677,463.129490
0.120363,0.031492,-0.002092,478.387109
0.752251,0.040240,-0.066695,355.428008
0.213476,0.022487,-0.006333,460.828335
0.387985,0.074962,-0.019162,427.401800
0.905260,0.010204,-0.095190,324.290999
0.654335,0.091027,-0.051131,375.069947
0.294343,0.041286,-0.011484,445.422872
0.843636,0.066262,-0.083098,336.896039
0.533166,0.043235,-0.034718,399.075735
0.887901,0.048956,-0.091699,327.850365
0.345247,0.091458,-0.015429,435.650258
0.478121,0.077134,-0.028295,409.870910
0.427620,0.009692,-0.022967,419.716265
0.660845,0.015668,-0.052101,373.771890
0.252286,0.019944,-0.008635,453.453161
0.756845,0.010350,-0.067476,354.501364
0.314316,0.045350,-0.012968,441.595457
0.653797,0.075137,-0.051051,375.177404
0.398180,0.028545,-0.020109,425.428555
0.159225,0.007721,-0.003642,471.082353
0.386313,0.028075,-0.019009,427.725818
0.329933,0.042986,-0.014185,438.596852
0.129047,0.036124,-0.002411,476.757480
0.376643,0.093100,-0.018134,429.594532
0.006987,0.040668,0.000633,499.508224
0.596187,0.060489,-0.042863,386.631737
0.154016,0.092315,-0.003416,472.062309
0.691064,0.087075,-0.056727,367.727552
0.612290,0.004237,-0.045080,383.438485
0.152856,0.067826,-0.003366,472.281095
0.828903,0.057188,-0.080330,339.896998
0.074320,0.001204,-0.000663,486.999326
0.319061,0.055735,-0.013332,440.684904
0.395105,0.078207,-0.019821,426.023532
0.229925,0.065355,-0.007270,457.706032
0.113655,0.073667,-0.001856,479.644185
0.568522,0.025743,-0.039184,392.105794
0.061639,0.038592,-0.000347,489.362437
0.160646,0.020747,-0.003705,470.814434
0.770633,0.030249,-0.069849,351.715903
0.966348,0.068278,-0.108006,311.706168
0.315259,0.016946,-0.013040,441.415079
0.559802,0.096922,-0.038058,393.826468
0.593453,0.041329,-0.042492,387.173703
0.596323,0.004785,-0.042882,386.605628
0.717481,0.059582,-0.060931,362.427999
0.864226,0.067095,-0.087045,332.694064
0.257307,0.045205,-0.008955,452.496156
0.629715,0.035857,-0.047542,379.975199
0.844118,0.077009,-0.083189,336.797667
0.312822,0.032715,-0.012854,441.882352
0.857595,0.062838,-0.085764,334.048375
0.846556,0.097555,-0.083652,336.300395
0.111742,0.023546,-0.001791,480.003178
0.307005,0.084429,-0.012415,442.996926
0.341624,0.015384,-0.015131,436.348706
0.261541,0.074437,-0.009230,451.688686
0.885170,0.080822,-0.091156,328.409273
0.644866,0.061714,-0.049735,376.958301
0.282559,0.022013,-0.010649,447.677002
0.445391,0.081524,-0.024780,416.257601
0.674513,0.051219,-0.054169,371.040443
0.038985,0.014121,0.000135,493.576273
0.443222,0.036202,-0.024556,416.680610
0.528024,0.086704,-0.034091,400.086522
0.841887,0.054720,-0.082767,337.252780
0.078317,0.016641,-0.000770,486.253303
0.974563,0.089988,-0.109792,310.006790
0.302405,0.044992,-0.012073,443.878900
0.643946,0.020599,-0.049600,377.142124
0.792736,0.009109,-0.073737,347.242563
0.535187,0.099442,-0.034966,398.677272
0.216073,0.052119,-0.006477,460.335490
0.970885,0.050312,-0.108990,310.768272
0.256870,0.011467,-0.008927,452.579933
0.610943,0.009249,-0.044893,383.705830
0.343976,0.043755,-0.015324,435.895707
0.137156,0.002045,-0.002724,475.234994
0.725484,0.065952,-0.062235,360.819027
0.706695,0.043009,-0.059196,364.594060
0.770482,0.046277,-0.069822,351.746349
0.506330,0.037124,-0.031507,404.347427
0.508288,0.059250,-0.031736,403.962993
0.453854,0.015861,-0.025668,414.609328
0.846334,0.091784,-0.083610,336.345674
0.866299,0.005097,-0.087448,332.271364
0.766959,0.067608,-0.069213,352.457965
0.015191,0.059225,0.000526,497.989173
0.185547,0.067996,-0.004871,466.114762
0.208336,0.034763,-0.006052,461.802508
0.238845,0.046374,-0.007802,456.010926
0.631603,0.016984,-0.047812,379.599795
0.009193,0.034490,0.000606,499.100141
0.256469,0.012264,-0.008901,452.656357
0.135818,0.030322,-0.002671,475.486030
0.992169,0.054868,-0.113001,306.390245
0.423003,0.083709,-0.022507,420.612453
0.530755,0.088917,-0.034424,399.549360
0.275946,0.026153,-0.010192,448.940483
0.197134,0.082458,-0.005457,463.923280
0.169127,0.036082,-0.004088,469.215351
0.574738,0.004938,-0.039996,390.877713
0.541103,0.068758,-0.035698,397.513016
0.594463,0.002515,-0.042629,386.974147
0.846425,0.091306,-0.083627,336.327106
0.373388,0.008651,-0.017844,430.224654
0.594613,0.029614,-0.042649,386.943953
0.492785,0.020032,-0.029944,407.002282
0.120609,0.070816,-0.002101,478.340425
0.837095,0.077601,-0.081863,338.228799
0.132604,0.089166,-0.002546,476.088911
0.494413,0.008060,-0.030130,406.683677
0.427037,0.092380,-0.022908,419.828445
0.247027,0.016888,-0.008304,454.454603
0.000096,0.071350,0.000167,500.781388
0.781474,0.003852,-0.071743,349.523373
0.894284,0.025041,-0.092975,326.542460
0.127881,0.037652,-0.002368,476.976475
0.298436,0.086658,-0.011781,444.638709
0.074852,0.099405,-0.000676,486.898672
0.629230,0.092123,-0.047472,380.070879
0.203676,0.042421,-0.005801,462.685232
0.992020,0.015448,-0.113259,306.408927
0.083141,0.029021,-0.000903,485.352648
0.580270,0.084383,-0.040726,389.782654
0.020432,0.016015,0.000450,497.018701
0.606646,0.073071,-0.044297,384.557668
0.699613,0.051381,-0.058071,366.014565
0.601175,0.040796,-0.043544,385.643226
0.155994,0.050258,-0.003501,471.690447
0.671613,0.089106,-0.053727,371.619736
0.926590,0.077536,-0.099571,319.906116
0.310705,0.058131,-0.012693,442.287935
0.398543,0.078095,-0.020143,425.357568
0.670423,0.034365,-0.053546,371.858449
0.895762,0.059920,-0.093272,326.239067
0.224455,0.028862,-0.006952,458.745240
0.927164,0.017667,-0.099690,319.788840
0.936645,0.051773,-0.101671,317.836086
0.710629,0.025733,-0.059826,363.804558
0.452682,0.038317,-0.025544,414.837444
0.720356,0.024282,-0.061398,361.850560
0.866478,0.054181,-0.087483,332.234085
0.187641,0.016487,-0.004975,465.719489
0.170311,0.019001,-0.004142,468.992168
0.122089,0.078440,-0.002154,478.062714
0.543232,0.049673,-0.035963,397.093981
0.414171,0.084903,-0.021639,422.327416
0.812448,0.050355,-0.077295,343.242439
0.129421,0.027281,-0.002425,476.687384
0.845495,0.000027,-0.083599,336.512595
0.598088,0.073773,-0.043122,386.254744
0.939926,0.086618,-0.102361,317.159411
0.262087,0.031789,-0.009266,451.585200
0.901379,0.022387,-0.094404,325.087250
0.170069,0.076949,-0.004131,469.037026
0.065663,0.082720,-0.000443,488.612084
0.370608,0.030338,-0.017598,430.761177
0.372199,0.095816,-0.017738,430.453109
0.277750,0.017579,-0.010316,448.595904
0.891112,0.021418,-0.092340,327.192897
0.570734,0.038024,-0.039472,391.668639
0.551961,0.080678,-0.037059,395.373347
0.953841,0.063338,-0.105315,314.289699
0.754465,0.096687,-0.067071,354.980347
0.283781,0.082595,-0.010734,447.442513
0.746032,0.048200,-0.065645,356.681910
0.334399,0.035550,-0.014543,437.738270
0.805827,0.001508,-0.076091,344.587525
0.977103,0.027539,-0.110348,309.481975
0.681029,0.042668,-0.055169,369.737232
0.168683,0.005689,-0.004067,469.299492
0.595911,0.003681,-0.042826,386.687286
0.096940,0.050587,-0.001310,482.773669
0.138389,0.075230,-0.002772,475.002275
0.235669,0.068887,-0.007610,456.614391
0.671371,0.072572,-0.053690,371.668363
0.391127,0.007932,-0.019452,426.794716
0.608919,0.086513,-0.044611,384.106391
0.114006,0.082997,-0.001868,479.578266
0.056730,0.072326,-0.000233,490.276017
0.165727,0.070224,-0.003932,469.856030
0.962415,0.048075,-0.107156,312.519189
0.600252,0.063518,-0.043418,385.825938
0.237129,0.081700,-0.007698,456.336696
0.578813,0.046176,-0.040533,390.071497
0.175573,0.014936,-0.004389,467.999261
0.407190,0.043602,-0.020964,423.682138
0.545460,0.092903,-0.036241,396.654639
0.506557,0.009374,-0.031533,404.303256
0.044079,0.050605,0.000036,492.629321
-0.000133,0.081356,-0.000230,500.822791
0.239041,0.095523,-0.007813,455.972948
0.858919,0.022202,-0.086019,333.778565
0.001336,0.043913,0.000699,500.553536
0.794524,0.081793,-0.074057,346.878940
0.226440,0.024974,-0.007067,458.368451
0.826655,0.023697,-0.079912,340.354742
0.971965,0.017031,-0.109225,310.545413
0.487322,0.073679,-0.029324,408.071151
0.581887,0.042232,-0.040941,389.463365
0.842690,0.037117,-0.082919,337.089363
0.660577,0.060803,-0.052061,373.824615
0.735866,0.021385,-0.063946,358.730447
0.061071,0.079550,-0.000333,489.467591
0.805312,0.041321,-0.075997,344.691413
0.023172,0.052674,0.000408,496.510365
0.675120,0.072127,-0.054262,370.918873
0.124998,0.068358,-0.002260,477.517032
0.168440,0.039853,-0.004056,469.344807
0.053941,0.043167,-0.000171,490.795442
0.795189,0.043350,-0.074175,346.744701
0.849804,0.067143,-0.084271,335.638376
0.036998,0.024805,0.000172,493.945262
0.744149,0.048668,-0.065329,357.061509
0.125101,0.008896,-0.002265,477.498504
0.992050,0.051002,-0.113206,306.404707
0.573774,0.007427,-0.039870,391.068285
0.106483,0.062104,-0.001615,480.987636
0.151253,0.097800,-0.003298,472.582391
0.987625,0.094336,-0.112664,307.302080
0.284437,0.044654,-0.010780,447.317795
0.014133,0.018692,0.000540,498.185702
0.408594,0.062827,-0.021099,423.409640
0.284159,0.076570,-0.010760,447.370353
0.628765,0.021837,-0.047406,380.164329
0.161895,0.062542,-0.003760,470.578451
0.029730,0.024680,0.000301,495.294299
0.953522,0.055147,-0.105246,314.355799
0.498505,0.056394,-0.030599,405.881259
0.666765,0.030534,-0.052992,372.589324
0.665854,0.055236,-0.052854,372.771006
0.515308,0.030635,-0.032564,402.585669
0.879310,0.077539,-0.089996,329.609232
0.717444,0.021797,-0.060925,362.435920
0.588812,0.007769,-0.041866,388.093238
0.001727,0.074279,0.000695,500.480875
0.932238,0.007623,-0.100748,318.744414
0.421454,0.025606,-0.022353,420.914145
0.229620,0.043378,-0.007252,457.764255
0.478295,0.053948,-0.028315,409.837034
0.226305,0.034158,-0.007059,458.393948
0.864898,0.070822,-0.087176,332.556550
0.366649,0.032305,-0.017251,431.525510
0.710295,0.017198,-0.059773,363.871909
0.440717,0.094813,-0.024297,417.167520
0.176184,0.045342,-0.004417,467.883557
0.710799,0.011247,-0.059854,363.770667
0.010073,0.099259,0.000595,498.936438
0.535204,0.031695,-0.034969,398.674922
0.752428,0.012599,-0.066725,355.392552
0.353424,0.071427,-0.016114,434.075594
0.434474,0.070583,-0.023658,418.382749
0.154427,0.082803,-0.003434,471.984981
0.894567,0.051021,-0.093032,326.484052
0.905233,0.027775,-0.095185,324.296227
0.090074,0.039224,-0.001102,484.057434
0.208365,0.078897,-0.006053,461.796506
0.274240,0.012678,-0.010076,449.266506
0.365721,0.044493,-0.017170,431.704374
0.030330,0.060721,0.000291,495.182572
0.026354,0.068853,0.000357,495.920124
0.235103,0.028458,-0.007577,456.722565
0.905151,0.055869,-0.095168,324.312614
0.720406,0.052002,-0.061406,361.840202
0.275834,0.016899,-0.010185,448.961925
0.827301,0.007707,-0.080032,340.223605
0.412686,0.037003,-0.021494,422.616100
0.244243,0.025465,-0.008132,454.984307
0.382527,0.078633,-0.018664,428.457324
0.157599,0.085085,-0.003571,471.387687
0.700762,0.022206,-0.058253,365.784644
0.990814,0.064968,-0.113371,306.641498
0.278452,0.054694,-0.010364,448.461334
0.904910,0.003594,-0.095119,324.362999
0.340345,0.052523,-0.015026,436.594304
0.424099,0.062809,-0.022615,420.399812
0.320648,0.030085,-0.013455,440.380602
0.262284,0.023632,-0.009279,451.547647
0.844740,0.093468,-0.083307,336.670617
0.229120,0.043067,-0.007223,457.859155
0.510256,0.091768,-0.031967,403.576509
0.254298,0.077186,-0.008762,453.069170
0.621218,0.026285,-0.046333,381.664765
0.904724,0.045592,-0.095082,324.400588
0.081662,0.034091,-0.000861,485.628839
0.039311,0.092791,0.000129,493.514822
0.801155,0.049137,-0.075247,345.534833
0.210122,0.035973,-0.006149,461.464144
0.256053,0.067514,-0.008874,452.734822
0.491537,0.006924,-0.029802,407.246897
0.106874,0.016150,-0.001628,480.915197
0.747931,0.093800,-0.065965,356.298363
0.556615,0.055249,-0.037650,394.455950
0.349264,0.004048,-0.015764,434.877970
0.029287,0.042142,0.000309,495.376422
0.802939,0.086293,-0.075568,345.172336
0.026442,0.036787,0.000356,495.904149
0.437026,0.075332,-0.023918,417.886183
0.269861,0.045344,-0.009780,450.101894
0.934671,0.042690,-0.101257,318.242834
0.672988,0.019223,-0.053936,371.345863
0.974455,0.010810,-0.109769,310.030241
0.229446,0.055507,-0.007242,457.797085
0.253397,0.089569,-0.008705,453.240649
0.260605,0.067532,-0.009169,451.867184
0.911210,0.089130,-0.096403,323.067950
0.953905,0.089878,-0.105328,314.276058
0.510027,0.000506,-0.031940,403.622746
0.391620,0.014546,-0.019497,426.699103
0.389207,0.002656,-0.019274,427.166302
0.401439,0.041044,-0.020416,424.796949
0.648582,0.071159,-0.050280,376.217363
0.161146,0.096209,-0.003727,470.719125
0.931138,0.031454,-0.100518,318.970580
0.615843,0.046078,-0.045577,382.732399
0.220536,0.096401,-0.006728,459.488329
0.122744,0.066853,-0.002178,477.940114
0.067399,0.046506,-0.000486,488.289029
0.917412,0.019140,-0.097674,321.794565
0.563933,0.083431,-0.038589,393.011231
0.134361,0.071964,-0.002614,475.759171
0.363993,0.054378,-0.017019,432.037769
0.472623,0.068867,-0.027689,410.945492
0.302719,0.093482,-0.012096,443.818119
0.052039,0.008699,-0.000130,491.149808
0.095945,0.059634,-0.001279,482.959564
0.600899,0.078977,-0.043506,385.697496
0.824884,0.067274,-0.079583,340.714447
0.345514,0.061724,-0.015452,435.599296
0.212871,0.007717,-0.006300,460.943345
0.097902,0.052510,-0.001340,482.593676
0.334728,0.000137,-0.014726,437.673274
0.699968,0.017596,-0.058127,365.943873
0.461858,0.002227,-0.026521,413.048305
0.888204,0.052238,-0.091760,327.788226
0.963352,0.011733,-0.107358,312.326079
0.001134,0.089983,0.000702,500.590281
0.397419,0.047052,-0.020038,425.575781
0.678577,0.041155,-0.054792,370.227964
0.175895,0.064067,-0.004403,467.937840
0.425627,0.007126,-0.022768,420.103625
0.128093,0.037684,-0.002375,476.936619
0.249244,0.047211,-0.008443,454.032096
0.911033,0.046690,-0.096366,323.105001
0.542763,0.035234,-0.035904,397.186702
0.890687,0.093473,-0.092255,327.278895
0.218196,0.056329,-0.006596,459.932849
0.632575,0.022164,-0.047952,379.406283
0.981375,0.083976,-0.111285,308.596811
0.024089,0.075661,0.000394,496.340044
-0.000066,0.078737,-0.000115,500.810766
0.689279,0.024267,-0.056448,368.085979
0.821815,0.063736,-0.079016,341.338576
0.019002,0.066598,0.000471,497.283029
0.196642,0.088693,-0.005432,464.016152
0.232938,0.032965,-0.007448,457.133957
0.352208,0.049408,-0.016011,434.310157
0.413632,0.017615,-0.021586,422.432770
0.752134,0.029070,-0.066675,355.451714
0.299861,0.092138,-0.011886,444.365650
0.185232,0.002367,-0.004856,466.175005
0.075235,0.047554,-0.000687,486.828072
0.946737,0.070759,-0.103801,315.755536
0.548021,0.089460,-0.036562,396.150061
0.351431,0.008766,-0.015946,434.460495
0.170262,0.005003,-0.004140,469.001539
0.615077,0.089411,-0.045470,382.883843
0.327636,0.024818,-0.014003,439.038539
0.022344,0.093087,0.000421,496.663332
0.203549,0.073759,-0.005794,462.708911
0.862879,0.032873,-0.086784,332.969628
0.147398,0.081379,-0.003137,473.308137
0.011424,0.014708,0.000577,498.687355
0.414405,0.097668,-0.021661,422.281826
0.599218,0.079208,-0.043276,386.030778
0.184523,0.055161,-0.004820,466.308312
0.742990,0.022882,-0.065135,357.295369
0.295524,0.024551,-0.011570,445.196962
0.060301,0.033511,-0.000315,489.611574
0.368042,0.064995,-0.017372,431.256128
0.114093,0.047991,-0.001872,479.562340
0.721928,0.028056,-0.061654,361.534621
0.986122,0.094461,-0.112332,307.613458
0.157339,0.089145,-0.003559,471.436459
0.263400,0.091075,-0.009351,451.334039
0.571839,0.098399,-0.039616,391.449485
0.501968,0.041626,-0.030999,405.202669
0.309910,0.063489,-0.012633,442.440332
0.364564,0.099170,-0.017069,431.926835
0.441638,0.074150,-0.024392,416.988506
0.762204,0.017212,-0.068394,353.419219
0.031516,0.028141,0.000270,494.962956
0.448692,0.059400,-0.025125,415.614766
0.285065,0.043570,-0.010824,447.197707
0.320388,0.074952,-0.013435,440.429849
0.681981,0.018894,-0.055316,369.547095
0.911952,0.090755,-0.096554,322.915501
0.335859,0.091164,-0.014661,437.456925
0.254600,0.037044,-0.008782,453.012182
0.921128,0.082560,-0.098440,321.029593
0.464141,0.074279,-0.026766,412.601907
0.004019,0.083191,0.000669,500.056951
0.105517,0.053420,-0.001583,481.168604
0.141640,0.046201,-0.002902,474.391440
0.219137,0.029955,-0.006649,459.754538
0.498962,0.076566,-0.030652,405.791462
0.081209,0.078455,-0.000848,485.712785
0.787735,0.008928,-0.072848,348.255797
0.011066,0.004921,0.000581,498.753815
0.259781,0.014181,-0.009115,452.025032
0.785736,0.056899,-0.072494,348.659933
0.939896,0.030218,-0.102355,317.166515
0.118869,0.094356,-0.002038,478.666505
0.157440,0.030416,-0.003564,471.418357
0.967463,0.055617,-0.108247,311.475839
0.036366,0.068021,0.000184,494.061943
0.888604,0.032089,-0.091839,327.706661
0.467252,0.071266,-0.027103,411.994454
0.333222,0.062753,-0.014448,437.964259
0.360947,0.037176,-0.016756,432.625503
0.775391,0.076255,-0.070677,350.753200
0.699056,0.068048,-0.057983,366.125991
0.584164,0.029404,-0.041244,389.013150
0.992010,0.048929,-0.113276,306.409608
0.535187,0.029757,-0.034967,398.678193
0.256095,0.031648,-0.008877,452.727338
0.574141,0.012082,-0.039918,390.995625
0.138254,0.018328,-0.002767,475.028435
0.471214,0.043030,-0.027535,411.221140
0.168329,0.010185,-0.004051,469.366205
0.864124,0.066958,-0.087026,332.714843
0.223713,0.030580,-0.006909,458.886255
0.795787,0.000053,-0.074437,346.618790
0.083781,0.081830,-0.000920,485.232477
0.948091,0.040261,-0.104089,315.476716
0.376326,0.097485,-0.018105,429.655712
0.604485,0.059649,-0.043999,384.986509
0.566998,0.086583,-0.038986,392.405982
0.545068,0.008473,-0.036192,396.732922
0.891844,0.034796,-0.092486,327.042625
0.861514,0.037359,-0.086520,333.248460
0.562762,0.071314,-0.038438,393.242559
0.103732,0.057122,-0.001525,481.502779
0.193224,0.060481,-0.005256,464.663233
0.142172,0.064132,-0.002923,474.291186
0.708910,0.055763,-0.059551,364.149322
0.655505,0.099597,-0.051304,374.836272
0.314753,0.057019,-0.013001,441.511597
0.145595,0.084705,-0.003062,473.647269
0.246786,0.038148,-0.008289,454.500215
0.880103,0.086819,-0.090153,329.446712
0.721978,0.010809,-0.061662,361.524717
0.707453,0.005494,-0.059317,364.442504
0.828724,0.078795,-0.080297,339.932924
0.263131,0.018464,-0.009334,451.386358
0.033898,0.095736,0.000229,494.519897
0.976098,0.027556,-0.110128,309.690140
0.666897,0.003454,-0.053012,372.563290
0.331909,0.033808,-0.014343,438.217193
0.874934,0.053046,-0.089135,330.504976
0.409885,0.070671,-0.021223,423.159041
0.128687,0.022090,-0.002398,476.825250
0.678567,0.056539,-0.054790,370.229594
0.370034,0.030113,-0.017547,430.871925
0.521377,0.097195,-0.033289,401.392844
0.809136,0.079681,-0.076692,343.914680
0.916060,0.023030,-0.097396,322.072402
0.621820,0.087948,-0.046418,381.544342
0.187425,0.061080,-0.004964,465.759836
0.012613,0.094371,0.000562,498.466266
0.784749,0.037471,-0.072320,348.860083
0.098440,0.017334,-0.001357,482.493483
0.242511,0.001894,-0.008025,455.314246
0.881434,0.008544,-0.090416,329.175375
0.420324,0.044557,-0.022242,421.133405
0.684226,0.012020,-0.055663,369.097935
0.180621,0.057064,-0.004630,467.045420
0.124023,0.021871,-0.002225,477.700669
0.730601,0.027544,-0.063075,359.790265
0.029970,0.012055,0.000297,495.250074
0.182324,0.071460,-0.004713,466.723522
0.647499,0.013234,-0.050121,376.434081
0.100061,0.097524,-0.001407,482.189332
0.636640,0.029932,-0.048538,378.597172
0.612812,0.015408,-0.045153,383.334751
0.317332,0.013986,-0.013199,441.017321
0.340118,0.069970,-0.015007,436.637741
0.438502,0.052076,-0.024070,417.599134
0.631083,0.020693,-0.047738,379.703318
0.668479,0.016633,-0.053251,372.247167
0.162355,0.035964,-0.003781,470.492077
0.095647,0.001021,-0.001270,483.016118
0.056829,0.064680,-0.000235,490.257664
0.262032,0.032863,-0.009262,451.595644
0.667065,0.035081,-0.053037,372.529330
0.031853,0.097102,0.000265,494.899522
0.792519,0.056280,-0.073699,347.285706
0.407962,0.044972,-0.021038,423.532459
0.562844,0.020563,-0.038448,393.227266
0.466142,0.083906,-0.026983,412.211018
0.324998,0.071679,-0.013795,439.544659
0.035238,0.078183,0.000205,494.271394
0.329779,0.011000,-0.014173,438.626868
0.317631,0.021121,-0.013222,440.959687
0.109960,0.031324,-0.001731,480.336974
0.690613,0.006681,-0.056656,367.818956
0.244977,0.090760,-0.008177,454.843694
0.563808,0.054075,-0.038573,393.036474
0.313106,0.076363,-0.012875,441.827285
0.497753,0.055194,-0.030512,406.028746
0.958207,0.061656,-0.106250,313.388300
0.387590,0.098252,-0.019125,427.477746
0.532815,0.062086,-0.034675,399.144412
0.138854,0.097863,-0.002790,474.914449
0.671174,0.053239,-0.053660,371.707982
0.142736,0.097394,-0.002946,474.184761
0.223268,0.087213,-0.006883,458.969915
0.215982,0.094993,-0.006472,460.352152
0.977598,0.009471,-0.110456,309.379856
0.015707,0.046651,0.000519,497.893888
0.593959,0.016476,-0.042561,387.073813
0.871633,0.087955,-0.088488,331.179647
0.552501,0.087202,-0.037127,395.266941
0.629136,0.017089,-0.047459,380.090610
0.822410,0.024198,-0.079125,341.218316
0.342110,0.007293,-0.015171,436.255299
0.056945,0.031465,-0.000238,490.236480
0.810507,0.090909,-0.076941,343.636104
0.979576,0.037172,-0.110890,308.970004
0.566993,0.026215,-0.038985,392.407861
0.491975,0.068396,-0.029851,407.160338
0.337914,0.065533,-0.014828,437.061938
0.440213,0.067454,-0.024245,417.265989
0.288586,0.050800,-0.011072,446.524144
0.265863,0.027541,-0.009514,450.865044
0.357627,0.015331,-0.016471,433.266107
0.077869,0.087889,-0.000757,486.335917
0.272559,0.038188,-0.009962,449.587017
0.803493,0.050147,-0.075668,345.060552
0.613178,0.005775,-0.045204,383.262188
0.448168,0.032856,-0.025070,415.717251
0.015849,0.088955,0.000517,497.866910
0.502749,0.056363,-0.031090,405.049385
0.830669,0.031576,-0.080659,339.537866
0.343390,0.018198,-0.015276,436.008907
0.679857,0.002039,-0.054988,369.972296
0.738996,0.083206,-0.064467,358.099174
0.398460,0.003236,-0.020135,425.374676
0.655445,0.007736,-0.051295,374.849581
0.185273,0.084519,-0.004857,466.166299
0.392774,0.016949,-0.019604,426.475748
0.306800,0.034935,-0.012400,443.036841
0.595723,0.074696,-0.042800,386.723366
0.522659,0.010781,-0.033443,401.142120
0.320221,0.012781,-0.013422,440.462694
0.460849,0.096841,-0.026412,413.243972
0.183323,0.060834,-0.004761,466.535031
0.396753,0.082057,-0.019975,425.704331
0.629858,0.008906,-0.047562,379.947108
0.518861,0.070311,-0.032987,401.887512
0.942402,0.057528,-0.102883,316.649654
0.300222,0.081783,-0.011912,444.296669
0.851581,0.048375,-0.084610,335.276040
0.503227,0.062314,-0.031145,404.955550
0.310460,0.096561,-0.012674,442.334360
0.699465,0.015037,-0.058047,366.044767
0.191911,0.066056,-0.005190,464.911450
0.205986,0.070971,-0.005925,462.247240
0.613810,0.048589,-0.045292,383.136103
0.355162,0.090576,-0.016261,433.740231
0.688079,0.086486,-0.056261,368.325518
0.505060,0.065735,-0.031359,404.596052
0.415892,0.082477,-0.021806,421.993381
0.189676,0.060057,-0.005077,465.334249
0.172573,0.079449,-0.004247,468.564573
0.355764,0.087318,-0.016312,433.624207
0.279862,0.033805,-0.010461,448.192320
0.815637,0.054295,-0.077879,342.594638
0.927984,0.055293,-0.099861,319.619547
0.069263,0.023613,-0.000533,487.942008
0.598155,0.034834,-0.043131,386.242037
0.099726,0.041493,-0.001397,482.252662
0.844626,0.055380,-0.083285,336.694443
0.242614,0.054792,-0.008031,455.293862
0.098239,0.050147,-0.001350,482.530653
0.499998,0.021745,-0.030771,405.589102
0.155464,0.075277,-0.003478,471.789843
0.148843,0.006390,-0.003198,473.037267
0.743268,0.087895,-0.065181,357.238542
0.777497,0.091461,-0.071045,350.327081
0.001353,0.087649,0.000700,500.549855
0.194390,0.056297,-0.005316,464.442721
0.152386,0.032136,-0.003347,472.369957
0.286562,0.091164,-0.010929,446.910761
0.742282,0.049969,-0.065016,357.437658
0.841065,0.028345,-0.082611,337.420573
0.299394,0.004828,-0.011852,444.456316
0.115115,0.087886,-0.001907,479.370286
0.433266,0.021522,-0.023536,418.618394
0.864581,0.097577,-0.087114,332.621062
0.375352,0.079709,-0.018019,429.844182
0.730842,0.011124,-0.063115,359.741934
0.236004,0.065830,-0.007630,456.550861
0.782607,0.037409,-0.071942,349.293596
0.285891,0.011564,-0.010882,447.040173
0.124751,0.092330,-0.002251,477.563197
0.460324,0.074788,-0.026356,413.346773
0.324120,0.013809,-0.013726,439.714074
0.931180,0.080440,-0.100527,318.961204
0.030064,0.034383,0.000295,495.232352
0.696890,0.027728,-0.057641,366.560862
0.591916,0.015204,-0.042284,387.478490
0.067559,0.080665,-0.000490,488.258886
0.708579,0.052912,-0.059498,364.215711
0.517296,0.085819,-0.032801,402.194551
0.842753,0.056216,-0.082931,337.076132
0.720810,0.028743,-0.061472,361.759260
0.439928,0.087142,-0.024216,417.321180
0.556251,0.060625,-0.037604,394.527718
0.697172,0.068875,-0.057686,366.503697
0.668369,0.046034,-0.053235,372.268597
0.295858,0.030522,-0.011594,445.132909
0.884687,0.080443,-0.091061,328.508198
0.233136,0.059067,-0.007459,457.096064
0.203032,0.053337,-0.005767,462.807002
0.410899,0.079776,-0.021321,422.962183
0.373390,0.015072,-0.017844,430.224115
0.701664,0.066753,-0.058396,365.603078
0.362245,0.098132,-0.016868,432.374313
0.932954,0.095090,-0.100898,318.595650
0.574468,0.048950,-0.039961,390.930560
0.485182,0.074645,-0.029083,408.489766
0.834266,0.031772,-0.081332,338.805547
0.519799,0.014599,-0.033100,401.703898
0.953277,0.016322,-0.105194,314.406859
0.323557,0.098055,-0.013682,439.821078
0.034031,0.095397,0.000227,494.495152
0.201605,0.017963,-0.005692,463.077707
0.461329,0.073634,-0.026464,413.150667
0.142244,0.037563,-0.002926,474.278106
0.365348,0.023178,-0.017137,431.776568
0.014253,0.093325,0.000539,498.162448
0.003439,0.054813,0.000676,500.164524
0.204154,0.019313,-0.005827,462.595023
0.964234,0.029204,-0.107548,312.143693
0.439516,0.012822,-0.024174,417.402401
0.223947,0.030860,-0.006923,458.841722
0.210099,0.080201,-0.006147,461.467777
0.199013,0.007290,-0.005556,463.568649
0.132388,0.028120,-0.002538,476.130395
0.284310,0.055592,-0.010771,447.341783
0.886197,0.073276,-0.091360,328.199122
0.129867,0.031487,-0.002442,476.603730
0.395761,0.067691,-0.019882,425.896712
0.919678,0.025137,-0.098140,321.328585
0.674251,0.063514,-0.054129,371.092756
0.342050,0.093710,-0.015166,436.265644
0.723024,0.008435,-0.061833,361.314474
0.672418,0.062788,-0.053850,371.459108
0.217367,0.065443,-0.006549,460.089893
0.019246,0.006171,0.000467,497.238736
0.558179,0.081283,-0.037850,394.147002
0.521303,0.070058,-0.033280,401.407694
0.055598,0.041009,-0.000208,490.487033
0.092952,0.006560,-0.001188,483.520038
0.036918,0.025818,0.000174,493.960089
0.184749,0.096950,-0.004831,466.265006
0.451016,0.085386,-0.025368,415.161593
0.568719,0.019568,-0.039209,392.066916
0.140119,0.017251,-0.002841,474.677896
0.143623,0.062125,-0.002982,474.018380
0.732605,0.089158,-0.063406,359.385926
0.044010,0.075264,0.000038,492.641843
0.167470,0.054107,-0.004012,469.527521
0.395565,0.000978,-0.019864,425.935569
0.006258,0.055455,0.000642,499.643038
0.780701,0.033488,-0.071607,349.679442
0.165134,0.095383,-0.003905,469.967502
0.342857,0.012169,-0.015232,436.111529
0.619264,0.070004,-0.046058,382.052417
0.164971,0.010797,-0.003898,469.999325
0.105371,0.063779,-0.001578,481.195884
0.596531,0.032386,-0.042910,386.563933
0.966316,0.082275,-0.107999,311.712571
0.543909,0.094714,-0.036047,396.960060
0.457699,0.057153,-0.026076,413.859048
0.218582,0.021007,-0.006618,459.859983
0.225552,0.016074,-0.007015,458.537298
0.633149,0.046304,-0.048034,379.291832
0.881125,0.072259,-0.090355,329.237667
0.380290,0.080382,-0.018461,428.889821
0.273887,0.028311,-0.010052,449.333695
0.197674,0.047849,-0.005486,463.821539
0.963478,0.053755,-0.107385,312.299419
0.360319,0.008466,-0.016702,432.747113
0.083895,0.002838,-0.000924,485.212146
0.314887,0.008697,-0.013011,441.486426
0.871153,0.084031,-0.088394,331.277932
0.146530,0.056255,-0.003101,473.471640
0.000828,0.049488,0.000705,500.647444
0.759639,0.048215,-0.067954,353.936829
0.733585,0.028804,-0.063568,359.189507
0.906268,0.014129,-0.095395,324.084055
0.082998,0.047132,-0.000898,485.379105
0.688531,0.086476,-0.056331,368.234879
0.196007,0.066343,-0.005399,464.136625
0.271918,0.003490,-0.009919,449.709920
0.838012,0.018638,-0.082035,338.042855
0.482098,0.086184,-0.028738,409.092933
0.338992,0.026158,-0.014915,436.855014
0.311080,0.001538,-0.012722,442.216874
0.110734,0.075515,-0.001756,480.191455
0.019372,0.089602,0.000466,497.214283
0.564083,0.041795,-0.038608,392.982188
0.006353,0.024559,0.000641,499.625880
0.958696,0.085581,-0.106355,313.287042
0.308025,0.055487,-0.012491,442.801837
0.750264,0.078305,-0.066359,355.828118
0.501132,0.069499,-0.030902,405.366336
0.198742,0.092573,-0.005541,463.618685
0.834354,0.000343,-0.081348,338.788051
0.131122,0.029507,-0.002490,476.368103
0.309124,0.082344,-0.012574,442.590720
0.158509,0.075724,-0.003611,471.216302
0.496935,0.015413,-0.030419,406.189550
0.791498,0.044221,-0.073517,347.492784
0.485817,0.018949,-0.029155,408.366297
0.482748,0.042105,-0.028811,408.966462
0.254427,0.047218,-0.008771,453.044910
0.257025,0.083730,-0.008937,452.549399
0.327735,0.082834,-0.014011,439.018726
0.534338,0.043220,-0.034862,398.845205
0.037144,0.084445,0.000170,493.917297
0.779661,0.005025,-0.071424,349.890474
0.228705,0.061217,-0.007198,457.937829
0.498507,0.095217,-0.030599,405.880317
0.144211,0.021943,-0.003006,473.908407
0.187530,0.037439,-0.004969,465.740277
0.850953,0.037071,-0.084490,335.404379
0.989664,0.058195,-0.113116,306.879947
0.830859,0.036902,-0.080695,339.499021
0.124710,0.019599,-0.002250,477.571747
0.222697,0.033450,-0.006851,459.079071
0.108346,0.048105,-0.001677,480.639067
0.180809,0.077471,-0.004639,467.009636
0.966001,0.084992,-0.107931,311.777651
0.813152,0.022564,-0.077424,343.099815
0.751563,0.082440,-0.066579,355.566126
0.622263,0.020959,-0.046481,381.457139
0.063305,0.033372,-0.000386,489.052099
0.680864,0.022834,-0.055143,369.770553
0.537385,0.024408,-0.035237,398.245820
0.778154,0.002515,-0.071160,350.195330
0.430477,0.028084,-0.023254,419.160690
0.406326,0.001837,-0.020882,423.850184
0.238291,0.022229,-0.007768,456.116621
0.569501,0.007267,-0.039311,391.912635
0.374177,0.086296,-0.017914,430.071034
0.325682,0.077386,-0.013849,439.413237
0.779737,0.015464,-0.071437,349.874940
0.739594,0.012624,-0.064567,357.979698
0.411248,0.096829,-0.021355,422.894376
0.528209,0.083587,-0.034114,400.050090
0.543596,0.056875,-0.036008,397.022258
0.478754,0.090026,-0.028366,409.746872
0.350590,0.031734,-0.015875,434.622172
0.586516,0.021790,-0.041558,388.547627
0.291001,0.006556,-0.011245,446.062864
0.894352,0.043955,-0.092989,326.528329
0.095250,0.026913,-0.001258,483.089985
0.182010,0.013792,-0.004698,466.783670
0.210521,0.023931,-0.006170,461.388518
0.936876,0.010984,-0.101719,317.789149
0.223917,0.058765,-0.006921,458.847128
0.491193,0.004291,-0.029763,407.314212
0.107621,0.050011,-0.001652,480.774713
0.927710,0.049295,-0.099804,319.675901
0.010888,0.053835,0.000584,498.786022
0.557201,0.021024,-0.037725,394.340855
0.483729,0.093532,-0.028920,408.773837
0.880076,0.053028,-0.090147,329.452774
0.149484,0.013285,-0.003224,472.916493
0.213452,0.059629,-0.006331,460.832412
0.354307,0.057234,-0.016189,433.905504
0.348012,0.064984,-0.015659,435.118296
0.214468,0.060297,-0.006388,460.639754
0.650262,0.003355,-0.050528,375.883412
0.051022,0.012731,-0.000108,491.338806
0.091617,0.065988,-0.001148,483.768706
0.285345,0.031044,-0.010844,447.144243
0.048761,0.066869,-0.000059,491.758657
0.870384,0.030736,-0.088244,331.435865
0.757634,0.099190,-0.067611,354.340864
0.166802,0.022570,-0.003981,469.653894
0.274443,0.092231,-0.010089,449.226544
0.070241,0.038365,-0.000557,487.759520
0.031935,0.025967,0.000263,494.885216
0.030695,0.097462,0.000285,495.114385
0.650527,0.004537,-0.050567,375.830690
0.398321,0.039217,-0.020122,425.401158
0.484773,0.094315,-0.029037,408.569588
0.090070,0.095189,-0.001102,484.057511
0.262217,0.068480,-0.009274,451.559859
0.281054,0.088592,-0.010544,447.963775
0.568621,0.016620,-0.039196,392.086418
0.213497,0.034016,-0.006334,460.824369
0.611612,0.010236,-0.044986,383.573074
0.106982,0.061312,-0.001631,480.894281
0.628215,0.099662,-0.047327,380.272656
0.227593,0.001677,-0.007134,458.149906
0.457497,0.052907,-0.026054,413.898519
0.675615,0.090389,-0.054338,370.819570
0.026836,0.043113,0.000349,495.831050
0.734578,0.050126,-0.063733,358.989313
0.268754,0.002791,-0.009706,450.313743
0.493219,0.087535,-0.029993,406.916342
0.266202,0.032686,-0.009536,450.800401
0.712197,0.025589,-0.060078,363.489819
0.603353,0.052661,-0.043843,385.211274
0.268129,0.047974,-0.009665,450.432487
0.155235,0.036506,-0.003469,471.833526
0.517733,0.089745,-0.032853,402.108713
0.437570,0.024380,-0.023974,417.780995
0.889770,0.023483,-0.092072,327.467831
0.367084,0.084911,-0.017288,431.440785
0.907805,0.053034,-0.095708,323.767929
0.986499,0.059135,-0.112415,307.535767
0.396105,0.080344,-0.019914,425.829738
0.945472,0.063940,-0.103533,316.016549
0.774937,0.099505,-0.070598,350.844655
0.784459,0.003049,-0.072269,348.919180
0.118613,0.059622,-0.002030,478.714854
0.832363,0.071708,-0.080976,339.192503
0.280883,0.067607,-0.010532,447.996696
0.026326,0.005316,0.000357,495.926051
0.929681,0.025398,-0.100214,319.270593
0.137245,0.022964,-0.002727,475.217964
0.315397,0.054455,-0.013050,441.388062
0.401438,0.094039,-0.020416,424.796497
0.123171,0.035782,-0.002194,477.860418
0.358026,0.025434,-0.016505,433.189122
0.307617,0.008023,-0.012461,442.880707
0.423953,0.046784,-0.022601,420.428405
0.160622,0.096875,-0.003703,470.817923
0.607606,0.038421,-0.044430,384.367724
0.422932,0.028980,-0.022500,420.626893
0.381479,0.083342,-0.018569,428.660027
0.978521,0.038807,-0.110658,309.188457
0.949114,0.026962,-0.104306,315.265840
0.281041,0.052362,-0.010543,447.966711
0.188876,0.091417,-0.005036,465.485081
0.707662,0.026965,-0.059351,364.400199
0.619406,0.016641,-0.046078,382.024975
0.208117,0.083577,-0.006039,461.843466
0.466089,0.052667,-0.026977,412.221761
0.224324,0.007657,-0.006945,458.770473
0.300350,0.092480,-0.011921,444.271909
0.423517,0.052716,-0.022558,420.512997
0.141957,0.091665,-0.002914,474.331306
0.957587,0.079014,-0.106117,313.516100
0.948669,0.031769,-0.104212,315.357569
0.519118,0.066511,-0.033018,401.837080
0.643841,0.094449,-0.049585,377.162054
0.492883,0.064658,-0.029955,406.982457
0.185774,0.044201,-0.004882,466.072151
0.531849,0.038863,-0.034557,399.334948
0.790869,0.009259,-0.073405,347.620894
0.142919,0.011592,-0.002954,474.151433
0.473635,0.046630,-0.027800,410.748049
0.904258,0.045009,-0.094987,324.496241
0.948824,0.075265,-0.104245,315.324997
0.763038,0.045074,-0.068537,353.250400
0.378841,0.087060,-0.018331,429.169811
0.253168,0.071815,-0.008690,453.284391
0.511914,0.041364,-0.032162,403.251852
0.941879,0.069653,-0.102773,316.757111
0.363131,0.027434,-0.016945,432.204435
0.625489,0.078052,-0.046939,380.815031
0.357041,0.071826,-0.016421,433.378339
0.036536,0.099985,0.000052,494.029599
0.056631,0.042274,-0.000231,490.294785
0.706175,0.073983,-0.059113,364.697911
0.837010,0.092270,-0.081847,338.245791
0.768386,0.094300,-0.069459,352.169199
0.213486,0.094508,-0.006333,460.825482
0.850485,0.078674,-0.084401,335.499223
0.361142,0.061045,-0.016773,432.587543
0.166044,0.089064,-0.003946,469.796052
0.322828,0.048329,-0.013625,439.961610
0.758058,0.070459,-0.067684,354.255648
0.631694,0.067954,-0.047825,379.580914
-0.000011,0.011305,-0.000020,500.801688
0.316817,0.051007,-0.013159,441.115657
0.118813,0.055973,-0.002037,478.677498
0.470078,0.029108,-0.027411,411.443159
0.007023,0.053216,0.000633,499.501452
0.170586,0.087046,-0.004155,468.939422
0.924606,0.037328,-0.099159,320.314867
0.252744,0.077078,-0.008663,453.365171
0.125233,0.013817,-0.002269,477.473793
0.283580,0.016285,-0.010720,447.481955
0.431252,0.007224,-0.023332,419.010189
0.030683,0.014401,0.000285,495.117705
0.060476,0.054717,-0.000319,489.578833
0.727825,0.089904,-0.062619,360.347771
0.886301,0.098371,-0.091381,328.177388
0.790903,0.080151,-0.073411,347.612954
0.068518,0.013327,-0.000514,488.081069
0.439082,0.055194,-0.024129,417.486211
0.965623,0.080727,-0.107849,311.855811
0.917106,0.052303,-0.097611,321.857028
0.409064,0.037094,-0.021144,423.318897
0.557811,0.044846,-0.037803,394.220050
0.499521,0.072881,-0.030716,405.682006
0.021258,0.072448,0.000438,496.864853
0.040354,0.038589,0.000109,493.321747
0.322188,0.046897,-0.013575,440.084701
0.862703,0.058947,-0.086750,333.005234
0.934759,0.097714,-0.101276,318.223846
0.561751,0.032440,-0.038308,393.442829
0.475800,0.067147,-0.028039,410.324704
0.365723,0.046695,-0.017170,431.703880
0.570664,0.093110,-0.039463,391.681696
0.722992,0.082519,-0.061827,361.319953
0.273690,0.037458,-0.010039,449.371041
0.314704,0.027439,-0.012997,441.521342
0.114506,0.052423,-0.001886,479.484951
0.042203,0.064054,0.000073,492.977757
0.701288,0.059294,-0.058336,365.678556
0.764681,0.044182,-0.068820,352.918517
0.463045,0.050254,-0.026648,412.816119
0.318961,0.009622,-0.013325,440.704615
0.667246,0.097363,-0.053065,372.492254
0.751143,0.000363,-0.066508,355.651958
0.240957,0.058581,-0.007930,455.608973
0.097767,0.050354,-0.001335,482.619065
0.951775,0.094478,-0.104874,314.715662
0.992120,0.075747,-0.113085,306.395839
0.937307,0.046620,-0.101810,317.699702
0.132863,0.080855,-0.002556,476.040439
0.251243,0.015457,-0.008569,453.651915
0.936960,0.006760,-0.101737,317.771828
0.781425,0.057919,-0.071734,349.532549
0.558735,0.053833,-0.037921,394.037593
0.465152,0.040031,-0.026876,412.404966
0.924043,0.061443,-0.099043,320.430365
0.443272,0.088646,-0.024561,416.670197
0.412879,0.076703,-0.021513,422.578247
0.441316,0.039631,-0.024359,417.051599
0.236618,0.006206,-0.007668,456.434867
0.954998,0.052327,-0.105562,314.051128
0.549909,0.062676,-0.036800,395.778312
0.465832,0.027220,-0.026949,412.272404
0.729812,0.083607,-0.062946,359.948091
0.161122,0.096623,-0.003726,470.723622
0.514191,0.032850,-0.032432,402.804918
0.520151,0.024929,-0.033142,401.634610
0.133669,0.010891,-0.002588,475.889858
0.055425,0.073209,-0.000204,490.518838
0.274477,0.008960,-0.010092,449.221231
0.114537,0.002590,-0.001887,479.479762
0.895361,0.008579,-0.093191,326.321894
0.568455,0.012451,-0.039175,392.119285
0.457566,0.050508,-0.026062,413.885015
0.941478,0.015081,-0.102688,316.840628
0.656043,0.047137,-0.051384,374.729721
0.037082,0.085306,0.000171,493.928885
0.794749,0.096692,-0.074097,346.833234
0.761219,0.014379,-0.068225,353.618235
0.027630,0.029049,0.000336,495.683821
0.066746,0.091549,-0.000469,488.410292
0.715865,0.055787,-0.060670,362.752599
0.012439,0.016691,0.000563,498.499522
0.301668,0.064872,-0.012018,444.019965
0.877855,0.016521,-0.089709,329.907754
0.035688,0.008531,0.000196,494.188644
0.189699,0.070974,-0.005078,465.329711
0.098623,0.073809,-0.001362,482.458596
0.723083,0.031186,-0.061842,361.302259
0.366166,0.071443,-0.017208,431.618051
0.284925,0.021057,-0.010814,447.224795
0.913792,0.092032,-0.096931,322.537405
0.829668,0.092428,-0.080473,339.740729
0.155739,0.035172,-0.003490,471.738697
0.654828,0.075002,-0.051204,374.971737
0.359707,0.032106,-0.016649,432.864817
0.521199,0.016987,-0.033267,401.428803
0.141213,0.025122,-0.002885,474.471998
0.063610,0.047095,-0.000393,488.995144
0.617060,0.041659,-0.045748,382.490613
0.172904,0.034329,-0.004263,468.502654
0.212174,0.052520,-0.006261,461.074784
0.990442,0.019265,-0.113288,306.719346
0.268830,0.094767,-0.009711,450.298022
0.992194,0.060797,-0.112957,306.387106
0.227342,0.023081,-0.007119,458.197126
0.283035,0.071425,-0.010682,447.585389
0.953877,0.051281,-0.105322,314.282465
0.164421,0.087598,-0.003873,470.102004
0.017379,0.067496,0.000495,497.583871
0.010651,0.023694,0.000587,498.830293
0.539491,0.071558,-0.035498,397.830427
0.503226,0.089251,-0.031145,404.955461
0.937172,0.003378,-0.101782,317.728249
0.846670,0.063141,-0.083674,336.277475
0.106502,0.037976,-0.001615,480.984557
0.774699,0.092638,-0.070556,350.892922
0.730911,0.009070,-0.063127,359.727969
0.837247,0.039666,-0.081892,338.198410
0.320873,0.070858,-0.013473,440.336755
0.825458,0.068838,-0.079690,340.597582
0.656639,0.034647,-0.051473,374.611011
0.347187,0.074960,-0.015590,435.276921
0.591842,0.043896,-0.042274,387.492717
0.918839,0.065312,-0.097968,321.500429
0.234842,0.032242,-0.007561,456.772162
0.853083,0.084479,-0.084898,334.968988
0.654649,0.071229,-0.051177,375.007541
0.451228,0.012536,-0.025391,415.121307
0.742130,0.078531,-0.064991,357.467934
0.941853,0.056329,-0.102768,316.762740
0.292153,0.038208,-0.011327,445.841924
0.242914,0.047359,-0.008050,455.236874
0.060142,0.018353,-0.000312,489.641475
0.308645,0.084022,-0.012538,442.682659
0.460074,0.008445,-0.026329,413.396437
0.342361,0.084051,-0.015191,436.206013
0.509555,0.048508,-0.031885,403.714686
0.650265,0.010204,-0.050528,375.882723
0.131031,0.071145,-0.002486,476.384611
0.182389,0.030436,-0.004716,466.711876
0.332897,0.069208,-0.014422,438.026654
0.649068,0.010097,-0.050352,376.121514
-0.000120,0.000551,-0.000207,500.821469
0.332882,0.010712,-0.014421,438.030329
0.908003,0.018396,-0.095748,323.727671
0.884559,0.044349,-0.091035,328.535113
0.389482,0.024286,-0.019300,427.112781
0.857282,0.021524,-0.085703,334.112996
0.674346,0.056897,-0.054143,371.073907
0.225589,0.027043,-0.007017,458.530100
0.088387,0.006844,-0.001053,484.373165
0.820539,0.022380,-0.078780,341.598737
0.604862,0.032651,-0.044051,384.912099
0.075727,0.048270,-0.000700,486.736149
0.366325,0.040757,-0.017222,431.587872
0.166523,0.090390,-0.003968,469.705629
0.733593,0.034640,-0.063570,359.187887
0.414505,0.075046,-0.021671,422.262725
0.495906,0.041430,-0.030300,406.390713
0.829593,0.019614,-0.080459,339.757034
0.870762,0.002510,-0.088318,331.358938
0.834264,0.021125,-0.081332,338.806211
0.951653,0.027931,-0.104847,314.741914
0.692650,0.010146,-0.056975,367.410962
0.653883,0.032983,-0.051063,375.160948
0.323578,0.008274,-0.013684,439.818289
0.880267,0.028708,-0.090185,329.413973
0.388071,0.067684,-0.019170,427.385257
0.985009,0.045787,-0.112086,307.844678
0.358565,0.063459,-0.016551,433.084517
0.579015,0.054934,-0.040560,390.031411
0.903606,0.064912,-0.094855,324.629706
0.767933,0.070381,-0.069381,352.261234
0.837038,0.061445,-0.081853,338.240527
0.888978,0.085342,-0.091914,327.629160
0.515431,0.004225,-0.032579,402.561966
0.205390,0.059310,-0.005893,462.360439
0.511539,0.063465,-0.032118,403.325116
0.093514,0.035813,-0.001205,483.414434
0.010906,0.093171,0.000584,498.782272
0.556674,0.072182,-0.037658,394.443980
0.149415,0.098117,-0.003221,472.928322
0.147993,0.020575,-0.003162,473.196961
0.387096,0.049159,-0.019080,427.574050
0.334824,0.027491,-0.014577,437.656719
0.386309,0.064928,-0.019008,427.726172
0.865705,0.098347,-0.087333,332.391344
0.514298,0.025309,-0.032444,402.784120
0.519851,0.067237,-0.033106,401.692914
0.686428,0.019209,-0.056004,368.656995
0.530276,0.093627,-0.034365,399.643507
0.854393,0.053917,-0.085149,334.702063
0.603657,0.040731,-0.043885,385.151123
0.868998,0.065010,-0.087974,331.718674
0.023512,0.088025,0.000403,496.446747
0.406462,0.007031,-0.020895,423.823801
0.086630,0.054734,-0.001002,484.700671
0.121538,0.000084,-0.002261,478.166330
0.716970,0.015001,-0.060848,362.531326
0.180218,0.018008,-0.004611,467.122151
0.324441,0.092252,-0.013751,439.651314
0.793198,0.059869,-0.073820,347.148148
0.510477,0.014318,-0.031993,403.534303
0.058168,0.057318,-0.000266,490.008389
0.253930,0.072327,-0.008739,453.139313
0.385277,0.060076,-0.018914,427.925808
0.018026,0.086563,0.000486,497.463670
0.457774,0.035212,-0.026084,413.844614
0.929492,0.033847,-0.100175,319.309482
0.067280,0.026483,-0.000483,488.311611
0.379503,0.046557,-0.018391,429.042523
0.289662,0.082817,-0.011149,446.317876
0.076010,0.028687,-0.000708,486.683665
0.698623,0.052305,-0.057914,366.213100
0.596573,0.011430,-0.042916,386.555931
0.204501,0.035452,-0.005845,462.529062
0.175964,0.071251,-0.004407,467.924667
0.267311,0.019960,-0.009610,450.588910
0.881813,0.032069,-0.090491,329.097433
0.495421,0.025020,-0.030245,406.485991
0.227420,0.006000,-0.007124,458.182571
0.086656,0.053014,-0.001002,484.695938
0.318665,0.068303,-0.013301,440.760645
0.885339,0.076461,-0.091190,328.374819
0.229216,0.026193,-0.007228,457.841179
0.369523,0.067751,-0.017502,430.970235
0.775356,0.023219,-0.070671,350.760981
0.863010,0.062391,-0.086810,332.942531
0.494348,0.035143,-0.030122,406.695964
0.041615,0.070127,0.000085,493.087054
0.844669,0.036445,-0.083294,336.685829
0.368783,0.090576,-0.017437,431.112641
0.591449,0.077700,-0.042221,387.570215
0.169168,0.043738,-0.004089,469.207364
0.738677,0.079841,-0.064414,358.163572
0.594626,0.011308,-0.042651,386.941668
0.040573,0.054164,0.000105,493.280739
0.586625,0.076585,-0.041573,388.525391
0.570928,0.050816,-0.039497,391.630194
0.936164,0.021986,-0.101570,317.935518
0.989426,0.017562,-0.113063,306.929925
0.044364,0.068648,0.000031,492.576225
0.724606,0.012767,-0.062091,360.996450
0.595757,0.067900,-0.042805,386.716893
0.132995,0.053207,-0.002561,476.015923
0.818071,0.051464,-0.078326,342.100048
0.974444,0.046628,-0.109766,310.032139
0.677446,0.095272,-0.054618,370.453403
0.317468,0.005552,-0.013209,440.991256
0.259984,0.078675,-0.009128,451.985425
0.702630,0.045106,-0.058549,365.409582
0.778339,0.039587,-0.071192,350.157371
0.594305,0.010080,-0.042608,387.005311
0.950069,0.004374,-0.104509,315.069048
0.379928,0.046028,-0.018429,428.960233
0.146299,0.092403,-0.003091,473.514727
0.733289,0.012802,-0.063519,359.249346
0.601491,0.031214,-0.043587,385.580685
0.535454,0.096826,-0.034999,398.624728
0.237394,0.092215,-0.007714,456.286225
0.608961,0.094693,-0.044617,384.097981
0.720017,0.064677,-0.061343,361.918296
0.942215,0.010545,-0.102844,316.688847
0.767287,0.083612,-0.069269,352.391405
0.604631,0.096052,-0.044019,384.957033
0.240695,0.010119,-0.007914,455.659435
0.267876,0.083520,-0.009647,450.480325
0.853483,0.027510,-0.084974,334.888350
0.076141,0.047665,-0.000711,486.659048
0.174468,0.047915,-0.004336,468.207414
0.521360,0.094224,-0.033287,401.396192
0.404881,0.007855,-0.020744,424.130257
0.041579,0.044849,0.000085,493.094002
0.100910,0.095630,-0.001434,482.030428
0.221786,0.037228,-0.006799,459.251802
0.848844,0.001920,-0.084087,335.835089
-0.000147,0.044355,-0.000254,500.825844
0.649990,0.013638,-0.050488,375.937477
0.341912,0.020304,-0.015154,436.293314
0.341832,0.083749,-0.015148,436.307861
0.037101,0.091108,0.000171,493.925203
0.314485,0.019335,-0.012981,441.563468
0.961526,0.079650,-0.106964,312.702460
0.119913,0.024645,-0.002076,478.471686
0.197763,0.085504,-0.005490,463.804177
0.172800,0.028162,-0.004258,468.522497
0.476167,0.073001,-0.028079,410.252929
0.392490,0.030219,-0.019578,426.530555
0.048043,0.028089,-0.000045,491.892816
0.152551,0.082441,-0.003353,472.338217
0.707764,0.009574,-0.059367,364.379971
0.197663,0.010289,-0.005485,463.823959
0.962145,0.094794,-0.107098,312.574280
0.866591,0.059105,-0.087505,332.210908
0.562808,0.017458,-0.038444,393.234407
0.144872,0.000071,-0.003163,473.783253
0.203714,0.042884,-0.005803,462.678022
0.894561,0.051433,-0.093031,326.485312
0.201226,0.009301,-0.005672,463.149697
0.483444,0.019973,-0.028888,408.830725
0.878182,0.041439,-0.089774,329.840617
0.202995,0.090563,-0.005765,462.813500
0.935448,0.040544,-0.101420,318.082863
0.850233,0.021193,-0.084352,335.551425
0.381144,0.073835,-0.018539,428.724851
0.480366,0.010926,-0.028545,409.432756
0.965041,0.042384,-0.107723,311.976609
0.572036,0.050272,-0.039642,391.411163
0.822380,0.097654,-0.079120,341.223321
0.724131,0.081126,-0.062014,361.090883
0.421301,0.055822,-0.022338,420.943396
0.268527,0.010503,-0.009691,450.357022
0.212437,0.063069,-0.006275,461.024779
0.327793,0.036831,-0.014016,439.008060
0.288849,0.033424,-0.011091,446.474244
