0.629675,0.086695,-0.087544,297.239368
0.961072,0.057596,-0.180314,208.609465
0.910596,0.030988,-0.164096,222.387543
-0.000000,0.100000,-0.000000,454.381467
0.938937,0.058138,-0.173107,214.663562
0.862906,0.090207,-0.149476,235.308695
0.437857,0.067000,-0.048138,346.641438
0.040421,0.081004,0.001773,444.779307
0.585426,0.093830,-0.077546,308.755817
0.199745,0.082756,-0.013181,406.109454
0.158691,0.055888,-0.008686,416.159939
0.361065,0.050862,-0.035195,366.042662
0.965582,0.083980,-0.181801,207.372463
0.160546,0.015566,-0.008880,415.708444
0.238877,0.080127,-0.017881,396.475239
0.450819,0.015067,-0.050481,343.347498
0.759877,0.074811,-0.120180,262.924358
0.302099,0.069120,-0.026340,380.795296
0.657772,0.033901,-0.094178,289.890337
0.037879,0.001641,-0.000657,445.346526
0.346404,0.035878,-0.032906,369.722970
0.553026,0.099330,-0.071546,317.091616
0.547567,0.076439,-0.069427,318.552198
0.509632,0.054059,-0.061690,328.315249
-0.000099,0.023888,-0.000171,454.404787
0.349148,0.018698,-0.033330,369.035337
0.845725,0.093917,-0.144375,239.942354
0.869955,0.001840,-0.151778,233.393544
0.973918,0.088797,-0.184565,205.085564
0.955915,0.059489,-0.178622,210.021519
0.332704,0.068451,-0.030819,373.153491
0.103444,0.094848,-0.003341,429.589078
0.080074,0.089528,-0.001323,435.238102
0.706907,0.042577,-0.106318,276.963680
0.980919,0.080406,-0.181895,203.577141
0.574470,0.042481,-0.075155,311.597836
0.033533,0.036908,0.002268,446.432600
0.980858,0.049493,-0.181983,203.586018
0.413143,0.042387,-0.043797,352.909186
0.357915,0.076019,-0.034698,366.833100
0.394471,0.080708,-0.040628,357.628328
0.707045,0.085078,-0.106354,276.925823
0.473283,0.089257,-0.054650,337.618672
0.518503,0.043355,-0.063464,326.037331
0.391326,0.052658,-0.040104,358.422812
0.883569,0.068911,-0.155727,229.721172
0.257812,0.030817,-0.020303,391.795373
0.537667,0.052327,-0.067369,321.105689
0.212450,0.035392,-0.014663,402.988871
0.120517,0.076809,-0.004907,425.450635
0.271370,0.020221,-0.022095,388.435978
0.483854,0.068736,-0.056660,334.918348
0.170979,0.068213,-0.009985,413.157722
0.089974,0.058221,-0.002161,432.848429
0.768788,0.042130,-0.122592,260.553329
0.314504,0.061493,-0.028125,377.702045
0.535329,0.083527,-0.066887,321.706975
0.704806,0.094761,-0.105785,277.516539
0.325882,0.090719,-0.029798,374.859207
0.490034,0.068257,-0.057849,333.337547
0.011969,0.062822,0.003740,451.592071
0.010309,0.064984,0.003848,451.988680
0.602883,0.059158,-0.081425,304.222249
0.546703,0.016466,-0.069246,318.777217
0.863918,0.024191,-0.149779,235.037629
0.741993,0.028898,-0.115410,267.677505
0.222676,0.098775,-0.014342,400.515301
0.748544,0.095450,-0.117147,265.936107
0.164107,0.018815,-0.009254,414.838767
0.386148,0.081742,-0.039246,359.728269
0.367930,0.038282,-0.036287,364.317340
0.445148,0.070133,-0.049450,344.788441
0.559603,-0.000011,-0.073013,315.390991
0.031360,0.025212,0.002421,446.953688
0.613652,0.067124,-0.083860,301.418703
0.921790,0.038890,-0.167626,219.340593
0.873624,0.081991,-0.152703,232.412386
0.754044,0.055317,-0.118614,264.476080
0.054428,0.020602,0.000725,441.417159
0.739543,0.033354,-0.114763,268.327410
0.391415,0.066853,-0.040119,358.400016
0.067432,0.077887,-0.000291,438.286213
0.059231,0.097950,-0.001385,440.227218
0.585339,0.030045,-0.077527,308.780457
0.161991,-0.000015,-0.008106,415.379485
0.747190,0.086479,-0.116787,266.296157
0.708660,0.055052,-0.106764,276.500260
0.380505,0.095413,-0.038320,361.150011
0.000824,0.067867,0.001427,454.207752
0.523805,0.074229,-0.064534,324.673551
0.407082,0.064441,-0.042758,354.442151
0.518790,0.066122,-0.063521,325.962865
0.568840,0.001383,-0.075092,312.995649
0.135288,0.094362,-0.006323,421.860899
0.974418,0.057476,-0.184731,204.949591
0.771752,0.063501,-0.123399,259.762989
0.916656,0.062656,-0.166003,220.737750
0.378363,0.030682,-0.037971,361.691867
0.059764,0.069763,0.000314,440.132438
0.142413,0.049836,-0.007028,420.128354
0.423684,0.086411,-0.045628,350.237664
0.188856,0.094414,-0.011945,408.780415
0.025318,0.034428,0.002843,448.400380
0.898218,0.071389,-0.160237,225.748865
0.304489,0.005066,-0.026681,380.201836
0.133859,0.095202,-0.006184,422.208421
0.956785,0.035306,-0.178906,209.784176
0.175556,0.005354,-0.010479,412.040343
0.295395,0.076457,-0.025392,382.464491
0.654833,0.090720,-0.093474,290.658800
0.981174,0.063383,-0.181439,203.552436
0.798974,0.094199,-0.130932,252.493054
0.259994,0.056057,-0.020588,391.254313
0.310158,0.084979,-0.027495,378.785650
0.086892,0.066574,-0.001897,433.592629
0.473153,0.071820,-0.054625,337.652557
0.002554,0.066889,0.004344,453.839871
0.768214,0.000204,-0.124294,260.582397
0.116388,0.060484,-0.004522,426.453051
0.000579,0.019443,0.001003,454.261172
0.274370,0.097882,-0.020847,387.743511
0.515180,0.057924,-0.062797,326.890819
0.207392,0.016984,-0.014068,404.233133
0.574489,0.042467,-0.075159,311.592921
0.744392,0.039891,-0.116044,267.040643
0.303979,0.029228,-0.026608,380.328009
0.638986,0.091427,-0.089718,294.806595
0.710797,0.054910,-0.107309,275.935925
0.744606,0.021633,-0.116101,266.984336
0.139200,0.092430,-0.006708,420.909260
0.209376,0.091909,-0.014300,403.743071
0.026305,0.087179,0.002776,448.162412
0.463669,0.099465,-0.052731,340.076840
0.980515,0.100002,-0.182614,203.616872
0.190747,0.038895,-0.012158,408.318682
0.853303,0.081330,-0.146614,237.900398
0.098949,0.057784,-0.002942,430.678193
0.197744,0.058521,-0.012951,406.601479
0.020589,0.037039,0.003166,449.531988
0.245327,0.055493,-0.018696,394.882646
0.290681,0.092218,-0.024733,383.636835
0.216338,0.073242,-0.015124,402.031256
0.777277,0.040050,-0.124910,258.290752
0.045734,0.060999,0.001382,443.504718
0.268588,0.033535,-0.021723,389.125553
0.253010,0.069830,-0.019679,392.982644
0.049123,0.063463,0.001129,442.690911
0.049784,0.049983,0.001079,442.532447
0.383657,0.053050,-0.038836,360.357158
0.203193,0.030530,-0.013579,405.264421
0.154096,0.046797,-0.008211,417.281318
0.789892,0.064004,-0.128395,254.922381
0.426458,0.069410,-0.046115,349.534652
0.265868,0.039091,-0.021362,389.799602
0.679556,0.074941,-0.099476,284.169390
0.171905,0.009737,-0.010085,412.933331
0.311122,0.097863,-0.026091,378.599291
0.252819,0.050108,-0.019655,393.030489
0.144490,0.015721,-0.007236,419.623646
0.083004,0.024741,-0.001569,434.532812
0.459377,0.020644,-0.052053,341.167979
0.893416,0.057748,-0.158751,227.052532
0.078887,0.099168,-0.002268,435.503485
0.543372,0.024290,-0.068551,319.635996
0.474211,0.081685,-0.054825,337.382013
0.453979,0.069375,-0.051059,342.541366
0.113194,0.087552,-0.004226,427.226839
0.580601,0.040777,-0.076489,310.008889
0.203748,0.021371,-0.013643,405.128435
0.313664,0.001101,-0.026472,377.968111
0.313491,0.072200,-0.027977,377.954735
0.400150,0.049979,-0.041582,356.194998
0.979889,0.073304,-0.183672,203.684968
0.453890,0.070744,-0.051042,342.563998
0.326431,0.095022,-0.029880,374.721684
0.394404,0.098273,-0.039719,357.681412
0.430859,0.063145,-0.046892,348.418315
0.196357,0.009049,-0.012794,406.943450
0.625624,0.047461,-0.086605,298.298190
0.909010,0.066987,-0.163599,222.817494
0.346742,0.021702,-0.032958,369.638637
0.129501,0.001859,-0.005437,423.278428
0.613028,0.058734,-0.083718,301.581706
0.252506,0.051096,-0.019615,393.107778
0.939419,0.015404,-0.173262,214.533496
0.825058,0.061241,-0.138353,245.502243
0.141417,0.099328,-0.006359,420.382931
0.901340,0.000212,-0.160459,224.961168
0.429491,0.040105,-0.046650,348.766249
0.981433,0.057212,-0.180988,203.526022
0.902617,0.068645,-0.161603,224.554705
0.484037,0.030975,-0.056695,334.872781
0.216203,0.071971,-0.015108,402.064381
0.154816,0.079008,-0.008285,417.104744
0.673994,0.001367,-0.100107,285.512742
0.063157,0.034616,0.000048,439.316818
0.631174,0.031807,-0.087892,296.849910
0.087964,0.061727,-0.001989,433.333951
0.271611,0.018702,-0.022128,388.376172
0.759378,0.091925,-0.120046,263.056431
0.489739,0.040169,-0.057792,333.413952
0.913024,0.054596,-0.164859,221.726349
0.552014,0.049960,-0.070360,317.405260
0.152481,0.050772,-0.008045,417.675159
0.551748,0.011444,-0.070304,317.475015
0.472119,0.053879,-0.054431,337.917091
0.628050,0.066371,-0.087167,297.664301
0.363265,0.090755,-0.035543,365.488486
0.472187,0.049196,-0.054443,337.899935
0.189078,0.030226,-0.011970,408.728190
0.078468,0.064852,-0.001190,435.626395
0.209210,0.038046,-0.014281,403.785689
0.492553,0.093796,-0.058337,332.691967
0.000633,0.019566,0.001096,454.249761
0.226892,0.093808,-0.016398,399.431288
0.050474,0.013061,0.001026,442.367858
0.620557,0.080326,-0.085439,299.618598
0.840641,0.045565,-0.142881,241.313054
0.393204,0.019105,-0.040417,357.949972
-0.000000,0.100000,-0.000000,454.381467
0.812430,0.088120,-0.134735,248.889675
0.413396,0.080917,-0.043841,352.844017
0.051580,0.071182,0.000943,442.100259
0.105603,0.054864,-0.003536,429.067487
0.201944,0.040773,-0.013434,405.570964
0.338642,0.095407,-0.031717,371.666053
0.775721,0.014364,-0.124483,258.706672
-0.000390,0.087243,-0.000675,454.464621
0.598993,0.042779,-0.080553,305.234287
0.354411,0.082331,-0.034149,367.712788
0.102740,0.084372,-0.003279,429.759676
0.171351,0.073538,-0.010024,413.066659
0.091883,0.015853,-0.002326,432.388389
0.249039,0.008640,-0.019169,393.966733
0.481993,0.090855,-0.056304,335.393593
0.191227,0.008352,-0.012212,408.201938
0.722626,0.035658,-0.110348,272.809221
0.719627,0.076228,-0.109574,273.601180
0.473641,0.001233,-0.054722,337.529956
0.363003,0.000886,-0.034310,365.603703
0.271901,0.069725,-0.022166,388.302570
0.220676,0.028645,-0.015645,400.964666
0.226518,0.034640,-0.016353,399.525224
0.158716,0.000243,-0.007815,416.177612
0.199483,0.025797,-0.013151,406.175769
0.108788,0.001736,-0.003990,428.293936
0.018076,0.026174,0.003335,450.133350
0.490831,0.026104,-0.058003,333.134975
0.425924,0.076545,-0.046021,349.669853
0.253455,0.056006,-0.019737,392.873047
0.801300,0.069092,-0.131586,251.871356
0.281543,0.056936,-0.023472,385.909610
0.854808,0.058762,-0.147060,237.495351
0.313009,0.072307,-0.027907,378.074874
0.754260,0.094958,-0.118672,264.417422
0.037575,0.048958,0.001979,445.463118
0.376966,0.073972,-0.037744,362.042101
0.736578,0.078707,-0.113984,269.112212
0.980092,0.003620,-0.183346,203.664017
-0.000384,0.095631,-0.000664,454.463018
0.804470,0.057609,-0.132479,251.023359
0.540859,0.011389,-0.068030,320.284469
0.000111,0.042261,0.000193,454.359610
0.008875,0.071901,0.003941,452.330765
0.440311,0.045034,-0.048578,346.018715
0.705048,0.083908,-0.105847,277.452987
0.946356,0.000213,-0.173021,212.837798
0.566420,0.071046,-0.073420,313.680811
0.072190,0.045948,-0.000675,437.140704
0.291172,0.049844,-0.024801,383.516082
0.407904,0.098995,-0.042140,354.264993
0.142083,0.070529,-0.006995,420.208084
0.339305,0.074527,-0.031818,371.500652
0.831778,0.015022,-0.140296,243.698295
0.432271,0.037495,-0.047142,348.060926
0.357118,0.035927,-0.034573,367.034670
0.800163,0.078227,-0.131266,252.175305
0.125644,0.085702,-0.005392,424.205479
0.528261,0.083546,-0.065439,323.526960
0.779517,0.052722,-0.125526,257.692875
0.621276,0.025347,-0.085604,299.433131
0.590796,0.088301,-0.078730,307.362127
0.195340,0.022147,-0.012678,407.192513
0.442465,0.069513,-0.048965,345.470521
0.708062,0.076232,-0.106612,276.657422
0.301053,0.074681,-0.026191,381.055691
0.371995,0.058233,-0.036940,363.293967
0.004009,0.038055,0.004252,453.493679
0.123924,0.074122,-0.005229,424.623525
0.366236,0.026533,-0.036016,364.743751
0.005610,0.081868,0.004151,453.110098
0.383167,0.043211,-0.038756,360.480959
0.520369,0.035166,-0.063840,325.558127
0.302932,0.025427,-0.026458,380.589196
0.970936,0.033375,-0.183573,205.905825
0.210397,0.014061,-0.014420,403.494567
0.024596,0.090019,0.002893,448.571579
0.770028,0.042616,-0.122929,260.222858
0.805957,0.063013,-0.132899,250.624852
0.474415,0.064970,-0.054864,337.330593
0.239587,0.072396,-0.017971,396.300026
0.551417,0.044508,-0.070234,317.559442
0.035866,0.046914,0.002102,445.873016
0.707989,0.040722,-0.106594,276.677952
0.693592,0.033483,-0.102960,280.475956
0.929336,0.072508,-0.170028,217.282968
0.005951,0.056514,0.004128,453.029560
0.099004,0.099754,-0.003376,430.654318
0.789072,0.071593,-0.128167,255.141136
0.236382,0.016596,-0.017570,397.093091
0.297895,0.000744,-0.024147,381.899605
0.186487,0.057770,-0.011680,409.362293
0.046933,0.091642,0.001293,443.216047
0.179345,0.050056,-0.010892,411.111644
0.317140,0.068844,-0.028509,377.043920
0.026803,0.040515,0.002740,448.044692
0.804512,0.038489,-0.132490,251.012731
0.334386,0.025530,-0.031073,372.733972
0.786371,0.014090,-0.127417,255.864697
0.160933,0.051638,-0.008920,415.612696
0.799209,0.041159,-0.130998,252.432029
0.693729,0.038389,-0.102995,280.439595
0.166915,0.054142,-0.009551,414.151486
0.014180,0.036625,0.003594,451.064572
0.796050,0.045558,-0.130112,253.276783
0.391437,0.021231,-0.040123,358.395862
0.029656,0.092943,0.002542,447.359832
0.656872,0.079126,-0.093962,290.124804
0.331775,0.051043,-0.030679,373.386635
0.007750,0.056689,0.004013,452.600037
0.409159,0.066677,-0.043113,353.916579
0.345430,0.001586,-0.031423,370.018406
0.841573,0.094551,-0.143155,241.060603
0.608052,0.046872,-0.082589,302.877624
0.093596,0.051407,-0.002474,431.973005
0.085362,0.014240,-0.001768,433.963859
0.210010,0.052220,-0.014375,403.588498
0.784531,0.009785,-0.126908,256.356055
0.270705,0.037969,-0.022006,388.600358
0.906913,0.063834,-0.162943,223.387501
0.189817,0.001236,-0.010770,408.582637
0.019313,0.060626,0.003252,449.836578
0.673482,0.049308,-0.097985,285.766799
0.818939,0.011220,-0.136593,247.146669
0.000984,0.078862,0.001704,454.173469
0.968602,0.007899,-0.182798,206.547183
0.847044,0.020575,-0.144762,239.589571
0.451783,0.046515,-0.050657,343.101081
0.661931,0.058378,-0.095179,288.798775
0.795376,0.040807,-0.129924,253.457243
0.518325,0.040725,-0.063428,326.083360
0.654634,0.087045,-0.093426,290.710876
0.321609,0.084675,-0.029166,375.927164
0.392472,0.042564,-0.040295,358.134147
0.042466,0.001377,-0.000793,444.248693
0.269821,0.040736,-0.021888,388.819628
0.321242,0.047341,-0.029112,376.020058
0.247029,0.024900,-0.018912,394.463133
0.260261,0.050473,-0.020623,391.188513
0.433561,0.026360,-0.047371,347.733757
0.406477,0.037936,-0.042655,354.596047
0.033042,0.034101,0.002303,446.550314
0.885281,0.023145,-0.156250,229.259046
0.921122,0.016204,-0.167414,219.523303
0.791385,0.086579,-0.128810,254.522521
0.143801,0.082547,-0.007166,419.789331
0.164445,0.008094,-0.009290,414.756458
0.006025,0.029916,0.004123,453.012735
0.043051,0.029188,0.001579,444.149792
0.259874,0.017369,-0.020573,391.285241
0.529329,0.089909,-0.065658,323.251662
0.144546,0.034605,-0.007241,419.609320
0.083584,0.051617,-0.001618,434.391938
0.364645,0.080495,-0.035763,365.141927
0.764126,0.064536,-0.121327,261.793936
0.092768,0.080915,-0.002402,432.172439
0.688998,0.020910,-0.101814,281.686343
0.961816,0.097920,-0.177358,208.664357
0.434740,0.010026,-0.047581,347.435049
0.490182,0.062284,-0.057878,333.299755
0.338564,0.049722,-0.031705,371.687126
0.163418,0.077648,-0.009181,415.005220
0.328870,0.048431,-0.030244,374.113316
0.214390,0.074682,-0.014892,402.510579
0.234190,0.042398,-0.017297,397.633220
0.074134,0.046855,-0.000834,436.672158
0.143143,0.017928,-0.007101,419.951609
0.336536,0.006758,-0.031398,372.196469
0.657073,0.034149,-0.094010,290.073636
0.029173,0.091091,0.002576,447.475566
0.030866,0.083308,0.002457,447.070176
0.668661,0.081951,-0.096809,287.032007
0.607236,0.007702,-0.082405,303.091223
0.184814,0.099908,-0.010266,409.803817
0.621237,0.024222,-0.085595,299.443371
0.863682,0.084793,-0.149709,235.099222
0.434360,0.085247,-0.047513,347.529087
0.012938,0.091977,0.003677,451.359581
0.176519,0.050740,-0.010583,411.803288
0.718891,0.047769,-0.109384,273.796941
0.203572,0.041357,-0.013623,405.171001
0.086900,0.092865,-0.001898,433.589975
0.147938,0.028969,-0.007583,418.783128
0.655347,0.060650,-0.093597,290.524972
0.033438,0.054556,0.002275,446.454617
0.848797,0.095374,-0.145280,239.114661
0.222068,0.016494,-0.015813,400.622193
0.875085,0.059561,-0.153145,232.018051
0.666397,0.085893,-0.096260,287.626121
0.093331,0.065294,-0.002451,432.036593
0.242316,0.026650,-0.018314,395.627674
0.460297,0.069031,-0.052223,340.931882
0.560684,0.090077,-0.072195,315.163804
0.249017,0.031885,-0.019166,393.971500
0.663844,0.028869,-0.095641,288.298163
0.101260,0.082846,-0.003147,430.118072
0.353011,0.083707,-0.033930,368.064098
0.365657,0.006175,-0.035924,364.889960
0.812862,0.049173,-0.134858,248.775120
0.592738,0.099979,-0.080565,306.780374
0.731225,0.022045,-0.112582,270.532781
0.584217,0.021963,-0.077280,309.071975
0.498303,0.031517,-0.059457,331.221147
0.414534,0.072575,-0.044037,352.556119
0.331385,0.042117,-0.030621,373.484409
0.517996,0.027040,-0.063362,326.168331
0.610938,0.027162,-0.083243,302.126896
0.844590,0.001485,-0.144823,240.194121
0.502145,0.050636,-0.060210,330.235830
0.762683,0.016270,-0.120937,262.179686
0.362191,0.011785,-0.035373,365.761073
0.852125,0.012229,-0.146264,238.220590
0.146084,0.059659,-0.007396,419.234050
0.301455,0.078865,-0.026248,380.955523
0.482792,0.059725,-0.056457,335.190250
0.104771,0.033839,-0.003461,429.269461
-0.000651,0.017998,-0.001128,454.522207
0.979995,0.055791,-0.183478,203.675319
0.128418,0.061755,-0.005658,423.532316
0.396503,0.044212,-0.040969,357.116258
0.375628,0.023346,-0.037527,362.380750
0.273869,0.081357,-0.022431,387.814160
0.918798,0.048285,-0.166679,220.154980
0.238402,0.078415,-0.017822,396.592434
0.806996,0.008220,-0.133192,250.348381
0.518736,0.058602,-0.063511,325.977061
0.162870,0.083374,-0.009123,415.138772
0.886323,0.057807,-0.156570,228.975384
0.045933,0.069011,0.001367,443.456803
0.980095,0.060491,-0.183307,203.664705
0.089050,0.088473,-0.002081,433.070705
0.381311,0.001755,-0.037425,360.991289
0.542027,0.069695,-0.068272,319.981287
0.153236,0.067600,-0.008123,417.490530
0.171353,0.027031,-0.010025,413.067649
0.614727,0.087247,-0.084105,301.138171
0.173834,0.091412,-0.010292,412.458788
0.678024,0.063486,-0.099099,284.572528
0.408643,0.067986,-0.043025,354.047078
0.565221,0.050692,-0.073163,313.991889
0.029794,0.092624,0.002533,447.326816
0.073831,0.023963,-0.000809,436.745797
0.209897,0.022847,-0.014362,403.617207
0.129240,0.010666,-0.005738,423.334105
0.106687,0.080121,-0.003633,428.803933
0.640798,0.030507,-0.090143,294.334842
0.890296,0.092540,-0.157790,227.897404
0.101386,0.013035,-0.003159,430.089836
0.789268,0.066678,-0.128221,255.089003
0.048458,0.051134,0.001178,442.850948
0.706129,0.002183,-0.108191,277.039978
0.312010,0.006947,-0.027763,378.326396
0.694868,0.099347,-0.105337,280.009397
0.621966,0.054401,-0.085762,299.252123
0.960520,0.080061,-0.180133,208.759818
0.301669,0.010080,-0.026279,380.904272
0.030125,0.035552,0.002509,447.249254
0.436122,0.077010,-0.047827,347.081773
0.683439,0.023868,-0.100434,283.149676
0.725299,0.057317,-0.111040,272.101105
0.507385,0.046051,-0.061244,328.892222
0.870623,0.068176,-0.151796,233.224389
0.040516,0.005131,0.001765,444.759030
0.377055,0.008797,-0.037758,362.021865
0.215576,0.019425,-0.015034,402.220488
0.724745,0.029373,-0.110896,272.248601
0.318116,0.044797,-0.028652,376.801031
0.910942,0.070199,-0.164205,222.291976
0.610561,0.052671,-0.083157,302.224400
0.981136,0.030119,-0.181509,203.557212
0.681468,0.001713,-0.101971,283.544871
0.320736,0.061070,-0.029037,376.146008
0.969567,0.072743,-0.183119,206.280179
0.395663,0.082743,-0.040828,357.327268
0.052851,0.066076,0.000847,441.794909
0.900865,0.013578,-0.161057,225.032281
0.271542,0.011038,-0.022118,388.393734
0.709966,0.053897,-0.107097,276.155436
-0.000000,-0.000000,-0.000000,454.384571
0.663042,0.059900,-0.095447,288.507334
0.116373,0.012401,-0.004521,426.458052
0.782055,0.006827,-0.126224,257.017131
0.697116,0.010776,-0.103844,279.547823
0.717375,0.051420,-0.108994,274.197597
0.728872,0.088459,-0.111969,271.153968
0.212069,0.026172,-0.014618,403.082968
0.722369,0.057857,-0.110281,272.876380
0.584372,0.083309,-0.077315,309.029473
0.700293,0.046376,-0.104644,278.708818
0.872196,0.056063,-0.152271,232.799544
0.481525,0.092266,-0.056214,335.513023
0.627977,0.005379,-0.087150,297.685376
0.182209,0.056990,-0.011206,410.410292
0.000948,0.043433,0.001642,454.182142
0.440577,0.081527,-0.048625,345.949861
0.587396,0.019937,-0.077979,308.247117
0.364193,0.019297,-0.035691,365.257511
0.079568,0.080331,-0.001281,435.360322
0.267342,0.068254,-0.021557,389.433290
0.436688,0.048636,-0.047929,346.938950
0.576666,0.071928,-0.075632,311.027854
0.368860,0.066924,-0.036436,364.082587
0.061890,0.000660,-0.001493,439.592099
0.734228,0.018001,-0.113367,269.737150
0.461339,0.094329,-0.052416,340.665456
0.392687,0.079173,-0.040331,358.078648
0.014990,0.058365,0.003541,450.870272
0.160249,0.088179,-0.008848,415.778713
0.673881,0.034976,-0.098083,285.662443
0.283575,0.080791,-0.023750,385.403910
0.027294,0.063341,0.002707,447.926380
0.206799,0.077520,-0.013998,404.376951
0.296290,0.030825,-0.025518,382.243240
0.032908,0.031559,0.002312,446.582403
0.156800,0.031898,-0.008490,416.622121
0.546494,0.072441,-0.069202,318.829106
0.200728,0.084062,-0.013294,405.868081
0.172163,0.064632,-0.010112,412.868319
0.895335,0.052679,-0.159344,226.531955
0.676460,0.098345,-0.100721,284.860291
0.057188,0.055735,0.000514,440.752411
0.751557,0.053787,-0.117950,265.137103
0.226448,0.087377,-0.016344,399.540987
0.072678,0.088562,-0.000714,437.021717
0.485610,0.024163,-0.056997,334.470789
0.460807,0.052039,-0.052317,340.802563
0.161332,0.048701,-0.008962,415.515537
0.205756,0.056660,-0.013876,404.634080
0.099564,0.011271,-0.002998,430.530634
0.424152,0.077017,-0.045710,350.119159
0.068100,0.093498,-0.000344,438.124775
0.653779,0.045808,-0.093222,290.936516
0.203654,0.001877,-0.012219,405.191773
0.602194,0.030561,-0.081270,304.402246
0.640534,0.076805,-0.090081,294.402352
0.164551,0.000778,-0.008337,414.755454
0.952134,0.099746,-0.174641,211.276158
0.299913,0.092711,-0.026029,381.339184
0.389250,0.024352,-0.039760,358.947563
0.896975,0.082327,-0.159852,226.085873
0.236791,0.083004,-0.017620,396.990132
0.200241,0.020517,-0.013238,405.989818
0.706365,0.098081,-0.108251,276.974454
0.166235,0.074260,-0.009478,414.317154
0.796960,0.015855,-0.130367,253.034531
0.912836,0.000615,-0.163656,221.868223
0.196543,0.087330,-0.012814,406.895369
0.774409,0.059710,-0.124125,259.054775
0.478124,0.028465,-0.055567,336.384351
0.558917,0.099149,-0.072859,315.565699
0.355805,0.001769,-0.033115,367.413514
0.001062,0.018508,0.001840,454.158672
0.310722,0.035941,-0.027576,378.646593
0.169760,0.099305,-0.008816,413.481678
0.914285,0.002007,-0.164060,221.478128
0.228779,0.042859,-0.016630,398.967741
0.300709,0.095354,-0.026142,381.140619
0.058128,0.005410,0.000440,440.528037
0.024157,0.036331,0.002923,448.678255
0.415076,0.048188,-0.044131,352.419600
0.799412,0.031364,-0.131055,252.377978
0.533728,0.001694,-0.067303,322.084380
0.300614,0.068571,-0.026129,381.165273
0.969718,0.054126,-0.183169,206.239211
0.461873,0.023064,-0.052515,340.531622
0.000204,0.089937,0.000353,454.338492
0.926966,0.078236,-0.169272,217.928947
0.764614,0.048551,-0.121459,261.664607
0.975464,0.076817,-0.185079,204.661800
0.024185,0.049485,0.002921,448.671117
0.252973,0.025460,-0.019675,392.993095
0.633324,0.027173,-0.088393,296.288417
0.796383,0.004678,-0.130205,253.189241
0.618989,0.025244,-0.085079,300.029492
0.089403,0.094028,-0.002111,432.985124
0.288192,0.048925,-0.024387,384.257340
0.772349,0.099081,-0.125387,259.478884
0.981447,0.068111,-0.180970,203.523783
0.205345,0.054529,-0.013829,404.735059
0.418785,0.026745,-0.044774,351.480956
0.402372,0.092636,-0.041958,355.632110
0.697847,0.006898,-0.104028,279.355295
0.300697,0.038937,-0.026141,381.145420
0.479181,0.041817,-0.055768,336.113754
0.136817,0.034468,-0.006474,421.490794
0.439150,0.099273,-0.047960,346.330054
0.000162,0.081223,0.000281,454.347670
0.091754,0.081635,-0.002314,432.417493
0.625390,0.091009,-0.086552,298.357655
0.564658,0.047995,-0.073043,314.137502
0.558314,0.038446,-0.071691,315.778197
0.775851,0.066371,-0.124519,258.670138
0.317270,0.044809,-0.028529,377.012255
0.940162,0.010477,-0.173502,214.330718
0.144391,0.054739,-0.007226,419.646518
0.601583,0.059733,-0.081133,304.560241
0.608238,0.024800,-0.082631,302.830068
0.106921,0.018017,-0.003655,428.749155
0.000052,0.030941,0.000090,454.372638
0.110297,0.057596,-0.003961,427.930088
0.185790,0.088646,-0.011603,409.531991
0.961297,0.063749,-0.180388,208.547532
0.810942,0.049310,-0.134312,249.289696
0.670268,0.010888,-0.097200,286.612273
0.799390,0.056826,-0.131048,252.383069
0.614395,0.071586,-0.084029,301.225081
0.352647,0.032491,-0.033874,368.157144
0.497029,0.074352,-0.059208,331.546169
0.000562,0.048367,0.000973,454.263845
0.847899,0.090158,-0.145015,239.356914
0.143017,0.043500,-0.007088,419.981408
0.169439,0.047307,-0.009820,413.534895
0.424523,0.046495,-0.045775,350.026241
0.180832,0.092013,-0.011054,410.746357
0.207594,0.020483,-0.014091,404.183391
0.645264,0.034292,-0.091197,293.166471
0.919433,0.080753,-0.166880,219.980961
0.156160,0.098963,-0.007592,416.797055
0.719655,0.010192,-0.109581,273.596014
0.135359,0.056743,-0.006331,421.844978
0.476148,0.094811,-0.055192,336.886842
0.456815,0.068291,-0.051580,341.818982
0.614063,0.077067,-0.083954,301.311428
0.463126,0.059581,-0.052748,340.211222
0.823434,0.084414,-0.137885,245.937655
0.929597,0.078348,-0.170111,217.211634
0.980206,0.036288,-0.183116,203.653831
0.667613,0.028670,-0.096555,287.308881
0.376801,0.010621,-0.037717,362.085715
0.015968,0.056102,0.003476,450.636492
0.316994,0.014501,-0.028488,377.082195
0.578787,0.019723,-0.076093,310.480019
0.482081,0.006178,-0.056321,335.373937
0.000578,0.045374,0.001001,454.260500
0.447948,0.055307,-0.049958,344.076721
0.212755,0.036563,-0.014699,402.913987
0.902163,0.025439,-0.161461,224.679438
0.980290,0.030451,-0.182974,203.645032
0.307611,0.057584,-0.027128,379.421912
0.110947,0.055007,-0.004020,427.772539
0.059886,0.051858,0.000304,440.103567
0.701889,0.062759,-0.105047,278.287161
0.838968,0.056597,-0.142391,241.763051
0.746171,0.081315,-0.116516,266.566890
0.282265,0.074910,-0.023571,385.729704
0.110326,0.041199,-0.003964,427.923381
0.444068,0.035391,-0.049255,345.064023
0.580554,0.072309,-0.076479,310.019994
0.361543,0.024900,-0.035271,365.923479
0.135251,0.065739,-0.006320,421.870945
0.035810,0.080128,0.002106,445.885275
0.376099,0.073572,-0.037603,362.260600
0.631192,0.084282,-0.087896,296.843214
0.303838,0.081693,-0.026587,380.361516
0.542716,0.043565,-0.068415,319.804639
0.553822,0.087374,-0.070741,316.937003
0.182106,0.037854,-0.011195,410.436185
0.397168,0.030971,-0.041080,356.948895
0.328496,0.087778,-0.030188,374.205641
0.214342,0.091738,-0.014886,402.521807
0.149966,0.020697,-0.007789,418.289145
0.087328,0.052236,-0.001935,433.487785
0.423562,0.085661,-0.045607,350.268473
0.587413,0.015547,-0.077983,308.242922
0.337455,0.025970,-0.031537,371.965514
0.222637,0.070006,-0.015881,400.480347
0.000726,0.073384,0.001258,454.228258
0.621432,0.051437,-0.085640,299.391463
0.751937,0.019998,-0.118051,265.037384
0.844960,0.009274,-0.144148,240.151540
0.132229,0.017396,-0.006026,422.607162
0.618433,0.045351,-0.084951,300.173766
0.340511,0.022392,-0.032002,371.200217
0.102949,0.034282,-0.003298,429.710712
0.382792,0.033879,-0.038695,360.575624
0.097046,0.086110,-0.002775,431.137666
0.438317,0.021900,-0.048220,346.526233
0.651200,0.027354,-0.092606,291.612644
0.002330,0.076451,0.004358,453.893179
0.109450,0.057902,-0.003884,428.135364
0.591577,0.074189,-0.078903,307.159850
0.743456,0.015397,-0.115796,267.289787
0.485429,0.057677,-0.056962,334.516163
0.655701,0.074021,-0.093682,290.431837
0.523631,0.078883,-0.064499,324.718001
0.025425,0.035695,0.002835,448.374824
0.240544,0.077344,-0.018091,396.063740
0.868935,0.023476,-0.151286,233.682157
0.706032,0.037667,-0.106096,277.194912
0.242188,0.078865,-0.018298,395.657609
0.387284,0.012715,-0.039434,359.443894
0.944762,0.097816,-0.172574,213.264234
0.160430,0.009548,-0.008868,415.736816
0.637500,0.083499,-0.089369,295.195213
0.785359,0.054838,-0.127137,256.133294
0.543076,0.043742,-0.068490,319.711782
-0.000548,0.050912,-0.000948,454.499192
0.583760,0.023112,-0.077180,309.190382
-0.000000,-0.000000,-0.000000,454.384571
0.365512,0.089674,-0.035901,364.923639
0.218372,0.008950,-0.015368,401.532706
0.252606,0.038788,-0.019628,393.083621
0.031243,0.090025,0.002431,446.979601
0.571395,0.075269,-0.074490,312.393078
0.403946,0.069919,-0.042225,355.234919
0.425605,0.027536,-0.045965,349.752445
0.659916,0.064315,-0.094694,289.327229
0.528499,0.012770,-0.065488,323.468041
-0.000716,0.089252,-0.001240,454.533778
0.915196,0.056323,-0.165542,221.135296
0.160498,0.019906,-0.008875,415.720082
0.152842,0.094360,-0.008082,417.585620
0.087214,0.064121,-0.001925,433.514971
0.109991,0.099795,-0.004066,427.999823
0.687687,0.000827,-0.103529,281.906530
0.184218,0.089881,-0.011428,409.917101
0.136774,0.059329,-0.006470,421.500524
0.926674,0.058197,-0.169179,218.009048
0.047282,0.018634,0.001266,443.134354
0.600469,0.091408,-0.080883,304.848853
0.605139,0.070232,-0.081932,303.635018
0.382693,0.034352,-0.038678,360.600616
0.409229,0.008140,-0.043125,353.900937
0.208240,0.051631,-0.014167,404.023710
0.827497,0.100003,-0.140171,244.765855
0.252502,0.076946,-0.019614,393.108078
0.479957,0.034602,-0.055915,335.915894
0.930318,0.008946,-0.170341,217.017372
0.478045,0.062828,-0.055552,336.403484
0.701120,0.054077,-0.104853,278.490421
0.071207,0.026166,-0.000596,437.378221
0.582941,0.074701,-0.077001,309.401173
0.231557,0.044384,-0.016971,398.282706
0.202764,0.081057,-0.013529,405.368132
0.139899,0.082219,-0.006778,420.739305
0.638910,0.079422,-0.089700,294.826736
0.439463,0.070650,-0.048425,346.233325
0.575966,0.005463,-0.075480,311.211492
0.118738,0.032945,-0.004741,425.883824
0.386177,0.011490,-0.039251,359.723140
0.324371,0.095204,-0.029574,375.236557
0.523344,0.065623,-0.064441,324.792410
0.063462,0.012870,0.000023,439.244222
0.238480,0.043622,-0.017832,396.574341
0.287920,0.035294,-0.024350,384.325413
0.793904,0.044647,-0.129512,253.850731
0.922247,0.013862,-0.167771,219.216913
0.355811,0.051401,-0.034368,367.362257
0.958432,0.094713,-0.179447,209.331112
0.500493,0.019966,-0.059886,330.660293
0.477219,0.060526,-0.055395,336.614436
0.289041,0.073758,-0.024505,384.045363
0.032204,0.007496,0.002362,446.751947
0.051454,0.077777,0.000953,442.130321
0.067492,0.055533,-0.000296,438.272421
0.704308,0.078271,-0.105659,277.648509
0.136381,0.055082,-0.006431,421.596367
0.280113,0.026019,-0.023277,386.265728
0.467162,0.009799,-0.053500,339.183499
0.012042,0.069971,0.003735,451.574401
0.323593,0.039424,-0.029459,375.432796
0.399978,0.042404,-0.041553,356.238692
0.182179,0.064306,-0.011203,410.417360
0.176195,0.064345,-0.010548,411.882178
0.379934,0.090771,-0.038227,361.294000
0.257042,0.082953,-0.020202,391.984323
0.925566,0.040631,-0.168826,218.311853
0.124805,0.079467,-0.005312,424.409399
-0.000525,0.016091,-0.000910,454.495564
0.540326,0.020932,-0.067919,320.421627
0.676808,0.056371,-0.098800,284.892521
0.717531,0.060752,-0.109034,274.156166
0.171733,0.050875,-0.010066,412.974096
0.805573,0.087555,-0.132791,250.726982
0.120842,0.028331,-0.004938,425.373234
0.393824,0.085738,-0.040520,357.791278
0.362537,0.042208,-0.035428,365.673034
0.024485,0.081382,0.002901,448.598314
0.944207,0.020261,-0.174809,213.225284
0.184087,0.076426,-0.011414,409.949646
0.706878,0.076420,-0.106311,276.970121
0.864011,0.046891,-0.149807,235.011944
0.244331,0.015105,-0.018570,395.130246
0.965214,0.028018,-0.181678,207.475316
0.930651,0.051297,-0.170448,216.924984
0.201671,0.001112,-0.012006,405.678163
0.956135,0.040721,-0.178693,209.962105
0.594480,0.086026,-0.079547,306.405478
0.939069,0.022619,-0.173149,214.628639
0.979526,0.087977,-0.184318,203.720747
0.123064,0.022449,-0.005148,424.834086
-0.000429,0.094922,-0.000742,454.472581
0.672255,0.005448,-0.097685,286.090618
0.418857,0.036091,-0.044786,351.462529
0.118399,0.094015,-0.004709,425.964135
0.915961,0.040801,-0.165783,220.927527
0.213554,0.093671,-0.014793,402.715485
0.194039,0.087506,-0.012529,407.509606
0.497174,0.077677,-0.059236,331.508880
0.498026,0.000404,-0.059709,331.278427
0.382282,0.098318,-0.037593,360.743017
0.181623,0.005974,-0.011142,410.555242
0.099883,0.062287,-0.003025,430.451850
0.187707,0.037011,-0.011817,409.063921
0.015283,0.051408,0.003521,450.800436
0.079319,0.021565,-0.001261,435.422227
0.760600,0.005578,-0.120375,262.734384
0.327971,0.094803,-0.030109,374.336762
0.012235,0.012670,0.003721,451.530137
0.114619,0.050104,-0.004358,426.882325
0.789816,0.093402,-0.128374,254.941661
0.058049,0.000708,-0.001339,440.513951
0.260285,0.038854,-0.020626,391.182877
0.230817,0.083381,-0.016880,398.463888
0.926843,0.098015,-0.167562,218.093498
0.273880,0.016558,-0.022433,387.813284
0.116060,0.023643,-0.004492,426.533771
0.047415,0.023671,0.001256,443.102401
0.223084,0.039416,-0.015936,400.371330
0.215491,0.070087,-0.015023,402.239733
0.133392,0.032011,-0.006139,422.324097
0.483108,0.000847,-0.056638,335.105636
0.724528,0.047426,-0.110840,272.305484
0.585742,0.068847,-0.077615,308.674543
0.418929,0.028200,-0.044799,351.444532
0.249284,0.084087,-0.019200,393.903702
0.399169,0.033686,-0.041417,356.443421
0.885142,0.058654,-0.156208,229.295424
0.038035,0.007111,0.001945,445.354104
0.458407,0.046069,-0.051873,341.414254
0.573496,0.072076,-0.074944,311.849035
0.064769,0.092168,-0.000079,438.927081
0.981422,0.056132,-0.181007,203.527204
0.689048,0.076139,-0.101826,281.671384
0.861248,0.077589,-0.148980,235.756820
0.035979,0.069297,0.002094,445.845174
0.707115,0.092152,-0.106372,276.907013
0.145082,0.066054,-0.007295,419.477755
0.974100,0.068762,-0.184625,205.036474
0.018890,0.016898,0.003280,449.938989
0.394946,0.065688,-0.040708,357.508759
0.671566,0.023978,-0.097517,286.271089
-0.000361,0.096703,-0.000625,454.458185
0.237236,0.045721,-0.017676,396.881423
0.133882,0.031559,-0.006187,422.204797
0.335321,0.009537,-0.031214,372.500527
0.934046,0.001952,-0.169575,216.156093
0.083509,0.094060,-0.001611,434.408801
0.855195,0.036541,-0.147175,237.391752
0.677387,0.061282,-0.098942,284.740184
0.605931,0.023387,-0.082111,303.430331
0.184929,0.051069,-0.011507,409.744164
0.954659,0.050902,-0.178211,210.365706
0.599307,0.072564,-0.080623,305.151591
0.981175,0.087560,-0.181460,203.549539
0.194943,0.023474,-0.012632,407.289938
0.468000,0.030887,-0.053657,338.969085
0.979567,0.040055,-0.184221,203.720277
0.003824,0.084833,0.004264,453.536386
0.327378,0.073870,-0.030021,374.485640
0.502420,0.027595,-0.060265,330.166018
0.076607,0.098627,-0.002156,436.051997
0.148662,0.062096,-0.007656,418.605795
0.308166,0.037234,-0.027208,379.284171
0.233606,0.030689,-0.017225,397.777783
0.974480,0.062040,-0.184752,204.932335
0.612742,0.011821,-0.083653,301.657569
0.931221,0.002012,-0.168786,216.917089
0.056986,0.080060,0.000530,440.800383
0.657715,0.066281,-0.094164,289.904260
0.192198,0.067056,-0.012321,407.961832
0.446212,0.028245,-0.049643,344.519062
0.358763,0.051591,-0.034832,366.620927
0.499153,0.073225,-0.059623,331.002008
0.177492,0.090136,-0.010689,411.563965
0.762783,0.001988,-0.122863,262.026183
0.108248,0.074010,-0.003774,428.425949
0.379229,0.098701,-0.037065,361.513154
0.313732,0.001621,-0.026483,377.951142
0.747398,0.081106,-0.116842,266.241121
0.314453,0.062847,-0.028117,377.714864
-0.001049,0.040812,-0.001817,454.606039
0.059993,0.068085,0.000296,440.077447
0.187524,0.056652,-0.011796,409.108257
0.339857,0.068809,-0.031902,371.362572
0.439229,0.071690,-0.048383,346.292725
0.264841,0.036875,-0.021226,390.054166
-0.000304,0.038811,-0.000526,454.447779
0.287175,0.083355,-0.024246,384.509029
0.979752,0.055821,-0.183900,203.700633
0.595587,0.094007,-0.079793,306.117603
0.232071,0.045398,-0.017035,398.155862
0.877664,0.026017,-0.153927,231.321319
0.199430,0.046476,-0.013145,406.187950
0.385107,0.089496,-0.039075,359.990363
0.247144,0.080769,-0.018927,394.432849
0.280329,0.071606,-0.023306,386.210513
0.778184,0.090185,-0.125160,258.046959
0.294579,0.056204,-0.025277,382.668272
0.777615,0.095443,-0.125003,258.198706
0.382807,0.077824,-0.038697,360.570511
0.568247,0.035772,-0.073812,313.209247
0.830465,0.081751,-0.139916,244.048958
0.265880,0.039050,-0.021364,389.796531
0.622476,0.016736,-0.085880,299.120384
-0.000000,-0.000000,-0.000000,454.384571
0.710689,0.052554,-0.107281,275.964668
0.752475,0.048784,-0.118195,264.893351
0.671083,0.039159,-0.097399,286.397320
0.703938,0.079687,-0.105566,277.746006
0.439968,0.043352,-0.048516,346.106025
0.777638,0.085721,-0.125010,258.192891
0.065758,0.013444,-0.000159,438.691392
0.590540,0.006487,-0.078673,307.431497
0.733462,0.010850,-0.113167,269.940445
0.723761,0.019159,-0.110641,272.509376
0.625091,0.018340,-0.086482,298.438082
0.307400,0.009850,-0.027098,379.475981
0.032137,0.093826,0.002368,446.765242
0.378124,0.007518,-0.037932,361.752661
0.821805,0.056825,-0.137416,246.375918
0.028159,0.072138,0.002647,447.718856
0.073122,0.083011,-0.000750,436.915079
0.069132,0.070487,-0.000428,437.876849
0.329274,0.060597,-0.030304,374.011792
0.758474,0.006937,-0.119802,263.299841
0.105727,0.092195,-0.003546,429.036255
0.568139,0.022212,-0.073789,313.237792
0.759587,0.095054,-0.120102,263.000878
0.419980,0.022984,-0.044981,351.178524
0.410575,0.086797,-0.043356,353.557636
0.756315,0.044347,-0.119223,263.872848
0.789935,0.000488,-0.130061,254.798898
0.026749,0.001893,-0.000376,448.007162
0.211758,0.026614,-0.014581,403.159534
0.909353,0.054082,-0.163707,222.724562
0.954479,0.001076,-0.175299,210.647041
0.204179,0.030636,-0.013693,405.022273
0.233990,0.098924,-0.015675,397.728755
0.009113,0.071794,0.003926,452.274029
0.979542,0.072739,-0.184273,203.721118
0.044855,0.057725,0.001447,443.715835
0.981483,0.047868,-0.180901,203.521257
0.315199,0.029477,-0.028226,377.529693
0.244287,0.093217,-0.018563,395.138544
0.666153,0.090197,-0.096201,287.690035
0.371694,0.029941,-0.036891,363.370680
0.156466,0.039668,-0.008456,416.703293
0.624770,0.070600,-0.086408,298.520227
0.676785,0.027344,-0.098794,284.899350
0.808447,0.091361,-0.133604,249.956964
0.531474,0.014916,-0.066096,322.702153
0.367930,0.021385,-0.036287,364.318020
0.095921,0.001255,-0.003195,431.401603
0.807515,0.087741,-0.133340,250.206583
0.066737,0.029212,-0.000236,438.455221
0.980891,0.010473,-0.181955,203.581395
0.632871,0.018918,-0.088287,296.406987
0.117893,0.087978,-0.004661,426.087102
0.269019,0.060044,-0.021781,389.017820
0.112440,0.008944,-0.004158,427.412113
0.027863,0.074849,0.002667,447.789679
0.292442,0.030978,-0.024979,383.200822
0.790898,0.000610,-0.130318,254.542100
0.233704,0.046713,-0.017237,397.752947
-0.000685,0.076076,-0.001186,454.527574
0.083066,0.038056,-0.001574,434.517558
0.482833,0.046207,-0.056465,335.180134
0.786365,0.053666,-0.127416,255.864877
0.847960,0.023868,-0.145032,239.342851
0.813988,0.031486,-0.135179,248.473825
0.581611,0.014834,-0.076710,309.747854
0.000816,0.075983,0.001413,454.209191
0.881064,0.018148,-0.154962,230.401138
0.387983,0.029286,-0.039550,359.267134
0.257872,0.033862,-0.020311,391.780475
0.940812,0.054701,-0.173712,214.151487
0.400470,0.030324,-0.041636,356.114809
0.843432,0.052130,-0.143700,240.561528
0.951793,0.017314,-0.177274,211.151218
0.848654,0.056923,-0.145238,239.154586
0.182570,0.054347,-0.011246,410.322008
0.435335,0.045988,-0.047687,347.282742
0.192414,0.082989,-0.012345,407.908364
0.148978,0.012151,-0.007689,418.530320
0.455330,0.069053,-0.051307,342.197305
0.398251,0.070761,-0.041262,356.674100
0.537702,0.040821,-0.067376,321.097217
0.690372,0.045302,-0.102156,281.323719
0.070091,0.094363,-0.000504,437.645197
0.677388,0.050223,-0.098942,284.740236
0.184268,0.084406,-0.011434,409.905131
0.082749,0.058528,-0.001547,434.593277
0.396348,0.048358,-0.040943,357.155354
0.060900,0.046180,0.000225,439.859854
0.905849,0.004578,-0.162610,223.678636
-0.000592,0.062365,-0.001025,454.508296
0.582560,0.023438,-0.076917,309.501584
0.216322,0.013273,-0.015123,402.037034
0.709600,0.045482,-0.107004,276.252350
0.980636,0.055063,-0.182367,203.608787
0.369908,0.100047,-0.035472,363.862319
0.266921,0.000524,-0.019846,389.593420
0.073746,0.023069,-0.000802,436.766304
0.646038,0.027468,-0.091380,292.964070
0.105537,0.075375,-0.003529,429.082660
0.148904,0.092411,-0.007680,418.545682
0.628242,0.026270,-0.087211,297.615600
0.202718,0.017694,-0.013524,405.381502
0.364716,0.043185,-0.035774,365.125365
0.301974,0.063751,-0.026322,380.826496
0.514915,0.076101,-0.062744,326.958060
0.755875,0.075912,-0.119105,263.988724
0.409696,0.063216,-0.043205,353.780852
0.838671,0.031192,-0.142304,241.843852
0.263414,0.085219,-0.021037,390.406150
0.485039,0.027781,-0.056887,334.616835
0.541607,0.032321,-0.068185,320.090866
0.304981,0.093504,-0.026750,380.076233
0.666120,0.057497,-0.096192,287.699915
0.980044,0.042838,-0.183395,203.670724
0.109131,0.073286,-0.003855,428.212098
0.251869,0.007741,-0.019533,393.266792
0.961018,0.066063,-0.180296,208.623896
0.383674,0.065317,-0.038839,360.352307
0.533402,0.055021,-0.066491,322.204360
0.463113,0.058914,-0.052745,340.214574
0.620022,0.030404,-0.085316,299.759974
0.920846,0.042615,-0.167327,219.597700
0.188379,0.060737,-0.011892,408.898385
0.755197,0.085723,-0.118923,264.168653
0.376643,0.072520,-0.037691,362.123593
0.425435,0.039359,-0.045935,349.795143
0.051327,0.034659,0.000962,442.162083
0.195372,0.021714,-0.012681,407.184698
-0.000458,0.063432,-0.000793,454.479734
0.350338,0.023564,-0.033515,368.736637
0.499895,0.098150,-0.060097,330.795109
0.366018,0.000101,-0.034815,364.845090
0.244307,0.035432,-0.018566,395.135552
0.111535,0.001977,-0.004171,427.629615
0.549486,0.093218,-0.069829,318.056327
0.213736,0.011255,-0.014815,402.673363
0.378711,0.073381,-0.038027,361.602749
0.491821,0.075597,-0.058195,332.879958
0.781201,0.029758,-0.125989,257.244112
0.186633,0.036900,-0.011697,409.327126
0.063296,0.045682,0.000037,439.283074
0.533005,0.064144,-0.066410,322.306187
0.954403,0.079028,-0.178127,210.434603
0.368887,0.086822,-0.036440,364.075050
0.284679,0.032901,-0.023903,385.131230
0.194966,0.037712,-0.012635,407.283816
0.242939,0.060690,-0.018393,395.472559
0.574435,0.038049,-0.075148,311.607063
0.936737,0.051125,-0.172399,215.264533
0.457403,0.099678,-0.051495,341.677015
0.043687,0.085996,0.001534,443.995337
0.077001,0.015397,-0.001069,435.981662
0.272052,0.007937,-0.022187,388.267291
0.700316,0.061676,-0.104650,278.702205
0.467511,0.050224,-0.053565,339.093160
0.846006,0.010900,-0.144456,239.869688
0.627148,0.065161,-0.086958,297.899896
0.102332,0.073603,-0.003242,429.858848
0.577102,0.050697,-0.075726,310.915592
0.703759,0.053007,-0.105520,277.794195
0.368833,0.039947,-0.036432,364.090127
0.200671,0.088495,-0.013287,405.881983
0.323039,0.062895,-0.029377,375.570622
0.981049,0.062653,-0.181656,203.565521
0.503942,0.034888,-0.060564,329.775601
0.708494,0.086373,-0.106722,276.543074
0.328393,0.046523,-0.030173,374.232728
0.941480,0.014183,-0.173927,213.970648
0.863100,0.083180,-0.149534,235.256704
0.061884,0.001665,-0.001493,439.593484
0.438386,0.015043,-0.048232,346.508775
0.792950,0.089410,-0.129247,254.104173
0.077135,0.088867,-0.001079,435.947131
0.506613,0.070868,-0.061092,329.089403
0.001848,0.057756,0.004388,454.008660
0.707314,0.016210,-0.106422,276.857071
0.768388,0.062296,-0.122483,260.659100
0.159237,0.098927,-0.007861,416.047579
0.282390,0.053079,-0.023588,385.699364
0.401576,0.018856,-0.041823,355.835599
0.152791,0.025224,-0.008077,417.600362
0.169004,0.007834,-0.009774,413.642541
0.940693,0.052811,-0.173674,214.184113
0.711654,0.094363,-0.107528,275.708086
0.135479,0.063455,-0.006343,421.815531
0.107070,0.018680,-0.003669,428.713116
0.768207,0.086304,-0.122434,260.706694
0.539149,0.022876,-0.067675,320.724828
0.208312,0.047423,-0.014175,404.006006
0.610305,0.073791,-0.083100,302.290207
0.320932,0.095448,-0.029066,376.095996
0.086234,0.079115,-0.001841,433.751298
0.540339,0.024215,-0.067922,320.418001
-0.001084,0.074183,-0.001878,454.612481
0.386843,0.031449,-0.039361,359.554436
0.028496,0.072834,0.002623,447.638163
0.170528,0.071189,-0.009936,413.268022
0.043737,0.040135,0.001529,443.984914
0.861016,0.011208,-0.148910,235.821769
0.627268,0.036351,-0.086986,297.869442
0.322887,0.008541,-0.029355,375.610217
-0.000976,0.052120,-0.001690,454.590100
0.676017,0.026950,-0.098606,285.101473
0.083321,0.093570,-0.001595,434.454160
0.713894,0.061868,-0.108101,275.117319
0.010920,0.077869,0.003808,451.842351
0.757028,0.032486,-0.119414,263.683490
0.163336,0.024330,-0.009173,415.026899
0.045058,0.035342,0.001431,443.667908
0.347376,0.026178,-0.033056,369.479624
0.448686,0.047497,-0.050092,343.889136
0.470255,0.037714,-0.054080,338.393446
0.537199,0.086014,-0.067272,321.225367
0.011851,0.029886,0.003747,451.621279
0.187203,0.088009,-0.011760,409.185758
0.703229,0.086959,-0.105386,277.932823
0.109923,0.044729,-0.003927,428.021071
0.562669,0.018575,-0.072618,314.652868
0.445825,0.084333,-0.049572,344.615803
0.669227,0.034461,-0.096947,286.884916
0.535376,0.074665,-0.066897,321.695361
0.225673,0.066418,-0.016250,399.732465
0.596644,0.013178,-0.080029,305.845687
0.804152,0.050986,-0.132389,251.108716
0.027288,0.025821,0.002706,447.928882
0.071584,0.063372,-0.000626,437.286342
0.466139,0.020189,-0.053309,339.444004
0.825493,0.033527,-0.138478,245.386471
0.071510,0.014886,-0.000621,437.305560
0.225733,0.017868,-0.016258,399.719423
0.211347,0.089261,-0.014532,403.258504
0.653342,0.029917,-0.093117,291.051439
0.778174,0.075327,-0.125157,258.050144
0.967775,0.058616,-0.182526,206.772063
0.626779,0.095189,-0.086873,297.995020
0.028946,0.040412,0.002591,447.531388
0.682507,0.081039,-0.100204,283.392856
0.816225,0.099732,-0.137120,247.779339
0.980576,0.010018,-0.182502,203.614069
0.379933,0.009655,-0.038227,361.296984
0.158554,0.020558,-0.008673,416.194566
0.087955,0.070610,-0.001988,433.335787
0.614097,0.025669,-0.083961,301.304145
0.835622,0.023396,-0.141415,242.664222
0.707175,0.070519,-0.106387,276.891852
0.109238,0.006183,-0.003865,428.188271
0.727336,0.032177,-0.111569,271.562558
0.508176,0.008799,-0.061401,328.690438
0.300597,0.047011,-0.026126,381.170262
0.497191,0.023573,-0.059240,331.506467
0.130779,0.090923,-0.005885,422.957394
0.515326,0.095307,-0.062826,326.852038
0.233134,0.013591,-0.017167,397.894728
0.566878,0.077412,-0.073518,313.562235
-0.000414,0.069206,-0.000716,454.470181
0.178552,0.011908,-0.010805,411.307121
0.024776,0.016535,0.002880,448.530583
0.503867,0.008075,-0.060549,329.795835
0.980047,0.095895,-0.183424,203.665709
0.540138,0.069258,-0.067880,320.468506
0.760657,0.024112,-0.120390,262.718686
0.426892,0.041378,-0.046191,349.425545
0.354029,0.078899,-0.034089,367.808646
0.265353,0.047966,-0.021294,389.926997
0.980309,0.003902,-0.182969,203.641570
0.240596,0.089578,-0.018097,396.050532
0.074529,0.031482,-0.000866,436.577274
0.372999,0.001828,-0.035997,363.086850
0.830740,0.023505,-0.139995,243.976958
0.163885,0.065279,-0.009230,414.891401
0.819432,0.007497,-0.136735,247.014304
0.461576,0.089530,-0.052460,340.605368
0.115010,0.028782,-0.004394,426.788214
0.398586,0.080700,-0.041319,356.589000
0.502111,0.002161,-0.060560,330.228800
0.515869,0.042012,-0.062935,326.714349
0.000351,0.005598,0.000607,454.310003
0.820128,0.016477,-0.136934,246.827391
0.863271,0.014592,-0.149585,235.212736
0.374899,0.032704,-0.037409,362.564006
0.445431,0.062149,-0.049501,344.716683
0.295846,0.006452,-0.025456,382.354463
0.240743,0.064144,-0.018116,396.015043
0.151030,0.077605,-0.007897,418.028099
0.514251,0.042947,-0.062611,327.129859
0.470171,0.048805,-0.054064,338.414529
0.306118,0.048025,-0.026913,379.794447
0.567374,0.065773,-0.073625,313.434249
0.294733,0.026587,-0.025299,382.630831
0.980082,0.070850,-0.183335,203.665135
-0.000643,0.093757,-0.001114,454.518145
0.129246,0.079552,-0.005737,423.330562
0.707840,0.072125,-0.106556,276.716341
0.256046,0.099603,-0.018422,392.282483
0.751976,0.016193,-0.118061,265.027152
0.325024,0.058784,-0.029671,375.074716
0.000076,0.003668,0.000131,454.368369
0.697444,0.035733,-0.103927,279.460533
-0.000491,0.061596,-0.000851,454.486960
0.189147,0.076007,-0.011978,408.709605
0.005123,0.004960,0.004180,453.228868
0.643065,0.016928,-0.090677,293.742406
0.493082,0.001797,-0.058684,332.547805
0.293880,0.094672,-0.025179,382.840962
0.857284,0.036047,-0.147797,236.828079
0.570258,0.068074,-0.074245,312.687553
0.058849,0.042117,0.000385,440.353412
0.239060,0.050478,-0.017905,396.430835
0.256578,0.008003,-0.020142,392.101527
0.573340,0.009144,-0.074910,311.891577
0.327193,0.009776,-0.029994,374.533952
0.504790,0.081462,-0.060731,329.556557
0.443831,0.012637,-0.049212,345.125056
0.774506,0.091569,-0.124152,259.027738
0.492003,0.075121,-0.058230,332.833283
0.161643,0.053052,-0.008995,415.439380
0.070432,0.010794,-0.000533,437.565507
0.389106,0.048801,-0.039736,358.983051
0.886852,0.005278,-0.156732,228.833822
0.222291,0.023146,-0.015840,400.567073
0.130971,0.076528,-0.005904,422.911197
0.345486,0.034634,-0.032765,369.953038
0.663386,0.091690,-0.095531,288.416024
0.906208,0.091717,-0.162723,223.578133
0.439122,0.018128,-0.048364,346.321674
0.356363,0.000957,-0.033207,367.273239
0.858656,0.014928,-0.148205,236.458720
0.330310,0.099269,-0.029023,373.804066
0.746309,0.098017,-0.118546,266.398442
0.538422,0.076609,-0.067525,320.910324
0.772606,0.058586,-0.123632,259.535420
0.137843,0.059281,-0.006575,421.240398
0.422852,0.068685,-0.045483,350.449066
0.438791,0.099784,-0.047891,346.421490
0.505425,0.021928,-0.060857,329.395640
0.287734,0.035053,-0.024324,384.371595
0.454115,0.058835,-0.051084,342.506938
0.801163,0.068727,-0.131547,251.908083
0.260257,0.065605,-0.020622,391.188864
0.930095,0.019641,-0.170269,217.077876
0.634328,0.016371,-0.088627,296.026577
0.060760,0.012111,0.000235,439.894500
0.628568,0.036172,-0.087287,297.530054
0.678816,0.024573,-0.099293,284.365563
0.455766,0.022347,-0.051387,342.087886
0.163604,0.043967,-0.009201,414.960837
0.929604,0.000243,-0.168333,217.352809
0.368944,0.095424,-0.036449,364.060427
0.642645,0.095473,-0.090579,293.849546
0.801408,0.001247,-0.133131,251.739110
0.696267,0.034450,-0.103631,279.770788
0.157165,0.048738,-0.008528,416.532450
0.198316,0.093306,-0.013016,406.460076
0.087908,0.048660,-0.001984,433.347723
0.374223,0.043764,-0.037299,362.733806
0.671919,0.056704,-0.097603,286.177236
0.829289,0.027531,-0.139575,244.366684
0.413153,0.098094,-0.043097,352.934608
0.844311,0.042396,-0.143958,240.325020
0.744441,0.066835,-0.116058,267.026478
0.243721,0.092768,-0.018492,395.278364
0.569728,0.018735,-0.074131,312.826598
0.684537,0.027611,-0.100706,282.860670
0.201745,0.049880,-0.013411,405.619549
0.016492,0.001115,-0.000182,450.455398
0.346542,0.084990,-0.032927,369.686814
0.056592,0.015902,0.000559,440.896970
0.132133,0.097931,-0.005635,422.636993
0.821708,0.070381,-0.137388,246.401501
0.696373,0.018688,-0.103657,279.743554
0.020901,0.007921,0.003144,449.458243
0.651530,0.054924,-0.092685,291.525177
0.296777,0.073815,-0.025586,382.120612
0.305511,0.095048,-0.026826,379.944263
0.549018,0.041912,-0.069730,318.178769
0.282888,0.043568,-0.023656,385.575906
0.626825,0.070163,-0.086883,297.983990
0.558180,0.056150,-0.071662,315.812117
0.112286,0.031308,-0.004143,427.448760
0.210578,0.027698,-0.014442,403.449575
0.577380,0.020457,-0.075787,310.844571
0.198999,0.024723,-0.013095,406.294598
0.818249,0.085688,-0.136396,247.329240
0.921818,0.051359,-0.167635,219.332449
0.724032,0.037260,-0.110711,272.437197
0.154001,0.080141,-0.008201,417.303426
0.447847,0.076072,-0.049939,344.101594
0.641639,0.019499,-0.090341,294.115312
0.325684,0.047485,-0.029769,374.909888
0.329329,0.046672,-0.030313,373.998482
0.662168,0.005158,-0.095236,288.738624
0.697520,0.090754,-0.103946,279.438545
0.545273,0.047404,-0.068947,319.144918
0.836497,0.032292,-0.141670,242.428559
0.270506,0.043565,-0.021980,388.649463
0.079839,0.087909,-0.001303,435.294868
0.366421,0.035553,-0.036046,364.696970
0.900281,0.078580,-0.160877,225.188620
0.219300,0.021723,-0.015479,401.303709
0.245965,0.036060,-0.018777,394.725820
0.607414,0.086881,-0.082445,303.042496
0.980071,0.069285,-0.183354,203.666502
0.894687,0.065780,-0.159144,226.707272
0.639603,0.051536,-0.089862,294.646594
0.526117,0.052833,-0.065003,324.079600
0.644474,0.002136,-0.092850,293.266464
0.494233,0.072549,-0.058663,332.262533
0.865339,0.014617,-0.150205,234.654137
0.000556,0.048487,0.000963,454.265056
0.701827,0.024241,-0.105031,278.304875
0.321778,0.083599,-0.029191,375.885115
0.369008,0.037783,-0.036460,364.046299
0.323641,0.061509,-0.029466,375.420290
0.371772,0.077913,-0.036903,363.349543
0.508157,0.086525,-0.061397,328.692743
0.388161,0.049330,-0.039579,359.221562
0.453741,0.075442,-0.051015,342.601736
0.473858,0.033624,-0.054759,337.473661
0.669180,0.084739,-0.096936,286.895628
0.105594,0.090147,-0.003534,429.068416
0.364999,0.078941,-0.035819,365.052971
-0.000787,0.083833,-0.001363,454.549055
0.074654,0.076886,-0.000876,436.545699
0.273092,0.007423,-0.022327,388.009119
0.131378,0.094272,-0.005943,422.811805
0.582698,0.020248,-0.076947,309.465908
-0.000651,0.066949,-0.001128,454.520684
0.676829,0.027925,-0.098805,284.887935
0.827238,0.043482,-0.138982,244.917345
0.581760,0.047701,-0.076742,309.708175
0.164652,0.076655,-0.009311,414.703751
0.129568,0.094850,-0.005768,423.251748
0.499992,0.042077,-0.059788,330.787927
0.980748,0.073097,-0.182184,203.595813
0.082313,0.046868,-0.001511,434.699079
0.555034,0.099038,-0.071993,316.571488
0.719494,0.052980,-0.109539,273.637148
0.331497,0.026528,-0.030638,373.456962
0.758118,0.060837,-0.119707,263.392630
0.208919,0.092518,-0.014246,403.855373
0.321593,0.059095,-0.029164,375.932038
0.145078,0.094207,-0.007294,419.477901
0.753403,0.062011,-0.118443,264.646345
0.716955,0.058237,-0.108886,274.308464
0.455999,0.081432,-0.051430,342.026456
0.268651,0.009214,-0.021732,389.110697
0.589991,0.013166,-0.078552,307.573741
0.367339,0.005696,-0.036193,364.467064
0.078710,0.068326,-0.001210,435.567888
0.003578,0.016928,0.004278,453.597202
0.564686,0.015253,-0.073048,314.131352
0.810351,0.026637,-0.134144,249.448960
0.384964,0.041703,-0.039051,360.028096
0.964216,0.046302,-0.181349,207.748205
0.734563,0.053718,-0.113455,269.647164
0.706541,0.035824,-0.106225,277.060515
0.461191,0.007251,-0.052389,340.705988
0.228498,0.031644,-0.016595,399.037411
0.714773,0.079412,-0.108326,274.884542
0.158919,0.027374,-0.008710,416.105205
0.541215,0.037237,-0.068103,320.191819
0.148824,0.078723,-0.007672,418.565627
0.040738,0.030501,0.001749,444.704851
0.073954,0.015643,-0.000819,436.716452
0.917135,0.040866,-0.166154,220.608175
0.466279,0.076150,-0.053335,339.406531
0.703187,0.034017,-0.105375,277.945684
0.551678,0.024709,-0.070289,317.492673
0.290199,0.087984,-0.024666,383.756895
0.857132,0.045311,-0.147751,236.868976
0.726889,0.042526,-0.111453,271.680629
0.911760,0.063003,-0.164462,222.069607
0.732461,0.000912,-0.114948,270.073555
0.148884,0.092804,-0.007678,418.550747
0.770915,0.091818,-0.123171,259.984810
0.638212,0.085515,-0.089536,295.009118
0.152130,0.034688,-0.008010,417.761175
0.567043,0.099025,-0.074686,313.458702
0.384277,0.030584,-0.038938,360.201555
0.399485,0.063807,-0.041470,356.362461
0.976938,0.086567,-0.185571,204.256568
0.490953,0.048926,-0.058027,333.102980
0.132161,0.094687,-0.006019,422.621324
0.085761,0.046344,-0.001802,433.866463
0.310147,0.056643,-0.027493,378.789356
0.409623,0.097828,-0.042453,353.829506
0.193997,0.000905,-0.011199,407.559078
0.361761,0.043285,-0.035305,365.868124
0.697088,0.087551,-0.103838,279.552659
0.073379,0.076506,-0.000771,436.853128
0.861351,0.014865,-0.149010,235.731237
0.068481,0.075574,-0.000375,438.033698
0.554827,0.058451,-0.070953,316.678494
0.540346,0.016882,-0.067923,320.416457
0.734182,0.008566,-0.113355,269.749680
0.520765,0.098717,-0.064506,325.424975
0.980494,0.014436,-0.182637,203.622932
0.229738,0.072269,-0.016747,398.730384
0.046111,0.038881,0.001353,443.415054
0.305488,0.046789,-0.026823,379.951579
0.282491,0.059497,-0.023602,385.674088
0.811353,0.071577,-0.134429,249.178752
0.980515,-0.000002,-0.182614,203.620278
0.056459,0.017491,0.000569,440.928934
0.487853,0.019221,-0.057428,333.897202
0.214524,0.098374,-0.013413,402.519845
0.003036,0.011962,0.004313,453.726492
0.979916,0.011731,-0.183643,203.682827
0.809704,0.092612,-0.133961,249.620179
0.336777,0.072978,-0.031434,372.133753
0.959218,0.092596,-0.179705,209.115876
0.973842,0.050385,-0.184539,205.107991
0.656969,0.063832,-0.093986,290.099780
0.244963,0.015813,-0.018650,394.973952
0.929519,0.036418,-0.170086,217.234371
0.976807,0.072889,-0.185527,204.293083
0.102227,0.036661,-0.003234,429.885326
0.336343,0.079713,-0.031368,372.242378
0.372619,0.020830,-0.037040,363.138201
0.508201,0.029791,-0.061406,328.683387
0.771609,0.075566,-0.123360,259.800618
0.935402,0.071568,-0.171970,215.628068
0.532373,0.078534,-0.066280,322.468447
0.040713,0.018068,0.001751,444.711344
0.102920,0.043359,-0.003295,429.717552
0.122918,0.044175,-0.005134,424.868673
0.845051,0.098532,-0.144949,240.067554
0.824716,0.099636,-0.139416,245.509819
0.775795,0.065165,-0.124504,258.685078
0.208365,0.015018,-0.014182,403.994075
0.134431,0.053284,-0.006240,422.070737
0.629227,0.069032,-0.087440,297.356893
0.896395,0.098779,-0.159086,226.287534
0.505397,0.042482,-0.060851,329.402276
0.490249,0.018821,-0.057891,333.284229
0.152773,0.037398,-0.008075,417.604363
0.920340,0.038591,-0.167167,219.735652
0.027788,0.060250,0.002672,447.808246
-0.000137,0.096786,-0.000238,454.410680
0.268690,0.029272,-0.021737,389.100359
0.133529,0.044564,-0.006152,422.290436
0.017656,0.085068,0.003364,450.232059
0.172631,0.054013,-0.010162,412.754262
0.658640,0.099065,-0.096311,289.545843
0.165339,0.075828,-0.009384,414.536001
0.337135,0.058780,-0.031488,372.044632
0.405507,0.040094,-0.042490,354.841116
0.981080,0.081369,-0.181618,203.560332
0.698403,0.066256,-0.104168,279.206608
0.917609,0.016118,-0.166303,220.479878
0.071812,0.089843,-0.000644,437.230591
0.763406,0.037756,-0.121132,261.986576
0.909632,0.090366,-0.163795,222.647393
0.519442,0.018119,-0.063653,325.796924
0.079055,0.081388,-0.001238,435.484139
0.025512,0.021851,0.002829,448.354351
0.118074,0.023832,-0.004679,426.045184
0.329425,0.087791,-0.030327,373.973254
0.232488,0.098186,-0.015495,398.099182
0.177053,0.039806,-0.010641,411.673080
0.238238,0.051095,-0.017802,396.633954
0.159199,0.044157,-0.008739,416.036315
0.450962,0.047260,-0.050507,343.310019
0.148116,0.082130,-0.007601,418.738119
0.485442,0.077345,-0.056965,334.511953
0.284586,0.088116,-0.023889,385.152593
0.016676,0.029424,0.003428,450.468159
0.353356,0.079916,-0.033984,367.977594
0.741715,0.087770,-0.115337,267.749317
0.779439,0.045350,-0.125504,257.713919
0.060176,0.016889,0.000281,440.034986
0.677475,0.065410,-0.098964,284.716866
0.816893,0.075076,-0.136009,247.693228
0.676032,0.075621,-0.098610,285.095851
0.233331,0.086120,-0.017190,397.843808
0.344764,0.054773,-0.032653,370.133607
0.312472,0.079887,-0.027829,378.208742
0.357373,0.039100,-0.034613,366.970414
0.340280,0.002150,-0.030597,371.310014
0.772168,0.080464,-0.123513,259.651373
0.389166,0.013766,-0.039746,358.969073
0.058033,0.023907,0.000448,440.550226
0.060454,0.011101,0.000259,439.968171
0.337052,0.017589,-0.031476,372.066920
0.410214,0.080285,-0.043294,353.649404
0.567929,0.049507,-0.073744,313.291088
0.071304,0.068925,-0.000603,437.353689
0.789068,0.085696,-0.128166,255.141735
0.308232,0.080244,-0.027217,379.266260
0.375271,0.039977,-0.037469,362.470088
0.218502,0.013369,-0.015384,401.500483
0.518859,0.049007,-0.063535,325.945848
0.197967,0.020502,-0.012977,406.547940
0.871681,0.058892,-0.152115,232.938718
0.341926,0.029813,-0.032218,370.845524
0.010137,0.052494,0.003859,452.030031
0.859383,0.053437,-0.148423,236.261099
0.551294,0.033098,-0.070208,317.591563
0.082655,0.021549,-0.001540,434.617106
0.535025,0.046486,-0.066825,321.786608
0.371724,0.066060,-0.036896,363.362113
0.519970,0.073137,-0.063759,325.659363
0.893204,0.041039,-0.158686,227.110444
0.231031,0.053889,-0.016906,398.412140
0.784434,0.014930,-0.126881,256.381791
-0.000074,0.089144,-0.000128,454.397443
0.743681,0.049305,-0.115856,267.228911
0.765512,0.048600,-0.121702,261.425669
-0.000571,0.085912,-0.000989,454.503061
0.883846,0.043762,-0.155812,229.646996
0.196710,0.066067,-0.012833,406.855039
0.236021,0.059062,-0.017525,397.180864
0.450658,0.029532,-0.050451,343.387835
0.070330,0.006489,-0.000525,437.590282
0.265437,0.064543,-0.021305,389.905635
0.275816,0.070835,-0.022693,387.331226
0.485247,0.058642,-0.056927,334.562577
0.594047,0.057053,-0.079451,306.519075
0.725586,0.054843,-0.111114,272.025224
0.469008,0.026802,-0.053846,338.711903
0.374328,0.099007,-0.036224,362.748975
0.552104,0.078660,-0.070379,317.381000
0.065234,0.047387,-0.000117,438.816583
0.781377,0.000667,-0.127782,257.078897
0.952456,0.070388,-0.177491,210.967729
0.348257,0.040986,-0.033192,369.258162
0.096725,0.073329,-0.002747,431.215745
0.664772,0.013231,-0.095866,288.054940
0.674535,0.058190,-0.098243,285.489660
0.111943,0.008561,-0.004112,427.532620
0.434447,0.080193,-0.047529,347.507197
0.214200,0.090406,-0.014869,402.556690
0.559416,0.037295,-0.071925,315.493431
0.207968,0.068334,-0.014135,404.089913
0.908355,0.035366,-0.163394,222.996500
0.175646,0.081589,-0.010488,412.015966
0.785740,0.075771,-0.127243,256.031086
0.309260,0.019899,-0.027365,379.011763
0.445905,0.051184,-0.049587,344.596553
0.413854,0.072873,-0.043920,352.728352
0.325224,0.080786,-0.029701,375.023968
0.749505,0.064033,-0.117402,265.682031
0.430205,0.047417,-0.046776,348.584909
0.693131,0.042459,-0.102845,280.596989
0.743725,0.079614,-0.115868,267.216189
0.980515,0.100002,-0.182614,203.616872
0.052550,0.042816,0.000869,441.867993
0.539669,0.056097,-0.067783,320.589834
0.664448,0.046846,-0.095787,288.138876
0.004820,0.056643,0.004200,453.299580
0.797042,0.036046,-0.130390,253.011812
0.297820,0.050400,-0.025733,381.861572
0.361140,0.039261,-0.035207,366.024169
0.148407,0.067860,-0.007630,418.667705
0.732869,0.064930,-0.113012,270.095854
0.590272,0.058356,-0.078614,307.499278
0.613269,-0.000004,-0.085371,301.430746
0.577366,0.046845,-0.075784,310.847377
0.981253,0.015451,-0.181321,203.544257
0.168586,0.068906,-0.009729,413.742754
0.158174,0.091106,-0.008632,416.284943
0.806741,0.048238,-0.133121,250.415408
0.900546,0.078773,-0.160959,225.116614
0.616055,0.098100,-0.086030,300.699751
0.962796,0.027356,-0.180881,208.138050
-0.000853,0.019999,-0.001478,454.565030
0.157659,0.094865,-0.008579,416.410667
0.357978,0.058503,-0.034708,366.817933
0.783510,0.084569,-0.126626,256.626038
0.551324,0.038732,-0.070214,317.583682
0.706006,0.013162,-0.106090,277.202378
0.154485,0.098523,-0.007447,417.204745
0.325519,0.092466,-0.029744,374.949764
0.703338,0.090527,-0.105414,277.904098
0.423542,0.072246,-0.045603,350.274007
0.914245,0.060296,-0.165243,221.393798
0.094757,0.070780,-0.002575,431.691723
0.749295,0.000752,-0.119325,265.609212
0.479532,0.089623,-0.055834,336.022689
0.000499,0.004127,0.000864,454.278619
0.749693,0.002036,-0.119429,265.503441
0.302909,0.000031,-0.024877,380.650613
0.424721,0.020448,-0.045810,349.976876
0.235033,0.073433,-0.017402,397.424189
0.072081,0.081704,-0.000666,437.165950
0.666022,0.051729,-0.096169,287.725653
0.794465,0.037159,-0.129669,253.700910
0.070861,0.053482,-0.000567,437.460805
0.189880,0.080993,-0.012060,408.529949
0.261027,0.046169,-0.020723,390.998893
0.178445,0.049164,-0.010793,411.332026
0.951769,0.019972,-0.177266,211.157677
0.087824,0.055796,-0.001977,433.367879
0.353850,0.011637,-0.034062,367.855733
0.062942,0.091069,0.000065,439.366849
0.947594,0.095329,-0.175909,212.296837
0.764475,0.091936,-0.121422,261.700241
0.688017,0.000191,-0.103612,281.819442
0.677962,0.010764,-0.099083,284.590541
0.155363,0.099733,-0.007522,416.990876
0.483770,0.010166,-0.056644,334.941765
0.040906,0.074612,0.001737,444.663164
0.292879,0.053357,-0.025039,383.091458
0.207833,0.008917,-0.014119,404.125156
0.057718,0.015019,0.000472,440.626282
0.673693,0.089120,-0.098037,285.709925
0.324338,0.036466,-0.029570,375.246879
0.407288,0.017015,-0.042794,354.391641
0.452117,0.032794,-0.050718,343.016597
0.420747,0.099743,-0.044496,351.007976
0.435090,0.082537,-0.047643,347.343700
0.117345,0.095260,-0.004610,426.219663
0.207993,0.072168,-0.014138,404.083764
0.367477,0.035363,-0.036215,364.431420
0.510857,0.087203,-0.061934,327.999855
0.806291,0.015368,-0.132993,250.537076
0.189383,0.059697,-0.012004,408.652481
0.039735,0.049975,0.001822,444.944922
0.482008,0.071022,-0.056307,335.390353
0.182770,0.067985,-0.011268,410.272530
0.684473,0.047318,-0.100690,282.876848
0.080650,0.086203,-0.001371,435.099064
0.272492,0.088853,-0.022245,388.155384
0.423474,0.085533,-0.045591,350.290897
0.799453,0.024181,-0.131066,252.367361
0.044579,0.016082,0.001467,443.783437
0.369440,0.030533,-0.036529,363.937852
0.308448,0.005520,-0.027249,379.214761
0.163782,0.082295,-0.009219,414.916028
0.148651,0.027921,-0.007655,418.609540
0.269745,0.077994,-0.021877,388.837085
0.650637,0.044973,-0.092472,291.759482
0.717283,0.084883,-0.108971,274.220713
0.015259,0.068109,0.003523,450.805749
0.382267,0.075720,-0.038608,360.706585
0.062824,0.000519,-0.001531,439.367947
0.880884,0.015917,-0.154907,230.450201
0.000558,0.035162,0.000966,454.265190
0.002891,0.017462,0.004322,453.761128
0.496908,0.016139,-0.059184,331.579093
0.981321,0.061546,-0.181184,203.537379
0.459686,0.025592,-0.052110,341.088944
0.474331,0.030729,-0.054848,337.353178
0.573900,0.060975,-0.075032,311.744860
0.505902,0.029547,-0.060951,329.273049
0.698237,0.015087,-0.104126,279.252140
0.163420,0.064792,-0.009181,415.005135
0.532224,0.035966,-0.066250,322.508195
0.364489,0.016913,-0.035738,365.183351
0.017140,0.078863,0.003398,450.355494
0.705307,0.035028,-0.105912,277.386341
0.706349,0.050714,-0.106177,277.110790
0.679230,0.081691,-0.099396,284.254756
0.423520,0.071432,-0.045599,350.279508
0.303725,0.032192,-0.026571,380.391337
0.514448,0.080511,-0.062650,327.078060
0.624901,0.034776,-0.086439,298.487105
0.286474,0.026990,-0.024150,384.685284
0.126511,0.060588,-0.005475,423.995674
0.494923,0.002023,-0.059065,332.075312
0.900064,0.031226,-0.160809,225.249296
0.980377,0.033430,-0.182822,203.636107
-0.000669,0.095576,-0.001159,454.523658
0.313365,0.076865,-0.027959,377.985842
0.048738,0.015549,0.001157,442.784654
0.445105,0.024289,-0.049442,344.800809
0.513936,0.011121,-0.062548,327.211613
0.696368,0.073240,-0.103657,279.742906
0.462052,0.033554,-0.052548,340.485784
0.274941,0.012600,-0.022576,387.550294
0.651441,0.089860,-0.092664,291.547329
0.763790,0.067047,-0.121237,261.883217
0.060739,0.093575,0.000238,439.897086
0.540195,0.028653,-0.067892,320.455095
0.140588,0.093003,-0.006846,420.571219
0.577066,0.056206,-0.075719,310.924804
0.338846,0.086881,-0.031748,371.615421
0.149562,0.040052,-0.007748,418.387035
0.219623,0.011637,-0.015518,401.224539
-0.000726,0.087702,-0.001257,454.535856
0.605058,0.036384,-0.081914,303.657153
0.176216,0.016566,-0.010551,411.878443
0.044024,0.020234,0.001508,443.916700
0.454753,0.054139,-0.051201,342.344600
0.396786,0.059262,-0.041016,357.044304
0.111015,0.064834,-0.004027,427.755848
0.149579,0.084149,-0.007749,418.381444
0.817932,0.029646,-0.136305,247.416028
0.979845,0.047906,-0.183737,203.691218
0.405261,0.076742,-0.042448,354.902297
0.580870,0.042267,-0.076548,309.939240
0.328654,0.047824,-0.030212,374.167453
0.452490,0.027262,-0.050786,342.921771
0.628555,0.071667,-0.087284,297.532342
0.230802,0.066209,-0.016878,398.468071
0.201474,0.047440,-0.013380,405.686223
0.033797,0.067681,0.002250,446.368252
0.191930,0.018424,-0.012291,408.029108
0.309898,0.058295,-0.027457,378.851537
-0.000378,0.080746,-0.000654,454.462200
0.375787,0.024563,-0.037552,362.340721
0.342728,0.031553,-0.032341,370.644521
0.484240,0.095458,-0.056734,334.818789
0.353752,0.008457,-0.034046,367.880501
0.697384,0.057715,-0.103912,279.475455
0.899307,0.057441,-0.160574,225.453744
0.610280,0.016846,-0.083094,302.298751
0.800215,0.060663,-0.131280,252.162146
0.247902,0.050274,-0.019024,394.246432
0.294833,0.060123,-0.025313,382.604986
0.664308,0.057861,-0.095754,288.175184
0.412267,0.076104,-0.043646,353.129910
0.378139,0.002106,-0.036878,361.791368
0.161131,0.025114,-0.008941,415.565326
0.054113,0.044068,0.000750,441.492251
0.491299,0.027250,-0.058094,333.015167
0.349944,0.035615,-0.033453,368.835262
0.821327,0.054740,-0.137279,246.504172
0.750741,0.090129,-0.117732,265.352691
0.546246,0.025965,-0.069150,318.894749
0.027297,0.014867,0.002705,447.927034
0.467776,0.038660,-0.053615,339.025929
0.862994,0.088808,-0.149502,235.285148
0.167343,0.002079,-0.008593,414.074548
0.822469,0.047680,-0.137607,246.198027
0.256212,0.050854,-0.020094,392.190900
0.570616,0.070356,-0.074322,312.594900
0.704512,0.093395,-0.105711,277.594082
0.307995,0.013539,-0.027183,379.327489
0.823203,0.045441,-0.137818,246.001018
0.440266,0.000825,-0.048173,346.049059
0.917614,0.057604,-0.166305,220.477181
0.154992,0.092779,-0.008303,417.061378
0.795216,0.071648,-0.129879,253.499038
0.094481,0.020083,-0.002551,431.759971
0.578931,0.008702,-0.076125,310.442921
0.776413,0.075002,-0.124674,258.519939
0.917732,0.007699,-0.166342,220.446740
0.277139,0.080339,-0.022872,387.002548
0.558263,0.011473,-0.071680,315.792215
0.373203,0.016668,-0.037134,362.991512
0.613900,0.040885,-0.083916,301.355036
-0.000793,0.035474,-0.001373,454.551743
0.186054,0.078125,-0.011632,409.467819
0.422638,0.059176,-0.045445,350.503584
0.115312,0.006920,-0.004423,426.715805
0.679245,0.077802,-0.099399,284.250955
0.659507,0.031239,-0.094595,289.435532
0.115819,0.026494,-0.004469,426.592213
0.317509,0.008147,-0.028564,376.953763
0.424411,0.076589,-0.045756,350.053496
0.918802,0.008172,-0.166680,220.155516
0.098045,0.014690,-0.002863,430.898138
0.706367,0.097935,-0.108252,276.973886
0.924569,0.088035,-0.168509,218.581846
0.807515,0.025607,-0.133340,250.208768
0.382847,0.069508,-0.038703,360.560750
0.028263,0.054558,0.002639,447.694512
0.957331,0.098111,-0.176099,209.874383
0.406805,0.072016,-0.042711,354.512001
0.561052,0.001536,-0.073338,315.015522
0.341717,0.040927,-0.032186,370.897535
0.530703,0.077036,-0.065938,322.898667
0.706494,0.083852,-0.106214,277.071372
0.925673,0.000857,-0.167236,218.411731
0.306656,0.074970,-0.026991,379.659309
0.537891,0.097827,-0.068210,321.006024
0.592455,0.089509,-0.079097,306.931506
0.124460,0.056008,-0.005280,424.493997
0.137818,0.016715,-0.006573,421.247948
0.980604,0.055760,-0.182424,203.612133
0.955354,0.030972,-0.178438,210.176031
0.472823,0.009936,-0.054563,337.738900
0.895457,0.085006,-0.159382,226.497712
0.054824,0.064782,0.000696,441.320660
0.266934,0.066425,-0.021503,389.534443
0.398670,0.009504,-0.041333,356.570223
0.128313,0.013503,-0.005648,423.559334
0.980660,0.024244,-0.182339,203.606415
0.361993,0.017052,-0.035342,365.810579
0.123034,0.069215,-0.005145,424.839908
0.148010,0.010672,-0.007591,418.766114
0.463622,0.072952,-0.052840,340.084114
0.027479,0.058515,0.002694,447.882281
0.183318,0.060824,-0.011329,410.138426
0.426227,0.024194,-0.046074,349.594859
0.110544,0.026745,-0.003984,427.871015
0.796927,0.080079,-0.130358,253.041015
0.918243,0.089117,-0.166504,220.304718
0.308076,0.046789,-0.027195,379.306194
0.477614,0.084124,-0.055470,336.512858
0.193886,0.064319,-0.012512,407.548110
0.597294,0.099864,-0.081623,305.593780
0.308312,0.023140,-0.027229,379.248057
0.245139,0.028732,-0.018672,394.930001
0.400843,0.019377,-0.041699,356.020790
0.873008,0.089477,-0.152517,232.578847
0.238689,0.061397,-0.017858,396.522298
0.610351,0.056891,-0.083110,302.278943
0.700165,0.089637,-0.104612,278.741161
0.271197,0.086986,-0.022072,388.476792
0.974356,0.058647,-0.184710,204.966614
0.105449,0.091786,-0.003521,429.103556
0.348884,0.040708,-0.033289,369.100809
0.507859,0.047392,-0.061338,328.770526
0.855854,0.058730,-0.147371,237.213329
0.000421,0.029212,0.000729,454.294416
0.035817,0.086522,0.002106,445.883388
0.973286,0.066322,-0.184354,205.259851
0.375887,0.054913,-0.037569,362.314465
0.748838,0.078313,-0.117225,265.858606
0.821839,0.066911,-0.137426,246.366488
0.683544,0.099129,-0.102490,282.994806
0.142903,0.041222,-0.007077,420.009280
0.844281,0.087310,-0.143950,240.331511
0.620586,0.063148,-0.085445,299.611662
0.670079,0.085404,-0.097155,286.659580
0.980491,0.039105,-0.182620,203.624240
0.554258,0.045564,-0.070833,316.825754
0.489857,0.052450,-0.057815,333.383259
0.052709,0.063038,0.000857,441.829169
0.316263,0.025254,-0.028382,377.264338
0.188806,0.022277,-0.011940,408.794927
0.429188,0.048263,-0.046596,348.843003
0.220579,0.047652,-0.015633,400.988113
0.439870,0.029167,-0.048499,346.131251
0.186082,0.067628,-0.011635,409.461142
0.334279,0.090204,-0.031056,372.758583
0.519837,0.059576,-0.063732,325.694102
0.351642,0.005670,-0.033717,368.410126
-0.000000,0.100000,-0.000000,454.381467
0.239887,0.018244,-0.018009,396.227883
0.693949,0.001680,-0.105106,280.255105
0.814187,0.020283,-0.135235,248.420852
0.741628,0.062914,-0.115314,267.773199
0.154865,0.067969,-0.008290,417.093073
0.373480,0.071897,-0.037179,362.919811
0.581890,0.016019,-0.076771,309.675479
0.866957,0.050915,-0.150691,234.215958
0.656065,0.022788,-0.093768,290.338262
0.547973,0.088597,-0.069512,318.446914
0.101081,0.067808,-0.003131,430.161769
0.379506,0.068323,-0.038157,361.402730
0.058212,0.030340,0.000434,440.506943
0.309177,0.042597,-0.027353,379.031830
0.579687,0.024447,-0.076289,310.246405
0.499489,0.055026,-0.059689,330.916616
0.377941,0.093634,-0.037902,361.796089
0.599038,0.063689,-0.080563,305.221911
0.389657,0.075503,-0.039827,358.843404
0.834287,0.062729,-0.141026,243.022031
0.204656,0.042426,-0.013749,404.904749
0.873702,0.039261,-0.152726,232.392680
0.375457,0.086457,-0.037499,362.421757
0.980270,0.048053,-0.183002,203.647150
0.761861,0.004840,-0.120715,262.398927
0.235661,0.055229,-0.017480,397.269803
0.979911,0.029743,-0.183632,203.684407
0.648275,0.013214,-0.091910,292.379034
0.688425,0.018676,-0.101671,281.837530
0.554918,0.039481,-0.070972,316.655413
0.634348,0.044493,-0.088632,296.020304
0.173859,0.067119,-0.010295,412.453613
0.914540,0.025504,-0.165335,221.314874
0.374975,0.010829,-0.037421,362.545596
0.546404,0.038381,-0.069183,318.853509
0.545944,0.075783,-0.069087,318.971051
-0.001069,0.063699,-0.001852,454.609625
0.466158,0.098935,-0.053225,339.440691
0.788693,0.091424,-0.128062,255.241676
0.534108,0.094734,-0.066636,322.021202
0.097043,0.047450,-0.002775,431.139483
0.451120,0.009108,-0.050536,343.271075
0.041992,0.010555,0.001657,444.404485
0.498514,0.088942,-0.059498,331.165365
0.064620,0.032225,-0.000068,438.964697
0.980694,0.002965,-0.182304,203.601528
0.864933,0.093482,-0.150084,234.761191
0.862181,0.079288,-0.149259,235.504791
0.371015,0.053002,-0.036782,363.540979
0.705479,0.092934,-0.105956,277.339003
0.002701,0.061539,0.004335,453.804902
0.895768,0.082998,-0.159478,226.413381
0.346902,0.028466,-0.032983,369.598323
0.006181,0.047555,0.004114,452.974966
0.472408,0.024700,-0.054485,337.844263
0.768999,0.069489,-0.122649,260.496101
0.377968,0.040296,-0.037907,361.790942
0.105173,0.061011,-0.003497,429.171436
0.540267,0.056127,-0.067907,320.435676
0.547603,0.042775,-0.069434,318.544082
0.034785,0.044308,0.002179,446.132256
0.843053,0.071089,-0.143589,240.662731
0.803769,0.017389,-0.132281,251.212234
0.858155,0.099729,-0.148535,236.555577
0.746706,0.039844,-0.116658,266.426209
0.450096,0.039227,-0.050349,343.530742
0.770388,0.007701,-0.123027,260.128161
0.148910,0.011153,-0.007682,418.546743
0.073601,0.093235,-0.000789,436.799049
0.480886,0.005567,-0.056093,335.679314
0.341436,0.024369,-0.032143,370.968473
0.230890,0.092481,-0.016889,398.445594
0.595725,0.000672,-0.081258,306.005773
0.168144,0.040650,-0.009682,413.851817
0.090923,0.046376,-0.002243,432.619328
0.676700,0.045965,-0.098773,284.921252
0.961749,0.022742,-0.180536,208.425047
0.119579,0.022400,-0.004820,425.679980
0.177113,0.000092,-0.009512,411.689411
0.837040,0.038035,-0.141828,242.282322
0.359462,0.010869,-0.034942,366.446644
0.083484,0.028003,-0.001609,434.416947
0.018845,0.037326,0.003283,449.949134
0.001489,0.095531,0.004411,454.093259
0.808794,0.053154,-0.133702,249.865258
0.257456,0.024028,-0.020257,391.883857
0.163327,0.023037,-0.009172,415.029187
0.184119,0.044572,-0.011418,409.942938
0.378705,0.000666,-0.036975,361.648600
0.269421,0.001514,-0.020180,388.973664
0.191387,0.092814,-0.012229,408.160055
0.398428,0.081251,-0.041292,356.628997
0.262997,0.014835,-0.020983,390.511897
0.981282,0.058346,-0.181250,203.541610
0.242692,0.014506,-0.018362,395.535043
0.041185,0.021704,0.001716,444.597963
0.452798,0.095336,-0.050842,342.841210
0.021969,0.069559,0.003073,449.200794
0.439092,0.083145,-0.048359,346.327333
0.300861,0.015548,-0.026164,381.105437
0.688064,0.024921,-0.101581,281.932309
0.239622,0.010401,-0.017976,396.293368
0.257311,0.053935,-0.020237,391.918782
0.570936,0.008152,-0.074391,312.514150
0.383160,0.100005,-0.037745,360.521368
0.773490,0.093363,-0.123874,259.298547
0.339710,0.042678,-0.031880,371.400399
0.005832,0.051163,0.004136,453.058050
0.798697,0.030310,-0.130854,252.569323
0.981100,0.041448,-0.181566,203.561081
0.345280,0.085575,-0.032732,370.003221
0.693322,0.045647,-0.102893,280.546555
0.590139,0.035435,-0.078585,307.534684
0.146540,0.036775,-0.007442,419.123558
0.158698,0.002085,-0.007815,416.181887
-0.000000,0.100000,-0.000000,454.381467
0.492139,0.058275,-0.058257,332.799078
0.098682,0.054508,-0.002919,430.742724
0.013868,0.034286,0.003615,451.139219
0.426822,0.073968,-0.046179,349.442176
0.343698,0.032211,-0.032490,370.401341
0.035780,0.056194,0.002108,445.893340
0.779613,0.014306,-0.125552,257.668470
0.423669,0.041441,-0.045626,350.242874
0.073787,0.011483,-0.000806,436.756903
0.511231,0.008440,-0.062008,327.906423
0.094035,0.086041,-0.002512,431.865867
0.601713,0.034072,-0.081162,304.527182
0.437056,0.009984,-0.047994,346.846800
0.735006,0.030348,-0.113571,269.530648
0.463854,0.025260,-0.052883,340.026513
0.606088,0.074446,-0.082146,303.387770
0.267492,0.058604,-0.021577,389.396474
0.970276,0.019989,-0.183354,206.087434
0.170699,0.073557,-0.009955,413.226069
0.980543,0.073136,-0.182539,203.617066
0.070836,0.099077,-0.001882,437.439964
0.980515,-0.000002,-0.182614,203.620278
0.038451,0.027597,0.001915,445.253598
0.227544,0.035218,-0.016479,399.272332
0.067708,0.086647,-0.000313,438.219393
0.279751,0.050516,-0.023228,386.354877
0.073169,0.045190,-0.000755,436.904821
0.899962,0.037785,-0.160777,225.276613
0.447573,0.013855,-0.049890,344.173345
0.524417,0.033116,-0.064658,324.517399
0.719223,0.080190,-0.109470,273.707816
0.119757,0.039994,-0.004836,425.636236
0.051333,0.056458,0.000962,442.160023
0.856506,0.099176,-0.148083,236.997828
0.575089,0.098938,-0.076510,311.370057
0.316850,0.053639,-0.028467,377.116773
0.474860,0.053468,-0.054948,337.217325
0.051342,0.039204,0.000961,442.158329
0.086786,0.024895,-0.001889,433.619680
0.804604,0.026023,-0.132516,250.988560
0.237288,0.094049,-0.017682,396.866929
0.518598,0.019064,-0.063483,326.013810
0.115414,0.054566,-0.004431,426.689547
0.115748,0.093071,-0.004462,426.607177
-0.000382,0.072770,-0.000662,454.463393
0.846442,0.000349,-0.145328,239.698257
0.019043,0.027835,0.003270,449.902174
0.540358,0.021241,-0.067926,320.413153
0.563078,0.006702,-0.072705,314.547521
0.291690,0.099618,-0.023256,383.440755
0.930663,0.053836,-0.170452,216.921666
0.012479,0.046638,0.003706,451.470654
0.342405,0.036802,-0.032292,370.725302
0.864122,0.012322,-0.149840,234.982979
0.071085,0.025494,-0.000586,437.407750
0.497308,0.086678,-0.059262,331.474378
0.276742,0.098812,-0.021170,387.154770
0.640633,0.001853,-0.091919,294.273162
0.128681,0.027655,-0.005684,423.469261
0.100083,0.084257,-0.003042,430.402805
0.805139,0.009497,-0.132667,250.845774
0.979937,0.040268,-0.183581,203.681840
0.385460,0.038980,-0.039133,359.903043
0.034492,0.025942,0.002199,446.202964
0.645052,0.099872,-0.092990,293.111681
0.563183,0.005896,-0.072727,314.520292
0.532573,0.071459,-0.066321,322.417178
0.768442,0.076673,-0.122498,260.644387
0.846784,0.067708,-0.144686,239.658162
0.227992,0.000032,-0.014963,399.209730
0.475458,0.052221,-0.055061,337.064578
0.007997,0.053449,0.003997,452.541113
0.184449,0.080726,-0.011454,409.860792
0.518007,0.027131,-0.063364,326.165410
0.910551,0.075874,-0.164082,222.398206
0.269137,0.094950,-0.021796,388.987494
0.384433,0.043863,-0.038964,360.161679
0.334948,0.000900,-0.029751,372.646173
0.829916,0.085515,-0.139757,244.196361
0.424874,0.098466,-0.045264,349.960059
-0.000796,0.035590,-0.001379,454.552472
0.980026,0.018445,-0.183443,203.671886
0.239326,0.074149,-0.017938,396.364614
0.261084,0.006011,-0.020731,390.985900
-0.000700,0.014851,-0.001213,454.532724
0.205600,0.021861,-0.013859,404.673308
0.888800,0.052648,-0.157330,228.304271
0.591396,0.080558,-0.078863,307.206697
0.337503,0.088535,-0.031544,371.951567
0.981094,0.004190,-0.181610,203.560063
0.594492,0.021941,-0.079550,306.404567
0.180263,0.085886,-0.010992,410.885756
0.555482,0.019486,-0.071091,316.510564
0.227427,0.066367,-0.016464,399.300374
0.775758,0.086329,-0.124494,258.694247
0.104935,0.061775,-0.003476,429.228893
0.458713,0.013492,-0.051930,341.337295
0.352464,0.062104,-0.033845,368.201999
0.529960,0.093623,-0.065786,323.089313
0.246961,0.046329,-0.018904,394.479134
0.980878,0.013415,-0.181974,203.583025
0.790965,0.013375,-0.128693,254.637415
0.946978,0.083614,-0.175709,212.465494
0.707632,0.023984,-0.106503,276.772872
0.639365,0.085810,-0.089807,294.707524
0.696830,0.029412,-0.103772,279.622592
0.157872,0.045002,-0.008601,416.360219
0.380543,0.072159,-0.038326,361.141136
0.255602,0.020101,-0.020016,392.342777
0.440461,0.070451,-0.048604,345.979890
0.000503,0.066688,0.000872,454.275752
0.486596,0.064869,-0.057186,334.217232
0.427879,0.033150,-0.046365,349.175543
0.780843,0.001220,-0.127640,257.221108
0.358428,0.053724,-0.034779,366.704920
0.317051,0.089886,-0.028496,377.065527
0.225737,0.050311,-0.016258,399.717299
0.540394,0.080316,-0.067933,320.401988
0.234037,0.055893,-0.017278,397.670459
0.072504,0.041361,-0.000701,437.065198
-0.000441,0.063541,-0.000763,454.476143
0.756777,0.081577,-0.119347,263.748758
0.177028,0.012174,-0.010639,411.679992
0.846057,0.030343,-0.144472,239.855102
0.431972,0.081846,-0.047089,348.135234
0.527376,0.037540,-0.065259,323.756215
0.041111,0.025965,0.001722,444.615443
0.025769,0.050544,0.002812,448.291793
0.860146,0.053902,-0.148650,236.055109
0.666407,0.092005,-0.096262,287.623218
0.802976,0.088322,-0.132058,251.422247
0.184734,0.082861,-0.011485,409.790851
0.703286,0.053676,-0.105400,277.918964
0.356086,0.085093,-0.034411,367.292027
0.508099,0.070442,-0.061386,328.708167
0.009551,0.041808,0.003897,452.170322
0.795906,0.077330,-0.130072,253.314372
0.786906,0.020136,-0.127565,255.721615
0.461721,0.021361,-0.052487,340.570550
0.278171,0.015806,-0.023013,386.748316
0.026324,0.022076,0.002773,448.159932
0.202042,0.031163,-0.013446,405.547091
0.440945,0.048141,-0.048692,345.857421
0.514337,0.088198,-0.062628,327.106081
0.016365,0.026466,0.003449,450.542548
-0.000987,0.086504,-0.001709,454.591359
0.233687,0.056677,-0.017235,397.756934
0.189893,0.069890,-0.012061,408.527011
0.730894,0.045891,-0.112496,270.619880
0.773228,0.083564,-0.123802,259.368729
0.057258,0.083750,0.000509,440.734822
0.032612,0.076696,0.002334,446.651943
0.574489,0.084910,-0.075159,311.591575
0.097221,0.001249,-0.003271,431.087926
0.209941,0.043426,-0.014367,403.605758
0.167696,0.021342,-0.009634,413.961911
0.308203,0.091229,-0.027213,379.273181
0.442831,0.020336,-0.049031,345.378977
0.173045,0.018873,-0.010207,412.654049
0.683448,0.046423,-0.100436,283.146411
0.140518,0.040592,-0.006840,420.589932
0.401838,0.060089,-0.041867,355.768074
0.082882,0.042055,-0.001559,434.561833
0.313236,0.088570,-0.027940,378.017858
0.540928,0.038958,-0.068044,320.265736
0.422517,0.091472,-0.045424,350.533167
0.734957,0.006735,-0.113558,269.544293
0.294421,0.054888,-0.025255,382.707617
0.134729,0.069621,-0.006269,421.997703
0.246297,0.009365,-0.018819,394.644580
0.122588,0.063654,-0.005102,424.948371
0.279278,0.017593,-0.023164,386.473347
0.625631,0.075105,-0.086607,298.295464
0.517324,0.051928,-0.063227,326.340159
0.777780,0.027594,-0.125048,258.157014
0.296524,0.058064,-0.025551,382.184052
0.393480,0.088987,-0.040463,357.878151
0.095502,0.083634,-0.002639,431.511146
0.109915,0.047696,-0.003926,428.022915
0.505486,0.063867,-0.060869,329.378587
0.810240,0.050857,-0.134112,249.478006
0.486436,0.027821,-0.057156,334.259467
0.359229,0.020764,-0.034905,366.504928
0.596384,0.018427,-0.079971,305.913130
0.895872,0.070354,-0.159510,226.385565
0.686750,0.048393,-0.101255,282.277432
0.667623,0.040668,-0.096557,287.305808
0.838872,0.065444,-0.142363,241.788619
0.125749,0.041063,-0.005403,424.181418
0.693883,0.012942,-0.103033,280.400005
0.567280,0.077915,-0.073605,313.458044
0.310099,0.012832,-0.027487,378.802692
0.312840,0.072272,-0.027883,378.117196
0.453934,0.093231,-0.051050,342.552066
0.347624,0.075182,-0.033094,369.415879
0.000309,0.004653,0.000536,454.318808
0.687504,0.076741,-0.101442,282.078045
0.137351,0.005008,-0.006527,421.361758
0.072006,0.076222,-0.000660,437.184114
0.793045,0.099175,-0.130891,253.966439
0.654514,0.099899,-0.095299,290.629327
0.636455,0.012695,-0.089124,295.470871
0.051617,0.025113,0.000940,442.092821
0.423391,0.030086,-0.045577,350.313598
0.111142,0.016379,-0.004039,427.726409
0.430095,0.067751,-0.046756,348.612115
0.050613,0.087189,0.001017,442.332119
0.131895,0.020808,-0.005994,422.688354
0.351640,0.028627,-0.033717,368.409840
0.495462,0.099505,-0.059176,331.933692
0.347034,0.034708,-0.033003,369.565145
0.090867,0.087936,-0.002237,432.631632
0.661893,0.046127,-0.095170,288.809151
0.465238,0.016416,-0.053141,339.674110
0.913923,0.001368,-0.163959,221.575466
0.425049,0.011848,-0.045868,349.893930
0.088682,0.037109,-0.002051,433.161209
0.842754,0.051710,-0.143501,240.744109
0.693815,0.092416,-0.103017,280.415137
0.980673,0.051400,-0.182303,203.605124
0.020769,0.057495,0.003154,449.488266
0.522850,0.040741,-0.064341,324.920054
0.446823,0.084795,-0.049753,344.361967
0.514357,0.021815,-0.062632,327.103361
0.115293,0.011482,-0.004421,426.720273
0.915438,0.019902,-0.165618,221.070700
0.335406,0.022177,-0.031227,372.478858
0.358580,0.094470,-0.034803,366.665472
0.033861,0.059979,0.002245,446.353213
0.759324,0.079897,-0.120032,263.071235
0.562390,0.070083,-0.072558,314.723233
0.850639,0.075580,-0.145824,238.619051
0.980132,0.095056,-0.183275,203.656986
0.835819,0.015180,-0.141472,242.611707
0.843055,0.031471,-0.143589,240.663595
0.722507,0.074756,-0.110317,272.839333
0.274189,0.000631,-0.020823,387.791428
0.397884,0.018087,-0.041201,356.768291
0.638423,0.010676,-0.089585,294.956439
0.363164,0.001085,-0.034337,365.563158
0.646385,0.094220,-0.091463,292.871039
0.509471,0.015813,-0.061658,328.357936
0.459304,0.010984,-0.052039,341.186969
0.621287,0.017277,-0.085606,299.430442
0.061007,0.027329,0.000216,439.834591
0.821940,0.041281,-0.137455,246.340064
0.169641,0.032321,-0.009842,413.486177
0.234965,0.052477,-0.017393,397.441740
0.883383,0.060714,-0.155671,229.771775
0.980908,0.003923,-0.181933,203.579392
0.782883,0.045380,-0.126453,256.794890
0.199383,0.041790,-0.013139,406.199628
0.340008,0.037823,-0.031925,371.325757
0.661496,0.017271,-0.095074,288.914292
0.522751,0.006405,-0.064321,324.946803
0.340865,0.060067,-0.032056,371.110400
0.268096,0.099781,-0.020002,389.298971
0.772103,0.074033,-0.123495,259.668852
0.110318,0.055613,-0.003963,427.925072
0.060498,0.055653,0.000257,439.956278
0.183117,0.073103,-0.011306,410.187354
0.496417,0.089111,-0.059089,331.702420
0.212456,0.040592,-0.014663,402.987395
0.367901,0.038983,-0.036282,364.324617
0.187317,0.017659,-0.011773,409.160178
0.343025,0.001617,-0.031036,370.621623
0.103337,0.055054,-0.003332,429.616050
0.632641,0.026617,-0.088233,296.466956
0.000846,0.059922,0.001466,454.203176
0.467439,0.000293,-0.053481,339.116467
0.076248,0.078020,-0.001006,436.161458
0.137737,0.017088,-0.006565,421.267681
0.445442,0.026218,-0.049503,344.715105
0.273086,0.065328,-0.022325,388.008728
0.487698,0.084768,-0.057398,333.934701
0.289846,0.048629,-0.024617,383.845958
0.743916,0.079634,-0.115918,267.165611
0.230409,0.063214,-0.016830,398.565183
0.360259,0.021137,-0.035068,366.246070
0.342125,0.077679,-0.032248,370.794035
0.378328,0.089146,-0.037965,361.698736
-0.000929,0.063527,-0.001609,454.579768
0.295982,0.091931,-0.025474,382.317869
0.179985,0.090392,-0.010961,410.953708
0.873567,0.033602,-0.152685,232.429519
0.703548,0.033163,-0.105466,277.850618
0.180155,0.053593,-0.010980,410.913382
0.710654,0.066134,-0.107273,275.973249
0.538662,0.008993,-0.067575,320.850771
0.227595,0.009118,-0.016485,399.260752
0.333438,0.007928,-0.030930,372.971799
0.473674,0.042058,-0.054724,337.520460
0.818792,0.024041,-0.136551,247.185562
0.891255,0.095455,-0.158086,227.637126
0.592108,0.084720,-0.079021,307.021647
0.624434,0.020862,-0.086331,298.609555
0.291669,0.042439,-0.024871,383.392747
0.063985,0.000885,-0.001580,439.089195
0.475360,0.064845,-0.055043,337.089151
0.444013,0.030247,-0.049245,345.078291
0.025609,0.047352,0.002823,448.330299
0.192141,0.032772,-0.012315,407.977069
0.007347,0.052159,0.004039,452.696370
0.303918,0.037003,-0.026599,380.343177
0.336639,0.020248,-0.031413,372.170001
0.275413,0.016356,-0.022639,387.433054
0.228867,0.062806,-0.016640,398.945301
0.308691,0.033759,-0.027283,379.153235
0.591630,0.064840,-0.078915,307.146575
0.952552,0.029437,-0.177522,210.943055
0.303074,0.043618,-0.026479,380.553144
0.459947,0.000508,-0.051996,341.030708
0.082329,0.098843,-0.002444,434.674696
0.538324,0.074198,-0.067505,320.935806
0.702119,0.089925,-0.105105,278.225679
0.064660,0.021337,-0.000071,438.955499
0.003328,0.086959,0.004296,453.654654
0.215168,0.081721,-0.014985,402.318855
0.586189,0.063798,-0.077714,308.558825
0.802461,0.060772,-0.131912,251.561113
0.144195,0.056715,-0.007206,419.694081
0.331838,0.017805,-0.030689,373.371739
0.385084,0.083213,-0.039071,359.996326
0.333092,0.026446,-0.030878,373.057791
0.148913,0.088480,-0.007681,418.543592
0.685045,0.030062,-0.100832,282.726792
0.362133,0.065402,-0.035364,365.773819
0.747134,0.080969,-0.116772,266.311075
0.849225,0.087497,-0.145407,238.999585
0.670954,0.042353,-0.097368,286.431222
0.250409,0.001537,-0.017702,393.679522
0.790559,0.014314,-0.128580,254.745668
0.287143,0.093050,-0.024242,384.516851
0.239620,0.008103,-0.017975,396.293912
0.677469,0.071039,-0.098962,284.718245
0.979741,0.027373,-0.183927,203.701938
0.352027,0.021338,-0.033777,368.313076
0.591597,0.018213,-0.078907,307.156495
0.233197,0.052933,-0.017174,397.877775
0.347998,0.022420,-0.033152,369.323689
0.452494,0.082281,-0.050787,342.918934
0.073055,0.071229,-0.000745,436.931385
0.207002,0.061112,-0.014022,404.327751
0.475392,0.093972,-0.055048,337.080112
0.289941,0.095140,-0.024630,383.820891
0.727544,0.099224,-0.113677,271.372783
0.237490,0.042696,-0.017708,396.818845
0.805114,0.022049,-0.132660,250.851990
0.237018,0.013423,-0.017649,396.936316
0.052230,0.065518,0.000894,441.944175
0.063357,0.058829,0.000032,439.267966
0.960840,0.058304,-0.180238,208.672893
0.310100,0.065552,-0.027486,378.800834
0.395242,0.002211,-0.039867,357.472803
0.733744,0.014523,-0.113240,269.865532
0.980515,0.100002,-0.182614,203.616872
0.488799,0.022912,-0.057611,333.655179
0.461583,0.008721,-0.052461,340.606222
0.449783,0.089070,-0.050291,343.608667
0.508031,0.088647,-0.061372,328.725087
0.043784,0.092711,0.001527,443.971965
0.635455,0.000422,-0.090668,295.629520
0.980726,0.030059,-0.182219,203.599721
0.414199,0.068255,-0.043979,352.641074
0.051809,0.000715,-0.001105,442.010602
0.260353,0.024698,-0.020635,391.166320
0.095235,0.064106,-0.002616,431.576319
0.354734,0.027156,-0.034199,367.633467
0.736730,0.074662,-0.114024,269.072121
0.076033,0.071557,-0.000989,436.213351
0.900325,0.006084,-0.160889,225.179298
0.670556,0.098751,-0.099253,286.413816
0.502997,0.020052,-0.060378,330.018353
0.408203,0.001743,-0.042194,354.192478
0.230393,0.059740,-0.016828,398.569123
0.215613,0.014913,-0.015038,402.211536
0.311215,0.023914,-0.027648,378.524081
0.376960,0.056661,-0.037743,362.044334
0.534498,0.022797,-0.066716,321.923112
0.705626,0.052422,-0.105993,277.301580
0.084128,0.010088,-0.001664,434.261890
0.527391,0.059135,-0.065262,323.751473
0.068914,0.071994,-0.000410,437.929489
0.861220,0.010799,-0.148971,235.766794
0.058637,0.045130,0.000401,440.404301
0.361305,0.029006,-0.035233,365.983152
0.297884,0.031114,-0.025743,381.846280
0.566270,0.093116,-0.073388,313.719022
0.677394,0.056251,-0.098944,284.738421
0.122623,0.021080,-0.005106,424.941101
0.001037,0.029458,0.001796,454.163773
0.400626,0.029542,-0.041663,356.075303
0.525532,0.017356,-0.064884,324.231120
0.065053,0.073051,-0.000102,438.859198
0.814329,0.094911,-0.135277,248.380240
0.015239,0.088896,0.003525,450.809747
-0.000477,0.027630,-0.000825,454.484862
0.670818,0.031042,-0.097334,286.467277
0.831873,0.054341,-0.140324,243.671235
0.255949,0.029932,-0.020061,392.256510
0.176774,0.084501,-0.010611,411.739851
0.097372,0.085753,-0.002803,431.058703
0.859364,0.004487,-0.148416,236.267864
0.654572,0.024947,-0.093411,290.729228
0.511729,0.099964,-0.062583,327.752005
0.000357,0.004700,0.000618,454.308701
0.507784,0.011429,-0.061324,328.790862
0.291025,0.026460,-0.024781,383.553388
0.893617,0.000711,-0.158316,227.037882
0.458199,0.065934,-0.051835,341.466552
0.728379,0.025020,-0.111840,271.286754
0.878965,0.032214,-0.154323,230.968914
0.102824,0.094040,-0.003286,429.739143
0.245823,0.000117,-0.017125,394.812558
0.157705,0.052505,-0.008584,416.400768
0.559185,0.034410,-0.071876,315.553175
0.808137,0.036125,-0.133516,250.041775
0.595722,0.040802,-0.079823,306.084246
0.546593,0.067702,-0.069223,318.803831
0.318706,0.049605,-0.028739,376.653424
0.427867,0.010020,-0.046363,349.179202
0.824331,0.008990,-0.138143,245.699300
0.046318,0.062222,0.001338,443.364636
0.774315,0.005637,-0.124098,259.081794
0.788334,0.036501,-0.127962,255.339549
0.210365,0.054768,-0.014416,403.501155
0.335608,0.022937,-0.031257,372.428226
0.136971,0.043700,-0.006489,421.453142
0.471360,0.065368,-0.054288,338.110551
0.024781,0.030036,0.002880,448.528973
0.205569,0.028918,-0.013855,404.680699
0.361919,0.047835,-0.035330,365.828166
0.067579,0.061519,-0.000303,438.251261
0.155850,0.099046,-0.007565,416.872475
0.876158,0.084026,-0.153471,231.726912
0.450290,0.062256,-0.050384,343.480446
0.565679,0.016737,-0.073261,313.874531
0.075843,0.021046,-0.000974,436.260886
0.064918,0.001071,-0.001620,438.864928
0.939211,0.074554,-0.173196,214.588128
0.076073,0.008979,-0.000993,436.205694
0.439085,0.043419,-0.048358,346.330295
0.624022,0.051223,-0.086236,298.715870
0.636892,0.099466,-0.091014,295.249883
0.468949,0.047537,-0.053835,338.726386
0.688359,0.005111,-0.101655,281.855230
0.239612,0.030443,-0.017974,396.295229
0.555746,0.087680,-0.071147,316.439962
0.436055,0.053500,-0.047815,347.099669
0.874237,0.053143,-0.152888,232.247739
0.054109,0.015172,0.000750,441.494072
0.325946,0.065292,-0.029808,374.843855
0.092654,0.006647,-0.002393,432.202207
0.396579,0.035049,-0.040982,357.097348
0.016395,0.038764,0.003447,450.535087
0.602221,0.038143,-0.081276,304.395035
0.309985,0.065037,-0.027470,378.829573
0.494301,0.008787,-0.058676,332.247194
0.237276,0.044557,-0.017681,396.871465
0.076836,0.019435,-0.001056,436.021297
0.566948,0.043285,-0.073533,313.545107
0.095918,0.078644,-0.002676,431.410594
0.539801,0.080583,-0.067810,320.555005
0.191807,0.016457,-0.012277,408.059417
0.411080,0.036229,-0.043443,353.431708
0.025049,0.073623,0.002862,448.463471
0.519232,0.089921,-0.063610,325.848486
0.250514,0.056825,-0.019358,393.600394
0.172545,0.053252,-0.010153,412.775429
0.333044,0.099782,-0.029451,373.119684
0.038751,0.053305,0.001894,445.180941
0.484224,0.067868,-0.056731,334.823890
0.702350,0.047352,-0.105163,278.166249
0.258616,0.052225,-0.020408,391.595748
0.405967,0.022534,-0.042568,354.725601
0.085625,0.087670,-0.001789,433.898018
-0.000696,0.026419,-0.001206,454.531511
0.228422,0.020371,-0.016586,399.056371
0.267625,0.002117,-0.019939,389.418977
0.919283,0.074147,-0.166833,220.022199
0.713228,0.021956,-0.107930,275.294762
0.749954,0.029285,-0.117522,265.564037
0.059196,0.030271,0.000358,440.270323
0.488760,0.031891,-0.057603,333.664707
0.144729,0.060415,-0.007259,419.563975
0.160747,0.067494,-0.008901,415.657595
0.498417,0.086532,-0.059479,331.190173
0.276711,0.065815,-0.022815,387.109243
0.389107,0.066762,-0.039736,358.982256
0.728849,0.017685,-0.111962,271.162456
0.408576,0.044087,-0.043014,354.064808
0.421779,0.016590,-0.045295,350.722790
0.784164,0.015864,-0.126806,256.453802
0.980885,0.077748,-0.181951,203.581043
0.147182,0.005307,-0.007507,418.968156
0.965993,0.016100,-0.181935,207.262265
0.337751,0.067772,-0.031582,371.890141
0.326049,0.014983,-0.029824,374.819785
0.125873,0.005553,-0.005415,424.152218
0.059456,0.099129,-0.001394,440.173289
0.006591,0.067606,0.004088,452.876318
0.169817,0.023823,-0.009861,413.443357
0.645185,0.044771,-0.091178,293.186630
0.700252,0.059899,-0.104634,278.719147
0.210148,0.050314,-0.014391,403.554641
0.000334,0.032269,0.000579,454.312623
0.392800,0.091833,-0.040349,358.049645
0.672356,0.072810,-0.097710,286.061764
0.041614,0.029448,0.001685,444.494629
0.234249,0.050930,-0.017304,397.618475
0.236580,0.030254,-0.017595,397.043756
0.188135,0.085417,-0.011864,408.957372
0.874640,0.026448,-0.153010,232.139603
0.466264,0.046188,-0.053332,339.411482
0.107578,0.006990,-0.003715,428.590526
0.758557,0.053638,-0.119825,263.276207
0.179131,0.031890,-0.010869,411.164596
0.798056,0.001137,-0.132232,252.633302
0.342160,0.059791,-0.032254,370.785840
0.949448,0.048198,-0.176511,211.791434
0.000444,0.038860,0.000769,454.289200
0.021256,0.063616,0.003121,449.371603
0.980153,0.060756,-0.183207,203.658692
0.367228,0.058422,-0.036175,364.493283
0.374941,0.075993,-0.037415,362.552041
0.486123,0.012474,-0.057095,334.340009
0.456589,0.071717,-0.051538,341.876453
0.141988,0.046851,-0.006986,420.231956
0.460178,0.011262,-0.052201,340.964099
0.241879,0.016195,-0.018259,395.735869
0.971036,0.013534,-0.183606,205.879271
0.409608,0.099065,-0.042450,353.833171
0.353865,0.001696,-0.032796,367.900846
0.503670,0.052259,-0.060511,329.844684
0.762650,0.024038,-0.120928,262.188272
0.756283,0.070944,-0.119214,263.880291
0.834846,0.028814,-0.141188,242.872931
0.767740,0.000827,-0.124169,260.708395
0.526824,0.025451,-0.065147,323.898634
0.585552,0.043072,-0.077574,308.724898
0.505893,0.064109,-0.060949,329.274267
0.224026,0.060078,-0.016050,400.138473
0.237888,0.046191,-0.017758,396.720493
0.122423,0.063259,-0.005087,424.988338
0.596141,0.028387,-0.079916,305.975875
0.010250,0.079389,0.003852,452.002187
0.405898,0.032090,-0.042557,354.742655
0.525418,0.076718,-0.064861,324.258447
0.004853,0.012558,0.004198,453.293025
0.406520,0.075355,-0.042662,354.583872
0.600593,0.039389,-0.080911,304.818347
0.661468,0.085026,-0.095068,288.919377
0.370876,0.001036,-0.035636,363.621732
0.655872,0.051760,-0.093723,290.387641
0.805214,0.008838,-0.132688,250.825740
0.831258,0.026808,-0.140145,243.837761
0.459915,0.095356,-0.052152,341.028292
0.980396,0.077887,-0.182798,203.631781
0.534265,0.046988,-0.066668,321.982375
0.044108,0.090959,0.001503,443.894325
0.734726,0.001364,-0.115535,269.473269
0.586853,0.004643,-0.077860,308.388623
0.487449,0.064479,-0.057351,333.998995
0.039778,0.061081,0.001819,444.934283
0.516688,0.024262,-0.063099,326.504310
0.441354,0.012400,-0.048765,345.754693
0.850230,0.005552,-0.145703,238.731712
0.900348,0.075688,-0.160898,225.170530
0.008640,0.086036,0.003956,452.386656
0.054674,0.001218,-0.001209,441.323517
0.864057,0.042224,-0.149821,234.999496
0.971274,0.089919,-0.183686,205.811222
0.088262,0.073468,-0.002014,433.261603
0.519996,0.099838,-0.064341,325.623172
0.148054,0.077960,-0.007594,418.753277
0.069385,0.068299,-0.000448,437.816021
0.572673,0.061630,-0.074766,312.062512
0.923277,0.033488,-0.168098,218.935743
0.140264,0.080880,-0.006814,420.650503
0.786281,0.055650,-0.127392,255.887254
0.709807,0.022058,-0.107056,276.198629
0.695644,0.028402,-0.103475,279.935147
0.182089,0.038994,-0.011193,410.440231
0.493701,0.023592,-0.058560,332.400375
0.309977,0.037861,-0.027469,378.832420
0.680487,0.071412,-0.099705,283.924651
0.054020,0.085844,0.000758,441.513308
0.103332,0.023942,-0.003332,429.618206
0.912471,0.080880,-0.164685,221.875853
0.766705,0.030195,-0.122026,261.108401
0.559643,0.050076,-0.071973,315.434264
0.502807,0.015483,-0.060341,330.067278
0.253467,0.012897,-0.019739,392.871349
0.545969,0.099518,-0.069983,318.917726
0.282618,0.099250,-0.021980,385.695881
0.649955,0.095408,-0.092310,291.936335
0.048211,0.053814,0.001197,442.910185
0.676335,0.008045,-0.098684,285.018424
-0.000911,0.039528,-0.001578,454.576678
0.212768,0.049847,-0.014700,402.910366
0.373469,0.040228,-0.037177,362.923744
0.748580,0.044120,-0.117156,265.928383
0.018139,0.061880,0.003331,450.117291
0.584011,0.031401,-0.077235,309.124967
0.946520,0.084086,-0.175560,212.590769
0.290732,0.060322,-0.024740,383.625342
0.529143,0.070144,-0.065619,323.300308
0.557067,0.009876,-0.071427,316.101185
0.588585,0.068655,-0.078242,307.936835
0.081246,0.054794,-0.001421,434.956360
0.949561,0.054972,-0.176548,211.760290
0.098353,0.073449,-0.002890,430.821801
0.051219,0.011119,0.000970,442.188946
0.537294,0.037954,-0.067292,321.202442
0.116527,0.086810,-0.004534,426.418574
0.084456,0.084778,-0.001691,434.180446
0.347913,0.090208,-0.033138,369.342930
0.180823,0.053781,-0.011054,410.749736
0.009108,0.091681,0.003926,452.274541
0.547159,0.056267,-0.069341,318.657996
0.792894,0.030055,-0.129230,254.121144
0.730498,0.098448,-0.114440,270.590312
0.327469,0.045948,-0.030035,374.463691
0.753174,0.049506,-0.118381,264.707702
0.178533,0.034667,-0.010803,411.310898
0.787637,0.060522,-0.127768,255.524899
0.379355,0.011285,-0.038133,361.442565
0.980844,0.003799,-0.182043,203.586000
0.279081,0.066606,-0.023136,386.520626
0.859856,0.050772,-0.148564,236.133678
0.603385,0.023865,-0.081537,304.092714
0.284340,0.005784,-0.023856,385.216236
0.537235,0.054784,-0.067280,321.217058
0.668026,0.017880,-0.096655,287.200825
0.143001,0.081223,-0.007086,419.984170
0.000358,0.025892,0.000620,454.307849
0.380391,0.014682,-0.038302,361.181415
0.017239,0.005762,0.003390,450.334210
0.878182,0.032525,-0.154085,231.180927
0.822537,0.076406,-0.137627,246.178761
0.894563,0.064731,-0.159105,226.741147
0.754281,0.054633,-0.118678,264.413268
0.358140,0.063970,-0.034734,366.777017
0.360270,0.031182,-0.035069,366.243173
0.221094,0.013081,-0.015695,400.862337
-0.000000,-0.000000,-0.000000,454.384571
0.628519,0.033211,-0.087276,297.542890
0.851684,0.063487,-0.146134,238.337553
0.656143,0.066333,-0.093787,290.316189
0.792501,0.069771,-0.129121,254.224839
0.261451,0.038878,-0.020779,390.894032
0.062081,0.033976,0.000132,439.575874
0.764511,0.052547,-0.121431,261.691921
0.258924,0.073227,-0.020448,391.518729
0.453324,0.036918,-0.050939,342.709152
0.312917,0.067440,-0.027894,378.098046
0.313497,0.093696,-0.027978,377.952547
0.398751,0.094396,-0.041346,356.546916
-0.000858,0.017993,-0.001486,454.566088
0.270429,0.082749,-0.021969,388.667284
0.980794,0.004406,-0.182129,203.591298
0.186392,0.092933,-0.011670,409.384295
0.166273,0.010108,-0.009483,414.309935
0.014598,0.044007,0.003566,450.964348
0.155888,0.049633,-0.008396,416.844155
0.160283,0.087908,-0.008852,415.770399
0.554252,0.001008,-0.071819,316.777317
0.415699,0.036001,-0.044239,352.262355
0.895194,0.074397,-0.159301,226.569489
0.185312,0.040844,-0.011550,409.650572
0.300908,0.025418,-0.026171,381.093475
0.039479,0.071245,0.001841,445.005672
0.833996,0.015311,-0.140941,243.102025
0.450513,0.007880,-0.050425,343.425444
0.294278,0.091387,-0.025235,382.741953
0.068802,0.087132,-0.000401,437.955823
0.494203,0.054773,-0.058657,332.270762
0.243176,0.089699,-0.018423,395.413084
0.023907,0.040947,0.002940,448.738008
0.038907,0.099682,-0.000689,445.097472
0.765693,0.002059,-0.123630,261.252568
0.446071,0.098850,-0.049289,344.567393
0.247277,0.070808,-0.018944,394.400313
0.475916,0.017247,-0.055148,336.948774
0.840231,0.029285,-0.142761,241.423871
0.937354,0.097852,-0.170500,215.261393
0.713795,0.040581,-0.108075,275.144362
0.715033,0.041704,-0.108392,274.817188
0.426766,0.055720,-0.046169,349.457108
0.958879,0.052143,-0.179593,209.210207
0.868154,0.091087,-0.151052,233.890967
0.812305,0.019014,-0.134699,248.925573
0.433805,0.098510,-0.046943,347.690177
0.788053,0.021550,-0.127883,255.415093
0.725244,0.070180,-0.111026,272.115153
0.329623,0.028599,-0.030357,373.925543
0.217322,0.007621,-0.015242,401.791173
0.303177,0.057076,-0.026493,380.527049
0.308623,0.016250,-0.027274,379.170742
0.135709,0.044288,-0.006365,421.760177
0.281057,0.070438,-0.023406,386.029967
0.097131,0.011088,-0.002783,431.119518
0.535137,0.099087,-0.067609,321.717229
0.277447,0.031379,-0.022915,386.927544
0.240566,0.098098,-0.016474,396.107040
0.683738,0.075864,-0.100508,283.069164
0.345898,0.093737,-0.032827,369.848059
0.453616,0.055453,-0.050992,342.634249
0.450472,0.037207,-0.050417,343.435119
0.851512,0.028402,-0.146082,238.385126
0.128291,0.070099,-0.005646,423.562736
0.620168,0.099995,-0.087007,299.625204
0.143190,0.036496,-0.007106,419.939573
0.074429,0.069749,-0.000857,436.600157
0.425336,0.040791,-0.045918,349.820231
0.778919,0.083562,-0.125361,257.851314
0.639331,0.060783,-0.089799,294.717336
0.116765,0.040723,-0.004557,426.362129
0.254500,0.087379,-0.019872,392.613423
0.252310,0.045588,-0.019589,393.156509
0.274900,0.067255,-0.022570,387.558555
0.180281,0.040917,-0.010994,410.882840
0.700944,0.098357,-0.106874,278.405945
0.013615,0.045243,0.003631,451.199263
0.683797,0.065673,-0.100523,283.053888
0.145811,0.035331,-0.007369,419.301264
0.549919,0.060516,-0.069919,317.945781
0.522109,0.046528,-0.064191,325.110391
0.053396,0.081997,0.000805,441.663429
0.223326,0.099297,-0.014417,400.355208
0.931778,0.099359,-0.168941,216.763723
0.015656,0.057385,0.003497,450.711084
0.200779,0.038687,-0.013300,405.857164
0.002644,0.022277,0.004337,453.819797
0.305668,0.065582,-0.026849,379.905987
0.463154,0.019070,-0.052753,340.205349
0.000950,0.047361,0.001646,454.181515
0.511215,0.098246,-0.062474,327.884301
0.429772,0.056648,-0.046699,348.694354
0.516859,0.084983,-0.063133,326.458487
0.618322,0.048528,-0.084926,300.202423
0.330235,0.087372,-0.030448,373.770773
0.138689,0.073453,-0.006658,421.034038
0.755999,0.063451,-0.119138,263.956148
0.319087,0.043768,-0.028795,376.558616
0.849523,0.030258,-0.145494,238.921339
0.061735,0.001255,-0.001487,439.629366
0.280038,0.021937,-0.023267,386.284591
0.334547,0.035288,-0.031097,372.693301
0.096731,0.058487,-0.002747,431.214580
0.322187,0.042974,-0.029251,375.784098
0.333300,0.030618,-0.030909,373.005493
0.241613,0.001565,-0.016603,395.851843
0.692482,0.025380,-0.102683,280.768611
0.164677,0.011049,-0.009314,414.699621
0.100917,0.077493,-0.003116,430.201352
0.751405,0.080233,-0.117909,265.176734
0.780261,0.009544,-0.125730,257.495638
0.098843,0.010893,-0.002934,430.705224
0.628807,0.004993,-0.087342,297.468623
0.727655,0.062407,-0.111652,271.477105
0.827704,0.098883,-0.140227,244.710750
0.636203,0.024719,-0.089065,295.536315
0.848463,0.087834,-0.145182,239.204933
0.441588,0.080308,-0.048807,345.693024
0.459041,0.023787,-0.051991,341.253447
0.050935,0.034837,0.000991,442.256318
0.169058,0.010733,-0.009780,413.629228
0.063922,0.062505,-0.000012,439.132003
0.312848,0.054934,-0.027884,378.115543
0.308647,0.022099,-0.027277,379.164584
0.304159,0.087228,-0.026633,380.281284
0.043349,0.099080,-0.000821,444.034367
0.263437,0.074569,-0.021040,390.400938
0.064864,0.025352,-0.000088,438.906344
0.223044,0.042961,-0.015931,400.381060
0.118283,0.092495,-0.004698,425.992249
0.241774,0.080514,-0.018246,395.759858
0.221132,0.094588,-0.015699,400.850402
0.907962,0.053102,-0.163271,223.102895
0.270347,0.082146,-0.021958,388.687741
0.126129,0.060817,-0.005439,424.088477
0.408594,0.035176,-0.043017,354.060735
0.693775,0.095015,-0.103007,280.425525
0.275187,0.051021,-0.022609,387.487950
0.981501,0.010892,-0.180899,203.518197
0.370852,0.087467,-0.036755,363.580841
0.515708,0.026429,-0.062903,326.756217
-0.000027,0.072965,-0.000047,454.388029
0.302011,0.065998,-0.026327,380.817235
0.221258,0.054536,-0.015715,400.820526
0.764149,0.084043,-0.121334,261.787184
0.655408,0.087133,-0.093612,290.508111
0.440821,0.086503,-0.048669,345.887849
0.401331,0.099175,-0.040954,355.929267
0.676314,0.086121,-0.098679,285.021310
0.623001,0.001411,-0.087682,298.888034
0.571007,0.045942,-0.074406,312.494483
0.854652,0.022608,-0.147013,237.538802
0.457814,0.072497,-0.051764,341.564499
0.108286,0.024901,-0.003779,428.418359
0.797138,0.091627,-0.130417,252.984131
0.644383,0.072509,-0.090989,293.395678
0.952258,0.011958,-0.177426,211.024134
0.701555,0.000108,-0.107029,278.247946
0.095647,-0.000025,-0.003176,431.467782
0.217864,0.017619,-0.015307,401.657385
0.170844,0.078071,-0.009970,413.190581
0.568411,0.050894,-0.073848,313.166230
0.894827,0.078394,-0.159187,226.669065
0.653833,0.037221,-0.093234,290.922611
0.249324,0.083167,-0.019205,393.893852
0.454310,0.074702,-0.051119,342.456731
0.016008,0.053479,0.003473,450.626973
0.324240,0.070170,-0.029555,375.270096
0.005235,0.040112,0.004174,453.200937
0.570623,0.027735,-0.074324,312.594605
0.705275,0.071092,-0.105904,277.393487
0.150541,0.055150,-0.007847,418.147883
0.586214,0.086718,-0.077719,308.551677
0.273696,0.093702,-0.022407,387.856539
0.956352,0.063378,-0.178765,209.901806
0.171390,0.073286,-0.010029,413.057158
0.766987,0.006410,-0.122102,261.034130
0.809156,0.006539,-0.133804,249.769752
0.245771,0.021896,-0.018752,394.774157
0.049221,0.026962,0.001121,442.668470
0.128035,0.062032,-0.005621,423.625310
0.564569,0.093837,-0.073024,314.159013
0.535147,0.099039,-0.067611,321.714641
0.035329,0.093360,0.002141,446.000318
0.404214,0.029593,-0.042270,355.168381
0.185838,0.014141,-0.011609,409.522669
0.183816,0.053403,-0.011384,410.016697
0.371812,0.098361,-0.035795,363.382742
0.980942,0.068668,-0.181844,203.576058
