0.311015,0.030617,-0.014753,467.978013
0.218422,0.002651,-0.002472,467.978013
0.720768,0.023832,-0.034161,467.978013
0.855891,0.060998,-0.040562,467.978013
0.210119,0.001822,-0.002298,467.978013
0.939657,0.002768,-0.041969,467.978013
0.137106,0.031036,-0.006515,467.978013
0.054695,0.036743,-0.002612,467.978013
0.305064,0.064818,-0.014471,467.978013
0.443889,0.097005,-0.009633,467.978013
0.314945,0.017181,-0.014939,467.978013
0.189440,0.094237,-0.001895,467.978013
0.691608,0.095552,-0.022931,467.978013
0.330876,0.029928,-0.015693,467.978013
0.679613,0.012929,-0.032212,467.978013
0.537823,0.099149,-0.014006,467.978013
0.976545,0.029705,-0.046277,467.978013
0.959874,0.019733,-0.045487,467.978013
0.305609,0.072265,-0.014497,467.978013
0.202704,0.000632,-0.002148,467.978013
0.767229,0.018338,-0.036362,467.978013
0.329250,0.027622,-0.015616,467.978013
0.883364,0.054653,-0.041863,467.978013
0.025006,0.083745,-0.001205,467.978013
0.356444,0.080469,-0.016905,467.978013
0.790083,0.004909,-0.029803,467.978013
0.593305,0.080949,-0.028124,467.978013
0.972574,0.078710,-0.046089,467.978013
0.543254,0.052457,-0.025753,467.978013
0.099959,0.004097,-0.000594,467.978013
0.533436,0.047531,-0.025288,467.978013
0.515092,0.022428,-0.024419,467.978013
0.212552,0.039319,-0.010089,467.978013
0.354161,0.050688,-0.016796,467.978013
0.027327,0.045946,-0.001315,467.978013
0.215933,0.072693,-0.010249,467.978013
0.403884,0.025911,-0.019152,467.978013
0.841566,0.096059,-0.033752,467.978013
0.069163,0.097415,-0.000321,467.978013
0.639033,0.012517,-0.030290,467.978013
0.897076,0.005715,-0.038293,467.978013
0.504495,0.013214,-0.023917,467.978013
0.841945,0.014787,-0.039901,467.978013
0.565401,0.015686,-0.026802,467.978013
0.409509,0.046299,-0.019418,467.978013
0.242286,0.073130,-0.011497,467.978013
0.170474,0.050103,-0.008096,467.978013
0.873934,0.074258,-0.041416,467.978013
0.647574,0.030753,-0.030694,467.978013
0.767715,0.044750,-0.036385,467.978013
0.790036,0.072417,-0.037443,467.978013
0.894590,0.000585,-0.038083,467.978013
0.139699,0.079772,-0.006638,467.978013
0.196488,0.097414,-0.002028,467.978013
0.366320,0.026143,-0.017372,467.978013
0.640185,0.029551,-0.030344,467.978013
0.940033,0.087821,-0.044547,467.978013
0.414017,0.045060,-0.019632,467.978013
0.625345,0.095246,-0.018816,467.978013
0.214627,0.055868,-0.010187,467.978013
0.998263,0.027723,-0.047306,467.978013
0.828648,0.004370,-0.032740,467.978013
0.164662,0.086551,-0.007820,467.978013
0.860355,0.068301,-0.040773,467.978013
0.123752,0.085392,-0.005883,467.978013
0.626893,0.052062,-0.029715,467.978013
0.884297,0.099094,-0.037220,467.978013
0.829626,0.095641,-0.032814,467.978013
0.766027,0.060032,-0.036305,467.978013
0.892472,0.039870,-0.042295,467.978013
0.127178,0.077088,-0.006045,467.978013
0.047947,0.081286,-0.002292,467.978013
0.509946,0.018587,-0.024175,467.978013
0.487683,0.072456,-0.023121,467.978013
0.587599,0.045503,-0.027854,467.978013
0.337678,0.001728,-0.005673,467.978013
0.137303,0.087039,-0.006524,467.978013
0.259897,0.059364,-0.012331,467.978013
0.346786,0.001525,-0.005972,467.978013
0.199606,0.045151,-0.009476,467.978013
0.834384,0.026792,-0.039543,467.978013
0.254491,0.013898,-0.012075,467.978013
0.550311,0.049032,-0.026087,467.978013
0.909448,0.021442,-0.043099,467.978013
0.465138,0.095456,-0.010551,467.978013
0.689585,0.013514,-0.032684,467.978013
0.649515,0.004318,-0.020271,467.978013
0.958466,0.096719,-0.043643,467.978013
0.552719,0.017567,-0.026201,467.978013
0.060441,0.099096,-0.000259,467.978013
0.415125,0.063244,-0.019684,467.978013
0.830200,0.021881,-0.039345,467.978013
0.756510,0.066415,-0.035854,467.978013
0.913496,0.014729,-0.043290,467.978013
0.786563,0.033514,-0.037278,467.978013
0.579727,0.063948,-0.027481,467.978013
0.739140,0.038790,-0.035032,467.978013
0.862205,0.075020,-0.040861,467.978013
0.545252,0.032634,-0.025848,467.978013
0.092056,0.068384,-0.004381,467.978013
0.808492,0.082696,-0.038317,467.978013
0.026518,0.018101,-0.001277,467.978013
0.959693,0.059912,-0.045479,467.978013
0.412775,0.023949,-0.019573,467.978013
0.539056,0.051159,-0.025554,467.978013
0.382254,0.021473,-0.018127,467.978013
0.391275,0.096483,-0.007542,467.978013
0.577976,0.013917,-0.027398,467.978013
0.509394,0.033139,-0.024149,467.978013
0.144511,0.040280,-0.006866,467.978013
0.449139,0.054830,-0.021295,467.978013
0.173141,0.039402,-0.008222,467.978013
0.071929,0.013540,-0.003428,467.978013
0.339222,0.097997,-0.005725,467.978013
0.272948,0.084337,-0.012950,467.978013
0.548448,0.031289,-0.025999,467.978013
0.686409,0.081202,-0.032534,467.978013
0.639239,0.035362,-0.030300,467.978013
0.415456,0.019348,-0.019700,467.978013
0.717929,0.064985,-0.034027,467.978013
0.083636,0.028043,-0.003982,467.978013
0.950798,0.000381,-0.042958,467.978013
0.693888,0.002580,-0.023081,467.978013
0.510438,0.096410,-0.012646,467.978013
0.836998,0.028690,-0.039667,467.978013
0.222225,0.000211,-0.002554,467.978013
0.593580,0.022921,-0.028137,467.978013
0.361583,0.023811,-0.017148,467.978013
0.881527,0.077939,-0.041776,467.978013
0.050342,0.045135,-0.002405,467.978013
0.401194,0.017244,-0.019024,467.978013
0.479814,0.068985,-0.022748,467.978013
0.582254,0.000653,-0.016359,467.978013
0.216366,0.051421,-0.010269,467.978013
0.353184,0.005207,-0.006186,467.978013
0.505676,0.055764,-0.023973,467.978013
0.710346,0.042937,-0.033668,467.978013
0.048172,0.057744,-0.002303,467.978013
0.268909,0.053077,-0.012758,467.978013
0.966455,0.063560,-0.045799,467.978013
0.330045,0.063182,-0.015654,467.978013
0.270116,0.087393,-0.012815,467.978013
0.606846,0.043341,-0.028765,467.978013
0.257138,0.066399,-0.012201,467.978013
0.100085,0.005501,-0.000595,467.978013
0.863380,0.062328,-0.040917,467.978013
0.230442,0.003563,-0.002735,467.978013
0.219567,0.098265,-0.002498,467.978013
0.717142,0.036192,-0.033990,467.978013
0.597317,0.058156,-0.028314,467.978013
0.955916,0.049255,-0.045300,467.978013
0.711329,0.097632,-0.024234,467.978013
0.522407,0.014774,-0.024766,467.978013
0.342358,0.084825,-0.016237,467.978013
0.442207,0.061061,-0.020967,467.978013
0.061166,0.039561,-0.002918,467.978013
0.689243,0.066657,-0.032668,467.978013
0.365291,0.022593,-0.017324,467.978013
0.099386,0.065375,-0.004728,467.978013
0.717501,0.058897,-0.034007,467.978013
0.657967,0.000597,-0.020792,467.978013
0.654224,0.051736,-0.031009,467.978013
0.684014,0.019857,-0.032421,467.978013
0.850609,0.068928,-0.040312,467.978013
0.340270,0.035948,-0.016138,467.978013
0.460403,0.043776,-0.021829,467.978013
0.125872,0.029597,-0.005983,467.978013
0.367210,0.023750,-0.017414,467.978013
0.366620,0.000751,-0.006649,467.978013
0.542289,0.013166,-0.025707,467.978013
0.804291,0.086957,-0.038118,467.978013
0.363071,0.044586,-0.017218,467.978013
0.248859,0.018477,-0.011809,467.978013
0.000259,0.077858,-0.000033,467.978013
0.348802,0.064595,-0.016543,467.978013
0.880813,0.095850,-0.036931,467.978013
0.346858,0.023429,-0.016450,467.978013
0.910582,0.050875,-0.043152,467.978013
0.109619,0.002169,-0.000698,467.978013
0.580396,0.033582,-0.027512,467.978013
0.358540,0.064217,-0.017004,467.978013
0.758757,0.084632,-0.035961,467.978013
0.347029,0.080193,-0.016459,467.978013
0.697880,0.004972,-0.023343,467.978013
0.288278,0.096280,-0.004189,467.978013
0.664611,0.003510,-0.021206,467.978013
0.802362,0.045136,-0.038026,467.978013
0.054658,0.031488,-0.002610,467.978013
0.190692,0.039474,-0.009053,467.978013
0.967771,0.068370,-0.045861,467.978013
0.028044,0.048218,-0.001349,467.978013
0.133802,0.020324,-0.006359,467.978013
0.540302,0.048882,-0.025613,467.978013
0.288622,0.040555,-0.013692,467.978013
0.153166,0.099357,-0.001279,467.978013
0.102697,0.053053,-0.004885,467.978013
0.316547,0.013487,-0.015015,467.978013
0.068005,0.004348,-0.000309,467.978013
0.304284,0.012779,-0.014434,467.978013
0.508359,0.039516,-0.024100,467.978013
0.202700,0.001929,-0.002148,467.978013
0.719777,0.057712,-0.034115,467.978013
0.669150,0.067731,-0.031717,467.978013
0.920246,0.030527,-0.043610,467.978013
0.228343,0.013393,-0.010837,467.978013
0.325501,0.041098,-0.015439,467.978013
0.792249,0.004971,-0.029965,467.978013
0.200034,0.014306,-0.009496,467.978013
0.922429,0.011814,-0.043714,467.978013
0.432622,0.055162,-0.020513,467.978013
0.897867,0.059545,-0.042550,467.978013
0.715199,0.015096,-0.033898,467.978013
0.604008,0.000715,-0.017578,467.978013
0.925483,0.000886,-0.040726,467.978013
0.082025,0.032261,-0.003906,467.978013
0.357415,0.042107,-0.016951,467.978013
0.233302,0.052350,-0.011072,467.978013
-0.000000,0.000000,0.000000,467.978013
0.565432,0.005718,-0.015447,467.978013
0.587333,0.024963,-0.027841,467.978013
0.510673,0.098305,-0.012658,467.978013
0.749666,0.043777,-0.035530,467.978013
0.526411,0.079025,-0.024955,467.978013
0.971520,0.039890,-0.046039,467.978013
0.230771,0.016379,-0.010952,467.978013
0.473744,0.004631,-0.010934,467.978013
0.156713,0.052788,-0.007444,467.978013
0.385213,0.020195,-0.018267,467.978013
0.313368,0.052228,-0.014864,467.978013
0.590490,0.071506,-0.027991,467.978013
0.057173,0.098039,-0.000237,467.978013
0.081748,0.074200,-0.003893,467.978013
0.553081,0.014012,-0.026219,467.978013
0.177352,0.004963,-0.001674,467.978013
-0.000000,0.100000,0.000000,467.978013
0.342388,0.068895,-0.016239,467.978013
0.839919,0.071417,-0.039805,467.978013
0.131747,0.046346,-0.006261,467.978013
0.435029,0.075310,-0.020627,467.978013
0.919312,0.004051,-0.040191,467.978013
0.104103,0.031860,-0.004952,467.978013
0.517401,0.033812,-0.024529,467.978013
0.377190,0.097573,-0.007025,467.978013
0.224241,0.069334,-0.010642,467.978013
0.110994,0.026786,-0.005278,467.978013
0.574571,0.079868,-0.027237,467.978013
0.766759,0.001988,-0.028094,467.978013
0.932741,0.081845,-0.044202,467.978013
0.177676,0.052819,-0.008437,467.978013
0.004655,0.069009,-0.000241,467.978013
0.464579,0.083709,-0.022027,467.978013
0.484009,0.062040,-0.022947,467.978013
0.193555,0.052259,-0.009189,467.978013
0.633430,0.026332,-0.030025,467.978013
0.332703,0.015975,-0.015780,467.978013
0.709072,0.004814,-0.024085,467.978013
0.686150,0.078602,-0.032522,467.978013
0.136885,0.017872,-0.006505,467.978013
0.743715,0.055635,-0.035248,467.978013
0.351527,0.087328,-0.016672,467.978013
0.303697,0.084797,-0.014406,467.978013
0.510500,0.025258,-0.024202,467.978013
0.918974,0.065485,-0.043550,467.978013
0.464307,0.096303,-0.010514,467.978013
0.479649,0.096281,-0.011201,467.978013
0.402707,0.094738,-0.007974,467.978013
0.596012,0.026217,-0.028252,467.978013
0.638113,0.084318,-0.030246,467.978013
0.881661,0.097800,-0.037001,467.978013
0.550107,0.099263,-0.014638,467.978013
0.687410,0.064466,-0.032581,467.978013
0.550914,0.002367,-0.014680,467.978013
0.344115,0.061781,-0.016321,467.978013
0.450422,0.043724,-0.021356,467.978013
0.382976,0.095626,-0.007235,467.978013
0.098785,0.095489,-0.000584,467.978013
0.893011,0.024124,-0.042320,467.978013
0.927915,0.005298,-0.040938,467.978013
0.811504,0.036156,-0.038459,467.978013
0.059460,0.050508,-0.002837,467.978013
0.312189,0.038581,-0.014808,467.978013
0.973284,0.081113,-0.046122,467.978013
0.370290,0.013225,-0.017560,467.978013
0.855442,0.036697,-0.040541,467.978013
0.185056,0.032653,-0.008786,467.978013
0.435401,0.040390,-0.020645,467.978013
0.127641,0.099934,-0.000919,467.978013
0.249877,0.085474,-0.011857,467.978013
0.551775,0.051421,-0.026157,467.978013
0.109864,0.096011,-0.000704,467.978013
0.249918,0.032316,-0.011859,467.978013
0.775175,0.050514,-0.036739,467.978013
0.336635,0.047869,-0.015966,467.978013
0.216572,0.018901,-0.010279,467.978013
0.177173,0.025327,-0.008413,467.978013
0.919063,0.077702,-0.043554,467.978013
0.048761,0.098064,-0.000187,467.978013
0.269613,0.030861,-0.012792,467.978013
0.554559,0.013747,-0.026289,467.978013
0.591764,0.029986,-0.028051,467.978013
0.452461,0.075238,-0.021453,467.978013
0.674863,0.044867,-0.031987,467.978013
0.671343,0.087321,-0.031820,467.978013
0.195597,0.064795,-0.009286,467.978013
0.216232,0.096369,-0.002427,467.978013
0.997878,0.071305,-0.047287,467.978013
0.455288,0.018661,-0.021586,467.978013
0.175926,0.072193,-0.008354,467.978013
0.809437,0.095503,-0.031257,467.978013
0.675421,0.070539,-0.032014,467.978013
0.654326,0.064563,-0.031014,467.978013
0.244312,0.029170,-0.011593,467.978013
0.040392,0.049099,-0.001934,467.978013
0.522502,0.027225,-0.024770,467.978013
0.286497,0.035759,-0.013591,467.978013
0.144935,0.052113,-0.006886,467.978013
0.091488,0.099706,-0.000512,467.978013
0.096167,0.013680,-0.004576,467.978013
0.545421,0.044822,-0.025856,467.978013
0.675025,0.044584,-0.031995,467.978013
0.615381,0.063487,-0.029170,467.978013
0.499973,0.070653,-0.023703,467.978013
0.279364,0.018425,-0.013253,467.978013
0.808225,0.075759,-0.038304,467.978013
0.412600,0.060522,-0.019564,467.978013
0.128616,0.033050,-0.006113,467.978013
0.556615,0.095882,-0.014978,467.978013
0.171833,0.003891,-0.001578,467.978013
0.949464,0.095681,-0.042836,467.978013
0.269003,0.052454,-0.012763,467.978013
0.979371,0.084227,-0.046411,467.978013
0.802050,0.034241,-0.038012,467.978013
0.503129,0.024131,-0.023853,467.978013
0.229579,0.085784,-0.010895,467.978013
0.860056,0.098505,-0.035232,467.978013
0.300646,0.017041,-0.014262,467.978013
0.439921,0.097236,-0.009467,467.978013
0.149888,0.040095,-0.007121,467.978013
0.447697,0.077032,-0.021227,467.978013
0.918736,0.070929,-0.043539,467.978013
0.069010,0.070143,-0.003290,467.978013
0.546737,0.052153,-0.025918,467.978013
0.132786,0.098965,-0.000987,467.978013
0.110299,0.000064,-0.000706,467.978013
0.395745,0.063693,-0.018766,467.978013
0.705771,0.050889,-0.033451,467.978013
0.235059,0.065415,-0.011155,467.978013
0.929359,0.050407,-0.044042,467.978013
0.391339,0.022480,-0.018557,467.978013
0.005430,0.069204,-0.000278,467.978013
0.922789,0.004155,-0.040492,467.978013
0.096745,0.002363,-0.000561,467.978013
0.047627,0.037658,-0.002277,467.978013
0.144977,0.000071,-0.001155,467.978013
0.539113,0.059583,-0.025557,467.978013
0.724305,0.085067,-0.034329,467.978013
0.413072,0.041784,-0.019587,467.978013
0.684773,0.051910,-0.032456,467.978013
0.944383,0.069420,-0.044753,467.978013
0.593461,0.033177,-0.028131,467.978013
0.030185,0.086853,-0.001451,467.978013
0.541914,0.055717,-0.025690,467.978013
0.988529,0.031057,-0.046845,467.978013
0.632950,0.054421,-0.030002,467.978013
0.695877,0.035269,-0.032982,467.978013
0.494267,0.056101,-0.023433,467.978013
0.750699,0.085877,-0.035579,467.978013
0.886060,0.026752,-0.041991,467.978013
0.695968,0.081594,-0.032987,467.978013
0.651099,0.074171,-0.030861,467.978013
0.621721,0.096560,-0.018603,467.978013
0.926860,0.095627,-0.040843,467.978013
0.926135,0.034620,-0.043889,467.978013
0.322293,0.021983,-0.015287,467.978013
0.134468,0.011607,-0.006390,467.978013
0.610994,0.051020,-0.028962,467.978013
0.892870,0.029181,-0.042313,467.978013
0.420022,0.096628,-0.008653,467.978013
0.214987,0.084268,-0.010204,467.978013
0.317074,0.022095,-0.015040,467.978013
0.332858,0.015361,-0.015787,467.978013
0.330510,0.057616,-0.015676,467.978013
0.781976,0.073399,-0.037061,467.978013
0.103356,0.019986,-0.004916,467.978013
0.036597,0.030732,-0.001754,467.978013
0.794688,0.003213,-0.030147,467.978013
0.901889,0.080851,-0.042741,467.978013
0.680517,0.003205,-0.022215,467.978013
0.311078,0.051472,-0.014756,467.978013
0.894884,0.017275,-0.042409,467.978013
0.685051,0.061739,-0.032470,467.978013
0.276683,0.094319,-0.003873,467.978013
0.761635,0.098325,-0.027724,467.978013
0.380200,0.098095,-0.007134,467.978013
0.732160,0.070336,-0.034701,467.978013
0.516007,0.087086,-0.024463,467.978013
0.981839,0.028725,-0.046528,467.978013
0.518452,0.020730,-0.024578,467.978013
0.955472,0.058747,-0.045279,467.978013
0.642707,0.071931,-0.030464,467.978013
0.678951,0.069724,-0.032181,467.978013
0.137286,0.020577,-0.006524,467.978013
0.693736,0.047929,-0.032881,467.978013
0.230185,0.011717,-0.010924,467.978013
0.066172,0.051700,-0.003155,467.978013
0.182669,0.004165,-0.001768,467.978013
0.381456,0.026340,-0.018089,467.978013
0.515766,0.064453,-0.024451,467.978013
0.454667,0.004420,-0.010093,467.978013
0.349669,0.042826,-0.016584,467.978013
0.963753,0.061084,-0.045671,467.978013
0.885571,0.044041,-0.041968,467.978013
0.986817,0.025443,-0.046763,467.978013
0.683043,0.025151,-0.032375,467.978013
0.304907,0.094743,-0.004664,467.978013
0.815435,0.013134,-0.038646,467.978013
0.977831,0.067383,-0.046338,467.978013
0.660902,0.059955,-0.031326,467.978013
0.590524,0.027310,-0.027992,467.978013
0.754993,0.058124,-0.035783,467.978013
0.924825,0.048999,-0.043827,467.978013
-0.000000,0.100000,0.000000,467.978013
0.884524,0.022324,-0.041918,467.978013
0.962377,0.094349,-0.043996,467.978013
0.408410,0.015992,-0.019366,467.978013
0.392230,0.020138,-0.018600,467.978013
0.000180,0.025138,-0.000029,467.978013
0.617781,0.014022,-0.029283,467.978013
0.082833,0.004718,-0.000429,467.978013
0.100092,0.023261,-0.004762,467.978013
0.586091,0.069562,-0.027782,467.978013
0.098009,0.047930,-0.004663,467.978013
0.981563,0.079449,-0.046515,467.978013
0.588706,0.012644,-0.027906,467.978013
0.606043,0.005626,-0.017695,467.978013
0.799346,0.026931,-0.037884,467.978013
0.707865,0.030074,-0.033550,467.978013
0.570059,0.041228,-0.027023,467.978013
0.539926,0.019177,-0.025596,467.978013
0.048500,0.004622,-0.000182,467.978013
0.391148,0.026934,-0.018548,467.978013
0.036318,0.002799,-0.000120,467.978013
0.230416,0.033502,-0.010935,467.978013
0.837692,0.057640,-0.039700,467.978013
0.471897,0.064705,-0.022373,467.978013
0.484869,0.055904,-0.022988,467.978013
0.098104,0.049187,-0.004668,467.978013
0.885515,0.097036,-0.037321,467.978013
0.672273,0.069185,-0.031864,467.978013
0.192772,0.001609,-0.001955,467.978013
0.599780,0.022202,-0.028431,467.978013
0.963455,0.098974,-0.044093,467.978013
0.996335,0.029609,-0.047214,467.978013
0.852902,0.000417,-0.034658,467.978013
0.044280,0.074410,-0.002118,467.978013
0.331184,0.054835,-0.015708,467.978013
0.334443,0.097589,-0.005570,467.978013
0.198624,0.031132,-0.009429,467.978013
0.324812,0.031619,-0.015406,467.978013
0.324588,0.058934,-0.015396,467.978013
0.304038,0.095580,-0.004639,467.978013
0.559061,0.028493,-0.026502,467.978013
0.873068,0.098072,-0.036292,467.978013
0.753234,0.079464,-0.035699,467.978013
0.779307,0.047646,-0.036934,467.978013
0.249190,0.001221,-0.003172,467.978013
0.400125,0.000519,-0.007875,467.978013
0.109674,0.052081,-0.005216,467.978013
0.613385,0.067043,-0.029075,467.978013
0.937225,0.072536,-0.044414,467.978013
0.162220,0.051050,-0.007705,467.978013
0.187123,0.046501,-0.008884,467.978013
0.463875,0.048680,-0.021993,467.978013
0.452505,0.068516,-0.021455,467.978013
0.459628,0.095708,-0.010309,467.978013
0.296044,0.014180,-0.014044,467.978013
0.847379,0.002602,-0.034217,467.978013
0.920749,0.052244,-0.043634,467.978013
0.137115,0.055005,-0.006516,467.978013
0.236960,0.086349,-0.011245,467.978013
0.473273,0.031579,-0.022438,467.978013
0.093012,0.020336,-0.004426,467.978013
0.319371,0.096438,-0.005098,467.978013
0.659723,0.027507,-0.031270,467.978013
0.213229,0.041232,-0.010121,467.978013
0.845454,0.044918,-0.040067,467.978013
0.381585,0.049424,-0.018095,467.978013
0.214360,0.088093,-0.010174,467.978013
0.994190,0.046062,-0.047113,467.978013
0.496941,0.029645,-0.023559,467.978013
0.854915,0.003356,-0.034820,467.978013
0.848877,0.075525,-0.040230,467.978013
0.987834,0.021240,-0.046812,467.978013
0.074010,0.022713,-0.003526,467.978013
0.495937,0.004295,-0.011955,467.978013
0.584797,0.066282,-0.027721,467.978013
0.974545,0.093851,-0.046182,467.978013
0.496786,0.096635,-0.011995,467.978013
0.676800,0.049156,-0.032079,467.978013
0.974867,0.095994,-0.046197,467.978013
0.597443,0.048302,-0.028320,467.978013
0.843545,0.017768,-0.039977,467.978013
0.174864,0.081043,-0.008304,467.978013
0.928822,0.033379,-0.044016,467.978013
0.429352,0.096983,-0.009030,467.978013
0.988883,0.086645,-0.046861,467.978013
0.956191,0.021325,-0.045313,467.978013
0.362674,0.078772,-0.017200,467.978013
0.828661,0.061588,-0.039272,467.978013
-0.000000,0.100000,0.000000,467.978013
0.417962,0.001819,-0.008570,467.978013
0.779046,0.054304,-0.036922,467.978013
0.705640,0.032516,-0.033445,467.978013
0.630303,0.099743,-0.019110,467.978013
0.115835,0.040955,-0.005508,467.978013
0.297449,0.025389,-0.014110,467.978013
0.304327,0.039612,-0.014436,467.978013
0.522337,0.080717,-0.024762,467.978013
0.862736,0.094558,-0.035449,467.978013
0.066712,0.079235,-0.003181,467.978013
0.543988,0.001453,-0.014321,467.978013
0.565497,0.098252,-0.015450,467.978013
0.126131,0.085009,-0.005995,467.978013
0.371841,0.063328,-0.017634,467.978013
0.121518,0.026140,-0.005777,467.978013
0.938944,0.031690,-0.044496,467.978013
0.603606,0.078772,-0.028612,467.978013
0.998675,0.100008,-0.047346,467.978013
0.781319,0.059197,-0.037030,467.978013
0.720097,0.025039,-0.034130,467.978013
0.863061,0.048277,-0.040901,467.978013
0.464935,0.084673,-0.022043,467.978013
0.943136,0.099130,-0.042273,467.978013
0.192373,0.002971,-0.001948,467.978013
0.681396,0.028189,-0.032297,467.978013
0.259799,0.084846,-0.012327,467.978013
0.275669,0.076720,-0.013078,467.978013
0.822139,0.017074,-0.038963,467.978013
0.617609,0.039113,-0.029275,467.978013
0.947515,0.019861,-0.044902,467.978013
0.600856,0.098673,-0.017398,467.978013
0.396265,0.065529,-0.018791,467.978013
0.320368,0.057377,-0.015196,467.978013
0.499573,0.046163,-0.023684,467.978013
0.577331,0.076107,-0.027367,467.978013
0.675939,0.031408,-0.032038,467.978013
0.367608,0.026480,-0.017433,467.978013
0.265027,0.050852,-0.012574,467.978013
0.290399,0.045976,-0.013776,467.978013
0.952552,0.069845,-0.045140,467.978013
0.147073,0.022048,-0.006987,467.978013
0.543167,0.072618,-0.025749,467.978013
0.122390,0.070956,-0.005818,467.978013
0.111822,0.019388,-0.005317,467.978013
0.418735,0.002313,-0.008601,467.978013
0.382720,0.051125,-0.018149,467.978013
0.263744,0.019371,-0.012514,467.978013
0.816416,0.034790,-0.038692,467.978013
0.697415,0.040024,-0.033055,467.978013
0.217735,0.078170,-0.010334,467.978013
0.454495,0.076995,-0.021549,467.978013
0.630355,0.020882,-0.029879,467.978013
0.526918,0.083062,-0.024979,467.978013
0.258498,0.080722,-0.012265,467.978013
0.659307,0.036056,-0.031250,467.978013
0.351380,0.067173,-0.016665,467.978013
0.900506,0.097005,-0.038579,467.978013
0.567943,0.076484,-0.026923,467.978013
0.010516,0.027730,-0.000519,467.978013
0.515516,0.065180,-0.024439,467.978013
0.511366,0.023858,-0.024243,467.978013
0.516579,0.002067,-0.012945,467.978013
0.555758,0.032871,-0.026345,467.978013
0.046462,0.066986,-0.002222,467.978013
0.891875,0.086710,-0.042266,467.978013
0.379542,0.068926,-0.017999,467.978013
0.065157,0.068408,-0.003107,467.978013
0.236730,0.002523,-0.002878,467.978013
0.552413,0.081569,-0.026187,467.978013
0.814195,0.017855,-0.038587,467.978013
0.158497,0.094355,-0.001362,467.978013
0.973566,0.053726,-0.046136,467.978013
0.958094,0.084230,-0.045403,467.978013
0.812797,0.084720,-0.038521,467.978013
0.214148,0.037236,-0.010164,467.978013
0.511070,0.096632,-0.012677,467.978013
0.946167,0.062486,-0.044838,467.978013
-0.000000,0.000000,0.000000,467.978013
0.551463,0.098069,-0.014708,467.978013
0.660567,0.023873,-0.031310,467.978013
0.567082,0.003483,-0.015535,467.978013
0.461925,0.036227,-0.021901,467.978013
0.528722,0.077236,-0.025065,467.978013
0.217007,0.085376,-0.010300,467.978013
0.669252,0.044253,-0.031721,467.978013
0.870089,0.076793,-0.041234,467.978013
0.896320,0.069297,-0.042477,467.978013
0.301268,0.004761,-0.004556,467.978013
0.752598,0.044780,-0.035669,467.978013
0.893089,0.069752,-0.042324,467.978013
0.752739,0.062986,-0.035676,467.978013
0.352122,0.005717,-0.006150,467.978013
0.942868,0.013231,-0.044682,467.978013
0.926783,0.079751,-0.043920,467.978013
0.828682,0.095492,-0.032740,467.978013
0.860607,0.081873,-0.040785,467.978013
0.330265,0.000353,-0.005436,467.978013
0.330157,0.071872,-0.015659,467.978013
0.185661,0.016657,-0.008815,467.978013
0.879405,0.076717,-0.041676,467.978013
0.193774,0.056049,-0.009199,467.978013
0.376761,0.025961,-0.017867,467.978013
0.918646,0.095431,-0.040130,467.978013
0.261382,0.087765,-0.012402,467.978013
0.161658,0.005734,-0.001410,467.978013
0.479250,0.064147,-0.022721,467.978013
0.459926,0.019511,-0.021806,467.978013
0.935526,0.094385,-0.041601,467.978013
0.200397,0.081592,-0.009513,467.978013
0.247191,0.012545,-0.011730,467.978013
0.092943,0.061532,-0.004423,467.978013
0.625308,0.061250,-0.029640,467.978013
0.332454,0.002527,-0.005506,467.978013
0.251192,0.097655,-0.003222,467.978013
0.312398,0.028744,-0.014818,467.978013
0.508589,0.035270,-0.024111,467.978013
0.486884,0.059811,-0.023083,467.978013
0.973119,0.080407,-0.046115,467.978013
0.174550,0.094621,-0.001627,467.978013
0.869446,0.022907,-0.041204,467.978013
0.563731,0.070567,-0.026723,467.978013
0.602528,0.098006,-0.017493,467.978013
0.584187,0.096977,-0.016465,467.978013
0.324663,0.018145,-0.015399,467.978013
0.552820,0.027505,-0.026206,467.978013
0.760407,0.042572,-0.036039,467.978013
0.154687,0.002309,-0.001300,467.978013
0.203370,0.032493,-0.009654,467.978013
0.699678,0.015246,-0.033163,467.978013
0.390052,0.004306,-0.007495,467.978013
0.934057,0.054725,-0.044264,467.978013
0.512143,0.037012,-0.024280,467.978013
0.869360,0.037535,-0.041200,467.978013
0.380789,0.041879,-0.018058,467.978013
0.140463,0.000044,-0.001090,467.978013
0.426646,0.025943,-0.020230,467.978013
0.998675,-0.000008,-0.047346,467.978013
0.013958,0.046387,-0.000682,467.978013
0.670621,0.003918,-0.021585,467.978013
0.190929,0.061976,-0.009065,467.978013
0.489755,0.026111,-0.023219,467.978013
0.451625,0.054894,-0.021413,467.978013
0.983957,0.006069,-0.046628,467.978013
0.067369,0.071537,-0.003212,467.978013
0.422685,0.012168,-0.020042,467.978013
0.093843,0.080736,-0.004466,467.978013
0.747023,0.031110,-0.035405,467.978013
0.275627,0.000675,-0.003843,467.978013
0.250511,0.097358,-0.003206,467.978013
0.742951,0.076869,-0.035212,467.978013
0.885294,0.046258,-0.041955,467.978013
0.785759,0.057472,-0.037240,467.978013
0.282164,0.000450,-0.004019,467.978013
0.316041,0.081491,-0.014991,467.978013
0.843655,0.066200,-0.039982,467.978013
0.970001,0.024770,-0.045967,467.978013
0.650555,0.005495,-0.020335,467.978013
0.849153,0.030390,-0.040243,467.978013
0.699388,0.086490,-0.033149,467.978013
0.678925,0.045328,-0.032179,467.978013
0.379627,0.071870,-0.018003,467.978013
0.024244,0.082893,-0.001169,467.978013
0.882818,0.044086,-0.041837,467.978013
0.407161,0.065390,-0.019307,467.978013
0.484459,0.076885,-0.022968,467.978013
0.276565,0.081136,-0.013121,467.978013
0.838360,0.066392,-0.039731,467.978013
0.656956,0.024695,-0.031139,467.978013
0.761336,0.039830,-0.036083,467.978013
0.024218,0.075563,-0.001168,467.978013
0.447449,0.078937,-0.021215,467.978013
0.520646,0.056320,-0.024682,467.978013
0.511027,0.053428,-0.024227,467.978013
0.212335,0.046296,-0.010079,467.978013
0.269652,0.096985,-0.003688,467.978013
0.850446,0.050564,-0.040304,467.978013
0.555191,0.095916,-0.014904,467.978013
0.135843,0.075857,-0.006455,467.978013
0.204884,0.048563,-0.009726,467.978013
0.071467,0.097166,-0.000339,467.978013
0.520788,0.099568,-0.013152,467.978013
0.877910,0.011701,-0.041605,467.978013
0.870838,0.073127,-0.041270,467.978013
0.517349,0.027696,-0.024526,467.978013
0.563611,0.045092,-0.026717,467.978013
0.757582,0.072741,-0.035905,467.978013
0.831977,0.032825,-0.039429,467.978013
0.865722,0.029050,-0.041028,467.978013
0.121185,0.045999,-0.005761,467.978013
0.598660,0.053865,-0.028378,467.978013
0.771712,0.098557,-0.028451,467.978013
0.168961,0.098311,-0.001532,467.978013
0.141723,0.036727,-0.006734,467.978013
0.157727,0.037729,-0.007492,467.978013
0.908634,0.051081,-0.043060,467.978013
0.748467,0.098660,-0.026788,467.978013
0.201814,0.061293,-0.009580,467.978013
0.970852,0.076621,-0.046007,467.978013
0.595044,0.018415,-0.028206,467.978013
0.781047,0.005212,-0.029135,467.978013
0.602372,0.041841,-0.028553,467.978013
0.091068,0.052420,-0.004334,467.978013
0.017499,0.031833,-0.000850,467.978013
0.522466,0.065433,-0.024768,467.978013
0.030904,0.011561,-0.001485,467.978013
0.047325,0.027123,-0.002262,467.978013
0.160943,0.055229,-0.007644,467.978013
0.656935,0.096577,-0.020727,467.978013
0.342656,0.026346,-0.016251,467.978013
0.473593,0.052221,-0.022454,467.978013
0.198513,0.099599,-0.002068,467.978013
0.183523,0.019474,-0.008714,467.978013
0.894787,0.032976,-0.042404,467.978013
0.793847,0.000587,-0.030084,467.978013
0.117314,0.077861,-0.005578,467.978013
0.877391,0.023272,-0.041580,467.978013
0.403760,0.075233,-0.019146,467.978013
0.536947,0.005094,-0.013961,467.978013
0.344261,0.036091,-0.016327,467.978013
0.754633,0.054412,-0.035766,467.978013
0.744462,0.003784,-0.026508,467.978013
0.976476,0.045702,-0.046274,467.978013
0.649071,0.097192,-0.020242,467.978013
0.451208,0.032940,-0.021393,467.978013
0.066387,0.022283,-0.003165,467.978013
0.801343,0.003857,-0.030646,467.978013
0.901035,0.065430,-0.042700,467.978013
0.447891,0.041157,-0.021236,467.978013
0.486122,0.013026,-0.023047,467.978013
0.073817,0.002600,-0.000354,467.978013
0.989299,0.051183,-0.046881,467.978013
0.597042,0.017409,-0.028301,467.978013
0.991534,0.012390,-0.046987,467.978013
0.922952,0.005682,-0.040506,467.978013
0.795189,0.058237,-0.037687,467.978013
0.360011,0.038494,-0.017073,467.978013
0.430324,0.028371,-0.020404,467.978013
0.200328,0.032111,-0.009510,467.978013
0.682247,0.063582,-0.032337,467.978013
0.351826,0.096670,-0.006142,467.978013
0.089131,0.084761,-0.004243,467.978013
0.984792,0.062374,-0.046668,467.978013
0.574092,0.054793,-0.027214,467.978013
0.060744,0.069998,-0.002898,467.978013
0.580804,0.085285,-0.027532,467.978013
0.616944,0.095582,-0.018323,467.978013
-0.000000,0.100000,0.000000,467.978013
0.226976,0.039139,-0.010772,467.978013
0.600924,0.056164,-0.028485,467.978013
0.704607,0.025421,-0.033396,467.978013
0.261996,0.074844,-0.012431,467.978013
0.144509,0.082211,-0.006866,467.978013
0.470675,0.030328,-0.022315,467.978013
0.457077,0.037074,-0.021671,467.978013
0.997795,0.034806,-0.047283,467.978013
0.893179,0.050343,-0.042328,467.978013
0.942976,0.019865,-0.044687,467.978013
0.105693,0.083941,-0.005027,467.978013
0.598079,0.047533,-0.028350,467.978013
0.931242,0.030780,-0.044131,467.978013
0.279653,0.096466,-0.003953,467.978013
0.633088,0.065600,-0.030008,467.978013
0.166074,0.071753,-0.007887,467.978013
0.272290,0.080309,-0.012918,467.978013
0.808651,0.049095,-0.038324,467.978013
0.903347,0.084295,-0.042810,467.978013
0.978259,0.042279,-0.046358,467.978013
0.155211,0.037446,-0.007373,467.978013
0.199160,0.094644,-0.002080,467.978013
0.626945,0.033536,-0.029717,467.978013
0.151977,0.040060,-0.007220,467.978013
0.951178,0.022688,-0.045075,467.978013
0.242742,0.096334,-0.003020,467.978013
0.992146,0.021929,-0.047016,467.978013
0.592439,0.081580,-0.028083,467.978013
0.594149,0.032648,-0.028164,467.978013
0.537922,0.098059,-0.014011,467.978013
0.429750,0.003806,-0.009046,467.978013
0.095464,0.094690,-0.000551,467.978013
0.484738,0.066964,-0.022981,467.978013
0.755598,0.094448,-0.027292,467.978013
0.005685,0.018756,-0.000290,467.978013
0.995932,0.020898,-0.047195,467.978013
0.002636,0.034545,-0.000146,467.978013
0.960070,0.094554,-0.043787,467.978013
0.108186,0.036869,-0.005145,467.978013
0.916750,0.069305,-0.043445,467.978013
0.031078,0.080211,-0.001493,467.978013
0.739973,0.052970,-0.035071,467.978013
0.522666,0.077727,-0.024778,467.978013
0.006280,0.025028,-0.000318,467.978013
0.953738,0.063102,-0.045197,467.978013
0.925573,0.022533,-0.043862,467.978013
0.109355,0.054517,-0.005201,467.978013
0.293253,0.094701,-0.004328,467.978013
0.288210,0.069914,-0.013672,467.978013
0.898443,0.043084,-0.042577,467.978013
0.677060,0.028173,-0.032091,467.978013
0.987451,0.059331,-0.046793,467.978013
0.304718,0.068323,-0.014454,467.978013
0.852127,0.052516,-0.040384,467.978013
0.563501,0.002476,-0.015344,467.978013
0.593143,0.078401,-0.028116,467.978013
0.473829,0.047875,-0.022465,467.978013
0.568030,0.005728,-0.015586,467.978013
0.897384,0.013536,-0.042527,467.978013
0.352159,0.028032,-0.016702,467.978013
0.151101,0.095777,-0.001248,467.978013
0.156465,0.059147,-0.007432,467.978013
0.919919,0.060643,-0.043595,467.978013
0.634998,0.061909,-0.030099,467.978013
0.448335,0.061442,-0.021257,467.978013
0.490766,0.058588,-0.023267,467.978013
0.387090,0.023946,-0.018356,467.978013
0.301262,0.061356,-0.014291,467.978013
0.959554,0.047267,-0.045472,467.978013
0.362607,0.002518,-0.006509,467.978013
0.599027,0.017999,-0.028395,467.978013
0.987251,0.044029,-0.046784,467.978013
0.387331,0.069533,-0.018368,467.978013
0.829729,0.081486,-0.039323,467.978013
0.031855,0.029168,-0.001530,467.978013
0.245430,0.099065,-0.003084,467.978013
0.086794,0.080339,-0.004132,467.978013
0.201502,0.068181,-0.009565,467.978013
0.432609,0.041234,-0.020512,467.978013
0.154987,0.098639,-0.001307,467.978013
-0.000000,0.000000,0.000000,467.978013
0.788360,0.032171,-0.037363,467.978013
0.881777,0.023789,-0.041788,467.978013
0.471738,0.004807,-0.010844,467.978013
0.381383,0.051089,-0.018086,467.978013
0.076567,0.082866,-0.003648,467.978013
0.369432,0.039937,-0.017520,467.978013
0.836352,0.003515,-0.033343,467.978013
0.334718,0.003960,-0.005578,467.978013
0.411029,0.015948,-0.019490,467.978013
0.455142,0.085341,-0.021580,467.978013
0.981698,0.061327,-0.046521,467.978013
0.513034,0.038404,-0.024322,467.978013
0.779338,0.011796,-0.036936,467.978013
0.196889,0.079559,-0.009347,467.978013
0.911233,0.027722,-0.043183,467.978013
0.145330,0.016666,-0.006905,467.978013
0.931111,0.024632,-0.044125,467.978013
0.599372,0.098937,-0.017314,467.978013
0.946549,0.015200,-0.044856,467.978013
0.913090,0.036947,-0.043271,467.978013
0.425124,0.051410,-0.020158,467.978013
0.754705,0.061895,-0.035769,467.978013
0.140207,0.080699,-0.006662,467.978013
0.277767,0.056290,-0.013178,467.978013
0.138766,0.044103,-0.006594,467.978013
0.213104,0.044677,-0.010115,467.978013
0.918956,0.002416,-0.040160,467.978013
0.816940,0.001703,-0.031834,467.978013
0.148919,0.053167,-0.007075,467.978013
0.194908,0.003194,-0.001996,467.978013
0.655906,0.011691,-0.031089,467.978013
0.293603,0.059009,-0.013928,467.978013
0.218247,0.014937,-0.010359,467.978013
0.003981,0.022248,-0.000209,467.978013
0.511110,0.025525,-0.024231,467.978013
0.824760,0.041715,-0.039087,467.978013
0.090974,0.016089,-0.004330,467.978013
0.034146,0.002710,-0.000111,467.978013
0.110897,0.040377,-0.005274,467.978013
0.444643,0.044854,-0.021082,467.978013
0.275455,0.079550,-0.013068,467.978013
0.726993,0.030339,-0.034456,467.978013
0.627012,0.073236,-0.029721,467.978013
0.956079,0.045272,-0.045307,467.978013
0.447121,0.011706,-0.021200,467.978013
0.084964,0.062305,-0.004045,467.978013
0.694559,0.021928,-0.032920,467.978013
0.912106,0.052139,-0.043225,467.978013
0.910261,0.052559,-0.043137,467.978013
0.035581,0.095953,-0.000120,467.978013
0.917055,0.031515,-0.043459,467.978013
0.408000,0.063272,-0.019347,467.978013
0.126805,0.085399,-0.006027,467.978013
0.039705,0.068459,-0.001902,467.978013
0.994137,0.074880,-0.047110,467.978013
0.812980,0.004895,-0.031530,467.978013
0.313601,0.055773,-0.014875,467.978013
0.453601,0.036279,-0.021507,467.978013
0.927771,0.064828,-0.043967,467.978013
0.081773,0.027319,-0.003894,467.978013
0.939271,0.067117,-0.044511,467.978013
0.289537,0.040019,-0.013735,467.978013
0.041444,0.097441,-0.000148,467.978013
0.035081,0.013332,-0.001682,467.978013
0.109929,0.003861,-0.000702,467.978013
0.981943,0.061386,-0.046533,467.978013
0.253321,0.035429,-0.012020,467.978013
0.920104,0.038043,-0.043603,467.978013
0.802571,0.059760,-0.038036,467.978013
0.753460,0.038919,-0.035710,467.978013
0.930729,0.022674,-0.044107,467.978013
0.512263,0.036883,-0.024285,467.978013
0.395486,0.002246,-0.007699,467.978013
0.668396,0.058682,-0.031681,467.978013
0.440259,0.060765,-0.020875,467.978013
0.776828,0.018586,-0.036817,467.978013
0.474953,0.087217,-0.022518,467.978013
0.077641,0.035886,-0.003698,467.978013
0.302615,0.041074,-0.014355,467.978013
0.147498,0.018696,-0.007007,467.978013
0.129427,0.057973,-0.006151,467.978013
0.998675,0.100008,-0.047346,467.978013
0.181848,0.079135,-0.008634,467.978013
0.625437,0.002353,-0.018822,467.978013
0.892409,0.019883,-0.042292,467.978013
0.114513,0.025512,-0.005445,467.978013
0.387770,0.002243,-0.007411,467.978013
0.998675,0.100008,-0.047346,467.978013
0.443795,0.002078,-0.009629,467.978013
0.665990,0.069985,-0.031567,467.978013
0.172984,0.096286,-0.001600,467.978013
0.014634,0.054176,-0.000714,467.978013
0.484870,0.052461,-0.022988,467.978013
0.309290,0.025916,-0.014671,467.978013
0.279780,0.082770,-0.013273,467.978013
0.085926,0.051636,-0.004091,467.978013
0.086413,0.064029,-0.004114,467.978013
0.485937,0.002749,-0.011489,467.978013
0.275102,0.099230,-0.003831,467.978013
0.792771,0.064698,-0.037572,467.978013
0.564180,0.055960,-0.026744,467.978013
0.517263,0.080905,-0.024522,467.978013
0.074211,0.037961,-0.003536,467.978013
0.383529,0.069174,-0.018187,467.978013
0.644685,0.098892,-0.019975,467.978013
0.502906,0.021168,-0.023842,467.978013
0.188688,0.003360,-0.001878,467.978013
0.166778,0.094649,-0.001496,467.978013
0.377028,0.071479,-0.017880,467.978013
0.312570,0.078842,-0.014826,467.978013
0.407305,0.054179,-0.019314,467.978013
0.299834,0.000489,-0.004515,467.978013
0.466942,0.084974,-0.022138,467.978013
0.403559,0.082069,-0.019136,467.978013
0.939552,0.023577,-0.044525,467.978013
0.139877,0.096852,-0.001084,467.978013
0.250539,0.051932,-0.011888,467.978013
0.264633,0.053020,-0.012556,467.978013
0.052506,0.004071,-0.000205,467.978013
0.648510,0.038766,-0.030739,467.978013
0.795147,0.035191,-0.037685,467.978013
0.142657,0.058093,-0.006778,467.978013
0.723639,0.030147,-0.034297,467.978013
0.680610,0.021417,-0.032259,467.978013
0.503948,0.072734,-0.023891,467.978013
0.852240,0.097930,-0.034602,467.978013
0.280333,0.066614,-0.013299,467.978013
0.057012,0.082711,-0.002721,467.978013
0.386851,0.071618,-0.018345,467.978013
0.835542,0.076266,-0.039598,467.978013
0.353290,0.077669,-0.016755,467.978013
0.873464,0.019253,-0.041394,467.978013
0.604944,0.048976,-0.028675,467.978013
0.460534,0.003231,-0.010348,467.978013
0.609776,0.019546,-0.028904,467.978013
0.373412,0.019311,-0.017708,467.978013
0.248523,0.099111,-0.003158,467.978013
0.691607,0.020983,-0.032780,467.978013
-0.000000,0.000000,0.000000,467.978013
0.384494,0.068011,-0.018233,467.978013
0.231654,0.045859,-0.010994,467.978013
0.816335,0.011963,-0.038688,467.978013
0.605262,0.032982,-0.028690,467.978013
0.287775,0.078144,-0.013652,467.978013
0.067238,0.060771,-0.003206,467.978013
0.172020,0.038309,-0.008169,467.978013
0.570676,0.085764,-0.027052,467.978013
-0.000000,0.100000,0.000000,467.978013
0.492645,0.057591,-0.023356,467.978013
0.927821,0.031313,-0.043969,467.978013
0.975953,0.097715,-0.046249,467.978013
0.400608,0.079823,-0.018996,467.978013
0.882377,0.001246,-0.037063,467.978013
0.021777,0.068106,-0.001052,467.978013
0.092949,0.048892,-0.004424,467.978013
0.342221,0.056640,-0.016231,467.978013
0.363080,0.003433,-0.006525,467.978013
0.606344,0.024191,-0.028742,467.978013
0.273510,0.026219,-0.012976,467.978013
0.620693,0.018297,-0.029421,467.978013
0.088419,0.033182,-0.004209,467.978013
0.204430,0.004439,-0.002182,467.978013
0.818572,0.053620,-0.038794,467.978013
0.586118,0.056439,-0.027784,467.978013
0.364657,0.001335,-0.006580,467.978013
0.002633,0.080746,-0.000146,467.978013
0.775333,0.039656,-0.036746,467.978013
0.404187,0.051491,-0.019166,467.978013
0.619030,0.062137,-0.029342,467.978013
0.888292,0.067768,-0.042097,467.978013
0.091426,0.045553,-0.004351,467.978013
0.506211,0.000460,-0.012443,467.978013
0.277764,0.016522,-0.013178,467.978013
0.416938,0.083768,-0.019770,467.978013
0.312925,0.003518,-0.004901,467.978013
0.133100,0.097307,-0.000991,467.978013
0.753567,0.049269,-0.035715,467.978013
0.993664,0.052993,-0.047088,467.978013
0.421302,0.075737,-0.019977,467.978013
0.578600,0.056026,-0.027427,467.978013
0.518825,0.041743,-0.024596,467.978013
0.510025,0.097858,-0.012626,467.978013
0.998675,0.100008,-0.047346,467.978013
0.908139,0.061562,-0.043037,467.978013
0.370727,0.095381,-0.006794,467.978013
0.785680,0.025525,-0.037236,467.978013
0.437155,0.045133,-0.020728,467.978013
0.439766,0.094810,-0.009460,467.978013
0.491042,0.028114,-0.023280,467.978013
0.887427,0.065494,-0.042056,467.978013
0.908846,0.027818,-0.043070,467.978013
0.467550,0.004464,-0.010657,467.978013
0.352817,0.014868,-0.016733,467.978013
0.572919,0.094777,-0.015849,467.978013
-0.000000,0.100000,0.000000,467.978013
0.943212,0.047534,-0.044698,467.978013
0.285044,0.080276,-0.013523,467.978013
0.477288,0.022710,-0.022629,467.978013
0.588593,0.002670,-0.016710,467.978013
0.207403,0.021375,-0.009845,467.978013
0.836602,0.075556,-0.039648,467.978013
0.231858,0.071009,-0.011003,467.978013
0.233201,0.058952,-0.011067,467.978013
0.559138,0.085515,-0.026506,467.978013
0.744476,0.017322,-0.035284,467.978013
0.857558,0.001454,-0.035033,467.978013
0.500072,0.026952,-0.023708,467.978013
0.503785,0.003119,-0.012327,467.978013
0.616937,0.079833,-0.029243,467.978013
0.946471,0.042454,-0.044852,467.978013
0.638918,0.002006,-0.019627,467.978013
0.861423,0.056921,-0.040824,467.978013
0.563846,0.045136,-0.026729,467.978013
0.001314,0.015453,-0.000083,467.978013
0.912427,0.020343,-0.043240,467.978013
0.311329,0.039073,-0.014768,467.978013
0.379655,0.097293,-0.007114,467.978013
0.136119,0.057608,-0.006468,467.978013
0.965866,0.029457,-0.045771,467.978013
0.942906,0.065666,-0.044684,467.978013
0.741368,0.028051,-0.035137,467.978013
0.757436,0.071794,-0.035898,467.978013
0.531442,0.005672,-0.013683,467.978013
0.810188,0.085456,-0.038397,467.978013
0.582503,0.015390,-0.027612,467.978013
0.048145,0.066219,-0.002301,467.978013
0.747684,0.098761,-0.026732,467.978013
0.505789,0.094924,-0.012423,467.978013
0.731778,0.017469,-0.034683,467.978013
0.154469,0.070855,-0.007338,467.978013
0.096884,0.097177,-0.000565,467.978013
0.687922,0.098263,-0.022691,467.978013
0.860175,0.080624,-0.040765,467.978013
0.361020,0.094399,-0.006455,467.978013
0.116870,0.040838,-0.005557,467.978013
0.043501,0.058433,-0.002081,467.978013
0.081249,0.028192,-0.003869,467.978013
0.691791,0.011819,-0.032789,467.978013
0.169827,0.082759,-0.008065,467.978013
0.199947,0.047740,-0.009492,467.978013
0.215856,0.045899,-0.010245,467.978013
0.688477,0.043938,-0.032632,467.978013
0.223086,0.097430,-0.002574,467.978013
0.066700,0.083307,-0.003180,467.978013
0.733506,0.026417,-0.034765,467.978013
0.694196,0.047550,-0.032903,467.978013
0.606804,0.054064,-0.028763,467.978013
0.432400,0.003368,-0.009154,467.978013
0.214351,0.051037,-0.010174,467.978013
0.918664,0.004070,-0.040135,467.978013
0.206414,0.068187,-0.009798,467.978013
0.808941,0.040302,-0.038338,467.978013
0.682576,0.012363,-0.032352,467.978013
0.728530,0.060812,-0.034529,467.978013
0.836734,0.079785,-0.039654,467.978013
0.797391,0.054147,-0.037791,467.978013
0.481145,0.079038,-0.022811,467.978013
0.191245,0.014042,-0.009080,467.978013
0.534091,0.042003,-0.025319,467.978013
0.351076,0.073419,-0.016650,467.978013
0.213834,0.041117,-0.010149,467.978013
0.395005,0.003534,-0.007681,467.978013
0.201453,0.050034,-0.009563,467.978013
0.782201,0.057083,-0.037071,467.978013
0.140338,0.037954,-0.006668,467.978013
0.650165,0.026398,-0.030817,467.978013
0.236594,0.096591,-0.002877,467.978013
0.634365,0.097002,-0.019352,467.978013
0.751801,0.067594,-0.035631,467.978013
0.848078,0.018793,-0.040192,467.978013
0.031367,0.046041,-0.001507,467.978013
0.350224,0.074120,-0.016610,467.978013
0.823684,0.051815,-0.039036,467.978013
-0.000000,0.100000,0.000000,467.978013
0.442564,0.082765,-0.020984,467.978013
0.761791,0.004317,-0.027737,467.978013
0.900832,0.019826,-0.042691,467.978013
0.797479,0.015810,-0.037795,467.978013
0.562241,0.096215,-0.015276,467.978013
0.204472,0.073366,-0.009706,467.978013
0.157185,0.069082,-0.007466,467.978013
0.307742,0.057115,-0.014598,467.978013
0.900040,0.000608,-0.038543,467.978013
0.619881,0.002445,-0.018496,467.978013
0.173631,0.096444,-0.001612,467.978013
0.407129,0.034144,-0.019305,467.978013
0.186168,0.029272,-0.008839,467.978013
0.257097,0.019174,-0.012199,467.978013
0.406270,0.086876,-0.019265,467.978013
0.157732,0.053480,-0.007492,467.978013
0.132416,0.004296,-0.000979,467.978013
0.797474,0.050847,-0.037795,467.978013
0.020455,0.030662,-0.000990,467.978013
0.516417,0.020124,-0.024482,467.978013
0.098765,0.099676,-0.000584,467.978013
0.446352,0.021237,-0.021163,467.978013
0.292379,0.083743,-0.013870,467.978013
0.589850,0.035580,-0.027960,467.978013
0.721961,0.098026,-0.024952,467.978013
0.647243,0.004638,-0.020132,467.978013
0.474561,0.076313,-0.022499,467.978013
0.386051,0.098319,-0.007348,467.978013
0.496315,0.096375,-0.011973,467.978013
0.979543,0.000577,-0.046419,467.978013
0.043600,0.037536,-0.002086,467.978013
0.093161,0.051983,-0.004434,467.978013
0.039852,0.081066,-0.001908,467.978013
0.836411,0.053508,-0.039639,467.978013
0.080045,0.030757,-0.003812,467.978013
0.992837,0.039012,-0.047049,467.978013
0.573758,0.043435,-0.027198,467.978013
0.068717,0.065069,-0.003276,467.978013
0.445700,0.086433,-0.021132,467.978013
0.322460,0.017967,-0.015295,467.978013
0.275489,0.034831,-0.013070,467.978013
0.702128,0.098027,-0.023622,467.978013
0.974315,0.078841,-0.046171,467.978013
0.046507,0.098034,-0.000174,467.978013
0.766943,0.000024,-0.028107,467.978013
0.249047,0.025914,-0.011817,467.978013
0.993209,0.025608,-0.047066,467.978013
0.264801,0.060772,-0.012564,467.978013
0.641776,0.064442,-0.030420,467.978013
0.623929,0.075466,-0.029574,467.978013
0.427385,0.003339,-0.008949,467.978013
0.207160,0.012311,-0.009833,467.978013
0.393601,0.019727,-0.018665,467.978013
0.022434,0.053555,-0.001083,467.978013
0.213760,0.004700,-0.002373,467.978013
0.399948,0.094599,-0.007869,467.978013
0.971439,0.011556,-0.046035,467.978013
0.434303,0.050221,-0.020592,467.978013
0.921446,0.071112,-0.043667,467.978013
0.023412,0.048745,-0.001130,467.978013
0.471297,0.097626,-0.010825,467.978013
0.725365,0.069863,-0.034379,467.978013
0.397115,0.079225,-0.018831,467.978013
0.387456,0.025001,-0.018373,467.978013
0.214731,0.053897,-0.010192,467.978013
0.456496,0.066563,-0.021644,467.978013
0.453433,0.057502,-0.021499,467.978013
0.077201,0.030565,-0.003678,467.978013
0.514700,0.099817,-0.012853,467.978013
0.288095,0.062364,-0.013667,467.978013
0.856648,0.004377,-0.034959,467.978013
0.752265,0.038941,-0.035653,467.978013
0.675127,0.034389,-0.032000,467.978013
0.147404,0.026490,-0.007003,467.978013
0.021728,0.058091,-0.001050,467.978013
0.370157,0.061836,-0.017554,467.978013
0.682287,0.097150,-0.022327,467.978013
0.964920,0.032708,-0.045726,467.978013
0.606289,0.095640,-0.017708,467.978013
0.314949,0.060347,-0.014939,467.978013
0.452266,0.085185,-0.021443,467.978013
0.057903,0.021579,-0.002764,467.978013
0.698458,0.061821,-0.033105,467.978013
0.358914,0.002599,-0.006382,467.978013
0.233644,0.085873,-0.011088,467.978013
0.185020,0.063421,-0.008785,467.978013
0.530010,0.067894,-0.025126,467.978013
0.797563,0.074277,-0.037799,467.978013
0.628166,0.031067,-0.029775,467.978013
0.459889,0.002204,-0.010320,467.978013
0.250140,0.021040,-0.011869,467.978013
0.564673,0.031616,-0.026768,467.978013
0.733282,0.084205,-0.034754,467.978013
0.223862,0.040434,-0.010624,467.978013
0.750643,0.003845,-0.026943,467.978013
0.305676,0.060723,-0.014500,467.978013
0.040236,0.075922,-0.001927,467.978013
0.697451,0.098490,-0.023313,467.978013
0.715173,0.073306,-0.033896,467.978013
0.960544,0.015422,-0.045519,467.978013
0.205515,0.001779,-0.002204,467.978013
0.043965,0.016016,-0.002103,467.978013
0.745311,0.012645,-0.035324,467.978013
0.971917,0.038017,-0.046058,467.978013
0.326696,0.036989,-0.015495,467.978013
0.492004,0.062358,-0.023326,467.978013
0.824798,0.024169,-0.039089,467.978013
0.074211,0.073867,-0.003536,467.978013
0.300720,0.067695,-0.014265,467.978013
0.850564,0.055160,-0.040310,467.978013
0.982312,0.012155,-0.046550,467.978013
0.651485,0.061061,-0.030880,467.978013
0.296092,0.054825,-0.014046,467.978013
0.132569,0.095425,-0.000984,467.978013
0.118797,0.095439,-0.000808,467.978013
0.641330,0.011674,-0.030399,467.978013
0.431406,0.040840,-0.020455,467.978013
0.054636,0.034011,-0.002609,467.978013
0.632039,0.002280,-0.019214,467.978013
0.829519,0.045810,-0.039313,467.978013
0.030340,0.023469,-0.001458,467.978013
0.290439,0.055011,-0.013778,467.978013
0.749360,0.019370,-0.035516,467.978013
0.114228,0.087624,-0.005431,467.978013
0.256957,0.005144,-0.003362,467.978013
0.006547,0.051739,-0.000331,467.978013
0.393859,0.054913,-0.018677,467.978013
0.452621,0.014187,-0.021460,467.978013
0.362028,0.079898,-0.017169,467.978013
0.619213,0.015809,-0.029351,467.978013
0.597335,0.079363,-0.028315,467.978013
0.523929,0.043562,-0.024838,467.978013
0.185315,0.024686,-0.008799,467.978013
0.723659,0.037804,-0.034298,467.978013
0.869105,0.076262,-0.041188,467.978013
0.700428,0.047245,-0.033198,467.978013
0.998675,0.100008,-0.047346,467.978013
0.826565,0.037115,-0.039173,467.978013
0.242261,0.094761,-0.003008,467.978013
0.083464,0.004760,-0.000435,467.978013
0.163093,0.035283,-0.007746,467.978013
0.021139,0.059772,-0.001022,467.978013
0.423358,0.036354,-0.020074,467.978013
0.252359,0.030276,-0.011974,467.978013
0.379397,0.065045,-0.017992,467.978013
0.084310,0.038355,-0.004014,467.978013
0.672666,0.054782,-0.031883,467.978013
0.772103,0.046502,-0.036593,467.978013
0.476985,0.018004,-0.022614,467.978013
0.131309,0.037363,-0.006241,467.978013
0.760352,0.037139,-0.036036,467.978013
0.663317,0.056710,-0.031440,467.978013
0.469995,0.085857,-0.022283,467.978013
0.813273,0.074247,-0.038543,467.978013
0.534923,0.057755,-0.025359,467.978013
0.464290,0.005601,-0.010513,467.978013
0.722869,0.004443,-0.025016,467.978013
0.275740,0.030414,-0.013082,467.978013
0.194901,0.004650,-0.001996,467.978013
0.606234,0.063071,-0.028736,467.978013
0.220985,0.051935,-0.010488,467.978013
0.203549,0.077246,-0.009662,467.978013
0.540717,0.047550,-0.025633,467.978013
0.397924,0.084413,-0.018869,467.978013
0.186126,0.095609,-0.001833,467.978013
0.987146,0.024592,-0.046779,467.978013
0.162678,0.002669,-0.001426,467.978013
0.497201,0.096894,-0.012014,467.978013
0.575330,0.095809,-0.015980,467.978013
0.190250,0.003769,-0.001908,467.978013
0.764076,0.003984,-0.027901,467.978013
0.683273,0.004041,-0.022392,467.978013
0.186974,0.046681,-0.008877,467.978013
-0.000000,0.100000,0.000000,467.978013
0.209269,0.063048,-0.009933,467.978013
0.806472,0.098728,-0.031032,467.978013
0.144210,0.053664,-0.006852,467.978013
0.681879,0.068527,-0.032319,467.978013
0.434914,0.033739,-0.020621,467.978013
0.657701,0.068241,-0.031174,467.978013
0.262303,0.024746,-0.012445,467.978013
0.459900,0.099187,-0.010321,467.978013
0.748626,0.051403,-0.035481,467.978013
0.826615,0.049103,-0.039175,467.978013
0.828113,0.014859,-0.039246,467.978013
0.968482,0.085309,-0.045895,467.978013
0.042291,0.074702,-0.002024,467.978013
0.714208,0.003746,-0.024429,467.978013
0.334077,0.070905,-0.015845,467.978013
0.563868,0.058328,-0.026730,467.978013
0.223785,0.027535,-0.010621,467.978013
0.803876,0.094269,-0.030835,467.978013
0.947036,0.029349,-0.044879,467.978013
0.403607,0.005568,-0.008008,467.978013
0.821279,0.096632,-0.032166,467.978013
0.564277,0.005011,-0.015385,467.978013
0.177581,0.018088,-0.008432,467.978013
0.104479,0.094974,-0.000644,467.978013
0.617266,0.065525,-0.029259,467.978013
0.135497,0.034519,-0.006439,467.978013
0.405264,0.056509,-0.019217,467.978013
0.429303,0.014686,-0.020356,467.978013
0.683798,0.084220,-0.032410,467.978013
0.898417,0.047487,-0.042576,467.978013
0.373133,0.014892,-0.017695,467.978013
0.088472,0.031144,-0.004211,467.978013
0.166987,0.003951,-0.001497,467.978013
0.304098,0.018784,-0.014425,467.978013
0.970718,0.040068,-0.046001,467.978013
0.119887,0.039783,-0.005699,467.978013
0.465810,0.096581,-0.010581,467.978013
0.330783,0.033943,-0.015689,467.978013
0.745414,0.034764,-0.035329,467.978013
0.815107,0.059112,-0.038630,467.978013
0.944572,0.095126,-0.042400,467.978013
0.876587,0.058053,-0.041542,467.978013
0.715606,0.025765,-0.033917,467.978013
0.671136,0.063402,-0.031811,467.978013
0.413443,0.035391,-0.019604,467.978013
0.893439,0.034101,-0.042340,467.978013
0.964629,0.094858,-0.044200,467.978013
0.960494,0.053696,-0.045517,467.978013
0.653577,0.019794,-0.030979,467.978013
0.014985,0.017297,-0.000731,467.978013
0.431869,0.065663,-0.020477,467.978013
0.771983,0.052250,-0.036587,467.978013
0.034113,0.005716,-0.000110,467.978013
0.051271,0.001235,-0.000198,467.978013
0.115724,0.041954,-0.005502,467.978013
0.206210,0.099554,-0.002220,467.978013
0.319627,0.095865,-0.005106,467.978013
0.849752,0.054964,-0.040271,467.978013
0.529602,0.094393,-0.013590,467.978013
0.247658,0.002756,-0.003135,467.978013
0.129770,0.032535,-0.006168,467.978013
0.555802,0.096528,-0.014936,467.978013
0.237058,0.002404,-0.002885,467.978013
0.378249,0.058308,-0.017937,467.978013
0.441839,0.060820,-0.020949,467.978013
0.815921,0.054911,-0.038669,467.978013
0.245483,0.025019,-0.011649,467.978013
0.472648,0.037695,-0.022409,467.978013
0.397452,0.050016,-0.018847,467.978013
0.294800,0.029418,-0.013985,467.978013
0.771240,0.063112,-0.036552,467.978013
-0.000000,0.000000,0.000000,467.978013
0.042442,0.097139,-0.000153,467.978013
0.503962,0.052887,-0.023892,467.978013
0.285881,0.097485,-0.004123,467.978013
0.417720,0.024702,-0.019807,467.978013
0.336154,0.078210,-0.015943,467.978013
0.285200,0.060692,-0.013530,467.978013
0.972903,0.004746,-0.046104,467.978013
0.058432,0.037555,-0.002789,467.978013
0.382364,0.098969,-0.007213,467.978013
0.249098,0.018334,-0.011820,467.978013
-0.000000,0.100000,0.000000,467.978013
0.426057,0.051575,-0.020202,467.978013
0.396338,0.066184,-0.018794,467.978013
0.511380,0.075469,-0.024243,467.978013
0.381948,0.056600,-0.018113,467.978013
0.064104,0.095916,-0.000284,467.978013
0.450089,0.063813,-0.021340,467.978013
0.337409,0.005189,-0.005665,467.978013
0.045541,0.039774,-0.002178,467.978013
0.913521,0.001736,-0.039692,467.978013
0.481106,0.099942,-0.011268,467.978013
0.798691,0.017863,-0.037852,467.978013
0.384139,0.028361,-0.018216,467.978013
0.288742,0.028803,-0.013698,467.978013
0.388525,0.060641,-0.018424,467.978013
0.335533,0.033278,-0.015914,467.978013
0.609103,0.088166,-0.028872,467.978013
0.550622,0.026951,-0.026102,467.978013
0.986822,0.081625,-0.046764,467.978013
0.836514,0.084728,-0.039644,467.978013
0.931700,0.087566,-0.044153,467.978013
0.097344,0.082195,-0.004632,467.978013
0.098910,0.019977,-0.004706,467.978013
0.275515,0.098738,-0.003842,467.978013
0.607200,0.066262,-0.028782,467.978013
0.164115,0.005599,-0.001450,467.978013
0.275114,0.076187,-0.013052,467.978013
0.476640,0.049364,-0.022598,467.978013
0.930145,0.096142,-0.041129,467.978013
0.730236,0.079365,-0.034610,467.978013
0.379565,0.022330,-0.018000,467.978013
0.441387,0.071823,-0.020928,467.978013
0.792769,0.070723,-0.037572,467.978013
0.257023,0.032040,-0.012195,467.978013
0.613619,0.023327,-0.029086,467.978013
0.168231,0.065011,-0.007989,467.978013
0.064908,0.052540,-0.003095,467.978013
0.418813,0.068512,-0.019859,467.978013
0.001824,0.055512,-0.000107,467.978013
0.705026,0.033289,-0.033416,467.978013
0.478744,0.015883,-0.022697,467.978013
0.519009,0.036619,-0.024605,467.978013
0.650968,0.052340,-0.030855,467.978013
0.998675,0.100008,-0.047346,467.978013
0.642253,0.014165,-0.030442,467.978013
-0.000000,0.100000,0.000000,467.978013
0.145799,0.003995,-0.001166,467.978013
0.292058,0.016633,-0.013855,467.978013
0.221320,0.000453,-0.002534,467.978013
0.569224,0.073757,-0.026983,467.978013
0.857531,0.046220,-0.040640,467.978013
0.927267,0.087656,-0.043943,467.978013
0.305839,0.050507,-0.014507,467.978013
0.367414,0.084626,-0.017424,467.978013
0.213457,0.055622,-0.010132,467.978013
0.241131,0.062403,-0.011442,467.978013
0.041556,0.039856,-0.001989,467.978013
0.173002,0.056516,-0.008215,467.978013
0.443670,0.055838,-0.021036,467.978013
0.771387,0.062228,-0.036559,467.978013
0.944974,0.048427,-0.044781,467.978013
0.246124,0.026224,-0.011679,467.978013
0.051918,0.000435,-0.000202,467.978013
0.331470,0.076691,-0.015722,467.978013
0.534673,0.024516,-0.025347,467.978013
0.201372,0.033266,-0.009559,467.978013
0.941883,0.045602,-0.044635,467.978013
0.289770,0.062238,-0.013746,467.978013
0.867319,0.099527,-0.035821,467.978013
0.491545,0.044099,-0.023304,467.978013
0.824494,0.000628,-0.032417,467.978013
0.452752,0.061862,-0.021466,467.978013
0.565875,0.096250,-0.015470,467.978013
0.818923,0.005631,-0.031986,467.978013
0.286863,0.074913,-0.013609,467.978013
0.354446,0.033827,-0.016810,467.978013
0.048075,0.086006,-0.002298,467.978013
0.660380,0.073734,-0.031301,467.978013
0.684574,0.047084,-0.032447,467.978013
0.923544,0.087402,-0.043766,467.978013
0.007560,0.075168,-0.000379,467.978013
0.335296,0.014542,-0.015903,467.978013
0.716922,0.076139,-0.033979,467.978013
0.954031,0.096498,-0.043244,467.978013
0.131165,0.075406,-0.006234,467.978013
0.948539,0.071369,-0.044950,467.978013
0.098798,0.055227,-0.004701,467.978013
0.811462,0.032207,-0.038457,467.978013
0.145526,0.085643,-0.006914,467.978013
0.126017,0.096422,-0.000898,467.978013
0.127801,0.076242,-0.006074,467.978013
0.960294,0.054151,-0.045507,467.978013
0.630333,0.043728,-0.029878,467.978013
0.912626,0.098089,-0.039612,467.978013
0.695525,0.060909,-0.032966,467.978013
0.280543,0.058205,-0.013309,467.978013
0.637052,0.075987,-0.030196,467.978013
0.115127,0.078108,-0.005474,467.978013
0.682385,0.019518,-0.032343,467.978013
-0.000000,0.100000,0.000000,467.978013
0.336572,0.035925,-0.015963,467.978013
0.208829,0.041829,-0.009912,467.978013
0.466685,0.046426,-0.022126,467.978013
0.473077,0.058695,-0.022429,467.978013
0.383409,0.099303,-0.007251,467.978013
0.218345,0.048089,-0.010363,467.978013
0.881761,0.038537,-0.041787,467.978013
0.241202,0.053394,-0.011446,467.978013
0.795628,0.028732,-0.037707,467.978013
0.040212,0.096708,-0.000142,467.978013
0.056439,0.048249,-0.002694,467.978013
0.538978,0.076073,-0.025551,467.978013
0.594995,0.026095,-0.028204,467.978013
0.061997,0.071873,-0.002957,467.978013
0.716480,0.077115,-0.033958,467.978013
0.201132,0.056993,-0.009548,467.978013
0.576943,0.004630,-0.016068,467.978013
0.832077,0.071189,-0.039434,467.978013
0.532691,0.004452,-0.013746,467.978013
0.307406,0.038585,-0.014582,467.978013
0.217883,0.038300,-0.010341,467.978013
0.072446,0.013247,-0.003452,467.978013
0.461704,0.094883,-0.010400,467.978013
0.561831,0.002748,-0.015255,467.978013
0.931236,0.065425,-0.044131,467.978013
0.157555,0.025279,-0.007484,467.978013
0.217960,0.041773,-0.010345,467.978013
0.037994,0.057467,-0.001820,467.978013
0.040449,0.078730,-0.001937,467.978013
0.143079,0.052316,-0.006798,467.978013
0.238153,0.051295,-0.011301,467.978013
0.061232,0.056706,-0.002921,467.978013
0.154131,0.059880,-0.007322,467.978013
0.793823,0.015514,-0.037622,467.978013
0.683802,0.044504,-0.032411,467.978013
0.152155,0.059702,-0.007228,467.978013
0.540508,0.002322,-0.014143,467.978013
0.975956,0.033359,-0.046249,467.978013
0.030496,0.048028,-0.001465,467.978013
0.296991,0.039598,-0.014088,467.978013
0.135785,0.071642,-0.006453,467.978013
0.646079,0.071979,-0.030624,467.978013
0.370880,0.066906,-0.017588,467.978013
0.503714,0.023922,-0.023880,467.978013
0.034861,0.087350,-0.001672,467.978013
0.596145,0.094892,-0.017132,467.978013
0.776362,0.088394,-0.036795,467.978013
0.612868,0.000281,-0.018087,467.978013
0.166018,0.099084,-0.001483,467.978013
0.873176,0.014680,-0.041381,467.978013
0.164488,0.018567,-0.007812,467.978013
0.165705,0.013767,-0.007870,467.978013
0.844339,0.004262,-0.033975,467.978013
0.372883,0.068156,-0.017683,467.978013
0.178471,0.098368,-0.001696,467.978013
0.471263,0.062225,-0.022343,467.978013
0.202092,0.004255,-0.002136,467.978013
0.527235,0.014595,-0.024994,467.978013
0.809762,0.035834,-0.038377,467.978013
0.566545,0.059809,-0.026856,467.978013
0.533234,0.048009,-0.025279,467.978013
0.054862,0.040022,-0.002619,467.978013
0.979669,0.071096,-0.046425,467.978013
0.226794,0.050209,-0.010763,467.978013
0.975328,0.086692,-0.046219,467.978013
0.594862,0.030639,-0.028198,467.978013
0.194263,0.039373,-0.009222,467.978013
0.486264,0.097216,-0.011504,467.978013
0.730264,0.065888,-0.034611,467.978013
0.539098,0.085687,-0.025556,467.978013
0.486128,0.076578,-0.023047,467.978013
0.268584,0.030467,-0.012743,467.978013
0.819822,0.062278,-0.038853,467.978013
0.998675,-0.000008,-0.047346,467.978013
0.038361,0.022921,-0.001838,467.978013
0.911599,0.076168,-0.043201,467.978013
0.055821,0.060774,-0.002665,467.978013
0.890817,0.001559,-0.037767,467.978013
0.327047,0.074895,-0.015512,467.978013
0.937707,0.001067,-0.041796,467.978013
0.410585,0.045092,-0.019469,467.978013
0.726115,0.003501,-0.025237,467.978013
0.906529,0.053434,-0.042960,467.978013
0.160751,0.087134,-0.007635,467.978013
0.861493,0.024658,-0.040827,467.978013
0.316752,0.065566,-0.015024,467.978013
0.746211,0.070002,-0.035367,467.978013
0.324293,0.052656,-0.015382,467.978013
0.322140,0.095488,-0.005183,467.978013
0.131027,0.099596,-0.000964,467.978013
0.870930,0.096789,-0.036117,467.978013
0.404465,0.028510,-0.019179,467.978013
0.701345,0.097241,-0.023570,467.978013
0.555099,0.050656,-0.026314,467.978013
0.058109,0.031160,-0.002773,467.978013
0.813586,0.096369,-0.031574,467.978013
0.248907,0.096766,-0.003167,467.978013
0.222520,0.017481,-0.010561,467.978013
0.279795,0.068807,-0.013274,467.978013
0.252148,0.015733,-0.011964,467.978013
0.570707,0.043317,-0.027054,467.978013
0.897137,0.002634,-0.038298,467.978013
0.111082,0.075944,-0.005282,467.978013
0.259552,0.001051,-0.003427,467.978013
0.650431,0.037413,-0.030830,467.978013
0.223723,0.001647,-0.002586,467.978013
0.460400,0.081283,-0.021829,467.978013
0.219741,0.098169,-0.002502,467.978013
0.616115,0.029478,-0.029204,467.978013
0.989611,0.087579,-0.046896,467.978013
0.977368,0.041272,-0.046316,467.978013
0.927592,0.075586,-0.043958,467.978013
0.606442,0.003555,-0.017717,467.978013
0.594588,0.094266,-0.017044,467.978013
0.826553,0.050649,-0.039172,467.978013
0.660340,0.063330,-0.031299,467.978013
0.946384,0.094613,-0.042561,467.978013
0.533690,0.000693,-0.013796,467.978013
0.705774,0.064178,-0.033451,467.978013
0.378943,0.076857,-0.017970,467.978013
0.834075,0.000854,-0.033164,467.978013
0.822662,0.017147,-0.038988,467.978013
0.130964,0.082660,-0.006224,467.978013
0.401133,0.046963,-0.019021,467.978013
0.831636,0.034104,-0.039413,467.978013
0.575105,0.022336,-0.027262,467.978013
0.393298,0.094264,-0.007617,467.978013
0.528252,0.012807,-0.025043,467.978013
0.212230,0.084758,-0.010073,467.978013
0.394908,0.004886,-0.007677,467.978013
0.150248,0.003835,-0.001232,467.978013
0.980610,0.037998,-0.046469,467.978013
0.086112,0.071544,-0.004100,467.978013
0.549517,0.097247,-0.014607,467.978013
0.989678,0.075578,-0.046899,467.978013
0.861882,0.059312,-0.040846,467.978013
0.393552,0.045534,-0.018662,467.978013
0.759925,0.027030,-0.036016,467.978013
0.263249,0.058198,-0.012490,467.978013
0.678445,0.023161,-0.032157,467.978013
0.150772,0.003136,-0.001240,467.978013
0.075726,0.042483,-0.003608,467.978013
0.928610,0.004788,-0.040999,467.978013
0.379724,0.096585,-0.007117,467.978013
0.824721,0.075394,-0.039085,467.978013
0.455772,0.052744,-0.021609,467.978013
0.286842,0.099943,-0.004149,467.978013
0.213700,0.069617,-0.010143,467.978013
0.059612,0.096474,-0.000253,467.978013
0.030456,0.073174,-0.001463,467.978013
0.452117,0.002870,-0.009983,467.978013
0.621455,0.015475,-0.029457,467.978013
0.229105,0.019727,-0.010873,467.978013
0.962094,0.094498,-0.043970,467.978013
0.255498,0.016573,-0.012123,467.978013
0.728310,0.052542,-0.034519,467.978013
0.643236,0.001490,-0.019888,467.978013
0.906255,0.096612,-0.039068,467.978013
0.091717,0.037837,-0.004365,467.978013
0.503383,0.061665,-0.023865,467.978013
0.466418,0.067426,-0.022114,467.978013
0.051368,0.058909,-0.002454,467.978013
0.682488,0.084955,-0.032348,467.978013
0.191607,0.005084,-0.001933,467.978013
0.161066,0.021904,-0.007650,467.978013
0.611037,0.095851,-0.017981,467.978013
0.302630,0.002376,-0.004596,467.978013
0.671234,0.030790,-0.031815,467.978013
0.379882,0.060549,-0.018015,467.978013
0.998675,-0.000008,-0.047346,467.978013
0.964492,0.033036,-0.045706,467.978013
0.190814,0.042891,-0.009059,467.978013
0.797514,0.021857,-0.037797,467.978013
0.379170,0.042903,-0.017981,467.978013
0.134743,0.014991,-0.006403,467.978013
0.340003,0.077146,-0.016126,467.978013
0.940697,0.082071,-0.044579,467.978013
0.102699,0.004767,-0.000622,467.978013
0.581715,0.094392,-0.016329,467.978013
0.228809,0.096936,-0.002700,467.978013
0.596900,0.038047,-0.028294,467.978013
0.379080,0.060202,-0.017977,467.978013
-0.000000,0.000000,0.000000,467.978013
0.471121,0.005201,-0.010816,467.978013
0.000633,0.084461,-0.000051,467.978013
0.395299,0.027857,-0.018745,467.978013
0.393945,0.076011,-0.018681,467.978013
0.811289,0.012798,-0.038449,467.978013
0.007774,0.048187,-0.000389,467.978013
0.707394,0.061557,-0.033528,467.978013
0.737323,0.005178,-0.026010,467.978013
0.186322,0.020604,-0.008846,467.978013
0.747058,0.097235,-0.026688,467.978013
0.514169,0.054601,-0.024375,467.978013
0.353532,0.082469,-0.016767,467.978013
0.396004,0.077159,-0.018778,467.978013
0.565912,0.018760,-0.026826,467.978013
0.898808,0.083846,-0.042595,467.978013
0.278229,0.045042,-0.013200,467.978013
0.288653,0.048098,-0.013693,467.978013
0.024417,0.030798,-0.001177,467.978013
0.628263,0.005427,-0.018989,467.978013
0.335097,0.050639,-0.015893,467.978013
0.357570,0.057784,-0.016958,467.978013
0.321064,0.015409,-0.015229,467.978013
0.236836,0.062818,-0.011239,467.978013
0.068382,0.050202,-0.003260,467.978013
0.669586,0.055046,-0.031737,467.978013
0.926558,0.005053,-0.040820,467.978013
0.687917,0.042820,-0.032605,467.978013
0.884489,0.097720,-0.037236,467.978013
0.576783,0.087434,-0.027341,467.978013
0.844487,0.098309,-0.033984,467.978013
0.816933,0.032362,-0.038717,467.978013
0.416138,0.095091,-0.008498,467.978013
0.569225,0.075393,-0.026983,467.978013
0.185470,0.045270,-0.008806,467.978013
0.283965,0.095134,-0.004070,467.978013
0.879977,0.072131,-0.041703,467.978013
0.770012,0.020460,-0.036494,467.978013
0.647637,0.003269,-0.020156,467.978013
0.207546,0.075837,-0.009852,467.978013
0.068093,0.012022,-0.003246,467.978013
0.546864,0.029051,-0.025924,467.978013
0.795336,0.054820,-0.037694,467.978013
0.831187,0.099468,-0.032936,467.978013
0.810849,0.037284,-0.038428,467.978013
0.627421,0.029832,-0.029740,467.978013
0.598345,0.016918,-0.028363,467.978013
0.333770,0.075091,-0.015830,467.978013
0.471773,0.044419,-0.022367,467.978013
0.877026,0.042828,-0.041563,467.978013
0.901680,0.014689,-0.042731,467.978013
0.427572,0.039537,-0.020274,467.978013
0.576753,0.060725,-0.027340,467.978013
0.511518,0.017231,-0.024250,467.978013
0.974721,0.016176,-0.046191,467.978013
0.162173,0.047191,-0.007702,467.978013
0.474503,0.080714,-0.022497,467.978013
0.167749,0.088355,-0.007967,467.978013
0.337080,0.085462,-0.015987,467.978013
0.074682,0.067326,-0.003558,467.978013
0.958975,0.063850,-0.045445,467.978013
0.028976,0.028350,-0.001393,467.978013
0.592231,0.029505,-0.028073,467.978013
0.745860,0.082822,-0.035350,467.978013
0.264628,0.041993,-0.012555,467.978013
0.907824,0.071613,-0.043022,467.978013
0.975663,0.027492,-0.046235,467.978013
0.477781,0.030924,-0.022652,467.978013
0.430996,0.048927,-0.020436,467.978013
0.923635,0.099064,-0.040562,467.978013
0.331144,0.038379,-0.015706,467.978013
0.489456,0.080267,-0.023205,467.978013
0.698347,0.064734,-0.033099,467.978013
0.402764,0.062088,-0.019099,467.978013
0.563968,0.043724,-0.026734,467.978013
0.888221,0.014800,-0.042093,467.978013
0.709977,0.078805,-0.033650,467.978013
0.029080,0.082898,-0.001398,467.978013
0.347190,0.042080,-0.016466,467.978013
0.443860,0.000480,-0.009632,467.978013
0.717842,0.033380,-0.034023,467.978013
0.104942,0.094365,-0.000649,467.978013
0.815830,0.022052,-0.038664,467.978013
0.481325,0.080873,-0.022820,467.978013
0.085980,0.080920,-0.004093,467.978013
0.103473,0.099078,-0.000634,467.978013
0.113152,0.033275,-0.005380,467.978013
0.467647,0.099282,-0.010662,467.978013
0.893260,0.096676,-0.037969,467.978013
0.801435,0.040223,-0.037982,467.978013
0.284697,0.086120,-0.013506,467.978013
0.021875,0.053948,-0.001057,467.978013
0.718571,0.028181,-0.034057,467.978013
0.137090,0.081719,-0.006514,467.978013
0.349888,0.061095,-0.016594,467.978013
0.754516,0.022166,-0.035760,467.978013
0.888660,0.047767,-0.042114,467.978013
0.048249,0.043034,-0.002306,467.978013
0.719866,0.026199,-0.034119,467.978013
0.738202,0.048869,-0.034987,467.978013
0.566043,0.002074,-0.015479,467.978013
0.517357,0.027691,-0.024527,467.978013
0.381109,0.066811,-0.018073,467.978013
0.610173,0.004185,-0.017932,467.978013
0.226246,0.053651,-0.010737,467.978013
0.643637,0.047008,-0.030508,467.978013
0.742960,0.088114,-0.035213,467.978013
0.266774,0.075319,-0.012657,467.978013
0.480053,0.084408,-0.022760,467.978013
0.073761,0.096637,-0.000357,467.978013
0.962129,0.004623,-0.043977,467.978013
0.150646,0.053642,-0.007156,467.978013
-0.000000,0.000000,0.000000,467.978013
0.553528,0.074575,-0.026240,467.978013
-0.000000,0.100000,0.000000,467.978013
0.682009,0.052584,-0.032326,467.978013
0.619826,0.002073,-0.018492,467.978013
0.959488,0.049719,-0.045469,467.978013
0.588978,0.054092,-0.027919,467.978013
0.926926,0.097292,-0.040849,467.978013
0.951204,0.075642,-0.045077,467.978013
0.998675,0.100008,-0.047346,467.978013
0.416816,0.000852,-0.008524,467.978013
0.522985,0.002409,-0.013261,467.978013
0.813298,0.094362,-0.031552,467.978013
0.481486,0.025386,-0.022827,467.978013
0.431375,0.082043,-0.020454,467.978013
0.080550,0.084171,-0.003836,467.978013
0.640547,0.045314,-0.030362,467.978013
0.430424,0.055314,-0.020409,467.978013
0.945711,0.051473,-0.044816,467.978013
0.998675,-0.000008,-0.047346,467.978013
0.021815,0.018235,-0.001054,467.978013
0.062996,0.055394,-0.003005,467.978013
0.268298,0.085290,-0.012729,467.978013
0.629744,0.094656,-0.019076,467.978013
0.890267,0.068354,-0.042190,467.978013
0.540117,0.054268,-0.025605,467.978013
0.647039,0.044800,-0.030669,467.978013
0.008011,0.078311,-0.000400,467.978013
0.323899,0.076166,-0.015363,467.978013
0.586970,0.095203,-0.016619,467.978013
0.219167,0.055775,-0.010402,467.978013
0.077760,0.027225,-0.003704,467.978013
0.564115,0.097979,-0.015376,467.978013
0.010701,0.082450,-0.000528,467.978013
0.666506,0.062109,-0.031591,467.978013
0.262365,0.002453,-0.003498,467.978013
0.264627,0.049462,-0.012555,467.978013
0.576405,0.001447,-0.016039,467.978013
0.673186,0.045371,-0.031908,467.978013
0.153171,0.004840,-0.001277,467.978013
0.355416,0.015324,-0.016856,467.978013
0.309006,0.078381,-0.014658,467.978013
0.596857,0.019771,-0.028292,467.978013
0.662949,0.003616,-0.021102,467.978013
0.761613,0.085617,-0.036096,467.978013
0.261993,0.063779,-0.012431,467.978013
-0.000000,0.000000,0.000000,467.978013
0.931919,0.073330,-0.044163,467.978013
0.547964,0.025864,-0.025976,467.978013
0.595793,0.030651,-0.028242,467.978013
0.139091,0.060872,-0.006609,467.978013
0.418486,0.051721,-0.019843,467.978013
0.306370,0.074519,-0.014533,467.978013
0.832403,0.046281,-0.039449,467.978013
0.422029,0.057041,-0.020011,467.978013
0.372413,0.086228,-0.017661,467.978013
0.247215,0.030633,-0.011731,467.978013
0.253419,0.013999,-0.012025,467.978013
0.287551,0.016889,-0.013641,467.978013
0.958000,0.022570,-0.045398,467.978013
0.889897,0.018742,-0.042173,467.978013
0.679941,0.043262,-0.032228,467.978013
0.797619,0.082594,-0.037802,467.978013
0.401536,0.012597,-0.019040,467.978013
0.756577,0.003907,-0.027364,467.978013
0.832536,0.062842,-0.039456,467.978013
0.394754,0.004879,-0.007671,467.978013
0.179625,0.015404,-0.008529,467.978013
0.003902,0.085550,-0.000206,467.978013
0.856927,0.023319,-0.040611,467.978013
0.846357,0.022134,-0.040110,467.978013
0.613302,0.016983,-0.029071,467.978013
0.739601,0.054924,-0.035054,467.978013
0.226089,0.013586,-0.010730,467.978013
0.651166,0.028976,-0.030865,467.978013
0.757325,0.003614,-0.027417,467.978013
0.570029,0.001750,-0.015693,467.978013
0.125076,0.070895,-0.005945,467.978013
0.521324,0.087498,-0.024714,467.978013
0.461324,0.034070,-0.021872,467.978013
0.824438,0.002723,-0.032413,467.978013
0.834877,0.070527,-0.039567,467.978013
0.853619,0.096655,-0.034713,467.978013
0.876726,0.019845,-0.041549,467.978013
0.298795,0.083629,-0.014174,467.978013
0.223493,0.098726,-0.002583,467.978013
0.476797,0.030697,-0.022605,467.978013
0.448643,0.027974,-0.021272,467.978013
0.835716,0.038174,-0.039606,467.978013
0.710873,0.097358,-0.024204,467.978013
0.811721,0.078532,-0.038470,467.978013
0.225142,0.055379,-0.010685,467.978013
0.332213,0.074166,-0.015757,467.978013
0.404209,0.096961,-0.008032,467.978013
0.463007,0.088125,-0.021952,467.978013
0.904506,0.039599,-0.042865,467.978013
0.370621,0.097758,-0.006791,467.978013
0.405191,0.004177,-0.008069,467.978013
0.094410,0.060303,-0.004493,467.978013
0.139684,0.083960,-0.006637,467.978013
0.827106,0.097616,-0.032617,467.978013
0.615247,0.015868,-0.029163,467.978013
0.338934,0.019252,-0.016075,467.978013
0.829279,0.063993,-0.039301,467.978013
0.805892,0.072403,-0.038194,467.978013
0.859533,0.082171,-0.040734,467.978013
0.964861,0.086809,-0.045723,467.978013
0.226654,0.075936,-0.010757,467.978013
0.210157,0.082604,-0.009975,467.978013
0.883485,0.095109,-0.037152,467.978013
0.273287,0.065187,-0.012966,467.978013
0.036478,0.037991,-0.001749,467.978013
0.406270,0.021671,-0.019265,467.978013
0.506530,0.019893,-0.024014,467.978013
0.902926,0.079726,-0.042790,467.978013
0.642510,0.098525,-0.019843,467.978013
0.347800,0.041169,-0.016495,467.978013
0.865252,0.098249,-0.035653,467.978013
0.271665,0.002553,-0.003739,467.978013
0.471205,0.072657,-0.022340,467.978013
0.411837,0.060075,-0.019528,467.978013
0.430149,0.067873,-0.020396,467.978013
0.671511,0.016672,-0.031828,467.978013
0.062227,0.078833,-0.002968,467.978013
0.347028,0.097195,-0.005981,467.978013
0.113348,0.050313,-0.005390,467.978013
0.644466,0.036809,-0.030547,467.978013
0.176078,0.058225,-0.008361,467.978013
0.909262,0.078036,-0.043090,467.978013
0.285079,0.075982,-0.013524,467.978013
-0.000000,0.100000,0.000000,467.978013
0.833529,0.016665,-0.039503,467.978013
0.926778,0.034739,-0.043920,467.978013
0.062801,0.041756,-0.002995,467.978013
0.467781,0.042171,-0.022178,467.978013
0.923189,0.046457,-0.043750,467.978013
0.435158,0.031561,-0.020633,467.978013
0.168638,0.067894,-0.008009,467.978013
0.341268,0.071245,-0.016186,467.978013
0.141810,0.014858,-0.006738,467.978013
0.314829,0.066867,-0.014933,467.978013
0.998675,0.100008,-0.047346,467.978013
0.618334,0.084984,-0.029309,467.978013
0.388444,0.099323,-0.007436,467.978013
0.121363,0.031857,-0.005769,467.978013
0.103867,0.094287,-0.000638,467.978013
0.650316,0.072385,-0.030824,467.978013
0.635744,0.029894,-0.030134,467.978013
0.230491,0.078766,-0.010938,467.978013
0.597552,0.080116,-0.028325,467.978013
0.634724,0.032330,-0.030086,467.978013
0.463636,0.099402,-0.010485,467.978013
0.180432,0.058578,-0.008567,467.978013
0.446708,0.028848,-0.021180,467.978013
0.520775,0.037262,-0.024688,467.978013
0.000552,0.072599,-0.000047,467.978013
0.345783,0.012231,-0.016400,467.978013
0.436859,0.081554,-0.020714,467.978013
0.996275,0.062081,-0.047211,467.978013
0.743639,0.000814,-0.026450,467.978013
0.434943,0.030478,-0.020623,467.978013
0.676353,0.071804,-0.032058,467.978013
0.796970,0.038449,-0.037771,467.978013
0.427735,0.043832,-0.020281,467.978013
0.367969,0.023764,-0.017450,467.978013
0.353928,0.029805,-0.016785,467.978013
0.496232,0.021909,-0.023526,467.978013
0.135168,0.036923,-0.006423,467.978013
0.318706,0.095068,-0.005077,467.978013
0.253341,0.020814,-0.012021,467.978013
0.250350,0.019956,-0.011879,467.978013
-0.000000,0.000000,0.000000,467.978013
0.134523,0.039480,-0.006393,467.978013
0.804888,0.057590,-0.038146,467.978013
0.384531,0.024248,-0.018235,467.978013
0.396360,0.047995,-0.018795,467.978013
0.310694,0.071453,-0.014737,467.978013
0.814839,0.021038,-0.038617,467.978013
0.703976,0.062959,-0.033366,467.978013
0.711943,0.098950,-0.024276,467.978013
-0.000000,0.100000,0.000000,467.978013
0.832706,0.042889,-0.039464,467.978013
0.014093,0.083361,-0.000688,467.978013
0.089270,0.098356,-0.000491,467.978013
0.650833,0.040668,-0.030849,467.978013
0.392515,0.065584,-0.018613,467.978013
0.804370,0.097406,-0.030873,467.978013
0.385915,0.002845,-0.007342,467.978013
0.254626,0.058383,-0.012082,467.978013
0.284075,0.061759,-0.013477,467.978013
0.663885,0.040740,-0.031467,467.978013
0.918215,0.015203,-0.043514,467.978013
0.925456,0.018399,-0.043857,467.978013
0.926218,0.035385,-0.043893,467.978013
0.107135,0.039106,-0.005095,467.978013
0.308887,0.032467,-0.014652,467.978013
0.064011,0.066337,-0.003053,467.978013
0.674230,0.067082,-0.031957,467.978013
0.364339,0.016181,-0.017278,467.978013
0.891401,0.080517,-0.042244,467.978013
0.929534,0.082510,-0.044050,467.978013
0.934602,0.046485,-0.044290,467.978013
0.616279,0.004314,-0.018285,467.978013
0.533688,0.047332,-0.025300,467.978013
0.243476,0.086046,-0.011554,467.978013
0.217716,0.099371,-0.002459,467.978013
0.456719,0.046532,-0.021654,467.978013
0.274087,0.052278,-0.013003,467.978013
0.232698,0.024905,-0.011043,467.978013
0.644050,0.078239,-0.030528,467.978013
0.463258,0.046125,-0.021964,467.978013
0.674738,0.024192,-0.031981,467.978013
0.268475,0.058378,-0.012738,467.978013
0.280028,0.095544,-0.003963,467.978013
0.969629,0.017618,-0.045949,467.978013
0.854818,0.081269,-0.040511,467.978013
0.136548,0.078100,-0.006489,467.978013
0.548437,0.099912,-0.014551,467.978013
0.382197,0.015594,-0.018124,467.978013
0.997141,0.057370,-0.047252,467.978013
0.794187,0.026712,-0.037639,467.978013
0.329572,0.082213,-0.015632,467.978013
0.759195,0.043930,-0.035982,467.978013
0.985987,0.095943,-0.046724,467.978013
0.988532,0.048349,-0.046845,467.978013
0.349485,0.084842,-0.016575,467.978013
0.093922,0.067328,-0.004470,467.978013
0.445614,0.096474,-0.009706,467.978013
0.805657,0.069131,-0.038182,467.978013
0.535199,0.094452,-0.013872,467.978013
0.454821,0.099834,-0.010100,467.978013
0.717348,0.027457,-0.033999,467.978013
0.461304,0.000736,-0.010382,467.978013
0.713182,0.098748,-0.024359,467.978013
0.741587,0.056803,-0.035148,467.978013
0.896112,0.003112,-0.038211,467.978013
0.497784,0.096446,-0.012042,467.978013
0.069100,0.047997,-0.003294,467.978013
0.858134,0.056875,-0.040668,467.978013
0.386154,0.032940,-0.018312,467.978013
0.048241,0.003026,-0.000180,467.978013
0.742016,0.053734,-0.035168,467.978013
0.003437,0.084678,-0.000184,467.978013
0.776055,0.072023,-0.036780,467.978013
0.927184,0.078120,-0.043939,467.978013
0.568589,0.080618,-0.026953,467.978013
0.084847,0.076681,-0.004040,467.978013
0.583387,0.051443,-0.027654,467.978013
0.894073,0.048180,-0.042370,467.978013
0.946514,0.016215,-0.044854,467.978013
0.744181,0.058516,-0.035270,467.978013
0.141784,0.016691,-0.006737,467.978013
0.694038,0.037961,-0.032895,467.978013
0.167158,0.096287,-0.001502,467.978013
0.910545,0.063729,-0.043151,467.978013
0.523647,0.011528,-0.024824,467.978013
0.353209,0.031908,-0.016751,467.978013
0.825205,0.099940,-0.032470,467.978013
0.555716,0.018938,-0.026343,467.978013
0.556221,0.056813,-0.026367,467.978013
0.114800,0.087288,-0.005459,467.978013
0.488504,0.071833,-0.023160,467.978013
0.285197,0.002078,-0.004102,467.978013
0.105779,0.012848,-0.005031,467.978013
0.178625,0.061986,-0.008482,467.978013
0.169560,0.003914,-0.001540,467.978013
0.255082,0.020167,-0.012103,467.978013
0.775891,0.014693,-0.036772,467.978013
0.342916,0.073228,-0.016264,467.978013
0.994812,0.018301,-0.047142,467.978013
0.882161,0.062647,-0.041806,467.978013
0.558323,0.059128,-0.026467,467.978013
0.767925,0.080436,-0.036395,467.978013
0.288824,0.018431,-0.013702,467.978013
0.733287,0.056513,-0.034754,467.978013
0.773262,0.061079,-0.036648,467.978013
0.597710,0.064478,-0.028333,467.978013
0.259377,0.088085,-0.012307,467.978013
0.372397,0.085059,-0.017660,467.978013
0.879996,0.071091,-0.041704,467.978013
0.556482,0.018961,-0.026380,467.978013
0.035956,0.056569,-0.001724,467.978013
0.731066,0.069179,-0.034649,467.978013
0.522883,0.012354,-0.024788,467.978013
0.662231,0.080116,-0.031389,467.978013
0.142162,0.013702,-0.006755,467.978013
0.808317,0.078534,-0.038308,467.978013
-0.000000,0.000000,0.000000,467.978013
0.051985,0.031088,-0.002483,467.978013
0.467901,0.070117,-0.022184,467.978013
0.677524,0.001814,-0.022023,467.978013
0.208142,0.002003,-0.002257,467.978013
0.736918,0.040477,-0.034926,467.978013
0.421432,0.087706,-0.019983,467.978013
0.877264,0.004011,-0.036640,467.978013
0.483452,0.002588,-0.011375,467.978013
0.211879,0.079814,-0.010057,467.978013
0.878779,0.049786,-0.041646,467.978013
0.228724,0.039847,-0.010855,467.978013
0.797944,0.063478,-0.037817,467.978013
0.185728,0.047952,-0.008818,467.978013
0.906836,0.015225,-0.042975,467.978013
0.082145,0.040317,-0.003912,467.978013
0.296467,0.075198,-0.014064,467.978013
0.364515,0.098641,-0.006576,467.978013
0.351967,0.075618,-0.016692,467.978013
0.687689,0.018077,-0.032595,467.978013
0.173081,0.016281,-0.008219,467.978013
0.623924,0.063680,-0.029574,467.978013
0.126627,0.012875,-0.006019,467.978013
0.956398,0.073412,-0.045323,467.978013
0.488849,0.084590,-0.023176,467.978013
0.376405,0.100006,-0.006997,467.978013
0.851882,0.050485,-0.040372,467.978013
0.748917,0.002903,-0.026821,467.978013
0.441581,0.043751,-0.020937,467.978013
0.016925,0.082846,-0.000822,467.978013
0.081568,0.078483,-0.003884,467.978013
0.523049,0.032475,-0.024796,467.978013
0.522699,0.035842,-0.024780,467.978013
0.951216,0.004972,-0.042996,467.978013
0.971661,0.003881,-0.046046,467.978013
0.845025,0.083054,-0.040047,467.978013
0.122380,0.084766,-0.005818,467.978013
0.159027,0.029045,-0.007553,467.978013
0.689064,0.095471,-0.022765,467.978013
0.320456,0.081538,-0.015200,467.978013
0.963818,0.053722,-0.045674,467.978013
0.996315,0.037846,-0.047213,467.978013
0.241376,0.030290,-0.011454,467.978013
0.470145,0.059215,-0.022290,467.978013
0.487856,0.078770,-0.023129,467.978013
0.962778,0.067346,-0.045625,467.978013
0.169081,0.095916,-0.001534,467.978013
0.977721,0.033321,-0.046333,467.978013
0.729814,0.065046,-0.034590,467.978013
0.100029,0.082124,-0.004759,467.978013
0.134924,0.047112,-0.006412,467.978013
0.108744,0.094972,-0.000691,467.978013
0.994473,0.040790,-0.047126,467.978013
0.267089,0.034395,-0.012672,467.978013
0.291492,0.094344,-0.004279,467.978013
0.433316,0.042763,-0.020546,467.978013
0.153869,0.099629,-0.001290,467.978013
0.632485,0.071417,-0.029980,467.978013
0.777169,0.054923,-0.036833,467.978013
0.976282,0.038731,-0.046264,467.978013
0.789542,0.016156,-0.037419,467.978013
0.769155,0.066954,-0.036453,467.978013
0.666062,0.067102,-0.031570,467.978013
0.098423,0.049558,-0.004683,467.978013
0.618945,0.080693,-0.029338,467.978013
0.687758,0.020237,-0.032598,467.978013
0.019837,0.037250,-0.000960,467.978013
0.003896,0.026881,-0.000205,467.978013
0.139437,0.003356,-0.001075,467.978013
0.349922,0.049718,-0.016596,467.978013
0.224357,0.094251,-0.002602,467.978013
0.000626,0.078268,-0.000050,467.978013
0.998675,0.100008,-0.047346,467.978013
0.365539,0.049378,-0.017335,467.978013
0.312529,0.004807,-0.004889,467.978013
0.372011,0.038524,-0.017642,467.978013
0.404969,0.067657,-0.019203,467.978013
0.395400,0.069614,-0.018750,467.978013
0.376728,0.097995,-0.007009,467.978013
0.520163,0.025005,-0.024659,467.978013
0.942690,0.041964,-0.044673,467.978013
0.666684,0.076853,-0.031600,467.978013
0.674563,0.015693,-0.031973,467.978013
0.490919,0.001324,-0.011720,467.978013
0.482186,0.042766,-0.022861,467.978013
0.231555,0.018550,-0.010989,467.978013
0.038063,0.062455,-0.001824,467.978013
0.525378,0.098549,-0.013379,467.978013
0.276327,0.002964,-0.003862,467.978013
0.077378,0.021096,-0.003686,467.978013
0.777835,0.097842,-0.028897,467.978013
0.763287,0.062189,-0.036176,467.978013
0.315772,0.088237,-0.014978,467.978013
0.667802,0.042316,-0.031653,467.978013
0.680379,0.064689,-0.032248,467.978013
0.405228,0.039210,-0.019215,467.978013
0.240694,0.027365,-0.011422,467.978013
0.313600,0.085152,-0.014875,467.978013
0.193478,0.096613,-0.001971,467.978013
0.812503,0.087159,-0.038507,467.978013
0.488046,0.019247,-0.023138,467.978013
0.662902,0.058949,-0.031421,467.978013
0.841117,0.076656,-0.039862,467.978013
0.939651,0.038173,-0.044529,467.978013
0.454782,0.014651,-0.021563,467.978013
0.424468,0.053620,-0.020127,467.978013
0.179728,0.088289,-0.008534,467.978013
0.010142,0.067961,-0.000501,467.978013
0.239556,0.094711,-0.002945,467.978013
0.916616,0.071531,-0.043438,467.978013
0.126581,0.004185,-0.000903,467.978013
0.405766,0.017282,-0.019241,467.978013
0.927134,0.071772,-0.043936,467.978013
0.989145,0.018792,-0.046874,467.978013
0.669150,0.001414,-0.021492,467.978013
0.409284,0.069451,-0.019407,467.978013
0.232995,0.069190,-0.011057,467.978013
0.222731,0.085636,-0.010571,467.978013
0.562391,0.029882,-0.026660,467.978013
0.759068,0.064424,-0.035976,467.978013
0.314990,0.001030,-0.004963,467.978013
0.666682,0.011945,-0.031600,467.978013
0.640884,0.058005,-0.030378,467.978013
0.609098,0.020542,-0.028872,467.978013
0.493444,0.083961,-0.023394,467.978013
0.460193,0.097426,-0.010334,467.978013
0.216793,0.077778,-0.010290,467.978013
0.161281,0.028657,-0.007660,467.978013
0.652925,0.039551,-0.030948,467.978013
0.584998,0.094651,-0.016510,467.978013
0.595065,0.094482,-0.017071,467.978013
0.113509,0.020728,-0.005397,467.978013
0.822457,0.028658,-0.038978,467.978013
0.496591,0.021675,-0.023543,467.978013
0.761227,0.046302,-0.036078,467.978013
0.795297,0.080378,-0.037692,467.978013
0.139148,0.083330,-0.006612,467.978013
0.768076,0.070871,-0.036402,467.978013
0.909984,0.030642,-0.043124,467.978013
0.108515,0.069757,-0.005161,467.978013
0.306102,0.097865,-0.004699,467.978013
0.651751,0.097323,-0.020407,467.978013
0.523392,0.056467,-0.024812,467.978013
0.580397,0.056943,-0.027513,467.978013
0.787952,0.065318,-0.037344,467.978013
0.747832,0.052556,-0.035443,467.978013
0.262848,0.065704,-0.012471,467.978013
0.683272,0.015505,-0.032385,467.978013
0.578938,0.044693,-0.027443,467.978013
0.062484,0.004269,-0.000269,467.978013
0.886211,0.071840,-0.041998,467.978013
0.844998,0.040904,-0.040046,467.978013
0.661114,0.077314,-0.031336,467.978013
0.741489,0.003936,-0.026300,467.978013
0.508519,0.034962,-0.024108,467.978013
0.767329,0.017103,-0.036367,467.978013
0.623448,0.070839,-0.029552,467.978013
0.716925,0.033572,-0.033979,467.978013
0.627300,0.099490,-0.018931,467.978013
0.937211,0.003432,-0.041753,467.978013
0.363125,0.014705,-0.017221,467.978013
0.130634,0.027585,-0.006209,467.978013
0.123544,0.074330,-0.005873,467.978013
0.435187,0.066927,-0.020634,467.978013
0.373713,0.098264,-0.006901,467.978013
0.076144,0.069780,-0.003628,467.978013
0.011596,0.070867,-0.000570,467.978013
0.669014,0.044228,-0.031710,467.978013
0.972028,0.042764,-0.046063,467.978013
0.302138,0.020728,-0.014332,467.978013
0.424658,0.086662,-0.020136,467.978013
0.255296,0.057269,-0.012113,467.978013
0.663151,0.003351,-0.021115,467.978013
0.217191,0.044900,-0.010309,467.978013
0.613037,0.056823,-0.029059,467.978013
0.641889,0.085509,-0.030425,467.978013
0.895631,0.095370,-0.038168,467.978013
0.558655,0.097299,-0.015086,467.978013
0.648343,0.076903,-0.030731,467.978013
0.090602,0.098060,-0.000504,467.978013
0.026641,0.012743,-0.001283,467.978013
0.517554,0.095096,-0.012993,467.978013
0.759082,0.002878,-0.027543,467.978013
0.881880,0.020589,-0.041793,467.978013
0.776849,0.056856,-0.036818,467.978013
0.074743,0.001441,-0.000361,467.978013
0.439179,0.002900,-0.009435,467.978013
0.103084,0.050845,-0.004904,467.978013
0.565107,0.022029,-0.026788,467.978013
0.887893,0.014857,-0.042078,467.978013
0.195993,0.052609,-0.009304,467.978013
0.653021,0.020820,-0.030953,467.978013
0.668665,0.055339,-0.031694,467.978013
0.263124,0.049866,-0.012484,467.978013
0.684961,0.002845,-0.022501,467.978013
0.792480,0.016597,-0.037558,467.978013
0.095991,0.042273,-0.004568,467.978013
0.621690,0.045824,-0.029468,467.978013
0.524377,0.000898,-0.013330,467.978013
0.055354,0.030326,-0.002643,467.978013
0.581292,0.028464,-0.027555,467.978013
0.743184,0.028095,-0.035223,467.978013
0.735644,0.045325,-0.034866,467.978013
0.185592,0.026319,-0.008812,467.978013
0.932035,0.021023,-0.044169,467.978013
0.427332,0.079960,-0.020262,467.978013
0.550725,0.047167,-0.026107,467.978013
0.930656,0.044187,-0.044103,467.978013
0.638354,0.012459,-0.030258,467.978013
0.684121,0.080334,-0.032426,467.978013
0.541737,0.031294,-0.025681,467.978013
0.428196,0.005256,-0.008982,467.978013
0.330383,0.029070,-0.015670,467.978013
0.572119,0.035402,-0.027120,467.978013
0.029640,0.069827,-0.001425,467.978013
0.915705,0.096005,-0.039877,467.978013
0.432648,0.081467,-0.020514,467.978013
0.713939,0.023933,-0.033838,467.978013
0.905396,0.022588,-0.042907,467.978013
-0.000000,0.100000,0.000000,467.978013
0.024390,0.052726,-0.001176,467.978013
0.197892,0.041759,-0.009394,467.978013
0.292066,0.072227,-0.013855,467.978013
0.122072,0.014024,-0.005803,467.978013
0.766284,0.040511,-0.036317,467.978013
0.094437,0.099431,-0.000541,467.978013
0.989576,0.036347,-0.046894,467.978013
0.621060,0.017436,-0.029439,467.978013
0.691094,0.026792,-0.032756,467.978013
0.454239,0.054367,-0.021537,467.978013
0.307648,0.064585,-0.014593,467.978013
0.778429,0.094435,-0.028941,467.978013
0.183912,0.058098,-0.008732,467.978013
0.093886,0.059976,-0.004468,467.978013
0.355271,0.084609,-0.016849,467.978013
0.064963,0.014337,-0.003098,467.978013
0.619762,0.072982,-0.029377,467.978013
0.742736,0.024716,-0.035202,467.978013
0.432604,0.005216,-0.009163,467.978013
0.998675,-0.000008,-0.047346,467.978013
0.432646,0.028046,-0.020514,467.978013
0.526877,0.027769,-0.024977,467.978013
0.293416,0.000689,-0.004332,467.978013
0.704360,0.018813,-0.033384,467.978013
0.566011,0.071416,-0.026831,467.978013
0.251784,0.030872,-0.011947,467.978013
0.602353,0.078467,-0.028553,467.978013
0.121580,0.002764,-0.000840,467.978013
0.503025,0.003779,-0.012290,467.978013
0.032588,0.018825,-0.001564,467.978013
0.529258,0.060756,-0.025090,467.978013
0.876529,0.048741,-0.041539,467.978013
0.674563,0.082328,-0.031973,467.978013
0.445202,0.065022,-0.021109,467.978013
0.480692,0.041214,-0.022790,467.978013
0.178209,0.098089,-0.001691,467.978013
0.818117,0.048272,-0.038773,467.978013
0.792478,0.099164,-0.029979,467.978013
0.270101,0.035695,-0.012815,467.978013
0.681280,0.074940,-0.032291,467.978013
0.347684,0.064644,-0.016490,467.978013
0.977389,0.022302,-0.046317,467.978013
0.597645,0.027614,-0.028329,467.978013
0.998675,0.100008,-0.047346,467.978013
0.200644,0.078967,-0.009525,467.978013
0.043248,0.015472,-0.002069,467.978013
0.791473,0.003870,-0.029907,467.978013
0.743613,0.073586,-0.035244,467.978013
0.843873,0.000926,-0.033938,467.978013
0.589516,0.000821,-0.016761,467.978013
0.663088,0.031028,-0.031429,467.978013
0.510604,0.001088,-0.012655,467.978013
0.852967,0.032105,-0.040423,467.978013
0.666044,0.072719,-0.031569,467.978013
0.772992,0.011845,-0.036635,467.978013
0.155212,0.062939,-0.007373,467.978013
0.449536,0.050033,-0.021314,467.978013
0.982103,0.012840,-0.046540,467.978013
0.043416,0.000290,-0.000154,467.978013
0.939616,0.076480,-0.044528,467.978013
0.567915,0.012229,-0.026921,467.978013
0.262572,0.087869,-0.012458,467.978013
0.568828,0.041594,-0.026965,467.978013
0.338067,0.098631,-0.005687,467.978013
0.862284,0.050227,-0.040865,467.978013
0.446735,0.085658,-0.021181,467.978013
0.064448,0.098268,-0.000287,467.978013
0.640417,0.066263,-0.030355,467.978013
0.053200,0.087421,-0.002541,467.978013
0.329179,0.053125,-0.015613,467.978013
0.583487,0.099694,-0.016426,467.978013
0.002698,0.025445,-0.000149,467.978013
0.212568,0.016057,-0.010090,467.978013
0.054532,0.097666,-0.000221,467.978013
0.624067,0.073312,-0.029581,467.978013
0.920732,0.032602,-0.043633,467.978013
0.731498,0.045028,-0.034670,467.978013
0.643270,0.001497,-0.019890,467.978013
0.575978,0.058761,-0.027303,467.978013
0.869709,0.065670,-0.041216,467.978013
0.571333,0.077396,-0.027083,467.978013
0.534779,0.024492,-0.025352,467.978013
0.911297,0.036176,-0.043186,467.978013
0.563690,0.047495,-0.026721,467.978013
0.872933,0.084867,-0.041369,467.978013
0.888049,0.078591,-0.042085,467.978013
0.810231,0.067549,-0.038399,467.978013
0.604205,0.096135,-0.017589,467.978013
0.329463,0.024254,-0.015626,467.978013
0.329429,0.002965,-0.005410,467.978013
0.070154,0.060425,-0.003344,467.978013
0.687588,0.084960,-0.032590,467.978013
0.936941,0.057215,-0.044401,467.978013
0.409049,0.014556,-0.019396,467.978013
0.992099,0.048747,-0.047014,467.978013
0.795530,0.015655,-0.037703,467.978013
0.441488,0.064602,-0.020933,467.978013
0.203364,0.013389,-0.009654,467.978013
0.468707,0.015268,-0.022222,467.978013
0.396982,0.079868,-0.018825,467.978013
0.827331,0.020722,-0.039209,467.978013
0.589226,0.081074,-0.027931,467.978013
0.931079,0.078402,-0.044123,467.978013
0.263815,0.062552,-0.012517,467.978013
0.266188,0.071792,-0.012629,467.978013
0.565037,0.049880,-0.026785,467.978013
0.637246,0.055543,-0.030205,467.978013
0.655109,0.048016,-0.031051,467.978013
0.032088,0.024178,-0.001541,467.978013
0.755734,0.020840,-0.035818,467.978013
0.567727,0.028353,-0.026912,467.978013
0.661689,0.061740,-0.031363,467.978013
0.953581,0.015868,-0.045189,467.978013
0.289890,0.030842,-0.013752,467.978013
0.519806,0.047417,-0.024642,467.978013
0.421629,0.013881,-0.019992,467.978013
0.901666,0.096064,-0.038678,467.978013
0.489305,0.059468,-0.023198,467.978013
0.223128,0.051887,-0.010590,467.978013
0.817160,0.081195,-0.038727,467.978013
0.107995,0.058786,-0.005136,467.978013
0.326675,0.027362,-0.015494,467.978013
0.511240,0.013112,-0.024237,467.978013
0.878202,0.072752,-0.041619,467.978013
0.363543,0.017167,-0.017241,467.978013
0.146795,0.000464,-0.001181,467.978013
0.661463,0.097359,-0.021008,467.978013
0.617487,0.005001,-0.018356,467.978013
0.626233,0.056330,-0.029684,467.978013
0.007238,0.029508,-0.000364,467.978013
0.214274,0.024201,-0.010170,467.978013
0.824717,0.056416,-0.039085,467.978013
0.514379,0.070774,-0.024385,467.978013
0.276776,0.087138,-0.013131,467.978013
0.424468,0.083804,-0.020127,467.978013
0.135816,0.002071,-0.001025,467.978013
0.777878,0.014331,-0.036867,467.978013
0.703917,0.015594,-0.033363,467.978013
0.113722,0.011974,-0.005407,467.978013
0.725853,0.063071,-0.034402,467.978013
0.867633,0.081245,-0.041118,467.978013
0.679893,0.073342,-0.032225,467.978013
0.202267,0.083742,-0.009602,467.978013
0.028900,0.071946,-0.001390,467.978013
0.417802,0.027638,-0.019811,467.978013
0.988560,0.096117,-0.046400,467.978013
0.582831,0.081471,-0.027628,467.978013
0.980392,0.064237,-0.046459,467.978013
0.806101,0.037918,-0.038203,467.978013
0.145827,0.022046,-0.006928,467.978013
0.114970,0.015574,-0.005467,467.978013
0.438999,0.094821,-0.009428,467.978013
0.401377,0.086301,-0.019033,467.978013
0.532561,0.096953,-0.013739,467.978013
0.550454,0.044573,-0.026094,467.978013
0.888761,0.002670,-0.037595,467.978013
0.410308,0.040858,-0.019456,467.978013
0.297356,0.005248,-0.004444,467.978013
0.169219,0.095479,-0.001537,467.978013
0.605227,0.012091,-0.028689,467.978013
0.336896,0.002547,-0.005648,467.978013
0.570672,0.048546,-0.027052,467.978013
0.440150,0.013061,-0.020869,467.978013
0.168086,0.011752,-0.007983,467.978013
0.825608,0.028148,-0.039127,467.978013
0.421066,0.087256,-0.019965,467.978013
0.742734,0.064429,-0.035202,467.978013
0.902853,0.095843,-0.038778,467.978013
0.694567,0.042825,-0.032920,467.978013
0.883146,0.095299,-0.037124,467.978013
0.139104,0.056347,-0.006610,467.978013
0.282159,0.070027,-0.013386,467.978013
0.496807,0.082006,-0.023553,467.978013
0.686176,0.071018,-0.032523,467.978013
0.135000,0.050173,-0.006415,467.978013
0.253255,0.040223,-0.012017,467.978013
0.703548,0.059088,-0.033346,467.978013
0.772273,0.020177,-0.036601,467.978013
0.050367,0.022188,-0.002407,467.978013
0.923713,0.066451,-0.043774,467.978013
0.218292,0.029681,-0.010361,467.978013
0.401839,0.027509,-0.019055,467.978013
0.179523,0.080905,-0.008524,467.978013
0.199464,0.021492,-0.009469,467.978013
0.049425,0.098611,-0.000190,467.978013
0.676808,0.099979,-0.021976,467.978013
0.433735,0.033570,-0.020566,467.978013
0.931819,0.077190,-0.044158,467.978013
0.180948,0.024653,-0.008592,467.978013
0.456554,0.001023,-0.010175,467.978013
0.304356,0.024626,-0.014437,467.978013
0.685407,0.057550,-0.032487,467.978013
0.172985,0.063234,-0.008215,467.978013
0.701378,0.097661,-0.023572,467.978013
0.862158,0.064038,-0.040859,467.978013
0.583684,0.050093,-0.027668,467.978013
0.231707,0.073966,-0.010996,467.978013
0.972583,0.081961,-0.046089,467.978013
0.942005,0.012665,-0.044641,467.978013
0.282809,0.095482,-0.004039,467.978013
0.531562,0.094545,-0.013689,467.978013
0.402472,0.051915,-0.019085,467.978013
0.853403,0.031788,-0.040444,467.978013
0.424494,0.015469,-0.020128,467.978013
0.134714,0.094682,-0.001013,467.978013
0.237609,0.035800,-0.011276,467.978013
0.288862,0.003103,-0.004204,467.978013
0.629515,0.028543,-0.029839,467.978013
0.297691,0.014490,-0.014122,467.978013
0.362565,0.022972,-0.017194,467.978013
0.223987,0.086891,-0.010630,467.978013
0.672075,0.096097,-0.021675,467.978013
0.368128,0.019761,-0.017458,467.978013
0.903774,0.096799,-0.038857,467.978013
0.645099,0.096768,-0.020000,467.978013
0.172367,0.002456,-0.001587,467.978013
0.053637,0.081252,-0.002561,467.978013
0.257310,0.084889,-0.012209,467.978013
0.813142,0.070679,-0.038537,467.978013
0.601700,0.055765,-0.028522,467.978013
0.273140,0.021105,-0.012959,467.978013
0.888327,0.094912,-0.037555,467.978013
0.660292,0.099908,-0.020935,467.978013
0.814667,0.040794,-0.038609,467.978013
0.361854,0.084924,-0.017161,467.978013
0.458038,0.031498,-0.021717,467.978013
0.825908,0.025259,-0.039142,467.978013
0.614651,0.043869,-0.029135,467.978013
0.385295,0.041927,-0.018271,467.978013
0.151234,0.098249,-0.001250,467.978013
0.354797,0.061475,-0.016826,467.978013
0.995988,0.087602,-0.047198,467.978013
0.913827,0.061226,-0.043306,467.978013
0.516339,0.062684,-0.024478,467.978013
0.888362,0.032596,-0.042100,467.978013
0.044535,0.003408,-0.000160,467.978013
0.615250,0.095648,-0.018225,467.978013
0.077651,0.004485,-0.000385,467.978013
0.556315,0.060493,-0.026372,467.978013
0.931227,0.067293,-0.044130,467.978013
0.332160,0.099063,-0.005498,467.978013
0.772551,0.021077,-0.036614,467.978013
0.711670,0.023025,-0.033731,467.978013
0.519129,0.020139,-0.024610,467.978013
0.906397,0.096449,-0.039080,467.978013
0.773872,0.079160,-0.036677,467.978013
0.977329,0.003891,-0.046314,467.978013
0.951611,0.065589,-0.045096,467.978013
0.495375,0.004726,-0.011928,467.978013
0.431778,0.087688,-0.020473,467.978013
0.776564,0.018186,-0.036804,467.978013
0.459723,0.071988,-0.021797,467.978013
0.907143,0.075498,-0.042990,467.978013
0.625248,0.026000,-0.029637,467.978013
0.286622,0.063343,-0.013597,467.978013
0.332910,0.001651,-0.005520,467.978013
0.093128,0.053327,-0.004432,467.978013
0.573440,0.003237,-0.015878,467.978013
0.483779,0.053286,-0.022936,467.978013
0.261046,0.017907,-0.012386,467.978013
0.168779,0.095400,-0.001529,467.978013
0.869529,0.077507,-0.041208,467.978013
0.047312,0.060779,-0.002262,467.978013
0.599222,0.004022,-0.017306,467.978013
0.253057,0.050948,-0.012007,467.978013
0.751456,0.084330,-0.035615,467.978013
0.092005,0.066166,-0.004379,467.978013
0.330350,0.041342,-0.015669,467.978013
-0.000000,0.000000,0.000000,467.978013
0.094952,0.036363,-0.004518,467.978013
0.930368,0.081284,-0.044090,467.978013
0.227405,0.041143,-0.010792,467.978013
0.561416,0.061352,-0.026613,467.978013
0.423842,0.029942,-0.020097,467.978013
0.577970,0.067369,-0.027398,467.978013
0.874732,0.004008,-0.036431,467.978013
0.042373,0.098534,-0.000153,467.978013
0.085458,0.017084,-0.004069,467.978013
0.764414,0.051773,-0.036229,467.978013
0.103741,0.001551,-0.000634,467.978013
0.428726,0.097498,-0.009004,467.978013
0.821456,0.045097,-0.038931,467.978013
0.216784,0.078925,-0.010289,467.978013
0.169294,0.036450,-0.008040,467.978013
0.751464,0.095612,-0.026999,467.978013
0.985352,0.054850,-0.046694,467.978013
0.040585,0.041771,-0.001943,467.978013
0.726712,0.053811,-0.034443,467.978013
0.428449,0.028874,-0.020315,467.978013
0.946138,0.039547,-0.044837,467.978013
0.925103,0.056590,-0.043840,467.978013
0.008586,0.030427,-0.000427,467.978013
0.621314,0.014812,-0.029451,467.978013
0.989802,0.061948,-0.046905,467.978013
0.325213,0.072093,-0.015425,467.978013
0.070957,0.097634,-0.000335,467.978013
0.321180,0.051768,-0.015234,467.978013
0.673362,0.002824,-0.021758,467.978013
0.840661,0.011603,-0.039840,467.978013
0.707997,0.015224,-0.033557,467.978013
0.304021,0.081147,-0.014421,467.978013
0.866548,0.029812,-0.041067,467.978013
0.754079,0.095397,-0.027185,467.978013
0.271721,0.081031,-0.012891,467.978013
0.327249,0.034552,-0.015522,467.978013
0.231289,0.067680,-0.010976,467.978013
0.407422,0.033202,-0.019319,467.978013
0.272243,0.000690,-0.003754,467.978013
0.180785,0.035452,-0.008584,467.978013
0.204374,0.099507,-0.002184,467.978013
0.064716,0.068147,-0.003086,467.978013
0.002093,0.080809,-0.000120,467.978013
0.451020,0.012944,-0.021384,467.978013
0.246395,-0.000004,-0.003105,467.978013
0.221845,0.066867,-0.010529,467.978013
0.452484,0.017991,-0.021454,467.978013
0.756494,0.097468,-0.027356,467.978013
0.445262,0.096677,-0.009691,467.978013
0.416654,0.032470,-0.019757,467.978013
0.542975,0.044858,-0.025740,467.978013
0.390873,0.025181,-0.018535,467.978013
0.232608,0.042010,-0.011039,467.978013
0.910562,0.000471,-0.039438,467.978013
0.535720,0.058669,-0.025396,467.978013
0.829468,0.023709,-0.039310,467.978013
0.581516,0.011626,-0.027566,467.978013
0.326412,0.065028,-0.015482,467.978013
0.233622,0.043271,-0.011087,467.978013
0.349654,0.016314,-0.016583,467.978013
0.827415,0.030430,-0.039213,467.978013
0.386020,0.039263,-0.018305,467.978013
0.488372,0.001079,-0.011602,467.978013
0.340155,0.005388,-0.005754,467.978013
0.611944,0.025835,-0.029007,467.978013
0.110208,0.003082,-0.000705,467.978013
0.936526,0.060748,-0.044381,467.978013
0.336271,0.037510,-0.015949,467.978013
0.799953,0.015348,-0.037912,467.978013
0.770591,0.097268,-0.028369,467.978013
0.960560,0.099294,-0.043831,467.978013
0.959650,0.084635,-0.045477,467.978013
0.107074,0.001286,-0.000670,467.978013
0.311016,0.042620,-0.014753,467.978013
0.973197,0.036696,-0.046118,467.978013
0.309681,0.022799,-0.014690,467.978013
0.550503,0.084458,-0.026097,467.978013
0.634977,0.026538,-0.030098,467.978013
0.585212,0.015327,-0.027741,467.978013
0.491939,0.088068,-0.023323,467.978013
0.955979,0.023364,-0.045303,467.978013
0.258240,0.012545,-0.012253,467.978013
0.517457,0.094321,-0.012988,467.978013
0.374872,0.067873,-0.017777,467.978013
0.859421,0.081014,-0.040729,467.978013
0.178310,0.060824,-0.008467,467.978013
0.840056,0.020809,-0.039812,467.978013
0.720242,0.081224,-0.034137,467.978013
0.952004,0.046089,-0.045114,467.978013
0.366647,0.099712,-0.006651,467.978013
0.713683,0.074860,-0.033826,467.978013
0.768978,0.099278,-0.028253,467.978013
0.623068,0.031384,-0.029534,467.978013
0.222617,0.014515,-0.010566,467.978013
0.795527,0.016651,-0.037703,467.978013
0.198088,0.012135,-0.009404,467.978013
0.219003,0.059760,-0.010394,467.978013
0.833187,0.086988,-0.039486,467.978013
0.564295,0.021863,-0.026750,467.978013
0.947547,0.087069,-0.044903,467.978013
0.933143,0.068109,-0.044221,467.978013
0.537009,0.014450,-0.025457,467.978013
0.803049,0.080204,-0.038059,467.978013
0.224904,0.003527,-0.002612,467.978013
0.855520,0.069634,-0.040544,467.978013
-0.000000,0.100000,0.000000,467.978013
0.857348,0.032034,-0.040631,467.978013
0.522030,0.087629,-0.024748,467.978013
0.042867,0.026130,-0.002051,467.978013
0.919648,0.074517,-0.043582,467.978013
0.792619,0.044547,-0.037565,467.978013
0.462198,0.046820,-0.021914,467.978013
0.179083,0.003688,-0.001704,467.978013
0.277117,0.037794,-0.013147,467.978013
0.412676,0.015119,-0.019568,467.978013
0.065317,0.028087,-0.003115,467.978013
0.924362,0.004318,-0.040629,467.978013
0.354158,0.024235,-0.016796,467.978013
0.469286,0.002916,-0.010735,467.978013
0.038808,0.087901,-0.001859,467.978013
0.325452,0.055302,-0.015437,467.978013
0.368106,0.052187,-0.017457,467.978013
0.345117,0.031001,-0.016368,467.978013
0.068576,0.003953,-0.000313,467.978013
0.224565,0.002355,-0.002605,467.978013
0.701704,0.082936,-0.033258,467.978013
0.906990,0.082771,-0.042982,467.978013
0.169353,0.083236,-0.008043,467.978013
0.356649,0.044795,-0.016914,467.978013
0.614029,0.036323,-0.029106,467.978013
0.323321,0.057337,-0.015336,467.978013
0.197515,0.046482,-0.009376,467.978013
0.553177,0.020377,-0.026223,467.978013
0.563501,0.083998,-0.026712,467.978013
0.480259,0.031497,-0.022769,467.978013
0.121164,0.053845,-0.005760,467.978013
0.819584,0.058732,-0.038842,467.978013
0.114078,0.027813,-0.005424,467.978013
0.572812,0.049242,-0.027153,467.978013
0.441122,0.021167,-0.020915,467.978013
0.799725,0.016128,-0.037901,467.978013
0.882248,0.078488,-0.041810,467.978013
0.544083,0.077183,-0.025792,467.978013
0.277033,0.027398,-0.013143,467.978013
0.736046,0.012048,-0.034885,467.978013
0.736386,0.055064,-0.034901,467.978013
0.655238,0.081603,-0.031058,467.978013
0.711707,0.073819,-0.033732,467.978013
0.610266,0.077459,-0.028927,467.978013
0.500775,0.002996,-0.012183,467.978013
0.683929,0.048923,-0.032417,467.978013
0.908158,0.018672,-0.043038,467.978013
0.848223,0.056935,-0.040199,467.978013
0.031959,0.029150,-0.001535,467.978013
0.265376,0.019394,-0.012591,467.978013
0.370091,0.072037,-0.017551,467.978013
0.635616,0.038844,-0.030128,467.978013
0.139802,0.013697,-0.006643,467.978013
0.542494,0.075053,-0.025717,467.978013
0.486257,0.054001,-0.023053,467.978013
0.881387,0.035722,-0.041770,467.978013
0.914571,0.014003,-0.043341,467.978013
0.055193,0.086785,-0.002635,467.978013
0.035581,0.033391,-0.001706,467.978013
0.949015,0.083178,-0.044973,467.978013
0.994208,0.084175,-0.047114,467.978013
0.628093,0.000398,-0.018979,467.978013
0.083595,0.061627,-0.003980,467.978013
0.160888,0.000958,-0.001398,467.978013
0.127183,0.026083,-0.006045,467.978013
0.846239,0.094707,-0.034123,467.978013
0.580590,0.082102,-0.027522,467.978013
0.844152,0.021284,-0.040006,467.978013
0.291413,0.078769,-0.013824,467.978013
0.553425,0.075153,-0.026235,467.978013
0.432329,0.087984,-0.020499,467.978013
0.237041,0.038127,-0.011249,467.978013
0.749146,0.036041,-0.035506,467.978013
0.314610,0.098434,-0.004953,467.978013
0.497284,0.056472,-0.023576,467.978013
0.310002,0.087028,-0.014705,467.978013
0.238549,0.099372,-0.002922,467.978013
0.916776,0.095588,-0.039969,467.978013
0.450737,0.066806,-0.021371,467.978013
0.887792,0.061331,-0.042073,467.978013
0.411205,0.005324,-0.008303,467.978013
0.564114,0.097123,-0.015376,467.978013
0.167667,0.041722,-0.007963,467.978013
0.109796,0.071198,-0.005222,467.978013
0.594282,0.060791,-0.028170,467.978013
0.309378,0.097435,-0.004796,467.978013
0.223155,0.015977,-0.010591,467.978013
0.089400,0.094254,-0.000492,467.978013
0.561653,0.021257,-0.026625,467.978013
0.380511,0.062151,-0.018045,467.978013
0.157109,0.000404,-0.001338,467.978013
0.614850,0.026090,-0.029144,467.978013
0.658126,0.069634,-0.031194,467.978013
0.154626,0.066837,-0.007345,467.978013
0.380181,0.001151,-0.007133,467.978013
0.219074,0.039274,-0.010398,467.978013
0.206024,0.024570,-0.009780,467.978013
0.358603,0.075438,-0.017007,467.978013
0.516825,0.000542,-0.012957,467.978013
0.742504,0.052468,-0.035191,467.978013
0.830872,0.071187,-0.039377,467.978013
0.722416,0.035535,-0.034240,467.978013
0.701659,0.052996,-0.033256,467.978013
0.073397,0.095479,-0.000354,467.978013
0.535009,0.064306,-0.025363,467.978013
0.755333,0.098863,-0.027274,467.978013
0.831454,0.073783,-0.039404,467.978013
0.869714,0.018372,-0.041217,467.978013
0.475497,0.075827,-0.022544,467.978013
0.702972,0.017151,-0.033319,467.978013
0.177136,0.045516,-0.008411,467.978013
0.394665,0.064528,-0.018715,467.978013
0.348386,0.002509,-0.006025,467.978013
0.215318,0.038601,-0.010220,467.978013
0.767851,0.076561,-0.036392,467.978013
0.349009,0.073112,-0.016552,467.978013
0.372438,0.060072,-0.017662,467.978013
0.938070,0.014106,-0.044454,467.978013
0.476504,0.053776,-0.022591,467.978013
0.811083,0.057381,-0.038439,467.978013
0.859076,0.001656,-0.035155,467.978013
0.354848,0.046103,-0.016829,467.978013
0.131763,0.099080,-0.000973,467.978013
0.073329,0.016015,-0.003494,467.978013
0.027770,0.083897,-0.001336,467.978013
