0.403490,0.013124,-0.013622,450.556169
0.985916,0.060097,-0.080083,362.259810
0.279616,0.009118,-0.006620,468.749683
0.911373,0.092448,-0.068457,373.816432
0.652215,0.002151,-0.035198,413.408410
0.879256,0.053713,-0.063733,378.772732
0.304329,0.050922,-0.007819,465.135987
0.936040,0.049098,-0.072202,370.000957
0.449195,0.015395,-0.016833,443.791870
0.627468,0.074720,-0.032599,417.140901
0.046572,0.052084,-0.000157,502.425769
0.973986,0.026140,-0.078160,364.114826
0.928779,0.014401,-0.071089,371.125422
0.303649,0.036752,-0.007785,465.235588
0.447994,0.000209,-0.016744,443.970116
0.635760,0.072943,-0.033459,415.890906
0.777930,0.059956,-0.049948,394.316172
0.287696,0.091539,-0.007001,467.568461
0.675069,0.084803,-0.037687,409.952710
0.734557,0.007888,-0.044566,400.927580
0.528163,0.085485,-0.023178,432.038456
0.197003,0.065709,-0.003328,480.769553
0.678465,0.012450,-0.038064,409.439343
0.143965,0.041415,-0.001794,488.439304
0.095463,0.088441,-0.000788,495.420008
0.697972,0.045511,-0.040266,406.483774
0.761915,0.087662,-0.047925,396.759866
0.258046,0.061978,-0.005654,471.896380
0.127557,0.043949,-0.001412,490.804480
0.334051,0.027831,-0.009392,460.779692
0.727233,0.018451,-0.043688,402.041307
0.501699,0.046295,-0.020939,435.986763
0.492526,0.059609,-0.020189,437.352900
0.370054,0.071199,-0.011487,455.486415
0.167975,0.079167,-0.002432,484.971569
0.870272,0.092211,-0.062442,380.156262
0.419130,0.067340,-0.014682,448.244007
0.341590,0.049696,-0.009813,459.672611
0.007763,0.079067,0.000070,507.964019
0.146593,0.010855,-0.001860,488.060351
0.701512,0.069978,-0.040673,405.946693
0.175917,0.012594,-0.002664,483.823573
0.418722,0.054225,-0.014654,448.304564
0.407234,0.007393,-0.013872,450.003037
0.808061,0.063171,-0.053870,389.708615
0.011595,0.067857,0.000058,507.418152
0.239309,0.006608,-0.004877,474.625742
0.428829,0.034387,-0.015360,446.809192
0.311536,0.066914,-0.008187,464.080485
0.735216,0.001187,-0.044645,400.827333
0.122620,0.074456,-0.001305,491.515057
0.182403,0.020336,-0.002861,482.884897
0.608087,0.063191,-0.030635,420.058819
0.620627,0.087048,-0.031899,418.171334
0.091161,0.099135,-0.000717,496.037620
0.858568,0.072050,-0.060780,381.957493
0.827791,0.006372,-0.056519,386.685337
0.814227,0.045691,-0.054691,388.764330
0.870173,0.043474,-0.062428,380.171821
0.796795,0.036391,-0.052386,391.433084
0.163383,0.099955,-0.002457,485.634639
0.953390,0.037646,-0.074896,367.312021
0.173617,0.047441,-0.002596,484.156049
0.340099,0.019161,-0.009729,459.891836
0.814162,0.058209,-0.054682,388.774146
0.859995,0.018683,-0.060982,381.738420
0.111020,0.045326,-0.001070,493.184535
0.903870,0.053611,-0.067338,374.975892
0.652429,0.048096,-0.035221,413.375634
0.588645,0.086806,-0.028725,422.980635
0.556499,0.093511,-0.025703,427.800871
0.867528,0.084593,-0.062050,380.578667
0.360198,0.045935,-0.010893,456.937346
0.920316,0.099343,-0.069803,372.433842
0.071893,0.031744,-0.000436,498.801743
0.076349,0.003178,-0.000496,498.163306
0.013419,0.083417,0.000052,507.158084
0.035962,0.073774,-0.000071,503.941815
0.190247,0.076262,-0.003107,481.748463
0.608241,0.092766,-0.030650,420.035434
0.627793,0.042458,-0.032633,417.092223
0.483134,0.008684,-0.019436,438.751020
0.239596,0.097884,-0.004888,474.583152
0.194080,0.042426,-0.003232,481.193444
0.864166,0.042135,-0.061572,381.096451
0.272890,0.071306,-0.006311,469.731225
0.211792,0.027830,-0.003837,478.624757
0.371720,0.036661,-0.011590,455.241494
0.362898,0.018381,-0.011054,456.540301
0.493387,0.085931,-0.020259,437.224484
0.278310,0.057172,-0.006560,468.940052
0.953981,0.043143,-0.074989,367.220304
0.083130,0.030604,-0.000593,497.190552
0.410365,0.092885,-0.014083,449.539643
0.724555,0.039768,-0.043369,402.448156
0.653189,0.020628,-0.035302,413.261138
0.188815,0.055361,-0.003062,481.956138
0.565505,0.077318,-0.026532,426.452035
0.970862,0.022434,-0.077661,364.600118
0.267863,0.040918,-0.006085,470.465063
0.715187,0.018506,-0.042262,403.871656
0.309588,0.032356,-0.008087,464.366057
0.639369,0.064505,-0.033837,415.346648
0.018782,0.096089,0.000030,506.393411
0.011831,0.066233,0.000057,507.384498
0.133811,0.072360,-0.001552,489.903057
0.773641,0.064974,-0.049402,394.970954
0.577947,0.043050,-0.027701,424.586717
0.622738,0.097946,-0.032114,417.853229
0.399630,0.058016,-0.013366,451.125753
0.916795,0.010601,-0.069271,372.979067
0.430744,0.055187,-0.015496,446.525557
0.698789,0.008600,-0.040360,406.360252
0.658235,0.045953,-0.035845,412.498561
0.837181,0.093046,-0.057803,385.243685
0.934423,0.053495,-0.071953,370.251275
0.462979,0.022695,-0.017867,441.746248
0.711860,0.075053,-0.041873,404.376265
0.747733,0.069895,-0.046168,398.921451
0.526223,0.045429,-0.023010,432.328610
0.325261,0.012544,-0.008912,462.069465
0.354570,0.084937,-0.010560,457.764838
0.805510,0.035478,-0.053532,390.099336
0.806576,0.077698,-0.053673,389.935822
0.302826,0.067170,-0.007743,465.355742
0.005451,0.005479,0.000075,508.293982
0.304789,0.083008,-0.007842,465.068290
0.325698,0.041827,-0.008935,462.005001
0.569581,0.018202,-0.026912,425.841630
0.050361,0.044982,-0.000193,501.884081
0.766671,0.079183,-0.048521,396.034618
0.013174,0.050490,0.000052,507.193273
0.357457,0.041723,-0.010730,457.340541
0.264445,0.030509,-0.005933,470.963627
0.588122,0.061274,-0.028674,423.059495
0.152814,0.077171,-0.002018,487.161959
0.631039,0.031141,-0.032968,416.603077
0.433425,0.024396,-0.015687,446.128786
0.438047,0.097392,-0.016018,445.443650
0.210395,0.036923,-0.003787,478.827322
0.154715,0.080925,-0.002068,486.887534
0.252142,0.080528,-0.005403,472.756677
0.563381,0.061252,-0.026336,426.770396
0.717982,0.066458,-0.042591,403.446741
0.873596,0.049589,-0.062918,379.644641
0.381860,0.087514,-0.012220,453.746937
0.122296,0.024012,-0.001298,491.562225
0.373671,0.075394,-0.011710,454.953772
0.164839,0.081930,-0.002344,485.424946
0.316862,0.020717,-0.008465,463.300553
0.769402,0.011753,-0.048866,395.618398
0.002988,0.022991,0.000081,508.644608
0.854304,0.040172,-0.060181,382.613392
0.887545,0.051179,-0.064935,377.495026
0.091367,0.090363,-0.000720,496.008054
0.011803,0.089673,0.000058,507.388280
0.364169,0.072057,-0.011131,456.352767
0.108807,0.092186,-0.001027,493.502397
0.216358,0.018043,-0.004001,477.961904
0.475314,0.017653,-0.018819,439.913740
0.131683,0.071725,-0.001504,490.209765
0.487344,0.041008,-0.019772,438.124391
0.362328,0.072380,-0.011020,456.623735
0.053575,0.097507,-0.000224,501.423930
0.768896,0.055402,-0.048802,395.695264
0.272069,0.036949,-0.006274,469.851306
0.406916,0.009855,-0.013851,450.050004
0.943000,0.073195,-0.073277,368.922596
0.323835,0.018262,-0.008835,462.278395
0.992813,0.046957,-0.081206,361.186772
0.656781,0.008632,-0.035688,412.718643
0.558118,0.034833,-0.025851,427.559064
0.983323,0.060402,-0.079664,362.663030
0.944284,0.071745,-0.073476,368.723522
0.988823,0.094616,-0.080556,361.807195
0.339119,0.095053,-0.009674,460.035041
0.673329,0.033408,-0.037494,410.216463
0.391595,0.041973,-0.012842,452.311787
0.511621,0.065876,-0.021765,434.507507
0.691473,0.033069,-0.039526,407.469108
0.850022,0.007704,-0.059581,383.272039
0.798134,0.007169,-0.052561,391.228432
0.722436,0.089630,-0.043117,402.769800
0.903779,0.001072,-0.067324,374.990298
0.787584,0.084016,-0.051189,392.841002
0.389286,0.017395,-0.012693,452.652606
0.709127,0.070783,-0.041554,404.791197
0.147502,0.047481,-0.001882,487.928874
0.305983,0.057542,-0.007903,464.893707
0.777075,0.013399,-0.049839,394.447177
0.139294,0.093062,-0.001681,489.112530
0.025281,0.087875,-0.000003,505.466433
0.634920,0.059802,-0.033371,416.017721
0.142693,0.030789,-0.001763,488.622882
0.164542,0.058432,-0.002335,485.468033
0.143093,0.020681,-0.001773,488.565270
0.662926,0.082496,-0.036354,411.789261
0.747518,0.013018,-0.046142,398.954654
0.487085,0.085037,-0.019751,438.162429
0.510755,0.063165,-0.021692,434.636636
0.223886,0.057709,-0.004278,476.868028
0.031944,0.028081,-0.000044,504.515931
0.532359,0.051182,-0.023544,431.412039
0.218810,0.009478,-0.004090,477.605871
0.938720,0.099689,-0.072615,369.585469
0.107043,0.061750,-0.000994,493.756271
0.982711,0.036628,-0.079564,362.758490
0.626868,0.027323,-0.032538,417.231675
0.898382,0.030044,-0.066525,375.823355
0.318879,0.015137,-0.008571,463.005040
0.079902,0.034708,-0.000546,497.653511
0.262304,0.010384,-0.005839,471.276085
0.070576,0.036801,-0.000419,498.990378
0.278475,0.074543,-0.006567,468.915761
0.175549,0.014618,-0.002653,483.876802
0.033877,0.050877,-0.000056,504.239746
0.341508,0.062921,-0.009808,459.684575
0.577187,0.084529,-0.027628,424.700497
0.016963,0.035146,0.000038,506.653203
0.520542,0.010335,-0.022522,433.176966
0.655089,0.084754,-0.035506,412.973576
0.161890,0.027818,-0.002262,485.851526
0.138705,0.047937,-0.001667,489.197870
0.258574,0.029204,-0.005677,471.819795
0.890055,0.097905,-0.065302,377.107526
0.714361,0.020593,-0.042165,403.997078
0.341977,0.094615,-0.009835,459.615349
0.326508,0.087340,-0.008979,461.885822
0.709508,0.040675,-0.041598,404.733682
0.209914,0.072501,-0.003770,478.896926
0.422957,0.089277,-0.014948,447.677820
0.065010,0.088759,-0.000350,499.787311
0.142662,0.036099,-0.001762,488.627274
0.518577,0.044957,-0.022354,433.470011
0.810998,0.089862,-0.054260,389.258501
0.913405,0.079253,-0.068762,373.502479
0.090690,0.039375,-0.000710,496.105705
0.469774,0.058200,-0.018389,440.736717
0.307191,0.074790,-0.007964,464.716757
0.638938,0.029341,-0.033791,415.411946
0.033735,0.007134,-0.000056,504.260321
0.727163,0.000307,-0.043679,402.052068
0.902284,0.022099,-0.067102,375.221005
0.633661,0.079458,-0.033240,416.207357
0.955424,0.002237,-0.075215,366.996945
0.439802,0.011257,-0.016145,445.184334
0.797546,0.037984,-0.052484,391.318068
0.027505,0.054121,-0.000016,505.149344
0.565521,0.018765,-0.026534,426.450121
0.608636,0.078038,-0.030689,419.976127
0.230472,0.018514,-0.004529,475.911051
0.061238,0.000184,-0.000307,500.328030
0.479167,0.005127,-0.019122,439.341036
0.080268,0.081129,-0.000551,497.600672
0.859806,0.051442,-0.060955,381.767278
0.979162,0.010423,-0.078992,363.310526
0.407583,0.095946,-0.013895,449.950708
0.937849,0.070742,-0.072480,369.720531
0.063907,0.022457,-0.000337,499.945691
0.781235,0.009829,-0.050371,393.811867
0.061733,0.005966,-0.000312,500.257192
0.082132,0.003768,-0.000578,497.333929
0.797401,0.021466,-0.052465,391.340447
0.654093,0.052821,-0.035399,413.124263
0.230986,0.099781,-0.004549,475.835665
0.897753,0.060533,-0.066432,375.920104
0.156923,0.033859,-0.002127,486.569027
0.377221,0.093033,-0.011930,454.430576
0.360217,0.015676,-0.010894,456.934830
0.053349,0.015402,-0.000222,501.456990
0.063075,0.023615,-0.000327,500.064889
0.515252,0.059768,-0.022072,433.965925
0.564733,0.057106,-0.026461,426.567900
0.059948,0.038348,-0.000292,500.512386
0.169049,0.078208,-0.002463,484.816393
0.743180,0.076146,-0.045611,399.614677
0.001454,0.052451,0.000084,508.862761
0.656332,0.020987,-0.035640,412.786258
0.732603,0.088963,-0.044331,401.224029
0.604342,0.098134,-0.030262,420.621877
0.822839,0.050966,-0.055848,387.444301
0.657570,0.064802,-0.035773,412.598838
0.348119,0.052445,-0.010186,458.713422
0.434355,0.092718,-0.015753,445.990457
0.820955,0.035385,-0.055594,387.733361
0.536241,0.095013,-0.023885,430.831475
0.283471,0.063775,-0.006801,468.186152
0.019097,0.022757,0.000028,506.349004
0.968905,0.040761,-0.077349,364.903957
0.687928,0.011669,-0.039124,408.006389
0.737665,0.091421,-0.044941,400.454001
0.978660,0.008230,-0.078911,363.388580
0.868666,0.050192,-0.062212,380.403856
0.134935,0.034329,-0.001578,489.741461
0.493406,0.081785,-0.020260,437.221588
0.607603,0.085100,-0.030586,420.131536
0.522509,0.098260,-0.022690,432.882642
0.306912,0.019544,-0.007950,464.758064
0.247333,0.006082,-0.005203,473.457622
0.045997,0.084668,-0.000152,502.507705
0.305085,0.073885,-0.007857,465.025131
0.902136,0.014049,-0.067080,375.243910
0.918700,0.016075,-0.069558,372.684605
0.106766,0.070735,-0.000989,493.796072
0.694888,0.062869,-0.039914,406.951159
0.930901,0.016226,-0.071413,370.796929
0.149359,0.039260,-0.001930,487.660955
0.390047,0.019963,-0.012742,452.540248
0.797847,0.021767,-0.052524,391.272225
0.314975,0.082183,-0.008366,463.576610
0.071588,0.089608,-0.000432,498.844981
0.470689,0.032269,-0.018460,440.600983
0.515461,0.084659,-0.022089,433.934633
0.979667,0.024145,-0.079073,363.231809
0.124498,0.077376,-0.001345,491.244675
0.558480,0.011747,-0.025884,427.505044
0.817003,0.044611,-0.055063,388.339054
0.258908,0.023123,-0.005692,471.771114
0.229036,0.046941,-0.004474,476.119603
0.530973,0.066313,-0.023423,431.618981
0.522681,0.043350,-0.022705,432.857443
0.265913,0.057625,-0.005998,470.749397
0.740118,0.037220,-0.045239,400.081170
0.151068,0.026315,-0.001974,487.414490
0.557839,0.090903,-0.025825,427.600274
0.700878,0.017948,-0.040600,406.043235
0.339406,0.008875,-0.009690,459.993663
0.488971,0.013305,-0.019902,437.882387
0.363959,0.026960,-0.011118,456.384121
0.170902,0.015189,-0.002517,484.548949
0.360677,0.009456,-0.010922,456.867216
0.396964,0.035487,-0.013191,451.519496
0.161213,0.044814,-0.002243,485.949287
0.834629,0.037309,-0.057452,385.635831
0.968314,0.026631,-0.077254,364.995964
0.575282,0.084634,-0.027448,424.986128
0.172729,0.056622,-0.002570,484.284353
0.344586,0.084363,-0.009983,459.232226
0.575838,0.015381,-0.027501,424.903351
0.510145,0.092012,-0.021641,434.727412
0.286482,0.033921,-0.006943,467.746384
0.930264,0.099609,-0.071316,370.894706
0.101668,0.094964,-0.000896,494.528478
0.848686,0.016729,-0.059395,383.477296
0.071025,0.056370,-0.000425,498.925866
0.945972,0.028816,-0.073738,368.462325
0.240170,0.061434,-0.004911,474.499997
0.517801,0.080899,-0.022288,433.585467
0.297177,0.078372,-0.007462,466.182211
0.648824,0.042139,-0.034836,413.919989
0.333942,0.003817,-0.009386,460.795878
0.061307,0.077992,-0.000307,500.317492
0.090437,0.006451,-0.000706,496.142296
0.129301,0.079549,-0.001450,490.552865
0.167448,0.031603,-0.002418,485.048251
0.407639,0.083926,-0.013899,449.942570
0.970016,0.068106,-0.077526,364.731189
0.108108,0.046296,-0.001014,493.603228
0.700798,0.091686,-0.040591,406.054736
0.040062,0.091996,-0.000102,503.355900
0.170342,0.084612,-0.002500,484.629363
0.924791,0.030801,-0.070481,371.742394
0.243299,0.090935,-0.005037,474.044279
0.480086,0.089308,-0.019194,439.203696
0.086016,0.020330,-0.000637,496.776635
0.827880,0.076812,-0.056531,386.671150
0.929625,0.013057,-0.071218,370.994450
0.802254,0.090252,-0.053103,390.597252
0.036683,0.089739,-0.000076,503.838697
0.840601,0.009312,-0.058274,384.719290
0.978353,0.042863,-0.078861,363.436021
0.227399,0.091564,-0.004411,476.357164
0.401510,0.096042,-0.013490,450.847753
0.062292,0.072475,-0.000318,500.176605
0.657677,0.088886,-0.035785,412.582583
0.629661,0.036856,-0.032826,416.810702
0.551284,0.098104,-0.025228,428.581528
0.052826,0.025171,-0.000217,501.531683
0.517716,0.002954,-0.022281,433.598761
0.612568,0.042907,-0.031083,419.384910
0.541318,0.005262,-0.024334,430.073309
0.841774,0.047941,-0.058436,384.538758
0.194676,0.072652,-0.003251,481.106809
0.631570,0.094006,-0.033023,416.522466
0.780459,0.045933,-0.050272,393.930048
0.370837,0.032686,-0.011536,455.371511
0.342648,0.028703,-0.009873,459.517307
0.895958,0.086085,-0.066168,376.196971
0.975673,0.068807,-0.078431,363.852258
0.085658,0.044884,-0.000631,496.827746
0.517394,0.072062,-0.022253,433.646207
0.589346,0.092688,-0.028793,422.875415
0.301659,0.061404,-0.007685,465.526648
0.413138,0.054112,-0.014271,449.130117
0.401699,0.085973,-0.013503,450.819925
0.587578,0.051031,-0.028622,423.141198
0.907787,0.093335,-0.067921,374.370476
0.311675,0.036862,-0.008195,464.060350
0.241960,0.070711,-0.004983,474.239451
0.883517,0.042991,-0.064349,378.116189
0.115803,0.065398,-0.001164,492.496365
0.304507,0.071964,-0.007828,465.109712
0.850422,0.091928,-0.059637,383.209779
0.985738,0.070967,-0.080055,362.287303
0.789200,0.048890,-0.051398,392.594357
0.048412,0.055527,-0.000174,502.162750
0.480664,0.093511,-0.019240,439.117609
0.203457,0.082648,-0.003545,479.833630
0.541884,0.040713,-0.024385,429.988270
0.600154,0.074166,-0.029848,421.251621
0.730275,0.041969,-0.044051,401.578572
0.547604,0.081129,-0.024896,429.132412
0.935058,0.040056,-0.072051,370.153130
0.725120,0.096566,-0.043436,402.361782
0.611480,0.014455,-0.030974,419.548867
0.494126,0.096082,-0.020319,437.114357
0.455495,0.072165,-0.017302,442.856710
0.625199,0.023294,-0.032366,417.483195
0.547556,0.012316,-0.024892,429.140147
0.629522,0.056898,-0.032811,416.831400
0.937868,0.098860,-0.072483,369.717351
0.900508,0.019597,-0.066839,375.495221
0.729181,0.048597,-0.043920,401.744784
0.204175,0.069015,-0.003570,479.729571
0.497216,0.074118,-0.020571,436.654264
0.695772,0.051120,-0.040015,406.817234
0.976719,0.067025,-0.078599,363.689709
0.380561,0.089754,-0.012139,453.938487
0.045892,0.076711,-0.000151,502.522817
0.302374,0.015737,-0.007721,465.422379
0.388524,0.080094,-0.012644,452.764440
0.888432,0.021645,-0.065065,377.358527
0.603286,0.039316,-0.030157,420.781132
0.704217,0.060032,-0.040985,405.536418
0.536769,0.069855,-0.023931,430.752846
0.967854,0.051553,-0.077181,365.067093
0.365481,0.048652,-0.011210,456.159916
0.398553,0.063177,-0.013295,451.284620
0.080973,0.021767,-0.000561,497.500091
0.275511,0.061279,-0.006431,469.348673
0.279806,0.095675,-0.006629,468.721125
0.428338,0.020104,-0.015325,446.882070
0.183351,0.056271,-0.002890,482.747364
0.578425,0.016793,-0.027746,424.515277
0.480554,0.022613,-0.019231,439.134612
0.103276,0.005831,-0.000925,494.298209
0.260707,0.009136,-0.005770,471.509000
0.994811,0.079475,-0.081533,360.875491
0.995692,0.067981,-0.081677,360.738457
0.806386,0.019063,-0.053648,389.965425
0.562729,0.007331,-0.026275,426.868600
0.755443,0.066784,-0.047119,397.746687
0.145335,0.001685,-0.001828,488.241925
0.289809,0.041297,-0.007103,467.260024
0.122525,0.039534,-0.001303,491.529088
0.299918,0.058202,-0.007598,465.781481
0.211766,0.028679,-0.003836,478.628423
0.346053,0.040249,-0.010067,459.017060
0.538393,0.038536,-0.024075,430.510296
0.855245,0.051841,-0.060312,382.468727
0.775492,0.012034,-0.049638,394.688820
0.146911,0.095829,-0.001867,488.013846
0.717829,0.024923,-0.042573,403.470301
0.505144,0.093660,-0.021224,435.472901
0.544006,0.000694,-0.024574,429.671326
0.404340,0.053040,-0.013679,450.430187
0.093254,0.058273,-0.000751,495.737344
0.103055,0.002260,-0.000921,494.330031
0.528751,0.026143,-0.023230,431.951136
0.511804,0.028895,-0.021781,434.480518
0.943967,0.086473,-0.073427,368.772545
0.020769,0.091758,0.000021,506.110088
0.559217,0.048389,-0.025952,427.394275
0.143743,0.056600,-0.001789,488.471200
0.171301,0.060560,-0.002528,484.490822
0.485093,0.011413,-0.019592,438.459517
0.102996,0.054566,-0.000920,494.338054
0.207401,0.090290,-0.003682,479.261424
0.719974,0.088790,-0.042826,403.143920
0.410096,0.007925,-0.014065,449.580131
0.542487,0.009603,-0.024438,429.898428
0.101323,0.084299,-0.000889,494.578247
0.028673,0.025057,-0.000023,504.982840
0.342404,0.011779,-0.009859,459.553379
0.754504,0.004956,-0.047003,397.890445
0.422388,0.062542,-0.014908,447.762120
0.620589,0.081161,-0.031895,418.176986
0.217689,0.069262,-0.004049,477.768188
0.511178,0.036544,-0.021728,434.573862
0.092824,0.050202,-0.000744,495.799229
0.338234,0.072647,-0.009624,460.165282
0.317755,0.078787,-0.008512,463.169313
0.254047,0.031579,-0.005484,472.479537
0.311015,0.010219,-0.008161,464.157267
0.855007,0.002512,-0.060279,382.505697
0.777309,0.020407,-0.049869,394.411276
0.344511,0.081683,-0.009979,459.243228
0.721887,0.030222,-0.043052,402.853766
0.200946,0.032662,-0.003460,480.198179
0.138518,0.071762,-0.001662,489.224605
0.640147,0.018693,-0.033918,415.229781
0.048593,0.095510,-0.000175,502.136565
0.434602,0.079907,-0.015771,445.954009
0.088005,0.000934,-0.000667,496.491381
0.008120,0.051177,0.000069,507.913369
0.738360,0.098014,-0.045025,400.348077
0.624954,0.042612,-0.032341,417.519849
0.175079,0.006489,-0.002639,483.944923
0.443393,0.075669,-0.016406,444.651566
0.581815,0.022366,-0.028069,424.006633
0.870640,0.050578,-0.062494,380.099930
0.093417,0.034415,-0.000754,495.714263
0.744647,0.049954,-0.045790,399.391462
0.384429,0.043840,-0.012383,453.368595
0.627907,0.091443,-0.032645,417.074578
0.305129,0.030480,-0.007860,465.019048
0.273792,0.005843,-0.006352,469.600092
0.945331,0.060788,-0.073638,368.561456
0.118601,0.018959,-0.001221,492.094140
0.100843,0.015777,-0.000881,494.647742
0.162488,0.094739,-0.002278,485.764561
0.369000,0.076618,-0.011423,455.641552
0.776943,0.041248,-0.049822,394.467102
0.868241,0.000808,-0.062152,380.469647
0.116208,0.052569,-0.001172,492.438099
0.275100,0.023325,-0.006412,469.408948
0.916966,0.035025,-0.069297,372.952442
0.203163,0.000517,-0.003536,479.876969
0.190757,0.019357,-0.003124,481.675037
0.408840,0.017638,-0.013980,449.765647
0.478264,0.065433,-0.019051,439.474776
0.399506,0.009191,-0.013358,451.144394
0.112212,0.024176,-0.001093,493.013200
0.911366,0.004364,-0.068456,373.818260
0.310332,0.081731,-0.008125,464.256776
0.139514,0.087361,-0.001686,489.080876
0.107216,0.011102,-0.000997,493.731813
0.108698,0.019981,-0.001025,493.518656
0.337591,0.059775,-0.009588,460.259696
0.131033,0.001210,-0.001489,490.303967
0.255433,0.093409,-0.005542,472.277039
0.278988,0.059376,-0.006591,468.840919
0.990294,0.010932,-0.080795,361.579151
0.802244,0.092146,-0.053101,390.598775
0.534243,0.039881,-0.023709,431.130644
0.249822,0.090592,-0.005306,473.094512
0.437349,0.083195,-0.015968,445.547104
0.540489,0.083909,-0.024260,430.196488
0.118238,0.045072,-0.001213,492.146046
0.366019,0.050717,-0.011242,456.080690
0.578881,0.097327,-0.027789,424.446179
0.016634,0.005021,0.000039,506.700445
0.299098,0.059558,-0.007557,465.901359
0.478186,0.020432,-0.019045,439.486748
0.957244,0.082049,-0.075502,366.713840
0.944885,0.077683,-0.073569,368.630331
0.419970,0.023452,-0.014741,448.120259
0.073658,0.093874,-0.000459,498.548251
0.081016,0.027020,-0.000562,497.493826
0.028475,0.010367,-0.000022,505.011235
0.630795,0.033570,-0.032943,416.639752
0.480646,0.063255,-0.019239,439.120500
0.210496,0.059836,-0.003790,478.812523
0.147908,0.049832,-0.001893,487.870328
0.603612,0.072056,-0.030189,420.731789
0.303601,0.043961,-0.007782,465.242490
0.399120,0.063744,-0.013333,451.201037
0.829353,0.007814,-0.056732,386.445734
0.723205,0.092167,-0.043208,402.652853
0.821593,0.038588,-0.055680,387.635494
0.607611,0.056956,-0.030587,420.130529
0.299640,0.016718,-0.007584,465.822450
0.752605,0.074601,-0.046768,398.179205
0.610946,0.025297,-0.030921,419.629049
0.466637,0.013403,-0.018147,441.203138
0.790581,0.058331,-0.051577,392.383137
0.075895,0.005466,-0.000490,498.228315
0.450347,0.099976,-0.017051,443.618867
0.688801,0.033208,-0.039223,407.873965
0.643132,0.001925,-0.034233,414.779421
0.414910,0.032365,-0.014392,448.868454
0.901274,0.023898,-0.066953,375.376994
0.056582,0.054177,-0.000255,500.994026
0.212048,0.056788,-0.003846,478.587226
0.107229,0.055035,-0.000997,493.729503
0.745054,0.068088,-0.045840,399.329410
0.079169,0.036116,-0.000535,497.758595
0.698421,0.037234,-0.040318,406.415698
0.313370,0.045656,-0.008282,463.812039
0.981667,0.045213,-0.079396,362.920636
0.018289,0.078253,0.000032,506.463814
0.987726,0.044368,-0.080377,361.978289
0.074874,0.021396,-0.000476,498.374549
0.334675,0.032212,-0.009426,460.688054
0.775944,0.077837,-0.049695,394.619252
0.970112,0.042340,-0.077541,364.716451
0.758010,0.084305,-0.047438,397.355391
0.230830,0.056412,-0.004543,475.858710
0.571775,0.072211,-0.027118,425.512189
0.498146,0.026882,-0.020647,436.516177
0.714606,0.056849,-0.042194,403.959550
0.911986,0.051102,-0.068549,373.722106
0.321791,0.097997,-0.008725,462.577438
0.105114,0.078050,-0.000958,494.033468
0.880675,0.052083,-0.063938,378.554125
0.194394,0.045871,-0.003242,481.147901
0.780046,0.009431,-0.050219,393.993387
0.729361,0.016833,-0.043942,401.717815
0.514963,0.023778,-0.022047,434.009319
0.683780,0.035280,-0.038658,408.634440
0.001926,0.083922,0.000083,508.795258
0.857141,0.042861,-0.060579,382.177179
0.840214,0.094831,-0.058220,384.777969
0.241100,0.076133,-0.004948,474.364562
0.588582,0.093484,-0.028719,422.990125
0.694931,0.021766,-0.039919,406.945078
0.783601,0.040702,-0.050675,393.450086
0.257500,0.040487,-0.005631,471.976122
0.145855,0.043326,-0.001841,488.166578
0.496990,0.076558,-0.020552,436.687926
0.495730,0.034332,-0.020450,436.875962
0.299790,0.072919,-0.007591,465.800072
0.572537,0.017717,-0.027190,425.398364
0.282358,0.081143,-0.006748,468.348552
0.024401,0.030103,0.000002,505.592455
0.257798,0.018053,-0.005644,471.932936
0.605071,0.032198,-0.030334,420.512694
0.698039,0.009908,-0.040274,406.473985
0.758729,0.006483,-0.047527,397.246456
0.005767,0.005018,0.000074,508.248968
0.713094,0.031924,-0.042017,404.189356
0.263263,0.085653,-0.005881,471.135622
0.481314,0.043498,-0.019291,439.021347
0.730963,0.005232,-0.044134,401.474259
0.291737,0.079420,-0.007196,466.977860
0.755351,0.094009,-0.047108,397.760481
0.768271,0.011427,-0.048723,395.791001
0.859029,0.011922,-0.060845,381.887055
0.133127,0.049872,-0.001537,490.001855
0.419782,0.008023,-0.014728,448.148134
0.888840,0.061470,-0.065124,377.295192
0.135505,0.000936,-0.001592,489.659503
0.883714,0.062385,-0.064378,378.085600
0.579725,0.044216,-0.027869,424.320065
0.230479,0.033080,-0.004530,475.909925
0.201171,0.049289,-0.003468,480.165407
0.543463,0.048262,-0.024525,429.752072
0.661862,0.088782,-0.036238,411.950131
0.189121,0.099984,-0.003225,481.910680
0.109788,0.080679,-0.001046,493.361464
0.633099,0.039557,-0.033182,416.292428
0.847179,0.012036,-0.059185,383.708888
0.578994,0.078255,-0.027800,424.429411
0.055864,0.062293,-0.000248,501.096741
0.098274,0.015765,-0.000836,495.016750
0.180857,0.051815,-0.002813,483.108474
0.233557,0.083206,-0.004649,475.461840
0.277911,0.047443,-0.006541,468.998291
0.228216,0.089865,-0.004442,476.238396
0.840279,0.048011,-0.058229,384.768364
0.775236,0.023209,-0.049605,394.727883
0.914690,0.029321,-0.068954,373.304327
0.296270,0.096567,-0.007417,466.314771
0.791620,0.070096,-0.051712,392.224138
0.989175,0.047824,-0.080613,361.752871
0.159923,0.000979,-0.002208,486.135979
0.654647,0.094391,-0.035459,413.040244
0.175120,0.062356,-0.002640,483.938449
0.419643,0.081560,-0.014718,448.168038
0.796252,0.038837,-0.052315,391.515993
0.716827,0.022306,-0.042455,403.622502
0.612373,0.051043,-0.031064,419.414111
0.022462,0.023450,0.000012,505.869057
0.181761,0.020220,-0.002841,482.977845
0.969050,0.094483,-0.077372,364.880989
0.499582,0.068320,-0.020765,436.301971
0.471998,0.042326,-0.018561,440.406449
0.358128,0.073258,-0.010770,457.241604
0.003739,0.027013,0.000079,508.537552
0.976652,0.097820,-0.078588,363.699789
0.343394,0.035535,-0.009915,459.407784
0.818331,0.014883,-0.055241,388.135750
0.039554,0.037331,-0.000098,503.428930
0.908771,0.042229,-0.068068,374.218928
0.767217,0.086042,-0.048590,395.951190
0.642518,0.008862,-0.034168,414.872107
0.862847,0.045048,-0.061385,381.299414
0.959594,0.079778,-0.075872,366.349198
0.633044,0.061135,-0.033176,416.300546
0.985116,0.009639,-0.079954,362.384611
0.837820,0.021998,-0.057890,385.146178
0.901620,0.011291,-0.067004,375.323622
0.158056,0.022483,-0.002158,486.405471
0.177744,0.084948,-0.002718,483.558695
0.970272,0.003452,-0.077566,364.692055
0.086627,0.040013,-0.000646,496.688833
0.825701,0.006806,-0.056235,387.005887
0.755929,0.091535,-0.047179,397.672531
0.113165,0.072989,-0.001111,492.875733
0.936704,0.035272,-0.072304,369.898203
0.729906,0.091151,-0.044007,401.634159
0.527407,0.074983,-0.023113,432.151505
0.041972,0.057572,-0.000118,503.083250
0.677614,0.077678,-0.037969,409.567719
0.740426,0.072065,-0.045276,400.033926
0.078130,0.099830,-0.000520,497.907079
0.865017,0.024578,-0.061693,380.965764
0.295584,0.014816,-0.007384,466.415850
0.608135,0.099606,-0.030639,420.051275
0.771823,0.047917,-0.049172,395.248653
0.220176,0.022533,-0.004141,477.407280
0.015559,0.020156,0.000043,506.853541
0.245208,0.018100,-0.005115,473.767000
0.560942,0.021985,-0.026111,427.136116
0.819595,0.051125,-0.055411,387.941686
0.157914,0.000030,-0.002305,486.425577
0.210817,0.022121,-0.003802,478.766296
0.535644,0.069867,-0.023832,430.920892
0.252706,0.013651,-0.005427,472.674981
0.299091,0.038897,-0.007557,465.902581
0.681405,0.006651,-0.038392,408.994306
0.424544,0.029883,-0.015059,447.443416
0.167047,0.015745,-0.002406,485.106308
0.773797,0.002594,-0.049422,394.947694
0.475774,0.036079,-0.018855,439.845262
0.384909,0.011251,-0.012414,453.298180
0.496355,0.067473,-0.020500,436.782617
0.526754,0.049930,-0.023056,432.249311
0.481752,0.061740,-0.019326,438.956076
0.048828,0.073512,-0.000178,502.103002
0.829878,0.009540,-0.056803,386.365240
0.515852,0.064500,-0.022122,433.876385
0.754673,0.036576,-0.047024,397.864387
0.091850,0.003350,-0.000729,495.939384
0.657571,0.084485,-0.035773,412.598561
0.133337,0.086182,-0.001541,489.971310
0.624539,0.089907,-0.032299,417.582032
0.770300,0.067568,-0.048979,395.480960
0.920725,0.022749,-0.069865,372.371350
0.183595,0.083068,-0.002897,482.711820
0.299707,0.074304,-0.007587,465.812132
0.068630,0.005597,-0.000395,499.269485
0.929939,0.000878,-0.071266,370.945937
0.824131,0.092546,-0.056023,387.245946
0.305029,0.096151,-0.007854,465.033024
0.921264,0.050298,-0.069946,372.287752
0.460471,0.007607,-0.017677,442.118770
0.566165,0.069577,-0.026594,426.353120
0.335763,0.055250,-0.009486,460.528159
0.440719,0.021999,-0.016212,445.048331
0.719389,0.069954,-0.042757,403.232925
0.360590,0.041263,-0.010916,456.879770
0.744107,0.066895,-0.045724,399.473544
0.808029,0.070951,-0.053866,389.713485
0.108390,0.028684,-0.001019,493.562814
0.081415,0.053042,-0.000568,497.436401
0.656768,0.039455,-0.035687,412.720371
0.072040,0.044750,-0.000438,498.780514
0.422480,0.089822,-0.014915,447.748372
0.340244,0.040663,-0.009737,459.870309
0.170660,0.061464,-0.002510,484.583592
0.263655,0.078950,-0.005898,471.078413
0.781046,0.035378,-0.050347,393.840518
0.004256,0.049978,0.000078,508.463768
0.889395,0.042223,-0.065205,377.209894
0.813310,0.081414,-0.054569,388.904443
0.485950,0.091351,-0.019660,438.331325
0.806815,0.044373,-0.053705,389.899501
0.218669,0.095345,-0.004085,477.625559
0.853691,0.013797,-0.060094,382.707956
0.279980,0.036469,-0.006637,468.696318
0.934241,0.011346,-0.071925,370.279848
0.818692,0.045347,-0.055290,388.080067
0.029940,0.087271,-0.000030,504.801570
0.208948,0.022221,-0.003736,479.037463
0.041987,0.040870,-0.000118,503.081223
0.836893,0.076127,-0.057763,385.287998
0.407560,0.018028,-0.013894,449.954843
0.693955,0.066494,-0.039808,407.092512
0.950850,0.098999,-0.074499,367.705474
0.154393,0.044781,-0.002060,486.934213
0.087851,0.077380,-0.000665,496.512820
0.221219,0.080823,-0.004179,477.255269
0.551469,0.033646,-0.025245,428.554438
0.389354,0.007466,-0.012698,452.642628
0.654873,0.001902,-0.035483,413.006969
0.205633,0.018310,-0.003621,479.518548
0.365188,0.000771,-0.011192,456.203484
0.057283,0.035454,-0.000263,500.893842
0.192839,0.093978,-0.003191,481.372811
0.214416,0.054659,-0.003930,478.243548
0.213990,0.059344,-0.003915,478.305365
0.978627,0.080762,-0.078906,363.393031
0.923049,0.045478,-0.070217,372.011748
0.471357,0.074760,-0.018511,440.501395
0.782800,0.041692,-0.050572,393.572490
0.140715,0.051851,-0.001715,488.908035
0.491199,0.003273,-0.020082,437.550845
0.015420,0.024352,0.000044,506.873312
0.265292,0.053364,-0.005970,470.839989
0.118809,0.040254,-0.001225,492.063932
0.891982,0.081395,-0.065584,376.810452
0.588387,0.063046,-0.028700,423.019713
0.085061,0.027582,-0.000622,496.913650
0.428515,0.093951,-0.015338,446.855249
0.763583,0.019793,-0.048134,396.506104
0.399397,0.052294,-0.013351,451.160165
0.370474,0.031635,-0.011513,455.425011
0.582006,0.043115,-0.028087,423.977790
0.163186,0.034899,-0.002298,485.664265
0.673781,0.096582,-0.037544,410.147479
0.492673,0.023991,-0.020201,437.331239
0.933186,0.079716,-0.071763,370.442559
0.705851,0.046202,-0.041174,405.288659
0.339319,0.071903,-0.009685,460.005955
0.986115,0.090311,-0.080116,362.228574
0.906396,0.089036,-0.067713,374.585459
0.000040,0.099284,0.000086,509.063640
0.399124,0.008284,-0.013333,451.200877
0.063810,0.004246,-0.000336,499.959729
0.860446,0.088799,-0.061045,381.668400
0.010993,0.000763,0.000060,507.504535
0.221364,0.027287,-0.004185,477.234732
0.443803,0.038897,-0.016436,444.591104
0.151164,0.090010,-0.001976,487.400042
0.542427,0.093505,-0.024433,429.906694
0.962517,0.083910,-0.076334,365.895540
0.035905,0.011573,-0.000071,503.950357
0.618557,0.066758,-0.031688,418.483207
0.338066,0.074994,-0.009615,460.189894
0.326179,0.002640,-0.008961,461.934808
0.806517,0.007974,-0.053665,389.945528
0.455908,0.096468,-0.017332,442.795317
0.314169,0.008282,-0.008324,463.695307
0.987508,0.014196,-0.080342,362.012474
0.464042,0.031091,-0.017948,441.588406
0.219901,0.034815,-0.004130,477.447234
0.023896,0.066017,0.000005,505.664260
0.864666,0.091930,-0.061643,381.019153
0.968140,0.012571,-0.077227,365.023049
0.838900,0.029428,-0.058039,384.980285
0.654707,0.026309,-0.035465,413.031723
0.677527,0.035957,-0.037959,409.581132
0.518501,0.068512,-0.022348,433.481138
0.345686,0.099956,-0.010190,459.069228
0.375824,0.056532,-0.011843,454.636681
0.051377,0.055168,-0.000202,501.738740
0.509927,0.035481,-0.021623,434.760327
0.265194,0.058152,-0.005966,470.854229
0.347367,0.088878,-0.010142,458.823590
0.179358,0.068137,-0.002767,483.325200
0.135741,0.063515,-0.001597,489.625052
0.205981,0.012440,-0.003633,479.468059
0.357229,0.013978,-0.010717,457.374348
0.175046,0.081555,-0.002638,483.948963
0.615811,0.030577,-0.031410,418.896912
0.123955,0.080754,-0.001333,491.322892
0.829426,0.080425,-0.056742,386.433921
0.710818,0.058053,-0.041751,404.534602
0.262083,0.009056,-0.005830,471.308341
0.146441,0.059872,-0.001856,488.081886
0.340316,0.083174,-0.009741,459.859475
0.695218,0.022081,-0.039952,406.901572
0.246138,0.025223,-0.005154,473.631503
0.267771,0.026991,-0.006081,470.478561
0.700023,0.027415,-0.040502,406.172942
0.933918,0.081808,-0.071876,370.329225
0.964565,0.023783,-0.076659,365.578056
0.244420,0.050583,-0.005083,473.881497
0.621305,0.050904,-0.031968,418.069404
0.227223,0.058159,-0.004405,476.383101
0.994141,0.035819,-0.081423,360.980165
0.044462,0.005328,-0.000139,502.727822
0.310041,0.039491,-0.008110,464.299787
0.079024,0.004486,-0.000533,497.779693
0.981047,0.060799,-0.079296,363.016984
0.253111,0.093921,-0.005444,472.615389
0.313377,0.081961,-0.008282,463.810709
0.869341,0.018717,-0.062309,380.300133
0.550444,0.095009,-0.025152,428.707320
0.950545,0.020360,-0.074451,367.753475
0.163773,0.056009,-0.002314,485.579167
0.620911,0.074722,-0.031928,418.128670
0.938633,0.076158,-0.072601,369.599086
0.597843,0.061278,-0.029621,421.599067
0.177363,0.048159,-0.002707,483.614052
0.709381,0.082224,-0.041584,404.752522
0.214085,0.080013,-0.003918,478.291351
0.555982,0.051064,-0.025656,427.878668
0.403406,0.061695,-0.013616,450.568060
0.924446,0.053214,-0.070429,371.795543
0.626272,0.003792,-0.032477,417.321744
0.876650,0.087788,-0.063357,379.174011
0.243968,0.027032,-0.005065,473.947461
0.770024,0.075314,-0.048944,395.522944
0.247803,0.083628,-0.005222,473.388555
0.474384,0.018061,-0.018747,440.051929
0.092949,0.066961,-0.000746,495.781186
0.822440,0.016736,-0.055794,387.505813
0.473665,0.019441,-0.018691,440.158786
0.700408,0.059587,-0.040546,406.114177
0.914276,0.090925,-0.068892,373.367811
0.606584,0.005987,-0.030485,420.285439
0.819488,0.056071,-0.055396,387.958035
0.995382,0.072338,-0.081626,360.786655
0.364132,0.054625,-0.011128,456.358392
0.003147,0.005537,0.000080,508.622040
0.062727,0.093041,-0.000323,500.114111
0.898646,0.090130,-0.066564,375.781988
0.952727,0.078838,-0.074792,367.414507
0.089920,0.006936,-0.000698,496.216465
0.469226,0.017447,-0.018346,440.818538
0.093735,0.093434,-0.000759,495.668114
0.561718,0.078029,-0.026182,427.019485
0.835217,0.004841,-0.057533,385.545869
0.350825,0.048301,-0.010342,458.315702
0.670550,0.005026,-0.037188,410.637140
0.020281,0.027934,0.000023,506.180171
0.016526,0.076676,0.000040,506.715220
0.977121,0.006987,-0.078663,363.627840
0.253887,0.019207,-0.005477,472.502835
0.167900,0.019976,-0.002430,484.982969
0.754659,0.070147,-0.047022,397.866246
0.845373,0.098374,-0.058934,383.985535
0.629991,0.008633,-0.032860,416.761264
0.588631,0.046971,-0.028724,422.983179
0.008698,0.097652,0.000067,507.830632
0.088245,0.002217,-0.000671,496.456875
0.173280,0.035261,-0.002586,484.204847
0.913737,0.083980,-0.068811,373.451270
0.729390,0.038008,-0.043945,401.713097
0.322611,0.007197,-0.008770,462.458041
0.829667,0.092538,-0.056774,386.396827
0.045778,0.077846,-0.000150,502.539117
0.478048,0.085770,-0.019034,439.506767
0.819476,0.001509,-0.055395,387.960287
0.966332,0.016883,-0.076939,365.303727
0.027063,0.040823,-0.000013,505.212452
0.709061,0.003249,-0.041546,404.801838
0.032279,0.070323,-0.000045,504.467772
0.052901,0.067301,-0.000217,501.520642
0.538021,0.020650,-0.024042,430.566036
0.780514,0.064787,-0.050279,393.921484
0.234834,0.066914,-0.004699,475.276304
0.752441,0.018644,-0.046748,398.204613
0.615933,0.045217,-0.031423,418.878410
0.437333,0.051805,-0.015967,445.549779
0.069402,0.050580,-0.000404,499.158484
0.437194,0.036226,-0.015957,445.570468
0.153451,0.028209,-0.002035,487.070464
0.789120,0.027085,-0.051387,392.606788
0.323050,0.004157,-0.008793,462.393705
0.602582,0.023148,-0.030088,420.887162
0.679586,0.027294,-0.038189,409.269581
0.011036,0.012457,0.000059,507.498221
0.042658,0.024681,-0.000124,502.985492
0.338957,0.022389,-0.009665,460.059526
0.002003,0.040257,0.000083,508.784668
0.123463,0.047978,-0.001323,491.393906
0.442083,0.016399,-0.016311,444.846148
0.682846,0.033459,-0.038553,408.775926
0.168574,0.032290,-0.002450,484.885429
0.353777,0.064797,-0.010514,457.881619
0.268968,0.083041,-0.006134,470.303430
0.157003,0.095033,-0.002129,486.556928
0.453183,0.046868,-0.017129,443.199983
0.060935,0.089057,-0.000303,500.370668
0.073973,0.058678,-0.000463,498.503426
0.389867,0.074792,-0.012730,452.566361
0.284862,0.038787,-0.006866,467.983122
0.046016,0.073761,-0.000152,502.505135
0.500977,0.020331,-0.020879,436.094572
0.825507,0.004283,-0.056209,387.035725
0.687286,0.084997,-0.039052,408.103039
0.899200,0.075560,-0.066646,375.696641
0.089052,0.048283,-0.000684,496.340754
0.116023,0.072704,-0.001168,492.464651
0.634197,0.067128,-0.033296,416.126633
0.137879,0.066328,-0.001647,489.316730
0.562831,0.093146,-0.026285,426.852526
0.927738,0.005273,-0.070930,371.286598
0.646101,0.046300,-0.034547,414.330976
0.517120,0.039244,-0.022230,433.687455
0.585913,0.027120,-0.028462,423.391477
0.597629,0.081262,-0.029600,421.631139
0.020579,0.051194,0.000021,506.137516
0.621161,0.034856,-0.031953,418.091321
0.007167,0.098230,0.000072,508.048722
0.168552,0.083946,-0.002449,484.888199
0.297576,0.060345,-0.007482,466.124068
0.790499,0.044379,-0.051566,392.395778
0.407390,0.097677,-0.013882,449.979340
0.189623,0.015671,-0.003088,481.839449
0.278989,0.066480,-0.006591,468.840700
0.651219,0.098622,-0.035091,413.557879
0.068572,0.083194,-0.000393,499.277107
0.487367,0.088064,-0.019773,438.120529
0.238616,0.071620,-0.004849,474.725974
0.806747,0.067940,-0.053696,389.909801
0.584572,0.090595,-0.028333,423.592166
0.008254,0.040942,0.000068,507.894460
0.032117,0.096296,-0.000044,504.490650
0.381023,0.096888,-0.012168,453.870232
0.508915,0.096962,-0.021538,434.910756
0.166866,0.043782,-0.002401,485.132196
0.820627,0.090508,-0.055550,387.783119
0.640826,0.039245,-0.033990,415.127161
0.098358,0.078732,-0.000837,495.004184
0.864118,0.043320,-0.061565,381.103921
0.033707,0.035869,-0.000055,504.264112
0.164039,0.065241,-0.002321,485.540666
0.037264,0.035919,-0.000081,503.756129
0.740119,0.069156,-0.045239,400.080657
0.338944,0.015216,-0.009664,460.061526
0.684506,0.039053,-0.038739,408.524526
0.787257,0.029502,-0.051146,392.891483
0.696747,0.053020,-0.040126,406.669467
0.096021,0.096599,-0.000797,495.339741
0.886939,0.090977,-0.064847,377.588208
0.910136,0.017131,-0.068272,374.008263
0.367411,0.098320,-0.011326,455.875388
0.841458,0.089190,-0.058392,384.586974
0.940673,0.040294,-0.072916,369.283456
0.895876,0.057019,-0.066156,376.209823
0.426926,0.037095,-0.015226,447.090828
0.324008,0.057498,-0.008844,462.252774
0.960412,0.059256,-0.076001,366.222462
0.401025,0.044352,-0.013458,450.919842
0.532151,0.021126,-0.023526,431.443319
0.819527,0.074267,-0.055402,387.951832
0.403674,0.035642,-0.013634,450.528691
0.570877,0.002368,-0.027034,425.647392
0.594321,0.053224,-0.029276,422.128505
0.036465,0.079443,-0.000075,503.869833
0.237093,0.084105,-0.004788,474.947562
0.856031,0.064738,-0.060423,382.347745
0.694814,0.033248,-0.039906,406.962641
0.912803,0.015530,-0.068671,373.596191
0.187480,0.007034,-0.003019,482.149846
0.904996,0.058085,-0.067505,374.801845
0.081650,0.081596,-0.000571,497.402424
0.192906,0.077619,-0.003193,481.363281
0.312781,0.068002,-0.008252,463.898127
0.953192,0.009177,-0.074865,367.343050
0.182211,0.004188,-0.002855,482.912760
0.277105,0.016717,-0.006504,469.116261
0.195429,0.099511,-0.003276,480.997449
0.841244,0.067477,-0.058362,384.620071
0.725247,0.061799,-0.043451,402.342739
0.543669,0.059334,-0.024544,429.721227
0.420519,0.004693,-0.014779,448.039137
0.499358,0.049164,-0.020746,436.335477
0.957778,0.087250,-0.075586,366.631001
0.839051,0.093730,-0.058060,384.956502
0.668093,0.040802,-0.036918,411.008419
0.786556,0.082457,-0.051056,392.998213
0.023766,0.011649,0.000005,505.683244
0.215784,0.094123,-0.003980,478.044623
0.635224,0.069853,-0.033403,415.971744
0.634426,0.062668,-0.033320,416.092165
0.357438,0.080003,-0.010729,457.343061
0.367162,0.065981,-0.011311,455.912314
0.816346,0.045692,-0.054975,388.439638
0.542486,0.048819,-0.024438,429.898285
0.237461,0.058538,-0.004803,474.894248
0.276320,0.065134,-0.006468,469.230499
0.250334,0.003249,-0.005328,473.020645
0.591422,0.087311,-0.028994,422.563665
0.431957,0.070708,-0.015582,446.345845
0.757972,0.041761,-0.047433,397.361510
0.496492,0.002912,-0.020512,436.762812
0.543043,0.013894,-0.024488,429.815169
0.267301,0.038766,-0.006060,470.547072
0.700765,0.093309,-0.040587,406.059716
0.734042,0.019606,-0.044504,401.005770
0.166984,0.096566,-0.002404,485.114760
0.697945,0.032355,-0.040263,406.487989
0.254767,0.049662,-0.005514,472.374417
0.443949,0.091577,-0.016447,444.569055
0.704676,0.026318,-0.041038,405.467027
0.086696,0.060683,-0.000647,496.678758
0.399090,0.068426,-0.013331,451.205385
0.056211,0.054742,-0.000251,501.047077
0.426675,0.001267,-0.015208,447.128381
0.859177,0.006801,-0.060866,381.864404
0.505119,0.066401,-0.021222,435.476826
0.870943,0.012196,-0.062538,380.053515
0.161938,0.065566,-0.002263,485.844280
0.818175,0.089448,-0.055220,388.159001
0.646990,0.028259,-0.034641,414.196937
0.678428,0.074190,-0.038059,409.444511
0.635172,0.042013,-0.033398,415.979880
0.421362,0.089703,-0.014837,447.913788
0.519715,0.048095,-0.022451,433.300059
0.743820,0.031475,-0.045689,399.517648
0.063189,0.077110,-0.000328,500.048182
0.088110,0.024702,-0.000669,496.476138
0.503129,0.076941,-0.021057,435.773320
0.461618,0.097769,-0.017764,441.947737
0.334056,0.035610,-0.009392,460.778888
0.087627,0.055091,-0.000661,496.545201
0.509780,0.082422,-0.021611,434.781835
0.407032,0.030950,-0.013859,450.032782
0.101786,0.069063,-0.000898,494.511713
0.379398,0.012670,-0.012066,454.110449
0.406276,0.060724,-0.013808,450.144243
0.061711,0.007685,-0.000312,500.260343
0.529657,0.076044,-0.023308,431.815516
0.169512,0.068560,-0.002476,484.749463
0.200897,0.069993,-0.003458,480.204961
0.200604,0.055348,-0.003449,480.247640
0.649052,0.073440,-0.034860,413.885262
0.899144,0.070970,-0.066638,375.705338
0.632197,0.076968,-0.033088,416.428157
0.128283,0.077783,-0.001427,490.699559
0.596310,0.028001,-0.029470,421.829760
0.932296,0.080054,-0.071627,370.580472
0.935847,0.043964,-0.072172,370.030969
0.122791,0.009474,-0.001309,491.490978
0.284863,0.088975,-0.006866,467.982416
0.178794,0.027608,-0.002751,483.407117
0.209859,0.091733,-0.003768,478.904728
0.189478,0.010461,-0.003083,481.860371
0.284547,0.063819,-0.006851,468.028916
0.519281,0.014133,-0.022414,433.365179
0.337589,0.091544,-0.009588,460.259723
0.803892,0.077102,-0.053319,390.346665
0.620870,0.061791,-0.031924,418.134852
0.316483,0.067431,-0.008445,463.355825
0.121024,0.007136,-0.001271,491.745406
0.176299,0.032075,-0.002675,483.768116
0.676515,0.027582,-0.037847,409.734431
0.546015,0.036652,-0.024754,429.370516
0.559442,0.053256,-0.025972,427.360611
0.591723,0.004627,-0.029023,422.519108
0.436060,0.074354,-0.015875,445.738103
0.980862,0.059284,-0.079266,363.045722
0.872374,0.066565,-0.062743,379.832775
0.586905,0.072561,-0.028557,423.242121
0.574194,0.047953,-0.027346,425.149642
0.406565,0.029859,-0.013827,450.101680
0.472327,0.025397,-0.018587,440.357630
0.529740,0.099796,-0.023315,431.802918
0.561410,0.099067,-0.026153,427.065419
0.130994,0.025351,-0.001488,490.309440
0.275288,0.038168,-0.006420,469.381399
0.584428,0.010027,-0.028319,423.614448
0.180280,0.092723,-0.002795,483.191638
0.731683,0.065651,-0.044220,401.364182
0.218034,0.067050,-0.004062,477.718076
0.147007,0.073197,-0.001870,488.000126
0.833871,0.079216,-0.057348,385.751867
0.303989,0.065525,-0.007802,465.185620
0.575480,0.031185,-0.027467,424.956980
0.924252,0.032879,-0.070399,371.825704
0.441922,0.017484,-0.016299,444.870088
0.396797,0.011761,-0.013180,451.544265
0.561722,0.010660,-0.026182,427.019396
0.477070,0.073983,-0.018957,439.652217
0.288215,0.049898,-0.007026,467.492907
0.316754,0.048981,-0.008459,463.316271
0.409811,0.081331,-0.014046,449.621635
0.749348,0.066871,-0.046367,398.675388
0.557028,0.094884,-0.025751,427.721741
0.414537,0.013241,-0.014367,448.923765
0.352120,0.011169,-0.010417,458.125564
0.318569,0.003879,-0.008555,463.050605
0.197854,0.005016,-0.003357,480.646754
0.149633,0.095045,-0.001936,487.621076
0.352702,0.020810,-0.010451,458.040015
0.810004,0.032822,-0.054128,389.411311
0.511017,0.008349,-0.021715,434.598051
0.624382,0.096015,-0.032282,417.605625
0.042456,0.098290,-0.000121,503.013759
0.004362,0.025265,0.000078,508.448854
0.007411,0.024664,0.000070,508.014633
0.517843,0.016214,-0.022292,433.579815
0.946066,0.024299,-0.073753,368.447872
0.409874,0.072455,-0.014050,449.612508
0.081536,0.078997,-0.000569,497.418861
0.434770,0.064349,-0.015783,445.929254
0.093714,0.042814,-0.000759,495.671557
0.060036,0.022115,-0.000293,500.499895
0.244837,0.076396,-0.005100,473.820533
0.968207,0.053247,-0.077237,365.012335
0.698025,0.032892,-0.040272,406.475903
0.789511,0.078869,-0.051438,392.546561
0.719803,0.049052,-0.042806,403.170160
0.218971,0.030579,-0.004096,477.582219
0.860833,0.070150,-0.061100,381.609092
0.238821,0.017877,-0.004857,474.696617
0.427319,0.006544,-0.015254,447.032907
0.799933,0.053223,-0.052797,390.952732
0.182115,0.022937,-0.002852,482.926605
0.207981,0.063213,-0.003702,479.177528
0.124711,0.002729,-0.001350,491.214594
0.804445,0.081275,-0.053392,390.261973
0.315530,0.024562,-0.008395,463.495728
0.865068,0.087159,-0.061700,380.957326
0.581090,0.090636,-0.027999,424.114717
0.442072,0.047097,-0.016310,444.847607
0.720824,0.061578,-0.042926,403.015033
0.110832,0.084578,-0.001066,493.211200
0.929215,0.058524,-0.071155,371.057493
0.117616,0.055662,-0.001201,492.235492
0.698707,0.090418,-0.040351,406.371874
0.036222,0.002350,-0.000073,503.905287
0.372373,0.003458,-0.011630,455.145576
0.645936,0.005664,-0.034529,414.356338
0.032782,0.048078,-0.000049,504.396144
0.048015,0.004242,-0.000171,502.219836
0.255849,0.094475,-0.005560,472.216426
0.505486,0.021152,-0.021252,435.422577
0.522732,0.055300,-0.022710,432.849725
0.442973,0.019813,-0.016376,444.714294
0.597934,0.043223,-0.029630,421.585599
0.035749,0.093585,-0.000069,503.971961
0.471067,0.027713,-0.018489,440.544921
0.273261,0.010659,-0.006328,469.677506
0.012047,0.029359,0.000056,507.354076
0.079817,0.090942,-0.000544,497.665229
0.594908,0.064948,-0.029333,422.040108
0.056066,0.067378,-0.000250,501.067785
0.321317,0.034391,-0.008700,462.647498
0.079723,0.034680,-0.000543,497.679147
0.126140,0.086869,-0.001380,491.008110
0.261507,0.091014,-0.005804,471.391670
0.119474,0.054539,-0.001239,491.968121
0.299278,0.015672,-0.007566,465.875369
0.904629,0.080549,-0.067451,374.858355
0.133663,0.039468,-0.001549,489.924734
0.190112,0.036384,-0.003103,481.768446
0.671081,0.027110,-0.037246,410.556643
0.661602,0.019678,-0.036210,411.990048
0.112190,0.058518,-0.001092,493.016178
0.795821,0.033261,-0.052259,391.582060
0.364346,0.049029,-0.011141,456.326892
0.437756,0.065488,-0.015997,445.486941
0.898552,0.040735,-0.066550,375.797022
0.772018,0.071080,-0.049196,395.218708
0.141402,0.080004,-0.001731,488.808629
0.256539,0.098422,-0.005590,472.115743
0.304876,0.088100,-0.007847,465.055580
0.862682,0.005631,-0.061362,381.325186
0.387003,0.011231,-0.012547,452.989273
0.565194,0.086347,-0.026504,426.498569
0.726985,0.098513,-0.043658,402.078316
0.485232,0.025842,-0.019603,438.438734
0.081018,0.012894,-0.000562,497.493742
0.492803,0.056206,-0.020212,437.311648
0.747278,0.024728,-0.046112,398.991085
0.919228,0.021337,-0.069638,372.602789
0.416995,0.080667,-0.014535,448.559703
0.575163,0.098186,-0.027437,425.003884
0.416682,0.071763,-0.014514,448.606002
0.597801,0.002657,-0.029617,421.605989
0.539478,0.034072,-0.024171,430.348159
0.018766,0.007229,0.000030,506.396387
0.556498,0.030716,-0.025703,427.801616
0.262238,0.096730,-0.005836,471.284934
0.330001,0.014420,-0.009169,461.374056
0.064447,0.004547,-0.000344,499.868596
0.585635,0.018161,-0.028435,423.433273
0.732487,0.005292,-0.044317,401.242520
0.957449,0.054766,-0.075534,366.682271
0.010985,0.004316,0.000060,507.505616
0.567567,0.009630,-0.026724,426.143557
0.189009,0.097280,-0.003068,481.927669
0.814298,0.015177,-0.054701,388.753663
0.944564,0.050982,-0.073519,368.680334
0.820487,0.069012,-0.055531,387.804721
0.834599,0.014795,-0.057448,385.640733
0.819208,0.053867,-0.055359,388.000904
0.994667,0.063495,-0.081509,360.897938
0.822611,0.025666,-0.055817,387.479558
0.169535,0.031432,-0.002477,484.746454
0.894558,0.049556,-0.065962,376.413251
0.581935,0.054135,-0.028080,423.988366
0.729322,0.030117,-0.043937,401.723572
0.317044,0.041833,-0.008474,463.273768
0.597073,0.099748,-0.029545,421.714453
0.581500,0.056853,-0.028039,424.053555
0.208492,0.090229,-0.003720,479.103063
0.276402,0.090023,-0.006471,469.218366
0.885569,0.056923,-0.064648,377.799670
0.569182,0.055055,-0.026875,425.901112
0.190748,0.077372,-0.003123,481.675846
0.362396,0.081666,-0.011024,456.613600
0.564695,0.012914,-0.026457,426.573986
0.941908,0.068908,-0.073107,369.091737
0.176945,0.098047,-0.002694,483.674191
0.930916,0.086600,-0.071415,370.793969
0.807599,0.056481,-0.053809,389.779385
0.855028,0.087696,-0.060282,382.501773
0.555057,0.066101,-0.025571,428.017045
0.866421,0.010472,-0.061892,380.749794
0.718871,0.089076,-0.042696,403.311403
0.008815,0.009401,0.000066,507.814764
0.926503,0.003913,-0.070742,371.477730
0.190364,0.030208,-0.003111,481.731921
0.880806,0.009923,-0.063957,378.534316
0.113306,0.090400,-0.001114,492.855349
0.573224,0.084332,-0.027254,425.294768
0.115642,0.014058,-0.001161,492.519957
0.570919,0.086807,-0.027038,425.640387
0.769224,0.094353,-0.048843,395.644890
0.916976,0.034093,-0.069298,372.950922
0.054362,0.053160,-0.000232,501.311762
0.219944,0.022013,-0.004132,477.440957
0.311004,0.051276,-0.008160,464.158507
0.349730,0.012004,-0.010279,458.476881
0.753387,0.082055,-0.046865,398.059991
0.436683,0.034801,-0.015920,445.646199
0.249013,0.075879,-0.005272,473.212390
0.444174,0.076227,-0.016463,444.535805
0.277056,0.056871,-0.006502,469.123133
0.884170,0.082179,-0.064444,378.015197
0.183493,0.062166,-0.002894,482.726779
0.438978,0.095849,-0.016085,445.305624
0.226869,0.053375,-0.004391,476.434582
0.566687,0.086834,-0.026642,426.274768
0.318904,0.088544,-0.008572,463.000828
0.668125,0.094387,-0.036921,411.003175
0.696738,0.094454,-0.040125,406.670438
0.172081,0.056603,-0.002551,484.378173
0.890431,0.011772,-0.065357,377.050311
0.862158,0.001876,-0.061287,381.405790
0.384342,0.019827,-0.012378,453.381696
0.851312,0.049776,-0.059761,383.073341
0.158139,0.041704,-0.002160,486.393343
0.310409,0.037922,-0.008129,464.245841
0.784656,0.017894,-0.050811,393.289050
0.798688,0.094791,-0.052634,391.142957
0.878846,0.050225,-0.063673,378.835936
0.480788,0.042137,-0.019250,439.099599
0.149124,0.033380,-0.001924,487.694940
0.639154,0.077679,-0.033814,415.379042
0.810163,0.045037,-0.054149,389.386798
0.737793,0.028993,-0.044957,400.434963
0.845095,0.087140,-0.058896,384.028423
0.234954,0.019665,-0.004704,475.259231
0.189937,0.037739,-0.003098,481.793696
0.161879,0.029097,-0.002262,485.853127
0.264940,0.094761,-0.005955,470.890881
0.743590,0.045930,-0.045661,399.552526
0.427528,0.049437,-0.015268,447.001623
0.191823,0.002246,-0.003159,481.520799
0.051549,0.080768,-0.000204,501.713846
0.559930,0.071532,-0.026017,427.287304
0.192868,0.014916,-0.003192,481.369207
0.525959,0.086871,-0.022987,432.367719
0.113690,0.081704,-0.001122,492.800162
0.011454,0.056123,0.000058,507.438392
0.049466,0.064939,-0.000184,502.011868
0.842528,0.092024,-0.058540,384.422591
0.940032,0.089573,-0.072817,369.382194
0.377106,0.078200,-0.011923,454.447653
0.938819,0.017496,-0.072630,369.570858
0.382370,0.021223,-0.012253,453.672347
0.038847,0.078405,-0.000093,503.529568
0.981730,0.034520,-0.079406,362.911083
0.903107,0.004213,-0.067225,375.094050
0.779568,0.086982,-0.050158,394.065751
0.588135,0.067869,-0.028676,423.057497
0.490923,0.019695,-0.020060,437.591869
0.484286,0.000271,-0.019528,438.579666
0.307619,0.035136,-0.007986,464.654410
0.796199,0.056729,-0.052308,391.524025
0.607038,0.093353,-0.030530,420.216463
0.289115,0.007383,-0.007070,467.361715
0.721552,0.088288,-0.043012,402.904088
0.538879,0.013120,-0.024118,430.437926
0.086826,0.053682,-0.000649,496.660107
0.193161,0.075550,-0.003202,481.326332
0.904780,0.046480,-0.067473,374.835377
0.220596,0.069607,-0.004156,477.345910
0.926728,0.041657,-0.070776,371.442476
0.206112,0.025415,-0.003637,479.448951
0.706280,0.051660,-0.041223,405.223445
0.462539,0.082944,-0.017834,441.811055
0.229507,0.076507,-0.004492,476.050878
0.296056,0.078308,-0.007407,466.346199
0.497297,0.022248,-0.020577,436.642747
0.390979,0.034105,-0.012802,452.402739
0.805658,0.071808,-0.053552,390.076462
0.249285,0.025196,-0.005284,473.173315
0.699129,0.099943,-0.040494,406.306135
0.663832,0.078622,-0.036452,411.652352
0.735644,0.096652,-0.044697,400.761399
0.483931,0.021848,-0.019499,438.632238
0.674984,0.069701,-0.037677,409.965724
0.316332,0.012719,-0.008437,463.378351
0.759583,0.055720,-0.047634,397.115796
0.337426,0.011394,-0.009579,460.284295
0.313566,0.050537,-0.008292,463.783250
0.401396,0.052741,-0.013483,450.865010
0.569697,0.007701,-0.026923,425.824342
0.895472,0.004993,-0.066096,376.272654
0.551330,0.011792,-0.025233,428.575501
0.987662,0.071837,-0.080367,361.988077
0.032918,0.059534,-0.000050,504.376627
0.418332,0.027845,-0.014627,448.362485
0.098889,0.056781,-0.000847,494.928136
0.011986,0.006159,0.000056,507.362975
0.032321,0.049540,-0.000046,504.461842
0.292896,0.079215,-0.007252,466.808344
0.638264,0.095554,-0.033721,415.513054
0.756882,0.039509,-0.047298,397.527719
0.104865,0.002260,-0.000954,494.069862
0.239704,0.019803,-0.004892,474.568144
0.196173,0.095468,-0.003300,480.889689
0.781143,0.035290,-0.050359,393.825635
0.033639,0.093383,-0.000055,504.273314
0.923709,0.070530,-0.070317,371.909309
0.944707,0.009941,-0.073541,368.658619
0.121257,0.041032,-0.001276,491.711616
0.621472,0.088939,-0.031985,418.043954
0.350475,0.012970,-0.010322,458.367452
0.190741,0.089384,-0.003123,481.676874
0.068362,0.053776,-0.000391,499.307428
0.906941,0.040835,-0.067795,374.501628
0.427789,0.080118,-0.015287,446.962824
0.054364,0.032662,-0.000232,501.311580
0.084420,0.079732,-0.000612,497.005090
0.747459,0.082914,-0.046135,398.963027
0.344122,0.037057,-0.009957,459.300742
0.978132,0.026702,-0.078826,363.470380
0.414071,0.084654,-0.014335,448.992019
0.797166,0.068643,-0.052435,391.376026
0.701871,0.053804,-0.040714,405.892347
0.126960,0.096258,-0.001398,490.890027
0.135255,0.010749,-0.001586,489.695434
0.588943,0.051020,-0.028754,422.936315
0.831858,0.086585,-0.057073,386.060763
0.436864,0.088856,-0.015933,445.618968
0.844299,0.031468,-0.058785,384.151182
0.663874,0.068980,-0.036457,411.646153
0.234378,0.030395,-0.004681,475.342860
0.044358,0.065231,-0.000138,502.742269
0.900348,0.087909,-0.066816,375.519290
0.687582,0.030494,-0.039085,408.058683
0.349290,0.001610,-0.010253,458.541703
0.223069,0.017774,-0.004248,476.987007
0.990044,0.013247,-0.080754,361.617907
0.575159,0.043825,-0.027437,425.005006
0.816112,0.048875,-0.054943,388.475412
0.385149,0.002968,-0.012429,453.262802
0.910253,0.028336,-0.068289,373.990030
0.158129,0.017975,-0.002160,486.394933
0.769593,0.012678,-0.048890,395.589260
0.355661,0.082674,-0.010624,457.604376
0.019806,0.025047,0.000025,506.248010
0.245965,0.039135,-0.005146,473.656629
0.412208,0.001667,-0.014208,449.268027
0.175073,0.072092,-0.002639,483.945270
0.248589,0.032890,-0.005255,473.274563
0.231765,0.073532,-0.004579,475.722554
0.551220,0.015462,-0.025223,428.591929
0.150533,0.089970,-0.001959,487.491205
0.635939,0.042451,-0.033478,415.864158
0.193679,0.039064,-0.003219,481.251595
0.135523,0.058454,-0.001592,489.656419
0.238627,0.051945,-0.004849,474.724644
0.742261,0.088808,-0.045499,399.754470
0.198487,0.031446,-0.003378,480.554652
0.430871,0.093871,-0.015504,446.506463
0.872239,0.057253,-0.062723,379.853630
0.589374,0.091639,-0.028795,422.871257
0.376306,0.072863,-0.011873,454.565547
0.692071,0.029230,-0.039594,407.378391
0.916973,0.050297,-0.069298,372.951268
0.463013,0.019133,-0.017870,441.741338
0.092464,0.071084,-0.000738,495.850786
0.800176,0.089468,-0.052829,390.915313
0.857880,0.027379,-0.060683,382.063697
0.632997,0.089681,-0.033171,416.307393
0.292884,0.045295,-0.007252,466.810445
0.366366,0.038331,-0.011263,456.029666
0.187594,0.050014,-0.003023,482.132944
0.449145,0.020561,-0.016829,443.799265
0.036885,0.090396,-0.000078,503.809843
0.198860,0.024537,-0.003390,480.500740
0.817503,0.059036,-0.055130,388.262170
0.560366,0.081595,-0.026057,427.221983
0.111425,0.011906,-0.001078,493.126522
0.834111,0.075693,-0.057381,385.715049
0.117967,0.005376,-0.001208,492.185431
0.239286,0.034777,-0.004876,474.628792
0.620273,0.057231,-0.031863,418.224857
0.916369,0.029927,-0.069207,373.044812
0.925459,0.056169,-0.070583,371.638768
0.895137,0.003435,-0.066047,376.324439
0.489236,0.064420,-0.019924,437.842483
0.848273,0.055879,-0.059337,383.540336
0.694073,0.003077,-0.039821,407.075245
0.107404,0.041512,-0.001001,493.704531
0.264151,0.020928,-0.005920,471.006560
0.240656,0.050346,-0.004930,474.429292
0.797691,0.094991,-0.052503,391.295454
0.923525,0.012990,-0.070289,371.938303
0.878024,0.024793,-0.063555,378.962802
0.619549,0.020279,-0.031789,418.334139
0.137535,0.095373,-0.001639,489.366165
0.498207,0.012410,-0.020652,436.507255
0.060175,0.018731,-0.000294,500.480138
0.362168,0.039844,-0.011011,456.647513
0.965657,0.083434,-0.076832,365.408008
0.838724,0.067292,-0.058015,385.007030
0.032940,0.055206,-0.000050,504.373441
0.746558,0.078865,-0.046024,399.100268
0.449166,0.060537,-0.016830,443.795799
0.943790,0.046083,-0.073399,368.800405
0.971764,0.053783,-0.077805,364.459808
0.488934,0.031177,-0.019899,437.887750
0.618504,0.008332,-0.031683,418.491612
0.035398,0.088705,-0.000067,504.022134
0.244348,0.048235,-0.005080,473.891999
0.745955,0.056073,-0.045950,399.192304
0.889797,0.076140,-0.065264,377.147479
0.267198,0.084398,-0.006055,470.561666
0.338662,0.057850,-0.009648,460.102466
0.523401,0.096637,-0.022767,432.749464
0.170584,0.028210,-0.002508,484.594847
0.302181,0.001847,-0.007711,465.450754
0.742795,0.047044,-0.045564,399.673555
0.200603,0.075239,-0.003448,480.247566
0.148450,0.010686,-0.001907,487.792427
0.339333,0.087329,-0.009686,460.003796
0.391767,0.095623,-0.012853,452.285909
0.628846,0.091563,-0.032741,416.933103
0.399706,0.058952,-0.013371,451.114477
0.350878,0.000646,-0.010345,458.308271
0.681015,0.080720,-0.038348,409.052842
0.896916,0.058248,-0.066309,376.049302
0.890417,0.051814,-0.065355,377.052115
0.249129,0.001504,-0.005277,473.196169
0.151551,0.002533,-0.001986,487.344900
0.378886,0.097679,-0.012034,454.185215
0.056930,0.055073,-0.000259,500.944206
0.484261,0.048318,-0.019525,438.582965
0.114979,0.003962,-0.001148,492.615360
0.160740,0.063055,-0.002230,486.017467
0.538391,0.061558,-0.024075,430.510441
0.083354,0.023633,-0.000596,497.158514
0.507830,0.042723,-0.021448,435.073044
0.146047,0.029239,-0.001846,488.138970
0.042542,0.086332,-0.000122,503.001557
0.250840,0.007697,-0.005349,472.946925
0.421604,0.046465,-0.014854,447.878234
0.791738,0.032915,-0.051727,392.206492
0.485558,0.056028,-0.019629,438.389927
0.487389,0.090760,-0.019775,438.117237
0.249704,0.011619,-0.005301,473.112283
0.880802,0.042033,-0.063956,378.534531
0.561799,0.023031,-0.026190,427.007798
0.837280,0.075720,-0.057816,385.228585
0.106478,0.067724,-0.000983,493.837493
0.561718,0.028989,-0.026182,427.019819
0.189002,0.066144,-0.003068,481.928982
0.624305,0.047911,-0.032275,417.617657
0.235533,0.056925,-0.004726,475.174632
0.915971,0.064212,-0.069147,373.106106
0.976316,0.057204,-0.078534,363.752393
0.690878,0.046993,-0.039458,407.559093
0.639498,0.065368,-0.033850,415.327137
0.430726,0.072294,-0.015494,446.528118
0.995604,0.004732,-0.081663,360.752661
0.097126,0.067250,-0.000816,495.181220
0.061972,0.055605,-0.000315,500.222526
0.645006,0.016464,-0.034431,414.496595
0.616962,0.049898,-0.031527,418.723401
0.507545,0.093132,-0.021424,435.115027
0.212361,0.078692,-0.003857,478.541656
0.779469,0.043128,-0.050145,394.081229
0.354593,0.075025,-0.010562,457.761488
0.539724,0.017108,-0.024193,430.311512
0.650643,0.068322,-0.035030,413.645227
0.766805,0.008348,-0.048538,396.014703
0.484344,0.093900,-0.019532,438.570319
0.581105,0.010751,-0.028001,424.113150
0.385501,0.054350,-0.012451,453.210511
0.398975,0.008789,-0.013323,451.222842
0.399138,0.071285,-0.013334,451.198225
0.008162,0.053982,0.000068,507.907454
0.565420,0.092103,-0.026524,426.464652
0.509571,0.016972,-0.021593,434.813643
0.865933,0.012597,-0.061823,380.824851
0.290853,0.028172,-0.007153,467.107571
0.513108,0.097084,-0.021890,434.285487
0.790445,0.018817,-0.051559,392.404289
0.462587,0.015496,-0.017838,441.804536
0.968431,0.049667,-0.077273,364.977490
0.056638,0.033999,-0.000256,500.986221
0.248927,0.001684,-0.005269,473.225568
0.558165,0.043694,-0.025855,427.551904
0.125569,0.062782,-0.001368,491.090598
0.344130,0.021257,-0.009957,459.299704
0.060531,0.083452,-0.000298,500.428533
0.238149,0.096971,-0.004830,474.793696
0.913564,0.089390,-0.068785,373.477937
0.628464,0.095237,-0.032702,416.990528
0.429904,0.084539,-0.015436,446.649590
0.110714,0.017734,-0.001064,493.228700
0.225275,0.090986,-0.004331,476.665903
0.679122,0.026709,-0.038137,409.339839
0.188424,0.034562,-0.003049,482.012898
0.276421,0.051513,-0.006472,469.215877
0.685336,0.034915,-0.038832,408.398822
0.340048,0.078750,-0.009726,459.898810
0.463957,0.022724,-0.017942,441.601126
0.469685,0.010702,-0.018382,440.750318
0.977629,0.067275,-0.078745,363.548208
0.746371,0.079714,-0.046001,399.128763
0.505556,0.011053,-0.021258,435.412275
0.295931,0.071868,-0.007401,466.364556
0.144358,0.081165,-0.001804,488.382318
0.365661,0.039304,-0.011221,456.133496
0.956662,0.050371,-0.075410,366.804430
0.378159,0.006482,-0.011988,454.293172
0.161997,0.032485,-0.002265,485.836023
0.331948,0.002750,-0.009276,461.088462
0.235464,0.094890,-0.004724,475.184469
0.228659,0.078222,-0.004459,476.174120
0.170215,0.072749,-0.002497,484.647806
0.900319,0.079986,-0.066811,375.523884
0.851585,0.084106,-0.059800,383.031057
0.695236,0.002356,-0.039954,406.899002
0.160948,0.066957,-0.002236,485.987290
0.312000,0.032305,-0.008211,464.012919
0.045400,0.019277,-0.000147,502.593587
0.085297,0.063126,-0.000625,496.879387
0.385971,0.056135,-0.012481,453.141157
0.392835,0.022169,-0.012922,452.129014
0.797838,0.000519,-0.052523,391.273819
0.843099,0.061448,-0.058619,384.335172
0.957687,0.048662,-0.075571,366.645410
0.159860,0.032164,-0.002206,486.144845
0.507231,0.010849,-0.021398,435.162563
0.867857,0.081664,-0.062097,380.528060
0.022694,0.087507,0.000011,505.835571
0.674119,0.087384,-0.037581,410.096483
0.012002,0.065738,0.000057,507.360152
0.273077,0.053678,-0.006319,469.704052
0.133237,0.026352,-0.001539,489.986163
0.567283,0.075860,-0.026698,426.185551
0.604820,0.099575,-0.030309,420.549872
0.341535,0.084453,-0.009810,459.680423
0.034469,0.030924,-0.000061,504.155330
0.575361,0.028749,-0.027456,424.974879
0.419771,0.049144,-0.014727,448.149466
0.340390,0.063978,-0.009745,459.848679
0.604014,0.055005,-0.030229,420.671486
0.726494,0.053131,-0.043599,402.153359
0.431900,0.088715,-0.015578,446.354173
0.445791,0.049210,-0.016582,444.296355
0.604936,0.093055,-0.030321,420.532580
0.464492,0.071921,-0.017983,441.521222
0.025447,0.015929,-0.000004,505.443365
0.144653,0.022529,-0.001811,488.340189
0.419154,0.068340,-0.014684,448.240451
0.483642,0.089852,-0.019476,438.674690
0.077997,0.095941,-0.000518,497.926152
0.978854,0.025202,-0.078942,363.358261
0.741327,0.042701,-0.045386,399.897004
0.095043,0.017050,-0.000781,495.480856
0.448738,0.028276,-0.016799,443.859431
0.370145,0.094825,-0.011493,455.472896
0.714455,0.086601,-0.042176,403.982140
0.027742,0.064284,-0.000017,505.115369
0.906235,0.002712,-0.067689,374.611074
0.704141,0.047651,-0.040976,405.548093
0.721133,0.005347,-0.042963,402.968481
0.021887,0.052065,0.000015,505.950876
0.021702,0.029158,0.000016,505.977425
0.071435,0.045896,-0.000430,498.867186
0.485566,0.063312,-0.019629,438.388742
0.544215,0.032714,-0.024592,429.639852
0.016266,0.050778,0.000041,506.752542
0.663357,0.046189,-0.036401,411.724439
0.387906,0.099749,-0.012604,452.855382
0.655521,0.075297,-0.035553,412.908315
0.842680,0.069956,-0.058561,384.399444
0.120422,0.011446,-0.001259,491.832092
0.481978,0.056356,-0.019344,438.922498
0.495937,0.043161,-0.020466,436.845039
0.532840,0.080300,-0.023586,431.339829
0.627665,0.015125,-0.032620,417.111660
0.249981,0.071206,-0.005312,473.071564
0.153636,0.017708,-0.002040,487.043742
0.490387,0.053077,-0.020016,437.671316
0.768951,0.047205,-0.048809,395.686911
0.899871,0.083162,-0.066745,375.592954
0.218229,0.013098,-0.004069,477.690205
0.467887,0.095226,-0.018243,441.016797
0.873324,0.045911,-0.062879,379.686608
0.300803,0.026339,-0.007642,465.652149
0.187898,0.029559,-0.003033,482.089187
0.772938,0.098241,-0.049313,395.078071
0.147488,0.044720,-0.001882,487.930919
0.801597,0.023708,-0.053016,390.698484
0.143156,0.017806,-0.001775,488.556204
0.415901,0.039413,-0.014460,448.721780
0.183478,0.002764,-0.002894,482.729351
0.759448,0.046697,-0.047617,397.136407
0.630171,0.029158,-0.032879,416.733831
0.288537,0.064858,-0.007042,467.445765
0.370519,0.006261,-0.011516,455.418577
0.656235,0.057008,-0.035629,412.800717
0.214864,0.065551,-0.003946,478.178369
0.353901,0.085679,-0.010521,457.863158
0.831387,0.041282,-0.057009,386.133377
0.613260,0.009950,-0.031153,419.280952
0.883643,0.030004,-0.064368,378.096844
0.873425,0.070234,-0.062893,379.670891
0.314494,0.013973,-0.008341,463.647699
0.913049,0.035068,-0.068708,373.557988
0.113414,0.001979,-0.001117,492.840579
0.855377,0.023029,-0.060331,382.448627
0.804336,0.005724,-0.053377,390.279420
0.587549,0.087669,-0.028619,423.145230
0.296688,0.072692,-0.007438,466.253791
0.801021,0.083554,-0.052940,390.786081
0.635711,0.014763,-0.033454,415.898866
0.340120,0.050028,-0.009730,459.888496
0.959430,0.039653,-0.075846,366.375007
0.405677,0.089759,-0.013768,450.232475
0.632213,0.065440,-0.033090,416.425829
0.273327,0.020307,-0.006331,469.667759
0.268219,0.024124,-0.006101,470.413188
0.007102,0.019522,0.000071,508.058717
0.009961,0.060445,0.000063,507.650972
0.574843,0.037665,-0.027407,425.052454
0.715489,0.002437,-0.042298,403.825899
0.346991,0.027003,-0.010121,458.879376
0.040245,0.099425,-0.000103,503.329740
0.710564,0.099029,-0.041721,404.572868
0.868348,0.084120,-0.062167,380.452487
0.046899,0.020750,-0.000161,502.379304
0.123132,0.079611,-0.001316,491.441315
0.336089,0.020058,-0.009505,460.480574
0.674240,0.034069,-0.037595,410.078652
0.048275,0.082555,-0.000173,502.182014
0.163579,0.030791,-0.002309,485.607436
0.619325,0.008419,-0.031767,418.367988
0.287387,0.021978,-0.006987,467.614234
0.193322,0.055426,-0.003207,481.303173
0.793275,0.063101,-0.051927,391.971196
0.978173,0.069250,-0.078833,363.463649
0.482007,0.080337,-0.019346,438.917970
0.304490,0.041736,-0.007827,465.112506
0.176358,0.001098,-0.002677,483.759955
0.772033,0.052828,-0.049198,395.216509
0.643340,0.041766,-0.034255,414.747788
0.332679,0.044710,-0.009316,460.980807
0.041409,0.032171,-0.000113,503.163989
0.057859,0.038395,-0.000269,500.811352
0.380444,0.072243,-0.012131,453.955790
0.414131,0.049636,-0.014339,448.983476
0.093461,0.060483,-0.000755,495.707625
0.035789,0.001857,-0.000070,503.967061
0.412071,0.005849,-0.014199,449.288372
0.211952,0.007506,-0.003842,478.601584
0.651564,0.070273,-0.035128,413.506086
0.224484,0.007360,-0.004301,476.781540
0.864719,0.082970,-0.061651,381.011013
0.085326,0.032327,-0.000626,496.875518
0.488040,0.086830,-0.019827,438.020358
0.578203,0.022011,-0.027725,424.548596
0.760281,0.041764,-0.047721,397.009501
0.830661,0.001253,-0.056910,386.245062
0.132165,0.045911,-0.001515,490.140514
0.029772,0.082182,-0.000029,504.825526
0.211571,0.093386,-0.003828,478.656193
0.456403,0.044445,-0.017370,442.722242
0.047669,0.014250,-0.000168,502.269275
0.475895,0.078426,-0.018865,439.826819
0.797294,0.026785,-0.052451,391.356844
0.970940,0.002215,-0.077673,364.588173
0.821320,0.084412,-0.055643,387.677006
0.221827,0.043403,-0.004202,477.167328
0.681094,0.074557,-0.038357,409.040851
0.982330,0.010213,-0.079503,362.817850
0.663231,0.019050,-0.036387,411.743786
0.917792,0.086974,-0.069422,372.824313
0.825500,0.097109,-0.056208,387.035944
0.216837,0.070667,-0.004018,477.891900
0.346487,0.098479,-0.010092,458.952728
0.047576,0.002111,-0.000167,502.282689
0.949027,0.064925,-0.074214,367.988429
0.084435,0.052413,-0.000612,497.003237
0.445935,0.074500,-0.016592,444.274741
0.751513,0.030077,-0.046633,398.345923
0.652245,0.089787,-0.035201,413.403021
0.853129,0.056839,-0.060016,382.793980
0.781622,0.097348,-0.050421,393.751897
0.037420,0.066779,-0.000082,503.733575
0.134013,0.035856,-0.001557,489.874250
0.120257,0.031971,-0.001255,491.855571
0.123115,0.010376,-0.001316,491.444331
0.852068,0.059828,-0.059867,382.956976
0.838049,0.027885,-0.057922,385.110979
0.931658,0.047017,-0.071529,370.679462
0.635452,0.069469,-0.033427,415.937389
0.387208,0.046850,-0.012560,452.958756
0.084893,0.091925,-0.000619,496.937175
0.241010,0.085644,-0.004945,474.377559
0.413080,0.016631,-0.014268,449.139016
0.184704,0.026859,-0.002932,482.551707
0.121206,0.096052,-0.001275,491.718432
0.436166,0.024784,-0.015883,445.722796
0.471372,0.065375,-0.018512,440.499271
0.077956,0.088121,-0.000518,497.932162
0.795297,0.040299,-0.052190,391.662141
0.702489,0.009524,-0.040785,405.798973
0.074113,0.048008,-0.000465,498.483331
0.362386,0.090651,-0.011023,456.615068
0.802152,0.055317,-0.053089,390.613198
0.400244,0.055781,-0.013407,451.035078
0.009653,0.061713,0.000064,507.694959
0.265800,0.041209,-0.005993,470.765937
0.414221,0.088929,-0.014345,448.969777
0.462658,0.055980,-0.017843,441.793677
0.514352,0.035257,-0.021996,434.100444
0.643879,0.096705,-0.034311,414.665919
0.707769,0.039428,-0.041396,404.997560
0.096744,0.015526,-0.000810,495.236600
0.401359,0.024191,-0.013481,450.870719
0.983265,0.018982,-0.079654,362.672418
0.095973,0.037226,-0.000797,495.347071
0.429170,0.061796,-0.015384,446.758582
0.243734,0.040376,-0.005055,473.981382
0.489148,0.045825,-0.019917,437.855855
0.343042,0.064811,-0.009895,459.459252
0.847675,0.052432,-0.059254,383.632250
0.307858,0.011986,-0.007998,464.619657
0.846610,0.072940,-0.059106,383.795723
0.428960,0.028648,-0.015369,446.789848
0.477829,0.080460,-0.019016,439.539385
0.314431,0.098542,-0.008337,463.656230
0.640815,0.032686,-0.033989,415.128778
0.050695,0.093063,-0.000195,501.835925
0.003456,0.079024,0.000080,508.577510
0.980235,0.066787,-0.079165,363.143147
0.716944,0.056861,-0.042469,403.604390
0.986790,0.009760,-0.080225,362.124303
0.960799,0.000964,-0.076062,366.162814
0.768230,0.080709,-0.048718,395.796664
0.338034,0.040863,-0.009613,460.194919
0.307541,0.071438,-0.007982,464.665529
0.409355,0.059523,-0.014015,449.689263
0.978663,0.029881,-0.078911,363.387888
0.108807,0.015285,-0.001027,493.503010
0.436868,0.012009,-0.015933,445.618899
0.179740,0.053906,-0.002779,483.270083
0.873679,0.069972,-0.062930,379.631736
0.045545,0.066074,-0.000148,502.572549
0.487000,0.023775,-0.019744,438.175685
0.311521,0.061319,-0.008186,464.082762
0.283371,0.086354,-0.006796,468.200516
0.821513,0.059008,-0.055669,387.647651
0.117697,0.045718,-0.001202,492.224002
0.449097,0.035598,-0.016825,443.806161
0.571339,0.013356,-0.027077,425.578110
0.094965,0.057817,-0.000780,495.491650
0.666581,0.050600,-0.036752,411.237088
0.821461,0.092711,-0.055662,387.655347
0.600223,0.019418,-0.029855,421.241774
0.122953,0.006890,-0.001312,491.467742
0.724984,0.010811,-0.043420,402.383166
0.764273,0.071874,-0.048220,396.400340
0.227415,0.076467,-0.004412,476.354978
0.413070,0.019653,-0.014267,449.140521
0.769742,0.016291,-0.048909,395.566488
0.913725,0.085449,-0.068809,373.453103
0.553010,0.022315,-0.025385,428.323954
0.442273,0.004229,-0.016325,444.818124
0.000296,0.002238,0.000085,509.027921
0.133550,0.097771,-0.001546,489.940465
0.402429,0.043200,-0.013551,450.712544
0.690105,0.001896,-0.039371,407.676553
0.399197,0.051384,-0.013338,451.189661
0.346629,0.006943,-0.010100,458.932723
0.509900,0.018752,-0.021621,434.764565
0.786959,0.059499,-0.051108,392.936809
0.912699,0.069086,-0.068656,373.611724
0.759809,0.059066,-0.047662,397.081231
0.882075,0.086940,-0.064140,378.337960
0.802575,0.019731,-0.053145,390.548801
0.456723,0.074665,-0.017394,442.674536
0.197578,0.064360,-0.003347,480.686219
0.779063,0.039151,-0.050093,394.143276
0.864162,0.036705,-0.061571,381.097191
0.594307,0.032067,-0.029275,422.130723
0.863836,0.047618,-0.061525,381.147168
0.672913,0.051102,-0.037448,410.279277
0.289764,0.049559,-0.007101,467.266512
0.680069,0.024983,-0.038242,409.196524
0.346373,0.058030,-0.010085,458.969845
0.853276,0.034099,-0.060036,382.771548
0.263068,0.075696,-0.005872,471.164092
0.747272,0.011103,-0.046112,398.992184
0.839464,0.085978,-0.058117,384.893284
0.174949,0.072532,-0.002635,483.963183
0.967979,0.079342,-0.077201,365.047495
0.360012,0.034196,-0.010882,456.964840
0.308942,0.037482,-0.008054,464.460713
0.039710,0.002376,-0.000100,503.406953
0.199806,0.046132,-0.003422,480.363408
0.431804,0.088396,-0.015571,446.368309
0.427561,0.076445,-0.015270,446.996599
0.572826,0.088770,-0.027217,425.354516
0.948528,0.018323,-0.074136,368.066172
0.578473,0.052233,-0.027750,424.507808
0.943818,0.064773,-0.073403,368.795900
0.637812,0.077793,-0.033673,415.581452
0.835828,0.082303,-0.057617,385.451380
0.363619,0.089404,-0.011097,456.433526
0.240446,0.044675,-0.004922,474.459912
0.115602,0.050835,-0.001160,492.525427
0.241618,0.080457,-0.004969,474.289040
0.313736,0.011883,-0.008301,463.758676
0.533425,0.004915,-0.023637,431.253185
0.239421,0.037013,-0.004881,474.609140
0.011905,0.079563,0.000057,507.373824
0.526639,0.084885,-0.023046,432.266057
0.735661,0.019591,-0.044699,400.759473
0.198858,0.049244,-0.003390,480.500727
0.640392,0.045563,-0.033944,415.192554
0.197367,0.020235,-0.003340,480.717147
0.152759,0.068755,-0.002017,487.169947
0.445452,0.059888,-0.016557,444.346503
0.202965,0.046717,-0.003529,479.905259
0.177799,0.087512,-0.002720,483.550600
0.938322,0.069379,-0.072553,369.647265
0.369105,0.067779,-0.011429,455.626299
0.242413,0.053391,-0.005001,474.173526
0.211014,0.004809,-0.003809,478.737776
0.411791,0.035870,-0.014180,449.329380
0.451514,0.023248,-0.017005,443.447784
0.502274,0.041605,-0.020986,435.901110
0.029081,0.087160,-0.000025,504.924162
0.350126,0.050341,-0.010301,458.418361
0.175887,0.083275,-0.002663,483.827277
0.278883,0.015171,-0.006586,468.856641
0.307102,0.079176,-0.007960,464.729725
0.555139,0.097494,-0.025579,428.004559
0.252244,0.067033,-0.005407,472.741884
0.671310,0.007572,-0.037271,410.522175
0.984296,0.007612,-0.079821,362.512249
0.353940,0.040947,-0.010524,457.857836
0.070057,0.049339,-0.000412,499.064636
0.147930,0.073249,-0.001893,487.867009
0.062115,0.025949,-0.000316,500.202258
0.776245,0.096125,-0.049734,394.573102
0.218500,0.082368,-0.004079,477.650306
0.309760,0.057561,-0.008096,464.340765
0.543193,0.068036,-0.024501,429.792374
0.937796,0.087449,-0.072472,369.728617
0.651757,0.035676,-0.035149,413.477177
0.519950,0.016492,-0.022471,433.265323
0.907564,0.068939,-0.067888,374.405116
0.213962,0.016040,-0.003914,478.309827
0.747050,0.017776,-0.046084,399.025941
0.136665,0.015828,-0.001619,489.492251
0.842080,0.073998,-0.058478,384.491616
0.631902,0.092850,-0.033058,416.472378
0.572843,0.031383,-0.027218,425.352355
0.278817,0.080083,-0.006583,468.865788
0.302385,0.073394,-0.007721,465.420253
0.696409,0.003098,-0.040088,406.721133
0.459190,0.005706,-0.017580,442.308951
0.829796,0.095433,-0.056792,386.376935
0.449468,0.057919,-0.016853,443.750916
0.626598,0.065309,-0.032510,417.272076
0.725963,0.082999,-0.043536,402.233763
0.715176,0.002974,-0.042261,403.873492
0.118322,0.006552,-0.001215,492.134304
0.082009,0.067724,-0.000576,497.351037
0.908300,0.059528,-0.067997,374.291551
0.909423,0.033200,-0.068165,374.118245
0.416765,0.019664,-0.014520,448.594290
0.074649,0.035012,-0.000473,498.406687
0.593140,0.072922,-0.029161,422.305647
0.929199,0.031303,-0.071153,371.060195
0.716009,0.024945,-0.042359,403.746732
0.880339,0.055552,-0.063889,378.605853
0.391630,0.023511,-0.012844,452.306673
0.174200,0.061124,-0.002613,484.071562
0.160233,0.022256,-0.002217,486.090931
0.408587,0.084652,-0.013963,449.802547
0.478233,0.096753,-0.019048,439.479128
0.520575,0.050188,-0.022525,433.171717
0.143677,0.012215,-0.001787,488.481119
0.144517,0.015869,-0.001808,488.359835
0.178193,0.091972,-0.002732,483.493628
0.970934,0.007757,-0.077672,364.589102
0.271936,0.019424,-0.006268,469.870829
0.603034,0.069685,-0.030132,420.818692
0.241886,0.029218,-0.004980,474.250465
0.461869,0.090223,-0.017783,441.910480
0.629842,0.034845,-0.032844,416.783472
0.908580,0.036725,-0.068039,374.248482
0.391576,0.038841,-0.012841,452.314532
0.705425,0.010945,-0.041124,405.353540
0.941504,0.082402,-0.073045,369.154213
0.477487,0.026007,-0.018990,439.590586
0.526195,0.063381,-0.023008,432.332570
0.189901,0.033243,-0.003096,481.799016
0.960193,0.091523,-0.075967,366.256061
0.525723,0.080509,-0.022967,432.403018
0.644758,0.054116,-0.034404,414.533649
0.736218,0.044802,-0.044766,400.674482
0.739044,0.028416,-0.045108,400.244608
0.949430,0.040691,-0.074277,367.926215
0.574934,0.049454,-0.027415,425.038712
0.864305,0.008453,-0.061592,381.075392
0.290669,0.027961,-0.007144,467.134408
0.655355,0.034779,-0.035535,412.933809
0.030002,0.002187,-0.000031,504.793354
0.043493,0.002248,-0.000131,502.866412
0.166635,0.059430,-0.002394,485.165559
0.200257,0.074659,-0.003437,480.297776
0.075761,0.065280,-0.000488,498.247073
0.866171,0.025450,-0.061857,380.788022
0.452225,0.022053,-0.017057,443.342392
0.170565,0.073814,-0.002507,484.597266
0.108925,0.062993,-0.001029,493.485651
0.271200,0.000039,-0.006382,469.977442
0.828232,0.053714,-0.056579,386.617320
0.251005,0.076839,-0.005355,472.922218
0.627531,0.054550,-0.032606,417.131456
0.433156,0.089129,-0.015667,446.168059
0.594262,0.085392,-0.029270,422.137031
0.120407,0.074153,-0.001258,491.833716
0.887380,0.022322,-0.064911,377.520723
0.207879,0.057726,-0.003698,479.192342
0.787412,0.068742,-0.051166,392.867447
0.553914,0.080910,-0.025467,428.188087
0.882094,0.087938,-0.064143,378.335148
0.431450,0.080366,-0.015546,446.420854
0.837259,0.064822,-0.057813,385.231941
0.547427,0.062485,-0.024880,429.159064
0.333297,0.027338,-0.009350,460.890289
0.191297,0.001778,-0.003142,481.596997
0.285669,0.052125,-0.006905,467.865025
0.766193,0.020936,-0.048461,396.107931
0.741408,0.058619,-0.045395,399.884637
0.762909,0.035434,-0.048049,396.608798
0.448573,0.056674,-0.016787,443.883699
0.166684,0.031316,-0.002396,485.158654
0.221353,0.097458,-0.004184,477.235737
0.391170,0.025283,-0.012815,452.374520
0.794952,0.092612,-0.052145,391.714450
0.994720,0.061636,-0.081518,360.889809
0.241277,0.009475,-0.004956,474.339377
0.150072,0.073731,-0.001948,487.557889
0.533709,0.009802,-0.023662,431.210654
0.317868,0.081428,-0.008517,463.152665
0.236649,0.043748,-0.004771,475.012477
0.322070,0.017383,-0.008741,462.537258
0.871764,0.037555,-0.062655,379.926872
0.123872,0.062906,-0.001331,491.334957
0.163948,0.039216,-0.002319,485.554124
0.117902,0.024360,-0.001207,492.194570
0.124809,0.029029,-0.001352,491.200287
0.698826,0.003949,-0.040364,406.354686
0.111346,0.082415,-0.001076,493.137276
0.235806,0.062271,-0.004737,475.134930
0.958587,0.000387,-0.075713,366.506157
0.076610,0.093325,-0.000499,498.125110
0.363331,0.042254,-0.011080,456.476319
0.152196,0.063509,-0.002003,487.251246
0.831035,0.080294,-0.056961,386.187006
0.298594,0.082229,-0.007532,465.974882
0.662990,0.029720,-0.036361,411.780053
0.164811,0.081796,-0.002343,485.429000
0.475134,0.088479,-0.018805,439.939850
0.869723,0.087358,-0.062363,380.240718
0.083666,0.069516,-0.000601,497.113325
0.904663,0.072185,-0.067456,374.853154
0.119456,0.015351,-0.001239,491.971108
0.505324,0.058105,-0.021239,435.446460
0.247653,0.098415,-0.005216,473.410346
0.294272,0.092342,-0.007319,466.607096
0.740782,0.057293,-0.045319,399.979804
0.123901,0.088294,-0.001332,491.330550
0.163533,0.042842,-0.002307,485.613939
0.828090,0.030756,-0.056560,386.639200
0.796443,0.061181,-0.052340,391.486650
0.193955,0.012363,-0.003228,481.211808
0.888534,0.095822,-0.065080,377.342164
0.080805,0.083062,-0.000558,497.523604
0.506455,0.031022,-0.021333,435.278105
0.587763,0.071961,-0.028640,423.113318
0.627627,0.019916,-0.032616,417.117346
0.490146,0.004499,-0.019997,437.707550
0.565970,0.060885,-0.026576,426.382508
0.968806,0.060843,-0.077333,364.919166
0.846804,0.061740,-0.059133,383.766083
0.549158,0.090346,-0.025036,428.899817
0.529667,0.078146,-0.023309,431.813996
0.255724,0.055742,-0.005555,472.234960
0.636094,0.059928,-0.033494,415.840672
0.164172,0.095832,-0.002325,485.521211
0.540395,0.003018,-0.024252,430.211376
0.892671,0.013943,-0.065685,376.704818
0.182183,0.050875,-0.002854,482.916534
0.096463,0.006125,-0.000805,495.276961
0.133658,0.078064,-0.001549,489.925177
0.241149,0.013549,-0.004951,474.357833
0.426463,0.080523,-0.015193,447.159059
0.743994,0.036424,-0.045711,399.491051
0.151332,0.022122,-0.001980,487.376312
0.008510,0.011536,0.000067,507.858096
0.642876,0.038048,-0.034206,414.817756
0.624061,0.057813,-0.032250,417.654374
0.763806,0.016206,-0.048162,396.472104
0.792637,0.040063,-0.051844,392.068920
0.442597,0.002033,-0.016348,444.770137
0.641504,0.091263,-0.034061,415.024421
0.071883,0.022094,-0.000436,498.803217
0.248830,0.033024,-0.005265,473.239443
0.275401,0.023030,-0.006426,469.365005
0.400402,0.081796,-0.013417,451.011573
0.199093,0.085773,-0.003398,480.466431
0.181877,0.028405,-0.002845,482.960930
0.950922,0.080170,-0.074510,367.694398
0.976225,0.035613,-0.078519,363.766792
-0.000013,0.092477,-0.000022,509.071204
0.641428,0.068204,-0.034053,415.036012
0.077914,0.080983,-0.000517,497.938295
0.787597,0.045925,-0.051190,392.839390
0.552019,0.021698,-0.025295,428.472226
0.494719,0.006459,-0.020367,437.026726
0.763665,0.080281,-0.048144,396.493149
0.758559,0.077569,-0.047506,397.271700
0.957734,0.094784,-0.075579,366.637633
0.936833,0.014987,-0.072324,369.878415
0.639402,0.043846,-0.033840,415.341902
0.527684,0.080144,-0.023137,432.110153
0.367366,0.094754,-0.011324,455.882052
0.478564,0.044152,-0.019074,439.430348
0.533987,0.015845,-0.023687,431.168968
0.701337,0.059526,-0.040653,405.973373
0.707991,0.024229,-0.041422,404.963990
0.228536,0.043654,-0.004455,476.192324
0.633742,0.031694,-0.033249,416.195621
0.287619,0.038402,-0.006998,467.580217
0.860539,0.057898,-0.061058,381.654380
0.015339,0.013532,0.000044,506.885003
0.942383,0.045764,-0.073181,369.018431
0.799055,0.011671,-0.052682,391.087539
0.809428,0.088458,-0.054051,389.499068
0.005336,0.000923,0.000075,508.310425
0.372869,0.088723,-0.011660,455.071705
0.006750,0.062280,0.000072,508.108406
0.399302,0.033355,-0.013345,451.174377
0.855012,0.055348,-0.060280,382.504514
0.666516,0.038752,-0.036745,411.247016
0.670550,0.058537,-0.037188,410.636705
0.070831,0.037780,-0.000422,498.953778
0.821623,0.070470,-0.055684,387.630684
0.641087,0.056873,-0.034017,415.087627
0.093582,0.012892,-0.000757,495.690659
0.724069,0.032780,-0.043311,402.522073
0.272599,0.089094,-0.006298,469.773476
0.147875,0.013940,-0.001892,487.875460
0.933928,0.097042,-0.071877,370.327581
0.577483,0.006158,-0.027657,424.656642
0.394666,0.083830,-0.013041,451.858213
0.091789,0.007908,-0.000728,495.948162
0.651495,0.017204,-0.035121,413.516910
0.915116,0.071466,-0.069018,373.238159
0.456145,0.036412,-0.017350,442.760692
0.471597,0.080541,-0.018530,440.465610
0.381457,0.091552,-0.012195,453.806296
0.806656,0.086498,-0.053684,389.923437
0.895945,0.059369,-0.066166,376.199248
0.303879,0.013374,-0.007797,465.202109
0.016140,0.087449,0.000041,506.770099
0.957597,0.056860,-0.075557,366.659220
0.887927,0.005210,-0.064991,377.436596
0.038638,0.083359,-0.000091,503.559429
0.225189,0.080618,-0.004327,476.678412
0.076475,0.006049,-0.000498,498.145090
0.439155,0.093877,-0.016098,445.279433
0.000086,0.088580,0.000086,509.057172
0.846059,0.099313,-0.059029,383.880175
0.021283,0.029870,0.000018,506.037289
0.313446,0.037246,-0.008286,463.800945
0.957061,0.070642,-0.075473,366.742289
0.687256,0.069129,-0.039049,408.107735
0.094339,0.064434,-0.000769,495.581610
0.744684,0.077375,-0.045795,399.385587
0.141096,0.035662,-0.001724,488.853101
0.813022,0.035513,-0.054530,388.948954
0.595976,0.019832,-0.029438,421.880074
0.052698,0.000927,-0.000216,501.550200
0.680547,0.062066,-0.038296,409.123766
0.236518,0.095066,-0.004765,475.031120
0.400676,0.073674,-0.013435,450.971186
0.325127,0.047720,-0.008904,462.088808
0.531706,0.054497,-0.023487,431.509461
0.455613,0.038933,-0.017310,442.839592
0.970220,0.055762,-0.077558,364.699681
0.522005,0.056564,-0.022647,432.958200
0.030443,0.063844,-0.000034,504.729966
0.573348,0.050378,-0.027266,425.276555
0.312578,0.061043,-0.008241,463.928000
0.260793,0.095385,-0.005773,471.495716
0.715178,0.064570,-0.042261,403.872600
0.301051,0.005833,-0.007655,465.616015
0.195494,0.086613,-0.003278,480.988173
0.599830,0.076953,-0.029816,421.300296
0.293992,0.084443,-0.007305,466.648093
0.508567,0.033521,-0.021509,434.963216
0.584343,0.074886,-0.028311,423.626766
0.958782,0.072671,-0.075744,366.475267
0.141435,0.061642,-0.001732,488.803999
0.659336,0.050915,-0.035964,412.332202
0.791508,0.034629,-0.051697,392.241533
0.283792,0.072775,-0.006816,468.139055
0.884599,0.056718,-0.064507,377.949280
0.920114,0.083247,-0.069772,372.465253
0.193981,0.016494,-0.003229,481.207943
0.428669,0.007143,-0.015349,446.833118
0.480448,0.085883,-0.019223,439.149879
0.396201,0.027968,-0.013141,451.632208
0.124036,0.062974,-0.001335,491.311384
-0.000008,0.061194,-0.000014,509.070802
0.143745,0.002888,-0.001789,488.471318
0.465090,0.051582,-0.018028,441.432540
0.104246,0.032521,-0.000942,494.158549
0.248371,0.019823,-0.005246,473.306398
0.133812,0.010385,-0.001553,489.903533
0.250400,0.005001,-0.005330,473.011069
0.620274,0.013473,-0.031863,418.225057
0.445001,0.028355,-0.016524,444.413653
0.091421,0.073514,-0.000721,496.000484
0.867662,0.065385,-0.062069,380.558271
0.692384,0.084033,-0.039629,407.330485
0.560088,0.089927,-0.026032,427.263444
0.586069,0.050991,-0.028477,423.367754
0.971471,0.012323,-0.077758,364.505660
0.903520,0.069705,-0.067286,375.029764
0.438912,0.075295,-0.016081,445.315665
0.934457,0.094264,-0.071958,370.245749
0.865539,0.066614,-0.061767,380.885038
0.288106,0.095476,-0.007021,467.508562
0.230635,0.045244,-0.004535,475.887148
0.804731,0.085317,-0.053429,390.218250
0.157542,0.019745,-0.002144,486.479660
0.105656,0.015071,-0.000968,493.955972
0.158405,0.039594,-0.002167,486.354924
0.675282,0.055572,-0.037710,409.920741
0.695959,0.096821,-0.040036,406.788542
0.120407,0.045916,-0.001258,491.833883
0.890307,0.080740,-0.065339,377.068798
0.510564,0.010043,-0.021677,434.665645
0.437473,0.098117,-0.015977,445.528546
0.760901,0.041112,-0.047798,396.914901
0.588701,0.093530,-0.028730,422.972311
0.398346,0.064217,-0.013282,451.315258
0.071582,0.019769,-0.000432,498.846418
0.891561,0.004368,-0.065522,376.876063
0.067885,0.068210,-0.000385,499.375637
0.270151,0.086254,-0.006187,470.130825
0.983540,0.069200,-0.079699,362.629194
0.924967,0.045144,-0.070508,371.715043
0.423373,0.077202,-0.014977,447.616331
0.845977,0.016439,-0.059018,383.893406
0.078617,0.056982,-0.000527,497.837583
0.209467,0.025380,-0.003754,478.962092
0.061139,0.096981,-0.000305,500.341454
0.564681,0.049104,-0.026456,426.575694
0.353453,0.095473,-0.010495,457.928868
0.569456,0.011487,-0.026901,425.860417
0.788571,0.042415,-0.051316,392.690554
0.338392,0.051481,-0.009633,460.142217
0.003717,0.001302,0.000079,508.540960
0.063070,0.020538,-0.000327,500.065569
0.602317,0.007617,-0.030061,420.927098
0.774002,0.054074,-0.049448,394.915983
0.179390,0.061514,-0.002768,483.320673
0.022738,0.069760,0.000011,505.829425
0.026663,0.000368,-0.000011,505.269873
0.744712,0.034765,-0.045798,399.381746
0.595824,0.098882,-0.029423,421.902254
0.162714,0.087266,-0.002284,485.732044
0.985752,0.092014,-0.080057,362.285063
0.297250,0.019087,-0.007466,466.172085
0.929501,0.061662,-0.071199,371.013238
0.832784,0.034760,-0.057200,385.918986
0.154357,0.048375,-0.002059,486.939462
0.686630,0.048328,-0.038978,408.202680
0.947407,0.050369,-0.073961,368.239753
0.953988,0.074117,-0.074990,367.219072
0.020154,0.067832,0.000024,506.197909
0.221377,0.082687,-0.004185,477.232298
0.072697,0.032334,-0.000447,498.686459
0.602406,0.070136,-0.030070,420.913196
0.676522,0.075321,-0.037848,409.733014
0.439768,0.086522,-0.016142,445.188679
0.596379,0.096786,-0.029477,421.818915
0.937483,0.061287,-0.072424,369.777310
0.262006,0.026776,-0.005826,471.319394
0.599531,0.048926,-0.029787,421.345486
0.010285,0.100001,-0.000093,507.604515
0.906590,0.054233,-0.067742,374.555775
0.616864,0.076391,-0.031517,418.738018
0.149177,0.003440,-0.001925,487.687584
0.046912,0.083565,-0.000160,502.376991
0.074527,0.064742,-0.000471,498.423889
0.180042,0.031361,-0.002788,483.226525
0.032710,0.080665,-0.000048,504.406054
0.932913,0.095443,-0.071721,370.484810
0.293912,0.066654,-0.007302,466.659828
0.625568,0.057436,-0.032404,417.427288
0.369494,0.027775,-0.011453,455.569310
0.207882,0.005233,-0.003699,479.192267
0.191477,0.014070,-0.003147,481.570797
0.635908,0.030898,-0.033474,415.869027
0.070028,0.063096,-0.000412,499.068730
0.039017,0.010510,-0.000094,503.505903
0.606196,0.006967,-0.030446,420.343806
0.532530,0.077053,-0.023559,431.386298
0.095403,0.081797,-0.000787,495.428589
0.180443,0.005310,-0.002801,483.168784
0.406138,0.062660,-0.013799,450.164549
0.256296,0.059397,-0.005579,472.151499
0.603613,0.012696,-0.030190,420.732200
0.204555,0.040573,-0.003583,479.674667
0.480341,0.078545,-0.019214,439.165794
0.218030,0.025251,-0.004062,477.719035
0.939653,0.014835,-0.072758,369.441691
0.500529,0.039314,-0.020843,436.161103
0.875711,0.033812,-0.063222,379.319049
0.720046,0.005394,-0.042834,403.133683
0.737524,0.038034,-0.044924,400.475851
0.073602,0.013119,-0.000459,498.556855
0.588848,0.058599,-0.028745,422.950432
0.709703,0.099942,-0.041714,404.701877
0.290297,0.050242,-0.007126,467.188661
0.021756,0.010658,0.000015,505.969964
0.229215,0.039223,-0.004481,476.093591
0.726787,0.088741,-0.043634,402.108420
0.329442,0.033685,-0.009138,461.455914
0.204111,0.036494,-0.003568,479.739104
0.194880,0.084419,-0.003258,481.077167
0.787695,0.081019,-0.051203,392.824065
0.528140,0.007538,-0.023177,432.042695
0.690018,0.050961,-0.039361,407.689330
0.590515,0.027561,-0.028906,422.700373
0.576781,0.059572,-0.027590,424.761496
0.002242,0.039564,0.000082,508.750698
0.379434,0.072052,-0.012068,454.104671
0.661440,0.053854,-0.036192,412.014159
0.754911,0.004780,-0.047053,397.828432
0.414143,0.074760,-0.014340,448.981426
0.189238,0.033203,-0.003075,481.894961
0.711598,0.093625,-0.041842,404.415922
0.914841,0.098242,-0.068977,373.280400
0.774424,0.055862,-0.049502,394.851509
0.693411,0.097802,-0.039746,407.174706
0.833087,0.090707,-0.057241,385.872136
0.807071,0.005384,-0.053739,389.860636
0.176489,0.022949,-0.002681,483.740738
0.511805,0.063564,-0.021781,434.480065
0.427209,0.095509,-0.015246,447.048439
0.673816,0.054604,-0.037548,410.142635
0.725115,0.096619,-0.043435,402.362488
0.451693,0.063409,-0.017018,443.420942
0.852225,0.081033,-0.059889,382.932779
0.683981,0.035530,-0.038680,408.604062
0.146657,0.048568,-0.001861,488.050846
0.661182,0.041288,-0.036164,412.053349
0.222113,0.094516,-0.004212,477.125382
0.340548,0.044002,-0.009754,459.825659
0.949620,0.041984,-0.074306,367.896745
0.751004,0.072393,-0.046570,398.423132
0.405579,0.092677,-0.013761,450.246854
0.135486,0.019777,-0.001591,489.662073
0.142492,0.005813,-0.001758,488.652076
0.365805,0.016088,-0.011229,456.112502
0.775491,0.085796,-0.049637,394.688414
0.140467,0.086420,-0.001709,488.943405
0.738689,0.008786,-0.045065,400.298805
0.444636,0.026885,-0.016497,444.467651
0.843378,0.024993,-0.058658,384.292618
0.437206,0.086284,-0.015957,445.568298
0.345907,0.002535,-0.010059,459.038839
0.291568,0.001898,-0.007188,467.003263
0.929589,0.071384,-0.071212,370.999571
0.313302,0.006390,-0.008279,463.822280
0.107783,0.012845,-0.001008,493.650293
0.144704,0.023589,-0.001813,488.332784
0.316708,0.003515,-0.008457,463.323353
0.914898,0.084200,-0.068986,373.271724
0.249857,0.023067,-0.005308,473.089991
0.289090,0.028221,-0.007068,467.365255
0.069543,0.004386,-0.000406,499.138698
0.056453,0.082660,-0.000254,501.012328
0.462241,0.088544,-0.017811,441.855316
0.937047,0.086888,-0.072357,369.844623
0.361160,0.013810,-0.010950,456.796100
0.459861,0.074149,-0.017630,442.208781
0.239189,0.025422,-0.004872,474.643067
0.917081,0.029411,-0.069314,372.934793
0.197093,0.099881,-0.003331,480.756234
0.470252,0.003028,-0.018426,440.666231
0.379320,0.082076,-0.012061,454.121412
0.704147,0.035711,-0.040977,405.547227
0.626640,0.081586,-0.032514,417.265564
0.470181,0.007135,-0.018420,440.676694
0.551356,0.067440,-0.025235,428.571055
0.314024,0.060055,-0.008316,463.716153
0.166604,0.008097,-0.002394,485.170392
0.197005,0.066717,-0.003328,480.769298
0.503076,0.094538,-0.021052,435.781188
0.400031,0.085733,-0.013393,451.066276
0.397253,0.050853,-0.013210,451.476718
0.845691,0.086794,-0.058978,383.936815
0.047221,0.031616,-0.000163,502.333183
0.135077,0.029398,-0.001582,489.720985
0.329626,0.034106,-0.009148,461.428916
0.374823,0.060008,-0.011781,454.784135
0.687756,0.046853,-0.039105,408.032076
0.257600,0.017689,-0.005635,471.961801
0.366606,0.000056,-0.011419,455.993508
0.378051,0.097336,-0.011981,454.308240
0.422546,0.095213,-0.014919,447.738545
0.416319,0.032387,-0.014489,448.660065
0.072261,0.049346,-0.000441,498.748808
0.146396,0.010682,-0.001855,488.088888
0.950115,0.034578,-0.074384,367.820056
0.648458,0.069391,-0.034797,413.975000
0.401421,0.097217,-0.013484,450.860965
0.647117,0.088485,-0.034654,414.177384
0.277289,0.009795,-0.006513,469.089436
0.300100,0.029846,-0.007607,465.755075
0.027667,0.069332,-0.000016,505.126146
0.799935,0.057072,-0.052798,390.952402
0.015844,0.053578,0.000042,506.812677
0.546142,0.019026,-0.024765,429.351724
0.543996,0.036441,-0.024573,429.672450
0.175324,0.069420,-0.002646,483.908941
0.744330,0.079379,-0.045752,399.439554
0.237582,0.037603,-0.004808,474.876830
0.562097,0.004227,-0.026217,426.963225
0.556447,0.024845,-0.025698,427.809241
0.489266,0.046174,-0.019926,437.838253
0.427367,0.029346,-0.015257,447.025673
0.134091,0.095818,-0.001558,489.862544
0.213910,0.039015,-0.003912,478.317204
0.091993,0.027191,-0.000731,495.918708
0.081985,0.010572,-0.000576,497.355064
0.915497,0.068433,-0.069076,373.179241
0.920498,0.011138,-0.069830,372.406626
0.773759,0.046238,-0.049417,394.953119
0.362459,0.035535,-0.011028,456.604733
0.901826,0.099966,-0.067084,375.290004
0.097182,0.099646,-0.000817,495.172976
0.427704,0.004365,-0.015281,446.975962
0.892217,0.063851,-0.065618,376.774336
0.325969,0.068127,-0.008950,461.965062
0.425658,0.067314,-0.015137,447.278279
0.037099,0.040193,-0.000080,503.779606
0.723551,0.017827,-0.043249,402.600983
0.356625,0.074810,-0.010681,457.462709
0.362295,0.030929,-0.011018,456.628982
0.766190,0.017023,-0.048461,396.108510
0.956688,0.093725,-0.075414,366.799961
0.147365,0.057138,-0.001879,487.948665
0.577215,0.078865,-0.027631,424.696280
0.298032,0.029660,-0.007504,466.057633
0.523060,0.076655,-0.022738,432.800526
0.238506,0.046411,-0.004844,474.742216
0.618382,0.036032,-0.031671,418.509693
0.407077,0.004478,-0.013862,450.026261
0.937059,0.061499,-0.072358,369.843053
0.725186,0.040535,-0.043444,402.352236
0.165450,0.052657,-0.002361,485.336799
0.106303,0.093995,-0.000980,493.862337
0.585674,0.031648,-0.028439,423.427197
0.303120,0.034225,-0.007758,465.313046
0.281190,0.063277,-0.006694,468.519257
0.514641,0.073044,-0.022020,434.056968
0.397485,0.041822,-0.013225,451.442542
0.161410,0.016952,-0.002249,485.921044
0.886527,0.092503,-0.064787,377.651606
0.674214,0.017033,-0.037592,410.082653
0.666156,0.055640,-0.036706,411.301192
0.049423,0.099991,-0.000339,502.017531
0.010945,0.051511,0.000060,507.510847
0.376591,0.093423,-0.011890,454.523464
0.230024,0.063006,-0.004512,475.975752
0.136634,0.018521,-0.001618,489.496671
0.573267,0.031602,-0.027258,425.288791
0.582644,0.088701,-0.028148,423.881542
0.599269,0.006936,-0.029761,421.385222
0.130942,0.020556,-0.001487,490.317013
0.070804,0.029210,-0.000422,498.957802
0.339681,0.019424,-0.009706,459.953256
0.827286,0.074441,-0.056451,386.762199
0.356439,0.088355,-0.010670,457.489842
0.373513,0.065492,-0.011700,454.977108
0.169388,0.063561,-0.002473,484.767534
0.625153,0.032614,-0.032362,417.490084
0.461069,0.070885,-0.017722,442.029466
0.144646,0.099464,-0.001811,488.340582
0.374622,0.065184,-0.011768,454.813759
0.506277,0.078579,-0.021318,435.304201
0.365839,0.067400,-0.011231,456.106977
0.264659,0.085770,-0.005942,470.931925
0.051242,0.070640,-0.000201,501.757835
0.459529,0.037752,-0.017605,442.258413
0.889306,0.076162,-0.065192,377.223293
0.840307,0.067330,-0.058233,384.763926
0.077059,0.081028,-0.000505,498.060841
0.426483,0.051399,-0.015195,447.156327
0.885069,0.015155,-0.064575,377.877149
0.316780,0.018106,-0.008461,463.312643
0.197881,0.082934,-0.003357,480.642153
0.362835,0.061478,-0.011050,456.549193
0.354557,0.009967,-0.010560,457.767374
0.913976,0.072772,-0.068847,373.414357
0.270200,0.032068,-0.006189,470.124096
0.824808,0.077097,-0.056114,387.142284
0.993926,0.003579,-0.081388,361.013838
0.780862,0.014291,-0.050323,393.868710
0.596543,0.078096,-0.029493,421.794420
0.303029,0.006210,-0.007754,465.326620
0.044835,0.087952,-0.000142,502.673814
0.293554,0.077227,-0.007284,466.712169
0.574734,0.002366,-0.027397,425.069136
0.123678,0.033628,-0.001327,491.363149
0.899230,0.033172,-0.066650,375.692448
0.410984,0.046166,-0.014125,449.448677
0.518897,0.035442,-0.022381,433.422271
0.022524,0.089400,0.000012,505.859784
0.559349,0.033571,-0.025964,427.374604
0.280708,0.074205,-0.006671,468.589587
0.843553,0.069796,-0.058682,384.265424
0.316784,0.012843,-0.008461,463.312042
0.101413,0.048639,-0.000891,494.565555
0.261010,0.050244,-0.005783,471.464457
0.697302,0.034157,-0.040190,406.585385
0.616575,0.026739,-0.031488,418.781890
0.158960,0.075343,-0.002182,486.274439
0.223858,0.060990,-0.004277,476.872004
0.715655,0.023761,-0.042317,403.800563
0.628276,0.019192,-0.032683,417.019553
0.277305,0.032886,-0.006513,469.086995
0.421643,0.028501,-0.014857,447.872695
0.365968,0.054022,-0.011239,456.088156
0.713710,0.078528,-0.042089,404.095444
0.416832,0.013226,-0.014524,448.584400
0.289440,0.027720,-0.007085,467.314116
0.500626,0.009655,-0.020851,436.146895
0.932554,0.000689,-0.071666,370.541209
0.905179,0.056676,-0.067532,374.773690
0.177934,0.027856,-0.002725,483.531614
0.606076,0.052933,-0.030434,420.361417
0.339512,0.088511,-0.009696,459.977493
0.263360,0.084661,-0.005885,471.121515
0.841352,0.088619,-0.058377,384.603222
0.035073,0.089287,-0.000065,504.068548
0.699206,0.023442,-0.040408,406.296785
0.438525,0.027404,-0.016053,445.373289
0.211565,0.080180,-0.003828,478.657136
0.780680,0.041915,-0.050300,393.896387
0.014069,0.039925,0.000049,507.065790
0.047683,0.041733,-0.000167,502.266984
0.464709,0.051596,-0.017999,441.489193
0.580409,0.075158,-0.027935,424.217045
0.371803,0.097670,-0.011595,455.228627
0.756408,0.014833,-0.047239,397.600104
0.255834,0.089326,-0.005559,472.218548
0.836475,0.098253,-0.057706,385.351920
0.792400,0.008799,-0.051813,392.105431
0.501323,0.081579,-0.020908,436.042467
0.304511,0.012203,-0.007828,465.109603
0.922647,0.066915,-0.070156,372.073652
0.014295,0.000982,0.000048,507.033838
0.084695,0.099557,-0.000616,496.965469
0.269995,0.082445,-0.006180,470.153597
0.030088,0.071733,-0.000031,504.780534
0.129994,0.012723,-0.001466,490.453635
0.533628,0.027525,-0.023655,431.222644
0.375469,0.028150,-0.011821,454.689242
0.106442,0.061289,-0.000983,493.842658
0.423902,0.052397,-0.015014,447.538290
0.412317,0.004149,-0.014216,449.251977
0.823454,0.064562,-0.055931,387.349900
0.153619,0.094158,-0.002039,487.045676
0.609645,0.071957,-0.030790,419.824352
0.115319,0.025108,-0.001154,492.566354
0.126371,0.014505,-0.001386,490.975479
0.687391,0.053334,-0.039064,408.087308
0.015538,0.088785,0.000044,506.855960
0.005781,0.034891,0.000075,508.246754
0.521219,0.064327,-0.022580,433.075539
0.854772,0.070393,-0.060246,382.541201
0.139905,0.045326,-0.001696,489.024757
0.062679,0.041603,-0.000323,500.121389
0.223358,0.017704,-0.004259,476.945135
0.761508,0.061577,-0.047874,396.822240
0.152137,0.005666,-0.002001,487.260340
0.032528,0.049412,-0.000047,504.432314
0.779111,0.058764,-0.050099,394.135820
0.131254,0.051934,-0.001494,490.271788
0.222773,0.095742,-0.004237,477.029448
0.251888,0.053845,-0.005392,472.793863
0.796858,0.066492,-0.052394,391.423175
0.835782,0.037333,-0.057610,385.458914
0.325945,0.015463,-0.008949,461.969020
0.136049,0.033594,-0.001604,489.580880
0.178082,0.084394,-0.002729,483.509707
0.616750,0.031827,-0.031505,418.755491
0.312584,0.047155,-0.008241,463.927183
0.279575,0.056864,-0.006618,468.755317
0.003661,0.088454,0.000080,508.548128
0.531701,0.025104,-0.023487,431.510560
0.810598,0.004956,-0.054207,389.320523
0.623112,0.036139,-0.032153,417.797426
0.694575,0.022454,-0.039878,406.998954
0.204269,0.015119,-0.003574,479.716377
0.710485,0.030544,-0.041712,404.585403
0.849351,0.063246,-0.059488,383.374623
0.869403,0.021324,-0.062318,380.290552
0.988690,0.064419,-0.080534,361.828115
0.314105,0.022893,-0.008321,463.704550
0.832104,0.089523,-0.057107,386.022986
0.669841,0.037886,-0.037110,410.744152
0.892969,0.088962,-0.065729,376.658055
0.053344,0.079449,-0.000222,501.457089
0.217762,0.000335,-0.004052,477.758146
0.094608,0.036231,-0.000774,495.543136
0.244229,0.079428,-0.005075,473.909071
0.620928,0.025758,-0.031930,418.126500
0.869688,0.021123,-0.062358,380.246799
0.407689,0.026268,-0.013903,449.935748
0.841194,0.001161,-0.058355,384.628289
0.674576,0.075279,-0.037632,410.027476
0.013227,0.078444,0.000052,507.185403
0.879088,0.018926,-0.063708,378.798998
0.780953,0.095648,-0.050335,393.854211
0.263303,0.076759,-0.005883,471.129851
0.268526,0.034215,-0.006114,470.368368
0.016100,0.026815,0.000041,506.776314
0.456534,0.032472,-0.017380,442.702959
0.869085,0.087672,-0.062272,380.339033
0.419028,0.005381,-0.014676,448.259708
0.591405,0.017964,-0.028992,422.566809
0.504478,0.080936,-0.021169,435.572290
0.205565,0.033016,-0.003618,479.528187
0.032953,0.094352,-0.000050,504.371337
0.948947,0.000423,-0.074201,368.001351
0.600446,0.063582,-0.029877,421.207922
0.837994,0.065639,-0.057914,385.119162
0.349147,0.003562,-0.010245,458.562748
0.470277,0.054232,-0.018428,440.661971
0.979194,0.025704,-0.078997,363.305421
0.949436,0.079473,-0.074278,367.924909
0.758775,0.020046,-0.047533,397.239317
0.712896,0.030543,-0.041994,404.219360
0.244339,0.057616,-0.005080,473.893140
0.817869,0.030487,-0.055179,388.206363
0.456176,0.005934,-0.017353,442.756313
0.962730,0.022004,-0.076368,365.862985
0.573926,0.079726,-0.027320,425.189577
0.718820,0.094822,-0.042689,403.319164
0.422324,0.048674,-0.014904,447.771760
0.158598,0.009711,-0.002172,486.327286
0.207319,0.094068,-0.003679,479.273228
0.730843,0.005976,-0.044119,401.492465
0.203940,0.011952,-0.003562,479.764157
0.344878,0.007191,-0.010000,459.189896
0.603308,0.060797,-0.030159,420.777597
0.016620,0.010416,0.000039,506.702380
0.308799,0.090658,-0.008046,464.481190
0.247439,0.044721,-0.005207,473.441957
0.247260,0.050228,-0.005200,473.467961
0.987584,0.010342,-0.080354,362.000696
0.333026,0.094550,-0.009335,460.929467
0.834116,0.066762,-0.057382,385.714341
0.381702,0.089264,-0.012210,453.770263
0.276078,0.051765,-0.006457,469.265999
0.689083,0.048123,-0.039255,407.831017
0.370933,0.095125,-0.011541,455.356813
0.681726,0.064291,-0.038428,408.945187
0.261742,0.030225,-0.005815,471.357870
0.537109,0.041657,-0.023961,430.702177
0.349008,0.079282,-0.010237,458.582474
0.568635,0.082852,-0.026824,425.982794
0.052279,0.037361,-0.000211,501.609840
0.204503,0.045051,-0.003582,479.682190
0.096629,0.055139,-0.000808,495.252834
0.036956,0.063924,-0.000078,503.799801
0.516830,0.012124,-0.022206,433.730916
0.441188,0.046854,-0.016246,444.978563
0.845804,0.035537,-0.058994,383.919874
0.057910,0.010314,-0.000270,500.804304
0.474209,0.032426,-0.018733,440.077828
0.844577,0.083456,-0.058824,384.107965
0.100097,0.099265,-0.000868,494.754210
0.293472,0.055612,-0.007280,466.724404
0.257052,0.043046,-0.005612,472.041501
0.335721,0.023319,-0.009484,460.534525
0.039037,0.013769,-0.000095,503.502981
0.087697,0.029333,-0.000662,496.535350
0.580500,0.091086,-0.027943,424.203375
0.694043,0.070742,-0.039818,407.079164
0.945015,0.087403,-0.073589,368.610112
0.315301,0.017939,-0.008383,463.529409
0.652755,0.062552,-0.035256,413.326328
0.223067,0.013418,-0.004248,476.987382
0.241805,0.084009,-0.004977,474.261816
0.708459,0.028870,-0.041476,404.893026
0.626304,0.047859,-0.032480,417.316508
0.561468,0.020818,-0.026159,427.057388
0.380267,0.031082,-0.012120,453.982201
0.955453,0.018530,-0.075220,366.992243
0.056827,0.056937,-0.000258,500.958947
0.835887,0.067274,-0.057625,385.442583
0.901228,0.034715,-0.066946,375.383901
0.375896,0.084597,-0.011847,454.625903
0.164784,0.042639,-0.002342,485.433206
0.060260,0.053761,-0.000295,500.467694
0.766109,0.068776,-0.048451,396.120354
0.268564,0.047981,-0.006116,470.362625
0.346610,0.015992,-0.010099,458.935442
0.151975,0.064046,-0.001997,487.283255
0.144072,0.027068,-0.001797,488.423915
0.673388,0.001360,-0.037501,410.207849
0.165840,0.016438,-0.002372,485.280826
0.905823,0.051348,-0.067628,374.674287
0.758668,0.027665,-0.047520,397.255503
0.779767,0.098245,-0.050183,394.035270
0.127991,0.048988,-0.001421,490.741858
0.472540,0.099592,-0.018603,440.325331
0.583715,0.070453,-0.028250,423.721059
0.507103,0.072278,-0.021387,435.181091
0.836336,0.047563,-0.057686,385.373836
0.414730,0.026567,-0.014380,448.895125
0.724708,0.076182,-0.043387,402.424583
0.229212,0.054119,-0.004481,476.093873
0.120886,0.019858,-0.001269,491.765238
