0.153680,0.000807,-0.007868,405.645759
0.886141,0.075042,-0.165039,221.117240
0.057726,0.088632,0.001044,428.416581
0.879672,0.042655,-0.163007,222.832600
0.391446,0.009184,-0.043672,347.783838
0.628674,0.022387,-0.093412,288.138011
0.433119,0.000570,-0.050420,337.489131
0.167110,0.046255,-0.010421,402.401388
0.168140,0.047773,-0.010543,402.154490
0.663567,0.002412,-0.104765,279.031244
0.639190,0.024044,-0.095972,285.448060
0.083420,0.069192,-0.001372,422.341918
0.019919,0.009483,0.004289,437.319156
0.733530,0.079449,-0.120316,261.135291
0.156560,0.027503,-0.009181,404.928774
0.676030,0.076825,-0.105183,275.990751
0.388230,0.011555,-0.043102,348.578874
0.195255,0.010154,-0.013871,395.643731
0.178131,0.026420,-0.011747,399.758710
0.299714,0.010239,-0.028480,370.324445
0.005655,0.013183,0.005419,440.664488
0.020701,0.045196,0.004227,437.134378
0.537179,0.050625,-0.072421,311.375080
0.309802,0.080959,-0.030042,367.856796
0.113630,0.013012,-0.004430,415.172747
0.159641,0.087584,-0.009539,404.189136
0.180858,0.006967,-0.012081,399.104655
0.159237,0.036241,-0.009492,404.287791
0.248300,0.001505,-0.018582,382.911150
0.836722,0.013807,-0.149822,234.173743
0.212566,0.097878,-0.014049,391.533389
0.525996,0.000277,-0.070792,314.156841
0.272848,0.092720,-0.024450,376.868364
0.903396,0.001411,-0.169179,216.644181
0.039519,0.082757,0.002653,432.708759
0.274573,0.088463,-0.024703,376.449011
0.469984,0.087213,-0.058456,328.252157
0.676907,0.058901,-0.105407,275.765860
0.922700,0.025189,-0.176754,211.403103
0.596831,0.008738,-0.085846,296.259827
0.608694,0.044549,-0.088632,293.237021
0.842943,0.029628,-0.151699,232.534853
0.431231,0.062327,-0.050955,337.915783
0.621563,0.057716,-0.091698,289.953322
0.646257,0.028423,-0.097710,283.637863
0.960564,0.016828,-0.189303,201.286427
0.962189,0.028485,-0.189851,200.850489
0.317625,0.062854,-0.031272,365.943774
0.154912,0.001125,-0.007980,405.351717
0.607795,0.009333,-0.088419,293.467705
0.124465,0.091622,-0.005583,412.590240
-0.000000,0.100000,-0.000000,441.882006
0.089145,0.062428,-0.001933,420.985543
0.610111,0.000715,-0.091127,292.754145
0.070533,0.073548,-0.000139,425.391649
0.626284,0.055096,-0.092834,288.747589
0.404036,0.047952,-0.045931,344.666280
0.149583,0.059851,-0.008376,406.596559
0.264274,0.099295,-0.020794,379.035292
0.146225,0.098847,-0.007202,407.419028
0.564246,0.002741,-0.079847,304.454571
0.778483,0.051045,-0.132796,249.438435
0.824039,0.069812,-0.146032,237.506627
0.785103,0.066617,-0.134683,247.708933
0.217596,0.098505,-0.014652,390.322070
0.657640,0.084467,-0.100538,280.716382
0.650283,0.081240,-0.098706,282.603755
0.368840,0.049395,-0.039722,353.363928
0.414139,0.028959,-0.047775,342.162338
0.794711,0.040924,-0.137443,245.197669
0.871474,0.072310,-0.160449,225.001295
0.585914,0.051607,-0.083316,299.034196
0.294333,0.048173,-0.027657,371.636336
0.713617,0.001775,-0.117907,266.107874
0.499168,0.061764,-0.064372,320.941962
0.525132,0.024987,-0.069827,314.413947
0.227056,0.020101,-0.018017,387.974262
0.692165,0.081492,-0.109336,271.834150
0.213297,0.082771,-0.016190,391.294284
0.489754,0.080717,-0.062438,323.302803
0.189677,0.046078,-0.013171,396.984101
0.738268,0.062687,-0.121605,259.906518
0.596079,0.012887,-0.085670,296.451140
0.284515,0.071025,-0.026177,374.029017
0.423012,0.062697,-0.049416,339.958519
0.145408,0.038098,-0.007901,407.595228
0.545896,0.030793,-0.074322,309.174667
0.657088,0.035497,-0.100400,280.860140
0.664377,0.041603,-0.102228,278.988314
0.560841,0.000990,-0.079026,305.320549
0.059516,0.073285,0.000881,427.994767
0.979241,0.000008,-0.189450,196.786291
0.195115,0.033650,-0.013853,395.676586
0.623743,0.046008,-0.092222,289.397055
0.303415,0.016243,-0.029050,369.420396
0.247403,0.014287,-0.020808,383.049889
0.710338,0.061257,-0.114101,267.142175
0.353986,0.068964,-0.037199,357.021157
0.970276,0.088387,-0.192592,198.679595
0.637227,0.091061,-0.095492,285.947823
-0.000530,0.020193,-0.000917,441.992189
0.979032,0.067211,-0.189812,196.804053
0.421546,0.091883,-0.049144,340.321467
0.539105,0.097978,-0.073856,310.833841
0.005337,0.028383,0.005444,440.738397
0.218319,0.080708,-0.016851,390.082481
0.796851,0.006669,-0.138061,244.639008
0.662633,0.089853,-0.101790,279.434190
0.532289,0.017035,-0.071363,312.610085
0.044766,0.002298,-0.000929,431.411932
0.228078,0.028425,-0.018154,387.727106
0.143194,0.040553,-0.007650,408.124125
0.242924,0.012073,-0.020184,384.135118
0.045944,0.032576,0.002094,431.197261
0.228899,0.041434,-0.018265,387.528146
0.087419,0.058414,-0.001763,421.394800
0.237826,0.055686,-0.019480,385.368041
0.729074,0.008462,-0.119109,262.293709
0.424775,0.074187,-0.049745,339.520022
0.932280,0.036977,-0.179889,208.848055
0.526035,0.033976,-0.070020,314.185920
0.005464,0.093167,0.005435,440.706216
0.513940,0.040281,-0.067453,317.230836
0.007744,0.041841,0.005257,440.173877
-0.000124,0.096853,-0.000215,441.907232
0.282868,0.044953,-0.025931,374.431335
0.069574,0.001552,-0.001958,425.579285
0.293697,0.076777,-0.027561,371.790298
0.389020,0.041468,-0.043242,348.382509
0.916408,0.052266,-0.174710,213.077846
0.415197,0.026715,-0.047969,341.900026
0.056258,0.013375,0.001176,428.765970
0.511213,0.009649,-0.066880,317.917760
0.076048,0.098551,-0.002283,424.049960
0.799470,0.014604,-0.138819,243.953052
0.977912,0.045145,-0.191753,196.914640
0.949716,0.097176,-0.181611,204.512709
0.980545,0.033848,-0.187192,196.657493
0.372605,0.064779,-0.040370,352.434784
0.980564,0.037296,-0.187159,196.655487
0.544834,0.046115,-0.074089,309.442456
0.550613,0.045051,-0.075360,307.981893
0.181886,0.052394,-0.012206,398.856028
0.786978,0.069611,-0.135220,247.218786
0.016328,0.036587,0.004579,438.160931
0.678937,0.070688,-0.105926,275.242893
0.149905,0.075173,-0.008412,406.518959
0.439917,0.098191,-0.051825,335.788774
0.294558,0.029791,-0.027692,371.581982
0.762227,0.076800,-0.128218,253.676124
0.171344,0.090396,-0.010926,401.384572
0.528201,0.036850,-0.070484,313.640059
0.661599,0.011815,-0.101529,279.703066
-0.000020,0.024154,-0.000035,441.888971
0.723187,0.010800,-0.117525,263.818977
0.290298,0.028222,-0.027046,372.621065
0.308921,0.014117,-0.029905,368.074828
0.812916,0.046556,-0.142746,240.427746
0.719523,0.061310,-0.116544,264.765849
0.368197,0.024108,-0.039611,353.523403
0.131177,0.011077,-0.006315,410.993460
0.230699,0.040173,-0.018509,387.092812
0.422876,0.067910,-0.049391,339.992028
0.692655,0.083400,-0.109463,271.707705
0.790794,0.012839,-0.136314,246.223264
-0.001011,0.024778,-0.001751,442.089499
0.704126,0.023639,-0.112461,268.749129
0.092926,0.001717,-0.003237,420.069364
0.000148,0.094218,0.000256,441.852341
0.521471,0.021615,-0.069047,315.336224
-0.000654,0.023478,-0.001132,442.017176
0.342152,0.086070,-0.035232,359.929332
0.800071,0.006525,-0.138994,243.796093
0.598473,0.041123,-0.086229,295.840810
0.671326,0.001212,-0.106781,277.032271
0.751283,0.069555,-0.125177,256.524778
0.372293,0.061846,-0.040316,352.511904
0.161529,0.060514,-0.009761,403.738131
0.406791,0.052189,-0.046431,343.983518
0.047358,0.042613,0.001970,430.863732
0.447167,0.043777,-0.053991,333.949487
0.277003,0.093628,-0.025061,375.857381
0.177375,0.071606,-0.011655,399.938393
0.582833,0.006786,-0.082608,299.818693
-0.000000,-0.000000,-0.000000,441.885730
0.803040,0.099965,-0.141962,242.866641
0.376329,0.091326,-0.041015,351.515177
0.371541,0.075146,-0.040187,352.696883
0.114937,0.038891,-0.004568,414.860728
0.772537,0.099570,-0.133702,250.811367
0.008750,0.037386,0.005179,439.938216
0.461271,0.076970,-0.056735,330.429687
0.698942,0.041803,-0.111102,270.087301
0.089886,0.060997,-0.002007,420.809962
0.290886,0.078021,-0.027135,372.475835
0.307656,0.077253,-0.029707,368.381616
-0.000732,0.021957,-0.001267,442.033039
0.244848,0.037240,-0.020451,383.668218
0.253936,0.078246,-0.021726,381.463142
0.522762,0.001425,-0.070043,314.974702
0.767443,0.032996,-0.129678,252.318870
0.860436,0.066581,-0.157036,227.919067
0.016565,0.093238,0.004561,438.103252
0.979077,0.047400,-0.189735,196.800480
0.337294,0.006882,-0.034435,361.125099
0.898603,0.097741,-0.167886,217.894747
0.157697,0.033874,-0.009313,404.656504
0.020958,0.078480,0.004206,437.072783
0.437513,0.035554,-0.052144,336.354152
0.087703,0.094045,-0.001791,421.326097
0.000055,0.005132,0.000095,441.874386
0.571851,0.050579,-0.080106,302.603978
0.910150,0.035765,-0.172688,214.743811
0.501310,0.061102,-0.064815,320.404298
0.391643,0.015582,-0.043707,347.734871
0.952652,0.041051,-0.186646,203.404005
0.054980,0.064214,0.001292,429.065549
0.569800,0.011525,-0.079642,303.125460
0.197220,0.057650,-0.014119,395.169158
0.814956,0.000185,-0.145197,239.762730
0.475392,0.087039,-0.059535,326.899628
0.777581,0.065615,-0.132541,249.673292
0.118106,0.081913,-0.004903,414.104945
0.891284,0.060608,-0.166663,219.754121
0.873500,0.099496,-0.161094,224.463003
0.552293,0.025509,-0.075731,307.557814
0.531665,0.000071,-0.072112,312.722216
0.323961,0.091866,-0.032279,364.391131
0.593823,0.038235,-0.085146,297.024139
0.454206,0.098533,-0.054825,332.216984
0.038043,0.044012,0.002779,433.057425
0.096481,0.089872,-0.002665,419.244382
0.630674,0.092527,-0.093897,287.623874
0.693342,0.091908,-0.109642,271.530226
0.486839,0.070284,-0.061845,324.033968
0.287161,0.034752,-0.026573,373.385644
0.010646,0.007880,0.005030,439.494810
0.764288,0.090204,-0.128794,253.138657
0.767740,0.082485,-0.129762,252.239566
0.236339,0.032235,-0.019277,385.728722
0.130978,0.054847,-0.006292,411.039358
0.978374,0.083177,-0.190951,196.867791
0.158795,0.098955,-0.008340,404.421503
0.000032,0.047063,0.000056,441.877464
0.220720,0.092841,-0.017169,389.502314
0.624746,0.048883,-0.092464,289.140665
0.777931,0.017440,-0.132639,249.583814
0.978338,0.030778,-0.191014,196.873463
0.362100,0.032397,-0.038570,355.025298
0.688489,0.037432,-0.108383,272.783775
0.955323,0.069989,-0.187542,202.687670
0.436741,0.050559,-0.051997,336.545568
0.242035,0.078273,-0.020061,384.347931
0.764586,0.081458,-0.128877,253.061430
0.588042,0.020445,-0.083807,298.494678
0.724335,0.010946,-0.117833,263.521581
0.973261,0.036863,-0.193607,197.880710
0.432264,0.020352,-0.051150,337.660693
0.000354,0.093427,0.000613,441.810628
0.812956,0.025548,-0.142757,240.418210
0.237911,0.070083,-0.019492,385.346932
0.144105,0.097611,-0.007019,407.924025
0.829937,0.085494,-0.147790,235.955607
0.067057,0.031716,0.000186,426.214853
0.374846,0.000221,-0.039003,351.957434
0.979241,0.000008,-0.189450,196.786291
0.104301,0.069618,-0.003460,417.388422
0.416226,0.049601,-0.048159,341.643834
0.856934,0.034215,-0.155960,228.845103
0.364315,0.075887,-0.038947,354.477943
0.071176,0.002760,-0.002038,425.201670
0.157917,0.002580,-0.008259,404.634674
0.361490,0.041358,-0.038466,355.175153
0.116868,0.041251,-0.004772,414.401148
0.487397,0.035353,-0.061958,323.895434
0.705658,0.056628,-0.112865,268.352140
0.676153,0.010191,-0.105214,275.961820
0.488222,0.086768,-0.062126,323.686725
0.706035,0.010575,-0.112964,268.256409
0.480322,0.054815,-0.060525,325.666980
0.091788,0.056091,-0.002196,420.359092
0.881766,0.098965,-0.163333,222.300576
0.000001,0.057078,0.000001,441.883472
0.978161,0.034503,-0.191321,196.890686
-0.000000,0.100000,-0.000000,441.882006
0.980244,0.021647,-0.187713,196.687353
0.545892,0.035639,-0.074321,309.175470
0.978709,0.093489,-0.190372,196.834635
0.068702,0.057377,0.000032,425.825190
0.447570,0.089535,-0.054069,333.847201
0.016016,0.037289,0.004604,438.234208
0.437128,0.027642,-0.052071,336.450342
0.022228,0.076136,0.004103,436.774572
0.232637,0.026310,-0.018772,386.624643
0.464131,0.025511,-0.057298,329.717359
0.274894,0.028187,-0.024750,376.373237
0.127361,0.032294,-0.005898,411.902415
0.225450,0.052296,-0.017801,388.361227
0.524557,0.069436,-0.069705,314.557065
0.882845,0.098342,-0.163626,222.018411
0.294280,0.066362,-0.027649,371.648447
0.050809,0.000157,-0.001149,429.993065
0.256617,0.048596,-0.022107,380.813730
0.303922,0.024616,-0.029128,369.296131
0.862874,0.007304,-0.157786,227.277471
0.092552,0.024123,-0.002272,420.178985
0.103898,0.072110,-0.003419,417.484014
0.599726,0.025381,-0.086522,295.522273
0.144531,0.077101,-0.007801,407.803493
0.122591,0.042746,-0.005382,413.038491
0.812680,0.083726,-0.142677,240.488272
0.686980,0.052591,-0.107993,273.171999
0.155832,0.086919,-0.009095,405.100849
0.528695,0.062510,-0.070590,313.514536
0.675905,0.080530,-0.105151,276.022846
0.184668,0.015242,-0.012549,398.189148
0.276781,0.036290,-0.025028,375.913588
0.333365,0.069261,-0.033795,362.086835
0.610670,0.002067,-0.091268,292.611078
0.042282,0.076411,0.002415,432.058281
0.751120,0.054266,-0.125131,256.567701
-0.000841,0.030245,-0.001457,442.054938
0.000094,0.044017,0.000164,441.864963
0.149882,0.067435,-0.008410,406.524909
0.332589,0.027216,-0.033669,362.278774
0.302948,0.021316,-0.028978,369.534297
0.329030,0.050152,-0.033093,363.150602
0.207836,0.023019,-0.015480,392.613351
0.451994,0.074056,-0.054924,332.744806
0.358209,0.062121,-0.037911,355.982225
0.891082,0.068298,-0.166600,219.807414
0.701460,0.001959,-0.114687,269.253004
0.250982,0.056237,-0.021310,382.180573
0.629021,0.023408,-0.093496,288.049246
0.959532,0.033972,-0.188956,201.562038
0.034115,0.040868,0.003114,433.981995
0.654893,0.086671,-0.099852,281.421192
0.727533,0.042792,-0.118694,262.691589
0.006683,0.007145,0.005339,440.423689
0.194881,0.007244,-0.013824,395.733922
0.509959,0.044345,-0.066617,318.231673
0.235907,0.039707,-0.019218,385.833152
0.659782,0.053092,-0.101074,280.167880
0.614407,0.084513,-0.089988,291.778607
0.054826,0.078753,0.001306,429.101424
0.468024,0.022469,-0.058067,328.744844
0.464179,0.043276,-0.057307,329.704773
0.061296,0.000894,-0.001576,427.527906
0.001824,0.097964,0.005715,441.558696
0.800634,0.081846,-0.139158,243.645367
0.130741,0.022917,-0.006267,411.096902
0.000685,0.095196,0.001187,441.743554
0.782142,0.031285,-0.133837,248.483886
0.636206,0.031143,-0.095242,286.211500
0.052283,0.061238,0.001534,429.701822
0.671856,0.099913,-0.106919,276.891826
0.232495,0.009841,-0.018753,386.659568
0.601461,0.011001,-0.086929,295.081183
0.088735,0.001830,-0.002987,421.059703
0.410474,0.067708,-0.047103,343.069817
0.540221,0.031785,-0.073082,310.608053
0.001341,0.068307,0.002323,441.611800
0.000999,0.078117,0.001730,441.680767
0.258149,0.053446,-0.022325,380.441706
0.467236,0.040503,-0.057911,328.940959
0.502009,0.054712,-0.064960,320.228886
0.014402,0.031007,0.004733,438.613076
0.978734,0.004707,-0.190328,196.835735
0.553728,0.030318,-0.076048,307.194636
0.965422,0.042899,-0.190945,199.983191
0.610788,0.034686,-0.089128,292.703643
0.440917,0.083838,-0.052792,335.504807
0.013096,0.049669,0.004837,438.918860
0.479495,0.068569,-0.060359,325.873413
0.629638,0.009144,-0.093645,287.892096
0.261440,0.070203,-0.022796,379.642081
0.531432,0.057345,-0.071179,312.824660
0.555150,0.084349,-0.076363,306.832984
0.330710,0.013954,-0.033365,362.739938
-0.000865,0.046805,-0.001499,442.059179
0.789485,0.037820,-0.135938,246.564528
0.176194,0.000217,-0.010039,400.266858
0.557916,0.031685,-0.076978,306.135038
0.979791,0.042511,-0.188497,196.730812
0.161434,0.025793,-0.009750,403.762140
0.883988,0.076035,-0.164362,221.687784
0.555907,0.088993,-0.076531,306.641109
0.167431,0.033474,-0.010459,402.324948
0.742492,0.084151,-0.122759,258.808700
0.091065,0.015066,-0.002124,420.532091
0.980210,0.073290,-0.187772,196.688654
0.339886,0.032532,-0.034860,360.487823
0.398099,0.008027,-0.044861,346.137977
0.027680,0.015579,0.003653,435.495961
0.010102,0.010567,0.005072,439.622256
0.308810,0.077563,-0.029887,368.099476
0.341403,0.043494,-0.035109,360.115007
0.712225,0.044983,-0.114601,266.654945
0.888097,0.089297,-0.165656,220.598159
0.310288,0.070500,-0.030118,367.738521
0.381996,0.000108,-0.040341,350.189541
0.010072,0.067424,0.005076,439.627296
0.120169,0.015822,-0.005123,413.616325
0.548773,0.087313,-0.074954,308.445432
0.620660,0.002797,-0.093781,290.052839
0.218124,0.014252,-0.016826,390.131929
0.925729,0.050153,-0.177743,210.594572
0.342957,0.021640,-0.035365,359.734041
0.083855,0.012349,-0.001415,422.240935
0.191470,0.063198,-0.013395,396.552316
0.905233,0.031333,-0.171108,216.051309
0.516361,0.091289,-0.067964,316.619674
0.558825,0.065981,-0.077180,305.903565
-0.000527,0.071340,-0.000913,441.989792
0.803798,0.017156,-0.140077,242.819444
0.271859,0.064539,-0.024305,377.110031
0.143999,0.054675,-0.007741,407.931394
0.206926,0.057915,-0.015362,392.831463
0.235494,0.083247,-0.019161,385.931334
0.412756,0.084186,-0.047521,342.503162
0.810214,0.081234,-0.141953,241.135130
0.047280,0.001553,-0.001018,430.821785
-0.000520,0.021243,-0.000900,441.990137
0.435918,0.001872,-0.050997,336.790922
0.397826,0.091831,-0.044812,346.202154
0.979286,0.017525,-0.189373,196.781235
0.338021,0.080883,-0.034554,360.943802
0.131665,0.021972,-0.006368,410.876571
0.026330,0.065598,0.003766,435.811435
0.505923,0.089119,-0.065774,319.244378
0.154907,0.039709,-0.008989,405.324046
0.520947,0.057508,-0.068936,315.466719
0.251335,0.012870,-0.021360,382.096620
0.694945,0.052659,-0.110059,271.118331
0.167652,0.098881,-0.009187,402.306135
0.503909,0.066860,-0.065354,319.751253
0.710140,0.066352,-0.114048,267.193250
0.015445,0.051653,0.004650,438.367560
0.469858,0.008971,-0.058431,328.286795
0.500143,0.008976,-0.064573,320.699265
0.778248,0.060303,-0.132730,249.499439
0.331821,0.073660,-0.033544,362.465402
0.742624,0.068123,-0.122795,258.775051
0.077153,0.071594,-0.000767,423.825801
0.824985,0.027096,-0.146313,237.259880
0.710699,0.046965,-0.114196,267.049403
0.809168,0.061204,-0.141646,241.410270
0.128294,0.072259,-0.005999,411.678445
0.168210,0.030967,-0.010552,402.138311
0.099335,0.084967,-0.002953,418.567333
0.060320,0.092539,0.000808,427.804181
0.682530,0.091639,-0.106847,274.316901
0.305861,0.017166,-0.029429,368.822706
0.665406,0.046525,-0.102488,278.723852
0.048553,0.036806,0.001865,430.582159
0.263556,0.085966,-0.023100,379.127548
0.719758,0.015467,-0.116606,264.706956
0.376264,0.085195,-0.041004,351.531430
0.361184,0.041602,-0.038415,355.250471
0.802274,0.008957,-0.139634,243.218900
0.442253,0.079187,-0.053048,335.172289
0.921586,0.050792,-0.176391,211.698909
0.521465,0.027006,-0.069046,315.337519
0.742926,0.026043,-0.122877,258.698493
0.828338,0.075749,-0.147312,236.376624
0.013079,0.027038,0.004838,438.923522
0.210024,0.056109,-0.015763,392.084747
0.009024,0.080732,0.005158,439.872393
0.788271,0.013832,-0.135589,246.883060
0.978293,0.046001,-0.191093,196.877294
0.518643,0.088688,-0.068447,316.045515
0.396122,0.036922,-0.044506,346.626109
0.125227,0.048031,-0.005666,412.410453
0.144418,0.048660,-0.007788,407.831417
0.335442,0.019139,-0.034133,361.579049
0.917801,0.052924,-0.175162,212.706713
0.321905,0.047571,-0.031951,364.896624
0.318126,0.052524,-0.031351,365.821600
0.081662,0.069072,-0.001201,422.758387
0.807414,0.043715,-0.141133,241.870619
0.814328,0.029423,-0.143160,240.058071
0.328876,0.001441,-0.030846,363.275781
0.813045,0.023236,-0.142783,240.394906
0.158327,0.097844,-0.008297,404.533197
0.851216,0.089699,-0.154213,230.351549
0.539153,0.049985,-0.072850,310.876917
0.728775,0.056958,-0.119029,262.369243
0.664956,0.052108,-0.102375,278.839000
0.328524,0.053256,-0.033012,363.274538
0.433440,0.030751,-0.051372,337.367842
0.610840,0.080659,-0.089140,292.688581
0.280753,0.019646,-0.025616,374.947388
0.169741,0.093861,-0.010734,401.768835
0.280797,0.079540,-0.025622,374.934417
0.215635,0.065953,-0.016497,390.730840
0.937668,0.059406,-0.181665,207.408854
0.573497,0.022430,-0.080479,302.187645
0.255715,0.012831,-0.021979,381.034036
0.869680,0.098984,-0.160059,225.462220
0.215223,0.001851,-0.014366,390.897486
0.713257,0.002479,-0.117812,266.201071
0.016085,0.080684,0.004599,438.216479
0.317529,0.000283,-0.028957,366.056555
0.332686,0.006246,-0.033685,362.255863
0.496373,0.009748,-0.063795,321.645570
0.102798,0.079889,-0.003306,417.745052
0.971651,0.017745,-0.193058,198.313629
0.766831,0.066824,-0.129507,252.477119
0.490929,0.034204,-0.062678,323.010058
0.458734,0.043236,-0.056237,331.064544
0.273380,0.064455,-0.024528,376.740139
0.543257,0.048415,-0.073744,309.840784
0.017617,0.099294,-0.000217,437.768012
0.000808,0.039802,0.001400,441.720682
0.821332,0.090293,-0.145230,238.216943
0.275598,0.068757,-0.024854,376.200357
0.453887,0.010090,-0.055292,332.275188
0.110197,0.091967,-0.004070,415.986178
0.443115,0.062866,-0.053213,334.958161
0.009555,0.092507,0.005117,439.747474
0.609041,0.025469,-0.088714,293.149328
0.303564,0.025452,-0.029073,369.383575
0.861106,0.078273,-0.157243,227.741452
0.978980,0.050702,-0.189902,196.809792
0.141059,0.029068,-0.007410,408.634494
0.005358,0.028930,0.005442,440.733511
0.010956,0.060240,0.005006,439.420094
0.008478,0.047251,0.005200,440.001719
0.254350,0.006808,-0.021786,381.365421
0.138579,0.060358,-0.007133,409.225499
0.500953,0.080374,-0.064741,320.493035
0.198915,0.049879,-0.014335,394.761318
0.575112,0.081479,-0.080846,301.775544
0.126824,0.087711,-0.005839,412.028376
0.597767,0.011407,-0.086064,296.021536
0.056973,0.055089,0.001112,428.595489
0.930594,0.087299,-0.179336,209.295747
0.823820,0.029027,-0.145967,237.565797
0.310407,0.051424,-0.030136,367.710236
0.825048,0.076311,-0.146332,237.241248
0.811899,0.059542,-0.142447,240.693939
0.592085,0.089730,-0.084742,297.464084
0.875064,0.024944,-0.161566,224.053278
0.476033,0.092224,-0.059664,326.738961
0.521028,0.098815,-0.069642,315.409213
0.000904,0.074210,0.001566,441.700001
0.882339,0.079924,-0.163844,222.124515
0.406435,0.051762,-0.046367,344.071679
0.150244,0.034658,-0.008452,406.439495
0.075483,0.089959,-0.000607,424.220340
-0.000919,0.062839,-0.001592,442.069568
0.624057,0.028386,-0.092297,289.317664
-0.001179,0.030398,-0.002042,442.123413
0.378401,0.008004,-0.041376,351.006929
0.815872,0.048384,-0.143615,239.652047
0.980581,0.061042,-0.187129,196.652860
0.297104,0.026744,-0.028080,370.960888
0.377639,0.034761,-0.041243,351.193952
0.199289,0.038999,-0.014382,394.671741
0.369569,0.059827,-0.039847,353.183741
0.504723,0.088337,-0.065524,319.545878
0.915305,0.098466,-0.172388,213.522555
0.526002,0.066553,-0.070013,314.193040
0.460080,0.057409,-0.056501,330.727934
0.138636,0.097832,-0.006553,409.225879
0.185259,0.092040,-0.012621,398.044258
0.958945,0.045573,-0.188759,201.718805
0.626470,0.034031,-0.092879,288.700760
0.229220,0.034808,-0.018308,387.450786
0.279611,0.027978,-0.025447,375.225052
0.272215,0.099275,-0.021935,377.106630
0.940640,0.002776,-0.179186,206.892931
0.465380,0.071706,-0.057544,329.403496
0.663826,0.002012,-0.104832,278.964525
0.608183,0.066374,-0.088512,293.366403
0.566397,0.002590,-0.080366,303.907407
0.665017,0.000951,-0.105140,278.657929
0.011664,0.073635,0.004951,439.253787
0.360853,0.071453,-0.038358,355.330849
0.738501,0.032316,-0.121668,259.847122
0.699105,0.090397,-0.111145,270.043118
0.892045,0.083144,-0.166905,219.551285
0.045867,0.001654,-0.000968,431.153672
0.406716,0.002544,-0.045106,344.061110
0.304664,0.057650,-0.029243,369.113542
0.595998,0.046306,-0.085652,296.470304
0.925772,0.016098,-0.177756,210.584632
0.066991,0.063355,0.000192,426.229318
0.473137,0.060410,-0.059084,327.464910
0.153926,0.092222,-0.008875,405.556772
0.315740,0.029384,-0.030974,366.406517
0.007300,0.001575,-0.000071,440.182017
0.615159,0.038596,-0.090167,291.588660
0.177434,0.022155,-0.011663,399.926180
0.979437,0.029498,-0.189111,196.765986
0.719167,0.026122,-0.116448,264.859531
0.800501,0.001698,-0.141274,243.532532
0.249917,0.068869,-0.021160,382.438392
0.189398,0.064540,-0.013136,397.050572
0.635190,0.066547,-0.094995,286.469790
0.512932,0.069898,-0.067241,317.483054
0.318778,0.038231,-0.031454,365.662632
0.385839,0.058458,-0.042680,349.167977
0.853017,0.063407,-0.154762,229.877450
0.016598,0.012181,0.004557,438.098479
0.608223,0.043402,-0.088521,293.357274
0.087386,0.008868,-0.001761,421.404513
0.948406,0.036660,-0.185228,204.540068
0.008136,0.022593,0.005227,440.082754
0.725848,0.001860,-0.121162,262.939923
0.615207,0.091203,-0.090178,291.574368
0.122136,0.061959,-0.005333,413.146104
0.805442,0.023261,-0.140557,242.388341
0.184046,0.017803,-0.012472,398.338558
0.878735,0.066808,-0.162714,223.079740
0.000093,0.021802,0.000161,441.866086
0.633676,0.057452,-0.094626,286.857468
0.691641,0.090871,-0.109200,271.968839
0.835897,0.064908,-0.149575,234.388730
0.450739,0.000072,-0.054091,333.088207
0.547253,0.068116,-0.074620,308.830399
0.761643,0.060637,-0.128054,253.828891
0.836555,0.044902,-0.149773,234.216183
0.772937,0.063011,-0.131226,250.885230
0.000358,0.068857,0.000620,441.810676
0.376188,0.028515,-0.040991,351.552296
0.097635,0.059764,-0.002782,418.971822
0.801926,0.064006,-0.139533,243.307855
0.896297,0.014029,-0.168253,218.425650
0.238625,0.080584,-0.019590,385.173704
0.505632,0.059917,-0.065713,319.318586
0.393214,0.072542,-0.043987,347.344123
0.156010,0.073606,-0.009116,405.058837
0.595667,0.033373,-0.085575,296.555131
0.831328,0.078639,-0.148205,235.590253
0.068164,0.083793,0.000083,425.951273
0.063438,0.018440,0.000521,427.070430
0.054376,0.053574,0.001346,429.208339
0.830356,0.040376,-0.147914,235.847359
0.606854,0.002715,-0.090313,293.587176
0.256121,0.052884,-0.022036,380.933957
0.009091,0.010901,0.005152,439.859250
-0.001307,0.020772,-0.002264,442.149718
0.511964,0.044121,-0.067038,317.727603
0.834722,0.027609,-0.149222,234.699456
0.471907,0.092883,-0.058839,327.771065
0.439239,0.076187,-0.052472,335.923013
0.195110,0.030842,-0.013853,395.677814
0.321288,0.077385,-0.031853,365.046533
0.979241,0.099992,-0.189450,196.782264
0.607966,0.014927,-0.088460,293.423812
0.635428,0.084497,-0.095053,286.408409
0.980071,0.006773,-0.188013,196.704913
0.485032,0.018045,-0.061478,324.488734
0.244076,0.082984,-0.020344,383.853434
0.200030,0.067088,-0.014476,394.492352
0.648421,0.057688,-0.098245,283.082047
0.862413,0.077407,-0.157645,227.396257
0.075038,0.036851,-0.000566,424.327546
0.574402,0.056204,-0.080684,301.956695
0.850966,0.043402,-0.154136,230.419404
0.338212,0.080147,-0.034585,360.896864
0.503905,0.041567,-0.065353,319.753241
0.482180,0.018470,-0.060900,325.203204
0.398586,0.027356,-0.044948,346.016725
0.169330,0.001832,-0.009351,401.908762
0.144023,0.017178,-0.007744,407.926951
0.979241,0.099992,-0.189450,196.782264
0.969785,0.020018,-0.192424,198.813987
0.396291,0.087798,-0.044537,346.582301
0.016865,0.091702,0.004537,438.032874
0.659364,0.080416,-0.100970,280.273958
0.049887,0.041597,0.001747,430.267608
0.284829,0.062570,-0.026224,373.952815
0.000916,0.054175,0.001586,441.698439
0.252279,0.051383,-0.021493,381.866072
0.443510,0.000601,-0.052573,334.895327
0.330806,0.026963,-0.033380,362.716123
0.320716,0.027140,-0.031762,365.188507
0.936251,0.086216,-0.181198,207.785988
0.018008,0.075656,0.004445,437.765373
0.002821,0.099474,0.005639,441.325050
0.604927,0.066174,-0.087743,294.196258
0.636908,0.061396,-0.095414,286.030553
0.380473,0.037643,-0.041738,350.494195
0.929184,0.059997,-0.178873,209.673073
0.625317,0.079109,-0.092602,288.993501
0.453950,0.053602,-0.055304,332.257857
0.463408,0.069616,-0.057155,329.896226
0.176800,0.080802,-0.011585,400.076018
0.897925,0.067280,-0.168772,217.991420
0.779876,0.029505,-0.133192,249.075687
0.834493,0.086719,-0.149154,234.757249
0.723650,0.000688,-0.120576,263.509539
0.252028,0.042394,-0.021457,381.927491
0.464797,0.041749,-0.057429,329.550453
0.048577,0.001260,-0.001065,430.517412
0.212238,0.098223,-0.014010,391.612370
0.107196,0.082604,-0.003759,416.699962
0.191590,0.023490,-0.013410,396.525059
0.883096,0.032265,-0.164080,221.926011
0.543679,0.097905,-0.074935,309.674381
0.622875,0.049892,-0.092013,289.618682
0.662896,0.008582,-0.101855,279.370054
0.712335,0.029888,-0.114630,266.627095
0.097725,0.034699,-0.002791,418.951317
0.484168,0.089928,-0.061302,324.702561
0.123258,0.021916,-0.005454,412.880495
0.980057,0.063846,-0.188037,196.703970
0.472674,0.040880,-0.058992,327.581335
0.322297,0.010427,-0.032014,364.801970
0.523394,0.099549,-0.070189,314.811087
0.799068,0.025403,-0.138703,244.057865
0.615099,0.078773,-0.090153,291.602367
0.120191,0.087977,-0.005125,413.608395
0.449369,0.000353,-0.053802,333.430721
0.077247,0.071598,-0.000776,423.803586
0.774435,0.001351,-0.134215,250.321361
0.051500,0.001722,-0.001174,429.830815
0.174147,0.039054,-0.011264,400.714288
0.082940,0.055608,-0.001325,422.456256
0.102700,0.079144,-0.003296,417.768474
0.291797,0.071831,-0.027272,372.253952
0.101158,0.072556,-0.003139,418.134742
0.024465,0.056038,0.003919,436.249899
0.255204,0.073658,-0.021906,381.155819
0.921128,0.014836,-0.176242,211.822429
0.266955,0.074844,-0.023591,378.302048
0.076420,0.086693,-0.000697,423.998573
0.719598,0.079288,-0.116564,264.745816
0.032822,0.091580,0.003224,434.284171
0.529571,0.024560,-0.070778,313.295214
0.874419,0.058822,-0.161366,224.222578
0.019267,0.063710,0.004343,437.470268
0.205461,0.025762,-0.015173,393.185628
0.425728,0.000845,-0.048910,339.331708
0.503177,0.088122,-0.065202,319.934275
0.386832,0.065880,-0.042855,348.922337
0.196839,0.097617,-0.012239,395.314318
0.700062,0.014599,-0.111395,269.799085
0.001172,0.063427,0.002029,441.646311
0.265790,0.051852,-0.023423,378.585962
0.001890,0.016956,0.005709,441.546156
0.976487,0.050587,-0.194709,197.013968
0.410834,0.032532,-0.047169,342.981909
0.121881,0.048065,-0.005306,413.207381
0.340547,0.008623,-0.034968,360.326338
0.082799,0.079841,-0.001311,422.488734
0.187246,0.047851,-0.012868,397.568462
0.737854,0.030308,-0.121491,260.015334
0.179560,0.010644,-0.011922,399.416312
0.131083,0.086374,-0.006303,411.013071
0.105027,0.082617,-0.003535,417.215449
0.012399,0.082960,0.004893,439.081067
0.041040,0.097491,-0.000804,432.282649
0.370711,0.081162,-0.040043,352.901392
0.361461,0.020810,-0.038462,355.183082
0.978395,0.061302,-0.190916,196.866678
0.780514,0.067547,-0.133374,248.907401
0.964443,0.023078,-0.190613,200.246612
0.895953,0.050366,-0.168145,218.515440
0.328167,0.028540,-0.032955,363.362967
0.233929,0.069870,-0.018947,386.310498
0.198777,0.044747,-0.014317,394.794855
0.149319,0.038034,-0.008346,406.660522
0.038379,0.032976,0.002750,432.978792
0.585466,0.001302,-0.085012,299.049997
0.028349,0.075405,0.003598,435.336397
0.979371,0.094401,-0.189224,196.769763
0.056342,0.018134,0.001168,428.745864
0.541441,0.082082,-0.073348,310.298008
0.178736,0.079918,-0.011821,399.611484
0.187816,0.057020,-0.012939,397.431184
0.978374,0.019188,-0.190951,196.870388
0.470182,0.099513,-0.058252,328.213880
0.105889,0.057595,-0.003624,417.011442
0.245491,0.093369,-0.020540,383.510273
0.316377,0.099904,-0.028768,366.334659
0.189798,0.011116,-0.013186,396.956235
0.029708,0.063740,0.003485,435.017413
0.259804,0.033575,-0.022562,380.040768
0.070101,0.082227,-0.000098,425.493555
0.724327,0.051568,-0.117831,263.522162
0.208789,0.086797,-0.015603,392.381168
0.071883,0.078912,-0.000266,425.072170
0.142574,0.002898,-0.006888,408.292161
0.409671,0.021230,-0.046956,343.270855
0.144221,0.026281,-0.007766,407.879378
0.526605,0.021101,-0.070142,314.042775
0.501683,0.024190,-0.064892,320.312105
0.469499,0.099857,-0.058104,328.385312
0.979394,0.095683,-0.189185,196.767494
0.484369,0.042229,-0.061343,324.654079
0.832231,0.073609,-0.148476,235.352856
0.541252,0.097305,-0.074362,310.289615
0.838271,0.081908,-0.150290,233.762900
0.376678,0.048589,-0.041076,351.430731
0.201705,-0.000054,-0.012788,394.149182
0.498535,0.024690,-0.064241,321.102254
0.904368,0.087256,-0.170831,216.278984
0.977869,0.058376,-0.191826,196.918280
0.591836,0.039726,-0.084684,297.529378
0.412739,0.016717,-0.047518,342.510084
0.397502,0.099949,-0.043305,346.344449
0.494682,0.083660,-0.063447,322.066818
0.528855,0.019814,-0.070625,313.475909
0.945968,0.092268,-0.184417,205.189782
0.008675,0.006593,0.005184,439.956966
0.239069,0.079510,-0.019651,385.066264
0.183641,0.008278,-0.012423,398.436207
0.601989,0.030102,-0.087053,294.945956
0.784349,0.056878,-0.134468,247.906121
0.387066,0.058929,-0.042896,348.864760
0.401881,0.025157,-0.045542,345.200839
0.124356,0.099019,-0.005405,412.620193
0.355254,0.035404,-0.037413,356.710389
0.046865,0.089855,0.002014,430.978160
0.000865,0.065166,0.001498,441.708292
0.496534,0.031939,-0.063828,321.604225
0.074858,0.057653,-0.000548,424.369249
0.144019,0.067886,-0.007743,407.926054
-0.001371,0.084013,-0.002374,442.160234
0.146258,0.006029,-0.007997,407.393516
0.449302,0.051314,-0.054403,333.416903
0.460444,0.046707,-0.056572,330.637302
0.205210,0.064324,-0.015140,393.244681
0.195689,0.097919,-0.012111,395.590227
0.371058,0.019917,-0.040103,352.818089
0.219273,0.058260,-0.016978,389.852943
-0.000355,0.031234,-0.000616,441.956534
0.051357,0.002710,-0.001168,429.864266
0.143710,0.025040,-0.007709,408.001619
0.632707,0.064564,-0.094391,287.105025
0.867617,0.046755,-0.159252,226.022358
-0.000103,0.028329,-0.000179,441.905605
0.172010,0.085211,-0.011006,401.225044
0.728321,0.055506,-0.118907,262.486994
0.810910,0.026800,-0.142156,240.954807
0.019504,0.042686,0.004324,437.415316
0.980363,0.051112,-0.187507,196.674542
0.848706,0.036384,-0.153447,231.015683
0.856750,0.082769,-0.155905,228.891467
0.040989,0.055914,0.002526,432.363534
-0.000000,-0.000000,-0.000000,441.885730
0.179807,0.071259,-0.011951,399.354671
0.587909,0.036129,-0.083776,298.527859
0.613723,0.057086,-0.089825,291.954155
0.000826,0.078518,0.001430,441.715756
0.289294,0.072002,-0.026894,372.864285
0.216531,0.028166,-0.016616,390.516054
0.399555,0.097723,-0.043704,345.835159
0.087596,0.026413,-0.001781,421.354115
-0.000048,0.080002,-0.000084,441.892544
0.452307,0.066665,-0.054985,332.667185
0.560909,0.090303,-0.077645,305.375089
0.230057,0.098047,-0.016195,387.317380
0.507054,0.026368,-0.066009,318.962687
0.321057,0.098322,-0.029539,365.188797
0.932957,0.078356,-0.180112,208.665657
-0.000460,0.019005,-0.000796,441.978075
0.169814,0.100027,-0.009399,401.789305
0.977831,0.054791,-0.191892,196.922141
0.063683,0.066262,0.000499,427.010969
0.276334,0.042444,-0.024962,376.022286
0.239161,0.026770,-0.019664,385.045923
0.101194,0.035895,-0.003143,418.127656
0.092513,0.091491,-0.002267,420.185936
0.040607,0.049496,0.002559,432.453813
0.457365,0.099476,-0.055496,331.426011
0.536411,0.033206,-0.072254,311.569741
0.762377,0.032280,-0.128259,253.638998
0.242348,0.025832,-0.020104,384.274145
0.370611,0.025446,-0.040026,352.928129
0.453932,0.019206,-0.055301,332.263530
0.954464,0.037742,-0.187253,202.919003
0.493566,0.080837,-0.063218,322.347068
0.005223,0.091932,0.005454,440.762642
0.452582,0.070068,-0.055038,332.598384
0.108870,0.077261,-0.003932,416.302249
0.859207,0.014424,-0.156657,228.245814
0.219235,0.035040,-0.016973,389.862971
0.405612,0.063360,-0.046217,344.275040
0.484096,0.074106,-0.061288,324.721071
0.980599,0.072891,-0.187097,196.650573
0.766375,0.007985,-0.129378,252.598282
0.072097,0.088399,-0.000286,425.021399
0.769268,0.047780,-0.130191,251.842536
0.040423,0.019310,0.002574,432.498202
0.171757,0.067438,-0.010976,401.286467
0.321699,0.097496,-0.029646,365.031552
-0.000643,0.069053,-0.001114,442.013436
0.194687,0.023766,-0.013799,395.779876
-0.000000,0.100000,-0.000000,441.882006
0.267527,0.097357,-0.021258,378.245435
0.496867,0.097179,-0.064142,321.506103
0.354760,0.008216,-0.037330,356.833042
0.288009,0.071584,-0.026701,373.177474
0.034724,0.079171,0.003063,433.837248
0.794038,0.066876,-0.137249,245.372600
-0.001264,0.039149,-0.002189,442.140187
0.683168,0.032287,-0.107011,274.155095
0.073068,0.036497,-0.000379,424.793630
0.290021,0.028735,-0.027004,372.688732
0.868550,0.087440,-0.159542,225.773752
0.330064,0.084404,-0.033260,362.895751
0.895134,0.023803,-0.167884,218.734010
0.155364,0.053034,-0.009041,405.214122
0.005169,0.041279,0.005457,440.777124
0.926741,0.087639,-0.178074,210.323294
0.045353,0.029687,0.002146,431.336605
0.024710,0.020656,0.003899,436.193634
0.768483,0.015029,-0.129970,252.048663
0.110659,0.041734,-0.004119,415.878351
0.060187,0.071262,0.000820,427.836231
0.055847,0.044526,0.001214,428.861819
0.587626,0.019307,-0.083711,298.600539
0.419091,0.079336,-0.048688,340.931429
0.706833,0.037051,-0.113174,268.049154
0.781262,0.097723,-0.136061,248.540705
0.329617,0.086703,-0.033188,363.005289
0.607946,0.081920,-0.088456,293.426300
0.701997,0.049661,-0.111902,269.297966
0.326360,0.026922,-0.032664,363.805879
0.857998,0.010667,-0.156286,228.565164
0.603400,0.088869,-0.087384,294.584216
0.043821,0.052948,0.002280,431.696780
0.434916,0.086712,-0.051651,336.998297
0.167413,0.017062,-0.010457,402.329886
0.621052,0.017906,-0.091575,290.085337
0.072867,0.066488,-0.000359,424.840019
0.230187,0.065424,-0.018439,387.215635
0.690962,0.080514,-0.109024,272.144391
0.909575,0.001169,-0.170845,215.026739
0.686734,0.042215,-0.107930,273.235877
0.880644,0.048340,-0.163311,222.574860
0.143531,0.063324,-0.007688,408.042855
0.493416,0.069944,-0.063187,322.385092
0.189685,0.068074,-0.013172,396.981239
0.649390,0.044572,-0.098484,282.834306
0.935466,0.048952,-0.180938,207.997138
0.360990,0.000611,-0.036462,355.377851
0.218097,0.048206,-0.016822,390.137344
0.966947,0.045576,-0.191461,199.574123
0.184242,0.002673,-0.010873,398.339508
0.273668,0.087985,-0.024570,376.669283
0.035812,0.023748,0.002970,433.583312
0.303350,0.062078,-0.029040,369.434431
-0.000517,0.028793,-0.000895,441.989266
0.559825,0.092526,-0.077403,305.649381
0.488618,0.008186,-0.062207,323.590553
0.758632,0.027966,-0.127214,254.614186
0.052058,0.010810,0.001553,429.756683
0.178383,0.034944,-0.011778,399.697908
0.055911,0.049885,0.001208,428.846296
0.381127,0.048243,-0.041852,350.332400
0.478710,0.088712,-0.060201,326.069264
0.202704,0.047985,-0.014818,393.849105
0.569079,0.050557,-0.079479,303.306744
0.122894,0.079768,-0.005414,412.965076
0.335456,0.044793,-0.034135,361.574747
0.484788,0.083668,-0.061428,324.547471
0.059481,0.061069,0.000884,428.003361
0.769090,0.064662,-0.130142,251.888220
0.088506,0.086767,-0.001870,421.136125
0.573046,0.026331,-0.080376,302.301904
0.396099,0.060337,-0.044502,346.630830
0.419448,0.089736,-0.048754,340.842438
0.623155,0.064663,-0.092081,289.546548
0.432641,0.063856,-0.051221,337.565289
0.060730,0.088194,0.000771,427.707581
0.892992,0.079029,-0.167205,219.300126
0.614682,0.063609,-0.090053,291.709371
0.654231,0.072760,-0.099687,281.591513
0.190884,0.011868,-0.013322,396.695157
0.482394,0.091295,-0.060944,325.146750
0.453001,0.027344,-0.055120,332.495490
0.365578,0.000195,-0.037295,354.246112
0.066942,0.093980,0.000197,426.239871
0.721592,0.054324,-0.117098,264.230452
0.610550,0.099589,-0.091237,292.637831
0.740331,0.083154,-0.122168,259.370117
0.265984,0.050323,-0.023451,378.539016
0.721942,0.084813,-0.117192,264.138556
0.007308,0.010018,0.005291,440.277203
0.453671,0.021313,-0.055250,332.328597
0.499660,0.077176,-0.064473,320.817806
0.749346,0.092375,-0.124642,257.027361
0.566897,0.030820,-0.078988,303.860615
0.978544,0.070454,-0.190657,196.851692
0.117051,0.085444,-0.004791,414.356077
0.433943,0.098678,-0.050590,337.279739
0.558566,0.022869,-0.077122,305.970772
0.958184,0.030861,-0.188502,201.923260
0.542655,0.078455,-0.073613,309.991599
0.191199,0.033066,-0.013361,396.618672
0.526177,0.088777,-0.070051,314.148118
0.225715,0.039939,-0.017837,388.297615
0.977881,0.030331,-0.191806,196.918245
0.259618,0.072288,-0.022535,380.084412
0.269760,0.017755,-0.023999,377.622436
0.896049,0.090391,-0.168176,218.488454
0.709335,0.086351,-0.113835,267.400651
0.202139,0.080817,-0.014746,393.983863
0.284006,0.010035,-0.026101,374.155358
0.135265,0.099044,-0.006272,410.027878
0.056148,0.099432,-0.001359,428.734820
0.473438,0.070185,-0.059144,327.389116
0.720594,0.070307,-0.116831,264.488073
0.390456,0.012736,-0.043497,348.028490
0.632008,0.050782,-0.094220,287.284484
0.557069,0.024731,-0.076789,306.349641
0.805803,0.006386,-0.140662,242.294431
0.625190,0.040188,-0.092571,289.027555
0.205547,0.037564,-0.015184,393.164423
0.283208,0.079498,-0.025981,374.347051
0.615713,0.070463,-0.090299,291.446107
0.496725,0.013517,-0.063867,321.557083
0.326578,0.091520,-0.032699,363.750102
0.648511,0.061994,-0.098267,283.058866
0.263709,0.094019,-0.023122,379.089912
0.236092,0.071295,-0.019243,385.787073
0.787056,0.013505,-0.135241,247.200667
0.535566,0.031870,-0.072071,311.782874
0.074413,0.027799,-0.000506,424.475818
0.306319,0.036178,-0.029500,368.710019
0.950275,0.017373,-0.185851,204.040999
0.710839,0.020369,-0.114233,267.014316
0.935432,0.043916,-0.180926,208.006588
0.417728,0.038917,-0.048436,341.271323
0.977896,0.061492,-0.191779,196.915496
0.337852,0.038246,-0.034526,360.987047
0.697177,0.060534,-0.110641,270.542075
0.460157,0.018175,-0.056516,330.710282
0.381791,0.037013,-0.041969,350.168711
0.090596,0.093322,-0.002077,420.640440
0.618305,0.022187,-0.090917,290.786597
0.372385,0.082297,-0.040332,352.488369
0.357812,0.079080,-0.037843,356.079261
-0.000688,0.066112,-0.001192,442.022586
0.979822,0.077116,-0.188444,196.726416
0.942525,0.049731,-0.183272,206.111810
0.730283,0.098398,-0.122346,261.786524
0.806239,0.040268,-0.140790,242.178800
0.921254,0.059047,-0.176283,211.787017
0.007742,0.066248,0.005258,440.173459
0.753032,0.082979,-0.125660,256.069366
0.340606,0.084795,-0.034977,360.309133
0.272288,0.070938,-0.024368,377.005447
0.593642,0.012251,-0.085104,297.071023
0.557525,0.046148,-0.076891,306.233401
0.561010,0.061987,-0.077668,305.350596
0.147348,0.016113,-0.008121,407.132602
0.138821,0.030172,-0.007160,409.168882
0.539233,0.061920,-0.072867,310.856375
0.144220,0.048887,-0.007766,407.878720
0.635804,0.039439,-0.095144,286.313916
0.131267,0.025683,-0.006324,410.971475
0.171486,0.000247,-0.009565,401.393275
0.414384,0.000103,-0.046625,342.155510
0.273184,0.048914,-0.024499,376.788426
0.978251,0.086191,-0.191166,196.879793
0.575574,0.075231,-0.080951,301.658712
0.364021,0.009214,-0.038897,354.552965
0.257244,0.038645,-0.022196,380.661987
0.118505,0.075222,-0.004945,414.010389
0.671075,0.055356,-0.103922,277.266333
0.166793,0.025518,-0.010383,402.478209
0.070976,0.001859,-0.002027,425.248780
0.343756,0.054044,-0.035496,359.536610
0.236942,0.015415,-0.019360,385.583564
0.000334,0.066321,0.000578,441.815725
0.127667,0.034495,-0.005931,411.829475
0.589162,0.099396,-0.085921,298.103321
0.585698,0.013663,-0.083266,299.090681
0.880152,0.018696,-0.163156,222.706547
0.380608,0.044522,-0.041761,350.460754
0.187097,0.075932,-0.012849,397.603276
0.901764,0.053531,-0.169997,216.972298
0.476259,0.017936,-0.059709,326.685369
0.024717,0.081479,0.003899,436.189626
0.517718,0.043037,-0.068251,316.280184
0.024639,0.000214,-0.000361,436.129149
0.958318,0.038242,-0.188547,201.887152
0.248748,0.074144,-0.020996,382.721558
0.872148,0.020628,-0.160658,224.825101
0.002298,0.000455,0.005677,441.451128
0.286448,0.022016,-0.026466,373.559914
0.373230,0.044351,-0.040478,352.281452
0.410402,0.082609,-0.047090,343.086994
0.175891,0.007096,-0.011475,400.296963
0.581244,0.100029,-0.083976,300.122786
0.407522,0.090997,-0.046564,343.800614
0.408004,0.008742,-0.046652,343.684487
0.556391,0.059314,-0.076639,306.519900
0.371612,0.075963,-0.040199,352.679454
0.261711,0.047385,-0.022835,379.577127
0.060193,0.052345,0.000819,427.835696
0.847382,0.031638,-0.153045,231.364830
0.588299,0.050886,-0.083866,298.428204
0.592398,0.001889,-0.086720,297.281251
0.021198,0.050738,0.004186,437.017348
0.860782,0.006517,-0.157141,227.830188
0.151638,0.080135,-0.008611,406.104347
0.804929,0.052882,-0.140407,242.521700
0.980394,0.069141,-0.187452,196.670766
0.341407,0.091206,-0.035109,360.111986
0.266808,0.021427,-0.023570,378.339805
0.497277,0.055345,-0.063981,321.417024
0.462043,0.069960,-0.056886,330.237289
0.579671,0.076863,-0.081885,300.618738
0.697947,0.060973,-0.110842,270.343234
0.620635,0.002532,-0.093774,290.059351
0.547751,0.002720,-0.075900,308.644948
0.483348,0.063135,-0.061137,324.908811
0.292273,0.045577,-0.027345,372.138898
0.163586,0.001899,-0.008793,403.281283
0.583680,0.030540,-0.082803,299.602595
0.093474,0.091858,-0.002363,419.957873
0.074689,0.054036,-0.000532,424.409556
0.235310,0.014720,-0.019136,385.978450
0.450637,0.043862,-0.054661,333.084354
0.044016,0.034824,0.002263,431.651359
0.063164,0.033019,0.000546,427.134712
0.291826,0.036297,-0.027277,372.248266
0.450043,0.043318,-0.054546,333.232630
0.979879,0.059617,-0.188346,196.721562
0.248884,0.036767,-0.021015,382.689873
0.820542,0.052454,-0.144995,238.425909
0.907375,0.027213,-0.171795,215.482158
0.030609,0.046195,0.003409,434.806322
0.481318,0.035299,-0.060726,325.418467
0.638972,0.079350,-0.095919,285.501548
0.000107,0.095051,0.000186,441.860431
0.468977,0.040177,-0.058256,328.505898
0.519832,0.034632,-0.068699,315.748391
0.360986,0.088015,-0.038381,355.297555
0.171236,0.063865,-0.010913,401.411703
0.689578,0.072295,-0.108665,272.501516
0.920457,0.015218,-0.176023,212.001046
0.738439,0.056716,-0.121651,259.862433
0.098600,0.033248,-0.002880,418.743595
0.115704,0.000972,-0.004758,414.677008
0.931541,0.071290,-0.179647,209.043798
0.495035,0.026449,-0.063520,321.980658
0.322543,0.011423,-0.032053,364.741593
0.266402,0.012406,-0.023512,378.438708
0.402189,0.085626,-0.045597,345.122294
0.882830,0.011459,-0.163996,221.997389
0.353127,0.020181,-0.037056,357.234348
0.125326,0.039180,-0.005677,412.387138
0.234091,0.013765,-0.018970,386.273529
0.137196,0.097158,-0.006434,409.568584
0.389525,0.000775,-0.041770,348.325598
0.038573,0.097914,-0.000727,432.861344
0.293900,0.036244,-0.027592,371.742308
0.245354,0.085148,-0.020521,383.543659
0.863326,0.066000,-0.157926,227.155672
0.099262,0.059904,-0.002946,418.585529
0.103013,0.071576,-0.003328,417.694261
0.044933,0.088225,0.002184,431.433347
0.081958,0.061755,-0.001230,422.688417
0.319204,0.082790,-0.031522,365.556657
0.776679,0.027128,-0.132284,249.910253
0.229772,0.019185,-0.018383,387.317843
0.095811,0.044377,-0.002598,419.405113
0.956947,0.064436,-0.188087,202.253265
0.823185,0.088836,-0.145779,237.730179
0.470522,0.061356,-0.058563,328.118752
0.362980,0.052390,-0.038720,354.807654
0.104662,0.035484,-0.003498,417.303870
0.979378,0.006035,-0.189213,196.772662
0.767638,0.085529,-0.129734,252.265960
0.019781,0.071778,0.004302,437.349317
0.290654,0.087888,-0.027099,372.532133
0.557011,0.056069,-0.076776,306.363191
0.448182,0.036829,-0.054187,333.696809
0.022891,0.000046,-0.000323,436.538090
0.073637,0.006790,-0.000433,424.660096
0.498699,0.068096,-0.064275,321.059582
0.771627,0.078378,-0.130856,251.226153
0.539494,0.007320,-0.072924,310.792573
0.263477,0.061561,-0.023089,379.147497
0.879804,0.075138,-0.163048,222.796314
0.089704,0.036261,-0.001989,420.853918
0.697127,0.071644,-0.110628,270.554429
0.341532,0.066987,-0.035130,360.082200
0.696665,0.005785,-0.110506,270.676466
0.610482,0.057529,-0.089055,292.780729
0.219867,0.022744,-0.017057,389.710950
0.280545,0.040451,-0.025585,374.997237
0.095089,0.098348,-0.003370,419.554492
0.672453,0.070912,-0.104272,276.911144
0.276286,0.019924,-0.024955,376.034806
0.151580,0.085949,-0.008604,406.118036
0.246000,0.048667,-0.020612,383.388619
0.781523,0.066103,-0.133662,248.643946
0.615985,0.090459,-0.090364,291.375832
0.206388,0.078565,-0.015292,392.960204
0.885563,0.056429,-0.164857,221.271171
0.046289,0.018936,0.002064,431.116417
0.323394,0.078045,-0.032189,364.530563
0.023354,0.045431,0.004010,436.511318
0.070089,0.016226,-0.000098,425.498926
0.926737,0.098695,-0.175461,210.529530
0.195604,0.075531,-0.013915,395.557225
0.457792,0.030433,-0.056053,331.300115
0.717750,0.011144,-0.116070,265.226785
0.419084,0.023019,-0.048687,340.935402
0.522321,0.083678,-0.069228,315.119707
0.935714,0.074253,-0.181020,207.929826
0.788671,0.001895,-0.138067,246.615117
0.602682,0.047327,-0.087215,294.768880
0.796848,0.066918,-0.138061,244.637243
0.749333,0.092436,-0.124639,257.030876
0.980524,0.014900,-0.187228,196.660259
0.057152,0.087229,0.001096,428.552205
0.149579,0.000719,-0.007498,406.623409
0.480948,0.097289,-0.060604,325.510861
0.116128,0.054025,-0.004693,414.576806
-0.000123,0.084626,-0.000213,441.907452
0.710390,0.074261,-0.114115,267.128227
0.433381,0.041029,-0.051361,337.382013
0.399986,0.078509,-0.045200,345.668066
0.861067,0.008442,-0.157229,227.754731
0.112908,0.063746,-0.004354,415.342520
0.888261,0.098500,-0.165091,220.601370
0.226531,0.083826,-0.017946,388.098717
0.076135,0.076002,-0.000670,424.066542
0.482677,0.047785,-0.061001,325.077687
0.795641,0.040170,-0.137711,244.954365
0.939425,0.036017,-0.182245,206.940646
0.652689,0.079140,-0.099303,281.986996
0.003256,0.073381,0.005605,441.224054
0.161006,0.089917,-0.009699,403.862128
0.963269,0.057117,-0.190217,200.559706
0.760675,0.081308,-0.127784,254.080262
0.854817,0.038948,-0.155312,229.403442
0.478916,0.071775,-0.060242,326.018465
0.406026,0.086173,-0.046292,344.171629
0.929627,0.048076,-0.179018,209.555279
0.797937,0.002386,-0.140578,244.200773
0.857656,0.059170,-0.156182,228.653326
0.411205,0.059280,-0.047237,342.888903
0.974323,0.036639,-0.193969,197.595652
0.585688,0.001167,-0.085067,298.993468
0.793530,0.041311,-0.137102,245.506661
0.562663,0.025100,-0.078037,304.933363
-0.000000,0.100000,-0.000000,441.882006
0.507434,0.038255,-0.066089,318.866722
0.557308,0.001238,-0.078179,306.218529
0.030367,0.092614,0.003430,434.861347
0.693288,0.026933,-0.109627,271.546643
0.382689,0.088214,-0.042126,349.945124
0.931517,0.039302,-0.179638,209.051588
0.014223,0.012601,0.004747,438.655696
0.006260,0.041917,0.005373,440.521709
0.812507,0.012251,-0.142625,240.536615
0.370731,0.048876,-0.040047,352.897623
0.333423,0.033885,-0.033804,362.073841
0.183545,0.000713,-0.010799,398.506517
0.046866,0.002699,-0.001002,430.919129
0.266522,0.006156,-0.023529,378.409909
0.175297,0.069432,-0.011403,400.437208
0.419650,0.076253,-0.048792,340.792863
0.032372,0.077406,0.003262,434.390459
0.499293,0.025175,-0.064397,320.912142
0.335202,0.042505,-0.034094,361.637130
0.673491,0.098722,-0.107345,276.470465
0.868521,0.053108,-0.159532,225.782963
0.883315,0.077927,-0.164150,221.866114
0.336833,0.063027,-0.034360,361.236068
0.311314,0.000157,-0.027944,367.577509
0.883087,0.055717,-0.164078,221.927584
0.452917,0.055008,-0.055103,332.515313
0.169360,0.034503,-0.010689,401.862525
0.689452,0.047706,-0.108632,272.535142
0.491603,0.027668,-0.062816,322.841466
0.736467,0.082911,-0.121114,260.373022
0.255412,0.097491,-0.019553,381.184635
0.839112,0.025080,-0.150542,233.544061
0.725171,0.050198,-0.118058,263.303498
0.001003,0.070208,0.001737,441.680188
0.859499,0.098240,-0.157297,228.124449
0.000278,0.066518,0.000482,441.826933
0.048073,0.027483,0.001907,430.695791
0.678387,0.084792,-0.105785,275.383929
0.028003,0.017136,0.003626,435.420025
0.189420,0.065395,-0.013138,397.045205
0.215777,0.064215,-0.016516,390.696573
0.505140,0.015432,-0.065610,319.444122
0.469448,0.071089,-0.058350,328.386833
0.243660,0.078982,-0.020286,383.954274
0.494806,0.044423,-0.063473,322.037375
0.162450,0.012330,-0.009870,403.519283
0.056180,0.090934,0.001184,428.781412
0.409833,0.045080,-0.046986,343.229557
0.165944,0.028796,-0.010282,402.681652
0.203041,0.001629,-0.012939,393.828061
0.698338,0.049330,-0.110944,270.242792
0.780824,0.061386,-0.133462,248.826723
0.734084,0.061781,-0.120467,260.992185
0.072976,0.009207,-0.000370,424.816290
0.581338,0.065644,-0.082266,300.195975
0.845549,0.051072,-0.152489,231.847286
0.426239,0.000184,-0.049013,339.204328
0.675963,0.084418,-0.105166,276.007867
0.926726,0.050985,-0.178068,210.328867
0.657259,0.035742,-0.100442,280.816243
0.481372,0.043638,-0.060737,325.404461
0.210600,0.085830,-0.015838,391.944597
0.255138,0.001333,-0.019515,381.254808
0.024238,0.027015,0.003937,436.304187
0.351060,0.079268,-0.036709,357.740424
0.857038,0.022304,-0.155992,228.817990
0.276838,0.033542,-0.025037,375.899936
0.801631,0.006576,-0.139447,243.387398
0.535755,0.029969,-0.072112,311.735440
0.479042,0.042904,-0.060268,325.988023
0.094664,0.081572,-0.002482,419.675887
0.431203,0.078828,-0.050950,337.922235
0.907721,0.001140,-0.170345,215.512074
0.296169,0.018859,-0.027937,371.189295
0.719221,0.034754,-0.116463,264.845240
0.577778,0.035437,-0.081452,301.100820
0.295543,0.018471,-0.027842,371.342179
0.978938,0.028386,-0.189974,196.814787
0.689174,0.024169,-0.108560,272.607592
0.926909,0.059703,-0.178129,210.279586
0.223138,0.011109,-0.017492,388.921288
0.394486,0.040393,-0.044214,347.030731
0.178894,0.049308,-0.011840,399.574631
0.394879,0.080914,-0.044284,346.931946
0.396052,0.056358,-0.044494,346.642622
0.978994,0.095797,-0.189877,196.806596
0.595284,0.085844,-0.085486,296.650564
0.578375,0.051270,-0.081589,300.948692
0.493014,0.006340,-0.063105,322.488467
0.016385,0.030461,0.004575,438.147907
0.383569,0.063798,-0.042280,349.728501
0.932547,0.078402,-0.179978,208.775028
0.242988,0.057623,-0.020193,384.117926
0.275840,0.021021,-0.024890,376.143205
0.519728,0.052644,-0.068677,315.773739
0.427981,0.063382,-0.050345,338.723831
0.691793,0.075251,-0.109239,271.930378
0.236282,0.015743,-0.019269,385.743165
0.660508,0.052580,-0.101256,279.981602
0.637387,0.027041,-0.095531,285.909282
0.142492,0.093392,-0.007571,408.289906
0.824601,0.049370,-0.146199,237.359762
0.947127,0.002271,-0.180920,205.194377
0.661994,0.012972,-0.101629,279.601482
0.422164,0.002018,-0.048188,340.219240
0.008362,0.012131,0.005209,440.030129
0.309175,0.000538,-0.027599,368.100662
0.147675,0.012184,-0.008159,407.054464
0.122631,0.017623,-0.005387,413.030069
0.139002,0.098631,-0.006583,409.138818
0.625652,0.081544,-0.092682,288.908020
0.279897,0.097867,-0.023065,375.238293
0.036192,0.069581,0.002938,433.492248
0.486018,0.000695,-0.061723,324.240299
0.228637,0.081318,-0.018229,387.589788
0.980147,0.034919,-0.187880,196.696276
0.370345,0.017441,-0.039981,352.994073
0.685403,0.021522,-0.107586,273.579722
0.718402,0.028939,-0.116244,265.057431
0.379912,0.021536,-0.041640,350.633490
0.023813,0.070223,0.003973,436.402573
0.419321,0.031162,-0.048731,340.876249
0.979482,0.084477,-0.189033,196.759369
0.362914,0.079696,-0.038708,354.822973
0.054586,0.057519,0.001327,429.158642
0.830486,0.092687,-0.147954,235.811159
0.299283,0.056376,-0.028414,370.427826
0.700096,0.056433,-0.111404,269.788727
0.572020,0.079442,-0.080144,302.559989
0.945699,0.098867,-0.180538,205.564557
0.042920,0.000468,-0.000868,431.845215
-0.000000,-0.000000,-0.000000,441.885730
0.181637,0.061512,-0.012176,398.915558
0.487728,0.049597,-0.062025,323.812036
0.404718,0.028765,-0.046055,344.497957
0.197920,0.058152,-0.014208,395.000704
0.732862,0.018919,-0.120135,261.310890
0.177554,0.079734,-0.011677,399.895074
0.148242,0.063209,-0.008222,406.917124
0.331019,0.070474,-0.033415,362.662147
0.076410,0.070198,-0.000696,424.001531
0.301227,0.087156,-0.028712,369.951977
0.469664,0.068724,-0.058393,328.332991
0.743232,0.090932,-0.122962,258.616295
0.496845,0.014247,-0.063892,321.526815
0.326106,0.089541,-0.032623,363.865727
0.000994,0.058513,0.001722,441.682397
0.305179,0.014260,-0.029323,368.989418
0.191328,0.029779,-0.013377,396.587752
0.257888,0.037928,-0.022288,380.505776
0.627028,0.057340,-0.093014,288.557411
0.523807,0.018783,-0.069545,314.747805
-0.001224,0.021671,-0.002120,442.132809
0.699933,0.016751,-0.111361,269.832372
0.250335,0.057620,-0.021219,382.337476
0.172871,0.030349,-0.011110,401.020635
0.273118,0.029202,-0.024490,376.805232
0.118507,0.057084,-0.004946,414.010576
0.094064,0.009237,-0.002423,419.820992
0.416913,0.085276,-0.048286,341.471958
0.188348,0.057495,-0.013005,397.303225
0.076200,0.013260,-0.000677,424.053379
0.154682,0.091175,-0.008962,405.375970
0.165498,0.099392,-0.008977,402.820720
0.101749,0.050661,-0.003199,417.995294
0.979495,0.073592,-0.189010,196.758507
0.311593,0.032515,-0.030322,367.420821
0.132956,0.034167,-0.006510,410.568350
0.527816,0.042300,-0.070402,313.736887
0.979554,0.060088,-0.188908,196.753280
0.970686,0.084730,-0.192732,198.569608
0.811574,0.042916,-0.142351,240.780004
0.472285,0.023083,-0.058914,327.679366
0.644286,0.074075,-0.097224,284.141083
0.687882,0.072078,-0.108227,272.938711
0.021843,0.097457,-0.000293,436.779817
0.778308,0.098534,-0.135262,249.309513
0.103249,0.024678,-0.003353,417.640096
0.611129,0.031975,-0.089209,292.616901
0.301712,0.007441,-0.028787,369.836682
0.360277,0.069558,-0.038261,355.472653
0.678021,0.015190,-0.105691,275.480910
0.268051,0.097298,-0.021333,378.118235
0.530565,0.099951,-0.071855,312.996898
0.509658,0.047192,-0.066554,318.307295
0.700750,0.039820,-0.111575,269.620513
0.448467,0.049725,-0.054242,333.625237
0.039941,0.040359,0.002616,432.610931
0.750797,0.002067,-0.127843,256.466805
0.240881,0.064013,-0.019901,384.628010
0.595097,0.062412,-0.085442,296.698855
0.588267,0.040861,-0.083859,298.436656
0.226085,0.029881,-0.017886,388.208707
0.153460,0.007811,-0.008822,405.671453
0.665125,0.015719,-0.102417,278.797095
0.038874,0.099680,-0.000739,432.790682
0.662028,0.000602,-0.104365,279.427587
0.141426,0.024049,-0.007452,408.547164
0.828314,0.032275,-0.147304,236.384665
0.733522,0.035882,-0.120314,261.139107
0.792848,0.026844,-0.136906,245.685557
0.740843,0.024569,-0.122307,259.239551
0.064858,0.020414,0.000390,426.734931
0.144844,0.030252,-0.007837,407.730359
0.031805,0.039420,0.003309,434.525237
0.256752,0.039906,-0.022126,380.781259
0.468532,0.057663,-0.058168,328.616430
0.478673,0.093765,-0.060193,326.078366
0.732187,0.046034,-0.119952,261.484976
0.660961,0.092456,-0.101370,279.863586
0.970669,0.031454,-0.192725,198.576379
0.248338,0.057786,-0.020938,382.821457
0.652048,0.080554,-0.099144,282.151275
0.000887,0.094472,0.001537,441.702701
0.042737,0.035814,0.002374,431.952738
0.211703,0.016099,-0.015983,391.681187
0.865381,0.051151,-0.158560,226.613158
0.609394,0.067163,-0.088798,293.057830
0.157005,0.068153,-0.009232,404.820866
0.180867,0.068861,-0.012081,399.100065
0.948572,0.010307,-0.185282,204.496902
0.015351,0.000621,-0.000178,438.301521
0.309167,0.041836,-0.029943,368.013670
0.056751,0.027775,0.001132,428.648988
0.502617,0.072921,-0.065086,320.075617
0.874799,0.008172,-0.161483,224.124097
0.684380,0.070740,-0.107323,273.841235
0.818868,0.000710,-0.146260,238.742002
0.979672,0.063671,-0.188703,196.741556
0.269682,0.084642,-0.023987,377.638752
0.133806,0.046461,-0.006603,410.364964
0.078753,0.014393,-0.000921,423.449118
0.528494,0.000817,-0.071373,313.524950
0.461394,0.083438,-0.056759,330.398630
0.003160,0.077032,0.005613,441.246555
0.423579,0.052828,-0.049522,339.818051
0.286826,0.034043,-0.026523,373.467470
0.598779,0.086958,-0.086301,295.760886
0.472176,0.069178,-0.058893,327.704849
0.322378,0.087714,-0.032027,364.779179
0.838905,0.037130,-0.150480,233.597853
0.247681,0.076247,-0.020846,382.980100
0.852740,0.054912,-0.154677,229.950788
0.198314,0.045534,-0.014258,394.906288
0.478151,0.034628,-0.060088,326.211322
0.080245,0.045634,-0.001065,423.094729
0.223462,0.051891,-0.017535,388.841605
0.750951,0.028100,-0.125084,256.612807
0.367246,0.044414,-0.039448,353.757077
0.703221,0.077188,-0.112224,268.980942
0.644335,0.056571,-0.097236,284.129051
0.618401,0.011016,-0.090940,290.762613
0.829450,0.012989,-0.147643,236.086826
0.700828,0.009558,-0.111595,269.601655
-0.000413,0.062457,-0.000715,441.967015
0.980376,0.051015,-0.187485,196.673306
0.204550,0.011650,-0.015056,393.405728
0.957566,0.080841,-0.188295,202.086781
0.682438,0.076455,-0.106824,274.341194
0.562403,0.062152,-0.077979,304.997755
0.880075,0.010358,-0.163132,222.727333
0.597632,0.083183,-0.086033,296.052974
0.802915,0.053979,-0.139821,243.049087
0.178353,0.051960,-0.011774,399.704517
0.746714,0.072468,-0.123917,257.712454
0.932251,0.016956,-0.179879,208.856687
0.845885,0.077931,-0.152591,231.757511
0.224987,0.001911,-0.015559,388.544256
0.980089,0.093113,-0.187982,196.699687
0.344396,0.056523,-0.035602,359.379287
0.426058,0.043860,-0.049984,339.202545
0.410372,0.065260,-0.047084,343.095164
0.388543,0.026067,-0.043157,348.500953
0.452609,0.092998,-0.055043,332.590866
0.297371,0.081157,-0.028121,370.893635
0.804760,0.072088,-0.140359,242.564991
0.005538,0.042749,0.005429,440.690687
0.084333,0.044505,-0.001461,422.126644
0.142026,0.082933,-0.007518,408.401586
0.263700,0.077515,-0.023121,379.092756
0.452917,0.077471,-0.055103,332.514612
0.675437,0.073421,-0.105032,276.143501
0.124342,0.087382,-0.005570,412.619848
0.847721,0.050192,-0.153148,231.274761
0.011103,0.051027,0.004995,439.386173
0.141016,0.092615,-0.007405,408.642473
0.141886,0.083654,-0.007503,408.435005
0.281880,0.028141,-0.025784,374.672618
0.451278,0.097716,-0.054205,332.949578
0.704391,0.016709,-0.112531,268.680915
0.511528,0.044610,-0.066946,317.837379
0.000106,0.076588,0.000183,441.861466
0.815301,0.001932,-0.145291,239.672586
0.029503,0.001141,-0.000474,434.990343
0.839393,0.093343,-0.150628,233.467154
0.696088,0.024023,-0.110356,270.824371
0.805171,0.054389,-0.140478,242.458074
0.017754,0.052261,0.004465,437.825772
0.655561,0.025262,-0.100018,281.252367
0.489037,0.044348,-0.062292,323.484207
0.088255,0.059520,-0.001846,421.196676
0.398871,0.083397,-0.044999,345.943887
0.980600,0.075410,-0.187096,196.650416
0.289543,0.069907,-0.026932,372.803579
0.206390,0.027031,-0.015293,392.961638
0.202323,0.002652,-0.012857,394.000511
0.395680,0.066676,-0.044427,346.734229
0.653484,0.085078,-0.099502,281.782619
-0.000000,0.100000,-0.000000,441.882006
0.827489,0.042490,-0.147059,236.601087
0.412685,0.012333,-0.047508,342.523606
0.508607,0.064259,-0.066334,318.570756
0.209943,0.084914,-0.015753,392.103094
0.505437,0.042686,-0.065672,319.368308
0.734182,0.015207,-0.120493,260.968647
0.000887,0.018720,0.001536,441.705591
0.013924,0.009554,0.004771,438.726039
0.065381,0.057631,0.000342,426.610045
0.702184,0.002593,-0.114879,269.065943
0.128717,0.006214,-0.006046,411.580163
0.980184,0.058789,-0.187817,196.691780
0.867674,0.039166,-0.159270,226.007504
0.813401,0.077839,-0.142888,240.299299
0.241608,0.077025,-0.020002,384.451366
0.352554,0.028819,-0.036960,357.374947
0.667324,0.082972,-0.102972,278.229323
0.008121,0.030319,0.005228,440.085803
0.115822,0.032719,-0.004661,414.650353
0.430391,0.080222,-0.050797,338.124173
0.092357,0.039564,-0.002252,420.224796
0.375474,0.071874,-0.040867,351.726946
0.722276,0.056407,-0.117281,264.053221
0.923030,0.062326,-0.176862,211.313609
0.664045,0.024406,-0.102145,279.074163
0.110538,0.071439,-0.004106,415.906020
0.333996,0.035886,-0.033898,361.933171
0.683642,0.093455,-0.107133,274.030425
0.617977,0.033957,-0.090839,290.869902
0.165316,0.075488,-0.010207,402.830360
0.584482,0.025104,-0.082987,299.398935
0.976143,0.006080,-0.194590,197.108204
0.542937,0.019563,-0.073674,309.922746
0.067471,0.050938,0.000147,426.116472
0.960601,0.088342,-0.189317,201.273407
0.303428,0.034757,-0.029052,369.416489
0.358539,0.072337,-0.037966,355.900615
0.882170,0.007835,-0.163789,222.172433
0.790437,0.027663,-0.136212,246.315989
0.724905,0.098573,-0.120911,263.180315
0.349201,0.065834,-0.036400,358.197899
0.287601,0.088187,-0.026639,373.276482
0.000188,0.014047,0.000326,441.847101
0.148436,0.054415,-0.008245,406.870939
0.531876,0.035905,-0.071274,312.713585
0.404819,0.067365,-0.046073,344.471471
0.265925,0.086709,-0.023442,378.551800
0.930662,0.059280,-0.179358,209.278799
0.039470,0.065628,0.002657,432.720797
0.755649,0.020024,-0.126385,255.390941
0.228472,0.085704,-0.018207,387.629465
0.622867,0.037817,-0.092011,289.621204
0.568537,0.070429,-0.079357,303.443478
0.263874,0.072840,-0.023146,379.050631
0.440936,0.022552,-0.052796,335.502576
0.761355,0.098957,-0.130685,253.719513
0.134875,0.001715,-0.006241,410.124154
0.191836,0.098066,-0.011688,396.514877
0.952820,0.084920,-0.186703,203.357204
0.158222,0.050019,-0.009374,404.530120
0.737280,0.093754,-0.121336,260.161592
0.083103,0.023553,-0.001342,422.418797
0.432530,0.035206,-0.051200,337.593887
0.336841,0.044857,-0.034361,361.234810
0.088042,0.030776,-0.001825,421.248225
0.534671,0.028068,-0.071878,312.008994
0.654009,0.066422,-0.099632,281.648893
0.793602,0.067539,-0.137123,245.486707
0.392363,0.081357,-0.043835,347.554232
0.416965,0.023489,-0.048295,341.461434
0.535866,0.019881,-0.072136,311.707806
0.524223,0.079138,-0.069633,314.640717
0.040892,0.028561,0.002534,432.387456
0.979928,0.041317,-0.188260,196.717431
0.243329,0.026927,-0.020240,384.036471
0.859969,0.076667,-0.156893,228.041858
0.093246,0.029374,-0.002341,420.014194
0.727353,0.000721,-0.121563,262.549904
0.447192,0.052845,-0.053996,333.942785
0.772040,0.000902,-0.133567,250.944728
0.052009,0.025786,0.001558,429.767721
0.517321,0.057295,-0.068167,316.379491
0.047801,0.001439,-0.001037,430.699440
0.630768,0.072943,-0.093920,287.600625
0.854983,0.030515,-0.155362,229.360129
0.975675,0.091417,-0.194432,197.230135
0.024566,0.055000,0.003911,436.226229
0.268062,0.030743,-0.023752,378.034731
0.595950,0.093276,-0.085641,296.480777
0.600652,0.040889,-0.086739,295.286011
0.918667,0.001622,-0.173293,212.646343
0.364709,0.085951,-0.039014,354.380605
0.645054,0.079264,-0.097413,283.944032
0.132109,0.031102,-0.006417,410.770534
0.979791,0.048244,-0.188497,196.730550
0.462751,0.014554,-0.057026,330.062649
0.825354,0.081056,-0.146423,237.160764
0.118089,0.023778,-0.004902,414.111160
0.283016,0.085529,-0.025953,374.393759
0.811615,0.058850,-0.142363,240.768640
0.321247,0.032385,-0.031847,365.058141
0.748476,0.090779,-0.124403,257.253539
0.808401,0.098597,-0.143418,241.468571
0.647794,0.026462,-0.098089,283.244015
0.050367,0.099483,-0.001132,430.093164
0.065025,0.092142,0.000375,426.692819
0.184714,0.000513,-0.010923,398.226385
0.099987,0.080610,-0.003020,418.412561
0.705564,0.001641,-0.115772,268.191843
0.154161,0.090611,-0.008902,405.500463
0.284600,0.022804,-0.026190,374.010206
0.967860,0.083300,-0.191772,199.327876
0.179618,0.022256,-0.011929,399.401941
0.784973,0.007795,-0.134645,247.745264
0.472315,0.098949,-0.058715,327.678797
0.258895,0.046208,-0.022432,380.260971
0.885405,0.009450,-0.164806,221.314974
-0.000000,0.100000,-0.000000,441.882006
0.719153,0.098113,-0.119378,264.670754
0.511769,0.000193,-0.067516,317.752059
0.747696,0.043626,-0.124187,257.458457
0.163477,0.039844,-0.009990,403.272189
0.861820,0.000838,-0.157927,227.521626
0.119374,0.075827,-0.005038,413.803470
0.339629,0.078768,-0.034817,360.549030
0.359298,0.017995,-0.038095,355.715734
0.449701,0.079970,-0.054480,333.316273
0.760510,0.098729,-0.130457,253.939085
0.573932,0.085664,-0.080578,302.074662
0.979058,0.022183,-0.189766,196.803287
0.320978,0.054169,-0.031804,365.123183
0.028103,0.094005,0.003619,435.393647
0.083752,0.040016,-0.001405,422.264325
0.490780,0.049260,-0.062648,323.047014
0.304197,0.075949,-0.029171,369.226989
0.555111,0.016999,-0.076354,306.845394
0.811639,0.046485,-0.142371,240.762683
0.302690,0.089986,-0.028938,369.594556
0.598723,0.058014,-0.086288,295.776318
0.437266,0.090179,-0.052097,336.413552
0.169853,0.056699,-0.010748,401.743516
0.866510,0.046537,-0.158910,226.314856
0.000474,0.055966,0.000820,441.787814
0.179410,0.002503,-0.010368,399.496892
0.169434,0.029426,-0.010698,401.844894
0.079515,0.097989,-0.002468,423.232329
0.775115,0.013868,-0.131841,250.318867
0.979023,0.020875,-0.189827,196.806794
0.102339,0.053500,-0.003260,417.854980
0.133845,0.097560,-0.006158,410.365545
0.376563,0.025921,-0.041056,351.459845
0.067189,0.045541,0.000174,426.183316
0.978977,0.005546,-0.189907,196.811887
0.711428,0.016233,-0.114389,266.862180
0.388563,0.012749,-0.043161,348.496472
0.447944,0.051604,-0.054141,333.755543
0.031598,0.092076,0.003327,434.572082
0.527217,0.043939,-0.070274,313.887626
0.242266,0.064195,-0.020093,384.292555
0.636930,0.046766,-0.095419,286.025478
0.453674,0.070786,-0.055250,332.326016
0.569853,0.012496,-0.079654,303.111980
0.758783,0.076695,-0.127257,254.572954
0.455415,0.046909,-0.055589,331.892632
0.020299,0.080676,0.004260,437.227255
0.204931,0.081343,-0.015104,393.311285
0.263753,0.012047,-0.023129,379.082356
0.572690,0.030334,-0.080296,302.391968
0.540135,0.024514,-0.073063,310.630154
0.815639,0.045492,-0.143547,239.713345
0.748287,0.080949,-0.124350,257.303083
0.224537,0.097448,-0.015502,388.649142
0.477109,0.006535,-0.059879,326.473303
0.222785,0.000898,-0.015286,389.075295
0.786916,0.073622,-0.135202,247.234719
0.781765,0.056541,-0.133730,248.581194
0.813607,0.091156,-0.142949,240.244773
0.215457,0.070856,-0.016474,390.773649
0.223959,0.028773,-0.017602,388.722443
0.762124,0.029965,-0.128188,253.704975
0.618129,0.098579,-0.093142,290.697471
0.898551,0.061402,-0.168972,217.825424
0.805176,0.070130,-0.140480,242.456058
0.816230,0.009169,-0.143720,239.559778
0.721303,0.072009,-0.117021,264.304545
0.229551,0.086226,-0.018353,387.368763
0.876044,0.000087,-0.161783,223.801617
0.157711,0.056168,-0.009314,404.652239
0.076791,0.054544,-0.000733,423.912067
0.000669,0.073765,0.001159,441.747563
0.024101,0.033853,0.003949,436.336092
0.675705,0.049795,-0.105100,276.075638
0.923788,0.038788,-0.177109,211.112414
0.869213,0.030913,-0.159747,225.600838
0.485734,0.015820,-0.061620,324.313070
0.632039,0.058443,-0.094228,287.276345
0.460622,0.069623,-0.056607,330.592093
0.069155,0.098631,-0.001938,425.674308
0.692239,0.034370,-0.109355,271.816878
0.025962,0.045804,0.003796,435.898639
0.182662,0.013103,-0.012302,398.671255
0.760987,0.048193,-0.127871,254.000238
0.208444,0.080812,-0.015558,392.464684
0.131417,0.049947,-0.006340,410.934864
0.230437,0.072371,-0.018473,387.154928
0.050510,0.006136,0.001691,430.122060
0.172832,0.002503,-0.009699,401.071101
0.141248,0.010879,-0.007432,408.590216
0.731756,0.069071,-0.119835,261.595838
0.177638,0.067227,-0.011687,399.875522
0.208625,0.011621,-0.015582,392.423496
0.979176,0.016310,-0.189563,196.792054
0.499658,0.087609,-0.064473,320.818054
0.375526,0.090633,-0.040876,351.713301
0.511962,0.001762,-0.067560,317.703346
0.618428,0.017414,-0.090947,290.755322
0.494030,0.000791,-0.063506,322.224227
0.951716,0.051360,-0.186333,203.654015
0.381481,0.019503,-0.041914,350.246174
0.979241,0.000008,-0.189450,196.786291
0.041916,0.083893,0.002446,432.144154
0.000291,0.003253,0.000504,441.826731
0.978293,0.029777,-0.191092,196.877899
0.324995,0.041336,-0.032445,364.139722
0.148800,0.034579,-0.008287,406.784823
0.741870,0.002544,-0.125447,258.784556
0.978494,0.081024,-0.190744,196.856178
0.067629,0.075777,0.000133,426.078185
0.295149,0.077577,-0.027782,371.436064
0.140866,0.012622,-0.007389,408.681143
0.001252,0.028992,0.002168,441.631441
0.108498,0.018892,-0.003894,416.392989
0.006348,0.054182,0.005366,440.500458
0.848659,0.023146,-0.153433,231.028500
0.815799,0.014175,-0.143593,239.672709
0.450218,0.080660,-0.054580,333.187499
0.466749,0.085127,-0.057815,329.060933
0.165040,0.098090,-0.008933,402.930370
0.243299,0.008079,-0.020236,384.044492
0.721178,0.099654,-0.119917,264.146061
0.013193,0.011272,0.004829,438.897465
0.839397,0.000557,-0.151838,233.381830
0.587792,0.099194,-0.085584,298.452966
0.576125,0.008429,-0.081076,301.521471
0.269190,0.092311,-0.023916,377.758116
0.897834,0.089944,-0.168744,218.014572
0.232890,0.017718,-0.018806,386.563827
0.169245,0.025562,-0.010675,401.890490
0.771049,0.031615,-0.130693,251.378875
0.589752,0.035410,-0.084202,298.059465
0.842540,0.084407,-0.151578,232.638717
0.671997,0.036918,-0.104156,277.029996
0.674734,0.040102,-0.104852,276.325752
0.670655,0.091914,-0.103816,277.372708
0.622094,0.098332,-0.094142,289.681746
0.774278,0.043766,-0.131605,250.536101
0.396337,0.017763,-0.044545,346.573568
0.284836,0.050889,-0.026225,373.951630
0.007864,0.062052,0.005248,440.145014
0.584758,0.097801,-0.084839,299.226743
0.792350,0.015793,-0.136762,245.816175
0.065172,0.040624,0.000361,426.660116
0.902448,0.085005,-0.170217,216.789338
0.148224,0.040617,-0.008221,406.922267
0.299273,0.032920,-0.028412,370.431132
0.458854,0.020911,-0.056261,331.035416
0.339439,0.056439,-0.034786,360.596748
0.469405,0.033518,-0.058341,328.399070
0.756453,0.000473,-0.129364,254.997560
0.409235,0.089969,-0.046877,343.376167
0.464384,0.022503,-0.057347,329.654382
0.334980,0.075898,-0.034057,361.690300
0.558179,0.001983,-0.078388,305.997034
0.133441,0.000114,-0.006122,410.465303
0.017067,0.087267,0.004521,437.985671
0.084196,0.012498,-0.001448,422.160177
0.078493,0.057716,-0.000896,423.509188
0.052317,0.028785,0.001530,429.695035
0.831211,0.000973,-0.149613,235.519867
0.617630,0.070395,-0.090757,290.956808
-0.000500,0.093109,-0.000866,441.983503
0.535194,0.064309,-0.071991,311.875614
0.520862,0.030822,-0.068917,315.489173
0.452262,0.024173,-0.054976,332.680078
0.095688,0.098330,-0.003408,419.412895
0.352427,0.097697,-0.034927,357.483978
0.530337,0.090732,-0.070943,313.099508
0.978582,0.040302,-0.190592,196.849232
0.788723,0.010566,-0.135719,246.764941
0.180103,0.069861,-0.011988,399.283484
0.793193,0.005946,-0.137004,245.596295
0.000153,0.096357,0.000265,441.851144
0.012256,0.007819,0.004903,439.117358
0.172694,0.067044,-0.011089,401.061673
0.682771,0.072116,-0.106909,274.255682
0.766498,0.049686,-0.129413,252.564444
0.694231,0.060579,-0.109873,271.302010
0.829431,0.055967,-0.147638,236.089919
0.486327,0.055500,-0.061741,324.162755
0.089708,0.044858,-0.001989,420.852695
0.213141,0.065705,-0.016170,391.332454
0.695814,0.062350,-0.110285,270.893680
0.264521,0.038150,-0.023240,378.894772
0.722443,0.010494,-0.117325,264.011887
0.207526,0.075144,-0.015439,392.686036
0.929934,0.007971,-0.179118,209.475188
0.245993,0.001232,-0.018272,383.469614
0.191937,0.069653,-0.013453,396.439789
0.108886,0.048316,-0.003934,416.299572
0.247435,0.042862,-0.020812,383.041080
0.960078,0.045741,-0.189140,201.415328
0.010902,0.082975,0.005011,439.432037
0.897672,0.067079,-0.168692,218.058545
0.227654,0.023100,-0.018097,387.829725
0.357114,0.073037,-0.037726,356.251313
0.947043,0.098802,-0.180897,205.212501
0.220784,0.093064,-0.017178,389.486879
0.154548,0.031810,-0.008947,405.410155
0.145948,0.061546,-0.007962,407.465423
0.496330,0.089202,-0.063786,321.653155
0.513651,0.009928,-0.067392,317.304693
0.409762,0.070277,-0.046973,343.246198
-0.001321,0.042450,-0.002288,442.151741
-0.000196,0.004503,-0.000339,441.925155
0.165093,0.040004,-0.010181,402.884943
0.044424,0.041539,0.002228,431.554948
0.096846,0.076677,-0.002702,419.158403
0.598005,0.029191,-0.086120,295.960371
0.194295,0.086290,-0.013749,395.871973
0.048897,0.028406,0.001834,430.501429
0.525987,0.067655,-0.070010,314.196792
0.018440,0.000343,-0.000234,437.579325
0.372966,0.069780,-0.040433,352.345717
0.646798,0.098472,-0.100437,283.341495
0.243366,0.053458,-0.020245,384.026561
0.373435,0.065136,-0.040514,352.230197
0.978374,0.094156,-0.190951,196.867364
0.923729,0.087477,-0.177091,211.126162
0.968049,0.053441,-0.191835,199.278478
0.724396,0.070856,-0.117850,263.503390
0.214571,0.002537,-0.014288,391.054453
0.186900,0.071963,-0.012825,397.650771
0.959018,0.045192,-0.188783,201.699301
0.549631,0.022099,-0.075143,308.231036
0.382964,0.054642,-0.042174,349.878327
0.378229,0.027263,-0.041346,351.048702
0.888578,0.086776,-0.165808,220.470649
0.169366,0.076323,-0.010689,401.859451
0.693156,0.078565,-0.109594,271.578620
0.896467,0.063163,-0.168308,218.378624
0.586139,0.064485,-0.083368,298.976524
0.289433,0.091389,-0.026915,372.829692
0.167205,0.099638,-0.009143,402.412854
0.799377,0.019307,-0.138793,243.977242
0.407693,0.039371,-0.046596,343.760323
0.807341,0.024965,-0.141111,241.890505
0.040273,0.058351,0.002588,432.532068
0.190081,0.012116,-0.013222,396.888202
0.477090,0.006671,-0.059875,326.478025
0.980301,0.085589,-0.187613,196.679187
0.109666,0.045803,-0.004015,416.114230
0.724683,0.099675,-0.120851,263.237985
0.604875,0.076716,-0.087731,294.208992
0.323055,0.014089,-0.032135,364.616040
0.056965,0.046649,0.001113,428.597786
0.134052,0.081032,-0.006630,410.305053
0.183542,0.069773,-0.012410,398.457558
0.920728,0.031794,-0.176112,211.928103
0.464865,0.064155,-0.057442,329.532415
0.518355,0.053001,-0.068386,316.119244
0.165410,0.097661,-0.008969,402.841824
0.575716,0.054416,-0.080983,301.623408
0.979378,0.064532,-0.189213,196.770356
0.978821,0.040408,-0.190178,196.825803
0.174954,0.027379,-0.011362,400.521133
0.717533,0.098841,-0.118948,265.090080
0.281573,0.038010,-0.025738,374.746985
-0.000038,0.086468,-0.000066,441.890185
0.587904,0.043156,-0.083775,298.528856
0.153798,0.041652,-0.008860,405.589289
0.477546,0.002192,-0.059857,326.369234
0.665170,0.086574,-0.102429,278.782817
0.406703,0.018504,-0.046415,344.006582
0.181813,0.089005,-0.012197,398.872240
0.558657,0.047320,-0.077143,305.946742
0.355430,0.009192,-0.037442,356.668039
0.652528,0.036788,-0.099263,282.029789
0.898509,0.037859,-0.168958,217.837536
0.899190,0.008321,-0.169175,217.657843
0.356589,0.009349,-0.037638,356.382833
0.877114,0.066543,-0.162207,223.508828
0.559759,0.029482,-0.077388,305.668730
0.425072,0.024203,-0.049800,339.448220
0.756223,0.022037,-0.126544,255.241600
0.092264,0.082976,-0.002243,420.245118
0.217707,0.042779,-0.016771,390.231604
0.283062,0.009566,-0.025960,374.385393
0.467872,0.086635,-0.058037,328.780301
0.979241,0.000008,-0.189450,196.786291
0.714474,0.067703,-0.115198,266.072167
0.765953,0.009437,-0.129260,252.708160
0.125456,0.052245,-0.005691,412.355665
0.297799,0.069867,-0.028186,370.789622
0.733858,0.024049,-0.120405,261.052467
0.190728,0.091032,-0.013302,396.729577
0.968510,0.080406,-0.191992,199.153580
0.926748,0.026245,-0.178075,210.324042
0.236229,0.088685,-0.019261,385.753207
0.219885,0.050745,-0.017059,389.705622
0.978329,0.006668,-0.191029,196.875300
0.536602,0.020731,-0.072296,311.521958
0.441822,0.025043,-0.052965,335.281655
0.392358,0.086914,-0.043834,347.555369
0.616973,0.086327,-0.090600,291.123819
0.313321,0.084699,-0.030593,366.996162
0.135428,0.073023,-0.006782,409.977023
0.341477,0.070375,-0.035121,360.095804
0.101548,0.042670,-0.003179,418.043414
0.045070,0.043710,0.002171,431.402794
0.419054,0.091568,-0.048681,340.940193
0.177197,0.056649,-0.011633,399.981657
0.854627,0.021188,-0.155253,229.454443
0.461877,0.098334,-0.056461,330.296209
0.242581,0.030936,-0.020137,384.217490
-0.000000,0.100000,-0.000000,441.882006
0.000336,0.006905,0.000582,441.817474
0.402770,0.077469,-0.045702,344.978741
0.086303,0.089567,-0.001653,421.658221
0.830920,0.001246,-0.149534,235.595801
0.256606,0.016218,-0.022106,380.817766
0.225596,0.089447,-0.017820,388.324609
0.947175,0.020594,-0.184817,204.870093
0.682883,0.034186,-0.106938,274.228300
0.229355,0.093586,-0.018326,387.415892
0.040099,0.001306,-0.000776,432.507060
0.063414,0.020344,0.000523,427.076234
0.525311,0.038561,-0.069866,314.368196
0.743399,0.010868,-0.123006,258.576259
0.602725,0.052998,-0.087225,294.757665
0.654833,0.075500,-0.099837,281.436985
0.355430,0.016459,-0.037442,356.667821
0.397387,0.008653,-0.044733,346.314014
0.106764,0.081159,-0.003714,416.802713
0.474373,0.064259,-0.059331,327.155390
0.397604,0.014598,-0.044772,346.260060
0.238252,0.018181,-0.019539,385.266195
0.733609,0.037483,-0.120337,261.116516
0.882849,0.035557,-0.164003,221.991408
0.194066,0.080603,-0.013721,395.927144
0.680527,0.008149,-0.106332,274.836201
0.839488,0.055541,-0.150656,233.443745
0.768031,0.012389,-0.129843,252.166495
0.339467,0.013128,-0.034791,360.591495
0.459359,0.047882,-0.056360,330.908152
0.196631,0.019820,-0.014045,395.312192
0.820101,0.093293,-0.144865,238.540072
0.704135,0.097728,-0.115394,268.557487
0.197239,0.099807,-0.012284,395.218050
0.394377,0.099976,-0.042701,347.119233
0.438826,0.075513,-0.052394,336.025751
0.565510,0.086169,-0.078676,304.209825
0.010324,0.021862,0.005055,439.569736
0.433759,0.094108,-0.051432,337.286020
0.287029,0.081924,-0.026553,373.415944
0.109670,0.093359,-0.004015,416.111613
0.216342,0.086034,-0.016590,390.559405
0.217622,0.098068,-0.014655,390.315964
0.621541,0.028606,-0.091693,289.960115
0.198183,0.033608,-0.014242,394.938324
0.600442,0.072961,-0.086690,295.338080
0.635559,0.023495,-0.095085,286.377137
0.368876,0.034421,-0.039728,353.355678
0.800861,0.097533,-0.141371,243.434820
0.201659,0.034866,-0.014685,394.101116
0.978013,0.062355,-0.191578,196.904057
0.509452,0.067626,-0.066511,318.358347
0.672543,0.055244,-0.104295,276.888626
0.182229,0.099856,-0.010661,398.817929
0.814249,0.085104,-0.143138,240.076643
0.711358,0.057449,-0.114371,266.878572
0.830118,0.048754,-0.147843,235.909568
0.886372,0.029669,-0.165111,221.057827
0.716974,0.091258,-0.115864,265.424478
0.078166,0.076933,-0.000864,423.585905
0.554910,0.040569,-0.076310,306.895433
0.194447,0.005899,-0.013769,395.838386
0.171779,0.007535,-0.010979,401.283548
0.729514,0.093958,-0.119229,262.176198
0.514057,0.017737,-0.067478,317.202322
0.095352,0.009762,-0.002552,419.515473
0.050415,0.076905,0.001700,430.141840
0.978702,0.070991,-0.190383,196.836176
0.130387,0.045473,-0.006228,411.180663
0.750509,0.026034,-0.124962,256.727751
0.765881,0.098194,-0.131905,252.542674
0.013710,0.033913,0.004788,438.775329
0.683747,0.040152,-0.107160,274.005512
0.131854,0.090153,-0.006388,410.829038
0.681102,0.039688,-0.106480,274.686743
0.054373,0.033093,0.001346,429.209992
0.507186,0.028498,-0.066037,318.929487
0.370748,0.055431,-0.040050,352.893182
0.321243,0.047739,-0.031846,365.058555
0.207977,0.061311,-0.015498,392.578021
0.002656,0.065760,0.005651,441.365066
0.373471,0.035967,-0.040520,352.222508
0.709495,0.091426,-0.113878,267.359062
0.622908,0.052934,-0.092021,289.610007
0.880360,0.098655,-0.162953,222.668456
0.163878,0.006564,-0.010038,403.177436
0.516799,0.021696,-0.068056,316.512203
0.379262,0.029826,-0.041526,350.793559
0.228477,0.088283,-0.018208,387.628328
0.879696,0.012541,-0.163013,222.827467
0.068488,0.087381,0.000053,425.874656
0.850273,0.071163,-0.153925,230.600991
0.306968,0.064644,-0.029600,368.550393
0.450570,0.018118,-0.054648,333.102213
0.528967,0.098468,-0.071483,313.401295
0.912120,0.073871,-0.173324,214.217962
0.285795,0.080972,-0.026368,373.716829
0.651595,0.085484,-0.099032,282.267084
0.797811,0.032264,-0.138339,244.386743
0.455478,0.016855,-0.055601,331.877988
0.377375,0.069835,-0.041197,351.257716
0.442246,0.084545,-0.053047,335.173761
0.251356,0.081357,-0.021362,382.088822
0.124272,0.046919,-0.005563,412.637966
0.088497,0.083611,-0.001869,421.138277
0.951305,0.078691,-0.186196,203.762849
0.297522,0.006646,-0.028144,370.859696
0.218968,0.089427,-0.016937,389.925429
0.919588,0.046384,-0.175742,212.231289
0.751436,0.078878,-0.125219,256.484434
0.780030,0.035157,-0.133236,249.035215
0.741095,0.046509,-0.122376,259.173220
0.042550,0.002561,-0.000854,431.932059
0.261448,0.038293,-0.022797,379.641429
0.796507,0.079837,-0.137962,244.725994
0.225429,0.011098,-0.017799,388.367923
0.245926,0.039231,-0.020601,383.406937
0.581345,0.066400,-0.082267,300.194171
0.947007,0.062605,-0.184762,204.913095
0.121118,0.016087,-0.005225,413.390327
0.127612,0.015388,-0.005925,411.843222
0.109801,0.011287,-0.004030,416.083359
0.978681,0.084078,-0.190419,196.837697
0.250917,0.051315,-0.021301,382.196485
0.491745,0.075529,-0.062845,322.803866
0.543496,0.035946,-0.073797,309.780922
0.852515,0.008868,-0.154608,230.012110
0.227640,0.045941,-0.018095,387.832118
0.458476,0.065496,-0.056187,331.127883
0.085209,0.089737,-0.001546,421.917452
0.465959,0.015517,-0.057658,329.261045
-0.000867,0.077893,-0.001501,442.058362
0.925460,0.026349,-0.177654,210.667409
0.860724,0.099957,-0.157629,227.804099
0.065255,0.036806,0.000353,426.640670
0.357891,0.075345,-0.037857,356.059972
0.119613,0.000515,-0.005045,413.749819
-0.000014,0.012457,-0.000025,441.888192
0.264472,0.097426,-0.020822,378.987164
0.380014,0.013697,-0.041658,350.608465
0.874133,0.027112,-0.161276,224.299524
0.176252,0.053737,-0.011519,400.208748
0.063250,0.016141,0.000538,427.115105
0.879417,0.069275,-0.162927,222.898967
0.677915,0.067362,-0.105664,275.506133
0.201699,0.018414,-0.014690,394.092219
0.349162,0.099971,-0.034348,358.287586
0.409724,0.058280,-0.046966,343.256158
0.939106,0.031395,-0.182139,207.026040
0.889101,0.002888,-0.165318,220.385280
0.158893,0.043874,-0.009452,404.369789
0.764152,0.093166,-0.128756,253.174188
0.583773,0.063334,-0.082824,299.577678
0.473065,0.063822,-0.059070,327.482813
0.872690,0.040299,-0.160827,224.680811
0.606671,0.071582,-0.088154,293.751556
0.875153,0.002185,-0.161543,224.034408
0.020327,0.070488,0.004257,437.221244
0.272341,0.058465,-0.024376,376.993211
0.077692,0.083506,-0.000818,423.697646
0.498736,0.022108,-0.064282,321.051961
0.038310,0.075250,0.002757,432.993578
0.537037,0.001415,-0.073370,311.361750
0.735430,0.043417,-0.120832,260.643847
0.948307,0.002750,-0.181235,204.885355
0.426876,0.097204,-0.049143,339.041868
0.047824,0.019784,0.001929,430.754618
0.434249,0.098843,-0.050653,337.203408
0.413518,0.002670,-0.046453,342.370548
0.935796,0.010237,-0.181046,207.910789
0.272759,0.091028,-0.024437,376.890275
0.141250,0.071897,-0.007431,408.587426
0.761932,0.011812,-0.128134,253.755615
0.255314,0.078832,-0.021922,381.128897
0.946128,0.057846,-0.184469,205.148419
0.350534,0.042738,-0.036622,357.871214
0.187781,0.000713,-0.011249,397.491204
0.377303,0.048311,-0.041185,351.276460
0.036079,0.001765,-0.000653,433.449709
0.262546,0.030789,-0.022955,379.375050
0.761255,0.032721,-0.127945,253.931148
0.154324,0.062998,-0.008921,405.462498
0.503876,0.002718,-0.065721,319.743473
0.906108,0.078784,-0.171389,215.816673
0.743846,0.098446,-0.125977,258.267768
0.877315,0.041696,-0.162269,223.456783
0.393385,0.022339,-0.044018,347.303805
0.258071,0.020573,-0.022314,380.461997
0.706014,0.019106,-0.112958,268.261686
0.705040,0.031303,-0.112702,268.512661
0.332672,0.008147,-0.033683,362.258981
0.101223,0.065052,-0.003145,418.119734
0.028235,0.018026,0.003607,435.365493
0.933509,0.062700,-0.180294,208.518899
0.045602,0.028014,0.002124,431.277971
0.396112,0.001167,-0.043036,346.692881
0.178026,0.094075,-0.011734,399.781279
0.117822,0.080158,-0.004872,414.172762
0.196464,0.059903,-0.014023,395.351012
0.488083,0.093725,-0.062098,323.721254
0.809751,0.019817,-0.141816,241.258941
0.573053,0.059224,-0.080378,302.298727
0.041281,0.058247,0.002501,432.294591
0.439749,0.025050,-0.052570,335.797955
0.323680,0.019588,-0.032235,364.462909
0.036250,0.019831,0.002932,433.480398
0.813492,0.002299,-0.144800,240.144480
0.063978,0.023275,0.000471,426.942775
0.710480,0.026835,-0.114138,267.106798
-0.000081,0.083740,-0.000141,441.899055
0.588488,0.060608,-0.083910,298.379731
0.317934,0.029255,-0.031321,365.869419
0.083059,0.024125,-0.001337,422.429257
0.305994,0.002013,-0.027090,368.878189
0.112293,0.075936,-0.004289,415.488323
0.503536,0.052806,-0.065277,319.845496
0.443657,0.085000,-0.053317,334.822351
0.026567,0.012174,0.003745,435.757580
0.746157,0.055169,-0.123764,257.857874
0.057639,0.056996,0.001052,428.438368
-0.000158,0.077702,-0.000274,441.914873
0.453803,0.007449,-0.055275,332.296343
0.250466,0.073693,-0.021237,382.305084
0.343521,0.015634,-0.035458,359.595768
0.064257,0.077106,0.000446,426.874961
0.300574,0.071359,-0.028612,370.112046
-0.000000,0.100000,-0.000000,441.882006
0.278861,0.008838,-0.025336,375.408416
0.762481,0.023631,-0.128288,253.612323
0.246070,0.034341,-0.020622,383.372213
0.192467,0.028576,-0.013520,396.313918
0.319963,0.058639,-0.031642,365.371722
0.395606,0.092009,-0.044414,346.751631
0.751267,0.097379,-0.127970,256.340982
0.123242,0.078932,-0.005452,412.882182
0.979553,0.066093,-0.188909,196.753116
0.896747,0.099938,-0.167384,218.380383
0.421886,0.061312,-0.049207,340.238260
0.980378,0.041296,-0.187481,196.673516
0.769893,0.041030,-0.130367,251.680041
0.873538,0.002052,-0.161105,224.456912
0.193618,0.055428,-0.013664,396.035842
0.772098,0.031112,-0.130989,251.105359
0.454786,0.002725,-0.054948,332.075536
0.651483,0.045429,-0.099004,282.297602
0.979014,0.093462,-0.189843,196.804725
0.160029,0.069517,-0.009585,404.096781
0.386762,0.022449,-0.042843,348.941368
0.788718,0.022984,-0.135718,246.765827
0.206948,0.002779,-0.013389,392.888621
0.056311,0.098521,-0.001365,428.696509
0.600690,0.052626,-0.086748,295.275881
0.151455,0.099356,-0.007666,406.172451
0.261033,0.092888,-0.022737,379.740118
0.584186,0.058525,-0.082919,299.472865
0.004600,0.081918,0.005502,440.908933
0.400810,0.020437,-0.045349,345.466177
0.944657,0.069306,-0.183980,205.541222
0.979241,0.099992,-0.189450,196.782264
0.309782,0.002551,-0.027697,367.952150
0.600435,0.023477,-0.086688,295.341888
0.020741,0.038576,0.004223,437.125151
0.591563,0.055303,-0.084621,297.598053
0.093277,0.015662,-0.002345,420.007529
0.919912,0.078036,-0.175848,212.143586
0.283715,0.097835,-0.023636,374.308938
0.509495,0.018849,-0.066520,318.349519
0.737408,0.085009,-0.121371,260.128675
0.012660,0.055619,0.004872,439.020820
0.150370,0.060478,-0.008466,406.408487
0.130612,0.054739,-0.006252,411.126454
0.597305,0.059030,-0.085957,296.137335
0.238661,0.032341,-0.019595,385.166853
0.815555,0.043722,-0.143522,239.735509
0.095137,0.015553,-0.002531,419.566243
0.565668,0.031959,-0.078711,304.171857
0.569829,0.041055,-0.079649,303.117008
0.255920,0.002354,-0.019623,381.065279
0.397722,0.099737,-0.043347,346.289900
0.612815,0.014397,-0.089609,292.187658
0.043896,0.007457,0.002273,431.680755
0.372265,0.043854,-0.040311,352.519652
0.889814,0.072297,-0.166198,220.143585
0.571785,0.008208,-0.080091,302.622373
0.078284,0.099777,-0.002399,423.522700
0.154588,0.064780,-0.008951,405.399312
0.226205,0.009152,-0.017903,388.180498
0.645878,0.026045,-0.097616,283.735076
0.804948,0.029365,-0.140413,242.517712
0.451920,0.097147,-0.054341,332.789017
0.023230,0.057968,0.004021,436.539805
0.718917,0.090575,-0.116383,264.921517
0.975702,0.031307,-0.194440,197.225426
0.425123,0.061813,-0.049810,339.434242
0.055238,0.047417,0.001268,429.005239
0.301529,0.079030,-0.028759,369.878567
0.149041,0.051194,-0.008314,406.726630
0.855947,0.037512,-0.155658,229.105253
0.104650,0.077175,-0.003496,417.305260
0.623004,0.064936,-0.092045,289.584951
0.122523,0.075761,-0.005375,413.053581
0.860515,0.029862,-0.157060,227.899622
0.539948,0.062460,-0.073023,310.675638
0.911299,0.090778,-0.173060,214.435782
0.219948,0.083533,-0.017067,389.689089
0.224552,0.032513,-0.017681,388.578975
0.719379,0.023780,-0.116505,264.804736
0.959635,0.063473,-0.188991,201.533245
0.719215,0.065766,-0.116462,264.845450
0.331884,0.036951,-0.033555,362.451356
0.834600,0.025959,-0.149185,234.731570
0.622876,0.009207,-0.092013,289.619904
0.259007,0.071911,-0.022447,380.232869
0.000537,0.075016,0.000930,441.774251
0.197301,0.047131,-0.014130,395.149901
0.081297,0.001048,-0.002563,422.815693
0.142948,0.092376,-0.007622,408.181021
0.307441,0.026829,-0.029674,368.436178
0.095011,0.007545,-0.002518,419.596463
0.532658,0.044494,-0.071443,312.515948
0.092972,0.021293,-0.002314,420.079512
0.445402,0.002136,-0.052969,334.422371
0.598637,0.082139,-0.086268,295.797309
0.866456,0.100028,-0.159184,226.305205
0.070070,0.039279,-0.000096,425.502373
0.342520,0.079643,-0.035293,359.839140
0.455481,0.091636,-0.055602,331.874249
0.814014,0.063274,-0.143069,240.139038
0.293950,0.099449,-0.025197,371.814710
0.910260,0.000257,-0.171029,214.847491
0.680199,0.021020,-0.106248,274.920034
0.422503,0.071505,-0.049321,340.084561
0.278995,0.043808,-0.025355,375.374370
0.770358,0.009191,-0.130498,251.560102
0.403820,0.001021,-0.044537,344.780361
0.865017,0.085583,-0.158449,226.707968
0.090477,0.080471,-0.002065,420.668985
0.000168,0.034938,0.000292,441.850362
0.746243,0.092285,-0.123788,257.833923
0.080304,0.033372,-0.001070,423.081374
0.499735,0.024730,-0.064489,320.801120
0.503943,0.076692,-0.065361,319.742419
0.172940,0.006836,-0.011119,401.004961
0.357898,0.032959,-0.037858,356.059892
0.208545,0.066487,-0.015571,392.440818
0.128603,0.008788,-0.006033,411.607290
0.347233,0.034798,-0.036072,358.682831
0.163085,0.016377,-0.009944,403.366918
0.519895,0.016664,-0.068712,315.733252
0.303581,0.057727,-0.029075,369.378224
0.282601,0.098540,-0.023469,374.580255
0.141379,0.000082,-0.006783,408.576808
0.247288,0.033175,-0.020792,383.077081
0.045034,0.015363,0.002174,431.412289
0.429156,0.091755,-0.050565,338.430761
0.487823,0.032992,-0.062045,323.788882
0.084420,0.026207,-0.001470,422.106589
0.001272,0.046228,0.002202,441.626742
0.043097,0.037965,0.002343,431.867683
0.697491,0.054915,-0.110723,270.461206
0.499452,0.014299,-0.064430,320.872582
0.210254,0.007457,-0.015794,392.031087
0.299924,0.001698,-0.026128,370.360651
0.146044,0.028399,-0.007973,407.443667
0.324233,0.028185,-0.032323,364.326933
0.763312,0.011845,-0.128520,253.396216
0.164074,0.087368,-0.010060,403.127504
0.038605,0.066169,0.002732,432.924392
0.473440,0.042414,-0.059145,327.389821
0.620868,0.007826,-0.091531,290.132921
0.433853,0.076018,-0.051450,337.263133
-0.000000,0.100000,-0.000000,441.882006
0.504100,0.054928,-0.065394,319.703717
0.244907,0.037849,-0.020460,383.653804
0.916439,0.092864,-0.174721,213.067810
0.792637,0.045962,-0.136845,245.740015
0.920068,0.058278,-0.175898,212.102912
0.851421,0.037948,-0.154275,230.299425
0.488301,0.055899,-0.062142,323.668149
0.567635,0.082671,-0.079154,303.671595
0.156640,0.065234,-0.009189,404.908283
0.398788,0.034590,-0.044985,345.966251
0.284832,0.033137,-0.026224,373.953354
0.279760,0.075575,-0.025468,375.187069
0.355012,0.032689,-0.037372,356.770184
0.390863,0.100049,-0.042026,347.990224
0.134868,0.014592,-0.006721,410.112942
0.979893,0.072296,-0.188321,196.719634
0.871332,0.000350,-0.160507,225.034054
0.445325,0.098052,-0.052953,334.437882
0.090472,0.061264,-0.002065,420.670947
0.553672,0.066684,-0.076036,307.207578
0.311575,0.020643,-0.030319,367.425675
0.829890,0.059542,-0.147775,235.969259
0.625020,0.016621,-0.092529,289.072014
0.554208,0.001519,-0.077437,307.006040
0.179301,0.064994,-0.011890,399.476257
0.093165,0.002001,-0.003252,420.012971
0.876747,0.082251,-0.162092,223.605513
0.391942,0.041453,-0.043760,347.660033
0.867870,0.088076,-0.159331,225.953590
0.235951,0.018177,-0.019224,385.823179
0.508277,0.033109,-0.066265,318.655047
0.736500,0.015110,-0.121123,260.367247
0.979433,0.018151,-0.189117,196.766770
0.471278,0.008849,-0.058714,327.931888
0.661881,0.027681,-0.101600,279.630035
0.834114,0.091794,-0.149040,234.856843
0.672085,0.054841,-0.104178,277.006450
0.038866,0.032703,0.002709,432.864145
0.525795,0.009265,-0.069969,314.247347
0.111794,0.098018,-0.004480,415.600308
0.920727,0.018848,-0.176111,211.928925
0.146414,0.045772,-0.008015,407.354631
0.140577,0.022497,-0.007356,408.750011
0.238652,0.077589,-0.019594,385.167303
0.979241,0.099992,-0.189450,196.782264
0.277011,0.016716,-0.025062,375.858351
0.438171,0.080416,-0.052269,336.188587
0.652063,0.098294,-0.101791,281.987985
0.670003,0.072779,-0.103650,277.541209
0.002414,0.073340,0.005670,441.421436
0.552449,0.066472,-0.075765,307.516690
-0.000033,0.017727,-0.000057,441.891698
0.442475,0.061931,-0.053090,335.117718
0.415176,0.052000,-0.047966,341.904140
0.353722,0.092003,-0.037155,357.085030
0.148002,0.087863,-0.008195,406.973552
0.340206,0.077299,-0.034912,360.407624
0.123562,0.034508,-0.005487,412.807547
0.724958,0.011031,-0.118000,263.360381
0.938170,0.030496,-0.181830,207.276003
0.133427,0.092868,-0.006561,410.453676
0.275001,0.000504,-0.022342,376.433130
0.218530,0.065240,-0.016879,390.032072
0.183357,0.011893,-0.012388,398.504402
0.641909,0.100001,-0.099183,284.597863
0.443529,0.008068,-0.053292,334.857303
0.274490,0.081603,-0.024691,376.469486
0.328557,0.000967,-0.030792,363.354089
0.409789,0.000756,-0.045712,343.297735
0.469399,0.001474,-0.058082,328.414267
0.433416,0.088495,-0.051367,337.371561
0.318006,0.017425,-0.031332,365.852275
0.160003,0.047022,-0.009582,404.104008
0.212669,0.001521,-0.014061,391.512375
0.533837,0.006616,-0.071697,312.220132
0.666713,0.066747,-0.102818,278.387143
0.581560,0.059464,-0.082317,300.139852
0.104935,0.000569,-0.004005,417.228878
0.804338,0.017314,-0.140235,242.677824
0.309548,0.027565,-0.030002,367.921002
0.861378,0.024427,-0.157325,227.671942
0.979722,0.059119,-0.188616,196.736851
0.329933,0.079572,-0.033239,362.928011
0.434424,0.054952,-0.051558,337.121995
0.007871,0.030161,0.005247,440.144510
0.112413,0.001360,-0.004523,415.457334
0.060727,0.057561,0.000770,427.709228
0.442072,0.039333,-0.053013,335.219069
0.410994,0.000923,-0.045951,342.998168
0.201660,0.039873,-0.014685,394.100894
0.217734,0.050298,-0.016774,390.224843
0.979241,0.099992,-0.189450,196.782264
0.358158,0.093012,-0.037902,355.993490
0.840690,0.042395,-0.151018,233.127686
-0.000716,0.028278,-0.001240,442.029588
-0.001120,0.035671,-0.001940,442.111257
0.824520,0.037832,-0.146175,237.381548
0.121131,0.025939,-0.005226,413.386994
0.652383,0.062619,-0.099227,282.066141
0.196898,0.078662,-0.014078,395.245855
0.251852,0.018917,-0.021432,381.971025
0.548116,0.068026,-0.074810,308.612351
0.041473,0.059775,0.002484,432.249528
0.259428,0.054756,-0.022508,380.131228
0.183219,0.098293,-0.010765,398.580882
0.125915,0.034143,-0.005741,412.246881
0.006921,0.031588,0.005321,440.367049
0.553275,0.021259,-0.075948,307.309624
0.329799,0.075365,-0.033217,362.961021
0.973671,0.069448,-0.193748,197.769234
0.375807,0.023721,-0.040925,351.646452
0.159306,0.029705,-0.009501,404.271548
0.528902,0.056909,-0.070635,313.462550
0.771671,0.002171,-0.133468,251.040534
-0.000828,0.093908,-0.001434,442.049891
0.794161,0.001674,-0.139554,245.184815
0.595269,0.081606,-0.085482,296.654554
0.333825,0.081874,-0.033870,361.973347
0.227399,0.048504,-0.018063,387.890423
0.810149,0.030512,-0.141933,241.154190
-0.000581,0.013288,-0.001007,442.002912
0.158753,0.045018,-0.009436,404.403399
0.137081,0.066433,-0.006966,409.582733
0.608948,0.038453,-0.088692,293.172745
0.848712,0.051435,-0.153450,231.013358
0.735422,0.099326,-0.123719,260.453782
0.297220,0.091535,-0.028098,370.930023
-0.000000,0.100000,-0.000000,441.882006
0.979241,0.000008,-0.189450,196.786291
0.000815,0.053521,0.001412,441.718821
-0.000082,0.058281,-0.000143,441.900228
0.706931,0.097559,-0.116134,267.834213
0.000758,0.062938,0.001313,441.729986
0.323712,0.075355,-0.032240,364.452764
0.333698,0.078256,-0.033849,362.004632
0.978966,0.016600,-0.189926,196.812565
0.163786,0.006065,-0.010027,403.199388
0.196644,0.068384,-0.014046,395.307230
0.702005,0.092073,-0.111905,269.294275
0.362172,0.016872,-0.038582,355.008260
0.481775,0.022961,-0.060819,325.304361
0.744354,0.097386,-0.126113,258.135871
0.979241,0.000008,-0.189450,196.786291
0.314108,0.015251,-0.030717,366.806300
0.911247,0.098551,-0.171296,214.584919
0.663473,0.098121,-0.104740,279.051488
0.426859,0.092389,-0.050134,339.001668
0.230279,0.087353,-0.018451,387.192663
0.171447,0.045966,-0.010939,401.361651
0.052100,0.099504,-0.001198,429.686120
0.493549,0.092260,-0.063215,322.350739
0.275571,0.046467,-0.024850,376.207820
0.305875,0.024421,-0.029431,368.818883
0.139239,0.081978,-0.007206,409.067088
0.194191,0.025220,-0.013737,395.899313
0.042087,0.035239,0.002431,432.105634
0.774260,0.025067,-0.131599,250.541583
0.363925,0.061491,-0.038881,354.574652
0.586982,0.001353,-0.085385,298.663454
0.252613,0.091791,-0.021539,381.783660
0.061010,0.002696,-0.001564,427.595006
0.221392,0.031535,-0.017259,389.342409
0.411381,0.060630,-0.047269,342.845152
0.150788,0.062258,-0.008514,406.308494
0.279566,0.048153,-0.025440,375.235367
0.135269,0.014665,-0.006765,410.017199
0.587363,0.060215,-0.083650,298.665544
0.346028,0.062905,-0.035872,358.978061
0.180758,0.018799,-0.012068,399.128189
0.367353,0.080784,-0.039467,353.729141
0.868035,0.087743,-0.159382,225.909987
0.098836,0.046821,-0.002903,418.687127
0.650714,0.033911,-0.098813,282.495277
0.045276,0.007266,0.002153,431.355661
0.980550,0.030011,-0.187183,196.657166
0.923178,0.045566,-0.176910,211.274686
0.394901,0.098660,-0.042802,346.989426
0.357988,0.083985,-0.037873,356.035833
0.481803,0.072381,-0.060824,325.295603
0.230101,0.074865,-0.018427,387.236122
0.823876,0.066383,-0.145984,237.549754
0.659554,0.060235,-0.101017,280.226186
0.278194,0.039825,-0.025237,375.569749
0.456149,0.091926,-0.055732,331.707685
0.815730,-0.000009,-0.145407,239.560799
0.597329,0.062919,-0.085962,296.131011
0.673129,0.089164,-0.104444,276.736531
0.409133,0.091930,-0.046858,343.401395
0.359233,0.000318,-0.036145,355.810883
0.556999,0.057956,-0.076774,306.366065
0.091446,0.081517,-0.002161,420.439344
0.855335,0.099605,-0.156167,229.212971
0.485280,0.093580,-0.061528,324.423647
0.601809,0.053837,-0.087011,294.990790
0.767413,0.022839,-0.129669,252.327254
0.238116,0.082584,-0.019520,385.296703
0.341423,0.044199,-0.035112,360.110007
0.502988,0.067016,-0.065163,319.982547
0.525935,0.080707,-0.069999,314.209326
0.025530,0.024800,0.003831,436.000726
0.614172,0.076292,-0.089932,291.838873
0.285837,0.035420,-0.026375,373.708356
0.733950,0.016210,-0.120430,261.028782
0.431169,0.009291,-0.050944,337.933270
0.832062,0.063859,-0.148425,235.397634
0.483322,0.040213,-0.061131,324.916228
0.333040,0.029807,-0.033742,362.167901
0.094748,0.045156,-0.002491,419.657351
0.785533,0.087161,-0.134806,247.595724
0.267745,0.014439,-0.023706,378.112347
0.167288,0.062227,-0.010442,402.358140
0.807611,0.035996,-0.141190,241.819489
0.820527,0.006133,-0.144990,238.431927
0.257188,0.057190,-0.022188,380.674897
0.009623,0.082569,0.005111,439.731944
0.002477,0.050926,0.005664,441.407482
0.675095,0.085854,-0.104945,276.230922
0.717141,0.061450,-0.115908,265.382296
0.048160,0.043727,0.001900,430.674526
0.123954,0.092750,-0.005528,412.711966
0.910195,0.047880,-0.172703,214.731211
0.374467,0.012963,-0.040693,351.977533
0.456843,0.073858,-0.055868,331.535164
0.077057,0.014007,-0.000759,423.850604
0.523621,0.046020,-0.069505,314.793805
0.605935,0.027698,-0.087981,293.940947
0.451887,0.079129,-0.054903,332.771451
0.298569,0.048546,-0.028304,370.602523
0.154298,0.008371,-0.008919,405.470914
0.734871,0.078434,-0.120680,260.787391
0.441664,0.068982,-0.052935,335.319355
0.117379,0.093454,-0.004825,414.277674
0.739945,0.070281,-0.122062,259.470815
0.386012,0.033503,-0.042710,349.126098
0.052572,0.057121,0.001508,429.633758
0.174791,0.022592,-0.011342,400.560392
0.469816,0.048581,-0.058423,328.295788
0.942522,0.088594,-0.183272,206.110904
-0.001197,0.046387,-0.002073,442.126374
0.255375,0.001249,-0.019548,381.197438
0.123158,0.049953,-0.005443,412.903190
0.005538,0.038658,0.005429,440.690789
0.141050,0.026459,-0.007409,408.636732
0.628646,0.063788,-0.093406,288.143397
0.387117,0.010525,-0.042905,348.853984
0.979642,0.068106,-0.188755,196.744321
0.362869,0.062402,-0.038701,354.834717
0.082420,0.014572,-0.001275,422.580974
0.496571,0.008528,-0.063836,321.595834
0.599331,0.029594,-0.086430,295.622712
0.674604,0.024022,-0.104819,276.359842
0.825642,0.017720,-0.146508,237.087495
0.433632,0.065173,-0.051408,337.318751
0.228855,0.065699,-0.018259,387.537699
0.251979,0.008432,-0.021450,381.940666
0.264412,0.040837,-0.023224,378.921334
0.978763,0.045973,-0.190278,196.831269
0.565975,0.032033,-0.078780,304.094145
0.086573,0.049250,-0.001680,421.595774
0.021655,0.071312,0.004149,436.909356
0.102691,0.099840,-0.003855,417.756231
0.333773,0.092724,-0.033861,361.985840
0.306859,0.072640,-0.029583,368.576727
0.978784,0.036098,-0.190242,196.829607
0.601258,0.098153,-0.088917,295.014055
0.242628,0.041164,-0.020143,384.205683
0.048722,0.086181,0.001851,430.540582
0.676430,0.050358,-0.105285,275.888852
0.618303,0.066735,-0.090917,290.785245
-0.001434,0.047995,-0.002484,442.174410
0.300662,0.083197,-0.028625,370.090113
0.195066,0.031995,-0.013847,395.688502
0.469705,0.099034,-0.058149,328.333591
0.451807,0.050261,-0.054888,332.792356
0.441351,0.026480,-0.052875,335.399070
0.535597,0.052367,-0.072078,311.774308
0.000419,0.006780,0.000726,441.800622
0.920468,0.000389,-0.173776,212.175005
0.656318,0.054163,-0.100207,281.057011
0.353750,0.022158,-0.037160,357.080920
0.035367,0.042933,0.003008,433.687256
0.003891,0.015598,0.005555,441.077533
0.296474,0.029173,-0.027984,371.114541
0.180699,0.009568,-0.012061,399.142798
0.474120,0.046284,-0.059281,327.219435
0.317304,0.002483,-0.028921,366.111449
0.247286,0.072483,-0.020791,383.075910
0.758058,0.081688,-0.127055,254.761465
0.438369,0.086208,-0.052307,336.139026
0.266835,0.060770,-0.023574,378.331609
0.517614,0.008267,-0.068229,316.307523
0.193524,0.032849,-0.013653,396.059352
0.514813,0.015199,-0.067637,317.012106
0.017638,0.018895,0.004474,437.854192
0.318188,0.033869,-0.031361,365.807183
0.254747,0.014980,-0.021842,381.268777
0.001138,0.024450,0.001972,441.654503
0.129686,0.033059,-0.006151,411.348047
-0.000000,0.100000,-0.000000,441.882006
0.944945,0.063601,-0.184076,205.464502
0.064983,0.098459,-0.001742,426.656550
0.000716,0.032966,0.001240,441.739671
-0.000676,0.048454,-0.001171,442.020851
0.079732,0.022864,-0.001015,423.217036
0.591530,0.091602,-0.084614,297.605037
0.668344,0.069432,-0.103230,277.967883
0.105267,0.020911,-0.003560,417.160828
0.604705,0.063206,-0.087691,294.252962
0.191022,0.006083,-0.013339,396.662259
0.021271,0.031630,0.004180,437.000855
0.774811,0.052192,-0.131756,250.396668
0.955957,0.021436,-0.187754,202.520044
0.500188,0.032001,-0.064582,320.687171
-0.001212,0.031552,-0.002099,442.129927
0.033389,0.088114,0.003176,434.150853
0.170753,0.002115,-0.009492,401.568348
0.980291,0.075029,-0.187631,196.680605
0.464225,0.080019,-0.057316,329.691856
0.279616,0.041396,-0.025447,375.223304
0.430749,0.099666,-0.049934,338.076433
0.309769,0.068740,-0.030037,367.865346
0.636986,0.072921,-0.095433,286.010107
0.749564,0.002405,-0.127512,256.786977
0.053895,0.023236,0.001389,429.322938
0.820946,0.090257,-0.145115,238.318440
0.901423,0.038877,-0.169888,217.063378
0.372424,0.097236,-0.038554,352.552097
0.170957,0.057991,-0.010880,401.478612
0.025718,0.025855,0.003816,435.956705
0.211480,0.058717,-0.015953,391.733517
0.214892,0.073315,-0.016400,390.909801
0.405116,0.018771,-0.046127,344.399866
0.872441,0.061921,-0.160750,224.745922
0.276667,0.090481,-0.025011,375.939297
0.302155,0.010784,-0.028856,369.728335
0.320723,0.025654,-0.031763,365.186858
0.703300,0.088613,-0.112245,268.959991
0.789774,0.077453,-0.136022,246.487375
0.035393,0.087396,0.003006,433.679497
0.505453,0.001674,-0.066079,319.345735
0.150163,0.053110,-0.008442,406.458111
0.232506,0.043441,-0.018754,386.655699
0.339609,0.055276,-0.034814,360.554938
0.816520,0.085984,-0.143807,239.480453
0.664355,0.085624,-0.102223,278.992114
0.065285,-0.000057,-0.001755,426.589115
0.401488,0.019481,-0.045471,345.298289
0.616129,0.073675,-0.090398,291.339760
0.355897,0.080587,-0.037521,356.550481
0.000987,0.016502,0.001710,441.685312
0.027831,0.057890,0.003641,435.458895
0.794837,0.053563,-0.137480,245.163988
0.196520,0.092769,-0.014030,395.336242
0.027280,0.084427,0.003687,435.587329
0.979241,0.099992,-0.189450,196.782264
0.976183,0.007644,-0.194604,197.097392
0.869684,0.066955,-0.159893,225.474943
0.707872,0.061699,-0.113449,267.779693
0.913463,0.099797,-0.171892,214.004939
0.461711,0.056326,-0.056821,330.320507
0.109802,0.091242,-0.004029,416.080212
0.055418,0.002487,-0.001329,428.910091
0.412036,0.012864,-0.047389,342.684601
0.133438,0.025154,-0.006563,410.453561
0.980653,0.057941,-0.187004,196.645916
0.968968,0.045183,-0.192147,199.032057
0.547298,0.012139,-0.074630,308.821182
0.706014,0.052074,-0.112959,268.260144
0.061379,0.016495,0.000710,427.556951
0.463838,0.033595,-0.057240,329.790249
0.355553,0.023742,-0.037463,356.637393
0.208798,0.061306,-0.015604,392.380061
0.626573,0.027534,-0.092904,288.674693
0.723994,0.057957,-0.117742,263.608159
0.530474,0.063754,-0.070973,313.066055
0.106005,0.055278,-0.003636,416.984105
0.938261,0.068444,-0.181861,207.250152
0.630462,0.024454,-0.093845,287.680916
0.009332,0.090746,0.005134,439.799786
0.547560,0.056635,-0.074688,308.753218
0.335850,0.013696,-0.034199,361.479283
0.176275,0.024364,-0.011522,400.204178
0.841499,0.097359,-0.152409,232.828717
0.865824,0.032266,-0.158697,226.496853
0.036712,0.041071,0.002893,433.370981
0.213016,0.013639,-0.016154,391.364669
0.940319,0.022218,-0.182540,206.702283
0.189017,0.049452,-0.013088,397.142631
0.161546,0.084585,-0.009763,403.732942
0.630619,0.087909,-0.093884,287.638210
0.795077,0.097485,-0.139803,244.942272
0.488538,0.051498,-0.062190,323.608875
0.057048,0.063592,0.001105,428.577661
0.853162,0.058061,-0.154806,229.839389
0.252200,0.064331,-0.021481,381.884825
0.621959,0.047079,-0.091793,289.852697
-0.000000,0.100000,-0.000000,441.882006
-0.000591,0.095588,-0.001024,442.001913
0.881962,0.099810,-0.163386,222.249268
0.792941,0.075848,-0.136933,245.659169
0.063889,0.055426,0.000480,426.962712
0.646941,0.000768,-0.100473,283.308725
0.278318,0.093772,-0.025255,375.537481
0.007258,0.039774,0.005295,440.287893
0.036117,0.057830,0.002944,433.510295
0.606716,0.054288,-0.088165,293.740915
0.207980,0.052543,-0.015498,392.577497
0.707688,0.050057,-0.113400,267.827646
0.850141,0.059893,-0.153885,230.636325
0.102173,0.032888,-0.003243,417.895374
0.564522,0.049706,-0.078454,304.461664
0.114100,0.068739,-0.004479,415.058897
0.182450,0.027012,-0.012276,398.721698
0.317448,0.020666,-0.031244,365.988824
0.935223,0.048986,-0.180858,208.062185
0.640385,0.082633,-0.096265,285.139727
0.090476,0.021240,-0.002066,420.671526
0.181365,0.064631,-0.012142,398.980655
0.626613,0.059386,-0.092914,288.663298
0.754016,0.099766,-0.128708,255.626822
0.361321,0.042748,-0.038438,355.216606
0.192201,0.071948,-0.013486,396.376123
0.969714,0.065146,-0.192401,198.831153
0.978955,0.020602,-0.189946,196.813505
0.052224,0.092068,0.001540,429.714550
0.510457,0.038343,-0.066721,318.106910
0.788234,0.015874,-0.135579,246.892589
0.107135,0.082353,-0.003752,416.714436
0.980476,0.044580,-0.187311,196.663795
0.468502,0.021237,-0.058162,328.625391
0.213550,0.091753,-0.016223,391.232819
0.443123,0.019784,-0.053214,334.958044
0.340890,0.074513,-0.035024,360.239759
0.213886,0.024696,-0.016268,391.154470
0.011391,0.005891,0.004971,439.320163
0.473874,0.064196,-0.059231,327.280440
0.979383,0.021037,-0.189204,196.771587
0.480874,0.063447,-0.060637,325.528497
0.978942,0.016578,-0.189968,196.814903
0.815750,0.031327,-0.143579,239.684792
0.651984,0.084981,-0.099128,282.167493
0.243082,0.071255,-0.020206,384.094778
0.884914,0.038566,-0.164652,221.443890
0.145043,0.001508,-0.007100,407.704275
0.800960,0.072929,-0.139253,243.560435
0.175409,0.023437,-0.011417,400.412008
0.118272,0.019769,-0.004921,414.067911
0.979957,0.081021,-0.188209,196.713006
