0.174312,0.070814,-0.007670,438.462504
0.212663,0.056359,-0.010918,429.429097
0.495134,0.035775,-0.046571,361.372079
0.157914,0.058446,-0.006396,442.310447
0.749919,0.030898,-0.096819,297.639488
0.145901,0.055735,-0.005507,445.123713
0.719684,0.034591,-0.089938,305.321516
0.428914,0.015548,-0.036345,377.569538
0.919492,0.054851,-0.140108,253.944992
0.438871,0.090786,-0.037809,375.141840
0.209018,0.042547,-0.010593,430.290178
0.278503,0.090750,-0.017377,413.805231
0.461900,0.067538,-0.041295,369.518888
0.350912,0.089453,-0.025773,396.455497
0.936264,0.087975,-0.144830,249.565585
0.006712,0.078212,0.002109,477.368393
0.470725,0.058620,-0.042667,367.359295
0.546758,0.033241,-0.055347,348.640887
0.379493,0.025789,-0.029463,389.560090
0.436266,0.004035,-0.037424,375.778809
0.183475,0.062637,-0.008411,436.308901
0.168714,0.017720,-0.007228,439.778260
0.256638,0.081019,-0.015108,419.009744
0.229453,0.093480,-0.012459,425.457922
0.517811,0.078341,-0.050339,355.789821
0.333551,0.022353,-0.023637,400.632850
0.867760,0.060895,-0.126049,267.385392
0.658448,0.093969,-0.076766,320.779808
0.723334,0.021463,-0.090755,304.396344
0.922282,0.045369,-0.140888,253.217678
0.809874,0.080609,-0.111209,282.308446
0.372140,0.019724,-0.028494,391.337167
0.318639,0.092723,-0.021863,404.209944
0.387213,0.082394,-0.030496,387.691075
0.141173,0.055108,-0.005167,446.229452
0.153550,0.088526,-0.006068,443.332378
0.901342,0.078856,-0.135090,258.671004
0.071042,0.020166,-0.000797,462.546345
0.001645,0.039878,0.002292,478.531152
0.553380,0.089313,-0.056523,346.999884
0.534294,0.036273,-0.053163,351.723083
0.634173,0.086955,-0.071826,326.872160
0.779594,0.092554,-0.103817,290.066730
0.452713,0.030805,-0.039887,371.765204
0.054376,0.028949,0.000057,466.399517
0.184194,0.022126,-0.008471,436.140509
0.232324,0.057541,-0.012730,424.779022
0.006450,0.056151,0.002118,477.428976
0.424663,0.037332,-0.035728,378.603574
0.467387,0.082906,-0.042146,368.175838
0.209527,0.065829,-0.010638,430.169563
0.536659,0.009651,-0.053574,351.139249
0.168638,0.088319,-0.007221,439.794425
0.194726,0.068161,-0.009352,433.660020
0.969507,0.006205,-0.154424,240.858070
0.984942,0.043488,-0.157677,236.893538
0.730727,0.032226,-0.092422,302.519697
0.324634,0.069681,-0.022569,402.772755
0.714429,0.050318,-0.088768,306.653204
0.861307,0.007529,-0.124348,269.056342
0.448038,0.086865,-0.039180,372.905578
0.641554,0.005922,-0.073311,325.024041
0.618084,0.087709,-0.068639,330.898395
0.341514,0.080632,-0.024607,398.717555
0.478721,0.035639,-0.043929,365.400443
0.048775,0.031684,0.000328,467.692564
0.268729,0.009514,-0.016348,416.135583
0.000217,0.098508,0.000375,478.841217
0.946273,0.074771,-0.147685,246.947978
0.253864,0.005025,-0.014829,419.670653
0.056102,0.012824,-0.000028,466.001355
0.282469,0.088375,-0.017801,412.859616
0.460615,0.035553,-0.041096,369.833856
0.696651,0.050182,-0.084864,311.151747
0.175278,0.091551,-0.007747,438.235186
0.052748,0.070292,0.000137,466.774704
0.713544,0.012293,-0.088571,306.878334
0.205732,0.037350,-0.010303,431.065904
0.572812,0.053662,-0.060044,342.180458
0.230136,0.051075,-0.012523,425.297323
0.595913,0.092715,-0.064361,336.431825
0.488461,0.067007,-0.045488,363.010190
0.962479,0.031157,-0.152369,242.702055
0.009658,-0.000037,-0.000069,476.676584
0.525752,0.061715,-0.051690,353.831765
0.378944,0.064658,-0.029390,389.691989
0.287500,0.083963,-0.018346,411.659064
0.393784,0.030123,-0.031387,386.101060
0.242688,0.097458,-0.013725,422.321442
0.409106,0.091885,-0.033510,382.383528
0.302680,0.065814,-0.020029,408.032339
0.048176,0.052135,0.000357,467.830174
0.263759,0.096129,-0.015833,417.316172
0.089634,0.082749,-0.001833,458.235352
0.145625,0.087294,-0.005487,445.187525
0.025164,0.024339,0.001383,473.131829
0.631109,0.090758,-0.071213,327.639514
0.898079,0.019170,-0.134197,259.521050
0.778848,0.014771,-0.103638,290.259318
0.650075,0.072756,-0.075044,322.884137
0.112549,0.030382,-0.003232,452.909250
0.145972,0.083822,-0.005512,445.106402
0.744578,0.045204,-0.095585,298.998682
0.276895,0.087231,-0.017206,414.188487
0.916703,0.048879,-0.139331,254.672174
0.348594,0.000033,-0.025020,397.029499
0.059967,0.077335,-0.000221,465.106773
0.368208,0.015366,-0.027981,392.286794
0.266085,0.029939,-0.016073,416.764414
0.675700,0.030354,-0.080374,316.439344
0.013742,0.041909,0.001842,475.756145
0.082729,0.031850,-0.001438,459.838422
0.698567,0.057685,-0.085281,310.667103
0.024723,0.011638,0.001401,473.233498
0.772182,0.085883,-0.102047,291.960858
0.607090,0.094184,-0.066501,333.644381
0.123082,0.079781,-0.003919,450.453538
0.468187,0.038531,-0.042270,367.981166
0.288154,0.008980,-0.018418,411.504745
0.730038,0.043207,-0.092266,302.694332
0.199334,0.020600,-0.009747,432.575295
0.659376,0.070048,-0.076958,320.547303
0.806504,0.090820,-0.110373,283.173365
0.579328,0.096632,-0.061248,340.560002
0.114556,0.067383,-0.003360,452.440877
0.823358,0.051360,-0.114582,278.843665
0.707809,0.019493,-0.087304,308.330413
0.355853,0.038333,-0.026396,395.266303
0.399740,0.044525,-0.032205,384.657146
0.156355,0.038882,-0.006279,442.676227
0.341588,0.056452,-0.024616,398.700329
0.972398,0.025438,-0.155273,240.098363
0.035998,0.089798,0.000917,470.636843
0.039804,0.026967,0.000745,469.761458
0.500082,0.062383,-0.047382,360.155215
0.897818,0.024409,-0.134125,259.588922
0.979452,0.068301,-0.157357,238.242981
0.349511,0.074977,-0.025598,396.793215
0.106198,0.093113,-0.002830,454.386075
0.254142,0.075543,-0.014857,419.603083
0.942739,0.053246,-0.146673,247.873263
0.465866,0.055673,-0.041909,368.548795
0.474477,0.072812,-0.043257,366.439835
0.690235,0.007725,-0.083476,312.773488
0.722986,0.062058,-0.090678,304.483432
0.785941,0.043510,-0.105345,288.444217
0.552630,0.034708,-0.056390,347.187043
0.923678,0.044469,-0.141279,252.853475
0.439411,0.045969,-0.037889,375.011210
0.000376,0.068777,0.000651,478.807687
0.428581,0.014871,-0.036297,377.650676
0.219333,0.049500,-0.011522,427.853240
0.324234,0.081465,-0.022522,402.868354
0.609357,0.032191,-0.066939,333.080021
0.696780,0.021281,-0.084892,311.119917
0.966569,0.012423,-0.153563,241.629261
0.734605,0.075539,-0.093303,301.533546
0.259042,0.091347,-0.015351,418.438095
0.491312,0.042448,-0.045950,362.310699
0.724148,0.089478,-0.090939,304.187971
0.532300,0.078141,-0.052818,352.214573
0.209587,0.099221,-0.010003,430.168015
0.537783,0.099449,-0.054253,350.839165
0.217064,0.082917,-0.011315,428.388890
0.526210,0.059328,-0.051769,353.718802
0.198626,0.095226,-0.009685,432.740335
0.207543,0.055873,-0.010462,430.638093
0.329166,0.067701,-0.023109,401.685102
0.438146,0.029232,-0.037702,375.320128
0.115839,0.022711,-0.003444,452.142992
0.367998,0.014565,-0.027954,392.337582
0.233265,0.067813,-0.012819,424.555886
0.121408,0.097635,-0.003808,450.843494
0.583890,0.070041,-0.062097,339.426091
0.939658,0.078217,-0.145795,248.678357
0.534925,0.083675,-0.053273,351.565972
0.902813,0.025324,-0.135492,258.289936
0.073282,0.087816,-0.000916,462.026213
-0.000397,0.035847,-0.000688,478.974584
0.182536,0.019170,-0.008335,436.530635
0.259130,0.007264,-0.015361,418.419166
0.402953,0.081936,-0.032650,383.877030
0.100211,0.092891,-0.002461,455.778319
0.790715,0.051268,-0.106502,287.222077
0.816031,0.056173,-0.112743,280.727432
0.084809,0.063512,-0.001555,459.355378
0.053335,0.017457,0.000108,466.640170
-0.000116,0.097368,-0.000201,478.912785
0.152237,0.036531,-0.005972,443.641012
0.408122,0.046758,-0.033372,382.623605
0.304743,0.081214,-0.020263,407.538552
0.745156,0.098990,-0.096714,298.794900
0.256811,0.070036,-0.015125,418.968866
0.327853,0.096024,-0.022952,401.999445
0.235782,0.015823,-0.013059,423.960640
0.161849,0.020142,-0.006696,441.388851
0.652301,0.043363,-0.075500,322.325799
0.656202,0.025513,-0.076302,321.346064
0.039954,0.083557,0.000739,469.725559
0.713191,0.033128,-0.088493,306.967079
0.199536,0.001019,-0.009151,432.540460
0.175014,0.010941,-0.007726,438.298907
0.536814,0.005689,-0.053601,351.100983
0.788682,0.026039,-0.106009,287.743196
0.715214,0.026996,-0.088942,306.454767
0.741263,0.018502,-0.094823,299.842629
0.390378,0.056842,-0.030924,386.925418
0.585549,0.063185,-0.062407,339.013400
0.495964,0.040052,-0.046707,361.167882
0.254795,0.069113,-0.014922,419.448053
0.713826,0.026189,-0.088634,306.806396
0.732796,0.054612,-0.092892,301.993679
0.927454,0.060424,-0.142340,251.867415
0.946007,0.099807,-0.146710,247.079104
0.712050,0.085809,-0.088241,307.254794
0.481033,0.034645,-0.044297,364.833710
0.515680,0.089144,-0.049979,356.314860
0.042942,0.074173,0.000602,469.037074
0.138149,0.030744,-0.004953,446.937051
0.736670,0.009227,-0.093773,301.010364
0.774108,0.012412,-0.102505,291.470756
0.637319,0.063072,-0.072457,326.084437
0.311414,0.000236,-0.020436,405.959301
0.926955,0.073370,-0.142199,251.997378
0.479389,0.048453,-0.044035,365.236499
0.607079,0.059142,-0.066499,333.648035
0.960356,0.068254,-0.151752,243.258120
0.782806,0.058911,-0.104589,289.245951
0.078442,0.066382,-0.001198,460.831422
0.071763,0.010091,-0.000836,462.379767
0.425880,0.026280,-0.035904,378.307754
0.323339,0.050554,-0.022416,403.083723
0.580376,0.013174,-0.061442,340.301403
0.578265,0.065929,-0.061051,340.824966
0.029999,0.077885,0.001179,472.018319
0.822716,0.095648,-0.114420,279.007800
0.026588,0.022874,0.001323,472.804438
0.822773,0.018494,-0.114434,278.995131
0.156584,0.069177,-0.006296,442.621880
0.573265,0.038957,-0.060128,342.068238
0.474435,0.014522,-0.043251,366.451477
0.580972,0.069234,-0.061553,340.151939
0.042757,0.000850,-0.000614,469.068323
0.566028,0.083393,-0.058804,343.864020
0.235858,0.092535,-0.013066,423.940838
0.381699,0.015775,-0.029757,389.026981
0.266562,0.003646,-0.016123,416.651349
0.881417,0.004919,-0.129687,263.847903
0.357868,0.023810,-0.026652,394.781047
0.045223,0.040764,0.000496,468.511703
0.606854,0.032877,-0.066456,333.704715
0.424561,0.016547,-0.035713,378.628916
0.585329,0.034765,-0.062366,339.068949
0.380104,0.075901,-0.029544,389.411227
0.136907,0.085076,-0.004865,447.225882
0.956375,0.070457,-0.150596,244.301940
0.631780,0.067019,-0.071347,327.472151
0.705522,0.089443,-0.086801,308.907407
0.497535,0.013672,-0.046964,360.782446
0.850029,0.057566,-0.121404,271.969474
0.421014,0.041881,-0.035202,379.491174
-0.000207,0.092081,-0.000359,478.932501
0.854526,0.048266,-0.122573,270.808133
0.710569,0.040190,-0.087913,307.630950
0.535068,0.036314,-0.053298,351.531731
0.491811,0.053901,-0.046030,362.187876
0.461516,0.031788,-0.041235,369.613536
0.423945,0.048648,-0.035624,378.778170
0.889708,0.099951,-0.131904,261.695085
0.077484,0.051209,-0.001146,461.053856
0.515435,0.038279,-0.049938,356.376405
0.523504,0.036437,-0.051306,354.386938
0.898102,0.096932,-0.134203,259.513183
0.514828,0.013431,-0.049836,356.526593
0.477541,0.069672,-0.043742,365.688852
0.213350,0.063193,-0.010980,429.266717
0.289786,0.063287,-0.018596,411.113990
0.778709,0.048986,-0.103605,290.293874
0.787209,0.012181,-0.105652,288.120685
0.583193,0.055435,-0.061967,339.599742
0.822098,0.098884,-0.114914,279.127044
0.510736,0.086383,-0.049149,357.532841
0.422549,0.033995,-0.035423,379.118044
0.025057,0.063192,0.001388,473.155642
0.959658,0.095667,-0.151549,243.440600
0.001515,0.051230,0.002297,478.560567
0.362958,0.055537,-0.027303,393.552831
0.006714,0.065926,0.002109,477.368197
0.075528,0.084739,-0.001038,461.506151
0.363235,0.064273,-0.027338,393.485760
0.316704,0.054337,-0.021637,404.674689
0.053518,0.030124,0.000099,466.597803
0.412320,0.073174,-0.033963,381.603653
0.334355,0.060276,-0.023734,400.438920
0.429425,0.046567,-0.036419,377.444442
0.192588,0.060272,-0.009171,434.163947
0.013245,0.084786,0.001862,475.869166
0.174756,0.091485,-0.007705,438.357786
0.924447,0.099297,-0.140973,252.686746
0.050636,0.010686,0.000239,467.263472
0.230872,0.088319,-0.012592,425.122201
0.122244,0.020591,-0.003864,450.650321
0.199061,0.081482,-0.009722,432.638265
0.677013,0.057319,-0.080652,316.107774
0.638629,0.058508,-0.072721,325.756037
0.462507,0.087933,-0.041388,369.369889
0.596257,0.059962,-0.064427,336.346894
0.949900,0.000241,-0.147755,246.067650
0.067154,0.012147,-0.000592,463.446373
0.298402,0.093830,-0.019549,409.054648
0.845055,0.080883,-0.120116,273.252807
0.128355,0.005530,-0.004275,449.225012
0.838330,0.021088,-0.118386,274.988882
0.789968,0.067180,-0.106321,287.412783
0.146000,0.056785,-0.005514,445.100366
0.601681,0.026968,-0.065461,334.995548
0.320813,0.062332,-0.022118,403.689537
0.319996,0.039132,-0.022022,403.885809
0.051406,0.012152,0.000201,467.085781
0.039972,0.047662,0.000738,469.722105
0.377666,0.016117,-0.029221,390.002157
0.805136,0.099259,-0.110796,283.478716
0.805666,0.030687,-0.110166,283.389881
0.065821,0.003405,-0.000522,463.754922
0.865920,0.004729,-0.125562,267.862881
0.281841,0.050934,-0.017734,413.010081
0.001366,0.010272,0.002302,478.595620
0.530992,0.066291,-0.052592,352.537946
0.111710,0.016315,-0.003178,453.104822
0.060578,0.099580,-0.001102,464.955217
0.146626,0.027063,-0.005560,444.954697
0.570815,0.083689,-0.059678,342.675588
0.262562,0.057484,-0.015710,417.601853
0.224280,0.028100,-0.011977,426.683808
0.985148,0.100011,-0.157320,236.868030
0.542326,0.031119,-0.054565,349.737515
0.033595,0.045368,0.001023,471.191365
0.955464,0.019258,-0.150332,244.541906
0.815277,0.099997,-0.113251,280.878145
0.066839,0.059936,-0.000575,463.518224
0.353899,0.025516,-0.026149,395.737367
0.053552,0.081011,0.000098,466.588625
0.481466,0.095626,-0.044366,364.726015
0.430887,0.067754,-0.036633,377.087863
0.418634,0.040319,-0.034861,380.070052
0.490723,0.096886,-0.045854,362.454040
0.197717,0.056990,-0.009607,432.955603
0.592782,0.091095,-0.063768,337.212074
0.875149,0.011289,-0.128010,265.472901
0.798203,0.087214,-0.108330,285.302696
0.536996,0.082476,-0.053633,351.054255
0.519952,0.072903,-0.050702,355.262056
0.365867,0.056178,-0.027677,392.850868
0.618110,0.000368,-0.069493,330.854053
0.728377,0.040933,-0.091891,303.116132
0.227292,0.000000,-0.011584,425.986448
0.957927,0.087512,-0.151046,243.894648
0.322959,0.097329,-0.022371,403.173959
0.173834,0.064822,-0.007632,438.575024
0.653432,0.039399,-0.075732,322.041628
0.890584,0.099825,-0.132129,261.468489
0.280175,0.005523,-0.017556,413.408386
0.580801,0.012837,-0.061521,340.195912
0.128270,0.000802,-0.004121,449.247206
0.503762,0.075658,-0.047989,359.249593
0.090612,0.069718,-0.001890,458.008563
0.340124,0.072874,-0.024436,399.051991
0.763313,0.080808,-0.099948,294.224895
0.316537,0.079885,-0.021618,404.714051
0.519456,0.016462,-0.050618,355.385787
0.958551,0.029763,-0.151227,243.732370
0.482778,0.041392,-0.044575,364.405439
0.456260,0.035981,-0.040428,370.898493
0.300045,0.095759,-0.019733,408.661849
0.016924,0.061632,0.001718,475.024914
0.273906,0.004198,-0.016890,414.902659
0.219443,0.070299,-0.011531,427.826739
0.647133,0.052602,-0.074443,323.623083
0.367869,0.090747,-0.027937,392.366818
0.058519,0.081388,-0.000148,465.441325
0.214805,0.051649,-0.011111,428.923324
0.008540,0.071961,0.002041,476.949321
0.863719,0.006173,-0.124982,268.432332
0.140467,0.058865,-0.005117,446.394537
0.048570,0.093871,0.000339,467.738475
0.017760,0.034129,0.001684,474.833420
0.670181,0.069362,-0.079211,317.828533
0.072237,0.037408,-0.000861,462.269447
0.774686,0.044310,-0.102643,291.322220
0.236967,0.086695,-0.013172,423.678263
0.453737,0.059168,-0.040043,371.514324
0.307685,0.027946,-0.020598,406.835492
0.206373,0.053709,-0.010359,430.914225
0.650177,0.013421,-0.075065,322.859978
0.201065,0.017094,-0.009896,432.167230
0.008059,0.093761,0.002059,477.059235
0.548839,0.020915,-0.055715,348.126248
0.395811,0.084519,-0.031664,385.608807
0.048872,0.030792,0.000323,467.670096
0.428377,0.036602,-0.036267,377.699807
0.390549,0.039102,-0.030947,386.884513
0.278755,0.024204,-0.017404,413.746628
0.356290,0.000920,-0.026018,395.174867
0.516590,0.099396,-0.050503,356.075277
0.858233,0.055359,-0.123542,269.850070
0.626251,0.045926,-0.070248,328.856838
0.583766,0.099784,-0.062781,339.424508
0.546912,0.095539,-0.055374,348.601438
0.089966,0.064994,-0.001852,458.158809
0.114491,0.061309,-0.003356,452.456227
0.022951,0.034799,0.001474,473.640470
0.254990,0.090465,-0.014942,419.401115
0.131837,0.099307,-0.004329,448.412898
0.069804,0.078576,-0.000730,462.831595
0.240152,0.008276,-0.013479,422.925032
0.083826,0.095826,-0.001499,459.582546
0.775330,0.022046,-0.102796,291.158276
0.054006,0.065509,0.000076,466.484275
0.210776,0.054037,-0.010749,429.874858
0.212035,0.065293,-0.010862,429.577354
0.166982,0.084766,-0.007092,440.183281
0.177473,0.065180,-0.007923,437.720046
0.203504,0.040490,-0.010108,431.591423
0.392422,0.024821,-0.031202,386.431136
0.489518,0.095266,-0.045659,362.750006
0.779493,0.050608,-0.103793,290.093499
0.390135,0.044844,-0.030891,386.984544
0.542037,0.027874,-0.054515,349.809276
0.160092,0.085073,-0.006561,441.799355
0.141434,0.085009,-0.005185,446.167794
0.221113,0.044187,-0.011685,427.432427
0.781862,0.087666,-0.104362,289.486669
0.666355,0.067755,-0.078410,318.791820
0.161600,0.024694,-0.006677,441.447214
0.306361,0.023635,-0.020447,407.152569
0.587862,0.047322,-0.062840,338.438308
0.429058,0.035144,-0.036366,377.533972
0.292687,0.043433,-0.018915,410.421613
0.014686,0.006364,0.001805,475.539957
0.715258,0.087705,-0.088952,306.442222
0.519597,0.084594,-0.050641,355.349439
0.985552,0.075964,-0.156621,236.821394
0.147259,0.074609,-0.005605,444.805477
0.589035,0.028532,-0.063061,338.146741
0.870531,0.097631,-0.126783,266.666968
0.925860,0.030747,-0.141891,252.284445
0.357558,0.090942,-0.026612,394.854226
0.224569,0.081278,-0.012003,426.614051
0.395768,0.075327,-0.031659,385.619361
0.938309,0.068465,-0.145410,249.031552
0.001459,0.092592,0.002300,478.572475
0.554318,0.014466,-0.056691,346.769375
0.075074,0.075700,-0.001014,461.611502
0.973724,0.003336,-0.155664,239.750428
0.708390,0.087558,-0.087432,308.181451
0.512770,0.054653,-0.049490,357.032602
0.084417,0.019211,-0.001534,459.447344
0.743955,0.023362,-0.095442,299.157660
0.599825,0.037964,-0.065106,335.457958
0.160978,0.014406,-0.006629,441.593133
0.856692,0.000095,-0.123494,270.227189
0.771033,0.018642,-0.101773,292.255910
0.419228,0.087894,-0.034946,379.924481
0.257956,0.036430,-0.015241,418.697671
0.073239,0.049939,-0.000915,462.037167
0.732109,0.008120,-0.092736,302.169147
0.294179,0.006109,-0.019080,410.066059
-0.000026,0.075186,-0.000045,478.893894
0.004350,0.079056,0.002196,477.910191
0.742650,0.099912,-0.096142,299.432231
0.543865,0.052453,-0.054836,349.356399
0.670301,0.069703,-0.079236,317.798267
0.669804,0.057453,-0.079132,317.923820
0.761061,0.099262,-0.100374,294.744433
0.360022,0.024067,-0.026927,394.261670
0.399913,0.067722,-0.032229,384.614671
0.183118,0.077787,-0.008382,436.392388
0.152895,0.062999,-0.006020,443.486214
0.495213,0.082451,-0.046584,361.351507
0.322319,0.038740,-0.022296,403.328738
0.632220,0.057701,-0.071435,327.362105
0.136326,0.028573,-0.004825,447.362930
0.569086,0.013735,-0.059361,343.106753
0.149031,0.028526,-0.005735,444.391751
0.267653,0.065596,-0.016235,416.390444
0.413112,0.070921,-0.034075,381.411193
0.426150,0.093469,-0.035943,378.240568
0.196712,0.099986,-0.008918,433.203492
0.225258,0.088620,-0.012067,426.450974
0.131446,0.016571,-0.004486,448.503083
0.161030,0.029121,-0.006633,441.580795
0.961185,0.024950,-0.151992,243.041780
0.569126,0.086914,-0.059369,343.094864
0.887585,0.096106,-0.131348,262.245291
0.098219,0.084725,-0.002341,456.241583
0.274270,0.047178,-0.016928,414.814905
0.703196,0.067166,-0.086291,309.496519
0.960040,0.020415,-0.151659,243.342342
0.315606,0.095932,-0.021509,404.936977
0.528475,0.091946,-0.052158,353.158873
0.810642,0.061547,-0.111399,282.111905
0.733071,0.033694,-0.092954,301.924394
0.234111,0.080495,-0.012899,424.355067
0.047560,0.082194,0.000386,467.971744
0.882844,0.060117,-0.130070,263.476562
0.861241,0.006625,-0.124330,269.073540
0.861460,0.023004,-0.124388,269.016327
0.661380,0.067564,-0.077374,320.043290
0.004983,0.014595,0.002172,477.766318
0.681343,0.018541,-0.081571,315.017137
0.733047,0.012634,-0.092948,301.930942
0.226921,0.044872,-0.012222,426.058324
0.034911,0.000286,-0.000442,470.875036
0.584553,0.028825,-0.062221,339.262141
0.590473,0.077868,-0.063332,337.787300
0.007782,0.088277,0.002069,477.122826
0.176181,0.027632,-0.007820,438.024444
0.900191,0.041027,-0.134774,258.971421
0.578401,0.078004,-0.061076,340.791075
0.177572,0.016566,-0.007932,437.697831
0.864943,0.038875,-0.125305,268.114820
0.497672,0.092836,-0.046986,360.746903
0.118589,0.009487,-0.003623,451.502453
0.206004,0.021586,-0.010327,431.002059
0.019291,0.089931,0.001624,474.480434
0.347213,0.069282,-0.025312,397.346622
0.971155,0.021480,-0.154908,240.425000
0.557262,0.053922,-0.057219,346.038851
0.554558,0.005162,-0.056734,346.709992
0.215603,0.084638,-0.011182,428.733972
0.290118,0.077501,-0.018632,411.034387
0.436764,0.034122,-0.037497,375.656816
0.626584,0.023079,-0.070314,328.774060
0.420308,0.083662,-0.035100,379.661965
0.753413,0.056143,-0.097631,296.749120
0.041209,0.053772,0.000682,469.436982
0.391646,0.068441,-0.031096,386.618273
0.646877,0.092471,-0.074391,323.686467
0.525659,0.070144,-0.051675,353.854474
0.137355,0.030330,-0.004897,447.122623
0.130482,0.069701,-0.004419,448.727078
0.153581,0.056294,-0.006071,443.325714
0.106952,0.073851,-0.002877,454.210947
0.287373,0.070685,-0.018332,411.689834
0.075853,0.028794,-0.001057,461.432152
0.124229,0.029803,-0.003996,450.187099
0.693221,0.065138,-0.084121,312.017904
0.451258,0.089933,-0.039666,372.119328
0.714023,0.029048,-0.088678,306.756357
0.109424,0.058603,-0.003033,453.635978
0.891369,0.042374,-0.132371,261.264081
0.420088,0.054944,-0.035069,379.716104
0.578548,0.055183,-0.061103,340.754847
0.737682,0.039322,-0.094004,300.752418
0.072759,0.020924,-0.000889,462.148756
0.105871,0.035192,-0.002810,454.463448
0.341684,0.030708,-0.024628,398.677682
0.552407,0.051245,-0.056350,347.241915
0.506840,0.025054,-0.048499,358.493487
0.479471,0.094257,-0.044048,365.215110
0.261089,0.046397,-0.015560,417.952411
0.701197,0.053720,-0.085854,310.002376
0.871737,0.031710,-0.127103,266.356184
0.118286,0.099321,-0.003564,451.571701
0.564389,0.079990,-0.058506,344.270832
0.537220,0.017721,-0.053672,351.000460
0.783461,0.053383,-0.104747,289.078693
0.667772,0.066273,-0.078706,318.435117
0.641340,0.038780,-0.073268,325.076850
0.332914,0.003698,-0.023560,400.786301
0.337416,0.024995,-0.024106,399.704078
0.627269,0.027542,-0.070450,328.602458
0.235749,0.024783,-0.013056,423.968335
0.402527,0.038212,-0.032591,383.981404
0.342573,0.035802,-0.024737,398.463874
0.537178,0.021947,-0.053665,351.010610
0.872881,0.051920,-0.127407,266.059515
0.426681,0.046695,-0.036020,378.112449
0.184921,0.075250,-0.008530,435.968335
0.144074,0.062255,-0.005375,445.550824
0.707221,0.056126,-0.087175,308.478221
0.563989,0.042377,-0.058433,344.370990
0.705393,0.095284,-0.086773,308.939883
0.308544,0.076140,-0.020695,406.628798
0.061718,0.005380,-0.000311,464.703745
0.566062,0.007977,-0.058810,343.857310
0.238405,0.077046,-0.013310,423.337632
0.235866,0.094755,-0.013066,423.939069
0.572935,0.044532,-0.060067,342.150157
0.545340,0.039853,-0.055096,348.991726
0.138698,0.014963,-0.004992,446.809120
0.407280,0.008539,-0.033254,382.828727
0.172778,0.071599,-0.007548,438.822899
0.372466,0.092971,-0.028536,391.256783
0.409317,0.040058,-0.033540,382.333641
0.687287,0.012583,-0.082842,313.517524
0.016720,0.037023,0.001726,475.072285
0.559626,0.099945,-0.058238,345.426012
0.866790,0.084150,-0.125793,267.635823
0.526249,0.076235,-0.051776,353.708682
0.724720,0.012485,-0.091067,304.044737
0.212358,0.018301,-0.010891,429.501997
0.032726,0.090609,0.001061,471.390410
0.453337,0.069120,-0.039982,371.611808
0.173344,0.043038,-0.007593,438.690454
0.814393,0.010546,-0.112333,281.149667
0.320039,0.086585,-0.022027,403.874516
0.151284,0.040714,-0.005901,443.863995
0.540320,0.049843,-0.054214,350.233209
0.472856,0.078794,-0.043002,366.836722
0.316696,0.034833,-0.021637,404.677191
0.060521,0.085175,-0.000249,464.978633
0.680533,0.007412,-0.081399,315.221710
0.647346,0.089048,-0.074487,323.568647
0.107344,0.027627,-0.002902,454.120912
0.835539,0.071261,-0.117673,275.707100
0.673995,0.088758,-0.080014,316.867591
0.333479,0.075910,-0.023628,400.648881
0.013769,0.032997,0.001841,475.749988
0.532282,0.094963,-0.052814,352.218677
0.384348,0.038944,-0.030111,388.385624
0.316950,0.049804,-0.021666,404.615805
0.597076,0.091518,-0.064582,336.142166
0.511834,0.073958,-0.049333,357.262602
0.812214,0.093748,-0.111790,281.707210
-0.000000,-0.000000,-0.000000,478.889988
0.236556,0.060775,-0.013133,423.776257
0.188363,0.093449,-0.008816,435.157972
0.590086,0.024623,-0.063259,337.885093
0.295940,0.010170,-0.019275,409.645097
0.351410,0.088584,-0.025836,396.335651
0.975209,0.089375,-0.156102,239.357906
0.771342,0.011433,-0.101847,292.177253
0.260504,0.029882,-0.015500,418.091932
0.533524,0.051155,-0.053030,351.912962
0.831985,0.018958,-0.116766,276.623857
0.985532,0.041126,-0.156655,236.824584
0.176841,0.010239,-0.007873,437.869629
0.237816,0.033911,-0.013254,423.478180
0.866446,0.050648,-0.125701,267.725707
0.124784,0.048667,-0.004033,450.057176
0.871012,0.000067,-0.127115,266.531649
0.109087,0.096834,-0.003011,453.713711
0.511053,0.086271,-0.049202,357.454868
0.752313,0.099668,-0.098354,296.973306
0.662114,0.042528,-0.077526,319.859373
0.542355,0.054746,-0.054571,349.729797
0.368324,0.063861,-0.027996,392.257750
0.021026,0.046704,0.001553,474.082687
0.184448,0.041228,-0.008492,436.080474
0.278715,0.049702,-0.017399,413.755689
0.131717,0.055786,-0.004504,448.438947
0.043419,0.037264,0.000580,468.927926
0.137385,0.040567,-0.004899,447.115308
0.136829,0.019014,-0.004860,447.245664
0.341573,0.054938,-0.024614,398.703858
0.984877,0.092871,-0.157790,236.899982
0.649436,0.035099,-0.074913,323.045342
0.912159,0.058580,-0.138069,255.856135
0.821790,0.029009,-0.114187,279.247596
0.179229,0.020952,-0.008066,437.308151
0.753546,0.088574,-0.097662,296.714405
0.698268,0.096356,-0.085216,310.741890
0.597484,0.066286,-0.064660,336.041063
0.676807,0.072202,-0.080608,316.159346
0.920283,0.063918,-0.140329,253.738588
0.867196,0.096927,-0.125900,267.530395
0.001470,0.020439,0.002298,478.571635
0.214958,0.099607,-0.010471,428.899836
0.010359,0.084074,0.001973,476.531591
0.536098,0.071985,-0.053477,351.276363
0.924691,0.040298,-0.141563,252.589278
0.459513,0.070396,-0.040927,370.102359
0.832713,0.044730,-0.116952,276.435832
0.843176,0.099199,-0.120113,273.707142
0.851829,0.018830,-0.121871,271.505657
0.737396,0.061889,-0.093939,300.824580
0.505356,0.071392,-0.048253,358.857656
0.568162,0.099521,-0.059828,343.306114
0.697370,0.020444,-0.085020,310.970644
0.920628,0.060755,-0.140426,253.648522
0.684868,0.034018,-0.082324,314.127606
0.498935,0.089639,-0.047193,360.436549
0.042206,0.079359,0.000636,469.206584
0.377764,0.084917,-0.029233,389.976741
0.053407,0.099618,-0.000890,466.610664
0.766974,0.021527,-0.100811,293.292092
0.604052,0.086958,-0.065916,334.402562
0.028947,0.006023,0.001223,472.261909
0.168224,0.096625,-0.007189,439.891434
0.216219,0.063998,-0.011238,428.589008
0.449255,0.058535,-0.039363,372.609115
0.113700,0.045631,-0.003305,452.640811
0.363582,0.062175,-0.027383,393.402233
0.277271,0.038845,-0.017246,414.099993
0.125858,0.039181,-0.004105,449.806937
0.228721,0.008176,-0.012391,425.633335
0.172971,0.010797,-0.007564,438.778947
0.128856,0.056789,-0.004308,449.106734
0.021914,0.049447,0.001517,473.878603
0.686834,0.041417,-0.082745,313.631301
0.445023,0.084768,-0.038726,373.641496
0.816813,0.042963,-0.112938,280.526873
0.333048,0.045134,-0.023576,400.753256
0.364410,0.080872,-0.027489,393.202006
0.763535,0.063783,-0.100000,294.168501
0.269329,0.010100,-0.016410,415.992632
0.404280,0.048623,-0.032835,383.555878
0.759245,0.031701,-0.098992,295.263374
0.004023,0.047978,0.002207,477.985879
0.357737,0.020968,-0.026635,394.812702
0.110612,0.020803,-0.003108,453.360350
0.457382,0.071570,-0.040600,370.623315
0.869229,0.063373,-0.126438,267.004839
0.984858,0.055043,-0.157822,236.903048
0.039983,0.020725,0.000737,469.720317
0.075077,0.054771,-0.001014,461.611294
0.442852,0.010812,-0.038402,374.172953
0.308617,0.049773,-0.020704,406.611974
0.033934,0.019445,0.001007,471.113873
0.879327,0.063618,-0.129127,264.388426
0.252588,0.036573,-0.014701,419.972992
0.037670,0.088014,0.000843,470.251800
0.649036,0.038580,-0.074832,323.145689
0.381474,0.093047,-0.029726,389.079508
0.281863,0.077822,-0.017736,413.004343
0.046490,0.058229,0.000437,468.219211
0.160097,0.056347,-0.006562,441.798800
0.484355,0.084870,-0.044828,364.017504
0.583661,0.052708,-0.062054,339.483543
0.138440,0.019774,-0.004974,446.869202
0.605083,0.063716,-0.066115,334.145867
0.120854,0.002792,-0.003772,450.974811
0.469922,0.063758,-0.042542,367.555588
0.219436,0.036620,-0.011531,427.829205
0.011597,0.072692,0.001925,476.247672
0.091726,0.085256,-0.001955,457.749639
0.047427,0.000437,-0.000729,467.992117
0.562546,0.014618,-0.058172,344.729473
0.262452,0.055476,-0.015699,417.628014
0.558055,0.067750,-0.057361,345.841866
0.014194,0.082173,0.001825,475.651327
0.727874,0.038233,-0.091777,303.243878
0.824791,0.080121,-0.114943,278.474305
0.035746,0.069437,0.000928,470.695373
0.009533,0.070082,0.002004,476.721511
0.876157,0.003522,-0.128279,265.211826
0.500305,0.064195,-0.047418,360.100208
0.457926,0.035329,-0.040683,370.491343
0.471635,0.033382,-0.042810,367.136871
0.329884,0.050315,-0.023195,401.513013
0.805531,0.076795,-0.110133,283.423364
0.555435,0.049608,-0.056891,346.491828
0.702154,0.063706,-0.086063,309.760004
0.684427,0.027438,-0.082230,314.238908
0.213990,0.010133,-0.011038,429.116850
0.162348,0.043362,-0.006734,441.271276
0.000035,0.011119,0.000061,478.882133
-0.000233,0.012732,-0.000403,478.939718
0.254689,0.015729,-0.014912,419.474499
0.137405,0.029764,-0.004900,447.110877
0.645772,0.063302,-0.074166,323.964426
0.136604,0.091679,-0.004844,447.296600
0.577042,0.031762,-0.060824,341.129997
0.687977,0.021519,-0.082990,313.343291
0.433451,0.024974,-0.037009,376.464222
0.435697,0.049595,-0.037339,375.916480
0.241322,0.065726,-0.013592,422.646372
0.326845,0.058422,-0.022832,402.242402
0.838658,0.070756,-0.118471,274.903212
0.415561,0.061948,-0.034422,380.816410
0.980859,0.099575,-0.157774,237.872159
0.102625,0.023635,-0.002610,455.218573
0.247460,0.087700,-0.014192,421.189408
0.163841,0.006075,-0.006849,440.922045
0.051700,0.018096,0.000187,467.017642
0.451818,0.023346,-0.039752,371.984152
0.161489,0.045455,-0.006668,441.472628
0.046842,0.099596,-0.000714,468.124766
0.585506,0.034402,-0.062399,339.024788
0.327768,0.094343,-0.022942,402.020049
0.163970,0.054655,-0.006859,440.890584
0.488650,0.020861,-0.045519,362.965038
0.054795,0.052240,0.000037,466.302330
0.347464,0.027208,-0.025343,397.287085
0.890635,0.095413,-0.132173,261.453449
0.422310,0.065526,-0.035388,379.175454
0.101616,0.047032,-0.002547,455.452830
0.202853,0.067424,-0.010051,431.744487
0.475695,0.079184,-0.043449,366.141269
0.054477,0.019881,0.000052,466.376510
0.420540,0.090035,-0.035134,379.605326
0.063590,0.013586,-0.000407,464.270738
0.879900,0.042166,-0.129280,264.240503
0.479831,0.045365,-0.044105,365.128124
0.205640,0.075088,-0.010295,431.086799
0.648997,0.046607,-0.074824,323.155320
0.412231,0.060644,-0.033950,381.625357
0.450145,0.079385,-0.039498,372.391415
0.165708,0.020094,-0.006993,440.483637
0.175859,0.029549,-0.007794,438.099949
0.296455,0.044603,-0.019332,409.521149
0.137604,0.009232,-0.004915,447.064807
0.761162,0.083320,-0.099442,294.773469
0.847726,0.036579,-0.120806,272.564733
0.734033,0.095479,-0.093173,301.678431
0.287682,0.045703,-0.018366,411.616605
0.278058,0.006124,-0.017330,413.913305
0.588316,0.082131,-0.062926,338.324310
0.289178,0.095339,-0.018529,411.258341
0.556841,0.006790,-0.057143,346.144340
0.923002,0.037906,-0.141090,253.029824
0.323657,0.018377,-0.022454,403.008408
0.030647,0.088863,0.001151,471.868931
0.647666,0.091367,-0.074552,323.488331
0.516749,0.016393,-0.050159,356.053215
0.111354,0.033988,-0.003155,453.187230
-0.000126,0.037510,-0.000219,478.916282
0.075731,0.002634,-0.001050,461.461044
0.430761,0.082328,-0.036614,377.118204
0.100220,0.010567,-0.002463,455.778007
0.884064,0.039812,-0.130398,263.160464
0.305652,0.034594,-0.020366,407.321958
0.845628,0.012962,-0.120264,273.106639
0.378166,0.082914,-0.029287,389.879642
0.033854,0.076413,0.001012,471.131005
0.579348,0.010824,-0.061251,340.557259
0.621569,0.092198,-0.069323,330.027055
0.061520,0.080795,-0.000300,464.747891
0.113539,0.005240,-0.003295,452.679090
0.672804,0.048644,-0.079763,317.168459
0.541906,0.071783,-0.054492,349.840460
0.490492,0.091424,-0.045817,362.510949
0.285282,0.010915,-0.018106,412.190271
0.553750,0.066841,-0.056589,346.908931
0.265970,0.025798,-0.016061,416.791886
0.600258,0.060747,-0.065189,335.349591
0.417790,0.055102,-0.034740,380.274703
0.406121,0.013856,-0.033092,383.109988
0.693834,0.041776,-0.084253,311.863600
0.778744,0.050001,-0.103613,290.284992
0.194825,0.037165,-0.009360,433.637547
0.045031,0.068210,0.000505,468.555387
0.006030,0.046455,0.002134,477.525620
0.655627,0.019843,-0.076184,321.490770
0.072132,0.062531,-0.000855,462.293003
0.012936,0.040550,0.001873,475.941032
0.560680,0.055488,-0.057834,345.191440
0.876835,0.015699,-0.128460,265.035704
0.111972,0.034919,-0.003195,453.043425
0.472151,0.037142,-0.042891,367.010351
0.440374,0.019894,-0.038032,374.777142
0.304510,-0.000039,-0.019629,407.612374
0.357978,0.055480,-0.026666,394.753862
0.530345,0.049532,-0.052480,352.698177
0.112990,0.003020,-0.003260,452.806990
0.231974,0.008057,-0.012697,424.863000
0.308868,0.040536,-0.020733,406.552018
0.175768,0.067861,-0.007786,438.120480
0.417017,0.078680,-0.034630,380.462025
0.838570,0.075635,-0.118448,274.925620
0.751464,0.022127,-0.097178,297.246343
0.242544,0.054447,-0.013711,422.356763
0.801209,0.097274,-0.109068,284.531528
0.128983,0.002658,-0.004318,449.078311
0.339233,0.055103,-0.024327,399.266595
0.606914,0.059832,-0.066467,333.689132
0.213611,0.073309,-0.011003,429.204948
0.288368,0.015894,-0.018441,411.453487
0.506482,0.067832,-0.048439,358.580608
0.775937,0.009719,-0.102941,291.003486
0.274963,0.090112,-0.017001,414.648909
0.585291,0.048112,-0.062359,339.077924
0.894728,0.089638,-0.133284,260.390331
0.504249,0.056591,-0.048069,359.130306
0.108808,0.043429,-0.002994,453.779902
0.206291,0.006786,-0.010353,430.934679
0.985504,0.016377,-0.156703,236.828425
0.494080,0.009950,-0.046399,361.631504
0.186249,0.022458,-0.008641,435.657155
0.344362,0.009689,-0.024958,398.033909
0.785873,0.083499,-0.105329,288.460698
0.744165,0.036042,-0.095490,299.104035
0.611129,0.068679,-0.067283,332.636585
0.624524,0.052090,-0.069906,329.288839
0.583737,0.000632,-0.062776,339.434001
0.857043,0.081836,-0.123231,270.157001
0.450619,0.022085,-0.039570,372.276904
0.974603,0.021244,-0.155923,239.519017
0.897649,0.056216,-0.134080,259.631931
0.351285,0.043405,-0.025821,396.366612
0.258236,0.033101,-0.015270,418.631187
0.063973,0.099746,-0.001210,464.170774
0.534950,0.091307,-0.053277,351.559589
0.836578,0.058542,-0.117938,275.439549
0.568465,0.007366,-0.059248,343.261041
0.095381,0.025646,-0.002171,456.902301
0.299239,0.045950,-0.019643,408.855629
0.039640,0.088186,0.000754,469.797933
0.312747,0.071233,-0.021178,405.622506
0.315003,0.068029,-0.021439,405.082142
0.853248,0.036188,-0.122240,271.138752
0.039353,0.050478,0.000766,469.864896
0.176066,0.024379,-0.007810,438.051540
0.753596,0.052126,-0.097673,296.702724
0.114849,0.060236,-0.003379,452.372935
0.438612,-0.000023,-0.037724,375.208743
0.669328,0.043327,-0.079032,318.044014
0.528526,0.096066,-0.052167,353.146146
0.047523,0.062073,0.000388,467.980686
0.851012,0.093991,-0.121659,271.714882
0.630569,0.076870,-0.071106,327.775047
0.254714,0.042741,-0.014914,419.467834
0.550758,0.048344,-0.056056,347.650404
0.600607,0.054879,-0.065256,335.262704
0.300683,0.073302,-0.019804,408.509837
0.598507,0.024231,-0.064855,335.787056
0.327659,0.087604,-0.022929,402.046424
0.588445,0.067580,-0.062950,338.292558
0.984763,0.017328,-0.157986,236.915094
0.837384,0.028403,-0.118144,275.232639
0.557449,0.003478,-0.057252,345.993605
0.224288,0.019591,-0.011978,426.682047
0.364702,0.006047,-0.027527,393.133257
0.017366,0.014337,0.001700,474.924381
0.398806,0.058835,-0.032076,384.883463
0.285097,0.095080,-0.018085,412.232466
0.696905,0.041561,-0.084919,311.087637
0.133492,0.049556,-0.004627,448.024586
0.141227,0.072315,-0.005171,446.216500
0.000403,0.091704,0.000697,478.801408
0.008871,0.029053,0.002028,476.874260
0.377392,0.079220,-0.029184,390.066846
0.270940,0.075022,-0.016578,415.607425
0.574813,0.071327,-0.060413,341.682821
0.916497,0.038514,-0.139273,254.726170
0.098330,0.054131,-0.002348,456.216323
0.262108,0.048691,-0.015664,417.710149
0.846397,0.061564,-0.120463,272.907130
0.975698,0.017024,-0.156246,239.231365
0.524040,0.003569,-0.051398,354.255610
0.074331,0.046490,-0.000974,461.784215
0.213481,0.015437,-0.010992,429.236898
0.477507,0.029614,-0.043736,365.698160
0.538721,0.086248,-0.053934,350.627675
0.413349,0.025624,-0.034109,381.354647
0.405384,0.092930,-0.032988,383.287037
0.382236,0.097337,-0.029828,388.895157
0.946413,0.094851,-0.147725,246.910736
0.751029,0.011013,-0.097076,297.357550
0.804837,0.015845,-0.109961,283.602898
0.575296,0.008667,-0.060502,341.564416
0.715671,0.053940,-0.089044,306.338249
0.113598,0.010621,-0.003299,452.665289
0.985523,0.036438,-0.156671,236.825775
0.843505,0.011895,-0.119716,273.654506
0.453829,0.003489,-0.040057,371.493180
0.880690,0.037083,-0.129492,264.035748
0.881840,0.013659,-0.129800,263.738117
0.857718,0.067827,-0.123407,269.982771
0.519659,0.075010,-0.050652,355.334362
0.291623,0.077511,-0.018797,410.675004
0.171472,0.056265,-0.007444,439.130011
0.911153,0.063692,-0.137791,256.117926
0.696264,0.040509,-0.084780,311.249754
0.315241,0.075990,-0.021467,405.024901
0.132455,0.003033,-0.004556,448.267763
0.000781,0.043933,0.002323,478.728916
0.938692,0.007535,-0.145519,248.932717
0.547347,0.074195,-0.055451,348.494326
0.255722,0.014285,-0.015016,419.229109
0.520174,0.018151,-0.050739,355.208590
0.234629,0.014334,-0.012949,424.233975
0.919463,0.085653,-0.140100,253.951837
0.232568,0.000112,-0.012075,424.737455
0.638490,0.011046,-0.072693,325.791940
0.215748,0.008803,-0.011196,428.701467
0.592020,0.067237,-0.063624,337.402468
0.838111,0.081960,-0.118331,275.043886
0.091948,0.096966,-0.001967,457.698003
0.829202,0.099799,-0.116656,277.301881
0.452383,0.055520,-0.039837,371.845334
0.281486,0.037680,-0.017696,413.095051
0.610850,0.025033,-0.067229,332.707236
0.790885,0.063184,-0.106544,287.178093
0.424865,0.010499,-0.035757,378.555225
0.254767,0.079238,-0.014919,419.454460
0.274975,0.089554,-0.017002,414.646000
0.787498,0.088466,-0.105722,288.044586
0.321296,0.095023,-0.022175,403.572733
0.130013,0.071228,-0.004387,448.836544
0.210896,0.011358,-0.010761,429.847397
0.451630,0.094555,-0.039723,372.028327
0.063919,0.024287,-0.000423,464.194315
0.787212,0.097310,-0.105653,288.117613
0.128213,0.065086,-0.004265,449.256780
0.430846,0.042572,-0.036627,377.098413
0.109103,0.004458,-0.003013,453.711981
0.000504,0.019611,0.000872,478.781274
0.057740,0.022036,-0.000110,465.622776
0.747338,0.058496,-0.096222,298.296080
0.035584,0.069360,0.000935,470.732689
0.955885,0.053826,-0.150454,244.430832
0.176936,0.080151,-0.007880,437.845736
0.183187,0.083023,-0.008388,436.376024
0.839510,0.072912,-0.118689,274.683316
0.223037,0.000564,-0.011195,426.992954
0.841472,0.066418,-0.119193,274.177707
0.858848,0.042911,-0.123703,269.691348
0.146687,0.018995,-0.005564,444.940547
0.197066,0.028331,-0.009552,433.109579
0.725572,0.018857,-0.091258,303.828607
0.317476,0.063831,-0.021727,404.489544
0.791200,0.039452,-0.106620,287.098150
0.971952,0.062691,-0.155143,240.214584
0.512571,0.058600,-0.049456,357.081580
0.333605,0.023880,-0.023643,400.619905
0.544946,0.079835,-0.055026,349.088323
0.128370,0.000603,-0.004126,449.223943
0.230452,0.091466,-0.012553,425.221464
0.511403,0.060636,-0.049260,357.369082
0.352159,0.054496,-0.025930,396.156016
0.399665,0.064496,-0.032195,384.675024
0.318703,0.091202,-0.021870,404.194760
0.529541,0.085962,-0.052341,352.895751
0.846131,0.009376,-0.120394,272.977014
0.029176,0.051015,0.001214,472.208381
0.825440,0.044297,-0.115107,278.308333
0.483114,0.031746,-0.044629,364.323331
0.228907,0.091313,-0.012407,425.587231
0.356572,0.026979,-0.026487,395.093366
0.456575,0.047929,-0.040476,370.821199
0.469328,0.038946,-0.042449,367.701809
0.103873,0.037685,-0.002686,454.927980
0.328380,0.064631,-0.023015,401.873840
0.727684,0.035153,-0.091735,303.292128
0.975329,0.062297,-0.156138,239.327102
0.277364,0.009007,-0.017256,414.078641
0.884148,0.085729,-0.130421,263.137547
0.059585,0.011135,-0.000203,465.196587
0.320163,0.051105,-0.022042,403.845599
0.505009,0.043278,-0.048195,358.943636
0.592355,0.012813,-0.063687,337.320367
0.159016,0.099756,-0.006069,442.058531
0.178513,0.036869,-0.008007,437.476045
0.528754,0.033408,-0.052206,353.091338
0.000435,0.016844,0.000753,478.796176
0.626968,0.093141,-0.070390,328.676167
0.580414,0.066825,-0.061449,340.290637
0.845653,0.014075,-0.120270,273.100166
0.932655,0.020156,-0.143806,250.510337
0.205042,0.096727,-0.010242,431.227249
0.640401,0.020626,-0.073078,325.312776
0.323491,0.041330,-0.022434,403.047668
0.227372,0.092740,-0.012264,425.950605
0.604446,0.043885,-0.065992,334.305380
0.486115,0.025324,-0.045110,363.587007
0.633970,0.042254,-0.071785,326.924161
0.296808,0.041441,-0.019371,409.436829
0.176450,0.047460,-0.007841,437.960695
0.709849,0.021771,-0.087754,307.813760
0.722755,0.056148,-0.090626,304.542163
0.497185,0.018947,-0.046906,360.868394
0.878885,0.029067,-0.129008,264.503883
0.050734,0.032731,0.000234,467.240447
0.984974,0.029942,-0.157622,236.890134
0.139773,0.013960,-0.005068,446.557743
0.528073,0.005185,-0.052089,353.260046
0.423525,0.086587,-0.035563,378.879493
0.069734,0.041412,-0.000727,462.848636
0.183141,0.079397,-0.008384,436.386947
0.313878,0.085056,-0.021309,405.351299
0.163233,0.074904,-0.006802,441.063147
0.398812,0.038603,-0.032077,384.882324
0.434221,0.061781,-0.037122,376.275851
0.096961,0.012078,-0.002266,456.535547
0.522180,0.087289,-0.051080,354.712380
0.366581,0.014166,-0.027770,392.679527
0.719898,0.047926,-0.089986,305.267123
0.378638,0.040481,-0.029349,389.766627
0.020135,0.033253,0.001589,474.287703
0.430541,0.003522,-0.036583,377.173591
0.645093,0.054570,-0.074028,324.134980
0.293255,0.091691,-0.018977,410.284716
0.117292,0.031336,-0.003538,451.804219
0.339288,0.003830,-0.024334,399.254626
0.839649,0.099301,-0.119237,274.615026
0.780141,0.051592,-0.103948,289.927724
0.328802,0.074634,-0.023065,401.772251
0.090821,0.069970,-0.001902,457.960035
0.000000,0.041002,0.000001,478.888989
0.288179,0.096293,-0.018420,411.496696
0.782403,0.091896,-0.104492,289.348398
0.791334,0.048792,-0.106653,287.063580
0.138819,0.030222,-0.005000,446.780356
0.150436,0.015175,-0.005839,444.063258
0.928275,0.040844,-0.142570,251.653602
0.218549,0.010228,-0.011450,428.039467
0.148240,0.056973,-0.005677,444.576308
0.750853,0.033095,-0.097036,297.401816
0.333820,0.073874,-0.023669,400.567010
0.410663,0.080597,-0.033729,382.005833
0.523084,0.054022,-0.051235,354.490053
0.292360,0.013159,-0.018879,410.500332
0.019888,0.018203,0.001599,474.344906
0.094683,0.011214,-0.002130,457.064560
0.318324,0.029120,-0.021827,404.286947
0.594284,0.005308,-0.064052,336.839933
0.113169,0.070163,-0.003271,452.763954
0.052361,0.031575,0.000155,466.864895
0.473737,0.005165,-0.043141,366.622631
0.729242,0.091201,-0.092087,302.895116
0.691745,0.044389,-0.083802,312.391243
0.025034,0.048984,0.001388,473.161266
0.778363,0.091182,-0.103522,290.381351
0.132422,0.012944,-0.004553,448.275350
0.544845,0.018315,-0.055009,349.114631
0.560067,0.037035,-0.057724,345.343895
0.150075,0.029911,-0.005812,444.147320
0.155839,0.004048,-0.006241,442.797865
0.085739,0.050910,-0.001609,459.139811
0.538435,0.012146,-0.053884,350.700163
0.622492,0.048260,-0.069505,329.797055
0.277243,0.016801,-0.017243,414.107312
0.214777,0.019561,-0.011108,428.930562
0.239844,0.035164,-0.013449,422.997379
0.606894,0.021319,-0.066463,333.695134
0.042012,0.081745,0.000645,469.251246
0.517079,0.018945,-0.050215,355.971701
0.262244,0.006071,-0.015678,417.678606
0.873913,0.018608,-0.127681,265.792849
0.344991,0.042139,-0.025036,397.881904
0.039217,0.062978,0.000773,469.895933
0.932839,0.003191,-0.143858,250.462756
0.509806,0.066298,-0.048993,357.762422
0.553150,0.045669,-0.056482,347.057923
0.249575,0.041783,-0.014401,420.688578
0.134432,0.092251,-0.004692,447.803965
0.000021,0.017167,0.000037,478.884997
0.930888,0.058978,-0.143307,250.971026
0.901805,0.015842,-0.135216,258.552379
0.841619,0.007286,-0.119231,274.141063
0.504807,0.083846,-0.048162,358.992286
0.158601,0.078134,-0.006448,442.149003
0.166703,0.056414,-0.007070,440.249482
0.686913,0.033220,-0.082762,313.611551
0.533514,0.086590,-0.053028,351.914687
0.001150,0.039674,0.002310,478.644523
0.581971,0.062755,-0.061739,339.903690
0.520769,0.027110,-0.050840,355.061854
0.648418,0.081289,-0.074705,323.299890
0.207801,0.056099,-0.010485,430.577235
0.560203,0.042735,-0.057748,345.310041
0.397452,0.032102,-0.031890,385.212205
0.490441,0.045694,-0.045808,362.524609
0.013327,0.002940,0.001858,475.852115
0.793971,0.049417,-0.107295,286.388075
0.504305,0.022240,-0.048079,359.117219
0.041954,0.000848,-0.000595,469.253302
0.270021,0.070746,-0.016482,415.826457
0.852158,0.030996,-0.121956,271.420403
0.873935,0.083809,-0.127687,265.785679
0.150268,0.077898,-0.005826,444.101012
0.586674,0.011485,-0.062618,338.734807
0.597023,0.021668,-0.064572,336.156987
0.857996,0.041975,-0.123480,269.911678
0.985431,0.041565,-0.156829,236.836325
0.887017,0.006657,-0.131193,262.395067
0.363623,0.027339,-0.027388,393.393108
0.393620,0.030923,-0.031365,386.140899
0.215373,0.067514,-0.011162,428.788682
0.011948,0.016490,0.001911,476.168351
0.608554,0.044500,-0.066784,333.280046
0.260678,0.053277,-0.015518,418.050073
0.313070,0.002572,-0.021216,405.546724
0.850199,0.043880,-0.121448,271.925891
0.088139,0.061000,-0.001746,458.582945
0.475495,0.079905,-0.043418,366.190195
0.814870,0.079845,-0.112453,281.025226
0.431304,0.006955,-0.036694,376.987711
0.839977,0.029573,-0.118809,274.564094
0.773355,0.062567,-0.102326,291.661832
0.757620,0.081274,-0.098612,295.676466
-0.000000,-0.000000,-0.000000,478.889988
0.599447,0.045358,-0.065034,335.552051
0.166251,0.025076,-0.007035,440.356146
0.295929,0.082422,-0.019273,409.645967
0.382572,0.006036,-0.029873,388.815997
0.862153,0.063634,-0.124570,268.836076
0.545266,0.033976,-0.055083,349.010210
0.984901,0.050573,-0.157748,236.898171
0.830394,0.097097,-0.116362,277.031584
0.426056,0.079849,-0.035929,378.263776
0.867222,0.042895,-0.125906,267.525072
0.983966,0.088064,-0.158697,237.055009
0.441205,0.052703,-0.038156,374.573686
0.150286,0.033717,-0.005827,444.097909
0.481128,0.039383,-0.044312,364.810309
0.206062,0.081376,-0.010332,430.986960
0.804646,0.051410,-0.109914,283.651206
0.882941,0.080106,-0.130096,263.450761
0.482519,0.042599,-0.044534,364.468935
0.490989,0.065367,-0.045897,362.389654
0.837291,0.044148,-0.118120,275.256261
0.020672,0.052799,0.001568,474.163824
0.234815,0.066870,-0.012966,424.188703
0.663711,0.091667,-0.077858,319.456378
0.198826,0.061155,-0.009702,432.694116
0.854836,0.016527,-0.122654,270.728795
-0.000014,0.019239,-0.000024,478.892584
0.599639,0.035440,-0.065071,335.504600
0.106813,0.055049,-0.002869,454.243720
0.339047,0.086014,-0.024304,399.310602
0.030816,0.058154,0.001144,471.830666
0.457850,0.013127,-0.040672,370.510299
0.183530,0.051657,-0.008416,436.296184
0.534948,0.051340,-0.053277,351.561145
0.023477,0.058206,0.001453,473.518975
0.926165,0.014899,-0.141977,252.205220
0.382470,0.061105,-0.029859,388.839369
0.688203,0.007867,-0.083039,313.286436
0.295897,0.011952,-0.019270,409.655294
0.476204,0.085222,-0.043530,366.016271
0.049424,0.053136,0.000297,467.542319
0.195689,0.085355,-0.009434,433.432735
0.964978,0.069183,-0.153099,242.045445
0.347278,0.051334,-0.025320,397.331326
0.800025,0.093739,-0.108777,284.835248
0.293090,0.045242,-0.018959,410.325174
0.155219,0.035996,-0.006194,442.942563
0.376560,0.082303,-0.029074,390.267736
0.264309,0.051535,-0.015890,417.186371
0.967902,0.017013,-0.153954,241.279218
0.473100,0.044705,-0.043040,366.777873
0.654255,0.021538,-0.075901,321.835400
0.428298,0.083596,-0.036255,377.717896
0.748006,0.045735,-0.096377,298.126175
0.088101,0.072791,-0.001744,458.591403
0.715143,0.074118,-0.088926,306.471736
0.000554,0.063936,0.000960,478.769459
0.282091,0.059907,-0.017761,412.950285
0.562627,0.083763,-0.058186,344.707790
0.424412,0.009662,-0.035692,378.665262
0.921828,0.026315,-0.140761,253.336467
0.865168,0.023583,-0.125364,268.057047
0.045936,0.048524,0.000463,468.347231
0.693803,0.087426,-0.084247,311.870412
0.577689,0.091998,-0.060944,340.967623
0.150042,0.082616,-0.005809,444.153840
0.529220,0.079008,-0.052286,352.975284
0.077676,0.072992,-0.001156,461.008717
0.255033,0.015754,-0.014947,419.392648
0.930843,0.013258,-0.143294,250.983900
0.235527,0.021581,-0.013035,424.020905
0.339957,0.015468,-0.024416,399.093512
0.708717,0.044261,-0.087504,308.099812
0.764170,0.044385,-0.100150,294.007118
0.744876,0.010096,-0.095654,298.923742
0.842930,0.045934,-0.119568,273.802058
0.141800,0.042568,-0.005212,446.083164
0.755595,0.041788,-0.098139,296.193424
0.695952,0.078820,-0.084712,311.327754
0.416100,0.033462,-0.034499,380.686134
0.815644,0.060488,-0.112646,280.826795
0.257638,0.051911,-0.015209,418.772748
0.164245,0.030318,-0.006880,440.826777
0.480518,0.098990,-0.044390,364.951663
0.877940,0.047410,-0.128756,264.748462
0.401047,0.098946,-0.032152,384.346694
0.041989,0.014513,0.000645,469.258040
0.245819,0.008221,-0.014031,421.580706
0.656182,0.008957,-0.076298,321.351496
0.600621,0.042229,-0.065258,335.259539
0.039566,0.056130,0.000757,469.815700
0.370592,-0.000030,-0.027918,391.723133
0.862728,0.068225,-0.124722,268.687228
0.184621,0.013156,-0.008506,436.040401
0.078695,0.002747,-0.001213,460.774101
0.015852,0.066339,0.001760,475.270872
0.793834,0.024672,-0.107261,286.423688
0.523883,0.045078,-0.051371,354.293234
0.439821,0.052148,-0.037950,374.911243
0.985116,0.022944,-0.157376,236.873736
0.675562,0.099014,-0.081347,316.421353
0.477749,0.052403,-0.043775,365.638327
0.220430,0.083889,-0.011622,427.593162
0.205619,0.066657,-0.010293,431.091905
0.384078,0.050989,-0.030074,388.450642
-0.000268,0.007053,-0.000464,478.947397
0.413914,0.078743,-0.034188,381.216284
0.072835,0.048364,-0.000893,462.130658
0.079127,0.063609,-0.001236,460.672627
0.282616,0.061562,-0.017817,412.824970
0.064260,0.077185,-0.000440,464.114420
0.388149,0.067955,-0.030622,387.464945
0.426911,0.020149,-0.036054,378.056982
0.860156,0.004905,-0.124045,269.354005
0.362538,0.028655,-0.027249,393.654706
0.230013,0.062995,-0.012512,425.326198
0.452287,0.058652,-0.039823,371.868761
0.319906,0.040396,-0.022012,403.907337
0.143693,0.038501,-0.005348,445.640487
0.380337,0.018959,-0.029575,389.356132
0.504776,0.068564,-0.048156,359.000322
0.938960,0.088890,-0.145596,248.860753
0.652963,0.011025,-0.075636,322.160274
0.916981,0.081711,-0.139408,254.599002
0.434442,0.003664,-0.037155,376.223413
0.326452,0.048859,-0.022785,402.336870
0.263534,0.068042,-0.015810,417.370359
0.343028,0.078804,-0.024793,398.353430
0.328676,0.090581,-0.023050,401.802174
-0.000214,0.015038,-0.000370,478.935614
0.082544,0.056493,-0.001427,459.880894
0.157628,0.028222,-0.006375,442.378275
0.461864,0.050901,-0.041289,369.528077
0.339130,0.095637,-0.024314,399.290402
0.025337,0.045847,0.001376,473.091569
0.099412,0.099120,-0.002614,455.960994
0.183482,0.085798,-0.008412,436.306607
0.316153,0.082499,-0.021573,404.806104
0.025715,0.017271,0.001360,473.005346
0.622185,0.035317,-0.069445,329.874209
0.596384,0.026753,-0.064451,336.316208
0.396593,0.057313,-0.031772,385.419723
0.190757,0.072676,-0.009016,434.594929
0.472578,0.084391,-0.042958,366.904713
0.881449,0.033807,-0.129695,263.838867
0.250149,0.012923,-0.014459,420.552788
0.177972,0.040917,-0.007964,437.603333
0.909408,0.047710,-0.137308,256.572826
0.308798,0.017510,-0.020725,406.569459
0.268213,0.054800,-0.016294,416.257315
0.332742,0.051411,-0.023539,400.826462
0.203592,0.066792,-0.010116,431.570005
0.972859,0.072693,-0.155410,239.975920
0.724346,0.086443,-0.090983,304.137858
0.904941,0.066480,-0.136077,257.735126
0.466754,0.082641,-0.042047,368.330724
0.166505,0.008864,-0.007055,440.296823
0.709996,0.009982,-0.087786,307.776772
0.824904,0.064202,-0.114972,278.445586
0.193181,0.068472,-0.009221,434.024019
0.229573,0.046665,-0.012470,425.430607
0.663017,0.019352,-0.077714,319.632684
0.127537,0.005722,-0.004219,449.415842
0.803748,0.080150,-0.109693,283.880688
0.075350,0.046836,-0.001029,461.548260
0.788900,0.022641,-0.106062,287.687382
0.153983,0.038468,-0.006101,443.231988
0.514406,0.061454,-0.049764,356.629412
0.780529,0.060669,-0.104042,289.828210
0.227348,0.051318,-0.012262,425.957314
0.636003,0.061187,-0.072193,326.414088
0.193997,0.044974,-0.009290,433.832326
0.980310,0.034243,-0.157611,238.018090
0.985471,0.078927,-0.156762,236.830814
0.324124,0.053849,-0.022509,402.895493
0.373894,0.030989,-0.028723,390.913248
0.622438,0.091995,-0.069494,329.809570
0.847340,0.033256,-0.120706,272.664390
0.175990,0.055901,-0.007804,438.068628
0.597664,0.008306,-0.064694,335.997506
0.415420,0.042423,-0.034403,380.851085
0.784525,0.009546,-0.105003,288.807497
0.151859,0.059369,-0.005943,443.728988
0.144443,0.033947,-0.005402,445.465260
0.506665,0.061487,-0.048470,358.535551
0.062364,0.028640,-0.000344,464.553721
0.462149,0.030678,-0.041333,369.458701
0.376188,0.000967,-0.028677,390.370588
0.337137,0.086169,-0.024071,399.769762
0.541830,0.035441,-0.054478,349.860233
0.395254,0.055055,-0.031588,385.744384
0.102370,0.044325,-0.002594,455.277386
0.567674,0.010954,-0.059104,343.457260
0.685312,0.000786,-0.083435,313.963734
0.975688,0.058171,-0.156243,239.232885
0.866183,0.056693,-0.125632,267.793513
0.805677,0.032038,-0.110169,283.387063
0.853812,0.002707,-0.122387,270.993928
0.591376,0.018539,-0.063502,337.563850
0.506442,0.099965,-0.048749,358.577166
0.402471,0.093441,-0.032583,383.993771
0.846487,0.097275,-0.120486,272.882958
0.714646,0.028257,-0.088816,306.598575
0.847748,0.099322,-0.121253,272.529797
0.551998,0.035569,-0.056277,347.343658
0.094660,0.010908,-0.002129,457.070115
0.691515,0.062507,-0.083752,312.449018
0.783695,0.087815,-0.104803,289.017991
0.051124,0.047491,0.000215,467.149966
0.184414,0.064068,-0.008489,436.087887
0.000130,0.073933,0.000226,478.860330
0.518735,0.067098,-0.050495,355.562355
0.832513,0.006985,-0.116901,276.488220
0.755581,0.070657,-0.098136,296.196445
0.328017,0.085181,-0.022972,401.960382
0.767918,0.049105,-0.101035,293.050592
0.206186,0.032670,-0.010343,430.958899
0.341182,0.082506,-0.024566,398.797331
0.412900,0.069242,-0.034045,381.462740
0.109756,0.028064,-0.003054,453.559457
0.758991,0.099490,-0.099894,295.272119
0.002939,0.099473,-0.000016,478.214464
0.641363,0.034748,-0.073272,325.071120
0.820601,0.070670,-0.113888,279.552467
0.358834,0.069802,-0.026775,394.546986
0.255515,0.068016,-0.014995,419.276946
0.742777,0.050651,-0.095171,299.456713
0.416217,0.063323,-0.034516,380.656934
0.739221,0.000454,-0.095362,300.306647
0.141107,0.047562,-0.005162,446.245202
0.201285,0.019706,-0.009915,432.115302
0.735207,0.041167,-0.093440,301.381486
0.960021,0.074797,-0.151654,243.345922
0.325247,0.017849,-0.022642,402.626728
0.200608,0.084240,-0.009856,432.273367
0.798061,0.016721,-0.108294,285.340709
0.799066,0.023872,-0.108541,285.082855
0.116355,0.086682,-0.003476,452.021328
0.758440,0.028503,-0.098804,295.468704
0.792969,0.066959,-0.107051,286.644468
0.458477,0.067212,-0.040768,370.355906
0.412617,0.020170,-0.034005,381.532745
0.781025,0.015177,-0.104161,289.702570
0.795304,0.049996,-0.107620,286.046536
0.221709,0.015582,-0.011740,427.292183
0.138279,0.057739,-0.004962,446.905956
0.908029,0.073175,-0.136928,256.931136
0.411934,0.059271,-0.033908,381.697525
0.140621,0.019513,-0.005128,446.359393
0.628394,0.022382,-0.070673,328.320839
0.608458,0.077038,-0.066765,333.303263
0.028289,0.039353,0.001251,472.412543
0.032567,0.073970,0.001068,471.427240
0.604574,0.007429,-0.066016,334.274394
0.351997,0.094698,-0.025910,396.193987
0.361380,0.056979,-0.027100,393.933518
0.945173,0.023246,-0.147369,247.237075
0.574444,0.053759,-0.060345,341.774965
0.808168,0.013151,-0.110785,282.748228
0.902082,0.016029,-0.135292,258.480258
0.128257,0.040688,-0.004268,449.247060
0.501658,0.038911,-0.047641,359.768093
0.893067,0.077973,-0.132832,260.822243
-0.000236,0.090963,-0.000408,478.938680
0.105585,0.023109,-0.002793,454.530296
0.468791,0.094361,-0.042365,367.831976
0.254166,0.069740,-0.014859,419.597482
0.492557,0.003214,-0.046152,362.005803
0.237351,0.046435,-0.013209,423.588186
0.179542,0.010238,-0.008091,437.234988
0.296805,0.002875,-0.019371,409.438479
0.114683,0.063319,-0.003368,452.411372
0.632419,0.000606,-0.072373,327.270396
0.550129,0.056089,-0.055944,347.805893
0.367444,0.062760,-0.027882,392.470133
0.068186,0.094187,-0.000645,463.205654
0.047343,0.079626,0.000397,468.021772
0.918382,0.006550,-0.139798,254.235648
0.582213,0.039119,-0.061784,339.843892
0.471066,0.049616,-0.042721,367.275800
0.940288,0.017563,-0.145974,248.515308
0.606321,0.009158,-0.066353,333.838234
0.337784,0.000731,-0.023646,399.630821
0.163213,0.079816,-0.006800,441.067603
0.225506,0.059482,-0.012090,426.392902
0.099532,0.079310,-0.002420,455.936492
0.063806,0.004657,-0.000418,464.220971
0.194080,0.052253,-0.009297,433.812571
0.415354,0.085615,-0.034393,380.866168
0.644065,0.061159,-0.073820,324.392661
0.102540,0.072073,-0.002604,455.237214
0.323524,0.012210,-0.022438,403.040379
0.889084,0.034862,-0.131752,261.857647
0.956936,0.008931,-0.150758,244.156297
0.452354,0.045731,-0.039833,371.852699
0.041288,0.007238,0.000678,469.419776
0.368001,0.062898,-0.027954,392.335769
0.254016,0.067274,-0.014844,419.633145
0.965466,0.076509,-0.153241,241.917311
0.864245,0.061846,-0.125121,268.294941
0.037723,0.013780,0.000839,470.241213
0.573886,0.087132,-0.060242,341.912915
0.365400,0.037640,-0.027617,392.964054
0.426228,0.030457,-0.035955,378.223014
0.925657,0.081392,-0.141835,252.335976
0.212436,0.008858,-0.010898,429.483859
0.219315,0.043981,-0.011520,427.857564
0.096400,0.067141,-0.002232,456.664497
0.593784,0.000972,-0.064710,336.930259
0.266847,0.048472,-0.016152,416.582566
0.716291,0.033533,-0.089182,306.181689
0.584483,0.099277,-0.062919,339.246003
0.010264,0.080999,0.001976,476.553409
0.048998,0.094301,0.000318,467.639582
0.086301,0.089551,-0.001640,459.008719
0.404611,0.036078,-0.032881,383.475940
0.357995,0.008611,-0.026668,394.750805
0.069744,0.018534,-0.000728,462.846760
0.479817,0.020177,-0.044103,365.132128
0.342055,0.023973,-0.024674,398.588766
0.779394,0.049991,-0.103769,290.118820
0.441681,0.045861,-0.038227,374.457694
0.255196,0.030753,-0.014963,419.353685
0.625282,0.061859,-0.070056,329.098814
0.127218,0.022311,-0.004198,449.490001
0.463392,0.026133,-0.041525,369.154777
0.664890,0.061315,-0.078104,319.160643
0.643411,0.059609,-0.073687,324.556854
0.367294,0.035821,-0.027862,392.507058
0.727870,0.064258,-0.091777,303.244109
0.665365,0.027268,-0.078203,319.041787
0.243605,0.052480,-0.013814,422.104957
0.625538,0.066083,-0.070107,329.034649
0.554073,0.096066,-0.056647,346.828142
0.545905,0.007434,-0.055196,348.852741
0.294718,0.019581,-0.019139,409.936810
0.270594,0.042586,-0.016542,415.690691
0.515373,0.053986,-0.049927,356.391299
0.444418,0.034498,-0.038636,373.790201
0.473198,0.099987,-0.043192,366.747397
0.058019,0.087597,-0.000123,465.556837
0.100598,0.078323,-0.002485,455.688644
0.376696,0.093157,-0.029092,390.234710
0.779345,0.034336,-0.103757,290.131686
0.798883,0.088965,-0.108496,285.128315
0.257291,0.004954,-0.015174,418.856381
0.854893,0.028599,-0.122669,270.713905
0.676230,0.067148,-0.080486,316.304958
0.443347,0.003449,-0.038476,374.052379
0.393180,0.056247,-0.031305,386.246765
0.774530,0.060970,-0.102606,291.361571
-0.000293,0.068076,-0.000508,478.951574
0.468015,0.013434,-0.042244,368.023742
0.785996,0.057426,-0.105359,288.430005
0.420537,0.093017,-0.035133,379.606009
0.253606,0.099522,-0.014119,419.746008
0.036612,0.037271,0.000889,470.496563
0.954923,0.043883,-0.150176,244.683143
0.463690,0.090752,-0.041571,369.080342
0.839155,0.062861,-0.118598,274.775120
0.561789,0.090359,-0.058035,344.915649
0.449830,0.030362,-0.039450,372.469282
0.799872,0.043903,-0.108739,284.875799
0.407283,0.008411,-0.033254,382.828180
0.405001,0.077208,-0.032935,383.380326
0.826421,0.094840,-0.115355,278.054580
0.495044,0.025369,-0.046557,361.394272
0.731210,0.000782,-0.093549,302.342168
0.480595,0.038449,-0.044227,364.940819
0.886081,0.083411,-0.130942,262.635949
0.240770,0.000788,-0.012856,422.794171
0.559343,0.050956,-0.057593,345.522958
0.375308,0.094281,-0.028909,390.570041
0.742211,0.096726,-0.095041,299.599507
0.490563,0.052900,-0.045828,362.494342
0.333373,0.019543,-0.023615,400.675815
0.896165,0.028054,-0.133675,260.018361
0.960772,0.038516,-0.151872,243.149782
0.483517,0.006193,-0.044694,364.224954
0.084119,0.059377,-0.001516,459.515575
0.868422,0.022450,-0.126224,267.214873
0.029643,0.031072,0.001194,472.101273
0.118329,0.013059,-0.003606,451.563107
0.053856,0.089308,0.000083,466.518293
0.250082,0.068940,-0.014452,420.567586
0.535415,0.081649,-0.053358,351.444984
0.266623,0.011145,-0.016129,416.636823
0.962025,0.006206,-0.152237,242.821999
0.604199,0.038594,-0.065945,334.367058
0.311012,0.030932,-0.020979,406.039057
0.865845,0.074503,-0.125543,267.880743
0.126009,0.071640,-0.004115,449.770883
0.985141,0.009895,-0.157333,236.871132
0.065317,0.070719,-0.000495,463.870072
0.269369,0.054529,-0.016414,415.982061
0.558609,0.069369,-0.057461,345.704489
0.579714,0.036435,-0.061319,340.465506
0.246494,0.005565,-0.014098,421.420683
0.299433,0.095178,-0.019664,408.808148
0.178143,0.065001,-0.007977,437.562562
0.453723,0.029331,-0.040041,371.518575
0.045953,0.067081,0.000462,468.342818
0.471549,0.023890,-0.042797,367.158170
0.093554,0.081604,-0.002062,457.325411
0.688103,0.048179,-0.083018,313.310824
0.834379,0.082637,-0.117377,276.005565
0.801461,0.099924,-0.109911,284.420525
0.914781,0.032990,-0.138796,255.173518
0.319046,0.052162,-0.021911,404.113459
0.084864,0.080665,-0.001558,459.342165
0.961440,0.073863,-0.152067,242.973734
0.641108,0.043645,-0.073221,325.134900
0.580887,0.080449,-0.061537,340.172765
0.089981,0.014055,-0.001854,458.156331
0.724993,0.026791,-0.091128,303.975188
0.308833,0.011510,-0.020729,406.561204
0.093640,0.018979,-0.002068,457.306795
0.809277,0.057203,-0.111060,282.462461
0.333744,0.003615,-0.023660,400.587004
0.792863,0.074482,-0.107025,286.671355
0.904066,0.076336,-0.135837,257.962544
0.702982,0.095589,-0.086244,309.549892
0.229746,0.018753,-0.012487,425.390271
0.180289,0.067343,-0.008151,437.057864
0.278328,0.066826,-0.017358,413.847382
0.608355,0.017548,-0.066745,333.330529
0.373944,0.053233,-0.028730,390.900722
0.213737,0.030324,-0.011015,429.176212
0.406289,0.055349,-0.033115,383.068203
0.064750,0.013289,-0.000467,464.002316
0.172351,0.076107,-0.007514,438.923150
0.399755,0.055610,-0.032207,384.653348
0.000275,0.006131,0.000476,478.830724
0.746543,0.069518,-0.096039,298.498060
0.856794,0.097627,-0.123166,270.220835
0.091916,0.011620,-0.001967,457.707137
0.666929,0.009231,-0.078530,318.648679
0.237271,0.014813,-0.013202,423.607848
0.634815,0.068182,-0.071954,326.711803
0.397924,0.059027,-0.031955,385.097063
0.446127,0.096765,-0.038892,373.371833
0.066590,0.079467,-0.000561,463.575363
0.582338,0.059550,-0.061807,339.812495
0.202144,0.082057,-0.009989,431.911360
0.096877,0.061935,-0.002260,456.553824
0.376289,0.023628,-0.029039,390.334595
0.401387,0.041136,-0.032433,384.257958
0.174418,0.057826,-0.007678,438.437854
0.617745,0.066397,-0.068572,330.983618
0.969687,0.000466,-0.153101,240.908552
0.156245,0.056432,-0.006270,442.701582
0.089053,0.068178,-0.001799,458.370657
0.733115,0.064229,-0.092964,301.912341
0.589395,0.012044,-0.063129,338.057437
0.770107,0.066192,-0.101554,292.491358
0.091361,0.087394,-0.001933,457.834415
0.069864,0.070683,-0.000734,462.817820
0.572679,0.081633,-0.060020,342.212663
0.008771,0.008292,0.002031,476.897675
0.887924,0.064752,-0.131439,262.158031
0.185879,0.023000,-0.008610,435.744077
0.251007,0.046513,-0.014544,420.348311
0.171985,0.011441,-0.007485,439.010538
0.620258,0.040362,-0.069065,330.356116
0.761184,0.079936,-0.099447,294.767797
0.428447,0.099181,-0.036178,377.684622
0.515560,0.060084,-0.049959,356.345123
0.026310,0.011717,0.001335,472.868421
0.284774,0.044574,-0.018050,412.310517
0.935241,0.097395,-0.144540,249.832628
0.281510,0.026653,-0.017699,413.089643
0.568442,0.072417,-0.059244,343.265193
0.727444,0.064924,-0.091680,303.352340
0.567267,0.023903,-0.059029,343.558048
0.016267,0.008782,0.001743,475.176998
0.450301,0.033126,-0.039522,372.354420
0.006839,0.063579,0.002104,477.339625
0.795774,0.041772,-0.107735,285.926178
0.339977,0.060997,-0.024418,399.087633
0.084185,0.089327,-0.001520,459.499475
0.032615,0.026924,0.001065,471.417268
0.752408,0.013072,-0.097397,297.006233
0.019642,0.095747,0.001610,474.399689
0.052531,0.016618,0.000147,466.825896
0.492760,0.060092,-0.046185,361.954589
0.130718,0.083525,-0.004435,448.671623
0.433569,0.090989,-0.037026,376.434067
0.525663,0.099732,-0.052094,353.835457
0.759659,0.015888,-0.099089,295.158384
0.150990,0.065944,-0.005879,443.932208
0.905308,0.044038,-0.136178,257.640237
0.673421,0.075580,-0.079893,317.012460
0.053131,0.067096,0.000118,466.686165
0.171356,0.094258,-0.007435,439.156242
0.387065,0.011444,-0.030476,387.728563
0.196267,0.030440,-0.009483,433.297878
0.021227,0.030983,0.001545,474.036847
0.495057,0.051254,-0.046559,361.390464
0.183787,0.050407,-0.008437,436.235751
0.494510,0.075607,-0.046469,361.524342
0.716345,0.039641,-0.089194,306.167756
0.269360,0.079680,-0.016413,415.983595
0.108196,0.000583,-0.003039,453.922011
0.240967,0.021860,-0.013558,422.731515
0.133301,0.030434,-0.004614,448.069518
0.893102,0.063709,-0.132842,260.813460
0.112024,0.000283,-0.003233,453.031501
0.450039,0.094804,-0.039482,372.416835
0.326467,0.065416,-0.022787,402.332865
0.379711,0.099292,-0.029159,389.516149
0.634515,0.055563,-0.071894,326.787077
0.843437,0.094401,-0.119699,273.670083
0.895713,0.019610,-0.133551,260.136146
0.197060,0.082710,-0.009551,433.109731
0.193493,0.058428,-0.009247,433.950714
0.673375,0.044466,-0.079883,317.024839
0.782412,0.075769,-0.104494,289.346385
0.064806,0.084651,-0.000468,463.987894
0.864145,0.047753,-0.125094,268.321230
0.621255,0.095860,-0.069261,330.105351
0.307760,0.096657,-0.020606,406.816101
0.278743,0.032072,-0.017403,413.749275
0.160114,0.060997,-0.006563,441.794770
0.101950,0.031499,-0.002568,455.375362
0.577714,0.060800,-0.060948,340.962150
0.198605,0.068702,-0.009683,432.745969
0.629077,0.061503,-0.070809,328.148905
0.924594,0.008968,-0.141535,252.615368
0.401019,0.072496,-0.032382,384.346508
0.621406,0.035016,-0.069291,330.069037
0.612524,0.090911,-0.067554,332.287752
0.759587,0.017614,-0.099072,295.176532
0.060624,0.015221,-0.000255,464.956478
0.212382,0.022145,-0.010893,429.496322
0.201736,0.075667,-0.009954,432.007588
0.747080,0.016992,-0.096162,298.362751
0.410839,0.005682,-0.033754,381.964703
0.166456,0.026272,-0.007051,440.308094
0.182560,0.037756,-0.008337,436.524586
0.294769,0.040603,-0.019145,409.924280
0.522712,0.078605,-0.051171,354.581444
0.309535,0.091880,-0.020809,406.391233
0.192516,0.030139,-0.009165,434.181479
0.861677,0.065819,-0.124445,268.959189
0.099512,0.013773,-0.002420,455.942531
0.451588,0.037839,-0.039717,372.039990
0.971199,0.006680,-0.154921,240.413754
0.410105,0.036067,-0.033651,382.142274
0.636017,0.027077,-0.072195,326.411607
0.084783,0.086507,-0.001554,459.360818
0.786178,0.014540,-0.105402,288.384348
0.034179,0.033855,0.000997,471.056955
0.448139,0.034480,-0.039195,372.882102
0.124814,0.048398,-0.004035,450.050112
0.496726,0.027133,-0.046831,360.981004
0.079808,0.069708,-0.001274,460.514743
0.203443,0.070779,-0.010102,431.605241
0.794887,0.083688,-0.107518,286.152656
0.321065,0.071389,-0.022148,403.628874
0.704578,0.044837,-0.086594,309.147415
0.616605,0.057880,-0.068349,331.268873
0.471632,0.068333,-0.042810,367.136725
0.572403,0.073298,-0.059969,342.281524
0.256581,0.066028,-0.015102,419.023599
0.020241,0.026338,0.001585,474.263550
0.245788,0.053486,-0.014028,421.586989
0.138272,0.019930,-0.004962,446.908351
0.521238,0.090051,-0.050920,354.944573
0.322799,0.089959,-0.022352,403.212348
0.299876,0.096057,-0.019714,408.702277
0.312038,0.040181,-0.021097,405.793065
0.939952,0.019954,-0.145878,248.603148
0.366072,0.011109,-0.027704,392.802397
0.272579,0.017187,-0.016750,415.218467
0.838080,0.017548,-0.118322,275.053363
0.220087,0.045937,-0.011591,427.674990
0.879866,0.097229,-0.129271,264.248041
0.805506,0.028692,-0.110126,283.431039
0.420442,0.069456,-0.035120,379.629543
0.299315,0.069322,-0.019651,408.837055
0.223225,0.005619,-0.011879,426.933717
0.827285,0.060274,-0.115574,277.833023
0.103945,0.037248,-0.002691,454.911381
0.629281,0.055819,-0.070849,328.098149
0.195438,0.083098,-0.009412,433.492120
0.450410,0.043805,-0.039538,372.327412
0.639027,0.022890,-0.072801,325.657128
0.418051,0.085850,-0.034777,380.210529
0.000535,0.090317,0.000926,478.773072
0.701641,0.015991,-0.085951,309.890855
0.318943,0.027909,-0.021899,404.138670
0.803762,0.043567,-0.109696,283.878218
0.422828,0.051846,-0.035463,379.049654
0.034038,0.085459,0.001004,471.088421
0.756858,0.055945,-0.098434,295.871265
0.679480,0.011400,-0.081175,315.486957
0.938103,0.058323,-0.145352,249.085463
0.305846,0.012010,-0.020388,407.276107
0.139110,0.005089,-0.005021,446.712838
0.038810,0.071103,0.000791,469.989583
0.840457,0.100027,-0.119437,274.407024
0.929051,0.036091,-0.142789,251.451179
0.179592,0.040796,-0.008095,437.222380
0.522251,0.008524,-0.051093,354.696614
0.790883,0.048299,-0.106543,287.178959
0.899695,0.099964,-0.134488,259.108940
0.685454,0.077463,-0.082450,313.978533
0.216203,0.078636,-0.011237,428.592321
0.015849,0.053064,0.001760,475.271974
0.221717,0.068883,-0.011740,427.288999
0.452946,0.095497,-0.039923,371.706707
0.985183,0.048943,-0.157259,236.865190
0.546122,0.086185,-0.055234,348.797127
0.262103,0.026947,-0.015664,417.711674
0.870975,0.051526,-0.126901,266.553003
0.641129,0.058248,-0.073225,325.129287
0.164343,0.059369,-0.006887,440.803026
0.341008,0.060246,-0.024545,398.839536
0.853508,0.015758,-0.122308,271.071987
0.318170,0.023545,-0.021809,404.323942
0.370060,0.007612,-0.028222,391.839792
0.031508,0.047014,0.001114,471.671704
0.308090,0.062457,-0.020644,406.737853
0.835222,0.011276,-0.117591,275.790077
0.327377,0.014693,-0.022896,402.115624
0.508788,0.097636,-0.048823,358.012116
0.543272,0.099294,-0.055243,349.480302
0.741631,0.033819,-0.094908,299.748576
0.735237,0.067983,-0.093447,301.373089
0.297813,0.091484,-0.019483,409.195438
0.624949,0.009013,-0.069990,329.183474
0.949474,0.059532,-0.148604,246.110137
0.030966,0.062266,0.001137,471.796192
0.019397,0.078928,0.001620,474.456257
0.816537,0.076049,-0.112869,280.597142
0.191888,0.025021,-0.009112,434.329626
0.113326,0.022911,-0.003282,452.728335
0.057159,0.086525,-0.000080,465.755467
0.749166,0.095049,-0.096645,297.829786
0.136894,0.052824,-0.004864,447.229771
0.415899,0.059493,-0.034471,380.734352
0.680634,0.089752,-0.081421,315.194259
0.202334,0.017251,-0.010006,431.867819
0.139254,0.049370,-0.005031,446.678312
0.419486,0.012485,-0.034983,379.863367
0.169559,0.044441,-0.007294,439.579273
0.540550,0.071189,-0.054254,350.175819
0.931453,0.081380,-0.143467,250.822867
0.441076,0.044040,-0.038137,374.605166
0.328899,0.028092,-0.023077,401.750111
0.226523,0.001029,-0.011513,426.168281
0.470625,0.082051,-0.042652,367.383209
0.200020,0.015772,-0.009806,432.413532
0.489229,0.003140,-0.045612,362.823218
0.916653,0.089151,-0.139317,254.684418
0.803630,0.009014,-0.109663,283.912896
0.978306,0.080988,-0.157018,238.543920
0.418660,0.043893,-0.034865,380.063504
0.814456,0.003583,-0.112349,281.133625
0.612607,0.057612,-0.067570,332.267768
0.406852,0.082090,-0.033194,382.930985
0.918128,0.079844,-0.139728,254.300092
0.478469,0.012097,-0.043889,365.462720
0.562078,0.042365,-0.058087,344.844896
0.726402,0.022952,-0.091445,303.617847
0.796281,0.059603,-0.107859,285.795899
0.111612,0.023292,-0.003172,453.127555
0.255740,0.080906,-0.015017,419.223210
0.985360,0.021482,-0.156953,236.845188
0.718559,0.036505,-0.089687,305.606796
0.551045,0.047737,-0.056107,347.579312
0.096108,0.017822,-0.002215,456.733502
0.248295,0.093256,-0.014274,420.991079
0.364514,0.003875,-0.027503,393.178618
0.268815,0.062136,-0.016356,416.113846
0.551810,0.009239,-0.056243,347.390782
0.846556,0.049447,-0.120504,272.866397
0.210921,0.081373,-0.010762,429.839961
0.063753,0.099357,-0.001203,464.221770
0.612894,0.009661,-0.067626,332.197083
0.389555,0.051831,-0.030812,387.124839
0.190487,0.006498,-0.008994,434.659877
0.364727,0.040810,-0.027530,393.126289
0.485915,0.094939,-0.045078,363.634580
0.074569,0.008984,-0.000987,461.730073
0.621055,0.082780,-0.069222,330.155736
0.897322,0.089338,-0.133990,259.716220
0.065947,0.038866,-0.000528,463.724874
0.067899,0.092330,-0.000630,463.272205
0.701290,0.014059,-0.085874,309.979737
0.757720,0.090476,-0.098636,295.650766
0.260994,0.005054,-0.015551,417.976040
0.003243,0.057563,0.002235,478.164327
0.786437,0.088594,-0.105465,288.316386
0.410577,0.069274,-0.033717,382.027023
0.984961,0.098753,-0.157645,236.889970
0.409349,0.082628,-0.033544,382.324782
0.109525,0.076305,-0.003039,453.612208
0.467998,0.083973,-0.042241,368.026174
0.663408,0.060069,-0.077795,319.533488
0.356085,0.082115,-0.026425,395.209376
0.955055,0.099446,-0.149140,244.722367
0.111467,0.030158,-0.003163,453.161201
0.457548,0.012300,-0.040625,370.584296
0.772247,0.040471,-0.102062,291.945329
0.325958,0.055237,-0.022726,402.455224
0.663869,0.069727,-0.077891,319.417104
0.202009,0.073894,-0.009978,431.943217
0.109346,0.000089,-0.003096,453.654502
0.253947,0.064672,-0.014837,419.649589
0.401276,0.065167,-0.032417,384.284243
0.474025,0.049668,-0.043186,366.551115
0.309954,0.088611,-0.020857,406.290971
0.921745,0.057788,-0.140738,253.357246
0.651504,0.052902,-0.075337,322.525692
0.693165,0.027685,-0.084109,312.032940
0.348844,0.085351,-0.025515,396.953421
0.663289,0.018140,-0.077770,319.564491
0.541737,0.081814,-0.054462,349.882148
0.458838,0.061990,-0.040823,370.267687
0.156300,0.030592,-0.006275,442.689467
0.702505,0.050892,-0.086140,309.671695
0.150752,0.041856,-0.005862,443.988639
0.612918,0.021842,-0.067630,332.190959
0.079732,0.075137,-0.001270,460.532324
0.230996,0.061851,-0.012604,425.093435
0.339939,0.006352,-0.024414,399.097852
0.082842,0.070537,-0.001444,459.811395
0.253772,0.010939,-0.014820,419.692311
0.368429,0.039462,-0.028010,392.232914
0.023320,0.090973,0.001460,473.554367
0.801664,0.080518,-0.109179,284.415272
0.540596,0.087512,-0.054262,350.164038
0.493774,0.089842,-0.046349,361.704849
0.247103,0.000253,-0.013473,421.292048
0.000263,0.051667,0.000455,478.832396
0.890554,0.099933,-0.132122,261.476135
0.815319,0.042588,-0.112564,280.910809
0.328759,0.015287,-0.023061,401.784037
0.405051,0.049442,-0.032942,383.368835
0.481774,0.052486,-0.044415,364.651470
0.038048,0.035316,0.000825,470.165813
-0.000000,0.100000,-0.000000,478.887769
0.173086,0.099914,-0.007074,438.759076
0.118169,0.041969,-0.003595,451.599646
0.430152,0.036433,-0.036526,377.267544
0.158754,0.097444,-0.006459,442.112847
-0.000414,0.032799,-0.000718,478.978342
0.448180,0.075174,-0.039201,372.871222
0.708359,0.075048,-0.087425,308.189690
0.657160,0.092086,-0.076500,321.103760
0.569865,0.023178,-0.059504,342.913126
0.324308,0.027025,-0.022531,402.852008
0.899758,0.006321,-0.134655,259.084819
0.328456,0.074132,-0.023024,401.855332
0.429517,0.087714,-0.036433,377.420937
0.002153,0.016364,0.002274,478.415260
0.326322,0.003929,-0.022770,402.369203
0.557361,0.034596,-0.057237,346.014771
0.723688,0.022697,-0.090835,304.306512
0.797107,0.065373,-0.108061,285.584109
0.340783,0.087238,-0.024517,398.893043
0.180631,0.039885,-0.008179,436.978181
0.941178,0.024436,-0.146228,248.282143
0.329569,0.010351,-0.023158,401.589491
0.284517,0.073880,-0.018022,412.371157
0.481962,0.000940,-0.044629,364.599510
0.343284,0.094697,-0.024825,398.291338
0.429035,0.000192,-0.036267,377.543836
0.323154,0.015454,-0.022394,403.128910
0.248143,0.051927,-0.014260,421.028210
0.174101,0.065564,-0.007653,438.512194
0.324912,0.024953,-0.022602,402.707078
0.762428,0.009921,-0.099739,294.452361
0.259825,0.073642,-0.015431,418.252447
0.707574,0.075396,-0.087252,308.388512
0.452565,0.011361,-0.039865,371.801789
0.046995,0.000878,-0.000718,468.091543
0.621772,0.050813,-0.069363,329.977278
0.432883,0.091278,-0.036925,376.601089
0.003063,0.043023,0.002242,478.205988
0.379719,0.014715,-0.029493,389.505772
0.026820,0.054211,0.001314,472.750291
0.186426,0.028253,-0.008655,435.615245
0.581758,0.069335,-0.061699,339.956454
0.242128,0.048907,-0.013670,422.455581
0.306654,0.013816,-0.020480,407.082668
0.005311,0.068000,0.002160,477.690106
0.026273,0.003897,0.001336,472.877113
0.134009,0.093507,-0.004662,447.902845
0.452623,0.043124,-0.039874,371.787046
0.166906,0.033281,-0.007086,440.202360
0.915305,0.068403,-0.138942,255.036116
0.951303,0.062030,-0.149131,245.631171
0.373038,0.065217,-0.028611,391.119257
0.329938,0.069591,-0.023201,401.499597
0.182458,0.043284,-0.008328,436.548557
0.966578,0.078442,-0.153566,241.625351
0.381212,0.007467,-0.029692,389.144925
0.525548,0.042745,-0.051656,353.882475
0.193532,0.081890,-0.009250,433.941182
0.066677,0.078351,-0.000566,463.555117
0.052142,0.015836,0.000166,466.915790
0.521549,0.091929,-0.050973,354.867939
0.623987,0.093662,-0.069800,329.422006
0.245269,0.008398,-0.013977,421.711189
0.433262,0.007590,-0.036981,376.510702
0.539105,0.086938,-0.054001,350.532839
0.176096,0.091174,-0.007812,438.042995
0.133744,0.031587,-0.004645,447.966169
0.965740,0.046229,-0.153321,241.846034
0.656387,0.067424,-0.076340,321.298598
0.505370,0.007917,-0.048255,358.855581
0.265507,0.063119,-0.016013,416.901181
0.152404,0.046078,-0.005984,443.601654
0.985426,0.039622,-0.156839,236.837035
0.766387,0.081134,-0.100673,293.440595
0.044592,0.040269,0.000525,468.657287
0.094909,0.067839,-0.002143,457.010985
0.269212,0.054762,-0.016398,416.019392
0.013491,0.078819,0.001853,475.812857
0.183526,0.001107,-0.007865,436.308882
0.259064,0.021387,-0.015354,418.434467
0.713950,0.069299,-0.088662,306.774025
0.759677,-0.000027,-0.100053,295.099781
0.567617,0.019968,-0.059093,343.471168
0.517375,0.042406,-0.050265,355.898158
0.798615,0.070213,-0.108431,285.197402
0.231747,0.059759,-0.012675,424.915448
0.413412,0.060058,-0.034117,381.338567
0.859451,0.072950,-0.123861,269.534707
0.030294,0.090841,0.001167,471.950096
0.518449,0.062650,-0.050447,355.633072
0.984772,0.040727,-0.157972,236.913568
0.015804,0.025003,0.001762,475.282812
0.764716,0.080663,-0.100278,293.867030
0.082009,0.078134,-0.001397,460.004339
0.314988,0.084255,-0.021438,405.085234
0.025802,0.017610,0.001356,472.985158
0.362414,0.021819,-0.027233,393.684898
0.046440,0.077730,0.000439,468.230317
0.776171,0.066341,-0.102998,290.942312
0.928158,0.057340,-0.142538,251.683882
0.091105,0.003737,-0.001919,457.895594
0.593616,0.074681,-0.063926,337.004783
0.034749,0.024954,0.000972,470.926037
0.116664,0.096495,-0.003496,451.949248
0.557925,0.018748,-0.057338,345.875287
0.744145,0.071905,-0.095486,299.108170
0.037396,0.049404,0.000854,470.315648
0.171885,0.058467,-0.007477,439.032996
0.579621,0.068349,-0.061302,340.488002
0.984187,0.004942,-0.158762,236.998986
0.882480,0.000384,-0.130045,263.567774
0.704360,0.039214,-0.086546,309.202524
0.059770,0.026162,-0.000212,465.153477
0.022724,0.077006,0.001484,473.691625
0.060512,0.072738,-0.000249,464.981049
0.104498,0.049367,-0.002725,454.782418
0.350770,0.025107,-0.025756,396.491188
0.069354,0.007422,-0.000708,462.937389
0.765924,0.063449,-0.100563,293.559146
0.080723,0.032890,-0.001325,460.303476
0.715368,0.031256,-0.088976,306.415550
0.168752,0.043110,-0.007230,439.768740
0.411697,0.056582,-0.033875,381.755350
0.746364,0.040688,-0.095997,298.544362
0.375989,0.091723,-0.028999,390.405516
0.907918,0.053774,-0.136897,256.960712
0.011203,0.014426,0.001939,476.339401
0.429358,0.095177,-0.036410,377.459569
0.943132,0.062021,-0.146786,247.770059
0.885184,0.031504,-0.130699,262.870089
0.499285,0.020146,-0.047251,360.352039
0.023495,0.097212,0.001453,473.513993
0.181538,0.093856,-0.008253,436.763791
0.028846,0.054305,0.001228,472.284115
0.741667,0.006546,-0.094916,299.740049
0.722207,0.056374,-0.090503,304.681293
0.240743,0.090627,-0.013536,422.783069
0.302977,0.060857,-0.020063,407.961396
0.456949,0.080133,-0.040533,370.729067
0.902840,0.088789,-0.135500,258.281173
0.429334,0.014423,-0.036406,377.467303
0.486805,0.021144,-0.045221,363.417917
0.868417,0.048197,-0.126223,267.215516
0.873284,0.089886,-0.127514,265.954100
0.930433,0.031500,-0.143179,251.090357
0.054072,0.068358,0.000072,466.469048
0.327917,0.093591,-0.022959,401.984306
0.921564,0.016030,-0.140687,253.405555
0.292690,0.022579,-0.018915,410.421229
0.181346,0.094833,-0.008237,436.808909
0.568116,0.087574,-0.059184,343.345741
0.983582,0.040480,-0.158582,237.157251
0.614967,0.055346,-0.068029,331.678236
0.639796,0.081873,-0.072956,325.462840
0.300208,0.010205,-0.019752,408.624869
0.757076,0.073890,-0.098485,295.815245
0.277277,0.049161,-0.017246,414.098321
0.011812,0.012008,0.001916,476.199777
0.192234,0.025325,-0.009141,434.248197
0.787889,0.038215,-0.105817,287.945896
0.648623,0.000015,-0.075693,323.203820
0.556809,0.028907,-0.057137,346.151667
0.335261,0.009265,-0.023844,400.222291
0.636858,0.067677,-0.072364,326.199742
0.007049,0.035366,0.002096,477.292239
0.008663,0.054969,0.002036,476.921520
0.401554,0.014088,-0.032456,384.218145
0.297232,0.025172,-0.019419,409.335975
0.004212,0.037822,0.002200,477.942596
0.567935,0.027008,-0.059151,343.392033
0.016195,0.094770,0.001747,475.191601
0.940887,0.044675,-0.146145,248.358002
0.733293,0.099380,-0.094019,301.810606
0.453079,0.094175,-0.039943,371.674317
0.399974,-0.000004,-0.031998,384.609460
0.151394,0.028533,-0.005909,443.838643
0.457327,0.085031,-0.040591,370.636540
0.166284,0.078018,-0.007037,440.347313
0.387205,0.039548,-0.030495,387.694237
0.306143,0.088417,-0.020422,407.203145
0.245468,0.095410,-0.013996,421.662128
0.398045,0.004191,-0.031972,385.069090
0.524638,0.064999,-0.051500,354.106554
0.456538,0.042027,-0.040471,370.830322
0.466645,0.009318,-0.042030,368.359251
0.054417,0.063026,0.000055,466.389490
0.206796,0.036687,-0.010397,430.814732
0.495634,0.063675,-0.046653,361.248433
0.680343,0.029610,-0.081359,315.268904
0.941576,0.065872,-0.146341,248.177201
0.663425,0.095583,-0.077799,319.528329
0.205811,0.092453,-0.010310,431.046046
0.799098,0.027739,-0.108549,285.074726
0.170839,0.072189,-0.007394,439.278251
0.649210,0.086089,-0.074867,323.100991
0.198764,0.080955,-0.009697,432.708245
0.314481,0.074934,-0.021379,405.206870
0.457564,0.059260,-0.040628,370.579202
0.210614,0.037076,-0.010735,429.913532
0.379703,0.007894,-0.029491,389.509752
0.282668,0.090304,-0.017823,412.812095
0.799063,0.042369,-0.108540,285.083237
0.577404,0.041490,-0.060891,341.039688
0.873386,0.094067,-0.127541,265.927595
0.285480,0.046196,-0.018127,412.142211
0.269976,0.017963,-0.016478,415.838355
0.845648,0.044653,-0.120269,273.100791
0.715056,0.010869,-0.088907,306.495309
0.097179,0.092030,-0.002278,456.482968
0.772815,0.004256,-0.102197,291.801065
0.658706,0.046375,-0.076819,320.716177
0.679008,0.025705,-0.081075,315.605766
0.979707,0.057652,-0.157432,238.176132
0.406036,0.079549,-0.033080,383.129042
0.916059,0.099044,-0.138763,254.864994
0.743737,0.051827,-0.095392,299.212480
0.165619,0.071039,-0.006986,440.503305
0.352460,0.067685,-0.025968,396.083192
0.141868,0.000299,-0.004939,446.072790
0.540399,0.073252,-0.054227,350.213063
0.341934,0.000725,-0.024170,398.632467
0.917385,0.000194,-0.139113,254.523167
0.268819,0.033278,-0.016357,416.113482
0.201132,0.012599,-0.009902,432.151497
0.384552,0.051657,-0.030138,388.335837
0.019534,0.048600,0.001614,474.425561
0.260376,0.064124,-0.015487,418.121707
0.402954,0.081535,-0.032650,383.876978
0.724114,0.066386,-0.090931,304.197383
0.217072,0.064295,-0.011316,428.387428
0.246749,0.009393,-0.014123,421.360019
0.761910,0.091976,-0.099618,294.582330
0.926050,0.016468,-0.141944,252.235013
0.687747,0.099592,-0.083960,313.346659
0.698699,0.095256,-0.085309,310.633008
0.086387,0.077528,-0.001645,458.988895
0.544026,0.085927,-0.054864,349.315677
0.798757,0.073976,-0.108465,285.160864
0.109376,0.019540,-0.003030,453.648101
0.752959,0.095548,-0.097525,296.863897
0.969945,0.007295,-0.154552,240.742997
0.102801,0.060110,-0.002620,455.176864
0.623480,0.092430,-0.069700,329.548936
0.282722,0.074375,-0.017829,412.799509
0.061578,0.048112,-0.000303,464.735130
0.177536,0.095246,-0.007928,437.704400
0.736346,0.040054,-0.093699,301.092073
0.585415,0.007403,-0.062382,339.048187
0.960329,0.071182,-0.151744,243.265107
0.843991,0.096967,-0.119842,273.527037
0.933209,0.092816,-0.143964,250.363821
0.932469,0.063306,-0.143754,250.557703
0.141871,0.059039,-0.005217,446.066263
0.541540,0.094949,-0.054427,349.930371
0.793523,0.085944,-0.107186,286.501834
0.211224,0.008996,-0.010790,429.770160
0.091432,0.050394,-0.001938,457.818840
0.105415,0.023638,-0.002782,454.569784
0.392596,0.038015,-0.031225,386.388666
0.638344,0.072495,-0.072663,325.827133
0.565686,0.045543,-0.058742,343.949719
0.595150,0.016741,-0.064216,336.623823
0.382721,0.052313,-0.029893,388.778961
0.668788,0.062342,-0.078919,318.179381
0.610404,0.034177,-0.067142,332.818486
0.280665,0.062501,-0.017608,413.290281
0.516895,0.026759,-0.050184,356.016835
0.779721,0.070505,-0.103848,290.034641
0.090501,0.073002,-0.001883,458.034363
0.220118,0.018555,-0.011594,427.668282
0.749909,0.095179,-0.096817,297.640644
0.964512,0.068971,-0.152963,242.167664
0.362182,0.086415,-0.027203,393.739259
0.318749,0.077178,-0.021876,404.183910
0.603122,0.078596,-0.065738,334.634940
0.897957,0.067332,-0.134164,259.551628
0.246920,0.047067,-0.014139,421.318562
0.921092,0.019241,-0.140555,253.528527
0.742092,0.004736,-0.095014,299.631997
0.561266,0.079580,-0.057940,345.045512
0.440123,0.051833,-0.037995,374.837398
0.274962,0.087806,-0.017001,414.649095
0.317213,0.062167,-0.021697,404.552453
0.607315,0.092495,-0.066545,333.588170
0.752061,0.043040,-0.097316,297.093763
0.589456,0.062850,-0.063140,338.040993
0.887317,0.000294,-0.131288,262.316352
0.435504,0.052604,-0.037311,375.963352
0.119287,0.072014,-0.003668,451.338431
0.591455,0.045579,-0.063517,337.543698
0.283699,0.037549,-0.017934,412.567263
0.129930,0.054452,-0.004382,448.856107
0.863586,0.029053,-0.124947,268.466234
0.834101,0.099596,-0.117864,276.042446
0.634001,0.028572,-0.071791,326.916668
0.374967,0.033428,-0.028864,390.654045
0.218550,0.081908,-0.011450,428.037640
0.328795,0.062970,-0.023065,401.774199
0.131537,0.027039,-0.004492,448.481696
0.296907,0.042089,-0.019382,409.413288
0.108798,0.047594,-0.002993,453.781999
0.175851,0.054696,-0.007793,438.101329
0.773102,0.086124,-0.102266,291.725947
0.655630,0.028073,-0.076184,321.489759
0.608713,0.084733,-0.066815,333.239595
0.242815,0.088400,-0.013737,422.291622
0.177984,0.081606,-0.007964,437.599570
0.014491,0.060256,0.001813,475.583655
0.937073,0.057894,-0.145059,249.354763
0.234998,0.080151,-0.012984,424.144996
0.565201,0.078464,-0.058653,344.069307
0.192976,0.094447,-0.009203,434.071727
0.484802,0.052255,-0.044899,363.908735
0.526812,0.065026,-0.051872,353.569970
0.089132,0.042254,-0.001804,458.352807
0.794072,0.049569,-0.107319,286.362211
0.514528,0.000306,-0.050145,356.586206
0.166648,0.027673,-0.007066,440.262921
0.339859,0.038363,-0.024404,399.116540
0.200288,0.056389,-0.009829,432.349558
0.336089,0.000380,-0.023434,400.038173
0.359851,0.023150,-0.026905,394.302879
0.189644,0.050657,-0.008923,434.857385
0.270223,0.073468,-0.016503,415.778260
0.019867,0.044071,0.001600,474.349010
0.394676,0.072727,-0.031509,385.883921
0.214333,0.073767,-0.011068,429.034264
0.919246,0.001042,-0.139603,254.039960
0.326045,0.063892,-0.022737,402.434283
0.145297,0.002764,-0.005464,445.266059
0.479654,0.057763,-0.044077,365.171210
0.855114,0.058773,-0.122727,270.655925
0.834620,0.060378,-0.117438,275.943957
0.398710,0.054785,-0.032063,384.906773
0.441972,0.016812,-0.038270,374.387421
0.248966,0.069736,-0.014341,420.832402
0.293255,0.027976,-0.018978,410.286102
0.881940,0.055275,-0.129827,263.711145
0.968959,0.016001,-0.154263,241.001815
0.089853,0.027933,-0.001846,458.185882
0.366326,0.053901,-0.027737,392.740144
0.110289,0.049936,-0.003088,453.434997
0.461126,0.091301,-0.041175,369.707434
0.052659,0.014183,0.000141,466.796406
0.792247,0.046807,-0.106875,286.829750
0.217601,0.015404,-0.011364,428.263410
0.060369,0.000333,-0.001095,465.005647
0.773815,0.073743,-0.102435,291.544085
0.222242,0.039587,-0.011788,427.165622
0.706217,0.034083,-0.086954,308.732976
0.415189,0.017643,-0.034370,380.907751
0.951722,0.056541,-0.149252,245.521534
0.521060,0.081149,-0.050890,354.988804
0.399831,0.090349,-0.032217,384.634174
0.640486,0.093364,-0.073095,325.289602
0.203683,0.005187,-0.010124,431.550104
0.257887,0.076821,-0.015234,418.713158
0.149370,0.017361,-0.005760,444.312791
0.022243,0.013270,0.001503,473.803610
0.388393,0.042229,-0.030655,387.406556
0.782099,0.076154,-0.104419,289.426322
0.677471,0.040931,-0.080749,315.992707
0.937513,0.028491,-0.145184,249.240445
0.000356,0.010984,0.000616,478.813274
0.214795,0.006319,-0.011110,428.926623
0.146909,0.069315,-0.005580,444.887473
0.557643,0.086076,-0.057287,345.943658
0.760172,0.081102,-0.099210,295.025910
0.298052,0.025604,-0.019510,409.139864
-0.000468,0.086843,-0.000811,478.988724
0.756859,0.099411,-0.099401,295.815499
0.925802,0.011283,-0.141875,252.299986
0.681647,0.024721,-0.081636,314.940290
0.478015,0.077088,-0.043817,365.572655
0.179899,0.079239,-0.008119,437.149306
0.185404,0.076213,-0.008570,435.854799
0.144514,0.063681,-0.005406,445.447971
0.967032,0.087844,-0.153699,241.505928
0.984932,0.015352,-0.157694,236.895404
0.127990,0.036572,-0.004250,449.309395
0.245437,0.063037,-0.013993,421.670227
0.209668,0.048118,-0.010651,430.136570
0.409822,0.077513,-0.033611,382.210050
0.462800,0.088382,-0.041434,369.298122
0.634974,0.047238,-0.071986,326.672462
0.197659,0.006932,-0.009603,432.970285
0.260379,0.086475,-0.015487,418.120493
0.684287,0.008814,-0.082200,314.274659
0.552549,0.041499,-0.056375,347.207048
0.965236,0.058442,-0.153174,241.978182
0.458228,0.051590,-0.040730,370.416977
0.475450,0.024418,-0.043411,366.202578
0.396016,0.026711,-0.031693,385.560279
0.832744,0.015870,-0.116960,276.428379
0.184733,0.033431,-0.008515,436.013474
0.692466,0.089950,-0.083958,312.208196
0.055479,0.090728,0.000003,466.143552
0.090763,0.022529,-0.001899,457.974697
0.032491,0.065716,0.001071,471.444898
0.186862,0.030850,-0.008691,435.512594
0.215651,0.074091,-0.011187,428.722908
0.039836,0.029781,0.000744,469.754066
0.463833,0.062857,-0.041594,369.045998
0.383130,0.039495,-0.029948,388.680191
0.173021,0.094884,-0.007567,438.765360
0.021489,0.088185,0.001535,473.975304
0.628378,0.068992,-0.070670,328.323841
0.408498,0.007647,-0.033425,382.533194
0.366425,0.000474,-0.027359,392.729621
0.285585,0.084547,-0.018138,412.116128
0.414044,0.062218,-0.034207,381.184976
0.541937,0.074329,-0.054497,349.832704
0.117279,0.025719,-0.003537,451.807445
0.497418,0.080834,-0.046944,360.809722
0.314739,0.029658,-0.021409,405.146282
0.953449,0.093610,-0.149750,245.068060
0.043410,0.098937,-0.000629,468.915666
0.588043,0.012161,-0.062875,338.393924
0.166304,0.087106,-0.007039,440.342273
0.099962,0.084739,-0.002446,455.836422
0.108592,0.032129,-0.002981,453.830263
0.050241,0.089133,0.000259,467.352929
0.211741,0.032795,-0.010836,429.647493
0.492627,0.035718,-0.046163,361.987866
0.975521,0.071316,-0.156194,239.276296
0.166734,0.000989,-0.006612,440.251810
0.099106,0.065572,-0.002395,456.035766
0.539140,0.044877,-0.054007,350.525081
0.697068,0.074036,-0.084955,311.045663
0.812565,0.026662,-0.111877,281.618724
0.595026,0.027482,-0.064193,336.654439
0.108498,0.062506,-0.002974,453.851561
0.370935,0.005841,-0.028336,391.628575
0.528788,0.071156,-0.052212,353.082043
0.748808,0.067149,-0.096562,297.921601
0.259981,0.096573,-0.015446,418.214904
0.817698,0.040857,-0.113159,280.299492
0.163213,0.057774,-0.006800,441.068196
0.169371,0.092197,-0.007278,439.622436
0.962831,0.006571,-0.152472,242.610376
0.269639,0.017318,-0.016442,415.918587
0.262610,0.052732,-0.015715,417.590647
0.231452,0.054178,-0.012647,424.985434
0.603274,0.086878,-0.065767,334.596738
0.238453,0.029475,-0.013315,423.327326
0.138921,0.012346,-0.005008,446.757038
0.030231,0.010822,0.001168,471.966439
0.545737,0.031531,-0.055166,348.893728
0.442254,0.075631,-0.038312,374.317173
0.631160,0.036027,-0.071224,327.627953
0.536548,0.019440,-0.053555,351.166514
0.240976,0.097279,-0.013558,422.727613
0.538689,0.010152,-0.053928,350.637372
0.229560,0.030093,-0.012469,425.434046
0.763497,0.037694,-0.099991,294.179013
0.882923,0.078945,-0.130091,263.455566
0.109437,0.070523,-0.003033,453.632898
0.172894,0.059894,-0.007557,438.795800
0.369874,0.028516,-0.028198,391.884402
0.096322,0.039529,-0.002227,456.683266
0.427037,0.084364,-0.036072,378.024848
0.230277,0.063732,-0.012536,425.263650
0.673556,0.030853,-0.079921,316.979430
0.557124,0.014055,-0.057194,346.074038
0.566957,0.026821,-0.058973,343.634740
0.460094,0.032743,-0.041016,369.961251
0.263193,0.004159,-0.015776,417.452956
0.800716,0.012028,-0.108946,284.660193
0.764302,0.064648,-0.100181,293.972797
0.770467,0.045545,-0.101639,292.399884
0.727791,0.021852,-0.091759,303.265238
0.899063,0.087941,-0.134466,259.263575
0.922460,0.018604,-0.140937,253.171947
0.006681,0.055469,0.002110,477.376169
0.492861,0.086345,-0.046201,361.929332
0.156462,0.070694,-0.006287,442.650425
0.222615,0.092424,-0.011822,427.076160
0.741535,0.037173,-0.094886,299.772932
0.360351,0.039106,-0.026969,394.181989
0.015514,0.053696,0.001773,475.348827
0.164756,0.034540,-0.006919,440.706688
0.088536,0.028993,-0.001770,458.491322
0.269288,0.064632,-0.016405,416.001131
0.489721,0.033204,-0.045692,362.701648
0.326200,0.044462,-0.022755,402.397606
0.035146,0.062337,0.000955,470.833717
0.144177,0.033033,-0.005383,445.527485
0.788829,0.099888,-0.106892,287.654126
0.017475,0.012077,0.001695,474.899325
0.075527,0.099330,-0.001612,461.498822
0.036193,0.028056,0.000908,470.593264
0.942950,0.046084,-0.146734,247.818254
0.845076,0.010056,-0.120121,273.249315
0.711023,0.012099,-0.088013,307.516825
0.400877,0.082624,-0.032362,384.380531
0.799264,0.050821,-0.108590,285.031559
0.052907,0.066616,0.000129,466.738044
0.056938,0.093876,-0.000069,465.806443
0.042378,0.048761,0.000628,469.167658
0.531822,0.000752,-0.053187,352.315784
0.182427,0.084963,-0.008325,436.554846
0.092833,0.032185,-0.002020,457.493766
0.510761,0.099741,-0.049492,357.512771
0.297618,0.056163,-0.019462,409.242934
0.206599,0.094489,-0.010379,430.859980
0.689525,0.037459,-0.083323,312.952014
0.050185,0.049237,0.000261,467.366789
0.862376,0.065736,-0.124629,268.778447
0.592406,0.059619,-0.063697,337.306419
0.953501,0.014242,-0.149765,245.056419
0.597235,0.047831,-0.064613,336.103570
0.362725,0.097432,-0.027272,393.608107
0.030710,0.008095,0.001147,471.856202
0.325187,0.025798,-0.022635,402.641126
0.095129,0.097040,-0.002155,456.959232
0.285779,0.090656,-0.018159,412.069775
0.367554,0.096213,-0.027896,392.442911
0.014724,0.088122,0.001805,475.529641
0.575741,0.059284,-0.060584,341.452487
0.111503,0.034290,-0.003165,453.152637
0.929861,0.006644,-0.143017,251.240498
0.179053,0.067024,-0.008051,437.348649
0.488656,0.072593,-0.045520,362.962155
0.124408,0.072628,-0.004008,450.144388
0.496010,0.000587,-0.046974,361.147396
0.003275,0.092300,0.002235,478.156341
0.422676,0.077221,-0.035441,379.086249
0.292183,0.067314,-0.018859,410.541275
0.723669,0.086646,-0.090831,304.309587
0.340998,0.075362,-0.024544,398.841595
0.130250,0.045348,-0.004404,448.781779
0.984929,0.086195,-0.157699,236.893988
0.602417,0.024813,-0.065602,334.812012
0.020347,0.037065,0.001581,474.239022
0.226931,0.023730,-0.012223,426.056492
0.308809,0.083620,-0.020726,406.565228
0.036250,0.059764,0.000906,470.579463
0.232615,0.016486,-0.012758,424.710999
0.698086,0.059088,-0.085176,310.788841
0.758051,0.026342,-0.098713,295.567999
0.835592,0.076079,-0.117686,275.693194
0.244671,0.027730,-0.013919,421.852761
0.443027,0.026436,-0.038428,374.129912
0.735011,0.090205,-0.093395,301.429986
0.770999,0.076657,-0.101765,292.263316
0.318168,0.056378,-0.021808,404.323742
0.374077,0.025081,-0.028748,390.869121
0.752491,0.050698,-0.097416,296.984063
0.062553,0.007708,-0.000353,464.510634
0.116122,0.018020,-0.003462,452.077096
0.353003,0.071987,-0.026036,395.952217
0.756051,0.047232,-0.098245,296.077180
0.907919,0.061316,-0.136897,256.960113
0.124115,0.095574,-0.003988,450.212221
0.374010,0.063082,-0.028739,390.884514
0.251235,0.091035,-0.014566,420.293085
0.698722,0.008098,-0.085314,310.629124
0.114137,0.012375,-0.003334,452.539782
0.135877,0.073794,-0.004793,447.466927
0.692380,0.030907,-0.083939,312.231138
0.276117,0.016403,-0.017123,414.375689
0.657544,0.084539,-0.076579,321.007417
0.058956,0.004171,-0.000171,465.342160
0.365011,0.000849,-0.027170,393.070946
0.471674,0.082911,-0.042816,367.126298
0.293763,0.007262,-0.019034,410.165266
0.171624,0.053898,-0.007456,439.094191
0.717125,0.040188,-0.089367,305.970280
0.610399,0.062980,-0.067141,332.819018
0.449843,0.099961,-0.039464,372.464225
0.112533,0.066875,-0.003230,452.912089
0.368052,0.020622,-0.027961,392.324262
0.136284,0.027239,-0.004822,447.372968
0.592939,0.044403,-0.063797,337.174130
0.286087,0.053335,-0.018193,411.997075
0.660250,0.098852,-0.078113,320.278156
0.771147,0.063549,-0.101800,292.225807
0.339583,0.027606,-0.024370,399.183121
0.348209,0.068110,-0.025436,397.106699
0.270884,0.041509,-0.016572,415.621729
0.326540,0.038669,-0.022796,402.315961
-0.000512,0.084820,-0.000887,478.998191
0.183902,0.030333,-0.008447,436.209161
0.350188,0.007342,-0.025683,396.631768
0.041386,0.038054,0.000673,469.396489
0.005078,0.054500,0.002169,477.743821
0.827294,0.027924,-0.115576,277.831479
0.551335,0.098951,-0.056711,347.482688
0.397589,0.087698,-0.031908,385.177830
0.430567,0.066960,-0.036586,377.165765
0.769870,0.015279,-0.101497,292.553088
0.605804,0.007177,-0.066253,333.967391
0.650956,0.039710,-0.075224,322.663535
0.828069,0.069629,-0.115772,277.630999
0.845870,0.021271,-0.120326,273.044157
0.717580,0.054304,-0.089469,305.854618
0.725679,0.082762,-0.091283,303.799733
0.170219,0.028789,-0.007346,439.424788
0.674358,0.023757,-0.080090,316.777585
0.781158,0.078743,-0.104193,289.667055
0.777722,0.091918,-0.103369,290.545271
0.315289,0.035777,-0.021473,405.014360
0.671153,0.042372,-0.079415,317.584462
0.345980,0.061662,-0.025158,397.643525
0.764688,0.023618,-0.100272,293.875406
0.335570,0.094607,-0.023881,400.146156
0.769412,0.053693,-0.101389,292.668919
0.444715,0.018409,-0.038680,373.718126
0.384554,0.024351,-0.030138,388.336087
0.779003,0.087118,-0.103675,290.217947
0.191553,0.066954,-0.009083,434.407454
0.841278,0.099238,-0.119641,274.195843
0.624735,0.017057,-0.069948,329.236779
0.774673,0.034244,-0.102640,291.325889
0.580557,0.079982,-0.061476,340.254820
0.047896,0.002797,0.000369,467.896077
0.010260,0.064477,0.001976,476.554787
0.297440,0.026444,-0.019442,409.286243
0.824467,0.033852,-0.114861,278.558782
0.259708,0.067784,-0.015419,418.280324
-0.000000,0.100000,-0.000000,478.887769
0.453232,0.043350,-0.039966,371.638175
0.140080,0.033803,-0.005090,446.485431
0.547398,0.088756,-0.055460,348.481168
0.143838,0.076486,-0.005358,445.605697
0.014839,0.097565,0.001800,475.502873
0.457465,0.013882,-0.040613,370.604417
0.417961,0.051024,-0.034765,380.233326
0.305000,0.071383,-0.020292,407.477141
0.182895,0.058490,-0.008364,436.445382
0.205685,0.068405,-0.010299,431.076194
0.348750,0.065069,-0.025503,396.976501
0.914231,0.076697,-0.138644,255.315849
0.538075,0.005865,-0.053821,350.789416
0.774869,0.068618,-0.102687,291.274801
0.766932,0.033309,-0.100801,293.302672
0.405783,0.093637,-0.033044,383.190163
0.195369,0.065268,-0.009406,433.508616
0.763684,0.090695,-0.100035,294.130064
0.726897,0.020807,-0.091557,303.492155
0.531591,0.015522,-0.052695,352.391231
0.156005,0.009498,-0.006253,442.759023
0.269869,0.078572,-0.016466,415.862581
0.625305,0.093617,-0.070060,329.092366
0.942128,0.094104,-0.146499,248.031901
0.219848,0.085475,-0.011568,427.730748
0.005972,0.098967,-0.000034,477.519495
0.654522,0.075315,-0.075956,321.767118
0.120432,0.060750,-0.003744,451.071734
0.898036,0.015690,-0.134185,259.532443
0.457944,0.001006,-0.040741,370.485616
0.184363,0.062107,-0.008485,436.099855
0.983580,0.095784,-0.158582,237.156255
0.401675,0.014643,-0.032473,384.188702
0.460485,0.096205,-0.041076,369.864237
0.048651,0.076831,0.000335,467.720088
0.376374,0.050250,-0.029050,390.313471
0.017827,0.028182,0.001682,474.818096
0.132163,0.036944,-0.004535,448.335252
0.403554,0.049988,-0.032734,383.731971
0.178659,0.071365,-0.008019,437.441103
0.866597,0.086329,-0.125742,267.685677
0.938670,0.069675,-0.145513,248.937042
0.920384,0.064436,-0.140357,253.712130
0.135265,0.080261,-0.004750,447.609682
0.871603,0.020701,-0.127067,266.391269
0.570207,0.041906,-0.059567,342.827574
0.471692,0.027181,-0.042819,367.123187
0.513336,0.072568,-0.049585,356.892722
0.587377,0.099021,-0.063474,338.525108
0.516525,0.091354,-0.050121,356.106557
0.607494,0.090788,-0.066579,333.543652
0.745701,0.002796,-0.095844,298.713896
0.568406,0.041664,-0.059237,343.274816
0.002696,0.012978,0.002254,478.290683
0.731968,0.058828,-0.092704,302.203845
0.165642,0.029906,-0.006988,440.499040
0.923959,0.086649,-0.141358,252.778978
0.094976,0.062032,-0.002147,456.995364
0.050867,0.017979,0.000227,467.209925
0.091126,0.069235,-0.001920,457.889451
0.132334,0.067789,-0.004547,448.294510
0.005312,0.086810,0.002161,477.689377
0.334507,0.092362,-0.023752,400.401593
0.264483,0.045634,-0.015908,417.145212
0.687281,0.050377,-0.082841,313.518149
0.116368,0.008780,-0.003478,452.020148
0.446294,0.077498,-0.038917,373.331455
0.201177,0.021345,-0.009906,432.140580
0.383693,0.024783,-0.030023,388.544326
0.224962,0.056037,-0.012040,426.521798
0.522172,0.099073,-0.051479,354.697782
0.182011,0.067843,-0.008291,436.653100
0.717904,0.030767,-0.089541,305.773053
0.729220,0.049213,-0.092081,302.901969
0.062145,0.092642,-0.000331,464.603116
0.916658,0.083589,-0.139319,254.683103
0.649069,0.097106,-0.074838,323.136023
0.247488,0.067678,-0.014195,421.183377
0.755569,0.097610,-0.098133,296.198783
0.133422,0.069191,-0.004622,448.040460
0.137290,0.079061,-0.004892,447.136525
0.279110,0.003370,-0.017442,413.662390
0.146791,0.007520,-0.005572,444.916442
0.016346,0.067918,0.001741,475.157553
0.320519,0.086540,-0.022083,403.759308
0.152795,0.008830,-0.006013,443.511044
0.156417,0.075238,-0.006283,442.660826
0.771316,0.046320,-0.101841,292.182888
0.445057,0.080710,-0.038731,373.633327
0.234890,0.085204,-0.012973,424.170356
0.226313,0.085115,-0.012165,426.201436
0.920028,0.016875,-0.140257,253.806211
0.483153,0.073748,-0.044635,364.312563
0.460071,0.033034,-0.041013,369.967009
0.051006,0.011080,0.000221,467.178070
0.234817,0.097558,-0.012966,424.187573
0.493339,0.033135,-0.046279,361.812982
0.484899,0.009367,-0.044915,363.885826
0.255512,0.070814,-0.014994,419.277657
0.000119,0.081434,0.000205,478.862695
0.067721,0.092958,-0.000620,463.313284
0.296184,0.026902,-0.019302,409.586426
0.975780,0.006621,-0.156270,239.209988
0.837570,0.095810,-0.118192,275.182886
0.922520,0.086932,-0.140955,253.154511
0.402047,0.035391,-0.032524,384.097930
0.780927,0.003549,-0.104137,289.727919
0.231764,0.074873,-0.012677,424.911149
0.333944,0.033979,-0.023684,400.538124
0.577311,0.065963,-0.060874,341.062204
0.970039,0.016685,-0.154580,240.718216
0.613815,0.024039,-0.067805,331.966703
0.757609,0.043809,-0.098609,295.680122
0.191055,0.065412,-0.009041,434.524764
0.443385,0.032513,-0.038481,374.042251
0.616671,0.081663,-0.068362,331.251805
0.380276,0.086002,-0.029567,389.369450
0.540898,0.090611,-0.054315,350.089488
0.941159,0.018714,-0.146222,248.287269
0.373355,0.099907,-0.028291,391.053247
0.520299,0.040471,-0.050761,355.177309
0.383413,0.037022,-0.029985,388.611822
0.045392,0.013899,0.000488,468.473311
0.551912,0.038413,-0.056261,347.364797
0.486543,0.021210,-0.045179,363.482077
0.610504,0.021844,-0.067162,332.793778
0.228531,0.099201,-0.011698,425.690940
0.012358,0.059148,0.001896,476.073468
0.379698,0.093999,-0.029490,389.509032
0.028723,0.088094,0.001234,472.311811
0.446735,0.092206,-0.038983,373.223460
0.656652,0.061418,-0.076395,321.232188
0.354312,0.016145,-0.026202,395.638119
0.118385,0.037504,-0.003609,451.549490
0.411523,0.027538,-0.033851,381.798099
0.030432,0.006237,0.001159,471.920164
0.882294,0.028690,-0.129922,263.619947
0.264696,0.011659,-0.015930,417.095288
0.370027,0.086719,-0.028217,391.845966
0.402223,0.065890,-0.032549,384.054631
0.354313,0.040489,-0.026202,395.637255
0.600479,0.005132,-0.065231,335.295836
0.914457,0.040471,-0.138707,255.257696
0.244460,0.096727,-0.013897,421.901230
0.686748,0.000724,-0.083745,313.601247
0.178379,0.033778,-0.007997,437.507787
0.441405,0.005068,-0.038186,374.525939
0.741573,0.062155,-0.094895,299.762556
0.661814,0.053773,-0.077464,319.934506
-0.000351,0.046903,-0.000609,478.964501
0.718565,0.069981,-0.089689,305.604322
0.285327,0.050941,-0.018110,412.178501
0.553588,0.014869,-0.056561,346.950207
0.092447,0.007811,-0.001998,457.584012
0.086262,0.007321,-0.001639,459.019568
0.351002,0.071215,-0.025785,396.434236
0.043547,0.024099,0.000574,468.898689
0.784480,0.046602,-0.104993,288.818040
0.753301,0.071658,-0.097605,296.777276
0.132019,0.036175,-0.004525,448.368895
0.044598,0.048481,0.000525,468.655636
0.332282,0.010240,-0.023484,400.937919
0.112831,0.030745,-0.003250,452.843474
0.026499,0.005278,0.001327,472.825207
0.456179,0.008644,-0.040416,370.918956
0.533646,0.093459,-0.053051,351.881886
0.980999,0.029601,-0.157815,237.837180
0.381911,0.012228,-0.029785,388.975684
0.263453,0.011699,-0.015802,417.390895
0.250832,0.064060,-0.014526,420.389571
0.042567,0.037652,0.000619,469.124339
0.631484,0.036130,-0.071288,327.546818
0.376637,0.028641,-0.029085,390.250555
0.190584,0.045001,-0.009002,434.636111
0.366124,0.078544,-0.027711,392.788333
0.972628,0.045214,-0.155341,240.037227
0.751149,0.011392,-0.097104,297.326962
0.258579,0.026745,-0.015305,418.549665
0.140169,0.092382,-0.005095,446.463482
0.713953,0.085723,-0.088662,306.772875
0.166826,0.058846,-0.007080,440.220559
0.271347,0.008022,-0.016621,415.512024
0.856876,0.001088,-0.123540,270.179689
0.809246,0.064968,-0.111053,282.470198
0.534336,0.092650,-0.053170,351.711306
0.263961,0.035657,-0.015854,417.269686
0.701974,0.010808,-0.086024,309.806848
0.674866,0.007494,-0.080198,316.650049
0.387585,0.066010,-0.030546,387.601622
0.781959,0.032344,-0.104385,289.463233
0.052694,0.058463,0.000140,466.787425
0.197815,0.069475,-0.009616,432.932187
0.626149,0.053707,-0.070228,328.882062
0.497871,0.086843,-0.047018,360.698233
0.647196,0.061608,-0.074456,323.606966
0.471236,0.051853,-0.042747,367.234256
0.563659,0.051409,-0.058373,344.452730
0.333952,0.068747,-0.023685,400.535411
0.538490,0.016469,-0.053894,350.686523
0.134774,0.089370,-0.004716,447.724226
-0.000091,0.098122,-0.000157,478.907280
0.585805,0.040310,-0.062455,338.950218
0.163600,0.002865,-0.006831,440.978694
0.242993,0.011439,-0.013755,422.251063
0.046744,0.069378,0.000425,468.160351
0.047850,0.044185,0.000372,467.905634
0.743228,0.073961,-0.095275,299.341384
0.847123,0.088078,-0.120651,272.719085
0.133603,0.097649,-0.004634,447.997643
0.306481,0.065970,-0.020460,407.122849
0.554931,0.099267,-0.057371,346.591017
0.326430,0.064349,-0.022782,402.341729
0.177984,0.055779,-0.007965,437.599968
0.622466,0.025344,-0.069500,329.804197
0.406058,0.012618,-0.033083,383.125238
0.811934,0.009733,-0.111720,281.781349
0.792814,0.063195,-0.107013,286.684115
0.165630,0.000118,-0.006533,440.510554
0.097975,0.055856,-0.002326,456.298759
0.404875,0.023687,-0.032918,383.412248
0.251686,0.073366,-0.014611,420.186450
0.602699,0.079133,-0.065656,334.740440
0.432049,0.056690,-0.036803,376.805128
0.138890,0.013774,-0.005005,446.764152
0.947796,0.065552,-0.148122,246.549457
0.021161,0.067236,0.001548,474.051194
0.380384,0.051772,-0.029581,389.344189
0.250325,0.067532,-0.014476,420.509833
0.683529,0.012998,-0.082038,314.465980
0.054112,0.068625,0.000070,466.459774
0.069997,0.019111,-0.000741,462.788284
0.740816,0.090856,-0.094721,299.954345
0.226944,0.077126,-0.012224,426.052254
0.899717,0.026170,-0.134644,259.095080
0.267314,0.029079,-0.016201,416.471780
0.194248,0.054127,-0.009311,433.773176
0.851529,0.047045,-0.121793,271.582484
0.445199,0.052662,-0.038753,373.599270
0.036737,0.045548,0.000884,470.467704
0.920841,0.090035,-0.140485,253.592235
0.032098,0.095639,0.001089,471.534694
0.827749,0.003665,-0.115691,277.715040
0.546806,0.004028,-0.055355,348.629781
0.825470,0.048782,-0.115115,278.300513
0.975124,0.013399,-0.156076,239.382277
0.018374,0.077956,0.001660,474.691309
0.047651,0.018361,0.000381,467.952052
0.517130,0.059633,-0.050224,355.958283
0.850793,0.095642,-0.121602,271.771236
0.278210,0.085717,-0.017345,413.875219
0.157329,0.014804,-0.006352,442.448641
0.363761,0.071251,-0.027406,393.358707
0.181953,0.012075,-0.008287,436.667894
0.945510,0.050061,-0.147466,247.148126
0.516856,0.049885,-0.050177,356.025930
0.722137,0.011268,-0.090487,304.700156
0.090993,0.096515,-0.001912,457.919603
0.611070,0.024337,-0.067271,332.652465
0.099580,0.046853,-0.002424,455.925973
0.436176,0.021551,-0.037410,375.800428
0.467897,0.025033,-0.042225,368.052309
0.350029,0.022904,-0.025663,396.669640
0.768674,0.024878,-0.101214,292.858034
