#OBJ File generated by Abaqus/CAE
#List of Vertices
v 0.0100044 -2.66557e-05 -0.00015202
v 0.010007 0.00324526 -0.00010034
v 0.00673364 0.00325176 -0.000102314
v 0.00336027 0.00663217 -5.02026e-05
v 0.0100089 0.00662369 -4.61774e-05
v 3.46172e-06 0.0100002 -2.64552e-06
v 0.0100148 0.00998042 6.9654e-06
v 0.00673417 -2.25008e-05 -0.000119495
v 0.00335768 -1.64809e-05 -8.78487e-05
v 4.49513e-07 -1.1388e-05 -5.63326e-05
v 0.010965 0.00903076 -2.58017e-05
v 0.0108683 0.00998173 -6.85321e-06
v 0.0200188 0.00997501 -0.000137225
v 0.0200143 -3.23748e-05 -0.000318745
v 0.0100875 -2.52016e-05 -0.000152342
v 0.0100033 7.96292e-05 -0.000148957
v 0.0100085 0.00345761 -9.76228e-05
v 0.0128096 -3.00292e-05 -0.00019882
v 0.0100105 0.00683581 -4.3357e-05
v 0.0155241 -2.97476e-05 -0.000242842
v 0.0182401 -2.84196e-05 -0.000289395
v 0.0223547 0.0076376 -0.000233026
v 0.0231701 0.00997342 -0.00020096
v 0.0300297 0.00997149 -0.000343931
v 0.0300189 -3.47116e-05 -0.000545302
v 0.0228664 -3.40428e-05 -0.000382142
v 0.033894 0.00610275 -0.000530499
v 0.035259 0.00996888 -0.00048046
v 0.0400349 0.00997125 -0.000610094
v 0.0400245 -3.47205e-05 -0.000826623
v 0.0316141 -3.36007e-05 -0.000590547
v 0.0500305 -3.82741e-05 -0.00116192
v 0.050039 0.00958717 -0.000936525
v 0.0473809 0.00261479 -0.00101557
v 0.0500412 0.00996814 -0.000929601
v 0.0460198 -3.81114e-05 -0.00102726
v 0.0501839 0.00982485 -0.00093824
v 0.0502142 0.00996772 -0.000934152
v 0.0600427 0.00996882 -0.00130728
v 0.0600308 -3.64672e-05 -0.00155062
v 0.0700279 -3.84404e-05 -0.00198929
v 0.0700424 0.00996982 -0.00174026
v 0.0800217 -3.60259e-05 -0.00248492
v 0.0800413 0.00996643 -0.00222679
v 0.0900358 0.00996676 -0.00277038
v 0.082864 0.0099661 -0.00237871
v 0.0900281 0.00708318 -0.00284665
v 0.0900153 -3.79218e-05 -0.00303374
v 0.100005 -3.60547e-05 -0.00363929
v 0.100021 0.00641941 -0.00346634
v 0.0926865 0.00730795 -0.00300216
v 0.100027 0.00996632 -0.00336908
v 0.109991 -3.8988e-05 -0.0042943
v 0.110008 0.0066666 -0.00411406
v 0.103251 0.00673122 -0.00367049
v 0.110014 0.00996909 -0.00402449
v 0.119975 -3.88325e-05 -0.00500932
v 0.119992 0.00699907 -0.00481423
v 0.113092 0.00687365 -0.00432615
v 0.12 0.00996676 -0.00473264
v 0.129954 -3.98283e-05 -0.00577536
v 0.129972 0.00725859 -0.00557217
v 0.122836 0.00711698 -0.00503111
v 0.129976 0.00996718 -0.00549373
v 0.139924 -3.82968e-05 -0.0065943
v 0.139946 0.0073538 -0.00638511
v 0.132637 0.00729362 -0.00579082
v 0.139953 0.00996611 -0.00631254
v 0.149894 -3.83658e-05 -0.00747078
v 0.149919 0.00729421 -0.00726305
v 0.142565 0.00733776 -0.00661726
v 0.149925 0.00996742 -0.00718728
v 0.159858 -4.02926e-05 -0.00839788
v 0.159882 0.00709168 -0.00819676
v 0.152643 0.00722899 -0.00751865
v 0.15989 0.0099668 -0.0081126
v 0.169816 -4.03292e-05 -0.00938077
v 0.16984 0.00676582 -0.00918566
v 0.162853 0.00697932 -0.00849092
v 0.169849 0.00996807 -0.00909358
v 0.17977 -3.86961e-05 -0.0104193
v 0.179792 0.0063439 -0.010233
v 0.173178 0.00660882 -0.00953695
v 0.179805 0.00996713 -0.0101281
v 0.189716 -3.95079e-05 -0.0115079
v 0.189741 0.00584383 -0.0113393
v 0.183601 0.00613782 -0.0106592
v 0.189755 0.00996761 -0.011218
v 0.19966 -3.90968e-05 -0.0126552
v 0.199682 0.00528295 -0.0124988
v 0.194096 0.00558254 -0.0118483
v 0.199701 0.00996548 -0.012361
v 0.209592 -3.76183e-05 -0.0138509
v 0.209616 0.00467248 -0.0137123
v 0.204648 0.00496295 -0.0131066
v 0.209635 0.00996828 -0.0135577
v 0.219524 -3.92149e-05 -0.015103
v 0.21954 0.00402747 -0.0149824
v 0.215244 0.00429118 -0.0144328
v 0.219566 0.00996807 -0.0148073
v 0.229443 -4.018e-05 -0.0164033
v 0.22946 0.00334574 -0.0163057
v 0.225874 0.00357895 -0.015829
v 0.22949 0.00996465 -0.0161063
v 0.23936 -4.07228e-05 -0.0177616
v 0.23937 0.0026369 -0.0176809
v 0.236533 0.00282651 -0.0172883
v 0.239409 0.00996554 -0.0174651
v 0.249268 -4.10504e-05 -0.0191711
v 0.249276 0.00190163 -0.0191105
v 0.24721 0.00204535 -0.0188129
v 0.249316 0.0099667 -0.0188716
v 0.259167 -4.13684e-05 -0.0206317
v 0.259171 0.00114863 -0.020594
v 0.257905 0.00123935 -0.0204045
v 0.259216 0.00996786 -0.0203324
v 0.269057 -4.18222e-05 -0.0221432
v 0.26906 0.000378158 -0.0221343
v 0.268616 0.000408323 -0.022063
v 0.269113 0.00996506 -0.0218454
v 0.278939 -3.88509e-05 -0.0237108
v 0.278998 0.00996575 -0.023411
v 0.274291 -4.02814e-05 -0.022974
v 0.288818 -4.02765e-05 -0.0253304
v 0.288874 0.00996591 -0.0250271
v 0.298682 -3.86921e-05 -0.0269993
v 0.298744 0.0099653 -0.026697
v 0.308542 -4.18553e-05 -0.0287201
v 0.308602 0.00996755 -0.0284191
v 0.318392 -4.23592e-05 -0.030493
v 0.318454 0.00996491 -0.0301895
v 0.328227 -4.04789e-05 -0.0323149
v 0.328294 0.00996473 -0.0320119
v 0.338057 -4.01175e-05 -0.0341902
v 0.338124 0.00996682 -0.0338862
v 0.347878 -4.14947e-05 -0.0361156
v 0.347947 0.00996721 -0.0358137
v 0.357688 -4.10126e-05 -0.0380927
v 0.357758 0.00996569 -0.0377878
v 0.367488 -3.89104e-05 -0.0401217
v 0.367559 0.00996587 -0.0398135
v 0.377276 -3.90835e-05 -0.0421972
v 0.37735 0.00996378 -0.0418888
v 0.387055 -4.17736e-05 -0.0443224
v 0.387129 0.00996672 -0.0440174
v 0.396822 -3.96221e-05 -0.0465009
v 0.3969 0.00996702 -0.0461955
v 0.406578 -4.03542e-05 -0.0487259
v 0.406658 0.00996451 -0.0484198
v 0.416323 -4.03803e-05 -0.0510021
v 0.416404 0.00996641 -0.0506973
v 0.426055 -3.99016e-05 -0.0533264
v 0.426139 0.00996516 -0.0530207
v 0.435774 -3.91177e-05 -0.0556988
v 0.435863 0.00996423 -0.0553953
v 0.445485 -4.1919e-05 -0.0581205
v 0.445572 0.00996715 -0.0578195
v 0.455181 -4.10544e-05 -0.060592
v 0.45527 0.00996638 -0.0602897
v 0.464865 -4.04467e-05 -0.0631113
v 0.464955 0.0099654 -0.0628076
v 0.474539 -4.02338e-05 -0.0656816
v 0.474628 0.00996767 -0.0653783
v 0.484198 -4.06361e-05 -0.0682966
v 0.484288 0.00996572 -0.0679916
v 0.493842 -3.81594e-05 -0.0709612
v 0.493936 0.00996672 -0.0706575
v 0.503473 -4.02877e-05 -0.0736685
v 0.503569 0.00996679 -0.0733679
v 0.513093 -3.98456e-05 -0.0764285
v 0.513189 0.00996573 -0.0761259
v 0.522699 -4.07336e-05 -0.0792331
v 0.522796 0.00996707 -0.0789333
v 0.532291 -3.94513e-05 -0.0820872
v 0.532388 0.00996696 -0.0817851
v 0.541868 -3.98001e-05 -0.0849859
v 0.541966 0.00996884 -0.0846862
v 0.551429 -3.83181e-05 -0.0879308
v 0.551533 0.00996897 -0.0876349
v 0.560979 -3.88187e-05 -0.0909235
v 0.561082 0.00996715 -0.0906249
v 0.570514 -3.78231e-05 -0.0939624
v 0.570618 0.00996684 -0.0936642
v 0.580031 -3.91295e-05 -0.0970428
v 0.580139 0.00996788 -0.0967498
v 0.589536 -3.92969e-05 -0.100173
v 0.589646 0.00996649 -0.0998798
v 0.599027 -3.84674e-05 -0.103349
v 0.599132 0.00996966 -0.103055
v 0.608499 -3.68365e-05 -0.106569
v 0.608608 0.00997009 -0.106277
v 0.617958 -3.80914e-05 -0.109833
v 0.618069 0.00996766 -0.109541
v 0.627512 0.00996928 -0.112853
v 0.620844 0.0099691 -0.110516
v 0.627502 0.00922208 -0.112875
v 0.627403 -3.88658e-05 -0.113143
v 0.636829 -3.5762e-05 -0.116499
v 0.636921 0.0081402 -0.116263
v 0.628301 0.00912297 -0.113163
v 0.636941 0.00996772 -0.116207
v 0.64624 -3.60207e-05 -0.119897
v 0.646321 0.00703213 -0.119693
v 0.63887 0.0078955 -0.116975
v 0.646353 0.0099699 -0.119609
v 0.655637 -3.62092e-05 -0.123341
v 0.655704 0.00590093 -0.12317
v 0.649447 0.0066356 -0.120854
v 0.65575 0.00996859 -0.123052
v 0.665014 -3.65433e-05 -0.126825
v 0.665071 0.00474247 -0.126693
v 0.660039 0.00533921 -0.124801
v 0.665128 0.00997077 -0.126541
v 0.674379 -3.71568e-05 -0.130357
v 0.674418 0.00355262 -0.130254
v 0.670639 0.0040092 -0.128815
v 0.674495 0.00996911 -0.130074
v 0.683722 -3.4622e-05 -0.13393
v 0.683753 0.00233453 -0.133865
v 0.681256 0.00264144 -0.132902
v 0.683841 0.00997063 -0.13365
v 0.693055 -3.61844e-05 -0.137548
v 0.693067 0.00108761 -0.137518
v 0.691886 0.00123184 -0.137054
v 0.693171 0.00997158 -0.137269
v 0.702368 -3.49131e-05 -0.141209
v 0.702483 0.00997186 -0.140929
v 0.701217 -3.48471e-05 -0.140756
v 0.711662 -3.44988e-05 -0.144911
v 0.711782 0.00997134 -0.144635
v 0.720941 -3.5031e-05 -0.148657
v 0.721058 0.00997335 -0.148381
v 0.730202 -3.31986e-05 -0.152445
v 0.730322 0.00997076 -0.152169
v 0.739448 -3.25801e-05 -0.156277
v 0.739567 0.00997392 -0.156005
v 0.748674 -3.33689e-05 -0.160147
v 0.748794 0.00997225 -0.159877
v 0.757881 -3.21743e-05 -0.164061
v 0.758003 0.00997259 -0.163791
v 0.767072 -3.25833e-05 -0.168015
v 0.767193 0.00997477 -0.167749
v 0.776246 -3.128e-05 -0.172013
v 0.776367 0.00997521 -0.171747
v 0.785404 -3.18664e-05 -0.176052
v 0.785525 0.00997379 -0.175787
v 0.794538 -3.09954e-05 -0.180128
v 0.794662 0.00997388 -0.179868
v 0.803656 -2.87785e-05 -0.184248
v 0.80378 0.00997526 -0.183988
v 0.812759 -2.88007e-05 -0.188409
v 0.812883 0.00997449 -0.18815
v 0.82184 -2.77013e-05 -0.192608
v 0.821963 0.00997479 -0.19235
v 0.830904 -2.90676e-05 -0.196846
v 0.831028 0.00997613 -0.196594
v 0.839949 -2.95605e-05 -0.201125
v 0.840072 0.00997488 -0.200873
v 0.848976 -2.92751e-05 -0.205444
v 0.849097 0.00997789 -0.205195
v 0.857983 -2.83712e-05 -0.209802
v 0.858105 0.00997808 -0.209556
v 0.866969 -2.69294e-05 -0.214198
v 0.867093 0.00997885 -0.213956
v 0.875938 -2.50038e-05 -0.218635
v 0.876062 0.00997667 -0.218392
v 0.884889 -2.62289e-05 -0.223109
v 0.88501 0.00997825 -0.222868
v 0.893818 -2.37652e-05 -0.227624
v 0.893941 0.00998003 -0.227385
v 0.902731 -2.46142e-05 -0.232175
v 0.902852 0.0099786 -0.231937
v 0.911622 -2.54036e-05 -0.236763
v 0.911742 0.00998066 -0.236529
v 0.920493 -2.28815e-05 -0.241391
v 0.920616 0.00997924 -0.241159
v 0.929345 -2.38796e-05 -0.246053
v 0.929467 0.00998115 -0.245826
v 0.938178 -2.17027e-05 -0.250757
v 0.938298 0.00998286 -0.250529
v 0.94699 -1.98348e-05 -0.255497
v 0.947112 0.00998088 -0.255271
v 0.955783 -1.8249e-05 -0.260274
v 0.955889 0.00998616 -0.260072
v 2.79891e-06 0.0199984 1.01767e-06
v 0.00416608 0.015834 2.10453e-06
v 0.00542704 0.0199933 7.06986e-06
v 0.0100157 0.0199843 1.31119e-05
v 4.32052e-06 0.0158405 -2.41689e-06
v 0.0119393 0.0180597 -1.58459e-05
v 0.0137626 0.0199842 -3.33689e-05
v 0.0200246 0.0199814 -0.000113045
v 0.020024 0.0192569 -0.000113007
v 0.0155056 0.0144905 -6.87556e-05
v 0.0200204 0.011922 -0.000130313
v 0.019072 0.0109212 -0.000121667
v 0.0100135 0.0179451 1.01279e-05
v 0.0100145 0.0141565 1.02713e-05
v 0.0100143 0.0103712 8.2239e-06
v 0.0219198 0.0180851 -0.000156556
v 0.0256032 0.0199816 -0.000221808
v 0.0300284 0.01998 -0.000304087
v 0.0317215 0.018287 -0.000356214
v 0.0314773 0.0199792 -0.000343133
v 0.0400393 0.0199754 -0.000556101
v 0.0500438 0.0199737 -0.000867441
v 0.0494186 0.0199771 -0.000849074
v 0.0500425 0.0119443 -0.00091768
v 0.0600439 0.0199762 -0.00123647
v 0.0700457 0.0199739 -0.00166315
v 0.0800425 0.0199752 -0.00214725
v 0.0701671 0.0199736 -0.00166863
v 0.0800403 0.0107423 -0.00222108
v 0.0900393 0.0199757 -0.00269024
v 0.10003 0.0199755 -0.00328474
v 0.11002 0.0199742 -0.00393763
v 0.120004 0.0199758 -0.00464702
v 0.129985 0.019976 -0.00541083
v 0.139959 0.0199748 -0.00622534
v 0.149931 0.0199757 -0.00709926
v 0.159899 0.0199749 -0.00802695
v 0.169857 0.0199759 -0.0090068
v 0.179816 0.0199747 -0.0100434
v 0.189764 0.019975 -0.0111319
v 0.199709 0.0199727 -0.0122734
v 0.209646 0.0199753 -0.0134718
v 0.219575 0.019975 -0.0147195
v 0.229502 0.0199753 -0.0160251
v 0.239419 0.0199762 -0.0173818
v 0.249328 0.0199735 -0.0187875
v 0.259229 0.0199747 -0.0202492
v 0.269124 0.0199759 -0.0217648
v 0.279012 0.0199729 -0.0233291
v 0.288888 0.0199732 -0.0249456
v 0.298757 0.0199729 -0.0266158
v 0.308616 0.0199754 -0.028338
v 0.318467 0.0199731 -0.0301084
v 0.328309 0.0199733 -0.0319339
v 0.338138 0.0199758 -0.0338079
v 0.347962 0.0199729 -0.035733
v 0.357773 0.0199757 -0.0377115
v 0.367577 0.0199727 -0.0397377
v 0.377365 0.019975 -0.041814
v 0.387147 0.0199748 -0.0439429
v 0.396915 0.0199758 -0.0461197
v 0.406674 0.0199741 -0.0483459
v 0.416419 0.0199731 -0.0506198
v 0.426154 0.0199727 -0.0529448
v 0.435878 0.0199727 -0.0553208
v 0.445589 0.0199729 -0.0577443
v 0.455287 0.0199731 -0.0602156
v 0.464975 0.0199732 -0.0627376
v 0.463328 0.0199758 -0.0623092
v 0.464971 0.0198887 -0.062738
v 0.474646 0.0193649 -0.06531
v 0.465064 0.0198797 -0.0627612
v 0.474646 0.0199729 -0.065304
v 0.484304 0.0188343 -0.0679297
v 0.475272 0.0193259 -0.0654805
v 0.484306 0.0199757 -0.0679229
v 0.493951 0.0182927 -0.0705984
v 0.485476 0.0187588 -0.0682546
v 0.493955 0.0199742 -0.0705875
v 0.503584 0.01774 -0.0733132
v 0.495676 0.0181818 -0.0710854
v 0.503586 0.0199755 -0.0732983
v 0.513201 0.0171796 -0.076076
v 0.505874 0.017591 -0.0739713
v 0.513208 0.0199758 -0.0760595
v 0.522808 0.0166076 -0.0788883
v 0.516066 0.0169898 -0.0769141
v 0.522815 0.0199748 -0.0788651
v 0.513204 0.0171796 -0.0760792
v 0.5324 0.0160235 -0.0817473
v 0.526259 0.0163742 -0.0799153
v 0.532408 0.0199761 -0.08172
v 0.541976 0.0154271 -0.0846499
v 0.536444 0.0157475 -0.0829707
v 0.541986 0.0199758 -0.0846191
v 0.551539 0.0148181 -0.0875996
v 0.54663 0.0151059 -0.0860848
v 0.551552 0.0199738 -0.0875656
v 0.561088 0.0141962 -0.0905965
v 0.556812 0.0144525 -0.0892564
v 0.5611 0.0199771 -0.09056
v 0.570625 0.0135611 -0.0936409
v 0.566993 0.01378 -0.0924822
v 0.570636 0.0199748 -0.0935969
v 0.580145 0.0129125 -0.0967299
v 0.577167 0.0130951 -0.0957628
v 0.580157 0.0199774 -0.0966848
v 0.589647 0.0122537 -0.0998656
v 0.587342 0.0123941 -0.0991028
v 0.589664 0.0199777 -0.099817
v 0.599136 0.0115771 -0.103045
v 0.597518 0.0116765 -0.102503
v 0.599154 0.0199754 -0.10299
v 0.608612 0.0108861 -0.106272
v 0.607687 0.0109456 -0.105958
v 0.60863 0.0199776 -0.106215
v 0.61807 0.0101803 -0.109543
v 0.617857 0.010194 -0.109468
v 0.618089 0.019977 -0.109481
v 0.627534 0.0199769 -0.112793
v 0.636961 0.0199772 -0.116148
v 0.646374 0.0199778 -0.119549
v 0.65577 0.0199785 -0.122994
v 0.665149 0.0199791 -0.126482
v 0.674514 0.0199795 -0.130016
v 0.68386 0.0199796 -0.133591
v 0.69319 0.0199792 -0.137209
v 0.702504 0.0199782 -0.140871
v 0.711801 0.0199799 -0.144578
v 0.721082 0.0199772 -0.148324
v 0.730344 0.0199805 -0.152117
v 0.739587 0.0199791 -0.155946
v 0.748814 0.0199798 -0.159821
v 0.758024 0.0199791 -0.163737
v 0.767216 0.0199804 -0.167696
v 0.776391 0.0199799 -0.171695
v 0.785545 0.0199811 -0.175735
v 0.794684 0.0199804 -0.179816
v 0.803803 0.019981 -0.183938
v 0.812901 0.0199829 -0.188099
v 0.821985 0.0199826 -0.192302
v 0.831047 0.0199833 -0.196543
v 0.840095 0.0199815 -0.200826
v 0.84912 0.019984 -0.205148
v 0.858128 0.0199837 -0.20951
v 0.867116 0.0199841 -0.213909
v 0.876083 0.019985 -0.218347
v 0.885035 0.0199828 -0.222824
v 0.893963 0.0199844 -0.227338
v 0.902874 0.0199862 -0.231894
v 0.911765 0.0199846 -0.236484
v 0.920637 0.0199866 -0.241115
v 0.929488 0.0199851 -0.24578
v 0.938321 0.0199868 -0.250486
v 0.947132 0.0199884 -0.255228
v 0.955913 0.0199908 -0.260029
v 0.0100137 0.0226034 1.25847e-05
v 0.00813312 0.0218669 1.11848e-05
v 0.00404344 0.0259594 4.38313e-06
v 0.0100151 0.0282856 1.40274e-05
v 4.48091e-06 0.0299994 -6.16544e-07
v 0.0100145 0.0299902 1.69655e-05
v 4.41188e-06 0.0231551 -1.92994e-06
v 0.0109547 0.0290512 3.66746e-06
v 0.0121028 0.0299916 -1.05212e-05
v 0.0190553 0.0299884 -9.18181e-05
v 0.0140801 0.0259269 -3.74649e-05
v 0.0200227 0.0299885 -0.00010117
v 0.0200247 0.0250989 -0.000105767
v 0.0172076 0.0227984 -7.6636e-05
v 0.0244666 0.0255449 -0.000192782
v 0.0295779 0.0299874 -0.000275591
v 0.0300342 0.0299866 -0.000283475
v 0.0300324 0.0207335 -0.000304511
v 0.0296277 0.0203808 -0.000295669
v 0.04004 0.029983 -0.000524008
v 0.0408105 0.0292144 -0.000552621
v 0.0401102 0.0299838 -0.000526481
v 0.0500438 0.0299833 -0.000826373
v 0.0600496 0.0299821 -0.0011927
v 0.0700464 0.0299845 -0.00161338
v 0.0632021 0.0299845 -0.00132701
v 0.0700473 0.0200946 -0.00166512
v 0.0800479 0.0299818 -0.0020949
v 0.0900437 0.0299824 -0.00263367
v 0.100035 0.0299818 -0.0032277
v 0.110021 0.0299842 -0.00387841
v 0.120009 0.0299814 -0.00458516
v 0.129991 0.0299812 -0.00534817
v 0.139963 0.0299834 -0.00616385
v 0.149935 0.0299839 -0.00703677
v 0.159902 0.0299826 -0.00796335
v 0.169864 0.0299832 -0.00894533
v 0.179821 0.0299816 -0.00998057
v 0.189772 0.0299815 -0.0110709
v 0.199714 0.0299828 -0.0122127
v 0.209654 0.0299813 -0.0134107
v 0.219585 0.0299807 -0.0146598
v 0.22951 0.0299808 -0.0159633
v 0.239425 0.0299815 -0.0173178
v 0.249337 0.0299825 -0.0187296
v 0.259235 0.0299837 -0.0201887
v 0.269133 0.0299809 -0.0217031
v 0.279019 0.0299818 -0.0232697
v 0.288895 0.0299822 -0.0248866
v 0.298764 0.0299819 -0.0265568
v 0.308624 0.0299808 -0.0282771
v 0.318476 0.0299825 -0.0300525
v 0.328318 0.029983 -0.0318776
v 0.338151 0.029982 -0.0337525
v 0.347972 0.0299832 -0.0356788
v 0.357783 0.0299826 -0.0376547
v 0.352664 0.0299827 -0.036622
v 0.357784 0.0295722 -0.0376576
v 0.367581 0.0287747 -0.0396873
v 0.358225 0.0295314 -0.037748
v 0.367584 0.0299838 -0.0396818
v 0.377374 0.0279593 -0.041772
v 0.368882 0.0286572 -0.0399661
v 0.377375 0.0299828 -0.0417584
v 0.387152 0.0271256 -0.043902
v 0.379548 0.0277564 -0.0422432
v 0.387155 0.0299833 -0.043886
v 0.396922 0.0262734 -0.046084
v 0.390221 0.0268399 -0.0445881
v 0.396926 0.0299812 -0.0460628
v 0.406679 0.0254061 -0.0483166
v 0.400904 0.0258997 -0.0469974
v 0.406684 0.0299838 -0.0482924
v 0.416425 0.0245198 -0.0505982
v 0.411592 0.0249358 -0.0494645
v 0.41643 0.0299835 -0.050568
v 0.426157 0.0236142 -0.0529258
v 0.42229 0.0239513 -0.0520012
v 0.426165 0.0299838 -0.0528943
v 0.43588 0.0226926 -0.0553077
v 0.432991 0.022946 -0.0545979
v 0.435886 0.0299846 -0.0552682
v 0.445589 0.0217511 -0.057736
v 0.443704 0.0219196 -0.0572644
v 0.445599 0.029982 -0.0576911
v 0.455288 0.0207893 -0.0602142
v 0.454423 0.0208679 -0.0599927
v 0.455299 0.0299831 -0.0601664
v 0.464983 0.0299841 -0.062686
v 0.474657 0.0299848 -0.0652561
v 0.48432 0.0299814 -0.0678718
v 0.493966 0.0299847 -0.0705385
v 0.503601 0.0299835 -0.0732508
v 0.513219 0.0299849 -0.076009
v 0.522827 0.0299852 -0.0788176
v 0.53242 0.0299841 -0.0816703
v 0.541999 0.0299852 -0.0845721
v 0.551563 0.0299845 -0.0875181
v 0.561115 0.0299821 -0.0905114
v 0.570649 0.0299849 -0.0935524
v 0.580169 0.0299854 -0.0966375
v 0.589678 0.0299837 -0.0997699
v 0.599168 0.0299831 -0.102945
v 0.608642 0.0299834 -0.106167
v 0.618102 0.0299845 -0.109434
v 0.627546 0.0299862 -0.112747
v 0.636977 0.0299848 -0.116105
v 0.646388 0.0299837 -0.119503
v 0.655785 0.0299863 -0.122952
v 0.665165 0.0299854 -0.126439
v 0.67453 0.0299843 -0.129973
v 0.683874 0.0299864 -0.133548
v 0.693207 0.0299846 -0.137168
v 0.702519 0.0299857 -0.14083
v 0.711816 0.0299861 -0.144536
v 0.721097 0.0299857 -0.148285
v 0.730358 0.0299877 -0.152077
v 0.739603 0.0299852 -0.155907
v 0.74883 0.0299883 -0.159785
v 0.758039 0.0299866 -0.163699
v 0.767232 0.0299868 -0.167659
v 0.776404 0.0299889 -0.171658
v 0.78556 0.0299891 -0.175698
v 0.794699 0.0299876 -0.17978
v 0.803819 0.0299874 -0.183902
v 0.812918 0.0299886 -0.188064
v 0.822003 0.0299875 -0.192268
v 0.831065 0.0299876 -0.196509
v 0.840109 0.0299887 -0.20079
v 0.849136 0.0299906 -0.205116
v 0.858142 0.0299898 -0.209474
v 0.867132 0.0299897 -0.213876
v 0.876099 0.0299902 -0.218314
v 0.885049 0.0299912 -0.222792
v 0.893981 0.0299891 -0.227307
v 0.902891 0.0299906 -0.231863
v 0.911782 0.029989 -0.236452
v 0.920652 0.0299908 -0.241082
v 0.929504 0.0299926 -0.245751
v 0.938337 0.0299911 -0.250454
v 0.94715 0.0299927 -0.255198
v 0.955929 0.0299955 -0.259999
v 0.0100166 0.0399934 1.68879e-05
v 1.77345e-06 0.040003 -3.75696e-07
v 0.0137147 0.0362966 -2.76641e-05
v 0.0161898 0.0399931 -5.16385e-05
v 0.0200271 0.0399924 -9.69115e-05
v 0.0200242 0.0319141 -0.000100059
v 0.019253 0.0307594 -9.32178e-05
v 0.023627 0.0363937 -0.00016468
v 0.0256972 0.0399934 -0.000194023
v 0.0300328 0.0399907 -0.000268404
v 0.0300324 0.0306779 -0.000280369
v 0.0297835 0.0302368 -0.000278181
v 0.0400398 0.0300694 -0.000523446
v 0.0399869 0.0300355 -0.000521958
v 0.0400392 0.0399924 -0.000505816
v 0.0500466 0.0399925 -0.000807801
v 0.0600496 0.0399918 -0.00116619
v 0.0585812 0.0399915 -0.00111305
v 0.0600499 0.0366071 -0.00117592
v 0.0700509 0.0399897 -0.00158458
v 0.0800495 0.0399908 -0.00206403
v 0.0900435 0.0399906 -0.00259903
v 0.100037 0.0399896 -0.00319242
v 0.110024 0.0399911 -0.00384266
v 0.12001 0.0399916 -0.00455061
v 0.129989 0.0399907 -0.00530946
v 0.139965 0.0399922 -0.00612759
v 0.149937 0.0399921 -0.00699944
v 0.159907 0.0399901 -0.00792819
v 0.169868 0.0399901 -0.00890885
v 0.179823 0.0399918 -0.00994458
v 0.189773 0.0399911 -0.0110333
v 0.199717 0.0399919 -0.0121767
v 0.209656 0.0399899 -0.0133727
v 0.219589 0.0399889 -0.0146231
v 0.22951 0.0399925 -0.0159263
v 0.239431 0.039989 -0.0172831
v 0.24934 0.0399897 -0.0186924
v 0.25924 0.0399907 -0.0201522
v 0.269136 0.0399916 -0.0216689
v 0.279022 0.0399923 -0.0232358
v 0.272568 0.0399904 -0.0222122
v 0.279021 0.0392807 -0.0232363
v 0.288898 0.038153 -0.0248582
v 0.279819 0.0391823 -0.0233673
v 0.288898 0.0399926 -0.0248528
v 0.298769 0.0369828 -0.0265338
v 0.290967 0.0378949 -0.0252109
v 0.298768 0.0399923 -0.0265231
v 0.308628 0.0357786 -0.0282595
v 0.302158 0.0365506 -0.027128
v 0.308628 0.0399912 -0.0282432
v 0.318479 0.0345374 -0.0300359
v 0.313382 0.0351606 -0.0291176
v 0.318481 0.0399892 -0.0300164
v 0.328317 0.0332671 -0.0318632
v 0.32464 0.0337249 -0.031183
v 0.328322 0.0399898 -0.0318411
v 0.338151 0.0319641 -0.0337457
v 0.335927 0.0322431 -0.0333176
v 0.338152 0.0399928 -0.0337172
v 0.347971 0.0306323 -0.0356753
v 0.347243 0.0307263 -0.0355337
v 0.347977 0.0399905 -0.0356441
v 0.357787 0.0399902 -0.037619
v 0.36759 0.0399917 -0.0396483
v 0.377382 0.0399911 -0.0417268
v 0.38716 0.039992 -0.043853
v 0.396932 0.0399904 -0.0460315
v 0.40669 0.0399898 -0.0482576
v 0.416436 0.0399901 -0.0505345
v 0.426172 0.0399911 -0.052862
v 0.435893 0.0399925 -0.055237
v 0.445606 0.0399907 -0.0576607
v 0.455303 0.0399926 -0.0601335
v 0.464992 0.0399907 -0.0626551
v 0.474665 0.0399924 -0.0652256
v 0.484327 0.03999 -0.0678417
v 0.493974 0.0399906 -0.0705067
v 0.503608 0.0399904 -0.0732189
v 0.513227 0.0399929 -0.0759801
v 0.522835 0.0399907 -0.0787867
v 0.532426 0.0399909 -0.081639
v 0.542006 0.0399932 -0.0845434
v 0.551573 0.0399903 -0.08749
v 0.561121 0.0399928 -0.0904842
v 0.570658 0.0399933 -0.0935255
v 0.58018 0.0399918 -0.0966108
v 0.589686 0.0399916 -0.099742
v 0.599175 0.0399925 -0.102919
v 0.608651 0.0399908 -0.10614
v 0.61811 0.0399936 -0.109409
v 0.627556 0.0399934 -0.112722
v 0.636983 0.0399937 -0.116078
v 0.646396 0.0399945 -0.11948
v 0.655793 0.0399919 -0.122923
v 0.665174 0.0399928 -0.126414
v 0.674538 0.0399937 -0.129948
v 0.683885 0.0399943 -0.133525
v 0.693213 0.0399946 -0.137143
v 0.702528 0.0399943 -0.140807
v 0.711827 0.0399933 -0.144514
v 0.721105 0.039995 -0.148263
v 0.730367 0.0399924 -0.152051
v 0.739613 0.0399921 -0.155885
v 0.748839 0.0399941 -0.15976
v 0.758047 0.0399947 -0.163677
v 0.767239 0.0399939 -0.167634
v 0.776412 0.039995 -0.171634
v 0.785569 0.0399943 -0.175675
v 0.794708 0.0399953 -0.179759
v 0.803826 0.0399943 -0.183878
v 0.812929 0.0399947 -0.188044
v 0.822009 0.0399964 -0.192246
v 0.831072 0.0399957 -0.196487
v 0.840119 0.0399962 -0.200772
v 0.849145 0.0399941 -0.205092
v 0.858152 0.0399962 -0.209455
v 0.867139 0.0399957 -0.213854
v 0.876109 0.0399957 -0.218294
v 0.885058 0.0399963 -0.222772
v 0.893988 0.0399972 -0.227288
v 0.902899 0.0399952 -0.231841
v 0.91179 0.0399967 -0.236435
v 0.920664 0.039995 -0.241065
v 0.929515 0.0399968 -0.245733
v 0.938347 0.0399952 -0.250435
v 0.947159 0.0399967 -0.255178
v 0.95594 0.0399999 -0.25998
v 0.0100141 0.0499986 1.86953e-05
v 3.76069e-06 0.0500049 -3.1654e-06
v 0.0164586 0.0435587 -5.58646e-05
v 0.0181641 0.0499996 -7.29952e-05
v 0.0200246 0.0499966 -9.22032e-05
v 0.0265296 0.0434951 -0.000208671
v 0.0277011 0.0499987 -0.000226422
v 0.0300327 0.0499986 -0.000265344
v 0.0400419 0.0499992 -0.00050314
v 0.0500459 0.0499988 -0.000797836
v 0.0581118 0.0419291 -0.00109368
v 0.0565014 0.0499999 -0.0010311
v 0.0600509 0.0499969 -0.00115647
v 0.0700492 0.049998 -0.00157309
v 0.0800493 0.0499978 -0.00205252
v 0.0900449 0.0499967 -0.00258715
v 0.100037 0.0499984 -0.00318221
v 0.0942701 0.0499974 -0.00283881
v 0.100035 0.0440284 -0.00318707
v 0.110024 0.0411308 -0.00384122
v 0.108475 0.0415437 -0.00374092
v 0.110025 0.0499991 -0.00383179
v 0.120009 0.0423806 -0.00454599
v 0.118007 0.0419966 -0.00440427
v 0.120009 0.0499984 -0.0045358
v 0.129992 0.0456294 -0.00530329
v 0.12588 0.0441113 -0.00499156
v 0.129991 0.0499966 -0.00529718
v 0.139967 0.0494233 -0.00611502
v 0.13327 0.0467076 -0.00557023
v 0.139967 0.0499971 -0.00611437
v 0.140412 0.0495526 -0.00615566
v 0.14168 0.05 -0.00626492
v 0.149937 0.05 -0.00698705
v 0.159907 0.0499972 -0.00791455
v 0.169866 0.0500002 -0.00889572
v 0.179825 0.0499972 -0.00993132
v 0.189773 0.0499998 -0.0110202
v 0.199718 0.0499998 -0.0121651
v 0.209656 0.0499972 -0.0133591
v 0.219589 0.0499995 -0.0146125
v 0.229513 0.0499987 -0.0159148
v 0.23943 0.0499986 -0.017271
v 0.249341 0.0499989 -0.0186809
v 0.239513 0.0499984 -0.0172814
v 0.24934 0.047263 -0.0186822
v 0.259243 0.0442903 -0.0201502
v 0.253214 0.0460828 -0.0192571
v 0.259241 0.0499995 -0.0201412
v 0.269136 0.0411323 -0.021666
v 0.267502 0.041643 -0.0214149
v 0.269134 0.05 -0.021655
v 0.279021 0.0500005 -0.023222
v 0.288901 0.0500006 -0.0248423
v 0.29877 0.0500001 -0.0265125
v 0.30863 0.049999 -0.0282323
v 0.318481 0.0500007 -0.0300068
v 0.328321 0.0500012 -0.0318309
v 0.338156 0.0500005 -0.0337076
v 0.347976 0.0499983 -0.0356304
v 0.357789 0.0499982 -0.0376074
v 0.367592 0.0499999 -0.0396387
v 0.377383 0.0499996 -0.0417158
v 0.387163 0.0500007 -0.0438437
v 0.396932 0.0499995 -0.0460204
v 0.406691 0.0499994 -0.0482479
v 0.416438 0.0500001 -0.0505259
v 0.426171 0.0500017 -0.0528513
v 0.435895 0.05 -0.0552254
v 0.445607 0.0499988 -0.0576498
v 0.455304 0.0500014 -0.0601233
v 0.464993 0.0500003 -0.0626452
v 0.474667 0.0499991 -0.0652143
v 0.484326 0.0500011 -0.0678323
v 0.493974 0.049999 -0.0704955
v 0.503607 0.0499998 -0.0732076
v 0.51323 0.0499997 -0.0759698
v 0.522837 0.0499986 -0.0787758
v 0.532429 0.0499998 -0.0816307
v 0.542009 0.0499997 -0.0845326
v 0.551572 0.0500015 -0.0874801
v 0.561122 0.0500017 -0.0904746
v 0.570658 0.05 -0.093513
v 0.58018 0.0499998 -0.0966002
v 0.589686 0.0500011 -0.099733
v 0.599178 0.0499999 -0.10291
v 0.608654 0.0499997 -0.106132
v 0.618114 0.0500005 -0.109401
v 0.627556 0.050002 -0.112712
v 0.636987 0.0500005 -0.11607
v 0.646397 0.0499993 -0.119468
v 0.655795 0.050002 -0.122917
v 0.665176 0.0500013 -0.126407
v 0.67454 0.0500006 -0.129939
v 0.683888 0.0499996 -0.133515
v 0.693217 0.0500018 -0.137136
v 0.702531 0.0500001 -0.140798
v 0.711828 0.0500012 -0.144505
v 0.721106 0.0500016 -0.148253
v 0.730369 0.0500011 -0.152044
v 0.739616 0.0499995 -0.155878
v 0.748841 0.0500003 -0.159751
v 0.758051 0.0499998 -0.163669
v 0.767243 0.0500014 -0.167628
v 0.776417 0.0500014 -0.171629
v 0.785572 0.0499998 -0.175667
v 0.79471 0.0499998 -0.179748
v 0.803829 0.0500014 -0.183873
v 0.81293 0.050001 -0.188035
v 0.822011 0.0500019 -0.192237
v 0.831077 0.0500005 -0.196481
v 0.840121 0.0500003 -0.200763
v 0.849146 0.050001 -0.205084
v 0.858153 0.0500026 -0.209447
v 0.867143 0.0500015 -0.213848
v 0.876112 0.0500011 -0.218288
v 0.885061 0.0500013 -0.222765
v 0.89399 0.0500019 -0.227281
v 0.902904 0.0499996 -0.231836
v 0.911794 0.0500009 -0.236428
v 0.920665 0.0500024 -0.241059
v 0.929517 0.0500006 -0.245724
v 0.938348 0.0500022 -0.250429
v 0.947164 0.0500004 -0.255172
v 0.955941 0.0500071 -0.259974
v 0.0100159 0.0600013 1.72661e-05
v 3.63884e-06 0.0600049 -1.91733e-06
v 0.0179878 0.0520321 -6.94127e-05
v 0.016185 0.0600036 -5.44531e-05
v 0.0200275 0.0600017 -9.63453e-05
v 0.0270165 0.0530161 -0.000216182
v 0.0256877 0.0600047 -0.000195864
v 0.0300318 0.0600054 -0.000269355
v 0.0400431 0.0600043 -0.000507806
v 0.0500461 0.0600055 -0.000805623
v 0.0572252 0.0528218 -0.00105543
v 0.058583 0.0600048 -0.00111172
v 0.0600474 0.0600058 -0.0011632
v 0.07005 0.0600049 -0.00158384
v 0.0800459 0.0600071 -0.00206187
v 0.0900422 0.0600043 -0.00259654
v 0.100037 0.0559791 -0.00318801
v 0.0972308 0.0528061 -0.00301622
v 0.100035 0.0600045 -0.00319128
v 0.110024 0.0588857 -0.00384293
v 0.103231 0.056803 -0.00339531
v 0.110022 0.0600076 -0.00384244
v 0.120007 0.0576341 -0.00454482
v 0.111387 0.0586413 -0.00393834
v 0.120009 0.0600057 -0.00454912
v 0.12999 0.0543757 -0.00530565
v 0.12365 0.0563556 -0.00482279
v 0.12999 0.0600065 -0.00531168
v 0.139966 0.0505746 -0.0061157
v 0.13909 0.0508796 -0.00604575
v 0.139966 0.0600058 -0.00612785
v 0.149936 0.0600075 -0.0069994
v 0.159904 0.0600075 -0.0079275
v 0.169867 0.0600056 -0.00890859
v 0.17982 0.0600056 -0.00994109
v 0.18977 0.0600072 -0.0110315
v 0.199715 0.0600064 -0.0121744
v 0.209653 0.0600069 -0.0133715
v 0.219584 0.0600084 -0.0146226
v 0.229509 0.060007 -0.0159257
v 0.239428 0.0600062 -0.0172826
v 0.249339 0.0527392 -0.0186828
v 0.247234 0.0521261 -0.0183837
v 0.249336 0.060006 -0.0186898
v 0.259238 0.0557227 -0.020148
v 0.254905 0.0543805 -0.0195061
v 0.259241 0.060006 -0.0201537
v 0.269134 0.0588838 -0.0216659
v 0.262483 0.056726 -0.0206445
v 0.269135 0.0600062 -0.0216676
v 0.269975 0.0591545 -0.0217986
v 0.272503 0.0600057 -0.0222
v 0.279019 0.0600062 -0.0232315
v 0.288899 0.060006 -0.0248516
v 0.298767 0.060009 -0.0265234
v 0.308626 0.0600076 -0.0282427
v 0.318476 0.0600091 -0.0300167
v 0.32832 0.0600095 -0.0318432
v 0.33815 0.0600087 -0.0337158
v 0.347976 0.0600066 -0.0356439
v 0.357787 0.0600064 -0.0376197
v 0.367586 0.0600082 -0.0396464
v 0.377379 0.060008 -0.0417252
v 0.387159 0.0600094 -0.0438546
v 0.396927 0.0600084 -0.0460295
v 0.406686 0.0600086 -0.0482582
v 0.416434 0.0600097 -0.0505372
v 0.42617 0.060008 -0.0528617
v 0.435893 0.0600068 -0.0552364
v 0.445601 0.0600098 -0.0576601
v 0.4553 0.0600093 -0.0601322
v 0.464988 0.0600088 -0.0626544
v 0.474662 0.0600083 -0.0652236
v 0.484322 0.0600074 -0.0678398
v 0.493967 0.0600097 -0.0705046
v 0.503604 0.0600078 -0.0732177
v 0.513225 0.0600086 -0.0759794
v 0.522831 0.0600084 -0.0787849
v 0.532426 0.060007 -0.0816404
v 0.542004 0.060008 -0.0845413
v 0.55157 0.0600074 -0.0874891
v 0.561118 0.0600088 -0.0904825
v 0.570655 0.0600083 -0.0935227
v 0.580174 0.0600094 -0.0966084
v 0.589682 0.0600084 -0.099741
v 0.599174 0.0600086 -0.102919
v 0.608646 0.0600099 -0.10614
v 0.618108 0.0600086 -0.109407
v 0.627554 0.0600081 -0.112721
v 0.636982 0.0600082 -0.116077
v 0.646394 0.0600087 -0.119479
v 0.655789 0.0600096 -0.122923
v 0.665171 0.0600071 -0.126412
v 0.674533 0.0600081 -0.129945
v 0.683882 0.0600091 -0.133524
v 0.693211 0.0600097 -0.137143
v 0.702527 0.0600099 -0.140808
v 0.711823 0.0600095 -0.144513
v 0.721104 0.0600085 -0.148262
v 0.730365 0.0600066 -0.15205
v 0.73961 0.0600073 -0.155884
v 0.748837 0.0600068 -0.159758
v 0.758047 0.0600086 -0.163678
v 0.767237 0.060009 -0.167635
v 0.776413 0.060008 -0.171636
v 0.785568 0.0600088 -0.175676
v 0.794706 0.0600078 -0.179757
v 0.803823 0.0600085 -0.183878
v 0.812925 0.0600072 -0.18804
v 0.82201 0.0600073 -0.192246
v 0.831072 0.0600086 -0.196488
v 0.840116 0.0600077 -0.200769
v 0.849144 0.0600077 -0.205093
v 0.858151 0.0600087 -0.209455
v 0.86714 0.0600071 -0.213856
v 0.876109 0.0600062 -0.218294
v 0.885058 0.0600059 -0.222771
v 0.893989 0.0600062 -0.227288
v 0.902898 0.0600069 -0.231841
v 0.91179 0.0600079 -0.236435
v 0.920662 0.0600057 -0.241063
v 0.929513 0.0600071 -0.245731
v 0.938348 0.0600052 -0.250437
v 0.947158 0.0600066 -0.255177
v 0.955939 0.0600102 -0.259979
v 0.0100137 0.0700056 1.79848e-05
v 3.09525e-06 0.0700067 -1.9901e-06
v 0.0200242 0.0700068 -9.96285e-05
v 0.0190228 0.0700088 -9.12249e-05
v 0.0200247 0.0680224 -9.83826e-05
v 0.0141766 0.0658487 -3.15806e-05
v 0.0120724 0.070007 -6.7837e-06
v 0.0300342 0.0700114 -0.000283292
v 0.0295507 0.0700095 -0.00027388
v 0.030034 0.0692785 -0.00028049
v 0.0400401 0.0698917 -0.000524255
v 0.0311702 0.0688716 -0.000304772
v 0.0400395 0.0700105 -0.00052261
v 0.0401047 0.0699465 -0.000525709
v 0.0401385 0.0700109 -0.000527209
v 0.0500443 0.0700127 -0.000827295
v 0.0600487 0.0633884 -0.00117487
v 0.0590636 0.0609926 -0.00113274
v 0.0600468 0.0700138 -0.00119171
v 0.0622211 0.0678382 -0.00127679
v 0.0631996 0.0700122 -0.00132267
v 0.070048 0.0700144 -0.00161501
v 0.0800442 0.0700142 -0.0020936
v 0.0900391 0.0700133 -0.00263033
v 0.100031 0.0700154 -0.00322697
v 0.11002 0.0700129 -0.00387575
v 0.120005 0.0700131 -0.00458385
v 0.129986 0.0700124 -0.00534554
v 0.13996 0.0700141 -0.00616264
v 0.149933 0.0700145 -0.00703632
v 0.159901 0.0700132 -0.00796302
v 0.169861 0.070014 -0.00894446
v 0.179815 0.0700167 -0.00998044
v 0.189766 0.0700133 -0.011067
v 0.199711 0.0700154 -0.012213
v 0.209648 0.0700149 -0.0134078
v 0.21958 0.0700155 -0.0146599
v 0.229502 0.0700171 -0.0159623
v 0.239422 0.0700156 -0.0173197
v 0.249332 0.0700146 -0.0187273
v 0.259234 0.070014 -0.0201881
v 0.269127 0.0700173 -0.021704
v 0.279021 0.0607242 -0.0232373
v 0.278387 0.0606489 -0.0231373
v 0.279011 0.0700168 -0.0232677
v 0.288896 0.0618513 -0.0248571
v 0.287274 0.0616525 -0.0245928
v 0.288892 0.0700161 -0.0248876
v 0.298765 0.063022 -0.0265339
v 0.296123 0.0626872 -0.026085
v 0.298761 0.0700149 -0.026557
v 0.308622 0.0642276 -0.0282581
v 0.304937 0.0637491 -0.0276121
v 0.308619 0.0700169 -0.0282777
v 0.318474 0.0654669 -0.0300365
v 0.313718 0.0648417 -0.0291789
v 0.318469 0.0700181 -0.0300509
v 0.328312 0.0667389 -0.0318629
v 0.322466 0.0659572 -0.0307782
v 0.328312 0.0700182 -0.0318765
v 0.338145 0.0680393 -0.0337419
v 0.331184 0.0670956 -0.0324132
v 0.338144 0.0700172 -0.0337512
v 0.347965 0.069375 -0.0356738
v 0.339868 0.0682603 -0.0340823
v 0.347966 0.0700149 -0.0356749
v 0.348524 0.0694475 -0.0357865
v 0.352613 0.0700176 -0.0366142
v 0.357777 0.0700184 -0.0376544
v 0.347976 0.0600066 -0.0356439
v 0.36758 0.0700164 -0.0396809
v 0.377371 0.0700163 -0.041758
v 0.38715 0.0700177 -0.0438856
v 0.396919 0.0700169 -0.0460617
v 0.406679 0.0700172 -0.0482914
v 0.416425 0.0700186 -0.0505682
v 0.426161 0.0700172 -0.0528933
v 0.435882 0.0700164 -0.0552655
v 0.445595 0.070016 -0.057691
v 0.455293 0.070016 -0.0601633
v 0.464978 0.0700161 -0.0626825
v 0.474652 0.0700162 -0.0652517
v 0.484314 0.0700159 -0.0678708
v 0.49396 0.0700153 -0.0705335
v 0.503594 0.0700177 -0.0732479
v 0.513216 0.0700157 -0.0760072
v 0.522823 0.0700164 -0.0788151
v 0.532414 0.070016 -0.0816665
v 0.541993 0.0700179 -0.0845695
v 0.551557 0.0700183 -0.0875162
v 0.561108 0.0700172 -0.0905095
v 0.570644 0.0700178 -0.0935512
v 0.580166 0.0700166 -0.0966366
v 0.589671 0.0700168 -0.0997675
v 0.59916 0.0700183 -0.102944
v 0.608637 0.0700174 -0.106167
v 0.618098 0.0700175 -0.109435
v 0.627543 0.070015 -0.112745
v 0.63697 0.0700166 -0.116101
v 0.646383 0.0700152 -0.119502
v 0.65578 0.0700177 -0.12295
v 0.66516 0.0700169 -0.126438
v 0.674523 0.0700162 -0.12997
v 0.683872 0.0700154 -0.133547
v 0.693201 0.0700144 -0.137165
v 0.702515 0.0700165 -0.140829
v 0.711814 0.0700146 -0.144536
v 0.721092 0.0700155 -0.148284
v 0.730354 0.0700158 -0.152075
v 0.739598 0.0700151 -0.155906
v 0.748825 0.0700168 -0.159782
v 0.758036 0.0700138 -0.163697
v 0.767226 0.0700165 -0.167656
v 0.776403 0.0700144 -0.171657
v 0.785559 0.0700141 -0.175698
v 0.794694 0.0700155 -0.179778
v 0.803815 0.0700153 -0.183901
v 0.812917 0.0700131 -0.188063
v 0.821999 0.0700123 -0.192265
v 0.831062 0.0700129 -0.196507
v 0.840107 0.0700146 -0.200792
v 0.849133 0.0700139 -0.205112
v 0.858139 0.0700143 -0.209473
v 0.867129 0.0700121 -0.213873
v 0.876096 0.0700141 -0.218312
v 0.885047 0.0700133 -0.222791
v 0.893978 0.0700131 -0.227307
v 0.902889 0.0700134 -0.231862
v 0.911781 0.0700107 -0.236453
v 0.920654 0.0700116 -0.241084
v 0.929504 0.0700127 -0.245751
v 0.938338 0.0700106 -0.250455
v 0.947149 0.0700118 -0.255196
v 0.955931 0.0700155 -0.259999
v 0.0100153 0.0716751 1.66437e-05
v 0.00621852 0.0737991 8.83947e-06
v 4.17142e-06 0.0800061 -1.35134e-06
v 0.00519519 0.0800067 5.88753e-06
v 0.0100139 0.0773115 1.57977e-05
v 0.0100135 0.0800105 1.33906e-05
v 3.38773e-06 0.0767135 -2.77707e-06
v 0.0200235 0.0800158 -0.000114089
v 0.0136651 0.0800129 -3.41647e-05
v 0.0200265 0.0748605 -0.000107393
v 0.0300289 0.0800189 -0.000303554
v 0.0253001 0.0800167 -0.000215201
v 0.0300316 0.079223 -0.000301588
v 0.0307965 0.079253 -0.00032183
v 0.0315432 0.0800177 -0.000340691
v 0.0400376 0.0800173 -0.000554555
v 0.0456743 0.0743814 -0.000707922
v 0.0494314 0.0800217 -0.000849919
v 0.0500423 0.0800191 -0.000867132
v 0.0600424 0.0800206 -0.00123511
v 0.0700428 0.0799098 -0.00166389
v 0.0661276 0.0739351 -0.00146626
v 0.0700445 0.0800218 -0.00166507
v 0.070098 0.079966 -0.00166549
v 0.0701574 0.0800228 -0.00166993
v 0.0800421 0.0800226 -0.00214968
v 0.090035 0.080023 -0.00268875
v 0.100027 0.0800229 -0.00328531
v 0.110017 0.080022 -0.00393914
v 0.12 0.0800204 -0.0046432
v 0.129982 0.0800217 -0.00540937
v 0.139956 0.0800218 -0.00622538
v 0.149928 0.0800205 -0.00709775
v 0.159894 0.0800216 -0.00802486
v 0.169854 0.080021 -0.00900465
v 0.179811 0.0800224 -0.0100421
v 0.189758 0.0800217 -0.0111286
v 0.199702 0.0800225 -0.0122723
v 0.209639 0.0800247 -0.01347
v 0.21957 0.0800243 -0.0147195
v 0.229494 0.0800249 -0.0160225
v 0.239412 0.0800225 -0.017377
v 0.249321 0.0800245 -0.0187867
v 0.259224 0.080023 -0.0202476
v 0.269114 0.0800256 -0.0217602
v 0.279003 0.0800244 -0.0233269
v 0.28888 0.0800231 -0.0249432
v 0.298748 0.0800251 -0.0266139
v 0.30861 0.0800228 -0.0283352
v 0.31846 0.0800235 -0.0301075
v 0.328299 0.0800233 -0.0319288
v 0.338132 0.0800257 -0.0338074
v 0.347952 0.0800268 -0.0357316
v 0.357779 0.0704298 -0.0376564
v 0.357404 0.0703981 -0.0375805
v 0.357764 0.0800264 -0.0377078
v 0.367578 0.0712296 -0.0396874
v 0.366486 0.0711317 -0.0394606
v 0.367568 0.0800243 -0.0397358
v 0.377368 0.0720462 -0.0417694
v 0.375548 0.0718795 -0.0413835
v 0.377358 0.080024 -0.041811
v 0.387148 0.0728795 -0.0439023
v 0.384584 0.0726411 -0.0433428
v 0.387138 0.0800254 -0.0439398
v 0.396915 0.0737291 -0.0460825
v 0.393597 0.0734165 -0.0453413
v 0.396908 0.0800246 -0.046117
v 0.406672 0.0745987 -0.0483147
v 0.402586 0.0742093 -0.0473807
v 0.406663 0.080025 -0.0483412
v 0.416415 0.0754845 -0.0505936
v 0.41155 0.0750155 -0.049456
v 0.41641 0.0800265 -0.0506187
v 0.426151 0.07639 -0.0529271
v 0.420492 0.0758354 -0.0515699
v 0.426146 0.0800252 -0.0529445
v 0.435871 0.0773114 -0.0553035
v 0.429405 0.0766758 -0.053723
v 0.435868 0.0800247 -0.0553171
v 0.445581 0.0782524 -0.0577306
v 0.438296 0.0775258 -0.0559094
v 0.445581 0.0800247 -0.0577428
v 0.455278 0.0792163 -0.0602099
v 0.447162 0.0783964 -0.0581376
v 0.455276 0.080025 -0.0602121
v 0.456 0.0792801 -0.0603974
v 0.463283 0.080026 -0.0622966
v 0.464964 0.0800255 -0.0627343
v 0.474637 0.080026 -0.0653033
v 0.484296 0.0800263 -0.067919
v 0.493944 0.0800263 -0.0705843
v 0.503579 0.0800257 -0.0732963
v 0.513199 0.0800244 -0.0760548
v 0.522805 0.0800259 -0.0788618
v 0.532397 0.0800263 -0.0817152
v 0.541977 0.0800255 -0.0846152
v 0.551541 0.0800268 -0.0875636
v 0.561093 0.0800267 -0.0905584
v 0.570629 0.0800249 -0.0935968
v 0.580149 0.0800247 -0.0966805
v 0.589654 0.0800261 -0.0998125
v 0.599145 0.0800253 -0.102988
v 0.608622 0.0800257 -0.106212
v 0.618081 0.0800236 -0.109476
v 0.627523 0.0800259 -0.112788
v 0.636954 0.0800255 -0.116146
v 0.646367 0.0800256 -0.119547
v 0.655763 0.0800226 -0.122989
v 0.665142 0.0800235 -0.126478
v 0.674507 0.0800244 -0.130012
v 0.683856 0.0800219 -0.133588
v 0.693186 0.0800226 -0.137208
v 0.7025 0.0800231 -0.14087
v 0.711797 0.0800231 -0.144576
v 0.721074 0.0800225 -0.148321
v 0.730339 0.0800213 -0.152113
v 0.739583 0.0800226 -0.155946
v 0.748809 0.0800229 -0.15982
v 0.75802 0.0800221 -0.163737
v 0.767213 0.0800202 -0.167694
v 0.776384 0.0800202 -0.171691
v 0.785539 0.0800223 -0.175733
v 0.79468 0.0800193 -0.179813
v 0.803797 0.0800214 -0.183936
v 0.812899 0.0800217 -0.188099
v 0.821981 0.0800201 -0.1923
v 0.831044 0.0800198 -0.196541
v 0.84009 0.0800207 -0.200825
v 0.849116 0.0800194 -0.205145
v 0.858125 0.0800191 -0.209508
v 0.867113 0.0800196 -0.213908
v 0.876081 0.0800176 -0.218345
v 0.88503 0.0800197 -0.222823
v 0.89396 0.080019 -0.227338
v 0.902873 0.0800189 -0.231894
v 0.911765 0.0800158 -0.236484
v 0.920636 0.0800164 -0.241114
v 0.929488 0.0800172 -0.245782
v 0.938321 0.0800148 -0.250484
v 0.947133 0.0800157 -0.255227
v 0.955912 0.0800227 -0.260029
v 0.0100143 0.090012 9.15642e-06
v 5.11706e-06 0.0900068 -1.83858e-06
v 2.92223e-06 0.0838784 4.44907e-07
v 0.0200256 0.0806858 -0.000114526
v 0.0192575 0.0807811 -0.000104889
v 0.0109065 0.0891232 -4.11762e-06
v 0.0200198 0.0880242 -0.000131723
v 0.02002 0.0900217 -0.000136767
v 0.0100157 0.0896078 6.56795e-06
v 0.0100149 0.085803 7.81681e-06
v 0.0100138 0.081993 1.44175e-05
v 0.0223123 0.0877321 -0.000176301
v 0.0232384 0.090024 -0.000203272
v 0.0300301 0.0900224 -0.000342873
v 0.0348294 0.0852248 -0.000445042
v 0.0352905 0.0900259 -0.000482283
v 0.0400331 0.0900269 -0.000606929
v 0.0500368 0.0878968 -0.000914603
v 0.0495057 0.0805557 -0.000853196
v 0.0500374 0.0900277 -0.00092757
v 0.050201 0.089865 -0.000933346
v 0.0502275 0.0900259 -0.000934903
v 0.0600407 0.0900288 -0.00130646
v 0.0700402 0.0900303 -0.00173964
v 0.0800363 0.0892589 -0.00221746
v 0.0743499 0.0857166 -0.00191496
v 0.0800372 0.0900277 -0.00222518
v 0.0805369 0.0895286 -0.00224916
v 0.0828407 0.0900288 -0.00237729
v 0.0900314 0.0900292 -0.0027699
v 0.100021 0.0900302 -0.00336847
v 0.11001 0.0900309 -0.00402384
v 0.119993 0.0900309 -0.0047326
v 0.129972 0.0900302 -0.00549447
v 0.13995 0.0900284 -0.00631267
v 0.14992 0.0900292 -0.00718559
v 0.159885 0.0900287 -0.00811113
v 0.169846 0.0900303 -0.00909432
v 0.179798 0.0900302 -0.0101265
v 0.189747 0.0900319 -0.011216
v 0.199693 0.0900314 -0.0123608
v 0.209628 0.0900324 -0.0135559
v 0.219558 0.0900308 -0.0148027
v 0.229483 0.0900302 -0.0161062
v 0.239398 0.0900305 -0.0174596
v 0.249308 0.0900314 -0.0188694
v 0.25921 0.0900329 -0.0203321
v 0.269103 0.0900308 -0.0218426
v 0.278987 0.0900326 -0.0234076
v 0.288863 0.0900342 -0.0250251
v 0.298733 0.0900318 -0.0266933
v 0.308594 0.0900326 -0.0284156
v 0.318443 0.0900327 -0.0301869
v 0.328285 0.090032 -0.0320102
v 0.338114 0.0900339 -0.0338842
v 0.347936 0.0900346 -0.0358101
v 0.357747 0.0900338 -0.0377846
v 0.367549 0.0900351 -0.0398126
v 0.37734 0.0900346 -0.0418891
v 0.38712 0.0900322 -0.0440139
v 0.396887 0.0900349 -0.0461906
v 0.406646 0.0900352 -0.0484188
v 0.416392 0.0900331 -0.0506919
v 0.426124 0.0900356 -0.0530167
v 0.435849 0.0900352 -0.0553927
v 0.445559 0.0900353 -0.0578153
v 0.45526 0.0900323 -0.0602859
v 0.464965 0.0801154 -0.0627366
v 0.464881 0.0801086 -0.0627118
v 0.464944 0.0900331 -0.0628049
v 0.474635 0.0806357 -0.0653061
v 0.474079 0.0805995 -0.0651576
v 0.474617 0.090034 -0.0653735
v 0.484295 0.0811688 -0.0679287
v 0.483256 0.0811021 -0.0676464
v 0.484275 0.0900347 -0.0679886
v 0.49394 0.0817076 -0.0705943
v 0.492413 0.0816092 -0.0701715
v 0.493923 0.0900351 -0.0706534
v 0.503575 0.0822592 -0.0733125
v 0.501552 0.0821279 -0.0727424
v 0.503556 0.0900351 -0.0733645
v 0.513193 0.0828199 -0.0760721
v 0.510666 0.0826544 -0.075348
v 0.513179 0.0900344 -0.0761252
v 0.522799 0.0833931 -0.0788837
v 0.51976 0.0831923 -0.0779962
v 0.522785 0.090033 -0.0789292
v 0.53239 0.0839788 -0.0817411
v 0.528832 0.0837379 -0.0806818
v 0.532376 0.0900341 -0.0817815
v 0.541968 0.0845769 -0.0846471
v 0.537882 0.0842946 -0.0834067
v 0.541956 0.0900341 -0.0846832
v 0.551531 0.0851839 -0.0875965
v 0.546909 0.0848625 -0.0861706
v 0.551521 0.0900327 -0.0876282
v 0.561081 0.0858068 -0.0905958
v 0.55591 0.0854448 -0.0889721
v 0.56107 0.0900335 -0.0906214
v 0.570614 0.0864384 -0.0936351
v 0.56489 0.0860346 -0.0918106
v 0.570607 0.0900326 -0.0936611
v 0.580131 0.0870893 -0.0967255
v 0.573845 0.0866352 -0.0946847
v 0.580127 0.0900334 -0.0967459
v 0.589639 0.087749 -0.0998613
v 0.582777 0.0872501 -0.0975991
v 0.589632 0.0900324 -0.099874
v 0.599126 0.0884278 -0.103042
v 0.591683 0.0878759 -0.100546
v 0.599122 0.0900327 -0.10305
v 0.608598 0.0891189 -0.106266
v 0.600562 0.0885157 -0.103529
v 0.608596 0.0900342 -0.106272
v 0.618059 0.0898255 -0.109538
v 0.609417 0.0891698 -0.10655
v 0.618059 0.0900334 -0.10954
v 0.618244 0.0898379 -0.109604
v 0.620797 0.0900315 -0.110498
v 0.627502 0.0900336 -0.11285
v 0.636931 0.090031 -0.116204
v 0.646343 0.0900325 -0.119605
v 0.655741 0.090031 -0.12305
v 0.665121 0.0900299 -0.126537
v 0.674484 0.0900324 -0.130071
v 0.683832 0.0900315 -0.133646
v 0.693162 0.0900305 -0.137264
v 0.702475 0.0900293 -0.140924
v 0.71177 0.0900311 -0.144629
v 0.721053 0.090029 -0.148378
v 0.730312 0.0900296 -0.152166
v 0.739559 0.0900295 -0.155999
v 0.748787 0.0900285 -0.159873
v 0.757995 0.0900298 -0.163789
v 0.767188 0.09003 -0.167747
v 0.77636 0.0900288 -0.171744
v 0.785518 0.0900263 -0.175783
v 0.794653 0.090029 -0.179864
v 0.803774 0.0900267 -0.183984
v 0.812876 0.090026 -0.188146
v 0.821958 0.0900268 -0.192349
v 0.831024 0.0900257 -0.196592
v 0.840067 0.0900257 -0.200872
v 0.849094 0.090027 -0.205195
v 0.8581 0.090026 -0.209554
v 0.867088 0.0900259 -0.213953
v 0.876059 0.0900234 -0.218391
v 0.885007 0.0900248 -0.222868
v 0.89394 0.0900237 -0.227385
v 0.902849 0.090023 -0.231936
v 0.911741 0.0900229 -0.236529
v 0.920614 0.090023 -0.241159
v 0.929467 0.0900202 -0.245824
v 0.938299 0.0900207 -0.250529
v 0.94711 0.0900213 -0.25527
v 0.95589 0.0900284 -0.260073
v 0.0100047 0.100024 -0.000152587
v 0.00675841 0.100018 -0.000101138
v 0.0100066 0.0967754 -9.93022e-05
v 0.0100103 0.0933937 -4.48644e-05
v 0.00338114 0.100014 -5.22936e-05
v 2.62325e-06 0.100009 7.16876e-08
v 0.0101098 0.0999175 -0.000150393
v 0.0101106 0.100023 -0.000152523
v 0.012828 0.100025 -0.000198804
v 0.0127672 0.0972644 -0.000147163
v 0.0155453 0.100023 -0.000242072
v 0.0154266 0.0946072 -0.000141951
v 0.018262 0.100027 -0.000289733
v 0.018084 0.0919541 -0.000138695
v 0.0200145 0.100029 -0.000321161
v 0.0109846 0.0900128 -4.68241e-06
v 0.0100113 0.0931316 -4.35412e-05
v 0.0100095 0.0965097 -9.61059e-05
v 0.0100026 0.0998917 -0.000147617
v 0.0238423 0.0962041 -0.000329136
v 0.0229154 0.100026 -0.000382994
v 0.030019 0.100033 -0.000545968
v 0.0325531 0.0975005 -0.000561294
v 0.0316465 0.100032 -0.00059016
v 0.0400255 0.100034 -0.000826862
v 0.0500304 0.100032 -0.00116018
v 0.0460307 0.100033 -0.0010273
v 0.0500396 0.0904367 -0.000938192
v 0.0600302 0.100035 -0.00154924
v 0.0700284 0.100035 -0.00199021
v 0.080023 0.100035 -0.00248462
v 0.0900247 0.0929193 -0.00284535
v 0.0872314 0.0928276 -0.00268914
v 0.0900168 0.100036 -0.00303596
v 0.100017 0.0935777 -0.00346422
v 0.0962097 0.0938435 -0.00324305
v 0.100008 0.100033 -0.00363861
v 0.110005 0.0933278 -0.00411275
v 0.106396 0.0936451 -0.00388534
v 0.109993 0.100034 -0.00429643
v 0.119988 0.0929957 -0.00481254
v 0.116825 0.0931994 -0.00459323
v 0.119974 0.100034 -0.00500718
v 0.129965 0.0927389 -0.00556959
v 0.127156 0.0928478 -0.00535712
v 0.129953 0.100033 -0.00577422
v 0.13994 0.0926404 -0.00638476
v 0.137305 0.0926757 -0.00617094
v 0.139925 0.100036 -0.00659583
v 0.14991 0.0927019 -0.00726047
v 0.147272 0.092679 -0.00702835
v 0.149892 0.100038 -0.00747004
v 0.159878 0.0929037 -0.00819481
v 0.157082 0.0928372 -0.00793264
v 0.159857 0.100038 -0.00839993
v 0.169836 0.0932305 -0.00918669
v 0.166766 0.0931151 -0.00887945
v 0.169816 0.100036 -0.00938207
v 0.179789 0.093652 -0.0102336
v 0.17635 0.0934885 -0.00987049
v 0.179768 0.100037 -0.0104182
v 0.189737 0.0941495 -0.0113389
v 0.185853 0.0939377 -0.0109059
v 0.189718 0.100036 -0.0115095
v 0.199677 0.094702 -0.0124964
v 0.195295 0.0944429 -0.0119861
v 0.19966 0.100037 -0.0126545
v 0.20961 0.095319 -0.0137104
v 0.204681 0.0949961 -0.013107
v 0.209595 0.100039 -0.0138531
v 0.219535 0.0959779 -0.0149797
v 0.214019 0.0955933 -0.0142729
v 0.219523 0.100039 -0.015103
v 0.229457 0.0966534 -0.0163035
v 0.223322 0.0962184 -0.0154831
v 0.229444 0.100039 -0.0164062
v 0.239369 0.097359 -0.0176817
v 0.232602 0.0968634 -0.0167403
v 0.239359 0.100037 -0.0177606
v 0.249273 0.0980856 -0.0191114
v 0.241856 0.0975285 -0.0180408
v 0.249265 0.10004 -0.0191698
v 0.259173 0.0988374 -0.0205968
v 0.251079 0.0982132 -0.0193812
v 0.259167 0.100039 -0.0206331
v 0.26906 0.0996142 -0.022131
v 0.26028 0.0989176 -0.0207679
v 0.269059 0.100038 -0.0221458
v 0.269449 0.0996451 -0.0221958
v 0.274361 0.100039 -0.0229862
v 0.278942 0.100038 -0.023711
v 0.288818 0.100037 -0.0253287
v 0.298683 0.100041 -0.0270004
v 0.30854 0.100039 -0.0287193
v 0.318389 0.100038 -0.0304902
v 0.328228 0.100039 -0.0323148
v 0.338059 0.100039 -0.0341912
v 0.347879 0.100038 -0.0361162
v 0.357687 0.10004 -0.0380915
v 0.367487 0.100039 -0.0401183
v 0.377274 0.100041 -0.0421952
v 0.387054 0.100041 -0.0443234
v 0.396823 0.100039 -0.0464997
v 0.406575 0.100042 -0.0487247
v 0.416322 0.100039 -0.0509989
v 0.426054 0.10004 -0.0533247
v 0.435776 0.100039 -0.0556983
v 0.445485 0.100042 -0.0581234
v 0.45518 0.100042 -0.0605931
v 0.464864 0.100042 -0.0631124
v 0.474537 0.100042 -0.0656811
v 0.484196 0.100039 -0.0682944
v 0.493843 0.100038 -0.0709589
v 0.503474 0.100042 -0.0736715
v 0.513092 0.100041 -0.0764286
v 0.522697 0.100039 -0.079232
v 0.532289 0.10004 -0.0820865
v 0.541865 0.10004 -0.0849842
v 0.551431 0.100039 -0.0879312
v 0.560979 0.10004 -0.0909231
v 0.570514 0.100039 -0.0939613
v 0.580031 0.10004 -0.0970445
v 0.589536 0.100039 -0.100174
v 0.599024 0.10004 -0.103348
v 0.6085 0.100039 -0.106569
v 0.617957 0.100038 -0.109832
v 0.627495 0.0907857 -0.112871
v 0.626859 0.0907066 -0.112646
v 0.6274 0.100039 -0.113143
v 0.636914 0.0918641 -0.116259
v 0.635368 0.0916725 -0.115703
v 0.636829 0.100037 -0.116498
v 0.646312 0.09296 -0.11969
v 0.643854 0.092649 -0.118791
v 0.646239 0.100036 -0.119894
v 0.655696 0.0940903 -0.123167
v 0.652305 0.0936509 -0.12191
v 0.655635 0.100039 -0.123341
v 0.665065 0.0952606 -0.126687
v 0.660711 0.0946825 -0.12505
v 0.665016 0.100036 -0.126826
v 0.674414 0.0964568 -0.130253
v 0.669078 0.0957431 -0.128218
v 0.674378 0.100036 -0.130356
v 0.68375 0.0976723 -0.133863
v 0.677419 0.0968181 -0.131415
v 0.683724 0.100036 -0.133931
v 0.693066 0.098919 -0.137517
v 0.685725 0.0979143 -0.134637
v 0.693053 0.100036 -0.137548
v 0.693997 0.0990358 -0.137888
v 0.701201 0.100036 -0.14075
v 0.702365 0.100037 -0.141208
v 0.71166 0.100036 -0.14491
v 0.720939 0.100036 -0.148656
v 0.730201 0.100035 -0.152444
v 0.739446 0.100036 -0.156276
v 0.748673 0.100034 -0.160147
v 0.757881 0.100033 -0.164059
v 0.767072 0.100036 -0.168017
v 0.776246 0.100033 -0.172013
v 0.785402 0.100033 -0.176051
v 0.794536 0.100034 -0.180128
v 0.803658 0.100031 -0.184247
v 0.812758 0.100033 -0.188407
v 0.821838 0.100032 -0.192606
v 0.830902 0.10003 -0.196845
v 0.839947 0.10003 -0.201124
v 0.848975 0.10003 -0.205445
v 0.857983 0.100029 -0.209803
v 0.866968 0.100028 -0.214197
v 0.875938 0.100029 -0.218635
v 0.884889 0.100027 -0.223109
v 0.893817 0.100028 -0.227622
v 0.90273 0.100028 -0.232175
v 0.911619 0.100027 -0.236762
v 0.920492 0.100028 -0.241391
v 0.929345 0.100025 -0.246053
v 0.938176 0.100025 -0.250756
v 0.946991 0.100023 -0.255496
v 0.955784 0.100023 -0.260274
v 0.929345 -2.38796e-05 -0.246253
v 0.920493 -2.28815e-05 -0.241591
v 0.920616 0.00997924 -0.241359
v 0.929467 0.00998115 -0.246026
v 0.929488 0.0199851 -0.24598
v 0.938321 0.0199868 -0.250686
v 0.938337 0.0299911 -0.250654
v 0.94715 0.0299927 -0.255398
v 0.947159 0.0399967 -0.255378
v 0.95594 0.0399999 -0.26018
v 0.955929 0.0299955 -0.260199
v 0.911622 -2.54036e-05 -0.236963
v 0.911742 0.00998066 -0.236729
v 0.920637 0.0199866 -0.241315
v 0.929504 0.0299926 -0.245951
v 0.938347 0.0399952 -0.250635
v 0.947164 0.0500004 -0.255372
v 0.955941 0.0500071 -0.260174
v 0.902731 -2.46142e-05 -0.232375
v 0.902852 0.0099786 -0.232137
v 0.911765 0.0199846 -0.236684
v 0.920652 0.0299908 -0.241282
v 0.929515 0.0399968 -0.245933
v 0.938348 0.0500022 -0.250629
v 0.947158 0.0600066 -0.255377
v 0.955939 0.0600102 -0.260179
v 0.893818 -2.37652e-05 -0.227824
v 0.893941 0.00998003 -0.227585
v 0.902874 0.0199862 -0.232094
v 0.911782 0.029989 -0.236652
v 0.920664 0.039995 -0.241265
v 0.929517 0.0500006 -0.245924
v 0.938348 0.0600052 -0.250637
v 0.947149 0.0700118 -0.255396
v 0.955931 0.0700155 -0.260199
v 0.884889 -2.62289e-05 -0.223309
v 0.88501 0.00997825 -0.223068
v 0.893963 0.0199844 -0.227538
v 0.902891 0.0299906 -0.232063
v 0.91179 0.0399967 -0.236635
v 0.920665 0.0500024 -0.241259
v 0.929513 0.0600071 -0.245931
v 0.938338 0.0700106 -0.250655
v 0.947133 0.0800157 -0.255427
v 0.955912 0.0800227 -0.260229
v 0.875938 -2.50038e-05 -0.218835
v 0.876062 0.00997667 -0.218592
v 0.885035 0.0199828 -0.223024
v 0.893981 0.0299891 -0.227508
v 0.902899 0.0399952 -0.232041
v 0.911794 0.0500009 -0.236628
v 0.920662 0.0600057 -0.241263
v 0.929504 0.0700127 -0.245951
v 0.938321 0.0800148 -0.250684
v 0.94711 0.0900213 -0.25547
v 0.95589 0.0900284 -0.260273
v 0.866969 -2.69294e-05 -0.214398
v 0.867093 0.00997885 -0.214156
v 0.876083 0.019985 -0.218547
v 0.885049 0.0299912 -0.222992
v 0.893988 0.0399972 -0.227488
v 0.902904 0.0499996 -0.232036
v 0.91179 0.0600079 -0.236635
v 0.920654 0.0700116 -0.241284
v 0.929488 0.0800172 -0.245982
v 0.938299 0.0900207 -0.250729
v 0.946991 0.100023 -0.255696
v 0.955784 0.100023 -0.260474
v 0.857983 -2.83712e-05 -0.210002
v 0.858105 0.00997808 -0.209756
v 0.867116 0.0199841 -0.214109
v 0.876099 0.0299902 -0.218514
v 0.885058 0.0399963 -0.222972
v 0.89399 0.0500019 -0.227481
v 0.902898 0.0600069 -0.232041
v 0.911781 0.0700107 -0.236653
v 0.920636 0.0800164 -0.241314
v 0.929467 0.0900202 -0.246024
v 0.938176 0.100025 -0.250956
v 0.848976 -2.92751e-05 -0.205644
v 0.849097 0.00997789 -0.205395
v 0.858128 0.0199837 -0.20971
v 0.867132 0.0299897 -0.214076
v 0.876109 0.0399957 -0.218494
v 0.885061 0.0500013 -0.222965
v 0.893989 0.0600062 -0.227488
v 0.902889 0.0700134 -0.232062
v 0.911765 0.0800158 -0.236684
v 0.920614 0.090023 -0.241359
v 0.929345 0.100025 -0.246253
v 0.839949 -2.95605e-05 -0.201325
v 0.840072 0.00997488 -0.201073
v 0.84912 0.019984 -0.205348
v 0.858142 0.0299898 -0.209674
v 0.867139 0.0399957 -0.214054
v 0.876112 0.0500011 -0.218488
v 0.885058 0.0600059 -0.222971
v 0.893978 0.0700131 -0.227507
v 0.902873 0.0800189 -0.232094
v 0.911741 0.0900229 -0.236729
v 0.920492 0.100028 -0.241591
v 0.830904 -2.90676e-05 -0.197046
v 0.831028 0.00997613 -0.196794
v 0.840095 0.0199815 -0.201026
v 0.849136 0.0299906 -0.205316
v 0.858152 0.0399962 -0.209655
v 0.867143 0.0500015 -0.214048
v 0.876109 0.0600062 -0.218494
v 0.885047 0.0700133 -0.222991
v 0.89396 0.080019 -0.227538
v 0.902849 0.090023 -0.232136
v 0.911619 0.100027 -0.236962
v 0.82184 -2.77013e-05 -0.192808
v 0.821963 0.00997479 -0.19255
v 0.831047 0.0199833 -0.196743
v 0.840109 0.0299887 -0.20099
v 0.849145 0.0399941 -0.205292
v 0.858153 0.0500026 -0.209647
v 0.86714 0.0600071 -0.214056
v 0.876096 0.0700141 -0.218512
v 0.88503 0.0800197 -0.223023
v 0.89394 0.0900237 -0.227585
v 0.90273 0.100028 -0.232375
v 0.812759 -2.88007e-05 -0.188609
v 0.812883 0.00997449 -0.18835
v 0.821985 0.0199826 -0.192502
v 0.831065 0.0299876 -0.196709
v 0.840119 0.0399962 -0.200972
v 0.849146 0.050001 -0.205284
v 0.858151 0.0600087 -0.209655
v 0.867129 0.0700121 -0.214073
v 0.876081 0.0800176 -0.218545
v 0.885007 0.0900248 -0.223068
v 0.893817 0.100028 -0.227822
v 0.803656 -2.87785e-05 -0.184448
v 0.80378 0.00997526 -0.184188
v 0.812901 0.0199829 -0.188299
v 0.822003 0.0299875 -0.192468
v 0.831072 0.0399957 -0.196687
v 0.840121 0.0500003 -0.200963
v 0.849144 0.0600077 -0.205293
v 0.858139 0.0700143 -0.209673
v 0.867113 0.0800196 -0.214108
v 0.876059 0.0900234 -0.218591
v 0.884889 0.100027 -0.223309
v 0.794538 -3.09954e-05 -0.180328
v 0.794662 0.00997388 -0.180068
v 0.803803 0.019981 -0.184138
v 0.812918 0.0299886 -0.188264
v 0.822009 0.0399964 -0.192446
v 0.831077 0.0500005 -0.196681
v 0.840116 0.0600077 -0.200969
v 0.849133 0.0700139 -0.205312
v 0.858125 0.0800191 -0.209708
v 0.867088 0.0900259 -0.214153
v 0.875938 0.100029 -0.218835
v 0.785404 -3.18664e-05 -0.176252
v 0.785525 0.00997379 -0.175987
v 0.794684 0.0199804 -0.180016
v 0.803819 0.0299874 -0.184102
v 0.812929 0.0399947 -0.188244
v 0.822011 0.0500019 -0.192437
v 0.831072 0.0600086 -0.196688
v 0.840107 0.0700146 -0.200992
v 0.849116 0.0800194 -0.205345
v 0.8581 0.090026 -0.209754
v 0.866968 0.100028 -0.214397
v 0.776246 -3.128e-05 -0.172213
v 0.776367 0.00997521 -0.171947
v 0.785545 0.0199811 -0.175935
v 0.794699 0.0299876 -0.17998
v 0.803826 0.0399943 -0.184078
v 0.81293 0.050001 -0.188235
v 0.82201 0.0600073 -0.192446
v 0.831062 0.0700129 -0.196707
v 0.84009 0.0800207 -0.201025
v 0.849094 0.090027 -0.205395
v 0.857983 0.100029 -0.210003
v 0.767072 -3.25833e-05 -0.168215
v 0.767193 0.00997477 -0.167949
v 0.776391 0.0199799 -0.171895
v 0.78556 0.0299891 -0.175898
v 0.794708 0.0399953 -0.179959
v 0.803829 0.0500014 -0.184073
v 0.812925 0.0600072 -0.18824
v 0.821999 0.0700123 -0.192465
v 0.831044 0.0800198 -0.196741
v 0.840067 0.0900257 -0.201072
v 0.848975 0.10003 -0.205645
v 0.757881 -3.21743e-05 -0.164261
v 0.758003 0.00997259 -0.163991
v 0.767216 0.0199804 -0.167896
v 0.776404 0.0299889 -0.171858
v 0.785569 0.0399943 -0.175875
v 0.79471 0.0499998 -0.179948
v 0.803823 0.0600085 -0.184078
v 0.812917 0.0700131 -0.188263
v 0.821981 0.0800201 -0.1925
v 0.831024 0.0900257 -0.196792
v 0.839947 0.10003 -0.201324
v 0.748674 -3.33689e-05 -0.160347
v 0.748794 0.00997225 -0.160077
v 0.758024 0.0199791 -0.163937
v 0.767232 0.0299868 -0.167859
v 0.776412 0.039995 -0.171834
v 0.785572 0.0499998 -0.175867
v 0.794706 0.0600078 -0.179957
v 0.803815 0.0700153 -0.184101
v 0.812899 0.0800217 -0.188299
v 0.821958 0.0900268 -0.192549
v 0.830902 0.10003 -0.197045
v 0.739448 -3.25801e-05 -0.156477
v 0.739567 0.00997392 -0.156205
v 0.748814 0.0199798 -0.160021
v 0.758039 0.0299866 -0.163899
v 0.767239 0.0399939 -0.167834
v 0.776417 0.0500014 -0.171829
v 0.785568 0.0600088 -0.175876
v 0.794694 0.0700155 -0.179978
v 0.803797 0.0800214 -0.184136
v 0.812876 0.090026 -0.188346
v 0.821838 0.100032 -0.192806
v 0.730202 -3.31986e-05 -0.152645
v 0.730322 0.00997076 -0.152369
v 0.739587 0.0199791 -0.156146
v 0.74883 0.0299883 -0.159985
v 0.758047 0.0399947 -0.163877
v 0.767243 0.0500014 -0.167828
v 0.776413 0.060008 -0.171836
v 0.785559 0.0700141 -0.175898
v 0.79468 0.0800193 -0.180013
v 0.803774 0.0900267 -0.184184
v 0.812758 0.100033 -0.188607
v 0.720941 -3.5031e-05 -0.148857
v 0.721058 0.00997335 -0.148581
v 0.730344 0.0199805 -0.152317
v 0.739603 0.0299852 -0.156107
v 0.748839 0.0399941 -0.15996
v 0.758051 0.0499998 -0.163869
v 0.767237 0.060009 -0.167835
v 0.776403 0.0700144 -0.171857
v 0.785539 0.0800223 -0.175933
v 0.794653 0.090029 -0.180064
v 0.803658 0.100031 -0.184447
v 0.711662 -3.44988e-05 -0.145111
v 0.711782 0.00997134 -0.144835
v 0.721082 0.0199772 -0.148524
v 0.730358 0.0299877 -0.152277
v 0.739613 0.0399921 -0.156085
v 0.748841 0.0500003 -0.159951
v 0.758047 0.0600086 -0.163878
v 0.767226 0.0700165 -0.167856
v 0.776384 0.0800202 -0.171891
v 0.785518 0.0900263 -0.175983
v 0.794536 0.100034 -0.180328
v 0.702368 -3.49131e-05 -0.141409
v 0.702483 0.00997186 -0.141129
v 0.711801 0.0199799 -0.144778
v 0.721097 0.0299857 -0.148485
v 0.730367 0.0399924 -0.152251
v 0.739616 0.0499995 -0.156078
v 0.748837 0.0600068 -0.159958
v 0.758036 0.0700138 -0.163897
v 0.767213 0.0800202 -0.167894
v 0.77636 0.0900288 -0.171944
v 0.785402 0.100033 -0.176251
v 0.693055 -3.61844e-05 -0.137748
v 0.693171 0.00997158 -0.137469
v 0.702504 0.0199782 -0.141071
v 0.711816 0.0299861 -0.144736
v 0.721105 0.039995 -0.148463
v 0.730369 0.0500011 -0.152244
v 0.73961 0.0600073 -0.156084
v 0.748825 0.0700168 -0.159982
v 0.75802 0.0800221 -0.163937
v 0.767188 0.09003 -0.167947
v 0.776246 0.100033 -0.172213
v 0.683722 -3.4622e-05 -0.13413
v 0.683841 0.00997063 -0.13385
v 0.69319 0.0199792 -0.137409
v 0.702519 0.0299857 -0.14103
v 0.711827 0.0399933 -0.144714
v 0.721106 0.0500016 -0.148453
v 0.730365 0.0600066 -0.15225
v 0.739598 0.0700151 -0.156106
v 0.748809 0.0800229 -0.16002
v 0.757995 0.0900298 -0.163989
v 0.767072 0.100036 -0.168217
v 0.674379 -3.71568e-05 -0.130557
v 0.674495 0.00996911 -0.130274
v 0.68386 0.0199796 -0.133791
v 0.693207 0.0299846 -0.137368
v 0.702528 0.0399943 -0.141007
v 0.711828 0.0500012 -0.144705
v 0.721104 0.0600085 -0.148462
v 0.730354 0.0700158 -0.152275
v 0.739583 0.0800226 -0.156146
v 0.748787 0.0900285 -0.160073
v 0.757881 0.100033 -0.164259
v 0.665014 -3.65433e-05 -0.127025
v 0.665128 0.00997077 -0.126741
v 0.674514 0.0199795 -0.130216
v 0.683874 0.0299864 -0.133748
v 0.693213 0.0399946 -0.137343
v 0.702531 0.0500001 -0.140998
v 0.711823 0.0600095 -0.144713
v 0.721092 0.0700155 -0.148484
v 0.730339 0.0800213 -0.152313
v 0.739559 0.0900295 -0.156199
v 0.748673 0.100034 -0.160347
v 0.655637 -3.62092e-05 -0.123541
v 0.65575 0.00996859 -0.123252
v 0.665149 0.0199791 -0.126682
v 0.67453 0.0299843 -0.130173
v 0.683885 0.0399943 -0.133725
v 0.693217 0.0500018 -0.137336
v 0.702527 0.0600099 -0.141008
v 0.711814 0.0700146 -0.144736
v 0.721074 0.0800225 -0.148521
v 0.730312 0.0900296 -0.152366
v 0.739446 0.100036 -0.156476
v 0.64624 -3.60207e-05 -0.120097
v 0.646353 0.0099699 -0.119809
v 0.65577 0.0199785 -0.123194
v 0.665165 0.0299854 -0.126639
v 0.674538 0.0399937 -0.130148
v 0.683888 0.0499996 -0.133715
v 0.693211 0.0600097 -0.137343
v 0.702515 0.0700165 -0.141029
v 0.711797 0.0800231 -0.144776
v 0.721053 0.090029 -0.148578
v 0.730201 0.100035 -0.152644
v 0.636829 -3.5762e-05 -0.116699
v 0.636941 0.00996772 -0.116407
v 0.646374 0.0199778 -0.119749
v 0.655785 0.0299863 -0.123152
v 0.665174 0.0399928 -0.126614
v 0.67454 0.0500006 -0.130139
v 0.683882 0.0600091 -0.133724
v 0.693201 0.0700144 -0.137365
v 0.7025 0.0800231 -0.14107
v 0.71177 0.0900311 -0.144829
v 0.720939 0.100036 -0.148856
v 0.627403 -3.88658e-05 -0.113343
v 0.627512 0.00996928 -0.113053
v 0.636961 0.0199772 -0.116348
v 0.646388 0.0299837 -0.119703
v 0.655793 0.0399919 -0.123123
v 0.665176 0.0500013 -0.126607
v 0.674533 0.0600081 -0.130145
v 0.683872 0.0700154 -0.133747
v 0.693186 0.0800226 -0.137408
v 0.702475 0.0900293 -0.141124
v 0.71166 0.100036 -0.14511
v 0.617958 -3.80914e-05 -0.110033
v 0.618069 0.00996766 -0.109741
v 0.627534 0.0199769 -0.112993
v 0.636977 0.0299848 -0.116305
v 0.646396 0.0399945 -0.11968
v 0.655795 0.050002 -0.123117
v 0.665171 0.0600071 -0.126612
v 0.674523 0.0700162 -0.13017
v 0.683856 0.0800219 -0.133788
v 0.693162 0.0900305 -0.137464
v 0.702365 0.100037 -0.141408
v 0.608499 -3.68365e-05 -0.106769
v 0.608608 0.00997009 -0.106477
v 0.618089 0.019977 -0.109681
v 0.627546 0.0299862 -0.112947
v 0.636983 0.0399937 -0.116278
v 0.646397 0.0499993 -0.119668
v 0.655789 0.0600096 -0.123123
v 0.66516 0.0700169 -0.126638
v 0.674507 0.0800244 -0.130212
v 0.683832 0.0900315 -0.133846
v 0.693053 0.100036 -0.137748
v 0.599027 -3.84674e-05 -0.103549
v 0.599132 0.00996966 -0.103255
v 0.60863 0.0199776 -0.106415
v 0.618102 0.0299845 -0.109634
v 0.627556 0.0399934 -0.112922
v 0.636987 0.0500005 -0.11627
v 0.646394 0.0600087 -0.119679
v 0.65578 0.0700177 -0.12315
v 0.665142 0.0800235 -0.126678
v 0.674484 0.0900324 -0.130271
v 0.683724 0.100036 -0.134131
v 0.589536 -3.92969e-05 -0.100373
v 0.589646 0.00996649 -0.10008
v 0.599154 0.0199754 -0.10319
v 0.608642 0.0299834 -0.106367
v 0.61811 0.0399936 -0.109609
v 0.627556 0.050002 -0.112912
v 0.636982 0.0600082 -0.116277
v 0.646383 0.0700152 -0.119702
v 0.655763 0.0800226 -0.123189
v 0.665121 0.0900299 -0.126737
v 0.674378 0.100036 -0.130556
v 0.580031 -3.91295e-05 -0.0972428
v 0.580139 0.00996788 -0.0969498
v 0.589664 0.0199777 -0.100017
v 0.599168 0.0299831 -0.103145
v 0.608651 0.0399908 -0.10634
v 0.618114 0.0500005 -0.109601
v 0.627554 0.0600081 -0.112921
v 0.63697 0.0700166 -0.116301
v 0.646367 0.0800256 -0.119747
v 0.655741 0.090031 -0.12325
v 0.665016 0.100036 -0.127026
v 0.570514 -3.78231e-05 -0.0941624
v 0.570618 0.00996684 -0.0938642
v 0.580157 0.0199774 -0.0968848
v 0.589678 0.0299837 -0.0999699
v 0.599175 0.0399925 -0.103119
v 0.608654 0.0499997 -0.106332
v 0.618108 0.0600086 -0.109608
v 0.627543 0.070015 -0.112945
v 0.636954 0.0800255 -0.116346
v 0.646343 0.0900325 -0.119805
v 0.655635 0.100039 -0.123541
v 0.560979 -3.88187e-05 -0.0911235
v 0.561082 0.00996715 -0.0908249
v 0.570636 0.0199748 -0.0937969
v 0.580169 0.0299854 -0.0968375
v 0.589686 0.0399916 -0.099942
v 0.599178 0.0499999 -0.10311
v 0.608646 0.0600099 -0.10634
v 0.618098 0.0700175 -0.109635
v 0.627523 0.0800259 -0.112988
v 0.636931 0.090031 -0.116404
v 0.646239 0.100036 -0.120094
v 0.551429 -3.83181e-05 -0.0881308
v 0.551533 0.00996897 -0.0878349
v 0.5611 0.0199771 -0.09076
v 0.570649 0.0299849 -0.0937524
v 0.58018 0.0399918 -0.0968108
v 0.589686 0.0500011 -0.099933
v 0.599174 0.0600086 -0.103119
v 0.608637 0.0700174 -0.106367
v 0.618081 0.0800236 -0.109676
v 0.627502 0.0900336 -0.11305
v 0.636829 0.100037 -0.116698
v 0.541868 -3.98001e-05 -0.0851859
v 0.541966 0.00996884 -0.0848862
v 0.551552 0.0199738 -0.0877656
v 0.561115 0.0299821 -0.0907114
v 0.570658 0.0399933 -0.0937255
v 0.58018 0.0499998 -0.0968002
v 0.589682 0.0600084 -0.099941
v 0.59916 0.0700183 -0.103144
v 0.608622 0.0800257 -0.106412
v 0.618059 0.0900334 -0.10974
v 0.6274 0.100039 -0.113343
v 0.532291 -3.94513e-05 -0.0822872
v 0.532388 0.00996696 -0.0819851
v 0.541986 0.0199758 -0.0848191
v 0.551563 0.0299845 -0.0877181
v 0.561121 0.0399928 -0.0906842
v 0.570658 0.05 -0.093713
v 0.580174 0.0600094 -0.0968084
v 0.589671 0.0700168 -0.0999675
v 0.599145 0.0800253 -0.103188
v 0.608596 0.0900342 -0.106472
v 0.617957 0.100038 -0.110032
v 0.522699 -4.07336e-05 -0.0794331
v 0.522796 0.00996707 -0.0791333
v 0.532408 0.0199761 -0.08192
v 0.541999 0.0299852 -0.0847721
v 0.551573 0.0399903 -0.08769
v 0.561122 0.0500017 -0.0906746
v 0.570655 0.0600083 -0.0937227
v 0.580166 0.0700166 -0.0968366
v 0.589654 0.0800261 -0.100012
v 0.599122 0.0900327 -0.10325
v 0.6085 0.100039 -0.106769
v 0.513093 -3.98456e-05 -0.0766286
v 0.513189 0.00996573 -0.0763259
v 0.522815 0.0199748 -0.0790652
v 0.53242 0.0299841 -0.0818703
v 0.542006 0.0399932 -0.0847434
v 0.551572 0.0500015 -0.0876801
v 0.561118 0.0600088 -0.0906825
v 0.570644 0.0700178 -0.0937512
v 0.580149 0.0800247 -0.0968805
v 0.589632 0.0900324 -0.100074
v 0.599024 0.10004 -0.103548
v 0.503473 -4.02877e-05 -0.0738685
v 0.503569 0.00996679 -0.0735679
v 0.513208 0.0199758 -0.0762595
v 0.522827 0.0299852 -0.0790176
v 0.532426 0.0399909 -0.081839
v 0.542009 0.0499997 -0.0847326
v 0.55157 0.0600074 -0.0876891
v 0.561108 0.0700172 -0.0907095
v 0.570629 0.0800249 -0.0937968
v 0.580127 0.0900334 -0.0969459
v 0.589536 0.100039 -0.100374
v 0.493842 -3.81594e-05 -0.0711612
v 0.493936 0.00996672 -0.0708575
v 0.503586 0.0199755 -0.0734983
v 0.513219 0.0299849 -0.076209
v 0.522835 0.0399907 -0.0789867
v 0.532429 0.0499998 -0.0818307
v 0.542004 0.060008 -0.0847413
v 0.551557 0.0700183 -0.0877162
v 0.561093 0.0800267 -0.0907584
v 0.570607 0.0900326 -0.0938611
v 0.580031 0.10004 -0.0972445
v 0.484198 -4.06361e-05 -0.0684966
v 0.484288 0.00996572 -0.0681916
v 0.493955 0.0199742 -0.0707875
v 0.503601 0.0299835 -0.0734508
v 0.513227 0.0399929 -0.0761801
v 0.522837 0.0499986 -0.0789758
v 0.532426 0.060007 -0.0818404
v 0.541993 0.0700179 -0.0847695
v 0.551541 0.0800268 -0.0877636
v 0.56107 0.0900335 -0.0908215
v 0.570514 0.100039 -0.0941613
v 0.474539 -4.02338e-05 -0.0658816
v 0.474628 0.00996767 -0.0655783
v 0.484306 0.0199757 -0.0681229
v 0.493966 0.0299847 -0.0707385
v 0.503608 0.0399904 -0.0734189
v 0.51323 0.0499997 -0.0761698
v 0.522831 0.0600084 -0.0789849
v 0.532414 0.070016 -0.0818665
v 0.541977 0.0800255 -0.0848152
v 0.551521 0.0900327 -0.0878282
v 0.560979 0.10004 -0.0911231
v 0.464865 -4.04467e-05 -0.0633113
v 0.464955 0.0099654 -0.0630076
v 0.474646 0.0199729 -0.065504
v 0.48432 0.0299814 -0.0680718
v 0.493974 0.0399906 -0.0707067
v 0.503607 0.0499998 -0.0734076
v 0.513225 0.0600086 -0.0761794
v 0.522823 0.0700164 -0.0790151
v 0.532397 0.0800263 -0.0819152
v 0.541956 0.0900341 -0.0848832
v 0.551431 0.100039 -0.0881312
v 0.455181 -4.10544e-05 -0.060792
v 0.45527 0.00996638 -0.0604897
v 0.464975 0.0199732 -0.0629376
v 0.474657 0.0299848 -0.0654561
v 0.484327 0.03999 -0.0680417
v 0.493974 0.049999 -0.0706955
v 0.503604 0.0600078 -0.0734177
v 0.513216 0.0700157 -0.0762072
v 0.522805 0.0800259 -0.0790618
v 0.532376 0.0900341 -0.0819815
v 0.541865 0.10004 -0.0851842
v 0.445485 -4.1919e-05 -0.0583205
v 0.445572 0.00996715 -0.0580195
v 0.455287 0.0199731 -0.0604156
v 0.464983 0.0299841 -0.062886
v 0.474665 0.0399924 -0.0654256
v 0.484326 0.0500011 -0.0680323
v 0.493967 0.0600097 -0.0707046
v 0.503594 0.0700177 -0.0734479
v 0.513199 0.0800244 -0.0762548
v 0.522785 0.090033 -0.0791292
v 0.532289 0.10004 -0.0822865
v 0.435774 -3.91177e-05 -0.0558988
v 0.435863 0.00996423 -0.0555953
v 0.445589 0.0199729 -0.0579443
v 0.455299 0.0299831 -0.0603664
v 0.464992 0.0399907 -0.0628551
v 0.474667 0.0499991 -0.0654143
v 0.484322 0.0600074 -0.0680398
v 0.49396 0.0700153 -0.0707335
v 0.503579 0.0800257 -0.0734963
v 0.513179 0.0900344 -0.0763252
v 0.522697 0.100039 -0.079432
v 0.426055 -3.99016e-05 -0.0535264
v 0.426139 0.00996516 -0.0532207
v 0.435878 0.0199727 -0.0555208
v 0.445599 0.029982 -0.0578911
v 0.455303 0.0399926 -0.0603335
v 0.464993 0.0500003 -0.0628452
v 0.474662 0.0600083 -0.0654236
v 0.484314 0.0700159 -0.0680708
v 0.493944 0.0800263 -0.0707843
v 0.503556 0.0900351 -0.0735645
v 0.513092 0.100041 -0.0766286
v 0.416323 -4.03803e-05 -0.0512021
v 0.416404 0.00996641 -0.0508973
v 0.426154 0.0199727 -0.0531448
v 0.435886 0.0299846 -0.0554682
v 0.445606 0.0399907 -0.0578607
v 0.455304 0.0500014 -0.0603233
v 0.464988 0.0600088 -0.0628544
v 0.474652 0.0700162 -0.0654517
v 0.484296 0.0800263 -0.068119
v 0.493923 0.0900351 -0.0708534
v 0.503474 0.100042 -0.0738715
v 0.406578 -4.03542e-05 -0.0489259
v 0.406658 0.00996451 -0.0486198
v 0.416419 0.0199731 -0.0508198
v 0.426165 0.0299838 -0.0530943
v 0.435893 0.0399925 -0.055437
v 0.445607 0.0499988 -0.0578498
v 0.4553 0.0600093 -0.0603322
v 0.464978 0.0700161 -0.0628825
v 0.474637 0.080026 -0.0655033
v 0.484275 0.0900347 -0.0681887
v 0.493843 0.100038 -0.0711589
v 0.396822 -3.96221e-05 -0.0467009
v 0.3969 0.00996702 -0.0463955
v 0.406674 0.0199741 -0.0485459
v 0.41643 0.0299835 -0.050768
v 0.426172 0.0399911 -0.053062
v 0.435895 0.05 -0.0554254
v 0.445601 0.0600098 -0.0578601
v 0.455293 0.070016 -0.0603633
v 0.464964 0.0800255 -0.0629343
v 0.474617 0.090034 -0.0655735
v 0.484196 0.100039 -0.0684944
v 0.387055 -4.17736e-05 -0.0445224
v 0.387129 0.00996672 -0.0442174
v 0.396915 0.0199758 -0.0463197
v 0.406684 0.0299838 -0.0484924
v 0.416436 0.0399901 -0.0507345
v 0.426171 0.0500017 -0.0530513
v 0.435893 0.0600068 -0.0554364
v 0.445595 0.070016 -0.057891
v 0.455276 0.080025 -0.0604121
v 0.464944 0.0900331 -0.0630049
v 0.474537 0.100042 -0.0658811
v 0.377276 -3.90835e-05 -0.0423972
v 0.37735 0.00996378 -0.0420888
v 0.387147 0.0199748 -0.0441429
v 0.396926 0.0299812 -0.0462628
v 0.40669 0.0399898 -0.0484576
v 0.416438 0.0500001 -0.0507259
v 0.42617 0.060008 -0.0530617
v 0.435882 0.0700164 -0.0554655
v 0.445581 0.0800247 -0.0579428
v 0.45526 0.0900323 -0.0604859
v 0.464864 0.100042 -0.0633124
v 0.367488 -3.89104e-05 -0.0403217
v 0.367559 0.00996587 -0.0400135
v 0.377365 0.019975 -0.042014
v 0.387155 0.0299833 -0.044086
v 0.396932 0.0399904 -0.0462315
v 0.406691 0.0499994 -0.0484479
v 0.416434 0.0600097 -0.0507372
v 0.426161 0.0700172 -0.0530933
v 0.435868 0.0800247 -0.0555171
v 0.445559 0.0900353 -0.0580153
v 0.45518 0.100042 -0.0607931
v 0.357688 -4.10126e-05 -0.0382927
v 0.357758 0.00996569 -0.0379878
v 0.367577 0.0199727 -0.0399377
v 0.377375 0.0299828 -0.0419584
v 0.38716 0.039992 -0.044053
v 0.396932 0.0499995 -0.0462204
v 0.406686 0.0600086 -0.0484582
v 0.416425 0.0700186 -0.0507682
v 0.426146 0.0800252 -0.0531445
v 0.435849 0.0900352 -0.0555927
v 0.445485 0.100042 -0.0583234
v 0.347878 -4.14947e-05 -0.0363156
v 0.347947 0.00996721 -0.0360137
v 0.357773 0.0199757 -0.0379115
v 0.367584 0.0299838 -0.0398818
v 0.377382 0.0399911 -0.0419268
v 0.387163 0.0500007 -0.0440437
v 0.396927 0.0600084 -0.0462295
v 0.406679 0.0700172 -0.0484914
v 0.41641 0.0800265 -0.0508187
v 0.426124 0.0900356 -0.0532167
v 0.435776 0.100039 -0.0558983
v 0.338057 -4.01175e-05 -0.0343902
v 0.338124 0.00996682 -0.0340862
v 0.347962 0.0199729 -0.035933
v 0.357783 0.0299826 -0.0378547
v 0.36759 0.0399917 -0.0398483
v 0.377383 0.0499996 -0.0419158
v 0.387159 0.0600094 -0.0440546
v 0.396919 0.0700169 -0.0462617
v 0.406663 0.080025 -0.0485412
v 0.416392 0.0900331 -0.0508919
v 0.426054 0.10004 -0.0535247
v 0.328227 -4.04789e-05 -0.0325149
v 0.328294 0.00996473 -0.0322119
v 0.338138 0.0199758 -0.0340079
v 0.347972 0.0299832 -0.0358788
v 0.357787 0.0399902 -0.037819
v 0.367592 0.0499999 -0.0398387
v 0.377379 0.060008 -0.0419252
v 0.38715 0.0700177 -0.0440856
v 0.396908 0.0800246 -0.046317
v 0.406646 0.0900352 -0.0486188
v 0.416322 0.100039 -0.0511989
v 0.318392 -4.23592e-05 -0.030693
v 0.318454 0.00996491 -0.0303895
v 0.328309 0.0199733 -0.0321339
v 0.338151 0.029982 -0.0339525
v 0.347977 0.0399905 -0.0358441
v 0.357789 0.0499982 -0.0378074
v 0.367586 0.0600082 -0.0398464
v 0.377371 0.0700163 -0.041958
v 0.387138 0.0800254 -0.0441398
v 0.396887 0.0900349 -0.0463906
v 0.406575 0.100042 -0.0489247
v 0.308542 -4.18553e-05 -0.0289201
v 0.308602 0.00996755 -0.0286191
v 0.318467 0.0199731 -0.0303084
v 0.328318 0.029983 -0.0320776
v 0.338152 0.0399928 -0.0339172
v 0.347976 0.0499983 -0.0358304
v 0.357787 0.0600064 -0.0378197
v 0.36758 0.0700164 -0.0398809
v 0.377358 0.080024 -0.042011
v 0.38712 0.0900322 -0.0442139
v 0.396823 0.100039 -0.0466997
v 0.298682 -3.86921e-05 -0.0271993
v 0.298744 0.0099653 -0.026897
v 0.308616 0.0199754 -0.028538
v 0.318476 0.0299825 -0.0302525
v 0.328322 0.0399898 -0.0320411
v 0.338156 0.0500005 -0.0339076
v 0.347976 0.0600066 -0.0358439
v 0.357777 0.0700184 -0.0378544
v 0.367568 0.0800243 -0.0399358
v 0.37734 0.0900346 -0.0420891
v 0.387054 0.100041 -0.0445234
v 0.288818 -4.02765e-05 -0.0255304
v 0.288874 0.00996591 -0.0252271
v 0.298757 0.0199729 -0.0268158
v 0.308624 0.0299808 -0.0284771
v 0.318481 0.0399892 -0.0302164
v 0.328321 0.0500012 -0.0320309
v 0.33815 0.0600087 -0.0339158
v 0.347966 0.0700149 -0.0358749
v 0.357764 0.0800264 -0.0379078
v 0.367549 0.0900351 -0.0400126
v 0.377274 0.100041 -0.0423952
v 0.278939 -3.88509e-05 -0.0239108
v 0.278998 0.00996575 -0.023611
v 0.288888 0.0199732 -0.0251456
v 0.298764 0.0299819 -0.0267568
v 0.308628 0.0399912 -0.0284432
v 0.318481 0.0500007 -0.0302068
v 0.32832 0.0600095 -0.0320432
v 0.338144 0.0700172 -0.0339512
v 0.347952 0.0800268 -0.0359316
v 0.357747 0.0900338 -0.0379846
v 0.367487 0.100039 -0.0403183
v 0.269057 -4.18222e-05 -0.0223432
v 0.269113 0.00996506 -0.0220454
v 0.279012 0.0199729 -0.0235291
v 0.288895 0.0299822 -0.0250866
v 0.298768 0.0399923 -0.0267231
v 0.30863 0.049999 -0.0284323
v 0.318476 0.0600091 -0.0302167
v 0.328312 0.0700182 -0.0320765
v 0.338132 0.0800257 -0.0340074
v 0.347936 0.0900346 -0.0360101
v 0.357687 0.10004 -0.0382915
v 0.259167 -4.13684e-05 -0.0208317
v 0.259216 0.00996786 -0.0205324
v 0.269124 0.0199759 -0.0219648
v 0.279019 0.0299818 -0.0234697
v 0.288898 0.0399926 -0.0250528
v 0.29877 0.0500001 -0.0267125
v 0.308626 0.0600076 -0.0284427
v 0.318469 0.0700181 -0.0302509
v 0.328299 0.0800233 -0.0321288
v 0.338114 0.0900339 -0.0340842
v 0.347879 0.100038 -0.0363162
v 0.249268 -4.10504e-05 -0.0193711
v 0.249316 0.0099667 -0.0190716
v 0.259229 0.0199747 -0.0204492
v 0.269133 0.0299809 -0.0219031
v 0.279022 0.0399923 -0.0234358
v 0.288901 0.0500006 -0.0250423
v 0.298767 0.060009 -0.0267234
v 0.308619 0.0700169 -0.0284777
v 0.31846 0.0800235 -0.0303075
v 0.328285 0.090032 -0.0322102
v 0.338059 0.100039 -0.0343912
v 0.23936 -4.07228e-05 -0.0179616
v 0.239409 0.00996554 -0.0176651
v 0.249328 0.0199735 -0.0189875
v 0.259235 0.0299837 -0.0203887
v 0.269136 0.0399916 -0.0218689
v 0.279021 0.0500005 -0.023422
v 0.288899 0.060006 -0.0250516
v 0.298761 0.0700149 -0.026757
v 0.30861 0.0800228 -0.0285352
v 0.318443 0.0900327 -0.0303869
v 0.328228 0.100039 -0.0325148
v 0.229443 -4.018e-05 -0.0166033
v 0.22949 0.00996465 -0.0163063
v 0.239419 0.0199762 -0.0175818
v 0.249337 0.0299825 -0.0189296
v 0.25924 0.0399907 -0.0203522
v 0.269134 0.05 -0.021855
v 0.279019 0.0600062 -0.0234315
v 0.288892 0.0700161 -0.0250876
v 0.298748 0.0800251 -0.0268139
v 0.308594 0.0900326 -0.0286156
v 0.318389 0.100038 -0.0306902
v 0.219524 -3.92149e-05 -0.015303
v 0.219566 0.00996807 -0.0150073
v 0.229502 0.0199753 -0.0162251
v 0.239425 0.0299815 -0.0175178
v 0.24934 0.0399897 -0.0188924
v 0.259241 0.0499995 -0.0203412
v 0.269135 0.0600062 -0.0218676
v 0.279011 0.0700168 -0.0234677
v 0.28888 0.0800231 -0.0251432
v 0.298733 0.0900318 -0.0268933
v 0.30854 0.100039 -0.0289193
v 0.209592 -3.76183e-05 -0.0140509
v 0.209635 0.00996828 -0.0137577
v 0.219575 0.019975 -0.0149195
v 0.22951 0.0299808 -0.0161633
v 0.239431 0.039989 -0.0174831
v 0.249341 0.0499989 -0.0188809
v 0.259241 0.060006 -0.0203537
v 0.269127 0.0700173 -0.021904
v 0.279003 0.0800244 -0.0235269
v 0.288863 0.0900342 -0.0252251
v 0.298683 0.100041 -0.0272004
v 0.19966 -3.90968e-05 -0.0128552
v 0.199701 0.00996548 -0.012561
v 0.209646 0.0199753 -0.0136718
v 0.219585 0.0299807 -0.0148598
v 0.22951 0.0399925 -0.0161263
v 0.23943 0.0499986 -0.017471
v 0.249336 0.060006 -0.0188898
v 0.259234 0.070014 -0.0203881
v 0.269114 0.0800256 -0.0219602
v 0.278987 0.0900326 -0.0236076
v 0.288818 0.100037 -0.0255287
v 0.189716 -3.95079e-05 -0.0117079
v 0.189755 0.00996761 -0.011418
v 0.199709 0.0199727 -0.0124734
v 0.209654 0.0299813 -0.0136107
v 0.219589 0.0399889 -0.0148231
v 0.229513 0.0499987 -0.0161148
v 0.239428 0.0600062 -0.0174826
v 0.249332 0.0700146 -0.0189273
v 0.259224 0.080023 -0.0204476
v 0.269103 0.0900308 -0.0220426
v 0.278942 0.100038 -0.023911
v 0.17977 -3.86961e-05 -0.0106193
v 0.179805 0.00996713 -0.0103281
v 0.189764 0.019975 -0.0113319
v 0.199714 0.0299828 -0.0124127
v 0.209656 0.0399899 -0.0135727
v 0.219589 0.0499995 -0.0148125
v 0.229509 0.060007 -0.0161257
v 0.239422 0.0700156 -0.0175197
v 0.249321 0.0800245 -0.0189867
v 0.25921 0.0900329 -0.0205321
v 0.269059 0.100038 -0.0223458
v 0.169816 -4.03292e-05 -0.00958077
v 0.169849 0.00996807 -0.00929358
v 0.179816 0.0199747 -0.0102434
v 0.189772 0.0299815 -0.0112709
v 0.199717 0.0399919 -0.0123767
v 0.209656 0.0499972 -0.0135591
v 0.219584 0.0600084 -0.0148226
v 0.229502 0.0700171 -0.0161623
v 0.239412 0.0800225 -0.017577
v 0.249308 0.0900314 -0.0190694
v 0.259167 0.100039 -0.0208331
v 0.159858 -4.02926e-05 -0.00859788
v 0.15989 0.0099668 -0.0083126
v 0.169857 0.0199759 -0.0092068
v 0.179821 0.0299816 -0.0101806
v 0.189773 0.0399911 -0.0112333
v 0.199718 0.0499998 -0.0123651
v 0.209653 0.0600069 -0.0135715
v 0.21958 0.0700155 -0.0148599
v 0.229494 0.0800249 -0.0162225
v 0.239398 0.0900305 -0.0176596
v 0.249265 0.10004 -0.0193698
v 0.149894 -3.83658e-05 -0.00767078
v 0.149925 0.00996742 -0.00738728
v 0.159899 0.0199749 -0.00822695
v 0.169864 0.0299832 -0.00914533
v 0.179823 0.0399918 -0.0101446
v 0.189773 0.0499998 -0.0112202
v 0.199715 0.0600064 -0.0123744
v 0.209648 0.0700149 -0.0136078
v 0.21957 0.0800243 -0.0149195
v 0.229483 0.0900302 -0.0163062
v 0.239359 0.100037 -0.0179606
v 0.139924 -3.82968e-05 -0.0067943
v 0.139953 0.00996611 -0.00651254
v 0.149931 0.0199757 -0.00729926
v 0.159902 0.0299826 -0.00816335
v 0.169868 0.0399901 -0.00910885
v 0.179825 0.0499972 -0.0101313
v 0.18977 0.0600072 -0.0112315
v 0.199711 0.0700154 -0.012413
v 0.209639 0.0800247 -0.01367
v 0.219558 0.0900308 -0.0150027
v 0.229444 0.100039 -0.0166062
v 0.129954 -3.98283e-05 -0.00597536
v 0.129976 0.00996718 -0.00569374
v 0.139959 0.0199748 -0.00642534
v 0.149935 0.0299839 -0.00723677
v 0.159907 0.0399901 -0.00812819
v 0.169866 0.0500002 -0.00909572
v 0.17982 0.0600056 -0.0101411
v 0.189766 0.0700133 -0.011267
v 0.199702 0.0800225 -0.0124723
v 0.209628 0.0900324 -0.0137559
v 0.219523 0.100039 -0.015303
v 0.119975 -3.88325e-05 -0.00520932
v 0.12 0.00996676 -0.00493264
v 0.129985 0.019976 -0.00561083
v 0.139963 0.0299834 -0.00636385
v 0.149937 0.0399921 -0.00719944
v 0.159907 0.0499972 -0.00811455
v 0.169867 0.0600056 -0.00910859
v 0.179815 0.0700167 -0.0101804
v 0.189758 0.0800217 -0.0113286
v 0.199693 0.0900314 -0.0125608
v 0.209595 0.100039 -0.0140531
v 0.109991 -3.8988e-05 -0.0044943
v 0.110014 0.00996909 -0.0042245
v 0.120004 0.0199758 -0.00484702
v 0.129991 0.0299812 -0.00554817
v 0.139965 0.0399922 -0.00632759
v 0.149937 0.05 -0.00718705
v 0.159904 0.0600075 -0.0081275
v 0.169861 0.070014 -0.00914446
v 0.179811 0.0800224 -0.0102421
v 0.189747 0.0900319 -0.011416
v 0.19966 0.100037 -0.0128545
v 0.100005 -3.60547e-05 -0.00383929
v 0.100027 0.00996632 -0.00356908
v 0.11002 0.0199742 -0.00413763
v 0.120009 0.0299814 -0.00478516
v 0.129989 0.0399907 -0.00550946
v 0.139967 0.0499971 -0.00631437
v 0.149936 0.0600075 -0.0071994
v 0.159901 0.0700132 -0.00816302
v 0.169854 0.080021 -0.00920465
v 0.179798 0.0900302 -0.0103265
v 0.189718 0.100036 -0.0117095
v 0.0900153 -3.79218e-05 -0.00323374
v 0.0900358 0.00996676 -0.00297038
v 0.10003 0.0199755 -0.00348474
v 0.110021 0.0299842 -0.00407841
v 0.12001 0.0399916 -0.00475061
v 0.129991 0.0499966 -0.00549718
v 0.139966 0.0600058 -0.00632785
v 0.149933 0.0700145 -0.00723632
v 0.159894 0.0800216 -0.00822486
v 0.169846 0.0900303 -0.00929432
v 0.179768 0.100037 -0.0106182
v 0.0800217 -3.60259e-05 -0.00268492
v 0.0800413 0.00996643 -0.00242679
v 0.0900393 0.0199757 -0.00289024
v 0.100035 0.0299818 -0.0034277
v 0.110024 0.0399911 -0.00404266
v 0.120009 0.0499984 -0.0047358
v 0.12999 0.0600065 -0.00551168
v 0.13996 0.0700141 -0.00636264
v 0.149928 0.0800205 -0.00729775
v 0.159885 0.0900287 -0.00831113
v 0.169816 0.100036 -0.00958207
v 0.0700279 -3.84404e-05 -0.00218929
v 0.0700424 0.00996982 -0.00194026
v 0.0800425 0.0199752 -0.00234725
v 0.0900437 0.0299824 -0.00283367
v 0.100037 0.0399896 -0.00339242
v 0.110025 0.0499991 -0.00403179
v 0.120009 0.0600057 -0.00474912
v 0.129986 0.0700124 -0.00554554
v 0.139956 0.0800218 -0.00642538
v 0.14992 0.0900292 -0.00738559
v 0.159857 0.100038 -0.00859993
v 0.0600308 -3.64672e-05 -0.00175062
v 0.0600427 0.00996882 -0.00150728
v 0.0700457 0.0199739 -0.00186315
v 0.0800479 0.0299818 -0.0022949
v 0.0900435 0.0399906 -0.00279903
v 0.100037 0.0499984 -0.00338221
v 0.110022 0.0600076 -0.00404244
v 0.120005 0.0700131 -0.00478385
v 0.129982 0.0800217 -0.00560937
v 0.13995 0.0900284 -0.00651267
v 0.149892 0.100038 -0.00767004
v 0.0500305 -3.82741e-05 -0.00136192
v 0.0500412 0.00996814 -0.0011296
v 0.0600439 0.0199762 -0.00143647
v 0.0700464 0.0299845 -0.00181338
v 0.0800495 0.0399908 -0.00226403
v 0.0900449 0.0499967 -0.00278715
v 0.100035 0.0600045 -0.00339128
v 0.11002 0.0700129 -0.00407575
v 0.12 0.0800204 -0.0048432
v 0.129972 0.0900302 -0.00569447
v 0.139925 0.100036 -0.00679583
v 0.0400245 -3.47205e-05 -0.00102662
v 0.0400349 0.00997125 -0.000810094
v 0.0500438 0.0199737 -0.00106744
v 0.0600496 0.0299821 -0.0013927
v 0.0700509 0.0399897 -0.00178458
v 0.0800493 0.0499978 -0.00225252
v 0.0900422 0.0600043 -0.00279654
v 0.100031 0.0700154 -0.00342697
v 0.110017 0.080022 -0.00413914
v 0.119993 0.0900309 -0.0049326
v 0.129953 0.100033 -0.00597422
v 0.0300189 -3.47116e-05 -0.000745302
v 0.0300297 0.00997149 -0.000543931
v 0.0400393 0.0199754 -0.000756101
v 0.0500438 0.0299833 -0.00102637
v 0.0600496 0.0399918 -0.00136619
v 0.0700492 0.049998 -0.00177309
v 0.0800459 0.0600071 -0.00226187
v 0.0900391 0.0700133 -0.00283033
v 0.100027 0.0800229 -0.00348531
v 0.11001 0.0900309 -0.00422384
v 0.119974 0.100034 -0.00520718
v 0.0200143 -3.23748e-05 -0.000518745
v 0.0200188 0.00997501 -0.000337225
v 0.0300284 0.01998 -0.000504087
v 0.04004 0.029983 -0.000724008
v 0.0500466 0.0399925 -0.0010078
v 0.0600509 0.0499969 -0.00135647
v 0.07005 0.0600049 -0.00178384
v 0.0800442 0.0700142 -0.0022936
v 0.090035 0.080023 -0.00288875
v 0.100021 0.0900302 -0.00356847
v 0.109993 0.100034 -0.00449643
v 0.0100044 -2.66557e-05 -0.00035202
v 0.0100148 0.00998042 -0.000193035
v 0.0200246 0.0199814 -0.000313045
v 0.0300342 0.0299866 -0.000483475
v 0.0400392 0.0399924 -0.000705816
v 0.0500459 0.0499988 -0.000997836
v 0.0600474 0.0600058 -0.0013632
v 0.070048 0.0700144 -0.00181501
v 0.0800421 0.0800226 -0.00234968
v 0.0900314 0.0900292 -0.0029699
v 0.100008 0.100033 -0.00383861
v 4.49513e-07 -1.1388e-05 -0.000256333
v 3.46172e-06 0.0100002 -0.000202646
v 0.0100157 0.0199843 -0.000186888
v 0.0200227 0.0299885 -0.00030117
v 0.0300328 0.0399907 -0.000468404
v 0.0400419 0.0499992 -0.00070314
v 0.0500461 0.0600055 -0.00100562
v 0.0600468 0.0700138 -0.00139171
v 0.0700445 0.0800218 -0.00186507
v 0.0800372 0.0900277 -0.00242518
v 0.0900168 0.100036 -0.00323596
v 2.79891e-06 0.0199984 -0.000198982
v 0.0100145 0.0299902 -0.000183034
v 0.0200271 0.0399924 -0.000296911
v 0.0300327 0.0499986 -0.000465344
v 0.0400431 0.0600043 -0.000707806
v 0.0500443 0.0700127 -0.00102729
v 0.0600424 0.0800206 -0.00143511
v 0.0700402 0.0900303 -0.00193964
v 0.080023 0.100035 -0.00268462
v 4.48091e-06 0.0299994 -0.000200617
v 0.0100166 0.0399934 -0.000183112
v 0.0200246 0.0499966 -0.000292203
v 0.0300318 0.0600054 -0.000469355
v 0.0400395 0.0700105 -0.00072261
v 0.0500423 0.0800191 -0.00106713
v 0.0600407 0.0900288 -0.00150646
v 0.0700284 0.100035 -0.00219021
v 1.77345e-06 0.040003 -0.000200376
v 0.0100141 0.0499986 -0.000181305
v 0.0200275 0.0600017 -0.000296345
v 0.0300342 0.0700114 -0.000483292
v 0.0400376 0.0800173 -0.000754555
v 0.0500374 0.0900277 -0.00112757
v 0.0600302 0.100035 -0.00174924
v 3.76069e-06 0.0500049 -0.000203165
v 0.0100159 0.0600013 -0.000182734
v 0.0200242 0.0700068 -0.000299628
v 0.0300289 0.0800189 -0.000503554
v 0.0400331 0.0900269 -0.000806929
v 0.0500304 0.100032 -0.00136018
v 3.63884e-06 0.0600049 -0.000201917
v 0.0100137 0.0700056 -0.000182015
v 0.0200235 0.0800158 -0.000314089
v 0.0300301 0.0900224 -0.000542873
v 0.0400255 0.100034 -0.00102686
v 2.62325e-06 0.100009 -0.000199928
v 5.11706e-06 0.0900068 -0.000201839
v 0.0100047 0.100024 -0.000352587
v 4.17142e-06 0.0800061 -0.000201351
v 0.0100143 0.090012 -0.000190844
v 0.0200145 0.100029 -0.000521161
v 3.09525e-06 0.0700067 -0.00020199
v 0.0100135 0.0800105 -0.000186609
v 0.02002 0.0900217 -0.000336767
v 0.030019 0.100033 -0.000745968
v 0.938178 -2.17027e-05 -0.250957
v 0.938298 0.00998286 -0.250729
v 0.947132 0.0199884 -0.255428
v 0.955913 0.0199908 -0.260229
v 0.94699 -1.98348e-05 -0.255697
v 0.947112 0.00998088 -0.255471
v 0.955889 0.00998616 -0.260272
v 0.955783 -1.8249e-05 -0.260474
v -0.0113584 0.013717 -0.109866
v -0.0204452 0.013717 -0.109866
v -0.0204452 -0.000308839 -0.109866
v -0.0113584 -0.000308839 -0.109866
v -0.0199775 0.000449487 -0.109866
v -0.0192759 0.000449487 -0.109866
v -0.0192759 0.0012076 -0.109866
v -0.0199775 0.0012076 -0.109866
v -0.0199775 0.0012076 -0.109866
v -0.0192759 0.0012076 -0.109866
v -0.0192759 0.00196571 -0.109866
v -0.0199775 0.00196571 -0.109866
v -0.0199775 0.00196571 -0.109866
v -0.0192759 0.00196571 -0.109866
v -0.0192759 0.00272383 -0.109866
v -0.0199775 0.00272383 -0.109866
v -0.0199775 0.00272383 -0.109866
v -0.0192759 0.00272383 -0.109866
v -0.0192759 0.00348194 -0.109866
v -0.0199775 0.00348194 -0.109866
v -0.0199775 0.00348194 -0.109866
v -0.0192759 0.00348194 -0.109866
v -0.0192759 0.00424006 -0.109866
v -0.0199775 0.00424006 -0.109866
v -0.0199775 0.00424006 -0.109866
v -0.0192759 0.00424006 -0.109866
v -0.0192759 0.00499817 -0.109866
v -0.0199775 0.00499817 -0.109866
v -0.0199775 0.00499817 -0.109866
v -0.0192759 0.00499817 -0.109866
v -0.0192759 0.00575649 -0.109866
v -0.0199775 0.00575649 -0.109866
v -0.0199775 0.00575649 -0.109866
v -0.0192759 0.00575649 -0.109866
v -0.0192759 0.00651461 -0.109866
v -0.0199775 0.00651461 -0.109866
v -0.0199775 0.00651461 -0.109866
v -0.0192759 0.00651461 -0.109866
v -0.0192759 0.00727272 -0.109866
v -0.0199775 0.00727272 -0.109866
v -0.0199775 0.00727272 -0.109866
v -0.0192759 0.00727272 -0.109866
v -0.0192759 0.00803083 -0.109866
v -0.0199775 0.00803083 -0.109866
v -0.0199775 0.00803083 -0.109866
v -0.0192759 0.00803083 -0.109866
v -0.0192759 0.00878895 -0.109866
v -0.0199775 0.00878895 -0.109866
v -0.0199775 0.00878895 -0.109866
v -0.0192759 0.00878895 -0.109866
v -0.0192759 0.00954706 -0.109866
v -0.0199775 0.00954706 -0.109866
v -0.0199775 0.000449487 -0.109866
v -0.0190421 0.000449487 -0.109866
v -0.0199775 0.0012076 -0.109866
v -0.0190421 0.0012076 -0.109866
v -0.0199775 0.00196571 -0.109866
v -0.0190421 0.00196571 -0.109866
v -0.0199775 0.00272383 -0.109866
v -0.0190421 0.00272383 -0.109866
v -0.0199775 0.00348194 -0.109866
v -0.0190421 0.00348194 -0.109866
v -0.0199775 0.00424006 -0.109866
v -0.0190421 0.00424006 -0.109866
v -0.0199775 0.00499817 -0.109866
v -0.0190421 0.00499817 -0.109866
v -0.0199775 0.00575649 -0.109866
v -0.0190421 0.00575649 -0.109866
v -0.0199775 0.00651461 -0.109866
v -0.0190421 0.00651461 -0.109866
v -0.0199775 0.00727272 -0.109866
v -0.0190421 0.00727272 -0.109866
v -0.0199775 0.00803083 -0.109866
v -0.0190421 0.00803083 -0.109866
v -0.0199775 0.00878895 -0.109866
v -0.0190421 0.00878895 -0.109866
v -0.0199775 0.00954706 -0.109866
v -0.0190421 0.00954706 -0.109866
v -0.0192759 0.00954706 -0.109866
v -0.0192759 0.000449487 -0.109866

#List of body polygons
f 1 2 3
f 1 3 8
f 1 15 16
f 1395 1396 1397
f 1395 1401 1402
f 1401 1395 1413

#List of body polygons
f 2 4 3
f 2 5 4
f 3 9 8
f 3 4 9
f 1396 1398 1397
f 1396 1399 1398

#List of body polygons
f 5 6 4
f 5 7 6
f 4 10 9
f 4 6 10
f 1399 1238 1398
f 1399 1400 1238
f 1238 1400 1239

#List of body polygons
f 7 11 12
f 20 7 19
f 20 11 7
f 20 21 11
f 1406 1407 1405
f 1406 1408 1407
f 1408 1238 1410
f 1408 1411 1238
f 1408 1406 1411

#List of body polygons
f 11 13 12
f 11 14 13
f 21 14 11
f 13 22 23
f 22 14 26
f 22 13 14
f 296 13 295
f 299 13 296
f 299 7 13
f 295 13 23
f 1244 1238 1243
f 1244 1245 1238
f 1238 1246 1243
f 1245 1249 1250
f 1245 1244 1249
f 1408 1409 1407
f 1408 1245 1409
f 1245 1408 1410
f 1409 1414 1415
f 1414 1245 1250
f 1414 1409 1245

#List of body polygons
f 15 17 16
f 15 18 17
f 1401 1403 1402
f 1401 1404 1403
f 1404 1413 1412
f 1404 1401 1413

#List of body polygons
f 18 19 17
f 18 20 19
f 1404 1405 1403
f 1404 1406 1405
f 1406 1412 1411
f 1406 1404 1412

#List of body polygons
f 22 24 23
f 22 25 24
f 25 22 26
f 24 27 28
f 27 25 31
f 27 24 25
f 294 295 293
f 294 296 295
f 298 296 294
f 298 299 296
f 300 302 301
f 300 24 302
f 293 24 300
f 293 23 24
f 293 295 23
f 302 303 304
f 303 24 28
f 303 302 24
f 459 302 458
f 302 459 301
f 302 304 458
f 1106 1107 1108
f 1106 1109 1110
f 1106 1108 1109
f 1241 1243 1242
f 1241 1244 1243
f 1246 1242 1243
f 1246 1247 1242
f 1249 1251 1250
f 1249 1106 1251
f 1244 1106 1249
f 1244 1107 1106
f 1244 1241 1107
f 1251 1252 1253
f 1252 1106 1110
f 1252 1251 1106
f 1414 1416 1415
f 1414 1251 1416
f 1251 1414 1250
f 1416 1417 1418
f 1417 1251 1253
f 1417 1416 1251

#List of body polygons
f 27 29 28
f 27 30 29
f 30 27 31
f 33 29 34
f 33 35 29
f 34 30 36
f 34 29 30
f 35 37 38
f 35 33 37
f 290 292 291
f 290 293 292
f 290 294 293
f 297 294 290
f 297 298 294
f 292 300 301
f 292 293 300
f 303 305 304
f 303 29 305
f 29 303 28
f 307 35 308
f 307 305 35
f 35 305 29
f 35 38 308
f 454 292 453
f 292 454 291
f 455 457 456
f 455 458 457
f 455 459 458
f 459 292 301
f 459 453 292
f 459 455 453
f 305 460 457
f 304 457 458
f 304 305 457
f 460 461 462
f 461 305 307
f 461 460 305
f 594 457 593
f 457 594 456
f 460 595 596
f 593 460 596
f 593 457 460
f 460 462 595
f 969 970 971
f 972 969 973
f 972 974 969
f 969 971 973
f 974 975 976
f 974 972 975
f 1103 1104 1105
f 1107 969 1108
f 1107 1103 969
f 970 1103 1105
f 970 969 1103
f 1109 1111 1110
f 1109 974 1111
f 1108 974 1109
f 1108 969 974
f 1111 1112 1113
f 1112 974 976
f 1112 1111 974
f 1103 1241 1242
f 1247 1103 1242
f 1247 1104 1103
f 1247 1248 1104
f 1241 1103 1107
f 1252 1254 1253
f 1252 1111 1254
f 1111 1252 1110
f 1255 1254 1256
f 1255 1257 1254
f 1256 1111 1113
f 1256 1254 1111
f 1257 1258 1259
f 1257 1255 1258
f 1417 1419 1418
f 1417 1254 1419
f 1254 1417 1253
f 1421 1257 1422
f 1421 1419 1257
f 1257 1419 1254
f 1257 1259 1422

#List of body polygons
f 32 33 34
f 32 34 36
f 37 39 38
f 37 40 39
f 33 40 37
f 33 32 40
f 41 42 39
f 41 39 40
f 43 44 42
f 43 42 41
f 46 48 47
f 46 44 48
f 48 44 43
f 49 50 51
f 47 49 51
f 47 48 49
f 53 54 55
f 50 53 55
f 50 49 53
f 57 58 59
f 54 57 59
f 54 53 57
f 61 62 63
f 58 61 63
f 58 57 61
f 65 66 67
f 62 65 67
f 62 61 65
f 69 70 71
f 66 69 71
f 66 65 69
f 73 74 75
f 70 73 75
f 70 69 73
f 77 78 79
f 74 77 79
f 74 73 77
f 81 82 83
f 78 81 83
f 78 77 81
f 85 86 87
f 82 85 87
f 82 81 85
f 89 90 91
f 86 89 91
f 86 85 89
f 93 94 95
f 90 93 95
f 90 89 93
f 97 98 99
f 94 97 99
f 94 93 97
f 101 102 103
f 98 101 103
f 98 97 101
f 105 106 107
f 102 105 107
f 102 101 105
f 109 110 111
f 106 109 111
f 106 105 109
f 113 114 115
f 110 113 115
f 110 109 113
f 117 118 119
f 114 117 119
f 114 113 117
f 117 123 118
f 286 288 287
f 286 7 288
f 289 7 286
f 289 6 7
f 288 290 291
f 288 297 290
f 306 307 308
f 39 309 306
f 38 306 308
f 38 39 306
f 42 310 309
f 42 309 39
f 312 44 313
f 312 310 44
f 44 310 42
f 44 46 313
f 288 441 442
f 288 442 287
f 451 452 450
f 451 453 452
f 451 454 453
f 454 288 291
f 454 441 288
f 454 451 441
f 452 455 456
f 455 452 453
f 461 463 462
f 461 306 463
f 306 461 307
f 309 464 463
f 309 463 306
f 466 310 467
f 466 464 310
f 310 464 309
f 310 312 467
f 589 452 588
f 452 589 450
f 590 592 591
f 590 593 592
f 590 594 593
f 594 452 456
f 594 588 452
f 594 590 588
f 595 592 596
f 595 597 592
f 592 593 596
f 463 598 597
f 462 597 595
f 462 463 597
f 600 464 601
f 600 598 464
f 464 598 463
f 464 466 601
f 717 719 718
f 717 592 719
f 592 717 591
f 597 720 719
f 597 719 592
f 598 721 720
f 598 720 597
f 721 722 723
f 722 598 600
f 722 721 598
f 842 844 843
f 842 719 844
f 719 842 718
f 720 845 844
f 720 844 719
f 721 846 845
f 721 845 720
f 846 847 848
f 847 721 723
f 847 846 721
f 964 965 966
f 970 844 971
f 970 964 844
f 843 964 966
f 843 844 964
f 845 972 973
f 971 845 973
f 971 844 845
f 975 977 976
f 975 846 977
f 972 846 975
f 972 845 846
f 978 977 979
f 978 980 977
f 979 846 848
f 979 977 846
f 980 981 982
f 980 978 981
f 1100 1101 1099
f 1104 964 1105
f 1104 1101 964
f 965 1101 1100
f 965 964 1101
f 964 970 1105
f 1112 1114 1113
f 1112 977 1114
f 977 1112 976
f 980 1115 1114
f 980 1114 977
f 1116 1115 1117
f 1116 1118 1115
f 1117 980 982
f 1117 1115 980
f 1118 1119 1120
f 1118 1116 1119
f 1101 1238 1239
f 1099 1239 1240
f 1099 1101 1239
f 1248 1101 1104
f 1114 1255 1256
f 1114 1256 1113
f 1258 1260 1259
f 1258 1115 1260
f 1255 1115 1258
f 1255 1114 1115
f 1118 1261 1260
f 1118 1260 1115
f 1262 1261 1263
f 1262 1264 1261
f 1263 1118 1120
f 1263 1261 1118
f 1264 1265 1266
f 1264 1262 1265
f 1420 1421 1422
f 1260 1423 1420
f 1259 1420 1422
f 1259 1260 1420
f 1261 1424 1423
f 1261 1423 1260
f 1264 1425 1424
f 1264 1424 1261
f 1426 1425 1427
f 1426 1428 1425
f 1427 1264 1266
f 1427 1425 1264
f 1429 1428 1430
f 1429 1431 1428
f 1428 1426 1430
f 1432 1431 1433
f 1432 1434 1431
f 1431 1429 1433
f 1435 1434 1436
f 1435 1437 1434
f 1434 1432 1436
f 1438 1437 1439
f 1438 1440 1437
f 1437 1435 1439
f 1441 1440 1442
f 1441 1443 1440
f 1440 1438 1442
f 1444 1443 1445
f 1444 1446 1443
f 1443 1441 1445
f 1447 1446 1448
f 1447 1449 1446
f 1446 1444 1448
f 1450 1449 1451
f 1450 1452 1449
f 1449 1447 1451
f 1453 1452 1454
f 1453 1455 1452
f 1452 1450 1454
f 1456 1455 1457
f 1456 1458 1455
f 1455 1453 1457
f 1459 1458 1460
f 1459 1461 1458
f 1458 1456 1460
f 1462 1461 1463
f 1462 1464 1461
f 1461 1459 1463
f 1465 1464 1466
f 1465 1467 1464
f 1464 1462 1466
f 1468 1467 1469
f 1468 1470 1467
f 1467 1465 1469
f 1471 1470 1472
f 1471 1473 1470
f 1470 1468 1472
f 1474 1473 1475
f 1474 1476 1473
f 1473 1471 1475
f 1477 1476 1478
f 1477 1479 1476
f 1476 1474 1478
f 1480 1479 1481
f 1480 1482 1479
f 1479 1477 1481
f 1482 1483 1484
f 1482 1480 1483

#List of body polygons
f 45 46 47
f 50 45 51
f 50 52 45
f 45 47 51
f 54 52 55
f 54 56 52
f 52 50 55
f 58 56 59
f 58 60 56
f 56 54 59
f 62 60 63
f 62 64 60
f 60 58 63
f 66 64 67
f 66 68 64
f 64 62 67
f 70 68 71
f 70 72 68
f 68 66 71
f 74 72 75
f 74 76 72
f 72 70 75
f 78 76 79
f 78 80 76
f 76 74 79
f 82 80 83
f 82 84 80
f 80 78 83
f 86 84 87
f 86 88 84
f 84 82 87
f 90 88 91
f 90 92 88
f 88 86 91
f 94 92 95
f 94 96 92
f 92 90 95
f 98 96 99
f 98 100 96
f 96 94 99
f 102 100 103
f 102 104 100
f 100 98 103
f 106 104 107
f 106 108 104
f 104 102 107
f 110 108 111
f 110 112 108
f 108 106 111
f 114 112 115
f 114 116 112
f 112 110 115
f 118 116 119
f 118 120 116
f 116 114 119
f 121 122 120
f 123 120 118
f 123 121 120
f 124 125 122
f 124 122 121
f 126 127 125
f 126 125 124
f 128 129 127
f 128 127 126
f 130 131 129
f 130 129 128
f 132 133 131
f 132 131 130
f 134 135 133
f 134 133 132
f 136 137 135
f 136 135 134
f 138 139 137
f 138 137 136
f 140 141 139
f 140 139 138
f 142 143 141
f 142 141 140
f 144 145 143
f 144 143 142
f 146 147 145
f 146 145 144
f 148 149 147
f 148 147 146
f 150 151 149
f 150 149 148
f 152 153 151
f 152 151 150
f 154 155 153
f 154 153 152
f 156 157 155
f 156 155 154
f 158 159 157
f 158 157 156
f 160 161 159
f 160 159 158
f 162 163 161
f 162 161 160
f 164 165 163
f 164 163 162
f 166 167 165
f 166 165 164
f 168 169 167
f 168 167 166
f 170 171 169
f 170 169 168
f 172 173 171
f 172 171 170
f 174 175 173
f 174 173 172
f 176 177 175
f 176 175 174
f 178 179 177
f 178 177 176
f 180 181 179
f 180 179 178
f 182 183 181
f 182 181 180
f 184 185 183
f 184 183 182
f 186 187 185
f 186 185 184
f 188 189 187
f 188 187 186
f 190 191 189
f 190 189 188
f 192 193 191
f 192 191 190
f 195 197 196
f 195 193 197
f 197 193 192
f 198 199 200
f 196 198 200
f 196 197 198
f 202 203 204
f 199 202 204
f 199 198 202
f 206 207 208
f 203 206 208
f 203 202 206
f 210 211 212
f 207 210 212
f 207 206 210
f 214 215 216
f 211 214 216
f 211 210 214
f 218 219 220
f 215 218 220
f 215 214 218
f 222 223 224
f 219 222 224
f 219 218 222
f 222 228 223
f 285 286 287
f 285 289 286
f 311 312 313
f 45 314 311
f 46 311 313
f 46 45 311
f 52 315 314
f 52 314 45
f 56 316 315
f 56 315 52
f 60 317 316
f 60 316 56
f 64 318 317
f 64 317 60
f 68 319 318
f 68 318 64
f 72 320 319
f 72 319 68
f 76 321 320
f 76 320 72
f 80 322 321
f 80 321 76
f 84 323 322
f 84 322 80
f 88 324 323
f 88 323 84
f 92 325 324
f 92 324 88
f 96 326 325
f 96 325 92
f 100 327 326
f 100 326 96
f 104 328 327
f 104 327 100
f 108 329 328
f 108 328 104
f 112 330 329
f 112 329 108
f 116 331 330
f 116 330 112
f 120 332 331
f 120 331 116
f 122 333 332
f 122 332 120
f 125 334 333
f 125 333 122
f 127 335 334
f 127 334 125
f 129 336 335
f 129 335 127
f 131 337 336
f 131 336 129
f 133 338 337
f 133 337 131
f 135 339 338
f 135 338 133
f 137 340 339
f 137 339 135
f 139 341 340
f 139 340 137
f 141 342 341
f 141 341 139
f 143 343 342
f 143 342 141
f 145 344 343
f 145 343 143
f 147 345 344
f 147 344 145
f 149 346 345
f 149 345 147
f 151 347 346
f 151 346 149
f 153 348 347
f 153 347 151
f 155 349 348
f 155 348 153
f 157 350 349
f 157 349 155
f 159 351 350
f 159 350 157
f 353 161 354
f 353 351 161
f 161 351 159
f 163 355 356
f 354 163 356
f 354 161 163
f 165 358 359
f 355 165 359
f 355 163 165
f 167 361 362
f 358 167 362
f 358 165 167
f 169 364 365
f 361 169 365
f 361 167 169
f 171 367 368
f 364 171 368
f 364 169 171
f 173 370 371
f 373 173 371
f 373 171 173
f 175 374 375
f 370 175 375
f 370 173 175
f 177 377 378
f 374 177 378
f 374 175 177
f 179 380 381
f 377 179 381
f 377 177 179
f 181 383 384
f 380 181 384
f 380 179 181
f 183 386 387
f 383 183 387
f 383 181 183
f 185 389 390
f 386 185 390
f 386 183 185
f 187 392 393
f 389 187 393
f 389 185 187
f 189 395 396
f 392 189 396
f 392 187 189
f 191 398 399
f 395 191 399
f 395 189 191
f 193 401 402
f 398 193 402
f 398 191 193
f 193 195 401
f 441 443 442
f 441 444 443
f 442 285 287
f 442 447 285
f 442 443 447
f 448 450 449
f 448 451 450
f 451 444 441
f 451 448 444
f 465 466 467
f 311 468 465
f 312 465 467
f 312 311 465
f 314 469 468
f 314 468 311
f 315 470 469
f 315 469 314
f 316 471 470
f 316 470 315
f 317 472 471
f 317 471 316
f 318 473 472
f 318 472 317
f 319 474 473
f 319 473 318
f 320 475 474
f 320 474 319
f 321 476 475
f 321 475 320
f 322 477 476
f 322 476 321
f 323 478 477
f 323 477 322
f 324 479 478
f 324 478 323
f 325 480 479
f 325 479 324
f 326 481 480
f 326 480 325
f 327 482 481
f 327 481 326
f 328 483 482
f 328 482 327
f 329 484 483
f 329 483 328
f 330 485 484
f 330 484 329
f 331 486 485
f 331 485 330
f 332 487 486
f 332 486 331
f 333 488 487
f 333 487 332
f 334 489 488
f 334 488 333
f 335 490 489
f 335 489 334
f 336 491 490
f 336 490 335
f 337 492 491
f 337 491 336
f 338 493 492
f 338 492 337
f 339 494 493
f 339 493 338
f 340 495 494
f 340 494 339
f 497 341 498
f 497 495 341
f 341 495 340
f 342 499 500
f 498 342 500
f 498 341 342
f 343 502 503
f 499 343 503
f 499 342 343
f 344 505 506
f 502 344 506
f 502 343 344
f 345 508 509
f 505 345 509
f 505 344 345
f 346 511 512
f 508 346 512
f 508 345 346
f 347 514 515
f 511 347 515
f 511 346 347
f 348 517 518
f 514 348 518
f 514 347 348
f 349 520 521
f 517 349 521
f 517 348 349
f 350 523 524
f 520 350 524
f 520 349 350
f 351 526 527
f 523 351 527
f 523 350 351
f 351 353 526
f 585 587 586
f 585 588 587
f 585 589 588
f 589 449 450
f 589 585 449
f 587 590 591
f 590 587 588
f 599 600 601
f 465 602 599
f 466 599 601
f 466 465 599
f 468 603 602
f 468 602 465
f 469 604 603
f 469 603 468
f 470 605 604
f 470 604 469
f 471 606 605
f 471 605 470
f 472 607 606
f 472 606 471
f 473 608 607
f 473 607 472
f 474 609 608
f 474 608 473
f 475 610 609
f 475 609 474
f 476 611 610
f 476 610 475
f 477 612 611
f 477 611 476
f 478 613 612
f 478 612 477
f 479 614 613
f 479 613 478
f 480 615 614
f 480 614 479
f 481 616 615
f 481 615 480
f 482 617 616
f 482 616 481
f 483 618 617
f 483 617 482
f 484 619 618
f 484 618 483
f 485 620 619
f 485 619 484
f 486 621 620
f 486 620 485
f 487 622 621
f 487 621 486
f 624 488 625
f 624 622 488
f 488 622 487
f 489 626 627
f 625 489 627
f 625 488 489
f 490 629 630
f 626 490 630
f 626 489 490
f 491 632 633
f 629 491 633
f 629 490 491
f 492 635 636
f 632 492 636
f 632 491 492
f 493 638 639
f 635 493 639
f 635 492 493
f 494 641 642
f 638 494 642
f 638 493 494
f 495 644 645
f 641 495 645
f 641 494 495
f 495 497 644
f 714 716 715
f 714 587 716
f 587 714 586
f 716 717 718
f 717 587 591
f 717 716 587
f 722 724 723
f 722 599 724
f 599 722 600
f 602 725 724
f 602 724 599
f 603 726 725
f 603 725 602
f 604 727 726
f 604 726 603
f 729 605 730
f 729 727 605
f 605 727 604
f 606 731 732
f 730 606 732
f 730 605 606
f 607 734 735
f 731 607 735
f 731 606 607
f 608 737 738
f 734 608 738
f 734 607 608
f 609 740 741
f 737 609 741
f 737 608 609
f 743 745 744
f 743 610 745
f 740 610 743
f 740 609 610
f 611 746 745
f 611 745 610
f 612 747 746
f 612 746 611
f 613 748 747
f 613 747 612
f 614 749 748
f 614 748 613
f 615 750 749
f 615 749 614
f 616 751 750
f 616 750 615
f 617 752 751
f 617 751 616
f 618 753 752
f 618 752 617
f 619 754 753
f 619 753 618
f 756 620 757
f 756 754 620
f 620 754 619
f 621 758 759
f 757 621 759
f 757 620 621
f 622 761 762
f 758 622 762
f 758 621 622
f 622 624 761
f 839 841 840
f 839 716 841
f 716 839 715
f 841 842 843
f 842 716 718
f 842 841 716
f 847 849 848
f 847 724 849
f 724 847 723
f 725 850 849
f 725 849 724
f 726 851 850
f 726 850 725
f 727 852 851
f 727 851 726
f 853 852 854
f 853 855 852
f 854 727 729
f 854 852 727
f 856 855 857
f 856 858 855
f 855 853 857
f 859 858 860
f 859 861 858
f 858 856 860
f 862 861 863
f 862 864 861
f 861 859 863
f 865 864 866
f 865 867 864
f 864 862 866
f 745 868 867
f 744 867 865
f 744 745 867
f 746 869 868
f 746 868 745
f 747 870 869
f 747 869 746
f 748 871 870
f 748 870 747
f 749 872 871
f 749 871 748
f 750 873 872
f 750 872 749
f 751 874 873
f 751 873 750
f 752 875 874
f 752 874 751
f 753 876 875
f 753 875 752
f 754 877 876
f 754 876 753
f 878 877 879
f 878 880 877
f 879 754 756
f 879 877 754
f 881 880 882
f 881 883 880
f 880 878 882
f 884 883 885
f 884 886 883
f 883 881 885
f 886 887 888
f 886 884 887
f 965 841 966
f 965 967 841
f 965 968 967
f 841 967 840
f 841 843 966
f 849 978 979
f 849 979 848
f 981 983 982
f 981 850 983
f 978 850 981
f 978 849 850
f 851 984 983
f 851 983 850
f 852 985 984
f 852 984 851
f 855 986 985
f 855 985 852
f 858 987 986
f 858 986 855
f 861 988 987
f 861 987 858
f 864 989 988
f 864 988 861
f 867 990 989
f 867 989 864
f 868 991 990
f 868 990 867
f 869 992 991
f 869 991 868
f 870 993 992
f 870 992 869
f 871 994 993
f 871 993 870
f 872 995 994
f 872 994 871
f 873 996 995
f 873 995 872
f 874 997 996
f 874 996 873
f 875 998 997
f 875 997 874
f 876 999 998
f 876 998 875
f 877 1000 999
f 877 999 876
f 880 1001 1000
f 880 1000 877
f 883 1002 1001
f 883 1001 880
f 886 1003 1002
f 886 1002 883
f 1004 1003 1005
f 1004 1006 1003
f 1005 886 888
f 1005 1003 886
f 1007 1006 1008
f 1007 1009 1006
f 1006 1004 1008
f 1010 1009 1011
f 1010 1012 1009
f 1009 1007 1011
f 1013 1012 1014
f 1013 1015 1012
f 1012 1010 1014
f 1016 1015 1017
f 1016 1018 1015
f 1015 1013 1017
f 1019 1018 1020
f 1019 1021 1018
f 1018 1016 1020
f 1022 1021 1023
f 1022 1024 1021
f 1021 1019 1023
f 1025 1024 1026
f 1025 1027 1024
f 1024 1022 1026
f 1027 1028 1029
f 1027 1025 1028
f 1096 1098 1097
f 1096 1099 1098
f 1096 1100 1099
f 1098 1102 1097
f 968 1100 1096
f 968 965 1100
f 983 1116 1117
f 983 1117 982
f 1119 1121 1120
f 1119 984 1121
f 1116 984 1119
f 1116 983 984
f 985 1122 1121
f 985 1121 984
f 986 1123 1122
f 986 1122 985
f 987 1124 1123
f 987 1123 986
f 988 1125 1124
f 988 1124 987
f 989 1126 1125
f 989 1125 988
f 990 1127 1126
f 990 1126 989
f 991 1128 1127
f 991 1127 990
f 992 1129 1128
f 992 1128 991
f 993 1130 1129
f 993 1129 992
f 994 1131 1130
f 994 1130 993
f 995 1132 1131
f 995 1131 994
f 996 1133 1132
f 996 1132 995
f 997 1134 1133
f 997 1133 996
f 998 1135 1134
f 998 1134 997
f 999 1136 1135
f 999 1135 998
f 1000 1137 1136
f 1000 1136 999
f 1001 1138 1137
f 1001 1137 1000
f 1002 1139 1138
f 1002 1138 1001
f 1003 1140 1139
f 1003 1139 1002
f 1006 1141 1140
f 1006 1140 1003
f 1009 1142 1141
f 1009 1141 1006
f 1012 1143 1142
f 1012 1142 1009
f 1015 1144 1143
f 1015 1143 1012
f 1018 1145 1144
f 1018 1144 1015
f 1021 1146 1145
f 1021 1145 1018
f 1024 1147 1146
f 1024 1146 1021
f 1027 1148 1147
f 1027 1147 1024
f 1149 1148 1150
f 1149 1151 1148
f 1150 1027 1029
f 1150 1148 1027
f 1152 1151 1153
f 1152 1154 1151
f 1151 1149 1153
f 1155 1154 1156
f 1155 1157 1154
f 1154 1152 1156
f 1158 1157 1159
f 1158 1160 1157
f 1157 1155 1159
f 1161 1160 1162
f 1161 1163 1160
f 1160 1158 1162
f 1164 1163 1165
f 1164 1166 1163
f 1163 1161 1165
f 1167 1166 1168
f 1167 1169 1166
f 1166 1164 1168
f 1170 1169 1171
f 1170 1172 1169
f 1169 1167 1171
f 1173 1172 1174
f 1173 1175 1172
f 1172 1170 1174
f 1176 1175 1177
f 1176 1178 1175
f 1175 1173 1177
f 1179 1178 1180
f 1179 1181 1178
f 1178 1176 1180
f 1181 1182 1183
f 1181 1179 1182
f 1098 1099 1240
f 1121 1262 1263
f 1121 1263 1120
f 1265 1267 1266
f 1265 1122 1267
f 1262 1122 1265
f 1262 1121 1122
f 1123 1268 1267
f 1123 1267 1122
f 1124 1269 1268
f 1124 1268 1123
f 1125 1270 1269
f 1125 1269 1124
f 1126 1271 1270
f 1126 1270 1125
f 1127 1272 1271
f 1127 1271 1126
f 1128 1273 1272
f 1128 1272 1127
f 1129 1274 1273
f 1129 1273 1128
f 1130 1275 1274
f 1130 1274 1129
f 1131 1276 1275
f 1131 1275 1130
f 1132 1277 1276
f 1132 1276 1131
f 1133 1278 1277
f 1133 1277 1132
f 1134 1279 1278
f 1134 1278 1133
f 1135 1280 1279
f 1135 1279 1134
f 1136 1281 1280
f 1136 1280 1135
f 1137 1282 1281
f 1137 1281 1136
f 1138 1283 1282
f 1138 1282 1137
f 1139 1284 1283
f 1139 1283 1138
f 1140 1285 1284
f 1140 1284 1139
f 1141 1286 1285
f 1141 1285 1140
f 1142 1287 1286
f 1142 1286 1141
f 1143 1288 1287
f 1143 1287 1142
f 1144 1289 1288
f 1144 1288 1143
f 1145 1290 1289
f 1145 1289 1144
f 1146 1291 1290
f 1146 1290 1145
f 1147 1292 1291
f 1147 1291 1146
f 1148 1293 1292
f 1148 1292 1147
f 1151 1294 1293
f 1151 1293 1148
f 1154 1295 1294
f 1154 1294 1151
f 1157 1296 1295
f 1157 1295 1154
f 1160 1297 1296
f 1160 1296 1157
f 1163 1298 1297
f 1163 1297 1160
f 1166 1299 1298
f 1166 1298 1163
f 1169 1300 1299
f 1169 1299 1166
f 1172 1301 1300
f 1172 1300 1169
f 1175 1302 1301
f 1175 1301 1172
f 1178 1303 1302
f 1178 1302 1175
f 1181 1304 1303
f 1181 1303 1178
f 1305 1304 1306
f 1305 1307 1304
f 1306 1181 1183
f 1306 1304 1181
f 1308 1307 1309
f 1308 1310 1307
f 1307 1305 1309
f 1311 1310 1312
f 1311 1313 1310
f 1310 1308 1312
f 1314 1313 1315
f 1314 1316 1313
f 1313 1311 1315
f 1317 1316 1318
f 1317 1319 1316
f 1316 1314 1318
f 1320 1319 1321
f 1320 1322 1319
f 1319 1317 1321
f 1323 1322 1324
f 1323 1325 1322
f 1322 1320 1324
f 1326 1325 1327
f 1326 1328 1325
f 1325 1323 1327
f 1329 1328 1330
f 1329 1331 1328
f 1328 1326 1330
f 1332 1331 1333
f 1332 1334 1331
f 1331 1329 1333
f 1335 1334 1336
f 1335 1337 1334
f 1334 1332 1336
f 1338 1337 1339
f 1338 1340 1337
f 1337 1335 1339
f 1341 1340 1342
f 1341 1343 1340
f 1340 1338 1342
f 1344 1343 1345
f 1344 1346 1343
f 1343 1341 1345
f 1347 1346 1348
f 1347 1349 1346
f 1346 1344 1348
f 1350 1349 1351
f 1350 1352 1349
f 1349 1347 1351
f 1353 1352 1354
f 1353 1355 1352
f 1352 1350 1354
f 1355 1356 1357
f 1355 1353 1356
f 1267 1426 1427
f 1267 1427 1266
f 1268 1429 1430
f 1426 1268 1430
f 1426 1267 1268
f 1269 1432 1433
f 1429 1269 1433
f 1429 1268 1269
f 1270 1435 1436
f 1432 1270 1436
f 1432 1269 1270
f 1271 1438 1439
f 1435 1271 1439
f 1435 1270 1271
f 1272 1441 1442
f 1438 1272 1442
f 1438 1271 1272
f 1273 1444 1445
f 1441 1273 1445
f 1441 1272 1273
f 1274 1447 1448
f 1444 1274 1448
f 1444 1273 1274
f 1275 1450 1451
f 1447 1275 1451
f 1447 1274 1275
f 1276 1453 1454
f 1450 1276 1454
f 1450 1275 1276
f 1277 1456 1457
f 1453 1277 1457
f 1453 1276 1277
f 1278 1459 1460
f 1456 1278 1460
f 1456 1277 1278
f 1279 1462 1463
f 1459 1279 1463
f 1459 1278 1279
f 1280 1465 1466
f 1462 1280 1466
f 1462 1279 1280
f 1281 1468 1469
f 1465 1281 1469
f 1465 1280 1281
f 1282 1471 1472
f 1468 1282 1472
f 1468 1281 1282
f 1283 1474 1475
f 1471 1283 1475
f 1471 1282 1283
f 1284 1477 1478
f 1474 1284 1478
f 1474 1283 1284
f 1285 1480 1481
f 1477 1285 1481
f 1477 1284 1285
f 1483 1485 1484
f 1483 1286 1485
f 1480 1286 1483
f 1480 1285 1286
f 1287 1486 1485
f 1287 1485 1286
f 1288 1487 1486
f 1288 1486 1287
f 1289 1488 1487
f 1289 1487 1288
f 1290 1489 1488
f 1290 1488 1289
f 1291 1490 1489
f 1291 1489 1290
f 1292 1491 1490
f 1292 1490 1291
f 1293 1492 1491
f 1293 1491 1292
f 1294 1493 1492
f 1294 1492 1293
f 1295 1494 1493
f 1295 1493 1294
f 1296 1495 1494
f 1296 1494 1295
f 1297 1496 1495
f 1297 1495 1296
f 1298 1497 1496
f 1298 1496 1297
f 1299 1498 1497
f 1299 1497 1298
f 1300 1499 1498
f 1300 1498 1299
f 1301 1500 1499
f 1301 1499 1300
f 1302 1501 1500
f 1302 1500 1301
f 1303 1502 1501
f 1303 1501 1302
f 1304 1503 1502
f 1304 1502 1303
f 1307 1504 1503
f 1307 1503 1304
f 1310 1505 1504
f 1310 1504 1307
f 1313 1506 1505
f 1313 1505 1310
f 1316 1507 1506
f 1316 1506 1313
f 1319 1508 1507
f 1319 1507 1316
f 1322 1509 1508
f 1322 1508 1319
f 1325 1510 1509
f 1325 1509 1322
f 1328 1511 1510
f 1328 1510 1325
f 1331 1512 1511
f 1331 1511 1328
f 1334 1513 1512
f 1334 1512 1331
f 1337 1514 1513
f 1337 1513 1334
f 1340 1515 1514
f 1340 1514 1337
f 1343 1516 1515
f 1343 1515 1340
f 1346 1517 1516
f 1346 1516 1343
f 1349 1518 1517
f 1349 1517 1346
f 1352 1519 1518
f 1352 1518 1349
f 1355 1520 1519
f 1355 1519 1352
f 1521 1520 1522
f 1521 1523 1520
f 1522 1355 1357
f 1522 1520 1355
f 1524 1523 1525
f 1524 1526 1523
f 1523 1521 1525
f 1527 1526 1528
f 1527 1529 1526
f 1526 1524 1528
f 1530 1529 1531
f 1530 1532 1529
f 1529 1527 1531
f 1533 1532 1534
f 1533 1535 1532
f 1532 1530 1534
f 1536 1535 1537
f 1536 1538 1535
f 1535 1533 1537
f 1539 1538 1540
f 1539 1541 1538
f 1538 1536 1540
f 1542 1541 1543
f 1542 1544 1541
f 1541 1539 1543
f 1544 1545 1546
f 1544 1542 1545

#List of body polygons
f 194 195 196
f 199 194 200
f 199 201 194
f 194 196 200
f 203 201 204
f 203 205 201
f 201 199 204
f 207 205 208
f 207 209 205
f 205 203 208
f 211 209 212
f 211 213 209
f 209 207 212
f 215 213 216
f 215 217 213
f 213 211 216
f 219 217 220
f 219 221 217
f 217 215 220
f 223 221 224
f 223 225 221
f 221 219 224
f 226 227 225
f 228 225 223
f 228 226 225
f 229 230 227
f 229 227 226
f 231 232 230
f 231 230 229
f 233 234 232
f 233 232 231
f 235 236 234
f 235 234 233
f 237 238 236
f 237 236 235
f 239 240 238
f 239 238 237
f 241 242 240
f 241 240 239
f 243 244 242
f 243 242 241
f 245 246 244
f 245 244 243
f 247 248 246
f 247 246 245
f 249 250 248
f 249 248 247
f 251 252 250
f 251 250 249
f 253 254 252
f 253 252 251
f 255 256 254
f 255 254 253
f 257 258 256
f 257 256 255
f 259 260 258
f 259 258 257
f 261 262 260
f 261 260 259
f 263 264 262
f 263 262 261
f 265 266 264
f 265 264 263
f 267 268 266
f 267 266 265
f 269 270 268
f 269 268 267
f 271 272 270
f 271 270 269
f 273 274 272
f 273 272 271
f 275 276 274
f 275 274 273
f 277 278 276
f 277 276 275
f 279 280 278
f 279 278 277
f 281 282 280
f 281 280 279
f 283 284 282
f 283 282 281
f 352 353 354
f 355 352 356
f 355 357 352
f 352 354 356
f 358 357 359
f 358 360 357
f 357 355 359
f 361 360 362
f 361 363 360
f 360 358 362
f 364 363 365
f 364 366 363
f 363 361 365
f 367 366 368
f 367 369 366
f 366 364 368
f 370 369 371
f 370 372 369
f 369 373 371
f 374 372 375
f 374 376 372
f 372 370 375
f 377 376 378
f 377 379 376
f 376 374 378
f 380 379 381
f 380 382 379
f 379 377 381
f 383 382 384
f 383 385 382
f 382 380 384
f 386 385 387
f 386 388 385
f 385 383 387
f 389 388 390
f 389 391 388
f 388 386 390
f 392 391 393
f 392 394 391
f 391 389 393
f 395 394 396
f 395 397 394
f 394 392 396
f 398 397 399
f 398 400 397
f 397 395 399
f 401 400 402
f 401 403 400
f 400 398 402
f 194 404 403
f 195 403 401
f 195 194 403
f 201 405 404
f 201 404 194
f 205 406 405
f 205 405 201
f 209 407 406
f 209 406 205
f 213 408 407
f 213 407 209
f 217 409 408
f 217 408 213
f 221 410 409
f 221 409 217
f 225 411 410
f 225 410 221
f 227 412 411
f 227 411 225
f 230 413 412
f 230 412 227
f 232 414 413
f 232 413 230
f 234 415 414
f 234 414 232
f 236 416 415
f 236 415 234
f 238 417 416
f 238 416 236
f 240 418 417
f 240 417 238
f 242 419 418
f 242 418 240
f 244 420 419
f 244 419 242
f 246 421 420
f 246 420 244
f 248 422 421
f 248 421 246
f 250 423 422
f 250 422 248
f 252 424 423
f 252 423 250
f 254 425 424
f 254 424 252
f 256 426 425
f 256 425 254
f 258 427 426
f 258 426 256
f 260 428 427
f 260 427 258
f 262 429 428
f 262 428 260
f 264 430 429
f 264 429 262
f 266 431 430
f 266 430 264
f 268 432 431
f 268 431 266
f 270 433 432
f 270 432 268
f 272 434 433
f 272 433 270
f 274 435 434
f 274 434 272
f 276 436 435
f 276 435 274
f 278 437 436
f 278 436 276
f 280 438 437
f 280 437 278
f 282 439 438
f 282 438 280
f 284 440 439
f 284 439 282
f 444 445 443
f 444 446 445
f 443 445 447
f 446 448 449
f 448 446 444
f 496 497 498
f 499 496 500
f 499 501 496
f 496 498 500
f 502 501 503
f 502 504 501
f 501 499 503
f 505 504 506
f 505 507 504
f 504 502 506
f 508 507 509
f 508 510 507
f 507 505 509
f 511 510 512
f 511 513 510
f 510 508 512
f 514 513 515
f 514 516 513
f 513 511 515
f 517 516 518
f 517 519 516
f 516 514 518
f 520 519 521
f 520 522 519
f 519 517 521
f 523 522 524
f 523 525 522
f 522 520 524
f 526 525 527
f 526 528 525
f 525 523 527
f 352 529 528
f 353 528 526
f 353 352 528
f 357 530 529
f 357 529 352
f 360 531 530
f 360 530 357
f 363 532 531
f 363 531 360
f 366 533 532
f 366 532 363
f 369 534 533
f 369 533 366
f 372 535 534
f 372 534 369
f 376 536 535
f 376 535 372
f 379 537 536
f 379 536 376
f 382 538 537
f 382 537 379
f 385 539 538
f 385 538 382
f 388 540 539
f 388 539 385
f 391 541 540
f 391 540 388
f 394 542 541
f 394 541 391
f 397 543 542
f 397 542 394
f 400 544 543
f 400 543 397
f 403 545 544
f 403 544 400
f 404 546 545
f 404 545 403
f 405 547 546
f 405 546 404
f 406 548 547
f 406 547 405
f 407 549 548
f 407 548 406
f 408 550 549
f 408 549 407
f 409 551 550
f 409 550 408
f 410 552 551
f 410 551 409
f 411 553 552
f 411 552 410
f 412 554 553
f 412 553 411
f 413 555 554
f 413 554 412
f 414 556 555
f 414 555 413
f 415 557 556
f 415 556 414
f 416 558 557
f 416 557 415
f 417 559 558
f 417 558 416
f 418 560 559
f 418 559 417
f 419 561 560
f 419 560 418
f 420 562 561
f 420 561 419
f 421 563 562
f 421 562 420
f 422 564 563
f 422 563 421
f 423 565 564
f 423 564 422
f 424 566 565
f 424 565 423
f 425 567 566
f 425 566 424
f 426 568 567
f 426 567 425
f 427 569 568
f 427 568 426
f 428 570 569
f 428 569 427
f 429 571 570
f 429 570 428
f 430 572 571
f 430 571 429
f 431 573 572
f 431 572 430
f 432 574 573
f 432 573 431
f 433 575 574
f 433 574 432
f 434 576 575
f 434 575 433
f 435 577 576
f 435 576 434
f 436 578 577
f 436 577 435
f 437 579 578
f 437 578 436
f 438 580 579
f 438 579 437
f 439 581 580
f 439 580 438
f 440 582 581
f 440 581 439
f 446 583 584
f 446 584 445
f 583 585 586
f 585 446 449
f 585 583 446
f 623 624 625
f 626 623 627
f 626 628 623
f 623 625 627
f 629 628 630
f 629 631 628
f 628 626 630
f 632 631 633
f 632 634 631
f 631 629 633
f 635 634 636
f 635 637 634
f 634 632 636
f 638 637 639
f 638 640 637
f 637 635 639
f 641 640 642
f 641 643 640
f 640 638 642
f 644 643 645
f 644 646 643
f 643 641 645
f 496 647 646
f 497 646 644
f 497 496 646
f 501 648 647
f 501 647 496
f 504 649 648
f 504 648 501
f 507 650 649
f 507 649 504
f 510 651 650
f 510 650 507
f 513 652 651
f 513 651 510
f 516 653 652
f 516 652 513
f 519 654 653
f 519 653 516
f 522 655 654
f 522 654 519
f 525 656 655
f 525 655 522
f 528 657 656
f 528 656 525
f 529 658 657
f 529 657 528
f 530 659 658
f 530 658 529
f 531 660 659
f 531 659 530
f 532 661 660
f 532 660 531
f 533 662 661
f 533 661 532
f 534 663 662
f 534 662 533
f 535 664 663
f 535 663 534
f 536 665 664
f 536 664 535
f 537 666 665
f 537 665 536
f 538 667 666
f 538 666 537
f 539 668 667
f 539 667 538
f 540 669 668
f 540 668 539
f 541 670 669
f 541 669 540
f 542 671 670
f 542 670 541
f 543 672 671
f 543 671 542
f 544 673 672
f 544 672 543
f 545 674 673
f 545 673 544
f 546 675 674
f 546 674 545
f 547 676 675
f 547 675 546
f 548 677 676
f 548 676 547
f 549 678 677
f 549 677 548
f 550 679 678
f 550 678 549
f 551 680 679
f 551 679 550
f 552 681 680
f 552 680 551
f 553 682 681
f 553 681 552
f 554 683 682
f 554 682 553
f 555 684 683
f 555 683 554
f 556 685 684
f 556 684 555
f 557 686 685
f 557 685 556
f 558 687 686
f 558 686 557
f 559 688 687
f 559 687 558
f 560 689 688
f 560 688 559
f 561 690 689
f 561 689 560
f 562 691 690
f 562 690 561
f 563 692 691
f 563 691 562
f 564 693 692
f 564 692 563
f 565 694 693
f 565 693 564
f 566 695 694
f 566 694 565
f 567 696 695
f 567 695 566
f 568 697 696
f 568 696 567
f 569 698 697
f 569 697 568
f 570 699 698
f 570 698 569
f 571 700 699
f 571 699 570
f 572 701 700
f 572 700 571
f 573 702 701
f 573 701 572
f 574 703 702
f 574 702 573
f 575 704 703
f 575 703 574
f 576 705 704
f 576 704 575
f 577 706 705
f 577 705 576
f 578 707 706
f 578 706 577
f 579 708 707
f 579 707 578
f 580 709 708
f 580 708 579
f 581 710 709
f 581 709 580
f 582 711 710
f 582 710 581
f 583 712 713
f 583 713 584
f 712 714 715
f 714 583 586
f 714 712 583
f 728 729 730
f 731 728 732
f 731 733 728
f 728 730 732
f 734 733 735
f 734 736 733
f 733 731 735
f 737 736 738
f 737 739 736
f 736 734 738
f 740 739 741
f 740 742 739
f 739 737 741
f 742 743 744
f 742 740 743
f 755 756 757
f 758 755 759
f 758 760 755
f 755 757 759
f 761 760 762
f 761 763 760
f 760 758 762
f 623 764 763
f 624 763 761
f 624 623 763
f 628 765 764
f 628 764 623
f 631 766 765
f 631 765 628
f 634 767 766
f 634 766 631
f 637 768 767
f 637 767 634
f 640 769 768
f 640 768 637
f 643 770 769
f 643 769 640
f 646 771 770
f 646 770 643
f 647 772 771
f 647 771 646
f 648 773 772
f 648 772 647
f 649 774 773
f 649 773 648
f 650 775 774
f 650 774 649
f 651 776 775
f 651 775 650
f 652 777 776
f 652 776 651
f 653 778 777
f 653 777 652
f 654 779 778
f 654 778 653
f 655 780 779
f 655 779 654
f 656 781 780
f 656 780 655
f 657 782 781
f 657 781 656
f 658 783 782
f 658 782 657
f 659 784 783
f 659 783 658
f 660 785 784
f 660 784 659
f 661 786 785
f 661 785 660
f 662 787 786
f 662 786 661
f 663 788 787
f 663 787 662
f 664 789 788
f 664 788 663
f 665 790 789
f 665 789 664
f 666 791 790
f 666 790 665
f 667 792 791
f 667 791 666
f 668 793 792
f 668 792 667
f 669 794 793
f 669 793 668
f 670 795 794
f 670 794 669
f 671 796 795
f 671 795 670
f 672 797 796
f 672 796 671
f 673 798 797
f 673 797 672
f 674 799 798
f 674 798 673
f 675 800 799
f 675 799 674
f 676 801 800
f 676 800 675
f 677 802 801
f 677 801 676
f 678 803 802
f 678 802 677
f 679 804 803
f 679 803 678
f 680 805 804
f 680 804 679
f 681 806 805
f 681 805 680
f 682 807 806
f 682 806 681
f 683 808 807
f 683 807 682
f 684 809 808
f 684 808 683
f 685 810 809
f 685 809 684
f 686 811 810
f 686 810 685
f 687 812 811
f 687 811 686
f 688 813 812
f 688 812 687
f 689 814 813
f 689 813 688
f 690 815 814
f 690 814 689
f 691 816 815
f 691 815 690
f 692 817 816
f 692 816 691
f 693 818 817
f 693 817 692
f 694 819 818
f 694 818 693
f 695 820 819
f 695 819 694
f 696 821 820
f 696 820 695
f 697 822 821
f 697 821 696
f 698 823 822
f 698 822 697
f 699 824 823
f 699 823 698
f 700 825 824
f 700 824 699
f 701 826 825
f 701 825 700
f 702 827 826
f 702 826 701
f 703 828 827
f 703 827 702
f 704 829 828
f 704 828 703
f 705 830 829
f 705 829 704
f 706 831 830
f 706 830 705
f 707 832 831
f 707 831 706
f 708 833 832
f 708 832 707
f 709 834 833
f 709 833 708
f 710 835 834
f 710 834 709
f 711 836 835
f 711 835 710
f 712 837 838
f 712 838 713
f 837 839 840
f 839 712 715
f 839 837 712
f 728 853 854
f 728 854 729
f 733 856 857
f 853 733 857
f 853 728 733
f 736 859 860
f 856 736 860
f 856 733 736
f 739 862 863
f 859 739 863
f 859 736 739
f 742 865 866
f 862 742 866
f 862 739 742
f 742 744 865
f 755 878 879
f 755 879 756
f 760 881 882
f 878 760 882
f 878 755 760
f 763 884 885
f 881 763 885
f 881 760 763
f 887 889 888
f 887 764 889
f 884 764 887
f 884 763 764
f 765 890 889
f 765 889 764
f 766 891 890
f 766 890 765
f 767 892 891
f 767 891 766
f 768 893 892
f 768 892 767
f 769 894 893
f 769 893 768
f 770 895 894
f 770 894 769
f 771 896 895
f 771 895 770
f 772 897 896
f 772 896 771
f 773 898 897
f 773 897 772
f 774 899 898
f 774 898 773
f 775 900 899
f 775 899 774
f 776 901 900
f 776 900 775
f 777 902 901
f 777 901 776
f 778 903 902
f 778 902 777
f 779 904 903
f 779 903 778
f 780 905 904
f 780 904 779
f 781 906 905
f 781 905 780
f 782 907 906
f 782 906 781
f 783 908 907
f 783 907 782
f 784 909 908
f 784 908 783
f 785 910 909
f 785 909 784
f 786 911 910
f 786 910 785
f 787 912 911
f 787 911 786
f 788 913 912
f 788 912 787
f 789 914 913
f 789 913 788
f 790 915 914
f 790 914 789
f 791 916 915
f 791 915 790
f 792 917 916
f 792 916 791
f 793 918 917
f 793 917 792
f 794 919 918
f 794 918 793
f 795 920 919
f 795 919 794
f 796 921 920
f 796 920 795
f 797 922 921
f 797 921 796
f 798 923 922
f 798 922 797
f 799 924 923
f 799 923 798
f 800 925 924
f 800 924 799
f 801 926 925
f 801 925 800
f 802 927 926
f 802 926 801
f 803 928 927
f 803 927 802
f 804 929 928
f 804 928 803
f 805 930 929
f 805 929 804
f 806 931 930
f 806 930 805
f 807 932 931
f 807 931 806
f 808 933 932
f 808 932 807
f 809 934 933
f 809 933 808
f 810 935 934
f 810 934 809
f 811 936 935
f 811 935 810
f 812 937 936
f 812 936 811
f 813 938 937
f 813 937 812
f 814 939 938
f 814 938 813
f 815 940 939
f 815 939 814
f 816 941 940
f 816 940 815
f 817 942 941
f 817 941 816
f 818 943 942
f 818 942 817
f 819 944 943
f 819 943 818
f 820 945 944
f 820 944 819
f 821 946 945
f 821 945 820
f 822 947 946
f 822 946 821
f 823 948 947
f 823 947 822
f 824 949 948
f 824 948 823
f 825 950 949
f 825 949 824
f 826 951 950
f 826 950 825
f 827 952 951
f 827 951 826
f 828 953 952
f 828 952 827
f 829 954 953
f 829 953 828
f 830 955 954
f 830 954 829
f 831 956 955
f 831 955 830
f 832 957 956
f 832 956 831
f 833 958 957
f 833 957 832
f 834 959 958
f 834 958 833
f 835 960 959
f 835 959 834
f 836 961 960
f 836 960 835
f 837 962 963
f 837 963 838
f 968 962 967
f 967 837 840
f 967 962 837
f 889 1004 1005
f 889 1005 888
f 890 1007 1008
f 1004 890 1008
f 1004 889 890
f 891 1010 1011
f 1007 891 1011
f 1007 890 891
f 892 1013 1014
f 1010 892 1014
f 1010 891 892
f 893 1016 1017
f 1013 893 1017
f 1013 892 893
f 894 1019 1020
f 1016 894 1020
f 1016 893 894
f 895 1022 1023
f 1019 895 1023
f 1019 894 895
f 896 1025 1026
f 1022 896 1026
f 1022 895 896
f 1028 1030 1029
f 1028 897 1030
f 1025 897 1028
f 1025 1031 897
f 898 1032 1030
f 898 1030 897
f 899 1033 1032
f 899 1032 898
f 900 1034 1033
f 900 1033 899
f 901 1035 1034
f 901 1034 900
f 902 1036 1035
f 902 1035 901
f 903 1037 1036
f 903 1036 902
f 904 1038 1037
f 904 1037 903
f 905 1039 1038
f 905 1038 904
f 906 1040 1039
f 906 1039 905
f 907 1041 1040
f 907 1040 906
f 908 1042 1041
f 908 1041 907
f 909 1043 1042
f 909 1042 908
f 910 1044 1043
f 910 1043 909
f 911 1045 1044
f 911 1044 910
f 912 1046 1045
f 912 1045 911
f 913 1047 1046
f 913 1046 912
f 914 1048 1047
f 914 1047 913
f 915 1049 1048
f 915 1048 914
f 916 1050 1049
f 916 1049 915
f 917 1051 1050
f 917 1050 916
f 918 1052 1051
f 918 1051 917
f 919 1053 1052
f 919 1052 918
f 920 1054 1053
f 920 1053 919
f 921 1055 1054
f 921 1054 920
f 922 1056 1055
f 922 1055 921
f 923 1057 1056
f 923 1056 922
f 924 1058 1057
f 924 1057 923
f 925 1059 1058
f 925 1058 924
f 926 1060 1059
f 926 1059 925
f 927 1061 1060
f 927 1060 926
f 928 1062 1061
f 928 1061 927
f 929 1063 1062
f 929 1062 928
f 930 1064 1063
f 930 1063 929
f 931 1065 1064
f 931 1064 930
f 932 1066 1065
f 932 1065 931
f 933 1067 1066
f 933 1066 932
f 934 1068 1067
f 934 1067 933
f 935 1069 1068
f 935 1068 934
f 936 1070 1069
f 936 1069 935
f 937 1071 1070
f 937 1070 936
f 938 1072 1071
f 938 1071 937
f 939 1073 1072
f 939 1072 938
f 940 1074 1073
f 940 1073 939
f 941 1075 1074
f 941 1074 940
f 942 1076 1075
f 942 1075 941
f 943 1077 1076
f 943 1076 942
f 944 1078 1077
f 944 1077 943
f 945 1079 1078
f 945 1078 944
f 946 1080 1079
f 946 1079 945
f 947 1081 1080
f 947 1080 946
f 948 1082 1081
f 948 1081 947
f 949 1083 1082
f 949 1082 948
f 950 1084 1083
f 950 1083 949
f 951 1085 1084
f 951 1084 950
f 952 1086 1085
f 952 1085 951
f 953 1087 1086
f 953 1086 952
f 954 1088 1087
f 954 1087 953
f 955 1089 1088
f 955 1088 954
f 956 1090 1089
f 956 1089 955
f 957 1091 1090
f 957 1090 956
f 958 1092 1091
f 958 1091 957
f 959 1093 1092
f 959 1092 958
f 960 1094 1093
f 960 1093 959
f 961 1095 1094
f 961 1094 960
f 962 1096 1097
f 1102 962 1097
f 1102 963 962
f 962 968 1096
f 1030 1149 1150
f 1030 1150 1029
f 1032 1152 1153
f 1149 1032 1153
f 1149 1030 1032
f 1033 1155 1156
f 1152 1033 1156
f 1152 1032 1033
f 1034 1158 1159
f 1155 1034 1159
f 1155 1033 1034
f 1035 1161 1162
f 1158 1035 1162
f 1158 1034 1035
f 1036 1164 1165
f 1161 1036 1165
f 1161 1035 1036
f 1037 1167 1168
f 1164 1037 1168
f 1164 1036 1037
f 1038 1170 1171
f 1167 1038 1171
f 1167 1037 1038
f 1039 1173 1174
f 1170 1039 1174
f 1170 1038 1039
f 1040 1176 1177
f 1173 1040 1177
f 1173 1039 1040
f 1041 1179 1180
f 1176 1041 1180
f 1176 1040 1041
f 1182 1184 1183
f 1182 1042 1184
f 1179 1042 1182
f 1179 1041 1042
f 1043 1185 1184
f 1043 1184 1042
f 1044 1186 1185
f 1044 1185 1043
f 1045 1187 1186
f 1045 1186 1044
f 1046 1188 1187
f 1046 1187 1045
f 1047 1189 1188
f 1047 1188 1046
f 1048 1190 1189
f 1048 1189 1047
f 1049 1191 1190
f 1049 1190 1048
f 1050 1192 1191
f 1050 1191 1049
f 1051 1193 1192
f 1051 1192 1050
f 1052 1194 1193
f 1052 1193 1051
f 1053 1195 1194
f 1053 1194 1052
f 1054 1196 1195
f 1054 1195 1053
f 1055 1197 1196
f 1055 1196 1054
f 1056 1198 1197
f 1056 1197 1055
f 1057 1199 1198
f 1057 1198 1056
f 1058 1200 1199
f 1058 1199 1057
f 1059 1201 1200
f 1059 1200 1058
f 1060 1202 1201
f 1060 1201 1059
f 1061 1203 1202
f 1061 1202 1060
f 1062 1204 1203
f 1062 1203 1061
f 1063 1205 1204
f 1063 1204 1062
f 1064 1206 1205
f 1064 1205 1063
f 1065 1207 1206
f 1065 1206 1064
f 1066 1208 1207
f 1066 1207 1065
f 1067 1209 1208
f 1067 1208 1066
f 1068 1210 1209
f 1068 1209 1067
f 1069 1211 1210
f 1069 1210 1068
f 1070 1212 1211
f 1070 1211 1069
f 1071 1213 1212
f 1071 1212 1070
f 1072 1214 1213
f 1072 1213 1071
f 1073 1215 1214
f 1073 1214 1072
f 1074 1216 1215
f 1074 1215 1073
f 1075 1217 1216
f 1075 1216 1074
f 1076 1218 1217
f 1076 1217 1075
f 1077 1219 1218
f 1077 1218 1076
f 1078 1220 1219
f 1078 1219 1077
f 1079 1221 1220
f 1079 1220 1078
f 1080 1222 1221
f 1080 1221 1079
f 1081 1223 1222
f 1081 1222 1080
f 1082 1224 1223
f 1082 1223 1081
f 1083 1225 1224
f 1083 1224 1082
f 1084 1226 1225
f 1084 1225 1083
f 1085 1227 1226
f 1085 1226 1084
f 1086 1228 1227
f 1086 1227 1085
f 1087 1229 1228
f 1087 1228 1086
f 1088 1230 1229
f 1088 1229 1087
f 1089 1231 1230
f 1089 1230 1088
f 1090 1232 1231
f 1090 1231 1089
f 1091 1233 1232
f 1091 1232 1090
f 1092 1234 1233
f 1092 1233 1091
f 1093 1235 1234
f 1093 1234 1092
f 1094 1236 1235
f 1094 1235 1093
f 1095 1237 1236
f 1095 1236 1094
f 1184 1305 1306
f 1184 1306 1183
f 1185 1308 1309
f 1305 1185 1309
f 1305 1184 1185
f 1186 1311 1312
f 1308 1186 1312
f 1308 1185 1186
f 1187 1314 1315
f 1311 1187 1315
f 1311 1186 1187
f 1188 1317 1318
f 1314 1188 1318
f 1314 1187 1188
f 1189 1320 1321
f 1317 1189 1321
f 1317 1188 1189
f 1190 1323 1324
f 1320 1190 1324
f 1320 1189 1190
f 1191 1326 1327
f 1323 1191 1327
f 1323 1190 1191
f 1192 1329 1330
f 1326 1192 1330
f 1326 1191 1192
f 1193 1332 1333
f 1329 1193 1333
f 1329 1192 1193
f 1194 1335 1336
f 1332 1194 1336
f 1332 1193 1194
f 1195 1338 1339
f 1335 1195 1339
f 1335 1194 1195
f 1196 1341 1342
f 1338 1196 1342
f 1338 1195 1196
f 1197 1344 1345
f 1341 1197 1345
f 1341 1196 1197
f 1198 1347 1348
f 1344 1198 1348
f 1344 1197 1198
f 1199 1350 1351
f 1347 1199 1351
f 1347 1198 1199
f 1200 1353 1354
f 1350 1200 1354
f 1350 1199 1200
f 1356 1358 1357
f 1356 1201 1358
f 1353 1201 1356
f 1353 1200 1201
f 1202 1359 1358
f 1202 1358 1201
f 1203 1360 1359
f 1203 1359 1202
f 1204 1361 1360
f 1204 1360 1203
f 1205 1362 1361
f 1205 1361 1204
f 1206 1363 1362
f 1206 1362 1205
f 1207 1364 1363
f 1207 1363 1206
f 1208 1365 1364
f 1208 1364 1207
f 1209 1366 1365
f 1209 1365 1208
f 1210 1367 1366
f 1210 1366 1209
f 1211 1368 1367
f 1211 1367 1210
f 1212 1369 1368
f 1212 1368 1211
f 1213 1370 1369
f 1213 1369 1212
f 1214 1371 1370
f 1214 1370 1213
f 1215 1372 1371
f 1215 1371 1214
f 1216 1373 1372
f 1216 1372 1215
f 1217 1374 1373
f 1217 1373 1216
f 1218 1375 1374
f 1218 1374 1217
f 1219 1376 1375
f 1219 1375 1218
f 1220 1377 1376
f 1220 1376 1219
f 1221 1378 1377
f 1221 1377 1220
f 1222 1379 1378
f 1222 1378 1221
f 1223 1380 1379
f 1223 1379 1222
f 1224 1381 1380
f 1224 1380 1223
f 1225 1382 1381
f 1225 1381 1224
f 1226 1383 1382
f 1226 1382 1225
f 1227 1384 1383
f 1227 1383 1226
f 1228 1385 1384
f 1228 1384 1227
f 1229 1386 1385
f 1229 1385 1228
f 1230 1387 1386
f 1230 1386 1229
f 1231 1388 1387
f 1231 1387 1230
f 1232 1389 1388
f 1232 1388 1231
f 1233 1390 1389
f 1233 1389 1232
f 1234 1391 1390
f 1234 1390 1233
f 1235 1392 1391
f 1235 1391 1234
f 1236 1393 1392
f 1236 1392 1235
f 1237 1394 1393
f 1237 1393 1236
f 1358 1521 1522
f 1358 1522 1357
f 1359 1524 1525
f 1521 1359 1525
f 1521 1358 1359
f 1360 1527 1528
f 1524 1360 1528
f 1524 1359 1360
f 1361 1530 1531
f 1527 1361 1531
f 1527 1360 1361
f 1362 1533 1534
f 1530 1362 1534
f 1530 1361 1362
f 1363 1536 1537
f 1533 1363 1537
f 1533 1362 1363
f 1364 1539 1540
f 1536 1364 1540
f 1536 1363 1364
f 1365 1542 1543
f 1539 1365 1543
f 1539 1364 1365
f 1545 1547 1546
f 1545 1366 1547
f 1542 1366 1545
f 1542 1365 1366
f 1367 1548 1547
f 1367 1547 1366
f 1368 1549 1548
f 1368 1548 1367
f 1369 1550 1549
f 1369 1549 1368
f 1370 1551 1550
f 1370 1550 1369
f 1371 1552 1551
f 1371 1551 1370
f 1372 1553 1552
f 1372 1552 1371
f 1373 1554 1553
f 1373 1553 1372
f 1374 1555 1554
f 1374 1554 1373
f 1375 1556 1555
f 1375 1555 1374
f 1376 1557 1556
f 1376 1556 1375
f 1377 1558 1557
f 1377 1557 1376
f 1378 1559 1558
f 1378 1558 1377
f 1379 1560 1559
f 1379 1559 1378
f 1380 1561 1560
f 1380 1560 1379
f 1381 1562 1561
f 1381 1561 1380
f 1382 1563 1562
f 1382 1562 1381
f 1383 1564 1563
f 1383 1563 1382
f 1384 1565 1564
f 1384 1564 1383
f 1385 1566 1565
f 1385 1565 1384
f 1386 1567 1566
f 1386 1566 1385
f 1387 1568 1567
f 1387 1567 1386
f 1388 1569 1568
f 1388 1568 1387
f 1389 1570 1569
f 1389 1569 1388
f 1390 1571 1570
f 1390 1570 1389
f 1391 1572 1571
f 1391 1571 1390
f 1392 1573 1572
f 1392 1572 1391
f 1393 1574 1573
f 1393 1573 1392
f 1394 1575 1574
f 1394 1574 1393

#List of body lines
l 1576 1577
l 1577 1578
l 1578 1579
l 1579 1580
l 1580 1581
l 1581 1582
l 1582 1583
l 1583 1584
l 1584 1585
l 1585 1586
l 1577 1587
l 1587 1588
l 1588 1578
l 1578 1589
l 1589 1580
l 1580 1590
l 1590 1582
l 1582 1591
l 1591 1584
l 1584 1592
l 1592 1593
l 1593 1585
l 1587 1594
l 1594 1595
l 1595 1588
l 1588 1596
l 1596 1589
l 1589 1597
l 1597 1590
l 1590 1598
l 1598 1591
l 1591 1599
l 1599 1592
l 1592 1600
l 1600 1601
l 1601 1593
l 1594 1602
l 1602 1603
l 1603 1595
l 1595 1604
l 1604 1596
l 1596 1605
l 1605 1597
l 1597 1606
l 1606 1598
l 1598 1607
l 1607 1599
l 1599 1608
l 1608 1600
l 1600 1609
l 1609 1610
l 1610 1601
l 1602 1611
l 1611 1612
l 1612 1603
l 1603 1613
l 1613 1604
l 1604 1614
l 1614 1605
l 1605 1615
l 1615 1606
l 1606 1616
l 1616 1607
l 1607 1617
l 1617 1608
l 1608 1618
l 1618 1609
l 1609 1619
l 1619 1620
l 1620 1610
l 1611 1621
l 1621 1622
l 1622 1612
l 1612 1623
l 1623 1613
l 1613 1624
l 1624 1614
l 1614 1625
l 1625 1615
l 1615 1626
l 1626 1616
l 1616 1627
l 1627 1617
l 1617 1628
l 1628 1618
l 1618 1629
l 1629 1619
l 1619 1630
l 1630 1631
l 1631 1620
l 1621 1632
l 1632 1633
l 1633 1622
l 1622 1634
l 1634 1623
l 1623 1635
l 1635 1624
l 1624 1636
l 1636 1625
l 1625 1637
l 1637 1626
l 1626 1638
l 1638 1627
l 1627 1639
l 1639 1628
l 1628 1640
l 1640 1629
l 1629 1641
l 1641 1630
l 1630 1642
l 1642 1643
l 1643 1631
l 1632 1644
l 1644 1645
l 1645 1633
l 1633 1646
l 1646 1634
l 1634 1647
l 1647 1635
l 1635 1648
l 1648 1636
l 1636 1649
l 1649 1637
l 1637 1650
l 1650 1638
l 1638 1651
l 1651 1639
l 1639 1652
l 1652 1640
l 1640 1653
l 1653 1641
l 1641 1654
l 1654 1642
l 1644 1655
l 1655 1656
l 1656 1645
l 1645 1657
l 1657 1646
l 1646 1658
l 1658 1647
l 1647 1659
l 1659 1648
l 1648 1660
l 1660 1649
l 1649 1661
l 1661 1650
l 1650 1662
l 1662 1651
l 1651 1663
l 1663 1652
l 1652 1664
l 1664 1653
l 1653 1665
l 1665 1654
l 1655 1666
l 1666 1667
l 1667 1656
l 1656 1668
l 1668 1657
l 1657 1669
l 1669 1658
l 1658 1670
l 1670 1659
l 1659 1671
l 1671 1660
l 1660 1672
l 1672 1661
l 1661 1673
l 1673 1662
l 1662 1674
l 1674 1663
l 1663 1675
l 1675 1664
l 1664 1676
l 1676 1665
l 1666 1677
l 1677 1678
l 1678 1667
l 1667 1679
l 1679 1668
l 1668 1680
l 1680 1669
l 1669 1681
l 1681 1670
l 1670 1682
l 1682 1671
l 1671 1683
l 1683 1672
l 1672 1684
l 1684 1673
l 1673 1685
l 1685 1674
l 1674 1686
l 1686 1675
l 1675 1687
l 1687 1676
l 1677 1688
l 1688 1689
l 1689 1678
l 1678 1690
l 1690 1679
l 1679 1691
l 1691 1680
l 1680 1692
l 1692 1681
l 1681 1693
l 1693 1682
l 1682 1694
l 1694 1683
l 1683 1695
l 1695 1684
l 1684 1696
l 1696 1685
l 1685 1697
l 1697 1686
l 1686 1698
l 1698 1687
l 1688 1699
l 1699 1700
l 1700 1689
l 1689 1701
l 1701 1690
l 1690 1702
l 1702 1691
l 1691 1703
l 1703 1692
l 1692 1704
l 1704 1693
l 1693 1705
l 1705 1694
l 1694 1706
l 1706 1695
l 1695 1707
l 1707 1696
l 1696 1708
l 1708 1697
l 1697 1709
l 1709 1698
l 1699 1710
l 1710 1711
l 1711 1700
l 1700 1712
l 1712 1701
l 1701 1713
l 1713 1702
l 1702 1714
l 1714 1703
l 1703 1715
l 1715 1704
l 1704 1716
l 1716 1705
l 1705 1717
l 1717 1706
l 1706 1718
l 1718 1707
l 1707 1719
l 1719 1708
l 1708 1720
l 1720 1709
l 1710 1721
l 1721 1722
l 1722 1711
l 1711 1723
l 1723 1712
l 1712 1724
l 1724 1713
l 1713 1725
l 1725 1714
l 1714 1726
l 1726 1715
l 1715 1727
l 1727 1716
l 1716 1728
l 1728 1717
l 1717 1729
l 1729 1718
l 1718 1730
l 1730 1719
l 1719 1731
l 1731 1720
l 1721 1732
l 1732 1733
l 1733 1722
l 1722 1734
l 1734 1723
l 1723 1735
l 1735 1724
l 1724 1736
l 1736 1725
l 1725 1737
l 1737 1726
l 1726 1738
l 1738 1727
l 1727 1739
l 1739 1728
l 1728 1740
l 1740 1729
l 1729 1741
l 1741 1730
l 1730 1742
l 1742 1731
l 1732 1743
l 1743 1744
l 1744 1733
l 1733 1745
l 1745 1734
l 1734 1746
l 1746 1735
l 1735 1747
l 1747 1736
l 1736 1748
l 1748 1737
l 1737 1749
l 1749 1738
l 1738 1750
l 1750 1739
l 1739 1751
l 1751 1740
l 1740 1752
l 1752 1741
l 1741 1753
l 1753 1742
l 1743 1754
l 1754 1755
l 1755 1744
l 1744 1756
l 1756 1745
l 1745 1757
l 1757 1746
l 1746 1758
l 1758 1747
l 1747 1759
l 1759 1748
l 1748 1760
l 1760 1749
l 1749 1761
l 1761 1750
l 1750 1762
l 1762 1751
l 1751 1763
l 1763 1752
l 1752 1764
l 1764 1753
l 1754 1765
l 1765 1766
l 1766 1755
l 1755 1767
l 1767 1756
l 1756 1768
l 1768 1757
l 1757 1769
l 1769 1758
l 1758 1770
l 1770 1759
l 1759 1771
l 1771 1760
l 1760 1772
l 1772 1761
l 1761 1773
l 1773 1762
l 1762 1774
l 1774 1763
l 1763 1775
l 1775 1764
l 1765 1776
l 1776 1777
l 1777 1766
l 1766 1778
l 1778 1767
l 1767 1779
l 1779 1768
l 1768 1780
l 1780 1769
l 1769 1781
l 1781 1770
l 1770 1782
l 1782 1771
l 1771 1783
l 1783 1772
l 1772 1784
l 1784 1773
l 1773 1785
l 1785 1774
l 1774 1786
l 1786 1775
l 1776 1787
l 1787 1788
l 1788 1777
l 1777 1789
l 1789 1778
l 1778 1790
l 1790 1779
l 1779 1791
l 1791 1780
l 1780 1792
l 1792 1781
l 1781 1793
l 1793 1782
l 1782 1794
l 1794 1783
l 1783 1795
l 1795 1784
l 1784 1796
l 1796 1785
l 1785 1797
l 1797 1786
l 1787 1798
l 1798 1799
l 1799 1788
l 1788 1800
l 1800 1789
l 1789 1801
l 1801 1790
l 1790 1802
l 1802 1791
l 1791 1803
l 1803 1792
l 1792 1804
l 1804 1793
l 1793 1805
l 1805 1794
l 1794 1806
l 1806 1795
l 1795 1807
l 1807 1796
l 1796 1808
l 1808 1797
l 1798 1809
l 1809 1810
l 1810 1799
l 1799 1811
l 1811 1800
l 1800 1812
l 1812 1801
l 1801 1813
l 1813 1802
l 1802 1814
l 1814 1803
l 1803 1815
l 1815 1804
l 1804 1816
l 1816 1805
l 1805 1817
l 1817 1806
l 1806 1818
l 1818 1807
l 1807 1819
l 1819 1808
l 1809 1820
l 1820 1821
l 1821 1810
l 1810 1822
l 1822 1811
l 1811 1823
l 1823 1812
l 1812 1824
l 1824 1813
l 1813 1825
l 1825 1814
l 1814 1826
l 1826 1815
l 1815 1827
l 1827 1816
l 1816 1828
l 1828 1817
l 1817 1829
l 1829 1818
l 1818 1830
l 1830 1819
l 1820 1831
l 1831 1832
l 1832 1821
l 1821 1833
l 1833 1822
l 1822 1834
l 1834 1823
l 1823 1835
l 1835 1824
l 1824 1836
l 1836 1825
l 1825 1837
l 1837 1826
l 1826 1838
l 1838 1827
l 1827 1839
l 1839 1828
l 1828 1840
l 1840 1829
l 1829 1841
l 1841 1830
l 1831 1842
l 1842 1843
l 1843 1832
l 1832 1844
l 1844 1833
l 1833 1845
l 1845 1834
l 1834 1846
l 1846 1835
l 1835 1847
l 1847 1836
l 1836 1848
l 1848 1837
l 1837 1849
l 1849 1838
l 1838 1850
l 1850 1839
l 1839 1851
l 1851 1840
l 1840 1852
l 1852 1841
l 1842 1853
l 1853 1854
l 1854 1843
l 1843 1855
l 1855 1844
l 1844 1856
l 1856 1845
l 1845 1857
l 1857 1846
l 1846 1858
l 1858 1847
l 1847 1859
l 1859 1848
l 1848 1860
l 1860 1849
l 1849 1861
l 1861 1850
l 1850 1862
l 1862 1851
l 1851 1863
l 1863 1852
l 1853 1864
l 1864 1865
l 1865 1854
l 1854 1866
l 1866 1855
l 1855 1867
l 1867 1856
l 1856 1868
l 1868 1857
l 1857 1869
l 1869 1858
l 1858 1870
l 1870 1859
l 1859 1871
l 1871 1860
l 1860 1872
l 1872 1861
l 1861 1873
l 1873 1862
l 1862 1874
l 1874 1863
l 1864 1875
l 1875 1876
l 1876 1865
l 1865 1877
l 1877 1866
l 1866 1878
l 1878 1867
l 1867 1879
l 1879 1868
l 1868 1880
l 1880 1869
l 1869 1881
l 1881 1870
l 1870 1882
l 1882 1871
l 1871 1883
l 1883 1872
l 1872 1884
l 1884 1873
l 1873 1885
l 1885 1874
l 1875 1886
l 1886 1887
l 1887 1876
l 1876 1888
l 1888 1877
l 1877 1889
l 1889 1878
l 1878 1890
l 1890 1879
l 1879 1891
l 1891 1880
l 1880 1892
l 1892 1881
l 1881 1893
l 1893 1882
l 1882 1894
l 1894 1883
l 1883 1895
l 1895 1884
l 1884 1896
l 1896 1885
l 1886 1897
l 1897 1898
l 1898 1887
l 1887 1899
l 1899 1888
l 1888 1900
l 1900 1889
l 1889 1901
l 1901 1890
l 1890 1902
l 1902 1891
l 1891 1903
l 1903 1892
l 1892 1904
l 1904 1893
l 1893 1905
l 1905 1894
l 1894 1906
l 1906 1895
l 1895 1907
l 1907 1896
l 1897 1908
l 1908 1909
l 1909 1898
l 1898 1910
l 1910 1899
l 1899 1911
l 1911 1900
l 1900 1912
l 1912 1901
l 1901 1913
l 1913 1902
l 1902 1914
l 1914 1903
l 1903 1915
l 1915 1904
l 1904 1916
l 1916 1905
l 1905 1917
l 1917 1906
l 1906 1918
l 1918 1907
l 1908 1919
l 1919 1920
l 1920 1909
l 1909 1921
l 1921 1910
l 1910 1922
l 1922 1911
l 1911 1923
l 1923 1912
l 1912 1924
l 1924 1913
l 1913 1925
l 1925 1914
l 1914 1926
l 1926 1915
l 1915 1927
l 1927 1916
l 1916 1928
l 1928 1917
l 1917 1929
l 1929 1918
l 1919 1930
l 1930 1931
l 1931 1920
l 1920 1932
l 1932 1921
l 1921 1933
l 1933 1922
l 1922 1934
l 1934 1923
l 1923 1935
l 1935 1924
l 1924 1936
l 1936 1925
l 1925 1937
l 1937 1926
l 1926 1938
l 1938 1927
l 1927 1939
l 1939 1928
l 1928 1940
l 1940 1929
l 1930 1941
l 1941 1942
l 1942 1931
l 1931 1943
l 1943 1932
l 1932 1944
l 1944 1933
l 1933 1945
l 1945 1934
l 1934 1946
l 1946 1935
l 1935 1947
l 1947 1936
l 1936 1948
l 1948 1937
l 1937 1949
l 1949 1938
l 1938 1950
l 1950 1939
l 1939 1951
l 1951 1940
l 1941 1952
l 1952 1953
l 1953 1942
l 1942 1954
l 1954 1943
l 1943 1955
l 1955 1944
l 1944 1956
l 1956 1945
l 1945 1957
l 1957 1946
l 1946 1958
l 1958 1947
l 1947 1959
l 1959 1948
l 1948 1960
l 1960 1949
l 1949 1961
l 1961 1950
l 1950 1962
l 1962 1951
l 1952 1963
l 1963 1964
l 1964 1953
l 1953 1965
l 1965 1954
l 1954 1966
l 1966 1955
l 1955 1967
l 1967 1956
l 1956 1968
l 1968 1957
l 1957 1969
l 1969 1958
l 1958 1970
l 1970 1959
l 1959 1971
l 1971 1960
l 1960 1972
l 1972 1961
l 1961 1973
l 1973 1962
l 1963 1974
l 1974 1975
l 1975 1964
l 1964 1976
l 1976 1965
l 1965 1977
l 1977 1966
l 1966 1978
l 1978 1967
l 1967 1979
l 1979 1968
l 1968 1980
l 1980 1969
l 1969 1981
l 1981 1970
l 1970 1982
l 1982 1971
l 1971 1983
l 1983 1972
l 1972 1984
l 1984 1973
l 1974 1985
l 1985 1986
l 1986 1975
l 1975 1987
l 1987 1976
l 1976 1988
l 1988 1977
l 1977 1989
l 1989 1978
l 1978 1990
l 1990 1979
l 1979 1991
l 1991 1980
l 1980 1992
l 1992 1981
l 1981 1993
l 1993 1982
l 1982 1994
l 1994 1983
l 1983 1995
l 1995 1984
l 1985 1996
l 1996 1997
l 1997 1986
l 1986 1998
l 1998 1987
l 1987 1999
l 1999 1988
l 1988 2000
l 2000 1989
l 1989 2001
l 2001 1990
l 1990 2002
l 2002 1991
l 1991 2003
l 2003 1992
l 1992 2004
l 2004 1993
l 1993 2005
l 2005 1994
l 1994 2006
l 2006 1995
l 1996 2007
l 2007 2008
l 2008 1997
l 1997 2009
l 2009 1998
l 1998 2010
l 2010 1999
l 1999 2011
l 2011 2000
l 2000 2012
l 2012 2001
l 2001 2013
l 2013 2002
l 2002 2014
l 2014 2003
l 2003 2015
l 2015 2004
l 2004 2016
l 2016 2005
l 2005 2017
l 2017 2006
l 2007 2018
l 2018 2019
l 2019 2008
l 2008 2020
l 2020 2009
l 2009 2021
l 2021 2010
l 2010 2022
l 2022 2011
l 2011 2023
l 2023 2012
l 2012 2024
l 2024 2013
l 2013 2025
l 2025 2014
l 2014 2026
l 2026 2015
l 2015 2027
l 2027 2016
l 2016 2028
l 2028 2017
l 2018 2029
l 2029 2030
l 2030 2019
l 2019 2031
l 2031 2020
l 2020 2032
l 2032 2021
l 2021 2033
l 2033 2022
l 2022 2034
l 2034 2023
l 2023 2035
l 2035 2024
l 2024 2036
l 2036 2025
l 2025 2037
l 2037 2026
l 2026 2038
l 2038 2027
l 2027 2039
l 2039 2028
l 2029 2040
l 2040 2041
l 2041 2030
l 2030 2042
l 2042 2031
l 2031 2043
l 2043 2032
l 2032 2044
l 2044 2033
l 2033 2045
l 2045 2034
l 2034 2046
l 2046 2035
l 2035 2047
l 2047 2036
l 2036 2048
l 2048 2037
l 2037 2049
l 2049 2038
l 2038 2050
l 2050 2039
l 2040 2051
l 2051 2052
l 2052 2041
l 2041 2053
l 2053 2042
l 2042 2054
l 2054 2043
l 2043 2055
l 2055 2044
l 2044 2056
l 2056 2045
l 2045 2057
l 2057 2046
l 2046 2058
l 2058 2047
l 2047 2059
l 2059 2048
l 2048 2060
l 2060 2049
l 2049 2061
l 2061 2050
l 2051 2062
l 2062 2063
l 2063 2052
l 2052 2064
l 2064 2053
l 2053 2065
l 2065 2054
l 2054 2066
l 2066 2055
l 2055 2067
l 2067 2056
l 2056 2068
l 2068 2057
l 2057 2069
l 2069 2058
l 2058 2070
l 2070 2059
l 2059 2071
l 2071 2060
l 2060 2072
l 2072 2061
l 2062 2073
l 2073 2074
l 2074 2063
l 2063 2075
l 2075 2064
l 2064 2076
l 2076 2065
l 2065 2077
l 2077 2066
l 2066 2078
l 2078 2067
l 2067 2079
l 2079 2068
l 2068 2080
l 2080 2069
l 2069 2081
l 2081 2070
l 2070 2082
l 2082 2071
l 2071 2083
l 2083 2072
l 2073 2084
l 2084 2085
l 2085 2074
l 2074 2086
l 2086 2075
l 2075 2087
l 2087 2076
l 2076 2088
l 2088 2077
l 2077 2089
l 2089 2078
l 2078 2090
l 2090 2079
l 2079 2091
l 2091 2080
l 2080 2092
l 2092 2081
l 2081 2093
l 2093 2082
l 2082 2094
l 2094 2083
l 2084 2095
l 2095 2096
l 2096 2085
l 2085 2097
l 2097 2086
l 2086 2098
l 2098 2087
l 2087 2099
l 2099 2088
l 2088 2100
l 2100 2089
l 2089 2101
l 2101 2090
l 2090 2102
l 2102 2091
l 2091 2103
l 2103 2092
l 2092 2104
l 2104 2093
l 2093 2105
l 2105 2094
l 2095 2106
l 2106 2107
l 2107 2096
l 2096 2108
l 2108 2097
l 2097 2109
l 2109 2098
l 2098 2110
l 2110 2099
l 2099 2111
l 2111 2100
l 2100 2112
l 2112 2101
l 2101 2113
l 2113 2102
l 2102 2114
l 2114 2103
l 2103 2115
l 2115 2104
l 2104 2116
l 2116 2105
l 2106 2117
l 2117 2118
l 2118 2107
l 2107 2119
l 2119 2108
l 2108 2120
l 2120 2109
l 2109 2121
l 2121 2110
l 2110 2122
l 2122 2111
l 2111 2123
l 2123 2112
l 2112 2124
l 2124 2113
l 2113 2125
l 2125 2114
l 2114 2126
l 2126 2115
l 2115 2127
l 2127 2116
l 2117 2128
l 2128 2129
l 2129 2118
l 2118 2130
l 2130 2119
l 2119 2131
l 2131 2120
l 2120 2132
l 2132 2121
l 2121 2133
l 2133 2122
l 2122 2134
l 2134 2123
l 2123 2135
l 2135 2124
l 2124 2136
l 2136 2125
l 2125 2137
l 2137 2126
l 2126 2138
l 2138 2127
l 2128 2139
l 2139 2140
l 2140 2129
l 2129 2141
l 2141 2130
l 2130 2142
l 2142 2131
l 2131 2143
l 2143 2132
l 2132 2144
l 2144 2133
l 2133 2145
l 2145 2134
l 2134 2146
l 2146 2135
l 2135 2147
l 2147 2136
l 2136 2148
l 2148 2137
l 2137 2149
l 2149 2138
l 2139 2150
l 2150 2151
l 2151 2140
l 2140 2152
l 2152 2141
l 2141 2153
l 2153 2142
l 2142 2154
l 2154 2143
l 2143 2155
l 2155 2144
l 2144 2156
l 2156 2145
l 2145 2157
l 2157 2146
l 2146 2158
l 2158 2147
l 2147 2159
l 2159 2148
l 2148 2160
l 2160 2149
l 2150 2161
l 2161 2162
l 2162 2151
l 2151 2163
l 2163 2152
l 2152 2164
l 2164 2153
l 2153 2165
l 2165 2154
l 2154 2166
l 2166 2155
l 2155 2167
l 2167 2156
l 2156 2168
l 2168 2157
l 2157 2169
l 2169 2158
l 2158 2170
l 2170 2159
l 2159 2171
l 2171 2160
l 2161 2172
l 2172 2173
l 2173 2162
l 2162 2174
l 2174 2163
l 2163 2175
l 2175 2164
l 2164 2176
l 2176 2165
l 2165 2177
l 2177 2166
l 2166 2178
l 2178 2167
l 2167 2179
l 2179 2168
l 2168 2180
l 2180 2169
l 2169 2181
l 2181 2170
l 2170 2182
l 2182 2171
l 2172 2183
l 2183 2184
l 2184 2173
l 2173 2185
l 2185 2174
l 2174 2186
l 2186 2175
l 2175 2187
l 2187 2176
l 2176 2188
l 2188 2177
l 2177 2189
l 2189 2178
l 2178 2190
l 2190 2179
l 2179 2191
l 2191 2180
l 2180 2192
l 2192 2181
l 2181 2193
l 2193 2182
l 2183 2194
l 2194 2195
l 2195 2184
l 2184 2196
l 2196 2185
l 2185 2197
l 2197 2186
l 2186 2198
l 2198 2187
l 2187 2199
l 2199 2188
l 2188 2200
l 2200 2189
l 2189 2201
l 2201 2190
l 2190 2202
l 2202 2191
l 2191 2203
l 2203 2192
l 2192 2204
l 2204 2193
l 2194 2205
l 2205 2206
l 2206 2195
l 2195 2207
l 2207 2196
l 2196 2208
l 2208 2197
l 2197 2209
l 2209 2198
l 2198 2210
l 2210 2199
l 2199 2211
l 2211 2200
l 2200 2212
l 2212 2201
l 2201 2213
l 2213 2202
l 2202 2214
l 2214 2203
l 2203 2215
l 2215 2204
l 2205 2216
l 2216 2217
l 2217 2206
l 2206 2218
l 2218 2207
l 2207 2219
l 2219 2208
l 2208 2220
l 2220 2209
l 2209 2221
l 2221 2210
l 2210 2222
l 2222 2211
l 2211 2223
l 2223 2212
l 2212 2224
l 2224 2213
l 2213 2225
l 2225 2214
l 2214 2226
l 2226 2215
l 2216 2227
l 2227 2228
l 2228 2217
l 2217 2229
l 2229 2218
l 2218 2230
l 2230 2219
l 2219 2231
l 2231 2220
l 2220 2232
l 2232 2221
l 2221 2233
l 2233 2222
l 2222 2234
l 2234 2223
l 2223 2235
l 2235 2224
l 2224 2236
l 2236 2225
l 2225 2237
l 2237 2226
l 2227 2238
l 2238 2239
l 2239 2228
l 2228 2240
l 2240 2229
l 2229 2241
l 2241 2230
l 2230 2242
l 2242 2231
l 2231 2243
l 2243 2232
l 2232 2244
l 2244 2233
l 2233 2245
l 2245 2234
l 2234 2246
l 2246 2235
l 2235 2247
l 2247 2236
l 2236 2248
l 2248 2237
l 2238 2249
l 2249 2250
l 2250 2239
l 2239 2251
l 2251 2240
l 2240 2252
l 2252 2241
l 2241 2253
l 2253 2242
l 2242 2254
l 2254 2243
l 2243 2255
l 2255 2244
l 2244 2256
l 2256 2245
l 2245 2257
l 2257 2246
l 2246 2258
l 2258 2247
l 2247 2259
l 2259 2248
l 2249 2260
l 2260 2261
l 2261 2250
l 2250 2262
l 2262 2251
l 2251 2263
l 2263 2252
l 2252 2264
l 2264 2253
l 2253 2265
l 2265 2254
l 2254 2266
l 2266 2255
l 2255 2267
l 2267 2256
l 2256 2268
l 2268 2257
l 2257 2269
l 2269 2258
l 2258 2270
l 2270 2259
l 2260 2271
l 2271 2272
l 2272 2261
l 2261 2273
l 2273 2262
l 2262 2274
l 2274 2263
l 2263 2275
l 2275 2264
l 2264 2276
l 2276 2265
l 2265 2277
l 2277 2266
l 2266 2278
l 2278 2267
l 2267 2279
l 2279 2268
l 2268 2280
l 2280 2269
l 2269 2281
l 2281 2270
l 2271 2282
l 2282 2283
l 2283 2272
l 2272 2284
l 2284 2273
l 2273 2285
l 2285 2274
l 2274 2286
l 2286 2275
l 2275 2287
l 2287 2276
l 2276 2288
l 2288 2277
l 2277 2289
l 2289 2278
l 2278 2290
l 2290 2279
l 2279 2291
l 2291 2280
l 2280 2292
l 2292 2281
l 2282 2293
l 2293 2294
l 2294 2283
l 2283 2295
l 2295 2284
l 2284 2296
l 2296 2285
l 2285 2297
l 2297 2286
l 2286 2298
l 2298 2287
l 2287 2299
l 2299 2288
l 2288 2300
l 2300 2289
l 2289 2301
l 2301 2290
l 2290 2302
l 2302 2291
l 2291 2303
l 2303 2292
l 2293 2304
l 2304 2305
l 2305 2294
l 2294 2306
l 2306 2295
l 2295 2307
l 2307 2296
l 2296 2308
l 2308 2297
l 2297 2309
l 2309 2298
l 2298 2310
l 2310 2299
l 2299 2311
l 2311 2300
l 2300 2312
l 2312 2301
l 2301 2313
l 2313 2302
l 2302 2314
l 2314 2303
l 2304 2315
l 2315 2316
l 2316 2305
l 2305 2317
l 2317 2306
l 2306 2318
l 2318 2307
l 2307 2319
l 2319 2308
l 2308 2320
l 2320 2309
l 2309 2321
l 2321 2310
l 2310 2322
l 2322 2311
l 2311 2323
l 2323 2312
l 2312 2324
l 2324 2313
l 2313 2325
l 2325 2314
l 2315 2326
l 2326 2327
l 2327 2316
l 2316 2328
l 2328 2317
l 2317 2329
l 2329 2318
l 2318 2330
l 2330 2319
l 2319 2331
l 2331 2320
l 2320 2332
l 2332 2321
l 2321 2333
l 2333 2322
l 2322 2334
l 2334 2323
l 2323 2335
l 2335 2324
l 2324 2336
l 2336 2325
l 2326 2337
l 2337 2338
l 2338 2327
l 2327 2339
l 2339 2328
l 2328 2340
l 2340 2329
l 2329 2341
l 2341 2330
l 2330 2342
l 2342 2331
l 2331 2343
l 2343 2332
l 2332 2344
l 2344 2333
l 2333 2345
l 2345 2334
l 2334 2346
l 2346 2335
l 2335 2347
l 2347 2336
l 2337 2348
l 2348 2349
l 2349 2338
l 2338 2350
l 2350 2339
l 2339 2351
l 2351 2340
l 2340 2352
l 2352 2341
l 2341 2353
l 2353 2342
l 2342 2354
l 2354 2343
l 2343 2355
l 2355 2344
l 2344 2356
l 2356 2345
l 2345 2357
l 2357 2346
l 2346 2358
l 2358 2347
l 2348 2359
l 2359 2360
l 2360 2349
l 2349 2361
l 2361 2350
l 2350 2362
l 2362 2351
l 2351 2363
l 2363 2352
l 2352 2364
l 2364 2353
l 2353 2365
l 2365 2354
l 2354 2366
l 2366 2355
l 2355 2367
l 2367 2356
l 2356 2368
l 2368 2357
l 2357 2369
l 2369 2358
l 2359 2370
l 2370 2371
l 2371 2360
l 2360 2372
l 2372 2361
l 2361 2373
l 2373 2362
l 2362 2374
l 2374 2363
l 2363 2375
l 2375 2364
l 2364 2376
l 2376 2365
l 2365 2377
l 2377 2366
l 2366 2378
l 2378 2367
l 2367 2379
l 2379 2368
l 2368 2380
l 2380 2369
l 2370 2381
l 2381 2382
l 2382 2371
l 2371 2383
l 2383 2372
l 2372 2384
l 2384 2373
l 2373 2385
l 2385 2374
l 2374 2386
l 2386 2375
l 2375 2387
l 2387 2376
l 2376 2388
l 2388 2377
l 2377 2389
l 2389 2378
l 2378 2390
l 2390 2379
l 2379 2391
l 2391 2380
l 2381 2392
l 2392 2393
l 2393 2382
l 2382 2394
l 2394 2383
l 2383 2395
l 2395 2384
l 2384 2396
l 2396 2385
l 2385 2397
l 2397 2386
l 2386 2398
l 2398 2387
l 2387 2399
l 2399 2388
l 2388 2400
l 2400 2389
l 2389 2401
l 2401 2390
l 2390 2402
l 2402 2391
l 2392 2403
l 2403 2404
l 2404 2393
l 2393 2405
l 2405 2394
l 2394 2406
l 2406 2395
l 2395 2407
l 2407 2396
l 2396 2408
l 2408 2397
l 2397 2409
l 2409 2398
l 2398 2410
l 2410 2399
l 2399 2411
l 2411 2400
l 2400 2412
l 2412 2401
l 2401 2413
l 2413 2402
l 2403 2414
l 2414 2415
l 2415 2404
l 2404 2416
l 2416 2405
l 2405 2417
l 2417 2406
l 2406 2418
l 2418 2407
l 2407 2419
l 2419 2408
l 2408 2420
l 2420 2409
l 2409 2421
l 2421 2410
l 2410 2422
l 2422 2411
l 2411 2423
l 2423 2412
l 2412 2424
l 2424 2413
l 2414 2425
l 2425 2426
l 2426 2415
l 2415 2427
l 2427 2416
l 2416 2428
l 2428 2417
l 2417 2429
l 2429 2418
l 2418 2430
l 2430 2419
l 2419 2431
l 2431 2420
l 2420 2432
l 2432 2421
l 2421 2433
l 2433 2422
l 2422 2434
l 2434 2423
l 2423 2435
l 2435 2424
l 2425 2436
l 2436 2437
l 2437 2426
l 2426 2438
l 2438 2427
l 2427 2439
l 2439 2428
l 2428 2440
l 2440 2429
l 2429 2441
l 2441 2430
l 2430 2442
l 2442 2431
l 2431 2443
l 2443 2432
l 2432 2444
l 2444 2433
l 2433 2445
l 2445 2434
l 2434 2446
l 2446 2435
l 2436 2447
l 2447 2448
l 2448 2437
l 2437 2449
l 2449 2438
l 2438 2450
l 2450 2439
l 2439 2451
l 2451 2440
l 2440 2452
l 2452 2441
l 2441 2453
l 2453 2442
l 2442 2454
l 2454 2443
l 2443 2455
l 2455 2444
l 2444 2456
l 2456 2445
l 2445 2457
l 2457 2446
l 2447 2458
l 2458 2459
l 2459 2448
l 2448 2460
l 2460 2449
l 2449 2461
l 2461 2450
l 2450 2462
l 2462 2451
l 2451 2463
l 2463 2452
l 2452 2464
l 2464 2453
l 2453 2465
l 2465 2454
l 2454 2466
l 2466 2455
l 2455 2467
l 2467 2456
l 2456 2468
l 2468 2457
l 2458 2469
l 2469 2470
l 2470 2459
l 2459 2471
l 2471 2460
l 2460 2472
l 2472 2461
l 2461 2473
l 2473 2462
l 2462 2474
l 2474 2463
l 2463 2475
l 2475 2464
l 2464 2476
l 2476 2465
l 2465 2477
l 2477 2466
l 2466 2478
l 2478 2467
l 2467 2479
l 2479 2468
l 2469 2480
l 2480 2481
l 2481 2470
l 2470 2482
l 2482 2471
l 2471 2483
l 2483 2472
l 2472 2484
l 2484 2473
l 2473 2485
l 2485 2474
l 2474 2486
l 2486 2475
l 2475 2487
l 2487 2476
l 2476 2488
l 2488 2477
l 2477 2489
l 2489 2478
l 2478 2490
l 2490 2479
l 2480 2491
l 2491 2492
l 2492 2481
l 2481 2493
l 2493 2482
l 2482 2494
l 2494 2483
l 2483 2495
l 2495 2484
l 2484 2496
l 2496 2485
l 2485 2497
l 2497 2486
l 2486 2498
l 2498 2487
l 2487 2499
l 2499 2488
l 2488 2500
l 2500 2489
l 2489 2501
l 2501 2490
l 2491 2502
l 2502 2503
l 2503 2492
l 2492 2504
l 2504 2493
l 2493 2505
l 2505 2494
l 2494 2506
l 2506 2495
l 2495 2507
l 2507 2496
l 2496 2508
l 2508 2497
l 2497 2509
l 2509 2498
l 2498 2510
l 2510 2499
l 2499 2511
l 2511 2500
l 2500 2512
l 2512 2501
l 2502 2513
l 2513 2514
l 2514 2503
l 2503 2515
l 2515 2504
l 2504 2516
l 2516 2505
l 2505 2517
l 2517 2506
l 2506 2518
l 2518 2507
l 2507 2519
l 2519 2508
l 2508 2520
l 2520 2509
l 2509 2521
l 2521 2510
l 2510 2522
l 2522 2511
l 2511 2523
l 2523 2512
l 2513 2524
l 2524 2525
l 2525 2514
l 2514 2526
l 2526 2515
l 2515 2527
l 2527 2516
l 2516 2528
l 2528 2517
l 2517 2529
l 2529 2518
l 2518 2530
l 2530 2519
l 2519 2531
l 2531 2520
l 2520 2532
l 2532 2521
l 2521 2533
l 2533 2522
l 2522 2534
l 2534 2523
l 2524 2535
l 2535 2536
l 2536 2525
l 2525 2537
l 2537 2526
l 2526 2538
l 2538 2527
l 2527 2539
l 2539 2528
l 2528 2540
l 2540 2529
l 2529 2541
l 2541 2530
l 2530 2542
l 2542 2531
l 2531 2543
l 2543 2532
l 2532 2544
l 2544 2533
l 2533 2545
l 2545 2534
l 2535 2546
l 2546 2547
l 2547 2536
l 2536 2548
l 2548 2537
l 2537 2549
l 2549 2538
l 2538 2550
l 2550 2539
l 2539 2551
l 2551 2540
l 2540 2552
l 2552 2541
l 2541 2553
l 2553 2542
l 2542 2554
l 2554 2543
l 2543 2555
l 2555 2544
l 2544 2556
l 2556 2545
l 2546 2557
l 2557 2558
l 2558 2547
l 2547 2559
l 2559 2548
l 2548 2560
l 2560 2549
l 2549 2561
l 2561 2550
l 2550 2562
l 2562 2551
l 2551 2563
l 2563 2552
l 2552 2564
l 2564 2553
l 2553 2565
l 2565 2554
l 2554 2566
l 2566 2555
l 2555 2567
l 2567 2556
l 2557 2568
l 2568 2569
l 2569 2558
l 2558 2570
l 2570 2559
l 2559 2571
l 2571 2560
l 2560 2572
l 2572 2561
l 2561 2573
l 2573 2562
l 2562 2574
l 2574 2563
l 2563 2575
l 2575 2564
l 2564 2576
l 2576 2565
l 2565 2577
l 2577 2566
l 2566 2578
l 2578 2567
l 2568 2579
l 2579 2580
l 2580 2569
l 2569 2581
l 2581 2570
l 2570 2582
l 2582 2571
l 2571 2583
l 2583 2572
l 2572 2584
l 2584 2573
l 2573 2585
l 2585 2574
l 2574 2586
l 2586 2575
l 2575 2587
l 2587 2576
l 2576 2588
l 2588 2577
l 2577 2589
l 2589 2578
l 2579 2590
l 2590 2591
l 2591 2580
l 2580 2592
l 2592 2581
l 2581 2593
l 2593 2582
l 2582 2594
l 2594 2583
l 2583 2595
l 2595 2584
l 2584 2596
l 2596 2585
l 2585 2597
l 2597 2586
l 2586 2598
l 2598 2587
l 2587 2599
l 2599 2588
l 2588 2600
l 2600 2589
l 2590 2601
l 2601 2602
l 2602 2591
l 2591 2603
l 2603 2592
l 2592 2604
l 2604 2593
l 2593 2605
l 2605 2594
l 2594 2606
l 2606 2595
l 2595 2607
l 2607 2596
l 2596 2608
l 2608 2597
l 2597 2609
l 2609 2598
l 2598 2610
l 2610 2599
l 2599 2611
l 2611 2600
l 2601 2612
l 2612 2613
l 2613 2602
l 2602 2614
l 2614 2603
l 2603 2615
l 2615 2604
l 2604 2616
l 2616 2605
l 2605 2617
l 2617 2606
l 2606 2618
l 2618 2607
l 2607 2619
l 2619 2608
l 2608 2620
l 2620 2609
l 2609 2621
l 2621 2610
l 2610 2622
l 2622 2611
l 2612 2623
l 2623 2624
l 2624 2613
l 2613 2625
l 2625 2614
l 2614 2626
l 2626 2615
l 2615 2627
l 2627 2616
l 2616 2628
l 2628 2617
l 2617 2629
l 2629 2618
l 2618 2630
l 2630 2619
l 2619 2631
l 2631 2620
l 2620 2632
l 2632 2621
l 2621 2633
l 2633 2622
l 2624 2634
l 2634 2625
l 2625 2635
l 2635 2626
l 2626 2636
l 2636 2627
l 2627 2637
l 2637 2628
l 2628 2638
l 2638 2629
l 2629 2639
l 2639 2630
l 2630 2640
l 2640 2631
l 2631 2641
l 2641 2632
l 2632 2642
l 2642 2633
l 2634 2643
l 2643 2635
l 2635 2644
l 2644 2636
l 2636 2645
l 2645 2637
l 2637 2646
l 2646 2638
l 2638 2647
l 2647 2639
l 2639 2648
l 2648 2640
l 2640 2649
l 2649 2641
l 2641 2650
l 2650 2642
l 2643 2651
l 2651 2644
l 2644 2652
l 2652 2645
l 2645 2653
l 2653 2646
l 2646 2654
l 2654 2647
l 2647 2655
l 2655 2648
l 2648 2656
l 2656 2649
l 2649 2657
l 2657 2650
l 2651 2658
l 2658 2652
l 2652 2659
l 2659 2653
l 2653 2660
l 2660 2654
l 2654 2661
l 2661 2655
l 2655 2662
l 2662 2656
l 2656 2663
l 2663 2657
l 2658 2664
l 2664 2659
l 2659 2665
l 2665 2660
l 2660 2666
l 2666 2661
l 2661 2667
l 2667 2662
l 2662 2668
l 2668 2663
l 2669 2670
l 2671 2669
l 2670 2672
l 2673 2670
l 2671 2673
l 2674 2671
l 2672 2675
l 2676 2672
l 2673 2676
l 2677 2673
l 2674 2677
l 2678 2674
l 2675 2664
l 2665 2675
l 2676 2665
l 2666 2676
l 2677 2666
l 2667 2677
l 2678 2667
l 2668 2678
l 1576 2679
l 1579 1576
l 2680 1579
l 1581 2680
l 2681 1581
l 1583 2681
l 1586 1583
l 2682 1586
l 2679 2683
l 2680 2679
l 2684 2680
l 2681 2684
l 2682 2681
l 2685 2682
l 2683 2686
l 2684 2683
l 2685 2684
l 2686 2685


