0.882686,0.072074,-0.041831,467.978013
0.601802,0.061117,-0.028526,467.978013
0.304321,0.087833,-0.014436,467.978013
0.863719,0.096258,-0.035529,467.978013
0.247461,0.096663,-0.003132,467.978013
0.745545,0.026344,-0.035335,467.978013
0.121093,0.028348,-0.005757,467.978013
0.461414,0.035374,-0.021877,467.978013
0.087097,0.029268,-0.004146,467.978013
0.745968,0.075317,-0.035355,467.978013
0.465276,0.097857,-0.010557,467.978013
0.825191,0.064484,-0.039108,467.978013
0.270710,0.062456,-0.012844,467.978013
0.345226,0.018030,-0.016373,467.978013
0.092100,0.062633,-0.004383,467.978013
0.044420,0.084089,-0.002125,467.978013
0.609535,0.016515,-0.028893,467.978013
0.541325,0.025731,-0.025662,467.978013
0.094395,0.099728,-0.000540,467.978013
0.986323,0.039357,-0.046740,467.978013
0.465760,0.088052,-0.022082,467.978013
0.385414,0.083367,-0.018277,467.978013
0.084146,0.029719,-0.004007,467.978013
0.275340,0.025551,-0.013063,467.978013
0.808805,0.048548,-0.038332,467.978013
0.666832,0.095325,-0.021345,467.978013
0.562083,0.099679,-0.015268,467.978013
0.536097,0.054319,-0.025414,467.978013
0.151731,0.061088,-0.007208,467.978013
0.315483,0.065836,-0.014964,467.978013
-0.000000,0.000000,0.000000,467.978013
0.834607,0.064069,-0.039554,467.978013
0.655157,0.030508,-0.031054,467.978013
0.561255,0.067427,-0.026606,467.978013
0.348053,0.019542,-0.016507,467.978013
0.211934,0.015274,-0.010060,467.978013
0.327438,0.052272,-0.015531,467.978013
0.489800,0.060211,-0.023221,467.978013
0.129807,0.005668,-0.000944,467.978013
0.512339,0.021920,-0.024289,467.978013
0.920768,0.020601,-0.043635,467.978013
0.697761,0.099942,-0.023334,467.978013
0.399314,0.068785,-0.018935,467.978013
0.401475,0.041394,-0.019037,467.978013
-0.000000,0.100000,0.000000,467.978013
0.502430,0.004652,-0.012262,467.978013
0.420895,0.097536,-0.008688,467.978013
0.386848,0.002060,-0.007377,467.978013
0.244651,0.078900,-0.011609,467.978013
0.339074,0.086708,-0.016082,467.978013
0.944124,0.060811,-0.044741,467.978013
0.647296,0.068454,-0.030681,467.978013
0.895025,0.002834,-0.038120,467.978013
0.786576,0.055954,-0.037279,467.978013
0.258877,0.000436,-0.003410,467.978013
0.077893,0.061958,-0.003710,467.978013
0.624984,0.099621,-0.018794,467.978013
0.411030,0.046158,-0.019490,467.978013
0.393466,0.013230,-0.018658,467.978013
0.929637,0.098018,-0.041085,467.978013
0.237733,0.059041,-0.011282,467.978013
0.254364,0.001511,-0.003298,467.978013
0.241514,0.099593,-0.002991,467.978013
0.159313,0.051408,-0.007567,467.978013
0.537069,0.000014,-0.013967,467.978013
0.453940,0.085130,-0.021523,467.978013
0.122731,0.070001,-0.005834,467.978013
0.247321,0.048542,-0.011736,467.978013
0.035951,0.025062,-0.001724,467.978013
0.960029,0.041965,-0.045495,467.978013
0.330847,0.055301,-0.015692,467.978013
0.998675,-0.000008,-0.047346,467.978013
0.035790,0.095359,-0.000121,467.978013
0.922546,0.054628,-0.043719,467.978013
0.829639,0.003433,-0.032817,467.978013
0.453981,0.058858,-0.021525,467.978013
0.979709,0.093074,-0.046427,467.978013
0.163328,0.060394,-0.007757,467.978013
0.097919,0.000921,-0.000573,467.978013
0.794804,0.077716,-0.037668,467.978013
0.979104,0.079599,-0.046398,467.978013
0.138265,0.047157,-0.006570,467.978013
0.349785,0.069098,-0.016589,467.978013
0.801035,0.084174,-0.037964,467.978013
0.616416,0.080045,-0.029219,467.978013
0.589830,0.079232,-0.027959,467.978013
0.729290,0.052096,-0.034565,467.978013
0.998180,0.084572,-0.047302,467.978013
0.746467,0.076733,-0.035379,467.978013
0.314231,0.003855,-0.004940,467.978013
0.790251,0.060654,-0.037453,467.978013
0.661989,0.071679,-0.031377,467.978013
0.529468,0.021518,-0.025100,467.978013
0.816526,0.087381,-0.038697,467.978013
0.536426,0.003504,-0.013935,467.978013
0.626474,0.068988,-0.029695,467.978013
0.329616,0.032461,-0.015634,467.978013
0.437943,0.027424,-0.020765,467.978013
0.213526,0.094969,-0.002371,467.978013
0.295242,0.002425,-0.004383,467.978013
0.398168,0.029223,-0.018881,467.978013
0.679375,0.035266,-0.032201,467.978013
0.537810,0.022678,-0.025495,467.978013
0.887067,0.043795,-0.042039,467.978013
0.919180,0.096277,-0.040176,467.978013
0.489684,0.096253,-0.011663,467.978013
0.479813,0.033634,-0.022748,467.978013
0.677934,0.066667,-0.032133,467.978013
0.299613,0.096578,-0.004510,467.978013
0.206078,0.094595,-0.002218,467.978013
0.827696,0.049349,-0.039226,467.978013
0.347766,0.058594,-0.016493,467.978013
0.265891,0.098919,-0.003590,467.978013
0.943061,0.069413,-0.044691,467.978013
0.736217,0.027896,-0.034893,467.978013
0.771110,0.055673,-0.036546,467.978013
0.668101,0.039606,-0.031667,467.978013
0.957222,0.025651,-0.045362,467.978013
0.303293,0.094851,-0.004617,467.978013
0.531514,0.051628,-0.025197,467.978013
0.498196,0.078759,-0.023619,467.978013
-0.000000,0.000000,0.000000,467.978013
0.295120,0.030516,-0.014000,467.978013
0.969170,0.015774,-0.045928,467.978013
0.941476,0.039834,-0.044616,467.978013
0.534199,0.002597,-0.013822,467.978013
0.712160,0.094479,-0.024290,467.978013
0.470644,0.034536,-0.022314,467.978013
0.089521,0.030756,-0.004261,467.978013
0.199870,0.044311,-0.009488,467.978013
0.769981,0.001789,-0.028327,467.978013
0.468806,0.041893,-0.022227,467.978013
0.597970,0.015943,-0.028345,467.978013
0.228349,0.096742,-0.002690,467.978013
0.378447,0.030191,-0.017947,467.978013
0.186665,0.000865,-0.001841,467.978013
0.314329,0.088083,-0.014910,467.978013
0.291076,0.042728,-0.013808,467.978013
0.016391,0.079528,-0.000797,467.978013
0.756775,0.036479,-0.035867,467.978013
0.621637,0.048005,-0.029466,467.978013
0.453164,0.002043,-0.010028,467.978013
0.570815,0.012556,-0.027059,467.978013
0.060253,0.039027,-0.002875,467.978013
0.241968,0.004784,-0.003000,467.978013
0.292286,0.050611,-0.013866,467.978013
0.569131,0.065326,-0.026979,467.978013
0.798029,0.098188,-0.030395,467.978013
0.531326,0.032655,-0.025188,467.978013
0.362437,0.002171,-0.006503,467.978013
0.998675,0.100008,-0.047346,467.978013
0.444538,0.019957,-0.021077,467.978013
0.704673,0.072467,-0.033399,467.978013
0.142100,0.078697,-0.006752,467.978013
0.661184,0.048868,-0.031339,467.978013
0.556626,0.026118,-0.026387,467.978013
0.868406,0.099749,-0.035910,467.978013
0.717996,0.069549,-0.034030,467.978013
0.900744,0.080766,-0.042686,467.978013
0.934101,0.003790,-0.041479,467.978013
0.235495,0.000889,-0.002850,467.978013
0.806461,0.038426,-0.038221,467.978013
0.034486,0.073716,-0.001654,467.978013
0.658546,0.036600,-0.031214,467.978013
0.046972,0.082457,-0.002246,467.978013
0.693512,0.077846,-0.032870,467.978013
0.493724,0.027550,-0.023407,467.978013
0.840240,0.043583,-0.039821,467.978013
0.342896,0.005544,-0.005843,467.978013
0.276369,0.003123,-0.003863,467.978013
-0.000000,0.100000,0.000000,467.978013
0.861314,0.055310,-0.040819,467.978013
0.792576,0.096152,-0.029987,467.978013
0.489701,0.085690,-0.023216,467.978013
0.101173,0.039864,-0.004813,467.978013
0.160667,0.068148,-0.007631,467.978013
0.444700,0.086386,-0.021085,467.978013
0.471155,0.072402,-0.022338,467.978013
0.836590,0.001307,-0.033362,467.978013
0.902692,0.000690,-0.038768,467.978013
0.848422,0.028676,-0.040208,467.978013
0.924639,0.043191,-0.043818,467.978013
0.296337,0.035374,-0.014057,467.978013
0.062800,0.001849,-0.000272,467.978013
0.045494,0.060766,-0.002176,467.978013
0.199377,0.001619,-0.002082,467.978013
0.711122,0.004788,-0.024222,467.978013
0.719295,0.097605,-0.024771,467.978013
0.116192,0.050306,-0.005524,467.978013
0.027503,0.046581,-0.001324,467.978013
0.998675,-0.000008,-0.047346,467.978013
0.042158,0.001590,-0.000148,467.978013
0.079490,0.082262,-0.003786,467.978013
0.269602,0.082758,-0.012791,467.978013
0.527115,0.036490,-0.024989,467.978013
0.443112,0.066289,-0.021010,467.978013
0.129954,0.018476,-0.006176,467.978013
0.760893,0.095725,-0.027670,467.978013
0.769348,0.019514,-0.036463,467.978013
0.453280,0.069046,-0.021491,467.978013
-0.000000,0.100000,0.000000,467.978013
0.079761,0.000458,-0.000403,467.978013
0.998066,0.025135,-0.047296,467.978013
0.322018,0.085043,-0.015274,467.978013
0.951517,0.097119,-0.043019,467.978013
0.710517,0.038666,-0.033676,467.978013
0.852687,0.031638,-0.040410,467.978013
0.294334,0.001244,-0.004358,467.978013
0.918541,0.022371,-0.043529,467.978013
0.933533,0.076240,-0.044240,467.978013
0.214258,0.016112,-0.010170,467.978013
0.181055,0.059638,-0.008597,467.978013
0.518004,0.034931,-0.024557,467.978013
0.942323,0.049917,-0.044656,467.978013
0.358493,0.004408,-0.006367,467.978013
0.022072,0.024536,-0.001066,467.978013
0.384021,0.099295,-0.007274,467.978013
0.359121,0.000839,-0.006389,467.978013
0.242107,0.079715,-0.011489,467.978013
0.984167,0.048746,-0.046638,467.978013
0.452684,0.094985,-0.010008,467.978013
0.876812,0.097705,-0.036600,467.978013
0.815796,0.048123,-0.038663,467.978013
0.601267,0.051670,-0.028501,467.978013
0.608683,0.045126,-0.028852,467.978013
0.715986,0.039840,-0.033935,467.978013
0.300294,0.012621,-0.014245,467.978013
0.051049,0.050332,-0.002439,467.978013
0.524794,0.040603,-0.024879,467.978013
0.522163,0.027047,-0.024754,467.978013
0.381150,0.097858,-0.007169,467.978013
0.744801,0.094526,-0.026530,467.978013
0.143418,0.048829,-0.006814,467.978013
0.065868,0.085329,-0.003141,467.978013
0.080131,0.016758,-0.003816,467.978013
0.361036,0.005195,-0.006455,467.978013
0.641932,0.021694,-0.030427,467.978013
0.157933,0.032065,-0.007502,467.978013
0.336760,0.001600,-0.005644,467.978013
0.115186,0.022196,-0.005477,467.978013
0.411649,0.014123,-0.019519,467.978013
0.452326,0.019127,-0.021446,467.978013
0.201429,0.074018,-0.009562,467.978013
0.526810,0.018807,-0.024974,467.978013
0.195194,0.014791,-0.009267,467.978013
0.634443,0.016410,-0.030073,467.978013
0.910467,0.097117,-0.039427,467.978013
0.792239,0.099488,-0.029962,467.978013
0.129375,0.063781,-0.006149,467.978013
0.711949,0.065846,-0.033744,467.978013
0.547140,0.035099,-0.025937,467.978013
0.117612,0.001790,-0.000791,467.978013
0.046399,0.016397,-0.002219,467.978013
0.419427,0.012231,-0.019888,467.978013
0.895961,0.072389,-0.042460,467.978013
0.281408,0.026736,-0.013350,467.978013
0.494694,0.078832,-0.023453,467.978013
0.140275,0.002818,-0.001087,467.978013
0.808416,0.095401,-0.031180,467.978013
0.468798,0.074144,-0.022226,467.978013
0.760596,0.020310,-0.036048,467.978013
0.013050,0.019081,-0.000639,467.978013
0.443688,0.024971,-0.021037,467.978013
0.288661,0.078050,-0.013694,467.978013
0.320686,0.071065,-0.015211,467.978013
0.803449,0.024480,-0.038078,467.978013
0.308703,0.075623,-0.014643,467.978013
0.445279,0.051528,-0.021112,467.978013
0.759112,0.083084,-0.035978,467.978013
0.549007,0.040807,-0.026026,467.978013
0.158893,0.074334,-0.007547,467.978013
0.703108,0.051656,-0.033325,467.978013
0.769161,0.062722,-0.036454,467.978013
0.741581,0.013217,-0.035147,467.978013
0.555819,0.030883,-0.026348,467.978013
-0.000001,0.061841,-0.000001,467.978013
0.178617,0.003139,-0.001696,467.978013
0.283186,0.021438,-0.013435,467.978013
0.866989,0.062213,-0.041088,467.978013
0.176518,0.082741,-0.008382,467.978013
0.793803,0.028685,-0.037621,467.978013
0.024539,0.042721,-0.001183,467.978013
0.997092,0.064576,-0.047250,467.978013
0.177963,0.046559,-0.008450,467.978013
0.155737,0.055432,-0.007398,467.978013
0.998675,-0.000008,-0.047346,467.978013
0.688603,0.061652,-0.032638,467.978013
0.890806,0.099050,-0.037763,467.978013
0.071851,0.074821,-0.003424,467.978013
0.713127,0.004630,-0.024357,467.978013
0.472078,0.078419,-0.022382,467.978013
0.407866,0.078660,-0.019340,467.978013
0.953741,0.055110,-0.045197,467.978013
0.284788,0.087585,-0.013510,467.978013
0.606755,0.035850,-0.028761,467.978013
0.745397,0.038393,-0.035328,467.978013
0.346027,0.074848,-0.016411,467.978013
0.614946,0.040457,-0.029149,467.978013
0.649534,0.044450,-0.030787,467.978013
0.227472,0.073174,-0.010795,467.978013
0.784254,0.027334,-0.037169,467.978013
0.988025,0.096211,-0.046351,467.978013
0.514715,0.038860,-0.024401,467.978013
0.074807,0.016737,-0.003564,467.978013
0.601011,0.022008,-0.028489,467.978013
0.569430,0.049103,-0.026993,467.978013
0.789572,0.094806,-0.029763,467.978013
0.192669,0.068300,-0.009147,467.978013
0.720281,0.001967,-0.024840,467.978013
0.330626,0.016174,-0.015682,467.978013
0.632506,0.027504,-0.029981,467.978013
0.199976,0.082443,-0.009493,467.978013
0.228292,0.064997,-0.010834,467.978013
0.228231,0.024240,-0.010831,467.978013
0.963617,0.037777,-0.045665,467.978013
0.342281,0.003896,-0.005823,467.978013
0.867097,0.017310,-0.041093,467.978013
0.630091,0.063273,-0.029866,467.978013
0.901279,0.061823,-0.042712,467.978013
0.752276,0.056349,-0.035654,467.978013
0.284055,0.022136,-0.013476,467.978013
0.462217,0.077286,-0.021915,467.978013
0.791840,0.022740,-0.037528,467.978013
0.658661,0.097462,-0.020834,467.978013
0.849933,0.097970,-0.034418,467.978013
0.943268,0.081338,-0.044701,467.978013
0.990166,0.027079,-0.046922,467.978013
0.651155,0.076550,-0.030864,467.978013
0.068326,0.062957,-0.003257,467.978013
0.792765,0.063313,-0.037572,467.978013
0.433557,0.053795,-0.020557,467.978013
0.837648,0.083105,-0.039698,467.978013
0.758401,0.061020,-0.035944,467.978013
0.909937,0.060365,-0.043122,467.978013
0.309748,0.032847,-0.014693,467.978013
0.905297,0.025592,-0.042902,467.978013
0.045285,0.003330,-0.000164,467.978013
0.406909,0.098580,-0.008137,467.978013
0.073966,0.003534,-0.000355,467.978013
0.988575,0.007560,-0.046847,467.978013
0.256768,0.097832,-0.003360,467.978013
0.278881,0.001804,-0.003930,467.978013
0.255840,0.036791,-0.012139,467.978013
0.898871,0.071094,-0.042598,467.978013
0.605545,0.039417,-0.028704,467.978013
0.447009,0.083003,-0.021194,467.978013
0.517274,0.098613,-0.012979,467.978013
0.599967,0.041097,-0.028439,467.978013
0.908672,0.065936,-0.043062,467.978013
0.694412,0.035448,-0.032913,467.978013
0.935693,0.094748,-0.041616,467.978013
0.698181,0.099416,-0.023361,467.978013
0.186844,0.017971,-0.008871,467.978013
0.761635,0.043983,-0.036097,467.978013
0.252655,0.030632,-0.011988,467.978013
0.896156,0.076174,-0.042469,467.978013
0.356873,0.053449,-0.016925,467.978013
0.509252,0.095260,-0.012589,467.978013
0.760268,0.045763,-0.036032,467.978013
0.542724,0.095401,-0.014256,467.978013
0.014912,0.080771,-0.000727,467.978013
0.180075,0.063167,-0.008550,467.978013
0.928600,0.071129,-0.044006,467.978013
0.731232,0.020968,-0.034657,467.978013
0.772817,0.036309,-0.036627,467.978013
0.848021,0.060458,-0.040189,467.978013
0.865267,0.096290,-0.035654,467.978013
0.874315,0.095004,-0.036394,467.978013
0.770129,0.039607,-0.036500,467.978013
-0.000000,0.100000,0.000000,467.978013
0.418636,0.002357,-0.008597,467.978013
0.519362,0.003274,-0.013082,467.978013
0.086526,0.047755,-0.004119,467.978013
0.277997,0.011875,-0.013189,467.978013
0.438699,0.013204,-0.020801,467.978013
0.061476,0.037523,-0.002933,467.978013
0.593862,0.001847,-0.017004,467.978013
0.956182,0.066453,-0.045312,467.978013
0.038384,0.036348,-0.001839,467.978013
0.186641,0.074891,-0.008861,467.978013
0.178317,0.024326,-0.008467,467.978013
0.173554,0.031801,-0.008242,467.978013
0.721798,0.035502,-0.034210,467.978013
0.104763,0.003042,-0.000644,467.978013
0.359329,0.052192,-0.017041,467.978013
0.250679,0.077793,-0.011895,467.978013
0.452962,0.019546,-0.021476,467.978013
0.552223,0.094323,-0.014748,467.978013
0.440449,0.032362,-0.020884,467.978013
0.004502,0.021442,-0.000234,467.978013
0.596566,0.052807,-0.028278,467.978013
0.606301,0.063571,-0.028739,467.978013
0.960852,0.025629,-0.045534,467.978013
0.595650,0.048236,-0.028235,467.978013
0.747731,0.076598,-0.035439,467.978013
0.816631,0.048806,-0.038702,467.978013
0.359226,0.041155,-0.017036,467.978013
0.103652,0.034912,-0.004930,467.978013
0.982227,0.020924,-0.046546,467.978013
0.842520,0.088110,-0.039928,467.978013
0.928475,0.047017,-0.044000,467.978013
0.093758,0.055792,-0.004462,467.978013
0.263838,0.068525,-0.012518,467.978013
0.340104,0.095852,-0.005753,467.978013
0.899991,0.023088,-0.042651,467.978013
0.092816,0.040526,-0.004417,467.978013
0.383847,0.056775,-0.018203,467.978013
0.032710,0.095042,-0.000108,467.978013
0.066287,0.036503,-0.003161,467.978013
0.616530,0.070787,-0.029224,467.978013
0.714918,0.045767,-0.033884,467.978013
0.960299,0.069133,-0.045507,467.978013
0.703623,0.063493,-0.033349,467.978013
0.102701,0.035910,-0.004885,467.978013
0.142426,0.078509,-0.006767,467.978013
0.637373,0.059546,-0.030211,467.978013
0.367462,0.078859,-0.017426,467.978013
0.557068,0.099223,-0.015002,467.978013
0.698446,0.074256,-0.033104,467.978013
0.190404,0.027644,-0.009040,467.978013
0.618972,0.073855,-0.029340,467.978013
0.068081,0.076418,-0.003246,467.978013
0.084263,0.099736,-0.000445,467.978013
0.077386,0.005397,-0.000383,467.978013
0.296042,0.039110,-0.014043,467.978013
0.803222,0.088389,-0.038067,467.978013
0.079138,0.030205,-0.003769,467.978013
0.971170,0.045347,-0.046022,467.978013
0.544697,0.021046,-0.025821,467.978013
0.229468,0.024615,-0.010890,467.978013
0.109947,0.001249,-0.000702,467.978013
0.790507,0.032633,-0.037465,467.978013
0.323430,0.035234,-0.015341,467.978013
0.006498,0.081173,-0.000329,467.978013
0.814784,0.043688,-0.038615,467.978013
0.850161,0.031841,-0.040290,467.978013
0.200754,0.002846,-0.002109,467.978013
0.543573,0.040269,-0.025768,467.978013
0.410598,0.095199,-0.008280,467.978013
0.084314,0.069172,-0.004014,467.978013
0.270975,0.033910,-0.012856,467.978013
0.000974,0.026655,-0.000067,467.978013
0.180772,0.032304,-0.008583,467.978013
0.593379,0.005135,-0.016977,467.978013
0.653356,0.086730,-0.030968,467.978013
0.771785,0.082939,-0.036578,467.978013
0.906520,0.021567,-0.042960,467.978013
0.270386,0.063584,-0.012828,467.978013
0.267806,0.088392,-0.012706,467.978013
0.448971,0.097694,-0.009849,467.978013
0.660484,0.017541,-0.031306,467.978013
0.445949,0.061371,-0.021144,467.978013
0.117803,0.095482,-0.000796,467.978013
0.373392,0.033185,-0.017707,467.978013
0.200854,0.018041,-0.009535,467.978013
0.819114,0.047975,-0.038820,467.978013
0.234096,0.056298,-0.011109,467.978013
0.517301,0.098067,-0.012980,467.978013
0.412237,0.003021,-0.008344,467.978013
0.794713,0.071093,-0.037664,467.978013
0.815855,0.097973,-0.031748,467.978013
0.472683,0.099355,-0.010887,467.978013
0.355708,0.018794,-0.016870,467.978013
0.716898,0.035626,-0.033978,467.978013
0.332172,0.097448,-0.005498,467.978013
0.771168,0.028408,-0.036549,467.978013
0.701067,0.015754,-0.033228,467.978013
0.808435,0.081560,-0.038314,467.978013
0.805193,0.061266,-0.038160,467.978013
0.876241,0.024396,-0.041526,467.978013
0.402298,0.066501,-0.019077,467.978013
0.939714,0.016725,-0.044532,467.978013
0.965322,0.076512,-0.045745,467.978013
0.737441,0.054349,-0.034951,467.978013
0.155762,0.076100,-0.007399,467.978013
0.093285,0.095588,-0.000529,467.978013
0.887413,0.048379,-0.042055,467.978013
0.857148,0.097401,-0.034997,467.978013
0.295302,0.073422,-0.014008,467.978013
0.498770,0.053908,-0.023646,467.978013
0.401505,0.059454,-0.019039,467.978013
0.512775,0.000906,-0.012760,467.978013
0.053085,0.099070,-0.000212,467.978013
0.161116,0.054576,-0.007652,467.978013
0.020959,0.080144,-0.001014,467.978013
0.199187,0.035256,-0.009456,467.978013
0.160314,0.068287,-0.007614,467.978013
0.138902,0.001594,-0.001068,467.978013
0.877504,0.011631,-0.041586,467.978013
0.616830,0.096081,-0.018317,467.978013
0.506965,0.047598,-0.024034,467.978013
0.860236,0.048863,-0.040768,467.978013
0.048446,0.004728,-0.000181,467.978013
0.769385,0.030966,-0.036464,467.978013
0.427264,0.073965,-0.020259,467.978013
0.135589,0.096104,-0.001025,467.978013
0.599116,0.018704,-0.028399,467.978013
0.282262,0.002247,-0.004022,467.978013
0.629694,0.065241,-0.029848,467.978013
0.901515,0.020819,-0.042723,467.978013
0.560072,0.050687,-0.026550,467.978013
0.632371,0.000305,-0.019234,467.978013
0.692965,0.065094,-0.032845,467.978013
0.777747,0.097527,-0.028891,467.978013
0.887977,0.042470,-0.042082,467.978013
0.372393,0.022011,-0.017660,467.978013
0.187542,0.028086,-0.008904,467.978013
0.073540,0.095128,-0.000355,467.978013
0.362995,0.016060,-0.017215,467.978013
0.161494,0.047021,-0.007670,467.978013
0.955570,0.029281,-0.045283,467.978013
0.327710,0.098597,-0.005357,467.978013
0.992429,0.042549,-0.047029,467.978013
0.720838,0.056198,-0.034165,467.978013
0.861487,0.047671,-0.040827,467.978013
0.854991,0.053397,-0.040519,467.978013
0.024531,0.087437,-0.001183,467.978013
0.366943,0.055660,-0.017402,467.978013
0.805686,0.003715,-0.030975,467.978013
0.559561,0.061732,-0.026526,467.978013
0.031127,0.029714,-0.001495,467.978013
0.679509,0.069199,-0.032207,467.978013
0.004479,0.038441,-0.000233,467.978013
0.285977,0.047906,-0.013567,467.978013
0.245338,0.066752,-0.011642,467.978013
0.372508,0.046024,-0.017665,467.978013
0.580284,0.042879,-0.027507,467.978013
0.068333,0.024587,-0.003258,467.978013
0.589770,0.029543,-0.027956,467.978013
0.223947,0.066654,-0.010629,467.978013
0.878448,0.051613,-0.041630,467.978013
0.701567,0.085879,-0.033252,467.978013
0.849332,0.002696,-0.034372,467.978013
0.455835,0.050114,-0.021612,467.978013
0.021861,0.084417,-0.001056,467.978013
0.715908,0.063333,-0.033931,467.978013
0.591895,0.095611,-0.016893,467.978013
0.943995,0.048266,-0.044735,467.978013
0.625803,0.034055,-0.029663,467.978013
0.297312,0.014958,-0.014104,467.978013
0.674782,0.081591,-0.031983,467.978013
0.411221,0.084601,-0.019499,467.978013
0.333432,0.053382,-0.015814,467.978013
0.044606,0.098218,-0.000164,467.978013
0.655222,0.029866,-0.031057,467.978013
0.212819,0.074630,-0.010101,467.978013
0.912562,0.096689,-0.039607,467.978013
0.516583,0.088203,-0.024490,467.978013
0.547253,0.042057,-0.025943,467.978013
0.934411,0.078288,-0.044281,467.978013
0.139522,0.087506,-0.006630,467.978013
0.120024,0.036997,-0.005706,467.978013
0.979683,0.057951,-0.046426,467.978013
0.625077,0.059925,-0.029629,467.978013
0.137885,0.047606,-0.006552,467.978013
0.528684,0.001087,-0.013544,467.978013
0.082920,0.037739,-0.003948,467.978013
0.954484,0.056080,-0.045232,467.978013
0.334594,0.063963,-0.015870,467.978013
0.914750,0.016765,-0.043350,467.978013
0.618250,0.080391,-0.029305,467.978013
0.728249,0.056405,-0.034516,467.978013
0.906193,0.095701,-0.039062,467.978013
0.151966,0.087600,-0.007219,467.978013
0.226065,0.080441,-0.010729,467.978013
0.708020,0.018178,-0.033558,467.978013
0.101547,0.052096,-0.004831,467.978013
0.857000,0.048531,-0.040614,467.978013
0.252362,0.041050,-0.011974,467.978013
0.351982,0.087458,-0.016693,467.978013
0.220656,0.032034,-0.010473,467.978013
0.707815,0.098175,-0.024000,467.978013
0.205937,0.075235,-0.009775,467.978013
0.134901,0.053672,-0.006411,467.978013
0.233182,0.063984,-0.011066,467.978013
0.253006,0.012793,-0.012005,467.978013
0.331336,0.094619,-0.005471,467.978013
0.803612,0.099856,-0.030815,467.978013
0.260846,0.014368,-0.012376,467.978013
0.994650,0.024776,-0.047134,467.978013
0.867610,0.069474,-0.041117,467.978013
0.509708,0.078661,-0.024164,467.978013
0.609328,0.083246,-0.028883,467.978013
0.700706,0.064037,-0.033211,467.978013
0.035308,0.063050,-0.001693,467.978013
0.684617,0.098735,-0.022477,467.978013
0.027915,0.031036,-0.001343,467.978013
-0.000000,0.100000,0.000000,467.978013
0.761317,0.013189,-0.036082,467.978013
0.775650,0.084458,-0.036761,467.978013
0.412191,0.001941,-0.008342,467.978013
0.164201,0.099185,-0.001454,467.978013
0.379396,0.016936,-0.017992,467.978013
0.107441,0.078199,-0.005110,467.978013
0.872861,0.018246,-0.041366,467.978013
0.796553,0.098269,-0.030284,467.978013
0.177468,0.047209,-0.008427,467.978013
0.440035,0.094297,-0.009471,467.978013
0.699078,0.097889,-0.023420,467.978013
0.813309,0.043310,-0.038545,467.978013
0.121055,0.058293,-0.005755,467.978013
0.763140,0.099788,-0.027832,467.978013
0.865546,0.058163,-0.041019,467.978013
0.188931,0.002237,-0.001883,467.978013
0.276687,0.036089,-0.013127,467.978013
0.039879,0.082481,-0.001910,467.978013
0.224361,0.022303,-0.010648,467.978013
0.998675,-0.000008,-0.047346,467.978013
0.369056,0.088491,-0.017502,467.978013
0.551602,0.066235,-0.026149,467.978013
0.827225,0.061847,-0.039204,467.978013
0.817052,0.003687,-0.031842,467.978013
0.301644,0.057180,-0.014309,467.978013
0.545492,0.071567,-0.025859,467.978013
0.904869,0.042776,-0.042882,467.978013
0.979215,0.022055,-0.046403,467.978013
0.272392,0.096017,-0.003759,467.978013
0.008108,0.063894,-0.000405,467.978013
0.509020,0.063792,-0.024132,467.978013
0.359694,0.060525,-0.017058,467.978013
0.743684,0.097623,-0.026452,467.978013
0.503378,0.052878,-0.023864,467.978013
0.520694,0.099308,-0.013147,467.978013
0.984512,0.079562,-0.046654,467.978013
0.016896,0.025644,-0.000821,467.978013
0.740607,0.082354,-0.035101,467.978013
0.955297,0.013171,-0.045270,467.978013
0.185861,0.095608,-0.001829,467.978013
0.747463,0.083866,-0.035426,467.978013
0.872184,0.005389,-0.036222,467.978013
0.020516,0.056590,-0.000993,467.978013
0.348976,0.025667,-0.016551,467.978013
0.529221,0.055976,-0.025088,467.978013
0.715651,0.004809,-0.024527,467.978013
0.050483,0.098612,-0.000197,467.978013
0.769507,0.029968,-0.036470,467.978013
0.545009,0.014562,-0.025836,467.978013
0.718093,0.070286,-0.034035,467.978013
0.365759,0.003085,-0.006619,467.978013
0.236198,0.094457,-0.002868,467.978013
-0.000000,0.000000,0.000000,467.978013
0.850790,0.000476,-0.034489,467.978013
0.376095,0.044407,-0.017835,467.978013
0.753532,0.013645,-0.035713,467.978013
0.874581,0.016346,-0.041447,467.978013
0.508174,0.065842,-0.024092,467.978013
0.104965,0.053348,-0.004993,467.978013
0.233268,0.022493,-0.011070,467.978013
0.088349,0.050438,-0.004206,467.978013
0.404773,0.047362,-0.019194,467.978013
0.650193,0.056952,-0.030819,467.978013
0.082458,0.077119,-0.003927,467.978013
0.612936,0.069275,-0.029054,467.978013
0.329509,0.027388,-0.015629,467.978013
0.492498,0.041961,-0.023349,467.978013
0.302803,0.052548,-0.014364,467.978013
0.532922,0.023115,-0.025264,467.978013
0.819883,0.026830,-0.038856,467.978013
0.682405,0.060849,-0.032344,467.978013
0.174242,0.056983,-0.008274,467.978013
0.091656,0.076135,-0.004362,467.978013
0.878696,0.053186,-0.041642,467.978013
0.950859,0.033413,-0.045060,467.978013
0.981642,0.093839,-0.046518,467.978013
0.124016,0.004221,-0.000870,467.978013
0.675890,0.001834,-0.021919,467.978013
0.412532,0.046436,-0.019561,467.978013
0.388249,0.002596,-0.007428,467.978013
0.388600,0.026781,-0.018428,467.978013
0.555316,0.004974,-0.014911,467.978013
0.547499,0.039307,-0.025954,467.978013
0.196837,0.052470,-0.009344,467.978013
0.339264,0.026063,-0.016091,467.978013
0.838421,0.017042,-0.039734,467.978013
0.778853,0.028558,-0.036913,467.978013
0.149485,0.081484,-0.007101,467.978013
0.260567,0.044535,-0.012363,467.978013
0.286435,0.060777,-0.013588,467.978013
0.944736,0.049794,-0.044770,467.978013
0.187830,0.082871,-0.008918,467.978013
0.292172,0.067134,-0.013860,467.978013
0.190701,0.055355,-0.009054,467.978013
0.972947,0.012443,-0.046106,467.978013
0.953245,0.025542,-0.045173,467.978013
0.288405,0.056006,-0.013682,467.978013
0.656486,0.001070,-0.020700,467.978013
0.173139,0.099473,-0.001603,467.978013
0.485861,0.033835,-0.023035,467.978013
0.099132,0.005431,-0.000585,467.978013
0.935670,0.058353,-0.044341,467.978013
0.355468,0.042552,-0.016858,467.978013
0.403673,0.001297,-0.008011,467.978013
0.224330,0.071663,-0.010647,467.978013
0.260798,0.016663,-0.012374,467.978013
0.751775,0.076793,-0.035630,467.978013
0.640512,0.002910,-0.019723,467.978013
0.929095,0.022611,-0.044029,467.978013
0.369992,0.045171,-0.017546,467.978013
0.814480,0.066778,-0.038600,467.978013
0.143163,0.067096,-0.006802,467.978013
0.969525,0.073461,-0.045944,467.978013
0.779407,0.063592,-0.036939,467.978013
0.705151,0.097634,-0.023822,467.978013
0.899716,0.050668,-0.042638,467.978013
0.960447,0.062788,-0.045514,467.978013
0.321437,0.077000,-0.015246,467.978013
0.675089,0.076155,-0.031998,467.978013
0.995669,0.014705,-0.047183,467.978013
0.767889,0.020092,-0.036393,467.978013
0.142909,0.003476,-0.001125,467.978013
0.214835,0.073815,-0.010197,467.978013
0.007375,0.088426,-0.000370,467.978013
0.771785,0.067562,-0.036578,467.978013
0.778563,0.063696,-0.036899,467.978013
0.202839,0.098690,-0.002153,467.978013
0.340815,0.040236,-0.016164,467.978013
0.424946,0.021635,-0.020149,467.978013
0.760029,0.058176,-0.036021,467.978013
0.834097,0.099127,-0.033164,467.978013
0.628401,0.058058,-0.029786,467.978013
0.449763,0.083794,-0.021325,467.978013
0.707023,0.097090,-0.023947,467.978013
0.688937,0.030859,-0.032654,467.978013
0.785354,0.031235,-0.037221,467.978013
0.208401,0.082597,-0.009892,467.978013
0.602206,0.015710,-0.028546,467.978013
0.611653,0.014555,-0.028993,467.978013
0.667316,0.034931,-0.031630,467.978013
0.079220,0.066035,-0.003773,467.978013
0.337940,0.043378,-0.016028,467.978013
0.262650,0.079752,-0.012462,467.978013
0.108407,0.063923,-0.005156,467.978013
0.945253,0.044147,-0.044795,467.978013
0.802057,0.043035,-0.038012,467.978013
0.828489,0.078870,-0.039264,467.978013
0.066640,0.027137,-0.003177,467.978013
0.970392,0.092432,-0.045985,467.978013
0.080359,0.014120,-0.003827,467.978013
0.741780,0.047328,-0.035157,467.978013
0.841756,0.037233,-0.039892,467.978013
0.181301,0.022749,-0.008608,467.978013
0.305867,0.070669,-0.014509,467.978013
0.566320,0.002699,-0.015494,467.978013
0.360618,0.062417,-0.017102,467.978013
0.478597,0.065770,-0.022691,467.978013
0.156129,0.045871,-0.007416,467.978013
0.979582,0.044497,-0.046421,467.978013
0.936511,0.013088,-0.044381,467.978013
0.756363,0.003911,-0.027349,467.978013
0.960938,0.097983,-0.043866,467.978013
0.427656,0.002079,-0.008960,467.978013
0.880342,0.027685,-0.041720,467.978013
0.476077,0.074620,-0.022571,467.978013
0.749969,0.072948,-0.035545,467.978013
0.654201,0.002684,-0.020559,467.978013
0.006030,0.074457,-0.000306,467.978013
0.101284,0.074383,-0.004818,467.978013
0.149912,0.043095,-0.007122,467.978013
0.051179,0.050805,-0.002445,467.978013
0.455606,0.096055,-0.010134,467.978013
0.766701,0.027977,-0.036337,467.978013
0.189038,0.035413,-0.008975,467.978013
0.498680,0.024930,-0.023642,467.978013
0.983280,0.096619,-0.045916,467.978013
0.081629,0.050489,-0.003887,467.978013
0.325842,0.096134,-0.005298,467.978013
0.340069,0.005047,-0.005751,467.978013
0.284323,0.077040,-0.013488,467.978013
0.851738,0.024236,-0.040365,467.978013
0.385138,0.054108,-0.018264,467.978013
0.980658,0.072822,-0.046472,467.978013
0.225875,0.071607,-0.010720,467.978013
-0.000000,0.000000,0.000000,467.978013
0.811286,0.072610,-0.038449,467.978013
0.906501,0.069124,-0.042959,467.978013
0.589578,0.015981,-0.027947,467.978013
0.185635,0.071945,-0.008814,467.978013
0.463408,0.002960,-0.010474,467.978013
0.088215,0.081348,-0.004199,467.978013
0.122373,0.077003,-0.005817,467.978013
0.030013,0.016275,-0.001442,467.978013
0.074047,0.063940,-0.003528,467.978013
0.137543,0.048115,-0.006536,467.978013
0.265092,0.002208,-0.003568,467.978013
0.518459,0.062450,-0.024579,467.978013
0.001475,0.074030,-0.000091,467.978013
0.064024,0.099243,-0.000284,467.978013
0.751547,0.096377,-0.027005,467.978013
0.540481,0.086481,-0.025622,467.978013
0.747421,0.054167,-0.035424,467.978013
0.289552,0.054642,-0.013736,467.978013
0.879269,0.057001,-0.041669,467.978013
0.517028,0.080659,-0.024511,467.978013
0.759863,0.085678,-0.036013,467.978013
0.909270,0.020060,-0.043090,467.978013
0.137788,0.063705,-0.006547,467.978013
0.354458,0.099174,-0.006231,467.978013
0.692937,0.024005,-0.032843,467.978013
0.796304,0.033056,-0.037739,467.978013
0.927046,0.038205,-0.043932,467.978013
0.025739,0.049107,-0.001240,467.978013
0.515553,0.099402,-0.012895,467.978013
0.017573,0.044205,-0.000853,467.978013
0.526593,0.063849,-0.024964,467.978013
0.707539,0.030192,-0.033535,467.978013
0.729921,0.001471,-0.025498,467.978013
0.600668,0.021631,-0.028473,467.978013
0.406441,0.002802,-0.008118,467.978013
0.965653,0.083285,-0.045761,467.978013
0.069688,0.018549,-0.003322,467.978013
0.835116,0.042600,-0.039578,467.978013
0.729163,0.032531,-0.034559,467.978013
0.131029,0.058402,-0.006227,467.978013
0.876824,0.082093,-0.041553,467.978013
0.409729,0.047768,-0.019428,467.978013
0.677160,0.001146,-0.022000,467.978013
0.730724,0.073218,-0.034633,467.978013
0.325656,0.034706,-0.015446,467.978013
0.181365,0.040776,-0.008612,467.978013
0.640432,0.043895,-0.030356,467.978013
0.702411,0.049559,-0.033292,467.978013
0.449331,0.075787,-0.021304,467.978013
0.613959,0.086735,-0.029102,467.978013
0.231228,0.015330,-0.010973,467.978013
0.498472,0.040458,-0.023632,467.978013
0.304870,0.086054,-0.014462,467.978013
0.137584,0.017824,-0.006538,467.978013
0.861732,0.081331,-0.040839,467.978013
0.516860,0.004805,-0.012959,467.978013
0.510183,0.045388,-0.024187,467.978013
0.119920,0.084951,-0.005701,467.978013
0.686002,0.028690,-0.032515,467.978013
0.077129,0.063690,-0.003674,467.978013
0.692131,0.057191,-0.032805,467.978013
0.588513,0.049931,-0.027897,467.978013
0.603654,0.062019,-0.028614,467.978013
0.641268,0.098900,-0.019767,467.978013
0.576936,0.050717,-0.027349,467.978013
0.493491,0.087074,-0.023396,467.978013
0.232302,0.048300,-0.011024,467.978013
0.816205,0.059500,-0.038682,467.978013
0.919594,0.004757,-0.040215,467.978013
0.848810,0.019796,-0.040226,467.978013
0.060792,0.063707,-0.002900,467.978013
0.455354,0.050254,-0.021590,467.978013
0.671969,0.031936,-0.031850,467.978013
0.559158,0.057293,-0.026506,467.978013
0.359448,0.071501,-0.017047,467.978013
0.302329,0.031161,-0.014341,467.978013
0.688331,0.076512,-0.032625,467.978013
0.744286,0.004484,-0.026496,467.978013
0.432071,0.078299,-0.020487,467.978013
0.294036,0.044284,-0.013948,467.978013
0.321743,0.088190,-0.015261,467.978013
0.087133,0.004155,-0.000468,467.978013
0.156917,0.029922,-0.007453,467.978013
0.192734,0.072733,-0.009150,467.978013
0.478018,0.085241,-0.022663,467.978013
0.076387,0.045084,-0.003639,467.978013
0.190461,0.043620,-0.009042,467.978013
0.002841,0.043567,-0.000155,467.978013
0.779995,0.037086,-0.036967,467.978013
0.575654,0.040506,-0.027288,467.978013
0.824488,0.051694,-0.039074,467.978013
0.954079,0.015226,-0.045213,467.978013
0.686106,0.086746,-0.032520,467.978013
0.375960,0.070433,-0.017829,467.978013
0.063977,0.043705,-0.003051,467.978013
0.655031,0.067601,-0.031048,467.978013
0.108566,0.056653,-0.005163,467.978013
0.554231,0.013702,-0.026273,467.978013
0.055945,0.000832,-0.000226,467.978013
-0.000000,0.100000,0.000000,467.978013
0.667640,0.020616,-0.031645,467.978013
0.183680,0.095588,-0.001789,467.978013
0.251233,0.054689,-0.011921,467.978013
0.120772,0.060347,-0.005741,467.978013
0.269577,0.099029,-0.003686,467.978013
0.180819,0.083330,-0.008586,467.978013
0.402252,0.001046,-0.007956,467.978013
0.834872,0.041386,-0.039566,467.978013
0.837186,0.099166,-0.033406,467.978013
0.834610,0.052244,-0.039554,467.978013
0.511433,0.076655,-0.024246,467.978013
0.954570,0.082189,-0.045236,467.978013
0.808178,0.013726,-0.038302,467.978013
0.112179,0.035025,-0.005334,467.978013
0.608667,0.017619,-0.028852,467.978013
0.971310,0.071877,-0.046029,467.978013
0.508981,0.041995,-0.024130,467.978013
0.038216,0.036573,-0.001831,467.978013
0.253566,0.040428,-0.012032,467.978013
0.111420,0.035187,-0.005298,467.978013
0.158962,0.095706,-0.001369,467.978013
0.476691,0.044880,-0.022600,467.978013
0.182940,0.095934,-0.001776,467.978013
0.423475,0.031012,-0.020080,467.978013
0.109084,0.081533,-0.005188,467.978013
-0.000000,0.000000,0.000000,467.978013
0.763821,0.069401,-0.036201,467.978013
0.568481,0.062657,-0.026948,467.978013
0.079260,0.003209,-0.000399,467.978013
0.206521,0.095383,-0.002227,467.978013
0.294938,0.074486,-0.013991,467.978013
0.540802,0.025096,-0.025637,467.978013
0.820782,0.054720,-0.038899,467.978013
0.895851,0.022511,-0.042455,467.978013
0.125915,0.000474,-0.000894,467.978013
0.951025,0.004298,-0.042979,467.978013
0.524717,0.002211,-0.013347,467.978013
0.440354,0.079939,-0.020879,467.978013
0.756927,0.029371,-0.035874,467.978013
0.441042,0.016758,-0.020912,467.978013
0.881281,0.049665,-0.041765,467.978013
0.160103,0.024492,-0.007604,467.978013
0.155706,0.096087,-0.001318,467.978013
0.307804,0.040186,-0.014601,467.978013
0.825399,0.048202,-0.039118,467.978013
0.383360,0.096369,-0.007249,467.978013
0.805912,0.023639,-0.038194,467.978013
0.543157,0.053503,-0.025749,467.978013
0.854889,0.096412,-0.034815,467.978013
0.261469,0.026228,-0.012406,467.978013
0.618282,0.094440,-0.018401,467.978013
0.312592,0.041015,-0.014827,467.978013
0.294062,0.063046,-0.013950,467.978013
0.929606,0.075799,-0.044054,467.978013
0.829806,0.099880,-0.032828,467.978013
0.230252,0.052308,-0.010927,467.978013
0.866480,0.096079,-0.035753,467.978013
0.879291,0.042882,-0.041670,467.978013
0.391007,0.005085,-0.007531,467.978013
0.305897,0.095231,-0.004693,467.978013
0.428662,0.003022,-0.009001,467.978013
0.581590,0.005537,-0.016323,467.978013
0.217315,0.088458,-0.010314,467.978013
0.081214,0.071031,-0.003868,467.978013
0.499116,0.026883,-0.023662,467.978013
0.927718,0.062294,-0.043964,467.978013
0.410373,0.015440,-0.019459,467.978013
0.495684,0.022271,-0.023500,467.978013
0.588425,0.085689,-0.027893,467.978013
0.315527,0.017295,-0.014966,467.978013
0.259679,0.070325,-0.012321,467.978013
0.761349,0.059090,-0.036084,467.978013
0.066950,0.077144,-0.003192,467.978013
0.998675,-0.000008,-0.047346,467.978013
0.407908,0.064559,-0.019342,467.978013
0.208148,0.081395,-0.009880,467.978013
0.450831,0.063243,-0.021375,467.978013
0.824701,0.002360,-0.032433,467.978013
0.316113,0.002365,-0.004997,467.978013
0.566199,0.062059,-0.026840,467.978013
0.288865,0.013917,-0.013703,467.978013
0.626449,0.096943,-0.018881,467.978013
0.226239,0.088269,-0.010737,467.978013
0.315117,0.068325,-0.014947,467.978013
0.705537,0.080754,-0.033440,467.978013
0.072843,0.096602,-0.000349,467.978013
0.445118,0.098490,-0.009685,467.978013
0.924332,0.054643,-0.043804,467.978013
0.927397,0.004783,-0.040893,467.978013
0.936042,0.086274,-0.044358,467.978013
0.225402,0.095460,-0.002625,467.978013
0.774454,0.002537,-0.028652,467.978013
0.060688,0.098822,-0.000261,467.978013
0.004775,0.083246,-0.000247,467.978013
0.760264,0.013353,-0.036032,467.978013
0.301115,0.023741,-0.014284,467.978013
0.230061,0.099760,-0.002728,467.978013
0.841185,0.081376,-0.039865,467.978013
0.059171,0.003635,-0.000247,467.978013
0.058391,0.004760,-0.000242,467.978013
0.548111,0.056520,-0.025983,467.978013
0.093580,0.031863,-0.004453,467.978013
0.012791,0.086005,-0.000627,467.978013
0.998351,0.028679,-0.047310,467.978013
0.613621,0.003584,-0.018131,467.978013
0.898946,0.061570,-0.042601,467.978013
0.447955,0.054630,-0.021239,467.978013
0.734932,0.012306,-0.034832,467.978013
0.074206,0.066442,-0.003536,467.978013
0.225465,0.039122,-0.010700,467.978013
0.088884,0.042587,-0.004231,467.978013
0.743215,0.099146,-0.026419,467.978013
0.745114,0.002636,-0.026554,467.978013
0.069534,0.072432,-0.003314,467.978013
0.360046,0.074425,-0.017075,467.978013
0.420795,0.049543,-0.019953,467.978013
0.958338,0.046643,-0.045414,467.978013
0.383050,0.032313,-0.018165,467.978013
0.166721,0.069556,-0.007918,467.978013
0.251908,0.068552,-0.011953,467.978013
0.424819,0.042418,-0.020143,467.978013
0.279071,0.073604,-0.013240,467.978013
0.666357,0.024249,-0.031584,467.978013
0.628770,0.033301,-0.029804,467.978013
0.941918,0.027341,-0.044637,467.978013
0.183608,0.001561,-0.001785,467.978013
0.304466,0.035451,-0.014442,467.978013
0.744899,0.062054,-0.035305,467.978013
0.981169,0.094103,-0.046496,467.978013
-0.000000,0.000000,0.000000,467.978013
0.171269,0.098945,-0.001571,467.978013
0.966941,0.013174,-0.045822,467.978013
0.187861,0.000475,-0.001863,467.978013
0.708604,0.072914,-0.033585,467.978013
0.148482,0.001667,-0.001206,467.978013
0.029872,0.005316,-0.000093,467.978013
0.626180,0.046478,-0.029681,467.978013
0.819521,0.054332,-0.038839,467.978013
0.605259,0.015309,-0.028690,467.978013
0.875133,0.052471,-0.041473,467.978013
0.543413,0.072078,-0.025761,467.978013
0.084194,0.057783,-0.004009,467.978013
0.057178,0.098203,-0.000237,467.978013
0.699126,0.024160,-0.033136,467.978013
0.117665,0.043856,-0.005594,467.978013
0.256433,0.003871,-0.003349,467.978013
0.845502,0.079819,-0.040070,467.978013
0.083371,0.097571,-0.000437,467.978013
0.659316,0.018989,-0.031251,467.978013
0.718428,0.034588,-0.034051,467.978013
0.450359,0.002915,-0.009908,467.978013
0.325683,0.023014,-0.015447,467.978013
0.889072,0.003658,-0.037621,467.978013
0.778631,0.028633,-0.036902,467.978013
0.221376,0.003454,-0.002535,467.978013
0.808406,0.028277,-0.038313,467.978013
0.637613,0.079754,-0.030223,467.978013
0.060472,0.087728,-0.002885,467.978013
0.114916,0.070841,-0.005464,467.978013
0.531656,0.004157,-0.013694,467.978013
0.708162,0.074145,-0.033564,467.978013
0.998675,0.100008,-0.047346,467.978013
0.635260,0.096794,-0.019406,467.978013
0.389259,0.029376,-0.018459,467.978013
0.491027,0.088430,-0.023279,467.978013
0.085909,0.017120,-0.004090,467.978013
0.087417,0.045580,-0.004161,467.978013
0.103339,0.059782,-0.004916,467.978013
0.550441,0.003142,-0.014656,467.978013
0.146945,0.058002,-0.006981,467.978013
0.520186,0.032198,-0.024660,467.978013
0.085807,0.044489,-0.004085,467.978013
0.905561,0.087494,-0.042915,467.978013
0.420530,0.038953,-0.019940,467.978013
0.509959,0.064468,-0.024176,467.978013
0.620768,0.095972,-0.018547,467.978013
0.385062,0.032679,-0.018260,467.978013
0.922176,0.050572,-0.043702,467.978013
0.250783,0.099706,-0.003212,467.978013
0.735581,0.001443,-0.025889,467.978013
0.241207,0.048996,-0.011446,467.978013
0.036924,0.033426,-0.001770,467.978013
0.412003,0.076540,-0.019536,467.978013
0.005721,0.051030,-0.000292,467.978013
0.723617,0.002414,-0.025067,467.978013
0.223835,0.075884,-0.010623,467.978013
0.354056,0.080162,-0.016791,467.978013
0.673804,0.062409,-0.031937,467.978013
0.101835,0.029136,-0.004844,467.978013
0.583205,0.039440,-0.027646,467.978013
0.117727,0.061890,-0.005597,467.978013
0.641721,0.095344,-0.019795,467.978013
0.792529,0.021575,-0.037561,467.978013
0.340852,0.099422,-0.005778,467.978013
0.730846,0.095458,-0.025560,467.978013
-0.000000,0.000000,0.000000,467.978013
0.461527,0.053427,-0.021882,467.978013
0.612837,0.078385,-0.029049,467.978013
0.354761,0.098459,-0.006241,467.978013
0.423326,0.097974,-0.008785,467.978013
0.090715,0.064333,-0.004318,467.978013
0.591882,0.015909,-0.028057,467.978013
0.853422,0.044208,-0.040445,467.978013
0.343590,0.030145,-0.016296,467.978013
0.638392,0.052392,-0.030260,467.978013
0.671347,0.097322,-0.021629,467.978013
0.036888,0.003204,-0.000123,467.978013
0.543653,0.062698,-0.025772,467.978013
0.214778,0.098996,-0.002397,467.978013
0.345720,0.097032,-0.005938,467.978013
0.916735,0.057994,-0.043444,467.978013
0.461284,0.077017,-0.021870,467.978013
0.183366,0.066747,-0.008706,467.978013
0.228637,0.062134,-0.010851,467.978013
0.333617,0.040668,-0.015823,467.978013
0.564251,0.058968,-0.026748,467.978013
0.319118,0.062735,-0.015137,467.978013
0.474468,0.057627,-0.022495,467.978013
0.407716,0.047586,-0.019333,467.978013
0.363015,0.068134,-0.017216,467.978013
0.851218,0.013489,-0.040340,467.978013
0.952373,0.018854,-0.045132,467.978013
0.245744,0.094698,-0.003091,467.978013
0.236782,0.023653,-0.011236,467.978013
0.053863,0.014561,-0.002572,467.978013
0.951761,0.022625,-0.045103,467.978013
0.160008,0.084193,-0.007600,467.978013
0.133281,0.003306,-0.000991,467.978013
0.586486,0.098308,-0.016592,467.978013
0.259587,0.073167,-0.012317,467.978013
0.192576,0.050936,-0.009143,467.978013
0.822449,0.047978,-0.038978,467.978013
0.091545,0.054235,-0.004357,467.978013
0.764630,0.017958,-0.036239,467.978013
0.524455,0.070411,-0.024863,467.978013
0.431292,0.097964,-0.009109,467.978013
0.460379,0.012412,-0.021828,467.978013
0.918589,0.060489,-0.043532,467.978013
0.681640,0.084924,-0.032308,467.978013
0.908319,0.075170,-0.043045,467.978013
0.078980,0.064872,-0.003762,467.978013
0.864250,0.041572,-0.040958,467.978013
0.313179,0.081948,-0.014855,467.978013
0.484848,0.045680,-0.022987,467.978013
0.074707,0.023659,-0.003559,467.978013
0.357402,0.013072,-0.016950,467.978013
0.856324,0.003696,-0.034933,467.978013
0.617682,0.043407,-0.029279,467.978013
0.547415,0.096444,-0.014498,467.978013
0.372795,0.080546,-0.017679,467.978013
0.350269,0.082743,-0.016612,467.978013
0.504076,0.098134,-0.012341,467.978013
0.491697,0.051678,-0.023311,467.978013
0.509813,0.022600,-0.024169,467.978013
0.187267,0.078331,-0.008891,467.978013
0.069688,0.003706,-0.000322,467.978013
0.401198,0.085757,-0.019024,467.978013
0.909013,0.020737,-0.043078,467.978013
0.076062,0.068004,-0.003624,467.978013
0.020505,0.047472,-0.000992,467.978013
0.700434,0.082709,-0.033198,467.978013
0.389454,0.072379,-0.018468,467.978013
0.259651,0.055671,-0.012320,467.978013
0.493244,0.005680,-0.011829,467.978013
0.917754,0.095654,-0.040053,467.978013
0.884745,0.060772,-0.041929,467.978013
0.998675,0.100008,-0.047346,467.978013
0.644823,0.028277,-0.030564,467.978013
0.214584,0.042556,-0.010185,467.978013
0.366850,0.017401,-0.017397,467.978013
0.558062,0.063658,-0.026455,467.978013
0.523514,0.028933,-0.024818,467.978013
0.036457,0.075650,-0.001748,467.978013
0.900817,0.028943,-0.042690,467.978013
0.802183,0.032219,-0.038018,467.978013
0.944952,0.078450,-0.044780,467.978013
0.172449,0.028175,-0.008189,467.978013
0.900613,0.038064,-0.042680,467.978013
0.504637,0.097284,-0.012367,467.978013
0.998675,-0.000008,-0.047346,467.978013
0.495597,0.015513,-0.023496,467.978013
0.021363,0.069163,-0.001033,467.978013
0.607349,0.034968,-0.028789,467.978013
0.705617,0.000651,-0.023855,467.978013
0.620217,0.023227,-0.029399,467.978013
0.905725,0.023193,-0.042922,467.978013
0.174686,0.027194,-0.008295,467.978013
0.856086,0.001828,-0.034914,467.978013
0.442233,0.050122,-0.020968,467.978013
0.722647,0.023569,-0.034250,467.978013
0.311698,0.087814,-0.014785,467.978013
0.297987,0.063677,-0.014136,467.978013
0.299458,0.085773,-0.014205,467.978013
0.171606,0.042604,-0.008149,467.978013
0.635101,0.000074,-0.019397,467.978013
0.578640,0.075599,-0.027429,467.978013
0.957662,0.081472,-0.045382,467.978013
0.148480,0.004778,-0.001206,467.978013
0.069395,0.049422,-0.003308,467.978013
0.581828,0.046729,-0.027580,467.978013
0.527805,0.032841,-0.025021,467.978013
0.597660,0.027570,-0.028330,467.978013
0.244756,0.077799,-0.011614,467.978013
0.283825,0.046892,-0.013465,467.978013
0.017892,0.063204,-0.000868,467.978013
0.251447,0.081753,-0.011931,467.978013
0.982642,0.051176,-0.046566,467.978013
0.190383,0.045524,-0.009039,467.978013
0.274337,0.070487,-0.013015,467.978013
0.234675,0.040536,-0.011137,467.978013
0.615688,0.031546,-0.029184,467.978013
0.829659,0.014691,-0.039319,467.978013
0.688533,0.048948,-0.032635,467.978013
0.118395,0.045978,-0.005629,467.978013
0.410422,0.002198,-0.008273,467.978013
0.508063,0.043162,-0.024086,467.978013
0.913913,0.061787,-0.043310,467.978013
0.608993,0.098515,-0.017863,467.978013
0.890413,0.036496,-0.042197,467.978013
0.954529,0.011741,-0.045234,467.978013
0.784522,0.094348,-0.029389,467.978013
0.588944,0.016902,-0.027917,467.978013
0.107876,0.027067,-0.005131,467.978013
0.423638,0.056080,-0.020087,467.978013
0.011012,0.087376,-0.000542,467.978013
0.038987,0.098457,-0.000136,467.978013
0.538782,0.071481,-0.025541,467.978013
0.154913,0.040583,-0.007359,467.978013
0.091425,0.016831,-0.004351,467.978013
0.928420,0.049108,-0.043997,467.978013
0.185931,0.088110,-0.008828,467.978013
0.260443,0.029837,-0.012357,467.978013
0.252738,0.058045,-0.011992,467.978013
0.747454,0.097056,-0.026716,467.978013
0.603150,0.073455,-0.028590,467.978013
0.768883,0.003588,-0.028248,467.978013
0.948697,0.033331,-0.044958,467.978013
0.159558,0.054150,-0.007579,467.978013
0.271613,0.096060,-0.003739,467.978013
0.378887,0.056975,-0.017968,467.978013
0.373363,0.045673,-0.017706,467.978013
0.002769,0.058014,-0.000152,467.978013
0.269058,0.086249,-0.012765,467.978013
0.642835,0.016085,-0.030470,467.978013
0.147388,0.087804,-0.007002,467.978013
0.148702,0.043128,-0.007064,467.978013
0.038273,0.083580,-0.001834,467.978013
0.842124,0.030784,-0.039910,467.978013
0.593684,0.050650,-0.028142,467.978013
0.181288,0.016342,-0.008608,467.978013
0.424642,0.014532,-0.020135,467.978013
0.122196,0.067555,-0.005809,467.978013
0.695042,0.057487,-0.032943,467.978013
0.585217,0.052440,-0.027741,467.978013
0.006521,0.031806,-0.000330,467.978013
0.775578,0.047872,-0.036758,467.978013
0.060804,0.026825,-0.002901,467.978013
0.856438,0.099856,-0.034940,467.978013
0.658643,0.059709,-0.031219,467.978013
0.394948,0.056550,-0.018728,467.978013
0.382303,0.049346,-0.018129,467.978013
0.946589,0.012394,-0.044858,467.978013
0.864138,0.029909,-0.040952,467.978013
0.115936,0.023376,-0.005512,467.978013
0.043507,0.030710,-0.002082,467.978013
0.574856,0.096965,-0.015954,467.978013
0.451678,0.079671,-0.021415,467.978013
0.433698,0.097562,-0.009208,467.978013
0.534113,0.075213,-0.025320,467.978013
0.876443,0.002250,-0.036572,467.978013
0.084925,0.049671,-0.004043,467.978013
0.271795,0.018743,-0.012895,467.978013
0.938052,0.039831,-0.044454,467.978013
0.894513,0.015012,-0.042391,467.978013
0.153843,0.000882,-0.001287,467.978013
0.295591,0.036040,-0.014022,467.978013
0.099335,0.048523,-0.004726,467.978013
0.745560,0.049798,-0.035336,467.978013
0.157507,0.023296,-0.007481,467.978013
0.066590,0.076493,-0.003175,467.978013
0.998675,0.100008,-0.047346,467.978013
0.456755,0.039207,-0.021656,467.978013
0.939361,0.033733,-0.044516,467.978013
0.512715,0.068215,-0.024307,467.978013
0.144323,0.063135,-0.006857,467.978013
0.071648,0.087742,-0.003415,467.978013
0.648670,0.067536,-0.030746,467.978013
0.350225,0.014770,-0.016610,467.978013
0.001693,0.066993,-0.000101,467.978013
0.725445,0.004941,-0.025192,467.978013
0.552762,0.039393,-0.026204,467.978013
0.607155,0.027573,-0.028780,467.978013
0.987154,0.083909,-0.046779,467.978013
0.058954,0.054302,-0.002813,467.978013
0.054243,0.013778,-0.002590,467.978013
0.199986,0.044254,-0.009494,467.978013
0.029739,0.054846,-0.001429,467.978013
0.212038,0.026024,-0.010064,467.978013
0.635736,0.041417,-0.030134,467.978013
0.830667,0.068462,-0.039367,467.978013
0.162484,0.085106,-0.007717,467.978013
0.566120,0.096482,-0.015483,467.978013
0.662741,0.041259,-0.031413,467.978013
0.252699,0.096735,-0.003259,467.978013
0.796290,0.085025,-0.037739,467.978013
0.993176,0.082727,-0.047065,467.978013
0.335726,0.027136,-0.015923,467.978013
0.069781,0.085079,-0.003326,467.978013
0.447047,0.027889,-0.021196,467.978013
0.984049,0.096055,-0.046632,467.978013
0.003526,0.047069,-0.000188,467.978013
0.378372,0.072403,-0.017943,467.978013
0.031635,0.021447,-0.001519,467.978013
0.509199,0.057234,-0.024140,467.978013
0.438571,0.046267,-0.020795,467.978013
0.580768,0.067419,-0.027530,467.978013
0.638682,0.051778,-0.030273,467.978013
0.016472,0.025769,-0.000801,467.978013
0.044713,0.065586,-0.002139,467.978013
0.396746,0.012045,-0.018814,467.978013
0.660300,0.096124,-0.020936,467.978013
0.398400,0.004910,-0.007809,467.978013
0.045820,0.060725,-0.002191,467.978013
0.434752,0.053159,-0.020614,467.978013
0.709372,0.021058,-0.033622,467.978013
0.228908,0.070685,-0.010863,467.978013
0.711557,0.039314,-0.033725,467.978013
0.051335,0.084148,-0.002452,467.978013
0.257901,0.036525,-0.012237,467.978013
0.906662,0.052909,-0.042967,467.978013
0.250699,0.031447,-0.011896,467.978013
0.138306,0.099153,-0.001062,467.978013
0.609698,0.045572,-0.028900,467.978013
0.151421,0.095424,-0.001253,467.978013
0.383866,0.045597,-0.018203,467.978013
0.019590,0.069654,-0.000949,467.978013
0.671122,0.034300,-0.031810,467.978013
0.191566,0.086557,-0.009095,467.978013
0.887279,0.035473,-0.042049,467.978013
0.857243,0.059004,-0.040626,467.978013
0.266919,0.048902,-0.012664,467.978013
0.928243,0.049373,-0.043989,467.978013
0.021629,0.072206,-0.001045,467.978013
0.770035,0.029170,-0.036495,467.978013
0.258835,0.081344,-0.012281,467.978013
0.221402,0.072079,-0.010508,467.978013
0.890582,0.040691,-0.042205,467.978013
0.497596,0.036460,-0.023590,467.978013
0.964357,0.040581,-0.045700,467.978013
0.462120,0.098604,-0.010418,467.978013
0.353946,0.005037,-0.006212,467.978013
0.190500,0.003070,-0.001912,467.978013
0.931759,0.016947,-0.044155,467.978013
0.092236,0.014009,-0.004390,467.978013
0.337276,0.034026,-0.015997,467.978013
0.776340,0.047252,-0.036794,467.978013
0.007162,0.044422,-0.000360,467.978013
0.264742,0.038350,-0.012561,467.978013
0.448035,0.096351,-0.009809,467.978013
0.887722,0.042159,-0.042070,467.978013
0.177673,0.069330,-0.008437,467.978013
0.877266,0.084180,-0.041574,467.978013
0.387599,0.078367,-0.018380,467.978013
0.396292,0.047477,-0.018792,467.978013
0.229228,0.098304,-0.002710,467.978013
0.544751,0.024703,-0.025824,467.978013
0.450031,0.027051,-0.021337,467.978013
0.033129,0.033790,-0.001590,467.978013
0.746923,0.079064,-0.035400,467.978013
0.870912,0.001808,-0.036118,467.978013
0.975478,0.002504,-0.046226,467.978013
0.067840,0.017641,-0.003234,467.978013
0.334046,0.073919,-0.015844,467.978013
0.168599,0.069165,-0.008007,467.978013
0.219241,0.028175,-0.010406,467.978013
0.089077,0.081243,-0.004240,467.978013
0.990198,0.027519,-0.046924,467.978013
0.298672,0.046965,-0.014168,467.978013
0.265779,0.052095,-0.012610,467.978013
0.838019,0.062004,-0.039715,467.978013
0.527373,0.022903,-0.025001,467.978013
0.467617,0.042413,-0.022170,467.978013
0.988582,0.014095,-0.046847,467.978013
0.554842,0.079789,-0.026302,467.978013
0.528787,0.003947,-0.013550,467.978013
0.858677,0.036688,-0.040694,467.978013
0.174242,0.053647,-0.008274,467.978013
0.371279,0.026345,-0.017607,467.978013
0.414336,0.021502,-0.019647,467.978013
0.280458,0.052959,-0.013305,467.978013
0.108826,0.039727,-0.005176,467.978013
0.250775,0.088237,-0.011899,467.978013
0.381768,0.077341,-0.018104,467.978013
0.718520,0.046910,-0.034055,467.978013
0.308619,0.075231,-0.014639,467.978013
0.167805,0.012392,-0.007969,467.978013
0.633200,0.031738,-0.030014,467.978013
0.863893,0.011877,-0.040941,467.978013
0.605045,0.081753,-0.028680,467.978013
0.338642,0.063407,-0.016061,467.978013
0.567134,0.094571,-0.015537,467.978013
0.825137,0.048724,-0.039105,467.978013
0.680638,0.018034,-0.032261,467.978013
0.942581,0.014165,-0.044668,467.978013
0.507826,0.038225,-0.024075,467.978013
0.752732,0.017676,-0.035676,467.978013
0.840260,0.083703,-0.039821,467.978013
0.549168,0.078983,-0.026033,467.978013
0.275557,0.055694,-0.013073,467.978013
0.264207,0.001705,-0.003545,467.978013
0.147337,0.077620,-0.007000,467.978013
0.509749,0.097389,-0.012613,467.978013
0.632963,0.045558,-0.030002,467.978013
0.360577,0.012013,-0.017100,467.978013
0.655708,0.026001,-0.031080,467.978013
0.865456,0.051262,-0.041015,467.978013
0.776385,0.096564,-0.028791,467.978013
0.847855,0.077015,-0.040181,467.978013
0.265224,0.076536,-0.012584,467.978013
0.907406,0.049091,-0.043002,467.978013
0.463408,0.079385,-0.021971,467.978013
0.126336,0.024689,-0.006005,467.978013
0.568338,0.003015,-0.015602,467.978013
0.224137,0.058199,-0.010638,467.978013
0.726225,0.015779,-0.034420,467.978013
0.034237,0.056052,-0.001643,467.978013
0.466606,0.057005,-0.022123,467.978013
0.620696,0.063177,-0.029421,467.978013
0.677565,0.029774,-0.032115,467.978013
0.831988,0.097627,-0.032998,467.978013
0.661187,0.036258,-0.031339,467.978013
0.139115,0.003636,-0.001071,467.978013
0.512657,0.024424,-0.024304,467.978013
0.660754,0.005076,-0.020965,467.978013
0.481662,0.035727,-0.022836,467.978013
0.418083,0.044853,-0.019824,467.978013
0.330413,0.043534,-0.015672,467.978013
0.982485,0.096632,-0.045844,467.978013
0.553473,0.058748,-0.026237,467.978013
0.643185,0.074218,-0.030487,467.978013
0.075103,0.064479,-0.003578,467.978013
0.998675,-0.000008,-0.047346,467.978013
0.599767,0.083418,-0.028430,467.978013
0.224626,0.074750,-0.010661,467.978013
0.155719,0.012946,-0.007397,467.978013
0.289001,0.081684,-0.013710,467.978013
0.420107,0.052188,-0.019920,467.978013
0.548659,0.012736,-0.026009,467.978013
0.277900,0.054068,-0.013184,467.978013
0.252362,0.095890,-0.003251,467.978013
0.932294,0.081987,-0.044181,467.978013
0.688812,0.022442,-0.032648,467.978013
0.416895,0.050107,-0.019768,467.978013
0.454559,0.067646,-0.021552,467.978013
0.296187,0.030728,-0.014050,467.978013
0.337299,0.039502,-0.015998,467.978013
0.465294,0.036155,-0.022060,467.978013
0.186013,0.017894,-0.008832,467.978013
0.489171,0.035867,-0.023191,467.978013
0.520520,0.018821,-0.024676,467.978013
0.636353,0.028275,-0.030163,467.978013
0.137258,0.058436,-0.006522,467.978013
0.929434,0.049330,-0.044045,467.978013
0.709213,0.046882,-0.033614,467.978013
0.638474,0.041206,-0.030263,467.978013
0.480567,0.099763,-0.011243,467.978013
0.423647,0.023501,-0.020088,467.978013
0.617675,0.021398,-0.029278,467.978013
0.173736,0.082748,-0.008250,467.978013
0.337512,0.066582,-0.016008,467.978013
0.254592,0.001518,-0.003304,467.978013
0.882186,0.052432,-0.041807,467.978013
0.274480,0.060002,-0.013022,467.978013
0.698919,0.015115,-0.033127,467.978013
0.495746,0.073089,-0.023503,467.978013
0.914776,0.059262,-0.043351,467.978013
0.341931,0.097806,-0.005813,467.978013
0.129215,0.052606,-0.006141,467.978013
0.228342,0.003925,-0.002688,467.978013
0.668288,0.025374,-0.031676,467.978013
0.956636,0.073732,-0.045334,467.978013
0.834773,0.045403,-0.039562,467.978013
-0.000000,0.100000,0.000000,467.978013
0.215724,0.064497,-0.010239,467.978013
0.851936,0.017823,-0.040375,467.978013
0.248996,0.071039,-0.011815,467.978013
0.188496,0.063237,-0.008949,467.978013
0.974925,0.006982,-0.046200,467.978013
0.270014,0.095343,-0.003697,467.978013
0.890585,0.067348,-0.042205,467.978013
0.418991,0.099771,-0.008612,467.978013
0.333815,0.040522,-0.015833,467.978013
0.611362,0.043636,-0.028979,467.978013
0.192125,0.056771,-0.009121,467.978013
0.962960,0.032957,-0.045633,467.978013
0.180527,0.046177,-0.008572,467.978013
0.860893,0.030471,-0.040799,467.978013
0.681556,0.025300,-0.032304,467.978013
0.187850,0.044648,-0.008919,467.978013
0.998675,0.100008,-0.047346,467.978013
0.809393,0.043257,-0.038359,467.978013
0.653464,0.094723,-0.020512,467.978013
0.398189,0.012287,-0.018882,467.978013
0.934961,0.060674,-0.044307,467.978013
0.667115,0.069892,-0.031620,467.978013
0.194185,0.078191,-0.009219,467.978013
0.320802,0.034531,-0.015216,467.978013
0.021860,0.084526,-0.001056,467.978013
0.162572,0.001302,-0.001425,467.978013
0.859169,0.059454,-0.040717,467.978013
0.651036,0.028520,-0.030858,467.978013
0.497747,0.016320,-0.023598,467.978013
0.016953,0.051571,-0.000824,467.978013
0.501227,0.097861,-0.012205,467.978013
0.888088,0.059680,-0.042087,467.978013
0.405087,0.063386,-0.019209,467.978013
0.652581,0.085382,-0.030932,467.978013
0.837507,0.064499,-0.039691,467.978013
0.035945,0.027712,-0.001723,467.978013
0.858066,0.074915,-0.040665,467.978013
0.828855,0.066715,-0.039281,467.978013
0.649928,0.014262,-0.030806,467.978013
0.806862,0.069976,-0.038239,467.978013
0.853324,0.041712,-0.040440,467.978013
0.104980,0.032988,-0.004993,467.978013
0.631578,0.028031,-0.029937,467.978013
0.941085,0.060395,-0.044597,467.978013
0.328961,0.061781,-0.015603,467.978013
0.297439,0.027172,-0.014110,467.978013
-0.000000,0.000000,0.000000,467.978013
0.283845,0.028960,-0.013466,467.978013
0.749179,0.043742,-0.035507,467.978013
0.940539,0.039691,-0.044571,467.978013
0.118264,0.020749,-0.005623,467.978013
0.069992,0.052657,-0.003336,467.978013
0.493162,0.059582,-0.023380,467.978013
0.265185,0.015594,-0.012582,467.978013
0.722090,0.037056,-0.034224,467.978013
0.297431,0.087382,-0.014109,467.978013
0.959012,0.052894,-0.045446,467.978013
0.748517,0.000490,-0.026793,467.978013
0.627100,0.030060,-0.029725,467.978013
0.613689,0.053886,-0.029089,467.978013
-0.000000,0.100000,0.000000,467.978013
0.634524,0.035271,-0.030076,467.978013
0.676553,0.058564,-0.032067,467.978013
0.288414,0.005065,-0.004191,467.978013
0.919965,0.083360,-0.043597,467.978013
0.565174,0.027137,-0.026791,467.978013
0.399143,0.077455,-0.018927,467.978013
0.187493,0.003601,-0.001856,467.978013
0.021472,0.064606,-0.001038,467.978013
0.426898,0.016031,-0.020242,467.978013
0.147051,0.019603,-0.006986,467.978013
0.708463,0.062740,-0.033579,467.978013
0.642113,0.069361,-0.030436,467.978013
0.092486,0.052511,-0.004402,467.978013
0.277852,0.095268,-0.003904,467.978013
0.532294,0.064166,-0.025234,467.978013
0.427815,0.022773,-0.020285,467.978013
0.529134,0.069053,-0.025084,467.978013
0.656603,0.023168,-0.031122,467.978013
0.676455,0.000707,-0.021955,467.978013
0.064878,0.068340,-0.003094,467.978013
0.200960,0.004270,-0.002113,467.978013
0.275851,0.046493,-0.013087,467.978013
0.128563,0.040494,-0.006110,467.978013
0.827440,0.097983,-0.032643,467.978013
0.551002,0.002368,-0.014685,467.978013
0.137160,0.036124,-0.006518,467.978013
0.151407,0.031287,-0.007193,467.978013
0.269009,0.082837,-0.012763,467.978013
0.065348,0.004677,-0.000290,467.978013
0.957303,0.099029,-0.043538,467.978013
0.605362,0.049877,-0.028695,467.978013
0.463873,0.000888,-0.010495,467.978013
0.860781,0.063095,-0.040793,467.978013
0.556985,0.033916,-0.026404,467.978013
0.759909,0.060105,-0.036015,467.978013
0.258213,0.046506,-0.012252,467.978013
0.251792,0.014290,-0.011947,467.978013
0.282089,0.098187,-0.004019,467.978013
0.690042,0.080134,-0.032706,467.978013
0.753592,0.036248,-0.035716,467.978013
0.059763,0.004337,-0.000251,467.978013
0.445876,0.070095,-0.021141,467.978013
0.605134,0.087573,-0.028684,467.978013
0.088943,0.048668,-0.004234,467.978013
0.482953,0.005628,-0.011352,467.978013
0.606990,0.051432,-0.028772,467.978013
0.337659,0.035926,-0.016015,467.978013
0.937679,0.069326,-0.044436,467.978013
0.176334,0.043145,-0.008373,467.978013
0.660698,0.080336,-0.031316,467.978013
0.200559,0.100000,-0.002108,467.978013
0.929827,0.039737,-0.044064,467.978013
0.374524,0.000353,-0.006929,467.978013
0.877455,0.085840,-0.041583,467.978013
0.538617,0.068008,-0.025534,467.978013
0.000299,0.029162,-0.000035,467.978013
0.340930,0.068021,-0.016170,467.978013
0.141225,0.094889,-0.001103,467.978013
0.188163,0.013581,-0.008934,467.978013
0.115623,0.000623,-0.000768,467.978013
0.139729,0.000809,-0.001080,467.978013
0.026231,0.047775,-0.001263,467.978013
0.753093,0.016894,-0.035693,467.978013
0.910517,0.063765,-0.043149,467.978013
0.343515,0.094574,-0.005865,467.978013
0.741714,0.072431,-0.035154,467.978013
0.810170,0.097157,-0.031313,467.978013
0.749133,0.048258,-0.035505,467.978013
0.036386,0.000184,-0.000121,467.978013
0.264646,0.014118,-0.012556,467.978013
0.632856,0.094920,-0.019262,467.978013
0.867740,0.098902,-0.035856,467.978013
0.693128,0.004131,-0.023032,467.978013
0.925198,0.004840,-0.040701,467.978013
0.036464,0.060596,-0.001748,467.978013
0.245426,0.053359,-0.011646,467.978013
0.010961,0.030274,-0.000540,467.978013
0.340595,0.055975,-0.016154,467.978013
0.747851,0.031967,-0.035444,467.978013
0.919902,0.095314,-0.040239,467.978013
0.498872,0.042714,-0.023651,467.978013
0.136606,0.097708,-0.001039,467.978013
0.449824,0.099450,-0.009885,467.978013
0.785734,0.082465,-0.037239,467.978013
0.867093,0.096567,-0.035803,467.978013
0.992392,0.071901,-0.047028,467.978013
0.050005,0.097720,-0.000194,467.978013
0.643497,0.083724,-0.030501,467.978013
0.712080,0.060540,-0.033750,467.978013
0.701397,0.014345,-0.033244,467.978013
0.531570,0.003152,-0.013689,467.978013
0.475568,0.005333,-0.011016,467.978013
0.087824,0.031557,-0.004181,467.978013
0.539136,0.057586,-0.025558,467.978013
0.857583,0.041189,-0.040642,467.978013
0.136084,0.000806,-0.001029,467.978013
0.976259,0.072661,-0.046263,467.978013
0.438163,0.035933,-0.020775,467.978013
0.153724,0.069834,-0.007302,467.978013
0.918084,0.079518,-0.043508,467.978013
0.781678,0.019368,-0.037047,467.978013
0.775991,0.037916,-0.036777,467.978013
0.674316,0.001570,-0.021819,467.978013
0.823954,0.032850,-0.039049,467.978013
0.478202,0.063528,-0.022672,467.978013
0.857217,0.098481,-0.035002,467.978013
0.039561,0.067642,-0.001895,467.978013
0.353103,0.000720,-0.006184,467.978013
0.322426,0.002758,-0.005191,467.978013
0.201577,0.032961,-0.009569,467.978013
0.236062,0.017746,-0.011202,467.978013
0.332066,0.037599,-0.015750,467.978013
0.345893,0.014884,-0.016405,467.978013
0.308399,0.096923,-0.004767,467.978013
0.287219,0.059898,-0.013626,467.978013
0.899929,0.000563,-0.038534,467.978013
0.804737,0.081786,-0.038139,467.978013
0.107108,0.067888,-0.005094,467.978013
0.893694,0.066613,-0.042352,467.978013
0.232652,0.017890,-0.011041,467.978013
0.745654,0.096918,-0.026590,467.978013
0.383800,0.042205,-0.018200,467.978013
0.799937,0.024657,-0.037911,467.978013
0.716943,0.043598,-0.033980,467.978013
0.040442,0.032834,-0.001936,467.978013
0.308262,0.094955,-0.004763,467.978013
0.989783,0.092212,-0.046904,467.978013
0.574982,0.030444,-0.027256,467.978013
0.786967,0.025398,-0.037297,467.978013
0.791738,0.034752,-0.037523,467.978013
0.211411,0.074294,-0.010035,467.978013
0.593249,0.039310,-0.028121,467.978013
0.525131,0.039566,-0.024895,467.978013
0.945413,0.026086,-0.044802,467.978013
0.084470,0.080165,-0.004022,467.978013
0.456204,0.058515,-0.021630,467.978013
0.525345,0.078768,-0.024905,467.978013
0.219440,0.081976,-0.010415,467.978013
0.851245,0.013471,-0.040342,467.978013
0.416790,0.032545,-0.019763,467.978013
0.358922,0.096935,-0.006383,467.978013
0.201216,0.072696,-0.009552,467.978013
0.998675,-0.000008,-0.047346,467.978013
0.675760,0.071430,-0.032030,467.978013
0.638891,0.074915,-0.030283,467.978013
0.261538,0.048513,-0.012409,467.978013
0.229014,0.044756,-0.010869,467.978013
0.240133,0.020022,-0.011395,467.978013
0.499517,0.097025,-0.012124,467.978013
0.244076,0.043732,-0.011582,467.978013
0.513832,0.012179,-0.024360,467.978013
0.528358,0.003858,-0.013528,467.978013
0.227844,0.037846,-0.010813,467.978013
0.736023,0.077549,-0.034884,467.978013
0.712942,0.048122,-0.033791,467.978013
0.499849,0.003421,-0.012140,467.978013
0.798728,0.012001,-0.037854,467.978013
0.792757,0.094706,-0.030000,467.978013
0.600173,0.032134,-0.028449,467.978013
0.638529,0.075290,-0.030266,467.978013
0.194440,0.061740,-0.009231,467.978013
0.336877,0.051314,-0.015978,467.978013
0.257239,0.003188,-0.003369,467.978013
0.168754,0.001523,-0.001526,467.978013
0.135984,0.096734,-0.001030,467.978013
0.817569,0.048823,-0.038747,467.978013
0.796622,0.029008,-0.037754,467.978013
0.975934,0.058578,-0.046248,467.978013
0.055052,0.081790,-0.002628,467.978013
0.903882,0.016917,-0.042835,467.978013
0.078718,0.024930,-0.003749,467.978013
0.862431,0.017369,-0.040872,467.978013
0.868968,0.047039,-0.041181,467.978013
0.494831,0.058778,-0.023460,467.978013
0.830399,0.082360,-0.039354,467.978013
0.459257,0.024027,-0.021774,467.978013
0.694757,0.073936,-0.032929,467.978013
0.679601,0.078329,-0.032212,467.978013
0.028159,0.047430,-0.001355,467.978013
0.332175,0.032787,-0.015755,467.978013
0.469833,0.003461,-0.010759,467.978013
0.228691,0.084055,-0.010853,467.978013
0.154939,0.097531,-0.001307,467.978013
0.960169,0.095425,-0.043796,467.978013
0.336678,0.037100,-0.015968,467.978013
0.657836,0.021183,-0.031181,467.978013
0.109351,0.076469,-0.005200,467.978013
0.795939,0.058640,-0.037722,467.978013
0.670708,0.001059,-0.021590,467.978013
0.654466,0.001572,-0.020575,467.978013
0.119371,0.032961,-0.005675,467.978013
0.129764,0.050735,-0.006167,467.978013
0.350595,0.075803,-0.016627,467.978013
0.260909,0.072059,-0.012379,467.978013
0.182275,0.096156,-0.001764,467.978013
0.861742,0.050449,-0.040839,467.978013
0.666197,0.078108,-0.031577,467.978013
0.593274,0.027954,-0.028122,467.978013
0.674705,0.003671,-0.021844,467.978013
0.565907,0.026539,-0.026826,467.978013
0.352021,0.001772,-0.006147,467.978013
0.511517,0.048884,-0.024250,467.978013
0.531926,0.025667,-0.025217,467.978013
0.773219,0.062824,-0.036646,467.978013
0.100972,0.036090,-0.004804,467.978013
0.548226,0.054435,-0.025989,467.978013
0.780698,0.016192,-0.037000,467.978013
0.654233,0.065053,-0.031010,467.978013
0.926426,0.042393,-0.043903,467.978013
0.937727,0.028684,-0.044438,467.978013
0.168435,0.052515,-0.007999,467.978013
0.013764,0.070154,-0.000673,467.978013
0.145453,0.034214,-0.006911,467.978013
0.915636,0.057921,-0.043392,467.978013
0.514836,0.027593,-0.024407,467.978013
0.181318,0.003994,-0.001744,467.978013
0.400760,0.001600,-0.007899,467.978013
0.817008,0.022874,-0.038720,467.978013
0.722001,0.084566,-0.034220,467.978013
0.655216,0.072872,-0.031056,467.978013
0.231514,0.026083,-0.010987,467.978013
0.549566,0.026956,-0.026052,467.978013
0.311957,0.055868,-0.014797,467.978013
0.288346,0.026064,-0.013679,467.978013
0.214791,0.035851,-0.010195,467.978013
0.976063,0.017773,-0.046254,467.978013
0.126652,0.002236,-0.000904,467.978013
0.402886,0.054532,-0.019104,467.978013
0.108418,0.054723,-0.005156,467.978013
0.728842,0.028254,-0.034544,467.978013
0.071303,0.022108,-0.003398,467.978013
0.569937,0.016343,-0.027017,467.978013
0.251715,0.086827,-0.011944,467.978013
0.716000,0.043061,-0.033936,467.978013
0.872350,0.012976,-0.041342,467.978013
0.652805,0.000491,-0.020473,467.978013
0.116970,0.003290,-0.000784,467.978013
0.774396,0.076366,-0.036702,467.978013
0.406728,0.019270,-0.019286,467.978013
0.418083,0.018056,-0.019824,467.978013
0.952563,0.097031,-0.043113,467.978013
0.701124,0.022182,-0.033231,467.978013
0.087277,0.046272,-0.004155,467.978013
0.763999,0.030089,-0.036209,467.978013
0.041080,0.058846,-0.001967,467.978013
0.354569,0.001652,-0.006233,467.978013
0.719384,0.033994,-0.034096,467.978013
0.084579,0.065935,-0.004027,467.978013
0.282891,0.085658,-0.013421,467.978013
0.990471,0.032589,-0.046937,467.978013
0.539911,0.051479,-0.025595,467.978013
0.288150,0.077913,-0.013670,467.978013
0.425112,0.003078,-0.008857,467.978013
0.133902,0.029367,-0.006363,467.978013
0.351900,0.087608,-0.016689,467.978013
0.070042,0.073313,-0.003338,467.978013
0.711521,0.067048,-0.033723,467.978013
0.349487,0.099360,-0.006063,467.978013
0.124791,0.011902,-0.005932,467.978013
0.482009,0.053034,-0.022852,467.978013
0.935289,0.077606,-0.044323,467.978013
0.677728,0.037455,-0.032123,467.978013
0.161787,0.078151,-0.007684,467.978013
0.092034,0.034147,-0.004380,467.978013
0.437142,0.046079,-0.020727,467.978013
0.964128,0.035716,-0.045689,467.978013
0.792120,0.027040,-0.037541,467.978013
0.738996,0.065321,-0.035025,467.978013
0.853655,0.072636,-0.040456,467.978013
0.485928,0.087028,-0.023038,467.978013
0.316087,0.046929,-0.014993,467.978013
0.083222,0.003669,-0.000433,467.978013
0.750203,0.024610,-0.035556,467.978013
0.870393,0.099068,-0.036073,467.978013
0.276981,0.061775,-0.013141,467.978013
0.356904,0.051840,-0.016926,467.978013
0.777843,0.021649,-0.036865,467.978013
0.891624,0.070918,-0.042254,467.978013
0.576854,0.019634,-0.027345,467.978013
0.603612,0.077923,-0.028612,467.978013
0.671093,0.063899,-0.031809,467.978013
0.458208,0.025211,-0.021725,467.978013
0.729702,0.078206,-0.034585,467.978013
0.052867,0.080315,-0.002525,467.978013
0.968827,0.098329,-0.045911,467.978013
0.163859,0.057611,-0.007782,467.978013
0.149845,0.014834,-0.007119,467.978013
0.810527,0.074028,-0.038413,467.978013
0.645586,0.066110,-0.030600,467.978013
0.015516,0.076501,-0.000756,467.978013
0.079104,0.096592,-0.000400,467.978013
0.053628,0.077115,-0.002561,467.978013
0.120936,0.055773,-0.005749,467.978013
0.296009,0.063576,-0.014042,467.978013
0.572150,0.022242,-0.027122,467.978013
0.900982,0.017644,-0.042698,467.978013
0.953869,0.000379,-0.043233,467.978013
0.548771,0.075641,-0.026014,467.978013
0.346035,0.041666,-0.016411,467.978013
0.576403,0.023125,-0.027323,467.978013
0.623005,0.041463,-0.029531,467.978013
0.395351,0.028754,-0.018747,467.978013
0.825237,0.012885,-0.039110,467.978013
0.284659,0.062807,-0.013504,467.978013
0.768281,0.062534,-0.036412,467.978013
0.515944,0.001212,-0.012914,467.978013
0.974682,0.050912,-0.046189,467.978013
0.405540,0.083766,-0.019230,467.978013
0.089709,0.030366,-0.004270,467.978013
0.462918,0.075552,-0.021948,467.978013
0.693994,0.097497,-0.023087,467.978013
0.442736,0.054275,-0.020992,467.978013
0.875952,0.003367,-0.036532,467.978013
0.514530,0.034095,-0.024393,467.978013
0.469203,0.004866,-0.010731,467.978013
0.181919,0.025618,-0.008638,467.978013
0.671960,0.081259,-0.031850,467.978013
0.266361,0.019822,-0.012638,467.978013
0.693142,0.000673,-0.023032,467.978013
0.669984,0.065130,-0.031756,467.978013
0.568623,0.065733,-0.026955,467.978013
0.752631,0.064456,-0.035671,467.978013
0.598342,0.021546,-0.028363,467.978013
0.213122,0.038327,-0.010116,467.978013
0.602441,0.002784,-0.017489,467.978013
0.658840,0.035566,-0.031228,467.978013
0.172074,0.044283,-0.008171,467.978013
0.278862,0.044070,-0.013230,467.978013
0.682480,0.032142,-0.032348,467.978013
0.284291,0.057226,-0.013487,467.978013
0.820160,0.095433,-0.032079,467.978013
0.910847,0.019145,-0.043165,467.978013
0.220689,0.088328,-0.010474,467.978013
0.539526,0.011960,-0.025577,467.978013
0.773985,0.001837,-0.028618,467.978013
0.122458,0.005177,-0.000850,467.978013
0.364243,0.002462,-0.006566,467.978013
0.314616,0.044143,-0.014923,467.978013
0.521368,0.033223,-0.024716,467.978013
0.655420,0.033556,-0.031066,467.978013
0.491525,0.027980,-0.023303,467.978013
0.719513,0.020280,-0.034102,467.978013
0.523264,0.068655,-0.024806,467.978013
0.128121,0.000394,-0.000923,467.978013
0.411000,0.043430,-0.019489,467.978013
0.904366,0.097477,-0.038907,467.978013
0.086709,0.038216,-0.004128,467.978013
0.251894,0.096760,-0.003239,467.978013
0.082634,0.081230,-0.003935,467.978013
0.519340,0.022470,-0.024620,467.978013
0.665121,0.075929,-0.031526,467.978013
0.622822,0.051471,-0.029522,467.978013
0.670396,0.020815,-0.031776,467.978013
0.422534,0.072233,-0.020035,467.978013
0.881442,0.049840,-0.041772,467.978013
0.552232,0.074816,-0.026178,467.978013
0.325746,0.032087,-0.015450,467.978013
0.615753,0.003373,-0.018255,467.978013
0.319259,0.000920,-0.005093,467.978013
0.285535,0.057720,-0.013546,467.978013
0.326954,0.058298,-0.015508,467.978013
0.943893,0.013055,-0.044730,467.978013
0.290469,0.085874,-0.013779,467.978013
0.876182,0.057895,-0.041523,467.978013
0.970204,0.013816,-0.045977,467.978013
0.230920,0.042306,-0.010959,467.978013
0.751775,0.052474,-0.035630,467.978013
0.448845,0.085529,-0.021281,467.978013
0.823022,0.062468,-0.039005,467.978013
0.989892,0.017963,-0.046909,467.978013
0.137073,0.004046,-0.001042,467.978013
0.169487,0.019617,-0.008049,467.978013
0.394388,0.027353,-0.018702,467.978013
0.483708,0.025006,-0.022933,467.978013
0.907447,0.096830,-0.039169,467.978013
0.309397,0.096156,-0.004797,467.978013
0.854997,0.012169,-0.040520,467.978013
0.998675,0.100008,-0.047346,467.978013
0.317863,0.002253,-0.005050,467.978013
0.931472,0.041553,-0.044142,467.978013
0.445030,0.082939,-0.021101,467.978013
0.446838,0.001874,-0.009758,467.978013
0.232022,0.097401,-0.002772,467.978013
0.531174,0.078948,-0.025181,467.978013
0.506411,0.005580,-0.012452,467.978013
0.270429,0.087797,-0.012830,467.978013
0.598098,0.021089,-0.028351,467.978013
0.208094,0.059840,-0.009878,467.978013
0.988974,0.079304,-0.046866,467.978013
0.332504,0.046582,-0.015771,467.978013
0.263923,0.056751,-0.012522,467.978013
-0.000000,0.100000,0.000000,467.978013
-0.000000,0.000000,0.000000,467.978013
0.822728,0.019269,-0.038991,467.978013
0.070435,0.056429,-0.003357,467.978013
0.015769,0.041691,-0.000768,467.978013
0.677794,0.031526,-0.032126,467.978013
0.461019,0.076505,-0.021858,467.978013
0.692588,0.076550,-0.032827,467.978013
0.636818,0.059138,-0.030185,467.978013
0.863196,0.028662,-0.040908,467.978013
0.676715,0.059417,-0.032075,467.978013
0.696276,0.060426,-0.033001,467.978013
0.083858,0.032186,-0.003993,467.978013
0.476397,0.078936,-0.022586,467.978013
0.478007,0.082639,-0.022663,467.978013
0.037853,0.077944,-0.001814,467.978013
0.776990,0.067624,-0.036825,467.978013
0.007867,0.048172,-0.000393,467.978013
0.419299,0.067470,-0.019882,467.978013
0.609073,0.069691,-0.028871,467.978013
0.013202,0.040673,-0.000646,467.978013
0.132586,0.096176,-0.000984,467.978013
0.210213,0.002541,-0.002300,467.978013
0.370119,0.000355,-0.006772,467.978013
0.525177,0.035608,-0.024897,467.978013
0.830790,0.025650,-0.039373,467.978013
0.879389,0.022699,-0.041675,467.978013
0.300181,0.026389,-0.014239,467.978013
0.093609,0.039237,-0.004455,467.978013
0.116748,0.004824,-0.000781,467.978013
0.345851,0.027396,-0.016403,467.978013
0.414097,0.047663,-0.019635,467.978013
0.095807,0.046854,-0.004559,467.978013
0.544841,0.095274,-0.014365,467.978013
0.439023,0.037199,-0.020816,467.978013
0.207078,0.098318,-0.002238,467.978013
0.945967,0.097477,-0.042524,467.978013
0.323872,0.054300,-0.015362,467.978013
0.772582,0.075314,-0.036616,467.978013
0.734677,0.024390,-0.034820,467.978013
0.440439,0.099847,-0.009488,467.978013
0.806210,0.051403,-0.038209,467.978013
0.419830,0.095885,-0.008645,467.978013
0.399727,0.001368,-0.007860,467.978013
0.391435,0.062371,-0.018562,467.978013
0.393325,0.023838,-0.018651,467.978013
0.987690,0.030084,-0.046805,467.978013
0.170993,0.098738,-0.001567,467.978013
0.261279,0.076716,-0.012397,467.978013
0.998675,0.100008,-0.047346,467.978013
0.515222,0.014122,-0.024425,467.978013
0.297943,0.036457,-0.014133,467.978013
0.568873,0.081801,-0.026967,467.978013
0.595749,0.018123,-0.028240,467.978013
0.319629,0.070258,-0.015161,467.978013
0.070696,0.063161,-0.003369,467.978013
0.344928,0.076087,-0.016359,467.978013
0.176690,0.028548,-0.008390,467.978013
0.653179,0.097298,-0.020495,467.978013
0.484405,0.074010,-0.022966,467.978013
0.886354,0.054236,-0.042005,467.978013
0.980498,0.017957,-0.046464,467.978013
0.104588,0.051408,-0.004975,467.978013
0.355410,0.087307,-0.016856,467.978013
0.567589,0.062360,-0.026906,467.978013
0.767634,0.068090,-0.036381,467.978013
0.315436,0.075293,-0.014962,467.978013
0.976699,0.076442,-0.046284,467.978013
0.545907,0.084250,-0.025879,467.978013
0.030694,0.096354,-0.000100,467.978013
0.713272,0.047327,-0.033806,467.978013
0.937288,0.085756,-0.044417,467.978013
0.524658,0.087568,-0.024872,467.978013
0.101271,0.033980,-0.004818,467.978013
0.996047,0.053700,-0.047201,467.978013
0.869583,0.036987,-0.041210,467.978013
0.527681,0.058956,-0.025016,467.978013
0.654559,0.063867,-0.031025,467.978013
0.118928,0.004324,-0.000807,467.978013
0.191050,0.020831,-0.009070,467.978013
0.708251,0.070766,-0.033569,467.978013
0.259118,0.018794,-0.012294,467.978013
0.162501,0.018121,-0.007718,467.978013
0.450090,0.014781,-0.021340,467.978013
0.370021,0.058594,-0.017548,467.978013
0.209352,0.047194,-0.009937,467.978013
0.730655,0.050796,-0.034630,467.978013
0.976341,0.041389,-0.046267,467.978013
0.874386,0.076897,-0.041438,467.978013
0.545790,0.096575,-0.014414,467.978013
0.585063,0.083418,-0.027734,467.978013
0.836573,0.042088,-0.039647,467.978013
0.687581,0.035775,-0.032589,467.978013
0.883658,0.057205,-0.041877,467.978013
0.904173,0.004851,-0.038894,467.978013
0.770939,0.057265,-0.036538,467.978013
0.304197,0.001096,-0.004642,467.978013
0.037729,0.027530,-0.001808,467.978013
0.572493,0.072517,-0.027138,467.978013
0.321617,0.002395,-0.005166,467.978013
0.004484,0.070907,-0.000233,467.978013
0.175905,0.057623,-0.008353,467.978013
0.062440,0.016091,-0.002978,467.978013
0.543804,0.004288,-0.014312,467.978013
0.845563,0.076076,-0.040073,467.978013
0.162638,0.017019,-0.007724,467.978013
0.429175,0.052309,-0.020350,467.978013
0.700724,0.081237,-0.033212,467.978013
0.079204,0.079135,-0.003772,467.978013
0.189766,0.005142,-0.001898,467.978013
0.427206,0.054553,-0.020256,467.978013
0.106218,0.072429,-0.005052,467.978013
0.081547,0.041148,-0.003883,467.978013
0.139077,0.003657,-0.001070,467.978013
0.513209,0.068360,-0.024330,467.978013
0.549296,0.037987,-0.026039,467.978013
0.775377,0.043309,-0.036748,467.978013
0.520112,0.031343,-0.024657,467.978013
0.271715,0.001793,-0.003740,467.978013
0.360765,0.096325,-0.006446,467.978013
0.071282,0.095313,-0.000337,467.978013
0.075276,0.042607,-0.003586,467.978013
0.690647,0.056484,-0.032735,467.978013
0.508855,0.048553,-0.024124,467.978013
0.745273,0.085537,-0.035322,467.978013
0.541467,0.068418,-0.025668,467.978013
0.364008,0.005485,-0.006558,467.978013
0.012791,0.069880,-0.000627,467.978013
0.811834,0.097312,-0.031440,467.978013
0.158218,0.083207,-0.007515,467.978013
0.167973,0.012877,-0.007977,467.978013
0.099925,0.061620,-0.004754,467.978013
0.446451,0.014280,-0.021168,467.978013
0.049690,0.043464,-0.002374,467.978013
0.785813,0.018389,-0.037242,467.978013
0.182447,0.078911,-0.008663,467.978013
0.250086,0.035069,-0.011867,467.978013
0.094199,0.003171,-0.000535,467.978013
0.582994,0.088284,-0.027636,467.978013
0.587923,0.012084,-0.027869,467.978013
0.778190,0.059877,-0.036881,467.978013
0.002468,0.011525,-0.000138,467.978013
0.606168,0.029231,-0.028733,467.978013
0.582740,0.081952,-0.027624,467.978013
0.413002,0.083020,-0.019583,467.978013
0.280208,0.019424,-0.013293,467.978013
0.848785,0.048833,-0.040225,467.978013
0.587928,0.037618,-0.027869,467.978013
0.872953,0.077843,-0.041370,467.978013
0.567072,0.014053,-0.026881,467.978013
0.612489,0.076479,-0.029033,467.978013
0.576406,0.097692,-0.016038,467.978013
0.875088,0.023932,-0.041471,467.978013
0.511502,0.064199,-0.024249,467.978013
0.905180,0.094500,-0.038976,467.978013
-0.000000,0.000000,0.000000,467.978013
0.204839,0.098849,-0.002193,467.978013
0.546787,0.003660,-0.014466,467.978013
0.916391,0.051308,-0.043428,467.978013
0.207025,0.002112,-0.002235,467.978013
0.719389,0.042898,-0.034096,467.978013
0.768990,0.041870,-0.036446,467.978013
0.344728,0.029485,-0.016350,467.978013
0.152733,0.016379,-0.007255,467.978013
0.015720,0.079414,-0.000765,467.978013
0.231412,0.067424,-0.010982,467.978013
0.747917,0.020033,-0.035447,467.978013
0.379044,0.083239,-0.017975,467.978013
0.207304,0.077056,-0.009840,467.978013
0.357842,0.095090,-0.006346,467.978013
0.965624,0.076645,-0.045760,467.978013
0.700503,0.049214,-0.033202,467.978013
0.709562,0.023258,-0.033631,467.978013
0.852291,0.070862,-0.040391,467.978013
0.374058,0.013404,-0.017739,467.978013
0.731920,0.098770,-0.025634,467.978013
0.964962,0.035005,-0.045728,467.978013
0.620424,0.037580,-0.029408,467.978013
0.963504,0.043802,-0.045659,467.978013
0.923706,0.053067,-0.043774,467.978013
0.954713,0.099297,-0.043305,467.978013
0.902235,0.053647,-0.042757,467.978013
0.267877,0.014599,-0.012709,467.978013
-0.000000,0.000000,0.000000,467.978013
0.374156,0.061246,-0.017743,467.978013
0.145711,0.094832,-0.001168,467.978013
0.723936,0.094695,-0.025087,467.978013
0.946443,0.035975,-0.044851,467.978013
0.257972,0.076175,-0.012240,467.978013
0.101035,0.001296,-0.000605,467.978013
0.486492,0.024143,-0.023065,467.978013
0.954623,0.002085,-0.043301,467.978013
0.181723,0.047065,-0.008628,467.978013
0.548302,0.017441,-0.025992,467.978013
0.458028,0.042266,-0.021716,467.978013
0.138536,0.072781,-0.006583,467.978013
0.354354,0.064028,-0.016806,467.978013
0.220703,0.022574,-0.010475,467.978013
0.040777,0.001169,-0.000141,467.978013
0.443787,0.099607,-0.009629,467.978013
0.542487,0.054711,-0.025717,467.978013
0.621907,0.048271,-0.029479,467.978013
0.701038,0.033516,-0.033227,467.978013
0.112130,0.033397,-0.005332,467.978013
0.791851,0.066168,-0.037528,467.978013
0.969569,0.069779,-0.045946,467.978013
0.865531,0.060737,-0.041018,467.978013
0.893550,0.060614,-0.042346,467.978013
0.668902,0.005592,-0.021476,467.978013
0.722557,0.056841,-0.034246,467.978013
0.998675,-0.000008,-0.047346,467.978013
0.438251,0.086211,-0.020779,467.978013
0.800685,0.045089,-0.037947,467.978013
0.283321,0.020121,-0.013441,467.978013
0.688628,0.058708,-0.032639,467.978013
0.083752,0.033100,-0.003988,467.978013
0.534909,0.074909,-0.025358,467.978013
0.301448,0.097086,-0.004563,467.978013
0.977440,0.017088,-0.046319,467.978013
0.718129,0.020656,-0.034036,467.978013
0.994523,0.048630,-0.047128,467.978013
0.751964,0.041001,-0.035639,467.978013
0.779795,0.053846,-0.036957,467.978013
0.949088,0.002204,-0.042806,467.978013
0.977272,0.061056,-0.046311,467.978013
0.459597,0.074748,-0.021791,467.978013
0.455016,0.048787,-0.021574,467.978013
0.735883,0.087319,-0.034877,467.978013
0.734449,0.041825,-0.034810,467.978013
0.736727,0.099288,-0.025967,467.978013
0.735563,0.044698,-0.034862,467.978013
0.301170,0.025466,-0.014286,467.978013
0.312701,0.014753,-0.014833,467.978013
0.376601,0.096832,-0.007004,467.978013
0.437436,0.014108,-0.020741,467.978013
0.130326,0.065246,-0.006194,467.978013
0.344666,0.061072,-0.016347,467.978013
0.956977,0.022143,-0.045350,467.978013
0.125657,0.004250,-0.000891,467.978013
0.552097,0.080191,-0.026172,467.978013
0.265351,0.066992,-0.012590,467.978013
0.990568,0.074793,-0.046941,467.978013
0.828770,0.029360,-0.039277,467.978013
0.779743,0.030407,-0.036955,467.978013
0.116114,0.045640,-0.005521,467.978013
0.052250,0.043850,-0.002496,467.978013
0.705530,0.027979,-0.033440,467.978013
0.504029,0.057536,-0.023895,467.978013
0.983023,0.078776,-0.046584,467.978013
0.485581,0.087930,-0.023021,467.978013
0.970592,0.044301,-0.045995,467.978013
0.015623,0.019815,-0.000761,467.978013
0.819600,0.042181,-0.038843,467.978013
0.068400,0.099381,-0.000315,467.978013
-0.000000,0.100000,0.000000,467.978013
0.081101,0.030158,-0.003862,467.978013
0.589647,0.051104,-0.027951,467.978013
0.984430,0.017672,-0.046650,467.978013
0.582673,0.095390,-0.016382,467.978013
0.255765,0.068742,-0.012136,467.978013
0.710465,0.002487,-0.024178,467.978013
0.758401,0.068342,-0.035944,467.978013
0.736663,0.082303,-0.034914,467.978013
0.710986,0.046758,-0.033698,467.978013
0.073144,0.044608,-0.003485,467.978013
0.432411,0.086472,-0.020503,467.978013
0.701561,0.074074,-0.033252,467.978013
0.950637,0.097799,-0.042940,467.978013
0.266817,0.001374,-0.003612,467.978013
0.284361,0.003858,-0.004079,467.978013
0.813997,0.076005,-0.038577,467.978013
0.590232,0.052158,-0.027978,467.978013
0.604452,0.029574,-0.028652,467.978013
0.876993,0.018095,-0.041561,467.978013
0.406856,0.067099,-0.019292,467.978013
0.789459,0.041948,-0.037415,467.978013
0.166213,0.017577,-0.007894,467.978013
0.512018,0.076857,-0.024274,467.978013
0.054357,0.087258,-0.002596,467.978013
0.846648,0.018755,-0.040124,467.978013
0.383482,0.097754,-0.007254,467.978013
0.862755,0.038606,-0.040887,467.978013
0.276105,0.001847,-0.003856,467.978013
0.544108,0.002124,-0.014328,467.978013
0.357612,0.023583,-0.016960,467.978013
0.498058,0.067827,-0.023612,467.978013
0.695502,0.028338,-0.032965,467.978013
0.686643,0.057879,-0.032545,467.978013
0.507121,0.038165,-0.024042,467.978013
0.371118,0.034876,-0.017600,467.978013
0.657956,0.044331,-0.031186,467.978013
0.069550,0.012408,-0.003315,467.978013
0.901952,0.095687,-0.038702,467.978013
0.522573,0.082238,-0.024774,467.978013
0.162083,0.054190,-0.007698,467.978013
0.773365,0.029333,-0.036653,467.978013
0.868070,0.039702,-0.041139,467.978013
0.350693,0.026742,-0.016632,467.978013
0.065382,0.085367,-0.003118,467.978013
0.047855,0.005192,-0.000178,467.978013
0.766401,0.044776,-0.036323,467.978013
0.581838,0.025214,-0.027581,467.978013
0.067830,0.097977,-0.000311,467.978013
0.728023,0.057093,-0.034505,467.978013
0.386055,0.098627,-0.007348,467.978013
0.929634,0.019913,-0.044055,467.978013
0.483553,0.099273,-0.011380,467.978013
0.597619,0.077160,-0.028328,467.978013
0.500023,0.027946,-0.023705,467.978013
0.487737,0.039539,-0.023123,467.978013
0.376210,0.064049,-0.017841,467.978013
0.086038,0.087510,-0.004096,467.978013
0.751296,0.096727,-0.026987,467.978013
0.104880,0.019577,-0.004989,467.978013
0.362930,0.082223,-0.017212,467.978013
0.620517,0.000213,-0.018533,467.978013
0.479279,0.099917,-0.011185,467.978013
0.406149,0.088307,-0.019259,467.978013
0.363956,0.095749,-0.006557,467.978013
0.563167,0.017642,-0.026696,467.978013
0.241861,0.049843,-0.011477,467.978013
0.419429,0.059193,-0.019888,467.978013
0.179848,0.016499,-0.008540,467.978013
0.983501,0.021162,-0.046606,467.978013
0.908231,0.097085,-0.039236,467.978013
0.085525,0.023086,-0.004072,467.978013
0.707074,0.003664,-0.023952,467.978013
0.851864,0.024936,-0.040371,467.978013
0.092648,0.071359,-0.004409,467.978013
0.227000,0.050672,-0.010773,467.978013
0.468244,0.050008,-0.022200,467.978013
0.360704,0.069755,-0.017106,467.978013
0.436699,0.003426,-0.009332,467.978013
0.976019,0.085933,-0.046252,467.978013
0.017575,0.072156,-0.000853,467.978013
0.754002,0.023613,-0.035736,467.978013
0.262230,0.018513,-0.012442,467.978013
0.379451,0.040571,-0.017994,467.978013
0.858557,0.025161,-0.040688,467.978013
0.020559,0.064057,-0.000995,467.978013
0.288208,0.064031,-0.013672,467.978013
0.417151,0.087467,-0.019780,467.978013
0.528311,0.054046,-0.025045,467.978013
0.548349,0.000304,-0.014547,467.978013
0.482274,0.035789,-0.022865,467.978013
0.455013,0.063470,-0.021573,467.978013
0.170158,0.068070,-0.008081,467.978013
0.518262,0.028469,-0.024569,467.978013
0.678549,0.095537,-0.022088,467.978013
0.415578,0.067215,-0.019706,467.978013
0.533147,0.003120,-0.013769,467.978013
0.378054,0.039239,-0.017928,467.978013
0.646901,0.096393,-0.020110,467.978013
0.417752,0.018803,-0.019808,467.978013
0.438811,0.096541,-0.009420,467.978013
0.870632,0.080431,-0.041260,467.978013
0.647442,0.074138,-0.030688,467.978013
0.884147,0.053293,-0.041900,467.978013
0.787658,0.029202,-0.037330,467.978013
0.785931,0.036080,-0.037248,467.978013
0.392229,0.021006,-0.018600,467.978013
0.747001,0.080258,-0.035404,467.978013
0.646447,0.063715,-0.030641,467.978013
0.726276,0.001306,-0.025248,467.978013
0.289179,0.048547,-0.013718,467.978013
0.826452,0.065285,-0.039167,467.978013
0.496177,0.066582,-0.023523,467.978013
0.646471,0.028324,-0.030642,467.978013
0.154637,0.096582,-0.001302,467.978013
0.223285,0.004461,-0.002577,467.978013
0.567164,0.095291,-0.015539,467.978013
0.136082,0.000744,-0.001029,467.978013
0.169258,0.002706,-0.001535,467.978013
0.790777,0.095905,-0.029853,467.978013
0.208499,0.053493,-0.009897,467.978013
0.169983,0.076658,-0.008072,467.978013
0.402563,0.075744,-0.019089,467.978013
0.892787,0.076905,-0.042310,467.978013
0.644034,0.073800,-0.030527,467.978013
0.021547,0.037676,-0.001041,467.978013
0.806181,0.002217,-0.031012,467.978013
0.507868,0.000288,-0.012522,467.978013
0.777442,0.037479,-0.036846,467.978013
0.623096,0.021379,-0.029535,467.978013
0.823172,0.078961,-0.039012,467.978013
0.741937,0.020816,-0.035164,467.978013
0.768971,0.079076,-0.036445,467.978013
0.828111,0.003789,-0.032698,467.978013
0.869201,0.043210,-0.041192,467.978013
0.518196,0.060471,-0.024566,467.978013
0.204798,0.017183,-0.009722,467.978013
0.374320,0.080072,-0.017751,467.978013
0.188021,0.026364,-0.008927,467.978013
0.808930,0.086944,-0.038337,467.978013
0.301174,0.096366,-0.004555,467.978013
0.183225,0.011684,-0.008700,467.978013
0.163919,0.026368,-0.007785,467.978013
0.830582,0.055500,-0.039363,467.978013
0.697763,0.068585,-0.033072,467.978013
0.848442,0.022113,-0.040209,467.978013
0.929523,0.057242,-0.044050,467.978013
0.607783,0.024241,-0.028810,467.978013
0.879994,0.057539,-0.041704,467.978013
0.766826,0.000313,-0.028099,467.978013
0.187273,0.055219,-0.008891,467.978013
0.274313,0.065330,-0.013014,467.978013
0.886067,0.050462,-0.041991,467.978013
0.175206,0.077824,-0.008320,467.978013
0.151418,0.021229,-0.007193,467.978013
0.266958,0.067630,-0.012666,467.978013
0.851331,0.081060,-0.040346,467.978013
0.001943,0.068370,-0.000113,467.978013
0.826804,0.024794,-0.039184,467.978013
0.817949,0.051113,-0.038765,467.978013
0.754682,0.058609,-0.035768,467.978013
0.240842,0.013208,-0.011429,467.978013
0.051189,0.024457,-0.002445,467.978013
0.242376,0.081154,-0.011501,467.978013
0.492685,0.078916,-0.023358,467.978013
0.998675,0.100008,-0.047346,467.978013
0.487646,0.024122,-0.023119,467.978013
0.470700,0.039094,-0.022317,467.978013
0.785087,0.057817,-0.037208,467.978013
0.615763,0.024144,-0.029188,467.978013
0.163655,0.026570,-0.007773,467.978013
0.505152,0.017648,-0.023948,467.978013
0.600437,0.040615,-0.028462,467.978013
0.343668,0.041007,-0.016299,467.978013
0.943074,0.099476,-0.042267,467.978013
0.457970,0.065325,-0.021714,467.978013
0.182397,0.095856,-0.001766,467.978013
0.226705,0.065274,-0.010759,467.978013
0.280209,0.042260,-0.013293,467.978013
0.833614,0.025689,-0.039507,467.978013
0.419088,0.028825,-0.019872,467.978013
0.705750,0.057226,-0.033450,467.978013
0.918035,0.032873,-0.043505,467.978013
0.375274,0.074987,-0.017796,467.978013
0.440240,0.082092,-0.020874,467.978013
0.091673,0.001899,-0.000511,467.978013
0.386492,0.040177,-0.018328,467.978013
0.626538,0.019390,-0.029698,467.978013
0.767654,0.005171,-0.028159,467.978013
0.955620,0.024325,-0.045286,467.978013
0.725845,0.058893,-0.034402,467.978013
0.811997,0.037956,-0.038483,467.978013
0.477161,0.037165,-0.022623,467.978013
0.555226,0.047555,-0.026320,467.978013
0.790303,0.013951,-0.037455,467.978013
0.222633,0.037436,-0.010566,467.978013
0.005709,0.031010,-0.000291,467.978013
0.665307,0.002910,-0.021250,467.978013
0.991658,0.044787,-0.046993,467.978013
0.811586,0.080030,-0.038463,467.978013
0.404338,0.056940,-0.019173,467.978013
0.416381,0.056513,-0.019744,467.978013
0.680477,0.084925,-0.032253,467.978013
0.413555,0.051117,-0.019610,467.978013
0.294803,0.023024,-0.013985,467.978013
0.186097,0.036140,-0.008836,467.978013
0.050204,0.072530,-0.002399,467.978013
0.986377,0.080458,-0.046743,467.978013
0.073390,0.081349,-0.003497,467.978013
0.624616,0.047059,-0.029607,467.978013
0.665286,0.068162,-0.031533,467.978013
0.095209,0.016176,-0.004531,467.978013
0.906591,0.048558,-0.042963,467.978013
0.070408,0.097919,-0.000330,467.978013
0.360957,0.088105,-0.017118,467.978013
0.785367,0.076605,-0.037221,467.978013
0.180966,0.040450,-0.008593,467.978013
0.802573,0.081754,-0.038036,467.978013
0.282944,0.040972,-0.013423,467.978013
0.584533,0.098536,-0.016484,467.978013
0.484335,0.028520,-0.022962,467.978013
0.340839,0.032804,-0.016165,467.978013
0.166233,0.003586,-0.001484,467.978013
0.714974,0.069678,-0.033887,467.978013
0.674973,0.063530,-0.031992,467.978013
0.708164,0.017123,-0.033564,467.978013
0.930807,0.031979,-0.044110,467.978013
0.548713,0.030379,-0.026012,467.978013
0.069954,0.040677,-0.003334,467.978013
0.018219,0.068451,-0.000884,467.978013
0.952691,0.004641,-0.043128,467.978013
0.883577,0.017833,-0.041873,467.978013
0.728549,0.033825,-0.034530,467.978013
0.050414,0.081854,-0.002409,467.978013
0.776753,0.057905,-0.036813,467.978013
0.463437,0.031531,-0.021972,467.978013
0.150005,0.077095,-0.007126,467.978013
-0.000000,0.000000,0.000000,467.978013
0.457851,0.050172,-0.021708,467.978013
0.101159,0.053606,-0.004812,467.978013
0.683355,0.099402,-0.022396,467.978013
0.270282,0.000541,-0.003702,467.978013
0.700585,0.074599,-0.033205,467.978013
0.752901,0.098186,-0.027101,467.978013
0.541617,0.030982,-0.025676,467.978013
0.547684,0.002780,-0.014512,467.978013
0.944445,0.003982,-0.042392,467.978013
0.813581,0.081633,-0.038558,467.978013
0.849967,0.030375,-0.040281,467.978013
0.897215,0.001964,-0.038304,467.978013
0.916080,0.003524,-0.039912,467.978013
0.190297,0.037589,-0.009035,467.978013
-0.000000,0.000000,0.000000,467.978013
0.011919,0.036179,-0.000585,467.978013
0.861592,0.037314,-0.040832,467.978013
0.611177,0.099987,-0.017989,467.978013
0.432025,0.044092,-0.020485,467.978013
0.565901,0.068615,-0.026826,467.978013
0.422525,0.030150,-0.020035,467.978013
0.289342,0.032368,-0.013726,467.978013
0.065168,0.094348,-0.000292,467.978013
0.051415,0.002808,-0.000199,467.978013
0.711092,0.056617,-0.033703,467.978013
0.430729,0.033729,-0.020423,467.978013
0.910321,0.004717,-0.039418,467.978013
0.436453,0.003936,-0.009322,467.978013
0.171618,0.021213,-0.008150,467.978013
0.038967,0.004044,-0.000132,467.978013
0.923862,0.022424,-0.043781,467.978013
0.389365,0.019095,-0.018464,467.978013
0.352781,0.002973,-0.006173,467.978013
0.301822,0.060580,-0.014317,467.978013
0.321972,0.061220,-0.015272,467.978013
0.950220,0.067606,-0.045030,467.978013
0.182420,0.020690,-0.008661,467.978013
0.062772,0.086926,-0.002994,467.978013
0.859167,0.004298,-0.035163,467.978013
0.464173,0.071035,-0.022007,467.978013
0.559464,0.001457,-0.015129,467.978013
0.697684,0.098684,-0.023329,467.978013
0.056863,0.082487,-0.002714,467.978013
0.142157,0.004170,-0.001114,467.978013
0.961584,0.077256,-0.045568,467.978013
0.965052,0.086960,-0.045732,467.978013
0.007208,0.050514,-0.000362,467.978013
0.232845,0.020461,-0.011050,467.978013
0.124712,0.073489,-0.005928,467.978013
0.873803,0.011756,-0.041410,467.978013
0.912785,0.049793,-0.043257,467.978013
0.675643,0.067188,-0.032024,467.978013
0.561568,0.034253,-0.026621,467.978013
0.444013,0.024885,-0.021052,467.978013
0.313327,0.058834,-0.014862,467.978013
0.701799,0.072477,-0.033263,467.978013
0.958073,0.023202,-0.045402,467.978013
0.205564,0.017072,-0.009758,467.978013
0.901472,0.003564,-0.038664,467.978013
0.986194,0.069606,-0.046734,467.978013
0.286568,0.004564,-0.004140,467.978013
0.915465,0.097314,-0.039856,467.978013
0.296391,0.039013,-0.014060,467.978013
0.727969,0.059793,-0.034503,467.978013
0.520777,0.000320,-0.013152,467.978013
0.891625,0.036056,-0.042255,467.978013
0.510152,0.012287,-0.024185,467.978013
0.864378,0.025669,-0.040964,467.978013
0.905361,0.013066,-0.042905,467.978013
0.848639,0.015770,-0.040218,467.978013
0.673145,0.076146,-0.031906,467.978013
0.960481,0.024698,-0.045516,467.978013
0.674702,0.047580,-0.031979,467.978013
0.097424,0.068951,-0.004635,467.978013
0.518539,0.001044,-0.013041,467.978013
0.557088,0.019146,-0.026408,467.978013
0.057730,0.031141,-0.002755,467.978013
0.642762,0.056955,-0.030467,467.978013
0.313550,0.002652,-0.004919,467.978013
0.402682,0.046924,-0.019095,467.978013
0.688213,0.018955,-0.032619,467.978013
0.812658,0.094694,-0.031503,467.978013
0.813351,0.066982,-0.038547,467.978013
0.848444,0.001840,-0.034302,467.978013
0.829812,0.052734,-0.039327,467.978013
0.897361,0.077617,-0.042526,467.978013
0.490243,0.049772,-0.023242,467.978013
0.443837,0.038984,-0.021044,467.978013
0.021418,0.032383,-0.001035,467.978013
0.439952,0.064602,-0.020860,467.978013
0.256141,0.003354,-0.003342,467.978013
0.844225,0.022265,-0.040009,467.978013
0.188887,0.028235,-0.008968,467.978013
0.594977,0.030833,-0.028203,467.978013
0.327330,0.049029,-0.015525,467.978013
0.265838,0.004335,-0.003587,467.978013
0.052312,0.063819,-0.002499,467.978013
0.732296,0.029580,-0.034708,467.978013
0.112074,0.086017,-0.005329,467.978013
0.246796,0.038395,-0.011711,467.978013
0.367337,0.038768,-0.017420,467.978013
0.436128,0.066022,-0.020679,467.978013
0.963630,0.013292,-0.045665,467.978013
0.166074,0.014716,-0.007887,467.978013
0.942157,0.046059,-0.044648,467.978013
0.462385,0.027408,-0.021923,467.978013
0.972239,0.029256,-0.046073,467.978013
0.469426,0.061129,-0.022256,467.978013
0.867648,0.032042,-0.041119,467.978013
-0.000000,0.000000,0.000000,467.978013
0.755674,0.036900,-0.035815,467.978013
0.981148,0.026745,-0.046495,467.978013
0.536766,0.076285,-0.025446,467.978013
0.830089,0.059876,-0.039340,467.978013
0.293752,0.013789,-0.013935,467.978013
0.216619,0.052564,-0.010281,467.978013
0.302032,0.099230,-0.004580,467.978013
0.675492,0.086759,-0.032017,467.978013
0.874225,0.051832,-0.041430,467.978013
0.750379,0.035234,-0.035564,467.978013
0.137766,0.061349,-0.006546,467.978013
0.088382,0.097500,-0.000483,467.978013
0.890664,0.025776,-0.042209,467.978013
0.131018,0.059969,-0.006227,467.978013
0.791575,0.042890,-0.037515,467.978013
0.794738,0.030172,-0.037665,467.978013
0.457614,0.029927,-0.021697,467.978013
0.313028,0.012703,-0.014848,467.978013
0.907696,0.022104,-0.043016,467.978013
0.366086,0.017556,-0.017361,467.978013
0.121864,0.026106,-0.005793,467.978013
0.858936,0.060974,-0.040706,467.978013
0.910779,0.044918,-0.043162,467.978013
0.828691,0.002699,-0.032743,467.978013
0.550455,0.097320,-0.014656,467.978013
0.618571,0.075167,-0.029321,467.978013
0.058069,0.076422,-0.002771,467.978013
0.216610,0.001317,-0.002433,467.978013
0.141312,0.005316,-0.001102,467.978013
0.867239,0.035006,-0.041099,467.978013
0.658008,0.064754,-0.031189,467.978013
0.007645,0.056854,-0.000383,467.978013
0.896114,0.097747,-0.038208,467.978013
0.351306,0.019423,-0.016661,467.978013
0.107978,0.028829,-0.005135,467.978013
0.610534,0.098569,-0.017952,467.978013
0.512380,0.054064,-0.024291,467.978013
0.137860,0.013430,-0.006551,467.978013
0.794079,0.068218,-0.037634,467.978013
0.616833,0.005002,-0.018318,467.978013
0.206133,0.024584,-0.009785,467.978013
0.456222,0.058663,-0.021631,467.978013
0.552369,0.030136,-0.026185,467.978013
0.748568,0.071257,-0.035478,467.978013
0.070851,0.073192,-0.003377,467.978013
0.649616,0.069931,-0.030791,467.978013
0.440683,0.034967,-0.020895,467.978013
0.160949,0.039311,-0.007645,467.978013
0.625196,0.060342,-0.029635,467.978013
0.130711,0.014829,-0.006212,467.978013
0.495053,0.065392,-0.023470,467.978013
0.327115,0.033436,-0.015515,467.978013
0.387990,0.087591,-0.018399,467.978013
0.167475,0.023144,-0.007954,467.978013
0.353058,0.070023,-0.016744,467.978013
0.899731,0.042168,-0.042638,467.978013
0.646017,0.059815,-0.030621,467.978013
0.518062,0.095290,-0.013018,467.978013
0.306584,0.044743,-0.014543,467.978013
0.562468,0.081754,-0.026663,467.978013
0.039538,0.003666,-0.000135,467.978013
0.655173,0.083120,-0.031054,467.978013
0.379450,0.059517,-0.017994,467.978013
0.478673,0.036674,-0.022694,467.978013
0.427285,0.020868,-0.020260,467.978013
0.117449,0.099624,-0.000792,467.978013
0.502039,0.043732,-0.023801,467.978013
0.581174,0.098110,-0.016299,467.978013
0.872955,0.056034,-0.041370,467.978013
0.867032,0.043160,-0.041090,467.978013
0.348160,0.052801,-0.016512,467.978013
0.843392,0.038742,-0.039970,467.978013
0.924922,0.050899,-0.043832,467.978013
0.991657,0.009417,-0.046993,467.978013
0.392014,0.080574,-0.018589,467.978013
0.279939,0.086317,-0.013281,467.978013
0.111280,0.067890,-0.005292,467.978013
0.159476,0.003899,-0.001375,467.978013
0.965039,0.030877,-0.045732,467.978013
0.028788,0.087325,-0.001384,467.978013
0.973301,0.012530,-0.046123,467.978013
0.979907,0.018597,-0.046436,467.978013
0.473285,0.055377,-0.022439,467.978013
0.540765,0.072302,-0.025635,467.978013
0.491674,0.094473,-0.011755,467.978013
0.357642,0.003106,-0.006338,467.978013
0.285492,0.058093,-0.013544,467.978013
0.800150,0.067189,-0.037922,467.978013
-0.000000,0.100000,0.000000,467.978013
0.168297,0.042190,-0.007993,467.978013
0.395393,0.098057,-0.007696,467.978013
0.916809,0.087002,-0.043447,467.978013
0.213989,0.072240,-0.010157,467.978013
0.810813,0.070060,-0.038427,467.978013
0.953534,0.064110,-0.045187,467.978013
0.095908,0.085844,-0.004564,467.978013
0.045846,0.068070,-0.002192,467.978013
0.418803,0.071111,-0.019858,467.978013
0.169233,0.072788,-0.008037,467.978013
0.586891,0.042472,-0.027820,467.978013
0.048728,0.086787,-0.002329,467.978013
0.824420,0.041837,-0.039071,467.978013
0.826538,0.041804,-0.039171,467.978013
0.393945,0.026825,-0.018681,467.978013
0.924099,0.004055,-0.040606,467.978013
0.227571,0.033838,-0.010800,467.978013
0.382311,0.080579,-0.018130,467.978013
0.775799,0.030080,-0.036768,467.978013
0.268239,0.027186,-0.012727,467.978013
0.110415,0.069669,-0.005251,467.978013
0.722402,0.094919,-0.024982,467.978013
0.965499,0.069006,-0.045754,467.978013
0.604235,0.058986,-0.028642,467.978013
0.880609,0.060680,-0.041733,467.978013
0.531636,0.065109,-0.025203,467.978013
0.045086,0.015586,-0.002156,467.978013
0.706258,0.011906,-0.033474,467.978013
0.875353,0.086759,-0.041484,467.978013
0.723514,0.043122,-0.034292,467.978013
0.620151,0.015728,-0.029396,467.978013
0.568219,0.003779,-0.015596,467.978013
0.185723,0.097880,-0.001826,467.978013
0.512871,0.055368,-0.024314,467.978013
0.536377,0.082234,-0.025427,467.978013
0.814390,0.026447,-0.038596,467.978013
0.208121,0.077248,-0.009879,467.978013
0.836228,0.074147,-0.039630,467.978013
0.240394,0.061984,-0.011408,467.978013
0.079025,0.081631,-0.003764,467.978013
0.748165,0.060273,-0.035459,467.978013
0.439236,0.017347,-0.020826,467.978013
0.689527,0.077273,-0.032682,467.978013
0.591110,0.098196,-0.016850,467.978013
0.623892,0.057836,-0.029573,467.978013
0.031721,0.078691,-0.001523,467.978013
0.760815,0.056628,-0.036058,467.978013
0.513221,0.018005,-0.024331,467.978013
0.439817,0.069757,-0.020854,467.978013
0.867599,0.011598,-0.041116,467.978013
0.904467,0.079784,-0.042863,467.978013
0.553602,0.005097,-0.014821,467.978013
0.030714,0.039617,-0.001476,467.978013
0.612507,0.074673,-0.029033,467.978013
0.919217,0.059994,-0.043561,467.978013
0.771063,0.017300,-0.036544,467.978013
0.140538,0.082142,-0.006678,467.978013
0.340006,0.058570,-0.016126,467.978013
0.042452,0.087812,-0.002032,467.978013
0.348329,0.083680,-0.016520,467.978013
0.045810,0.081922,-0.002191,467.978013
0.244294,0.060221,-0.011592,467.978013
0.752729,0.052105,-0.035675,467.978013
0.245297,0.034782,-0.011640,467.978013
0.943924,0.097419,-0.042343,467.978013
0.457998,0.087582,-0.021715,467.978013
0.503240,0.014893,-0.023858,467.978013
0.998675,0.100008,-0.047346,467.978013
0.982579,0.066158,-0.046563,467.978013
0.196763,0.049107,-0.009341,467.978013
0.456785,0.017078,-0.021657,467.978013
0.161693,0.097634,-0.001413,467.978013
0.066999,0.071775,-0.003194,467.978013
0.188293,0.066211,-0.008940,467.978013
0.485905,0.077629,-0.023037,467.978013
0.383257,0.061638,-0.018175,467.978013
0.627778,0.073750,-0.029757,467.978013
0.560660,0.079630,-0.026578,467.978013
0.353139,0.083213,-0.016748,467.978013
0.003133,0.076040,-0.000169,467.978013
0.983179,0.056590,-0.046591,467.978013
0.158040,0.058085,-0.007507,467.978013
0.998675,0.100008,-0.047346,467.978013
0.228392,0.095570,-0.002691,467.978013
0.902026,0.029082,-0.042747,467.978013
0.624057,0.099736,-0.018740,467.978013
0.230410,0.026915,-0.010935,467.978013
0.314585,0.069650,-0.014922,467.978013
0.562123,0.000874,-0.015270,467.978013
0.362119,0.005660,-0.006492,467.978013
0.624337,0.058357,-0.029594,467.978013
0.570721,0.012765,-0.027054,467.978013
0.649890,0.003544,-0.020294,467.978013
0.732544,0.021261,-0.034719,467.978013
0.008094,0.018060,-0.000404,467.978013
0.895656,0.096011,-0.038170,467.978013
0.642184,0.038964,-0.030439,467.978013
0.617594,0.039263,-0.029274,467.978013
0.996234,0.073415,-0.047210,467.978013
0.108888,0.075598,-0.005179,467.978013
0.209754,0.083663,-0.009956,467.978013
0.260972,0.097000,-0.003465,467.978013
0.807639,0.052885,-0.038276,467.978013
0.067826,0.056123,-0.003234,467.978013
0.541143,0.096623,-0.014175,467.978013
0.435779,0.022434,-0.020662,467.978013
0.612864,0.012981,-0.029050,467.978013
0.329352,0.018771,-0.015621,467.978013
0.916724,0.097447,-0.039965,467.978013
0.503899,0.095155,-0.012332,467.978013
0.389421,0.037751,-0.018467,467.978013
0.838465,0.099306,-0.033507,467.978013
0.301704,0.031899,-0.014312,467.978013
0.180507,0.075021,-0.008571,467.978013
0.831854,0.029971,-0.039423,467.978013
0.666269,0.012389,-0.031580,467.978013
0.152256,0.058002,-0.007233,467.978013
0.751166,0.070440,-0.035601,467.978013
0.998675,0.100008,-0.047346,467.978013
0.405590,0.011738,-0.019232,467.978013
0.450613,0.004628,-0.009919,467.978013
0.137635,0.005223,-0.001050,467.978013
0.119999,0.043483,-0.005705,467.978013
0.716736,0.067344,-0.033970,467.978013
0.446964,0.005393,-0.009763,467.978013
0.206440,0.082516,-0.009799,467.978013
0.675445,0.045034,-0.032015,467.978013
0.979962,0.043699,-0.046439,467.978013
0.998675,-0.000008,-0.047346,467.978013
0.275899,0.057955,-0.013089,467.978013
0.751616,0.064404,-0.035623,467.978013
0.453163,0.096120,-0.010029,467.978013
0.329672,0.073116,-0.015636,467.978013
0.077982,0.033590,-0.003715,467.978013
0.239529,0.063577,-0.011367,467.978013
0.832062,0.098850,-0.033004,467.978013
0.701597,0.084784,-0.033253,467.978013
0.188883,0.005637,-0.001882,467.978013
0.748146,0.051679,-0.035458,467.978013
-0.000000,0.100000,0.000000,467.978013
0.301991,0.011568,-0.014325,467.978013
0.039351,0.027231,-0.001885,467.978013
0.705414,0.077911,-0.033434,467.978013
0.497270,0.095787,-0.012018,467.978013
0.242105,0.005098,-0.003003,467.978013
0.803045,0.073957,-0.038059,467.978013
0.235096,0.025694,-0.011157,467.978013
0.954546,0.060834,-0.045235,467.978013
0.247174,0.049991,-0.011729,467.978013
0.939138,0.018453,-0.044505,467.978013
0.337522,0.026300,-0.016008,467.978013
0.264907,0.042677,-0.012569,467.978013
0.473383,0.063497,-0.022444,467.978013
0.463377,0.020500,-0.021970,467.978013
0.690834,0.066513,-0.032744,467.978013
0.640709,0.015722,-0.030369,467.978013
0.085852,0.047891,-0.004087,467.978013
0.164647,0.058403,-0.007820,467.978013
0.158872,0.098440,-0.001368,467.978013
0.464007,0.035932,-0.021999,467.978013
0.658325,0.098703,-0.020813,467.978013
0.950053,0.071711,-0.045022,467.978013
0.344592,0.081328,-0.016343,467.978013
0.014664,0.053513,-0.000715,467.978013
0.477112,0.077858,-0.022620,467.978013
0.003044,0.085417,-0.000165,467.978013
0.481285,0.040617,-0.022818,467.978013
0.004167,0.033753,-0.000218,467.978013
0.893155,0.095034,-0.037960,467.978013
0.706868,0.060128,-0.033503,467.978013
0.820238,0.047525,-0.038873,467.978013
0.109310,0.079412,-0.005198,467.978013
0.030751,0.084623,-0.001477,467.978013
0.503445,0.094708,-0.012310,467.978013
0.318787,0.099077,-0.005080,467.978013
0.676832,0.019320,-0.032080,467.978013
0.527580,0.039322,-0.025011,467.978013
0.035081,0.065812,-0.001682,467.978013
