0.057531,0.004863,0.000152,465.845917
0.409087,0.021255,-0.033414,381.363099
0.015162,0.000321,-0.000122,475.722982
0.445645,0.047686,-0.038769,372.332066
0.965885,0.083075,-0.154522,238.623035
0.279766,0.079198,-0.017306,412.933186
0.914865,0.027380,-0.139806,252.179678
0.476759,0.063082,-0.043608,364.609030
0.980150,0.081966,-0.158772,234.815260
0.794677,0.082901,-0.108098,283.720986
0.269321,0.054664,-0.016198,415.458511
0.730953,0.058283,-0.092942,300.227964
0.592088,0.006410,-0.063811,335.687109
0.858373,0.057898,-0.124389,267.072260
0.333639,0.084875,-0.023481,399.851465
0.914500,0.088759,-0.139704,252.274515
0.010585,0.001138,-0.000072,476.787926
0.152628,0.045982,-0.005746,443.410508
0.815600,0.094455,-0.113322,278.268406
0.007352,0.005821,0.002322,477.559755
0.504326,0.068622,-0.048111,357.738232
0.899633,0.064485,-0.135559,256.206137
0.098565,0.056420,-0.002105,456.202132
0.159189,0.047109,-0.006240,441.851372
0.216309,0.033155,-0.011010,428.214968
0.230427,0.016924,-0.012320,424.827823
0.224725,0.052571,-0.011784,426.195916
0.404979,0.021127,-0.032834,382.374913
0.537578,0.073206,-0.053815,349.414720
0.232720,0.050202,-0.012537,424.276114
0.411281,0.077008,-0.033725,380.821258
-0.000576,0.085675,-0.000998,479.371802
0.659666,0.040628,-0.077325,318.518008
0.130932,0.080517,-0.004194,448.555123
0.014513,0.037339,0.002053,475.892615
0.035528,0.059481,0.001185,470.991695
0.458442,0.043419,-0.040728,369.160023
0.448641,0.022741,-0.039224,371.590510
0.619340,0.041822,-0.069110,328.782572
0.251197,0.061848,-0.014341,419.830452
0.171693,0.035724,-0.007212,438.875990
0.872991,0.091301,-0.128291,263.229213
0.964311,0.027581,-0.154056,239.044254
0.922644,0.030724,-0.142001,250.119092
0.023664,0.037110,0.001688,473.760572
0.569884,0.068927,-0.059642,341.290856
0.437841,0.008093,-0.037596,374.264672
0.000016,0.097429,0.000028,479.242271
0.141882,0.090464,-0.004962,445.960025
0.842202,0.072911,-0.120144,271.313199
0.696858,0.081612,-0.085297,308.998022
0.163685,0.040517,-0.006585,440.782098
0.408536,0.007073,-0.033336,381.499335
0.464924,0.012341,-0.041737,367.551881
0.019908,0.058359,0.001841,474.635421
0.622034,0.055874,-0.069645,328.098406
0.174747,0.099021,-0.006934,438.156788
0.360860,0.043801,-0.026891,393.204333
0.921863,0.099132,-0.141036,250.376008
0.540643,0.052485,-0.054356,348.646196
0.813916,0.050272,-0.112897,278.709070
0.674186,0.054177,-0.080392,314.807239
0.939629,0.077206,-0.146854,245.611256
0.251937,0.028957,-0.014416,419.652923
0.238927,0.015587,-0.013134,422.784764
0.392138,0.029105,-0.031051,385.533855
0.003426,0.009378,0.002464,478.472681
0.865833,0.021418,-0.126372,265.113558
0.826264,0.085068,-0.116033,275.483569
0.526721,0.013374,-0.051920,352.138235
0.506235,0.084461,-0.048431,357.261107
0.476854,0.050992,-0.043623,364.585755
0.665685,0.011885,-0.078589,316.981527
0.358795,0.080942,-0.026625,393.708588
0.174507,0.051493,-0.007436,438.205142
0.847372,0.002790,-0.121493,269.960071
0.878321,0.087635,-0.129729,261.826283
0.954676,0.043797,-0.151223,241.610698
0.219698,0.028234,-0.011320,427.402589
0.985050,-0.000008,-0.157690,233.696281
0.014738,0.022710,0.002044,475.840620
0.562160,0.008183,-0.058223,343.237968
0.261970,0.087317,-0.015434,417.232387
0.448306,0.040965,-0.039173,371.673010
0.322027,0.050231,-0.022086,402.680357
0.845124,0.088773,-0.120906,270.547296
0.888089,0.089739,-0.132385,259.252127
0.037269,0.016508,0.001107,470.586010
0.582273,0.043989,-0.061951,338.166033
0.251037,0.074649,-0.014325,419.868577
0.105425,0.080698,-0.002525,454.583934
0.071019,0.000279,-0.001408,462.672134
0.480954,0.096682,-0.044280,363.564424
0.809428,0.055477,-0.111768,279.879554
0.372427,0.075529,-0.028399,390.370793
0.556092,0.004012,-0.057120,344.765369
0.160815,0.011807,-0.006364,441.465545
0.039416,0.096747,0.001012,470.082517
0.460654,0.087521,-0.041071,368.609975
0.330959,0.039893,-0.023156,400.505671
0.695285,0.098785,-0.086312,309.328157
0.425625,0.025660,-0.035792,377.283741
0.122803,0.078090,-0.003644,450.478873
0.830356,0.041889,-0.117081,274.414784
0.462795,0.005227,-0.041404,368.080651
0.443959,0.078317,-0.038514,372.748897
0.481085,0.039893,-0.044301,363.533165
0.976341,0.051820,-0.157631,235.833629
0.481287,0.062680,-0.044334,363.482252
0.042418,0.035106,0.000875,469.382280
0.348931,0.068100,-0.025372,396.120180
0.228426,0.028174,-0.012131,425.308081
0.597777,0.024051,-0.064900,334.247723
0.346184,0.091203,-0.025028,396.790710
0.912665,0.055105,-0.139188,252.761121
0.644091,0.086756,-0.074100,322.488312
0.601126,0.082965,-0.065546,333.398662
0.632759,0.048756,-0.071795,325.373147
0.061594,0.005783,-0.000052,464.893769
0.971325,0.022775,-0.156135,237.173575
0.491506,0.033735,-0.045991,360.937715
0.618628,0.085382,-0.068969,328.962263
0.680976,0.094143,-0.081846,313.068628
0.640098,0.088163,-0.073284,323.504915
0.078182,0.083581,-0.000929,460.998615
0.478407,0.016134,-0.043871,364.200250
0.732871,0.027857,-0.093381,299.734338
0.975015,0.084623,-0.157235,236.186858
0.567351,0.009425,-0.059175,341.930545
0.463019,0.049661,-0.041439,368.023799
0.739789,0.056927,-0.094975,297.948350
0.544478,0.066076,-0.055036,347.682826
0.190095,0.055897,-0.008715,434.486597
0.783957,0.088654,-0.105468,286.508068
0.341918,0.001206,-0.023685,397.858346
0.202728,0.001200,-0.009073,431.483302
0.000877,0.025374,0.002555,479.064572
0.619088,0.060953,-0.069061,328.846110
0.348101,0.048314,-0.025268,396.323432
0.533370,0.039360,-0.053077,350.471001
0.475098,0.099101,-0.043372,365.020058
0.400676,0.047064,-0.032232,383.433597
0.513145,0.041712,-0.049595,355.535156
0.016093,0.044316,0.001991,475.524441
0.079186,0.046089,-0.000984,460.763533
0.585216,0.091070,-0.062506,337.421756
0.589233,0.045391,-0.063267,336.407886
0.685176,0.044441,-0.082752,311.994111
0.202528,0.009041,-0.009781,431.515925
0.921998,0.053424,-0.141818,250.289712
0.023421,0.078069,0.001699,473.816370
0.632068,0.048865,-0.071655,325.548995
0.821117,0.082915,-0.114721,276.828392
0.624648,0.039268,-0.070166,327.434941
0.593243,0.045694,-0.064031,335.394169
0.792622,0.052203,-0.107591,284.256471
0.332883,0.065664,-0.023389,400.036206
0.318296,0.038264,-0.021645,403.588497
0.716699,0.005934,-0.089706,303.901336
0.089973,0.053194,-0.001596,458.226056
0.000398,0.064220,0.000690,479.159643
0.946643,0.085258,-0.148883,243.746950
0.872741,0.021249,-0.128223,263.296875
0.738439,0.033228,-0.094663,298.297257
0.029917,0.076143,0.001428,472.301173
0.529271,0.028428,-0.052362,351.498781
0.014218,0.070864,0.002064,475.960455
0.651814,0.035275,-0.075691,320.521256
0.877653,0.042793,-0.129548,262.003219
0.025197,0.077802,0.001626,473.402274
0.021324,0.034958,0.001784,474.306130
0.304448,0.088881,-0.020040,406.952074
0.357174,0.048695,-0.026418,394.105991
0.000169,0.032691,0.000292,479.210465
0.591453,0.069860,-0.063690,335.846163
0.253779,0.045648,-0.014601,419.208527
0.935351,0.060416,-0.145624,246.747818
0.113212,0.092199,-0.003016,452.745404
0.092080,0.021257,-0.001720,457.730763
0.365172,0.063808,-0.027449,392.148220
0.845628,0.081799,-0.121037,270.415375
0.641659,0.045505,-0.073602,323.108621
0.169983,0.088482,-0.007076,439.282023
0.398402,0.077593,-0.031915,383.992400
0.431803,0.051498,-0.036700,375.756739
0.291673,0.022213,-0.018606,410.051839
0.582752,0.035530,-0.062041,338.045471
0.354265,0.020223,-0.026047,394.817845
0.576691,0.031447,-0.060906,339.575297
0.883077,0.085423,-0.131019,260.573386
0.828545,0.021124,-0.116616,274.888874
0.660508,0.081750,-0.077501,318.301989
0.329228,0.040393,-0.022947,400.927420
0.124424,0.000461,-0.003773,450.097022
0.071049,0.010067,-0.000543,462.675630
0.872280,0.070861,-0.128100,263.416784
0.029788,0.052906,0.001433,472.331903
0.468083,0.060691,-0.042233,366.765936
0.548505,0.079617,-0.055754,346.670818
0.407536,0.095951,-0.033194,381.743461
0.141883,0.040528,-0.004962,445.960934
0.408005,0.029727,-0.033261,381.629444
0.495905,0.058597,-0.046714,359.840191
0.436367,0.042493,-0.037376,374.628561
0.960961,0.096155,-0.153069,239.935178
0.918739,0.013754,-0.140896,251.154315
0.120151,0.060375,-0.003468,451.106619
0.319990,0.026392,-0.021845,403.176524
0.948874,0.093616,-0.149531,243.153406
0.345640,0.074730,-0.024960,396.923777
0.847695,0.044927,-0.121577,269.874387
0.469743,0.056722,-0.042494,366.353672
0.396143,0.080355,-0.031602,384.547953
0.955131,0.048816,-0.151357,241.489343
0.154774,0.012526,-0.005907,442.901389
0.814550,0.022963,-0.113057,278.544386
0.641141,0.082949,-0.073496,323.239544
0.512498,0.087679,-0.049485,355.695751
0.552144,0.022342,-0.056407,345.757652
0.212864,0.063215,-0.010698,429.040026
0.642174,0.087435,-0.073707,322.976311
0.323973,0.048408,-0.022317,402.206772
0.537229,0.030165,-0.053753,349.503507
0.280065,0.000499,-0.016391,412.887322
0.717776,0.020177,-0.089949,303.623776
0.501751,0.071558,-0.047682,358.381172
0.292278,0.059717,-0.018673,409.904384
0.903278,0.061567,-0.136569,255.243415
0.831064,0.037508,-0.117263,274.229579
0.418039,0.038416,-0.034692,379.155752
0.198836,0.036550,-0.009461,432.398222
0.738785,0.028441,-0.094743,298.208151
0.183762,0.025449,-0.008188,435.999014
0.404385,0.045579,-0.032751,382.520780
0.168153,0.035814,-0.006932,439.718973
0.523882,0.022294,-0.051430,352.849077
0.663408,0.003949,-0.078110,317.563489
0.517130,0.061766,-0.050272,354.538068
0.027525,0.022624,0.001528,472.860451
0.729301,0.084755,-0.092564,300.653336
0.512740,0.045866,-0.049526,355.636366
0.860865,0.079333,-0.125050,266.417305
0.413863,0.030690,-0.034093,380.185912
0.732487,0.043201,-0.093293,299.832947
0.698226,0.072760,-0.085598,308.647050
0.197433,0.004599,-0.009340,432.734333
0.179724,0.089792,-0.007857,436.960670
0.325552,0.043680,-0.022505,401.822588
0.763750,0.022182,-0.100600,291.752287
0.122116,0.066190,-0.003598,450.641635
0.627382,0.093246,-0.070713,326.738959
0.837343,0.070315,-0.118883,272.585855
0.284065,0.093502,-0.017771,411.892698
0.122923,0.033509,-0.003652,450.451587
0.215940,0.054556,-0.010976,428.303048
0.562669,0.083187,-0.058316,343.108027
0.807940,0.016555,-0.111395,280.268521
0.490682,0.026104,-0.045857,361.143198
0.132780,0.004319,-0.004322,448.119229
0.495547,0.002594,-0.046655,359.930921
0.636139,0.048120,-0.072478,324.513590
0.362452,0.050970,-0.027096,392.814493
0.010912,0.064892,0.002190,476.730086
0.826734,0.032522,-0.116153,275.362050
0.454243,0.052747,-0.040080,370.201334
0.187891,0.080049,-0.008530,435.012160
0.345296,0.051954,-0.024917,397.008390
0.251354,0.073394,-0.014357,419.792347
0.560155,0.062945,-0.057857,343.741454
0.586345,0.095674,-0.062720,337.136386
0.607085,0.099074,-0.067708,331.841119
0.126317,0.039784,-0.003880,449.648528
0.720523,0.067892,-0.090569,302.915361
0.753921,0.034893,-0.098273,294.296411
0.082407,0.046963,-0.001164,460.006300
0.569489,0.024633,-0.059569,341.391609
0.617858,0.100034,-0.069886,329.105517
0.575853,0.013401,-0.060749,339.787044
0.070916,0.093851,-0.000535,462.704797
0.922728,0.094992,-0.142025,250.095279
0.538056,0.092794,-0.053899,349.294323
0.211128,0.053056,-0.010542,429.456023
0.014429,0.071119,0.002056,475.911311
0.023057,0.051405,0.001713,473.901716
0.383954,0.032158,-0.029938,387.544260
0.538019,0.073064,-0.053892,349.304215
0.456650,0.040097,-0.040451,369.604635
0.156178,0.077433,-0.006012,442.566158
0.184567,0.035289,-0.008254,435.806651
0.357049,0.027691,-0.026402,394.136911
0.509487,0.044335,-0.048977,356.449463
0.234578,0.006482,-0.012715,423.830620
0.386069,0.089182,-0.030224,387.023401
0.137138,0.023107,-0.004626,447.086267
0.204041,0.083947,-0.009913,431.152134
0.418180,0.098796,-0.034322,379.133098
0.646517,0.032071,-0.074598,321.871548
0.251190,0.088352,-0.014340,419.831428
0.470879,0.015317,-0.042674,366.072303
0.984448,0.053866,-0.158733,233.765442
0.914340,0.047077,-0.139658,252.318038
0.297715,0.074466,-0.019279,408.586084
0.100921,0.025823,-0.002248,455.647493
0.786235,0.012590,-0.106024,285.918114
0.054425,0.074993,0.000306,466.572021
0.924476,0.050626,-0.142520,249.633234
0.477108,0.068071,-0.043663,364.522122
0.272106,0.074022,-0.016490,414.785364
0.397680,0.084377,-0.031815,384.169841
0.431380,0.070510,-0.036637,375.860756
0.066318,0.054159,-0.000294,463.784780
0.356582,0.024183,-0.026342,394.251348
0.918340,0.079386,-0.140785,251.258033
0.478575,0.018620,-0.043898,364.158432
0.984930,0.070335,-0.157899,233.708623
0.560701,0.072902,-0.057957,343.603754
0.223408,0.083606,-0.011662,426.511152
0.659280,0.030167,-0.077244,318.616697
0.205588,0.074339,-0.010049,430.781952
0.250552,0.091012,-0.014277,419.985073
0.616368,0.006831,-0.068523,329.537733
0.474521,0.009315,-0.043251,365.167098
0.061349,0.044665,-0.000039,464.950329
0.543044,0.022441,-0.054781,348.044000
0.109393,0.077489,-0.002774,453.647534
0.184808,0.072137,-0.008274,435.748350
0.985616,0.030168,-0.156710,233.629245
0.243776,0.046339,-0.013606,421.617449
0.650489,0.061038,-0.075416,320.858624
0.364778,0.040989,-0.027398,392.245298
0.608480,0.000365,-0.067988,331.489552
0.182772,0.094125,-0.008106,436.233552
0.665488,0.076294,-0.078548,317.030187
0.064049,0.066625,-0.000176,464.316622
0.756320,0.094004,-0.098839,293.674400
0.678049,0.060944,-0.081218,313.818865
0.573651,0.046732,-0.060340,340.341592
0.441460,0.028091,-0.038138,373.368727
0.758609,0.033200,-0.099379,293.083504
0.523405,0.088379,-0.051347,352.966772
0.881624,0.003778,-0.130623,260.958430
0.691735,0.048295,-0.084176,310.313025
0.918992,0.027144,-0.140968,251.086874
0.641009,0.022489,-0.073469,323.274636
0.140990,0.050211,-0.004899,446.172558
0.030255,0.032898,0.001413,472.223274
0.518365,0.024136,-0.050483,354.229957
0.000295,0.040869,0.000510,479.182862
0.608144,0.065526,-0.066909,331.621356
0.944198,0.095750,-0.148174,244.396773
0.141002,0.070343,-0.004899,446.169205
0.276786,0.074007,-0.016987,413.654108
0.635446,0.046261,-0.072338,324.689817
0.326615,0.047336,-0.022633,401.563650
0.918073,0.016337,-0.140709,251.330398
0.158574,0.062340,-0.006193,441.997185
0.752922,0.075891,-0.098038,294.553849
0.063842,0.043419,-0.000166,464.365699
0.687383,0.010650,-0.083230,311.429648
0.184074,0.036732,-0.008214,435.924230
0.164502,0.054105,-0.006648,440.587321
0.267901,0.064520,-0.016049,415.801263
0.871880,0.013137,-0.127992,263.523508
0.601278,0.071888,-0.065575,333.360289
0.681757,0.049198,-0.082014,312.869783
0.803479,0.067505,-0.110280,281.429773
0.207519,0.024999,-0.010221,430.321034
0.116084,0.069543,-0.003202,452.067478
0.122841,0.045588,-0.003647,450.470724
0.151548,0.028689,-0.005667,443.667356
0.067230,0.089111,-0.000341,463.569989
0.661913,0.071027,-0.077796,317.943550
0.250066,0.044317,-0.014228,420.103115
0.125983,0.086058,-0.003857,449.726513
0.150697,0.011425,-0.005604,443.869949
0.838770,0.027180,-0.119252,272.213302
0.540792,0.012101,-0.054382,348.609862
0.700687,0.067439,-0.086140,308.015433
0.705058,0.004114,-0.087106,306.894499
0.741431,0.063516,-0.095356,297.524181
0.361812,0.073334,-0.027014,392.970527
0.625563,0.089984,-0.070349,327.201061
0.942973,0.081558,-0.147820,244.722792
0.720380,0.080782,-0.090537,302.951744
0.985592,0.044385,-0.156752,233.631745
0.109070,0.092048,-0.002753,453.723405
0.194156,0.052774,-0.009059,433.516609
0.822143,0.084531,-0.114982,276.560359
0.530281,0.072820,-0.052538,351.244768
0.606232,0.005734,-0.066536,332.107541
0.119442,0.095535,-0.003421,451.273371
0.640602,0.020083,-0.073386,323.378336
0.117221,0.099752,-0.003393,451.796298
0.104853,0.090635,-0.002489,454.718707
0.507826,0.083754,-0.048698,356.863546
0.773629,0.047529,-0.102966,289.190623
0.007370,0.025022,0.002322,477.555091
0.349851,0.069904,-0.025488,395.895329
0.304507,0.033471,-0.020048,406.939098
0.475620,0.072319,-0.043426,364.892203
0.523237,0.037859,-0.051319,353.010040
0.392142,0.095197,-0.031051,385.531305
0.574205,0.027533,-0.060443,340.202538
0.153970,0.017256,-0.005847,443.092429
0.954536,0.070757,-0.151183,241.647322
0.832140,0.069542,-0.117540,273.947314
0.478986,0.037575,-0.043964,364.055645
0.972724,0.057709,-0.156551,236.799244
0.222336,0.019991,-0.011563,426.769892
0.966523,0.000053,-0.152758,238.596672
0.613308,0.042943,-0.067920,330.312855
0.822057,0.086130,-0.114960,276.582636
0.757255,0.036873,-0.099059,293.433820
0.236707,0.075480,-0.012919,423.317103
0.573672,0.032216,-0.060344,340.336612
0.698239,0.095478,-0.085601,308.643205
0.498962,0.042076,-0.047219,359.077894
0.051049,0.053607,0.000470,467.362733
0.890757,0.094896,-0.133115,258.548523
0.453741,0.044127,-0.040003,370.325966
0.375758,0.014164,-0.028840,389.555691
0.142399,0.003100,-0.005000,445.839436
0.067318,0.096313,-0.000346,463.549227
0.000129,0.029040,0.000223,479.219341
0.266103,0.097370,-0.015861,416.234675
0.155158,0.022449,-0.005936,442.809991
0.877621,0.002740,-0.129539,262.012691
0.305975,0.065948,-0.020215,406.581922
0.443765,0.093070,-0.038485,372.796380
0.985473,0.065985,-0.156958,233.645080
0.321659,0.025091,-0.022042,402.770664
0.369949,0.032254,-0.028073,390.978935
0.081711,0.093740,-0.001124,460.168726
0.892811,0.011746,-0.133678,258.008664
0.730074,0.091347,-0.092741,300.453954
0.736395,0.021732,-0.094191,298.825214
0.664152,0.086270,-0.078267,317.371207
0.864769,0.071951,-0.126089,265.391727
0.591940,0.030403,-0.063782,335.723901
0.783291,0.052839,-0.105306,286.682269
0.343922,0.051603,-0.024746,397.343922
0.253424,0.056477,-0.014565,419.293810
0.234166,0.037417,-0.012675,423.928803
-0.000372,0.096251,-0.000645,479.327041
0.690090,0.069379,-0.083818,310.734246
0.536465,0.074586,-0.053619,349.693857
0.156361,0.058735,-0.006026,442.523133
0.603348,0.003958,-0.065976,332.837897
0.865426,0.050842,-0.126264,265.219761
0.123223,0.058591,-0.003672,450.380055
0.667092,0.065030,-0.078887,316.620692
0.754734,0.083235,-0.098465,294.084829
0.333132,0.040869,-0.023419,399.976096
0.105627,0.023094,-0.002538,454.537652
0.034060,0.074149,0.001249,471.334034
0.122463,0.017055,-0.003622,450.560936
0.771503,0.079346,-0.102454,289.741135
0.870646,0.072461,-0.127661,263.846605
0.580775,0.019757,-0.061670,338.544920
0.438398,0.069197,-0.037679,374.125258
0.052702,0.031453,0.000390,466.976322
0.903852,0.071165,-0.136729,255.091406
0.349430,0.039719,-0.025435,395.998985
0.241663,0.018650,-0.013400,422.126666
0.104958,0.020766,-0.002497,454.695427
0.208608,0.042029,-0.010317,430.059795
0.149009,0.086463,-0.005479,444.269039
0.313831,0.004481,-0.021122,404.674800
0.412093,0.027410,-0.033841,380.622284
0.047943,0.021733,0.000617,468.090499
0.531931,0.065802,-0.052825,350.831271
0.878536,0.025160,-0.129786,261.771193
0.469224,0.096852,-0.042412,366.481620
0.974242,0.061984,-0.157004,236.393845
0.861491,0.084129,-0.125216,266.252920
0.794575,0.080120,-0.108072,283.747701
0.325463,0.064457,-0.022495,401.843784
0.354879,0.085182,-0.026125,394.666192
0.126494,0.089838,-0.003891,449.605399
0.633360,0.009287,-0.071916,325.221286
0.147218,0.051399,-0.005348,444.695013
0.269211,0.031851,-0.016186,415.485708
0.027901,0.038349,0.001513,472.772328
0.097374,0.042709,-0.002034,456.483264
0.512622,0.020682,-0.049506,355.666507
0.077814,0.051769,-0.000909,461.085708
0.704437,0.040266,-0.086968,307.053204
0.589066,0.079414,-0.063235,336.449184
0.610886,0.065936,-0.067445,330.926549
0.878523,0.032785,-0.129783,261.774529
0.734927,0.041915,-0.093853,299.203438
0.779245,0.078625,-0.104323,287.732153
0.451066,0.083416,-0.039594,370.988015
0.823793,0.019473,-0.115402,276.130831
0.110263,0.063219,-0.002829,453.442589
0.890649,0.005310,-0.133085,258.579345
0.333014,0.006454,-0.023405,400.005745
0.896674,0.092818,-0.134742,256.987009
-0.000195,0.033738,-0.000338,479.289899
0.163602,0.001231,-0.006158,440.810414
0.002089,0.066581,0.002513,478.782112
0.383130,0.074355,-0.029826,387.745347
0.032442,0.067691,0.001319,471.712077
0.324255,0.056467,-0.022351,402.137870
0.279280,0.025933,-0.017255,413.052036
0.240781,0.022907,-0.013314,422.338858
0.807105,0.056394,-0.111186,280.485214
0.201897,0.052771,-0.009726,431.665649
0.950882,0.015976,-0.150115,242.621201
0.985274,0.075690,-0.157303,233.668169
0.202685,0.039646,-0.009795,431.477514
0.673484,0.065524,-0.080243,314.986561
0.327221,0.023056,-0.022705,401.416711
0.985304,0.082309,-0.157251,233.664506
0.562614,0.033970,-0.058306,343.123243
0.629785,0.004760,-0.071195,326.130448
0.108913,0.078298,-0.002743,453.760967
0.985576,0.014450,-0.156779,233.634300
0.143004,0.055300,-0.005043,445.694607
0.407344,0.056167,-0.033167,381.791689
0.508318,0.062141,-0.048780,356.741128
0.617997,0.059649,-0.068845,329.122873
0.773583,0.049821,-0.102955,289.202340
0.827492,0.087525,-0.116347,275.162509
0.579029,0.041912,-0.061343,338.984933
0.656396,0.028487,-0.076642,319.352738
0.347311,0.060971,-0.025169,396.516034
0.497130,0.066042,-0.046916,359.534410
0.054385,0.022736,0.000308,466.582581
0.387534,0.080106,-0.030422,386.663966
0.459831,0.064108,-0.040943,368.814827
0.585473,0.090588,-0.062555,337.356865
0.153534,0.008990,-0.005814,443.196097
0.064025,0.038293,-0.000176,464.322968
0.475329,0.037708,-0.043380,364.965307
0.306042,0.078628,-0.020223,406.565370
0.536894,0.091818,-0.053695,349.585917
0.106982,0.012880,-0.002623,454.218263
0.385367,0.096117,-0.030128,387.195576
0.785845,0.006161,-0.105929,286.019660
0.510722,0.002896,-0.049185,356.141930
0.324168,0.025410,-0.022340,402.159948
0.626925,0.024940,-0.070622,326.856720
0.654327,0.003249,-0.076212,319.881274
0.147445,0.007786,-0.005365,444.642114
0.622218,0.053251,-0.069682,328.051663
0.552431,0.059400,-0.056459,345.684490
0.085509,0.083463,-0.001339,459.275868
0.455738,0.011916,-0.040310,369.831629
0.699564,0.064674,-0.085892,308.303854
0.003820,0.080178,0.002451,478.379261
0.442288,0.028666,-0.038263,373.163626
0.140922,0.039521,-0.004894,446.188967
0.675170,0.034829,-0.080602,314.556177
0.768330,0.059126,-0.101693,290.564376
0.448156,0.060286,-0.039150,371.709791
0.765644,0.049342,-0.101051,291.260931
0.214523,0.001078,-0.010056,428.660864
0.474212,0.079035,-0.043202,365.242055
0.701575,0.085961,-0.086336,307.787008
0.319697,0.057141,-0.021810,403.247195
0.090955,0.039106,-0.001654,457.995111
0.516001,0.022071,-0.050080,354.821457
0.982911,0.047943,-0.159601,234.078263
0.153174,0.059097,-0.005787,443.280407
0.061361,0.051752,-0.000039,464.947401
0.134428,0.027410,-0.004436,447.728349
0.411635,0.081210,-0.033775,380.733902
0.530181,0.076505,-0.052520,351.269556
0.441225,0.040650,-0.038103,373.426641
0.033935,0.046494,0.001254,471.363887
0.579519,0.047580,-0.061434,338.861109
0.071502,0.058420,-0.000567,462.568041
0.825044,0.014810,-0.115721,275.804147
0.242396,0.048468,-0.013471,421.949699
0.254959,0.037415,-0.014720,418.924277
0.806749,0.054430,-0.111097,280.577975
0.946334,0.036738,-0.148793,243.830304
0.198811,0.016808,-0.009459,432.404774
0.958181,0.068676,-0.152251,240.676616
0.286057,0.092765,-0.017988,411.410517
0.139236,0.048092,-0.004774,446.588358
0.024714,0.066719,0.001646,473.515048
0.939057,0.019472,-0.146689,245.764932
0.985478,0.071677,-0.156949,233.644384
0.875533,0.096064,-0.128976,262.560136
0.129630,0.051752,-0.004105,448.864027
0.500155,0.057056,-0.047417,358.779808
0.310648,0.037041,-0.020753,405.447712
0.694939,0.091209,-0.084877,309.490223
0.325624,0.082909,-0.022514,401.804051
0.302355,0.008738,-0.019803,407.462017
0.481572,0.020216,-0.044379,363.412436
0.295496,0.056393,-0.019031,409.124497
-0.000045,0.002100,-0.000077,479.257732
0.197580,0.081126,-0.009352,432.697526
0.967655,0.008266,-0.155045,238.152938
0.428887,0.000868,-0.035954,376.489709
0.253333,0.003865,-0.014556,419.316996
0.518354,0.023078,-0.050481,354.232809
0.761446,0.016864,-0.100052,292.349123
0.498737,0.033062,-0.047182,359.134316
0.119552,0.021979,-0.003429,451.249134
0.465706,0.001251,-0.041816,367.359580
0.892983,0.049525,-0.133726,257.962290
0.287470,0.085619,-0.018143,411.068585
0.080154,0.067826,-0.001038,460.535493
0.951307,0.081303,-0.150240,242.506437
0.779138,0.029683,-0.104297,287.761221
0.984584,0.068956,-0.158497,233.749133
0.037213,0.088944,0.001110,470.597336
0.916339,0.094098,-0.140221,251.787521
0.204151,0.089243,-0.009923,431.125518
0.903694,0.048113,-0.136685,255.133664
-0.000041,0.072043,-0.000072,479.255395
0.035636,0.017023,0.001179,470.967434
0.230513,0.099724,-0.011466,424.824480
0.261899,0.036031,-0.015427,417.250729
0.001365,0.038884,0.002538,478.950854
0.936150,0.090377,-0.145854,246.534922
0.005428,0.072566,0.002393,478.005567
0.002412,0.079917,0.002501,478.706618
0.208270,0.028279,-0.010287,430.141069
0.582537,0.057139,-0.062001,338.099103
0.065130,0.043692,-0.000232,464.063599
0.168930,0.092262,-0.006993,439.532492
0.101945,0.057160,-0.002311,455.405374
0.886134,0.046646,-0.131851,259.768852
0.184748,0.066976,-0.008269,435.762719
0.046228,0.013860,0.000698,468.491891
0.288499,0.029881,-0.018256,410.820582
0.716589,0.043044,-0.089682,303.928588
0.106054,0.089568,-0.002564,454.435429
0.053873,0.031405,0.000333,466.702241
0.171904,0.060317,-0.007228,438.825181
0.792833,0.051348,-0.107643,284.201740
0.783527,0.008366,-0.105363,286.622050
0.961699,0.087804,-0.153286,239.738902
0.286282,0.098836,-0.017068,411.380554
0.827477,0.022676,-0.116343,275.168141
0.972733,0.037895,-0.156554,236.797375
0.638137,0.006112,-0.072884,324.006129
0.615656,0.080227,-0.068382,329.716326
0.714056,0.091962,-0.089113,304.579090
0.545758,0.055909,-0.055264,347.361563
0.864106,0.012699,-0.125912,265.567540
0.926919,0.017239,-0.143214,248.986208
0.312697,0.038513,-0.020990,404.949583
0.015675,0.017489,0.002007,475.622539
0.453079,0.057219,-0.039902,370.489679
0.465978,0.049500,-0.041902,367.289204
0.978657,0.042212,-0.158324,235.215351
0.541492,0.086668,-0.054506,348.432052
0.277728,0.021485,-0.017088,413.427459
0.703081,0.082134,-0.086668,307.400437
0.204088,0.080585,-0.009917,431.140948
0.641471,0.016363,-0.073563,323.157282
0.687186,0.031061,-0.083187,311.479435
0.954192,0.065751,-0.151082,241.739010
0.135926,0.085245,-0.004540,447.371984
0.636702,0.082665,-0.072593,324.369373
0.892198,0.000440,-0.133394,258.178511
0.796357,0.049888,-0.108512,283.284870
0.091097,0.022968,-0.001662,457.962069
0.256328,0.017315,-0.014858,418.594784
0.455769,0.076894,-0.040315,369.822261
0.108775,0.092523,-0.002734,453.793097
0.202406,0.079228,-0.009770,431.543251
0.112250,0.088901,-0.002955,452.972702
0.906907,0.055025,-0.137579,254.284266
0.704441,0.000733,-0.088341,306.978666
0.156639,0.097281,-0.006046,442.456145
0.557263,0.012269,-0.057332,344.470433
0.281199,0.006485,-0.017461,412.588318
0.018844,0.035238,0.001883,474.883982
0.286904,0.070616,-0.018081,411.205929
0.878894,0.023526,-0.129883,261.677140
0.331412,0.030510,-0.023211,400.395468
0.719307,0.083336,-0.090294,303.227928
0.363671,0.060180,-0.027254,392.515848
0.912522,0.094434,-0.139149,252.797857
0.425817,0.062365,-0.035820,377.235431
0.812201,0.036297,-0.112465,279.156923
0.087338,0.000185,-0.002018,458.839654
0.864548,0.025877,-0.126029,265.451063
0.719068,0.084868,-0.090240,303.289529
0.586531,0.069080,-0.062755,337.090055
0.304879,0.082666,-0.020090,406.847470
-0.000472,0.085617,-0.000817,479.349011
0.098022,0.026937,-0.002073,456.330818
0.898258,0.080368,-0.135179,256.569105
0.059952,0.080141,0.000032,465.276863
0.448570,0.041736,-0.039213,371.607652
0.148414,0.013951,-0.005436,444.411785
0.423925,0.005214,-0.035545,377.703920
0.658344,0.089332,-0.077049,318.854213
0.855833,0.084469,-0.123718,267.738471
0.061786,0.036949,-0.000061,464.848048
0.006547,0.060634,0.002352,477.745646
0.386899,0.046371,-0.030336,386.820705
0.141634,0.038297,-0.004945,446.020074
0.197751,0.062125,-0.009367,432.657156
0.341008,0.037017,-0.024385,398.055383
0.416522,0.045578,-0.034474,379.529772
0.110468,0.006646,-0.002842,453.395403
0.985050,0.100009,-0.157690,233.693746
0.374327,0.059100,-0.028650,389.905443
0.195430,0.076954,-0.009167,433.211385
0.809382,0.037250,-0.111756,279.891852
0.422892,0.084651,-0.035394,377.957122
0.054907,0.043021,0.000282,466.459728
0.003600,0.006019,0.002458,478.432235
0.134226,0.061050,-0.004422,447.775373
0.349282,0.044983,-0.025417,396.034988
0.470892,0.060064,-0.042676,366.067822
0.579512,0.058168,-0.061433,338.862618
0.985133,0.038071,-0.157547,233.685670
0.259055,0.043065,-0.015136,417.936609
0.059343,0.010322,0.000062,465.421328
0.830814,0.068945,-0.117199,274.294217
0.814612,0.058406,-0.113073,278.527263
0.413790,0.095389,-0.034082,380.202291
0.337494,0.035701,-0.023952,398.912640
0.724447,0.038007,-0.091458,301.905586
0.971832,0.026936,-0.156286,237.038067
0.710685,0.095022,-0.088359,305.445837
0.211107,0.063539,-0.010540,429.460760
0.614004,0.031011,-0.068057,330.136621
0.958508,0.099055,-0.150637,240.711968
0.036652,0.013516,0.001134,470.730119
0.341048,0.049689,-0.024390,398.045392
0.065862,0.004213,-0.000271,463.892895
0.006959,0.085827,0.002337,477.649299
0.634725,0.013834,-0.072192,324.874158
0.035436,0.027313,0.001188,471.013849
0.095435,0.000767,-0.002359,456.934938
0.939518,0.045129,-0.146822,245.641591
0.329058,0.090288,-0.022926,400.967459
0.491717,0.049916,-0.046026,360.884540
0.441043,0.070898,-0.038075,373.470850
0.406822,0.004349,-0.033094,381.921566
0.956860,0.010596,-0.151863,241.029924
0.848913,0.068985,-0.121897,269.554371
0.864197,0.022266,-0.125936,265.543383
0.308713,0.034418,-0.020529,405.917838
0.103410,0.056583,-0.002401,455.059806
0.166297,0.006901,-0.006788,440.161340
0.197052,0.040574,-0.009307,432.824739
0.888180,0.060505,-0.132409,259.228983
0.346662,0.012365,-0.025088,396.675749
0.825577,0.038502,-0.115857,275.664201
0.589643,0.046182,-0.063345,336.304351
0.022470,0.028739,0.001737,474.038996
0.381990,0.051135,-0.029673,388.025701
0.373449,0.048635,-0.028534,390.120752
0.354564,0.011692,-0.026085,394.745036
0.079560,0.056920,-0.001005,460.675386
0.454970,0.019954,-0.040192,370.021917
0.049326,0.029574,0.000552,467.766606
0.984752,0.008171,-0.158207,233.731035
0.201392,0.016073,-0.009682,431.787371
0.379266,0.044718,-0.029308,388.694504
0.274076,0.024144,-0.016699,414.310452
0.536696,0.058301,-0.053660,349.636494
0.102245,0.040402,-0.002329,455.334944
0.746072,0.000345,-0.097777,296.250138
0.920091,0.053425,-0.141279,250.795047
0.227647,0.025965,-0.012058,425.495143
0.351304,0.061154,-0.025671,395.540721
0.327362,0.058528,-0.022722,401.381498
0.940418,0.094511,-0.147082,245.401380
0.576124,0.057742,-0.060800,339.717583
0.253615,0.096419,-0.014584,419.246943
0.612592,0.093473,-0.067779,330.493239
0.321892,0.025466,-0.022070,402.713785
0.056020,0.015763,0.000227,466.199807
0.418326,0.049941,-0.034734,379.084611
0.200694,0.099347,-0.008908,431.967153
0.922932,0.061037,-0.142082,250.042178
0.034989,0.054627,0.001208,471.117587
0.373018,0.023229,-0.028477,390.227233
0.916575,0.042861,-0.140287,251.726540
0.347629,0.007825,-0.025209,396.439688
0.000487,0.052253,0.000844,479.140612
0.626468,0.071986,-0.070530,326.971663
0.354395,0.000546,-0.025304,394.809917
0.568663,0.052152,-0.059416,341.598982
0.317780,0.075715,-0.021584,403.713081
0.784948,0.082256,-0.105710,286.250995
0.360580,0.000301,-0.026124,393.296367
0.885493,0.087893,-0.131676,259.936737
0.533041,0.057876,-0.053019,350.553134
0.332463,0.007062,-0.023338,400.139931
0.985649,0.073999,-0.156654,233.624320
0.666436,0.067273,-0.078748,316.788335
0.438414,0.040956,-0.037682,374.122065
0.099038,0.086598,-0.002133,456.089912
0.431460,0.068313,-0.036649,375.841158
0.060255,0.003987,0.000016,465.207643
0.985563,0.033986,-0.156801,233.635321
0.083653,0.027347,-0.001234,459.713700
0.082940,0.056232,-0.001194,459.880713
0.402759,0.013082,-0.032523,382.921709
0.404935,0.038159,-0.032828,382.385379
0.298428,0.004076,-0.019359,408.414820
0.000513,0.063472,0.000889,479.134646
0.105041,0.079089,-0.002501,454.674628
0.760494,0.008523,-0.099826,292.596011
0.889073,0.030193,-0.132653,258.994289
0.754201,0.067243,-0.098339,294.223191
0.441063,0.032996,-0.038079,373.466720
0.000878,0.073309,0.002555,479.063258
0.553670,0.045512,-0.056682,345.373472
0.244758,0.044778,-0.013703,421.381198
0.380400,0.044930,-0.029460,388.416218
0.161646,0.067825,-0.006427,441.266597
0.914610,0.011535,-0.139734,252.247572
0.606720,0.007587,-0.066631,331.983749
0.705971,0.051223,-0.087309,306.658651
0.658158,0.060376,-0.077010,318.902463
0.682611,0.033439,-0.082198,312.651496
0.974191,0.049814,-0.156989,236.407732
0.771488,0.099091,-0.103704,289.670862
0.342336,0.000702,-0.023738,397.756436
0.927801,0.018074,-0.143465,248.752432
0.002493,0.000650,-0.000012,478.668972
0.156353,0.049642,-0.006025,442.525329
0.107130,0.009652,-0.002632,454.183295
0.696767,0.028612,-0.085277,309.022715
0.772252,0.076309,-0.102634,289.546964
0.505202,0.090202,-0.048258,357.518840
0.253776,0.013041,-0.014601,419.210061
0.256962,0.035667,-0.014923,418.441594
0.613789,0.025557,-0.068015,330.191350
0.549455,0.039354,-0.055924,346.433306
0.189035,0.027608,-0.008626,434.740414
0.358852,0.086596,-0.026633,393.694485
0.963772,0.021988,-0.153896,239.188153
0.134664,0.083439,-0.004452,447.671193
0.704751,0.006721,-0.087038,306.973303
0.357449,0.060788,-0.026453,394.038393
0.240683,0.061910,-0.013304,422.361432
0.190732,0.006889,-0.008769,434.335627
0.087673,0.021364,-0.001464,458.768044
0.098288,0.058268,-0.002088,456.267418
0.109352,0.042195,-0.002771,453.658175
0.506720,0.021484,-0.048512,357.141392
0.565242,0.050443,-0.058787,342.460970
0.747200,0.024092,-0.096698,296.034790
0.955582,0.098840,-0.149864,241.484739
0.005838,0.036776,0.002378,477.911067
0.283752,0.058316,-0.017737,411.969221
0.176794,0.092647,-0.007619,437.659261
0.131216,0.066526,-0.004213,448.488242
0.553577,0.099916,-0.057305,345.367360
0.271048,0.094647,-0.016379,415.040450
0.007169,0.020697,0.002329,477.601948
0.887743,0.041442,-0.132290,259.344645
0.778985,0.085645,-0.104260,287.799469
0.209268,0.021085,-0.010376,429.902357
0.322266,0.047454,-0.022114,402.622234
0.019610,0.091167,0.001853,474.704194
0.290678,0.037925,-0.018496,410.292590
0.814416,0.050162,-0.113023,278.578472
0.035020,0.045628,0.001207,471.110576
0.036467,0.021550,0.001143,470.773262
0.445637,0.019312,-0.038768,372.334691
0.354080,0.062409,-0.026023,394.861982
0.721464,0.012803,-0.090782,302.674331
0.549570,0.031902,-0.055945,346.404414
0.321890,0.026385,-0.022069,402.714307
0.726188,0.074085,-0.091854,301.456074
0.632896,0.011147,-0.071822,325.339410
0.446725,0.004403,-0.038933,372.065556
0.732705,0.012100,-0.093343,299.777438
0.349012,0.015314,-0.025383,396.101725
0.115346,0.001206,-0.003298,452.241391
0.388865,0.069713,-0.030604,386.337211
0.570469,0.074777,-0.059750,341.143339
0.819091,0.012308,-0.114206,277.359157
0.276338,0.023144,-0.016940,413.763738
0.315535,0.074440,-0.021321,404.258992
0.241127,0.034078,-0.013347,422.255238
0.306013,0.033746,-0.020220,406.573567
0.014343,0.021415,0.002059,475.932466
0.010490,0.066912,0.002206,476.828252
0.782677,0.041007,-0.105156,286.842043
0.013707,0.099609,-0.000106,476.059357
0.840471,0.067609,-0.119694,271.766894
0.920292,0.028553,-0.141335,250.742413
0.464336,0.071075,-0.041645,367.696463
0.630139,0.088205,-0.071267,326.038355
0.333772,0.083326,-0.023497,399.818935
0.356993,0.048831,-0.026395,394.150257
0.947589,0.090671,-0.149158,243.495318
0.567047,0.068465,-0.059119,342.005844
0.337122,0.034165,-0.023906,399.003458
0.606862,0.092423,-0.066659,331.945695
0.536062,0.057313,-0.053548,349.795500
0.326568,0.047748,-0.022627,401.575109
0.491419,0.042725,-0.045977,360.959146
0.475269,0.076385,-0.043370,364.979210
0.592316,0.055572,-0.063854,335.628175
0.126488,0.081945,-0.003891,449.607010
0.483171,0.028683,-0.044637,363.014153
0.607086,0.086672,-0.066703,331.888917
0.098957,0.012222,-0.002129,456.110756
0.055920,0.071380,0.000233,466.221752
0.723368,0.060422,-0.091213,302.182902
0.477690,0.055919,-0.043757,364.377518
0.095297,0.061842,-0.001909,456.972198
0.195911,0.009084,-0.009209,433.098107
0.723166,0.046460,-0.091167,302.235278
0.970889,0.094870,-0.156006,237.287887
0.350017,0.083115,-0.025509,395.854639
0.840862,0.073878,-0.119796,271.664103
0.316870,0.079663,-0.021477,403.934194
0.822367,0.046420,-0.115038,276.502739
0.335739,0.033142,-0.023737,399.340594
0.409102,0.067463,-0.033416,381.358418
0.120465,0.044802,-0.003489,451.032573
0.238168,0.043410,-0.013060,422.966818
0.173388,0.017923,-0.007347,438.472622
0.367827,0.042932,-0.027795,391.498719
0.728224,0.021195,-0.092318,300.932608
0.616671,0.092903,-0.068583,329.458618
0.313112,0.015161,-0.021039,404.849475
0.326357,0.016705,-0.022602,401.627191
0.070414,0.062746,-0.000509,462.823330
0.688205,0.066765,-0.083409,311.217393
0.310583,0.060245,-0.020745,405.462779
0.674105,0.073201,-0.080375,314.827512
0.984988,0.098547,-0.157797,233.701023
0.876248,0.074973,-0.129169,262.372282
0.481130,0.060290,-0.044308,363.521540
0.349001,0.050873,-0.025381,396.103620
0.261329,0.020699,-0.015369,417.388555
0.106698,0.023819,-0.002605,454.284892
0.271628,0.010595,-0.016440,414.902237
0.607752,0.000953,-0.067842,331.674284
0.840697,0.096939,-0.119753,271.706869
0.888210,0.023869,-0.132417,259.222034
0.426773,0.065776,-0.035960,376.999108
0.044321,0.095009,0.000788,468.935897
0.275719,0.099798,-0.015926,413.935436
0.128458,0.017927,-0.004025,449.142346
0.174276,0.042949,-0.007417,438.260344
0.540082,0.025087,-0.054256,348.787589
0.426093,0.023611,-0.035861,377.168243
0.641888,0.053181,-0.073649,323.050235
0.201114,0.018641,-0.009658,431.853815
0.363952,0.065377,-0.027291,392.447022
0.863197,0.055755,-0.125670,265.805210
0.473382,0.006607,-0.043070,365.450203
0.319070,0.092036,-0.021736,403.398938
0.456040,0.024875,-0.040357,369.756365
0.589807,0.029910,-0.063376,336.263241
0.036533,0.015510,0.001140,470.757951
0.000638,0.048867,0.001105,479.107728
0.063598,0.092593,-0.000153,464.421782
0.073225,0.093226,-0.000659,462.162745
0.419835,0.049829,-0.034951,378.712411
0.132522,0.088499,-0.004303,448.178369
0.657284,0.016515,-0.076827,319.126560
0.531094,0.075853,-0.052679,351.040814
0.400806,0.046312,-0.032250,383.401573
0.913463,0.051818,-0.139412,252.549920
0.542049,0.061212,-0.054605,348.292903
0.129449,0.096166,-0.004092,448.905959
0.974328,0.031081,-0.157029,236.371636
0.402891,0.018084,-0.032541,382.889066
0.804421,0.040892,-0.110515,281.184959
0.672366,0.021902,-0.080004,315.273690
0.520515,0.065844,-0.050851,353.690888
0.403050,0.085637,-0.032563,382.848388
0.867917,0.087882,-0.126930,264.563822
0.101150,0.005989,-0.002263,455.594059
0.549274,0.003752,-0.055892,346.479686
0.759368,0.099933,-0.100862,292.809400
0.560355,0.000428,-0.058584,343.662008
0.358059,0.062990,-0.026531,393.888968
0.445516,0.004055,-0.038750,372.365070
0.000131,0.042571,0.000227,479.218480
0.850026,0.000261,-0.122750,269.228172
0.552631,0.099583,-0.057128,345.605473
0.481662,0.076429,-0.044394,363.388769
0.132150,0.062895,-0.004278,448.267050
0.624946,0.039528,-0.070226,327.359221
0.321737,0.009034,-0.022051,402.751889
0.291087,0.072410,-0.018541,410.192718
0.905143,0.054931,-0.137087,254.750607
0.189401,0.000061,-0.008020,434.666243
0.331606,0.090413,-0.023234,400.346822
0.268323,0.080365,-0.016093,415.699043
0.117441,0.002985,-0.003291,451.748373
0.534952,0.043933,-0.053354,350.074305
0.194331,0.044342,-0.009074,433.474908
0.913008,0.077556,-0.139285,252.669652
0.396254,0.050839,-0.031618,384.521385
0.045909,0.057356,0.000713,468.565460
0.664906,0.047201,-0.078425,317.179607
0.276179,0.084248,-0.016922,413.800485
0.017130,0.011028,0.001950,475.283726
0.528984,0.063979,-0.052312,351.569819
0.141309,0.085563,-0.004921,446.096065
0.499404,0.096112,-0.047292,358.966223
0.884818,0.023412,-0.131492,260.116361
0.122239,0.098968,-0.003656,450.611156
0.342819,0.040480,-0.024609,397.613431
0.600876,0.065624,-0.065498,333.462250
0.937752,0.099221,-0.145178,246.189516
0.218910,0.023590,-0.011247,427.591717
0.551416,0.023984,-0.056276,345.940699
0.474330,0.030760,-0.043221,365.213900
0.956941,0.072902,-0.151887,241.006905
0.755860,0.060409,-0.098730,293.794305
0.256985,0.053465,-0.014925,418.435571
0.968213,0.098756,-0.153207,238.147562
0.332593,0.077942,-0.023354,400.106413
0.179643,0.090029,-0.007850,436.980015
0.863740,0.014270,-0.125814,265.663672
0.166055,0.034707,-0.006769,440.218197
0.083295,0.037279,-0.001214,459.797714
0.779966,0.014562,-0.104497,287.546648
0.769283,0.086523,-0.101922,290.316613
-0.000522,0.074585,-0.000904,479.360230
0.525647,0.060098,-0.051734,352.406012
0.586686,0.057383,-0.062784,337.051280
0.444450,0.014907,-0.038588,372.628898
0.662973,0.079234,-0.078019,317.672579
0.557377,0.030476,-0.057353,344.441292
0.619393,0.081637,-0.069121,328.768011
0.899912,0.010166,-0.135636,256.133888
0.741319,0.066391,-0.095330,297.553020
0.262033,0.074469,-0.015441,417.217400
0.706774,0.052339,-0.087487,306.452406
0.835337,0.073011,-0.118364,273.110713
0.650738,0.076916,-0.075468,320.794638
0.838561,0.036468,-0.119198,272.267875
0.416335,0.009033,-0.034447,379.576807
0.058903,0.096959,0.000085,465.522286
0.672804,0.077063,-0.080098,315.160144
0.658205,0.015469,-0.077019,318.891641
0.276250,0.014976,-0.016930,413.785021
0.316188,0.044312,-0.021397,404.100826
0.608989,0.083065,-0.067074,331.406884
0.318793,0.039999,-0.021703,403.467503
0.984549,0.031784,-0.158559,233.754229
0.307374,0.058145,-0.020375,406.242272
0.256630,0.028105,-0.014889,418.521690
0.276797,0.005597,-0.016989,413.653137
0.019483,0.099225,-0.000175,474.714810
0.335140,0.064306,-0.023664,399.486090
0.403182,0.079448,-0.032582,382.815920
0.836550,0.013492,-0.118677,272.794934
0.843390,0.095083,-0.120454,271.001478
0.627157,0.048457,-0.070668,326.797204
0.476326,0.072436,-0.043539,364.716478
0.932066,0.050829,-0.144683,247.620210
0.466732,0.099689,-0.041985,367.101836
0.311624,0.059853,-0.020866,405.209898
0.198869,0.064279,-0.009463,432.389627
0.717730,0.004311,-0.089938,303.635922
0.115699,0.094245,-0.003177,452.157922
0.285332,0.086978,-0.017909,411.586139
0.374238,0.053273,-0.028639,389.927322
0.923646,0.078894,-0.142285,249.852245
0.009123,0.094657,0.002258,477.145873
0.512457,0.012755,-0.049478,355.707830
0.486874,0.029477,-0.045236,362.092059
0.805820,0.000864,-0.111898,280.758087
0.216137,0.038349,-0.010994,428.256230
0.140063,0.021390,-0.004833,446.393057
0.949136,0.050376,-0.149607,243.084935
0.922687,0.000483,-0.141250,250.161672
0.848151,0.060819,-0.121697,269.754337
0.637112,0.049991,-0.072676,324.265870
0.389658,0.000442,-0.030139,386.162787
0.068353,0.059657,-0.000400,463.307223
0.431207,0.003222,-0.036612,375.905248
0.372049,0.085606,-0.028349,390.463035
0.656862,0.040009,-0.076739,319.233649
0.777996,0.079640,-0.104020,288.056489
0.060914,0.000089,-0.001082,465.040737
0.177485,0.023324,-0.007676,437.496053
0.083468,0.003655,-0.001224,459.757760
0.516878,0.059301,-0.050229,354.601134
0.089477,0.054010,-0.001567,458.342863
0.602111,0.076523,-0.065736,333.149457
0.050948,0.002559,0.000474,467.387551
0.067547,0.048308,-0.000358,463.496506
0.098139,0.069764,-0.002079,456.302272
0.190528,0.051822,-0.008752,434.383173
0.028448,0.077199,0.001490,472.643936
0.746233,0.071631,-0.096472,296.283449
0.166521,0.000604,-0.006357,440.116462
0.939941,0.062768,-0.146944,245.528778
0.248343,0.093453,-0.014057,420.516952
0.741240,0.044988,-0.095311,297.573831
0.930817,0.079377,-0.144326,247.950808
0.142383,0.040486,-0.004998,445.842253
0.193378,0.081153,-0.008993,433.701735
0.193911,0.053853,-0.009038,433.574948
0.322992,0.018255,-0.022200,402.446286
0.671313,0.040913,-0.079781,315.542348
0.419583,0.028668,-0.034915,378.775040
0.104622,0.041117,-0.002476,454.774371
0.098865,0.046843,-0.002123,456.131622
0.042936,0.079680,0.000851,469.260033
0.859504,0.091968,-0.124689,266.774496
0.739707,0.061781,-0.094956,297.969425
0.010200,0.018714,0.002216,476.896865
0.586469,0.084186,-0.062743,337.105298
0.266633,0.022651,-0.015917,416.108485
0.651969,0.075350,-0.075723,320.480714
0.592662,0.036358,-0.063920,335.541329
0.704123,0.037048,-0.086899,307.133830
0.658441,0.099465,-0.078330,318.764713
0.404305,0.000254,-0.032257,382.557769
0.052456,0.022287,0.000402,467.034246
0.221582,0.077273,-0.011493,426.949439
0.575218,0.000930,-0.061428,339.911470
0.811589,0.055926,-0.112311,279.315935
0.152450,0.051482,-0.005733,443.452630
0.356772,0.097040,-0.026366,394.203029
0.666445,0.081255,-0.078750,316.785728
0.549491,0.028680,-0.055931,346.424342
0.149056,0.049982,-0.005482,444.258676
0.727388,0.088564,-0.092127,301.146356
0.479717,0.060281,-0.044081,363.873247
0.706626,0.080554,-0.087454,306.489723
0.122489,0.096226,-0.003623,450.552722
0.839172,0.052589,-0.119357,272.107417
0.203477,0.043120,-0.009864,431.287916
0.604728,0.049766,-0.066244,332.487385
0.017661,0.006181,0.001929,475.160156
0.771771,0.087227,-0.102519,289.671482
0.262155,0.003756,-0.015454,417.189873
0.098626,0.006692,-0.002109,456.188986
0.723898,0.013294,-0.091333,302.047435
0.564791,0.014135,-0.058704,342.575364
0.443782,0.056838,-0.038488,372.793194
0.166682,0.034767,-0.006817,440.068995
0.819543,0.024180,-0.114320,277.241001
0.097387,0.007112,-0.002035,456.480885
0.532831,0.052889,-0.052982,350.605906
0.006449,0.036275,0.002355,477.769006
0.054463,0.095952,0.000305,466.562589
0.035451,0.003528,0.001187,471.010888
0.923098,0.038348,-0.142129,249.998784
0.139905,0.024838,-0.004822,446.430246
0.046090,0.039468,0.000705,468.523597
0.325241,0.070961,-0.022468,401.897505
0.870968,0.072233,-0.127747,263.761840
0.452127,0.003151,-0.039756,370.727156
0.755324,0.075373,-0.098604,293.932553
0.868567,0.091802,-0.127104,264.392837
0.028697,0.051519,0.001479,472.586299
0.282745,0.097282,-0.017628,412.212135
0.281611,0.054776,-0.017505,412.487594
0.442589,0.031275,-0.038308,373.089122
0.093796,0.012312,-0.001821,457.326847
0.326614,0.031770,-0.022633,401.564184
0.414409,0.068277,-0.034171,380.050211
0.441449,0.090068,-0.038136,373.369809
0.886135,0.004252,-0.131850,259.769695
0.023712,0.094039,0.001687,473.748052
0.012785,0.019409,0.002119,476.295352
0.864205,0.046375,-0.125938,265.540766
0.393668,0.063694,-0.031261,385.156982
0.824445,0.074117,-0.115568,275.959197
0.658091,0.043679,-0.076996,318.919894
0.666423,0.019042,-0.078745,316.792816
0.365925,0.099802,-0.026843,391.985200
0.519146,0.079396,-0.050616,354.033178
0.040682,0.059513,0.000954,469.787592
0.000184,0.014935,0.000318,479.207630
0.380364,0.065007,-0.029455,388.424417
0.039048,0.084512,0.001028,470.168858
0.331233,0.030943,-0.023189,400.439116
0.236292,0.020355,-0.012879,423.418289
0.074334,0.025061,-0.000719,461.903947
0.533967,0.065392,-0.053181,350.320646
0.747005,0.043516,-0.096652,296.084519
0.301531,0.019184,-0.019709,407.661667
0.516251,0.084605,-0.050122,354.757433
0.434611,0.091464,-0.037115,375.061438
0.023095,0.048974,0.001712,473.893036
0.673244,0.059518,-0.080191,315.048051
0.260116,0.020201,-0.015244,417.681167
0.258872,0.017374,-0.015117,417.981376
0.734953,0.061066,-0.093860,299.196295
0.408155,0.088253,-0.033282,381.591087
0.178233,0.009542,-0.007736,437.318159
0.613510,0.009967,-0.067960,330.262586
0.071675,0.081063,-0.000576,462.526959
0.871922,0.082878,-0.128004,263.510504
0.728167,0.073025,-0.092305,300.945870
0.171407,0.015617,-0.007189,438.944475
0.411552,0.008927,-0.033764,380.755941
0.963459,0.068146,-0.153805,239.270281
0.076829,0.055400,-0.000855,461.317166
0.778319,0.034210,-0.104098,287.973868
0.748520,0.062425,-0.097006,295.692637
0.679498,0.008317,-0.081529,313.449128
0.089331,0.040590,-0.001559,458.377464
0.136243,0.095516,-0.004562,447.296622
0.876746,0.030860,-0.129302,262.242448
0.840710,0.090538,-0.119756,271.703692
0.483671,0.056490,-0.044718,362.888890
0.284192,0.051818,-0.017785,411.862912
0.318195,0.070192,-0.021633,403.612141
0.206115,0.032301,-0.010096,430.656976
0.449957,0.021559,-0.039424,371.264366
0.075355,0.068666,-0.000774,461.663093
0.492218,0.093472,-0.046108,360.758745
0.630539,0.072671,-0.071347,325.936991
0.129886,0.003025,-0.004123,448.804660
0.106215,0.018165,-0.002575,454.399016
0.244247,0.075990,-0.013652,421.503490
0.423207,0.089982,-0.035440,377.879042
0.488516,0.063928,-0.045504,361.681958
0.872236,0.044619,-0.128087,263.429127
0.212506,0.035584,-0.010666,429.126375
0.031803,0.047172,0.001347,471.861741
0.697448,0.028378,-0.085427,308.847995
0.510725,0.080879,-0.049186,356.139280
0.350134,0.068269,-0.025524,395.826446
0.258728,0.031691,-0.015102,418.015876
0.271714,0.046191,-0.016449,414.880620
0.160952,0.005029,-0.006375,441.432974
0.522551,0.092257,-0.051201,353.180444
0.150356,0.056541,-0.005578,443.949926
0.938958,0.023305,-0.146660,245.791008
0.667295,0.068721,-0.078929,316.568706
0.043546,0.003090,0.000822,469.119197
0.786154,0.093485,-0.106005,285.937254
0.164124,0.046322,-0.006619,440.677438
0.405700,0.064207,-0.032935,382.196489
0.206061,0.071696,-0.010091,430.668852
0.027172,0.085976,0.001544,472.941421
0.183252,0.056924,-0.008146,436.120068
0.446039,0.008364,-0.038829,372.235461
0.437959,0.076033,-0.037614,374.233750
0.230095,0.000767,-0.011428,424.927150
0.237765,0.094285,-0.013021,423.062271
0.437590,0.098827,-0.037304,374.333814
0.029470,0.084523,0.001447,472.405277
0.239193,0.046432,-0.013159,422.720030
0.356916,0.035856,-0.026385,394.169213
0.195107,0.090603,-0.009140,433.288464
0.216295,0.073428,-0.011008,428.217552
0.044305,0.034492,0.000788,468.941134
0.274147,0.094290,-0.016706,414.291479
0.748944,0.060879,-0.097105,295.583010
0.168826,0.030908,-0.006985,439.558687
0.424918,0.016479,-0.035689,377.458426
0.577703,0.014399,-0.061095,339.320244
0.761135,0.063019,-0.099978,292.428491
0.611403,0.071670,-0.067546,330.795295
0.413732,0.010711,-0.034075,380.218534
0.023808,0.065202,0.001683,473.726273
0.254665,0.065063,-0.014690,418.994548
0.113423,0.051516,-0.003030,452.696736
0.198236,0.043512,-0.009409,432.541419
0.197183,0.015007,-0.009318,432.793846
0.756206,0.047821,-0.098812,293.705048
0.237533,0.050279,-0.012999,423.119212
0.409352,0.062375,-0.033451,381.296955
0.591394,0.050435,-0.063678,335.861372
0.272007,0.073624,-0.016480,414.809144
0.883135,0.055510,-0.131034,260.559106
0.981426,0.081898,-0.159155,234.474436
0.376916,0.032306,-0.028994,389.271243
0.646707,0.013384,-0.074637,321.823654
0.331757,0.050423,-0.023252,400.310816
0.000426,0.057061,0.000737,479.153910
0.357709,0.052698,-0.026486,393.975019
0.335315,0.018533,-0.023685,399.444521
0.401395,0.078332,-0.032332,383.255872
0.501654,0.010225,-0.047666,358.406702
0.984717,0.058025,-0.158268,233.733903
0.113073,0.022348,-0.003008,452.779941
0.702439,0.075287,-0.086527,307.565281
0.319581,0.081778,-0.021796,403.274866
0.944679,0.078924,-0.148313,244.269385
0.940343,0.010536,-0.147060,245.423352
0.693156,0.068102,-0.084487,309.948025
0.786601,0.048151,-0.106114,285.822153
0.886705,0.043888,-0.132006,259.618258
0.666308,0.053483,-0.078721,316.821248
0.499252,0.034670,-0.047267,359.005579
0.622221,0.040534,-0.069682,328.051323
0.142310,0.077375,-0.004993,445.858685
0.532494,0.081043,-0.052924,350.689656
0.031693,0.076309,0.001352,471.886636
0.351061,0.028722,-0.025641,395.600860
0.376972,0.080805,-0.029002,389.256112
0.883565,0.099961,-0.131193,260.441797
0.661564,0.051573,-0.077723,318.033170
0.433664,0.007579,-0.036975,375.297632
0.000619,0.066514,0.001072,479.111530
0.359516,0.047331,-0.026718,393.533029
0.355129,0.098801,-0.025401,394.627782
0.590037,0.027436,-0.063420,336.205152
0.448413,0.056960,-0.039189,371.646060
0.296492,0.035561,-0.019142,408.883589
0.076892,0.088879,-0.000858,461.301496
0.077621,0.038327,-0.000898,461.131505
0.603149,0.048111,-0.065937,332.887351
0.410701,0.017363,-0.033643,380.965580
0.105393,0.003416,-0.002524,454.593216
0.945157,0.081523,-0.148452,244.142189
0.393688,0.095432,-0.031264,385.151333
0.779354,0.049735,-0.104349,287.704586
0.553553,0.087733,-0.056661,345.401850
0.333431,0.096184,-0.023455,399.901885
0.282870,0.095483,-0.017641,412.181873
0.116421,0.059823,-0.003224,451.988168
0.579218,0.036595,-0.061378,338.937496
0.558204,0.043803,-0.057503,344.232976
0.788580,0.002649,-0.106598,285.308914
0.230469,0.094773,-0.012323,424.815678
0.985637,0.067933,-0.156673,233.625790
0.698813,0.017314,-0.085727,308.497876
0.532101,0.062320,-0.052855,350.788688
0.339219,0.046705,-0.024164,398.491668
-0.000424,0.046258,-0.000734,479.339429
0.377446,0.067355,-0.029065,389.140391
0.578931,0.083469,-0.061324,339.008646
0.748372,0.043842,-0.096972,295.731170
0.138643,0.038642,-0.004732,446.729313
0.529074,0.026990,-0.052328,351.548355
0.340697,0.067773,-0.024346,398.130474
0.150655,0.063763,-0.005600,443.878595
0.376664,0.037726,-0.028961,389.332907
0.144186,0.097290,-0.005127,445.413424
0.587864,0.070377,-0.063007,336.753306
0.130101,0.040821,-0.004137,448.752859
0.444025,0.046349,-0.038524,372.733223
0.209221,0.072072,-0.010371,429.912270
0.380811,0.060013,-0.029515,388.314829
0.464626,0.009331,-0.041690,367.625798
0.263443,0.023334,-0.015586,416.878405
0.144263,0.044185,-0.005134,445.396299
0.820796,0.025575,-0.114639,276.913776
0.841033,0.043541,-0.119840,271.620211
0.787645,0.009958,-0.106369,285.551845
0.585037,0.092191,-0.062472,337.466879
0.006170,0.070001,0.002366,477.833226
0.423221,0.086662,-0.035442,377.875855
0.217639,0.029632,-0.011131,427.896177
0.185702,0.027341,-0.008348,435.536010
0.058623,0.073382,0.000099,465.588499
0.359675,0.095019,-0.026738,393.492854
0.637035,0.051078,-0.072660,324.285344
0.593966,0.004681,-0.064169,335.212323
0.903479,0.094147,-0.136625,255.189390
0.220294,0.086866,-0.011374,427.258341
0.900963,0.026363,-0.135927,255.855976
0.768045,0.035183,-0.101625,290.638982
0.191068,0.096876,-0.008797,434.253261
0.200366,0.046417,-0.009593,432.032074
0.321702,0.008674,-0.022047,402.760529
0.109072,0.073441,-0.002753,453.723593
0.117093,0.096255,-0.003267,451.828408
0.007257,0.036608,0.002326,477.581114
0.789599,0.056736,-0.106848,285.042496
0.081096,0.082851,-0.001090,460.313571
0.911880,0.060911,-0.138969,252.968657
0.195459,0.057442,-0.009170,433.204996
0.314039,0.043880,-0.021146,404.623317
0.294537,0.068138,-0.018924,409.356625
0.680176,0.044407,-0.081674,313.274692
0.549663,0.082850,-0.055962,346.379925
0.125296,0.077500,-0.003811,449.889260
0.453481,0.016192,-0.039963,370.391115
0.040749,0.016763,0.000951,469.772906
0.855582,0.020517,-0.123651,267.805964
0.016080,0.075751,0.001992,475.526942
0.269608,0.044833,-0.016228,415.389536
0.983253,0.006797,-0.159703,233.988110
0.984733,0.062405,-0.158239,233.731855
0.388468,0.064477,-0.030550,386.434732
0.173749,0.066975,-0.007375,438.385328
-0.000162,0.061355,-0.000281,479.282070
0.498982,0.025018,-0.047222,359.073276
0.269232,0.006523,-0.016189,415.481124
0.323954,0.039778,-0.022315,402.211653
0.098383,0.056216,-0.002094,456.244950
0.064882,0.098896,-0.001206,464.108658
0.953847,0.072695,-0.150981,241.830601
0.372836,0.052501,-0.028453,390.270952
0.043603,0.058198,0.000821,469.104795
0.111074,0.063496,-0.002880,453.251134
0.415291,0.032787,-0.034297,379.833697
0.197148,0.074694,-0.009315,432.800920
0.383232,0.039039,-0.029840,387.721317
0.085373,0.016832,-0.001332,459.309311
0.459105,0.017889,-0.040831,368.996213
0.714849,0.083987,-0.089291,304.375212
0.059230,0.047386,0.000068,465.446954
0.026898,0.069999,0.001555,473.005555
0.826100,0.099836,-0.116836,275.473002
0.388844,0.006207,-0.030601,386.343761
0.523555,0.054440,-0.051373,352.930228
0.141171,0.058601,-0.004911,446.129421
0.753818,0.071669,-0.098249,294.322207
0.136020,0.082289,-0.004547,447.349924
0.849957,0.092944,-0.122171,269.280048
0.131922,0.038248,-0.004262,448.321759
0.410325,0.065602,-0.033589,381.056969
0.554657,0.079329,-0.056860,345.124382
0.502581,0.032545,-0.047820,358.174703
0.084593,0.032240,-0.001288,459.492395
0.041501,0.043715,0.000917,469.596348
0.553740,0.004983,-0.056695,345.356749
0.574218,0.094793,-0.060445,340.197505
0.134143,0.089582,-0.004416,447.794550
0.871854,0.084911,-0.127985,263.528449
0.859164,0.036444,-0.124598,266.865216
0.765250,0.038265,-0.100957,291.363289
0.619943,0.072587,-0.069230,328.628781
0.669836,0.066182,-0.079467,315.919311
0.150752,0.029104,-0.005608,443.856387
0.180771,0.023245,-0.007943,436.712557
0.169723,0.046510,-0.007056,439.344804
0.554052,0.000071,-0.057394,345.250223
0.269513,0.000907,-0.015273,415.437122
0.539484,0.063347,-0.054151,348.936651
0.452672,0.069826,-0.039839,370.590335
0.143373,0.050241,-0.005069,445.607198
0.513369,0.035963,-0.049633,355.479443
0.253460,0.096417,-0.014568,419.284160
0.306480,0.021843,-0.020273,406.460386
0.469414,0.011514,-0.042442,366.436551
0.567372,0.013443,-0.059179,341.925125
0.478614,0.054964,-0.043904,364.147802
0.022146,0.014556,0.001750,474.114860
0.819308,0.071400,-0.114261,277.301114
0.752549,0.090394,-0.097951,294.649924
0.253735,0.004323,-0.014596,419.220207
0.622791,0.037018,-0.069796,327.906609
0.582909,0.090695,-0.062071,338.004243
0.689933,0.079676,-0.083784,310.774124
0.946489,0.033171,-0.148838,243.789375
0.753385,0.070492,-0.098147,294.434384
0.350751,0.046121,-0.025602,395.676092
0.000534,0.054824,0.000925,479.130283
0.896080,0.002817,-0.134577,257.146047
0.914208,0.063988,-0.139621,252.352673
0.010679,0.083422,0.002199,476.784038
0.500929,0.037657,-0.047545,358.587208
0.128787,0.017711,-0.004048,449.064522
0.742003,0.068155,-0.095488,297.376238
0.559306,0.063290,-0.057703,343.955009
0.053088,0.074838,0.000372,466.884927
0.327630,0.019076,-0.022755,401.317111
0.136890,0.062265,-0.004608,447.144188
0.315659,0.011131,-0.021336,404.230262
0.622158,0.046085,-0.069670,328.067088
0.022016,0.076404,0.001756,474.143726
0.410023,0.028860,-0.033546,381.132316
0.931190,0.018863,-0.144432,247.853327
0.288490,0.091946,-0.018255,410.821279
0.193824,0.026935,-0.009031,433.596362
0.193985,0.073100,-0.009044,433.556848
0.477107,0.018153,-0.043663,364.523532
0.123013,0.069725,-0.003658,450.429519
0.059498,0.004378,0.000054,465.385022
0.673951,0.055509,-0.080342,314.867505
0.457682,0.071878,-0.040610,369.347846
0.841443,0.098744,-0.120618,271.468504
0.541901,0.085852,-0.054578,348.329591
0.578335,0.055649,-0.061213,339.159819
0.148521,0.041690,-0.005443,444.385827
0.932690,0.091284,-0.144862,247.453448
0.049484,0.037686,0.000545,467.729549
0.809433,0.096217,-0.111770,279.877216
0.760966,0.030216,-0.099938,292.473208
0.948656,0.004328,-0.149467,243.213696
0.904969,0.045334,-0.137039,254.796848
0.551764,0.041113,-0.056339,345.852654
0.256595,0.083978,-0.014885,418.528894
0.702215,0.076077,-0.086477,307.622923
0.794141,0.023671,-0.107965,283.862161
0.061228,0.062347,-0.000033,464.978133
0.490938,0.047316,-0.045899,361.078892
0.183608,0.096307,-0.008175,436.033988
0.283065,0.078040,-0.017663,412.135071
0.118685,0.037390,-0.003372,451.453586
0.191116,0.068720,-0.008801,434.242485
0.256289,0.046169,-0.014854,418.603633
0.983245,0.010846,-0.159701,233.990118
0.135132,0.080947,-0.004485,447.560283
0.589776,0.079029,-0.063370,336.269766
0.385652,0.048020,-0.030167,387.126982
0.105886,0.067084,-0.002554,454.475438
0.033564,0.043701,0.001270,471.450644
0.574932,0.092336,-0.060578,340.017355
0.746771,0.031097,-0.096598,296.145283
0.344218,0.058679,-0.024783,397.271326
0.183571,0.022322,-0.008172,436.044573
0.430618,0.023074,-0.036525,376.050360
0.102122,0.074178,-0.002321,455.363204
0.437753,0.021224,-0.037583,374.286007
0.917402,0.000985,-0.139879,251.552909
0.601444,0.003378,-0.065607,333.320186
0.684413,0.023515,-0.082587,312.190158
0.812700,0.067863,-0.112591,279.025918
0.583998,0.026861,-0.062276,337.730979
0.736342,0.027829,-0.094179,298.838647
0.178556,0.019175,-0.007762,437.240773
0.384394,0.049211,-0.029997,387.435729
0.596702,0.028897,-0.064694,334.519540
0.217751,0.038542,-0.011141,427.869157
0.784070,0.021067,-0.105495,286.480534
0.201785,0.031010,-0.009716,431.693061
0.270761,0.047983,-0.016349,415.110977
0.270980,0.047636,-0.016372,415.058010
0.850668,0.014411,-0.122357,269.095471
0.215843,0.003048,-0.010968,428.327398
0.113610,0.082199,-0.003042,452.651633
0.307757,0.075180,-0.020419,406.148959
0.065879,0.076830,-0.000271,463.887322
0.330844,0.047744,-0.023142,400.533435
0.751238,0.085759,-0.097643,294.989160
0.927058,0.033436,-0.143254,248.949084
0.123977,0.091007,-0.003722,450.201072
0.564788,0.046221,-0.058704,342.575447
0.612400,0.042060,-0.067742,330.543076
0.206272,0.068189,-0.010110,430.618564
0.437141,0.009827,-0.037492,374.437705
0.713540,0.077193,-0.088997,304.712291
0.305078,0.099732,-0.019191,406.824032
0.506643,0.006705,-0.048499,357.161021
0.636252,0.085864,-0.072501,324.483756
0.928590,0.065001,-0.143690,248.541889
0.129462,0.012125,-0.004094,448.904811
0.408728,0.094129,-0.033363,381.449928
0.364881,0.092941,-0.027411,392.218819
0.519285,0.058442,-0.050640,353.998972
0.679540,0.006838,-0.081538,313.438464
0.105018,0.097305,-0.002500,454.679484
0.436551,0.015768,-0.037404,374.583649
0.038553,0.054326,0.001050,470.285032
0.452730,0.004690,-0.039848,370.577584
0.013774,0.072399,0.002082,476.063846
0.048871,0.051300,0.000574,467.872516
0.577363,0.011976,-0.061031,339.406229
0.299330,0.018703,-0.019461,408.195761
0.630486,0.040352,-0.071336,325.951281
0.265495,0.037794,-0.015799,416.382856
0.155486,0.004441,-0.005961,442.732459
0.257510,0.075660,-0.014978,418.308426
0.941773,0.053173,-0.147473,245.042443
0.024385,0.049042,0.001659,473.592080
0.978412,0.091830,-0.158251,235.279450
0.006709,0.071536,0.002346,477.707711
0.718489,0.058872,-0.090110,303.439213
0.323140,0.081901,-0.022218,402.408664
0.241522,0.047952,-0.013386,422.159867
0.250746,0.083588,-0.014296,419.938471
0.049962,0.026540,0.000522,467.617908
0.053249,0.087503,0.000364,466.846976
0.147878,0.062173,-0.005396,444.538086
0.433032,0.070215,-0.036881,375.452473
0.830125,0.017145,-0.117022,274.475726
0.681949,0.041707,-0.082056,312.820929
0.739702,0.099185,-0.096311,297.892780
0.470753,0.000708,-0.042649,366.104145
0.965938,0.039689,-0.154537,238.610172
0.429360,0.067361,-0.036340,376.360048
0.196947,0.094677,-0.009297,432.848582
0.403237,0.086647,-0.032589,382.802199
0.368434,0.018214,-0.027875,391.350438
0.327196,0.000340,-0.021837,401.448283
0.186219,0.084782,-0.008391,435.411319
0.284648,0.062877,-0.017835,411.752406
0.106622,0.094895,-0.002599,454.301167
0.311415,0.029416,-0.020841,405.261506
0.542746,0.062318,-0.054728,348.117992
0.698000,0.062968,-0.085548,308.705470
0.645650,0.004761,-0.074419,322.093123
0.633358,0.043342,-0.071916,325.220931
0.223302,0.019705,-0.011652,426.538250
0.060489,0.058697,0.000005,465.151604
0.248451,0.071993,-0.014067,420.491613
0.230158,0.053264,-0.012294,424.891562
0.342592,0.000112,-0.023771,397.693907
0.665240,0.083108,-0.078496,317.093588
0.354288,0.009451,-0.026050,394.812456
0.255492,0.099911,-0.013844,418.816711
0.674737,0.070313,-0.080510,314.665867
0.481082,0.008248,-0.044301,363.534699
0.115755,0.058216,-0.003181,452.145649
0.438345,0.096107,-0.037671,374.137790
0.072903,0.014447,-0.000642,462.240194
0.272730,0.007357,-0.016557,414.636142
0.239622,0.005637,-0.013201,422.617822
0.000598,0.090658,0.001036,479.115450
0.961412,0.075362,-0.153201,239.815540
0.194335,0.034445,-0.009074,433.474305
0.206839,0.033955,-0.010160,430.483553
0.627511,0.057865,-0.070739,326.706989
0.377255,0.019526,-0.029039,389.188416
0.949988,0.044461,-0.149855,242.858271
0.367061,0.043459,-0.027695,391.686275
0.240261,0.085634,-0.013263,422.462309
0.580260,0.099760,-0.062405,338.634805
0.194162,0.050253,-0.009060,433.515060
0.929608,0.012829,-0.143980,248.273143
0.830099,0.012867,-0.117015,274.482743
0.025819,0.084319,0.001600,473.256984
0.126241,0.047153,-0.003875,449.666305
0.586632,0.063730,-0.062774,337.064619
0.523962,0.068831,-0.051443,352.827946
0.031167,0.016184,0.001374,472.010721
0.115585,0.074112,-0.003169,452.185469
0.930072,0.072807,-0.144113,248.148498
0.090910,0.034496,-0.001651,458.005851
0.848179,0.078579,-0.121705,269.746487
0.606957,0.028582,-0.066677,331.923196
0.644093,0.014145,-0.074100,322.489491
0.012787,0.013767,0.002118,476.294884
0.287029,0.053247,-0.018095,411.175976
0.721846,0.004906,-0.090868,302.576279
0.094766,0.054416,-0.001878,457.097435
0.485458,0.079657,-0.045007,362.443537
0.985440,0.013026,-0.157015,233.650321
0.625881,0.045244,-0.070413,327.121495
0.071976,0.081003,-0.000592,462.456391
0.335005,0.022857,-0.023647,399.519953
0.227778,0.044448,-0.012070,425.463129
0.790631,0.078951,-0.107101,284.773580
0.124923,0.026945,-0.003786,449.978625
0.782131,0.038768,-0.105023,286.983875
0.278222,0.060796,-0.017141,413.307107
0.543953,0.052224,-0.054942,347.814991
0.548799,0.097088,-0.055807,346.596703
0.570160,0.056869,-0.059693,341.221449
0.666007,0.024467,-0.078657,316.899089
0.356549,0.038846,-0.026338,394.259001
0.507066,0.071179,-0.048570,357.053750
0.882324,0.055450,-0.130814,260.772703
0.182721,0.095413,-0.008102,436.245610
0.000249,0.091482,0.000430,479.191717
0.884659,0.068825,-0.131449,260.157008
0.632104,0.054223,-0.071662,325.539560
0.316796,0.060905,-0.021468,403.952753
0.377391,0.007824,-0.029058,389.155214
0.045392,0.056836,0.000738,468.686410
0.084617,0.099823,-0.001909,459.476968
0.140000,0.064426,-0.004828,446.406817
0.069121,0.021274,-0.000441,463.127873
0.014007,0.064062,0.002072,476.009836
0.909170,0.076439,-0.138211,253.685084
0.140631,0.015538,-0.004873,446.258493
0.025730,0.017476,0.001603,473.279322
0.252213,0.030667,-0.014443,419.586364
0.612927,0.065514,-0.067845,330.409055
0.041920,0.009214,0.000897,469.499218
0.068901,0.061117,-0.000429,463.178626
0.106662,0.094497,-0.002602,454.291836
0.135663,0.026097,-0.004522,447.435818
0.049992,0.067776,0.000521,467.609926
0.437831,0.050923,-0.037595,374.266044
0.463245,0.032504,-0.041474,367.968316
0.502270,0.062314,-0.047768,358.251679
0.500944,0.040653,-0.047548,358.583244
0.005328,0.020728,0.002396,478.030149
0.177256,0.021646,-0.007657,437.550706
0.306187,0.010323,-0.020240,406.531848
0.094385,0.075123,-0.001855,457.186552
0.005028,0.033037,0.002407,478.099531
0.947696,0.086493,-0.149189,243.466798
0.065294,-0.000038,-0.001218,464.014504
0.619642,0.028134,-0.069170,328.706268
0.870725,0.000815,-0.127941,263.810490
0.467726,0.031462,-0.042176,366.855321
0.000368,0.008201,0.000638,479.167533
0.639642,0.037408,-0.073190,323.622404
0.132511,0.045013,-0.004303,448.182139
0.109558,0.011017,-0.002785,453.610168
0.523244,0.086499,-0.051320,353.007257
0.337739,0.004857,-0.023982,398.853572
0.570614,0.027531,-0.059777,341.107736
0.271603,0.070930,-0.016437,414.906902
0.224995,0.043021,-0.011809,426.131415
0.835063,0.003316,-0.118293,273.184182
0.188524,0.070867,-0.008583,434.861247
0.406757,0.049617,-0.033084,381.936399
0.610201,0.007777,-0.067310,331.101658
0.635087,0.010436,-0.072265,324.782004
0.261828,0.052556,-0.015420,417.267480
0.234585,0.027254,-0.012715,423.828496
0.313038,0.004075,-0.021030,404.867573
0.578088,0.023198,-0.061167,339.222880
0.337877,0.022409,-0.023999,398.819515
0.558119,0.012331,-0.057487,344.255018
0.939217,0.036510,-0.146735,245.721902
0.877773,0.066165,-0.129580,261.971086
0.549635,0.067481,-0.055957,346.387227
0.322747,0.020854,-0.022171,402.505971
0.261247,0.085610,-0.015360,417.406808
0.831449,0.084197,-0.117363,274.127685
0.102574,0.027949,-0.002349,455.257763
0.410631,0.058701,-0.033633,380.981871
0.479111,0.002715,-0.043984,364.025480
-0.000029,0.055726,-0.000049,479.252989
0.201477,0.099918,-0.008972,431.779858
0.164948,0.057013,-0.006682,440.481273
0.607728,0.075987,-0.066827,331.726726
0.876984,0.007042,-0.129367,262.180420
0.841077,0.071351,-0.119852,271.607852
0.122797,0.078410,-0.003643,450.480344
0.009938,0.081977,0.002227,476.956488
0.027184,0.060170,0.001543,472.939167
0.601857,0.045605,-0.065687,333.214382
0.605347,0.063446,-0.066364,332.330214
0.933993,0.008987,-0.145234,247.109824
0.457746,0.028277,-0.040620,369.332968
0.636397,0.068292,-0.072531,324.447261
0.000277,0.002901,0.000479,479.187666
0.219265,0.099758,-0.010465,427.522562
0.688628,0.022971,-0.083500,311.110193
0.680893,0.077096,-0.081829,313.090334
0.234747,0.059773,-0.012731,423.788684
0.718510,0.077727,-0.090114,303.433402
0.632956,0.072530,-0.071834,325.322545
0.936043,0.038814,-0.145822,246.564692
0.175730,0.092956,-0.007533,437.912670
0.430578,0.044940,-0.036519,376.059511
0.185919,0.057896,-0.008366,435.483494
0.232846,0.089070,-0.012549,424.244832
0.931485,0.016032,-0.144516,247.775220
0.591194,0.019575,-0.063640,335.912745
0.038550,0.087505,0.001051,470.284994
0.394867,0.037745,-0.031426,384.862855
0.034963,0.017895,0.001209,471.124560
0.296080,0.015267,-0.019096,408.983972
0.012763,0.032136,0.002120,476.300042
0.386592,0.031476,-0.030295,386.896381
0.285464,0.000374,-0.016978,411.580961
0.236066,0.070775,-0.012857,423.471523
0.493904,0.000055,-0.046561,360.333627
0.232931,0.041741,-0.012557,424.225637
0.246804,0.049937,-0.013904,420.888725
0.653706,0.060672,-0.076083,320.038295
0.741741,0.099616,-0.096780,297.366138
0.740065,0.085158,-0.095039,297.876309
0.632997,0.062696,-0.071843,325.312249
0.669486,0.096524,-0.079393,316.008035
0.253371,0.037780,-0.014560,419.307014
0.133333,0.098969,-0.004268,447.987521
0.314026,0.034729,-0.021145,404.626793
0.394104,0.088598,-0.031321,385.049058
0.460112,0.084886,-0.040987,368.744505
0.468122,0.074886,-0.042239,366.755871
0.865789,0.036332,-0.126361,265.124663
0.051763,0.023133,0.000435,467.196357
0.755498,0.029650,-0.098644,293.888699
0.226134,0.025787,-0.011916,425.858494
0.294410,0.073896,-0.018909,409.387288
0.080811,0.059967,-0.001075,460.381224
0.961696,0.017712,-0.153284,239.741490
0.112384,0.039137,-0.002964,452.942391
0.005350,0.070251,0.002396,478.023949
0.395641,0.014190,-0.031533,384.673005
0.355544,0.012796,-0.026210,394.505283
0.281350,0.028127,-0.017477,412.551297
0.778792,0.069967,-0.104213,287.850029
0.528108,0.043167,-0.052160,351.789937
0.984770,0.070874,-0.158175,233.727277
0.557340,0.075369,-0.057346,344.449415
0.679035,0.071200,-0.081429,313.566093
0.340433,0.004970,-0.024314,398.196548
0.160214,0.009049,-0.006318,441.608407
0.269065,0.053856,-0.016171,415.520340
0.882517,0.069561,-0.130866,260.721459
0.574563,0.064072,-0.060509,340.111307
0.926822,0.007320,-0.143186,249.012214
0.142547,0.086428,-0.005010,445.802399
0.417320,0.000828,-0.034192,379.347860
0.068805,0.032446,-0.000424,463.201802
0.418855,0.024541,-0.034810,378.954763
0.491838,0.003152,-0.046046,360.855668
0.373224,0.037278,-0.028505,390.176351
0.136710,0.094216,-0.004595,447.186187
0.594447,0.036208,-0.064261,335.089901
0.805795,0.070823,-0.110859,280.826056
0.461524,0.099592,-0.041131,368.396544
0.439048,0.032645,-0.037776,373.965507
0.245591,0.072749,-0.013784,421.180143
0.361025,0.077389,-0.026912,393.163173
0.740022,0.083476,-0.095029,297.887439
0.826462,0.003208,-0.116083,275.433804
0.371486,0.004530,-0.028275,390.603173
0.208758,0.098958,-0.009569,430.038705
0.608520,0.027840,-0.066982,331.527087
0.416355,0.039674,-0.034450,379.571061
0.036241,0.080513,0.001153,470.824669
0.087625,0.013541,-0.001461,458.779647
0.192547,0.043084,-0.008922,433.901171
0.581351,0.090582,-0.061778,338.397634
0.044850,0.064193,0.000763,468.812990
0.183266,0.072646,-0.008147,436.116334
0.046450,0.004274,0.000687,468.440011
0.678208,0.088814,-0.081252,313.777319
0.146891,0.026674,-0.005324,444.773198
0.651029,0.029727,-0.075528,320.721665
0.858686,0.077228,-0.124472,266.989762
0.540723,0.081007,-0.054370,348.625307
0.658699,0.001121,-0.078385,318.701320
0.384542,0.064407,-0.030017,387.399101
0.387214,0.043104,-0.030379,386.743312
0.143056,0.082238,-0.005046,445.681844
0.107701,0.006091,-0.002668,454.048675
0.136136,0.006616,-0.004556,447.324081
0.088055,0.032260,-0.001486,458.677900
0.750066,0.094885,-0.097368,295.292061
0.487753,0.068815,-0.045379,361.871991
0.808762,0.007844,-0.111601,280.054370
0.691336,0.043240,-0.084089,310.415450
0.458858,0.006591,-0.040792,369.057657
0.637878,0.051458,-0.072831,324.070994
0.572998,0.074668,-0.060219,340.505563
0.608169,0.074060,-0.066914,331.615006
0.260813,0.016742,-0.015316,417.513201
0.251954,0.061751,-0.014417,419.647891
0.671001,0.034342,-0.079714,315.622416
0.661533,0.072811,-0.077716,318.040457
0.745592,0.036545,-0.096323,296.449849
0.000107,0.043313,0.000186,479.223640
0.686320,0.074897,-0.083000,311.700253
0.024465,0.035423,0.001656,473.573812
0.608633,0.003242,-0.067004,331.498983
0.673813,0.020788,-0.080313,314.903555
0.850903,0.019132,-0.122419,269.033735
0.474707,0.066816,-0.043281,365.119212
0.950296,0.064732,-0.149945,242.775918
0.699979,0.071057,-0.085984,308.197102
0.127296,0.027286,-0.003946,449.417057
0.054475,0.099082,-0.000895,466.545987
0.408874,0.071823,-0.033383,381.414547
0.352584,0.046008,-0.025834,395.228202
0.151258,0.012603,-0.005645,443.736744
0.475125,0.096643,-0.043347,365.014691
0.350736,0.065036,-0.025600,395.679236
0.655260,0.011895,-0.076406,319.642967
0.549077,0.046450,-0.055857,346.527966
0.702347,0.099732,-0.087875,307.514362
0.919530,0.011097,-0.141120,250.944658
0.448789,0.034792,-0.039246,371.553550
0.202535,0.031780,-0.009782,431.513536
0.433610,0.079905,-0.036967,375.309404
0.830206,0.027538,-0.117043,274.454197
0.723277,0.025641,-0.091192,302.207301
0.001232,0.091872,0.002543,478.980624
0.437015,0.012087,-0.037473,374.469029
0.620379,0.088716,-0.069317,328.517603
0.487004,0.016238,-0.045258,362.059853
0.794309,0.067722,-0.108007,283.817277
0.458441,0.068267,-0.040728,369.159687
0.928246,0.064841,-0.143592,248.633102
0.201277,0.092603,-0.009672,431.813172
0.280939,0.062010,-0.017433,412.650026
0.647055,0.096375,-0.074708,321.732795
0.267568,0.008653,-0.016015,415.882951
0.039617,0.086936,0.001003,470.035733
0.441910,0.086541,-0.038206,373.255893
0.287061,0.057901,-0.018098,411.168135
0.401552,0.046333,-0.032354,383.217998
0.415606,0.060050,-0.034342,379.755449
0.259184,0.030722,-0.015149,417.905805
0.090803,0.012336,-0.001645,458.031609
0.560207,0.026125,-0.057867,343.729195
0.718299,0.004384,-0.090066,303.489549
0.595303,0.088381,-0.064425,334.871973
0.478733,0.093968,-0.043923,364.117111
0.022498,0.067064,0.001736,474.031676
0.058579,0.088944,0.000101,465.598475
0.459726,0.099273,-0.040837,368.843409
0.227975,0.008304,-0.012089,425.416817
0.872489,0.067434,-0.128156,263.361899
0.600395,0.062245,-0.065405,333.584137
0.009957,0.016500,0.002225,476.953434
0.444880,0.089876,-0.038653,372.520392
0.856987,0.074587,-0.124022,267.435855
0.519042,0.040460,-0.050599,354.060067
0.721957,0.074677,-0.090893,302.545960
0.380293,0.060394,-0.029445,388.442095
0.435895,0.033831,-0.037306,374.745308
0.417252,0.086929,-0.034579,379.348797
0.211389,0.052859,-0.010565,429.393644
0.437905,0.041387,-0.037606,374.248027
0.257398,0.018684,-0.014967,418.336699
0.479654,0.069507,-0.044071,363.888563
0.041589,0.064748,0.000913,469.575280
0.570251,0.043338,-0.059710,341.199007
0.242754,0.029250,-0.013506,421.863917
0.389185,0.037357,-0.030647,386.259314
0.618634,0.004200,-0.068971,328.962652
0.600516,0.014587,-0.065428,333.554848
0.033536,0.093643,0.001272,471.455892
0.116066,0.056777,-0.003201,452.072119
0.216534,0.029604,-0.011030,428.161145
0.568811,0.060971,-0.059444,341.561442
0.067467,0.026219,-0.000354,463.515934
0.315935,0.048960,-0.021368,404.162297
0.083166,0.075254,-0.001206,459.827000
0.195382,0.027044,-0.009164,433.224151
0.055138,0.031293,0.000271,466.406018
0.569798,0.034080,-0.059626,341.313440
0.605652,0.034494,-0.066423,332.253520
0.840907,0.058089,-0.119807,271.652793
0.893505,0.058154,-0.133869,257.824275
0.637736,0.087652,-0.072803,324.106201
0.749474,0.031867,-0.097229,295.446616
0.210185,0.040033,-0.010458,429.682303
0.365146,0.045925,-0.027446,392.155224
0.984447,0.021480,-0.158736,233.766478
0.556034,0.005662,-0.057109,344.779928
0.494253,0.099722,-0.046621,360.243841
0.551585,0.074337,-0.056307,345.897007
0.353487,0.087469,-0.025948,395.006369
0.975458,0.022623,-0.157366,236.070205
0.578767,0.008076,-0.061294,339.051941
0.863532,0.006039,-0.125759,265.718514
0.140347,0.011203,-0.004853,446.325767
-0.000523,0.079254,-0.000906,479.360410
0.367918,0.068433,-0.027807,391.475683
0.570606,0.076468,-0.059775,341.108608
0.375035,0.090578,-0.028744,389.730958
0.821561,0.023767,-0.114833,276.713803
0.360156,0.082547,-0.026800,393.375697
0.139702,0.086170,-0.004806,446.477096
0.048374,0.034100,0.000597,467.989377
0.068361,0.041875,-0.000401,463.305667
0.099363,0.072173,-0.002153,456.013711
0.100499,0.071274,-0.002222,455.745841
0.500880,0.081287,-0.047537,358.598186
0.976916,0.033936,-0.157802,235.680674
0.276630,0.008079,-0.016971,413.693470
0.143784,0.034779,-0.005099,445.510203
0.447622,0.060619,-0.039069,371.842045
0.121246,0.074340,-0.003540,450.847314
0.555121,0.086701,-0.056944,345.007453
0.892590,0.064474,-0.133618,258.065667
0.537055,0.025616,-0.053723,349.547181
0.618657,0.088933,-0.068975,328.954621
0.788773,0.055338,-0.106645,285.257342
0.168829,0.062337,-0.006985,439.557339
0.079716,0.096327,-0.001013,460.637581
0.246105,0.028963,-0.013835,421.057329
0.093243,0.007868,-0.001788,457.457245
0.821865,0.058295,-0.114911,276.633579
0.483670,0.004031,-0.044718,362.890606
0.164108,0.020860,-0.006618,440.681956
0.985329,0.040009,-0.157208,233.662652
0.181149,0.038519,-0.007973,436.622124
0.725988,0.046806,-0.091808,301.508330
0.568060,0.043654,-0.059305,341.751229
0.135702,0.063373,-0.004525,447.425722
0.984975,0.041970,-0.157820,233.704036
0.894292,0.037917,-0.134085,257.617159
0.358972,0.051160,-0.026648,393.665933
0.165864,0.023368,-0.006754,440.263999
0.441482,0.017818,-0.038141,373.363397
0.166485,0.017521,-0.006802,440.116442
0.331421,0.012026,-0.023212,400.393701
0.335367,0.043613,-0.023692,399.431132
0.280546,0.043162,-0.017391,412.745422
0.174328,0.099268,-0.006904,438.256568
0.044398,0.020447,0.000783,468.919724
0.706317,0.043946,-0.087386,306.569950
0.336168,0.063445,-0.023789,399.235384
0.795325,0.040331,-0.108257,283.553662
0.652794,0.006425,-0.075894,320.272091
0.381337,0.090311,-0.029585,388.185190
0.139478,0.039753,-0.004791,446.531323
0.455348,0.070193,-0.040250,369.926842
0.524528,0.094187,-0.051541,352.685409
0.222781,0.035186,-0.011604,426.662945
0.777134,0.050582,-0.103812,288.280917
0.254522,0.049278,-0.014676,419.029306
0.816459,0.040981,-0.113539,278.045564
0.608699,0.006973,-0.067017,331.482179
0.748402,0.079708,-0.096979,295.722519
0.096428,0.099545,-0.002402,456.698764
0.035228,0.094513,0.001198,471.060891
0.882699,0.035276,-0.130915,260.674363
0.875660,0.065390,-0.129010,262.527451
0.725814,0.091726,-0.091769,301.551956
0.133390,0.033479,-0.004364,447.974213
0.828984,0.033718,-0.116729,274.773616
0.376198,0.044003,-0.028899,389.447012
0.149198,0.062909,-0.005493,444.224544
0.044924,0.016092,0.000759,468.796747
0.520814,0.043248,-0.050902,353.616655
0.400420,0.002610,-0.032196,383.497686
0.675232,0.018541,-0.080615,314.540756
0.800683,0.057743,-0.109584,282.158337
0.327273,0.085808,-0.022711,401.402480
0.054496,0.042281,0.000303,466.555956
0.715249,0.006179,-0.089380,304.274388
0.797738,0.000294,-0.109950,282.859961
0.160458,0.037336,-0.006337,441.549640
0.373502,0.064704,-0.028541,390.107404
0.703744,0.016007,-0.086815,307.231805
0.371054,0.024554,-0.028219,390.708496
0.691969,0.058907,-0.084228,310.252602
0.133082,0.068602,-0.004342,448.046252
0.868133,0.023051,-0.126987,264.508780
0.440044,0.099083,-0.037689,373.725925
0.247903,0.013016,-0.014013,420.624946
0.113634,0.014296,-0.003044,452.647597
0.923966,0.057606,-0.142375,249.768249
0.014216,0.017106,0.002064,475.962119
0.391037,0.017007,-0.030900,385.804640
0.394242,0.061537,-0.031340,385.015758
0.315023,0.000319,-0.020361,404.410375
0.511155,0.073628,-0.049258,356.031887
0.539443,0.053387,-0.054144,348.947202
0.896335,0.093996,-0.134648,257.076363
0.152221,0.029150,-0.005716,443.507537
0.044202,0.076195,0.000793,468.964261
0.257331,0.097256,-0.014960,418.351083
0.152409,0.031726,-0.005730,443.462856
0.588723,0.099054,-0.064059,336.494135
0.247617,0.024031,-0.013985,420.693526
0.484115,0.070566,-0.044790,362.778051
0.922468,0.081343,-0.141951,250.164439
0.283289,0.056379,-0.017687,412.081418
0.117471,0.065925,-0.003292,451.739783
0.365116,0.053529,-0.027442,392.162330
0.084417,0.086376,-0.001277,459.532613
0.665605,0.029218,-0.078572,317.001714
0.516473,0.006129,-0.050160,354.703871
0.325880,0.038246,-0.022545,401.742887
-0.000217,0.006671,-0.000376,479.295274
0.491581,0.079944,-0.046004,360.917872
0.985186,0.052762,-0.157455,233.679065
0.909023,0.081072,-0.138169,253.723936
0.687655,0.023214,-0.083289,311.359574
0.573775,0.069568,-0.060363,340.309721
0.317218,0.030550,-0.021518,403.850875
0.302341,0.084833,-0.019801,407.463497
0.093831,0.092701,-0.001822,457.316668
0.603836,0.092767,-0.066071,332.712070
0.285578,0.058955,-0.017936,411.527217
0.714451,0.017780,-0.089201,304.479238
0.418014,0.006584,-0.034689,379.162753
0.714356,0.033773,-0.089180,304.503412
0.675420,0.072663,-0.080655,314.491310
0.465217,0.078304,-0.041783,367.477412
0.543778,0.034070,-0.054911,347.859572
0.596924,0.089365,-0.064737,334.461821
0.684873,0.022365,-0.082686,312.072460
0.057879,0.066133,0.000136,465.763117
0.404057,0.046788,-0.032705,382.601435
0.158966,0.049227,-0.006223,441.904343
0.624352,0.065068,-0.070107,327.509363
0.708878,0.085703,-0.087955,305.910821
0.379699,0.094591,-0.029366,388.586897
0.854708,0.041615,-0.123420,268.034904
0.495547,0.099758,-0.046844,359.920841
0.405981,0.026429,-0.032975,382.128056
0.972916,0.054148,-0.156609,236.747965
0.359963,0.042827,-0.026776,393.423876
0.053536,0.014003,0.000349,466.781542
0.676357,0.069366,-0.080856,314.251450
0.453042,0.003334,-0.039896,370.500304
0.528277,0.036144,-0.052189,351.747801
0.540979,0.000690,-0.054960,348.539531
0.247402,0.093130,-0.013963,420.743582
0.041934,0.048669,0.000897,469.495052
0.404761,0.004392,-0.032803,382.429204
0.628653,0.003992,-0.070968,326.418308
0.133485,0.033232,-0.004371,447.951558
0.596808,0.092665,-0.064714,334.491106
0.229509,0.057216,-0.012233,425.047180
0.111074,0.093063,-0.002880,453.250450
0.751660,0.021296,-0.097742,294.881662
0.024740,0.067493,0.001645,473.508969
0.174593,0.054815,-0.007443,438.184491
0.155972,0.004293,-0.005997,442.616866
0.426115,0.065272,-0.035864,377.161684
0.119616,0.094160,-0.003432,451.232101
0.718807,0.099634,-0.091558,303.280125
0.149658,0.018813,-0.005527,444.116405
0.472371,0.089370,-0.042910,365.699491
0.837074,0.034947,-0.118813,272.657021
0.000625,0.088345,0.001083,479.109674
0.187753,0.021664,-0.008519,435.046490
0.270165,0.093216,-0.016286,415.253736
0.548658,0.027208,-0.055782,346.633739
0.167311,0.042263,-0.006866,439.919216
0.497023,0.033185,-0.046898,359.561966
0.362334,0.014369,-0.027081,392.844359
0.482391,0.026140,-0.044511,363.208489
0.061327,0.075441,-0.000037,464.954643
0.689958,0.050430,-0.083789,310.768630
0.158920,0.085045,-0.006219,441.914263
0.858547,0.025189,-0.124435,267.027468
0.905455,0.013624,-0.137174,254.669283
0.033257,0.058285,0.001284,471.521917
0.905031,0.095977,-0.137057,254.779113
0.744468,0.083134,-0.096061,296.739081
0.695188,0.010974,-0.084931,309.428358
0.398099,0.046850,-0.031873,384.067774
0.403394,0.064349,-0.032612,382.764128
0.688549,0.059651,-0.083483,311.129389
0.276732,0.021804,-0.016982,413.668369
0.322845,0.009359,-0.022183,402.482240
0.505597,0.033074,-0.048324,357.421641
0.884931,0.080344,-0.131523,260.084915
0.512099,0.048245,-0.049418,355.796493
0.834354,0.091091,-0.118111,273.367482
0.028862,0.039138,0.001472,472.548224
0.057301,0.036897,0.000164,465.899172
0.480813,0.028385,-0.044257,363.601283
0.413900,0.014205,-0.034098,380.177253
0.924785,0.099074,-0.141796,249.606448
0.210321,0.016695,-0.010470,429.650244
0.190624,0.026063,-0.008760,434.360873
0.224539,0.026236,-0.011767,426.241298
0.440610,0.094836,-0.038010,373.577281
0.494195,0.017650,-0.046432,360.267619
0.543850,0.004634,-0.054924,347.842227
0.375233,0.028982,-0.028771,389.683915
0.601654,0.024126,-0.065648,333.266432
0.745143,0.022902,-0.096218,296.566184
0.194669,0.081850,-0.009102,433.393156
0.545451,0.046721,-0.055209,347.438921
0.399465,0.031121,-0.032063,383.731898
0.398428,0.072060,-0.031919,383.986008
0.563803,0.034877,-0.058523,342.823760
0.120032,0.014948,-0.003461,451.135814
0.220162,0.072557,-0.011362,427.290129
0.287833,0.081157,-0.018182,410.980735
0.900609,0.085680,-0.135829,255.947999
0.426215,0.007967,-0.035879,377.138502
0.868882,0.052654,-0.127188,264.311029
0.797539,0.003832,-0.108804,282.978170
0.709072,0.084382,-0.087999,305.860887
0.667209,0.076661,-0.078911,316.590493
0.738452,0.093976,-0.094666,298.292379
0.606831,0.099012,-0.067657,331.905542
0.653875,0.038653,-0.076118,319.995639
0.511626,0.084528,-0.049338,355.913786
0.443586,0.057875,-0.038458,372.841657
0.104264,0.020807,-0.002454,454.859158
0.268466,0.018060,-0.016108,415.665993
0.688163,0.029646,-0.083399,311.229138
0.259227,0.085757,-0.015153,417.894126
0.190245,0.000294,-0.008085,434.464795
0.888732,0.053008,-0.132560,259.083535
0.071912,0.021444,-0.000589,462.472742
0.366732,0.049267,-0.027652,391.766684
0.036940,0.032946,0.001122,470.662446
0.587213,0.045731,-0.062884,336.918243
0.136035,0.073294,-0.004548,447.346477
0.412268,0.035173,-0.033865,380.578989
0.026825,0.072317,0.001558,473.022541
0.523868,0.081162,-0.051427,352.851143
0.176489,0.045764,-0.007595,437.732977
0.076925,0.014928,-0.000860,461.295396
0.280221,0.052084,-0.017356,412.823880
0.746955,0.095677,-0.096641,296.096227
0.730514,0.063997,-0.092841,300.341254
0.431172,0.017754,-0.036607,375.913471
0.128673,0.080191,-0.004039,449.089910
0.196896,0.014819,-0.009294,432.862577
0.550688,0.063952,-0.056146,346.122566
0.705320,0.099509,-0.088536,306.750174
0.217653,0.052458,-0.011132,427.892306
0.180734,0.037959,-0.007939,436.720943
0.589004,0.021673,-0.063224,336.466420
0.971178,0.009796,-0.156091,237.213063
0.863765,0.083585,-0.125821,265.655255
0.245754,0.039229,-0.013801,421.141621
0.900313,0.012946,-0.135747,256.027948
0.951291,0.043211,-0.150235,242.511722
0.410379,0.024618,-0.033597,381.044854
0.778909,0.082436,-0.104242,287.819285
0.290824,0.073586,-0.018512,410.256295
0.956804,0.049257,-0.151847,241.043805
0.032877,0.084781,0.001301,471.610119
0.419265,0.057530,-0.034869,378.852907
0.441111,0.071830,-0.038086,373.453887
0.735162,0.046861,-0.093907,299.142844
0.381613,0.053602,-0.029622,388.118149
0.423140,0.079549,-0.035430,377.895958
0.275888,0.003711,-0.016892,413.872786
0.801704,0.018881,-0.109838,281.893320
0.927783,0.085154,-0.143461,248.755329
0.535906,0.085722,-0.053521,349.833812
0.789787,0.082371,-0.106894,284.993165
0.818300,0.090484,-0.114006,277.563799
0.046178,0.094106,0.000701,468.501701
0.212916,0.028238,-0.010703,429.028266
0.371017,0.054332,-0.028214,390.716811
0.579877,0.012924,-0.061501,338.771683
0.940381,0.066196,-0.147071,245.411795
0.805666,0.035154,-0.110826,280.860713
0.146654,0.036750,-0.005307,444.829057
0.817825,0.040130,-0.113885,277.688939
0.882523,0.017488,-0.130867,260.721364
0.510276,0.076277,-0.049110,356.251615
0.187618,0.080085,-0.008507,435.077415
0.799097,0.043047,-0.109191,282.571582
0.867499,0.070206,-0.126818,264.674215
0.387952,0.072976,-0.030479,386.561388
0.432583,0.028267,-0.036815,375.564558
0.527114,0.036319,-0.051988,352.039176
0.657522,0.087305,-0.076877,319.063889
0.541718,0.092839,-0.054546,348.375145
0.189436,0.042765,-0.008660,434.644338
0.119779,0.090401,-0.003443,451.193776
-0.000474,0.078811,-0.000822,479.349743
0.532616,0.014510,-0.052945,350.660744
0.013550,0.090861,0.002090,476.115577
0.786454,0.071612,-0.106078,285.859847
0.858305,0.064647,-0.124371,267.089937
0.151245,0.066498,-0.005644,443.738419
0.439683,0.060314,-0.037871,373.807724
0.156405,0.082289,-0.006029,442.512214
0.168406,0.008977,-0.006953,439.659245
0.546954,0.003131,-0.055477,347.062445
0.694992,0.052196,-0.084888,309.477563
0.767280,0.096756,-0.101442,290.835728
0.699123,0.075078,-0.085795,308.416808
0.333862,0.081898,-0.023508,399.797066
0.056093,0.075812,0.000224,466.181257
0.582197,0.033307,-0.061937,338.185610
0.566602,0.015532,-0.059037,342.119239
0.019313,0.025828,0.001864,474.774859
0.020890,0.000924,-0.000193,474.389430
0.746732,0.058481,-0.096589,296.154661
0.391899,0.034307,-0.031018,385.592384
0.225028,0.042853,-0.011813,426.123384
0.137451,0.003669,-0.004648,447.012562
0.569184,0.000447,-0.060267,341.434953
0.425179,0.031863,-0.035727,377.393638
0.504562,0.001014,-0.048411,357.670380
0.935404,0.019466,-0.145639,246.735061
0.325119,0.071696,-0.022453,401.927374
0.554795,0.014063,-0.056885,345.091188
0.275248,0.088198,-0.016823,414.025688
0.196695,0.043411,-0.009276,432.909912
0.593003,0.005657,-0.063985,335.455769
0.982072,0.081164,-0.159349,234.301718
0.602294,0.070613,-0.065772,333.103292
0.496823,0.079796,-0.046865,359.610568
0.549125,0.069899,-0.055865,346.515281
0.158986,0.093760,-0.006224,441.898516
0.469048,0.095158,-0.042384,366.525333
0.319038,0.010300,-0.021732,403.408641
0.168941,0.075255,-0.006994,439.530330
0.108641,0.073529,-0.002726,453.825237
0.172504,0.072726,-0.007276,438.681899
0.921397,0.071892,-0.141648,250.448432
0.690595,0.014008,-0.083928,310.606154
0.753135,0.092697,-0.098089,294.498337
0.403126,0.036439,-0.032574,382.830881
0.952590,0.085422,-0.150614,242.164738
0.361654,0.083230,-0.026993,393.008940
0.093966,0.020526,-0.001831,457.286692
0.524759,0.066916,-0.051581,352.628242
0.464218,0.017989,-0.041626,367.726905
0.758640,0.031743,-0.099387,293.075475
0.250976,0.086237,-0.014319,419.883080
0.641364,0.069155,-0.073542,323.183006
0.065505,0.083746,-0.000251,463.974819
0.191282,0.028950,-0.008815,434.203809
0.054266,0.033659,0.000314,466.610218
0.416891,0.064090,-0.034527,379.438382
0.472814,0.092910,-0.042980,365.589460
0.710407,0.018075,-0.088296,305.519411
0.886722,0.080192,-0.132012,259.612787
0.698011,0.061893,-0.085551,308.702532
0.354284,0.046479,-0.026049,394.812581
0.724399,0.033957,-0.091447,301.917844
0.838136,0.005363,-0.119088,272.379849
0.063120,0.053499,-0.000129,464.534870
0.320598,0.070025,-0.021916,403.027760
0.051689,0.008208,0.000438,467.214165
0.291249,0.048924,-0.018559,410.154135
0.120466,0.089703,-0.003489,451.031253
0.901474,0.067086,-0.136069,255.719758
0.555381,0.043646,-0.056991,344.943129
0.698583,0.034340,-0.085676,308.556483
0.869832,0.036840,-0.127442,264.061674
0.213084,0.022186,-0.010718,428.988263
0.066902,0.013887,-0.000325,463.648666
0.040456,0.020237,0.000964,469.841211
0.907348,0.090991,-0.137702,254.166570
0.865057,0.087149,-0.126166,265.315790
0.291414,0.009386,-0.018577,410.115020
0.706984,0.099851,-0.088907,306.322313
0.424982,0.085332,-0.035698,377.441003
0.129873,0.090161,-0.004121,448.805797
0.329786,0.022664,-0.023014,400.791918
0.846206,0.037148,-0.121188,270.265016
0.006201,0.053794,0.002365,477.826269
0.531817,0.008908,-0.052805,350.861335
0.152568,0.075431,-0.005742,443.423978
0.277442,0.073085,-0.017057,413.495522
0.585938,0.051534,-0.062643,337.240291
0.621178,0.041776,-0.069475,328.316008
0.667611,0.052621,-0.078996,316.488472
0.918984,0.093714,-0.140966,251.087290
0.206087,0.015401,-0.010094,430.664035
0.110245,0.008228,-0.002828,453.448033
0.134029,0.013312,-0.004409,447.823241
0.088618,0.084129,-0.001517,458.544311
0.910031,0.044290,-0.138451,253.458321
0.309153,0.085980,-0.020580,405.809520
0.099712,0.054939,-0.002175,455.931891
0.758639,0.067152,-0.099387,293.074842
0.923011,0.005913,-0.142104,250.022548
0.310237,0.068292,-0.020705,405.546691
0.000122,0.059497,0.000210,479.220169
0.295134,0.062202,-0.018990,409.212049
0.093206,0.018551,-0.001786,457.465603
0.086009,0.014663,-0.001368,459.159774
0.524404,0.088085,-0.051520,352.716600
0.741223,0.008404,-0.095307,297.579184
0.651806,0.061312,-0.075689,320.522741
0.137968,0.054118,-0.004684,446.888884
0.343023,0.027240,-0.024635,397.563748
0.595787,0.027166,-0.064518,334.751208
0.805282,0.026987,-0.110730,280.960998
0.840520,0.052915,-0.119707,271.754290
0.163833,0.076962,-0.006596,440.746071
0.466715,0.036949,-0.042018,367.106290
0.371469,0.099801,-0.027598,390.626394
0.494145,0.083280,-0.046424,360.278543
0.561866,0.067125,-0.058169,343.310729
0.072344,0.059052,-0.000612,462.370399
0.018302,0.043384,0.001905,475.010081
0.643837,0.011271,-0.074047,322.554965
0.941380,0.063569,-0.147359,245.146505
0.529336,0.047139,-0.052373,351.482066
0.622197,0.012395,-0.069678,328.058071
0.620215,0.007099,-0.069284,328.561240
0.444701,0.004852,-0.038627,372.566790
0.073630,0.091617,-0.000681,462.067655
0.500492,0.079197,-0.047473,358.695064
0.878818,0.037426,-0.129863,261.696671
0.597333,0.025007,-0.064815,334.360039
0.313119,0.088664,-0.021039,404.845844
0.750102,0.057082,-0.097376,295.283677
0.688640,0.052905,-0.083503,311.106312
0.896351,0.038070,-0.134652,257.073685
0.317633,0.051880,-0.021567,403.749353
0.105546,0.084347,-0.002532,454.555380
0.072160,0.072629,-0.000602,462.413197
0.114350,0.096209,-0.003089,452.476687
0.108925,0.070281,-0.002744,453.758159
0.829412,0.072821,-0.116839,274.660863
0.665165,0.030158,-0.078480,317.113886
0.820300,0.007364,-0.114513,277.043585
0.257377,0.087432,-0.014964,418.340170
0.759046,0.052400,-0.099483,292.969860
0.583577,0.073153,-0.062197,337.836185
0.097388,0.080201,-0.002034,456.478985
0.040353,0.079189,0.000969,469.863883
0.276848,0.020248,-0.016994,413.640384
0.517665,0.018836,-0.050363,354.405384
0.638868,0.000820,-0.074211,323.761550
-0.000310,0.008103,-0.000537,479.315541
0.112820,0.039337,-0.002992,452.839366
0.086588,0.087129,-0.001401,459.021904
0.685396,0.000430,-0.084141,311.867942
0.516289,0.066868,-0.050129,354.748237
0.644552,0.002710,-0.074194,322.373018
0.394930,0.076653,-0.031435,384.846258
0.447022,0.099272,-0.038793,371.996586
0.505711,0.075421,-0.048343,357.392234
0.552425,0.091636,-0.056458,345.685211
0.189914,0.031636,-0.008700,434.530440
0.556571,0.007013,-0.057206,344.644778
0.694539,0.064955,-0.084789,309.593287
0.000206,0.029150,0.000357,479.202407
0.128484,0.018406,-0.004027,449.136219
0.343391,0.058064,-0.024680,397.473182
0.158527,0.068218,-0.006189,442.008190
0.584301,0.010751,-0.062333,337.654890
0.658045,0.043576,-0.076986,318.931565
0.640745,0.024751,-0.073415,323.341781
0.588234,0.037387,-0.063077,336.660656
0.443298,0.060991,-0.038415,372.912881
0.440857,0.047620,-0.038048,373.517369
0.985137,0.005395,-0.157540,233.686012
0.299239,0.073188,-0.019450,408.216404
0.134097,0.010715,-0.004413,447.807227
0.344482,0.079831,-0.024816,397.206412
0.031987,0.071141,0.001339,471.818088
0.237798,0.006762,-0.013025,423.056569
0.001319,0.021594,0.002539,478.961924
0.019703,0.069192,0.001849,474.682935
0.304612,0.000580,-0.019137,406.939650
0.560426,0.063489,-0.057907,343.673271
0.539334,0.052154,-0.054124,348.974789
0.435548,0.036016,-0.037254,374.831155
0.811044,0.062106,-0.112174,279.457792
0.429827,0.018290,-0.036408,376.245823
0.800270,0.025092,-0.109482,282.266653
0.676426,0.072511,-0.080871,314.233684
0.229542,0.011013,-0.012236,425.040448
0.741629,0.063408,-0.095402,297.472959
0.772753,0.015014,-0.102754,289.418761
0.155268,0.048218,-0.005944,442.783146
0.541516,0.065995,-0.054510,348.426696
0.329794,0.082177,-0.023015,400.788523
0.683382,0.093527,-0.082365,312.452578
0.079299,0.030562,-0.000991,460.737284
0.717553,0.015618,-0.089898,303.681311
0.536155,0.010596,-0.053565,349.773272
0.604112,0.049584,-0.066124,332.643362
0.000385,0.084499,0.000667,479.162095
0.488419,0.013740,-0.045488,361.707381
0.711238,0.043705,-0.088482,305.304986
0.683429,0.039135,-0.082375,312.441972
0.392074,0.085815,-0.031042,385.548307
0.701583,0.084668,-0.086338,307.784875
0.439064,0.054872,-0.037779,373.960919
0.452593,0.076705,-0.039827,370.609817
0.421271,0.013674,-0.035159,378.358971
0.489096,0.017911,-0.045598,361.538773
0.488763,0.040296,-0.045544,361.621106
0.110709,0.099028,-0.003066,453.333390
0.024225,0.021212,0.001665,473.630035
0.312296,0.035561,-0.020944,405.047167
0.628192,0.025655,-0.070876,326.534742
0.154806,0.061029,-0.005909,442.892733
0.898713,0.040256,-0.135304,256.449810
0.169807,0.097103,-0.007062,439.323523
0.290598,0.057816,-0.018487,410.311642
0.205250,0.079037,-0.010020,430.862742
0.520260,0.045604,-0.050807,353.755256
0.179848,0.075480,-0.007867,436.931347
0.337770,0.079166,-0.023986,398.844204
0.728989,0.031309,-0.092492,300.735197
-0.000109,0.079153,-0.000188,479.269954
0.650601,0.026874,-0.075440,320.830819
0.066140,0.012356,-0.000285,463.827533
0.749804,0.059381,-0.097307,295.360632
0.521294,0.079116,-0.050984,353.495637
0.142550,0.000615,-0.004809,445.807157
0.605364,0.080692,-0.066367,332.325492
0.215183,0.009839,-0.010908,428.485517
0.331621,0.062442,-0.023236,400.343670
0.018123,0.014255,0.001911,475.052414
0.394391,0.065728,-0.031361,384.979096
0.503801,0.022915,-0.048024,357.870403
0.631003,0.023009,-0.071441,325.820245
0.051934,0.070984,0.000427,467.155269
0.360210,0.025846,-0.026807,393.363763
0.273105,0.088849,-0.016596,414.543620
0.685605,0.009556,-0.082845,311.885156
0.038186,0.030329,0.001066,470.371396
0.130093,0.063043,-0.004136,448.754150
0.323158,0.000050,-0.021342,402.431357
0.960509,0.058753,-0.152935,240.056670
0.911731,0.087803,-0.138927,253.007351
0.071225,0.004692,-0.000553,462.634350
0.064794,0.085632,-0.000215,464.141514
0.375987,-0.000016,-0.028219,389.520605
0.232332,0.045966,-0.012500,424.369313
0.167300,0.060722,-0.006865,439.921264
0.925181,0.029641,-0.142720,249.446694
0.393654,0.007690,-0.031259,385.161664
0.848969,0.029562,-0.121911,269.540696
0.701694,0.051777,-0.086362,307.757204
0.314442,0.091486,-0.021193,404.524174
0.167579,0.008830,-0.006888,439.856074
0.721621,0.079997,-0.090817,302.632245
0.859296,0.005473,-0.124633,266.831435
0.101913,0.022145,-0.002309,455.413677
0.048175,0.034817,0.000607,468.035826
0.973847,0.028007,-0.156886,236.500252
0.663111,0.067959,-0.078047,317.637791
0.670804,0.015734,-0.079672,315.673329
0.135660,0.061901,-0.004522,447.435596
0.083474,0.052798,-0.001224,459.755164
0.484646,0.017357,-0.044875,362.647285
0.722106,0.031937,-0.090927,302.508594
0.378663,0.020597,-0.029227,388.843024
0.319966,0.083864,-0.021841,403.181148
0.271141,0.090593,-0.016389,415.017968
0.305681,0.014915,-0.020182,406.654639
0.775745,0.062120,-0.103476,288.641095
0.067728,0.047352,-0.000368,463.454182
0.622489,0.033136,-0.069736,327.983412
0.296426,0.032115,-0.019135,408.899749
0.385998,0.078726,-0.030214,387.041032
0.838388,0.059219,-0.119154,272.312437
0.404139,0.065512,-0.032716,382.580768
0.397803,0.004417,-0.031832,384.141475
0.073281,0.070394,-0.000662,462.150089
0.441203,0.037337,-0.038100,373.431933
0.841721,0.061802,-0.120019,271.439535
0.656023,0.044252,-0.076565,319.447528
0.110623,0.056203,-0.002852,453.357657
0.265191,0.006567,-0.015767,416.456942
0.708009,0.008636,-0.087762,306.135939
0.123151,0.048420,-0.003667,450.397360
0.562109,0.032422,-0.058214,343.250209
0.253249,0.038405,-0.014547,419.336537
0.417828,0.031314,-0.034662,379.207956
0.961901,0.018804,-0.153345,239.686871
0.492449,0.099947,-0.046311,360.694316
0.572365,0.046096,-0.060101,340.665851
0.929320,0.013860,-0.143898,248.349515
0.492759,0.038474,-0.046197,360.625171
0.465859,0.007411,-0.041883,367.319682
0.262142,0.042224,-0.015452,417.192084
0.391611,0.057294,-0.030979,385.662661
0.150010,0.058731,-0.005553,444.032032
0.640127,0.060675,-0.073289,323.498288
0.671638,0.042154,-0.079850,315.459412
0.028486,0.039216,0.001488,472.635925
0.577095,0.019947,-0.060981,339.473545
0.904023,0.084580,-0.136776,255.045888
0.885827,0.051033,-0.131767,259.849690
0.213536,0.071319,-0.010758,428.878710
0.026056,0.088005,0.001590,473.201588
0.298187,0.032169,-0.019332,408.472490
0.985337,0.082329,-0.157193,233.660571
0.173651,0.082065,-0.007367,438.408424
0.245675,0.076919,-0.013793,421.159835
0.829230,0.067357,-0.116792,274.708579
0.544775,0.057525,-0.055088,347.608642
0.171008,0.064204,-0.007157,439.038343
0.611459,0.081252,-0.067557,330.780811
0.033794,0.056993,0.001260,471.396697
0.003244,0.029706,0.002471,478.514475
0.482468,0.029431,-0.044524,363.189304
0.325210,0.003845,-0.022465,401.906853
0.214311,0.064737,-0.010828,428.693062
0.536247,0.077543,-0.053581,349.748558
0.231487,0.083908,-0.012420,424.571542
0.547824,0.026960,-0.055632,346.843321
0.138922,0.053957,-0.004752,446.662700
0.854286,0.025335,-0.123309,268.146181
0.528502,0.072254,-0.052229,351.690496
0.481001,0.087774,-0.044288,363.552834
0.432431,0.033448,-0.036792,375.601937
0.882413,0.031496,-0.130838,260.749759
0.062174,0.029262,-0.000081,464.757175
0.475139,0.024474,-0.043350,365.012915
0.566476,0.030931,-0.059014,342.150417
0.075953,0.091178,-0.000806,461.522149
0.615746,0.075181,-0.068400,329.693733
0.913791,0.000300,-0.138945,252.502957
0.658108,0.075521,-0.076999,318.914825
0.694226,0.069901,-0.084721,309.673447
0.249752,0.053461,-0.014197,420.178500
0.568546,0.036781,-0.059395,341.628786
0.827915,0.012654,-0.116455,275.053757
0.080197,0.008192,-0.001041,460.526677
0.729959,0.072544,-0.092714,300.484063
0.288225,0.046489,-0.018226,410.886693
0.349839,0.094755,-0.025487,395.897706
0.325624,0.049416,-0.022514,401.804946
0.957240,0.040574,-0.151974,240.928027
0.494265,0.092817,-0.046444,360.248408
0.174910,0.021734,-0.007468,438.109812
0.836742,0.072887,-0.118728,272.743072
0.710705,0.091705,-0.088363,305.440820
0.070951,0.095397,-0.000537,462.696548
0.506799,0.045690,-0.048525,357.121105
0.898751,0.020055,-0.135315,256.440473
0.783228,0.058860,-0.105291,286.698369
0.382555,0.066017,-0.029749,387.886841
0.069986,0.094251,-0.000486,462.923107
0.092885,0.098846,-0.002249,457.532702
0.494274,0.038371,-0.046446,360.247298
0.226810,0.054332,-0.011979,425.695424
0.713558,0.003943,-0.089001,304.709505
0.157795,0.072391,-0.006134,442.181947
0.340916,0.017028,-0.024374,398.078204
0.378621,0.013543,-0.029222,388.853370
0.358938,0.003505,-0.026644,393.675474
0.755653,0.007352,-0.098681,293.849109
0.395110,0.028830,-0.031460,384.803202
0.132873,0.089545,-0.004328,448.095223
0.603414,0.056092,-0.065989,332.819924
0.131515,0.021988,-0.004235,448.418484
0.949114,0.038215,-0.149600,243.091083
0.791082,0.061821,-0.107212,284.656892
0.280664,0.020896,-0.017404,412.717414
0.745361,0.086459,-0.096269,296.508398
0.460614,0.062298,-0.041065,368.620651
0.632798,0.088419,-0.071802,325.362393
0.153280,0.023253,-0.005795,443.256084
0.984622,0.058898,-0.158432,233.744997
0.485273,0.021903,-0.044977,362.490995
0.168370,0.053422,-0.006949,439.666906
-0.000358,0.029416,-0.000621,479.325554
0.951463,0.076241,-0.150285,242.464998
0.954439,0.053123,-0.151154,241.673619
0.333174,0.011218,-0.023425,399.966449
0.919595,0.041918,-0.141138,250.926763
0.136687,0.039095,-0.004594,447.192746
0.032993,0.099632,-0.000393,471.565529
0.907992,0.032024,-0.137881,253.997978
0.105019,0.061915,-0.002500,454.680193
0.149975,0.083414,-0.005550,444.039690
0.900189,0.007360,-0.135712,256.060923
0.079447,0.065028,-0.000999,460.701721
0.453795,0.078186,-0.040012,370.311662
0.900468,0.097341,-0.135790,255.984939
0.222432,0.070124,-0.011571,426.745813
0.141063,0.034409,-0.004904,446.155451
0.653440,0.009033,-0.076027,320.107511
0.175414,0.095407,-0.007508,437.987875
0.285462,0.023270,-0.017924,411.556217
0.928299,0.026486,-0.143607,248.620079
0.400913,0.008471,-0.032265,383.376148
0.474610,0.031346,-0.043265,365.144197
0.015474,0.025440,0.002015,475.669199
0.335481,0.073360,-0.023705,399.402691
0.575317,0.091911,-0.060650,339.920360
0.838008,0.096093,-0.119056,272.410905
0.655559,0.014172,-0.076468,319.566780
0.583949,0.090489,-0.062267,337.741647
0.493096,0.052683,-0.046252,360.540718
0.341238,0.075333,-0.024413,397.998257
0.324799,0.055895,-0.022415,402.005679
0.598764,0.017307,-0.065090,333.998159
0.205816,0.069765,-0.010070,430.727534
0.168467,0.009523,-0.006957,439.644795
0.359578,0.015417,-0.026726,393.518683
0.735717,0.074743,-0.094036,298.998718
0.059277,0.035504,0.000066,465.436192
0.959059,0.090056,-0.152509,240.442082
0.895968,0.072627,-0.134547,257.173912
0.266325,0.043341,-0.015885,416.182297
0.585016,0.094077,-0.062468,337.472207
0.423924,0.091919,-0.035544,377.702134
0.511800,0.017200,-0.049367,355.872167
0.941437,0.086101,-0.147376,245.130666
0.171758,0.068100,-0.007216,438.859783
0.901253,0.071594,-0.136007,255.778205
0.249166,0.022703,-0.014139,420.320541
0.683760,0.073294,-0.082446,312.356357
0.689146,0.060361,-0.083613,310.976437
0.339622,0.095347,-0.024213,398.392147
0.225346,0.011541,-0.011842,426.047932
0.809831,0.036759,-0.111869,279.774807
0.807566,0.026010,-0.111301,280.365813
0.039354,0.095364,0.001015,470.097058
0.037250,0.088679,0.001109,470.588827
0.336608,0.029943,-0.023843,399.128835
0.026101,0.033584,0.001588,473.192461
0.729500,0.098973,-0.093980,300.524855
0.720402,0.057306,-0.090541,302.946773
0.556962,0.022777,-0.057277,344.545991
0.809539,0.034281,-0.111796,279.851150
0.516149,0.072933,-0.050105,354.783095
0.120136,0.084111,-0.003467,451.109516
0.635842,0.079690,-0.072418,324.588218
0.113431,0.096037,-0.003030,452.693750
0.326790,0.098941,-0.021787,401.544750
0.556243,0.017032,-0.057147,344.727050
0.016710,0.059661,0.001967,475.380567
0.398438,0.034771,-0.031920,383.984472
0.560398,0.025267,-0.057902,343.681245
0.228491,0.093075,-0.012137,425.290860
0.193816,0.015806,-0.009030,433.598709
0.626084,0.094563,-0.070453,327.068761
0.658702,0.000795,-0.078386,318.700566
0.802984,0.049993,-0.110157,281.559069
0.754034,0.007409,-0.098300,294.267901
0.360562,0.070641,-0.026853,393.276563
0.027604,0.063103,0.001525,472.841140
0.412796,0.013300,-0.033941,380.449307
0.025171,0.075791,0.001627,473.408345
0.537982,0.062516,-0.053886,349.313796
0.985442,0.082343,-0.157011,233.648304
0.169525,0.008401,-0.007041,439.392784
0.601382,0.017002,-0.065595,333.335324
0.283261,0.048333,-0.017684,412.088464
0.141886,0.082558,-0.004962,445.959192
0.130729,0.060434,-0.004180,448.603700
0.519716,0.091961,-0.050714,353.890175
0.482689,0.035415,-0.044559,363.134003
0.002289,0.084705,0.002506,478.735121
0.251894,0.065749,-0.014411,419.662277
0.984490,0.068496,-0.158660,233.760144
0.585911,0.055996,-0.062637,337.247058
0.539433,0.030077,-0.054142,348.950331
0.844761,0.019050,-0.120810,270.644137
0.747459,0.044963,-0.096758,295.967132
0.650700,0.006995,-0.075460,320.806166
0.443618,0.003536,-0.038463,372.834971
0.586393,0.038464,-0.062729,337.125631
0.036089,0.024005,0.001159,470.861332
0.377705,0.018729,-0.029099,389.078023
0.305975,0.099028,-0.019296,406.606271
0.694017,0.072837,-0.084675,309.727055
0.544056,0.041998,-0.054961,347.789613
0.133695,0.078178,-0.004385,447.900838
0.502357,0.062624,-0.047783,358.229916
0.164687,0.086985,-0.006662,440.542585
0.157669,0.030646,-0.006125,442.213095
0.254452,0.034940,-0.014669,419.046613
0.645774,0.005947,-0.074445,322.061529
0.204383,0.001081,-0.009208,431.087478
0.386206,0.059728,-0.030242,386.990634
0.317639,0.052243,-0.021567,403.747978
0.745447,0.000127,-0.097633,296.411518
0.521939,0.059791,-0.051095,353.334569
0.479814,0.076594,-0.044097,363.848572
0.806078,0.012114,-0.110929,280.753906
0.337221,0.091985,-0.023918,398.977773
0.922074,0.072275,-0.141840,250.269087
0.701485,0.005670,-0.086315,307.812296
0.383454,0.070000,-0.029870,387.665933
0.265509,0.064054,-0.015800,416.378887
0.970469,0.068366,-0.155881,237.400678
0.083129,0.010385,-0.001205,459.837198
0.760067,0.087876,-0.099725,292.704459
0.972912,0.099754,-0.154455,236.905066
0.771442,0.046507,-0.102440,289.757841
0.513667,0.007704,-0.049683,355.405495
0.120792,0.036667,-0.003511,450.955456
0.051237,0.064310,0.000461,467.318669
0.267651,0.084376,-0.016023,415.861132
0.024088,0.030989,0.001671,473.661876
0.809179,0.087337,-0.111706,279.943629
0.494915,0.044329,-0.046551,360.087272
0.456204,0.018220,-0.040382,369.715683
0.491179,0.009433,-0.045938,361.019755
0.070871,0.030082,-0.000534,462.716970
0.744184,0.015313,-0.095995,296.814248
0.557182,0.041454,-0.057317,344.490068
0.645634,0.051415,-0.074416,322.095963
0.378142,0.076998,-0.029157,388.969364
0.374192,0.062549,-0.028633,389.938309
0.638425,0.075998,-0.072943,323.931077
0.153958,0.089346,-0.005845,443.093596
0.285699,0.046888,-0.017949,411.498261
0.474752,0.099880,-0.043314,365.106346
0.905605,0.044443,-0.137216,254.628804
0.127600,0.094719,-0.003966,449.343644
0.021577,0.095107,0.001774,474.245781
0.112668,0.018043,-0.002982,452.875794
0.292474,0.080494,-0.018694,409.856362
0.134856,0.075809,-0.004466,447.625916
0.268667,0.034527,-0.016129,415.616899
0.515002,0.064162,-0.049910,355.070317
0.085603,0.031118,-0.001345,459.254813
0.765952,0.070498,-0.101125,291.180427
0.045688,0.071101,0.000724,468.616866
0.115038,0.070744,-0.003134,452.314623
0.560606,0.020201,-0.057939,343.629005
0.314255,0.015271,-0.021172,404.571471
0.357470,0.023890,-0.026456,394.034001
0.100568,0.047347,-0.002227,455.730178
0.238721,0.029834,-0.013114,422.833995
0.649383,0.084392,-0.075188,321.139888
0.691259,0.067283,-0.084073,310.434675
0.100819,0.002758,-0.002242,455.672191
0.462368,0.015159,-0.041338,368.186325
0.144470,0.018319,-0.005149,445.347755
0.547598,0.044863,-0.055592,346.899819
0.820414,0.079602,-0.114542,277.011896
0.717664,0.080734,-0.089924,303.650869
0.785778,0.041996,-0.105912,286.036245
0.387894,0.079046,-0.030471,386.575545
0.634080,0.055372,-0.072061,325.037062
0.932968,0.094313,-0.144941,247.379555
0.984658,0.098223,-0.158369,233.739716
0.830384,0.018867,-0.117088,274.407883
0.426172,0.029874,-0.035872,377.148553
0.537216,0.000586,-0.054267,349.485452
0.061141,0.052433,-0.000028,464.998782
0.772760,0.090416,-0.102757,289.414803
0.177645,0.033886,-0.007688,437.457627
0.017039,0.082407,0.001955,475.303382
0.329215,0.074276,-0.022945,400.929633
0.069549,0.098825,-0.001359,463.014632
0.615323,0.086224,-0.068317,329.800794
0.697788,0.039706,-0.085501,308.760322
0.188194,0.087710,-0.008555,434.939811
0.439924,0.037114,-0.037908,373.748481
0.717047,0.064692,-0.089785,303.810236
0.296262,0.093875,-0.019116,408.937909
0.420637,0.000759,-0.034693,378.528885
0.679417,0.024422,-0.081511,313.469503
-0.000000,-0.000000,-0.000000,479.248062
0.492550,0.094950,-0.046162,360.675951
0.298657,0.090846,-0.019385,408.357094
0.929838,0.007401,-0.144046,248.212270
0.429912,0.085685,-0.036421,376.223132
0.313233,0.035703,-0.021052,404.819591
0.494974,0.002622,-0.046561,360.073615
0.162546,0.080744,-0.006497,441.052055
0.621896,0.095453,-0.069618,328.132414
0.006153,0.028632,0.002366,477.838188
0.754133,0.002856,-0.098323,294.242632
0.564594,0.051733,-0.058668,342.623955
0.750706,0.074022,-0.097518,295.127052
0.517301,0.015523,-0.050301,354.496393
0.664091,0.058850,-0.078254,317.387664
0.260733,0.096658,-0.015307,417.530590
0.150353,0.064255,-0.005578,443.950266
0.971761,0.076574,-0.156265,237.055601
0.240150,0.095158,-0.013252,422.488700
0.421509,0.028154,-0.035193,378.299897
0.935584,0.024075,-0.145690,246.686920
0.445924,0.014289,-0.038811,372.263845
0.549654,0.006293,-0.055960,346.383985
0.100266,0.096704,-0.002208,455.800295
0.643161,0.062601,-0.073909,322.725720
0.498604,0.095881,-0.047160,359.165935
0.546193,0.042857,-0.055341,347.252742
0.595936,0.096507,-0.064547,334.711633
0.058773,0.033057,0.000091,465.554409
0.903826,0.055755,-0.136721,255.098753
0.481513,0.005908,-0.044370,363.427491
0.761214,0.022977,-0.099997,292.409189
0.396873,0.007479,-0.031704,384.370147
0.698996,0.000390,-0.087132,308.377761
0.608979,0.059894,-0.067072,331.409899
0.264194,0.006957,-0.015664,416.697593
0.200772,0.036361,-0.009628,431.935318
0.486870,0.008476,-0.045236,362.093480
0.184352,0.055647,-0.008236,435.857637
