0.614182,0.026354,-0.057619,353.341394
0.132437,0.008381,-0.003444,462.059167
0.614284,0.091881,-0.057636,353.316451
0.090277,0.073878,-0.001385,471.244165
0.791004,0.085843,-0.091940,311.669661
0.666026,0.076585,-0.066862,341.222873
0.112362,0.083760,-0.002409,466.438434
0.725155,0.045367,-0.078232,327.302257
0.067659,0.015865,-0.000457,476.151780
0.793277,0.073839,-0.092433,311.128060
0.729559,0.091200,-0.079114,326.259909
0.025826,0.094895,0.000937,485.185937
0.484194,0.082664,-0.037393,383.361409
0.305702,0.046532,-0.016406,423.755053
0.840459,0.075779,-0.102967,299.840631
0.142147,0.039684,-0.003978,459.935428
0.111730,0.056282,-0.002379,466.576636
0.500166,0.026730,-0.039653,379.701264
0.380020,0.062147,-0.024197,407.052204
0.253188,0.056346,-0.011710,435.457931
0.258484,0.060398,-0.012153,434.281112
0.100702,0.004152,-0.001854,468.978783
0.802944,0.029427,-0.094545,308.821896
0.282815,0.034047,-0.014277,428.865752
0.169890,0.050899,-0.005631,453.853875
0.296507,0.082538,-0.015535,425.809305
0.115822,0.021897,-0.002581,465.685337
0.114964,0.000173,-0.002680,465.871329
0.013999,0.051119,0.001254,487.731805
0.486245,0.081309,-0.037680,382.891607
0.297366,0.033181,-0.015616,425.618475
0.853632,0.032739,-0.106011,296.677491
0.419296,0.059417,-0.028860,398.158710
0.253188,0.007260,-0.011710,435.458778
0.520034,0.035819,-0.042551,375.136030
0.877781,0.022817,-0.111708,290.862959
0.316231,0.074479,-0.017428,421.398164
0.486775,0.022241,-0.037754,382.771293
0.690292,0.039435,-0.071421,335.523574
0.082119,0.035274,-0.001036,473.016368
0.730825,0.057429,-0.079369,325.961197
0.275748,0.048989,-0.013645,430.440435
0.062035,0.045918,-0.000245,477.369079
0.445322,0.013760,-0.032158,392.240689
0.760603,0.042106,-0.085473,318.904289
0.775597,0.019361,-0.088633,315.340692
0.200925,0.066811,-0.007700,447.023524
0.496500,0.049687,-0.039128,380.541869
0.910299,0.086685,-0.119619,283.002688
0.115318,0.018791,-0.002556,465.795187
0.144592,0.030240,-0.004116,459.400479
0.011829,0.000557,-0.000070,488.191962
0.097888,0.058817,-0.001725,469.589880
0.367488,0.048850,-0.022789,409.880452
0.552641,0.010366,-0.047520,367.618674
0.452613,0.048838,-0.033111,390.578385
0.268098,0.050974,-0.012975,432.143423
0.938688,0.016379,-0.126752,276.115420
0.696195,0.095524,-0.072553,334.133171
0.738125,0.086542,-0.080844,324.233046
0.038049,0.043173,0.000573,482.552037
0.713328,0.066088,-0.075887,330.095037
0.970370,0.044478,-0.134964,268.396199
0.245091,0.095347,-0.011045,437.254299
0.507289,0.029541,-0.040680,378.065989
0.144080,0.010537,-0.004087,459.513045
0.393076,0.047271,-0.025705,404.101314
0.381344,0.069706,-0.024348,406.753015
0.037222,0.027587,0.000598,482.730752
0.789677,0.004702,-0.091653,311.987802
0.916164,0.057637,-0.121075,281.582362
0.952130,0.080888,-0.130204,272.843267
0.345683,0.083231,-0.020430,414.789404
0.956407,0.022416,-0.131312,271.802507
0.329466,0.051841,-0.018751,418.432011
0.077545,0.054174,-0.000847,474.008365
0.089131,0.091178,-0.001334,471.492836
0.321858,0.037061,-0.017985,420.138143
0.091128,0.048857,-0.001422,471.059710
0.549381,0.009804,-0.047011,368.371853
0.701218,0.058317,-0.073522,332.950719
0.191786,0.020151,-0.007067,449.038643
0.375363,0.047672,-0.023669,408.103978
0.405246,0.025645,-0.027148,401.346080
0.000800,0.038838,0.001569,490.567644
0.375370,0.038191,-0.023670,408.102597
0.659346,0.022904,-0.065633,342.790048
0.581830,0.042471,-0.052192,360.861004
0.988442,0.080052,-0.138111,264.079577
0.521620,0.062136,-0.042787,374.770626
0.444238,0.020088,-0.032017,392.487501
0.693254,0.002349,-0.071987,334.827348
0.883038,0.089370,-0.112968,289.593375
0.401152,0.084768,-0.026659,402.272587
0.169497,0.008531,-0.005606,453.941005
0.309274,0.036206,-0.016750,422.956170
0.922045,0.097726,-0.122545,280.155503
0.085946,0.081281,-0.001197,472.184716
0.902231,0.064716,-0.117631,284.956162
0.860701,0.011356,-0.107662,294.977727
0.338464,0.062441,-0.019675,416.411984
0.297488,0.029798,-0.015627,425.591332
0.185702,0.062279,-0.006656,450.377406
0.077981,0.060024,-0.000865,473.913708
0.006529,0.040033,0.001437,489.337431
0.665382,0.066025,-0.066743,341.374263
0.731699,0.081206,-0.079545,325.754126
0.551753,0.007245,-0.047381,367.824055
0.047417,0.014135,0.000269,480.530288
0.458772,0.010383,-0.033927,389.174084
0.765808,0.052122,-0.086564,317.667684
0.186401,0.086494,-0.006702,450.223185
0.402311,0.005897,-0.026797,402.011523
0.533134,0.050912,-0.044515,372.119480
0.005883,0.021882,0.001452,489.476604
0.901911,0.072719,-0.117552,285.033545
0.822882,0.017378,-0.098976,304.054783
0.042680,0.049789,0.000426,481.552533
0.101082,0.021377,-0.001872,468.895861
0.811423,0.035327,-0.096416,306.795877
0.013560,0.063580,0.001265,487.826044
0.576230,0.069580,-0.051279,362.158736
0.705733,0.028307,-0.074399,331.887174
0.986764,0.040640,-0.139317,264.389590
0.474294,0.062952,-0.036024,385.627044
0.419030,0.075181,-0.028827,398.218798
0.365421,0.071507,-0.022560,410.346058
0.666894,0.052082,-0.067023,341.019865
0.474086,0.075633,-0.035996,385.674359
0.146385,0.017947,-0.004219,459.008329
0.445997,0.099988,-0.032190,392.086924
0.598780,0.070488,-0.055003,356.924500
0.797550,0.056032,-0.093363,310.109081
0.670857,0.022025,-0.067758,340.090621
0.468721,0.082911,-0.035264,386.900794
0.507129,0.029140,-0.040657,378.102765
0.536727,0.086438,-0.045062,371.290346
0.113530,0.064050,-0.002467,466.184085
0.857169,0.022134,-0.106835,295.827278
0.791258,0.027152,-0.091995,311.610407
0.498711,0.042266,-0.039444,380.034835
0.178492,0.014533,-0.006181,451.964198
0.856994,0.026742,-0.106795,295.869175
0.549199,0.082237,-0.046983,368.412496
0.583345,0.042134,-0.052440,360.509600
0.686349,0.051325,-0.070670,336.450819
0.128760,0.064586,-0.003247,462.861363
0.009996,0.028017,0.001354,488.592719
0.186891,0.088846,-0.006735,450.115155
0.987644,0.034175,-0.139553,264.174379
0.927397,0.089499,-0.123890,278.856799
0.718055,0.048529,-0.076820,328.979351
0.837047,0.039562,-0.102186,300.659823
0.168079,0.091406,-0.005517,454.250730
0.414887,0.058070,-0.028317,399.159356
0.824847,0.081382,-0.099418,303.583038
0.076975,0.065470,-0.000824,474.131679
0.267741,0.044845,-0.012944,432.222999
0.914157,0.055419,-0.120576,282.068802
0.824129,0.001854,-0.099256,303.756569
0.966278,0.000425,-0.132849,269.458141
0.378531,0.035185,-0.024028,407.389013
0.214918,0.095695,-0.008709,443.934221
0.259871,0.039708,-0.012270,433.973362
0.007619,0.079104,0.001412,489.102546
0.629927,0.099380,-0.061097,349.639071
0.957977,0.077112,-0.131721,271.418654
0.508695,0.012853,-0.040885,377.743254
0.008211,0.041548,0.001397,488.976192
0.798382,0.099469,-0.094274,309.873221
0.092018,0.082224,-0.001461,470.865751
0.668839,0.084839,-0.067383,340.562890
0.515095,0.099520,-0.042088,376.261955
0.348191,0.007921,-0.020696,414.226746
0.752945,0.003310,-0.083882,320.722635
0.044961,0.093060,0.000352,481.059428
0.058053,0.028680,-0.000100,478.230883
0.245435,0.095209,-0.011073,437.177885
0.443200,0.085560,-0.031882,392.722754
0.044868,0.026792,0.000354,481.080551
0.441589,0.039523,-0.031674,393.090420
0.392430,0.065631,-0.025630,404.247119
0.099571,0.005503,-0.001802,469.224851
0.799786,0.037405,-0.093852,309.575690
0.713549,0.077057,-0.075930,330.042551
0.746019,0.045285,-0.082455,322.364026
0.400881,0.097732,-0.026626,402.333552
0.947176,0.075679,-0.128927,274.049508
0.547372,0.025520,-0.046699,368.835371
0.208738,0.059110,-0.008257,445.299887
0.783153,0.022363,-0.090247,313.541909
0.255308,0.062944,-0.011887,434.986746
0.605564,0.009550,-0.056147,355.348035
0.086815,0.007510,-0.001235,471.997370
0.760705,0.047881,-0.085495,318.879921
0.270273,0.013000,-0.013164,431.660196
0.188381,0.079555,-0.006835,449.787462
0.868712,0.046728,-0.109550,293.048419
0.322514,0.008309,-0.018051,419.991663
0.810272,0.083126,-0.096161,307.070197
0.001810,0.037506,0.001546,490.350829
0.978533,0.045203,-0.137123,266.402118
0.603938,0.051684,-0.055872,355.725524
0.763252,0.064125,-0.086028,318.274611
0.912525,0.060704,-0.120171,282.464155
0.815337,0.083767,-0.097287,305.859185
0.165862,0.060460,-0.005379,454.737983
0.988524,0.073294,-0.137967,264.069606
0.379402,0.052725,-0.024127,407.192002
0.350751,0.043046,-0.020968,413.650323
0.442427,0.084015,-0.031782,392.898933
0.048149,0.063756,0.000245,480.371275
0.636946,0.097364,-0.061594,348.029553
0.681548,0.002120,-0.069761,337.580412
0.050618,0.054563,0.000162,479.837966
0.966775,0.063840,-0.134019,269.273288
0.435275,0.063598,-0.030865,394.527225
0.734216,0.066083,-0.080052,325.158837
0.025836,0.007361,0.000936,485.185389
0.743696,0.026125,-0.081979,322.914958
0.232155,0.085916,-0.010016,440.121582
0.512712,0.070605,-0.041471,376.819155
0.433270,0.062966,-0.030610,394.983269
0.239330,0.050548,-0.010582,438.532669
0.003942,0.026590,0.001497,489.893294
0.528504,0.027777,-0.043816,373.186525
0.409582,0.084750,-0.027671,400.362110
0.697734,0.039594,-0.072849,333.771746
0.810444,0.093944,-0.096200,307.028845
0.445357,0.033894,-0.032162,392.232380
0.261738,0.074652,-0.012429,433.557632
0.366304,0.079087,-0.022658,410.146937
0.724948,0.010493,-0.078190,327.351877
0.351874,0.036048,-0.021088,413.397660
0.487576,0.071987,-0.037866,382.586915
0.012099,0.097951,0.001302,488.139453
0.217043,0.009932,-0.008866,443.466317
0.104282,0.043768,-0.002021,468.199026
0.906144,0.042615,-0.118593,284.009701
0.009340,0.060854,0.001370,488.733236
0.508920,0.091920,-0.040918,377.689996
0.440015,0.069644,-0.031471,393.448285
0.611162,0.003085,-0.057101,354.045158
0.485992,0.064304,-0.037644,382.949958
0.218559,0.047526,-0.008979,443.130581
0.180255,0.076417,-0.006296,451.575393
0.346105,0.047367,-0.020475,414.695150
0.837832,0.015848,-0.102365,300.472103
0.477326,0.005410,-0.036441,384.934655
0.140409,0.007846,-0.003881,460.316231
0.349522,0.090541,-0.020837,413.925900
0.081716,0.043450,-0.001019,473.103672
0.239985,0.099239,-0.010155,438.394982
0.840706,0.084599,-0.103024,299.780974
0.177485,0.046442,-0.006116,452.185178
0.107366,0.019217,-0.002168,467.527983
0.011307,0.019826,0.001321,488.311066
0.345312,0.091499,-0.020391,414.872477
0.030628,0.048697,0.000798,484.152059
0.549023,0.029057,-0.046955,368.454096
0.836398,0.027757,-0.102038,300.815724
0.394359,0.056601,-0.025856,403.810868
0.322650,0.015459,-0.018064,419.961177
0.222127,0.062625,-0.009247,442.341294
0.628856,0.058037,-0.060166,349.919345
0.616733,0.011998,-0.058058,352.747444
0.850545,0.012979,-0.105293,297.419672
0.935853,0.000596,-0.125494,276.835820
0.573040,0.045192,-0.050763,362.898385
0.620604,0.065478,-0.058727,351.844141
0.675443,0.025066,-0.068613,339.014170
0.087700,0.074058,-0.001273,471.803918
0.157921,0.084473,-0.004895,456.479665
0.442578,0.089706,-0.031802,392.864401
0.546382,0.000240,-0.046958,369.050176
0.306122,0.058251,-0.016446,423.660729
0.921740,0.023883,-0.122468,280.231023
0.312454,0.004304,-0.017058,422.245007
0.401980,0.086493,-0.026757,402.084980
0.895379,0.016350,-0.115955,286.614302
0.901011,0.084450,-0.117332,285.250899
0.069227,0.000193,-0.001099,475.807547
0.046162,0.038902,0.000312,480.800983
0.754139,0.004775,-0.084129,320.439165
0.468426,0.094287,-0.035225,386.967790
0.077469,0.029778,-0.000844,474.025276
0.786630,0.021536,-0.090995,312.713573
0.936604,0.054618,-0.126222,276.621099
0.065223,0.034660,-0.000364,476.679078
0.380786,0.036295,-0.024285,406.879665
0.199086,0.019614,-0.007571,447.430034
0.464891,0.087255,-0.034747,387.775585
0.638171,0.062952,-0.061812,347.744048
0.183353,0.022955,-0.006500,450.895097
0.522313,0.065282,-0.042890,374.611198
0.774640,0.032973,-0.088430,315.568045
0.988277,0.090664,-0.138396,264.099481
0.401953,0.058375,-0.026754,402.091638
0.470601,0.068195,-0.035520,386.471233
0.389755,0.083485,-0.025318,404.851746
0.677992,0.062203,-0.069092,338.414675
0.282149,0.080465,-0.014217,429.013351
0.203125,0.067563,-0.007855,446.538330
0.872683,0.086471,-0.110493,292.090729
0.988347,0.100012,-0.138274,264.090716
0.665004,0.042537,-0.066673,341.463316
0.080805,0.018805,-0.000981,473.301812
0.325505,0.065725,-0.018350,419.320141
0.673952,0.032497,-0.068335,339.364029
0.438383,0.093837,-0.031262,393.819408
0.423091,0.011337,-0.029330,397.297878
0.831009,0.050673,-0.100811,302.107353
0.257077,0.023088,-0.012035,434.594569
0.564431,0.072166,-0.049381,364.891316
0.172682,0.051451,-0.005807,453.240581
0.144684,0.029912,-0.004122,459.380403
0.227528,0.010090,-0.009659,441.147522
0.049476,0.042857,0.000200,480.084998
0.167158,0.021275,-0.005460,454.454161
0.964437,0.055605,-0.133406,269.843857
0.219005,0.001949,-0.009013,443.032875
0.783668,0.076187,-0.090358,313.418130
0.300566,0.013630,-0.015917,424.903901
0.627241,0.078709,-0.059883,350.295886
0.222885,0.000514,-0.008863,442.182199
0.304083,0.073519,-0.016251,424.116457
0.871084,0.018265,-0.110112,292.477499
0.334385,0.072985,-0.019253,417.327768
0.441083,0.073255,-0.031609,393.205091
0.450258,0.034064,-0.032802,391.115579
0.960036,0.094271,-0.132257,270.916280
0.303329,0.023847,-0.016179,424.285937
0.272131,0.097680,-0.013326,431.244875
0.532242,0.054645,-0.044380,372.324818
0.031300,0.000135,-0.000295,484.001421
0.066043,0.070860,-0.000395,476.500903
0.078180,0.038883,-0.000873,473.870863
0.956438,0.065531,-0.131320,271.794071
0.957621,0.036920,-0.131628,271.506194
0.885026,0.043746,-0.113447,289.114472
0.599556,0.095988,-0.055133,356.743518
0.952345,0.005593,-0.130259,272.792446
0.450580,0.097688,-0.032844,391.040887
0.111591,0.013763,-0.002372,466.607593
0.435188,0.031182,-0.030854,394.547475
0.842253,0.095548,-0.103379,299.409598
0.000319,0.047940,0.000553,490.665807
0.328110,0.045903,-0.018613,418.736317
0.683160,0.007536,-0.070065,337.201424
0.402668,0.016050,-0.026840,401.930380
0.147583,0.061573,-0.004287,458.745224
0.335569,0.055077,-0.019375,417.062154
0.441912,0.047745,-0.031716,393.016866
0.154371,0.031764,-0.004684,457.258810
0.160333,0.026269,-0.005041,455.951861
0.577695,0.010928,-0.051517,361.820272
0.346807,0.017090,-0.020549,414.537950
0.503014,0.050438,-0.040062,379.047046
0.860240,0.091325,-0.107555,295.086949
0.318242,0.006125,-0.017626,420.949093
0.735227,0.034365,-0.080257,324.920161
0.289710,0.021928,-0.014905,427.327967
0.734421,0.087492,-0.080094,325.109911
0.526449,0.018445,-0.043508,373.659874
0.690071,0.051706,-0.071379,335.575354
0.796215,0.018426,-0.093072,310.428393
0.403727,0.034207,-0.026966,401.690094
0.263335,0.003737,-0.012565,433.203818
0.679927,0.001640,-0.069455,337.961222
0.772575,0.030878,-0.087992,316.059403
0.776061,0.053661,-0.088732,315.229513
0.172550,0.040758,-0.005799,453.269783
0.489901,0.079485,-0.038193,382.054174
0.526334,0.072706,-0.043490,373.685439
0.054552,0.049695,0.000025,478.987767
0.330844,0.016786,-0.018891,418.123578
0.533292,0.068016,-0.044539,372.082632
0.778639,0.070320,-0.089282,314.615583
0.462737,0.004851,-0.034457,388.269089
0.269741,0.085771,-0.013118,431.777211
0.894827,0.022567,-0.115820,286.747621
0.138553,0.027689,-0.003778,460.721749
0.328962,0.062326,-0.018700,418.544864
0.521095,0.015731,-0.042708,374.892460
0.211093,0.041416,-0.008428,444.780178
0.956963,0.039219,-0.131457,271.666556
0.683923,0.084096,-0.070210,337.020608
0.360247,0.060877,-0.021993,411.512259
0.321943,0.014052,-0.017994,420.119636
0.691936,0.023680,-0.071735,335.137014
0.054679,0.089280,0.000021,478.959614
0.756984,0.000032,-0.085575,319.723789
0.530398,0.017312,-0.044102,372.750376
0.202928,0.012340,-0.007842,446.582890
0.154128,0.040669,-0.004669,457.311835
0.582820,0.050318,-0.052354,360.631123
0.762638,0.086767,-0.085899,318.420121
0.889953,0.022876,-0.114636,287.925335
0.149986,0.005112,-0.004427,458.220100
0.042640,0.019657,0.000427,481.561830
0.371442,0.016966,-0.023229,408.989356
0.158246,0.006733,-0.004915,456.409735
0.380358,0.089198,-0.024236,406.975442
0.548883,0.027441,-0.046934,368.486483
0.486223,0.071864,-0.037677,382.896746
0.944843,0.035552,-0.128327,274.617979
0.000300,0.085590,0.000519,490.669094
0.195284,0.027078,-0.007307,448.267890
0.253647,0.045823,-0.011748,435.356171
0.124118,0.084301,-0.003003,463.874544
0.811926,0.058010,-0.096528,306.675267
0.016426,0.033426,0.001191,487.210239
0.621244,0.097814,-0.058838,351.694131
0.216850,0.032019,-0.008852,443.508547
0.061959,0.030066,-0.000242,477.385813
0.215283,0.070174,-0.008736,443.854091
0.936675,0.050325,-0.126240,276.604068
-0.000238,0.082219,-0.000413,490.780267
0.158347,0.062639,-0.004921,456.386590
0.082662,0.097904,-0.001058,472.897382
0.036169,0.095170,0.000631,482.956643
0.289837,0.095972,-0.014916,427.298234
0.192100,0.000022,-0.006752,448.974972
0.897340,0.058147,-0.116433,286.139257
0.022320,0.032845,0.001034,485.941935
0.335526,0.093784,-0.019371,417.071078
0.206981,0.082914,-0.008131,445.687155
0.552470,0.040941,-0.047493,367.657606
0.318654,0.029749,-0.017667,420.856350
0.537795,0.067194,-0.045225,371.044492
0.145278,0.047670,-0.004155,459.250065
0.200730,0.086627,-0.007686,447.066219
0.464756,0.035144,-0.034729,387.807471
0.680313,0.081303,-0.069528,337.869046
0.568700,0.032834,-0.050064,363.903915
0.105773,0.000278,-0.002311,467.872845
0.063108,0.038211,-0.000285,477.136826
0.193215,0.073993,-0.007164,448.722775
0.701287,0.078150,-0.073536,332.933950
0.377916,0.010916,-0.023958,407.528414
0.271386,0.063351,-0.013261,431.411541
0.799220,0.084696,-0.093729,309.709762
0.710127,0.091039,-0.075258,330.849641
0.637590,0.077533,-0.061708,347.879570
0.758404,0.062344,-0.085015,319.425875
0.165615,0.060956,-0.005364,454.792115
0.550911,0.091282,-0.047250,368.016773
0.466271,0.034661,-0.034933,387.461473
0.870743,0.041852,-0.110032,292.559200
0.755863,0.035710,-0.084487,320.029535
0.140867,0.085849,-0.003906,460.214608
0.150155,0.030266,-0.004436,458.182470
0.264193,0.040861,-0.012639,433.012295
0.804886,0.027719,-0.094972,308.358120
0.075667,0.042277,-0.000771,474.415936
0.510942,0.017262,-0.041212,377.226965
0.125248,0.010638,-0.003062,463.629256
0.411371,0.020412,-0.027888,399.957740
0.456279,0.038194,-0.033596,389.742379
0.051445,0.048908,0.000133,479.659401
0.553272,0.000411,-0.048062,367.457524
0.603529,0.046821,-0.055803,355.820643
0.231663,0.005934,-0.009979,440.232061
0.984959,0.033702,-0.138835,264.831115
0.870686,0.021622,-0.110018,292.573352
0.070816,0.037258,-0.000579,475.467426
0.442313,0.028397,-0.031768,392.925822
0.623342,0.043119,-0.059203,351.206159
0.688633,0.037361,-0.071105,335.913882
0.301532,0.096110,-0.016008,424.686379
0.174887,0.018658,-0.005949,452.756632
0.702274,0.090049,-0.073727,332.701196
0.629349,0.050707,-0.060253,349.804396
0.333348,0.025510,-0.019147,417.561394
0.242502,0.038784,-0.010836,437.829488
0.909546,0.098072,-0.119433,283.184999
0.608150,0.057319,-0.056587,354.745248
0.374940,0.043887,-0.023622,408.199541
0.425388,0.087367,-0.029617,396.774585
0.605124,0.066724,-0.056073,355.449175
0.164921,0.005563,-0.005322,454.945475
0.479728,0.042711,-0.036773,384.384297
0.850142,0.066992,-0.105200,297.515448
0.037345,0.075135,0.000595,482.703266
0.073370,0.039662,-0.000679,474.913910
0.587322,0.037965,-0.053095,359.586789
0.841721,0.081353,-0.103257,299.537443
0.195839,0.054094,-0.007345,448.145106
0.385972,0.051223,-0.024880,405.707629
-0.000311,0.093196,-0.000539,490.795137
0.065670,0.004199,-0.000381,476.582758
0.188697,0.072100,-0.006857,449.717850
0.898995,0.033926,-0.116837,285.739705
0.317850,0.068318,-0.017587,421.035582
0.593473,0.033696,-0.054115,358.158520
0.820107,0.043669,-0.098353,304.718705
0.400790,0.047384,-0.026616,402.355196
0.337967,0.091784,-0.019623,416.523061
0.296884,0.046851,-0.015570,425.725842
0.709553,0.073992,-0.075146,330.985419
0.490286,0.059761,-0.038248,381.966183
0.862999,0.060239,-0.108203,294.423727
0.614564,0.003368,-0.057684,353.252854
0.634621,0.055531,-0.061182,348.573377
0.898386,0.066535,-0.116689,285.886139
0.149393,0.044488,-0.004392,458.349259
0.343296,0.018365,-0.020179,415.327138
0.233822,0.007511,-0.010147,439.753885
0.580593,0.022043,-0.051990,361.148277
0.624705,0.080622,-0.059440,350.887525
0.052339,0.054904,0.000102,479.465994
0.507302,0.047604,-0.040682,378.062657
0.585562,0.083576,-0.052805,359.994270
0.805316,0.085009,-0.095067,308.254339
0.938620,0.032058,-0.126735,276.131498
0.212521,0.075076,-0.008532,444.464146
0.025713,0.015383,0.000939,485.211539
0.803238,0.057555,-0.094609,308.751084
0.007282,0.017049,0.001419,489.176048
0.490131,0.070239,-0.038226,382.001533
0.355976,0.092883,-0.021529,412.473371
0.901998,0.059174,-0.117573,285.012674
0.713985,0.088365,-0.076016,329.939456
0.716974,0.039099,-0.076606,329.234898
0.608638,0.078788,-0.056670,354.631343
0.518953,0.004629,-0.042391,375.385348
0.615051,0.015847,-0.057768,353.139131
0.271841,0.000683,-0.012789,431.321249
0.737842,0.085910,-0.080787,324.300222
0.841912,0.046903,-0.103301,299.492379
0.002155,0.050480,0.001538,490.276534
0.828501,0.063413,-0.100243,302.708112
0.751850,0.044589,-0.083656,320.981397
0.944930,0.018823,-0.128349,274.597257
0.844747,0.097517,-0.103953,298.810648
0.392723,0.083300,-0.025664,404.180500
0.437540,0.026903,-0.031154,394.012359
0.756369,0.017875,-0.084592,319.909828
0.037302,0.073368,0.000596,482.712739
0.427655,0.066638,-0.029901,396.259731
0.812264,0.076880,-0.096603,306.594146
0.505312,0.052655,-0.040394,378.519634
0.520014,0.095865,-0.042548,375.139509
0.450871,0.029118,-0.032882,390.975974
0.222762,0.081811,-0.009295,442.200483
0.663175,0.021460,-0.066336,341.892601
0.336606,0.007840,-0.019482,416.830273
0.077269,0.041217,-0.000836,474.068397
0.732124,0.076179,-0.079630,325.653513
0.160318,0.088217,-0.005039,455.953836
0.732325,0.095252,-0.079671,325.605717
0.921780,0.040939,-0.122478,280.220822
0.536283,0.094994,-0.044994,371.392648
0.488029,0.075235,-0.037930,382.483026
0.387337,0.028097,-0.025037,405.399492
0.542043,0.029978,-0.045876,370.065493
0.782489,0.091829,-0.090105,313.698660
0.151428,0.026173,-0.004510,457.903813
0.032861,0.072699,0.000732,483.670325
0.061068,0.081509,-0.000209,477.577668
0.250481,0.080801,-0.011486,436.058532
0.324255,0.006471,-0.018225,419.601588
0.040126,0.008444,0.000507,482.104613
0.064533,0.090020,-0.000338,476.827503
0.195223,0.025581,-0.007302,448.281316
0.615156,0.023266,-0.057786,353.114525
0.155427,0.033332,-0.004746,457.027267
0.415675,0.072759,-0.028414,398.980228
0.001038,0.063457,0.001564,490.516164
0.153804,0.090256,-0.004650,457.381890
0.178880,0.054325,-0.006206,451.878286
0.708837,0.047659,-0.075005,331.154894
0.154404,0.093048,-0.004685,457.250473
0.287130,0.030095,-0.014669,427.903531
0.859243,0.053042,-0.107321,295.327690
0.193916,0.080034,-0.007212,448.568216
0.669851,0.066808,-0.067571,340.325751
0.815056,0.027668,-0.097224,305.927342
0.649237,0.087297,-0.063795,345.155850
0.478525,0.018589,-0.036606,384.660241
0.988313,0.034421,-0.138333,264.096200
0.945098,0.021108,-0.128392,274.556275
0.258074,0.008864,-0.012119,434.373202
0.700917,0.083343,-0.073464,333.021145
0.657850,0.099541,-0.066178,343.104972
0.229233,0.020232,-0.009790,440.769904
0.017478,0.087144,0.001164,486.983021
0.750389,0.043688,-0.083354,321.327902
0.879849,0.034515,-0.112203,290.363987
0.156072,0.002020,-0.004785,456.886622
0.417123,0.098317,-0.028592,398.651225
0.327581,0.063106,-0.018560,418.854680
0.774676,0.067928,-0.088438,315.558857
0.433495,0.068931,-0.030638,394.931953
0.572970,0.036606,-0.050751,362.914876
0.783608,0.070891,-0.090345,313.432433
0.347218,0.063395,-0.020592,414.444608
0.220045,0.045418,-0.009090,442.802095
0.152186,0.099894,-0.004428,457.737958
0.897824,0.096263,-0.116552,286.021456
0.668372,0.002732,-0.067296,340.674096
0.328624,0.076298,-0.018665,418.620359
0.323173,0.073872,-0.018116,419.842787
0.482997,0.045139,-0.037226,383.636150
0.305059,0.045654,-0.016344,423.898801
0.663027,0.078066,-0.066309,341.926123
0.276332,0.011107,-0.013697,430.311099
0.465903,0.061756,-0.034883,387.544970
0.730928,0.081661,-0.079389,325.936398
0.037988,0.034624,0.000575,482.565441
0.153712,0.069169,-0.004644,457.402448
0.920779,0.076770,-0.122228,280.462945
0.187818,0.006499,-0.006798,449.912559
0.921624,0.042537,-0.122439,280.258747
0.793808,0.011864,-0.092548,311.002551
0.351325,0.065442,-0.021029,413.520682
0.208620,0.041185,-0.008249,445.326293
0.904115,0.034464,-0.118093,284.500956
0.027111,0.008296,0.000899,484.910658
0.584389,0.012330,-0.052612,360.267818
0.716683,0.051654,-0.076548,329.303347
0.628135,0.013706,-0.060040,350.088468
0.084439,0.062837,-0.001133,472.512291
0.313699,0.092620,-0.017179,421.964674
0.374523,0.084752,-0.023575,408.292849
0.045319,0.033046,0.000339,480.983053
0.478971,0.015727,-0.036668,384.558036
0.012780,0.065910,0.001285,487.993760
0.260702,0.005187,-0.012341,433.789211
0.418635,0.061215,-0.028778,398.308626
0.148863,0.059070,-0.004361,458.465049
0.386287,0.082829,-0.024916,405.635911
0.572397,0.051473,-0.050659,363.047272
0.792827,0.084746,-0.092335,311.235121
0.685821,0.088144,-0.070570,336.574210
0.328146,0.051470,-0.018617,418.728182
0.910332,0.095419,-0.119628,282.994613
0.560761,0.026828,-0.048798,365.741233
0.557176,0.005211,-0.048232,366.570630
0.302611,0.030603,-0.016111,424.446305
0.043953,0.023264,0.000384,481.278157
0.796076,0.086112,-0.093042,310.460096
0.601510,0.039652,-0.055462,356.290452
0.497575,0.022477,-0.039282,380.295855
0.066711,0.062652,-0.000420,476.356330
0.965383,0.014466,-0.133654,269.613966
0.966207,0.062025,-0.133870,269.412033
0.095111,0.092809,-0.001599,470.193105
0.970106,0.028421,-0.134894,268.461014
0.702329,0.038495,-0.073738,332.689304
0.266721,0.048276,-0.012856,432.449910
0.662436,0.077572,-0.066200,342.064641
0.230164,0.090057,-0.009862,440.562405
0.779936,0.087802,-0.089559,314.306506
0.856909,0.088483,-0.106775,295.888374
0.375984,0.054225,-0.023739,407.963836
0.242993,0.067091,-0.010876,437.720184
0.379615,0.081487,-0.024151,407.143490
0.713272,0.068158,-0.075876,330.108071
0.436676,0.004525,-0.031044,394.209448
0.951122,0.024734,-0.129943,273.089896
0.578240,0.035271,-0.051606,361.693618
0.847652,0.035786,-0.104623,298.114309
0.285548,0.079280,-0.014524,428.255461
-0.000162,0.064953,-0.000280,490.764704
0.710211,0.007800,-0.075274,330.831499
0.133694,0.039737,-0.003511,461.783841
0.934970,0.001831,-0.125806,277.019293
0.908341,0.002837,-0.119135,283.478547
0.690062,0.032061,-0.071377,335.577932
0.247114,0.091700,-0.011210,436.805519
0.621707,0.014237,-0.058918,351.587857
0.281713,0.014599,-0.014178,429.111869
0.567033,0.095529,-0.049797,364.288702
0.246187,0.007927,-0.011135,437.012812
0.858751,0.055212,-0.107206,295.445919
0.705442,0.062141,-0.074343,331.955029
0.677695,0.016379,-0.069036,338.485449
0.688951,0.044887,-0.071165,335.838911
0.259439,0.047667,-0.012234,434.069294
0.555836,0.037670,-0.048021,366.879941
0.038976,0.065347,0.000544,482.351637
0.770641,0.096944,-0.087583,316.517967
0.210049,0.046300,-0.008352,445.010717
0.342605,0.076689,-0.020106,415.481338
0.814373,0.034831,-0.097072,306.090692
0.455285,0.010017,-0.033464,389.969650
0.826690,0.034498,-0.099833,303.142597
0.188948,0.022968,-0.006874,449.663472
0.724109,0.096402,-0.078023,327.548403
0.930612,0.065450,-0.124702,278.076811
0.025019,0.096039,0.000960,485.359542
0.222419,0.030815,-0.009269,442.277419
0.523856,0.049088,-0.043120,374.256321
0.165278,0.061904,-0.005343,454.866060
0.411543,0.049013,-0.027909,399.918233
0.166743,0.020595,-0.005434,454.545293
0.761989,0.044920,-0.085763,318.574950
0.277126,0.011945,-0.013768,430.134136
0.563746,0.038318,-0.049272,365.050573
0.528639,0.004301,-0.043837,373.155916
0.335692,0.054144,-0.019388,417.034535
0.189890,0.057475,-0.006938,449.455487
0.237101,0.056797,-0.010405,439.026460
0.491289,0.033869,-0.038389,381.736879
0.252173,0.091507,-0.011626,435.682522
0.635553,0.022089,-0.061347,348.356375
0.816319,0.017892,-0.097506,305.625564
0.418151,0.049649,-0.028718,398.418864
0.572330,0.025620,-0.050648,363.063440
0.231998,0.005764,-0.010005,440.157858
0.415809,0.010805,-0.028430,398.951087
0.301367,0.035699,-0.015993,424.724330
0.732966,0.000468,-0.080687,325.415136
0.545073,0.074515,-0.046343,369.365309
0.054139,0.011936,0.000039,479.077680
0.280423,0.008906,-0.014062,429.399405
0.394345,0.032844,-0.025854,403.814356
0.009574,0.045117,0.001364,488.683138
0.987038,0.086992,-0.139391,264.321597
0.449835,0.012053,-0.032746,391.212350
0.679642,0.064796,-0.069402,338.026916
0.093837,0.073598,-0.001542,470.470355
0.075132,0.084254,-0.000749,474.531105
0.954656,0.077678,-0.130858,272.227979
0.273611,0.096918,-0.013456,430.915494
0.444480,0.059466,-0.032048,392.431776
0.201184,0.036231,-0.007718,446.966958
0.234824,0.088720,-0.010225,439.530368
0.644130,0.089212,-0.062876,346.350396
0.432395,0.089546,-0.030499,395.181764
0.137013,0.068317,-0.003692,461.057759
0.478682,0.008272,-0.036628,384.624524
0.069774,0.096684,-0.000538,475.692240
0.876629,0.043208,-0.111432,291.140433
0.000540,0.037868,0.001574,490.623492
0.250115,0.048110,-0.011456,436.140360
0.003030,0.037381,0.001518,490.088858
0.231242,0.044245,-0.009946,440.324689
0.789602,0.025413,-0.091637,312.005099
0.759838,0.018932,-0.085314,319.086414
0.516295,0.090604,-0.041998,375.995139
0.056243,0.000726,-0.000771,478.617259
0.202101,0.082005,-0.007783,446.764040
0.248626,0.068169,-0.011334,436.470304
0.088431,0.036081,-0.001305,471.645764
0.664511,0.068331,-0.066582,341.578266
0.314051,0.035557,-0.017214,421.887076
0.405584,0.080053,-0.027189,401.268452
0.440437,0.025493,-0.031526,393.353018
0.554531,0.076472,-0.047816,367.180655
0.361359,0.065104,-0.022114,411.261537
0.381812,0.090299,-0.024402,406.646878
0.548974,0.086734,-0.046948,368.464323
0.197129,0.009018,-0.007435,447.861528
0.857738,0.021857,-0.106969,295.690257
0.988115,0.096378,-0.138676,264.119129
0.457027,0.054618,-0.033695,389.571363
0.358219,0.000697,-0.021385,411.979464
0.198067,0.009139,-0.007500,447.654797
0.457897,0.051485,-0.033810,389.373091
0.638883,0.012630,-0.061938,347.578615
0.312090,0.084981,-0.017022,422.325048
0.111466,0.064609,-0.002366,466.633996
0.451427,0.069293,-0.032955,390.848390
0.610622,0.023533,-0.057009,354.170589
0.968933,0.024435,-0.134586,268.747458
0.344200,0.045032,-0.020274,415.123434
0.037192,0.003946,0.000599,482.737728
0.954901,0.002352,-0.130921,272.169760
0.892929,0.038859,-0.115359,287.205893
0.008699,0.055547,0.001385,488.871048
0.313794,0.023125,-0.017189,421.944677
0.029441,0.082141,0.000833,484.407291
0.553662,0.016862,-0.047680,367.382823
0.362232,0.005498,-0.022210,411.066087
0.170469,0.079018,-0.005667,453.726222
0.398123,0.022649,-0.026299,402.959569
0.066451,0.027992,-0.000411,476.413258
0.824202,0.069251,-0.099273,303.737886
0.658408,0.078897,-0.065462,343.008620
0.697127,0.005787,-0.072732,333.915396
0.855799,0.000724,-0.106890,296.137238
0.507594,0.034844,-0.040725,377.995863
0.750504,0.044166,-0.083378,321.300639
0.274370,0.049214,-0.013524,430.747178
0.618594,0.015402,-0.058379,352.313645
0.251545,0.094501,-0.011574,435.821983
0.458961,0.019509,-0.033952,389.130798
0.147758,0.042292,-0.004297,458.707238
0.262148,0.080427,-0.012464,433.466395
0.699665,0.023220,-0.073222,333.317327
0.152045,0.000686,-0.004421,457.770697
0.920883,0.030040,-0.122254,280.438600
0.422997,0.006528,-0.029319,397.319318
0.483083,0.066306,-0.037238,383.616046
0.229658,0.070369,-0.009823,440.674816
0.623331,0.014019,-0.059201,351.209250
0.468810,0.020830,-0.035277,386.881589
0.525986,0.036871,-0.043438,373.766288
0.587283,0.066632,-0.053088,359.595279
0.605820,0.091866,-0.056191,355.286890
0.089743,0.090681,-0.001361,471.359909
0.110384,0.007574,-0.002314,466.870723
0.188376,0.053163,-0.006835,449.788998
0.923148,0.017779,-0.122821,279.889395
0.927483,0.099785,-0.123497,278.859587
0.329300,0.035184,-0.018734,418.469452
0.305785,0.076300,-0.016414,423.735860
0.420574,0.095105,-0.029018,397.867832
0.163876,0.041304,-0.005257,455.174325
0.766883,0.011816,-0.086790,317.412932
0.988059,0.036115,-0.138773,264.127208
0.941273,0.041565,-0.127413,275.486208
0.435738,0.016732,-0.030924,394.422699
0.033514,0.092089,0.000712,483.529192
0.587311,0.018213,-0.053093,359.589574
0.767564,0.066933,-0.086933,317.249952
0.345583,0.042729,-0.020420,414.812514
0.770110,0.094807,-0.087471,316.644091
0.488371,0.050392,-0.037978,382.405302
0.474467,0.095189,-0.036048,385.587028
0.794219,0.063975,-0.092638,310.903563
0.075269,0.089960,-0.000755,474.501253
0.909352,0.047531,-0.119385,283.232917
0.060957,0.023117,-0.000205,477.602759
0.402138,0.049810,-0.026776,402.049883
0.494894,0.052565,-0.038900,380.910092
0.738403,0.033054,-0.080901,324.168384
0.126006,0.063314,-0.003101,463.462823
0.073834,0.035677,-0.000698,474.813477
0.988280,0.003311,-0.138391,264.100882
0.456623,0.023748,-0.033641,389.664302
0.000239,0.030148,0.000414,490.682668
0.291451,0.051716,-0.015065,426.938930
0.731618,0.096044,-0.079528,325.773017
0.405776,0.066554,-0.027212,401.225333
0.854073,0.051223,-0.106113,296.571065
0.260639,0.010625,-0.012336,433.803147
0.190255,0.005100,-0.006963,449.376071
0.137306,0.032300,-0.003709,460.994359
0.793619,0.026647,-0.092507,311.047369
0.359625,0.039927,-0.021925,411.652812
0.858371,0.023846,-0.107117,295.538059
0.865823,0.083359,-0.108868,293.743356
0.302696,0.049025,-0.016119,424.427059
0.268879,0.036347,-0.013043,431.969953
0.406489,0.026213,-0.027298,401.064332
0.723291,0.060599,-0.077860,327.742297
0.974007,0.078269,-0.135924,267.507326
0.214567,0.049185,-0.008683,444.012797
0.522232,0.052078,-0.042878,374.630105
0.708761,0.054618,-0.074991,331.172571
0.610472,0.029260,-0.056983,354.205262
0.243159,0.040360,-0.010889,437.683788
0.309478,0.088603,-0.016769,422.909474
0.926899,0.086409,-0.123765,278.977663
0.541439,0.047529,-0.045783,370.204435
0.261523,0.023101,-0.012411,433.606329
0.291011,0.015973,-0.015025,427.037683
0.775923,0.039256,-0.088703,315.262632
0.205577,0.029021,-0.008030,445.998035
0.753782,0.002229,-0.084055,320.524100
0.021996,0.007686,0.001042,486.012168
0.454194,0.046795,-0.033320,390.217789
0.890043,0.013441,-0.114658,287.903698
0.363845,0.071712,-0.022387,410.701441
0.728744,0.077567,-0.078951,326.452907
0.174427,0.059936,-0.005919,452.856953
0.722732,0.013367,-0.077748,327.875351
0.259745,0.081539,-0.012260,434.000514
0.310666,0.016608,-0.016884,422.645027
0.420081,0.023513,-0.028957,397.981251
0.309225,0.039864,-0.016745,422.966955
-0.000196,0.064033,-0.000339,490.771754
0.685606,0.053096,-0.070529,336.625400
0.762714,0.037237,-0.085915,318.402914
0.387323,0.084763,-0.025035,405.401682
0.477043,0.000225,-0.036489,384.996979
0.531419,0.052794,-0.044256,372.514496
0.256339,0.024337,-0.011973,434.758481
0.029598,0.090507,0.000828,484.373344
0.044452,0.054905,0.000368,481.170022
0.844974,0.029816,-0.104005,298.757729
0.901248,0.004401,-0.117389,285.195321
0.047018,0.014925,0.000283,480.616472
0.665474,0.012580,-0.066760,341.353737
0.195779,0.081068,-0.007340,448.157851
0.918344,0.026406,-0.121619,281.054515
0.437655,0.097877,-0.031169,393.984848
0.052180,0.024876,0.000108,479.501041
0.395660,0.067881,-0.026009,403.516091
0.754445,0.097674,-0.084193,320.364709
0.088030,0.034716,-0.001287,471.732964
0.273280,0.043307,-0.013428,430.990227
0.646818,0.069080,-0.063359,345.722213
0.197576,0.014231,-0.007466,447.762979
0.203149,0.077435,-0.007857,446.532891
0.170744,0.064081,-0.005685,453.665958
0.126287,0.071563,-0.003116,463.401246
0.018423,0.041596,0.001139,486.780453
0.969924,0.020469,-0.134846,268.505523
0.709040,0.023883,-0.075045,331.107421
0.204373,0.018063,-0.007944,446.263898
0.006646,0.075882,0.001435,489.311789
0.533548,0.099424,-0.044932,372.010912
0.874608,0.017010,-0.110950,291.628307
0.221162,0.087413,-0.009174,442.554297
0.699210,0.015583,-0.073134,333.424686
0.869981,0.061383,-0.109851,292.742480
0.455836,0.056017,-0.033537,389.843117
0.005471,0.089358,0.001463,489.563902
0.410387,0.098098,-0.027769,400.179327
0.283805,0.025664,-0.014367,428.645086
0.200879,0.046255,-0.007697,447.034105
0.613218,0.026586,-0.057453,353.565913
0.720422,0.013080,-0.077289,328.421075
0.191084,0.085318,-0.007018,449.192114
0.490783,0.001804,-0.038318,381.853565
0.593868,0.054988,-0.054181,358.066292
0.122730,0.018007,-0.002932,464.178625
0.563501,0.095540,-0.049233,365.105952
0.277707,0.093247,-0.013819,430.003150
0.743889,0.051256,-0.082019,322.868693
0.365582,0.060911,-0.022578,410.309990
0.151279,0.085714,-0.004501,457.935405
0.909486,0.024347,-0.119418,283.200958
0.199844,0.037122,-0.007624,447.262431
0.745664,0.011214,-0.082382,322.448777
0.075293,0.086546,-0.000756,474.496031
0.567773,0.062693,-0.049915,364.117842
0.500396,0.072004,-0.039685,379.647681
0.100758,0.006674,-0.001857,468.966517
0.220144,0.031343,-0.009098,442.780460
0.896284,0.049749,-0.116176,286.394731
0.929786,0.010534,-0.124493,278.278321
0.660925,0.008455,-0.065923,342.420121
0.170120,0.078378,-0.005645,453.802811
0.221849,0.056437,-0.009226,442.402848
0.346936,0.032240,-0.020562,414.508666
0.988524,0.031339,-0.137968,264.070463
0.367725,0.034531,-0.022815,409.827345
0.928776,0.041707,-0.124238,278.523140
0.610885,0.027074,-0.057054,354.109104
0.478614,0.065723,-0.036619,384.638887
0.253843,0.068131,-0.011764,435.312096
0.081260,0.010293,-0.001000,473.203217
0.665716,0.012561,-0.066805,341.297002
0.568042,0.091030,-0.049958,364.055164
0.201877,0.044394,-0.007767,446.814008
0.104584,0.006449,-0.002036,468.133795
0.143101,0.065734,-0.004032,459.726169
0.481890,0.074586,-0.037072,383.888948
0.540155,0.088313,-0.045586,370.499837
0.392306,0.018217,-0.025615,404.275971
0.376907,0.007003,-0.023844,407.756280
0.220120,0.008807,-0.009096,442.786069
0.176895,0.049684,-0.006078,452.314724
0.434654,0.077714,-0.030785,394.668177
0.238548,0.073237,-0.010520,438.705548
0.092412,0.073259,-0.001479,470.780221
0.100716,0.043436,-0.001855,468.975105
0.146966,0.037390,-0.004252,458.880681
0.310516,0.036040,-0.016870,422.678290
0.409461,0.033445,-0.027657,400.390555
0.460102,0.036268,-0.034104,388.870092
0.182147,0.025603,-0.006420,451.160302
0.305645,0.024891,-0.016400,423.768027
0.518952,0.076315,-0.042391,375.384145
0.392742,0.019669,-0.025666,404.177476
0.474822,0.096394,-0.036097,385.505716
0.666877,0.009397,-0.067019,341.024672
0.333376,0.099335,-0.018701,417.563826
0.413648,0.030515,-0.028166,399.440923
0.337440,0.019508,-0.019569,416.642824
0.308440,0.073960,-0.016669,423.142062
0.237056,0.034215,-0.010402,439.036843
0.606614,0.025359,-0.056326,355.103314
0.949471,0.014243,-0.129517,273.491999
0.155617,0.099453,-0.004610,456.986452
0.809335,0.081558,-0.095954,307.294082
0.988256,0.080210,-0.138433,264.102308
0.901949,0.021336,-0.117561,285.025467
0.226540,0.073505,-0.009583,441.364781
0.415748,0.042441,-0.028423,398.964235
0.503119,0.043591,-0.040077,379.023243
0.676564,0.028113,-0.068824,338.750688
0.029200,0.017559,0.000839,484.460441
0.192791,0.090611,-0.007135,448.816066
0.323623,-0.000029,-0.017693,419.753738
0.938833,0.016188,-0.126789,276.080236
0.064221,0.050502,-0.000326,476.895643
0.288333,0.021727,-0.014779,427.635303
0.018719,0.072314,0.001131,486.716116
0.114704,0.019403,-0.002526,465.929183
0.103187,0.072456,-0.001969,468.436767
0.683850,0.051446,-0.070196,337.038247
0.079830,0.070522,-0.000941,473.512473
0.748334,0.030241,-0.082931,321.815603
0.396159,0.094485,-0.026067,403.402753
0.537328,0.026870,-0.045153,371.153107
0.493849,0.099834,-0.038918,381.143461
0.767870,0.085783,-0.086998,317.176848
0.126244,0.053686,-0.003114,463.410999
0.493229,0.094039,-0.038663,381.290993
0.108566,0.059620,-0.002225,467.265933
0.574331,0.079569,-0.050971,362.598761
0.022956,0.028344,0.001016,485.805128
0.104489,0.030897,-0.002031,468.154065
0.148005,0.023154,-0.004312,458.653444
0.166888,0.031338,-0.005443,454.513435
0.962447,0.096161,-0.132886,270.328493
0.352720,0.027987,-0.021179,413.207566
0.106475,0.053562,-0.002125,467.721301
0.248235,0.022896,-0.011302,436.558089
0.673320,0.088494,-0.068217,339.511269
0.483348,0.075221,-0.037275,383.555081
0.064474,0.037042,-0.000336,476.841131
0.635755,0.046571,-0.061383,348.308875
0.795852,0.002929,-0.092993,310.515301
0.396782,0.085025,-0.026141,403.261998
0.820172,0.052922,-0.098367,304.702800
0.841575,0.013843,-0.103223,299.573982
0.719685,0.060130,-0.077143,328.594364
0.291902,0.084731,-0.015107,426.837540
0.915533,0.067444,-0.120919,281.734910
0.107671,0.051529,-0.002182,467.460879
0.189052,0.030218,-0.006881,449.640481
0.183302,0.064920,-0.006496,450.905439
0.131560,0.067640,-0.003396,462.249547
0.869695,0.014697,-0.109783,292.812234
0.621216,0.031428,-0.058833,351.702109
0.228349,0.064061,-0.009722,440.964599
0.417318,0.048152,-0.028616,398.608007
0.882867,0.001722,-0.112926,289.636649
0.161109,0.089264,-0.005087,455.780484
0.656738,0.058981,-0.065156,343.400212
0.299345,0.028436,-0.015802,425.176456
0.747964,0.032536,-0.082855,321.903127
0.168840,0.069391,-0.005565,454.084132
0.224391,0.013776,-0.009419,441.841564
0.354529,0.062237,-0.021373,412.799718
0.339214,0.090044,-0.019752,416.242942
0.227224,0.040262,-0.009635,441.214174
0.065700,0.099698,-0.001005,476.569561
0.315962,0.032088,-0.017401,421.459257
0.425006,0.063003,-0.029569,396.861765
0.520626,0.027370,-0.042639,374.999993
0.085320,0.085686,-0.001170,472.320597
0.111322,0.049040,-0.002359,466.665641
0.458696,0.023385,-0.033917,389.191305
0.786910,0.037223,-0.091055,312.646575
0.054179,0.074570,0.000038,479.067862
0.258111,0.019923,-0.012122,434.364795
0.242795,0.027643,-0.010860,437.764907
0.541401,0.014051,-0.045777,370.213771
0.451950,0.055034,-0.033024,390.729387
0.988342,0.022201,-0.138284,264.092950
0.498122,0.069527,-0.039360,380.169384
0.563255,0.015658,-0.049194,365.164576
0.529167,0.019046,-0.043916,373.033925
0.065380,0.006095,-0.000370,476.645557
0.668551,0.004344,-0.067329,340.632175
0.023509,0.093656,0.001002,485.684907
0.287586,0.000012,-0.014200,427.812591
0.001063,0.065272,0.001563,490.510624
0.197714,0.061559,-0.007475,447.731590
0.019261,0.020612,0.001116,486.600503
0.321935,0.063251,-0.017993,420.120408
0.923564,0.079194,-0.122926,279.787300
0.213863,0.003045,-0.008631,444.169182
0.417187,0.092563,-0.028600,398.636806
0.842779,0.046974,-0.103500,299.284357
0.335400,0.092278,-0.019358,417.099383
0.984119,0.013715,-0.138610,265.037134
0.069725,0.070370,-0.000536,475.703238
0.795679,0.018737,-0.092955,310.556139
0.586129,0.061099,-0.052898,359.863086
0.666048,0.003675,-0.066866,341.219281
0.818414,0.092945,-0.097974,305.122689
0.328227,0.058526,-0.018625,418.709891
0.231232,0.016119,-0.009945,440.327430
0.988363,0.051573,-0.138247,264.089782
0.132355,0.041102,-0.003439,462.076512
0.097233,0.044647,-0.001695,469.732580
0.889342,0.058003,-0.114489,288.072186
0.710907,0.054108,-0.075411,330.666412
0.905816,0.022971,-0.118512,284.089513
0.302762,0.065288,-0.016125,424.411876
0.442842,0.020546,-0.031836,392.805538
0.229008,0.099506,-0.009316,440.825845
0.006175,0.048892,0.001446,489.413352
0.454185,0.054846,-0.033319,390.219665
0.713839,0.013574,-0.075987,329.975406
0.166678,0.010062,-0.005430,454.559715
0.019359,0.036958,0.001114,486.579074
0.394017,0.033986,-0.025816,403.888615
0.223153,0.045311,-0.009325,442.114799
0.979868,0.010153,-0.137477,266.076582
0.536139,0.098263,-0.044972,371.425713
0.450342,0.009913,-0.032813,391.096786
0.206289,0.040194,-0.008081,445.840715
0.386872,0.005035,-0.024984,405.505105
0.137381,0.098035,-0.003712,460.976826
0.541474,0.045827,-0.045788,370.196461
0.312894,0.093186,-0.017101,422.144880
0.205567,0.074666,-0.008029,445.999479
0.315750,0.089875,-0.017380,421.505506
0.496817,0.015580,-0.039174,380.469724
0.220206,0.015183,-0.009103,442.767036
0.494495,0.002222,-0.038843,381.002607
0.175966,0.002675,-0.006018,452.519884
0.434820,0.051464,-0.030807,394.630810
0.556147,0.019482,-0.048070,366.808254
0.974561,0.051703,-0.136070,267.372614
0.748068,0.079472,-0.082876,321.877577
0.351693,0.013665,-0.021069,413.438973
0.553467,0.033330,-0.047649,367.427361
0.866797,0.008140,-0.109097,293.510463
0.530127,0.068898,-0.044061,372.811914
0.883715,0.085860,-0.113131,289.430274
0.793832,0.010927,-0.092553,310.996940
0.424961,0.078762,-0.029563,396.871739
0.201549,0.019196,-0.007744,446.886813
0.054766,0.096171,0.000018,478.940608
0.566602,0.053736,-0.049728,364.389185
0.138024,0.005751,-0.003749,460.837910
0.733060,0.070062,-0.079819,325.432357
0.423596,0.025056,-0.029393,397.182763
0.234295,0.060640,-0.010184,439.648149
0.680008,0.022465,-0.069471,337.941811
0.576666,0.005749,-0.051350,362.059061
0.343249,0.032734,-0.020174,415.337377
0.633780,0.024286,-0.061033,348.770622
0.033058,0.021003,0.000725,483.628890
0.242717,0.097469,-0.010853,437.780790
0.070249,0.019718,-0.000557,475.590615
0.213140,0.086048,-0.008578,444.327360
0.287375,0.066981,-0.014691,427.848207
0.963709,0.066527,-0.133216,270.021357
0.475431,0.024639,-0.036180,385.367910
0.008005,0.036062,0.001402,489.020566
0.189696,0.047677,-0.006924,449.498365
0.472395,0.058979,-0.035765,386.061500
0.327302,0.046027,-0.018532,418.917423
0.190291,0.041386,-0.006965,449.367611
0.270935,0.004020,-0.013222,431.513006
0.098378,0.074255,-0.001747,469.483044
0.112124,0.083451,-0.002398,466.490318
0.420919,0.071526,-0.029060,397.790021
0.040514,0.081839,0.000495,482.019537
0.969561,0.038353,-0.134751,268.593783
0.362366,0.039256,-0.022224,411.035292
0.755219,0.068123,-0.084353,320.181789
0.024854,0.058119,0.000964,485.395887
0.222403,0.077231,-0.009268,442.280065
0.823480,0.006739,-0.099110,303.911830
0.810302,0.040483,-0.096168,307.063785
0.319997,0.061782,-0.017800,420.554675
0.472351,0.070228,-0.035759,386.071358
0.159043,0.044345,-0.004963,456.234422
0.654293,0.027642,-0.064711,343.973580
0.024380,0.048000,0.000977,485.498156
0.353659,0.068245,-0.021279,412.995494
0.484077,0.037565,-0.037377,383.388975
0.519710,0.091512,-0.042503,375.209515
0.460134,0.020647,-0.034109,388.862967
0.024139,0.082945,0.000984,485.549392
0.614572,0.054988,-0.057686,353.249959
0.228889,0.062457,-0.009763,440.845168
0.326217,0.010125,-0.018422,419.161580
0.031538,0.010235,0.000770,483.956716
0.003711,0.092673,0.001503,489.941796
0.775825,0.022115,-0.088682,315.286218
0.707139,0.030375,-0.074674,331.555683
0.145035,0.037034,-0.004141,459.303455
0.726746,0.006062,-0.078550,326.926844
0.505516,0.096736,-0.040423,378.471875
0.011129,0.019314,0.001326,488.349516
0.542171,0.077697,-0.045895,370.034966
0.317110,0.006914,-0.017515,421.202511
0.001579,0.030912,0.001551,490.400624
0.440233,0.075929,-0.031499,393.398535
0.146554,0.065544,-0.004228,458.970397
0.254361,0.036732,-0.011808,435.197573
0.612714,0.094847,-0.057367,353.682011
0.872081,0.012769,-0.110349,292.237481
0.227496,0.050294,-0.009656,441.153750
0.852468,0.083910,-0.105740,296.956232
0.002076,0.006887,0.001540,490.294237
0.354249,0.087836,-0.021343,412.862206
0.165272,0.009635,-0.005343,454.868432
0.534196,0.038751,-0.044677,371.874807
0.354044,0.052557,-0.021321,412.909070
0.747683,0.000605,-0.083668,321.929715
0.236197,0.041724,-0.010334,439.227149
0.598184,0.074247,-0.054902,357.062958
0.011825,0.036676,0.001308,488.199535
0.038742,0.089683,0.000551,482.401738
0.126229,0.048859,-0.003113,463.414353
0.393998,0.037414,-0.025813,403.892896
0.558930,0.026745,-0.048508,366.164725
0.535222,0.039617,-0.044833,371.638251
0.134169,0.017988,-0.003537,461.680450
0.929456,0.096906,-0.124410,278.356716
0.369436,0.085590,-0.023005,409.440506
0.064921,0.006139,-0.000353,476.744877
0.234436,0.097767,-0.010195,439.616174
0.939154,0.077584,-0.126872,276.000842
0.153535,0.052745,-0.004634,457.441539
0.737720,0.023666,-0.080762,324.330192
0.327162,0.002014,-0.018518,418.949713
0.217042,0.009553,-0.008866,443.466634
0.131833,0.079189,-0.003410,462.189823
0.817245,0.035110,-0.097712,305.403540
0.812642,0.037379,-0.096687,306.504595
0.163546,0.043183,-0.005237,455.246704
0.487758,0.046047,-0.037892,382.545728
0.161495,0.016168,-0.005111,455.697103
0.080963,0.083362,-0.000987,473.266254
0.129136,0.005713,-0.003267,462.780375
0.748207,0.094035,-0.082905,321.844438
0.032126,0.022040,0.000753,483.829693
0.573309,0.013295,-0.050806,362.836855
0.553959,0.090669,-0.047726,367.312569
0.004236,0.037728,0.001491,489.830093
0.816363,0.018664,-0.097515,305.614895
0.358874,0.079334,-0.021843,411.821213
0.182747,0.066736,-0.006460,451.027580
0.046682,0.015771,0.000294,480.689085
0.519225,0.066480,-0.042431,375.321583
0.430156,0.091837,-0.030215,395.690722
0.276741,0.080398,-0.013733,430.218523
0.394031,0.079049,-0.025817,403.884637
0.299023,0.039785,-0.015771,425.248186
0.173418,0.051479,-0.005854,453.078855
0.988319,0.098846,-0.138323,264.094192
0.464891,0.076195,-0.034747,387.775792
0.481000,0.020664,-0.036949,384.093774
0.703688,0.014771,-0.074001,332.369522
0.086938,0.080595,-0.001240,471.969207
0.119165,0.053589,-0.002749,464.955661
0.173059,0.060618,-0.005831,453.157587
0.320453,0.061304,-0.017845,420.452680
0.886857,0.046149,-0.113888,288.672576
0.951789,0.096761,-0.130116,272.925824
0.894069,0.072555,-0.115636,286.929832
0.702887,0.019467,-0.073846,332.558192
0.729955,0.055625,-0.079194,326.167143
0.373834,0.015265,-0.023497,408.449816
0.804503,0.076643,-0.094888,308.448679
0.940250,0.097219,-0.127151,275.734026
0.353230,0.050678,-0.021233,413.092237
0.283925,0.097937,-0.014377,428.617099
0.352813,0.018340,-0.021189,413.186829
0.588185,0.091437,-0.053237,359.385443
0.847534,0.003418,-0.104596,298.143322
0.802851,0.099945,-0.095233,308.807183
0.098501,0.027061,-0.001753,469.457162
0.658819,0.038554,-0.065537,342.913050
0.988347,0.100012,-0.138274,264.090716
0.092587,0.009576,-0.001487,470.743412
0.957746,0.031073,-0.131660,271.475851
0.987335,0.037486,-0.139470,264.249767
0.481434,0.058036,-0.037009,383.993535
0.272648,0.011020,-0.013372,431.131368
0.106254,0.006894,-0.002115,467.770202
0.627908,0.097789,-0.060000,350.139925
0.311038,0.045958,-0.016920,422.561153
0.258659,0.064402,-0.012168,434.242181
0.199596,0.005392,-0.007607,447.317728
0.736166,0.009180,-0.080447,324.698409
0.047230,0.045280,0.000276,480.570077
0.268279,0.082556,-0.012991,432.102662
0.172939,0.083787,-0.005824,453.183421
0.123430,0.093164,-0.002967,464.024409
0.525276,0.078993,-0.043332,373.928882
0.598782,0.084822,-0.055003,356.923808
0.587237,0.041785,-0.053081,359.606454
0.376609,0.058507,-0.023810,407.822579
0.574055,0.030278,-0.050927,362.663508
0.645192,0.052410,-0.063066,346.102864
0.546168,0.084245,-0.046512,369.112346
0.848506,0.075934,-0.104821,297.908386
0.736586,0.052700,-0.080532,324.598238
0.490604,0.028594,-0.038292,381.893876
0.008022,0.056063,0.001402,489.016354
0.337507,0.089569,-0.019575,416.626302
0.706746,0.024198,-0.074597,331.648454
0.323694,0.057723,-0.018169,419.726250
0.522414,0.088868,-0.042905,374.587529
0.071178,0.074768,-0.000593,475.388411
0.417157,0.073388,-0.028596,398.644038
0.262059,0.012972,-0.012457,433.487336
0.403358,0.002103,-0.026922,401.774334
0.518049,0.060953,-0.042257,375.592241
0.775103,0.034697,-0.088528,315.457761
0.919342,0.059898,-0.121868,280.811781
0.401144,0.000485,-0.026416,402.282370
0.153786,0.052951,-0.004649,457.386551
0.000389,0.020305,0.000674,490.651925
0.258872,0.018705,-0.012186,434.195721
0.168906,0.039841,-0.005569,454.070112
0.228228,0.059462,-0.009712,440.991473
0.986158,0.034531,-0.139155,264.537883
0.563302,0.038327,-0.049202,365.153133
0.558061,0.093041,-0.048371,366.364364
0.143202,0.096234,-0.004037,459.703475
0.531385,0.011228,-0.044251,372.523161
0.375504,0.043775,-0.023685,408.072334
0.778928,0.090520,-0.089343,314.546515
0.520548,0.087411,-0.042627,375.016863
0.369535,0.045653,-0.023016,409.419058
0.812204,0.088992,-0.096590,306.608196
0.038762,0.081529,0.000551,482.397627
0.276810,0.026511,-0.013740,430.204252
0.219565,0.056013,-0.009054,442.907873
0.865762,0.047071,-0.108853,293.758712
0.744695,0.095898,-0.082184,322.676770
0.815873,0.007682,-0.097406,305.732411
0.063783,0.037767,-0.000310,476.990786
0.809911,0.062797,-0.096081,307.156845
0.324895,0.000584,-0.017823,419.468476
0.622699,0.004830,-0.059091,351.356838
0.730308,0.041063,-0.079265,326.083786
0.147457,0.004083,-0.004280,458.773804
0.793381,0.086790,-0.092456,311.102958
0.740531,0.091620,-0.081334,323.663339
0.066736,0.026894,-0.000422,476.351470
0.561999,0.075648,-0.048995,365.453857
0.053857,0.032681,0.000049,479.138197
0.233217,0.041168,-0.010100,439.887276
0.111173,0.054905,-0.002352,466.697933
0.435043,0.054855,-0.030835,394.580121
0.797773,0.062379,-0.093412,310.055763
0.676304,0.040623,-0.068775,338.811558
0.924880,0.074286,-0.123257,279.467991
0.336683,0.084457,-0.019490,416.811508
0.582397,0.000564,-0.052854,360.709146
0.786522,0.004279,-0.090972,312.739597
0.895947,0.099407,-0.116079,286.476112
0.591579,0.067070,-0.053800,358.597868
0.616484,0.085183,-0.058015,352.803896
0.511231,0.059981,-0.041255,377.159651
0.179373,0.043384,-0.006238,451.770055
0.098887,0.066664,-0.001770,469.372548
0.678032,0.043741,-0.069099,338.405670
0.037000,0.016024,0.000605,482.778866
0.411086,0.061962,-0.027854,400.021621
0.927595,0.002952,-0.123940,278.810450
0.568682,0.016831,-0.050061,363.908356
0.642388,0.063982,-0.062564,346.758252
0.001479,0.089125,0.001554,490.420944
0.138983,0.007943,-0.003802,460.628079
0.554649,0.062790,-0.047834,367.153763
0.272780,0.060417,-0.013384,431.101054
0.988393,0.000881,-0.138195,264.087090
0.216729,0.013619,-0.008843,443.535720
0.002665,0.025388,0.001527,490.167461
0.114572,0.079017,-0.002519,465.956761
0.592808,0.087943,-0.054004,358.311985
0.278151,0.045795,-0.013859,429.905173
0.143669,0.041061,-0.004064,459.602263
0.659473,0.054148,-0.065656,342.759470
0.053998,0.011286,0.000044,479.108124
0.287891,0.078503,-0.014738,427.732875
0.557569,0.004612,-0.048294,366.479877
0.901370,0.095879,-0.117420,285.163956
0.406591,0.042731,-0.027310,401.040980
0.782490,0.056194,-0.090105,313.699070
0.401903,0.041867,-0.026748,402.103278
0.832416,0.074491,-0.101131,301.769595
0.896807,0.035817,-0.116303,286.268677
0.084709,0.094655,-0.001144,472.452986
0.423943,0.077692,-0.029436,397.103043
0.586373,0.020730,-0.052938,359.807325
0.914362,0.026951,-0.120627,282.019759
0.846863,0.085171,-0.104441,298.302817
0.235240,0.051666,-0.010258,439.439024
0.516981,0.075762,-0.042099,375.837667
0.173198,0.069312,-0.005840,453.126848
0.335315,0.076002,-0.019349,417.118770
0.201797,0.015360,-0.007762,446.832288
0.302642,0.085521,-0.016114,424.438328
0.565609,0.035646,-0.049569,364.619375
0.697516,0.063288,-0.072807,333.822687
0.741091,0.078461,-0.081448,323.530946
0.388130,0.077972,-0.025129,405.219287
0.871194,0.024421,-0.110138,292.451008
0.864632,0.037403,-0.108587,294.031156
0.008297,0.097523,0.001396,488.956686
0.095385,0.024386,-0.001612,470.134937
0.979668,0.097350,-0.137425,266.123657
0.491343,0.078273,-0.038397,381.723668
0.405870,0.064118,-0.027223,401.203943
0.096242,0.049992,-0.001650,469.947930
0.114034,0.003227,-0.002493,466.075472
0.621598,0.051212,-0.058899,351.612734
0.397605,0.016544,-0.026238,403.076993
0.012167,0.003993,0.001300,488.126586
0.826569,0.066983,-0.099806,303.170817
0.593506,0.037963,-0.054120,358.150766
0.051365,0.055272,0.000136,479.676453
0.086011,0.041278,-0.001200,472.171336
0.944076,0.055322,-0.128130,274.804128
0.092699,0.029324,-0.001492,470.718713
0.663604,0.073780,-0.066415,341.790970
0.283146,0.037087,-0.014307,428.791886
0.718929,0.084201,-0.076993,328.772305
0.232835,0.036210,-0.010070,439.971932
0.451605,0.058430,-0.032978,390.808045
0.603109,0.021846,-0.055732,355.918961
0.051372,0.063371,0.000136,479.674789
0.552347,0.051691,-0.047474,367.685985
0.065733,0.086192,-0.000383,476.567715
0.679593,0.089885,-0.069393,338.038051
0.109276,0.076970,-0.002259,467.110943
0.907840,0.092876,-0.119012,283.598087
0.686091,0.064172,-0.070621,336.511270
0.619018,0.076818,-0.058452,352.213653
0.583942,0.065462,-0.052538,360.370430
0.269189,0.053722,-0.013070,431.900655
0.053319,0.094398,0.000069,479.253578
0.855885,0.070464,-0.106536,296.134965
0.442797,0.000289,-0.031761,392.818288
0.292237,0.060856,-0.015138,426.763372
0.568798,0.040087,-0.050080,363.881110
0.906234,0.025732,-0.118615,283.988278
0.936537,0.074093,-0.126205,276.637012
0.033663,0.051751,0.000707,483.497767
0.347306,0.036659,-0.020602,414.425332
0.681052,0.089746,-0.069668,337.695112
0.546767,0.033977,-0.046605,368.974974
0.647430,0.088372,-0.063469,345.578624
0.849864,0.006808,-0.105135,297.583591
0.971490,0.037526,-0.135259,268.122993
0.556253,0.040895,-0.048086,366.783432
0.334227,0.056205,-0.019237,417.363588
0.230746,0.069226,-0.009907,440.434041
0.144878,0.076369,-0.004132,459.337014
0.576270,0.060849,-0.051286,362.149708
0.125925,0.100016,-0.003153,463.479012
0.690488,0.058645,-0.071458,335.477135
0.526143,0.069215,-0.043462,373.729408
0.703820,0.046606,-0.074027,332.337671
0.687343,0.055358,-0.070859,336.216849
0.012767,0.069529,0.001285,487.996439
0.372841,0.030798,-0.023386,408.673487
0.114206,0.019331,-0.002501,466.037637
-0.000358,0.062002,-0.000620,490.805324
0.485603,0.021838,-0.037590,383.039755
0.040940,0.052613,0.000482,481.928022
0.200521,0.036844,-0.007672,447.113224
0.033269,0.066296,0.000719,483.582634
0.054364,0.038887,0.000032,479.028543
0.208883,0.081848,-0.008268,445.267353
0.869033,0.060901,-0.109627,292.970797
0.880346,0.064823,-0.112322,290.243494
0.057145,0.090178,-0.000067,478.426322
0.568576,0.086026,-0.050044,363.931474
0.475830,0.052651,-0.036235,385.276107
0.654235,0.075955,-0.064700,343.986137
0.437998,0.004767,-0.031213,393.908600
0.683323,0.073162,-0.070097,337.161746
0.455179,0.002143,-0.033450,389.994148
0.305872,0.040838,-0.016422,423.717059
0.043259,0.027144,0.000407,481.427997
0.497751,0.013896,-0.039307,380.255552
0.489579,0.082721,-0.038148,382.127786
0.485858,0.089738,-0.037626,382.980154
0.270777,0.095017,-0.013208,431.546499
0.409683,0.025569,-0.027684,400.340284
0.778453,0.040616,-0.089242,314.660492
0.008076,0.039664,0.001400,489.005054
0.610051,0.016702,-0.056911,354.303573
0.159067,0.070937,-0.004964,456.228592
0.511434,0.065457,-0.041284,377.113024
0.354018,0.085418,-0.021318,412.914404
0.813321,0.086232,-0.096838,306.341116
0.358923,0.015632,-0.021849,411.811410
0.046660,0.023550,0.000295,480.693647
0.896266,0.019365,-0.116171,286.399895
0.916592,0.019794,-0.121182,281.479374
0.562902,0.012128,-0.049138,365.246324
0.108595,0.096263,-0.002226,467.258868
0.223937,0.029092,-0.009384,441.941646
0.244791,0.085664,-0.011021,437.321081
0.116448,0.011252,-0.002613,465.549002
0.879181,0.049049,-0.112043,290.524963
0.259983,0.032579,-0.012280,433.948620
0.530044,0.088499,-0.044048,372.830660
0.664805,0.051351,-0.066637,341.509798
0.929042,0.004589,-0.124305,278.459209
0.886641,0.019585,-0.113836,288.725144
0.182198,0.034188,-0.006424,451.148797
0.601170,0.077964,-0.055405,356.368714
0.202695,0.016457,-0.007825,446.634123
0.140109,0.095679,-0.003864,460.380143
0.450218,0.082319,-0.032796,391.123858
0.447565,0.037796,-0.032449,391.729256
0.404472,0.092924,-0.027055,401.520343
0.026229,0.048156,0.000925,485.099837
0.569247,0.026955,-0.050152,363.777410
0.688131,0.016161,-0.071009,336.032306
0.598998,0.080222,-0.055039,356.873634
0.597105,0.013990,-0.054722,357.314892
0.671033,0.081882,-0.067791,340.048067
0.106647,0.052019,-0.002133,467.683824
0.845390,0.079579,-0.104101,298.656625
0.815956,0.089361,-0.097425,305.710942
0.468521,0.021438,-0.035237,386.947667
0.407454,0.043765,-0.027414,400.845324
0.815493,0.049154,-0.097321,305.822568
0.408858,0.038090,-0.027584,400.527226
0.602836,0.029365,-0.055686,355.982221
0.979370,0.004411,-0.137345,266.198583
0.628150,0.050680,-0.060043,350.084256
0.592286,0.020567,-0.053917,358.434454
0.660574,0.069791,-0.065858,342.501236
0.955423,0.061988,-0.131057,272.041493
0.711977,0.066165,-0.075621,330.413733
0.329781,0.080195,-0.018783,418.360760
0.034067,0.012918,0.000695,483.411515
0.147512,0.025318,-0.004283,458.761490
0.807552,0.079432,-0.095560,307.720312
0.437408,0.042865,-0.031137,394.042133
0.044451,0.030452,0.000368,481.170552
0.354817,0.085434,-0.021404,412.734398
0.586539,0.049357,-0.052965,359.768303
0.954523,0.076061,-0.130824,272.260327
0.817281,0.088028,-0.097721,305.393888
0.217655,0.023105,-0.008912,443.330766
0.306427,0.037626,-0.016475,423.593112
0.265691,0.048572,-0.012767,432.679105
0.772666,0.090329,-0.088011,316.036337
0.440434,0.010361,-0.031525,393.354081
0.227199,0.014293,-0.009634,441.220152
0.030640,0.013611,0.000797,484.150102
0.372462,0.026653,-0.023343,408.759051
0.441257,0.063080,-0.031631,393.165568
0.320591,0.032681,-0.017859,420.422145
0.471377,0.081983,-0.035626,386.293583
0.667374,0.031119,-0.067111,340.907632
0.411913,0.005655,-0.027954,399.835081
0.445584,0.096978,-0.032191,392.179570
0.463609,0.084621,-0.034574,388.068511
0.754124,0.076290,-0.084126,320.441502
0.574389,0.032703,-0.050981,362.586250
0.360910,0.006230,-0.022065,411.363897
0.248813,0.099963,-0.010855,436.437319
0.505887,0.046487,-0.040477,378.387673
0.628742,0.047755,-0.060146,349.946133
0.397063,0.062072,-0.026174,403.198830
0.694146,0.033370,-0.072159,334.616596
0.910500,0.007538,-0.119669,282.955647
0.320381,0.039576,-0.017838,420.469143
0.971657,0.026151,-0.135303,268.082409
0.946893,0.029381,-0.128854,274.119210
0.567465,0.099779,-0.050372,364.170262
0.977332,0.041430,-0.136804,266.695837
0.049268,0.092263,0.000208,480.129095
0.035114,0.050527,0.000663,483.185058
0.951537,0.040632,-0.130051,272.988536
0.332497,0.025822,-0.019060,417.752306
0.032655,0.048264,0.000738,483.715259
0.306447,0.011125,-0.016477,423.589070
0.657054,0.094302,-0.065214,343.325495
0.286114,0.055769,-0.014576,428.129647
0.326511,0.059872,-0.018452,419.094596
0.393190,0.036374,-0.025719,404.075605
0.757954,0.068547,-0.084921,319.532563
0.529044,0.057312,-0.043898,373.061642
0.316582,0.046950,-0.017462,421.320057
0.603060,0.018760,-0.055724,355.930269
0.070749,0.020343,-0.000576,475.482384
0.982547,0.063303,-0.138191,265.420580
0.904228,0.056168,-0.118121,284.473230
0.140537,0.090889,-0.003887,460.286794
0.033983,0.054703,0.000698,483.428877
0.407381,0.070593,-0.027405,400.861362
0.039610,0.016938,0.000523,482.215845
0.322183,0.067090,-0.018017,420.064901
0.299908,0.023471,-0.015855,425.050652
0.949807,0.037165,-0.129604,273.409804
0.762834,0.047670,-0.085940,318.374159
0.008356,0.057175,0.001394,488.944616
0.406134,0.091088,-0.027255,401.143551
0.410544,0.091038,-0.027788,400.143976
0.271324,0.095458,-0.013256,431.424605
-0.000283,0.052639,-0.000491,490.790069
0.599266,0.042953,-0.055084,356.812085
0.718252,0.042963,-0.076859,328.933027
0.000161,0.073765,0.000279,490.697903
0.330939,0.088195,-0.018901,418.100735
0.087088,0.085064,-0.001246,471.936666
0.424279,0.042790,-0.029478,397.027416
0.781778,0.042603,-0.089952,313.868931
0.084806,0.007884,-0.001149,472.433554
0.629661,0.084845,-0.060308,349.731025
0.138534,0.031426,-0.003776,460.725986
0.230622,0.085170,-0.009897,440.461173
0.978700,0.040535,-0.137167,266.361472
0.589317,0.092192,-0.053424,359.122636
0.139319,0.083267,-0.003820,460.553344
0.104814,0.046627,-0.002046,468.083065
0.202331,0.008245,-0.007799,446.714607
0.477160,0.023040,-0.036418,384.972437
0.564213,0.050256,-0.049347,364.942085
0.354638,0.095250,-0.021385,412.774519
0.282433,0.024956,-0.014243,428.951164
0.193854,0.032104,-0.007208,448.582873
0.084917,0.087128,-0.001153,472.407997
0.469743,0.043436,-0.035403,386.668020
0.357321,0.089746,-0.021674,412.170616
0.570917,0.034241,-0.050420,363.390551
0.257906,0.005181,-0.012105,434.410668
0.735939,0.028434,-0.080401,324.751905
0.128928,0.034864,-0.003256,462.825155
0.006636,0.052461,0.001435,489.314356
0.641517,0.088894,-0.062408,346.961535
0.884248,0.086850,-0.113259,289.301531
0.386942,0.087238,-0.024991,405.487644
0.435979,0.022479,-0.030955,394.367677
0.865584,0.076768,-0.108812,293.800993
0.192240,0.098356,-0.007097,448.937109
0.520863,0.074613,-0.042674,374.944730
0.784235,0.022543,-0.090480,313.284141
0.001939,0.021575,0.001543,490.323483
0.025147,0.025712,0.000955,485.333363
0.240171,0.087707,-0.010649,438.345457
0.916413,0.054102,-0.121138,281.521894
0.688198,0.019520,-0.071022,336.016554
0.497967,0.078084,-0.039338,380.204731
0.890659,0.053867,-0.114808,287.754056
0.422577,0.077000,-0.029266,397.413242
0.528074,0.004130,-0.043752,373.286125
0.060653,0.003214,-0.000194,477.668915
0.324243,0.093095,-0.018223,419.602500
0.283810,0.009142,-0.014367,428.644487
0.894362,0.040232,-0.115707,286.859576
0.301968,0.016068,-0.016050,424.590314
0.428361,0.022348,-0.029990,396.100087
0.047977,0.058415,0.000251,480.408555
0.151865,0.024202,-0.004536,457.808045
0.845586,0.006215,-0.104146,298.611162
0.166539,0.095682,-0.005421,454.588843
0.033800,0.061006,0.000703,483.468173
0.892212,0.018835,-0.115184,287.379617
0.022312,0.094120,0.001035,485.942487
0.072954,0.037923,-0.000663,475.004110
0.004591,0.038144,0.001482,489.753697
0.010262,0.052811,0.001347,488.535261
0.529569,0.017774,-0.043977,372.941326
0.516893,0.069594,-0.042086,375.857845
0.976069,0.037261,-0.136469,267.004412
0.503337,0.004709,-0.040109,378.973809
0.530253,0.078349,-0.044080,372.782651
0.172956,0.043646,-0.005825,453.180488
0.253226,0.014350,-0.011713,435.450266
0.456780,0.065571,-0.033662,389.627629
0.636398,0.072313,-0.061497,348.158100
0.132911,0.075382,-0.003469,461.954410
0.711257,0.046310,-0.075480,330.583939
0.654230,0.040826,-0.064699,343.988104
0.745162,0.074037,-0.082280,322.566501
0.046491,0.069519,0.000301,480.729386
0.094097,0.061435,-0.001554,470.414179
0.324492,0.067460,-0.018249,419.547161
0.033543,0.027218,0.000711,483.524161
0.340585,0.000463,-0.019462,415.946676
0.954494,0.041491,-0.130816,272.268226
0.550925,0.086562,-0.047252,368.013637
0.693140,0.080533,-0.071966,334.852570
0.047182,0.043433,0.000278,480.580497
0.432140,0.089320,-0.030466,395.239705
0.598465,0.070314,-0.054950,356.997830
0.052147,0.057642,0.000109,479.507426
0.988003,0.054164,-0.138870,264.133721
0.791644,0.073803,-0.092079,311.517494
0.949727,0.023040,-0.129583,273.429412
0.039463,0.057363,0.000528,482.246648
0.415539,0.020516,-0.028397,399.012226
0.460521,0.075607,-0.034160,388.773719
0.399731,0.064696,-0.026490,402.594554
0.643089,0.098074,-0.062689,346.593753
0.598189,0.077426,-0.054903,357.061667
0.527410,0.045568,-0.043652,373.438095
0.192798,0.066897,-0.007136,448.814809
0.939278,0.078075,-0.126903,275.970558
0.532364,0.007057,-0.044399,372.297778
0.592369,0.064909,-0.053931,358.414351
0.529560,0.080840,-0.043975,372.942184
0.076720,0.034001,-0.000814,474.187599
0.534347,0.067299,-0.044700,371.839412
0.342382,0.012652,-0.020083,415.532677
0.925741,0.061395,-0.123473,279.259270
0.404548,0.029044,-0.027065,401.504242
0.332592,0.011826,-0.019070,417.731251
0.140410,0.029210,-0.003881,460.315671
0.731444,0.072340,-0.079493,325.814582
0.494412,0.055680,-0.038831,381.020568
0.496438,0.004659,-0.039120,380.556801
0.858610,0.039513,-0.107173,295.480150
0.266417,0.055650,-0.012830,432.517396
0.669902,0.016902,-0.067580,340.314794
0.379911,0.042054,-0.024185,407.077296
0.647331,0.008080,-0.063451,345.603297
0.022416,0.076894,0.001032,485.920347
0.343728,0.008305,-0.020224,415.230254
0.535157,0.021224,-0.044823,371.653555
0.118741,0.099500,-0.002839,465.046261
0.155203,0.092876,-0.004732,457.075247
0.675303,0.010451,-0.068587,339.047195
0.401868,0.004820,-0.026744,402.111780
0.227110,0.031553,-0.009627,441.239452
0.226857,0.032400,-0.009607,441.295422
0.822716,0.017522,-0.098938,304.094719
0.465714,0.013075,-0.034858,387.588998
0.524427,0.077352,-0.043205,374.124263
0.596023,0.090573,-0.054540,357.564960
0.654406,0.058225,-0.064732,343.946462
0.846484,0.016216,-0.104353,298.395391
0.726693,0.015962,-0.078539,326.939197
0.083028,0.067383,-0.001074,472.818355
0.753212,0.033434,-0.083937,320.658724
0.578786,0.065117,-0.051695,361.566400
0.695803,0.056075,-0.072477,334.226119
0.673091,0.007216,-0.068174,339.566502
0.896100,0.020995,-0.116130,286.439904
0.122266,0.075143,-0.002907,464.278923
0.050894,0.068857,0.000152,479.778162
0.403387,0.099623,-0.026692,401.772053
0.692896,0.078933,-0.071919,334.909978
0.385024,0.001890,-0.024770,405.923008
0.793213,0.049894,-0.092419,311.143766
0.296934,0.041632,-0.015575,425.714730
0.483577,0.081004,-0.037307,383.502710
0.185074,0.048336,-0.006614,450.515938
0.116833,0.045393,-0.002632,465.464421
0.414670,0.047362,-0.028291,399.208763
0.123853,0.063650,-0.002989,463.932770
0.927045,0.006891,-0.123801,278.943927
0.435014,0.083808,-0.030831,394.586041
0.513602,0.050925,-0.041602,376.615061
0.350142,0.093757,-0.020903,413.786397
0.409906,0.049960,-0.027711,400.289276
0.681501,0.044576,-0.069752,337.590583
0.749213,0.012560,-0.083111,321.607528
0.102188,0.072278,-0.001923,468.654256
0.823134,0.031094,-0.099032,303.994363
0.061933,0.064984,-0.000241,477.390626
0.008827,0.006910,0.001382,488.844407
0.095898,0.053959,-0.001634,470.022681
0.814894,0.018528,-0.097188,305.966404
0.831819,0.068009,-0.100995,301.912905
0.170976,0.077642,-0.005699,453.614714
0.043435,0.024548,0.000401,481.390039
0.942781,0.070898,-0.127799,275.118852
0.957559,0.067752,-0.131612,271.520705
0.429784,0.066133,-0.030168,395.775941
0.363391,0.067262,-0.022337,410.803828
0.380915,0.022630,-0.024299,406.850914
0.528987,0.020730,-0.043889,373.075393
0.136691,0.033031,-0.003675,461.128768
0.620574,0.037327,-0.058722,351.851654
0.637177,0.038475,-0.061635,347.976667
0.034476,0.046206,0.000683,483.322642
0.776738,0.013180,-0.088876,315.069241
0.838259,0.055449,-0.102463,300.368684
0.898919,0.006953,-0.116819,285.758578
0.160054,0.004267,-0.005024,456.013359
0.385611,0.054292,-0.024838,405.789234
0.605572,0.099457,-0.056808,355.319048
0.592716,0.004941,-0.053989,358.334841
0.417953,0.007849,-0.028694,398.464542
0.144423,0.089235,-0.004106,459.436472
0.628926,0.078133,-0.060179,349.902638
0.762925,0.016415,-0.085959,318.353332
0.582456,0.038906,-0.052294,360.715872
0.220516,0.002927,-0.009126,442.698780
0.575888,0.086294,-0.051224,362.237781
0.949608,0.043516,-0.129553,273.457976
0.291302,0.038748,-0.015052,426.972373
0.433654,0.029543,-0.030658,394.896595
0.017046,0.010260,0.001175,487.077344
0.813885,0.033065,-0.096963,306.207393
0.449879,0.058698,-0.032752,391.201476
0.242667,0.038130,-0.010850,437.793101
0.919881,0.057559,-0.122003,280.680998
0.607482,0.087040,-0.056473,354.900122
0.067432,0.026575,-0.000448,476.200749
0.707416,0.013965,-0.074728,331.490722
0.529785,0.093121,-0.044009,372.890268
0.804629,0.051718,-0.094915,308.419139
0.627364,0.066348,-0.059905,350.267381
0.060771,0.006408,-0.000199,477.643180
0.037367,0.016067,0.000594,482.699612
0.129997,0.035889,-0.003313,462.591606
0.129449,0.071348,-0.003283,462.710688
0.905362,0.011391,-0.118400,284.199647
0.981082,0.009249,-0.137800,265.779816
0.611481,0.065042,-0.057156,353.969763
0.494992,0.034226,-0.038914,380.887941
0.964840,0.080785,-0.133512,269.745142
0.978785,0.048223,-0.137190,266.340672
0.534188,0.079258,-0.044675,371.875872
0.495045,0.033096,-0.038921,380.875739
0.474296,0.029340,-0.036025,385.627318
0.346381,0.028986,-0.020504,414.633395
0.713291,0.078414,-0.075879,330.103538
0.380396,0.092300,-0.024240,406.966773
0.204340,0.029496,-0.007942,446.270952
0.077655,0.005533,-0.000852,473.985489
0.008536,0.021990,0.001389,488.906537
0.301660,0.086030,-0.016020,424.657972
0.684123,0.025958,-0.070248,336.974712
0.178469,0.054540,-0.006179,451.968708
0.011599,0.055842,0.001314,488.247776
0.130505,0.002426,-0.003340,462.481322
0.460407,0.084520,-0.034145,388.799410
0.110581,0.040267,-0.002323,466.827210
0.000119,0.088820,0.000206,490.706392
0.304313,0.045498,-0.016273,424.065668
0.261245,0.058026,-0.012387,433.667460
0.560428,0.081037,-0.048745,365.817306
0.497209,0.033054,-0.039229,380.379584
0.834507,0.092160,-0.101607,301.267853
0.746164,0.023665,-0.082485,322.330003
0.001259,0.098158,0.001559,490.468005
0.787608,0.010331,-0.091206,312.480742
0.940675,0.087528,-0.127260,275.630662
0.382003,0.000747,-0.024112,406.613507
0.878747,0.069996,-0.111939,290.629050
0.891968,0.054103,-0.115125,287.437827
0.607917,0.045134,-0.056547,354.799691
0.466239,0.031668,-0.034929,387.468759
0.520324,0.026384,-0.042594,375.069680
0.267012,0.086025,-0.012881,432.384508
0.126984,0.066622,-0.003153,463.249063
0.453207,0.059240,-0.033189,390.442718
0.000354,0.022044,0.000614,490.658996
0.099203,0.007070,-0.001785,469.304870
0.735110,0.039668,-0.080233,324.947754
0.695989,0.039227,-0.072513,334.182577
0.110463,0.096363,-0.002317,466.851925
0.988300,0.086937,-0.138357,264.096795
0.451114,0.019723,-0.032914,390.920650
0.000310,0.011083,0.000537,490.668340
0.541464,0.072651,-0.045787,370.198236
0.752902,0.076236,-0.083873,320.731388
0.127143,0.015596,-0.003162,463.215403
0.634298,0.072368,-0.061125,348.648647
0.036713,0.039742,0.000614,482.840400
0.133316,0.024429,-0.003491,461.866701
0.251570,0.087128,-0.011576,435.816431
0.543375,0.077432,-0.046081,369.757073
0.056989,0.022077,-0.000062,478.461269
0.021587,0.038242,0.001054,486.099682
0.543022,0.055945,-0.046027,369.838979
0.343982,0.092394,-0.020251,415.171591
0.423707,0.050574,-0.029407,397.157156
0.287044,0.042785,-0.014661,427.922458
0.444052,0.026655,-0.031993,392.529887
0.550305,0.068704,-0.047155,368.157304
0.400362,0.046950,-0.026565,402.452119
0.538195,0.063054,-0.045286,370.952389
0.443188,0.094890,-0.031881,392.725256
0.233931,0.034810,-0.010156,439.729171
0.371859,0.044133,-0.023276,408.894782
0.702924,0.096564,-0.073853,332.548016
0.774644,0.027757,-0.088431,315.567227
0.016786,0.055490,0.001182,487.132457
0.232159,0.034803,-0.010017,440.121826
0.222392,0.054360,-0.009267,442.282971
0.284751,0.037205,-0.014452,428.433990
0.502025,0.020722,-0.039920,379.274696
0.988632,0.091844,-0.137781,264.056108
0.564321,0.067988,-0.049364,364.916776
0.721508,0.014831,-0.077505,328.164521
0.819383,0.056216,-0.098191,304.891672
0.012827,0.081844,0.001284,487.983169
0.934628,0.080304,-0.125720,277.100729
0.363916,0.050378,-0.022395,410.685691
0.656452,0.051037,-0.065104,343.467288
0.834151,0.007125,-0.101525,301.354967
0.874767,0.038977,-0.110988,291.589527
0.027194,0.076881,0.000898,484.891498
0.473033,0.049019,-0.035852,385.915649
0.047292,0.086416,0.000274,480.555991
0.182885,0.062091,-0.006469,450.997156
0.517852,0.037401,-0.042228,375.637956
0.040524,0.020147,0.000494,482.018428
0.954274,0.089946,-0.130759,272.320803
0.575983,0.041469,-0.051239,362.216569
0.418363,0.081218,-0.028744,398.370154
0.420256,0.090554,-0.028978,397.940038
0.648762,0.001791,-0.063709,345.268632
0.868886,0.006827,-0.109592,293.007163
0.306225,0.078031,-0.016456,423.637483
0.880387,0.013009,-0.112331,290.234779
0.307387,0.051038,-0.016567,423.378103
0.523776,0.081794,-0.043108,374.274090
0.285857,0.038218,-0.014553,428.187378
0.576034,0.075180,-0.051247,362.204085
0.320146,0.092130,-0.017814,420.520865
0.557604,0.003308,-0.048299,366.471735
0.766237,0.021299,-0.086654,317.566265
0.013878,0.084515,0.001257,487.757306
0.756286,0.020454,-0.084574,319.929498
0.336356,0.078949,-0.019456,416.885160
0.901477,0.065212,-0.117446,285.138654
0.115239,0.071553,-0.002552,465.811521
0.702868,0.013013,-0.073842,332.562903
0.117829,0.026332,-0.002682,465.247711
0.232006,0.082317,-0.010005,440.154793
0.255424,0.078951,-0.011896,434.960833
0.459315,0.002399,-0.033999,389.050247
0.220524,0.027203,-0.009126,442.696479
0.780552,0.028455,-0.089690,314.160990
0.193770,0.049857,-0.007202,448.600983
0.588662,0.008843,-0.053316,359.276249
0.051120,0.054417,0.000144,479.729541
0.202045,0.001624,-0.007779,446.777728
0.854398,0.087171,-0.106189,296.492219
0.651887,0.053897,-0.064274,344.536244
0.793793,0.055456,-0.092545,311.005298
0.543145,0.048940,-0.046046,369.810643
0.830477,0.078980,-0.100691,302.234264
0.125632,0.049601,-0.003082,463.544732
0.497890,0.064148,-0.039327,380.222761
0.522020,0.018799,-0.042846,374.679519
0.971939,0.002072,-0.135377,268.014098
0.142000,0.050243,-0.003970,459.967452
0.232499,0.063705,-0.010043,440.045948
0.678033,0.014544,-0.069099,338.405949
0.826449,0.041499,-0.099779,303.200212
0.214854,0.029640,-0.008704,443.949694
0.387589,0.025773,-0.025066,405.342547
0.187401,0.047971,-0.006770,450.003716
0.560182,0.064904,-0.048706,365.874556
0.397763,0.017890,-0.026257,403.041078
0.235928,0.022147,-0.010313,439.287034
0.109511,0.028841,-0.002271,467.060475
0.551361,0.026821,-0.047320,367.914189
0.230783,0.040475,-0.009910,440.426396
0.246328,0.086902,-0.011146,436.979946
0.207514,0.008242,-0.008169,445.571018
0.591019,0.075530,-0.053707,358.727699
0.018255,0.023917,0.001143,486.816994
-0.000198,0.072812,-0.000342,490.771991
0.153546,0.009641,-0.004635,457.440016
0.509899,0.074391,-0.041060,377.465549
0.682803,0.096423,-0.069998,337.283597
0.109225,0.083241,-0.002257,467.121755
0.139235,0.070230,-0.003815,460.571860
0.091762,0.090459,-0.001450,470.921189
0.241483,0.040543,-0.010754,438.055607
0.287239,0.028309,-0.014679,427.879268
0.484757,0.010893,-0.037472,383.233761
0.052765,0.063149,0.000088,479.373806
0.540231,0.050409,-0.045598,370.482952
0.758013,0.087594,-0.084934,319.518215
0.329804,0.062279,-0.018785,418.355874
0.278199,0.024498,-0.013863,429.894786
0.624337,0.046658,-0.059376,350.974074
0.230833,0.016586,-0.009914,440.415670
0.968585,0.051228,-0.134494,268.831841
0.000235,0.005056,0.000406,490.684034
0.052974,0.046311,0.000080,479.328981
0.185122,0.007660,-0.006618,450.506152
0.160757,0.070165,-0.005066,455.858005
0.423143,0.083840,-0.029337,397.284610
0.349560,0.093773,-0.020841,413.917320
0.957039,0.025074,-0.131476,271.648375
0.263386,0.006740,-0.012570,433.192488
0.826881,0.004247,-0.099876,303.097515
0.410712,0.073072,-0.027808,400.106090
0.900636,0.006633,-0.117239,285.343334
0.915734,0.079222,-0.120969,281.686090
0.426956,0.009621,-0.029813,396.419706
0.781311,0.071037,-0.089853,313.979435
0.877352,0.050905,-0.111605,290.965936
0.072222,0.096175,-0.000633,475.161764
0.107441,0.077270,-0.002171,467.510572
0.988010,0.018810,-0.138858,264.133589
0.714022,0.012583,-0.076023,329.932306
0.981296,0.006684,-0.137857,265.727686
0.886468,0.061739,-0.113794,288.766167
0.771447,0.013024,-0.087753,316.327894
0.812179,0.001606,-0.096584,306.615937
0.272133,0.079279,-0.013327,431.244934
0.218535,0.048404,-0.008977,443.135837
0.615409,0.086204,-0.057830,353.054336
0.659110,0.008510,-0.065590,342.845631
0.617647,0.013576,-0.058215,352.534279
0.497893,0.003181,-0.039327,380.223227
0.084238,0.089953,-0.001125,472.555310
0.628026,0.046644,-0.060021,350.113301
0.599348,0.010562,-0.055098,356.793772
0.293615,0.083814,-0.015265,426.455129
0.658072,0.028308,-0.065400,343.088328
0.742448,0.058156,-0.081725,323.209904
0.659127,0.091879,-0.065593,342.839801
0.641707,0.051920,-0.062442,346.917865
0.972140,0.023925,-0.135430,267.964521
0.611501,0.033129,-0.057159,353.965722
0.735926,0.077574,-0.080398,324.753852
0.927509,0.051062,-0.123918,278.830424
0.268011,0.088244,-0.012967,432.162141
0.694865,0.066970,-0.072297,334.446742
0.982826,0.076280,-0.138266,265.352088
0.750775,0.019442,-0.083433,321.236948
0.031692,0.031511,0.000766,483.923180
0.776397,0.041573,-0.088803,315.149751
0.704459,0.059935,-0.074152,332.186835
0.935336,0.032836,-0.125899,276.929829
0.724737,0.026395,-0.078148,327.401427
0.010849,0.095546,0.001333,488.408157
0.186229,0.063518,-0.006691,450.261385
0.661202,0.016830,-0.065973,342.355134
0.573593,0.088936,-0.050852,362.769584
0.280822,0.024497,-0.014098,429.310344
0.907393,0.069486,-0.118901,283.706735
0.441739,0.071311,-0.031694,393.055697
0.698079,0.090430,-0.072916,333.689445
0.659000,0.040636,-0.065570,342.870698
0.337910,0.059611,-0.019617,416.536468
0.854822,0.064723,-0.106288,296.390645
0.952021,0.089628,-0.130176,272.869468
0.902591,0.034964,-0.117719,284.869861
0.783228,0.090686,-0.090264,313.522631
0.076812,0.045294,-0.000817,474.167394
0.459346,0.080644,-0.034003,389.041761
0.189718,0.018554,-0.006926,449.494039
0.481173,0.025173,-0.036973,384.053916
0.463402,0.090345,-0.034546,388.115600
0.017510,0.074520,0.001163,486.976167
0.398153,0.088230,-0.026303,402.951587
0.320233,0.024027,-0.017823,420.502606
0.283879,0.086071,-0.014373,428.627552
0.653487,0.028193,-0.064564,344.162249
0.917682,0.048913,-0.121454,281.214547
0.530812,0.084424,-0.044164,372.653669
0.066469,0.035096,-0.000411,476.409215
0.744097,0.072474,-0.082062,322.818819
0.092773,0.092453,-0.001494,470.701334
0.930952,0.043895,-0.124788,277.994623
0.763446,0.042441,-0.086068,318.228956
0.656029,0.046805,-0.065027,343.566609
0.572845,0.094402,-0.050731,362.942600
0.494337,0.036323,-0.038821,381.038074
0.700138,0.091733,-0.073313,333.204546
0.972598,0.028846,-0.135551,267.852620
0.652200,0.001951,-0.064331,344.464122
0.397196,0.085257,-0.026190,403.168171
0.338787,0.005037,-0.019708,416.340491
0.233381,0.074026,-0.010112,439.850371
0.522745,0.044139,-0.042954,374.512156
0.652936,0.052101,-0.064465,344.290632
0.119480,0.086159,-0.002765,464.886529
0.298068,0.058850,-0.015682,425.461015
0.918100,0.037563,-0.121558,281.113434
0.093738,0.060384,-0.001538,470.492185
0.969520,0.002370,-0.134740,268.604685
0.405111,0.026746,-0.027132,401.376634
0.957033,0.010483,-0.131475,271.650016
0.362387,0.045437,-0.022227,411.030315
0.367798,0.005030,-0.022823,409.811531
0.544008,0.090088,-0.046178,369.610829
-0.000291,0.008408,-0.000504,490.792492
0.648090,0.021349,-0.063588,345.425617
0.188768,0.028514,-0.006862,449.703003
0.148695,0.000106,-0.004247,458.504274
0.111111,0.081856,-0.002348,466.710904
0.667332,0.042852,-0.067104,340.917200
0.395773,0.019800,-0.026022,403.491590
0.957145,0.074875,-0.131504,271.621606
0.238125,0.029870,-0.010487,438.800142
0.309485,0.015572,-0.016770,422.909383
0.376715,0.089073,-0.023822,407.797996
0.145626,0.020897,-0.004175,459.174314
0.763999,0.096706,-0.086184,318.096573
0.662384,0.059371,-0.066191,342.077190
0.398730,0.085657,-0.026371,402.820928
0.788611,0.082717,-0.091423,312.240214
0.068173,0.023121,-0.000477,476.040329
0.969452,0.091203,-0.134723,268.619402
0.148857,0.006955,-0.004361,458.467268
0.506081,0.063170,-0.040505,378.342833
0.310801,0.090772,-0.016897,422.613434
0.719640,0.043270,-0.077134,328.605198
0.416497,0.029250,-0.028515,398.794569
0.117054,0.057398,-0.002643,465.416138
0.401015,0.045973,-0.026642,402.304347
0.827051,0.006180,-0.099915,303.056713
0.673520,0.086851,-0.068254,339.464221
0.406553,0.020943,-0.027306,401.049981
0.832442,0.046047,-0.101137,301.764085
0.390819,0.090094,-0.025441,404.611109
0.764485,0.022622,-0.086286,317.982461
0.379465,0.082528,-0.024134,407.177220
0.589815,0.055716,-0.053507,359.007689
0.675725,0.036968,-0.068666,338.947685
0.202911,0.082201,-0.007840,446.585188
0.102948,0.066549,-0.001958,468.488932
0.319064,0.096134,-0.017707,420.763230
0.640491,0.079523,-0.062225,347.201550
0.528208,0.029416,-0.043772,373.254650
0.701318,0.038254,-0.073542,332.927464
0.480872,0.066758,-0.036931,384.122070
0.733700,0.065423,-0.079948,325.280914
0.633468,0.001751,-0.060978,348.843825
0.812526,0.004831,-0.096661,306.532917
0.531994,0.066685,-0.044343,372.381711
0.913180,0.040694,-0.120333,282.305727
0.012465,0.086724,0.001293,488.060907
0.874349,0.004019,-0.110888,291.690999
0.915401,0.011298,-0.120885,281.768133
0.418999,0.053470,-0.028823,398.226213
0.499491,0.090517,-0.039556,379.854887
0.778373,0.084338,-0.089225,314.678607
0.231893,0.081409,-0.009996,440.179746
0.098880,0.070159,-0.001770,469.373950
0.686004,0.066893,-0.070605,336.531704
0.714094,0.033082,-0.076037,329.914885
0.574420,0.078693,-0.050986,362.578126
0.567820,0.092907,-0.049923,364.106531
0.100594,0.052643,-0.001849,469.001312
0.375004,0.010798,-0.023629,408.185743
0.106775,0.072857,-0.002139,467.655528
0.807036,0.045588,-0.095446,307.844276
0.636431,0.051315,-0.061503,348.150793
0.359434,0.032825,-0.021904,411.695847
0.200681,0.017994,-0.007683,447.078359
0.848910,0.008435,-0.104914,297.812822
0.637207,0.060575,-0.061640,347.969307
0.566340,0.075935,-0.049686,364.449376
0.256727,0.053686,-0.012005,434.671870
0.714060,0.020166,-0.076031,329.923209
0.902422,0.013897,-0.117677,284.910965
0.442346,0.072381,-0.031772,392.917522
0.830238,0.037964,-0.100636,302.292356
0.329267,0.001823,-0.018731,418.477537
0.567419,0.046108,-0.049859,364.200280
0.218116,0.050656,-0.008946,443.228446
0.066648,0.024157,-0.000418,476.370722
0.290165,0.061999,-0.014947,427.225698
0.175452,0.016043,-0.005985,452.632531
0.534782,0.013695,-0.044766,371.740165
0.807570,0.083262,-0.095564,307.715791
0.988105,0.064327,-0.138694,264.121080
0.119037,0.056193,-0.002743,464.983536
0.372645,0.047514,-0.023364,408.717456
0.604577,0.063834,-0.055980,355.576632
0.182853,0.096013,-0.006466,451.003669
0.573712,0.057730,-0.050871,362.742550
0.052907,0.054497,0.000083,479.343239
0.140621,0.009144,-0.003893,460.269853
0.656859,0.096074,-0.065178,343.371236
0.280233,0.033539,-0.014045,429.441328
0.934861,0.021717,-0.125778,277.045521
0.268061,0.057642,-0.012972,432.151689
0.043435,0.055358,0.000401,481.389593
0.730428,0.071371,-0.079289,326.054872
0.262140,0.084342,-0.012463,433.468023
0.228622,0.053286,-0.009743,440.904576
0.303330,0.027870,-0.016179,424.285619
0.724865,0.058609,-0.078174,327.370509
0.081048,0.088853,-0.000991,473.247845
0.141473,0.020110,-0.003940,460.083227
0.841448,0.038036,-0.103194,299.603860
0.117886,0.050833,-0.002684,465.234799
0.026959,0.059804,0.000904,484.942490
0.318173,0.030896,-0.017619,420.963933
0.476986,0.027708,-0.036394,385.012156
0.440939,0.072348,-0.031590,393.237970
0.816434,0.004596,-0.097531,305.598310
0.232554,0.038490,-0.010048,440.034290
0.223617,0.051418,-0.009360,442.011989
0.982160,0.081397,-0.138088,265.514740
0.778308,0.050334,-0.089211,314.694833
0.719348,0.085545,-0.077076,328.673255
0.349746,0.044901,-0.020861,413.876369
0.231912,0.051716,-0.009998,440.176080
0.127610,0.063063,-0.003186,463.112481
0.561555,0.017448,-0.048924,365.557739
0.445934,0.067465,-0.032237,392.100240
0.320032,0.059437,-0.017803,420.546990
0.569170,0.086610,-0.050139,363.794064
0.071919,0.059447,-0.000622,475.228051
0.884416,0.003796,-0.113299,289.262736
0.858282,0.004692,-0.107096,295.559797
0.311825,0.009552,-0.016997,422.385893
0.045106,0.028631,0.000346,481.029157
0.695570,0.075070,-0.072432,334.280624
0.860668,0.008420,-0.107655,294.985749
0.191514,0.087844,-0.007048,449.097265
0.284960,0.050018,-0.014471,428.387255
0.673017,0.019526,-0.068160,339.583676
0.287442,0.000570,-0.014187,427.844894
0.671890,0.086020,-0.067950,339.846915
0.436095,0.096632,-0.030969,394.339943
0.307611,0.025691,-0.016589,423.328424
0.696582,0.057284,-0.072627,334.042657
0.462965,0.014782,-0.034488,388.216862
0.893832,0.059964,-0.115578,286.987193
0.328712,0.085034,-0.018674,418.600581
0.706975,0.023607,-0.074642,331.594389
0.322117,0.082338,-0.018011,420.079416
0.283166,0.078325,-0.014308,428.786726
0.117646,0.021765,-0.002673,465.287565
0.681725,0.076329,-0.069794,337.537394
0.919151,0.094491,-0.121821,280.857284
0.677430,0.079030,-0.068986,338.546421
0.156643,0.026239,-0.004819,456.760906
0.079062,0.005826,-0.000910,473.680258
0.968297,0.052236,-0.134419,268.901997
0.053186,0.017584,0.000073,479.283565
0.611073,0.011006,-0.057086,354.065727
0.005810,0.065212,0.001454,489.491450
0.555776,0.057783,-0.048011,366.893354
0.653015,0.012633,-0.064479,344.272968
0.456395,0.052896,-0.033611,389.715566
0.478040,0.044352,-0.036540,384.770532
0.220663,0.070932,-0.009137,442.665015
0.056758,0.061242,-0.000053,478.510412
0.399575,0.052231,-0.026471,402.630196
0.368736,0.040341,-0.022928,409.599221
0.525477,0.031108,-0.043362,373.883538
0.048082,0.061557,0.000248,480.385851
0.381717,0.026167,-0.024391,406.669590
0.052480,0.020253,0.000097,479.436156
0.687822,0.048643,-0.070950,336.104441
0.325107,0.006153,-0.018311,419.410542
0.285463,0.073238,-0.014517,428.274488
0.639437,0.017599,-0.062037,347.449143
0.565154,0.094165,-0.049497,364.723615
0.353808,0.004394,-0.021296,412.963222
0.075992,0.053464,-0.000784,474.345066
0.010405,0.033855,0.001344,488.504682
0.512542,0.071140,-0.041446,376.858288
0.178701,0.074121,-0.006194,451.917224
0.978187,0.015111,-0.137031,266.487498
0.787362,0.078888,-0.091153,312.537907
0.328166,0.096026,-0.018619,418.722695
0.499384,0.067038,-0.039540,379.879839
0.524916,0.005056,-0.043278,374.013163
0.128049,0.046287,-0.003209,463.016916
0.314830,0.069770,-0.017290,421.711907
0.416273,0.015870,-0.028487,398.845596
0.818183,0.080047,-0.097922,305.178297
0.478292,0.021231,-0.036574,384.713462
0.861060,0.041366,-0.107747,294.890781
0.720137,0.056735,-0.077232,328.487675
0.775124,0.025404,-0.088533,315.453003
0.701276,0.096636,-0.073534,332.936363
0.332542,0.041697,-0.019064,417.742031
0.695220,0.084245,-0.072365,334.362759
0.492502,0.045575,-0.038561,381.458514
0.002730,0.027047,0.001525,490.153512
0.539682,0.026966,-0.045513,370.610208
0.046670,0.022906,0.000295,480.691594
0.829088,0.053637,-0.100376,302.567620
0.393289,0.079232,-0.025730,404.052571
0.004814,0.096748,0.001478,489.704835
0.009086,0.056841,0.001376,488.787909
0.887136,0.096978,-0.113956,288.604164
0.146175,0.099603,-0.004119,459.053783
0.351979,0.002431,-0.021099,413.374795
0.087309,0.013901,-0.001256,471.889922
0.669690,0.075982,-0.067541,340.363362
0.492705,0.000255,-0.038750,381.407862
0.382725,0.089883,-0.024506,406.440780
0.662451,0.069037,-0.066203,342.061305
0.012465,0.062058,0.001293,488.061538
0.320568,0.007737,-0.017857,420.427879
0.885057,0.071608,-0.113454,289.106645
0.518352,0.074009,-0.042302,375.522284
0.250713,0.049210,-0.011505,436.007509
0.915554,0.060572,-0.120924,281.729999
0.228332,0.018611,-0.009721,440.969347
0.448486,0.002539,-0.032570,391.520103
0.262016,0.030581,-0.012453,433.496674
0.184639,0.062959,-0.006585,450.611230
0.008758,0.086857,0.001384,488.857789
0.759264,0.091636,-0.085194,319.221070
0.202386,0.025765,-0.007803,446.702144
0.315250,0.042431,-0.017331,421.618528
0.520713,0.044990,-0.042652,374.979749
0.137749,0.037102,-0.003733,460.897508
0.167236,0.053948,-0.005465,454.436525
0.085731,0.000525,-0.001595,472.229006
0.710046,0.034835,-0.075242,330.869907
0.984265,0.018710,-0.138649,265.001406
0.109221,0.052173,-0.002257,467.123265
0.092505,0.064422,-0.001483,470.760184
0.436970,0.089594,-0.031081,394.140949
0.132132,0.038363,-0.003427,462.125103
0.679897,0.039615,-0.069450,337.967602
0.235691,0.039241,-0.010294,439.339239
0.352529,0.090016,-0.021158,413.249449
0.692740,0.037531,-0.071889,334.947442
0.351237,0.050526,-0.021020,413.540817
0.004655,0.022037,0.001481,489.740273
0.047162,0.054302,0.000278,480.584662
0.428589,0.071159,-0.030018,396.047356
0.681849,0.083774,-0.069818,337.508133
0.832422,0.021857,-0.101132,301.769218
0.131266,0.034452,-0.003380,462.314383
0.203298,0.089105,-0.007867,446.499745
0.540950,0.095006,-0.045708,370.316413
0.833190,0.090356,-0.101307,301.583784
0.346872,0.068640,-0.020556,414.522210
0.988621,0.058447,-0.137800,264.058056
0.340762,0.034738,-0.019914,415.896304
0.889172,0.035732,-0.114448,288.113667
-0.000153,0.086155,-0.000265,490.762571
0.074951,0.035142,-0.000743,474.571200
0.988650,0.073636,-0.137750,264.054251
0.682064,0.077719,-0.069859,337.457551
0.165911,0.093739,-0.005382,454.726631
0.598981,0.055911,-0.055036,356.878136
0.107036,0.011374,-0.002152,467.599932
0.930735,0.016591,-0.124733,278.047752
0.206101,0.017585,-0.008068,445.882552
0.651969,0.097376,-0.064289,344.516120
0.140581,0.069170,-0.003890,460.277473
0.000113,0.016658,0.000196,490.708942
0.663825,0.097375,-0.066456,341.738768
0.986872,0.095811,-0.139347,264.361968
0.969948,0.005304,-0.134853,268.500042
0.570671,0.092288,-0.050381,363.446364
0.770826,0.072007,-0.087622,316.474307
0.809721,0.030105,-0.096039,307.202789
0.761076,0.021660,-0.085572,318.792394
0.156920,0.002501,-0.004835,456.700710
0.073945,0.065389,-0.000702,474.788776
0.342442,0.079061,-0.020089,415.517930
0.224454,0.066400,-0.009423,441.826515
0.539023,0.099922,-0.045791,370.747596
0.323489,0.052901,-0.018148,419.772415
0.497216,-0.000031,-0.039413,380.372754
0.505846,0.080851,-0.040471,378.396393
0.013654,0.059789,0.001263,487.805857
0.701928,0.047473,-0.073660,332.783552
0.873245,0.044662,-0.110626,291.956314
0.985773,0.078502,-0.139053,264.631161
0.741662,0.063800,-0.081564,323.395928
0.476295,0.034182,-0.036299,385.170070
0.866192,0.024391,-0.108955,293.655652
0.556478,0.053621,-0.048122,366.731251
0.507189,0.037343,-0.040666,378.088807
0.090311,0.018497,-0.001387,471.237766
0.133428,0.021345,-0.003497,461.842236
0.404147,0.013391,-0.027017,401.595316
0.409237,0.018661,-0.027630,400.441615
0.309821,0.099429,-0.016312,422.843159
0.889963,0.037528,-0.114639,287.922641
0.443080,0.091395,-0.031867,392.750056
0.986342,0.059002,-0.139205,264.492451
0.365924,0.060403,-0.022616,410.233045
0.050616,0.093931,0.000162,479.837810
0.718236,0.043358,-0.076855,328.936811
0.879518,0.020969,-0.112123,290.444087
0.824291,0.033401,-0.099293,303.717162
0.533435,0.040609,-0.044561,372.050307
0.836819,0.019030,-0.102134,300.714975
0.264440,0.073851,-0.012660,432.956731
0.233692,0.037711,-0.010137,439.782147
0.359405,0.062321,-0.021901,411.701863
0.370130,0.099500,-0.022732,409.292577
0.232153,0.090496,-0.010016,440.121965
0.501167,0.017228,-0.039796,379.471836
0.265933,0.010629,-0.012788,432.625875
0.513955,0.075495,-0.041654,376.533317
0.870465,0.007811,-0.109966,292.626846
0.661695,0.089484,-0.066064,342.238101
0.104871,0.045804,-0.002049,468.070730
0.653162,0.016348,-0.064505,344.238570
0.053897,0.007572,0.000048,479.130205
0.582992,0.019255,-0.052382,360.591873
0.768888,0.066266,-0.087212,316.935241
0.410715,0.004266,-0.027809,400.106829
0.937619,0.033500,-0.126480,276.374838
0.645945,0.053121,-0.063202,345.926802
0.794583,0.044384,-0.092717,310.817053
0.004844,0.020798,0.001476,489.699818
0.685762,0.037591,-0.070559,336.589074
0.599884,0.025295,-0.055188,356.668790
0.003199,0.006829,0.001514,490.053160
0.030978,0.086015,0.000788,484.075974
0.036982,0.056493,0.000606,482.782029
0.973494,0.046215,-0.135788,267.633251
0.275718,0.039983,-0.013643,430.447224
0.728414,0.037987,-0.078884,326.531807
0.019487,0.016216,0.001110,486.551999
0.801477,0.058039,-0.094223,309.171695
0.915081,0.055490,-0.120806,281.844729
0.149706,0.001585,-0.004410,458.281464
0.988300,0.058539,-0.138355,264.097289
0.336275,0.021251,-0.019448,416.904328
0.297135,0.084350,-0.015594,425.669075
0.208922,0.099655,-0.007871,445.264893
0.988374,0.072920,-0.138228,264.088029
0.767367,0.090069,-0.086892,317.296243
0.687774,0.089827,-0.070941,336.114794
0.009183,0.073781,0.001374,488.766614
0.800046,0.017899,-0.093909,309.514115
0.805986,0.015826,-0.095214,308.095766
0.907702,0.065620,-0.118977,283.632065
0.406401,0.019056,-0.027287,401.084514
0.699529,0.047348,-0.073195,333.348814
0.836366,0.059519,-0.102030,300.822900
0.118212,0.076409,-0.002701,465.163238
0.566010,0.030297,-0.049633,364.526703
0.196661,0.061266,-0.007402,447.963832
0.216921,0.028787,-0.008857,443.492903
0.430575,0.075196,-0.030268,395.595737
0.063573,0.001590,-0.000302,477.036911
0.250932,0.027421,-0.011523,435.959223
0.378929,0.037907,-0.024073,407.299100
0.319091,0.061607,-0.017710,420.757765
0.115365,0.061105,-0.002558,465.784357
0.224781,0.067571,-0.009448,441.754263
0.170000,0.018476,-0.005638,453.830171
0.283052,0.044318,-0.014298,428.812675
0.281609,0.068928,-0.014168,429.133914
0.761650,0.001710,-0.085692,318.656457
0.230368,0.045111,-0.009878,440.518150
0.652396,0.014855,-0.064366,344.417989
0.117824,0.006721,-0.002682,465.249123
0.244321,0.019848,-0.010983,437.426429
0.845517,0.026788,-0.104130,298.627334
0.685021,0.086366,-0.070418,336.762322
0.204927,0.087343,-0.007983,446.140512
-0.000268,0.098652,-0.000464,490.785992
0.297029,0.034462,-0.015584,425.693698
0.290382,0.089825,-0.014966,427.176788
0.736526,0.027640,-0.080520,324.612818
0.094432,0.015509,-0.001569,470.342175
0.259141,0.007525,-0.012209,434.136277
0.106929,0.007486,-0.002147,467.623335
0.680237,0.035643,-0.069514,337.887670
0.666272,0.025432,-0.066907,341.166340
0.013298,0.015327,0.001271,487.883291
0.356586,0.004375,-0.021595,412.337843
0.770537,0.020236,-0.087560,316.544096
0.006522,0.013009,0.001437,489.339484
0.520566,0.031361,-0.042630,375.013916
-0.000208,0.011461,-0.000361,490.775310
0.930747,0.026681,-0.124736,278.044712
0.548297,0.037172,-0.046842,368.621758
0.325987,0.066984,-0.018399,419.212094
0.314715,0.051480,-0.017279,421.738073
0.162644,0.049490,-0.005181,455.444366
0.598328,0.039185,-0.054927,357.030184
0.696263,0.035776,-0.072566,334.118300
0.299779,0.074234,-0.015843,425.078436
0.566476,0.067114,-0.049708,364.418126
0.722644,0.094064,-0.077731,327.894479
0.683677,0.086265,-0.070164,337.078351
0.606310,0.003986,-0.056274,355.174423
0.199179,0.003205,-0.007578,447.409709
0.080267,0.056133,-0.000959,473.417789
0.269503,0.079115,-0.013097,431.830221
0.201581,0.022179,-0.007746,446.879672
0.322627,0.013233,-0.018062,419.966390
0.557374,0.019927,-0.048263,366.524549
0.772531,0.066134,-0.087983,316.069103
0.351943,0.046144,-0.021095,413.382011
0.453780,0.027476,-0.033265,390.312571
0.067254,0.093917,-0.000441,476.238108
0.405045,0.009220,-0.027124,401.391953
0.830727,0.001930,-0.100747,302.175949
0.138563,0.013906,-0.003778,460.719835
0.707077,0.055988,-0.074662,331.569635
0.104060,0.030593,-0.002011,468.247606
0.143418,0.042737,-0.004050,459.657239
0.235459,0.057439,-0.010276,439.390409
0.286917,0.037107,-0.014649,427.950981
0.780928,0.061802,-0.089771,314.070983
0.846585,0.075992,-0.104377,298.369852
0.775204,0.008777,-0.088550,315.434228
0.236097,0.064761,-0.010326,439.248914
0.500369,0.057330,-0.039682,379.654076
0.509011,0.090378,-0.040931,377.669286
0.162091,0.007549,-0.005148,455.566573
0.689643,0.070529,-0.071297,335.675718
0.280161,0.049288,-0.014038,429.457034
0.356082,0.058273,-0.021540,412.450322
0.375227,0.095396,-0.023654,408.133723
0.009396,0.073070,0.001369,488.720814
0.277281,0.028850,-0.013781,430.099177
0.523541,0.015850,-0.043073,374.329442
0.643760,0.005964,-0.062809,346.438650
0.000117,0.078212,0.000202,490.707016
0.972211,0.053841,-0.135449,267.946545
0.479486,0.021539,-0.036739,384.440269
0.000226,0.033790,0.000392,490.685233
0.065074,0.092902,-0.000358,476.710326
0.760318,0.055450,-0.085414,318.971642
0.988524,0.029445,-0.137968,264.070495
0.258265,0.074017,-0.012135,434.329583
0.255727,0.049252,-0.011922,434.893948
0.584851,0.094069,-0.052688,360.159118
0.096355,0.000287,-0.001959,469.921384
0.272999,0.063082,-0.013403,431.052267
0.098142,0.024532,-0.001737,469.535331
0.063066,0.000330,-0.000937,477.141398
0.502867,0.072007,-0.040041,379.080385
0.135043,0.002743,-0.003585,461.489718
0.369481,0.040307,-0.023010,409.431346
0.027645,0.014970,0.000884,484.795508
0.035919,0.024462,0.000638,483.011856
0.464204,0.071377,-0.034654,387.932897
0.959707,0.074227,-0.132171,270.997128
0.387187,0.095063,-0.025020,405.432117
0.694348,0.013178,-0.072197,334.569602
0.271516,0.040073,-0.013273,431.382935
0.723893,0.099409,-0.078871,327.558941
0.661063,0.014210,-0.065948,342.387854
0.169029,0.056748,-0.005577,454.042777
0.130647,0.006221,-0.003348,462.450242
0.723575,0.043415,-0.077916,327.675579
0.788265,0.059262,-0.091348,312.323208
0.088319,0.046534,-0.001300,471.670014
0.604980,0.035921,-0.056049,355.483244
0.733746,0.035025,-0.079957,325.270743
0.812317,0.087752,-0.096615,306.581096
0.636109,0.058701,-0.061446,348.225912
0.982063,0.013065,-0.138062,265.539952
0.092765,0.081714,-0.001494,470.703207
0.136751,0.093028,-0.003678,461.114716
0.731462,0.009686,-0.079497,325.811462
0.458230,0.054906,-0.033855,389.296969
0.038255,0.053715,0.000566,482.507429
0.411217,0.063091,-0.027870,399.991786
0.270755,0.089119,-0.013206,431.551517
0.078764,0.064419,-0.000897,473.743714
0.055194,0.087394,0.000003,478.848139
0.750632,0.032126,-0.083404,321.270725
0.038065,0.074936,0.000573,482.547978
0.259790,0.024916,-0.012264,433.991514
0.657201,0.018451,-0.065241,343.292695
0.056635,0.021258,-0.000049,478.537881
0.060249,0.064129,-0.000179,477.755209
0.323170,0.061152,-0.018116,419.843659
0.680161,0.038986,-0.069499,337.905635
0.298022,0.084684,-0.015677,425.470977
0.332302,0.001560,-0.019040,417.796686
0.673958,0.011969,-0.068336,339.362948
0.756341,0.014548,-0.084586,319.916446
0.876366,0.011331,-0.111369,291.204604
0.001427,0.035208,0.001555,490.433066
0.469923,0.021493,-0.035428,386.627279
0.626455,0.046286,-0.059746,350.479797
0.080401,0.092597,-0.000964,473.388084
0.025509,0.009942,0.000945,485.255675
0.819525,0.028587,-0.098222,304.858207
0.881903,0.030086,-0.112695,289.868496
0.403042,0.079190,-0.026884,401.844513
0.229259,0.061406,-0.009792,440.763367
0.673782,0.004311,-0.068303,339.404351
0.370528,0.077454,-0.023127,409.194438
0.808564,0.065388,-0.095783,307.478781
0.456061,0.021576,-0.033567,389.792510
0.635979,0.074437,-0.061423,348.255887
0.484121,0.089630,-0.037383,383.377985
0.314279,0.022240,-0.017236,421.836241
0.491304,0.038909,-0.038391,381.733288
0.928630,0.074444,-0.124201,278.557796
0.433044,0.024483,-0.030581,395.035352
0.656868,0.082478,-0.065180,343.369304
0.740112,0.080670,-0.081248,323.762865
0.064542,0.049882,-0.000338,476.826219
0.542947,0.078081,-0.046015,369.855969
0.002892,0.043043,0.001522,490.118451
0.535770,0.000309,-0.045280,371.500252
0.370650,0.095756,-0.023141,409.166468
0.872178,0.029694,-0.110372,292.213714
0.481339,0.032408,-0.036996,384.015996
0.888772,0.090216,-0.114351,288.209077
0.981555,0.014394,-0.137926,265.664035
0.692855,0.019802,-0.071911,334.920854
0.627919,0.022432,-0.060002,350.138738
0.313985,0.043554,-0.017208,421.901594
0.446091,0.050688,-0.032257,392.064777
0.011920,0.075298,0.001307,488.178279
0.951142,0.086398,-0.129949,273.083581
0.572818,0.075207,-0.050727,362.949244
0.156558,0.057004,-0.004813,456.778918
0.698004,0.023407,-0.072901,333.708456
0.730881,0.067337,-0.079380,325.947726
0.252767,0.044625,-0.011675,435.551459
0.786070,0.082567,-0.090875,312.845780
0.098769,0.006592,-0.001765,469.399217
0.283139,0.097060,-0.014306,428.792370
0.421415,0.058079,-0.029122,397.677603
0.453612,0.032089,-0.033243,390.350902
0.931199,0.016345,-0.124850,277.935040
0.359422,0.022363,-0.021903,411.698861
0.376403,0.038678,-0.023787,407.869338
0.266175,0.097569,-0.012809,432.570369
0.380091,0.011284,-0.024205,407.037161
0.197287,0.062243,-0.007445,447.825702
0.237635,0.068567,-0.010447,438.908054
0.288652,0.066122,-0.014808,427.563369
0.435020,0.065048,-0.030832,394.585016
0.783741,0.045038,-0.090374,313.401265
0.517307,0.017473,-0.042147,375.763821
0.624530,0.068416,-0.059410,350.928637
0.937033,0.080155,-0.126331,276.516304
0.870424,0.011224,-0.109956,292.636617
0.655556,0.001910,-0.064941,343.678263
0.289237,0.095164,-0.014861,427.432097
0.369419,0.028264,-0.023004,409.445481
0.236014,0.014897,-0.010320,439.268126
0.904980,0.039497,-0.118306,284.291456
0.666709,0.044577,-0.066988,341.063505
0.509548,0.019306,-0.041009,377.547190
0.745760,0.081960,-0.082402,322.424727
0.170643,0.053927,-0.005678,453.688309
0.963266,0.092737,-0.133100,270.128719
0.809703,0.007564,-0.096035,307.207638
0.017320,0.054569,0.001168,487.017511
0.755253,0.062108,-0.084360,320.173898
0.627765,0.097312,-0.059975,350.173263
0.408847,0.077786,-0.027582,400.528837
0.934602,0.023649,-0.125713,277.108226
0.981389,0.026212,-0.137882,265.704371
0.206377,0.041824,-0.008087,445.821213
0.576944,0.000274,-0.051942,361.974533
0.607502,0.090555,-0.056477,354.895374
0.794655,0.066456,-0.092733,310.799379
0.712128,0.022485,-0.075651,330.378950
0.789062,0.033765,-0.091520,312.133625
0.777588,0.011021,-0.089057,314.867096
0.593615,0.043271,-0.054138,358.125329
0.890677,0.083322,-0.114813,287.749066
0.410101,0.088963,-0.027734,400.244388
0.797686,0.035277,-0.093393,310.076991
0.015939,0.051696,0.001204,487.314660
0.065992,0.080248,-0.000393,476.511797
0.661068,0.088332,-0.065949,342.385213
0.302944,0.064099,-0.016142,424.371212
0.639204,0.043067,-0.061996,347.502919
0.076999,0.026467,-0.000825,474.127368
0.100995,0.023083,-0.001868,468.914757
0.843599,0.004002,-0.103688,299.088401
0.733131,0.079701,-0.079833,325.415193
0.079396,0.069459,-0.000923,473.606657
0.435022,0.086589,-0.030832,394.584313
0.343993,0.011016,-0.020252,415.170714
0.671475,0.071199,-0.067873,339.944574
0.262092,0.016704,-0.012459,433.479947
0.352230,0.084077,-0.021126,413.316833
0.248131,0.051257,-0.011293,436.580550
0.976159,0.004038,-0.136493,266.983113
0.609577,0.040234,-0.056830,354.413537
0.287433,0.020891,-0.014696,427.836023
0.430431,0.058804,-0.030250,395.628871
0.456688,0.057419,-0.033650,389.648840
0.609543,0.080967,-0.056825,354.420454
0.708632,0.065587,-0.074965,331.202956
0.564899,0.075004,-0.049456,364.782963
0.763329,0.034055,-0.086044,318.256901
0.924659,0.051032,-0.123201,279.522159
0.175188,0.027240,-0.005968,452.690437
0.438290,0.087500,-0.031250,393.840556
0.343392,0.022378,-0.020189,415.305425
0.163082,0.033017,-0.005208,455.348622
0.070633,0.088584,-0.000571,475.506275
0.484388,0.066145,-0.037420,383.317173
0.324441,0.078340,-0.018243,419.558499
0.908614,0.091903,-0.119203,283.410775
0.175681,0.058999,-0.005999,452.581366
0.479088,0.051851,-0.036684,384.530608
0.685401,0.033038,-0.070490,336.673992
0.197385,0.094829,-0.007452,447.803487
0.859722,0.063704,-0.107433,295.212252
0.988340,0.033784,-0.138286,264.092897
0.230707,0.089950,-0.009904,440.442282
0.393073,0.022980,-0.025705,404.102335
0.652750,0.017519,-0.064431,344.334917
0.358216,0.034884,-0.021772,411.970112
0.282015,0.079422,-0.014205,429.043258
0.429184,0.043575,-0.030093,395.912594
0.156376,0.071349,-0.004802,456.818518
0.355781,0.081143,-0.021508,412.517649
0.172785,0.059848,-0.005814,453.217753
0.774016,0.094491,-0.088298,315.715191
0.933895,0.060297,-0.125533,277.279470
0.779927,0.070675,-0.089556,314.309162
0.282641,0.066692,-0.014261,428.903918
0.988570,0.086301,-0.137889,264.063776
0.677086,0.012690,-0.068921,338.628453
0.853363,0.064940,-0.105948,296.741477
0.003076,0.065733,0.001518,490.078593
0.725626,0.036553,-0.078326,327.190919
0.453773,0.062454,-0.033264,390.313525
0.713042,0.009064,-0.075830,330.163620
0.000033,0.043468,0.000057,490.725005
0.759534,0.032686,-0.085250,319.158237
0.647682,0.050298,-0.063514,345.520475
0.032817,0.048792,0.000733,483.680263
0.033792,0.053650,0.000703,483.470005
0.579242,0.081970,-0.051769,361.460377
0.598910,0.068002,-0.055024,356.894447
0.713107,0.008868,-0.075843,330.148184
0.328314,0.006327,-0.018634,418.691204
0.091873,0.051380,-0.001455,470.897696
0.049972,0.049121,0.000184,479.977770
0.597419,0.076735,-0.054774,357.240744
0.605530,0.092251,-0.056142,355.354286
0.924936,0.056003,-0.123271,279.454872
0.513761,0.035795,-0.041625,376.578698
0.441558,0.095899,-0.031670,393.096502
0.073247,0.035113,-0.000675,474.940740
0.340104,0.092441,-0.019845,416.043077
0.366721,0.079077,-0.022704,410.052816
0.479956,-0.000033,-0.036905,384.329872
0.047492,0.099942,-0.000580,480.506425
0.588503,0.038724,-0.053290,359.312433
0.595816,0.040179,-0.054506,357.614110
0.496475,0.099860,-0.039304,380.540828
0.178571,0.091963,-0.006186,451.945415
0.547121,0.080915,-0.046660,368.892430
0.320729,0.009642,-0.017873,420.391842
0.589922,0.054861,-0.053525,358.982831
0.597914,0.049480,-0.054857,357.126247
0.642206,0.071219,-0.062531,346.800743
0.649073,0.083588,-0.063765,345.194237
0.243564,0.037023,-0.010922,437.594083
0.173727,0.044813,-0.005874,453.010984
0.575903,0.035414,-0.051226,362.235173
0.189217,0.066175,-0.006892,449.603614
0.064626,0.076461,-0.000341,476.807595
0.935517,0.087129,-0.125946,276.884574
