0.050359,0.090557,0.000000,510.375000
0.639292,0.064246,0.000000,510.375000
0.707472,0.060856,0.000000,510.375000
0.281024,0.095099,0.000000,510.375000
0.451815,0.036756,0.000000,510.375000
0.124037,0.014097,0.000000,510.375000
0.488649,0.096675,0.000000,510.375000
0.268988,0.031734,0.000000,510.375000
0.705868,0.064328,0.000000,510.375000
0.407630,0.013987,0.000000,510.375000
0.209841,0.067661,0.000000,510.375000
0.991322,0.008481,0.000000,510.375000
0.432653,0.056904,0.000000,510.375000
0.801107,0.090012,0.000000,510.375000
0.506354,0.081151,0.000000,510.375000
0.570264,0.050569,0.000000,510.375000
0.722964,0.070918,0.000000,510.375000
0.623978,0.046959,0.000000,510.375000
0.765081,0.031593,0.000000,510.375000
0.029879,0.018895,0.000000,510.375000
0.626555,0.086633,0.000000,510.375000
0.771430,0.074974,0.000000,510.375000
0.180072,0.046195,0.000000,510.375000
0.575333,0.019442,0.000000,510.375000
0.703049,0.044473,0.000000,510.375000
0.608095,0.049155,0.000000,510.375000
0.737960,0.002191,0.000000,510.375000
0.657554,0.008782,0.000000,510.375000
0.808639,0.064571,0.000000,510.375000
0.101523,0.073699,0.000000,510.375000
0.229690,0.065283,0.000000,510.375000
0.169429,0.069430,0.000000,510.375000
0.973914,0.042348,0.000000,510.375000
0.372841,0.000568,0.000000,510.375000
0.319510,0.069760,0.000000,510.375000
0.455166,0.056710,0.000000,510.375000
0.942520,0.044850,0.000000,510.375000
0.199514,0.097262,0.000000,510.375000
0.705749,0.039439,0.000000,510.375000
0.923959,0.001367,0.000000,510.375000
0.401859,0.061729,0.000000,510.375000
0.379866,0.047016,0.000000,510.375000
0.549467,0.033332,0.000000,510.375000
0.781221,0.065263,0.000000,510.375000
0.403190,0.060221,0.000000,510.375000
0.580860,0.058092,0.000000,510.375000
0.704598,0.057466,0.000000,510.375000
0.914844,0.033777,0.000000,510.375000
0.774436,0.036260,0.000000,510.375000
0.752771,0.082990,0.000000,510.375000
0.377372,0.066495,0.000000,510.375000
0.902276,0.041588,0.000000,510.375000
0.395007,0.023863,0.000000,510.375000
0.474100,0.015369,0.000000,510.375000
0.979235,0.018042,0.000000,510.375000
0.958524,0.010043,0.000000,510.375000
0.202650,0.067072,0.000000,510.375000
0.867952,0.093961,0.000000,510.375000
0.408756,0.047900,0.000000,510.375000
0.485222,0.023887,0.000000,510.375000
0.992094,0.002409,0.000000,510.375000
0.794615,0.097482,0.000000,510.375000
0.656994,0.073251,0.000000,510.375000
0.470675,0.006913,0.000000,510.375000
0.602260,0.068205,0.000000,510.375000
0.843636,0.056357,0.000000,510.375000
0.129181,0.070987,0.000000,510.375000
0.822429,0.054654,0.000000,510.375000
0.835848,0.050935,0.000000,510.375000
0.600509,0.085540,0.000000,510.375000
0.134459,0.093472,0.000000,510.375000
0.558072,0.080526,0.000000,510.375000
0.719287,0.001686,0.000000,510.375000
0.186144,0.067952,0.000000,510.375000
0.943830,0.096439,0.000000,510.375000
0.042723,0.099172,0.000000,510.375000
0.199894,0.052731,0.000000,510.375000
0.347118,0.050780,0.000000,510.375000
0.219032,0.088959,0.000000,510.375000
0.154723,0.088178,0.000000,510.375000
0.967199,0.030642,0.000000,510.375000
0.766349,0.037767,0.000000,510.375000
0.865214,0.041463,0.000000,510.375000
0.976930,0.068078,0.000000,510.375000
0.862455,0.079284,0.000000,510.375000
0.866939,0.022334,0.000000,510.375000
0.656684,0.054801,0.000000,510.375000
0.363899,0.002472,0.000000,510.375000
0.117795,0.002901,0.000000,510.375000
0.110119,0.037247,0.000000,510.375000
0.741909,0.095444,0.000000,510.375000
0.440494,0.017383,0.000000,510.375000
0.696978,0.020934,0.000000,510.375000
0.823116,0.084763,0.000000,510.375000
0.625590,0.037061,0.000000,510.375000
0.110189,0.010427,0.000000,510.375000
0.419735,0.017457,0.000000,510.375000
0.532245,0.005347,0.000000,510.375000
0.761675,0.093528,0.000000,510.375000
0.530204,0.027742,0.000000,510.375000
0.977164,0.073810,0.000000,510.375000
0.203652,0.067960,0.000000,510.375000
0.949853,0.054879,0.000000,510.375000
0.829393,0.052768,0.000000,510.375000
0.356417,0.090375,0.000000,510.375000
0.515524,0.031998,0.000000,510.375000
0.689353,0.076247,0.000000,510.375000
0.326098,0.078996,0.000000,510.375000
0.731023,0.095700,0.000000,510.375000
0.714656,0.042225,0.000000,510.375000
0.460858,0.085287,0.000000,510.375000
0.998032,0.050841,0.000000,510.375000
0.335435,0.018106,0.000000,510.375000
0.947884,0.003601,0.000000,510.375000
0.345259,0.037609,0.000000,510.375000
0.507531,0.015650,0.000000,510.375000
0.721121,0.047135,0.000000,510.375000
0.815398,0.079282,0.000000,510.375000
0.729802,0.071170,0.000000,510.375000
0.475485,0.097997,0.000000,510.375000
0.808803,0.003768,0.000000,510.375000
0.408734,0.073879,0.000000,510.375000
0.029868,0.099626,0.000000,510.375000
0.717538,0.017266,0.000000,510.375000
0.003870,0.071038,0.000000,510.375000
0.213253,0.090585,0.000000,510.375000
0.583573,0.055508,0.000000,510.375000
0.451173,0.009365,0.000000,510.375000
0.779090,0.022699,0.000000,510.375000
0.185638,0.095407,0.000000,510.375000
0.493951,0.076620,0.000000,510.375000
0.954622,0.092863,0.000000,510.375000
0.142888,0.086321,0.000000,510.375000
0.381695,0.023234,0.000000,510.375000
0.349313,0.054467,0.000000,510.375000
0.214685,0.050225,0.000000,510.375000
0.392807,0.042736,0.000000,510.375000
0.440209,0.035401,0.000000,510.375000
0.880382,0.031886,0.000000,510.375000
0.601943,0.090392,0.000000,510.375000
0.652805,0.049580,0.000000,510.375000
0.103537,0.049497,0.000000,510.375000
0.467640,0.014024,0.000000,510.375000
0.364492,0.000436,0.000000,510.375000
0.144325,0.012952,0.000000,510.375000
0.142170,0.081243,0.000000,510.375000
0.744345,0.027760,0.000000,510.375000
0.355362,0.006707,0.000000,510.375000
0.456799,0.046759,0.000000,510.375000
0.100747,0.083031,0.000000,510.375000
0.434709,0.089928,0.000000,510.375000
0.567610,0.092828,0.000000,510.375000
0.985165,0.009788,0.000000,510.375000
0.329431,0.098706,0.000000,510.375000
0.031159,0.079783,0.000000,510.375000
0.935267,0.075821,0.000000,510.375000
0.117541,0.093054,0.000000,510.375000
0.747632,0.036230,0.000000,510.375000
0.037580,0.079437,0.000000,510.375000
0.371433,0.008831,0.000000,510.375000
0.648867,0.048226,0.000000,510.375000
0.743115,0.009982,0.000000,510.375000
0.331349,0.067853,0.000000,510.375000
0.945124,0.041358,0.000000,510.375000
0.058951,0.009192,0.000000,510.375000
0.394750,0.095502,0.000000,510.375000
0.156643,0.015910,0.000000,510.375000
0.878458,0.044030,0.000000,510.375000
0.473468,0.023965,0.000000,510.375000
0.715521,0.006449,0.000000,510.375000
0.771669,0.053886,0.000000,510.375000
0.078231,0.056391,0.000000,510.375000
0.913265,0.035502,0.000000,510.375000
0.163538,0.030708,0.000000,510.375000
0.277092,0.099933,0.000000,510.375000
0.616391,0.088207,0.000000,510.375000
0.652436,0.090201,0.000000,510.375000
0.943198,0.059992,0.000000,510.375000
0.947201,0.004008,0.000000,510.375000
0.697509,0.059633,0.000000,510.375000
0.744740,0.035582,0.000000,510.375000
0.644110,0.020952,0.000000,510.375000
0.126297,0.028920,0.000000,510.375000
0.934747,0.057800,0.000000,510.375000
0.081189,0.079713,0.000000,510.375000
0.436207,0.038697,0.000000,510.375000
0.211912,0.094025,0.000000,510.375000
0.131499,0.058612,0.000000,510.375000
0.860460,0.018424,0.000000,510.375000
0.233497,0.079322,0.000000,510.375000
0.540870,0.007995,0.000000,510.375000
0.579264,0.065893,0.000000,510.375000
0.889288,0.079745,0.000000,510.375000
0.086404,0.037008,0.000000,510.375000
0.647324,0.008581,0.000000,510.375000
0.442119,0.012367,0.000000,510.375000
0.371559,0.084434,0.000000,510.375000
0.309220,0.085830,0.000000,510.375000
0.580348,0.012144,0.000000,510.375000
0.446521,0.053939,0.000000,510.375000
0.236017,0.031550,0.000000,510.375000
0.789600,0.075981,0.000000,510.375000
0.539381,0.050854,0.000000,510.375000
0.432931,0.019308,0.000000,510.375000
0.823676,0.023090,0.000000,510.375000
0.254097,0.033441,0.000000,510.375000
0.691585,0.086628,0.000000,510.375000
0.169889,0.080685,0.000000,510.375000
0.176472,0.079524,0.000000,510.375000
0.460432,0.049694,0.000000,510.375000
0.303326,0.068641,0.000000,510.375000
0.185666,0.047805,0.000000,510.375000
0.868252,0.059971,0.000000,510.375000
0.612562,0.081165,0.000000,510.375000
0.171775,0.097904,0.000000,510.375000
0.701192,0.020386,0.000000,510.375000
0.234641,0.076840,0.000000,510.375000
0.362559,0.001635,0.000000,510.375000
0.350097,0.004855,0.000000,510.375000
0.479134,0.055658,0.000000,510.375000
0.588719,0.075313,0.000000,510.375000
0.816530,0.005719,0.000000,510.375000
0.671647,0.025575,0.000000,510.375000
0.737028,0.014910,0.000000,510.375000
0.272178,0.029389,0.000000,510.375000
0.791851,0.026802,0.000000,510.375000
0.958930,0.040088,0.000000,510.375000
0.512742,0.043667,0.000000,510.375000
0.057448,0.025234,0.000000,510.375000
0.034329,0.048812,0.000000,510.375000
0.954473,0.092224,0.000000,510.375000
0.001839,0.014572,0.000000,510.375000
0.619559,0.058524,0.000000,510.375000
0.564236,0.034864,0.000000,510.375000
0.956624,0.080008,0.000000,510.375000
0.791133,0.074647,0.000000,510.375000
0.236415,0.095908,0.000000,510.375000
0.167532,0.025441,0.000000,510.375000
0.288672,0.016424,0.000000,510.375000
0.691066,0.020640,0.000000,510.375000
0.533021,0.035081,0.000000,510.375000
0.555215,0.033821,0.000000,510.375000
0.258438,0.022141,0.000000,510.375000
0.706957,0.035570,0.000000,510.375000
0.485258,0.019284,0.000000,510.375000
0.772495,0.073257,0.000000,510.375000
0.547026,0.099128,0.000000,510.375000
0.623943,0.095690,0.000000,510.375000
0.862681,0.070632,0.000000,510.375000
0.362404,0.075976,0.000000,510.375000
0.761667,0.000483,0.000000,510.375000
0.856211,0.043927,0.000000,510.375000
0.398870,0.037953,0.000000,510.375000
0.714814,0.044289,0.000000,510.375000
0.355947,0.077790,0.000000,510.375000
0.084718,0.050536,0.000000,510.375000
0.924666,0.030517,0.000000,510.375000
0.700422,0.057082,0.000000,510.375000
0.646088,0.031996,0.000000,510.375000
0.947278,0.064726,0.000000,510.375000
0.785624,0.068902,0.000000,510.375000
0.270705,0.043664,0.000000,510.375000
0.879040,0.047581,0.000000,510.375000
0.518210,0.010609,0.000000,510.375000
0.262219,0.026587,0.000000,510.375000
0.961761,0.031803,0.000000,510.375000
0.607762,0.089506,0.000000,510.375000
0.011901,0.055073,0.000000,510.375000
0.514364,0.044642,0.000000,510.375000
0.075128,0.018420,0.000000,510.375000
0.770673,0.074140,0.000000,510.375000
0.612985,0.061577,0.000000,510.375000
0.171621,0.043448,0.000000,510.375000
0.537465,0.006474,0.000000,510.375000
0.507033,0.025435,0.000000,510.375000
0.085822,0.014305,0.000000,510.375000
0.707217,0.015137,0.000000,510.375000
0.145450,0.007118,0.000000,510.375000
0.358005,0.016716,0.000000,510.375000
0.316874,0.093789,0.000000,510.375000
0.976918,0.055262,0.000000,510.375000
0.027234,0.052070,0.000000,510.375000
0.151046,0.080867,0.000000,510.375000
0.539870,0.059062,0.000000,510.375000
0.982885,0.052031,0.000000,510.375000
0.711620,0.001557,0.000000,510.375000
0.620937,0.063577,0.000000,510.375000
0.856704,0.084732,0.000000,510.375000
0.145167,0.068067,0.000000,510.375000
0.043363,0.012987,0.000000,510.375000
0.110369,0.062260,0.000000,510.375000
0.781536,0.085209,0.000000,510.375000
0.622966,0.018828,0.000000,510.375000
0.466006,0.094080,0.000000,510.375000
0.111132,0.048431,0.000000,510.375000
0.690333,0.079428,0.000000,510.375000
0.724064,0.088527,0.000000,510.375000
0.727421,0.056752,0.000000,510.375000
0.080237,0.040668,0.000000,510.375000
0.175378,0.080375,0.000000,510.375000
0.154177,0.073876,0.000000,510.375000
0.054234,0.079391,0.000000,510.375000
0.322226,0.063541,0.000000,510.375000
0.598496,0.054689,0.000000,510.375000
0.062292,0.093367,0.000000,510.375000
0.923688,0.096096,0.000000,510.375000
0.715674,0.086232,0.000000,510.375000
0.512890,0.019906,0.000000,510.375000
0.896735,0.006977,0.000000,510.375000
0.942955,0.060915,0.000000,510.375000
0.467665,0.009818,0.000000,510.375000
0.151348,0.052603,0.000000,510.375000
0.610518,0.069275,0.000000,510.375000
0.032216,0.002939,0.000000,510.375000
0.342720,0.040105,0.000000,510.375000
0.802593,0.005727,0.000000,510.375000
0.070776,0.020325,0.000000,510.375000
0.183594,0.071446,0.000000,510.375000
0.413987,0.019042,0.000000,510.375000
0.918362,0.060196,0.000000,510.375000
0.900590,0.054243,0.000000,510.375000
0.148304,0.048829,0.000000,510.375000
0.939118,0.025126,0.000000,510.375000
0.866828,0.088273,0.000000,510.375000
0.180636,0.092814,0.000000,510.375000
0.320769,0.018069,0.000000,510.375000
0.178823,0.031222,0.000000,510.375000
0.121929,0.016173,0.000000,510.375000
0.475352,0.022115,0.000000,510.375000
0.038986,0.083440,0.000000,510.375000
0.066249,0.020567,0.000000,510.375000
0.345451,0.082103,0.000000,510.375000
0.907802,0.008714,0.000000,510.375000
0.218157,0.009458,0.000000,510.375000
0.369435,0.042354,0.000000,510.375000
0.480739,0.007517,0.000000,510.375000
0.423765,0.070476,0.000000,510.375000
0.320249,0.095685,0.000000,510.375000
0.841821,0.007882,0.000000,510.375000
0.466303,0.014188,0.000000,510.375000
0.430619,0.094993,0.000000,510.375000
0.920918,0.020950,0.000000,510.375000
0.557032,0.024763,0.000000,510.375000
0.810121,0.051180,0.000000,510.375000
0.888418,0.028911,0.000000,510.375000
0.394140,0.068682,0.000000,510.375000
0.169217,0.020334,0.000000,510.375000
0.642297,0.085503,0.000000,510.375000
0.397895,0.079040,0.000000,510.375000
0.343621,0.051694,0.000000,510.375000
0.364465,0.051078,0.000000,510.375000
0.917852,0.080882,0.000000,510.375000
0.192691,0.003694,0.000000,510.375000
0.272381,0.028676,0.000000,510.375000
0.374988,0.062104,0.000000,510.375000
0.947458,0.092297,0.000000,510.375000
0.056020,0.070958,0.000000,510.375000
0.791758,0.019502,0.000000,510.375000
0.104958,0.036192,0.000000,510.375000
0.664357,0.012003,0.000000,510.375000
0.908164,0.060882,0.000000,510.375000
0.088392,0.092592,0.000000,510.375000
0.672743,0.022675,0.000000,510.375000
0.342574,0.066379,0.000000,510.375000
0.568937,0.001200,0.000000,510.375000
0.360204,0.029967,0.000000,510.375000
0.069679,0.010637,0.000000,510.375000
0.777349,0.043900,0.000000,510.375000
0.758911,0.064118,0.000000,510.375000
0.216063,0.016336,0.000000,510.375000
0.829074,0.052348,0.000000,510.375000
0.391028,0.044781,0.000000,510.375000
0.839351,0.055609,0.000000,510.375000
0.694175,0.049815,0.000000,510.375000
0.190160,0.044977,0.000000,510.375000
0.180638,0.059399,0.000000,510.375000
0.363635,0.001953,0.000000,510.375000
0.512196,0.072875,0.000000,510.375000
0.607820,0.040042,0.000000,510.375000
0.831243,0.049324,0.000000,510.375000
0.701044,0.014015,0.000000,510.375000
0.830031,0.066458,0.000000,510.375000
0.925103,0.056765,0.000000,510.375000
0.256530,0.044534,0.000000,510.375000
0.288832,0.045654,0.000000,510.375000
0.893195,0.020073,0.000000,510.375000
0.947062,0.084355,0.000000,510.375000
0.533646,0.083347,0.000000,510.375000
0.432389,0.064257,0.000000,510.375000
0.461031,0.014525,0.000000,510.375000
0.958350,0.054541,0.000000,510.375000
0.636313,0.029263,0.000000,510.375000
0.149663,0.032335,0.000000,510.375000
0.253494,0.091576,0.000000,510.375000
0.281628,0.072862,0.000000,510.375000
0.236950,0.006880,0.000000,510.375000
0.735373,0.082352,0.000000,510.375000
0.437113,0.041628,0.000000,510.375000
0.872636,0.027104,0.000000,510.375000
0.392928,0.009619,0.000000,510.375000
0.569004,0.043465,0.000000,510.375000
0.686943,0.013269,0.000000,510.375000
0.204743,0.012327,0.000000,510.375000
0.110920,0.029731,0.000000,510.375000
0.988632,0.099780,0.000000,510.375000
0.600715,0.042402,0.000000,510.375000
0.065637,0.056254,0.000000,510.375000
0.744187,0.043944,0.000000,510.375000
0.618076,0.026000,0.000000,510.375000
0.354618,0.004905,0.000000,510.375000
0.162578,0.083470,0.000000,510.375000
0.442300,0.046463,0.000000,510.375000
0.562120,0.073481,0.000000,510.375000
0.046614,0.054351,0.000000,510.375000
0.052226,0.093383,0.000000,510.375000
0.568212,0.015728,0.000000,510.375000
0.371852,0.062621,0.000000,510.375000
0.582088,0.005387,0.000000,510.375000
0.581307,0.060975,0.000000,510.375000
0.567521,0.083304,0.000000,510.375000
0.304716,0.023230,0.000000,510.375000
0.471218,0.002560,0.000000,510.375000
0.452448,0.072791,0.000000,510.375000
0.509462,0.082048,0.000000,510.375000
0.993471,0.037320,0.000000,510.375000
0.636508,0.069982,0.000000,510.375000
0.379507,0.014212,0.000000,510.375000
0.715368,0.093007,0.000000,510.375000
0.801922,0.082318,0.000000,510.375000
0.910789,0.029878,0.000000,510.375000
0.463267,0.036498,0.000000,510.375000
0.926577,0.083640,0.000000,510.375000
0.292591,0.031553,0.000000,510.375000
0.449906,0.046166,0.000000,510.375000
0.447431,0.037862,0.000000,510.375000
0.552742,0.015487,0.000000,510.375000
0.264798,0.069422,0.000000,510.375000
0.228391,0.099345,0.000000,510.375000
0.514583,0.056316,0.000000,510.375000
0.177029,0.059023,0.000000,510.375000
0.843982,0.072733,0.000000,510.375000
0.937314,0.057105,0.000000,510.375000
0.594651,0.074087,0.000000,510.375000
0.586078,0.091966,0.000000,510.375000
0.200779,0.078066,0.000000,510.375000
0.965462,0.006684,0.000000,510.375000
0.609103,0.021037,0.000000,510.375000
0.382240,0.090955,0.000000,510.375000
0.166818,0.048109,0.000000,510.375000
0.388724,0.051894,0.000000,510.375000
0.311893,0.064564,0.000000,510.375000
0.343179,0.005671,0.000000,510.375000
0.806985,0.078718,0.000000,510.375000
0.748101,0.096813,0.000000,510.375000
0.977092,0.032979,0.000000,510.375000
0.692935,0.089664,0.000000,510.375000
0.730257,0.039649,0.000000,510.375000
0.934605,0.064305,0.000000,510.375000
0.671993,0.058850,0.000000,510.375000
0.473025,0.022131,0.000000,510.375000
0.250420,0.027882,0.000000,510.375000
0.677436,0.036464,0.000000,510.375000
0.689617,0.062069,0.000000,510.375000
0.696623,0.041906,0.000000,510.375000
0.293597,0.020644,0.000000,510.375000
0.627626,0.099841,0.000000,510.375000
0.964137,0.057371,0.000000,510.375000
0.700681,0.069126,0.000000,510.375000
0.363910,0.025873,0.000000,510.375000
0.978235,0.012603,0.000000,510.375000
0.266407,0.027084,0.000000,510.375000
0.139102,0.084305,0.000000,510.375000
0.341999,0.008266,0.000000,510.375000
0.462618,0.041036,0.000000,510.375000
0.236359,0.062978,0.000000,510.375000
0.767922,0.056644,0.000000,510.375000
0.279800,0.028922,0.000000,510.375000
0.886065,0.031251,0.000000,510.375000
0.932904,0.020892,0.000000,510.375000
0.394262,0.033312,0.000000,510.375000
0.246549,0.082894,0.000000,510.375000
0.516128,0.017426,0.000000,510.375000
0.241999,0.093343,0.000000,510.375000
0.343911,0.078439,0.000000,510.375000
0.560804,0.039028,0.000000,510.375000
0.864304,0.027098,0.000000,510.375000
0.225033,0.076412,0.000000,510.375000
0.454757,0.055414,0.000000,510.375000
0.090961,0.096245,0.000000,510.375000
0.515555,0.009848,0.000000,510.375000
0.740180,0.042062,0.000000,510.375000
0.693412,0.024578,0.000000,510.375000
0.401375,0.024506,0.000000,510.375000
0.505147,0.095096,0.000000,510.375000
0.131488,0.005416,0.000000,510.375000
0.915817,0.074409,0.000000,510.375000
0.828361,0.078030,0.000000,510.375000
0.741911,0.090186,0.000000,510.375000
0.409408,0.094427,0.000000,510.375000
0.721691,0.030175,0.000000,510.375000
0.615294,0.008730,0.000000,510.375000
0.746895,0.039771,0.000000,510.375000
0.339377,0.028667,0.000000,510.375000
0.385545,0.096032,0.000000,510.375000
0.135689,0.025308,0.000000,510.375000
0.107243,0.014071,0.000000,510.375000
0.204549,0.020123,0.000000,510.375000
0.917810,0.001760,0.000000,510.375000
0.453538,0.048068,0.000000,510.375000
0.105019,0.075747,0.000000,510.375000
0.742866,0.044759,0.000000,510.375000
0.152437,0.015380,0.000000,510.375000
0.977346,0.008764,0.000000,510.375000
0.695907,0.006429,0.000000,510.375000
0.988808,0.011953,0.000000,510.375000
0.375985,0.052571,0.000000,510.375000
0.068890,0.041306,0.000000,510.375000
0.455529,0.011859,0.000000,510.375000
0.812852,0.069437,0.000000,510.375000
0.053024,0.074558,0.000000,510.375000
0.465927,0.037102,0.000000,510.375000
0.615209,0.037001,0.000000,510.375000
0.264963,0.010891,0.000000,510.375000
0.086157,0.013840,0.000000,510.375000
0.796976,0.003441,0.000000,510.375000
0.234309,0.048825,0.000000,510.375000
0.306574,0.001723,0.000000,510.375000
0.723973,0.030548,0.000000,510.375000
0.532211,0.031754,0.000000,510.375000
0.037800,0.087510,0.000000,510.375000
0.019005,0.083683,0.000000,510.375000
0.041578,0.042015,0.000000,510.375000
0.784645,0.074365,0.000000,510.375000
0.619076,0.065197,0.000000,510.375000
0.588839,0.043883,0.000000,510.375000
0.753541,0.048889,0.000000,510.375000
0.108335,0.004706,0.000000,510.375000
0.936652,0.002005,0.000000,510.375000
0.978722,0.014897,0.000000,510.375000
0.449944,0.046666,0.000000,510.375000
0.803706,0.047771,0.000000,510.375000
0.541584,0.000371,0.000000,510.375000
0.366284,0.033745,0.000000,510.375000
0.260647,0.025745,0.000000,510.375000
0.224886,0.068481,0.000000,510.375000
0.682100,0.006613,0.000000,510.375000
0.322280,0.045915,0.000000,510.375000
0.334747,0.070085,0.000000,510.375000
0.781156,0.049526,0.000000,510.375000
0.461994,0.052353,0.000000,510.375000
0.916063,0.089022,0.000000,510.375000
0.887046,0.018834,0.000000,510.375000
0.430326,0.044609,0.000000,510.375000
0.659562,0.073581,0.000000,510.375000
0.511996,0.001375,0.000000,510.375000
0.643518,0.054666,0.000000,510.375000
0.399834,0.073098,0.000000,510.375000
0.343080,0.018206,0.000000,510.375000
0.405798,0.078635,0.000000,510.375000
0.980988,0.076975,0.000000,510.375000
0.711918,0.028890,0.000000,510.375000
0.213571,0.075308,0.000000,510.375000
0.508760,0.084271,0.000000,510.375000
0.324973,0.087582,0.000000,510.375000
0.111341,0.060309,0.000000,510.375000
0.552656,0.062084,0.000000,510.375000
0.121644,0.002240,0.000000,510.375000
0.570532,0.034956,0.000000,510.375000
0.946400,0.067551,0.000000,510.375000
0.825632,0.076119,0.000000,510.375000
0.174293,0.080880,0.000000,510.375000
0.469408,0.091820,0.000000,510.375000
0.605375,0.089918,0.000000,510.375000
0.637440,0.073260,0.000000,510.375000
0.967342,0.050309,0.000000,510.375000
0.181141,0.014421,0.000000,510.375000
0.722331,0.022400,0.000000,510.375000
0.412885,0.044658,0.000000,510.375000
0.975281,0.067644,0.000000,510.375000
0.508894,0.006209,0.000000,510.375000
0.191919,0.015443,0.000000,510.375000
0.311756,0.061543,0.000000,510.375000
0.830512,0.053660,0.000000,510.375000
0.367386,0.082741,0.000000,510.375000
0.518457,0.026053,0.000000,510.375000
0.069776,0.083757,0.000000,510.375000
0.109930,0.021246,0.000000,510.375000
0.882258,0.083510,0.000000,510.375000
0.599223,0.045014,0.000000,510.375000
0.941842,0.028082,0.000000,510.375000
0.517100,0.066393,0.000000,510.375000
0.178421,0.060427,0.000000,510.375000
0.921718,0.044621,0.000000,510.375000
0.988753,0.010526,0.000000,510.375000
0.249348,0.012782,0.000000,510.375000
0.866074,0.089486,0.000000,510.375000
0.180435,0.067748,0.000000,510.375000
0.761492,0.060443,0.000000,510.375000
0.925653,0.074735,0.000000,510.375000
0.938193,0.098433,0.000000,510.375000
0.685659,0.056378,0.000000,510.375000
0.460399,0.079025,0.000000,510.375000
0.334719,0.009565,0.000000,510.375000
0.240129,0.093169,0.000000,510.375000
0.933000,0.022138,0.000000,510.375000
0.063970,0.014565,0.000000,510.375000
0.221793,0.019335,0.000000,510.375000
0.477061,0.033619,0.000000,510.375000
0.965971,0.050924,0.000000,510.375000
0.537464,0.087441,0.000000,510.375000
0.820480,0.010568,0.000000,510.375000
0.674860,0.066973,0.000000,510.375000
0.519672,0.061920,0.000000,510.375000
0.270565,0.024780,0.000000,510.375000
0.545551,0.055004,0.000000,510.375000
0.659635,0.072051,0.000000,510.375000
0.880047,0.054180,0.000000,510.375000
0.554068,0.071750,0.000000,510.375000
0.694635,0.019154,0.000000,510.375000
0.644352,0.055065,0.000000,510.375000
0.099935,0.022320,0.000000,510.375000
0.495145,0.012296,0.000000,510.375000
0.316060,0.091187,0.000000,510.375000
0.184391,0.020040,0.000000,510.375000
0.996802,0.050375,0.000000,510.375000
0.156886,0.045933,0.000000,510.375000
0.740394,0.066152,0.000000,510.375000
0.387959,0.072491,0.000000,510.375000
0.802879,0.020893,0.000000,510.375000
0.037122,0.003238,0.000000,510.375000
0.373245,0.011940,0.000000,510.375000
0.405984,0.016581,0.000000,510.375000
0.959434,0.017660,0.000000,510.375000
0.912928,0.023112,0.000000,510.375000
0.830545,0.062211,0.000000,510.375000
0.097490,0.077833,0.000000,510.375000
0.540634,0.047954,0.000000,510.375000
0.323676,0.008332,0.000000,510.375000
0.891563,0.033490,0.000000,510.375000
0.535755,0.046766,0.000000,510.375000
0.906706,0.043392,0.000000,510.375000
0.793238,0.006416,0.000000,510.375000
0.004178,0.084519,0.000000,510.375000
0.658151,0.015924,0.000000,510.375000
0.833491,0.043441,0.000000,510.375000
0.889933,0.027776,0.000000,510.375000
0.278772,0.021061,0.000000,510.375000
0.055613,0.043849,0.000000,510.375000
0.319547,0.028606,0.000000,510.375000
0.653812,0.026710,0.000000,510.375000
0.858487,0.026897,0.000000,510.375000
0.518023,0.076213,0.000000,510.375000
0.342159,0.052355,0.000000,510.375000
0.571406,0.087762,0.000000,510.375000
0.780887,0.001254,0.000000,510.375000
0.541232,0.071503,0.000000,510.375000
0.126799,0.070557,0.000000,510.375000
0.533029,0.057557,0.000000,510.375000
0.532348,0.008260,0.000000,510.375000
0.763389,0.033804,0.000000,510.375000
0.948427,0.054784,0.000000,510.375000
0.836955,0.020247,0.000000,510.375000
0.189763,0.018683,0.000000,510.375000
0.421611,0.040544,0.000000,510.375000
0.866146,0.088679,0.000000,510.375000
0.352941,0.043031,0.000000,510.375000
0.632903,0.092856,0.000000,510.375000
0.293309,0.034862,0.000000,510.375000
0.633040,0.018781,0.000000,510.375000
0.308380,0.075549,0.000000,510.375000
0.111655,0.085214,0.000000,510.375000
0.555626,0.054982,0.000000,510.375000
0.874842,0.062899,0.000000,510.375000
0.768100,0.046103,0.000000,510.375000
0.128583,0.006266,0.000000,510.375000
0.279101,0.046244,0.000000,510.375000
0.295932,0.071364,0.000000,510.375000
0.727125,0.004111,0.000000,510.375000
0.510728,0.066223,0.000000,510.375000
0.959731,0.014417,0.000000,510.375000
0.443305,0.029384,0.000000,510.375000
0.261059,0.009084,0.000000,510.375000
0.831927,0.092423,0.000000,510.375000
0.364072,0.038163,0.000000,510.375000
0.540300,0.059665,0.000000,510.375000
0.464426,0.085143,0.000000,510.375000
0.745491,0.018712,0.000000,510.375000
0.251377,0.047534,0.000000,510.375000
0.415214,0.041577,0.000000,510.375000
0.161710,0.072368,0.000000,510.375000
0.156892,0.013930,0.000000,510.375000
0.672422,0.004990,0.000000,510.375000
0.252875,0.058706,0.000000,510.375000
0.377078,0.084454,0.000000,510.375000
0.409962,0.085751,0.000000,510.375000
0.992783,0.089236,0.000000,510.375000
0.049401,0.016214,0.000000,510.375000
0.543149,0.070736,0.000000,510.375000
0.196426,0.065307,0.000000,510.375000
0.399282,0.067008,0.000000,510.375000
0.135354,0.028768,0.000000,510.375000
0.749880,0.062560,0.000000,510.375000
0.937416,0.087999,0.000000,510.375000
0.754569,0.044624,0.000000,510.375000
0.837572,0.010617,0.000000,510.375000
0.837135,0.019473,0.000000,510.375000
0.515156,0.063933,0.000000,510.375000
0.055859,0.093189,0.000000,510.375000
0.299758,0.045265,0.000000,510.375000
0.200620,0.006960,0.000000,510.375000
0.518874,0.095169,0.000000,510.375000
0.620970,0.017768,0.000000,510.375000
0.013280,0.038369,0.000000,510.375000
0.219529,0.024573,0.000000,510.375000
0.642876,0.079822,0.000000,510.375000
0.282647,0.045457,0.000000,510.375000
0.635447,0.072873,0.000000,510.375000
0.719350,0.028484,0.000000,510.375000
0.851517,0.040107,0.000000,510.375000
0.794763,0.096962,0.000000,510.375000
0.151472,0.020999,0.000000,510.375000
0.025211,0.026587,0.000000,510.375000
0.997633,0.077911,0.000000,510.375000
0.931337,0.086605,0.000000,510.375000
0.439721,0.098005,0.000000,510.375000
0.729977,0.097026,0.000000,510.375000
0.879797,0.069486,0.000000,510.375000
0.393292,0.019629,0.000000,510.375000
0.473194,0.059030,0.000000,510.375000
0.107260,0.009650,0.000000,510.375000
0.021446,0.007967,0.000000,510.375000
0.883627,0.024053,0.000000,510.375000
0.211860,0.006452,0.000000,510.375000
0.622675,0.030986,0.000000,510.375000
0.239485,0.069526,0.000000,510.375000
0.343463,0.015992,0.000000,510.375000
0.204832,0.083990,0.000000,510.375000
0.295193,0.021575,0.000000,510.375000
0.292749,0.050240,0.000000,510.375000
0.052919,0.098957,0.000000,510.375000
0.630013,0.088430,0.000000,510.375000
0.047473,0.004731,0.000000,510.375000
0.487767,0.019643,0.000000,510.375000
0.962850,0.006716,0.000000,510.375000
0.846704,0.049632,0.000000,510.375000
0.841056,0.008213,0.000000,510.375000
0.726784,0.050491,0.000000,510.375000
0.476445,0.033725,0.000000,510.375000
0.783544,0.028049,0.000000,510.375000
0.301626,0.091881,0.000000,510.375000
0.742656,0.023294,0.000000,510.375000
0.024576,0.023145,0.000000,510.375000
0.475597,0.070958,0.000000,510.375000
0.961122,0.007723,0.000000,510.375000
0.563125,0.093513,0.000000,510.375000
0.026004,0.001066,0.000000,510.375000
0.363307,0.064626,0.000000,510.375000
0.818326,0.002919,0.000000,510.375000
0.173095,0.061031,0.000000,510.375000
0.090349,0.056275,0.000000,510.375000
0.240022,0.008060,0.000000,510.375000
0.108426,0.040035,0.000000,510.375000
0.739106,0.020346,0.000000,510.375000
0.423030,0.040647,0.000000,510.375000
0.624494,0.062687,0.000000,510.375000
0.028524,0.052550,0.000000,510.375000
0.794853,0.040271,0.000000,510.375000
0.896967,0.050784,0.000000,510.375000
0.755831,0.096531,0.000000,510.375000
0.682515,0.013904,0.000000,510.375000
0.268259,0.098107,0.000000,510.375000
0.678872,0.014992,0.000000,510.375000
0.540508,0.061039,0.000000,510.375000
0.739716,0.007801,0.000000,510.375000
0.157061,0.061340,0.000000,510.375000
0.224803,0.056164,0.000000,510.375000
0.859648,0.035213,0.000000,510.375000
0.166212,0.023936,0.000000,510.375000
0.696030,0.038229,0.000000,510.375000
0.852693,0.007716,0.000000,510.375000
0.731140,0.058980,0.000000,510.375000
0.651498,0.050854,0.000000,510.375000
0.805382,0.063738,0.000000,510.375000
0.367564,0.083071,0.000000,510.375000
0.029791,0.030738,0.000000,510.375000
0.442561,0.053761,0.000000,510.375000
0.260952,0.098892,0.000000,510.375000
0.287907,0.064405,0.000000,510.375000
0.645213,0.017054,0.000000,510.375000
0.896620,0.027322,0.000000,510.375000
0.497195,0.002682,0.000000,510.375000
0.571899,0.075201,0.000000,510.375000
0.318254,0.043191,0.000000,510.375000
0.990838,0.044985,0.000000,510.375000
0.050227,0.060019,0.000000,510.375000
0.523410,0.056256,0.000000,510.375000
0.124038,0.076515,0.000000,510.375000
0.399798,0.032560,0.000000,510.375000
0.659767,0.065767,0.000000,510.375000
0.283588,0.056903,0.000000,510.375000
0.041938,0.002715,0.000000,510.375000
0.360080,0.052018,0.000000,510.375000
0.588061,0.078767,0.000000,510.375000
0.734976,0.084905,0.000000,510.375000
0.245318,0.032813,0.000000,510.375000
0.946773,0.033480,0.000000,510.375000
0.880318,0.058433,0.000000,510.375000
0.953188,0.012134,0.000000,510.375000
0.761769,0.081740,0.000000,510.375000
0.696244,0.026157,0.000000,510.375000
0.574479,0.057399,0.000000,510.375000
0.483595,0.052856,0.000000,510.375000
0.434316,0.013271,0.000000,510.375000
0.415338,0.055839,0.000000,510.375000
0.843167,0.069449,0.000000,510.375000
0.693178,0.004224,0.000000,510.375000
0.041124,0.037935,0.000000,510.375000
0.003199,0.057983,0.000000,510.375000
0.947813,0.053413,0.000000,510.375000
0.603387,0.056160,0.000000,510.375000
0.615082,0.077329,0.000000,510.375000
0.055749,0.038731,0.000000,510.375000
0.443444,0.052999,0.000000,510.375000
0.274974,0.045857,0.000000,510.375000
0.518935,0.056300,0.000000,510.375000
0.545599,0.050085,0.000000,510.375000
0.563036,0.083711,0.000000,510.375000
0.760822,0.052888,0.000000,510.375000
0.662292,0.057027,0.000000,510.375000
0.685701,0.077219,0.000000,510.375000
0.325105,0.070334,0.000000,510.375000
0.073129,0.066691,0.000000,510.375000
0.477119,0.084633,0.000000,510.375000
0.947417,0.096684,0.000000,510.375000
0.791724,0.084728,0.000000,510.375000
0.966544,0.013811,0.000000,510.375000
0.649351,0.071239,0.000000,510.375000
0.086571,0.024341,0.000000,510.375000
0.909510,0.097865,0.000000,510.375000
0.937750,0.031689,0.000000,510.375000
0.511552,0.044465,0.000000,510.375000
0.187253,0.006546,0.000000,510.375000
0.105969,0.052039,0.000000,510.375000
0.163173,0.016901,0.000000,510.375000
0.386575,0.016533,0.000000,510.375000
0.561158,0.080597,0.000000,510.375000
0.222760,0.068378,0.000000,510.375000
0.427834,0.019903,0.000000,510.375000
0.528169,0.092814,0.000000,510.375000
0.253377,0.014073,0.000000,510.375000
0.397215,0.080712,0.000000,510.375000
0.201084,0.089868,0.000000,510.375000
0.342912,0.031653,0.000000,510.375000
0.703036,0.020917,0.000000,510.375000
0.108179,0.002702,0.000000,510.375000
0.420208,0.016360,0.000000,510.375000
0.056910,0.016122,0.000000,510.375000
0.439922,0.067481,0.000000,510.375000
0.336235,0.081224,0.000000,510.375000
0.778098,0.080643,0.000000,510.375000
0.300543,0.099429,0.000000,510.375000
0.666426,0.060866,0.000000,510.375000
0.542998,0.013123,0.000000,510.375000
0.187196,0.054665,0.000000,510.375000
0.791708,0.002502,0.000000,510.375000
0.679555,0.091194,0.000000,510.375000
0.955515,0.036375,0.000000,510.375000
0.361690,0.033895,0.000000,510.375000
0.008041,0.054340,0.000000,510.375000
0.299921,0.009310,0.000000,510.375000
0.796761,0.093077,0.000000,510.375000
0.607293,0.062224,0.000000,510.375000
0.166375,0.098665,0.000000,510.375000
0.806181,0.076535,0.000000,510.375000
0.560089,0.044833,0.000000,510.375000
0.738122,0.025341,0.000000,510.375000
0.435583,0.056878,0.000000,510.375000
0.332724,0.027357,0.000000,510.375000
0.443993,0.040805,0.000000,510.375000
0.534755,0.038114,0.000000,510.375000
0.593152,0.057505,0.000000,510.375000
0.126627,0.072503,0.000000,510.375000
0.797827,0.047845,0.000000,510.375000
0.225780,0.040509,0.000000,510.375000
0.637498,0.072904,0.000000,510.375000
0.103252,0.056245,0.000000,510.375000
0.610811,0.035333,0.000000,510.375000
0.911557,0.025585,0.000000,510.375000
0.695255,0.073484,0.000000,510.375000
0.719138,0.053842,0.000000,510.375000
0.867323,0.042172,0.000000,510.375000
0.630212,0.085344,0.000000,510.375000
0.868982,0.082140,0.000000,510.375000
0.692607,0.000874,0.000000,510.375000
0.953349,0.016858,0.000000,510.375000
0.380236,0.021602,0.000000,510.375000
0.357538,0.078084,0.000000,510.375000
0.899990,0.082588,0.000000,510.375000
0.729320,0.034116,0.000000,510.375000
0.380114,0.080101,0.000000,510.375000
0.574631,0.065907,0.000000,510.375000
0.967064,0.080119,0.000000,510.375000
0.742095,0.041246,0.000000,510.375000
0.601211,0.073151,0.000000,510.375000
0.450550,0.014054,0.000000,510.375000
0.781100,0.095938,0.000000,510.375000
0.134172,0.090076,0.000000,510.375000
0.699841,0.045316,0.000000,510.375000
0.238493,0.001642,0.000000,510.375000
0.127288,0.084422,0.000000,510.375000
0.508530,0.011361,0.000000,510.375000
0.223008,0.090436,0.000000,510.375000
0.246902,0.081922,0.000000,510.375000
0.207903,0.014527,0.000000,510.375000
0.156131,0.037156,0.000000,510.375000
0.010863,0.093497,0.000000,510.375000
0.517891,0.021203,0.000000,510.375000
0.473957,0.082933,0.000000,510.375000
0.648545,0.002181,0.000000,510.375000
0.131841,0.045379,0.000000,510.375000
0.481654,0.053110,0.000000,510.375000
0.669475,0.025986,0.000000,510.375000
0.537022,0.029693,0.000000,510.375000
0.579268,0.002388,0.000000,510.375000
0.648252,0.006607,0.000000,510.375000
0.938703,0.091121,0.000000,510.375000
0.853795,0.065330,0.000000,510.375000
0.127351,0.079953,0.000000,510.375000
0.117828,0.067842,0.000000,510.375000
0.275114,0.001279,0.000000,510.375000
0.388334,0.041267,0.000000,510.375000
0.474357,0.054174,0.000000,510.375000
0.153355,0.046836,0.000000,510.375000
0.088767,0.097090,0.000000,510.375000
0.710294,0.074275,0.000000,510.375000
0.535145,0.059749,0.000000,510.375000
0.348069,0.007309,0.000000,510.375000
0.293863,0.054186,0.000000,510.375000
0.782484,0.046460,0.000000,510.375000
0.713960,0.000504,0.000000,510.375000
0.795631,0.099932,0.000000,510.375000
0.697499,0.083396,0.000000,510.375000
0.369354,0.080578,0.000000,510.375000
0.431805,0.064366,0.000000,510.375000
0.684257,0.028719,0.000000,510.375000
0.403352,0.032956,0.000000,510.375000
0.479498,0.042056,0.000000,510.375000
0.070909,0.024390,0.000000,510.375000
0.467472,0.018680,0.000000,510.375000
0.208076,0.064016,0.000000,510.375000
0.281413,0.005044,0.000000,510.375000
0.786410,0.029700,0.000000,510.375000
0.017560,0.074372,0.000000,510.375000
0.378992,0.038366,0.000000,510.375000
0.124358,0.081755,0.000000,510.375000
0.110248,0.016024,0.000000,510.375000
0.946738,0.082780,0.000000,510.375000
0.375446,0.008055,0.000000,510.375000
0.961421,0.089164,0.000000,510.375000
0.672463,0.059899,0.000000,510.375000
0.204180,0.017084,0.000000,510.375000
0.192858,0.042343,0.000000,510.375000
0.980072,0.036340,0.000000,510.375000
0.853847,0.015552,0.000000,510.375000
0.263829,0.058008,0.000000,510.375000
0.445534,0.003065,0.000000,510.375000
0.560415,0.066363,0.000000,510.375000
0.193760,0.009934,0.000000,510.375000
0.463471,0.003633,0.000000,510.375000
0.853719,0.070946,0.000000,510.375000
0.258708,0.078153,0.000000,510.375000
0.093079,0.051387,0.000000,510.375000
0.815410,0.011660,0.000000,510.375000
0.730382,0.089756,0.000000,510.375000
0.816023,0.094432,0.000000,510.375000
0.116181,0.085427,0.000000,510.375000
0.899360,0.098332,0.000000,510.375000
0.407630,0.031673,0.000000,510.375000
0.238214,0.055653,0.000000,510.375000
0.829110,0.079876,0.000000,510.375000
0.057805,0.008324,0.000000,510.375000
0.879715,0.025299,0.000000,510.375000
0.222246,0.094150,0.000000,510.375000
0.152384,0.017822,0.000000,510.375000
0.010059,0.029455,0.000000,510.375000
0.105191,0.090999,0.000000,510.375000
0.881365,0.077630,0.000000,510.375000
0.032242,0.068862,0.000000,510.375000
0.472967,0.035445,0.000000,510.375000
0.720746,0.057245,0.000000,510.375000
0.822029,0.059263,0.000000,510.375000
0.357952,0.089846,0.000000,510.375000
0.320641,0.056477,0.000000,510.375000
0.018330,0.021959,0.000000,510.375000
0.750371,0.057290,0.000000,510.375000
0.929056,0.014298,0.000000,510.375000
0.668374,0.002153,0.000000,510.375000
0.375342,0.023355,0.000000,510.375000
0.776646,0.047028,0.000000,510.375000
0.010284,0.053480,0.000000,510.375000
0.918739,0.070066,0.000000,510.375000
0.613281,0.026498,0.000000,510.375000
0.608491,0.095816,0.000000,510.375000
0.348225,0.094370,0.000000,510.375000
0.359379,0.078662,0.000000,510.375000
0.272260,0.006438,0.000000,510.375000
0.164010,0.064974,0.000000,510.375000
0.138235,0.057301,0.000000,510.375000
0.882616,0.090849,0.000000,510.375000
0.996087,0.090615,0.000000,510.375000
0.690984,0.008692,0.000000,510.375000
0.832046,0.002003,0.000000,510.375000
0.864098,0.088723,0.000000,510.375000
0.445803,0.050709,0.000000,510.375000
0.248255,0.059235,0.000000,510.375000
0.503394,0.077166,0.000000,510.375000
0.723973,0.061087,0.000000,510.375000
0.721007,0.064993,0.000000,510.375000
0.202185,0.031857,0.000000,510.375000
0.878255,0.004929,0.000000,510.375000
0.160929,0.000423,0.000000,510.375000
0.688720,0.015435,0.000000,510.375000
0.938339,0.071660,0.000000,510.375000
0.595669,0.060323,0.000000,510.375000
0.197189,0.050022,0.000000,510.375000
0.522348,0.000657,0.000000,510.375000
0.215064,0.031488,0.000000,510.375000
0.574530,0.016629,0.000000,510.375000
0.093001,0.043976,0.000000,510.375000
0.785894,0.012870,0.000000,510.375000
0.144641,0.050806,0.000000,510.375000
0.354895,0.016077,0.000000,510.375000
0.446720,0.065173,0.000000,510.375000
0.427281,0.003520,0.000000,510.375000
0.670055,0.085723,0.000000,510.375000
0.066917,0.043268,0.000000,510.375000
0.604194,0.038631,0.000000,510.375000
0.194418,0.009990,0.000000,510.375000
0.945561,0.032318,0.000000,510.375000
0.167931,0.091511,0.000000,510.375000
0.487936,0.038833,0.000000,510.375000
0.499015,0.026598,0.000000,510.375000
0.824915,0.005914,0.000000,510.375000
0.091226,0.005489,0.000000,510.375000
0.874939,0.071804,0.000000,510.375000
0.277469,0.016843,0.000000,510.375000
0.873498,0.084309,0.000000,510.375000
0.499130,0.092820,0.000000,510.375000
0.763466,0.007055,0.000000,510.375000
0.865945,0.094256,0.000000,510.375000
0.309077,0.071579,0.000000,510.375000
0.608673,0.079082,0.000000,510.375000
0.297693,0.046729,0.000000,510.375000
0.010911,0.094097,0.000000,510.375000
0.889234,0.015136,0.000000,510.375000
0.003837,0.026378,0.000000,510.375000
0.600248,0.057170,0.000000,510.375000
0.595152,0.046000,0.000000,510.375000
0.827909,0.027927,0.000000,510.375000
0.448329,0.036833,0.000000,510.375000
0.919633,0.023367,0.000000,510.375000
0.148076,0.059626,0.000000,510.375000
0.840816,0.004244,0.000000,510.375000
0.794989,0.078905,0.000000,510.375000
0.296467,0.066587,0.000000,510.375000
0.687200,0.077570,0.000000,510.375000
0.408436,0.013656,0.000000,510.375000
0.395453,0.086645,0.000000,510.375000
0.046260,0.090059,0.000000,510.375000
0.346209,0.096936,0.000000,510.375000
0.858230,0.069637,0.000000,510.375000
0.961436,0.013791,0.000000,510.375000
0.344714,0.032827,0.000000,510.375000
0.636108,0.011829,0.000000,510.375000
0.790398,0.025526,0.000000,510.375000
0.770203,0.081585,0.000000,510.375000
0.804990,0.048231,0.000000,510.375000
0.388778,0.038275,0.000000,510.375000
0.078885,0.068595,0.000000,510.375000
0.019371,0.038294,0.000000,510.375000
0.696512,0.094870,0.000000,510.375000
0.774289,0.069256,0.000000,510.375000
0.302111,0.081214,0.000000,510.375000
0.158016,0.082416,0.000000,510.375000
0.254697,0.065823,0.000000,510.375000
0.214093,0.031745,0.000000,510.375000
0.302484,0.096799,0.000000,510.375000
0.052457,0.077053,0.000000,510.375000
0.465145,0.008470,0.000000,510.375000
0.372677,0.021611,0.000000,510.375000
0.368720,0.097575,0.000000,510.375000
0.998543,0.074273,0.000000,510.375000
0.014099,0.058800,0.000000,510.375000
0.184901,0.022475,0.000000,510.375000
0.572265,0.099598,0.000000,510.375000
0.414052,0.077024,0.000000,510.375000
0.349415,0.062075,0.000000,510.375000
0.488018,0.033108,0.000000,510.375000
0.533686,0.028758,0.000000,510.375000
0.522032,0.018752,0.000000,510.375000
0.193371,0.095786,0.000000,510.375000
0.921438,0.018406,0.000000,510.375000
0.004203,0.038545,0.000000,510.375000
0.611047,0.087600,0.000000,510.375000
0.955216,0.017181,0.000000,510.375000
0.398418,0.058880,0.000000,510.375000
0.942338,0.027104,0.000000,510.375000
0.066336,0.053452,0.000000,510.375000
0.520993,0.022391,0.000000,510.375000
0.071071,0.081105,0.000000,510.375000
0.897796,0.043278,0.000000,510.375000
0.597041,0.082912,0.000000,510.375000
0.923215,0.025154,0.000000,510.375000
0.644059,0.039802,0.000000,510.375000
0.053541,0.063959,0.000000,510.375000
0.896034,0.047710,0.000000,510.375000
0.185222,0.070798,0.000000,510.375000
0.231306,0.066303,0.000000,510.375000
0.842566,0.008280,0.000000,510.375000
0.150010,0.032740,0.000000,510.375000
0.463091,0.003428,0.000000,510.375000
0.629146,0.036735,0.000000,510.375000
0.122542,0.057218,0.000000,510.375000
0.584493,0.079857,0.000000,510.375000
0.422945,0.013235,0.000000,510.375000
0.115453,0.051902,0.000000,510.375000
0.158564,0.028006,0.000000,510.375000
0.301059,0.072552,0.000000,510.375000
0.352443,0.016844,0.000000,510.375000
0.782604,0.079058,0.000000,510.375000
0.130497,0.016126,0.000000,510.375000
0.143613,0.067169,0.000000,510.375000
0.599750,0.038591,0.000000,510.375000
0.477167,0.039994,0.000000,510.375000
0.209750,0.078698,0.000000,510.375000
0.272485,0.073829,0.000000,510.375000
0.792420,0.064659,0.000000,510.375000
0.981465,0.063906,0.000000,510.375000
0.110060,0.092016,0.000000,510.375000
0.389470,0.072214,0.000000,510.375000
0.358594,0.000466,0.000000,510.375000
0.813980,0.001120,0.000000,510.375000
0.742086,0.090037,0.000000,510.375000
0.711772,0.054144,0.000000,510.375000
0.039339,0.006563,0.000000,510.375000
0.864833,0.010295,0.000000,510.375000
0.786844,0.004815,0.000000,510.375000
0.112240,0.002446,0.000000,510.375000
0.590896,0.023170,0.000000,510.375000
0.137388,0.009359,0.000000,510.375000
0.330459,0.042476,0.000000,510.375000
0.413959,0.067392,0.000000,510.375000
0.629942,0.030620,0.000000,510.375000
0.568882,0.072892,0.000000,510.375000
0.163899,0.004064,0.000000,510.375000
0.320979,0.096451,0.000000,510.375000
0.484867,0.015475,0.000000,510.375000
0.710308,0.030912,0.000000,510.375000
0.146381,0.073091,0.000000,510.375000
0.200888,0.053042,0.000000,510.375000
0.260210,0.029946,0.000000,510.375000
0.941452,0.023484,0.000000,510.375000
0.423887,0.057134,0.000000,510.375000
0.222516,0.023458,0.000000,510.375000
0.163445,0.090065,0.000000,510.375000
0.364221,0.060719,0.000000,510.375000
0.146352,0.061455,0.000000,510.375000
0.071863,0.063729,0.000000,510.375000
0.886632,0.093538,0.000000,510.375000
0.801256,0.052056,0.000000,510.375000
0.758464,0.077239,0.000000,510.375000
0.144437,0.039415,0.000000,510.375000
0.266416,0.029032,0.000000,510.375000
0.502165,0.099846,0.000000,510.375000
0.217760,0.091423,0.000000,510.375000
0.091312,0.048429,0.000000,510.375000
0.264279,0.006377,0.000000,510.375000
0.468312,0.088955,0.000000,510.375000
0.149391,0.017805,0.000000,510.375000
0.063740,0.069636,0.000000,510.375000
0.499226,0.075429,0.000000,510.375000
0.083204,0.070783,0.000000,510.375000
0.409611,0.065556,0.000000,510.375000
0.026068,0.030492,0.000000,510.375000
0.865941,0.022776,0.000000,510.375000
0.246955,0.070494,0.000000,510.375000
0.517257,0.024347,0.000000,510.375000
0.386240,0.077097,0.000000,510.375000
0.482323,0.011077,0.000000,510.375000
0.669034,0.085726,0.000000,510.375000
0.844281,0.060304,0.000000,510.375000
0.076251,0.032881,0.000000,510.375000
0.929975,0.062736,0.000000,510.375000
0.054316,0.068187,0.000000,510.375000
0.199989,0.048903,0.000000,510.375000
0.166059,0.060199,0.000000,510.375000
0.678455,0.040752,0.000000,510.375000
0.275654,0.043851,0.000000,510.375000
0.905521,0.026629,0.000000,510.375000
0.613427,0.035585,0.000000,510.375000
0.195139,0.090928,0.000000,510.375000
0.263212,0.052562,0.000000,510.375000
0.031777,0.014113,0.000000,510.375000
0.414610,0.015026,0.000000,510.375000
0.621679,0.050395,0.000000,510.375000
0.215867,0.024453,0.000000,510.375000
0.402508,0.051211,0.000000,510.375000
0.949305,0.002329,0.000000,510.375000
0.016323,0.082318,0.000000,510.375000
0.840059,0.071710,0.000000,510.375000
0.894641,0.093344,0.000000,510.375000
0.210752,0.092114,0.000000,510.375000
0.526669,0.020743,0.000000,510.375000
0.897381,0.000011,0.000000,510.375000
0.519065,0.079110,0.000000,510.375000
0.347250,0.024331,0.000000,510.375000
0.166146,0.014281,0.000000,510.375000
0.873615,0.014404,0.000000,510.375000
0.012190,0.013658,0.000000,510.375000
0.964920,0.045324,0.000000,510.375000
0.247021,0.031534,0.000000,510.375000
0.756954,0.061608,0.000000,510.375000
0.701336,0.096741,0.000000,510.375000
0.207723,0.067787,0.000000,510.375000
0.323898,0.088945,0.000000,510.375000
0.993501,0.008636,0.000000,510.375000
0.888558,0.040174,0.000000,510.375000
0.457935,0.016160,0.000000,510.375000
0.692666,0.070422,0.000000,510.375000
0.388169,0.027012,0.000000,510.375000
0.647376,0.091557,0.000000,510.375000
0.673614,0.055053,0.000000,510.375000
0.957900,0.077593,0.000000,510.375000
0.497268,0.076040,0.000000,510.375000
0.134066,0.078110,0.000000,510.375000
0.259907,0.051416,0.000000,510.375000
0.912522,0.024010,0.000000,510.375000
0.801481,0.056551,0.000000,510.375000
0.178076,0.086817,0.000000,510.375000
0.812721,0.053466,0.000000,510.375000
0.784511,0.089834,0.000000,510.375000
0.276373,0.021071,0.000000,510.375000
0.709569,0.058818,0.000000,510.375000
0.201109,0.045013,0.000000,510.375000
0.110992,0.088046,0.000000,510.375000
0.314925,0.036412,0.000000,510.375000
0.912594,0.055344,0.000000,510.375000
0.173682,0.012081,0.000000,510.375000
0.260179,0.085781,0.000000,510.375000
0.944818,0.014439,0.000000,510.375000
0.543907,0.010496,0.000000,510.375000
0.354378,0.051571,0.000000,510.375000
0.484538,0.042141,0.000000,510.375000
0.897419,0.058333,0.000000,510.375000
0.375006,0.077045,0.000000,510.375000
0.863061,0.098944,0.000000,510.375000
0.557814,0.003696,0.000000,510.375000
0.929097,0.074443,0.000000,510.375000
0.869998,0.045518,0.000000,510.375000
0.649926,0.087536,0.000000,510.375000
0.540652,0.065375,0.000000,510.375000
0.187342,0.045442,0.000000,510.375000
0.468096,0.058754,0.000000,510.375000
0.247759,0.098199,0.000000,510.375000
0.108073,0.000059,0.000000,510.375000
0.413508,0.026069,0.000000,510.375000
0.435299,0.071978,0.000000,510.375000
0.642332,0.006929,0.000000,510.375000
0.778785,0.026303,0.000000,510.375000
0.499621,0.000617,0.000000,510.375000
0.578040,0.016961,0.000000,510.375000
0.844231,0.068254,0.000000,510.375000
0.271549,0.091270,0.000000,510.375000
0.622835,0.091243,0.000000,510.375000
0.769348,0.083001,0.000000,510.375000
0.357481,0.058152,0.000000,510.375000
0.970479,0.076359,0.000000,510.375000
0.205376,0.066061,0.000000,510.375000
0.499119,0.027739,0.000000,510.375000
0.103047,0.020167,0.000000,510.375000
0.744576,0.064634,0.000000,510.375000
0.732074,0.066825,0.000000,510.375000
0.499861,0.076734,0.000000,510.375000
0.299032,0.012167,0.000000,510.375000
0.131708,0.041090,0.000000,510.375000
0.420723,0.076277,0.000000,510.375000
0.137368,0.043352,0.000000,510.375000
0.222692,0.051260,0.000000,510.375000
0.678973,0.024677,0.000000,510.375000
0.996171,0.058367,0.000000,510.375000
0.813618,0.056085,0.000000,510.375000
0.592811,0.090539,0.000000,510.375000
0.551268,0.027765,0.000000,510.375000
0.339553,0.004470,0.000000,510.375000
0.272588,0.023361,0.000000,510.375000
0.004790,0.039682,0.000000,510.375000
0.155856,0.021632,0.000000,510.375000
0.658045,0.030840,0.000000,510.375000
0.057010,0.087900,0.000000,510.375000
0.224220,0.029480,0.000000,510.375000
0.972185,0.084734,0.000000,510.375000
0.042575,0.097070,0.000000,510.375000
0.611742,0.089940,0.000000,510.375000
0.752591,0.074393,0.000000,510.375000
0.590842,0.029683,0.000000,510.375000
0.836183,0.007514,0.000000,510.375000
0.097493,0.078048,0.000000,510.375000
0.823436,0.060648,0.000000,510.375000
0.618360,0.060180,0.000000,510.375000
0.562422,0.004281,0.000000,510.375000
0.496500,0.007860,0.000000,510.375000
0.668938,0.098287,0.000000,510.375000
0.234463,0.028758,0.000000,510.375000
0.336447,0.037994,0.000000,510.375000
0.273892,0.030915,0.000000,510.375000
0.391242,0.076814,0.000000,510.375000
0.470019,0.019527,0.000000,510.375000
0.206479,0.056111,0.000000,510.375000
0.145863,0.022116,0.000000,510.375000
0.999221,0.004327,0.000000,510.375000
0.475374,0.068979,0.000000,510.375000
0.992890,0.060600,0.000000,510.375000
0.938428,0.055415,0.000000,510.375000
0.983203,0.037587,0.000000,510.375000
0.973639,0.064903,0.000000,510.375000
0.299882,0.083545,0.000000,510.375000
0.570229,0.082801,0.000000,510.375000
0.499810,0.055582,0.000000,510.375000
0.576347,0.093519,0.000000,510.375000
0.203686,0.038153,0.000000,510.375000
0.250063,0.050644,0.000000,510.375000
0.841099,0.026413,0.000000,510.375000
0.509765,0.064946,0.000000,510.375000
0.067671,0.060400,0.000000,510.375000
0.954580,0.025823,0.000000,510.375000
0.733301,0.000717,0.000000,510.375000
0.023433,0.005272,0.000000,510.375000
0.805046,0.045140,0.000000,510.375000
0.312111,0.015557,0.000000,510.375000
0.782653,0.018539,0.000000,510.375000
0.140741,0.075011,0.000000,510.375000
0.909086,0.032795,0.000000,510.375000
0.768358,0.018669,0.000000,510.375000
0.351588,0.072506,0.000000,510.375000
0.190513,0.073412,0.000000,510.375000
0.499085,0.026662,0.000000,510.375000
0.916094,0.023623,0.000000,510.375000
0.552513,0.094388,0.000000,510.375000
0.781443,0.045295,0.000000,510.375000
0.394393,0.023701,0.000000,510.375000
0.880637,0.077053,0.000000,510.375000
0.358156,0.092547,0.000000,510.375000
0.711379,0.073804,0.000000,510.375000
0.685513,0.074514,0.000000,510.375000
0.677058,0.055419,0.000000,510.375000
0.671607,0.025904,0.000000,510.375000
0.413076,0.075316,0.000000,510.375000
0.840820,0.079039,0.000000,510.375000
0.054608,0.019169,0.000000,510.375000
0.379342,0.015821,0.000000,510.375000
0.643540,0.038858,0.000000,510.375000
0.296819,0.083205,0.000000,510.375000
0.359811,0.064697,0.000000,510.375000
0.262694,0.012384,0.000000,510.375000
0.838357,0.082691,0.000000,510.375000
0.593407,0.037634,0.000000,510.375000
0.699088,0.008013,0.000000,510.375000
0.121341,0.061531,0.000000,510.375000
0.578070,0.017937,0.000000,510.375000
0.578023,0.012632,0.000000,510.375000
0.134429,0.061004,0.000000,510.375000
0.077185,0.099319,0.000000,510.375000
0.804390,0.025365,0.000000,510.375000
0.651501,0.004794,0.000000,510.375000
0.102225,0.061693,0.000000,510.375000
0.608247,0.078651,0.000000,510.375000
0.659478,0.010583,0.000000,510.375000
0.256931,0.023041,0.000000,510.375000
0.132355,0.013079,0.000000,510.375000
0.562151,0.001341,0.000000,510.375000
0.350517,0.093821,0.000000,510.375000
0.341038,0.005600,0.000000,510.375000
0.188816,0.001608,0.000000,510.375000
0.976419,0.083067,0.000000,510.375000
0.479277,0.093445,0.000000,510.375000
0.754318,0.084855,0.000000,510.375000
0.875933,0.074318,0.000000,510.375000
0.357417,0.061768,0.000000,510.375000
0.235919,0.070808,0.000000,510.375000
0.316942,0.046262,0.000000,510.375000
0.127108,0.006912,0.000000,510.375000
0.402564,0.009165,0.000000,510.375000
0.199783,0.059919,0.000000,510.375000
0.856245,0.017498,0.000000,510.375000
0.831773,0.025022,0.000000,510.375000
0.916263,0.082664,0.000000,510.375000
0.390575,0.009308,0.000000,510.375000
0.157579,0.077048,0.000000,510.375000
0.259148,0.021965,0.000000,510.375000
0.665380,0.079888,0.000000,510.375000
0.263407,0.023510,0.000000,510.375000
0.145234,0.079872,0.000000,510.375000
0.931606,0.003336,0.000000,510.375000
0.061250,0.068446,0.000000,510.375000
0.434722,0.045748,0.000000,510.375000
0.592671,0.043117,0.000000,510.375000
0.780440,0.080463,0.000000,510.375000
0.411253,0.046071,0.000000,510.375000
0.190810,0.071204,0.000000,510.375000
0.107447,0.046605,0.000000,510.375000
0.980398,0.082732,0.000000,510.375000
0.612004,0.058883,0.000000,510.375000
0.810712,0.046630,0.000000,510.375000
0.860574,0.043294,0.000000,510.375000
0.227019,0.000100,0.000000,510.375000
0.407303,0.094293,0.000000,510.375000
0.426902,0.080187,0.000000,510.375000
0.396013,0.090065,0.000000,510.375000
0.270273,0.011560,0.000000,510.375000
0.322111,0.097037,0.000000,510.375000
0.227222,0.003537,0.000000,510.375000
0.955421,0.037232,0.000000,510.375000
0.941957,0.046057,0.000000,510.375000
0.151924,0.054944,0.000000,510.375000
0.870109,0.052703,0.000000,510.375000
0.804467,0.086034,0.000000,510.375000
0.442292,0.057719,0.000000,510.375000
0.982098,0.019986,0.000000,510.375000
0.982444,0.082121,0.000000,510.375000
0.044376,0.037533,0.000000,510.375000
0.101983,0.022393,0.000000,510.375000
0.476933,0.027691,0.000000,510.375000
0.394963,0.013065,0.000000,510.375000
0.041566,0.060770,0.000000,510.375000
0.440823,0.046168,0.000000,510.375000
0.756331,0.066653,0.000000,510.375000
0.075360,0.086712,0.000000,510.375000
0.247730,0.041867,0.000000,510.375000
0.142258,0.013810,0.000000,510.375000
0.085465,0.092737,0.000000,510.375000
0.610098,0.062341,0.000000,510.375000
0.877819,0.054558,0.000000,510.375000
0.532762,0.084312,0.000000,510.375000
0.504257,0.095339,0.000000,510.375000
0.156051,0.099057,0.000000,510.375000
0.489118,0.010921,0.000000,510.375000
0.406649,0.048866,0.000000,510.375000
0.619169,0.039161,0.000000,510.375000
0.672579,0.091308,0.000000,510.375000
0.352623,0.054202,0.000000,510.375000
0.464514,0.024000,0.000000,510.375000
0.723275,0.002861,0.000000,510.375000
0.297918,0.098584,0.000000,510.375000
0.513988,0.016090,0.000000,510.375000
0.061019,0.063327,0.000000,510.375000
0.434033,0.055014,0.000000,510.375000
0.693541,0.046905,0.000000,510.375000
0.580896,0.099174,0.000000,510.375000
0.601023,0.020800,0.000000,510.375000
0.377130,0.004513,0.000000,510.375000
0.242028,0.040355,0.000000,510.375000
0.503490,0.012129,0.000000,510.375000
0.344602,0.064155,0.000000,510.375000
0.356370,0.068950,0.000000,510.375000
0.154086,0.020953,0.000000,510.375000
0.517995,0.097122,0.000000,510.375000
0.794490,0.032789,0.000000,510.375000
0.542288,0.034351,0.000000,510.375000
0.234028,0.061527,0.000000,510.375000
0.506912,0.089936,0.000000,510.375000
0.572939,0.003441,0.000000,510.375000
0.454815,0.053956,0.000000,510.375000
0.448994,0.010775,0.000000,510.375000
0.173583,0.093243,0.000000,510.375000
0.096617,0.024560,0.000000,510.375000
0.741342,0.056766,0.000000,510.375000
0.355081,0.098329,0.000000,510.375000
0.517678,0.085702,0.000000,510.375000
0.166456,0.022202,0.000000,510.375000
0.469487,0.057211,0.000000,510.375000
0.397864,0.049240,0.000000,510.375000
0.954369,0.087628,0.000000,510.375000
0.219825,0.061662,0.000000,510.375000
0.569325,0.065713,0.000000,510.375000
0.381151,0.043500,0.000000,510.375000
0.040999,0.044514,0.000000,510.375000
0.418273,0.071200,0.000000,510.375000
0.100246,0.004648,0.000000,510.375000
0.092954,0.057038,0.000000,510.375000
0.998653,0.039399,0.000000,510.375000
0.029890,0.031441,0.000000,510.375000
0.555868,0.043571,0.000000,510.375000
0.507897,0.037158,0.000000,510.375000
0.313231,0.090699,0.000000,510.375000
0.574929,0.026512,0.000000,510.375000
0.076739,0.003203,0.000000,510.375000
0.051405,0.077808,0.000000,510.375000
0.693168,0.054938,0.000000,510.375000
0.454345,0.013072,0.000000,510.375000
0.013817,0.027213,0.000000,510.375000
0.546510,0.047978,0.000000,510.375000
0.941985,0.041757,0.000000,510.375000
0.564411,0.085077,0.000000,510.375000
0.031728,0.066775,0.000000,510.375000
0.924913,0.027081,0.000000,510.375000
0.935168,0.067236,0.000000,510.375000
0.174524,0.077096,0.000000,510.375000
0.339479,0.022872,0.000000,510.375000
0.665529,0.045566,0.000000,510.375000
0.551469,0.034527,0.000000,510.375000
0.619499,0.079834,0.000000,510.375000
0.390731,0.079898,0.000000,510.375000
0.710842,0.019881,0.000000,510.375000
0.940728,0.026532,0.000000,510.375000
0.844352,0.081609,0.000000,510.375000
0.789821,0.006744,0.000000,510.375000
0.423539,0.079280,0.000000,510.375000
0.262396,0.029555,0.000000,510.375000
0.640377,0.018012,0.000000,510.375000
0.882730,0.062636,0.000000,510.375000
0.089600,0.035343,0.000000,510.375000
0.275848,0.084323,0.000000,510.375000
0.557276,0.003867,0.000000,510.375000
0.952242,0.099834,0.000000,510.375000
0.013366,0.073407,0.000000,510.375000
0.641557,0.033872,0.000000,510.375000
0.816522,0.025397,0.000000,510.375000
0.805435,0.072485,0.000000,510.375000
0.388237,0.075904,0.000000,510.375000
0.492035,0.085950,0.000000,510.375000
0.455155,0.000804,0.000000,510.375000
0.583337,0.005871,0.000000,510.375000
0.426973,0.083272,0.000000,510.375000
0.067082,0.081600,0.000000,510.375000
0.652510,0.065243,0.000000,510.375000
0.540761,0.063629,0.000000,510.375000
0.053979,0.042516,0.000000,510.375000
0.805910,0.073564,0.000000,510.375000
0.501863,0.048283,0.000000,510.375000
0.944540,0.065026,0.000000,510.375000
0.195220,0.076883,0.000000,510.375000
0.889398,0.031168,0.000000,510.375000
0.982689,0.011696,0.000000,510.375000
0.123039,0.077320,0.000000,510.375000
0.988923,0.028475,0.000000,510.375000
0.524628,0.038629,0.000000,510.375000
0.722354,0.098539,0.000000,510.375000
0.627960,0.080909,0.000000,510.375000
0.219196,0.019126,0.000000,510.375000
0.926044,0.027190,0.000000,510.375000
0.980766,0.064947,0.000000,510.375000
0.878614,0.031422,0.000000,510.375000
0.999459,0.066016,0.000000,510.375000
0.425847,0.067929,0.000000,510.375000
0.111434,0.068378,0.000000,510.375000
0.583018,0.017070,0.000000,510.375000
0.270635,0.005722,0.000000,510.375000
0.101770,0.087870,0.000000,510.375000
0.151604,0.046094,0.000000,510.375000
0.963472,0.069384,0.000000,510.375000
0.839822,0.001458,0.000000,510.375000
0.313957,0.028197,0.000000,510.375000
0.094657,0.034784,0.000000,510.375000
0.963331,0.067315,0.000000,510.375000
0.666675,0.031660,0.000000,510.375000
0.450316,0.091221,0.000000,510.375000
0.938791,0.097358,0.000000,510.375000
0.866455,0.018770,0.000000,510.375000
0.120605,0.046353,0.000000,510.375000
0.256317,0.015640,0.000000,510.375000
0.872923,0.072431,0.000000,510.375000
0.458975,0.089394,0.000000,510.375000
0.599204,0.071100,0.000000,510.375000
0.851828,0.052881,0.000000,510.375000
0.885413,0.035250,0.000000,510.375000
0.927742,0.014142,0.000000,510.375000
0.858531,0.003790,0.000000,510.375000
0.805114,0.068654,0.000000,510.375000
0.027814,0.085085,0.000000,510.375000
0.740096,0.083914,0.000000,510.375000
0.491435,0.042286,0.000000,510.375000
0.604109,0.000586,0.000000,510.375000
0.205374,0.029298,0.000000,510.375000
0.945683,0.014603,0.000000,510.375000
0.549212,0.016852,0.000000,510.375000
0.186056,0.078198,0.000000,510.375000
0.369750,0.080073,0.000000,510.375000
0.726495,0.031984,0.000000,510.375000
0.094709,0.018374,0.000000,510.375000
0.430541,0.065155,0.000000,510.375000
0.317411,0.080831,0.000000,510.375000
0.468564,0.094854,0.000000,510.375000
0.595900,0.089750,0.000000,510.375000
0.483434,0.026953,0.000000,510.375000
0.609772,0.047906,0.000000,510.375000
0.378895,0.009919,0.000000,510.375000
0.232458,0.064236,0.000000,510.375000
0.046982,0.014037,0.000000,510.375000
0.362385,0.070730,0.000000,510.375000
0.745841,0.084196,0.000000,510.375000
0.059956,0.058223,0.000000,510.375000
0.171754,0.079873,0.000000,510.375000
0.776774,0.078648,0.000000,510.375000
0.453352,0.072812,0.000000,510.375000
0.525129,0.043468,0.000000,510.375000
0.606716,0.056439,0.000000,510.375000
0.959291,0.037045,0.000000,510.375000
0.591689,0.063672,0.000000,510.375000
0.428276,0.072547,0.000000,510.375000
0.459577,0.057092,0.000000,510.375000
0.885672,0.041874,0.000000,510.375000
0.993046,0.016862,0.000000,510.375000
0.264116,0.040419,0.000000,510.375000
0.757783,0.053825,0.000000,510.375000
0.731730,0.008217,0.000000,510.375000
0.520843,0.080254,0.000000,510.375000
0.545651,0.033418,0.000000,510.375000
0.672862,0.022942,0.000000,510.375000
0.494090,0.002764,0.000000,510.375000
0.986707,0.068299,0.000000,510.375000
0.561366,0.002450,0.000000,510.375000
0.864720,0.065493,0.000000,510.375000
0.164421,0.072168,0.000000,510.375000
0.387075,0.087678,0.000000,510.375000
0.862243,0.010702,0.000000,510.375000
0.450773,0.085202,0.000000,510.375000
0.434904,0.087619,0.000000,510.375000
0.949491,0.078839,0.000000,510.375000
0.590953,0.037608,0.000000,510.375000
0.925113,0.096298,0.000000,510.375000
0.201104,0.029780,0.000000,510.375000
0.090265,0.063456,0.000000,510.375000
0.621076,0.023925,0.000000,510.375000
0.165055,0.003434,0.000000,510.375000
0.921524,0.064506,0.000000,510.375000
0.331797,0.001861,0.000000,510.375000
0.644305,0.054744,0.000000,510.375000
0.015882,0.030404,0.000000,510.375000
0.112271,0.038040,0.000000,510.375000
0.842922,0.080509,0.000000,510.375000
0.144768,0.045663,0.000000,510.375000
0.065506,0.051643,0.000000,510.375000
0.526699,0.057090,0.000000,510.375000
0.861554,0.038557,0.000000,510.375000
0.334559,0.018538,0.000000,510.375000
0.700954,0.045390,0.000000,510.375000
0.519666,0.092646,0.000000,510.375000
0.249441,0.064042,0.000000,510.375000
0.285247,0.077109,0.000000,510.375000
0.145893,0.032289,0.000000,510.375000
0.581346,0.081328,0.000000,510.375000
0.391883,0.095371,0.000000,510.375000
0.653293,0.096198,0.000000,510.375000
0.506477,0.066495,0.000000,510.375000
0.495647,0.087851,0.000000,510.375000
0.702616,0.048176,0.000000,510.375000
0.401224,0.004247,0.000000,510.375000
0.953188,0.010766,0.000000,510.375000
0.327952,0.020403,0.000000,510.375000
0.480288,0.057331,0.000000,510.375000
0.410724,0.028924,0.000000,510.375000
0.376368,0.064910,0.000000,510.375000
0.202607,0.062718,0.000000,510.375000
0.511445,0.077881,0.000000,510.375000
0.048304,0.032949,0.000000,510.375000
0.424650,0.012725,0.000000,510.375000
0.825077,0.011777,0.000000,510.375000
0.875281,0.095548,0.000000,510.375000
0.849250,0.024807,0.000000,510.375000
0.024583,0.067003,0.000000,510.375000
0.575411,0.081118,0.000000,510.375000
0.290171,0.002406,0.000000,510.375000
0.294855,0.012534,0.000000,510.375000
0.372618,0.064537,0.000000,510.375000
0.831101,0.035358,0.000000,510.375000
0.389434,0.058645,0.000000,510.375000
0.327337,0.048858,0.000000,510.375000
0.263055,0.036117,0.000000,510.375000
0.767226,0.096773,0.000000,510.375000
0.156700,0.070259,0.000000,510.375000
0.524409,0.048812,0.000000,510.375000
0.928681,0.009935,0.000000,510.375000
0.086310,0.002940,0.000000,510.375000
0.949642,0.063059,0.000000,510.375000
0.288631,0.010817,0.000000,510.375000
0.807170,0.088355,0.000000,510.375000
0.511213,0.054847,0.000000,510.375000
0.799164,0.089387,0.000000,510.375000
0.220999,0.011602,0.000000,510.375000
0.001050,0.011722,0.000000,510.375000
0.250970,0.056501,0.000000,510.375000
0.722139,0.073101,0.000000,510.375000
0.866010,0.093263,0.000000,510.375000
0.906353,0.036993,0.000000,510.375000
0.494611,0.013903,0.000000,510.375000
0.085117,0.034371,0.000000,510.375000
0.495417,0.039720,0.000000,510.375000
0.051604,0.056473,0.000000,510.375000
0.210944,0.007350,0.000000,510.375000
0.676724,0.017204,0.000000,510.375000
0.524320,0.081719,0.000000,510.375000
0.414345,0.017996,0.000000,510.375000
0.364154,0.095955,0.000000,510.375000
0.498963,0.011934,0.000000,510.375000
0.195102,0.026775,0.000000,510.375000
0.250099,0.004088,0.000000,510.375000
0.790664,0.075337,0.000000,510.375000
0.934925,0.096763,0.000000,510.375000
0.528227,0.033105,0.000000,510.375000
0.851839,0.059312,0.000000,510.375000
0.525028,0.094939,0.000000,510.375000
0.810422,0.035692,0.000000,510.375000
0.895708,0.041572,0.000000,510.375000
0.031902,0.089480,0.000000,510.375000
0.166657,0.085961,0.000000,510.375000
0.015371,0.089278,0.000000,510.375000
0.680883,0.093261,0.000000,510.375000
0.807747,0.028200,0.000000,510.375000
0.864756,0.007041,0.000000,510.375000
0.267697,0.021353,0.000000,510.375000
0.304925,0.070912,0.000000,510.375000
0.191181,0.021425,0.000000,510.375000
0.975722,0.034592,0.000000,510.375000
0.819065,0.009340,0.000000,510.375000
0.638660,0.071552,0.000000,510.375000
0.149726,0.074958,0.000000,510.375000
0.234450,0.090955,0.000000,510.375000
0.844999,0.084441,0.000000,510.375000
0.753930,0.032492,0.000000,510.375000
0.381341,0.062550,0.000000,510.375000
0.515206,0.091547,0.000000,510.375000
0.107197,0.015889,0.000000,510.375000
0.639655,0.048879,0.000000,510.375000
0.802138,0.095928,0.000000,510.375000
0.226946,0.079253,0.000000,510.375000
0.513253,0.038175,0.000000,510.375000
0.566408,0.019041,0.000000,510.375000
0.722378,0.052036,0.000000,510.375000
0.548467,0.009831,0.000000,510.375000
0.756885,0.024532,0.000000,510.375000
0.972908,0.034971,0.000000,510.375000
0.119253,0.085382,0.000000,510.375000
0.955681,0.095863,0.000000,510.375000
0.687638,0.008543,0.000000,510.375000
0.869810,0.049120,0.000000,510.375000
0.808353,0.043004,0.000000,510.375000
0.834497,0.005483,0.000000,510.375000
0.918436,0.053659,0.000000,510.375000
0.244226,0.011395,0.000000,510.375000
0.057318,0.070711,0.000000,510.375000
0.413079,0.084068,0.000000,510.375000
0.260240,0.038950,0.000000,510.375000
0.227601,0.063555,0.000000,510.375000
0.381699,0.073219,0.000000,510.375000
0.427712,0.009620,0.000000,510.375000
0.341022,0.062543,0.000000,510.375000
0.753637,0.068934,0.000000,510.375000
0.771750,0.062815,0.000000,510.375000
0.020997,0.097139,0.000000,510.375000
0.633546,0.001561,0.000000,510.375000
0.117528,0.093359,0.000000,510.375000
0.979302,0.064063,0.000000,510.375000
0.490238,0.008449,0.000000,510.375000
0.941888,0.046978,0.000000,510.375000
0.219737,0.022991,0.000000,510.375000
0.821335,0.031982,0.000000,510.375000
0.862165,0.044123,0.000000,510.375000
0.923660,0.000659,0.000000,510.375000
0.716586,0.026172,0.000000,510.375000
0.389486,0.085989,0.000000,510.375000
0.461691,0.077618,0.000000,510.375000
0.517400,0.053151,0.000000,510.375000
0.303100,0.058498,0.000000,510.375000
0.834574,0.051449,0.000000,510.375000
0.663130,0.005502,0.000000,510.375000
0.779432,0.055617,0.000000,510.375000
0.838019,0.066460,0.000000,510.375000
0.164263,0.066286,0.000000,510.375000
0.018601,0.038053,0.000000,510.375000
0.314326,0.024974,0.000000,510.375000
0.388724,0.093324,0.000000,510.375000
0.839139,0.059691,0.000000,510.375000
0.063182,0.014800,0.000000,510.375000
0.816637,0.033526,0.000000,510.375000
0.583879,0.063640,0.000000,510.375000
0.989978,0.077793,0.000000,510.375000
0.877899,0.051663,0.000000,510.375000
0.373113,0.027583,0.000000,510.375000
0.449463,0.019211,0.000000,510.375000
0.576878,0.013347,0.000000,510.375000
0.796135,0.023829,0.000000,510.375000
0.775426,0.032857,0.000000,510.375000
0.610315,0.000310,0.000000,510.375000
0.619294,0.074853,0.000000,510.375000
0.813700,0.000792,0.000000,510.375000
0.043654,0.078976,0.000000,510.375000
0.865226,0.004765,0.000000,510.375000
0.907055,0.090961,0.000000,510.375000
0.286039,0.079656,0.000000,510.375000
0.218491,0.022835,0.000000,510.375000
0.251422,0.060593,0.000000,510.375000
0.847499,0.062927,0.000000,510.375000
0.114420,0.048535,0.000000,510.375000
0.641704,0.071219,0.000000,510.375000
0.461190,0.099927,0.000000,510.375000
0.786807,0.034484,0.000000,510.375000
0.184329,0.030405,0.000000,510.375000
0.852288,0.012088,0.000000,510.375000
0.392895,0.072425,0.000000,510.375000
0.056465,0.001593,0.000000,510.375000
0.440309,0.047154,0.000000,510.375000
0.121810,0.025981,0.000000,510.375000
0.774469,0.075275,0.000000,510.375000
0.083187,0.064775,0.000000,510.375000
0.605407,0.087691,0.000000,510.375000
0.731772,0.059434,0.000000,510.375000
0.173999,0.009432,0.000000,510.375000
0.828341,0.033899,0.000000,510.375000
0.276446,0.048988,0.000000,510.375000
0.082216,0.036738,0.000000,510.375000
0.952234,0.059324,0.000000,510.375000
0.395335,0.075561,0.000000,510.375000
0.203392,0.005846,0.000000,510.375000
0.270340,0.016213,0.000000,510.375000
0.562251,0.028877,0.000000,510.375000
0.312798,0.069269,0.000000,510.375000
0.733212,0.050571,0.000000,510.375000
0.381479,0.042677,0.000000,510.375000
0.484114,0.066708,0.000000,510.375000
0.340526,0.036277,0.000000,510.375000
0.945930,0.003780,0.000000,510.375000
0.681270,0.099044,0.000000,510.375000
0.010251,0.098315,0.000000,510.375000
0.865771,0.035353,0.000000,510.375000
0.644787,0.028357,0.000000,510.375000
0.901250,0.040451,0.000000,510.375000
0.451742,0.045728,0.000000,510.375000
0.364120,0.086021,0.000000,510.375000
0.872872,0.046368,0.000000,510.375000
0.528737,0.048943,0.000000,510.375000
0.508998,0.099424,0.000000,510.375000
0.094161,0.011401,0.000000,510.375000
0.366788,0.093232,0.000000,510.375000
0.480078,0.057379,0.000000,510.375000
0.501244,0.024197,0.000000,510.375000
0.974850,0.062179,0.000000,510.375000
0.299492,0.044353,0.000000,510.375000
0.563922,0.079565,0.000000,510.375000
0.703554,0.005175,0.000000,510.375000
0.821621,0.083724,0.000000,510.375000
0.668107,0.095034,0.000000,510.375000
0.421007,0.076039,0.000000,510.375000
0.817484,0.077315,0.000000,510.375000
0.332543,0.059415,0.000000,510.375000
0.434353,0.068415,0.000000,510.375000
0.211603,0.076708,0.000000,510.375000
0.997205,0.092325,0.000000,510.375000
0.462439,0.012709,0.000000,510.375000
0.201939,0.086441,0.000000,510.375000
0.006430,0.041464,0.000000,510.375000
0.532188,0.095393,0.000000,510.375000
0.345273,0.053950,0.000000,510.375000
0.418058,0.011299,0.000000,510.375000
0.870410,0.076433,0.000000,510.375000
0.003591,0.056080,0.000000,510.375000
0.392271,0.000376,0.000000,510.375000
0.074057,0.092854,0.000000,510.375000
0.416803,0.043372,0.000000,510.375000
0.545292,0.062355,0.000000,510.375000
0.904989,0.052766,0.000000,510.375000
0.733231,0.054060,0.000000,510.375000
0.857246,0.066971,0.000000,510.375000
0.852260,0.054679,0.000000,510.375000
0.389507,0.025548,0.000000,510.375000
0.595771,0.024773,0.000000,510.375000
0.443274,0.018645,0.000000,510.375000
0.299514,0.059653,0.000000,510.375000
0.361869,0.043025,0.000000,510.375000
0.619586,0.082827,0.000000,510.375000
0.729272,0.051850,0.000000,510.375000
0.863977,0.013092,0.000000,510.375000
0.610968,0.090068,0.000000,510.375000
0.724027,0.021184,0.000000,510.375000
0.452600,0.059786,0.000000,510.375000
0.833331,0.023711,0.000000,510.375000
0.824298,0.087038,0.000000,510.375000
0.185947,0.033378,0.000000,510.375000
0.255186,0.096467,0.000000,510.375000
0.952109,0.043289,0.000000,510.375000
0.507042,0.086817,0.000000,510.375000
0.874218,0.079600,0.000000,510.375000
0.882076,0.050166,0.000000,510.375000
0.069429,0.063163,0.000000,510.375000
0.692892,0.068029,0.000000,510.375000
0.850465,0.044396,0.000000,510.375000
0.856834,0.023313,0.000000,510.375000
0.470847,0.007347,0.000000,510.375000
0.148056,0.038263,0.000000,510.375000
0.874461,0.022680,0.000000,510.375000
0.191458,0.043248,0.000000,510.375000
0.922087,0.023617,0.000000,510.375000
0.796423,0.016097,0.000000,510.375000
0.140500,0.010898,0.000000,510.375000
0.486925,0.068168,0.000000,510.375000
0.817415,0.048740,0.000000,510.375000
0.154591,0.014042,0.000000,510.375000
0.220764,0.003107,0.000000,510.375000
0.298782,0.078255,0.000000,510.375000
0.073260,0.043180,0.000000,510.375000
0.032920,0.010076,0.000000,510.375000
0.631929,0.017187,0.000000,510.375000
0.428566,0.042250,0.000000,510.375000
0.360051,0.094753,0.000000,510.375000
0.489132,0.087650,0.000000,510.375000
0.224029,0.041951,0.000000,510.375000
0.861610,0.001451,0.000000,510.375000
0.715777,0.000804,0.000000,510.375000
0.855174,0.008344,0.000000,510.375000
0.414404,0.027697,0.000000,510.375000
0.977809,0.072333,0.000000,510.375000
0.231843,0.034092,0.000000,510.375000
0.350433,0.008053,0.000000,510.375000
0.322538,0.016899,0.000000,510.375000
0.834329,0.015750,0.000000,510.375000
0.878809,0.032660,0.000000,510.375000
0.110450,0.008391,0.000000,510.375000
0.776387,0.070457,0.000000,510.375000
0.499677,0.022750,0.000000,510.375000
0.658961,0.086077,0.000000,510.375000
0.481833,0.078017,0.000000,510.375000
0.896247,0.031313,0.000000,510.375000
0.600911,0.032537,0.000000,510.375000
0.394171,0.058692,0.000000,510.375000
0.453666,0.094244,0.000000,510.375000
0.824516,0.096264,0.000000,510.375000
0.379078,0.080265,0.000000,510.375000
0.813303,0.005436,0.000000,510.375000
0.795902,0.083666,0.000000,510.375000
0.903592,0.063107,0.000000,510.375000
0.179186,0.055232,0.000000,510.375000
0.993392,0.063917,0.000000,510.375000
0.936623,0.054937,0.000000,510.375000
0.044018,0.058829,0.000000,510.375000
0.937293,0.054138,0.000000,510.375000
0.876757,0.097718,0.000000,510.375000
0.848796,0.058620,0.000000,510.375000
0.128247,0.090868,0.000000,510.375000
0.375169,0.051850,0.000000,510.375000
0.346366,0.009063,0.000000,510.375000
0.342948,0.031448,0.000000,510.375000
0.486635,0.077615,0.000000,510.375000
0.677122,0.069341,0.000000,510.375000
0.385096,0.001444,0.000000,510.375000
0.032205,0.009258,0.000000,510.375000
0.913751,0.019814,0.000000,510.375000
0.081035,0.019825,0.000000,510.375000
0.700551,0.035074,0.000000,510.375000
0.750160,0.040129,0.000000,510.375000
0.210278,0.086791,0.000000,510.375000
0.567744,0.092436,0.000000,510.375000
0.900794,0.099069,0.000000,510.375000
0.314750,0.002915,0.000000,510.375000
0.625570,0.030462,0.000000,510.375000
0.115657,0.045543,0.000000,510.375000
0.704273,0.074726,0.000000,510.375000
0.604057,0.070369,0.000000,510.375000
0.679045,0.021227,0.000000,510.375000
0.151375,0.073092,0.000000,510.375000
0.220496,0.044227,0.000000,510.375000
0.375050,0.087538,0.000000,510.375000
0.475776,0.014945,0.000000,510.375000
0.076172,0.037005,0.000000,510.375000
0.291799,0.011027,0.000000,510.375000
0.977164,0.066591,0.000000,510.375000
0.530670,0.041059,0.000000,510.375000
0.536239,0.034516,0.000000,510.375000
0.633276,0.073396,0.000000,510.375000
0.854495,0.094116,0.000000,510.375000
0.348778,0.009541,0.000000,510.375000
0.277625,0.053648,0.000000,510.375000
0.076136,0.078836,0.000000,510.375000
0.340354,0.009608,0.000000,510.375000
0.444839,0.026553,0.000000,510.375000
0.873170,0.032770,0.000000,510.375000
0.472920,0.023456,0.000000,510.375000
0.653711,0.066439,0.000000,510.375000
0.861238,0.027277,0.000000,510.375000
0.221218,0.036022,0.000000,510.375000
0.993739,0.005617,0.000000,510.375000
0.291585,0.002587,0.000000,510.375000
0.825697,0.090084,0.000000,510.375000
0.601626,0.017020,0.000000,510.375000
0.981568,0.098588,0.000000,510.375000
0.061885,0.034756,0.000000,510.375000
0.895740,0.040279,0.000000,510.375000
0.495944,0.042324,0.000000,510.375000
0.564269,0.087211,0.000000,510.375000
0.029112,0.014671,0.000000,510.375000
0.688205,0.010503,0.000000,510.375000
0.236950,0.030236,0.000000,510.375000
0.998998,0.016758,0.000000,510.375000
0.240074,0.060330,0.000000,510.375000
0.668875,0.068842,0.000000,510.375000
0.131395,0.083960,0.000000,510.375000
0.376859,0.002575,0.000000,510.375000
0.988732,0.078623,0.000000,510.375000
0.202728,0.095200,0.000000,510.375000
0.520205,0.047801,0.000000,510.375000
0.633846,0.091367,0.000000,510.375000
0.738282,0.053205,0.000000,510.375000
0.787985,0.095487,0.000000,510.375000
0.612005,0.045563,0.000000,510.375000
0.783584,0.001303,0.000000,510.375000
0.198100,0.003097,0.000000,510.375000
0.521061,0.098199,0.000000,510.375000
0.417459,0.030350,0.000000,510.375000
0.932857,0.089068,0.000000,510.375000
0.004576,0.004695,0.000000,510.375000
0.682999,0.065365,0.000000,510.375000
0.324693,0.093172,0.000000,510.375000
0.091987,0.012667,0.000000,510.375000
0.148190,0.066391,0.000000,510.375000
0.360549,0.040589,0.000000,510.375000
0.031811,0.069446,0.000000,510.375000
0.920542,0.002239,0.000000,510.375000
0.541665,0.089355,0.000000,510.375000
0.109742,0.034591,0.000000,510.375000
0.029989,0.092089,0.000000,510.375000
0.408700,0.044547,0.000000,510.375000
0.443129,0.095239,0.000000,510.375000
0.227477,0.023548,0.000000,510.375000
0.215231,0.004005,0.000000,510.375000
0.606968,0.086820,0.000000,510.375000
0.165374,0.045892,0.000000,510.375000
0.053372,0.095442,0.000000,510.375000
0.236927,0.049188,0.000000,510.375000
0.166312,0.065311,0.000000,510.375000
0.150557,0.076294,0.000000,510.375000
0.124017,0.067220,0.000000,510.375000
0.023939,0.004105,0.000000,510.375000
0.376153,0.054767,0.000000,510.375000
0.113503,0.076577,0.000000,510.375000
0.859089,0.086814,0.000000,510.375000
0.921232,0.031812,0.000000,510.375000
0.882827,0.030993,0.000000,510.375000
0.692473,0.007147,0.000000,510.375000
0.191110,0.045964,0.000000,510.375000
0.623372,0.071595,0.000000,510.375000
0.691689,0.014539,0.000000,510.375000
0.144548,0.064730,0.000000,510.375000
0.026023,0.035748,0.000000,510.375000
0.949064,0.048067,0.000000,510.375000
0.865143,0.032439,0.000000,510.375000
0.031060,0.077832,0.000000,510.375000
0.062849,0.077377,0.000000,510.375000
0.051532,0.056763,0.000000,510.375000
0.895728,0.027454,0.000000,510.375000
0.969777,0.014556,0.000000,510.375000
0.732302,0.042428,0.000000,510.375000
0.678972,0.055275,0.000000,510.375000
0.304003,0.028881,0.000000,510.375000
0.169319,0.081159,0.000000,510.375000
0.553898,0.046302,0.000000,510.375000
0.123762,0.083294,0.000000,510.375000
0.951492,0.057117,0.000000,510.375000
0.726506,0.075391,0.000000,510.375000
0.059405,0.010433,0.000000,510.375000
0.974192,0.098327,0.000000,510.375000
0.329449,0.045185,0.000000,510.375000
0.904613,0.058219,0.000000,510.375000
0.032725,0.051292,0.000000,510.375000
0.087001,0.060304,0.000000,510.375000
0.949795,0.095659,0.000000,510.375000
0.882000,0.033695,0.000000,510.375000
0.206991,0.044847,0.000000,510.375000
0.989310,0.070665,0.000000,510.375000
0.666525,0.025051,0.000000,510.375000
0.487347,0.063670,0.000000,510.375000
0.385252,0.050094,0.000000,510.375000
0.281974,0.013042,0.000000,510.375000
0.049331,0.032019,0.000000,510.375000
0.189908,0.067350,0.000000,510.375000
0.975812,0.079016,0.000000,510.375000
0.416869,0.064974,0.000000,510.375000
0.355333,0.056457,0.000000,510.375000
0.103266,0.054718,0.000000,510.375000
0.203783,0.066939,0.000000,510.375000
0.157168,0.025096,0.000000,510.375000
0.842353,0.077015,0.000000,510.375000
0.769602,0.032799,0.000000,510.375000
0.427871,0.053380,0.000000,510.375000
0.299472,0.081379,0.000000,510.375000
0.412262,0.009317,0.000000,510.375000
0.820730,0.011986,0.000000,510.375000
0.114416,0.007430,0.000000,510.375000
0.160102,0.001852,0.000000,510.375000
0.500194,0.093842,0.000000,510.375000
0.022361,0.055651,0.000000,510.375000
0.600626,0.030408,0.000000,510.375000
0.627106,0.074659,0.000000,510.375000
0.566549,0.066777,0.000000,510.375000
0.813623,0.010572,0.000000,510.375000
0.437900,0.039396,0.000000,510.375000
0.927202,0.025636,0.000000,510.375000
0.921687,0.044778,0.000000,510.375000
0.858847,0.035910,0.000000,510.375000
0.915895,0.042578,0.000000,510.375000
0.469707,0.067133,0.000000,510.375000
0.461582,0.047848,0.000000,510.375000
0.315758,0.048305,0.000000,510.375000
0.200428,0.086320,0.000000,510.375000
0.376134,0.090173,0.000000,510.375000
0.018054,0.071423,0.000000,510.375000
0.108034,0.050377,0.000000,510.375000
0.202557,0.095970,0.000000,510.375000
0.162926,0.034111,0.000000,510.375000
0.318576,0.063160,0.000000,510.375000
0.148915,0.055156,0.000000,510.375000
0.463100,0.096308,0.000000,510.375000
0.160758,0.052679,0.000000,510.375000
0.784632,0.096325,0.000000,510.375000
0.384696,0.088784,0.000000,510.375000
0.504676,0.061972,0.000000,510.375000
0.982730,0.083853,0.000000,510.375000
0.452001,0.044067,0.000000,510.375000
0.552997,0.083748,0.000000,510.375000
0.438124,0.021441,0.000000,510.375000
0.662472,0.062668,0.000000,510.375000
0.965796,0.081473,0.000000,510.375000
0.538686,0.050303,0.000000,510.375000
0.349819,0.040975,0.000000,510.375000
0.127313,0.010097,0.000000,510.375000
0.527569,0.046567,0.000000,510.375000
0.933971,0.084397,0.000000,510.375000
0.252122,0.014086,0.000000,510.375000
0.126458,0.019901,0.000000,510.375000
0.859232,0.087983,0.000000,510.375000
0.364793,0.059649,0.000000,510.375000
0.295190,0.032704,0.000000,510.375000
0.944977,0.054342,0.000000,510.375000
0.461455,0.075175,0.000000,510.375000
0.848800,0.052979,0.000000,510.375000
0.533888,0.038207,0.000000,510.375000
0.079642,0.057271,0.000000,510.375000
0.096484,0.003282,0.000000,510.375000
0.159908,0.038426,0.000000,510.375000
0.726140,0.001951,0.000000,510.375000
0.299833,0.039747,0.000000,510.375000
0.601727,0.066644,0.000000,510.375000
0.595600,0.072426,0.000000,510.375000
0.541269,0.080335,0.000000,510.375000
0.463572,0.022633,0.000000,510.375000
0.427521,0.051355,0.000000,510.375000
0.430937,0.064055,0.000000,510.375000
0.658514,0.090044,0.000000,510.375000
0.145819,0.045746,0.000000,510.375000
0.844436,0.057466,0.000000,510.375000
0.172544,0.011731,0.000000,510.375000
0.307956,0.026057,0.000000,510.375000
0.362835,0.043838,0.000000,510.375000
0.154796,0.056499,0.000000,510.375000
0.430096,0.079751,0.000000,510.375000
0.955218,0.031324,0.000000,510.375000
0.125133,0.006132,0.000000,510.375000
0.517767,0.012243,0.000000,510.375000
0.880400,0.039328,0.000000,510.375000
0.390563,0.027753,0.000000,510.375000
0.049480,0.097626,0.000000,510.375000
0.635424,0.072508,0.000000,510.375000
0.784860,0.086151,0.000000,510.375000
0.333051,0.082941,0.000000,510.375000
0.909531,0.022437,0.000000,510.375000
0.303285,0.075938,0.000000,510.375000
0.495553,0.018246,0.000000,510.375000
0.807921,0.099950,0.000000,510.375000
0.267334,0.033333,0.000000,510.375000
0.145148,0.086053,0.000000,510.375000
0.112350,0.052607,0.000000,510.375000
0.912091,0.022912,0.000000,510.375000
0.718498,0.087391,0.000000,510.375000
0.798289,0.052843,0.000000,510.375000
0.063402,0.060275,0.000000,510.375000
0.943852,0.010650,0.000000,510.375000
0.707242,0.038921,0.000000,510.375000
0.782044,0.049038,0.000000,510.375000
0.369494,0.017173,0.000000,510.375000
0.026513,0.086057,0.000000,510.375000
0.409096,0.010951,0.000000,510.375000
0.991732,0.012622,0.000000,510.375000
0.347305,0.029458,0.000000,510.375000
0.600459,0.034698,0.000000,510.375000
0.800859,0.063373,0.000000,510.375000
0.588941,0.003926,0.000000,510.375000
0.220014,0.002985,0.000000,510.375000
0.204639,0.070787,0.000000,510.375000
0.728496,0.038786,0.000000,510.375000
0.942591,0.055389,0.000000,510.375000
0.383878,0.038148,0.000000,510.375000
0.424199,0.069667,0.000000,510.375000
0.078378,0.045988,0.000000,510.375000
0.801232,0.076695,0.000000,510.375000
0.850570,0.077285,0.000000,510.375000
0.402020,0.085514,0.000000,510.375000
0.565931,0.063490,0.000000,510.375000
0.010912,0.050436,0.000000,510.375000
0.903588,0.058556,0.000000,510.375000
0.496073,0.018813,0.000000,510.375000
0.972565,0.044537,0.000000,510.375000
0.404298,0.077179,0.000000,510.375000
0.429378,0.096508,0.000000,510.375000
0.117337,0.074828,0.000000,510.375000
0.100426,0.087030,0.000000,510.375000
0.075735,0.038194,0.000000,510.375000
0.084202,0.055657,0.000000,510.375000
0.715263,0.081852,0.000000,510.375000
0.963657,0.064784,0.000000,510.375000
0.359848,0.080083,0.000000,510.375000
0.556261,0.068013,0.000000,510.375000
0.870634,0.031471,0.000000,510.375000
0.977032,0.057514,0.000000,510.375000
0.222476,0.092799,0.000000,510.375000
0.859382,0.025062,0.000000,510.375000
0.240270,0.002094,0.000000,510.375000
0.283262,0.000071,0.000000,510.375000
0.395302,0.066441,0.000000,510.375000
0.282746,0.000662,0.000000,510.375000
0.141576,0.044960,0.000000,510.375000
0.803710,0.043710,0.000000,510.375000
0.287331,0.099196,0.000000,510.375000
0.475713,0.002257,0.000000,510.375000
0.316050,0.076120,0.000000,510.375000
0.076847,0.040161,0.000000,510.375000
0.858823,0.085812,0.000000,510.375000
0.968470,0.044694,0.000000,510.375000
0.024127,0.028499,0.000000,510.375000
0.267334,0.038307,0.000000,510.375000
0.035468,0.044676,0.000000,510.375000
0.945930,0.081869,0.000000,510.375000
0.851083,0.018487,0.000000,510.375000
0.020923,0.025546,0.000000,510.375000
0.265327,0.084188,0.000000,510.375000
0.817497,0.095666,0.000000,510.375000
0.732694,0.070420,0.000000,510.375000
0.050011,0.037007,0.000000,510.375000
0.140232,0.068971,0.000000,510.375000
0.701210,0.095299,0.000000,510.375000
0.739048,0.084009,0.000000,510.375000
0.210058,0.083030,0.000000,510.375000
0.621509,0.079092,0.000000,510.375000
0.218530,0.003306,0.000000,510.375000
0.776556,0.074775,0.000000,510.375000
0.850543,0.068938,0.000000,510.375000
0.240515,0.037347,0.000000,510.375000
0.688728,0.024675,0.000000,510.375000
0.703959,0.072934,0.000000,510.375000
0.610876,0.064882,0.000000,510.375000
0.474083,0.003534,0.000000,510.375000
0.838355,0.039707,0.000000,510.375000
0.782393,0.061706,0.000000,510.375000
0.618712,0.098639,0.000000,510.375000
0.303287,0.047976,0.000000,510.375000
0.778759,0.041155,0.000000,510.375000
0.775927,0.004044,0.000000,510.375000
0.836829,0.055399,0.000000,510.375000
0.778160,0.016849,0.000000,510.375000
0.464083,0.061696,0.000000,510.375000
0.572634,0.046461,0.000000,510.375000
0.787938,0.076423,0.000000,510.375000
0.202718,0.089708,0.000000,510.375000
0.624989,0.031905,0.000000,510.375000
0.625645,0.054760,0.000000,510.375000
0.973678,0.024592,0.000000,510.375000
0.444916,0.021154,0.000000,510.375000
0.120903,0.099777,0.000000,510.375000
0.538906,0.008111,0.000000,510.375000
0.768740,0.026612,0.000000,510.375000
0.466200,0.079874,0.000000,510.375000
0.872061,0.008622,0.000000,510.375000
0.427491,0.007232,0.000000,510.375000
0.058523,0.088087,0.000000,510.375000
0.377418,0.046086,0.000000,510.375000
0.909213,0.050622,0.000000,510.375000
0.967727,0.022387,0.000000,510.375000
0.379689,0.034974,0.000000,510.375000
0.601379,0.007784,0.000000,510.375000
0.590341,0.001989,0.000000,510.375000
0.850207,0.033362,0.000000,510.375000
0.009402,0.078955,0.000000,510.375000
0.290365,0.039956,0.000000,510.375000
0.294131,0.005685,0.000000,510.375000
0.622083,0.060364,0.000000,510.375000
0.409447,0.058421,0.000000,510.375000
0.549840,0.065480,0.000000,510.375000
0.321763,0.027056,0.000000,510.375000
0.330173,0.062028,0.000000,510.375000
0.706917,0.085201,0.000000,510.375000
0.935978,0.022292,0.000000,510.375000
0.583921,0.045369,0.000000,510.375000
0.766318,0.071614,0.000000,510.375000
0.348711,0.042659,0.000000,510.375000
0.331325,0.039263,0.000000,510.375000
0.613296,0.062273,0.000000,510.375000
0.499845,0.011969,0.000000,510.375000
0.117154,0.087856,0.000000,510.375000
0.955499,0.001959,0.000000,510.375000
0.170164,0.017628,0.000000,510.375000
0.183758,0.061315,0.000000,510.375000
0.131951,0.010371,0.000000,510.375000
0.021154,0.000601,0.000000,510.375000
0.827820,0.023202,0.000000,510.375000
0.789642,0.028959,0.000000,510.375000
0.446770,0.058557,0.000000,510.375000
0.645445,0.027515,0.000000,510.375000
0.964661,0.005442,0.000000,510.375000
0.590177,0.020669,0.000000,510.375000
0.299141,0.065130,0.000000,510.375000
0.733191,0.050918,0.000000,510.375000
0.975878,0.043210,0.000000,510.375000
0.435296,0.053320,0.000000,510.375000
0.958336,0.031624,0.000000,510.375000
0.706466,0.095635,0.000000,510.375000
0.621019,0.056165,0.000000,510.375000
0.796209,0.047770,0.000000,510.375000
0.933179,0.039884,0.000000,510.375000
0.411823,0.074053,0.000000,510.375000
0.124017,0.048811,0.000000,510.375000
0.317578,0.000533,0.000000,510.375000
0.669487,0.028297,0.000000,510.375000
0.077341,0.079472,0.000000,510.375000
0.199227,0.025745,0.000000,510.375000
0.098768,0.032763,0.000000,510.375000
0.528377,0.056349,0.000000,510.375000
0.056893,0.053918,0.000000,510.375000
0.218170,0.099194,0.000000,510.375000
0.742941,0.090416,0.000000,510.375000
0.462632,0.069522,0.000000,510.375000
0.870358,0.047027,0.000000,510.375000
0.847004,0.078620,0.000000,510.375000
0.404912,0.059737,0.000000,510.375000
0.256114,0.002178,0.000000,510.375000
0.084611,0.099223,0.000000,510.375000
0.879677,0.087624,0.000000,510.375000
0.433412,0.047734,0.000000,510.375000
0.008369,0.031978,0.000000,510.375000
0.571800,0.026774,0.000000,510.375000
0.759651,0.055040,0.000000,510.375000
0.223945,0.047437,0.000000,510.375000
0.654176,0.012307,0.000000,510.375000
0.412838,0.013638,0.000000,510.375000
0.833506,0.000570,0.000000,510.375000
0.744136,0.067882,0.000000,510.375000
0.315738,0.079190,0.000000,510.375000
0.519395,0.070793,0.000000,510.375000
0.455028,0.021126,0.000000,510.375000
0.364814,0.033681,0.000000,510.375000
0.617632,0.080394,0.000000,510.375000
0.939287,0.063783,0.000000,510.375000
0.306849,0.040850,0.000000,510.375000
0.317302,0.088683,0.000000,510.375000
0.907656,0.087001,0.000000,510.375000
0.058504,0.085468,0.000000,510.375000
0.796400,0.004504,0.000000,510.375000
0.857296,0.072011,0.000000,510.375000
0.547279,0.069463,0.000000,510.375000
0.415384,0.049474,0.000000,510.375000
0.581665,0.034596,0.000000,510.375000
0.842248,0.068781,0.000000,510.375000
0.951058,0.064680,0.000000,510.375000
0.856067,0.072439,0.000000,510.375000
0.247014,0.087147,0.000000,510.375000
0.606621,0.092666,0.000000,510.375000
0.978931,0.009292,0.000000,510.375000
0.390514,0.033140,0.000000,510.375000
0.656795,0.018371,0.000000,510.375000
0.977700,0.057131,0.000000,510.375000
0.262869,0.005992,0.000000,510.375000
0.729419,0.021301,0.000000,510.375000
0.022838,0.079895,0.000000,510.375000
0.229071,0.030925,0.000000,510.375000
0.132130,0.065023,0.000000,510.375000
0.368492,0.044426,0.000000,510.375000
0.155809,0.095652,0.000000,510.375000
0.937701,0.017433,0.000000,510.375000
0.870700,0.015599,0.000000,510.375000
0.036975,0.069399,0.000000,510.375000
0.172485,0.067342,0.000000,510.375000
0.841684,0.029927,0.000000,510.375000
0.764613,0.066209,0.000000,510.375000
0.478510,0.043083,0.000000,510.375000
0.911638,0.094320,0.000000,510.375000
0.693305,0.071844,0.000000,510.375000
0.395041,0.044206,0.000000,510.375000
0.856572,0.014611,0.000000,510.375000
0.954470,0.043423,0.000000,510.375000
0.930458,0.017603,0.000000,510.375000
0.010331,0.094977,0.000000,510.375000
0.915283,0.072020,0.000000,510.375000
0.883550,0.082738,0.000000,510.375000
0.726681,0.006863,0.000000,510.375000
0.817360,0.043586,0.000000,510.375000
0.442302,0.033527,0.000000,510.375000
0.914954,0.093925,0.000000,510.375000
0.657407,0.016727,0.000000,510.375000
0.280910,0.084916,0.000000,510.375000
0.758442,0.088384,0.000000,510.375000
0.438822,0.037182,0.000000,510.375000
0.392437,0.066194,0.000000,510.375000
0.379996,0.010293,0.000000,510.375000
0.258035,0.080921,0.000000,510.375000
0.618248,0.091949,0.000000,510.375000
0.630877,0.072876,0.000000,510.375000
0.618104,0.085769,0.000000,510.375000
0.600528,0.092284,0.000000,510.375000
0.801454,0.019155,0.000000,510.375000
0.199516,0.000194,0.000000,510.375000
0.558785,0.053281,0.000000,510.375000
0.720983,0.004253,0.000000,510.375000
0.012401,0.030625,0.000000,510.375000
0.124552,0.059109,0.000000,510.375000
0.573949,0.054876,0.000000,510.375000
0.787710,0.070592,0.000000,510.375000
0.160949,0.078412,0.000000,510.375000
0.422092,0.055226,0.000000,510.375000
0.372664,0.055983,0.000000,510.375000
0.036207,0.069173,0.000000,510.375000
0.123729,0.003347,0.000000,510.375000
0.126209,0.027695,0.000000,510.375000
0.806739,0.097594,0.000000,510.375000
0.502298,0.026520,0.000000,510.375000
0.533563,0.018626,0.000000,510.375000
0.296208,0.095159,0.000000,510.375000
0.100509,0.072484,0.000000,510.375000
0.242239,0.001996,0.000000,510.375000
0.396036,0.042167,0.000000,510.375000
0.283158,0.032821,0.000000,510.375000
0.217881,0.011863,0.000000,510.375000
0.577617,0.069709,0.000000,510.375000
0.470983,0.094829,0.000000,510.375000
0.344351,0.058126,0.000000,510.375000
0.400311,0.050510,0.000000,510.375000
0.869173,0.030170,0.000000,510.375000
0.355562,0.098315,0.000000,510.375000
0.079880,0.012103,0.000000,510.375000
0.608853,0.030499,0.000000,510.375000
0.176515,0.025725,0.000000,510.375000
0.057735,0.078244,0.000000,510.375000
0.767542,0.035054,0.000000,510.375000
0.295884,0.079501,0.000000,510.375000
0.344740,0.054049,0.000000,510.375000
0.694581,0.069225,0.000000,510.375000
0.366207,0.048888,0.000000,510.375000
0.625100,0.066700,0.000000,510.375000
0.673347,0.026416,0.000000,510.375000
0.537284,0.094127,0.000000,510.375000
0.471872,0.043709,0.000000,510.375000
0.448986,0.074437,0.000000,510.375000
0.271048,0.053723,0.000000,510.375000
0.781609,0.071477,0.000000,510.375000
0.205085,0.097561,0.000000,510.375000
0.339920,0.090817,0.000000,510.375000
0.954385,0.060659,0.000000,510.375000
0.827811,0.058993,0.000000,510.375000
0.159129,0.007853,0.000000,510.375000
0.679476,0.090964,0.000000,510.375000
0.842008,0.091542,0.000000,510.375000
0.187448,0.018309,0.000000,510.375000
0.345728,0.082443,0.000000,510.375000
0.204992,0.053180,0.000000,510.375000
0.279098,0.066650,0.000000,510.375000
0.382229,0.056515,0.000000,510.375000
0.816629,0.072615,0.000000,510.375000
0.318914,0.090854,0.000000,510.375000
0.000344,0.069966,0.000000,510.375000
0.076298,0.094508,0.000000,510.375000
0.508262,0.073577,0.000000,510.375000
0.318822,0.096442,0.000000,510.375000
0.624670,0.030041,0.000000,510.375000
0.946366,0.058860,0.000000,510.375000
0.155110,0.034504,0.000000,510.375000
0.235729,0.034772,0.000000,510.375000
0.695451,0.037437,0.000000,510.375000
0.957883,0.050836,0.000000,510.375000
0.316149,0.004767,0.000000,510.375000
0.379042,0.084434,0.000000,510.375000
0.465891,0.087912,0.000000,510.375000
0.015684,0.060289,0.000000,510.375000
0.080007,0.033339,0.000000,510.375000
0.383452,0.031078,0.000000,510.375000
0.459852,0.027972,0.000000,510.375000
0.756323,0.002862,0.000000,510.375000
0.424273,0.087653,0.000000,510.375000
0.493463,0.090785,0.000000,510.375000
0.193305,0.021158,0.000000,510.375000
0.894086,0.085503,0.000000,510.375000
0.403567,0.069437,0.000000,510.375000
0.037603,0.046399,0.000000,510.375000
0.490679,0.039451,0.000000,510.375000
0.661490,0.052478,0.000000,510.375000
0.193958,0.087166,0.000000,510.375000
0.503036,0.061704,0.000000,510.375000
0.676946,0.087393,0.000000,510.375000
0.355650,0.022419,0.000000,510.375000
0.603840,0.020254,0.000000,510.375000
0.655803,0.009088,0.000000,510.375000
0.054690,0.097004,0.000000,510.375000
0.074600,0.080628,0.000000,510.375000
0.588927,0.087831,0.000000,510.375000
0.434834,0.027858,0.000000,510.375000
0.814157,0.019741,0.000000,510.375000
0.731969,0.017146,0.000000,510.375000
0.282437,0.005532,0.000000,510.375000
0.274543,0.067580,0.000000,510.375000
0.497222,0.086054,0.000000,510.375000
0.029924,0.045656,0.000000,510.375000
0.405394,0.049949,0.000000,510.375000
0.797258,0.010151,0.000000,510.375000
0.465816,0.065193,0.000000,510.375000
0.128744,0.070525,0.000000,510.375000
0.111436,0.010339,0.000000,510.375000
0.874673,0.090285,0.000000,510.375000
0.730269,0.081170,0.000000,510.375000
0.622395,0.015791,0.000000,510.375000
0.115714,0.012251,0.000000,510.375000
0.522850,0.094561,0.000000,510.375000
0.306756,0.075013,0.000000,510.375000
0.987575,0.039423,0.000000,510.375000
0.047319,0.000716,0.000000,510.375000
0.677673,0.017843,0.000000,510.375000
0.519715,0.067159,0.000000,510.375000
0.450969,0.027234,0.000000,510.375000
0.894729,0.085988,0.000000,510.375000
0.032974,0.072587,0.000000,510.375000
0.937653,0.089658,0.000000,510.375000
0.129533,0.068986,0.000000,510.375000
0.789501,0.030456,0.000000,510.375000
0.010522,0.055245,0.000000,510.375000
0.273969,0.072749,0.000000,510.375000
0.855476,0.051005,0.000000,510.375000
0.811435,0.069065,0.000000,510.375000
0.699303,0.010059,0.000000,510.375000
0.652077,0.057249,0.000000,510.375000
0.886840,0.015094,0.000000,510.375000
0.600833,0.065023,0.000000,510.375000
0.135440,0.008891,0.000000,510.375000
0.575615,0.088484,0.000000,510.375000
0.722380,0.021844,0.000000,510.375000
0.419503,0.030801,0.000000,510.375000
0.781416,0.054454,0.000000,510.375000
0.036112,0.020817,0.000000,510.375000
0.935444,0.001388,0.000000,510.375000
0.005729,0.087852,0.000000,510.375000
0.500134,0.018534,0.000000,510.375000
0.924965,0.046085,0.000000,510.375000
0.561166,0.046153,0.000000,510.375000
0.820367,0.087404,0.000000,510.375000
0.689278,0.090628,0.000000,510.375000
0.787821,0.011608,0.000000,510.375000
0.831546,0.076182,0.000000,510.375000
0.092967,0.006363,0.000000,510.375000
0.310106,0.062829,0.000000,510.375000
0.468730,0.048372,0.000000,510.375000
0.073540,0.097469,0.000000,510.375000
0.066298,0.064167,0.000000,510.375000
0.781664,0.068152,0.000000,510.375000
0.090208,0.035492,0.000000,510.375000
0.268089,0.027865,0.000000,510.375000
0.205262,0.006769,0.000000,510.375000
0.307772,0.061659,0.000000,510.375000
0.568016,0.007653,0.000000,510.375000
0.762785,0.058237,0.000000,510.375000
0.416794,0.030781,0.000000,510.375000
0.572667,0.064803,0.000000,510.375000
0.173405,0.072441,0.000000,510.375000
0.255597,0.024527,0.000000,510.375000
0.485184,0.058256,0.000000,510.375000
0.208058,0.014425,0.000000,510.375000
0.904441,0.092894,0.000000,510.375000
0.549058,0.020998,0.000000,510.375000
0.769114,0.036544,0.000000,510.375000
0.062432,0.072780,0.000000,510.375000
0.299393,0.098556,0.000000,510.375000
0.853154,0.034754,0.000000,510.375000
0.318722,0.096429,0.000000,510.375000
0.933344,0.069769,0.000000,510.375000
0.334011,0.004317,0.000000,510.375000
0.687533,0.070618,0.000000,510.375000
0.268129,0.050875,0.000000,510.375000
0.477847,0.000189,0.000000,510.375000
0.188576,0.092603,0.000000,510.375000
0.036428,0.074704,0.000000,510.375000
0.067446,0.080949,0.000000,510.375000
0.536868,0.093918,0.000000,510.375000
0.093036,0.042318,0.000000,510.375000
0.760389,0.066862,0.000000,510.375000
0.148065,0.083114,0.000000,510.375000
0.111148,0.064339,0.000000,510.375000
0.308731,0.074823,0.000000,510.375000
0.413118,0.045104,0.000000,510.375000
0.908502,0.066256,0.000000,510.375000
0.649604,0.091735,0.000000,510.375000
0.319054,0.064136,0.000000,510.375000
0.674378,0.023524,0.000000,510.375000
0.722166,0.047968,0.000000,510.375000
0.170252,0.023808,0.000000,510.375000
0.201535,0.005450,0.000000,510.375000
0.331764,0.033322,0.000000,510.375000
0.132457,0.045185,0.000000,510.375000
0.843233,0.026541,0.000000,510.375000
0.583805,0.095386,0.000000,510.375000
0.513499,0.095552,0.000000,510.375000
0.755886,0.067730,0.000000,510.375000
0.415897,0.081935,0.000000,510.375000
0.660496,0.073425,0.000000,510.375000
0.147358,0.008021,0.000000,510.375000
0.959781,0.027096,0.000000,510.375000
0.931007,0.025239,0.000000,510.375000
0.131351,0.000870,0.000000,510.375000
0.839634,0.077120,0.000000,510.375000
0.869233,0.075867,0.000000,510.375000
0.273478,0.067142,0.000000,510.375000
0.101975,0.022338,0.000000,510.375000
0.277768,0.023744,0.000000,510.375000
0.343110,0.001592,0.000000,510.375000
0.490724,0.096524,0.000000,510.375000
0.129726,0.056552,0.000000,510.375000
0.478249,0.024767,0.000000,510.375000
0.251819,0.074004,0.000000,510.375000
0.342824,0.025721,0.000000,510.375000
0.147098,0.038274,0.000000,510.375000
0.823797,0.037429,0.000000,510.375000
0.712767,0.087731,0.000000,510.375000
0.047733,0.016275,0.000000,510.375000
0.351565,0.014886,0.000000,510.375000
0.018313,0.086988,0.000000,510.375000
0.580201,0.012671,0.000000,510.375000
0.284109,0.050302,0.000000,510.375000
0.370799,0.028582,0.000000,510.375000
0.960512,0.007126,0.000000,510.375000
0.276922,0.001287,0.000000,510.375000
0.320710,0.087035,0.000000,510.375000
0.238787,0.062685,0.000000,510.375000
0.733683,0.097284,0.000000,510.375000
0.264996,0.074528,0.000000,510.375000
0.203771,0.041503,0.000000,510.375000
0.297608,0.074053,0.000000,510.375000
0.547579,0.036109,0.000000,510.375000
0.340684,0.030268,0.000000,510.375000
0.856860,0.093080,0.000000,510.375000
0.186926,0.043036,0.000000,510.375000
0.785012,0.039830,0.000000,510.375000
0.392276,0.040945,0.000000,510.375000
0.214898,0.058467,0.000000,510.375000
0.180193,0.020247,0.000000,510.375000
0.497336,0.072707,0.000000,510.375000
0.630581,0.003793,0.000000,510.375000
0.519855,0.040627,0.000000,510.375000
0.086618,0.012731,0.000000,510.375000
0.187904,0.071985,0.000000,510.375000
0.191047,0.031913,0.000000,510.375000
0.884244,0.004026,0.000000,510.375000
0.236627,0.083289,0.000000,510.375000
0.282399,0.098597,0.000000,510.375000
0.570746,0.013836,0.000000,510.375000
0.324738,0.014496,0.000000,510.375000
0.010830,0.071578,0.000000,510.375000
0.095144,0.054739,0.000000,510.375000
0.836394,0.014458,0.000000,510.375000
0.367147,0.048519,0.000000,510.375000
0.713387,0.033141,0.000000,510.375000
0.316663,0.076053,0.000000,510.375000
0.374363,0.070927,0.000000,510.375000
0.027946,0.071808,0.000000,510.375000
0.113338,0.005267,0.000000,510.375000
0.171979,0.064107,0.000000,510.375000
0.935710,0.074556,0.000000,510.375000
0.250764,0.050967,0.000000,510.375000
0.513911,0.015233,0.000000,510.375000
0.398989,0.054573,0.000000,510.375000
0.398935,0.060878,0.000000,510.375000
0.142926,0.053133,0.000000,510.375000
0.357300,0.045823,0.000000,510.375000
0.122509,0.093217,0.000000,510.375000
0.981180,0.000730,0.000000,510.375000
0.124023,0.024219,0.000000,510.375000
0.648070,0.070975,0.000000,510.375000
0.172106,0.087064,0.000000,510.375000
0.870342,0.099445,0.000000,510.375000
0.457760,0.053619,0.000000,510.375000
0.592358,0.076469,0.000000,510.375000
0.313257,0.078482,0.000000,510.375000
0.816393,0.093675,0.000000,510.375000
0.498869,0.071797,0.000000,510.375000
0.510752,0.051505,0.000000,510.375000
0.617477,0.015011,0.000000,510.375000
0.771946,0.000289,0.000000,510.375000
0.467928,0.086115,0.000000,510.375000
0.494313,0.087046,0.000000,510.375000
0.991868,0.061936,0.000000,510.375000
0.210633,0.025757,0.000000,510.375000
0.158259,0.092165,0.000000,510.375000
0.882490,0.034799,0.000000,510.375000
0.005458,0.017843,0.000000,510.375000
0.477599,0.020548,0.000000,510.375000
0.391931,0.066436,0.000000,510.375000
0.762443,0.035862,0.000000,510.375000
0.616299,0.054950,0.000000,510.375000
0.493942,0.045846,0.000000,510.375000
0.494126,0.021192,0.000000,510.375000
0.992274,0.051056,0.000000,510.375000
0.683298,0.069567,0.000000,510.375000
0.525241,0.062620,0.000000,510.375000
0.309542,0.096011,0.000000,510.375000
0.437092,0.043367,0.000000,510.375000
0.625302,0.074862,0.000000,510.375000
0.719515,0.026207,0.000000,510.375000
0.634372,0.067631,0.000000,510.375000
0.526039,0.019956,0.000000,510.375000
0.551647,0.086060,0.000000,510.375000
0.277938,0.023557,0.000000,510.375000
0.768159,0.075181,0.000000,510.375000
0.502047,0.028682,0.000000,510.375000
0.521612,0.021565,0.000000,510.375000
0.115115,0.030089,0.000000,510.375000
0.711331,0.077166,0.000000,510.375000
0.479714,0.000116,0.000000,510.375000
0.012186,0.066526,0.000000,510.375000
0.557364,0.084332,0.000000,510.375000
0.933083,0.040589,0.000000,510.375000
0.047347,0.087543,0.000000,510.375000
0.774248,0.022605,0.000000,510.375000
