0.724696,0.060989,-0.043062,403.717394
0.613524,0.042443,-0.030997,420.293003
0.338316,0.042975,-0.009676,460.633533
0.851570,0.064781,-0.059278,384.602568
0.624221,0.069804,-0.032071,418.704891
0.042196,0.068492,-0.000227,502.946291
0.491229,0.095960,-0.020024,438.340179
0.418621,0.082673,-0.014644,448.963478
0.408311,0.084288,-0.013949,450.466318
0.834803,0.036335,-0.056984,387.141109
0.726488,0.072127,-0.043272,403.448850
0.341336,0.083914,-0.009844,460.195907
0.836114,0.027610,-0.057162,386.942729
0.455186,0.004355,-0.017248,443.622892
0.144567,0.025997,-0.001917,488.446477
0.810644,0.100008,-0.053918,390.788195
0.200804,0.060115,-0.003554,480.423087
0.332494,0.037262,-0.009355,461.476420
0.524796,0.014168,-0.022797,433.406639
0.261591,0.025866,-0.005889,471.705488
0.822672,0.030991,-0.055354,388.975165
0.367831,0.056511,-0.011382,456.354146
0.433041,0.096457,-0.015646,446.858950
0.045672,0.089569,-0.000257,502.456041
0.275955,0.017370,-0.006527,469.638495
0.003507,0.080113,-0.000021,508.391174
0.047573,0.096295,-0.000274,502.187762
0.261722,0.015431,-0.005895,471.686691
0.632108,0.078898,-0.032875,417.533078
0.159084,0.063018,-0.002291,486.378952
0.375460,0.095334,-0.011846,455.245796
0.287442,0.026001,-0.007060,467.983604
0.571710,0.071043,-0.026975,426.485315
0.278460,0.018242,-0.006641,469.277763
0.920405,0.078059,-0.069175,374.142696
0.246707,0.028926,-0.005263,473.844436
0.499579,0.060286,-0.020697,437.114415
0.664078,0.043705,-0.036236,412.775603
0.526367,0.083875,-0.022931,433.174680
0.218256,0.039961,-0.004164,477.925200
0.825856,0.071182,-0.055780,388.493746
0.324330,0.060011,-0.008915,462.657399
0.691490,0.083358,-0.039249,408.685031
0.219309,0.011533,-0.004203,477.774578
0.560105,0.046553,-0.025908,428.200157
0.808290,0.050464,-0.053452,391.147015
0.551242,0.003829,-0.025109,429.508945
0.088111,0.007658,-0.000779,496.459965
0.180794,0.054762,-0.002914,483.282617
0.838230,0.037790,-0.057450,386.622455
0.990799,0.001029,-0.080099,363.381647
0.294560,0.098939,-0.007401,466.956698
0.373626,0.014966,-0.011734,455.512917
0.165807,0.038201,-0.002476,485.420894
0.055173,0.074045,-0.000349,501.115664
0.125479,0.000230,-0.001476,491.160536
0.162580,0.007520,-0.002387,485.881239
0.575454,0.026526,-0.027323,425.932202
0.947578,0.060142,-0.073295,369.996544
0.061222,0.074574,-0.000415,500.261611
0.613927,0.047529,-0.031037,420.233222
0.071891,0.065966,-0.000546,498.754118
0.634613,0.041106,-0.033132,417.161110
0.655879,0.002510,-0.035358,413.997352
0.226886,0.072675,-0.004484,476.688328
0.622830,0.093346,-0.031930,418.911272
0.935957,0.028454,-0.071518,371.771270
0.377093,0.034670,-0.011946,455.009102
0.382601,0.040499,-0.012288,454.208547
0.161407,0.054935,-0.002354,486.047962
0.032608,0.081095,-0.000154,504.297419
0.544289,0.016895,-0.024490,430.534405
0.173846,0.051729,-0.002707,484.274214
0.608147,0.008594,-0.030464,421.090956
0.047931,0.013416,-0.000278,502.138007
0.457589,0.069708,-0.017427,443.270722
0.221883,0.067079,-0.004297,477.405357
0.016319,0.038606,-0.000063,506.590546
0.700581,0.089566,-0.040275,407.326355
0.348538,0.098932,-0.010251,459.152360
0.723494,0.021292,-0.042920,403.897886
0.399149,0.062414,-0.013345,451.800864
0.442184,0.039068,-0.016298,445.523833
0.316200,0.004861,-0.008488,463.833206
0.402586,0.001972,-0.013570,451.300955
0.363032,0.098065,-0.011095,457.050280
0.706924,0.017354,-0.040999,406.378368
0.110132,0.080713,-0.001163,493.338584
0.270445,0.067387,-0.006278,470.431394
0.296513,0.012904,-0.007496,466.675678
0.293379,0.084704,-0.007344,467.127101
0.112749,0.052594,-0.001214,492.967462
0.787874,0.049147,-0.050809,394.225643
0.109007,0.055247,-0.001141,493.498296
0.554631,0.089327,-0.025413,429.007955
0.118043,0.000350,-0.001320,492.216589
0.232271,0.010800,-0.004689,475.916551
0.647612,0.080977,-0.034484,415.227433
0.120408,0.091018,-0.001368,491.880111
0.430909,0.094998,-0.015495,447.170268
0.262598,0.085254,-0.005932,471.560242
0.335515,0.094824,-0.009521,461.038663
0.970005,0.036147,-0.076787,366.567168
0.441830,0.073531,-0.016272,445.575214
0.342178,0.093960,-0.009891,460.073811
0.242245,0.044428,-0.005082,474.485001
0.350373,0.033515,-0.010356,458.886952
0.632421,0.034519,-0.032907,417.486930
0.942232,0.063087,-0.072475,370.812992
0.817181,0.085111,-0.054624,389.804348
0.525521,0.081760,-0.022859,433.299263
0.093390,0.067503,-0.000864,495.711930
0.910726,0.002077,-0.067736,375.617917
0.120978,0.062925,-0.001380,491.799396
0.605126,0.063449,-0.030166,421.538367
0.683661,0.028745,-0.038376,409.854720
0.900900,0.065920,-0.066292,377.113003
0.348898,0.065190,-0.010271,459.100482
0.804666,0.016460,-0.052978,391.694214
0.085514,0.074868,-0.000739,496.826927
0.775384,0.006711,-0.049226,396.106620
0.348951,0.057071,-0.010274,459.092831
0.029520,0.093568,-0.000133,504.732207
0.359527,0.019474,-0.010888,457.559503
0.417557,0.058738,-0.014572,449.118815
0.868892,0.016812,-0.061695,381.976687
0.594947,0.023723,-0.029175,423.047165
0.220274,0.098764,-0.004238,477.635647
0.659773,0.001407,-0.035773,413.417396
0.763092,0.071772,-0.047693,397.954991
0.782225,0.059945,-0.050090,395.076314
0.751421,0.005164,-0.046260,399.709154
0.144399,0.080134,-0.001913,488.469957
0.563616,0.001341,-0.026229,427.682000
0.253374,0.009617,-0.005539,472.886932
0.476990,0.091221,-0.018903,440.428905
0.090681,0.040431,-0.000820,496.095777
0.326475,0.069253,-0.009030,462.347081
0.877137,0.069091,-0.062863,380.724797
0.856221,0.097033,-0.059922,383.897420
0.038755,0.003774,-0.000199,503.431840
0.788672,0.024673,-0.050911,394.105591
0.559451,0.027255,-0.025849,428.296963
0.500661,0.091886,-0.020785,436.955222
0.899656,0.090199,-0.066110,377.302043
0.219313,0.051367,-0.004203,477.773709
0.989083,0.074438,-0.079823,363.644205
0.350666,0.033213,-0.010373,458.844355
0.972921,0.006673,-0.077248,366.121008
0.889766,0.005763,-0.064674,378.806807
0.791376,0.013645,-0.051258,393.698257
0.203435,0.077794,-0.003643,480.046702
0.362190,0.072072,-0.011045,457.172704
0.842381,0.098749,-0.058015,385.993816
0.059441,0.070438,-0.000395,500.513096
0.835914,0.088419,-0.057135,386.972493
0.265526,0.041934,-0.006060,471.139358
0.886499,0.062919,-0.064203,379.302843
0.967534,0.081997,-0.076399,366.945002
0.666581,0.017981,-0.036506,412.402807
0.636008,0.096295,-0.033276,416.953233
0.476917,0.073623,-0.018897,440.439746
0.546016,0.001783,-0.024643,430.279866
0.376387,0.083576,-0.011903,455.111299
0.402617,0.053452,-0.013572,451.296033
0.664986,0.010984,-0.036333,412.640475
0.477799,0.019489,-0.018966,440.310920
0.578665,0.020009,-0.027624,425.457268
0.588396,0.060121,-0.028546,424.016963
0.323354,0.088424,-0.008863,462.798284
0.417930,0.036212,-0.014597,449.064679
0.021791,0.030255,-0.000089,505.820689
0.741416,0.059536,-0.045049,401.210553
0.143477,0.021107,-0.001890,488.601622
0.125985,0.085463,-0.001486,491.088007
0.209841,0.015836,-0.003864,479.130479
0.943388,0.032036,-0.072652,370.636707
0.992493,0.075349,-0.080372,363.121256
0.326105,0.061879,-0.009010,462.400656
0.987511,0.050486,-0.079571,363.885300
0.850626,0.015886,-0.059148,384.745958
0.872339,0.002033,-0.062182,381.453723
0.004842,0.064040,-0.000024,508.203765
0.048026,0.081012,-0.000278,502.123987
0.486521,0.070720,-0.019650,439.031236
0.240114,0.073230,-0.004997,474.790750
0.173595,0.030274,-0.002699,484.310197
0.833397,0.044214,-0.056794,387.353582
0.742093,0.059205,-0.045130,401.108890
0.193716,0.090344,-0.003320,481.436398
0.853926,0.026912,-0.059604,384.245804
0.737747,0.037427,-0.044609,401.761171
0.229331,0.043414,-0.004577,476.337896
0.931805,0.039758,-0.070889,372.404705
0.895426,0.073553,-0.065494,377.945589
0.017540,0.044338,-0.000069,506.418735
0.508193,0.032124,-0.021403,435.848851
0.740453,0.002170,-0.044933,401.355398
0.128590,0.010506,-0.001544,490.718491
0.443806,0.080083,-0.016415,445.286420
0.773630,0.041545,-0.049006,396.370268
0.390011,0.007670,-0.012756,453.131191
0.483638,0.068728,-0.019422,439.454291
0.864248,0.037768,-0.061042,382.681034
0.712159,0.076089,-0.041601,405.594575
0.563737,0.065907,-0.026240,427.663596
0.194408,0.076199,-0.003342,481.337607
0.429556,0.024064,-0.015401,447.368424
0.094591,0.063996,-0.000884,495.541817
0.482548,0.006792,-0.019337,439.614581
0.134812,0.045441,-0.001684,489.833823
0.109029,0.082092,-0.001142,493.494975
0.564650,0.035938,-0.026323,427.528936
0.355135,0.026017,-0.010631,458.196567
0.851123,0.013451,-0.059216,384.670614
0.404750,0.017371,-0.013713,450.985612
0.047310,0.052708,-0.000272,502.225297
0.880448,0.011413,-0.063335,380.222560
0.012092,0.075684,-0.000046,507.184592
0.953504,0.016906,-0.074210,369.091384
0.442739,0.028062,-0.016338,445.442823
0.410286,0.077926,-0.014081,450.178603
0.754992,0.014552,-0.046696,399.172641
0.642241,0.032648,-0.033922,416.026920
0.858308,0.047813,-0.060213,383.581491
0.650543,0.090752,-0.034792,414.791193
0.678595,0.032135,-0.037816,410.610884
0.916812,0.055336,-0.068639,374.690451
0.225113,0.034051,-0.004417,476.942798
0.829433,0.056094,-0.056260,387.953013
0.285671,0.030172,-0.006976,468.238772
0.089736,0.025250,-0.000805,496.229635
0.705459,0.042605,-0.040831,406.597325
0.949079,0.035918,-0.073526,369.767391
0.452094,0.096814,-0.017020,444.074512
0.163156,0.010190,-0.002403,485.799119
0.360935,0.062388,-0.010971,457.354978
0.175463,0.017651,-0.002754,484.043773
0.560173,0.050276,-0.025915,428.190116
0.224113,0.091976,-0.004380,477.085638
0.059940,0.097844,-0.000400,500.442426
0.661649,0.052069,-0.035974,413.137411
0.222046,0.028394,-0.004303,477.382351
0.851499,0.034360,-0.059268,384.613541
0.492310,0.006966,-0.020111,438.182272
0.469252,0.034730,-0.018307,441.563324
0.261398,0.048052,-0.005880,471.733104
0.528312,0.029294,-0.023098,432.888731
0.065903,0.001927,-0.000471,499.600903
0.161301,0.073817,-0.002352,486.062937
0.167865,0.015746,-0.002534,485.127605
0.554763,0.018951,-0.025425,428.989174
0.895932,0.065473,-0.065567,377.868827
0.479963,0.092768,-0.019134,439.993037
0.664680,0.002635,-0.036300,412.686219
0.481851,0.018336,-0.019282,439.716776
0.423085,0.036738,-0.014951,448.312723
0.562567,0.014797,-0.026133,427.836832
0.181037,0.078283,-0.002921,483.247738
0.826533,0.072241,-0.055870,388.391334
0.113662,0.079960,-0.001231,492.837733
0.633529,0.034255,-0.033021,417.322361
0.572057,0.033847,-0.027007,426.434304
0.048990,0.045707,-0.000288,501.988352
0.367541,0.037747,-0.011365,456.396392
0.757420,0.058948,-0.046994,398.807535
0.521080,0.056001,-0.022481,433.953149
0.114941,0.077826,-0.001257,492.656156
0.768279,0.081139,-0.048337,397.174886
0.318306,0.095587,-0.008597,463.528029
0.514696,0.053203,-0.021944,434.892520
0.592838,0.082980,-0.028972,423.359126
0.020349,0.095002,-0.000081,506.023166
0.300246,0.055730,-0.007679,466.136676
0.902028,0.008911,-0.066456,376.941890
0.206613,0.025505,-0.003752,479.592360
0.321608,0.077380,-0.008771,463.050771
0.077771,0.053056,-0.000626,497.922803
0.752362,0.062013,-0.046375,399.567359
0.636878,0.050751,-0.033366,416.824317
0.719658,0.091149,-0.042472,404.471775
0.254917,0.002198,-0.005604,472.665162
0.459626,0.046616,-0.017579,442.972800
0.707727,0.083417,-0.041091,406.257717
0.184131,0.027002,-0.003016,482.806339
0.245526,0.053309,-0.005215,474.013953
0.023167,0.008492,-0.000096,505.627289
0.148689,0.003671,-0.002020,487.859953
0.950443,0.015245,-0.073737,369.559191
0.814558,0.048073,-0.054277,390.200755
0.056048,0.023435,-0.000358,500.992521
0.652583,0.011574,-0.035008,414.488105
0.643610,0.016538,-0.034065,415.823468
0.037348,0.007791,-0.000188,503.630095
0.989995,0.030714,-0.079970,363.504717
0.985756,0.060533,-0.079290,364.154313
0.418875,0.009229,-0.014662,448.926958
0.028373,0.013159,-0.000126,504.894310
0.704290,0.039372,-0.040697,406.772206
0.343917,0.003641,-0.009989,459.822689
0.023576,0.054141,-0.000098,505.569412
0.439919,0.068865,-0.016135,445.854571
0.316586,0.074142,-0.008508,463.776742
0.260735,0.043684,-0.005852,471.828379
0.676674,0.079572,-0.037605,410.897049
0.017324,0.076339,-0.000067,506.448880
0.308729,0.033686,-0.008104,464.912233
0.299703,0.011905,-0.007653,466.215417
0.392625,0.045270,-0.012923,452.750592
0.420284,0.044187,-0.014758,448.721280
0.840135,0.070214,-0.057709,386.333920
0.571728,0.041101,-0.026976,426.482919
0.974489,0.011480,-0.077496,365.880845
0.268502,0.047055,-0.006191,470.711197
0.835546,0.085972,-0.057085,387.028248
0.315097,0.081525,-0.008430,463.991965
0.295937,0.018433,-0.007468,466.758741
0.113021,0.018127,-0.001219,492.929130
0.934285,0.063899,-0.071264,372.026088
0.450613,0.085018,-0.016911,444.291166
0.543164,0.002975,-0.024391,430.700432
0.117151,0.072466,-0.001301,492.342536
0.015227,0.014095,-0.000059,506.744319
0.558896,0.070998,-0.025798,428.378557
0.053732,0.012093,-0.000334,501.319572
0.394564,0.022038,-0.013048,452.468646
0.632635,0.029528,-0.032929,417.455229
0.675055,0.031573,-0.037428,411.139010
0.529211,0.094895,-0.023175,432.755771
0.017048,0.097764,-0.000066,506.487462
0.203692,0.041071,-0.003652,480.010199
0.595419,0.071986,-0.029221,422.976929
0.517614,0.057978,-0.022188,434.463158
0.348896,0.028629,-0.010271,459.100969
0.903005,0.016492,-0.066600,376.793214
0.542476,0.057798,-0.024330,430.801492
0.689658,0.096249,-0.039044,408.958650
0.221442,0.084047,-0.004281,477.468387
0.749105,0.075358,-0.045978,400.056228
0.194863,0.040748,-0.003357,481.272760
0.621127,0.025710,-0.031758,419.164755
0.689153,0.025991,-0.038987,409.034732
0.590523,0.041857,-0.028750,423.702231
0.574866,0.068013,-0.027268,426.018757
0.143281,0.057465,-0.001885,488.629241
0.627552,0.002105,-0.032409,418.210740
0.295895,0.071215,-0.007466,466.764223
0.626992,0.083798,-0.032352,418.293239
0.659394,0.030934,-0.035733,413.473662
0.532397,0.008259,-0.023450,432.287226
0.624859,0.089192,-0.032135,418.610006
0.838090,0.002793,-0.057431,386.643944
0.700618,0.012507,-0.040279,407.321558
0.134694,0.050164,-0.001682,489.850579
0.539605,0.099175,-0.024077,431.224350
0.367961,0.021086,-0.011390,456.335586
0.228358,0.076401,-0.004539,476.477116
0.861590,0.071128,-0.060670,383.083733
0.749470,0.041288,-0.046023,400.001691
0.398619,0.042346,-0.013310,451.878313
0.906648,0.024975,-0.067135,376.238646
0.091145,0.061555,-0.000827,496.029801
0.951244,0.085630,-0.073860,369.436143
0.528028,0.091102,-0.023073,432.930139
0.053871,0.035794,-0.000336,501.299712
0.993299,0.047663,-0.080502,362.997902
0.175435,0.002682,-0.002754,484.047909
0.885949,0.030562,-0.064124,379.386697
0.820036,0.041411,-0.055003,389.373406
0.046580,0.058597,-0.000265,502.328242
0.073674,0.091254,-0.000569,498.501816
0.610651,0.008054,-0.030711,420.719460
0.571702,0.084475,-0.026974,426.486414
0.437478,0.077983,-0.015960,446.211147
0.638653,0.096687,-0.033549,416.560008
0.105517,0.007720,-0.001076,493.993709
0.495558,0.071662,-0.020372,437.704905
0.264937,0.098516,-0.006034,471.223635
0.859915,0.026182,-0.060436,383.338124
0.325346,0.027589,-0.008970,462.510622
0.331550,0.026301,-0.009304,461.613207
0.589183,0.091762,-0.028621,423.900247
0.083444,0.021885,-0.000708,497.120407
0.469367,0.037075,-0.018316,441.546501
0.854741,0.074584,-0.059717,384.121975
0.665030,0.079772,-0.036338,412.633412
0.558101,0.090076,-0.025726,428.495740
0.556632,0.008627,-0.025593,428.713384
0.484821,0.037945,-0.019516,439.280960
0.975106,0.065065,-0.077593,365.785968
0.147026,0.014932,-0.001978,488.096626
0.904798,0.036693,-0.066863,376.520047
0.365711,0.038807,-0.011255,456.662014
0.422086,0.009469,-0.014882,448.458604
0.813203,0.038173,-0.054098,390.405501
0.990505,0.002275,-0.080052,363.426809
0.007358,0.063790,-0.000031,507.850150
0.520461,0.059241,-0.022429,434.044230
0.419938,0.095119,-0.014734,448.771236
0.722832,0.039052,-0.042843,403.996772
0.434227,0.064222,-0.015730,446.686113
0.298047,0.023687,-0.007571,466.454194
0.849669,0.084037,-0.059016,384.890288
0.630599,0.033935,-0.032720,417.757799
0.229031,0.002849,-0.004565,476.381350
0.615449,0.013641,-0.031189,420.007694
0.043963,0.007546,-0.000242,502.697667
0.769577,0.015309,-0.048499,396.980175
0.870788,0.007843,-0.061963,381.689037
0.507196,0.056616,-0.021321,435.995164
0.439738,0.003279,-0.016122,445.881558
0.475937,0.041929,-0.018821,440.583687
0.347237,0.045542,-0.010177,459.341261
0.609240,0.070007,-0.030572,420.928293
0.083049,0.081911,-0.000702,497.175770
0.011032,0.091170,-0.000042,507.333586
0.235222,0.061696,-0.004804,475.492893
0.042673,0.003571,-0.000231,502.879621
0.975324,0.035146,-0.077628,365.752766
0.040119,0.042940,-0.000210,503.239308
0.078202,0.026915,-0.000632,497.862047
0.168343,0.045927,-0.002548,485.059301
0.172227,0.084119,-0.002659,484.504983
0.876914,0.052886,-0.062832,380.758842
0.011973,0.066245,-0.000046,507.201489
0.723863,0.099479,-0.042964,403.841899
0.081520,0.068440,-0.000679,497.392308
0.575125,0.051863,-0.027293,425.980660
0.092192,0.021888,-0.000845,495.881975
0.422114,0.079115,-0.014884,448.454043
0.402584,0.068659,-0.013570,451.300749
0.045484,0.004302,-0.000256,502.483215
0.603667,0.055559,-0.030023,421.754747
0.109109,0.086037,-0.001143,493.483576
0.150106,0.033443,-0.002056,487.657905
0.034958,0.097675,-0.000170,503.966213
0.731755,0.088327,-0.043895,402.659206
0.198730,0.058491,-0.003485,480.719781
0.535485,0.058314,-0.023718,431.831946
0.023953,0.065646,-0.000100,505.516141
0.381967,0.007947,-0.012249,454.300877
0.375785,0.015312,-0.011866,455.199320
0.979646,0.041692,-0.078314,365.090808
0.181566,0.018744,-0.002938,483.172664
0.679708,0.097302,-0.037939,410.444152
0.402456,0.009643,-0.013562,451.319824
0.947466,0.053219,-0.073278,370.013745
0.898359,0.052721,-0.065920,377.499759
0.411996,0.006553,-0.014196,449.929937
0.583858,0.094971,-0.028114,424.688344
0.505416,0.053179,-0.021174,436.256941
0.275258,0.068555,-0.006495,469.738490
0.003818,0.046795,-0.000022,508.347789
0.637670,0.051896,-0.033447,416.706627
0.667701,0.098260,-0.036627,412.235164
0.896725,0.034141,-0.065682,377.748438
0.825223,0.042774,-0.055695,388.589532
0.931109,0.082410,-0.070783,372.510482
0.660226,0.026671,-0.035822,413.349701
0.527588,0.022999,-0.023036,432.995484
0.825992,0.069534,-0.055798,388.473127
0.691004,0.089658,-0.039194,408.757698
0.117390,0.076762,-0.001306,492.308686
0.761352,0.014020,-0.047478,398.216972
0.500548,0.057763,-0.020776,436.972083
0.163164,0.072868,-0.002403,485.797498
0.130832,0.036874,-0.001594,490.399614
0.701941,0.020234,-0.040429,407.123641
0.052617,0.075325,-0.000323,501.476416
0.256880,0.018625,-0.005687,472.382922
0.595122,0.066386,-0.029192,423.020968
0.692627,0.065842,-0.039376,408.515383
0.122260,0.012894,-0.001407,491.617706
0.350907,0.086874,-0.010386,458.809095
0.061793,0.071253,-0.000422,500.180921
0.796737,0.018094,-0.051948,392.890117
0.980627,0.082969,-0.078470,364.940087
0.167260,0.070322,-0.002517,485.213536
0.682808,0.062484,-0.038281,409.981838
0.178706,0.090465,-0.002851,483.580424
0.728947,0.081587,-0.043562,403.080264
0.764755,0.066163,-0.047899,397.705014
0.155620,0.006976,-0.002199,486.872965
0.757957,0.038315,-0.047060,398.726906
0.197818,0.058959,-0.003454,480.850184
0.103299,0.095496,-0.001035,494.307425
0.380297,0.098538,-0.012145,454.542914
0.974458,0.027652,-0.077491,365.885461
0.795439,0.080686,-0.051781,393.085294
0.314162,0.019355,-0.008382,464.127563
0.182154,0.094997,-0.002955,483.088113
0.033976,0.029154,-0.000163,504.105150
0.283979,0.063333,-0.006897,468.482344
0.508775,0.072248,-0.021451,435.762986
0.037393,0.074261,-0.000188,503.623256
0.785883,0.065547,-0.050555,394.525334
0.816227,0.085303,-0.054497,389.948446
0.350317,0.063568,-0.010353,458.894739
0.802042,0.084545,-0.052636,392.089403
0.746994,0.089088,-0.045722,400.373145
0.194853,0.017543,-0.003357,481.274454
0.136982,0.082677,-0.001735,489.524958
0.945884,0.033614,-0.073035,370.255601
0.582909,0.021728,-0.028024,424.829518
0.301427,0.017062,-0.007738,465.966517
0.110283,0.074820,-0.001166,493.317108
0.159621,0.059331,-0.002306,486.302485
0.020247,0.060809,-0.000081,506.037780
0.077653,0.002149,-0.000624,497.939778
0.264919,0.033287,-0.006034,471.226696
0.032628,0.022144,-0.000154,504.295086
0.967861,0.078273,-0.076450,366.894903
0.348823,0.005810,-0.010267,459.111781
0.315107,0.053682,-0.008431,463.990735
0.130812,0.023179,-0.001593,490.402631
0.514673,0.004784,-0.021942,434.896325
0.641660,0.091888,-0.033862,416.112798
0.017170,0.007677,-0.000067,506.471014
0.327601,0.064518,-0.009090,462.184201
0.689036,0.015603,-0.038974,409.052171
0.575632,0.088581,-0.027340,425.905321
0.778895,0.088897,-0.049669,395.577510
0.875934,0.021528,-0.062692,380.907896
0.684691,0.031167,-0.038490,409.700921
0.559927,0.046601,-0.025892,428.226490
0.286481,0.059493,-0.007014,468.121816
0.953366,0.063298,-0.074189,369.111970
0.431841,0.046784,-0.015561,447.034690
0.710273,0.034983,-0.041384,405.877156
0.995950,0.052812,-0.081035,362.588670
0.052590,0.026553,-0.000323,501.480602
0.038863,0.085842,-0.000200,503.416003
0.363432,0.017508,-0.011119,456.992983
0.884699,0.016705,-0.063944,379.576725
0.579200,0.003076,-0.027675,425.378362
0.357537,0.030440,-0.010771,457.848159
0.096350,0.039661,-0.000914,495.292784
0.107815,0.089098,-0.001119,493.667097
0.041171,0.067835,-0.000218,503.090841
0.288051,0.095700,-0.007089,467.895202
0.388559,0.014773,-0.012664,453.342286
0.165553,0.061293,-0.002469,485.456983
0.037279,0.010250,-0.000188,503.639917
0.497610,0.013709,-0.020537,437.403938
0.152054,0.014500,-0.002106,487.380769
0.960353,0.027241,-0.075274,368.044007
0.621586,0.075048,-0.031805,419.096170
0.255691,0.013747,-0.005637,472.553813
0.657954,0.078227,-0.035579,413.687683
0.813219,0.021060,-0.054100,390.403175
0.890558,0.041045,-0.064788,378.686134
0.162249,0.023938,-0.002378,485.928284
0.060361,0.074130,-0.000405,500.383080
0.129893,0.079839,-0.001572,490.532713
0.207994,0.050233,-0.003799,479.394474
0.470562,0.018920,-0.018407,441.371576
0.809552,0.075724,-0.053617,390.956397
0.889650,0.025289,-0.064657,378.824175
0.089045,0.025121,-0.000794,496.327579
0.878215,0.005954,-0.063017,380.561707
0.528075,0.028114,-0.023077,432.923707
0.749410,0.080549,-0.046015,400.010485
0.011439,0.097327,-0.000044,507.276286
0.840505,0.012656,-0.057759,386.278399
0.658978,0.098363,-0.035688,413.534967
0.853895,0.074350,-0.059600,384.250107
0.938414,0.012527,-0.071892,371.396392
0.435512,0.065588,-0.015821,446.498329
0.337128,0.063205,-0.009610,460.805423
0.346523,0.076149,-0.010136,459.444484
0.537081,0.064417,-0.023857,431.596598
0.585112,0.069886,-0.028233,424.503043
0.615304,0.009111,-0.031174,420.029170
0.081341,0.014030,-0.000677,497.418041
0.592670,0.048597,-0.028956,423.384277
0.991383,0.005719,-0.080193,363.292085
0.831727,0.012201,-0.056569,387.606461
0.510237,0.064526,-0.021572,435.548124
0.684489,0.066837,-0.038468,409.730840
0.513250,0.061295,-0.021823,435.105159
0.641149,0.079457,-0.033808,416.188961
0.447181,0.071711,-0.016660,444.793088
0.779372,0.087824,-0.049729,395.505609
0.023200,0.067666,-0.000096,505.622111
0.259985,0.004035,-0.005820,471.936593
0.011452,0.023591,-0.000044,507.275115
0.049758,0.070650,-0.000295,501.879737
0.965448,0.012763,-0.076071,367.264811
0.207493,0.068527,-0.003782,479.466027
0.524124,0.061395,-0.022739,433.505182
0.112027,0.032943,-0.001200,493.070036
0.551101,0.023404,-0.025096,429.529520
0.744000,0.080548,-0.045360,400.822591
0.341390,0.032235,-0.009847,460.188581
0.595759,0.014361,-0.029254,422.926987
0.295598,0.050603,-0.007451,466.807269
0.913706,0.066693,-0.068177,375.163569
0.713100,0.093133,-0.041710,405.453653
0.918561,0.001139,-0.068899,374.424395
0.027611,0.067076,-0.000121,505.001301
0.895603,0.067862,-0.065519,377.918739
0.023066,0.075918,-0.000095,505.640981
0.577897,0.087113,-0.027552,425.570425
0.915946,0.061217,-0.068510,374.822324
0.470780,0.076881,-0.018424,441.339094
0.020247,0.036499,-0.000081,506.037990
0.971017,0.019143,-0.076947,366.412357
0.981134,0.054594,-0.078551,364.862692
0.333333,0.091739,-0.009401,461.354549
0.341806,0.070053,-0.009870,460.128014
0.332721,0.018249,-0.009368,461.443789
0.913383,0.087329,-0.068130,375.212511
0.844496,0.074702,-0.058305,385.673731
0.082024,0.036674,-0.000687,497.321232
0.640112,0.090382,-0.033701,416.343090
0.168082,0.095093,-0.002540,485.096075
0.584430,0.091752,-0.028168,424.603759
0.914461,0.098714,-0.068290,375.048142
0.825867,0.000798,-0.055781,388.492555
0.799734,0.039570,-0.052336,392.438024
0.912329,0.061219,-0.067973,375.373293
0.190652,0.026045,-0.003221,481.874832
0.631789,0.066642,-0.032842,417.580657
0.477967,0.074506,-0.018979,440.285843
0.703326,0.054423,-0.040587,406.916233
0.937865,0.080970,-0.071808,371.479611
0.966295,0.016155,-0.076204,367.135091
0.786751,0.067962,-0.050666,394.394641
0.291304,0.091090,-0.007244,467.426300
0.879552,0.051413,-0.063207,380.358227
0.190326,0.067395,-0.003211,481.921079
0.602605,0.019483,-0.029919,421.912479
0.689303,0.021482,-0.039004,409.012290
0.060397,0.064754,-0.000406,500.378101
0.325069,0.009139,-0.008955,462.550877
0.829022,0.060288,-0.056205,388.015096
0.600417,0.002378,-0.029706,422.236942
0.216341,0.077255,-0.004095,478.199268
0.731313,0.043295,-0.043843,402.725931
0.586200,0.011393,-0.028337,424.342509
0.933548,0.091723,-0.071153,372.138273
0.866982,0.024285,-0.061426,382.266474
0.730740,0.040378,-0.043775,402.811788
0.916358,0.050091,-0.068571,374.759696
0.573458,0.040859,-0.027137,426.227146
0.418023,0.069542,-0.014604,449.050846
0.390805,0.072836,-0.012807,453.015183
0.645194,0.031226,-0.034230,415.587593
0.250751,0.066181,-0.005429,473.263303
0.865959,0.061264,-0.061283,382.421201
0.594939,0.081122,-0.029174,423.047935
0.515975,0.041408,-0.022051,434.704526
0.254706,0.047579,-0.005595,472.695103
0.489881,0.050708,-0.019917,438.538329
0.452195,0.036422,-0.017027,444.060163
0.374283,0.001284,-0.011774,455.417610
0.812889,0.016384,-0.054056,390.453090
0.393542,0.068062,-0.012982,452.616911
0.355523,0.014722,-0.010654,458.140386
0.630219,0.075152,-0.032681,417.813916
0.820665,0.067464,-0.055087,389.278143
0.376342,0.028951,-0.011900,455.118162
0.395674,0.046583,-0.013120,452.306843
0.514743,0.091248,-0.021947,434.885202
0.169217,0.089914,-0.002572,484.934286
0.243081,0.061828,-0.005115,474.364920
0.116548,0.085280,-0.001289,492.428027
0.317761,0.018474,-0.008569,463.607376
0.882088,0.082081,-0.063570,379.972758
0.690927,0.021130,-0.039186,408.769658
0.911948,0.012368,-0.067917,375.431685
0.750958,0.052213,-0.046204,399.778203
0.682742,0.075888,-0.038274,409.991498
0.129834,0.023591,-0.001571,490.541635
0.711220,0.090910,-0.041493,405.735054
0.488815,0.005198,-0.019832,438.695160
0.979856,0.098726,-0.078348,365.058158
0.351083,0.050277,-0.010397,458.783777
0.702595,0.007326,-0.040504,407.025967
0.580573,0.074224,-0.027804,425.174587
0.855639,0.023723,-0.059841,383.986347
0.172669,0.051999,-0.002672,484.442175
0.054876,0.052276,-0.000346,501.157678
0.075401,0.015848,-0.000593,498.258194
0.660331,0.071682,-0.035833,413.333660
0.651724,0.000713,-0.034917,414.616108
0.906872,0.032894,-0.067168,376.204495
0.095821,0.019729,-0.000905,495.367820
0.041680,0.035639,-0.000223,503.019275
0.931583,0.019925,-0.070855,372.438745
0.826580,0.076315,-0.055877,388.384141
0.776362,0.056123,-0.049349,395.959043
0.448846,0.013562,-0.016781,444.550216
0.924646,0.048668,-0.069810,373.496414
0.286370,0.017291,-0.007009,468.138092
0.459915,0.079416,-0.017601,442.930138
0.027394,0.040682,-0.000120,505.032010
0.875648,0.088071,-0.062652,380.950761
0.419406,0.083761,-0.014698,448.848951
0.439916,0.075530,-0.016135,445.854978
0.705466,0.003370,-0.040832,406.596574
0.361413,0.070604,-0.010999,457.285477
0.281720,0.070728,-0.006791,468.807778
0.780199,0.095313,-0.049834,395.381151
0.761163,0.047149,-0.047455,398.245029
0.311234,0.016830,-0.008232,464.550543
0.469943,0.032766,-0.018360,441.462070
0.523498,0.047910,-0.022686,433.597363
0.662451,0.013667,-0.036061,413.018314
0.588159,0.042835,-0.028523,424.052202
0.698927,0.052334,-0.040087,407.573928
0.896772,0.070429,-0.065689,377.740984
0.245442,0.063227,-0.005211,474.025890
0.624908,0.066950,-0.032140,418.602925
0.292690,0.028916,-0.007311,467.226940
0.903477,0.074237,-0.066669,376.720844
0.084635,0.073964,-0.000726,496.951439
0.161693,0.053368,-0.002362,486.007300
0.344969,0.060268,-0.010048,459.669860
0.469605,0.073120,-0.018334,441.511327
0.191799,0.049286,-0.003258,481.710633
0.271189,0.013316,-0.006311,470.324667
0.830458,0.086722,-0.056398,387.797793
0.215223,0.003142,-0.004055,478.360054
0.640641,0.001284,-0.033756,416.265257
0.333792,0.086480,-0.009426,461.288155
0.383166,0.029273,-0.012324,454.126384
0.987002,0.023104,-0.079489,363.963583
0.499001,0.071812,-0.020650,437.199200
0.893903,0.059000,-0.065272,378.177358
0.094746,0.036105,-0.000887,495.519975
0.619868,0.020119,-0.031632,419.351731
0.693950,0.010954,-0.039525,408.318141
0.730601,0.062487,-0.043758,402.832367
0.965638,0.089311,-0.076101,367.234982
0.011738,0.022150,-0.000045,507.234844
0.591886,0.077783,-0.028880,423.500071
0.159394,0.035483,-0.002300,486.335008
0.291991,0.021145,-0.007277,467.327708
0.821334,0.014390,-0.055176,389.177527
0.845471,0.023328,-0.058438,385.526533
0.508715,0.054388,-0.021446,435.772020
0.840511,0.041495,-0.057760,386.277329
0.110601,0.044293,-0.001172,493.272350
0.682885,0.028177,-0.038290,409.970624
0.089182,0.000787,-0.000796,496.308265
0.502511,0.059099,-0.020936,436.683633
0.272879,0.081650,-0.006387,470.080869
0.375818,0.073125,-0.011868,455.193944
0.835429,0.043219,-0.057069,387.046275
0.296480,0.088462,-0.007494,466.679777
0.877014,0.042270,-0.062846,380.743734
0.930304,0.007772,-0.070662,372.633954
0.931670,0.039555,-0.070868,372.425320
0.915560,0.021019,-0.068453,374.881524
0.875388,0.021963,-0.062615,380.990701
0.765488,0.065378,-0.047990,397.594718
0.418658,0.091053,-0.014647,448.957967
0.867053,0.060876,-0.061436,382.255302
0.668593,0.052609,-0.036723,412.102478
0.290964,0.073570,-0.007228,467.475387
0.010188,0.037149,-0.000040,507.452640
0.595024,0.028666,-0.029183,423.035732
0.760196,0.059176,-0.047335,398.390258
0.334063,0.012593,-0.009441,461.249628
0.013202,0.072078,-0.000050,507.028565
0.876588,0.058216,-0.062785,380.808300
0.877652,0.074621,-0.062937,380.646507
0.478583,0.015149,-0.019027,440.195989
0.021689,0.024003,-0.000089,505.835217
0.112256,0.076640,-0.001204,493.037302
0.849210,0.035819,-0.058952,384.960181
0.445366,0.073950,-0.016528,445.058507
0.852819,0.042436,-0.059451,384.413451
0.687922,0.063630,-0.038850,409.218230
0.993959,0.053391,-0.080609,362.896500
0.781000,0.090333,-0.049935,395.260509
0.676117,0.084995,-0.037544,410.980127
0.027321,0.031973,-0.000120,505.042401
0.236080,0.040074,-0.004837,475.369969
0.151533,0.037876,-0.002093,487.454811
0.827511,0.065123,-0.056002,388.243488
0.978607,0.047328,-0.078149,365.249852
0.974225,0.052711,-0.077454,365.920950
0.163703,0.001585,-0.002418,485.721255
0.005081,0.048160,-0.000025,508.170301
0.072690,0.078920,-0.000556,498.641025
0.926538,0.045590,-0.070094,373.208004
0.600908,0.086312,-0.029754,422.163468
0.681553,0.023122,-0.038142,410.169473
0.476332,0.035075,-0.018852,440.525838
0.113644,0.059999,-0.001231,492.840431
0.022432,0.047622,-0.000092,505.730461
0.901149,0.069448,-0.066328,377.075107
0.812501,-0.000013,-0.054169,390.508666
0.741307,0.038594,-0.045036,401.226997
0.902851,0.078774,-0.066577,376.816102
0.532196,0.093163,-0.023432,432.316128
0.780400,0.056652,-0.049859,395.351208
0.044084,0.050056,-0.000243,502.680221
0.934773,0.008036,-0.071338,371.952108
0.856916,0.043313,-0.060019,383.792648
0.628436,0.011007,-0.032499,418.079297
0.914611,0.002568,-0.068312,375.026194
0.741953,0.077083,-0.045114,401.129817
0.291463,0.020991,-0.007252,467.403867
0.885620,0.011759,-0.064076,379.436842
0.403819,0.001858,-0.013651,451.121444
0.213736,0.009394,-0.004002,478.572886
0.642142,0.057361,-0.033912,416.041514
0.002694,0.021022,-0.000020,508.505892
0.541812,0.098161,-0.024271,430.899064
0.284149,0.029304,-0.006905,468.458203
0.552162,0.017352,-0.025191,429.372976
0.739172,0.011672,-0.044780,401.547603
0.085163,0.067576,-0.000734,496.876662
0.545138,0.052960,-0.024565,430.408868
0.631726,0.088285,-0.032835,417.589831
0.243349,0.087945,-0.005126,474.326146
0.090632,0.089393,-0.000819,496.102345
0.217856,0.007527,-0.004150,477.982819
0.221976,0.037948,-0.004300,477.392325
0.056611,0.072468,-0.000364,500.912606
0.319318,0.058496,-0.008650,463.382016
0.040448,0.005361,-0.000213,503.193176
0.021445,0.061328,-0.000087,505.869157
0.423334,0.090210,-0.014968,448.275868
0.267536,0.080627,-0.006149,470.849856
0.955770,0.013922,-0.074561,368.744987
0.036829,0.067994,-0.000184,503.702866
0.959175,0.039704,-0.075091,368.224103
0.859349,0.048730,-0.060357,383.423775
0.893390,0.075101,-0.065198,378.255175
0.078515,0.075784,-0.000636,497.817390
0.410476,0.028263,-0.014094,450.151301
0.685631,0.001056,-0.038594,409.560836
0.001979,0.018112,-0.000018,508.606274
0.317105,0.042083,-0.008535,463.701988
0.001270,0.044487,-0.000017,508.705782
0.415744,0.033376,-0.014449,449.383361
0.306821,0.094922,-0.008007,465.187294
0.754133,0.087782,-0.046591,399.301082
0.741023,0.011549,-0.045002,401.269924
0.320913,0.029170,-0.008734,463.151740
0.041191,0.091068,-0.000218,503.087841
0.881817,0.014270,-0.063531,380.014516
0.043094,0.013497,-0.000235,502.820106
0.701075,0.098421,-0.040331,407.252401
0.393347,0.095959,-0.012969,452.645187
0.840934,0.052836,-0.057818,386.213125
0.099611,0.018033,-0.000970,494.830872
0.195284,0.072776,-0.003371,481.212321
0.884060,0.012823,-0.063852,379.673796
0.031218,0.007881,-0.000145,504.493697
0.763673,0.091812,-0.047765,397.867348
0.726096,0.097831,-0.043226,403.507360
0.566826,0.031850,-0.026523,427.207561
0.676945,0.086060,-0.037635,410.856503
0.292124,0.070720,-0.007283,467.308250
0.310726,0.062509,-0.008206,464.623546
0.878002,0.033303,-0.062986,380.593806
0.368516,0.096411,-0.011423,456.254266
0.240108,0.038337,-0.004997,474.791819
0.498635,0.000069,-0.020745,437.252125
0.103088,0.080127,-0.001032,494.337533
0.336342,0.087401,-0.009566,460.919008
0.242410,0.092482,-0.005088,474.461004
0.447689,0.033861,-0.016697,444.719233
0.936277,0.091322,-0.071567,371.721931
0.128887,0.040008,-0.001550,490.676065
0.157055,0.004142,-0.002237,486.668566
0.522492,0.020598,-0.022601,433.745742
0.066844,0.056253,-0.000482,499.467515
0.392049,0.060966,-0.012886,452.834263
0.903318,0.003187,-0.066645,376.745699
0.077095,0.009168,-0.000616,498.018700
0.716154,0.054214,-0.042064,404.996797
0.898511,0.066307,-0.065943,377.476486
0.477784,0.058438,-0.018964,440.312739
0.672279,0.026741,-0.037124,411.553076
0.004733,0.058909,-0.000024,508.219094
0.837628,0.039449,-0.057368,386.713619
0.925229,0.078876,-0.069897,373.407255
0.454269,0.065735,-0.017180,443.756579
0.041639,0.032070,-0.000222,503.025121
0.516111,0.085997,-0.022062,434.684141
0.294762,0.058221,-0.007411,466.927826
0.405355,0.097714,-0.013752,450.896887
0.247322,0.027559,-0.005288,473.756247
0.329252,0.097681,-0.009179,461.945113
0.589794,0.076649,-0.028680,423.809912
0.685604,0.074083,-0.038591,409.564199
0.418961,0.029142,-0.014668,448.914356
0.583866,0.008894,-0.028115,424.687942
0.275348,0.093287,-0.006499,469.725340
0.374259,0.026874,-0.011772,455.420893
0.740291,0.038571,-0.044914,401.379390
0.172638,0.007410,-0.002672,484.446896
0.212998,0.072171,-0.003975,478.678031
0.341673,0.016616,-0.009863,460.147716
0.700571,0.065038,-0.040274,407.328022
0.037424,0.043688,-0.000189,503.619198
0.064512,0.038847,-0.000454,499.797095
0.510153,0.096278,-0.021565,435.560142
0.579784,0.003974,-0.027729,425.291987
0.392033,0.049118,-0.012885,452.836728
0.319745,0.058517,-0.008673,463.320326
0.018510,0.077255,-0.000073,506.282027
0.624250,0.011294,-0.032074,418.701176
0.623102,0.071369,-0.031958,418.871128
0.460038,0.053891,-0.017610,442.912450
0.014038,0.058795,-0.000054,506.911144
0.923309,0.019474,-0.069609,373.700575
0.298289,0.052739,-0.007583,466.419037
0.533801,0.018009,-0.023571,432.080380
0.079405,0.096088,-0.000648,497.691302
0.328383,0.036524,-0.009132,462.071354
0.053189,0.008764,-0.000329,501.396136
0.749315,0.010992,-0.046004,400.025336
0.898153,0.067085,-0.065890,377.531000
0.070394,0.096179,-0.000526,498.965497
0.736342,0.086973,-0.044441,401.971474
0.080658,0.055053,-0.000667,497.514397
0.062047,0.006536,-0.000425,500.145590
0.684266,0.056382,-0.038443,409.764198
0.005098,0.014785,-0.000025,508.168131
0.659111,0.035504,-0.035703,413.515744
0.662823,0.036451,-0.036100,412.962691
0.966988,0.012372,-0.076313,367.029108
0.156320,0.083831,-0.002217,486.772675
0.699267,0.062396,-0.040126,407.523013
0.821125,0.055630,-0.055148,389.208850
0.315512,0.029980,-0.008452,463.932288
0.169097,0.043177,-0.002569,484.951787
0.306326,0.054031,-0.007983,465.259060
0.190622,0.015359,-0.003220,481.879206
0.994439,0.026173,-0.080687,362.823130
0.757583,0.076037,-0.047014,398.782926
0.892059,0.071075,-0.065005,378.457640
0.712867,0.014250,-0.041683,405.489118
0.219715,0.031328,-0.004217,477.716369
0.310720,0.066779,-0.008205,464.624342
0.194564,0.062466,-0.003347,481.315326
0.445964,0.040121,-0.016571,444.971373
0.814517,0.056772,-0.054271,390.206855
0.259987,0.077110,-0.005819,471.935731
0.770107,0.049972,-0.048565,396.900226
0.124385,0.074046,-0.001452,491.315341
0.604442,0.046092,-0.030099,421.639991
0.754768,0.085916,-0.046669,399.205740
0.231012,0.012791,-0.004641,476.097100
0.500959,0.094316,-0.020809,436.911420
0.382798,0.039587,-0.012301,454.179928
0.452200,0.086400,-0.017027,444.059010
0.095879,0.000381,-0.000906,495.359777
0.576083,0.028333,-0.027382,425.839080
0.408593,0.081092,-0.013968,450.425266
0.841633,0.046862,-0.057913,386.107379
0.284861,0.007339,-0.006938,468.355708
0.149313,0.065482,-0.002036,487.770580
0.911986,0.007136,-0.067922,375.425986
0.154497,0.088708,-0.002169,487.032201
0.025537,0.038251,-0.000109,505.293388
0.639296,0.000227,-0.033616,416.465234
0.972090,0.065082,-0.077116,366.247703
0.851055,0.069571,-0.059207,384.680547
0.374108,0.003999,-0.011763,455.443006
0.759120,0.073411,-0.047203,398.551861
0.654644,0.048178,-0.035227,414.180986
0.155407,0.027362,-0.002194,486.903074
0.091142,0.000893,-0.000828,496.030729
0.629759,0.043193,-0.032634,417.882500
0.685720,0.056940,-0.038604,409.546998
0.198743,0.096419,-0.003485,480.717602
0.680891,0.018277,-0.038069,410.268219
0.130820,0.014275,-0.001594,490.401495
0.334140,0.052443,-0.009445,461.238109
0.403177,0.019451,-0.013609,451.214724
0.187850,0.070301,-0.003132,482.274752
0.381680,0.082104,-0.012231,454.341963
0.414080,0.063563,-0.014336,449.625710
0.362926,0.065438,-0.011089,457.065961
0.835390,0.028027,-0.057064,387.052352
0.940965,0.033282,-0.072281,371.006770
0.145557,0.010042,-0.001942,488.305706
0.884674,0.097099,-0.063941,379.579779
0.099336,0.036999,-0.000965,494.869635
0.288888,0.012202,-0.007129,467.775251
0.542852,0.056814,-0.024363,430.745962
0.573336,0.034463,-0.027126,426.245214
0.324405,0.079624,-0.008919,462.646420
0.214685,0.094114,-0.004035,478.436342
0.811857,0.063292,-0.053920,390.608490
0.824362,0.081428,-0.055580,388.719404
0.091716,0.089476,-0.000837,495.948707
0.600714,0.097773,-0.029735,422.192099
0.538520,0.048445,-0.023982,431.384669
0.190462,0.032002,-0.003215,481.901855
0.366054,0.055730,-0.011275,456.612119
0.245055,0.029008,-0.005196,474.081697
0.505526,0.040705,-0.021183,436.240875
0.042304,0.036689,-0.000228,502.931407
0.405380,0.074392,-0.013754,450.893400
0.330218,0.097794,-0.009231,461.805323
0.126395,0.045732,-0.001496,491.030095
0.023510,0.007747,-0.000098,505.579080
0.431002,0.058629,-0.015502,447.157036
0.727930,0.053055,-0.043442,403.232864
0.461277,0.012942,-0.017703,442.731367
0.447067,0.053105,-0.016652,444.809990
0.506863,0.005948,-0.021293,436.044620
0.084065,0.007926,-0.000717,497.032626
0.282427,0.062517,-0.006824,468.705937
0.594315,0.021178,-0.029114,423.140780
0.519431,0.041078,-0.022342,434.196067
0.971406,0.033984,-0.077008,366.352776
0.047436,0.014521,-0.000273,502.207820
0.581175,0.006100,-0.027861,425.086079
0.768727,0.065926,-0.048393,397.107601
0.359031,0.078002,-0.010859,457.630979
0.867537,0.072180,-0.061505,382.181749
0.341984,0.054783,-0.009880,460.102218
0.000068,0.074373,-0.000014,508.874353
0.138831,0.052733,-0.001778,489.262220
0.938966,0.089422,-0.071976,371.311462
0.405338,0.030532,-0.013751,450.899905
0.371426,0.020180,-0.011600,455.832371
0.599489,0.003822,-0.029615,422.374439
0.000863,0.083997,-0.000016,508.762513
0.561604,0.032184,-0.026045,427.978998
0.508963,0.021430,-0.021467,435.735796
0.917988,0.050090,-0.068814,374.511322
0.485565,0.066149,-0.019574,439.171607
0.067282,0.099136,-0.000487,499.405317
0.193975,0.048101,-0.003328,481.399722
0.030371,0.060420,-0.000139,504.612596
0.077539,0.024824,-0.000622,497.955822
0.522748,0.056535,-0.022622,433.707771
0.541963,0.004404,-0.024285,430.877577
0.384167,0.038110,-0.012387,453.980805
0.612080,0.062890,-0.030853,420.507076
0.293727,0.013266,-0.007361,467.077433
0.670175,0.028770,-0.036895,411.866798
0.112521,0.073871,-0.001209,492.999659
0.292927,0.087595,-0.007322,467.192172
0.254899,0.008037,-0.005603,472.667665
0.531942,0.043436,-0.023410,432.354017
0.100621,0.050136,-0.000988,494.687485
0.422415,0.007606,-0.014905,448.410735
0.336294,0.049707,-0.009564,460.926354
0.630939,0.083343,-0.032755,417.706828
0.064910,0.088484,-0.000458,499.740505
0.892052,0.030698,-0.065004,378.459105
0.936531,0.098177,-0.071606,371.682974
0.220748,0.077508,-0.004255,477.567934
0.278732,0.028558,-0.006654,469.238483
0.080179,0.064099,-0.000660,497.581977
0.992707,0.067822,-0.080407,363.088485
0.040606,0.026149,-0.000214,503.170835
0.069792,0.043946,-0.000519,499.050939
0.745875,0.036626,-0.045587,400.541504
0.564979,0.095808,-0.026353,427.479923
0.345657,0.054934,-0.010087,459.570228
0.727152,0.008191,-0.043351,403.349784
0.510799,0.092740,-0.021619,435.465297
0.659499,0.090657,-0.035744,413.457462
0.023606,0.019085,-0.000099,505.565347
0.819562,0.050826,-0.054940,389.444903
0.955119,0.032337,-0.074460,368.844280
0.124638,0.041974,-0.001458,491.279666
0.566889,0.078627,-0.026529,427.197812
0.248338,0.041495,-0.005330,473.610215
0.943245,0.087685,-0.072630,370.658084
0.886295,0.035094,-0.064173,379.334104
0.179238,0.053856,-0.002867,483.504777
0.139738,0.000319,-0.001800,489.133742
0.143569,0.015954,-0.001893,488.588585
0.703044,0.068394,-0.040555,406.958353
0.356615,0.094836,-0.010717,457.981360
0.095508,0.019512,-0.000900,495.412193
0.501158,0.041443,-0.020826,436.882602
0.365234,0.093920,-0.011226,456.730846
0.957444,0.067062,-0.074821,368.488621
0.632280,0.028910,-0.032892,417.508019
0.449711,0.089986,-0.016845,444.423015
0.250239,0.048353,-0.005408,473.337051
0.102261,0.024205,-0.001017,494.455222
0.389827,0.052585,-0.012744,453.157608
0.426311,0.044348,-0.015174,447.841968
0.863163,0.011320,-0.060890,382.845783
0.592783,0.056533,-0.028967,423.367380
0.513962,0.073046,-0.021882,435.000265
0.820074,0.092938,-0.055008,389.367304
0.510070,0.067689,-0.021558,435.572669
0.634252,0.054793,-0.033095,417.214694
0.649288,0.016266,-0.034660,414.978623
0.014756,0.089353,-0.000056,506.809933
0.477624,0.044962,-0.018952,440.336394
0.987023,0.020219,-0.079493,363.960499
0.260620,0.083284,-0.005847,471.844682
0.931753,0.015061,-0.070881,372.412804
0.899373,0.075773,-0.066068,377.345258
0.985401,0.000336,-0.079233,364.209317
0.284068,0.063362,-0.006901,468.469518
0.843131,0.037237,-0.058118,385.880744
0.238654,0.031329,-0.004939,475.000643
0.585973,0.020360,-0.028315,424.375994
0.499400,0.075818,-0.020683,437.140519
0.782714,0.014641,-0.050152,395.003151
0.761249,0.017856,-0.047465,398.232391
0.270900,0.045729,-0.006298,470.366096
0.557213,0.039137,-0.025646,428.627230
0.431732,0.027304,-0.015553,447.050755
0.842845,0.077190,-0.058079,385.923762
0.759557,0.015498,-0.047257,398.486678
0.683961,0.061187,-0.038409,409.809609
0.243300,0.047818,-0.005124,474.333513
0.337795,0.081662,-0.009647,460.708722
0.170330,0.059166,-0.002605,484.775721
0.945728,0.005977,-0.073011,370.279608
0.822878,0.067323,-0.055381,388.943856
0.402609,0.054835,-0.013571,451.297242
0.815965,0.048945,-0.054463,389.988335
0.976464,0.026919,-0.077809,365.578242
0.366966,0.052459,-0.011330,456.479685
0.871363,0.083445,-0.062044,381.601171
0.209012,0.083741,-0.003835,479.248522
0.630785,0.070680,-0.032739,417.729850
0.374234,0.079200,-0.011771,455.424039
0.972214,0.007657,-0.077136,366.229283
0.639606,0.027297,-0.033648,416.418962
0.932472,0.099870,-0.070990,372.302473
0.123649,0.066791,-0.001436,491.420000
0.655463,0.074200,-0.035314,414.058814
0.132349,0.008826,-0.001628,490.184309
0.277548,0.085284,-0.006599,469.408545
0.968535,0.070054,-0.076556,366.791962
0.064533,0.060199,-0.000454,499.793939
0.729849,0.016524,-0.043669,402.945541
0.722248,0.011493,-0.042774,404.084617
0.643040,0.029348,-0.034005,415.908197
0.180278,0.075546,-0.002898,483.356050
0.753382,0.060339,-0.046499,399.414143
0.260798,0.015868,-0.005855,471.819617
0.525962,0.023849,-0.022896,433.234911
0.443690,0.080996,-0.016406,445.303390
0.217256,0.030447,-0.004128,478.068593
0.761954,0.002456,-0.047552,398.126565
0.962761,0.078536,-0.075650,367.675308
0.570563,0.092062,-0.026868,426.654746
0.518546,0.052427,-0.022267,434.326139
0.476795,0.021390,-0.018888,440.458087
0.765940,0.023338,-0.048046,397.527100
0.877071,0.066595,-0.062854,380.734896
0.089569,0.044600,-0.000802,496.253164
0.476521,0.015308,-0.018866,440.498259
0.125918,0.060037,-0.001485,491.097778
0.044034,0.032564,-0.000243,502.687404
0.874327,0.066790,-0.062464,381.151451
0.951579,0.043856,-0.073912,369.385304
0.121922,0.097730,-0.001400,491.664962
0.440237,0.061122,-0.016158,445.808124
0.792511,0.052908,-0.051404,393.526876
0.142648,0.064158,-0.001870,488.719201
0.445612,0.080777,-0.016546,445.022380
0.422369,0.015120,-0.014902,448.417270
0.496480,0.026497,-0.020446,437.569828
0.696402,0.044052,-0.039802,407.951390
0.641604,0.006291,-0.033856,416.121985
0.391038,0.013627,-0.012822,452.981686
0.264254,0.080672,-0.006004,471.322079
0.858168,0.081612,-0.060193,383.602534
0.183680,0.041219,-0.003002,482.870588
0.401894,0.087814,-0.013524,451.400989
0.617327,0.016407,-0.031377,419.728823
0.396637,0.061146,-0.013182,452.166644
0.493372,0.042770,-0.020196,438.026111
0.066149,0.029847,-0.000473,499.565966
0.398725,0.077887,-0.013317,451.862562
0.575775,0.045098,-0.027353,425.884597
0.914359,0.014101,-0.068274,375.064556
0.456495,0.057333,-0.017345,443.430834
0.240020,0.078966,-0.004993,474.804184
0.086431,0.061421,-0.000753,496.697303
0.246935,0.070916,-0.005272,473.811467
0.352641,0.080611,-0.010486,458.557670
0.125971,0.041034,-0.001486,491.090303
0.032850,0.059035,-0.000155,504.263491
0.930346,0.005096,-0.070668,372.627567
0.303546,0.024717,-0.007843,465.660644
0.859492,0.032279,-0.060377,383.402188
0.878522,0.094367,-0.063061,380.514227
0.194825,0.091624,-0.003356,481.277767
0.780411,0.078301,-0.049860,395.349271
0.143151,0.023780,-0.001882,488.647943
0.725551,0.019366,-0.043162,403.589621
0.703079,0.032899,-0.040559,406.953375
0.216849,0.007720,-0.004113,478.127090
0.753473,0.020835,-0.046510,399.400740
0.856946,0.064006,-0.060023,383.787855
0.250985,0.024451,-0.005439,473.230023
0.512299,0.055056,-0.021743,435.245033
0.373706,0.084693,-0.011738,455.500736
0.851000,0.028510,-0.059199,384.689234
0.100059,0.032113,-0.000978,494.767272
0.140641,0.051303,-0.001822,489.004789
0.322498,0.056605,-0.008818,462.922342
0.163854,0.017221,-0.002422,485.699518
0.147364,0.026249,-0.001987,488.048361
0.386955,0.013991,-0.012562,453.575629
0.118619,0.087698,-0.001331,492.134029
0.560128,0.041448,-0.025910,428.196797
0.334150,0.049202,-0.009446,461.236613
0.287358,0.064201,-0.007056,467.995373
0.939310,0.061345,-0.072029,371.259163
0.642392,0.040117,-0.033938,416.004474
0.256010,0.013491,-0.005650,472.508022
0.010705,0.081984,-0.000041,507.379632
0.127075,0.063450,-0.001510,490.933342
0.692857,0.067959,-0.039402,408.480967
0.653851,0.060222,-0.035142,414.298926
0.220377,0.091169,-0.004241,477.620964
0.819061,0.057322,-0.054873,389.520615
0.143074,0.002105,-0.001881,488.659007
0.717008,0.066623,-0.042163,404.868798
0.178236,0.084099,-0.002837,483.647493
0.206012,0.088512,-0.003731,479.677860
0.191516,0.029175,-0.003249,481.751216
0.479938,0.054114,-0.019132,439.996968
0.838351,0.020793,-0.057466,386.604301
0.614042,0.098132,-0.031048,420.215715
0.609142,0.065837,-0.030562,420.942894
0.180078,0.037763,-0.002892,483.384990
0.529844,0.032054,-0.023229,432.663092
0.871000,0.045008,-0.061993,381.656656
0.401520,0.001482,-0.013500,451.456227
0.342307,0.021293,-0.009898,460.055812
0.985647,0.051221,-0.079272,364.171101
0.081846,0.056810,-0.000684,497.346163
0.224601,0.078372,-0.004398,477.015750
0.785387,0.039364,-0.050492,394.600328
0.193322,0.037438,-0.003307,481.493159
0.790357,0.068723,-0.051127,393.851284
0.331474,0.016771,-0.009300,461.624287
0.156880,0.068273,-0.002232,486.693006
0.407727,0.094493,-0.013910,450.551375
0.427602,0.045259,-0.015264,447.653417
0.546321,0.016293,-0.024670,430.234771
0.168532,0.002704,-0.002553,485.032660
0.482046,0.013338,-0.019297,439.688147
0.135653,0.032051,-0.001704,489.714373
0.162548,0.065219,-0.002386,485.885280
0.792986,0.073388,-0.051465,393.455033
0.547181,0.090190,-0.024746,430.107219
0.257750,0.057501,-0.005724,472.257512
0.735018,0.058821,-0.044283,402.170268
0.582047,0.083619,-0.027943,424.956536
0.189132,0.054270,-0.003173,482.091669
0.227462,0.086683,-0.004505,476.605639
0.096515,0.034597,-0.000917,495.269372
0.273504,0.010196,-0.006415,469.991517
0.981834,0.065927,-0.078663,364.755278
0.082023,0.001633,-0.000687,497.321652
0.184361,0.006461,-0.003024,482.773593
0.166420,0.053484,-0.002493,485.333452
0.290782,0.069276,-0.007219,467.501719
0.262862,0.034024,-0.005944,471.522578
0.971262,0.034020,-0.076986,366.374817
0.387861,0.010655,-0.012620,453.443859
0.865512,0.044510,-0.061220,382.489202
0.558059,0.064401,-0.025723,428.502189
0.342931,0.063307,-0.009933,459.965080
0.931279,0.077694,-0.070809,372.484606
0.543688,0.038161,-0.024437,430.622829
0.854675,0.063228,-0.059708,384.132071
0.165588,0.036495,-0.002470,485.452171
0.942440,0.044593,-0.072507,370.781398
0.014245,0.012029,-0.000055,506.882435
0.885046,0.064139,-0.063994,379.523532
0.570767,0.052639,-0.026887,426.624904
0.359891,0.068155,-0.010909,457.506308
0.071290,0.035350,-0.000538,498.839252
0.178431,0.061681,-0.002842,483.619776
0.994457,0.066436,-0.080690,362.819994
0.859119,0.070894,-0.060325,383.458456
0.765864,0.033833,-0.048037,397.538416
0.254092,0.035551,-0.005569,472.783509
0.405671,0.002275,-0.013774,450.851608
0.466609,0.023935,-0.018106,441.950614
0.689784,0.037838,-0.039058,408.940306
0.655827,0.001199,-0.035352,414.005176
0.799288,0.069332,-0.052278,392.505013
0.785838,0.054115,-0.050550,394.532212
0.984227,0.048325,-0.079045,364.388764
0.481242,0.008522,-0.019234,439.806137
0.478576,0.041515,-0.019026,440.196850
0.266497,0.095320,-0.006103,470.999218
0.524036,0.091817,-0.022732,433.517802
0.817014,0.023623,-0.054602,389.830090
0.059566,0.047487,-0.000396,500.495667
0.329874,0.030344,-0.009213,461.855579
0.309018,0.095454,-0.008119,464.869921
0.214476,0.013050,-0.004028,478.466941
0.083531,0.024248,-0.000709,497.107991
0.311358,0.070734,-0.008238,464.532124
0.706589,0.005873,-0.040960,406.428663
0.370728,0.093347,-0.011557,455.933189
0.053055,0.068751,-0.000327,501.414596
0.947672,0.087455,-0.073310,369.981899
0.914288,0.077564,-0.068264,375.074795
0.170223,0.026222,-0.002602,484.791321
0.892087,0.025075,-0.065009,378.453739
0.710461,0.017372,-0.041405,405.849244
0.406987,0.047035,-0.013861,450.659586
0.455412,0.052092,-0.017265,443.589372
0.114269,0.077036,-0.001243,492.751629
0.369898,0.007230,-0.011507,456.054362
0.499691,0.048483,-0.020706,437.098067
0.235426,0.043693,-0.004812,475.463721
0.192146,0.071743,-0.003269,481.660917
0.720470,0.036593,-0.042566,404.350599
0.596169,0.052456,-0.029293,422.865914
0.350761,0.003170,-0.010378,458.830953
0.752401,0.069510,-0.046379,399.561298
0.328041,0.015493,-0.009114,462.120970
0.681411,0.008968,-0.038127,410.190790
0.992627,0.086156,-0.080394,363.100632
0.890338,0.027703,-0.064756,378.719674
0.475319,0.016265,-0.018773,440.674512
0.557779,0.040997,-0.025697,428.543660
0.568070,0.002785,-0.026638,427.023861
0.056380,0.080985,-0.000362,500.945192
0.723736,0.042066,-0.042949,403.861375
0.857292,0.025597,-0.060071,383.735767
0.899526,0.034296,-0.066091,377.322407
0.979733,0.055658,-0.078328,365.077276
-0.000001,0.051612,-0.000002,508.884159
0.749769,0.010569,-0.046059,399.957171
0.979789,0.085682,-0.078337,365.068502
0.933413,0.074131,-0.071132,372.159091
0.539260,0.052163,-0.024047,431.275645
0.015479,0.009998,-0.000060,506.708865
0.393279,0.028364,-0.012965,452.655607
0.244550,0.060069,-0.005175,474.153956
0.676655,0.010393,-0.037603,410.900467
0.192430,0.077837,-0.003278,481.620205
0.291113,0.021872,-0.007235,467.454295
0.544027,0.027872,-0.024467,430.572979
0.064872,0.065071,-0.000458,499.745991
0.254374,0.025705,-0.005581,472.743069
0.268457,0.078508,-0.006189,470.717379
0.596394,0.089673,-0.029315,422.832227
0.408806,0.004036,-0.013982,450.394866
0.892369,0.050744,-0.065050,378.410698
0.341615,0.081486,-0.009859,460.155523
0.895259,0.094742,-0.065469,377.970905
0.261834,0.099226,-0.005899,471.669991
0.584208,0.075421,-0.028147,424.636729
0.120133,0.068080,-0.001362,491.919241
0.627728,0.054671,-0.032427,418.184085
0.765530,0.085277,-0.047995,397.588312
0.291236,0.029077,-0.007241,467.436612
0.233546,0.029303,-0.004739,475.733594
0.067551,0.043123,-0.000491,499.367753
0.002010,0.042184,-0.000018,508.601741
0.400613,0.073541,-0.013440,451.587734
0.034011,0.088253,-0.000163,504.099709
0.675818,0.027970,-0.037511,411.025134
0.506617,0.072686,-0.021273,436.080230
0.888439,0.014417,-0.064482,379.008371
0.768175,0.084410,-0.048324,397.190459
0.868311,0.089773,-0.061614,382.064246
0.061173,0.062802,-0.000415,500.268494
0.582725,0.024854,-0.028007,424.856657
0.236820,0.041401,-0.004866,475.263694
0.513435,0.077104,-0.021838,435.077696
0.799287,0.053118,-0.052278,392.505211
0.509020,0.009318,-0.021471,435.727429
0.117480,0.065018,-0.001308,492.296014
0.102903,0.025627,-0.001028,494.364228
0.668821,0.060965,-0.036748,412.068419
0.984629,0.073274,-0.079109,364.326981
0.105663,0.053456,-0.001079,493.972542
0.162420,0.068292,-0.002382,485.903586
0.963193,0.076193,-0.075718,367.609279
0.858576,0.082493,-0.060250,383.540685
0.487412,0.071275,-0.019720,438.900609
0.596634,0.029576,-0.029338,422.797234
0.611065,0.097377,-0.030752,420.657340
0.083385,0.074152,-0.000707,497.128287
0.905666,0.014451,-0.066990,376.388107
0.693079,0.073322,-0.039427,408.447756
0.871911,0.084499,-0.062122,381.518002
0.537450,0.031952,-0.023889,431.542591
0.391389,0.087430,-0.012844,452.930040
0.604459,0.019267,-0.030101,421.637630
0.139029,0.028214,-0.001783,489.234319
0.249004,0.054242,-0.005357,473.514307
0.557507,0.084999,-0.025673,428.583485
0.574082,0.012342,-0.027195,426.135145
0.669660,0.026945,-0.036839,411.943586
0.803837,0.032723,-0.052870,391.819187
0.578169,0.020115,-0.027578,425.530647
0.123954,0.002360,-0.001443,491.377127
0.090587,0.005627,-0.000819,496.109314
0.182895,0.068903,-0.002978,482.982464
0.745954,0.047459,-0.045596,400.529577
0.033035,0.007949,-0.000157,504.237826
0.522863,0.099996,-0.022761,433.688848
0.208603,0.055244,-0.003821,479.307312
0.941652,0.033046,-0.072386,370.901926
0.294728,0.086281,-0.007409,466.932458
0.967426,0.046084,-0.076382,366.961784
0.426744,0.006468,-0.015204,447.779091
0.470338,0.048721,-0.018390,441.404121
0.729689,0.027120,-0.043650,402.969437
0.090414,0.036065,-0.000816,496.133627
0.854609,0.005596,-0.059698,384.142585
0.378029,0.017810,-0.012004,454.873234
0.044142,0.048746,-0.000244,502.672068
0.651245,0.035906,-0.034867,414.687061
0.597583,0.037221,-0.029430,422.656573
0.437867,0.019780,-0.015988,446.154822
0.875184,0.090266,-0.062586,381.021132
0.381931,0.053566,-0.012246,454.305783
0.866977,0.062218,-0.061426,382.266885
0.867883,0.087641,-0.061553,382.129117
0.172539,0.004986,-0.002669,484.461076
0.225379,0.039897,-0.004427,476.904626
0.568883,0.050041,-0.026713,426.903417
0.317801,0.038805,-0.008571,463.601497
0.561538,0.050338,-0.026039,427.988544
0.637236,0.018926,-0.033403,416.771415
0.218900,0.023197,-0.004188,477.833115
0.612636,0.077848,-0.030908,420.424472
0.145780,0.020207,-0.001947,488.273826
0.384336,0.062321,-0.012397,453.956053
0.402805,0.048042,-0.013584,451.268669
0.254428,0.079914,-0.005583,472.734892
0.971651,0.098738,-0.077047,366.314671
0.476362,0.075115,-0.018854,440.521027
0.164119,0.011835,-0.002429,485.661860
0.200128,0.063348,-0.003531,480.519813
0.005935,0.028588,-0.000027,508.050481
0.260705,0.072221,-0.005850,471.832496
0.071310,0.067375,-0.000538,498.836166
0.038712,0.023659,-0.000199,503.437800
0.010674,0.047056,-0.000042,507.384192
0.027995,0.016292,-0.000124,504.947620
0.095086,0.077407,-0.000892,495.471484
0.478747,0.048696,-0.019039,440.171640
0.165432,0.019088,-0.002466,485.474517
0.684625,0.003425,-0.038483,409.711043
0.124714,0.016678,-0.001459,491.269066
0.217825,0.038640,-0.004149,477.987071
0.581032,0.003557,-0.027847,425.107311
0.289437,0.040319,-0.007155,467.695847
0.470269,0.001365,-0.018385,441.414599
0.706899,0.078972,-0.040996,406.381683
0.502602,0.054444,-0.020943,436.670306
0.215677,0.001621,-0.004071,478.294955
0.822854,0.001880,-0.055378,388.948011
0.701464,0.094462,-0.040375,407.194363
0.172123,0.066476,-0.002656,484.519898
0.597841,0.068595,-0.029455,422.618128
0.827643,0.072174,-0.056019,388.223473
0.823576,0.073579,-0.055475,388.838202
0.677552,0.040901,-0.037701,410.766330
0.567352,0.090781,-0.026572,427.129350
0.882403,0.021416,-0.063615,379.925413
0.244762,0.042768,-0.005184,474.123754
0.829483,0.024730,-0.056267,387.945685
0.808555,0.080403,-0.053487,391.106792
0.540126,0.018998,-0.024123,431.148239
0.857757,0.031635,-0.060136,383.665176
0.218870,0.099312,-0.004186,477.836808
0.253510,0.090314,-0.005544,472.866612
0.629052,0.066832,-0.032562,417.987375
0.409737,0.097450,-0.014044,450.258476
0.298541,0.057930,-0.007595,466.382687
0.918034,0.034791,-0.068821,374.504376
0.892264,0.029614,-0.065035,378.426829
0.704846,0.010392,-0.040761,406.689337
0.928300,0.029098,-0.070359,372.939491
0.883547,0.045551,-0.063779,379.751412
0.646263,0.031104,-0.034342,415.428648
0.163790,0.077620,-0.002420,485.708201
0.202381,0.026767,-0.003607,480.197921
0.425849,0.019219,-0.015142,447.909559
0.446021,0.021242,-0.016576,444.963138
0.210444,0.092729,-0.003885,479.043575
0.107741,0.033895,-0.001118,493.678109
0.666414,0.057674,-0.036488,412.427358
0.691758,0.046768,-0.039279,408.645345
0.586134,0.046440,-0.028330,424.351918
0.104670,0.017794,-0.001061,494.113674
0.466349,0.011144,-0.018086,441.988779
0.148812,0.029794,-0.002023,487.842225
0.607062,0.030112,-0.030357,421.251603
0.365089,0.057578,-0.011218,456.752199
0.045294,0.083983,-0.000253,502.509401
0.797221,0.060326,-0.052011,392.816695
0.248772,0.091170,-0.005347,473.547414
0.368081,0.029307,-0.011397,456.318011
0.228307,0.041871,-0.004538,476.484747
0.492745,0.010732,-0.020146,438.118305
0.649671,0.048790,-0.034701,414.921238
0.186172,0.091302,-0.003079,482.514225
0.725159,0.081614,-0.043116,403.647799
0.784287,0.051451,-0.050352,394.765853
0.823037,0.004609,-0.055403,388.920294
0.886874,0.023024,-0.064257,379.246221
0.526809,0.023969,-0.022969,433.110166
0.947548,0.018987,-0.073290,370.001478
0.285228,0.004226,-0.006956,468.302811
0.340305,0.006921,-0.009786,460.345845
0.577004,0.005331,-0.027468,425.703076
0.906244,0.072991,-0.067075,376.299662
0.046672,0.020089,-0.000266,502.315552
0.074268,0.042814,-0.000577,498.418247
0.848262,0.088637,-0.058822,385.103308
0.621057,0.093517,-0.031751,419.174487
0.717023,0.015879,-0.042165,404.866996
0.060534,0.087969,-0.000407,500.358597
0.557907,0.088629,-0.025709,428.524348
0.861096,0.062389,-0.060601,383.158721
0.492190,0.042294,-0.020101,438.199636
0.533159,0.023365,-0.023516,432.174921
0.538135,0.088125,-0.023949,431.441069
0.627121,0.087589,-0.032365,418.274085
0.349346,0.043384,-0.010297,459.035615
0.979309,0.028253,-0.078260,365.142574
0.294778,0.068197,-0.007412,466.925429
0.729272,0.073513,-0.043601,403.031548
0.302121,0.070738,-0.007772,465.865890
0.336102,0.087825,-0.009553,460.953783
0.147108,0.049793,-0.001980,488.084670
0.667369,0.031674,-0.036591,412.285192
0.313534,0.095063,-0.008350,464.217631
0.708566,0.027343,-0.041187,406.132652
0.238802,0.021587,-0.004945,474.979491
0.714477,0.059447,-0.041869,405.247803
0.438826,0.015062,-0.016057,446.014662
0.165697,0.045390,-0.002473,485.436505
0.044124,0.048745,-0.000243,502.674697
0.084423,0.047010,-0.000722,496.981687
0.859361,0.036419,-0.060359,383.422102
0.490291,0.039793,-0.019949,438.478374
0.527266,0.036516,-0.023008,433.042812
0.000948,0.034944,-0.000016,508.751008
0.072054,0.009104,-0.000548,498.731583
0.461893,0.077604,-0.017749,442.640729
0.036127,0.043485,-0.000179,503.801954
0.078295,0.093678,-0.000633,497.848242
0.422407,0.060751,-0.014904,448.411339
0.357721,0.032970,-0.010782,457.821427
0.003322,0.065021,-0.000021,508.417280
0.990168,0.098713,-0.079998,363.477585
0.267225,0.026361,-0.006135,470.895040
0.498132,0.012754,-0.020580,437.327341
0.298901,0.020118,-0.007613,466.331039
0.955969,0.064156,-0.074592,368.714116
0.079609,0.037923,-0.000652,497.662939
0.981487,0.043121,-0.078607,364.808696
0.632522,0.093135,-0.032917,417.471482
0.440389,0.039050,-0.016169,445.786209
0.441054,0.082644,-0.016216,445.688630
0.550606,0.070142,-0.025052,429.602196
0.844500,0.048573,-0.058305,385.673351
0.316287,0.015932,-0.008492,463.820432
0.893255,0.084381,-0.065179,378.275697
0.217225,0.000729,-0.004127,478.073235
0.853152,0.060112,-0.059497,384.362932
0.444509,0.003705,-0.016466,445.184331
0.743048,0.059742,-0.045245,400.965595
0.681552,0.026244,-0.038142,410.169559
0.110923,0.015304,-0.001178,493.226807
0.569848,0.087429,-0.026802,426.760498
0.266969,0.065825,-0.006124,470.931633
0.479408,0.002262,-0.019091,440.075115
0.912436,0.042908,-0.067989,375.357125
0.519386,0.008938,-0.022338,434.202879
0.804490,0.062532,-0.052955,391.720295
0.535193,0.090947,-0.023692,431.874635
0.274014,0.059029,-0.006438,469.917701
0.982083,0.046931,-0.078702,364.717418
0.022860,0.020116,-0.000095,505.670410
0.118343,0.061768,-0.001325,492.173434
0.653658,0.019781,-0.035122,414.328022
0.162108,0.096958,-0.002373,485.947810
0.592539,0.020439,-0.028943,423.403902
0.830614,0.028637,-0.056419,387.774651
0.092443,0.077605,-0.000848,495.845937
0.511991,0.044364,-0.021718,435.290432
0.386484,0.089902,-0.012532,453.643542
0.559225,0.096827,-0.025828,428.329787
0.693978,0.008417,-0.039528,408.314043
0.025594,0.026879,-0.000110,505.285576
0.351184,0.037096,-0.010402,458.769348
0.972053,0.015692,-0.077110,366.253912
0.634593,0.073409,-0.033130,417.163803
0.164852,0.079712,-0.002449,485.556787
0.342928,0.097331,-0.009933,459.965263
0.367633,0.038591,-0.011370,456.383048
0.009445,0.088082,-0.000037,507.556708
0.727663,0.015911,-0.043411,403.273181
0.071711,0.037348,-0.000544,498.779771
0.175454,0.005610,-0.002754,484.045168
0.230338,0.081332,-0.004615,476.193266
0.684627,0.075485,-0.038483,409.710177
0.166717,0.065784,-0.002502,485.290985
0.000483,0.098868,-0.000015,508.815760
0.706454,0.046589,-0.040945,406.448484
0.770540,0.095816,-0.048619,396.834746
0.010904,0.093874,-0.000042,507.351479
0.039866,0.065221,-0.000208,503.274784
0.316368,0.024610,-0.008497,463.808707
0.953297,0.061933,-0.074178,369.122629
0.309186,0.083202,-0.008127,464.845850
0.899909,0.008184,-0.066147,377.264277
0.109077,0.041790,-0.001143,493.488500
0.350647,0.072339,-0.010372,458.846908
0.205124,0.000391,-0.003701,479.805719
0.375599,0.097018,-0.011854,455.225615
0.159922,0.028344,-0.002314,486.259894
0.435559,0.059824,-0.015824,446.491511
0.259738,0.000003,-0.005886,471.971706
0.819831,0.059440,-0.054976,389.404268
0.395567,0.000571,-0.013113,452.322797
0.541019,0.062936,-0.024202,431.016236
0.388761,0.030370,-0.012677,453.312815
0.067885,0.064181,-0.000495,499.320367
0.633057,0.069463,-0.032972,417.392158
0.604876,0.026466,-0.030142,421.575726
0.228340,0.058370,-0.004539,476.479984
0.970857,0.042270,-0.076922,366.436770
0.058471,0.083478,-0.000384,500.650010
0.237728,0.029104,-0.004902,475.133486
0.044755,0.017546,-0.000249,502.585921
0.236420,0.056961,-0.004851,475.321032
0.618988,0.085833,-0.031543,419.481817
0.327192,0.010549,-0.009069,462.243750
0.609783,0.047769,-0.030625,420.848004
0.013230,0.041409,-0.000051,507.024910
0.465163,0.005531,-0.017996,442.162471
0.614296,0.051982,-0.031074,420.178331
0.046413,0.006815,-0.000264,502.352113
0.175127,0.021678,-0.002744,484.091639
0.527322,0.010263,-0.023013,433.034687
0.164215,0.014803,-0.002432,485.648135
0.224177,0.028645,-0.004382,477.076930
0.247694,0.084033,-0.005303,473.702286
0.901868,0.004832,-0.066433,376.966304
0.962437,0.038150,-0.075600,367.725236
0.646947,0.064834,-0.034414,415.326522
0.319003,0.041286,-0.008634,463.427742
0.066815,0.086319,-0.000481,499.471397
0.382807,0.042398,-0.012301,454.178604
0.409427,0.068943,-0.014023,450.303903
0.795695,0.042368,-0.051814,393.046939
0.596571,0.006058,-0.029332,422.806781
0.958321,0.088639,-0.074958,368.354284
0.931138,0.078579,-0.070788,372.506148
0.079851,0.076424,-0.000655,497.628288
0.467724,0.041760,-0.018190,441.787081
0.862875,0.021506,-0.060850,382.889361
0.123311,0.053675,-0.001429,491.468019
0.145526,0.035271,-0.001941,488.309867
0.157548,0.011467,-0.002250,486.598286
0.925989,0.091556,-0.070012,373.291327
0.906854,0.016249,-0.067165,376.207359
0.648970,0.084565,-0.034627,415.025309
0.540658,0.069831,-0.024170,431.069406
0.008022,0.063976,-0.000033,507.756862
0.255994,0.061624,-0.005649,472.509847
0.669867,0.030841,-0.036862,411.912689
0.799183,0.026290,-0.052265,392.521199
0.215561,0.074333,-0.004067,478.311036
0.613635,0.097176,-0.031008,420.276156
0.415109,0.014206,-0.014406,449.476140
0.667070,0.007343,-0.036559,412.329962
0.291240,0.081353,-0.007241,467.435501
0.074353,0.057121,-0.000579,498.406088
0.288135,0.063124,-0.007093,467.883344
0.125063,0.001910,-0.001467,491.219663
0.979630,0.013746,-0.078312,365.093454
0.565798,0.009319,-0.026429,427.359539
0.935253,0.009385,-0.071411,371.878799
0.564370,0.020941,-0.026298,427.570415
0.143453,0.060455,-0.001890,488.604745
0.927057,0.080405,-0.070172,373.128634
0.120192,0.092187,-0.001363,491.910646
0.923785,0.087224,-0.069681,373.627341
0.283960,0.040201,-0.006896,468.485339
0.972351,0.076797,-0.077158,366.207646
0.372549,0.077967,-0.011668,455.668806
0.681680,0.020304,-0.038156,410.150559
0.234666,0.002735,-0.004782,475.573037
0.672775,0.076217,-0.037178,411.478747
0.546473,0.078029,-0.024683,430.211854
0.812850,0.032673,-0.054051,390.458796
0.649865,0.026361,-0.034721,414.892609
0.724966,0.019428,-0.043093,403.677298
0.276937,0.071685,-0.006571,469.496746
0.959597,0.004172,-0.075156,368.159824
0.269846,0.034417,-0.006251,470.517819
0.752066,0.095087,-0.046339,399.611477
0.337537,0.091804,-0.009632,460.746039
0.263038,0.093440,-0.005951,471.496807
0.414505,0.040089,-0.014365,449.563903
0.649255,0.058998,-0.034657,414.983096
0.992010,0.012301,-0.080294,363.195896
0.043183,0.080475,-0.000235,502.807103
0.528476,0.076159,-0.023112,432.864286
0.776986,0.033656,-0.049428,395.865273
0.940890,0.070052,-0.072270,371.017908
0.808699,0.069424,-0.053505,391.085141
0.234337,0.038088,-0.004769,475.620062
0.194813,0.027511,-0.003356,481.280040
0.709446,0.033394,-0.041288,406.000989
0.673248,0.077234,-0.037230,411.408056
0.513920,0.051204,-0.021879,435.006598
0.555277,0.096136,-0.025471,428.912610
0.353931,0.004786,-0.010561,458.371255
0.291445,0.018694,-0.007251,467.406460
0.404366,0.023967,-0.013687,451.041504
0.485951,0.060578,-0.019605,439.115054
0.860001,0.008399,-0.060448,383.325296
0.667407,0.041507,-0.036595,412.279452
0.348213,0.047285,-0.010232,459.199832
0.432611,0.029821,-0.015615,446.922406
0.715760,0.010380,-0.042018,405.056216
0.278307,0.072366,-0.006634,469.299460
0.995740,0.093138,-0.080897,362.623008
0.445974,0.045621,-0.016572,444.969883
0.323733,0.077432,-0.008883,462.743625
0.926685,0.098011,-0.070116,373.185193
0.148551,0.071567,-0.002016,487.879059
0.852664,0.097664,-0.059429,384.436539
0.497527,0.081204,-0.020531,437.415657
0.679282,0.055819,-0.037892,410.508100
0.292936,0.059560,-0.007322,467.191235
0.117583,0.066827,-0.001310,492.281244
0.251041,0.000178,-0.005442,473.222125
0.918430,0.003555,-0.068880,374.444303
0.065183,0.015851,-0.000462,499.702524
0.542735,0.027666,-0.024353,430.763438
0.652187,0.061603,-0.034966,414.546679
0.936009,0.068085,-0.071526,371.762941
0.161105,0.047974,-0.002346,486.091080
0.986811,0.099027,-0.079459,363.992302
0.126356,0.067423,-0.001495,491.035462
0.562313,0.064945,-0.026110,427.873961
0.911796,0.091986,-0.067894,375.454221
0.578779,0.095263,-0.027635,425.439776
0.424300,0.049994,-0.015035,448.135331
0.009398,0.025240,-0.000037,507.563809
0.908227,0.060142,-0.067367,375.997875
0.461416,0.046896,-0.017713,442.710800
0.592570,0.068922,-0.028946,423.398925
0.951226,0.056369,-0.073858,369.439130
0.651439,0.067110,-0.034887,414.658001
0.585161,0.025912,-0.028238,424.496141
0.035778,0.024718,-0.000177,503.851281
0.377844,0.006563,-0.011993,454.900120
0.988645,0.058401,-0.079753,363.711440
0.962642,0.028732,-0.075632,367.693910
0.634057,0.028260,-0.033075,417.243882
0.834304,0.036645,-0.056917,387.216539
0.379435,0.085897,-0.012091,454.668356
0.131813,0.058473,-0.001616,490.260070
0.606849,0.045144,-0.030336,421.283086
0.715931,0.045659,-0.042038,405.030175
0.533721,0.063498,-0.023564,432.091797
0.391099,0.078643,-0.012825,452.972358
0.661444,0.085182,-0.035952,413.167729
0.232325,0.085235,-0.004691,475.908216
0.091564,0.012131,-0.000834,495.970950
0.046075,0.030069,-0.000261,502.399646
0.218812,0.023666,-0.004184,477.845700
0.994687,0.024517,-0.080727,362.785119
0.241215,0.093619,-0.005040,474.632497
0.797219,0.094061,-0.052010,392.816787
0.158288,0.082988,-0.002270,486.492211
0.161835,0.087280,-0.002366,485.986799
0.118452,0.095884,-0.001328,492.157716
0.551884,0.022984,-0.025166,429.413965
0.546463,0.074545,-0.024682,430.213302
0.323894,0.028171,-0.008892,462.720728
0.855808,0.031033,-0.059865,383.960662
0.461195,0.078599,-0.017697,442.742803
0.227986,0.094556,-0.004525,476.530437
0.396821,0.036986,-0.013194,452.139976
0.571823,0.028003,-0.026985,426.468957
0.939518,0.032976,-0.072060,371.227594
0.342240,0.041688,-0.009894,460.065256
0.325609,0.057251,-0.008984,462.472421
0.868132,0.092211,-0.061588,382.091360
0.812644,0.068786,-0.054024,390.489653
0.696136,0.079889,-0.039771,407.990922
0.442824,0.008991,-0.016344,445.430620
0.718269,0.096284,-0.042310,404.679747
0.398512,0.074325,-0.013303,451.893620
0.691840,0.067342,-0.039288,408.632922
0.515109,0.088504,-0.021978,434.831480
0.039656,0.034171,-0.000206,503.304663
0.493471,0.041403,-0.020204,438.011532
0.207335,0.099370,-0.003776,479.488481
0.220781,0.076727,-0.004256,477.563273
0.494749,0.020826,-0.020307,437.824042
0.389770,0.074936,-0.012741,453.165676
0.701028,0.015180,-0.040326,407.260180
0.148138,0.083747,-0.002006,487.937733
0.870811,0.028656,-0.061966,381.685457
0.542367,0.073980,-0.024320,430.817368
0.225899,0.084052,-0.004446,476.829723
0.423608,0.040522,-0.014987,448.236349
0.809005,0.081343,-0.053546,391.038886
0.818294,0.076932,-0.054771,389.636304
0.348319,0.029066,-0.010238,459.184586
0.921717,0.063588,-0.069371,373.942810
0.340634,0.082030,-0.009804,460.297636
0.034558,0.044968,-0.000168,504.022956
0.061288,0.097292,-0.000416,500.251998
0.041103,0.055542,-0.000218,503.100483
0.305233,0.050292,-0.007928,465.416943
0.309333,0.036230,-0.008135,464.824944
0.484975,0.069496,-0.019528,439.258154
0.677213,0.084627,-0.037664,410.816565
0.792960,0.034867,-0.051461,393.459274
0.039083,0.017440,-0.000202,503.385550
0.367388,0.019326,-0.011356,456.418690
0.134328,0.064578,-0.001673,489.902461
0.553473,0.031994,-0.025309,429.179377
0.282145,0.046100,-0.006811,468.746744
0.008190,0.011029,-0.000034,507.733688
0.479924,0.048381,-0.019131,439.999123
0.693140,0.098285,-0.039434,408.438497
0.890979,0.003996,-0.064849,378.622468
0.719283,0.015427,-0.042428,404.528569
0.381612,0.020664,-0.012227,454.352455
0.503703,0.073112,-0.021033,436.508417
0.019038,0.005291,-0.000076,506.208317
0.675224,0.062992,-0.037446,411.113468
0.549768,0.043198,-0.024977,429.725983
0.623471,0.058630,-0.031995,418.816326
0.478182,0.018107,-0.018995,440.254810
0.811799,0.029734,-0.053913,390.617510
0.438610,0.030485,-0.016041,446.046197
0.118621,0.064763,-0.001331,492.134010
0.901971,0.060839,-0.066448,376.950104
0.253026,0.006474,-0.005524,472.936969
0.670757,0.001727,-0.036958,411.780332
0.797951,0.028553,-0.052105,392.706911
0.237105,0.060836,-0.004877,475.222736
0.667221,0.088778,-0.036575,412.306763
0.552237,0.074788,-0.025198,429.361469
0.415692,0.007321,-0.014445,449.391130
0.615211,0.043449,-0.031165,420.042662
0.646195,0.085612,-0.034335,415.438255
0.837458,0.028520,-0.057345,386.739431
0.490984,0.010377,-0.020005,438.376854
0.515323,0.051188,-0.021996,434.800265
0.002160,0.002468,-0.000019,508.581028
0.760580,0.067728,-0.047383,398.332477
0.743780,0.074236,-0.045334,400.855634
0.187057,0.071256,-0.003107,482.388008
0.662027,0.092911,-0.036015,413.080753
0.648114,0.077474,-0.034537,415.152728
0.300763,0.000471,-0.007705,466.062470
0.730960,0.067152,-0.043801,402.778581
0.176276,0.000594,-0.002778,483.927947
0.130398,0.013385,-0.001584,490.461585
0.942628,0.087474,-0.072536,370.752392
0.389480,0.055207,-0.012722,453.208113
0.667117,0.052986,-0.036564,412.322560
0.717906,0.042241,-0.042267,404.734603
0.012967,0.078491,-0.000050,507.061643
0.720162,0.035737,-0.042530,404.396715
0.264487,0.038442,-0.006015,471.288816
0.962078,0.016099,-0.075543,367.780384
0.465809,0.032232,-0.018045,442.067716
0.941043,0.084585,-0.072293,370.994313
0.048582,0.082424,-0.000284,502.045554
0.530280,0.043107,-0.023267,432.598864
0.472080,0.041332,-0.018524,441.148917
0.563550,0.063408,-0.026223,427.691251
0.821508,0.099982,-0.055357,389.147390
0.714136,0.076862,-0.041830,405.298670
0.420070,0.044793,-0.014744,448.752429
0.273884,0.053485,-0.006432,469.936378
0.499474,0.012520,-0.020689,437.130302
0.742158,0.085519,-0.045138,401.098932
0.305088,0.088628,-0.007920,465.437534
0.169929,0.087414,-0.002593,484.832670
0.690195,0.087822,-0.039104,408.878457
0.110079,0.027592,-0.001162,493.346513
0.938929,0.093742,-0.071971,371.317087
0.959094,0.008224,-0.075078,368.236861
0.263539,0.086235,-0.005973,471.424777
0.178031,0.092213,-0.002830,483.676660
0.084058,0.028556,-0.000717,497.033406
0.306031,0.072333,-0.007968,465.301428
0.326739,0.072648,-0.009044,462.308801
0.091924,0.033458,-0.000840,495.919764
0.592182,0.042629,-0.028909,423.456541
0.224316,0.079077,-0.004387,477.056635
0.308264,0.029652,-0.008081,464.979337
0.190781,0.096728,-0.003225,481.855707
0.622250,0.005568,-0.031872,418.998160
0.425340,0.003692,-0.015107,447.983889
0.396129,0.002757,-0.013149,452.241045
0.868575,0.024407,-0.061651,382.024782
0.457694,0.062548,-0.017435,443.255465
0.557845,0.007815,-0.025703,428.534213
0.504702,0.055070,-0.021115,436.361853
0.749860,0.028250,-0.046070,399.943287
0.314945,0.052184,-0.008423,464.014164
0.387862,0.091251,-0.012619,453.443126
0.242374,0.044546,-0.005087,474.466573
0.208783,0.071033,-0.003827,479.281411
0.040723,0.065519,-0.000215,503.153954
0.740344,0.061790,-0.044920,401.371289
0.660112,0.029083,-0.035810,413.366643
0.107920,0.068668,-0.001121,493.652378
0.858367,0.089670,-0.060221,383.572277
0.506798,0.051046,-0.021288,436.053786
0.930722,0.021080,-0.070725,372.570161
0.594161,0.076013,-0.029099,423.163120
0.387885,0.088586,-0.012621,453.439770
0.219315,0.093996,-0.004203,477.773069
0.740432,0.042008,-0.044931,401.358235
0.744129,0.059902,-0.045376,400.803434
0.702546,0.064267,-0.040498,407.032771
0.176382,0.049740,-0.002781,483.912353
0.699992,0.004116,-0.040208,407.415163
0.635740,0.077537,-0.033248,416.993322
0.518109,0.000018,-0.022358,434.389249
0.228891,0.094195,-0.004560,476.400675
0.095260,0.026052,-0.000895,495.447255
0.983447,0.061710,-0.078920,364.508204
0.092674,0.098630,-0.000852,495.813049
0.222761,0.085600,-0.004329,477.279383
0.490039,0.058344,-0.019929,438.515220
0.583864,0.093044,-0.028115,424.687550
0.754751,0.093688,-0.046667,399.208231
0.212026,0.053062,-0.003941,478.817356
0.153188,0.045817,-0.002135,487.218949
0.837622,0.072970,-0.057367,386.714207
0.420573,0.013304,-0.014778,448.679345
0.418763,0.086621,-0.014654,448.942721
0.006427,0.008282,-0.000029,507.981502
0.661138,0.045825,-0.035920,413.213641
0.462745,0.077134,-0.017813,442.515965
0.780234,0.049517,-0.049838,395.376202
0.095854,0.024284,-0.000905,495.363156
0.595772,0.030141,-0.029255,422.924973
0.343505,0.007993,-0.009966,459.882315
0.318305,0.024484,-0.008598,463.528780
0.390761,0.054620,-0.012804,453.021673
0.057616,0.051896,-0.000375,500.770896
0.529101,0.006290,-0.023166,432.772722
0.888949,0.035706,-0.064556,378.930685
0.261785,0.071833,-0.005897,471.677157
0.630334,0.098368,-0.032693,417.796516
0.165586,0.004569,-0.002470,485.452682
0.076732,0.076352,-0.000611,498.069458
0.098982,0.005806,-0.000959,494.920076
0.161368,0.006643,-0.002354,486.053933
0.812622,0.064467,-0.054021,390.492946
0.237871,0.086215,-0.004908,475.112610
0.410520,0.076077,-0.014096,450.144495
0.845729,0.051541,-0.058474,385.487307
0.371164,0.095962,-0.011583,455.869857
0.742322,0.094497,-0.045158,401.074178
0.131964,0.029420,-0.001619,490.238841
0.072820,0.098491,-0.000558,498.622551
0.467563,0.025919,-0.018178,441.810764
0.881372,0.015338,-0.063467,380.082132
0.304366,0.083947,-0.007884,465.541836
0.096084,0.077846,-0.000909,495.330205
0.111813,0.025083,-0.001195,493.100445
0.596830,0.073553,-0.029357,422.767797
0.191268,0.025330,-0.003241,481.786736
0.134552,0.098249,-0.001678,489.870322
0.057052,0.013923,-0.000369,500.850859
0.452250,0.060888,-0.017031,444.051928
0.754334,0.094652,-0.046616,399.270844
0.088738,0.007795,-0.000789,496.371175
0.529527,0.046618,-0.023202,432.709742
0.821944,0.071467,-0.055257,389.084947
0.116612,0.009593,-0.001291,492.419574
0.300429,0.069503,-0.007688,466.110132
0.540063,0.044173,-0.024118,431.157232
0.731409,0.038391,-0.043854,402.711444
0.252787,0.007180,-0.005514,472.971178
0.282988,0.066178,-0.006850,468.625181
0.266214,0.094266,-0.006090,471.039977
0.035763,0.005221,-0.000177,503.853513
0.813355,0.072969,-0.054118,390.382277
0.356289,0.031898,-0.010698,458.029108
0.549802,0.090449,-0.024980,429.720661
0.084562,0.034875,-0.000725,496.962116
0.565548,0.020774,-0.026406,427.396422
0.866991,0.072055,-0.061428,382.264645
0.437376,0.027957,-0.015953,446.226422
0.202268,0.020650,-0.003603,480.214085
0.535865,0.051864,-0.023751,431.775904
0.939695,0.021797,-0.072087,371.200811
0.007046,0.000187,-0.000031,507.894501
0.257613,0.028167,-0.005718,472.277443
0.927954,0.099039,-0.070307,372.991671
0.917426,0.001467,-0.068730,374.597294
0.812723,0.072842,-0.054035,390.477606
0.436731,0.068740,-0.015907,446.320291
0.419403,0.084609,-0.014698,448.849329
0.629105,0.012600,-0.032567,417.979933
0.758578,0.051017,-0.047136,398.633545
0.541514,0.088294,-0.024245,430.943011
0.074754,0.014121,-0.000584,498.349716
0.122227,0.031945,-0.001406,491.622212
0.259502,0.088505,-0.005799,472.005410
0.344755,0.047089,-0.010036,459.700966
0.960519,0.048905,-0.075300,368.018509
0.173694,0.055715,-0.002702,484.295831
0.733490,0.044746,-0.044101,402.399388
0.644724,0.084787,-0.034181,415.657206
0.872509,0.064075,-0.062206,381.427465
0.774247,0.049292,-0.049083,396.277315
0.000801,0.018242,-0.000016,508.771783
0.911713,0.055056,-0.067882,375.467180
0.911995,0.001132,-0.067924,375.424714
0.436317,0.098538,-0.015878,446.380594
0.226389,0.018007,-0.004465,476.760010
0.091283,0.035765,-0.000830,496.010547
0.639564,0.063176,-0.033644,416.424850
0.452201,0.027097,-0.017028,444.059426
0.941678,0.082446,-0.072390,370.897448
0.429646,0.053821,-0.015407,447.354974
0.632763,0.092688,-0.032942,417.435604
0.641473,0.036225,-0.033842,416.141136
0.383930,0.020811,-0.012372,454.015388
0.812735,0.095828,-0.054036,390.475690
0.011913,0.094317,-0.000046,507.209670
0.052156,0.091326,-0.000318,501.541268
0.891087,0.074403,-0.064865,378.605399
0.766592,0.033046,-0.048127,397.429093
0.339607,0.038390,-0.009747,460.446661
0.193110,0.097536,-0.003300,481.522960
0.722371,0.095988,-0.042789,404.065418
0.040989,0.004892,-0.000217,503.116919
0.132946,0.099538,-0.001641,490.098713
0.698130,0.098019,-0.039997,407.692698
0.913486,0.010348,-0.068145,375.197554
0.557406,0.026556,-0.025663,428.598885
0.120037,0.045063,-0.001360,491.933039
0.162214,0.071890,-0.002376,485.932903
0.608755,0.064606,-0.030524,421.000299
0.497414,0.083337,-0.020522,437.432166
0.940538,0.075726,-0.072216,371.071552
0.828709,0.059255,-0.056162,388.062511
0.905843,0.052738,-0.067016,376.360925
0.111094,0.013894,-0.001182,493.202568
0.946474,0.005204,-0.073125,370.165618
0.822254,0.017672,-0.055298,389.038476
0.045728,0.020126,-0.000258,502.448598
0.027363,0.025278,-0.000120,505.036423
0.679395,0.018183,-0.037904,410.491598
0.776896,0.098044,-0.049417,395.878333
0.034787,0.082563,-0.000169,503.990395
0.218519,0.039447,-0.004174,477.887654
0.911420,0.069771,-0.067839,375.511579
0.683486,0.030520,-0.038356,409.880879
0.422882,0.020183,-0.014937,448.342464
0.883796,0.036536,-0.063815,379.713683
0.055333,0.012185,-0.000351,501.093518
0.805846,0.060709,-0.053132,391.515740
0.976224,0.094930,-0.077771,365.614484
0.473931,0.015169,-0.018666,440.877952
0.921511,0.099978,-0.069502,373.970310
0.404361,0.067717,-0.013687,451.041865
0.605562,0.049347,-0.030209,421.473854
0.557924,0.021812,-0.025710,428.522472
0.321812,0.056635,-0.008782,463.021571
0.250547,0.020930,-0.005421,473.292954
0.310096,0.049892,-0.008174,464.714601
0.363196,0.058074,-0.011105,457.026861
0.152999,0.056069,-0.002130,487.245840
0.398428,0.000029,-0.013405,451.905374
0.505877,0.085229,-0.021212,436.188777
0.713849,0.064946,-0.041796,405.341699
0.208481,0.030452,-0.003816,479.324969
0.493844,0.079775,-0.020234,437.956376
0.841123,0.052205,-0.057844,386.184513
0.343887,0.092975,-0.009987,459.826259
0.915253,0.063078,-0.068407,374.927876
0.360222,0.022092,-0.010929,457.458638
0.812505,0.036624,-0.054006,390.510909
0.710587,0.098259,-0.041420,405.829677
0.234597,0.099330,-0.004779,475.582136
0.229123,0.074650,-0.004568,476.367468
0.735402,0.087722,-0.044329,402.112425
0.812925,0.082751,-0.054061,390.447070
0.695851,0.034489,-0.039739,408.033865
0.074980,0.007337,-0.000587,498.317879
0.867634,0.055353,-0.061518,382.167251
0.875076,0.061838,-0.062570,381.037731
0.971393,0.036147,-0.077006,366.354655
0.476533,0.046851,-0.018867,440.496254
0.320206,0.092972,-0.008697,463.253388
0.188831,0.076301,-0.003163,482.134566
0.163079,0.029922,-0.002400,485.809910
0.101588,0.078400,-0.001005,494.550212
0.321452,0.090137,-0.008763,463.073247
0.141586,0.092291,-0.001844,488.870099
0.670948,0.017028,-0.036979,411.751679
0.468112,0.058904,-0.018220,441.730101
0.853812,0.014374,-0.059588,384.263240
0.101775,0.090763,-0.001008,494.523502
0.934765,0.044099,-0.071337,371.953003
0.047004,0.022752,-0.000269,502.268715
0.442248,0.061179,-0.016302,445.514355
0.464861,0.021124,-0.017973,442.206570
0.799414,0.074840,-0.052295,392.485989
0.122430,0.063927,-0.001410,491.593082
0.358726,0.003501,-0.010841,457.675818
0.635856,0.072316,-0.033260,416.976024
0.231593,0.055386,-0.004663,476.013469
0.843851,0.035902,-0.058216,385.771728
0.298578,0.016148,-0.007597,466.377690
0.376873,0.038826,-0.011933,455.041025
0.530766,0.089533,-0.023309,432.526927
0.199400,0.000340,-0.003507,480.624426
0.602135,0.011800,-0.029873,421.982233
0.896443,0.050885,-0.065641,377.791143
0.035831,0.097181,-0.000176,503.843241
0.476789,0.021866,-0.018887,440.458944
0.971056,0.031555,-0.076953,366.406305
0.108445,0.026786,-0.001131,493.578214
0.866556,0.035765,-0.061366,382.331004
0.258128,0.039703,-0.005740,472.203371
0.703767,0.087058,-0.040638,406.850043
0.899303,0.082190,-0.066058,377.355793
0.975277,0.090614,-0.077620,365.759575
0.816754,0.055972,-0.054567,389.869119
0.257200,0.098287,-0.005700,472.336240
0.244598,0.052169,-0.005177,474.147179
0.115523,0.027739,-0.001269,492.574080
0.747970,0.078293,-0.045840,400.226667
0.329509,0.096693,-0.009193,461.907841
0.711039,0.040717,-0.041472,405.762502
0.536586,0.016133,-0.023814,431.670035
0.450474,0.083739,-0.016901,444.311475
0.474719,0.017885,-0.018727,440.762439
0.137979,0.048174,-0.001758,489.383447
0.118981,0.012824,-0.001339,492.083303
0.110089,0.035586,-0.001162,493.344968
0.035763,0.013021,-0.000176,503.853480
0.557700,0.029930,-0.025690,428.555432
0.169959,0.011685,-0.002594,484.829134
0.236563,0.094931,-0.004856,475.300117
0.389930,0.023847,-0.012751,453.142789
0.952763,0.006728,-0.074095,369.204694
0.630492,0.082231,-0.032709,417.773302
0.342953,0.050156,-0.009934,459.962027
0.631070,0.096783,-0.032768,417.687282
0.267489,0.023343,-0.006147,470.857060
0.446263,0.004749,-0.016593,444.927884
0.208313,0.026082,-0.003811,479.349037
0.091285,0.032663,-0.000830,496.010234
0.284151,0.021134,-0.006905,468.457909
0.783310,0.020593,-0.050228,394.913315
0.023659,0.096652,-0.000099,505.557352
0.635627,0.078402,-0.033236,417.010144
0.402740,0.035419,-0.013580,451.278227
0.108056,0.088812,-0.001123,493.632919
0.338265,0.086865,-0.009673,460.640601
0.305121,0.048381,-0.007922,465.433038
0.700845,0.058692,-0.040305,407.287110
0.922528,0.033136,-0.069492,373.819522
0.509598,0.084617,-0.021519,435.641935
0.417171,0.067258,-0.014545,449.175085
0.878571,0.006377,-0.063067,380.507594
0.013109,0.024016,-0.000050,507.042069
0.380027,0.046224,-0.012128,454.582550
0.617284,0.007067,-0.031372,419.735327
0.306776,0.093729,-0.008005,465.193668
0.362820,0.087695,-0.011082,457.081188
0.767524,0.021936,-0.048243,397.289009
0.036284,0.067065,-0.000180,503.779575
0.430847,0.061941,-0.015491,447.179644
0.242160,0.011661,-0.005079,474.497573
0.430549,0.086991,-0.015470,447.222950
0.916612,0.099343,-0.068609,374.720497
0.986964,0.079115,-0.079483,363.969040
0.218993,0.057056,-0.004191,477.819475
0.250100,0.078671,-0.005402,473.356721
0.564408,0.095269,-0.026301,427.564176
0.032208,0.008243,-0.000151,504.354350
0.812698,0.019636,-0.054031,390.481930
0.672347,0.036021,-0.037132,411.542874
0.690406,0.089376,-0.039127,408.846948
0.053358,0.032614,-0.000330,501.372172
0.586605,0.040528,-0.028375,424.282319
0.805954,0.020531,-0.053146,391.499840
0.576893,0.058457,-0.027458,425.719046
0.203623,0.072011,-0.003649,480.019798
0.572919,0.094257,-0.027087,426.306422
0.020708,0.071381,-0.000083,505.972839
0.842892,0.041392,-0.058085,385.916869
0.212227,0.033590,-0.003948,478.788674
0.618550,0.094701,-0.031499,419.546705
0.890881,0.087448,-0.064835,378.636536
0.345772,0.009899,-0.010094,459.553891
0.003255,0.025620,-0.000021,508.427012
0.233232,0.025065,-0.004726,475.778566
0.484807,0.094461,-0.019514,439.282597
0.235035,0.054669,-0.004796,475.519770
0.869847,0.097271,-0.061830,381.831173
0.939923,0.068650,-0.072122,371.165555
0.440779,0.051148,-0.016197,445.729033
0.826594,0.072944,-0.055879,388.382054
0.082047,0.042434,-0.000687,497.317962
0.917215,0.087208,-0.068699,374.628741
0.214005,0.089616,-0.004011,478.533662
0.531812,0.066560,-0.023399,432.372985
0.195989,0.081648,-0.003394,481.111538
0.315993,0.016445,-0.008477,463.862992
0.697497,0.027739,-0.039925,407.787982
0.559463,0.047879,-0.025850,428.294936
0.941634,0.050449,-0.072383,370.904522
0.323067,0.089755,-0.008848,462.839776
0.047567,0.030770,-0.000274,502.189268
0.678903,0.087970,-0.037850,410.564314
0.153507,0.089320,-0.002143,487.173239
0.147451,0.015818,-0.001989,488.036122
0.930853,0.065452,-0.070745,372.549654
0.297889,0.001787,-0.007564,466.477225
0.283817,0.000029,-0.006972,468.505684
0.861140,0.095677,-0.060607,383.151820
0.503235,0.001543,-0.020995,436.577727
0.672937,0.099864,-0.037196,411.454330
0.098916,0.059264,-0.000958,494.929032
0.445957,0.045714,-0.016571,444.972310
0.515548,0.015611,-0.022015,434.767458
0.088592,0.065022,-0.000787,496.391313
0.331109,0.070478,-0.009280,461.676645
0.068511,0.027554,-0.000503,499.232165
0.275451,0.006344,-0.006504,469.711281
0.969032,0.074094,-0.076634,366.715837
0.664042,0.036662,-0.036232,412.780975
0.411348,0.007352,-0.014152,450.024403
0.478167,0.034986,-0.018994,440.256818
0.213175,0.065888,-0.003981,478.652770
0.792144,0.035748,-0.051356,393.582330
0.541036,0.022981,-0.024203,431.014024
0.183496,0.027588,-0.002997,482.896997
0.327675,0.071461,-0.009094,462.173467
0.739157,0.044435,-0.044778,401.549546
0.754920,0.039253,-0.046687,399.183288
0.847283,0.002428,-0.058687,385.252431
0.180812,0.039202,-0.002915,483.280119
0.307877,0.009476,-0.008061,465.035410
0.929849,0.064833,-0.070593,372.702840
0.335240,0.075731,-0.009506,461.078653
0.138128,0.092777,-0.001761,489.361945
0.881255,0.045820,-0.063451,380.099573
0.304483,0.094979,-0.007890,465.524800
0.708730,0.001904,-0.041206,406.108374
0.502955,0.066267,-0.020972,436.618346
0.479840,0.094651,-0.019124,440.011035
0.253640,0.024869,-0.005550,472.848593
0.007526,0.017293,-0.000032,507.827013
0.398626,0.076194,-0.013311,451.876924
0.661581,0.095780,-0.035967,413.147273
0.737990,0.045855,-0.044638,401.724534
0.091674,0.011953,-0.000836,495.955357
0.778159,0.055127,-0.049576,395.688540
0.129395,0.020578,-0.001562,490.604028
0.911709,0.015890,-0.067881,375.468090
0.571870,0.011791,-0.026990,426.462199
0.488715,0.081099,-0.019824,438.709198
0.952894,0.030189,-0.074115,369.184511
0.913599,0.002219,-0.068161,375.180362
0.115314,0.027919,-0.001264,492.603735
0.062489,0.052286,-0.000430,500.082769
0.441175,0.044541,-0.016225,445.671259
0.053349,0.082362,-0.000330,501.373026
0.261778,0.082900,-0.005897,471.678102
0.243885,0.092457,-0.005148,474.249235
0.303891,0.073313,-0.007860,465.610450
0.431564,0.031730,-0.015542,447.075170
0.081222,0.081692,-0.000675,497.434258
0.520260,0.063742,-0.022412,434.073789
0.785232,0.025087,-0.050472,394.623767
0.461712,0.071252,-0.017735,442.667273
0.158682,0.035471,-0.002281,486.436494
0.522752,0.084909,-0.022623,433.706954
0.339594,0.004759,-0.009747,460.448831
0.276260,0.068297,-0.006540,469.594174
0.092719,0.056698,-0.000853,495.806958
0.109530,0.003863,-0.001152,493.424516
0.196518,0.040793,-0.003412,481.036232
0.502209,0.093045,-0.020911,436.727783
0.358602,0.040593,-0.010834,457.693561
0.959275,0.095921,-0.075106,368.208309
0.231460,0.031347,-0.004658,476.032694
0.212860,0.010739,-0.003970,478.698232
0.930843,0.046217,-0.070743,372.551414
0.127138,0.056071,-0.001512,490.924434
0.128034,0.033796,-0.001531,490.797364
0.279935,0.015062,-0.006709,469.065305
0.655681,0.081651,-0.035337,414.026168
0.955032,0.048985,-0.074447,368.857550
0.971488,0.052897,-0.077021,366.339995
0.214090,0.016781,-0.004014,478.522131
0.704712,0.019496,-0.040746,406.709195
0.228774,0.044836,-0.004555,476.417750
0.809894,0.048219,-0.053662,390.904944
0.149084,0.000305,-0.002030,487.803722
0.993543,0.039060,-0.080542,362.960442
0.873877,0.041559,-0.062400,381.219926
0.368812,0.017291,-0.011441,456.212001
0.210326,0.047106,-0.003881,479.060741
0.469827,0.085895,-0.018351,441.478633
0.014414,0.086079,-0.000055,506.858106
0.840345,0.048987,-0.057738,386.302294
0.137882,0.010843,-0.001756,489.397582
0.784178,0.077664,-0.050338,394.782017
0.442661,0.094847,-0.016332,445.453688
0.194590,0.067276,-0.003348,481.311620
0.213595,0.055677,-0.003996,478.592729
0.902214,0.057071,-0.066484,376.913237
0.088024,0.082804,-0.000778,496.471582
0.075006,0.040515,-0.000587,498.313909
0.587910,0.037453,-0.028500,424.089147
0.334908,0.000968,-0.009488,461.127389
0.962223,0.069365,-0.075566,367.757641
0.860844,0.064073,-0.060566,383.196947
0.794674,0.005819,-0.051682,393.201127
0.558361,0.063785,-0.025750,428.457512
0.889659,0.012769,-0.064658,378.823017
0.967282,0.010580,-0.076359,366.984170
0.477619,0.033929,-0.018952,440.337138
0.214762,0.031426,-0.004038,478.425787
0.380034,0.087409,-0.012128,454.581275
0.460043,0.002146,-0.017610,442.912161
0.318238,0.048960,-0.008594,463.538295
0.778763,0.016991,-0.049652,395.597895
0.048165,0.021709,-0.000280,502.104904
0.959763,0.025039,-0.075182,368.134304
0.871761,0.024837,-0.062100,381.541289
0.116517,0.049457,-0.001288,492.432745
0.687750,0.010834,-0.038830,409.244258
0.418641,0.031031,-0.014646,448.960991
0.939587,0.007625,-0.072071,371.217392
0.511890,0.063216,-0.021709,435.305121
0.096830,0.024391,-0.000922,495.224910
0.295503,0.041896,-0.007447,466.821020
0.935409,0.033031,-0.071435,371.854921
0.195191,0.018591,-0.003368,481.226120
0.822161,0.089549,-0.055286,389.051954
0.676269,0.073692,-0.037561,410.957498
0.150373,0.029065,-0.002063,487.619969
0.069098,0.074355,-0.000510,499.148829
0.732980,0.015408,-0.044040,402.476228
0.852886,0.044362,-0.059460,384.403260
0.138059,0.083668,-0.001760,489.371756
0.165177,0.096804,-0.002458,485.510270
0.536318,0.075167,-0.023790,431.709041
0.682753,0.089884,-0.038275,409.989733
0.457321,0.096529,-0.017407,443.309719
0.214665,0.072618,-0.004035,478.439359
0.804503,0.004238,-0.052956,391.718867
0.002080,0.014346,-0.000019,508.592130
0.129101,0.097048,-0.001555,490.645213
0.510780,0.068909,-0.021617,435.468204
0.400553,0.095389,-0.013437,451.596271
0.003675,0.063244,-0.000022,508.367684
0.433979,0.059406,-0.015712,446.722376
0.163569,0.094610,-0.002414,485.739503
0.989580,0.016231,-0.079903,363.568444
0.927887,0.009059,-0.070297,373.002630
0.413819,0.075438,-0.014318,449.663676
0.692845,0.014859,-0.039401,408.483241
0.763338,0.007563,-0.047723,397.918426
0.840961,0.086855,-0.057822,386.208783
0.467740,0.087683,-0.018191,441.784316
0.132606,0.060891,-0.001634,490.147319
0.003546,0.006233,-0.000022,508.386270
0.158248,0.048025,-0.002269,486.498204
0.795530,0.059152,-0.051792,393.071732
0.078455,0.017512,-0.000635,497.826216
0.283421,0.072477,-0.006871,468.562666
0.577505,0.035726,-0.027515,425.628723
0.259332,0.008115,-0.005792,472.030406
0.855317,0.031772,-0.059797,384.035098
0.749096,0.068681,-0.045977,400.057660
0.900011,0.049803,-0.066162,377.248461
0.188569,0.009217,-0.003155,482.172572
0.866532,0.002106,-0.061363,382.334832
0.894024,0.031324,-0.065290,378.159165
0.555221,0.078117,-0.025466,428.921016
0.943285,0.010682,-0.072636,370.652708
0.649973,0.099289,-0.034732,414.875845
0.102881,0.060323,-0.001028,494.367051
0.928627,0.047374,-0.070409,372.889412
0.522793,0.033142,-0.022626,433.701274
0.589547,0.099117,-0.028656,423.846337
0.644709,0.092590,-0.034180,415.659270
0.100837,0.007459,-0.000992,494.657177
0.552674,0.032669,-0.025237,429.297293
0.119525,0.072883,-0.001350,492.005552
0.100597,0.040042,-0.000987,494.690952
0.790976,0.031802,-0.051206,393.758344
0.744086,0.090275,-0.045371,400.809500
0.583711,0.063667,-0.028100,424.710371
0.411714,0.052524,-0.014177,449.970742
0.330401,0.007863,-0.009242,461.779620
0.267429,0.007045,-0.006144,470.865878
0.576023,0.071776,-0.027377,425.847641
0.754700,0.050495,-0.046660,399.216195
0.051242,0.037784,-0.000309,501.670717
0.190105,0.039114,-0.003204,481.952855
0.083670,0.043208,-0.000711,497.088158
0.397046,0.062252,-0.013208,452.107125
0.858747,0.047706,-0.060274,383.515022
0.905306,0.020788,-0.066937,376.442894
0.304618,0.060364,-0.007897,465.505571
0.395051,0.092701,-0.013079,452.397185
0.678170,0.032018,-0.037769,410.674247
0.493357,0.049499,-0.020195,438.028167
0.242763,0.054014,-0.005103,474.410559
0.241593,0.055817,-0.005056,474.578644
0.816248,0.036887,-0.054500,389.945745
0.677947,0.004644,-0.037745,410.707706
0.310056,0.054562,-0.008172,464.720388
0.626986,0.013634,-0.032352,418.294657
0.741066,0.012128,-0.045007,401.263367
0.769806,0.014154,-0.048527,396.945878
0.339865,0.058944,-0.009762,460.409102
0.060493,0.069455,-0.000407,500.364561
0.145065,0.056061,-0.001929,488.375368
0.428726,0.068616,-0.015343,447.489241
0.205512,0.013398,-0.003714,479.749969
0.160503,0.027321,-0.002330,486.177045
0.347163,0.006357,-0.010173,459.352290
0.981249,0.051867,-0.078569,364.845098
0.298342,0.067077,-0.007586,466.411275
0.456627,0.075338,-0.017355,443.411403
0.237056,0.072002,-0.004876,475.229583
0.162147,0.013820,-0.002375,485.942909
0.916741,0.026883,-0.068628,374.701534
0.521988,0.016738,-0.022558,433.819968
0.544807,0.097495,-0.024536,430.457386
0.374449,0.022495,-0.011784,455.393261
0.093306,0.075693,-0.000863,495.723679
0.830581,0.041645,-0.056414,387.779529
0.627892,0.087890,-0.032444,418.159470
0.438994,0.088549,-0.016069,445.989495
0.069019,0.037627,-0.000509,499.160233
0.128079,0.091389,-0.001532,490.790438
0.049007,0.087128,-0.000287,501.985588
0.197191,0.006073,-0.003434,480.940217
0.372574,0.088882,-0.011669,455.665050
0.422839,0.047706,-0.014934,448.348542
0.179527,0.088398,-0.002875,483.463252
0.165940,0.097616,-0.002480,485.401532
0.282924,0.046488,-0.006848,468.634479
0.501814,0.066366,-0.020879,436.785970
0.002654,0.092194,-0.000019,508.510954
0.854070,0.067168,-0.059624,384.223698
0.402175,0.034156,-0.013543,451.360539
0.528884,0.052813,-0.023147,432.804421
0.820980,0.023014,-0.055128,389.231025
0.614629,0.061607,-0.031107,420.128843
0.992817,0.065221,-0.080425,363.071677
0.375079,0.034394,-0.011822,455.301705
0.241474,0.045227,-0.005051,474.595777
0.262084,0.091576,-0.005910,471.634103
0.881230,0.074827,-0.063447,380.103233
0.544974,0.083447,-0.024550,430.432824
0.633214,0.020125,-0.032988,417.369220
0.224783,0.041404,-0.004405,476.989989
0.214015,0.090749,-0.004011,478.532219
0.943603,0.088343,-0.072685,370.603471
0.673902,0.087231,-0.037301,411.310473
0.693568,0.021976,-0.039482,408.375155
0.155918,0.001661,-0.002207,486.830494
0.815034,0.092090,-0.054340,390.128610
0.874172,-0.000010,-0.062611,381.171965
0.046332,0.069585,-0.000263,502.363087
0.064188,0.099650,-0.000449,499.842425
0.314641,0.030702,-0.008407,464.058185
0.463344,0.013150,-0.017858,442.428731
0.210931,0.041518,-0.003902,478.974159
0.626952,0.003163,-0.032348,418.299908
0.811344,0.049808,-0.053853,390.686068
0.884586,0.090583,-0.063928,379.593294
0.630468,0.051249,-0.032707,417.777144
0.813204,0.034712,-0.054098,390.405441
0.306549,0.006523,-0.007994,465.227290
0.951271,0.083622,-0.073865,369.432041
0.335045,0.095214,-0.009495,461.106802
0.122383,0.068892,-0.001409,491.599803
0.520174,0.050755,-0.022404,434.086639
0.739076,0.091582,-0.044768,401.561321
0.630587,0.075481,-0.032719,417.759180
0.087659,0.078621,-0.000772,496.523277
0.132594,0.014375,-0.001634,490.149424
0.170598,0.053886,-0.002612,484.737569
0.602327,0.022948,-0.029892,421.953698
0.623185,0.025998,-0.031966,418.859152
0.078664,0.020042,-0.000638,497.796676
0.573501,0.078022,-0.027141,426.220553
0.381000,0.075821,-0.012188,454.440905
0.370612,0.008444,-0.011550,455.950645
0.398973,0.086024,-0.013333,451.826308
0.694190,0.020409,-0.039552,408.282157
0.196175,0.099203,-0.003400,481.084826
0.851734,0.076451,-0.059301,384.577538
0.353597,0.056566,-0.010542,458.419283
0.054483,0.002551,-0.000342,501.213546
0.617373,0.092088,-0.031381,419.721449
0.615951,0.008115,-0.031239,419.933239
0.685886,0.001764,-0.038623,409.522812
0.895890,0.036404,-0.065561,377.875329
0.545403,0.073234,-0.024588,430.369679
0.701554,0.023172,-0.040385,407.181480
0.122684,0.045398,-0.001416,491.557186
0.682722,0.007180,-0.038272,409.995099
0.910799,0.037405,-0.067747,375.606445
0.550988,0.003895,-0.025086,429.546307
0.129938,0.008241,-0.001574,490.526884
0.766830,0.093480,-0.048157,397.392767
0.701941,0.021338,-0.040429,407.123585
0.389655,0.003783,-0.012734,453.182982
0.724942,0.046164,-0.043090,403.680705
0.071342,0.088355,-0.000538,498.831575
0.634759,0.070116,-0.033147,417.139202
0.055274,0.058182,-0.000350,501.101526
0.143632,0.014724,-0.001894,488.579521
0.964964,0.014256,-0.075995,367.338902
0.947472,0.046081,-0.073279,370.012875
0.064012,0.073092,-0.000447,499.867486
0.967930,0.064250,-0.076461,366.884578
0.361766,0.092090,-0.011020,457.234043
0.574296,0.079471,-0.027215,426.102928
0.547743,0.028239,-0.024796,430.024965
0.036081,0.085994,-0.000178,503.807996
0.208340,0.005041,-0.003812,479.345389
0.517297,0.060406,-0.022162,434.509890
0.531144,0.040814,-0.023341,432.471532
0.120892,0.037105,-0.001378,491.811817
0.214760,0.073312,-0.004038,478.425734
0.134870,0.038711,-0.001686,489.825650
0.487495,0.018181,-0.019727,438.888774
0.240072,0.051702,-0.004995,474.796939
0.147189,0.077188,-0.001982,488.072864
0.613534,0.074704,-0.030998,420.291319
0.560285,0.099992,-0.026058,428.171401
0.447026,0.078837,-0.016649,444.815787
0.347513,0.003637,-0.010193,459.301657
0.789051,0.069117,-0.050960,394.048053
0.050450,0.030901,-0.000302,501.782450
0.863162,0.069185,-0.060890,382.845470
0.372837,0.035609,-0.011685,455.627303
0.234936,0.095186,-0.004792,475.533543
0.462227,0.049344,-0.017774,442.592051
0.121905,0.048940,-0.001399,491.667856
0.900283,0.068570,-0.066201,377.206869
0.639744,0.038530,-0.033662,416.398271
0.598883,0.015317,-0.029556,422.464193
0.905811,0.083269,-0.067012,376.365515
0.051116,0.035161,-0.000308,501.688507
0.733639,0.044495,-0.044119,402.377106
0.299504,0.026700,-0.007643,466.244021
0.311928,0.027532,-0.008267,464.450228
0.317039,0.013558,-0.008532,463.711797
0.029359,0.090885,-0.000132,504.754862
0.303706,0.087320,-0.007851,465.636993
0.468511,0.062821,-0.018250,441.671656
0.974812,0.038295,-0.077547,365.831162
0.700183,0.064940,-0.040230,407.386050
0.974156,0.012165,-0.077443,365.931924
0.418068,0.009705,-0.014607,449.044755
0.970857,0.099458,-0.076922,366.436261
0.424062,0.013091,-0.015018,448.170312
0.623334,0.058624,-0.031981,418.836666
0.984160,0.057470,-0.079034,364.398922
0.336743,0.030528,-0.009589,460.861490
0.202979,0.043761,-0.003627,480.112131
0.940557,0.057850,-0.072219,371.068807
0.902802,0.051739,-0.066570,376.823681
0.103964,0.030638,-0.001048,494.213702
0.190061,0.053353,-0.003202,481.958990
0.329403,0.019153,-0.009188,461.923906
0.566981,0.015107,-0.026538,427.184790
0.312102,0.033106,-0.008276,464.425046
0.315470,0.059188,-0.008450,463.938170
0.811498,0.007938,-0.053873,390.663161
0.974697,0.010361,-0.077529,365.848995
0.603339,0.017344,-0.029991,421.803663
0.352795,0.029185,-0.010495,458.535828
0.211073,0.084178,-0.003907,478.953593
0.318647,0.061304,-0.008615,463.479008
0.783616,0.037195,-0.050267,394.867095
0.195256,0.007724,-0.003370,481.216841
0.265788,0.062543,-0.006072,471.101570
0.530436,0.067059,-0.023280,432.575729
0.223362,0.096014,-0.004352,477.193148
0.576034,0.014870,-0.027378,425.846516
0.729072,0.019193,-0.043577,403.062033
0.713746,0.027608,-0.041784,405.357546
0.679639,0.074831,-0.037931,410.454596
0.646923,0.047194,-0.034412,415.330256
0.747032,0.076353,-0.045727,400.367500
0.098413,0.047592,-0.000949,495.000357
0.463517,0.097879,-0.017871,442.402662
0.321947,0.037210,-0.008789,463.002146
0.840629,0.052342,-0.057776,386.259292
0.087214,0.024614,-0.000765,496.586686
0.335470,0.016047,-0.009518,461.045940
0.945863,0.018763,-0.073031,370.258897
0.628080,0.086466,-0.032463,418.131525
0.346112,0.076533,-0.010113,459.504077
0.349046,0.073773,-0.010280,459.078912
0.798001,0.063815,-0.052112,392.699145
0.764023,0.052211,-0.047808,397.815086
0.437042,0.067140,-0.015929,446.274833
0.347423,0.014821,-0.010187,459.314546
0.203962,0.083423,-0.003661,479.971279
0.542013,0.007606,-0.024289,430.870143
0.348778,0.019173,-0.010265,459.118220
0.061602,0.063015,-0.000419,500.207996
0.451009,0.008939,-0.016940,444.233887
0.162703,0.077944,-0.002390,485.863126
0.777186,0.043365,-0.049453,395.835056
0.110679,0.009983,-0.001174,493.261479
0.815494,0.072888,-0.054400,390.059228
0.118620,0.041992,-0.001331,492.134253
0.707239,0.032407,-0.041035,406.331108
0.569570,0.084166,-0.026776,426.801554
0.747730,0.018881,-0.045811,400.263123
0.321962,0.026369,-0.008790,463.000123
0.781391,0.078416,-0.049985,395.201754
0.886367,0.097356,-0.064184,379.322564
0.858546,0.064684,-0.060246,383.545299
0.667837,0.068726,-0.036642,412.215054
0.939544,0.087364,-0.072064,371.223250
0.265582,0.035137,-0.006063,471.131420
0.409932,0.041136,-0.014057,450.230434
0.011321,0.074641,-0.000044,507.293126
0.258012,0.088533,-0.005735,472.219534
0.380547,0.093675,-0.012160,454.506643
0.473970,0.077756,-0.018669,440.871639
0.458210,0.028905,-0.017473,443.180135
0.065956,0.099461,-0.000471,499.592655
0.706029,0.002895,-0.040896,406.512402
0.882323,0.022661,-0.063604,379.937551
0.944425,0.000377,-0.072811,370.478689
0.921972,0.090415,-0.069409,373.903786
0.653683,0.092178,-0.035125,414.323639
0.264645,0.080532,-0.006021,471.265761
0.973278,0.076107,-0.077304,366.065741
0.563655,0.070481,-0.026232,427.675738
0.088217,0.033253,-0.000781,496.444737
0.879321,0.096911,-0.063175,380.392862
0.113553,0.069709,-0.001229,492.853278
0.660303,0.053659,-0.035830,413.338017
0.876024,0.058195,-0.062705,380.893870
0.603791,0.007994,-0.030035,421.736792
0.929831,0.012533,-0.070590,372.706082
0.582739,0.006077,-0.028008,424.854734
0.231227,0.049501,-0.004649,476.065951
0.119371,0.016838,-0.001347,492.027843
0.863018,0.081222,-0.060870,382.867199
0.066359,0.065882,-0.000476,499.535895
0.059104,0.090063,-0.000391,500.560570
0.249728,0.076687,-0.005387,473.410126
0.306362,0.059939,-0.007984,465.253813
0.359261,0.099291,-0.010872,457.597433
0.384506,0.025290,-0.012408,453.931654
0.803793,0.042412,-0.052864,391.825761
0.273587,0.003175,-0.006419,469.979577
0.326539,0.056121,-0.009033,462.337920
0.144500,0.088640,-0.001915,488.455515
0.377334,0.025132,-0.011961,454.974109
0.173006,0.030726,-0.002682,484.394220
0.666820,0.000231,-0.036532,412.367188
0.094863,0.065064,-0.000889,495.503291
0.530707,0.074996,-0.023304,432.535706
0.227586,0.027018,-0.004510,476.588222
0.575874,0.072121,-0.027363,425.869739
0.877398,0.086504,-0.062901,380.685009
0.821649,0.044307,-0.055217,389.129736
0.617237,0.041458,-0.031368,419.741989
0.316631,0.031823,-0.008510,463.770562
0.120057,0.037117,-0.001361,491.930284
0.394188,0.080998,-0.013024,452.522797
0.866407,0.012917,-0.061346,382.353686
0.226841,0.000950,-0.004482,476.695299
0.458390,0.036192,-0.017487,443.153787
0.106933,0.074509,-0.001102,493.792397
0.955236,0.099154,-0.074478,368.825875
0.928501,0.020611,-0.070390,372.908813
0.549216,0.075216,-0.024927,429.807143
0.284039,0.020366,-0.006900,468.474114
0.562378,0.060697,-0.026116,427.864326
0.158195,0.029849,-0.002268,486.505933
0.451211,0.074771,-0.016955,444.203834
0.859225,0.006604,-0.060340,383.442899
0.464282,0.045580,-0.017929,442.291215
0.814345,0.013328,-0.054248,390.233270
0.458660,0.085409,-0.017507,443.113907
0.417670,0.045495,-0.014580,449.102429
0.960139,0.040416,-0.075241,368.076677
0.691268,0.009829,-0.039224,408.718926
0.279559,0.089956,-0.006691,469.118932
0.743826,0.042388,-0.045339,400.848957
0.066701,0.023307,-0.000480,499.487917
0.854373,0.075666,-0.059666,384.177741
0.371325,0.041892,-0.011593,455.846870
0.713632,0.099219,-0.041771,405.373931
0.219755,0.014883,-0.004219,477.710665
0.713944,0.005990,-0.041807,405.328012
0.744601,0.009872,-0.045433,400.732992
0.898755,0.041408,-0.065978,377.439606
0.346476,0.024284,-0.010134,459.451778
0.771090,0.040899,-0.048688,396.752469
0.418984,0.051612,-0.014669,448.910702
0.426962,0.051713,-0.015220,447.746839
0.583982,0.096663,-0.028126,424.669978
0.535852,0.022855,-0.023750,431.778138
0.946420,0.082659,-0.073117,370.173164
0.015303,0.012810,-0.000059,506.733593
0.699835,0.020352,-0.040190,407.438511
0.591379,0.095510,-0.028832,423.575026
0.845587,0.087877,-0.058454,385.508430
0.280284,0.032919,-0.006725,469.014958
0.237485,0.045346,-0.004893,475.168305
0.754082,0.048729,-0.046585,399.309041
0.794232,0.020755,-0.051625,393.267657
