0.939510,0.027315,-0.102280,317.235450
0.350773,0.064738,-0.015892,434.580764
0.080417,0.071280,-0.000826,485.857102
0.323443,0.040242,-0.013674,439.838253
0.943361,0.000476,-0.103092,316.441985
0.754555,0.078174,-0.067091,354.953497
0.623395,0.039554,-0.046645,381.224054
0.931891,0.070876,-0.100682,318.804345
0.387102,0.030944,-0.019082,427.567311
0.015443,0.020808,0.000523,497.940035
0.939154,0.005146,-0.102205,317.309103
0.107469,0.027640,-0.001647,480.799861
0.867153,0.082068,-0.087620,332.085628
0.367051,0.006632,-0.017287,431.442384
0.066521,0.053343,-0.000464,488.449154
0.526599,0.052396,-0.033921,400.360072
0.324806,0.023809,-0.013781,439.576666
0.381024,0.020934,-0.018529,428.742978
0.565803,0.070424,-0.038833,392.634853
0.397165,0.000038,-0.020177,425.616691
0.336909,0.084246,-0.014747,437.249467
0.266844,0.052760,-0.009580,450.672709
0.261273,0.096604,-0.009213,451.734509
0.371077,0.076136,-0.017641,430.664259
0.007396,0.019014,0.000629,499.429901
0.647046,0.064492,-0.050058,376.515633
0.437852,0.098348,-0.024005,417.718699
0.377502,0.038951,-0.018212,429.423567
0.634719,0.074250,-0.048264,378.970922
0.954884,0.083829,-0.105544,314.063276
0.768977,0.023153,-0.069566,352.041636
0.913377,0.001485,-0.096851,322.613771
0.239178,0.088697,-0.007822,455.942188
0.248980,0.031053,-0.008427,454.077726
0.172426,0.036089,-0.004241,468.588761
0.091188,0.019167,-0.001135,483.845999
0.134603,0.016765,-0.002624,475.710549
0.134569,0.055051,-0.002622,475.716399
0.737169,0.017003,-0.064167,358.459282
0.344704,0.087861,-0.015386,435.749245
0.900047,0.004907,-0.094141,325.350714
0.921329,0.049478,-0.098487,320.978364
0.977306,0.091252,-0.110399,309.428086
-0.000037,0.072989,-0.000064,500.802551
0.648099,0.080160,-0.050213,376.305612
0.156385,0.070070,-0.003518,471.612465
0.140903,0.032501,-0.002872,474.526254
0.676872,0.097732,-0.054534,370.559813
0.138585,0.072639,-0.002780,474.961530
0.146659,0.031901,-0.003107,473.443715
0.794529,0.021298,-0.074062,346.869572
0.121761,0.083224,-0.002142,478.120313
0.737406,0.092757,-0.064207,358.410501
0.234969,0.043208,-0.007569,456.743039
0.409876,0.044226,-0.021224,423.155211
0.078728,0.090019,-0.000780,486.172100
0.101932,0.031238,-0.001467,481.836421
0.768547,0.067181,-0.069492,352.127982
0.043816,0.026338,0.000041,492.675410
0.748448,0.040513,-0.066056,356.186076
0.709426,0.041718,-0.059637,364.037439
0.457428,0.094030,-0.026049,413.904952
0.111759,0.072910,-0.001791,479.995586
0.817627,0.093844,-0.078249,342.179953
0.821192,0.067439,-0.078906,341.455763
0.579951,0.040879,-0.040687,389.838936
0.965296,0.065538,-0.107785,311.912646
0.282341,0.023099,-0.010634,447.713515
0.960692,0.055412,-0.106791,312.864389
0.579901,0.020015,-0.040680,389.849194
0.282875,0.030060,-0.010671,447.611393
0.260203,0.091702,-0.009143,451.938682
0.583815,0.059789,-0.041200,389.074095
0.458559,0.068073,-0.026169,413.684579
0.511893,0.009688,-0.032162,403.249417
0.119525,0.069350,-0.002062,478.539981
0.641218,0.040804,-0.049206,377.677282
0.218109,0.085697,-0.006591,459.944385
0.591574,0.045029,-0.042241,387.538215
0.308004,0.009740,-0.012491,442.801257
0.782864,0.042800,-0.071992,349.232242
0.439823,0.010749,-0.024207,417.336421
0.335575,0.008796,-0.014639,437.507098
0.985573,0.024997,-0.112217,307.717214
0.017099,0.001389,0.000499,497.633534
0.701170,0.051554,-0.058321,365.693937
0.179176,0.099309,-0.004560,467.313614
0.956180,0.034574,-0.105821,313.796565
0.561069,0.033720,-0.038223,393.570085
0.057601,0.066474,-0.000252,490.110633
0.062270,0.002932,-0.000362,489.241901
0.799590,0.025359,-0.074970,345.843210
0.433674,0.061937,-0.023579,418.532069
0.325785,0.011831,-0.013858,439.388767
0.992119,0.056525,-0.113091,306.385207
0.347262,0.073791,-0.015598,435.257019
0.026906,0.013798,0.000348,495.815239
0.365969,0.076775,-0.017192,431.650266
0.208187,0.020424,-0.006044,461.826427
0.161285,0.078414,-0.003733,470.689122
0.864291,0.096808,-0.087064,332.670266
0.734549,0.092111,-0.063732,358.985894
0.806365,0.082924,-0.076193,344.467776
0.831897,0.064576,-0.080894,339.277788
0.798666,0.033830,-0.074804,346.030470
0.402352,0.020286,-0.020504,424.614449
0.148079,0.093995,-0.003165,473.175733
0.784763,0.057453,-0.072327,348.847543
0.830288,0.028021,-0.080593,339.605865
0.614346,0.038830,-0.045370,383.021911
0.011862,0.075507,0.000572,498.602552
0.282831,0.033908,-0.010668,447.619800
0.266308,0.059059,-0.009544,450.774832
0.528327,0.044406,-0.034130,400.020441
0.501361,0.031742,-0.030931,405.315015
0.237217,0.059426,-0.007704,456.315439
0.077463,0.054854,-0.000746,486.408694
0.504855,0.033901,-0.031337,404.629951
0.853500,0.023402,-0.084982,334.875092
0.517152,0.043034,-0.032786,402.216439
0.449662,0.051400,-0.025228,415.419455
0.856960,0.062227,-0.085647,334.168122
0.468669,0.041261,-0.027259,411.711731
0.410581,0.045959,-0.021292,423.018379
0.590152,0.092160,-0.042049,387.819224
0.333771,0.016080,-0.014494,437.853815
0.214150,0.000016,-0.006513,460.694893
0.527000,0.032925,-0.033969,400.281439
0.613044,0.069861,-0.045188,383.280172
0.380531,0.096434,-0.018484,428.837182
0.361287,0.048135,-0.016786,432.554201
0.214460,0.079921,-0.006387,460.636477
0.081678,0.092227,-0.000861,485.621520
0.009348,0.016600,0.000604,499.068759
0.939532,0.038935,-0.102284,317.230818
0.094756,0.040966,-0.001243,483.178674
0.127136,0.022439,-0.002340,477.112653
0.373406,0.052273,-0.017847,430.214739
0.455863,0.048871,-0.025882,414.210622
0.136165,0.004548,-0.002685,475.417182
0.318188,0.076001,-0.013266,440.846719
0.926978,0.005856,-0.099658,319.816798
0.539393,0.071027,-0.035488,397.842558
0.756683,0.008459,-0.067453,354.525127
0.216984,0.097379,-0.006528,460.157594
0.071142,0.076584,-0.000580,487.587532
0.654022,0.078937,-0.051088,375.124466
0.812094,0.072152,-0.077236,343.304489
0.091185,0.075087,-0.001135,483.845713
0.893687,0.008592,-0.092861,326.654909
0.590597,0.040069,-0.042109,387.731787
0.029223,0.007616,0.000310,495.385505
0.561812,0.047965,-0.038318,393.423108
0.869028,0.092647,-0.087985,331.702255
0.411424,0.061001,-0.021374,422.854625
0.576139,0.043887,-0.040183,390.592861
0.451207,0.084229,-0.025390,415.118015
0.621662,0.037722,-0.046399,381.568614
0.291559,0.026959,-0.011285,445.950639
0.510351,0.000840,-0.031981,403.552280
0.516701,0.085527,-0.032732,402.304445
0.879848,0.015580,-0.090108,329.489892
0.084769,0.027493,-0.000948,485.045157
0.141980,0.027815,-0.002916,474.323899
0.534421,0.094997,-0.034875,398.821005
0.317023,0.002246,-0.013176,441.071327
0.834758,0.039070,-0.081429,338.695556
0.273286,0.015311,-0.010012,449.443613
0.480828,0.038304,-0.028598,409.335377
0.240407,0.021308,-0.007897,455.709463
0.841617,0.063703,-0.082721,337.297962
0.463125,0.090157,-0.026659,412.793450
0.836070,0.052459,-0.081676,338.428127
0.085188,0.011770,-0.000960,484.967111
0.185941,0.095774,-0.004890,466.035430
0.591330,0.078720,-0.042208,387.586181
0.965595,0.025209,-0.107849,311.851434
0.228936,0.017871,-0.007213,457.889925
0.196893,0.075319,-0.005445,463.964564
0.515649,0.093119,-0.032607,402.510849
0.089289,0.084742,-0.001079,484.199883
0.121737,0.054409,-0.002142,478.125185
0.160808,0.052336,-0.003712,470.779384
0.066054,0.076931,-0.000452,488.535955
0.910764,0.051348,-0.096317,323.149752
0.223774,0.058435,-0.006913,458.869666
0.992091,0.060075,-0.113141,306.388631
0.011410,0.091017,0.000578,498.685918
0.527081,0.068860,-0.033979,400.265051
0.932059,0.060260,-0.100717,318.770027
0.050596,0.081905,-0.000098,491.413839
0.532581,0.037261,-0.034649,399.183797
0.669906,0.082776,-0.053471,371.952681
0.514748,0.051567,-0.032500,402.688515
0.915847,0.026565,-0.097358,322.105793
0.587296,0.037041,-0.041666,388.385448
0.921794,0.077037,-0.098584,320.882303
0.397762,0.015410,-0.020071,425.503867
0.217059,0.007060,-0.006533,460.144553
-0.000058,0.028508,-0.000101,500.807023
0.336602,0.008061,-0.014722,437.309651
0.666938,0.039637,-0.053022,372.546463
0.939128,0.017816,-0.102199,317.314386
0.664119,0.053596,-0.052596,373.109386
0.046680,0.083078,-0.000016,492.142240
0.108348,0.007822,-0.001677,480.635471
0.160276,0.094290,-0.003688,470.878954
0.649367,0.040093,-0.050399,376.053373
0.226264,0.042487,-0.007057,458.396972
0.866447,0.012133,-0.087482,332.231060
0.293942,0.014130,-0.011456,445.494728
0.209986,0.082336,-0.006141,461.484613
0.398599,0.060332,-0.020150,425.341081
0.601639,0.060526,-0.043610,385.543359
0.203238,0.049686,-0.005778,462.763689
0.463106,0.000891,-0.026657,412.798329
0.650296,0.018885,-0.050536,375.868394
0.176393,0.074300,-0.004427,467.839405
0.735851,0.097861,-0.063948,358.723525
0.459747,0.002509,-0.026296,413.453676
0.034390,0.003936,0.000220,494.426658
0.612297,0.063863,-0.045084,383.428422
0.335004,0.056424,-0.014593,437.616171
0.127864,0.058867,-0.002367,476.975404
0.039986,0.048166,0.000116,493.386762
0.322314,0.055784,-0.013586,440.054956
0.667442,0.086837,-0.053098,372.445002
0.594333,0.038266,-0.042614,386.991848
0.139149,0.092039,-0.002802,474.855152
0.746088,0.037391,-0.065659,356.661854
0.238287,0.089248,-0.007768,456.111574
0.295477,0.091461,-0.011567,445.199958
0.319485,0.014163,-0.013366,440.598549
0.088285,0.022014,-0.001050,484.388329
0.989290,0.015247,-0.113039,306.947116
0.188587,0.006003,-0.005023,465.536443
0.877033,0.001646,-0.089553,330.066251
0.974957,0.051328,-0.109885,309.914932
0.973476,0.078956,-0.109562,310.220889
0.947308,0.054783,-0.103929,315.627203
0.054632,0.041757,-0.000186,490.663604
0.284563,0.011203,-0.010789,447.289038
0.198133,0.019932,-0.005510,463.730627
0.351924,0.095925,-0.015988,434.358603
0.343943,0.008728,-0.015323,435.896978
0.695655,0.091402,-0.057450,366.799106
0.665548,0.029142,-0.052812,372.824330
0.035872,0.037859,0.000193,494.151031
0.426990,0.087606,-0.022905,419.831490
0.134068,0.083456,-0.002603,475.810020
0.177444,0.084564,-0.004477,467.640781
0.443479,0.092585,-0.024584,416.623494
0.964104,0.062486,-0.107527,312.159190
0.296842,0.089951,-0.011666,444.938640
0.587721,0.033196,-0.041723,388.301410
0.259164,0.064180,-0.009076,452.137069
0.726297,0.089885,-0.062372,360.646498
0.597776,0.067442,-0.043082,386.309041
0.073120,0.054272,-0.000631,487.218926
0.798106,0.039913,-0.074703,346.143935
0.318143,0.062470,-0.013262,440.855546
0.738040,0.052592,-0.064312,358.283285
0.372233,0.038601,-0.017743,430.441501
0.000001,0.000421,0.000001,500.796710
0.267303,0.032814,-0.009610,450.585330
0.845750,0.077637,-0.083504,336.455177
0.723577,0.046379,-0.061927,361.194054
0.604558,0.036917,-0.044012,384.964701
0.033247,0.075460,0.000241,494.637818
0.341548,0.099915,-0.015285,436.354234
0.159760,0.095733,-0.003666,470.976138
0.625751,0.082249,-0.046979,380.754997
0.045924,0.042875,-0.000001,492.283317
0.527656,0.017794,-0.034049,400.152823
0.150165,0.039004,-0.003253,472.783838
0.591204,0.048675,-0.042191,387.611530
0.208922,0.033860,-0.006084,461.686944
0.595848,0.056580,-0.042820,386.691234
0.312982,0.086498,-0.012867,441.845465
0.130337,0.042956,-0.002460,476.511336
0.208830,0.029293,-0.006079,461.704474
0.150501,0.051860,-0.003267,472.720447
0.575134,0.070549,-0.040051,390.791192
0.200242,0.005729,-0.005620,463.331480
0.592492,0.095005,-0.042365,387.355640
0.091533,0.048231,-0.001145,483.781118
0.746775,0.090855,-0.065775,356.522618
0.018390,0.093500,0.000481,497.392997
0.492440,0.053477,-0.029907,407.062609
0.527390,0.099862,-0.034183,400.199934
0.910445,0.091821,-0.096252,323.214807
0.030911,0.039870,0.000281,495.071874
0.738819,0.064801,-0.064442,358.126234
0.470765,0.061883,-0.027488,411.301888
0.197163,0.047264,-0.005459,463.913732
0.359596,0.013161,-0.016641,432.880744
0.050559,0.045280,-0.000097,491.421256
0.564819,0.039491,-0.038706,392.829658
0.444985,0.036554,-0.024740,416.330891
0.903046,0.037301,-0.094747,324.734687
0.355235,0.069041,-0.016269,433.720752
0.771118,0.030344,-0.069937,351.608746
0.400950,0.007095,-0.020372,424.886289
0.079171,0.023867,-0.000793,486.090265
0.170666,0.031271,-0.004159,468.920794
0.156755,0.017639,-0.003535,471.543432
0.535331,0.082542,-0.034987,398.642026
0.528529,0.033202,-0.034155,399.980906
0.307740,0.057875,-0.012471,442.851219
0.010219,0.099055,0.000594,498.906432
0.583718,0.093151,-0.041187,389.092956
0.866740,0.080503,-0.087539,332.170109
0.488774,0.039135,-0.029490,407.780717
0.925904,0.054703,-0.099435,320.037104
0.489237,0.001459,-0.029543,407.690618
0.158130,0.090820,-0.003594,471.283374
0.525656,0.068872,-0.033807,400.545171
0.220365,0.003368,-0.006719,459.517428
0.101187,0.044808,-0.001443,481.975616
0.632581,0.074150,-0.047956,379.396444
0.028822,0.032965,0.000317,495.459664
0.428343,0.015082,-0.023041,419.569427
0.503161,0.007290,-0.031140,404.962530
0.211290,0.072432,-0.006213,461.237693
0.677290,0.024972,-0.054598,370.477189
0.697538,0.039741,-0.057747,366.422431
0.483060,0.010918,-0.028848,408.899132
0.100311,0.061312,-0.001415,482.139239
0.810916,0.091503,-0.077021,343.543546
0.930775,0.036730,-0.100449,319.034634
0.175133,0.041334,-0.004368,468.077677
0.868647,0.027975,-0.087910,331.780983
0.447085,0.034828,-0.024959,415.921797
0.212482,0.043894,-0.006278,461.012127
0.442557,0.033657,-0.024489,416.803806
0.088223,0.075787,-0.001047,484.399288
0.759426,0.095123,-0.067922,353.970163
0.321338,0.080958,-0.013510,440.241990
0.556604,0.047752,-0.037651,394.450955
0.806395,0.065135,-0.076199,344.461863
0.103149,0.096496,-0.001506,481.607756
0.281922,0.051360,-0.010605,447.793368
0.735910,0.080181,-0.063958,358.711998
0.624683,0.026401,-0.046827,380.968194
0.211817,0.072889,-0.006242,461.137644
0.128679,0.082108,-0.002397,476.822222
0.289145,0.017331,-0.011113,446.412710
0.555613,0.040732,-0.037525,394.646413
0.862780,0.059268,-0.086771,332.979554
0.021652,0.027098,0.000432,496.789321
0.166919,0.091633,-0.003986,469.626840
0.337244,0.077799,-0.014774,437.185192
0.773651,0.008775,-0.070378,351.096892
0.158334,0.067284,-0.003603,471.245335
0.465281,0.002054,-0.026892,412.373775
0.327499,0.004151,-0.013993,439.059628
0.728660,0.092506,-0.062760,360.171101
0.537098,0.019185,-0.035204,398.295078
0.399327,0.038130,-0.020218,425.200248
0.398553,0.090917,-0.020145,425.349514
0.568522,0.098981,-0.039186,392.097361
0.911208,0.021645,-0.096408,323.058987
0.354216,0.065261,-0.016182,433.917297
0.111313,0.015276,-0.001777,480.080038
0.358919,0.041547,-0.016583,433.010972
0.922560,0.076959,-0.098742,320.724636
0.992106,0.074993,-0.113115,306.386622
0.220282,0.011194,-0.006714,459.533114
0.577833,0.096852,-0.040406,390.257081
0.563198,0.025661,-0.038497,393.149912
0.389772,0.036343,-0.019328,427.050615
0.345856,0.005561,-0.015481,435.528753
0.305163,0.059847,-0.012278,443.345111
0.972166,0.004311,-0.109276,310.492960
0.237218,0.029793,-0.007704,456.315737
0.532786,0.006950,-0.034674,399.143818
0.913982,0.046731,-0.096975,322.488818
0.581551,0.044743,-0.040899,389.522428
0.512309,0.092520,-0.032211,403.166629
0.290194,0.052283,-0.011188,446.211468
0.350247,0.074401,-0.015847,434.681946
0.465731,0.014988,-0.026940,412.285721
0.883398,0.058737,-0.090810,328.762534
0.895174,0.038184,-0.093160,326.349588
0.041980,0.003824,0.000078,493.016776
0.857201,0.062731,-0.085693,334.119047
0.479226,0.087290,-0.028420,409.648006
0.022412,0.078548,0.000420,496.647834
0.349257,0.027376,-0.015765,434.873267
0.715599,0.053384,-0.060631,362.797556
0.455525,0.019792,-0.025847,414.277001
0.465490,0.056803,-0.026914,412.332189
0.495406,0.004980,-0.030245,406.482481
0.465130,0.020909,-0.026875,412.402930
0.026474,0.022167,0.000355,495.895366
0.352282,0.044938,-0.016019,434.290391
0.117892,0.004407,-0.002004,478.847086
0.457284,0.098124,-0.026033,413.932972
0.892604,0.014403,-0.092644,326.876842
0.380239,0.086191,-0.018458,428.893875
0.919135,0.015494,-0.098035,321.429887
0.644836,0.044715,-0.049734,376.956469
0.687511,0.006505,-0.056176,368.431918
0.370377,0.041589,-0.017579,430.799809
0.230399,0.015567,-0.007298,457.611977
0.305660,0.082982,-0.012315,443.249502
0.950956,0.042250,-0.104705,314.874800
0.594245,0.096837,-0.042602,387.008400
0.489327,0.049776,-0.029553,407.672307
0.930901,0.067083,-0.100475,319.008369
0.444177,0.054263,-0.024656,416.487932
0.507727,0.034994,-0.031672,404.066559
0.454130,0.013084,-0.025699,414.549235
0.247925,0.071596,-0.008361,454.278094
0.804968,0.066056,-0.075940,344.751424
0.628480,0.095398,-0.047368,380.212006
0.625147,0.094112,-0.046893,380.874900
0.223207,0.073284,-0.006881,458.977063
0.862052,0.073064,-0.086630,333.128179
0.850977,0.019134,-0.084500,335.389837
0.291361,0.079642,-0.011271,445.987839
0.830238,0.059112,-0.080584,339.615634
0.396236,0.083830,-0.019928,425.798458
0.625371,0.095035,-0.046925,380.830339
0.516931,0.068204,-0.032760,402.259511
0.889863,0.087147,-0.092097,327.437592
0.891331,0.088056,-0.092390,327.136801
0.296783,0.090081,-0.011662,444.949808
0.538055,0.097276,-0.035322,398.105731
0.207544,0.065762,-0.006009,461.947736
0.278346,0.065438,-0.010357,448.476515
0.617054,0.079091,-0.045750,382.483639
0.068094,0.064744,-0.000503,488.155928
0.212537,0.070317,-0.006281,461.001355
0.168992,0.031183,-0.004082,469.236525
0.974978,0.045550,-0.109890,309.910649
0.394287,0.058230,-0.019746,426.176167
0.291165,0.063478,-0.011257,446.025621
0.729243,0.002717,-0.062856,360.055068
0.507582,0.024025,-0.031655,404.095111
0.343669,0.022918,-0.015300,435.949497
0.957575,0.067172,-0.106121,313.507902
0.891288,0.019755,-0.092381,327.146553
0.818074,0.076324,-0.078331,342.089373
0.949113,0.067445,-0.104313,315.254665
0.229048,0.081243,-0.007219,457.867736
0.149736,0.047522,-0.003235,472.864516
0.651449,0.015452,-0.050707,375.638514
0.890623,0.039351,-0.092248,327.282634
0.460574,0.036214,-0.026385,413.291946
0.097776,0.064284,-0.001336,482.613543
0.533591,0.082044,-0.034773,398.984462
0.378159,0.006641,-0.018271,429.297046
0.420555,0.040761,-0.022266,421.082337
0.766533,0.022776,-0.069143,352.535743
0.898882,0.061132,-0.093906,325.588890
0.725100,0.082496,-0.062176,360.887250
0.889838,0.037650,-0.092091,327.443564
0.469570,0.013260,-0.027357,411.536029
0.604588,0.072015,-0.044016,384.958166
0.916161,0.002658,-0.097422,322.041517
0.658419,0.024652,-0.051742,374.247731
0.705751,0.011961,-0.059050,364.775384
0.467124,0.066984,-0.027091,412.013056
0.031745,0.068095,0.000267,494.916677
0.211199,0.057501,-0.006208,461.255050
0.618661,0.022784,-0.045976,382.165019
0.613649,0.069517,-0.045273,383.160003
0.914955,0.038396,-0.097175,322.288893
0.864209,0.054859,-0.087047,332.687745
0.200821,0.083098,-0.005650,463.220878
0.406258,0.022969,-0.020877,423.857163
0.191282,0.055770,-0.005158,465.026210
0.888091,0.062741,-0.091743,327.801147
0.526881,0.002317,-0.033955,400.305238
0.544449,0.045876,-0.036117,396.847196
0.365693,0.029821,-0.017168,431.704270
0.985032,0.098511,-0.112098,307.828206
0.220360,0.011028,-0.006719,459.518139
0.263048,0.038089,-0.009329,451.396951
0.711722,0.027451,-0.060006,363.576592
0.945403,0.086059,-0.103525,316.019744
0.027349,0.061426,0.000341,495.732551
0.933460,0.063438,-0.101010,318.481422
0.086800,0.088069,-0.001006,484.664982
0.978182,0.058491,-0.110591,309.247298
0.115303,0.026276,-0.001914,479.332140
0.166358,0.037884,-0.003961,469.733304
0.746043,0.049356,-0.065651,356.670740
0.930195,0.080617,-0.100328,319.153528
0.062071,0.030655,-0.000357,489.278593
0.070457,0.098481,-0.000562,487.715010
0.662158,0.068567,-0.052302,373.500768
0.594661,0.007436,-0.042659,386.927226
0.794711,0.086798,-0.074095,346.831716
0.239104,0.084288,-0.007818,455.956282
0.299722,0.004538,-0.011877,444.388177
0.579858,0.064371,-0.040674,389.857016
0.382019,0.021543,-0.018619,428.550474
0.443972,0.046632,-0.024635,416.528144
0.724530,0.090443,-0.062083,361.001838
0.093121,0.023002,-0.001193,483.484558
0.682031,0.059464,-0.055327,369.528154
0.314413,0.044863,-0.012976,441.571525
0.212970,0.066957,-0.006305,460.919299
0.358090,0.017053,-0.016512,433.171210
0.951020,0.002145,-0.104718,314.862164
0.455099,0.012575,-0.025801,414.360182
0.042734,0.082182,0.000063,492.875574
0.877856,0.006972,-0.089715,329.897691
0.766737,0.086076,-0.069179,352.493439
0.001729,0.095919,0.000696,500.477225
0.830478,0.094788,-0.080629,339.566156
0.546809,0.004095,-0.036412,396.382822
0.045878,0.058611,0.000000,492.291595
0.332728,0.072221,-0.014410,438.053713
0.939953,0.024227,-0.102373,317.144160
0.645768,0.092695,-0.049870,376.770005
0.795913,0.043587,-0.074310,346.588728
0.381834,0.055597,-0.018602,428.585922
0.521385,0.087297,-0.033292,401.384328
0.712751,0.029022,-0.060171,363.369943
0.257402,0.023656,-0.008962,452.473593
0.136485,0.033187,-0.002697,475.356686
0.065304,0.095438,-0.000434,488.675476
0.432945,0.041075,-0.023505,418.674314
0.782411,0.020661,-0.071912,349.324270
0.086880,0.059295,-0.001009,484.650415
0.807537,0.098692,-0.076406,344.229472
0.186938,0.077809,-0.004940,465.847226
0.956734,0.039246,-0.105940,313.682037
0.720244,0.079108,-0.061384,361.863785
0.496271,0.080762,-0.030344,406.311817
0.884845,0.073001,-0.091098,328.465920
0.987565,0.029756,-0.112657,307.304383
0.133981,0.010194,-0.002600,475.827497
0.499639,0.098922,-0.030732,405.651709
0.176451,0.069833,-0.004430,467.828405
0.768441,0.076211,-0.069473,352.149229
0.408676,0.017421,-0.021109,423.388245
0.016906,0.072009,0.000502,497.668264
0.251223,0.090114,-0.008568,453.649796
0.213498,0.055025,-0.006334,460.819337
0.991836,0.092454,-0.113605,306.418060
0.406900,0.070298,-0.020938,423.731978
0.654261,0.081603,-0.051123,375.076650
0.178857,0.095344,-0.004545,467.373873
0.002596,0.036099,0.000686,500.317804
0.093325,0.040095,-0.001199,483.446106
0.810530,0.023905,-0.076950,343.623003
0.080885,0.091882,-0.000839,485.769455
0.469427,0.059867,-0.027342,411.563252
0.814049,0.027272,-0.077593,342.908065
0.338744,0.095499,-0.014896,436.896230
0.709170,0.001219,-0.059596,364.089325
0.290435,0.006621,-0.011205,446.165993
0.032513,0.075415,0.000254,494.773986
0.055684,0.082210,-0.000209,490.467139
0.151356,0.054235,-0.003303,472.559440
0.313666,0.093120,-0.012919,441.714171
0.525820,0.088544,-0.033826,400.512659
0.107538,0.012619,-0.001650,480.787153
0.394723,0.010172,-0.019787,426.092482
0.436696,0.001577,-0.023887,417.945023
0.410594,0.033087,-0.021293,423.015976
0.217847,0.034887,-0.006577,459.994790
0.393306,0.024219,-0.019655,426.366640
0.354143,0.012903,-0.016176,433.932179
0.956276,0.018746,-0.105842,313.776922
0.049065,0.021578,-0.000066,491.699481
0.791187,0.074583,-0.073466,347.546032
0.233026,0.037832,-0.007453,457.112429
0.935041,0.039265,-0.101341,318.156155
0.000235,0.017872,0.000712,500.754561
0.542214,0.022451,-0.035838,397.287882
0.076017,0.080163,-0.000707,486.678107
0.617118,0.064599,-0.045759,382.471037
0.315729,0.009490,-0.013077,441.319592
0.448139,0.000371,-0.025069,415.716989
0.958122,0.083233,-0.106238,313.394738
0.288282,0.057353,-0.011052,446.577130
0.702646,0.081629,-0.058556,365.397285
0.230733,0.069645,-0.007318,457.547852
0.094215,0.048773,-0.001226,483.279604
0.414600,0.032042,-0.021682,422.238644
0.341134,0.004862,-0.015092,436.437732
0.890395,0.002227,-0.092202,327.329959
0.318791,0.031351,-0.013312,440.731705
0.098843,0.034780,-0.001369,482.414187
0.112730,0.071651,-0.001824,479.813742
0.096573,0.023074,-0.001299,482.839107
0.862872,0.016640,-0.086788,332.961399
0.305674,0.061729,-0.012316,443.247173
0.038620,0.041762,0.000142,493.640468
0.132660,0.058774,-0.002549,476.074817
0.769603,0.063636,-0.069675,351.914537
0.894097,0.049667,-0.092944,326.570339
0.920953,0.072985,-0.098410,321.055177
0.383385,0.073214,-0.018743,428.285581
0.225169,0.027854,-0.006994,458.605063
0.083959,0.026904,-0.000925,485.196355
0.584264,0.032021,-0.041260,388.985813
0.147760,0.038762,-0.003152,473.236461
0.614313,0.032386,-0.045366,383.028549
0.685928,0.054057,-0.055930,368.748259
0.221588,0.097556,-0.006788,459.283910
0.688000,0.015289,-0.056252,368.333767
0.623127,0.012690,-0.046607,381.277755
0.096434,0.093889,-0.001294,482.864114
0.716478,0.008456,-0.060773,362.621460
0.358807,0.060606,-0.016573,433.032358
0.022917,0.011685,0.000412,496.555088
0.053365,0.089305,-0.000158,490.898723
0.728131,0.027708,-0.062673,360.278341
0.147456,0.035998,-0.003140,473.293686
0.550578,0.027340,-0.036887,395.639625
0.422375,0.000945,-0.022446,420.729336
0.937870,0.079861,-0.101935,317.572692
0.219950,0.041054,-0.006695,459.595642
0.184222,0.028544,-0.004806,466.361288
0.357117,0.093985,-0.016429,433.357740
0.027097,0.007720,0.000345,495.779886
0.650677,0.015777,-0.050592,375.792480
0.846813,0.030702,-0.083706,336.239019
0.946272,0.030476,-0.103709,315.841281
0.879299,0.068101,-0.090000,329.601440
0.107405,0.044992,-0.001645,480.811604
0.877414,0.084873,-0.089628,329.986954
0.027084,0.094618,0.000346,495.781203
0.859702,0.041792,-0.086175,333.608541
0.362473,0.077745,-0.016889,432.324973
0.035090,0.030144,0.000207,494.296324
0.768324,0.007028,-0.069453,352.173970
0.881699,0.065249,-0.090474,329.110176
0.374939,0.058247,-0.017983,429.918396
0.061510,0.023601,-0.000343,489.383320
0.309559,0.021832,-0.012608,442.502826
0.413372,0.041288,-0.021563,422.476827
0.959964,0.092779,-0.106635,313.014065
0.393848,0.058301,-0.019705,426.261173
0.092141,0.050099,-0.001163,483.667462
0.963571,0.073215,-0.107412,312.269071
0.032519,0.084589,0.000254,494.772831
0.279795,0.077156,-0.010457,448.199385
0.909946,0.067417,-0.096150,323.317561
0.141630,0.049803,-0.002902,474.389285
0.151944,0.059156,-0.003328,472.448782
0.350946,0.038048,-0.015906,434.547741
0.597661,0.089282,-0.043067,386.331519
0.413106,0.030956,-0.021537,422.528535
0.872608,0.047101,-0.088684,330.970911
0.825359,0.040810,-0.079676,340.608623
0.540788,0.044622,-0.035661,397.568297
0.583733,0.032681,-0.041189,389.090749
0.039160,0.043409,0.000132,493.540294
0.365236,0.055787,-0.017129,431.792117
0.637404,0.027562,-0.048652,378.437047
0.166079,0.083535,-0.003948,469.785200
0.475539,0.099976,-0.028177,410.365137
0.423905,0.076793,-0.022598,420.431026
0.257057,0.019896,-0.008940,452.539401
0.838112,0.059015,-0.082060,338.012187
0.010738,0.090404,0.000587,498.810453
0.729134,0.053318,-0.062838,360.076300
0.042762,0.004982,0.000062,492.871525
0.709439,0.093595,-0.059639,364.034001
0.680142,0.014905,-0.055036,369.906922
0.034004,0.072978,0.000227,494.497351
0.353594,0.099041,-0.016129,434.036761
0.736921,0.033535,-0.064126,358.508945
0.003928,0.002141,0.000670,500.071736
0.076139,0.007921,-0.000711,486.656379
0.155142,0.048588,-0.003465,471.846840
0.100069,0.023762,-0.001408,482.185136
0.219340,0.046189,-0.006661,459.711321
0.035469,0.065228,0.000201,494.225465
0.369289,0.051899,-0.017483,431.009814
0.701594,0.084127,-0.058389,365.608311
0.058786,0.038285,-0.000280,489.890251
0.563388,0.034330,-0.038521,393.112203
0.364247,0.083762,-0.017042,431.982604
0.382575,0.044764,-0.018670,428.442671
0.935438,0.024324,-0.101424,318.074475
0.546380,0.077341,-0.036359,396.466286
0.107181,0.068708,-0.001638,480.853208
0.456969,0.054684,-0.026000,413.994907
0.904985,0.088201,-0.095141,324.336087
0.457374,0.044567,-0.026043,413.916154
0.086748,0.056009,-0.001005,484.675055
0.681546,0.048922,-0.055252,369.625357
0.865083,0.026761,-0.087217,332.509514
0.886105,0.042267,-0.091348,328.208192
0.207929,0.039780,-0.006030,461.875017
0.026374,0.005626,0.000357,495.914107
0.263340,0.043005,-0.009348,451.341101
0.289667,0.006731,-0.011150,446.312877
0.288580,0.018980,-0.011073,446.520597
0.918910,0.061713,-0.097988,321.475462
0.268559,0.038858,-0.009694,450.345532
0.192450,0.012008,-0.005218,464.805989
0.635700,0.013648,-0.048405,378.776612
0.783242,0.014886,-0.072059,349.156153
0.729113,0.092036,-0.062835,360.079800
0.454157,0.020617,-0.025702,414.543801
0.311143,0.081463,-0.012727,442.198303
0.689101,0.024538,-0.056424,368.113218
0.569375,0.010891,-0.039297,391.930065
0.337899,0.055615,-0.014827,437.059440
0.029962,0.044613,0.000298,495.247947
0.745197,0.077345,-0.065509,356.840979
0.417200,0.005774,-0.021936,421.734253
0.354419,0.039767,-0.016199,433.878485
0.656736,0.086697,-0.051491,374.582727
0.758809,0.015249,-0.067816,354.095932
0.493711,0.029032,-0.030051,406.814164
0.451422,0.038712,-0.025413,415.076700
0.256658,0.060943,-0.008914,452.614904
0.490242,0.011088,-0.029657,407.493655
0.428824,0.080541,-0.023089,419.475004
0.763506,0.012453,-0.068622,353.147438
0.005124,0.069479,0.000657,499.849737
0.916185,0.048322,-0.097428,322.035971
0.758342,0.018170,-0.067736,354.190077
0.964164,0.001809,-0.107540,312.147617
0.930123,0.086957,-0.100313,319.168232
0.936405,0.061205,-0.101627,317.874796
0.493390,0.085153,-0.030015,406.876090
0.341994,0.054342,-0.015162,436.271473
0.499020,0.001854,-0.030661,405.774224
0.502137,0.020186,-0.031021,405.163146
0.662760,0.046640,-0.052392,373.380849
0.298400,0.010463,-0.011780,444.641335
0.853062,0.020688,-0.084899,334.964403
0.034389,0.003305,0.000220,494.426820
0.322438,0.024238,-0.013596,440.031526
0.758666,0.020555,-0.067792,354.124710
0.097870,0.005929,-0.001339,482.596626
0.452749,0.019968,-0.025553,414.818372
0.187069,0.067356,-0.004947,465.822682
0.305901,0.046678,-0.012333,443.203822
0.574814,0.073259,-0.040009,390.854281
0.031299,0.028469,0.000274,494.999975
0.013872,0.063718,0.000545,498.230480
0.282217,0.059559,-0.010625,447.736757
0.822983,0.061825,-0.079237,341.091489
0.191296,0.056043,-0.005159,465.023628
0.692700,0.026025,-0.056986,367.392124
0.338644,0.066994,-0.014888,436.915896
0.110625,0.087891,-0.001753,480.207829
0.214303,0.096376,-0.006379,460.666042
0.918756,0.011072,-0.097956,321.507943
0.373284,0.076426,-0.017836,430.237929
0.856179,0.002568,-0.085497,334.328532
0.766947,0.012999,-0.069215,352.452194
0.799710,0.033746,-0.074991,345.818818
0.712697,0.016065,-0.060163,363.380938
0.147697,0.023898,-0.003150,473.248527
0.625390,0.053241,-0.046928,380.827217
0.155879,0.002097,-0.003497,471.708534
0.207071,0.005504,-0.005984,462.038092
0.495504,0.062669,-0.030257,406.462346
0.469932,0.064515,-0.027397,411.464677
0.056171,0.018706,-0.000220,490.377325
0.105261,0.086982,-0.001574,481.212435
0.013815,0.008810,0.000545,498.241780
0.709099,0.093474,-0.059585,364.102292
0.212278,0.050078,-0.006267,461.050631
0.412668,0.080188,-0.021494,422.613002
0.730087,0.047400,-0.062995,359.884479
0.854699,0.056325,-0.085212,334.629899
0.394257,0.089828,-0.019743,426.181582
0.987357,0.057261,-0.112612,307.347000
0.526794,0.097193,-0.033944,400.321153
0.759460,0.052485,-0.067928,353.963942
0.525309,0.065909,-0.033765,400.613553
0.742796,0.000931,-0.065106,357.326023
0.894034,0.082281,-0.092931,326.582835
0.653058,0.088182,-0.050945,375.316622
0.722449,0.038810,-0.061743,361.421027
0.548365,0.002110,-0.036608,396.076156
0.762240,0.082903,-0.068404,353.402114
0.630187,0.091414,-0.047613,379.872534
0.228496,0.028977,-0.007187,457.973310
0.306982,0.098653,-0.012414,442.995854
0.658235,0.007390,-0.051714,374.284737
0.497989,0.056536,-0.030542,405.975566
0.578132,0.079394,-0.040446,390.198095
0.625805,0.072799,-0.046987,380.744316
0.088150,0.059704,-0.001045,484.413201
0.643202,0.074194,-0.049495,377.281564
0.420144,0.091547,-0.022225,421.161518
0.874736,0.006144,-0.089102,330.536168
0.312537,0.002251,-0.012833,441.932130
0.663735,0.095949,-0.052539,373.185335
0.939837,0.064359,-0.102349,317.167542
0.360934,0.049677,-0.016756,432.622240
0.275676,0.083460,-0.010174,448.986277
0.662264,0.024671,-0.052318,373.480258
0.403083,0.022546,-0.020574,424.472723
0.605879,0.080124,-0.044194,384.701954
0.655274,0.028567,-0.051273,374.875378
0.298242,0.076635,-0.011768,444.670614
0.730083,0.091851,-0.062994,359.884695
0.961545,0.062899,-0.106975,312.688030
0.073096,0.015554,-0.000631,487.223977
0.121082,0.059937,-0.002118,478.248014
0.407263,0.004990,-0.020973,423.662471
0.355832,0.069317,-0.016319,433.605745
0.792364,0.077557,-0.073676,347.307645
0.705108,0.078149,-0.058947,364.903444
0.334815,0.086105,-0.014578,437.652104
0.677520,0.095533,-0.054633,370.430219
0.864496,0.035066,-0.087103,332.629410
0.750013,0.069714,-0.066321,355.869943
0.500649,0.069798,-0.030849,405.453987
0.080294,0.007633,-0.000823,485.880879
0.504823,0.018328,-0.031333,404.636338
0.450771,0.021647,-0.025345,415.203866
0.005128,0.034431,0.000656,499.849366
0.253966,0.011678,-0.008742,453.128405
0.008505,0.047060,0.000615,499.224270
0.648206,0.033316,-0.050228,376.284939
0.014482,0.071363,0.000536,498.117342
0.659107,0.069636,-0.051845,374.109780
0.858031,0.050284,-0.085853,333.949712
0.459830,0.016599,-0.026305,413.437414
0.529900,0.066531,-0.034322,399.710693
0.408545,0.075088,-0.021096,423.412773
0.140650,0.015444,-0.002862,474.574059
0.604150,0.095943,-0.043956,385.044726
0.843973,0.094678,-0.083167,336.817210
0.042608,0.011687,0.000065,492.900101
0.628925,0.062264,-0.047432,380.123980
0.502711,0.057702,-0.031088,405.049914
0.915662,0.044444,-0.097320,322.143466
0.557626,0.089507,-0.037782,394.248772
0.292984,0.008919,-0.011387,445.678213
0.067018,0.001062,-0.000477,488.357394
0.607198,0.044165,-0.044376,384.440773
0.824932,0.043172,-0.079597,340.695475
0.227830,0.037549,-0.007148,458.099627
0.950990,0.066728,-0.104712,314.867460
0.628667,0.095304,-0.047395,380.174923
0.584628,0.000889,-0.041309,388.914163
0.539388,0.072595,-0.035487,397.843532
0.086751,0.098554,-0.001005,484.673939
0.144247,0.067199,-0.003007,473.897004
0.957758,0.069388,-0.106160,313.470038
0.810638,0.028524,-0.076970,343.600909
0.117490,0.019750,-0.001990,478.922146
0.602980,0.072924,-0.043795,385.277088
0.032735,0.013114,0.000249,494.733684
0.365706,0.004742,-0.017170,431.702139
0.267476,0.026600,-0.009622,450.552353
0.273316,0.044490,-0.010014,449.437523
0.403905,0.076503,-0.020652,424.312523
0.109792,0.074653,-0.001725,480.364163
0.799146,0.077478,-0.074890,345.932516
0.369055,0.050406,-0.017463,431.054968
0.329049,0.004346,-0.014116,438.761711
0.642419,0.021469,-0.049381,377.438271
0.720068,0.041781,-0.061355,361.899540
0.213234,0.027629,-0.006320,460.869736
0.633576,0.006581,-0.048099,379.199337
0.958036,0.007831,-0.106220,313.413604
0.955747,0.004771,-0.105729,313.886278
0.004611,0.018371,0.000662,499.945277
0.162757,0.079071,-0.003799,470.411651
0.071423,0.051408,-0.000587,487.535479
0.006031,0.001668,0.000645,499.682743
0.216003,0.008480,-0.006474,460.344777
0.201450,0.024796,-0.005684,463.102504
0.048070,0.015636,-0.000045,491.884614
0.357006,0.032263,-0.016419,433.379891
0.036325,0.068169,0.000185,494.066382
0.595074,0.005486,-0.042715,386.845522
0.163841,0.078517,-0.003847,470.207310
0.077545,0.087404,-0.000748,486.392960
0.259286,0.072704,-0.009084,452.113761
0.339521,0.000569,-0.014960,436.748125
0.188501,0.037983,-0.005018,465.552402
0.981170,0.049796,-0.111247,308.628803
0.069883,0.085018,-0.000548,487.822138
0.424529,0.018432,-0.022660,420.310650
0.359575,0.015159,-0.016639,432.884740
0.271445,0.014292,-0.009888,449.795091
0.802877,0.006880,-0.075562,345.176710
0.250682,0.091579,-0.008533,453.752912
0.394211,0.084034,-0.019739,426.190503
0.005456,0.035666,0.000652,499.788656
0.910015,0.061128,-0.096164,323.303573
0.475132,0.019943,-0.027967,410.449255
0.842300,0.095703,-0.082850,337.158157
0.308087,0.092705,-0.012497,442.784071
0.960613,0.021071,-0.106774,312.881128
0.314527,0.085345,-0.012984,441.549173
0.555704,0.098910,-0.037537,394.627709
0.284171,0.012944,-0.010762,447.363889
0.397430,0.058327,-0.020040,425.567529
0.073438,0.031231,-0.000640,487.159994
0.348832,0.052784,-0.015729,434.954953
0.886102,0.045794,-0.091347,328.208783
0.487434,0.088010,-0.029339,408.042256
0.235757,0.087624,-0.007616,456.592794
0.696781,0.006579,-0.057628,366.574504
0.230789,0.037948,-0.007321,457.537574
0.938052,0.033616,-0.101973,317.535868
0.021596,0.070564,0.000433,496.799241
0.817778,0.060806,-0.078277,342.149820
0.171787,0.018004,-0.004211,468.709465
0.753174,0.061940,-0.066856,355.232379
0.928372,0.029488,-0.099948,319.529386
0.808425,0.028080,-0.076567,344.050367
0.666977,0.027218,-0.053028,372.538789
0.673940,0.092703,-0.054085,371.146219
0.760001,0.040553,-0.068020,353.854739
0.528563,0.006412,-0.034159,399.974562
0.361431,0.026654,-0.016799,432.526721
0.085811,0.012775,-0.000978,484.850762
0.633152,0.045363,-0.048038,379.283315
0.448865,0.034333,-0.025145,415.574984
0.854757,0.070797,-0.085224,334.617764
0.084205,0.097040,-0.000932,485.149572
0.306328,0.021680,-0.012365,443.122344
0.462327,0.053305,-0.026573,412.949699
0.499244,0.019574,-0.030686,405.730070
0.444963,0.008511,-0.024738,416.335584
0.746063,0.045348,-0.065655,356.666898
0.172921,0.057828,-0.004264,468.494921
0.137397,0.046179,-0.002733,475.185166
0.282203,0.048962,-0.010624,447.739510
0.447566,0.058645,-0.025009,415.827755
0.152309,0.006342,-0.003344,472.380694
0.759531,0.078011,-0.067940,353.949259
0.054704,0.061254,-0.000187,490.649870
0.352406,0.000022,-0.016187,434.264551
0.601716,0.068774,-0.043621,385.527944
0.691747,0.070044,-0.056837,367.582464
0.078133,0.093011,-0.000764,486.283068
0.665854,0.089810,-0.052858,372.762346
0.564859,0.008964,-0.038711,392.822139
0.643351,0.009839,-0.049517,377.252754
0.187047,0.049930,-0.004946,465.826998
0.311569,0.038406,-0.012760,442.117242
0.119402,0.043830,-0.002058,478.563263
0.201577,0.067086,-0.005690,463.077932
0.632507,0.026039,-0.047945,379.411867
0.691640,0.033600,-0.056821,367.604404
0.095612,0.011539,-0.001269,483.018955
0.350268,0.061451,-0.015849,434.678092
0.659122,0.097362,-0.051847,374.106439
0.356081,0.086217,-0.016340,433.557560
0.493910,0.093138,-0.030074,406.774147
0.988157,0.070385,-0.112789,307.181118
0.830592,0.071287,-0.080650,339.543214
0.552294,0.073241,-0.037104,395.300621
0.185430,0.073304,-0.004865,466.132331
0.368803,0.014607,-0.017441,431.104053
0.739611,0.028468,-0.064574,357.967334
0.277016,0.050517,-0.010266,448.730760
0.518805,0.021020,-0.032983,401.892130
0.580429,0.094041,-0.040750,389.743734
0.256610,0.075337,-0.008911,452.623671
0.609288,0.030464,-0.044666,384.026257
0.334553,0.052908,-0.014557,437.703000
0.387790,0.047809,-0.019145,427.433832
0.551669,0.038856,-0.037025,395.424270
0.009746,0.075528,0.000600,498.994156
0.967304,0.014471,-0.108219,311.498456
0.244029,0.091891,-0.008119,455.019377
0.628638,0.016493,-0.047391,380.181779
0.884787,0.036942,-0.091086,328.478364
0.343783,0.005477,-0.015310,435.927743
0.343957,0.088399,-0.015324,435.893095
0.509527,0.045554,-0.031884,403.713201
0.756904,0.088742,-0.067491,354.479257
0.564697,0.024538,-0.038690,392.854000
0.442260,0.080142,-0.024458,416.860868
0.771890,0.082339,-0.070071,351.452055
0.481993,0.054486,-0.028728,409.107215
0.095505,0.069297,-0.001265,483.038214
0.632027,0.025334,-0.047876,379.507379
0.130874,0.058472,-0.002480,476.410365
0.028428,0.070034,0.000324,495.532189
0.410567,0.002956,-0.021291,423.021735
0.241132,0.029704,-0.007941,455.571280
0.686749,0.060581,-0.056058,368.583805
0.411904,0.011454,-0.021420,422.762113
0.134040,0.065908,-0.002602,475.815668
0.470868,0.001304,-0.027499,411.282740
0.987214,0.061513,-0.112580,307.376665
0.426038,0.082206,-0.022810,420.016481
0.781937,0.056337,-0.071829,349.419855
0.873441,0.001246,-0.088848,330.801095
0.514672,0.033536,-0.032491,402.703547
0.862190,0.094463,-0.086656,333.099646
0.906769,0.066889,-0.095503,323.970032
0.474134,0.093412,-0.027857,410.643206
0.400938,0.059054,-0.020370,424.887752
0.701392,0.044666,-0.058356,365.649387
0.539965,0.039051,-0.035559,397.730522
0.157934,0.015625,-0.003586,471.321325
0.085540,0.070846,-0.000970,484.900603
0.982473,0.029117,-0.111533,308.359345
0.412123,0.000658,-0.021441,422.719760
0.419037,0.089681,-0.022116,421.376435
0.173831,0.040170,-0.004306,468.323391
0.862402,0.003529,-0.086697,333.057650
0.261452,0.017248,-0.009225,451.701637
0.060182,0.090330,-0.000312,489.629705
0.023583,0.039918,0.000402,496.431122
0.666472,0.073507,-0.052951,372.639012
0.661083,0.029607,-0.052140,373.715917
0.454977,0.060412,-0.025788,414.383226
0.135328,0.064179,-0.002652,475.573692
0.953208,0.048859,-0.105186,314.409850
0.103872,0.000824,-0.001530,481.473721
0.196636,0.065965,-0.005432,464.013164
0.283282,0.056293,-0.010700,447.533212
0.263021,0.042738,-0.009327,451.402014
0.017732,0.002085,0.000490,497.516236
0.486929,0.007845,-0.029282,408.142202
0.972299,0.045386,-0.109305,310.465004
0.432322,0.093350,-0.023442,418.794601
0.070191,0.057038,-0.000556,487.765133
0.824180,0.088731,-0.079458,340.847682
0.913541,0.027798,-0.096885,322.579597
0.659259,0.072190,-0.051867,374.079485
0.707620,0.003515,-0.059348,364.400437
0.863162,0.052596,-0.086844,332.901706
0.210635,0.000414,-0.006177,461.362818
0.837745,0.080161,-0.081991,338.086613
0.034860,0.080559,0.000212,494.338216
0.472593,0.089189,-0.027688,410.944377
0.448834,0.088804,-0.025141,415.580346
0.532135,0.070368,-0.034595,399.270984
0.957485,0.065030,-0.106102,313.526512
0.826680,0.029042,-0.079922,340.339996
0.114564,0.091554,-0.001887,479.469708
0.004072,0.067808,0.000669,500.044297
0.089304,0.040241,-0.001079,484.197771
0.401382,0.013025,-0.020413,424.802465
0.707361,0.021315,-0.059307,364.452163
0.542949,0.099896,-0.036096,397.137843
0.782110,0.007153,-0.071859,349.385483
0.177124,0.080647,-0.004462,467.701265
0.176056,0.063313,-0.004411,467.903145
0.478541,0.080825,-0.028344,409.782053
0.354498,0.028992,-0.016206,433.863512
0.435982,0.081540,-0.023814,418.082895
0.041131,0.055165,0.000094,493.173907
0.923698,0.031127,-0.098977,320.491200
0.399743,0.021576,-0.020258,425.119944
0.432075,0.078946,-0.023417,418.842925
0.416802,0.040812,-0.021897,421.811147
0.101122,0.048760,-0.001441,481.987681
0.341120,0.080367,-0.015090,436.439394
0.325236,0.059435,-0.013815,439.493724
0.602735,0.062247,-0.043761,385.325946
0.161080,0.077096,-0.003724,470.727821
0.457006,0.064630,-0.026004,413.987580
0.717773,0.023277,-0.060983,362.361008
0.163875,0.053740,-0.003849,470.201152
0.145678,0.054221,-0.003066,473.628054
0.342752,0.057110,-0.015224,436.125584
0.091379,0.041284,-0.001141,483.809933
0.276100,0.031097,-0.010203,448.905981
0.511696,0.091954,-0.032139,403.287069
0.428344,0.086790,-0.023041,419.568180
0.545225,0.063864,-0.036214,396.694029
0.217437,0.084009,-0.006553,460.071814
0.357731,0.008349,-0.016481,433.240553
0.308355,0.079805,-0.012517,442.732984
0.023930,0.077759,0.000397,496.366396
0.302717,0.059948,-0.012097,443.813719
0.812423,0.037739,-0.077296,343.238190
0.690715,0.019566,-0.056676,367.789928
0.504796,0.067000,-0.031330,404.640951
0.719089,0.062257,-0.061196,362.095993
0.664386,0.038256,-0.052637,373.056219
0.569622,0.064005,-0.039329,391.880516
0.354651,0.074499,-0.016219,433.833331
0.428495,0.057439,-0.023056,419.539202
0.726866,0.019379,-0.062465,360.533005
0.842375,0.042368,-0.082864,337.143613
0.044204,0.052786,0.000034,492.602803
0.592724,0.040571,-0.042397,387.310425
0.380264,0.050386,-0.018461,428.889437
0.487471,0.046503,-0.029343,408.035589
0.631821,0.004073,-0.047847,379.548661
0.764310,0.014343,-0.068760,352.984859
0.293603,0.091289,-0.011432,445.558674
0.628184,0.080065,-0.047326,380.271182
0.155572,0.099905,-0.003621,471.763945
0.898929,0.056199,-0.093915,325.579288
0.130917,0.062804,-0.002482,476.402210
0.014631,0.065508,0.000534,498.089890
0.409177,0.014709,-0.021157,423.291047
0.340844,0.044980,-0.015068,436.492910
0.913107,0.016144,-0.096796,322.668938
0.679654,0.021479,-0.054961,370.004458
0.542373,0.065225,-0.035858,397.255935
0.133385,0.051195,-0.002577,475.938820
0.780561,0.056891,-0.071587,349.698322
0.881038,0.086509,-0.090343,329.245247
0.011780,0.002831,0.000572,498.618708
0.983536,0.025722,-0.111768,308.139173
0.979147,0.072140,-0.110803,309.047312
0.776250,0.090185,-0.070832,350.570013
0.108358,0.099240,-0.001677,480.632303
0.801686,0.089387,-0.075347,345.417229
0.492208,0.062581,-0.029880,407.108048
0.095243,0.015381,-0.001258,483.087810
0.162505,0.095040,-0.003787,470.458959
0.341792,0.075653,-0.015146,436.310053
0.534008,0.061255,-0.034824,398.902669
0.818620,0.073619,-0.078432,341.978595
0.766257,0.064882,-0.069096,352.590748
0.699277,0.032361,-0.058022,366.073732
0.657148,0.015567,-0.051552,374.501574
0.406118,0.046688,-0.020863,423.883994
0.173753,0.003631,-0.004303,468.338752
0.844071,0.036315,-0.083185,336.798110
0.354542,0.045047,-0.016210,433.854791
0.157078,0.065427,-0.003548,471.481938
0.988576,0.064284,-0.112881,307.094350
0.211682,0.022283,-0.006234,461.163940
0.424138,0.055958,-0.022621,420.386043
0.767525,0.030965,-0.069315,352.335025
0.236030,0.075057,-0.007632,456.541052
0.782126,0.066229,-0.071862,349.381281
0.586008,0.064284,-0.041493,388.640132
0.781947,0.035422,-0.071830,349.418000
0.471381,0.065247,-0.027555,411.181539
0.915823,0.096425,-0.097354,322.109611
0.199524,0.098422,-0.005582,463.466142
0.985091,0.053761,-0.112111,307.816548
0.381937,0.050076,-0.018612,428.566093
0.265705,0.051951,-0.009504,450.889968
0.213437,0.044843,-0.006331,460.830892
0.625192,0.056693,-0.046900,380.866475
0.089667,0.022021,-0.001090,484.130220
0.734105,0.017219,-0.063659,359.076329
0.926654,0.052866,-0.099591,319.882694
0.992072,0.058377,-0.113174,306.391001
0.655065,0.067516,-0.051242,374.916450
0.233807,0.067484,-0.007500,456.963594
0.057228,0.027083,-0.000244,490.180486
0.074723,0.069712,-0.000673,486.919760
0.284875,0.074247,-0.010811,447.228461
0.091622,0.071021,-0.001148,483.764072
0.060601,0.086443,-0.000322,489.551603
0.406887,0.034421,-0.020937,423.735018
0.951775,0.050571,-0.104880,314.705702
0.074496,0.047804,-0.000667,486.962444
0.983711,0.023932,-0.111806,308.102976
0.835592,0.051450,-0.081586,338.525639
0.177529,0.003018,-0.004482,467.625901
0.075746,0.006806,-0.000700,486.729796
0.259942,0.093686,-0.009126,451.988319
0.159980,0.040195,-0.003676,470.935609
0.951003,0.052842,-0.104715,314.864872
0.171761,0.052205,-0.004210,468.713974
0.859958,0.015540,-0.086225,333.556643
-0.000053,0.082978,-0.000092,500.805403
0.574050,0.027963,-0.039908,391.006102
0.080078,0.010786,-0.000817,485.921209
0.156941,0.025040,-0.003543,471.508333
0.082140,0.006289,-0.000875,485.536395
0.190145,0.072725,-0.005101,465.241002
0.640341,0.058747,-0.049078,377.851728
0.711108,0.034466,-0.059907,363.699733
0.065865,0.075562,-0.000448,488.571204
0.595746,0.083748,-0.042806,386.711144
0.552857,0.040630,-0.037175,395.190033
0.910889,0.098960,-0.096343,323.123344
0.879360,0.053165,-0.090012,329.589244
0.847478,0.057556,-0.083833,336.103081
0.716223,0.099153,-0.060732,362.671445
0.467259,0.089675,-0.027106,411.986334
0.128663,0.004728,-0.002397,476.826287
0.320499,0.089949,-0.013444,440.402873
0.870596,0.097910,-0.088291,331.381467
0.244920,0.016978,-0.008174,454.850735
0.688737,0.041159,-0.056367,368.185930
0.246298,0.035195,-0.008259,454.588236
0.801322,0.041947,-0.075281,345.491718
0.690700,0.021906,-0.056674,367.792898
0.528380,0.079200,-0.034137,400.009519
0.777437,0.079530,-0.071039,350.330052
0.841014,0.065452,-0.082607,337.420808
0.306533,0.062824,-0.012380,443.082516
0.435591,0.050948,-0.023774,418.159395
0.631090,0.020420,-0.047742,379.693860
0.304736,0.081804,-0.012246,443.426613
0.027317,0.016563,0.000342,495.738948
0.250021,0.055431,-0.008492,453.879240
0.253497,0.044947,-0.008712,453.217257
0.769390,0.043060,-0.069637,351.958004
0.842477,0.028575,-0.082883,337.123155
0.000074,0.009308,0.000128,500.783363
0.724962,0.018609,-0.062153,360.916001
0.545924,0.013571,-0.036301,396.557129
0.030312,0.051626,0.000292,495.182839
0.362298,0.046567,-0.016874,432.359026
0.473414,0.013155,-0.027778,410.785178
0.175875,0.087811,-0.004403,467.936967
0.278311,0.044966,-0.010355,448.483350
0.687277,0.054697,-0.056140,368.477974
0.166808,0.006119,-0.003982,469.648804
0.180929,0.054006,-0.004645,466.982983
0.688583,0.095390,-0.056343,368.215869
0.118097,0.082930,-0.002011,478.807616
0.669678,0.055639,-0.053437,371.998616
0.330752,0.056996,-0.014252,438.433764
0.311386,0.086685,-0.012745,442.151561
0.057049,0.088651,-0.000240,490.212942
0.567721,0.042557,-0.039082,392.256407
0.951646,0.071479,-0.104852,314.731858
0.961219,0.067513,-0.106904,312.755304
0.360888,0.005930,-0.016752,432.631602
0.554127,0.046773,-0.037336,394.939558
0.679174,0.088486,-0.054887,370.099525
0.296374,0.067092,-0.011632,445.028602
0.282218,0.077768,-0.010625,447.736374
0.597221,0.039503,-0.043007,386.419546
0.143043,0.072920,-0.002958,474.123343
0.479287,0.020925,-0.028427,409.636983
0.825181,0.045365,-0.079643,340.644836
0.298581,0.027168,-0.011793,444.606530
0.771791,0.051661,-0.070054,351.472399
0.530415,0.100012,-0.034551,399.605070
0.720080,0.097191,-0.061357,361.896304
0.671005,0.047122,-0.053638,371.733672
0.481248,0.001668,-0.028645,409.253749
0.900212,0.093329,-0.094174,325.315490
0.282258,0.079895,-0.010628,447.728761
0.246329,0.005401,-0.008261,454.582846
0.299015,0.058492,-0.011825,444.522871
0.274927,0.020626,-0.010124,449.130036
0.698316,0.006249,-0.057870,366.266853
0.004312,0.079968,0.000666,499.999760
0.787540,0.044610,-0.072818,348.285430
0.680004,0.036199,-0.055015,369.934174
0.021551,0.063822,0.000434,496.807658
0.762628,0.061416,-0.068471,353.323916
0.569702,0.054361,-0.039340,391.864856
0.495887,0.058701,-0.030300,406.387399
0.400599,0.081663,-0.020338,424.953259
0.456496,0.084733,-0.025950,414.086671
0.883001,0.029843,-0.090732,328.844224
0.713490,0.068748,-0.060290,363.220918
0.300494,0.088132,-0.011933,444.239170
0.569557,0.092043,-0.039321,391.893094
0.832424,0.094403,-0.080992,339.170067
0.176020,0.062423,-0.004410,467.909955
0.123742,0.016689,-0.002215,477.749640
0.110395,0.095320,-0.001745,480.250943
0.746845,0.008453,-0.065786,356.509793
0.542457,0.006805,-0.035869,397.240089
0.693150,0.023787,-0.057057,367.302094
0.180113,0.071172,-0.004606,467.136962
0.183383,0.044325,-0.004765,466.519571
0.065412,0.099347,-0.000436,488.655359
0.112134,0.069285,-0.001804,479.925448
0.026806,0.028610,0.000350,495.833586
0.231994,0.034716,-0.007392,457.308644
0.122239,0.043378,-0.002160,478.031208
0.547095,0.077663,-0.036448,396.325304
0.752467,0.016685,-0.066736,355.375806
0.869145,0.055904,-0.088008,331.678730
0.072651,0.062389,-0.000619,487.306232
0.002976,0.022937,0.000681,500.247654
0.036124,0.037309,0.000189,494.104234
0.284429,0.064248,-0.010780,447.313883
0.565359,0.047386,-0.038776,392.722860
0.030836,0.058076,0.000283,495.085570
0.562244,0.029472,-0.038374,393.338127
0.353101,0.048948,-0.016088,434.132417
0.320087,0.008195,-0.013413,440.483101
0.540801,0.096589,-0.035663,397.565036
0.972728,0.022704,-0.109398,310.376560
0.298138,0.094558,-0.011760,444.690386
0.969877,0.033958,-0.108778,310.965999
0.474843,0.082782,-0.027935,410.504885
0.447222,0.069293,-0.024973,415.894608
0.143958,0.003422,-0.002996,473.952278
0.262839,0.056816,-0.009315,451.436554
0.098970,0.091144,-0.001373,482.389744
0.577738,0.046080,-0.040394,390.276518
0.339923,0.018352,-0.014993,436.670471
0.584480,0.066576,-0.041289,388.942498
0.194822,0.083532,-0.005338,464.356213
0.600415,0.034619,-0.043443,385.786320
0.601215,0.040394,-0.043552,385.627702
0.737461,0.039260,-0.064216,358.400226
0.172927,0.044457,-0.004264,468.493925
0.892798,0.060836,-0.092683,326.836467
0.572136,0.028642,-0.039658,391.384273
0.506726,0.056029,-0.031555,404.262643
0.727246,0.048773,-0.062528,360.456086
0.562961,0.076650,-0.038466,393.195991
0.949811,0.032025,-0.104461,315.111259
0.028254,0.063594,0.000326,495.564580
0.672020,0.042219,-0.053792,371.530773
0.471742,0.088347,-0.027595,411.110745
0.433207,0.041441,-0.023532,418.623216
0.532401,0.096621,-0.034627,399.218424
0.716913,0.072961,-0.060843,362.533246
0.848476,0.021001,-0.084022,335.900084
0.198171,0.051150,-0.005512,463.722926
0.216059,0.097595,-0.006476,460.333051
0.195871,0.033735,-0.005393,464.158530
0.744905,0.088994,-0.065460,356.899640
0.498356,0.019713,-0.030584,405.904191
0.051544,0.087466,-0.000118,491.237537
0.400774,0.008767,-0.020355,424.920380
0.160790,0.030520,-0.003712,470.782983
0.615952,0.043111,-0.045595,382.703050
0.400346,0.014517,-0.020315,425.003094
0.206443,0.026387,-0.005950,462.156886
0.759583,0.014982,-0.067949,353.939635
0.881723,0.043734,-0.090479,329.105558
0.835763,0.079648,-0.081618,338.490316
0.739164,0.078911,-0.064499,358.056506
0.764675,0.097522,-0.068823,352.909948
0.238868,0.029486,-0.007804,456.001930
0.296380,0.088792,-0.011632,445.026990
0.079499,0.021189,-0.000801,486.029213
0.325089,0.048085,-0.013803,439.522060
0.862090,0.044665,-0.086637,333.120706
0.065186,0.089157,-0.000431,488.697487
0.635993,0.064084,-0.048448,378.717454
0.752966,0.058522,-0.066821,355.274363
0.775796,0.031668,-0.070752,350.662787
0.876191,0.055668,-0.089388,330.237620
0.341128,0.013116,-0.015091,436.438775
0.178009,0.068774,-0.004504,467.534328
0.446829,0.015642,-0.024932,415.971968
0.580423,0.066905,-0.040749,389.745212
0.468209,0.062400,-0.027209,411.801241
0.217793,0.035197,-0.006574,460.004863
0.541695,0.014102,-0.035774,397.390052
0.759249,0.044802,-0.067891,354.006647
0.148752,0.053897,-0.003194,473.049572
0.581646,0.011219,-0.040912,389.504093
0.214144,0.063351,-0.006370,460.696701
0.950290,0.011139,-0.104563,315.012571
0.686866,0.023180,-0.056076,368.560910
0.595531,0.040217,-0.042777,386.754284
0.417367,0.055905,-0.021952,421.701283
0.893969,0.041254,-0.092918,326.596591
0.804989,0.045568,-0.075944,344.747513
0.147214,0.073920,-0.003129,473.338825
0.966372,0.033062,-0.108017,311.690761
0.430519,0.026203,-0.023260,419.146164
0.931653,0.059013,-0.100632,318.853539
0.296770,0.010150,-0.011661,444.953451
0.368927,0.083581,-0.017451,431.079229
0.582489,0.099020,-0.041024,389.336088
0.377067,0.037859,-0.018173,429.507543
0.091026,0.053105,-0.001130,483.875734
0.433610,0.065225,-0.023572,418.544629
0.289587,0.011446,-0.011144,446.328185
0.842098,0.045516,-0.082812,337.200106
0.266329,0.006428,-0.009546,450.771578
0.764114,0.050588,-0.068726,353.024064
0.087172,0.087394,-0.001017,484.595409
0.588957,0.075282,-0.041889,388.056006
0.802221,0.099664,-0.075444,345.308541
0.565038,0.059729,-0.038734,392.785992
0.083000,0.058373,-0.000898,485.375150
0.531222,0.079327,-0.034483,399.450566
0.002629,0.001650,0.000685,500.312143
0.691413,0.035489,-0.056785,367.649923
0.218995,0.070057,-0.006641,459.776407
0.400067,0.029979,-0.020288,425.057054
0.121904,0.013287,-0.002148,478.094528
0.440152,0.059686,-0.024241,417.271591
0.981644,0.067604,-0.111351,308.530361
0.116956,0.026081,-0.001971,479.022287
0.858461,0.001429,-0.085936,333.862517
0.538359,0.042952,-0.035360,398.046630
0.358478,0.018160,-0.016545,433.096238
0.306634,0.037124,-0.012388,443.063399
0.339012,0.008842,-0.014918,436.845990
0.148862,0.044812,-0.003198,473.029039
0.409716,0.068134,-0.021209,423.185739
0.339428,0.091652,-0.014952,436.764728
0.399316,0.004038,-0.020217,425.202909
0.694457,0.067200,-0.057262,367.039514
0.958826,0.069559,-0.106390,313.249490
0.355725,0.042160,-0.016310,433.626732
0.801265,0.059520,-0.075271,345.502972
0.396180,0.022237,-0.019923,425.810151
0.961672,0.069638,-0.107002,312.661655
0.057204,0.077503,-0.000243,490.184395
0.703972,0.052617,-0.058766,365.131686
0.923131,0.090860,-0.098860,320.607046
0.118436,0.069180,-0.002023,478.744177
0.191101,0.024391,-0.005149,465.060982
0.727307,0.088514,-0.062538,360.443220
0.753562,0.021491,-0.066922,355.154822
0.520117,0.000832,-0.033140,401.634733
0.573589,0.048823,-0.039848,391.096893
0.780350,0.094612,-0.071550,349.740482
0.481473,0.024692,-0.028670,409.209402
0.343981,0.005293,-0.015326,435.889762
0.849558,0.095125,-0.084229,335.678223
0.752151,0.074686,-0.066683,355.438586
0.885963,0.035415,-0.091319,328.237479
0.197960,0.071785,-0.005501,463.762522
0.091940,0.044710,-0.001158,483.704947
0.009876,0.044997,0.000598,498.970524
0.165447,0.071315,-0.003920,469.904564
0.086178,0.010670,-0.000989,484.782149
0.415815,0.091343,-0.021800,422.002104
0.771696,0.030811,-0.070038,351.491992
0.145555,0.039418,-0.003061,473.651286
0.672506,0.011695,-0.053866,371.434099
0.212058,0.037462,-0.006255,461.092481
0.797801,0.025517,-0.074648,346.206071
0.815184,0.076634,-0.077801,342.676715
0.387623,0.012408,-0.019130,427.466685
0.054358,0.022985,-0.000180,490.714744
0.363367,0.022756,-0.016966,432.153130
0.709624,0.020256,-0.059669,363.997997
0.073960,0.099922,-0.000777,487.061025
0.803129,0.043026,-0.075607,345.125083
0.176628,0.023567,-0.004439,467.795669
0.326206,0.026427,-0.013891,439.307816
0.114001,0.049198,-0.001868,479.575780
0.623837,0.055120,-0.046707,381.135976
0.201866,0.080819,-0.005705,463.022965
0.814202,0.098518,-0.077621,342.875925
0.467850,0.096722,-0.027170,411.870804
0.230631,0.015323,-0.007312,457.567831
0.630519,0.018090,-0.047660,379.807581
0.910523,0.065088,-0.096268,323.199183
0.269601,0.041528,-0.009764,450.146569
0.633100,0.086659,-0.048031,379.293039
0.123955,0.087327,-0.002222,477.708778
0.547139,0.069516,-0.036454,396.316871
0.644051,0.026413,-0.049619,377.113005
0.777418,0.039637,-0.071036,350.334573
0.383862,0.063021,-0.018786,428.193555
0.555054,0.014138,-0.037454,394.757232
0.111356,0.009332,-0.001778,480.072043
0.122841,0.001132,-0.002182,477.918812
0.583478,0.052773,-0.041155,389.141055
0.745660,0.087824,-0.065587,356.747446
0.780848,0.088198,-0.071637,349.639802
0.007066,0.032931,0.000633,499.490852
0.608661,0.042708,-0.044579,384.150506
0.585572,0.012943,-0.041435,388.727208
0.983394,0.006894,-0.111736,308.168923
0.522607,0.073740,-0.033439,401.144456
0.061645,0.052860,-0.000346,489.357697
0.583603,0.024445,-0.041172,389.116679
0.322417,0.029654,-0.013594,440.035432
0.954096,0.000503,-0.105375,314.227184
0.487265,0.064093,-0.029320,408.075641
0.660220,0.090177,-0.052011,373.887390
0.033850,0.029581,0.000230,494.526467
0.603052,0.029421,-0.043805,385.263494
0.163748,0.006777,-0.003844,470.225803
0.368820,0.008763,-0.017442,431.100848
0.041104,0.037763,0.000095,493.179069
0.427839,0.068758,-0.022990,419.666630
0.485522,0.013434,-0.029124,408.417404
0.629325,0.049525,-0.047489,380.044713
0.869954,0.045077,-0.088166,331.513586
0.111083,0.034499,-0.001769,480.122739
0.881992,0.045243,-0.090532,329.050447
0.027315,0.096466,0.000342,495.738318
0.102648,0.052918,-0.001490,481.701967
0.160116,0.025888,-0.003682,470.910009
0.656503,0.022639,-0.051456,374.630119
0.141597,0.055738,-0.002900,474.395458
0.356512,0.062238,-0.016377,433.474849
0.551699,0.002517,-0.037028,395.418964
0.315097,0.024225,-0.013028,441.440578
0.392216,0.081371,-0.019554,426.576934
0.560619,0.007232,-0.038165,393.659239
0.612628,0.052453,-0.045130,383.362946
0.956875,0.050780,-0.105971,313.652709
0.261578,0.032616,-0.009233,451.677361
0.901754,0.033144,-0.094486,324.999933
0.697832,0.064533,-0.057793,366.363070
0.239131,0.085216,-0.007819,455.951281
0.130904,0.029730,-0.002482,476.405136
0.628481,0.035388,-0.047368,380.212799
0.404284,0.090841,-0.020688,424.238808
0.291343,0.099177,-0.011269,445.990931
0.034857,0.007973,0.000211,494.339797
0.846293,0.084763,-0.083607,336.344324
0.898024,0.024653,-0.093733,325.765294
0.328227,0.076637,-0.014051,438.918665
0.691862,0.026032,-0.056855,367.560017
0.988277,0.094432,-0.112815,307.155901
0.549670,0.030256,-0.036772,395.818507
0.283321,0.091767,-0.010702,447.525237
0.219160,0.056748,-0.006651,459.745212
0.062461,0.077331,-0.000366,489.205347
0.039405,0.075938,0.000128,493.494292
0.203106,0.072973,-0.005771,462.788346
0.992039,0.003774,-0.113230,306.395713
0.032717,0.025774,0.000250,494.736915
0.345595,0.098952,-0.015459,435.577676
0.266681,0.056357,-0.009569,450.703742
0.875524,0.093427,-0.089257,330.373594
0.706546,0.025402,-0.059176,364.615699
0.000136,0.012469,0.000236,500.771940
0.424024,0.078031,-0.022610,420.407941
0.124948,0.011508,-0.002259,477.523479
0.198728,0.056915,-0.005541,463.617383
0.135628,0.017869,-0.002664,475.517803
0.693081,0.077954,-0.057046,367.315208
0.302464,0.059616,-0.012078,443.862171
0.659210,0.016522,-0.051860,374.089981
0.733347,0.043090,-0.063533,359.228561
0.033320,0.016114,0.000239,494.625147
0.188616,0.067481,-0.005024,465.530175
0.959574,0.095604,-0.106551,313.094680
0.080197,0.081484,-0.000820,485.898109
0.009069,0.017547,0.000608,499.120276
0.027171,0.087016,0.000345,495.765106
0.337440,0.087979,-0.014790,437.147331
0.001594,0.091633,0.000697,500.502261
0.089035,0.093751,-0.001071,484.247216
0.681620,0.062980,-0.055264,369.610410
0.481399,0.007529,-0.028662,409.224165
0.498362,0.034398,-0.030585,405.902785
0.016591,0.018408,0.000506,497.727328
0.128384,0.069891,-0.002386,476.877684
0.897862,0.018290,-0.093700,325.798675
0.229415,0.050020,-0.007240,457.798476
0.146561,0.079075,-0.003102,473.461558
0.570664,0.049072,-0.039465,391.674986
0.049628,0.035080,-0.000078,491.594523
0.016834,0.004161,0.000503,497.682633
0.747419,0.072466,-0.065883,356.392982
0.247841,0.079887,-0.008355,454.293898
0.704536,0.083591,-0.058856,365.018130
0.486933,0.099291,-0.029283,408.140086
0.008165,0.048897,0.000619,499.287242
0.701375,0.098171,-0.058354,365.651978
0.147398,0.085194,-0.003137,473.304010
0.099129,0.024658,-0.001378,482.360824
0.389522,0.075611,-0.019305,427.098458
0.299521,0.005820,-0.011862,444.426727
0.961609,0.021206,-0.106988,312.675251
0.414532,0.048218,-0.021675,422.251578
0.255402,0.030762,-0.008834,452.854605
0.704591,0.005765,-0.058865,365.008231
0.710041,0.033052,-0.059736,363.914052
0.852227,0.090818,-0.084739,335.133743
0.444409,0.096235,-0.024680,416.442320
0.973593,0.025016,-0.109587,310.197448
0.236985,0.002944,-0.007690,456.360443
0.471424,0.045379,-0.027560,411.173363
0.011221,0.033764,0.000580,498.721676
0.638088,0.064685,-0.048751,378.300399
0.610649,0.015396,-0.044855,383.756431
0.344028,0.096754,-0.015330,435.879376
0.414067,0.083370,-0.021630,422.341377
0.615009,0.097389,-0.045463,382.889397
0.967927,0.028809,-0.108354,311.369308
0.919458,0.003905,-0.098101,321.363784
0.633872,0.024778,-0.048142,379.140255
0.431710,0.073261,-0.023380,418.913985
0.137936,0.054167,-0.002754,475.083773
0.839339,0.097297,-0.082291,337.761576
0.458457,0.086298,-0.026158,413.704172
0.815097,0.070480,-0.077785,342.694538
0.584662,0.063619,-0.041313,388.906529
0.813504,0.034394,-0.077493,343.018794
0.103526,0.035774,-0.001518,481.537866
0.147167,0.060219,-0.003128,473.347685
0.883214,0.028902,-0.090774,328.800514
0.592772,0.096125,-0.042403,387.300219
0.329044,0.027900,-0.014116,438.762481
0.662916,0.081988,-0.052416,373.349185
0.275272,0.065120,-0.010147,449.063617
0.751169,0.033851,-0.066516,355.637398
0.125876,0.077773,-0.002293,477.348431
0.898969,0.015059,-0.093923,325.571619
0.550409,0.081878,-0.036865,395.672228
0.816352,0.040364,-0.078015,342.439958
0.426596,0.055704,-0.022866,419.908404
0.056877,0.050365,-0.000236,490.245550
0.216130,0.099310,-0.006480,460.319585
0.452464,0.060988,-0.025523,414.873258
0.945331,0.068311,-0.103510,316.034845
0.418892,0.034289,-0.022102,421.405421
0.270883,0.024128,-0.009850,449.902156
0.030436,0.040587,0.000289,495.159963
0.728489,0.096561,-0.062732,360.205291
0.039445,0.095486,0.000127,493.486626
0.536731,0.051187,-0.035159,398.366946
0.784871,0.032309,-0.072346,348.826137
0.448571,0.012394,-0.025114,415.632689
0.495258,0.063122,-0.030228,406.510582
0.822055,0.004345,-0.079065,341.281228
0.791157,0.018937,-0.073461,347.552934
0.617191,0.080638,-0.045769,382.456344
0.295253,0.074726,-0.011551,445.243097
0.469254,0.001109,-0.027323,411.597967
0.304821,0.031202,-0.012253,443.411037
0.961104,0.093424,-0.106880,312.778510
0.817766,0.006219,-0.078274,342.153170
0.036837,0.050232,0.000176,493.971618
0.364288,0.028032,-0.017046,431.975394
0.752774,0.074045,-0.066788,355.312969
0.119291,0.047566,-0.002054,478.584029
0.433805,0.085450,-0.023592,418.506388
0.567805,0.046208,-0.039093,392.239767
0.079954,0.093544,-0.000813,485.943330
0.118761,0.004433,-0.002035,478.684059
0.521690,0.020539,-0.033329,401.325341
0.196429,0.012338,-0.005422,464.053050
0.349570,0.009952,-0.015791,434.813263
0.094776,0.069861,-0.001243,483.174540
0.438648,0.032784,-0.024086,417.564680
0.855554,0.005078,-0.085376,334.456104
0.178294,0.037369,-0.004518,467.480957
0.340445,0.030531,-0.015035,436.569947
0.429362,0.079203,-0.023143,419.370456
0.231773,0.029590,-0.007379,457.350666
0.897192,0.080764,-0.093566,325.935256
0.302821,0.091365,-0.012104,443.793459
0.746648,0.067561,-0.065753,356.548516
0.798923,0.099375,-0.074850,345.977512
0.020330,0.021732,0.000452,497.034545
0.095904,0.043416,-0.001278,482.963954
0.900212,0.065106,-0.094174,325.315818
0.685663,0.025589,-0.055889,368.801722
0.404150,0.090687,-0.020675,424.264765
0.122903,0.000449,-0.002184,477.907232
0.435581,0.083882,-0.023773,418.160831
0.942108,0.093531,-0.102828,316.698923
0.137755,0.002272,-0.002747,475.118425
0.491196,0.026063,-0.029765,407.306746
0.140180,0.075179,-0.002843,474.661610
0.228054,0.092498,-0.007161,458.056481
0.420438,0.066496,-0.022254,421.104748
0.188182,0.098419,-0.005002,465.611906
0.595747,0.017789,-0.042806,386.711820
0.711789,0.095030,-0.060017,363.562148
0.388164,0.047195,-0.019180,427.361600
0.085900,0.085586,-0.000980,484.833066
0.707608,0.055964,-0.059346,364.401978
0.877964,0.003842,-0.089736,329.875719
0.621579,0.039727,-0.046387,381.584972
0.276083,0.096217,-0.010202,448.908254
0.223609,0.067916,-0.006904,458.900799
0.762783,0.012635,-0.068497,353.293484
0.638719,0.066121,-0.048842,378.174751
0.580881,0.079586,-0.040810,389.654434
0.049845,0.026950,-0.000082,491.554299
0.842710,0.086070,-0.082928,337.074727
0.203374,0.047592,-0.005786,462.737967
0.308149,0.040825,-0.012502,442.773020
0.715773,0.029674,-0.060659,362.762765
0.629183,0.096825,-0.047469,380.072242
0.908795,0.016801,-0.095915,323.554771
0.422926,0.079187,-0.022501,420.621345
0.232480,0.037765,-0.007421,457.216200
0.048728,0.079915,-0.000058,491.761351
0.223316,0.022818,-0.006887,458.956957
0.025347,0.028930,0.000374,496.104223
0.817209,0.077398,-0.078172,342.265189
0.242903,0.075015,-0.008050,455.233817
0.086547,0.029161,-0.000999,484.712972
0.987026,0.014479,-0.112538,307.416276
0.022996,0.003034,0.000411,496.540590
0.164479,0.000804,-0.003876,470.087994
0.406393,0.077341,-0.020889,423.830099
0.314541,0.007237,-0.012986,441.547636
0.528488,0.076530,-0.034150,399.988351
0.087038,0.002981,-0.001014,484.621632
0.576519,0.070630,-0.040233,390.517347
0.016436,0.007145,0.000509,497.756225
0.246513,0.080765,-0.008273,454.546690
0.772150,0.067684,-0.070117,351.399600
0.301563,0.001460,-0.012012,444.035743
0.023015,0.093926,0.000411,496.535840
0.619052,0.056982,-0.046031,382.086947
0.661223,0.064641,-0.052161,373.687539
-0.000066,0.068717,-0.000114,500.807842
0.481976,0.092422,-0.028726,409.110124
0.740750,0.010776,-0.064764,357.738030
0.517571,0.028378,-0.032836,402.134420
0.433557,0.087405,-0.023567,418.554580
0.199398,0.060946,-0.005576,463.490617
0.273195,0.095461,-0.010006,449.459775
0.402633,0.002869,-0.020531,424.560115
0.134999,0.085778,-0.002639,475.635211
0.280213,0.010529,-0.010486,448.120362
0.029125,0.072944,0.000312,495.402819
0.355270,0.031834,-0.016272,433.714680
0.509776,0.077559,-0.031913,403.663995
0.484309,0.084286,-0.028987,408.653729
0.865470,0.051687,-0.087292,332.430017
0.599933,0.038371,-0.043377,385.881813
0.416865,0.044453,-0.021903,421.798799
0.349836,0.012180,-0.015813,434.762010
0.537017,0.026994,-0.035194,398.310996
0.950048,0.050806,-0.104512,315.061908
0.841584,0.040012,-0.082715,337.304925
0.248381,0.067210,-0.008389,454.191331
0.446720,0.050808,-0.024921,415.992823
0.832054,0.034236,-0.080923,339.246314
0.790504,0.053269,-0.073344,347.684859
0.404568,0.006518,-0.020715,424.184964
0.128687,0.070125,-0.002398,476.820835
0.193100,0.006470,-0.005251,464.683112
0.278686,0.004225,-0.010381,448.412268
0.919621,0.076806,-0.098135,321.329152
0.810705,0.066219,-0.076982,343.586850
0.888349,0.071420,-0.091795,327.748086
0.008017,0.000730,0.000621,499.315229
0.035151,0.084125,0.000207,494.284236
0.825414,0.010965,-0.079687,340.597928
0.882544,0.074972,-0.090641,328.937134
0.414097,0.071145,-0.021633,422.335675
0.168000,0.055819,-0.004036,469.423325
0.433536,0.065995,-0.023565,418.559022
0.018916,0.065098,0.000473,497.295966
0.450045,0.092438,-0.025268,415.344392
0.844832,0.002689,-0.083330,336.643425
0.736039,0.099927,-0.064135,358.680703
0.886319,0.037735,-0.091390,328.164566
0.888285,0.091657,-0.091782,327.760994
0.274567,0.091501,-0.010099,449.197935
0.751752,0.012279,-0.066615,355.519986
0.206351,0.084406,-0.005944,462.173427
0.024601,0.027531,0.000386,496.242641
0.661048,0.001656,-0.052135,373.723355
0.291845,0.038993,-0.011306,445.895793
0.597534,0.082545,-0.043049,386.356732
0.423024,0.015713,-0.022510,420.603097
0.495588,0.081256,-0.030266,406.445745
0.766642,0.032960,-0.069162,352.513455
0.738865,0.024472,-0.064449,358.117545
0.342396,0.016032,-0.015195,436.194642
0.969270,0.036679,-0.108646,311.091519
0.523288,0.033882,-0.033521,401.011067
0.079699,0.023104,-0.000807,485.991892
0.250118,0.037364,-0.008498,453.860914
0.986718,0.071352,-0.112470,307.479151
0.618813,0.017338,-0.045997,382.135002
0.278677,0.095898,-0.010380,448.412771
0.063112,0.040011,-0.000381,489.084529
0.219997,0.036509,-0.006698,459.586785
0.765802,0.049756,-0.069017,352.683059
0.061178,0.013319,-0.000336,489.445253
0.064694,0.064055,-0.000419,488.789522
0.237774,0.094789,-0.007737,456.209082
0.350953,0.024214,-0.015907,434.546743
0.088685,0.009678,-0.001061,484.313909
0.068390,0.093178,-0.000510,488.100254
0.159866,0.050179,-0.003671,470.956953
0.018398,0.027791,0.000480,497.392480
0.655758,0.088997,-0.051345,374.777917
0.931172,0.038296,-0.100531,318.952942
0.963377,0.037906,-0.107370,312.309746
0.933700,0.066268,-0.101060,318.431876
0.035802,0.012426,0.000194,494.164359
0.433069,0.097164,-0.023517,418.649371
0.589200,0.001359,-0.041921,388.009008
0.412248,0.025700,-0.021453,422.695172
0.974728,0.087294,-0.109835,309.961832
0.992029,0.090650,-0.113249,306.395743
0.800786,0.029049,-0.075185,345.600689
0.213901,0.064147,-0.006357,460.742648
0.671097,0.066785,-0.053652,371.714838
0.312329,0.099648,-0.012817,441.970512
0.322900,0.025348,-0.013632,439.942698
0.532958,0.065304,-0.034695,399.109296
0.467306,0.087194,-0.027111,411.977122
0.544416,0.080726,-0.036113,396.853180
0.117831,0.081700,-0.002002,478.857363
0.888124,0.024626,-0.091749,327.794895
0.940083,0.068911,-0.102401,317.116764
0.223217,0.073093,-0.006881,458.975065
0.441444,0.011420,-0.024374,417.020760
0.635192,0.004923,-0.048332,378.877707
0.816998,0.081050,-0.078134,342.308023
0.531317,0.035293,-0.034495,399.432478
0.383106,0.037899,-0.018718,428.340063
0.348316,0.066355,-0.015686,435.054045
0.988294,0.056391,-0.112819,307.152939
0.917451,0.014732,-0.097688,321.776163
0.124025,0.005967,-0.002225,477.696585
0.084064,0.098177,-0.000928,485.175800
0.616033,0.005010,-0.045606,382.687495
0.055832,0.064951,-0.000212,490.439927
0.632149,0.042760,-0.047894,379.482879
0.944977,0.034389,-0.103435,316.108311
0.061815,0.073621,-0.000350,489.325841
0.650586,0.075470,-0.050579,375.809747
0.092814,0.076113,-0.001184,483.541215
0.836360,0.037925,-0.081730,338.369380
0.222486,0.025121,-0.006840,459.114519
0.194533,0.069842,-0.005324,464.411145
0.962963,0.059425,-0.107280,312.394996
0.381961,0.061057,-0.018614,428.561168
0.906054,0.061318,-0.095358,324.116945
0.060289,0.046012,-0.000315,489.610340
0.041102,0.056519,0.000095,493.179353
0.347900,0.092073,-0.015651,435.133925
0.248889,0.021827,-0.008421,454.095287
0.249898,0.046577,-0.008484,453.902759
0.046853,0.045653,-0.000020,492.110439
0.334115,0.006733,-0.014522,437.787873
0.098193,0.084037,-0.001348,482.535276
0.484060,0.061777,-0.028960,408.702847
0.290712,0.062281,-0.011224,446.112237
0.263515,0.066859,-0.009360,451.307406
0.973709,0.020843,-0.109612,310.173609
0.706696,0.061429,-0.059200,364.585088
0.763394,0.028075,-0.068602,353.169806
0.756151,0.064195,-0.067363,354.631642
0.934211,0.046460,-0.101167,318.327007
0.664915,0.091234,-0.052716,372.949701
0.404056,0.050313,-0.020666,424.283626
0.486154,0.080871,-0.029195,408.292916
0.139138,0.002114,-0.002802,474.858384
0.540136,0.073371,-0.035580,397.696332
0.072779,0.092609,-0.000622,487.281914
0.336755,0.048077,-0.014735,437.279532
0.832090,0.044358,-0.080930,339.238835
0.365578,0.033592,-0.017158,431.726325
0.453723,0.071683,-0.025656,414.627598
0.089055,0.088663,-0.001072,484.243611
0.514248,0.013919,-0.032441,402.787222
0.960218,0.041119,-0.106689,312.962360
0.442607,0.033494,-0.024494,416.794135
0.035867,0.087998,0.000194,494.151284
0.464169,0.087123,-0.026771,412.589615
0.366299,0.061684,-0.017221,431.586885
0.799197,0.026529,-0.074899,345.922863
0.367499,0.082287,-0.017326,431.354952
0.361902,0.084490,-0.016839,432.434900
0.879318,0.039799,-0.090003,329.598115
0.619721,0.093735,-0.046125,381.953371
0.554782,0.096880,-0.037419,394.809676
0.229929,0.093822,-0.007270,457.700189
0.000096,0.074999,0.000166,500.778442
0.837035,0.060483,-0.081857,338.231510
0.622469,0.013321,-0.046513,381.408387
0.677300,0.066403,-0.054599,370.474695
0.967298,0.012207,-0.108218,311.499718
0.352706,0.001268,-0.016055,434.209264
0.604641,0.033196,-0.044023,384.948340
0.854223,0.068771,-0.085121,334.726752
0.889625,0.004943,-0.092049,327.487542
0.194236,0.014484,-0.005309,464.468146
0.612513,0.092794,-0.045114,383.385120
0.895073,0.012104,-0.093139,326.370700
0.688649,0.030755,-0.056353,368.203700
0.957298,0.062407,-0.106061,313.565258
0.175444,0.042635,-0.004382,468.019059
0.906959,0.027987,-0.095541,323.931676
0.378688,0.001623,-0.018319,429.194705
0.283920,0.044874,-0.010744,447.411402
0.758599,0.024586,-0.067780,354.138157
0.777092,0.053189,-0.070979,350.400249
0.046219,0.052125,-0.000007,492.228209
0.902915,0.094789,-0.094721,324.760719
0.671117,0.085539,-0.053655,371.710570
0.404737,0.075933,-0.020731,424.151189
0.406259,0.032076,-0.020877,423.856708
0.727750,0.006476,-0.062610,360.355384
0.144662,0.015969,-0.003025,473.819525
0.292742,0.045035,-0.011370,445.724046
0.843152,0.000750,-0.083011,336.985884
0.181372,0.085122,-0.004666,466.899009
0.029174,0.023943,0.000311,495.394417
0.419256,0.055577,-0.022138,421.334499
0.560286,0.029156,-0.038122,393.724657
0.247394,0.059519,-0.008327,454.379396
0.581549,0.042963,-0.040899,389.522833
0.204291,0.004692,-0.005835,462.564720
0.573263,0.006324,-0.039805,391.161972
0.292508,0.020207,-0.011353,445.769171
0.834376,0.022325,-0.081358,338.773606
0.604559,0.065402,-0.044012,384.964138
0.897933,0.072677,-0.093715,325.783230
0.610599,0.005447,-0.044848,383.766402
0.873082,0.088249,-0.088777,330.873322
0.852454,0.034037,-0.084782,335.088401
0.243401,0.040897,-0.008080,455.139471
0.578490,0.050161,-0.040493,390.127715
0.199186,0.034667,-0.005565,463.531016
0.812816,0.028280,-0.077367,343.158508
0.273434,0.093748,-0.010022,449.414227
0.089124,0.018221,-0.001074,484.231742
0.393067,0.008790,-0.019633,426.413040
0.308559,0.060000,-0.012532,442.694130
0.204146,0.055412,-0.005827,462.591502
0.278999,0.091904,-0.010402,448.351312
0.290788,0.089612,-0.011230,446.097350
0.845389,0.011010,-0.083435,336.529649
0.213717,0.044120,-0.006346,460.777937
0.005123,0.033401,0.000656,499.850335
0.538318,0.009470,-0.035355,398.055046
0.421743,0.064590,-0.022383,420.851188
0.920558,0.016346,-0.098328,321.137336
0.803436,0.051266,-0.075663,345.062553
0.059847,0.035343,-0.000304,489.692807
0.193744,0.000034,-0.005423,464.559928
0.267633,0.022608,-0.009632,450.522440
0.461895,0.023595,-0.026527,413.034295
0.881312,0.078223,-0.090398,329.189213
0.868455,0.015662,-0.087873,331.820486
0.292571,0.010960,-0.011358,445.757273
0.497057,0.036258,-0.030435,406.158430
0.259010,0.048870,-0.009066,452.166675
0.655541,0.018030,-0.051313,374.822269
0.555913,0.094992,-0.037563,394.586474
0.371353,0.071069,-0.017665,430.610958
0.160901,0.073560,-0.003716,470.761518
0.183852,0.016583,-0.004788,466.431308
0.628620,0.083954,-0.047388,380.184351
0.534971,0.007870,-0.034942,398.713887
0.174488,0.046670,-0.004337,468.199397
0.227669,0.026296,-0.007139,458.130483
0.315257,0.044153,-0.013040,441.409746
0.683519,0.091819,-0.055557,369.229886
0.118298,0.017332,-0.002019,478.770698
0.326279,0.060116,-0.013897,439.293306
0.178006,0.094032,-0.004504,467.534505
0.459768,0.003792,-0.026299,413.449567
0.671044,0.028182,-0.053644,371.726123
0.658789,0.088928,-0.051797,374.173071
0.506328,0.052659,-0.031509,404.340820
0.193556,0.070840,-0.005274,464.596001
0.690835,0.087173,-0.056695,367.764887
0.706327,0.067780,-0.059141,364.659087
0.317525,0.086916,-0.013214,440.973866
0.770039,0.002623,-0.069750,351.827337
0.933684,0.048766,-0.101057,318.435381
0.236012,0.023961,-0.007632,456.545183
0.520793,0.041827,-0.033221,401.501302
0.356475,0.033634,-0.016374,433.482360
0.050783,0.097013,-0.000102,491.378874
0.114984,0.045703,-0.001902,479.391672
0.298176,0.022030,-0.011763,444.684011
0.264327,0.070758,-0.009413,451.152503
0.279886,0.097770,-0.010463,448.181681
0.006802,0.047217,0.000636,499.539563
0.653132,0.041541,-0.050956,375.302506
0.346109,0.012609,-0.015502,435.479944
0.249492,0.071018,-0.008459,453.979796
0.076766,0.027077,-0.000728,486.539082
0.699175,0.033724,-0.058006,366.094119
0.146766,0.096662,-0.003111,473.422688
0.101466,0.064852,-0.001452,481.923077
0.566410,0.016791,-0.038912,392.515732
0.638827,0.028194,-0.048858,378.153761
0.766309,0.015468,-0.069105,352.581088
0.744585,0.081161,-0.065406,356.964233
0.511218,0.068752,-0.032083,403.381117
0.548087,0.012448,-0.036573,396.130793
0.878341,0.071971,-0.089811,329.797608
0.716965,0.084302,-0.060852,362.522566
0.473667,0.048611,-0.027806,410.735122
0.526410,0.027651,-0.033898,400.397649
0.299831,0.055810,-0.011884,444.366630
0.293979,0.000044,-0.011612,445.485783
0.305574,0.037727,-0.012309,443.266646
0.851615,0.094349,-0.084622,335.258586
0.047439,0.091832,-0.000031,492.000971
0.346253,0.010552,-0.015514,435.452154
0.169385,0.018428,-0.004100,469.162622
0.987893,0.078421,-0.112730,307.235727
0.449801,0.018893,-0.025243,415.392964
0.078738,0.067746,-0.000780,486.170592
0.652370,0.040920,-0.050843,375.454415
0.460482,0.072329,-0.026375,413.309359
0.495824,0.007748,-0.030293,406.400473
0.484537,0.073148,-0.029013,408.609390
0.634349,0.052311,-0.048211,379.044936
0.753146,0.098692,-0.066852,355.237465
0.126421,0.032123,-0.002313,477.246762
0.140579,0.028212,-0.002859,474.587259
0.047614,0.048776,-0.000035,491.968980
0.097333,0.016666,-0.001322,482.696898
0.475067,0.084373,-0.027960,410.461086
0.253974,0.050117,-0.008742,453.126313
0.417019,0.086007,-0.021918,421.768279
0.020381,0.079674,0.000451,497.024230
0.010642,0.055014,0.000588,498.828711
0.269492,0.019634,-0.009756,450.167781
0.679169,0.001597,-0.054886,370.101700
0.916656,0.091746,-0.097525,321.938381
0.222851,0.005348,-0.006861,459.045458
0.724260,0.089329,-0.062039,361.056027
0.038800,0.084309,0.000139,493.606616
0.505065,0.028164,-0.031361,404.588915
0.159473,0.083321,-0.003653,471.030501
0.450306,0.005510,-0.025296,415.294675
0.484000,0.075744,-0.028953,408.714320
0.366263,0.096288,-0.017218,431.593328
0.446576,0.085542,-0.024906,416.020343
0.843243,0.057219,-0.083028,336.966620
0.658661,0.069840,-0.051778,374.198843
0.599078,0.050501,-0.043260,386.051187
0.939718,0.055855,-0.102324,317.192206
0.088423,0.021680,-0.001054,484.362691
0.943035,0.028498,-0.103023,316.508890
0.168080,0.058211,-0.004040,469.408182
0.865362,0.051822,-0.087271,332.452177
0.326194,0.020970,-0.013890,439.310183
0.555017,0.057215,-0.037449,394.763887
0.289307,0.053531,-0.011124,446.381153
0.307776,0.016850,-0.012474,442.844753
0.574597,0.002632,-0.039980,390.898250
0.218359,0.036966,-0.006605,459.897521
0.163047,0.083591,-0.003812,470.356955
0.361274,0.017868,-0.016785,432.557033
0.764252,0.076679,-0.068750,352.995681
0.424104,0.045863,-0.022618,420.392909
0.201170,0.063431,-0.005669,463.155095
0.612710,0.046021,-0.045142,383.346648
0.223490,0.074523,-0.006897,458.923212
0.035375,0.077850,0.000203,494.242753
0.663866,0.040895,-0.052558,373.160095
0.509378,0.009807,-0.031866,403.742977
0.544386,0.075822,-0.036109,396.859210
0.962619,0.037929,-0.107206,312.466412
0.723999,0.079835,-0.061996,361.108723
0.229765,0.012945,-0.007261,457.732381
0.529608,0.063565,-0.034286,399.768151
0.052407,0.024396,-0.000137,491.077862
0.044836,0.023641,0.000021,492.485708
0.761129,0.047728,-0.068214,353.626882
0.177288,0.046890,-0.004470,467.670800
0.253677,0.083285,-0.008723,453.182474
0.513058,0.070812,-0.032300,403.020025
0.079955,0.084168,-0.000814,485.943189
0.925201,0.076213,-0.099289,320.181273
0.639858,0.068187,-0.049008,377.947849
0.008896,0.067044,0.000610,499.151687
0.987584,0.014334,-0.112661,307.300663
0.541611,0.034198,-0.035763,397.406406
0.420358,0.001809,-0.022247,421.121133
0.985343,0.020525,-0.112166,307.764974
0.291829,0.019554,-0.011305,445.899033
0.422891,0.030224,-0.022497,420.628763
0.301653,0.051747,-0.012018,444.017696
0.520238,0.040087,-0.033155,401.610283
0.403509,0.052531,-0.020614,424.389571
0.166193,0.012153,-0.003954,469.764731
0.318255,0.081144,-0.013271,440.833723
0.719274,0.097930,-0.061226,362.058280
0.884509,0.098576,-0.091031,328.534399
0.074808,0.046456,-0.000675,486.904206
0.017472,0.016151,0.000494,497.564095
0.399927,0.051377,-0.020275,425.083778
0.228856,0.043030,-0.007208,457.904669
0.018453,0.000033,0.000373,497.382306
0.072579,0.058479,-0.000617,487.319780
0.324127,0.066265,-0.013728,439.706656
0.806248,0.089240,-0.076172,344.491280
0.620622,0.040980,-0.046252,381.775158
0.990914,0.049689,-0.113400,306.609908
0.032762,0.008522,0.000249,494.728745
0.872008,0.067733,-0.088567,331.093181
0.115045,0.097228,-0.001904,479.379419
0.958621,0.089591,-0.106346,313.291574
0.044791,0.006112,0.000022,492.494322
0.781239,0.072808,-0.071706,349.560832
0.320363,0.066756,-0.013434,440.429347
0.671954,0.012626,-0.053782,371.544457
0.875040,0.060543,-0.089162,330.473107
0.595540,0.046675,-0.042778,386.752404
0.812605,0.090417,-0.077329,343.200573
0.253305,0.034032,-0.008700,453.254019
0.014490,0.041413,0.000536,498.116312
0.025064,0.040343,0.000378,496.156500
0.712987,0.019590,-0.060209,363.322596
0.031419,0.072712,0.000273,494.977218
0.690032,0.010543,-0.056569,367.927002
0.857648,0.002382,-0.085779,334.028588
0.670637,0.054679,-0.053582,371.807081
0.250233,0.009210,-0.008506,453.839391
0.949796,0.046688,-0.104458,315.113993
0.177972,0.073220,-0.004503,467.541318
0.327126,0.008644,-0.013964,439.131311
0.747549,0.041747,-0.065905,356.367272
0.889498,0.016485,-0.092023,327.513498
0.432591,0.072438,-0.023469,418.742611
-0.000144,0.062558,-0.000250,500.822205
0.763734,0.054345,-0.068661,353.100679
0.748243,0.036807,-0.066022,356.227461
0.230312,0.091290,-0.007293,457.627477
0.907842,0.027947,-0.095721,323.750257
0.050342,0.081625,-0.000092,491.461144
0.128683,0.052551,-0.002398,476.821786
0.815180,0.084087,-0.077800,342.677375
0.099537,0.033949,-0.001391,482.284435
0.004915,0.081790,0.000659,499.888251
0.330489,0.050738,-0.014231,438.484369
0.422296,0.094660,-0.022438,420.743462
0.045162,0.000526,0.000014,492.425497
0.625012,0.083435,-0.046874,380.901878
0.768002,0.009414,-0.069397,352.239036
0.122049,0.042285,-0.002153,478.066858
0.828789,0.098341,-0.080314,339.909822
0.467609,0.000130,-0.027309,411.915703
0.383054,0.076511,-0.018713,428.349651
0.451367,0.099922,-0.025572,415.083282
0.167248,0.052043,-0.004002,469.565253
0.011839,0.038229,0.000572,498.607296
0.421598,0.047595,-0.022369,420.879711
0.184600,0.039489,-0.004825,466.289785
0.711840,0.051236,-0.060025,363.552562
0.439420,0.100011,-0.024330,417.410248
0.439817,0.047674,-0.024206,417.337037
0.599012,0.078830,-0.043251,386.063816
0.737450,0.049145,-0.064214,358.402354
0.219313,0.004602,-0.006659,459.717005
0.013530,0.072368,0.000550,498.293669
0.892844,0.075497,-0.092693,326.826787
0.668732,0.077102,-0.053293,372.187457
0.133850,0.075402,-0.002594,475.851234
0.035466,0.022394,0.000200,494.226565
0.884585,0.042025,-0.091046,328.519595
0.606816,0.016658,-0.044323,384.517111
0.939500,0.094256,-0.102278,317.236588
0.950427,0.057987,-0.104592,314.983643
0.653901,0.077499,-0.051070,375.148511
0.260885,0.056062,-0.009188,451.809151
0.703897,0.099274,-0.058754,365.146207
0.548444,0.078742,-0.036618,396.059541
0.685450,0.086985,-0.055856,368.843489
0.014653,0.090806,0.000534,498.085334
0.578152,0.010424,-0.040449,390.195136
0.308523,0.096246,-0.012529,442.700515
0.665150,0.044100,-0.052752,372.903557
0.475268,0.050389,-0.027982,410.422296
0.395931,0.039996,-0.019900,425.858047
0.455471,0.055845,-0.025841,414.287003
0.637811,0.084526,-0.048711,378.355195
0.911894,0.011798,-0.096548,322.918269
0.192367,0.063723,-0.005213,464.820945
0.208126,0.031455,-0.006041,461.837866
0.746992,0.053863,-0.065811,356.479332
0.714222,0.003016,-0.060408,363.074907
0.106361,0.023913,-0.001611,481.007442
0.071381,0.087583,-0.000586,487.542845
0.027388,0.066645,0.000341,495.725075
0.706551,0.021562,-0.059177,364.614670
0.371591,0.019307,-0.017686,430.565693
0.037928,0.005980,0.000155,493.769582
0.804978,0.045110,-0.075942,344.749725
0.968587,0.094802,-0.108498,311.231878
0.226708,0.086206,-0.007082,458.312057
0.746417,0.029265,-0.065714,356.595641
0.379265,0.029304,-0.018371,429.082945
0.089436,0.041427,-0.001083,484.173058
0.792050,0.034566,-0.073620,347.371831
0.072655,0.085076,-0.000619,487.305232
0.508321,0.069297,-0.031742,403.949517
0.413857,0.099585,-0.021610,422.381949
0.688216,0.095966,-0.056286,368.289353
0.365565,0.069432,-0.017157,431.728328
0.488284,0.095065,-0.029435,407.875696
0.526966,0.026296,-0.033965,400.288376
0.953817,0.082521,-0.105316,314.283757
0.621490,0.051590,-0.046375,381.602469
0.813689,0.004724,-0.077527,342.981657
0.087091,0.094627,-0.001014,484.610415
0.010655,0.067074,0.000588,498.826057
0.347168,0.000508,-0.015590,435.276146
0.106195,0.070172,-0.001605,481.037837
0.326197,0.057334,-0.013890,439.308982
0.035243,0.061277,0.000205,494.267472
0.376421,0.023148,-0.018116,429.632526
0.132357,0.048485,-0.002537,476.131915
0.109290,0.050155,-0.001708,480.458420
0.339535,0.006580,-0.014961,436.745327
0.253150,0.097855,-0.008690,453.282601
0.895043,0.005314,-0.093133,326.377091
0.918588,0.025452,-0.097922,321.542213
0.049187,0.062208,-0.000068,491.676276
0.305947,0.016892,-0.012337,443.195339
0.471845,0.006768,-0.027606,411.091806
0.493315,0.047938,-0.030006,406.891401
0.025967,0.026634,0.000364,495.989366
0.263910,0.061518,-0.009386,451.232138
0.044960,0.012305,0.000018,492.462930
0.853936,0.026069,-0.085066,334.785925
0.201281,0.035934,-0.005675,463.134310
0.694698,0.072442,-0.057300,366.991150
0.052648,0.066028,-0.000142,491.032400
0.842959,0.065384,-0.082975,337.024265
0.648903,0.086859,-0.050331,376.145081
0.593566,0.070340,-0.042510,387.143308
0.112286,0.030024,-0.001810,479.897477
0.923624,0.025405,-0.098962,320.506654
0.240093,0.072637,-0.007878,455.768363
0.195922,0.001467,-0.005395,464.149319
0.435284,0.048873,-0.023743,418.219150
0.398910,0.030774,-0.020179,425.281231
0.775081,0.045939,-0.070627,350.807230
0.881767,0.046489,-0.090487,329.096578
0.509560,0.075078,-0.031887,403.706347
0.345177,0.054474,-0.015425,435.658674
0.113164,0.060365,-0.001839,479.732558
0.087756,0.038835,-0.001034,484.487086
0.164812,0.035546,-0.003891,470.024889
0.807826,0.029557,-0.076458,344.171897
0.112259,0.001955,-0.001809,479.902836
0.768743,0.078720,-0.069526,352.088274
0.527244,0.055874,-0.033999,400.233110
0.153510,0.093335,-0.003394,472.153534
0.011229,0.083458,0.000580,498.719638
0.211845,0.056905,-0.006243,461.132705
0.463191,0.092131,-0.026666,412.780497
0.041855,0.069949,0.000080,493.039135
0.804692,0.023952,-0.075890,344.808139
0.786875,0.007289,-0.072700,348.420651
0.278432,0.041260,-0.010363,448.460328
0.203572,0.093642,-0.005796,462.699729
0.498756,0.007803,-0.030630,405.825970
0.490211,0.052467,-0.029653,407.499201
0.480179,0.039238,-0.028526,409.462270
0.569791,0.091111,-0.039352,391.846746
0.425209,0.096035,-0.022727,420.177497
0.815041,0.086783,-0.077775,342.705701
0.910153,0.023614,-0.096192,323.275761
0.029480,0.084330,0.000306,495.336829
0.385029,0.086011,-0.018893,427.967449
0.423098,0.045511,-0.022518,420.588221
0.371124,0.017454,-0.017645,430.655881
0.916487,0.061321,-0.097490,321.973723
0.778063,0.085256,-0.071149,350.203403
0.086799,0.080011,-0.001006,484.665274
0.703829,0.003052,-0.058743,365.161234
0.688000,0.010375,-0.056252,368.334004
0.235137,0.092668,-0.007579,456.710494
0.481683,0.068572,-0.028694,409.167804
0.409474,0.006809,-0.021185,423.233650
0.334091,0.063278,-0.014519,437.791806
0.402458,0.051507,-0.020514,424.593399
0.103536,0.073716,-0.001518,481.535603
0.542828,0.070323,-0.035915,397.166260
0.182421,0.046808,-0.004718,466.701320
0.363102,0.074876,-0.016943,432.203574
0.860482,0.073097,-0.086326,333.448793
0.065213,0.043560,-0.000432,488.693187
0.426286,0.007801,-0.022835,419.969289
0.470260,0.001275,-0.027433,411.401470
0.903453,0.059691,-0.094830,324.650980
0.659212,0.087931,-0.051861,374.088544
0.120328,0.097024,-0.002091,478.389006
0.736662,0.010100,-0.064083,358.561438
0.196848,0.081565,-0.005443,463.972889
0.870477,0.017705,-0.088267,331.407134
0.105906,0.092722,-0.001595,481.091601
0.561102,0.009728,-0.038227,393.563905
0.311445,0.074826,-0.012750,442.140581
0.822254,0.089546,-0.079102,341.239334
0.575948,0.061122,-0.040158,390.630282
0.642081,0.059735,-0.049331,377.505199
0.363321,0.037604,-0.016962,432.161844
0.073914,0.096743,-0.000651,487.070330
0.256541,0.023867,-0.008907,452.637619
0.380684,0.058441,-0.018498,428.808123
0.092107,0.063704,-0.001162,483.673545
0.304914,0.020255,-0.012260,443.393311
0.122567,0.052283,-0.002172,477.969665
0.138837,0.020689,-0.002790,474.914740
0.474530,0.038624,-0.027901,410.566606
0.457511,0.086501,-0.026058,413.888687
0.434418,0.096125,-0.023654,418.386949
0.561252,0.010550,-0.038246,393.534202
0.085898,0.042374,-0.000981,484.834114
0.328804,0.071368,-0.014097,438.807916
0.403885,0.081772,-0.020650,424.316288
0.925516,0.051321,-0.099354,320.116917
0.096878,0.077217,-0.001308,482.781284
0.293849,0.019433,-0.011450,445.512548
0.153025,0.075035,-0.003374,472.244983
0.349690,0.013622,-0.015801,434.790207
0.066199,0.080607,-0.000456,488.508821
0.239871,0.022185,-0.007865,455.811391
0.682767,0.083846,-0.055441,369.380614
0.376317,0.061775,-0.018106,429.652176
0.236648,0.083914,-0.007669,456.423382
0.333066,0.067870,-0.014437,437.988830
0.635126,0.059740,-0.048323,378.890074
0.558127,0.020957,-0.037846,394.150750
0.965025,0.033651,-0.107726,311.969177
0.183887,0.096552,-0.004789,466.423649
0.563712,0.068535,-0.038563,393.047689
0.420887,0.044083,-0.022299,421.017815
0.514674,0.016150,-0.032491,402.703468
0.637114,0.065151,-0.048610,378.494260
0.237982,0.097450,-0.007750,456.169448
0.066271,0.042164,-0.000458,488.495988
0.524838,0.001391,-0.033708,400.706947
0.746270,0.089924,-0.065690,356.624437
0.592264,0.040146,-0.042334,387.401556
0.456364,0.033946,-0.025936,414.113129
0.920427,0.078121,-0.098301,321.163303
0.005344,0.081036,0.000654,499.808810
0.365576,0.032259,-0.017158,431.726714
0.235438,0.093656,-0.007597,456.653290
0.787132,0.093988,-0.072746,348.367396
0.364218,0.041949,-0.017040,431.988680
0.003530,0.076225,0.000675,500.144511
0.658544,0.083287,-0.051761,374.222059
0.260520,0.041057,-0.009164,451.878946
0.624717,0.042852,-0.046832,380.961094
0.583712,0.080800,-0.041187,389.094271
0.207827,0.016865,-0.006024,461.894725
0.744612,0.058617,-0.065411,356.959045
0.022792,0.043061,0.000414,496.577738
0.102696,0.089781,-0.001491,481.692642
0.095599,0.076224,-0.001268,483.020474
0.395646,0.008731,-0.019873,425.913682
0.621440,0.022443,-0.046368,381.612796
0.285901,0.086797,-0.010883,447.032104
0.116380,0.076056,-0.001951,479.129563
0.850486,0.091524,-0.084406,335.488906
0.045691,0.094622,0.000004,492.325831
0.811768,0.049356,-0.077176,343.371151
0.600403,0.041441,-0.043441,385.788558
0.861135,0.043184,-0.086452,333.315923
0.855698,0.018364,-0.085404,334.426527
0.552318,0.037591,-0.037107,395.296419
0.475390,0.067479,-0.027995,410.398115
0.761474,0.027054,-0.068273,353.557463
0.900620,0.015002,-0.094256,325.232994
0.690284,0.080246,-0.056609,367.875513
0.407142,0.066119,-0.020961,423.685048
0.780034,0.036074,-0.071494,349.805169
0.090623,0.068963,-0.001118,483.950782
0.102532,0.087042,-0.001486,481.723369
0.455298,0.009144,-0.025822,414.321481
0.140193,0.004127,-0.002844,474.660177
0.455696,0.026235,-0.025865,414.243592
0.427157,0.056302,-0.022922,419.799492
0.662971,0.029609,-0.052424,373.338919
0.689490,0.088792,-0.056485,368.034471
0.582238,0.086471,-0.040990,389.385822
0.275841,0.071637,-0.010186,448.954851
0.320141,0.024428,-0.013417,440.472524
0.877536,0.099154,-0.089652,329.961926
0.163628,0.055817,-0.003838,470.247760
0.193422,0.000966,-0.005267,464.622219
0.824356,0.063151,-0.079491,340.812256
0.135136,0.055936,-0.002644,475.609779
0.698006,0.032183,-0.057821,366.328654
0.027497,0.099606,0.000339,495.704579
0.279116,0.011522,-0.010411,448.330140
0.877720,0.064899,-0.089689,329.924650
0.300628,0.044583,-0.011943,444.214128
0.480043,0.024035,-0.028511,409.489196
0.127869,0.024435,-0.002367,476.974931
0.401757,0.081012,-0.020448,424.728730
0.449853,0.051173,-0.025248,415.382395
0.815653,0.090877,-0.077887,342.581229
0.306910,0.097472,-0.012408,443.009710
0.289549,0.080720,-0.011141,446.334465
0.754282,0.096863,-0.067045,355.008413
0.393757,0.064621,-0.019697,426.278704
0.193899,0.080634,-0.005291,464.530966
0.513897,0.080369,-0.032399,402.855054
0.693600,0.068367,-0.057128,367.211202
0.273936,0.004709,-0.010056,449.319503
0.187252,0.020832,-0.004956,465.788732
0.828038,0.046496,-0.080174,340.063384
0.587511,0.071955,-0.041694,388.342401
0.331847,0.042970,-0.014339,438.223444
0.766613,0.082892,-0.069157,352.518707
0.942884,0.095485,-0.102992,316.538985
0.562830,0.089756,-0.038449,393.221702
0.370574,0.011652,-0.017596,430.762276
0.437327,0.038543,-0.023951,417.821822
0.667652,0.096555,-0.053130,372.402902
0.518173,0.027715,-0.032908,402.016207
0.172967,0.013105,-0.004266,468.486943
0.167624,0.008381,-0.004019,469.495007
0.392049,0.055815,-0.019538,426.609457
0.080128,0.023142,-0.000819,485.911773
0.138615,0.037086,-0.002781,474.956383
0.100547,0.008885,-0.001423,482.095865
0.798735,0.083158,-0.074816,346.015731
0.460491,0.085115,-0.026376,413.307525
0.046595,0.058644,-0.000014,492.158258
0.035090,0.062274,0.000208,494.295902
0.700450,0.031264,-0.058207,365.838617
0.053210,0.012014,-0.000155,490.928493
0.150805,0.040562,-0.003280,472.663489
0.589396,0.077618,-0.041948,387.969214
0.804787,0.053540,-0.075907,344.788414
0.815091,0.008986,-0.077784,342.696553
0.405235,0.098394,-0.020779,424.054329
0.296341,0.027491,-0.011630,445.035306
0.448957,0.050607,-0.025154,415.556815
0.867781,0.053497,-0.087742,331.957632
0.723515,0.009271,-0.061917,361.207035
0.057722,0.043069,-0.000255,490.088374
0.248402,0.092029,-0.008390,454.187027
0.121603,0.070953,-0.002137,478.150085
0.807288,0.013615,-0.076360,344.281333
0.864347,0.097055,-0.087074,332.658909
0.011883,0.071153,0.000572,498.598612
0.569612,0.074373,-0.039328,391.882388
0.499011,0.035733,-0.030660,405.775637
0.474370,0.087880,-0.027883,410.597308
0.484259,0.089058,-0.028982,408.663602
0.677877,0.039816,-0.054688,370.359616
0.200525,0.006660,-0.005635,463.277912
0.516491,0.099618,-0.032707,402.345505
0.433576,0.087336,-0.023569,418.550858
0.007014,0.090741,0.000634,499.499609
0.082390,0.091796,-0.000881,485.488479
0.709006,0.089476,-0.059570,364.120987
0.085537,0.060245,-0.000970,484.901303
0.357610,0.064840,-0.016471,433.263091
0.306700,0.070146,-0.012393,443.050411
0.570698,0.097166,-0.039470,391.667480
0.468941,0.088613,-0.027289,411.657946
0.419070,0.073007,-0.022120,421.370208
0.147134,0.047415,-0.003126,473.354192
0.599749,0.002751,-0.043352,385.918957
0.545438,0.076005,-0.036241,396.651844
0.331542,0.092094,-0.014315,438.281375
0.708400,0.006726,-0.059473,364.243849
0.108547,0.037962,-0.001683,480.597750
0.972846,0.037575,-0.109424,310.351935
0.400671,0.062463,-0.020345,424.939605
0.900888,0.001638,-0.094311,325.178126
0.970847,0.030482,-0.108989,310.765479
0.390750,0.083176,-0.019418,426.860612
0.310467,0.093682,-0.012676,442.327755
0.968110,0.053167,-0.108394,311.331240
0.471975,0.060328,-0.027620,411.065577
0.822154,0.013029,-0.079083,341.260815
0.578735,0.072401,-0.040526,390.079001
0.225182,0.070475,-0.006994,458.602007
0.120284,0.099947,-0.002222,478.396314
0.151605,0.072479,-0.003313,472.512400
0.217627,0.019136,-0.006564,460.036659
0.341168,0.078638,-0.015094,436.430130
0.131809,0.039483,-0.002516,476.234929
0.832768,0.084865,-0.081057,339.100151
0.289564,0.093515,-0.011142,446.331371
0.730094,0.015400,-0.062996,359.883559
0.041017,0.009976,0.000096,493.195606
0.407970,0.003098,-0.021041,423.525440
0.246545,0.079507,-0.008275,454.540582
0.645396,0.060396,-0.049816,376.844531
0.675114,0.099056,-0.054265,370.911434
0.148203,0.083631,-0.003171,473.152489
0.699683,0.070426,-0.058086,365.991716
0.351786,0.029728,-0.015977,434.386123
0.629816,0.020998,-0.047559,379.947465
0.674625,0.089358,-0.054190,371.009278
0.198610,0.040962,-0.005535,463.639940
0.606064,0.057446,-0.044219,384.665548
0.869606,0.093278,-0.088098,331.583975
0.357435,0.027683,-0.016456,433.297377
0.395808,0.088606,-0.019888,425.881189
0.473912,0.000492,-0.027833,410.687948
0.856650,0.001205,-0.085587,334.232340
0.935046,0.054392,-0.101342,318.154869
0.677027,0.030168,-0.054557,370.529710
0.871257,0.069730,-0.088420,331.246725
0.112312,0.002109,-0.001811,479.892965
0.001967,0.092566,0.000693,500.433351
0.739153,0.049897,-0.064497,358.059264
0.110998,0.073753,-0.001765,480.138150
0.350991,0.097418,-0.015910,434.538351
0.881356,0.091551,-0.090406,329.179966
0.056538,0.082555,-0.000228,490.308231
0.695112,0.077747,-0.057365,366.908076
0.610322,0.074231,-0.044809,383.820316
0.950356,0.012838,-0.104577,314.999101
0.879517,0.050625,-0.090043,329.557034
0.607189,0.018274,-0.044375,384.443047
0.255611,0.067921,-0.008847,452.814182
0.440001,0.068355,-0.024225,417.300938
0.071103,0.072165,-0.000579,487.594828
0.091726,0.009952,-0.001151,483.745428
0.594116,0.069320,-0.042585,387.034353
0.817568,0.074617,-0.078238,342.192247
0.694786,0.010005,-0.057314,366.974418
0.613598,0.003697,-0.045266,383.171019
0.378166,0.078205,-0.018272,429.294603
0.955953,0.083077,-0.105773,313.842635
0.802102,0.051565,-0.075422,345.333267
0.308104,0.084801,-0.012498,442.780923
0.506131,0.087235,-0.031486,404.379008
0.681659,0.072741,-0.055270,369.602405
0.776004,0.089635,-0.070789,350.619793
0.510028,0.051025,-0.031942,403.614894
0.227215,0.064032,-0.007112,458.216061
0.883544,0.001982,-0.090839,328.733349
0.251846,0.098090,-0.008607,453.531137
0.133274,0.086146,-0.002572,475.959248
0.207435,0.008667,-0.006003,461.969129
0.302043,0.079831,-0.012047,443.942715
0.114201,0.084359,-0.001875,479.537776
0.053629,0.041998,-0.000164,490.850213
0.884605,0.011988,-0.091050,328.515946
0.105413,0.037341,-0.001580,481.184635
0.619168,0.030647,-0.046047,382.064265
0.806445,0.099889,-0.076355,344.445966
0.293912,0.071341,-0.011454,445.499750
0.841469,0.077515,-0.082693,337.327818
0.621454,0.008872,-0.046370,381.610281
0.575697,0.064694,-0.040125,390.679803
0.940839,0.042114,-0.102560,316.961385
0.425329,0.060398,-0.022740,420.154606
0.229567,0.010817,-0.007249,457.770199
0.166667,0.063817,-0.003975,469.674724
0.753839,0.074085,-0.066969,355.098162
0.288835,0.015185,-0.011091,446.472051
0.929078,0.070985,-0.100095,319.383483
0.056295,0.062877,-0.000223,490.353794
0.170698,0.052484,-0.004160,468.914495
0.422392,0.031170,-0.022448,420.725654
0.264133,0.089197,-0.009400,451.189359
0.678662,0.077786,-0.054808,370.202045
0.546480,0.047877,-0.036371,396.447101
0.701429,0.085210,-0.058362,365.641444
0.416251,0.008471,-0.021843,421.918568
0.648085,0.004257,-0.050211,376.309324
0.612298,0.020642,-0.045084,383.428924
0.466521,0.024558,-0.027026,412.131267
0.072142,0.083585,-0.000606,487.400944
0.076949,0.096086,-0.000732,486.504083
0.006045,0.084739,0.000646,499.679087
0.986386,0.014745,-0.112397,307.548792
0.750805,0.000019,-0.066612,355.706115
0.242276,0.097218,-0.008011,455.352869
0.719953,0.080227,-0.061337,361.922156
0.077807,0.079787,-0.000755,486.344185
0.048055,0.037260,-0.000045,491.887127
0.987607,0.054302,-0.112667,307.295185
0.734889,0.064874,-0.063789,358.917812
0.726626,0.023310,-0.062426,360.581190
0.864018,0.010305,-0.087010,332.727483
0.620357,0.084756,-0.046215,381.827182
0.803104,0.018310,-0.075603,345.130573
0.645348,0.043004,-0.049809,376.854391
0.485583,0.047977,-0.029131,408.404997
0.665368,0.014603,-0.052785,372.860359
0.948476,0.022542,-0.104177,315.386841
0.952762,0.070099,-0.105090,314.501671
0.156229,0.060291,-0.003512,471.641819
0.396994,0.015391,-0.019999,425.652620
0.117253,0.030207,-0.001982,478.966547
0.905859,0.081418,-0.095318,324.156608
0.953648,0.087348,-0.105280,314.318423
0.179201,0.049100,-0.004562,467.309534
0.553222,0.091901,-0.037221,395.117328
0.483762,0.001907,-0.028926,408.762057
0.644619,0.099949,-0.049865,376.994305
0.313509,0.035732,-0.012907,441.745225
0.346935,0.068678,-0.015571,435.319958
0.773791,0.066554,-0.070402,351.067727
0.992157,0.018697,-0.113027,306.381244
0.056053,0.083604,-0.000217,490.398479
0.879097,0.090352,-0.089960,329.642497
0.488960,0.007353,-0.029512,407.744600
0.796455,0.037560,-0.074407,346.478799
0.856339,0.014738,-0.085527,334.295738
0.052983,0.065455,-0.000149,490.970083
0.075955,0.004963,-0.000706,486.690703
0.158799,0.008412,-0.003624,471.158442
0.790183,0.032451,-0.073287,347.750164
0.679611,0.075617,-0.054954,370.012109
0.018848,0.046676,0.000474,497.308788
0.587912,0.093687,-0.041748,388.262650
0.534174,0.026832,-0.034844,398.870569
0.480322,0.097081,-0.028542,409.433557
0.311123,0.034510,-0.012726,442.202891
0.936703,0.054259,-0.101690,317.813408
0.751890,0.005563,-0.066638,355.492220
0.865923,0.096646,-0.087381,332.336802
0.626904,0.074868,-0.047143,380.525737
0.558315,0.006035,-0.037870,394.113885
0.515826,0.054296,-0.032628,402.476768
0.661831,0.029105,-0.052253,373.566635
0.421722,0.089733,-0.022381,420.854944
0.245980,0.045463,-0.008240,454.648674
0.637457,0.009241,-0.048659,378.426840
0.110737,0.016713,-0.001757,480.187793
0.698837,0.002341,-0.057952,366.162411
0.432067,0.094805,-0.023416,418.844196
0.629139,0.095750,-0.047463,380.080946
0.403842,0.063169,-0.020646,424.324887
0.397918,0.014601,-0.020086,425.473516
0.966291,0.059501,-0.108000,311.707051
0.332136,0.002041,-0.014363,438.168385
0.521371,0.040686,-0.033290,401.387769
0.043153,0.017027,0.000055,492.798653
0.212894,0.030733,-0.006301,460.934165
0.047685,0.025531,-0.000037,491.956024
0.936891,0.098980,-0.101729,317.774142
0.633482,0.012831,-0.048086,379.218093
0.044878,0.023468,0.000020,492.477884
0.281224,0.028555,-0.010556,447.927035
0.978082,0.032714,-0.110569,309.268407
0.859920,0.063294,-0.086218,333.563651
0.934345,0.053716,-0.101195,318.299262
0.886754,0.047357,-0.091477,328.075246
0.759054,0.024028,-0.067858,354.046239
0.477609,0.027065,-0.028241,409.964878
0.953392,0.082938,-0.105225,314.371365
0.179281,0.014717,-0.004566,467.294815
0.884297,0.011130,-0.090988,328.579033
0.435348,0.031761,-0.023749,418.206939
0.612684,0.045993,-0.045138,383.351912
0.261360,0.030842,-0.009219,451.718937
0.052041,0.051319,-0.000129,491.145423
0.707086,0.021968,-0.059263,364.507332
0.746365,0.032539,-0.065705,356.606066
0.992152,0.007626,-0.113036,306.382029
0.372572,0.031096,-0.017773,430.376184
0.179586,0.061989,-0.004580,467.236708
0.761627,0.089786,-0.068299,353.525667
0.422322,0.047598,-0.022441,420.739071
0.178720,0.077908,-0.004538,467.400009
0.299446,0.084902,-0.011856,444.439996
0.508475,0.093360,-0.031760,403.918935
0.273762,0.053807,-0.010044,449.352048
0.323087,0.083660,-0.013646,439.905978
0.650624,0.045750,-0.050585,375.802512
0.039122,0.033769,0.000133,493.547423
0.931921,0.099001,-0.100688,318.797880
0.927367,0.000094,-0.099873,319.731282
0.395117,0.048126,-0.019824,426.015694
0.672110,0.083214,-0.053806,371.512109
0.649580,0.028849,-0.050431,376.011019
0.312295,0.074827,-0.012814,441.977517
0.709416,0.027165,-0.059636,364.039572
0.771893,0.016302,-0.070072,351.452341
0.445560,0.067861,-0.024800,416.218377
0.286743,0.081929,-0.010943,446.871157
0.331085,0.032171,-0.014278,438.370032
0.973487,0.031830,-0.109564,310.219379
0.562864,0.053965,-0.038454,393.215468
0.595149,0.098274,-0.042725,386.829191
0.467719,0.063960,-0.027156,411.896945
0.116436,0.049489,-0.001953,479.119488
0.737670,0.086194,-0.064251,358.357437
0.572133,0.009117,-0.039657,391.385237
0.141302,0.018240,-0.002889,474.451440
0.114825,0.054290,-0.001897,479.421249
0.440392,0.047954,-0.024265,417.225143
0.191473,0.004846,-0.005168,464.990831
0.377257,0.063186,-0.018190,429.470434
0.149983,0.097806,-0.003245,472.817275
0.929379,0.025497,-0.100157,319.322278
0.373381,0.089758,-0.017845,430.218923
0.181672,0.021305,-0.004681,466.843096
0.484382,0.029045,-0.028996,408.640339
0.380356,0.092073,-0.018469,428.871052
0.526473,0.029542,-0.033906,400.385077
0.547747,0.071253,-0.036530,396.196942
0.745146,0.048380,-0.065501,356.851573
0.245202,0.079461,-0.008191,454.796371
0.506906,0.063394,-0.031576,404.227282
0.266453,0.018966,-0.009554,450.747775
0.884808,0.056599,-0.091090,328.473786
0.490056,0.075320,-0.029636,407.529165
0.410517,0.048298,-0.021286,423.030727
0.687092,0.034071,-0.056111,368.515361
0.161461,0.069616,-0.003741,470.656005
0.838914,0.008948,-0.082211,337.849425
0.554659,0.070864,-0.037404,394.834168
0.340715,0.073527,-0.015057,436.517365
0.843266,0.016096,-0.083033,336.962479
0.457200,0.032126,-0.026025,413.950104
0.247387,0.079534,-0.008327,454.380320
0.543767,0.049304,-0.036032,396.981605
0.125757,0.085868,-0.002288,477.370602
0.963053,0.045153,-0.107300,312.376565
0.248130,0.054683,-0.008373,454.239203
0.812395,0.094418,-0.077291,343.243138
0.555767,0.078172,-0.037545,394.615689
0.679797,0.055824,-0.054983,369.975292
0.843615,0.079785,-0.083099,336.890334
0.133773,0.021769,-0.002592,475.866310
0.521507,0.022415,-0.033307,401.361349
0.106659,0.053691,-0.001620,480.951083
0.350983,0.088952,-0.015909,434.540057
0.245400,0.019926,-0.008204,454.759397
0.429560,0.051432,-0.023163,419.332420
0.460394,0.057543,-0.026365,413.326775
0.448281,0.012617,-0.025084,415.689256
