0.263406,0.059646,-0.018349,402.471671
0.806399,0.052556,-0.123606,261.387067
0.239840,0.016172,-0.015623,408.347548
0.562133,0.082074,-0.066036,326.232299
0.355539,0.092757,-0.030449,379.309012
0.736231,0.021516,-0.105311,280.252747
0.176652,0.017852,-0.009051,423.999633
0.654397,0.071583,-0.085774,302.009690
0.841297,0.068104,-0.133243,251.931572
0.046882,0.086616,0.001097,455.690823
0.838303,0.100001,-0.133304,252.680024
0.077165,0.006275,-0.000871,448.351504
0.596097,0.095834,-0.073022,317.352552
0.022315,0.030650,0.002512,461.624272
0.303493,0.094575,-0.023331,392.431205
0.014835,0.098504,-0.000134,463.385717
0.637881,0.042805,-0.082064,306.370474
0.407933,0.007048,-0.038361,366.001034
0.247580,0.072928,-0.016502,406.418796
0.906947,0.030374,-0.152352,234.013925
0.342252,0.048496,-0.028562,382.669796
0.503993,0.086565,-0.054826,341.330234
0.552643,0.064596,-0.064141,328.705942
0.960657,0.067533,-0.168950,219.222517
0.152415,0.064254,-0.006814,429.963795
0.438351,0.077642,-0.043299,358.224771
0.823010,0.064039,-0.128149,256.892280
0.083141,0.049967,-0.001287,446.897644
0.356932,0.098295,-0.029508,378.997237
0.342464,0.000036,-0.027361,382.660453
0.001823,0.026942,0.003570,466.555704
0.517371,0.067003,-0.057322,337.868084
0.427085,0.051813,-0.041441,361.108786
0.750001,0.087551,-0.108789,276.563923
0.589779,0.065332,-0.071698,319.008583
0.389199,0.088672,-0.035446,370.769457
0.029582,0.010089,0.002109,459.872399
0.795445,0.083038,-0.120656,264.343910
0.527667,0.040280,-0.059277,335.199172
0.242236,0.042915,-0.015893,407.750399
0.088999,0.063433,-0.001705,445.471908
0.599822,0.057906,-0.073808,316.377453
0.376283,0.039353,-0.033492,374.052825
0.031150,0.034473,0.002021,459.493412
0.784018,0.086205,-0.117615,267.424050
0.563017,0.081291,-0.066213,326.001800
0.517168,0.075275,-0.057284,337.920348
0.336037,0.071534,-0.027696,384.238374
0.804155,0.099187,-0.124400,261.896550
0.402898,0.073506,-0.037568,367.282608
0.563438,0.076572,-0.066298,325.892151
0.768291,0.090694,-0.113493,271.655236
0.312755,0.023873,-0.024544,390.105267
0.562654,0.084781,-0.066140,326.096289
0.054326,0.075388,0.000636,453.889657
0.617712,0.028567,-0.077638,311.681094
0.901959,0.017726,-0.150855,235.381858
0.448456,0.055389,-0.044996,355.635098
0.068885,0.065133,-0.000308,450.360505
0.742992,0.087854,-0.107012,278.441399
0.132589,0.050706,-0.005102,434.828072
0.013738,0.054785,0.002969,463.689463
0.328176,0.050930,-0.026615,386.221623
0.037641,0.033327,0.001647,457.926267
0.103711,0.057983,-0.002795,441.887157
0.084936,0.091486,-0.001414,446.459865
0.931353,0.021226,-0.159786,227.308111
0.366411,0.094401,-0.032029,376.555323
0.618440,0.003963,-0.077795,311.490382
0.413232,0.066873,-0.039203,364.647254
0.006744,0.095321,0.003327,465.370964
0.570722,0.070337,-0.067772,323.991264
0.737533,0.056965,-0.105638,279.903285
0.302567,0.035602,-0.023211,392.665648
0.258801,0.062862,-0.017805,403.621187
0.246653,0.077887,-0.016396,406.649498
0.120332,0.066010,-0.004095,437.827608
0.495384,0.091345,-0.053246,343.555064
0.316366,0.045197,-0.025023,389.196199
0.494602,0.099374,-0.053294,343.748092
0.542320,0.014091,-0.062110,331.393680
0.121403,0.098384,-0.004204,437.564308
0.149156,0.045110,-0.006526,430.764752
0.459718,0.069976,-0.046921,352.743295
0.441921,0.064701,-0.043895,357.310476
0.912731,0.048771,-0.154098,232.426256
0.949360,0.026455,-0.165386,222.344503
0.139168,0.001343,-0.005358,433.223289
0.422092,0.031671,-0.040628,362.385822
0.980585,0.087908,-0.175332,213.704418
0.735961,0.072560,-0.105244,280.323305
0.122118,0.065355,-0.004239,437.390764
0.044581,0.060729,0.001236,456.248199
0.728102,0.035204,-0.103284,282.425377
0.292231,0.017844,-0.021888,395.260010
0.745543,0.021028,-0.107656,277.760416
0.166491,0.091769,-0.008094,426.500983
0.042605,0.016771,0.001354,456.727078
0.308356,0.072843,-0.023965,391.210106
0.797537,0.061512,-0.121216,263.780009
0.971355,0.012832,-0.172360,216.264527
0.579396,0.065648,-0.069546,321.725211
0.584995,0.036235,-0.070702,320.261773
0.622695,0.048475,-0.078721,310.369881
0.227263,0.091385,-0.014229,411.472477
0.516383,0.063001,-0.057136,338.124105
0.311404,0.062242,-0.024365,390.443996
0.464761,0.070274,-0.047794,351.447205
0.227940,0.088566,-0.014303,411.304401
0.530545,0.028383,-0.059828,334.452553
0.119738,0.029208,-0.004048,437.973795
0.879367,0.055024,-0.144168,241.561915
0.208486,0.092783,-0.012227,416.130066
0.315255,0.063021,-0.024875,389.475369
0.675930,0.052731,-0.090729,296.309995
0.049451,0.089797,0.000939,455.069176
0.645080,0.048117,-0.083671,304.471289
0.466955,0.027985,-0.048176,350.884301
0.475611,0.053051,-0.049696,348.655781
0.000335,0.065363,0.000581,466.876297
0.482034,0.000451,-0.050886,347.000064
0.431203,0.085823,-0.042116,360.054367
0.353398,0.098254,-0.028977,379.892042
0.362923,0.084658,-0.031519,377.439501
0.328016,0.043473,-0.026593,386.262200
0.241792,0.046579,-0.015843,407.861036
0.160023,0.046644,-0.007500,428.093913
0.385014,0.017345,-0.034808,371.835619
0.569516,0.089097,-0.067527,324.305732
0.098670,0.086867,-0.002414,443.115504
0.020397,0.032954,0.002616,462.086463
0.699859,0.066793,-0.096390,289.954047
0.327786,0.041586,-0.026562,386.320268
-0.000778,0.012971,-0.001348,467.122515
0.669460,0.031858,-0.089226,298.025329
0.764404,0.001619,-0.114236,272.588074
0.066439,0.099292,-0.001464,450.931927
0.665956,0.099170,-0.090189,298.848534
0.195220,0.062274,-0.010871,419.414010
0.740809,0.000690,-0.108317,278.910836
0.329484,0.091255,-0.026793,385.890766
0.220197,0.031705,-0.013465,413.228490
0.333154,0.094812,-0.027297,384.965053
0.151709,0.099320,-0.006249,430.146957
0.536481,0.006036,-0.060973,332.911815
0.041338,0.041393,0.001429,457.032589
0.867091,0.065432,-0.140598,244.912017
0.518432,0.093201,-0.057522,337.592468
0.810240,0.043356,-0.124649,260.349093
0.622170,0.021719,-0.078606,310.508936
0.556014,0.064139,-0.064811,327.827698
0.045681,0.093007,0.001170,455.981313
0.953440,0.094564,-0.166669,221.215991
0.031331,0.018471,0.002011,459.450122
0.853905,0.096353,-0.136814,248.502824
0.497008,0.091097,-0.053543,343.135518
0.091536,0.055330,-0.001889,444.854463
0.278396,0.090528,-0.020161,398.723705
0.275070,0.083681,-0.019754,399.555881
0.323778,0.042574,-0.026018,387.330062
0.018687,0.043738,0.002708,462.498015
0.480345,0.095411,-0.050536,347.434777
0.536394,0.031090,-0.060957,332.933634
0.147748,0.088970,-0.006401,431.109356
0.651661,0.010082,-0.085154,302.734495
0.132128,0.031406,-0.005063,434.941578
0.661716,0.061246,-0.087443,300.074526
0.170860,0.028862,-0.008502,425.426950
0.286554,0.055333,-0.021173,396.681872
0.269225,0.077344,-0.019045,401.017646
0.879126,0.079732,-0.144097,241.627123
0.453084,0.047880,-0.045783,354.447886
0.441160,0.006056,-0.043768,357.507056
0.759274,0.050861,-0.111161,274.078102
0.859303,0.020083,-0.138356,247.035630
0.403183,0.054853,-0.037613,367.210491
0.255407,0.019908,-0.017407,404.469083
0.827066,0.093738,-0.129271,255.792129
0.906226,0.066101,-0.152135,234.210518
0.981897,0.050991,-0.173029,213.563194
0.727260,0.061329,-0.103075,282.649484
0.817006,0.042181,-0.126497,258.518603
0.167179,0.078642,-0.008158,426.332195
-0.000348,0.070659,-0.000603,467.026282
0.042745,0.083440,0.001346,456.691385
0.203038,0.033751,-0.011665,417.480867
0.153786,0.028561,-0.006937,429.627808
0.301735,0.078097,-0.023103,392.873196
0.469493,0.026001,-0.048619,350.231476
0.497409,0.021924,-0.053616,343.034082
0.208382,0.012722,-0.012217,416.158248
0.191819,0.094072,-0.010530,420.253843
0.326929,0.089198,-0.026445,386.534848
0.399517,0.062402,-0.037039,368.144230
0.825100,0.062225,-0.128726,256.325910
0.422812,0.082275,-0.040745,362.200260
0.385974,0.042478,-0.034954,371.590986
0.044945,0.065182,0.001214,456.160092
0.798283,0.087006,-0.121417,263.577749
0.298411,0.019421,-0.022676,393.709434
0.532668,0.088086,-0.060237,333.899649
0.011095,0.041186,0.003105,464.325814
0.020624,0.073116,0.002604,462.030447
0.022212,0.054202,0.002518,461.648412
0.055394,0.058047,0.000568,453.631426
0.444390,0.049229,-0.044310,356.677965
0.000389,0.076011,0.000673,466.864326
0.329812,0.072769,-0.026838,385.808647
0.414207,0.043228,-0.039359,364.399246
0.428930,0.089590,-0.041742,360.635730
0.981801,0.047188,-0.173195,213.573888
0.613359,0.040410,-0.076697,312.824848
0.703859,0.000056,-0.099238,288.777245
0.152893,0.065065,-0.006857,429.846198
0.294653,0.004049,-0.022195,394.652935
0.450738,0.062532,-0.045383,355.049306
0.044682,0.033110,0.001229,456.224514
0.222439,0.026333,-0.013706,412.672180
0.716578,0.079097,-0.100444,285.500084
0.416888,0.008238,-0.039788,363.715826
0.603474,0.034998,-0.074582,315.420052
0.072764,-0.000035,-0.001711,449.402033
0.153393,0.001002,-0.006374,429.736888
0.882006,0.024623,-0.144940,240.842031
0.437397,0.087598,-0.043140,358.468670
0.517389,0.077885,-0.057325,337.863183
0.004847,0.007931,0.003421,465.829440
0.457452,0.076691,-0.046531,353.325266
0.820336,0.007786,-0.127411,257.618320
0.508931,0.006252,-0.055741,340.055417
0.276113,0.098361,-0.018456,399.337582
0.066571,0.009017,-0.000155,450.923420
0.412046,0.073266,-0.039014,364.949817
0.357253,0.048148,-0.030696,378.876636
0.514317,0.063292,-0.056748,338.659421
0.015281,0.040634,0.002888,463.318257
0.659826,0.064227,-0.087011,300.574366
0.445795,0.029194,-0.044547,356.318373
0.111494,0.073209,-0.003394,439.987155
0.167416,0.029725,-0.008180,426.275122
0.239304,0.099476,-0.014216,408.515653
0.982981,0.073062,-0.171166,213.441685
0.400270,0.018585,-0.037157,367.953780
0.866434,0.047093,-0.140408,245.091678
0.418499,0.056413,-0.040047,363.302876
0.091566,0.076328,-0.001891,444.846697
0.074457,0.010806,-0.000685,449.009247
-0.000237,0.035318,-0.000410,467.002813
0.013768,0.040193,0.002967,463.682590
0.194989,0.052331,-0.010848,419.471517
0.490392,0.056366,-0.052340,344.844823
0.428502,0.046414,-0.041672,360.746454
0.547363,0.033429,-0.063098,330.081424
0.323377,0.091766,-0.025963,387.429648
0.748811,0.070319,-0.108486,276.883370
0.472947,0.008654,-0.049226,349.342965
0.039038,0.073899,0.001566,457.587553
0.195112,0.052751,-0.010860,419.440948
0.923403,0.040431,-0.157345,229.494525
0.596426,0.025379,-0.073091,317.268583
0.788355,0.049664,-0.118764,266.256701
0.751845,0.079713,-0.109258,276.069947
0.478108,0.009890,-0.050138,348.013807
0.282042,0.010276,-0.020611,397.813144
0.184260,0.081263,-0.009785,422.120892
0.935165,0.059648,-0.160963,226.257202
0.206698,0.090589,-0.012042,416.572992
0.982560,0.048966,-0.171880,213.490110
0.328983,0.096297,-0.026725,386.016980
0.198520,0.070898,-0.011204,418.597610
0.196080,0.099527,-0.009908,419.226196
0.464119,0.000735,-0.047531,351.620753
0.070516,0.056185,-0.000417,449.964899
0.094399,0.043534,-0.002098,444.157486
0.670517,0.048748,-0.089471,297.744775
0.610731,0.098492,-0.077534,313.437694
0.723194,0.029095,-0.102070,283.736186
0.517939,0.093444,-0.057429,337.720146
0.028694,0.098262,-0.000366,460.050084
0.861101,0.095027,-0.138873,246.543511
0.437257,0.094992,-0.043117,358.504476
0.305080,0.062553,-0.023537,392.033563
0.217878,0.064638,-0.013217,413.802832
0.090674,0.066831,-0.001826,445.064072
0.366517,0.006668,-0.032045,376.531066
0.596922,0.019252,-0.073196,317.138911
0.685661,0.063954,-0.093011,293.727784
0.217222,0.054276,-0.013147,413.965703
0.039806,0.014093,0.001520,457.403770
0.961286,0.067539,-0.169150,219.048637
-0.000431,0.090797,-0.000746,467.043948
0.972195,0.019697,-0.172630,216.031491
0.125690,0.095279,-0.004530,436.516043
0.831517,0.050755,-0.130506,254.586762
0.151258,0.015283,-0.006712,430.249314
0.811614,0.045638,-0.125024,259.977253
0.372879,0.022959,-0.032985,374.917113
0.311058,0.003776,-0.024320,390.532859
0.076474,0.005776,-0.000823,448.519407
0.348419,0.053517,-0.029432,381.111202
0.382642,0.095850,-0.034448,372.436051
0.538432,0.092146,-0.061352,332.402075
0.573216,0.000018,-0.069332,323.288194
0.813918,0.093700,-0.125653,259.352701
0.035368,0.036061,0.001779,458.475002
0.394900,0.040116,-0.036323,369.320509
0.072720,0.098742,-0.001710,449.409715
0.549131,0.076005,-0.063447,329.619972
0.967375,0.056157,-0.171088,217.364892
0.223468,0.014510,-0.013817,412.417153
0.306945,0.021320,-0.023780,391.566210
0.489725,0.046454,-0.052219,345.017363
-0.000207,0.089147,-0.000358,466.994727
0.982831,0.066324,-0.171418,213.459037
0.355115,0.063736,-0.030388,379.417274
0.439366,0.052140,-0.043468,357.965519
0.604873,0.039551,-0.074880,315.052988
0.652877,0.032348,-0.085429,302.412618
0.227095,0.080328,-0.014211,411.514581
0.589411,0.079922,-0.071621,319.104492
0.062409,0.062214,0.000119,451.931424
0.057912,0.085577,0.000409,453.020716
0.196802,0.065311,-0.011030,419.022850
0.292628,0.001286,-0.020523,395.205104
0.348975,0.039720,-0.029511,380.971173
0.607409,0.046835,-0.075421,314.387283
0.247057,0.093840,-0.016442,406.548439
0.728843,0.058626,-0.103468,282.226738
0.526004,0.014142,-0.058959,335.631413
0.308539,0.004992,-0.023989,391.165912
-0.000358,0.096970,-0.000621,467.027835
0.411348,0.028471,-0.038903,365.129252
0.029022,0.049019,0.002141,460.006468
0.687451,0.067705,-0.093434,293.252406
0.982456,0.090149,-0.172107,213.496430
0.104196,0.032255,-0.002832,441.769647
0.038519,0.020430,0.001596,457.714374
0.678824,0.068240,-0.091405,295.542024
0.060300,0.030837,0.000255,452.443441
0.705984,0.027119,-0.097866,288.324985
0.378432,0.020625,-0.033814,373.507828
0.176656,0.077440,-0.009051,423.997105
0.483118,0.000846,-0.051092,346.720304
0.679131,0.078802,-0.091477,295.460292
0.157548,0.045571,-0.007275,428.702630
0.622493,0.050654,-0.078676,310.423077
0.796614,0.032789,-0.120969,264.030065
0.733523,0.038175,-0.104634,280.976319
0.484319,0.031062,-0.051246,346.412425
0.280751,0.014761,-0.020452,398.136436
0.728999,0.039627,-0.103507,282.185523
0.001496,0.051895,0.003587,466.633414
0.856650,0.027497,-0.137597,247.757779
0.617335,0.021206,-0.077556,311.780366
0.222140,0.054509,-0.013674,412.745499
0.194711,0.061795,-0.010820,419.539864
0.774664,0.076472,-0.115154,269.942134
0.957322,0.044210,-0.167894,220.145220
0.401996,0.063876,-0.037427,367.512557
0.322682,0.091162,-0.025869,387.604832
0.106408,0.098652,-0.003329,441.221811
0.358502,0.058393,-0.030877,378.559945
0.846215,0.017866,-0.134630,250.596838
0.368397,0.068336,-0.032321,376.052526
0.463288,0.082229,-0.047538,351.825614
0.466561,0.063588,-0.048107,350.984366
0.122452,0.098698,-0.004268,437.308160
0.982630,0.097001,-0.171816,213.476206
0.352447,0.085229,-0.030006,380.091631
0.544649,0.018147,-0.062565,330.787870
0.105558,0.093839,-0.002935,441.435582
0.147543,0.000197,-0.005946,431.171501
0.224159,0.060965,-0.013892,412.244155
0.356083,0.022209,-0.030528,379.173462
0.052103,0.012884,0.000774,454.429513
0.881802,0.093966,-0.144882,240.895528
0.558016,0.078510,-0.065211,327.305535
0.593115,0.039895,-0.072396,318.135750
0.199791,0.056519,-0.011333,418.283672
0.078444,0.089986,-0.000958,448.038258
0.305186,0.044728,-0.023551,392.007513
0.555900,0.000085,-0.065661,327.815956
0.309904,0.070489,-0.024168,390.821020
0.748136,0.019850,-0.108314,277.065670
0.800628,0.055547,-0.122048,262.945710
0.625456,0.098510,-0.080844,309.558269
0.274294,0.033455,-0.019659,399.751569
0.356871,0.089125,-0.030641,378.971967
0.479134,0.089706,-0.050320,347.746999
0.816451,0.084022,-0.126346,258.667392
0.561613,0.098567,-0.066864,326.320302
0.565934,0.075928,-0.066801,325.241010
0.640490,0.023053,-0.082645,305.683204
0.448932,0.064104,-0.045077,355.512746
0.678813,0.035514,-0.091402,295.546032
0.272069,0.066621,-0.019389,400.306895
0.745628,0.044482,-0.107678,277.736979
0.025834,0.062616,0.002319,460.774987
0.640905,0.044497,-0.082737,305.573053
0.749753,0.055525,-0.108725,276.631218
0.561899,0.088056,-0.065989,326.293096
0.238974,0.062972,-0.015526,408.561864
0.748897,0.027934,-0.108507,276.861660
0.115115,0.099172,-0.003825,439.099098
0.799871,0.083732,-0.121844,263.149157
0.824397,0.019982,-0.128531,256.517766
0.484340,0.015125,-0.051250,346.407431
0.081573,0.082011,-0.001176,447.277935
0.827148,0.005060,-0.129292,255.772731
0.470819,0.022140,-0.048852,349.890225
0.602433,0.075176,-0.074361,315.692143
0.346090,0.080855,-0.029102,381.699138
0.449609,0.088556,-0.045191,355.338450
0.402479,0.080572,-0.037502,367.389197
0.347173,0.089459,-0.029255,381.425202
0.224819,0.024827,-0.013964,412.081212
0.396677,0.053269,-0.036598,368.867700
0.095312,0.045038,-0.002166,443.935176
0.187790,0.083801,-0.010131,421.249466
0.497646,0.072700,-0.053659,342.971181
0.619413,0.031950,-0.078006,311.233659
0.179793,0.099371,-0.008474,423.243389
0.750690,0.000062,-0.110784,276.265162
0.287227,0.065418,-0.021257,396.512758
0.607927,0.094461,-0.075532,314.249827
0.226521,0.027931,-0.014149,411.658464
0.445032,0.059772,-0.044418,356.513188
0.320427,0.020985,-0.025566,388.174885
0.253265,0.055334,-0.017158,405.002241
0.051861,0.052457,0.000790,454.486936
0.577322,0.026376,-0.069120,322.268554
0.287388,0.023405,-0.021277,396.473881
0.198135,0.024022,-0.011165,418.694208
0.425436,0.043629,-0.041171,361.530651
-0.000537,0.039425,-0.000930,467.068764
0.109569,0.072762,-0.003244,440.457092
0.067532,0.060248,-0.000218,450.689008
0.014814,0.000142,-0.000139,463.393524
0.502191,0.083723,-0.054494,341.796287
0.809832,0.035098,-0.124538,260.459471
0.861965,0.038510,-0.139120,246.309818
0.127351,0.042087,-0.004667,436.111055
0.145096,0.019125,-0.006170,431.762297
0.511722,0.019555,-0.056262,339.332649
0.204648,0.042178,-0.011830,417.082115
0.331229,0.005949,-0.027033,385.453110
0.848735,0.088531,-0.135344,249.909481
0.446016,0.011410,-0.044584,356.262315
0.167834,0.034737,-0.008219,426.172074
0.510550,0.008180,-0.056043,339.636333
0.024076,0.048101,0.002416,461.199188
0.883502,0.050257,-0.145380,240.432439
0.576141,0.053857,-0.068878,322.576337
0.733676,0.014272,-0.104672,280.936346
0.979341,0.006839,-0.174929,214.052003
0.475470,0.072936,-0.049671,348.691337
0.136676,0.034520,-0.005446,433.827038
0.690852,0.072354,-0.094240,292.348693
0.364102,0.078522,-0.031691,377.141024
0.826388,0.022271,-0.129082,255.978278
0.407203,0.016399,-0.038246,366.186773
0.177096,0.027048,-0.009094,423.889982
0.496373,0.048697,-0.053427,343.300896
0.091210,0.092015,-0.001864,444.932920
-0.000000,0.100000,-0.000000,466.949003
0.031252,0.083540,0.002016,459.467474
0.166542,0.069542,-0.008099,426.489087
0.243428,0.078895,-0.016028,407.452662
0.118274,0.083733,-0.003930,438.330185
0.093121,0.036948,-0.002005,444.469138
0.760807,0.037105,-0.111556,273.666948
0.595057,0.000192,-0.074067,317.561483
0.272102,0.041697,-0.019393,400.299316
0.068202,0.067975,-0.000263,450.526196
0.769984,0.042315,-0.113932,271.201688
0.198560,0.022424,-0.011208,418.589180
0.532518,0.084754,-0.060208,333.938651
0.022246,0.094886,0.002517,461.639091
-0.000763,0.068094,-0.001322,467.117713
0.708453,0.006692,-0.098463,287.668217
0.073899,0.077104,-0.000646,449.142933
0.010036,0.087238,0.003160,464.579263
0.283075,0.091282,-0.020739,397.552136
0.278883,0.045645,-0.020221,398.602910
0.951996,0.076146,-0.166215,221.615319
0.836508,0.098701,-0.132833,253.165165
0.305557,0.014296,-0.023599,391.915176
0.292765,0.058458,-0.021955,395.124753
0.129576,0.018138,-0.004851,435.566974
0.075636,0.045077,-0.000765,448.721938
0.075419,0.011364,-0.000751,448.775560
0.808375,0.001374,-0.125492,260.762310
0.225025,0.089452,-0.013986,412.028175
0.983296,0.020255,-0.170631,213.407748
0.187793,0.034910,-0.010132,421.250043
0.983159,0.040021,-0.170846,213.424170
0.255640,0.093380,-0.017434,404.408837
0.592107,0.069755,-0.072185,318.398763
0.235382,0.039815,-0.015124,409.455955
0.722755,0.092159,-0.101962,283.851408
0.983265,0.062392,-0.170663,213.411624
0.816111,0.040808,-0.126252,258.760826
0.009248,0.072457,0.003200,464.769303
0.684707,0.052180,-0.092786,293.981469
0.103895,0.016053,-0.002809,441.843554
0.158925,0.053426,-0.007400,428.363785
0.376331,0.042694,-0.033499,374.040483
0.684592,0.062677,-0.092759,294.011646
0.085393,0.081007,-0.001446,446.348869
0.098102,0.071067,-0.002372,443.254459
0.004407,0.058271,0.003443,465.933641
0.326619,0.005056,-0.026403,386.615545
0.832827,0.074435,-0.130871,254.230600
0.481847,0.080285,-0.050804,347.048032
0.328812,0.046231,-0.026702,386.061420
0.392741,0.038879,-0.035989,369.870034
0.668882,0.072452,-0.089093,298.177217
0.000731,0.067911,0.001266,466.789385
0.781498,0.010953,-0.116949,268.105054
0.471546,0.042511,-0.048979,349.702470
0.248584,0.037456,-0.016617,406.169591
0.348742,0.012943,-0.029478,381.030703
0.905713,0.001303,-0.151271,234.406834
0.915873,0.081168,-0.155050,231.562492
0.962872,0.098180,-0.166815,218.835748
0.258401,0.060606,-0.017757,403.721203
0.714452,0.087695,-0.099924,286.066801
0.113243,0.025013,-0.003532,439.561223
0.193597,0.062089,-0.010708,419.815345
0.114151,0.095002,-0.003602,439.337615
0.081706,0.011020,-0.001187,447.247662
0.716578,0.079386,-0.100444,285.500096
0.863594,0.014213,-0.139589,245.866881
0.545520,0.095240,-0.062736,330.559064
0.100756,0.001302,-0.003023,442.601349
0.220607,0.073291,-0.013509,413.125486
0.562530,0.040658,-0.066115,326.129896
0.862102,0.089676,-0.139160,246.270891
0.571238,0.005823,-0.067876,323.858584
0.371943,0.048338,-0.032846,375.153766
0.610269,0.012629,-0.076033,313.637187
0.420402,0.047315,-0.040354,362.817070
0.065987,0.069000,-0.000116,451.063361
0.885263,0.006069,-0.145897,239.952484
0.101057,0.009434,-0.002594,442.535908
0.725179,0.063119,-0.102560,283.205178
0.253329,0.040558,-0.017165,404.986757
0.817429,0.043005,-0.126613,258.404049
0.982728,0.069853,-0.171601,213.470055
0.330942,0.055472,-0.026993,385.524010
0.428083,0.011261,-0.041604,360.854740
0.957521,0.080375,-0.167957,220.089012
0.767332,0.094507,-0.113243,271.912929
0.224726,0.029570,-0.013954,412.104226
0.064196,0.087148,0.000002,451.497268
0.303734,0.017892,-0.023362,392.372994
0.169425,0.050777,-0.008368,425.779659
0.876118,0.005181,-0.143218,242.451013
0.337602,0.018629,-0.027913,383.844907
0.076975,0.016823,-0.000858,448.397257
-0.000320,0.091625,-0.000554,467.019511
0.054109,0.029052,0.000649,453.943330
0.087057,0.014448,-0.001566,445.945902
0.224618,0.042511,-0.013942,412.130820
0.130581,0.053613,-0.004934,435.319795
0.115145,0.035454,-0.003682,439.096470
0.719322,0.046814,-0.101116,284.769208
0.183540,0.087318,-0.009715,422.298502
0.023963,0.047862,0.002422,461.226612
0.777129,0.033708,-0.115800,269.280347
0.952094,0.087784,-0.166246,221.587917
0.000403,0.012325,0.000698,466.862994
0.207523,0.060157,-0.012128,416.369630
0.216058,0.083439,-0.013023,414.253534
0.471083,0.030612,-0.048898,349.822029
0.361575,0.095685,-0.031322,377.780737
0.363482,0.035396,-0.031600,377.299283
-0.000374,0.035938,-0.000648,467.033023
0.075790,0.016374,-0.000776,448.685284
0.896793,0.099811,-0.148868,236.827763
0.010797,0.096126,0.003122,464.396031
0.196641,0.093008,-0.011014,419.061754
0.171034,0.030846,-0.008519,425.383879
0.824830,0.035856,-0.128651,256.400001
0.591052,0.047555,-0.071964,318.675893
0.647697,0.075382,-0.084260,303.779445
0.672648,0.099770,-0.091766,297.073441
0.813269,0.089462,-0.125476,259.528338
0.223520,0.069491,-0.013823,412.402487
0.667955,0.044387,-0.088878,298.423513
0.671980,0.098221,-0.091609,297.250575
0.297580,0.062363,-0.022569,393.916782
0.912967,0.014211,-0.154169,232.362362
0.168086,0.034345,-0.008243,426.110134
0.282798,0.022083,-0.020705,397.623608
0.229197,0.020652,-0.014441,410.994041
0.897674,0.008556,-0.149574,236.556105
0.948389,0.081732,-0.165082,222.610920
0.983054,0.085572,-0.171062,213.431542
0.022312,0.037989,0.002512,461.624639
0.528813,0.013471,-0.059496,334.902647
0.697762,0.056515,-0.095888,290.512243
0.982584,0.026857,-0.171854,213.486872
0.232167,0.041547,-0.014768,410.255336
0.728233,0.005901,-0.103316,282.391243
0.096254,0.013036,-0.002236,443.706562
0.218662,0.001358,-0.012067,413.642493
0.162575,0.036410,-0.007733,427.466438
0.817495,0.071719,-0.126632,258.385475
0.235896,0.005448,-0.015182,409.329040
0.542153,0.027694,-0.062077,331.436756
0.042641,0.059374,0.001352,456.717224
0.330207,0.034731,-0.026893,385.709966
0.070521,0.012036,-0.000418,449.964988
0.917270,0.035102,-0.155474,231.180105
0.413285,0.072396,-0.039211,364.633761
0.181609,0.050713,-0.009528,422.776140
0.879379,0.052973,-0.144171,241.558902
0.830069,0.025618,-0.130103,254.980252
0.902756,0.001491,-0.150473,235.210495
0.679951,0.038707,-0.091669,295.243966
0.963703,0.051979,-0.169917,218.380864
0.053129,0.040205,0.000710,454.180488
0.276173,0.015964,-0.019889,399.281987
0.666558,0.084726,-0.088556,298.792313
0.103451,0.077244,-0.002775,441.950060
0.287705,0.013454,-0.021317,396.394579
0.926166,0.092617,-0.158192,228.733050
0.551543,0.076349,-0.063923,328.992026
0.414360,0.067342,-0.039383,364.359507
0.933227,0.028643,-0.160364,226.792033
0.182446,0.019856,-0.009609,422.570476
0.176657,0.073485,-0.009051,423.996850
0.973397,0.070305,-0.173016,215.697037
0.056022,0.072308,0.000529,453.478987
0.014258,0.018382,0.002941,463.565270
0.079869,0.032426,-0.001058,447.693596
0.213000,0.044685,-0.012700,415.013021
0.129498,0.062090,-0.004844,435.584915
0.565408,0.045009,-0.066695,325.379196
0.244898,0.093550,-0.016195,407.086197
0.412420,0.083496,-0.039073,364.854194
0.254245,0.068042,-0.017271,404.757516
0.147389,0.082377,-0.006370,431.197594
0.465412,0.012700,-0.047907,351.281415
0.628727,0.091334,-0.080041,308.781069
0.583279,0.079713,-0.070347,320.709383
0.966559,0.095678,-0.170828,217.589367
0.108289,0.011844,-0.003146,440.771319
0.572765,0.090278,-0.068188,323.457056
0.079755,0.087759,-0.001049,447.719634
0.370581,0.027920,-0.032644,375.499840
0.186442,0.035209,-0.009999,421.583694
0.475255,0.060410,-0.049633,348.747198
0.739443,0.020512,-0.106117,279.393378
0.710279,0.061125,-0.098907,287.179896
0.202681,0.091021,-0.011628,417.567604
0.711682,0.034279,-0.099248,286.806946
0.032578,0.018922,0.001940,459.149272
0.799259,0.086536,-0.121679,263.314283
0.305199,0.039421,-0.023553,392.004352
0.691685,0.030753,-0.094438,292.128659
0.422106,0.012351,-0.040630,362.382736
0.983312,0.045545,-0.170578,213.407269
0.010824,0.091599,0.003120,464.389689
0.134685,0.042805,-0.005278,434.314875
0.862775,0.031047,-0.139353,246.089398
0.099995,0.050505,-0.002514,442.793633
0.208897,0.065514,-0.012270,416.029150
0.000136,0.031453,0.000236,466.920986
0.745419,0.075780,-0.107626,277.791734
0.253969,0.033378,-0.017240,404.827381
0.882774,0.064994,-0.145166,240.630886
0.646054,0.058745,-0.083890,304.213839
0.365242,0.004605,-0.031858,376.854235
0.116717,0.050747,-0.003806,438.711816
0.741916,0.064027,-0.106740,278.730177
0.982194,0.072533,-0.172529,213.528533
0.483202,0.004309,-0.051046,346.701100
0.481910,0.009624,-0.050815,347.034134
0.603483,0.005963,-0.074584,315.418746
0.442751,0.098305,-0.043653,357.112685
0.322591,0.047659,-0.025857,387.629048
0.917096,0.038228,-0.155421,231.227882
0.870978,0.052563,-0.141723,243.852104
0.029862,0.001344,-0.000390,459.771408
0.107641,0.073131,-0.003095,440.927822
0.020943,0.006872,0.002586,461.955497
0.137604,0.028302,-0.005525,433.599624
0.781909,0.087004,-0.117058,267.992100
0.313606,0.038356,-0.024657,389.890889
0.643092,0.061331,-0.083226,304.995486
0.066540,0.007415,-0.000153,450.930977
0.113467,0.029024,-0.003549,439.506422
0.310763,0.011094,-0.024281,390.606790
0.297959,0.075848,-0.022617,393.821192
0.571473,0.008226,-0.067924,323.797192
0.361419,0.020460,-0.031300,377.822315
0.724211,0.085748,-0.102321,283.463083
0.983219,0.080744,-0.170765,213.414196
0.103849,0.001032,-0.003188,441.848239
0.547402,0.069253,-0.063106,330.070018
0.564057,0.085196,-0.066423,325.730427
0.310115,0.094745,-0.024195,390.767262
0.731571,0.039698,-0.104147,281.498155
0.060898,0.027912,0.000216,452.298721
0.232640,0.000145,-0.013505,410.174666
0.828294,0.095152,-0.129611,255.459107
0.048495,0.077865,0.000998,455.300864
0.647211,0.079077,-0.084150,303.907759
0.725770,0.027235,-0.102706,283.048432
0.041214,0.033999,0.001437,457.062813
0.067214,0.053846,-0.000197,450.766152
0.558213,0.019409,-0.065250,327.256177
0.567529,0.063644,-0.067124,324.824944
0.384938,0.020131,-0.034796,371.854908
0.758133,0.044326,-0.110868,274.384420
0.138601,0.061632,-0.005610,433.354233
0.890411,0.034398,-0.147417,238.543423
0.632716,0.029278,-0.080919,307.732368
0.244157,0.052357,-0.016111,407.272012
0.376458,0.001791,-0.032518,374.046475
0.573961,0.082635,-0.068432,323.144968
0.293978,0.031421,-0.022109,394.821404
0.170431,0.015169,-0.008462,425.532975
0.374439,0.000328,-0.032201,374.559572
0.493877,0.068782,-0.052972,343.944865
0.685377,0.091733,-0.092945,293.802336
0.617347,0.022777,-0.077558,311.777360
0.982495,0.014916,-0.172029,213.495442
0.527553,0.075776,-0.059255,335.227764
0.383647,0.081380,-0.034600,372.181253
0.472282,0.010850,-0.049109,349.513978
0.076676,0.083914,-0.000836,448.468011
0.131968,0.045145,-0.005050,434.980346
0.401329,0.069641,-0.037322,367.682569
0.853513,0.024991,-0.136701,248.611696
0.081214,0.061660,-0.001151,447.365811
0.489368,0.014336,-0.052155,345.110549
0.763195,0.027631,-0.112172,273.026085
0.237604,0.090994,-0.015372,408.901787
0.452541,0.037873,-0.045690,354.587538
0.260686,0.023215,-0.018027,403.151832
0.784464,0.074985,-0.117733,267.304439
0.048356,0.065550,0.001006,455.334780
0.105926,0.071766,-0.002963,441.346344
0.802568,0.032255,-0.122570,262.422705
0.193213,0.045961,-0.010670,419.910519
0.015742,0.039908,0.002864,463.207301
0.742644,0.084553,-0.106924,278.534687
0.026914,0.099781,-0.000334,460.478716
0.552876,0.014590,-0.064188,328.646638
0.807856,0.098626,-0.125358,260.899015
0.664372,0.041893,-0.088053,299.372190
0.469161,0.071571,-0.048561,350.315443
0.691908,0.086070,-0.094491,292.067770
0.820342,0.091144,-0.127414,257.613882
0.584024,0.023894,-0.070501,320.516089
0.579881,0.085737,-0.069646,321.597843
0.841803,0.030416,-0.133385,251.795247
0.833271,0.089707,-0.130995,254.109600
0.306987,0.089210,-0.023786,391.553606
0.516116,0.072457,-0.057086,338.193065
0.167116,0.026152,-0.008152,426.349030
0.449557,0.067714,-0.045183,355.352369
0.609238,0.087939,-0.075812,313.905716
0.828295,0.071132,-0.129611,255.459673
0.631823,0.048058,-0.080722,307.966876
0.706148,0.016237,-0.097905,288.281697
0.180536,0.060901,-0.009424,423.040623
0.756501,0.064817,-0.110449,274.821581
0.600013,0.078280,-0.073848,316.326752
0.409764,0.084185,-0.038651,365.531690
0.596769,0.054948,-0.073164,317.177802
0.101982,0.035781,-0.002664,442.309540
0.609426,0.082829,-0.075853,313.856543
0.527370,0.015359,-0.059220,335.277181
0.731468,0.099684,-0.105999,281.406082
0.495519,0.040934,-0.053271,343.521675
0.205500,0.095482,-0.011918,416.869678
0.039572,0.007606,0.001534,457.460354
0.535914,0.081113,-0.060864,333.056875
0.732261,0.047628,-0.104319,281.313642
0.893636,0.099994,-0.148019,237.685322
0.108956,0.014528,-0.003198,440.608580
0.039706,0.055319,0.001526,457.426662
0.335536,0.019346,-0.027626,384.366212
0.546137,0.080852,-0.062857,330.399052
0.260817,0.049711,-0.018042,403.118528
0.484959,0.033550,-0.051361,346.247187
0.586710,0.038423,-0.071059,319.812908
0.258817,0.099142,-0.016399,403.656877
0.404507,0.084653,-0.037820,366.872159
0.780326,0.070085,-0.116641,268.418705
0.157748,0.042752,-0.007293,428.653650
0.935069,0.037341,-0.160933,226.284524
0.510868,0.001372,-0.056477,339.536812
0.729877,0.020081,-0.103725,281.951544
0.972102,0.009071,-0.172599,216.057653
0.332821,0.067881,-0.027251,385.049898
0.228942,0.060311,-0.014413,411.056208
0.561093,0.067389,-0.065827,326.503747
0.526563,0.072041,-0.059066,335.484660
0.471514,0.085458,-0.048974,349.709390
0.652458,0.099377,-0.087036,302.424260
0.082276,0.044447,-0.001226,447.108047
0.009369,0.051435,0.003194,464.740790
0.007438,0.088601,0.003292,465.204140
0.028272,0.069429,0.002184,460.186777
0.042686,0.000958,-0.000695,456.678418
0.043585,0.021350,0.001295,456.489996
0.857076,0.082712,-0.137719,247.640011
0.398411,0.032013,-0.036867,368.426893
0.375007,0.089405,-0.033301,374.375057
0.310394,0.022352,-0.024233,390.699220
0.127796,0.047528,-0.004703,436.001983
0.584828,0.083826,-0.070668,320.303976
0.665377,0.028400,-0.088284,299.106483
0.641671,0.039514,-0.082908,305.370915
0.326554,0.051462,-0.026394,386.630470
0.262689,0.075724,-0.018264,402.650419
0.744484,0.030069,-0.107389,278.043677
0.699174,0.021996,-0.096226,290.137846
0.232415,0.008044,-0.014796,410.194515
0.860318,0.092614,-0.138648,246.756933
0.306697,0.015702,-0.023748,391.628578
0.710567,0.000489,-0.100869,286.989216
0.173851,0.070163,-0.008784,424.688626
0.046997,0.067269,0.001089,455.663519
0.026115,0.025270,0.002303,460.708164
0.088280,0.080893,-0.001653,445.646320
0.069509,0.089600,-0.000350,450.208269
0.121877,0.074339,-0.004220,437.449616
0.962688,0.068394,-0.169595,218.661152
0.415898,0.038265,-0.039629,363.967625
0.137707,0.070196,-0.005533,433.573190
0.613812,0.066760,-0.076795,312.705003
0.978146,0.001034,-0.171005,214.669473
0.659439,0.061658,-0.086923,300.676922
0.077296,0.021673,-0.000880,448.319221
0.968708,0.009884,-0.171513,216.997259
0.194429,0.011233,-0.010792,419.610962
0.604164,0.001619,-0.076075,315.168206
0.877588,0.073356,-0.143648,242.047326
0.384625,0.036990,-0.034749,371.933851
0.343527,0.040958,-0.028741,382.348061
0.887358,0.059489,-0.146516,239.377796
0.202455,0.026064,-0.011605,417.625297
0.240732,0.038340,-0.015724,408.125117
0.870371,0.099781,-0.141793,243.998466
0.597107,0.059863,-0.073235,317.088922
0.002819,0.036654,0.003522,466.315944
0.150901,0.049921,-0.006680,430.336193
0.491132,0.028567,-0.052474,344.654821
0.740400,0.051101,-0.106358,279.136474
0.304933,0.016994,-0.023518,392.071895
0.290463,0.023089,-0.021664,395.703033
0.460024,0.074447,-0.046973,352.664666
0.822565,0.094032,-0.128026,257.011690
0.015303,0.050468,0.002887,463.312884
0.618707,0.024021,-0.077853,311.419587
0.940277,0.098896,-0.160643,224.996410
0.818343,0.062999,-0.126864,258.156194
0.138718,0.063412,-0.005620,433.325695
0.031396,0.056723,0.002007,459.433438
0.778980,0.032095,-0.116286,268.782228
0.279345,0.021734,-0.020278,398.488059
0.509580,0.073234,-0.055862,339.885276
0.294008,0.099089,-0.020701,394.856051
0.812670,0.034297,-0.125312,259.691999
0.426727,0.063653,-0.041382,361.200024
0.849542,0.038125,-0.135573,249.691411
0.982410,0.050039,-0.172140,213.506635
0.604266,0.086639,-0.074751,315.210728
0.229835,0.084356,-0.014511,410.833553
0.846124,0.067548,-0.134605,250.619784
0.355209,0.005090,-0.030402,379.395194
0.482015,0.098214,-0.050882,347.002026
0.551952,0.060796,-0.064004,328.885931
0.233747,0.055346,-0.014942,409.862132
0.816691,0.010818,-0.126411,258.604938
0.723956,0.040565,-0.102258,283.532468
0.982112,0.060308,-0.172659,213.538951
0.666507,0.018502,-0.088544,298.807736
0.629641,0.027778,-0.080241,308.542221
0.351663,0.010047,-0.029894,380.292234
0.116047,0.063784,-0.003753,438.875260
0.497454,0.063162,-0.053624,343.021169
0.113793,0.081951,-0.003574,439.425420
0.205817,0.039153,-0.011951,416.792673
0.366668,0.091657,-0.032067,376.490221
0.716284,0.008732,-0.100371,285.580714
0.095895,0.051482,-0.002209,443.792915
0.350100,0.073412,-0.029671,380.685717
0.213676,0.047929,-0.012772,414.845331
0.608585,0.033010,-0.075672,314.078936
0.258933,0.000756,-0.016413,403.630873
0.207190,0.071118,-0.012093,416.451885
0.100102,0.023456,-0.002522,442.768374
0.239590,0.040857,-0.015595,408.409067
0.330793,0.006712,-0.026973,385.563209
0.959115,0.020844,-0.168461,219.650448
0.715765,0.095617,-0.100245,285.716472
0.226671,0.064899,-0.014165,411.620325
0.508831,0.071610,-0.055723,340.079373
0.408812,0.029930,-0.038500,365.776156
0.440800,0.040114,-0.043708,357.598388
0.039082,0.071549,0.001563,457.577045
0.982134,0.039513,-0.172621,213.537152
-0.000907,0.083819,-0.001570,467.148736
0.579063,0.039361,-0.069478,321.812934
0.942635,0.074532,-0.163283,224.198368
0.481401,0.038180,-0.050724,347.164340
0.525821,0.080063,-0.058924,335.676932
0.618311,0.055489,-0.077767,311.522808
0.362057,0.090490,-0.031392,377.658796
0.689595,0.043357,-0.093942,292.683806
0.209799,0.046943,-0.012365,415.806150
0.437145,0.014343,-0.043099,358.535512
0.207101,0.071719,-0.012084,416.473872
0.708645,0.001473,-0.100401,287.501592
0.218562,0.056222,-0.013290,413.633302
0.169451,0.031160,-0.008370,425.773990
0.489596,0.044375,-0.052196,345.050815
0.821477,0.045003,-0.127726,257.308113
0.842273,0.078887,-0.133518,251.665953
0.303632,0.085435,-0.023349,392.396551
0.436779,0.060898,-0.043038,358.627841
0.751495,0.047777,-0.109169,276.164581
0.805422,0.041283,-0.123342,261.651309
0.748036,0.082750,-0.108289,277.090608
0.847198,0.059218,-0.134908,250.328158
0.065781,0.037485,-0.000103,451.114398
0.374127,0.081071,-0.033170,374.598695
0.563867,0.057447,-0.066384,325.780628
0.629630,0.009854,-0.080239,308.545720
0.028931,0.051096,0.002147,460.028401
0.154529,0.046610,-0.007003,429.444800
0.887755,0.035728,-0.146632,239.270013
0.867781,0.095803,-0.140798,244.722776
0.046908,0.006726,0.001094,455.686884
0.454782,0.010535,-0.046073,354.012884
0.907092,0.011780,-0.152395,233.974695
0.604672,0.074872,-0.074837,315.104606
0.755528,0.081929,-0.110200,275.082247
0.871760,0.088080,-0.141951,243.637620
0.203850,0.088212,-0.011748,417.278319
0.885719,0.001693,-0.145895,239.838019
0.813168,0.028457,-0.125447,259.557639
0.013732,0.005968,0.002968,463.692126
0.010270,0.020558,0.003147,464.524805
0.982342,0.091751,-0.172308,213.508669
0.277385,0.082409,-0.020037,398.976903
0.106945,0.041925,-0.003042,441.098482
0.497256,0.007418,-0.053588,343.073949
0.459700,0.089951,-0.046917,352.747419
0.160732,0.086299,-0.007564,427.918527
0.879780,0.050555,-0.144288,241.449425
0.250314,0.004687,-0.016817,405.739402
0.589122,0.053036,-0.071561,319.181055
0.511153,0.012658,-0.056156,339.480034
0.022026,0.040695,0.002528,461.693609
0.838558,0.074733,-0.132474,252.675039
0.317231,0.085315,-0.025138,388.977515
0.265629,0.034767,-0.018614,401.917344
0.277087,0.027878,-0.020001,399.053046
0.237457,0.042671,-0.015356,408.939824
0.111022,0.077810,-0.003357,440.102335
0.156477,0.066884,-0.007178,428.965311
0.673968,0.072779,-0.090272,296.829617
0.704310,0.032702,-0.097461,288.770675
0.469789,0.047603,-0.048671,350.154575
0.879958,0.023914,-0.144340,241.401698
0.468963,0.072206,-0.048526,350.366305
0.434173,0.057995,-0.042606,359.295002
0.025290,0.005016,0.002348,460.907784
0.368200,0.059925,-0.032292,376.102691
0.776644,0.051595,-0.115673,269.410399
0.503700,0.069335,-0.054772,341.406507
0.177393,0.073886,-0.009122,423.815534
0.197448,0.039044,-0.011096,418.863668
0.403530,0.077059,-0.037667,367.121388
0.434013,0.007336,-0.042579,359.337638
0.422691,0.061383,-0.040725,362.231777
0.685867,0.064131,-0.093060,293.673156
0.658237,0.052200,-0.086648,300.995048
0.045018,0.017509,0.001209,456.143724
0.808277,0.005791,-0.124116,260.880743
0.121077,0.094879,-0.004155,437.644687
0.816703,0.080765,-0.126415,258.599337
0.077627,0.063328,-0.000902,448.237485
0.004448,0.011308,0.003441,465.925246
0.234363,0.080548,-0.015011,409.708164
0.477613,0.042734,-0.050050,348.140337
0.836183,0.045464,-0.131808,253.320770
0.961387,0.067879,-0.169182,219.020937
0.798205,0.039731,-0.121396,263.600382
0.827370,0.093669,-0.129355,255.709646
0.362144,0.087666,-0.031405,377.636874
0.344339,0.037427,-0.028855,382.142878
0.145355,0.094715,-0.006192,431.696592
0.039428,0.086907,0.001543,457.492994
0.377607,0.057167,-0.033690,373.716132
0.341328,0.007602,-0.028433,382.904338
0.298362,0.062994,-0.022669,393.720568
0.662612,0.078809,-0.087649,299.836892
0.406594,0.031485,-0.038149,366.341650
0.152289,0.022975,-0.006803,429.995990
0.690193,0.059071,-0.094083,292.524447
0.810082,0.067326,-0.124607,260.390851
0.349983,0.000332,-0.028468,380.759095
0.186335,0.039714,-0.009989,421.609930
0.108156,0.016294,-0.003136,440.803668
0.325294,0.061235,-0.026223,386.947680
0.481867,0.059626,-0.050807,347.043667
0.533098,0.069688,-0.060320,333.788418
0.231682,0.071245,-0.014714,410.374890
0.323075,0.098529,-0.024596,387.550022
0.773719,0.099942,-0.116596,270.084528
0.415075,0.044249,-0.039498,364.177621
0.529257,0.034084,-0.059581,334.786910
0.252837,0.059307,-0.017108,405.108998
0.577834,0.066877,-0.069225,322.133471
0.152283,0.089315,-0.006802,429.995389
0.875977,0.039319,-0.143177,242.488394
0.850310,0.099641,-0.136469,249.432119
0.398061,0.046193,-0.036813,368.515632
0.416010,0.001298,-0.038995,363.966221
0.389536,0.009588,-0.035497,370.686268
0.219183,0.045592,-0.013357,413.479530
0.402019,0.055095,-0.037430,367.507098
0.493159,0.027952,-0.052841,344.131535
0.088895,0.059396,-0.001697,445.497318
0.739437,0.056008,-0.106116,279.394067
0.493385,0.038412,-0.052882,344.072837
0.233289,0.086127,-0.014891,409.975153
0.161948,0.017951,-0.007676,427.621198
0.822115,0.022602,-0.127901,257.136006
0.648750,0.089189,-0.084497,303.500868
0.281248,0.036683,-0.020513,398.011176
0.647200,0.078055,-0.084148,303.910507
0.438972,0.079069,-0.043403,358.065627
0.331434,0.010801,-0.027061,385.401279
0.745123,0.070609,-0.107550,277.871343
0.978354,0.053617,-0.174611,214.323854
0.805325,0.037355,-0.123316,261.677517
0.561857,0.001773,-0.066915,326.259532
0.233534,0.070330,-0.014919,409.914531
0.203787,0.057292,-0.011742,417.294823
0.981707,0.075757,-0.173378,213.581848
0.319037,0.057941,-0.025380,388.523623
0.311728,0.052064,-0.024408,390.362740
0.406813,0.025044,-0.038184,366.286050
0.899966,0.072550,-0.150259,235.926185
0.547102,0.048494,-0.063047,330.148720
0.686291,0.047188,-0.093160,293.560985
0.768337,0.043094,-0.113504,271.644332
0.189423,0.001179,-0.009309,420.872309
0.733720,0.090561,-0.104683,280.921994
0.452503,0.029169,-0.045684,354.597385
0.622677,0.038832,-0.078717,310.374926
0.067429,0.070480,-0.000211,450.713604
0.497784,0.083105,-0.053685,342.935230
0.804443,0.072949,-0.123077,261.914936
0.183370,0.046194,-0.009699,422.341580
0.731383,0.043705,-0.104100,281.548384
0.441613,0.096078,-0.043844,357.388332
0.241756,0.088908,-0.015839,407.868554
0.132191,0.015734,-0.005069,434.926507
0.447923,0.036721,-0.044906,355.772411
0.983228,0.034896,-0.170729,213.416376
0.447755,0.001080,-0.044549,355.830317
0.196348,0.017924,-0.010985,419.136400
0.909379,0.054880,-0.153085,233.345998
0.338328,0.063230,-0.028014,383.660207
0.074171,0.012464,-0.000665,449.078506
0.233081,0.069164,-0.014869,410.027331
0.359865,0.066233,-0.031074,378.214729
0.903829,0.027458,-0.151415,234.869040
0.479533,0.049959,-0.050392,347.645312
0.170905,0.062607,-0.008506,425.414858
0.627137,0.065680,-0.079692,309.200561
0.190523,0.058008,-0.010402,420.575063
0.209420,0.095815,-0.012325,415.898777
0.558342,0.076550,-0.065276,327.220719
0.866175,0.063963,-0.140333,245.161801
0.456284,0.060034,-0.046330,353.625756
0.055662,0.079590,0.000552,453.565840
0.031831,0.030137,0.001982,459.329105
0.115511,0.038622,-0.003711,439.006939
0.332328,0.077738,-0.027183,385.174019
0.832624,0.024269,-0.130814,254.287210
0.498715,0.051898,-0.053855,342.695732
0.586513,0.098244,-0.072201,319.800887
0.102113,0.009527,-0.002674,442.278357
0.488336,0.013649,-0.051968,345.376627
0.897843,0.003694,-0.149625,236.509953
0.475629,0.029300,-0.049699,348.651863
0.633358,0.093319,-0.081061,307.561262
0.718409,0.052530,-0.100892,285.012524
0.390176,0.016788,-0.035595,370.523204
0.616102,0.074912,-0.077289,312.102927
0.416931,0.016654,-0.039795,363.704632
0.911131,0.013109,-0.153613,232.866415
0.101674,0.081282,-0.002640,442.383460
0.799008,0.008194,-0.121611,263.384550
0.618615,0.058824,-0.077833,311.442641
0.466540,0.093712,-0.048103,350.989096
0.512451,0.039888,-0.056398,339.143074
0.268178,0.047612,-0.018919,401.280031
0.310718,0.068750,-0.024275,390.616293
0.751674,0.012147,-0.109214,276.117685
0.639418,0.010352,-0.082406,305.966255
0.610997,0.026141,-0.076190,313.445627
0.349330,0.001515,-0.028371,380.924281
0.599054,0.037007,-0.073646,316.579290
0.818666,0.085898,-0.126953,258.067865
0.223091,0.024529,-0.013777,412.510347
-0.000000,-0.000000,-0.000000,466.951838
0.112410,0.090842,-0.003466,439.763039
0.212967,0.033108,-0.012697,415.021398
0.167292,0.019691,-0.008169,426.306014
0.167210,0.099035,-0.007439,426.340117
0.069174,0.033096,-0.000328,450.291206
0.198847,0.025935,-0.011237,418.518194
0.982515,0.060796,-0.171961,213.494403
0.983136,0.017009,-0.170914,213.425040
0.581650,0.012135,-0.070011,321.137350
0.349712,0.058070,-0.029616,380.784189
0.104970,0.064223,-0.002890,441.579959
0.766555,0.042200,-0.113042,272.123140
0.605959,0.080806,-0.075112,314.766697
0.766171,0.064868,-0.112942,272.225671
0.010747,0.009639,0.003123,464.410385
0.428780,0.081350,-0.041718,360.674397
0.660139,0.000090,-0.088825,300.393430
0.207255,0.067174,-0.012100,416.435727
0.059649,0.070358,0.000297,452.600264
0.359616,0.028636,-0.031038,378.278894
0.069943,0.056128,-0.000379,450.104032
0.577406,0.064772,-0.069137,322.245271
0.509658,0.064180,-0.055877,339.865492
0.000247,0.030293,0.000429,466.896614
0.561273,0.001677,-0.066792,326.412254
0.312463,0.093115,-0.024505,390.176897
0.252017,0.056149,-0.017013,405.313478
0.146116,0.083013,-0.006258,431.510210
0.089809,0.079247,-0.001763,445.274253
-0.000835,0.047390,-0.001445,467.133937
0.892430,0.099378,-0.147695,238.012823
0.677498,0.004563,-0.091094,295.895730
0.942587,0.045098,-0.163268,224.212435
0.664938,0.099528,-0.089950,299.118312
0.839549,0.055053,-0.132752,252.406627
0.081151,0.085775,-0.001147,447.380480
0.346284,0.065507,-0.029130,381.650448
0.308021,0.098710,-0.022541,391.338118
0.889451,0.033432,-0.147133,238.806226
0.949701,0.099699,-0.163213,222.427971
0.305264,0.003921,-0.023561,391.988941
0.189857,0.070433,-0.010336,420.739220
0.710512,0.034760,-0.098964,287.118556
0.624762,0.042886,-0.079172,309.826262
0.216213,0.082543,-0.013040,414.215232
0.164202,0.063388,-0.007882,427.065395
0.090131,0.054371,-0.001787,445.196709
0.180525,0.095246,-0.009422,423.042392
0.437277,0.084773,-0.043120,358.499627
0.538840,0.098634,-0.062119,332.262401
0.049624,0.044655,0.000928,455.028786
0.645371,0.029475,-0.083737,304.395075
0.959846,0.069513,-0.168693,219.446654
0.000627,0.085850,0.001085,466.811751
0.983105,0.028631,-0.170949,213.429574
0.317590,0.037397,-0.025186,388.888425
0.813089,0.016974,-0.125426,259.579423
0.732291,0.085279,-0.104327,281.304374
0.884520,0.093511,-0.145680,240.152802
0.851572,0.084237,-0.136150,249.137794
0.765045,0.092590,-0.112651,272.527157
0.744370,0.070018,-0.107360,278.072890
0.000510,0.046702,0.000884,466.838385
0.935073,0.028596,-0.160935,226.283529
0.049809,0.016120,0.000916,454.984785
0.956147,0.060978,-0.167523,220.469417
0.180761,0.091954,-0.009445,422.984167
0.843392,0.023730,-0.133833,251.363808
0.150183,0.098891,-0.006138,430.521383
0.598848,0.032796,-0.073602,316.633480
0.540628,0.092878,-0.061779,331.831236
0.798206,0.054780,-0.121396,263.599532
0.065686,0.037312,-0.000096,451.137369
0.326694,0.072092,-0.026413,386.594463
0.363375,0.035953,-0.031585,377.326464
0.708478,0.090982,-0.098470,287.658853
0.027227,0.089146,0.002242,460.438398
0.515965,0.083660,-0.057057,338.231779
0.252558,0.092139,-0.017075,405.177528
0.791935,0.064129,-0.119718,265.291195
0.925649,0.076513,-0.158033,228.875738
0.536890,0.099697,-0.061719,332.770200
0.829672,0.060373,-0.129993,255.086803
0.863772,0.026190,-0.139640,245.817904
0.408082,0.023928,-0.038385,365.962400
0.540635,0.043026,-0.061781,331.830918
0.419594,0.048412,-0.040224,363.023412
0.527450,0.079050,-0.059235,335.254472
0.876811,0.015596,-0.143420,242.261450
0.205842,0.037142,-0.011954,416.786628
0.574208,0.091791,-0.068482,323.080227
0.952904,0.073011,-0.166500,221.364649
0.698227,0.007330,-0.095999,290.390310
0.144252,0.095372,-0.006096,431.967323
0.306351,0.066507,-0.023703,391.714111
0.193268,0.049524,-0.010675,419.897038
0.175289,0.065058,-0.008921,424.334346
0.305095,0.008231,-0.023539,392.031344
0.625591,0.054028,-0.079353,309.607765
0.131021,0.012343,-0.004971,435.213361
0.976196,0.034455,-0.173915,214.922590
0.080982,0.043375,-0.001135,447.422791
0.015781,0.025564,0.002861,463.198383
0.422228,0.035852,-0.040650,362.350968
0.274892,0.034796,-0.019732,399.601817
0.108901,0.026041,-0.003193,440.621704
0.781974,0.082801,-0.117075,267.974802
0.394696,0.039780,-0.036291,369.372298
0.466140,0.092535,-0.048034,351.091861
0.521633,0.007692,-0.058127,336.765268
0.817109,0.073216,-0.126526,258.489822
0.457996,0.053650,-0.046624,353.186333
0.166660,0.014200,-0.008110,426.461795
0.261034,0.089059,-0.018068,403.063035
0.537162,0.054306,-0.061105,332.733263
0.335979,0.009726,-0.027688,384.254812
0.046708,0.037426,0.001106,455.734347
0.449570,0.003831,-0.045185,355.350789
0.176257,0.029575,-0.009013,424.096922
0.982861,0.047532,-0.171359,213.456957
0.888777,0.075989,-0.146935,238.989161
0.771217,0.038855,-0.114254,270.870441
0.165029,0.016923,-0.007959,426.863056
0.930311,0.064135,-0.159465,227.593608
0.419097,0.007455,-0.040144,363.151611
0.740301,0.065614,-0.106333,279.162402
0.216686,0.072988,-0.013090,414.098275
0.200992,0.041283,-0.011456,417.987114
0.026693,0.095217,0.002272,460.566830
0.452477,0.000050,-0.045401,354.616932
0.432605,0.065222,-0.042347,359.696335
0.447868,0.078999,-0.044897,355.785144
0.967540,0.087982,-0.171141,217.317987
0.493069,0.028495,-0.052825,344.154837
0.240093,0.062474,-0.015651,408.283308
0.060069,0.050904,0.000270,452.498900
0.321867,0.053505,-0.025760,387.811127
0.155116,0.055167,-0.007056,429.300241
0.644865,0.078362,-0.083623,304.527138
0.094068,0.009831,-0.002074,444.239263
0.761822,0.087627,-0.111818,273.392891
0.141981,0.098671,-0.005553,432.531507
0.457580,0.007853,-0.046553,353.294385
0.679726,0.099722,-0.093444,295.194126
0.265166,0.094576,-0.018558,402.031104
0.677422,0.089716,-0.091077,295.913274
0.331077,0.063945,-0.027012,385.489843
0.116214,0.084342,-0.003766,438.833699
0.172180,0.068137,-0.008626,425.100567
0.490320,0.042305,-0.052327,344.863977
0.273516,0.088149,-0.019564,399.944535
0.160768,0.073941,-0.007567,427.909876
0.713731,0.047314,-0.099748,286.260231
0.225353,0.069372,-0.014021,411.947524
0.626291,0.024241,-0.079506,309.424500
0.792859,0.038258,-0.119964,265.042775
0.314816,0.014838,-0.024817,389.587278
0.013403,0.095377,0.002987,463.768856
0.530997,0.006938,-0.059915,334.335869
0.458004,0.021657,-0.046625,353.185157
0.558761,0.057233,-0.065360,327.112034
0.388032,0.088192,-0.035267,371.066297
0.639995,0.004092,-0.082534,305.814122
0.831633,0.031851,-0.130538,254.555733
0.213468,0.077408,-0.012749,414.895999
0.865941,0.000110,-0.140614,245.202227
0.077148,0.054904,-0.000869,448.354201
0.610324,0.070292,-0.076045,313.621080
0.116257,0.092472,-0.003769,438.823114
0.367266,0.080116,-0.032155,376.339062
0.196112,0.061146,-0.010961,419.193610
0.108935,0.084279,-0.003195,440.611776
0.126493,0.099426,-0.004520,436.320960
0.146193,0.083135,-0.006265,431.491216
0.166527,0.028979,-0.008098,426.494064
0.357340,0.035765,-0.030709,378.854759
0.763798,0.056799,-0.112328,272.863380
0.958460,0.077465,-0.168254,219.829703
-0.000793,0.088133,-0.001374,467.123695
0.360035,0.068515,-0.031099,378.171653
0.195258,0.082062,-0.010874,419.404060
0.921433,0.075877,-0.156743,230.035130
0.022113,0.069498,0.002523,461.671833
0.534026,0.014119,-0.060499,333.549169
0.658195,0.068842,-0.086639,301.005668
0.189697,0.063795,-0.010320,420.778992
0.463755,0.013443,-0.047619,351.707570
0.599815,0.092549,-0.073807,316.378200
0.877838,0.086029,-0.143721,241.978777
0.050808,0.010880,0.000854,454.743110
0.702310,0.055128,-0.096979,289.302425
0.230202,0.008720,-0.014552,410.744627
0.286311,0.049958,-0.021142,396.742736
0.177755,0.010957,-0.009157,423.727852
0.941319,0.088355,-0.162874,224.560647
0.504033,0.099716,-0.055131,341.305864
0.112499,0.045681,-0.003473,439.742591
0.679483,0.024290,-0.091559,295.368671
0.741254,0.066851,-0.106573,278.907319
0.641291,0.066591,-0.082824,305.470424
0.068741,0.020338,-0.000299,450.396719
0.519969,0.067498,-0.057812,337.194785
0.844125,0.043477,-0.134040,251.164003
0.983045,0.022030,-0.171063,213.435648
0.921786,0.069602,-0.156851,229.938155
0.838941,0.095591,-0.132582,252.570557
0.138971,0.074197,-0.005641,433.263184
-0.000704,0.025939,-0.001220,467.105944
0.367837,0.022450,-0.032239,376.195864
0.328948,0.024381,-0.026721,386.027827
0.944076,0.012182,-0.163732,223.802861
0.251642,0.032124,-0.016970,405.407643
0.123997,0.078947,-0.004392,436.930780
0.004591,0.000741,-0.000032,465.849809
0.245758,0.067101,-0.016293,406.872705
0.781607,0.094002,-0.116978,268.073273
0.125024,0.000959,-0.004428,436.682663
0.028442,0.080961,0.002174,460.145451
0.606586,0.006369,-0.075245,314.604555
0.067191,0.020950,-0.000196,450.772674
0.465665,0.064918,-0.047951,351.214949
0.400455,0.095297,-0.037186,367.904356
0.619598,0.006179,-0.078046,311.185913
0.241519,0.008139,-0.015813,407.929896
0.179218,0.071405,-0.009297,423.365437
0.254265,0.050172,-0.017274,404.753075
0.300696,0.068610,-0.022969,393.134363
0.914050,0.083005,-0.154498,232.062853
0.676819,0.060384,-0.090936,296.073998
0.499572,0.050558,-0.054012,342.474411
0.001234,0.083027,0.003600,466.695638
0.173495,0.099669,-0.007948,424.794126
0.468854,0.086937,-0.048507,350.393840
0.982464,0.049722,-0.172046,213.500689
0.890494,0.058226,-0.147442,238.520035
0.677944,0.042368,-0.091199,295.776401
0.799729,0.092849,-0.121806,263.187271
0.500894,0.030614,-0.054255,342.133210
0.222248,0.084819,-0.013685,412.717926
0.383770,0.051671,-0.034619,372.150746
0.487867,0.064990,-0.051884,345.496164
0.173233,0.016492,-0.008726,424.842637
0.092981,0.057647,-0.001994,444.502470
0.353915,0.081740,-0.030216,379.720289
0.401870,0.037148,-0.037407,367.545664
0.982157,0.087326,-0.172619,213.530091
0.564502,0.013037,-0.066512,325.616330
0.982411,0.031635,-0.172148,213.506321
0.818706,0.022860,-0.126964,258.059141
0.789327,0.038186,-0.119023,265.995246
0.534096,0.082673,-0.060512,333.528968
0.800934,0.061426,-0.122130,262.863002
0.765659,0.027973,-0.112809,272.364436
0.587516,0.009215,-0.071226,319.602764
0.803890,0.069462,-0.122928,262.064287
0.671798,0.003952,-0.089768,297.406747
0.517032,0.003920,-0.057258,337.957866
0.159449,0.028429,-0.007447,428.235839
0.098057,0.099016,-0.002881,443.255340
0.511091,0.000651,-0.056521,339.478796
0.150595,0.036951,-0.006653,430.411529
0.064596,0.100008,-0.001394,451.378180
0.164209,0.005857,-0.007884,427.065252
0.232418,0.096376,-0.014795,410.191384
0.249133,0.032333,-0.016680,406.032873
0.428887,0.057238,-0.041735,360.647738
0.460388,0.028130,-0.047036,352.572371
0.028806,0.003752,0.002153,460.059873
0.735100,0.020438,-0.105028,280.555320
0.400224,0.000387,-0.036350,367.996933
0.478980,0.017300,-0.050293,347.788998
-0.000015,0.082139,-0.000026,466.952809
0.138129,0.007163,-0.005570,433.471681
0.444579,0.098845,-0.043980,356.643334
0.645801,0.020297,-0.083833,304.281748
0.061647,0.071338,0.000168,452.115854
0.360472,0.025135,-0.031162,378.062089
0.908773,0.071931,-0.152902,233.511634
0.161795,0.016085,-0.007662,427.658974
0.363480,0.054189,-0.031600,377.299318
0.982007,0.038260,-0.172841,213.551073
0.310429,0.083324,-0.024237,390.688624
0.318612,0.083144,-0.025323,388.629921
0.324235,0.031595,-0.026080,387.215250
0.979368,0.059653,-0.174938,214.042736
0.246938,0.000189,-0.015053,406.619425
0.603960,0.078704,-0.074686,315.291215
0.894827,0.072691,-0.148728,237.333662
0.386184,0.086585,-0.034985,371.536263
0.701176,0.080626,-0.096707,289.603178
0.327875,0.086747,-0.026574,386.296377
0.123721,0.075248,-0.004369,436.998297
0.762698,0.059625,-0.112044,273.158570
0.425187,0.051990,-0.041131,361.594214
0.680682,0.033119,-0.091840,295.050339
0.712924,0.098732,-0.101443,286.357799
0.798035,0.093047,-0.121351,263.644556
0.317840,0.050459,-0.025220,388.825250
0.900845,0.073891,-0.150522,235.685275
0.648055,0.077543,-0.084340,303.684834
0.772087,0.049912,-0.114481,270.636178
0.458346,0.005018,-0.046684,353.097850
0.542332,0.070993,-0.062112,331.388989
0.983072,0.043021,-0.170995,213.433797
0.924150,0.009732,-0.157573,229.290222
0.139825,0.052335,-0.005714,433.054512
0.698946,0.090688,-0.096172,290.196207
0.780761,0.034190,-0.116755,268.302831
0.440721,0.037075,-0.043695,357.618734
0.503630,0.025247,-0.054759,341.426018
0.098446,0.060718,-0.002398,443.171061
0.000876,0.070189,0.001518,466.757339
0.372599,0.021845,-0.032943,374.988146
0.771663,0.025060,-0.114370,270.750775
0.087844,0.012502,-0.001622,445.754483
0.089029,0.027716,-0.001707,445.465665
0.622793,0.038529,-0.078742,310.344559
0.050710,0.013210,0.000860,454.766809
0.440917,0.072280,-0.043727,357.567508
0.252041,0.006076,-0.017016,405.308831
0.963861,0.059522,-0.169968,218.336891
0.279741,0.029195,-0.020327,398.388875
0.814821,0.005467,-0.125899,259.111170
0.078255,0.035075,-0.000946,448.085674
0.342536,0.084335,-0.028602,382.596961
0.351115,0.029788,-0.029816,380.430172
0.005934,0.017298,0.003367,465.567768
0.034851,0.041841,0.001809,458.599801
0.113743,0.023408,-0.003571,439.439231
0.642038,0.072814,-0.082990,305.273175
0.542661,0.056582,-0.062176,331.303863
0.701107,0.053031,-0.096690,289.622619
0.110000,0.059467,-0.003278,440.352256
0.298066,0.069133,-0.022631,393.794653
0.255737,0.020336,-0.017446,404.386888
0.916139,0.091872,-0.155132,231.488953
0.869703,0.018896,-0.141353,244.201198
0.642938,0.009473,-0.083191,305.037625
0.348202,0.077032,-0.029401,381.165320
0.898113,0.015610,-0.149705,236.435756
0.283533,0.004338,-0.020796,397.440146
0.135966,0.035559,-0.005386,434.001058
0.356859,0.086236,-0.030639,378.975033
0.362500,0.026393,-0.031457,377.548352
0.748184,0.012220,-0.108326,277.053228
0.738740,0.098807,-0.107802,279.461439
0.011516,0.080318,0.003084,464.223465
0.564400,0.084439,-0.066492,325.640815
0.608107,0.089755,-0.075570,314.202712
0.933657,0.009133,-0.160497,226.674091
0.221606,0.032835,-0.013616,412.878831
0.143033,0.033118,-0.005991,432.268248
0.186184,0.066139,-0.009974,421.646403
0.838563,0.028422,-0.132475,252.675218
0.518084,0.014395,-0.057456,337.684902
0.635144,0.081052,-0.081457,307.090802
0.746698,0.077244,-0.107949,277.449332
0.446750,0.085651,-0.044708,356.071772
0.664934,0.099456,-0.089949,299.119445
-0.000530,0.069501,-0.000918,467.066352
0.481732,0.061968,-0.050783,347.078273
0.906262,0.012134,-0.152146,234.202198
-0.000338,0.053064,-0.000585,467.024622
0.744770,0.099472,-0.109304,277.847552
0.353695,0.062696,-0.030184,379.776521
0.126593,0.020843,-0.004605,436.297119
0.349209,0.092981,-0.029544,380.910259
-0.000344,0.042184,-0.000596,467.026304
0.709556,0.069093,-0.098731,287.372429
0.343700,0.074764,-0.028765,382.303166
0.607295,0.012133,-0.075396,314.418249
0.009191,0.031220,0.003203,464.784124
0.184978,0.014987,-0.009856,421.945764
0.452211,0.014013,-0.045634,354.672735
0.535490,0.066894,-0.060782,333.167302
0.180622,0.033204,-0.009433,423.020052
0.683753,0.021998,-0.092561,294.235788
0.466671,0.058540,-0.048126,350.956461
0.201424,0.092400,-0.011499,417.878623
0.045056,0.090052,0.001207,456.132475
0.113206,0.011487,-0.003529,439.570736
0.281833,0.079085,-0.020585,397.863625
0.793936,0.074687,-0.120252,264.751079
0.906078,0.076530,-0.152091,234.250806
0.426325,0.056997,-0.041316,361.302956
0.364721,0.083886,-0.031781,376.983909
0.002953,0.030586,0.003515,466.283894
0.611805,0.085300,-0.076363,313.231591
0.535218,0.013022,-0.060729,333.239692
0.431009,0.058885,-0.042084,360.104833
0.531262,0.027199,-0.059966,334.266683
0.660364,0.007451,-0.087134,300.433921
0.017618,0.025454,0.002764,462.755935
0.945984,0.078819,-0.164329,223.274423
0.380164,0.098802,-0.033103,373.101817
0.737270,0.007093,-0.105571,279.975261
0.000274,0.041469,0.000474,466.890486
0.363703,0.087883,-0.031633,377.241729
0.482202,0.048284,-0.050867,346.957706
0.000314,0.019144,0.000545,466.882224
0.584783,0.031803,-0.070659,320.317197
0.137728,0.062007,-0.005535,433.568250
0.851374,0.001623,-0.136751,249.147377
0.080457,0.043751,-0.001099,447.550357
0.916034,0.062204,-0.155099,231.518701
0.685128,0.020560,-0.092885,293.870609
0.509573,0.070946,-0.055861,339.887251
0.318598,0.022556,-0.025321,388.635323
0.657574,0.095192,-0.086497,301.169002
0.137276,0.046637,-0.005497,433.679629
0.045804,0.068884,0.001162,455.952182
0.594703,0.013542,-0.072729,317.720428
0.141818,0.094828,-0.005885,432.564398
0.182153,0.016964,-0.009581,422.642958
0.758036,0.028840,-0.110843,274.410886
0.934058,0.054423,-0.160621,226.562334
0.144091,0.077619,-0.006082,432.007242
0.144628,0.050214,-0.006129,431.876201
0.425187,0.090800,-0.041131,361.593032
0.582038,0.048958,-0.070091,321.034883
0.023125,0.066617,0.002468,461.427983
0.025527,0.095632,0.002337,460.848047
0.280226,0.075303,-0.020386,398.265892
0.470834,0.095886,-0.048854,349.884236
0.732651,0.071198,-0.104416,281.208519
0.523175,0.013705,-0.058420,336.365368
0.551666,0.047688,-0.063948,328.960726
0.584558,0.029960,-0.070612,320.376132
0.152030,0.078947,-0.006780,430.057896
0.172686,0.090714,-0.008674,424.975238
0.633272,0.079493,-0.081042,307.584348
0.775176,0.095844,-0.115289,269.803864
0.311678,0.091133,-0.024401,390.374246
0.507785,0.034221,-0.055528,340.351128
0.418872,0.038897,-0.040108,363.208178
0.034979,0.050693,0.001802,458.568702
0.219716,0.068356,-0.013413,413.346815
0.591336,0.067120,-0.072023,318.600727
0.125880,0.065312,-0.004546,436.470333
0.839075,0.078540,-0.132619,252.534584
0.654067,0.011817,-0.085699,302.098807
0.012001,0.007923,0.003058,464.108671
0.179539,0.089209,-0.009327,423.285735
0.113230,0.000389,-0.003714,439.561653
0.919889,0.085169,-0.156272,230.459024
0.100726,0.020725,-0.002569,442.616263
0.787008,0.090593,-0.118407,266.618408
0.209134,0.079486,-0.012295,415.969906
0.368754,0.039889,-0.032374,375.962821
0.051408,0.044059,0.000818,454.597012
0.310814,0.033246,-0.024288,390.593263
0.534961,0.060735,-0.060679,333.304977
0.289380,0.023786,-0.021528,395.974592
0.840851,0.033975,-0.133118,252.053773
0.350921,0.088883,-0.029788,380.477588
0.805847,0.019492,-0.123457,261.537120
0.658124,0.000316,-0.088355,300.927234
0.342073,0.076140,-0.028537,382.714113
0.224386,0.085165,-0.013916,412.187079
0.837590,0.033468,-0.132202,252.939251
0.820348,0.016951,-0.127415,257.614682
0.327493,0.000224,-0.025214,386.439484
0.369868,0.044004,-0.032538,375.680307
0.511366,0.072263,-0.056195,339.423245
-0.000823,0.053371,-0.001425,467.131132
0.465025,0.091787,-0.047839,351.378631
0.202282,0.007213,-0.011588,417.668833
0.207055,0.076124,-0.012079,416.485095
0.777160,0.046434,-0.115808,269.271664
0.617593,0.070476,-0.077612,311.711134
0.416974,0.070178,-0.039802,363.692086
0.155177,0.076111,-0.007061,429.284602
0.795341,0.000054,-0.122126,264.273417
0.055989,0.070557,0.000531,453.486868
0.109116,0.008065,-0.003210,440.569579
0.968949,0.021943,-0.171590,216.930313
0.788575,0.053092,-0.118823,266.197406
0.214382,0.068133,-0.012846,414.669600
0.246602,0.066287,-0.016390,406.662577
0.378323,0.018015,-0.033797,373.535596
0.898562,0.090395,-0.149840,236.310197
0.043240,0.044146,0.001316,456.572807
0.870791,0.032864,-0.141669,243.903924
0.821149,0.089682,-0.127636,257.395546
0.595566,0.012742,-0.072910,317.494398
0.152580,0.038065,-0.006829,429.924027
0.654517,0.077252,-0.085802,301.977632
0.276129,0.080825,-0.019883,399.291169
0.950557,0.053128,-0.165762,222.013384
0.810164,0.024258,-0.124629,260.370011
0.982427,0.077013,-0.172132,213.502232
0.665274,0.045612,-0.088260,299.133232
0.764860,0.063941,-0.112603,272.577841
0.699775,0.083828,-0.096370,289.976079
0.825094,0.055869,-0.128724,256.327871
0.512364,0.024343,-0.056382,339.166141
-0.000894,0.042727,-0.001549,467.147204
0.699731,0.090987,-0.096360,289.987482
0.831091,0.094407,-0.130388,254.700726
0.335833,0.036125,-0.027667,384.290914
0.025235,0.057303,0.002352,460.919450
0.934524,0.010424,-0.160764,226.435516
0.669021,0.081279,-0.089125,298.139969
0.485062,0.090636,-0.051379,346.218903
0.432661,0.025814,-0.042356,359.682994
0.723123,0.088886,-0.102052,283.753483
0.596202,0.088895,-0.073044,317.325324
0.369878,0.035543,-0.032540,375.678064
0.664000,0.088544,-0.087968,299.469132
0.231810,0.092428,-0.014728,410.342628
0.809596,0.031108,-0.124474,260.523421
0.744373,0.028013,-0.107360,278.073595
0.495853,0.090312,-0.053332,343.433848
0.785078,0.005238,-0.117895,267.141218
0.836971,0.088759,-0.132030,253.105540
0.519291,0.067271,-0.057684,337.370548
0.661300,0.058187,-0.087348,300.184576
0.013629,0.078295,0.002975,463.715081
0.669075,0.025672,-0.089137,298.127557
0.164224,0.057770,-0.007884,427.060181
0.060714,0.011574,0.000228,452.343810
0.393918,0.006855,-0.036171,369.571495
0.492154,0.062916,-0.052659,344.389828
0.005276,0.090462,0.003401,465.723872
0.755096,0.098845,-0.111890,275.081489
0.497747,0.087661,-0.053678,342.944781
0.003642,0.066771,0.003481,466.117389
0.477409,0.099002,-0.050011,348.191241
0.154374,0.043491,-0.006989,429.483018
0.022232,0.012654,0.002516,461.644681
0.596528,0.011799,-0.073113,317.242368
0.848017,0.013749,-0.135140,250.107127
0.629965,0.098835,-0.081866,308.368947
0.373109,0.084706,-0.033019,374.856951
0.366915,0.038815,-0.032103,376.429101
0.200390,0.018623,-0.011394,418.136494
0.914465,0.074180,-0.154623,231.949354
0.722570,0.077093,-0.101916,283.901429
0.398052,0.012826,-0.036811,368.518903
0.580908,0.078873,-0.069858,321.329369
0.923692,0.024462,-0.157433,229.415670
0.186542,0.001773,-0.009055,421.582794
0.857741,0.043465,-0.137909,247.460342
0.498888,0.012266,-0.053887,342.652120
0.448759,0.046430,-0.045047,355.557762
0.289238,0.090127,-0.021509,396.008280
0.637568,0.058295,-0.081994,306.452633
0.025487,0.031885,0.002338,460.859506
0.129996,0.026669,-0.004886,435.463780
0.642355,0.067175,-0.083061,305.189808
0.244836,0.041962,-0.016188,407.103171
0.406258,0.062261,-0.038096,366.426532
0.717516,0.099131,-0.102566,285.132506
0.231479,0.077162,-0.014692,410.425325
0.418698,0.092267,-0.040079,363.251147
0.054961,0.053898,0.000595,453.736436
0.139826,0.068454,-0.005714,433.053814
0.422209,0.039884,-0.040647,362.355563
0.394933,0.088971,-0.036328,369.310606
0.729750,0.094278,-0.103694,281.983164
0.907120,0.057916,-0.152404,233.965480
0.533066,0.059429,-0.060313,333.797190
0.617180,0.051662,-0.077522,311.820354
0.740183,0.085011,-0.106304,279.193546
0.841756,0.080220,-0.133373,251.806365
0.299909,0.013331,-0.022868,393.333641
0.262178,0.009064,-0.018204,402.779796
0.700984,0.038569,-0.096660,289.655599
0.110041,0.040500,-0.003281,440.342948
0.447172,0.085752,-0.044779,355.963421
0.848827,0.029568,-0.135369,249.886342
0.493532,0.053893,-0.052909,344.034307
0.327506,0.009114,-0.026524,386.391754
0.329172,0.031882,-0.026751,385.971102
0.415935,0.099087,-0.038982,363.982426
0.142343,0.031801,-0.005931,432.437508
0.965723,0.082221,-0.170561,217.821147
0.379155,0.078278,-0.033922,373.322308
0.007805,0.068142,0.003273,465.116393
0.165076,0.007671,-0.007964,426.851726
0.874026,0.069682,-0.142609,243.019879
0.515320,0.070431,-0.056936,338.399253
0.218855,0.020496,-0.013322,413.561767
0.618490,0.086955,-0.077806,311.474722
0.554094,0.083980,-0.064429,328.327378
0.228657,0.099592,-0.013088,411.160615
0.605404,0.046728,-0.074993,314.913382
0.849462,0.077271,-0.135550,249.712061
0.446673,0.023974,-0.044695,356.093265
0.561798,0.071569,-0.065968,326.320007
0.141029,0.099857,-0.005486,432.764874
0.285635,0.082514,-0.021058,396.911374
0.752996,0.077450,-0.109552,275.761273
0.834269,0.042909,-0.131273,253.840394
0.316781,0.011541,-0.025079,389.092941
0.368113,0.099258,-0.031216,376.162578
0.220756,0.016993,-0.013525,413.090138
0.846901,0.043014,-0.134824,250.409542
0.589291,0.088247,-0.071596,319.135558
0.744699,0.052049,-0.107443,277.985364
0.667029,0.034063,-0.088665,298.668946
0.458670,0.030047,-0.046740,353.013817
0.630478,0.007832,-0.080426,308.322406
0.187758,0.075714,-0.010128,421.257447
0.262484,0.029506,-0.018240,402.702852
0.003618,0.076835,0.003483,466.122766
0.691544,0.026523,-0.094404,292.166388
0.456800,0.060392,-0.046418,353.493321
0.348766,0.089043,-0.029481,381.022382
0.033793,0.096130,0.001871,458.853625
0.454422,0.026415,-0.046011,354.104820
0.020890,0.001616,-0.000224,461.931970
0.444328,0.074745,-0.044299,356.693229
0.410531,0.037739,-0.038773,365.337549
0.437408,0.069475,-0.043142,358.466558
0.982381,0.003202,-0.172245,213.506661
0.353956,0.087431,-0.030222,379.709868
0.697297,0.062604,-0.095776,290.635904
0.042961,0.059825,0.001333,456.639718
0.982420,0.100004,-0.172179,213.499431
0.643197,0.019208,-0.083250,304.968927
0.747403,0.058468,-0.108128,277.260972
0.114045,0.083675,-0.003594,439.363798
0.407771,0.076277,-0.038335,366.040124
0.254031,0.000458,-0.015850,404.852870
0.952860,0.065859,-0.166486,221.377072
0.286423,0.050573,-0.021156,396.714825
0.173990,0.098756,-0.007989,424.672409
0.583445,0.046247,-0.070382,320.666777
0.276799,0.081167,-0.019965,399.123497
0.035740,0.008705,0.001758,458.386116
0.000127,0.023310,0.000219,466.923359
0.050154,0.026718,0.000895,454.901016
0.183093,0.052807,-0.009672,422.409873
0.550333,0.046031,-0.063684,329.307862
0.407462,0.001490,-0.037553,366.150185
0.722783,0.085881,-0.101969,283.844178
0.658197,0.000809,-0.088372,300.907741
0.501381,0.025686,-0.054345,342.007572
0.029293,0.029353,0.002126,459.941600
0.894353,0.014425,-0.148586,237.465263
0.980726,0.065281,-0.175377,213.665922
0.086684,0.035611,-0.001539,446.036160
0.228955,0.059892,-0.014414,411.053026
0.013701,0.031919,0.002970,463.698872
0.710699,0.075697,-0.099009,287.067582
0.024029,0.025697,0.002418,461.211151
0.280116,0.059928,-0.020373,398.294070
0.052872,0.022877,0.000726,454.243216
0.126288,0.050626,-0.004579,436.370900
0.140254,0.077766,-0.005751,432.948639
0.816329,0.016778,-0.126312,258.702580
0.840611,0.056307,-0.133050,252.118183
0.109546,0.000576,-0.003503,440.459924
0.550768,0.018502,-0.063770,329.195643
0.147913,0.040253,-0.006416,431.070132
0.128682,0.044323,-0.004777,435.785032
0.150855,0.001619,-0.006187,430.359426
0.728079,0.084431,-0.103279,282.429989
0.047315,0.098358,-0.000824,455.557938
0.202220,0.087976,-0.011581,417.681693
0.522959,0.042091,-0.058379,336.420332
0.901473,0.052346,-0.150710,235.513970
0.897605,0.051631,-0.149554,236.573673
0.915139,0.083038,-0.154828,231.763821
0.406233,0.005268,-0.038093,366.434438
0.856620,0.069725,-0.137589,247.764561
0.699849,0.042306,-0.096388,289.957543
0.443976,0.004557,-0.044240,356.785420
0.415730,0.041428,-0.039603,364.010440
0.066697,0.067067,-0.000163,450.891307
0.763454,0.049817,-0.112239,272.955890
0.053613,0.021323,0.000680,454.063685
0.090545,0.029483,-0.001817,445.096441
0.955743,0.027401,-0.167395,220.581936
0.315740,0.022465,-0.024940,389.354375
0.433974,0.009278,-0.042573,359.347635
0.642075,0.037409,-0.082998,305.264648
0.073620,0.025518,-0.000628,449.212091
0.401861,0.030367,-0.037406,367.547974
0.149847,0.076146,-0.006586,430.594277
0.327064,0.061467,-0.026463,386.501532
0.870274,0.093629,-0.141520,244.042921
0.572000,0.071446,-0.068032,323.657563
0.437757,0.080937,-0.043200,358.376736
0.561629,0.051383,-0.065934,326.364617
0.314981,0.020363,-0.024839,389.545427
0.181753,0.044994,-0.009542,422.740858
-0.000000,0.100000,-0.000000,466.949003
0.149945,0.064786,-0.006595,430.570563
0.275181,0.026377,-0.019768,399.529759
0.012201,0.069492,0.003049,464.058825
0.477589,0.093501,-0.050046,348.144988
0.160118,0.070607,-0.007508,428.069927
0.741354,0.027158,-0.106598,278.881754
0.376816,0.045288,-0.033572,373.917213
0.525569,0.025737,-0.058876,335.744019
0.676781,0.075997,-0.090927,296.083784
0.076299,0.003695,-0.000811,448.561958
0.000889,0.062290,0.001541,466.754689
0.825108,0.029988,-0.128728,256.324949
0.857850,0.004141,-0.137940,247.431886
0.223157,0.029099,-0.013784,412.493903
0.703166,0.028158,-0.097185,289.075262
0.355847,0.040707,-0.030494,379.232584
0.502920,0.050552,-0.054628,341.608869
0.443975,0.034716,-0.044240,356.784836
0.157971,0.067639,-0.007313,428.598058
0.087306,0.063362,-0.001583,445.883966
0.202181,0.078376,-0.011577,417.691747
0.354371,0.032931,-0.030281,379.606433
0.290269,0.055083,-0.021639,395.750730
0.310828,0.099069,-0.022918,390.632288
0.397593,0.082490,-0.036740,368.633658
0.565819,0.075201,-0.066778,325.270896
0.790197,0.098388,-0.120805,265.654634
0.796381,0.061036,-0.120907,264.091887
0.415795,0.090230,-0.039613,363.992509
0.642603,0.031380,-0.083117,305.125376
0.015150,0.013729,0.002894,463.350678
0.713677,0.082597,-0.099735,286.273452
0.705077,0.041204,-0.097646,288.566214
0.764819,0.079576,-0.112592,272.588482
0.593958,0.068624,-0.072572,317.914091
0.952712,0.068379,-0.166440,221.417738
0.640320,0.029807,-0.082607,305.727763
0.190916,0.017545,-0.010441,420.479014
0.766685,0.088061,-0.113076,272.086856
0.563459,0.081282,-0.066302,325.886508
0.336320,0.053099,-0.027735,384.167475
0.691808,0.009272,-0.094467,292.096811
0.366059,0.088495,-0.031977,376.644706
0.181746,0.054461,-0.009541,422.742146
0.964886,0.050744,-0.170294,218.053516
0.413129,0.058069,-0.039186,364.673866
0.438955,0.067369,-0.043400,358.070219
0.818263,0.059470,-0.126842,258.177895
0.000317,0.087209,0.000549,466.879769
0.307279,0.043076,-0.023824,391.481518
0.248823,0.021405,-0.016645,406.110463
0.670697,0.099626,-0.091306,297.590953
0.265918,0.011992,-0.018649,401.845755
0.662121,0.090450,-0.087536,299.966530
0.556253,0.049089,-0.064859,327.765942
0.514360,0.086837,-0.056756,338.647436
0.042851,0.004300,0.001339,456.667923
0.306878,0.034923,-0.023772,391.582484
0.612473,0.061932,-0.076507,313.056989
0.384905,0.060896,-0.034791,371.862031
0.485718,0.023424,-0.051497,346.051794
0.085288,0.031092,-0.001439,446.375805
0.351993,0.093697,-0.029941,380.206316
0.899944,0.065203,-0.150253,235.932479
0.267544,0.071659,-0.018843,401.437813
0.949667,0.086193,-0.165483,222.258069
0.307881,0.051477,-0.023903,391.330064
0.715068,0.040383,-0.100074,285.904083
0.173558,0.035857,-0.008757,424.762005
0.143598,0.093532,-0.006039,432.127694
0.147885,0.084184,-0.006413,431.075776
0.316843,0.000970,-0.023736,389.122075
0.401215,0.057808,-0.037304,367.711820
0.641940,0.010958,-0.082968,305.301079
0.068084,0.048058,-0.000255,450.555300
0.422398,0.053674,-0.040678,362.306879
0.240073,0.038234,-0.015649,408.289109
0.594510,0.019849,-0.072688,317.770842
0.295496,0.029105,-0.022303,394.440715
0.803539,0.021689,-0.122832,262.160524
0.363494,0.043938,-0.031602,377.295990
0.263572,0.092419,-0.018369,402.429373
0.778905,0.078432,-0.116267,268.801066
0.337454,0.013887,-0.027892,383.882279
0.193870,0.005856,-0.010736,419.749287
0.076532,0.086873,-0.000826,448.503058
0.022684,0.077688,0.002492,461.534084
0.401716,0.021515,-0.037383,367.585197
0.319256,0.068896,-0.025409,388.468251
0.230587,0.088581,-0.014593,410.646597
0.150749,0.084423,-0.006666,430.372460
0.329294,0.054108,-0.026768,385.939662
0.667266,0.003698,-0.088719,298.607232
0.173602,0.080129,-0.008761,424.749846
0.642046,0.083409,-0.082992,305.270674
0.416135,0.036575,-0.039667,363.907353
0.453372,0.080608,-0.045832,354.372770
0.416771,0.010816,-0.039770,363.745580
0.407815,0.050096,-0.038342,366.029873
0.315596,0.009341,-0.024921,389.391113
0.068889,0.038446,-0.000309,450.360279
0.291145,0.048992,-0.021750,395.531193
0.051036,0.014906,0.000840,454.687714
0.359775,0.000405,-0.029938,378.279725
0.319276,0.051176,-0.025412,388.463566
0.020440,0.011069,0.002613,462.076507
0.087643,0.045149,-0.001607,445.802396
0.409949,0.080705,-0.038680,365.484603
0.512542,0.043545,-0.056415,339.119495
0.079366,0.021443,-0.001023,447.816273
0.000897,0.011146,0.001554,466.754473
0.000159,0.049298,0.000275,466.915523
0.108792,0.095377,-0.003184,440.646147
0.380014,0.004298,-0.034052,373.106428
0.227328,0.004559,-0.014237,411.458859
0.310551,0.041568,-0.024253,390.659217
0.161939,0.015479,-0.007675,427.623562
0.394235,0.071827,-0.036220,369.488736
0.961665,0.017947,-0.169269,218.945516
0.799534,0.063203,-0.121753,263.240733
0.236471,0.063064,-0.015245,409.184570
0.151769,0.012906,-0.006757,430.124019
0.732597,0.057749,-0.104403,281.223464
0.339085,0.099911,-0.026869,383.511311
0.506773,0.074662,-0.055341,340.611580
0.981627,0.034445,-0.173502,213.592862
0.640373,0.010365,-0.082618,305.714373
0.055693,0.064428,0.000549,453.558697
0.627207,0.078629,-0.079707,309.181767
0.204289,0.029899,-0.011794,417.171211
0.290901,0.009751,-0.021720,395.593591
0.046127,0.045060,0.001142,455.874702
0.497891,0.047702,-0.053704,342.908740
0.689038,0.069185,-0.093810,292.830974
0.278593,0.055202,-0.020185,398.675340
0.922497,0.088481,-0.157068,229.742082
0.831209,0.010540,-0.130420,254.671442
0.337309,0.001637,-0.026613,383.962561
0.659190,0.062480,-0.086866,300.742713
0.325900,0.007966,-0.026305,386.796656
0.841515,0.057388,-0.133305,251.872654
0.831697,0.005015,-0.130556,254.539288
0.932089,0.029033,-0.160013,227.105210
0.430927,0.028652,-0.042070,360.126859
0.725363,0.021410,-0.102606,283.157258
0.661424,0.053731,-0.087376,300.152107
0.153531,0.010950,-0.006914,429.691041
0.571573,0.078278,-0.067945,323.768787
0.173755,0.063209,-0.008775,424.712699
0.400088,0.070824,-0.037128,367.998443
0.284618,0.016507,-0.020931,397.167877
0.285344,0.028454,-0.021022,396.985684
0.302420,0.029627,-0.023192,392.702669
-0.000196,0.050332,-0.000340,466.993509
0.887973,0.066538,-0.146697,239.209344
0.676187,0.028715,-0.090789,296.242727
0.311154,0.000758,-0.022962,390.553359
0.982479,0.026458,-0.172036,213.498419
0.866841,0.083876,-0.140526,244.979624
0.858305,0.000605,-0.138586,247.270729
0.333076,0.017486,-0.027287,384.986927
0.278830,0.079201,-0.020214,398.615283
0.037093,0.064935,0.001680,458.057676
0.150472,0.044618,-0.006642,430.441727
0.022587,0.028059,0.002497,461.558704
0.571087,0.061595,-0.067846,323.896359
0.064438,0.083576,-0.000014,451.438770
0.138630,0.057060,-0.005612,433.347428
0.126247,0.047224,-0.004576,436.381137
0.693391,0.088098,-0.094844,291.673522
0.809322,0.016880,-0.124399,260.598072
0.082533,0.008437,-0.001245,447.046651
0.954526,0.057844,-0.167011,220.917218
0.166600,0.036452,-0.008104,426.475796
0.155275,0.096322,-0.007070,429.260005
0.213385,0.044733,-0.012741,414.917563
0.744342,0.062395,-0.107353,278.080825
0.801030,0.077696,-0.122156,262.836382
0.697160,0.052939,-0.095743,290.672531
0.147397,0.025209,-0.006371,431.197202
0.386953,0.083149,-0.035103,371.340757
0.259243,0.079326,-0.017856,403.510504
0.859358,0.026056,-0.138372,247.020399
0.274199,0.061111,-0.019648,399.774356
0.094986,0.076743,-0.002141,444.013540
0.680355,0.006472,-0.091763,295.138002
0.168860,0.085605,-0.008314,425.918036
0.371037,0.066042,-0.032711,375.383137
0.387405,0.003851,-0.035172,371.228270
0.298127,0.098694,-0.021234,393.822738
0.941476,0.029418,-0.162922,224.519213
0.324563,0.055106,-0.026124,387.132144
0.334790,0.053972,-0.027523,384.553544
0.541387,0.050647,-0.061927,331.635222
0.872647,0.090551,-0.142208,243.395579
0.721126,0.059495,-0.101560,284.287209
-0.000671,0.072684,-0.001163,467.097328
0.133303,0.000496,-0.004962,434.658608
0.836695,0.056269,-0.131952,253.181359
0.154934,0.015918,-0.007040,429.346076
0.880001,0.013680,-0.144353,241.390292
0.780459,0.044635,-0.116675,268.383826
0.228676,0.055878,-0.014384,411.122451
0.450506,0.006722,-0.045344,355.110689
0.200512,0.061011,-0.011407,418.105087
0.571035,0.053448,-0.067835,323.909987
0.809177,0.008599,-0.124360,260.637410
0.879788,0.099697,-0.144307,241.444467
0.394848,0.091009,-0.036314,369.332154
0.127904,0.008559,-0.004713,435.976663
0.265113,0.077762,-0.018552,402.044927
0.676798,0.095720,-0.090932,296.078526
0.218261,0.028704,-0.013258,413.708883
0.039801,0.053814,0.001521,457.403739
0.884700,0.030659,-0.145732,240.105579
0.107168,0.058117,-0.003059,441.043617
0.085718,0.044264,-0.001470,446.270869
0.353858,0.053230,-0.030208,379.735533
0.689530,0.094046,-0.093927,292.699438
0.885292,0.064188,-0.145907,239.942631
0.036196,0.093917,0.001732,458.273550
0.137519,0.070675,-0.005517,433.619464
0.727980,0.008459,-0.103254,282.458826
0.711518,0.068558,-0.099208,286.849578
0.069740,0.098558,-0.001591,450.132035
0.270567,0.062933,-0.019207,400.682483
0.494471,0.068417,-0.053080,343.791531
0.447104,0.055510,-0.044767,355.981883
0.540615,0.018635,-0.061777,331.836934
0.798287,0.038695,-0.121418,263.578178
0.465454,0.040943,-0.047914,351.269796
0.579892,0.046449,-0.069648,321.596128
0.019929,0.056147,0.002641,462.198345
0.211880,0.038977,-0.012583,415.290837
0.164466,0.095224,-0.007906,426.999525
0.480014,0.088681,-0.050477,347.520277
0.325929,0.060284,-0.026309,386.787717
0.396148,0.028135,-0.036516,369.003210
0.355557,0.003917,-0.030452,379.307127
0.278153,0.062020,-0.020131,398.785161
0.656035,0.064040,-0.086146,301.577011
0.395462,0.027401,-0.036410,369.177934
0.268226,0.076661,-0.018925,401.267325
0.897951,0.007920,-0.149657,236.480281
0.687687,0.064600,-0.093490,293.189821
0.240768,0.040157,-0.015728,408.116035
0.951752,0.016845,-0.166137,221.684473
0.128624,0.098461,-0.004658,435.800151
0.109983,0.043158,-0.003277,440.356859
0.607777,0.077201,-0.075500,314.289685
0.513024,0.024389,-0.056505,338.995268
0.625450,0.001152,-0.080842,309.563025
0.363721,0.033034,-0.031635,377.238930
0.979425,0.065130,-0.174957,214.026619
0.192764,0.060488,-0.010625,420.021303
0.454677,0.066068,-0.046055,354.038258
0.749881,0.016861,-0.108758,276.598145
0.155324,0.073725,-0.007074,429.248604
0.676681,0.096370,-0.090904,296.109515
0.212203,0.078857,-0.012616,415.209487
0.356359,0.058014,-0.030567,379.102635
0.419089,0.093435,-0.040142,363.151070
0.735730,0.094187,-0.105186,280.384404
0.461317,0.033407,-0.047197,352.333717
0.568078,0.007885,-0.067235,324.683349
0.799763,0.005028,-0.121814,263.180839
0.123407,0.029602,-0.004344,437.076456
0.621690,0.085444,-0.078502,310.633170
0.110914,0.038697,-0.003349,440.129670
0.310553,0.001169,-0.022881,390.704484
0.366603,0.001385,-0.030983,376.548678
0.251750,0.098996,-0.015592,405.418282
0.573147,0.000992,-0.069317,323.306374
0.588550,0.000621,-0.072644,319.269571
0.466348,0.094752,-0.048070,351.038411
0.240360,0.042387,-0.015682,408.217489
0.739166,0.085430,-0.106048,279.465435
0.337944,0.016025,-0.027960,383.758730
0.675901,0.049539,-0.090722,296.317856
0.905533,0.070446,-0.151927,234.400191
0.460040,0.073461,-0.046976,352.660562
0.230876,0.040926,-0.014625,410.576288
0.367478,0.009338,-0.032186,376.287368
0.134776,0.074910,-0.005285,434.291442
0.027855,0.030774,0.002207,460.288461
0.015621,0.045256,0.002870,463.236278
0.290280,0.001596,-0.020223,395.793562
0.968008,0.016263,-0.171289,217.190895
0.220731,0.094706,-0.013522,413.094011
0.867033,0.055064,-0.140581,244.928144
0.593914,0.066106,-0.072563,317.925458
0.568771,0.012562,-0.067375,324.502433
0.320707,0.098907,-0.024268,388.146455
0.006577,0.069219,0.003335,465.411703
0.413713,0.088611,-0.039280,364.523880
0.423911,0.099096,-0.040349,361.942004
0.265231,0.031628,-0.018567,402.016889
0.339806,0.030069,-0.028220,383.288161
0.328176,0.066688,-0.026615,386.221107
0.866952,0.001226,-0.140883,244.928097
0.306271,0.054253,-0.023692,391.734440
0.598188,0.075095,-0.073463,316.805275
0.660819,0.017901,-0.087238,300.313207
0.847152,0.079802,-0.134896,250.340031
0.636563,0.019997,-0.081771,306.718773
0.035422,0.001144,-0.000513,458.431242
0.925905,0.074018,-0.158111,228.805346
0.000909,0.014257,0.001575,466.751699
0.563895,0.044892,-0.066390,325.773780
0.427467,0.008563,-0.041503,361.012462
0.409339,0.020647,-0.038584,365.641890
0.194327,0.001580,-0.009748,419.661885
0.957498,0.048914,-0.167949,220.096496
0.825879,0.060738,-0.128941,256.114903
0.389106,0.046689,-0.035431,370.794417
0.903293,0.058434,-0.151255,235.014904
0.591745,0.073784,-0.072109,318.493481
0.735959,0.074151,-0.105243,280.323863
0.586793,0.022860,-0.071076,319.791599
0.000807,0.054824,0.001398,466.773038
0.303598,0.034738,-0.023345,392.406701
0.403231,0.095607,-0.037620,367.196988
0.484328,0.021271,-0.051248,346.410375
0.716656,0.005671,-0.100462,285.481729
0.477439,0.065199,-0.050020,348.184368
0.048266,0.005009,0.001011,455.358305
0.774487,0.022056,-0.115107,269.991653
0.827472,0.090198,-0.129383,255.682303
0.204559,0.095470,-0.011821,417.102445
0.246141,0.028636,-0.016337,406.778595
0.046263,0.086764,0.001134,455.840622
0.429354,0.086561,-0.041812,360.527322
0.789711,0.075919,-0.119125,265.890341
0.899356,0.041681,-0.150077,236.094372
0.891839,0.095590,-0.147841,238.150774
0.146824,0.057169,-0.006321,431.337067
0.688208,0.072835,-0.093613,293.051135
0.982752,0.053210,-0.171548,213.468795
0.248874,0.083816,-0.016650,406.096061
0.001266,0.063178,0.003598,466.688541
0.178414,0.061054,-0.009220,423.564120
0.393726,0.030627,-0.036141,369.619575
0.184943,0.017830,-0.009853,421.954221
0.672358,0.049539,-0.089898,297.256952
0.210039,0.000430,-0.011219,415.777960
0.811878,0.060338,-0.125096,259.905566
0.983229,0.009150,-0.170771,213.413680
0.732670,0.008647,-0.104421,281.205336
0.942529,0.043145,-0.163250,224.228523
0.676981,0.039921,-0.090974,296.031893
0.755540,0.095947,-0.110203,275.078482
0.013735,0.084882,0.002969,463.689160
0.647975,0.027717,-0.084322,303.707529
0.204538,0.090538,-0.011819,417.107860
0.561406,0.031858,-0.065890,326.423239
0.184384,0.080602,-0.009797,422.090439
0.970149,0.022004,-0.171974,216.598057
0.667931,0.035332,-0.088873,298.430231
0.426381,0.038285,-0.041326,361.289233
0.588240,0.061568,-0.071377,319.411693
0.406610,0.012000,-0.038152,366.338324
0.776731,0.058231,-0.115696,269.386700
0.982969,0.003275,-0.171230,213.441748
0.337964,0.049914,-0.027963,383.752695
0.038792,0.016330,0.001580,457.648684
0.289562,0.061918,-0.021550,395.927879
0.087446,0.030130,-0.001594,445.850754
0.182632,0.057948,-0.009627,422.523406
0.235825,0.001200,-0.013843,409.383254
0.798755,0.042582,-0.121544,263.451686
0.018065,0.064415,0.002741,462.647140
0.440488,0.069998,-0.043656,357.677411
0.107680,0.022462,-0.003099,440.919856
0.749809,0.077711,-0.108740,276.615581
0.536017,0.039313,-0.060884,333.031272
0.421591,0.083449,-0.040547,362.512217
0.730751,0.027132,-0.103942,281.717817
-0.000673,0.027270,-0.001166,467.099003
0.591487,0.073571,-0.072055,318.561013
0.580902,0.056676,-0.069856,321.331700
0.053860,0.077964,0.000665,454.002300
0.971598,0.001534,-0.169207,216.457393
0.326209,0.065153,-0.026347,386.717111
0.221773,0.094170,-0.013634,412.835386
0.452809,0.082326,-0.045736,354.517243
0.278163,0.012766,-0.020133,398.784279
0.703002,0.036904,-0.097146,289.118657
0.983130,0.019814,-0.170919,213.425978
0.669044,0.075683,-0.089130,298.134026
0.034094,0.089355,0.001854,458.781158
0.291340,0.057844,-0.021775,395.482040
0.857302,0.036800,-0.137783,247.580060
0.221060,0.031414,-0.013558,413.014274
0.563367,0.064225,-0.066284,325.911035
0.181388,0.029538,-0.009507,422.831361
0.373052,0.091409,-0.033010,374.871313
0.314271,0.059912,-0.024745,389.722893
0.825935,0.062585,-0.128957,256.099600
0.815595,0.068533,-0.126111,258.899788
0.894838,0.055007,-0.148731,237.331248
0.451541,0.003694,-0.045520,354.845234
0.081668,0.059974,-0.001183,447.255443
0.211163,0.087914,-0.012507,415.467022
0.867354,0.083676,-0.140674,244.839675
0.746833,0.028990,-0.107983,277.414583
0.083110,0.076151,-0.001285,446.904419
0.197398,0.042191,-0.011091,418.876144
0.798192,0.051394,-0.121392,263.603535
0.767019,0.016342,-0.113161,271.999479
0.616375,0.066437,-0.077348,312.031407
0.208440,0.000341,-0.011065,416.173760
0.552247,0.048607,-0.064063,328.809586
0.332480,0.019331,-0.027205,385.137335
0.918860,0.055619,-0.155958,230.742783
0.111239,0.038790,-0.003375,440.050492
0.847041,0.051426,-0.134864,250.371025
0.331705,0.046251,-0.027098,385.331853
-0.000105,0.047745,-0.000183,466.973664
0.229247,0.053604,-0.014446,410.980607
0.875105,0.046101,-0.142923,242.726168
0.018384,0.049682,0.002724,462.570909
0.034683,0.088115,0.001820,458.639096
0.182255,0.030267,-0.009591,422.617314
0.333323,0.039489,-0.027321,384.924138
0.198365,0.016704,-0.011189,418.637649
0.509364,0.039317,-0.055822,339.942416
0.840635,0.044190,-0.133057,252.112000
0.069629,0.016889,-0.000359,450.181321
0.983023,0.060170,-0.171082,213.438533
0.124112,0.019368,-0.004402,436.904254
0.561591,0.006405,-0.065927,326.375783
0.889258,0.036724,-0.147076,238.858959
0.042925,0.027222,0.001335,456.649463
0.580787,0.010842,-0.069832,321.363153
0.942089,0.011403,-0.163112,224.350941
0.288005,0.073499,-0.021354,396.317687
0.399148,0.005987,-0.036982,368.239918
0.758136,0.006039,-0.110868,274.384904
0.116310,0.089961,-0.003773,438.810167
0.321608,0.020326,-0.025725,387.877294
0.712633,0.039876,-0.099480,286.553116
0.038987,0.018760,0.001568,457.601385
0.468847,0.068401,-0.048506,350.396210
0.193639,0.083389,-0.010712,419.804164
0.260508,0.083572,-0.018006,403.194519
0.262512,0.099420,-0.016829,402.735180
0.561544,0.008400,-0.065917,326.388190
0.423286,0.048662,-0.040822,362.080017
0.438331,0.095133,-0.043296,358.229303
0.497913,0.073920,-0.053708,342.902367
0.916771,0.084870,-0.155323,231.315691
0.101084,0.030264,-0.002596,442.528654
0.821996,0.014532,-0.127869,257.168329
0.192213,0.078745,-0.010570,420.156871
-0.000373,0.015003,-0.000647,467.033462
0.644689,0.083687,-0.083584,304.573205
0.479654,0.039815,-0.050413,347.614603
0.566774,0.060196,-0.066971,325.022094
0.591772,0.099518,-0.073347,318.420846
0.352075,0.024204,-0.029953,380.187632
0.010487,0.044420,0.003137,464.472016
0.024723,0.055674,0.002381,461.043169
0.812830,0.067605,-0.125356,259.647630
0.231924,0.042341,-0.014741,410.315723
0.332719,0.086361,-0.027237,385.075137
0.204505,0.052496,-0.011816,417.117276
0.148580,0.052613,-0.006475,430.906045
0.954439,0.040155,-0.166983,220.941829
0.755394,0.034831,-0.110165,275.119612
0.620653,0.057102,-0.078276,310.906759
0.739518,0.095416,-0.106137,279.371085
0.116817,0.095663,-0.003813,438.686026
0.076127,0.066909,-0.000799,448.602018
0.749320,0.013730,-0.108615,276.748696
0.622928,0.070462,-0.078771,310.308094
0.421428,0.054087,-0.040520,362.554820
0.478993,0.043792,-0.050295,347.784744
0.222019,0.065783,-0.013661,412.775155
0.247992,0.057689,-0.016549,406.316614
0.200641,0.068984,-0.011420,418.072917
0.898381,0.075678,-0.149786,236.360247
0.452883,0.035300,-0.045748,354.499664
0.962524,0.091489,-0.169543,218.705584
0.114475,0.095962,-0.003628,439.258278
0.548904,0.028113,-0.063402,329.680446
0.383395,0.066032,-0.034562,372.245659
0.585635,0.013760,-0.070835,320.094798
0.481601,0.025408,-0.050760,347.113314
0.381554,0.088891,-0.034284,372.712748
0.715129,0.028616,-0.100089,285.888001
0.216668,0.001570,-0.011869,414.136477
0.946076,0.067228,-0.164358,223.249384
0.755734,0.024442,-0.110252,275.028765
0.502517,0.073632,-0.054554,341.712237
0.446131,0.037303,-0.044603,356.232036
0.508301,0.013987,-0.055624,340.218041
0.027173,0.017407,0.002244,460.453427
0.497547,0.004721,-0.053641,342.998825
0.881569,0.012803,-0.144812,240.961799
0.470479,0.025702,-0.048792,349.977575
0.038811,0.050661,0.001579,457.643077
0.596372,0.089458,-0.073080,317.280717
0.408714,0.054920,-0.038484,365.800516
0.055792,0.026442,0.000543,453.535809
0.913140,0.015979,-0.154221,232.314820
0.128093,0.095693,-0.004727,435.927958
0.324018,0.089961,-0.026050,387.268316
0.628170,0.065332,-0.079918,308.928608
0.757855,0.088180,-0.110797,274.457680
0.087124,0.066066,-0.001570,445.928191
0.892285,0.045119,-0.147973,238.030437
0.049131,0.027898,0.000958,455.148341
0.323058,0.033733,-0.025921,387.511867
0.467440,0.032962,-0.048260,350.759305
0.484493,0.053002,-0.051277,346.366669
0.982134,0.043508,-0.172619,213.537198
0.054388,0.099455,-0.001041,453.848549
0.980215,0.066072,-0.175212,213.807511
0.003520,0.054669,0.003487,466.147147
0.402602,0.085026,-0.037521,367.357595
0.744564,0.058293,-0.107409,278.021385
0.669028,0.029800,-0.089126,298.139824
0.569782,0.075028,-0.067581,324.236657
0.355839,0.024377,-0.030492,379.235104
0.598521,0.053422,-0.073533,316.718483
0.754480,0.000733,-0.111735,275.249605
0.446764,0.038618,-0.044710,356.069701
0.086863,0.065654,-0.001551,445.991707
0.066776,0.072509,-0.000168,450.872019
0.210678,0.020032,-0.012457,415.589080
0.867123,0.013340,-0.140607,244.904806
0.944935,0.054729,-0.164001,223.564713
0.601005,0.047089,-0.074058,316.067491
0.982135,0.022564,-0.172638,213.536034
0.585971,0.087033,-0.070905,320.004841
0.797186,0.096075,-0.121123,263.873650
0.698943,0.046652,-0.096170,290.198509
0.833604,0.069251,-0.131088,254.019806
0.269069,0.023462,-0.019027,401.058054
0.444603,0.011295,-0.044346,356.624653
0.791612,0.067530,-0.119631,265.378164
0.253416,0.029371,-0.017175,404.965551
0.531599,0.058249,-0.060031,334.178069
0.760252,0.072437,-0.111413,273.814771
0.093715,0.085820,-0.002048,444.322960
0.268117,0.061241,-0.018912,401.294809
0.663753,0.073614,-0.087911,299.534964
0.894413,0.088167,-0.148605,237.446511
0.315697,0.001242,-0.023579,389.410549
0.910923,0.000023,-0.152677,232.990223
0.215292,0.094661,-0.012942,414.443223
0.671014,0.052188,-0.089586,297.612928
0.756204,0.051210,-0.110373,274.901846
0.286358,0.096294,-0.021148,396.729808
0.173863,0.013879,-0.008786,424.687412
0.454070,0.064923,-0.045951,354.194165
0.455106,0.029794,-0.046128,353.929183
0.822264,0.060248,-0.127943,257.094345
0.403629,0.054368,-0.037683,367.096917
0.940421,0.017062,-0.162593,224.810528
0.139468,0.043675,-0.005684,433.142290
0.736758,0.074217,-0.105444,280.110031
0.981682,0.090118,-0.173447,213.581840
0.412769,0.034604,-0.039129,364.766470
0.697853,0.086395,-0.095909,290.487326
0.679145,0.035410,-0.091480,295.458048
0.542670,0.008122,-0.062178,331.302933
0.555295,0.008572,-0.064668,328.016788
0.207850,0.001435,-0.011008,416.319768
0.000082,0.003290,0.000141,466.933817
0.400922,0.025815,-0.037259,367.787363
0.146298,0.027142,-0.006275,431.467062
0.022379,0.045947,0.002509,461.608465
-0.000378,0.028076,-0.000654,467.034069
0.981866,0.064736,-0.173088,213.565644
0.898874,0.066648,-0.149933,236.225653
0.943710,0.033275,-0.163618,223.903265
0.185306,0.027808,-0.009888,421.864266
0.712037,0.098713,-0.101227,286.594157
0.936108,0.021458,-0.161255,225.998882
0.139640,0.012794,-0.005699,433.100918
0.631267,0.071220,-0.080600,308.112789
0.407328,0.075661,-0.038265,366.153210
0.162907,0.088222,-0.007763,427.383236
0.308236,0.093944,-0.023949,391.239635
0.338456,0.066864,-0.028032,383.627784
0.480237,0.031685,-0.050517,347.464687
0.630921,0.086433,-0.080523,308.203395
0.000648,0.046903,0.001122,466.808245
0.064098,0.028799,0.000008,451.522890
0.774503,0.013187,-0.115112,269.987432
0.602894,0.078507,-0.074459,315.570958
0.662038,0.076090,-0.087517,299.988798
0.009117,0.089539,0.003207,464.800216
0.571527,0.004634,-0.067935,323.783091
0.911637,0.093190,-0.153767,232.724965
0.674809,0.050488,-0.090468,296.607332
0.016756,0.084072,0.002811,462.961935
0.976342,0.008480,-0.173962,214.883037
0.426640,0.089460,-0.041368,361.221411
0.138066,0.001059,-0.005283,433.493158
0.860424,0.047013,-0.138678,246.729383
0.447333,0.081489,-0.044806,355.922410
0.456492,0.087306,-0.046366,353.571657
0.783619,0.056012,-0.117509,267.532549
0.116810,0.046263,-0.003814,438.689194
0.270381,0.043580,-0.019185,400.729603
0.203822,0.076022,-0.011745,417.285543
0.147499,0.069257,-0.006380,431.170990
0.982420,-0.000004,-0.172179,213.502526
0.241395,0.039048,-0.015798,407.960072
0.697770,0.059168,-0.095890,290.510078
0.500208,0.093938,-0.054129,342.308536
0.582050,0.013649,-0.070093,321.032735
0.283604,0.067819,-0.020805,397.420314
0.010610,0.022808,0.003130,464.443080
0.752465,0.029887,-0.109416,275.905185
0.507601,0.009034,-0.055494,340.399488
0.494911,0.094452,-0.053160,343.677127
0.145664,0.006300,-0.006220,431.623202
0.297166,0.037633,-0.022516,394.021444
0.219805,0.092135,-0.013423,413.323803
0.002487,0.023922,0.003538,466.396051
0.778072,0.008921,-0.116047,269.027382
0.163044,0.004256,-0.007776,427.351981
0.175289,0.025457,-0.008921,424.335586
0.183294,0.084301,-0.009691,422.359345
0.407356,0.050889,-0.038270,366.146948
0.048455,0.051778,0.001000,455.311324
0.754062,0.016025,-0.109824,275.477312
0.349985,0.047765,-0.029654,380.715486
0.696971,0.041659,-0.095698,290.723225
0.208156,0.070488,-0.012193,416.212644
0.306385,0.032373,-0.023707,391.706605
0.239410,0.076774,-0.015574,408.452773
0.356472,0.073321,-0.030583,379.073402
0.664231,0.063542,-0.088021,299.408765
0.717216,0.016250,-0.100600,285.331831
0.357613,0.065517,-0.030748,378.784970
0.427945,0.026701,-0.041581,360.889582
0.582034,0.054427,-0.070090,321.035612
0.889511,0.029548,-0.147151,238.789983
0.269737,0.039697,-0.019107,400.890801
0.711252,0.067726,-0.099144,286.920332
0.942350,0.094552,-0.163195,224.276326
0.077886,0.091373,-0.000919,448.173860
0.074971,0.048259,-0.000720,448.883218
0.800607,0.059744,-0.122042,262.951374
0.274863,0.028801,-0.019729,399.609307
0.188494,0.029250,-0.010201,421.077091
0.000088,0.097555,0.000153,466.929725
-0.000715,0.009681,-0.001238,467.108691
0.258974,0.041139,-0.017825,403.578705
0.861477,0.006094,-0.138980,246.443972
0.611615,0.000550,-0.077732,313.208174
0.379450,0.010433,-0.033967,373.249548
0.107899,0.095334,-0.003115,440.864123
0.067317,0.048375,-0.000204,450.741303
0.394819,0.091195,-0.036310,369.339504
0.954668,0.010595,-0.167055,220.879472
0.490357,0.005264,-0.052333,344.855415
0.212476,0.064125,-0.012645,415.142168
0.615558,0.033581,-0.077172,312.247078
0.354690,0.035663,-0.030327,379.525653
0.982042,0.090961,-0.172827,213.541997
0.129654,0.080178,-0.004857,435.546190
0.534111,0.090861,-0.060515,333.524775
0.752062,0.073478,-0.109314,276.011783
0.363659,0.000135,-0.030530,377.295324
0.683069,0.042425,-0.092401,294.416646
0.131855,0.094844,-0.005040,435.006679
0.276591,0.020055,-0.019940,399.177285
0.546861,0.027493,-0.063000,330.212101
0.715996,0.010750,-0.100301,285.657579
0.055719,0.021173,0.000547,453.553852
0.152555,0.080010,-0.006826,429.928809
0.010718,0.073225,0.003125,464.415710
0.695417,0.082786,-0.095327,291.135072
0.284111,0.067379,-0.020868,397.293546
0.328237,0.006835,-0.026624,386.207634
0.595387,0.055605,-0.072873,317.539925
0.268048,0.090888,-0.018903,401.311271
0.066356,0.076370,-0.000140,450.973662
0.209246,0.077110,-0.012307,415.942353
0.593347,0.052180,-0.072444,318.074452
0.102548,0.099170,-0.003118,442.162182
-0.000000,0.100000,-0.000000,466.949003
0.201600,0.076816,-0.011517,417.835470
0.274457,0.081382,-0.019679,399.709244
0.195069,0.015001,-0.010856,419.452786
0.638847,0.047817,-0.082279,306.115696
0.135834,0.083955,-0.005374,434.032004
0.122555,0.085261,-0.004274,437.283375
0.059317,0.040640,0.000318,452.681362
0.964187,0.036654,-0.170071,218.247540
0.896591,0.000260,-0.148813,236.885903
0.405304,0.063254,-0.037946,366.669730
0.185671,0.071758,-0.009923,421.773009
0.572366,0.043112,-0.068106,323.562770
0.530195,0.043880,-0.059761,334.542982
0.756652,0.033462,-0.110487,274.782134
0.039570,0.019768,0.001534,457.460473
0.529147,0.088697,-0.059560,334.813624
0.325721,0.054756,-0.026281,386.840247
0.012606,0.074161,0.003028,463.961376
-0.000344,0.041587,-0.000596,467.026293
-0.000798,0.089987,-0.001383,467.124800
0.610672,0.093229,-0.076120,313.529069
0.365713,0.069386,-0.031927,376.733088
0.034459,0.014738,0.001832,458.695190
0.726956,0.040005,-0.103000,282.731249
0.000411,0.039870,0.000711,466.860474
0.972603,0.014692,-0.172760,215.918605
0.137493,0.072300,-0.005515,433.625704
0.093980,0.028396,-0.002068,444.260136
0.130684,0.082983,-0.004942,435.293717
0.606630,0.039186,-0.075255,314.591922
0.709422,0.057460,-0.098699,287.408414
0.978082,0.043837,-0.174523,214.399808
0.262611,0.007729,-0.018255,402.671754
0.568827,0.055127,-0.067387,324.486406
0.502633,0.022615,-0.054575,341.683889
0.155280,0.093279,-0.007070,429.259003
0.145975,0.054866,-0.006246,431.545410
0.018211,0.071719,0.002733,462.611768
0.204976,0.073086,-0.011864,417.000082
0.650078,0.013811,-0.084796,303.152637
0.400004,0.019515,-0.037115,368.021601
0.959719,0.045781,-0.168653,219.482590
0.648963,0.009916,-0.084545,303.447094
0.067529,0.047924,-0.000218,450.689886
0.138437,0.049512,-0.005596,433.394925
0.119687,0.028200,-0.004044,437.986324
0.146585,0.075562,-0.006299,431.395109
0.575963,0.058340,-0.068841,322.622787
0.733540,0.085936,-0.104638,280.970279
0.297411,0.068173,-0.022547,393.958910
0.028425,0.048125,0.002175,460.150382
0.469449,0.021888,-0.048612,350.242811
0.442159,0.035044,-0.043935,357.250378
0.303432,0.011273,-0.023323,392.448987
0.047948,0.035480,0.001031,455.434429
0.274431,0.084920,-0.019676,399.715837
0.589332,0.081953,-0.071605,319.125198
0.636508,0.031945,-0.081759,306.732813
0.266733,0.015219,-0.018746,401.642024
0.522378,0.062644,-0.058269,336.570343
0.683302,0.012838,-0.092455,294.355616
0.981904,0.026111,-0.173032,213.561784
0.841129,0.012391,-0.133196,251.978884
0.899970,0.042462,-0.150260,235.926023
0.027050,0.028871,0.002251,460.482717
0.906259,0.040642,-0.152145,234.202082
0.979319,0.011900,-0.174922,214.057736
0.796822,0.076975,-0.121025,263.972408
0.155169,0.021696,-0.007061,429.288277
0.074097,0.014970,-0.000660,449.096559
0.955343,0.082596,-0.167269,220.690833
0.593327,0.000863,-0.073687,318.015652
0.658558,0.092580,-0.086722,300.908780
0.007778,0.014530,0.003274,465.124600
0.067175,0.098373,-0.001492,450.753537
0.021416,0.023807,0.002561,461.841185
0.674301,0.034242,-0.090349,296.742478
0.712898,0.004833,-0.099544,286.483688
0.214477,0.079490,-0.012856,414.645676
0.057333,0.073445,0.000445,453.161259
0.648789,0.083378,-0.084506,303.490810
0.728256,0.079569,-0.103323,282.382713
0.675965,0.075466,-0.090737,296.300139
0.152731,0.072614,-0.006842,429.885797
0.935747,0.022888,-0.161143,226.098107
0.661056,0.015785,-0.087292,300.250464
0.476439,0.042013,-0.049842,348.442683
0.488484,0.000093,-0.052116,345.333540
0.982393,0.003581,-0.172224,213.505455
0.899220,0.046532,-0.150036,236.131283
0.190822,0.032384,-0.010432,420.501796
0.052470,0.041472,0.000751,454.339984
0.739309,0.071623,-0.106084,279.427685
0.042288,0.080729,0.001373,456.801829
0.091172,0.025705,-0.001863,444.944012
0.983089,0.053914,-0.170964,213.431606
0.555429,0.072374,-0.064695,327.979891
0.220500,0.031838,-0.013498,413.153126
0.959604,0.084817,-0.168617,219.513303
0.116634,0.045979,-0.003800,438.732217
0.094700,0.054604,-0.002120,444.083865
0.769874,0.055024,-0.113904,271.230769
0.936577,0.025135,-0.161400,225.869352
0.490369,0.052369,-0.052336,344.851017
0.497949,0.088744,-0.053715,342.892620
0.100053,0.042407,-0.002518,442.779639
0.606698,0.079132,-0.075269,314.572901
0.676871,0.096257,-0.090948,296.059310
0.224476,0.044639,-0.013926,412.165981
0.188061,0.070344,-0.010158,421.182847
0.479546,0.061073,-0.050394,347.641680
0.265880,0.058672,-0.018644,401.853790
0.142993,0.093908,-0.005987,432.276165
0.469814,0.091096,-0.048675,350.146716
0.600096,0.089057,-0.073866,316.304499
0.301025,0.045424,-0.023012,393.052523
0.214498,0.018910,-0.012859,414.642385
0.902892,0.074591,-0.151135,235.124198
0.409037,0.000737,-0.037817,365.747943
0.513365,0.056695,-0.056569,338.906042
0.877793,0.005179,-0.143707,241.993626
0.501834,0.071856,-0.054428,341.888933
0.887020,0.082444,-0.146416,239.469520
0.418529,0.042361,-0.040052,363.295638
0.147642,0.001791,-0.005954,431.147194
0.509351,0.099933,-0.056177,339.927111
0.075311,0.076313,-0.000742,448.799924
0.356497,0.027773,-0.030587,379.068522
0.655198,0.018661,-0.085956,301.799528
0.755060,0.059538,-0.110080,275.208351
0.016097,0.054555,0.002845,463.121549
0.905632,0.018843,-0.151956,234.374769
0.144907,0.010058,-0.006154,431.809009
0.838467,0.050777,-0.132448,252.700476
0.702715,0.017485,-0.097077,289.195579
0.340546,0.043220,-0.028323,383.100785
0.727559,0.072878,-0.103150,282.569129
0.466013,0.076650,-0.048011,351.124919
0.167709,0.089877,-0.008207,426.201198
0.343070,0.034880,-0.028677,382.463668
0.839533,0.028080,-0.132747,252.411780
0.281149,0.099873,-0.019075,398.077661
0.279437,0.022996,-0.020289,398.464978
0.568448,0.013650,-0.067310,324.586732
0.636786,0.063435,-0.081820,306.658649
0.059327,0.005210,0.000317,452.680168
0.608204,0.075267,-0.075591,314.177467
0.579409,0.018292,-0.069549,321.723083
0.427611,0.059725,-0.041527,360.973964
0.377415,0.024283,-0.033661,373.765940
0.372253,0.067424,-0.032891,375.074643
0.037486,0.076107,0.001657,457.962526
0.530324,0.065789,-0.059786,334.508852
0.093460,0.087513,-0.002029,444.385093
0.046396,0.079562,0.001126,455.808629
0.281703,0.099084,-0.019144,397.939113
0.076649,0.081177,-0.000834,448.474826
0.580539,0.042138,-0.069781,321.426929
0.302463,0.067182,-0.023197,392.690702
0.115749,0.013725,-0.003730,438.949390
0.810998,0.063957,-0.124856,260.143393
0.791850,0.070520,-0.119695,265.313781
0.175656,0.028703,-0.008956,424.244944
0.483191,0.068849,-0.051044,346.702054
0.824013,0.046580,-0.128426,256.620923
0.399417,0.015768,-0.037024,368.171151
0.734217,0.042487,-0.104807,280.790633
0.817267,0.077370,-0.126569,258.446785
0.890166,0.017655,-0.147345,238.611060
0.642256,0.001302,-0.084678,305.125755
0.940298,0.053234,-0.162556,224.843237
0.220957,0.018835,-0.013547,413.040088
0.177900,0.091822,-0.009170,423.689807
0.420352,0.028021,-0.040346,362.830429
0.340615,0.083161,-0.028333,383.082274
0.119954,0.070455,-0.004065,437.919954
0.511890,0.093192,-0.056293,339.286956
0.561940,0.053423,-0.065997,326.283434
0.289315,0.037149,-0.021519,395.990309
0.010291,0.036914,0.003147,464.519379
0.201496,0.053176,-0.011507,417.862025
0.185189,0.069018,-0.009876,421.891965
0.385332,0.033235,-0.034856,371.754488
0.021661,0.016628,0.002547,461.782357
0.635468,0.082022,-0.081528,307.005429
0.982420,-0.000004,-0.172179,213.502526
0.574649,0.080171,-0.068572,322.965293
0.732602,0.037903,-0.104404,281.222588
-0.000000,0.100000,-0.000000,466.949003
0.273276,0.049020,-0.019535,400.005551
0.868625,0.030318,-0.141041,244.494690
0.050414,0.087287,0.000880,454.836305
0.399925,0.017596,-0.037103,368.041753
0.420080,0.094837,-0.040302,362.897861
0.212919,0.055317,-0.012692,415.032726
0.410147,0.099339,-0.038004,365.461533
0.679261,0.034337,-0.091507,295.427356
0.299323,0.000610,-0.021390,393.525613
0.431062,0.098303,-0.041590,360.110777
0.705213,0.023560,-0.097679,288.530516
0.449191,0.030820,-0.045121,355.447263
0.426038,0.085014,-0.041270,361.375454
0.495377,0.060623,-0.053245,343.557676
0.284130,0.029564,-0.020871,397.289714
0.637190,0.055470,-0.081910,306.552391
0.527574,0.000146,-0.059821,335.197735
0.113974,0.067704,-0.003589,439.381595
0.055197,0.020499,0.000580,453.680103
0.889083,0.067482,-0.147025,238.905688
0.046481,0.004787,0.001120,455.790239
0.087962,0.040348,-0.001630,445.724889
0.212210,0.079479,-0.012617,415.207869
0.841389,0.059219,-0.133269,251.906806
0.711413,0.066261,-0.099183,286.877570
0.729714,0.029566,-0.103685,281.994849
0.593840,0.075423,-0.072548,317.944628
0.150984,0.098973,-0.006196,430.324875
0.205730,0.000381,-0.010806,416.844079
0.035974,0.043402,0.001745,458.328634
0.181236,0.042002,-0.009492,422.868504
0.013275,0.004389,0.002992,463.802197
0.255051,0.072853,-0.017365,404.556374
0.000317,0.066287,0.000548,466.880412
0.406584,0.072519,-0.038148,366.343010
0.766998,0.086608,-0.113157,272.002762
0.241319,0.010499,-0.015790,407.979660
0.971392,0.082858,-0.172373,216.251783
0.429559,0.094125,-0.041846,360.474669
0.558201,0.045257,-0.065248,327.258545
0.349961,0.063892,-0.029651,380.721003
0.559435,0.087497,-0.065495,326.935419
0.803931,0.005542,-0.122938,262.055386
0.113803,0.041362,-0.003576,439.424018
0.318903,0.087679,-0.025362,388.556609
0.419548,0.008602,-0.040217,363.036518
0.772281,0.007103,-0.114531,270.585185
0.888355,0.000403,-0.146601,239.122586
0.823841,0.057462,-0.128378,256.667216
0.165777,0.008816,-0.008028,426.679296
0.186581,0.009353,-0.010013,421.550184
0.676499,0.016090,-0.090861,296.160295
0.082468,0.014667,-0.001240,447.062166
0.198264,0.000290,-0.010108,418.689532
0.831290,0.056688,-0.130443,254.648045
0.917135,0.083237,-0.155434,231.215613
0.351727,0.056146,-0.029903,380.274579
0.981797,0.069362,-0.173212,213.572743
0.099275,0.062754,-0.002460,442.968788
0.055806,0.050118,0.000542,453.531859
0.963408,0.033701,-0.169823,218.462953
0.370315,0.015687,-0.032605,375.567796
0.842524,0.091788,-0.133589,251.597526
0.196325,0.087628,-0.010982,419.140128
0.130917,0.011166,-0.004962,435.238657
0.033181,0.098612,-0.000461,458.968600
0.242758,0.059701,-0.015952,407.620168
0.000256,0.048003,0.000443,466.894336
0.044262,0.010196,0.001254,456.326602
0.588669,0.062310,-0.071466,319.299327
0.285447,0.099535,-0.019612,397.001602
0.466233,0.068462,-0.048050,351.068742
0.131331,0.020821,-0.004997,435.137170
0.116543,0.093220,-0.003792,438.753083
0.073890,0.023312,-0.000646,449.146577
0.486204,0.017695,-0.051584,345.926604
0.970861,0.088163,-0.172203,216.398752
0.000199,0.078007,0.000345,466.905891
0.773119,0.034190,-0.114750,270.359011
0.158354,0.076876,-0.007348,428.503555
0.500998,0.035646,-0.054274,342.106269
0.633907,0.069485,-0.081183,307.417297
0.455268,0.099715,-0.045908,353.896099
0.158363,0.056240,-0.007349,428.502014
0.584360,0.046983,-0.070571,320.427361
0.127102,0.059233,-0.004646,436.171534
