0.057023,0.398693,-0.055059,546.567965
0.061786,0.576478,-0.057838,808.295190
0.059778,0.505024,-0.056854,797.855877
0.057943,0.437502,-0.055783,725.791125
0.062778,0.611835,-0.058405,813.307990
0.053869,0.290913,-0.053788,658.004297
0.058759,0.457566,-0.055761,472.528998
0.065643,0.713024,-0.059798,805.467976
0.065059,0.691729,-0.059615,786.361305
0.057602,0.411686,-0.056538,307.757538
0.060076,0.513595,-0.057458,733.513913
0.059908,0.508151,-0.056760,756.951875
0.064775,0.678314,-0.059667,684.310722
0.059323,0.489350,-0.056731,809.988581
0.061673,0.567838,-0.058272,664.165910
0.060957,0.544664,-0.057866,729.679115
0.060886,0.535032,-0.058004,517.188703
0.061840,0.575151,-0.057542,717.754681
0.063966,0.645836,-0.059385,570.201129
0.061605,0.568458,-0.057555,764.081066
0.061206,0.556144,-0.057634,812.966672
0.064514,0.655007,-0.058214,290.513622
0.063048,0.619943,-0.058748,767.783383
0.061078,0.551400,-0.057721,804.582730
0.055799,0.364663,-0.055134,810.888774
0.063295,0.630116,-0.058631,813.518997
0.055047,0.336665,-0.054595,773.538404
0.064620,0.670622,-0.059654,618.629448
0.061543,0.567692,-0.057960,799.511717
0.053890,0.297183,-0.054359,812.994673
0.062674,0.607963,-0.058256,809.678944
0.064945,0.687053,-0.059618,766.166529
0.056747,0.394611,-0.055988,698.835767
0.055994,0.371062,-0.055125,797.488224
0.060368,0.524748,-0.056998,766.179608
0.056875,0.400512,-0.055356,749.699872
0.057226,0.396257,-0.056362,245.084459
0.059112,0.481388,-0.056885,791.405973
0.060829,0.536607,-0.056930,638.642530
0.060875,0.541641,-0.057145,735.930085
0.053998,0.295636,-0.054785,648.609146
0.065902,0.713308,-0.059122,556.342207
0.058159,0.448089,-0.056185,808.436103
0.054462,0.301616,-0.053689,360.691510
0.055243,0.336568,-0.054282,572.137847
0.065724,0.705582,-0.058988,515.321489
0.062285,0.594309,-0.058213,811.622945
0.064782,0.664070,-0.058327,278.033394
0.054702,0.309213,-0.055215,312.979423
0.056209,0.365034,-0.054529,406.887640
0.062500,0.601547,-0.058126,803.276584
0.063376,0.608886,-0.057579,120.326438
0.054446,0.316389,-0.054440,801.184050
0.064243,0.663609,-0.059003,812.091585
0.054388,0.312341,-0.054210,745.213088
0.060506,0.525560,-0.056802,650.167222
0.053586,0.281692,-0.053701,680.987516
0.063814,0.647362,-0.058631,783.762355
0.053962,0.297667,-0.054646,747.438102
0.063158,0.620243,-0.058054,673.608945
0.060228,0.515779,-0.057636,637.500528
0.062064,0.584228,-0.058354,740.574728
0.064178,0.660563,-0.058835,792.703227
0.058303,0.451549,-0.056047,763.212532
0.055866,0.366227,-0.055429,783.815861
0.058573,0.462767,-0.056380,809.122240
0.063645,0.622941,-0.057788,252.030348
0.062337,0.578126,-0.058696,273.141196
0.065057,0.691636,-0.059230,791.481456
0.054923,0.324748,-0.054116,557.909578
0.065000,0.673153,-0.059912,295.438623
0.061201,0.552065,-0.057221,703.979206
0.063866,0.644168,-0.059304,626.092624
0.055492,0.346252,-0.054431,596.998570
0.058724,0.450321,-0.055579,297.863151
0.061445,0.564520,-0.057710,810.930577
0.054723,0.320059,-0.055144,611.279183
0.059157,0.478647,-0.057127,660.711003
0.054373,0.306521,-0.055006,577.211234
0.056659,0.394506,-0.055417,795.168575
0.055267,0.345904,-0.054929,813.108447
0.061739,0.568966,-0.057352,642.655099
0.053864,0.296152,-0.054400,808.889181
0.061503,0.555951,-0.058295,489.709239
0.057730,0.431728,-0.055828,776.403588
0.064702,0.674758,-0.059661,655.867774
0.054734,0.322244,-0.055106,665.305284
0.061059,0.548725,-0.057273,752.492712
0.059185,0.476740,-0.057202,574.339040
0.063782,0.645088,-0.058513,752.020670
0.058048,0.444300,-0.056303,809.556233
0.054032,0.299343,-0.054716,723.754611
0.053565,0.271978,-0.054692,401.766667
0.059416,0.474547,-0.057363,268.172763
0.063368,0.631929,-0.058839,787.697313
0.064733,0.680946,-0.059340,810.717598
0.063458,0.632747,-0.059027,716.039294
0.059232,0.476196,-0.056042,526.889966
0.057220,0.410697,-0.055380,691.667510
0.054108,0.297484,-0.053809,603.703713
0.065554,0.707458,-0.059295,742.171105
0.062244,0.592854,-0.058205,810.704468
0.054507,0.313809,-0.055013,653.390278
0.055934,0.349203,-0.054254,228.758336
0.054739,0.319710,-0.055168,584.478939
0.062004,0.583560,-0.057836,791.050618
0.059285,0.479556,-0.057259,552.274143
0.062380,0.589349,-0.057544,577.014568
0.060951,0.546732,-0.057693,798.966120
0.057287,0.400259,-0.056394,299.287644
0.057834,0.433807,-0.056457,719.783969
0.060531,0.531857,-0.057227,803.058650
0.067604,0.764820,-0.059633,302.340937
0.061176,0.554933,-0.057749,807.179956
0.061646,0.571674,-0.057819,812.154559
0.061585,0.559655,-0.057121,531.611650
0.061853,0.569028,-0.057239,528.399981
0.064860,0.680050,-0.059741,646.975759
0.061555,0.568275,-0.057729,807.845186
0.064842,0.683263,-0.059052,770.189860
0.057328,0.418235,-0.055727,796.065710
0.054762,0.319694,-0.054069,576.963803
0.066098,0.703339,-0.058791,64.564984
0.060682,0.533975,-0.057003,712.875626
0.058790,0.464370,-0.055998,637.331290
0.059453,0.485990,-0.056219,584.290477
0.064897,0.686636,-0.059270,809.610056
0.057809,0.409365,-0.055002,47.460101
0.053105,0.267483,-0.054245,752.774088
0.064776,0.676605,-0.059715,631.954608
0.054156,0.306482,-0.054537,808.490416
0.062308,0.587893,-0.058616,592.684431
0.064634,0.665040,-0.058426,458.424274
0.067034,0.758601,-0.059886,706.119312
0.058286,0.428418,-0.055252,111.558160
0.054836,0.326611,-0.055129,688.026861
0.065913,0.713255,-0.059110,542.939531
0.058089,0.444805,-0.056029,785.985573
0.053621,0.286100,-0.053936,771.234226
0.053918,0.293862,-0.053876,692.809891
0.054409,0.314532,-0.054778,779.492117
0.053749,0.283298,-0.053585,561.680576
0.059346,0.484788,-0.056287,658.191329
0.055513,0.344673,-0.055555,512.063883
0.061564,0.560832,-0.057186,586.978155
0.059820,0.507081,-0.057079,812.239189
0.059982,0.512612,-0.057221,804.745183
0.057038,0.398242,-0.055030,518.427558
0.060202,0.513547,-0.056605,613.866290
0.065593,0.707648,-0.059233,708.121140
0.064904,0.684784,-0.059024,751.499602
0.065580,0.709093,-0.059934,753.508561
0.056930,0.404794,-0.055750,812.834983
0.056792,0.399688,-0.055560,808.315671
0.061428,0.563488,-0.057618,800.024894
0.058735,0.450594,-0.055581,294.761205
0.065865,0.701509,-0.060301,229.150180
0.064316,0.664331,-0.059359,752.697696
0.059465,0.479677,-0.055997,388.384214
0.054162,0.306359,-0.054313,801.579556
0.065162,0.687550,-0.059940,551.100266
0.064913,0.683647,-0.059714,697.843889
0.060043,0.514649,-0.057265,801.667923
0.062313,0.589317,-0.058593,629.802319
0.054187,0.296932,-0.053716,507.516390
0.062295,0.587396,-0.057549,606.937723
0.065222,0.695532,-0.059130,736.680566
0.055465,0.351669,-0.055280,771.888534
0.054730,0.325774,-0.054933,776.072804
0.061629,0.568713,-0.058161,737.006198
0.064446,0.647197,-0.058074,132.115478
0.054244,0.307759,-0.054187,760.495101
0.054373,0.312531,-0.054262,765.975885
0.061574,0.552732,-0.058350,320.760600
0.064496,0.666161,-0.059599,616.530890
0.058272,0.449010,-0.056668,710.973853
0.062135,0.585989,-0.058421,717.944112
0.056655,0.387327,-0.056046,578.412478
0.054754,0.317743,-0.055209,510.413626
0.064935,0.687941,-0.059476,805.276529
0.062122,0.586360,-0.057757,752.182689
0.060170,0.513710,-0.056651,651.616582
0.065484,0.704642,-0.059237,731.681622
0.067408,0.760938,-0.059623,391.184511
0.065985,0.715022,-0.060335,502.897729
0.064545,0.670406,-0.059553,691.964840
0.053792,0.291438,-0.054579,741.405262
0.056547,0.387925,-0.055137,721.612604
0.065141,0.693427,-0.059742,749.243241
0.058245,0.451298,-0.056386,810.235813
0.065357,0.702193,-0.059361,790.097348
0.056445,0.384349,-0.055092,722.337558
0.060578,0.522545,-0.056610,489.309946
0.054539,0.320097,-0.054572,811.842573
0.064281,0.664979,-0.059041,813.142343
0.060103,0.517086,-0.057221,811.370268
0.062766,0.610432,-0.058583,781.926788
0.065000,0.688293,-0.059686,744.874665
0.064922,0.675546,-0.058567,467.209235
0.060701,0.534573,-0.057006,710.017144
0.056235,0.376213,-0.054953,702.897119
0.056388,0.383752,-0.055172,762.672391
0.061115,0.543486,-0.056924,545.275857
0.056314,0.380811,-0.055113,754.235397
0.055309,0.345951,-0.055221,766.454908
0.064484,0.648511,-0.058091,132.093160
0.058923,0.459695,-0.057141,344.656362
0.056790,0.397556,-0.055947,740.962550
0.056004,0.347210,-0.054204,98.912192
0.061471,0.565125,-0.057657,803.357386
0.055100,0.336448,-0.055232,702.580793
0.053836,0.288395,-0.053709,619.454254
0.058446,0.458327,-0.056501,807.598991
0.055466,0.341711,-0.054283,493.240082
0.054569,0.301282,-0.055146,217.574146
0.062865,0.600107,-0.058938,370.478915
0.060785,0.540151,-0.057693,776.958177
0.059656,0.495077,-0.056395,638.727831
0.056561,0.384292,-0.055998,586.970049
0.062575,0.599392,-0.058693,653.650023
0.062549,0.597820,-0.057731,648.634090
0.058674,0.443474,-0.056999,126.291780
0.060734,0.539208,-0.057566,804.381777
0.053645,0.288355,-0.054311,807.483968
0.059616,0.498982,-0.057141,783.608003
0.059614,0.476260,-0.055872,135.363080
0.061407,0.562529,-0.057577,794.060395
0.054318,0.308383,-0.054888,691.512521
0.059288,0.484563,-0.057147,698.980653
0.062079,0.577513,-0.057361,543.015779
0.060224,0.519466,-0.057493,752.493963
0.067368,0.766993,-0.059864,607.639797
0.054010,0.283814,-0.054899,286.593308
0.061418,0.558063,-0.057229,656.472314
0.054931,0.333521,-0.054961,795.725802
0.063525,0.637657,-0.058563,797.952904
0.058292,0.432642,-0.055329,227.859641
0.064348,0.667328,-0.059157,811.356284
0.061449,0.557893,-0.058217,604.055673
0.056507,0.383171,-0.054938,626.042721
0.061484,0.564810,-0.057560,781.685646
0.057055,0.408187,-0.055986,779.119478
0.056301,0.380141,-0.055089,747.655296
0.060765,0.536601,-0.057021,703.455967
0.057493,0.418018,-0.055385,624.120391
0.062962,0.617718,-0.058304,797.519457
0.060603,0.533142,-0.057651,759.808302
0.063571,0.638604,-0.058977,771.898958
0.063007,0.593643,-0.057377,56.523561
0.059319,0.480514,-0.057277,545.607419
0.060793,0.541229,-0.057364,805.605518
0.062309,0.595161,-0.058128,812.521757
0.061263,0.552248,-0.057142,647.219653
0.053610,0.286699,-0.054365,794.105090
0.062090,0.584413,-0.058399,718.924472
0.056000,0.369245,-0.054933,740.505323
0.057657,0.412979,-0.056563,288.160730
0.061227,0.552185,-0.057188,681.317762
0.067676,0.759258,-0.061078,42.124652
0.055237,0.330563,-0.054083,404.139417
0.055315,0.327806,-0.055487,221.437891
0.053560,0.282217,-0.054518,711.494894
0.058067,0.443482,-0.055963,770.825814
0.058341,0.448332,-0.055786,632.965706
0.061435,0.552247,-0.056981,471.482137
0.067216,0.765321,-0.060759,702.285789
0.057152,0.408656,-0.055370,702.295960
0.058158,0.445378,-0.055901,734.148733
0.065869,0.716230,-0.060190,660.010244
0.060499,0.529058,-0.057626,748.077890
0.058462,0.436944,-0.056910,155.209430
0.059809,0.504152,-0.057338,732.797103
0.064971,0.678976,-0.059874,497.858648
0.054281,0.310463,-0.054351,798.747151
0.057096,0.410238,-0.055938,798.238695
0.056925,0.403108,-0.055961,765.108677
0.059914,0.510423,-0.057051,813.188292
0.061854,0.579016,-0.057912,812.064614
0.063325,0.624419,-0.059071,607.444221
0.061865,0.566447,-0.057145,441.474321
0.054654,0.324072,-0.054775,807.095503
0.063305,0.630255,-0.058534,808.659886
0.065730,0.695074,-0.060231,180.829934
0.053742,0.288418,-0.053843,715.327022
0.062592,0.596153,-0.058773,539.516289
0.056298,0.379520,-0.055051,733.354397
0.058136,0.430239,-0.055328,319.244530
0.058558,0.459709,-0.056773,728.971792
0.063099,0.610646,-0.057724,456.796716
0.062559,0.593581,-0.057546,515.947566
0.062920,0.616173,-0.058624,790.951092
0.068395,0.770172,-0.060100,915.643418
0.056647,0.392165,-0.055898,731.073311
0.056949,0.389985,-0.054832,370.220539
0.056894,0.396509,-0.056142,599.788529
0.056715,0.385547,-0.054840,482.282081
0.056523,0.390089,-0.055657,802.228503
0.065206,0.687058,-0.058745,509.291316
0.059834,0.502811,-0.057430,666.809981
0.061293,0.553684,-0.058117,643.588392
0.062348,0.596220,-0.058320,801.033183
0.055690,0.358782,-0.054831,755.246371
0.056467,0.380805,-0.055957,582.718064
0.064354,0.660973,-0.059537,611.514581
0.064693,0.665113,-0.058392,399.911741
0.058801,0.468103,-0.056894,722.277165
0.056957,0.390130,-0.054832,366.603433
0.053846,0.292275,-0.053901,720.073556
0.065093,0.691007,-0.059756,727.668586
0.059173,0.472436,-0.057240,459.001567
0.055007,0.333647,-0.054450,728.439449
0.063997,0.635770,-0.057957,263.002148
0.064653,0.658098,-0.059745,214.459593
0.055461,0.349672,-0.055380,715.848804
0.062095,0.587113,-0.058226,796.249291
0.059825,0.499444,-0.057494,575.421412
0.063592,0.635850,-0.058264,680.028921
0.062918,0.613446,-0.058043,721.648683
0.062060,0.582472,-0.058419,692.430834
0.056236,0.360948,-0.055910,237.324734
0.064921,0.673012,-0.059875,373.610653
0.066331,0.713904,-0.060487,108.825217
0.064754,0.672132,-0.058577,540.108915
0.053970,0.283683,-0.054882,324.056483
0.058325,0.440918,-0.055523,435.211816
0.062834,0.600922,-0.058917,426.734916
0.054369,0.314022,-0.054634,808.447315
0.062040,0.585677,-0.058091,812.298554
0.057940,0.433239,-0.056624,591.505189
0.056764,0.396237,-0.055280,739.902654
0.065276,0.700073,-0.059445,809.804465
0.055608,0.347001,-0.054356,500.188201
0.064459,0.671012,-0.059277,802.183356
0.058423,0.457548,-0.056338,811.474418
0.060333,0.522862,-0.057568,738.068999
0.056826,0.397950,-0.055273,725.583485
0.064993,0.687774,-0.059696,736.803973
0.063719,0.635151,-0.058093,530.381577
0.060572,0.517398,-0.056463,346.495143
0.058174,0.446585,-0.055955,751.985199
0.063445,0.634868,-0.058535,799.513926
0.058616,0.463625,-0.056289,790.723703
0.055841,0.365775,-0.055076,801.230241
0.062444,0.593773,-0.058657,624.078708
0.059005,0.475209,-0.056992,718.590450
0.064872,0.685913,-0.059379,812.496084
0.060103,0.502369,-0.057678,371.557951
0.064487,0.668212,-0.059533,686.877911
0.063921,0.652286,-0.058918,813.511237
0.056396,0.384849,-0.055686,778.978411
0.054191,0.302881,-0.054861,661.511420
0.067013,0.755503,-0.060742,623.831866
0.057602,0.426376,-0.056314,743.289783
0.060086,0.508225,-0.057619,562.193519
0.060474,0.514661,-0.056437,367.844027
0.062321,0.585368,-0.057444,521.649632
0.053506,0.281358,-0.054445,743.081648
0.067021,0.755514,-0.059742,631.293526
0.062693,0.602986,-0.058761,636.250114
0.058129,0.426412,-0.056766,192.399416
0.061109,0.552694,-0.057581,812.565172
0.061920,0.580225,-0.057756,780.884359
0.059800,0.506399,-0.057039,813.488487
0.067102,0.764655,-0.060462,805.676402
0.057547,0.425633,-0.055784,786.685958
0.064541,0.674200,-0.059242,811.618873
0.060524,0.530626,-0.057103,776.480985
0.056664,0.390484,-0.055097,676.840162
0.063442,0.627870,-0.059136,587.513157
0.060134,0.518207,-0.057157,813.357827
0.057273,0.416947,-0.055878,813.594671
0.063899,0.644073,-0.059345,588.171203
0.061322,0.553924,-0.058149,619.715587
0.059241,0.481074,-0.056239,658.084072
0.064416,0.667739,-0.059411,749.238689
0.061744,0.562942,-0.058416,444.209092
0.059981,0.503991,-0.056432,563.970939
0.055494,0.347891,-0.054503,642.802305
0.061053,0.550282,-0.057457,801.748362
0.062776,0.609502,-0.058675,742.752607
0.058537,0.460911,-0.056266,793.614753
0.059215,0.485431,-0.056874,804.103009
0.062771,0.594649,-0.057451,329.335880
0.062488,0.595407,-0.057691,641.479317
0.061467,0.565305,-0.057726,811.414146
0.059707,0.498299,-0.056491,679.572714
0.060904,0.542076,-0.057119,719.063386
0.061312,0.559375,-0.057561,799.347880
0.064679,0.671959,-0.059696,596.163000
0.057041,0.389000,-0.056275,224.017600
0.063926,0.648959,-0.059255,705.227249
0.062963,0.615434,-0.058793,722.204116
0.066915,0.757134,-0.060045,783.481554
0.059248,0.482851,-0.056327,702.405393
0.060764,0.523561,-0.056535,328.114894
0.062439,0.590480,-0.057532,548.677719
0.058721,0.468199,-0.056559,813.139190
0.061980,0.574911,-0.057350,568.564545
0.064565,0.673276,-0.059466,756.255858
0.059200,0.484691,-0.056611,801.582752
0.060685,0.536548,-0.057197,781.883736
0.057476,0.421576,-0.055613,743.010118
0.063822,0.642150,-0.058277,627.306017
0.053455,0.276252,-0.054542,643.394181
0.061091,0.551915,-0.057535,809.762500
0.059879,0.509158,-0.057032,813.097819
0.058607,0.458746,-0.055956,661.753401
0.056659,0.395088,-0.055681,808.149312
0.062383,0.578422,-0.057216,256.339462
0.062159,0.568263,-0.058599,168.399581
0.055164,0.324089,-0.053950,291.482307
0.060738,0.514244,-0.056355,83.444019
0.060459,0.508071,-0.057824,168.209247
0.067430,0.770195,-0.060461,915.643418
0.057910,0.437589,-0.055864,762.174285
0.061064,0.535080,-0.056694,353.747161
0.064229,0.661843,-0.058799,778.088074
0.063385,0.632220,-0.058442,785.445911
0.054602,0.322341,-0.054719,810.712432
0.060964,0.537888,-0.058038,520.199641
0.062488,0.597015,-0.057774,686.835120
0.058804,0.469514,-0.056825,761.989458
0.060313,0.519400,-0.057660,655.365913
0.061676,0.567543,-0.057365,666.576528
0.058078,0.444933,-0.056395,796.056633
0.067095,0.764619,-0.060371,813.396172
0.055440,0.342507,-0.055517,524.713580
0.065116,0.694538,-0.059412,812.706272
0.057344,0.412967,-0.056337,615.799074
0.060589,0.533460,-0.057580,785.144121
0.064842,0.671580,-0.059835,414.001792
0.056628,0.390192,-0.055137,704.804000
0.061414,0.552424,-0.057001,497.555791
0.054280,0.308670,-0.054173,749.831922
0.054015,0.299487,-0.054673,745.941702
0.061012,0.533640,-0.056681,365.295804
0.061826,0.574219,-0.057509,705.235180
0.056358,0.369770,-0.054582,390.550792
0.060634,0.534620,-0.057161,778.595945
0.064735,0.679997,-0.059492,778.000529
0.065342,0.700722,-0.059257,763.079745
0.061511,0.565751,-0.057569,780.833086
0.057538,0.420921,-0.055469,661.588412
0.063357,0.623468,-0.057971,563.252635
0.065246,0.695613,-0.059090,714.853716
0.055310,0.346005,-0.055220,767.260531
0.058198,0.434811,-0.055418,388.140056
0.058227,0.445860,-0.056700,664.327186
0.056187,0.373620,-0.055770,663.576533
0.064885,0.682450,-0.058902,704.070094
0.058506,0.456179,-0.056814,677.699434
0.060555,0.523748,-0.057848,529.690219
0.056908,0.381043,-0.056194,128.981722
0.061359,0.533257,-0.056598,-3.457360
0.057294,0.414357,-0.056224,709.976773
0.063806,0.636975,-0.058089,494.434753
0.056011,0.360501,-0.055798,458.844363
0.059372,0.481772,-0.057309,527.117097
0.059492,0.492303,-0.056489,725.705186
0.061912,0.580807,-0.058123,800.681786
0.062015,0.567316,-0.057092,312.353466
0.053661,0.288874,-0.054334,805.183972
0.060564,0.530445,-0.056991,730.968895
0.054654,0.322368,-0.054949,754.213015
0.061797,0.575498,-0.058190,762.406904
0.056466,0.387951,-0.055651,798.087216
0.057395,0.400486,-0.054912,216.286748
0.063142,0.623862,-0.058742,785.776933
0.059361,0.472461,-0.055860,286.217868
0.053818,0.294538,-0.054377,809.131129
0.063814,0.639364,-0.058168,555.420871
0.061430,0.562612,-0.058013,766.530854
0.063790,0.637038,-0.059336,494.149482
0.065089,0.689950,-0.059792,700.138950
0.054213,0.308603,-0.054449,813.132413
0.067154,0.754017,-0.060887,431.668181
0.058455,0.456878,-0.056110,761.190075
0.056821,0.395128,-0.056084,635.334690
0.064046,0.650481,-0.058398,638.609132
0.063558,0.637931,-0.058478,773.910065
0.056729,0.394301,-0.055968,708.486559
0.057019,0.407721,-0.055865,805.319260
0.067715,0.765912,-0.059622,220.128544
0.065523,0.708089,-0.059437,790.049915
0.062012,0.577716,-0.058475,601.501763
0.053103,0.269348,-0.053983,813.510498
0.062298,0.593627,-0.057930,781.329678
0.057139,0.407890,-0.056187,680.822431
0.065121,0.673283,-0.058422,196.720884
0.064883,0.686307,-0.059391,812.118350
0.065084,0.693287,-0.059532,807.209399
0.056745,0.397928,-0.055518,805.679684
0.056694,0.391409,-0.056006,658.778607
0.058034,0.437696,-0.056645,625.094382
0.062804,0.612486,-0.058297,807.651057
0.056922,0.399292,-0.055198,667.376752
0.063282,0.621620,-0.057968,586.160855
0.057280,0.414738,-0.056178,736.853141
0.062238,0.590411,-0.058431,741.719285
0.063068,0.621511,-0.058361,799.118396
0.054858,0.331364,-0.054851,809.191881
0.057166,0.410701,-0.055480,746.176662
0.054485,0.315869,-0.054262,748.294199
0.067364,0.758275,-0.060991,338.662632
0.063820,0.646838,-0.058563,762.965646
0.059837,0.505349,-0.056706,749.191578
0.063950,0.653139,-0.059012,807.527412
0.065831,0.696755,-0.060263,125.320966
0.058646,0.459759,-0.056915,637.055441
0.058618,0.457206,-0.056934,590.392918
0.063119,0.618944,-0.058039,675.261614
0.063054,0.620335,-0.058737,773.384521
0.053311,0.276694,-0.054041,813.239972
0.058970,0.472469,-0.057029,674.100841
0.057103,0.396288,-0.056309,374.437304
0.064428,0.656425,-0.058292,420.131505
0.063662,0.631068,-0.057996,470.962698
0.062427,0.598079,-0.057978,778.289586
0.063376,0.619490,-0.057820,428.189763
0.060526,0.519700,-0.057861,441.056488
0.062278,0.592576,-0.057890,772.581625
0.057479,0.422369,-0.056236,754.627618
0.065487,0.693603,-0.060132,390.869657
0.060215,0.520560,-0.057371,795.825147
0.058309,0.451347,-0.056638,741.972929
0.058616,0.459234,-0.056888,652.740084
0.061502,0.562159,-0.058182,676.126082
0.060751,0.532179,-0.057917,574.185092
0.063469,0.627309,-0.058017,560.089494
0.062536,0.602174,-0.058488,778.413381
0.058280,0.443915,-0.055661,568.328543
0.064100,0.644178,-0.058123,401.235185
0.064191,0.657429,-0.058558,690.518660
0.062479,0.589667,-0.057472,484.406384
0.065763,0.696139,-0.058718,200.149571
0.065204,0.678788,-0.058514,270.982989
0.058855,0.461056,-0.055808,475.128473
0.054672,0.324475,-0.054560,803.903673
0.064574,0.663200,-0.059706,447.126872
0.057473,0.419780,-0.056337,683.055831
0.053462,0.281292,-0.054316,788.899000
0.059444,0.483527,-0.057351,503.424204
0.057631,0.428989,-0.056207,791.951931
0.058684,0.460006,-0.056955,604.384536
0.056494,0.384740,-0.055035,684.715821
0.057636,0.426597,-0.055642,725.567902
0.053462,0.281578,-0.053992,801.421582
0.062340,0.595116,-0.057953,782.295104
0.056725,0.396129,-0.055367,775.627163
0.057836,0.436248,-0.055963,796.916146
0.061333,0.557507,-0.058058,715.596088
0.054245,0.305793,-0.054046,703.265419
0.054100,0.304603,-0.054394,813.015429
0.067149,0.756195,-0.059644,520.163464
0.056946,0.398173,-0.055114,610.099293
0.061400,0.555216,-0.057120,593.061414
0.062755,0.607936,-0.057985,728.735244
0.061211,0.548490,-0.058125,575.578930
0.054382,0.291805,-0.055043,134.183889
0.054245,0.308529,-0.054717,774.067413
0.055214,0.343817,-0.055051,803.879157
0.059233,0.484466,-0.056470,762.938029
0.059928,0.490630,-0.056077,230.463918
0.054333,0.312471,-0.054671,799.519193
0.057437,0.418996,-0.056305,697.128336
0.056128,0.375070,-0.055587,769.683520
0.057181,0.403618,-0.056316,509.889950
0.053447,0.279569,-0.054402,751.992466
0.059218,0.477114,-0.057229,550.851745
0.058503,0.455821,-0.056820,670.407579
0.053604,0.286689,-0.054334,800.508727
0.060081,0.515486,-0.057349,784.804582
0.053339,0.276672,-0.053864,786.422715
0.061334,0.557404,-0.058064,711.808113
0.063445,0.634184,-0.058915,773.620449
0.063487,0.636721,-0.058625,809.422136
0.063039,0.620820,-0.058616,804.633730
0.060025,0.504540,-0.057611,517.197967
0.058432,0.453820,-0.056771,686.004966
0.055777,0.363994,-0.055197,813.581837
0.053785,0.290470,-0.054609,720.198957
0.056846,0.395434,-0.056107,618.753020
0.064157,0.659958,-0.059188,790.963894
0.066868,0.756396,-0.060351,806.379456
0.067172,0.757990,-0.059691,548.714424
0.065134,0.678532,-0.059974,314.831489
0.054659,0.323340,-0.054460,784.945396
0.059306,0.488546,-0.056933,800.915848
0.054334,0.310850,-0.054219,757.617106
0.059215,0.484178,-0.057007,764.844137
0.063149,0.610792,-0.059066,388.469875
0.057375,0.417406,-0.055526,726.739516
0.065587,0.710966,-0.059559,806.770557
0.056864,0.386394,-0.056202,331.590138
0.065510,0.703441,-0.060028,657.791335
0.062025,0.584953,-0.057949,808.461776
0.060670,0.533864,-0.057762,710.689881
0.054819,0.316150,-0.053904,416.180392
0.055629,0.341998,-0.055638,311.914924
0.057282,0.408244,-0.056350,540.820238
0.066163,0.715792,-0.060443,339.175265
0.056068,0.358754,-0.054429,368.837270
0.063689,0.642704,-0.059035,770.254458
0.054449,0.294788,-0.053540,174.703417
0.055495,0.351510,-0.055367,734.864045
0.058919,0.471604,-0.056200,713.118813
0.064484,0.671250,-0.058958,788.978746
0.064470,0.669569,-0.059441,746.178448
0.064795,0.667314,-0.058401,359.155093
0.062508,0.595059,-0.058706,594.374051
0.055052,0.331930,-0.055289,618.669423
0.062812,0.612750,-0.058295,806.913042
0.059945,0.509106,-0.056750,747.166412
0.060512,0.526558,-0.057747,658.943714
0.061501,0.563262,-0.058143,709.880444
0.056085,0.374887,-0.055315,813.467548
0.065811,0.715890,-0.060106,712.083936
0.063508,0.627044,-0.057974,512.469748
0.059986,0.503635,-0.056413,548.166324
0.055810,0.358598,-0.054624,628.403669
0.064772,0.681538,-0.059487,785.402299
0.056961,0.405379,-0.055886,795.855035
0.056109,0.374274,-0.055081,773.960774
0.060824,0.536928,-0.057906,639.315182
0.063977,0.651367,-0.058556,734.058390
0.054250,0.309304,-0.054330,797.521578
0.057391,0.404026,-0.056442,301.591399
0.066844,0.754987,-0.060420,788.972659
0.055987,0.369299,-0.054967,755.302584
0.062153,0.586704,-0.058426,720.280816
0.058539,0.450578,-0.056947,476.516729
0.065209,0.693874,-0.059047,702.903261
0.057646,0.423918,-0.055477,638.162924
0.058720,0.464665,-0.056116,716.511327
0.064596,0.670115,-0.058657,644.015898
0.060472,0.528361,-0.057039,764.022352
0.055594,0.352990,-0.054630,687.423646
0.057301,0.413417,-0.056268,674.249699
0.055953,0.356192,-0.055783,392.389026
0.059136,0.482426,-0.056581,801.444224
0.063956,0.645176,-0.058264,577.809519
0.056162,0.356338,-0.055866,178.730602
0.063701,0.643710,-0.058991,787.731683
0.056570,0.389226,-0.055872,725.122461
0.055458,0.349113,-0.055395,702.864609
0.056708,0.395626,-0.055369,778.177331
0.055190,0.342823,-0.055059,800.120483
0.055956,0.369867,-0.055421,797.570002
0.060638,0.531945,-0.057776,687.169835
0.056892,0.400977,-0.056003,735.589683
0.067289,0.760492,-0.060936,481.892807
0.054153,0.306510,-0.054471,813.298191
0.062368,0.591417,-0.058615,633.724801
0.061815,0.574609,-0.058276,716.962940
0.059354,0.484112,-0.057254,614.995303
0.067111,0.756451,-0.060830,548.978610
0.065268,0.694528,-0.058994,661.426417
0.055037,0.330363,-0.055302,587.784860
0.063637,0.641993,-0.058885,805.220864
0.058749,0.455458,-0.055702,421.026006
0.062941,0.617441,-0.058551,807.665470
0.060181,0.518874,-0.056985,786.642149
0.056057,0.371985,-0.055591,753.116788
0.065662,0.699013,-0.060214,367.443024
0.056342,0.378730,-0.055851,651.966459
0.060518,0.523588,-0.057815,564.138794
0.056193,0.366918,-0.054596,477.142518
0.063261,0.626858,-0.058884,749.357125
0.059574,0.493030,-0.056400,663.411637
0.060045,0.498946,-0.057653,330.734650
0.055612,0.350963,-0.055561,594.755421
0.064857,0.668702,-0.059848,314.077035
0.063168,0.613132,-0.059067,438.133365
0.054967,0.334655,-0.054995,791.119019
0.058296,0.447759,-0.055815,662.138377
0.058047,0.444280,-0.056174,811.953509
0.066979,0.758728,-0.060567,756.289246
0.055046,0.336152,-0.054553,760.616671
0.055485,0.349350,-0.055433,680.486828
0.063743,0.622791,-0.057762,146.366510
0.054434,0.315951,-0.054434,801.134068
0.061605,0.568831,-0.058093,766.558378
0.061652,0.559256,-0.057058,451.652653
0.059348,0.487880,-0.056470,744.172771
0.058395,0.450008,-0.055799,625.999734
0.054749,0.325166,-0.054378,746.491310
0.054900,0.332400,-0.054639,799.906607
0.055696,0.361144,-0.055168,813.470589
0.063141,0.622119,-0.058857,733.665091
0.054044,0.302229,-0.054269,803.320097
0.055241,0.332732,-0.055450,444.039128
0.056126,0.376351,-0.055352,813.612064
0.065084,0.693403,-0.059497,811.067600
0.057660,0.428762,-0.056320,754.212073
0.056068,0.373984,-0.055208,805.581392
0.061564,0.563045,-0.057285,650.424620
0.053868,0.293973,-0.054621,736.875265
0.064996,0.682654,-0.058766,597.312863
0.058892,0.465476,-0.055936,564.394622
0.059569,0.496387,-0.056625,763.408499
0.053567,0.284079,-0.053901,767.960661
0.056062,0.364104,-0.054600,529.986969
0.057241,0.407096,-0.056328,549.451301
0.063228,0.622719,-0.058986,659.384681
0.058593,0.451162,-0.056981,436.785670
0.054891,0.319225,-0.055296,410.766130
0.056842,0.389135,-0.056182,435.665741
0.067103,0.756979,-0.060815,572.744433
0.056001,0.371203,-0.055115,794.878098
0.061932,0.574075,-0.057363,593.419899
0.053897,0.297444,-0.054346,813.497653
0.053318,0.273899,-0.054397,719.073723
0.057167,0.407072,-0.055265,641.670123
0.054433,0.315805,-0.054745,792.994737
0.056420,0.378899,-0.055941,574.807364
0.059100,0.470440,-0.057202,476.945715
0.061913,0.566149,-0.057109,383.785573
0.065677,0.708205,-0.060132,623.544977
0.060768,0.537764,-0.057790,722.968793
0.064388,0.668814,-0.059141,813.259795
0.063480,0.635652,-0.058913,780.342115
0.062854,0.595966,-0.057450,281.710646
0.056701,0.387216,-0.054910,545.020526
0.060817,0.517653,-0.056401,100.368492
0.062805,0.612766,-0.058379,813.439897
0.063092,0.609769,-0.057701,438.069631
0.064033,0.652260,-0.059321,690.599295
0.053488,0.280418,-0.053795,743.716450
0.058206,0.426004,-0.055223,123.195140
0.059393,0.485175,-0.056248,621.754739
0.057253,0.407665,-0.055196,570.423507
0.056630,0.392093,-0.055263,756.424458
0.061038,0.540847,-0.058068,530.370373
0.062279,0.593889,-0.058053,807.027440
0.062293,0.592802,-0.057867,763.420387
0.062765,0.610605,-0.058198,794.376453
0.059865,0.507671,-0.056839,786.140818
0.060949,0.539485,-0.058002,583.448779
0.059588,0.493916,-0.057324,660.778386
0.057196,0.413897,-0.055721,805.306021
0.054323,0.306916,-0.053992,656.313348
0.059778,0.498900,-0.057452,608.558060
0.059918,0.496233,-0.056218,404.347871
0.057037,0.408156,-0.055912,798.031195
0.065393,0.680457,-0.060057,101.669093
0.057126,0.408201,-0.055387,715.472457
0.057388,0.420156,-0.055728,790.592752
0.064038,0.650618,-0.059375,636.185814
0.061373,0.561923,-0.057670,810.385638
0.062510,0.591906,-0.057525,517.127723
0.057755,0.424007,-0.055372,530.097661
0.058613,0.462960,-0.056228,775.527659
0.057739,0.430090,-0.056427,709.338918
0.063273,0.629140,-0.058522,808.869107
0.054846,0.331025,-0.054752,813.518032
0.055203,0.342866,-0.054741,792.666221
0.065321,0.696549,-0.059948,651.395151
0.063919,0.651447,-0.059089,788.072859
0.062089,0.586722,-0.058246,790.450932
0.065491,0.707700,-0.059709,808.215404
0.053392,0.275685,-0.054464,693.495395
0.065587,0.710898,-0.059548,805.331622
0.058671,0.464074,-0.056808,739.441408
0.062022,0.566941,-0.058552,272.401748
0.060012,0.501748,-0.057626,447.539667
0.053855,0.294580,-0.054552,769.115609
0.058548,0.452977,-0.055767,555.853522
0.059647,0.499200,-0.056666,765.211832
0.061897,0.569766,-0.057230,504.547693
0.059370,0.490866,-0.056719,806.255274
0.057139,0.410049,-0.055491,754.647382
0.063608,0.618054,-0.057701,148.249547
0.064392,0.660466,-0.058457,574.043021
0.054326,0.311671,-0.054321,788.162642
0.061146,0.548211,-0.057093,649.521141
0.061667,0.565310,-0.058322,595.367500
0.064926,0.687245,-0.059204,798.315857
0.055082,0.336165,-0.054475,724.645066
0.061493,0.566317,-0.057809,813.522048
0.065606,0.711880,-0.059730,811.438225
0.063346,0.630229,-0.058901,760.014264
0.060398,0.526942,-0.057467,792.530284
0.064561,0.673740,-0.059419,775.578976
0.063078,0.618710,-0.058877,698.121067
0.056789,0.392469,-0.056100,589.895497
0.059353,0.490592,-0.056849,813.094593
0.062169,0.589882,-0.058240,800.758364
0.056360,0.373524,-0.055952,478.538217
0.063397,0.633715,-0.058687,813.307644
0.063892,0.638867,-0.058090,460.609409
0.060022,0.507019,-0.057573,593.497573
0.061230,0.554003,-0.057295,730.925491
0.053114,0.267898,-0.054243,755.644039
0.061789,0.572782,-0.057485,701.728953
0.054731,0.326918,-0.054775,810.981029
0.062480,0.589468,-0.058749,458.153078
0.061647,0.563312,-0.058334,557.533681
0.060110,0.515209,-0.056846,754.662022
0.055483,0.343031,-0.055547,495.486248
0.054677,0.316922,-0.054039,583.350567
0.065744,0.701534,-0.058850,376.830285
0.064044,0.656444,-0.059060,806.787032
0.060135,0.509900,-0.057642,560.703373
0.053799,0.290503,-0.053874,717.305765
0.056043,0.372823,-0.055152,798.190967
0.060366,0.512523,-0.056435,416.229102
0.064496,0.660981,-0.058389,482.322789
0.061924,0.571180,-0.057258,517.734936
0.060955,0.540878,-0.056979,633.131005
0.053484,0.280373,-0.053801,746.798262
0.059082,0.480113,-0.056895,784.377617
0.063914,0.649601,-0.059203,737.533217
0.055201,0.339584,-0.055294,689.555957
0.061623,0.564514,-0.058287,617.705945
0.065377,0.702024,-0.059281,765.592910
0.054748,0.326388,-0.054490,782.322378
0.054228,0.309087,-0.054438,812.306026
0.060083,0.507443,-0.056472,559.760627
0.058619,0.459469,-0.056886,656.234880
0.059356,0.490082,-0.056987,793.822661
0.063525,0.637285,-0.058930,781.632695
0.064897,0.686021,-0.059164,793.011242
0.056358,0.383534,-0.055242,786.869452
0.054291,0.305201,-0.054937,624.939823
0.057603,0.420739,-0.056480,574.245323
0.060303,0.506154,-0.056298,296.063792
0.059529,0.496602,-0.056815,809.018005
0.067422,0.757084,-0.061013,242.718080
0.058856,0.464343,-0.055926,569.510616
0.053746,0.291140,-0.054058,788.642076
0.056557,0.390229,-0.055296,777.060312
0.060406,0.519733,-0.057762,567.913874
0.054017,0.287699,-0.053536,413.759756
0.059493,0.476890,-0.057397,257.103342
0.059463,0.493926,-0.056720,799.803488
0.056697,0.395891,-0.055786,790.669685
0.062020,0.574268,-0.058530,490.665251
0.060474,0.522159,-0.056685,584.327422
0.064550,0.673334,-0.059417,774.367330
0.058186,0.434404,-0.055414,389.272374
0.055964,0.358573,-0.054485,470.961642
0.058352,0.454961,-0.056464,806.663562
0.054672,0.315006,-0.053970,533.583777
0.061154,0.545095,-0.058120,534.138230
0.058118,0.432048,-0.055384,390.297389
0.064413,0.667327,-0.059427,739.559652
0.055365,0.347428,-0.055279,750.935111
0.063034,0.617597,-0.058839,711.993417
0.062810,0.606240,-0.057812,625.196391
0.061310,0.558919,-0.057915,782.991041
0.062375,0.596235,-0.058434,770.970931
0.058091,0.435844,-0.056732,509.649181
0.059315,0.483638,-0.057215,643.064757
0.062373,0.597380,-0.058279,809.187782
0.067110,0.760826,-0.060736,680.208977
0.061410,0.558697,-0.057273,682.496182
0.056667,0.388147,-0.056045,589.931679
0.064211,0.659225,-0.059378,710.505946
0.060004,0.513607,-0.057104,813.493292
0.063811,0.648370,-0.058886,812.964202
0.058318,0.442922,-0.056844,481.375741
0.065541,0.698432,-0.058882,495.745458
0.054637,0.323433,-0.054580,808.546088
0.055760,0.363249,-0.055272,807.977980
0.057627,0.429110,-0.056171,800.279507
0.056742,0.381726,-0.056146,321.596227
0.057134,0.410036,-0.056088,750.143942
0.063195,0.620520,-0.058017,643.477446
0.065589,0.706126,-0.060067,654.422304
0.063006,0.619499,-0.058624,800.317136
0.065847,0.697747,-0.058730,160.106632
0.064205,0.651251,-0.059530,479.769011
0.053168,0.270381,-0.054229,772.943042
0.055914,0.362111,-0.055690,608.420246
0.057964,0.441335,-0.056142,812.313046
0.064866,0.678079,-0.058708,598.055251
0.064050,0.654782,-0.058651,757.240282
0.060427,0.516822,-0.056529,478.405801
0.054058,0.302358,-0.054222,793.403430
0.062681,0.608205,-0.058260,809.755159
0.058370,0.455676,-0.056450,809.499376
0.064026,0.655756,-0.059061,805.387739
0.058220,0.444255,-0.055740,638.372072
0.062263,0.592157,-0.058391,767.671437
0.057521,0.419240,-0.056418,615.336535
0.057160,0.399116,-0.056333,398.645915
0.061830,0.578045,-0.058057,805.719214
0.059144,0.481565,-0.056980,762.083856
0.065751,0.714953,-0.059423,756.067316
0.065515,0.707030,-0.059890,760.588879
0.053199,0.271368,-0.054250,769.992654
0.060907,0.523552,-0.058025,157.303509
0.057659,0.430571,-0.056013,812.847316
0.053543,0.283652,-0.053932,780.081785
0.053610,0.269735,-0.053257,310.715126
0.058907,0.472089,-0.056255,738.904937
0.057361,0.397098,-0.056401,129.221246
0.056522,0.389532,-0.055339,791.803212
0.064680,0.678842,-0.059376,802.511637
0.064495,0.656504,-0.059683,332.318339
0.053040,0.266799,-0.053832,806.302927
0.061595,0.568465,-0.058090,765.903369
0.062348,0.593530,-0.057801,729.569684
0.059950,0.511576,-0.057028,810.943962
0.061094,0.547703,-0.057140,688.416261
0.065231,0.698516,-0.059590,808.321690
0.053593,0.286691,-0.054231,812.673994
0.062028,0.585065,-0.058145,806.095575
0.059920,0.498374,-0.057584,444.788627
0.056544,0.391109,-0.055508,812.981701
0.065920,0.709594,-0.060327,410.428230
0.057949,0.424362,-0.056697,318.855180
0.059167,0.481128,-0.056362,734.218555
0.062397,0.596980,-0.058446,770.162093
0.067055,0.763197,-0.060330,813.609618
0.054715,0.305500,-0.055208,190.060541
0.056343,0.372382,-0.054670,482.281442
0.062065,0.584390,-0.057736,754.242900
0.056609,0.371138,-0.054524,171.836047
0.060259,0.507214,-0.056344,372.252392
0.057995,0.440840,-0.055923,768.391704
0.058856,0.469230,-0.056163,709.303111
0.055111,0.340378,-0.054859,813.168052
0.054132,0.296924,-0.054911,546.234878
0.057728,0.431722,-0.055832,777.489964
0.054130,0.299400,-0.054866,621.826583
0.060933,0.546462,-0.057606,810.875878
0.058490,0.453470,-0.056861,613.528184
0.055913,0.366004,-0.054882,736.115268
0.057068,0.408043,-0.056035,761.254737
0.053462,0.280204,-0.053840,763.753684
0.056003,0.362876,-0.055768,538.145473
0.061279,0.552222,-0.058132,614.985041
0.059367,0.488101,-0.056448,732.091421
0.060284,0.520116,-0.056835,718.910266
0.056614,0.374953,-0.054601,278.055180
0.064902,0.686394,-0.059193,798.231367
0.054338,0.293538,-0.055043,230.960456
0.062756,0.607470,-0.057953,714.360377
0.064284,0.649531,-0.059586,346.348460
0.064789,0.666361,-0.059817,315.475838
0.060758,0.540316,-0.057456,813.593932
0.065244,0.693715,-0.058985,662.121899
0.053303,0.271248,-0.053549,668.335887
0.063533,0.637534,-0.058934,781.337185
0.058151,0.446510,-0.056521,764.856251
0.063979,0.651372,-0.059257,721.574896
0.064596,0.674681,-0.058950,773.297718
0.056175,0.375911,-0.055659,745.290505
0.062416,0.598836,-0.058313,807.364236
0.059606,0.490823,-0.056265,566.940073
0.061640,0.570144,-0.057613,776.814594
0.063119,0.607802,-0.057631,353.291387
0.061515,0.566594,-0.057963,795.991972
0.059715,0.493352,-0.056264,528.981718
0.060704,0.537034,-0.057673,770.203627
0.061137,0.541717,-0.058137,452.672285
0.056091,0.373524,-0.055062,770.987459
0.058874,0.465515,-0.057064,567.739513
0.057237,0.415623,-0.055814,812.502688
0.063191,0.616826,-0.057866,541.224555
0.062142,0.577767,-0.057319,485.787067
0.067974,0.770172,-0.061040,915.643418
0.055766,0.347042,-0.054265,339.425695
0.055309,0.326756,-0.053963,219.775758
0.061325,0.550186,-0.056993,524.408905
0.063008,0.616540,-0.058078,718.799313
0.057674,0.427930,-0.055658,724.448294
0.058619,0.454017,-0.056977,494.772961
0.060068,0.515280,-0.057314,793.186660
0.060545,0.526675,-0.057789,627.164351
0.059203,0.481870,-0.056344,719.584362
0.059121,0.454728,-0.057156,-7.529007
0.065780,0.705307,-0.058939,449.247635
0.053040,0.267103,-0.053937,813.606363
0.056895,0.398904,-0.056087,669.869438
0.055546,0.355823,-0.055070,813.478638
0.062339,0.593190,-0.057795,728.436403
0.061836,0.576217,-0.058246,742.714584
0.053741,0.275668,-0.053349,347.833790
0.065285,0.700554,-0.059569,812.454145
0.063926,0.643945,-0.059374,555.753879
0.060339,0.507092,-0.057784,263.976837
0.063934,0.634698,-0.057955,296.926880
0.061949,0.576782,-0.058419,639.570671
0.053430,0.273033,-0.053481,590.644465
0.054592,0.318660,-0.054241,720.114739
0.055578,0.353698,-0.055438,712.449683
0.059305,0.488078,-0.056614,793.108354
0.055516,0.347352,-0.054453,604.596916
0.055836,0.340615,-0.054118,79.423894
0.053226,0.273426,-0.054143,803.989359
0.057256,0.395397,-0.054845,211.375302
0.055988,0.368667,-0.054918,736.940918
0.062203,0.586934,-0.057644,687.171573
0.061584,0.563023,-0.057260,629.967186
0.061982,0.576272,-0.058469,590.138410
0.065995,0.713511,-0.059056,467.103176
0.067327,0.765039,-0.060915,576.778304
0.059356,0.482381,-0.057286,562.123999
0.061266,0.547580,-0.058186,490.931286
0.060263,0.519723,-0.057566,718.546134
0.064278,0.664199,-0.059247,789.884746
0.063134,0.617130,-0.058994,591.821391
0.061932,0.580207,-0.058256,760.301392
0.061203,0.541385,-0.056795,394.180579
0.062993,0.609986,-0.058961,528.476535
0.059123,0.479916,-0.057022,734.533961
0.055502,0.354247,-0.055051,813.498520
0.060210,0.497313,-0.056143,134.332911
0.056011,0.369483,-0.054928,736.375492
0.057693,0.412985,-0.056576,250.759254
0.054389,0.300084,-0.055071,370.284492
0.059560,0.489849,-0.056271,586.316156
0.059219,0.478484,-0.057209,589.779505
0.059887,0.488544,-0.057567,189.159665
0.067549,0.767764,-0.059741,444.945871
0.065602,0.704937,-0.060111,605.374944
0.062492,0.593691,-0.058712,571.424765
0.055786,0.345199,-0.054213,265.433873
0.061026,0.536048,-0.058096,400.993016
0.065285,0.699489,-0.059741,778.797209
0.057306,0.405626,-0.056393,438.057158
0.063649,0.641815,-0.058973,785.885930
0.064798,0.681143,-0.059593,745.279509
0.054599,0.307406,-0.053777,387.891937
0.066198,0.707571,-0.060411,61.600544
0.059335,0.489959,-0.056821,813.571860
0.057080,0.410072,-0.055847,810.948157
0.064695,0.678337,-0.059010,777.601175
0.061007,0.530198,-0.058087,248.338753
0.064827,0.682161,-0.058995,753.816799
0.062926,0.612685,-0.058829,679.155065
0.067570,0.763313,-0.061083,272.130999
0.057894,0.434375,-0.055677,686.650737
0.056603,0.381545,-0.054787,480.872121
0.058660,0.456837,-0.056981,535.058795
0.054753,0.326389,-0.054959,770.200285
0.061672,0.571352,-0.057635,778.626056
0.062992,0.619177,-0.058589,805.478069
0.056722,0.393384,-0.055171,700.528593
0.063432,0.629661,-0.058164,665.494710
0.065490,0.707650,-0.059547,810.214891
0.060191,0.505989,-0.056345,406.394768
0.058294,0.442557,-0.056829,495.740285
0.056959,0.405817,-0.055702,813.157038
0.063317,0.626978,-0.058992,692.661505
0.062282,0.594254,-0.058177,813.361159
0.061002,0.537005,-0.058076,454.300489
0.063932,0.650773,-0.059182,753.570376
0.054252,0.306888,-0.054103,727.001012
0.061591,0.569560,-0.057953,804.977154
0.067180,0.762942,-0.060778,669.975468
0.064863,0.681735,-0.058895,705.365946
0.056411,0.386244,-0.055583,806.115695
0.055090,0.339392,-0.054774,807.125974
0.055923,0.361876,-0.054644,608.057147
0.059199,0.468098,-0.057267,303.830972
0.060155,0.517839,-0.057404,777.487998
0.057411,0.413985,-0.055299,592.033271
0.062722,0.606540,-0.058697,711.643956
0.059318,0.489297,-0.056778,813.150127
0.062057,0.583424,-0.058377,723.946386
0.057981,0.428580,-0.055361,430.658127
0.054001,0.300922,-0.054289,808.445777
0.055656,0.354783,-0.054636,675.860880
0.062667,0.604563,-0.057929,721.762705
0.064746,0.681314,-0.059202,809.696879
0.054219,0.308209,-0.054651,791.932429
0.059329,0.486570,-0.056417,726.428030
0.053419,0.268204,-0.054619,443.214766
0.053980,0.299952,-0.054237,802.847956
0.063180,0.622652,-0.058158,719.615633
0.063660,0.639245,-0.059144,696.607103
0.057299,0.414217,-0.055459,712.494178
0.064566,0.675061,-0.059156,812.441610
0.064591,0.674550,-0.058952,774.581352
0.060908,0.535092,-0.056790,514.207797
0.060705,0.538370,-0.057507,810.354338
0.065746,0.702220,-0.058868,394.873769
0.061896,0.576719,-0.058343,693.756868
0.064964,0.689074,-0.059467,808.438550
0.053605,0.281822,-0.054603,651.591324
0.057613,0.428919,-0.055987,812.576169
0.060675,0.531587,-0.056881,650.912329
0.062462,0.585993,-0.057370,395.500342
0.058544,0.461757,-0.056548,807.170376
0.057863,0.435294,-0.056448,734.068249
0.065065,0.672918,-0.058430,244.192540
0.065461,0.702847,-0.059165,704.190597
0.054959,0.327162,-0.055275,574.094368
0.057611,0.424502,-0.056406,677.645842
0.062948,0.609240,-0.058929,553.433907
0.057484,0.415233,-0.056444,536.205713
0.060123,0.516557,-0.057401,773.012868
0.061210,0.552703,-0.057245,713.142585
0.056988,0.382796,-0.054666,120.427494
0.062533,0.601975,-0.058494,775.593788
0.058912,0.466053,-0.057093,543.849270
0.060964,0.522833,-0.056468,100.124770
0.067581,0.769999,-0.061076,457.774704
0.055817,0.339724,-0.054106,72.846124
0.055421,0.336282,-0.055543,360.976123
0.061966,0.582931,-0.057945,810.768895
0.067026,0.760968,-0.060085,780.897707
0.065298,0.681755,-0.060043,238.171024
0.064871,0.683294,-0.058984,742.083666
0.062725,0.607344,-0.058668,732.568942
0.064473,0.663198,-0.059625,552.826846
0.062917,0.616553,-0.058367,809.615075
0.059955,0.499508,-0.056294,460.817686
0.063851,0.640016,-0.058160,536.495475
0.061482,0.547858,-0.058306,272.913734
0.063156,0.625160,-0.058525,813.005763
0.057074,0.409919,-0.055785,813.610847
0.056691,0.387909,-0.054946,575.232456
0.062653,0.607061,-0.058452,802.412232
0.062960,0.616176,-0.058750,747.674202
0.056823,0.400153,-0.055470,790.560693
0.055033,0.337598,-0.054810,812.593184
0.053216,0.271017,-0.054319,740.123172
0.065215,0.690885,-0.059941,594.918393
0.053762,0.291156,-0.054007,772.995609
0.054631,0.314686,-0.053994,565.884619
0.059785,0.505460,-0.057160,799.138918
0.055311,0.337837,-0.054269,539.281250
0.062925,0.614619,-0.058111,747.675374
0.054348,0.310268,-0.054145,726.634036
0.061951,0.577816,-0.058395,668.489263
0.055187,0.335975,-0.055366,596.420044
0.061601,0.564379,-0.058263,636.855101
0.062396,0.590884,-0.058659,588.258820
0.056417,0.386284,-0.055617,800.554841
0.065540,0.701206,-0.058985,576.598065
0.063873,0.645027,-0.058351,657.619284
0.059372,0.488983,-0.057124,741.810482
0.059209,0.477640,-0.057212,575.613819
0.065381,0.686176,-0.058621,304.350904
0.063462,0.629012,-0.059138,600.344323
0.062513,0.592976,-0.057562,545.724166
0.056020,0.349923,-0.054248,161.310768
0.058259,0.435471,-0.056838,323.636739
0.058900,0.471756,-0.056246,736.528601
0.062752,0.605668,-0.058773,653.875859
0.057291,0.415429,-0.056168,745.582963
0.063531,0.628909,-0.059208,524.430021
0.066915,0.757388,-0.060464,785.535900
0.063207,0.626943,-0.058642,810.944870
0.059435,0.491861,-0.056585,770.256470
0.059666,0.501622,-0.057018,811.671055
0.056242,0.380339,-0.055488,808.533255
0.061122,0.552375,-0.057818,786.770155
0.064578,0.675432,-0.059145,811.383115
0.054229,0.289326,-0.054992,220.514746
0.060252,0.514931,-0.057682,586.760091
0.065199,0.688200,-0.059965,532.209932
0.055681,0.360373,-0.055252,805.700990
0.060690,0.520858,-0.056498,325.058177
0.056171,0.366522,-0.054599,488.895714
0.062723,0.604924,-0.057859,675.544008
0.061394,0.547716,-0.056870,381.527937
0.053951,0.292860,-0.053780,630.739343
0.055864,0.360261,-0.054638,621.799257
0.055482,0.329544,-0.055535,99.341136
0.056411,0.376208,-0.054750,522.728393
0.060130,0.499447,-0.057688,256.873419
0.055945,0.359535,-0.054531,517.990121
0.063310,0.629482,-0.058396,782.379465
0.059022,0.473346,-0.057079,645.363211
0.056373,0.374268,-0.055955,487.316174
0.058164,0.447474,-0.056067,787.109864
0.056283,0.378054,-0.055782,694.196013
0.054419,0.307992,-0.053930,588.963636
0.060441,0.514804,-0.056459,405.688209
0.054828,0.330155,-0.054874,803.986728
0.054953,0.334833,-0.054801,813.506390
0.062661,0.602665,-0.057827,673.242197
0.054233,0.308523,-0.054674,786.997388
0.055682,0.360600,-0.055109,812.713909
0.061297,0.549137,-0.056978,522.336838
0.059912,0.505497,-0.056580,677.229371
0.054809,0.328580,-0.054522,783.414067
0.064446,0.660826,-0.059631,510.296213
0.061992,0.568126,-0.058541,337.965802
0.059852,0.504390,-0.057409,694.697601
0.057388,0.406430,-0.055057,396.637868
0.053712,0.278764,-0.053454,468.372998
0.060197,0.509087,-0.057704,471.160908
0.062659,0.604089,-0.058677,704.809913
0.055312,0.329047,-0.055491,260.995329
0.067641,0.765164,-0.059628,274.266493
0.057701,0.432026,-0.056140,810.067740
0.061335,0.554320,-0.058155,618.514723
0.058250,0.436380,-0.055435,380.475030
0.056874,0.402739,-0.055768,809.531695
0.065843,0.713487,-0.059190,621.986648
0.056529,0.380352,-0.054803,522.646761
0.056896,0.403027,-0.055866,793.579257
0.056143,0.362296,-0.054487,394.350957
0.054863,0.330309,-0.055009,770.179248
0.060562,0.529315,-0.057740,688.787607
0.056401,0.380414,-0.055888,640.657243
0.054442,0.313863,-0.054206,734.124525
0.061604,0.566336,-0.058210,693.044329
0.055457,0.333080,-0.054053,250.872960
0.065396,0.704052,-0.059444,802.812708
0.058819,0.455983,-0.055680,364.684627
0.063522,0.622361,-0.057823,361.992540
0.056229,0.379649,-0.055525,801.802345
0.062072,0.586550,-0.057960,807.235856
0.057171,0.412203,-0.055600,783.672935
0.056359,0.361616,-0.055944,129.643268
0.065059,0.691852,-0.059602,790.174731
0.063215,0.627199,-0.058659,809.653649
0.053589,0.286540,-0.054225,812.894348
0.053949,0.283784,-0.053464,370.516284
0.064112,0.649818,-0.059469,534.493644
0.056070,0.374211,-0.055420,807.138509
0.059742,0.502512,-0.057267,755.341504
0.059318,0.489279,-0.056871,810.687655
0.063292,0.629983,-0.058658,812.541627
0.059291,0.488364,-0.056774,813.395069
0.057023,0.402544,-0.055227,658.000366
0.063630,0.639149,-0.058402,735.870871
0.059994,0.506089,-0.056506,611.186008
0.056428,0.373213,-0.054641,418.498826
0.057194,0.398185,-0.056352,335.814364
0.057002,0.406457,-0.055946,784.356579
0.067302,0.769690,-0.060740,742.162110
0.053750,0.291025,-0.054491,774.245307
0.059075,0.469122,-0.057194,464.112014
0.060699,0.532493,-0.056895,652.866281
0.062313,0.582342,-0.057350,442.511657
0.059240,0.477172,-0.056070,546.530474
0.064962,0.688050,-0.059595,778.369489
0.059798,0.502488,-0.057384,695.416658
0.065107,0.690933,-0.059786,710.885910
0.065996,0.701516,-0.060329,93.022130
0.058963,0.475367,-0.056884,768.363528
0.056443,0.387123,-0.055641,798.007553
0.063360,0.629559,-0.058971,724.431518
0.063275,0.615313,-0.059123,390.678174
0.060936,0.539946,-0.056958,625.608178
0.061407,0.558871,-0.058136,678.291243
0.060023,0.506601,-0.056497,596.694548
0.063689,0.628982,-0.057918,382.403967
0.063574,0.638690,-0.058503,778.889922
0.062028,0.584983,-0.058161,803.493522
0.060648,0.534038,-0.057074,748.501285
0.056573,0.390189,-0.055831,750.471124
0.060072,0.513294,-0.057464,728.452465
0.060441,0.528984,-0.057254,811.126625
0.053738,0.290135,-0.053979,767.776676
0.056004,0.370545,-0.055032,773.768987
0.058936,0.475444,-0.056764,800.956103
0.060217,0.513793,-0.057664,589.580301
0.054698,0.323844,-0.054975,751.280150
0.063314,0.630470,-0.058518,806.268831
0.065581,0.704777,-0.060089,622.761838
0.063209,0.612407,-0.057710,394.480414
0.056633,0.392392,-0.055854,752.846122
0.060207,0.520653,-0.057305,807.479910
0.062936,0.597924,-0.058965,231.779451
0.063035,0.616135,-0.058890,667.250550
0.056943,0.399266,-0.055168,645.256270
0.053374,0.266215,-0.054601,431.047426
0.064447,0.670859,-0.059114,813.039427
0.057448,0.417836,-0.055434,665.136669
0.058664,0.465034,-0.056728,776.193650
0.057162,0.394280,-0.054849,276.183116
0.055859,0.366569,-0.055358,801.470208
0.055318,0.346918,-0.054790,792.039849
0.059846,0.504615,-0.056635,718.698766
0.058379,0.455919,-0.056297,809.630814
0.061790,0.574513,-0.057598,749.625095
0.058149,0.443615,-0.056650,679.395093
0.063448,0.627507,-0.059149,569.931619
0.057058,0.409334,-0.055773,813.618984
0.060716,0.533796,-0.057840,658.982731
0.055603,0.357695,-0.055036,810.167134
0.059899,0.507357,-0.056720,743.978470
0.065763,0.713763,-0.059316,710.255073
0.060659,0.530522,-0.057844,622.391030
0.062424,0.585680,-0.058733,405.287437
0.061275,0.557651,-0.057490,787.852399
0.063637,0.632753,-0.059255,527.459898
0.060321,0.524799,-0.057320,811.380033
0.060317,0.521027,-0.057616,699.619701
0.067940,0.770173,-0.061031,915.643418
0.064073,0.649518,-0.058326,583.743143
0.060784,0.524794,-0.057990,321.465308
0.062293,0.588872,-0.058578,637.351142
0.059380,0.484400,-0.056228,612.960242
0.055299,0.343918,-0.054578,726.301913
0.065282,0.698133,-0.059192,750.106584
0.058696,0.458184,-0.055832,554.231698
0.057150,0.409985,-0.056127,731.499570
0.059156,0.482530,-0.056512,785.257285
0.061718,0.567673,-0.057317,627.080713
0.064080,0.633157,-0.057890,101.373340
0.058777,0.466361,-0.056123,707.784488
0.059816,0.504635,-0.056698,749.832361
0.054760,0.327702,-0.054847,803.206278
0.064128,0.655458,-0.059369,686.313786
0.059847,0.507641,-0.056914,802.891352
0.054411,0.293279,-0.055060,147.466840
0.063328,0.631129,-0.058726,807.810663
0.064612,0.676346,-0.059359,799.901346
0.055734,0.348344,-0.055683,389.654522
0.057904,0.436711,-0.056468,733.416443
0.060469,0.527248,-0.056959,735.327472
0.061903,0.565975,-0.058499,367.987975
0.058067,0.436139,-0.055555,561.217815
0.059594,0.491400,-0.057386,579.228879
0.060311,0.523897,-0.057422,794.050255
0.065493,0.692650,-0.060137,356.105350
0.056012,0.359651,-0.054486,452.214589
0.059979,0.512010,-0.056928,794.511763
0.059847,0.507022,-0.057259,779.291404
0.057923,0.430630,-0.056647,531.776785
0.053637,0.284994,-0.054552,712.508308
0.062313,0.593162,-0.057849,754.197160
0.057215,0.414916,-0.055871,813.189154
0.059572,0.477802,-0.057426,200.821604
0.066897,0.756465,-0.060481,776.755198
0.059235,0.469260,-0.057283,301.164405
0.056057,0.372891,-0.055106,786.992764
0.064995,0.690205,-0.059466,810.165435
0.053579,0.274479,-0.053407,480.566490
0.061521,0.567218,-0.057756,811.796588
0.064106,0.657020,-0.058698,764.391762
0.062308,0.589715,-0.058578,646.399192
0.059465,0.480473,-0.056020,411.979959
0.060620,0.535342,-0.057472,809.939470
0.064955,0.676182,-0.059883,432.060563
0.064285,0.647070,-0.058114,295.563172
0.062494,0.601750,-0.058297,812.370604
0.054597,0.321302,-0.054450,789.372913
0.059542,0.495774,-0.056645,773.542427
0.063116,0.622323,-0.058782,766.615880
0.061399,0.562922,-0.057702,811.879631
0.061369,0.547315,-0.056872,395.356645
0.061432,0.559597,-0.057290,685.965665
0.057345,0.419245,-0.056023,803.785295
0.063302,0.619725,-0.057879,511.808713
0.054790,0.319494,-0.055220,524.736636
0.063088,0.609931,-0.059033,427.042994
0.055438,0.329804,-0.053992,175.829902
0.054105,0.299110,-0.054842,638.842692
0.059040,0.460739,-0.057190,253.246008
0.054210,0.305097,-0.054064,718.746804
0.057094,0.394349,-0.056307,327.062820
0.057037,0.407932,-0.055939,791.146088
0.056475,0.384796,-0.055871,692.551105
0.059235,0.486295,-0.056849,809.000086
0.061576,0.563759,-0.058244,645.454071
0.056567,0.391796,-0.055646,807.310404
0.058175,0.441183,-0.055653,596.052976
0.061131,0.552795,-0.057455,794.862554
0.063821,0.644700,-0.059226,689.103106
0.063141,0.624223,-0.058694,798.488260
0.062795,0.597336,-0.058906,361.650140
0.054804,0.325712,-0.055107,694.522878
0.064691,0.679194,-0.059386,801.565668
0.058308,0.451491,-0.056028,756.056400
0.057453,0.417392,-0.056375,632.171069
0.062842,0.609739,-0.058790,679.660260
0.063682,0.643736,-0.058739,811.606792
0.053542,0.284813,-0.054122,812.162281
0.056626,0.392608,-0.055321,775.245452
0.053192,0.265254,-0.054457,594.006854
0.062300,0.589150,-0.057624,652.305106
0.057047,0.407991,-0.055973,782.346323
0.062126,0.585535,-0.057689,724.844047
0.065336,0.701322,-0.059336,786.606347
0.065150,0.687151,-0.058797,569.425602
0.067075,0.763024,-0.060542,783.924226
0.058924,0.469253,-0.057050,625.964922
0.065642,0.712831,-0.059826,800.375372
0.057413,0.421176,-0.055759,794.770376
0.062534,0.590154,-0.058781,422.248000
0.055927,0.357452,-0.054474,476.358345
0.061037,0.545739,-0.057117,689.361273
0.053381,0.279076,-0.054179,809.034274
0.053422,0.276948,-0.054471,699.410672
0.055126,0.338623,-0.055189,740.302934
0.055727,0.352725,-0.055647,526.851132
0.062141,0.570961,-0.058606,266.904436
0.063247,0.627820,-0.058440,798.711322
0.055169,0.342208,-0.055030,803.877798
0.055183,0.335062,-0.054280,590.178723
0.064165,0.648743,-0.059520,447.350220
0.061126,0.540741,-0.056821,454.551204
0.057989,0.442167,-0.056134,810.965404
0.056969,0.394553,-0.056233,463.721190
0.059402,0.476509,-0.057359,340.221677
0.053029,0.266719,-0.053913,813.263507
0.054365,0.307016,-0.054988,600.634496
0.053157,0.271000,-0.053897,807.678630
0.054112,0.303530,-0.054679,764.668279
0.067368,0.759012,-0.060992,356.197238
0.060737,0.534813,-0.056963,680.691762
0.054337,0.312048,-0.054324,787.635762
0.067273,0.763430,-0.060885,586.186958
0.059922,0.502258,-0.056419,573.994560
0.060645,0.522659,-0.056570,423.677482
0.066914,0.754947,-0.060608,712.312913
0.060948,0.540030,-0.057991,600.399264
0.058333,0.450375,-0.056725,687.184064
0.061441,0.557801,-0.057188,625.516461
0.059603,0.499423,-0.056922,813.517636
0.058924,0.462764,-0.057132,433.552119
0.059890,0.507005,-0.057375,732.665210
0.062897,0.607061,-0.057756,559.917992
0.053367,0.275775,-0.054414,723.152232
0.058656,0.465742,-0.056597,807.502203
0.057848,0.431074,-0.056560,624.108745
0.063782,0.632329,-0.057962,383.917559
0.060977,0.536356,-0.058063,460.617353
0.063620,0.640905,-0.058945,790.185370
0.065403,0.690987,-0.060093,400.760968
0.058134,0.438747,-0.056734,551.123515
0.059263,0.476307,-0.056021,498.143348
0.058385,0.453296,-0.056708,719.759586
0.064883,0.661694,-0.059818,80.726119
0.056194,0.368851,-0.055865,514.362286
0.057141,0.396943,-0.054924,374.813025
0.054431,0.315475,-0.054771,784.987082
0.063758,0.635795,-0.059323,490.321915
0.065422,0.700093,-0.059994,651.261839
0.060000,0.506663,-0.056524,621.318383
0.063690,0.639317,-0.059189,666.855442
0.068400,0.770173,-0.060055,915.643418
0.056245,0.380512,-0.055365,812.704018
0.056001,0.371885,-0.055252,812.593312
0.067447,0.766596,-0.061004,496.986032
0.061606,0.570311,-0.057825,813.269370
0.065361,0.701725,-0.059810,764.911653
0.058994,0.464945,-0.057165,425.304983
0.058360,0.436837,-0.055399,280.087099
0.062009,0.582329,-0.058326,742.371624
0.064720,0.663891,-0.058346,336.007222
0.055290,0.331046,-0.055484,342.554404
0.062981,0.614576,-0.058855,677.718385
0.063156,0.624343,-0.058363,791.520023
0.063540,0.636606,-0.059020,744.639688
0.053280,0.269172,-0.054482,617.482658
0.061493,0.565987,-0.057926,801.861906
0.058068,0.444681,-0.056106,803.431154
0.056872,0.399545,-0.055292,724.773326
0.065152,0.695845,-0.059479,813.512275
0.056398,0.382145,-0.055832,695.661742
0.062072,0.586584,-0.058177,804.320078
0.065669,0.706862,-0.059090,608.194821
0.067137,0.764557,-0.060103,771.537126
0.063887,0.645772,-0.059294,651.100825
0.056214,0.373504,-0.054837,646.003469
0.055348,0.333015,-0.054094,362.064437
0.061133,0.531872,-0.058131,165.993966
0.064527,0.671794,-0.059456,752.369308
0.062896,0.615628,-0.058573,800.425943
0.054260,0.309022,-0.054729,772.198065
0.053555,0.280438,-0.054570,662.948786
0.067686,0.770189,-0.060365,915.643418
0.062560,0.598226,-0.058703,633.808098
0.056672,0.390568,-0.055997,657.462514
0.067866,0.770193,-0.059674,915.643418
0.059361,0.489952,-0.057025,783.366233
0.060383,0.515954,-0.056532,498.198496
0.064412,0.663507,-0.059554,625.887738
0.066928,0.758426,-0.060397,803.318273
0.055114,0.340512,-0.054930,812.405580
0.061337,0.540327,-0.056716,224.901739
0.053615,0.276944,-0.053464,514.993481
0.067124,0.762452,-0.059970,725.298140
0.056627,0.388055,-0.056000,629.355673
0.059362,0.465447,-0.055726,80.531846
0.064445,0.663238,-0.059597,583.073377
0.055742,0.362498,-0.055292,803.885410
0.055310,0.330825,-0.054055,337.209309
0.067002,0.760767,-0.060158,799.630344
0.055091,0.336378,-0.055219,709.918384
0.053364,0.270944,-0.054543,581.669763
0.064297,0.650476,-0.058195,382.086717
0.059987,0.511980,-0.056894,785.970095
0.060837,0.538865,-0.057037,694.995862
0.061571,0.565346,-0.058190,697.789532
0.060601,0.534730,-0.057435,812.255422
0.053711,0.290775,-0.054325,809.540664
0.061966,0.582628,-0.057877,802.263316
0.065206,0.687437,-0.059980,502.247252
0.060006,0.513665,-0.057162,812.387176
0.059439,0.493114,-0.057015,796.213684
0.059685,0.492877,-0.056272,545.776930
0.056325,0.378438,-0.055835,661.280409
0.054035,0.280689,-0.054893,167.943633
0.054670,0.323835,-0.054477,787.909748
0.062278,0.590008,-0.057703,699.349016
0.055753,0.361635,-0.054914,772.650246
0.062877,0.601172,-0.057574,410.066157
0.059697,0.496405,-0.056407,634.721330
0.064192,0.660485,-0.058776,776.351615
0.059079,0.480789,-0.056768,810.100626
0.059814,0.496620,-0.056301,521.839371
0.059498,0.484944,-0.057380,489.239307
0.058889,0.474131,-0.056585,813.254395
0.059432,0.492559,-0.056668,792.261692
0.061406,0.555266,-0.057116,588.319196
0.063318,0.610019,-0.059132,190.236082
0.055804,0.363173,-0.055466,757.625171
0.063410,0.619160,-0.059187,362.966393
0.059690,0.497215,-0.056457,665.543081
0.053377,0.276165,-0.054417,724.280201
0.055923,0.369174,-0.055244,813.518041
0.057532,0.408103,-0.055035,297.092217
0.063762,0.635338,-0.059330,473.029775
0.062234,0.592117,-0.058282,798.092299
0.061200,0.550207,-0.058079,638.021716
0.055541,0.355502,-0.055014,810.720595
0.054088,0.291395,-0.054927,428.831017
0.065230,0.686400,-0.060006,446.362333
0.058184,0.449185,-0.056316,813.094240
0.065334,0.677266,-0.058457,93.259606
0.065113,0.689721,-0.059838,667.828031
0.063964,0.646294,-0.058302,601.503680
0.063612,0.623682,-0.057817,307.432156
0.059714,0.500651,-0.057301,728.602038
0.057599,0.428473,-0.056064,812.379318
0.055976,0.356691,-0.054420,403.664037
0.059862,0.499598,-0.056371,559.126327
0.067221,0.762459,-0.059827,626.712703
0.055129,0.334902,-0.054334,640.824924
0.060157,0.516593,-0.056846,747.069012
0.056028,0.370911,-0.055580,751.525801
0.055425,0.349592,-0.054727,760.789949
0.062658,0.607533,-0.058301,813.122226
0.063277,0.625443,-0.058977,689.574931
0.054072,0.295223,-0.053752,575.460981
0.065625,0.702788,-0.058968,535.173542
0.061919,0.579199,-0.058282,744.049969
0.056790,0.392234,-0.056105,582.016615
0.057525,0.422440,-0.056332,707.422883
0.055253,0.345399,-0.054918,812.928057
0.061183,0.555101,-0.057560,807.953479
0.059628,0.499469,-0.057141,785.340169
0.058523,0.460807,-0.056579,800.366840
0.063344,0.618126,-0.059153,401.108875
0.057032,0.406241,-0.055440,754.177295
0.059416,0.489575,-0.057188,713.010371
0.063236,0.627994,-0.058564,813.125515
0.062711,0.603951,-0.058762,645.818240
0.055632,0.358282,-0.054969,799.171538
0.064018,0.636786,-0.057973,270.757782
0.064966,0.678610,-0.059873,492.750935
0.053930,0.297873,-0.054167,794.171263
0.054087,0.303949,-0.054526,805.590805
0.064226,0.661573,-0.059290,765.810735
0.056098,0.375191,-0.055430,807.482172
0.064401,0.669119,-0.059056,810.748640
0.056685,0.383290,-0.056112,427.466092
0.062353,0.596746,-0.058244,811.600760
0.055161,0.334153,-0.055369,569.301571
0.055711,0.361451,-0.055075,809.137947
0.059552,0.493244,-0.056443,691.452132
0.058135,0.447088,-0.056143,804.514356
0.055192,0.337470,-0.054379,650.497036
0.065452,0.701871,-0.059988,671.876804
0.062974,0.603037,-0.057574,363.843065
0.056746,0.371965,-0.054520,54.564550
0.064954,0.688844,-0.059366,813.556659
0.057219,0.414519,-0.055700,800.469251
0.055510,0.354332,-0.054982,809.020622
0.061234,0.557109,-0.057647,812.962389
0.061140,0.549833,-0.057191,702.847584
0.063966,0.653727,-0.059011,808.527331
0.062817,0.607678,-0.057872,659.249035
0.063100,0.621933,-0.058762,771.983505
0.060657,0.531525,-0.057818,654.164121
0.062854,0.612669,-0.058686,755.739414
0.054949,0.329673,-0.055209,659.897682
0.058980,0.472759,-0.057036,671.826313
0.059524,0.488271,-0.056242,577.422066
0.061357,0.560223,-0.057493,779.069053
0.056974,0.399684,-0.056172,609.678744
0.053568,0.267552,-0.053221,290.258282
0.057296,0.406088,-0.055104,481.541162
0.060076,0.511802,-0.057529,678.869161
0.061998,0.569822,-0.057166,402.529155
0.065418,0.694742,-0.060078,496.297870
0.062520,0.602618,-0.058337,810.178166
0.055415,0.348077,-0.054635,728.031220
0.054448,0.298746,-0.053623,291.508824
0.053471,0.282099,-0.054036,807.226083
0.057741,0.426448,-0.056530,598.311326
0.059703,0.493892,-0.056294,555.997601
0.060405,0.520307,-0.057752,585.877086
0.056905,0.387814,-0.056221,330.807386
0.059826,0.506440,-0.056839,790.285994
0.057899,0.435414,-0.056513,699.522626
0.064458,0.670045,-0.059377,773.763372
0.054828,0.329050,-0.054992,770.453548
0.055371,0.341092,-0.054340,572.525650
0.060213,0.497381,-0.056144,133.673317
0.055947,0.358789,-0.055765,475.108429
0.061865,0.575306,-0.058339,684.569945
0.063998,0.643242,-0.059441,459.554611
0.059297,0.475991,-0.055987,454.280600
0.058922,0.457091,-0.057138,269.107899
0.060274,0.510393,-0.057749,429.411895
0.055407,0.347887,-0.055349,719.927616
0.063903,0.645166,-0.059329,616.117987
0.061023,0.535463,-0.056726,407.541788
0.065596,0.707240,-0.060045,680.360989
0.056085,0.374519,-0.055465,800.693882
0.054366,0.304930,-0.053859,555.572251
0.055894,0.355568,-0.055750,435.254512
0.054496,0.314002,-0.054122,684.051626
0.055714,0.360732,-0.055372,779.933692
0.062415,0.581963,-0.058734,304.594866
0.057717,0.422995,-0.055366,538.782156
0.056236,0.352855,-0.055843,0.000000
0.063622,0.637668,-0.058321,702.185692
0.065204,0.686632,-0.058732,499.372249
0.057660,0.418385,-0.056554,444.177342
0.064160,0.659685,-0.059225,779.665273
0.057756,0.413733,-0.056598,207.861061
0.067394,0.768170,-0.059888,615.644160
0.057494,0.417505,-0.056420,592.559577
0.064246,0.663535,-0.059164,804.944457
0.061877,0.564344,-0.057078,368.162814
0.053065,0.267751,-0.054066,804.575162
0.055210,0.336835,-0.054327,613.827721
0.053829,0.295055,-0.054323,813.297217
0.062428,0.597027,-0.058523,738.478543
0.064433,0.645533,-0.059610,73.590867
0.053403,0.277655,-0.053775,750.792670
0.061495,0.564761,-0.057522,769.298115
0.065616,0.712231,-0.059636,812.512700
0.056628,0.394126,-0.055606,813.106717
0.058466,0.449687,-0.055714,543.914236
0.061826,0.578036,-0.057892,811.563381
0.060768,0.517578,-0.056407,148.915917
0.059908,0.507728,-0.056727,744.878956
0.065292,0.697481,-0.059870,711.024745
0.060089,0.513452,-0.056762,725.745785
0.057371,0.409532,-0.055165,504.555881
0.058067,0.444975,-0.056185,812.111909
0.055272,0.346060,-0.055029,810.343732
0.066847,0.755466,-0.060113,803.741872
0.058620,0.460713,-0.056850,692.425691
0.062630,0.593666,-0.057498,445.446680
0.064290,0.663010,-0.058739,749.612537
0.062740,0.609885,-0.058529,794.250552
0.054922,0.327347,-0.054227,633.531927
0.057301,0.417586,-0.056016,801.422605
0.063023,0.615353,-0.058895,656.214037
0.061600,0.569699,-0.057714,802.916486
0.053105,0.266581,-0.053599,735.189598
0.064567,0.675100,-0.059163,812.775427
0.053108,0.269430,-0.053913,811.359333
0.056655,0.395093,-0.055605,813.484006
0.056211,0.379318,-0.055361,813.154586
0.053592,0.274063,-0.053385,454.323053
0.059660,0.500561,-0.056763,790.348108
0.064453,0.666407,-0.059534,669.811035
0.056573,0.391114,-0.055335,785.450649
0.061989,0.583893,-0.058015,813.574098
0.065425,0.680869,-0.058505,104.067002
0.057057,0.407899,-0.056014,768.438421
0.062688,0.602782,-0.057797,649.939204
0.055762,0.362446,-0.055392,780.555211
0.057728,0.429942,-0.055689,727.178907
0.060707,0.538422,-0.057391,812.223520
0.059897,0.491530,-0.056107,288.589784
0.057372,0.413959,-0.055340,630.792358
0.061169,0.554697,-0.057571,809.770339
0.059502,0.489171,-0.056304,625.746115
0.054040,0.300607,-0.054670,753.604906
0.055000,0.336127,-0.054973,800.198747
0.053362,0.273682,-0.054479,665.673664
0.062209,0.581200,-0.058614,497.737286
0.062165,0.576492,-0.057264,424.855421
0.055845,0.362071,-0.055597,680.550559
0.063137,0.610804,-0.059059,401.802892
0.061900,0.576051,-0.057498,683.066006
0.062265,0.573354,-0.058655,207.880199
0.060708,0.534763,-0.057798,696.629404
0.058900,0.466354,-0.055964,582.437346
0.053633,0.284782,-0.053807,721.492815
0.057551,0.408210,-0.055030,280.583505
0.058117,0.445541,-0.056489,771.923537
0.061115,0.549302,-0.057200,712.208106
0.060660,0.527397,-0.056717,546.244930
0.055652,0.358962,-0.054974,798.438605
0.055869,0.367106,-0.055327,807.394697
0.067120,0.765493,-0.060349,813.481797
0.061388,0.554543,-0.057104,585.710169
0.054963,0.327729,-0.055269,586.915637
0.063326,0.631152,-0.058692,811.276630
0.055066,0.318498,-0.055371,206.662676
0.063843,0.645862,-0.059222,700.939236
0.055160,0.340706,-0.054649,774.446920
0.057062,0.409469,-0.055795,813.365350
0.056218,0.365544,-0.055904,391.476557
0.060871,0.544239,-0.057468,812.318336
0.055011,0.334217,-0.054481,740.318395
0.063363,0.629601,-0.058974,722.621533
0.064519,0.663559,-0.058461,533.420983
0.060902,0.539384,-0.056973,644.207276
0.054592,0.314056,-0.055109,571.029460
0.057745,0.432593,-0.056300,779.145029
0.057366,0.417542,-0.056230,728.730032
0.053674,0.281670,-0.054688,574.498818
0.064786,0.678398,-0.058824,688.263273
0.063114,0.623013,-0.058363,795.421880
0.060643,0.534487,-0.057123,765.969363
0.061488,0.566147,-0.057831,812.739469
0.055802,0.364298,-0.055365,794.117467
0.055069,0.320090,-0.053892,273.326331
0.055640,0.354400,-0.054639,681.427323
0.054205,0.294171,-0.053617,408.455853
0.061138,0.536309,-0.058151,291.141251
0.062716,0.604224,-0.057832,662.310281
0.059119,0.478099,-0.057086,684.618423
0.063517,0.632384,-0.058188,657.353184
0.058508,0.457919,-0.056070,737.912193
0.061642,0.571585,-0.057904,812.627808
0.061216,0.551339,-0.057158,667.987435
0.057742,0.433572,-0.056102,813.448692
0.063683,0.641067,-0.058429,736.914273
0.056630,0.392563,-0.055305,769.977246
0.061313,0.546835,-0.058224,418.926525
0.063385,0.624170,-0.059135,537.824204
0.055199,0.336293,-0.054315,609.100979
0.060744,0.535976,-0.057019,707.087732
0.054552,0.318261,-0.054929,739.572068
0.055480,0.347111,-0.055484,618.877944
0.059656,0.499994,-0.057193,771.341775
0.061306,0.549239,-0.058202,498.153781
0.056322,0.382177,-0.055215,784.104018
0.067341,0.761487,-0.059681,476.760436
0.061804,0.572974,-0.058317,679.137992
0.055175,0.338682,-0.055282,689.575867
0.053535,0.280015,-0.054552,671.779778
0.064096,0.656856,-0.059240,762.013214
0.060697,0.535765,-0.057095,747.963182
0.064000,0.650636,-0.059320,677.301313
0.055007,0.336260,-0.054991,796.767087
0.062634,0.598814,-0.058775,574.055624
0.054136,0.298334,-0.054893,584.096610
0.054775,0.327637,-0.054537,790.709700
0.057845,0.435159,-0.055822,757.960044
0.054914,0.326453,-0.054196,616.236684
0.053657,0.288861,-0.054301,809.476971
0.053686,0.287851,-0.053918,755.498985
0.063665,0.641078,-0.058471,755.875663
0.054853,0.331036,-0.054673,808.011516
0.054376,0.314411,-0.054585,812.833315
0.055408,0.344482,-0.055453,616.956634
0.065588,0.711264,-0.059708,812.367748
0.065745,0.703532,-0.060247,413.982033
0.054342,0.306560,-0.053952,627.143393
0.056170,0.375519,-0.055031,748.423545
0.063710,0.642177,-0.058453,741.619320
0.055547,0.351954,-0.054644,704.917730
0.053671,0.288788,-0.054405,790.917282
0.060031,0.507937,-0.056547,626.563382
0.061147,0.531830,-0.056595,174.002596
0.056289,0.381428,-0.055252,796.065079
0.053339,0.277471,-0.053985,808.322654
0.056803,0.386998,-0.056168,413.672644
0.056043,0.370954,-0.054967,746.084540
0.054773,0.327527,-0.054531,789.539294
0.063865,0.639333,-0.058125,502.061490
0.064945,0.674295,-0.059885,387.002605
0.060888,0.535879,-0.056836,557.213094
0.053569,0.284229,-0.053909,770.043566
0.064627,0.662998,-0.059740,385.733857
0.057088,0.410234,-0.055884,807.260114
0.062127,0.576111,-0.058593,432.998641
0.065396,0.702480,-0.059270,759.065587
0.056194,0.373142,-0.054846,656.258274
0.062018,0.582403,-0.057688,744.397726
0.061434,0.563394,-0.057962,786.244397
0.067004,0.757135,-0.059849,694.422057
0.054475,0.315600,-0.054892,740.697501
0.060842,0.543025,-0.057404,807.858179
0.062718,0.604012,-0.058770,639.714070
0.062760,0.600510,-0.057630,510.114084
0.055763,0.352589,-0.055678,485.026218
0.055767,0.340912,-0.054132,159.410516
0.065404,0.704182,-0.059748,793.343270
0.053327,0.277279,-0.054077,813.601530
0.056678,0.394168,-0.055863,758.553182
0.061694,0.570370,-0.058219,718.546919
0.054585,0.314805,-0.055089,600.384180
0.056759,0.397747,-0.055846,780.804376
0.060176,0.519705,-0.057189,813.586272
0.053193,0.270508,-0.054291,749.650478
0.058765,0.469741,-0.056523,813.053499
0.065152,0.692437,-0.059810,708.364822
0.062968,0.618373,-0.058565,807.366455
0.058922,0.464501,-0.057118,486.995163
0.063452,0.635608,-0.058652,812.674078
0.057616,0.418107,-0.055273,500.767403
0.057343,0.417599,-0.056174,755.096539
0.054752,0.327459,-0.054623,807.466689
0.056617,0.385799,-0.054932,589.110366
0.060408,0.526198,-0.057019,767.271485
0.054364,0.312743,-0.054307,780.294405
0.062911,0.610210,-0.057876,636.023538
0.057431,0.420857,-0.056204,759.923913
0.053731,0.289584,-0.054534,750.767176
0.064258,0.658683,-0.059468,645.138117
0.053807,0.290028,-0.054665,682.777762
0.064979,0.683496,-0.059813,624.156879
0.064697,0.679549,-0.059173,809.050541
0.053267,0.273127,-0.054324,749.806217
0.055719,0.347343,-0.054296,396.865945
0.064714,0.677259,-0.059598,717.390947
0.056734,0.397829,-0.055679,811.720662
0.060838,0.539546,-0.057077,714.234780
0.057728,0.429363,-0.056435,699.078341
0.056508,0.388651,-0.055750,774.044882
0.058038,0.419609,-0.055139,110.360880
0.055399,0.341884,-0.055487,549.603388
0.061760,0.557561,-0.056959,291.289839
0.064945,0.667015,-0.058341,195.260960
0.055550,0.328740,-0.053962,28.373958
0.067171,0.766681,-0.060557,792.470462
0.054841,0.330857,-0.054739,813.262297
0.061940,0.569519,-0.057192,453.384591
0.065590,0.710751,-0.059833,793.238296
0.053716,0.286455,-0.054635,672.311778
0.058647,0.463550,-0.056187,757.704240
0.055770,0.359899,-0.055548,694.487820
0.057369,0.409340,-0.055160,500.491967
0.067632,0.765433,-0.059638,291.933665
0.063998,0.642188,-0.058125,448.343004
0.059236,0.463130,-0.057254,119.530385
0.058771,0.462752,-0.055945,609.522355
0.054652,0.321575,-0.054323,742.297474
0.065047,0.687660,-0.058945,688.813163
0.053477,0.281897,-0.054319,790.288187
0.061759,0.575286,-0.057783,802.532366
0.058570,0.452938,-0.055746,531.851690
0.057498,0.419967,-0.055475,675.151937
0.057078,0.405309,-0.055295,681.362616
0.059350,0.486558,-0.056378,704.744158
0.062982,0.618592,-0.058623,798.217328
0.054250,0.308761,-0.054717,774.977937
0.053333,0.266755,-0.054568,489.822694
0.053869,0.278727,-0.054834,283.621401
0.056078,0.370304,-0.055705,679.563035
0.056869,0.388531,-0.056201,389.384122
0.055845,0.358580,-0.055677,576.296630
0.061509,0.558851,-0.057160,586.472646
0.063557,0.637945,-0.058982,767.047895
0.067020,0.759090,-0.059944,734.071427
0.063705,0.643806,-0.058617,792.255444
0.058662,0.463957,-0.056793,745.721220
0.062907,0.615323,-0.058654,779.360541
0.065087,0.687766,-0.059853,637.228002
0.065341,0.692918,-0.060034,522.901892
0.057401,0.421471,-0.055975,812.291700
0.053262,0.270958,-0.054410,689.277437
0.058013,0.442079,-0.056424,778.681228
0.065205,0.672777,-0.058400,95.319379
0.059823,0.493100,-0.056182,411.014312
0.055408,0.349058,-0.055293,754.175271
0.061808,0.572519,-0.058336,661.429078
0.065724,0.715824,-0.059847,803.511313
0.064233,0.662820,-0.058905,801.336618
0.056766,0.397256,-0.055355,766.224969
0.064816,0.681474,-0.058968,745.898751
0.064233,0.660369,-0.058669,732.625771
0.065684,0.714449,-0.059616,808.252768
0.056441,0.386435,-0.055705,779.277481
0.060806,0.537690,-0.057018,692.877914
0.063665,0.639250,-0.059153,690.848181
0.058180,0.449018,-0.056246,812.579147
0.059342,0.488124,-0.056504,757.601633
0.065021,0.690455,-0.059591,788.404066
0.061670,0.563967,-0.057210,569.697076
0.053909,0.287358,-0.053599,514.938519
0.055324,0.345498,-0.054640,746.518318
0.054745,0.321096,-0.054148,634.221908
0.057337,0.418004,-0.056126,774.582967
0.055436,0.344778,-0.055480,595.904374
0.058992,0.468845,-0.055975,560.303549
0.062196,0.583693,-0.058569,585.704075
0.059135,0.463498,-0.055735,257.918491
0.064548,0.667601,-0.058597,620.638469
0.054234,0.304874,-0.054010,687.503638
0.068407,0.770165,-0.060620,915.643418
0.065028,0.674179,-0.058472,318.480830
0.064751,0.673805,-0.059741,575.097170
0.058571,0.460853,-0.056154,758.079475
0.056302,0.378155,-0.054959,690.532343
0.060358,0.522186,-0.057644,691.129423
0.063746,0.644051,-0.058516,758.804618
0.053073,0.265452,-0.054277,724.942540
0.056009,0.364758,-0.055746,587.354801
0.062947,0.616999,-0.058650,786.938204
0.058809,0.468255,-0.056186,729.148900
0.060583,0.534116,-0.057420,812.680610
0.063809,0.627439,-0.059356,191.397404
0.057055,0.409245,-0.055790,813.424973
0.063249,0.617684,-0.059092,487.639893
0.064838,0.669756,-0.059838,364.984847
0.062099,0.585407,-0.058371,739.457643
0.062814,0.610836,-0.058693,742.439961
0.056860,0.399957,-0.055982,739.081159
0.054370,0.313006,-0.054770,775.572780
0.059293,0.484135,-0.056328,693.109673
0.064508,0.672118,-0.059375,782.843122
0.063177,0.620775,-0.058966,655.741391
0.063839,0.649149,-0.058973,805.757776
0.064239,0.657547,-0.059470,631.298049
0.067021,0.761921,-0.060262,811.563529
0.053791,0.291892,-0.054551,756.039947
0.062575,0.595648,-0.057608,558.836339
0.054924,0.320477,-0.055311,413.004683
0.062548,0.594906,-0.058749,548.459542
0.067214,0.758481,-0.059673,519.255028
0.061315,0.542717,-0.056777,318.022459
0.058789,0.466900,-0.056920,698.773453
0.059978,0.500162,-0.056300,456.302467
0.064399,0.655426,-0.058279,420.470854
0.055269,0.342288,-0.054529,710.535708
0.058084,0.443089,-0.056551,732.813056
0.064648,0.666905,-0.059733,478.819049
0.057831,0.433827,-0.055754,734.847858
0.065957,0.708049,-0.060349,326.181929
0.065688,0.705191,-0.060192,523.069425
0.065406,0.682978,-0.058545,185.060910
0.059036,0.476837,-0.056329,744.650295
0.057563,0.420220,-0.055405,616.791737
0.057743,0.433603,-0.056098,813.541466
0.063085,0.617046,-0.057989,655.996851
0.062426,0.597472,-0.057926,762.610722
0.058722,0.467423,-0.056724,786.405377
0.063407,0.632251,-0.058938,755.719031
0.064552,0.662623,-0.059695,453.242375
0.058008,0.430551,-0.056713,439.879313
0.064560,0.672027,-0.059519,723.755974
0.056407,0.385184,-0.055252,783.764534
0.060300,0.523101,-0.057459,781.385612
0.053280,0.275308,-0.054175,802.764107
0.060169,0.517736,-0.057455,758.723916
0.064033,0.656257,-0.058954,813.618356
0.053587,0.286077,-0.054330,799.674043
0.065344,0.695639,-0.058954,616.389174
0.056664,0.380103,-0.056110,354.966836
0.056449,0.387787,-0.055528,812.948380
0.062660,0.607590,-0.058396,810.617551
0.061160,0.553209,-0.057400,778.422398
0.058535,0.453719,-0.056906,573.946775
0.064920,0.683347,-0.058898,694.628619
0.058185,0.448268,-0.056494,781.728543
0.060207,0.512780,-0.056566,586.290387
0.059018,0.476427,-0.056962,741.731888
0.056897,0.402672,-0.055907,781.526049
0.067056,0.760033,-0.060671,713.836565
0.061136,0.553299,-0.057508,803.784338
0.064770,0.679581,-0.058927,737.871990
0.058855,0.465049,-0.057052,573.478613
0.053674,0.283666,-0.053682,648.110386
0.053870,0.286700,-0.054804,517.572578
0.053726,0.281477,-0.054739,514.423496
0.055858,0.366876,-0.055254,813.132891
0.054157,0.294709,-0.053663,473.339567
0.063870,0.645299,-0.058370,669.130356
0.054069,0.302701,-0.054604,785.702245
0.064102,0.658325,-0.059121,800.890727
0.062794,0.605355,-0.058833,599.923918
0.065720,0.713568,-0.059387,748.276076
0.056845,0.397100,-0.056065,669.222402
0.059272,0.478092,-0.057265,523.443643
0.063323,0.612280,-0.059144,251.319873
0.058640,0.459718,-0.055962,656.324063
0.053475,0.276097,-0.053567,633.155241
0.061891,0.580223,-0.058080,806.432515
0.057024,0.401316,-0.056198,605.562442
0.061797,0.573508,-0.057516,714.608934
0.054897,0.329114,-0.055144,698.690517
0.053877,0.273878,-0.054813,132.526045
0.064337,0.659271,-0.059549,579.528353
0.065586,0.705920,-0.060068,651.842785
0.054008,0.286493,-0.053507,388.189404
0.061228,0.552663,-0.057214,694.556831
0.056340,0.381998,-0.055722,752.270724
0.054174,0.305676,-0.054189,771.190027
0.056348,0.382450,-0.055165,766.496773
0.054489,0.317756,-0.054776,791.417013
0.055949,0.369582,-0.055126,801.261377
0.054218,0.302435,-0.054909,618.816978
0.067301,0.767894,-0.059999,702.040513
0.054522,0.319437,-0.054702,808.675199
0.053577,0.285683,-0.054334,797.868331
0.055238,0.340446,-0.054471,689.063780
0.064204,0.655349,-0.058437,618.093059
0.058521,0.456944,-0.055984,696.904354
0.059699,0.501774,-0.056760,785.342869
0.063907,0.651268,-0.058755,801.171451
0.057649,0.429430,-0.055853,791.858706
0.057535,0.426196,-0.056046,811.656344
0.057336,0.419171,-0.055902,813.618538
0.066114,0.706522,-0.060390,117.934878
0.057741,0.433530,-0.056106,813.342027
0.061730,0.574635,-0.057848,811.550186
0.063544,0.634659,-0.058271,694.582518
0.056347,0.364096,-0.055957,214.749596
0.056040,0.355584,-0.055824,284.212974
0.058458,0.458644,-0.056531,803.819947
0.057779,0.433549,-0.055859,778.753155
0.059355,0.462543,-0.057256,-20.567632
0.062283,0.589190,-0.058557,656.938936
0.062925,0.609506,-0.057828,601.876010
0.064486,0.670291,-0.058857,759.942269
0.057788,0.435165,-0.056098,813.569106
0.056924,0.399426,-0.055202,669.088135
0.055334,0.345844,-0.054644,746.185840
0.055638,0.341284,-0.054176,303.676065
0.056278,0.378668,-0.055031,728.850837
0.064113,0.647452,-0.058215,482.451668
0.059723,0.495197,-0.056327,573.927069
0.054015,0.292289,-0.054864,531.095181
0.060371,0.525165,-0.057527,767.772717
0.053817,0.285625,-0.053613,559.393861
0.060202,0.518762,-0.056912,763.038548
0.062191,0.589247,-0.057826,765.139950
0.064520,0.672348,-0.059398,776.727805
0.053937,0.292176,-0.053764,625.072250
0.054181,0.294300,-0.053635,436.560826
0.060401,0.526208,-0.057039,774.216119
0.054637,0.304644,-0.053692,268.847800
0.061124,0.547772,-0.058038,645.966097
0.058470,0.459303,-0.056397,813.342455
0.055676,0.355558,-0.054649,677.730865
0.060021,0.512139,-0.056812,757.060611
0.054490,0.313509,-0.054104,675.604733
0.056483,0.381979,-0.055954,600.386979
0.056722,0.394584,-0.055942,724.708705
0.059950,0.509897,-0.056803,764.862468
0.067047,0.758663,-0.059869,694.795581
0.059354,0.490079,-0.056674,800.477131
0.061448,0.558969,-0.058193,636.905997
0.054249,0.304924,-0.054889,660.362420
0.062929,0.617150,-0.058441,813.535585
0.061973,0.578553,-0.058405,667.634932
0.062675,0.596331,-0.058838,457.736004
0.064535,0.671158,-0.058813,735.505755
0.058024,0.433648,-0.056700,514.605861
0.063460,0.629197,-0.058105,622.985766
0.054379,0.292739,-0.055049,165.207544
0.055125,0.324032,-0.053964,329.659524
0.054924,0.333642,-0.054724,809.896418
0.061697,0.554653,-0.058402,249.606183
0.060366,0.526404,-0.057333,811.969609
0.062352,0.596473,-0.058304,804.363988
0.053004,0.264894,-0.053722,789.189534
0.062468,0.600841,-0.058281,812.617450
0.061202,0.549814,-0.057101,638.984577
0.061180,0.553733,-0.057391,773.112161
0.064149,0.659429,-0.058806,789.235386
0.054394,0.312819,-0.054850,743.542804
0.064287,0.648836,-0.059588,323.030609
0.065009,0.687282,-0.058986,716.724425
0.060283,0.520676,-0.057565,725.524943
0.062703,0.606202,-0.058674,721.962578
0.062929,0.607173,-0.058937,512.501683
0.058469,0.442752,-0.055498,340.192492
0.062871,0.600916,-0.058939,387.387445
0.057488,0.421766,-0.055601,736.240625
0.064989,0.688070,-0.059670,750.282514
0.063157,0.613029,-0.057761,466.561224
0.067398,0.768565,-0.059901,622.611866
0.062369,0.597140,-0.058298,806.445134
0.067237,0.765823,-0.059981,706.984673
0.055821,0.361502,-0.055578,688.545694
0.062838,0.613151,-0.058598,787.406003
0.063760,0.635644,-0.058078,502.882872
0.067249,0.769879,-0.060338,809.192767
0.053218,0.272946,-0.053883,801.721107
0.054386,0.314718,-0.054523,812.965047
0.055299,0.346254,-0.055161,786.952811
0.057754,0.430085,-0.055651,705.064637
0.060834,0.542677,-0.057380,805.296039
0.055433,0.350508,-0.055266,771.374143
0.058359,0.454751,-0.056203,797.314817
0.065018,0.688548,-0.059714,733.137546
0.062640,0.606308,-0.058158,797.768684
0.055107,0.340005,-0.055004,803.490655
0.055631,0.354815,-0.055490,689.688798
0.057607,0.427361,-0.055769,775.359387
0.061862,0.578957,-0.057831,802.517879
0.064773,0.663068,-0.058307,257.934267
0.063463,0.636053,-0.058680,813.467194
0.056765,0.398952,-0.055614,813.176366
0.055932,0.369444,-0.055219,812.504316
0.060586,0.519301,-0.056507,387.021397
0.061434,0.561068,-0.058105,715.105112
0.056921,0.399472,-0.055207,672.751152
0.058014,0.442645,-0.056370,795.158873
0.062361,0.596166,-0.057996,790.377801
0.063425,0.621883,-0.059186,427.976319
0.058140,0.446926,-0.056445,790.259481
0.067145,0.763523,-0.060697,724.604565
0.055551,0.355026,-0.055290,782.248372
0.055112,0.333744,-0.054300,624.701046
0.055300,0.340656,-0.055403,617.237553
0.065031,0.691556,-0.059393,813.412585
0.056697,0.380389,-0.056126,328.987580
0.058097,0.445822,-0.056137,806.004580
0.061838,0.577254,-0.057714,779.611449
0.054743,0.324441,-0.054340,732.673309
0.064033,0.653623,-0.058601,742.120614
0.056073,0.374467,-0.055309,813.460851
0.059273,0.484122,-0.056361,713.008832
0.062494,0.588192,-0.058765,406.486309
0.064700,0.673971,-0.059679,633.878593
0.065334,0.702168,-0.059637,808.351639
0.059812,0.504899,-0.056730,761.716515
0.060317,0.524656,-0.057312,811.816633
0.062529,0.602942,-0.058232,812.709652
0.063354,0.626127,-0.058089,643.178004
0.053262,0.274816,-0.053967,810.063335
0.067054,0.758147,-0.059830,672.807273
0.055496,0.352009,-0.054751,757.971575
0.056480,0.387480,-0.055256,775.786613
0.058954,0.468422,-0.055995,586.631350
0.063546,0.635161,-0.058297,707.142242
0.060810,0.540232,-0.057759,752.975621
0.056289,0.381096,-0.055634,779.930664
0.063181,0.622801,-0.058906,711.855580
0.061889,0.580302,-0.058040,811.012776
0.054752,0.319402,-0.055187,561.323571
0.054520,0.307323,-0.053822,467.175331
0.058914,0.461705,-0.055790,433.296900
0.056893,0.395075,-0.055038,575.095443
0.062657,0.598710,-0.057652,563.417463
0.054544,0.316353,-0.054994,689.826312
0.056914,0.401843,-0.056009,737.888640
0.058751,0.455623,-0.057058,404.287315
0.056709,0.385563,-0.056114,468.986402
0.056931,0.401640,-0.056052,714.358589
0.058990,0.474525,-0.056259,724.722816
0.053024,0.266054,-0.053790,801.086897
0.063814,0.648341,-0.058779,809.914458
0.064879,0.684760,-0.059584,767.775781
0.062568,0.600948,-0.058632,707.473582
0.053988,0.294279,-0.054804,618.383879
0.062009,0.581541,-0.058363,718.583293
0.055931,0.367141,-0.054928,750.303452
0.055545,0.355427,-0.054964,804.787377
0.060786,0.526132,-0.056591,379.648666
0.054339,0.307536,-0.054945,643.593988
0.054425,0.311867,-0.054947,682.546803
0.054198,0.286846,-0.054970,180.081283
0.054231,0.291413,-0.054999,279.346956
0.059432,0.483643,-0.057340,519.179788
0.060472,0.530193,-0.057324,813.579573
0.064056,0.653020,-0.058518,701.166107
0.060694,0.529637,-0.057899,558.698976
0.053886,0.295473,-0.054055,770.578453
0.056702,0.395755,-0.055401,787.357218
0.057721,0.428001,-0.056467,666.140029
0.057640,0.429948,-0.056045,813.598920
0.059824,0.506812,-0.056902,802.767847
0.063719,0.642453,-0.058453,740.064295
0.053717,0.284357,-0.054686,609.520544
0.064584,0.674909,-0.059018,792.185493
0.065400,0.697506,-0.058974,612.393039
0.058619,0.440585,-0.055411,122.706914
0.065558,0.708326,-0.059353,762.031392
0.053365,0.273175,-0.054497,647.482776
0.062985,0.619012,-0.058564,808.461265
0.061989,0.581975,-0.058297,752.961306
0.053953,0.279576,-0.054866,221.078459
0.060235,0.519830,-0.056918,759.655799
0.060113,0.515114,-0.056831,748.743110
0.063683,0.626111,-0.059311,282.788460
0.060750,0.539757,-0.057359,807.505742
0.054666,0.309033,-0.055199,345.006014
0.054160,0.304660,-0.054137,756.327571
0.065339,0.699686,-0.059184,737.033501
0.061800,0.576950,-0.057840,807.763451
0.059822,0.495424,-0.056254,479.453594
0.061943,0.577777,-0.057528,688.432493
0.053843,0.293122,-0.053967,747.153913
0.064054,0.655830,-0.058738,783.055112
0.062575,0.599487,-0.057781,669.693071
0.061633,0.558366,-0.057043,445.725613
0.061753,0.572761,-0.057550,737.876280
0.055304,0.321074,-0.053865,59.264025
0.060882,0.533581,-0.058015,478.236707
0.057910,0.434614,-0.056555,664.039860
0.058146,0.447312,-0.056121,800.182903
0.053366,0.275476,-0.053696,725.932980
0.065146,0.690164,-0.059872,646.078466
0.056757,0.391708,-0.056078,601.478209
0.056201,0.371405,-0.054757,598.613655
0.059031,0.473531,-0.057087,641.422507
0.056511,0.389868,-0.055605,809.232175
0.064929,0.675878,-0.058573,470.050851
0.058333,0.452128,-0.056652,740.396826
0.061689,0.570673,-0.057532,742.056646
0.063025,0.620268,-0.058389,806.506058
0.059667,0.483034,-0.055994,278.078867
0.057892,0.438094,-0.055973,793.838862
0.063417,0.633420,-0.058883,780.679903
0.057493,0.419849,-0.055476,676.723276
0.062627,0.606191,-0.058211,806.980833
0.060767,0.531052,-0.056761,541.710671
0.064456,0.671064,-0.059237,808.271184
0.064723,0.677135,-0.059619,704.639838
0.056492,0.385278,-0.055882,689.809736
0.061851,0.574181,-0.057468,679.107333
0.057107,0.387083,-0.054721,122.779253
0.059812,0.484875,-0.055991,182.498661
0.065640,0.706111,-0.060131,600.376432
0.061414,0.555722,-0.058218,576.230461
0.056336,0.372394,-0.054675,489.162630
0.054115,0.304633,-0.054588,795.973251
0.056291,0.380702,-0.055163,773.861809
0.060601,0.531056,-0.056963,711.479012
0.053590,0.279745,-0.054631,605.793653
0.065391,0.692232,-0.058784,470.078586
0.053419,0.272776,-0.054570,578.276356
0.064194,0.658877,-0.058643,729.319190
0.057938,0.432949,-0.056628,584.115626
0.054286,0.309423,-0.054776,756.374816
0.057321,0.408995,-0.056376,522.147681
0.056293,0.381945,-0.055551,802.325938
0.063813,0.642877,-0.059267,643.021318
0.057800,0.409644,-0.056573,42.145569
0.053626,0.282675,-0.053696,668.354827
0.058066,0.436052,-0.055552,559.811948
0.064624,0.665433,-0.059726,460.407227
0.064543,0.670355,-0.059553,691.723498
0.057998,0.435792,-0.055611,621.457091
0.057129,0.411076,-0.055624,793.644486
0.063196,0.626624,-0.058587,813.508852
0.060374,0.525534,-0.057511,774.839064
0.061892,0.569984,-0.057241,515.739371
0.067341,0.769503,-0.060825,695.358544
0.062805,0.601080,-0.058897,461.184868
0.054984,0.335786,-0.054758,810.578657
0.055522,0.349618,-0.055479,649.841641
0.063701,0.641410,-0.059135,718.023376
0.056274,0.381393,-0.055330,808.969741
0.055636,0.358918,-0.055203,809.472507
0.063719,0.644512,-0.058652,797.973457
0.066154,0.710804,-0.058913,223.936997
0.060127,0.516846,-0.057393,776.914661
0.053463,0.277908,-0.053678,697.664129
0.055367,0.336680,-0.054188,448.943981
0.057640,0.424304,-0.055505,655.846256
0.063327,0.613347,-0.057681,300.749245
0.053294,0.274253,-0.054326,755.099523
0.057974,0.441748,-0.056186,813.602173
0.056809,0.391199,-0.054965,549.466505
0.055932,0.366825,-0.055574,730.175688
0.062442,0.594660,-0.057714,666.599521
0.067200,0.764234,-0.059948,699.553632
0.055273,0.333307,-0.054144,447.699865
0.062693,0.586982,-0.057308,186.538200
0.062718,0.608103,-0.058609,763.024483
0.060951,0.544566,-0.057858,733.024927
0.061543,0.564040,-0.057370,700.781050
0.059722,0.496390,-0.056378,609.114040
0.065661,0.702476,-0.060197,470.675328
0.062238,0.586776,-0.058556,633.074252
0.061258,0.536634,-0.058190,176.021942
0.061827,0.574078,-0.058317,688.225466
0.061931,0.555975,-0.056892,68.821179
0.056989,0.405962,-0.055944,783.129761
0.058073,0.439264,-0.056659,629.944218
0.061789,0.566274,-0.057192,514.024371
0.057444,0.422938,-0.056019,810.427722
0.056835,0.400516,-0.055875,782.748989
0.061254,0.556202,-0.057947,760.112226
0.060870,0.544273,-0.057545,812.921722
0.067274,0.763475,-0.060885,586.487173
0.059658,0.500196,-0.056730,782.349960
0.058143,0.444459,-0.056608,711.680969
0.062322,0.575371,-0.058681,207.824716
0.057769,0.432892,-0.056354,761.670643
0.056872,0.402732,-0.055672,813.439546
0.057961,0.434659,-0.056621,611.490322
0.055760,0.361349,-0.054870,757.597617
0.053364,0.278569,-0.054140,811.858641
0.054118,0.304841,-0.054579,798.388050
0.053070,0.267059,-0.054174,777.035011
0.060474,0.530001,-0.057235,807.751263
0.057630,0.420380,-0.055344,552.215726
0.064253,0.662606,-0.059297,768.178734
0.062993,0.611263,-0.057832,583.008246
0.055980,0.364819,-0.055712,619.793102
0.064756,0.681702,-0.059376,807.963735
0.064503,0.664402,-0.058508,573.630507
0.058935,0.461873,-0.057143,396.005414
0.063205,0.619789,-0.057972,612.429034
0.053631,0.281111,-0.054652,602.941470
0.065396,0.697746,-0.060015,608.379944
0.062777,0.594972,-0.057457,332.191453
0.060827,0.524422,-0.058007,266.066174
0.058538,0.459406,-0.056744,741.110396
0.053611,0.278058,-0.053509,551.290549
0.058903,0.467164,-0.055995,602.555913
0.061396,0.562833,-0.057820,810.566688
0.059091,0.481302,-0.056717,813.456923
0.064317,0.651393,-0.058209,387.770840
0.059850,0.505940,-0.056721,752.441348
0.058581,0.452160,-0.055710,498.667116
0.065374,0.703725,-0.059569,813.618962
0.062182,0.581853,-0.058584,545.168951
0.060622,0.535279,-0.057504,806.055009
0.053828,0.292253,-0.054618,727.307682
0.061006,0.544428,-0.057962,670.126358
0.059201,0.463874,-0.057252,177.432379
0.053314,0.275812,-0.053857,787.680127
0.057976,0.440407,-0.056435,767.863628
0.055271,0.336944,-0.054271,554.694952
0.053559,0.281521,-0.054542,691.376216
0.061730,0.570138,-0.058290,672.752039
0.053953,0.298168,-0.054588,772.761747
0.062154,0.576000,-0.058610,401.244943
0.060084,0.508892,-0.057607,583.731127
0.058578,0.459878,-0.056067,723.314407
0.055045,0.338075,-0.054833,813.290111
0.059397,0.483348,-0.056166,564.557735
0.064627,0.674852,-0.059527,738.287973
0.063065,0.613775,-0.058977,565.393779
0.058991,0.477584,-0.056759,806.275869
0.064112,0.649838,-0.059468,535.219288
0.063829,0.648979,-0.058908,812.234376
0.055076,0.328943,-0.054140,522.518157
0.057974,0.440064,-0.056451,759.797488
0.055098,0.334778,-0.055281,655.094003
0.055930,0.350364,-0.054280,267.291436
0.054933,0.327430,-0.054219,625.065936
0.053493,0.271060,-0.054652,449.564447
0.061765,0.562038,-0.057073,415.830327
0.057405,0.421612,-0.055927,813.603771
0.055067,0.337851,-0.054654,787.060026
0.057620,0.418264,-0.056525,483.310179
0.065016,0.675793,-0.058519,378.287708
0.064398,0.664790,-0.059500,679.471577
0.055062,0.338646,-0.054828,812.831380
0.064567,0.672267,-0.058826,734.781535
0.054249,0.302237,-0.054947,580.402215
0.061039,0.542001,-0.056937,580.255765
0.058939,0.475498,-0.056500,803.007771
0.061998,0.583127,-0.058243,778.101750
0.056752,0.395447,-0.055248,729.170362
0.062208,0.589548,-0.058406,748.090276
0.063001,0.616472,-0.058087,724.295467
0.059922,0.509667,-0.056864,785.749887
0.057210,0.411799,-0.055466,733.056293
0.064772,0.666761,-0.058397,366.733335
0.060520,0.527644,-0.056893,695.691269
0.057234,0.406905,-0.056324,551.281291
0.057765,0.417498,-0.056613,308.833457
0.065872,0.700309,-0.060297,186.616764
0.067000,0.758088,-0.059915,726.059980
0.064875,0.683773,-0.059633,742.473234
0.066110,0.713029,-0.060419,312.458977
0.061303,0.559218,-0.057848,800.198591
0.057964,0.441388,-0.056241,811.726777
0.060372,0.526348,-0.057412,802.304400
0.065798,0.716046,-0.060073,730.378085
0.056504,0.375012,-0.054651,393.344330
0.058521,0.440971,-0.055439,235.340370
0.059326,0.481146,-0.056147,574.069663
0.058525,0.446828,-0.055580,401.039854
0.058766,0.465768,-0.056920,689.174847
0.057660,0.430651,-0.056034,813.486536
0.063831,0.637711,-0.059362,470.856852
0.066939,0.757882,-0.060046,781.142917
0.061169,0.533613,-0.058150,180.528158
0.058525,0.456856,-0.055972,690.200523
0.061177,0.535273,-0.056656,243.446210
0.057167,0.404429,-0.055149,564.811169
0.065439,0.703082,-0.059921,722.845702
0.062373,0.595891,-0.058451,763.161458
0.060625,0.533821,-0.057666,757.291334
0.053512,0.283187,-0.054328,792.215386
0.055988,0.363537,-0.055745,572.843900
0.055483,0.333741,-0.055564,221.020597
0.058356,0.440684,-0.055498,396.499079
0.061364,0.543118,-0.056768,278.360319
0.059726,0.494069,-0.057474,519.765438
0.053605,0.285763,-0.053949,777.032169
0.055414,0.351153,-0.055062,812.658148
0.067371,0.764568,-0.059764,534.372801
0.058013,0.431572,-0.055434,483.996440
0.065144,0.695555,-0.059487,813.223175
0.054643,0.318973,-0.055066,663.374114
0.057800,0.432828,-0.055745,736.966525
0.065182,0.695734,-0.059702,775.567447
0.055308,0.347391,-0.055001,813.207079
0.053631,0.287266,-0.054027,793.263360
0.056937,0.403426,-0.055975,761.690011
0.058195,0.439268,-0.056781,502.635749
0.065843,0.699723,-0.060286,199.418137
0.053322,0.276627,-0.053929,801.534722
0.059290,0.488341,-0.056836,812.336398
0.060637,0.535642,-0.057546,799.693264
0.057608,0.413421,-0.055136,374.010146
0.054662,0.321856,-0.054995,729.669920
0.053173,0.269596,-0.054293,743.306357
0.059774,0.504783,-0.057191,790.244451
0.058125,0.445746,-0.056012,777.525516
0.055189,0.342297,-0.055119,784.408095
0.057294,0.415373,-0.056179,740.183248
0.064333,0.646874,-0.058093,240.252970
0.063113,0.623535,-0.058622,808.551140
0.062172,0.585248,-0.057599,670.817704
0.067564,0.760854,-0.059559,228.234482
0.060134,0.501702,-0.057693,319.189002
0.054926,0.333451,-0.054669,802.875483
0.053828,0.294677,-0.054189,805.942286
0.056451,0.385395,-0.055153,745.866338
0.060926,0.546055,-0.057645,805.683024
0.054764,0.324261,-0.055089,694.140040
0.058040,0.442723,-0.055971,776.756163
0.062507,0.600827,-0.058007,776.286644
0.060711,0.533672,-0.056939,674.311883
0.060561,0.533039,-0.057494,803.156638
0.062688,0.604237,-0.058720,679.017274
0.065256,0.691588,-0.059972,572.997482
0.054051,0.288176,-0.053531,392.876157
0.056117,0.362399,-0.055856,404.770121
0.064083,0.654005,-0.059345,689.946636
0.059936,0.511188,-0.057056,813.024709
0.058832,0.467367,-0.056093,680.154251
0.055649,0.359482,-0.055151,813.379277
0.054296,0.309102,-0.054817,736.584350
0.058048,0.440985,-0.055817,719.913036
0.062873,0.597816,-0.058942,294.037966
0.059590,0.493347,-0.056394,655.777808
0.054745,0.325630,-0.054989,754.902744
0.063998,0.649633,-0.059346,649.308689
0.053355,0.275464,-0.053716,736.263863
0.053627,0.285998,-0.054482,753.265869
0.057066,0.391781,-0.056292,280.135210
0.057353,0.419720,-0.055862,812.228070
0.058737,0.468788,-0.056537,813.614272
0.058589,0.449675,-0.056985,397.639411
0.063607,0.622267,-0.059273,249.031525
0.054696,0.318549,-0.055142,595.501696
0.060069,0.505729,-0.057635,506.217219
0.058327,0.448287,-0.055801,645.702751
0.059676,0.501518,-0.056827,801.548190
0.061552,0.547559,-0.058327,191.312623
0.058627,0.464588,-0.056609,803.562113
0.062001,0.580125,-0.058401,684.519045
0.068565,0.770164,-0.060382,915.643418
0.060637,0.536041,-0.057414,813.581277
0.061607,0.569609,-0.058034,788.379037
0.055437,0.350944,-0.054820,786.308687
0.059858,0.505742,-0.056689,738.885382
0.061944,0.561686,-0.056990,221.828212
0.062626,0.604092,-0.058611,740.065505
0.064208,0.657433,-0.058533,673.481916
0.061520,0.554940,-0.057009,461.997813
0.062375,0.596000,-0.058449,764.476458
0.056479,0.386612,-0.055802,743.166602
0.054392,0.303061,-0.053772,474.303690
0.058221,0.441546,-0.056778,542.853864
0.058952,0.467089,-0.055944,550.373925
0.064435,0.668379,-0.059422,747.769977
0.054229,0.306663,-0.054790,734.254089
0.065871,0.708496,-0.058980,448.725423
0.058768,0.469863,-0.056580,813.161846
0.060122,0.508838,-0.056490,559.369975
0.053238,0.266094,-0.054491,570.535774
0.060094,0.510762,-0.057581,629.171478
0.067859,0.770185,-0.060308,915.643418
0.064375,0.664085,-0.058651,695.259740
0.062289,0.590666,-0.058520,695.224179
0.057028,0.407278,-0.055550,787.443791
0.063199,0.619964,-0.059013,607.911210
0.059515,0.493590,-0.057211,728.475424
0.062306,0.593072,-0.058447,749.852369
0.059040,0.477723,-0.056944,756.959883
0.062314,0.585663,-0.058654,520.124247
0.059899,0.502168,-0.056438,594.818651
0.061288,0.548737,-0.056971,520.549558
0.054412,0.313856,-0.054835,755.666079
0.060284,0.520499,-0.056861,730.063559
0.054458,0.317047,-0.054485,807.027819
0.057853,0.420299,-0.055201,321.118019
0.056136,0.373336,-0.055696,709.395087
0.062277,0.594071,-0.058150,813.607682
0.057726,0.432979,-0.056097,813.404916
0.056406,0.385764,-0.055633,796.070863
0.061189,0.544068,-0.058158,467.372917
0.064977,0.678207,-0.058615,487.550921
0.064225,0.659905,-0.059377,716.356210
0.063746,0.642139,-0.059189,691.810095
0.067013,0.760299,-0.060558,767.559440
0.061964,0.569198,-0.058524,399.580596
0.058720,0.456926,-0.055768,494.056107
0.063770,0.644971,-0.059112,751.574165
0.059162,0.469213,-0.057248,375.104672
0.059470,0.489738,-0.057270,660.714098
0.061094,0.550350,-0.057884,755.096325
0.059864,0.508103,-0.057218,794.074156
0.054958,0.332698,-0.055111,741.496321
0.056420,0.371044,-0.055999,343.349387
0.061934,0.579960,-0.058275,751.316358
0.059084,0.465318,-0.057214,342.512357
0.055440,0.349783,-0.055330,741.989744
0.053661,0.279340,-0.053512,536.357092
0.056216,0.368561,-0.054635,501.688512
0.063125,0.622112,-0.058820,750.679062
0.059734,0.500726,-0.057337,709.700747
0.062842,0.601230,-0.057596,447.325458
0.055162,0.333220,-0.055383,541.122541
0.058381,0.453685,-0.056033,745.852069
0.053632,0.287994,-0.054159,811.862132
0.053172,0.271123,-0.054176,791.330654
0.065796,0.710368,-0.059105,579.073135
0.059471,0.492207,-0.057182,733.749328
0.057736,0.409569,-0.056565,105.761889
0.065640,0.711899,-0.059455,781.442593
0.065412,0.691860,-0.060094,416.978635
0.065225,0.690464,-0.058857,587.962628
0.053182,0.269035,-0.054337,717.490323
0.067292,0.759839,-0.060944,459.187205
0.057066,0.409596,-0.055743,812.819260
0.061811,0.575929,-0.058198,761.387856
0.057718,0.414361,-0.056588,265.785223
0.064717,0.678505,-0.058964,760.518926
0.063471,0.620820,-0.057806,369.263593
0.057944,0.440202,-0.056034,801.008268
0.054198,0.301454,-0.054904,611.474319
0.057072,0.404780,-0.055275,672.497573
0.057932,0.437031,-0.056510,713.145668
0.058008,0.437980,-0.056603,661.155577
0.055028,0.318570,-0.055360,248.150201
0.059022,0.462057,-0.055744,332.033168
0.063648,0.642595,-0.058769,813.536748
0.064645,0.663065,-0.059750,368.647420
0.057639,0.429908,-0.056067,813.091363
0.061458,0.564943,-0.057711,810.508626
0.061566,0.568776,-0.057764,810.897834
0.054422,0.315696,-0.054702,801.641303
0.063287,0.629651,-0.058715,806.699034
0.058591,0.446440,-0.055538,322.212934
0.062066,0.582855,-0.058416,697.118668
0.063282,0.610423,-0.059124,239.755080
0.063409,0.621828,-0.057871,462.211684
0.065185,0.692569,-0.059009,689.520188
0.055410,0.342903,-0.055484,567.793470
0.056693,0.384459,-0.054819,472.617276
0.061210,0.555967,-0.057796,801.955439
0.057866,0.426649,-0.055377,492.681209
0.064594,0.673250,-0.058840,735.542353
0.066923,0.757212,-0.060508,770.937145
0.058939,0.475905,-0.056605,813.132287
0.065804,0.701417,-0.058820,312.122545
0.054222,0.307789,-0.054253,783.157966
0.055774,0.362068,-0.054896,764.163372
0.060095,0.516824,-0.057144,813.460380
0.056944,0.401002,-0.056098,680.824820
0.060770,0.521936,-0.057979,252.367347
