0.063855,0.650756,-0.059603,156.908105
0.055788,0.358603,-0.055733,418.324918
0.064270,0.685249,-0.059688,687.228788
0.055619,0.364557,-0.054886,771.426104
0.056643,0.401949,-0.055309,748.323363
0.063082,0.635830,-0.058068,562.952053
0.054016,0.302732,-0.053973,720.715120
0.064227,0.675802,-0.059794,466.796329
0.057515,0.436618,-0.055942,802.827096
0.055157,0.339991,-0.055389,557.528805
0.053711,0.282520,-0.054723,462.001764
0.059482,0.496041,-0.057516,400.576515
0.057494,0.425522,-0.055322,524.730114
0.055069,0.339254,-0.055303,629.997720
0.064676,0.704695,-0.059495,811.882134
0.056496,0.382348,-0.054665,363.883504
0.059301,0.503626,-0.057020,806.340846
0.056721,0.385927,-0.054662,230.787775
0.057584,0.439466,-0.056032,809.427399
0.064962,0.711314,-0.059215,704.210199
0.058666,0.474556,-0.057019,653.205876
0.055269,0.352052,-0.054776,787.085709
0.060410,0.535964,-0.056781,563.647057
0.060196,0.536819,-0.057502,797.568229
0.054871,0.334868,-0.055123,714.577271
0.062967,0.632855,-0.058065,598.889316
0.060260,0.533043,-0.057812,622.100412
0.056250,0.389546,-0.055551,805.984079
0.055573,0.361954,-0.055425,738.665343
0.057485,0.433446,-0.055716,748.734794
0.064964,0.713908,-0.059905,763.926106
0.059215,0.500262,-0.056779,805.286144
0.066608,0.770054,-0.059867,628.406173
0.061757,0.575080,-0.057110,255.962247
0.060752,0.539158,-0.058128,278.719661
0.063016,0.642644,-0.058759,811.184982
0.060668,0.553891,-0.057382,787.522736
0.059493,0.509494,-0.056765,774.623278
0.061189,0.574382,-0.057830,812.207319
0.062073,0.604869,-0.057922,746.307690
0.063622,0.651249,-0.058171,433.104154
0.057874,0.432893,-0.055305,337.138759
0.060682,0.550574,-0.057974,671.751480
0.060127,0.534538,-0.057406,807.806111
0.056137,0.376659,-0.055861,558.218631
0.064507,0.696206,-0.059123,756.022908
0.056711,0.404393,-0.055335,745.691276
0.057814,0.435530,-0.055412,471.212710
0.057777,0.444005,-0.055831,738.792829
0.061456,0.574078,-0.058442,518.424588
0.067068,0.770905,-0.059617,180.342350
0.061607,0.588218,-0.058297,758.858434
0.060973,0.564633,-0.057462,769.751987
0.059271,0.501300,-0.056669,777.531112
0.066702,0.766548,-0.060996,417.196668
0.062660,0.617794,-0.057785,501.856684
0.055249,0.348677,-0.055316,706.122955
0.060170,0.535427,-0.057159,791.539934
0.064030,0.680390,-0.059307,805.443042
0.059028,0.493516,-0.056860,809.447085
0.064037,0.680838,-0.059215,812.237400
0.056921,0.414635,-0.055699,808.173955
0.062452,0.621504,-0.058517,808.915840
0.064053,0.666185,-0.058345,400.360986
0.056082,0.380460,-0.055003,734.813315
0.062819,0.627768,-0.058013,611.879446
0.061650,0.590192,-0.057811,776.110253
0.061883,0.588906,-0.058658,487.364354
0.065173,0.700671,-0.060243,174.159304
0.062763,0.626319,-0.058014,628.897507
0.054375,0.312802,-0.054979,615.187486
0.063382,0.655450,-0.059087,784.589752
0.053221,0.273751,-0.054302,731.310982
0.064849,0.708194,-0.059921,723.989774
0.065040,0.706439,-0.058922,492.888421
0.059580,0.498203,-0.057566,357.858576
0.058003,0.447846,-0.055696,615.052927
0.064577,0.700972,-0.059428,811.057650
0.062684,0.623777,-0.057994,639.599743
0.055300,0.353771,-0.055140,797.742638
0.060579,0.538782,-0.056742,468.549855
0.058194,0.460988,-0.056145,776.547614
0.063673,0.656059,-0.059519,493.934643
0.061984,0.591620,-0.058714,457.352631
0.066528,0.764495,-0.060879,541.633173
0.054821,0.336192,-0.054846,807.881800
0.053001,0.268002,-0.054005,802.781378
0.055201,0.326522,-0.055424,136.290881
0.060401,0.540757,-0.057819,690.587577
0.058321,0.447258,-0.055466,272.234219
0.058811,0.476656,-0.056028,576.486118
0.058291,0.466026,-0.056459,812.015286
0.064696,0.702644,-0.059167,738.786931
0.061079,0.569677,-0.057634,798.650079
0.054408,0.308649,-0.053784,483.805226
0.062868,0.636948,-0.058748,805.186605
0.058267,0.463420,-0.056154,768.820599
0.058218,0.463225,-0.056479,808.527505
0.056056,0.382087,-0.055500,798.736480
0.064250,0.688616,-0.059236,808.449820
0.055954,0.371379,-0.054713,618.047742
0.066463,0.759605,-0.059607,491.278453
0.062020,0.594770,-0.057507,525.688319
0.061046,0.548818,-0.058265,242.258421
0.062036,0.587020,-0.058747,274.860426
0.059927,0.526172,-0.057432,781.067661
0.062377,0.617530,-0.058634,773.827121
0.060228,0.526353,-0.056595,487.353891
0.060059,0.531020,-0.057075,784.318385
0.053578,0.286376,-0.054504,710.764871
0.056186,0.387316,-0.055478,810.380419
0.056354,0.387929,-0.054979,661.551699
0.055550,0.362463,-0.055331,777.787713
0.063305,0.630870,-0.057814,198.495923
0.062388,0.618952,-0.058528,803.471630
0.055152,0.344961,-0.055273,702.888055
0.059864,0.503567,-0.056181,234.758644
0.053272,0.276962,-0.054256,768.601864
0.060086,0.533151,-0.057322,812.076473
0.063764,0.670455,-0.059172,806.292886
0.064163,0.676945,-0.058617,581.907149
0.056891,0.412527,-0.055980,776.765739
0.054374,0.317664,-0.054819,753.843205
0.064408,0.674389,-0.058393,261.250499
0.057862,0.431676,-0.056736,294.599213
0.053581,0.289377,-0.054329,793.486350
0.055606,0.341722,-0.054077,161.438426
0.060662,0.547529,-0.056990,622.636286
0.061522,0.563841,-0.056947,188.163156
0.061536,0.587324,-0.058055,810.553834
0.064755,0.706937,-0.059733,789.360140
0.055675,0.356743,-0.055665,484.350691
0.063745,0.668643,-0.059294,773.583797
0.059438,0.500200,-0.057450,563.089787
0.061269,0.575519,-0.057591,765.592298
0.064166,0.677503,-0.058636,594.500406
0.062082,0.603504,-0.057818,700.725843
0.063286,0.652425,-0.058979,800.364460
0.065492,0.715492,-0.060412,254.751063
0.064218,0.687526,-0.059368,808.999915
0.062798,0.626273,-0.059064,576.007436
0.054404,0.320110,-0.054408,797.255674
0.054682,0.330091,-0.054904,780.614969
0.063393,0.631719,-0.059366,107.064532
0.063087,0.645314,-0.058795,811.085074
0.059482,0.500175,-0.056293,533.930589
0.056628,0.391739,-0.056129,466.921220
0.060808,0.551197,-0.056987,573.815762
0.057777,0.446820,-0.056223,811.635236
0.056421,0.393856,-0.055824,744.278315
0.055420,0.354126,-0.054587,692.073271
0.054536,0.325580,-0.054703,808.583469
0.057081,0.420797,-0.055837,812.000431
0.062073,0.595542,-0.058753,474.047128
0.066266,0.758137,-0.059742,651.907070
0.060990,0.560013,-0.057157,628.086386
0.063068,0.644564,-0.058802,809.994159
0.061120,0.561837,-0.058276,528.127883
0.062335,0.614392,-0.058030,739.249824
0.056759,0.402790,-0.055161,654.333466
0.065193,0.714093,-0.060241,527.912604
0.058365,0.460814,-0.056922,583.449792
0.061672,0.585786,-0.058494,620.991847
0.056799,0.406287,-0.055287,708.252420
0.062279,0.595828,-0.057389,289.679296
0.055692,0.367302,-0.055431,764.872362
0.052974,0.266752,-0.053731,799.533924
0.053427,0.277328,-0.054523,614.001481
0.057303,0.429067,-0.056007,810.964787
0.057389,0.424235,-0.055371,596.545274
0.063602,0.654415,-0.058288,539.907240
0.059678,0.508939,-0.057570,556.025871
0.064328,0.679134,-0.058556,473.921161
0.055768,0.369324,-0.054894,750.973707
0.054389,0.320032,-0.054645,807.112742
0.061045,0.566681,-0.058055,743.724118
0.058123,0.459696,-0.056426,809.185005
0.066663,0.769984,-0.060939,553.646813
0.062131,0.600168,-0.058758,543.079392
0.059261,0.501576,-0.057085,789.148421
0.053103,0.271651,-0.054078,798.236237
0.059071,0.492755,-0.056484,749.791499
0.062375,0.611173,-0.057799,611.464898
0.055577,0.355733,-0.054467,575.768272
0.065026,0.711773,-0.060099,637.580804
0.063792,0.662921,-0.059551,561.198605
0.059317,0.496759,-0.057376,593.234128
0.064390,0.694012,-0.059366,812.093384
0.054544,0.321610,-0.054177,697.999065
0.055730,0.365049,-0.054701,673.427585
0.057759,0.442463,-0.055766,715.617319
0.054467,0.319708,-0.054929,713.602838
0.058952,0.489885,-0.056569,790.830669
0.057988,0.445372,-0.056760,544.626168
0.063986,0.672805,-0.059599,635.489625
0.054704,0.326777,-0.054211,676.251560
0.063023,0.629365,-0.059220,427.070306
0.066287,0.762502,-0.060590,739.469855
0.056206,0.388050,-0.055490,810.157502
0.057525,0.415678,-0.055044,222.097369
0.056482,0.394929,-0.055905,710.166971
0.056424,0.385716,-0.054813,530.118820
0.053288,0.278921,-0.053975,810.522217
0.057274,0.406837,-0.054934,237.054417
0.061899,0.600024,-0.057988,790.315559
0.054139,0.308669,-0.054126,756.939815
0.056968,0.408491,-0.055168,596.802478
0.060435,0.545877,-0.057365,804.981609
0.061334,0.578879,-0.057713,789.817327
0.055336,0.332753,-0.055498,169.662339
0.058260,0.464787,-0.056502,808.193300
0.064712,0.686651,-0.060036,263.800166
0.056056,0.374148,-0.054718,589.479823
0.056660,0.400420,-0.056029,677.367477
0.059009,0.471430,-0.055765,229.681541
0.062371,0.616798,-0.058129,767.639139
0.054636,0.322851,-0.055099,623.360955
0.060698,0.543891,-0.058092,467.146350
0.057633,0.428528,-0.056618,445.470136
0.054720,0.332467,-0.054673,810.946064
0.063471,0.659669,-0.058967,811.682983
0.059563,0.505938,-0.057494,592.985335
0.062179,0.603455,-0.057688,600.967168
0.057624,0.436967,-0.056478,691.913537
0.062011,0.605060,-0.058287,810.395154
0.062568,0.621175,-0.058882,673.874941
0.057758,0.445826,-0.056301,802.421967
0.054263,0.311368,-0.054857,692.453141
0.062377,0.618117,-0.058244,795.663884
0.061125,0.571983,-0.057832,811.824497
0.060300,0.536407,-0.057786,675.027169
0.061706,0.593708,-0.058117,811.669286
0.057662,0.434535,-0.056583,583.459525
0.056524,0.391242,-0.056045,562.411148
0.061992,0.595168,-0.057546,565.962901
0.057597,0.433730,-0.056523,629.063254
0.061057,0.562660,-0.058199,617.489154
0.061215,0.574397,-0.057650,788.462270
0.066462,0.769810,-0.060109,769.858864
0.060836,0.553296,-0.057042,602.557247
0.053708,0.273116,-0.053206,226.203818
0.059818,0.522780,-0.057061,804.098119
0.066406,0.769386,-0.060349,812.232166
0.058058,0.441480,-0.055438,384.649718
0.057747,0.419718,-0.056634,81.488093
0.059418,0.505047,-0.057308,719.939558
0.062010,0.604438,-0.058398,792.479196
0.064199,0.660806,-0.058184,102.191918
0.056207,0.369355,-0.055937,281.325454
0.063661,0.664633,-0.058719,757.273462
0.057871,0.436356,-0.055400,435.898119
0.060565,0.551015,-0.057594,810.082558
0.062098,0.597285,-0.058759,496.433075
0.056276,0.385215,-0.054951,666.707062
0.053223,0.276578,-0.054022,811.798059
0.065007,0.716668,-0.059819,798.110922
0.055164,0.334815,-0.055433,405.847440
0.056372,0.387221,-0.055946,609.107357
0.053267,0.273495,-0.053540,687.671710
0.056920,0.410484,-0.056144,686.802792
0.064690,0.689249,-0.060030,359.207233
0.059854,0.523351,-0.056976,784.297431
0.063156,0.639540,-0.059239,572.111922
0.056011,0.373943,-0.055768,614.798482
0.057451,0.431144,-0.056373,710.069582
0.057066,0.408967,-0.056334,491.072939
0.054630,0.329156,-0.054666,812.197823
0.064848,0.698417,-0.060097,449.656336
0.058564,0.471550,-0.056949,675.922063
0.062534,0.621750,-0.058120,737.095426
0.063822,0.661260,-0.058346,501.888448
0.062086,0.600398,-0.058709,596.581112
0.054076,0.308302,-0.054501,806.144671
0.055810,0.373160,-0.055183,809.914095
0.057507,0.434148,-0.055719,745.861247
0.055368,0.351164,-0.055431,649.947593
0.058254,0.463256,-0.056656,769.644651
0.054314,0.317145,-0.054433,807.311087
0.054344,0.318242,-0.054647,803.787094
0.057207,0.417246,-0.055276,591.188050
0.064381,0.687021,-0.059800,620.221697
0.057916,0.436461,-0.056763,371.174047
0.064258,0.685895,-0.058930,728.275315
0.054441,0.314314,-0.053962,604.498584
0.061627,0.590155,-0.057894,797.744715
0.059424,0.486269,-0.057474,189.006254
0.057787,0.445578,-0.056446,763.110217
0.066939,0.768909,-0.059611,258.883747
0.060469,0.547464,-0.057487,812.238260
0.061293,0.577856,-0.057764,802.891589
0.058488,0.473383,-0.056506,811.710058
0.064383,0.680908,-0.058574,465.408852
0.063822,0.671902,-0.059301,784.143263
0.059053,0.488359,-0.056258,648.329609
0.057063,0.420001,-0.055788,809.980276
0.055660,0.360017,-0.054555,608.319190
0.058706,0.477041,-0.057013,680.498605
0.064688,0.705034,-0.059457,809.318293
0.055236,0.336889,-0.054102,408.717838
0.060466,0.544398,-0.057805,725.429507
0.063157,0.641020,-0.059215,613.218397
0.063799,0.670657,-0.058860,779.622878
0.061899,0.597315,-0.058522,706.905164
0.065191,0.711692,-0.060260,462.429959
0.057263,0.427399,-0.056045,805.197557
0.060424,0.544548,-0.057690,774.440249
0.056073,0.375583,-0.054759,611.069999
0.058435,0.451291,-0.055516,265.972675
0.060296,0.534129,-0.056826,630.157118
0.054268,0.314351,-0.054724,773.390421
0.063038,0.642777,-0.058560,795.144089
0.065250,0.705485,-0.060291,227.923860
0.055653,0.364815,-0.055470,735.029243
0.054862,0.313995,-0.055262,140.847441
0.061971,0.600078,-0.057807,720.021680
0.060570,0.549365,-0.057803,756.142661
0.054512,0.323214,-0.054356,772.515160
0.063203,0.647079,-0.059108,736.261075
0.055572,0.353933,-0.055607,513.308031
0.056784,0.401306,-0.056166,571.520430
0.056001,0.376778,-0.054921,717.060890
0.056111,0.380970,-0.055730,707.457632
0.066251,0.757739,-0.060686,642.559499
0.063208,0.642510,-0.059248,601.097773
0.064339,0.679985,-0.059847,466.831241
0.060220,0.537745,-0.057506,799.189415
0.058452,0.471571,-0.056666,796.472892
0.056615,0.402079,-0.055857,772.853131
0.064044,0.672614,-0.059669,569.133893
0.056195,0.387628,-0.055393,811.400673
0.055332,0.329820,-0.053916,115.475657
0.060050,0.524886,-0.056705,629.034980
0.058965,0.487745,-0.056361,721.384112
0.066734,0.765048,-0.059602,363.022706
0.066067,0.756447,-0.060304,803.102030
0.062760,0.632647,-0.058736,797.964206
0.060523,0.549210,-0.057628,803.532033
0.063609,0.650127,-0.059507,394.469750
0.063336,0.653520,-0.059086,777.643872
0.055044,0.340164,-0.055245,681.484771
0.059725,0.519273,-0.057262,800.189778
0.064700,0.696700,-0.059991,556.717875
0.058289,0.462745,-0.056052,728.731462
0.060377,0.539993,-0.057803,694.556172
0.059776,0.513925,-0.056541,608.890281
0.057303,0.423229,-0.055428,656.285306
0.058556,0.451309,-0.055487,142.047961
0.055845,0.373871,-0.055088,794.547577
0.056431,0.394779,-0.055799,759.945569
0.064838,0.708956,-0.059859,757.088631
0.061404,0.572552,-0.058413,530.506717
0.055277,0.331735,-0.055477,202.360569
0.057885,0.450364,-0.056105,800.508297
0.054939,0.337577,-0.054440,729.810709
0.053365,0.265395,-0.054569,345.458930
0.055214,0.350988,-0.054948,812.204823
0.053415,0.271926,-0.053318,494.054382
0.057903,0.450526,-0.056454,781.544697
0.058852,0.485749,-0.056477,780.463443
0.053607,0.280940,-0.053473,544.137628
0.061176,0.557192,-0.056919,360.901836
0.053436,0.270786,-0.054598,421.208423
0.060629,0.549695,-0.057915,702.431408
0.059840,0.521241,-0.056834,741.976135
0.055710,0.367109,-0.054862,749.452494
0.054655,0.328489,-0.054936,762.809138
0.054483,0.310811,-0.055099,446.453229
0.058793,0.484499,-0.056574,805.020194
0.061667,0.572506,-0.057084,277.306977
0.062093,0.608125,-0.058249,811.872744
0.054771,0.323353,-0.055226,495.439497
0.053323,0.268754,-0.054531,482.717118
0.053306,0.266011,-0.053208,443.615894
0.062905,0.632687,-0.059071,643.533920
0.053722,0.283578,-0.053472,499.522329
0.061393,0.571900,-0.057225,541.895146
0.059404,0.505068,-0.056634,745.812725
0.056020,0.377651,-0.055683,709.671799
0.064336,0.673265,-0.058393,304.259673
0.056360,0.382477,-0.054753,506.553687
0.061478,0.583818,-0.058208,770.526161
0.061537,0.584137,-0.058334,716.798270
0.058255,0.464384,-0.056543,802.068720
0.053436,0.273032,-0.053338,502.606001
0.054315,0.313359,-0.054084,706.000750
0.055547,0.348933,-0.055619,399.666640
0.053972,0.304504,-0.054308,810.690671
0.061671,0.586350,-0.058481,638.012389
0.053787,0.293599,-0.054626,693.228460
0.054222,0.308277,-0.054879,649.144600
0.060537,0.549997,-0.057517,812.217820
0.063434,0.658142,-0.059016,805.990768
0.064104,0.682944,-0.059377,799.442405
0.057652,0.439900,-0.056416,745.337349
0.061930,0.601924,-0.058289,806.215145
0.056657,0.404634,-0.055772,802.047655
0.054858,0.323754,-0.055285,416.106698
0.061901,0.600478,-0.058332,795.714986
0.063122,0.640469,-0.058221,648.955908
0.055822,0.373709,-0.055288,811.229373
0.061719,0.582426,-0.057325,496.320352
0.054578,0.318675,-0.053996,583.405577
0.055109,0.337483,-0.054212,554.888793
0.061636,0.585287,-0.058458,644.683816
0.053862,0.299384,-0.054514,778.683073
0.063733,0.668104,-0.058821,777.603558
0.058915,0.489111,-0.056646,806.716801
0.056773,0.408999,-0.055602,805.308667
0.054740,0.331273,-0.054426,760.158222
0.053509,0.287021,-0.054247,803.284807
0.064980,0.703539,-0.060160,454.580773
0.056561,0.388317,-0.054796,461.210528
0.053412,0.283210,-0.054227,798.147875
0.054855,0.337232,-0.054913,800.245023
0.058708,0.477086,-0.056174,692.315610
0.064235,0.674610,-0.059805,425.044708
0.055040,0.328743,-0.053985,386.103421
0.056814,0.398261,-0.054933,474.060027
0.061178,0.572743,-0.058053,774.730791
0.066094,0.757096,-0.060042,796.610277
0.054793,0.312474,-0.053705,192.519481
0.056862,0.412061,-0.055907,794.555107
0.058304,0.465344,-0.056662,776.533573
0.062629,0.625947,-0.058213,754.467980
0.059963,0.525006,-0.057586,708.676184
0.062875,0.636880,-0.058803,795.393032
0.062857,0.636716,-0.058635,812.216728
0.063888,0.674527,-0.059317,788.940169
0.060326,0.538048,-0.056982,705.644912
0.055329,0.354453,-0.054824,791.312819
0.064068,0.666105,-0.058335,382.596945
0.063188,0.649060,-0.058856,810.247860
0.059344,0.499433,-0.056407,653.749579
0.063169,0.646378,-0.059065,751.573487
0.055899,0.376388,-0.055390,804.740533
0.055509,0.358048,-0.055455,695.272656
0.055086,0.345934,-0.055014,802.231737
0.059535,0.501205,-0.056285,507.710687
0.055057,0.326393,-0.055382,282.803273
0.056966,0.416269,-0.055707,806.721837
0.057029,0.418051,-0.055649,792.519135
0.063676,0.665069,-0.059322,744.791807
0.066527,0.772247,-0.060620,916.862018
0.056561,0.388410,-0.056102,443.767941
0.064343,0.683070,-0.058681,566.094392
0.063050,0.643220,-0.058910,789.740670
0.056267,0.384591,-0.055868,645.600808
0.062451,0.620175,-0.058677,770.540260
0.062595,0.626084,-0.058330,791.838339
0.059197,0.499271,-0.057042,792.347809
0.064781,0.704926,-0.059150,714.758164
0.064635,0.696347,-0.058918,629.783907
0.056623,0.398544,-0.055137,676.854698
0.062302,0.615958,-0.058408,811.493128
0.057120,0.422271,-0.055876,812.246050
0.060908,0.563697,-0.057626,808.598425
0.054443,0.314502,-0.055026,591.498276
0.061650,0.591265,-0.057950,804.849129
0.059815,0.515213,-0.056554,604.933034
0.064698,0.705528,-0.059565,811.405566
0.063449,0.658071,-0.058747,792.904174
0.058022,0.455241,-0.056489,788.692986
0.060000,0.526318,-0.056852,718.055216
0.060252,0.539256,-0.057338,810.781503
0.054151,0.311074,-0.054359,807.745520
0.057341,0.412626,-0.055040,327.401749
0.056929,0.408540,-0.055214,637.356143
0.053969,0.304300,-0.054280,808.610000
0.064351,0.673079,-0.059862,261.411753
0.062206,0.596815,-0.057446,391.926759
0.059394,0.507256,-0.056960,812.150664
0.057576,0.428310,-0.056577,499.025027
0.053272,0.275271,-0.053637,730.165565
0.061126,0.562753,-0.057127,564.046437
0.057012,0.416964,-0.055591,780.668214
0.062463,0.617678,-0.057998,698.656740
0.066310,0.765591,-0.060218,807.281302
0.057914,0.443720,-0.055619,592.530613
0.057616,0.428448,-0.056607,461.100852
0.063897,0.672252,-0.058747,724.851231
0.061694,0.567856,-0.056987,121.094980
0.058296,0.464512,-0.056695,761.067019
0.054823,0.320009,-0.055272,348.589581
0.056224,0.386470,-0.055730,743.657632
0.066483,0.770631,-0.060640,762.754376
0.061797,0.596669,-0.058000,801.831616
0.055004,0.342687,-0.054721,801.427257
0.057144,0.423122,-0.055856,811.622595
0.061968,0.600378,-0.058536,720.799856
0.064349,0.692504,-0.059359,812.242263
0.064144,0.684205,-0.059430,791.771407
0.061370,0.580361,-0.057748,793.558722
0.058840,0.486550,-0.056724,812.007884
0.059844,0.512657,-0.056431,504.611031
0.062714,0.627131,-0.058937,688.058434
0.057629,0.435630,-0.056522,648.918357
0.059839,0.507351,-0.057691,343.383680
0.063329,0.653557,-0.058687,792.506292
0.055280,0.337002,-0.055493,345.273639
0.053320,0.272553,-0.054484,592.390445
0.063109,0.645042,-0.058548,785.047137
0.063060,0.642703,-0.058474,771.385599
0.052992,0.267674,-0.053997,803.410971
0.057659,0.431376,-0.055391,515.544132
0.057721,0.435408,-0.055483,563.201611
0.055775,0.368467,-0.055566,709.055280
0.063152,0.647376,-0.058665,803.615613
0.060967,0.556112,-0.058203,528.029172
0.062479,0.622546,-0.058517,810.047256
0.054781,0.330690,-0.055107,692.003597
0.063270,0.630770,-0.059333,208.645306
0.064153,0.684215,-0.059067,788.604552
0.059837,0.501761,-0.056152,212.728850
0.053659,0.286320,-0.054628,622.993771
0.064118,0.674830,-0.059712,553.046845
0.063163,0.640734,-0.059228,598.192902
0.060324,0.538862,-0.057747,718.516334
0.063980,0.674688,-0.058746,706.787924
0.057007,0.410124,-0.055194,601.546366
0.058045,0.442268,-0.056824,398.416511
0.054184,0.311341,-0.054238,783.443395
0.054411,0.303242,-0.055073,310.568833
0.059875,0.518097,-0.057637,606.155160
0.058498,0.473767,-0.056573,811.525651
0.053360,0.270578,-0.054546,495.005256
0.063551,0.648258,-0.059478,403.029073
0.056032,0.379673,-0.055617,754.803977
0.059903,0.516323,-0.057690,527.422252
0.064113,0.675400,-0.058605,590.699348
0.061580,0.586142,-0.058338,728.318935
0.064233,0.686280,-0.059014,763.577110
0.060730,0.531777,-0.058078,97.084191
0.059467,0.509389,-0.057170,792.860289
0.059337,0.496266,-0.056279,574.932276
0.054817,0.335872,-0.054882,802.550319
0.062828,0.635593,-0.058590,811.299381
0.060923,0.562559,-0.057971,756.676234
0.062720,0.628194,-0.058176,723.339893
0.062604,0.612323,-0.057655,408.436263
0.061393,0.581526,-0.057798,800.645111
0.061724,0.594203,-0.058021,808.731180
0.053277,0.276879,-0.053748,768.921642
0.062133,0.608229,-0.058044,776.205675
0.063046,0.641770,-0.059006,751.393886
0.055636,0.361934,-0.055541,671.652835
0.063251,0.650352,-0.059044,777.848263
0.065110,0.714751,-0.060142,633.559109
0.054899,0.320031,-0.053832,292.441475
0.059269,0.501567,-0.056705,787.043191
0.055312,0.353043,-0.054736,771.113789
0.059808,0.518410,-0.056716,697.822422
0.061111,0.560458,-0.057057,516.972070
0.058830,0.467123,-0.055730,295.261471
0.059859,0.513593,-0.056451,515.245021
0.058199,0.447228,-0.056899,376.274742
0.065178,0.712699,-0.060242,504.450938
0.054767,0.313457,-0.055235,224.501753
0.064025,0.680048,-0.059091,804.161827
0.055708,0.369297,-0.055288,806.123730
0.060389,0.539087,-0.056942,670.553730
0.060028,0.530233,-0.057105,794.503621
0.055489,0.342403,-0.054123,300.900219
0.061031,0.564795,-0.058105,705.107761
0.055109,0.340944,-0.054357,649.484350
0.057184,0.424643,-0.055948,811.089030
0.055379,0.345800,-0.055521,487.697348
0.065122,0.715711,-0.060137,647.730732
0.057086,0.410528,-0.055135,531.614033
0.053742,0.293923,-0.053943,759.851987
0.058756,0.471200,-0.057156,464.440446
0.055279,0.353423,-0.055025,811.324427
0.055351,0.349174,-0.054437,627.456330
0.058757,0.478211,-0.057056,660.675650
0.054036,0.287198,-0.053403,276.507864
0.062783,0.631742,-0.058888,746.546713
0.066396,0.763973,-0.059855,678.964076
0.056714,0.382851,-0.054606,153.128146
0.059375,0.482477,-0.055892,157.246150
0.063922,0.669308,-0.058557,619.309196
0.059225,0.499625,-0.057118,771.865481
0.063448,0.651173,-0.059368,592.878100
0.056546,0.396594,-0.055150,701.345120
0.061923,0.601168,-0.058032,796.894686
0.057353,0.425178,-0.056393,644.605645
0.062712,0.630127,-0.058346,782.305332
0.061395,0.572975,-0.058399,551.821718
0.052978,0.267103,-0.053771,805.187253
0.065182,0.712764,-0.060245,501.716761
0.056810,0.410581,-0.055668,810.125912
0.062544,0.624506,-0.058347,799.739400
0.054871,0.337123,-0.054997,779.966578
0.063303,0.644160,-0.059321,548.193961
0.063830,0.667963,-0.059501,662.890625
0.057422,0.433545,-0.056034,812.133682
0.058712,0.477675,-0.056202,705.084984
0.060671,0.555002,-0.057607,812.005280
0.058378,0.469300,-0.056508,811.813704
0.061871,0.593707,-0.057618,649.148639
0.060921,0.563928,-0.057846,798.697436
0.056056,0.377478,-0.055747,667.222577
0.063012,0.640884,-0.058966,762.839123
0.059013,0.491535,-0.057028,766.912083
0.054626,0.318537,-0.053947,530.537823
0.057644,0.434919,-0.055544,628.154015
0.062106,0.608360,-0.058175,805.444829
0.053454,0.285101,-0.054192,807.399260
0.058838,0.478689,-0.057147,588.724078
0.063768,0.670461,-0.059208,800.938879
0.057296,0.428830,-0.055979,812.007950
0.059216,0.500556,-0.056843,811.046241
0.058173,0.445296,-0.055480,370.663440
0.055965,0.378438,-0.055156,796.295892
0.054546,0.315046,-0.053892,517.627619
0.059378,0.493937,-0.057459,450.123354
0.056005,0.358614,-0.055826,193.036023
0.055607,0.340089,-0.055606,91.923833
0.062377,0.602812,-0.057517,380.445160
0.053010,0.265534,-0.054216,721.209365
0.057348,0.423586,-0.055388,620.265488
0.061712,0.576196,-0.058594,311.074004
0.060056,0.528729,-0.057622,715.643491
0.063297,0.651609,-0.059098,765.057623
0.054170,0.292305,-0.054952,257.055553
0.058633,0.470331,-0.055955,585.284085
0.057132,0.418224,-0.056252,681.727585
0.064455,0.696466,-0.059422,812.184505
0.058956,0.480984,-0.056057,547.177921
0.055198,0.350167,-0.054858,807.206333
0.063601,0.645217,-0.059501,266.195759
0.063972,0.678295,-0.059122,810.124319
0.058023,0.455989,-0.056282,811.710648
0.063518,0.660728,-0.058793,795.500713
0.059951,0.523371,-0.056765,688.194336
0.064609,0.701698,-0.059345,800.037036
0.064236,0.670663,-0.059811,314.252080
0.060514,0.543257,-0.057920,641.858381
0.060592,0.551728,-0.057441,805.021204
0.054186,0.310826,-0.054183,768.123085
0.056532,0.391714,-0.056047,566.565150
0.063416,0.657425,-0.059010,805.581226
0.058527,0.474571,-0.056671,802.519231
0.056919,0.413718,-0.055572,787.173180
0.062059,0.606883,-0.058239,812.020923
0.054940,0.337999,-0.055132,730.821824
0.059916,0.522350,-0.057594,682.756992
0.059966,0.523383,-0.056743,673.373230
0.057910,0.447903,-0.055827,710.511643
0.057291,0.428283,-0.056088,800.225392
0.062402,0.619246,-0.058570,796.585059
0.062963,0.640679,-0.058677,812.075172
0.062272,0.614736,-0.058295,809.554389
0.058756,0.459315,-0.057138,133.570238
0.053713,0.289183,-0.053705,661.235195
0.055922,0.368900,-0.055753,566.989606
0.061484,0.574564,-0.057243,521.935338
0.060507,0.537441,-0.057995,486.166305
0.055592,0.357752,-0.054534,615.834912
0.058177,0.459430,-0.056673,742.829329
0.059011,0.492917,-0.056760,811.763744
0.059203,0.492660,-0.056272,613.775064
0.056875,0.407347,-0.056161,646.358529
0.059324,0.504647,-0.056929,812.193023
0.066988,0.772230,-0.061021,916.862018
0.055657,0.363667,-0.054740,709.981291
0.062690,0.630457,-0.058532,811.668397
0.063199,0.647410,-0.059084,749.001700
0.055573,0.364427,-0.055165,811.389804
0.058175,0.459932,-0.056105,767.371679
0.058953,0.479434,-0.057245,488.215105
0.062468,0.607094,-0.058957,384.676607
0.060049,0.526157,-0.057689,650.053619
0.061709,0.589296,-0.057623,693.111284
0.063569,0.662658,-0.058820,795.824857
0.066261,0.760364,-0.060626,706.236173
0.055014,0.318445,-0.055325,106.618858
0.066436,0.769785,-0.060196,794.560764
0.060635,0.551633,-0.057844,751.280634
0.060524,0.548372,-0.057732,776.856336
0.055907,0.372039,-0.055673,670.489834
0.059440,0.507140,-0.056707,764.948878
0.053244,0.267965,-0.053321,560.909310
0.060034,0.525035,-0.057694,634.147335
0.059826,0.522818,-0.057024,797.433122
0.053700,0.287956,-0.053664,641.325866
0.059508,0.491427,-0.056034,266.762199
0.062461,0.617744,-0.058004,702.357070
0.063222,0.646075,-0.059183,686.847379
0.058238,0.448507,-0.055532,391.888341
0.064571,0.693881,-0.059897,613.237054
0.062028,0.603162,-0.058541,736.448769
0.059856,0.524200,-0.057079,804.030348
0.058509,0.451200,-0.057027,164.441514
0.055083,0.340397,-0.054365,660.840456
0.066158,0.760147,-0.060258,811.876895
0.063301,0.643849,-0.059323,541.270117
0.061012,0.561523,-0.058167,632.136431
0.055856,0.355659,-0.055766,265.918598
0.063189,0.638668,-0.058077,531.295652
0.061843,0.597640,-0.057929,782.963565
0.056101,0.383281,-0.055191,790.216674
0.057643,0.419444,-0.056613,181.981381
0.065059,0.702371,-0.060209,339.869033
0.061379,0.580297,-0.058144,776.655858
0.061420,0.563708,-0.056974,289.693576
0.059080,0.494885,-0.056658,796.397627
0.056282,0.389134,-0.055188,766.148213
0.058921,0.483516,-0.057155,636.939043
0.063597,0.651877,-0.058206,475.409825
0.059563,0.511647,-0.057322,753.737126
0.061319,0.577152,-0.058176,749.844719
0.056154,0.368674,-0.055914,317.803293
0.055115,0.332084,-0.054036,401.259494
0.055567,0.356387,-0.055570,588.286540
0.058280,0.460583,-0.055941,679.309386
0.058559,0.476020,-0.056620,810.555157
0.056608,0.398300,-0.055147,685.562864
0.053883,0.290007,-0.053563,509.974925
0.058109,0.457192,-0.056625,751.247819
0.056195,0.387644,-0.055396,811.527496
0.053959,0.284726,-0.053374,287.085723
0.059049,0.492350,-0.056504,760.414229
0.053451,0.279906,-0.054496,662.120554
0.066048,0.756030,-0.060207,811.804825
0.066120,0.758523,-0.060316,805.244227
0.056684,0.402864,-0.055286,731.854658
0.058542,0.472131,-0.056169,726.744994
0.058680,0.472819,-0.057071,589.530289
0.053969,0.302970,-0.054100,774.357297
0.053997,0.297659,-0.053745,602.799196
0.053206,0.269378,-0.053420,638.316047
0.057626,0.434440,-0.056545,617.942335
0.055883,0.362714,-0.054462,454.445447
0.064464,0.684651,-0.059908,466.690984
0.054174,0.306640,-0.053937,666.602429
0.062536,0.619010,-0.057960,661.360860
0.056915,0.399968,-0.054920,417.806533
0.062674,0.627471,-0.058222,749.955897
0.057600,0.440225,-0.056111,812.235791
0.056706,0.389274,-0.054743,338.464037
0.060725,0.530197,-0.056497,81.431949
0.054194,0.309345,-0.054058,720.460163
0.060951,0.563777,-0.057449,769.044590
0.056545,0.396770,-0.055163,707.996368
0.063649,0.655862,-0.059502,512.768158
0.059899,0.522767,-0.056817,723.699304
0.063399,0.648438,-0.059359,566.831764
0.060803,0.551726,-0.057012,593.081571
0.064874,0.711952,-0.059710,805.915421
0.064841,0.707478,-0.059198,722.932362
0.062653,0.622346,-0.057967,632.390742
0.064198,0.684002,-0.058924,737.646785
0.055913,0.377051,-0.055365,808.772474
0.052962,0.265982,-0.054056,786.403239
0.061824,0.586114,-0.058634,470.662777
0.064572,0.700255,-0.059318,798.431172
0.053752,0.281718,-0.053395,417.816711
0.058758,0.470256,-0.055850,455.638765
0.060522,0.549440,-0.057532,812.076585
0.061348,0.569571,-0.058394,505.772804
0.057550,0.420114,-0.055133,318.490230
0.063777,0.666230,-0.059468,670.279397
0.054591,0.327296,-0.054798,797.829672
0.062369,0.617130,-0.058636,771.161270
0.054064,0.284305,-0.054878,144.823122
0.057128,0.418206,-0.056247,684.933673
0.059653,0.498150,-0.057599,280.711248
0.066660,0.761598,-0.060981,322.308050
0.064272,0.689636,-0.059341,812.063126
0.057548,0.435504,-0.055724,740.359900
0.058851,0.485596,-0.056941,770.565497
0.054764,0.314299,-0.053751,272.761566
0.056186,0.380273,-0.055857,608.515297
0.062131,0.607646,-0.058559,754.310806
0.064629,0.694742,-0.058857,592.587537
0.054673,0.313793,-0.053776,353.049682
0.053873,0.295541,-0.053801,671.455136
0.055730,0.368404,-0.054914,763.665289
0.055694,0.357165,-0.055676,476.521774
0.059522,0.497598,-0.057535,401.896633
0.059547,0.502506,-0.056320,530.732961
0.057722,0.435060,-0.055469,552.326710
0.064587,0.693293,-0.059925,580.039046
0.063015,0.636618,-0.059129,638.182325
0.056194,0.381356,-0.055845,630.571645
0.057326,0.418111,-0.055203,494.086441
0.057314,0.428596,-0.055772,789.253420
0.057822,0.444584,-0.056567,697.458767
0.057349,0.429447,-0.056218,770.299835
0.060230,0.514997,-0.057853,149.752902
0.062023,0.587949,-0.057305,335.578243
0.061636,0.578853,-0.057269,482.865110
0.053901,0.301914,-0.054346,811.903798
0.057544,0.437075,-0.055870,786.216668
0.063200,0.635115,-0.057957,422.942038
0.061821,0.594643,-0.058476,713.528921
0.058727,0.479320,-0.056276,733.694927
0.062901,0.630956,-0.059101,598.739968
0.066378,0.758244,-0.059628,541.366524
0.062507,0.601639,-0.057441,215.074455
0.056055,0.378344,-0.055720,693.046230
0.057900,0.450015,-0.056486,769.210067
0.053437,0.271524,-0.053289,460.315770
0.062718,0.623646,-0.059020,585.781636
0.056948,0.410624,-0.056184,661.052389
0.064652,0.691106,-0.058708,469.399532
0.061385,0.581145,-0.057784,798.991975
0.053950,0.296326,-0.054784,599.036750
0.064520,0.698570,-0.059570,801.050005
0.064258,0.680652,-0.058669,586.597301
0.059963,0.526307,-0.057530,745.568757
0.054634,0.327961,-0.054433,777.827021
0.060745,0.557487,-0.057744,802.060324
0.060970,0.541727,-0.058202,124.198055
0.058128,0.458028,-0.056627,754.879686
0.054087,0.308418,-0.054555,797.642449
0.059299,0.498403,-0.057320,658.180303
0.064076,0.676092,-0.058678,647.521662
0.058081,0.439301,-0.055374,301.078490
0.060667,0.551387,-0.057924,710.213875
0.061136,0.572362,-0.057869,810.102926
0.063743,0.656583,-0.058253,455.306958
0.052985,0.266433,-0.054104,773.985596
0.060228,0.517304,-0.056359,238.263151
0.054538,0.325534,-0.054734,804.743968
0.055200,0.341992,-0.054299,585.142272
0.054707,0.327987,-0.055070,693.337134
0.059758,0.518204,-0.057452,733.117839
0.054863,0.334739,-0.054404,730.099974
0.064678,0.699387,-0.059008,669.412586
0.053655,0.290301,-0.053873,749.997723
0.058939,0.488938,-0.056982,771.480984
0.063677,0.656204,-0.058289,512.314315
0.059641,0.507756,-0.056431,578.765782
0.066234,0.762259,-0.060102,795.319156
0.061913,0.584996,-0.058691,346.462605
0.056972,0.414621,-0.055497,758.485616
0.057281,0.421673,-0.056375,622.110835
0.057246,0.422725,-0.055487,701.020037
0.063912,0.670895,-0.059543,659.916448
0.064149,0.668071,-0.058346,353.397253
0.055548,0.359182,-0.054663,698.780746
0.055083,0.345817,-0.055014,801.945326
0.053475,0.285374,-0.053961,797.597717
0.057368,0.420673,-0.055256,520.390861
0.055857,0.370739,-0.055631,687.293456
0.062036,0.605751,-0.058363,802.605712
0.065256,0.710355,-0.060304,356.926061
0.055209,0.348558,-0.054633,753.754354
0.060778,0.554486,-0.057174,693.093065
0.066868,0.760569,-0.061031,78.653524
0.058044,0.456621,-0.056418,805.725324
0.063035,0.643205,-0.058654,808.875218
0.060613,0.545090,-0.056940,605.338394
0.061284,0.564806,-0.057072,459.329021
0.059484,0.493850,-0.057520,336.748060
0.055665,0.367704,-0.055262,806.835602
0.063809,0.668904,-0.058700,722.775879
0.057207,0.424637,-0.056110,784.580974
0.064474,0.695849,-0.059182,778.671577
0.066383,0.767048,-0.060087,774.575742
0.058330,0.448400,-0.055488,294.392483
0.058507,0.472834,-0.056770,772.741796
0.056813,0.392400,-0.056230,292.175945
0.057059,0.399928,-0.054854,268.036741
0.064806,0.705376,-0.059944,689.718532
0.057639,0.441660,-0.056157,811.590486
0.061727,0.578740,-0.057210,387.106770
0.061513,0.585945,-0.058148,795.008748
0.054206,0.296283,-0.053549,351.006723
0.063650,0.662661,-0.058606,715.122708
0.057666,0.438446,-0.056501,689.507375
0.056020,0.378612,-0.055005,747.129807
0.058274,0.462340,-0.056054,732.209052
0.058433,0.454481,-0.055592,356.455274
0.058500,0.469036,-0.056921,672.699814
0.059601,0.512155,-0.057384,728.216747
0.057936,0.436951,-0.056773,363.975916
0.063299,0.653210,-0.058825,811.673479
0.054510,0.311958,-0.053817,469.255917
0.055572,0.349704,-0.054271,416.433579
0.054994,0.340619,-0.054537,756.532843
0.062757,0.629873,-0.058918,720.432890
0.054638,0.329338,-0.054610,809.277670
0.053593,0.290309,-0.054121,810.411264
0.053067,0.270294,-0.053788,801.535168
0.058200,0.461667,-0.056594,782.622441
0.062927,0.636750,-0.058977,735.414085
0.053650,0.279348,-0.054699,437.636994
0.055224,0.343377,-0.054330,598.294804
0.053234,0.265440,-0.054488,483.319895
0.056624,0.398867,-0.056018,671.340540
0.061708,0.575672,-0.057141,321.696919
0.063036,0.640278,-0.059053,719.761773
0.063955,0.677397,-0.059306,799.432284
0.063311,0.649716,-0.059217,695.452387
0.056720,0.407305,-0.055680,812.243263
0.059326,0.504481,-0.056842,806.418360
0.063974,0.676605,-0.058891,764.114725
0.056910,0.408072,-0.055217,644.349162
0.058602,0.476000,-0.056840,762.516090
0.065005,0.715354,-0.059931,761.334389
0.058402,0.458870,-0.055740,508.715287
0.053217,0.271493,-0.054375,671.091335
0.063563,0.661675,-0.058733,776.139779
0.055071,0.345008,-0.054724,796.235336
0.065104,0.710548,-0.060200,521.553278
0.061380,0.576234,-0.057424,672.812094
0.062756,0.628626,-0.058959,686.546864
0.058610,0.475854,-0.056285,757.953656
0.063086,0.645143,-0.058683,809.194546
0.058838,0.485936,-0.056556,799.056038
0.058707,0.465236,-0.055737,370.132941
0.062332,0.612231,-0.058771,670.468022
0.062805,0.631875,-0.058932,726.431276
0.064879,0.698597,-0.060117,421.976693
0.057128,0.421052,-0.055622,773.958620
0.059282,0.501930,-0.056696,783.294286
0.058103,0.457437,-0.056086,772.155842
0.055942,0.375426,-0.055617,729.708637
0.060830,0.555458,-0.058063,652.759209
0.053070,0.267817,-0.053546,732.850638
0.058540,0.473182,-0.056840,747.536112
0.053619,0.290678,-0.054359,790.542965
0.061020,0.566890,-0.057534,783.386083
0.055254,0.344873,-0.054361,609.150631
0.060776,0.538477,-0.056638,257.702938
0.058907,0.477498,-0.055975,501.078187
0.057495,0.417329,-0.056557,277.066229
0.058128,0.442192,-0.056865,310.292995
0.062797,0.633946,-0.058466,799.175046
0.055181,0.349580,-0.054857,807.883982
0.059577,0.511847,-0.057346,744.401675
0.062046,0.601293,-0.058640,663.433112
0.056197,0.387615,-0.055362,809.309483
0.066283,0.758369,-0.060713,626.739382
0.064163,0.674232,-0.058518,508.025389
0.055675,0.364952,-0.054786,726.462924
0.059948,0.525445,-0.057537,737.095139
0.056225,0.388787,-0.055492,810.707217
0.055413,0.358448,-0.055093,811.165279
0.053550,0.284976,-0.053728,711.971915
0.059174,0.491609,-0.057303,598.848706
0.066549,0.763976,-0.060903,504.615339
0.060372,0.543049,-0.057267,793.580430
0.053830,0.281275,-0.053344,325.247882
0.062644,0.621972,-0.057961,631.522795
0.059663,0.496283,-0.057595,218.378054
0.061284,0.571595,-0.058300,629.633424
0.060099,0.532835,-0.057132,792.836219
0.064814,0.696845,-0.060082,441.176484
0.063271,0.651746,-0.058711,801.870833
0.060631,0.553372,-0.057503,809.548351
0.066561,0.763480,-0.059661,497.409592
0.063131,0.646958,-0.058815,811.121646
0.059919,0.524987,-0.057490,755.488536
0.058589,0.474513,-0.056235,743.622942
0.057168,0.423379,-0.056068,791.163859
0.056190,0.387173,-0.055550,801.452977
0.059304,0.503091,-0.056744,791.954158
0.063373,0.653764,-0.059176,744.800277
0.054301,0.306345,-0.054994,511.885492
0.059181,0.499072,-0.056976,804.360216
0.063614,0.664600,-0.058878,802.144640
0.057754,0.445962,-0.056207,811.795816
0.056234,0.389122,-0.055496,810.747395
0.062952,0.632737,-0.059128,595.361053
0.054522,0.314656,-0.053897,530.994901
0.064971,0.712351,-0.059261,723.137653
0.060058,0.518850,-0.056477,456.011358
0.058283,0.450929,-0.055575,412.642003
0.058871,0.485270,-0.057014,739.388543
0.059880,0.524221,-0.056978,781.811775
0.055043,0.344513,-0.054823,810.660469
0.063187,0.646878,-0.058487,756.122656
0.064933,0.712639,-0.059897,760.706387
0.056803,0.409732,-0.055892,790.997167
0.061843,0.598660,-0.058082,809.077179
0.053982,0.299390,-0.053842,665.400103
0.055066,0.338205,-0.055320,603.321684
0.062872,0.631079,-0.058098,647.899611
0.060446,0.531522,-0.057982,385.205858
0.061774,0.596164,-0.058185,809.357757
0.056975,0.399337,-0.056310,316.726717
0.063626,0.665437,-0.058985,811.761285
0.059300,0.502012,-0.056649,767.795464
0.053981,0.285865,-0.054863,274.329576
0.062016,0.600475,-0.058616,672.897537
0.062177,0.603779,-0.057704,611.768677
0.063185,0.635869,-0.059297,439.313569
0.056176,0.376394,-0.054692,529.022353
0.063007,0.635115,-0.058117,620.084754
0.057950,0.453127,-0.056202,808.811235
0.060615,0.536368,-0.058065,343.829923
0.054312,0.312778,-0.054056,693.634416
0.066485,0.771590,-0.060215,793.619388
0.062085,0.607075,-0.058087,792.395331
0.066478,0.769249,-0.060700,728.591687
0.062714,0.623207,-0.057936,594.291633
0.055820,0.371126,-0.054909,747.135348
0.059737,0.518344,-0.056859,767.749532
0.058960,0.487327,-0.057108,703.953815
0.060342,0.526547,-0.057934,354.277834
0.055610,0.364591,-0.054918,781.421688
0.066316,0.765427,-0.060475,792.409826
0.057624,0.440956,-0.056047,809.077302
0.062456,0.620905,-0.058635,786.366473
0.058475,0.472020,-0.056334,789.790023
0.055019,0.330569,-0.055359,438.486367
0.058897,0.469593,-0.055762,294.675451
0.057433,0.432318,-0.055756,770.048852
0.060383,0.544022,-0.057358,807.080827
0.064496,0.697192,-0.059615,787.350389
0.066470,0.770094,-0.060111,769.225200
0.064679,0.703227,-0.059768,763.858070
0.056556,0.400172,-0.055397,786.959630
0.057794,0.446705,-0.056025,793.904798
0.059130,0.488775,-0.056189,581.800485
0.064083,0.682369,-0.059153,808.236737
0.063801,0.645257,-0.057982,82.999045
0.064045,0.658164,-0.058164,188.348988
0.062664,0.627322,-0.058234,755.627557
0.053704,0.292794,-0.053949,767.647997
0.058193,0.461538,-0.056206,791.557567
0.066857,0.772245,-0.060127,916.862018
0.061235,0.568409,-0.057243,607.808272
0.060638,0.553755,-0.057612,811.173982
0.065153,0.715183,-0.059145,615.844043
0.064355,0.690501,-0.059047,754.933738
0.061561,0.587861,-0.057891,802.640006
0.060630,0.552999,-0.057433,801.211406
0.059818,0.519477,-0.057520,705.826344
0.064769,0.694486,-0.058734,442.083447
0.060661,0.552086,-0.057243,746.884932
0.054100,0.307368,-0.054690,752.224934
0.060736,0.555352,-0.057312,758.393227
0.059933,0.527371,-0.057287,810.237499
0.064087,0.666539,-0.059740,354.409776
0.053378,0.280865,-0.053814,774.128786
0.056848,0.397639,-0.054893,422.771828
0.064591,0.693086,-0.059932,569.854454
0.066168,0.757074,-0.059838,722.771716
0.061640,0.576070,-0.057184,403.395223
0.062827,0.628644,-0.058042,627.269527
0.061529,0.577997,-0.057328,569.706912
0.064732,0.699916,-0.058962,628.297529
0.055120,0.346892,-0.055072,793.244553
0.057255,0.421472,-0.056347,643.612398
0.053997,0.279543,-0.053266,105.402755
0.057173,0.424170,-0.055962,809.724960
0.054022,0.299193,-0.053783,619.655009
0.061438,0.580900,-0.058267,730.052264
0.057088,0.420383,-0.055693,795.479527
0.059440,0.503115,-0.057401,642.966027
0.063530,0.654495,-0.059403,600.188888
0.057693,0.437209,-0.055587,640.025363
0.061862,0.587229,-0.058654,462.069612
0.063128,0.641914,-0.059157,668.459040
0.054157,0.299314,-0.053664,484.400701
0.057308,0.429274,-0.055987,811.953005
0.056386,0.394603,-0.055431,807.185528
0.061568,0.579485,-0.058482,552.997445
0.057389,0.425463,-0.055423,629.641034
0.060003,0.525990,-0.056826,705.737035
0.061155,0.572871,-0.057929,804.082732
0.054142,0.310409,-0.054590,795.859641
0.060051,0.531233,-0.057452,792.847447
0.063374,0.643875,-0.059383,465.112602
0.060122,0.519590,-0.056460,410.742730
0.066461,0.763881,-0.059767,610.131491
0.059402,0.506864,-0.056806,794.974850
0.060707,0.536726,-0.056623,280.027539
0.061273,0.574958,-0.058176,737.054526
0.057482,0.426331,-0.056517,541.568736
0.062863,0.625501,-0.059131,485.867908
0.057984,0.453510,-0.056083,786.427052
0.055441,0.359335,-0.055154,806.804694
0.063777,0.666237,-0.059468,670.632597
0.062922,0.639164,-0.058669,812.234266
0.064142,0.684367,-0.059397,799.211368
0.055267,0.338239,-0.055484,393.988634
0.064043,0.670368,-0.058482,525.496661
0.064828,0.708868,-0.059334,773.625780
0.057124,0.412811,-0.055185,555.519698
0.052918,0.264922,-0.053963,803.173502
0.064003,0.679128,-0.059335,798.137381
0.056363,0.385356,-0.054855,581.857982
0.055829,0.373226,-0.055076,793.665287
0.057437,0.432028,-0.056303,750.161484
0.061407,0.580252,-0.057621,753.401905
0.059825,0.522594,-0.057360,788.027373
0.061573,0.582622,-0.057477,650.641658
0.059192,0.499693,-0.056920,810.893987
0.058617,0.477883,-0.056482,804.047079
0.064798,0.708227,-0.059366,785.711352
0.059234,0.501241,-0.056864,811.648568
0.060581,0.551629,-0.057544,812.246096
0.059005,0.472768,-0.057282,248.817880
0.055489,0.361277,-0.055077,812.150973
0.059099,0.494191,-0.056527,760.084653
0.056110,0.382308,-0.055670,746.540546
0.062977,0.637090,-0.058258,704.443032
0.055545,0.360371,-0.055435,723.485459
0.063691,0.661808,-0.058498,650.848232
0.059180,0.498079,-0.057086,776.118494
0.059330,0.501077,-0.056516,712.353209
0.060079,0.530335,-0.056960,746.084054
0.063926,0.653640,-0.059639,163.290844
0.059274,0.500263,-0.056575,747.219846
0.059576,0.513157,-0.056865,789.817173
0.059562,0.512394,-0.057267,777.278914
0.059224,0.495709,-0.056387,674.277988
0.059801,0.502078,-0.057664,236.445680
0.058717,0.473226,-0.057103,562.461075
0.059718,0.500503,-0.056163,300.849348
0.053715,0.286457,-0.054688,568.204473
0.061892,0.594671,-0.057637,654.201892
0.059993,0.511213,-0.057763,290.896377
0.053051,0.267062,-0.054236,721.318669
0.053822,0.291872,-0.054717,608.162239
0.053923,0.298761,-0.054689,695.634293
0.066259,0.759006,-0.059797,683.215173
0.057855,0.430595,-0.055259,294.034475
0.061546,0.586987,-0.057836,794.063104
0.058777,0.475692,-0.057129,568.651086
0.062374,0.604821,-0.057575,438.959374
0.057039,0.419127,-0.055777,810.054180
0.058455,0.460712,-0.055761,504.899629
0.061149,0.572650,-0.057728,807.183996
0.061623,0.585629,-0.058432,667.623685
0.056470,0.392435,-0.055044,666.205819
0.056049,0.378743,-0.054955,721.483865
0.057883,0.435618,-0.056747,381.854284
0.057717,0.443737,-0.056352,785.763723
0.060825,0.545109,-0.058166,368.470536
0.060019,0.530482,-0.057203,809.145228
0.061113,0.567309,-0.057353,701.701794
0.055834,0.367046,-0.054661,621.988677
0.056563,0.385179,-0.056111,351.393222
0.053375,0.281875,-0.054205,799.212173
0.064347,0.686601,-0.058827,657.753139
0.057559,0.434136,-0.056459,680.809441
0.061303,0.574646,-0.058247,696.049120
0.059078,0.487196,-0.056178,591.652732
0.056474,0.393434,-0.055940,676.617987
0.062835,0.628322,-0.058018,609.720012
0.064993,0.716488,-0.059750,808.118867
0.055034,0.334601,-0.054173,552.879670
0.055523,0.356492,-0.054561,651.682167
0.057042,0.417227,-0.055530,758.249942
0.058064,0.455605,-0.056598,754.009618
0.063462,0.656175,-0.058549,729.744903
0.053635,0.287366,-0.053724,690.455492
0.059339,0.499819,-0.057341,655.862183
0.054774,0.323772,-0.054009,523.109833
0.059916,0.521446,-0.057618,657.487156
0.055648,0.350522,-0.055670,338.702648
0.055950,0.376210,-0.055598,743.782069
0.053509,0.284008,-0.053744,727.589462
0.062240,0.612201,-0.058583,767.655085
0.061498,0.578122,-0.057365,604.467458
0.061922,0.593130,-0.058647,564.709968
0.057381,0.423643,-0.056454,572.112084
0.059242,0.495360,-0.056346,646.670789
0.064974,0.715805,-0.059624,811.307995
0.062176,0.611199,-0.058377,809.537524
0.066096,0.757217,-0.060368,792.658618
0.056089,0.382068,-0.055627,762.980790
0.064727,0.706029,-0.059389,797.782219
0.066862,0.770018,-0.061078,347.303876
0.056905,0.404496,-0.056242,533.708243
0.062279,0.613776,-0.058121,778.082870
0.058820,0.483613,-0.056380,755.629028
0.062274,0.614113,-0.058175,791.726950
0.062272,0.596678,-0.058863,298.302583
0.054324,0.315026,-0.054833,732.203362
0.059412,0.501307,-0.056409,635.588439
0.060438,0.540953,-0.056966,670.560513
0.060838,0.558564,-0.057973,732.828232
0.059264,0.501885,-0.057062,795.347285
0.060692,0.554854,-0.057398,788.627674
0.059798,0.520921,-0.056914,775.239062
0.057205,0.424133,-0.055680,779.740489
0.058101,0.452058,-0.055766,629.280060
0.055011,0.332213,-0.054108,511.113990
0.058909,0.477972,-0.057222,494.305203
0.062786,0.623598,-0.057883,531.086101
0.057162,0.412839,-0.056378,498.491301
0.061896,0.599800,-0.057972,787.032010
0.054431,0.317280,-0.054116,694.772124
0.055636,0.366678,-0.055239,807.909193
0.053427,0.282265,-0.054361,754.370568
0.056916,0.396404,-0.054827,319.064950
0.064828,0.709254,-0.059370,783.204577
0.062845,0.633167,-0.058255,730.882093
0.059685,0.516063,-0.056807,758.958368
0.063912,0.659963,-0.059655,353.329833
0.058300,0.449351,-0.055524,352.008668
0.066301,0.764178,-0.060066,779.396714
0.055910,0.376139,-0.055485,784.434487
0.053736,0.291610,-0.053799,703.182903
0.059027,0.493558,-0.056783,812.147360
0.058083,0.446580,-0.055574,498.565604
0.066375,0.768180,-0.060303,811.422894
0.059905,0.523776,-0.057520,734.909650
0.057292,0.410452,-0.056461,296.897819
0.054846,0.317242,-0.055277,246.870024
0.065020,0.710504,-0.060116,608.742228
0.058252,0.461515,-0.056743,721.617470
0.055799,0.372511,-0.055122,803.991049
0.063881,0.670935,-0.058696,705.577274
0.062225,0.607628,-0.058734,654.093768
0.056992,0.412954,-0.055348,693.079701
0.061967,0.594865,-0.058668,566.167396
0.060094,0.526928,-0.057730,624.357074
0.060596,0.532911,-0.058052,266.791819
0.058232,0.457391,-0.056831,626.503615
0.063617,0.665151,-0.059004,812.231159
0.066381,0.756405,-0.060832,469.174926
0.062236,0.604875,-0.058799,564.661414
0.058517,0.461991,-0.055757,476.107772
0.053552,0.287520,-0.053912,777.904196
0.054551,0.325799,-0.054510,802.518576
0.063987,0.674260,-0.059565,675.044980
0.061438,0.579832,-0.058308,699.939558
0.059751,0.511161,-0.056457,559.268868
0.059187,0.481021,-0.055916,311.411311
0.062023,0.600387,-0.058630,662.481225
0.064240,0.687687,-0.059134,793.944902
0.054212,0.311027,-0.054133,747.049567
0.058943,0.484990,-0.057150,655.560340
0.064215,0.678120,-0.058613,561.859144
0.054875,0.336844,-0.055033,766.952127
0.061566,0.583994,-0.058389,682.419653
0.057935,0.447529,-0.055767,674.851461
0.062388,0.616453,-0.058724,730.709952
0.053988,0.304784,-0.054500,799.289507
0.059637,0.516334,-0.057068,811.960992
0.057354,0.427100,-0.056341,697.744556
0.062419,0.618800,-0.058675,765.226552
0.055308,0.339077,-0.054123,395.152637
0.063893,0.665702,-0.058443,550.744550
0.060333,0.534848,-0.056814,611.360088
0.064389,0.675451,-0.059883,288.221612
0.057975,0.451666,-0.056586,736.824507
0.066385,0.766211,-0.060636,740.678141
0.064272,0.679208,-0.058602,532.681312
0.060530,0.549044,-0.057352,795.300070
0.054408,0.305435,-0.055071,374.808166
0.060135,0.531129,-0.056902,711.349507
0.058564,0.472298,-0.056139,708.852489
0.055638,0.365133,-0.055415,760.341135
0.053849,0.299985,-0.054288,812.178032
0.057857,0.449017,-0.056412,787.868559
0.058023,0.456015,-0.056292,812.023363
0.055543,0.360573,-0.055422,731.460424
0.063114,0.638929,-0.058160,614.711078
0.063090,0.631983,-0.057933,449.893892
0.060408,0.544929,-0.057570,803.878686
0.062458,0.598739,-0.057397,184.841602
0.055774,0.368643,-0.054833,725.774004
0.054146,0.301763,-0.053759,563.072218
0.067016,0.765774,-0.061100,69.322776
0.055447,0.356957,-0.054713,741.126629
0.064633,0.686535,-0.058589,364.256390
0.058814,0.483432,-0.056380,756.780776
0.066660,0.754244,-0.060945,117.978544
0.060195,0.521477,-0.057863,365.822922
0.058412,0.470415,-0.056583,807.301625
0.062542,0.613943,-0.058972,498.570634
0.056995,0.416304,-0.056039,773.506470
0.063797,0.656020,-0.058206,384.191748
0.055900,0.371059,-0.054766,664.558814
0.056116,0.384070,-0.055230,796.679542
0.054480,0.317028,-0.054036,638.887657
0.054469,0.317112,-0.054053,652.187325
0.053494,0.280800,-0.054535,641.465389
0.065510,0.712882,-0.058870,186.747045
0.063710,0.659706,-0.058387,574.210945
0.057848,0.449437,-0.056194,811.559674
0.058021,0.455896,-0.056363,810.358007
0.059766,0.519277,-0.057417,755.154669
0.053339,0.278873,-0.053749,759.865883
0.057009,0.417293,-0.055639,792.287740
0.056974,0.415825,-0.055602,787.957653
0.061602,0.572457,-0.057108,342.302237
0.058844,0.470444,-0.057211,351.560937
0.059399,0.504973,-0.057270,738.589000
0.061246,0.575545,-0.058062,782.964421
0.053717,0.292301,-0.054541,731.688388
0.062984,0.632764,-0.059161,562.256402
0.056372,0.370346,-0.054446,160.974937
0.061730,0.588814,-0.058504,644.758091
0.055588,0.359454,-0.055535,652.501569
0.053593,0.287092,-0.053780,725.519093
0.053134,0.273246,-0.053944,812.193840
0.059337,0.503827,-0.057172,772.107449
0.063071,0.635404,-0.058063,563.158965
0.055077,0.344505,-0.054647,777.762577
0.061105,0.562443,-0.057135,577.794122
0.058149,0.460099,-0.056539,791.831822
0.053980,0.299888,-0.054746,667.276696
0.060546,0.533820,-0.056620,365.922533
0.055368,0.350844,-0.054492,654.949302
0.060173,0.533953,-0.057641,739.765929
0.064472,0.696270,-0.059234,791.455808
0.055182,0.347855,-0.054646,762.543654
0.060291,0.522950,-0.056464,329.537011
0.064513,0.690748,-0.059886,585.621256
0.062049,0.582769,-0.057187,166.745539
0.059313,0.502979,-0.056700,780.630145
0.064241,0.677444,-0.059792,497.668105
0.059929,0.508544,-0.057732,283.323217
0.061592,0.585413,-0.058388,694.807762
0.063059,0.629247,-0.057872,406.097868
0.063698,0.667123,-0.059255,779.674590
0.060998,0.567241,-0.057737,812.195305
0.053684,0.291537,-0.053898,753.794154
0.057204,0.419888,-0.056315,652.343455
0.056446,0.396057,-0.055754,780.712728
0.057583,0.428498,-0.056582,496.467165
0.056898,0.412672,-0.055533,780.040761
0.057793,0.443083,-0.055745,698.228597
0.063974,0.678379,-0.059263,807.640320
0.063662,0.656176,-0.059510,508.116625
0.062232,0.591468,-0.058829,195.299282
0.061640,0.574884,-0.058560,349.165511
0.060558,0.549192,-0.057781,763.719821
0.053056,0.270279,-0.053881,811.480118
0.064343,0.692070,-0.059459,805.180627
0.058158,0.460400,-0.056548,790.645623
0.064291,0.689977,-0.059461,800.629789
0.057784,0.446081,-0.055991,787.503394
0.063316,0.652966,-0.058667,789.458707
0.055112,0.333986,-0.055404,436.811991
0.055912,0.376889,-0.055205,807.405117
0.063429,0.653953,-0.059279,690.946987
0.053353,0.272561,-0.054519,557.559797
0.060761,0.558267,-0.057712,807.800572
0.056059,0.380294,-0.055041,753.064767
0.053785,0.297414,-0.054366,805.427606
0.061655,0.591161,-0.058226,792.561257
0.065272,0.710240,-0.060311,337.921954
0.058759,0.481771,-0.056388,767.771873
0.055071,0.343777,-0.054598,764.351159
0.059349,0.505153,-0.057092,797.938080
0.066229,0.759011,-0.060617,701.475772
0.057431,0.433196,-0.056197,790.576193
0.062797,0.633335,-0.058826,777.388230
0.056474,0.396537,-0.055302,772.557854
0.058529,0.474880,-0.056608,810.349269
0.055283,0.352329,-0.055213,773.567485
0.060379,0.543279,-0.057266,792.729840
0.061156,0.570995,-0.058100,748.344850
0.061181,0.560158,-0.058334,417.032364
0.066558,0.772249,-0.060455,916.862018
0.060829,0.560784,-0.057752,806.943541
0.053833,0.297176,-0.054573,746.306634
0.064318,0.682405,-0.059807,556.097577
0.061210,0.574589,-0.057700,799.029479
0.061024,0.568154,-0.057813,810.228547
0.060794,0.546914,-0.056848,470.379191
0.062781,0.628264,-0.058082,663.407832
0.064180,0.684660,-0.059521,766.510580
0.062143,0.598804,-0.057546,510.167749
0.055201,0.350324,-0.054864,807.622257
0.058326,0.467101,-0.056567,803.717172
0.057930,0.446785,-0.055736,659.556610
0.056251,0.389753,-0.055507,810.510972
0.058553,0.465857,-0.057039,527.393092
0.060650,0.554241,-0.057589,812.172696
0.056279,0.372246,-0.054511,308.686510
0.057382,0.428211,-0.055575,711.249924
0.060098,0.524128,-0.056624,558.885817
0.067680,0.772226,-0.059896,916.862018
0.066961,0.765106,-0.059533,130.909086
0.063744,0.666113,-0.059419,701.363869
0.060327,0.539200,-0.057738,725.669288
0.060852,0.543178,-0.058177,286.698898
0.057863,0.448698,-0.055993,778.596650
0.060769,0.558341,-0.057757,801.692577
0.058430,0.456553,-0.055649,416.094876
0.056963,0.413888,-0.055461,747.562211
0.055198,0.343814,-0.055371,621.777765
0.055772,0.364687,-0.055659,605.705883
0.058678,0.475563,-0.056139,682.453066
0.064461,0.692730,-0.058983,708.720351
0.059543,0.500108,-0.056244,469.931043
0.062132,0.594585,-0.058795,385.967476
0.057008,0.416633,-0.056057,768.796950
0.054333,0.317123,-0.054730,782.477472
0.064084,0.668388,-0.058390,429.447862
0.066562,0.771077,-0.060790,690.938244
0.053434,0.266672,-0.053158,330.689638
0.060442,0.544474,-0.057180,761.526036
0.059540,0.511210,-0.056786,774.099231
0.063170,0.643487,-0.058305,682.212562
0.057361,0.423497,-0.056435,588.794547
0.057173,0.419963,-0.056266,687.506793
0.064252,0.670494,-0.059818,292.219524
0.062340,0.617081,-0.058286,805.260685
0.056187,0.384065,-0.055757,714.602333
0.053273,0.266372,-0.054511,468.183378
0.059002,0.492241,-0.056915,799.895451
0.059404,0.502475,-0.056476,675.412167
0.057267,0.406488,-0.056438,212.197036
0.063611,0.664868,-0.059054,810.701145
0.062495,0.619472,-0.058813,703.711477
0.053337,0.265651,-0.054555,381.171500
0.053950,0.291603,-0.054838,465.850190
0.059905,0.526135,-0.057330,803.532436
0.055699,0.366706,-0.055483,740.173075
0.056410,0.394708,-0.055735,781.312131
0.064639,0.697003,-0.058943,643.448159
0.061510,0.576047,-0.058469,517.350116
0.063489,0.635168,-0.057856,126.471629
0.053693,0.293199,-0.054022,788.328854
0.058073,0.456599,-0.056098,779.446179
0.058439,0.469779,-0.056231,766.913359
0.061088,0.568433,-0.058068,747.999019
0.060270,0.537284,-0.057701,731.598171
0.055747,0.368635,-0.055499,744.413104
0.061502,0.582541,-0.057581,719.703045
0.066582,0.765566,-0.060915,515.092730
0.055573,0.362143,-0.055415,744.293487
0.064375,0.693437,-0.059335,811.241867
0.055444,0.359619,-0.055089,811.924516
0.065042,0.706323,-0.058917,487.431995
0.054608,0.327259,-0.054449,785.157718
0.055234,0.340374,-0.055451,487.816345
0.064833,0.708397,-0.059875,747.166729
0.053564,0.288445,-0.053968,790.111793
0.054560,0.326562,-0.054630,812.173837
0.066149,0.757618,-0.059916,756.200374
0.062358,0.614984,-0.058023,732.006196
0.054106,0.309544,-0.054391,811.624034
0.064926,0.712630,-0.059390,775.934131
0.063638,0.664308,-0.058753,771.368300
0.055406,0.355670,-0.055347,737.250157
0.056992,0.412566,-0.056197,669.630415
0.062691,0.630057,-0.058430,801.683177
0.060832,0.557431,-0.057255,718.772210
0.053719,0.270113,-0.053148,132.308876
0.062015,0.605244,-0.058279,811.011088
0.064195,0.681562,-0.058787,675.677498
0.062931,0.639290,-0.058593,807.807143
0.058616,0.477677,-0.056455,800.065796
0.057638,0.440876,-0.056306,788.172703
0.059538,0.502047,-0.057520,509.805096
0.053912,0.285205,-0.053405,349.336837
0.058627,0.467956,-0.057081,508.963166
0.061057,0.569425,-0.057747,811.775660
0.057758,0.444940,-0.055961,783.271083
0.053705,0.294400,-0.054148,808.267124
0.060453,0.545319,-0.057223,773.073758
0.064812,0.709603,-0.059496,807.365736
0.062709,0.616982,-0.057726,429.103287
0.066551,0.770215,-0.060797,678.772829
0.063459,0.658733,-0.059082,796.091539
0.056607,0.401093,-0.055898,752.926731
0.065149,0.706965,-0.060251,374.670205
0.054733,0.322772,-0.054007,536.966062
0.053722,0.286042,-0.053559,566.631094
0.065500,0.705174,-0.058752,-16.271245
0.056066,0.380026,-0.055679,728.645128
0.060580,0.549914,-0.057797,761.108730
0.058888,0.486375,-0.056431,761.871573
0.059257,0.496920,-0.057298,660.326641
0.058996,0.491148,-0.056548,780.840245
0.064355,0.675664,-0.058443,350.844571
0.061181,0.559447,-0.058336,396.794135
0.060158,0.526477,-0.057806,544.804467
0.053520,0.284644,-0.054460,722.354416
0.061539,0.580067,-0.058443,599.981041
0.061811,0.594295,-0.057744,725.837566
0.064193,0.684122,-0.058944,745.865354
0.059598,0.507665,-0.057505,604.012240
0.055129,0.345583,-0.055199,745.434210
0.055187,0.344966,-0.055330,666.189790
0.060407,0.543824,-0.057221,778.701995
0.056543,0.400628,-0.055655,809.962271
0.061669,0.592296,-0.058099,811.662397
0.062753,0.606842,-0.057488,104.609827
0.061055,0.561854,-0.057164,612.670856
0.056327,0.390271,-0.055167,752.175261
0.062014,0.598472,-0.058661,617.566755
0.057154,0.423175,-0.055778,804.271800
0.058161,0.458758,-0.056670,740.300713
0.060670,0.554172,-0.057408,793.154364
0.064138,0.680148,-0.059630,682.436525
0.059166,0.495445,-0.057193,714.933653
0.064552,0.699829,-0.059576,802.686369
0.060174,0.531078,-0.057743,656.852581
0.060096,0.531111,-0.057603,740.490050
0.061899,0.590825,-0.057469,542.158308
0.054284,0.314007,-0.054190,754.883849
0.064513,0.698242,-0.059317,802.885702
0.061965,0.602026,-0.058442,771.127215
0.052964,0.266877,-0.053850,811.954872
0.055713,0.363015,-0.054625,635.731343
0.061580,0.588724,-0.057925,805.899946
0.055793,0.371968,-0.055409,790.184003
0.058821,0.484125,-0.056951,760.025030
0.063156,0.633490,-0.057936,423.493823
0.056577,0.399427,-0.055273,746.939459
0.064729,0.706059,-0.059713,791.534090
0.058358,0.462162,-0.055913,643.054330
0.062546,0.611941,-0.057679,457.755766
0.057959,0.444457,-0.056743,549.840822
0.059323,0.496023,-0.056283,582.234297
0.059132,0.493067,-0.056387,696.823415
0.063299,0.646885,-0.058296,642.814801
0.062533,0.621814,-0.058795,730.053792
0.053720,0.294379,-0.054416,788.096970
0.058461,0.472226,-0.056613,806.485326
0.058783,0.484411,-0.056662,812.100988
0.060070,0.532152,-0.057177,803.245859
0.066334,0.766434,-0.060437,802.461954
0.066514,0.764199,-0.059726,565.255317
0.059108,0.485930,-0.056104,527.047234
0.062060,0.589891,-0.057337,351.045982
0.057362,0.426194,-0.055495,677.761164
0.057057,0.403456,-0.056350,346.521235
0.062537,0.618360,-0.057927,642.504688
0.064465,0.693121,-0.058999,715.012914
0.055689,0.350744,-0.055689,302.692320
0.062794,0.634068,-0.058735,801.603772
0.060465,0.528720,-0.057991,286.516313
0.056249,0.377449,-0.054671,482.458839
0.055183,0.343711,-0.054393,649.140778
0.055967,0.378288,-0.055130,791.003939
0.062824,0.635433,-0.058582,811.017482
0.056004,0.380466,-0.055288,810.731195
0.056974,0.415106,-0.055532,769.427559
0.066140,0.757664,-0.060483,758.796394
0.060666,0.548673,-0.057037,649.049444
0.066665,0.756133,-0.060960,165.168109
0.053712,0.278027,-0.054736,335.952982
0.058385,0.469304,-0.056394,807.108422
0.062001,0.597177,-0.058669,595.345466
0.066108,0.756563,-0.060463,760.969661
0.057107,0.415094,-0.055296,634.959337
0.054760,0.330529,-0.055076,709.130592
0.058452,0.469735,-0.056805,743.612139
0.058922,0.473932,-0.057248,367.934924
0.055858,0.369248,-0.054733,657.262877
0.064100,0.683155,-0.059296,810.264865
0.059062,0.486138,-0.056152,578.753663
0.061035,0.558668,-0.058236,527.499238
0.054792,0.325537,-0.054056,552.427750
0.057179,0.423662,-0.056088,787.138505
0.063758,0.665522,-0.058591,683.510157
0.064339,0.691725,-0.059491,799.335394
0.054471,0.309585,-0.053770,444.004317
0.060713,0.551856,-0.057987,674.529604
0.062902,0.638406,-0.058675,812.168107
0.061946,0.599564,-0.057822,730.965455
0.059705,0.518738,-0.057046,808.577908
0.062112,0.603615,-0.057777,673.041427
0.066212,0.757053,-0.060648,664.109229
0.060414,0.541931,-0.057800,710.910265
0.053509,0.287278,-0.054123,812.164915
0.061395,0.578400,-0.058282,704.389419
0.054596,0.318581,-0.053976,563.212505
0.064886,0.711705,-0.059430,790.801661
0.053148,0.273524,-0.053865,806.688432
0.061836,0.598437,-0.058087,809.815716
0.060588,0.548583,-0.057153,725.342474
0.060732,0.557180,-0.057690,808.631059
0.055945,0.367243,-0.054562,514.211794
0.062980,0.627592,-0.057871,442.085655
0.057117,0.418175,-0.055439,707.936006
0.054090,0.308520,-0.054278,801.045340
0.054484,0.323501,-0.054710,804.399536
0.065059,0.713895,-0.059205,676.134263
0.060494,0.546783,-0.057236,771.048431
0.058662,0.475349,-0.056152,692.423063
0.058434,0.471387,-0.056529,811.984932
0.059740,0.517460,-0.057447,730.863993
0.063187,0.632104,-0.059306,332.271792
0.064769,0.700876,-0.060000,601.616891
0.064250,0.685668,-0.059638,720.114500
0.054300,0.313034,-0.054865,700.767412
0.059079,0.475309,-0.057317,242.279698
0.055805,0.367337,-0.055646,645.302214
0.061474,0.575070,-0.057269,545.584820
0.062455,0.621578,-0.058388,809.984347
0.066294,0.755742,-0.060766,541.437477
0.057404,0.421784,-0.056495,496.410119
0.053291,0.270552,-0.054484,566.529253
0.061718,0.594033,-0.058032,809.884601
0.055437,0.359300,-0.055123,809.897721
0.060923,0.557853,-0.057140,637.326487
0.058914,0.484621,-0.057118,675.629959
0.053561,0.285461,-0.054506,702.512803
0.061636,0.583865,-0.058487,604.558797
0.057280,0.414307,-0.055116,436.456917
0.064560,0.677686,-0.059947,172.712484
0.059541,0.510700,-0.057318,750.103425
0.061216,0.570534,-0.057368,684.752876
0.057177,0.422513,-0.056167,755.852785
0.063783,0.654100,-0.058163,346.038758
0.060140,0.529218,-0.057741,640.260451
0.061581,0.586242,-0.058336,730.323941
0.061725,0.590104,-0.058462,686.536528
0.064928,0.703780,-0.060118,515.905675
0.061544,0.568202,-0.058509,262.703912
0.056808,0.410301,-0.055621,805.646425
0.060551,0.542278,-0.056889,591.881206
0.055545,0.350550,-0.055611,447.231859
0.060541,0.546559,-0.057115,718.813714
0.057728,0.438260,-0.056594,617.963572
0.055472,0.348095,-0.055574,454.944680
0.064189,0.676443,-0.058573,541.682057
0.053523,0.272197,-0.053258,391.139726
0.064472,0.687072,-0.059894,525.948128
0.055633,0.353412,-0.054342,454.824284
0.060186,0.525792,-0.057837,496.173057
0.057198,0.419977,-0.056303,661.790693
0.054394,0.318646,-0.054813,761.338809
0.063036,0.642263,-0.058506,783.374033
0.063454,0.653258,-0.058398,658.844772
0.060266,0.538530,-0.057152,778.486971
0.053457,0.277151,-0.053471,594.056889
0.064434,0.687722,-0.059849,583.928402
0.058065,0.453698,-0.055902,710.204620
0.064381,0.684258,-0.059844,542.055299
0.064269,0.685375,-0.058879,703.559755
0.059118,0.494135,-0.056478,739.210364
0.056825,0.404064,-0.056166,606.198139
0.057147,0.423046,-0.055993,804.643505
0.065076,0.703119,-0.060217,343.523584
0.061972,0.588423,-0.057343,401.707964
0.057521,0.427979,-0.055388,564.126566
0.057925,0.450196,-0.056542,748.091619
0.058366,0.464946,-0.056829,697.967638
0.053006,0.266966,-0.053636,774.385435
0.065232,0.701762,-0.058722,167.006778
0.057135,0.422405,-0.056021,798.541058
0.064271,0.687851,-0.059579,759.954781
0.055076,0.334563,-0.055375,490.104251
0.054497,0.323876,-0.054502,805.075896
0.059663,0.515003,-0.057390,742.893868
0.061174,0.568049,-0.057301,659.843238
0.061264,0.576964,-0.057974,805.202948
0.056789,0.402738,-0.056149,606.654392
0.066661,0.762967,-0.059584,381.214172
0.059674,0.492098,-0.056009,114.249194
0.056201,0.374429,-0.054610,449.312220
0.059159,0.468900,-0.057274,-17.879181
0.058816,0.475037,-0.055963,527.515447
0.061701,0.586752,-0.058511,617.146612
0.059262,0.500556,-0.056627,766.622354
0.062646,0.615593,-0.059037,435.918085
0.058696,0.456317,-0.055551,136.377696
0.053672,0.283297,-0.054686,524.466761
0.060897,0.562799,-0.057533,796.032794
0.062028,0.599733,-0.058652,639.016032
0.060874,0.552491,-0.058159,523.869001
0.055262,0.335915,-0.055484,334.397908
0.055008,0.336543,-0.055283,617.389952
0.059066,0.480278,-0.055955,414.694512
0.060615,0.552565,-0.057691,800.158024
0.064623,0.701838,-0.059300,789.981374
0.057741,0.430877,-0.056677,398.398188
0.054172,0.304373,-0.054896,591.128378
0.055736,0.364740,-0.054677,659.269632
0.061416,0.575328,-0.057336,611.434320
0.066475,0.771958,-0.060359,811.750798
0.053027,0.265887,-0.054234,713.992164
0.058618,0.461577,-0.055686,360.779447
0.054083,0.292932,-0.054915,365.097903
0.065301,0.709698,-0.060323,292.035091
0.054439,0.316731,-0.054076,672.317893
0.058127,0.448994,-0.056842,501.293532
0.061471,0.583088,-0.058235,757.330712
0.058199,0.462569,-0.056444,810.717000
0.064650,0.700843,-0.059823,725.832114
0.057850,0.444430,-0.056616,663.931962
0.064154,0.685190,-0.059319,810.474220
0.062786,0.621183,-0.059103,446.091688
0.063632,0.655992,-0.059486,534.277036
0.061299,0.568643,-0.057188,548.336052
0.064975,0.712292,-0.059251,717.792329
0.065117,0.708915,-0.058946,481.481178
0.060115,0.525733,-0.057774,568.871473
0.054477,0.301852,-0.055091,203.013682
0.061179,0.560957,-0.058329,441.162379
0.061154,0.563894,-0.057144,567.452636
0.058888,0.475369,-0.055920,462.567738
0.053934,0.302921,-0.054450,803.717856
0.062652,0.625191,-0.058894,699.137510
0.060131,0.534091,-0.057154,794.267882
0.058101,0.454290,-0.055876,689.841687
0.059989,0.527177,-0.057548,742.536597
0.055735,0.369625,-0.055397,785.343007
0.053552,0.277625,-0.053403,509.757886
0.059626,0.497478,-0.056128,312.213397
0.059095,0.486316,-0.056129,550.805660
0.057962,0.453526,-0.056382,805.269629
0.057320,0.429724,-0.055965,812.216944
0.055483,0.341802,-0.054112,289.918114
0.053562,0.288645,-0.054003,797.476332
0.063766,0.657068,-0.058253,444.646963
0.057246,0.423364,-0.056279,706.384267
0.057111,0.411822,-0.056345,523.818082
0.055382,0.357254,-0.055078,811.150377
0.054459,0.322764,-0.054629,811.337962
0.063595,0.661950,-0.058669,750.955843
0.062419,0.620288,-0.058493,809.627471
0.053364,0.280462,-0.053819,777.208279
0.059951,0.518826,-0.057705,546.919884
0.053561,0.284965,-0.053709,700.753030
0.055660,0.363838,-0.055521,700.120525
0.063889,0.669534,-0.059545,644.790623
0.065294,0.715607,-0.060308,464.696895
0.059298,0.503527,-0.057012,807.073741
0.060219,0.534399,-0.057716,703.660139
0.059362,0.498867,-0.056360,620.680690
0.056884,0.413265,-0.055855,806.214752
0.060195,0.536696,-0.057511,795.399966
0.055881,0.355743,-0.054283,264.987088
0.058882,0.486014,-0.056416,757.935176
0.056189,0.380546,-0.054843,628.679704
0.057472,0.435394,-0.056016,811.713283
0.055009,0.343264,-0.054808,810.709792
0.063830,0.666008,-0.058520,623.878521
0.064825,0.696543,-0.058760,441.548055
0.061664,0.582075,-0.057357,543.285407
0.060501,0.546987,-0.057234,769.481815
0.055072,0.344364,-0.055117,771.225513
0.061884,0.600353,-0.058163,812.182279
0.059402,0.507362,-0.056888,807.381161
0.056969,0.412113,-0.056174,680.896213
0.056682,0.404599,-0.055428,779.719825
0.060578,0.545358,-0.057957,633.995332
0.060311,0.518841,-0.056368,195.267077
0.062859,0.630513,-0.058088,645.787811
0.053339,0.277340,-0.054392,707.848504
0.059558,0.510459,-0.057367,725.906566
0.054334,0.315063,-0.054156,733.247869
0.054939,0.340476,-0.054725,806.270893
0.057949,0.452887,-0.056409,799.581455
0.059865,0.524485,-0.057331,799.840279
0.063812,0.670895,-0.058844,773.469361
0.061278,0.567126,-0.058359,510.647420
0.063363,0.632946,-0.057840,195.576362
0.055762,0.366556,-0.055605,668.686892
0.060888,0.550913,-0.058184,464.386041
0.057602,0.440262,-0.056152,810.954517
0.061129,0.565776,-0.058226,628.956790
0.059166,0.495804,-0.057179,725.124838
0.056474,0.388080,-0.056037,525.156531
0.055911,0.374697,-0.054964,751.209464
0.056606,0.401389,-0.055879,762.064834
0.063602,0.661076,-0.058596,720.759470
0.061178,0.572188,-0.057552,767.037627
0.059289,0.503349,-0.056936,812.114468
0.053154,0.272909,-0.053747,784.903843
0.053476,0.282194,-0.053692,711.740644
0.060002,0.525457,-0.056798,692.325676
0.056825,0.411037,-0.055652,808.181542
0.056417,0.390106,-0.055943,642.604804
0.056939,0.407589,-0.055161,601.011562
0.064833,0.701677,-0.058928,574.131720
0.064959,0.713287,-0.059929,751.450824
0.054557,0.326015,-0.054510,802.014089
0.061950,0.591360,-0.058690,486.123023
0.062561,0.625559,-0.058442,810.140461
0.058199,0.446089,-0.056900,344.912904
0.063669,0.650023,-0.058112,350.356355
0.058289,0.454921,-0.055695,515.811245
0.053072,0.270863,-0.053883,811.234338
0.057805,0.443700,-0.055760,702.820719
0.067130,0.770602,-0.061160,85.029611
0.056782,0.406942,-0.055361,742.728519
0.057889,0.447704,-0.056578,714.864560
0.061322,0.579293,-0.057961,809.920117
0.063423,0.648988,-0.059375,556.964400
0.058406,0.470237,-0.056446,810.709354
0.061160,0.567887,-0.057311,669.160987
0.062644,0.627684,-0.058326,785.407389
0.055101,0.343915,-0.055215,727.563919
0.058392,0.458902,-0.056970,501.057245
0.063493,0.660200,-0.058846,805.722281
0.053268,0.273528,-0.053541,687.545843
0.058644,0.477138,-0.056304,758.833500
0.061316,0.578580,-0.058053,794.979643
0.055823,0.367842,-0.055659,640.340427
0.066427,0.770002,-0.060287,808.576171
0.056605,0.397687,-0.056021,657.798771
0.059162,0.498301,-0.056755,805.392615
0.058227,0.451996,-0.056897,480.039288
0.064055,0.667423,-0.059720,412.050287
0.061880,0.580811,-0.058671,263.970048
0.057322,0.420324,-0.055284,557.949800
0.055796,0.372095,-0.055407,791.016780
0.058085,0.456486,-0.056602,756.918434
0.057583,0.438894,-0.056269,791.011768
0.058533,0.472398,-0.056206,742.785738
0.053774,0.297149,-0.054251,812.170719
0.054225,0.310774,-0.054088,726.793799
0.056897,0.411002,-0.056083,726.180927
0.059932,0.526847,-0.057088,799.812918
0.064875,0.709797,-0.059287,751.070837
0.063416,0.657616,-0.058941,811.659728
0.060997,0.561673,-0.057227,666.519007
0.057768,0.446011,-0.056332,797.281697
0.056720,0.404420,-0.055996,727.156681
0.063558,0.656746,-0.058429,647.880044
0.061901,0.600749,-0.058290,803.913777
0.060881,0.561689,-0.057465,782.809547
0.059766,0.521160,-0.057191,811.193218
0.062889,0.628086,-0.057956,548.895261
0.063079,0.631995,-0.059245,441.798774
0.054862,0.337704,-0.054874,806.931069
0.065082,0.703890,-0.058821,379.958949
0.054983,0.328589,-0.054013,441.277217
0.057160,0.420791,-0.056212,724.597998
0.055526,0.358518,-0.055467,691.341433
0.064933,0.701459,-0.058839,465.161112
0.054942,0.330189,-0.054094,526.279691
0.057690,0.442506,-0.055937,785.394854
0.056077,0.369058,-0.054528,429.307440
0.061298,0.558281,-0.056896,265.425449
0.054099,0.301826,-0.053809,612.319934
0.059995,0.512884,-0.057766,334.961631
0.061079,0.570063,-0.057699,807.711961
0.054712,0.324380,-0.055159,586.958638
0.063699,0.645457,-0.059531,171.377048
0.060273,0.536979,-0.057013,730.267348
0.060583,0.539970,-0.056777,496.672571
0.055720,0.365434,-0.054737,694.541331
0.055484,0.353133,-0.054457,599.612470
0.056509,0.398687,-0.055756,789.490912
0.061692,0.584316,-0.057416,575.840799
0.064601,0.697445,-0.059021,694.862128
0.064393,0.693889,-0.059498,802.951246
0.057851,0.449363,-0.056337,803.958602
0.063600,0.661183,-0.058606,725.664042
0.062133,0.590879,-0.058795,281.029501
0.061940,0.580830,-0.058690,202.203829
0.055778,0.371997,-0.055296,809.078216
0.059485,0.499985,-0.057496,507.104149
0.060992,0.567021,-0.057750,812.216603
0.060818,0.552700,-0.058103,588.046901
0.054620,0.307211,-0.053646,226.141431
0.061389,0.578972,-0.057569,737.459099
0.054171,0.311284,-0.054632,788.772144
0.055921,0.370797,-0.054726,636.081271
0.054797,0.327892,-0.054145,611.959155
0.058266,0.460484,-0.056803,677.905842
0.058776,0.484159,-0.056705,811.607970
0.058817,0.475373,-0.057170,517.873543
0.055422,0.347398,-0.055542,487.682662
0.058772,0.483523,-0.056819,796.654513
0.053450,0.284649,-0.054245,798.408467
0.063663,0.660752,-0.059443,635.992242
0.057186,0.404047,-0.054902,250.700828
0.057236,0.402520,-0.056405,134.657167
0.054055,0.307464,-0.054502,804.574680
0.057711,0.428997,-0.055284,397.911417
0.061829,0.598277,-0.058195,810.663494
0.054029,0.305396,-0.054611,772.456203
0.055071,0.343441,-0.054571,755.228810
0.057368,0.419530,-0.056485,470.679448
0.056355,0.392611,-0.055712,780.244632
0.061052,0.569217,-0.057823,810.462502
0.060487,0.529824,-0.056547,316.283456
0.060182,0.527164,-0.057820,538.565950
0.064426,0.693330,-0.059672,751.097837
0.057107,0.418176,-0.055457,718.088694
0.052975,0.267315,-0.053878,812.245658
0.063427,0.654307,-0.059263,703.276372
0.064510,0.684920,-0.059938,426.065322
0.054500,0.306030,-0.053660,316.927613
0.053674,0.287653,-0.054618,645.318131
0.059593,0.503214,-0.057554,484.778522
0.061294,0.578166,-0.057974,807.209577
0.053777,0.289955,-0.053661,616.815645
0.056303,0.374549,-0.054557,347.772108
0.054943,0.333310,-0.054213,610.340176
0.063574,0.659560,-0.059343,695.960877
0.056476,0.396019,-0.055253,756.904824
0.057451,0.428330,-0.056452,629.926864
0.058655,0.477781,-0.056879,756.229899
0.061718,0.594079,-0.058153,809.822463
0.063508,0.658314,-0.058599,740.690952
0.062648,0.608683,-0.059038,240.942402
0.062109,0.596682,-0.058772,468.640512
0.061799,0.594936,-0.058415,745.862020
0.063938,0.668462,-0.059620,563.989319
0.053608,0.281722,-0.053502,564.532025
0.056636,0.402608,-0.055381,772.978031
0.064560,0.695816,-0.059837,679.173435
0.054534,0.319509,-0.055040,636.328480
0.053651,0.287336,-0.053698,673.601074
0.060034,0.531176,-0.057311,811.648595
0.055795,0.362994,-0.054539,551.945336
0.058306,0.466543,-0.056411,811.405771
0.053342,0.280880,-0.053989,809.640666
0.055501,0.361409,-0.054984,804.704133
0.059775,0.519677,-0.057417,757.078237
0.054770,0.332107,-0.055029,743.811986
0.061000,0.565575,-0.057471,768.438528
0.059129,0.481529,-0.057348,363.677656
0.057278,0.426868,-0.056177,772.850380
0.063433,0.654078,-0.059281,690.285424
0.062336,0.616475,-0.058573,787.559896
0.057639,0.428152,-0.055302,448.395636
0.061475,0.585014,-0.058026,810.533765
0.063662,0.642423,-0.059501,124.909002
0.064551,0.700055,-0.059497,811.303249
0.053597,0.290376,-0.054099,808.556761
0.057109,0.421309,-0.055725,799.567166
0.056002,0.378912,-0.055579,765.562791
0.055645,0.361839,-0.054659,673.014921
0.056924,0.389859,-0.056246,106.163052
0.064344,0.687986,-0.059725,686.421951
0.054069,0.291158,-0.054908,329.845735
0.063514,0.657929,-0.058563,724.787560
0.066186,0.761105,-0.060313,809.331436
0.064942,0.706443,-0.060098,576.551094
0.061886,0.586730,-0.057345,443.247141
0.057739,0.442168,-0.055785,727.626058
0.058553,0.472344,-0.056904,709.922089
0.059484,0.510111,-0.057168,795.340190
0.058411,0.467972,-0.056157,746.630332
0.057516,0.436985,-0.056133,809.200640
0.056732,0.399217,-0.055036,584.416364
0.061419,0.582972,-0.057941,812.208292
0.063435,0.654450,-0.058491,710.284189
0.062809,0.631993,-0.058250,736.126322
0.063059,0.643000,-0.058966,772.700827
0.055261,0.352520,-0.055086,804.227487
0.058648,0.479321,-0.056571,811.137150
0.061172,0.570880,-0.058142,728.045809
0.058098,0.453787,-0.055853,679.022744
0.056801,0.404271,-0.056132,637.440773
0.064136,0.675459,-0.059721,552.487144
0.059347,0.500540,-0.056459,681.055891
0.061929,0.593203,-0.057530,575.914977
0.064344,0.689098,-0.058972,728.819657
0.062806,0.613604,-0.059110,213.701467
0.058781,0.482245,-0.056953,749.430290
0.063191,0.635755,-0.059301,430.030304
0.064682,0.700364,-0.059052,691.155549
0.056411,0.385154,-0.054804,527.792128
0.054837,0.336541,-0.054906,799.982837
0.063781,0.655168,-0.058191,377.482864
0.054924,0.323169,-0.055321,331.271339
0.055460,0.353135,-0.055507,608.505567
0.057735,0.444080,-0.056388,776.483102
0.061115,0.571012,-0.057963,793.343738
0.060550,0.550449,-0.057509,811.987962
0.059984,0.526876,-0.057550,739.722402
0.062819,0.635217,-0.058568,810.303843
0.064393,0.693380,-0.059207,793.815000
0.057124,0.421762,-0.056044,791.770131
0.062771,0.627398,-0.058053,649.609970
0.061901,0.583496,-0.057249,339.198333
0.059083,0.495286,-0.056954,799.937492
0.056060,0.382428,-0.055469,804.634857
0.060847,0.560089,-0.057913,766.696440
0.062596,0.623762,-0.058844,717.440113
0.060078,0.527491,-0.056792,670.547953
0.060689,0.555651,-0.057578,812.019305
0.064848,0.702811,-0.060055,572.610273
0.059051,0.490892,-0.057147,707.720018
0.057907,0.443234,-0.055607,586.961483
0.052987,0.266465,-0.053648,780.181578
0.054163,0.299415,-0.054942,461.741918
0.060226,0.537895,-0.057238,801.209388
0.055470,0.351851,-0.055538,561.925116
0.055216,0.349822,-0.054724,780.381738
0.053949,0.303659,-0.054305,811.157640
0.064565,0.692597,-0.059912,583.444307
0.060167,0.522988,-0.057842,437.380149
0.064429,0.691642,-0.058974,711.836314
0.063194,0.643814,-0.059202,653.114102
0.062973,0.640198,-0.058887,785.415661
0.056790,0.408219,-0.055970,760.722015
0.062305,0.616070,-0.058423,810.765149
0.054246,0.311984,-0.054800,729.006898
0.053651,0.275723,-0.053286,356.270637
0.055617,0.366095,-0.055162,812.162889
0.062132,0.603205,-0.057731,641.436583
0.058340,0.463388,-0.056835,681.352202
0.055649,0.367017,-0.055281,803.075568
0.058576,0.453329,-0.055519,177.040838
0.061470,0.583979,-0.058167,784.079005
0.064547,0.699142,-0.059636,788.537837
0.059518,0.503207,-0.056373,579.814409
0.063655,0.655737,-0.058290,521.663177
0.058080,0.458002,-0.056426,806.922703
0.063465,0.650443,-0.058265,571.421939
0.054715,0.320344,-0.055206,470.284502
0.055199,0.349830,-0.055113,792.659853
0.053671,0.284865,-0.054666,569.526288
0.057481,0.435383,-0.055930,803.496835
0.061076,0.569112,-0.057573,786.140957
0.066230,0.762472,-0.060398,800.345664
0.057181,0.424482,-0.055964,809.906558
0.057437,0.433591,-0.056182,795.062017
0.053135,0.272591,-0.053784,795.011264
0.066227,0.762650,-0.060224,811.064437
0.061257,0.574275,-0.058173,734.425302
0.055345,0.353597,-0.055306,743.667130
0.056768,0.396928,-0.054924,485.017826
0.064168,0.679861,-0.059682,642.093721
0.055557,0.363661,-0.055214,806.401919
0.064727,0.696321,-0.058824,535.358161
0.058739,0.477011,-0.056126,659.774923
0.060577,0.524076,-0.057984,42.111739
0.061929,0.599528,-0.057857,747.788423
0.053906,0.302103,-0.054322,812.238120
0.062469,0.621979,-0.058364,807.127570
0.063117,0.643696,-0.059076,730.839492
0.064639,0.689105,-0.058656,428.261477
0.053633,0.290810,-0.053977,784.505145
0.064716,0.705392,-0.059352,791.565575
0.063436,0.638490,-0.059419,251.214557
0.056697,0.406021,-0.055543,802.214005
0.056135,0.383610,-0.055115,765.583429
0.060483,0.547027,-0.057695,782.688674
0.058887,0.488156,-0.056816,806.858967
0.062449,0.604115,-0.058950,320.721281
0.062108,0.605515,-0.057893,728.412901
0.054350,0.307907,-0.055020,504.395475
0.063179,0.648585,-0.058891,806.132331
0.055102,0.329195,-0.053967,335.173138
0.065237,0.713877,-0.059019,494.928945
0.060192,0.536822,-0.057476,802.325155
0.060538,0.550037,-0.057556,811.568642
0.061678,0.587163,-0.058471,653.242631
0.059336,0.484935,-0.057441,242.670150
0.059003,0.491863,-0.056603,792.905790
0.064025,0.672888,-0.058595,612.018432
0.054087,0.291248,-0.053477,335.081616
0.062677,0.627624,-0.058845,741.797144
0.055747,0.370855,-0.055282,809.026365
0.060530,0.542018,-0.057962,590.967425
0.058741,0.482749,-0.056737,807.931723
0.062839,0.634410,-0.058363,770.181108
0.053890,0.298376,-0.054643,719.664461
0.053998,0.304554,-0.054165,787.558953
0.053959,0.296041,-0.053719,597.683108
0.062639,0.626543,-0.058811,751.038407
0.054752,0.333054,-0.054567,795.702348
0.062953,0.639547,-0.058868,788.257545
0.059144,0.496890,-0.057057,780.042765
0.064696,0.698991,-0.059949,625.373590
0.059689,0.501895,-0.056210,368.895858
0.058200,0.447458,-0.056899,382.108767
0.059737,0.500027,-0.056145,267.709257
0.053585,0.287756,-0.053842,751.090726
0.055489,0.361192,-0.055034,810.316925
0.055370,0.336428,-0.054032,258.741322
0.054383,0.319827,-0.054493,809.760971
0.064945,0.695085,-0.058665,277.936699
0.061708,0.593058,-0.058263,789.624787
0.065066,0.705526,-0.060207,420.419561
0.058734,0.482559,-0.056705,810.480387
0.063815,0.667874,-0.058630,689.025700
0.057802,0.436823,-0.056686,500.055403
0.060648,0.547372,-0.056999,632.311638
0.055320,0.352516,-0.055301,739.920981
0.059241,0.501367,-0.056822,808.592770
0.058040,0.456640,-0.056317,812.242736
0.059143,0.481246,-0.055940,362.111006
0.056939,0.415187,-0.055684,805.581405
0.060110,0.533207,-0.057504,786.284008
0.063663,0.660467,-0.059449,627.470475
0.060644,0.548949,-0.057080,678.765732
0.061619,0.590129,-0.058165,802.052964
0.066574,0.758390,-0.059508,344.868545
0.055334,0.338056,-0.055518,318.902342
0.062524,0.611630,-0.058975,452.900894
0.056209,0.371797,-0.055940,347.905406
0.056895,0.413841,-0.055805,811.264753
0.053768,0.287735,-0.053580,565.752116
0.065219,0.705103,-0.060279,250.130866
0.055387,0.357487,-0.055048,812.202218
0.064010,0.659496,-0.058200,260.605696
0.057986,0.452613,-0.056564,752.268692
0.062010,0.603716,-0.058463,771.229464
0.061256,0.575609,-0.057638,780.817478
0.064980,0.700859,-0.060169,379.837705
0.056799,0.409099,-0.055935,776.878089
0.055641,0.346504,-0.054162,257.213095
0.063369,0.654370,-0.059128,767.375452
0.061175,0.551742,-0.056797,212.002454
0.058957,0.484367,-0.057183,622.681180
0.064858,0.702989,-0.060062,567.711877
0.054246,0.314259,-0.054338,798.453670
0.053069,0.269824,-0.054123,781.464913
0.059424,0.497377,-0.056243,516.508266
0.056119,0.384029,-0.055577,787.075724
0.055469,0.344788,-0.055583,365.564971
0.059050,0.484351,-0.057280,524.556014
0.059421,0.506472,-0.056702,766.059945
0.056311,0.384368,-0.054869,607.977530
0.056820,0.405161,-0.055194,656.008336
0.056301,0.382762,-0.055940,557.537459
0.062528,0.622148,-0.058161,753.226310
0.057769,0.444930,-0.055923,771.479303
0.054289,0.304138,-0.053724,481.531350
0.060002,0.529967,-0.057239,811.793030
0.054904,0.338393,-0.055012,780.401356
0.064078,0.669755,-0.059724,453.711163
0.061546,0.587589,-0.058094,807.352941
0.059485,0.509568,-0.056798,784.313916
0.059212,0.492530,-0.057331,583.976932
0.063496,0.644974,-0.058066,390.207691
0.060343,0.542101,-0.057267,796.388795
0.055375,0.355083,-0.054740,762.831626
0.063252,0.650898,-0.058993,793.569564
0.058225,0.448785,-0.055548,413.263477
0.055854,0.374855,-0.055221,811.007689
0.054874,0.329947,-0.055245,572.684880
0.063900,0.669374,-0.059562,629.538241
0.058261,0.463054,-0.056688,756.560118
0.055986,0.376273,-0.054916,717.886671
0.063231,0.638237,-0.059315,457.476684
0.064120,0.667349,-0.059756,342.036409
0.063923,0.663725,-0.059651,446.523085
0.064792,0.708345,-0.059404,794.769933
0.054164,0.295355,-0.054954,347.924021
0.053839,0.280736,-0.054795,279.187213
0.062920,0.632755,-0.058115,644.249633
0.063849,0.673182,-0.059287,791.945630
0.054873,0.337616,-0.054632,797.028367
0.059329,0.503569,-0.056706,780.067470
0.056554,0.377789,-0.056082,155.724485
0.057153,0.423210,-0.055790,805.980981
0.056681,0.404758,-0.055450,785.298375
0.060468,0.522977,-0.057960,123.971900
0.061788,0.595832,-0.057929,789.049051
0.061268,0.575126,-0.058158,746.267147
0.055952,0.378610,-0.055343,811.643450
0.054775,0.322483,-0.055235,467.270883
0.063700,0.660906,-0.058447,617.296303
0.062915,0.614045,-0.057585,136.714415
0.054034,0.288721,-0.054890,298.144159
0.060891,0.562221,-0.057897,781.101654
0.053161,0.274267,-0.053995,811.696095
0.056737,0.399053,-0.056150,557.998303
0.059732,0.517924,-0.057406,752.609253
0.057220,0.425306,-0.055755,795.172502
0.058230,0.462315,-0.056160,775.622048
0.062795,0.620107,-0.057765,426.897653
0.056141,0.385674,-0.055395,812.194051
0.059888,0.513045,-0.056412,471.107456
0.059308,0.497784,-0.057346,631.468017
0.054966,0.323750,-0.053892,325.047104
0.058471,0.454775,-0.057031,303.021193
0.055867,0.374766,-0.055111,796.801111
0.055743,0.369395,-0.055443,770.461085
0.062716,0.613789,-0.059078,312.016151
0.062094,0.594613,-0.058772,426.509169
0.060845,0.556596,-0.058054,669.813908
0.053007,0.265683,-0.053532,739.360223
0.053507,0.281675,-0.053614,665.841178
0.059492,0.509711,-0.057241,774.466989
0.064658,0.703912,-0.059444,809.503559
0.061630,0.589391,-0.057797,775.089839
0.055197,0.348127,-0.055232,745.261797
0.063035,0.626483,-0.057811,355.730918
0.059366,0.501707,-0.057331,680.312545
0.054111,0.302564,-0.054858,604.837344
0.064532,0.686983,-0.058662,479.628096
0.056239,0.389315,-0.055430,811.972952
0.060895,0.563307,-0.057652,811.051752
0.056722,0.393413,-0.056183,415.833275
0.054295,0.304352,-0.055005,462.618243
0.064014,0.679610,-0.059334,799.410896
0.066310,0.759558,-0.060723,631.485539
0.056120,0.379926,-0.055777,668.999499
0.053473,0.284661,-0.054340,773.800441
0.059720,0.507326,-0.057620,467.135802
0.058611,0.477903,-0.056546,810.760856
0.054868,0.337108,-0.054989,782.294828
0.063373,0.650611,-0.059287,655.301271
0.064587,0.698618,-0.059786,729.780796
0.055599,0.364007,-0.054897,777.263216
0.058750,0.473242,-0.057134,528.038708
0.060981,0.566592,-0.057763,811.827086
0.064417,0.689042,-0.058853,653.617561
0.053334,0.280302,-0.053920,801.971069
0.060565,0.523456,-0.056409,60.552018
0.056764,0.408687,-0.055817,803.209149
0.061169,0.571027,-0.058128,735.824885
0.061632,0.589480,-0.057799,775.393521
0.062999,0.633321,-0.059168,562.110252
0.058526,0.474764,-0.056616,809.632190
0.064052,0.657838,-0.058156,171.984941
0.063411,0.654200,-0.059238,716.690760
0.063852,0.667999,-0.059530,640.722516
0.059007,0.486686,-0.056238,650.091278
0.062590,0.624035,-0.058160,742.033672
0.055924,0.373254,-0.054846,699.584557
0.056913,0.390394,-0.056249,132.602153
0.059681,0.500265,-0.056172,332.651845
0.055566,0.353250,-0.054386,519.040036
0.057561,0.425493,-0.056585,435.647922
0.062347,0.616961,-0.058227,795.073834
0.058389,0.468181,-0.056729,766.041318
0.057185,0.417501,-0.056341,605.101923
0.058400,0.462534,-0.055880,610.487891
0.063759,0.665238,-0.058575,674.813370
0.053126,0.271288,-0.054200,762.270626
0.059737,0.518390,-0.057391,760.858377
0.055030,0.321949,-0.053832,209.990112
0.055092,0.338456,-0.055345,582.715599
0.055189,0.348294,-0.055201,759.144087
0.056139,0.383130,-0.055697,739.208206
0.060023,0.526453,-0.057641,686.409825
0.064403,0.689352,-0.059777,662.672192
0.062661,0.622625,-0.057970,632.659916
0.059036,0.493086,-0.056985,786.631454
0.055792,0.349571,-0.054183,185.631477
0.060270,0.538948,-0.057604,778.870844
0.056398,0.387718,-0.054916,611.214994
0.054892,0.326005,-0.053994,463.485710
0.059414,0.491934,-0.057486,356.231381
0.055589,0.357511,-0.055577,595.859569
0.061895,0.600715,-0.058139,811.272060
0.061415,0.575421,-0.058384,599.207640
0.062785,0.633687,-0.058732,801.137510
0.064072,0.675617,-0.058661,638.694097
0.063043,0.628912,-0.059234,392.821139
0.062233,0.599930,-0.058839,429.383662
0.061030,0.568337,-0.057831,808.926347
0.058351,0.460214,-0.056917,581.096214
0.061540,0.580118,-0.057403,615.734766
0.059174,0.496989,-0.057141,750.480736
0.062106,0.607603,-0.058485,780.155667
0.058523,0.473929,-0.056734,787.527512
0.058601,0.465622,-0.057080,469.959140
0.055161,0.348789,-0.054842,807.441835
0.064799,0.696695,-0.058782,472.795128
0.059736,0.519977,-0.057095,811.125348
0.059437,0.508406,-0.057141,796.487566
0.063982,0.677832,-0.059382,782.948859
0.059585,0.502186,-0.056281,483.764044
0.055652,0.356996,-0.054446,533.361178
0.053529,0.285514,-0.054441,737.808279
0.062996,0.634024,-0.059155,584.933493
0.060383,0.543680,-0.057301,799.053398
0.063834,0.666747,-0.059534,624.285544
0.054311,0.311957,-0.054914,658.910904
0.062952,0.628870,-0.059174,487.168943
0.063358,0.646949,-0.059338,568.083671
0.056923,0.412050,-0.056093,727.896577
0.060955,0.551891,-0.056894,441.661573
0.064098,0.681603,-0.059481,766.757546
0.060652,0.552852,-0.057328,775.784978
0.058458,0.461149,-0.055773,513.258441
0.062382,0.605553,-0.057592,450.865326
0.064418,0.694025,-0.059601,780.021319
0.064067,0.679082,-0.058860,737.315020
0.061323,0.571184,-0.057264,593.556826
0.053193,0.274545,-0.053787,789.706406
0.054772,0.334343,-0.054670,808.919287
0.057633,0.438743,-0.056429,732.392351
0.054300,0.310959,-0.053980,656.913976
0.058332,0.455524,-0.055682,488.403506
0.056565,0.382566,-0.056109,276.787671
0.063767,0.659128,-0.058317,499.820045
0.053420,0.279809,-0.054451,691.548967
0.055686,0.366516,-0.055462,748.616100
0.060625,0.553298,-0.057599,811.531879
0.058724,0.481208,-0.056442,786.953148
0.064969,0.696857,-0.058696,302.201023
0.064605,0.701011,-0.059692,779.496380
0.053728,0.293128,-0.053914,752.150583
0.059864,0.519235,-0.056676,663.693741
0.053481,0.281646,-0.053652,691.920060
0.056895,0.410650,-0.056094,717.754507
0.064448,0.696162,-0.059462,810.402621
0.064738,0.705396,-0.059799,762.458712
0.055126,0.346264,-0.054662,775.307962
0.061858,0.599254,-0.058099,809.916449
0.055306,0.353793,-0.055170,791.223505
0.064287,0.681260,-0.059791,557.091508
0.060459,0.546853,-0.057392,806.853019
0.055894,0.360755,-0.055788,367.820246
0.064526,0.698761,-0.059575,800.616236
0.062825,0.632226,-0.058234,726.246649
0.058184,0.460416,-0.056636,763.517450
0.053469,0.276361,-0.054581,542.691101
0.059176,0.498782,-0.056991,801.376149
0.058603,0.472982,-0.056968,674.902869
0.053160,0.273171,-0.053755,785.992334
0.057092,0.411670,-0.055171,556.865512
0.061467,0.583499,-0.058196,773.248276
0.058413,0.470269,-0.056625,800.970568
0.056148,0.385796,-0.055489,807.638169
0.055119,0.340977,-0.055330,625.408567
0.060531,0.545771,-0.057876,695.453179
0.064072,0.679803,-0.058903,752.248077
0.057033,0.414049,-0.055344,681.152074
0.061178,0.571939,-0.058104,752.105115
0.058252,0.455913,-0.055764,580.890471
0.061192,0.571626,-0.057476,738.234904
0.056585,0.400331,-0.055883,754.949312
0.062003,0.598122,-0.057657,634.515027
0.064415,0.682528,-0.058603,477.795374
0.063181,0.629061,-0.059297,254.196492
0.053270,0.276928,-0.053772,776.892453
0.058392,0.453973,-0.055599,384.318713
0.061436,0.576260,-0.057354,616.700062
0.064935,0.713301,-0.059856,778.095579
0.054370,0.306117,-0.055047,432.853871
0.055823,0.373587,-0.055351,805.125909
0.055918,0.369965,-0.054692,615.819518
0.057122,0.410254,-0.055097,487.472714
0.054656,0.329604,-0.054841,795.165689
0.054128,0.302147,-0.053792,591.843991
0.053507,0.287169,-0.054108,811.843779
0.053000,0.267223,-0.053682,786.987357
0.059586,0.499279,-0.056193,402.293464
0.054732,0.328048,-0.054236,681.964967
0.063582,0.655303,-0.058340,584.350475
0.057900,0.450534,-0.056059,790.311688
0.063149,0.636396,-0.059267,491.834727
0.056173,0.381478,-0.055814,656.005560
0.056347,0.382010,-0.054748,507.521943
0.057102,0.405006,-0.054957,363.809742
0.064964,0.706764,-0.060116,561.983028
0.064010,0.673303,-0.058631,638.553161
0.053552,0.266163,-0.054638,171.811226
0.061752,0.586692,-0.057449,578.853367
0.057470,0.413221,-0.055010,211.486620
0.061248,0.574584,-0.057567,761.174953
0.058738,0.479018,-0.056237,714.999288
0.061809,0.580457,-0.057215,350.346272
0.055807,0.372009,-0.055457,776.830774
0.060139,0.531953,-0.057657,719.144562
0.055727,0.351915,-0.055706,296.021303
0.062496,0.613657,-0.058937,537.972501
0.060976,0.560435,-0.058144,640.084783
0.064545,0.699840,-0.059453,812.241224
0.056248,0.370965,-0.054494,305.837939
0.056752,0.405045,-0.055296,722.383258
0.060319,0.523762,-0.057921,300.414192
0.056734,0.405600,-0.055972,746.050207
0.053589,0.276469,-0.053341,440.437495
0.063494,0.644194,-0.059454,348.928236
0.061572,0.588311,-0.058154,799.966209
0.055424,0.348578,-0.054339,536.262034
0.063192,0.644666,-0.058335,691.632618
0.057371,0.420942,-0.055264,525.347120
0.058005,0.454659,-0.056474,790.462654
0.056915,0.414347,-0.055678,806.276206
0.058883,0.487703,-0.056870,797.159954
0.060435,0.525089,-0.057967,217.494059
0.055100,0.336607,-0.054188,540.543459
0.059153,0.493025,-0.056352,673.676541
0.058543,0.467681,-0.057005,589.306236
0.054788,0.312891,-0.053715,209.159306
0.055563,0.361004,-0.055446,721.923014
0.065480,0.713112,-0.058881,223.634501
0.060185,0.535216,-0.057086,771.092341
0.054066,0.306334,-0.054660,759.143688
0.053666,0.292916,-0.054314,804.674386
0.063324,0.654194,-0.058900,811.566747
0.056800,0.402969,-0.055119,616.839648
0.062477,0.615129,-0.058896,599.581612
0.055574,0.354160,-0.055606,517.458624
0.057394,0.427861,-0.056383,677.461753
0.058402,0.452062,-0.056997,299.741909
0.065131,0.698493,-0.060218,157.298871
0.064876,0.711471,-0.059794,788.794123
0.053500,0.284467,-0.054424,739.274238
0.058099,0.435778,-0.055294,184.697309
0.064698,0.702200,-0.059133,724.528335
0.053274,0.271764,-0.053446,633.775438
0.054415,0.313074,-0.053937,596.755260
0.053378,0.277952,-0.053611,696.269293
0.053519,0.286751,-0.053946,790.181463
0.057128,0.422274,-0.055775,805.516098
0.061095,0.570266,-0.057953,793.413273
0.057114,0.405367,-0.056377,340.491059
0.057799,0.445283,-0.055875,751.396337
0.056315,0.388486,-0.055070,715.654290
0.058156,0.458647,-0.056663,742.762142
0.058326,0.462388,-0.056841,668.243058
0.066669,0.760631,-0.060982,286.750036
0.061232,0.568987,-0.058288,610.937463
0.066122,0.758682,-0.060157,809.963468
0.063243,0.647002,-0.059188,691.542367
0.062147,0.594565,-0.058804,369.527982
0.058945,0.472577,-0.057259,305.677876
0.058455,0.462505,-0.056988,536.382132
0.055548,0.362907,-0.054963,797.811490
0.059792,0.509789,-0.056376,480.123375
0.062062,0.578833,-0.057123,44.798618
0.056981,0.414906,-0.055496,756.786489
0.063878,0.671893,-0.059454,723.388318
0.059619,0.515535,-0.057011,809.225117
0.061148,0.566692,-0.057269,648.866499
0.056745,0.406408,-0.055409,765.597561
0.057734,0.444648,-0.056332,793.583840
0.058261,0.449065,-0.055536,384.150029
0.058966,0.488223,-0.057085,722.949619
0.063070,0.643338,-0.058504,778.377411
0.061168,0.572962,-0.057668,796.878019
0.053537,0.287484,-0.054336,785.855741
0.059951,0.526187,-0.057506,755.273641
0.057021,0.418277,-0.055945,802.607815
0.064365,0.681122,-0.059859,471.460972
0.063872,0.674274,-0.059006,802.623783
0.062721,0.631284,-0.058707,800.175036
0.054392,0.315017,-0.054952,659.491751
0.063406,0.645050,-0.059398,464.640252
0.062360,0.606808,-0.057648,507.428267
0.054410,0.320903,-0.054627,809.963645
0.054919,0.339937,-0.054786,811.743274
0.065045,0.710861,-0.060139,591.933531
0.060994,0.564459,-0.058046,734.455650
0.054667,0.329822,-0.054870,788.921764
0.062505,0.619997,-0.058063,719.080045
0.056249,0.382362,-0.055891,601.665278
0.058470,0.472089,-0.056368,797.259452
0.061315,0.567771,-0.057145,508.483753
0.055752,0.361663,-0.054528,559.099867
0.056390,0.393498,-0.055763,767.171771
0.054126,0.294464,-0.054936,362.881133
0.056507,0.392663,-0.056004,619.912951
0.064237,0.688282,-0.059288,812.000040
0.057212,0.418816,-0.056348,613.681882
0.056890,0.409618,-0.056121,694.546201
0.058646,0.476148,-0.056227,729.930629
0.059688,0.503450,-0.056253,412.876049
0.066714,0.766217,-0.061004,395.450060
0.063808,0.659867,-0.058311,478.808108
0.059115,0.489689,-0.057270,606.769603
0.056469,0.373864,-0.056035,135.271255
0.058567,0.476368,-0.056584,812.166701
0.061356,0.573964,-0.058342,620.376884
0.054163,0.308996,-0.054757,731.288782
0.056882,0.413351,-0.055795,811.481241
0.058318,0.466849,-0.056368,807.778442
0.060395,0.543070,-0.057702,763.748999
0.061403,0.576225,-0.058353,635.097234
0.058943,0.472670,-0.055816,332.352759
0.057807,0.442074,-0.055671,656.409172
0.053978,0.303894,-0.054556,783.519940
0.056147,0.384406,-0.055644,767.908793
0.063774,0.661417,-0.058392,555.655711
0.059782,0.521620,-0.057250,806.506867
0.057775,0.440642,-0.055644,649.965765
0.056605,0.398270,-0.056005,674.493768
0.057154,0.415726,-0.056335,588.465838
0.060759,0.555667,-0.057932,734.645771
0.058690,0.468741,-0.057124,464.733333
0.055814,0.373317,-0.055179,809.422984
0.057264,0.427444,-0.056048,804.916616
0.058265,0.461679,-0.056761,713.156971
0.064848,0.710158,-0.059804,781.491247
0.060508,0.545752,-0.057126,730.140930
0.060730,0.546434,-0.056881,523.213403
0.056198,0.375252,-0.055924,455.411080
0.056299,0.388973,-0.055134,744.918026
0.056417,0.390102,-0.055001,656.589816
0.058780,0.483044,-0.056442,780.387775
0.053067,0.270697,-0.053985,809.457255
0.060595,0.552156,-0.057568,812.064859
0.062133,0.609339,-0.058418,801.224420
0.056754,0.403965,-0.056073,678.257862
0.065132,0.699841,-0.058708,216.821777
0.059561,0.512250,-0.056820,780.669949
0.064913,0.711244,-0.059306,751.369487
0.058930,0.487279,-0.057052,733.649725
0.054813,0.335927,-0.054716,810.880213
0.059498,0.507479,-0.057367,704.761702
0.062761,0.633092,-0.058559,811.361029
0.057597,0.433061,-0.056536,609.575703
0.062156,0.598921,-0.057541,500.525782
0.057815,0.448105,-0.056144,809.457519
0.066159,0.760175,-0.060266,811.588573
0.056495,0.396492,-0.055865,741.205719
0.062963,0.634211,-0.058130,640.681122
0.065171,0.710324,-0.058953,465.160175
0.063256,0.637119,-0.059336,400.414087
0.062078,0.597682,-0.058738,528.620498
0.057954,0.452375,-0.056064,785.441339
0.059202,0.500004,-0.056828,810.541851
0.058437,0.471257,-0.056415,806.589139
0.063936,0.674350,-0.058808,741.499993
0.055958,0.364999,-0.054482,439.473437
0.066407,0.769404,-0.060402,810.705128
0.064703,0.705590,-0.059620,806.949759
0.064398,0.678106,-0.059890,352.452140
0.063848,0.663028,-0.058386,524.328282
0.055880,0.364392,-0.055764,483.823912
0.054886,0.334592,-0.054353,702.979744
0.062305,0.597053,-0.057407,296.263855
0.061567,0.587634,-0.058210,785.301733
0.053472,0.278214,-0.053500,608.255489
0.060058,0.528522,-0.057634,707.128442
0.053523,0.268263,-0.054640,260.348581
0.061176,0.564904,-0.058292,555.544329
0.064460,0.681701,-0.059918,387.973610
0.054477,0.320188,-0.054209,726.770141
0.053517,0.284906,-0.054441,733.893651
0.061406,0.576716,-0.058347,645.350695
0.064157,0.674296,-0.058525,515.932645
0.056765,0.399255,-0.055006,551.210805
0.057707,0.438950,-0.056551,659.958756
0.057726,0.437540,-0.056604,600.694538
0.056720,0.406983,-0.055809,800.931107
0.058818,0.481612,-0.056251,704.009464
0.056712,0.406479,-0.055536,799.938050
0.056157,0.380188,-0.054866,651.185088
0.059261,0.499504,-0.057218,729.511232
0.055730,0.367960,-0.054880,752.224190
0.059283,0.498404,-0.056442,688.027297
0.061887,0.599584,-0.058366,784.688993
0.057444,0.433209,-0.056247,776.608556
0.055751,0.371023,-0.055178,811.346817
0.060013,0.529039,-0.057502,770.595925
0.058859,0.483352,-0.056283,709.591264
0.053878,0.278900,-0.053277,210.827434
0.056733,0.405817,-0.055959,752.917874
0.066183,0.755781,-0.060638,659.571344
0.056315,0.390829,-0.055247,778.608834
0.058299,0.449551,-0.056949,336.937480
0.058953,0.487584,-0.056372,728.642394
0.056115,0.377351,-0.054788,616.577231
0.062655,0.623521,-0.058947,648.100803
0.060533,0.547943,-0.057786,755.255000
0.062478,0.619112,-0.058057,722.005441
0.054911,0.324859,-0.053948,412.531429
0.063745,0.666562,-0.058673,724.270300
0.058011,0.454246,-0.056067,779.145308
0.063236,0.630715,-0.057830,265.172615
0.059726,0.504767,-0.057635,389.086586
0.059480,0.510410,-0.057078,809.419361
0.066194,0.760060,-0.060003,776.293782
0.057849,0.449485,-0.056213,812.124500
0.055789,0.343565,-0.055657,-0.000000
0.056740,0.404218,-0.056043,699.722684
0.063732,0.668903,-0.059220,794.637308
0.063725,0.663071,-0.058514,650.247707
0.056924,0.413515,-0.056016,768.968992
0.059131,0.497285,-0.056936,806.576977
0.060834,0.558529,-0.057966,736.182159
0.057245,0.422699,-0.056299,688.842563
0.063213,0.647171,-0.058449,737.449792
0.065312,0.715883,-0.060320,453.237362
0.054563,0.325993,-0.054475,795.435376
0.058806,0.477090,-0.056050,593.188430
0.060028,0.528961,-0.057550,751.871617
0.060011,0.530015,-0.057396,800.998304
0.053200,0.275483,-0.054090,804.542179
0.057068,0.412589,-0.055231,606.100378
0.055161,0.345745,-0.055261,715.546711
0.064825,0.697382,-0.058785,464.138686
0.053581,0.265451,-0.053090,145.638520
0.054169,0.309232,-0.054100,742.375644
0.060565,0.544110,-0.056952,627.856709
0.061677,0.589667,-0.058390,724.911681
0.063768,0.662535,-0.058440,591.601784
0.057284,0.428288,-0.055895,809.976556
0.063862,0.674241,-0.059089,811.344692
0.062605,0.626864,-0.058392,802.189232
0.053843,0.299571,-0.054390,806.007358
0.059993,0.517873,-0.057749,476.771193
0.056349,0.393105,-0.055389,804.221730
0.058023,0.453934,-0.056586,749.994168
0.056215,0.388050,-0.055321,803.680468
0.055793,0.359339,-0.054418,453.630671
0.058551,0.465990,-0.055867,551.191889
0.061773,0.595471,-0.057948,794.726592
0.064836,0.689054,-0.060086,201.440042
0.056254,0.387910,-0.055160,761.447484
0.063918,0.673432,-0.059470,725.445090
0.064574,0.700798,-0.059554,807.376599
0.056416,0.384008,-0.054762,491.795038
0.056766,0.391202,-0.054764,329.896642
0.053812,0.295970,-0.054582,734.654264
0.053734,0.288620,-0.053652,623.932830
0.060043,0.529827,-0.057540,760.431673
0.057683,0.427600,-0.055261,388.438250
0.058917,0.484150,-0.056236,672.557376
0.061306,0.570123,-0.057239,582.007341
