#OBJ File generated by Abaqus/CAE
#List of Vertices
v 0.0100072 -4.12465e-05 -0.000220106
v 0.0100044 0.000912728 -0.000197928
v 0.00856084 0.00141076 -0.000188782
v 0.00227394 0.00771859 -4.87717e-05
v 0.0100109 0.00504816 -9.86591e-05
v 4.20601e-06 0.0100018 -4.13531e-06
v 0.00772028 0.00998175 1.06903e-05
v 0.0100183 0.00918358 -2.60691e-07
v 0.0100204 0.00997571 1.23291e-05
v 3.42767e-06 0.00916951 -8.81834e-06
v 4.89928e-07 0.00686845 -2.51903e-05
v 0.00721305 -3.37454e-05 -0.000179909
v 3.88874e-06 0.00456557 -4.60802e-05
v 0.00359236 -2.75873e-05 -0.000129806
v 3.32749e-06 0.00226092 -6.10464e-05
v 4.71259e-06 -2.04964e-05 -7.83725e-05
v 0.0177823 0.00219259 -0.000358374
v 0.0170742 0.00996406 -0.000137457
v 0.0200298 0.0099614 -0.000199315
v 0.0200144 -4.26736e-05 -0.000467775
v 0.0106677 -3.7404e-05 -0.000237711
v 0.0135558 -3.89919e-05 -0.000305863
v 0.0164548 -4.53394e-05 -0.000380281
v 0.0193433 -4.44773e-05 -0.000451361
v 0.0262299 0.00375091 -0.00057506
v 0.0281608 0.00995925 -0.000444704
v 0.0300368 0.00996066 -0.000502573
v 0.0300233 -5.22545e-05 -0.000801375
v 0.02657 -4.54604e-05 -0.000687161
v 0.0400294 -5.35811e-05 -0.00121731
v 0.0400396 0.00609678 -0.00101907
v 0.0385717 0.00141016 -0.001116
v 0.0400472 0.00995761 -0.000899345
v 0.0380721 -5.20932e-05 -0.00113381
v 0.0412876 0.00871156 -0.000998518
v 0.0416683 0.00995274 -0.000973433
v 0.05005 0.00995508 -0.00137122
v 0.0500267 -5.54031e-05 -0.00170924
v 0.0600196 -5.06803e-05 -0.00228375
v 0.0600445 0.00995674 -0.00192759
v 0.0646088 0.005376 -0.00239187
v 0.0627555 0.00995442 -0.00210414
v 0.0700432 0.0099516 -0.00256646
v 0.0700118 -5.29353e-05 -0.00293582
v 0.063534 -5.06049e-05 -0.00251574
v 0.0799958 -5.61157e-05 -0.00366266
v 0.0800309 0.00995613 -0.00329194
v 0.0899728 -5.53484e-05 -0.00447262
v 0.090012 0.00995285 -0.00408948
v 0.0999431 -5.07851e-05 -0.00536527
v 0.099985 0.00995275 -0.00497015
v 0.109907 -5.48731e-05 -0.00632979
v 0.109955 0.00995561 -0.00593861
v 0.11986 -5.03578e-05 -0.00737975
v 0.11991 0.00995513 -0.00697668
v 0.129807 -5.51961e-05 -0.00850124
v 0.129865 0.00995107 -0.00809922
v 0.139743 -5.23299e-05 -0.00970789
v 0.139803 0.00995457 -0.00930184
v 0.149669 -5.37825e-05 -0.0109887
v 0.149732 0.00995377 -0.0105785
v 0.159588 -5.4059e-05 -0.0123514
v 0.159652 0.00995402 -0.011937
v 0.169489 -5.36267e-05 -0.0137859
v 0.169564 0.00995508 -0.0133772
v 0.179382 -5.27655e-05 -0.015302
v 0.179461 0.00995075 -0.0148859
v 0.189263 -5.18746e-05 -0.0168946
v 0.189347 0.00995219 -0.0164789
v 0.199136 -5.13194e-05 -0.0185685
v 0.19922 0.00995339 -0.0181481
v 0.208992 -5.14319e-05 -0.0203137
v 0.20908 0.00995392 -0.0198933
v 0.21883 -5.2511e-05 -0.0221301
v 0.218927 0.00995347 -0.0217145
v 0.228661 -5.49139e-05 -0.0240274
v 0.228757 0.00995176 -0.0236067
v 0.238472 -5.3288e-05 -0.0259985
v 0.238572 0.00995412 -0.0255774
v 0.24827 -5.36542e-05 -0.0280455
v 0.248373 0.00995453 -0.0276238
v 0.258053 -5.62712e-05 -0.0301633
v 0.258163 0.00995269 -0.0297457
v 0.26782 -5.58133e-05 -0.0323595
v 0.267928 0.00995398 -0.0319362
v 0.277563 -5.26581e-05 -0.0346244
v 0.277681 0.00995236 -0.0342021
v 0.287295 -5.26807e-05 -0.0369648
v 0.28742 0.00995326 -0.0365462
v 0.297011 -5.61907e-05 -0.0393758
v 0.297137 0.00995069 -0.0389558
v 0.306706 -5.22687e-05 -0.0418629
v 0.306836 0.00994999 -0.0414386
v 0.316381 -5.24301e-05 -0.0444157
v 0.316516 0.00995086 -0.0439946
v 0.326044 -5.68894e-05 -0.0470439
v 0.326177 0.00995299 -0.0466237
v 0.335678 -5.48136e-05 -0.0497384
v 0.335819 0.00995059 -0.0493183
v 0.345299 -5.20619e-05 -0.0525109
v 0.34544 0.00995445 -0.0520888
v 0.355041 0.00995321 -0.0549248
v 0.353542 0.0099554 -0.054484
v 0.35504 0.00980758 -0.0549334
v 0.354896 -5.44506e-05 -0.0553443
v 0.364477 -5.66504e-05 -0.0582509
v 0.364606 0.00885122 -0.0578776
v 0.355195 0.00978809 -0.0549775
v 0.364625 0.00995215 -0.0578339
v 0.374028 -5.34288e-05 -0.0612239
v 0.374151 0.00786927 -0.060894
v 0.365785 0.00871634 -0.0582505
v 0.374183 0.00995108 -0.0608064
v 0.383566 -5.61141e-05 -0.0642675
v 0.38367 0.00686104 -0.0639784
v 0.376374 0.00761379 -0.0616152
v 0.383717 0.00995514 -0.0638501
v 0.393076 -5.3864e-05 -0.0673775
v 0.393172 0.00582038 -0.0671332
v 0.386974 0.00647406 -0.0650789
v 0.393237 0.00995314 -0.0669641
v 0.402565 -5.24661e-05 -0.070556
v 0.402647 0.00475205 -0.0703572
v 0.39758 0.0052964 -0.0686376
v 0.402729 0.00995583 -0.0701444
v 0.412035 -5.21494e-05 -0.073803
v 0.412097 0.00365531 -0.0736511
v 0.408192 0.00407992 -0.0722918
v 0.412199 0.00995198 -0.0733858
v 0.421481 -5.31417e-05 -0.0771139
v 0.421523 0.00251838 -0.0770053
v 0.418818 0.00281823 -0.0760445
v 0.421647 0.00995233 -0.0766983
v 0.430902 -5.56402e-05 -0.0804887
v 0.430924 0.00135147 -0.080431
v 0.42945 0.00151584 -0.0798944
v 0.431075 0.00995117 -0.0800794
v 0.440298 -5.44655e-05 -0.0839303
v 0.440304 0.000142754 -0.0839234
v 0.440094 0.00016636 -0.0838443
v 0.440472 0.00995374 -0.0835224
v 0.449675 -5.52053e-05 -0.0874406
v 0.449851 0.00995439 -0.087034
v 0.441816 -5.3677e-05 -0.0844999
v 0.459023 -5.26656e-05 -0.0910131
v 0.459202 0.00995291 -0.0906049
v 0.468348 -5.25302e-05 -0.0946498
v 0.468528 0.0099545 -0.0942427
v 0.477647 -5.49323e-05 -0.0983461
v 0.477832 0.0099536 -0.0979446
v 0.486922 -5.46416e-05 -0.10211
v 0.487107 0.00995535 -0.101709
v 0.496169 -5.18717e-05 -0.105936
v 0.496356 0.00995425 -0.105533
v 0.505391 -5.21818e-05 -0.109821
v 0.505583 0.00995545 -0.109424
v 0.514586 -5.03912e-05 -0.11377
v 0.514784 0.00995338 -0.113375
v 0.523757 -5.20127e-05 -0.117779
v 0.523954 0.00995333 -0.117385
v 0.532901 -5.18507e-05 -0.121851
v 0.533098 0.00995508 -0.121457
v 0.542016 -5.00553e-05 -0.125981
v 0.542215 0.00995849 -0.125592
v 0.551108 -5.21145e-05 -0.130172
v 0.551306 0.00995805 -0.129784
v 0.560166 -5.2824e-05 -0.134417
v 0.560367 0.00995897 -0.134033
v 0.5692 -5.23314e-05 -0.138726
v 0.569406 0.00995574 -0.138344
v 0.578206 -5.07552e-05 -0.143094
v 0.57841 0.00995897 -0.142712
v 0.58718 -4.82414e-05 -0.147516
v 0.587393 0.00995782 -0.147141
v 0.596129 -5.02111e-05 -0.151995
v 0.596339 0.00995753 -0.15162
v 0.605049 -4.61656e-05 -0.156536
v 0.605264 0.00995796 -0.156163
v 0.613942 -4.68224e-05 -0.16113
v 0.614153 0.00995902 -0.160757
v 0.622804 -4.6908e-05 -0.165779
v 0.623017 0.00996062 -0.16541
v 0.631637 -4.66219e-05 -0.170484
v 0.631851 0.00996262 -0.170119
v 0.640441 -4.60217e-05 -0.175244
v 0.640658 0.00995971 -0.174881
v 0.649213 -4.51225e-05 -0.180056
v 0.64943 0.00996236 -0.179697
v 0.658177 0.00995986 -0.184566
v 0.657224 0.00995959 -0.184037
v 0.65817 0.00977437 -0.184573
v 0.657956 -4.40378e-05 -0.184924
v 0.666673 -4.28525e-05 -0.189848
v 0.666848 0.00800533 -0.18956
v 0.658379 0.00972511 -0.184692
v 0.666894 0.00996281 -0.189494
v 0.675357 -4.69576e-05 -0.194816
v 0.675494 0.00614494 -0.194602
v 0.668962 0.00751378 -0.190795
v 0.675578 0.00996055 -0.194467
v 0.684012 -4.57344e-05 -0.199844
v 0.684102 0.00419855 -0.199697
v 0.679624 0.00515732 -0.197046
v 0.684233 0.00996354 -0.199499
v 0.692637 -4.45792e-05 -0.204924
v 0.692681 0.00215228 -0.204848
v 0.690361 0.00266355 -0.203455
v 0.692856 0.00996123 -0.204576
v 0.701228 -4.35196e-05 -0.210052
v 0.701228 -1.01682e-05 -0.210051
v 0.701194 -1.65792e-06 -0.21003
v 0.701451 0.00996408 -0.209713
v 0.709791 -4.26112e-05 -0.215233
v 0.710009 0.00996679 -0.214893
v 0.701356 -4.15632e-05 -0.210132
v 0.718321 -4.18536e-05 -0.220463
v 0.718545 0.00996412 -0.220128
v 0.726824 -4.1316e-05 -0.225745
v 0.727042 0.00996645 -0.22541
v 0.73529 -4.10117e-05 -0.231072
v 0.735515 0.00996337 -0.230743
v 0.743731 -4.09262e-05 -0.236452
v 0.743954 0.0099653 -0.236127
v 0.752141 -4.10728e-05 -0.241881
v 0.752363 0.00996699 -0.241561
v 0.760514 -3.62486e-05 -0.247358
v 0.760738 0.00996843 -0.247039
v 0.768861 -3.69036e-05 -0.252883
v 0.769079 0.00996964 -0.252563
v 0.777176 -3.77611e-05 -0.258452
v 0.777396 0.00997061 -0.258141
v 0.785457 -3.88623e-05 -0.264067
v 0.785676 0.00997141 -0.263761
v 0.793705 -3.49511e-05 -0.269731
v 0.793924 0.00997202 -0.269426
v 0.801924 -3.64313e-05 -0.275438
v 0.802146 0.00997242 -0.275142
v 0.81011 -3.28364e-05 -0.281194
v 0.810333 0.00997273 -0.280899
v 0.818269 -3.45555e-05 -0.286994
v 0.818485 0.00997289 -0.286699
v 0.826391 -3.11922e-05 -0.292839
v 0.826607 0.00997305 -0.292545
v 0.834483 -3.30111e-05 -0.298724
v 0.834701 0.00997316 -0.298439
v 0.842544 -2.96434e-05 -0.304658
v 0.842758 0.00997332 -0.304371
v 0.850571 -3.13686e-05 -0.310629
v 0.850787 0.00997358 -0.31035
v 0.858569 -2.78169e-05 -0.316649
v 0.858781 0.00997401 -0.316368
v 0.866534 -2.92971e-05 -0.322706
v 0.866743 0.00997463 -0.322429
v 0.874461 -2.53411e-05 -0.328805
v 0.874675 0.00997556 -0.328535
v 0.882366 -2.62466e-05 -0.33495
v 0.882573 0.00997688 -0.334679
v 0.890233 -2.6761e-05 -0.34113
v 0.890442 0.00997863 -0.340868
v 0.898072 -2.68434e-05 -0.347354
v 0.898273 0.00998087 -0.347092
v 0.905875 -2.1295e-05 -0.353621
v 0.906079 0.00997867 -0.353358
v 0.913645 -2.03251e-05 -0.359921
v 0.913823 0.00998324 -0.359695
v 5.28148e-06 0.0200023 -4.05123e-06
v 0.00192594 0.0180769 1.71907e-06
v 0.00974552 0.0199823 2.33392e-05
v 0.0100182 0.019983 2.32052e-05
v 0.0100191 0.0174047 2.12599e-05
v 0.00405146 0.0159487 5.34507e-06
v 0.0100185 0.0147616 1.82101e-05
v 0.00617697 0.0138206 8.97106e-06
v 0.0100194 0.0121161 1.60623e-05
v 0.0082995 0.0116984 9.61605e-06
v 2.24516e-06 0.0183682 8.47971e-09
v 6.48483e-06 0.0165613 -1.40118e-06
v 3.30854e-06 0.0147593 -1.61521e-07
v 7.88647e-07 0.0129562 1.47985e-06
v 4.15631e-06 0.0111519 -1.63613e-06
v 0.0137216 0.0162752 -5.83827e-05
v 0.017359 0.019975 -0.000114485
v 0.0200364 0.0199768 -0.000168352
v 0.0200296 0.015031 -0.000180894
v 0.0175233 0.0124714 -0.000144602
v 0.0300435 0.0199657 -0.000445886
v 0.0400508 0.0199665 -0.000820892
v 0.0398403 0.019969 -0.000814545
v 0.0400533 0.0188943 -0.000829695
v 0.0500556 0.0199644 -0.00128407
v 0.0600526 0.0199672 -0.0018311
v 0.058309 0.0199651 -0.00173551
v 0.0600502 0.0143735 -0.0018818
v 0.0700511 0.0199615 -0.00246193
v 0.0800384 0.0199656 -0.00317916
v 0.0900196 0.0199668 -0.00397712
v 0.0999953 0.0199654 -0.00485515
v 0.0988326 0.0199646 -0.00475077
v 0.0999991 0.0198045 -0.00485815
v 0.109964 0.0192604 -0.00582302
v 0.100154 0.0198084 -0.00487526
v 0.109962 0.0199666 -0.00581611
v 0.11992 0.0191112 -0.00686767
v 0.110657 0.019266 -0.00589559
v 0.119923 0.0199644 -0.0068567
v 0.129872 0.0190704 -0.00798813
v 0.120773 0.0191119 -0.00696653
v 0.129876 0.0199642 -0.00797964
v 0.139816 0.0190401 -0.00919117
v 0.130767 0.0190628 -0.00809521
v 0.139815 0.0199658 -0.00917964
v 0.149748 0.0189689 -0.0104735
v 0.140745 0.0190274 -0.00931157
v 0.149748 0.0199631 -0.0104586
v 0.159669 0.0188406 -0.0118333
v 0.150756 0.018945 -0.0106088
v 0.15967 0.0199672 -0.0118221
v 0.169578 0.0186544 -0.0132711
v 0.160813 0.0188087 -0.0119999
v 0.169577 0.0199664 -0.0132543
v 0.179475 0.0184176 -0.0147883
v 0.170918 0.0186066 -0.0134743
v 0.179479 0.0199659 -0.0147728
v 0.189363 0.0181324 -0.0163829
v 0.181065 0.0183554 -0.0150456
v 0.189364 0.0199656 -0.0163625
v 0.199234 0.0178122 -0.0180539
v 0.191245 0.0180552 -0.0167038
v 0.19924 0.0199649 -0.0180333
v 0.209095 0.0174588 -0.0198044
v 0.20145 0.0177116 -0.0184466
v 0.209098 0.0199637 -0.019775
v 0.218943 0.0170789 -0.0216312
v 0.211677 0.0173416 -0.0202873
v 0.218948 0.0199617 -0.0215974
v 0.228769 0.0166793 -0.0235311
v 0.221915 0.0169336 -0.0222052
v 0.228777 0.019964 -0.0234934
v 0.238588 0.0162547 -0.0255104
v 0.232162 0.0165045 -0.0242135
v 0.238593 0.0199648 -0.025465
v 0.24839 0.0158114 -0.0275614
v 0.242413 0.0160541 -0.0263075
v 0.248397 0.0199637 -0.0275121
v 0.258173 0.0153493 -0.029684
v 0.252673 0.015582 -0.0284917
v 0.25818 0.0199661 -0.0296326
v 0.267942 0.0148742 -0.0318856
v 0.262932 0.0150878 -0.0307566
v 0.267951 0.0199661 -0.0318283
v 0.277694 0.0143802 -0.0341582
v 0.273187 0.014577 -0.0331048
v 0.277705 0.0199632 -0.0340944
v 0.28743 0.0138673 -0.036502
v 0.283444 0.014049 -0.0355414
v 0.28744 0.0199629 -0.0364337
v 0.297144 0.0133463 -0.0389225
v 0.293696 0.0135034 -0.0380615
v 0.297159 0.0199648 -0.0388508
v 0.306838 0.0128057 -0.0414095
v 0.303946 0.0129398 -0.0406653
v 0.306858 0.019963 -0.0413334
v 0.316522 0.012245 -0.0439729
v 0.314196 0.0123577 -0.0433579
v 0.316543 0.0199629 -0.0438937
v 0.326181 0.0116756 -0.0466081
v 0.324439 0.0117569 -0.0461294
v 0.326204 0.0199641 -0.0465223
v 0.335821 0.011086 -0.0493098
v 0.334676 0.0111424 -0.0489878
v 0.335842 0.0199664 -0.0492189
v 0.345439 0.0104806 -0.0520817
v 0.344909 0.0105079 -0.0519306
v 0.345464 0.0199639 -0.0519857
v 0.355069 0.019962 -0.0548254
v 0.364649 0.0199658 -0.057736
v 0.37421 0.0199642 -0.060712
v 0.383749 0.0199622 -0.0637561
v 0.393265 0.0199653 -0.0668713
v 0.402755 0.0199677 -0.0700498
v 0.412227 0.0199635 -0.073294
v 0.421677 0.0199637 -0.0766092
v 0.431099 0.0199678 -0.0799909
v 0.4405 0.0199649 -0.0834335
v 0.44988 0.0199655 -0.0869474
v 0.459232 0.0199641 -0.0905204
v 0.468559 0.0199658 -0.0941602
v 0.477859 0.0199651 -0.0978594
v 0.487134 0.0199671 -0.101625
v 0.496388 0.0199664 -0.105456
v 0.50561 0.019968 -0.109344
v 0.514811 0.0199664 -0.113296
v 0.52398 0.0199669 -0.117307
v 0.533128 0.0199692 -0.121385
v 0.542248 0.0199679 -0.125519
v 0.551337 0.0199682 -0.129711
v 0.560397 0.0199699 -0.133962
v 0.560277 0.0199687 -0.133906
v 0.560399 0.0199558 -0.13396
v 0.569433 0.0192163 -0.138281
v 0.560409 0.0199572 -0.133968
v 0.569435 0.0199676 -0.138273
v 0.578435 0.0184412 -0.142653
v 0.57018 0.0191354 -0.138641
v 0.578444 0.0199664 -0.142644
v 0.587412 0.0176356 -0.147086
v 0.579951 0.0182775 -0.1434
v 0.587421 0.0199663 -0.147069
v 0.596361 0.0167988 -0.151577
v 0.589724 0.017383 -0.148245
v 0.59637 0.0199671 -0.151553
v 0.605279 0.0159244 -0.156121
v 0.599499 0.0164507 -0.153178
v 0.605292 0.0199686 -0.156096
v 0.614168 0.015017 -0.160725
v 0.609275 0.0154691 -0.15819
v 0.614184 0.0199709 -0.160695
v 0.623032 0.0140704 -0.165388
v 0.619058 0.0144477 -0.163297
v 0.623048 0.0199684 -0.165346
v 0.631863 0.0130784 -0.1701
v 0.628851 0.0133748 -0.168495
v 0.631879 0.0199718 -0.170055
v 0.640663 0.0120454 -0.174869
v 0.638654 0.0122439 -0.173778
v 0.640689 0.0199702 -0.174822
v 0.649437 0.0109651 -0.179694
v 0.648466 0.0110644 -0.179158
v 0.64946 0.019969 -0.179635
v 0.658206 0.0199734 -0.184512
v 0.666923 0.0199726 -0.189437
v 0.675607 0.0199719 -0.194414
v 0.684262 0.0199714 -0.199443
v 0.692886 0.0199708 -0.204525
v 0.701478 0.0199755 -0.209661
v 0.710039 0.0199748 -0.214843
v 0.718571 0.0199741 -0.220078
v 0.727072 0.0199732 -0.225362
v 0.735545 0.0199722 -0.230698
v 0.74398 0.0199762 -0.236082
v 0.752387 0.0199748 -0.241513
v 0.760762 0.0199785 -0.246995
v 0.769105 0.0199768 -0.25252
v 0.77742 0.019975 -0.258095
v 0.7857 0.0199781 -0.263718
v 0.793951 0.019976 -0.269385
v 0.802168 0.019979 -0.2751
v 0.810356 0.0199767 -0.280859
v 0.818508 0.0199796 -0.286662
v 0.826633 0.0199772 -0.29251
v 0.834721 0.0199802 -0.298403
v 0.842777 0.0199832 -0.304338
v 0.850809 0.0199812 -0.310319
v 0.858804 0.0199795 -0.316338
v 0.866765 0.0199832 -0.322403
v 0.874695 0.0199822 -0.328505
v 0.882594 0.0199817 -0.33465
v 0.890465 0.0199817 -0.34084
v 0.898298 0.0199823 -0.347065
v 0.906099 0.0199838 -0.35333
v 0.913845 0.0199875 -0.359667
v 4.79195e-06 0.030004 -3.6162e-06
v 0.000978478 0.0290293 -7.01621e-07
v 0.00358478 0.0299982 7.82769e-06
v 0.0100211 0.0299844 3.13719e-05
v 0.0100209 0.026262 2.69e-05
v 0.00544315 0.0245596 1.28542e-05
v 0.0100213 0.0201379 2.09047e-05
v 0.00990484 0.020096 2.34363e-05
v 4.18338e-06 0.0207244 -3.12471e-06
v 3.15274e-06 0.0283432 -2.35573e-06
v 0.0120749 0.0279316 -9.06818e-06
v 0.0146811 0.0299839 -5.55652e-05
v 0.0200346 0.0299842 -0.000149502
v 0.0200329 0.0281656 -0.000148412
v 0.015456 0.024554 -7.73954e-05
v 0.0200372 0.0221225 -0.000162436
v 0.0188321 0.0211763 -0.000140602
v 0.0217013 0.0283176 -0.000200301
v 0.0236509 0.0299799 -0.000245262
v 0.0300496 0.0299769 -0.000415423
v 0.0300457 0.0251811 -0.000433303
v 0.0272328 0.0227797 -0.000363194
v 0.040054 0.0299777 -0.000776824
v 0.0500573 0.0299769 -0.00122515
v 0.0539925 0.0260357 -0.00146338
v 0.051351 0.0299784 -0.00129795
v 0.0600623 0.0299728 -0.00176649
v 0.0700553 0.0299784 -0.00239477
v 0.0800438 0.029975 -0.00310159
v 0.07636 0.0299727 -0.00284009
v 0.0800405 0.0267427 -0.00312683
v 0.0900202 0.0218854 -0.00396111
v 0.0861659 0.0238337 -0.00363969
v 0.0900282 0.0299748 -0.00389683
v 0.100003 0.0299772 -0.00477543
v 0.109972 0.0299765 -0.00573383
v 0.119931 0.029978 -0.00677486
v 0.129885 0.0299757 -0.00789517
v 0.139824 0.0299752 -0.0090925
v 0.149759 0.0299761 -0.0103765
v 0.159681 0.0299781 -0.0117371
v 0.169591 0.0299752 -0.0131712
v 0.17949 0.0299784 -0.0146893
v 0.189378 0.0299761 -0.0162806
v 0.199252 0.0299735 -0.0179478
v 0.209111 0.0299762 -0.0196936
v 0.218955 0.029978 -0.021515
v 0.228792 0.0299786 -0.0234168
v 0.238605 0.0299777 -0.0253843
v 0.248411 0.029975 -0.0274319
v 0.258195 0.0299759 -0.0295527
v 0.267968 0.0299744 -0.0317487
v 0.27772 0.0299758 -0.0340177
v 0.28746 0.0299742 -0.0363616
v 0.297175 0.0299749 -0.0387736
v 0.306876 0.0299775 -0.0412633
v 0.316556 0.0299763 -0.0438183
v 0.326216 0.0299766 -0.046446
v 0.335859 0.0299779 -0.0491465
v 0.345485 0.0299746 -0.051917
v 0.355086 0.0299775 -0.0547582
v 0.364668 0.0299751 -0.0576646
v 0.374224 0.0299783 -0.0606418
v 0.383767 0.0299759 -0.0636891
v 0.39328 0.0299785 -0.0668023
v 0.402775 0.0299749 -0.069981
v 0.412247 0.029976 -0.0732305
v 0.421694 0.0299758 -0.0765435
v 0.431121 0.0299744 -0.0799247
v 0.440521 0.0299768 -0.0833723
v 0.449897 0.0299774 -0.0868835
v 0.45925 0.029976 -0.0904585
v 0.468578 0.0299779 -0.0941
v 0.477878 0.0299774 -0.0978009
v 0.487154 0.0299797 -0.101568
v 0.483202 0.0299778 -0.0999627
v 0.487158 0.0295415 -0.101572
v 0.496405 0.0284969 -0.105409
v 0.487611 0.0294827 -0.101759
v 0.496409 0.0299792 -0.1054
v 0.505628 0.0274041 -0.109302
v 0.497957 0.0282911 -0.106062
v 0.505633 0.0299759 -0.109287
v 0.514823 0.0262789 -0.113263
v 0.508321 0.0270456 -0.110464
v 0.514831 0.0299801 -0.113243
v 0.523995 0.0251042 -0.117283
v 0.518703 0.0257452 -0.114965
v 0.524003 0.0299758 -0.117252
v 0.533135 0.0238841 -0.121359
v 0.529102 0.0243833 -0.11956
v 0.533145 0.0299788 -0.121327
v 0.542252 0.0226237 -0.125505
v 0.53952 0.0229694 -0.124264
v 0.542264 0.0299782 -0.125462
v 0.551337 0.0213119 -0.129702
v 0.549955 0.0214922 -0.129065
v 0.551357 0.0299792 -0.129659
v 0.560423 0.0299765 -0.133912
v 0.569453 0.0299803 -0.138223
v 0.57846 0.0299801 -0.142593
v 0.58744 0.029981 -0.147023
v 0.59639 0.0299776 -0.151505
v 0.605311 0.0299803 -0.156049
v 0.614207 0.0299785 -0.160649
v 0.623066 0.0299827 -0.165303
v 0.631903 0.0299821 -0.170014
v 0.640705 0.029982 -0.174776
v 0.649478 0.0299823 -0.179594
v 0.658224 0.0299829 -0.184467
v 0.666942 0.0299838 -0.189397
v 0.675626 0.0299796 -0.194371
v 0.684281 0.0299808 -0.199404
v 0.692902 0.0299821 -0.204485
v 0.701498 0.0299834 -0.209623
v 0.710059 0.0299847 -0.214809
v 0.718591 0.0299808 -0.220041
v 0.727092 0.029982 -0.225328
v 0.735561 0.0299831 -0.230664
v 0.743999 0.0299841 -0.236049
v 0.752406 0.029985 -0.241483
v 0.760779 0.0299858 -0.246962
v 0.769123 0.0299865 -0.252491
v 0.777438 0.0299872 -0.25807
v 0.785716 0.0299876 -0.263689
v 0.793969 0.029983 -0.269357
v 0.802188 0.0299833 -0.275073
v 0.810372 0.0299838 -0.280831
v 0.818525 0.0299842 -0.286635
v 0.82665 0.0299847 -0.292486
v 0.834741 0.0299854 -0.29838
v 0.842799 0.0299862 -0.304316
v 0.850824 0.0299873 -0.310296
v 0.858819 0.0299887 -0.316318
v 0.866778 0.0299905 -0.32238
v 0.874713 0.0299877 -0.328487
v 0.882608 0.0299905 -0.334631
v 0.890476 0.0299889 -0.340817
v 0.89831 0.029988 -0.347043
v 0.906115 0.0299931 -0.353316
v 0.913858 0.0299959 -0.359649
v 2.88005e-06 0.0400068 -2.75327e-06
v 0.00360798 0.0364032 6.42932e-06
v 0.00820949 0.0399952 2.30639e-05
v 0.0100226 0.0399909 3.06408e-05
v 0.0157923 0.0342203 -6.90328e-05
v 0.0198962 0.0399887 -0.000138546
v 0.0200391 0.0399903 -0.000142015
v 0.0300455 0.0393075 -0.000400492
v 0.0265409 0.0334895 -0.000322525
v 0.0300473 0.0399877 -0.000398214
v 0.0307994 0.039237 -0.000428433
v 0.0322027 0.0399876 -0.000473273
v 0.040055 0.0399889 -0.000750382
v 0.0500631 0.0399864 -0.00119645
v 0.0447428 0.0399862 -0.000960945
v 0.0500589 0.0326901 -0.00121753
v 0.0600607 0.0399874 -0.00172735
v 0.0700597 0.0399848 -0.00235069
v 0.0694996 0.0399875 -0.002314
v 0.0700563 0.0388927 -0.00235614
v 0.0800489 0.0399855 -0.00305782
v 0.0900274 0.0399886 -0.00384887
v 0.100004 0.0399888 -0.00472502
v 0.109974 0.0399856 -0.00568121
v 0.119935 0.0399847 -0.00671968
v 0.129891 0.0399858 -0.00784533
v 0.139827 0.0399887 -0.00904278
v 0.149763 0.0399872 -0.010324
v 0.159684 0.0399869 -0.0116816
v 0.169595 0.0399874 -0.0131203
v 0.179493 0.0399884 -0.0146351
v 0.189382 0.0399896 -0.0162307
v 0.19926 0.039985 -0.0178991
v 0.209121 0.0399856 -0.019646
v 0.218968 0.0399855 -0.0214683
v 0.228794 0.0399899 -0.0233639
v 0.238615 0.0399872 -0.0253368
v 0.248419 0.0399885 -0.0273876
v 0.258206 0.0399878 -0.0295086
v 0.267972 0.0399903 -0.0317026
v 0.27773 0.0399902 -0.0339762
v 0.287466 0.0399872 -0.0363151
v 0.297182 0.0399866 -0.0387266
v 0.306883 0.039988 -0.0412157
v 0.316567 0.0399857 -0.0437746
v 0.326225 0.0399904 -0.0464041
v 0.33587 0.0399853 -0.0491008
v 0.345493 0.0399866 -0.0518728
v 0.355093 0.0399886 -0.0547125
v 0.364678 0.0399855 -0.0576222
v 0.374238 0.039988 -0.0606024
v 0.383776 0.0399905 -0.0636505
v 0.39329 0.0399871 -0.066759
v 0.402785 0.0399886 -0.0699429
v 0.412259 0.0399892 -0.0731948
v 0.421703 0.0399889 -0.0765054
v 0.431132 0.0399872 -0.0798887
v 0.423759 0.039987 -0.0772426
v 0.431131 0.0388806 -0.0798951
v 0.440529 0.0374142 -0.0833453
v 0.432367 0.0386711 -0.080348
v 0.440529 0.0399895 -0.0833336
v 0.449907 0.0358909 -0.0868627
v 0.443406 0.0369185 -0.0844261
v 0.449907 0.03999 -0.0868466
v 0.459254 0.0343148 -0.0904418
v 0.454482 0.0350866 -0.0886157
v 0.459261 0.0399887 -0.0904234
v 0.468581 0.0326797 -0.0940906
v 0.465606 0.0331685 -0.092925
v 0.468585 0.0399907 -0.0940618
v 0.477882 0.030979 -0.0977979
v 0.476776 0.031168 -0.0973583
v 0.477891 0.0399903 -0.0977688
v 0.487166 0.0399875 -0.10153
v 0.49642 0.0399874 -0.105363
v 0.505642 0.0399898 -0.109254
v 0.514843 0.0399892 -0.113209
v 0.524012 0.0399908 -0.117221
v 0.533161 0.0399891 -0.121298
v 0.542279 0.0399892 -0.125433
v 0.551367 0.039991 -0.129627
v 0.560432 0.0399891 -0.133881
v 0.569467 0.0399886 -0.138193
v 0.578474 0.0399894 -0.142564
v 0.587452 0.0399914 -0.146994
v 0.596401 0.0399891 -0.151476
v 0.605326 0.0399877 -0.156022
v 0.614214 0.0399925 -0.16062
v 0.623078 0.0399927 -0.165276
v 0.631914 0.0399883 -0.169984
v 0.640718 0.0399897 -0.17475
v 0.649494 0.0399916 -0.179572
v 0.658239 0.0399886 -0.184442
v 0.66695 0.0399912 -0.189367
v 0.675635 0.0399887 -0.194345
v 0.684292 0.0399918 -0.199382
v 0.692917 0.0399897 -0.204464
v 0.701509 0.039993 -0.209601
v 0.710069 0.0399911 -0.214784
v 0.718599 0.0399945 -0.220021
v 0.727103 0.0399926 -0.22531
v 0.735571 0.0399908 -0.230642
v 0.744009 0.0399941 -0.23603
v 0.752415 0.0399922 -0.241461
v 0.760791 0.0399903 -0.246941
v 0.769135 0.0399934 -0.252473
v 0.777448 0.0399914 -0.258048
v 0.785726 0.0399945 -0.263671
v 0.793979 0.0399925 -0.269342
v 0.802193 0.0399956 -0.275056
v 0.810379 0.0399937 -0.280815
v 0.818535 0.0399919 -0.28662
v 0.826654 0.0399953 -0.29247
v 0.834747 0.0399938 -0.298364
v 0.842807 0.0399926 -0.304301
v 0.850832 0.0399968 -0.310284
v 0.858824 0.0399963 -0.316303
v 0.866789 0.0399963 -0.322369
v 0.87472 0.0399968 -0.328475
v 0.882618 0.0399928 -0.334617
v 0.890485 0.0399947 -0.340806
v 0.898319 0.0399974 -0.347035
v 0.906123 0.0399959 -0.353301
v 0.91387 0.0400029 -0.359642
v 0.0100199 0.04656 3.23046e-05
v 0.00681668 0.0431947 2.13681e-05
v 2.64586e-06 0.0500042 1.57246e-06
v 0.0100227 0.0499978 3.042e-05
v 0.010265 0.0497546 2.7407e-05
v 0.0103368 0.0499966 2.61214e-05
v 0.0200356 0.05 -0.000139109
v 0.0200385 0.0406015 -0.00014151
v 0.0199034 0.0401209 -0.000134636
v 0.0218514 0.048184 -0.000185982
v 0.0221938 0.0499958 -0.000189874
v 0.0300498 0.0499956 -0.000393065
v 0.0400562 0.0485171 -0.000743336
v 0.0361885 0.0438552 -0.000611549
v 0.0400583 0.0499996 -0.000746913
v 0.0500661 0.0499952 -0.00118554
v 0.0600633 0.0499987 -0.00171807
v 0.0693525 0.0406929 -0.00230573
v 0.0672723 0.0499956 -0.00216098
v 0.0700575 0.0499995 -0.00233714
v 0.0800484 0.0499969 -0.0030427
v 0.090029 0.0499973 -0.00383161
v 0.100004 0.0500002 -0.0047087
v 0.109972 0.05 -0.0056654
v 0.119939 0.0499962 -0.00670653
v 0.129887 0.0500004 -0.00782744
v 0.139829 0.0500004 -0.00902719
v 0.149764 0.0499964 -0.0103055
v 0.159686 0.0499992 -0.0116678
v 0.169598 0.0499973 -0.0131032
v 0.179499 0.0499959 -0.0146195
v 0.189384 0.0500005 -0.0162143
v 0.199257 0.0499993 -0.0178818
v 0.209121 0.0499978 -0.0196296
v 0.218964 0.0500012 -0.0214506
v 0.2288 0.049998 -0.0233489
v 0.238615 0.0499991 -0.0253201
v 0.248422 0.0499985 -0.0273712
v 0.258207 0.0500017 -0.029495
v 0.267977 0.049997 -0.031686
v 0.277729 0.0500009 -0.0339573
v 0.287463 0.050002 -0.0362985
v 0.297184 0.05 -0.0387142
v 0.306886 0.0500001 -0.0412025
v 0.316563 0.0500021 -0.0437584
v 0.326228 0.0500001 -0.0463888
v 0.33587 0.0499994 -0.0490869
v 0.345492 0.0499998 -0.0518574
v 0.355096 0.0500008 -0.0547004
v 0.364677 0.0500024 -0.057611
v 0.374239 0.0499988 -0.0605865
v 0.383775 0.0500005 -0.0636326
v 0.393294 0.050002 -0.0667511
v 0.40279 0.0499976 -0.0699299
v 0.400473 0.0500017 -0.0691552
v 0.402789 0.0490497 -0.0699334
v 0.412257 0.0450528 -0.0731841
v 0.404304 0.0483978 -0.0704532
v 0.412262 0.0499979 -0.0731793
v 0.421703 0.0409135 -0.0765047
v 0.420236 0.0415442 -0.0759893
v 0.421705 0.0500026 -0.0764946
v 0.431132 0.0500007 -0.0798752
v 0.440533 0.0499975 -0.0833191
v 0.449912 0.049998 -0.0868339
v 0.459261 0.050002 -0.0904101
v 0.468588 0.0499987 -0.0940472
v 0.477891 0.0499985 -0.0977508
v 0.487168 0.0500013 -0.101521
v 0.496418 0.0500016 -0.10535
v 0.505643 0.049999 -0.109239
v 0.514844 0.0499989 -0.113194
v 0.524013 0.0500011 -0.117208
v 0.533162 0.05 -0.121285
v 0.54228 0.0500008 -0.125421
v 0.551369 0.0499981 -0.129612
v 0.56043 0.0500024 -0.133869
v 0.569465 0.0500028 -0.138181
v 0.578477 0.0499994 -0.142554
v 0.587454 0.0500024 -0.146984
v 0.596405 0.0500013 -0.15147
v 0.605325 0.0500012 -0.156011
v 0.614218 0.050002 -0.160611
v 0.623082 0.0499984 -0.165264
v 0.631914 0.0500007 -0.169974
v 0.640723 0.0499984 -0.174741
v 0.649496 0.0500019 -0.179562
v 0.658238 0.0500005 -0.184432
v 0.666953 0.0499996 -0.189358
v 0.67564 0.0499991 -0.194339
v 0.684292 0.0499988 -0.199368
v 0.692918 0.0499987 -0.204454
v 0.701509 0.0499988 -0.209587
v 0.710071 0.049999 -0.214773
v 0.718604 0.0499994 -0.220012
v 0.727104 0.0499998 -0.225299
v 0.735573 0.0500003 -0.230634
v 0.74401 0.0500008 -0.236019
v 0.752416 0.0500013 -0.241453
v 0.760792 0.0500018 -0.246936
v 0.769139 0.0500025 -0.252468
v 0.777447 0.0500031 -0.258042
v 0.78573 0.0499986 -0.263663
v 0.793983 0.0499994 -0.269336
v 0.8022 0.0500002 -0.275052
v 0.810386 0.0500012 -0.280813
v 0.818537 0.0500023 -0.286617
v 0.826661 0.0499985 -0.292465
v 0.834749 0.0500001 -0.298357
v 0.842808 0.050002 -0.304297
v 0.850833 0.0499992 -0.310273
v 0.858829 0.050002 -0.316299
v 0.866791 0.0500002 -0.322362
v 0.874723 0.049999 -0.328468
v 0.882621 0.0499986 -0.334613
v 0.89049 0.0499989 -0.340802
v 0.898325 0.0500001 -0.347032
v 0.906124 0.0500023 -0.353296
v 0.913872 0.0500082 -0.359637
v 0.0100208 0.0600043 3.03371e-05
v 0.00826553 0.0600056 2.41893e-05
v 0.0100238 0.0534797 2.88076e-05
v 3.55819e-06 0.0600081 -1.53276e-06
v 0.0200378 0.0600029 -0.000138424
v 0.0198708 0.0600077 -0.000136008
v 0.0200343 0.05932 -0.000139527
v 0.0300479 0.0600054 -0.000398436
v 0.0400592 0.0600056 -0.000751501
v 0.0321372 0.0600056 -0.000470653
v 0.0400568 0.0514663 -0.000742194
v 0.0435433 0.0565229 -0.000905344
v 0.0447646 0.0600067 -0.000961012
v 0.0500622 0.060008 -0.0011959
v 0.0600615 0.0600077 -0.00172729
v 0.0677579 0.0523003 -0.00219515
v 0.0695022 0.0600078 -0.00231559
v 0.0700538 0.06001 -0.0023485
v 0.0800434 0.0600097 -0.0030554
v 0.0900269 0.060012 -0.00385078
v 0.100003 0.0600116 -0.00472589
v 0.109972 0.0600079 -0.00568056
v 0.119936 0.0600067 -0.00672224
v 0.129884 0.0600077 -0.00784065
v 0.139828 0.0600106 -0.00904541
v 0.14976 0.0600093 -0.0103236
v 0.159682 0.0600094 -0.0116827
v 0.16959 0.0600104 -0.0131177
v 0.179493 0.0600121 -0.0146382
v 0.189379 0.0600086 -0.0162264
v 0.199253 0.0600107 -0.0178978
v 0.209112 0.0600125 -0.0196443
v 0.21896 0.0600081 -0.0214631
v 0.228796 0.0600084 -0.0233646
v 0.238611 0.060013 -0.0253389
v 0.248415 0.0600106 -0.0273851
v 0.258202 0.0600119 -0.0295089
v 0.267971 0.060011 -0.0317024
v 0.277724 0.0600133 -0.0339732
v 0.287459 0.0600128 -0.0363137
v 0.297181 0.0600093 -0.0387286
v 0.306875 0.0600135 -0.0412139
v 0.31656 0.0600087 -0.0437707
v 0.326223 0.060011 -0.0464026
v 0.335864 0.0600092 -0.0490992
v 0.345488 0.060014 -0.0518756
v 0.355087 0.0600141 -0.054712
v 0.36467 0.0600094 -0.0576179
v 0.374232 0.0600104 -0.0605988
v 0.383771 0.0600115 -0.0636473
v 0.393284 0.0600123 -0.0667587
v 0.402787 0.0509499 -0.0699298
v 0.402144 0.050676 -0.069714
v 0.40278 0.0600128 -0.0699425
v 0.412256 0.0549513 -0.0731854
v 0.408945 0.0535012 -0.072047
v 0.41225 0.0600127 -0.0731892
v 0.421701 0.0590908 -0.076502
v 0.415668 0.0563962 -0.0743848
v 0.421698 0.0600116 -0.0765036
v 0.422314 0.0593612 -0.0767264
v 0.423743 0.0600101 -0.0772375
v 0.431127 0.0600095 -0.079886
v 0.440527 0.0600114 -0.0833341
v 0.449904 0.0600118 -0.0868456
v 0.459256 0.0600105 -0.0904205
v 0.468582 0.0600126 -0.0940614
v 0.477885 0.0600125 -0.097766
v 0.487161 0.0600103 -0.10153
v 0.496413 0.0600108 -0.10536
v 0.505635 0.060014 -0.109252
v 0.514839 0.060009 -0.113205
v 0.524008 0.0600117 -0.117219
v 0.533152 0.0600113 -0.121292
v 0.542269 0.0600129 -0.125428
v 0.551363 0.060011 -0.129624
v 0.560426 0.0600108 -0.133878
v 0.569459 0.0600122 -0.13819
v 0.578466 0.0600098 -0.142558
v 0.587449 0.0600087 -0.14699
v 0.596399 0.0600088 -0.151475
v 0.605316 0.06001 -0.156016
v 0.614212 0.0600122 -0.16062
v 0.623074 0.06001 -0.165272
v 0.631911 0.0600086 -0.169983
v 0.640711 0.0600131 -0.174748
v 0.649488 0.060013 -0.17957
v 0.658235 0.0600082 -0.18444
v 0.666947 0.0600091 -0.189365
v 0.675632 0.0600104 -0.194345
v 0.684285 0.0600121 -0.199378
v 0.69291 0.0600088 -0.20446
v 0.701502 0.060011 -0.209596
v 0.710068 0.0600083 -0.214783
v 0.718597 0.0600108 -0.22002
v 0.727097 0.0600084 -0.225303
v 0.735566 0.0600112 -0.230641
v 0.744006 0.060009 -0.236026
v 0.752415 0.0600069 -0.24146
v 0.760788 0.0600101 -0.246942
v 0.769132 0.0600082 -0.25247
v 0.777448 0.0600064 -0.258048
v 0.785724 0.0600099 -0.26367
v 0.793975 0.0600083 -0.269339
v 0.802194 0.060007 -0.275055
v 0.810378 0.0600058 -0.280812
v 0.818533 0.06001 -0.286623
v 0.826652 0.0600093 -0.292469
v 0.834747 0.060009 -0.298366
v 0.842804 0.0600091 -0.304302
v 0.850828 0.0600096 -0.31028
v 0.858824 0.0600055 -0.316299
v 0.86679 0.0600072 -0.322369
v 0.874719 0.0600044 -0.32847
v 0.882616 0.0600074 -0.334619
v 0.890486 0.0600063 -0.340808
v 0.898319 0.060006 -0.347033
v 0.906123 0.0600067 -0.353302
v 0.913869 0.0600117 -0.359638
v 6.47233e-06 0.0700063 -9.62082e-07
v 0.00821417 0.0618095 2.39037e-05
v 0.00354401 0.0700114 7.58249e-06
v 0.0100229 0.0700106 2.58188e-05
v 0.0197858 0.0602567 -0.000136201
v 0.0146354 0.0700106 -5.00866e-05
v 0.020035 0.0700152 -0.000149779
v 0.030048 0.0700177 -0.000418588
v 0.023588 0.070015 -0.000243362
v 0.0300495 0.0606669 -0.00040341
v 0.0400551 0.0700169 -0.0007762
v 0.0500575 0.0672813 -0.00121825
v 0.0475528 0.0625177 -0.00109079
v 0.0500553 0.0700194 -0.00122397
v 0.05096 0.0691158 -0.00127096
v 0.0513618 0.0700198 -0.00129618
v 0.0600562 0.0700191 -0.00176372
v 0.0700551 0.0611088 -0.00235588
v 0.0696869 0.0603764 -0.00232603
v 0.0700511 0.0700224 -0.00239226
v 0.0736037 0.0664645 -0.0026299
v 0.076345 0.0700206 -0.00283731
v 0.0800379 0.070023 -0.00310136
v 0.090022 0.0700212 -0.0038953
v 0.0999956 0.0700223 -0.00477174
v 0.109967 0.0700206 -0.00573228
v 0.119928 0.0700216 -0.00677454
v 0.129877 0.0700191 -0.00789038
v 0.13982 0.0700187 -0.0090924
v 0.149754 0.07002 -0.0103753
v 0.159673 0.0700228 -0.0117341
v 0.169585 0.070021 -0.0131705
v 0.179481 0.0700199 -0.0146825
v 0.189368 0.0700193 -0.0162746
v 0.199243 0.0700245 -0.0179496
v 0.209101 0.0700239 -0.0196919
v 0.218949 0.0700228 -0.021514
v 0.228783 0.0700208 -0.0234109
v 0.2386 0.0700233 -0.0253853
v 0.248398 0.0700244 -0.0274294
v 0.258187 0.0700237 -0.0295528
v 0.267958 0.070021 -0.0317459
v 0.277712 0.0700215 -0.0340161
v 0.287446 0.0700249 -0.0363585
v 0.297161 0.0700253 -0.0387704
v 0.306864 0.0700226 -0.0412566
v 0.316546 0.0700218 -0.0438148
v 0.326209 0.0700229 -0.0464452
v 0.335847 0.0700253 -0.0491429
v 0.345474 0.0700235 -0.0519147
v 0.355076 0.0700226 -0.0547539
v 0.364656 0.0700224 -0.0576604
v 0.374217 0.0700226 -0.0606391
v 0.383755 0.0700229 -0.0636851
v 0.393271 0.0700231 -0.0667987
v 0.402765 0.070023 -0.0699797
v 0.412237 0.0700224 -0.0732282
v 0.421684 0.0700209 -0.0765397
v 0.431121 0.0611205 -0.0798866
v 0.43022 0.0609722 -0.0795673
v 0.431107 0.0700239 -0.0799215
v 0.440519 0.0625896 -0.0833407
v 0.438435 0.062232 -0.0825744
v 0.44051 0.0700256 -0.0833711
v 0.449894 0.0641102 -0.086858
v 0.446597 0.063532 -0.0856201
v 0.449883 0.0700258 -0.0868791
v 0.459245 0.0656879 -0.0904403
v 0.454704 0.0648723 -0.0886993
v 0.459237 0.0700245 -0.090455
v 0.468571 0.0673232 -0.0940864
v 0.46275 0.0662587 -0.0918094
v 0.468567 0.0700213 -0.0940943
v 0.477868 0.069022 -0.0977932
v 0.470741 0.067686 -0.0949519
v 0.477867 0.0700214 -0.0977951
v 0.478668 0.0691599 -0.0981195
v 0.483178 0.070024 -0.0999532
v 0.487141 0.0700246 -0.101562
v 0.496393 0.0700255 -0.105393
v 0.505619 0.0700237 -0.109282
v 0.514816 0.0700246 -0.113234
v 0.523992 0.0700226 -0.11725
v 0.533136 0.0700228 -0.121323
v 0.542253 0.070025 -0.125459
v 0.551346 0.070024 -0.129655
v 0.560409 0.0700247 -0.133908
v 0.569444 0.0700219 -0.138218
v 0.578449 0.0700205 -0.142586
v 0.587431 0.0700206 -0.147017
v 0.596379 0.0700219 -0.151502
v 0.605303 0.0700192 -0.156043
v 0.614192 0.0700227 -0.160642
v 0.623057 0.070022 -0.165297
v 0.631892 0.0700221 -0.170007
v 0.640696 0.070023 -0.174773
v 0.64947 0.0700194 -0.179587
v 0.658216 0.0700216 -0.184463
v 0.666933 0.0700192 -0.189388
v 0.675614 0.0700225 -0.194368
v 0.684272 0.070021 -0.1994
v 0.692894 0.0700198 -0.204481
v 0.70149 0.070019 -0.209618
v 0.710052 0.0700185 -0.214802
v 0.718581 0.0700182 -0.220035
v 0.727086 0.0700181 -0.225326
v 0.735554 0.0700183 -0.23066
v 0.74399 0.0700186 -0.236043
v 0.7524 0.0700191 -0.241479
v 0.760775 0.0700198 -0.246961
v 0.769118 0.0700155 -0.252485
v 0.77743 0.0700166 -0.258061
v 0.785713 0.0700178 -0.263687
v 0.793962 0.0700141 -0.269352
v 0.802181 0.0700157 -0.27507
v 0.810365 0.0700177 -0.280829
v 0.81852 0.0700148 -0.286633
v 0.826643 0.0700173 -0.292486
v 0.834735 0.0700152 -0.298378
v 0.842794 0.0700135 -0.304314
v 0.850821 0.0700123 -0.310292
v 0.858816 0.0700116 -0.316314
v 0.866779 0.0700117 -0.322379
v 0.874708 0.0700124 -0.328483
v 0.882606 0.070014 -0.334631
v 0.890474 0.0700114 -0.340816
v 0.898312 0.0700097 -0.347045
v 0.906114 0.070009 -0.35331
v 0.913859 0.0700181 -0.359648
v 0.0100227 0.0736597 2.89095e-05
v 0.00180797 0.0782098 4.01134e-06
v 5.71625e-06 0.0800103 -2.48483e-06
v 0.00948619 0.0800148 2.31595e-05
v 0.0100196 0.079717 2.76162e-05
v 0.0100178 0.0800158 2.64918e-05
v 4.07645e-06 0.0790264 1.33889e-06
v 5.44678e-06 0.0716152 -1.50913e-06
v 0.0200365 0.0717878 -0.000149892
v 0.0114438 0.0785914 2.15449e-06
v 0.0172584 0.0800215 -0.00011085
v 0.0200368 0.0778225 -0.0001617
v 0.0200366 0.0800191 -0.000164055
v 0.0300461 0.0747735 -0.00043207
v 0.0244346 0.075622 -0.000272369
v 0.0300445 0.080024 -0.000447546
v 0.0350257 0.0750442 -0.000610667
v 0.0398806 0.0800301 -0.00081798
v 0.0400482 0.0800268 -0.000818445
v 0.0500501 0.0800333 -0.00128401
v 0.055257 0.0748234 -0.0015347
v 0.0583111 0.0800297 -0.00173477
v 0.060052 0.0800324 -0.00183244
v 0.0700459 0.0800295 -0.00246121
v 0.0800382 0.0732617 -0.00312361
v 0.0782453 0.0718196 -0.0029877
v 0.0800344 0.0800307 -0.0031776
v 0.0900156 0.0781243 -0.00395698
v 0.0844292 0.0756243 -0.00349179
v 0.0900154 0.0800296 -0.00397348
v 0.0915207 0.0785211 -0.00409495
v 0.0987604 0.0800297 -0.00474552
v 0.0999912 0.0800321 -0.00485624
v 0.109955 0.0800319 -0.00581281
v 0.119913 0.0800346 -0.00685567
v 0.129864 0.0800341 -0.00797682
v 0.139807 0.0800301 -0.00917601
v 0.149738 0.0800338 -0.0104587
v 0.159661 0.0800333 -0.0118191
v 0.169569 0.0800341 -0.0132548
v 0.17947 0.0800301 -0.0147679
v 0.189353 0.0800323 -0.0163589
v 0.199226 0.0800348 -0.0180297
v 0.209087 0.0800316 -0.0197725
v 0.218931 0.0800336 -0.0215929
v 0.228765 0.0800349 -0.0234926
v 0.238579 0.0800351 -0.0254621
v 0.248385 0.080034 -0.0275108
v 0.258168 0.0800368 -0.0296317
v 0.26794 0.0800322 -0.0318242
v 0.277689 0.0800363 -0.0340915
v 0.287426 0.0800324 -0.0364302
v 0.297144 0.0800367 -0.0388485
v 0.306843 0.0800324 -0.0413286
v 0.316523 0.0800356 -0.043888
v 0.326186 0.0800353 -0.0465167
v 0.335824 0.0800365 -0.0492126
v 0.345451 0.0800334 -0.0519825
v 0.35505 0.0800369 -0.0548222
v 0.364634 0.0800357 -0.0577311
v 0.374194 0.0800349 -0.0607073
v 0.383731 0.0800345 -0.0637508
v 0.393245 0.080034 -0.0668615
v 0.402742 0.0800333 -0.0700442
v 0.41221 0.0800375 -0.0732924
v 0.421659 0.0800356 -0.0766054
v 0.431083 0.0800328 -0.0799812
v 0.440483 0.0800343 -0.0834272
v 0.449858 0.0800344 -0.0869363
v 0.459214 0.080033 -0.0905131
v 0.468538 0.0800351 -0.0941512
v 0.477839 0.0800354 -0.0978526
v 0.487141 0.0704597 -0.101564
v 0.486783 0.0704109 -0.101418
v 0.487117 0.0800335 -0.101617
v 0.49639 0.0715095 -0.105401
v 0.495166 0.0713475 -0.104892
v 0.49637 0.0800346 -0.105448
v 0.505614 0.0725948 -0.109297
v 0.503507 0.0723107 -0.108406
v 0.505596 0.0800333 -0.109338
v 0.514809 0.0737265 -0.113257
v 0.51179 0.0733116 -0.111957
v 0.514794 0.0800346 -0.11329
v 0.523977 0.0748943 -0.117271
v 0.520021 0.074345 -0.115541
v 0.523965 0.0800332 -0.117301
v 0.53312 0.0761143 -0.121355
v 0.528198 0.0754111 -0.119158
v 0.533109 0.080034 -0.121375
v 0.542234 0.0773763 -0.125494
v 0.536329 0.0765103 -0.122812
v 0.542229 0.0800318 -0.125507
v 0.551322 0.0786861 -0.129693
v 0.544395 0.0776534 -0.126494
v 0.551322 0.0800316 -0.129703
v 0.552411 0.0788302 -0.130207
v 0.560267 0.0800342 -0.1339
v 0.560384 0.0800332 -0.133956
v 0.569418 0.0800313 -0.138265
v 0.578427 0.0800311 -0.142636
v 0.587403 0.0800323 -0.147062
v 0.596351 0.0800349 -0.151546
v 0.605277 0.0800335 -0.156091
v 0.614167 0.0800332 -0.160686
v 0.62303 0.080034 -0.16534
v 0.631866 0.0800305 -0.170047
v 0.640668 0.0800331 -0.174811
v 0.649444 0.0800313 -0.179628
v 0.658191 0.0800301 -0.1845
v 0.666909 0.0800296 -0.189428
v 0.675591 0.0800297 -0.194403
v 0.684245 0.0800303 -0.199434
v 0.692869 0.0800313 -0.204517
v 0.701464 0.0800275 -0.20965
v 0.710028 0.0800293 -0.214837
v 0.71856 0.0800263 -0.22007
v 0.727061 0.0800287 -0.225358
v 0.735533 0.0800262 -0.230692
v 0.74397 0.0800292 -0.236078
v 0.752374 0.0800272 -0.241505
v 0.760752 0.0800255 -0.246986
v 0.769101 0.0800241 -0.252517
v 0.777411 0.0800229 -0.258088
v 0.785692 0.080022 -0.26371
v 0.793943 0.0800264 -0.269384
v 0.802163 0.080021 -0.275094
v 0.810349 0.080021 -0.280853
v 0.818504 0.0800214 -0.286659
v 0.826625 0.0800221 -0.292507
v 0.834717 0.0800233 -0.298402
v 0.842778 0.08002 -0.304337
v 0.850804 0.0800223 -0.310317
v 0.858796 0.0800201 -0.316334
v 0.866761 0.0800186 -0.322399
v 0.874692 0.0800178 -0.328502
v 0.882592 0.080018 -0.33465
v 0.890458 0.080019 -0.340837
v 0.898298 0.0800159 -0.347066
v 0.906101 0.0800139 -0.353331
v 0.913847 0.080022 -0.359669
v 4.33294e-06 0.0900139 -3.1037e-06
v 0.0014666 0.0885513 3.79722e-06
v 0.00803239 0.0900221 1.15233e-05
v 0.0100207 0.0900193 1.71013e-05
v 0.0100207 0.0878207 1.57595e-05
v 0.00363252 0.0863867 1.21497e-05
v 0.0100221 0.0851737 1.93967e-05
v 0.00579554 0.0842279 1.75992e-05
v 0.010022 0.0825299 2.10278e-05
v 0.00796364 0.0820692 1.79641e-05
v 9.41418e-07 0.0887931 2.71045e-07
v 3.23328e-06 0.0869895 -2.38247e-06
v 1.21318e-06 0.0851847 5.24623e-07
v 5.01857e-06 0.0833788 -1.21283e-06
v 1.44452e-06 0.0815775 -3.97818e-07
v 0.0133977 0.0866488 -4.52579e-05
v 0.0171759 0.09003 -0.000136317
v 0.0200249 0.0900338 -0.000196512
v 0.0200315 0.0849034 -0.000182858
v 0.0174538 0.082597 -0.000116575
v 0.0258176 0.0842453 -0.000340225
v 0.0282273 0.090037 -0.00044861
v 0.0300393 0.090034 -0.000502659
v 0.0400504 0.0809033 -0.000826949
v 0.0399468 0.0801324 -0.000819422
v 0.0400422 0.0900387 -0.000893146
v 0.0414574 0.0886246 -0.000949084
v 0.0416875 0.0900408 -0.000973432
v 0.050043 0.0900427 -0.00136893
v 0.0600439 0.0856166 -0.00188344
v 0.0585689 0.0815112 -0.0017594
v 0.0600444 0.09004 -0.00192672
v 0.0613094 0.0887726 -0.00199337
v 0.0627481 0.0900412 -0.00209856
v 0.0700361 0.0900422 -0.00256664
v 0.0800208 0.0900431 -0.0032857
v 0.0900034 0.0900425 -0.00408848
v 0.0999888 0.0801968 -0.00485337
v 0.0998296 0.0801907 -0.00484056
v 0.0999788 0.0900399 -0.00496984
v 0.109957 0.0807427 -0.00582407
v 0.109248 0.0807426 -0.00575457
v 0.109944 0.090041 -0.00593233
v 0.119916 0.0808933 -0.00686574
v 0.119053 0.0808986 -0.00677666
v 0.119899 0.0900451 -0.00697583
v 0.129868 0.0809318 -0.00798954
v 0.128969 0.0809338 -0.00788716
v 0.12985 0.0900406 -0.00809437
v 0.139803 0.0809641 -0.0091887
v 0.138887 0.0809538 -0.00907516
v 0.139793 0.0900443 -0.0093013
v 0.149735 0.0810337 -0.0104682
v 0.148759 0.081017 -0.0103425
v 0.149723 0.0900443 -0.0105808
v 0.159659 0.0811614 -0.011832
v 0.158564 0.081135 -0.0116791
v 0.159638 0.0900461 -0.0119356
v 0.169567 0.0813472 -0.0132698
v 0.168304 0.0813075 -0.0130844
v 0.16955 0.0900436 -0.0133726
v 0.179464 0.0815832 -0.0147844
v 0.177979 0.0815342 -0.014558
v 0.179447 0.0900422 -0.0148846
v 0.189351 0.0818668 -0.0163827
v 0.187608 0.0817977 -0.016101
v 0.189334 0.0900415 -0.0164764
v 0.199219 0.0821897 -0.0180533
v 0.197184 0.082103 -0.0177112
v 0.199203 0.0900467 -0.0181457
v 0.209082 0.0825385 -0.019802
v 0.20672 0.0824327 -0.019385
v 0.209065 0.0900464 -0.0198917
v 0.218928 0.082917 -0.0216275
v 0.216213 0.0827922 -0.0211251
v 0.218907 0.0900458 -0.0217073
v 0.228753 0.0833237 -0.023526
v 0.225675 0.0831697 -0.0229306
v 0.228739 0.0900446 -0.0236023
v 0.23857 0.0837461 -0.0255018
v 0.235107 0.0835705 -0.0248089
v 0.238553 0.090048 -0.0255742
v 0.248371 0.084189 -0.0275534
v 0.244506 0.083983 -0.0267448
v 0.248356 0.0900446 -0.0276177
v 0.258156 0.0846517 -0.0296809
v 0.253871 0.0844183 -0.0287484
v 0.258141 0.0900452 -0.029738
v 0.267922 0.0851278 -0.0318768
v 0.263213 0.0848647 -0.0308189
v 0.267913 0.090044 -0.0319325
v 0.277676 0.0856224 -0.0341534
v 0.272519 0.0853278 -0.0329493
v 0.277663 0.0900462 -0.0341988
v 0.287411 0.0861297 -0.0364983
v 0.281796 0.0858071 -0.0351441
v 0.287399 0.0900459 -0.0365391
v 0.297124 0.0866547 -0.0389142
v 0.291045 0.0862971 -0.0374006
v 0.297114 0.0900484 -0.0389513
v 0.306821 0.0871972 -0.0414056
v 0.300265 0.086803 -0.0397211
v 0.30681 0.0900479 -0.0414326
v 0.3165 0.0877513 -0.0439648
v 0.30946 0.0873191 -0.0421029
v 0.316494 0.0900442 -0.0439877
v 0.326163 0.0883225 -0.046599
v 0.318613 0.0878563 -0.0445417
v 0.326154 0.0900479 -0.0466172
v 0.335798 0.0889159 -0.0493014
v 0.327741 0.0884035 -0.0470413
v 0.335798 0.0900477 -0.0493159
v 0.34542 0.0895204 -0.0520756
v 0.336836 0.088966 -0.0495996
v 0.345416 0.0900489 -0.0520815
v 0.3459 0.0895436 -0.0522163
v 0.353528 0.0900469 -0.0544771
v 0.355018 0.0900457 -0.0549162
v 0.364598 0.0900488 -0.0578253
v 0.374157 0.0900472 -0.0607989
v 0.383698 0.0900458 -0.0638442
v 0.393212 0.0900446 -0.066952
v 0.402704 0.0900486 -0.0701343
v 0.412178 0.0900468 -0.0733812
v 0.421625 0.0900445 -0.0766907
v 0.431048 0.0900467 -0.0800703
v 0.440446 0.0900479 -0.0835127
v 0.449824 0.0900478 -0.0870225
v 0.459176 0.0900463 -0.0905954
v 0.468502 0.0900484 -0.094234
v 0.477807 0.0900435 -0.0979331
v 0.487079 0.0900471 -0.101696
v 0.496336 0.0900432 -0.105525
v 0.505555 0.0900476 -0.109413
v 0.514756 0.0900441 -0.113362
v 0.523928 0.0900432 -0.117373
v 0.533072 0.0900447 -0.121446
v 0.542192 0.0900432 -0.125578
v 0.551284 0.0900438 -0.129773
v 0.560384 0.0800414 -0.133955
v 0.560373 0.0800399 -0.133948
v 0.560346 0.0900464 -0.134025
v 0.569414 0.0807862 -0.138272
v 0.568796 0.08072 -0.137975
v 0.56938 0.0900455 -0.138333
v 0.578419 0.0815572 -0.142645
v 0.577168 0.0814245 -0.142037
v 0.578391 0.0900411 -0.142701
v 0.587397 0.0823602 -0.147078
v 0.585493 0.0821536 -0.146137
v 0.587366 0.0900436 -0.147126
v 0.596341 0.0832008 -0.151567
v 0.593767 0.0829128 -0.150273
v 0.596319 0.0900422 -0.151611
v 0.60526 0.0840742 -0.156114
v 0.601994 0.0837025 -0.15445
v 0.60524 0.0900422 -0.15615
v 0.61415 0.0849808 -0.160714
v 0.610168 0.0845179 -0.158654
v 0.614133 0.0900434 -0.160748
v 0.623012 0.0859316 -0.165375
v 0.618287 0.0853696 -0.162891
v 0.622997 0.0900405 -0.165398
v 0.631844 0.086922 -0.17009
v 0.626352 0.0862531 -0.167158
v 0.631832 0.0900439 -0.17011
v 0.640641 0.0879578 -0.174856
v 0.634366 0.0871687 -0.171454
v 0.640636 0.090043 -0.17487
v 0.649413 0.0890395 -0.17968
v 0.642319 0.0881273 -0.175779
v 0.649409 0.0900429 -0.179685
v 0.650219 0.0891191 -0.180127
v 0.657196 0.0900405 -0.184021
v 0.658156 0.0900385 -0.184553
v 0.666872 0.09004 -0.18948
v 0.675558 0.0900369 -0.194455
v 0.684214 0.0900396 -0.199488
v 0.692838 0.0900377 -0.204567
v 0.701435 0.0900363 -0.209702
v 0.709998 0.0900353 -0.214884
v 0.718527 0.0900347 -0.220115
v 0.727032 0.0900345 -0.225403
v 0.7355 0.0900347 -0.230735
v 0.74394 0.0900352 -0.23612
v 0.752345 0.090036 -0.241549
v 0.760726 0.0900321 -0.24703
v 0.769071 0.0900336 -0.252558
v 0.777381 0.0900354 -0.258131
v 0.785665 0.0900324 -0.263752
v 0.793917 0.0900298 -0.269418
v 0.802134 0.0900327 -0.275133
v 0.810323 0.0900308 -0.280891
v 0.818476 0.0900295 -0.286692
v 0.826599 0.0900286 -0.292539
v 0.834693 0.0900281 -0.298433
v 0.842749 0.0900283 -0.304366
v 0.850777 0.0900291 -0.310345
v 0.858776 0.0900254 -0.316366
v 0.866736 0.0900276 -0.322428
v 0.874672 0.0900255 -0.328535
v 0.88257 0.0900242 -0.334678
v 0.890438 0.0900239 -0.340865
v 0.898272 0.0900245 -0.347092
v 0.906076 0.0900211 -0.353357
v 0.913824 0.0900283 -0.359694
v 5.5068e-06 0.100011 2.52869e-07
v 0.00194472 0.0980792 6.79191e-07
v 0.00362797 0.100023 -8.16061e-05
v 0.00724964 0.100031 -0.000158679
v 0.00387886 0.0961474 6.17733e-06
v 0.0100065 0.100035 -0.000221027
v 0.0100084 0.0990322 -0.000194676
v 0.00582098 0.0942098 9.52524e-06
v 0.0100117 0.0948773 -9.8049e-05
v 0.00776012 0.0922779 9.92542e-06
v 0.0100186 0.0907162 9.71975e-07
v 0.00969424 0.0903462 1.54235e-05
v 2.88184e-06 0.0907612 -1.14034e-06
v 3.76432e-06 0.0930751 -2.40964e-06
v 5.80808e-06 0.095387 -2.97114e-06
v 3.97928e-06 0.0976971 2.27487e-06
v 0.0106797 0.0993599 -0.000216115
v 0.0106962 0.100036 -0.000233643
v 0.0135894 0.100036 -0.000307561
v 0.013488 0.0965597 -0.000212612
v 0.0164802 0.100037 -0.000380306
v 0.0162912 0.0937596 -0.00020405
v 0.0193686 0.10004 -0.000451827
v 0.0190995 0.0909594 -0.000200522
v 0.0200158 0.10004 -0.000466337
v 0.0284387 0.0916338 -0.000498891
v 0.0266147 0.100042 -0.000685059
v 0.0300261 0.100043 -0.000803446
v 0.0400254 0.100048 -0.00121504
v 0.038091 0.100049 -0.0011374
v 0.0400374 0.0939562 -0.00102334
v 0.0500265 0.100046 -0.00170793
v 0.0600192 0.100051 -0.00228216
v 0.0619544 0.0981178 -0.00233749
v 0.0635384 0.100049 -0.00251178
v 0.0700136 0.10005 -0.00293704
v 0.0799969 0.100048 -0.00366504
v 0.0899707 0.100051 -0.00447412
v 0.0999457 0.100047 -0.0053632
v 0.109906 0.100047 -0.00632807
v 0.119861 0.10005 -0.00737837
v 0.129804 0.100051 -0.00850135
v 0.139744 0.100048 -0.00970662
v 0.149669 0.100048 -0.0109871
v 0.159584 0.10005 -0.0123475
v 0.169491 0.100048 -0.0137849
v 0.179384 0.100052 -0.0153048
v 0.189266 0.100052 -0.0168965
v 0.199137 0.100052 -0.0185676
v 0.208992 0.100053 -0.0203131
v 0.218833 0.100053 -0.0221329
v 0.228659 0.100053 -0.024027
v 0.238474 0.100052 -0.026
v 0.248268 0.100055 -0.0280449
v 0.258054 0.100052 -0.0301659
v 0.267819 0.100052 -0.0323587
v 0.277566 0.100056 -0.034628
v 0.287298 0.100052 -0.0369636
v 0.29701 0.100056 -0.0393784
v 0.306706 0.100052 -0.0418594
v 0.316384 0.100056 -0.0444194
v 0.32604 0.100056 -0.0470436
v 0.335682 0.100053 -0.0497414
v 0.345297 0.100056 -0.0525087
v 0.355019 0.0901924 -0.0549258
v 0.354892 0.0901761 -0.0548851
v 0.354895 0.100056 -0.055345
v 0.364586 0.0911473 -0.0578732
v 0.363637 0.0910391 -0.0575779
v 0.364474 0.100056 -0.0582528
v 0.374134 0.0921252 -0.0608891
v 0.372346 0.091923 -0.0603253
v 0.374032 0.100052 -0.0612248
v 0.383653 0.093137 -0.0639736
v 0.381011 0.0928278 -0.0631175
v 0.383564 0.100053 -0.0642664
v 0.393158 0.0941718 -0.0671302
v 0.389638 0.0937535 -0.065959
v 0.393077 0.100055 -0.0673798
v 0.402635 0.0952406 -0.0703543
v 0.398224 0.0947054 -0.0688522
v 0.402564 0.100057 -0.0705554
v 0.412087 0.0963381 -0.0736427
v 0.406766 0.0956838 -0.0717919
v 0.412035 0.100053 -0.0738002
v 0.421516 0.0974751 -0.0770046
v 0.415262 0.0966832 -0.0747707
v 0.421482 0.100054 -0.0771147
v 0.430921 0.0986412 -0.0804296
v 0.423717 0.0977144 -0.0778029
v 0.430903 0.100054 -0.0804918
v 0.440299 0.0998473 -0.0839221
v 0.432117 0.0987776 -0.080874
v 0.440298 0.100054 -0.0839316
v 0.440476 0.0998676 -0.0839904
v 0.441886 0.100055 -0.0845267
v 0.449673 0.100052 -0.0874387
v 0.45902 0.100055 -0.0910113
v 0.468343 0.100055 -0.0946468
v 0.477642 0.100055 -0.0983453
v 0.486918 0.100052 -0.102107
v 0.496169 0.100052 -0.105935
v 0.505392 0.100051 -0.109821
v 0.514586 0.100052 -0.113769
v 0.523759 0.10005 -0.11778
v 0.532899 0.100052 -0.121849
v 0.542014 0.10005 -0.125977
v 0.551103 0.10005 -0.130168
v 0.560164 0.100053 -0.13442
v 0.569198 0.100052 -0.138728
v 0.578205 0.100048 -0.143092
v 0.587179 0.100051 -0.147516
v 0.596128 0.10005 -0.151996
v 0.605048 0.100051 -0.156535
v 0.613943 0.100048 -0.161129
v 0.622799 0.100051 -0.165777
v 0.631632 0.100051 -0.170481
v 0.640441 0.100046 -0.175242
v 0.649214 0.100047 -0.180056
v 0.658156 0.0902271 -0.184563
v 0.658016 0.0901968 -0.184484
v 0.657957 0.10005 -0.184925
v 0.666832 0.0919965 -0.18955
v 0.66542 0.0916711 -0.188739
v 0.66667 0.100047 -0.189843
v 0.67548 0.0938538 -0.194594
v 0.672749 0.0931996 -0.192996
v 0.675354 0.100046 -0.194817
v 0.684096 0.0958059 -0.199695
v 0.68 0.0947988 -0.197265
v 0.684007 0.100046 -0.199842
v 0.692676 0.0978546 -0.204842
v 0.687168 0.0964646 -0.201533
v 0.692633 0.100046 -0.204923
v 0.701227 0.100017 -0.210051
v 0.694252 0.0982033 -0.2058
v 0.701224 0.100047 -0.210051
v 0.701248 0.100021 -0.210064
v 0.701333 0.100046 -0.210117
v 0.709788 0.100043 -0.21523
v 0.718319 0.100045 -0.220463
v 0.72682 0.100042 -0.225741
v 0.735291 0.100045 -0.231076
v 0.743727 0.100043 -0.236451
v 0.752137 0.100042 -0.24188
v 0.760511 0.100041 -0.247354
v 0.768856 0.100041 -0.252877
v 0.77717 0.100041 -0.25845
v 0.785455 0.100036 -0.264065
v 0.793704 0.100037 -0.269729
v 0.801921 0.100039 -0.275438
v 0.810109 0.100036 -0.281191
v 0.818266 0.100033 -0.286991
v 0.826386 0.100036 -0.292835
v 0.83448 0.100035 -0.298723
v 0.84254 0.100034 -0.304655
v 0.850567 0.100035 -0.310629
v 0.858565 0.10003 -0.316644
v 0.866529 0.100032 -0.322704
v 0.874464 0.100029 -0.328806
v 0.882365 0.100028 -0.334948
v 0.890232 0.100027 -0.341129
v 0.898069 0.100028 -0.347355
v 0.905872 0.100024 -0.353614
v 0.913647 0.100021 -0.359918
v 0.890233 -2.6761e-05 -0.34133
v 0.882366 -2.62466e-05 -0.33515
v 0.882573 0.00997688 -0.334879
v 0.890442 0.00997863 -0.341068
v 0.890465 0.0199817 -0.34104
v 0.898298 0.0199823 -0.347265
v 0.89831 0.029988 -0.347243
v 0.906115 0.0299931 -0.353516
v 0.906123 0.0399959 -0.353501
v 0.91387 0.0400029 -0.359842
v 0.913858 0.0299959 -0.359849
v 0.874461 -2.53411e-05 -0.329005
v 0.874675 0.00997556 -0.328735
v 0.882594 0.0199817 -0.33485
v 0.890476 0.0299889 -0.341017
v 0.898319 0.0399974 -0.347235
v 0.906124 0.0500023 -0.353496
v 0.913872 0.0500082 -0.359837
v 0.866534 -2.92971e-05 -0.322906
v 0.866743 0.00997463 -0.322629
v 0.874695 0.0199822 -0.328705
v 0.882608 0.0299905 -0.334831
v 0.890485 0.0399947 -0.341006
v 0.898325 0.0500001 -0.347232
v 0.906123 0.0600067 -0.353502
v 0.913869 0.0600117 -0.359838
v 0.858569 -2.78169e-05 -0.316849
v 0.858781 0.00997401 -0.316568
v 0.866765 0.0199832 -0.322603
v 0.874713 0.0299877 -0.328687
v 0.882618 0.0399928 -0.334817
v 0.89049 0.0499989 -0.341002
v 0.898319 0.060006 -0.347233
v 0.906114 0.070009 -0.35351
v 0.913859 0.0700181 -0.359848
v 0.850571 -3.13686e-05 -0.310829
v 0.850787 0.00997358 -0.31055
v 0.858804 0.0199795 -0.316538
v 0.866778 0.0299905 -0.32258
v 0.87472 0.0399968 -0.328675
v 0.882621 0.0499986 -0.334813
v 0.890486 0.0600063 -0.341008
v 0.898312 0.0700097 -0.347245
v 0.906101 0.0800139 -0.353531
v 0.913847 0.080022 -0.359869
v 0.842544 -2.96434e-05 -0.304858
v 0.842758 0.00997332 -0.304571
v 0.850809 0.0199812 -0.310519
v 0.858819 0.0299887 -0.316518
v 0.866789 0.0399963 -0.322569
v 0.874723 0.049999 -0.328668
v 0.882616 0.0600074 -0.334819
v 0.890474 0.0700114 -0.341016
v 0.898298 0.0800159 -0.347266
v 0.906076 0.0900211 -0.353557
v 0.913824 0.0900283 -0.359894
v 0.834483 -3.30111e-05 -0.298924
v 0.834701 0.00997316 -0.298639
v 0.842777 0.0199832 -0.304538
v 0.850824 0.0299873 -0.310496
v 0.858824 0.0399963 -0.316503
v 0.866791 0.0500002 -0.322562
v 0.874719 0.0600044 -0.328671
v 0.882606 0.070014 -0.334831
v 0.890458 0.080019 -0.341037
v 0.898272 0.0900245 -0.347292
v 0.905872 0.100024 -0.353814
v 0.913647 0.100021 -0.360118
v 0.826391 -3.11922e-05 -0.293039
v 0.826607 0.00997305 -0.292745
v 0.834721 0.0199802 -0.298603
v 0.842799 0.0299862 -0.304516
v 0.850832 0.0399968 -0.310484
v 0.858829 0.050002 -0.316499
v 0.86679 0.0600072 -0.322569
v 0.874708 0.0700124 -0.328683
v 0.882592 0.080018 -0.33485
v 0.890438 0.0900239 -0.341065
v 0.898069 0.100028 -0.347555
v 0.818269 -3.45555e-05 -0.287194
v 0.818485 0.00997289 -0.286899
v 0.826633 0.0199772 -0.29271
v 0.834741 0.0299854 -0.29858
v 0.842807 0.0399926 -0.304501
v 0.850833 0.0499992 -0.310473
v 0.858824 0.0600055 -0.316499
v 0.866779 0.0700117 -0.322579
v 0.874692 0.0800178 -0.328702
v 0.88257 0.0900242 -0.334878
v 0.890232 0.100027 -0.341329
v 0.81011 -3.28364e-05 -0.281394
v 0.810333 0.00997273 -0.281099
v 0.818508 0.0199796 -0.286862
v 0.82665 0.0299847 -0.292686
v 0.834747 0.0399938 -0.298564
v 0.842808 0.050002 -0.304497
v 0.850828 0.0600096 -0.31048
v 0.858816 0.0700116 -0.316514
v 0.866761 0.0800186 -0.322599
v 0.874672 0.0900255 -0.328735
v 0.882365 0.100028 -0.335148
v 0.801924 -3.64313e-05 -0.275638
v 0.802146 0.00997242 -0.275342
v 0.810356 0.0199767 -0.281059
v 0.818525 0.0299842 -0.286835
v 0.826654 0.0399953 -0.29267
v 0.834749 0.0500001 -0.298557
v 0.842804 0.0600091 -0.304502
v 0.850821 0.0700123 -0.310492
v 0.858796 0.0800201 -0.316534
v 0.866736 0.0900276 -0.322628
v 0.874464 0.100029 -0.329006
v 0.793705 -3.49511e-05 -0.269931
v 0.793924 0.00997202 -0.269626
v 0.802168 0.019979 -0.2753
v 0.810372 0.0299838 -0.281031
v 0.818535 0.0399919 -0.28682
v 0.826661 0.0499985 -0.292665
v 0.834747 0.060009 -0.298566
v 0.842794 0.0700135 -0.304514
v 0.850804 0.0800223 -0.310517
v 0.858776 0.0900254 -0.316566
v 0.866529 0.100032 -0.322904
v 0.785457 -3.88623e-05 -0.264267
v 0.785676 0.00997141 -0.263961
v 0.793951 0.019976 -0.269585
v 0.802188 0.0299833 -0.275273
v 0.810379 0.0399937 -0.281015
v 0.818537 0.0500023 -0.286817
v 0.826652 0.0600093 -0.292669
v 0.834735 0.0700152 -0.298579
v 0.842778 0.08002 -0.304537
v 0.850777 0.0900291 -0.310545
v 0.858565 0.10003 -0.316844
v 0.777176 -3.77611e-05 -0.258652
v 0.777396 0.00997061 -0.258341
v 0.7857 0.0199781 -0.263918
v 0.793969 0.029983 -0.269557
v 0.802193 0.0399956 -0.275256
v 0.810386 0.0500012 -0.281013
v 0.818533 0.06001 -0.286823
v 0.826643 0.0700173 -0.292686
v 0.834717 0.0800233 -0.298602
v 0.842749 0.0900283 -0.304566
v 0.850567 0.100035 -0.310829
v 0.768861 -3.69036e-05 -0.253083
v 0.769079 0.00996964 -0.252763
v 0.77742 0.019975 -0.258295
v 0.785716 0.0299876 -0.263889
v 0.793979 0.0399925 -0.269542
v 0.8022 0.0500002 -0.275252
v 0.810378 0.0600058 -0.281012
v 0.81852 0.0700148 -0.286833
v 0.826625 0.0800221 -0.292707
v 0.834693 0.0900281 -0.298633
v 0.84254 0.100034 -0.304855
v 0.760514 -3.62486e-05 -0.247558
v 0.760738 0.00996843 -0.247239
v 0.769105 0.0199768 -0.25272
v 0.777438 0.0299872 -0.25827
v 0.785726 0.0399945 -0.263871
v 0.793983 0.0499994 -0.269536
v 0.802194 0.060007 -0.275255
v 0.810365 0.0700177 -0.281029
v 0.818504 0.0800214 -0.286859
v 0.826599 0.0900286 -0.292739
v 0.83448 0.100035 -0.298923
v 0.752141 -4.10728e-05 -0.242081
v 0.752363 0.00996699 -0.241761
v 0.760762 0.0199785 -0.247195
v 0.769123 0.0299865 -0.252691
v 0.777448 0.0399914 -0.258248
v 0.78573 0.0499986 -0.263863
v 0.793975 0.0600083 -0.269539
v 0.802181 0.0700157 -0.27527
v 0.810349 0.080021 -0.281053
v 0.818476 0.0900295 -0.286892
v 0.826386 0.100036 -0.293035
v 0.743731 -4.09262e-05 -0.236652
v 0.743954 0.0099653 -0.236327
v 0.752387 0.0199748 -0.241713
v 0.760779 0.0299858 -0.247162
v 0.769135 0.0399934 -0.252673
v 0.777447 0.0500031 -0.258242
v 0.785724 0.0600099 -0.26387
v 0.793962 0.0700141 -0.269552
v 0.802163 0.080021 -0.275294
v 0.810323 0.0900308 -0.281091
v 0.818266 0.100033 -0.287191
v 0.73529 -4.10117e-05 -0.231272
v 0.735515 0.00996337 -0.230943
v 0.74398 0.0199762 -0.236282
v 0.752406 0.029985 -0.241683
v 0.760791 0.0399903 -0.247141
v 0.769139 0.0500025 -0.252668
v 0.777448 0.0600064 -0.258248
v 0.785713 0.0700178 -0.263887
v 0.793943 0.0800264 -0.269584
v 0.802134 0.0900327 -0.275333
v 0.810109 0.100036 -0.281391
v 0.726824 -4.1316e-05 -0.225945
v 0.727042 0.00996645 -0.22561
v 0.735545 0.0199722 -0.230898
v 0.743999 0.0299841 -0.236249
v 0.752415 0.0399922 -0.241661
v 0.760792 0.0500018 -0.247136
v 0.769132 0.0600082 -0.25267
v 0.77743 0.0700166 -0.258261
v 0.785692 0.080022 -0.26391
v 0.793917 0.0900298 -0.269618
v 0.801921 0.100039 -0.275638
v 0.718321 -4.18536e-05 -0.220663
v 0.718545 0.00996412 -0.220328
v 0.727072 0.0199732 -0.225562
v 0.735561 0.0299831 -0.230864
v 0.744009 0.0399941 -0.23623
v 0.752416 0.0500013 -0.241653
v 0.760788 0.0600101 -0.247142
v 0.769118 0.0700155 -0.252685
v 0.777411 0.0800229 -0.258288
v 0.785665 0.0900324 -0.263952
v 0.793704 0.100037 -0.269929
v 0.709791 -4.26112e-05 -0.215433
v 0.710009 0.00996679 -0.215093
v 0.718571 0.0199741 -0.220278
v 0.727092 0.029982 -0.225528
v 0.735571 0.0399908 -0.230842
v 0.74401 0.0500008 -0.236219
v 0.752415 0.0600069 -0.24166
v 0.760775 0.0700198 -0.247161
v 0.769101 0.0800241 -0.252717
v 0.777381 0.0900354 -0.258331
v 0.785455 0.100036 -0.264265
v 0.701228 -4.35196e-05 -0.210252
v 0.701451 0.00996408 -0.209913
v 0.710039 0.0199748 -0.215043
v 0.718591 0.0299808 -0.220241
v 0.727103 0.0399926 -0.22551
v 0.735573 0.0500003 -0.230834
v 0.744006 0.060009 -0.236226
v 0.7524 0.0700191 -0.241679
v 0.760752 0.0800255 -0.247186
v 0.769071 0.0900336 -0.252758
v 0.77717 0.100041 -0.25865
v 0.692637 -4.45792e-05 -0.205124
v 0.692856 0.00996123 -0.204776
v 0.701478 0.0199755 -0.209861
v 0.710059 0.0299847 -0.215009
v 0.718599 0.0399945 -0.220221
v 0.727104 0.0499998 -0.225499
v 0.735566 0.0600112 -0.230841
v 0.74399 0.0700186 -0.236243
v 0.752374 0.0800272 -0.241705
v 0.760726 0.0900321 -0.24723
v 0.768856 0.100041 -0.253077
v 0.684012 -4.57344e-05 -0.200044
v 0.684233 0.00996354 -0.199699
v 0.692886 0.0199708 -0.204725
v 0.701498 0.0299834 -0.209823
v 0.710069 0.0399911 -0.214984
v 0.718604 0.0499994 -0.220212
v 0.727097 0.0600084 -0.225503
v 0.735554 0.0700183 -0.23086
v 0.74397 0.0800292 -0.236278
v 0.752345 0.090036 -0.241749
v 0.760511 0.100041 -0.247554
v 0.675357 -4.69576e-05 -0.195016
v 0.675578 0.00996055 -0.194667
v 0.684262 0.0199714 -0.199643
v 0.692902 0.0299821 -0.204685
v 0.701509 0.039993 -0.209801
v 0.710071 0.049999 -0.214973
v 0.718597 0.0600108 -0.22022
v 0.727086 0.0700181 -0.225526
v 0.735533 0.0800262 -0.230892
v 0.74394 0.0900352 -0.23632
v 0.752137 0.100042 -0.24208
v 0.666673 -4.28525e-05 -0.190048
v 0.666894 0.00996281 -0.189694
v 0.675607 0.0199719 -0.194614
v 0.684281 0.0299808 -0.199604
v 0.692917 0.0399897 -0.204664
v 0.701509 0.0499988 -0.209787
v 0.710068 0.0600083 -0.214983
v 0.718581 0.0700182 -0.220235
v 0.727061 0.0800287 -0.225558
v 0.7355 0.0900347 -0.230935
v 0.743727 0.100043 -0.236651
v 0.657956 -4.40378e-05 -0.185124
v 0.658177 0.00995986 -0.184766
v 0.666923 0.0199726 -0.189637
v 0.675626 0.0299796 -0.194571
v 0.684292 0.0399918 -0.199582
v 0.692918 0.0499987 -0.204654
v 0.701502 0.060011 -0.209796
v 0.710052 0.0700185 -0.215002
v 0.71856 0.0800263 -0.22027
v 0.727032 0.0900345 -0.225603
v 0.735291 0.100045 -0.231276
v 0.649213 -4.51225e-05 -0.180256
v 0.64943 0.00996236 -0.179897
v 0.658206 0.0199734 -0.184712
v 0.666942 0.0299838 -0.189597
v 0.675635 0.0399887 -0.194545
v 0.684292 0.0499988 -0.199568
v 0.69291 0.0600088 -0.20466
v 0.70149 0.070019 -0.209818
v 0.710028 0.0800293 -0.215037
v 0.718527 0.0900347 -0.220315
v 0.72682 0.100042 -0.225941
v 0.640441 -4.60217e-05 -0.175444
v 0.640658 0.00995971 -0.175081
v 0.64946 0.019969 -0.179835
v 0.658224 0.0299829 -0.184667
v 0.66695 0.0399912 -0.189567
v 0.67564 0.0499991 -0.194539
v 0.684285 0.0600121 -0.199578
v 0.692894 0.0700198 -0.204681
v 0.701464 0.0800275 -0.20985
v 0.709998 0.0900353 -0.215084
v 0.718319 0.100045 -0.220663
v 0.631637 -4.66219e-05 -0.170684
v 0.631851 0.00996262 -0.170319
v 0.640689 0.0199702 -0.175022
v 0.649478 0.0299823 -0.179794
v 0.658239 0.0399886 -0.184642
v 0.666953 0.0499996 -0.189558
v 0.675632 0.0600104 -0.194545
v 0.684272 0.070021 -0.1996
v 0.692869 0.0800313 -0.204717
v 0.701435 0.0900363 -0.209902
v 0.709788 0.100043 -0.21543
v 0.622804 -4.6908e-05 -0.165979
v 0.623017 0.00996062 -0.16561
v 0.631879 0.0199718 -0.170255
v 0.640705 0.029982 -0.174976
v 0.649494 0.0399916 -0.179772
v 0.658238 0.0500005 -0.184632
v 0.666947 0.0600091 -0.189565
v 0.675614 0.0700225 -0.194568
v 0.684245 0.0800303 -0.199634
v 0.692838 0.0900377 -0.204767
v 0.701224 0.100047 -0.210251
v 0.613942 -4.68224e-05 -0.16133
v 0.614153 0.00995902 -0.160957
v 0.623048 0.0199684 -0.165546
v 0.631903 0.0299821 -0.170214
v 0.640718 0.0399897 -0.17495
v 0.649496 0.0500019 -0.179762
v 0.658235 0.0600082 -0.18464
v 0.666933 0.0700192 -0.189588
v 0.675591 0.0800297 -0.194603
v 0.684214 0.0900396 -0.199688
v 0.692633 0.100046 -0.205123
v 0.605049 -4.61656e-05 -0.156736
v 0.605264 0.00995796 -0.156363
v 0.614184 0.0199709 -0.160895
v 0.623066 0.0299827 -0.165503
v 0.631914 0.0399883 -0.170184
v 0.640723 0.0499984 -0.174941
v 0.649488 0.060013 -0.17977
v 0.658216 0.0700216 -0.184663
v 0.666909 0.0800296 -0.189628
v 0.675558 0.0900369 -0.194655
v 0.684007 0.100046 -0.200042
v 0.596129 -5.02111e-05 -0.152195
v 0.596339 0.00995753 -0.15182
v 0.605292 0.0199686 -0.156296
v 0.614207 0.0299785 -0.160849
v 0.623078 0.0399927 -0.165476
v 0.631914 0.0500007 -0.170174
v 0.640711 0.0600131 -0.174948
v 0.64947 0.0700194 -0.179787
v 0.658191 0.0800301 -0.1847
v 0.666872 0.09004 -0.18968
v 0.675354 0.100046 -0.195017
v 0.58718 -4.82414e-05 -0.147716
v 0.587393 0.00995782 -0.147341
v 0.59637 0.0199671 -0.151753
v 0.605311 0.0299803 -0.156249
v 0.614214 0.0399925 -0.16082
v 0.623082 0.0499984 -0.165464
v 0.631911 0.0600086 -0.170183
v 0.640696 0.070023 -0.174973
v 0.649444 0.0800313 -0.179828
v 0.658156 0.0900385 -0.184753
v 0.66667 0.100047 -0.190043
v 0.578206 -5.07552e-05 -0.143294
v 0.57841 0.00995897 -0.142912
v 0.587421 0.0199663 -0.147269
v 0.59639 0.0299776 -0.151705
v 0.605326 0.0399877 -0.156222
v 0.614218 0.050002 -0.160811
v 0.623074 0.06001 -0.165472
v 0.631892 0.0700221 -0.170207
v 0.640668 0.0800331 -0.175011
v 0.649409 0.0900429 -0.179885
v 0.657957 0.10005 -0.185125
v 0.5692 -5.23314e-05 -0.138926
v 0.569406 0.00995574 -0.138544
v 0.578444 0.0199664 -0.142844
v 0.58744 0.029981 -0.147223
v 0.596401 0.0399891 -0.151676
v 0.605325 0.0500012 -0.156211
v 0.614212 0.0600122 -0.16082
v 0.623057 0.070022 -0.165497
v 0.631866 0.0800305 -0.170247
v 0.640636 0.090043 -0.17507
v 0.649214 0.100047 -0.180256
v 0.560166 -5.2824e-05 -0.134617
v 0.560367 0.00995897 -0.134233
v 0.569435 0.0199676 -0.138473
v 0.57846 0.0299801 -0.142793
v 0.587452 0.0399914 -0.147194
v 0.596405 0.0500013 -0.15167
v 0.605316 0.06001 -0.156216
v 0.614192 0.0700227 -0.160842
v 0.62303 0.080034 -0.16554
v 0.631832 0.0900439 -0.17031
v 0.640441 0.100046 -0.175442
v 0.551108 -5.21145e-05 -0.130372
v 0.551306 0.00995805 -0.129984
v 0.560397 0.0199699 -0.134162
v 0.569453 0.0299803 -0.138423
v 0.578474 0.0399894 -0.142764
v 0.587454 0.0500024 -0.147184
v 0.596399 0.0600088 -0.151675
v 0.605303 0.0700192 -0.156243
v 0.614167 0.0800332 -0.160886
v 0.622997 0.0900405 -0.165598
v 0.631632 0.100051 -0.170681
v 0.542016 -5.00553e-05 -0.126181
v 0.542215 0.00995849 -0.125792
v 0.551337 0.0199682 -0.129911
v 0.560423 0.0299765 -0.134112
v 0.569467 0.0399886 -0.138393
v 0.578477 0.0499994 -0.142754
v 0.587449 0.0600087 -0.14719
v 0.596379 0.0700219 -0.151702
v 0.605277 0.0800335 -0.156291
v 0.614133 0.0900434 -0.160948
v 0.622799 0.100051 -0.165977
v 0.532901 -5.18507e-05 -0.122051
v 0.533098 0.00995508 -0.121657
v 0.542248 0.0199679 -0.125719
v 0.551357 0.0299792 -0.129859
v 0.560432 0.0399891 -0.134081
v 0.569465 0.0500028 -0.138381
v 0.578466 0.0600098 -0.142758
v 0.587431 0.0700206 -0.147217
v 0.596351 0.0800349 -0.151746
v 0.60524 0.0900422 -0.15635
v 0.613943 0.100048 -0.161329
v 0.523757 -5.20127e-05 -0.117979
v 0.523954 0.00995333 -0.117585
v 0.533128 0.0199692 -0.121585
v 0.542264 0.0299782 -0.125662
v 0.551367 0.039991 -0.129827
v 0.56043 0.0500024 -0.134069
v 0.569459 0.0600122 -0.13839
v 0.578449 0.0700205 -0.142786
v 0.587403 0.0800323 -0.147262
v 0.596319 0.0900422 -0.151811
v 0.605048 0.100051 -0.156735
v 0.514586 -5.03912e-05 -0.11397
v 0.514784 0.00995338 -0.113575
v 0.52398 0.0199669 -0.117507
v 0.533145 0.0299788 -0.121527
v 0.542279 0.0399892 -0.125633
v 0.551369 0.0499981 -0.129812
v 0.560426 0.0600108 -0.134078
v 0.569444 0.0700219 -0.138418
v 0.578427 0.0800311 -0.142836
v 0.587366 0.0900436 -0.147326
v 0.596128 0.10005 -0.152196
v 0.505391 -5.21818e-05 -0.110021
v 0.505583 0.00995545 -0.109624
v 0.514811 0.0199664 -0.113496
v 0.524003 0.0299758 -0.117452
v 0.533161 0.0399891 -0.121498
v 0.54228 0.0500008 -0.125621
v 0.551363 0.060011 -0.129824
v 0.560409 0.0700247 -0.134108
v 0.569418 0.0800313 -0.138465
v 0.578391 0.0900411 -0.142901
v 0.587179 0.100051 -0.147716
v 0.496169 -5.18717e-05 -0.106136
v 0.496356 0.00995425 -0.105733
v 0.50561 0.019968 -0.109544
v 0.514831 0.0299801 -0.113443
v 0.524012 0.0399908 -0.117421
v 0.533162 0.05 -0.121485
v 0.542269 0.0600129 -0.125628
v 0.551346 0.070024 -0.129855
v 0.560384 0.0800332 -0.134156
v 0.56938 0.0900455 -0.138533
v 0.578205 0.100048 -0.143292
v 0.486922 -5.46416e-05 -0.10231
v 0.487107 0.00995535 -0.101909
v 0.496388 0.0199664 -0.105656
v 0.505633 0.0299759 -0.109487
v 0.514843 0.0399892 -0.113409
v 0.524013 0.0500011 -0.117408
v 0.533152 0.0600113 -0.121492
v 0.542253 0.070025 -0.125659
v 0.551322 0.0800316 -0.129903
v 0.560346 0.0900464 -0.134225
v 0.569198 0.100052 -0.138928
v 0.477647 -5.49323e-05 -0.0985461
v 0.477832 0.0099536 -0.0981446
v 0.487134 0.0199671 -0.101825
v 0.496409 0.0299792 -0.1056
v 0.505642 0.0399898 -0.109454
v 0.514844 0.0499989 -0.113394
v 0.524008 0.0600117 -0.117419
v 0.533136 0.0700228 -0.121523
v 0.542229 0.0800318 -0.125707
v 0.551284 0.0900438 -0.129973
v 0.560164 0.100053 -0.13462
v 0.468348 -5.25302e-05 -0.0948498
v 0.468528 0.0099545 -0.0944427
v 0.477859 0.0199651 -0.0980594
v 0.487154 0.0299797 -0.101768
v 0.49642 0.0399874 -0.105563
v 0.505643 0.049999 -0.109439
v 0.514839 0.060009 -0.113405
v 0.523992 0.0700226 -0.11745
v 0.533109 0.080034 -0.121575
v 0.542192 0.0900432 -0.125778
v 0.551103 0.10005 -0.130368
v 0.459023 -5.26656e-05 -0.0912131
v 0.459202 0.00995291 -0.0908049
v 0.468559 0.0199658 -0.0943602
v 0.477878 0.0299774 -0.0980009
v 0.487166 0.0399875 -0.10173
v 0.496418 0.0500016 -0.10555
v 0.505635 0.060014 -0.109452
v 0.514816 0.0700246 -0.113434
v 0.523965 0.0800332 -0.117501
v 0.533072 0.0900447 -0.121646
v 0.542014 0.10005 -0.126177
v 0.449675 -5.52053e-05 -0.0876406
v 0.449851 0.00995439 -0.087234
v 0.459232 0.0199641 -0.0907204
v 0.468578 0.0299779 -0.0943
v 0.477891 0.0399903 -0.0979688
v 0.487168 0.0500013 -0.101721
v 0.496413 0.0600108 -0.10556
v 0.505619 0.0700237 -0.109482
v 0.514794 0.0800346 -0.11349
v 0.523928 0.0900432 -0.117573
v 0.532899 0.100052 -0.122049
v 0.440298 -5.44655e-05 -0.0841303
v 0.440472 0.00995374 -0.0837224
v 0.44988 0.0199655 -0.0871474
v 0.45925 0.029976 -0.0906585
v 0.468585 0.0399907 -0.0942618
v 0.477891 0.0499985 -0.0979508
v 0.487161 0.0600103 -0.10173
v 0.496393 0.0700255 -0.105593
v 0.505596 0.0800333 -0.109538
v 0.514756 0.0900441 -0.113562
v 0.523759 0.10005 -0.11798
v 0.430902 -5.56402e-05 -0.0806887
v 0.431075 0.00995117 -0.0802794
v 0.4405 0.0199649 -0.0836335
v 0.449897 0.0299774 -0.0870835
v 0.459261 0.0399887 -0.0906234
v 0.468588 0.0499987 -0.0942473
v 0.477885 0.0600125 -0.097966
v 0.487141 0.0700246 -0.101762
v 0.49637 0.0800346 -0.105648
v 0.505555 0.0900476 -0.109613
v 0.514586 0.100052 -0.113969
v 0.421481 -5.31417e-05 -0.0773139
v 0.421647 0.00995233 -0.0768983
v 0.431099 0.0199678 -0.0801909
v 0.440521 0.0299768 -0.0835723
v 0.449907 0.03999 -0.0870466
v 0.459261 0.050002 -0.0906101
v 0.468582 0.0600126 -0.0942615
v 0.477867 0.0700214 -0.0979951
v 0.487117 0.0800335 -0.101817
v 0.496336 0.0900432 -0.105725
v 0.505392 0.100051 -0.110021
v 0.412035 -5.21494e-05 -0.074003
v 0.412199 0.00995198 -0.0735858
v 0.421677 0.0199637 -0.0768092
v 0.431121 0.0299744 -0.0801247
v 0.440529 0.0399895 -0.0835336
v 0.449912 0.049998 -0.0870339
v 0.459256 0.0600105 -0.0906205
v 0.468567 0.0700213 -0.0942943
v 0.477839 0.0800354 -0.0980526
v 0.487079 0.0900471 -0.101896
v 0.496169 0.100052 -0.106135
v 0.402565 -5.24661e-05 -0.070756
v 0.402729 0.00995583 -0.0703444
v 0.412227 0.0199635 -0.073494
v 0.421694 0.0299758 -0.0767435
v 0.431132 0.0399872 -0.0800887
v 0.440533 0.0499975 -0.0835191
v 0.449904 0.0600118 -0.0870456
v 0.459237 0.0700245 -0.0906551
v 0.468538 0.0800351 -0.0943512
v 0.477807 0.0900435 -0.0981331
v 0.486918 0.100052 -0.102307
v 0.393076 -5.3864e-05 -0.0675775
v 0.393237 0.00995314 -0.0671641
v 0.402755 0.0199677 -0.0702498
v 0.412247 0.029976 -0.0734305
v 0.421703 0.0399889 -0.0767054
v 0.431132 0.0500007 -0.0800752
v 0.440527 0.0600114 -0.0835341
v 0.449883 0.0700258 -0.0870791
v 0.459214 0.080033 -0.0907131
v 0.468502 0.0900484 -0.094434
v 0.477642 0.100055 -0.0985453
v 0.383566 -5.61141e-05 -0.0644675
v 0.383717 0.00995514 -0.0640501
v 0.393265 0.0199653 -0.0670713
v 0.402775 0.0299749 -0.070181
v 0.412259 0.0399892 -0.0733948
v 0.421705 0.0500026 -0.0766946
v 0.431127 0.0600095 -0.080086
v 0.44051 0.0700256 -0.0835711
v 0.449858 0.0800344 -0.0871363
v 0.459176 0.0900463 -0.0907954
v 0.468343 0.100055 -0.0948468
v 0.374028 -5.34288e-05 -0.0614239
v 0.374183 0.00995108 -0.0610064
v 0.383749 0.0199622 -0.0639561
v 0.39328 0.0299785 -0.0670023
v 0.402785 0.0399886 -0.0701429
v 0.412262 0.0499979 -0.0733793
v 0.421698 0.0600116 -0.0767037
v 0.431107 0.0700239 -0.0801215
v 0.440483 0.0800343 -0.0836272
v 0.449824 0.0900478 -0.0872225
v 0.45902 0.100055 -0.0912113
v 0.364477 -5.66504e-05 -0.0584509
v 0.364625 0.00995215 -0.0580339
v 0.37421 0.0199642 -0.060912
v 0.383767 0.0299759 -0.0638891
v 0.39329 0.0399871 -0.066959
v 0.40279 0.0499976 -0.0701299
v 0.41225 0.0600127 -0.0733892
v 0.421684 0.0700209 -0.0767397
v 0.431083 0.0800328 -0.0801812
v 0.440446 0.0900479 -0.0837127
v 0.449673 0.100052 -0.0876387
v 0.354896 -5.44506e-05 -0.0555443
v 0.355041 0.00995321 -0.0551248
v 0.364649 0.0199658 -0.057936
v 0.374224 0.0299783 -0.0608418
v 0.383776 0.0399905 -0.0638505
v 0.393294 0.050002 -0.0669511
v 0.40278 0.0600128 -0.0701425
v 0.412237 0.0700224 -0.0734282
v 0.421659 0.0800356 -0.0768054
v 0.431048 0.0900467 -0.0802703
v 0.440298 0.100054 -0.0841316
v 0.345299 -5.20619e-05 -0.0527109
v 0.34544 0.00995445 -0.0522888
v 0.355069 0.019962 -0.0550254
v 0.364668 0.0299751 -0.0578646
v 0.374238 0.039988 -0.0608024
v 0.383775 0.0500005 -0.0638326
v 0.393284 0.0600123 -0.0669587
v 0.402765 0.070023 -0.0701797
v 0.41221 0.0800375 -0.0734924
v 0.421625 0.0900445 -0.0768907
v 0.430903 0.100054 -0.0806918
v 0.335678 -5.48136e-05 -0.0499384
v 0.335819 0.00995059 -0.0495183
v 0.345464 0.0199639 -0.0521857
v 0.355086 0.0299775 -0.0549582
v 0.364678 0.0399855 -0.0578222
v 0.374239 0.0499988 -0.0607865
v 0.383771 0.0600115 -0.0638473
v 0.393271 0.0700231 -0.0669987
v 0.402742 0.0800333 -0.0702443
v 0.412178 0.0900468 -0.0735812
v 0.421482 0.100054 -0.0773147
v 0.326044 -5.68894e-05 -0.0472439
v 0.326177 0.00995299 -0.0468237
v 0.335842 0.0199664 -0.0494189
v 0.345485 0.0299746 -0.052117
v 0.355093 0.0399886 -0.0549125
v 0.364677 0.0500024 -0.057811
v 0.374232 0.0600104 -0.0607988
v 0.383755 0.0700229 -0.0638851
v 0.393245 0.080034 -0.0670615
v 0.402704 0.0900486 -0.0703343
v 0.412035 0.100053 -0.0740002
v 0.316381 -5.24301e-05 -0.0446157
v 0.316516 0.00995086 -0.0441946
v 0.326204 0.0199641 -0.0467223
v 0.335859 0.0299779 -0.0493465
v 0.345493 0.0399866 -0.0520728
v 0.355096 0.0500008 -0.0549004
v 0.36467 0.0600094 -0.0578179
v 0.374217 0.0700226 -0.0608391
v 0.383731 0.0800345 -0.0639508
v 0.393212 0.0900446 -0.067152
v 0.402564 0.100057 -0.0707555
v 0.306706 -5.22687e-05 -0.0420629
v 0.306836 0.00994999 -0.0416386
v 0.316543 0.0199629 -0.0440937
v 0.326216 0.0299766 -0.046646
v 0.33587 0.0399853 -0.0493008
v 0.345492 0.0499998 -0.0520574
v 0.355087 0.0600141 -0.054912
v 0.364656 0.0700224 -0.0578604
v 0.374194 0.0800349 -0.0609073
v 0.383698 0.0900458 -0.0640442
v 0.393077 0.100055 -0.0675798
v 0.297011 -5.61907e-05 -0.0395758
v 0.297137 0.00995069 -0.0391558
v 0.306858 0.019963 -0.0415334
v 0.316556 0.0299763 -0.0440183
v 0.326225 0.0399904 -0.0466041
v 0.33587 0.0499994 -0.0492869
v 0.345488 0.060014 -0.0520755
v 0.355076 0.0700226 -0.0549539
v 0.364634 0.0800357 -0.0579311
v 0.374157 0.0900472 -0.0609989
v 0.383564 0.100053 -0.0644664
v 0.287295 -5.26807e-05 -0.0371648
v 0.28742 0.00995326 -0.0367462
v 0.297159 0.0199648 -0.0390508
v 0.306876 0.0299775 -0.0414633
v 0.316567 0.0399857 -0.0439746
v 0.326228 0.0500001 -0.0465888
v 0.335864 0.0600092 -0.0492992
v 0.345474 0.0700235 -0.0521147
v 0.35505 0.0800369 -0.0550222
v 0.364598 0.0900488 -0.0580253
v 0.374032 0.100052 -0.0614248
v 0.277563 -5.26581e-05 -0.0348244
v 0.277681 0.00995236 -0.0344021
v 0.28744 0.0199629 -0.0366337
v 0.297175 0.0299749 -0.0389736
v 0.306883 0.039988 -0.0414157
v 0.316563 0.0500021 -0.0439584
v 0.326223 0.060011 -0.0466026
v 0.335847 0.0700253 -0.0493429
v 0.345451 0.0800334 -0.0521825
v 0.355018 0.0900457 -0.0551162
v 0.364474 0.100056 -0.0584528
v 0.26782 -5.58133e-05 -0.0325595
v 0.267928 0.00995398 -0.0321362
v 0.277705 0.0199632 -0.0342944
v 0.28746 0.0299742 -0.0365616
v 0.297182 0.0399866 -0.0389266
v 0.306886 0.0500001 -0.0414025
v 0.31656 0.0600087 -0.0439707
v 0.326209 0.0700229 -0.0466452
v 0.335824 0.0800365 -0.0494126
v 0.345416 0.0900489 -0.0522815
v 0.354895 0.100056 -0.055545
v 0.258053 -5.62712e-05 -0.0303633
v 0.258163 0.00995269 -0.0299457
v 0.267951 0.0199661 -0.0320283
v 0.27772 0.0299758 -0.0342177
v 0.287466 0.0399872 -0.0365151
v 0.297184 0.05 -0.0389142
v 0.306875 0.0600135 -0.0414139
v 0.316546 0.0700218 -0.0440148
v 0.326186 0.0800353 -0.0467167
v 0.335798 0.0900477 -0.0495159
v 0.345297 0.100056 -0.0527087
v 0.24827 -5.36542e-05 -0.0282455
v 0.248373 0.00995453 -0.0278238
v 0.25818 0.0199661 -0.0298326
v 0.267968 0.0299744 -0.0319487
v 0.27773 0.0399902 -0.0341762
v 0.287463 0.050002 -0.0364985
v 0.297181 0.0600093 -0.0389286
v 0.306864 0.0700226 -0.0414566
v 0.316523 0.0800356 -0.044088
v 0.326154 0.0900479 -0.0468172
v 0.335682 0.100053 -0.0499414
v 0.238472 -5.3288e-05 -0.0261985
v 0.238572 0.00995412 -0.0257774
v 0.248397 0.0199637 -0.0277121
v 0.258195 0.0299759 -0.0297527
v 0.267972 0.0399903 -0.0319026
v 0.277729 0.0500009 -0.0341573
v 0.287459 0.0600128 -0.0365137
v 0.297161 0.0700253 -0.0389704
v 0.306843 0.0800324 -0.0415286
v 0.316494 0.0900442 -0.0441877
v 0.32604 0.100056 -0.0472436
v 0.228661 -5.49139e-05 -0.0242274
v 0.228757 0.00995176 -0.0238067
v 0.238593 0.0199648 -0.025665
v 0.248411 0.029975 -0.0276319
v 0.258206 0.0399878 -0.0297086
v 0.267977 0.049997 -0.031886
v 0.277724 0.0600133 -0.0341732
v 0.287446 0.0700249 -0.0365585
v 0.297144 0.0800367 -0.0390485
v 0.30681 0.0900479 -0.0416326
v 0.316384 0.100056 -0.0446194
v 0.21883 -5.2511e-05 -0.0223301
v 0.218927 0.00995347 -0.0219145
v 0.228777 0.019964 -0.0236934
v 0.238605 0.0299777 -0.0255843
v 0.248419 0.0399885 -0.0275876
v 0.258207 0.0500017 -0.029695
v 0.267971 0.060011 -0.0319024
v 0.277712 0.0700215 -0.0342161
v 0.287426 0.0800324 -0.0366302
v 0.297114 0.0900484 -0.0391513
v 0.306706 0.100052 -0.0420594
v 0.208992 -5.14319e-05 -0.0205137
v 0.20908 0.00995392 -0.0200933
v 0.218948 0.0199617 -0.0217974
v 0.228792 0.0299786 -0.0236168
v 0.238615 0.0399872 -0.0255368
v 0.248422 0.0499985 -0.0275712
v 0.258202 0.0600119 -0.0297089
v 0.267958 0.070021 -0.0319459
v 0.277689 0.0800363 -0.0342915
v 0.287399 0.0900459 -0.0367391
v 0.29701 0.100056 -0.0395784
v 0.199136 -5.13194e-05 -0.0187685
v 0.19922 0.00995339 -0.0183481
v 0.209098 0.0199637 -0.019975
v 0.218955 0.029978 -0.021715
v 0.228794 0.0399899 -0.0235639
v 0.238615 0.0499991 -0.0255201
v 0.248415 0.0600106 -0.0275851
v 0.258187 0.0700237 -0.0297528
v 0.26794 0.0800322 -0.0320242
v 0.277663 0.0900462 -0.0343988
v 0.287298 0.100052 -0.0371636
v 0.189263 -5.18746e-05 -0.0170946
v 0.189347 0.00995219 -0.0166789
v 0.19924 0.0199649 -0.0182333
v 0.209111 0.0299762 -0.0198936
v 0.218968 0.0399855 -0.0216683
v 0.2288 0.049998 -0.0235489
v 0.238611 0.060013 -0.0255389
v 0.248398 0.0700244 -0.0276294
v 0.258168 0.0800368 -0.0298317
v 0.267913 0.090044 -0.0321325
v 0.277566 0.100056 -0.034828
v 0.179382 -5.27655e-05 -0.015502
v 0.179461 0.00995075 -0.0150859
v 0.189364 0.0199656 -0.0165625
v 0.199252 0.0299735 -0.0181478
v 0.209121 0.0399856 -0.019846
v 0.218964 0.0500012 -0.0216506
v 0.228796 0.0600084 -0.0235646
v 0.2386 0.0700233 -0.0255853
v 0.248385 0.080034 -0.0277108
v 0.258141 0.0900452 -0.029938
v 0.267819 0.100052 -0.0325587
v 0.169489 -5.36267e-05 -0.0139859
v 0.169564 0.00995508 -0.0135772
v 0.179479 0.0199659 -0.0149728
v 0.189378 0.0299761 -0.0164806
v 0.19926 0.039985 -0.0180991
v 0.209121 0.0499978 -0.0198296
v 0.21896 0.0600081 -0.0216631
v 0.228783 0.0700208 -0.0236109
v 0.238579 0.0800351 -0.0256621
v 0.248356 0.0900446 -0.0278177
v 0.258054 0.100052 -0.0303659
v 0.159588 -5.4059e-05 -0.0125514
v 0.159652 0.00995402 -0.012137
v 0.169577 0.0199664 -0.0134543
v 0.17949 0.0299784 -0.0148893
v 0.189382 0.0399896 -0.0164307
v 0.199257 0.0499993 -0.0180818
v 0.209112 0.0600125 -0.0198443
v 0.218949 0.0700228 -0.021714
v 0.228765 0.0800349 -0.0236926
v 0.238553 0.090048 -0.0257742
v 0.248268 0.100055 -0.0282449
v 0.149669 -5.37825e-05 -0.0111887
v 0.149732 0.00995377 -0.0107785
v 0.15967 0.0199672 -0.0120221
v 0.169591 0.0299752 -0.0133712
v 0.179493 0.0399884 -0.0148351
v 0.189384 0.0500005 -0.0164143
v 0.199253 0.0600107 -0.0180978
v 0.209101 0.0700239 -0.0198919
v 0.218931 0.0800336 -0.0217929
v 0.228739 0.0900446 -0.0238023
v 0.238474 0.100052 -0.0262
v 0.139743 -5.23299e-05 -0.00990789
v 0.139803 0.00995457 -0.00950184
v 0.149748 0.0199631 -0.0106586
v 0.159681 0.0299781 -0.0119371
v 0.169595 0.0399874 -0.0133203
v 0.179499 0.0499959 -0.0148195
v 0.189379 0.0600086 -0.0164264
v 0.199243 0.0700245 -0.0181496
v 0.209087 0.0800316 -0.0199725
v 0.218907 0.0900458 -0.0219073
v 0.228659 0.100053 -0.024227
v 0.129807 -5.51961e-05 -0.00870124
v 0.129865 0.00995107 -0.00829922
v 0.139815 0.0199658 -0.00937964
v 0.149759 0.0299761 -0.0105765
v 0.159684 0.0399869 -0.0118816
v 0.169598 0.0499973 -0.0133032
v 0.179493 0.0600121 -0.0148382
v 0.189368 0.0700193 -0.0164746
v 0.199226 0.0800348 -0.0182297
v 0.209065 0.0900464 -0.0200917
v 0.218833 0.100053 -0.0223329
v 0.11986 -5.03578e-05 -0.00757975
v 0.11991 0.00995513 -0.00717668
v 0.129876 0.0199642 -0.00817963
v 0.139824 0.0299752 -0.0092925
v 0.149763 0.0399872 -0.010524
v 0.159686 0.0499992 -0.0118678
v 0.16959 0.0600104 -0.0133177
v 0.179481 0.0700199 -0.0148825
v 0.189353 0.0800323 -0.0165589
v 0.199203 0.0900467 -0.0183457
v 0.208992 0.100053 -0.0205131
v 0.109907 -5.48731e-05 -0.00652979
v 0.109955 0.00995561 -0.00613861
v 0.119923 0.0199644 -0.0070567
v 0.129885 0.0299757 -0.00809517
v 0.139827 0.0399887 -0.00924278
v 0.149764 0.0499964 -0.0105055
v 0.159682 0.0600094 -0.0118827
v 0.169585 0.070021 -0.0133705
v 0.17947 0.0800301 -0.0149679
v 0.189334 0.0900415 -0.0166764
v 0.199137 0.100052 -0.0187676
v 0.0999431 -5.07851e-05 -0.00556527
v 0.099985 0.00995275 -0.00517015
v 0.109962 0.0199666 -0.00601611
v 0.119931 0.029978 -0.00697486
v 0.129891 0.0399858 -0.00804533
v 0.139829 0.0500004 -0.00922719
v 0.14976 0.0600093 -0.0105236
v 0.159673 0.0700228 -0.0119341
v 0.169569 0.0800341 -0.0134548
v 0.179447 0.0900422 -0.0150846
v 0.189266 0.100052 -0.0170965
v 0.0899728 -5.53484e-05 -0.00467262
v 0.090012 0.00995285 -0.00428948
v 0.0999953 0.0199654 -0.00505515
v 0.109972 0.0299765 -0.00593383
v 0.119935 0.0399847 -0.00691968
v 0.129887 0.0500004 -0.00802744
v 0.139828 0.0600106 -0.00924541
v 0.149754 0.07002 -0.0105753
v 0.159661 0.0800333 -0.0120191
v 0.16955 0.0900436 -0.0135726
v 0.179384 0.100052 -0.0155048
v 0.0799958 -5.61157e-05 -0.00386266
v 0.0800309 0.00995613 -0.00349194
v 0.0900196 0.0199668 -0.00417712
v 0.100003 0.0299772 -0.00497543
v 0.109974 0.0399856 -0.00588121
v 0.119939 0.0499962 -0.00690653
v 0.129884 0.0600077 -0.00804065
v 0.13982 0.0700187 -0.0092924
v 0.149738 0.0800338 -0.0106587
v 0.159638 0.0900461 -0.0121356
v 0.169491 0.100048 -0.0139849
v 0.0700118 -5.29353e-05 -0.00313582
v 0.0700432 0.0099516 -0.00276646
v 0.0800384 0.0199656 -0.00337916
v 0.0900282 0.0299748 -0.00409683
v 0.100004 0.0399888 -0.00492502
v 0.109972 0.05 -0.0058654
v 0.119936 0.0600067 -0.00692224
v 0.129877 0.0700191 -0.00809038
v 0.139807 0.0800301 -0.00937601
v 0.149723 0.0900443 -0.0107808
v 0.159584 0.10005 -0.0125475
v 0.0600196 -5.06803e-05 -0.00248375
v 0.0600445 0.00995674 -0.00212759
v 0.0700511 0.0199615 -0.00266193
v 0.0800438 0.029975 -0.00330159
v 0.0900274 0.0399886 -0.00404887
v 0.100004 0.0500002 -0.0049087
v 0.109972 0.0600079 -0.00588056
v 0.119928 0.0700216 -0.00697454
v 0.129864 0.0800341 -0.00817682
v 0.139793 0.0900443 -0.0095013
v 0.149669 0.100048 -0.0111871
v 0.0500267 -5.54031e-05 -0.00190924
v 0.05005 0.00995508 -0.00157122
v 0.0600526 0.0199672 -0.0020311
v 0.0700553 0.0299784 -0.00259477
v 0.0800489 0.0399855 -0.00325782
v 0.090029 0.0499973 -0.00403161
v 0.100003 0.0600116 -0.00492589
v 0.109967 0.0700206 -0.00593228
v 0.119913 0.0800346 -0.00705567
v 0.12985 0.0900406 -0.00829437
v 0.139744 0.100048 -0.00990662
v 0.0400294 -5.35811e-05 -0.00141731
v 0.0400472 0.00995761 -0.00109935
v 0.0500556 0.0199644 -0.00148407
v 0.0600623 0.0299728 -0.00196649
v 0.0700597 0.0399848 -0.00255069
v 0.0800484 0.0499969 -0.0032427
v 0.0900269 0.060012 -0.00405078
v 0.0999956 0.0700223 -0.00497174
v 0.109955 0.0800319 -0.00601281
v 0.119899 0.0900451 -0.00717583
v 0.129804 0.100051 -0.00870135
v 0.0300233 -5.22545e-05 -0.00100138
v 0.0300368 0.00996066 -0.000702573
v 0.0400508 0.0199665 -0.00102089
v 0.0500573 0.0299769 -0.00142515
v 0.0600607 0.0399874 -0.00192735
v 0.0700575 0.0499995 -0.00253714
v 0.0800434 0.0600097 -0.0032554
v 0.090022 0.0700212 -0.0040953
v 0.0999912 0.0800321 -0.00505624
v 0.109944 0.090041 -0.00613233
v 0.119861 0.10005 -0.00757837
v 0.0200144 -4.26736e-05 -0.000667775
v 0.0200298 0.0099614 -0.000399315
v 0.0300435 0.0199657 -0.000645886
v 0.040054 0.0299777 -0.000976824
v 0.0500631 0.0399864 -0.00139645
v 0.0600633 0.0499987 -0.00191807
v 0.0700538 0.06001 -0.0025485
v 0.0800379 0.070023 -0.00330136
v 0.0900154 0.0800296 -0.00417349
v 0.0999788 0.0900399 -0.00516984
v 0.109906 0.100047 -0.00652807
v 0.0100072 -4.12465e-05 -0.000420106
v 0.0100204 0.00997571 -0.000187671
v 0.0200364 0.0199768 -0.000368352
v 0.0300496 0.0299769 -0.000615423
v 0.040055 0.0399889 -0.000950382
v 0.0500661 0.0499952 -0.00138554
v 0.0600615 0.0600077 -0.00192729
v 0.0700511 0.0700224 -0.00259226
v 0.0800344 0.0800307 -0.0033776
v 0.0900034 0.0900425 -0.00428848
v 0.0999457 0.100047 -0.0055632
v 4.71259e-06 -2.04964e-05 -0.000278372
v 4.20601e-06 0.0100018 -0.000204135
v 0.0100182 0.019983 -0.000176795
v 0.0200346 0.0299842 -0.000349502
v 0.0300473 0.0399877 -0.000598214
v 0.0400583 0.0499996 -0.000946913
v 0.0500622 0.060008 -0.0013959
v 0.0600562 0.0700191 -0.00196372
v 0.0700459 0.0800295 -0.00266121
v 0.0800208 0.0900431 -0.0034857
v 0.0899707 0.100051 -0.00467412
v 5.28148e-06 0.0200023 -0.000204051
v 0.0100211 0.0299844 -0.000168628
v 0.0200391 0.0399903 -0.000342015
v 0.0300498 0.0499956 -0.000593065
v 0.0400592 0.0600056 -0.000951501
v 0.0500553 0.0700194 -0.00142397
v 0.060052 0.0800324 -0.00203244
v 0.0700361 0.0900422 -0.00276664
v 0.0799969 0.100048 -0.00386504
v 4.79195e-06 0.030004 -0.000203616
v 0.0100226 0.0399909 -0.000169359
v 0.0200356 0.05 -0.000339109
v 0.0300479 0.0600054 -0.000598436
v 0.0400551 0.0700169 -0.0009762
v 0.0500501 0.0800333 -0.00148401
v 0.0600444 0.09004 -0.00212671
v 0.0700136 0.10005 -0.00313704
v 2.88005e-06 0.0400068 -0.000202753
v 0.0100227 0.0499978 -0.00016958
v 0.0200378 0.0600029 -0.000338424
v 0.030048 0.0700177 -0.000618588
v 0.0400482 0.0800268 -0.00101845
v 0.050043 0.0900427 -0.00156893
v 0.0600192 0.100051 -0.00248216
v 2.64586e-06 0.0500042 -0.000198428
v 0.0100208 0.0600043 -0.000169663
v 0.020035 0.0700152 -0.000349779
v 0.0300445 0.080024 -0.000647546
v 0.0400422 0.0900387 -0.00109315
v 0.0500265 0.100046 -0.00190793
v 3.55819e-06 0.0600081 -0.000201533
v 0.0100229 0.0700106 -0.000174181
v 0.0200366 0.0800191 -0.000364055
v 0.0300393 0.090034 -0.000702659
v 0.0400254 0.100048 -0.00141504
v 5.5068e-06 0.100011 -0.000199747
v 4.33294e-06 0.0900139 -0.000203104
v 0.0100065 0.100035 -0.000421027
v 5.71625e-06 0.0800103 -0.000202485
v 0.0100207 0.0900193 -0.000182899
v 0.0200158 0.10004 -0.000666337
v 6.47233e-06 0.0700063 -0.000200962
v 0.0100178 0.0800158 -0.000173508
v 0.0200249 0.0900338 -0.000396512
v 0.0300261 0.100043 -0.00100345
v 0.898072 -2.68434e-05 -0.347554
v 0.898273 0.00998087 -0.347292
v 0.906099 0.0199838 -0.35353
v 0.913845 0.0199875 -0.359867
v 0.905875 -2.1295e-05 -0.353821
v 0.906079 0.00997867 -0.353558
v 0.913823 0.00998324 -0.359895
v 0.913645 -2.03251e-05 -0.360121
v -0.0112849 0.0142557 -0.109369
v -0.0213821 0.0142557 -0.109369
v -0.0213821 -0.00825166 -0.109369
v -0.0112849 -0.00825166 -0.109369
v -0.020858 -0.00703491 -0.109369
v -0.0200719 -0.00703491 -0.109369
v -0.0200719 -0.00581849 -0.109369
v -0.020858 -0.00581849 -0.109369
v -0.020858 -0.00581849 -0.109369
v -0.0200719 -0.00581849 -0.109369
v -0.0200719 -0.00460174 -0.109369
v -0.020858 -0.00460174 -0.109369
v -0.020858 -0.00460174 -0.109369
v -0.0200719 -0.00460174 -0.109369
v -0.0200719 -0.00338532 -0.109369
v -0.020858 -0.00338532 -0.109369
v -0.020858 -0.00338532 -0.109369
v -0.0200719 -0.00338532 -0.109369
v -0.0200719 -0.00216858 -0.109369
v -0.020858 -0.00216858 -0.109369
v -0.020858 -0.00216858 -0.109369
v -0.0200719 -0.00216858 -0.109369
v -0.0200719 -0.000951836 -0.109369
v -0.020858 -0.000951836 -0.109369
v -0.020858 -0.000951836 -0.109369
v -0.0200719 -0.000951836 -0.109369
v -0.0200719 0.000264591 -0.109369
v -0.020858 0.000264591 -0.109369
v -0.020858 0.000264591 -0.109369
v -0.0200719 0.000264591 -0.109369
v -0.0200719 0.00148133 -0.109369
v -0.020858 0.00148133 -0.109369
v -0.020858 0.00148133 -0.109369
v -0.0200719 0.00148133 -0.109369
v -0.0200719 0.00269776 -0.109369
v -0.020858 0.00269776 -0.109369
v -0.020858 0.00269776 -0.109369
v -0.0200719 0.00269776 -0.109369
v -0.0200719 0.0039145 -0.109369
v -0.020858 0.0039145 -0.109369
v -0.020858 0.0039145 -0.109369
v -0.0200719 0.0039145 -0.109369
v -0.0200719 0.00513093 -0.109369
v -0.020858 0.00513093 -0.109369
v -0.020858 0.00513093 -0.109369
v -0.0200719 0.00513093 -0.109369
v -0.0200719 0.00634767 -0.109369
v -0.020858 0.00634767 -0.109369
v -0.020858 0.00634767 -0.109369
v -0.0200719 0.00634767 -0.109369
v -0.0200719 0.00756441 -0.109369
v -0.020858 0.00756441 -0.109369
v -0.020858 -0.00703491 -0.109369
v -0.0198098 -0.00703491 -0.109369
v -0.020858 -0.00581849 -0.109369
v -0.0198098 -0.00581849 -0.109369
v -0.020858 -0.00460174 -0.109369
v -0.0198098 -0.00460174 -0.109369
v -0.020858 -0.00338532 -0.109369
v -0.0198098 -0.00338532 -0.109369
v -0.020858 -0.00216858 -0.109369
v -0.0198098 -0.00216858 -0.109369
v -0.020858 -0.000951836 -0.109369
v -0.0198098 -0.000951836 -0.109369
v -0.020858 0.000264591 -0.109369
v -0.0198098 0.000264591 -0.109369
v -0.020858 0.00148133 -0.109369
v -0.0198098 0.00148133 -0.109369
v -0.020858 0.00269776 -0.109369
v -0.0198098 0.00269776 -0.109369
v -0.020858 0.0039145 -0.109369
v -0.0198098 0.0039145 -0.109369
v -0.020858 0.00513093 -0.109369
v -0.0198098 0.00513093 -0.109369
v -0.020858 0.00634767 -0.109369
v -0.0198098 0.00634767 -0.109369
v -0.020858 0.00756441 -0.109369
v -0.0198098 0.00756441 -0.109369
v -0.0200719 0.00756441 -0.109369
v -0.0200719 -0.00703491 -0.109369

#List of body polygons
f 1 2 3
f 11 1 3
f 11 12 1
f 11 13 12
f 1 21 2
f 1446 1447 1445
f 1446 1448 1447
f 1446 1449 1448
f 1449 1456 1455
f 1449 1446 1456
f 1447 1458 1459
f 1458 1447 1448

#List of body polygons
f 2 4 3
f 2 5 4
f 10 3 4
f 10 11 3
f 21 5 2
f 21 22 5
f 1449 1450 1448
f 1449 1451 1450
f 1451 1455 1454
f 1451 1449 1455
f 1458 1460 1459
f 1458 1461 1460
f 1461 1448 1450
f 1461 1458 1448

#List of body polygons
f 5 6 4
f 5 7 6
f 5 8 7
f 6 10 4
f 22 8 5
f 22 23 8
f 280 6 7
f 1236 1237 1238
f 1236 1246 1237
f 1451 1452 1450
f 1451 1453 1452
f 1453 1236 1238
f 1453 1454 1236
f 1453 1451 1454
f 1461 1462 1460
f 1461 1463 1462
f 1463 1450 1452
f 1463 1461 1450

#List of body polygons
f 8 9 7
f 9 17 18
f 23 9 8
f 23 17 9
f 23 24 17
f 275 9 274
f 279 9 275
f 279 7 9
f 279 280 7
f 274 9 18
f 1237 1239 1238
f 1237 1240 1239
f 1237 1241 1240
f 1246 1241 1237
f 1246 1247 1241
f 1239 1251 1252
f 1239 1240 1251
f 1453 1239 1452
f 1239 1453 1238
f 1463 1464 1462
f 1463 1465 1464
f 1465 1239 1252
f 1465 1452 1239
f 1465 1463 1452

#List of body polygons
f 13 14 12
f 13 15 14
f 1443 1445 1444
f 1443 1446 1445
f 1446 1457 1456
f 1446 1443 1457

#List of body polygons
f 15 16 14
f 1442 1443 1444
f 1443 1442 1457

#List of body polygons
f 17 19 18
f 17 20 19
f 24 20 17
f 19 25 26
f 25 20 29
f 25 19 20
f 273 274 272
f 273 275 274
f 278 275 273
f 278 279 275
f 285 19 284
f 272 19 285
f 272 18 19
f 272 274 18
f 19 26 284
f 1241 1242 1240
f 1241 1243 1242
f 1247 1243 1241
f 1247 1248 1243
f 1251 1253 1252
f 1251 1254 1253
f 1251 1255 1254
f 1240 1255 1251
f 1240 1242 1255
f 1253 1256 1257
f 1253 1254 1256
f 1465 1466 1464
f 1465 1253 1466
f 1253 1465 1252
f 1466 1467 1468
f 1467 1253 1257
f 1467 1466 1253

#List of body polygons
f 25 27 26
f 25 28 27
f 28 25 29
f 31 27 32
f 31 33 27
f 32 28 34
f 32 27 28
f 33 35 36
f 33 31 35
f 271 272 270
f 271 273 272
f 277 273 271
f 277 278 273
f 281 283 282
f 281 284 283
f 281 285 284
f 270 285 281
f 270 272 285
f 27 286 283
f 26 283 284
f 26 27 283
f 288 33 289
f 288 286 33
f 33 286 27
f 33 36 289
f 478 283 477
f 283 478 282
f 483 286 482
f 477 286 483
f 477 283 286
f 286 288 482
f 1106 1107 1105
f 1108 1107 1109
f 1108 1110 1107
f 1107 1106 1109
f 1110 1111 1112
f 1110 1108 1111
f 1243 1244 1242
f 1243 1245 1244
f 1248 1245 1243
f 1248 1249 1245
f 1255 1107 1254
f 1242 1107 1255
f 1242 1105 1107
f 1242 1244 1105
f 1256 1258 1257
f 1256 1110 1258
f 1254 1110 1256
f 1254 1107 1110
f 1259 1258 1260
f 1259 1261 1258
f 1260 1110 1112
f 1260 1258 1110
f 1261 1262 1263
f 1261 1259 1262
f 1467 1469 1468
f 1467 1258 1469
f 1258 1467 1257
f 1471 1261 1472
f 1471 1469 1261
f 1261 1469 1258
f 1261 1263 1472

#List of body polygons
f 30 31 32
f 30 32 34
f 35 37 36
f 35 38 37
f 31 38 35
f 31 30 38
f 39 40 37
f 39 37 38
f 40 41 42
f 41 39 45
f 41 40 39
f 267 269 268
f 267 270 269
f 267 271 270
f 276 271 267
f 276 277 271
f 269 281 282
f 269 270 281
f 287 288 289
f 37 290 287
f 36 287 289
f 36 37 287
f 292 40 293
f 292 290 40
f 40 290 37
f 40 42 293
f 469 269 468
f 269 469 268
f 476 477 475
f 476 478 477
f 478 269 282
f 478 468 269
f 478 476 468
f 479 481 480
f 479 482 481
f 479 483 482
f 475 483 479
f 475 477 483
f 287 484 481
f 288 481 482
f 288 287 481
f 290 485 484
f 290 484 287
f 485 486 487
f 486 290 292
f 486 485 290
f 481 610 611
f 481 611 480
f 613 615 614
f 613 484 615
f 610 484 613
f 610 481 484
f 617 485 618
f 617 615 485
f 485 615 484
f 485 487 618
f 615 740 741
f 615 741 614
f 615 617 740
f 855 856 857
f 855 858 859
f 855 857 858
f 973 974 975
f 855 976 973
f 856 973 975
f 856 855 973
f 977 976 978
f 977 979 976
f 978 855 859
f 978 976 855
f 979 980 981
f 979 977 980
f 1099 1100 1098
f 1103 1100 1104
f 1103 1105 1100
f 1103 1106 1105
f 1100 1099 1104
f 973 1108 1109
f 1106 973 1109
f 1106 974 973
f 1106 1103 974
f 1111 1113 1112
f 1111 976 1113
f 1108 976 1111
f 1108 973 976
f 979 1114 1113
f 979 1113 976
f 1114 1115 1116
f 1115 979 981
f 1115 1114 979
f 1245 1100 1244
f 1249 1100 1245
f 1249 1098 1100
f 1249 1250 1098
f 1244 1100 1105
f 1113 1259 1260
f 1113 1260 1112
f 1262 1264 1263
f 1262 1114 1264
f 1259 1114 1262
f 1259 1113 1114
f 1265 1264 1266
f 1265 1267 1264
f 1266 1114 1116
f 1266 1264 1114
f 1267 1268 1269
f 1267 1265 1268
f 1470 1471 1472
f 1264 1473 1470
f 1263 1470 1472
f 1263 1264 1470
f 1267 1474 1473
f 1267 1473 1264
f 1474 1475 1476
f 1475 1267 1269
f 1475 1474 1267

#List of body polygons
f 41 43 42
f 41 44 43
f 44 41 45
f 46 47 43
f 46 43 44
f 48 49 47
f 48 47 46
f 50 51 49
f 50 49 48
f 52 53 51
f 52 51 50
f 54 55 53
f 54 53 52
f 56 57 55
f 56 55 54
f 58 59 57
f 58 57 56
f 60 61 59
f 60 59 58
f 62 63 61
f 62 61 60
f 64 65 63
f 64 63 62
f 66 67 65
f 66 65 64
f 68 69 67
f 68 67 66
f 70 71 69
f 70 69 68
f 72 73 71
f 72 71 70
f 74 75 73
f 74 73 72
f 76 77 75
f 76 75 74
f 78 79 77
f 78 77 76
f 80 81 79
f 80 79 78
f 82 83 81
f 82 81 80
f 84 85 83
f 84 83 82
f 86 87 85
f 86 85 84
f 88 89 87
f 88 87 86
f 90 91 89
f 90 89 88
f 92 93 91
f 92 91 90
f 94 95 93
f 94 93 92
f 96 97 95
f 96 95 94
f 98 99 97
f 98 97 96
f 100 101 99
f 100 99 98
f 103 105 104
f 103 101 105
f 105 101 100
f 106 107 108
f 104 106 108
f 104 105 106
f 110 111 112
f 107 110 112
f 107 106 110
f 114 115 116
f 111 114 116
f 111 110 114
f 118 119 120
f 115 118 120
f 115 114 118
f 122 123 124
f 119 122 124
f 119 118 122
f 126 127 128
f 123 126 128
f 123 122 126
f 130 131 132
f 127 130 132
f 127 126 130
f 134 135 136
f 131 134 136
f 131 130 134
f 138 139 140
f 135 138 140
f 135 134 138
f 138 144 139
f 266 267 268
f 266 276 267
f 291 292 293
f 43 294 291
f 42 291 293
f 42 43 291
f 47 295 294
f 47 294 43
f 49 296 295
f 49 295 47
f 298 51 299
f 298 296 51
f 51 296 49
f 53 300 301
f 299 53 301
f 299 51 53
f 55 303 304
f 300 55 304
f 300 53 55
f 57 306 307
f 303 57 307
f 303 55 57
f 59 309 310
f 306 59 310
f 306 57 59
f 61 312 313
f 309 61 313
f 309 59 61
f 63 315 316
f 312 63 316
f 312 61 63
f 65 318 319
f 315 65 319
f 315 63 65
f 67 321 322
f 318 67 322
f 318 65 67
f 69 324 325
f 321 69 325
f 321 67 69
f 71 327 328
f 324 71 328
f 324 69 71
f 73 330 331
f 327 73 331
f 327 71 73
f 75 333 334
f 330 75 334
f 330 73 75
f 77 336 337
f 333 77 337
f 333 75 77
f 79 339 340
f 336 79 340
f 336 77 79
f 81 342 343
f 339 81 343
f 339 79 81
f 83 345 346
f 342 83 346
f 342 81 83
f 85 348 349
f 345 85 349
f 345 83 85
f 87 351 352
f 348 87 352
f 348 85 87
f 89 354 355
f 351 89 355
f 351 87 89
f 91 357 358
f 354 91 358
f 354 89 91
f 93 360 361
f 357 93 361
f 357 91 93
f 95 363 364
f 360 95 364
f 360 93 95
f 97 366 367
f 363 97 367
f 363 95 97
f 99 369 370
f 366 99 370
f 366 97 99
f 101 372 373
f 369 101 373
f 369 99 101
f 101 103 372
f 467 468 466
f 467 469 468
f 469 266 268
f 469 470 266
f 469 467 470
f 472 474 473
f 472 475 474
f 472 476 475
f 476 466 468
f 476 472 466
f 474 479 480
f 474 475 479
f 486 488 487
f 486 291 488
f 291 486 292
f 294 489 488
f 294 488 291
f 491 295 492
f 491 489 295
f 295 489 294
f 296 493 494
f 492 296 494
f 492 295 296
f 296 298 493
f 607 609 608
f 607 474 609
f 474 607 473
f 610 609 611
f 610 612 609
f 611 474 480
f 611 609 474
f 612 613 614
f 612 610 613
f 616 617 618
f 488 619 616
f 487 616 618
f 487 488 616
f 621 489 622
f 621 619 489
f 489 619 488
f 489 491 622
f 736 609 735
f 609 736 608
f 737 739 738
f 737 612 739
f 735 612 737
f 735 609 612
f 740 739 741
f 740 742 739
f 741 612 614
f 741 739 612
f 616 743 742
f 617 742 740
f 617 616 742
f 619 744 743
f 619 743 616
f 744 745 746
f 745 619 621
f 745 744 619
f 851 852 853
f 739 854 851
f 738 851 853
f 738 739 851
f 856 742 857
f 856 854 742
f 742 854 739
f 858 860 859
f 858 743 860
f 857 743 858
f 857 742 743
f 744 861 860
f 744 860 743
f 861 862 863
f 862 744 746
f 862 861 744
f 970 972 971
f 970 851 972
f 851 970 852
f 974 854 975
f 974 972 854
f 854 972 851
f 854 856 975
f 860 977 978
f 860 978 859
f 980 982 981
f 980 861 982
f 977 861 980
f 977 860 861
f 983 982 984
f 983 985 982
f 984 861 863
f 984 982 861
f 985 986 987
f 985 983 986
f 1095 1097 1096
f 1095 1098 1097
f 1095 1099 1098
f 1097 1101 1096
f 972 1103 1104
f 1099 972 1104
f 1099 971 972
f 1099 1095 971
f 1103 972 974
f 1115 1117 1116
f 1115 982 1117
f 982 1115 981
f 985 1118 1117
f 985 1117 982
f 1119 1118 1120
f 1119 1121 1118
f 1120 985 987
f 1120 1118 985
f 1122 1121 1123
f 1122 1124 1121
f 1121 1119 1123
f 1124 1125 1126
f 1124 1122 1125
f 1250 1097 1098
f 1117 1265 1266
f 1117 1266 1116
f 1268 1270 1269
f 1268 1118 1270
f 1265 1118 1268
f 1265 1117 1118
f 1121 1271 1270
f 1121 1270 1118
f 1124 1272 1271
f 1124 1271 1121
f 1273 1272 1274
f 1273 1275 1272
f 1274 1124 1126
f 1274 1272 1124
f 1276 1275 1277
f 1276 1278 1275
f 1275 1273 1277
f 1279 1278 1280
f 1279 1281 1278
f 1278 1276 1280
f 1282 1281 1283
f 1282 1284 1281
f 1281 1279 1283
f 1285 1284 1286
f 1285 1287 1284
f 1284 1282 1286
f 1288 1287 1289
f 1288 1290 1287
f 1287 1285 1289
f 1291 1290 1292
f 1291 1293 1290
f 1290 1288 1292
f 1294 1293 1295
f 1294 1296 1293
f 1293 1291 1295
f 1297 1296 1298
f 1297 1299 1296
f 1296 1294 1298
f 1300 1299 1301
f 1300 1302 1299
f 1299 1297 1301
f 1303 1302 1304
f 1303 1305 1302
f 1302 1300 1304
f 1306 1305 1307
f 1306 1308 1305
f 1305 1303 1307
f 1309 1308 1310
f 1309 1311 1308
f 1308 1306 1310
f 1312 1311 1313
f 1312 1314 1311
f 1311 1309 1313
f 1315 1314 1316
f 1315 1317 1314
f 1314 1312 1316
f 1318 1317 1319
f 1318 1320 1317
f 1317 1315 1319
f 1321 1320 1322
f 1321 1323 1320
f 1320 1318 1322
f 1324 1323 1325
f 1324 1326 1323
f 1323 1321 1325
f 1327 1326 1328
f 1327 1329 1326
f 1326 1324 1328
f 1330 1329 1331
f 1330 1332 1329
f 1329 1327 1331
f 1333 1332 1334
f 1333 1335 1332
f 1332 1330 1334
f 1336 1335 1337
f 1336 1338 1335
f 1335 1333 1337
f 1339 1338 1340
f 1339 1341 1338
f 1338 1336 1340
f 1342 1341 1343
f 1342 1344 1341
f 1341 1339 1343
f 1345 1344 1346
f 1345 1347 1344
f 1344 1342 1346
f 1348 1347 1349
f 1348 1350 1347
f 1347 1345 1349
f 1350 1351 1352
f 1350 1348 1351
f 1475 1477 1476
f 1475 1270 1477
f 1270 1475 1269
f 1271 1478 1477
f 1271 1477 1270
f 1272 1479 1478
f 1272 1478 1271
f 1275 1480 1479
f 1275 1479 1272
f 1278 1481 1480
f 1278 1480 1275
f 1281 1482 1481
f 1281 1481 1278
f 1284 1483 1482
f 1284 1482 1281
f 1287 1484 1483
f 1287 1483 1284
f 1290 1485 1484
f 1290 1484 1287
f 1293 1486 1485
f 1293 1485 1290
f 1296 1487 1486
f 1296 1486 1293
f 1299 1488 1487
f 1299 1487 1296
f 1302 1489 1488
f 1302 1488 1299
f 1305 1490 1489
f 1305 1489 1302
f 1308 1491 1490
f 1308 1490 1305
f 1311 1492 1491
f 1311 1491 1308
f 1314 1493 1492
f 1314 1492 1311
f 1317 1494 1493
f 1317 1493 1314
f 1320 1495 1494
f 1320 1494 1317
f 1323 1496 1495
f 1323 1495 1320
f 1326 1497 1496
f 1326 1496 1323
f 1329 1498 1497
f 1329 1497 1326
f 1332 1499 1498
f 1332 1498 1329
f 1335 1500 1499
f 1335 1499 1332
f 1338 1501 1500
f 1338 1500 1335
f 1341 1502 1501
f 1341 1501 1338
f 1344 1503 1502
f 1344 1502 1341
f 1347 1504 1503
f 1347 1503 1344
f 1350 1505 1504
f 1350 1504 1347
f 1506 1505 1507
f 1506 1508 1505
f 1507 1350 1352
f 1507 1505 1350
f 1509 1508 1510
f 1509 1511 1508
f 1508 1506 1510
f 1512 1511 1513
f 1512 1514 1511
f 1511 1509 1513
f 1515 1514 1516
f 1515 1517 1514
f 1514 1512 1516
f 1518 1517 1519
f 1518 1520 1517
f 1517 1515 1519
f 1521 1520 1522
f 1521 1523 1520
f 1520 1518 1522
f 1524 1523 1525
f 1524 1526 1523
f 1523 1521 1525
f 1527 1526 1528
f 1527 1529 1526
f 1526 1524 1528
f 1530 1529 1531
f 1530 1532 1529
f 1529 1527 1531
f 1533 1532 1534
f 1533 1535 1532
f 1532 1530 1534
f 1535 1536 1537
f 1535 1533 1536

#List of body polygons
f 102 103 104
f 107 102 108
f 107 109 102
f 102 104 108
f 111 109 112
f 111 113 109
f 109 107 112
f 115 113 116
f 115 117 113
f 113 111 116
f 119 117 120
f 119 121 117
f 117 115 120
f 123 121 124
f 123 125 121
f 121 119 124
f 127 125 128
f 127 129 125
f 125 123 128
f 131 129 132
f 131 133 129
f 129 127 132
f 135 133 136
f 135 137 133
f 133 131 136
f 139 137 140
f 139 141 137
f 137 135 140
f 142 143 141
f 144 141 139
f 144 142 141
f 145 146 143
f 145 143 142
f 147 148 146
f 147 146 145
f 149 150 148
f 149 148 147
f 151 152 150
f 151 150 149
f 153 154 152
f 153 152 151
f 155 156 154
f 155 154 153
f 157 158 156
f 157 156 155
f 159 160 158
f 159 158 157
f 161 162 160
f 161 160 159
f 163 164 162
f 163 162 161
f 165 166 164
f 165 164 163
f 167 168 166
f 167 166 165
f 169 170 168
f 169 168 167
f 171 172 170
f 171 170 169
f 173 174 172
f 173 172 171
f 175 176 174
f 175 174 173
f 177 178 176
f 177 176 175
f 179 180 178
f 179 178 177
f 181 182 180
f 181 180 179
f 183 184 182
f 183 182 181
f 185 186 184
f 185 184 183
f 187 188 186
f 187 186 185
f 190 192 191
f 190 188 192
f 192 188 187
f 193 194 195
f 191 193 195
f 191 192 193
f 197 198 199
f 194 197 199
f 194 193 197
f 201 202 203
f 198 201 203
f 198 197 201
f 205 206 207
f 202 205 207
f 202 201 205
f 209 210 211
f 206 209 211
f 206 205 209
f 209 215 210
f 297 298 299
f 300 297 301
f 300 302 297
f 297 299 301
f 303 302 304
f 303 305 302
f 302 300 304
f 306 305 307
f 306 308 305
f 305 303 307
f 309 308 310
f 309 311 308
f 308 306 310
f 312 311 313
f 312 314 311
f 311 309 313
f 315 314 316
f 315 317 314
f 314 312 316
f 318 317 319
f 318 320 317
f 317 315 319
f 321 320 322
f 321 323 320
f 320 318 322
f 324 323 325
f 324 326 323
f 323 321 325
f 327 326 328
f 327 329 326
f 326 324 328
f 330 329 331
f 330 332 329
f 329 327 331
f 333 332 334
f 333 335 332
f 332 330 334
f 336 335 337
f 336 338 335
f 335 333 337
f 339 338 340
f 339 341 338
f 338 336 340
f 342 341 343
f 342 344 341
f 341 339 343
f 345 344 346
f 345 347 344
f 344 342 346
f 348 347 349
f 348 350 347
f 347 345 349
f 351 350 352
f 351 353 350
f 350 348 352
f 354 353 355
f 354 356 353
f 353 351 355
f 357 356 358
f 357 359 356
f 356 354 358
f 360 359 361
f 360 362 359
f 359 357 361
f 363 362 364
f 363 365 362
f 362 360 364
f 366 365 367
f 366 368 365
f 365 363 367
f 369 368 370
f 369 371 368
f 368 366 370
f 372 371 373
f 372 374 371
f 371 369 373
f 102 375 374
f 103 374 372
f 103 102 374
f 109 376 375
f 109 375 102
f 113 377 376
f 113 376 109
f 117 378 377
f 117 377 113
f 121 379 378
f 121 378 117
f 125 380 379
f 125 379 121
f 129 381 380
f 129 380 125
f 133 382 381
f 133 381 129
f 137 383 382
f 137 382 133
f 141 384 383
f 141 383 137
f 143 385 384
f 143 384 141
f 146 386 385
f 146 385 143
f 148 387 386
f 148 386 146
f 150 388 387
f 150 387 148
f 152 389 388
f 152 388 150
f 154 390 389
f 154 389 152
f 156 391 390
f 156 390 154
f 158 392 391
f 158 391 156
f 160 393 392
f 160 392 158
f 162 394 393
f 162 393 160
f 164 395 394
f 164 394 162
f 166 396 395
f 166 395 164
f 398 168 399
f 398 396 168
f 168 396 166
f 170 400 401
f 399 170 401
f 399 168 170
f 172 403 404
f 400 172 404
f 400 170 172
f 174 406 407
f 403 174 407
f 403 172 174
f 176 409 410
f 406 176 410
f 406 174 176
f 178 412 413
f 409 178 413
f 409 176 178
f 180 415 416
f 412 180 416
f 412 178 180
f 182 418 419
f 415 182 419
f 415 180 182
f 184 421 422
f 418 184 422
f 418 182 184
f 186 424 425
f 421 186 425
f 421 184 186
f 188 427 428
f 424 188 428
f 424 186 188
f 188 190 427
f 463 465 464
f 463 466 465
f 463 467 466
f 467 471 470
f 467 463 471
f 465 472 473
f 472 465 466
f 490 491 492
f 493 490 494
f 493 495 490
f 490 492 494
f 297 496 495
f 298 495 493
f 298 297 495
f 302 497 496
f 302 496 297
f 305 498 497
f 305 497 302
f 308 499 498
f 308 498 305
f 311 500 499
f 311 499 308
f 314 501 500
f 314 500 311
f 317 502 501
f 317 501 314
f 320 503 502
f 320 502 317
f 323 504 503
f 323 503 320
f 326 505 504
f 326 504 323
f 329 506 505
f 329 505 326
f 332 507 506
f 332 506 329
f 335 508 507
f 335 507 332
f 338 509 508
f 338 508 335
f 341 510 509
f 341 509 338
f 344 511 510
f 344 510 341
f 347 512 511
f 347 511 344
f 350 513 512
f 350 512 347
f 353 514 513
f 353 513 350
f 356 515 514
f 356 514 353
f 359 516 515
f 359 515 356
f 362 517 516
f 362 516 359
f 365 518 517
f 365 517 362
f 368 519 518
f 368 518 365
f 371 520 519
f 371 519 368
f 374 521 520
f 374 520 371
f 375 522 521
f 375 521 374
f 376 523 522
f 376 522 375
f 377 524 523
f 377 523 376
f 378 525 524
f 378 524 377
f 379 526 525
f 379 525 378
f 380 527 526
f 380 526 379
f 381 528 527
f 381 527 380
f 382 529 528
f 382 528 381
f 383 530 529
f 383 529 382
f 384 531 530
f 384 530 383
f 385 532 531
f 385 531 384
f 386 533 532
f 386 532 385
f 387 534 533
f 387 533 386
f 388 535 534
f 388 534 387
f 537 389 538
f 537 535 389
f 389 535 388
f 390 539 540
f 538 390 540
f 538 389 390
f 391 542 543
f 539 391 543
f 539 390 391
f 392 545 546
f 542 392 546
f 542 391 392
f 393 548 549
f 545 393 549
f 545 392 393
f 394 551 552
f 548 394 552
f 548 393 394
f 395 554 555
f 551 395 555
f 551 394 395
f 396 557 558
f 554 396 558
f 554 395 396
f 396 398 557
f 604 606 605
f 604 465 606
f 465 604 464
f 606 607 608
f 607 465 473
f 607 606 465
f 620 621 622
f 490 623 620
f 491 620 622
f 491 490 620
f 495 624 623
f 495 623 490
f 496 625 624
f 496 624 495
f 497 626 625
f 497 625 496
f 498 627 626
f 498 626 497
f 499 628 627
f 499 627 498
f 500 629 628
f 500 628 499
f 501 630 629
f 501 629 500
f 502 631 630
f 502 630 501
f 503 632 631
f 503 631 502
f 504 633 632
f 504 632 503
f 505 634 633
f 505 633 504
f 506 635 634
f 506 634 505
f 507 636 635
f 507 635 506
f 508 637 636
f 508 636 507
f 509 638 637
f 509 637 508
f 510 639 638
f 510 638 509
f 511 640 639
f 511 639 510
f 512 641 640
f 512 640 511
f 513 642 641
f 513 641 512
f 514 643 642
f 514 642 513
f 515 644 643
f 515 643 514
f 516 645 644
f 516 644 515
f 517 646 645
f 517 645 516
f 518 647 646
f 518 646 517
f 519 648 647
f 519 647 518
f 520 649 648
f 520 648 519
f 521 650 649
f 521 649 520
f 522 651 650
f 522 650 521
f 523 652 651
f 523 651 522
f 524 653 652
f 524 652 523
f 525 654 653
f 525 653 524
f 526 655 654
f 526 654 525
f 527 656 655
f 527 655 526
f 528 657 656
f 528 656 527
f 529 658 657
f 529 657 528
f 660 530 661
f 660 658 530
f 530 658 529
f 531 662 663
f 661 531 663
f 661 530 531
f 532 665 666
f 662 532 666
f 662 531 532
f 533 668 669
f 665 533 669
f 665 532 533
f 534 671 672
f 668 534 672
f 668 533 534
f 535 674 675
f 671 535 675
f 671 534 535
f 535 537 674
f 606 728 729
f 606 729 605
f 732 734 733
f 732 735 734
f 732 736 735
f 736 606 608
f 736 728 606
f 736 732 728
f 734 737 738
f 734 735 737
f 745 747 746
f 745 620 747
f 620 745 621
f 623 748 747
f 623 747 620
f 624 749 748
f 624 748 623
f 625 750 749
f 625 749 624
f 626 751 750
f 626 750 625
f 627 752 751
f 627 751 626
f 628 753 752
f 628 752 627
f 629 754 753
f 629 753 628
f 630 755 754
f 630 754 629
f 631 756 755
f 631 755 630
f 632 757 756
f 632 756 631
f 633 758 757
f 633 757 632
f 634 759 758
f 634 758 633
f 635 760 759
f 635 759 634
f 636 761 760
f 636 760 635
f 637 762 761
f 637 761 636
f 638 763 762
f 638 762 637
f 639 764 763
f 639 763 638
f 640 765 764
f 640 764 639
f 641 766 765
f 641 765 640
f 642 767 766
f 642 766 641
f 643 768 767
f 643 767 642
f 644 769 768
f 644 768 643
f 645 770 769
f 645 769 644
f 646 771 770
f 646 770 645
f 647 772 771
f 647 771 646
f 648 773 772
f 648 772 647
f 649 774 773
f 649 773 648
f 650 775 774
f 650 774 649
f 651 776 775
f 651 775 650
f 652 777 776
f 652 776 651
f 653 778 777
f 653 777 652
f 654 779 778
f 654 778 653
f 655 780 779
f 655 779 654
f 782 656 783
f 782 780 656
f 656 780 655
f 657 784 785
f 783 657 785
f 783 656 657
f 658 787 788
f 784 658 788
f 784 657 658
f 658 660 787
f 847 848 849
f 852 734 853
f 852 847 734
f 733 847 849
f 733 734 847
f 734 738 853
f 862 864 863
f 862 747 864
f 747 862 746
f 748 865 864
f 748 864 747
f 749 866 865
f 749 865 748
f 750 867 866
f 750 866 749
f 751 868 867
f 751 867 750
f 752 869 868
f 752 868 751
f 753 870 869
f 753 869 752
f 754 871 870
f 754 870 753
f 755 872 871
f 755 871 754
f 756 873 872
f 756 872 755
f 757 874 873
f 757 873 756
f 758 875 874
f 758 874 757
f 759 876 875
f 759 875 758
f 760 877 876
f 760 876 759
f 761 878 877
f 761 877 760
f 762 879 878
f 762 878 761
f 763 880 879
f 763 879 762
f 764 881 880
f 764 880 763
f 765 882 881
f 765 881 764
f 766 883 882
f 766 882 765
f 767 884 883
f 767 883 766
f 768 885 884
f 768 884 767
f 769 886 885
f 769 885 768
f 770 887 886
f 770 886 769
f 771 888 887
f 771 887 770
f 772 889 888
f 772 888 771
f 773 890 889
f 773 889 772
f 774 891 890
f 774 890 773
f 775 892 891
f 775 891 774
f 776 893 892
f 776 892 775
f 777 894 893
f 777 893 776
f 778 895 894
f 778 894 777
f 779 896 895
f 779 895 778
f 780 897 896
f 780 896 779
f 898 897 899
f 898 900 897
f 899 780 782
f 899 897 780
f 901 900 902
f 901 903 900
f 900 898 902
f 904 903 905
f 904 906 903
f 903 901 905
f 906 907 908
f 906 904 907
f 967 969 968
f 967 847 969
f 847 967 848
f 969 970 971
f 970 847 852
f 970 969 847
f 864 983 984
f 864 984 863
f 986 988 987
f 986 865 988
f 983 865 986
f 983 864 865
f 866 989 988
f 866 988 865
f 867 990 989
f 867 989 866
f 868 991 990
f 868 990 867
f 869 992 991
f 869 991 868
f 870 993 992
f 870 992 869
f 871 994 993
f 871 993 870
f 872 995 994
f 872 994 871
f 873 996 995
f 873 995 872
f 874 997 996
f 874 996 873
f 875 998 997
f 875 997 874
f 876 999 998
f 876 998 875
f 877 1000 999
f 877 999 876
f 878 1001 1000
f 878 1000 877
f 879 1002 1001
f 879 1001 878
f 880 1003 1002
f 880 1002 879
f 881 1004 1003
f 881 1003 880
f 882 1005 1004
f 882 1004 881
f 883 1006 1005
f 883 1005 882
f 884 1007 1006
f 884 1006 883
f 885 1008 1007
f 885 1007 884
f 886 1009 1008
f 886 1008 885
f 887 1010 1009
f 887 1009 886
f 888 1011 1010
f 888 1010 887
f 889 1012 1011
f 889 1011 888
f 890 1013 1012
f 890 1012 889
f 891 1014 1013
f 891 1013 890
f 892 1015 1014
f 892 1014 891
f 893 1016 1015
f 893 1015 892
f 894 1017 1016
f 894 1016 893
f 895 1018 1017
f 895 1017 894
f 896 1019 1018
f 896 1018 895
f 897 1020 1019
f 897 1019 896
f 900 1021 1020
f 900 1020 897
f 903 1022 1021
f 903 1021 900
f 906 1023 1022
f 906 1022 903
f 1024 1023 1025
f 1024 1026 1023
f 1025 906 908
f 1025 1023 906
f 1027 1026 1028
f 1027 1029 1026
f 1026 1024 1028
f 1030 1029 1031
f 1030 1032 1029
f 1029 1027 1031
f 1033 1032 1034
f 1033 1035 1032
f 1032 1030 1034
f 1036 1035 1037
f 1036 1038 1035
f 1035 1033 1037
f 1039 1038 1040
f 1039 1041 1038
f 1038 1036 1040
f 1041 1042 1043
f 1041 1039 1042
f 969 1095 1096
f 1101 969 1096
f 1101 968 969
f 1101 1102 968
f 1095 969 971
f 988 1119 1120
f 988 1120 987
f 989 1122 1123
f 1119 989 1123
f 1119 988 989
f 1125 1127 1126
f 1125 990 1127
f 1122 990 1125
f 1122 989 990
f 991 1128 1127
f 991 1127 990
f 992 1129 1128
f 992 1128 991
f 993 1130 1129
f 993 1129 992
f 994 1131 1130
f 994 1130 993
f 995 1132 1131
f 995 1131 994
f 996 1133 1132
f 996 1132 995
f 997 1134 1133
f 997 1133 996
f 998 1135 1134
f 998 1134 997
f 999 1136 1135
f 999 1135 998
f 1000 1137 1136
f 1000 1136 999
f 1001 1138 1137
f 1001 1137 1000
f 1002 1139 1138
f 1002 1138 1001
f 1003 1140 1139
f 1003 1139 1002
f 1004 1141 1140
f 1004 1140 1003
f 1005 1142 1141
f 1005 1141 1004
f 1006 1143 1142
f 1006 1142 1005
f 1007 1144 1143
f 1007 1143 1006
f 1008 1145 1144
f 1008 1144 1007
f 1009 1146 1145
f 1009 1145 1008
f 1010 1147 1146
f 1010 1146 1009
f 1011 1148 1147
f 1011 1147 1010
f 1012 1149 1148
f 1012 1148 1011
f 1013 1150 1149
f 1013 1149 1012
f 1014 1151 1150
f 1014 1150 1013
f 1015 1152 1151
f 1015 1151 1014
f 1016 1153 1152
f 1016 1152 1015
f 1017 1154 1153
f 1017 1153 1016
f 1018 1155 1154
f 1018 1154 1017
f 1019 1156 1155
f 1019 1155 1018
f 1020 1157 1156
f 1020 1156 1019
f 1021 1158 1157
f 1021 1157 1020
f 1022 1159 1158
f 1022 1158 1021
f 1023 1160 1159
f 1023 1159 1022
f 1026 1161 1160
f 1026 1160 1023
f 1029 1162 1161
f 1029 1161 1026
f 1032 1163 1162
f 1032 1162 1029
f 1035 1164 1163
f 1035 1163 1032
f 1038 1165 1164
f 1038 1164 1035
f 1041 1166 1165
f 1041 1165 1038
f 1167 1166 1168
f 1167 1169 1166
f 1168 1041 1043
f 1168 1166 1041
f 1170 1169 1171
f 1170 1172 1169
f 1169 1167 1171
f 1173 1172 1174
f 1173 1175 1172
f 1172 1170 1174
f 1176 1175 1177
f 1176 1178 1175
f 1175 1173 1177
f 1179 1178 1180
f 1179 1181 1178
f 1178 1176 1180
f 1182 1181 1183
f 1182 1184 1181
f 1181 1179 1183
f 1185 1184 1186
f 1185 1187 1184
f 1184 1182 1186
f 1188 1187 1189
f 1188 1190 1187
f 1187 1185 1189
f 1190 1191 1192
f 1190 1188 1191
f 1127 1273 1274
f 1127 1274 1126
f 1128 1276 1277
f 1273 1128 1277
f 1273 1127 1128
f 1129 1279 1280
f 1276 1129 1280
f 1276 1128 1129
f 1130 1282 1283
f 1279 1130 1283
f 1279 1129 1130
f 1131 1285 1286
f 1282 1131 1286
f 1282 1130 1131
f 1132 1288 1289
f 1285 1132 1289
f 1285 1131 1132
f 1133 1291 1292
f 1288 1133 1292
f 1288 1132 1133
f 1134 1294 1295
f 1291 1134 1295
f 1291 1133 1134
f 1135 1297 1298
f 1294 1135 1298
f 1294 1134 1135
f 1136 1300 1301
f 1297 1136 1301
f 1297 1135 1136
f 1137 1303 1304
f 1300 1137 1304
f 1300 1136 1137
f 1138 1306 1307
f 1303 1138 1307
f 1303 1137 1138
f 1139 1309 1310
f 1306 1139 1310
f 1306 1138 1139
f 1140 1312 1313
f 1309 1140 1313
f 1309 1139 1140
f 1141 1315 1316
f 1312 1141 1316
f 1312 1140 1141
f 1142 1318 1319
f 1315 1142 1319
f 1315 1141 1142
f 1143 1321 1322
f 1318 1143 1322
f 1318 1142 1143
f 1144 1324 1325
f 1321 1144 1325
f 1321 1143 1144
f 1145 1327 1328
f 1324 1145 1328
f 1324 1144 1145
f 1146 1330 1331
f 1327 1146 1331
f 1327 1145 1146
f 1147 1333 1334
f 1330 1147 1334
f 1330 1146 1147
f 1148 1336 1337
f 1333 1148 1337
f 1333 1147 1148
f 1149 1339 1340
f 1336 1149 1340
f 1336 1148 1149
f 1150 1342 1343
f 1339 1150 1343
f 1339 1149 1150
f 1151 1345 1346
f 1342 1151 1346
f 1342 1150 1151
f 1152 1348 1349
f 1345 1152 1349
f 1345 1151 1152
f 1351 1353 1352
f 1351 1153 1353
f 1348 1153 1351
f 1348 1152 1153
f 1154 1354 1353
f 1154 1353 1153
f 1155 1355 1354
f 1155 1354 1154
f 1156 1356 1355
f 1156 1355 1155
f 1157 1357 1356
f 1157 1356 1156
f 1158 1358 1357
f 1158 1357 1157
f 1159 1359 1358
f 1159 1358 1158
f 1160 1360 1359
f 1160 1359 1159
f 1161 1361 1360
f 1161 1360 1160
f 1162 1362 1361
f 1162 1361 1161
f 1163 1363 1362
f 1163 1362 1162
f 1164 1364 1363
f 1164 1363 1163
f 1165 1365 1364
f 1165 1364 1164
f 1166 1366 1365
f 1166 1365 1165
f 1169 1367 1366
f 1169 1366 1166
f 1172 1368 1367
f 1172 1367 1169
f 1175 1369 1368
f 1175 1368 1172
f 1178 1370 1369
f 1178 1369 1175
f 1181 1371 1370
f 1181 1370 1178
f 1184 1372 1371
f 1184 1371 1181
f 1187 1373 1372
f 1187 1372 1184
f 1190 1374 1373
f 1190 1373 1187
f 1375 1374 1376
f 1375 1377 1374
f 1376 1190 1192
f 1376 1374 1190
f 1378 1377 1379
f 1378 1380 1377
f 1377 1375 1379
f 1381 1380 1382
f 1381 1383 1380
f 1380 1378 1382
f 1384 1383 1385
f 1384 1386 1383
f 1383 1381 1385
f 1387 1386 1388
f 1387 1389 1386
f 1386 1384 1388
f 1390 1389 1391
f 1390 1392 1389
f 1389 1387 1391
f 1393 1392 1394
f 1393 1395 1392
f 1392 1390 1394
f 1396 1395 1397
f 1396 1398 1395
f 1395 1393 1397
f 1399 1398 1400
f 1399 1401 1398
f 1398 1396 1400
f 1402 1401 1403
f 1402 1404 1401
f 1401 1399 1403
f 1405 1404 1406
f 1405 1407 1404
f 1404 1402 1406
f 1407 1408 1409
f 1407 1405 1408
f 1353 1506 1507
f 1353 1507 1352
f 1354 1509 1510
f 1506 1354 1510
f 1506 1353 1354
f 1355 1512 1513
f 1509 1355 1513
f 1509 1354 1355
f 1356 1515 1516
f 1512 1356 1516
f 1512 1355 1356
f 1357 1518 1519
f 1515 1357 1519
f 1515 1356 1357
f 1358 1521 1522
f 1518 1358 1522
f 1518 1357 1358
f 1359 1524 1525
f 1521 1359 1525
f 1521 1358 1359
f 1360 1527 1528
f 1524 1360 1528
f 1524 1359 1360
f 1361 1530 1531
f 1527 1361 1531
f 1527 1360 1361
f 1362 1533 1534
f 1530 1362 1534
f 1530 1361 1362
f 1536 1538 1537
f 1536 1363 1538
f 1533 1363 1536
f 1533 1362 1363
f 1364 1539 1538
f 1364 1538 1363
f 1365 1540 1539
f 1365 1539 1364
f 1366 1541 1540
f 1366 1540 1365
f 1367 1542 1541
f 1367 1541 1366
f 1368 1543 1542
f 1368 1542 1367
f 1369 1544 1543
f 1369 1543 1368
f 1370 1545 1544
f 1370 1544 1369
f 1371 1546 1545
f 1371 1545 1370
f 1372 1547 1546
f 1372 1546 1371
f 1373 1548 1547
f 1373 1547 1372
f 1374 1549 1548
f 1374 1548 1373
f 1377 1550 1549
f 1377 1549 1374
f 1380 1551 1550
f 1380 1550 1377
f 1383 1552 1551
f 1383 1551 1380
f 1386 1553 1552
f 1386 1552 1383
f 1389 1554 1553
f 1389 1553 1386
f 1392 1555 1554
f 1392 1554 1389
f 1395 1556 1555
f 1395 1555 1392
f 1398 1557 1556
f 1398 1556 1395
f 1401 1558 1557
f 1401 1557 1398
f 1404 1559 1558
f 1404 1558 1401
f 1407 1560 1559
f 1407 1559 1404
f 1561 1560 1562
f 1561 1563 1560
f 1562 1407 1409
f 1562 1560 1407
f 1564 1563 1565
f 1564 1566 1563
f 1563 1561 1565
f 1567 1566 1568
f 1567 1569 1566
f 1566 1564 1568
f 1570 1569 1571
f 1570 1572 1569
f 1569 1567 1571
f 1573 1572 1574
f 1573 1575 1572
f 1572 1570 1574
f 1576 1575 1577
f 1576 1578 1575
f 1575 1573 1577
f 1578 1579 1580
f 1578 1576 1579

#List of body polygons
f 189 190 191
f 194 189 195
f 194 196 189
f 189 191 195
f 198 196 199
f 198 200 196
f 196 194 199
f 202 200 203
f 202 204 200
f 200 198 203
f 206 204 207
f 206 208 204
f 204 202 207
f 210 208 211
f 210 212 208
f 208 206 211
f 213 214 212
f 215 212 210
f 215 213 212
f 216 217 214
f 216 214 213
f 218 219 217
f 218 217 216
f 220 221 219
f 220 219 218
f 222 223 221
f 222 221 220
f 224 225 223
f 224 223 222
f 226 227 225
f 226 225 224
f 228 229 227
f 228 227 226
f 230 231 229
f 230 229 228
f 232 233 231
f 232 231 230
f 234 235 233
f 234 233 232
f 236 237 235
f 236 235 234
f 238 239 237
f 238 237 236
f 240 241 239
f 240 239 238
f 242 243 241
f 242 241 240
f 244 245 243
f 244 243 242
f 246 247 245
f 246 245 244
f 248 249 247
f 248 247 246
f 250 251 249
f 250 249 248
f 252 253 251
f 252 251 250
f 254 255 253
f 254 253 252
f 256 257 255
f 256 255 254
f 258 259 257
f 258 257 256
f 260 261 259
f 260 259 258
f 262 263 261
f 262 261 260
f 264 265 263
f 264 263 262
f 397 398 399
f 400 397 401
f 400 402 397
f 397 399 401
f 403 402 404
f 403 405 402
f 402 400 404
f 406 405 407
f 406 408 405
f 405 403 407
f 409 408 410
f 409 411 408
f 408 406 410
f 412 411 413
f 412 414 411
f 411 409 413
f 415 414 416
f 415 417 414
f 414 412 416
f 418 417 419
f 418 420 417
f 417 415 419
f 421 420 422
f 421 423 420
f 420 418 422
f 424 423 425
f 424 426 423
f 423 421 425
f 427 426 428
f 427 429 426
f 426 424 428
f 189 430 429
f 190 429 427
f 190 189 429
f 196 431 430
f 196 430 189
f 200 432 431
f 200 431 196
f 204 433 432
f 204 432 200
f 208 434 433
f 208 433 204
f 212 435 434
f 212 434 208
f 214 436 435
f 214 435 212
f 217 437 436
f 217 436 214
f 219 438 437
f 219 437 217
f 221 439 438
f 221 438 219
f 223 440 439
f 223 439 221
f 225 441 440
f 225 440 223
f 227 442 441
f 227 441 225
f 229 443 442
f 229 442 227
f 231 444 443
f 231 443 229
f 233 445 444
f 233 444 231
f 235 446 445
f 235 445 233
f 237 447 446
f 237 446 235
f 239 448 447
f 239 447 237
f 241 449 448
f 241 448 239
f 243 450 449
f 243 449 241
f 245 451 450
f 245 450 243
f 247 452 451
f 247 451 245
f 249 453 452
f 249 452 247
f 251 454 453
f 251 453 249
f 253 455 454
f 253 454 251
f 255 456 455
f 255 455 253
f 257 457 456
f 257 456 255
f 259 458 457
f 259 457 257
f 261 459 458
f 261 458 259
f 263 460 459
f 263 459 261
f 265 461 460
f 265 460 263
f 462 463 464
f 463 462 471
f 536 537 538
f 539 536 540
f 539 541 536
f 536 538 540
f 542 541 543
f 542 544 541
f 541 539 543
f 545 544 546
f 545 547 544
f 544 542 546
f 548 547 549
f 548 550 547
f 547 545 549
f 551 550 552
f 551 553 550
f 550 548 552
f 554 553 555
f 554 556 553
f 553 551 555
f 557 556 558
f 557 559 556
f 556 554 558
f 397 560 559
f 398 559 557
f 398 397 559
f 402 561 560
f 402 560 397
f 405 562 561
f 405 561 402
f 408 563 562
f 408 562 405
f 411 564 563
f 411 563 408
f 414 565 564
f 414 564 411
f 417 566 565
f 417 565 414
f 420 567 566
f 420 566 417
f 423 568 567
f 423 567 420
f 426 569 568
f 426 568 423
f 429 570 569
f 429 569 426
f 430 571 570
f 430 570 429
f 431 572 571
f 431 571 430
f 432 573 572
f 432 572 431
f 433 574 573
f 433 573 432
f 434 575 574
f 434 574 433
f 435 576 575
f 435 575 434
f 436 577 576
f 436 576 435
f 437 578 577
f 437 577 436
f 438 579 578
f 438 578 437
f 439 580 579
f 439 579 438
f 440 581 580
f 440 580 439
f 441 582 581
f 441 581 440
f 442 583 582
f 442 582 441
f 443 584 583
f 443 583 442
f 444 585 584
f 444 584 443
f 445 586 585
f 445 585 444
f 446 587 586
f 446 586 445
f 447 588 587
f 447 587 446
f 448 589 588
f 448 588 447
f 449 590 589
f 449 589 448
f 450 591 590
f 450 590 449
f 451 592 591
f 451 591 450
f 452 593 592
f 452 592 451
f 453 594 593
f 453 593 452
f 454 595 594
f 454 594 453
f 455 596 595
f 455 595 454
f 456 597 596
f 456 596 455
f 457 598 597
f 457 597 456
f 458 599 598
f 458 598 457
f 459 600 599
f 459 599 458
f 460 601 600
f 460 600 459
f 461 602 601
f 461 601 460
f 603 604 605
f 604 462 464
f 604 603 462
f 659 660 661
f 662 659 663
f 662 664 659
f 659 661 663
f 665 664 666
f 665 667 664
f 664 662 666
f 668 667 669
f 668 670 667
f 667 665 669
f 671 670 672
f 671 673 670
f 670 668 672
f 674 673 675
f 674 676 673
f 673 671 675
f 536 677 676
f 537 676 674
f 537 536 676
f 541 678 677
f 541 677 536
f 544 679 678
f 544 678 541
f 547 680 679
f 547 679 544
f 550 681 680
f 550 680 547
f 553 682 681
f 553 681 550
f 556 683 682
f 556 682 553
f 559 684 683
f 559 683 556
f 560 685 684
f 560 684 559
f 561 686 685
f 561 685 560
f 562 687 686
f 562 686 561
f 563 688 687
f 563 687 562
f 564 689 688
f 564 688 563
f 565 690 689
f 565 689 564
f 566 691 690
f 566 690 565
f 567 692 691
f 567 691 566
f 568 693 692
f 568 692 567
f 569 694 693
f 569 693 568
f 570 695 694
f 570 694 569
f 571 696 695
f 571 695 570
f 572 697 696
f 572 696 571
f 573 698 697
f 573 697 572
f 574 699 698
f 574 698 573
f 575 700 699
f 575 699 574
f 576 701 700
f 576 700 575
f 577 702 701
f 577 701 576
f 578 703 702
f 578 702 577
f 579 704 703
f 579 703 578
f 580 705 704
f 580 704 579
f 581 706 705
f 581 705 580
f 582 707 706
f 582 706 581
f 583 708 707
f 583 707 582
f 584 709 708
f 584 708 583
f 585 710 709
f 585 709 584
f 586 711 710
f 586 710 585
f 587 712 711
f 587 711 586
f 588 713 712
f 588 712 587
f 589 714 713
f 589 713 588
f 590 715 714
f 590 714 589
f 591 716 715
f 591 715 590
f 592 717 716
f 592 716 591
f 593 718 717
f 593 717 592
f 594 719 718
f 594 718 593
f 595 720 719
f 595 719 594
f 596 721 720
f 596 720 595
f 597 722 721
f 597 721 596
f 598 723 722
f 598 722 597
f 599 724 723
f 599 723 598
f 600 725 724
f 600 724 599
f 601 726 725
f 601 725 600
f 602 727 726
f 602 726 601
f 728 730 729
f 728 731 730
f 729 603 605
f 729 730 603
f 731 732 733
f 732 731 728
f 781 782 783
f 784 781 785
f 784 786 781
f 781 783 785
f 787 786 788
f 787 789 786
f 786 784 788
f 659 790 789
f 660 789 787
f 660 659 789
f 664 791 790
f 664 790 659
f 667 792 791
f 667 791 664
f 670 793 792
f 670 792 667
f 673 794 793
f 673 793 670
f 676 795 794
f 676 794 673
f 677 796 795
f 677 795 676
f 678 797 796
f 678 796 677
f 679 798 797
f 679 797 678
f 680 799 798
f 680 798 679
f 681 800 799
f 681 799 680
f 682 801 800
f 682 800 681
f 683 802 801
f 683 801 682
f 684 803 802
f 684 802 683
f 685 804 803
f 685 803 684
f 686 805 804
f 686 804 685
f 687 806 805
f 687 805 686
f 688 807 806
f 688 806 687
f 689 808 807
f 689 807 688
f 690 809 808
f 690 808 689
f 691 810 809
f 691 809 690
f 692 811 810
f 692 810 691
f 693 812 811
f 693 811 692
f 694 813 812
f 694 812 693
f 695 814 813
f 695 813 694
f 696 815 814
f 696 814 695
f 697 816 815
f 697 815 696
f 698 817 816
f 698 816 697
f 699 818 817
f 699 817 698
f 700 819 818
f 700 818 699
f 701 820 819
f 701 819 700
f 702 821 820
f 702 820 701
f 703 822 821
f 703 821 702
f 704 823 822
f 704 822 703
f 705 824 823
f 705 823 704
f 706 825 824
f 706 824 705
f 707 826 825
f 707 825 706
f 708 827 826
f 708 826 707
f 709 828 827
f 709 827 708
f 710 829 828
f 710 828 709
f 711 830 829
f 711 829 710
f 712 831 830
f 712 830 711
f 713 832 831
f 713 831 712
f 714 833 832
f 714 832 713
f 715 834 833
f 715 833 714
f 716 835 834
f 716 834 715
f 717 836 835
f 717 835 716
f 718 837 836
f 718 836 717
f 719 838 837
f 719 837 718
f 720 839 838
f 720 838 719
f 721 840 839
f 721 839 720
f 722 841 840
f 722 840 721
f 723 842 841
f 723 841 722
f 724 843 842
f 724 842 723
f 725 844 843
f 725 843 724
f 726 845 844
f 726 844 725
f 727 846 845
f 727 845 726
f 848 731 849
f 848 850 731
f 731 850 730
f 731 733 849
f 781 898 899
f 781 899 782
f 786 901 902
f 898 786 902
f 898 781 786
f 789 904 905
f 901 789 905
f 901 786 789
f 907 909 908
f 907 790 909
f 904 790 907
f 904 789 790
f 791 910 909
f 791 909 790
f 792 911 910
f 792 910 791
f 793 912 911
f 793 911 792
f 794 913 912
f 794 912 793
f 795 914 913
f 795 913 794
f 796 915 914
f 796 914 795
f 797 916 915
f 797 915 796
f 798 917 916
f 798 916 797
f 799 918 917
f 799 917 798
f 800 919 918
f 800 918 799
f 801 920 919
f 801 919 800
f 802 921 920
f 802 920 801
f 803 922 921
f 803 921 802
f 804 923 922
f 804 922 803
f 805 924 923
f 805 923 804
f 806 925 924
f 806 924 805
f 807 926 925
f 807 925 806
f 808 927 926
f 808 926 807
f 809 928 927
f 809 927 808
f 810 929 928
f 810 928 809
f 811 930 929
f 811 929 810
f 812 931 930
f 812 930 811
f 813 932 931
f 813 931 812
f 814 933 932
f 814 932 813
f 815 934 933
f 815 933 814
f 816 935 934
f 816 934 815
f 817 936 935
f 817 935 816
f 818 937 936
f 818 936 817
f 819 938 937
f 819 937 818
f 820 939 938
f 820 938 819
f 821 940 939
f 821 939 820
f 822 941 940
f 822 940 821
f 823 942 941
f 823 941 822
f 824 943 942
f 824 942 823
f 825 944 943
f 825 943 824
f 826 945 944
f 826 944 825
f 827 946 945
f 827 945 826
f 828 947 946
f 828 946 827
f 829 948 947
f 829 947 828
f 830 949 948
f 830 948 829
f 831 950 949
f 831 949 830
f 832 951 950
f 832 950 831
f 833 952 951
f 833 951 832
f 834 953 952
f 834 952 833
f 835 954 953
f 835 953 834
f 836 955 954
f 836 954 835
f 837 956 955
f 837 955 836
f 838 957 956
f 838 956 837
f 839 958 957
f 839 957 838
f 840 959 958
f 840 958 839
f 841 960 959
f 841 959 840
f 842 961 960
f 842 960 841
f 843 962 961
f 843 961 842
f 844 963 962
f 844 962 843
f 845 964 963
f 845 963 844
f 846 965 964
f 846 964 845
f 966 967 968
f 967 850 848
f 967 966 850
f 909 1024 1025
f 909 1025 908
f 910 1027 1028
f 1024 910 1028
f 1024 909 910
f 911 1030 1031
f 1027 911 1031
f 1027 910 911
f 912 1033 1034
f 1030 912 1034
f 1030 911 912
f 913 1036 1037
f 1033 913 1037
f 1033 912 913
f 914 1039 1040
f 1036 914 1040
f 1036 913 914
f 1042 1044 1043
f 1042 915 1044
f 1039 915 1042
f 1039 914 915
f 916 1045 1044
f 916 1044 915
f 917 1046 1045
f 917 1045 916
f 918 1047 1046
f 918 1046 917
f 919 1048 1047
f 919 1047 918
f 920 1049 1048
f 920 1048 919
f 921 1050 1049
f 921 1049 920
f 922 1051 1050
f 922 1050 921
f 923 1052 1051
f 923 1051 922
f 924 1053 1052
f 924 1052 923
f 925 1054 1053
f 925 1053 924
f 926 1055 1054
f 926 1054 925
f 927 1056 1055
f 927 1055 926
f 928 1057 1056
f 928 1056 927
f 929 1058 1057
f 929 1057 928
f 930 1059 1058
f 930 1058 929
f 931 1060 1059
f 931 1059 930
f 932 1061 1060
f 932 1060 931
f 933 1062 1061
f 933 1061 932
f 934 1063 1062
f 934 1062 933
f 935 1064 1063
f 935 1063 934
f 936 1065 1064
f 936 1064 935
f 937 1066 1065
f 937 1065 936
f 938 1067 1066
f 938 1066 937
f 939 1068 1067
f 939 1067 938
f 940 1069 1068
f 940 1068 939
f 941 1070 1069
f 941 1069 940
f 942 1071 1070
f 942 1070 941
f 943 1072 1071
f 943 1071 942
f 944 1073 1072
f 944 1072 943
f 945 1074 1073
f 945 1073 944
f 946 1075 1074
f 946 1074 945
f 947 1076 1075
f 947 1075 946
f 948 1077 1076
f 948 1076 947
f 949 1078 1077
f 949 1077 948
f 950 1079 1078
f 950 1078 949
f 951 1080 1079
f 951 1079 950
f 952 1081 1080
f 952 1080 951
f 953 1082 1081
f 953 1081 952
f 954 1083 1082
f 954 1082 953
f 955 1084 1083
f 955 1083 954
f 956 1085 1084
f 956 1084 955
f 957 1086 1085
f 957 1085 956
f 958 1087 1086
f 958 1086 957
f 959 1088 1087
f 959 1087 958
f 960 1089 1088
f 960 1088 959
f 961 1090 1089
f 961 1089 960
f 962 1091 1090
f 962 1090 961
f 963 1092 1091
f 963 1091 962
f 964 1093 1092
f 964 1092 963
f 965 1094 1093
f 965 1093 964
f 1102 966 968
f 1044 1167 1168
f 1044 1168 1043
f 1045 1170 1171
f 1167 1045 1171
f 1167 1044 1045
f 1046 1173 1174
f 1170 1046 1174
f 1170 1045 1046
f 1047 1176 1177
f 1173 1047 1177
f 1173 1046 1047
f 1048 1179 1180
f 1176 1048 1180
f 1176 1047 1048
f 1049 1182 1183
f 1179 1049 1183
f 1179 1048 1049
f 1050 1185 1186
f 1182 1050 1186
f 1182 1049 1050
f 1051 1188 1189
f 1185 1051 1189
f 1185 1050 1051
f 1191 1193 1192
f 1191 1052 1193
f 1188 1052 1191
f 1188 1051 1052
f 1053 1194 1193
f 1053 1193 1052
f 1054 1195 1194
f 1054 1194 1053
f 1055 1196 1195
f 1055 1195 1054
f 1056 1197 1196
f 1056 1196 1055
f 1057 1198 1197
f 1057 1197 1056
f 1058 1199 1198
f 1058 1198 1057
f 1059 1200 1199
f 1059 1199 1058
f 1060 1201 1200
f 1060 1200 1059
f 1061 1202 1201
f 1061 1201 1060
f 1062 1203 1202
f 1062 1202 1061
f 1063 1204 1203
f 1063 1203 1062
f 1064 1205 1204
f 1064 1204 1063
f 1065 1206 1205
f 1065 1205 1064
f 1066 1207 1206
f 1066 1206 1065
f 1067 1208 1207
f 1067 1207 1066
f 1068 1209 1208
f 1068 1208 1067
f 1069 1210 1209
f 1069 1209 1068
f 1070 1211 1210
f 1070 1210 1069
f 1071 1212 1211
f 1071 1211 1070
f 1072 1213 1212
f 1072 1212 1071
f 1073 1214 1213
f 1073 1213 1072
f 1074 1215 1214
f 1074 1214 1073
f 1075 1216 1215
f 1075 1215 1074
f 1076 1217 1216
f 1076 1216 1075
f 1077 1218 1217
f 1077 1217 1076
f 1078 1219 1218
f 1078 1218 1077
f 1079 1220 1219
f 1079 1219 1078
f 1080 1221 1220
f 1080 1220 1079
f 1081 1222 1221
f 1081 1221 1080
f 1082 1223 1222
f 1082 1222 1081
f 1083 1224 1223
f 1083 1223 1082
f 1084 1225 1224
f 1084 1224 1083
f 1085 1226 1225
f 1085 1225 1084
f 1086 1227 1226
f 1086 1226 1085
f 1087 1228 1227
f 1087 1227 1086
f 1088 1229 1228
f 1088 1228 1087
f 1089 1230 1229
f 1089 1229 1088
f 1090 1231 1230
f 1090 1230 1089
f 1091 1232 1231
f 1091 1231 1090
f 1092 1233 1232
f 1092 1232 1091
f 1093 1234 1233
f 1093 1233 1092
f 1094 1235 1234
f 1094 1234 1093
f 1193 1375 1376
f 1193 1376 1192
f 1194 1378 1379
f 1375 1194 1379
f 1375 1193 1194
f 1195 1381 1382
f 1378 1195 1382
f 1378 1194 1195
f 1196 1384 1385
f 1381 1196 1385
f 1381 1195 1196
f 1197 1387 1388
f 1384 1197 1388
f 1384 1196 1197
f 1198 1390 1391
f 1387 1198 1391
f 1387 1197 1198
f 1199 1393 1394
f 1390 1199 1394
f 1390 1198 1199
f 1200 1396 1397
f 1393 1200 1397
f 1393 1199 1200
f 1201 1399 1400
f 1396 1201 1400
f 1396 1200 1201
f 1202 1402 1403
f 1399 1202 1403
f 1399 1201 1202
f 1203 1405 1406
f 1402 1203 1406
f 1402 1202 1203
f 1408 1410 1409
f 1408 1204 1410
f 1405 1204 1408
f 1405 1203 1204
f 1205 1411 1410
f 1205 1410 1204
f 1206 1412 1411
f 1206 1411 1205
f 1207 1413 1412
f 1207 1412 1206
f 1208 1414 1413
f 1208 1413 1207
f 1209 1415 1414
f 1209 1414 1208
f 1210 1416 1415
f 1210 1415 1209
f 1211 1417 1416
f 1211 1416 1210
f 1212 1418 1417
f 1212 1417 1211
f 1213 1419 1418
f 1213 1418 1212
f 1214 1420 1419
f 1214 1419 1213
f 1215 1421 1420
f 1215 1420 1214
f 1216 1422 1421
f 1216 1421 1215
f 1217 1423 1422
f 1217 1422 1216
f 1218 1424 1423
f 1218 1423 1217
f 1219 1425 1424
f 1219 1424 1218
f 1220 1426 1425
f 1220 1425 1219
f 1221 1427 1426
f 1221 1426 1220
f 1222 1428 1427
f 1222 1427 1221
f 1223 1429 1428
f 1223 1428 1222
f 1224 1430 1429
f 1224 1429 1223
f 1225 1431 1430
f 1225 1430 1224
f 1226 1432 1431
f 1226 1431 1225
f 1227 1433 1432
f 1227 1432 1226
f 1228 1434 1433
f 1228 1433 1227
f 1229 1435 1434
f 1229 1434 1228
f 1230 1436 1435
f 1230 1435 1229
f 1231 1437 1436
f 1231 1436 1230
f 1232 1438 1437
f 1232 1437 1231
f 1233 1439 1438
f 1233 1438 1232
f 1234 1440 1439
f 1234 1439 1233
f 1235 1441 1440
f 1235 1440 1234
f 1410 1561 1562
f 1410 1562 1409
f 1411 1564 1565
f 1561 1411 1565
f 1561 1410 1411
f 1412 1567 1568
f 1564 1412 1568
f 1564 1411 1412
f 1413 1570 1571
f 1567 1413 1571
f 1567 1412 1413
f 1414 1573 1574
f 1570 1414 1574
f 1570 1413 1414
f 1415 1576 1577
f 1573 1415 1577
f 1573 1414 1415
f 1579 1581 1580
f 1579 1416 1581
f 1576 1416 1579
f 1576 1415 1416
f 1417 1582 1581
f 1417 1581 1416
f 1418 1583 1582
f 1418 1582 1417
f 1419 1584 1583
f 1419 1583 1418
f 1420 1585 1584
f 1420 1584 1419
f 1421 1586 1585
f 1421 1585 1420
f 1422 1587 1586
f 1422 1586 1421
f 1423 1588 1587
f 1423 1587 1422
f 1424 1589 1588
f 1424 1588 1423
f 1425 1590 1589
f 1425 1589 1424
f 1426 1591 1590
f 1426 1590 1425
f 1427 1592 1591
f 1427 1591 1426
f 1428 1593 1592
f 1428 1592 1427
f 1429 1594 1593
f 1429 1593 1428
f 1430 1595 1594
f 1430 1594 1429
f 1431 1596 1595
f 1431 1595 1430
f 1432 1597 1596
f 1432 1596 1431
f 1433 1598 1597
f 1433 1597 1432
f 1434 1599 1598
f 1434 1598 1433
f 1435 1600 1599
f 1435 1599 1434
f 1436 1601 1600
f 1436 1600 1435
f 1437 1602 1601
f 1437 1601 1436
f 1438 1603 1602
f 1438 1602 1437
f 1439 1604 1603
f 1439 1603 1438
f 1440 1605 1604
f 1440 1604 1439
f 1441 1606 1605
f 1441 1605 1440

#List of body lines
l 1607 1608
l 1608 1609
l 1609 1610
l 1610 1611
l 1611 1612
l 1612 1613
l 1613 1614
l 1614 1615
l 1615 1616
l 1616 1617
l 1608 1618
l 1618 1619
l 1619 1609
l 1609 1620
l 1620 1611
l 1611 1621
l 1621 1613
l 1613 1622
l 1622 1615
l 1615 1623
l 1623 1624
l 1624 1616
l 1618 1625
l 1625 1626
l 1626 1619
l 1619 1627
l 1627 1620
l 1620 1628
l 1628 1621
l 1621 1629
l 1629 1622
l 1622 1630
l 1630 1623
l 1623 1631
l 1631 1632
l 1632 1624
l 1625 1633
l 1633 1634
l 1634 1626
l 1626 1635
l 1635 1627
l 1627 1636
l 1636 1628
l 1628 1637
l 1637 1629
l 1629 1638
l 1638 1630
l 1630 1639
l 1639 1631
l 1631 1640
l 1640 1641
l 1641 1632
l 1633 1642
l 1642 1643
l 1643 1634
l 1634 1644
l 1644 1635
l 1635 1645
l 1645 1636
l 1636 1646
l 1646 1637
l 1637 1647
l 1647 1638
l 1638 1648
l 1648 1639
l 1639 1649
l 1649 1640
l 1640 1650
l 1650 1651
l 1651 1641
l 1642 1652
l 1652 1653
l 1653 1643
l 1643 1654
l 1654 1644
l 1644 1655
l 1655 1645
l 1645 1656
l 1656 1646
l 1646 1657
l 1657 1647
l 1647 1658
l 1658 1648
l 1648 1659
l 1659 1649
l 1649 1660
l 1660 1650
l 1650 1661
l 1661 1662
l 1662 1651
l 1652 1663
l 1663 1664
l 1664 1653
l 1653 1665
l 1665 1654
l 1654 1666
l 1666 1655
l 1655 1667
l 1667 1656
l 1656 1668
l 1668 1657
l 1657 1669
l 1669 1658
l 1658 1670
l 1670 1659
l 1659 1671
l 1671 1660
l 1660 1672
l 1672 1661
l 1661 1673
l 1673 1674
l 1674 1662
l 1663 1675
l 1675 1676
l 1676 1664
l 1664 1677
l 1677 1665
l 1665 1678
l 1678 1666
l 1666 1679
l 1679 1667
l 1667 1680
l 1680 1668
l 1668 1681
l 1681 1669
l 1669 1682
l 1682 1670
l 1670 1683
l 1683 1671
l 1671 1684
l 1684 1672
l 1672 1685
l 1685 1673
l 1675 1686
l 1686 1687
l 1687 1676
l 1676 1688
l 1688 1677
l 1677 1689
l 1689 1678
l 1678 1690
l 1690 1679
l 1679 1691
l 1691 1680
l 1680 1692
l 1692 1681
l 1681 1693
l 1693 1682
l 1682 1694
l 1694 1683
l 1683 1695
l 1695 1684
l 1684 1696
l 1696 1685
l 1686 1697
l 1697 1698
l 1698 1687
l 1687 1699
l 1699 1688
l 1688 1700
l 1700 1689
l 1689 1701
l 1701 1690
l 1690 1702
l 1702 1691
l 1691 1703
l 1703 1692
l 1692 1704
l 1704 1693
l 1693 1705
l 1705 1694
l 1694 1706
l 1706 1695
l 1695 1707
l 1707 1696
l 1697 1708
l 1708 1709
l 1709 1698
l 1698 1710
l 1710 1699
l 1699 1711
l 1711 1700
l 1700 1712
l 1712 1701
l 1701 1713
l 1713 1702
l 1702 1714
l 1714 1703
l 1703 1715
l 1715 1704
l 1704 1716
l 1716 1705
l 1705 1717
l 1717 1706
l 1706 1718
l 1718 1707
l 1708 1719
l 1719 1720
l 1720 1709
l 1709 1721
l 1721 1710
l 1710 1722
l 1722 1711
l 1711 1723
l 1723 1712
l 1712 1724
l 1724 1713
l 1713 1725
l 1725 1714
l 1714 1726
l 1726 1715
l 1715 1727
l 1727 1716
l 1716 1728
l 1728 1717
l 1717 1729
l 1729 1718
l 1719 1730
l 1730 1731
l 1731 1720
l 1720 1732
l 1732 1721
l 1721 1733
l 1733 1722
l 1722 1734
l 1734 1723
l 1723 1735
l 1735 1724
l 1724 1736
l 1736 1725
l 1725 1737
l 1737 1726
l 1726 1738
l 1738 1727
l 1727 1739
l 1739 1728
l 1728 1740
l 1740 1729
l 1730 1741
l 1741 1742
l 1742 1731
l 1731 1743
l 1743 1732
l 1732 1744
l 1744 1733
l 1733 1745
l 1745 1734
l 1734 1746
l 1746 1735
l 1735 1747
l 1747 1736
l 1736 1748
l 1748 1737
l 1737 1749
l 1749 1738
l 1738 1750
l 1750 1739
l 1739 1751
l 1751 1740
l 1741 1752
l 1752 1753
l 1753 1742
l 1742 1754
l 1754 1743
l 1743 1755
l 1755 1744
l 1744 1756
l 1756 1745
l 1745 1757
l 1757 1746
l 1746 1758
l 1758 1747
l 1747 1759
l 1759 1748
l 1748 1760
l 1760 1749
l 1749 1761
l 1761 1750
l 1750 1762
l 1762 1751
l 1752 1763
l 1763 1764
l 1764 1753
l 1753 1765
l 1765 1754
l 1754 1766
l 1766 1755
l 1755 1767
l 1767 1756
l 1756 1768
l 1768 1757
l 1757 1769
l 1769 1758
l 1758 1770
l 1770 1759
l 1759 1771
l 1771 1760
l 1760 1772
l 1772 1761
l 1761 1773
l 1773 1762
l 1763 1774
l 1774 1775
l 1775 1764
l 1764 1776
l 1776 1765
l 1765 1777
l 1777 1766
l 1766 1778
l 1778 1767
l 1767 1779
l 1779 1768
l 1768 1780
l 1780 1769
l 1769 1781
l 1781 1770
l 1770 1782
l 1782 1771
l 1771 1783
l 1783 1772
l 1772 1784
l 1784 1773
l 1774 1785
l 1785 1786
l 1786 1775
l 1775 1787
l 1787 1776
l 1776 1788
l 1788 1777
l 1777 1789
l 1789 1778
l 1778 1790
l 1790 1779
l 1779 1791
l 1791 1780
l 1780 1792
l 1792 1781
l 1781 1793
l 1793 1782
l 1782 1794
l 1794 1783
l 1783 1795
l 1795 1784
l 1785 1796
l 1796 1797
l 1797 1786
l 1786 1798
l 1798 1787
l 1787 1799
l 1799 1788
l 1788 1800
l 1800 1789
l 1789 1801
l 1801 1790
l 1790 1802
l 1802 1791
l 1791 1803
l 1803 1792
l 1792 1804
l 1804 1793
l 1793 1805
l 1805 1794
l 1794 1806
l 1806 1795
l 1796 1807
l 1807 1808
l 1808 1797
l 1797 1809
l 1809 1798
l 1798 1810
l 1810 1799
l 1799 1811
l 1811 1800
l 1800 1812
l 1812 1801
l 1801 1813
l 1813 1802
l 1802 1814
l 1814 1803
l 1803 1815
l 1815 1804
l 1804 1816
l 1816 1805
l 1805 1817
l 1817 1806
l 1807 1818
l 1818 1819
l 1819 1808
l 1808 1820
l 1820 1809
l 1809 1821
l 1821 1810
l 1810 1822
l 1822 1811
l 1811 1823
l 1823 1812
l 1812 1824
l 1824 1813
l 1813 1825
l 1825 1814
l 1814 1826
l 1826 1815
l 1815 1827
l 1827 1816
l 1816 1828
l 1828 1817
l 1818 1829
l 1829 1830
l 1830 1819
l 1819 1831
l 1831 1820
l 1820 1832
l 1832 1821
l 1821 1833
l 1833 1822
l 1822 1834
l 1834 1823
l 1823 1835
l 1835 1824
l 1824 1836
l 1836 1825
l 1825 1837
l 1837 1826
l 1826 1838
l 1838 1827
l 1827 1839
l 1839 1828
l 1829 1840
l 1840 1841
l 1841 1830
l 1830 1842
l 1842 1831
l 1831 1843
l 1843 1832
l 1832 1844
l 1844 1833
l 1833 1845
l 1845 1834
l 1834 1846
l 1846 1835
l 1835 1847
l 1847 1836
l 1836 1848
l 1848 1837
l 1837 1849
l 1849 1838
l 1838 1850
l 1850 1839
l 1840 1851
l 1851 1852
l 1852 1841
l 1841 1853
l 1853 1842
l 1842 1854
l 1854 1843
l 1843 1855
l 1855 1844
l 1844 1856
l 1856 1845
l 1845 1857
l 1857 1846
l 1846 1858
l 1858 1847
l 1847 1859
l 1859 1848
l 1848 1860
l 1860 1849
l 1849 1861
l 1861 1850
l 1851 1862
l 1862 1863
l 1863 1852
l 1852 1864
l 1864 1853
l 1853 1865
l 1865 1854
l 1854 1866
l 1866 1855
l 1855 1867
l 1867 1856
l 1856 1868
l 1868 1857
l 1857 1869
l 1869 1858
l 1858 1870
l 1870 1859
l 1859 1871
l 1871 1860
l 1860 1872
l 1872 1861
l 1862 1873
l 1873 1874
l 1874 1863
l 1863 1875
l 1875 1864
l 1864 1876
l 1876 1865
l 1865 1877
l 1877 1866
l 1866 1878
l 1878 1867
l 1867 1879
l 1879 1868
l 1868 1880
l 1880 1869
l 1869 1881
l 1881 1870
l 1870 1882
l 1882 1871
l 1871 1883
l 1883 1872
l 1873 1884
l 1884 1885
l 1885 1874
l 1874 1886
l 1886 1875
l 1875 1887
l 1887 1876
l 1876 1888
l 1888 1877
l 1877 1889
l 1889 1878
l 1878 1890
l 1890 1879
l 1879 1891
l 1891 1880
l 1880 1892
l 1892 1881
l 1881 1893
l 1893 1882
l 1882 1894
l 1894 1883
l 1884 1895
l 1895 1896
l 1896 1885
l 1885 1897
l 1897 1886
l 1886 1898
l 1898 1887
l 1887 1899
l 1899 1888
l 1888 1900
l 1900 1889
l 1889 1901
l 1901 1890
l 1890 1902
l 1902 1891
l 1891 1903
l 1903 1892
l 1892 1904
l 1904 1893
l 1893 1905
l 1905 1894
l 1895 1906
l 1906 1907
l 1907 1896
l 1896 1908
l 1908 1897
l 1897 1909
l 1909 1898
l 1898 1910
l 1910 1899
l 1899 1911
l 1911 1900
l 1900 1912
l 1912 1901
l 1901 1913
l 1913 1902
l 1902 1914
l 1914 1903
l 1903 1915
l 1915 1904
l 1904 1916
l 1916 1905
l 1906 1917
l 1917 1918
l 1918 1907
l 1907 1919
l 1919 1908
l 1908 1920
l 1920 1909
l 1909 1921
l 1921 1910
l 1910 1922
l 1922 1911
l 1911 1923
l 1923 1912
l 1912 1924
l 1924 1913
l 1913 1925
l 1925 1914
l 1914 1926
l 1926 1915
l 1915 1927
l 1927 1916
l 1917 1928
l 1928 1929
l 1929 1918
l 1918 1930
l 1930 1919
l 1919 1931
l 1931 1920
l 1920 1932
l 1932 1921
l 1921 1933
l 1933 1922
l 1922 1934
l 1934 1923
l 1923 1935
l 1935 1924
l 1924 1936
l 1936 1925
l 1925 1937
l 1937 1926
l 1926 1938
l 1938 1927
l 1928 1939
l 1939 1940
l 1940 1929
l 1929 1941
l 1941 1930
l 1930 1942
l 1942 1931
l 1931 1943
l 1943 1932
l 1932 1944
l 1944 1933
l 1933 1945
l 1945 1934
l 1934 1946
l 1946 1935
l 1935 1947
l 1947 1936
l 1936 1948
l 1948 1937
l 1937 1949
l 1949 1938
l 1939 1950
l 1950 1951
l 1951 1940
l 1940 1952
l 1952 1941
l 1941 1953
l 1953 1942
l 1942 1954
l 1954 1943
l 1943 1955
l 1955 1944
l 1944 1956
l 1956 1945
l 1945 1957
l 1957 1946
l 1946 1958
l 1958 1947
l 1947 1959
l 1959 1948
l 1948 1960
l 1960 1949
l 1950 1961
l 1961 1962
l 1962 1951
l 1951 1963
l 1963 1952
l 1952 1964
l 1964 1953
l 1953 1965
l 1965 1954
l 1954 1966
l 1966 1955
l 1955 1967
l 1967 1956
l 1956 1968
l 1968 1957
l 1957 1969
l 1969 1958
l 1958 1970
l 1970 1959
l 1959 1971
l 1971 1960
l 1961 1972
l 1972 1973
l 1973 1962
l 1962 1974
l 1974 1963
l 1963 1975
l 1975 1964
l 1964 1976
l 1976 1965
l 1965 1977
l 1977 1966
l 1966 1978
l 1978 1967
l 1967 1979
l 1979 1968
l 1968 1980
l 1980 1969
l 1969 1981
l 1981 1970
l 1970 1982
l 1982 1971
l 1972 1983
l 1983 1984
l 1984 1973
l 1973 1985
l 1985 1974
l 1974 1986
l 1986 1975
l 1975 1987
l 1987 1976
l 1976 1988
l 1988 1977
l 1977 1989
l 1989 1978
l 1978 1990
l 1990 1979
l 1979 1991
l 1991 1980
l 1980 1992
l 1992 1981
l 1981 1993
l 1993 1982
l 1983 1994
l 1994 1995
l 1995 1984
l 1984 1996
l 1996 1985
l 1985 1997
l 1997 1986
l 1986 1998
l 1998 1987
l 1987 1999
l 1999 1988
l 1988 2000
l 2000 1989
l 1989 2001
l 2001 1990
l 1990 2002
l 2002 1991
l 1991 2003
l 2003 1992
l 1992 2004
l 2004 1993
l 1994 2005
l 2005 2006
l 2006 1995
l 1995 2007
l 2007 1996
l 1996 2008
l 2008 1997
l 1997 2009
l 2009 1998
l 1998 2010
l 2010 1999
l 1999 2011
l 2011 2000
l 2000 2012
l 2012 2001
l 2001 2013
l 2013 2002
l 2002 2014
l 2014 2003
l 2003 2015
l 2015 2004
l 2005 2016
l 2016 2017
l 2017 2006
l 2006 2018
l 2018 2007
l 2007 2019
l 2019 2008
l 2008 2020
l 2020 2009
l 2009 2021
l 2021 2010
l 2010 2022
l 2022 2011
l 2011 2023
l 2023 2012
l 2012 2024
l 2024 2013
l 2013 2025
l 2025 2014
l 2014 2026
l 2026 2015
l 2016 2027
l 2027 2028
l 2028 2017
l 2017 2029
l 2029 2018
l 2018 2030
l 2030 2019
l 2019 2031
l 2031 2020
l 2020 2032
l 2032 2021
l 2021 2033
l 2033 2022
l 2022 2034
l 2034 2023
l 2023 2035
l 2035 2024
l 2024 2036
l 2036 2025
l 2025 2037
l 2037 2026
l 2027 2038
l 2038 2039
l 2039 2028
l 2028 2040
l 2040 2029
l 2029 2041
l 2041 2030
l 2030 2042
l 2042 2031
l 2031 2043
l 2043 2032
l 2032 2044
l 2044 2033
l 2033 2045
l 2045 2034
l 2034 2046
l 2046 2035
l 2035 2047
l 2047 2036
l 2036 2048
l 2048 2037
l 2038 2049
l 2049 2050
l 2050 2039
l 2039 2051
l 2051 2040
l 2040 2052
l 2052 2041
l 2041 2053
l 2053 2042
l 2042 2054
l 2054 2043
l 2043 2055
l 2055 2044
l 2044 2056
l 2056 2045
l 2045 2057
l 2057 2046
l 2046 2058
l 2058 2047
l 2047 2059
l 2059 2048
l 2049 2060
l 2060 2061
l 2061 2050
l 2050 2062
l 2062 2051
l 2051 2063
l 2063 2052
l 2052 2064
l 2064 2053
l 2053 2065
l 2065 2054
l 2054 2066
l 2066 2055
l 2055 2067
l 2067 2056
l 2056 2068
l 2068 2057
l 2057 2069
l 2069 2058
l 2058 2070
l 2070 2059
l 2060 2071
l 2071 2072
l 2072 2061
l 2061 2073
l 2073 2062
l 2062 2074
l 2074 2063
l 2063 2075
l 2075 2064
l 2064 2076
l 2076 2065
l 2065 2077
l 2077 2066
l 2066 2078
l 2078 2067
l 2067 2079
l 2079 2068
l 2068 2080
l 2080 2069
l 2069 2081
l 2081 2070
l 2071 2082
l 2082 2083
l 2083 2072
l 2072 2084
l 2084 2073
l 2073 2085
l 2085 2074
l 2074 2086
l 2086 2075
l 2075 2087
l 2087 2076
l 2076 2088
l 2088 2077
l 2077 2089
l 2089 2078
l 2078 2090
l 2090 2079
l 2079 2091
l 2091 2080
l 2080 2092
l 2092 2081
l 2082 2093
l 2093 2094
l 2094 2083
l 2083 2095
l 2095 2084
l 2084 2096
l 2096 2085
l 2085 2097
l 2097 2086
l 2086 2098
l 2098 2087
l 2087 2099
l 2099 2088
l 2088 2100
l 2100 2089
l 2089 2101
l 2101 2090
l 2090 2102
l 2102 2091
l 2091 2103
l 2103 2092
l 2093 2104
l 2104 2105
l 2105 2094
l 2094 2106
l 2106 2095
l 2095 2107
l 2107 2096
l 2096 2108
l 2108 2097
l 2097 2109
l 2109 2098
l 2098 2110
l 2110 2099
l 2099 2111
l 2111 2100
l 2100 2112
l 2112 2101
l 2101 2113
l 2113 2102
l 2102 2114
l 2114 2103
l 2104 2115
l 2115 2116
l 2116 2105
l 2105 2117
l 2117 2106
l 2106 2118
l 2118 2107
l 2107 2119
l 2119 2108
l 2108 2120
l 2120 2109
l 2109 2121
l 2121 2110
l 2110 2122
l 2122 2111
l 2111 2123
l 2123 2112
l 2112 2124
l 2124 2113
l 2113 2125
l 2125 2114
l 2115 2126
l 2126 2127
l 2127 2116
l 2116 2128
l 2128 2117
l 2117 2129
l 2129 2118
l 2118 2130
l 2130 2119
l 2119 2131
l 2131 2120
l 2120 2132
l 2132 2121
l 2121 2133
l 2133 2122
l 2122 2134
l 2134 2123
l 2123 2135
l 2135 2124
l 2124 2136
l 2136 2125
l 2126 2137
l 2137 2138
l 2138 2127
l 2127 2139
l 2139 2128
l 2128 2140
l 2140 2129
l 2129 2141
l 2141 2130
l 2130 2142
l 2142 2131
l 2131 2143
l 2143 2132
l 2132 2144
l 2144 2133
l 2133 2145
l 2145 2134
l 2134 2146
l 2146 2135
l 2135 2147
l 2147 2136
l 2137 2148
l 2148 2149
l 2149 2138
l 2138 2150
l 2150 2139
l 2139 2151
l 2151 2140
l 2140 2152
l 2152 2141
l 2141 2153
l 2153 2142
l 2142 2154
l 2154 2143
l 2143 2155
l 2155 2144
l 2144 2156
l 2156 2145
l 2145 2157
l 2157 2146
l 2146 2158
l 2158 2147
l 2148 2159
l 2159 2160
l 2160 2149
l 2149 2161
l 2161 2150
l 2150 2162
l 2162 2151
l 2151 2163
l 2163 2152
l 2152 2164
l 2164 2153
l 2153 2165
l 2165 2154
l 2154 2166
l 2166 2155
l 2155 2167
l 2167 2156
l 2156 2168
l 2168 2157
l 2157 2169
l 2169 2158
l 2159 2170
l 2170 2171
l 2171 2160
l 2160 2172
l 2172 2161
l 2161 2173
l 2173 2162
l 2162 2174
l 2174 2163
l 2163 2175
l 2175 2164
l 2164 2176
l 2176 2165
l 2165 2177
l 2177 2166
l 2166 2178
l 2178 2167
l 2167 2179
l 2179 2168
l 2168 2180
l 2180 2169
l 2170 2181
l 2181 2182
l 2182 2171
l 2171 2183
l 2183 2172
l 2172 2184
l 2184 2173
l 2173 2185
l 2185 2174
l 2174 2186
l 2186 2175
l 2175 2187
l 2187 2176
l 2176 2188
l 2188 2177
l 2177 2189
l 2189 2178
l 2178 2190
l 2190 2179
l 2179 2191
l 2191 2180
l 2181 2192
l 2192 2193
l 2193 2182
l 2182 2194
l 2194 2183
l 2183 2195
l 2195 2184
l 2184 2196
l 2196 2185
l 2185 2197
l 2197 2186
l 2186 2198
l 2198 2187
l 2187 2199
l 2199 2188
l 2188 2200
l 2200 2189
l 2189 2201
l 2201 2190
l 2190 2202
l 2202 2191
l 2192 2203
l 2203 2204
l 2204 2193
l 2193 2205
l 2205 2194
l 2194 2206
l 2206 2195
l 2195 2207
l 2207 2196
l 2196 2208
l 2208 2197
l 2197 2209
l 2209 2198
l 2198 2210
l 2210 2199
l 2199 2211
l 2211 2200
l 2200 2212
l 2212 2201
l 2201 2213
l 2213 2202
l 2203 2214
l 2214 2215
l 2215 2204
l 2204 2216
l 2216 2205
l 2205 2217
l 2217 2206
l 2206 2218
l 2218 2207
l 2207 2219
l 2219 2208
l 2208 2220
l 2220 2209
l 2209 2221
l 2221 2210
l 2210 2222
l 2222 2211
l 2211 2223
l 2223 2212
l 2212 2224
l 2224 2213
l 2214 2225
l 2225 2226
l 2226 2215
l 2215 2227
l 2227 2216
l 2216 2228
l 2228 2217
l 2217 2229
l 2229 2218
l 2218 2230
l 2230 2219
l 2219 2231
l 2231 2220
l 2220 2232
l 2232 2221
l 2221 2233
l 2233 2222
l 2222 2234
l 2234 2223
l 2223 2235
l 2235 2224
l 2225 2236
l 2236 2237
l 2237 2226
l 2226 2238
l 2238 2227
l 2227 2239
l 2239 2228
l 2228 2240
l 2240 2229
l 2229 2241
l 2241 2230
l 2230 2242
l 2242 2231
l 2231 2243
l 2243 2232
l 2232 2244
l 2244 2233
l 2233 2245
l 2245 2234
l 2234 2246
l 2246 2235
l 2236 2247
l 2247 2248
l 2248 2237
l 2237 2249
l 2249 2238
l 2238 2250
l 2250 2239
l 2239 2251
l 2251 2240
l 2240 2252
l 2252 2241
l 2241 2253
l 2253 2242
l 2242 2254
l 2254 2243
l 2243 2255
l 2255 2244
l 2244 2256
l 2256 2245
l 2245 2257
l 2257 2246
l 2247 2258
l 2258 2259
l 2259 2248
l 2248 2260
l 2260 2249
l 2249 2261
l 2261 2250
l 2250 2262
l 2262 2251
l 2251 2263
l 2263 2252
l 2252 2264
l 2264 2253
l 2253 2265
l 2265 2254
l 2254 2266
l 2266 2255
l 2255 2267
l 2267 2256
l 2256 2268
l 2268 2257
l 2258 2269
l 2269 2270
l 2270 2259
l 2259 2271
l 2271 2260
l 2260 2272
l 2272 2261
l 2261 2273
l 2273 2262
l 2262 2274
l 2274 2263
l 2263 2275
l 2275 2264
l 2264 2276
l 2276 2265
l 2265 2277
l 2277 2266
l 2266 2278
l 2278 2267
l 2267 2279
l 2279 2268
l 2269 2280
l 2280 2281
l 2281 2270
l 2270 2282
l 2282 2271
l 2271 2283
l 2283 2272
l 2272 2284
l 2284 2273
l 2273 2285
l 2285 2274
l 2274 2286
l 2286 2275
l 2275 2287
l 2287 2276
l 2276 2288
l 2288 2277
l 2277 2289
l 2289 2278
l 2278 2290
l 2290 2279
l 2280 2291
l 2291 2292
l 2292 2281
l 2281 2293
l 2293 2282
l 2282 2294
l 2294 2283
l 2283 2295
l 2295 2284
l 2284 2296
l 2296 2285
l 2285 2297
l 2297 2286
l 2286 2298
l 2298 2287
l 2287 2299
l 2299 2288
l 2288 2300
l 2300 2289
l 2289 2301
l 2301 2290
l 2291 2302
l 2302 2303
l 2303 2292
l 2292 2304
l 2304 2293
l 2293 2305
l 2305 2294
l 2294 2306
l 2306 2295
l 2295 2307
l 2307 2296
l 2296 2308
l 2308 2297
l 2297 2309
l 2309 2298
l 2298 2310
l 2310 2299
l 2299 2311
l 2311 2300
l 2300 2312
l 2312 2301
l 2302 2313
l 2313 2314
l 2314 2303
l 2303 2315
l 2315 2304
l 2304 2316
l 2316 2305
l 2305 2317
l 2317 2306
l 2306 2318
l 2318 2307
l 2307 2319
l 2319 2308
l 2308 2320
l 2320 2309
l 2309 2321
l 2321 2310
l 2310 2322
l 2322 2311
l 2311 2323
l 2323 2312
l 2313 2324
l 2324 2325
l 2325 2314
l 2314 2326
l 2326 2315
l 2315 2327
l 2327 2316
l 2316 2328
l 2328 2317
l 2317 2329
l 2329 2318
l 2318 2330
l 2330 2319
l 2319 2331
l 2331 2320
l 2320 2332
l 2332 2321
l 2321 2333
l 2333 2322
l 2322 2334
l 2334 2323
l 2324 2335
l 2335 2336
l 2336 2325
l 2325 2337
l 2337 2326
l 2326 2338
l 2338 2327
l 2327 2339
l 2339 2328
l 2328 2340
l 2340 2329
l 2329 2341
l 2341 2330
l 2330 2342
l 2342 2331
l 2331 2343
l 2343 2332
l 2332 2344
l 2344 2333
l 2333 2345
l 2345 2334
l 2335 2346
l 2346 2347
l 2347 2336
l 2336 2348
l 2348 2337
l 2337 2349
l 2349 2338
l 2338 2350
l 2350 2339
l 2339 2351
l 2351 2340
l 2340 2352
l 2352 2341
l 2341 2353
l 2353 2342
l 2342 2354
l 2354 2343
l 2343 2355
l 2355 2344
l 2344 2356
l 2356 2345
l 2346 2357
l 2357 2358
l 2358 2347
l 2347 2359
l 2359 2348
l 2348 2360
l 2360 2349
l 2349 2361
l 2361 2350
l 2350 2362
l 2362 2351
l 2351 2363
l 2363 2352
l 2352 2364
l 2364 2353
l 2353 2365
l 2365 2354
l 2354 2366
l 2366 2355
l 2355 2367
l 2367 2356
l 2357 2368
l 2368 2369
l 2369 2358
l 2358 2370
l 2370 2359
l 2359 2371
l 2371 2360
l 2360 2372
l 2372 2361
l 2361 2373
l 2373 2362
l 2362 2374
l 2374 2363
l 2363 2375
l 2375 2364
l 2364 2376
l 2376 2365
l 2365 2377
l 2377 2366
l 2366 2378
l 2378 2367
l 2368 2379
l 2379 2380
l 2380 2369
l 2369 2381
l 2381 2370
l 2370 2382
l 2382 2371
l 2371 2383
l 2383 2372
l 2372 2384
l 2384 2373
l 2373 2385
l 2385 2374
l 2374 2386
l 2386 2375
l 2375 2387
l 2387 2376
l 2376 2388
l 2388 2377
l 2377 2389
l 2389 2378
l 2379 2390
l 2390 2391
l 2391 2380
l 2380 2392
l 2392 2381
l 2381 2393
l 2393 2382
l 2382 2394
l 2394 2383
l 2383 2395
l 2395 2384
l 2384 2396
l 2396 2385
l 2385 2397
l 2397 2386
l 2386 2398
l 2398 2387
l 2387 2399
l 2399 2388
l 2388 2400
l 2400 2389
l 2390 2401
l 2401 2402
l 2402 2391
l 2391 2403
l 2403 2392
l 2392 2404
l 2404 2393
l 2393 2405
l 2405 2394
l 2394 2406
l 2406 2395
l 2395 2407
l 2407 2396
l 2396 2408
l 2408 2397
l 2397 2409
l 2409 2398
l 2398 2410
l 2410 2399
l 2399 2411
l 2411 2400
l 2401 2412
l 2412 2413
l 2413 2402
l 2402 2414
l 2414 2403
l 2403 2415
l 2415 2404
l 2404 2416
l 2416 2405
l 2405 2417
l 2417 2406
l 2406 2418
l 2418 2407
l 2407 2419
l 2419 2408
l 2408 2420
l 2420 2409
l 2409 2421
l 2421 2410
l 2410 2422
l 2422 2411
l 2412 2423
l 2423 2424
l 2424 2413
l 2413 2425
l 2425 2414
l 2414 2426
l 2426 2415
l 2415 2427
l 2427 2416
l 2416 2428
l 2428 2417
l 2417 2429
l 2429 2418
l 2418 2430
l 2430 2419
l 2419 2431
l 2431 2420
l 2420 2432
l 2432 2421
l 2421 2433
l 2433 2422
l 2423 2434
l 2434 2435
l 2435 2424
l 2424 2436
l 2436 2425
l 2425 2437
l 2437 2426
l 2426 2438
l 2438 2427
l 2427 2439
l 2439 2428
l 2428 2440
l 2440 2429
l 2429 2441
l 2441 2430
l 2430 2442
l 2442 2431
l 2431 2443
l 2443 2432
l 2432 2444
l 2444 2433
l 2434 2445
l 2445 2446
l 2446 2435
l 2435 2447
l 2447 2436
l 2436 2448
l 2448 2437
l 2437 2449
l 2449 2438
l 2438 2450
l 2450 2439
l 2439 2451
l 2451 2440
l 2440 2452
l 2452 2441
l 2441 2453
l 2453 2442
l 2442 2454
l 2454 2443
l 2443 2455
l 2455 2444
l 2445 2456
l 2456 2457
l 2457 2446
l 2446 2458
l 2458 2447
l 2447 2459
l 2459 2448
l 2448 2460
l 2460 2449
l 2449 2461
l 2461 2450
l 2450 2462
l 2462 2451
l 2451 2463
l 2463 2452
l 2452 2464
l 2464 2453
l 2453 2465
l 2465 2454
l 2454 2466
l 2466 2455
l 2456 2467
l 2467 2468
l 2468 2457
l 2457 2469
l 2469 2458
l 2458 2470
l 2470 2459
l 2459 2471
l 2471 2460
l 2460 2472
l 2472 2461
l 2461 2473
l 2473 2462
l 2462 2474
l 2474 2463
l 2463 2475
l 2475 2464
l 2464 2476
l 2476 2465
l 2465 2477
l 2477 2466
l 2467 2478
l 2478 2479
l 2479 2468
l 2468 2480
l 2480 2469
l 2469 2481
l 2481 2470
l 2470 2482
l 2482 2471
l 2471 2483
l 2483 2472
l 2472 2484
l 2484 2473
l 2473 2485
l 2485 2474
l 2474 2486
l 2486 2475
l 2475 2487
l 2487 2476
l 2476 2488
l 2488 2477
l 2478 2489
l 2489 2490
l 2490 2479
l 2479 2491
l 2491 2480
l 2480 2492
l 2492 2481
l 2481 2493
l 2493 2482
l 2482 2494
l 2494 2483
l 2483 2495
l 2495 2484
l 2484 2496
l 2496 2485
l 2485 2497
l 2497 2486
l 2486 2498
l 2498 2487
l 2487 2499
l 2499 2488
l 2489 2500
l 2500 2501
l 2501 2490
l 2490 2502
l 2502 2491
l 2491 2503
l 2503 2492
l 2492 2504
l 2504 2493
l 2493 2505
l 2505 2494
l 2494 2506
l 2506 2495
l 2495 2507
l 2507 2496
l 2496 2508
l 2508 2497
l 2497 2509
l 2509 2498
l 2498 2510
l 2510 2499
l 2500 2511
l 2511 2512
l 2512 2501
l 2501 2513
l 2513 2502
l 2502 2514
l 2514 2503
l 2503 2515
l 2515 2504
l 2504 2516
l 2516 2505
l 2505 2517
l 2517 2506
l 2506 2518
l 2518 2507
l 2507 2519
l 2519 2508
l 2508 2520
l 2520 2509
l 2509 2521
l 2521 2510
l 2511 2522
l 2522 2523
l 2523 2512
l 2512 2524
l 2524 2513
l 2513 2525
l 2525 2514
l 2514 2526
l 2526 2515
l 2515 2527
l 2527 2516
l 2516 2528
l 2528 2517
l 2517 2529
l 2529 2518
l 2518 2530
l 2530 2519
l 2519 2531
l 2531 2520
l 2520 2532
l 2532 2521
l 2522 2533
l 2533 2534
l 2534 2523
l 2523 2535
l 2535 2524
l 2524 2536
l 2536 2525
l 2525 2537
l 2537 2526
l 2526 2538
l 2538 2527
l 2527 2539
l 2539 2528
l 2528 2540
l 2540 2529
l 2529 2541
l 2541 2530
l 2530 2542
l 2542 2531
l 2531 2543
l 2543 2532
l 2533 2544
l 2544 2545
l 2545 2534
l 2534 2546
l 2546 2535
l 2535 2547
l 2547 2536
l 2536 2548
l 2548 2537
l 2537 2549
l 2549 2538
l 2538 2550
l 2550 2539
l 2539 2551
l 2551 2540
l 2540 2552
l 2552 2541
l 2541 2553
l 2553 2542
l 2542 2554
l 2554 2543
l 2544 2555
l 2555 2556
l 2556 2545
l 2545 2557
l 2557 2546
l 2546 2558
l 2558 2547
l 2547 2559
l 2559 2548
l 2548 2560
l 2560 2549
l 2549 2561
l 2561 2550
l 2550 2562
l 2562 2551
l 2551 2563
l 2563 2552
l 2552 2564
l 2564 2553
l 2553 2565
l 2565 2554
l 2555 2566
l 2566 2567
l 2567 2556
l 2556 2568
l 2568 2557
l 2557 2569
l 2569 2558
l 2558 2570
l 2570 2559
l 2559 2571
l 2571 2560
l 2560 2572
l 2572 2561
l 2561 2573
l 2573 2562
l 2562 2574
l 2574 2563
l 2563 2575
l 2575 2564
l 2564 2576
l 2576 2565
l 2566 2577
l 2577 2578
l 2578 2567
l 2567 2579
l 2579 2568
l 2568 2580
l 2580 2569
l 2569 2581
l 2581 2570
l 2570 2582
l 2582 2571
l 2571 2583
l 2583 2572
l 2572 2584
l 2584 2573
l 2573 2585
l 2585 2574
l 2574 2586
l 2586 2575
l 2575 2587
l 2587 2576
l 2577 2588
l 2588 2589
l 2589 2578
l 2578 2590
l 2590 2579
l 2579 2591
l 2591 2580
l 2580 2592
l 2592 2581
l 2581 2593
l 2593 2582
l 2582 2594
l 2594 2583
l 2583 2595
l 2595 2584
l 2584 2596
l 2596 2585
l 2585 2597
l 2597 2586
l 2586 2598
l 2598 2587
l 2588 2599
l 2599 2600
l 2600 2589
l 2589 2601
l 2601 2590
l 2590 2602
l 2602 2591
l 2591 2603
l 2603 2592
l 2592 2604
l 2604 2593
l 2593 2605
l 2605 2594
l 2594 2606
l 2606 2595
l 2595 2607
l 2607 2596
l 2596 2608
l 2608 2597
l 2597 2609
l 2609 2598
l 2599 2610
l 2610 2611
l 2611 2600
l 2600 2612
l 2612 2601
l 2601 2613
l 2613 2602
l 2602 2614
l 2614 2603
l 2603 2615
l 2615 2604
l 2604 2616
l 2616 2605
l 2605 2617
l 2617 2606
l 2606 2618
l 2618 2607
l 2607 2619
l 2619 2608
l 2608 2620
l 2620 2609
l 2610 2621
l 2621 2622
l 2622 2611
l 2611 2623
l 2623 2612
l 2612 2624
l 2624 2613
l 2613 2625
l 2625 2614
l 2614 2626
l 2626 2615
l 2615 2627
l 2627 2616
l 2616 2628
l 2628 2617
l 2617 2629
l 2629 2618
l 2618 2630
l 2630 2619
l 2619 2631
l 2631 2620
l 2621 2632
l 2632 2633
l 2633 2622
l 2622 2634
l 2634 2623
l 2623 2635
l 2635 2624
l 2624 2636
l 2636 2625
l 2625 2637
l 2637 2626
l 2626 2638
l 2638 2627
l 2627 2639
l 2639 2628
l 2628 2640
l 2640 2629
l 2629 2641
l 2641 2630
l 2630 2642
l 2642 2631
l 2632 2643
l 2643 2644
l 2644 2633
l 2633 2645
l 2645 2634
l 2634 2646
l 2646 2635
l 2635 2647
l 2647 2636
l 2636 2648
l 2648 2637
l 2637 2649
l 2649 2638
l 2638 2650
l 2650 2639
l 2639 2651
l 2651 2640
l 2640 2652
l 2652 2641
l 2641 2653
l 2653 2642
l 2643 2654
l 2654 2655
l 2655 2644
l 2644 2656
l 2656 2645
l 2645 2657
l 2657 2646
l 2646 2658
l 2658 2647
l 2647 2659
l 2659 2648
l 2648 2660
l 2660 2649
l 2649 2661
l 2661 2650
l 2650 2662
l 2662 2651
l 2651 2663
l 2663 2652
l 2652 2664
l 2664 2653
l 2655 2665
l 2665 2656
l 2656 2666
l 2666 2657
l 2657 2667
l 2667 2658
l 2658 2668
l 2668 2659
l 2659 2669
l 2669 2660
l 2660 2670
l 2670 2661
l 2661 2671
l 2671 2662
l 2662 2672
l 2672 2663
l 2663 2673
l 2673 2664
l 2665 2674
l 2674 2666
l 2666 2675
l 2675 2667
l 2667 2676
l 2676 2668
l 2668 2677
l 2677 2669
l 2669 2678
l 2678 2670
l 2670 2679
l 2679 2671
l 2671 2680
l 2680 2672
l 2672 2681
l 2681 2673
l 2674 2682
l 2682 2675
l 2675 2683
l 2683 2676
l 2676 2684
l 2684 2677
l 2677 2685
l 2685 2678
l 2678 2686
l 2686 2679
l 2679 2687
l 2687 2680
l 2680 2688
l 2688 2681
l 2682 2689
l 2689 2683
l 2683 2690
l 2690 2684
l 2684 2691
l 2691 2685
l 2685 2692
l 2692 2686
l 2686 2693
l 2693 2687
l 2687 2694
l 2694 2688
l 2689 2695
l 2695 2690
l 2690 2696
l 2696 2691
l 2691 2697
l 2697 2692
l 2692 2698
l 2698 2693
l 2693 2699
l 2699 2694
l 2700 2701
l 2702 2700
l 2701 2703
l 2704 2701
l 2702 2704
l 2705 2702
l 2703 2706
l 2707 2703
l 2704 2707
l 2708 2704
l 2705 2708
l 2709 2705
l 2706 2695
l 2696 2706
l 2707 2696
l 2697 2707
l 2708 2697
l 2698 2708
l 2709 2698
l 2699 2709
l 1607 2710
l 1610 1607
l 2711 1610
l 1612 2711
l 2712 1612
l 1614 2712
l 1617 1614
l 2713 1617
l 2710 2714
l 2711 2710
l 2715 2711
l 2712 2715
l 2713 2712
l 2716 2713
l 2714 2717
l 2715 2714
l 2716 2715
l 2717 2716


