ISO-10303-21;
HEADER;
FILE_DESCRIPTION(('STEP AP214'),'1');
FILE_NAME('SMAStripDeformed_Comparison.stp','2026-01-09T02:49:56',(' '),(' '),'Spatial InterOp 3D',' ',' ');
FILE_SCHEMA(('AUTOMOTIVE_DESIGN { 1 0 10303 214 1 1 1 1 }'));
ENDSEC;
DATA;
#1=PRODUCT_DEFINITION_CONTEXT('',#9,'design');
#2=APPLICATION_PROTOCOL_DEFINITION('INTERNATIONAL STANDARD','automotive_design',1994,#9);
#3=PRODUCT_CATEGORY_RELATIONSHIP('NONE','NONE',#10,#11);
#4=SHAPE_DEFINITION_REPRESENTATION(#12,#13);
#5= (GEOMETRIC_REPRESENTATION_CONTEXT(3)GLOBAL_UNCERTAINTY_ASSIGNED_CONTEXT((#16))GLOBAL_UNIT_ASSIGNED_CONTEXT((#18,#19,#20))REPRESENTATION_CONTEXT('NONE','WORKSPACE'));
#9=APPLICATION_CONTEXT(' ');
#10=PRODUCT_CATEGORY('part','NONE');
#11=PRODUCT_RELATED_PRODUCT_CATEGORY('detail',' ',(#22));
#12=PRODUCT_DEFINITION_SHAPE('NONE','NONE',#23);
#13=MANIFOLD_SURFACE_SHAPE_REPRESENTATION('1',(#24,#25),#5);
#16=UNCERTAINTY_MEASURE_WITH_UNIT(LENGTH_MEASURE(1.0E-06),#18,'','');
#18= (CONVERSION_BASED_UNIT('MILLIMETRE',#28)LENGTH_UNIT()NAMED_UNIT(#31));
#19= (NAMED_UNIT(#33)PLANE_ANGLE_UNIT()SI_UNIT($,.RADIAN.));
#20= (NAMED_UNIT(#33)SOLID_ANGLE_UNIT()SI_UNIT($,.STERADIAN.));
#22=PRODUCT('1','','PART--DESC',(#39));
#23=PRODUCT_DEFINITION('','NONE',#40,#1);
#24=SHELL_BASED_SURFACE_MODEL('1',(#41));
#25=AXIS2_PLACEMENT_3D('',#42,#43,#44);
#28=LENGTH_MEASURE_WITH_UNIT(LENGTH_MEASURE(1.0),#45);
#31=DIMENSIONAL_EXPONENTS(1.0,0.0,0.0,0.0,0.0,0.0,0.0);
#33=DIMENSIONAL_EXPONENTS(0.0,0.0,0.0,0.0,0.0,0.0,0.0);
#39=PRODUCT_CONTEXT('',#9,'mechanical');
#40=PRODUCT_DEFINITION_FORMATION_WITH_SPECIFIED_SOURCE(' ','NONE',#22,.NOT_KNOWN.);
#41=CLOSED_SHELL('',(#46));
#42=CARTESIAN_POINT('',(0.0,0.0,0.0));
#43=DIRECTION('',(0.0,0.0,1.0));
#44=DIRECTION('',(1.0,0.0,0.0));
#45= (NAMED_UNIT(#31)LENGTH_UNIT()SI_UNIT(.MILLI.,.METRE.));
#46=FACE_SURFACE('',(#48),#49,.T.);
#48=FACE_BOUND('',#50,.T.);
#49=B_SPLINE_SURFACE_WITH_KNOTS('',3,3,((#51,#52,#53,#54,#55,#56,#57,#58,#59,#60,#61,#62,#63,#64,#65,#66,#67,#68,#69,#70,#71,#72,#73,#74,#75,#76,#77,#78,#79,#80,#81,#82,#83,#84,#85),(#86,#87,#88,#89,#90,#91,#92,#93,#94,#95,#96,#97,#98,#99,#100,#101,#102,#103,#104,#105,#106,#107,#108,#109,#110,#111,#112,#113,#114,#115,#116,#117,#118,#119,#120),(#121,#122,#123,#124,#125,#126,#127,#128,#129,#130,#131,#132,#133,#134,#135,#136,#137,#138,#139,#140,#141,#142,#143,#144,#145,#146,#147,#148,#149,#150,#151,#152,#153,#154,#155),(#156,#157,#158,#159,#160,#161,#162,#163,#164,#165,#166,#167,#168,#169,#170,#171,#172,#173,#174,#175,#176,#177,#178,#179,#180,#181,#182,#183,#184,#185,#186,#187,#188,#189,#190),(#191,#192,#193,#194,#195,#196,#197,#198,#199,#200,#201,#202,#203,#204,#205,#206,#207,#208,#209,#210,#211,#212,#213,#214,#215,#216,#217,#218,#219,#220,#221,#222,#223,#224,#225),(#226,#227,#228,#229,#230,#231,#232,#233,#234,#235,#236,#237,#238,#239,#240,#241,#242,#243,#244,#245,#246,#247,#248,#249,#250,#251,#252,#253,#254,#255,#256,#257,#258,#259,#260),(#261,#262,#263,#264,#265,#266,#267,#268,#269,#270,#271,#272,#273,#274,#275,#276,#277,#278,#279,#280,#281,#282,#283,#284,#285,#286,#287,#288,#289,#290,#291,#292,#293,#294,#295),(#296,#297,#298,#299,#300,#301,#302,#303,#304,#305,#306,#307,#308,#309,#310,#311,#312,#313,#314,#315,#316,#317,#318,#319,#320,#321,#322,#323,#324,#325,#326,#327,#328,#329,#330),(#331,#332,#333,#334,#335,#336,#337,#338,#339,#340,#341,#342,#343,#344,#345,#346,#347,#348,#349,#350,#351,#352,#353,#354,#355,#356,#357,#358,#359,#360,#361,#362,#363,#364,#365),(#366,#367,#368,#369,#370,#371,#372,#373,#374,#375,#376,#377,#378,#379,#380,#381,#382,#383,#384,#385,#386,#387,#388,#389,#390,#391,#392,#393,#394,#395,#396,#397,#398,#399,#400),(#401,#402,#403,#404,#405,#406,#407,#408,#409,#410,#411,#412,#413,#414,#415,#416,#417,#418,#419,#420,#421,#422,#423,#424,#425,#426,#427,#428,#429,#430,#431,#432,#433,#434,#435),(#436,#437,#438,#439,#440,#441,#442,#443,#444,#445,#446,#447,#448,#449,#450,#451,#452,#453,#454,#455,#456,#457,#458,#459,#460,#461,#462,#463,#464,#465,#466,#467,#468,#469,#470),(#471,#472,#473,#474,#475,#476,#477,#478,#479,#480,#481,#482,#483,#484,#485,#486,#487,#488,#489,#490,#491,#492,#493,#494,#495,#496,#497,#498,#499,#500,#501,#502,#503,#504,#505),(#506,#507,#508,#509,#510,#511,#512,#513,#514,#515,#516,#517,#518,#519,#520,#521,#522,#523,#524,#525,#526,#527,#528,#529,#530,#531,#532,#533,#534,#535,#536,#537,#538,#539,#540),(#541,#542,#543,#544,#545,#546,#547,#548,#549,#550,#551,#552,#553,#554,#555,#556,#557,#558,#559,#560,#561,#562,#563,#564,#565,#566,#567,#568,#569,#570,#571,#572,#573,#574,#575),(#576,#577,#578,#579,#580,#581,#582,#583,#584,#585,#586,#587,#588,#589,#590,#591,#592,#593,#594,#595,#596,#597,#598,#599,#600,#601,#602,#603,#604,#605,#606,#607,#608,#609,#610),(#611,#612,#613,#614,#615,#616,#617,#618,#619,#620,#621,#622,#623,#624,#625,#626,#627,#628,#629,#630,#631,#632,#633,#634,#635,#636,#637,#638,#639,#640,#641,#642,#643,#644,#645),(#646,#647,#648,#649,#650,#651,#652,#653,#654,#655,#656,#657,#658,#659,#660,#661,#662,#663,#664,#665,#666,#667,#668,#669,#670,#671,#672,#673,#674,#675,#676,#677,#678,#679,#680),(#681,#682,#683,#684,#685,#686,#687,#688,#689,#690,#691,#692,#693,#694,#695,#696,#697,#698,#699,#700,#701,#702,#703,#704,#705,#706,#707,#708,#709,#710,#711,#712,#713,#714,#715),(#716,#717,#718,#719,#720,#721,#722,#723,#724,#725,#726,#727,#728,#729,#730,#731,#732,#733,#734,#735,#736,#737,#738,#739,#740,#741,#742,#743,#744,#745,#746,#747,#748,#749,#750),(#751,#752,#753,#754,#755,#756,#757,#758,#759,#760,#761,#762,#763,#764,#765,#766,#767,#768,#769,#770,#771,#772,#773,#774,#775,#776,#777,#778,#779,#780,#781,#782,#783,#784,#785),(#786,#787,#788,#789,#790,#791,#792,#793,#794,#795,#796,#797,#798,#799,#800,#801,#802,#803,#804,#805,#806,#807,#808,#809,#810,#811,#812,#813,#814,#815,#816,#817,#818,#819,#820),(#821,#822,#823,#824,#825,#826,#827,#828,#829,#830,#831,#832,#833,#834,#835,#836,#837,#838,#839,#840,#841,#842,#843,#844,#845,#846,#847,#848,#849,#850,#851,#852,#853,#854,#855),(#856,#857,#858,#859,#860,#861,#862,#863,#864,#865,#866,#867,#868,#869,#870,#871,#872,#873,#874,#875,#876,#877,#878,#879,#880,#881,#882,#883,#884,#885,#886,#887,#888,#889,#890),(#891,#892,#893,#894,#895,#896,#897,#898,#899,#900,#901,#902,#903,#904,#905,#906,#907,#908,#909,#910,#911,#912,#913,#914,#915,#916,#917,#918,#919,#920,#921,#922,#923,#924,#925),(#926,#927,#928,#929,#930,#931,#932,#933,#934,#935,#936,#937,#938,#939,#940,#941,#942,#943,#944,#945,#946,#947,#948,#949,#950,#951,#952,#953,#954,#955,#956,#957,#958,#959,#960),(#961,#962,#963,#964,#965,#966,#967,#968,#969,#970,#971,#972,#973,#974,#975,#976,#977,#978,#979,#980,#981,#982,#983,#984,#985,#986,#987,#988,#989,#990,#991,#992,#993,#994,#995),(#996,#997,#998,#999,#1000,#1001,#1002,#1003,#1004,#1005,#1006,#1007,#1008,#1009,#1010,#1011,#1012,#1013,#1014,#1015,#1016,#1017,#1018,#1019,#1020,#1021,#1022,#1023,#1024,#1025,#1026,#1027,#1028,#1029,#1030),(#1031,#1032,#1033,#1034,#1035,#1036,#1037,#1038,#1039,#1040,#1041,#1042,#1043,#1044,#1045,#1046,#1047,#1048,#1049,#1050,#1051,#1052,#1053,#1054,#1055,#1056,#1057,#1058,#1059,#1060,#1061,#1062,#1063,#1064,#1065),(#1066,#1067,#1068,#1069,#1070,#1071,#1072,#1073,#1074,#1075,#1076,#1077,#1078,#1079,#1080,#1081,#1082,#1083,#1084,#1085,#1086,#1087,#1088,#1089,#1090,#1091,#1092,#1093,#1094,#1095,#1096,#1097,#1098,#1099,#1100),(#1101,#1102,#1103,#1104,#1105,#1106,#1107,#1108,#1109,#1110,#1111,#1112,#1113,#1114,#1115,#1116,#1117,#1118,#1119,#1120,#1121,#1122,#1123,#1124,#1125,#1126,#1127,#1128,#1129,#1130,#1131,#1132,#1133,#1134,#1135),(#1136,#1137,#1138,#1139,#1140,#1141,#1142,#1143,#1144,#1145,#1146,#1147,#1148,#1149,#1150,#1151,#1152,#1153,#1154,#1155,#1156,#1157,#1158,#1159,#1160,#1161,#1162,#1163,#1164,#1165,#1166,#1167,#1168,#1169,#1170),(#1171,#1172,#1173,#1174,#1175,#1176,#1177,#1178,#1179,#1180,#1181,#1182,#1183,#1184,#1185,#1186,#1187,#1188,#1189,#1190,#1191,#1192,#1193,#1194,#1195,#1196,#1197,#1198,#1199,#1200,#1201,#1202,#1203,#1204,#1205),(#1206,#1207,#1208,#1209,#1210,#1211,#1212,#1213,#1214,#1215,#1216,#1217,#1218,#1219,#1220,#1221,#1222,#1223,#1224,#1225,#1226,#1227,#1228,#1229,#1230,#1231,#1232,#1233,#1234,#1235,#1236,#1237,#1238,#1239,#1240),(#1241,#1242,#1243,#1244,#1245,#1246,#1247,#1248,#1249,#1250,#1251,#1252,#1253,#1254,#1255,#1256,#1257,#1258,#1259,#1260,#1261,#1262,#1263,#1264,#1265,#1266,#1267,#1268,#1269,#1270,#1271,#1272,#1273,#1274,#1275)),.UNSPECIFIED.,.F.,.F.,.F.,(4,1,1,1,1,1,1,1,1,1,1,1,1,1,1,1,1,1,1,1,1,1,1,1,1,1,1,1,1,1,1,1,4),(4,1,1,1,1,1,1,1,1,1,1,1,1,1,1,1,1,1,1,1,1,1,1,1,1,1,1,1,1,1,1,1,4),(0.0,1.0,2.0,3.0,4.0,5.0,6.0,7.0,8.0,9.0,10.0,11.0,12.0,13.0,14.0,15.0,16.0,17.0,18.0,19.0,20.0,21.0,22.0,23.0,24.0,25.0,26.0,27.0,28.0,29.0,30.0,31.0,32.0),(0.0,1.0,2.0,3.0,4.0,5.0,6.0,7.0,8.0,9.0,10.0,11.0,12.0,13.0,14.0,15.0,16.0,17.0,18.0,19.0,20.0,21.0,22.0,23.0,24.0,25.0,26.0,27.0,28.0,29.0,30.0,31.0,32.0),.UNSPECIFIED.);
#50=EDGE_LOOP('',(#1276,#1277,#1278,#1279));
#51=CARTESIAN_POINT('',(-0.019817278802247,0.0344994136079985,0.0166353817892365));
#52=CARTESIAN_POINT('',(-0.0182402844374131,0.0419118132305652,0.0107489467009938));
#53=CARTESIAN_POINT('',(-0.0101750825012438,0.0682941242088172,0.0045490297670045));
#54=CARTESIAN_POINT('',(0.00296400134167596,0.110318027291362,-0.00356926182983808));
#55=CARTESIAN_POINT('',(0.00034087225980417,0.115248863313199,-0.0295735770902121));
#56=CARTESIAN_POINT('',(0.000406579958241671,0.126507313578239,-0.0525267599677502));
#57=CARTESIAN_POINT('',(0.00116546103239912,0.139397002212724,-0.0746933708417115));
#58=CARTESIAN_POINT('',(0.00188207323323009,0.152187219906145,-0.0969079459242618));
#59=CARTESIAN_POINT('',(0.00269726484979926,0.165209423609159,-0.119010658936997));
#60=CARTESIAN_POINT('',(0.00353281923547644,0.178279546824723,-0.141090265487978));
#61=CARTESIAN_POINT('',(0.00431051974363117,0.191213523055793,-0.163235521185263));
#62=CARTESIAN_POINT('',(0.00502350263393725,0.203995199926975,-0.18545421459398));
#63=CARTESIAN_POINT('',(0.00566490416606846,0.216608425062874,-0.207754134279254));
#64=CARTESIAN_POINT('',(0.00622836226369716,0.229038226649254,-0.230142499547682));
#65=CARTESIAN_POINT('',(0.00670751485049559,0.241269632871878,-0.252626529705861));
#66=CARTESIAN_POINT('',(0.00710921357138883,0.253318767642147,-0.275198449913807));
#67=CARTESIAN_POINT('',(0.0074403100713018,0.265201754871461,-0.297850485331539));
#68=CARTESIAN_POINT('',(0.00770765599515966,0.276934718471221,-0.320574861119073));
#69=CARTESIAN_POINT('',(0.00791810298788725,0.288533782352829,-0.343363802436428));
#70=CARTESIAN_POINT('',(0.00807687686943154,0.300011244389093,-0.366211379333304));
#71=CARTESIAN_POINT('',(0.00818920345973922,0.311379402452821,-0.389111661859405));
#72=CARTESIAN_POINT('',(0.0082603085787572,0.322650554416824,-0.412058720064431));
#73=CARTESIAN_POINT('',(0.0082954180464323,0.333836998153908,-0.435046623998085));
#74=CARTESIAN_POINT('',(0.00829978856097763,0.344951104202417,-0.458069408671246));
#75=CARTESIAN_POINT('',(0.00827867682060635,0.356005243100692,-0.481121109094791));
#76=CARTESIAN_POINT('',(0.00823733952353167,0.367011785387075,-0.504195760279598));
#77=CARTESIAN_POINT('',(0.00818103336796677,0.377983101599908,-0.527287397236547));
#78=CARTESIAN_POINT('',(0.00811234596638821,0.388925281143234,-0.550393083696584));
#79=CARTESIAN_POINT('',(0.00803386493127262,0.399844413421098,-0.57350988339066));
#80=CARTESIAN_POINT('',(0.00794817787509661,0.410746587837543,-0.596634860049723));
#81=CARTESIAN_POINT('',(0.00785787241033675,0.421637893796613,-0.619765077404722));
#82=CARTESIAN_POINT('',(0.00776553614946979,0.432524420702351,-0.642897599186606));
#83=CARTESIAN_POINT('',(0.00767375670497217,0.443412257958801,-0.666029489126324));
#84=CARTESIAN_POINT('',(0.00761466669453781,0.450675749299605,-0.681448370345324));
#85=CARTESIAN_POINT('',(0.00758607702954106,0.45430974316314,-0.689156726891446));
#86=CARTESIAN_POINT('',(-0.0111983026788044,0.02584753671142,0.0124635058251138));
#87=CARTESIAN_POINT('',(-0.00943067698733591,0.033708547237574,0.00679338785144529));
#88=CARTESIAN_POINT('',(0.000343413399725434,0.0641123692949278,0.00253261610073902));
#89=CARTESIAN_POINT('',(0.0153734503095339,0.11058623440079,-0.00343993419300248));
#90=CARTESIAN_POINT('',(0.0120148226377527,0.113786228525696,-0.0302788495978094));
#91=CARTESIAN_POINT('',(0.0118154771295179,0.124420931578548,-0.0535327991220904));
#92=CARTESIAN_POINT('',(0.0124704369077268,0.137066063207107,-0.075817333714463));
#93=CARTESIAN_POINT('',(0.0130779374934362,0.14959950956543,-0.0981557221815515));
#94=CARTESIAN_POINT('',(0.0138294849168261,0.162471939988709,-0.120330654847116));
#95=CARTESIAN_POINT('',(0.0146266876418075,0.175451810602759,-0.142453780586298));
#96=CARTESIAN_POINT('',(0.0153711541322916,0.188307577533394,-0.164636748274236));
#97=CARTESIAN_POINT('',(0.0160551051063134,0.201020933869714,-0.186888385378368));
#98=CARTESIAN_POINT('',(0.016670761281908,0.213573572700818,-0.209217519366129));
#99=CARTESIAN_POINT('',(0.017211087482528,0.225948938212068,-0.231632133338292));
#100=CARTESIAN_POINT('',(0.0176690485316257,0.238130474588826,-0.254140210395633));
#101=CARTESIAN_POINT('',(0.0180511945724144,0.250133596221359,-0.276734317824416));
#102=CARTESIAN_POINT('',(0.0183640757481077,0.261973717499931,-0.299407022910905));
#103=CARTESIAN_POINT('',(0.0186142422019188,0.273666252814809,-0.322150892941364));
#104=CARTESIAN_POINT('',(0.0188082440770612,0.285226616556257,-0.344958495202057));
#105=CARTESIAN_POINT('',(0.0189513002465897,0.29666709024903,-0.367823907625607));
#106=CARTESIAN_POINT('',(0.0190486295835594,0.307999955417881,-0.390741208144635));
#107=CARTESIAN_POINT('',(0.0191054509610251,0.319237493587563,-0.413704474691766));
#108=CARTESIAN_POINT('',(0.0191269832520419,0.330391986282831,-0.436707785199622));
#109=CARTESIAN_POINT('',(0.0191184839274894,0.341475805860336,-0.459745173802303));
#110=CARTESIAN_POINT('',(0.0190852104582476,0.352501324676727,-0.482810674633913));
#111=CARTESIAN_POINT('',(0.0190324203151961,0.363480915088657,-0.505898321828553));
#112=CARTESIAN_POINT('',(0.0189653709692148,0.374426949452776,-0.529002149520326));
#113=CARTESIAN_POINT('',(0.0188866432135572,0.385345501125515,-0.552119229178228));
#114=CARTESIAN_POINT('',(0.0187988178414771,0.396242643463304,-0.57524663227126));
#115=CARTESIAN_POINT('',(0.018704475646228,0.407124449822573,-0.598381430268419));
#116=CARTESIAN_POINT('',(0.0186061974210635,0.417996993559755,-0.621520694638704));
#117=CARTESIAN_POINT('',(0.0185065639592373,0.428866348031278,-0.644661496851112));
#118=CARTESIAN_POINT('',(0.0184081560540031,0.439738586593573,-0.667800908374642));
#119=CARTESIAN_POINT('',(0.0183450883504107,0.446992717266573,-0.683224303243743));
#120=CARTESIAN_POINT('',(0.0183146190224644,0.450622287737011,-0.690934792719813));
#121=CARTESIAN_POINT('',(0.00569038343721812,0.00772185822558522,0.00372342742219794));
#122=CARTESIAN_POINT('',(0.00786938442606339,0.0165509543603734,-0.00147988628111945));
#123=CARTESIAN_POINT('',(0.0217406389726319,0.0565965942038765,-0.00109143933011319));
#124=CARTESIAN_POINT('',(0.0392672932265993,0.108945725366204,-0.00423097644800963));
#125=CARTESIAN_POINT('',(0.0355101441617133,0.111207882854206,-0.0315221102755409));
#126=CARTESIAN_POINT('',(0.0348351529601567,0.120723253381625,-0.0553157943007326));
#127=CARTESIAN_POINT('',(0.035269117235957,0.132848318378038,-0.0778511014720872));
#128=CARTESIAN_POINT('',(0.0356202754969713,0.144778516760599,-0.100480371994084));
#129=CARTESIAN_POINT('',(0.0362179164163755,0.157288760459167,-0.122829948625277));
#130=CARTESIAN_POINT('',(0.0369189511005406,0.170042319729492,-0.145062200149138));
#131=CARTESIAN_POINT('',(0.037580290655838,0.182702464827321,-0.167339495349141));
#132=CARTESIAN_POINT('',(0.0381919843650574,0.195245778823664,-0.189673125708553));
#133=CARTESIAN_POINT('',(0.0387440815109882,0.207648844789531,-0.21207438271064));
#134=CARTESIAN_POINT('',(0.0392280986108034,0.219891698624772,-0.23455289290818));
#135=CARTESIAN_POINT('',(0.039635552181676,0.231954376229237,-0.257118282853948));
#136=CARTESIAN_POINT('',(0.0399720315342679,0.243850030875007,-0.279764210129958));
#137=CARTESIAN_POINT('',(0.0402431259792411,0.255591815834166,-0.302484332318224));
#138=CARTESIAN_POINT('',(0.0404544248272577,0.267192884378793,-0.325272307000758));
#139=CARTESIAN_POINT('',(0.0406115173889796,0.278666389780971,-0.348121791759574));
#140=CARTESIAN_POINT('',(0.040719570910222,0.290024492071558,-0.371026923110823));
#141=CARTESIAN_POINT('',(0.0407837526368003,0.301279351281409,-0.393981837570653));
#142=CARTESIAN_POINT('',(0.0408092298145297,0.312443127441383,-0.416980671655215));
#143=CARTESIAN_POINT('',(0.0408011696892255,0.323527980582337,-0.440017561880658));
#144=CARTESIAN_POINT('',(0.040764797403422,0.334546206982932,-0.463086579065372));
#145=CARTESIAN_POINT('',(0.0407053380996534,0.345510102921827,-0.486181794027747));
#146=CARTESIAN_POINT('',(0.040628016920454,0.356431964677682,-0.509297277586172));
#147=CARTESIAN_POINT('',(0.0405380590083582,0.367324088529159,-0.532427100559037));
#148=CARTESIAN_POINT('',(0.0404380145882468,0.378192475896424,-0.555568369102516));
#149=CARTESIAN_POINT('',(0.0403304338850006,0.389043128199645,-0.57871818937278));
#150=CARTESIAN_POINT('',(0.0402178671235007,0.399882046858988,-0.601873667526004));
#151=CARTESIAN_POINT('',(0.0401028645286279,0.410715233294622,-0.625031909718362));
#152=CARTESIAN_POINT('',(0.039987976325263,0.421548688926712,-0.648190022106025));
#153=CARTESIAN_POINT('',(0.039875752738287,0.432388415175427,-0.671345110845169));
#154=CARTESIAN_POINT('',(0.0398044135744829,0.439623080699098,-0.686777891676366));
#155=CARTESIAN_POINT('',(0.0397700381702726,0.443243459037094,-0.694492813535937));
#156=CARTESIAN_POINT('',(0.0414666338369383,0.00510927454254893,0.00246365740907767));
#157=CARTESIAN_POINT('',(0.043657052377772,0.01396523949478,-0.00272670033393035));
#158=CARTESIAN_POINT('',(0.0565910951702904,0.0518053477540482,-0.00340174565337259));
#159=CARTESIAN_POINT('',(0.0745886107468831,0.105262552427359,-0.00600697729024918));
#160=CARTESIAN_POINT('',(0.0714775649295871,0.109045178596081,-0.0325649515017661));
#161=CARTESIAN_POINT('',(0.0699619326923143,0.116582276500196,-0.0573125450781798));
#162=CARTESIAN_POINT('',(0.0700073609611178,0.127793003374685,-0.0802887398487844));
#163=CARTESIAN_POINT('',(0.0698194991734821,0.138454730958948,-0.103529658328544));
#164=CARTESIAN_POINT('',(0.0701086979151443,0.150239120588806,-0.126229236835504));
#165=CARTESIAN_POINT('',(0.0706276131397293,0.162564099852028,-0.148668146712427));
#166=CARTESIAN_POINT('',(0.0711289008008619,0.17484759633638,-0.171127059302075));
#167=CARTESIAN_POINT('',(0.0715981914103377,0.187055794460755,-0.193622280246764));
#168=CARTESIAN_POINT('',(0.0720211154799523,0.199154878644045,-0.216170115188808));
#169=CARTESIAN_POINT('',(0.0723903162583304,0.211127536312602,-0.238778912133011));
#170=CARTESIAN_POINT('',(0.0726984369940967,0.222956454892779,-0.261457019084174));
#171=CARTESIAN_POINT('',(0.0729482682489757,0.23464820138717,-0.284201269478485));
#172=CARTESIAN_POINT('',(0.073142600584692,0.246209342798371,-0.307008496752133));
#173=CARTESIAN_POINT('',(0.07328422456297,0.257646446128977,-0.329875534341306));
#174=CARTESIAN_POINT('',(0.0733759307455342,0.268966078381584,-0.352799215682193));
#175=CARTESIAN_POINT('',(0.0734226395120215,0.280179818639199,-0.37577395742003));
#176=CARTESIAN_POINT('',(0.073429271242069,0.291299245984829,-0.398794176200053));
#177=CARTESIAN_POINT('',(0.0734007463153134,0.302335939501481,-0.421854288667498));
#178=CARTESIAN_POINT('',(0.0733419851113917,0.313301478272164,-0.444948711467603));
#179=CARTESIAN_POINT('',(0.0732581226954606,0.324207946597293,-0.468071617633217));
#180=CARTESIAN_POINT('',(0.0731542941326769,0.335067428777287,-0.491217180197192));
#181=CARTESIAN_POINT('',(0.0730356344881974,0.345892009112562,-0.51437957219238));
#182=CARTESIAN_POINT('',(0.0729072788271788,0.356693771903535,-0.53755296665163));
#183=CARTESIAN_POINT('',(0.0727716976348824,0.367478530919878,-0.560734560214905));
#184=CARTESIAN_POINT('',(0.0726313613965694,0.378252099931264,-0.583921549522164));
#185=CARTESIAN_POINT('',(0.0724887405975008,0.389020292707363,-0.607111131213368));
#186=CARTESIAN_POINT('',(0.072346305722938,0.39978892301785,-0.63030050192848));
#187=CARTESIAN_POINT('',(0.0722065272581421,0.410563804632394,-0.653486858307458));
#188=CARTESIAN_POINT('',(0.0720718756883743,0.421350751320669,-0.676667396990264));
#189=CARTESIAN_POINT('',(0.0719871728953886,0.428553968341787,-0.692115342074661));
#190=CARTESIAN_POINT('',(0.0719464994764875,0.432159525621192,-0.699837410547485));
#191=CARTESIAN_POINT('',(0.0766972141156936,0.00121257050873702,0.000584693330845154));
#192=CARTESIAN_POINT('',(0.0784355369559089,0.00900462291132115,-0.00511867577915948));
#193=CARTESIAN_POINT('',(0.0893724070074315,0.0421448033896965,-0.0080599941832285));
#194=CARTESIAN_POINT('',(0.108901104504752,0.0992053240401931,-0.00892773145951076));
#195=CARTESIAN_POINT('',(0.10920587044059,0.11102634780133,-0.0316096452385084));
#196=CARTESIAN_POINT('',(0.105719487011999,0.113925695508289,-0.0585935302932222));
#197=CARTESIAN_POINT('',(0.105259865419185,0.123947893305335,-0.0821428256696392));
#198=CARTESIAN_POINT('',(0.104338327743041,0.132883068338687,-0.106216276000469));
#199=CARTESIAN_POINT('',(0.104243773816316,0.143764376432272,-0.129351314257939));
#200=CARTESIAN_POINT('',(0.104563228942884,0.155619968127455,-0.15201655961517));
#201=CARTESIAN_POINT('',(0.104883718426618,0.167477993965603,-0.174680631245285));
#202=CARTESIAN_POINT('',(0.105185151827972,0.179291175304759,-0.197366326586613));
#203=CARTESIAN_POINT('',(0.105447438707401,0.191012233502967,-0.220096443077486));
#204=CARTESIAN_POINT('',(0.105671253744244,0.202642756276749,-0.242870215131837));
#205=CARTESIAN_POINT('',(0.105857271617838,0.214184331342631,-0.265686877163598));
#206=CARTESIAN_POINT('',(0.106003842628133,0.225633076477039,-0.288548301154469));
#207=CARTESIAN_POINT('',(0.10610931707508,0.236985109456403,-0.311456359086147));
#208=CARTESIAN_POINT('',(0.106172045258629,0.248236548057149,-0.334412922940332));
#209=CARTESIAN_POINT('',(0.106190377478732,0.259383510055707,-0.357419864698721));
#210=CARTESIAN_POINT('',(0.106168761598576,0.27043646256658,-0.38047213719017));
#211=CARTESIAN_POINT('',(0.106111645481351,0.281405872704275,-0.403564693243535));
#212=CARTESIAN_POINT('',(0.106023476990245,0.292302207583296,-0.426692485687671));
#213=CARTESIAN_POINT('',(0.105908703988446,0.303135934318147,-0.449850467351435));
#214=CARTESIAN_POINT('',(0.105772389915053,0.313918968652314,-0.473032892544678));
#215=CARTESIAN_POINT('',(0.105619598209161,0.324663226329283,-0.496234015577254));
#216=CARTESIAN_POINT('',(0.105455392309867,0.335380623092541,-0.519448090759014));
#217=CARTESIAN_POINT('',(0.105284835656269,0.346083074685571,-0.542669372399811));
#218=CARTESIAN_POINT('',(0.105110302009667,0.356776167258463,-0.565895166896215));
#219=CARTESIAN_POINT('',(0.104934165131362,0.367465486961304,-0.589122780644796));
#220=CARTESIAN_POINT('',(0.104758798782653,0.378156619944181,-0.612349520042125));
#221=CARTESIAN_POINT('',(0.104586576724843,0.388855152357181,-0.635572691484773));
#222=CARTESIAN_POINT('',(0.104419872719232,0.399566670350394,-0.658789601369308));
#223=CARTESIAN_POINT('',(0.104261060527119,0.410296760073905,-0.681997556092301));
#224=CARTESIAN_POINT('',(0.104162029448911,0.417466258476504,-0.697461760064316));
#225=CARTESIAN_POINT('',(0.104114620465823,0.421055965016216,-0.70519147165559));
#226=CARTESIAN_POINT('',(0.111196103104085,-0.00440601573988236,-0.00212455059427769));
#227=CARTESIAN_POINT('',(0.112120927830767,0.00147163922225212,-0.00875102907847475));
#228=CARTESIAN_POINT('',(0.120246198723594,0.0279953099098422,-0.0148827833258318));
#229=CARTESIAN_POINT('',(0.140082687620364,0.0857801531586276,-0.0154012571909268));
#230=CARTESIAN_POINT('',(0.147015236767907,0.113198276661319,-0.03056235597225));
#231=CARTESIAN_POINT('',(0.142111007408728,0.112761020908095,-0.0591551284329847));
#232=CARTESIAN_POINT('',(0.140753403339712,0.120670005010587,-0.0837234010237968));
#233=CARTESIAN_POINT('',(0.139114881280287,0.127917907454909,-0.108610442676283));
#234=CARTESIAN_POINT('',(0.138613097983262,0.137840886510958,-0.132207580652139));
#235=CARTESIAN_POINT('',(0.138697413169252,0.149143125601014,-0.155139648857246));
#236=CARTESIAN_POINT('',(0.138817229109146,0.16052890828051,-0.178031432913965));
#237=CARTESIAN_POINT('',(0.138933026696902,0.171905234609805,-0.200927776758183));
#238=CARTESIAN_POINT('',(0.139005286826476,0.183179104649259,-0.223873524325785));
#239=CARTESIAN_POINT('',(0.139052929951817,0.194395043724755,-0.246847205808654));
#240=CARTESIAN_POINT('',(0.139094876526874,0.205597577162176,-0.269827351398667));
#241=CARTESIAN_POINT('',(0.13912311106426,0.216767842190632,-0.292823056595153));
#242=CARTESIAN_POINT('',(0.13912961807659,0.227886976039234,-0.315843416897439));
#243=CARTESIAN_POINT('',(0.139106382076477,0.238936115937089,-0.338897527804853));
#244=CARTESIAN_POINT('',(0.139045387576537,0.249896399113308,-0.361994484816722));
#245=CARTESIAN_POINT('',(0.138950328048288,0.260776517379593,-0.385130096800792));
#246=CARTESIAN_POINT('',(0.138824896963251,0.271585162547647,-0.408300172624807));
#247=CARTESIAN_POINT('',(0.138672787792944,0.282331026429174,-0.431500521156512));
#248=CARTESIAN_POINT('',(0.138497694008887,0.293022800835875,-0.454726951263653));
#249=CARTESIAN_POINT('',(0.138304685911612,0.303672417658186,-0.477973709470133));
#250=CARTESIAN_POINT('',(0.138098833801651,0.314291808786542,-0.501235042299855));
#251=CARTESIAN_POINT('',(0.137885207979534,0.324892906111379,-0.524505196276724));
#252=CARTESIAN_POINT('',(0.137668878745793,0.335487641523131,-0.547778417924642));
#253=CARTESIAN_POINT('',(0.137452123056148,0.346081373360223,-0.571052123489409));
#254=CARTESIAN_POINT('',(0.137237217866317,0.356679459961081,-0.594323729216823));
#255=CARTESIAN_POINT('',(0.13702644013202,0.367287259664129,-0.617590651352682));
#256=CARTESIAN_POINT('',(0.136822066808975,0.377910130807793,-0.640850306142785));
#257=CARTESIAN_POINT('',(0.136626374852901,0.388553431730498,-0.664100109832929));
#258=CARTESIAN_POINT('',(0.136441641219517,0.399222520770668,-0.687337478668914));
#259=CARTESIAN_POINT('',(0.136327308982868,0.406356011101376,-0.70281904548733));
#260=CARTESIAN_POINT('',(0.136272728236898,0.409928840399116,-0.710556895169444));
#261=CARTESIAN_POINT('',(0.146456273734878,-0.00823308507723883,-0.00396993729734818));
#262=CARTESIAN_POINT('',(0.14638608315953,-0.00469699024379599,-0.0117255000873217));
#263=CARTESIAN_POINT('',(0.149638065449642,0.0103584163231908,-0.0233871729878067));
#264=CARTESIAN_POINT('',(0.169123137933689,0.0673162746412741,-0.0243044133397957));
#265=CARTESIAN_POINT('',(0.181756083766393,0.108149087916538,-0.0329970403088941));
#266=CARTESIAN_POINT('',(0.178863622698731,0.112446107515632,-0.0593069775205875));
#267=CARTESIAN_POINT('',(0.176226780792434,0.11734467327704,-0.0853268532801977));
#268=CARTESIAN_POINT('',(0.174087279859863,0.123413626862702,-0.110782376022413));
#269=CARTESIAN_POINT('',(0.173206624279355,0.132445009346259,-0.134809435777663));
#270=CARTESIAN_POINT('',(0.173001780478082,0.143066773317944,-0.158069624438534));
#271=CARTESIAN_POINT('',(0.17290191842449,0.15393558984662,-0.18121068604331));
#272=CARTESIAN_POINT('',(0.172821977096071,0.164851285630022,-0.204329142791551));
#273=CARTESIAN_POINT('',(0.172676895470317,0.175613687365885,-0.227521516882816));
#274=CARTESIAN_POINT('',(0.172517363764322,0.186342083864161,-0.250730288067457));
#275=CARTESIAN_POINT('',(0.17239407219518,0.197155763934798,-0.273897936095825));
#276=CARTESIAN_POINT('',(0.172290429949879,0.208015684573967,-0.29704328723778));
#277=CARTESIAN_POINT('',(0.172189846215409,0.218882802777837,-0.320185167763182));
#278=CARTESIAN_POINT('',(0.172075730178758,0.229718075542576,-0.34334240394189));
#279=CARTESIAN_POINT('',(0.171931491026917,0.240482459864354,-0.366533822043764));
#280=CARTESIAN_POINT('',(0.171759729739563,0.251182076604126,-0.389756470631446));
#281=CARTESIAN_POINT('',(0.171563047296375,0.261823046622844,-0.413007398267577));
#282=CARTESIAN_POINT('',(0.171344044677032,0.272411490781463,-0.4362836535148));
#283=CARTESIAN_POINT('',(0.171105322861212,0.282953529940937,-0.459582284935754));
#284=CARTESIAN_POINT('',(0.170852097534552,0.293461438125101,-0.482897374079955));
#285=CARTESIAN_POINT('',(0.170589584382692,0.303947489357789,-0.506223002496918));
#286=CARTESIAN_POINT('',(0.170322999091266,0.314423957662834,-0.529553251736157));
#287=CARTESIAN_POINT('',(0.170057557345915,0.324903117064073,-0.552882203347187));
#288=CARTESIAN_POINT('',(0.169795456117873,0.335390137673199,-0.57620736433745));
#289=CARTESIAN_POINT('',(0.169538892378376,0.345890189601909,-0.599526241714389));
#290=CARTESIAN_POINT('',(0.169290063098661,0.356408442961898,-0.622836342485444));
#291=CARTESIAN_POINT('',(0.169051165249963,0.366950067864861,-0.64613517365806));
#292=CARTESIAN_POINT('',(0.168824395803519,0.377520234422494,-0.669420242239678));
#293=CARTESIAN_POINT('',(0.168611951730565,0.388124112746492,-0.692689055237739));
#294=CARTESIAN_POINT('',(0.168481337245079,0.395219286214531,-0.708189098185705));
#295=CARTESIAN_POINT('',(0.168419149888329,0.398774214946843,-0.715935579398242));
#296=CARTESIAN_POINT('',(0.182439307275056,-0.0103590479455048,-0.00499506207625527));
#297=CARTESIAN_POINT('',(0.181673044855653,-0.0084610124197121,-0.0135404858796345));
#298=CARTESIAN_POINT('',(0.180476512152399,-0.00387425424345703,-0.030250069553725));
#299=CARTESIAN_POINT('',(0.196355973348793,0.0445985530271661,-0.0352587435844863));
#300=CARTESIAN_POINT('',(0.213452842766658,0.0959362755869518,-0.0388859750245849));
#301=CARTESIAN_POINT('',(0.216231558684134,0.113579222514056,-0.058760597205308));
#302=CARTESIAN_POINT('',(0.211566886100492,0.113705713462021,-0.0870815348560173));
#303=CARTESIAN_POINT('',(0.209257926780971,0.119375882223426,-0.112729348917569));
#304=CARTESIAN_POINT('',(0.208071278260802,0.127687174407153,-0.137103631298587));
#305=CARTESIAN_POINT('',(0.207434772697841,0.137293112825015,-0.160853644105409));
#306=CARTESIAN_POINT('',(0.207065481719655,0.147527884805774,-0.184300437661906));
#307=CARTESIAN_POINT('',(0.20678628516632,0.157974675147074,-0.207644997412621));
#308=CARTESIAN_POINT('',(0.206420062877915,0.168216668646561,-0.231088308802096));
#309=CARTESIAN_POINT('',(0.206048209538499,0.178445410646799,-0.254538009974027));
#310=CARTESIAN_POINT('',(0.205752119832135,0.188852446490353,-0.277901739072109));
#311=CARTESIAN_POINT('',(0.205507787670134,0.199381282875056,-0.301206736780909));
#312=CARTESIAN_POINT('',(0.205291206963808,0.209975426498745,-0.324480243784991));
#313=CARTESIAN_POINT('',(0.205078396422697,0.220578442416685,-0.347749472629365));
#314=CARTESIAN_POINT('',(0.204845374756339,0.231133895684144,-0.371041635859042));
#315=CARTESIAN_POINT('',(0.204593003288292,0.241643813245729,-0.39435575609517));
#316=CARTESIAN_POINT('',(0.204322143342114,0.252110222046049,-0.417690855958902));
#317=CARTESIAN_POINT('',(0.204033656241363,0.262535149029711,-0.441045958071386));
#318=CARTESIAN_POINT('',(0.203728403309597,0.272920621141322,-0.464420085053773));
#319=CARTESIAN_POINT('',(0.203411849168693,0.283279498224025,-0.487807035977507));
#320=CARTESIAN_POINT('',(0.20308945844053,0.293624640120962,-0.511200609914034));
#321=CARTESIAN_POINT('',(0.202766695746986,0.303968906675273,-0.534594605934798));
#322=CARTESIAN_POINT('',(0.202449025709938,0.314325157730102,-0.557982823111243));
#323=CARTESIAN_POINT('',(0.202138597789174,0.324698451588896,-0.581362822363985));
#324=CARTESIAN_POINT('',(0.201837561444478,0.335093846555105,-0.604732164613638));
#325=CARTESIAN_POINT('',(0.201548066135638,0.345516400932178,-0.628088410780819));
#326=CARTESIAN_POINT('',(0.201272261322441,0.355971173023563,-0.651429121786143));
#327=CARTESIAN_POINT('',(0.201012297715457,0.36646322407617,-0.674751857130907));
#328=CARTESIAN_POINT('',(0.200770326025257,0.37699761533691,-0.698054176316412));
#329=CARTESIAN_POINT('',(0.200622439983362,0.384052143814097,-0.71357381800144));
#330=CARTESIAN_POINT('',(0.200552212518736,0.387588151836349,-0.721329422651177));
#331=CARTESIAN_POINT('',(0.218292340903725,-0.0127909383798135,-0.00616770303862085));
#332=CARTESIAN_POINT('',(0.217360444467469,-0.0112826878241885,-0.0149010784931456));
#333=CARTESIAN_POINT('',(0.214512590246493,-0.01058196900598,-0.0334844838116333));
#334=CARTESIAN_POINT('',(0.222719397034545,0.0198348529876887,-0.0471996306558568));
#335=CARTESIAN_POINT('',(0.240672186296329,0.0731868036460659,-0.0498556150600551));
#336=CARTESIAN_POINT('',(0.252420997707414,0.111938991723061,-0.0595515052931557));
#337=CARTESIAN_POINT('',(0.247372153724754,0.111161415739909,-0.0883083778450396));
#338=CARTESIAN_POINT('',(0.244652931220044,0.115866116015805,-0.114421734218041));
#339=CARTESIAN_POINT('',(0.243253985483808,0.123677811162621,-0.139036918878987));
#340=CARTESIAN_POINT('',(0.241954831656998,0.131724345668997,-0.163538865604247));
#341=CARTESIAN_POINT('',(0.241235614341647,0.141135639299812,-0.187382734798339));
#342=CARTESIAN_POINT('',(0.240760233048488,0.151120749942627,-0.210949913347293));
#343=CARTESIAN_POINT('',(0.240192587288257,0.160888735485001,-0.23462178813714));
#344=CARTESIAN_POINT('',(0.239629121631088,0.170666558024501,-0.258288919594141));
#345=CARTESIAN_POINT('',(0.239166280647119,0.180681179658694,-0.281841868144555));
#346=CARTESIAN_POINT('',(0.238777172610169,0.190869316341912,-0.305311148923098));
#347=CARTESIAN_POINT('',(0.238434905794061,0.20116768402849,-0.328727277064483));
#348=CARTESIAN_POINT('',(0.23811268766552,0.21151323210249,-0.352120655145204));
#349=CARTESIAN_POINT('',(0.237783725691273,0.221842909947973,-0.375521685741752));
#350=CARTESIAN_POINT('',(0.237446185310369,0.232152400309955,-0.398932450605004));
#351=CARTESIAN_POINT('',(0.237098231961859,0.242437385933447,-0.422355031485835));
#352=CARTESIAN_POINT('',(0.236738031084792,0.252693549563463,-0.445791510135123));
#353=CARTESIAN_POINT('',(0.236363748118219,0.262916573945017,-0.469243968303744));
#354=CARTESIAN_POINT('',(0.235981165198854,0.273120066125924,-0.492705844766149));
#355=CARTESIAN_POINT('',(0.235596064463413,0.283317633154,-0.516170578296792));
#356=CARTESIAN_POINT('',(0.235214228048613,0.293522882077061,-0.539631607670127));
#357=CARTESIAN_POINT('',(0.234841438091168,0.30374941994292,-0.563082371660605));
#358=CARTESIAN_POINT('',(0.234479844664383,0.314002306498816,-0.586520430492658));
#359=CARTESIAN_POINT('',(0.234131597841563,0.324286601491983,-0.609943344390717));
#360=CARTESIAN_POINT('',(0.233798847696014,0.334607364669657,-0.633348673579213));
#361=CARTESIAN_POINT('',(0.233483744301038,0.344969655779074,-0.656733978282577));
#362=CARTESIAN_POINT('',(0.233188442733082,0.355378546341314,-0.680096813047973));
#363=CARTESIAN_POINT('',(0.232915098068591,0.365839107877454,-0.703434732422567));
#364=CARTESIAN_POINT('',(0.232748942945537,0.372850643898201,-0.718975104776536));
#365=CARTESIAN_POINT('',(0.232670243226735,0.376366714244584,-0.726740323237442));
#366=CARTESIAN_POINT('',(0.253939600302321,-0.0157070753695952,-0.00757384438357817));
#367=CARTESIAN_POINT('',(0.253351584753303,-0.0133895731643378,-0.015917004218257));
#368=CARTESIAN_POINT('',(0.251521859398128,-0.0102929012857439,-0.033345097330703));
#369=CARTESIAN_POINT('',(0.249764023074514,-0.00332577997437674,-0.0583675297283137));
#370=CARTESIAN_POINT('',(0.265887785805017,0.0457219397930494,-0.0630989848786452));
#371=CARTESIAN_POINT('',(0.281769515682826,0.0942000859302573,-0.0681050845443933));
#372=CARTESIAN_POINT('',(0.285022666837803,0.112959516828523,-0.0874413457776255));
#373=CARTESIAN_POINT('',(0.280238527619427,0.11280486807137,-0.115897847074508));
#374=CARTESIAN_POINT('',(0.278433960961761,0.119662019328213,-0.14097330628153));
#375=CARTESIAN_POINT('',(0.276611104019606,0.12647612823102,-0.166069520217773));
#376=CARTESIAN_POINT('',(0.275497365375038,0.134958998537563,-0.190361068799513));
#377=CARTESIAN_POINT('',(0.274734686604129,0.144268014734793,-0.214254255473724));
#378=CARTESIAN_POINT('',(0.273966072877964,0.15356306425778,-0.238154176782891));
#379=CARTESIAN_POINT('',(0.273247221052884,0.162975217993404,-0.261997631240317));
#380=CARTESIAN_POINT('',(0.272633827985229,0.172635546828549,-0.285721417359305));
#381=CARTESIAN_POINT('',(0.272100576189059,0.182484471362266,-0.309354263920182));
#382=CARTESIAN_POINT('',(0.271622148178439,0.192462412193605,-0.332924899703274));
#383=CARTESIAN_POINT('',(0.271176910764454,0.202518460143064,-0.356457872767328));
#384=CARTESIAN_POINT('',(0.270743230758188,0.212601706031139,-0.37997773117109));
#385=CARTESIAN_POINT('',(0.270315312421688,0.222698510802351,-0.403491051573984));
#386=CARTESIAN_POINT('',(0.269887360017001,0.23279523540122,-0.427004410635434));
#387=CARTESIAN_POINT('',(0.269453577806174,0.242878240772266,-0.450524385014866));
#388=CARTESIAN_POINT('',(0.269008170051254,0.25293388786001,-0.474057551371701));
#389=CARTESIAN_POINT('',(0.268557270009854,0.262976610001765,-0.497596950049241));
#390=CARTESIAN_POINT('',(0.268107010939587,0.273020840534844,-0.521135621390783));
#391=CARTESIAN_POINT('',(0.267663526098067,0.283081012796563,-0.544666605739626));
#392=CARTESIAN_POINT('',(0.267232948742907,0.293171560124233,-0.56818294343907));
#393=CARTESIAN_POINT('',(0.266817493337833,0.303297693794462,-0.591682121647117));
#394=CARTESIAN_POINT('',(0.266419374346571,0.313464625083857,-0.61516162752177));
#395=CARTESIAN_POINT('',(0.266040806232847,0.323677565269025,-0.638618948221032));
#396=CARTESIAN_POINT('',(0.265684003460387,0.333941725626572,-0.662051570902907));
#397=CARTESIAN_POINT('',(0.265351193000766,0.344262346867712,-0.685456968532231));
#398=CARTESIAN_POINT('',(0.265044601825562,0.354644669703659,-0.70883261407384));
#399=CARTESIAN_POINT('',(0.264859171879421,0.361610846464971,-0.724394858352994));
#400=CARTESIAN_POINT('',(0.264771569110946,0.365105965348499,-0.73217017946623));
#401=CARTESIAN_POINT('',(0.288914416090044,-0.0202056675686586,-0.0097430348253752));
#402=CARTESIAN_POINT('',(0.288581436606366,-0.0172879913954629,-0.0177967948707293));
#403=CARTESIAN_POINT('',(0.287691372177654,-0.0119800243182864,-0.0341586165372424));
#404=CARTESIAN_POINT('',(0.283035066432432,-0.0118338437683544,-0.0624700599963247));
#405=CARTESIAN_POINT('',(0.289762240666354,0.015100972886507,-0.0778642060396308));
#406=CARTESIAN_POINT('',(0.306835189564718,0.0663824035132867,-0.0815185810654609));
#407=CARTESIAN_POINT('',(0.318837075696428,0.105730149944196,-0.0909272971268037));
#408=CARTESIAN_POINT('',(0.316984281560995,0.112473807932327,-0.116057482013061));
#409=CARTESIAN_POINT('',(0.313456001943836,0.115274561733751,-0.14308890837582));
#410=CARTESIAN_POINT('',(0.311452746118103,0.121664139644739,-0.168389828257602));
#411=CARTESIAN_POINT('',(0.309935783904397,0.129198107727853,-0.193138931012331));
#412=CARTESIAN_POINT('',(0.308700511694793,0.137394974241685,-0.217568388670069));
#413=CARTESIAN_POINT('',(0.307712123823658,0.146172831341471,-0.24171769663429));
#414=CARTESIAN_POINT('',(0.306889628814685,0.155341082549646,-0.265678759225075));
#415=CARTESIAN_POINT('',(0.306152035191563,0.164709131388648,-0.289543480762502));
#416=CARTESIAN_POINT('',(0.305479989825878,0.174231434323849,-0.313333822027996));
#417=CARTESIAN_POINT('',(0.304854139589216,0.183862447820623,-0.33707174380298));
#418=CARTESIAN_POINT('',(0.304269372576724,0.193590142081482,-0.360763046773663));
#419=CARTESIAN_POINT('',(0.303720576883552,0.203402487308939,-0.384413531626253));
#420=CARTESIAN_POINT('',(0.30319642123814,0.21327281772847,-0.40803605641515));
#421=CARTESIAN_POINT('',(0.30268557436893,0.223174467565553,-0.431643479194754));
#422=CARTESIAN_POINT('',(0.302176705004363,0.233080771045667,-0.455248658019465));
#423=CARTESIAN_POINT('',(0.301658481872879,0.242965062394288,-0.47886445094368));
#424=CARTESIAN_POINT('',(0.301137387986513,0.252842598022512,-0.502483501430144));
#425=CARTESIAN_POINT('',(0.300619906357298,0.262728634341433,-0.526098452941596));
#426=CARTESIAN_POINT('',(0.30011251999727,0.272638427762145,-0.549701948940779));
#427=CARTESIAN_POINT('',(0.299621711918461,0.282587234695742,-0.573286632890435));
#428=CARTESIAN_POINT('',(0.299149840403857,0.292580604867338,-0.596849828751007));
#429=CARTESIAN_POINT('',(0.298699263736442,0.302624088002044,-0.620388860482942));
#430=CARTESIAN_POINT('',(0.298272340199201,0.312723233824971,-0.643901052046684));
#431=CARTESIAN_POINT('',(0.297871428075117,0.322883592061232,-0.667383727402677));
#432=CARTESIAN_POINT('',(0.297498910662877,0.333110771305152,-0.690834182125034));
#433=CARTESIAN_POINT('',(0.297157171261166,0.343410380151058,-0.714249711787866));
#434=CARTESIAN_POINT('',(0.296951452532835,0.350328811512535,-0.729834978572812));
#435=CARTESIAN_POINT('',(0.296854517269986,0.353801968325047,-0.737620889646735));
#436=CARTESIAN_POINT('',(0.323374283103253,-0.0259160838635531,-0.0124965585717922));
#437=CARTESIAN_POINT('',(0.323102881299657,-0.0228534975164093,-0.0204804439207217));
#438=CARTESIAN_POINT('',(0.322339851032415,-0.0172465821447966,-0.0366981147608903));
#439=CARTESIAN_POINT('',(0.319800105695423,-0.0121195199423259,-0.0626078110968039));
#440=CARTESIAN_POINT('',(0.317669618462444,-0.00602935450239872,-0.0880531056277286));
#441=CARTESIAN_POINT('',(0.329458811782479,0.0328178639401841,-0.0977031728674144));
#442=CARTESIAN_POINT('',(0.345623317851199,0.081961464621287,-0.10238839489585));
#443=CARTESIAN_POINT('',(0.353964126734265,0.112693632481702,-0.115951484116325));
#444=CARTESIAN_POINT('',(0.348891590969117,0.111860302850199,-0.144735240696755));
#445=CARTESIAN_POINT('',(0.346226528126611,0.116692456548511,-0.170787139899725));
#446=CARTESIAN_POINT('',(0.344521721850897,0.123784372971604,-0.195749396946568));
#447=CARTESIAN_POINT('',(0.342763128217614,0.130749712113268,-0.220772688694241));
#448=CARTESIAN_POINT('',(0.341491251192484,0.138860436859853,-0.245243683323966));
#449=CARTESIAN_POINT('',(0.340519721190014,0.147677965423021,-0.269373861979423));
#450=CARTESIAN_POINT('',(0.339662168624711,0.156763716014429,-0.293374705804294));
#451=CARTESIAN_POINT('',(0.338873782197619,0.166012234626752,-0.317297064000868));
#452=CARTESIAN_POINT('',(0.338109750609782,0.175318067252661,-0.341191785771434));
#453=CARTESIAN_POINT('',(0.337385926842394,0.184718520563331,-0.365040882093882));
#454=CARTESIAN_POINT('',(0.33671816387665,0.194250901229935,-0.388826363946104));
#455=CARTESIAN_POINT('',(0.336091178231067,0.203879242779602,-0.412565574115739));
#456=CARTESIAN_POINT('',(0.335489686424161,0.213567578739459,-0.436275855390425));
#457=CARTESIAN_POINT('',(0.334898407223332,0.223279947928905,-0.459974548005903));
#458=CARTESIAN_POINT('',(0.334302059395977,0.232980389167338,-0.483678992197915));
#459=CARTESIAN_POINT('',(0.333707043352863,0.242683964481068,-0.507381925160218));
#460=CARTESIAN_POINT('',(0.333119759504756,0.252405735896404,-0.53107608408657));
#461=CARTESIAN_POINT('',(0.332546608262422,0.262160765439655,-0.55475420617073));
#462=CARTESIAN_POINT('',(0.331993990036626,0.27196411513713,-0.578409028606456));
#463=CARTESIAN_POINT('',(0.331464340503891,0.281821516843422,-0.6020377875326));
#464=CARTESIAN_POINT('',(0.330960095340738,0.291738702413124,-0.625637719088014));
#465=CARTESIAN_POINT('',(0.330483690223688,0.301721403700828,-0.649206059411551));
#466=CARTESIAN_POINT('',(0.330037560829262,0.311775352561127,-0.672740044642065));
#467=CARTESIAN_POINT('',(0.329624327078247,0.321906714428906,-0.696236701848952));
#468=CARTESIAN_POINT('',(0.329246608891428,0.332121654739046,-0.71969305810161));
#469=CARTESIAN_POINT('',(0.329020220423537,0.338991444197303,-0.73530177968016));
#470=CARTESIAN_POINT('',(0.328913818757219,0.342442323811786,-0.743098432666863));
#471=CARTESIAN_POINT('',(0.357506316997315,-0.0323979867467368,-0.0156220878833369));
#472=CARTESIAN_POINT('',(0.357324426943862,-0.0291247532419502,-0.0235044006111594));
#473=CARTESIAN_POINT('',(0.356741939071226,-0.0230929691553702,-0.0395172026579936));
#474=CARTESIAN_POINT('',(0.355963652076308,-0.0138206836445348,-0.0634281006183862));
#475=CARTESIAN_POINT('',(0.351919601835903,-0.0122336879878139,-0.0910447928709257));
#476=CARTESIAN_POINT('',(0.353230619319507,0.00195533805316273,-0.112584872119411));
#477=CARTESIAN_POINT('',(0.367916991109386,0.0476204592725672,-0.118947393193063));
#478=CARTESIAN_POINT('',(0.382482982624492,0.0930022907263614,-0.125446514657376));
#479=CARTESIAN_POINT('',(0.386623875304615,0.113850835385616,-0.143775419499623));
#480=CARTESIAN_POINT('',(0.381433066220421,0.112739174267551,-0.172693385622414));
#481=CARTESIAN_POINT('',(0.379247284213956,0.118699215038384,-0.198201425380278));
#482=CARTESIAN_POINT('',(0.377027956069727,0.124580311999507,-0.223747531304153));
#483=CARTESIAN_POINT('',(0.375363966051586,0.131768280936707,-0.248663472484545));
#484=CARTESIAN_POINT('',(0.374100874452395,0.139899680343322,-0.273124497934371));
#485=CARTESIAN_POINT('',(0.37310549464326,0.148661083381335,-0.29728173993483));
#486=CARTESIAN_POINT('',(0.372240321981275,0.157728901671067,-0.321291230593127));
#487=CARTESIAN_POINT('',(0.371367851823531,0.166779546832837,-0.345309002016469));
#488=CARTESIAN_POINT('',(0.370522427301529,0.175893838234195,-0.36929608365766));
#489=CARTESIAN_POINT('',(0.369738391546768,0.185152595242693,-0.393213504969507));
#490=CARTESIAN_POINT('',(0.369001249871808,0.19452170764704,-0.417077713662987));
#491=CARTESIAN_POINT('',(0.368296507589208,0.20396706523595,-0.440905157449076));
#492=CARTESIAN_POINT('',(0.367609679007054,0.213454578967219,-0.464712273831164));
#493=CARTESIAN_POINT('',(0.366926278433432,0.222950159798645,-0.488515500312638));
#494=CARTESIAN_POINT('',(0.366251760332938,0.232466643670335,-0.512308647490824));
#495=CARTESIAN_POINT('',(0.365591579170171,0.242016866522399,-0.536085525963045));
#496=CARTESIAN_POINT('',(0.364951189409726,0.251613664294944,-0.559839946326626));
#497=CARTESIAN_POINT('',(0.364336045516201,0.261269872928078,-0.583565719178891));
#498=CARTESIAN_POINT('',(0.363748448279373,0.270990906848692,-0.607260233720163));
#499=CARTESIAN_POINT('',(0.36319069848902,0.280782180483678,-0.630920879150764));
#500=CARTESIAN_POINT('',(0.362665096934921,0.290649108259927,-0.654545044671019));
#501=CARTESIAN_POINT('',(0.362173944406853,0.30059710460433,-0.678130119481249));
#502=CARTESIAN_POINT('',(0.361720173605708,0.310633071014243,-0.701672775726555));
#503=CARTESIAN_POINT('',(0.361306717232374,0.32076390898702,-0.725169685552034));
#504=CARTESIAN_POINT('',(0.361059911069288,0.327585649675683,-0.740801575919203));
#505=CARTESIAN_POINT('',(0.36094420462601,0.331014632446277,-0.748608787414516));
#506=CARTESIAN_POINT('',(0.391364179883664,-0.0395250936773295,-0.0190587301810597));
#507=CARTESIAN_POINT('',(0.391311562974612,-0.0359476429006864,-0.0267943514176023));
#508=CARTESIAN_POINT('',(0.391075745300293,-0.0291000431050121,-0.0424137726999378));
#509=CARTESIAN_POINT('',(0.390485963340585,-0.0193841504721524,-0.0661107663350599));
#510=CARTESIAN_POINT('',(0.388844446764411,-0.0121432949958634,-0.0910012059874146));
#511=CARTESIAN_POINT('',(0.383485813063223,-0.0136498962027535,-0.120109609524368));
#512=CARTESIAN_POINT('',(0.389445890240477,0.0114797181812816,-0.136374211776663));
#513=CARTESIAN_POINT('',(0.404659208299742,0.0583848970880793,-0.142138785500624));
#514=CARTESIAN_POINT('',(0.417397558336826,0.0994657570837007,-0.15071180603484));
#515=CARTESIAN_POINT('',(0.419473692939087,0.115455326026048,-0.171383675790473));
#516=CARTESIAN_POINT('',(0.413774644510386,0.113147630050528,-0.200878361754948));
#517=CARTESIAN_POINT('',(0.411310674036279,0.118453012523378,-0.226702073274064));
#518=CARTESIAN_POINT('',(0.409447593606906,0.125172463872965,-0.251843930436144));
#519=CARTESIAN_POINT('',(0.407794640319394,0.132386405444294,-0.276747347789701));
#520=CARTESIAN_POINT('',(0.40657874526168,0.140628872026969,-0.301154817405602));
#521=CARTESIAN_POINT('',(0.405589799150591,0.149405415425934,-0.325304758827389));
#522=CARTESIAN_POINT('',(0.404617692702956,0.158221587446131,-0.349435591598604));
#523=CARTESIAN_POINT('',(0.403677345827209,0.167112498967404,-0.373530385492725));
#524=CARTESIAN_POINT('',(0.402783678431784,0.176113260869595,-0.39757221028323));
#525=CARTESIAN_POINT('',(0.401928307313851,0.185204145040531,-0.421570578731106));
#526=CARTESIAN_POINT('',(0.401102849270583,0.194365423368039,-0.445535003597337));
#527=CARTESIAN_POINT('',(0.400301514899501,0.203583471705849,-0.469472054352229));
#528=CARTESIAN_POINT('',(0.399518514798125,0.212844665907694,-0.493388300466085));
#529=CARTESIAN_POINT('',(0.398757063150771,0.222156569883216,-0.517280094673322));
#530=CARTESIAN_POINT('',(0.398020374141752,0.231526747542057,-0.541143789708359));
#531=CARTESIAN_POINT('',(0.397311661955384,0.240962762793859,-0.564975738305611));
#532=CARTESIAN_POINT('',(0.396634140775981,0.250472179548266,-0.588772293199497));
#533=CARTESIAN_POINT('',(0.395989618371738,0.260059252009125,-0.612531403041967));
#534=CARTESIAN_POINT('',(0.39537990251085,0.269728234380287,-0.636251016484975));
#535=CARTESIAN_POINT('',(0.394806800961513,0.2794833808656,-0.659929082180471));
#536=CARTESIAN_POINT('',(0.394272121491922,0.289328945668913,-0.683563548780408));
#537=CARTESIAN_POINT('',(0.39377918160409,0.299272735836436,-0.70715065178041));
#538=CARTESIAN_POINT('',(0.39333129880003,0.309322558414376,-0.730686626676103));
#539=CARTESIAN_POINT('',(0.393064959987847,0.316098333104087,-0.746340681534109));
#540=CARTESIAN_POINT('',(0.392940405929723,0.319506494866081,-0.754157932777602));
#541=CARTESIAN_POINT('',(0.424904582426016,-0.0473992770422516,-0.0228556076343445));
#542=CARTESIAN_POINT('',(0.424936741733256,-0.0436223231951269,-0.0304950298525168));
#543=CARTESIAN_POINT('',(0.424942864846442,-0.036205366425373,-0.0458399110895464));
#544=CARTESIAN_POINT('',(0.424504625924758,-0.0261328489899673,-0.0693649426799311));
#545=CARTESIAN_POINT('',(0.423291576219775,-0.0178836864655375,-0.0937691835584385));
#546=CARTESIAN_POINT('',(0.421191123368076,-0.0117228413993271,-0.119180396856173));
#547=CARTESIAN_POINT('',(0.417004025150754,-0.0104724791979452,-0.146959411462329));
#548=CARTESIAN_POINT('',(0.424712949634995,0.018772681064485,-0.161239525593196));
#549=CARTESIAN_POINT('',(0.439907056131678,0.0656326495821976,-0.167025899458074));
#550=CARTESIAN_POINT('',(0.451205941334297,0.103326030554974,-0.177232339247246));
#551=CARTESIAN_POINT('',(0.450992587352455,0.113927767598966,-0.200502184755906));
#552=CARTESIAN_POINT('',(0.445916143614177,0.113085241371143,-0.229290375872287));
#553=CARTESIAN_POINT('',(0.443866502732514,0.119365661767353,-0.254643930762362));
#554=CARTESIAN_POINT('',(0.441762570508576,0.12551831885968,-0.280059092245195));
#555=CARTESIAN_POINT('',(0.440178652494438,0.132894720488935,-0.304884172468105));
#556=CARTESIAN_POINT('',(0.438932403679315,0.141065755860493,-0.329326085726271));
#557=CARTESIAN_POINT('',(0.437848522720551,0.149618889977525,-0.353583753578358));
#558=CARTESIAN_POINT('',(0.436849154292515,0.158370906636284,-0.377745521626802));
#559=CARTESIAN_POINT('',(0.435856443069574,0.167138589633027,-0.401899735474042));
#560=CARTESIAN_POINT('',(0.434874021710685,0.175930487669823,-0.426042272994309));
#561=CARTESIAN_POINT('',(0.433905522874801,0.184755149448739,-0.450169012061838));
#562=CARTESIAN_POINT('',(0.432964909444646,0.193645433690035,-0.47426410842608));
#563=CARTESIAN_POINT('',(0.432066144302941,0.202634199113972,-0.498311717836488));
#564=CARTESIAN_POINT('',(0.431208476030392,0.211719677412611,-0.522312692959073));
#565=CARTESIAN_POINT('',(0.430391153207709,0.220900100278016,-0.54626788645985));
#566=CARTESIAN_POINT('',(0.429613424415597,0.23017369940225,-0.570178151004832));
#567=CARTESIAN_POINT('',(0.428874538234764,0.239538706477376,-0.594044339260031));
#568=CARTESIAN_POINT('',(0.428175305422423,0.248997029450701,-0.617865531226283));
#569=CARTESIAN_POINT('',(0.42751653673579,0.258550576269533,-0.641640806904424));
#570=CARTESIAN_POINT('',(0.426899042932077,0.26820125488118,-0.665369246295291));
#571=CARTESIAN_POINT('',(0.4263236347685,0.277950973232949,-0.689049929399719));
#572=CARTESIAN_POINT('',(0.425794082432225,0.287808603670754,-0.712678578033088));
#573=CARTESIAN_POINT('',(0.42531415611042,0.297783018540509,-0.736250914010781));
#574=CARTESIAN_POINT('',(0.425029802696975,0.304516399638922,-0.751925410769045));
#575=CARTESIAN_POINT('',(0.424897153721721,0.307905511708759,-0.759751847644025));
#576=CARTESIAN_POINT('',(0.45818333379519,-0.0558892016460143,-0.0269493913086891));
#577=CARTESIAN_POINT('',(0.458259737885205,-0.0520081269687534,-0.0345386071735115));
#578=CARTESIAN_POINT('',(0.458399467559815,-0.0442767551377195,-0.0497318796148321));
#579=CARTESIAN_POINT('',(0.458221472937217,-0.0335918072470064,-0.0729616014213705));
#580=CARTESIAN_POINT('',(0.457307496133668,-0.024638839283464,-0.0970264721227532));
#581=CARTESIAN_POINT('',(0.456330465308775,-0.015834255753838,-0.121162892784995));
#582=CARTESIAN_POINT('',(0.4535143359085,-0.0113576055615819,-0.147386213351191));
#583=CARTESIAN_POINT('',(0.450176533782275,-0.00810860287667413,-0.174201497162998));
#584=CARTESIAN_POINT('',(0.459361004259435,0.0246089458585977,-0.186807249281887));
#585=CARTESIAN_POINT('',(0.474217309510194,0.0706739698892615,-0.192976939950504));
#586=CARTESIAN_POINT('',(0.484174806648412,0.10521067497746,-0.204705507297293));
#587=CARTESIAN_POINT('',(0.482657760050193,0.112744444479294,-0.22945470580656));
#588=CARTESIAN_POINT('',(0.478221401628202,0.113408224991197,-0.257516566098176));
#589=CARTESIAN_POINT('',(0.47586015156741,0.118955338444196,-0.283223716589214));
#590=CARTESIAN_POINT('',(0.474065126543776,0.125834943938442,-0.308288348516278));
#591=CARTESIAN_POINT('',(0.472434333715143,0.133101035508709,-0.33316661949643));
#592=CARTESIAN_POINT('',(0.471122980900131,0.141118862251166,-0.357682408909434));
#593=CARTESIAN_POINT('',(0.469986098313094,0.149547268136114,-0.382000219863381));
#594=CARTESIAN_POINT('',(0.468878716168389,0.158045097133852,-0.406284555466365));
#595=CARTESIAN_POINT('',(0.46778225373918,0.166568623395108,-0.430556500024343));
#596=CARTESIAN_POINT('',(0.46667813029863,0.175074121070609,-0.454837137843272));
#597=CARTESIAN_POINT('',(0.465600440639564,0.183641825114843,-0.479087780175946));
#598=CARTESIAN_POINT('',(0.464583279554807,0.192351970482301,-0.503269738275156));
#599=CARTESIAN_POINT('',(0.463623733694617,0.201197701214503,-0.527386318037271));
#600=CARTESIAN_POINT('',(0.462718889709252,0.210172161352971,-0.551440825358654));
#601=CARTESIAN_POINT('',(0.461865866634432,0.219268571151625,-0.575436529386573));
#602=CARTESIAN_POINT('',(0.461061783505875,0.228480150864386,-0.599376699268295));
#603=CARTESIAN_POINT('',(0.460306037446601,0.237805481746542,-0.623262019112834));
#604=CARTESIAN_POINT('',(0.45959802557963,0.247243145053379,-0.647093173029201));
#605=CARTESIAN_POINT('',(0.458937145027981,0.256791722040184,-0.670870845126412));
#606=CARTESIAN_POINT('',(0.458322792914675,0.266449793962243,-0.69459571951348));
#607=CARTESIAN_POINT('',(0.45775898858658,0.276226819510644,-0.718263235274146));
#608=CARTESIAN_POINT('',(0.457249751390562,0.286132257376473,-0.741868831492154));
#609=CARTESIAN_POINT('',(0.45694931757918,0.292827796626035,-0.757561575331549));
#610=CARTESIAN_POINT('',(0.456809534977791,0.296200121200749,-0.76539610702205));
#611=CARTESIAN_POINT('',(0.49125621466552,-0.0648635993536433,-0.0312767846057137));
#612=CARTESIAN_POINT('',(0.491340269102892,-0.0609645211860768,-0.0388573193104395));
#613=CARTESIAN_POINT('',(0.491501552311628,-0.0531824276264064,-0.0540261340805418));
#614=CARTESIAN_POINT('',(0.491501932386754,-0.0420777122413572,-0.0770534468675028));
#615=CARTESIAN_POINT('',(0.491039699983956,-0.032061658438833,-0.100605704836127));
#616=CARTESIAN_POINT('',(0.49023376462433,-0.0228544375639805,-0.124547976519726));
#617=CARTESIAN_POINT('',(0.488948680265021,-0.0147747935123923,-0.149033958048358));
#618=CARTESIAN_POINT('',(0.485174993823343,-0.0125515532772702,-0.176343857509499));
#619=CARTESIAN_POINT('',(0.483103335642484,-0.00632294598366652,-0.201722396323868));
#620=CARTESIAN_POINT('',(0.492839612244996,0.0276931629036507,-0.213701991604068));
#621=CARTESIAN_POINT('',(0.50689173019954,0.0718657005524703,-0.220784226284027));
#622=CARTESIAN_POINT('',(0.517235254887679,0.107310840634209,-0.232074752479767));
#623=CARTESIAN_POINT('',(0.514429644594348,0.111812245341657,-0.258286136587763));
#624=CARTESIAN_POINT('',(0.510519130656707,0.113713490720616,-0.285751299769951));
#625=CARTESIAN_POINT('',(0.508406076942791,0.119844682296579,-0.311176811778207));
#626=CARTESIAN_POINT('',(0.506261787405773,0.125902366904546,-0.336637768344522));
#627=CARTESIAN_POINT('',(0.504503706265511,0.132868912091205,-0.361660478545534));
#628=CARTESIAN_POINT('',(0.503036423504597,0.140519790362169,-0.38635320800595));
#629=CARTESIAN_POINT('',(0.501772528436479,0.148649298972932,-0.410815145184625));
#630=CARTESIAN_POINT('',(0.500596864076208,0.156986440076582,-0.435176963392955));
#631=CARTESIAN_POINT('',(0.499394273438835,0.165260215826207,-0.459569335942333));
#632=CARTESIAN_POINT('',(0.498208686481328,0.173574006175338,-0.483942413725051));
#633=CARTESIAN_POINT('',(0.497084033160652,0.182031191077505,-0.5082463476334));
#634=CARTESIAN_POINT('',(0.496020570866257,0.190632376244876,-0.532480845597108));
#635=CARTESIAN_POINT('',(0.495018556987593,0.199378167389616,-0.556645615545904));
#636=CARTESIAN_POINT('',(0.494078378455955,0.208269475073494,-0.580740218413122));
#637=CARTESIAN_POINT('',(0.493200422202639,0.217307209858277,-0.604764215132094));
#638=CARTESIAN_POINT('',(0.492382342459441,0.226485851469773,-0.628720267541343));
#639=CARTESIAN_POINT('',(0.491621793458159,0.235799879633787,-0.652611037479394));
#640=CARTESIAN_POINT('',(0.490916429430592,0.245243774076128,-0.676439186784768));
#641=CARTESIAN_POINT('',(0.490263904608537,0.254812014522603,-0.700207377295989));
#642=CARTESIAN_POINT('',(0.489668012563622,0.264513528349552,-0.723911304293142));
#643=CARTESIAN_POINT('',(0.489132546867472,0.274357242933319,-0.747546663056311));
#644=CARTESIAN_POINT('',(0.488818383016968,0.281020471411269,-0.763254986929157));
#645=CARTESIAN_POINT('',(0.488672636673719,0.284378761568494,-0.771096285919945));
#646=CARTESIAN_POINT('',(0.524150862703532,-0.074257430705085,-0.0358064259418729));
#647=CARTESIAN_POINT('',(0.524227849796862,-0.0703749840516175,-0.0433949802491365));
#648=CARTESIAN_POINT('',(0.524364681324283,-0.0626504324030396,-0.0585915413358688));
#649=CARTESIAN_POINT('',(0.524470836791516,-0.0512967967850583,-0.0814988264861486));
#650=CARTESIAN_POINT('',(0.524430236588669,-0.0402885199017779,-0.104572641260176));
#651=CARTESIAN_POINT('',(0.52396177259356,-0.0302871308466833,-0.128131970469879));
#652=CARTESIAN_POINT('',(0.522782676644972,-0.0219580652674638,-0.152497682640948));
#653=CARTESIAN_POINT('',(0.521449654699071,-0.0139912322864181,-0.177038060897517));
#654=CARTESIAN_POINT('',(0.517640647218813,-0.0118511127183624,-0.204388040576766));
#655=CARTESIAN_POINT('',(0.514815983425445,-0.00739454643290294,-0.230621045465686));
#656=CARTESIAN_POINT('',(0.525293568448737,0.0283660765715524,-0.241759447950223));
#657=CARTESIAN_POINT('',(0.539066790604951,0.0718822913677536,-0.249158157028313));
#658=CARTESIAN_POINT('',(0.549197649438604,0.106826966899265,-0.260690003812978));
#659=CARTESIAN_POINT('',(0.547221410397011,0.113280123153638,-0.285960266651694));
#660=CARTESIAN_POINT('',(0.542644441835671,0.113613007150364,-0.314181682983552));
#661=CARTESIAN_POINT('',(0.54008515411883,0.118694080454596,-0.340113554852182));
#662=CARTESIAN_POINT('',(0.538118005411792,0.125168628907569,-0.3653735025188));
#663=CARTESIAN_POINT('',(0.536260926000816,0.131902202397169,-0.390508550081392));
#664=CARTESIAN_POINT('',(0.534724402543165,0.139390137189342,-0.415279849774696));
#665=CARTESIAN_POINT('',(0.533370792287234,0.147308519894512,-0.439843590423471));
#666=CARTESIAN_POINT('',(0.532062452481419,0.155333437123105,-0.464355960852474));
#667=CARTESIAN_POINT('',(0.530799783243341,0.163465830468143,-0.488816507031979));
#668=CARTESIAN_POINT('',(0.529583184690619,0.171706641522651,-0.513224774932258));
#669=CARTESIAN_POINT('',(0.528416889008928,0.180065829849271,-0.537575962120211));
#670=CARTESIAN_POINT('',(0.527305128383942,0.188553355010645,-0.561865266162734));
#671=CARTESIAN_POINT('',(0.526260349724235,0.197198508199367,-0.586078563046762));
#672=CARTESIAN_POINT('',(0.525294999938381,0.206030580608028,-0.610201728759229));
#673=CARTESIAN_POINT('',(0.524404748476115,0.215039381193516,-0.634239677351537));
#674=CARTESIAN_POINT('',(0.523585264787169,0.224214718912721,-0.65819732287509));
#675=CARTESIAN_POINT('',(0.522832218321278,0.233546402722531,-0.682079579381291));
#676=CARTESIAN_POINT('',(0.522141278528174,0.243024241579834,-0.705891360921545));
#677=CARTESIAN_POINT('',(0.521515266859818,0.252654875180925,-0.729629465879633));
#678=CARTESIAN_POINT('',(0.520957004768168,0.2624449432221,-0.753290692639339));
#679=CARTESIAN_POINT('',(0.520631877392847,0.269082371340469,-0.769011457269409));
#680=CARTESIAN_POINT('',(0.520481545785291,0.272429871038432,-0.776857959345975));
#681=CARTESIAN_POINT('',(0.556894915575752,-0.0840056562402856,-0.0405069537336211));
#682=CARTESIAN_POINT('',(0.556971994377657,-0.0801229937698958,-0.0480954039754383));
#683=CARTESIAN_POINT('',(0.557104416820185,-0.0724088179792248,-0.0632969682300066));
#684=CARTESIAN_POINT('',(0.557253018669648,-0.0609552936901481,-0.0861560877451285));
#685=CARTESIAN_POINT('',(0.557366762374296,-0.049583800744605,-0.109054762213989));
#686=CARTESIAN_POINT('',(0.557170884035617,-0.0389409384343281,-0.132304777400051));
#687=CARTESIAN_POINT('',(0.556390619755101,-0.0296733060510496,-0.15621791906678));
#688=CARTESIAN_POINT('',(0.555273154718171,-0.0211992050285166,-0.180513696137392));
#689=CARTESIAN_POINT('',(0.553685696482347,-0.0138311345695741,-0.205342793593741));
#690=CARTESIAN_POINT('',(0.54996727595495,-0.0114778375794548,-0.232589980575656));
#691=CARTESIAN_POINT('',(0.546804732206193,-0.00781640100728911,-0.259206391583145));
#692=CARTESIAN_POINT('',(0.556744152371035,0.0266777637099052,-0.270955471606365));
#693=CARTESIAN_POINT('',(0.570013301598322,0.0690077484351508,-0.278926172725036));
#694=CARTESIAN_POINT('',(0.58021774154716,0.104125581711263,-0.290374524027583));
#695=CARTESIAN_POINT('',(0.579379666304945,0.11325716810345,-0.314353266142289));
#696=CARTESIAN_POINT('',(0.574470192959116,0.112807571725884,-0.342951989167819));
#697=CARTESIAN_POINT('',(0.572128835278228,0.118401497728954,-0.36863656696685));
#698=CARTESIAN_POINT('',(0.569920401935543,0.124308233323829,-0.394170310116592));
#699=CARTESIAN_POINT('',(0.567920861157771,0.130706553822155,-0.419467014382453));
#700=CARTESIAN_POINT('',(0.566156977937727,0.137659445029168,-0.44449630843922));
#701=CARTESIAN_POINT('',(0.564691167612381,0.145313788368871,-0.46918736706715));
#702=CARTESIAN_POINT('',(0.563383867199,0.153341151589879,-0.493698558055312));
#703=CARTESIAN_POINT('',(0.562095513714851,0.161413102440803,-0.518188249192774));
#704=CARTESIAN_POINT('',(0.560830589586248,0.169540189373232,-0.542651354088207));
#705=CARTESIAN_POINT('',(0.55959357723951,0.177732960838753,-0.567082786350279));
#706=CARTESIAN_POINT('',(0.558421170283336,0.186077767560752,-0.591440908249782));
#707=CARTESIAN_POINT('',(0.557350062326426,0.194660960262616,-0.615684082057503));
#708=CARTESIAN_POINT('',(0.556373783511794,0.203467313490897,-0.639819649383137));
#709=CARTESIAN_POINT('',(0.55548586398245,0.212481601792144,-0.663854951836377));
#710=CARTESIAN_POINT('',(0.554679833881406,0.221688599712909,-0.687797331026915));
#711=CARTESIAN_POINT('',(0.553949223351674,0.231073081799744,-0.711654128564444));
#712=CARTESIAN_POINT('',(0.553294863971634,0.24063700499821,-0.735424400823177));
#713=CARTESIAN_POINT('',(0.552717587319667,0.250382326253869,-0.759107204177324));
#714=CARTESIAN_POINT('',(0.552384679089325,0.25700144375948,-0.774836798059841));
#715=CARTESIAN_POINT('',(0.552231349288293,0.260341887837005,-0.782686702308406));
#716=CARTESIAN_POINT('',(0.589500307170502,-0.0940801920523799,-0.0453648261128261));
#717=CARTESIAN_POINT('',(0.589582511355464,-0.0901854680663662,-0.0529474603741661));
#718=CARTESIAN_POINT('',(0.58972586584664,-0.0824455659886844,-0.0681366195887979));
#719=CARTESIAN_POINT('',(0.589891438853328,-0.0709521036353271,-0.0909764812420227));
#720=CARTESIAN_POINT('',(0.5900212560361,-0.0595427851252636,-0.113856916481946));
#721=CARTESIAN_POINT('',(0.590001598868143,-0.0484852231954392,-0.13690696634305));
#722=CARTESIAN_POINT('',(0.589718748822646,-0.0380470305827992,-0.160255671859819));
#723=CARTESIAN_POINT('',(0.588947824147455,-0.0287574193943669,-0.184158215496775));
#724=CARTESIAN_POINT('',(0.587460628242447,-0.0211534025376472,-0.208873541211169));
#725=CARTESIAN_POINT('',(0.585801873742891,-0.0139531129039237,-0.233783541435823));
#726=CARTESIAN_POINT('',(0.582165804933982,-0.011406018391147,-0.260937280575571));
#727=CARTESIAN_POINT('',(0.578119595729014,-0.00982410340537385,-0.28855642269295));
#728=CARTESIAN_POINT('',(0.587203845491347,0.0226575968666313,-0.301275899330442));
#729=CARTESIAN_POINT('',(0.600401297643648,0.0648188575413152,-0.309327958034239));
#730=CARTESIAN_POINT('',(0.61075791525983,0.100294809087169,-0.320603627152365));
#731=CARTESIAN_POINT('',(0.612506407417447,0.115513340153737,-0.341647286107017));
#732=CARTESIAN_POINT('',(0.606374575619282,0.112187179155387,-0.371633068951375));
#733=CARTESIAN_POINT('',(0.603483169321782,0.116486680935157,-0.397941809272495));
#734=CARTESIAN_POINT('',(0.601360648409196,0.122595593441754,-0.423378064095878));
#735=CARTESIAN_POINT('',(0.599267633021901,0.128773941022821,-0.448780837800457));
#736=CARTESIAN_POINT('',(0.597530354131934,0.135789439948964,-0.473779942842547));
#737=CARTESIAN_POINT('',(0.596014533177862,0.143326093747613,-0.498527750563584));
#738=CARTESIAN_POINT('',(0.594585897940768,0.151067920871991,-0.523176625107887));
#739=CARTESIAN_POINT('',(0.593210481606155,0.158934987537799,-0.547765110000454));
#740=CARTESIAN_POINT('',(0.591854317359525,0.166847359960739,-0.572331748766282));
#741=CARTESIAN_POINT('',(0.590565484980623,0.174918183833158,-0.596821983325085));
#742=CARTESIAN_POINT('',(0.589392064249192,0.183260604847403,-0.621181255596576));
#743=CARTESIAN_POINT('',(0.588327189558215,0.191858466235214,-0.645417356264092));
#744=CARTESIAN_POINT('',(0.587363995300675,0.200695611228331,-0.66953807601097));
#745=CARTESIAN_POINT('',(0.586496579656349,0.20975815112887,-0.693550111872495));
#746=CARTESIAN_POINT('',(0.585719040805016,0.219032197238948,-0.717460160883955));
#747=CARTESIAN_POINT('',(0.585030495333661,0.228515670631049,-0.741269225490001));
#748=CARTESIAN_POINT('',(0.584430059829272,0.238206492377658,-0.764978308135288));
#749=CARTESIAN_POINT('',(0.584087920528981,0.244803886493392,-0.780718376888075));
#750=CARTESIAN_POINT('',(0.583931241402324,0.248136448634506,-0.788572081752559));
#751=CARTESIAN_POINT('',(0.621978971376102,-0.104452954234503,-0.0503665012113556));
#752=CARTESIAN_POINT('',(0.622069209240471,-0.100539324666483,-0.0579400193301406));
#753=CARTESIAN_POINT('',(0.622234135450958,-0.0927486580651405,-0.0731047002380857));
#754=CARTESIAN_POINT('',(0.622429058174729,-0.0811861272992959,-0.0959112575744113));
#755=CARTESIAN_POINT('',(0.622565696269344,-0.0697607572017028,-0.118783952848428));
#756=CARTESIAN_POINT('',(0.622593799091106,-0.0585908021383846,-0.141779807507988));
#757=CARTESIAN_POINT('',(0.622463115996314,-0.0477945164753649,-0.164955843000939));
#758=CARTESIAN_POINT('',(0.621949131624628,-0.0379002500932763,-0.188566826032127));
#759=CARTESIAN_POINT('',(0.620827330615706,-0.029436352872751,-0.212867523306395));
#760=CARTESIAN_POINT('',(0.619422279177552,-0.0216390262166895,-0.237489636355474));
#761=CARTESIAN_POINT('',(0.617764621921846,-0.0144361544493603,-0.262398391492935));
#762=CARTESIAN_POINT('',(0.614418334478313,-0.0112071201816676,-0.289223303939178));
#763=CARTESIAN_POINT('',(0.61037917498219,-0.00960861518253831,-0.316834446465394));
#764=CARTESIAN_POINT('',(0.616811286322015,0.0166318327456641,-0.332563412367514));
#765=CARTESIAN_POINT('',(0.629761459785623,0.0582111748137324,-0.340896068250055));
#766=CARTESIAN_POINT('',(0.640614261723425,0.0948547922453439,-0.351608696850943));
#767=CARTESIAN_POINT('',(0.644147833761432,0.114274134963675,-0.370626753110448));
#768=CARTESIAN_POINT('',(0.638305612171336,0.111629510937361,-0.400283903480456));
#769=CARTESIAN_POINT('',(0.635220669107264,0.115473564469135,-0.426812257836938));
#770=CARTESIAN_POINT('',(0.63301692526685,0.121391335825488,-0.452340679617848));
#771=CARTESIAN_POINT('',(0.630829947340291,0.127348562248839,-0.477850076434852));
#772=CARTESIAN_POINT('',(0.628745376009479,0.133546781148412,-0.503243268325329));
#773=CARTESIAN_POINT('',(0.627019215075792,0.140588443856243,-0.528229757370537));
#774=CARTESIAN_POINT('',(0.625505374076587,0.148129757064013,-0.552975318356311));
#775=CARTESIAN_POINT('',(0.624057762549217,0.155826927463404,-0.577645726068484));
#776=CARTESIAN_POINT('',(0.62269793866346,0.163730687692091,-0.602216517575576));
#777=CARTESIAN_POINT('',(0.621447460589094,0.171891770387747,-0.626663229946105));
#778=CARTESIAN_POINT('',(0.620302708607114,0.18030165729977,-0.650989970622349));
#779=CARTESIAN_POINT('',(0.619260062998517,0.188951830177558,-0.675200847046584));
#780=CARTESIAN_POINT('',(0.61831975919148,0.197842843052019,-0.699295592068889));
#781=CARTESIAN_POINT('',(0.617482032614179,0.206975249954062,-0.723273938539345));
#782=CARTESIAN_POINT('',(0.616745852380489,0.216346624909087,-0.747137056246336));
#783=CARTESIAN_POINT('',(0.616110187604286,0.225954541942499,-0.77088611497825));
#784=CARTESIAN_POINT('',(0.615752734134392,0.232515897367298,-0.786643561341731));
#785=CARTESIAN_POINT('',(0.615590416346984,0.23583519010123,-0.794503664623755));
#786=CARTESIAN_POINT('',(0.654336244072049,-0.115111385911739,-0.0555059241898649));
#787=CARTESIAN_POINT('',(0.654432008303365,-0.111184751196493,-0.0630731713154568));
#788=CARTESIAN_POINT('',(0.654614578135763,-0.10335256402606,-0.0782178312884906));
#789=CARTESIAN_POINT('',(0.654834007142644,-0.0917323628552318,-0.100996580349309));
#790=CARTESIAN_POINT('',(0.654971460556792,-0.0803050740738693,-0.123868350447114));
#791=CARTESIAN_POINT('',(0.654987525729119,-0.0691634470974666,-0.146877864716758));
#792=CARTESIAN_POINT('',(0.654842790010537,-0.0584002313415179,-0.170069846293097));
#793=CARTESIAN_POINT('',(0.654494487537091,-0.0481160673104444,-0.193492823340183));
#794=CARTESIAN_POINT('',(0.653899852444829,-0.0384115955086674,-0.217195324022071));
#795=CARTESIAN_POINT('',(0.652911233971016,-0.0296342810839911,-0.241344893660525));
#796=CARTESIAN_POINT('',(0.651379845125612,-0.0221342630572286,-0.266110366900615));
#797=CARTESIAN_POINT('',(0.64974462999065,-0.0148785784587486,-0.290993656051503));
#798=CARTESIAN_POINT('',(0.646420180946069,-0.0115981520927088,-0.31779378757883));
#799=CARTESIAN_POINT('',(0.642011699598174,-0.0108687687251767,-0.345824014621401));
#800=CARTESIAN_POINT('',(0.64590368985194,0.00939403620092744,-0.364435359163516));
#801=CARTESIAN_POINT('',(0.658361262232749,0.0498141447853675,-0.373326989516563));
#802=CARTESIAN_POINT('',(0.670057943497635,0.0884436554808265,-0.383082033945393));
#803=CARTESIAN_POINT('',(0.674931876124533,0.111017256135306,-0.400579128565503));
#804=CARTESIAN_POINT('',(0.671459488719494,0.113949540552528,-0.427547131763422));
#805=CARTESIAN_POINT('',(0.666593135260583,0.113601417798288,-0.456096924900651));
#806=CARTESIAN_POINT('',(0.664196140621769,0.119064413872847,-0.481844636217215));
#807=CARTESIAN_POINT('',(0.661848981491952,0.124644687380851,-0.507535797156148));
#808=CARTESIAN_POINT('',(0.659789537013909,0.130902037066135,-0.532900476585503));
#809=CARTESIAN_POINT('',(0.657967893091673,0.13771900055728,-0.55799531405874));
#810=CARTESIAN_POINT('',(0.656345069934174,0.145003847079485,-0.582864541529127));
#811=CARTESIAN_POINT('',(0.654887049478203,0.152676522245341,-0.607546760675657));
#812=CARTESIAN_POINT('',(0.65355981366055,0.160656971667437,-0.632080573177324));
#813=CARTESIAN_POINT('',(0.652342605534603,0.168896348219021,-0.656489532785119));
#814=CARTESIAN_POINT('',(0.651214668153751,0.17734580477334,-0.68079719325003));
#815=CARTESIAN_POINT('',(0.650186725237446,0.186030577358274,-0.704991385931728));
#816=CARTESIAN_POINT('',(0.649269500505142,0.194975902001701,-0.729059942189881));
#817=CARTESIAN_POINT('',(0.648464626546707,0.204185620661969,-0.753001009458408));
#818=CARTESIAN_POINT('',(0.647773735952012,0.213663575297423,-0.776812735171228));
#819=CARTESIAN_POINT('',(0.647390252328137,0.220163674206288,-0.792599719008431));
#820=CARTESIAN_POINT('',(0.647218068341871,0.22345974890747,-0.800471017867313));
#821=CARTESIAN_POINT('',(0.686577461137844,-0.126042930209177,-0.0607770402090096));
#822=CARTESIAN_POINT('',(0.686670828814828,-0.122121935282642,-0.0683470068022092));
#823=CARTESIAN_POINT('',(0.686852546403681,-0.114291753688908,-0.0834926338506337));
#824=CARTESIAN_POINT('',(0.687074416265864,-0.102665808476311,-0.106268613173732));
#825=CARTESIAN_POINT('',(0.687209926381205,-0.0912430928417098,-0.129142588411679));
#826=CARTESIAN_POINT('',(0.6872228198068,-0.0801089299069875,-0.152155701791257));
#827=CARTESIAN_POINT('',(0.687076839599744,-0.0693486427940291,-0.175349095539248));
#828=CARTESIAN_POINT('',(0.68679903003762,-0.0588985884593909,-0.198692081414662));
#829=CARTESIAN_POINT('',(0.686416435398008,-0.0486951238596297,-0.222153971176508));
#830=CARTESIAN_POINT('',(0.685742414469053,-0.0391774699988456,-0.245946554193941));
#831=CARTESIAN_POINT('',(0.684590326038899,-0.0307848478811389,-0.270281619836119));
#832=CARTESIAN_POINT('',(0.683128201840549,-0.0231218300135329,-0.294968495665925));
#833=CARTESIAN_POINT('',(0.681407594798733,-0.0160670973843289,-0.319948682484289));
#834=CARTESIAN_POINT('',(0.678782055195397,-0.011141934019924,-0.345955733061343));
#835=CARTESIAN_POINT('',(0.673674095281193,-0.0120586269674028,-0.374779686863529));
#836=CARTESIAN_POINT('',(0.675404131061153,0.00311647087964195,-0.395844289020071));
#837=CARTESIAN_POINT('',(0.686125575409284,0.0394509657339966,-0.40670597441701));
#838=CARTESIAN_POINT('',(0.69839771475725,0.0794346965106192,-0.41580802316938));
#839=CARTESIAN_POINT('',(0.705074358069783,0.106250599224607,-0.431259508703025));
#840=CARTESIAN_POINT('',(0.703506289573314,0.113664299374355,-0.456066603834029));
#841=CARTESIAN_POINT('',(0.698157056550783,0.112179820695915,-0.485164340038817));
#842=CARTESIAN_POINT('',(0.695640853208236,0.117362284051947,-0.511047322316765));
#843=CARTESIAN_POINT('',(0.693290957007302,0.122936116436298,-0.536741589121543));
#844=CARTESIAN_POINT('',(0.690850664745539,0.128297220623007,-0.562538432010706));
#845=CARTESIAN_POINT('',(0.688857396639984,0.134710302541718,-0.58782801842045));
#846=CARTESIAN_POINT('',(0.687201335571206,0.141916930600697,-0.612734962299725));
#847=CARTESIAN_POINT('',(0.685772685777979,0.149658723470264,-0.637383853361464));
#848=CARTESIAN_POINT('',(0.684489145216796,0.157742000527427,-0.661868083079614));
#849=CARTESIAN_POINT('',(0.683268411844151,0.165973081149194,-0.686281042928122));
#850=CARTESIAN_POINT('',(0.682134830544896,0.17440925592355,-0.710595107776642));
#851=CARTESIAN_POINT('',(0.681112746203884,0.183107815438483,-0.734782652494833));
#852=CARTESIAN_POINT('',(0.680210509266906,0.192088410719338,-0.758834201492448));
#853=CARTESIAN_POINT('',(0.679436470179753,0.201370692791463,-0.782740279179243));
#854=CARTESIAN_POINT('',(0.679011607532796,0.207773414835452,-0.798574217475796));
#855=CARTESIAN_POINT('',(0.678823391606585,0.211031761723521,-0.806463708428553));
#856=CARTESIAN_POINT('',(0.718727678328635,-0.137188623654462,-0.0661514174850263));
#857=CARTESIAN_POINT('',(0.718812857911543,-0.133286897692514,-0.0737306754413804));
#858=CARTESIAN_POINT('',(0.718980070109789,-0.12549085149773,-0.0888927623461003));
#859=CARTESIAN_POINT('',(0.719187358838942,-0.113899219928013,-0.1116852874735));
#860=CARTESIAN_POINT('',(0.719317029334378,-0.102490246615875,-0.134565889165506));
#861=CARTESIAN_POINT('',(0.719334842001304,-0.0913445072769088,-0.157573420482002));
#862=CARTESIAN_POINT('',(0.719206557244929,-0.0805425776267077,-0.180746734482872));
#863=CARTESIAN_POINT('',(0.71896230185696,-0.0700135605703972,-0.204051645073056));
#864=CARTESIAN_POINT('',(0.718632202629107,-0.0596865590131026,-0.227453966157495));
#865=CARTESIAN_POINT('',(0.718162561898773,-0.0496879391579177,-0.251014630656486));
#866=CARTESIAN_POINT('',(0.717499682003363,-0.0401440672079364,-0.274794571490327));
#867=CARTESIAN_POINT('',(0.716484620819318,-0.0314289801639323,-0.29897414674685));
#868=CARTESIAN_POINT('',(0.71495843462769,-0.0239167187810922,-0.323733716324237));
#869=CARTESIAN_POINT('',(0.71324028890432,-0.0168561939543962,-0.34871111018452));
#870=CARTESIAN_POINT('',(0.710743297904998,-0.0116285183721968,-0.374572291435721));
#871=CARTESIAN_POINT('',(0.704839095651611,-0.0144190009090436,-0.40429977378358));
#872=CARTESIAN_POINT('',(0.704885123925489,-0.00320686204826863,-0.427275287704038));
#873=CARTESIAN_POINT('',(0.712994124553154,0.0269797936303333,-0.4411014191738));
#874=CARTESIAN_POINT('',(0.725546084491603,0.0676220235642286,-0.449885944128795));
#875=CARTESIAN_POINT('',(0.735222205494373,0.101496568845852,-0.461933800413058));
#876=CARTESIAN_POINT('',(0.735511812367868,0.113281918928505,-0.484632915796239));
#877=CARTESIAN_POINT('',(0.73041164257297,0.112383558395342,-0.513448029833416));
#878=CARTESIAN_POINT('',(0.726633160313275,0.114595512677141,-0.540763371304189));
#879=CARTESIAN_POINT('',(0.724061027434993,0.119646357584064,-0.5667098190996));
#880=CARTESIAN_POINT('',(0.72188250354433,0.125623478810379,-0.592209622778457));
#881=CARTESIAN_POINT('',(0.719937240542816,0.132149530687812,-0.617444735845469));
#882=CARTESIAN_POINT('',(0.718241050617351,0.139261723886705,-0.642397215569472));
#883=CARTESIAN_POINT('',(0.71673094214468,0.146811820813976,-0.667138541105678));
#884=CARTESIAN_POINT('',(0.715343923501549,0.154651583876542,-0.691740191609298));
#885=CARTESIAN_POINT('',(0.714083270580548,0.162788722201548,-0.716198449791861));
#886=CARTESIAN_POINT('',(0.712952259274267,0.171230944916139,-0.740509598364897));
#887=CARTESIAN_POINT('',(0.711955010531159,0.179987949809455,-0.764668961120698));
#888=CARTESIAN_POINT('',(0.711095645299677,0.189069434670635,-0.788671861851559));
#889=CARTESIAN_POINT('',(0.710626224776678,0.195367299085052,-0.804556361781119));
#890=CARTESIAN_POINT('',(0.710420278745568,0.198583921884431,-0.812465971804548));
#891=CARTESIAN_POINT('',(0.750811951399571,-0.148489502775242,-0.0716006242341518));
#892=CARTESIAN_POINT('',(0.75088528273019,-0.144615659193693,-0.0791933268839526));
#893=CARTESIAN_POINT('',(0.751029179109164,-0.136874481896568,-0.094381871196476));
#894=CARTESIAN_POINT('',(0.751209908156431,-0.125345352975814,-0.117204534674435));
#895=CARTESIAN_POINT('',(0.751328705008106,-0.113961968507016,-0.140097475131977));
#896=CARTESIAN_POINT('',(0.75135875298979,-0.102787435917192,-0.163091122539511));
#897=CARTESIAN_POINT('',(0.751273235427083,-0.0918848626333632,-0.186215906867445));
#898=CARTESIAN_POINT('',(0.751083845725858,-0.0812267306737446,-0.209458559132857));
#899=CARTESIAN_POINT('',(0.750802277291985,-0.0707855220565508,-0.232805810352824));
#900=CARTESIAN_POINT('',(0.750415842762844,-0.0605910938326141,-0.256272057393391));
#901=CARTESIAN_POINT('',(0.749911854775814,-0.0506733030527667,-0.279871697120605));
#902=CARTESIAN_POINT('',(0.749142426080416,-0.0413801713891946,-0.303772543208487));
#903=CARTESIAN_POINT('',(0.74795966942617,-0.0330597205140841,-0.328142409331056));
#904=CARTESIAN_POINT('',(0.746401594249692,-0.025622503178626,-0.352938164635687));
#905=CARTESIAN_POINT('',(0.744490173391588,-0.0190168109041899,-0.378134875647052));
#906=CARTESIAN_POINT('',(0.742475843116666,-0.0126532943900638,-0.403448362156452));
#907=CARTESIAN_POINT('',(0.738078066670898,-0.0118987192772867,-0.431466441911476));
#908=CARTESIAN_POINT('',(0.734838832021827,-0.00841775867774409,-0.458169877200665));
#909=CARTESIAN_POINT('',(0.740133014520018,0.0151448120364919,-0.475190097210692));
#910=CARTESIAN_POINT('',(0.751876469572052,0.0538843950442349,-0.484892065522118));
#911=CARTESIAN_POINT('',(0.762906363613588,0.0909447616538379,-0.495403740514962));
#912=CARTESIAN_POINT('',(0.766169751088794,0.109728281587984,-0.514728386179574));
#913=CARTESIAN_POINT('',(0.76283042297389,0.112973693178122,-0.541545401592758));
#914=CARTESIAN_POINT('',(0.758091163631903,0.112924659810922,-0.569950975869752));
#915=CARTESIAN_POINT('',(0.75573310758976,0.118479289717892,-0.595654501978008));
#916=CARTESIAN_POINT('',(0.753391211996143,0.124071949856008,-0.621339690168477));
#917=CARTESIAN_POINT('',(0.751119881854634,0.129830671007239,-0.646944804872295));
#918=CARTESIAN_POINT('',(0.74905661080924,0.136079015667655,-0.672313826463154));
#919=CARTESIAN_POINT('',(0.747363832557775,0.143199237526806,-0.697262434822001));
#920=CARTESIAN_POINT('',(0.745951240811119,0.150978819645965,-0.721893104165614));
#921=CARTESIAN_POINT('',(0.744728529280152,0.159205245086403,-0.746308308710772));
#922=CARTESIAN_POINT('',(0.74366964032954,0.16781719266058,-0.770537617115404));
#923=CARTESIAN_POINT('',(0.742748516323952,0.176753341180953,-0.794610598037439));
#924=CARTESIAN_POINT('',(0.742243529088095,0.182967506785346,-0.810535456961693));
#925=CARTESIAN_POINT('',(0.742022622363264,0.186148922725249,-0.818462043492368));
#926=CARTESIAN_POINT('',(0.782855336105802,-0.159886604099164,-0.0770962286726229));
#927=CARTESIAN_POINT('',(0.78291529040745,-0.156044240553765,-0.0847041107809082));
#928=CARTESIAN_POINT('',(0.783031903256882,-0.148367269329466,-0.0999236148233463));
#929=CARTESIAN_POINT('',(0.783179001157146,-0.136917284269862,-0.122784440930754));
#930=CARTESIAN_POINT('',(0.783280343571238,-0.125574975164457,-0.14569718764806));
#931=CARTESIAN_POINT('',(0.783317996386871,-0.114382546190603,-0.168682205541412));
#932=CARTESIAN_POINT('',(0.783274025491757,-0.103382201525654,-0.191759845176957));
#933=CARTESIAN_POINT('',(0.783137352910367,-0.0926000108649737,-0.214942677183795));
#934=CARTESIAN_POINT('',(0.782896900667173,-0.082062043903925,-0.238243272191025));
#935=CARTESIAN_POINT('',(0.782535404496182,-0.0718089284768873,-0.261681220662976));
#936=CARTESIAN_POINT('',(0.782035600131403,-0.0618812924182398,-0.285276113063977));
#937=CARTESIAN_POINT('',(0.781383479794401,-0.0523121001009061,-0.30904384458957));
#938=CARTESIAN_POINT('',(0.780565035706736,-0.0431343158978101,-0.333000310435295));
#939=CARTESIAN_POINT('',(0.779471767915331,-0.034603271725529,-0.357268629907909));
#940=CARTESIAN_POINT('',(0.777995176467108,-0.0269742995006405,-0.381971922314168));
#941=CARTESIAN_POINT('',(0.77621913652535,-0.0200500165922176,-0.407015011097176));
#942=CARTESIAN_POINT('',(0.773997505724844,-0.0141743384503986,-0.432563729938719));
#943=CARTESIAN_POINT('',(0.77045157886197,-0.0114151137459265,-0.459615181348466));
#944=CARTESIAN_POINT('',(0.765019150204561,-0.0130953759275112,-0.488807323021652));
#945=CARTESIAN_POINT('',(0.767373310544171,0.00354846836115423,-0.509163705672712));
#946=CARTESIAN_POINT('',(0.777432777354353,0.0383251377169555,-0.520776563888151));
#947=CARTESIAN_POINT('',(0.789361080371299,0.077499721697675,-0.530268777700614));
#948=CARTESIAN_POINT('',(0.796386270493165,0.10513585633177,-0.545324753002964));
#949=CARTESIAN_POINT('',(0.795839769385802,0.114953601386375,-0.568972634095774));
#950=CARTESIAN_POINT('',(0.789883391227687,0.112040333784877,-0.598759322563425));
#951=CARTESIAN_POINT('',(0.786614294104466,0.115451019305566,-0.625496644015796));
#952=CARTESIAN_POINT('',(0.784175566443803,0.12081580545329,-0.651291711488498));
#953=CARTESIAN_POINT('',(0.781778052563541,0.126277579601847,-0.677040012009438));
#954=CARTESIAN_POINT('',(0.779718069230496,0.132533661204734,-0.702405302899466));
#955=CARTESIAN_POINT('',(0.777984239528876,0.139557277073293,-0.727400494007346));
#956=CARTESIAN_POINT('',(0.776566393757746,0.147324494946196,-0.75203712530608));
#957=CARTESIAN_POINT('',(0.775398342661148,0.155679552271465,-0.776390304434677));
#958=CARTESIAN_POINT('',(0.774413896983123,0.164466686497125,-0.800535139032146));
#959=CARTESIAN_POINT('',(0.773884226006243,0.1706227640865,-0.816488007600614));
#960=CARTESIAN_POINT('',(0.773652102685609,0.173777784117257,-0.824427322058447));
#961=CARTESIAN_POINT('',(0.814882888202476,-0.171320964153875,-0.0826097990166764));
#962=CARTESIAN_POINT('',(0.814930068080004,-0.167508662540314,-0.0902321767832295));
#963=CARTESIAN_POINT('',(0.815020272408021,-0.159893838240468,-0.105481647648297));
#964=CARTESIAN_POINT('',(0.815131574779903,-0.148528090460303,-0.128383092396674));
#965=CARTESIAN_POINT('',(0.815207335192624,-0.137245983237523,-0.151324868050721));
#966=CARTESIAN_POINT('',(0.815236015807163,-0.126074668459908,-0.17432006706533));
#967=CARTESIAN_POINT('',(0.8152060787845,-0.115041298015239,-0.197381781895396));
#968=CARTESIAN_POINT('',(0.815096514676543,-0.104195313239625,-0.220533852815602));
#969=CARTESIAN_POINT('',(0.814886314035197,-0.0935861554691758,-0.243800120100634));
#970=CARTESIAN_POINT('',(0.814554394533697,-0.0832634375446897,-0.267204506723564));
#971=CARTESIAN_POINT('',(0.81407967384528,-0.0732767723069655,-0.290770935657468));
#972=CARTESIAN_POINT('',(0.813489424554832,-0.0635619794391306,-0.314468459591776));
#973=CARTESIAN_POINT('',(0.812810919247239,-0.0540548786243122,-0.338266131215917));
#974=CARTESIAN_POINT('',(0.811955278426465,-0.0449646291425304,-0.36226480570657));
#975=CARTESIAN_POINT('',(0.81083362259647,-0.0365003902738054,-0.386565338240409));
#976=CARTESIAN_POINT('',(0.80932920281578,-0.0289369062013294,-0.411300208586605));
#977=CARTESIAN_POINT('',(0.807325089950084,-0.022549345154407,-0.436602100986467));
#978=CARTESIAN_POINT('',(0.805349468947219,-0.016094734475323,-0.461871662511519));
#979=CARTESIAN_POINT('',(0.803016786350587,-0.0104803934782684,-0.487546396339846));
#980=CARTESIAN_POINT('',(0.797223454548867,-0.0130099656265559,-0.517148069479849));
#981=CARTESIAN_POINT('',(0.79624062440894,-0.00421902957032259,-0.541291070860575));
#982=CARTESIAN_POINT('',(0.802983932583715,0.0227537549354288,-0.556666909065428));
#983=CARTESIAN_POINT('',(0.814262126312024,0.0603984428568015,-0.566896828311508));
#984=CARTESIAN_POINT('',(0.824303768307153,0.0951331652434041,-0.578529913069079));
#985=CARTESIAN_POINT('',(0.826398623180983,0.111166788424328,-0.599180540171675));
#986=CARTESIAN_POINT('',(0.822269080296446,0.112552595047689,-0.626894244402372));
#987=CARTESIAN_POINT('',(0.817730862931569,0.112976671869682,-0.655071688176555));
#988=CARTESIAN_POINT('',(0.815242900608109,0.118225594549661,-0.680922624222283));
#989=CARTESIAN_POINT('',(0.812796567987788,0.123572484017525,-0.706726321351815));
#990=CARTESIAN_POINT('',(0.810427765026086,0.129101823300025,-0.732442042426504));
#991=CARTESIAN_POINT('',(0.80859069024326,0.135882473492434,-0.757554389924443));
#992=CARTESIAN_POINT('',(0.807185061525082,0.143678441640859,-0.782177158036628));
#993=CARTESIAN_POINT('',(0.806110601007736,0.152253744793857,-0.806424136130943));
#994=CARTESIAN_POINT('',(0.805569021070316,0.158381797138679,-0.822390518280977));
#995=CARTESIAN_POINT('',(0.80533039993854,0.161521525931739,-0.830337206069218));
#996=CARTESIAN_POINT('',(0.846898231474382,-0.182784055120804,-0.088137223210425));
#997=CARTESIAN_POINT('',(0.846933464985995,-0.178999866777514,-0.095773157003944));
#998=CARTESIAN_POINT('',(0.846998746891812,-0.171443692178846,-0.111050908354457));
#999=CARTESIAN_POINT('',(0.847073915560097,-0.160162977502667,-0.133993355484966));
#1000=CARTESIAN_POINT('',(0.847119131199732,-0.148952751006394,-0.15696979153453));
#1001=CARTESIAN_POINT('',(0.847127194972508,-0.137829953648115,-0.179988385317464));
#1002=CARTESIAN_POINT('',(0.847090908040212,-0.126811526385915,-0.203057305648083));
#1003=CARTESIAN_POINT('',(0.84698844899687,-0.115948821328733,-0.226201314162684));
#1004=CARTESIAN_POINT('',(0.846797996436504,-0.105293190585509,-0.249445172497563));
#1005=CARTESIAN_POINT('',(0.84649771073347,-0.0948960291413541,-0.272813662963613));
#1006=CARTESIAN_POINT('',(0.846065752262125,-0.084808731981381,-0.296331567871728));
#1007=CARTESIAN_POINT('',(0.845520874594356,-0.0749871665016847,-0.319977606781645));
#1008=CARTESIAN_POINT('',(0.844881831302052,-0.0653872000983604,-0.343730499253099));
#1009=CARTESIAN_POINT('',(0.844133058243439,-0.0560454597194937,-0.367607906550368));
#1010=CARTESIAN_POINT('',(0.843258991276746,-0.0469985723131702,-0.391627489937728));
#1011=CARTESIAN_POINT('',(0.84218142643354,-0.0384305745409495,-0.415877990636772));
#1012=CARTESIAN_POINT('',(0.840822159745388,-0.0305255030643913,-0.440448149869094));
#1013=CARTESIAN_POINT('',(0.839135701975738,-0.0233904072749784,-0.465389586120328));
#1014=CARTESIAN_POINT('',(0.837061661374018,-0.0171674065099235,-0.490770828364482));
#1015=CARTESIAN_POINT('',(0.834707033716882,-0.0116047086168399,-0.516470464144922));
#1016=CARTESIAN_POINT('',(0.830432832073059,-0.0105593260877837,-0.544348318549463));
#1017=CARTESIAN_POINT('',(0.824362780230139,-0.0137401008999513,-0.574263997167548));
#1018=CARTESIAN_POINT('',(0.828804469673714,0.00781630594665055,-0.592251575696371));
#1019=CARTESIAN_POINT('',(0.838589449225342,0.0419470270249201,-0.604175905760671));
#1020=CARTESIAN_POINT('',(0.850050500634504,0.0800220322025594,-0.614198328964005));
#1021=CARTESIAN_POINT('',(0.85618753029908,0.105568067206598,-0.630262136036674));
#1022=CARTESIAN_POINT('',(0.855916074761003,0.116033074406119,-0.65359791174274));
#1023=CARTESIAN_POINT('',(0.849142214418944,0.111196033688836,-0.684312230471213));
#1024=CARTESIAN_POINT('',(0.845779850619188,0.114387235619006,-0.711155385412289));
#1025=CARTESIAN_POINT('',(0.843223366154101,0.119474905789159,-0.737084076317215));
#1026=CARTESIAN_POINT('',(0.841170837305842,0.125748529960809,-0.762440908300367));
#1027=CARTESIAN_POINT('',(0.839456776577968,0.13281866796889,-0.787413666750225));
#1028=CARTESIAN_POINT('',(0.838120069773515,0.14077682940705,-0.811958226365564));
#1029=CARTESIAN_POINT('',(0.837447471640906,0.146596557868446,-0.828073280186936));
#1030=CARTESIAN_POINT('',(0.837157550122543,0.149615561945443,-0.836078180608948));
#1031=CARTESIAN_POINT('',(0.878904989706305,-0.194267349181377,-0.0936743891979812));
#1032=CARTESIAN_POINT('',(0.878929330363563,-0.190508794889538,-0.101322683556079));
#1033=CARTESIAN_POINT('',(0.878971787037486,-0.183006334693876,-0.116626335624957));
#1034=CARTESIAN_POINT('',(0.879012310033121,-0.171807151352485,-0.139608096608402));
#1035=CARTESIAN_POINT('',(0.879025182920033,-0.160673036751252,-0.162621233294058));
#1036=CARTESIAN_POINT('',(0.879005917604748,-0.149614552678231,-0.18567083850401));
#1037=CARTESIAN_POINT('',(0.878950025993792,-0.138642260921477,-0.20876200506034));
#1038=CARTESIAN_POINT('',(0.878840273843834,-0.12779671866333,-0.231914289359448));
#1039=CARTESIAN_POINT('',(0.878659426911541,-0.117118483086129,-0.255147247797729));
#1040=CARTESIAN_POINT('',(0.878390250953581,-0.106648111372214,-0.278480436771584));
#1041=CARTESIAN_POINT('',(0.878015511726622,-0.0964261607039236,-0.301933412677409));
#1042=CARTESIAN_POINT('',(0.877538444145622,-0.0864450183863851,-0.325502504725716));
#1043=CARTESIAN_POINT('',(0.876962283125542,-0.0766970717247248,-0.349184042127016));
#1044=CARTESIAN_POINT('',(0.876286039826598,-0.0671846477462826,-0.372979146958005));
#1045=CARTESIAN_POINT('',(0.875508725409006,-0.0579100734783987,-0.396888941295377));
#1046=CARTESIAN_POINT('',(0.874597258654011,-0.0489511986412575,-0.420950963742643));
#1047=CARTESIAN_POINT('',(0.873518558342861,-0.0403858729550431,-0.445202752903314));
#1048=CARTESIAN_POINT('',(0.872097848882166,-0.0326253941757954,-0.469842633746993));
#1049=CARTESIAN_POINT('',(0.870160354678535,-0.026081060059554,-0.495068931243284));
#1050=CARTESIAN_POINT('',(0.867977196134375,-0.0201148455196151,-0.52057399405184));
#1051=CARTESIAN_POINT('',(0.86566630975125,-0.0144492116988209,-0.54622399483079));
#1052=CARTESIAN_POINT('',(0.862778301807311,-0.0101417126056561,-0.572528878901997));
#1053=CARTESIAN_POINT('',(0.856878588003867,-0.0129216325155706,-0.60225126802327));
#1054=CARTESIAN_POINT('',(0.856014478881411,-0.00385131140829348,-0.626259551840037));
#1055=CARTESIAN_POINT('',(0.862744993743719,0.0230913667158514,-0.641649907136533));
#1056=CARTESIAN_POINT('',(0.873893401622448,0.0604306308211041,-0.652027099661299));
#1057=CARTESIAN_POINT('',(0.88311407237767,0.0932333693294197,-0.664591773853305));
#1058=CARTESIAN_POINT('',(0.886244181406407,0.111703246352118,-0.684067655988249));
#1059=CARTESIAN_POINT('',(0.881288767612646,0.111145538751587,-0.712718509507305));
#1060=CARTESIAN_POINT('',(0.877094331925134,0.112378633753551,-0.740505850239118));
#1061=CARTESIAN_POINT('',(0.874720566871544,0.117896295791997,-0.766227202001158));
#1062=CARTESIAN_POINT('',(0.872640468057173,0.124105039822342,-0.791615318745443));
#1063=CARTESIAN_POINT('',(0.870723744656184,0.130698253672602,-0.816818046767742));
#1064=CARTESIAN_POINT('',(0.869669135078601,0.135618998202366,-0.833366584502645));
#1065=CARTESIAN_POINT('',(0.869233589238106,0.138295305935118,-0.841536730761906));
#1066=CARTESIAN_POINT('',(0.910906786683035,-0.205762318517021,-0.0992171849234577));
#1067=CARTESIAN_POINT('',(0.910921513450851,-0.202026388500559,-0.106876388552663));
#1068=CARTESIAN_POINT('',(0.910943853174277,-0.194571269334829,-0.122202868142927));
#1069=CARTESIAN_POINT('',(0.91095304473437,-0.183445817965289,-0.145220182179753));
#1070=CARTESIAN_POINT('',(0.910934941680994,-0.172384598752276,-0.168268468523876));
#1071=CARTESIAN_POINT('',(0.910886567425725,-0.161394616473263,-0.191351104831165));
#1072=CARTESIAN_POINT('',(0.910804945380139,-0.150482875905722,-0.214471468757488));
#1073=CARTESIAN_POINT('',(0.9106790325475,-0.139675364429756,-0.237642091240087));
#1074=CARTESIAN_POINT('',(0.910497785931071,-0.128998069425465,-0.260875503216204));
#1075=CARTESIAN_POINT('',(0.910250162534114,-0.11847697827295,-0.28418423562308));
#1076=CARTESIAN_POINT('',(0.909925119359893,-0.108138078352314,-0.307580819397958));
#1077=CARTESIAN_POINT('',(0.909511213942697,-0.0980082971102273,-0.331078238771761));
#1078=CARTESIAN_POINT('',(0.908997003816813,-0.0881145619933635,-0.354689477975413));
#1079=CARTESIAN_POINT('',(0.908369990577845,-0.0784862853789481,-0.378428719456383));
#1080=CARTESIAN_POINT('',(0.907617675821396,-0.0691528796442067,-0.40231014566214));
#1081=CARTESIAN_POINT('',(0.906740736659696,-0.0601127513473131,-0.426332988245915));
#1082=CARTESIAN_POINT('',(0.905739850204973,-0.0513643070464407,-0.450496478860941));
#1083=CARTESIAN_POINT('',(0.904543949544968,-0.0430747878361563,-0.474881260021086));
#1084=CARTESIAN_POINT('',(0.903081967767416,-0.0354114348110264,-0.499567974240222));
#1085=CARTESIAN_POINT('',(0.901307313059357,-0.0284838920452018,-0.524609491142249));
#1086=CARTESIAN_POINT('',(0.899173393410885,-0.0224018040762928,-0.550058680574546));
#1087=CARTESIAN_POINT('',(0.896897954454767,-0.0166527521597407,-0.575668457717303));
#1088=CARTESIAN_POINT('',(0.894198766780068,-0.0119009041072798,-0.601759079754372));
#1089=CARTESIAN_POINT('',(0.889782453156738,-0.0111899523596825,-0.629798194398224));
#1090=CARTESIAN_POINT('',(0.884436451251742,-0.0126668272796925,-0.658892264122616));
#1091=CARTESIAN_POINT('',(0.887617095450339,0.00592197368176015,-0.67831080194631));
#1092=CARTESIAN_POINT('',(0.897026175370461,0.0391680937014059,-0.690661680600983));
#1093=CARTESIAN_POINT('',(0.908140791049373,0.0764278349414417,-0.70107721850837));
#1094=CARTESIAN_POINT('',(0.914727837081127,0.103032889219348,-0.716630373718212));
#1095=CARTESIAN_POINT('',(0.915487305497279,0.115923960040212,-0.738796318111339));
#1096=CARTESIAN_POINT('',(0.909046837365606,0.111871488068219,-0.769132323147904));
#1097=CARTESIAN_POINT('',(0.905572638675403,0.114799510005145,-0.796102381684717));
#1098=CARTESIAN_POINT('',(0.903315345985903,0.120591265359834,-0.821691567521186));
#1099=CARTESIAN_POINT('',(0.90210757553166,0.125151577842641,-0.838413903128084));
#1100=CARTESIAN_POINT('',(0.901583449775016,0.127619431293903,-0.846684564618544));
#1101=CARTESIAN_POINT('',(0.942907246189357,-0.217260435309165,-0.104761498330967));
#1102=CARTESIAN_POINT('',(0.942913863486001,-0.213543589234752,-0.112429904106722));
#1103=CARTESIAN_POINT('',(0.942919405631415,-0.20612799965098,-0.127775444591497));
#1104=CARTESIAN_POINT('',(0.942902406199236,-0.195064183296608,-0.15082247861179));
#1105=CARTESIAN_POINT('',(0.942857858810083,-0.184065195289646,-0.173900772418554));
#1106=CARTESIAN_POINT('',(0.94278352815728,-0.173136295956218,-0.197012862505126));
#1107=CARTESIAN_POINT('',(0.942677178934152,-0.162282745622447,-0.220161285364847));
#1108=CARTESIAN_POINT('',(0.942531768437932,-0.15152111781435,-0.243354032638797));
#1109=CARTESIAN_POINT('',(0.942340253965855,-0.140867986057944,-0.266599095968057));
#1110=CARTESIAN_POINT('',(0.942095592815154,-0.130339923879246,-0.289904466993706));
#1111=CARTESIAN_POINT('',(0.941790742283063,-0.119953504804272,-0.313278137356825));
#1112=CARTESIAN_POINT('',(0.941408264719646,-0.109749764690207,-0.336739894267555));
#1113=CARTESIAN_POINT('',(0.940930722474965,-0.099769739394235,-0.360309524936034));
#1114=CARTESIAN_POINT('',(0.940340677899083,-0.0900544647735413,-0.384006816572403));
#1115=CARTESIAN_POINT('',(0.939620693342063,-0.08064497668531,-0.407851556386801));
#1116=CARTESIAN_POINT('',(0.938775897633092,-0.0715292055041763,-0.431837924488289));
#1117=CARTESIAN_POINT('',(0.937811419601354,-0.0626950816047748,-0.455960100985927));
#1118=CARTESIAN_POINT('',(0.936703308593508,-0.0541989678337942,-0.480245263659542));
#1119=CARTESIAN_POINT('',(0.935427613956212,-0.046097227037923,-0.504720590288958));
#1120=CARTESIAN_POINT('',(0.933916505864301,-0.0385494825051836,-0.529463050133745));
#1121=CARTESIAN_POINT('',(0.932102154492611,-0.0317153575235986,-0.554549612453472));
#1122=CARTESIAN_POINT('',(0.930009665978984,-0.0255357700556944,-0.579951788293084));
#1123=CARTESIAN_POINT('',(0.927662947189479,-0.0199544602989864,-0.605642449559967));
#1124=CARTESIAN_POINT('',(0.92542275766505,-0.0141224562271939,-0.631212227739868));
#1125=CARTESIAN_POINT('',(0.922701846176099,-0.00942173062198683,-0.657327500671937));
#1126=CARTESIAN_POINT('',(0.916543127906806,-0.0128111632993412,-0.687343792687889));
#1127=CARTESIAN_POINT('',(0.915142015538334,-0.00500456686773775,-0.711961435914496));
#1128=CARTESIAN_POINT('',(0.920731853178346,0.0192537663041385,-0.728646164018148));
#1129=CARTESIAN_POINT('',(0.930949762339024,0.0544032965494772,-0.740079231258562));
#1130=CARTESIAN_POINT('',(0.940286036044988,0.0874780823918039,-0.75251272608366));
#1131=CARTESIAN_POINT('',(0.94547778929993,0.110799607333662,-0.769649176719257));
#1132=CARTESIAN_POINT('',(0.941037410633419,0.111453927042043,-0.797715598945732));
#1133=CARTESIAN_POINT('',(0.936788535577477,0.112558910391566,-0.8255647142416));
#1134=CARTESIAN_POINT('',(0.935217126153984,0.116263474716636,-0.842699685767073));
#1135=CARTESIAN_POINT('',(0.93456311095067,0.118425660557722,-0.851117738092048));
#1136=CARTESIAN_POINT('',(0.974908053353843,-0.228757733960628,-0.110305417236626));
#1137=CARTESIAN_POINT('',(0.974907833529184,-0.225056977619314,-0.117981581371821));
#1138=CARTESIAN_POINT('',(0.974899371541349,-0.217674343830278,-0.133343012915793));
#1139=CARTESIAN_POINT('',(0.974860574430348,-0.206661823747957,-0.156414781648216));
#1140=CARTESIAN_POINT('',(0.9747936360764,-0.195715528187333,-0.179518483392818));
#1141=CARTESIAN_POINT('',(0.974696519365803,-0.184840251068871,-0.202656429745312));
#1142=CARTESIAN_POINT('',(0.974567187184859,-0.174040786313031,-0.225830932301413));
#1143=CARTESIAN_POINT('',(0.974400918039618,-0.163328244967009,-0.24904734873221));
#1144=CARTESIAN_POINT('',(0.974192990436131,-0.152713738077997,-0.272311036708795));
#1145=CARTESIAN_POINT('',(0.973938682880449,-0.142208376693189,-0.295627353902256));
#1146=CARTESIAN_POINT('',(0.973633273878622,-0.131823271859779,-0.319001657983684));
#1147=CARTESIAN_POINT('',(0.973259433252679,-0.12159920652219,-0.342453614210412));
#1148=CARTESIAN_POINT('',(0.972799830824646,-0.111576963624846,-0.366002887839773));
#1149=CARTESIAN_POINT('',(0.972237136416552,-0.101797326112172,-0.389669144129102));
#1150=CARTESIAN_POINT('',(0.971554019850422,-0.0923010769285915,-0.413472048335731));
#1151=CARTESIAN_POINT('',(0.970746990227851,-0.0830964311724129,-0.437415561723971));
#1152=CARTESIAN_POINT('',(0.969812556650429,-0.0741916039419448,-0.461503645558136));
#1153=CARTESIAN_POINT('',(0.968739922196211,-0.0656120035318067,-0.485748551544399));
#1154=CARTESIAN_POINT('',(0.967518289943247,-0.0573830382366176,-0.510162531388939));
#1155=CARTESIAN_POINT('',(0.966169943488835,-0.049452268276962,-0.534720298988181));
#1156=CARTESIAN_POINT('',(0.964717166430272,-0.0417672538734243,-0.559396568238554));
#1157=CARTESIAN_POINT('',(0.963120410442359,-0.0344210637268108,-0.584236216232108));
#1158=CARTESIAN_POINT('',(0.961340127199896,-0.0275067665379281,-0.609284120060895));
#1159=CARTESIAN_POINT('',(0.959309041524963,-0.0211826803486672,-0.634616619603713));
#1160=CARTESIAN_POINT('',(0.956943986483262,-0.0156445211213673,-0.660328087761243));
#1161=CARTESIAN_POINT('',(0.95437136558877,-0.0105948246583902,-0.686275089328483));
#1162=CARTESIAN_POINT('',(0.950134383147531,-0.00946185453081404,-0.71411070959107));
#1163=CARTESIAN_POINT('',(0.94453587840878,-0.0115329419887593,-0.743491304543944));
#1164=CARTESIAN_POINT('',(0.945318026885198,0.00141150160408667,-0.765631512950853));
#1165=CARTESIAN_POINT('',(0.953310679019779,0.0313243554709156,-0.779589669784721));
#1166=CARTESIAN_POINT('',(0.963759607792097,0.0670175419901408,-0.790760589681977));
#1167=CARTESIAN_POINT('',(0.971792351471113,0.0970247429104815,-0.804673253010848));
#1168=CARTESIAN_POINT('',(0.974027111801149,0.113387604282389,-0.825165123705805));
#1169=CARTESIAN_POINT('',(0.970758065956089,0.113097136822877,-0.844226472279545));
#1170=CARTESIAN_POINT('',(0.969346955166348,0.113477656758754,-0.853503631738716));
#1171=CARTESIAN_POINT('',(1.00691089330507,-0.240250248874231,-0.115847029456553));
#1172=CARTESIAN_POINT('',(1.00690487664057,-0.236563134181445,-0.123529771501522));
#1173=CARTESIAN_POINT('',(1.00688467803653,-0.229208120060671,-0.138904521060943));
#1174=CARTESIAN_POINT('',(1.00682772943033,-0.218238315720848,-0.161996887032733));
#1175=CARTESIAN_POINT('',(1.00674197524904,-0.207336299269308,-0.185121939861395));
#1176=CARTESIAN_POINT('',(1.00662526061768,-0.196507141752996,-0.208282124771139));
#1177=CARTESIAN_POINT('',(1.00647543066129,-0.185755914218857,-0.231479886986178));
#1178=CARTESIAN_POINT('',(1.00628891787704,-0.17509101203763,-0.254719274696957));
#1179=CARTESIAN_POINT('',(1.00606215476214,-0.164520830580055,-0.278004336093924));
#1180=CARTESIAN_POINT('',(1.00579157381375,-0.15405376521687,-0.301339119367526));
#1181=CARTESIAN_POINT('',(1.00547360752906,-0.143698211318816,-0.324727672708207));
#1182=CARTESIAN_POINT('',(1.005094556318,-0.133486408002044,-0.348185541597647));
#1183=CARTESIAN_POINT('',(1.00464072059051,-0.123450594382705,-0.371728271517524));
#1184=CARTESIAN_POINT('',(1.00409840075649,-0.113623009576951,-0.395371407949516));
#1185=CARTESIAN_POINT('',(1.00345389722589,-0.104035892700934,-0.419130496375301));
#1186=CARTESIAN_POINT('',(1.00269826309762,-0.0947102984125893,-0.443015689207173));
#1187=CARTESIAN_POINT('',(1.00182255147063,-0.0856672813698507,-0.467037138857426));
#1188=CARTESIAN_POINT('',(1.0008177865215,-0.0769279642932914,-0.491205030557694));
#1189=CARTESIAN_POINT('',(0.999674992426846,-0.0685134699034839,-0.51552954953961));
#1190=CARTESIAN_POINT('',(0.998431882027733,-0.0603350489271197,-0.539967901509568));
#1191=CARTESIAN_POINT('',(0.99712616816523,-0.0523039520908899,-0.564477292173963));
#1192=CARTESIAN_POINT('',(0.995726983958947,-0.0444928181333873,-0.589092747436564));
#1193=CARTESIAN_POINT('',(0.994203462528491,-0.0369742857932047,-0.613849293201139));
#1194=CARTESIAN_POINT('',(0.992396916948766,-0.0301217915149846,-0.638926997971455));
#1195=CARTESIAN_POINT('',(0.990148660294673,-0.0243087717433691,-0.664505930251277));
#1196=CARTESIAN_POINT('',(0.987744481862754,-0.0188626812213919,-0.690261793309864));
#1197=CARTESIAN_POINT('',(0.985378746163864,-0.0133261237782357,-0.715974033836771));
#1198=CARTESIAN_POINT('',(0.982604397720555,-0.0087511508538872,-0.742149943852905));
#1199=CARTESIAN_POINT('',(0.9776821188467,-0.00923088235981655,-0.770763197831567));
#1200=CARTESIAN_POINT('',(0.973517909535429,-0.00792665591163448,-0.798516239465703));
#1201=CARTESIAN_POINT('',(0.976446574400137,0.0100691644591826,-0.818220708481304));
#1202=CARTESIAN_POINT('',(0.985139907257898,0.0416309236654509,-0.831383774419295));
#1203=CARTESIAN_POINT('',(0.994365166450452,0.0744444601000788,-0.843943241924963));
#1204=CARTESIAN_POINT('',(1.00026380072014,0.0957282078164384,-0.852601651250615));
#1205=CARTESIAN_POINT('',(1.00087947259865,0.100878336295843,-0.859578938037201));
#1206=CARTESIAN_POINT('',(1.02824859854942,-0.247906092593272,-0.119538625023427));
#1207=CARTESIAN_POINT('',(1.02823925613375,-0.244226804359376,-0.127225140933434));
#1208=CARTESIAN_POINT('',(1.02821239417844,-0.236887471040297,-0.142607451668362));
#1209=CARTESIAN_POINT('',(1.02814527727799,-0.22594159565148,-0.165711356016939));
#1210=CARTESIAN_POINT('',(1.02804904381442,-0.215064239996129,-0.188848300113138));
#1211=CARTESIAN_POINT('',(1.0279214011921,-0.20426079921791,-0.212020885458396));
#1212=CARTESIAN_POINT('',(1.02776005681541,-0.193536668460488,-0.23523171355415));
#1213=CARTESIAN_POINT('',(1.02756177560881,-0.182899460796616,-0.258484455372099));
#1214=CARTESIAN_POINT('',(1.02732332249678,-0.17235678929905,-0.281782781883943));
#1215=CARTESIAN_POINT('',(1.02704146240378,-0.161916267040543,-0.305130364061382));
#1216=CARTESIAN_POINT('',(1.02671296025426,-0.151585507093849,-0.328530872876115));
#1217=CARTESIAN_POINT('',(1.02632716545459,-0.141389573400586,-0.351996393989653));
#1218=CARTESIAN_POINT('',(1.02587342741111,-0.131353529902371,-0.375539013063505));
#1219=CARTESIAN_POINT('',(1.02534109553017,-0.121502440540822,-0.399170815759183));
#1220=CARTESIAN_POINT('',(1.02471951921812,-0.111861369257556,-0.422903887738195));
#1221=CARTESIAN_POINT('',(1.02399800522028,-0.102455480387985,-0.446750363071255));
#1222=CARTESIAN_POINT('',(1.02316586028197,-0.0933099382675203,-0.470722375829075));
#1223=CARTESIAN_POINT('',(1.02221237668736,-0.0844499412628944,-0.494832076492037));
#1224=CARTESIAN_POINT('',(1.0211268467206,-0.0759006877408377,-0.519091615540524));
#1225=CARTESIAN_POINT('',(1.01993486150302,-0.0676019543568037,-0.543471953689002));
#1226=CARTESIAN_POINT('',(1.01866201215596,-0.0594935177662454,-0.56794405165194));
#1227=CARTESIAN_POINT('',(1.01729905099121,-0.0515971404666346,-0.592518403157021));
#1228=CARTESIAN_POINT('',(1.01583673032056,-0.0439345849554427,-0.617205501931933));
#1229=CARTESIAN_POINT('',(1.01419307067243,-0.0366987727501767,-0.642098373415139));
#1230=CARTESIAN_POINT('',(1.01228609257525,-0.0300826253683434,-0.667290043045105));
#1231=CARTESIAN_POINT('',(1.01018241593898,-0.0239293668039695,-0.692704914502224));
#1232=CARTESIAN_POINT('',(1.00791818574502,-0.0181539374131311,-0.718301972606987));
#1233=CARTESIAN_POINT('',(1.00539561196632,-0.0129864655444268,-0.744192183677762));
#1234=CARTESIAN_POINT('',(1.00191981840803,-0.0100621967955282,-0.771164051976215));
#1235=CARTESIAN_POINT('',(0.99795994110607,-0.00827711775639978,-0.798685229774279));
#1236=CARTESIAN_POINT('',(0.995118080824973,-0.00386101980337435,-0.82493774821678));
#1237=CARTESIAN_POINT('',(0.99488571099164,0.00669596741659569,-0.848229171785029));
#1238=CARTESIAN_POINT('',(1.0053280548028,0.0423736576088238,-0.859407563905354));
#1239=CARTESIAN_POINT('',(1.01323386456961,0.0683808724977561,-0.86578834961244));
#1240=CARTESIAN_POINT('',(1.01506448671875,0.0763901319937693,-0.871386982945093));
#1241=CARTESIAN_POINT('',(1.03891835167891,-0.251731895297423,-0.121383400964615));
#1242=CARTESIAN_POINT('',(1.03890744241176,-0.248056294320336,-0.129071694844678));
#1243=CARTESIAN_POINT('',(1.03887745139109,-0.240724324601276,-0.144457556257256));
#1244=CARTESIAN_POINT('',(1.03880560899751,-0.229789569670891,-0.167566822814958));
#1245=CARTESIAN_POINT('',(1.03870457233786,-0.218923517331578,-0.190709217292971));
#1246=CARTESIAN_POINT('',(1.03857200300866,-0.208131670526205,-0.213887393172771));
#1247=CARTESIAN_POINT('',(1.03840556260643,-0.197419532197637,-0.237104003935834));
#1248=CARTESIAN_POINT('',(1.03820215835549,-0.186794380545735,-0.260362559080436));
#1249=CARTESIAN_POINT('',(1.03795869748014,-0.176263493770358,-0.283666568104853));
#1250=CARTESIAN_POINT('',(1.03767208720471,-0.165834150071365,-0.307019540507361));
#1251=CARTESIAN_POINT('',(1.03733923475351,-0.155513627648614,-0.330424985786237));
#1252=CARTESIAN_POINT('',(1.03695074114736,-0.145324045031198,-0.353893569345183));
#1253=CARTESIAN_POINT('',(1.03649720740707,-0.13528752074821,-0.377435956587901));
#1254=CARTESIAN_POINT('',(1.03596923455346,-0.125426173328742,-0.401062812918092));
#1255=CARTESIAN_POINT('',(1.03535742360734,-0.115762121301886,-0.424784803739459));
#1256=CARTESIAN_POINT('',(1.03465062634051,-0.106321599687998,-0.448614579399684));
#1257=CARTESIAN_POINT('',(1.03383769452474,-0.0971308435074321,-0.472564790246447));
#1258=CARTESIAN_POINT('',(1.03290747029103,-0.0882161104680905,-0.496648097567209));
#1259=CARTESIAN_POINT('',(1.03184879577039,-0.0796036582778742,-0.520877162649433));
#1260=CARTESIAN_POINT('',(1.03068244464628,-0.0712446004233719,-0.545228412750149));
#1261=CARTESIAN_POINT('',(1.02942919060216,-0.0630900503911725,-0.569678275126392));
#1262=CARTESIAN_POINT('',(1.02808628867575,-0.0551464678751131,-0.594229864598421));
#1263=CARTESIAN_POINT('',(1.02665099390477,-0.0474203125690307,-0.618886295986499));
#1264=CARTESIAN_POINT('',(1.02506878785141,-0.0400398821986054,-0.643709433577925));
#1265=CARTESIAN_POINT('',(1.02328515207787,-0.0331334744895175,-0.668761141659999));
#1266=CARTESIAN_POINT('',(1.02130487188199,-0.0266898282454163,-0.694035990160734));
#1267=CARTESIAN_POINT('',(1.01911749509737,-0.0207335404509761,-0.71954583957819));
#1268=CARTESIAN_POINT('',(1.01669797420097,-0.0153235552059955,-0.745319112354817));
#1269=CARTESIAN_POINT('',(1.01363955253672,-0.0114170891140993,-0.771817371800964));
#1270=CARTESIAN_POINT('',(1.00999243097544,-0.00889600493926745,-0.798983652948069));
#1271=CARTESIAN_POINT('',(1.00628436366416,-0.00651834382325829,-0.826219091714839));
#1272=CARTESIAN_POINT('',(1.00402388228622,-0.000734092379010981,-0.851811895885686));
#1273=CARTESIAN_POINT('',(1.01385845063237,0.0335133255418529,-0.863679955529298));
#1274=CARTESIAN_POINT('',(1.02149571522512,0.0588885756046759,-0.87036547036045));
#1275=CARTESIAN_POINT('',(1.02346924685135,0.0672341426256996,-0.875801938500866));
#1276=ORIENTED_EDGE('',*,*,#1280,.T.);
#1277=ORIENTED_EDGE('',*,*,#1281,.T.);
#1278=ORIENTED_EDGE('',*,*,#1282,.T.);
#1279=ORIENTED_EDGE('',*,*,#1283,.T.);
#1280=EDGE_CURVE('',#1284,#1285,#1286,.T.);
#1281=EDGE_CURVE('',#1285,#1287,#1288,.T.);
#1282=EDGE_CURVE('',#1287,#1289,#1290,.T.);
#1283=EDGE_CURVE('',#1289,#1284,#1291,.T.);
#1284=VERTEX_POINT('',#1292);
#1285=VERTEX_POINT('',#1293);
#1286=CIRCLE('',#1294,0.679315637973476);
#1287=VERTEX_POINT('',#1295);
#1288=B_SPLINE_CURVE_WITH_KNOTS('',3,(#1296,#1297,#1298,#1299,#1300,#1301,#1302,#1303,#1304,#1305,#1306,#1307),.UNSPECIFIED.,.F.,.F.,(4,1,1,1,1,1,1,1,1,4),(0.0,0.171897947086423,0.343795894172847,0.51569384125927,0.687591788345694,0.859489735432117,1.03138768251854,1.20328562960496,1.28923460314818,1.37518357669139),.UNSPECIFIED.);
#1289=VERTEX_POINT('',#1308);
#1290=LINE('',#1309,#1310);
#1291=B_SPLINE_CURVE_WITH_KNOTS('',3,(#1311,#1312,#1313,#1314,#1315,#1316,#1317,#1318,#1319,#1320,#1321,#1322,#1323),.UNSPECIFIED.,.F.,.F.,(4,1,1,1,1,1,1,1,1,1,4),(0.0,0.0429753880041974,0.0859507760083948,0.17190155201679,0.343803104033579,0.515704656050369,0.687606208067159,0.859507760083948,1.03140931210074,1.20331086411753,1.37521241613432),.UNSPECIFIED.);
#1292=CARTESIAN_POINT('',(1.00290846824646,-3.28290298057254E-05,-0.859975576400757));
#1293=CARTESIAN_POINT('',(1.00288784503937,0.100247733294964,-0.859883010387421));
#1294=AXIS2_PLACEMENT_3D('',#1324,#1325,#1326);
#1295=CARTESIAN_POINT('',(-6.9527301047418E-38,0.100000001490116,-3.82933896332876E-38));
#1296=CARTESIAN_POINT('',(1.00288784503937,0.100247733294964,-0.859883010387421));
#1297=CARTESIAN_POINT('',(0.97369400061296,0.100245093453454,-0.810578537772783));
#1298=CARTESIAN_POINT('',(0.913743978192217,0.100246375915963,-0.712885314294809));
#1299=CARTESIAN_POINT('',(0.816977383859455,0.100232552440223,-0.570739585328437));
#1300=CARTESIAN_POINT('',(0.712236711782022,0.100222018831718,-0.434325842148206));
#1301=CARTESIAN_POINT('',(0.597633477775519,0.100208296391485,-0.306000215223355));
#1302=CARTESIAN_POINT('',(0.470871142466488,0.100197484706098,-0.189476895593484));
#1303=CARTESIAN_POINT('',(0.329365057369681,0.100170107796524,-0.0909674129329883));
#1304=CARTESIAN_POINT('',(0.197675743417859,0.100192040539004,-0.0322635290625473));
#1305=CARTESIAN_POINT('',(0.0857949834178061,0.100105819055125,-0.0063540600184649));
#1306=CARTESIAN_POINT('',(0.0286432054834195,0.100261663396543,-0.000548823718280214));
#1307=CARTESIAN_POINT('',(-6.9527301047418E-38,0.100000001490116,-3.82933896332876E-38));
#1308=CARTESIAN_POINT('',(-1.72910967914833E-38,1.62052558348504E-38,1.42611069571323E-38));
#1309=CARTESIAN_POINT('',(5.48467296994448E-34,0.0500000007450581,3.35351548722809E-35));
#1310=VECTOR('',#1327,1.0);
#1311=CARTESIAN_POINT('',(-1.72910967914833E-38,1.62052558348504E-38,1.42611069571323E-38));
#1312=CARTESIAN_POINT('',(0.0143214598167065,-0.000140607488777577,-0.000292145014286462));
#1313=CARTESIAN_POINT('',(0.0429264375276442,-0.000135298836815738,-0.00221038086900214));
#1314=CARTESIAN_POINT('',(0.0997760599539854,-0.000144745660335453,-0.00959273282682014));
#1315=CARTESIAN_POINT('',(0.197672093411271,-0.000118452294425339,-0.0324053881210809));
#1316=CARTESIAN_POINT('',(0.329366390773592,-0.000112297769069592,-0.091028066735012));
#1317=CARTESIAN_POINT('',(0.47087593532614,-9.39603899049155E-05,-0.18956421144943));
#1318=CARTESIAN_POINT('',(0.597641684668181,-8.06623550845898E-05,-0.306082466445292));
#1319=CARTESIAN_POINT('',(0.712246769351828,-6.78595968439603E-05,-0.434412903580682));
#1320=CARTESIAN_POINT('',(0.816992154020963,-5.61310283878528E-05,-0.570827564732875));
#1321=CARTESIAN_POINT('',(0.913751169185689,-4.622668491552E-05,-0.712981993237218));
#1322=CARTESIAN_POINT('',(0.973734175691062,-3.75914934198845E-05,-0.81065813609289));
#1323=CARTESIAN_POINT('',(1.00290846824646,-3.28290298057254E-05,-0.859975576400757));
#1324=CARTESIAN_POINT('',(1.00218620408397,0.0504673891586005,-1.53732917690039));
#1325=DIRECTION('',(-0.999999427586133,-0.000209162110661039,0.00104932293315179));
#1326=DIRECTION('',(0.000209162225813098,-0.999999978125581,-4.18685416677561E-23));
#1327=DIRECTION('',(-0.0,-1.0,-0.0));
ENDSEC;
END-ISO-10303-21;
