#OBJ File generated by Abaqus/CAE
#List of Vertices
v 0.00999441 -4.52487e-05 -0.000130783
v 0.0100046 0.00315106 -0.000113677
v 0.00681192 0.00315688 -9.27356e-05
v 0.00340443 0.00657947 -4.59041e-05
v 0.0100135 0.00656344 -9.09597e-05
v 4.12027e-06 0.0099967 -1.0047e-06
v 0.0100223 0.00997703 -6.92921e-05
v 0.00680756 -2.92603e-05 -9.02283e-05
v 0.00340433 -1.55522e-05 -4.47628e-05
v 2.26609e-06 -1.07935e-07 -2.31735e-06
v 0.0118649 0.00812797 -0.000132063
v 0.0117898 0.00997135 -0.000104782
v 0.0200249 0.00995629 -0.000274227
v 0.0200121 -5.39501e-05 -0.000403431
v 0.0101707 -4.38757e-05 -0.000136771
v 0.00999509 0.000174898 -0.000131154
v 0.0100017 0.00359083 -0.00010974
v 0.0129338 -4.69371e-05 -0.000214827
v 0.0100109 0.00700269 -8.68254e-05
v 0.0156903 -4.88449e-05 -0.000287315
v 0.0184516 -5.48455e-05 -0.000360676
v 0.0235054 0.00646719 -0.000444989
v 0.0249566 0.00995334 -0.000425493
v 0.0300367 0.00994769 -0.00057642
v 0.0300186 -6.3165e-05 -0.000763333
v 0.023666 -5.64676e-05 -0.000536192
v 0.0352376 0.00473346 -0.000900243
v 0.0373233 0.00994505 -0.00086845
v 0.0400432 0.00994356 -0.000977057
v 0.0400291 -6.90695e-05 -0.00119977
v 0.0331542 -6.27033e-05 -0.000901155
v 0.0500276 -6.62533e-05 -0.001717
v 0.0500338 0.00286841 -0.00163888
v 0.0491582 0.000802552 -0.00164978
v 0.0500465 0.00994468 -0.00145895
v 0.0486376 -6.83656e-05 -0.00164489
v 0.0529836 0.00699647 -0.00170704
v 0.0536591 0.00994074 -0.00165993
v 0.0600439 0.00994175 -0.0020224
v 0.0600252 -6.7942e-05 -0.00230479
v 0.070013 -6.68387e-05 -0.00297031
v 0.0700361 0.00994203 -0.00266764
v 0.0799995 -6.72729e-05 -0.00371423
v 0.0800203 0.00994327 -0.00339599
v 0.0899755 -6.59607e-05 -0.00453568
v 0.0900025 0.00994619 -0.00421069
v 0.0999416 -6.28799e-05 -0.00543413
v 0.099975 0.0099445 -0.0051008
v 0.109904 -6.4128e-05 -0.00641176
v 0.109938 0.00994859 -0.00607513
v 0.119857 -5.97075e-05 -0.0074733
v 0.119896 0.00994741 -0.00712881
v 0.129802 -6.05513e-05 -0.0086094
v 0.129844 0.00995098 -0.0082665
v 0.139739 -6.19331e-05 -0.00982679
v 0.139782 0.00994867 -0.00947868
v 0.149663 -5.93716e-05 -0.0111236
v 0.14971 0.00995022 -0.0107746
v 0.159574 -5.82702e-05 -0.0124972
v 0.159625 0.00995016 -0.0121473
v 0.169479 -5.91903e-05 -0.0139519
v 0.169533 0.00994806 -0.0136009
v 0.179369 -5.75029e-05 -0.0154857
v 0.179426 0.00994851 -0.0151336
v 0.189247 -5.87006e-05 -0.0170961
v 0.189304 0.00995109 -0.0167453
v 0.199111 -5.82023e-05 -0.0187855
v 0.199175 0.00995037 -0.0184376
v 0.208961 -5.64852e-05 -0.0205539
v 0.209026 0.00995086 -0.0202045
v 0.218802 -5.89647e-05 -0.0224031
v 0.218867 0.00995226 -0.0220544
v 0.228623 -5.60822e-05 -0.0243293
v 0.228695 0.00994907 -0.0239806
v 0.238427 -5.82446e-05 -0.0263276
v 0.238502 0.00995079 -0.0259836
v 0.248219 -5.59604e-05 -0.0284115
v 0.248294 0.00995207 -0.0280653
v 0.257995 -5.95223e-05 -0.0305675
v 0.258068 0.0099525 -0.0302214
v 0.26775 -5.94728e-05 -0.0328005
v 0.267827 0.00995168 -0.0324561
v 0.277488 -5.62604e-05 -0.0351148
v 0.277571 0.00994919 -0.0347694
v 0.287205 -5.52029e-05 -0.0374994
v 0.287295 0.00994952 -0.0371596
v 0.296907 -5.67127e-05 -0.0399629
v 0.296994 0.00995224 -0.0396225
v 0.306589 -5.628e-05 -0.0425036
v 0.306679 0.00995204 -0.0421642
v 0.316247 -5.43398e-05 -0.0451172
v 0.316343 0.00995346 -0.0447828
v 0.325892 -5.61592e-05 -0.0478098
v 0.325986 0.00995122 -0.0474718
v 0.335508 -5.72474e-05 -0.0505713
v 0.335606 0.00995459 -0.0502404
v 0.345109 -5.79975e-05 -0.0534145
v 0.345205 0.00995354 -0.0530795
v 0.354681 -5.39252e-05 -0.0563291
v 0.354784 0.0099525 -0.055996
v 0.364235 -5.51753e-05 -0.0593189
v 0.36434 0.0099511 -0.0589858
v 0.373871 0.00995376 -0.0620513
v 0.371963 0.00995286 -0.0614352
v 0.37387 0.00990378 -0.0620489
v 0.373763 -5.72491e-05 -0.062378
v 0.383266 -5.56799e-05 -0.0655133
v 0.383372 0.0096683 -0.0651938
v 0.373914 0.00990392 -0.0620645
v 0.383376 0.0099505 -0.0651837
v 0.392747 -5.56805e-05 -0.0687223
v 0.392853 0.0094309 -0.0684138
v 0.383652 0.00965977 -0.0652904
v 0.392861 0.00995054 -0.0683963
v 0.402205 -5.76596e-05 -0.0720053
v 0.402307 0.00919221 -0.071704
v 0.393365 0.00941284 -0.0685918
v 0.402318 0.0099535 -0.0716809
v 0.411632 -5.71034e-05 -0.0753565
v 0.411739 0.00894922 -0.0750712
v 0.403047 0.00916789 -0.0719666
v 0.411748 0.00995422 -0.0750354
v 0.421035 -5.43761e-05 -0.0787843
v 0.421141 0.00870366 -0.0785054
v 0.412708 0.00891862 -0.0754221
v 0.421157 0.00995239 -0.078464
v 0.430412 -5.46798e-05 -0.0822825
v 0.430517 0.00846109 -0.0820123
v 0.422345 0.00866565 -0.0789533
v 0.430534 0.00995243 -0.081961
v 0.439763 -5.35494e-05 -0.0858537
v 0.439868 0.00820726 -0.0855913
v 0.431951 0.00841816 -0.0825611
v 0.439887 0.00995397 -0.0855349
v 0.44909 -5.60716e-05 -0.0894955
v 0.449187 0.0079533 -0.0892415
v 0.441541 0.00815519 -0.0862458
v 0.449213 0.00995192 -0.0891753
v 0.458383 -5.31335e-05 -0.0932089
v 0.458478 0.00770173 -0.0929606
v 0.451101 0.00789174 -0.0900057
v 0.458509 0.00995541 -0.0928912
v 0.467649 -5.44766e-05 -0.0969894
v 0.467745 0.00744504 -0.0967527
v 0.460627 0.0076329 -0.0938385
v 0.467778 0.00995464 -0.0966741
v 0.476886 -5.57532e-05 -0.10084
v 0.476982 0.00718724 -0.100617
v 0.470131 0.00736788 -0.0977489
v 0.477016 0.00995404 -0.100527
v 0.486091 -5.25466e-05 -0.104762
v 0.486189 0.00692451 -0.104545
v 0.479603 0.00710104 -0.101731
v 0.48623 0.00995332 -0.104453
v 0.495275 -5.45818e-05 -0.108756
v 0.495365 0.00666599 -0.108548
v 0.489045 0.00683722 -0.105792
v 0.495411 0.00995211 -0.108445
v 0.504419 -5.27438e-05 -0.112815
v 0.504511 0.00640124 -0.112616
v 0.498458 0.00656647 -0.109923
v 0.504557 0.00995481 -0.112506
v 0.513536 -5.21085e-05 -0.116945
v 0.513623 0.00613326 -0.116754
v 0.507841 0.0062927 -0.114127
v 0.513675 0.00995642 -0.116637
v 0.522622 -5.28908e-05 -0.121142
v 0.522707 0.00585777 -0.120959
v 0.517197 0.00601519 -0.118408
v 0.522765 0.00995666 -0.12084
v 0.531677 -5.54308e-05 -0.125406
v 0.531758 0.00558574 -0.125235
v 0.526523 0.00573415 -0.122764
v 0.531821 0.00995524 -0.125105
v 0.540699 -5.53406e-05 -0.129739
v 0.540778 0.00531764 -0.12958
v 0.535811 0.00545488 -0.127186
v 0.540844 0.00995649 -0.12944
v 0.549689 -5.28187e-05 -0.134143
v 0.549765 0.00504611 -0.133991
v 0.545068 0.00517682 -0.131685
v 0.549837 0.00995554 -0.133843
v 0.558642 -5.29007e-05 -0.138607
v 0.558715 0.00475817 -0.138464
v 0.554295 0.0048882 -0.136253
v 0.558794 0.00995677 -0.138312
v 0.567564 -5.11502e-05 -0.143142
v 0.567636 0.00446588 -0.143008
v 0.563496 0.00459307 -0.140903
v 0.567718 0.00995519 -0.142846
v 0.576454 -5.25259e-05 -0.147742
v 0.576522 0.00418114 -0.147621
v 0.57266 0.00429368 -0.145614
v 0.576608 0.00995529 -0.147446
v 0.58531 -5.25378e-05 -0.152409
v 0.585371 0.00388771 -0.152291
v 0.581789 0.00399866 -0.150402
v 0.585467 0.00995674 -0.152118
v 0.594129 -5.15024e-05 -0.15714
v 0.594185 0.00360047 -0.157032
v 0.590884 0.00369815 -0.155258
v 0.594287 0.00995469 -0.156848
v 0.602917 -5.42958e-05 -0.161937
v 0.602966 0.00330936 -0.161837
v 0.599938 0.00340165 -0.160182
v 0.603075 0.00995357 -0.161645
v 0.611662 -5.18229e-05 -0.166797
v 0.611712 0.00301195 -0.166707
v 0.60896 0.0030982 -0.165177
v 0.611823 0.00995771 -0.16651
v 0.620379 -5.36392e-05 -0.171723
v 0.620423 0.00271496 -0.171644
v 0.617943 0.00279285 -0.170239
v 0.620538 0.00995768 -0.171436
v 0.629053 -5.06057e-05 -0.176713
v 0.629092 0.00241721 -0.17664
v 0.626893 0.00248549 -0.175373
v 0.629218 0.00995789 -0.176428
v 0.637692 -5.2349e-05 -0.181762
v 0.637728 0.00211343 -0.181702
v 0.635809 0.00217085 -0.180575
v 0.637862 0.00995346 -0.18148
v 0.646297 -5.43167e-05 -0.186878
v 0.646324 0.00180327 -0.186823
v 0.644685 0.00185746 -0.185848
v 0.646463 0.00995806 -0.186598
v 0.654859 -5.2098e-05 -0.192054
v 0.654888 0.00149216 -0.192013
v 0.653528 0.00153638 -0.191189
v 0.655029 0.00995766 -0.191776
v 0.663388 -5.05742e-05 -0.197297
v 0.663407 0.00118628 -0.19726
v 0.662321 0.00122271 -0.196592
v 0.663558 0.00995668 -0.197017
v 0.671873 -4.98357e-05 -0.202596
v 0.671891 0.000878671 -0.202572
v 0.671083 0.000901163 -0.202063
v 0.672051 0.00995497 -0.202322
v 0.680327 -5.01116e-05 -0.207962
v 0.680338 0.000564562 -0.207945
v 0.679804 0.000580491 -0.207604
v 0.680503 0.00995691 -0.207688
v 0.688738 -5.15686e-05 -0.213385
v 0.688742 0.000247154 -0.213377
v 0.688484 0.000254932 -0.21321
v 0.688911 0.00995775 -0.213111
v 0.697108 -4.97668e-05 -0.218871
v 0.697286 0.00995731 -0.218599
v 0.696331 -5.2683e-05 -0.21836
v 0.705438 -4.94245e-05 -0.224414
v 0.705623 0.00995546 -0.224147
v 0.713731 -5.07224e-05 -0.230018
v 0.713913 0.00995666 -0.229752
v 0.721981 -4.91533e-05 -0.235683
v 0.722167 0.00995616 -0.235418
v 0.730192 -4.95154e-05 -0.241406
v 0.730379 0.00995843 -0.241145
v 0.738365 -5.18352e-05 -0.247189
v 0.738548 0.00995878 -0.246928
v 0.746493 -5.17218e-05 -0.253029
v 0.746679 0.00995707 -0.25277
v 0.754577 -4.92105e-05 -0.258928
v 0.754767 0.0099578 -0.25867
v 0.762621 -4.907e-05 -0.264883
v 0.762814 0.0099563 -0.264626
v 0.770621 -5.12809e-05 -0.270891
v 0.770814 0.00995697 -0.270638
v 0.77858 -5.14469e-05 -0.276958
v 0.778775 0.00995526 -0.276708
v 0.786497 -4.9602e-05 -0.283087
v 0.786691 0.00995563 -0.282833
v 0.794369 -5.03661e-05 -0.289265
v 0.794563 0.009958 -0.289016
v 0.802197 -4.92733e-05 -0.295501
v 0.802394 0.00995773 -0.295253
v 0.809981 -5.09083e-05 -0.301789
v 0.810182 0.0099594 -0.301549
v 0.817722 -5.08246e-05 -0.308134
v 0.817922 0.00995834 -0.307892
v 0.825418 -4.89936e-05 -0.314535
v 0.82562 0.00995908 -0.314294
v 0.833068 -5.0025e-05 -0.320985
v 0.833272 0.00995702 -0.320746
v 0.840674 -4.94467e-05 -0.327491
v 0.84088 0.00995673 -0.327253
v 0.848234 -5.18041e-05 -0.334047
v 0.84844 0.0099581 -0.333813
v 0.855752 -5.26436e-05 -0.34066
v 0.855956 0.0099566 -0.340424
v 0.863219 -5.1875e-05 -0.347323
v 0.863426 0.00995673 -0.347089
v 0.870638 -4.96211e-05 -0.354036
v 0.870851 0.00995844 -0.353807
v 0.878017 -5.03771e-05 -0.360805
v 0.878229 0.0099573 -0.360574
v 0.885345 -4.9465e-05 -0.367622
v 0.885559 0.00995787 -0.367393
v 0.89263 -4.67639e-05 -0.374494
v 0.892841 0.00996028 -0.374263
v 0.899863 -4.20308e-05 -0.381414
v 0.900074 0.00996473 -0.381181
v 2.20565e-06 0.0200006 -3.01998e-06
v 0.00371928 0.0162803 -2.56053e-05
v 0.00497294 0.0199927 -2.35163e-05
v 0.0100211 0.0199849 -4.93025e-05
v 4.09027e-06 0.0162894 -4.54056e-06
v 0.0116679 0.018331 -8.33582e-05
v 0.0131916 0.0199817 -9.80493e-05
v 0.0198691 0.0199743 -0.000197647
v 0.0151467 0.0148451 -0.00016309
v 0.0200371 0.0199733 -0.000200378
v 0.0200295 0.0128841 -0.000251056
v 0.0186212 0.0113591 -0.000238337
v 0.0100214 0.0182555 -5.21213e-05
v 0.0100203 0.0146116 -5.59458e-05
v 0.0100214 0.0109735 -6.76864e-05
v 0.0300435 0.0199607 -0.000459816
v 0.0351576 0.0148369 -0.000723468
v 0.0342818 0.0199617 -0.000616455
v 0.0400544 0.019957 -0.000818566
v 0.0500587 0.0199569 -0.00127573
v 0.0525121 0.0174956 -0.00145875
v 0.0518948 0.0199532 -0.00137116
v 0.0600583 0.019954 -0.0018134
v 0.0700535 0.0199559 -0.00244726
v 0.0800434 0.019954 -0.00316129
v 0.0734789 0.0199543 -0.00269097
v 0.0800332 0.0150753 -0.00327815
v 0.090007 0.0124327 -0.00414941
v 0.0861545 0.0138135 -0.00380581
v 0.0900213 0.019957 -0.0039613
v 0.099979 0.0116063 -0.00505927
v 0.0980156 0.0119146 -0.00487572
v 0.099998 0.0199554 -0.00484538
v 0.109942 0.0114591 -0.00603436
v 0.10834 0.011555 -0.00587557
v 0.109963 0.0199586 -0.00581445
v 0.119899 0.0115374 -0.00708816
v 0.118306 0.0115501 -0.00691847
v 0.119923 0.0199566 -0.00686271
v 0.129846 0.0116841 -0.00821748
v 0.128145 0.0116618 -0.00802386
v 0.129872 0.0199589 -0.00799525
v 0.139785 0.011822 -0.00942756
v 0.137958 0.0117886 -0.00920415
v 0.139812 0.0199603 -0.00920909
v 0.149717 0.0119282 -0.0107213
v 0.147787 0.0118935 -0.0104689
v 0.149745 0.0199603 -0.0105042
v 0.159631 0.0120004 -0.0120917
v 0.157632 0.01197 -0.0118162
v 0.159664 0.0199587 -0.011876
v 0.169539 0.0120332 -0.0135449
v 0.1675 0.0120126 -0.0132481
v 0.169573 0.01996 -0.0133311
v 0.179436 0.012033 -0.0150779
v 0.177386 0.012021 -0.0147603
v 0.179468 0.0199588 -0.0148627
v 0.189315 0.0120116 -0.0166894
v 0.187285 0.0120049 -0.0163577
v 0.189349 0.0199597 -0.0164731
v 0.199182 0.0119696 -0.0183831
v 0.197196 0.011964 -0.0180402
v 0.199219 0.0199624 -0.0181664
v 0.209036 0.0119028 -0.020151
v 0.207111 0.011908 -0.0198084
v 0.209076 0.0199614 -0.0199361
v 0.218878 0.0118281 -0.022003
v 0.217025 0.0118369 -0.0216575
v 0.218918 0.0199612 -0.0217843
v 0.228705 0.0117402 -0.0239323
v 0.226934 0.0117503 -0.0235834
v 0.228745 0.0199615 -0.023711
v 0.238511 0.0116433 -0.0259374
v 0.236843 0.0116526 -0.0255971
v 0.238557 0.0199618 -0.0257163
v 0.248302 0.0115394 -0.0280205
v 0.246739 0.0115488 -0.0276881
v 0.248349 0.0199618 -0.0277957
v 0.258079 0.0114343 -0.0301829
v 0.256619 0.0114437 -0.0298583
v 0.258132 0.0199609 -0.0299578
v 0.267836 0.0113268 -0.0324213
v 0.266487 0.0113368 -0.0321123
v 0.267888 0.0199638 -0.0321924
v 0.277578 0.0112106 -0.0347381
v 0.276341 0.0112225 -0.0344435
v 0.277636 0.0199601 -0.0345072
v 0.287301 0.0110908 -0.0371311
v 0.286185 0.0111003 -0.0368563
v 0.287357 0.0199643 -0.036897
v 0.297 0.0109678 -0.0395956
v 0.29601 0.010975 -0.0393444
v 0.297065 0.0199611 -0.0393627
v 0.306685 0.010842 -0.0421393
v 0.305817 0.0108513 -0.0419144
v 0.306749 0.01996 -0.0419011
v 0.316349 0.0107169 -0.0447613
v 0.315604 0.0107236 -0.0445599
v 0.316416 0.0199606 -0.0445204
v 0.32599 0.0105872 -0.0474551
v 0.325372 0.0105915 -0.0472811
v 0.326059 0.0199624 -0.0472124
v 0.335611 0.0104581 -0.0502268
v 0.335121 0.0104645 -0.0500869
v 0.335683 0.0199603 -0.049979
v 0.34521 0.010324 -0.0530702
v 0.344848 0.0103275 -0.0529618
v 0.345285 0.0199634 -0.0528251
v 0.354784 0.0101953 -0.0559893
v 0.354553 0.0101949 -0.0559171
v 0.354862 0.0199619 -0.0557374
v 0.364341 0.0100611 -0.0589843
v 0.364236 0.0100614 -0.0589508
v 0.364421 0.0199648 -0.0587336
v 0.373954 0.0199623 -0.0617964
v 0.383462 0.0199635 -0.064935
v 0.392948 0.0199633 -0.068147
v 0.402406 0.0199613 -0.0714285
v 0.411841 0.019962 -0.0747862
v 0.421247 0.019965 -0.0782162
v 0.430627 0.0199651 -0.0817161
v 0.439982 0.019962 -0.0852863
v 0.449308 0.0199649 -0.0889317
v 0.458609 0.019964 -0.0926477
v 0.46788 0.0199636 -0.0964329
v 0.477121 0.0199635 -0.100287
v 0.486333 0.0199632 -0.104212
v 0.495515 0.0199626 -0.108206
v 0.504663 0.019966 -0.112269
v 0.513784 0.0199637 -0.116399
v 0.522876 0.0199647 -0.120603
v 0.531933 0.0199642 -0.12487
v 0.540956 0.0199665 -0.129206
v 0.549949 0.0199665 -0.133611
v 0.558909 0.0199642 -0.138079
v 0.567837 0.0199638 -0.142617
v 0.576727 0.0199652 -0.147219
v 0.585588 0.0199634 -0.151889
v 0.594409 0.0199673 -0.156626
v 0.603198 0.0199631 -0.161422
v 0.611948 0.0199641 -0.166284
v 0.620666 0.0199657 -0.171216
v 0.629345 0.0199676 -0.176208
v 0.637987 0.019965 -0.18126
v 0.646593 0.0199668 -0.18638
v 0.655163 0.0199637 -0.19156
v 0.663691 0.0199647 -0.196802
v 0.672182 0.0199651 -0.202106
v 0.680637 0.0199645 -0.207474
v 0.689048 0.0199675 -0.212901
v 0.697426 0.0199648 -0.21839
v 0.705761 0.0199653 -0.223939
v 0.714054 0.0199643 -0.229545
v 0.722309 0.0199663 -0.235215
v 0.730521 0.0199665 -0.24094
v 0.738693 0.0199649 -0.246724
v 0.746825 0.0199659 -0.25257
v 0.754912 0.0199648 -0.258468
v 0.762959 0.0199661 -0.264428
v 0.770963 0.0199652 -0.270441
v 0.778924 0.0199664 -0.276515
v 0.786843 0.0199653 -0.282642
v 0.794718 0.0199662 -0.288826
v 0.802545 0.0199692 -0.295063
v 0.810334 0.019965 -0.301354
v 0.818078 0.0199673 -0.307705
v 0.825775 0.019967 -0.314105
v 0.833427 0.0199685 -0.320561
v 0.841037 0.0199673 -0.32707
v 0.8486 0.0199679 -0.333632
v 0.856118 0.0199657 -0.340244
v 0.863587 0.0199653 -0.346906
v 0.871014 0.0199666 -0.353627
v 0.87839 0.0199651 -0.360392
v 0.885722 0.0199654 -0.367212
v 0.893004 0.0199675 -0.37408
v 0.900242 0.0199717 -0.381004
v 0.0100194 0.0228606 -4.49577e-05
v 0.00793582 0.022065 -3.53301e-05
v 0.00396891 0.026033 -1.91506e-05
v 0.0100219 0.0283314 -3.93032e-05
v 4.53254e-06 0.0299957 -4.3227e-07
v 0.0100247 0.0299917 -4.08118e-05
v 4.99115e-06 0.0232494 -5.65856e-07
v 0.0109397 0.0290753 -5.45634e-05
v 0.012102 0.0299887 -6.56836e-05
v 0.0189529 0.0299801 -0.000149047
v 0.0139467 0.0260656 -0.000101726
v 0.0200391 0.0299787 -0.000162698
v 0.0200403 0.0254663 -0.000180396
v 0.0169539 0.023056 -0.000148862
v 0.0200393 0.0201082 -0.000202766
v 0.0199656 0.0200462 -0.000200476
v 0.0241083 0.025909 -0.000288598
v 0.0291665 0.0299779 -0.000372776
v 0.0300549 0.0299768 -0.000394076
v 0.0300486 0.0219526 -0.000447087
v 0.0289431 0.0210669 -0.000431382
v 0.0400622 0.0299709 -0.000724117
v 0.0500659 0.0299713 -0.00115036
v 0.0411627 0.0299726 -0.00077296
v 0.0500605 0.0220523 -0.00125032
v 0.0600686 0.0299694 -0.00167693
v 0.070066 0.029968 -0.0022918
v 0.0627341 0.0299694 -0.00183942
v 0.0700558 0.0223428 -0.00240786
v 0.0800536 0.0299706 -0.00299838
v 0.0900387 0.0299684 -0.00378981
v 0.100015 0.0299705 -0.00467139
v 0.109983 0.0299725 -0.00563505
v 0.119942 0.0299737 -0.00668091
v 0.129896 0.0299742 -0.00781265
v 0.139836 0.0299735 -0.00902152
v 0.149772 0.0299715 -0.0103158
v 0.159693 0.0299728 -0.0116892
v 0.1696 0.029972 -0.013139
v 0.179496 0.0299738 -0.0146719
v 0.189383 0.0299727 -0.0162854
v 0.199255 0.0299733 -0.0179774
v 0.209111 0.0299753 -0.0197479
v 0.218955 0.0299732 -0.0215943
v 0.228782 0.0299717 -0.0235191
v 0.238597 0.0299751 -0.025529
v 0.248394 0.0299733 -0.0276104
v 0.258169 0.0299758 -0.0297684
v 0.267936 0.0299722 -0.0320063
v 0.277678 0.029972 -0.0343166
v 0.287406 0.0299747 -0.0367118
v 0.297111 0.0299751 -0.0391769
v 0.306797 0.0299728 -0.0417161
v 0.316467 0.0299722 -0.0443362
v 0.326112 0.029973 -0.0470288
v 0.335736 0.0299747 -0.0497981
v 0.345338 0.0299721 -0.0526378
v 0.354918 0.0299745 -0.0555568
v 0.364478 0.0299767 -0.0585528
v 0.374012 0.0299735 -0.0616154
v 0.383521 0.0299741 -0.0647535
v 0.393007 0.0299734 -0.0679649
v 0.402467 0.0299758 -0.0712522
v 0.411901 0.0299761 -0.074609
v 0.421313 0.029974 -0.0780396
v 0.430693 0.029974 -0.0815383
v 0.440049 0.0299755 -0.0851136
v 0.44938 0.0299737 -0.0887592
v 0.45868 0.0299728 -0.0924736
v 0.467947 0.0299773 -0.0962594
v 0.477191 0.0299774 -0.100116
v 0.486404 0.0299775 -0.104043
v 0.495589 0.0299773 -0.108039
v 0.50474 0.0299764 -0.112101
v 0.513863 0.0299746 -0.116233
v 0.522952 0.0299763 -0.120434
v 0.532013 0.0299765 -0.124707
v 0.54104 0.0299748 -0.129042
v 0.550034 0.0299758 -0.133448
v 0.558993 0.0299744 -0.137917
v 0.567922 0.0299751 -0.142456
v 0.576811 0.0299775 -0.147059
v 0.585672 0.0299768 -0.15173
v 0.594496 0.0299774 -0.156465
v 0.603284 0.0299745 -0.161262
v 0.612037 0.029977 -0.166129
v 0.620756 0.0299754 -0.171058
v 0.629436 0.0299743 -0.176049
v 0.638079 0.0299779 -0.181107
v 0.646685 0.0299768 -0.186226
v 0.655254 0.0299755 -0.191406
v 0.663784 0.0299784 -0.196652
v 0.672279 0.0299761 -0.201958
v 0.680733 0.0299776 -0.207326
v 0.689147 0.0299781 -0.212755
v 0.697523 0.0299775 -0.218244
v 0.705858 0.0299757 -0.22379
v 0.714153 0.0299771 -0.2294
v 0.706187 0.0299763 -0.224013
v 0.714152 0.0298411 -0.229404
v 0.722403 0.0296992 -0.235072
v 0.714269 0.0298346 -0.229482
v 0.722408 0.0299769 -0.235068
v 0.730619 0.0295633 -0.240802
v 0.722636 0.0296948 -0.235235
v 0.730623 0.029975 -0.240795
v 0.73879 0.0294301 -0.24659
v 0.730961 0.0295546 -0.241043
v 0.738796 0.029976 -0.246582
v 0.746919 0.0292942 -0.252435
v 0.739241 0.0294208 -0.246915
v 0.746925 0.0299796 -0.252428
v 0.755006 0.0291553 -0.258338
v 0.747479 0.0292838 -0.252845
v 0.755015 0.0299766 -0.258327
v 0.763052 0.0290125 -0.2643
v 0.755677 0.0291428 -0.258838
v 0.763062 0.0299762 -0.264285
v 0.771057 0.0288671 -0.27032
v 0.76384 0.0289926 -0.264892
v 0.771066 0.0299781 -0.270303
v 0.779014 0.0287181 -0.276392
v 0.771956 0.028848 -0.271009
v 0.77903 0.0299777 -0.276377
v 0.786933 0.0285657 -0.282523
v 0.780031 0.0286945 -0.27718
v 0.786946 0.0299795 -0.282505
v 0.794808 0.0284163 -0.288711
v 0.788063 0.0285417 -0.283414
v 0.794823 0.029979 -0.28869
v 0.802639 0.0282573 -0.294952
v 0.796054 0.0283856 -0.289704
v 0.802655 0.0299761 -0.294927
v 0.810424 0.0280867 -0.301248
v 0.804 0.0282232 -0.296054
v 0.810442 0.0299797 -0.301224
v 0.818164 0.0279099 -0.3076
v 0.811916 0.0280486 -0.302475
v 0.818187 0.0299763 -0.307571
v 0.825859 0.0277178 -0.314002
v 0.819794 0.0278573 -0.308954
v 0.825885 0.0299794 -0.313974
v 0.83351 0.0275199 -0.320462
v 0.827633 0.0276574 -0.315501
v 0.833539 0.0299799 -0.320431
v 0.841119 0.0273415 -0.326973
v 0.835439 0.0274417 -0.32211
v 0.841148 0.0299778 -0.326938
v 0.848683 0.0272713 -0.333535
v 0.843168 0.0272642 -0.328752
v 0.848713 0.0299777 -0.333502
v 0.8562 0.027457 -0.340145
v 0.85076 0.0272107 -0.335364
v 0.856228 0.0299794 -0.340114
v 0.863681 0.0282065 -0.346801
v 0.858088 0.0274495 -0.34183
v 0.863703 0.0299784 -0.346782
v 0.864942 0.0282799 -0.347939
v 0.870061 0.0299751 -0.35253
v 0.871131 0.0299749 -0.353497
v 0.878507 0.0299775 -0.360266
v 0.885838 0.0299775 -0.367084
v 0.893122 0.0299793 -0.373954
v 0.900355 0.029983 -0.380873
v 0.0100255 0.0399912 -3.29934e-05
v 3.44166e-06 0.0399974 -9.60506e-07
v 0.0136227 0.0363961 -8.12815e-05
v 0.0164112 0.0399918 -0.000107944
v 0.0200426 0.0399909 -0.000147736
v 0.0200387 0.0319928 -0.000161569
v 0.0191625 0.0308606 -0.000156844
v 0.0237308 0.0363032 -0.000239757
v 0.0261511 0.0399863 -0.000274643
v 0.0300568 0.0399844 -0.000356723
v 0.0300562 0.0311794 -0.000388084
v 0.0295778 0.0304546 -0.000383059
v 0.0400626 0.0310818 -0.000719232
v 0.0393129 0.0307201 -0.000695808
v 0.0400689 0.0399828 -0.000668251
v 0.0500746 0.0399825 -0.00108448
v 0.060077 0.0399818 -0.00159497
v 0.0563379 0.039985 -0.00140551
v 0.0600697 0.0339213 -0.0016452
v 0.0700713 0.0399838 -0.00220316
v 0.0800635 0.0399855 -0.00290408
v 0.0900482 0.0399859 -0.0036935
v 0.0835034 0.0399845 -0.00317304
v 0.090042 0.0359992 -0.00372795
v 0.100018 0.0331301 -0.00463734
v 0.0956353 0.0343689 -0.00423905
v 0.100023 0.0399861 -0.00456564
v 0.109987 0.0322862 -0.00560784
v 0.107542 0.0324254 -0.00537178
v 0.109996 0.0399855 -0.00552917
v 0.119945 0.0325428 -0.00665136
v 0.117543 0.0323869 -0.00640132
v 0.119955 0.0399843 -0.0065702
v 0.129899 0.0333536 -0.00777167
v 0.126898 0.0329931 -0.00743834
v 0.129907 0.0399872 -0.00769975
v 0.139843 0.0343588 -0.00897221
v 0.135996 0.0338464 -0.00851039
v 0.139851 0.039984 -0.00890801
v 0.149775 0.0353659 -0.0102528
v 0.145019 0.0347684 -0.00964145
v 0.149784 0.0399844 -0.0101998
v 0.159704 0.0362682 -0.011616
v 0.154059 0.0356638 -0.010842
v 0.159708 0.0399831 -0.0115725
v 0.169611 0.0370369 -0.0130581
v 0.163181 0.0364697 -0.0121236
v 0.169616 0.0399847 -0.0130239
v 0.179513 0.0376469 -0.0145873
v 0.172405 0.0371586 -0.0134889
v 0.179519 0.0399839 -0.01456
v 0.189398 0.0381063 -0.0161909
v 0.181753 0.0377144 -0.0149489
v 0.189401 0.0399853 -0.0161704
v 0.199271 0.0384418 -0.0178781
v 0.191213 0.0381465 -0.0165049
v 0.199275 0.0399836 -0.017861
v 0.209131 0.038675 -0.0196504
v 0.200771 0.03846 -0.0181466
v 0.20913 0.0399881 -0.0196324
v 0.218972 0.0388228 -0.0214943
v 0.210411 0.0386801 -0.0198862
v 0.218979 0.0399838 -0.0214813
v 0.228801 0.0388985 -0.0234204
v 0.220116 0.0388221 -0.0217178
v 0.228805 0.0399849 -0.0234067
v 0.238615 0.0389166 -0.0254253
v 0.229876 0.038891 -0.0236395
v 0.23862 0.0399862 -0.0254144
v 0.248411 0.0389043 -0.0275077
v 0.239671 0.0389069 -0.0256479
v 0.248415 0.0399873 -0.0274961
v 0.258195 0.0388697 -0.0296714
v 0.249483 0.0388907 -0.0277431
v 0.258195 0.0399878 -0.0296558
v 0.267957 0.038812 -0.0319084
v 0.259297 0.0388572 -0.0299234
v 0.267959 0.0399872 -0.0318935
v 0.277703 0.038731 -0.034223
v 0.269117 0.0387961 -0.0321843
v 0.277704 0.0399852 -0.0342052
v 0.287427 0.0386327 -0.036612
v 0.278938 0.0387119 -0.0345241
v 0.287432 0.0399862 -0.0365974
v 0.297134 0.0385231 -0.0390811
v 0.288758 0.0386142 -0.0369517
v 0.29714 0.039985 -0.0390636
v 0.306821 0.0384027 -0.0416253
v 0.298577 0.038498 -0.0394602
v 0.306827 0.0399859 -0.0416061
v 0.316489 0.0382726 -0.0442434
v 0.30838 0.0383729 -0.0420462
v 0.316492 0.0399887 -0.0442251
v 0.326136 0.038136 -0.0469389
v 0.318167 0.0382436 -0.0447118
v 0.326143 0.0399881 -0.0469224
v 0.335763 0.0379873 -0.0497101
v 0.327948 0.0381045 -0.0474633
v 0.335765 0.0399884 -0.049688
v 0.345364 0.0378386 -0.0525551
v 0.337712 0.0379502 -0.0502861
v 0.345373 0.0399847 -0.0525319
v 0.354947 0.0376844 -0.0554761
v 0.347456 0.0378005 -0.0531934
v 0.354955 0.0399859 -0.055451
v 0.364502 0.0375301 -0.0584665
v 0.357183 0.0376405 -0.0561738
v 0.364512 0.0399871 -0.0584427
v 0.374036 0.0373816 -0.0615355
v 0.366886 0.0374846 -0.0592345
v 0.374045 0.0399877 -0.0615073
v 0.383549 0.0372267 -0.0646767
v 0.376557 0.0373324 -0.0623671
v 0.383558 0.0399875 -0.0646491
v 0.393032 0.0370684 -0.0678896
v 0.386207 0.0371782 -0.0655784
v 0.393044 0.039986 -0.0678599
v 0.402492 0.0369071 -0.071178
v 0.395845 0.0370117 -0.0688681
v 0.402505 0.0399877 -0.0711464
v 0.411929 0.0367374 -0.0745397
v 0.405457 0.0368419 -0.072233
v 0.411939 0.0399874 -0.0745023
v 0.421335 0.0365643 -0.0779689
v 0.415049 0.0366686 -0.0756773
v 0.421351 0.0399848 -0.0779318
v 0.430719 0.0363942 -0.0814742
v 0.424613 0.0364922 -0.0791924
v 0.430732 0.039989 -0.0814358
v 0.440077 0.0362218 -0.0850497
v 0.434145 0.0363221 -0.082783
v 0.44009 0.0399855 -0.0850074
v 0.449404 0.0360498 -0.0886953
v 0.44365 0.0361478 -0.0864449
v 0.449417 0.0399882 -0.0886538
v 0.458703 0.0358785 -0.092415
v 0.45313 0.0359736 -0.0901852
v 0.45872 0.0399871 -0.0923707
v 0.467976 0.0356971 -0.096201
v 0.462587 0.0357943 -0.0940016
v 0.467992 0.0399868 -0.0961564
v 0.477216 0.035514 -0.100059
v 0.472014 0.0356093 -0.0978867
v 0.477234 0.0399869 -0.100011
v 0.486428 0.0353244 -0.103987
v 0.481418 0.0354178 -0.101849
v 0.486449 0.0399871 -0.10394
v 0.495612 0.0351294 -0.107983
v 0.490799 0.0352245 -0.105892
v 0.495631 0.039987 -0.107934
v 0.504761 0.0349455 -0.112049
v 0.500141 0.0350302 -0.109997
v 0.504784 0.0399864 -0.111997
v 0.513884 0.0347622 -0.116185
v 0.509452 0.03484 -0.114175
v 0.513907 0.0399896 -0.116134
v 0.522975 0.0345775 -0.120388
v 0.518724 0.0346573 -0.118425
v 0.522999 0.0399871 -0.120335
v 0.532034 0.0343901 -0.12466
v 0.52797 0.0344672 -0.122746
v 0.532057 0.0399878 -0.124604
v 0.541058 0.034193 -0.128998
v 0.537187 0.0342683 -0.127138
v 0.541085 0.0399867 -0.128941
v 0.550051 0.0339861 -0.133404
v 0.546381 0.0340598 -0.131607
v 0.550079 0.0399883 -0.133347
v 0.559013 0.0337758 -0.13788
v 0.555547 0.0338473 -0.13615
v 0.55904 0.0399877 -0.137818
v 0.567936 0.0335741 -0.14242
v 0.564669 0.033641 -0.140758
v 0.567968 0.0399892 -0.142358
v 0.576828 0.0333708 -0.147025
v 0.573761 0.0334308 -0.145437
v 0.576864 0.0399879 -0.146963
v 0.585686 0.0331618 -0.151697
v 0.582817 0.0332205 -0.150185
v 0.585721 0.0399883 -0.151632
v 0.594512 0.0329419 -0.156437
v 0.591847 0.0329995 -0.155007
v 0.594548 0.03999 -0.156371
v 0.603297 0.0327224 -0.161238
v 0.600845 0.0327728 -0.159897
v 0.603336 0.0399882 -0.161169
v 0.612053 0.0325066 -0.166106
v 0.609796 0.0325561 -0.164853
v 0.61209 0.0399873 -0.166034
v 0.620767 0.0323036 -0.171037
v 0.618708 0.0323407 -0.169869
v 0.620809 0.0399871 -0.170964
v 0.629448 0.0320888 -0.176033
v 0.627583 0.0321279 -0.17496
v 0.629488 0.0399874 -0.175955
v 0.638088 0.0318611 -0.181087
v 0.63643 0.0318977 -0.180118
v 0.638135 0.0399879 -0.181016
v 0.646694 0.0316328 -0.186208
v 0.645241 0.0316653 -0.185344
v 0.646741 0.0399885 -0.186134
v 0.655262 0.0314039 -0.191393
v 0.654015 0.0314357 -0.190641
v 0.655308 0.0399889 -0.191315
v 0.663794 0.0311736 -0.196643
v 0.662752 0.031199 -0.196002
v 0.663842 0.0399889 -0.196562
v 0.672283 0.0309363 -0.201948
v 0.671456 0.0309541 -0.201431
v 0.672336 0.0399884 -0.201869
v 0.680737 0.0306987 -0.207318
v 0.680117 0.0307118 -0.206924
v 0.68079 0.0399873 -0.207235
v 0.689152 0.0304661 -0.212751
v 0.68873 0.0304771 -0.212479
v 0.689203 0.0399898 -0.212663
v 0.697524 0.0302313 -0.218242
v 0.697309 0.0302346 -0.218099
v 0.697583 0.0399867 -0.218154
v 0.705856 0.0299884 -0.223791
v 0.705848 0.0299875 -0.223784
v 0.705919 0.0399871 -0.223704
v 0.714212 0.0399906 -0.229314
v 0.72247 0.0399882 -0.234984
v 0.730682 0.0399888 -0.24071
v 0.738855 0.0399876 -0.246496
v 0.746988 0.0399893 -0.252343
v 0.755079 0.039989 -0.258246
v 0.763125 0.0399867 -0.264202
v 0.771132 0.0399869 -0.27022
v 0.779093 0.0399894 -0.276295
v 0.787012 0.0399897 -0.282424
v 0.794888 0.0399877 -0.288607
v 0.802721 0.0399879 -0.294848
v 0.810507 0.0399902 -0.301142
v 0.818252 0.0399901 -0.307493
v 0.825954 0.0399875 -0.313896
v 0.833608 0.039987 -0.320351
v 0.841217 0.0399886 -0.326862
v 0.848781 0.0399877 -0.333423
v 0.856298 0.0399887 -0.340037
v 0.863772 0.0399872 -0.346702
v 0.871131 0.0305499 -0.353491
v 0.870857 0.0303449 -0.353248
v 0.871196 0.0399877 -0.353418
v 0.875267 0.034416 -0.357233
v 0.878468 0.0399868 -0.360087
v 0.878575 0.03999 -0.360189
v 0.885909 0.0399896 -0.367009
v 0.893191 0.0399909 -0.373877
v 0.900428 0.0399894 -0.380796
v 0.010027 0.0499964 -3.28709e-05
v 1.73319e-06 0.0500001 -1.8825e-06
v 0.0166381 0.0433933 -0.000110128
v 0.018821 0.0499955 -0.000128291
v 0.0200419 0.049998 -0.000142348
v 0.0269589 0.0430843 -0.000292778
v 0.0284272 0.0499954 -0.000314891
v 0.0300617 0.0499962 -0.000348116
v 0.0400705 0.0499964 -0.000654256
v 0.0500756 0.0500003 -0.001063
v 0.0546863 0.0453807 -0.00130739
v 0.0534187 0.0499986 -0.0012302
v 0.0600799 0.0499958 -0.00157022
v 0.0700752 0.0500005 -0.00217627
v 0.080064 0.0499984 -0.00286932
v 0.078311 0.0499958 -0.00274852
v 0.0800632 0.0453859 -0.00288198
v 0.0900505 0.0499959 -0.00365442
v 0.100027 0.0499975 -0.0045296
v 0.109999 0.0499986 -0.00549128
v 0.119959 0.049999 -0.00653496
v 0.129915 0.0499986 -0.0076643
v 0.139856 0.0499971 -0.00887047
v 0.14979 0.0499993 -0.0101643
v 0.15971 0.0499998 -0.0115344
v 0.169624 0.0499983 -0.0129893
v 0.179523 0.0499995 -0.0145226
v 0.189407 0.049998 -0.0161318
v 0.19928 0.0499983 -0.0178234
v 0.209141 0.0500001 -0.0195975
v 0.218984 0.049998 -0.0214429
v 0.228816 0.0499966 -0.0233706
v 0.238629 0.0500003 -0.0253787
v 0.248424 0.049999 -0.027458
v 0.258208 0.0499971 -0.0296195
v 0.26797 0.0499992 -0.0318571
v 0.277716 0.0499999 -0.0341725
v 0.287442 0.0499989 -0.0365617
v 0.297147 0.0500005 -0.0390271
v 0.306837 0.0499996 -0.0415705
v 0.316505 0.0500006 -0.0441902
v 0.326154 0.0499983 -0.0468838
v 0.335778 0.0499971 -0.0496497
v 0.345383 0.0500014 -0.0524987
v 0.354962 0.0500012 -0.0554136
v 0.36452 0.0500011 -0.0584051
v 0.374058 0.0500004 -0.0614736
v 0.383568 0.0499991 -0.0646108
v 0.393057 0.0500013 -0.0678274
v 0.40252 0.0499973 -0.0711107
v 0.411952 0.0500008 -0.0744681
v 0.421363 0.0499975 -0.0778965
v 0.430748 0.0500011 -0.0814033
v 0.440103 0.0500017 -0.0849759
v 0.449432 0.0499991 -0.0886185
v 0.458733 0.0499976 -0.0923337
v 0.468006 0.0500017 -0.0961241
v 0.47725 0.0500016 -0.0999811
v 0.486463 0.0500016 -0.103907
v 0.495647 0.0500014 -0.107903
v 0.504802 0.0500009 -0.111969
v 0.513924 0.0499996 -0.116101
v 0.523016 0.0500019 -0.120305
v 0.532073 0.0499982 -0.12457
v 0.541099 0.0500022 -0.12891
v 0.550097 0.0499997 -0.133316
v 0.559058 0.0499997 -0.137787
v 0.567987 0.0500018 -0.142329
v 0.576879 0.0500013 -0.146931
v 0.585742 0.0499979 -0.151601
v 0.594565 0.0500005 -0.156338
v 0.603352 0.0499998 -0.161136
v 0.612106 0.05 -0.166002
v 0.620824 0.050001 -0.170932
v 0.629508 0.049998 -0.175925
v 0.638151 0.0499999 -0.180982
v 0.646759 0.0500019 -0.186105
v 0.655328 0.0499993 -0.191284
v 0.66386 0.050001 -0.196531
v 0.672352 0.0500022 -0.201838
v 0.680811 0.0499983 -0.207206
v 0.689222 0.0500027 -0.212634
v 0.6976 0.0500016 -0.218125
v 0.705936 0.0499995 -0.223673
v 0.714233 0.0500007 -0.229285
v 0.722489 0.0500005 -0.234954
v 0.730705 0.0499989 -0.240682
v 0.738875 0.0500002 -0.246468
v 0.747008 0.0499998 -0.252312
v 0.755096 0.050002 -0.258215
v 0.763146 0.0500024 -0.264179
v 0.771153 0.0500008 -0.270195
v 0.779114 0.0500017 -0.276267
v 0.787035 0.0500004 -0.282398
v 0.794909 0.0500014 -0.288581
v 0.80274 0.0500001 -0.294819
v 0.810529 0.0500011 -0.301115
v 0.818273 0.0499998 -0.307464
v 0.825972 0.0500006 -0.313867
v 0.833628 0.0499991 -0.320324
v 0.84124 0.0499997 -0.326836
v 0.848801 0.0500024 -0.333397
v 0.856321 0.0500028 -0.340013
v 0.863793 0.0500007 -0.346676
v 0.87122 0.0500006 -0.353394
v 0.878578 0.0405457 -0.360189
v 0.878494 0.0400982 -0.360113
v 0.878598 0.0500024 -0.360163
v 0.879616 0.0486049 -0.361115
v 0.879693 0.0500021 -0.361181
v 0.88593 0.0500015 -0.366981
v 0.893214 0.0500022 -0.373852
v 0.90045 0.0499999 -0.38077
v 0.0100259 0.0600006 -3.43156e-05
v 2.08409e-06 0.0599984 -5.60782e-07
v 0.0187087 0.0513283 -0.00012683
v 0.0164119 0.0600067 -0.000106266
v 0.0200463 0.0600033 -0.000148042
v 0.027878 0.0521782 -0.00030475
v 0.0261568 0.06001 -0.000279443
v 0.030058 0.0600102 -0.000360788
v 0.0400704 0.0600106 -0.000671468
v 0.0500714 0.0600127 -0.00108202
v 0.0550338 0.0550459 -0.00132393
v 0.0563349 0.0600122 -0.00140457
v 0.0600758 0.0600134 -0.00159605
v 0.0700699 0.0600122 -0.00220031
v 0.0800615 0.0546155 -0.00288391
v 0.0788198 0.0512457 -0.00278689
v 0.0800652 0.0600104 -0.00290154
v 0.0821455 0.0579239 -0.00305838
v 0.0834965 0.0600104 -0.00317232
v 0.0900457 0.0600128 -0.00368893
v 0.100027 0.06001 -0.00456491
v 0.109995 0.0600116 -0.00552561
v 0.119956 0.0600128 -0.00657211
v 0.129908 0.0600132 -0.00769985
v 0.13985 0.0600128 -0.0089084
v 0.149787 0.0600112 -0.0102019
v 0.159707 0.060013 -0.011574
v 0.169617 0.0600129 -0.0130263
v 0.179517 0.0600106 -0.0145586
v 0.189401 0.0600106 -0.0161692
v 0.199273 0.0600126 -0.0178619
v 0.209131 0.0600112 -0.0196302
v 0.218977 0.060011 -0.0214806
v 0.228807 0.0600115 -0.0234088
v 0.238621 0.0600124 -0.0254147
v 0.248418 0.0600132 -0.0274984
v 0.258195 0.0600136 -0.0296556
v 0.267961 0.0600131 -0.0318947
v 0.277707 0.0600113 -0.0342074
v 0.287434 0.0600127 -0.0366002
v 0.297142 0.0600121 -0.0390666
v 0.306828 0.0600138 -0.0416091
v 0.316494 0.0600127 -0.0442252
v 0.326143 0.0600132 -0.0469217
v 0.33577 0.0600101 -0.0496879
v 0.345372 0.0600126 -0.0525329
v 0.354952 0.0600108 -0.0554477
v 0.364509 0.0600138 -0.0584416
v 0.374045 0.0600117 -0.0615055
v 0.383557 0.0600136 -0.0646487
v 0.393042 0.0600145 -0.0678606
v 0.402504 0.060014 -0.0711455
v 0.411942 0.0600117 -0.0745036
v 0.421351 0.0600121 -0.0779333
v 0.430737 0.06001 -0.0814365
v 0.440089 0.0600145 -0.0850101
v 0.449421 0.0600111 -0.0886552
v 0.458719 0.0600137 -0.0923711
v 0.467993 0.0600125 -0.0961574
v 0.477235 0.060012 -0.100013
v 0.486451 0.0600116 -0.103941
v 0.495633 0.0600113 -0.107935
v 0.504786 0.0600105 -0.111998
v 0.513907 0.0600138 -0.116134
v 0.522998 0.0600115 -0.120333
v 0.532059 0.0600126 -0.124606
v 0.541084 0.0600121 -0.128941
v 0.55008 0.0600145 -0.13335
v 0.559044 0.0600103 -0.13782
v 0.56797 0.0600129 -0.142359
v 0.576862 0.060013 -0.146962
v 0.585725 0.0600103 -0.151633
v 0.594548 0.0600137 -0.156371
v 0.603335 0.0600138 -0.161169
v 0.612091 0.0600104 -0.166033
v 0.620808 0.0600125 -0.170964
v 0.629492 0.0600106 -0.175958
v 0.638134 0.0600137 -0.181015
v 0.646739 0.0600125 -0.186132
v 0.65531 0.0600113 -0.191315
v 0.663842 0.0600145 -0.196563
v 0.672335 0.0600128 -0.201867
v 0.680791 0.0600107 -0.207235
v 0.689206 0.0600123 -0.212666
v 0.697579 0.0600131 -0.218153
v 0.705917 0.060013 -0.223704
v 0.714214 0.0600117 -0.229314
v 0.722468 0.0600137 -0.234983
v 0.730681 0.0600143 -0.240711
v 0.738856 0.0600135 -0.246498
v 0.746988 0.0600109 -0.25234
v 0.755079 0.0600112 -0.258245
v 0.763124 0.0600142 -0.264204
v 0.77113 0.0600108 -0.270218
v 0.779091 0.0600144 -0.276294
v 0.787012 0.0600115 -0.282422
v 0.794889 0.060011 -0.288607
v 0.802721 0.0600129 -0.294849
v 0.810509 0.0600125 -0.301143
v 0.81825 0.0600144 -0.307492
v 0.825952 0.060014 -0.313897
v 0.833607 0.0600114 -0.320351
v 0.841218 0.0600111 -0.326861
v 0.848781 0.0600129 -0.333424
v 0.8563 0.0600124 -0.340038
v 0.863769 0.0600141 -0.346702
v 0.871198 0.0600133 -0.353422
v 0.878575 0.0600145 -0.360189
v 0.87846 0.0600113 -0.36008
v 0.878577 0.0594344 -0.360188
v 0.885906 0.060013 -0.367005
v 0.893192 0.060013 -0.373879
v 0.900426 0.0600098 -0.380796
v 0.010024 0.0700048 -3.6146e-05
v 2.09787e-06 0.0699972 5.31416e-07
v 0.0200384 0.0700141 -0.000163025
v 0.0189575 0.0700154 -0.000152049
v 0.0200392 0.0680114 -0.000159917
v 0.0145462 0.0654952 -8.9789e-05
v 0.0121051 0.070006 -6.19794e-05
v 0.0300551 0.0700225 -0.000395013
v 0.0291761 0.0700188 -0.000371781
v 0.0300549 0.0688267 -0.000390245
v 0.0400649 0.0689301 -0.000718532
v 0.0317827 0.0682939 -0.000441177
v 0.0400619 0.0700272 -0.000724942
v 0.0406974 0.0693891 -0.000745454
v 0.0411471 0.0700253 -0.000769676
v 0.0500696 0.0700257 -0.00115174
v 0.06007 0.0660898 -0.00164453
v 0.0578062 0.0622838 -0.00149468
v 0.0600687 0.0700276 -0.00167586
v 0.0616593 0.0684366 -0.00176117
v 0.0627291 0.0700255 -0.00183887
v 0.0700641 0.0700293 -0.0022928
v 0.0800539 0.0700254 -0.00299533
v 0.0900425 0.0640071 -0.00372963
v 0.0875524 0.0625124 -0.003517
v 0.0900389 0.0700268 -0.00379159
v 0.100018 0.0668814 -0.00463886
v 0.094737 0.0653153 -0.00415557
v 0.100013 0.0700279 -0.00467014
v 0.109988 0.0677166 -0.00560961
v 0.102994 0.067037 -0.00492634
v 0.109983 0.0700243 -0.0056319
v 0.11995 0.0674562 -0.00665335
v 0.112432 0.0675682 -0.00586447
v 0.119945 0.0700253 -0.00668178
v 0.1299 0.0666421 -0.00777182
v 0.122826 0.067129 -0.00697536
v 0.129898 0.0700259 -0.0078124
v 0.139844 0.0656296 -0.00896955
v 0.133749 0.0661516 -0.00823704
v 0.13984 0.0700258 -0.00902364
v 0.149779 0.0646169 -0.0102512
v 0.144794 0.0650373 -0.00961011
v 0.149772 0.0700247 -0.0103152
v 0.159702 0.0637109 -0.0116161
v 0.155753 0.0639978 -0.0110732
v 0.159691 0.0700272 -0.0116893
v 0.169614 0.0629542 -0.0130622
v 0.166526 0.063131 -0.012609
v 0.169599 0.0700231 -0.0131367
v 0.179515 0.0623484 -0.0145867
v 0.177095 0.0624573 -0.0142125
v 0.179497 0.0700267 -0.0146731
v 0.189399 0.0618886 -0.0161926
v 0.187486 0.0619511 -0.0158836
v 0.189383 0.0700229 -0.0162825
v 0.199272 0.0615531 -0.0178815
v 0.197719 0.0615864 -0.0176141
v 0.199254 0.0700262 -0.0179764
v 0.209127 0.0613212 -0.019646
v 0.207825 0.061337 -0.0194131
v 0.20911 0.0700261 -0.0197456
v 0.218974 0.0611713 -0.0214922
v 0.217827 0.061177 -0.0212771
v 0.218957 0.0700225 -0.0215942
v 0.228803 0.0610926 -0.0234178
v 0.227743 0.0610954 -0.0232144
v 0.228785 0.0700246 -0.0235229
v 0.238617 0.0610699 -0.0254261
v 0.237587 0.0610662 -0.0252173
v 0.238597 0.0700271 -0.0255292
v 0.248415 0.0610782 -0.0275072
v 0.247376 0.0610736 -0.0272876
v 0.248395 0.0700248 -0.0276105
v 0.258196 0.0611194 -0.02967
v 0.257122 0.061107 -0.029429
v 0.258169 0.070027 -0.0297677
v 0.26796 0.061182 -0.0319064
v 0.266829 0.0611707 -0.0316482
v 0.267935 0.0700236 -0.0320042
v 0.277701 0.0612626 -0.034219
v 0.276497 0.061249 -0.0339341
v 0.277677 0.0700239 -0.0343164
v 0.287426 0.0613541 -0.036611
v 0.286143 0.0613364 -0.0362973
v 0.287404 0.0700226 -0.0367062
v 0.297136 0.0614641 -0.0390822
v 0.29575 0.0614428 -0.0387294
v 0.297112 0.0700242 -0.039176
v 0.306821 0.0615916 -0.0416243
v 0.30532 0.0615632 -0.0412278
v 0.306797 0.0700235 -0.0417151
v 0.31649 0.061723 -0.0442444
v 0.314866 0.0616962 -0.0438057
v 0.316464 0.0700248 -0.0443343
v 0.326137 0.0618619 -0.0469412
v 0.324384 0.0618317 -0.0464504
v 0.326111 0.070023 -0.0470271
v 0.335761 0.0620042 -0.0497075
v 0.333878 0.0619696 -0.0491657
v 0.335737 0.0700225 -0.049796
v 0.345366 0.0621532 -0.0525548
v 0.343344 0.0621187 -0.0519569
v 0.345342 0.0700229 -0.0526411
v 0.354947 0.0623024 -0.0554739
v 0.35279 0.0622642 -0.0548169
v 0.354921 0.0700238 -0.0555583
v 0.364504 0.0624566 -0.0584709
v 0.362212 0.0624104 -0.0577483
v 0.364475 0.070025 -0.0585478
v 0.374038 0.0626122 -0.0615381
v 0.371609 0.0625622 -0.0607533
v 0.374009 0.0700258 -0.0616138
v 0.383549 0.0627679 -0.0646765
v 0.380977 0.062719 -0.0638279
v 0.383523 0.0700261 -0.0647565
v 0.393033 0.0629329 -0.0678907
v 0.390319 0.062876 -0.0669697
v 0.393008 0.0700254 -0.0679677
v 0.402492 0.0631032 -0.0711776
v 0.399631 0.0630424 -0.0701835
v 0.40247 0.0700234 -0.0712518
v 0.411928 0.0632717 -0.0745369
v 0.408917 0.0632079 -0.0734651
v 0.411902 0.0700244 -0.0746072
v 0.421339 0.0634367 -0.07797
v 0.418182 0.0633718 -0.0768191
v 0.421314 0.0700235 -0.0780399
v 0.430721 0.0636042 -0.0814737
v 0.427415 0.0635389 -0.0802396
v 0.430694 0.0700249 -0.0815402
v 0.440074 0.0637804 -0.0850489
v 0.436624 0.0637045 -0.083728
v 0.440052 0.0700236 -0.0851141
v 0.449401 0.0639595 -0.0886941
v 0.4458 0.0638779 -0.0872852
v 0.449377 0.070024 -0.088756
v 0.458705 0.0641346 -0.0924131
v 0.454951 0.0640536 -0.0909133
v 0.458678 0.0700257 -0.0924743
v 0.467975 0.0643154 -0.096202
v 0.464067 0.0642312 -0.0946045
v 0.46795 0.0700238 -0.0962588
v 0.477214 0.0644971 -0.100059
v 0.47316 0.0644057 -0.0983649
v 0.477195 0.0700225 -0.100116
v 0.486427 0.064673 -0.103986
v 0.482223 0.0645813 -0.102193
v 0.486403 0.0700262 -0.104041
v 0.495609 0.0648554 -0.107983
v 0.491259 0.0647582 -0.106089
v 0.495588 0.0700254 -0.108036
v 0.504761 0.0650508 -0.112049
v 0.500254 0.0649465 -0.110048
v 0.504742 0.0700243 -0.112101
v 0.513884 0.0652466 -0.116183
v 0.509219 0.0651359 -0.114072
v 0.513863 0.0700226 -0.116232
v 0.522974 0.0654508 -0.120391
v 0.518146 0.0653307 -0.118157
v 0.522954 0.0700248 -0.120436
v 0.532034 0.0656365 -0.124661
v 0.527047 0.0655251 -0.122312
v 0.532012 0.0700258 -0.124706
v 0.54106 0.0658173 -0.129
v 0.535923 0.065708 -0.126533
v 0.541038 0.0700254 -0.129043
v 0.550052 0.0660088 -0.133407
v 0.544776 0.0658854 -0.130821
v 0.550034 0.0700233 -0.133446
v 0.559012 0.0662107 -0.137881
v 0.553582 0.0660776 -0.135169
v 0.558992 0.0700238 -0.137916
v 0.567936 0.066416 -0.14242
v 0.562352 0.0662793 -0.139581
v 0.56792 0.0700222 -0.142453
v 0.576829 0.0666248 -0.147027
v 0.571087 0.06648 -0.144052
v 0.576813 0.0700227 -0.147057
v 0.585689 0.066831 -0.151697
v 0.579787 0.0666844 -0.148587
v 0.58567 0.0700251 -0.151728
v 0.594511 0.0670499 -0.156436
v 0.588447 0.0668924 -0.153179
v 0.594495 0.0700246 -0.156463
v 0.603299 0.0672715 -0.161239
v 0.597075 0.0671039 -0.157836
v 0.603282 0.0700254 -0.161263
v 0.61205 0.0674875 -0.166106
v 0.605662 0.0673181 -0.16255
v 0.612038 0.0700228 -0.166128
v 0.620766 0.0676994 -0.171034
v 0.614224 0.0675293 -0.167333
v 0.620755 0.0700258 -0.171059
v 0.629448 0.0679178 -0.176031
v 0.622746 0.0677427 -0.172175
v 0.629434 0.0700249 -0.176049
v 0.638088 0.0681428 -0.181089
v 0.63123 0.0679585 -0.177075
v 0.638077 0.0700246 -0.181105
v 0.646694 0.0683692 -0.18621
v 0.639677 0.0681768 -0.182034
v 0.646685 0.0700246 -0.186226
v 0.65526 0.0685945 -0.191393
v 0.648087 0.0683976 -0.187051
v 0.655256 0.0700247 -0.191409
v 0.663792 0.0688194 -0.196642
v 0.65646 0.0686193 -0.19213
v 0.663784 0.0700248 -0.19665
v 0.672284 0.0690461 -0.201946
v 0.664796 0.068842 -0.197269
v 0.67228 0.0700246 -0.201959
v 0.680735 0.0692829 -0.207316
v 0.67309 0.0690668 -0.20246
v 0.680731 0.070024 -0.207323
v 0.689151 0.0695203 -0.212748
v 0.681348 0.0692981 -0.207714
v 0.689147 0.0700229 -0.212752
v 0.697525 0.0697683 -0.21824
v 0.68956 0.0695312 -0.213016
v 0.697521 0.0700255 -0.218242
v 0.705859 0.070021 -0.223794
v 0.697732 0.0697757 -0.21838
v 0.70586 0.0700227 -0.223792
v 0.705861 0.070017 -0.223791
v 0.706025 0.070023 -0.223904
v 0.714155 0.0700234 -0.229401
v 0.722409 0.070023 -0.235068
v 0.730621 0.0700258 -0.240796
v 0.738795 0.0700226 -0.246581
v 0.746928 0.0700225 -0.252427
v 0.755014 0.0700253 -0.258328
v 0.763064 0.0700218 -0.264286
v 0.771065 0.0700255 -0.270303
v 0.779028 0.0700229 -0.276374
v 0.78695 0.0700229 -0.282506
v 0.794824 0.0700253 -0.288691
v 0.802656 0.0700256 -0.294931
v 0.810443 0.0700239 -0.301222
v 0.818187 0.0700245 -0.307572
v 0.825888 0.0700229 -0.313975
v 0.83354 0.0700237 -0.32043
v 0.84115 0.0700223 -0.326938
v 0.848712 0.0700232 -0.333499
v 0.856234 0.0700218 -0.340115
v 0.863705 0.0700227 -0.346781
v 0.871127 0.0700256 -0.353497
v 0.870062 0.0700264 -0.352534
v 0.87113 0.0694514 -0.353492
v 0.878506 0.0700261 -0.360267
v 0.88584 0.0700239 -0.367086
v 0.893121 0.0700231 -0.373954
v 0.900357 0.070019 -0.380875
v 0.0100237 0.0716656 -3.74411e-05
v 0.00615326 0.0738671 -2.4832e-05
v 1.96633e-06 0.0799963 1.5099e-06
v 0.00497542 0.0800047 -2.24208e-05
v 0.0100227 0.0771405 -4.69922e-05
v 0.0100207 0.0800121 -4.69024e-05
v 1.3461e-06 0.0767459 -6.01889e-07
v 0.0200391 0.0800256 -0.000202002
v 0.0198752 0.0800232 -0.000197387
v 0.0200367 0.0798946 -0.000199764
v 0.020041 0.0745284 -0.000180536
v 0.0131956 0.0800136 -9.55073e-05
v 0.0300474 0.0780474 -0.000448661
v 0.0202994 0.079764 -0.00020544
v 0.0300478 0.0800332 -0.000461961
v 0.020041 0.0745284 -0.000180536
v 0.0319773 0.0781049 -0.000512384
v 0.0342689 0.0800376 -0.000614256
v 0.0400547 0.0800399 -0.00082157
v 0.0500618 0.0779578 -0.00124977
v 0.046437 0.0736562 -0.00103023
v 0.0500586 0.0800408 -0.00127294
v 0.0511039 0.078995 -0.00131491
v 0.0518867 0.0800394 -0.00137146
v 0.0600592 0.0800424 -0.00181684
v 0.070054 0.0776563 -0.00240688
v 0.066349 0.0737467 -0.00211521
v 0.0700549 0.0800394 -0.0024459
v 0.0714221 0.0786705 -0.00252131
v 0.0734723 0.080043 -0.00269072
v 0.0800445 0.0800375 -0.00316149
v 0.0900208 0.0800412 -0.00396156
v 0.0999982 0.0800407 -0.00484903
v 0.109965 0.0800405 -0.00581762
v 0.119925 0.0800357 -0.00686424
v 0.129877 0.0800357 -0.00799813
v 0.139814 0.0800354 -0.00920781
v 0.149744 0.0800392 -0.0105043
v 0.159665 0.080037 -0.0118781
v 0.16957 0.0800382 -0.0133299
v 0.179469 0.0800374 -0.0148654
v 0.189354 0.0800344 -0.0164762
v 0.19922 0.0800384 -0.018167
v 0.209078 0.0800344 -0.0199347
v 0.218921 0.0800368 -0.0217864
v 0.228745 0.0800352 -0.023709
v 0.238557 0.0800341 -0.0257132
v 0.24835 0.0800381 -0.0277971
v 0.258129 0.0800369 -0.0299559
v 0.267892 0.0800351 -0.0321921
v 0.277636 0.0800371 -0.0345081
v 0.287359 0.0800376 -0.0368973
v 0.297062 0.0800363 -0.0393597
v 0.306747 0.0800376 -0.041902
v 0.316417 0.0800362 -0.0445218
v 0.32606 0.0800366 -0.0472133
v 0.335681 0.0800384 -0.0499808
v 0.345284 0.0800364 -0.0528219
v 0.354865 0.0800351 -0.055739
v 0.36442 0.080034 -0.0587284
v 0.373953 0.0800375 -0.0617963
v 0.383463 0.0800358 -0.0649344
v 0.392947 0.080038 -0.0681473
v 0.402405 0.0800343 -0.0714265
v 0.411841 0.0800337 -0.0747851
v 0.421248 0.0800359 -0.0782149
v 0.430627 0.0800359 -0.081714
v 0.439982 0.080038 -0.0852888
v 0.44931 0.0800371 -0.0889333
v 0.458607 0.0800377 -0.0926459
v 0.467878 0.0800348 -0.0964286
v 0.477119 0.0800372 -0.100286
v 0.486332 0.0800355 -0.104211
v 0.495514 0.080034 -0.108204
v 0.504665 0.0800369 -0.112269
v 0.513788 0.0800348 -0.116402
v 0.522876 0.0800365 -0.120603
v 0.531931 0.0800373 -0.12487
v 0.540959 0.0800367 -0.129208
v 0.549952 0.0800345 -0.133609
v 0.558911 0.0800352 -0.13808
v 0.567836 0.0800337 -0.142615
v 0.576729 0.0800344 -0.147219
v 0.585587 0.0800372 -0.151891
v 0.594408 0.0800371 -0.156623
v 0.603197 0.0800339 -0.161421
v 0.611951 0.0800366 -0.166289
v 0.620665 0.0800358 -0.171215
v 0.629344 0.0800358 -0.176205
v 0.637986 0.0800364 -0.181261
v 0.646596 0.080033 -0.18638
v 0.655162 0.0800343 -0.191559
v 0.663693 0.0800357 -0.196805
v 0.672184 0.0800369 -0.20211
v 0.680636 0.0800333 -0.207472
v 0.68905 0.0800337 -0.212901
v 0.697426 0.0800335 -0.218389
v 0.705762 0.0800325 -0.223939
v 0.714152 0.0701589 -0.229401
v 0.714041 0.0701593 -0.229329
v 0.714055 0.0800352 -0.229548
v 0.722407 0.0702932 -0.235073
v 0.722188 0.0702907 -0.234924
v 0.722308 0.0800367 -0.235215
v 0.730619 0.0704246 -0.240803
v 0.730296 0.0704159 -0.240576
v 0.730522 0.0800327 -0.240939
v 0.738789 0.070556 -0.246587
v 0.738362 0.0705505 -0.246288
v 0.738692 0.0800362 -0.246725
v 0.746919 0.0707023 -0.252437
v 0.746379 0.0706866 -0.252045
v 0.746825 0.0800339 -0.252569
v 0.755008 0.0708485 -0.25834
v 0.754355 0.0708322 -0.257863
v 0.754911 0.0800346 -0.258467
v 0.763054 0.0709981 -0.264301
v 0.762281 0.070982 -0.26373
v 0.762958 0.0800336 -0.264426
v 0.771056 0.0711434 -0.270321
v 0.770178 0.0711202 -0.269658
v 0.770963 0.0800355 -0.270444
v 0.779015 0.0712808 -0.276393
v 0.778034 0.0712563 -0.275643
v 0.778924 0.0800356 -0.276515
v 0.786933 0.0714224 -0.282523
v 0.785847 0.071397 -0.281682
v 0.786842 0.0800338 -0.282641
v 0.794807 0.071568 -0.288708
v 0.793612 0.0715424 -0.28777
v 0.794715 0.0800346 -0.288824
v 0.80264 0.0717293 -0.294953
v 0.801329 0.0716988 -0.293909
v 0.80255 0.0800335 -0.295065
v 0.810424 0.0719071 -0.301249
v 0.808989 0.071867 -0.300087
v 0.810334 0.0800348 -0.301357
v 0.818166 0.0720958 -0.307601
v 0.816598 0.0720509 -0.306314
v 0.818078 0.0800342 -0.307705
v 0.825862 0.0722952 -0.314004
v 0.824155 0.0722407 -0.312583
v 0.825775 0.0800359 -0.314108
v 0.833514 0.0724914 -0.320461
v 0.831676 0.0724287 -0.318912
v 0.833426 0.0800355 -0.32056
v 0.84112 0.0726565 -0.326971
v 0.839175 0.0725842 -0.325308
v 0.841039 0.080033 -0.32707
v 0.848683 0.0727243 -0.333534
v 0.846702 0.0726484 -0.331816
v 0.848601 0.0800329 -0.33363
v 0.856201 0.0725472 -0.340145
v 0.854352 0.0724912 -0.338519
v 0.856115 0.0800351 -0.340242
v 0.863682 0.0718013 -0.346804
v 0.862362 0.0717951 -0.345626
v 0.86359 0.080035 -0.34691
v 0.871011 0.0800371 -0.353625
v 0.878389 0.0800368 -0.360393
v 0.885721 0.0800338 -0.367211
v 0.893005 0.0800323 -0.374082
v 0.900239 0.0800274 -0.381002
v 0.0100232 0.0900171 -6.81761e-05
v 6.34733e-06 0.0899954 -1.90301e-06
v 2.21541e-06 0.0837067 2.19279e-06
v 0.0200304 0.08711 -0.0002504
v 0.0122131 0.0878315 -9.64854e-05
v 0.0200266 0.0900393 -0.000272928
v 0.0100216 0.0890241 -6.62191e-05
v 0.0100209 0.0853833 -5.87812e-05
v 0.0100205 0.0817429 -5.20655e-05
v 0.0234603 0.0866119 -0.00033899
v 0.0249508 0.0900449 -0.000423255
v 0.0300371 0.0900438 -0.000575859
v 0.0365666 0.0835212 -0.000733998
v 0.0373185 0.0900486 -0.000863854
v 0.0400407 0.0900537 -0.000975029
v 0.0500458 0.0900507 -0.00145372
v 0.052854 0.0872424 -0.00155418
v 0.0536566 0.090055 -0.00166215
v 0.0600425 0.0900547 -0.00202159
v 0.0700351 0.0900512 -0.00266571
v 0.0800312 0.0849179 -0.00327367
v 0.0766918 0.0833909 -0.0029949
v 0.0800199 0.0900545 -0.00339793
v 0.0900071 0.087568 -0.00414768
v 0.0835765 0.0864926 -0.00359742
v 0.0900005 0.0900498 -0.00420576
v 0.0999791 0.0883967 -0.00505927
v 0.0921143 0.0879369 -0.00434503
v 0.0999734 0.0900514 -0.00510103
v 0.109943 0.0885452 -0.00603412
v 0.101527 0.0884947 -0.00521229
v 0.109939 0.0900493 -0.00607395
v 0.1199 0.0884675 -0.00708727
v 0.111424 0.0885585 -0.00618939
v 0.119896 0.0900478 -0.00712704
v 0.12985 0.0883151 -0.00821624
v 0.121488 0.0884492 -0.00726509
v 0.129842 0.0900467 -0.00825994
v 0.13979 0.0881751 -0.00942835
v 0.131598 0.088289 -0.00843204
v 0.139781 0.0900505 -0.00947939
v 0.149716 0.0880695 -0.0107197
v 0.141677 0.0881439 -0.00967356
v 0.149708 0.0900489 -0.0107717
v 0.159636 0.0879994 -0.0120926
v 0.151706 0.0880389 -0.0109925
v 0.159624 0.0900463 -0.0121435
v 0.169541 0.087968 -0.0135462
v 0.161682 0.0879787 -0.012391
v 0.169533 0.0900475 -0.0136013
v 0.179434 0.0879635 -0.0150767
v 0.17161 0.0879528 -0.0138638
v 0.179427 0.0900468 -0.0151343
v 0.189315 0.0879899 -0.0166908
v 0.181498 0.0879558 -0.0154127
v 0.189304 0.0900489 -0.0167447
v 0.199184 0.0880348 -0.0183813
v 0.191346 0.0879871 -0.0170373
v 0.199175 0.0900485 -0.0184384
v 0.209038 0.0881012 -0.0201559
v 0.201164 0.0880363 -0.0187372
v 0.209027 0.0900452 -0.0202028
v 0.218875 0.0881776 -0.0220022
v 0.210947 0.0881077 -0.0205147
v 0.218869 0.0900482 -0.0220553
v 0.228703 0.0882627 -0.0239337
v 0.220705 0.0881862 -0.0223626
v 0.228691 0.0900474 -0.0239783
v 0.238512 0.0883553 -0.0259383
v 0.230441 0.0882711 -0.0242851
v 0.238501 0.0900472 -0.0259828
v 0.248303 0.0884552 -0.02802
v 0.240156 0.0883669 -0.0262888
v 0.248295 0.0900474 -0.0280644
v 0.258082 0.0885614 -0.0301835
v 0.249846 0.0884684 -0.0283628
v 0.258071 0.0900474 -0.0302231
v 0.267839 0.0886731 -0.0324207
v 0.259514 0.088575 -0.0305114
v 0.267831 0.0900469 -0.032459
v 0.277579 0.0887895 -0.0347362
v 0.26916 0.0886864 -0.0327345
v 0.27757 0.0900455 -0.034768
v 0.287301 0.0889106 -0.0371294
v 0.27879 0.0888021 -0.0350365
v 0.28729 0.0900474 -0.0371566
v 0.297002 0.0890358 -0.0395966
v 0.288389 0.0889219 -0.0374046
v 0.296994 0.0900477 -0.0396224
v 0.306687 0.0891589 -0.0421405
v 0.297972 0.0890452 -0.0398515
v 0.306678 0.0900458 -0.0421613
v 0.316349 0.0892845 -0.044759
v 0.307536 0.0891667 -0.0423708
v 0.316344 0.0900462 -0.04478
v 0.325989 0.089412 -0.0474526
v 0.317074 0.089291 -0.0449607
v 0.325987 0.0900485 -0.0474743
v 0.335612 0.0895411 -0.0502252
v 0.326596 0.0894175 -0.0476297
v 0.335606 0.0900475 -0.0502379
v 0.34521 0.0896722 -0.0530681
v 0.33609 0.0895459 -0.0503655
v 0.345208 0.0900476 -0.0530814
v 0.354788 0.0898093 -0.0559922
v 0.345563 0.0896761 -0.053176
v 0.354784 0.0900484 -0.0559968
v 0.364338 0.0899413 -0.0589818
v 0.355012 0.0898077 -0.0560574
v 0.364341 0.0900449 -0.0589859
v 0.364441 0.0899398 -0.0590142
v 0.371939 0.0900448 -0.061426
v 0.373871 0.0900461 -0.0620495
v 0.383376 0.0900469 -0.0651853
v 0.392861 0.090047 -0.0683976
v 0.402317 0.0900459 -0.0716783
v 0.411751 0.0900481 -0.0750382
v 0.421156 0.0900439 -0.0784606
v 0.430537 0.0900468 -0.0819648
v 0.439887 0.0900474 -0.0855342
v 0.449215 0.0900451 -0.0891772
v 0.45851 0.0900443 -0.0928882
v 0.467778 0.0900448 -0.0966715
v 0.477018 0.0900461 -0.100527
v 0.486227 0.090048 -0.104452
v 0.495408 0.0900456 -0.108443
v 0.504557 0.0900477 -0.112506
v 0.513678 0.0900449 -0.116637
v 0.522768 0.0900461 -0.120839
v 0.531821 0.0900463 -0.125104
v 0.540846 0.0900454 -0.129439
v 0.549837 0.0900476 -0.133844
v 0.558796 0.0900435 -0.138309
v 0.567719 0.0900466 -0.142847
v 0.576609 0.0900474 -0.147449
v 0.585466 0.0900458 -0.152115
v 0.594287 0.090046 -0.156848
v 0.603077 0.0900433 -0.161647
v 0.611826 0.0900465 -0.166511
v 0.620541 0.0900463 -0.171437
v 0.629215 0.0900471 -0.176425
v 0.63786 0.0900441 -0.181478
v 0.646463 0.0900461 -0.186596
v 0.655029 0.0900439 -0.191774
v 0.66356 0.0900465 -0.19702
v 0.672048 0.0900445 -0.202319
v 0.680501 0.0900468 -0.207687
v 0.688916 0.0900442 -0.213113
v 0.697286 0.0900456 -0.218598
v 0.705621 0.0900464 -0.224148
v 0.713915 0.0900463 -0.229755
v 0.722168 0.0900453 -0.23542
v 0.73038 0.0900433 -0.241143
v 0.73855 0.0900445 -0.246927
v 0.746678 0.0900445 -0.252767
v 0.754767 0.090043 -0.258667
v 0.762813 0.0900445 -0.264626
v 0.770813 0.0900444 -0.270638
v 0.778774 0.0900427 -0.276707
v 0.786693 0.0900437 -0.282836
v 0.794566 0.0900429 -0.289017
v 0.802395 0.0900448 -0.295254
v 0.810182 0.0900447 -0.301548
v 0.817925 0.0900427 -0.307893
v 0.825619 0.0900432 -0.314291
v 0.833273 0.0900416 -0.320745
v 0.840879 0.0900426 -0.327252
v 0.848441 0.0900458 -0.333815
v 0.855957 0.0900426 -0.340424
v 0.863424 0.0900461 -0.347088
v 0.87085 0.0900429 -0.353803
v 0.878227 0.0900417 -0.36057
v 0.88556 0.0900424 -0.367393
v 0.892842 0.0900403 -0.374263
v 0.900076 0.0900347 -0.381182
v 0.00999609 0.10004 -0.00013543
v 0.00681056 0.100023 -9.01556e-05
v 0.0100067 0.0968423 -0.0001146
v 0.0100124 0.093429 -8.89096e-05
v 0.00340635 0.10001 -4.55795e-05
v 3.88339e-06 0.0999993 -3.3772e-06
v 0.0101698 0.0998669 -0.000137366
v 0.0101715 0.10004 -0.000139144
v 0.0129331 0.100043 -0.00021529
v 0.0129079 0.0971356 -0.000173853
v 0.0156925 0.100047 -0.000290342
v 0.0156505 0.0944043 -0.00021471
v 0.0184524 0.100047 -0.000361733
v 0.0183887 0.091673 -0.000251197
v 0.0200139 0.100049 -0.000402916
v 0.0117833 0.0900247 -0.000104968
v 0.0100162 0.0929959 -9.01536e-05
v 0.0100058 0.0964097 -0.000111642
v 0.009998 0.0998193 -0.000131508
v 0.0251304 0.0949446 -0.000493875
v 0.0236655 0.100054 -0.000534838
v 0.0300188 0.100063 -0.00076316
v 0.0353236 0.0947654 -0.000876051
v 0.0331588 0.100059 -0.000900394
v 0.0400275 0.100065 -0.00120147
v 0.0500264 0.100066 -0.0017137
v 0.0486434 0.100063 -0.00164405
v 0.0500351 0.0971314 -0.00163906
v 0.0600281 0.100062 -0.0023049
v 0.0700134 0.100062 -0.00296748
v 0.0799981 0.10006 -0.00371129
v 0.0899745 0.100061 -0.00453493
v 0.099945 0.100059 -0.00543544
v 0.109907 0.100059 -0.00641557
v 0.119862 0.100056 -0.00747253
v 0.1298 0.100058 -0.00860716
v 0.139736 0.100055 -0.00982279
v 0.14966 0.100058 -0.0111202
v 0.159576 0.100055 -0.0124942
v 0.169479 0.100055 -0.0139498
v 0.179372 0.100054 -0.0154843
v 0.189248 0.100056 -0.0170961
v 0.199114 0.100056 -0.0187867
v 0.208962 0.100058 -0.0205545
v 0.2188 0.100056 -0.022401
v 0.228621 0.100056 -0.0243245
v 0.238429 0.100056 -0.0263293
v 0.24822 0.100057 -0.0284109
v 0.257994 0.100058 -0.0305696
v 0.267749 0.100053 -0.0327987
v 0.277487 0.100058 -0.0351137
v 0.287207 0.100056 -0.0374992
v 0.296907 0.100058 -0.0399642
v 0.306588 0.100057 -0.0425022
v 0.316252 0.100054 -0.0451173
v 0.325893 0.100053 -0.047808
v 0.335513 0.100054 -0.0505742
v 0.345106 0.100056 -0.053412
v 0.354684 0.100054 -0.0563273
v 0.364233 0.100057 -0.0593169
v 0.373871 0.0900932 -0.0620525
v 0.373827 0.0900929 -0.0620379
v 0.373764 0.100056 -0.06238
v 0.383376 0.090326 -0.0651949
v 0.383116 0.0903194 -0.06511
v 0.38327 0.100054 -0.0655153
v 0.392852 0.0905681 -0.0684127
v 0.392377 0.0905509 -0.0682511
v 0.392749 0.100056 -0.0687252
v 0.402308 0.0908099 -0.071705
v 0.40161 0.0907871 -0.0714611
v 0.402206 0.100053 -0.0720052
v 0.411739 0.0910556 -0.0750705
v 0.410815 0.0910279 -0.0747404
v 0.411632 0.100053 -0.0753561
v 0.421142 0.0912934 -0.0785026
v 0.419997 0.0912627 -0.0780849
v 0.421037 0.100056 -0.078786
v 0.430518 0.091539 -0.0820106
v 0.429156 0.0915012 -0.0815031
v 0.430416 0.100053 -0.0822826
v 0.439866 0.0917877 -0.085588
v 0.438287 0.0917388 -0.0849845
v 0.439764 0.100056 -0.085853
v 0.449188 0.0920378 -0.0892403
v 0.447385 0.091984 -0.0885342
v 0.449089 0.100057 -0.0894968
v 0.458483 0.0922903 -0.0929625
v 0.456459 0.0922273 -0.0921517
v 0.458384 0.100054 -0.0932062
v 0.467745 0.0925445 -0.0967511
v 0.465499 0.0924733 -0.0958313
v 0.46765 0.100053 -0.0969877
v 0.476985 0.0928005 -0.100614
v 0.474509 0.0927264 -0.0995795
v 0.476889 0.100053 -0.100842
v 0.486191 0.0930625 -0.104546
v 0.48349 0.0929817 -0.103394
v 0.486097 0.100054 -0.104764
v 0.495365 0.0933292 -0.108548
v 0.49244 0.093234 -0.10727
v 0.495274 0.100055 -0.108756
v 0.504509 0.093591 -0.112616
v 0.501367 0.0934875 -0.111216
v 0.504421 0.100056 -0.112817
v 0.513623 0.0938523 -0.116752
v 0.510256 0.0937468 -0.115225
v 0.51354 0.100052 -0.116945
v 0.522709 0.0941239 -0.120964
v 0.519114 0.0940072 -0.119297
v 0.522624 0.100053 -0.121141
v 0.531759 0.0943964 -0.125234
v 0.527936 0.0942733 -0.123431
v 0.531679 0.100052 -0.125407
v 0.540777 0.0946712 -0.129577
v 0.536727 0.0945401 -0.127628
v 0.540699 0.100056 -0.129742
v 0.549764 0.094945 -0.133985
v 0.545489 0.0948068 -0.131891
v 0.54969 0.100053 -0.134142
v 0.558719 0.0952275 -0.138466
v 0.554219 0.0950737 -0.136214
v 0.558644 0.100053 -0.138607
v 0.567636 0.0955088 -0.143005
v 0.562911 0.0953499 -0.140602
v 0.567565 0.100056 -0.143142
v 0.576523 0.0957981 -0.147617
v 0.571568 0.0956263 -0.145047
v 0.576458 0.100052 -0.147742
v 0.585374 0.0960904 -0.152294
v 0.580186 0.0959113 -0.149554
v 0.585308 0.100055 -0.152407
v 0.594187 0.0963792 -0.15703
v 0.588775 0.0961908 -0.154121
v 0.594131 0.100055 -0.157141
v 0.602967 0.0966747 -0.161838
v 0.597331 0.0964738 -0.158752
v 0.602916 0.100053 -0.161936
v 0.611711 0.0969742 -0.166706
v 0.605847 0.0967605 -0.16344
v 0.611664 0.100052 -0.166795
v 0.620421 0.0972745 -0.17164
v 0.614323 0.0970557 -0.168187
v 0.620379 0.100052 -0.171722
v 0.629093 0.0975754 -0.176639
v 0.622766 0.0973489 -0.172993
v 0.629053 0.100054 -0.17671
v 0.637729 0.0978781 -0.181699
v 0.631176 0.0976402 -0.177859
v 0.637693 0.100051 -0.18176
v 0.646326 0.0981861 -0.186826
v 0.639549 0.0979346 -0.182784
v 0.646296 0.100054 -0.186878
v 0.654885 0.0984953 -0.192012
v 0.647885 0.0982314 -0.187767
v 0.654862 0.100053 -0.192056
v 0.663411 0.0988069 -0.19726
v 0.656179 0.0985355 -0.192806
v 0.663387 0.100052 -0.197292
v 0.654888 0.0984908 -0.192009
v 0.67189 0.0991274 -0.20257
v 0.664433 0.0988428 -0.197901
v 0.671877 0.100051 -0.202595
v 0.680337 0.0994425 -0.207945
v 0.672653 0.0991519 -0.203055
v 0.680325 0.100055 -0.20796
v 0.688743 0.099764 -0.213377
v 0.680839 0.0994579 -0.208268
v 0.688736 0.100054 -0.213383
v 0.688979 0.0997714 -0.213531
v 0.696213 0.100052 -0.21828
v 0.697111 0.100052 -0.218869
v 0.705441 0.100055 -0.224415
v 0.713731 0.100052 -0.230016
v 0.721982 0.100053 -0.235681
v 0.730193 0.100053 -0.241404
v 0.738364 0.100051 -0.247186
v 0.746489 0.100053 -0.253026
v 0.754577 0.100054 -0.258926
v 0.762622 0.100054 -0.264882
v 0.770623 0.100052 -0.270892
v 0.778582 0.100053 -0.276961
v 0.786497 0.100052 -0.283084
v 0.79437 0.10005 -0.289263
v 0.802198 0.10005 -0.295498
v 0.809983 0.100053 -0.301792
v 0.817726 0.10005 -0.308135
v 0.825416 0.100053 -0.314533
v 0.83307 0.100051 -0.320985
v 0.840676 0.10005 -0.32749
v 0.848233 0.100053 -0.334048
v 0.85575 0.100053 -0.340661
v 0.863219 0.100051 -0.347322
v 0.870642 0.100051 -0.354038
v 0.878018 0.100049 -0.360803
v 0.885345 0.100049 -0.367621
v 0.892627 0.100047 -0.37449
v 0.899863 0.100041 -0.381411
v 4.53254e-06 0.0299957 -0.000200432
v 3.44166e-06 0.0399974 -0.00020096
v 0.0100255 0.0399912 -0.000232993
v 0.0100247 0.0299917 -0.000240812
v 0.0200391 0.0299787 -0.000362698
v 0.0200371 0.0199733 -0.000400378
v 0.0300435 0.0199607 -0.000659816
v 0.0300367 0.00994769 -0.00077642
v 0.0400432 0.00994356 -0.00117706
v 0.0400291 -6.90695e-05 -0.00139977
v 0.0300186 -6.3165e-05 -0.000963333
v 1.73319e-06 0.0500001 -0.000201882
v 0.010027 0.0499964 -0.000232871
v 0.0200426 0.0399909 -0.000347736
v 0.0300549 0.0299768 -0.000594076
v 0.0400544 0.019957 -0.00101857
v 0.0500465 0.00994468 -0.00165895
v 0.0500276 -6.62533e-05 -0.001917
v 2.08409e-06 0.0599984 -0.000200561
v 0.0100259 0.0600006 -0.000234316
v 0.0200419 0.049998 -0.000342348
v 0.0300568 0.0399844 -0.000556723
v 0.0400622 0.0299709 -0.000924117
v 0.0500587 0.0199569 -0.00147573
v 0.0600439 0.00994175 -0.0022224
v 0.0600252 -6.7942e-05 -0.00250479
v 2.09787e-06 0.0699972 -0.000199469
v 0.010024 0.0700048 -0.000236146
v 0.0200463 0.0600033 -0.000348042
v 0.0300617 0.0499962 -0.000548116
v 0.0400689 0.0399828 -0.000868251
v 0.0500659 0.0299713 -0.00135036
v 0.0600583 0.019954 -0.0020134
v 0.0700361 0.00994203 -0.00286764
v 0.070013 -6.68387e-05 -0.00317031
v 1.96633e-06 0.0799963 -0.00019849
v 0.0100207 0.0800121 -0.000246902
v 0.0200384 0.0700141 -0.000363025
v 0.030058 0.0600102 -0.000560788
v 0.0400705 0.0499964 -0.000854256
v 0.0500746 0.0399825 -0.00128448
v 0.0600686 0.0299694 -0.00187693
v 0.0700535 0.0199559 -0.00264726
v 0.0800203 0.00994327 -0.00359599
v 0.0799995 -6.72729e-05 -0.00391423
v 6.34733e-06 0.0899954 -0.000201903
v 0.0100232 0.0900171 -0.000268176
v 0.0200391 0.0800256 -0.000402002
v 0.0300551 0.0700225 -0.000595013
v 0.0400704 0.0600106 -0.000871468
v 0.0500756 0.0500003 -0.001263
v 0.060077 0.0399818 -0.00179497
v 0.070066 0.029968 -0.0024918
v 0.0800434 0.019954 -0.00336129
v 0.0900025 0.00994619 -0.00441069
v 0.0899755 -6.59607e-05 -0.00473568
v 3.88339e-06 0.0999993 -0.000203377
v 0.00999609 0.10004 -0.00033543
v 0.0200266 0.0900393 -0.000472928
v 0.0300478 0.0800332 -0.000661961
v 0.0400619 0.0700272 -0.000924942
v 0.0500714 0.0600127 -0.00128202
v 0.0600799 0.0499958 -0.00177022
v 0.0700713 0.0399838 -0.00240316
v 0.0800536 0.0299706 -0.00319838
v 0.0900213 0.019957 -0.0041613
v 0.099975 0.0099445 -0.0053008
v 0.0999416 -6.28799e-05 -0.00563413
v 0.0200139 0.100049 -0.000602916
v 0.0300371 0.0900438 -0.000775859
v 0.0400547 0.0800399 -0.00102157
v 0.0500696 0.0700257 -0.00135174
v 0.0600758 0.0600134 -0.00179605
v 0.0700752 0.0500005 -0.00237627
v 0.0800635 0.0399855 -0.00310408
v 0.0900387 0.0299684 -0.00398981
v 0.099998 0.0199554 -0.00504538
v 0.109938 0.00994859 -0.00627513
v 0.109904 -6.4128e-05 -0.00661176
v 0.0300188 0.100063 -0.00096316
v 0.0400407 0.0900537 -0.00117503
v 0.0500586 0.0800408 -0.00147294
v 0.0600687 0.0700276 -0.00187586
v 0.0700699 0.0600122 -0.00240031
v 0.080064 0.0499984 -0.00306932
v 0.0900482 0.0399859 -0.0038935
v 0.100015 0.0299705 -0.00487139
v 0.109963 0.0199586 -0.00601445
v 0.119896 0.00994741 -0.00732881
v 0.119857 -5.97075e-05 -0.0076733
v 0.0400275 0.100065 -0.00140147
v 0.0500458 0.0900507 -0.00165372
v 0.0600592 0.0800424 -0.00201684
v 0.0700641 0.0700293 -0.0024928
v 0.0800652 0.0600104 -0.00310154
v 0.0900505 0.0499959 -0.00385442
v 0.100023 0.0399861 -0.00476564
v 0.109983 0.0299725 -0.00583505
v 0.119923 0.0199566 -0.00706271
v 0.129844 0.00995098 -0.0084665
v 0.129802 -6.05513e-05 -0.0088094
v 0.0500264 0.100066 -0.0019137
v 0.0600425 0.0900547 -0.00222159
v 0.0700549 0.0800394 -0.0026459
v 0.0800539 0.0700254 -0.00319533
v 0.0900457 0.0600128 -0.00388893
v 0.100027 0.0499975 -0.0047296
v 0.109996 0.0399855 -0.00572917
v 0.119942 0.0299737 -0.00688091
v 0.129872 0.0199589 -0.00819525
v 0.139782 0.00994867 -0.00967868
v 0.139739 -6.19331e-05 -0.0100268
v 0.0600281 0.100062 -0.0025049
v 0.0700351 0.0900512 -0.00286571
v 0.0800445 0.0800375 -0.00336149
v 0.0900389 0.0700268 -0.00399159
v 0.100027 0.06001 -0.00476491
v 0.109999 0.0499986 -0.00569128
v 0.119955 0.0399843 -0.0067702
v 0.129896 0.0299742 -0.00801265
v 0.139812 0.0199603 -0.00940909
v 0.14971 0.00995022 -0.0109746
v 0.149663 -5.93716e-05 -0.0113236
v 0.0700134 0.100062 -0.00316748
v 0.0800199 0.0900545 -0.00359793
v 0.0900208 0.0800412 -0.00416157
v 0.100013 0.0700279 -0.00487014
v 0.109995 0.0600116 -0.00572561
v 0.119959 0.049999 -0.00673496
v 0.129907 0.0399872 -0.00789975
v 0.139836 0.0299735 -0.00922152
v 0.149745 0.0199603 -0.0107042
v 0.159625 0.00995016 -0.0123473
v 0.159574 -5.82702e-05 -0.0126972
v 0.0799981 0.10006 -0.00391129
v 0.0900005 0.0900498 -0.00440576
v 0.0999982 0.0800407 -0.00504903
v 0.109983 0.0700243 -0.0058319
v 0.119956 0.0600128 -0.00677211
v 0.129915 0.0499986 -0.0078643
v 0.139851 0.039984 -0.00910801
v 0.149772 0.0299715 -0.0105158
v 0.159664 0.0199587 -0.012076
v 0.169533 0.00994806 -0.0138009
v 0.169479 -5.91903e-05 -0.0141519
v 0.0899745 0.100061 -0.00473493
v 0.0999734 0.0900514 -0.00530103
v 0.109965 0.0800405 -0.00601762
v 0.119945 0.0700253 -0.00688178
v 0.129908 0.0600132 -0.00789985
v 0.139856 0.0499971 -0.00907047
v 0.149784 0.0399844 -0.0103998
v 0.159693 0.0299728 -0.0118892
v 0.169573 0.01996 -0.0135311
v 0.179426 0.00994851 -0.0153336
v 0.179369 -5.75029e-05 -0.0156857
v 0.099945 0.100059 -0.00563544
v 0.109939 0.0900493 -0.00627395
v 0.119925 0.0800357 -0.00706424
v 0.129898 0.0700259 -0.0080124
v 0.13985 0.0600128 -0.0091084
v 0.14979 0.0499993 -0.0103643
v 0.159708 0.0399831 -0.0117725
v 0.1696 0.029972 -0.013339
v 0.179468 0.0199588 -0.0150627
v 0.189304 0.00995109 -0.0169453
v 0.189247 -5.87006e-05 -0.0172961
v 0.109907 0.100059 -0.00661557
v 0.119896 0.0900478 -0.00732704
v 0.129877 0.0800357 -0.00819813
v 0.13984 0.0700258 -0.00922364
v 0.149787 0.0600112 -0.0104019
v 0.15971 0.0499998 -0.0117344
v 0.169616 0.0399847 -0.0132239
v 0.179496 0.0299738 -0.0148719
v 0.189349 0.0199597 -0.0166731
v 0.199175 0.00995037 -0.0186376
v 0.199111 -5.82023e-05 -0.0189855
v 0.119862 0.100056 -0.00767253
v 0.129842 0.0900467 -0.00845994
v 0.139814 0.0800354 -0.00940781
v 0.149772 0.0700247 -0.0105152
v 0.159707 0.060013 -0.011774
v 0.169624 0.0499983 -0.0131893
v 0.179519 0.0399839 -0.01476
v 0.189383 0.0299727 -0.0164854
v 0.199219 0.0199624 -0.0183664
v 0.209026 0.00995086 -0.0204045
v 0.208961 -5.64852e-05 -0.0207539
v 0.1298 0.100058 -0.00880716
v 0.139781 0.0900505 -0.00967939
v 0.149744 0.0800392 -0.0107043
v 0.159691 0.0700272 -0.0118893
v 0.169617 0.0600129 -0.0132263
v 0.179523 0.0499995 -0.0147226
v 0.189401 0.0399853 -0.0163704
v 0.199255 0.0299733 -0.0181774
v 0.209076 0.0199614 -0.0201361
v 0.218867 0.00995226 -0.0222544
v 0.218802 -5.89647e-05 -0.0226031
v 0.139736 0.100055 -0.0100228
v 0.149708 0.0900489 -0.0109717
v 0.159665 0.080037 -0.0120781
v 0.169599 0.0700231 -0.0133367
v 0.179517 0.0600106 -0.0147586
v 0.189407 0.049998 -0.0163318
v 0.199275 0.0399836 -0.018061
v 0.209111 0.0299753 -0.0199479
v 0.218918 0.0199612 -0.0219843
v 0.228695 0.00994907 -0.0241806
v 0.228623 -5.60822e-05 -0.0245293
v 0.14966 0.100058 -0.0113202
v 0.159624 0.0900463 -0.0123435
v 0.16957 0.0800382 -0.0135299
v 0.179497 0.0700267 -0.0148731
v 0.189401 0.0600106 -0.0163692
v 0.19928 0.0499983 -0.0180234
v 0.20913 0.0399881 -0.0198324
v 0.218955 0.0299732 -0.0217943
v 0.228745 0.0199615 -0.023911
v 0.238502 0.00995079 -0.0261836
v 0.238427 -5.82446e-05 -0.0265276
v 0.159576 0.100055 -0.0126942
v 0.169533 0.0900475 -0.0138013
v 0.179469 0.0800374 -0.0150654
v 0.189383 0.0700229 -0.0164825
v 0.199273 0.0600126 -0.0180619
v 0.209141 0.0500001 -0.0197975
v 0.218979 0.0399838 -0.0216813
v 0.228782 0.0299717 -0.0237191
v 0.238557 0.0199618 -0.0259163
v 0.248294 0.00995207 -0.0282653
v 0.248219 -5.59604e-05 -0.0286115
v 0.169479 0.100055 -0.0141498
v 0.179427 0.0900468 -0.0153343
v 0.189354 0.0800344 -0.0166762
v 0.199254 0.0700262 -0.0181764
v 0.209131 0.0600112 -0.0198302
v 0.218984 0.049998 -0.0216429
v 0.228805 0.0399849 -0.0236067
v 0.238597 0.0299751 -0.025729
v 0.248349 0.0199618 -0.0279957
v 0.258068 0.0099525 -0.0304214
v 0.257995 -5.95223e-05 -0.0307675
v 0.179372 0.100054 -0.0156843
v 0.189304 0.0900489 -0.0169447
v 0.19922 0.0800384 -0.018367
v 0.20911 0.0700261 -0.0199456
v 0.218977 0.060011 -0.0216806
v 0.228816 0.0499966 -0.0235706
v 0.23862 0.0399862 -0.0256144
v 0.248394 0.0299733 -0.0278104
v 0.258132 0.0199609 -0.0301578
v 0.267827 0.00995168 -0.0326561
v 0.26775 -5.94728e-05 -0.0330005
v 0.189248 0.100056 -0.0172961
v 0.199175 0.0900485 -0.0186384
v 0.209078 0.0800344 -0.0201347
v 0.218957 0.0700225 -0.0217942
v 0.228807 0.0600115 -0.0236088
v 0.238629 0.0500003 -0.0255787
v 0.248415 0.0399873 -0.0276961
v 0.258169 0.0299758 -0.0299684
v 0.267888 0.0199638 -0.0323924
v 0.277571 0.00994919 -0.0349694
v 0.277488 -5.62604e-05 -0.0353148
v 0.199114 0.100056 -0.0189867
v 0.209027 0.0900452 -0.0204028
v 0.218921 0.0800368 -0.0219864
v 0.228785 0.0700246 -0.0237229
v 0.238621 0.0600124 -0.0256147
v 0.248424 0.049999 -0.027658
v 0.258195 0.0399878 -0.0298558
v 0.267936 0.0299722 -0.0322063
v 0.277636 0.0199601 -0.0347072
v 0.287295 0.00994952 -0.0373596
v 0.287205 -5.52029e-05 -0.0376994
v 0.208962 0.100058 -0.0207545
v 0.218869 0.0900482 -0.0222553
v 0.228745 0.0800352 -0.023909
v 0.238597 0.0700271 -0.0257292
v 0.248418 0.0600132 -0.0276984
v 0.258208 0.0499971 -0.0298195
v 0.267959 0.0399872 -0.0320935
v 0.277678 0.029972 -0.0345166
v 0.287357 0.0199643 -0.037097
v 0.296994 0.00995224 -0.0398225
v 0.296907 -5.67127e-05 -0.0401629
v 0.2188 0.100056 -0.022601
v 0.228691 0.0900474 -0.0241783
v 0.238557 0.0800341 -0.0259132
v 0.248395 0.0700248 -0.0278105
v 0.258195 0.0600136 -0.0298556
v 0.26797 0.0499992 -0.0320571
v 0.277704 0.0399852 -0.0344052
v 0.287406 0.0299747 -0.0369118
v 0.297065 0.0199611 -0.0395627
v 0.306679 0.00995204 -0.0423642
v 0.306589 -5.628e-05 -0.0427036
v 0.228621 0.100056 -0.0245245
v 0.238501 0.0900472 -0.0261828
v 0.24835 0.0800381 -0.0279971
v 0.258169 0.070027 -0.0299677
v 0.267961 0.0600131 -0.0320947
v 0.277716 0.0499999 -0.0343725
v 0.287432 0.0399862 -0.0367974
v 0.297111 0.0299751 -0.0393769
v 0.306749 0.01996 -0.0421011
v 0.316343 0.00995346 -0.0449828
v 0.316247 -5.43398e-05 -0.0453172
v 0.238429 0.100056 -0.0265293
v 0.248295 0.0900474 -0.0282644
v 0.258129 0.0800369 -0.0301559
v 0.267935 0.0700236 -0.0322042
v 0.277707 0.0600113 -0.0344074
v 0.287442 0.0499989 -0.0367617
v 0.29714 0.039985 -0.0392636
v 0.306797 0.0299728 -0.0419161
v 0.316416 0.0199606 -0.0447204
v 0.325986 0.00995122 -0.0476718
v 0.325892 -5.61592e-05 -0.0480098
v 0.24822 0.100057 -0.0286109
v 0.258071 0.0900474 -0.0304231
v 0.267892 0.0800351 -0.0323921
v 0.277677 0.0700239 -0.0345164
v 0.287434 0.0600127 -0.0368002
v 0.297147 0.0500005 -0.0392271
v 0.306827 0.0399859 -0.0418061
v 0.316467 0.0299722 -0.0445362
v 0.326059 0.0199624 -0.0474124
v 0.335606 0.00995459 -0.0504404
v 0.335508 -5.72474e-05 -0.0507713
v 0.257994 0.100058 -0.0307696
v 0.267831 0.0900469 -0.032659
v 0.277636 0.0800371 -0.0347081
v 0.287404 0.0700226 -0.0369062
v 0.297142 0.0600121 -0.0392666
v 0.306837 0.0499996 -0.0417705
v 0.316492 0.0399887 -0.0444251
v 0.326112 0.029973 -0.0472287
v 0.335683 0.0199603 -0.050179
v 0.345205 0.00995354 -0.0532795
v 0.345109 -5.79975e-05 -0.0536145
v 0.267749 0.100053 -0.0329987
v 0.27757 0.0900455 -0.034968
v 0.287359 0.0800376 -0.0370973
v 0.297112 0.0700242 -0.039376
v 0.306828 0.0600138 -0.0418091
v 0.316505 0.0500006 -0.0443902
v 0.326143 0.0399881 -0.0471224
v 0.335736 0.0299747 -0.0499981
v 0.345285 0.0199634 -0.0530251
v 0.354784 0.0099525 -0.056196
v 0.354681 -5.39252e-05 -0.0565291
v 0.277487 0.100058 -0.0353137
v 0.28729 0.0900474 -0.0373566
v 0.297062 0.0800363 -0.0395597
v 0.306797 0.0700235 -0.0419151
v 0.316494 0.0600127 -0.0444252
v 0.326154 0.0499983 -0.0470838
v 0.335765 0.0399884 -0.049888
v 0.345338 0.0299721 -0.0528378
v 0.354862 0.0199619 -0.0559374
v 0.36434 0.0099511 -0.0591858
v 0.364235 -5.51753e-05 -0.0595189
v 0.287207 0.100056 -0.0376992
v 0.296994 0.0900477 -0.0398224
v 0.306747 0.0800376 -0.042102
v 0.316464 0.0700248 -0.0445343
v 0.326143 0.0600132 -0.0471217
v 0.335778 0.0499971 -0.0498497
v 0.345373 0.0399847 -0.0527319
v 0.354918 0.0299745 -0.0557568
v 0.364421 0.0199648 -0.0589336
v 0.373871 0.00995376 -0.0622513
v 0.373763 -5.72491e-05 -0.062578
v 0.296907 0.100058 -0.0401642
v 0.306678 0.0900458 -0.0423613
v 0.316417 0.0800362 -0.0447218
v 0.326111 0.070023 -0.0472271
v 0.33577 0.0600101 -0.0498879
v 0.345383 0.0500014 -0.0526987
v 0.354955 0.0399859 -0.055651
v 0.364478 0.0299767 -0.0587528
v 0.373954 0.0199623 -0.0619964
v 0.383376 0.0099505 -0.0653837
v 0.383266 -5.56799e-05 -0.0657133
v 0.306588 0.100057 -0.0427022
v 0.316344 0.0900462 -0.04498
v 0.32606 0.0800366 -0.0474133
v 0.335737 0.0700225 -0.049996
v 0.345372 0.0600126 -0.0527329
v 0.354962 0.0500012 -0.0556136
v 0.364512 0.0399871 -0.0586427
v 0.374012 0.0299735 -0.0618154
v 0.383462 0.0199635 -0.065135
v 0.392861 0.00995054 -0.0685963
v 0.392747 -5.56805e-05 -0.0689223
v 0.316252 0.100054 -0.0453173
v 0.325987 0.0900485 -0.0476743
v 0.335681 0.0800384 -0.0501808
v 0.345342 0.0700229 -0.0528411
v 0.354952 0.0600108 -0.0556477
v 0.36452 0.0500011 -0.0586051
v 0.374045 0.0399877 -0.0617073
v 0.383521 0.0299741 -0.0649535
v 0.392948 0.0199633 -0.068347
v 0.402318 0.0099535 -0.0718809
v 0.402205 -5.76596e-05 -0.0722053
v 0.325893 0.100053 -0.048008
v 0.335606 0.0900475 -0.0504379
v 0.345284 0.0800364 -0.0530219
v 0.354921 0.0700238 -0.0557583
v 0.364509 0.0600138 -0.0586416
v 0.374058 0.0500004 -0.0616736
v 0.383558 0.0399875 -0.0648491
v 0.393007 0.0299734 -0.0681649
v 0.402406 0.0199613 -0.0716285
v 0.411748 0.00995422 -0.0752354
v 0.411632 -5.71034e-05 -0.0755565
v 0.335513 0.100054 -0.0507742
v 0.345208 0.0900476 -0.0532814
v 0.354865 0.0800351 -0.055939
v 0.364475 0.070025 -0.0587478
v 0.374045 0.0600117 -0.0617055
v 0.383568 0.0499991 -0.0648108
v 0.393044 0.039986 -0.0680599
v 0.402467 0.0299758 -0.0714522
v 0.411841 0.019962 -0.0749862
v 0.421157 0.00995239 -0.078664
v 0.421035 -5.43761e-05 -0.0789843
v 0.345106 0.100056 -0.053612
v 0.354784 0.0900484 -0.0561968
v 0.36442 0.080034 -0.0589284
v 0.374009 0.0700258 -0.0618138
v 0.383557 0.0600136 -0.0648487
v 0.393057 0.0500013 -0.0680274
v 0.402505 0.0399877 -0.0713464
v 0.411901 0.0299761 -0.074809
v 0.421247 0.019965 -0.0784162
v 0.430534 0.00995243 -0.082161
v 0.430412 -5.46798e-05 -0.0824825
v 0.354684 0.100054 -0.0565273
v 0.364341 0.0900449 -0.0591859
v 0.373953 0.0800375 -0.0619963
v 0.383523 0.0700261 -0.0649565
v 0.393042 0.0600145 -0.0680606
v 0.40252 0.0499973 -0.0713107
v 0.411939 0.0399874 -0.0747023
v 0.421313 0.029974 -0.0782396
v 0.430627 0.0199651 -0.0819161
v 0.439887 0.00995397 -0.0857349
v 0.439763 -5.35494e-05 -0.0860537
v 0.364233 0.100057 -0.0595169
v 0.373871 0.0900461 -0.0622495
v 0.383463 0.0800358 -0.0651344
v 0.393008 0.0700254 -0.0681677
v 0.402504 0.060014 -0.0713455
v 0.411952 0.0500008 -0.0746681
v 0.421351 0.0399848 -0.0781318
v 0.430693 0.029974 -0.0817383
v 0.439982 0.019962 -0.0854863
v 0.449213 0.00995192 -0.0893753
v 0.44909 -5.60716e-05 -0.0896955
v 0.373764 0.100056 -0.06258
v 0.383376 0.0900469 -0.0653853
v 0.392947 0.080038 -0.0683473
v 0.40247 0.0700234 -0.0714518
v 0.411942 0.0600117 -0.0747036
v 0.421363 0.0499975 -0.0780965
v 0.430732 0.039989 -0.0816358
v 0.440049 0.0299755 -0.0853136
v 0.449308 0.0199649 -0.0891317
v 0.458509 0.00995541 -0.0930912
v 0.458383 -5.31335e-05 -0.0934089
v 0.38327 0.100054 -0.0657154
v 0.392861 0.090047 -0.0685976
v 0.402405 0.0800343 -0.0716266
v 0.411902 0.0700244 -0.0748072
v 0.421351 0.0600121 -0.0781333
v 0.430748 0.0500011 -0.0816033
v 0.44009 0.0399855 -0.0852074
v 0.44938 0.0299737 -0.0889592
v 0.458609 0.019964 -0.0928477
v 0.467778 0.00995464 -0.0968741
v 0.467649 -5.44766e-05 -0.0971894
v 0.392749 0.100056 -0.0689252
v 0.402317 0.0900459 -0.0718783
v 0.411841 0.0800337 -0.0749851
v 0.421314 0.0700235 -0.0782399
v 0.430737 0.06001 -0.0816365
v 0.440103 0.0500017 -0.0851759
v 0.449417 0.0399882 -0.0888538
v 0.45868 0.0299728 -0.0926736
v 0.46788 0.0199636 -0.0966329
v 0.477016 0.00995404 -0.100727
v 0.476886 -5.57532e-05 -0.10104
v 0.402206 0.100053 -0.0722052
v 0.411751 0.0900481 -0.0752383
v 0.421248 0.0800359 -0.0784149
v 0.430694 0.0700249 -0.0817402
v 0.440089 0.0600145 -0.0852101
v 0.449432 0.0499991 -0.0888185
v 0.45872 0.0399871 -0.0925707
v 0.467947 0.0299773 -0.0964594
v 0.477121 0.0199635 -0.100488
v 0.48623 0.00995332 -0.104653
v 0.486091 -5.25466e-05 -0.104962
v 0.411632 0.100053 -0.0755561
v 0.421156 0.0900439 -0.0786606
v 0.430627 0.0800359 -0.081914
v 0.440052 0.0700236 -0.0853141
v 0.449421 0.0600111 -0.0888552
v 0.458733 0.0499976 -0.0925337
v 0.467992 0.0399868 -0.0963564
v 0.477191 0.0299774 -0.100316
v 0.486333 0.0199632 -0.104412
v 0.495411 0.00995211 -0.108645
v 0.495275 -5.45818e-05 -0.108956
v 0.421037 0.100056 -0.078986
v 0.430537 0.0900468 -0.0821648
v 0.439982 0.080038 -0.0854888
v 0.449377 0.070024 -0.088956
v 0.458719 0.0600137 -0.0925711
v 0.468006 0.0500017 -0.0963241
v 0.477234 0.0399869 -0.100211
v 0.486404 0.0299775 -0.104243
v 0.495515 0.0199626 -0.108406
v 0.504557 0.00995481 -0.112706
v 0.504419 -5.27438e-05 -0.113015
v 0.430416 0.100053 -0.0824826
v 0.439887 0.0900474 -0.0857342
v 0.44931 0.0800371 -0.0891333
v 0.458678 0.0700257 -0.0926743
v 0.467993 0.0600125 -0.0963574
v 0.47725 0.0500016 -0.100181
v 0.486449 0.0399871 -0.10414
v 0.495589 0.0299773 -0.108239
v 0.504663 0.019966 -0.112469
v 0.513675 0.00995642 -0.116837
v 0.513536 -5.21085e-05 -0.117145
v 0.439764 0.100056 -0.086053
v 0.449215 0.0900451 -0.0893772
v 0.458607 0.0800377 -0.0928459
v 0.46795 0.0700238 -0.0964588
v 0.477235 0.060012 -0.100213
v 0.486463 0.0500016 -0.104107
v 0.495631 0.039987 -0.108134
v 0.50474 0.0299764 -0.112301
v 0.513784 0.0199637 -0.116599
v 0.522765 0.00995666 -0.12104
v 0.522622 -5.28908e-05 -0.121342
v 0.449089 0.100057 -0.0896968
v 0.45851 0.0900443 -0.0930882
v 0.467878 0.0800348 -0.0966286
v 0.477195 0.0700225 -0.100316
v 0.486451 0.0600116 -0.104141
v 0.495647 0.0500014 -0.108103
v 0.504784 0.0399864 -0.112197
v 0.513863 0.0299746 -0.116433
v 0.522876 0.0199647 -0.120803
v 0.531821 0.00995524 -0.125305
v 0.531677 -5.54308e-05 -0.125606
v 0.458384 0.100054 -0.0934062
v 0.467778 0.0900448 -0.0968715
v 0.477119 0.0800372 -0.100486
v 0.486403 0.0700262 -0.104241
v 0.495633 0.0600113 -0.108135
v 0.504802 0.0500009 -0.112169
v 0.513907 0.0399896 -0.116334
v 0.522952 0.0299763 -0.120634
v 0.531933 0.0199642 -0.12507
v 0.540844 0.00995649 -0.12964
v 0.540699 -5.53406e-05 -0.129939
v 0.46765 0.100053 -0.0971877
v 0.477018 0.0900461 -0.100727
v 0.486332 0.0800355 -0.104411
v 0.495588 0.0700254 -0.108236
v 0.504786 0.0600105 -0.112198
v 0.513924 0.0499996 -0.116301
v 0.522999 0.0399871 -0.120535
v 0.532013 0.0299765 -0.124907
v 0.540956 0.0199665 -0.129406
v 0.549837 0.00995554 -0.134043
v 0.549689 -5.28187e-05 -0.134343
v 0.476889 0.100053 -0.101042
v 0.486227 0.090048 -0.104652
v 0.495514 0.080034 -0.108404
v 0.504742 0.0700243 -0.112301
v 0.513907 0.0600138 -0.116334
v 0.523016 0.0500019 -0.120505
v 0.532057 0.0399878 -0.124804
v 0.54104 0.0299748 -0.129242
v 0.549949 0.0199665 -0.133811
v 0.558794 0.00995677 -0.138512
v 0.558642 -5.29007e-05 -0.138807
v 0.486097 0.100054 -0.104964
v 0.495408 0.0900456 -0.108643
v 0.504665 0.0800369 -0.112469
v 0.513863 0.0700226 -0.116432
v 0.522998 0.0600115 -0.120533
v 0.532073 0.0499982 -0.12477
v 0.541085 0.0399867 -0.129141
v 0.550034 0.0299758 -0.133648
v 0.558909 0.0199642 -0.138279
v 0.567718 0.00995519 -0.143046
v 0.567564 -5.11502e-05 -0.143342
v 0.495274 0.100055 -0.108956
v 0.504557 0.0900477 -0.112706
v 0.513788 0.0800348 -0.116602
v 0.522954 0.0700248 -0.120636
v 0.532059 0.0600126 -0.124806
v 0.541099 0.0500022 -0.12911
v 0.550079 0.0399883 -0.133547
v 0.558993 0.0299744 -0.138117
v 0.567837 0.0199638 -0.142817
v 0.576608 0.00995529 -0.147646
v 0.576454 -5.25259e-05 -0.147942
v 0.504421 0.100056 -0.113017
v 0.513678 0.0900449 -0.116837
v 0.522876 0.0800365 -0.120803
v 0.532012 0.0700258 -0.124906
v 0.541084 0.0600121 -0.129141
v 0.550097 0.0499997 -0.133516
v 0.55904 0.0399877 -0.138018
v 0.567922 0.0299751 -0.142656
v 0.576727 0.0199652 -0.147419
v 0.585467 0.00995674 -0.152318
v 0.58531 -5.25378e-05 -0.152609
v 0.51354 0.100052 -0.117145
v 0.522768 0.0900461 -0.121039
v 0.531931 0.0800373 -0.12507
v 0.541038 0.0700254 -0.129243
v 0.55008 0.0600145 -0.13355
v 0.559058 0.0499997 -0.137987
v 0.567968 0.0399892 -0.142558
v 0.576811 0.0299775 -0.147259
v 0.585588 0.0199634 -0.152089
v 0.594287 0.00995469 -0.157048
v 0.594129 -5.15024e-05 -0.15734
v 0.522624 0.100053 -0.121341
v 0.531821 0.0900463 -0.125304
v 0.540959 0.0800367 -0.129408
v 0.550034 0.0700233 -0.133646
v 0.559044 0.0600103 -0.13802
v 0.567987 0.0500018 -0.142529
v 0.576864 0.0399879 -0.147163
v 0.585672 0.0299768 -0.15193
v 0.594409 0.0199673 -0.156826
v 0.603075 0.00995357 -0.161845
v 0.602917 -5.42958e-05 -0.162137
v 0.531679 0.100052 -0.125607
v 0.540846 0.0900454 -0.129639
v 0.549952 0.0800345 -0.133809
v 0.558992 0.0700238 -0.138116
v 0.56797 0.0600129 -0.142559
v 0.576879 0.0500013 -0.147131
v 0.585721 0.0399883 -0.151832
v 0.594496 0.0299774 -0.156665
v 0.603198 0.0199631 -0.161622
v 0.611823 0.00995771 -0.16671
v 0.611662 -5.18229e-05 -0.166997
v 0.540699 0.100056 -0.129942
v 0.549837 0.0900476 -0.134044
v 0.558911 0.0800352 -0.13828
v 0.56792 0.0700222 -0.142653
v 0.576862 0.060013 -0.147162
v 0.585742 0.0499979 -0.151801
v 0.594548 0.03999 -0.156571
v 0.603284 0.0299745 -0.161462
v 0.611948 0.0199641 -0.166484
v 0.620538 0.00995768 -0.171636
v 0.620379 -5.36392e-05 -0.171923
v 0.54969 0.100053 -0.134342
v 0.558796 0.0900435 -0.138509
v 0.567836 0.0800337 -0.142815
v 0.576813 0.0700227 -0.147257
v 0.585725 0.0600103 -0.151833
v 0.594565 0.0500005 -0.156538
v 0.603336 0.0399882 -0.161369
v 0.612037 0.029977 -0.166329
v 0.620666 0.0199657 -0.171416
v 0.629218 0.00995789 -0.176628
v 0.629053 -5.06057e-05 -0.176913
v 0.558644 0.100053 -0.138807
v 0.567719 0.0900466 -0.143047
v 0.576729 0.0800344 -0.147419
v 0.58567 0.0700251 -0.151928
v 0.594548 0.0600137 -0.156571
v 0.603352 0.0499998 -0.161336
v 0.61209 0.0399873 -0.166234
v 0.620756 0.0299754 -0.171258
v 0.629345 0.0199676 -0.176408
v 0.637862 0.00995346 -0.18168
v 0.637692 -5.2349e-05 -0.181962
v 0.567565 0.100056 -0.143342
v 0.576609 0.0900474 -0.147649
v 0.585587 0.0800372 -0.152091
v 0.594495 0.0700246 -0.156663
v 0.603335 0.0600138 -0.161369
v 0.612106 0.05 -0.166202
v 0.620809 0.0399871 -0.171164
v 0.629436 0.0299743 -0.176249
v 0.637987 0.019965 -0.18146
v 0.646463 0.00995806 -0.186798
v 0.646297 -5.43167e-05 -0.187078
v 0.576458 0.100052 -0.147942
v 0.585466 0.0900458 -0.152315
v 0.594408 0.0800371 -0.156823
v 0.603282 0.0700254 -0.161463
v 0.612091 0.0600104 -0.166233
v 0.620824 0.050001 -0.171132
v 0.629488 0.0399874 -0.176155
v 0.638079 0.0299779 -0.181307
v 0.646593 0.0199668 -0.18658
v 0.655029 0.00995766 -0.191976
v 0.654859 -5.2098e-05 -0.192254
v 0.585308 0.100055 -0.152607
v 0.594287 0.090046 -0.157048
v 0.603197 0.0800339 -0.161621
v 0.612038 0.0700228 -0.166328
v 0.620808 0.0600125 -0.171164
v 0.629508 0.049998 -0.176125
v 0.638135 0.0399879 -0.181216
v 0.646685 0.0299768 -0.186426
v 0.655163 0.0199637 -0.19176
v 0.663558 0.00995668 -0.197217
v 0.663388 -5.05742e-05 -0.197497
v 0.594131 0.100055 -0.157341
v 0.603077 0.0900433 -0.161847
v 0.611951 0.0800366 -0.166489
v 0.620755 0.0700258 -0.171259
v 0.629492 0.0600106 -0.176158
v 0.638151 0.0499999 -0.181182
v 0.646741 0.0399885 -0.186334
v 0.655254 0.0299755 -0.191606
v 0.663691 0.0199647 -0.197002
v 0.672051 0.00995497 -0.202522
v 0.671873 -4.98357e-05 -0.202796
v 0.602916 0.100053 -0.162136
v 0.611826 0.0900465 -0.166711
v 0.620665 0.0800358 -0.171415
v 0.629434 0.0700249 -0.176249
v 0.638134 0.0600137 -0.181215
v 0.646759 0.0500019 -0.186305
v 0.655308 0.0399889 -0.191515
v 0.663784 0.0299784 -0.196852
v 0.672182 0.0199651 -0.202306
v 0.680503 0.00995691 -0.207888
v 0.680327 -5.01116e-05 -0.208162
v 0.611664 0.100052 -0.166995
v 0.620541 0.0900463 -0.171637
v 0.629344 0.0800358 -0.176405
v 0.638077 0.0700246 -0.181305
v 0.646739 0.0600125 -0.186332
v 0.655328 0.0499993 -0.191484
v 0.663842 0.0399889 -0.196762
v 0.672279 0.0299761 -0.202158
v 0.680637 0.0199645 -0.207675
v 0.688911 0.00995775 -0.213311
v 0.688738 -5.15686e-05 -0.213585
v 0.620379 0.100052 -0.171922
v 0.629215 0.0900471 -0.176625
v 0.637986 0.0800364 -0.181461
v 0.646685 0.0700246 -0.186426
v 0.65531 0.0600113 -0.191515
v 0.66386 0.050001 -0.196731
v 0.672336 0.0399884 -0.202069
v 0.680733 0.0299776 -0.207526
v 0.689048 0.0199675 -0.213101
v 0.697286 0.00995731 -0.218799
v 0.697108 -4.97668e-05 -0.219071
v 0.629053 0.100054 -0.17691
v 0.63786 0.0900441 -0.181678
v 0.646596 0.080033 -0.18658
v 0.655256 0.0700247 -0.191609
v 0.663842 0.0600145 -0.196763
v 0.672352 0.0500022 -0.202038
v 0.68079 0.0399873 -0.207435
v 0.689147 0.0299781 -0.212955
v 0.697426 0.0199648 -0.21859
v 0.705623 0.00995546 -0.224347
v 0.705438 -4.94245e-05 -0.224614
v 0.637693 0.100051 -0.18196
v 0.646463 0.0900461 -0.186796
v 0.655162 0.0800343 -0.191759
v 0.663784 0.0700248 -0.19685
v 0.672335 0.0600128 -0.202067
v 0.680811 0.0499983 -0.207406
v 0.689203 0.0399898 -0.212863
v 0.697523 0.0299775 -0.218444
v 0.705761 0.0199653 -0.224139
v 0.713913 0.00995666 -0.229952
v 0.713731 -5.07224e-05 -0.230218
v 0.646296 0.100054 -0.187078
v 0.655029 0.0900439 -0.191974
v 0.663693 0.0800357 -0.197005
v 0.67228 0.0700246 -0.202159
v 0.680791 0.0600107 -0.207435
v 0.689222 0.0500027 -0.212834
v 0.697583 0.0399867 -0.218354
v 0.705858 0.0299757 -0.22399
v 0.714054 0.0199643 -0.229745
v 0.722167 0.00995616 -0.235618
v 0.721981 -4.91533e-05 -0.235883
v 0.654862 0.100053 -0.192256
v 0.66356 0.0900465 -0.19722
v 0.672184 0.0800369 -0.20231
v 0.680731 0.070024 -0.207523
v 0.689206 0.0600123 -0.212866
v 0.6976 0.0500016 -0.218325
v 0.705919 0.0399871 -0.223904
v 0.714153 0.0299771 -0.2296
v 0.722309 0.0199663 -0.235415
v 0.730379 0.00995843 -0.241345
v 0.730192 -4.95154e-05 -0.241606
v 0.663387 0.100052 -0.197492
v 0.672048 0.0900445 -0.202519
v 0.680636 0.0800333 -0.207672
v 0.689147 0.0700229 -0.212952
v 0.697579 0.0600131 -0.218353
v 0.705936 0.0499995 -0.223873
v 0.714212 0.0399906 -0.229514
v 0.722408 0.0299769 -0.235268
v 0.730521 0.0199665 -0.24114
v 0.738548 0.00995878 -0.247128
v 0.738365 -5.18352e-05 -0.247389
v 0.671877 0.100051 -0.202795
v 0.680501 0.0900468 -0.207887
v 0.68905 0.0800337 -0.213101
v 0.697521 0.0700255 -0.218442
v 0.705917 0.060013 -0.223904
v 0.714233 0.0500007 -0.229485
v 0.72247 0.0399882 -0.235184
v 0.730623 0.029975 -0.240995
v 0.738693 0.0199649 -0.246924
v 0.746679 0.00995707 -0.25297
v 0.746493 -5.17218e-05 -0.253229
v 0.680325 0.100055 -0.20816
v 0.688916 0.0900442 -0.213313
v 0.697426 0.0800335 -0.218589
v 0.70586 0.0700227 -0.223992
v 0.714214 0.0600117 -0.229514
v 0.722489 0.0500005 -0.235154
v 0.730682 0.0399888 -0.24091
v 0.738796 0.029976 -0.246782
v 0.746825 0.0199659 -0.25277
v 0.754767 0.0099578 -0.25887
v 0.754577 -4.92105e-05 -0.259128
v 0.688736 0.100054 -0.213583
v 0.697286 0.0900456 -0.218798
v 0.705762 0.0800325 -0.224139
v 0.714155 0.0700234 -0.229601
v 0.722468 0.0600137 -0.235183
v 0.730705 0.0499989 -0.240882
v 0.738855 0.0399876 -0.246696
v 0.746925 0.0299796 -0.252628
v 0.754912 0.0199648 -0.258668
v 0.762814 0.0099563 -0.264826
v 0.762621 -4.907e-05 -0.265083
v 0.697111 0.100052 -0.219069
v 0.705621 0.0900464 -0.224348
v 0.714055 0.0800352 -0.229748
v 0.722409 0.070023 -0.235268
v 0.730681 0.0600143 -0.240911
v 0.738875 0.0500002 -0.246668
v 0.746988 0.0399893 -0.252543
v 0.755015 0.0299766 -0.258527
v 0.762959 0.0199661 -0.264628
v 0.770814 0.00995697 -0.270838
v 0.770621 -5.12809e-05 -0.271091
v 0.705441 0.100055 -0.224615
v 0.713915 0.0900463 -0.229955
v 0.722308 0.0800367 -0.235415
v 0.730621 0.0700258 -0.240996
v 0.738856 0.0600135 -0.246698
v 0.747008 0.0499998 -0.252512
v 0.755079 0.039989 -0.258446
v 0.763062 0.0299762 -0.264485
v 0.770963 0.0199652 -0.270641
v 0.778775 0.00995526 -0.276908
v 0.77858 -5.14469e-05 -0.277158
v 0.713731 0.100052 -0.230216
v 0.722168 0.0900453 -0.23562
v 0.730522 0.0800327 -0.241139
v 0.738795 0.0700226 -0.246781
v 0.746988 0.0600109 -0.25254
v 0.755096 0.050002 -0.258415
v 0.763125 0.0399867 -0.264402
v 0.771066 0.0299781 -0.270503
v 0.778924 0.0199664 -0.276715
v 0.786691 0.00995563 -0.283033
v 0.786497 -4.9602e-05 -0.283287
v 0.721982 0.100053 -0.235881
v 0.73038 0.0900433 -0.241343
v 0.738692 0.0800362 -0.246925
v 0.746928 0.0700225 -0.252627
v 0.755079 0.0600112 -0.258445
v 0.763146 0.0500024 -0.264379
v 0.771132 0.0399869 -0.27042
v 0.77903 0.0299777 -0.276577
v 0.786843 0.0199653 -0.282842
v 0.794563 0.009958 -0.289216
v 0.794369 -5.03661e-05 -0.289465
v 0.730193 0.100053 -0.241604
v 0.73855 0.0900445 -0.247127
v 0.746825 0.0800339 -0.252769
v 0.755014 0.0700253 -0.258528
v 0.763124 0.0600142 -0.264404
v 0.771153 0.0500008 -0.270395
v 0.779093 0.0399894 -0.276495
v 0.786946 0.0299795 -0.282705
v 0.794718 0.0199662 -0.289026
v 0.802394 0.00995773 -0.295453
v 0.802197 -4.92733e-05 -0.295701
v 0.738364 0.100051 -0.247386
v 0.746678 0.0900445 -0.252967
v 0.754911 0.0800346 -0.258667
v 0.763064 0.0700218 -0.264486
v 0.77113 0.0600108 -0.270418
v 0.779114 0.0500017 -0.276467
v 0.787012 0.0399897 -0.282624
v 0.794823 0.029979 -0.28889
v 0.802545 0.0199692 -0.295263
v 0.810182 0.0099594 -0.301749
v 0.809981 -5.09083e-05 -0.301989
v 0.746489 0.100053 -0.253226
v 0.754767 0.090043 -0.258867
v 0.762958 0.0800336 -0.264626
v 0.771065 0.0700255 -0.270503
v 0.779091 0.0600144 -0.276494
v 0.787035 0.0500004 -0.282598
v 0.794888 0.0399877 -0.288807
v 0.802655 0.0299761 -0.295127
v 0.810334 0.019965 -0.301554
v 0.817922 0.00995834 -0.308092
v 0.817722 -5.08246e-05 -0.308334
v 0.754577 0.100054 -0.259126
v 0.762813 0.0900445 -0.264826
v 0.770963 0.0800355 -0.270644
v 0.779028 0.0700229 -0.276574
v 0.787012 0.0600115 -0.282622
v 0.794909 0.0500014 -0.288781
v 0.802721 0.0399879 -0.295048
v 0.810442 0.0299797 -0.301424
v 0.818078 0.0199673 -0.307905
v 0.82562 0.00995908 -0.314494
v 0.825418 -4.89936e-05 -0.314735
v 0.762622 0.100054 -0.265082
v 0.770813 0.0900444 -0.270838
v 0.778924 0.0800356 -0.276715
v 0.78695 0.0700229 -0.282706
v 0.794889 0.060011 -0.288807
v 0.80274 0.0500001 -0.295019
v 0.810507 0.0399902 -0.301342
v 0.818187 0.0299763 -0.307771
v 0.825775 0.019967 -0.314305
v 0.833272 0.00995702 -0.320946
v 0.833068 -5.0025e-05 -0.321185
v 0.770623 0.100052 -0.271092
v 0.778774 0.0900427 -0.276907
v 0.786842 0.0800338 -0.282841
v 0.794824 0.0700253 -0.288891
v 0.802721 0.0600129 -0.295049
v 0.810529 0.0500011 -0.301315
v 0.818252 0.0399901 -0.307693
v 0.825885 0.0299794 -0.314174
v 0.833427 0.0199685 -0.320761
v 0.84088 0.00995673 -0.327453
v 0.840674 -4.94467e-05 -0.327691
v 0.778582 0.100053 -0.277161
v 0.786693 0.0900437 -0.283036
v 0.794715 0.0800346 -0.289024
v 0.802656 0.0700256 -0.295131
v 0.810509 0.0600125 -0.301343
v 0.818273 0.0499998 -0.307664
v 0.825954 0.0399875 -0.314096
v 0.833539 0.0299799 -0.320631
v 0.841037 0.0199673 -0.32727
v 0.84844 0.0099581 -0.334013
v 0.848234 -5.18041e-05 -0.334247
v 0.786497 0.100052 -0.283284
v 0.794566 0.0900429 -0.289217
v 0.80255 0.0800335 -0.295265
v 0.810443 0.0700239 -0.301422
v 0.81825 0.0600144 -0.307692
v 0.825972 0.0500006 -0.314067
v 0.833608 0.039987 -0.320551
v 0.841148 0.0299778 -0.327138
v 0.8486 0.0199679 -0.333832
v 0.855956 0.0099566 -0.340624
v 0.855752 -5.26436e-05 -0.34086
v 0.79437 0.10005 -0.289463
v 0.802395 0.0900448 -0.295454
v 0.810334 0.0800348 -0.301557
v 0.818187 0.0700245 -0.307772
v 0.825952 0.060014 -0.314097
v 0.833628 0.0499991 -0.320524
v 0.841217 0.0399886 -0.327062
v 0.848713 0.0299777 -0.333702
v 0.856118 0.0199657 -0.340444
v 0.863426 0.00995673 -0.347289
v 0.863219 -5.1875e-05 -0.347523
v 0.802198 0.10005 -0.295698
v 0.810182 0.0900447 -0.301748
v 0.818078 0.0800342 -0.307905
v 0.825888 0.0700229 -0.314175
v 0.833607 0.0600114 -0.320551
v 0.84124 0.0499997 -0.327036
v 0.848781 0.0399877 -0.333623
v 0.856228 0.0299794 -0.340314
v 0.863587 0.0199653 -0.347106
v 0.870851 0.00995844 -0.354007
v 0.870638 -4.96211e-05 -0.354236
v 0.809983 0.100053 -0.301992
v 0.817925 0.0900427 -0.308093
v 0.825775 0.0800359 -0.314308
v 0.83354 0.0700237 -0.32063
v 0.841218 0.0600111 -0.327061
v 0.848801 0.0500024 -0.333597
v 0.856298 0.0399887 -0.340237
v 0.863703 0.0299784 -0.346982
v 0.871014 0.0199666 -0.353827
v 0.878229 0.0099573 -0.360774
v 0.878017 -5.03771e-05 -0.361005
v 0.817726 0.10005 -0.308335
v 0.825619 0.0900432 -0.314491
v 0.833426 0.0800355 -0.32076
v 0.84115 0.0700223 -0.327138
v 0.848781 0.0600129 -0.333624
v 0.856321 0.0500028 -0.340213
v 0.863772 0.0399872 -0.346902
v 0.871131 0.0299749 -0.353697
v 0.87839 0.0199651 -0.360592
v 0.885559 0.00995787 -0.367593
v 0.885345 -4.9465e-05 -0.367822
v 0.825416 0.100053 -0.314733
v 0.833273 0.0900416 -0.320945
v 0.841039 0.080033 -0.32727
v 0.848712 0.0700232 -0.333699
v 0.8563 0.0600124 -0.340238
v 0.863793 0.0500007 -0.346876
v 0.871196 0.0399877 -0.353618
v 0.878507 0.0299775 -0.360466
v 0.885722 0.0199654 -0.367412
v 0.892841 0.00996028 -0.374463
v 0.89263 -4.67639e-05 -0.374694
v 0.83307 0.100051 -0.321185
v 0.840879 0.0900426 -0.327452
v 0.848601 0.0800329 -0.33383
v 0.856234 0.0700218 -0.340315
v 0.863769 0.0600141 -0.346902
v 0.87122 0.0500006 -0.353594
v 0.878575 0.03999 -0.360389
v 0.885838 0.0299775 -0.367284
v 0.893004 0.0199675 -0.37428
v 0.900074 0.00996473 -0.381381
v 0.899863 -4.20308e-05 -0.381614
v 0.840676 0.10005 -0.32769
v 0.848441 0.0900458 -0.334015
v 0.856115 0.0800351 -0.340442
v 0.863705 0.0700227 -0.346981
v 0.871198 0.0600133 -0.353622
v 0.878598 0.0500024 -0.360363
v 0.885909 0.0399896 -0.367209
v 0.893122 0.0299793 -0.374154
v 0.900242 0.0199717 -0.381204
v 0.848233 0.100053 -0.334248
v 0.855957 0.0900426 -0.340624
v 0.86359 0.080035 -0.34711
v 0.871127 0.0700256 -0.353697
v 0.878575 0.0600145 -0.360389
v 0.88593 0.0500015 -0.367181
v 0.893191 0.0399909 -0.374077
v 0.900355 0.029983 -0.381073
v 0.85575 0.100053 -0.340861
v 0.863424 0.0900461 -0.347288
v 0.871011 0.0800371 -0.353825
v 0.878506 0.0700261 -0.360467
v 0.885906 0.060013 -0.367205
v 0.893214 0.0500022 -0.374052
v 0.900428 0.0399894 -0.380996
v 0.863219 0.100051 -0.347522
v 0.87085 0.0900429 -0.354003
v 0.878389 0.0800368 -0.360593
v 0.88584 0.0700239 -0.367286
v 0.893192 0.060013 -0.374079
v 0.90045 0.0499999 -0.38097
v 0.870642 0.100051 -0.354238
v 0.878227 0.0900417 -0.36077
v 0.885721 0.0800338 -0.367411
v 0.893121 0.0700231 -0.374154
v 0.900426 0.0600098 -0.380996
v 0.899863 0.100041 -0.381611
v 0.892627 0.100047 -0.37469
v 0.900076 0.0900347 -0.381382
v 0.885345 0.100049 -0.367821
v 0.892842 0.0900403 -0.374463
v 0.900239 0.0800274 -0.381202
v 0.878018 0.100049 -0.361003
v 0.88556 0.0900424 -0.367593
v 0.893005 0.0800323 -0.374282
v 0.900357 0.070019 -0.381075
v 2.20565e-06 0.0200006 -0.00020302
v 0.0100211 0.0199849 -0.000249303
v 0.0200249 0.00995629 -0.000474227
v 0.0200121 -5.39501e-05 -0.000603431
v 4.12027e-06 0.0099967 -0.000201005
v 0.0100223 0.00997703 -0.000269292
v 0.00999441 -4.52487e-05 -0.000330783
v 2.26609e-06 -1.07935e-07 -0.000202317
v -0.0223376 0.0227841 -0.151537
v -0.0360704 0.0227841 -0.151537
v -0.0360704 -0.00219596 -0.151537
v -0.0223376 -0.00219596 -0.151537
v -0.0353631 -0.000845617 -0.151537
v -0.0343022 -0.000845617 -0.151537
v -0.0343022 0.00050473 -0.151537
v -0.0353631 0.00050473 -0.151537
v -0.0353631 0.00050473 -0.151537
v -0.0343022 0.00050473 -0.151537
v -0.0343022 0.00185463 -0.151537
v -0.0353631 0.00185463 -0.151537
v -0.0353631 0.00185463 -0.151537
v -0.0343022 0.00185463 -0.151537
v -0.0343022 0.00320498 -0.151537
v -0.0353631 0.00320498 -0.151537
v -0.0353631 0.00320498 -0.151537
v -0.0343022 0.00320498 -0.151537
v -0.0343022 0.00455532 -0.151537
v -0.0353631 0.00455532 -0.151537
v -0.0353631 0.00455532 -0.151537
v -0.0343022 0.00455532 -0.151537
v -0.0343022 0.00590567 -0.151537
v -0.0353631 0.00590567 -0.151537
v -0.0353631 0.00590567 -0.151537
v -0.0343022 0.00590567 -0.151537
v -0.0343022 0.00725601 -0.151537
v -0.0353631 0.00725601 -0.151537
v -0.0353631 0.00725601 -0.151537
v -0.0343022 0.00725601 -0.151537
v -0.0343022 0.00860636 -0.151537
v -0.0353631 0.00860636 -0.151537
v -0.0353631 0.00860636 -0.151537
v -0.0343022 0.00860636 -0.151537
v -0.0343022 0.00995627 -0.151537
v -0.0353631 0.00995627 -0.151537
v -0.0353631 0.00995627 -0.151537
v -0.0343022 0.00995627 -0.151537
v -0.0343022 0.0113066 -0.151537
v -0.0353631 0.0113066 -0.151537
v -0.0353631 0.0113066 -0.151537
v -0.0343022 0.0113066 -0.151537
v -0.0343022 0.012657 -0.151537
v -0.0353631 0.012657 -0.151537
v -0.0353631 0.012657 -0.151537
v -0.0343022 0.012657 -0.151537
v -0.0343022 0.0140073 -0.151537
v -0.0353631 0.0140073 -0.151537
v -0.0353631 0.0140073 -0.151537
v -0.0343022 0.0140073 -0.151537
v -0.0343022 0.0153576 -0.151537
v -0.0353631 0.0153576 -0.151537
v -0.0353631 -0.000845617 -0.151537
v -0.0339486 -0.000845617 -0.151537
v -0.0353631 0.00050473 -0.151537
v -0.0339486 0.00050473 -0.151537
v -0.0353631 0.00185463 -0.151537
v -0.0339486 0.00185463 -0.151537
v -0.0353631 0.00320498 -0.151537
v -0.0339486 0.00320498 -0.151537
v -0.0353631 0.00455532 -0.151537
v -0.0339486 0.00455532 -0.151537
v -0.0353631 0.00590567 -0.151537
v -0.0339486 0.00590567 -0.151537
v -0.0353631 0.00725601 -0.151537
v -0.0339486 0.00725601 -0.151537
v -0.0353631 0.00860636 -0.151537
v -0.0339486 0.00860636 -0.151537
v -0.0353631 0.00995627 -0.151537
v -0.0339486 0.00995627 -0.151537
v -0.0353631 0.0113066 -0.151537
v -0.0339486 0.0113066 -0.151537
v -0.0353631 0.012657 -0.151537
v -0.0339486 0.012657 -0.151537
v -0.0353631 0.0140073 -0.151537
v -0.0339486 0.0140073 -0.151537
v -0.0353631 0.0153576 -0.151537
v -0.0339486 0.0153576 -0.151537
v -0.0343022 0.0153576 -0.151537
v -0.0343022 -0.000845617 -0.151537

#List of body polygons
f 1 2 3
f 1 3 8
f 1 15 16
f 1711 1712 1713
f 1711 1717 1718
f 1717 1711 1729

#List of body polygons
f 2 4 3
f 2 5 4
f 3 9 8
f 3 4 9
f 1712 1714 1713
f 1712 1715 1714

#List of body polygons
f 5 6 4
f 5 7 6
f 4 10 9
f 4 6 10
f 1715 1536 1714
f 1715 1716 1536
f 1536 1716 1537

#List of body polygons
f 7 11 12
f 20 7 19
f 20 11 7
f 20 21 11
f 1722 1723 1721
f 1722 1724 1723
f 1724 1536 1726
f 1724 1727 1536
f 1724 1722 1727

#List of body polygons
f 11 13 12
f 11 14 13
f 21 14 11
f 13 22 23
f 22 14 26
f 22 13 14
f 313 13 312
f 316 13 313
f 316 7 13
f 13 23 312
f 1539 1536 1540
f 1539 1541 1536
f 1536 1542 1540
f 1541 1545 1546
f 1541 1539 1545
f 1724 1725 1723
f 1724 1541 1725
f 1541 1724 1726
f 1725 1730 1731
f 1730 1541 1546
f 1730 1725 1541

#List of body polygons
f 15 17 16
f 15 18 17
f 1717 1719 1718
f 1717 1720 1719
f 1720 1729 1728
f 1720 1717 1729

#List of body polygons
f 18 19 17
f 18 20 19
f 1720 1721 1719
f 1720 1722 1721
f 1722 1728 1727
f 1722 1720 1728

#List of body polygons
f 22 24 23
f 22 25 24
f 25 22 26
f 24 27 28
f 27 25 31
f 27 24 25
f 310 311 309
f 310 312 311
f 310 313 312
f 315 313 310
f 315 316 313
f 24 317 311
f 23 311 312
f 23 24 311
f 317 318 319
f 318 24 28
f 318 317 24
f 494 311 493
f 311 494 309
f 499 317 498
f 493 317 499
f 493 311 317
f 317 319 498
f 1380 1381 1382
f 1385 1380 1386
f 1385 1387 1380
f 1380 1382 1386
f 1387 1389 1390
f 1387 1385 1389
f 1380 1539 1540
f 1542 1380 1540
f 1542 1381 1380
f 1542 1543 1381
f 1545 1547 1546
f 1545 1387 1547
f 1539 1387 1545
f 1539 1380 1387
f 1547 1548 1549
f 1548 1387 1390
f 1548 1547 1387
f 1730 1732 1731
f 1730 1547 1732
f 1547 1730 1546
f 1732 1733 1734
f 1733 1547 1549
f 1733 1732 1547

#List of body polygons
f 27 29 28
f 27 30 29
f 30 27 31
f 33 29 34
f 33 35 29
f 34 30 36
f 34 29 30
f 35 37 38
f 35 33 37
f 307 309 308
f 307 310 309
f 314 310 307
f 314 315 310
f 318 320 319
f 318 29 320
f 29 318 28
f 35 321 320
f 35 320 29
f 321 322 323
f 322 35 38
f 322 321 35
f 492 493 491
f 492 494 493
f 494 308 309
f 494 492 308
f 495 497 496
f 495 498 497
f 495 499 498
f 491 499 495
f 491 493 499
f 320 500 497
f 319 497 498
f 319 320 497
f 502 321 503
f 502 500 321
f 321 500 320
f 321 323 503
f 654 497 653
f 497 654 496
f 500 655 656
f 653 500 656
f 653 497 500
f 500 502 655
f 1127 1128 1129
f 1130 1127 1131
f 1130 1132 1127
f 1127 1129 1131
f 1132 1133 1134
f 1132 1130 1133
f 1381 1383 1382
f 1381 1384 1383
f 1127 1385 1386
f 1382 1127 1386
f 1382 1128 1127
f 1382 1388 1128
f 1389 1391 1390
f 1389 1132 1391
f 1385 1132 1389
f 1385 1127 1132
f 1392 1391 1393
f 1392 1394 1391
f 1393 1132 1134
f 1393 1391 1132
f 1394 1395 1396
f 1394 1392 1395
f 1543 1384 1381
f 1543 1544 1384
f 1548 1550 1549
f 1548 1391 1550
f 1391 1548 1390
f 1394 1551 1550
f 1394 1550 1391
f 1551 1552 1553
f 1552 1394 1396
f 1552 1551 1394
f 1733 1735 1734
f 1733 1550 1735
f 1550 1733 1549
f 1737 1551 1738
f 1737 1735 1551
f 1551 1735 1550
f 1551 1553 1738

#List of body polygons
f 32 33 34
f 32 34 36
f 37 39 38
f 37 40 39
f 33 40 37
f 33 32 40
f 41 42 39
f 41 39 40
f 43 44 42
f 43 42 41
f 45 46 44
f 45 44 43
f 47 48 46
f 47 46 45
f 49 50 48
f 49 48 47
f 51 52 50
f 51 50 49
f 53 54 52
f 53 52 51
f 55 56 54
f 55 54 53
f 57 58 56
f 57 56 55
f 59 60 58
f 59 58 57
f 61 62 60
f 61 60 59
f 63 64 62
f 63 62 61
f 65 66 64
f 65 64 63
f 67 68 66
f 67 66 65
f 69 70 68
f 69 68 67
f 71 72 70
f 71 70 69
f 73 74 72
f 73 72 71
f 75 76 74
f 75 74 73
f 77 78 76
f 77 76 75
f 79 80 78
f 79 78 77
f 81 82 80
f 81 80 79
f 83 84 82
f 83 82 81
f 85 86 84
f 85 84 83
f 87 88 86
f 87 86 85
f 89 90 88
f 89 88 87
f 91 92 90
f 91 90 89
f 93 94 92
f 93 92 91
f 95 96 94
f 95 94 93
f 97 98 96
f 97 96 95
f 99 100 98
f 99 98 97
f 101 102 100
f 101 100 99
f 104 106 105
f 104 102 106
f 106 102 101
f 107 108 109
f 105 107 109
f 105 106 107
f 111 112 113
f 108 111 113
f 108 107 111
f 115 116 117
f 112 115 117
f 112 111 115
f 119 120 121
f 116 119 121
f 116 115 119
f 123 124 125
f 120 123 125
f 120 119 123
f 127 128 129
f 124 127 129
f 124 123 127
f 131 132 133
f 128 131 133
f 128 127 131
f 135 136 137
f 132 135 137
f 132 131 135
f 139 140 141
f 136 139 141
f 136 135 139
f 143 144 145
f 140 143 145
f 140 139 143
f 147 148 149
f 144 147 149
f 144 143 147
f 151 152 153
f 148 151 153
f 148 147 151
f 155 156 157
f 152 155 157
f 152 151 155
f 159 160 161
f 156 159 161
f 156 155 159
f 163 164 165
f 160 163 165
f 160 159 163
f 167 168 169
f 164 167 169
f 164 163 167
f 171 172 173
f 168 171 173
f 168 167 171
f 175 176 177
f 172 175 177
f 172 171 175
f 179 180 181
f 176 179 181
f 176 175 179
f 183 184 185
f 180 183 185
f 180 179 183
f 187 188 189
f 184 187 189
f 184 183 187
f 191 192 193
f 188 191 193
f 188 187 191
f 195 196 197
f 192 195 197
f 192 191 195
f 199 200 201
f 196 199 201
f 196 195 199
f 203 204 205
f 200 203 205
f 200 199 203
f 207 208 209
f 204 207 209
f 204 203 207
f 211 212 213
f 208 211 213
f 208 207 211
f 215 216 217
f 212 215 217
f 212 211 215
f 219 220 221
f 216 219 221
f 216 215 219
f 223 224 225
f 220 223 225
f 220 219 223
f 227 228 229
f 224 227 229
f 224 223 227
f 231 232 233
f 228 231 233
f 228 227 231
f 235 236 237
f 232 235 237
f 232 231 235
f 239 240 241
f 236 239 241
f 236 235 239
f 243 244 245
f 240 243 245
f 240 239 243
f 243 249 244
f 303 305 304
f 303 7 305
f 306 7 303
f 306 6 7
f 305 307 308
f 305 314 307
f 322 324 323
f 322 39 324
f 39 322 38
f 42 325 324
f 42 324 39
f 327 44 328
f 327 325 44
f 44 325 42
f 46 329 330
f 328 46 330
f 328 44 46
f 48 332 333
f 329 48 333
f 329 46 48
f 50 335 336
f 332 50 336
f 332 48 50
f 52 338 339
f 335 52 339
f 335 50 52
f 54 341 342
f 338 54 342
f 338 52 54
f 56 344 345
f 341 56 345
f 341 54 56
f 58 347 348
f 344 58 348
f 344 56 58
f 60 350 351
f 347 60 351
f 347 58 60
f 62 353 354
f 350 62 354
f 350 60 62
f 64 356 357
f 353 64 357
f 353 62 64
f 66 359 360
f 356 66 360
f 356 64 66
f 68 362 363
f 359 68 363
f 359 66 68
f 70 365 366
f 362 70 366
f 362 68 70
f 72 368 369
f 365 72 369
f 365 70 72
f 74 371 372
f 368 74 372
f 368 72 74
f 76 374 375
f 371 76 375
f 371 74 76
f 78 377 378
f 374 78 378
f 374 76 78
f 80 380 381
f 377 80 381
f 377 78 80
f 82 383 384
f 380 82 384
f 380 80 82
f 84 386 387
f 383 84 387
f 383 82 84
f 86 389 390
f 386 86 390
f 386 84 86
f 88 392 393
f 389 88 393
f 389 86 88
f 90 395 396
f 392 90 396
f 392 88 90
f 92 398 399
f 395 92 399
f 395 90 92
f 94 401 402
f 398 94 402
f 398 92 94
f 96 404 405
f 401 96 405
f 401 94 96
f 98 407 408
f 404 98 408
f 404 96 98
f 100 410 411
f 407 100 411
f 407 98 100
f 102 413 414
f 410 102 414
f 410 100 102
f 102 104 413
f 305 479 480
f 305 480 304
f 489 490 488
f 489 491 490
f 489 492 491
f 492 305 308
f 492 479 305
f 492 489 479
f 490 495 496
f 490 491 495
f 501 502 503
f 324 504 501
f 323 501 503
f 323 324 501
f 506 325 507
f 506 504 325
f 325 504 324
f 325 327 507
f 649 490 648
f 490 649 488
f 650 652 651
f 650 653 652
f 650 654 653
f 654 490 496
f 654 648 490
f 654 650 648
f 655 652 656
f 655 657 652
f 652 653 656
f 501 658 657
f 502 657 655
f 502 501 657
f 660 504 661
f 660 658 504
f 504 658 501
f 504 506 661
f 899 901 900
f 899 652 901
f 652 899 651
f 657 902 901
f 657 901 652
f 658 903 902
f 658 902 657
f 903 904 905
f 904 658 660
f 904 903 658
f 1012 1014 1013
f 1012 901 1014
f 901 1012 900
f 902 1015 1014
f 902 1014 901
f 903 1016 1015
f 903 1015 902
f 1016 1017 1018
f 1017 903 905
f 1017 1016 903
f 1122 1123 1124
f 1128 1014 1129
f 1128 1122 1014
f 1013 1122 1124
f 1013 1014 1122
f 1015 1130 1131
f 1129 1015 1131
f 1129 1014 1015
f 1133 1135 1134
f 1133 1016 1135
f 1130 1016 1133
f 1130 1015 1016
f 1136 1135 1137
f 1136 1138 1135
f 1137 1016 1018
f 1137 1135 1016
f 1138 1139 1140
f 1138 1136 1139
f 1377 1378 1376
f 1384 1122 1383
f 1384 1378 1122
f 1123 1378 1377
f 1123 1122 1378
f 1388 1122 1128
f 1135 1392 1393
f 1135 1393 1134
f 1395 1397 1396
f 1395 1138 1397
f 1392 1138 1395
f 1392 1135 1138
f 1398 1397 1399
f 1398 1400 1397
f 1399 1138 1140
f 1399 1397 1138
f 1400 1401 1402
f 1400 1398 1401
f 1378 1536 1537
f 1376 1537 1538
f 1376 1378 1537
f 1544 1378 1384
f 1552 1554 1553
f 1552 1397 1554
f 1397 1552 1396
f 1400 1555 1554
f 1400 1554 1397
f 1556 1555 1557
f 1556 1558 1555
f 1557 1400 1402
f 1557 1555 1400
f 1559 1558 1560
f 1559 1561 1558
f 1558 1556 1560
f 1562 1561 1563
f 1562 1564 1561
f 1561 1559 1563
f 1565 1564 1566
f 1565 1567 1564
f 1564 1562 1566
f 1568 1567 1569
f 1568 1570 1567
f 1567 1565 1569
f 1571 1570 1572
f 1571 1573 1570
f 1570 1568 1572
f 1574 1573 1575
f 1574 1576 1573
f 1573 1571 1575
f 1577 1576 1578
f 1577 1579 1576
f 1576 1574 1578
f 1580 1579 1581
f 1580 1582 1579
f 1579 1577 1581
f 1583 1582 1584
f 1583 1585 1582
f 1582 1580 1584
f 1586 1585 1587
f 1586 1588 1585
f 1585 1583 1587
f 1589 1588 1590
f 1589 1591 1588
f 1588 1586 1590
f 1592 1591 1593
f 1592 1594 1591
f 1591 1589 1593
f 1595 1594 1596
f 1595 1597 1594
f 1594 1592 1596
f 1598 1597 1599
f 1598 1600 1597
f 1597 1595 1599
f 1601 1600 1602
f 1601 1603 1600
f 1600 1598 1602
f 1604 1603 1605
f 1604 1606 1603
f 1603 1601 1605
f 1607 1606 1608
f 1607 1609 1606
f 1606 1604 1608
f 1610 1609 1611
f 1610 1612 1609
f 1609 1607 1611
f 1613 1612 1614
f 1613 1615 1612
f 1612 1610 1614
f 1616 1615 1617
f 1616 1618 1615
f 1615 1613 1617
f 1619 1618 1620
f 1619 1621 1618
f 1618 1616 1620
f 1622 1621 1623
f 1622 1624 1621
f 1621 1619 1623
f 1625 1624 1626
f 1625 1627 1624
f 1624 1622 1626
f 1628 1627 1629
f 1628 1630 1627
f 1627 1625 1629
f 1631 1630 1632
f 1631 1633 1630
f 1630 1628 1632
f 1634 1633 1635
f 1634 1636 1633
f 1633 1631 1635
f 1637 1636 1638
f 1637 1639 1636
f 1636 1634 1638
f 1640 1639 1641
f 1640 1642 1639
f 1639 1637 1641
f 1643 1642 1644
f 1643 1645 1642
f 1642 1640 1644
f 1645 1646 1647
f 1645 1643 1646
f 1736 1737 1738
f 1554 1739 1736
f 1553 1736 1738
f 1553 1554 1736
f 1555 1740 1739
f 1555 1739 1554
f 1558 1741 1740
f 1558 1740 1555
f 1561 1742 1741
f 1561 1741 1558
f 1564 1743 1742
f 1564 1742 1561
f 1567 1744 1743
f 1567 1743 1564
f 1570 1745 1744
f 1570 1744 1567
f 1573 1746 1745
f 1573 1745 1570
f 1576 1747 1746
f 1576 1746 1573
f 1579 1748 1747
f 1579 1747 1576
f 1582 1749 1748
f 1582 1748 1579
f 1585 1750 1749
f 1585 1749 1582
f 1588 1751 1750
f 1588 1750 1585
f 1591 1752 1751
f 1591 1751 1588
f 1594 1753 1752
f 1594 1752 1591
f 1597 1754 1753
f 1597 1753 1594
f 1600 1755 1754
f 1600 1754 1597
f 1603 1756 1755
f 1603 1755 1600
f 1606 1757 1756
f 1606 1756 1603
f 1609 1758 1757
f 1609 1757 1606
f 1612 1759 1758
f 1612 1758 1609
f 1615 1760 1759
f 1615 1759 1612
f 1618 1761 1760
f 1618 1760 1615
f 1621 1762 1761
f 1621 1761 1618
f 1624 1763 1762
f 1624 1762 1621
f 1627 1764 1763
f 1627 1763 1624
f 1630 1765 1764
f 1630 1764 1627
f 1633 1766 1765
f 1633 1765 1630
f 1636 1767 1766
f 1636 1766 1633
f 1639 1768 1767
f 1639 1767 1636
f 1642 1769 1768
f 1642 1768 1639
f 1645 1770 1769
f 1645 1769 1642
f 1771 1770 1772
f 1771 1773 1770
f 1772 1645 1647
f 1772 1770 1645
f 1774 1773 1775
f 1774 1776 1773
f 1773 1771 1775
f 1777 1776 1778
f 1777 1779 1776
f 1776 1774 1778
f 1780 1779 1781
f 1780 1782 1779
f 1779 1777 1781
f 1783 1782 1784
f 1783 1785 1782
f 1782 1780 1784
f 1786 1785 1787
f 1786 1788 1785
f 1785 1783 1787
f 1789 1788 1790
f 1789 1791 1788
f 1788 1786 1790
f 1792 1791 1793
f 1792 1794 1791
f 1791 1789 1793
f 1795 1794 1796
f 1795 1797 1794
f 1794 1792 1796
f 1798 1797 1799
f 1798 1800 1797
f 1797 1795 1799
f 1801 1800 1802
f 1801 1803 1800
f 1800 1798 1802
f 1804 1803 1805
f 1804 1806 1803
f 1803 1801 1805
f 1807 1806 1808
f 1807 1809 1806
f 1806 1804 1808
f 1810 1809 1811
f 1810 1812 1809
f 1809 1807 1811
f 1813 1812 1814
f 1813 1815 1812
f 1812 1810 1814
f 1816 1815 1817
f 1816 1818 1815
f 1815 1813 1817
f 1819 1818 1820
f 1819 1821 1818
f 1818 1816 1820
f 1822 1821 1823
f 1822 1824 1821
f 1821 1819 1823
f 1825 1824 1826
f 1825 1827 1824
f 1824 1822 1826
f 1828 1827 1829
f 1828 1830 1827
f 1827 1825 1829
f 1831 1830 1832
f 1831 1833 1830
f 1830 1828 1832
f 1834 1833 1835
f 1834 1836 1833
f 1833 1831 1835
f 1837 1836 1838
f 1837 1839 1836
f 1836 1834 1838
f 1840 1839 1841
f 1840 1842 1839
f 1839 1837 1841
f 1843 1842 1844
f 1843 1845 1842
f 1842 1840 1844
f 1846 1845 1847
f 1846 1848 1845
f 1845 1843 1847
f 1849 1848 1850
f 1849 1851 1848
f 1848 1846 1850
f 1852 1851 1853
f 1852 1854 1851
f 1851 1849 1853
f 1855 1854 1856
f 1855 1857 1854
f 1854 1852 1856
f 1858 1857 1859
f 1858 1860 1857
f 1857 1855 1859
f 1861 1860 1862
f 1861 1863 1860
f 1860 1858 1862
f 1864 1863 1865
f 1864 1866 1863
f 1863 1861 1865
f 1867 1866 1868
f 1867 1869 1866
f 1866 1870 1868
f 1871 1869 1872
f 1871 1873 1869
f 1869 1867 1872
f 1874 1873 1875
f 1874 1876 1873
f 1873 1871 1875
f 1877 1876 1878
f 1877 1879 1876
f 1876 1874 1878
f 1879 1880 1881
f 1879 1877 1880

#List of body polygons
f 103 104 105
f 108 103 109
f 108 110 103
f 103 105 109
f 112 110 113
f 112 114 110
f 110 108 113
f 116 114 117
f 116 118 114
f 114 112 117
f 120 118 121
f 120 122 118
f 118 116 121
f 124 122 125
f 124 126 122
f 122 120 125
f 128 126 129
f 128 130 126
f 126 124 129
f 132 130 133
f 132 134 130
f 130 128 133
f 136 134 137
f 136 138 134
f 134 132 137
f 140 138 141
f 140 142 138
f 138 136 141
f 144 142 145
f 144 146 142
f 142 140 145
f 148 146 149
f 148 150 146
f 146 144 149
f 152 150 153
f 152 154 150
f 150 148 153
f 156 154 157
f 156 158 154
f 154 152 157
f 160 158 161
f 160 162 158
f 158 156 161
f 164 162 165
f 164 166 162
f 162 160 165
f 168 166 169
f 168 170 166
f 166 164 169
f 172 170 173
f 172 174 170
f 170 168 173
f 176 174 177
f 176 178 174
f 174 172 177
f 180 178 181
f 180 182 178
f 178 176 181
f 184 182 185
f 184 186 182
f 182 180 185
f 188 186 189
f 188 190 186
f 186 184 189
f 192 190 193
f 192 194 190
f 190 188 193
f 196 194 197
f 196 198 194
f 194 192 197
f 200 198 201
f 200 202 198
f 198 196 201
f 204 202 205
f 204 206 202
f 202 200 205
f 208 206 209
f 208 210 206
f 206 204 209
f 212 210 213
f 212 214 210
f 210 208 213
f 216 214 217
f 216 218 214
f 214 212 217
f 220 218 221
f 220 222 218
f 218 216 221
f 224 222 225
f 224 226 222
f 222 220 225
f 228 226 229
f 228 230 226
f 226 224 229
f 232 230 233
f 232 234 230
f 230 228 233
f 236 234 237
f 236 238 234
f 234 232 237
f 240 238 241
f 240 242 238
f 238 236 241
f 244 242 245
f 244 246 242
f 242 240 245
f 247 248 246
f 249 246 244
f 249 247 246
f 250 251 248
f 250 248 247
f 252 253 251
f 252 251 250
f 254 255 253
f 254 253 252
f 256 257 255
f 256 255 254
f 258 259 257
f 258 257 256
f 260 261 259
f 260 259 258
f 262 263 261
f 262 261 260
f 264 265 263
f 264 263 262
f 266 267 265
f 266 265 264
f 268 269 267
f 268 267 266
f 270 271 269
f 270 269 268
f 272 273 271
f 272 271 270
f 274 275 273
f 274 273 272
f 276 277 275
f 276 275 274
f 278 279 277
f 278 277 276
f 280 281 279
f 280 279 278
f 282 283 281
f 282 281 280
f 284 285 283
f 284 283 282
f 286 287 285
f 286 285 284
f 288 289 287
f 288 287 286
f 290 291 289
f 290 289 288
f 292 293 291
f 292 291 290
f 294 295 293
f 294 293 292
f 296 297 295
f 296 295 294
f 298 299 297
f 298 297 296
f 300 301 299
f 300 299 298
f 302 303 304
f 302 306 303
f 326 327 328
f 329 326 330
f 329 331 326
f 326 328 330
f 332 331 333
f 332 334 331
f 331 329 333
f 335 334 336
f 335 337 334
f 334 332 336
f 338 337 339
f 338 340 337
f 337 335 339
f 341 340 342
f 341 343 340
f 340 338 342
f 344 343 345
f 344 346 343
f 343 341 345
f 347 346 348
f 347 349 346
f 346 344 348
f 350 349 351
f 350 352 349
f 349 347 351
f 353 352 354
f 353 355 352
f 352 350 354
f 356 355 357
f 356 358 355
f 355 353 357
f 359 358 360
f 359 361 358
f 358 356 360
f 362 361 363
f 362 364 361
f 361 359 363
f 365 364 366
f 365 367 364
f 364 362 366
f 368 367 369
f 368 370 367
f 367 365 369
f 371 370 372
f 371 373 370
f 370 368 372
f 374 373 375
f 374 376 373
f 373 371 375
f 377 376 378
f 377 379 376
f 376 374 378
f 380 379 381
f 380 382 379
f 379 377 381
f 383 382 384
f 383 385 382
f 382 380 384
f 386 385 387
f 386 388 385
f 385 383 387
f 389 388 390
f 389 391 388
f 388 386 390
f 392 391 393
f 392 394 391
f 391 389 393
f 395 394 396
f 395 397 394
f 394 392 396
f 398 397 399
f 398 400 397
f 397 395 399
f 401 400 402
f 401 403 400
f 400 398 402
f 404 403 405
f 404 406 403
f 403 401 405
f 407 406 408
f 407 409 406
f 406 404 408
f 410 409 411
f 410 412 409
f 409 407 411
f 413 412 414
f 413 415 412
f 412 410 414
f 103 416 415
f 104 415 413
f 104 103 415
f 110 417 416
f 110 416 103
f 114 418 417
f 114 417 110
f 118 419 418
f 118 418 114
f 122 420 419
f 122 419 118
f 126 421 420
f 126 420 122
f 130 422 421
f 130 421 126
f 134 423 422
f 134 422 130
f 138 424 423
f 138 423 134
f 142 425 424
f 142 424 138
f 146 426 425
f 146 425 142
f 150 427 426
f 150 426 146
f 154 428 427
f 154 427 150
f 158 429 428
f 158 428 154
f 162 430 429
f 162 429 158
f 166 431 430
f 166 430 162
f 170 432 431
f 170 431 166
f 174 433 432
f 174 432 170
f 178 434 433
f 178 433 174
f 182 435 434
f 182 434 178
f 186 436 435
f 186 435 182
f 190 437 436
f 190 436 186
f 194 438 437
f 194 437 190
f 198 439 438
f 198 438 194
f 202 440 439
f 202 439 198
f 206 441 440
f 206 440 202
f 210 442 441
f 210 441 206
f 214 443 442
f 214 442 210
f 218 444 443
f 218 443 214
f 222 445 444
f 222 444 218
f 226 446 445
f 226 445 222
f 230 447 446
f 230 446 226
f 234 448 447
f 234 447 230
f 238 449 448
f 238 448 234
f 242 450 449
f 242 449 238
f 246 451 450
f 246 450 242
f 248 452 451
f 248 451 246
f 251 453 452
f 251 452 248
f 253 454 453
f 253 453 251
f 255 455 454
f 255 454 253
f 257 456 455
f 257 455 255
f 259 457 456
f 259 456 257
f 261 458 457
f 261 457 259
f 263 459 458
f 263 458 261
f 265 460 459
f 265 459 263
f 267 461 460
f 267 460 265
f 269 462 461
f 269 461 267
f 271 463 462
f 271 462 269
f 273 464 463
f 273 463 271
f 275 465 464
f 275 464 273
f 277 466 465
f 277 465 275
f 279 467 466
f 279 466 277
f 281 468 467
f 281 467 279
f 283 469 468
f 283 468 281
f 285 470 469
f 285 469 283
f 287 471 470
f 287 470 285
f 289 472 471
f 289 471 287
f 291 473 472
f 291 472 289
f 293 474 473
f 293 473 291
f 295 475 474
f 295 474 293
f 297 476 475
f 297 475 295
f 299 477 476
f 299 476 297
f 301 478 477
f 301 477 299
f 479 481 480
f 479 482 481
f 480 302 304
f 480 485 302
f 480 481 485
f 486 488 487
f 486 489 488
f 489 482 479
f 489 486 482
f 505 506 507
f 326 508 505
f 327 505 507
f 327 326 505
f 331 509 508
f 331 508 326
f 334 510 509
f 334 509 331
f 337 511 510
f 337 510 334
f 340 512 511
f 340 511 337
f 343 513 512
f 343 512 340
f 346 514 513
f 346 513 343
f 349 515 514
f 349 514 346
f 352 516 515
f 352 515 349
f 355 517 516
f 355 516 352
f 358 518 517
f 358 517 355
f 361 519 518
f 361 518 358
f 364 520 519
f 364 519 361
f 367 521 520
f 367 520 364
f 370 522 521
f 370 521 367
f 373 523 522
f 373 522 370
f 376 524 523
f 376 523 373
f 379 525 524
f 379 524 376
f 382 526 525
f 382 525 379
f 385 527 526
f 385 526 382
f 388 528 527
f 388 527 385
f 391 529 528
f 391 528 388
f 394 530 529
f 394 529 391
f 397 531 530
f 397 530 394
f 400 532 531
f 400 531 397
f 403 533 532
f 403 532 400
f 406 534 533
f 406 533 403
f 409 535 534
f 409 534 406
f 412 536 535
f 412 535 409
f 415 537 536
f 415 536 412
f 416 538 537
f 416 537 415
f 417 539 538
f 417 538 416
f 418 540 539
f 418 539 417
f 419 541 540
f 419 540 418
f 420 542 541
f 420 541 419
f 421 543 542
f 421 542 420
f 422 544 543
f 422 543 421
f 423 545 544
f 423 544 422
f 424 546 545
f 424 545 423
f 425 547 546
f 425 546 424
f 426 548 547
f 426 547 425
f 427 549 548
f 427 548 426
f 428 550 549
f 428 549 427
f 429 551 550
f 429 550 428
f 430 552 551
f 430 551 429
f 431 553 552
f 431 552 430
f 432 554 553
f 432 553 431
f 433 555 554
f 433 554 432
f 434 556 555
f 434 555 433
f 435 557 556
f 435 556 434
f 436 558 557
f 436 557 435
f 437 559 558
f 437 558 436
f 438 560 559
f 438 559 437
f 439 561 560
f 439 560 438
f 440 562 561
f 440 561 439
f 441 563 562
f 441 562 440
f 442 564 563
f 442 563 441
f 443 565 564
f 443 564 442
f 444 566 565
f 444 565 443
f 445 567 566
f 445 566 444
f 446 568 567
f 446 567 445
f 447 569 568
f 447 568 446
f 448 570 569
f 448 569 447
f 449 571 570
f 449 570 448
f 450 572 571
f 450 571 449
f 451 573 572
f 451 572 450
f 452 574 573
f 452 573 451
f 453 575 574
f 453 574 452
f 577 454 578
f 577 575 454
f 454 575 453
f 455 579 580
f 578 455 580
f 578 454 455
f 456 582 583
f 579 456 583
f 579 455 456
f 457 585 586
f 582 457 586
f 582 456 457
f 458 588 589
f 585 458 589
f 585 457 458
f 459 591 592
f 588 459 592
f 588 458 459
f 460 594 595
f 591 460 595
f 591 459 460
f 461 597 598
f 594 461 598
f 594 460 461
f 462 600 601
f 597 462 601
f 597 461 462
f 463 603 604
f 600 463 604
f 600 462 463
f 464 606 607
f 603 464 607
f 603 463 464
f 465 609 610
f 606 465 610
f 606 464 465
f 466 612 613
f 609 466 613
f 609 465 466
f 467 615 616
f 612 467 616
f 612 466 467
f 468 618 619
f 615 468 619
f 615 467 468
f 469 621 622
f 618 469 622
f 618 468 469
f 470 624 625
f 621 470 625
f 621 469 470
f 471 627 628
f 624 471 628
f 624 470 471
f 472 630 631
f 627 472 631
f 627 471 472
f 473 633 634
f 630 473 634
f 630 472 473
f 636 638 637
f 636 474 638
f 633 474 636
f 633 473 474
f 475 639 638
f 475 638 474
f 476 640 639
f 476 639 475
f 477 641 640
f 477 640 476
f 478 642 641
f 478 641 477
f 645 647 646
f 645 648 647
f 645 649 648
f 649 487 488
f 649 645 487
f 647 650 651
f 650 647 648
f 659 660 661
f 505 662 659
f 506 659 661
f 506 505 659
f 508 663 662
f 508 662 505
f 665 509 666
f 665 663 509
f 509 663 508
f 510 667 668
f 666 510 668
f 666 509 510
f 511 670 671
f 667 511 671
f 667 510 511
f 512 673 674
f 670 512 674
f 670 511 512
f 513 676 677
f 673 513 677
f 673 512 513
f 514 679 680
f 676 514 680
f 676 513 514
f 515 682 683
f 679 515 683
f 679 514 515
f 516 685 686
f 682 516 686
f 682 515 516
f 517 688 689
f 685 517 689
f 685 516 517
f 518 691 692
f 688 518 692
f 688 517 518
f 519 694 695
f 691 519 695
f 691 518 519
f 520 697 698
f 694 520 698
f 694 519 520
f 521 700 701
f 697 521 701
f 697 520 521
f 522 703 704
f 700 522 704
f 700 521 522
f 523 706 707
f 703 523 707
f 703 522 523
f 524 709 710
f 706 524 710
f 706 523 524
f 525 712 713
f 709 525 713
f 709 524 525
f 526 715 716
f 712 526 716
f 712 525 526
f 527 718 719
f 715 527 719
f 715 526 527
f 528 721 722
f 718 528 722
f 718 527 528
f 529 724 725
f 721 529 725
f 721 528 529
f 530 727 728
f 724 530 728
f 724 529 530
f 531 730 731
f 727 531 731
f 727 530 531
f 532 733 734
f 730 532 734
f 730 531 532
f 533 736 737
f 733 533 737
f 733 532 533
f 534 739 740
f 736 534 740
f 736 533 534
f 535 742 743
f 739 535 743
f 739 534 535
f 536 745 746
f 742 536 746
f 742 535 536
f 537 748 749
f 745 537 749
f 745 536 537
f 538 751 752
f 748 538 752
f 748 537 538
f 539 754 755
f 751 539 755
f 751 538 539
f 540 757 758
f 754 540 758
f 754 539 540
f 541 760 761
f 757 541 761
f 757 540 541
f 542 763 764
f 760 542 764
f 760 541 542
f 543 766 767
f 763 543 767
f 763 542 543
f 544 769 770
f 766 544 770
f 766 543 544
f 545 772 773
f 769 545 773
f 769 544 545
f 546 775 776
f 772 546 776
f 772 545 546
f 547 778 779
f 775 547 779
f 775 546 547
f 548 781 782
f 778 548 782
f 778 547 548
f 549 784 785
f 781 549 785
f 781 548 549
f 550 787 788
f 784 550 788
f 784 549 550
f 551 790 791
f 787 551 791
f 787 550 551
f 552 793 794
f 790 552 794
f 790 551 552
f 553 796 797
f 793 553 797
f 793 552 553
f 554 799 800
f 796 554 800
f 796 553 554
f 555 802 803
f 799 555 803
f 799 554 555
f 556 805 806
f 802 556 806
f 802 555 556
f 557 808 809
f 805 557 809
f 805 556 557
f 558 811 812
f 808 558 812
f 808 557 558
f 559 814 815
f 811 559 815
f 811 558 559
f 560 817 818
f 814 560 818
f 814 559 560
f 561 820 821
f 817 561 821
f 817 560 561
f 562 823 824
f 820 562 824
f 820 561 562
f 563 826 827
f 823 563 827
f 823 562 563
f 564 829 830
f 826 564 830
f 826 563 564
f 565 832 833
f 829 565 833
f 829 564 565
f 566 835 836
f 832 566 836
f 832 565 566
f 567 838 839
f 835 567 839
f 835 566 567
f 568 841 842
f 838 568 842
f 838 567 568
f 569 844 845
f 841 569 845
f 841 568 569
f 570 847 848
f 844 570 848
f 844 569 570
f 571 850 851
f 847 571 851
f 847 570 571
f 572 853 854
f 850 572 854
f 850 571 572
f 573 856 857
f 853 573 857
f 853 572 573
f 574 859 860
f 856 574 860
f 856 573 574
f 575 862 863
f 859 575 863
f 859 574 575
f 575 577 862
f 638 885 886
f 638 886 637
f 888 890 889
f 888 639 890
f 885 639 888
f 885 638 639
f 640 891 890
f 640 890 639
f 641 892 891
f 641 891 640
f 642 893 892
f 642 892 641
f 896 898 897
f 896 647 898
f 647 896 646
f 898 899 900
f 899 647 651
f 899 898 647
f 904 906 905
f 904 659 906
f 659 904 660
f 662 907 906
f 662 906 659
f 909 663 910
f 909 907 663
f 663 907 662
f 663 665 910
f 890 999 1000
f 890 1000 889
f 1002 1004 1003
f 1002 891 1004
f 999 891 1002
f 999 890 891
f 892 1005 1004
f 892 1004 891
f 893 1006 1005
f 893 1005 892
f 1009 1011 1010
f 1009 898 1011
f 898 1009 897
f 1011 1012 1013
f 1012 898 900
f 1012 1011 898
f 1017 1019 1018
f 1017 906 1019
f 906 1017 905
f 907 1020 1019
f 907 1019 906
f 1021 1020 1022
f 1021 1023 1020
f 1022 907 909
f 1022 1020 907
f 1023 1024 1025
f 1023 1021 1024
f 1114 1115 1116
f 1004 1117 1114
f 1003 1114 1116
f 1003 1004 1114
f 1005 1118 1117
f 1005 1117 1004
f 1006 1119 1118
f 1006 1118 1005
f 1123 1011 1124
f 1123 1125 1011
f 1123 1126 1125
f 1011 1125 1010
f 1011 1013 1124
f 1019 1136 1137
f 1019 1137 1018
f 1139 1141 1140
f 1139 1020 1141
f 1136 1020 1139
f 1136 1019 1020
f 1023 1142 1141
f 1023 1141 1020
f 1143 1142 1144
f 1143 1145 1142
f 1144 1023 1025
f 1144 1142 1023
f 1146 1145 1147
f 1146 1148 1145
f 1145 1143 1147
f 1149 1148 1150
f 1149 1151 1148
f 1148 1146 1150
f 1152 1151 1153
f 1152 1154 1151
f 1151 1149 1153
f 1155 1154 1156
f 1155 1157 1154
f 1154 1152 1156
f 1158 1157 1159
f 1158 1160 1157
f 1157 1155 1159
f 1161 1160 1162
f 1161 1163 1160
f 1160 1158 1162
f 1164 1163 1165
f 1164 1166 1163
f 1163 1161 1165
f 1167 1166 1168
f 1167 1169 1166
f 1166 1164 1168
f 1170 1169 1171
f 1170 1172 1169
f 1169 1167 1171
f 1173 1172 1174
f 1173 1175 1172
f 1172 1170 1174
f 1176 1175 1177
f 1176 1178 1175
f 1175 1173 1177
f 1179 1178 1180
f 1179 1181 1178
f 1178 1176 1180
f 1182 1181 1183
f 1182 1184 1181
f 1181 1179 1183
f 1185 1184 1186
f 1185 1187 1184
f 1184 1182 1186
f 1188 1187 1189
f 1188 1190 1187
f 1187 1185 1189
f 1191 1190 1192
f 1191 1193 1190
f 1190 1188 1192
f 1194 1193 1195
f 1194 1196 1193
f 1193 1191 1195
f 1197 1196 1198
f 1197 1199 1196
f 1196 1194 1198
f 1200 1199 1201
f 1200 1202 1199
f 1199 1197 1201
f 1203 1202 1204
f 1203 1205 1202
f 1202 1200 1204
f 1206 1205 1207
f 1206 1208 1205
f 1205 1203 1207
f 1209 1208 1210
f 1209 1211 1208
f 1208 1206 1210
f 1212 1211 1213
f 1212 1214 1211
f 1211 1209 1213
f 1215 1214 1216
f 1215 1217 1214
f 1214 1212 1216
f 1218 1217 1219
f 1218 1220 1217
f 1217 1215 1219
f 1221 1220 1222
f 1221 1223 1220
f 1220 1218 1222
f 1224 1223 1225
f 1224 1226 1223
f 1223 1221 1225
f 1227 1226 1228
f 1227 1229 1226
f 1226 1224 1228
f 1230 1229 1231
f 1230 1232 1229
f 1229 1227 1231
f 1233 1232 1234
f 1233 1235 1232
f 1232 1230 1234
f 1236 1235 1237
f 1236 1238 1235
f 1235 1233 1237
f 1239 1238 1240
f 1239 1241 1238
f 1238 1236 1240
f 1242 1241 1243
f 1242 1244 1241
f 1241 1239 1243
f 1245 1244 1246
f 1245 1247 1244
f 1244 1242 1246
f 1248 1247 1249
f 1248 1250 1247
f 1247 1245 1249
f 1251 1250 1252
f 1251 1253 1250
f 1250 1248 1252
f 1254 1253 1255
f 1254 1256 1253
f 1253 1251 1255
f 1257 1256 1258
f 1257 1259 1256
f 1256 1254 1258
f 1260 1259 1261
f 1260 1262 1259
f 1259 1257 1261
f 1263 1262 1264
f 1263 1265 1262
f 1262 1260 1264
f 1266 1265 1267
f 1266 1268 1265
f 1265 1263 1267
f 1269 1268 1270
f 1269 1271 1268
f 1268 1266 1270
f 1272 1271 1273
f 1272 1274 1271
f 1271 1269 1273
f 1275 1274 1276
f 1275 1277 1274
f 1274 1272 1276
f 1278 1277 1279
f 1278 1280 1277
f 1277 1275 1279
f 1281 1280 1282
f 1281 1283 1280
f 1280 1278 1282
f 1284 1283 1285
f 1284 1286 1283
f 1283 1281 1285
f 1287 1286 1288
f 1287 1289 1286
f 1286 1284 1288
f 1290 1289 1291
f 1290 1292 1289
f 1289 1287 1291
f 1293 1292 1294
f 1293 1295 1292
f 1292 1290 1294
f 1296 1295 1297
f 1296 1298 1295
f 1295 1293 1297
f 1299 1298 1300
f 1299 1301 1298
f 1298 1296 1300
f 1302 1301 1303
f 1302 1304 1301
f 1301 1299 1303
f 1305 1304 1306
f 1305 1307 1304
f 1304 1302 1306
f 1308 1307 1309
f 1308 1310 1307
f 1307 1305 1309
f 1311 1310 1312
f 1311 1313 1310
f 1310 1308 1312
f 1314 1313 1315
f 1314 1316 1313
f 1313 1311 1315
f 1317 1316 1318
f 1317 1319 1316
f 1316 1314 1318
f 1320 1319 1321
f 1320 1322 1319
f 1319 1317 1321
f 1323 1322 1324
f 1323 1325 1322
f 1322 1320 1324
f 1326 1325 1327
f 1326 1328 1325
f 1325 1323 1327
f 1329 1328 1330
f 1329 1331 1328
f 1328 1326 1330
f 1332 1331 1333
f 1332 1334 1331
f 1331 1329 1333
f 1335 1334 1336
f 1335 1337 1334
f 1334 1332 1336
f 1338 1337 1339
f 1338 1340 1337
f 1337 1335 1339
f 1341 1340 1342
f 1341 1343 1340
f 1340 1338 1342
f 1343 1344 1345
f 1343 1341 1344
f 1366 1367 1368
f 1114 1369 1366
f 1115 1366 1368
f 1115 1114 1366
f 1117 1370 1369
f 1117 1369 1114
f 1118 1371 1370
f 1118 1370 1117
f 1119 1372 1371
f 1119 1371 1118
f 1373 1375 1374
f 1373 1376 1375
f 1373 1377 1376
f 1375 1379 1374
f 1126 1377 1373
f 1126 1123 1377
f 1141 1398 1399
f 1141 1399 1140
f 1401 1403 1402
f 1401 1142 1403
f 1398 1142 1401
f 1398 1141 1142
f 1145 1404 1403
f 1145 1403 1142
f 1148 1405 1404
f 1148 1404 1145
f 1151 1406 1405
f 1151 1405 1148
f 1154 1407 1406
f 1154 1406 1151
f 1157 1408 1407
f 1157 1407 1154
f 1160 1409 1408
f 1160 1408 1157
f 1163 1410 1409
f 1163 1409 1160
f 1166 1411 1410
f 1166 1410 1163
f 1169 1412 1411
f 1169 1411 1166
f 1172 1413 1412
f 1172 1412 1169
f 1175 1414 1413
f 1175 1413 1172
f 1178 1415 1414
f 1178 1414 1175
f 1181 1416 1415
f 1181 1415 1178
f 1184 1417 1416
f 1184 1416 1181
f 1187 1418 1417
f 1187 1417 1184
f 1190 1419 1418
f 1190 1418 1187
f 1193 1420 1419
f 1193 1419 1190
f 1196 1421 1420
f 1196 1420 1193
f 1199 1422 1421
f 1199 1421 1196
f 1202 1423 1422
f 1202 1422 1199
f 1205 1424 1423
f 1205 1423 1202
f 1208 1425 1424
f 1208 1424 1205
f 1211 1426 1425
f 1211 1425 1208
f 1214 1427 1426
f 1214 1426 1211
f 1217 1428 1427
f 1217 1427 1214
f 1220 1429 1428
f 1220 1428 1217
f 1223 1430 1429
f 1223 1429 1220
f 1226 1431 1430
f 1226 1430 1223
f 1229 1432 1431
f 1229 1431 1226
f 1232 1433 1432
f 1232 1432 1229
f 1235 1434 1433
f 1235 1433 1232
f 1238 1435 1434
f 1238 1434 1235
f 1241 1436 1435
f 1241 1435 1238
f 1244 1437 1436
f 1244 1436 1241
f 1247 1438 1437
f 1247 1437 1244
f 1250 1439 1438
f 1250 1438 1247
f 1253 1440 1439
f 1253 1439 1250
f 1256 1441 1440
f 1256 1440 1253
f 1259 1442 1441
f 1259 1441 1256
f 1262 1443 1442
f 1262 1442 1259
f 1265 1444 1443
f 1265 1443 1262
f 1268 1445 1444
f 1268 1444 1265
f 1271 1446 1445
f 1271 1445 1268
f 1274 1447 1446
f 1274 1446 1271
f 1277 1448 1447
f 1277 1447 1274
f 1280 1449 1448
f 1280 1448 1277
f 1283 1450 1449
f 1283 1449 1280
f 1286 1451 1450
f 1286 1450 1283
f 1289 1452 1451
f 1289 1451 1286
f 1292 1453 1452
f 1292 1452 1289
f 1295 1454 1453
f 1295 1453 1292
f 1298 1455 1454
f 1298 1454 1295
f 1301 1456 1455
f 1301 1455 1298
f 1304 1457 1456
f 1304 1456 1301
f 1307 1458 1457
f 1307 1457 1304
f 1310 1459 1458
f 1310 1458 1307
f 1313 1460 1459
f 1313 1459 1310
f 1316 1461 1460
f 1316 1460 1313
f 1319 1462 1461
f 1319 1461 1316
f 1322 1463 1462
f 1322 1462 1319
f 1325 1464 1463
f 1325 1463 1322
f 1328 1465 1464
f 1328 1464 1325
f 1331 1466 1465
f 1331 1465 1328
f 1334 1467 1466
f 1334 1466 1331
f 1337 1468 1467
f 1337 1467 1334
f 1340 1469 1468
f 1340 1468 1337
f 1343 1470 1469
f 1343 1469 1340
f 1471 1470 1472
f 1471 1473 1470
f 1472 1343 1345
f 1472 1470 1343
f 1474 1473 1475
f 1474 1476 1473
f 1473 1471 1475
f 1477 1476 1478
f 1477 1479 1476
f 1476 1474 1478
f 1480 1479 1481
f 1480 1482 1479
f 1479 1477 1481
f 1483 1482 1484
f 1483 1485 1482
f 1482 1480 1484
f 1486 1485 1487
f 1486 1488 1485
f 1485 1483 1487
f 1489 1488 1490
f 1489 1491 1488
f 1488 1486 1490
f 1492 1491 1493
f 1492 1494 1491
f 1491 1489 1493
f 1495 1494 1496
f 1495 1497 1494
f 1494 1492 1496
f 1498 1497 1499
f 1498 1500 1497
f 1497 1495 1499
f 1501 1500 1502
f 1501 1503 1500
f 1500 1498 1502
f 1504 1503 1505
f 1504 1506 1503
f 1503 1501 1505
f 1507 1506 1508
f 1507 1509 1506
f 1506 1504 1508
f 1510 1509 1511
f 1510 1512 1509
f 1509 1507 1511
f 1513 1512 1514
f 1513 1515 1512
f 1512 1510 1514
f 1516 1515 1517
f 1516 1518 1515
f 1515 1513 1517
f 1519 1518 1520
f 1519 1521 1518
f 1518 1516 1520
f 1522 1521 1523
f 1522 1524 1521
f 1521 1519 1523
f 1525 1524 1526
f 1525 1527 1524
f 1524 1522 1526
f 1528 1527 1529
f 1528 1530 1527
f 1527 1525 1529
f 1366 1531 1530
f 1367 1530 1528
f 1367 1366 1530
f 1369 1532 1531
f 1369 1531 1366
f 1370 1533 1532
f 1370 1532 1369
f 1371 1534 1533
f 1371 1533 1370
f 1372 1535 1534
f 1372 1534 1371
f 1375 1376 1538
f 1403 1556 1557
f 1403 1557 1402
f 1404 1559 1560
f 1556 1404 1560
f 1556 1403 1404
f 1405 1562 1563
f 1559 1405 1563
f 1559 1404 1405
f 1406 1565 1566
f 1562 1406 1566
f 1562 1405 1406
f 1407 1568 1569
f 1565 1407 1569
f 1565 1406 1407
f 1408 1571 1572
f 1568 1408 1572
f 1568 1407 1408
f 1409 1574 1575
f 1571 1409 1575
f 1571 1408 1409
f 1410 1577 1578
f 1574 1410 1578
f 1574 1409 1410
f 1411 1580 1581
f 1577 1411 1581
f 1577 1410 1411
f 1412 1583 1584
f 1580 1412 1584
f 1580 1411 1412
f 1413 1586 1587
f 1583 1413 1587
f 1583 1412 1413
f 1414 1589 1590
f 1586 1414 1590
f 1586 1413 1414
f 1415 1592 1593
f 1589 1415 1593
f 1589 1414 1415
f 1416 1595 1596
f 1592 1416 1596
f 1592 1415 1416
f 1417 1598 1599
f 1595 1417 1599
f 1595 1416 1417
f 1418 1601 1602
f 1598 1418 1602
f 1598 1417 1418
f 1419 1604 1605
f 1601 1419 1605
f 1601 1418 1419
f 1420 1607 1608
f 1604 1420 1608
f 1604 1419 1420
f 1421 1610 1611
f 1607 1421 1611
f 1607 1420 1421
f 1422 1613 1614
f 1610 1422 1614
f 1610 1421 1422
f 1423 1616 1617
f 1613 1423 1617
f 1613 1422 1423
f 1424 1619 1620
f 1616 1424 1620
f 1616 1423 1424
f 1425 1622 1623
f 1619 1425 1623
f 1619 1424 1425
f 1426 1625 1626
f 1622 1426 1626
f 1622 1425 1426
f 1427 1628 1629
f 1625 1427 1629
f 1625 1426 1427
f 1428 1631 1632
f 1628 1428 1632
f 1628 1427 1428
f 1429 1634 1635
f 1631 1429 1635
f 1631 1428 1429
f 1430 1637 1638
f 1634 1430 1638
f 1634 1429 1430
f 1431 1640 1641
f 1637 1431 1641
f 1637 1430 1431
f 1432 1643 1644
f 1640 1432 1644
f 1640 1431 1432
f 1646 1648 1647
f 1646 1433 1648
f 1643 1433 1646
f 1643 1432 1433
f 1434 1649 1648
f 1434 1648 1433
f 1435 1650 1649
f 1435 1649 1434
f 1436 1651 1650
f 1436 1650 1435
f 1437 1652 1651
f 1437 1651 1436
f 1438 1653 1652
f 1438 1652 1437
f 1439 1654 1653
f 1439 1653 1438
f 1440 1655 1654
f 1440 1654 1439
f 1441 1656 1655
f 1441 1655 1440
f 1442 1657 1656
f 1442 1656 1441
f 1443 1658 1657
f 1443 1657 1442
f 1444 1659 1658
f 1444 1658 1443
f 1445 1660 1659
f 1445 1659 1444
f 1446 1661 1660
f 1446 1660 1445
f 1447 1662 1661
f 1447 1661 1446
f 1448 1663 1662
f 1448 1662 1447
f 1449 1664 1663
f 1449 1663 1448
f 1450 1665 1664
f 1450 1664 1449
f 1451 1666 1665
f 1451 1665 1450
f 1452 1667 1666
f 1452 1666 1451
f 1453 1668 1667
f 1453 1667 1452
f 1454 1669 1668
f 1454 1668 1453
f 1455 1670 1669
f 1455 1669 1454
f 1456 1671 1670
f 1456 1670 1455
f 1457 1672 1671
f 1457 1671 1456
f 1458 1673 1672
f 1458 1672 1457
f 1459 1674 1673
f 1459 1673 1458
f 1460 1675 1674
f 1460 1674 1459
f 1461 1676 1675
f 1461 1675 1460
f 1462 1677 1676
f 1462 1676 1461
f 1463 1678 1677
f 1463 1677 1462
f 1464 1679 1678
f 1464 1678 1463
f 1465 1680 1679
f 1465 1679 1464
f 1466 1681 1680
f 1466 1680 1465
f 1467 1682 1681
f 1467 1681 1466
f 1468 1683 1682
f 1468 1682 1467
f 1469 1684 1683
f 1469 1683 1468
f 1470 1685 1684
f 1470 1684 1469
f 1473 1686 1685
f 1473 1685 1470
f 1476 1687 1686
f 1476 1686 1473
f 1479 1688 1687
f 1479 1687 1476
f 1482 1689 1688
f 1482 1688 1479
f 1485 1690 1689
f 1485 1689 1482
f 1488 1691 1690
f 1488 1690 1485
f 1491 1692 1691
f 1491 1691 1488
f 1494 1693 1692
f 1494 1692 1491
f 1497 1694 1693
f 1497 1693 1494
f 1500 1695 1694
f 1500 1694 1497
f 1503 1696 1695
f 1503 1695 1500
f 1506 1697 1696
f 1506 1696 1503
f 1509 1698 1697
f 1509 1697 1506
f 1512 1699 1698
f 1512 1698 1509
f 1515 1700 1699
f 1515 1699 1512
f 1518 1701 1700
f 1518 1700 1515
f 1521 1702 1701
f 1521 1701 1518
f 1524 1703 1702
f 1524 1702 1521
f 1527 1704 1703
f 1527 1703 1524
f 1530 1705 1704
f 1530 1704 1527
f 1531 1706 1705
f 1531 1705 1530
f 1532 1707 1706
f 1532 1706 1531
f 1533 1708 1707
f 1533 1707 1532
f 1534 1709 1708
f 1534 1708 1533
f 1535 1710 1709
f 1535 1709 1534
f 1648 1771 1772
f 1648 1772 1647
f 1649 1774 1775
f 1771 1649 1775
f 1771 1648 1649
f 1650 1777 1778
f 1774 1650 1778
f 1774 1649 1650
f 1651 1780 1781
f 1777 1651 1781
f 1777 1650 1651
f 1652 1783 1784
f 1780 1652 1784
f 1780 1651 1652
f 1653 1786 1787
f 1783 1653 1787
f 1783 1652 1653
f 1654 1789 1790
f 1786 1654 1790
f 1786 1653 1654
f 1655 1792 1793
f 1789 1655 1793
f 1789 1654 1655
f 1656 1795 1796
f 1792 1656 1796
f 1792 1655 1656
f 1657 1798 1799
f 1795 1657 1799
f 1795 1656 1657
f 1658 1801 1802
f 1798 1658 1802
f 1798 1657 1658
f 1659 1804 1805
f 1801 1659 1805
f 1801 1658 1659
f 1660 1807 1808
f 1804 1660 1808
f 1804 1659 1660
f 1661 1810 1811
f 1807 1661 1811
f 1807 1660 1661
f 1662 1813 1814
f 1810 1662 1814
f 1810 1661 1662
f 1663 1816 1817
f 1813 1663 1817
f 1813 1662 1663
f 1664 1819 1820
f 1816 1664 1820
f 1816 1663 1664
f 1665 1822 1823
f 1819 1665 1823
f 1819 1664 1665
f 1666 1825 1826
f 1822 1666 1826
f 1822 1665 1666
f 1667 1828 1829
f 1825 1667 1829
f 1825 1666 1667
f 1668 1831 1832
f 1828 1668 1832
f 1828 1667 1668
f 1669 1834 1835
f 1831 1669 1835
f 1831 1668 1669
f 1670 1837 1838
f 1834 1670 1838
f 1834 1669 1670
f 1671 1840 1841
f 1837 1671 1841
f 1837 1670 1671
f 1672 1843 1844
f 1840 1672 1844
f 1840 1671 1672
f 1673 1846 1847
f 1843 1673 1847
f 1843 1672 1673
f 1674 1849 1850
f 1846 1674 1850
f 1846 1673 1674
f 1675 1852 1853
f 1849 1675 1853
f 1849 1674 1675
f 1676 1855 1856
f 1852 1676 1856
f 1852 1675 1676
f 1677 1858 1859
f 1855 1677 1859
f 1855 1676 1677
f 1678 1861 1862
f 1858 1678 1862
f 1858 1677 1678
f 1679 1864 1865
f 1861 1679 1865
f 1861 1678 1679
f 1680 1867 1868
f 1870 1680 1868
f 1870 1679 1680
f 1681 1871 1872
f 1867 1681 1872
f 1867 1680 1681
f 1682 1874 1875
f 1871 1682 1875
f 1871 1681 1682
f 1683 1877 1878
f 1874 1683 1878
f 1874 1682 1683
f 1880 1882 1881
f 1880 1684 1882
f 1877 1684 1880
f 1877 1683 1684
f 1685 1883 1882
f 1685 1882 1684
f 1686 1884 1883
f 1686 1883 1685
f 1687 1885 1884
f 1687 1884 1686
f 1688 1886 1885
f 1688 1885 1687
f 1689 1887 1886
f 1689 1886 1688
f 1690 1888 1887
f 1690 1887 1689
f 1691 1889 1888
f 1691 1888 1690
f 1692 1890 1889
f 1692 1889 1691
f 1693 1891 1890
f 1693 1890 1692
f 1694 1892 1891
f 1694 1891 1693
f 1695 1893 1892
f 1695 1892 1694
f 1696 1894 1893
f 1696 1893 1695
f 1697 1895 1894
f 1697 1894 1696
f 1698 1896 1895
f 1698 1895 1697
f 1699 1897 1896
f 1699 1896 1698
f 1700 1898 1897
f 1700 1897 1699
f 1701 1899 1898
f 1701 1898 1700
f 1702 1900 1899
f 1702 1899 1701
f 1703 1901 1900
f 1703 1900 1702
f 1704 1902 1901
f 1704 1901 1703
f 1705 1903 1902
f 1705 1902 1704
f 1706 1904 1903
f 1706 1903 1705
f 1707 1905 1904
f 1707 1904 1706
f 1708 1906 1905
f 1708 1905 1707
f 1709 1907 1906
f 1709 1906 1708
f 1710 1908 1907
f 1710 1907 1709

#List of body polygons
f 482 483 481
f 482 484 483
f 481 483 485
f 484 486 487
f 486 484 482
f 576 577 578
f 579 576 580
f 579 581 576
f 576 578 580
f 582 581 583
f 582 584 581
f 581 579 583
f 585 584 586
f 585 587 584
f 584 582 586
f 588 587 589
f 588 590 587
f 587 585 589
f 591 590 592
f 591 593 590
f 590 588 592
f 594 593 595
f 594 596 593
f 593 591 595
f 597 596 598
f 597 599 596
f 596 594 598
f 600 599 601
f 600 602 599
f 599 597 601
f 603 602 604
f 603 605 602
f 602 600 604
f 606 605 607
f 606 608 605
f 605 603 607
f 609 608 610
f 609 611 608
f 608 606 610
f 612 611 613
f 612 614 611
f 611 609 613
f 615 614 616
f 615 617 614
f 614 612 616
f 618 617 619
f 618 620 617
f 617 615 619
f 621 620 622
f 621 623 620
f 620 618 622
f 624 623 625
f 624 626 623
f 623 621 625
f 627 626 628
f 627 629 626
f 626 624 628
f 630 629 631
f 630 632 629
f 629 627 631
f 633 632 634
f 633 635 632
f 632 630 634
f 635 636 637
f 635 633 636
f 484 643 644
f 484 644 483
f 643 645 646
f 645 484 487
f 645 643 484
f 664 665 666
f 667 664 668
f 667 669 664
f 664 666 668
f 670 669 671
f 670 672 669
f 669 667 671
f 673 672 674
f 673 675 672
f 672 670 674
f 676 675 677
f 676 678 675
f 675 673 677
f 679 678 680
f 679 681 678
f 678 676 680
f 682 681 683
f 682 684 681
f 681 679 683
f 685 684 686
f 685 687 684
f 684 682 686
f 688 687 689
f 688 690 687
f 687 685 689
f 691 690 692
f 691 693 690
f 690 688 692
f 694 693 695
f 694 696 693
f 693 691 695
f 697 696 698
f 697 699 696
f 696 694 698
f 700 699 701
f 700 702 699
f 699 697 701
f 703 702 704
f 703 705 702
f 702 700 704
f 706 705 707
f 706 708 705
f 705 703 707
f 709 708 710
f 709 711 708
f 708 706 710
f 712 711 713
f 712 714 711
f 711 709 713
f 715 714 716
f 715 717 714
f 714 712 716
f 718 717 719
f 718 720 717
f 717 715 719
f 721 720 722
f 721 723 720
f 720 718 722
f 724 723 725
f 724 726 723
f 723 721 725
f 727 726 728
f 727 729 726
f 726 724 728
f 730 729 731
f 730 732 729
f 729 727 731
f 733 732 734
f 733 735 732
f 732 730 734
f 736 735 737
f 736 738 735
f 735 733 737
f 739 738 740
f 739 741 738
f 738 736 740
f 742 741 743
f 742 744 741
f 741 739 743
f 745 744 746
f 745 747 744
f 744 742 746
f 748 747 749
f 748 750 747
f 747 745 749
f 751 750 752
f 751 753 750
f 750 748 752
f 754 753 755
f 754 756 753
f 753 751 755
f 757 756 758
f 757 759 756
f 756 754 758
f 760 759 761
f 760 762 759
f 759 757 761
f 763 762 764
f 763 765 762
f 762 760 764
f 766 765 767
f 766 768 765
f 765 763 767
f 769 768 770
f 769 771 768
f 768 766 770
f 772 771 773
f 772 774 771
f 771 769 773
f 775 774 776
f 775 777 774
f 774 772 776
f 778 777 779
f 778 780 777
f 777 775 779
f 781 780 782
f 781 783 780
f 780 778 782
f 784 783 785
f 784 786 783
f 783 781 785
f 787 786 788
f 787 789 786
f 786 784 788
f 790 789 791
f 790 792 789
f 789 787 791
f 793 792 794
f 793 795 792
f 792 790 794
f 796 795 797
f 796 798 795
f 795 793 797
f 799 798 800
f 799 801 798
f 798 796 800
f 802 801 803
f 802 804 801
f 801 799 803
f 805 804 806
f 805 807 804
f 804 802 806
f 808 807 809
f 808 810 807
f 807 805 809
f 811 810 812
f 811 813 810
f 810 808 812
f 814 813 815
f 814 816 813
f 813 811 815
f 817 816 818
f 817 819 816
f 816 814 818
f 820 819 821
f 820 822 819
f 819 817 821
f 823 822 824
f 823 825 822
f 822 820 824
f 826 825 827
f 826 828 825
f 825 823 827
f 829 828 830
f 829 831 828
f 828 826 830
f 832 831 833
f 832 834 831
f 831 829 833
f 835 834 836
f 835 837 834
f 834 832 836
f 838 837 839
f 838 840 837
f 837 835 839
f 841 840 842
f 841 843 840
f 840 838 842
f 844 843 845
f 844 846 843
f 843 841 845
f 847 846 848
f 847 849 846
f 846 844 848
f 850 849 851
f 850 852 849
f 849 847 851
f 853 852 854
f 853 855 852
f 852 850 854
f 856 855 857
f 856 858 855
f 855 853 857
f 859 858 860
f 859 861 858
f 858 856 860
f 862 861 863
f 862 864 861
f 861 859 863
f 576 865 864
f 577 864 862
f 577 576 864
f 581 866 865
f 581 865 576
f 584 867 866
f 584 866 581
f 587 868 867
f 587 867 584
f 590 869 868
f 590 868 587
f 593 870 869
f 593 869 590
f 596 871 870
f 596 870 593
f 599 872 871
f 599 871 596
f 602 873 872
f 602 872 599
f 605 874 873
f 605 873 602
f 608 875 874
f 608 874 605
f 611 876 875
f 611 875 608
f 614 877 876
f 614 876 611
f 617 878 877
f 617 877 614
f 620 879 878
f 620 878 617
f 623 880 879
f 623 879 620
f 626 881 880
f 626 880 623
f 629 882 881
f 629 881 626
f 632 883 882
f 632 882 629
f 635 884 883
f 635 883 632
f 885 884 886
f 885 887 884
f 886 635 637
f 886 884 635
f 887 888 889
f 887 885 888
f 643 894 895
f 643 895 644
f 894 896 897
f 896 643 646
f 896 894 643
f 908 909 910
f 664 911 908
f 665 908 910
f 665 664 908
f 669 912 911
f 669 911 664
f 672 913 912
f 672 912 669
f 675 914 913
f 675 913 672
f 678 915 914
f 678 914 675
f 681 916 915
f 681 915 678
f 684 917 916
f 684 916 681
f 687 918 917
f 687 917 684
f 690 919 918
f 690 918 687
f 693 920 919
f 693 919 690
f 696 921 920
f 696 920 693
f 699 922 921
f 699 921 696
f 702 923 922
f 702 922 699
f 705 924 923
f 705 923 702
f 708 925 924
f 708 924 705
f 711 926 925
f 711 925 708
f 714 927 926
f 714 926 711
f 717 928 927
f 717 927 714
f 720 929 928
f 720 928 717
f 723 930 929
f 723 929 720
f 726 931 930
f 726 930 723
f 729 932 931
f 729 931 726
f 732 933 932
f 732 932 729
f 735 934 933
f 735 933 732
f 738 935 934
f 738 934 735
f 741 936 935
f 741 935 738
f 744 937 936
f 744 936 741
f 747 938 937
f 747 937 744
f 750 939 938
f 750 938 747
f 753 940 939
f 753 939 750
f 756 941 940
f 756 940 753
f 759 942 941
f 759 941 756
f 762 943 942
f 762 942 759
f 765 944 943
f 765 943 762
f 768 945 944
f 768 944 765
f 771 946 945
f 771 945 768
f 774 947 946
f 774 946 771
f 777 948 947
f 777 947 774
f 780 949 948
f 780 948 777
f 783 950 949
f 783 949 780
f 786 951 950
f 786 950 783
f 789 952 951
f 789 951 786
f 792 953 952
f 792 952 789
f 795 954 953
f 795 953 792
f 798 955 954
f 798 954 795
f 801 956 955
f 801 955 798
f 804 957 956
f 804 956 801
f 807 958 957
f 807 957 804
f 810 959 958
f 810 958 807
f 813 960 959
f 813 959 810
f 816 961 960
f 816 960 813
f 819 962 961
f 819 961 816
f 822 963 962
f 822 962 819
f 825 964 963
f 825 963 822
f 828 965 964
f 828 964 825
f 831 966 965
f 831 965 828
f 834 967 966
f 834 966 831
f 837 968 967
f 837 967 834
f 840 969 968
f 840 968 837
f 843 970 969
f 843 969 840
f 846 971 970
f 846 970 843
f 849 972 971
f 849 971 846
f 852 973 972
f 852 972 849
f 855 974 973
f 855 973 852
f 858 975 974
f 858 974 855
f 861 976 975
f 861 975 858
f 864 977 976
f 864 976 861
f 865 978 977
f 865 977 864
f 866 979 978
f 866 978 865
f 867 980 979
f 867 979 866
f 868 981 980
f 868 980 867
f 869 982 981
f 869 981 868
f 870 983 982
f 870 982 869
f 871 984 983
f 871 983 870
f 872 985 984
f 872 984 871
f 873 986 985
f 873 985 872
f 874 987 986
f 874 986 873
f 875 988 987
f 875 987 874
f 876 989 988
f 876 988 875
f 877 990 989
f 877 989 876
f 878 991 990
f 878 990 877
f 879 992 991
f 879 991 878
f 880 993 992
f 880 992 879
f 881 994 993
f 881 993 880
f 882 995 994
f 882 994 881
f 883 996 995
f 883 995 882
f 884 997 996
f 884 996 883
f 887 998 997
f 887 997 884
f 999 998 1000
f 999 1001 998
f 1000 887 889
f 1000 998 887
f 1001 1002 1003
f 1001 999 1002
f 894 1007 1008
f 894 1008 895
f 1007 1009 1010
f 1009 894 897
f 1009 1007 894
f 908 1021 1022
f 908 1022 909
f 1024 1026 1025
f 1024 911 1026
f 1021 911 1024
f 1021 908 911
f 912 1027 1026
f 912 1026 911
f 913 1028 1027
f 913 1027 912
f 914 1029 1028
f 914 1028 913
f 915 1030 1029
f 915 1029 914
f 916 1031 1030
f 916 1030 915
f 917 1032 1031
f 917 1031 916
f 918 1033 1032
f 918 1032 917
f 919 1034 1033
f 919 1033 918
f 920 1035 1034
f 920 1034 919
f 921 1036 1035
f 921 1035 920
f 922 1037 1036
f 922 1036 921
f 923 1038 1037
f 923 1037 922
f 924 1039 1038
f 924 1038 923
f 925 1040 1039
f 925 1039 924
f 926 1041 1040
f 926 1040 925
f 927 1042 1041
f 927 1041 926
f 928 1043 1042
f 928 1042 927
f 929 1044 1043
f 929 1043 928
f 930 1045 1044
f 930 1044 929
f 931 1046 1045
f 931 1045 930
f 932 1047 1046
f 932 1046 931
f 933 1048 1047
f 933 1047 932
f 934 1049 1048
f 934 1048 933
f 935 1050 1049
f 935 1049 934
f 936 1051 1050
f 936 1050 935
f 937 1052 1051
f 937 1051 936
f 938 1053 1052
f 938 1052 937
f 939 1054 1053
f 939 1053 938
f 940 1055 1054
f 940 1054 939
f 941 1056 1055
f 941 1055 940
f 942 1057 1056
f 942 1056 941
f 943 1058 1057
f 943 1057 942
f 944 1059 1058
f 944 1058 943
f 945 1060 1059
f 945 1059 944
f 946 1061 1060
f 946 1060 945
f 947 1062 1061
f 947 1061 946
f 948 1063 1062
f 948 1062 947
f 949 1064 1063
f 949 1063 948
f 950 1065 1064
f 950 1064 949
f 951 1066 1065
f 951 1065 950
f 952 1067 1066
f 952 1066 951
f 953 1068 1067
f 953 1067 952
f 954 1069 1068
f 954 1068 953
f 955 1070 1069
f 955 1069 954
f 956 1071 1070
f 956 1070 955
f 957 1072 1071
f 957 1071 956
f 958 1073 1072
f 958 1072 957
f 959 1074 1073
f 959 1073 958
f 960 1075 1074
f 960 1074 959
f 961 1076 1075
f 961 1075 960
f 962 1077 1076
f 962 1076 961
f 963 1078 1077
f 963 1077 962
f 964 1079 1078
f 964 1078 963
f 965 1080 1079
f 965 1079 964
f 966 1081 1080
f 966 1080 965
f 967 1082 1081
f 967 1081 966
f 968 1083 1082
f 968 1082 967
f 969 1084 1083
f 969 1083 968
f 970 1085 1084
f 970 1084 969
f 971 1086 1085
f 971 1085 970
f 972 1087 1086
f 972 1086 971
f 973 1088 1087
f 973 1087 972
f 974 1089 1088
f 974 1088 973
f 975 1090 1089
f 975 1089 974
f 976 1091 1090
f 976 1090 975
f 977 1092 1091
f 977 1091 976
f 978 1093 1092
f 978 1092 977
f 979 1094 1093
f 979 1093 978
f 980 1095 1094
f 980 1094 979
f 981 1096 1095
f 981 1095 980
f 982 1097 1096
f 982 1096 981
f 983 1098 1097
f 983 1097 982
f 984 1099 1098
f 984 1098 983
f 985 1100 1099
f 985 1099 984
f 986 1101 1100
f 986 1100 985
f 987 1102 1101
f 987 1101 986
f 988 1103 1102
f 988 1102 987
f 989 1104 1103
f 989 1103 988
f 990 1105 1104
f 990 1104 989
f 991 1106 1105
f 991 1105 990
f 992 1107 1106
f 992 1106 991
f 993 1108 1107
f 993 1107 992
f 994 1109 1108
f 994 1108 993
f 995 1110 1109
f 995 1109 994
f 996 1111 1110
f 996 1110 995
f 997 1112 1111
f 997 1111 996
f 998 1113 1112
f 998 1112 997
f 1115 1001 1116
f 1115 1113 1001
f 1001 1113 998
f 1001 1003 1116
f 1007 1120 1121
f 1007 1121 1008
f 1126 1120 1125
f 1125 1007 1010
f 1125 1120 1007
f 1026 1143 1144
f 1026 1144 1025
f 1027 1146 1147
f 1143 1027 1147
f 1143 1026 1027
f 1028 1149 1150
f 1146 1028 1150
f 1146 1027 1028
f 1029 1152 1153
f 1149 1029 1153
f 1149 1028 1029
f 1030 1155 1156
f 1152 1030 1156
f 1152 1029 1030
f 1031 1158 1159
f 1155 1031 1159
f 1155 1030 1031
f 1032 1161 1162
f 1158 1032 1162
f 1158 1031 1032
f 1033 1164 1165
f 1161 1033 1165
f 1161 1032 1033
f 1034 1167 1168
f 1164 1034 1168
f 1164 1033 1034
f 1035 1170 1171
f 1167 1035 1171
f 1167 1034 1035
f 1036 1173 1174
f 1170 1036 1174
f 1170 1035 1036
f 1037 1176 1177
f 1173 1037 1177
f 1173 1036 1037
f 1038 1179 1180
f 1176 1038 1180
f 1176 1037 1038
f 1039 1182 1183
f 1179 1039 1183
f 1179 1038 1039
f 1040 1185 1186
f 1182 1040 1186
f 1182 1039 1040
f 1041 1188 1189
f 1185 1041 1189
f 1185 1040 1041
f 1042 1191 1192
f 1188 1042 1192
f 1188 1041 1042
f 1043 1194 1195
f 1191 1043 1195
f 1191 1042 1043
f 1044 1197 1198
f 1194 1044 1198
f 1194 1043 1044
f 1045 1200 1201
f 1197 1045 1201
f 1197 1044 1045
f 1046 1203 1204
f 1200 1046 1204
f 1200 1045 1046
f 1047 1206 1207
f 1203 1047 1207
f 1203 1046 1047
f 1048 1209 1210
f 1206 1048 1210
f 1206 1047 1048
f 1049 1212 1213
f 1209 1049 1213
f 1209 1048 1049
f 1050 1215 1216
f 1212 1050 1216
f 1212 1049 1050
f 1051 1218 1219
f 1215 1051 1219
f 1215 1050 1051
f 1052 1221 1222
f 1218 1052 1222
f 1218 1051 1052
f 1053 1224 1225
f 1221 1053 1225
f 1221 1052 1053
f 1054 1227 1228
f 1224 1054 1228
f 1224 1053 1054
f 1055 1230 1231
f 1227 1055 1231
f 1227 1054 1055
f 1056 1233 1234
f 1230 1056 1234
f 1230 1055 1056
f 1057 1236 1237
f 1233 1057 1237
f 1233 1056 1057
f 1058 1239 1240
f 1236 1058 1240
f 1236 1057 1058
f 1059 1242 1243
f 1239 1059 1243
f 1239 1058 1059
f 1060 1245 1246
f 1242 1060 1246
f 1242 1059 1060
f 1061 1248 1249
f 1245 1061 1249
f 1245 1060 1061
f 1062 1251 1252
f 1248 1062 1252
f 1248 1061 1062
f 1063 1254 1255
f 1251 1063 1255
f 1251 1062 1063
f 1064 1257 1258
f 1254 1064 1258
f 1254 1063 1064
f 1065 1260 1261
f 1257 1065 1261
f 1257 1064 1065
f 1066 1263 1264
f 1260 1066 1264
f 1260 1065 1066
f 1067 1266 1267
f 1263 1067 1267
f 1263 1066 1067
f 1068 1269 1270
f 1266 1068 1270
f 1266 1067 1068
f 1069 1272 1273
f 1269 1069 1273
f 1269 1068 1069
f 1070 1275 1276
f 1272 1070 1276
f 1272 1069 1070
f 1071 1278 1279
f 1275 1071 1279
f 1275 1070 1071
f 1072 1281 1282
f 1278 1072 1282
f 1278 1071 1072
f 1073 1284 1285
f 1281 1073 1285
f 1281 1072 1073
f 1074 1287 1288
f 1284 1074 1288
f 1284 1073 1074
f 1075 1290 1291
f 1287 1075 1291
f 1287 1074 1075
f 1076 1293 1294
f 1290 1076 1294
f 1290 1075 1076
f 1077 1296 1297
f 1293 1077 1297
f 1293 1076 1077
f 1078 1299 1300
f 1296 1078 1300
f 1296 1077 1078
f 1079 1302 1303
f 1299 1079 1303
f 1299 1078 1079
f 1080 1305 1306
f 1302 1080 1306
f 1302 1079 1080
f 1081 1308 1309
f 1305 1081 1309
f 1305 1080 1081
f 1082 1311 1312
f 1308 1082 1312
f 1308 1081 1082
f 1083 1314 1315
f 1311 1083 1315
f 1311 1082 1083
f 1084 1317 1318
f 1314 1084 1318
f 1314 1083 1084
f 1085 1320 1321
f 1317 1085 1321
f 1317 1084 1085
f 1086 1323 1324
f 1320 1086 1324
f 1320 1085 1086
f 1087 1326 1327
f 1323 1087 1327
f 1323 1086 1087
f 1088 1329 1330
f 1326 1088 1330
f 1326 1087 1088
f 1089 1332 1333
f 1329 1089 1333
f 1329 1088 1089
f 1090 1335 1336
f 1332 1090 1336
f 1332 1089 1090
f 1091 1338 1339
f 1335 1091 1339
f 1335 1090 1091
f 1092 1341 1342
f 1338 1092 1342
f 1338 1091 1092
f 1344 1346 1345
f 1344 1093 1346
f 1341 1093 1344
f 1341 1092 1093
f 1094 1347 1346
f 1094 1346 1093
f 1095 1348 1347
f 1095 1347 1094
f 1096 1349 1348
f 1096 1348 1095
f 1097 1350 1349
f 1097 1349 1096
f 1098 1351 1350
f 1098 1350 1097
f 1099 1352 1351
f 1099 1351 1098
f 1100 1353 1352
f 1100 1352 1099
f 1101 1354 1353
f 1101 1353 1100
f 1102 1355 1354
f 1102 1354 1101
f 1103 1356 1355
f 1103 1355 1102
f 1104 1357 1356
f 1104 1356 1103
f 1105 1358 1357
f 1105 1357 1104
f 1106 1359 1358
f 1106 1358 1105
f 1107 1360 1359
f 1107 1359 1106
f 1108 1361 1360
f 1108 1360 1107
f 1109 1362 1361
f 1109 1361 1108
f 1110 1363 1362
f 1110 1362 1109
f 1111 1364 1363
f 1111 1363 1110
f 1112 1365 1364
f 1112 1364 1111
f 1367 1113 1368
f 1367 1365 1113
f 1113 1365 1112
f 1113 1115 1368
f 1120 1373 1374
f 1379 1120 1374
f 1379 1121 1120
f 1120 1126 1373
f 1346 1471 1472
f 1346 1472 1345
f 1347 1474 1475
f 1471 1347 1475
f 1471 1346 1347
f 1348 1477 1478
f 1474 1348 1478
f 1474 1347 1348
f 1349 1480 1481
f 1477 1349 1481
f 1477 1348 1349
f 1350 1483 1484
f 1480 1350 1484
f 1480 1349 1350
f 1351 1486 1487
f 1483 1351 1487
f 1483 1350 1351
f 1352 1489 1490
f 1486 1352 1490
f 1486 1351 1352
f 1353 1492 1493
f 1489 1353 1493
f 1489 1352 1353
f 1354 1495 1496
f 1492 1354 1496
f 1492 1353 1354
f 1355 1498 1499
f 1495 1355 1499
f 1495 1354 1355
f 1356 1501 1502
f 1498 1356 1502
f 1498 1355 1356
f 1357 1504 1505
f 1501 1357 1505
f 1501 1356 1357
f 1358 1507 1508
f 1504 1358 1508
f 1504 1357 1358
f 1359 1510 1511
f 1507 1359 1511
f 1507 1358 1359
f 1360 1513 1514
f 1510 1360 1514
f 1510 1359 1360
f 1361 1516 1517
f 1513 1361 1517
f 1513 1360 1361
f 1362 1519 1520
f 1516 1362 1520
f 1516 1361 1362
f 1363 1522 1523
f 1519 1363 1523
f 1519 1362 1363
f 1364 1525 1526
f 1522 1364 1526
f 1522 1363 1364
f 1365 1528 1529
f 1525 1365 1529
f 1525 1364 1365
f 1365 1367 1528

#List of body lines
l 1909 1910
l 1910 1911
l 1911 1912
l 1912 1913
l 1913 1914
l 1914 1915
l 1915 1916
l 1916 1917
l 1917 1918
l 1918 1919
l 1910 1920
l 1920 1921
l 1921 1911
l 1911 1922
l 1922 1913
l 1913 1923
l 1923 1915
l 1915 1924
l 1924 1917
l 1917 1925
l 1925 1926
l 1926 1918
l 1920 1927
l 1927 1928
l 1928 1921
l 1921 1929
l 1929 1922
l 1922 1930
l 1930 1923
l 1923 1931
l 1931 1924
l 1924 1932
l 1932 1925
l 1925 1933
l 1933 1934
l 1934 1926
l 1927 1935
l 1935 1936
l 1936 1928
l 1928 1937
l 1937 1929
l 1929 1938
l 1938 1930
l 1930 1939
l 1939 1931
l 1931 1940
l 1940 1932
l 1932 1941
l 1941 1933
l 1933 1942
l 1942 1943
l 1943 1934
l 1935 1944
l 1944 1945
l 1945 1936
l 1936 1946
l 1946 1937
l 1937 1947
l 1947 1938
l 1938 1948
l 1948 1939
l 1939 1949
l 1949 1940
l 1940 1950
l 1950 1941
l 1941 1951
l 1951 1942
l 1942 1952
l 1952 1953
l 1953 1943
l 1944 1954
l 1954 1955
l 1955 1945
l 1945 1956
l 1956 1946
l 1946 1957
l 1957 1947
l 1947 1958
l 1958 1948
l 1948 1959
l 1959 1949
l 1949 1960
l 1960 1950
l 1950 1961
l 1961 1951
l 1951 1962
l 1962 1952
l 1952 1963
l 1963 1964
l 1964 1953
l 1954 1965
l 1965 1966
l 1966 1955
l 1955 1967
l 1967 1956
l 1956 1968
l 1968 1957
l 1957 1969
l 1969 1958
l 1958 1970
l 1970 1959
l 1959 1971
l 1971 1960
l 1960 1972
l 1972 1961
l 1961 1973
l 1973 1962
l 1962 1974
l 1974 1963
l 1963 1975
l 1975 1976
l 1976 1964
l 1966 1977
l 1977 1967
l 1967 1978
l 1978 1968
l 1968 1979
l 1979 1969
l 1969 1980
l 1980 1970
l 1970 1981
l 1981 1971
l 1971 1982
l 1982 1972
l 1972 1983
l 1983 1973
l 1973 1984
l 1984 1974
l 1974 1985
l 1985 1975
l 1975 1986
l 1986 1987
l 1987 1976
l 1977 1988
l 1988 1978
l 1978 1989
l 1989 1979
l 1979 1990
l 1990 1980
l 1980 1991
l 1991 1981
l 1981 1992
l 1992 1982
l 1982 1993
l 1993 1983
l 1983 1994
l 1994 1984
l 1984 1995
l 1995 1985
l 1985 1996
l 1996 1986
l 1986 1997
l 1997 1998
l 1998 1987
l 1988 1999
l 1999 1989
l 1989 2000
l 2000 1990
l 1990 2001
l 2001 1991
l 1991 2002
l 2002 1992
l 1992 2003
l 2003 1993
l 1993 2004
l 2004 1994
l 1994 2005
l 2005 1995
l 1995 2006
l 2006 1996
l 1996 2007
l 2007 1997
l 1997 2008
l 2008 2009
l 2009 1998
l 1999 2010
l 2010 2000
l 2000 2011
l 2011 2001
l 2001 2012
l 2012 2002
l 2002 2013
l 2013 2003
l 2003 2014
l 2014 2004
l 2004 2015
l 2015 2005
l 2005 2016
l 2016 2006
l 2006 2017
l 2017 2007
l 2007 2018
l 2018 2008
l 2008 2019
l 2019 2020
l 2020 2009
l 2010 2021
l 2021 2011
l 2011 2022
l 2022 2012
l 2012 2023
l 2023 2013
l 2013 2024
l 2024 2014
l 2014 2025
l 2025 2015
l 2015 2026
l 2026 2016
l 2016 2027
l 2027 2017
l 2017 2028
l 2028 2018
l 2018 2029
l 2029 2019
l 2019 2030
l 2030 2031
l 2031 2020
l 2021 2032
l 2032 2022
l 2022 2033
l 2033 2023
l 2023 2034
l 2034 2024
l 2024 2035
l 2035 2025
l 2025 2036
l 2036 2026
l 2026 2037
l 2037 2027
l 2027 2038
l 2038 2028
l 2028 2039
l 2039 2029
l 2029 2040
l 2040 2030
l 2030 2041
l 2041 2042
l 2042 2031
l 2032 2043
l 2043 2033
l 2033 2044
l 2044 2034
l 2034 2045
l 2045 2035
l 2035 2046
l 2046 2036
l 2036 2047
l 2047 2037
l 2037 2048
l 2048 2038
l 2038 2049
l 2049 2039
l 2039 2050
l 2050 2040
l 2040 2051
l 2051 2041
l 2041 2052
l 2052 2053
l 2053 2042
l 2043 2054
l 2054 2044
l 2044 2055
l 2055 2045
l 2045 2056
l 2056 2046
l 2046 2057
l 2057 2047
l 2047 2058
l 2058 2048
l 2048 2059
l 2059 2049
l 2049 2060
l 2060 2050
l 2050 2061
l 2061 2051
l 2051 2062
l 2062 2052
l 2052 2063
l 2063 2064
l 2064 2053
l 2054 2065
l 2065 2055
l 2055 2066
l 2066 2056
l 2056 2067
l 2067 2057
l 2057 2068
l 2068 2058
l 2058 2069
l 2069 2059
l 2059 2070
l 2070 2060
l 2060 2071
l 2071 2061
l 2061 2072
l 2072 2062
l 2062 2073
l 2073 2063
l 2063 2074
l 2074 2075
l 2075 2064
l 2065 2076
l 2076 2066
l 2066 2077
l 2077 2067
l 2067 2078
l 2078 2068
l 2068 2079
l 2079 2069
l 2069 2080
l 2080 2070
l 2070 2081
l 2081 2071
l 2071 2082
l 2082 2072
l 2072 2083
l 2083 2073
l 2073 2084
l 2084 2074
l 2074 2085
l 2085 2086
l 2086 2075
l 2076 2087
l 2087 2077
l 2077 2088
l 2088 2078
l 2078 2089
l 2089 2079
l 2079 2090
l 2090 2080
l 2080 2091
l 2091 2081
l 2081 2092
l 2092 2082
l 2082 2093
l 2093 2083
l 2083 2094
l 2094 2084
l 2084 2095
l 2095 2085
l 2085 2096
l 2096 2097
l 2097 2086
l 2087 2098
l 2098 2088
l 2088 2099
l 2099 2089
l 2089 2100
l 2100 2090
l 2090 2101
l 2101 2091
l 2091 2102
l 2102 2092
l 2092 2103
l 2103 2093
l 2093 2104
l 2104 2094
l 2094 2105
l 2105 2095
l 2095 2106
l 2106 2096
l 2096 2107
l 2107 2108
l 2108 2097
l 2098 2109
l 2109 2099
l 2099 2110
l 2110 2100
l 2100 2111
l 2111 2101
l 2101 2112
l 2112 2102
l 2102 2113
l 2113 2103
l 2103 2114
l 2114 2104
l 2104 2115
l 2115 2105
l 2105 2116
l 2116 2106
l 2106 2117
l 2117 2107
l 2107 2118
l 2118 2119
l 2119 2108
l 2109 2120
l 2120 2110
l 2110 2121
l 2121 2111
l 2111 2122
l 2122 2112
l 2112 2123
l 2123 2113
l 2113 2124
l 2124 2114
l 2114 2125
l 2125 2115
l 2115 2126
l 2126 2116
l 2116 2127
l 2127 2117
l 2117 2128
l 2128 2118
l 2118 2129
l 2129 2130
l 2130 2119
l 2120 2131
l 2131 2121
l 2121 2132
l 2132 2122
l 2122 2133
l 2133 2123
l 2123 2134
l 2134 2124
l 2124 2135
l 2135 2125
l 2125 2136
l 2136 2126
l 2126 2137
l 2137 2127
l 2127 2138
l 2138 2128
l 2128 2139
l 2139 2129
l 2129 2140
l 2140 2141
l 2141 2130
l 2131 2142
l 2142 2132
l 2132 2143
l 2143 2133
l 2133 2144
l 2144 2134
l 2134 2145
l 2145 2135
l 2135 2146
l 2146 2136
l 2136 2147
l 2147 2137
l 2137 2148
l 2148 2138
l 2138 2149
l 2149 2139
l 2139 2150
l 2150 2140
l 2140 2151
l 2151 2152
l 2152 2141
l 2142 2153
l 2153 2143
l 2143 2154
l 2154 2144
l 2144 2155
l 2155 2145
l 2145 2156
l 2156 2146
l 2146 2157
l 2157 2147
l 2147 2158
l 2158 2148
l 2148 2159
l 2159 2149
l 2149 2160
l 2160 2150
l 2150 2161
l 2161 2151
l 2151 2162
l 2162 2163
l 2163 2152
l 2153 2164
l 2164 2154
l 2154 2165
l 2165 2155
l 2155 2166
l 2166 2156
l 2156 2167
l 2167 2157
l 2157 2168
l 2168 2158
l 2158 2169
l 2169 2159
l 2159 2170
l 2170 2160
l 2160 2171
l 2171 2161
l 2161 2172
l 2172 2162
l 2162 2173
l 2173 2174
l 2174 2163
l 2164 2175
l 2175 2165
l 2165 2176
l 2176 2166
l 2166 2177
l 2177 2167
l 2167 2178
l 2178 2168
l 2168 2179
l 2179 2169
l 2169 2180
l 2180 2170
l 2170 2181
l 2181 2171
l 2171 2182
l 2182 2172
l 2172 2183
l 2183 2173
l 2173 2184
l 2184 2185
l 2185 2174
l 2175 2186
l 2186 2176
l 2176 2187
l 2187 2177
l 2177 2188
l 2188 2178
l 2178 2189
l 2189 2179
l 2179 2190
l 2190 2180
l 2180 2191
l 2191 2181
l 2181 2192
l 2192 2182
l 2182 2193
l 2193 2183
l 2183 2194
l 2194 2184
l 2184 2195
l 2195 2196
l 2196 2185
l 2186 2197
l 2197 2187
l 2187 2198
l 2198 2188
l 2188 2199
l 2199 2189
l 2189 2200
l 2200 2190
l 2190 2201
l 2201 2191
l 2191 2202
l 2202 2192
l 2192 2203
l 2203 2193
l 2193 2204
l 2204 2194
l 2194 2205
l 2205 2195
l 2195 2206
l 2206 2207
l 2207 2196
l 2197 2208
l 2208 2198
l 2198 2209
l 2209 2199
l 2199 2210
l 2210 2200
l 2200 2211
l 2211 2201
l 2201 2212
l 2212 2202
l 2202 2213
l 2213 2203
l 2203 2214
l 2214 2204
l 2204 2215
l 2215 2205
l 2205 2216
l 2216 2206
l 2206 2217
l 2217 2218
l 2218 2207
l 2208 2219
l 2219 2209
l 2209 2220
l 2220 2210
l 2210 2221
l 2221 2211
l 2211 2222
l 2222 2212
l 2212 2223
l 2223 2213
l 2213 2224
l 2224 2214
l 2214 2225
l 2225 2215
l 2215 2226
l 2226 2216
l 2216 2227
l 2227 2217
l 2217 2228
l 2228 2229
l 2229 2218
l 2219 2230
l 2230 2220
l 2220 2231
l 2231 2221
l 2221 2232
l 2232 2222
l 2222 2233
l 2233 2223
l 2223 2234
l 2234 2224
l 2224 2235
l 2235 2225
l 2225 2236
l 2236 2226
l 2226 2237
l 2237 2227
l 2227 2238
l 2238 2228
l 2228 2239
l 2239 2240
l 2240 2229
l 2230 2241
l 2241 2231
l 2231 2242
l 2242 2232
l 2232 2243
l 2243 2233
l 2233 2244
l 2244 2234
l 2234 2245
l 2245 2235
l 2235 2246
l 2246 2236
l 2236 2247
l 2247 2237
l 2237 2248
l 2248 2238
l 2238 2249
l 2249 2239
l 2239 2250
l 2250 2251
l 2251 2240
l 2241 2252
l 2252 2242
l 2242 2253
l 2253 2243
l 2243 2254
l 2254 2244
l 2244 2255
l 2255 2245
l 2245 2256
l 2256 2246
l 2246 2257
l 2257 2247
l 2247 2258
l 2258 2248
l 2248 2259
l 2259 2249
l 2249 2260
l 2260 2250
l 2250 2261
l 2261 2262
l 2262 2251
l 2252 2263
l 2263 2253
l 2253 2264
l 2264 2254
l 2254 2265
l 2265 2255
l 2255 2266
l 2266 2256
l 2256 2267
l 2267 2257
l 2257 2268
l 2268 2258
l 2258 2269
l 2269 2259
l 2259 2270
l 2270 2260
l 2260 2271
l 2271 2261
l 2261 2272
l 2272 2273
l 2273 2262
l 2263 2274
l 2274 2264
l 2264 2275
l 2275 2265
l 2265 2276
l 2276 2266
l 2266 2277
l 2277 2267
l 2267 2278
l 2278 2268
l 2268 2279
l 2279 2269
l 2269 2280
l 2280 2270
l 2270 2281
l 2281 2271
l 2271 2282
l 2282 2272
l 2272 2283
l 2283 2284
l 2284 2273
l 2274 2285
l 2285 2275
l 2275 2286
l 2286 2276
l 2276 2287
l 2287 2277
l 2277 2288
l 2288 2278
l 2278 2289
l 2289 2279
l 2279 2290
l 2290 2280
l 2280 2291
l 2291 2281
l 2281 2292
l 2292 2282
l 2282 2293
l 2293 2283
l 2283 2294
l 2294 2295
l 2295 2284
l 2285 2296
l 2296 2286
l 2286 2297
l 2297 2287
l 2287 2298
l 2298 2288
l 2288 2299
l 2299 2289
l 2289 2300
l 2300 2290
l 2290 2301
l 2301 2291
l 2291 2302
l 2302 2292
l 2292 2303
l 2303 2293
l 2293 2304
l 2304 2294
l 2294 2305
l 2305 2306
l 2306 2295
l 2296 2307
l 2307 2297
l 2297 2308
l 2308 2298
l 2298 2309
l 2309 2299
l 2299 2310
l 2310 2300
l 2300 2311
l 2311 2301
l 2301 2312
l 2312 2302
l 2302 2313
l 2313 2303
l 2303 2314
l 2314 2304
l 2304 2315
l 2315 2305
l 2305 2316
l 2316 2317
l 2317 2306
l 2307 2318
l 2318 2308
l 2308 2319
l 2319 2309
l 2309 2320
l 2320 2310
l 2310 2321
l 2321 2311
l 2311 2322
l 2322 2312
l 2312 2323
l 2323 2313
l 2313 2324
l 2324 2314
l 2314 2325
l 2325 2315
l 2315 2326
l 2326 2316
l 2316 2327
l 2327 2328
l 2328 2317
l 2318 2329
l 2329 2319
l 2319 2330
l 2330 2320
l 2320 2331
l 2331 2321
l 2321 2332
l 2332 2322
l 2322 2333
l 2333 2323
l 2323 2334
l 2334 2324
l 2324 2335
l 2335 2325
l 2325 2336
l 2336 2326
l 2326 2337
l 2337 2327
l 2327 2338
l 2338 2339
l 2339 2328
l 2329 2340
l 2340 2330
l 2330 2341
l 2341 2331
l 2331 2342
l 2342 2332
l 2332 2343
l 2343 2333
l 2333 2344
l 2344 2334
l 2334 2345
l 2345 2335
l 2335 2346
l 2346 2336
l 2336 2347
l 2347 2337
l 2337 2348
l 2348 2338
l 2338 2349
l 2349 2350
l 2350 2339
l 2340 2351
l 2351 2341
l 2341 2352
l 2352 2342
l 2342 2353
l 2353 2343
l 2343 2354
l 2354 2344
l 2344 2355
l 2355 2345
l 2345 2356
l 2356 2346
l 2346 2357
l 2357 2347
l 2347 2358
l 2358 2348
l 2348 2359
l 2359 2349
l 2349 2360
l 2360 2361
l 2361 2350
l 2351 2362
l 2362 2352
l 2352 2363
l 2363 2353
l 2353 2364
l 2364 2354
l 2354 2365
l 2365 2355
l 2355 2366
l 2366 2356
l 2356 2367
l 2367 2357
l 2357 2368
l 2368 2358
l 2358 2369
l 2369 2359
l 2359 2370
l 2370 2360
l 2360 2371
l 2371 2372
l 2372 2361
l 2362 2373
l 2373 2363
l 2363 2374
l 2374 2364
l 2364 2375
l 2375 2365
l 2365 2376
l 2376 2366
l 2366 2377
l 2377 2367
l 2367 2378
l 2378 2368
l 2368 2379
l 2379 2369
l 2369 2380
l 2380 2370
l 2370 2381
l 2381 2371
l 2371 2382
l 2382 2383
l 2383 2372
l 2373 2384
l 2384 2374
l 2374 2385
l 2385 2375
l 2375 2386
l 2386 2376
l 2376 2387
l 2387 2377
l 2377 2388
l 2388 2378
l 2378 2389
l 2389 2379
l 2379 2390
l 2390 2380
l 2380 2391
l 2391 2381
l 2381 2392
l 2392 2382
l 2382 2393
l 2393 2394
l 2394 2383
l 2384 2395
l 2395 2385
l 2385 2396
l 2396 2386
l 2386 2397
l 2397 2387
l 2387 2398
l 2398 2388
l 2388 2399
l 2399 2389
l 2389 2400
l 2400 2390
l 2390 2401
l 2401 2391
l 2391 2402
l 2402 2392
l 2392 2403
l 2403 2393
l 2393 2404
l 2404 2405
l 2405 2394
l 2395 2406
l 2406 2396
l 2396 2407
l 2407 2397
l 2397 2408
l 2408 2398
l 2398 2409
l 2409 2399
l 2399 2410
l 2410 2400
l 2400 2411
l 2411 2401
l 2401 2412
l 2412 2402
l 2402 2413
l 2413 2403
l 2403 2414
l 2414 2404
l 2404 2415
l 2415 2416
l 2416 2405
l 2406 2417
l 2417 2407
l 2407 2418
l 2418 2408
l 2408 2419
l 2419 2409
l 2409 2420
l 2420 2410
l 2410 2421
l 2421 2411
l 2411 2422
l 2422 2412
l 2412 2423
l 2423 2413
l 2413 2424
l 2424 2414
l 2414 2425
l 2425 2415
l 2415 2426
l 2426 2427
l 2427 2416
l 2417 2428
l 2428 2418
l 2418 2429
l 2429 2419
l 2419 2430
l 2430 2420
l 2420 2431
l 2431 2421
l 2421 2432
l 2432 2422
l 2422 2433
l 2433 2423
l 2423 2434
l 2434 2424
l 2424 2435
l 2435 2425
l 2425 2436
l 2436 2426
l 2426 2437
l 2437 2438
l 2438 2427
l 2428 2439
l 2439 2429
l 2429 2440
l 2440 2430
l 2430 2441
l 2441 2431
l 2431 2442
l 2442 2432
l 2432 2443
l 2443 2433
l 2433 2444
l 2444 2434
l 2434 2445
l 2445 2435
l 2435 2446
l 2446 2436
l 2436 2447
l 2447 2437
l 2437 2448
l 2448 2449
l 2449 2438
l 2439 2450
l 2450 2440
l 2440 2451
l 2451 2441
l 2441 2452
l 2452 2442
l 2442 2453
l 2453 2443
l 2443 2454
l 2454 2444
l 2444 2455
l 2455 2445
l 2445 2456
l 2456 2446
l 2446 2457
l 2457 2447
l 2447 2458
l 2458 2448
l 2448 2459
l 2459 2460
l 2460 2449
l 2450 2461
l 2461 2451
l 2451 2462
l 2462 2452
l 2452 2463
l 2463 2453
l 2453 2464
l 2464 2454
l 2454 2465
l 2465 2455
l 2455 2466
l 2466 2456
l 2456 2467
l 2467 2457
l 2457 2468
l 2468 2458
l 2458 2469
l 2469 2459
l 2459 2470
l 2470 2471
l 2471 2460
l 2461 2472
l 2472 2462
l 2462 2473
l 2473 2463
l 2463 2474
l 2474 2464
l 2464 2475
l 2475 2465
l 2465 2476
l 2476 2466
l 2466 2477
l 2477 2467
l 2467 2478
l 2478 2468
l 2468 2479
l 2479 2469
l 2469 2480
l 2480 2470
l 2470 2481
l 2481 2482
l 2482 2471
l 2472 2483
l 2483 2473
l 2473 2484
l 2484 2474
l 2474 2485
l 2485 2475
l 2475 2486
l 2486 2476
l 2476 2487
l 2487 2477
l 2477 2488
l 2488 2478
l 2478 2489
l 2489 2479
l 2479 2490
l 2490 2480
l 2480 2491
l 2491 2481
l 2481 2492
l 2492 2493
l 2493 2482
l 2483 2494
l 2494 2484
l 2484 2495
l 2495 2485
l 2485 2496
l 2496 2486
l 2486 2497
l 2497 2487
l 2487 2498
l 2498 2488
l 2488 2499
l 2499 2489
l 2489 2500
l 2500 2490
l 2490 2501
l 2501 2491
l 2491 2502
l 2502 2492
l 2492 2503
l 2503 2504
l 2504 2493
l 2494 2505
l 2505 2495
l 2495 2506
l 2506 2496
l 2496 2507
l 2507 2497
l 2497 2508
l 2508 2498
l 2498 2509
l 2509 2499
l 2499 2510
l 2510 2500
l 2500 2511
l 2511 2501
l 2501 2512
l 2512 2502
l 2502 2513
l 2513 2503
l 2503 2514
l 2514 2515
l 2515 2504
l 2505 2516
l 2516 2506
l 2506 2517
l 2517 2507
l 2507 2518
l 2518 2508
l 2508 2519
l 2519 2509
l 2509 2520
l 2520 2510
l 2510 2521
l 2521 2511
l 2511 2522
l 2522 2512
l 2512 2523
l 2523 2513
l 2513 2524
l 2524 2514
l 2514 2525
l 2525 2526
l 2526 2515
l 2516 2527
l 2527 2517
l 2517 2528
l 2528 2518
l 2518 2529
l 2529 2519
l 2519 2530
l 2530 2520
l 2520 2531
l 2531 2521
l 2521 2532
l 2532 2522
l 2522 2533
l 2533 2523
l 2523 2534
l 2534 2524
l 2524 2535
l 2535 2525
l 2525 2536
l 2536 2537
l 2537 2526
l 2527 2538
l 2538 2528
l 2528 2539
l 2539 2529
l 2529 2540
l 2540 2530
l 2530 2541
l 2541 2531
l 2531 2542
l 2542 2532
l 2532 2543
l 2543 2533
l 2533 2544
l 2544 2534
l 2534 2545
l 2545 2535
l 2535 2546
l 2546 2536
l 2536 2547
l 2547 2548
l 2548 2537
l 2538 2549
l 2549 2539
l 2539 2550
l 2550 2540
l 2540 2551
l 2551 2541
l 2541 2552
l 2552 2542
l 2542 2553
l 2553 2543
l 2543 2554
l 2554 2544
l 2544 2555
l 2555 2545
l 2545 2556
l 2556 2546
l 2546 2557
l 2557 2547
l 2547 2558
l 2558 2559
l 2559 2548
l 2549 2560
l 2560 2550
l 2550 2561
l 2561 2551
l 2551 2562
l 2562 2552
l 2552 2563
l 2563 2553
l 2553 2564
l 2564 2554
l 2554 2565
l 2565 2555
l 2555 2566
l 2566 2556
l 2556 2567
l 2567 2557
l 2557 2568
l 2568 2558
l 2558 2569
l 2569 2570
l 2570 2559
l 2560 2571
l 2571 2561
l 2561 2572
l 2572 2562
l 2562 2573
l 2573 2563
l 2563 2574
l 2574 2564
l 2564 2575
l 2575 2565
l 2565 2576
l 2576 2566
l 2566 2577
l 2577 2567
l 2567 2578
l 2578 2568
l 2568 2579
l 2579 2569
l 2569 2580
l 2580 2581
l 2581 2570
l 2571 2582
l 2582 2572
l 2572 2583
l 2583 2573
l 2573 2584
l 2584 2574
l 2574 2585
l 2585 2575
l 2575 2586
l 2586 2576
l 2576 2587
l 2587 2577
l 2577 2588
l 2588 2578
l 2578 2589
l 2589 2579
l 2579 2590
l 2590 2580
l 2580 2591
l 2591 2592
l 2592 2581
l 2582 2593
l 2593 2583
l 2583 2594
l 2594 2584
l 2584 2595
l 2595 2585
l 2585 2596
l 2596 2586
l 2586 2597
l 2597 2587
l 2587 2598
l 2598 2588
l 2588 2599
l 2599 2589
l 2589 2600
l 2600 2590
l 2590 2601
l 2601 2591
l 2591 2602
l 2602 2603
l 2603 2592
l 2593 2604
l 2604 2594
l 2594 2605
l 2605 2595
l 2595 2606
l 2606 2596
l 2596 2607
l 2607 2597
l 2597 2608
l 2608 2598
l 2598 2609
l 2609 2599
l 2599 2610
l 2610 2600
l 2600 2611
l 2611 2601
l 2601 2612
l 2612 2602
l 2602 2613
l 2613 2614
l 2614 2603
l 2604 2615
l 2615 2605
l 2605 2616
l 2616 2606
l 2606 2617
l 2617 2607
l 2607 2618
l 2618 2608
l 2608 2619
l 2619 2609
l 2609 2620
l 2620 2610
l 2610 2621
l 2621 2611
l 2611 2622
l 2622 2612
l 2612 2623
l 2623 2613
l 2613 2624
l 2624 2625
l 2625 2614
l 2615 2626
l 2626 2616
l 2616 2627
l 2627 2617
l 2617 2628
l 2628 2618
l 2618 2629
l 2629 2619
l 2619 2630
l 2630 2620
l 2620 2631
l 2631 2621
l 2621 2632
l 2632 2622
l 2622 2633
l 2633 2623
l 2623 2634
l 2634 2624
l 2624 2635
l 2635 2636
l 2636 2625
l 2626 2637
l 2637 2627
l 2627 2638
l 2638 2628
l 2628 2639
l 2639 2629
l 2629 2640
l 2640 2630
l 2630 2641
l 2641 2631
l 2631 2642
l 2642 2632
l 2632 2643
l 2643 2633
l 2633 2644
l 2644 2634
l 2634 2645
l 2645 2635
l 2635 2646
l 2646 2647
l 2647 2636
l 2637 2648
l 2648 2638
l 2638 2649
l 2649 2639
l 2639 2650
l 2650 2640
l 2640 2651
l 2651 2641
l 2641 2652
l 2652 2642
l 2642 2653
l 2653 2643
l 2643 2654
l 2654 2644
l 2644 2655
l 2655 2645
l 2645 2656
l 2656 2646
l 2646 2657
l 2657 2658
l 2658 2647
l 2648 2659
l 2659 2649
l 2649 2660
l 2660 2650
l 2650 2661
l 2661 2651
l 2651 2662
l 2662 2652
l 2652 2663
l 2663 2653
l 2653 2664
l 2664 2654
l 2654 2665
l 2665 2655
l 2655 2666
l 2666 2656
l 2656 2667
l 2667 2657
l 2657 2668
l 2668 2669
l 2669 2658
l 2659 2670
l 2670 2660
l 2660 2671
l 2671 2661
l 2661 2672
l 2672 2662
l 2662 2673
l 2673 2663
l 2663 2674
l 2674 2664
l 2664 2675
l 2675 2665
l 2665 2676
l 2676 2666
l 2666 2677
l 2677 2667
l 2667 2678
l 2678 2668
l 2668 2679
l 2679 2680
l 2680 2669
l 2670 2681
l 2681 2671
l 2671 2682
l 2682 2672
l 2672 2683
l 2683 2673
l 2673 2684
l 2684 2674
l 2674 2685
l 2685 2675
l 2675 2686
l 2686 2676
l 2676 2687
l 2687 2677
l 2677 2688
l 2688 2678
l 2678 2689
l 2689 2679
l 2679 2690
l 2690 2691
l 2691 2680
l 2681 2692
l 2692 2682
l 2682 2693
l 2693 2683
l 2683 2694
l 2694 2684
l 2684 2695
l 2695 2685
l 2685 2696
l 2696 2686
l 2686 2697
l 2697 2687
l 2687 2698
l 2698 2688
l 2688 2699
l 2699 2689
l 2689 2700
l 2700 2690
l 2690 2701
l 2701 2702
l 2702 2691
l 2692 2703
l 2703 2693
l 2693 2704
l 2704 2694
l 2694 2705
l 2705 2695
l 2695 2706
l 2706 2696
l 2696 2707
l 2707 2697
l 2697 2708
l 2708 2698
l 2698 2709
l 2709 2699
l 2699 2710
l 2710 2700
l 2700 2711
l 2711 2701
l 2701 2712
l 2712 2713
l 2713 2702
l 2703 2714
l 2714 2704
l 2704 2715
l 2715 2705
l 2705 2716
l 2716 2706
l 2706 2717
l 2717 2707
l 2707 2718
l 2718 2708
l 2708 2719
l 2719 2709
l 2709 2720
l 2720 2710
l 2710 2721
l 2721 2711
l 2711 2722
l 2722 2712
l 2712 2723
l 2723 2724
l 2724 2713
l 2714 2725
l 2725 2715
l 2715 2726
l 2726 2716
l 2716 2727
l 2727 2717
l 2717 2728
l 2728 2718
l 2718 2729
l 2729 2719
l 2719 2730
l 2730 2720
l 2720 2731
l 2731 2721
l 2721 2732
l 2732 2722
l 2722 2733
l 2733 2723
l 2723 2734
l 2734 2735
l 2735 2724
l 2725 2736
l 2736 2726
l 2726 2737
l 2737 2727
l 2727 2738
l 2738 2728
l 2728 2739
l 2739 2729
l 2729 2740
l 2740 2730
l 2730 2741
l 2741 2731
l 2731 2742
l 2742 2732
l 2732 2743
l 2743 2733
l 2733 2744
l 2744 2734
l 2734 2745
l 2745 2746
l 2746 2735
l 2736 2747
l 2747 2737
l 2737 2748
l 2748 2738
l 2738 2749
l 2749 2739
l 2739 2750
l 2750 2740
l 2740 2751
l 2751 2741
l 2741 2752
l 2752 2742
l 2742 2753
l 2753 2743
l 2743 2754
l 2754 2744
l 2744 2755
l 2755 2745
l 2745 2756
l 2756 2757
l 2757 2746
l 2747 2758
l 2758 2748
l 2748 2759
l 2759 2749
l 2749 2760
l 2760 2750
l 2750 2761
l 2761 2751
l 2751 2762
l 2762 2752
l 2752 2763
l 2763 2753
l 2753 2764
l 2764 2754
l 2754 2765
l 2765 2755
l 2755 2766
l 2766 2756
l 2756 2767
l 2767 2768
l 2768 2757
l 2758 2769
l 2769 2759
l 2759 2770
l 2770 2760
l 2760 2771
l 2771 2761
l 2761 2772
l 2772 2762
l 2762 2773
l 2773 2763
l 2763 2774
l 2774 2764
l 2764 2775
l 2775 2765
l 2765 2776
l 2776 2766
l 2766 2777
l 2777 2767
l 2767 2778
l 2778 2779
l 2779 2768
l 2769 2780
l 2780 2770
l 2770 2781
l 2781 2771
l 2771 2782
l 2782 2772
l 2772 2783
l 2783 2773
l 2773 2784
l 2784 2774
l 2774 2785
l 2785 2775
l 2775 2786
l 2786 2776
l 2776 2787
l 2787 2777
l 2777 2788
l 2788 2778
l 2778 2789
l 2789 2790
l 2790 2779
l 2780 2791
l 2791 2781
l 2781 2792
l 2792 2782
l 2782 2793
l 2793 2783
l 2783 2794
l 2794 2784
l 2784 2795
l 2795 2785
l 2785 2796
l 2796 2786
l 2786 2797
l 2797 2787
l 2787 2798
l 2798 2788
l 2788 2799
l 2799 2789
l 2789 2800
l 2800 2801
l 2801 2790
l 2791 2802
l 2802 2792
l 2792 2803
l 2803 2793
l 2793 2804
l 2804 2794
l 2794 2805
l 2805 2795
l 2795 2806
l 2806 2796
l 2796 2807
l 2807 2797
l 2797 2808
l 2808 2798
l 2798 2809
l 2809 2799
l 2799 2810
l 2810 2800
l 2800 2811
l 2811 2812
l 2812 2801
l 2802 2813
l 2813 2803
l 2803 2814
l 2814 2804
l 2804 2815
l 2815 2805
l 2805 2816
l 2816 2806
l 2806 2817
l 2817 2807
l 2807 2818
l 2818 2808
l 2808 2819
l 2819 2809
l 2809 2820
l 2820 2810
l 2810 2821
l 2821 2811
l 2811 2822
l 2822 2823
l 2823 2812
l 2813 2824
l 2824 2814
l 2814 2825
l 2825 2815
l 2815 2826
l 2826 2816
l 2816 2827
l 2827 2817
l 2817 2828
l 2828 2818
l 2818 2829
l 2829 2819
l 2819 2830
l 2830 2820
l 2820 2831
l 2831 2821
l 2821 2832
l 2832 2822
l 2822 2833
l 2833 2834
l 2834 2823
l 2824 2835
l 2835 2825
l 2825 2836
l 2836 2826
l 2826 2837
l 2837 2827
l 2827 2838
l 2838 2828
l 2828 2839
l 2839 2829
l 2829 2840
l 2840 2830
l 2830 2841
l 2841 2831
l 2831 2842
l 2842 2832
l 2832 2843
l 2843 2833
l 2833 2844
l 2844 2845
l 2845 2834
l 2835 2846
l 2846 2836
l 2836 2847
l 2847 2837
l 2837 2848
l 2848 2838
l 2838 2849
l 2849 2839
l 2839 2850
l 2850 2840
l 2840 2851
l 2851 2841
l 2841 2852
l 2852 2842
l 2842 2853
l 2853 2843
l 2843 2854
l 2854 2844
l 2844 2855
l 2855 2856
l 2856 2845
l 2846 2857
l 2857 2847
l 2847 2858
l 2858 2848
l 2848 2859
l 2859 2849
l 2849 2860
l 2860 2850
l 2850 2861
l 2861 2851
l 2851 2862
l 2862 2852
l 2852 2863
l 2863 2853
l 2853 2864
l 2864 2854
l 2854 2865
l 2865 2855
l 2855 2866
l 2866 2867
l 2867 2856
l 2857 2868
l 2868 2858
l 2858 2869
l 2869 2859
l 2859 2870
l 2870 2860
l 2860 2871
l 2871 2861
l 2861 2872
l 2872 2862
l 2862 2873
l 2873 2863
l 2863 2874
l 2874 2864
l 2864 2875
l 2875 2865
l 2865 2876
l 2876 2866
l 2866 2877
l 2877 2878
l 2878 2867
l 2868 2879
l 2879 2869
l 2869 2880
l 2880 2870
l 2870 2881
l 2881 2871
l 2871 2882
l 2882 2872
l 2872 2883
l 2883 2873
l 2873 2884
l 2884 2874
l 2874 2885
l 2885 2875
l 2875 2886
l 2886 2876
l 2876 2887
l 2887 2877
l 2877 2888
l 2888 2889
l 2889 2878
l 2879 2890
l 2890 2880
l 2880 2891
l 2891 2881
l 2881 2892
l 2892 2882
l 2882 2893
l 2893 2883
l 2883 2894
l 2894 2884
l 2884 2895
l 2895 2885
l 2885 2896
l 2896 2886
l 2886 2897
l 2897 2887
l 2887 2898
l 2898 2888
l 2888 2899
l 2899 2900
l 2900 2889
l 2890 2901
l 2901 2891
l 2891 2902
l 2902 2892
l 2892 2903
l 2903 2893
l 2893 2904
l 2904 2894
l 2894 2905
l 2905 2895
l 2895 2906
l 2906 2896
l 2896 2907
l 2907 2897
l 2897 2908
l 2908 2898
l 2898 2909
l 2909 2899
l 2899 2910
l 2910 2911
l 2911 2900
l 2901 2912
l 2912 2902
l 2902 2913
l 2913 2903
l 2903 2914
l 2914 2904
l 2904 2915
l 2915 2905
l 2905 2916
l 2916 2906
l 2906 2917
l 2917 2907
l 2907 2918
l 2918 2908
l 2908 2919
l 2919 2909
l 2909 2920
l 2920 2910
l 2910 2921
l 2921 2922
l 2922 2911
l 2912 2923
l 2923 2913
l 2913 2924
l 2924 2914
l 2914 2925
l 2925 2915
l 2915 2926
l 2926 2916
l 2916 2927
l 2927 2917
l 2917 2928
l 2928 2918
l 2918 2929
l 2929 2919
l 2919 2930
l 2930 2920
l 2920 2931
l 2931 2921
l 2921 2932
l 2932 2933
l 2933 2922
l 2923 2934
l 2934 2924
l 2924 2935
l 2935 2925
l 2925 2936
l 2936 2926
l 2926 2937
l 2937 2927
l 2927 2938
l 2938 2928
l 2928 2939
l 2939 2929
l 2929 2940
l 2940 2930
l 2930 2941
l 2941 2931
l 2931 2942
l 2942 2932
l 2932 2943
l 2943 2944
l 2944 2933
l 2934 2945
l 2945 2935
l 2935 2946
l 2946 2936
l 2936 2947
l 2947 2937
l 2937 2948
l 2948 2938
l 2938 2949
l 2949 2939
l 2939 2950
l 2950 2940
l 2940 2951
l 2951 2941
l 2941 2952
l 2952 2942
l 2942 2953
l 2953 2943
l 2943 2954
l 2954 2955
l 2955 2944
l 2945 2956
l 2956 2946
l 2946 2957
l 2957 2947
l 2947 2958
l 2958 2948
l 2948 2959
l 2959 2949
l 2949 2960
l 2960 2950
l 2950 2961
l 2961 2951
l 2951 2962
l 2962 2952
l 2952 2963
l 2963 2953
l 2953 2964
l 2964 2954
l 2954 2965
l 2965 2966
l 2966 2955
l 2956 2967
l 2967 2957
l 2957 2968
l 2968 2958
l 2958 2969
l 2969 2959
l 2959 2970
l 2970 2960
l 2960 2971
l 2971 2961
l 2961 2972
l 2972 2962
l 2962 2973
l 2973 2963
l 2963 2974
l 2974 2964
l 2964 2975
l 2975 2965
l 2967 2976
l 2976 2968
l 2968 2977
l 2977 2969
l 2969 2978
l 2978 2970
l 2970 2979
l 2979 2971
l 2971 2980
l 2980 2972
l 2972 2981
l 2981 2973
l 2973 2982
l 2982 2974
l 2974 2983
l 2983 2975
l 2976 2984
l 2984 2977
l 2977 2985
l 2985 2978
l 2978 2986
l 2986 2979
l 2979 2987
l 2987 2980
l 2980 2988
l 2988 2981
l 2981 2989
l 2989 2982
l 2982 2990
l 2990 2983
l 2984 2991
l 2991 2985
l 2985 2992
l 2992 2986
l 2986 2993
l 2993 2987
l 2987 2994
l 2994 2988
l 2988 2995
l 2995 2989
l 2989 2996
l 2996 2990
l 2991 2997
l 2997 2992
l 2992 2998
l 2998 2993
l 2993 2999
l 2999 2994
l 2994 3000
l 3000 2995
l 2995 3001
l 3001 2996
l 3002 3003
l 3004 3002
l 3003 3005
l 3006 3003
l 3004 3006
l 3007 3004
l 3005 3008
l 3009 3005
l 3006 3009
l 3010 3006
l 3007 3010
l 3011 3007
l 3008 2997
l 2998 3008
l 3009 2998
l 2999 3009
l 3010 2999
l 3000 3010
l 3011 3000
l 3001 3011
l 1909 3012
l 1912 1909
l 3013 1912
l 1914 3013
l 3014 1914
l 1916 3014
l 1919 1916
l 3015 1919
l 3012 3016
l 3013 3012
l 3017 3013
l 3014 3017
l 3015 3014
l 3018 3015
l 3016 3019
l 3017 3016
l 3018 3017
l 3019 3018


