#OBJ File generated by Abaqus/CAE
#List of Vertices
v 0.00994885 -0.000189619 -0.000536054
v 0.00996211 0.00103013 -0.00050467
v 0.00814762 0.00165465 -0.000438492
v 0.00152866 0.00843707 -8.48795e-05
v 0.0100243 0.00550208 -0.000389416
v -1.38596e-07 0.0100012 -1.04702e-06
v 0.0100791 0.0099063 -0.000271819
v 1.95231e-06 0.00944197 -3.8763e-06
v 4.98551e-07 0.00701054 -1.28753e-07
v 0.00717638 -0.000134504 -0.000387312
v 1.21274e-08 0.00458506 -3.29271e-06
v 0.00337204 -6.20885e-05 -0.00018347
v 3.14362e-06 0.00215298 -3.48523e-06
v -1.07193e-06 2.21658e-06 -1.0675e-06
v 0.0102267 0.00975611 -0.000293038
v 0.0102091 0.00990691 -0.00028425
v 0.0185497 0.0098235 -0.00100096
v 0.0195424 0.000208516 -0.00157531
v 0.020059 0.00980934 -0.00113367
v 0.0199715 -0.000233566 -0.001632
v 0.0107687 -0.000191056 -0.000626479
v 0.0137908 -0.000205027 -0.000957334
v 0.0168094 -0.000217346 -0.00128656
v 0.0198305 -0.000232145 -0.00161564
v 0.0284869 0.00117042 -0.00283163
v 0.0290263 0.00978507 -0.00231218
v 0.0300453 0.00978338 -0.0024472
v 0.0298958 -0.000271195 -0.00311753
v 0.0286538 -0.000269529 -0.00293036
v 0.039781 -0.000277366 -0.00495426
v 0.0399421 0.00975723 -0.0041664
v 0.0497857 0.00975671 -0.00626325
v 0.0448232 0.00975516 -0.0052068
v 0.0496261 0.00236305 -0.00690114
v 0.0495705 -0.000280891 -0.00713034
v 0.0592846 -0.000273163 -0.00963358
v 0.0592874 -7.8404e-05 -0.00961384
v 0.0588369 0.000198061 -0.00947405
v 0.0595265 0.009756 -0.00871599
v 0.0688918 -0.000264609 -0.0124564
v 0.0689033 0.000148925 -0.0124145
v 0.0683799 0.000280205 -0.0122493
v 0.0691844 0.00976303 -0.011513
v 0.0784035 -0.000254597 -0.0155927
v 0.0784284 0.000473972 -0.0155232
v 0.077641 0.000575751 -0.0152557
v 0.0787281 0.00976787 -0.0146349
v 0.0878025 -0.00024989 -0.0190319
v 0.087836 0.000612639 -0.0189513
v 0.0869737 0.000667654 -0.0186319
v 0.08817 0.00977187 -0.0180752
v 0.0970892 -0.000244708 -0.022771
v 0.0971209 0.000540744 -0.0226981
v 0.096362 0.000571613 -0.0223878
v 0.0974865 0.00977477 -0.0218172
v 0.106251 -0.000242 -0.0267977
v 0.10627 0.000276017 -0.0267496
v 0.105782 0.000292859 -0.0265327
v 0.106681 0.00977872 -0.0258558
v 0.115284 -0.000241429 -0.0311048
v 0.115287 -0.000152678 -0.0310999
v 0.115205 -0.000150407 -0.0310577
v 0.109837 0.00977629 -0.0273593
v 0.11573 0.00954017 -0.0301964
v 0.115743 0.00977785 -0.0301761
v 0.12418 -0.000239947 -0.0356848
v 0.124637 0.00914887 -0.0348282
v 0.115955 0.00952558 -0.0303137
v 0.124669 0.0097771 -0.034773
v 0.116722 -0.000241024 -0.0318445
v 0.132934 -0.000241641 -0.0405259
v 0.133398 0.00874939 -0.039726
v 0.125217 0.00911085 -0.0351529
v 0.133449 0.00977606 -0.0396335
v 0.141545 -0.000246702 -0.0456254
v 0.142007 0.00833051 -0.0448785
v 0.134329 0.00868452 -0.0402835
v 0.142085 0.00977084 -0.0447526
v 0.150003 -0.000251192 -0.0509726
v 0.15046 0.00789187 -0.0502803
v 0.143297 0.00823611 -0.0457042
v 0.150565 0.00976549 -0.0501196
v 0.158302 -0.000258972 -0.0565561
v 0.158754 0.0074413 -0.0559215
v 0.152107 0.00776932 -0.0514012
v 0.158887 0.00976023 -0.0557287
v 0.166444 -0.000265806 -0.0623793
v 0.16688 0.00698421 -0.0617946
v 0.160746 0.00729442 -0.0573646
v 0.167049 0.00975138 -0.0615721
v 0.174417 -0.000275176 -0.0684239
v 0.174841 0.0065134 -0.0678894
v 0.169211 0.0068084 -0.0635832
v 0.175041 0.00973946 -0.0676372
v 0.182219 -0.000286531 -0.0746844
v 0.182628 0.00604329 -0.0742056
v 0.177497 0.00631198 -0.0700479
v 0.182862 0.00972929 -0.073924
v 0.18985 -0.000298947 -0.0811588
v 0.190238 0.00557385 -0.0807262
v 0.18559 0.00581603 -0.0767457
v 0.190511 0.00971766 -0.0804249
v 0.197305 -0.000315633 -0.0878361
v 0.19767 0.0051111 -0.0874505
v 0.193483 0.00532833 -0.0836678
v 0.197981 0.00970163 -0.0871254
v 0.204577 -0.000331406 -0.0947094
v 0.204919 0.00464519 -0.0943676
v 0.201177 0.00483785 -0.0907995
v 0.205266 0.00968621 -0.0940221
v 0.211666 -0.000349208 -0.101775
v 0.211983 0.00416924 -0.101477
v 0.208671 0.00434588 -0.0981475
v 0.212368 0.00966855 -0.101111
v 0.218565 -0.000367599 -0.10902
v 0.218854 0.00367272 -0.108764
v 0.215972 0.00383247 -0.10571
v 0.219282 0.00964998 -0.108384
v 0.225277 -0.000389121 -0.116444
v 0.225535 0.00315239 -0.11623
v 0.223076 0.00329653 -0.113483
v 0.226007 0.00962801 -0.115833
v 0.231797 -0.000411868 -0.124038
v 0.232018 0.00259058 -0.123862
v 0.229988 0.00272501 -0.121474
v 0.232534 0.00960441 -0.123449
v 0.238119 -0.000433636 -0.131793
v 0.238299 0.00196744 -0.131659
v 0.236716 0.00208906 -0.129695
v 0.238867 0.00958143 -0.13123
v 0.24425 -0.000460034 -0.139706
v 0.244385 0.00132532 -0.139611
v 0.243242 0.00141954 -0.138122
v 0.245003 0.00955769 -0.139168
v 0.25018 -0.000484334 -0.147765
v 0.250272 0.000716664 -0.147701
v 0.249529 0.000774438 -0.146685
v 0.250945 0.00952806 -0.147252
v 0.255917 -0.000516036 -0.155966
v 0.255965 0.000118153 -0.155934
v 0.25559 0.000145599 -0.155391
v 0.256684 0.00949917 -0.155476
v 0.261452 -0.000544363 -0.164303
v 0.261457 -0.000487955 -0.1643
v 0.261424 -0.000484689 -0.16425
v 0.262226 0.00946962 -0.163837
v 0.26679 -0.000578788 -0.172766
v 0.267571 0.00943408 -0.172326
v 0.262003 -0.000551234 -0.165173
v 0.271929 -0.000616685 -0.181351
v 0.272715 0.00939949 -0.180938
v 0.276865 -0.000651447 -0.190057
v 0.277657 0.0093603 -0.189664
v 0.281603 -0.000693205 -0.198874
v 0.282395 0.00932268 -0.198502
v 0.286135 -0.000735824 -0.207797
v 0.286931 0.00928019 -0.207448
v 0.29046 -0.000781138 -0.21682
v 0.291261 0.00923478 -0.216496
v 0.294578 -0.000826648 -0.225942
v 0.29538 0.009189 -0.225639
v 0.298489 -0.000873743 -0.235156
v 0.299293 0.00914161 -0.234876
v 0.302191 -0.000923645 -0.244455
v 0.302995 0.00909542 -0.244201
v 0.305683 -0.000973419 -0.253835
v 0.306487 0.00904099 -0.2536
v 0.308966 -0.0010241 -0.26329
v 0.309768 0.00898951 -0.263078
v 0.312043 -0.0010806 -0.272814
v 0.312837 0.00893596 -0.272624
v 0.314914 -0.00113484 -0.282407
v 0.315697 0.00888393 -0.282237
v 0.318353 0.00882584 -0.291905
v 0.316218 0.008871 -0.284124
v 0.318289 0.00799824 -0.291919
v 0.317577 -0.0011905 -0.292052
v 0.320043 -0.00124713 -0.301754
v 0.320668 0.00690286 -0.301651
v 0.318514 0.00787391 -0.292838
v 0.32081 0.00876712 -0.301627
v 0.322316 -0.0013087 -0.311502
v 0.322858 0.00590272 -0.311425
v 0.321126 0.00664168 -0.303709
v 0.323069 0.00870855 -0.311394
v 0.324395 -0.00137127 -0.321291
v 0.324863 0.00495309 -0.321236
v 0.323488 0.00553477 -0.314516
v 0.325141 0.00864584 -0.321205
v 0.326284 -0.00143548 -0.331119
v 0.326688 0.00402028 -0.331082
v 0.325613 0.00449345 -0.325289
v 0.327024 0.0085824 -0.331053
v 0.327987 -0.0015022 -0.340981
v 0.328324 0.0031038 -0.340958
v 0.32751 0.00348796 -0.33607
v 0.328721 0.00851294 -0.340931
v 0.329505 -0.00156843 -0.350878
v 0.329778 0.00219737 -0.350862
v 0.329186 0.00250416 -0.346861
v 0.330229 0.00844452 -0.35084
v 0.330837 -0.00163953 -0.360796
v 0.331049 0.00129696 -0.360791
v 0.330646 0.00152907 -0.357669
v 0.331553 0.00837592 -0.360777
v 0.33199 -0.00171258 -0.370741
v 0.33214 0.000395724 -0.37074
v 0.331891 0.000558163 -0.368495
v 0.332696 0.00830576 -0.370738
v 0.332956 -0.00178468 -0.380702
v 0.333049 -0.000516838 -0.380705
v 0.332924 -0.000418691 -0.379352
v 0.333659 0.0082285 -0.380715
v 0.333746 -0.0018614 -0.39068
v 0.333777 -0.00144378 -0.390682
v 0.333745 -0.00141108 -0.390239
v 0.33444 0.00815537 -0.39071
v 0.334356 -0.0019357 -0.400671
v 0.335042 0.00807649 -0.400712
v 0.334043 -0.00189771 -0.395519
v 0.334792 -0.00201337 -0.410672
v 0.335471 0.00799888 -0.410728
v 0.335058 -0.00209588 -0.42068
v 0.335722 0.00792098 -0.420748
v 0.335144 -0.00217635 -0.430687
v 0.335799 0.00784116 -0.430769
v 0.335063 -0.00225638 -0.440698
v 0.335712 0.0077577 -0.440793
v 0.334816 -0.00234213 -0.450705
v 0.335453 0.00767311 -0.450811
v 0.334402 -0.00242664 -0.460707
v 0.335029 0.00758561 -0.460824
v 0.333824 -0.00251632 -0.470699
v 0.334435 0.00750192 -0.470827
v 0.333087 -0.00260431 -0.480684
v 0.333685 0.00741132 -0.480821
v 0.332187 -0.00269268 -0.490656
v 0.332771 0.00732485 -0.490803
v 0.331131 -0.00278341 -0.500612
v 0.3317 0.00723156 -0.500765
v 0.329917 -0.0028738 -0.510547
v 0.330472 0.0071428 -0.510713
v 0.328557 -0.00296103 -0.52047
v 0.329088 0.00705247 -0.520636
v 0.327051 -0.00305045 -0.530368
v 0.327556 0.00696389 -0.530539
v 0.325409 -0.00314289 -0.54024
v 0.325888 0.00687197 -0.540416
v 0.323641 -0.00323073 -0.550095
v 0.324093 0.00678072 -0.55027
v 0.321755 -0.00332449 -0.559924
v 0.322184 0.00668453 -0.560102
v 0.32016 0.00659055 -0.569909
v 0.320996 0.00663237 -0.56585
v 0.320081 0.00464302 -0.569874
v 0.319755 -0.00342179 -0.569727
v 0.317647 -0.00351605 -0.579511
v 0.31776 -0.000664875 -0.579565
v 0.319076 0.00222647 -0.574059
v 0.318038 0.00649169 -0.579697
v 0.315441 -0.00361457 -0.589275
v 0.315809 0.00639411 -0.589457
v 0.316505 -0.00356997 -0.584559
v 0.313133 -0.00371578 -0.599012
v 0.313486 0.00629466 -0.599198
v 0.310726 -0.00381837 -0.608724
v 0.311065 0.00619456 -0.608914
v 0.308227 -0.00391652 -0.618419
v 0.308555 0.00609489 -0.61861
v 0.305639 -0.00402277 -0.628084
v 0.305954 0.00599218 -0.62828
v 0.302959 -0.00412232 -0.637729
v 0.303262 0.00588732 -0.63792
v 0.300193 -0.00422803 -0.647346
v 0.300483 0.00578587 -0.64754
v 0.297345 -0.00432967 -0.656945
v 0.297624 0.00567946 -0.657134
v 0.294411 -0.00443574 -0.666512
v 0.294679 0.00557826 -0.666705
v 0.291397 -0.00454074 -0.676055
v 0.291659 0.00546895 -0.676248
v 0.288304 -0.00464385 -0.685574
v 0.288557 0.00536649 -0.685769
v 0.285136 -0.00474905 -0.695068
v 0.285381 0.00526208 -0.695266
v 0.281895 -0.00485566 -0.704537
v 0.282131 0.00515171 -0.70473
v 0.278585 -0.00496312 -0.713982
v 0.278808 0.00504548 -0.714173
v 0.275204 -0.00507077 -0.723403
v 0.275416 0.00493928 -0.723592
v 0.27175 -0.00517805 -0.732793
v 0.271959 0.00483357 -0.732988
v 0.268234 -0.00528442 -0.742164
v 0.268434 0.00472423 -0.742355
v 0.264654 -0.00539423 -0.751509
v 0.264847 0.00461644 -0.751702
v 0.261012 -0.00550222 -0.760831
v 0.261198 0.00450582 -0.761021
v 0.257311 -0.00561292 -0.770129
v 0.257486 0.00439757 -0.770316
v 0.253547 -0.005721 -0.779403
v 0.253719 0.00428729 -0.77959
v 0.249728 -0.00583109 -0.788653
v 0.249897 0.0041753 -0.78884
v 0.245852 -0.00594288 -0.797879
v 0.246016 0.00406689 -0.798068
v 0.241918 -0.00605115 -0.807082
v 0.242081 0.00395754 -0.80727
v 0.23793 -0.00615541 -0.816265
v 0.238094 0.00384761 -0.816449
v 2.24283e-06 0.0200011 -3.28696e-06
v 0.000784033 0.0192181 -2.43912e-05
v 0.004043 0.0199763 -8.65539e-05
v 0.0100806 0.0199399 -0.000211278
v 0.010083 0.0185243 -0.00021919
v 0.00310089 0.0168988 -8.76493e-05
v 0.0100796 0.0156701 -0.000238062
v 0.00541423 0.0145793 -0.000147308
v 0.0100804 0.0128084 -0.000253632
v 0.0077292 0.0122639 -0.000212655
v 0.0100792 0.00995159 -0.000272142
v 0.0100427 0.00994418 -0.000272319
v 3.44512e-06 0.0193368 -3.0507e-06
v 6.65763e-07 0.0173788 6.60492e-08
v 3.88345e-07 0.0154234 -1.93679e-06
v 1.12769e-06 0.0134664 -3.35391e-06
v -7.56841e-07 0.0115078 -5.91076e-07
v 0.0122148 0.0177729 -0.000407882
v 0.0148084 0.0199117 -0.0005353
v 0.020146 0.0198849 -0.000898434
v 0.0201169 0.0163555 -0.000980011
v 0.0165277 0.0133944 -0.000806836
v 0.0301242 0.0198305 -0.00207339
v 0.0400733 0.0198204 -0.00369471
v 0.0374932 0.0198219 -0.00327177
v 0.0400189 0.0155551 -0.00389442
v 0.049923 0.0198059 -0.00571478
v 0.0597045 0.0198073 -0.00812122
v 0.053327 0.0198052 -0.0065521
v 0.0596206 0.0150691 -0.00840217
v 0.0692285 0.0120199 -0.0113719
v 0.0654331 0.0137406 -0.0101729
v 0.069378 0.0198073 -0.0108872
v 0.0787557 0.0108195 -0.0145684
v 0.0774047 0.0111882 -0.0141032
v 0.0719809 0.0198093 -0.0117335
v 0.0789135 0.0179206 -0.014118
v 0.0789581 0.0198123 -0.0139989
v 0.0881844 0.0103277 -0.0180403
v 0.0875642 0.0104331 -0.0178081
v 0.0807684 0.0178384 -0.0147999
v 0.0883346 0.016563 -0.0176366
v 0.0884169 0.0198124 -0.017429
v 0.0974952 0.0100529 -0.0218007
v 0.09721 0.0100833 -0.0216859
v 0.0914283 0.0164773 -0.0188848
v 0.0976524 0.0158614 -0.0214293
v 0.0977586 0.0198167 -0.0211723
v 0.106682 0.00985284 -0.0258511
v 0.106611 0.00985624 -0.0258187
v 0.101348 0.0157795 -0.0230564
v 0.106847 0.0154374 -0.0254943
v 0.106973 0.0198185 -0.0252141
v 0.11591 0.0151604 -0.0298351
v 0.110881 0.0153424 -0.027423
v 0.116058 0.0198158 -0.0295407
v 0.124839 0.0149509 -0.0344483
v 0.120138 0.0150584 -0.032021
v 0.125002 0.0198156 -0.0341467
v 0.133627 0.0147891 -0.0393264
v 0.129184 0.0148452 -0.0368638
v 0.133803 0.0198107 -0.0390176
v 0.142264 0.0146469 -0.0444596
v 0.138037 0.014679 -0.0419514
v 0.142456 0.019809 -0.0441517
v 0.150748 0.0145069 -0.0498397
v 0.146717 0.0145293 -0.0472874
v 0.150953 0.0198027 -0.0495317
v 0.159072 0.0143715 -0.0554641
v 0.155234 0.0143858 -0.0528742
v 0.159293 0.019796 -0.0551574
v 0.167236 0.0142322 -0.0613237
v 0.163577 0.0142432 -0.058698
v 0.167469 0.0197854 -0.0610141
v 0.17523 0.0140888 -0.0674064
v 0.171755 0.0141012 -0.0647643
v 0.175476 0.0197755 -0.0670982
v 0.183052 0.0139433 -0.0737059
v 0.179757 0.0139564 -0.0710552
v 0.183313 0.0197632 -0.0734021
v 0.190699 0.0138026 -0.0802171
v 0.187576 0.0138111 -0.0775606
v 0.19097 0.0197493 -0.0799133
v 0.198167 0.013664 -0.0869287
v 0.195211 0.0136719 -0.084276
v 0.198452 0.0197348 -0.0866332
v 0.205453 0.0135309 -0.0938422
v 0.202656 0.013535 -0.0911911
v 0.205751 0.0197169 -0.0935477
v 0.212551 0.0133905 -0.100941
v 0.209915 0.0133956 -0.0983069
v 0.212862 0.0197007 -0.100653
v 0.219464 0.0132426 -0.108227
v 0.216983 0.0132491 -0.105614
v 0.219785 0.0196795 -0.107941
v 0.226184 0.0130839 -0.115687
v 0.223861 0.0130919 -0.11311
v 0.226516 0.0196588 -0.115407
v 0.232704 0.0129077 -0.123317
v 0.230551 0.0129172 -0.120798
v 0.233054 0.0196366 -0.123044
v 0.239031 0.0126966 -0.131109
v 0.237055 0.0127133 -0.128679
v 0.239395 0.019611 -0.130841
v 0.245159 0.0124833 -0.139058
v 0.243362 0.0124984 -0.136732
v 0.245538 0.0195887 -0.138797
v 0.251093 0.0122894 -0.147154
v 0.249456 0.012297 -0.144923
v 0.251482 0.0195604 -0.146897
v 0.256826 0.0121033 -0.15539
v 0.255336 0.0121097 -0.153253
v 0.257233 0.0195288 -0.155141
v 0.26236 0.0118928 -0.163759
v 0.261016 0.011907 -0.16173
v 0.262779 0.0194966 -0.163516
v 0.267695 0.0116726 -0.17226
v 0.266497 0.0116875 -0.170352
v 0.268126 0.0194624 -0.172022
v 0.27283 0.0114762 -0.180879
v 0.271763 0.0114862 -0.179087
v 0.273272 0.0194293 -0.180652
v 0.277767 0.0113281 -0.189611
v 0.276796 0.0113348 -0.187898
v 0.27822 0.0193917 -0.1894
v 0.282502 0.0112155 -0.198456
v 0.281612 0.0112159 -0.196788
v 0.282963 0.0193517 -0.198255
v 0.287036 0.0110727 -0.207408
v 0.286222 0.0110849 -0.205805
v 0.2875 0.0193069 -0.207215
v 0.286224 0.0110809 -0.205803
v 0.291355 0.0108891 -0.216463
v 0.290642 0.010898 -0.214964
v 0.29183 0.0192637 -0.216279
v 0.295467 0.0106824 -0.225612
v 0.294852 0.010695 -0.224247
v 0.295952 0.0192202 -0.225443
v 0.299369 0.0104798 -0.234853
v 0.298847 0.0104873 -0.233621
v 0.299863 0.0191711 -0.234692
v 0.303062 0.0102673 -0.24418
v 0.302628 0.0102694 -0.243088
v 0.303563 0.0191232 -0.24403
v 0.306543 0.010029 -0.253586
v 0.306199 0.0100304 -0.252662
v 0.307056 0.0190711 -0.253449
v 0.309812 0.00977545 -0.263068
v 0.309557 0.00977342 -0.262328
v 0.310335 0.0190178 -0.262942
v 0.312868 0.00946583 -0.27262
v 0.312705 0.00946593 -0.272115
v 0.313401 0.0189663 -0.272506
v 0.315703 0.00899207 -0.282235
v 0.315671 0.00899465 -0.28213
v 0.316258 0.0189079 -0.282131
v 0.318907 0.0188515 -0.291817
v 0.321358 0.0187947 -0.301556
v 0.32361 0.0187344 -0.311336
v 0.325675 0.0186707 -0.321159
v 0.325176 0.0186866 -0.318782
v 0.325674 0.0186557 -0.321162
v 0.327548 0.0185064 -0.331023
v 0.325677 0.0186543 -0.32118
v 0.327552 0.018607 -0.331021
v 0.329231 0.018337 -0.340913
v 0.327565 0.0184991 -0.331124
v 0.329243 0.0185377 -0.340913
v 0.330728 0.0181494 -0.350835
v 0.329261 0.01833 -0.341122
v 0.330747 0.01847 -0.350837
v 0.332043 0.0179497 -0.360785
v 0.330772 0.0181353 -0.351167
v 0.332066 0.0183983 -0.360782
v 0.333175 0.0177427 -0.370756
v 0.332095 0.017928 -0.361248
v 0.333202 0.0183295 -0.370756
v 0.334122 0.0175323 -0.380743
v 0.333231 0.0177146 -0.371357
v 0.334159 0.018254 -0.380745
v 0.334891 0.0173161 -0.390746
v 0.334178 0.0174997 -0.381488
v 0.334932 0.0181788 -0.390747
v 0.335481 0.0170871 -0.400758
v 0.334943 0.0172763 -0.39164
v 0.335532 0.0181023 -0.400766
v 0.335894 0.0168582 -0.410783
v 0.335525 0.0170399 -0.401809
v 0.335951 0.0180231 -0.410788
v 0.336134 0.0166248 -0.42081
v 0.335924 0.0168011 -0.411992
v 0.336196 0.0179439 -0.420817
v 0.3362 0.016383 -0.430838
v 0.336142 0.0165604 -0.422179
v 0.336271 0.017863 -0.430851
v 0.336099 0.0161306 -0.440868
v 0.336187 0.0163074 -0.432378
v 0.336175 0.0177787 -0.440882
v 0.335823 0.0158759 -0.45089
v 0.336049 0.0160479 -0.442582
v 0.335908 0.0176936 -0.450908
v 0.335387 0.0156187 -0.46091
v 0.335742 0.0157783 -0.45279
v 0.335474 0.01761 -0.460931
v 0.334784 0.0153815 -0.470918
v 0.335259 0.0155114 -0.462984
v 0.334874 0.0175218 -0.470941
v 0.334016 0.0151863 -0.480915
v 0.33461 0.0152691 -0.47315
v 0.334115 0.0174355 -0.480947
v 0.333092 0.0150126 -0.4909
v 0.333799 0.0150592 -0.483263
v 0.333188 0.0173447 -0.49093
v 0.332009 0.014822 -0.500869
v 0.332823 0.0148656 -0.493342
v 0.332104 0.0172559 -0.500901
v 0.330759 0.014523 -0.510815
v 0.331684 0.0146376 -0.503438
v 0.330864 0.0171628 -0.510852
v 0.329348 0.0139723 -0.520736
v 0.330351 0.0142555 -0.513668
v 0.329466 0.0170723 -0.520781
v 0.327777 0.0130119 -0.53063
v 0.328793 0.0135001 -0.524227
v 0.327921 0.0169834 -0.53069
v 0.32605 0.0115982 -0.540488
v 0.326959 0.012189 -0.5353
v 0.326234 0.016891 -0.540571
v 0.324198 0.00990622 -0.550322
v 0.324846 0.0103299 -0.546864
v 0.324423 0.016795 -0.550427
v 0.322221 0.00795351 -0.560121
v 0.322497 0.00811307 -0.558734
v 0.322491 0.0167038 -0.560261
v 0.320454 0.0166065 -0.570069
v 0.318312 0.0165097 -0.579857
v 0.316074 0.0164103 -0.589622
v 0.31374 0.0163097 -0.599364
v 0.311308 0.016209 -0.60908
v 0.30879 0.0161046 -0.618774
v 0.306174 0.016002 -0.62844
v 0.303473 0.0159023 -0.638088
v 0.300688 0.0157971 -0.647706
v 0.297819 0.0156917 -0.657301
v 0.294868 0.015587 -0.66687
v 0.291837 0.0154839 -0.676417
v 0.288729 0.0153784 -0.685936
v 0.285548 0.0152711 -0.695431
v 0.282289 0.0151628 -0.704897
v 0.278959 0.0150587 -0.714341
v 0.275563 0.01495 -0.723759
v 0.272101 0.0148421 -0.733155
v 0.268569 0.0147354 -0.742524
v 0.264974 0.0146256 -0.751866
v 0.261321 0.0145132 -0.761184
v 0.25761 0.0144033 -0.770483
v 0.253833 0.0142966 -0.779754
v 0.250008 0.0141834 -0.789003
v 0.246126 0.0140741 -0.79823
v 0.242192 0.013964 -0.807435
v 0.238201 0.0138584 -0.816615
v 0.0100909 0.0231356 -0.000207626
v 0.00767562 0.0223404 -0.000161195
v 0.00291544 0.027091 -6.14849e-05
v 0.0101032 0.0294586 -0.000199117
v 2.7175e-06 0.0300014 -4.03167e-06
v 0.0101011 0.0299659 -0.00019489
v 4.05843e-08 0.0251953 -2.13209e-06
v 0.0104092 0.0296598 -0.000219386
v 0.0108304 0.0299624 -0.000239812
v 0.0199087 0.0299277 -0.000802775
v 0.014214 0.025838 -0.00048267
v 0.020162 0.0299246 -0.000817285
v 0.0201553 0.023546 -0.000869558
v 0.018021 0.0220197 -0.000751643
v 0.0301671 0.0259319 -0.00196981
v 0.0269291 0.0230702 -0.00167258
v 0.0301915 0.0298991 -0.00189985
v 0.0401338 0.0298755 -0.00343795
v 0.0500216 0.0298698 -0.00540466
v 0.051037 0.0288163 -0.0056903
v 0.0507764 0.0298689 -0.00558874
v 0.0598063 0.0298656 -0.00777323
v 0.0695088 0.0298658 -0.0105183
v 0.0671746 0.0298682 -0.00985938
v 0.0694325 0.0239912 -0.0107343
v 0.0790928 0.029868 -0.0136132
v 0.0885713 0.0298683 -0.0170383
v 0.0979242 0.0298721 -0.0207814
v 0.0894869 0.0298721 -0.0174074
v 0.097855 0.0256679 -0.020945
v 0.107037 0.0233307 -0.0250784
v 0.102582 0.0246966 -0.0230613
v 0.107155 0.0298709 -0.0248233
v 0.116102 0.0221479 -0.029452
v 0.11357 0.0226252 -0.0282223
v 0.116252 0.0298673 -0.029153
v 0.125038 0.021504 -0.0340828
v 0.123355 0.0217082 -0.0332082
v 0.12521 0.0298667 -0.0337651
v 0.133833 0.0211751 -0.038967
v 0.132554 0.021275 -0.0382553
v 0.134024 0.0298605 -0.0386426
v 0.142484 0.0209959 -0.044109
v 0.141413 0.0210518 -0.0434698
v 0.142688 0.0298575 -0.0437831
v 0.150981 0.0208788 -0.0494923
v 0.150039 0.0209154 -0.0488944
v 0.151198 0.0298495 -0.0491731
v 0.159318 0.0207977 -0.0551216
v 0.158467 0.0208228 -0.0545461
v 0.159548 0.0298411 -0.0548054
v 0.167493 0.020727 -0.0609818
v 0.166712 0.020746 -0.0604205
v 0.16773 0.0298326 -0.0606708
v 0.175501 0.0206598 -0.0670678
v 0.174782 0.0206746 -0.0665202
v 0.175747 0.0298209 -0.0667651
v 0.183335 0.0206062 -0.0733734
v 0.18267 0.0206191 -0.0728393
v 0.183594 0.0298066 -0.0730793
v 0.190994 0.020571 -0.0798901
v 0.190364 0.02058 -0.0793533
v 0.191259 0.0297948 -0.0796029
v 0.198474 0.0205501 -0.0866079
v 0.197866 0.0205541 -0.0860585
v 0.19875 0.0297785 -0.0863334
v 0.205774 0.0205322 -0.0935237
v 0.205178 0.0205393 -0.0929587
v 0.206055 0.0297628 -0.0932607
v 0.212887 0.0205161 -0.100631
v 0.212307 0.0205223 -0.100051
v 0.213173 0.0297449 -0.100377
v 0.21981 0.020494 -0.10792
v 0.219247 0.020499 -0.107327
v 0.220104 0.0297221 -0.107676
v 0.226542 0.0204662 -0.115388
v 0.226001 0.0204691 -0.114788
v 0.226839 0.0297001 -0.11515
v 0.233081 0.0204193 -0.123026
v 0.232571 0.0204185 -0.122429
v 0.233382 0.0296807 -0.122801
v 0.23942 0.0203591 -0.130826
v 0.238953 0.0203524 -0.130249
v 0.23973 0.0296542 -0.130609
v 0.24556 0.0203116 -0.138779
v 0.245128 0.0202988 -0.138216
v 0.245878 0.0296271 -0.138572
v 0.251512 0.0202916 -0.146883
v 0.251084 0.0202792 -0.146301
v 0.251829 0.0295979 -0.146684
v 0.257259 0.0202837 -0.155127
v 0.256836 0.0202695 -0.15452
v 0.25758 0.0295696 -0.15494
v 0.262805 0.0202373 -0.163506
v 0.262406 0.0202232 -0.1629
v 0.263132 0.0295366 -0.16333
v 0.268153 0.0201582 -0.172013
v 0.267786 0.0201492 -0.17143
v 0.268482 0.0295017 -0.171846
v 0.273297 0.0201002 -0.180641
v 0.272954 0.0200986 -0.180068
v 0.27363 0.0294679 -0.180488
v 0.278243 0.0200818 -0.189387
v 0.277905 0.0200852 -0.188787
v 0.278578 0.0294295 -0.189243
v 0.282989 0.0200629 -0.198243
v 0.282649 0.020072 -0.197608
v 0.283322 0.0293888 -0.198112
v 0.287526 0.0200028 -0.207207
v 0.287209 0.0200135 -0.206581
v 0.287861 0.0293478 -0.207087
v 0.291855 0.0199125 -0.216275
v 0.291572 0.0199171 -0.215683
v 0.292189 0.0293046 -0.216161
v 0.295971 0.0198304 -0.225434
v 0.295721 0.0198328 -0.224877
v 0.296313 0.0292574 -0.225334
v 0.295724 0.0198328 -0.22488
v 0.299884 0.0197875 -0.234687
v 0.299648 0.0197867 -0.234126
v 0.300224 0.0292089 -0.234594
v 0.303588 0.0197809 -0.244024
v 0.30335 0.0197762 -0.243421
v 0.303927 0.0291575 -0.243942
v 0.307082 0.019799 -0.253446
v 0.306835 0.0197874 -0.252777
v 0.307416 0.0291062 -0.25337
v 0.310365 0.0198315 -0.262939
v 0.310105 0.0198136 -0.262186
v 0.310696 0.0290535 -0.262878
v 0.313434 0.0198285 -0.272502
v 0.313176 0.0198058 -0.2717
v 0.31376 0.0289986 -0.272451
v 0.316285 0.0196879 -0.282131
v 0.316072 0.019664 -0.281409
v 0.316612 0.0289451 -0.28209
v 0.318925 0.0193638 -0.291815
v 0.318794 0.0193509 -0.291339
v 0.319258 0.0288855 -0.291783
v 0.321365 0.0190307 -0.301557
v 0.321309 0.0190248 -0.301337
v 0.321702 0.0288297 -0.301533
v 0.323614 0.0188144 -0.311336
v 0.323595 0.0188139 -0.31126
v 0.323955 0.0287668 -0.311325
v 0.326014 0.0287009 -0.321153
v 0.327889 0.0286355 -0.331025
v 0.329573 0.0285691 -0.340925
v 0.331076 0.0285005 -0.350859
v 0.33239 0.0284282 -0.360813
v 0.333523 0.0283592 -0.370794
v 0.334477 0.0282837 -0.380792
v 0.335248 0.0282087 -0.390804
v 0.33584 0.0281285 -0.400824
v 0.336257 0.0280502 -0.410856
v 0.336498 0.027972 -0.420893
v 0.336566 0.0278882 -0.43093
v 0.336466 0.0278055 -0.440969
v 0.336191 0.0277222 -0.451001
v 0.335753 0.0276363 -0.461029
v 0.33515 0.0275503 -0.47105
v 0.334383 0.027462 -0.481057
v 0.333453 0.0273693 -0.491046
v 0.332362 0.0272786 -0.501021
v 0.331109 0.027188 -0.510974
v 0.329704 0.0270956 -0.520908
v 0.328144 0.0270047 -0.530815
v 0.326447 0.0269102 -0.540699
v 0.324624 0.0268168 -0.55056
v 0.322685 0.0267196 -0.560395
v 0.320634 0.0266213 -0.570203
v 0.318485 0.0265239 -0.579994
v 0.316235 0.0264246 -0.589759
v 0.313889 0.0263245 -0.5995
v 0.311451 0.0262246 -0.609219
v 0.308922 0.0261214 -0.618913
v 0.306307 0.0260158 -0.628584
v 0.303599 0.0259132 -0.638228
v 0.300809 0.02581 -0.64785
v 0.297931 0.0257068 -0.657445
v 0.294978 0.0255999 -0.667016
v 0.291941 0.0254946 -0.67656
v 0.288825 0.0253917 -0.68608
v 0.285638 0.0252826 -0.695573
v 0.282376 0.0251772 -0.705043
v 0.279044 0.0250667 -0.714484
v 0.27564 0.0249613 -0.723902
v 0.27217 0.0248519 -0.733293
v 0.268638 0.0247439 -0.742664
v 0.26504 0.0246329 -0.752005
v 0.261384 0.0245244 -0.761328
v 0.257666 0.0244137 -0.770622
v 0.253891 0.0243062 -0.779896
v 0.250063 0.0241925 -0.789143
v 0.246178 0.0240828 -0.798369
v 0.242242 0.0239723 -0.807573
v 0.238253 0.0238663 -0.816756
v 1.55184e-06 0.0400017 -3.15182e-06
v 0.000551062 0.0394527 -1.06707e-05
v 0.00114164 0.0400006 -2.31079e-05
v 0.0101024 0.0399848 -0.000194391
v 1.17626e-06 0.0387969 -2.17627e-06
v 0.0137478 0.0363393 -0.000420177
v 0.0154844 0.0399728 -0.000511521
v 0.0201864 0.0399671 -0.000795171
v 0.0201622 0.0304632 -0.000814908
v 0.019989 0.0300976 -0.000806575
v 0.0243043 0.0358225 -0.00124882
v 0.0256333 0.0399562 -0.00135724
v 0.030206 0.0399481 -0.00183257
v 0.0401834 0.0399421 -0.00332927
v 0.0500614 0.0399345 -0.00525798
v 0.0532487 0.036641 -0.00608001
v 0.055024 0.0399313 -0.00644347
v 0.0598711 0.0399332 -0.00760482
v 0.0695318 0.0338718 -0.0104432
v 0.0679686 0.0314756 -0.0100539
v 0.0695669 0.0399309 -0.0103306
v 0.0720012 0.0373601 -0.0111695
v 0.0741781 0.0399324 -0.0118157
v 0.0791674 0.0399312 -0.0134184
v 0.0886466 0.0399316 -0.0168407
v 0.0979711 0.0351518 -0.0206753
v 0.0947792 0.0332809 -0.0194445
v 0.0980128 0.0399301 -0.0205819
v 0.107242 0.0391173 -0.0246411
v 0.101118 0.0365129 -0.0220231
v 0.107248 0.0399252 -0.0246219
v 0.107822 0.0392851 -0.0249123
v 0.109685 0.0399253 -0.025783
v 0.116354 0.0399234 -0.0289575
v 0.125318 0.0399198 -0.0335705
v 0.134138 0.0399151 -0.0384538
v 0.142809 0.0399092 -0.0435983
v 0.151324 0.0399026 -0.0489942
v 0.159678 0.0398915 -0.0546304
v 0.167869 0.0398806 -0.0605031
v 0.175888 0.0398705 -0.0666033
v 0.183737 0.039858 -0.0729234
v 0.191408 0.0398443 -0.0794543
v 0.198901 0.0398262 -0.0861889
v 0.206211 0.0398088 -0.0931237
v 0.213331 0.0397895 -0.100245
v 0.220265 0.0397696 -0.107553
v 0.227005 0.0397468 -0.115035
v 0.233551 0.039723 -0.122688
v 0.239898 0.0397003 -0.130504
v 0.24605 0.0396733 -0.138475
v 0.252005 0.0396443 -0.146597
v 0.257758 0.0396123 -0.154857
v 0.263311 0.0395797 -0.163253
v 0.268661 0.0395455 -0.171776
v 0.273812 0.0395084 -0.180423
v 0.278759 0.0394709 -0.189187
v 0.283504 0.0394313 -0.198064
v 0.288041 0.0393876 -0.207043
v 0.292373 0.039342 -0.216125
v 0.296494 0.039297 -0.225304
v 0.300407 0.0392508 -0.234576
v 0.304109 0.0391979 -0.243929
v 0.307592 0.0391492 -0.253362
v 0.310869 0.0390952 -0.262873
v 0.313934 0.039039 -0.272455
v 0.316783 0.0389845 -0.282099
v 0.319429 0.0389241 -0.291802
v 0.32187 0.0388638 -0.301552
v 0.324121 0.0388009 -0.311351
v 0.326179 0.0387354 -0.321188
v 0.32805 0.0386706 -0.331064
v 0.329732 0.0386011 -0.340967
v 0.331232 0.0385338 -0.350907
v 0.332544 0.0384632 -0.360866
v 0.333678 0.0383877 -0.37085
v 0.334626 0.0383144 -0.380852
v 0.335394 0.0382377 -0.390866
v 0.335985 0.0381602 -0.400894
v 0.3364 0.0380805 -0.41093
v 0.336638 0.0380013 -0.420972
v 0.336704 0.0379209 -0.431015
v 0.336599 0.0378376 -0.441056
v 0.336326 0.0377496 -0.451092
v 0.335883 0.0376635 -0.461122
v 0.335273 0.0375774 -0.471143
v 0.334503 0.0374893 -0.481154
v 0.33357 0.0373968 -0.491147
v 0.332473 0.0373065 -0.501124
v 0.331216 0.0372119 -0.511077
v 0.329805 0.0371199 -0.521014
v 0.328246 0.0370248 -0.530927
v 0.326541 0.0369307 -0.540811
v 0.324711 0.0368333 -0.550671
v 0.322763 0.0367367 -0.560508
v 0.320704 0.0366395 -0.570317
v 0.31855 0.036539 -0.580107
v 0.316293 0.0364414 -0.589874
v 0.313947 0.0363389 -0.599618
v 0.311505 0.0362368 -0.609337
v 0.30897 0.0361363 -0.619033
v 0.306346 0.0360335 -0.628702
v 0.303635 0.0359293 -0.638346
v 0.300842 0.0358246 -0.647969
v 0.297963 0.0357201 -0.657564
v 0.295001 0.0356166 -0.667134
v 0.291962 0.0355103 -0.676679
v 0.288847 0.0354017 -0.686197
v 0.285653 0.0352964 -0.69569
v 0.282387 0.0351901 -0.705158
v 0.279054 0.0350789 -0.7146
v 0.275649 0.0349728 -0.724021
v 0.272179 0.0348629 -0.733413
v 0.268639 0.0347543 -0.742779
v 0.265041 0.034643 -0.752121
v 0.261382 0.0345341 -0.761443
v 0.257665 0.0344232 -0.770739
v 0.253887 0.0343156 -0.780011
v 0.25006 0.0342019 -0.789262
v 0.246173 0.0340923 -0.798485
v 0.242239 0.0339818 -0.807692
v 0.238249 0.0338707 -0.816872
v 2.57606e-06 0.0500016 -4.08687e-06
v 0.00350558 0.0465261 -6.87254e-05
v 0.00484987 0.0500019 -9.49194e-05
v 0.010109 0.0499997 -0.000192914
v 1.55184e-06 0.0400017 -3.15182e-06
v 0.0161408 0.0439957 -0.000554352
v 0.0167174 0.0500013 -0.000583019
v 0.0201814 0.0500016 -0.000790118
v 0.0261364 0.0440275 -0.00140744
v 0.0262382 0.0499989 -0.00140902
v 0.030225 0.0499989 -0.00182047
v 0.0401855 0.0499996 -0.00329971
v 0.0500845 0.0499976 -0.00521811
v 0.0560257 0.0438874 -0.00666678
v 0.0582404 0.05 -0.00716788
v 0.0598811 0.0500003 -0.00755915
v 0.0695898 0.0499965 -0.0102822
v 0.0791859 0.0492872 -0.0133727
v 0.0757841 0.0434888 -0.0123119
v 0.0791831 0.0499967 -0.0133685
v 0.0794716 0.0496903 -0.0134738
v 0.0797235 0.0499936 -0.0135628
v 0.0886724 0.0499928 -0.016793
v 0.0980354 0.0499883 -0.0205332
v 0.107273 0.0499866 -0.0245793
v 0.116361 0.0430537 -0.0289439
v 0.114333 0.0421636 -0.0279841
v 0.116378 0.0499831 -0.0289162
v 0.125333 0.0463882 -0.0335446
v 0.121001 0.0447773 -0.0313207
v 0.125347 0.0499748 -0.033531
v 0.134163 0.0492097 -0.0384199
v 0.127808 0.0471562 -0.0349088
v 0.134165 0.0499693 -0.0384149
v 0.134696 0.0493515 -0.0387334
v 0.136802 0.0499658 -0.0399792
v 0.142837 0.0499631 -0.0435629
v 0.151353 0.0499523 -0.0489604
v 0.159709 0.0499454 -0.0546054
v 0.167898 0.0499349 -0.0604815
v 0.175918 0.0499216 -0.0665829
v 0.18377 0.0499063 -0.0729075
v 0.191438 0.049894 -0.0794417
v 0.198932 0.0498777 -0.0861828
v 0.206241 0.0498585 -0.0931189
v 0.213363 0.0498377 -0.100245
v 0.220295 0.0498167 -0.107555
v 0.227034 0.0497971 -0.115044
v 0.233578 0.049773 -0.122699
v 0.239929 0.0497464 -0.130517
v 0.246081 0.0497157 -0.138489
v 0.252033 0.0496874 -0.146613
v 0.257784 0.0496563 -0.154876
v 0.263335 0.049625 -0.163275
v 0.268688 0.0495884 -0.171803
v 0.273837 0.0495532 -0.180454
v 0.278784 0.0495139 -0.189221
v 0.283526 0.0494728 -0.198097
v 0.288061 0.049432 -0.207081
v 0.292393 0.0493857 -0.216166
v 0.296511 0.0493401 -0.225346
v 0.300423 0.0492896 -0.234617
v 0.304124 0.0492408 -0.243977
v 0.307611 0.0491881 -0.253415
v 0.310881 0.0491344 -0.262925
v 0.313944 0.0490787 -0.272511
v 0.316794 0.0490209 -0.282157
v 0.319435 0.0489618 -0.291861
v 0.321877 0.0488992 -0.301615
v 0.324126 0.0488343 -0.311414
v 0.326181 0.0487712 -0.321253
v 0.328051 0.048705 -0.331131
v 0.329736 0.0486344 -0.34104
v 0.331232 0.0485663 -0.350978
v 0.332544 0.0484951 -0.360941
v 0.333675 0.0484193 -0.370924
v 0.33462 0.0483459 -0.380927
v 0.335389 0.0482693 -0.390945
v 0.335979 0.0481922 -0.400975
v 0.336388 0.0481132 -0.41101
v 0.336628 0.0480306 -0.421052
v 0.336691 0.0479469 -0.431093
v 0.336586 0.0478649 -0.441138
v 0.33631 0.0477784 -0.451174
v 0.335868 0.047694 -0.461209
v 0.335258 0.0476055 -0.47123
v 0.334487 0.0475151 -0.481241
v 0.333549 0.0474248 -0.491235
v 0.332452 0.0473325 -0.501213
v 0.331194 0.0472402 -0.51117
v 0.329781 0.0471463 -0.521106
v 0.328219 0.0470493 -0.531018
v 0.326512 0.0469532 -0.540903
v 0.32468 0.0468539 -0.550764
v 0.322727 0.0467556 -0.560598
v 0.320671 0.0466568 -0.570413
v 0.31851 0.0465595 -0.580203
v 0.316252 0.0464564 -0.589965
v 0.313899 0.0463574 -0.59971
v 0.311458 0.0462547 -0.609431
v 0.308923 0.046149 -0.619123
v 0.3063 0.0460458 -0.628795
v 0.303587 0.0459413 -0.638438
v 0.300789 0.0458409 -0.648062
v 0.297908 0.0457362 -0.657657
v 0.294951 0.0456279 -0.667228
v 0.291907 0.0455215 -0.676769
v 0.288788 0.0454176 -0.68629
v 0.2856 0.0453076 -0.695786
v 0.282332 0.0452014 -0.705254
v 0.278995 0.0450904 -0.714693
v 0.275591 0.0449844 -0.724115
v 0.272116 0.0448747 -0.733505
v 0.268581 0.0447664 -0.742876
v 0.264979 0.0446555 -0.752216
v 0.261321 0.0445469 -0.761539
v 0.2576 0.0444365 -0.770834
v 0.253825 0.0443245 -0.780105
v 0.249996 0.0442113 -0.789354
v 0.24611 0.044102 -0.798581
v 0.242173 0.0439919 -0.807786
v 0.238184 0.0438761 -0.816963
v 2.47566e-06 0.0600007 -3.11232e-06
v 0.00250639 0.0575211 -4.83641e-05
v 0.00164877 0.0600017 -3.24249e-05
v 0.0101021 0.0600176 -0.000192689
v 0.01614 0.0540177 -0.000550526
v 0.015453 0.0600287 -0.000513271
v 0.0201851 0.0600338 -0.000794037
v 0.0256575 0.0545656 -0.00135505
v 0.0253659 0.0600452 -0.00133743
v 0.0302052 0.060053 -0.00183991
v 0.0401828 0.0600589 -0.00333763
v 0.0500591 0.0600676 -0.00527197
v 0.057848 0.0520846 -0.00708599
v 0.055813 0.0600651 -0.00665132
v 0.0598675 0.0600654 -0.00762436
v 0.0695638 0.0600636 -0.0103576
v 0.0791622 0.0600589 -0.0134512
v 0.0749168 0.0600623 -0.0120822
v 0.0791818 0.0508068 -0.0133762
v 0.0886383 0.060056 -0.016878
v 0.0980024 0.0600513 -0.0206266
v 0.107234 0.0600446 -0.0246727
v 0.116337 0.0600377 -0.0290118
v 0.110761 0.0600442 -0.0263552
v 0.116347 0.0572422 -0.0289854
v 0.125326 0.0536992 -0.0335669
v 0.120178 0.0557467 -0.0309376
v 0.125301 0.06003 -0.0336309
v 0.134161 0.050749 -0.0384229
v 0.133189 0.0510776 -0.0378887
v 0.134114 0.0600261 -0.0385184
v 0.142782 0.0600176 -0.0436679
v 0.151294 0.0600052 -0.0490667
v 0.159645 0.059997 -0.0547128
v 0.167832 0.0599858 -0.0605932
v 0.175846 0.0599723 -0.0666953
v 0.183692 0.0599575 -0.0730205
v 0.19136 0.059942 -0.0795566
v 0.198847 0.0599269 -0.0862983
v 0.206152 0.0599055 -0.0932329
v 0.21327 0.0598868 -0.100363
v 0.220197 0.0598645 -0.107671
v 0.226937 0.0598401 -0.11516
v 0.233476 0.0598156 -0.122814
v 0.239821 0.0597891 -0.130632
v 0.245969 0.0597628 -0.138608
v 0.251918 0.0597314 -0.14673
v 0.257668 0.0597016 -0.154996
v 0.263217 0.0596642 -0.163391
v 0.268565 0.05963 -0.171919
v 0.273711 0.0595938 -0.180568
v 0.278656 0.0595541 -0.189333
v 0.283399 0.0595129 -0.198212
v 0.287932 0.0594724 -0.207195
v 0.292258 0.0594267 -0.216277
v 0.29638 0.0593779 -0.225458
v 0.300285 0.0593325 -0.234728
v 0.303983 0.059281 -0.244085
v 0.307468 0.0592299 -0.253524
v 0.310739 0.059174 -0.263035
v 0.313796 0.0591164 -0.272615
v 0.316643 0.059057 -0.282259
v 0.319283 0.058997 -0.291962
v 0.321724 0.058934 -0.301714
v 0.323972 0.058869 -0.311513
v 0.326028 0.0588021 -0.321349
v 0.327898 0.0587364 -0.331227
v 0.32958 0.0586666 -0.341133
v 0.331079 0.0585953 -0.35107
v 0.332388 0.0585253 -0.361031
v 0.333517 0.0584511 -0.371014
v 0.334467 0.0583753 -0.381017
v 0.335231 0.0583006 -0.391032
v 0.335822 0.0582215 -0.401061
v 0.336233 0.0581406 -0.411094
v 0.336472 0.0580607 -0.421138
v 0.336538 0.0579757 -0.431178
v 0.336431 0.0578924 -0.441221
v 0.336152 0.0578092 -0.451256
v 0.335712 0.0577197 -0.461287
v 0.335103 0.0576307 -0.471306
v 0.33433 0.0575441 -0.481319
v 0.333393 0.0574536 -0.491311
v 0.332298 0.0573612 -0.501289
v 0.331044 0.0572646 -0.511245
v 0.329633 0.0571707 -0.521182
v 0.32807 0.0570737 -0.531092
v 0.326367 0.0569733 -0.540977
v 0.324535 0.0568741 -0.550837
v 0.322585 0.056776 -0.560674
v 0.320528 0.0566731 -0.570483
v 0.318369 0.0565718 -0.580271
v 0.316113 0.0564737 -0.590039
v 0.313764 0.056371 -0.599782
v 0.311319 0.056269 -0.6095
v 0.308786 0.0561641 -0.619194
v 0.306164 0.0560617 -0.628867
v 0.303453 0.055958 -0.638513
v 0.300656 0.0558539 -0.648133
v 0.29778 0.0557455 -0.657728
v 0.294815 0.0556428 -0.667296
v 0.29178 0.0555327 -0.676842
v 0.288661 0.0554297 -0.686363
v 0.285468 0.0553207 -0.695854
v 0.282203 0.0552109 -0.70532
v 0.278867 0.0551055 -0.714765
v 0.27546 0.0549958 -0.724181
v 0.27199 0.0548871 -0.733576
v 0.268453 0.0547752 -0.742941
v 0.264856 0.0546652 -0.752287
v 0.261195 0.0545576 -0.761608
v 0.257477 0.0544434 -0.770901
v 0.253704 0.0543324 -0.780175
v 0.249869 0.054225 -0.789424
v 0.245987 0.0541117 -0.79865
v 0.242049 0.0539975 -0.807852
v 0.238059 0.0538871 -0.817034
v 0.0101036 0.0700357 -0.000196129
v 1.50734e-06 0.0699987 -1.04475e-07
v 1.76685e-06 0.0617542 -4.20144e-06
v 0.0201605 0.0700784 -0.000823253
v 0.019542 0.0700759 -0.000786212
v 0.0201634 0.0687787 -0.000819604
v 0.0113516 0.0687997 -0.000272311
v 0.0107552 0.0700395 -0.000236813
v 0.0301908 0.0701033 -0.00191244
v 0.0401347 0.0701257 -0.00346044
v 0.050021 0.0701283 -0.00543898
v 0.0537127 0.0663539 -0.0062569
v 0.0521797 0.0701297 -0.00596371
v 0.059802 0.0701305 -0.00781433
v 0.0694998 0.0701242 -0.0105712
v 0.0685513 0.0701279 -0.010304
v 0.0695101 0.0682475 -0.0105331
v 0.07908 0.0701227 -0.0136784
v 0.0885541 0.070115 -0.0171167
v 0.0979025 0.0701095 -0.0208684
v 0.091576 0.0701113 -0.0183271
v 0.0979457 0.0656713 -0.0207575
v 0.107223 0.0613124 -0.024705
v 0.105136 0.0623089 -0.0238172
v 0.107129 0.0701003 -0.024921
v 0.11622 0.0700949 -0.029265
v 0.12517 0.0700862 -0.0338826
v 0.133979 0.0700775 -0.0387733
v 0.142638 0.0700654 -0.0439221
v 0.151138 0.0700578 -0.0493238
v 0.15948 0.0700472 -0.0549686
v 0.167658 0.0700343 -0.0608474
v 0.175667 0.0700198 -0.0669511
v 0.183503 0.0700046 -0.0732743
v 0.191162 0.0699894 -0.0798083
v 0.198641 0.0699712 -0.0865459
v 0.205939 0.0699512 -0.0934817
v 0.21305 0.0699306 -0.100607
v 0.219972 0.0699069 -0.107915
v 0.226698 0.0698858 -0.115399
v 0.233232 0.0698611 -0.123052
v 0.239575 0.0698308 -0.130867
v 0.245717 0.0698013 -0.138838
v 0.251658 0.0697712 -0.146956
v 0.257401 0.0697393 -0.155216
v 0.262946 0.0697045 -0.163611
v 0.268289 0.0696697 -0.172134
v 0.273432 0.0696297 -0.180776
v 0.278372 0.0695909 -0.189536
v 0.28311 0.0695512 -0.198409
v 0.287641 0.0695085 -0.207385
v 0.291967 0.0694648 -0.216466
v 0.296081 0.0694183 -0.225641
v 0.299985 0.0693674 -0.234903
v 0.303681 0.0693147 -0.244255
v 0.307161 0.0692627 -0.253687
v 0.31043 0.0692062 -0.263195
v 0.313486 0.0691487 -0.272771
v 0.316332 0.0690899 -0.282413
v 0.318974 0.0690268 -0.29211
v 0.321411 0.0689653 -0.301857
v 0.323659 0.0688982 -0.311648
v 0.325716 0.0688336 -0.321483
v 0.327586 0.0687663 -0.331354
v 0.329267 0.0686951 -0.341254
v 0.330764 0.0686268 -0.351188
v 0.33208 0.0685518 -0.361145
v 0.333208 0.0684809 -0.371126
v 0.334155 0.0684045 -0.381121
v 0.334923 0.0683254 -0.391131
v 0.335515 0.0682462 -0.401157
v 0.335927 0.0681696 -0.41119
v 0.336164 0.0680856 -0.421222
v 0.336232 0.0680011 -0.431262
v 0.336126 0.0679185 -0.441299
v 0.335853 0.0678319 -0.451333
v 0.335414 0.0677435 -0.46136
v 0.334809 0.0676558 -0.47138
v 0.334037 0.0675664 -0.481383
v 0.333105 0.0674776 -0.491377
v 0.332014 0.0673828 -0.501352
v 0.330763 0.0672882 -0.511306
v 0.329353 0.067192 -0.521237
v 0.3278 0.0670928 -0.531148
v 0.326101 0.0669945 -0.541033
v 0.324271 0.0668931 -0.550889
v 0.322328 0.0667928 -0.560725
v 0.320275 0.0666922 -0.570535
v 0.318124 0.0665888 -0.580323
v 0.315871 0.0664885 -0.590088
v 0.313526 0.0663835 -0.599828
v 0.311087 0.0662838 -0.609549
v 0.308558 0.0661766 -0.61924
v 0.305939 0.0660763 -0.628914
v 0.303232 0.0659701 -0.638558
v 0.30044 0.0658635 -0.648177
v 0.297563 0.0657571 -0.657769
v 0.294607 0.0656517 -0.667342
v 0.291569 0.0655482 -0.676888
v 0.288458 0.0654379 -0.686407
v 0.285268 0.0653307 -0.695901
v 0.282003 0.0652228 -0.705366
v 0.278669 0.0651146 -0.714809
v 0.275267 0.0650068 -0.724228
v 0.271799 0.0648952 -0.733621
v 0.268267 0.064785 -0.742991
v 0.264667 0.0646767 -0.752333
v 0.261008 0.0645661 -0.761652
v 0.257292 0.0644535 -0.770947
v 0.253519 0.064344 -0.780222
v 0.249688 0.0642332 -0.78947
v 0.245807 0.0641212 -0.798699
v 0.241866 0.0640081 -0.807899
v 0.237882 0.0638888 -0.817079
v 0.0101025 0.0704958 -0.000198311
v 0.0091179 0.0710104 -0.000179546
v 1.44415e-06 0.0799991 -4.99693e-07
v 0.00366316 0.0800252 -7.83196e-05
v 0.0100888 0.0766671 -0.000207896
v 0.0100837 0.0800634 -0.000213592
v 2.75421e-06 0.0747796 -1.56606e-06
v 0.0201487 0.0801169 -0.000905836
v 0.0142411 0.0800845 -0.000499382
v 0.0201545 0.0760271 -0.000872173
v 0.0301715 0.0730311 -0.00196482
v 0.0275302 0.0727566 -0.00164585
v 0.0301241 0.0801703 -0.00209357
v 0.0362994 0.0739744 -0.00293706
v 0.0392724 0.0801789 -0.00359309
v 0.0400694 0.0801801 -0.00372241
v 0.0499207 0.0801926 -0.00576162
v 0.0539614 0.0760803 -0.00660337
v 0.0551356 0.0801928 -0.00705666
v 0.0596954 0.0801901 -0.00818554
v 0.0694667 0.0723198 -0.0106563
v 0.0687693 0.0708726 -0.010393
v 0.0693664 0.0801862 -0.0109696
v 0.07203 0.0774276 -0.0117134
v 0.0745067 0.0801815 -0.0126487
v 0.0789368 0.0801768 -0.0140953
v 0.0883893 0.0801669 -0.0175424
v 0.097846 0.0733771 -0.02101
v 0.0955611 0.0725839 -0.0200483
v 0.0977241 0.0801585 -0.021302
v 0.107013 0.075954 -0.0251764
v 0.102498 0.0750511 -0.0231375
v 0.106932 0.0801513 -0.0253603
v 0.116069 0.0773098 -0.0295827
v 0.110172 0.0766415 -0.0267207
v 0.116008 0.080142 -0.0297049
v 0.12499 0.0781125 -0.0342355
v 0.118303 0.0776251 -0.0307523
v 0.124946 0.0801338 -0.0343281
v 0.133773 0.0786054 -0.0391483
v 0.126617 0.0782695 -0.0351474
v 0.133737 0.0801231 -0.0392149
v 0.142411 0.0789066 -0.0443097
v 0.135009 0.0786868 -0.0398875
v 0.142381 0.0801097 -0.0443628
v 0.150894 0.0790898 -0.0497174
v 0.143388 0.0789532 -0.0449328
v 0.150867 0.080102 -0.049763
v 0.159222 0.079224 -0.0553661
v 0.151709 0.0791176 -0.0502687
v 0.159197 0.0800883 -0.0554039
v 0.16738 0.0793201 -0.0612424
v 0.159906 0.0792434 -0.0558588
v 0.16736 0.0800732 -0.061275
v 0.175375 0.0793684 -0.0673457
v 0.167972 0.0793347 -0.0616965
v 0.175354 0.0800612 -0.0673761
v 0.183198 0.0793886 -0.0736647
v 0.175909 0.0793763 -0.0677768
v 0.183178 0.0800454 -0.0736946
v 0.190846 0.0793978 -0.0801965
v 0.183693 0.0793969 -0.0740896
v 0.190826 0.0800263 -0.0802217
v 0.198316 0.0793991 -0.086931
v 0.19131 0.079404 -0.0806158
v 0.198293 0.080009 -0.0869542
v 0.205601 0.0793939 -0.0938593
v 0.198753 0.079404 -0.0873476
v 0.205579 0.0799906 -0.0938849
v 0.212699 0.0793834 -0.100976
v 0.206018 0.0793983 -0.0942797
v 0.212676 0.0799683 -0.101
v 0.21961 0.079374 -0.108281
v 0.213097 0.0793876 -0.1014
v 0.219588 0.0799438 -0.1083
v 0.226329 0.0793438 -0.115756
v 0.219993 0.0793702 -0.108705
v 0.226307 0.0799225 -0.11578
v 0.232855 0.0793076 -0.123402
v 0.226708 0.0793394 -0.116197
v 0.232833 0.0798943 -0.123424
v 0.239184 0.0792894 -0.13121
v 0.233232 0.0792979 -0.123864
v 0.239161 0.0798651 -0.131229
v 0.245318 0.0792871 -0.139174
v 0.239545 0.0792756 -0.131674
v 0.245292 0.0798372 -0.139192
v 0.251252 0.0792725 -0.147285
v 0.24565 0.0792755 -0.139627
v 0.251229 0.0798054 -0.147305
v 0.256985 0.0792578 -0.155535
v 0.251563 0.0792592 -0.147732
v 0.256964 0.0797725 -0.155556
v 0.262522 0.0792689 -0.163925
v 0.257275 0.0792487 -0.155976
v 0.2625 0.0797375 -0.163942
v 0.267854 0.0792814 -0.17244
v 0.262772 0.0792605 -0.164326
v 0.267835 0.0796995 -0.172451
v 0.272991 0.0792613 -0.181073
v 0.268073 0.0792756 -0.172805
v 0.272974 0.0796611 -0.181087
v 0.277931 0.0791966 -0.189825
v 0.273186 0.079263 -0.181423
v 0.27791 0.0796208 -0.189836
v 0.282664 0.0791325 -0.198684
v 0.27813 0.0791994 -0.190199
v 0.282644 0.0795802 -0.198698
v 0.287191 0.0791065 -0.207651
v 0.282865 0.0791356 -0.199083
v 0.287171 0.079537 -0.207664
v 0.291513 0.0790922 -0.216724
v 0.287377 0.0791074 -0.20804
v 0.291492 0.079493 -0.216734
v 0.295622 0.0790684 -0.22589
v 0.291676 0.0790935 -0.217089
v 0.295605 0.0794465 -0.225902
v 0.299525 0.0790225 -0.235149
v 0.29577 0.0790647 -0.226239
v 0.299505 0.079396 -0.235156
v 0.303215 0.0789522 -0.244489
v 0.299663 0.0790184 -0.235502
v 0.303197 0.0793439 -0.244499
v 0.306694 0.0788668 -0.253911
v 0.303353 0.0789428 -0.244864
v 0.306673 0.079293 -0.253922
v 0.309963 0.0787821 -0.26341
v 0.306836 0.0788565 -0.254326
v 0.309939 0.0792382 -0.263422
v 0.313016 0.0787329 -0.272978
v 0.310103 0.0787666 -0.263858
v 0.312993 0.0791788 -0.272988
v 0.315853 0.0788031 -0.282612
v 0.313148 0.0787141 -0.273424
v 0.315839 0.0791189 -0.28262
v 0.318481 0.0789783 -0.292302
v 0.31594 0.0787872 -0.282928
v 0.318477 0.0790553 -0.292304
v 0.318503 0.0789735 -0.29238
v 0.31945 0.079027 -0.296176
v 0.320921 0.0789898 -0.302043
v 0.323169 0.0789232 -0.311825
v 0.325229 0.0788552 -0.321649
v 0.3271 0.0787886 -0.331512
v 0.328783 0.0787183 -0.341405
v 0.330284 0.0786469 -0.35133
v 0.331596 0.0785772 -0.36128
v 0.33273 0.0784994 -0.37125
v 0.333679 0.0784246 -0.38124
v 0.33445 0.0783472 -0.391245
v 0.335038 0.0782699 -0.401259
v 0.335457 0.0781871 -0.411284
v 0.335698 0.0781055 -0.421313
v 0.335767 0.0780235 -0.431346
v 0.335667 0.0779394 -0.44138
v 0.335398 0.0778515 -0.451405
v 0.33496 0.0777662 -0.461427
v 0.334359 0.0776776 -0.47144
v 0.333596 0.0775876 -0.481441
v 0.332671 0.077494 -0.491427
v 0.331584 0.0774032 -0.501397
v 0.330343 0.0773085 -0.51135
v 0.328946 0.077208 -0.521277
v 0.327399 0.077109 -0.531184
v 0.325707 0.0770108 -0.541065
v 0.323892 0.0769096 -0.550924
v 0.321959 0.0768049 -0.560755
v 0.319915 0.0767043 -0.570563
v 0.317775 0.0766007 -0.580352
v 0.315531 0.0765 -0.590115
v 0.313194 0.0763945 -0.599854
v 0.31076 0.076294 -0.609572
v 0.308237 0.0761903 -0.619265
v 0.305625 0.0760844 -0.628934
v 0.302925 0.0759815 -0.638581
v 0.300136 0.075878 -0.648201
v 0.297268 0.0757702 -0.657795
v 0.294314 0.0756633 -0.667362
v 0.291282 0.0755581 -0.676908
v 0.288174 0.0754508 -0.686428
v 0.284991 0.0753419 -0.695922
v 0.281732 0.0752321 -0.705387
v 0.278404 0.075122 -0.71483
v 0.275005 0.0750122 -0.724247
v 0.271542 0.0749032 -0.733642
v 0.26801 0.0747956 -0.743012
v 0.264417 0.074685 -0.752356
v 0.260762 0.074572 -0.761673
v 0.25705 0.0744616 -0.770972
v 0.253277 0.0743494 -0.780242
v 0.249447 0.0742405 -0.789492
v 0.245569 0.0741254 -0.79872
v 0.241629 0.0740139 -0.807923
v 0.237642 0.073896 -0.817102
v 0.010084 0.0813307 -0.000220285
v 0.00903052 0.0811005 -0.000190569
v 0.00668343 0.0834116 -0.000139051
v 0.0100818 0.0841558 -0.000237039
v 0.00433784 0.0857267 -9.31e-05
v 0.0100832 0.0869817 -0.000258057
v 0.00199431 0.0880377 -4.51127e-05
v 0.0100812 0.0898081 -0.000276316
v 2.52156e-06 0.0900017 -4.12365e-06
v 0.0100824 0.0900925 -0.000275639
v 2.74504e-06 0.0883542 -2.51357e-06
v 6.76481e-07 0.086419 -1.61764e-06
v 3.14193e-06 0.0844822 -3.6641e-06
v 3.09102e-06 0.0825437 -1.59953e-06
v 2.0382e-06 0.0806077 -9.73284e-07
v 0.0104987 0.0896828 -0.000304683
v 0.010939 0.090103 -0.00034963
v 0.0193605 0.0901867 -0.00107983
v 0.0145855 0.0856326 -0.000560159
v 0.0200582 0.0901964 -0.00114293
v 0.0201234 0.082964 -0.000971859
v 0.0186728 0.0815818 -0.000815673
v 0.0300471 0.0900051 -0.00246636
v 0.0268702 0.0834099 -0.00178495
v 0.0300465 0.0902163 -0.00247312
v 0.0301366 0.0901276 -0.00248584
v 0.030181 0.0902186 -0.00249708
v 0.0399416 0.0902444 -0.0042117
v 0.0400544 0.0815193 -0.00378943
v 0.039606 0.0806445 -0.00366489
v 0.0431521 0.0870087 -0.00470889
v 0.0470156 0.0902398 -0.00572995
v 0.0497805 0.0902393 -0.00632718
v 0.0596351 0.0836741 -0.00840053
v 0.0572563 0.0826626 -0.00772888
v 0.0595167 0.0902385 -0.00880007
v 0.0692236 0.0872118 -0.0114225
v 0.0634923 0.0861811 -0.00967564
v 0.0691659 0.0902285 -0.011619
v 0.0789076 0.0814553 -0.01418
v 0.0778007 0.081345 -0.0138062
v 0.0713627 0.0879671 -0.0121744
v 0.0787412 0.0886889 -0.0146633
v 0.078702 0.0902211 -0.0147649
v 0.0883155 0.0830297 -0.0177364
v 0.0857554 0.0829005 -0.016788
v 0.0799327 0.0889416 -0.0151157
v 0.0881552 0.0893679 -0.0181705
v 0.0881345 0.0902062 -0.018226
v 0.0976224 0.0838526 -0.0215563
v 0.0943027 0.0837435 -0.0202046
v 0.0888562 0.0894488 -0.0184566
v 0.0974527 0.0897359 -0.021958
v 0.0974418 0.0901991 -0.0219932
v 0.106806 0.0843364 -0.0256495
v 0.103065 0.0842438 -0.0239874
v 0.0978519 0.0897626 -0.0221362
v 0.106633 0.0899808 -0.0260363
v 0.106625 0.0901883 -0.0260497
v 0.10681 0.089988 -0.0261201
v 0.114309 0.0901775 -0.0297354
v 0.115677 0.0901766 -0.0303917
v 0.115859 0.0846491 -0.0300119
v 0.111893 0.0845478 -0.0281007
v 0.124777 0.0848985 -0.034652
v 0.120652 0.0847826 -0.0325015
v 0.124593 0.0901638 -0.0350093
v 0.133552 0.0851004 -0.0395519
v 0.129315 0.0849793 -0.0371813
v 0.133361 0.0901536 -0.039892
v 0.142174 0.085274 -0.0447081
v 0.137852 0.0851551 -0.0421207
v 0.141983 0.0901424 -0.0450348
v 0.150644 0.085423 -0.0501124
v 0.146267 0.0853018 -0.0473136
v 0.15045 0.0901302 -0.0504253
v 0.158956 0.0855654 -0.0557573
v 0.154529 0.0854455 -0.0527474
v 0.158757 0.0901172 -0.0560546
v 0.167102 0.0857046 -0.0616366
v 0.162643 0.0855797 -0.0584117
v 0.166903 0.0901037 -0.0619205
v 0.175082 0.0858275 -0.0677404
v 0.1706 0.0857071 -0.0643044
v 0.174882 0.0900867 -0.0680088
v 0.182888 0.0859409 -0.0740571
v 0.178399 0.0858283 -0.0704201
v 0.182685 0.0900705 -0.0743127
v 0.190518 0.0860551 -0.0805875
v 0.186035 0.085941 -0.0767472
v 0.190319 0.090052 -0.0808319
v 0.197969 0.0861676 -0.0873205
v 0.193495 0.0860509 -0.0832716
v 0.197768 0.0900362 -0.0875528
v 0.205241 0.0862761 -0.0942487
v 0.20078 0.0861592 -0.0899913
v 0.20504 0.0900123 -0.0944677
v 0.212323 0.0863902 -0.101367
v 0.207886 0.0862714 -0.0969025
v 0.212123 0.0899933 -0.101574
v 0.219216 0.086508 -0.108668
v 0.214805 0.0863855 -0.103991
v 0.219019 0.089969 -0.108861
v 0.225919 0.0866207 -0.116143
v 0.221536 0.0864989 -0.111249
v 0.225725 0.0899449 -0.116324
v 0.232426 0.086731 -0.123785
v 0.228084 0.0866076 -0.118677
v 0.232242 0.0899147 -0.123955
v 0.238739 0.0868657 -0.131591
v 0.234438 0.0867244 -0.126266
v 0.238558 0.0898881 -0.131749
v 0.244851 0.0870307 -0.139553
v 0.240585 0.0868637 -0.133986
v 0.244678 0.0898556 -0.139695
v 0.250767 0.0871817 -0.147663
v 0.246523 0.0870258 -0.141838
v 0.250602 0.0898239 -0.147791
v 0.256484 0.0873372 -0.155915
v 0.252276 0.0871796 -0.149835
v 0.256327 0.0897921 -0.156029
v 0.262001 0.0874996 -0.164295
v 0.257833 0.0873366 -0.157959
v 0.261854 0.0897549 -0.164397
v 0.26732 0.0876518 -0.172806
v 0.263196 0.0875015 -0.166206
v 0.267183 0.0897194 -0.172896
v 0.272439 0.0877653 -0.181433
v 0.268376 0.0876461 -0.174582
v 0.272312 0.0896805 -0.181514
v 0.277365 0.0878157 -0.190173
v 0.273387 0.0877547 -0.183111
v 0.277245 0.0896404 -0.190251
v 0.282089 0.0878544 -0.199027
v 0.278229 0.0878059 -0.19179
v 0.28197 0.0896006 -0.199095
v 0.286604 0.0879257 -0.207986
v 0.282878 0.0878479 -0.200588
v 0.286496 0.0895546 -0.208047
v 0.290915 0.0880105 -0.217048
v 0.287308 0.0879208 -0.209461
v 0.290811 0.0895121 -0.217104
v 0.295012 0.088104 -0.226205
v 0.291525 0.088008 -0.218417
v 0.294917 0.0894637 -0.226253
v 0.298896 0.0882098 -0.235454
v 0.295537 0.0881002 -0.227459
v 0.298814 0.0894158 -0.235496
v 0.302573 0.0883282 -0.244791
v 0.299341 0.0882021 -0.236581
v 0.302503 0.0893629 -0.244824
v 0.306034 0.0884803 -0.254206
v 0.302933 0.08832 -0.245767
v 0.305975 0.0893117 -0.254232
v 0.309283 0.0886707 -0.263698
v 0.306305 0.0884717 -0.254992
v 0.309241 0.0892533 -0.263714
v 0.312315 0.0889271 -0.27326
v 0.309461 0.0886678 -0.264254
v 0.312297 0.0891952 -0.273268
v 0.31239 0.0889301 -0.273516
v 0.313955 0.0891573 -0.27887
v 0.315143 0.0891332 -0.282883
v 0.317785 0.0890684 -0.292554
v 0.320915 0.079072 -0.302047
v 0.320899 0.0790658 -0.301971
v 0.320231 0.0890023 -0.302275
v 0.32316 0.0790773 -0.31183
v 0.323125 0.0790729 -0.311685
v 0.322482 0.0889392 -0.312046
v 0.325216 0.0790745 -0.321656
v 0.325171 0.0790665 -0.321448
v 0.324547 0.0888705 -0.321858
v 0.327077 0.0790915 -0.331517
v 0.327026 0.0790811 -0.331234
v 0.326419 0.0888033 -0.331705
v 0.328757 0.079123 -0.341415
v 0.328691 0.0791081 -0.341028
v 0.328108 0.0887324 -0.341586
v 0.330246 0.0791656 -0.351339
v 0.330174 0.0791461 -0.350844
v 0.32961 0.0886605 -0.351497
v 0.331552 0.0792133 -0.361287
v 0.331473 0.0791973 -0.360678
v 0.330927 0.0885903 -0.361437
v 0.332675 0.0792728 -0.37126
v 0.332593 0.0792516 -0.370522
v 0.332061 0.0885163 -0.371396
v 0.33362 0.0793334 -0.381253
v 0.333534 0.0793096 -0.380377
v 0.333015 0.0884372 -0.381372
v 0.33438 0.0793973 -0.391257
v 0.334303 0.0793689 -0.390244
v 0.333792 0.0883598 -0.391368
v 0.334961 0.079467 -0.401274
v 0.334896 0.079432 -0.400119
v 0.334387 0.0882827 -0.401374
v 0.335368 0.0795373 -0.411299
v 0.335316 0.0794976 -0.409997
v 0.334807 0.0882044 -0.41139
v 0.335601 0.0796119 -0.421329
v 0.33557 0.0795701 -0.419879
v 0.335054 0.0881191 -0.421406
v 0.335662 0.0796992 -0.431361
v 0.335652 0.0796514 -0.429745
v 0.33513 0.0880377 -0.431432
v 0.335549 0.0797961 -0.441391
v 0.33557 0.0797367 -0.439603
v 0.335035 0.0879544 -0.441455
v 0.335268 0.0798895 -0.451418
v 0.335327 0.079823 -0.449463
v 0.33477 0.0878675 -0.451471
v 0.334825 0.0799823 -0.461441
v 0.334918 0.079908 -0.459316
v 0.334343 0.0877792 -0.461486
v 0.334215 0.0800601 -0.471451
v 0.334354 0.0799744 -0.469172
v 0.333748 0.0876918 -0.47149
v 0.333443 0.0801105 -0.481452
v 0.333634 0.0800129 -0.479049
v 0.332992 0.0875992 -0.48148
v 0.332513 0.0801294 -0.491434
v 0.332751 0.0800271 -0.488938
v 0.332078 0.0875074 -0.491461
v 0.331424 0.0801578 -0.501405
v 0.331714 0.0800362 -0.498809
v 0.331003 0.0874144 -0.501425
v 0.330175 0.0802699 -0.511357
v 0.330525 0.0801132 -0.508594
v 0.329773 0.0873222 -0.511374
v 0.328755 0.0806009 -0.521283
v 0.329201 0.0803705 -0.518182
v 0.328387 0.0872245 -0.521297
v 0.327166 0.0813669 -0.531191
v 0.327773 0.0809421 -0.527441
v 0.326859 0.087124 -0.531202
v 0.325412 0.0826921 -0.541074
v 0.326261 0.081873 -0.536324
v 0.325188 0.0870202 -0.541078
v 0.323519 0.0843219 -0.550931
v 0.324682 0.0830765 -0.544915
v 0.323389 0.0869174 -0.550933
v 0.321507 0.0861 -0.560763
v 0.323045 0.0845091 -0.553274
v 0.321469 0.0868155 -0.560761
v 0.321368 0.0861585 -0.561402
v 0.320784 0.0867786 -0.564088
v 0.319443 0.0867128 -0.57057
v 0.317313 0.0866112 -0.580355
v 0.315084 0.0865077 -0.590116
v 0.31276 0.0864032 -0.599856
v 0.310335 0.0863034 -0.609572
v 0.307822 0.0862002 -0.619265
v 0.305219 0.0860945 -0.628932
v 0.302525 0.0859917 -0.638576
v 0.299747 0.0858834 -0.648194
v 0.296886 0.0857799 -0.657792
v 0.293942 0.0856725 -0.66736
v 0.290916 0.0855668 -0.676904
v 0.287815 0.0854587 -0.686423
v 0.284638 0.0853491 -0.695915
v 0.281389 0.0852384 -0.705383
v 0.278067 0.085132 -0.714829
v 0.274674 0.0850211 -0.724245
v 0.271214 0.0849109 -0.733637
v 0.26769 0.0848019 -0.743007
v 0.264104 0.0846899 -0.752352
v 0.260454 0.0845799 -0.761673
v 0.256745 0.0844677 -0.77097
v 0.252973 0.0843583 -0.780241
v 0.24915 0.0842471 -0.789493
v 0.245269 0.0841343 -0.798719
v 0.241333 0.0840199 -0.807921
v 0.237348 0.0838991 -0.8171
v 2.89e-08 0.100002 -1.72846e-06
v 0.00206025 0.0979768 -5.7553e-05
v 0.00379266 0.100073 -0.000207404
v 0.00758335 0.100147 -0.000413963
v 0.00411847 0.0959558 -0.000115408
v 0.00994741 0.10019 -0.0005405
v 0.00996926 0.0985205 -0.000498222
v 0.00617322 0.0939348 -0.000169746
v 0.0100292 0.0940822 -0.000383494
v 0.00823353 0.0919098 -0.000225573
v 1.5793e-06 0.0975913 -2.26824e-06
v 2.66846e-06 0.0951823 -3.93447e-06
v 1.8431e-06 0.0927708 -1.15943e-06
v 5.82562e-07 0.0903609 5.10264e-07
v 0.0110474 0.0991035 -0.000606806
v 0.0110806 0.100197 -0.00066782
v 0.0140906 0.100207 -0.00099727
v 0.01397 0.0962143 -0.000780533
v 0.0171023 0.100222 -0.00133396
v 0.0168929 0.0933249 -0.000954275
v 0.0199704 0.100233 -0.00164814
v 0.0200017 0.0966104 -0.00146695
v 0.0198161 0.0904352 -0.00112803
v 0.0298926 0.100274 -0.00314818
v 0.0294423 0.100271 -0.00308151
v 0.0300228 0.0918227 -0.00258285
v 0.0204271 0.0997814 -0.0016878
v 0.0203939 0.100235 -0.00171192
v 0.0397748 0.100277 -0.0050109
v 0.0496802 0.0947504 -0.00672446
v 0.0473672 0.09266 -0.00600952
v 0.0495575 0.100276 -0.00720755
v 0.0592995 0.0988555 -0.00960606
v 0.0520354 0.0977796 -0.00760451
v 0.0592652 0.100265 -0.00973864
v 0.0689005 0.0990923 -0.0124753
v 0.0602834 0.0992309 -0.00993063
v 0.0688664 0.100254 -0.0125889
v 0.0784109 0.09903 -0.0156318
v 0.0698378 0.0992613 -0.0128011
v 0.0783707 0.100238 -0.0157526
v 0.087802 0.0990562 -0.0191031
v 0.0794495 0.0991275 -0.0160241
v 0.0877565 0.100226 -0.0192195
v 0.0970734 0.0992066 -0.0228843
v 0.0888266 0.0991189 -0.0195266
v 0.0970331 0.100211 -0.0229847
v 0.106212 0.0995148 -0.0269733
v 0.0979567 0.0992463 -0.0232806
v 0.106179 0.100201 -0.0270386
v 0.115673 0.090239 -0.0303961
v 0.115619 0.0902362 -0.0303703
v 0.106806 0.0995393 -0.0272588
v 0.11521 0.0999663 -0.0313514
v 0.115199 0.10019 -0.031374
v 0.115403 0.0999731 -0.0314516
v 0.118646 0.100185 -0.0331604
v 0.124081 0.100176 -0.0359788
v 0.124565 0.090681 -0.0350597
v 0.124135 0.0906515 -0.0348314
v 0.133308 0.0911436 -0.0399872
v 0.132499 0.0910872 -0.0395308
v 0.132821 0.100166 -0.0408508
v 0.141899 0.0916023 -0.0451712
v 0.140728 0.0915168 -0.0444631
v 0.141413 0.100153 -0.045977
v 0.150335 0.0920587 -0.050605
v 0.148814 0.0919448 -0.0496206
v 0.149857 0.100136 -0.0513515
v 0.15861 0.0925207 -0.0562754
v 0.156746 0.0923817 -0.054993
v 0.158139 0.100124 -0.0569662
v 0.166716 0.0929815 -0.062174
v 0.164528 0.0928186 -0.0605783
v 0.166259 0.100109 -0.0628116
v 0.174657 0.0934306 -0.0683008
v 0.172166 0.0932421 -0.0663703
v 0.174215 0.100092 -0.0688824
v 0.182423 0.0938713 -0.0746384
v 0.179647 0.0936653 -0.0723654
v 0.182 0.100076 -0.0751718
v 0.190015 0.0943104 -0.0811854
v 0.186971 0.0940863 -0.0785551
v 0.189608 0.100059 -0.0816693
v 0.197423 0.0947568 -0.087937
v 0.194126 0.0945065 -0.0849232
v 0.19704 0.100038 -0.0883678
v 0.204651 0.0952057 -0.0948826
v 0.201112 0.0949354 -0.0914748
v 0.20429 0.100018 -0.095264
v 0.211691 0.0956641 -0.102014
v 0.207925 0.095368 -0.0981921
v 0.21136 0.0999925 -0.102349
v 0.218536 0.0961422 -0.109326
v 0.214553 0.0958151 -0.105065
v 0.218237 0.0999702 -0.109614
v 0.225194 0.0966183 -0.116813
v 0.221004 0.0962656 -0.112091
v 0.224929 0.0999452 -0.117057
v 0.231656 0.0970992 -0.124464
v 0.227274 0.096728 -0.119271
v 0.231427 0.099919 -0.124667
v 0.23792 0.0976428 -0.132283
v 0.233356 0.0972059 -0.126582
v 0.237732 0.0998895 -0.132438
v 0.243976 0.0982412 -0.140255
v 0.239222 0.0977369 -0.133994
v 0.243842 0.0998591 -0.140367
v 0.249842 0.098811 -0.148373
v 0.244888 0.0983027 -0.141513
v 0.249757 0.0998226 -0.148438
v 0.255506 0.0993776 -0.156625
v 0.250393 0.0988509 -0.149176
v 0.255472 0.0997905 -0.156654
v 0.255721 0.0993943 -0.156956
v 0.25922 0.0997638 -0.162322
v 0.260987 0.0997539 -0.164999
v 0.266311 0.0997155 -0.173477
v 0.271429 0.099678 -0.182072
v 0.27635 0.0996397 -0.190787
v 0.281069 0.0995981 -0.199611
v 0.285584 0.0995549 -0.208542
v 0.289894 0.0995122 -0.217578
v 0.293995 0.0994642 -0.226706
v 0.297889 0.0994135 -0.235928
v 0.301573 0.0993626 -0.245235
v 0.305047 0.0993104 -0.254624
v 0.308312 0.0992521 -0.264083
v 0.311367 0.099195 -0.273614
v 0.315111 0.0894846 -0.282895
v 0.315022 0.0894509 -0.28259
v 0.314223 0.0991312 -0.28321
v 0.317662 0.0903967 -0.292594
v 0.317365 0.090254 -0.291451
v 0.31687 0.0990694 -0.292861
v 0.320027 0.0912438 -0.302341
v 0.319556 0.0910205 -0.300392
v 0.319325 0.0990023 -0.302564
v 0.322204 0.0920576 -0.312133
v 0.321601 0.0917503 -0.309398
v 0.321583 0.098938 -0.312313
v 0.32419 0.0928579 -0.321957
v 0.323484 0.0924782 -0.318434
v 0.323652 0.0988719 -0.322107
v 0.325991 0.0936473 -0.331819
v 0.325209 0.0932129 -0.327505
v 0.325534 0.0988031 -0.331938
v 0.327607 0.0944305 -0.34171
v 0.326775 0.0939429 -0.336596
v 0.327226 0.0987344 -0.341803
v 0.329036 0.0951989 -0.351626
v 0.328188 0.0946679 -0.345718
v 0.328731 0.0986647 -0.351697
v 0.330284 0.0959616 -0.36157
v 0.329447 0.0953844 -0.354867
v 0.330054 0.0985927 -0.361619
v 0.331351 0.0967254 -0.371532
v 0.330554 0.0960973 -0.364037
v 0.331194 0.098517 -0.371561
v 0.332239 0.0974983 -0.381512
v 0.331503 0.0968178 -0.373215
v 0.332156 0.0984404 -0.381526
v 0.332945 0.0982846 -0.391504
v 0.332302 0.0975462 -0.382399
v 0.332937 0.0983657 -0.391508
v 0.332946 0.0982921 -0.391578
v 0.33299 0.0983555 -0.392393
v 0.333541 0.0982831 -0.401496
v 0.333968 0.0982035 -0.411496
v 0.334223 0.0981212 -0.421503
v 0.334307 0.0980389 -0.431515
v 0.334219 0.0979547 -0.441524
v 0.333964 0.0978713 -0.451532
v 0.333545 0.0977824 -0.461533
v 0.332963 0.0976947 -0.471527
v 0.332218 0.0976061 -0.48151
v 0.331313 0.0975144 -0.491479
v 0.330257 0.0974218 -0.501438
v 0.329044 0.097326 -0.511375
v 0.327681 0.0972296 -0.521296
v 0.326169 0.0971309 -0.531192
v 0.324529 0.0970248 -0.541069
v 0.322751 0.0969242 -0.550918
v 0.320862 0.0968195 -0.560748
v 0.319268 0.0897218 -0.570566
v 0.319716 0.0886348 -0.568702
v 0.318857 0.0967175 -0.570553
v 0.316848 0.0948571 -0.580339
v 0.318106 0.0918031 -0.575315
v 0.316744 0.0966157 -0.580333
v 0.316543 0.095392 -0.581518
v 0.316027 0.0965838 -0.583505
v 0.314535 0.0965111 -0.590095
v 0.312221 0.0964094 -0.599831
v 0.309812 0.0963074 -0.609545
v 0.307312 0.0962059 -0.619239
v 0.304719 0.0961016 -0.628905
v 0.302041 0.0959955 -0.638549
v 0.299273 0.0958883 -0.648166
v 0.296419 0.0957855 -0.65776
v 0.293485 0.0956789 -0.667329
v 0.290471 0.095569 -0.676872
v 0.28738 0.0954613 -0.686392
v 0.284212 0.0953565 -0.695888
v 0.28097 0.095246 -0.705355
v 0.277657 0.0951348 -0.714796
v 0.274273 0.0950284 -0.724218
v 0.27082 0.0949179 -0.733609
v 0.267303 0.0948085 -0.742979
v 0.263725 0.0946958 -0.752325
v 0.260082 0.094585 -0.761646
v 0.256378 0.0944718 -0.77094
v 0.252617 0.094361 -0.780217
v 0.248793 0.0942482 -0.789463
v 0.244917 0.0941383 -0.798694
v 0.240984 0.0940216 -0.807896
v 0.237 0.093903 -0.817077
v 2.7175e-06 0.0300014 -0.000204032
v 1.55184e-06 0.0400017 -0.000203152
v 0.0101024 0.0399848 -0.00039439
v 0.0101011 0.0299659 -0.00039489
v 0.020162 0.0299246 -0.00101728
v 0.020146 0.0198849 -0.00109843
v 0.0301242 0.0198305 -0.00227338
v 0.0300453 0.00978338 -0.0026472
v 0.0399421 0.00975723 -0.0043664
v 0.039781 -0.000277366 -0.00515426
v 0.0298958 -0.000271195 -0.00331753
v 2.57606e-06 0.0500016 -0.000204087
v 0.010109 0.0499997 -0.000392914
v 0.0201864 0.0399671 -0.000995171
v 0.0301915 0.0298991 -0.00209985
v 0.0400733 0.0198204 -0.00389471
v 0.0497857 0.00975671 -0.00646325
v 0.0495705 -0.000280891 -0.00733034
v 2.47566e-06 0.0600007 -0.000203112
v 0.0101021 0.0600176 -0.000392689
v 0.0201814 0.0500016 -0.000990118
v 0.030206 0.0399481 -0.00203257
v 0.0401338 0.0298755 -0.00363795
v 0.049923 0.0198059 -0.00591478
v 0.0595265 0.009756 -0.00891599
v 0.0592846 -0.000273163 -0.00983358
v 1.50734e-06 0.0699987 -0.000200104
v 0.0101036 0.0700357 -0.000396129
v 0.0201851 0.0600338 -0.000994037
v 0.030225 0.0499989 -0.00202047
v 0.0401834 0.0399421 -0.00352927
v 0.0500216 0.0298698 -0.00560466
v 0.0597045 0.0198073 -0.00832122
v 0.0691844 0.00976303 -0.011713
v 0.0688918 -0.000264609 -0.0126564
v 1.44415e-06 0.0799991 -0.0002005
v 0.0100837 0.0800634 -0.000413592
v 0.0201605 0.0700784 -0.00102325
v 0.0302052 0.060053 -0.00203991
v 0.0401855 0.0499996 -0.00349971
v 0.0500614 0.0399345 -0.00545798
v 0.0598063 0.0298656 -0.00797323
v 0.069378 0.0198073 -0.0110872
v 0.0787281 0.00976787 -0.0148349
v 0.0784035 -0.000254597 -0.0157927
v 2.52156e-06 0.0900017 -0.000204124
v 0.0100824 0.0900925 -0.000475639
v 0.0201487 0.0801169 -0.00110584
v 0.0301908 0.0701033 -0.00211244
v 0.0401828 0.0600589 -0.00353763
v 0.0500845 0.0499976 -0.00541811
v 0.0598711 0.0399332 -0.00780482
v 0.0695088 0.0298658 -0.0107183
v 0.0789581 0.0198123 -0.0141989
v 0.08817 0.00977187 -0.0182752
v 0.0878025 -0.00024989 -0.0192319
v 2.89e-08 0.100002 -0.000201728
v 0.00994741 0.10019 -0.0007405
v 0.0200582 0.0901964 -0.00134293
v 0.0301241 0.0801703 -0.00229357
v 0.0401347 0.0701257 -0.00366044
v 0.0500591 0.0600676 -0.00547197
v 0.0598811 0.0500003 -0.00775915
v 0.0695669 0.0399309 -0.0105306
v 0.0790928 0.029868 -0.0138132
v 0.0884169 0.0198124 -0.017629
v 0.0974865 0.00977477 -0.0220172
v 0.0970892 -0.000244708 -0.022971
v 0.0199704 0.100233 -0.00184814
v 0.0300465 0.0902163 -0.00267312
v 0.0400694 0.0801801 -0.00392241
v 0.050021 0.0701283 -0.00563898
v 0.0598675 0.0600654 -0.00782436
v 0.0695898 0.0499965 -0.0104822
v 0.0791674 0.0399312 -0.0136184
v 0.0885713 0.0298683 -0.0172383
v 0.0977586 0.0198167 -0.0213723
v 0.106681 0.00977872 -0.0260558
v 0.106251 -0.000242 -0.0269977
v 0.0298926 0.100274 -0.00334818
v 0.0399416 0.0902444 -0.0044117
v 0.0499207 0.0801926 -0.00596162
v 0.059802 0.0701305 -0.00801433
v 0.0695638 0.0600636 -0.0105576
v 0.0791831 0.0499967 -0.0135685
v 0.0886466 0.0399316 -0.0170407
v 0.0979242 0.0298721 -0.0209814
v 0.106973 0.0198185 -0.0254141
v 0.115743 0.00977785 -0.0303761
v 0.115284 -0.000241429 -0.0313048
v 0.0397748 0.100277 -0.0052109
v 0.0497805 0.0902393 -0.00652718
v 0.0596954 0.0801901 -0.00838554
v 0.0694998 0.0701242 -0.0107712
v 0.0791622 0.0600589 -0.0136512
v 0.0886724 0.0499928 -0.016993
v 0.0980128 0.0399301 -0.0207819
v 0.107155 0.0298709 -0.0250233
v 0.116058 0.0198158 -0.0297407
v 0.124669 0.0097771 -0.034973
v 0.12418 -0.000239947 -0.0358848
v 0.0495575 0.100276 -0.00740755
v 0.0595167 0.0902385 -0.00900007
v 0.0693664 0.0801862 -0.0111696
v 0.07908 0.0701227 -0.0138784
v 0.0886383 0.060056 -0.017078
v 0.0980354 0.0499883 -0.0207332
v 0.107248 0.0399252 -0.0248219
v 0.116252 0.0298673 -0.029353
v 0.125002 0.0198156 -0.0343467
v 0.133449 0.00977606 -0.0398335
v 0.132934 -0.000241641 -0.0407259
v 0.0592652 0.100265 -0.00993864
v 0.0691659 0.0902285 -0.011819
v 0.0789368 0.0801768 -0.0142953
v 0.0885541 0.070115 -0.0173167
v 0.0980024 0.0600513 -0.0208266
v 0.107273 0.0499866 -0.0247793
v 0.116354 0.0399234 -0.0291575
v 0.12521 0.0298667 -0.0339651
v 0.133803 0.0198107 -0.0392176
v 0.142085 0.00977084 -0.0449526
v 0.141545 -0.000246702 -0.0458254
v 0.0688664 0.100254 -0.0127889
v 0.078702 0.0902211 -0.0149649
v 0.0883893 0.0801669 -0.0177424
v 0.0979025 0.0701095 -0.0210684
v 0.107234 0.0600446 -0.0248727
v 0.116378 0.0499831 -0.0291162
v 0.125318 0.0399198 -0.0337705
v 0.134024 0.0298605 -0.0388426
v 0.142456 0.019809 -0.0443517
v 0.150565 0.00976549 -0.0503196
v 0.150003 -0.000251192 -0.0511726
v 0.0783707 0.100238 -0.0159526
v 0.0881345 0.0902062 -0.018426
v 0.0977241 0.0801585 -0.021502
v 0.107129 0.0701003 -0.025121
v 0.116337 0.0600377 -0.0292118
v 0.125347 0.0499748 -0.033731
v 0.134138 0.0399151 -0.0386538
v 0.142688 0.0298575 -0.0439831
v 0.150953 0.0198027 -0.0497317
v 0.158887 0.00976023 -0.0559287
v 0.158302 -0.000258972 -0.0567561
v 0.0877565 0.100226 -0.0194195
v 0.0974418 0.0901991 -0.0221932
v 0.106932 0.0801513 -0.0255603
v 0.11622 0.0700949 -0.029465
v 0.125301 0.06003 -0.0338309
v 0.134165 0.0499693 -0.0386149
v 0.142809 0.0399092 -0.0437983
v 0.151198 0.0298495 -0.0493731
v 0.159293 0.019796 -0.0553574
v 0.167049 0.00975138 -0.0617721
v 0.166444 -0.000265806 -0.0625793
v 0.0970331 0.100211 -0.0231847
v 0.106625 0.0901883 -0.0262497
v 0.116008 0.080142 -0.0299049
v 0.12517 0.0700862 -0.0340826
v 0.134114 0.0600261 -0.0387184
v 0.142837 0.0499631 -0.0437629
v 0.151324 0.0399026 -0.0491942
v 0.159548 0.0298411 -0.0550054
v 0.167469 0.0197854 -0.0612141
v 0.175041 0.00973946 -0.0678372
v 0.174417 -0.000275176 -0.0686239
v 0.106179 0.100201 -0.0272386
v 0.115677 0.0901766 -0.0305917
v 0.124946 0.0801338 -0.0345281
v 0.133979 0.0700775 -0.0389733
v 0.142782 0.0600176 -0.0438679
v 0.151353 0.0499523 -0.0491604
v 0.159678 0.0398915 -0.0548304
v 0.16773 0.0298326 -0.0608708
v 0.175476 0.0197755 -0.0672982
v 0.182862 0.00972929 -0.074124
v 0.182219 -0.000286531 -0.0748844
v 0.115199 0.10019 -0.031574
v 0.124593 0.0901638 -0.0352093
v 0.133737 0.0801231 -0.0394149
v 0.142638 0.0700654 -0.0441221
v 0.151294 0.0600052 -0.0492667
v 0.159709 0.0499454 -0.0548054
v 0.167869 0.0398806 -0.0607031
v 0.175747 0.0298209 -0.0669651
v 0.183313 0.0197632 -0.0736021
v 0.190511 0.00971766 -0.0806249
v 0.18985 -0.000298947 -0.0813588
v 0.124081 0.100176 -0.0361788
v 0.133361 0.0901536 -0.040092
v 0.142381 0.0801097 -0.0445628
v 0.151138 0.0700578 -0.0495238
v 0.159645 0.059997 -0.0549128
v 0.167898 0.0499349 -0.0606815
v 0.175888 0.0398705 -0.0668033
v 0.183594 0.0298066 -0.0732793
v 0.19097 0.0197493 -0.0801133
v 0.197981 0.00970163 -0.0873254
v 0.197305 -0.000315633 -0.0880361
v 0.132821 0.100166 -0.0410508
v 0.141983 0.0901424 -0.0452348
v 0.150867 0.080102 -0.049963
v 0.15948 0.0700472 -0.0551686
v 0.167832 0.0599858 -0.0607932
v 0.175918 0.0499216 -0.0667829
v 0.183737 0.039858 -0.0731234
v 0.191259 0.0297948 -0.0798029
v 0.198452 0.0197348 -0.0868332
v 0.205266 0.00968621 -0.0942221
v 0.204577 -0.000331406 -0.0949094
v 0.141413 0.100153 -0.046177
v 0.15045 0.0901302 -0.0506253
v 0.159197 0.0800883 -0.0556039
v 0.167658 0.0700343 -0.0610474
v 0.175846 0.0599723 -0.0668953
v 0.18377 0.0499063 -0.0731075
v 0.191408 0.0398443 -0.0796543
v 0.19875 0.0297785 -0.0865334
v 0.205751 0.0197169 -0.0937477
v 0.212368 0.00966855 -0.101311
v 0.211666 -0.000349208 -0.101975
v 0.149857 0.100136 -0.0515515
v 0.158757 0.0901172 -0.0562546
v 0.16736 0.0800732 -0.061475
v 0.175667 0.0700198 -0.0671511
v 0.183692 0.0599575 -0.0732205
v 0.191438 0.049894 -0.0796417
v 0.198901 0.0398262 -0.0863889
v 0.206055 0.0297628 -0.0934607
v 0.212862 0.0197007 -0.100853
v 0.219282 0.00964998 -0.108584
v 0.218565 -0.000367599 -0.10922
v 0.158139 0.100124 -0.0571662
v 0.166903 0.0901037 -0.0621205
v 0.175354 0.0800612 -0.0675761
v 0.183503 0.0700046 -0.0734743
v 0.19136 0.059942 -0.0797566
v 0.198932 0.0498777 -0.0863829
v 0.206211 0.0398088 -0.0933237
v 0.213173 0.0297449 -0.100577
v 0.219785 0.0196795 -0.108141
v 0.226007 0.00962801 -0.116033
v 0.225277 -0.000389121 -0.116644
v 0.166259 0.100109 -0.0630116
v 0.174882 0.0900867 -0.0682088
v 0.183178 0.0800454 -0.0738946
v 0.191162 0.0699894 -0.0800083
v 0.198847 0.0599269 -0.0864983
v 0.206241 0.0498585 -0.0933189
v 0.213331 0.0397895 -0.100445
v 0.220104 0.0297221 -0.107876
v 0.226516 0.0196588 -0.115607
v 0.232534 0.00960441 -0.123649
v 0.231797 -0.000411868 -0.124238
v 0.174215 0.100092 -0.0690824
v 0.182685 0.0900705 -0.0745127
v 0.190826 0.0800263 -0.0804217
v 0.198641 0.0699712 -0.0867459
v 0.206152 0.0599055 -0.0934329
v 0.213363 0.0498377 -0.100445
v 0.220265 0.0397696 -0.107753
v 0.226839 0.0297001 -0.11535
v 0.233054 0.0196366 -0.123244
v 0.238867 0.00958143 -0.13143
v 0.238119 -0.000433636 -0.131993
v 0.182 0.100076 -0.0753718
v 0.190319 0.090052 -0.0810319
v 0.198293 0.080009 -0.0871542
v 0.205939 0.0699512 -0.0936817
v 0.21327 0.0598868 -0.100563
v 0.220295 0.0498167 -0.107755
v 0.227005 0.0397468 -0.115235
v 0.233382 0.0296807 -0.123001
v 0.239395 0.019611 -0.131041
v 0.245003 0.00955769 -0.139368
v 0.24425 -0.000460034 -0.139906
v 0.189608 0.100059 -0.0818693
v 0.197768 0.0900362 -0.0877528
v 0.205579 0.0799906 -0.0940849
v 0.21305 0.0699306 -0.100807
v 0.220197 0.0598645 -0.107871
v 0.227034 0.0497971 -0.115244
v 0.233551 0.039723 -0.122888
v 0.23973 0.0296542 -0.130809
v 0.245538 0.0195887 -0.138997
v 0.250945 0.00952806 -0.147452
v 0.25018 -0.000484334 -0.147965
v 0.19704 0.100038 -0.0885678
v 0.20504 0.0900123 -0.0946677
v 0.212676 0.0799683 -0.1012
v 0.219972 0.0699069 -0.108115
v 0.226937 0.0598401 -0.11536
v 0.233578 0.049773 -0.122899
v 0.239898 0.0397003 -0.130704
v 0.245878 0.0296271 -0.138772
v 0.251482 0.0195604 -0.147097
v 0.256684 0.00949917 -0.155676
v 0.255917 -0.000516036 -0.156166
v 0.20429 0.100018 -0.095464
v 0.212123 0.0899933 -0.101774
v 0.219588 0.0799438 -0.1085
v 0.226698 0.0698858 -0.115599
v 0.233476 0.0598156 -0.123014
v 0.239929 0.0497464 -0.130718
v 0.24605 0.0396733 -0.138675
v 0.251829 0.0295979 -0.146884
v 0.257233 0.0195288 -0.155341
v 0.262226 0.00946962 -0.164037
v 0.261452 -0.000544363 -0.164503
v 0.21136 0.0999925 -0.102549
v 0.219019 0.089969 -0.109061
v 0.226307 0.0799225 -0.11598
v 0.233232 0.0698611 -0.123252
v 0.239821 0.0597891 -0.130832
v 0.246081 0.0497157 -0.138689
v 0.252005 0.0396443 -0.146797
v 0.25758 0.0295696 -0.15514
v 0.262779 0.0194966 -0.163716
v 0.267571 0.00943408 -0.172526
v 0.26679 -0.000578788 -0.172966
v 0.218237 0.0999702 -0.109814
v 0.225725 0.0899449 -0.116524
v 0.232833 0.0798943 -0.123624
v 0.239575 0.0698308 -0.131067
v 0.245969 0.0597628 -0.138808
v 0.252033 0.0496874 -0.146813
v 0.257758 0.0396123 -0.155057
v 0.263132 0.0295366 -0.16353
v 0.268126 0.0194624 -0.172222
v 0.272715 0.00939949 -0.181138
v 0.271929 -0.000616685 -0.181551
v 0.224929 0.0999452 -0.117257
v 0.232242 0.0899147 -0.124155
v 0.239161 0.0798651 -0.131429
v 0.245717 0.0698013 -0.139038
v 0.251918 0.0597314 -0.14693
v 0.257784 0.0496563 -0.155076
v 0.263311 0.0395797 -0.163453
v 0.268482 0.0295017 -0.172046
v 0.273272 0.0194293 -0.180852
v 0.277657 0.0093603 -0.189864
v 0.276865 -0.000651447 -0.190257
v 0.231427 0.099919 -0.124867
v 0.238558 0.0898881 -0.131949
v 0.245292 0.0798372 -0.139392
v 0.251658 0.0697712 -0.147156
v 0.257668 0.0597016 -0.155196
v 0.263335 0.049625 -0.163475
v 0.268661 0.0395455 -0.171976
v 0.27363 0.0294679 -0.180688
v 0.27822 0.0193917 -0.1896
v 0.282395 0.00932268 -0.198702
v 0.281603 -0.000693205 -0.199074
v 0.237732 0.0998895 -0.132638
v 0.244678 0.0898556 -0.139895
v 0.251229 0.0798054 -0.147505
v 0.257401 0.0697393 -0.155416
v 0.263217 0.0596642 -0.163591
v 0.268688 0.0495884 -0.172003
v 0.273812 0.0395084 -0.180623
v 0.278578 0.0294295 -0.189443
v 0.282963 0.0193517 -0.198455
v 0.286931 0.00928019 -0.207648
v 0.286135 -0.000735824 -0.207997
v 0.243842 0.0998591 -0.140567
v 0.250602 0.0898239 -0.147991
v 0.256964 0.0797725 -0.155756
v 0.262946 0.0697045 -0.163811
v 0.268565 0.05963 -0.172119
v 0.273837 0.0495532 -0.180654
v 0.278759 0.0394709 -0.189387
v 0.283322 0.0293888 -0.198312
v 0.2875 0.0193069 -0.207415
v 0.291261 0.00923478 -0.216696
v 0.29046 -0.000781138 -0.21702
v 0.249757 0.0998226 -0.148638
v 0.256327 0.0897921 -0.156229
v 0.2625 0.0797375 -0.164142
v 0.268289 0.0696697 -0.172334
v 0.273711 0.0595938 -0.180768
v 0.278784 0.0495139 -0.189421
v 0.283504 0.0394313 -0.198264
v 0.287861 0.0293478 -0.207287
v 0.29183 0.0192637 -0.216479
v 0.29538 0.009189 -0.225839
v 0.294578 -0.000826648 -0.226142
v 0.255472 0.0997905 -0.156854
v 0.261854 0.0897549 -0.164597
v 0.267835 0.0796995 -0.172651
v 0.273432 0.0696297 -0.180976
v 0.278656 0.0595541 -0.189533
v 0.283526 0.0494728 -0.198297
v 0.288041 0.0393876 -0.207243
v 0.292189 0.0293046 -0.216361
v 0.295952 0.0192202 -0.225643
v 0.299293 0.00914161 -0.235076
v 0.298489 -0.000873743 -0.235356
v 0.260987 0.0997539 -0.165199
v 0.267183 0.0897194 -0.173096
v 0.272974 0.0796611 -0.181287
v 0.278372 0.0695909 -0.189736
v 0.283399 0.0595129 -0.198412
v 0.288061 0.049432 -0.207281
v 0.292373 0.039342 -0.216325
v 0.296313 0.0292574 -0.225534
v 0.299863 0.0191711 -0.234892
v 0.302995 0.00909542 -0.244401
v 0.302191 -0.000923645 -0.244655
v 0.266311 0.0997155 -0.173677
v 0.272312 0.0896805 -0.181714
v 0.27791 0.0796208 -0.190036
v 0.28311 0.0695512 -0.198609
v 0.287932 0.0594724 -0.207395
v 0.292393 0.0493857 -0.216366
v 0.296494 0.039297 -0.225504
v 0.300224 0.0292089 -0.234794
v 0.303563 0.0191232 -0.24423
v 0.306487 0.00904099 -0.2538
v 0.305683 -0.000973419 -0.254035
v 0.271429 0.099678 -0.182272
v 0.277245 0.0896404 -0.190451
v 0.282644 0.0795802 -0.198898
v 0.287641 0.0695085 -0.207585
v 0.292258 0.0594267 -0.216477
v 0.296511 0.0493401 -0.225546
v 0.300407 0.0392508 -0.234776
v 0.303927 0.0291575 -0.244142
v 0.307056 0.0190711 -0.253649
v 0.309768 0.00898951 -0.263278
v 0.308966 -0.0010241 -0.26349
v 0.27635 0.0996397 -0.190987
v 0.28197 0.0896006 -0.199295
v 0.287171 0.079537 -0.207864
v 0.291967 0.0694648 -0.216666
v 0.29638 0.0593779 -0.225658
v 0.300423 0.0492896 -0.234817
v 0.304109 0.0391979 -0.244129
v 0.307416 0.0291062 -0.25357
v 0.310335 0.0190178 -0.263142
v 0.312837 0.00893596 -0.272824
v 0.312043 -0.0010806 -0.273014
v 0.281069 0.0995981 -0.199811
v 0.286496 0.0895546 -0.208247
v 0.291492 0.079493 -0.216934
v 0.296081 0.0694183 -0.225841
v 0.300285 0.0593325 -0.234928
v 0.304124 0.0492408 -0.244177
v 0.307592 0.0391492 -0.253562
v 0.310696 0.0290535 -0.263078
v 0.313401 0.0189663 -0.272706
v 0.315697 0.00888393 -0.282437
v 0.314914 -0.00113484 -0.282607
v 0.285584 0.0995549 -0.208742
v 0.290811 0.0895121 -0.217304
v 0.295605 0.0794465 -0.226102
v 0.299985 0.0693674 -0.235103
v 0.303983 0.059281 -0.244285
v 0.307611 0.0491881 -0.253615
v 0.310869 0.0390952 -0.263073
v 0.31376 0.0289986 -0.272651
v 0.316258 0.0189079 -0.282331
v 0.318353 0.00882584 -0.292105
v 0.317577 -0.0011905 -0.292252
v 0.289894 0.0995122 -0.217778
v 0.294917 0.0894637 -0.226453
v 0.299505 0.079396 -0.235356
v 0.303681 0.0693147 -0.244455
v 0.307468 0.0592299 -0.253724
v 0.310881 0.0491344 -0.263125
v 0.313934 0.039039 -0.272655
v 0.316612 0.0289451 -0.28229
v 0.318907 0.0188515 -0.292017
v 0.32081 0.00876712 -0.301827
v 0.320043 -0.00124713 -0.301954
v 0.293995 0.0994642 -0.226906
v 0.298814 0.0894158 -0.235696
v 0.303197 0.0793439 -0.244699
v 0.307161 0.0692627 -0.253887
v 0.310739 0.059174 -0.263235
v 0.313944 0.0490787 -0.272711
v 0.316783 0.0389845 -0.282299
v 0.319258 0.0288855 -0.291983
v 0.321358 0.0187947 -0.301756
v 0.323069 0.00870855 -0.311594
v 0.322316 -0.0013087 -0.311702
v 0.297889 0.0994135 -0.236128
v 0.302503 0.0893629 -0.245024
v 0.306673 0.079293 -0.254122
v 0.31043 0.0692062 -0.263395
v 0.313796 0.0591164 -0.272815
v 0.316794 0.0490209 -0.282357
v 0.319429 0.0389241 -0.292002
v 0.321702 0.0288297 -0.301733
v 0.32361 0.0187344 -0.311536
v 0.325141 0.00864584 -0.321405
v 0.324395 -0.00137127 -0.321491
v 0.301573 0.0993626 -0.245435
v 0.305975 0.0893117 -0.254432
v 0.309939 0.0792382 -0.263622
v 0.313486 0.0691487 -0.272971
v 0.316643 0.059057 -0.282459
v 0.319435 0.0489618 -0.292061
v 0.32187 0.0388638 -0.301752
v 0.323955 0.0287668 -0.311525
v 0.325675 0.0186707 -0.321359
v 0.327024 0.0085824 -0.331253
v 0.326284 -0.00143548 -0.331319
v 0.305047 0.0993104 -0.254824
v 0.309241 0.0892533 -0.263914
v 0.312993 0.0791788 -0.273188
v 0.316332 0.0690899 -0.282613
v 0.319283 0.058997 -0.292162
v 0.321877 0.0488992 -0.301815
v 0.324121 0.0388009 -0.311551
v 0.326014 0.0287009 -0.321353
v 0.327552 0.018607 -0.331221
v 0.328721 0.00851294 -0.341131
v 0.327987 -0.0015022 -0.341181
v 0.308312 0.0992521 -0.264283
v 0.312297 0.0891952 -0.273468
v 0.315839 0.0791189 -0.28282
v 0.318974 0.0690268 -0.29231
v 0.321724 0.058934 -0.301914
v 0.324126 0.0488343 -0.311614
v 0.326179 0.0387354 -0.321388
v 0.327889 0.0286355 -0.331225
v 0.329243 0.0185377 -0.341113
v 0.330229 0.00844452 -0.35104
v 0.329505 -0.00156843 -0.351078
v 0.311367 0.099195 -0.273814
v 0.315143 0.0891332 -0.283083
v 0.318477 0.0790553 -0.292504
v 0.321411 0.0689653 -0.302057
v 0.323972 0.058869 -0.311713
v 0.326181 0.0487712 -0.321453
v 0.32805 0.0386706 -0.331264
v 0.329573 0.0285691 -0.341125
v 0.330747 0.01847 -0.351037
v 0.331553 0.00837592 -0.360977
v 0.330837 -0.00163953 -0.360996
v 0.314223 0.0991312 -0.28341
v 0.317785 0.0890684 -0.292754
v 0.320921 0.0789898 -0.302243
v 0.323659 0.0688982 -0.311848
v 0.326028 0.0588021 -0.321549
v 0.328051 0.048705 -0.331331
v 0.329732 0.0386011 -0.341167
v 0.331076 0.0285005 -0.351059
v 0.332066 0.0183983 -0.360982
v 0.332696 0.00830576 -0.370938
v 0.33199 -0.00171258 -0.370941
v 0.31687 0.0990694 -0.293061
v 0.320231 0.0890023 -0.302475
v 0.323169 0.0789232 -0.312025
v 0.325716 0.0688336 -0.321683
v 0.327898 0.0587364 -0.331427
v 0.329736 0.0486344 -0.34124
v 0.331232 0.0385338 -0.351107
v 0.33239 0.0284282 -0.361013
v 0.333202 0.0183295 -0.370956
v 0.333659 0.0082285 -0.380915
v 0.332956 -0.00178468 -0.380902
v 0.319325 0.0990023 -0.302764
v 0.322482 0.0889392 -0.312246
v 0.325229 0.0788552 -0.321849
v 0.327586 0.0687663 -0.331554
v 0.32958 0.0586666 -0.341333
v 0.331232 0.0485663 -0.351178
v 0.332544 0.0384632 -0.361066
v 0.333523 0.0283592 -0.370994
v 0.334159 0.018254 -0.380945
v 0.33444 0.00815537 -0.39091
v 0.333746 -0.0018614 -0.39088
v 0.321583 0.098938 -0.312513
v 0.324547 0.0888705 -0.322058
v 0.3271 0.0787886 -0.331712
v 0.329267 0.0686951 -0.341454
v 0.331079 0.0585953 -0.35127
v 0.332544 0.0484951 -0.361141
v 0.333678 0.0383877 -0.37105
v 0.334477 0.0282837 -0.380992
v 0.334932 0.0181788 -0.390947
v 0.335042 0.00807649 -0.400912
v 0.334356 -0.0019357 -0.400871
v 0.323652 0.0988719 -0.322307
v 0.326419 0.0888033 -0.331905
v 0.328783 0.0787183 -0.341605
v 0.330764 0.0686268 -0.351388
v 0.332388 0.0585253 -0.361231
v 0.333675 0.0484193 -0.371124
v 0.334626 0.0383144 -0.381052
v 0.335248 0.0282087 -0.391004
v 0.335532 0.0181023 -0.400966
v 0.335471 0.00799888 -0.410928
v 0.334792 -0.00201337 -0.410872
v 0.325534 0.0988031 -0.332138
v 0.328108 0.0887324 -0.341786
v 0.330284 0.0786469 -0.35153
v 0.33208 0.0685518 -0.361345
v 0.333517 0.0584511 -0.371214
v 0.33462 0.0483459 -0.381127
v 0.335394 0.0382377 -0.391066
v 0.33584 0.0281285 -0.401024
v 0.335951 0.0180231 -0.410988
v 0.335722 0.00792098 -0.420948
v 0.335058 -0.00209588 -0.42088
v 0.327226 0.0987344 -0.342003
v 0.32961 0.0886605 -0.351697
v 0.331596 0.0785772 -0.36148
v 0.333208 0.0684809 -0.371326
v 0.334467 0.0583753 -0.381217
v 0.335389 0.0482693 -0.391145
v 0.335985 0.0381602 -0.401094
v 0.336257 0.0280502 -0.411056
v 0.336196 0.0179439 -0.421017
v 0.335799 0.00784116 -0.430969
v 0.335144 -0.00217635 -0.430887
v 0.328731 0.0986647 -0.351897
v 0.330927 0.0885903 -0.361637
v 0.33273 0.0784994 -0.37145
v 0.334155 0.0684045 -0.381321
v 0.335231 0.0583006 -0.391232
v 0.335979 0.0481922 -0.401175
v 0.3364 0.0380805 -0.41113
v 0.336498 0.027972 -0.421093
v 0.336271 0.017863 -0.431051
v 0.335712 0.0077577 -0.440993
v 0.335063 -0.00225638 -0.440898
v 0.330054 0.0985927 -0.361819
v 0.332061 0.0885163 -0.371596
v 0.333679 0.0784246 -0.38144
v 0.334923 0.0683254 -0.391331
v 0.335822 0.0582215 -0.401261
v 0.336388 0.0481132 -0.41121
v 0.336638 0.0380013 -0.421172
v 0.336566 0.0278882 -0.43113
v 0.336175 0.0177787 -0.441082
v 0.335453 0.00767311 -0.451011
v 0.334816 -0.00234213 -0.450905
v 0.331194 0.098517 -0.371761
v 0.333015 0.0884372 -0.381572
v 0.33445 0.0783472 -0.391445
v 0.335515 0.0682462 -0.401357
v 0.336233 0.0581406 -0.411294
v 0.336628 0.0480306 -0.421252
v 0.336704 0.0379209 -0.431215
v 0.336466 0.0278055 -0.441169
v 0.335908 0.0176936 -0.451108
v 0.335029 0.00758561 -0.461024
v 0.334402 -0.00242664 -0.460907
v 0.332156 0.0984404 -0.381726
v 0.333792 0.0883598 -0.391568
v 0.335038 0.0782699 -0.401459
v 0.335927 0.0681696 -0.41139
v 0.336472 0.0580607 -0.421338
v 0.336691 0.0479469 -0.431293
v 0.336599 0.0378376 -0.441256
v 0.336191 0.0277222 -0.451201
v 0.335474 0.01761 -0.461131
v 0.334435 0.00750192 -0.471027
v 0.333824 -0.00251632 -0.470899
v 0.332937 0.0983657 -0.391708
v 0.334387 0.0882827 -0.401574
v 0.335457 0.0781871 -0.411484
v 0.336164 0.0680856 -0.421422
v 0.336538 0.0579757 -0.431378
v 0.336586 0.0478649 -0.441338
v 0.336326 0.0377496 -0.451292
v 0.335753 0.0276363 -0.461229
v 0.334874 0.0175218 -0.471141
v 0.333685 0.00741132 -0.481021
v 0.333087 -0.00260431 -0.480884
v 0.333541 0.0982831 -0.401696
v 0.334807 0.0882044 -0.41159
v 0.335698 0.0781055 -0.421513
v 0.336232 0.0680011 -0.431462
v 0.336431 0.0578924 -0.441421
v 0.33631 0.0477784 -0.451374
v 0.335883 0.0376635 -0.461322
v 0.33515 0.0275503 -0.47125
v 0.334115 0.0174355 -0.481147
v 0.332771 0.00732485 -0.491003
v 0.332187 -0.00269268 -0.490856
v 0.333968 0.0982035 -0.411696
v 0.335054 0.0881191 -0.421606
v 0.335767 0.0780235 -0.431546
v 0.336126 0.0679185 -0.441499
v 0.336152 0.0578092 -0.451456
v 0.335868 0.047694 -0.461409
v 0.335273 0.0375774 -0.471343
v 0.334383 0.027462 -0.481257
v 0.333188 0.0173447 -0.49113
v 0.3317 0.00723156 -0.500965
v 0.331131 -0.00278341 -0.500812
v 0.334223 0.0981212 -0.421703
v 0.33513 0.0880377 -0.431632
v 0.335667 0.0779394 -0.44158
v 0.335853 0.0678319 -0.451533
v 0.335712 0.0577197 -0.461487
v 0.335258 0.0476055 -0.47143
v 0.334503 0.0374893 -0.481354
v 0.333453 0.0273693 -0.491246
v 0.332104 0.0172559 -0.501101
v 0.330472 0.0071428 -0.510913
v 0.329917 -0.0028738 -0.510747
v 0.334307 0.0980389 -0.431715
v 0.335035 0.0879544 -0.441655
v 0.335398 0.0778515 -0.451605
v 0.335414 0.0677435 -0.46156
v 0.335103 0.0576307 -0.471506
v 0.334487 0.0475151 -0.481441
v 0.33357 0.0373968 -0.491347
v 0.332362 0.0272786 -0.501221
v 0.330864 0.0171628 -0.511052
v 0.329088 0.00705247 -0.520836
v 0.328557 -0.00296103 -0.52067
v 0.334219 0.0979547 -0.441724
v 0.33477 0.0878675 -0.451671
v 0.33496 0.0777662 -0.461627
v 0.334809 0.0676558 -0.47158
v 0.33433 0.0575441 -0.481519
v 0.333549 0.0474248 -0.491435
v 0.332473 0.0373065 -0.501324
v 0.331109 0.027188 -0.511174
v 0.329466 0.0170723 -0.520981
v 0.327556 0.00696389 -0.530739
v 0.327051 -0.00305045 -0.530568
v 0.333964 0.0978713 -0.451732
v 0.334343 0.0877792 -0.461686
v 0.334359 0.0776776 -0.47164
v 0.334037 0.0675664 -0.481583
v 0.333393 0.0574536 -0.491511
v 0.332452 0.0473325 -0.501413
v 0.331216 0.0372119 -0.511277
v 0.329704 0.0270956 -0.521108
v 0.327921 0.0169834 -0.53089
v 0.325888 0.00687197 -0.540616
v 0.325409 -0.00314289 -0.54044
v 0.333545 0.0977824 -0.461733
v 0.333748 0.0876918 -0.47169
v 0.333596 0.0775876 -0.481641
v 0.333105 0.0674776 -0.491577
v 0.332298 0.0573612 -0.501489
v 0.331194 0.0472402 -0.51137
v 0.329805 0.0371199 -0.521214
v 0.328144 0.0270047 -0.531015
v 0.326234 0.016891 -0.540771
v 0.324093 0.00678072 -0.55047
v 0.323641 -0.00323073 -0.550295
v 0.332963 0.0976947 -0.471727
v 0.332992 0.0875992 -0.48168
v 0.332671 0.077494 -0.491627
v 0.332014 0.0673828 -0.501552
v 0.331044 0.0572646 -0.511445
v 0.329781 0.0471463 -0.521306
v 0.328246 0.0370248 -0.531127
v 0.326447 0.0269102 -0.540899
v 0.324423 0.016795 -0.550627
v 0.322184 0.00668453 -0.560301
v 0.321755 -0.00332449 -0.560124
v 0.332218 0.0976061 -0.48171
v 0.332078 0.0875074 -0.491661
v 0.331584 0.0774032 -0.501597
v 0.330763 0.0672882 -0.511506
v 0.329633 0.0571707 -0.521382
v 0.328219 0.0470493 -0.531218
v 0.326541 0.0369307 -0.541011
v 0.324624 0.0268168 -0.55076
v 0.322491 0.0167038 -0.560461
v 0.32016 0.00659055 -0.570109
v 0.319755 -0.00342179 -0.569927
v 0.331313 0.0975144 -0.491679
v 0.331003 0.0874144 -0.501625
v 0.330343 0.0773085 -0.51155
v 0.329353 0.067192 -0.521437
v 0.32807 0.0570737 -0.531292
v 0.326512 0.0469532 -0.541103
v 0.324711 0.0368333 -0.550871
v 0.322685 0.0267196 -0.560595
v 0.320454 0.0166065 -0.570269
v 0.318038 0.00649169 -0.579897
v 0.317647 -0.00351605 -0.579711
v 0.330257 0.0974218 -0.501638
v 0.329773 0.0873222 -0.511574
v 0.328946 0.077208 -0.521477
v 0.3278 0.0670928 -0.531348
v 0.326367 0.0569733 -0.541177
v 0.32468 0.0468539 -0.550964
v 0.322763 0.0367367 -0.560708
v 0.320634 0.0266213 -0.570403
v 0.318312 0.0165097 -0.580057
v 0.315809 0.00639411 -0.589657
v 0.315441 -0.00361457 -0.589475
v 0.329044 0.097326 -0.511575
v 0.328387 0.0872245 -0.521496
v 0.327399 0.077109 -0.531384
v 0.326101 0.0669945 -0.541233
v 0.324535 0.0568741 -0.551037
v 0.322727 0.0467556 -0.560798
v 0.320704 0.0366395 -0.570517
v 0.318485 0.0265239 -0.580194
v 0.316074 0.0164103 -0.589822
v 0.313486 0.00629466 -0.599398
v 0.313133 -0.00371578 -0.599212
v 0.327681 0.0972296 -0.521496
v 0.326859 0.087124 -0.531402
v 0.325707 0.0770108 -0.541265
v 0.324271 0.0668931 -0.551089
v 0.322585 0.056776 -0.560874
v 0.320671 0.0466568 -0.570613
v 0.31855 0.036539 -0.580307
v 0.316235 0.0264246 -0.589959
v 0.31374 0.0163097 -0.599564
v 0.311065 0.00619456 -0.609114
v 0.310726 -0.00381837 -0.608924
v 0.326169 0.0971309 -0.531392
v 0.325188 0.0870202 -0.541278
v 0.323892 0.0769096 -0.551124
v 0.322328 0.0667928 -0.560925
v 0.320528 0.0566731 -0.570683
v 0.31851 0.0465595 -0.580403
v 0.316293 0.0364414 -0.590074
v 0.313889 0.0263245 -0.5997
v 0.311308 0.016209 -0.60928
v 0.308555 0.00609489 -0.61881
v 0.308227 -0.00391652 -0.618619
v 0.324529 0.0970248 -0.541269
v 0.323389 0.0869174 -0.551133
v 0.321959 0.0768049 -0.560955
v 0.320275 0.0666922 -0.570735
v 0.318369 0.0565718 -0.580471
v 0.316252 0.0464564 -0.590165
v 0.313947 0.0363389 -0.599818
v 0.311451 0.0262246 -0.609419
v 0.30879 0.0161046 -0.618974
v 0.305954 0.00599218 -0.628479
v 0.305639 -0.00402277 -0.628284
v 0.322751 0.0969242 -0.551118
v 0.321469 0.0868155 -0.560961
v 0.319915 0.0767043 -0.570763
v 0.318124 0.0665888 -0.580523
v 0.316113 0.0564737 -0.590239
v 0.313899 0.0463574 -0.59991
v 0.311505 0.0362368 -0.609537
v 0.308922 0.0261214 -0.619113
v 0.306174 0.016002 -0.62864
v 0.303262 0.00588732 -0.63812
v 0.302959 -0.00412232 -0.637929
v 0.320862 0.0968195 -0.560948
v 0.319443 0.0867128 -0.570769
v 0.317775 0.0766007 -0.580552
v 0.315871 0.0664885 -0.590288
v 0.313764 0.056371 -0.599982
v 0.311458 0.0462547 -0.609631
v 0.30897 0.0361363 -0.619233
v 0.306307 0.0260158 -0.628784
v 0.303473 0.0159023 -0.638288
v 0.300483 0.00578587 -0.64774
v 0.300193 -0.00422803 -0.647546
v 0.318857 0.0967175 -0.570753
v 0.317313 0.0866112 -0.580555
v 0.315531 0.0765 -0.590315
v 0.313526 0.0663835 -0.600028
v 0.311319 0.056269 -0.6097
v 0.308923 0.046149 -0.619323
v 0.306346 0.0360335 -0.628902
v 0.303599 0.0259132 -0.638428
v 0.300688 0.0157971 -0.647906
v 0.297624 0.00567946 -0.657334
v 0.297345 -0.00432967 -0.657145
v 0.316744 0.0966157 -0.580533
v 0.315084 0.0865077 -0.590316
v 0.313194 0.0763945 -0.600054
v 0.311087 0.0662838 -0.609749
v 0.308786 0.0561641 -0.619394
v 0.3063 0.0460458 -0.628995
v 0.303635 0.0359293 -0.638546
v 0.300809 0.02581 -0.64805
v 0.297819 0.0156917 -0.657501
v 0.294679 0.00557826 -0.666905
v 0.294411 -0.00443574 -0.666712
v 0.314535 0.0965111 -0.590295
v 0.31276 0.0864032 -0.600056
v 0.31076 0.076294 -0.609772
v 0.308558 0.0661766 -0.61944
v 0.306164 0.0560617 -0.629067
v 0.303587 0.0459413 -0.638638
v 0.300842 0.0358246 -0.648169
v 0.297931 0.0257068 -0.657645
v 0.294868 0.015587 -0.66707
v 0.291659 0.00546895 -0.676448
v 0.291397 -0.00454074 -0.676255
v 0.312221 0.0964094 -0.600031
v 0.310335 0.0863034 -0.609772
v 0.308237 0.0761903 -0.619465
v 0.305939 0.0660763 -0.629114
v 0.303453 0.055958 -0.638713
v 0.300789 0.0458409 -0.648262
v 0.297963 0.0357201 -0.657764
v 0.294978 0.0255999 -0.667216
v 0.291837 0.0154839 -0.676617
v 0.288557 0.00536649 -0.685969
v 0.288304 -0.00464385 -0.685774
v 0.309812 0.0963074 -0.609745
v 0.307822 0.0862002 -0.619465
v 0.305625 0.0760844 -0.629134
v 0.303232 0.0659701 -0.638758
v 0.300656 0.0558539 -0.648333
v 0.297908 0.0457362 -0.657857
v 0.295001 0.0356166 -0.667334
v 0.291941 0.0254946 -0.67676
v 0.288729 0.0153784 -0.686136
v 0.285381 0.00526208 -0.695466
v 0.285136 -0.00474905 -0.695268
v 0.307312 0.0962059 -0.619439
v 0.305219 0.0860945 -0.629132
v 0.302925 0.0759815 -0.638781
v 0.30044 0.0658635 -0.648377
v 0.29778 0.0557455 -0.657928
v 0.294951 0.0456279 -0.667428
v 0.291962 0.0355103 -0.676879
v 0.288825 0.0253917 -0.686279
v 0.285548 0.0152711 -0.695631
v 0.282131 0.00515171 -0.70493
v 0.281895 -0.00485566 -0.704737
v 0.304719 0.0961016 -0.629105
v 0.302525 0.0859917 -0.638776
v 0.300136 0.075878 -0.648401
v 0.297563 0.0657571 -0.657969
v 0.294815 0.0556428 -0.667496
v 0.291907 0.0455215 -0.676969
v 0.288847 0.0354017 -0.686397
v 0.285638 0.0252826 -0.695773
v 0.282289 0.0151628 -0.705097
v 0.278808 0.00504548 -0.714373
v 0.278585 -0.00496312 -0.714182
v 0.302041 0.0959955 -0.638749
v 0.299747 0.0858834 -0.648394
v 0.297268 0.0757702 -0.657995
v 0.294607 0.0656517 -0.667542
v 0.29178 0.0555327 -0.677042
v 0.288788 0.0454176 -0.68649
v 0.285653 0.0352964 -0.69589
v 0.282376 0.0251772 -0.705243
v 0.278959 0.0150587 -0.714541
v 0.275416 0.00493928 -0.723791
v 0.275204 -0.00507077 -0.723603
v 0.299273 0.0958883 -0.648366
v 0.296886 0.0857799 -0.657992
v 0.294314 0.0756633 -0.667562
v 0.291569 0.0655482 -0.677088
v 0.288661 0.0554297 -0.686563
v 0.2856 0.0453076 -0.695986
v 0.282387 0.0351901 -0.705358
v 0.279044 0.0250667 -0.714684
v 0.275563 0.01495 -0.723959
v 0.271959 0.00483357 -0.733188
v 0.27175 -0.00517805 -0.732993
v 0.296419 0.0957855 -0.65796
v 0.293942 0.0856725 -0.66756
v 0.291282 0.0755581 -0.677108
v 0.288458 0.0654379 -0.686607
v 0.285468 0.0553207 -0.696054
v 0.282332 0.0452014 -0.705454
v 0.279054 0.0350789 -0.7148
v 0.27564 0.0249613 -0.724102
v 0.272101 0.0148421 -0.733355
v 0.268434 0.00472423 -0.742555
v 0.268234 -0.00528442 -0.742364
v 0.293485 0.0956789 -0.667529
v 0.290916 0.0855668 -0.677104
v 0.288174 0.0754508 -0.686628
v 0.285268 0.0653307 -0.696101
v 0.282203 0.0552109 -0.705519
v 0.278995 0.0450904 -0.714893
v 0.275649 0.0349728 -0.724221
v 0.27217 0.0248519 -0.733493
v 0.268569 0.0147354 -0.742724
v 0.264847 0.00461644 -0.751902
v 0.264654 -0.00539423 -0.751709
v 0.290471 0.095569 -0.677072
v 0.287815 0.0854587 -0.686623
v 0.284991 0.0753419 -0.696122
v 0.282003 0.0652228 -0.705566
v 0.278867 0.0551055 -0.714965
v 0.275591 0.0449844 -0.724315
v 0.272179 0.0348629 -0.733613
v 0.268638 0.0247439 -0.742864
v 0.264974 0.0146256 -0.752066
v 0.261198 0.00450582 -0.761221
v 0.261012 -0.00550222 -0.761031
v 0.28738 0.0954613 -0.686592
v 0.284638 0.0853491 -0.696115
v 0.281732 0.0752321 -0.705587
v 0.278669 0.0651146 -0.715009
v 0.27546 0.0549958 -0.724381
v 0.272116 0.0448747 -0.733705
v 0.268639 0.0347543 -0.742979
v 0.26504 0.0246329 -0.752205
v 0.261321 0.0145132 -0.761384
v 0.257486 0.00439757 -0.770516
v 0.257311 -0.00561292 -0.770329
v 0.284212 0.0953565 -0.696088
v 0.281389 0.0852384 -0.705583
v 0.278404 0.075122 -0.71503
v 0.275267 0.0650068 -0.724428
v 0.27199 0.0548871 -0.733776
v 0.268581 0.0447664 -0.743076
v 0.265041 0.034643 -0.752321
v 0.261384 0.0245244 -0.761528
v 0.25761 0.0144033 -0.770683
v 0.253719 0.00428729 -0.77979
v 0.253547 -0.005721 -0.779603
v 0.28097 0.095246 -0.705555
v 0.278067 0.085132 -0.715029
v 0.275005 0.0750122 -0.724447
v 0.271799 0.0648952 -0.733821
v 0.268453 0.0547752 -0.743141
v 0.264979 0.0446555 -0.752416
v 0.261382 0.0345341 -0.761643
v 0.257666 0.0244137 -0.770822
v 0.253833 0.0142966 -0.779954
v 0.249897 0.0041753 -0.78904
v 0.249728 -0.00583109 -0.788853
v 0.277657 0.0951348 -0.714996
v 0.274674 0.0850211 -0.724445
v 0.271542 0.0749032 -0.733842
v 0.268267 0.064785 -0.743191
v 0.264856 0.0546652 -0.752487
v 0.261321 0.0445469 -0.761739
v 0.257665 0.0344232 -0.770939
v 0.253891 0.0243062 -0.780096
v 0.250008 0.0141834 -0.789203
v 0.246016 0.00406689 -0.798268
v 0.245852 -0.00594288 -0.798079
v 0.274273 0.0950284 -0.724418
v 0.271214 0.0849109 -0.733837
v 0.26801 0.0747956 -0.743212
v 0.264667 0.0646767 -0.752533
v 0.261195 0.0545576 -0.761808
v 0.2576 0.0444365 -0.771034
v 0.253887 0.0343156 -0.780211
v 0.250063 0.0241925 -0.789343
v 0.246126 0.0140741 -0.79843
v 0.242081 0.00395754 -0.80747
v 0.241918 -0.00605115 -0.807282
v 0.27082 0.0949179 -0.733809
v 0.26769 0.0848019 -0.743207
v 0.264417 0.074685 -0.752556
v 0.261008 0.0645661 -0.761852
v 0.257477 0.0544434 -0.771101
v 0.253825 0.0443245 -0.780305
v 0.25006 0.0342019 -0.789462
v 0.246178 0.0240828 -0.798569
v 0.242192 0.013964 -0.807635
v 0.238094 0.00384761 -0.816649
v 0.23793 -0.00615541 -0.816465
v 0.267303 0.0948085 -0.743179
v 0.264104 0.0846899 -0.752552
v 0.260762 0.074572 -0.761873
v 0.257292 0.0644535 -0.771147
v 0.253704 0.0543324 -0.780375
v 0.249996 0.0442113 -0.789554
v 0.246173 0.0340923 -0.798685
v 0.242242 0.0239723 -0.807773
v 0.238201 0.0138584 -0.816815
v 0.263725 0.0946958 -0.752525
v 0.260454 0.0845799 -0.761873
v 0.25705 0.0744616 -0.771172
v 0.253519 0.064344 -0.780422
v 0.249869 0.054225 -0.789624
v 0.24611 0.044102 -0.798781
v 0.242239 0.0339818 -0.807892
v 0.238253 0.0238663 -0.816956
v 0.260082 0.094585 -0.761846
v 0.256745 0.0844677 -0.77117
v 0.253277 0.0743494 -0.780442
v 0.249688 0.0642332 -0.78967
v 0.245987 0.0541117 -0.79885
v 0.242173 0.0439919 -0.807986
v 0.238249 0.0338707 -0.817072
v 0.256378 0.0944718 -0.77114
v 0.252973 0.0843583 -0.780441
v 0.249447 0.0742405 -0.789692
v 0.245807 0.0641212 -0.798899
v 0.242049 0.0539975 -0.808052
v 0.238184 0.0438761 -0.817163
v 0.252617 0.094361 -0.780416
v 0.24915 0.0842471 -0.789693
v 0.245569 0.0741254 -0.79892
v 0.241866 0.0640081 -0.808099
v 0.238059 0.0538871 -0.817234
v 0.237 0.093903 -0.817277
v 0.240984 0.0940216 -0.808096
v 0.237348 0.0838991 -0.8173
v 0.244917 0.0941383 -0.798894
v 0.241333 0.0840199 -0.808121
v 0.237642 0.073896 -0.817302
v 0.248793 0.0942482 -0.789663
v 0.245269 0.0841343 -0.798919
v 0.241629 0.0740139 -0.808123
v 0.237882 0.0638888 -0.817279
v 2.24283e-06 0.0200011 -0.000203287
v 0.0100806 0.0199399 -0.000411278
v 0.020059 0.00980934 -0.00133367
v 0.0199715 -0.000233566 -0.001832
v -1.38596e-07 0.0100012 -0.000201047
v 0.0100791 0.0099063 -0.000471819
v 0.00994885 -0.000189619 -0.000736054
v -1.07193e-06 2.21658e-06 -0.000201067
v -0.0223376 0.0227841 -0.151537
v -0.0360704 0.0227841 -0.151537
v -0.0360704 -0.00219596 -0.151537
v -0.0223376 -0.00219596 -0.151537
v -0.0353631 -0.000845617 -0.151537
v -0.0343022 -0.000845617 -0.151537
v -0.0343022 0.00050473 -0.151537
v -0.0353631 0.00050473 -0.151537
v -0.0353631 0.00050473 -0.151537
v -0.0343022 0.00050473 -0.151537
v -0.0343022 0.00185463 -0.151537
v -0.0353631 0.00185463 -0.151537
v -0.0353631 0.00185463 -0.151537
v -0.0343022 0.00185463 -0.151537
v -0.0343022 0.00320498 -0.151537
v -0.0353631 0.00320498 -0.151537
v -0.0353631 0.00320498 -0.151537
v -0.0343022 0.00320498 -0.151537
v -0.0343022 0.00455532 -0.151537
v -0.0353631 0.00455532 -0.151537
v -0.0353631 0.00455532 -0.151537
v -0.0343022 0.00455532 -0.151537
v -0.0343022 0.00590567 -0.151537
v -0.0353631 0.00590567 -0.151537
v -0.0353631 0.00590567 -0.151537
v -0.0343022 0.00590567 -0.151537
v -0.0343022 0.00725601 -0.151537
v -0.0353631 0.00725601 -0.151537
v -0.0353631 0.00725601 -0.151537
v -0.0343022 0.00725601 -0.151537
v -0.0343022 0.00860636 -0.151537
v -0.0353631 0.00860636 -0.151537
v -0.0353631 0.00860636 -0.151537
v -0.0343022 0.00860636 -0.151537
v -0.0343022 0.00995627 -0.151537
v -0.0353631 0.00995627 -0.151537
v -0.0353631 0.00995627 -0.151537
v -0.0343022 0.00995627 -0.151537
v -0.0343022 0.0113066 -0.151537
v -0.0353631 0.0113066 -0.151537
v -0.0353631 0.0113066 -0.151537
v -0.0343022 0.0113066 -0.151537
v -0.0343022 0.012657 -0.151537
v -0.0353631 0.012657 -0.151537
v -0.0353631 0.012657 -0.151537
v -0.0343022 0.012657 -0.151537
v -0.0343022 0.0140073 -0.151537
v -0.0353631 0.0140073 -0.151537
v -0.0353631 0.0140073 -0.151537
v -0.0343022 0.0140073 -0.151537
v -0.0343022 0.0153576 -0.151537
v -0.0353631 0.0153576 -0.151537
v -0.0353631 -0.000845617 -0.151537
v -0.0339486 -0.000845617 -0.151537
v -0.0353631 0.00050473 -0.151537
v -0.0339486 0.00050473 -0.151537
v -0.0353631 0.00185463 -0.151537
v -0.0339486 0.00185463 -0.151537
v -0.0353631 0.00320498 -0.151537
v -0.0339486 0.00320498 -0.151537
v -0.0353631 0.00455532 -0.151537
v -0.0339486 0.00455532 -0.151537
v -0.0353631 0.00590567 -0.151537
v -0.0339486 0.00590567 -0.151537
v -0.0353631 0.00725601 -0.151537
v -0.0339486 0.00725601 -0.151537
v -0.0353631 0.00860636 -0.151537
v -0.0339486 0.00860636 -0.151537
v -0.0353631 0.00995627 -0.151537
v -0.0339486 0.00995627 -0.151537
v -0.0353631 0.0113066 -0.151537
v -0.0339486 0.0113066 -0.151537
v -0.0353631 0.012657 -0.151537
v -0.0339486 0.012657 -0.151537
v -0.0353631 0.0140073 -0.151537
v -0.0339486 0.0140073 -0.151537
v -0.0353631 0.0153576 -0.151537
v -0.0339486 0.0153576 -0.151537
v -0.0343022 0.0153576 -0.151537
v -0.0343022 -0.000845617 -0.151537

#List of body polygons
f 1 2 3
f 9 1 3
f 9 10 1
f 9 11 10
f 1 21 2
f 1717 1718 1716
f 1717 1719 1718
f 1717 1720 1719
f 1724 1720 1717
f 1724 1725 1720
f 1718 1727 1728
f 1727 1718 1719

#List of body polygons
f 2 4 3
f 2 5 4
f 8 3 4
f 8 9 3
f 21 5 2
f 21 22 5
f 1720 1721 1719
f 1720 1722 1721
f 1725 1722 1720
f 1725 1726 1722
f 1727 1729 1728
f 1727 1730 1729
f 1730 1719 1721
f 1730 1727 1719

#List of body polygons
f 5 6 4
f 5 7 6
f 6 8 4
f 7 15 16
f 22 7 5
f 22 15 7
f 22 23 15
f 323 7 322
f 328 7 323
f 328 6 7
f 322 7 16
f 1446 1447 1445
f 1446 1448 1447
f 1447 1449 1445
f 1448 1454 1455
f 1448 1446 1454
f 1722 1448 1721
f 1726 1448 1722
f 1726 1447 1448
f 1730 1731 1729
f 1730 1732 1731
f 1732 1448 1455
f 1732 1721 1448
f 1732 1730 1721

#List of body polygons
f 11 12 10
f 11 13 12
f 1714 1716 1715
f 1714 1717 1716
f 1723 1717 1714
f 1723 1724 1717

#List of body polygons
f 13 14 12
f 1713 1714 1715
f 1713 1723 1714

#List of body polygons
f 15 17 16
f 15 18 17
f 23 18 15
f 23 24 18
f 321 322 320
f 321 323 322
f 327 323 321
f 327 328 323
f 320 16 17
f 320 322 16
f 1444 1445 1443
f 1444 1446 1445
f 1449 1443 1445
f 1449 1450 1443
f 1454 1456 1455
f 1454 1457 1456
f 1446 1457 1454
f 1446 1444 1457
f 1732 1733 1731
f 1732 1734 1733
f 1732 1735 1734
f 1735 1455 1456
f 1735 1732 1455
f 1740 1733 1739
f 1733 1734 1739

#List of body polygons
f 18 19 17
f 18 20 19
f 24 20 18
f 19 25 26
f 25 20 29
f 25 19 20
f 319 320 318
f 319 321 320
f 326 321 319
f 326 327 321
f 333 19 332
f 318 19 333
f 318 17 19
f 318 320 17
f 19 26 332
f 1442 1443 1441
f 1442 1444 1443
f 1450 1441 1443
f 1450 1451 1441
f 1457 1458 1456
f 1457 1459 1458
f 1457 1460 1459
f 1444 1460 1457
f 1444 1442 1460
f 1461 1458 1462
f 1461 1463 1458
f 1458 1459 1462
f 1463 1464 1465
f 1464 1463 1461
f 1735 1458 1734
f 1458 1735 1456
f 1737 1463 1738
f 1737 1739 1463
f 1737 1740 1739
f 1734 1463 1739
f 1734 1458 1463
f 1463 1465 1738

#List of body polygons
f 25 27 26
f 25 28 27
f 28 25 29
f 30 31 27
f 30 27 28
f 33 35 34
f 33 31 35
f 35 31 30
f 36 37 38
f 34 36 38
f 34 35 36
f 40 41 42
f 37 40 42
f 37 36 40
f 44 45 46
f 41 44 46
f 41 40 44
f 48 49 50
f 45 48 50
f 45 44 48
f 52 53 54
f 49 52 54
f 49 48 52
f 56 57 58
f 53 56 58
f 53 52 56
f 60 61 62
f 57 60 62
f 57 56 60
f 61 60 70
f 317 318 316
f 317 319 318
f 325 319 317
f 325 326 319
f 329 331 330
f 329 332 331
f 329 333 332
f 316 333 329
f 316 318 333
f 27 334 331
f 26 331 332
f 26 27 331
f 336 31 337
f 336 334 31
f 31 334 27
f 31 33 337
f 586 331 585
f 331 586 330
f 334 587 588
f 585 334 588
f 585 331 334
f 334 336 587
f 1252 1253 1254
f 1255 1252 1256
f 1255 1257 1252
f 1252 1254 1256
f 1257 1258 1259
f 1257 1255 1258
f 1439 1441 1440
f 1439 1442 1441
f 1451 1440 1441
f 1451 1452 1440
f 1460 1252 1459
f 1442 1252 1460
f 1442 1253 1252
f 1442 1439 1253
f 1257 1461 1462
f 1459 1257 1462
f 1459 1252 1257
f 1464 1466 1465
f 1464 1467 1466
f 1464 1468 1467
f 1468 1257 1259
f 1468 1461 1257
f 1468 1464 1461
f 1466 1469 1470
f 1466 1467 1469
f 1736 1737 1738
f 1466 1741 1736
f 1465 1736 1738
f 1465 1466 1736
f 1742 1741 1743
f 1742 1744 1741
f 1743 1466 1470
f 1743 1741 1466
f 1745 1744 1746
f 1745 1747 1744
f 1744 1742 1746
f 1748 1747 1749
f 1748 1750 1747
f 1747 1745 1749
f 1751 1750 1752
f 1751 1753 1750
f 1750 1748 1752
f 1754 1753 1755
f 1754 1756 1753
f 1753 1751 1755
f 1757 1756 1758
f 1757 1759 1756
f 1756 1754 1758
f 1760 1759 1761
f 1760 1762 1759
f 1759 1757 1761
f 1766 1762 1765
f 1766 1767 1762
f 1765 1762 1760
f 1767 1768 1769
f 1767 1766 1768

#List of body polygons
f 32 33 34
f 37 32 38
f 37 39 32
f 32 34 38
f 41 39 42
f 41 43 39
f 39 37 42
f 45 43 46
f 45 47 43
f 43 41 46
f 49 47 50
f 49 51 47
f 47 45 50
f 53 51 54
f 53 55 51
f 51 49 54
f 57 55 58
f 57 59 55
f 55 53 58
f 61 59 62
f 61 63 59
f 61 64 63
f 59 57 62
f 66 67 68
f 64 66 68
f 64 70 66
f 64 61 70
f 71 72 73
f 67 71 73
f 67 66 71
f 75 76 77
f 72 75 77
f 72 71 75
f 79 80 81
f 76 79 81
f 76 75 79
f 83 84 85
f 80 83 85
f 80 79 83
f 87 88 89
f 84 87 89
f 84 83 87
f 91 92 93
f 88 91 93
f 88 87 91
f 95 96 97
f 92 95 97
f 92 91 95
f 99 100 101
f 96 99 101
f 96 95 99
f 103 104 105
f 100 103 105
f 100 99 103
f 107 108 109
f 104 107 109
f 104 103 107
f 111 112 113
f 108 111 113
f 108 107 111
f 115 116 117
f 112 115 117
f 112 111 115
f 119 120 121
f 116 119 121
f 116 115 119
f 123 124 125
f 120 123 125
f 120 119 123
f 127 128 129
f 124 127 129
f 124 123 127
f 131 132 133
f 128 131 133
f 128 127 131
f 135 136 137
f 132 135 137
f 132 131 135
f 139 140 141
f 136 139 141
f 136 135 139
f 143 144 145
f 140 143 145
f 140 139 143
f 143 149 144
f 313 315 314
f 313 316 315
f 313 317 316
f 324 317 313
f 324 325 317
f 315 329 330
f 315 316 329
f 335 336 337
f 32 338 335
f 33 335 337
f 33 32 335
f 340 39 341
f 340 338 39
f 39 338 32
f 43 342 343
f 341 43 343
f 341 39 43
f 47 345 346
f 342 47 346
f 342 43 47
f 51 350 351
f 345 51 351
f 345 47 51
f 55 355 356
f 350 55 356
f 350 51 55
f 59 360 361
f 355 59 361
f 355 55 59
f 360 59 63
f 315 573 574
f 315 574 314
f 583 584 582
f 583 585 584
f 583 586 585
f 586 315 330
f 586 573 315
f 586 583 573
f 587 584 588
f 587 589 584
f 584 585 588
f 335 590 589
f 336 589 587
f 336 335 589
f 338 591 590
f 338 590 335
f 591 592 593
f 592 338 340
f 592 591 338
f 779 584 778
f 584 779 582
f 780 782 781
f 780 589 782
f 778 589 780
f 778 584 589
f 590 783 782
f 590 782 589
f 591 784 783
f 591 783 590
f 784 785 786
f 785 591 593
f 785 784 591
f 900 902 901
f 900 782 902
f 782 900 781
f 783 903 902
f 783 902 782
f 784 904 903
f 784 903 783
f 904 905 906
f 905 784 786
f 905 904 784
f 1021 1023 1022
f 1021 902 1023
f 902 1021 901
f 903 1024 1023
f 903 1023 902
f 904 1025 1024
f 904 1024 903
f 1025 1026 1027
f 1026 904 906
f 1026 1025 904
f 1134 1135 1136
f 1023 1139 1134
f 1022 1134 1136
f 1022 1023 1134
f 1024 1140 1139
f 1024 1139 1023
f 1025 1141 1140
f 1025 1140 1024
f 1141 1142 1143
f 1142 1025 1027
f 1142 1141 1025
f 1249 1250 1248
f 1253 1134 1254
f 1253 1250 1134
f 1135 1250 1249
f 1135 1134 1250
f 1139 1255 1256
f 1254 1139 1256
f 1254 1134 1139
f 1258 1260 1259
f 1258 1140 1260
f 1255 1140 1258
f 1255 1139 1140
f 1141 1261 1260
f 1141 1260 1140
f 1261 1262 1263
f 1262 1141 1143
f 1262 1261 1141
f 1250 1439 1440
f 1452 1250 1440
f 1452 1248 1250
f 1452 1453 1248
f 1439 1250 1253
f 1468 1260 1467
f 1260 1468 1259
f 1469 1471 1470
f 1469 1261 1471
f 1467 1261 1469
f 1467 1260 1261
f 1472 1471 1473
f 1472 1474 1471
f 1473 1261 1263
f 1473 1471 1261
f 1475 1474 1476
f 1475 1477 1474
f 1474 1472 1476
f 1481 1477 1480
f 1481 1482 1477
f 1480 1477 1475
f 1486 1482 1485
f 1486 1487 1482
f 1482 1481 1485
f 1491 1487 1490
f 1491 1492 1487
f 1487 1486 1490
f 1496 1492 1495
f 1496 1497 1492
f 1492 1491 1495
f 1497 1498 1499
f 1497 1496 1498
f 1471 1742 1743
f 1471 1743 1470
f 1474 1745 1746
f 1742 1474 1746
f 1742 1471 1474
f 1477 1748 1749
f 1745 1477 1749
f 1745 1474 1477
f 1482 1751 1752
f 1748 1482 1752
f 1748 1477 1482
f 1487 1754 1755
f 1751 1487 1755
f 1751 1482 1487
f 1492 1757 1758
f 1754 1492 1758
f 1754 1487 1492
f 1497 1760 1761
f 1757 1497 1761
f 1757 1492 1497
f 1763 1765 1764
f 1763 1766 1765
f 1764 1497 1499
f 1764 1760 1497
f 1764 1765 1760
f 1768 1770 1769
f 1768 1771 1770
f 1768 1772 1771
f 1766 1772 1768
f 1766 1763 1772
f 1773 1770 1774
f 1773 1775 1770
f 1770 1771 1774
f 1776 1775 1777
f 1776 1778 1775
f 1775 1773 1777
f 1779 1778 1780
f 1779 1781 1778
f 1778 1776 1780
f 1782 1781 1783
f 1782 1784 1781
f 1781 1779 1783
f 1785 1784 1786
f 1785 1787 1784
f 1784 1782 1786
f 1788 1787 1789
f 1788 1790 1787
f 1787 1785 1789
f 1791 1790 1792
f 1791 1793 1790
f 1790 1788 1792
f 1794 1793 1795
f 1794 1796 1793
f 1793 1791 1795
f 1797 1796 1798
f 1797 1799 1796
f 1796 1794 1798
f 1800 1799 1801
f 1800 1802 1799
f 1799 1797 1801
f 1803 1802 1804
f 1803 1805 1802
f 1802 1800 1804
f 1806 1805 1807
f 1806 1808 1805
f 1805 1803 1807
f 1809 1808 1810
f 1809 1811 1808
f 1808 1806 1810
f 1812 1811 1813
f 1812 1814 1811
f 1811 1809 1813
f 1815 1814 1816
f 1815 1817 1814
f 1814 1812 1816
f 1818 1817 1819
f 1818 1820 1817
f 1817 1815 1819
f 1821 1820 1822
f 1821 1823 1820
f 1820 1818 1822
f 1824 1823 1825
f 1824 1826 1823
f 1823 1821 1825
f 1826 1827 1828
f 1826 1824 1827

#List of body polygons
f 64 65 63
f 67 65 68
f 67 69 65
f 65 64 68
f 72 69 73
f 72 74 69
f 69 67 73
f 76 74 77
f 76 78 74
f 74 72 77
f 80 78 81
f 80 82 78
f 78 76 81
f 84 82 85
f 84 86 82
f 82 80 85
f 88 86 89
f 88 90 86
f 86 84 89
f 92 90 93
f 92 94 90
f 90 88 93
f 96 94 97
f 96 98 94
f 94 92 97
f 100 98 101
f 100 102 98
f 98 96 101
f 104 102 105
f 104 106 102
f 102 100 105
f 108 106 109
f 108 110 106
f 106 104 109
f 112 110 113
f 112 114 110
f 110 108 113
f 116 114 117
f 116 118 114
f 114 112 117
f 120 118 121
f 120 122 118
f 118 116 121
f 124 122 125
f 124 126 122
f 122 120 125
f 128 126 129
f 128 130 126
f 126 124 129
f 132 130 133
f 132 134 130
f 130 128 133
f 136 134 137
f 136 138 134
f 134 132 137
f 140 138 141
f 140 142 138
f 138 136 141
f 144 142 145
f 144 146 142
f 142 140 145
f 147 148 146
f 149 146 144
f 149 147 146
f 150 151 148
f 150 148 147
f 152 153 151
f 152 151 150
f 154 155 153
f 154 153 152
f 156 157 155
f 156 155 154
f 158 159 157
f 158 157 156
f 160 161 159
f 160 159 158
f 162 163 161
f 162 161 160
f 164 165 163
f 164 163 162
f 166 167 165
f 166 165 164
f 168 169 167
f 168 167 166
f 170 171 169
f 170 169 168
f 172 173 171
f 172 171 170
f 175 177 176
f 175 173 177
f 177 173 172
f 178 179 180
f 176 178 180
f 176 177 178
f 182 183 184
f 179 182 184
f 179 178 182
f 186 187 188
f 183 186 188
f 183 182 186
f 190 191 192
f 187 190 192
f 187 186 190
f 194 195 196
f 191 194 196
f 191 190 194
f 198 199 200
f 195 198 200
f 195 194 198
f 202 203 204
f 199 202 204
f 199 198 202
f 206 207 208
f 203 206 208
f 203 202 206
f 210 211 212
f 207 210 212
f 207 206 210
f 214 215 216
f 211 214 216
f 211 210 214
f 214 220 215
f 312 313 314
f 312 324 313
f 339 340 341
f 342 339 343
f 342 344 339
f 339 341 343
f 345 344 346
f 345 347 344
f 345 348 347
f 344 342 346
f 350 352 351
f 350 353 352
f 348 351 352
f 348 345 351
f 355 357 356
f 355 358 357
f 353 356 357
f 353 350 356
f 360 362 361
f 360 363 362
f 358 361 362
f 358 355 361
f 65 365 366
f 363 65 366
f 363 63 65
f 363 360 63
f 69 368 369
f 365 69 369
f 365 65 69
f 74 371 372
f 368 74 372
f 368 69 74
f 78 374 375
f 371 78 375
f 371 74 78
f 82 377 378
f 374 82 378
f 374 78 82
f 86 380 381
f 377 86 381
f 377 82 86
f 90 383 384
f 380 90 384
f 380 86 90
f 94 386 387
f 383 94 387
f 383 90 94
f 98 389 390
f 386 98 390
f 386 94 98
f 102 392 393
f 389 102 393
f 389 98 102
f 106 395 396
f 392 106 396
f 392 102 106
f 110 398 399
f 395 110 399
f 395 106 110
f 114 401 402
f 398 114 402
f 398 110 114
f 118 404 405
f 401 118 405
f 401 114 118
f 122 407 408
f 404 122 408
f 404 118 122
f 126 410 411
f 407 126 411
f 407 122 126
f 130 413 414
f 410 130 414
f 410 126 130
f 134 416 417
f 413 134 417
f 413 130 134
f 138 419 420
f 416 138 420
f 416 134 138
f 142 422 423
f 419 142 423
f 419 138 142
f 146 425 426
f 422 146 426
f 422 142 146
f 148 428 429
f 425 148 429
f 425 146 148
f 151 431 432
f 428 151 432
f 428 148 151
f 153 434 435
f 431 153 435
f 431 151 153
f 155 437 438
f 434 155 438
f 434 153 155
f 157 440 441
f 437 157 443
f 437 155 157
f 159 444 445
f 440 159 445
f 440 157 159
f 161 447 448
f 444 161 448
f 444 159 161
f 163 450 451
f 447 163 451
f 447 161 163
f 165 453 454
f 450 165 454
f 450 163 165
f 167 456 457
f 453 167 457
f 453 165 167
f 169 459 460
f 456 169 460
f 456 167 169
f 171 462 463
f 459 171 463
f 459 169 171
f 173 465 466
f 462 173 466
f 462 171 173
f 173 175 465
f 573 575 574
f 573 576 575
f 574 312 314
f 574 579 312
f 574 575 579
f 580 582 581
f 580 583 582
f 583 576 573
f 583 580 576
f 592 594 593
f 592 339 594
f 339 592 340
f 596 344 597
f 596 594 344
f 344 594 339
f 344 347 597
f 775 777 776
f 775 778 777
f 775 779 778
f 779 581 582
f 779 775 581
f 777 780 781
f 777 778 780
f 785 787 786
f 785 594 787
f 594 785 593
f 788 787 789
f 788 790 787
f 789 594 596
f 789 787 594
f 790 791 792
f 790 788 791
f 897 899 898
f 897 777 899
f 777 897 776
f 899 900 901
f 900 777 781
f 900 899 777
f 905 907 906
f 905 787 907
f 787 905 786
f 790 908 907
f 790 907 787
f 909 908 910
f 909 911 908
f 910 790 792
f 910 908 790
f 911 912 913
f 911 909 912
f 1018 1020 1019
f 1018 899 1020
f 899 1018 898
f 1020 1021 1022
f 1021 899 901
f 1021 1020 899
f 1026 1028 1027
f 1026 907 1028
f 907 1026 906
f 908 1029 1028
f 908 1028 907
f 1031 911 1032
f 1031 1029 911
f 911 1029 908
f 911 913 1032
f 1135 1020 1136
f 1135 1137 1020
f 1135 1138 1137
f 1020 1137 1019
f 1020 1022 1136
f 1142 1144 1143
f 1142 1028 1144
f 1028 1142 1027
f 1146 1029 1147
f 1146 1144 1029
f 1029 1144 1028
f 1029 1031 1147
f 1245 1247 1246
f 1245 1248 1247
f 1245 1249 1248
f 1247 1251 1246
f 1138 1249 1245
f 1138 1135 1249
f 1262 1264 1263
f 1262 1144 1264
f 1144 1262 1143
f 1265 1264 1266
f 1265 1267 1264
f 1266 1144 1146
f 1266 1264 1144
f 1267 1268 1269
f 1267 1265 1268
f 1453 1247 1248
f 1264 1472 1473
f 1264 1473 1263
f 1267 1475 1476
f 1472 1267 1476
f 1472 1264 1267
f 1478 1480 1479
f 1478 1481 1480
f 1479 1267 1269
f 1479 1475 1267
f 1479 1480 1475
f 1483 1485 1484
f 1483 1486 1485
f 1481 1484 1485
f 1481 1478 1484
f 1488 1490 1489
f 1488 1491 1490
f 1486 1489 1490
f 1486 1483 1489
f 1493 1495 1494
f 1493 1496 1495
f 1491 1494 1495
f 1491 1488 1494
f 1498 1500 1499
f 1498 1501 1500
f 1498 1502 1501
f 1496 1502 1498
f 1496 1493 1502
f 1503 1500 1504
f 1503 1505 1500
f 1500 1501 1504
f 1506 1505 1507
f 1506 1508 1505
f 1505 1503 1507
f 1509 1508 1510
f 1509 1511 1508
f 1508 1506 1510
f 1512 1511 1513
f 1512 1514 1511
f 1511 1509 1513
f 1515 1514 1516
f 1515 1517 1514
f 1514 1512 1516
f 1518 1517 1519
f 1518 1520 1517
f 1517 1515 1519
f 1521 1520 1522
f 1521 1523 1520
f 1520 1518 1522
f 1524 1523 1525
f 1524 1526 1523
f 1523 1521 1525
f 1527 1526 1528
f 1527 1529 1526
f 1526 1524 1528
f 1530 1529 1531
f 1530 1532 1529
f 1529 1527 1531
f 1533 1532 1534
f 1533 1535 1532
f 1532 1530 1534
f 1536 1535 1537
f 1536 1538 1535
f 1535 1533 1537
f 1539 1538 1540
f 1539 1541 1538
f 1538 1536 1540
f 1542 1541 1543
f 1542 1544 1541
f 1541 1539 1543
f 1545 1544 1546
f 1545 1547 1544
f 1544 1542 1546
f 1548 1547 1549
f 1548 1550 1547
f 1547 1545 1549
f 1551 1550 1552
f 1551 1553 1550
f 1550 1548 1552
f 1554 1553 1555
f 1554 1556 1553
f 1553 1551 1555
f 1557 1556 1558
f 1557 1559 1556
f 1556 1554 1558
f 1560 1559 1561
f 1560 1562 1559
f 1559 1557 1561
f 1563 1562 1564
f 1563 1565 1562
f 1562 1560 1564
f 1566 1565 1567
f 1566 1568 1565
f 1565 1563 1567
f 1569 1568 1570
f 1569 1571 1568
f 1568 1566 1570
f 1572 1571 1573
f 1572 1574 1571
f 1571 1569 1573
f 1575 1574 1576
f 1575 1577 1574
f 1574 1572 1576
f 1578 1577 1579
f 1578 1580 1577
f 1577 1575 1579
f 1581 1580 1582
f 1581 1583 1580
f 1580 1578 1582
f 1584 1583 1585
f 1584 1586 1583
f 1583 1581 1585
f 1587 1586 1588
f 1587 1589 1586
f 1586 1584 1588
f 1590 1589 1591
f 1590 1592 1589
f 1589 1587 1591
f 1593 1592 1594
f 1593 1595 1592
f 1592 1590 1594
f 1596 1595 1597
f 1596 1598 1595
f 1595 1593 1597
f 1598 1599 1600
f 1598 1596 1599
f 1500 1763 1764
f 1500 1764 1499
f 1772 1505 1771
f 1763 1505 1772
f 1763 1500 1505
f 1508 1773 1774
f 1771 1508 1774
f 1771 1505 1508
f 1511 1776 1777
f 1773 1511 1777
f 1773 1508 1511
f 1514 1779 1780
f 1776 1514 1780
f 1776 1511 1514
f 1517 1782 1783
f 1779 1517 1783
f 1779 1514 1517
f 1520 1785 1786
f 1782 1520 1786
f 1782 1517 1520
f 1523 1788 1789
f 1785 1523 1789
f 1785 1520 1523
f 1526 1791 1792
f 1788 1526 1792
f 1788 1523 1526
f 1529 1794 1795
f 1791 1529 1795
f 1791 1526 1529
f 1532 1797 1798
f 1794 1532 1798
f 1794 1529 1532
f 1535 1800 1801
f 1797 1535 1801
f 1797 1532 1535
f 1538 1803 1804
f 1800 1538 1804
f 1800 1535 1538
f 1541 1806 1807
f 1803 1541 1807
f 1803 1538 1541
f 1544 1809 1810
f 1806 1544 1810
f 1806 1541 1544
f 1547 1812 1813
f 1809 1547 1813
f 1809 1544 1547
f 1550 1815 1816
f 1812 1550 1816
f 1812 1547 1550
f 1553 1818 1819
f 1815 1553 1819
f 1815 1550 1553
f 1556 1821 1822
f 1818 1556 1822
f 1818 1553 1556
f 1559 1824 1825
f 1821 1559 1825
f 1821 1556 1559
f 1827 1829 1828
f 1827 1562 1829
f 1824 1562 1827
f 1824 1559 1562
f 1565 1830 1829
f 1565 1829 1562
f 1568 1831 1830
f 1568 1830 1565
f 1571 1832 1831
f 1571 1831 1568
f 1574 1833 1832
f 1574 1832 1571
f 1577 1834 1833
f 1577 1833 1574
f 1580 1835 1834
f 1580 1834 1577
f 1583 1836 1835
f 1583 1835 1580
f 1586 1837 1836
f 1586 1836 1583
f 1589 1838 1837
f 1589 1837 1586
f 1592 1839 1838
f 1592 1838 1589
f 1595 1840 1839
f 1595 1839 1592
f 1598 1841 1840
f 1598 1840 1595
f 1842 1841 1843
f 1842 1844 1841
f 1843 1598 1600
f 1843 1841 1598
f 1845 1844 1846
f 1845 1847 1844
f 1844 1842 1846
f 1848 1847 1849
f 1848 1850 1847
f 1847 1845 1849
f 1851 1850 1852
f 1851 1853 1850
f 1850 1848 1852
f 1854 1853 1855
f 1854 1856 1853
f 1853 1851 1855
f 1857 1856 1858
f 1857 1859 1856
f 1856 1854 1858
f 1860 1859 1861
f 1860 1862 1859
f 1859 1857 1861
f 1863 1862 1864
f 1863 1865 1862
f 1862 1860 1864
f 1866 1865 1867
f 1866 1868 1865
f 1865 1863 1867
f 1869 1868 1870
f 1869 1871 1868
f 1868 1866 1870
f 1872 1871 1873
f 1872 1874 1871
f 1871 1869 1873
f 1875 1874 1876
f 1875 1877 1874
f 1874 1872 1876
f 1877 1878 1879
f 1877 1875 1878

#List of body polygons
f 174 175 176
f 179 174 180
f 179 181 174
f 174 176 180
f 183 181 184
f 183 185 181
f 181 179 184
f 187 185 188
f 187 189 185
f 185 183 188
f 191 189 192
f 191 193 189
f 189 187 192
f 195 193 196
f 195 197 193
f 193 191 196
f 199 197 200
f 199 201 197
f 197 195 200
f 203 201 204
f 203 205 201
f 201 199 204
f 207 205 208
f 207 209 205
f 205 203 208
f 211 209 212
f 211 213 209
f 209 207 212
f 215 213 216
f 215 217 213
f 213 211 216
f 218 219 217
f 220 217 215
f 220 218 217
f 221 222 219
f 221 219 218
f 223 224 222
f 223 222 221
f 225 226 224
f 225 224 223
f 227 228 226
f 227 226 225
f 229 230 228
f 229 228 227
f 231 232 230
f 231 230 229
f 233 234 232
f 233 232 231
f 235 236 234
f 235 234 233
f 237 238 236
f 237 236 235
f 239 240 238
f 239 238 237
f 241 242 240
f 241 240 239
f 243 244 242
f 243 242 241
f 245 246 244
f 245 244 243
f 247 248 246
f 247 246 245
f 249 250 248
f 249 248 247
f 251 252 250
f 251 250 249
f 254 256 255
f 254 252 256
f 256 252 251
f 257 258 259
f 255 257 259
f 255 256 257
f 257 263 258
f 348 349 347
f 353 349 352
f 353 354 349
f 349 348 352
f 358 354 357
f 358 359 354
f 354 353 357
f 363 359 362
f 363 364 359
f 359 358 362
f 365 364 366
f 365 367 364
f 364 363 366
f 368 367 369
f 368 370 367
f 367 365 369
f 371 370 372
f 371 373 370
f 370 368 372
f 374 373 375
f 374 376 373
f 373 371 375
f 377 376 378
f 377 379 376
f 376 374 378
f 380 379 381
f 380 382 379
f 379 377 381
f 383 382 384
f 383 385 382
f 382 380 384
f 386 385 387
f 386 388 385
f 385 383 387
f 389 388 390
f 389 391 388
f 388 386 390
f 392 391 393
f 392 394 391
f 391 389 393
f 395 394 396
f 395 397 394
f 394 392 396
f 398 397 399
f 398 400 397
f 397 395 399
f 401 400 402
f 401 403 400
f 400 398 402
f 404 403 405
f 404 406 403
f 403 401 405
f 407 406 408
f 407 409 406
f 406 404 408
f 410 409 411
f 410 412 409
f 409 407 411
f 413 412 414
f 413 415 412
f 412 410 414
f 416 415 417
f 416 418 415
f 415 413 417
f 419 418 420
f 419 421 418
f 418 416 420
f 422 421 423
f 422 424 421
f 421 419 423
f 425 424 426
f 425 427 424
f 424 422 426
f 428 427 429
f 428 430 427
f 427 425 429
f 431 430 432
f 431 433 430
f 430 428 432
f 434 433 435
f 434 436 433
f 433 431 435
f 437 436 438
f 437 439 436
f 436 434 438
f 440 439 441
f 440 442 439
f 439 437 443
f 444 442 445
f 444 446 442
f 442 440 445
f 447 446 448
f 447 449 446
f 446 444 448
f 450 449 451
f 450 452 449
f 449 447 451
f 453 452 454
f 453 455 452
f 452 450 454
f 456 455 457
f 456 458 455
f 455 453 457
f 459 458 460
f 459 461 458
f 458 456 460
f 462 461 463
f 462 464 461
f 461 459 463
f 465 464 466
f 465 467 464
f 464 462 466
f 174 468 467
f 175 467 465
f 175 174 467
f 181 469 468
f 181 468 174
f 185 470 469
f 185 469 181
f 472 189 473
f 472 470 189
f 189 470 185
f 193 474 475
f 473 193 475
f 473 189 193
f 197 477 478
f 474 197 478
f 474 193 197
f 201 480 481
f 477 201 481
f 477 197 201
f 205 483 484
f 480 205 484
f 480 201 205
f 209 486 487
f 483 209 487
f 483 205 209
f 213 489 490
f 486 213 490
f 486 209 213
f 217 492 493
f 489 217 493
f 489 213 217
f 219 495 496
f 492 219 496
f 492 217 219
f 222 498 499
f 495 222 499
f 495 219 222
f 224 501 502
f 498 224 502
f 498 222 224
f 226 504 505
f 501 226 505
f 501 224 226
f 228 507 508
f 504 228 508
f 504 226 228
f 230 510 511
f 507 230 511
f 507 228 230
f 232 513 514
f 510 232 514
f 510 230 232
f 234 516 517
f 513 234 517
f 513 232 234
f 236 519 520
f 516 236 520
f 516 234 236
f 238 522 523
f 519 238 523
f 519 236 238
f 240 525 526
f 522 240 526
f 522 238 240
f 242 528 529
f 525 242 529
f 525 240 242
f 244 531 532
f 528 244 532
f 528 242 244
f 246 534 535
f 531 246 535
f 531 244 246
f 248 537 538
f 534 248 538
f 534 246 248
f 250 540 541
f 537 250 541
f 537 248 250
f 252 543 544
f 540 252 544
f 540 250 252
f 252 254 543
f 576 577 575
f 576 578 577
f 575 577 579
f 578 580 581
f 580 578 576
f 595 596 597
f 349 598 595
f 347 595 597
f 347 349 595
f 354 599 598
f 354 598 349
f 601 359 602
f 601 599 359
f 359 599 354
f 364 603 604
f 602 364 604
f 602 359 364
f 367 606 607
f 603 367 607
f 603 364 367
f 370 609 610
f 606 370 610
f 606 367 370
f 373 612 613
f 609 373 613
f 609 370 373
f 376 615 616
f 612 376 616
f 612 373 376
f 379 618 619
f 615 379 619
f 615 376 379
f 382 621 622
f 618 382 622
f 618 379 382
f 385 624 625
f 621 385 625
f 621 382 385
f 388 627 628
f 624 388 628
f 624 385 388
f 391 630 631
f 627 391 631
f 627 388 391
f 394 633 634
f 630 394 634
f 630 391 394
f 397 636 637
f 633 397 637
f 633 394 397
f 400 639 640
f 636 400 640
f 636 397 400
f 403 642 643
f 639 403 643
f 639 400 403
f 406 645 646
f 642 406 646
f 642 403 406
f 409 648 649
f 645 409 649
f 645 406 409
f 412 651 652
f 648 412 652
f 648 409 412
f 415 654 655
f 651 415 655
f 651 412 415
f 418 657 658
f 654 418 658
f 654 415 418
f 421 660 661
f 657 421 661
f 657 418 421
f 424 663 664
f 660 424 664
f 660 421 424
f 427 666 667
f 663 427 667
f 663 424 427
f 430 669 670
f 666 430 670
f 666 427 430
f 433 672 673
f 669 433 673
f 669 430 433
f 436 675 676
f 672 436 676
f 672 433 436
f 439 678 679
f 675 439 679
f 675 436 439
f 442 681 682
f 678 442 682
f 678 439 442
f 446 684 685
f 681 446 685
f 681 442 446
f 449 687 688
f 684 449 690
f 684 446 449
f 452 691 692
f 687 452 692
f 687 449 452
f 455 694 695
f 691 455 695
f 691 452 455
f 458 697 698
f 694 458 698
f 694 455 458
f 461 700 701
f 697 461 701
f 697 458 461
f 464 703 704
f 700 464 704
f 700 461 464
f 467 706 707
f 703 467 707
f 703 464 467
f 468 709 710
f 706 468 710
f 706 467 468
f 469 712 713
f 709 469 713
f 709 468 469
f 470 715 716
f 712 470 716
f 712 469 470
f 470 472 715
f 771 773 772
f 771 578 773
f 774 578 771
f 774 577 578
f 773 775 776
f 775 578 581
f 775 773 578
f 595 788 789
f 595 789 596
f 791 793 792
f 791 598 793
f 788 598 791
f 788 595 598
f 599 794 793
f 599 793 598
f 795 794 796
f 795 797 794
f 796 599 601
f 796 794 599
f 798 797 799
f 798 800 797
f 797 795 799
f 800 801 802
f 800 798 801
f 893 895 894
f 893 773 895
f 773 893 772
f 895 897 898
f 897 773 776
f 897 895 773
f 793 909 910
f 793 910 792
f 912 914 913
f 912 794 914
f 909 794 912
f 909 793 794
f 797 915 914
f 797 914 794
f 800 916 915
f 800 915 797
f 917 916 918
f 917 919 916
f 918 800 802
f 918 916 800
f 920 919 921
f 920 922 919
f 919 917 921
f 923 922 924
f 923 925 922
f 922 920 924
f 925 926 927
f 925 923 926
f 1015 1017 1016
f 1015 895 1017
f 895 1015 894
f 1017 1018 1019
f 1018 895 898
f 1018 1017 895
f 1030 1031 1032
f 914 1033 1030
f 913 1030 1032
f 913 914 1030
f 915 1034 1033
f 915 1033 914
f 916 1035 1034
f 916 1034 915
f 1037 919 1038
f 1037 1035 919
f 919 1035 916
f 922 1039 1040
f 1038 922 1040
f 1038 919 922
f 925 1042 1043
f 1039 925 1043
f 1039 922 925
f 925 927 1042
f 1017 1131 1132
f 1016 1132 1133
f 1016 1017 1132
f 1138 1131 1137
f 1137 1017 1019
f 1137 1131 1017
f 1145 1146 1147
f 1030 1148 1145
f 1031 1145 1147
f 1031 1030 1145
f 1033 1149 1148
f 1033 1148 1030
f 1151 1034 1152
f 1151 1149 1034
f 1034 1149 1033
f 1035 1153 1154
f 1152 1035 1154
f 1152 1034 1035
f 1035 1037 1153
f 1131 1245 1246
f 1251 1131 1246
f 1251 1132 1131
f 1131 1138 1245
f 1145 1265 1266
f 1145 1266 1146
f 1268 1270 1269
f 1268 1148 1270
f 1265 1148 1268
f 1265 1145 1148
f 1149 1271 1270
f 1149 1270 1148
f 1272 1271 1273
f 1272 1274 1271
f 1273 1149 1151
f 1273 1271 1149
f 1275 1274 1276
f 1275 1277 1274
f 1274 1272 1276
f 1278 1277 1279
f 1278 1280 1277
f 1277 1275 1279
f 1281 1280 1282
f 1281 1283 1280
f 1280 1278 1282
f 1284 1283 1285
f 1284 1286 1283
f 1283 1281 1285
f 1287 1286 1288
f 1287 1289 1286
f 1286 1284 1288
f 1290 1289 1291
f 1290 1292 1289
f 1289 1287 1291
f 1293 1292 1294
f 1293 1295 1292
f 1292 1290 1294
f 1296 1295 1297
f 1296 1298 1295
f 1295 1293 1297
f 1299 1298 1300
f 1299 1301 1298
f 1298 1296 1300
f 1302 1301 1303
f 1302 1304 1301
f 1301 1299 1303
f 1305 1304 1306
f 1305 1307 1304
f 1304 1302 1306
f 1308 1307 1309
f 1308 1310 1307
f 1307 1305 1309
f 1311 1310 1312
f 1311 1313 1310
f 1310 1308 1312
f 1314 1313 1315
f 1314 1316 1313
f 1313 1311 1315
f 1317 1316 1318
f 1317 1319 1316
f 1316 1314 1318
f 1320 1319 1321
f 1320 1322 1319
f 1319 1317 1321
f 1323 1322 1324
f 1323 1325 1322
f 1322 1320 1324
f 1326 1325 1327
f 1326 1328 1325
f 1325 1323 1327
f 1329 1328 1330
f 1329 1331 1328
f 1328 1326 1330
f 1332 1331 1333
f 1332 1334 1331
f 1331 1329 1333
f 1335 1334 1336
f 1335 1337 1334
f 1334 1332 1336
f 1338 1337 1339
f 1338 1340 1337
f 1337 1335 1339
f 1341 1340 1342
f 1341 1343 1340
f 1340 1338 1342
f 1344 1343 1345
f 1344 1346 1343
f 1343 1341 1345
f 1347 1346 1348
f 1347 1349 1346
f 1346 1344 1348
f 1350 1349 1351
f 1350 1352 1349
f 1349 1347 1351
f 1353 1352 1354
f 1353 1355 1352
f 1352 1350 1354
f 1356 1355 1357
f 1356 1358 1355
f 1355 1353 1357
f 1359 1358 1360
f 1359 1361 1358
f 1358 1356 1360
f 1362 1361 1363
f 1362 1364 1361
f 1361 1359 1363
f 1365 1364 1366
f 1365 1367 1364
f 1364 1362 1366
f 1368 1367 1369
f 1368 1370 1367
f 1367 1365 1369
f 1371 1370 1372
f 1371 1373 1370
f 1370 1368 1372
f 1374 1373 1375
f 1374 1376 1373
f 1373 1371 1375
f 1377 1376 1378
f 1377 1379 1376
f 1376 1374 1378
f 1380 1379 1381
f 1380 1382 1379
f 1379 1377 1381
f 1382 1383 1384
f 1382 1380 1383
f 1270 1478 1479
f 1270 1479 1269
f 1271 1483 1484
f 1478 1271 1484
f 1478 1270 1271
f 1274 1488 1489
f 1483 1274 1489
f 1483 1271 1274
f 1277 1493 1494
f 1488 1277 1494
f 1488 1274 1277
f 1502 1280 1501
f 1493 1280 1502
f 1493 1277 1280
f 1283 1503 1504
f 1501 1283 1504
f 1501 1280 1283
f 1286 1506 1507
f 1503 1286 1507
f 1503 1283 1286
f 1289 1509 1510
f 1506 1289 1510
f 1506 1286 1289
f 1292 1512 1513
f 1509 1292 1513
f 1509 1289 1292
f 1295 1515 1516
f 1512 1295 1516
f 1512 1292 1295
f 1298 1518 1519
f 1515 1298 1519
f 1515 1295 1298
f 1301 1521 1522
f 1518 1301 1522
f 1518 1298 1301
f 1304 1524 1525
f 1521 1304 1525
f 1521 1301 1304
f 1307 1527 1528
f 1524 1307 1528
f 1524 1304 1307
f 1310 1530 1531
f 1527 1310 1531
f 1527 1307 1310
f 1313 1533 1534
f 1530 1313 1534
f 1530 1310 1313
f 1316 1536 1537
f 1533 1316 1537
f 1533 1313 1316
f 1319 1539 1540
f 1536 1319 1540
f 1536 1316 1319
f 1322 1542 1543
f 1539 1322 1543
f 1539 1319 1322
f 1325 1545 1546
f 1542 1325 1546
f 1542 1322 1325
f 1328 1548 1549
f 1545 1328 1549
f 1545 1325 1328
f 1331 1551 1552
f 1548 1331 1552
f 1548 1328 1331
f 1334 1554 1555
f 1551 1334 1555
f 1551 1331 1334
f 1337 1557 1558
f 1554 1337 1558
f 1554 1334 1337
f 1340 1560 1561
f 1557 1340 1561
f 1557 1337 1340
f 1343 1563 1564
f 1560 1343 1564
f 1560 1340 1343
f 1346 1566 1567
f 1563 1346 1567
f 1563 1343 1346
f 1349 1569 1570
f 1566 1349 1570
f 1566 1346 1349
f 1352 1572 1573
f 1569 1352 1573
f 1569 1349 1352
f 1355 1575 1576
f 1572 1355 1576
f 1572 1352 1355
f 1358 1578 1579
f 1575 1358 1579
f 1575 1355 1358
f 1361 1581 1582
f 1578 1361 1582
f 1578 1358 1361
f 1364 1584 1585
f 1581 1364 1585
f 1581 1361 1364
f 1367 1587 1588
f 1584 1367 1588
f 1584 1364 1367
f 1370 1590 1591
f 1587 1370 1591
f 1587 1367 1370
f 1373 1593 1594
f 1590 1373 1594
f 1590 1370 1373
f 1376 1596 1597
f 1593 1376 1597
f 1593 1373 1376
f 1599 1601 1600
f 1599 1379 1601
f 1596 1379 1599
f 1596 1376 1379
f 1382 1602 1601
f 1382 1601 1379
f 1603 1602 1604
f 1603 1605 1602
f 1604 1382 1384
f 1604 1602 1382
f 1606 1605 1607
f 1606 1608 1605
f 1605 1603 1607
f 1609 1608 1610
f 1609 1611 1608
f 1608 1606 1610
f 1612 1611 1613
f 1612 1614 1611
f 1611 1609 1613
f 1615 1614 1616
f 1615 1617 1614
f 1614 1612 1616
f 1618 1617 1619
f 1618 1620 1617
f 1617 1615 1619
f 1621 1620 1622
f 1621 1623 1620
f 1620 1618 1622
f 1624 1623 1625
f 1624 1626 1623
f 1623 1621 1625
f 1627 1626 1628
f 1627 1629 1626
f 1626 1624 1628
f 1630 1629 1631
f 1630 1632 1629
f 1629 1627 1631
f 1633 1632 1634
f 1633 1635 1632
f 1632 1630 1634
f 1636 1635 1637
f 1636 1638 1635
f 1635 1633 1637
f 1639 1638 1640
f 1639 1641 1638
f 1638 1636 1640
f 1642 1641 1643
f 1642 1644 1641
f 1641 1639 1643
f 1645 1644 1646
f 1645 1647 1644
f 1644 1642 1646
f 1648 1647 1649
f 1648 1650 1647
f 1647 1645 1649
f 1651 1650 1652
f 1651 1653 1650
f 1650 1648 1652
f 1654 1653 1655
f 1654 1656 1653
f 1653 1651 1655
f 1657 1656 1658
f 1657 1659 1656
f 1656 1654 1658
f 1660 1659 1661
f 1660 1662 1659
f 1659 1657 1661
f 1663 1662 1664
f 1663 1665 1662
f 1662 1660 1664
f 1666 1665 1667
f 1666 1668 1665
f 1665 1663 1667
f 1669 1668 1670
f 1669 1671 1668
f 1668 1666 1670
f 1672 1671 1673
f 1672 1674 1671
f 1671 1669 1673
f 1675 1674 1676
f 1675 1677 1674
f 1674 1672 1676
f 1678 1677 1679
f 1678 1680 1677
f 1677 1675 1679
f 1681 1680 1682
f 1681 1683 1680
f 1680 1678 1682
f 1683 1684 1685
f 1683 1681 1684
f 1601 1842 1843
f 1601 1843 1600
f 1602 1845 1846
f 1842 1602 1846
f 1842 1601 1602
f 1605 1848 1849
f 1845 1605 1849
f 1845 1602 1605
f 1608 1851 1852
f 1848 1608 1852
f 1848 1605 1608
f 1611 1854 1855
f 1851 1611 1855
f 1851 1608 1611
f 1614 1857 1858
f 1854 1614 1858
f 1854 1611 1614
f 1617 1860 1861
f 1857 1617 1861
f 1857 1614 1617
f 1620 1863 1864
f 1860 1620 1864
f 1860 1617 1620
f 1623 1866 1867
f 1863 1623 1867
f 1863 1620 1623
f 1626 1869 1870
f 1866 1626 1870
f 1866 1623 1626
f 1629 1872 1873
f 1869 1629 1873
f 1869 1626 1629
f 1632 1875 1876
f 1872 1632 1876
f 1872 1629 1632
f 1878 1880 1879
f 1878 1635 1880
f 1875 1635 1878
f 1875 1632 1635
f 1638 1881 1880
f 1638 1880 1635
f 1641 1882 1881
f 1641 1881 1638
f 1644 1883 1882
f 1644 1882 1641
f 1647 1884 1883
f 1647 1883 1644
f 1650 1885 1884
f 1650 1884 1647
f 1653 1886 1885
f 1653 1885 1650
f 1656 1887 1886
f 1656 1886 1653
f 1659 1888 1887
f 1659 1887 1656
f 1662 1889 1888
f 1662 1888 1659
f 1665 1890 1889
f 1665 1889 1662
f 1668 1891 1890
f 1668 1890 1665
f 1671 1892 1891
f 1671 1891 1668
f 1674 1893 1892
f 1674 1892 1671
f 1677 1894 1893
f 1677 1893 1674
f 1680 1895 1894
f 1680 1894 1677
f 1683 1896 1895
f 1683 1895 1680
f 1897 1896 1898
f 1897 1899 1896
f 1898 1683 1685
f 1898 1896 1683
f 1900 1899 1901
f 1900 1902 1899
f 1899 1897 1901
f 1902 1903 1904
f 1902 1900 1903

#List of body polygons
f 253 254 255
f 258 253 259
f 258 260 253
f 253 255 259
f 261 262 260
f 263 260 258
f 263 261 260
f 264 265 262
f 264 262 261
f 266 267 265
f 266 265 264
f 268 269 267
f 268 267 266
f 270 271 269
f 270 269 268
f 272 273 271
f 272 271 270
f 274 275 273
f 274 273 272
f 276 277 275
f 276 275 274
f 278 279 277
f 278 277 276
f 280 281 279
f 280 279 278
f 282 283 281
f 282 281 280
f 284 285 283
f 284 283 282
f 286 287 285
f 286 285 284
f 288 289 287
f 288 287 286
f 290 291 289
f 290 289 288
f 292 293 291
f 292 291 290
f 294 295 293
f 294 293 292
f 296 297 295
f 296 295 294
f 298 299 297
f 298 297 296
f 300 301 299
f 300 299 298
f 302 303 301
f 302 301 300
f 304 305 303
f 304 303 302
f 306 307 305
f 306 305 304
f 308 309 307
f 308 307 306
f 310 311 309
f 310 309 308
f 471 472 473
f 474 471 475
f 474 476 471
f 471 473 475
f 477 476 478
f 477 479 476
f 476 474 478
f 480 479 481
f 480 482 479
f 479 477 481
f 483 482 484
f 483 485 482
f 482 480 484
f 486 485 487
f 486 488 485
f 485 483 487
f 489 488 490
f 489 491 488
f 488 486 490
f 492 491 493
f 492 494 491
f 491 489 493
f 495 494 496
f 495 497 494
f 494 492 496
f 498 497 499
f 498 500 497
f 497 495 499
f 501 500 502
f 501 503 500
f 500 498 502
f 504 503 505
f 504 506 503
f 503 501 505
f 507 506 508
f 507 509 506
f 506 504 508
f 510 509 511
f 510 512 509
f 509 507 511
f 513 512 514
f 513 515 512
f 512 510 514
f 516 515 517
f 516 518 515
f 515 513 517
f 519 518 520
f 519 521 518
f 518 516 520
f 522 521 523
f 522 524 521
f 521 519 523
f 525 524 526
f 525 527 524
f 524 522 526
f 528 527 529
f 528 530 527
f 527 525 529
f 531 530 532
f 531 533 530
f 530 528 532
f 534 533 535
f 534 536 533
f 533 531 535
f 537 536 538
f 537 539 536
f 536 534 538
f 540 539 541
f 540 542 539
f 539 537 541
f 543 542 544
f 543 545 542
f 542 540 544
f 253 546 545
f 254 545 543
f 254 253 545
f 260 547 546
f 260 546 253
f 262 548 547
f 262 547 260
f 265 549 548
f 265 548 262
f 267 550 549
f 267 549 265
f 269 551 550
f 269 550 267
f 271 552 551
f 271 551 269
f 273 553 552
f 273 552 271
f 275 554 553
f 275 553 273
f 277 555 554
f 277 554 275
f 279 556 555
f 279 555 277
f 281 557 556
f 281 556 279
f 283 558 557
f 283 557 281
f 285 559 558
f 285 558 283
f 287 560 559
f 287 559 285
f 289 561 560
f 289 560 287
f 291 562 561
f 291 561 289
f 293 563 562
f 293 562 291
f 295 564 563
f 295 563 293
f 297 565 564
f 297 564 295
f 299 566 565
f 299 565 297
f 301 567 566
f 301 566 299
f 303 568 567
f 303 567 301
f 305 569 568
f 305 568 303
f 307 570 569
f 307 569 305
f 309 571 570
f 309 570 307
f 311 572 571
f 311 571 309
f 600 601 602
f 603 600 604
f 603 605 600
f 600 602 604
f 606 605 607
f 606 608 605
f 605 603 607
f 609 608 610
f 609 611 608
f 608 606 610
f 612 611 613
f 612 614 611
f 611 609 613
f 615 614 616
f 615 617 614
f 614 612 616
f 618 617 619
f 618 620 617
f 617 615 619
f 621 620 622
f 621 623 620
f 620 618 622
f 624 623 625
f 624 626 623
f 623 621 625
f 627 626 628
f 627 629 626
f 626 624 628
f 630 629 631
f 630 632 629
f 629 627 631
f 633 632 634
f 633 635 632
f 632 630 634
f 636 635 637
f 636 638 635
f 635 633 637
f 639 638 640
f 639 641 638
f 638 636 640
f 642 641 643
f 642 644 641
f 641 639 643
f 645 644 646
f 645 647 644
f 644 642 646
f 648 647 649
f 648 650 647
f 647 645 649
f 651 650 652
f 651 653 650
f 650 648 652
f 654 653 655
f 654 656 653
f 653 651 655
f 657 656 658
f 657 659 656
f 656 654 658
f 660 659 661
f 660 662 659
f 659 657 661
f 663 662 664
f 663 665 662
f 662 660 664
f 666 665 667
f 666 668 665
f 665 663 667
f 669 668 670
f 669 671 668
f 668 666 670
f 672 671 673
f 672 674 671
f 671 669 673
f 675 674 676
f 675 677 674
f 674 672 676
f 678 677 679
f 678 680 677
f 677 675 679
f 681 680 682
f 681 683 680
f 680 678 682
f 684 683 685
f 684 686 683
f 683 681 685
f 687 686 688
f 687 689 686
f 686 684 690
f 691 689 692
f 691 693 689
f 689 687 692
f 694 693 695
f 694 696 693
f 693 691 695
f 697 696 698
f 697 699 696
f 696 694 698
f 700 699 701
f 700 702 699
f 699 697 701
f 703 702 704
f 703 705 702
f 702 700 704
f 706 705 707
f 706 708 705
f 705 703 707
f 709 708 710
f 709 711 708
f 708 706 710
f 712 711 713
f 712 714 711
f 711 709 713
f 715 714 716
f 715 717 714
f 714 712 716
f 471 718 717
f 472 717 715
f 472 471 717
f 476 719 718
f 476 718 471
f 479 720 719
f 479 719 476
f 482 721 720
f 482 720 479
f 485 722 721
f 485 721 482
f 488 723 722
f 488 722 485
f 491 724 723
f 491 723 488
f 494 725 724
f 494 724 491
f 497 726 725
f 497 725 494
f 500 727 726
f 500 726 497
f 503 728 727
f 503 727 500
f 506 729 728
f 506 728 503
f 509 730 729
f 509 729 506
f 512 731 730
f 512 730 509
f 515 732 731
f 515 731 512
f 518 733 732
f 518 732 515
f 521 734 733
f 521 733 518
f 524 735 734
f 524 734 521
f 527 736 735
f 527 735 524
f 530 737 736
f 530 736 527
f 533 738 737
f 533 737 530
f 536 739 738
f 536 738 533
f 539 740 739
f 539 739 536
f 542 741 740
f 542 740 539
f 545 742 741
f 545 741 542
f 546 743 742
f 546 742 545
f 547 744 743
f 547 743 546
f 548 745 744
f 548 744 547
f 549 746 745
f 549 745 548
f 550 747 746
f 550 746 549
f 551 748 747
f 551 747 550
f 552 749 748
f 552 748 551
f 553 750 749
f 553 749 552
f 554 751 750
f 554 750 553
f 555 752 751
f 555 751 554
f 556 753 752
f 556 752 555
f 557 754 753
f 557 753 556
f 558 755 754
f 558 754 557
f 559 756 755
f 559 755 558
f 560 757 756
f 560 756 559
f 561 758 757
f 561 757 560
f 562 759 758
f 562 758 561
f 563 760 759
f 563 759 562
f 564 761 760
f 564 760 563
f 565 762 761
f 565 761 564
f 566 763 762
f 566 762 565
f 567 764 763
f 567 763 566
f 568 765 764
f 568 764 567
f 569 766 765
f 569 765 568
f 570 767 766
f 570 766 569
f 571 768 767
f 571 767 570
f 572 769 768
f 572 768 571
f 770 771 772
f 770 774 771
f 600 795 796
f 600 796 601
f 605 798 799
f 795 605 799
f 795 600 605
f 801 803 802
f 801 608 803
f 798 608 801
f 798 605 608
f 611 804 803
f 611 803 608
f 614 805 804
f 614 804 611
f 617 806 805
f 617 805 614
f 620 807 806
f 620 806 617
f 623 808 807
f 623 807 620
f 626 809 808
f 626 808 623
f 629 810 809
f 629 809 626
f 632 811 810
f 632 810 629
f 635 812 811
f 635 811 632
f 638 813 812
f 638 812 635
f 641 814 813
f 641 813 638
f 644 815 814
f 644 814 641
f 647 816 815
f 647 815 644
f 650 817 816
f 650 816 647
f 653 818 817
f 653 817 650
f 656 819 818
f 656 818 653
f 659 820 819
f 659 819 656
f 662 821 820
f 662 820 659
f 665 822 821
f 665 821 662
f 668 823 822
f 668 822 665
f 671 824 823
f 671 823 668
f 674 825 824
f 674 824 671
f 677 826 825
f 677 825 674
f 680 827 826
f 680 826 677
f 683 828 827
f 683 827 680
f 686 829 828
f 686 828 683
f 689 830 829
f 689 829 686
f 693 831 830
f 693 830 689
f 696 832 831
f 696 831 693
f 699 833 832
f 699 832 696
f 702 834 833
f 702 833 699
f 705 835 834
f 705 834 702
f 708 836 835
f 708 835 705
f 711 837 836
f 711 836 708
f 714 838 837
f 714 837 711
f 717 839 838
f 717 838 714
f 718 840 839
f 718 839 717
f 719 841 840
f 719 840 718
f 720 842 841
f 720 841 719
f 721 843 842
f 721 842 720
f 722 844 843
f 722 843 721
f 723 845 844
f 723 844 722
f 724 846 845
f 724 845 723
f 725 847 846
f 725 846 724
f 726 848 847
f 726 847 725
f 727 849 848
f 727 848 726
f 728 850 849
f 728 849 727
f 729 851 850
f 729 850 728
f 730 852 851
f 730 851 729
f 731 853 852
f 731 852 730
f 732 854 853
f 732 853 731
f 733 855 854
f 733 854 732
f 734 856 855
f 734 855 733
f 735 857 856
f 735 856 734
f 736 858 857
f 736 857 735
f 737 859 858
f 737 858 736
f 738 860 859
f 738 859 737
f 739 861 860
f 739 860 738
f 740 862 861
f 740 861 739
f 741 863 862
f 741 862 740
f 742 864 863
f 742 863 741
f 743 865 864
f 743 864 742
f 744 866 865
f 744 865 743
f 745 867 866
f 745 866 744
f 746 868 867
f 746 867 745
f 747 869 868
f 747 868 746
f 748 870 869
f 748 869 747
f 749 871 870
f 749 870 748
f 750 872 871
f 750 871 749
f 751 873 872
f 751 872 750
f 752 874 873
f 752 873 751
f 753 875 874
f 753 874 752
f 754 876 875
f 754 875 753
f 755 877 876
f 755 876 754
f 756 878 877
f 756 877 755
f 757 879 878
f 757 878 756
f 758 880 879
f 758 879 757
f 759 881 880
f 759 880 758
f 760 882 881
f 760 881 759
f 761 883 882
f 761 882 760
f 762 884 883
f 762 883 761
f 763 885 884
f 763 884 762
f 764 886 885
f 764 885 763
f 765 887 886
f 765 886 764
f 766 888 887
f 766 887 765
f 767 889 888
f 767 888 766
f 768 890 889
f 768 889 767
f 769 891 890
f 769 890 768
f 892 893 894
f 893 896 772
f 893 892 896
f 803 917 918
f 803 918 802
f 804 920 921
f 917 804 921
f 917 803 804
f 805 923 924
f 920 805 924
f 920 804 805
f 926 928 927
f 926 806 928
f 923 806 926
f 923 805 806
f 807 929 928
f 807 928 806
f 808 930 929
f 808 929 807
f 809 931 930
f 809 930 808
f 810 932 931
f 810 931 809
f 811 933 932
f 811 932 810
f 812 934 933
f 812 933 811
f 813 935 934
f 813 934 812
f 814 936 935
f 814 935 813
f 815 937 936
f 815 936 814
f 816 938 937
f 816 937 815
f 817 939 938
f 817 938 816
f 818 940 939
f 818 939 817
f 819 941 940
f 819 940 818
f 820 942 941
f 820 941 819
f 821 943 942
f 821 942 820
f 822 944 943
f 822 943 821
f 823 945 944
f 823 944 822
f 824 946 945
f 824 945 823
f 825 947 946
f 825 946 824
f 826 948 947
f 826 947 825
f 827 949 948
f 827 948 826
f 828 950 949
f 828 949 827
f 829 951 950
f 829 950 828
f 830 952 951
f 830 951 829
f 831 953 952
f 831 952 830
f 832 954 953
f 832 953 831
f 833 955 954
f 833 954 832
f 834 956 955
f 834 955 833
f 835 957 956
f 835 956 834
f 836 958 957
f 836 957 835
f 837 959 958
f 837 958 836
f 838 960 959
f 838 959 837
f 839 961 960
f 839 960 838
f 840 962 961
f 840 961 839
f 841 963 962
f 841 962 840
f 842 964 963
f 842 963 841
f 843 965 964
f 843 964 842
f 844 966 965
f 844 965 843
f 845 967 966
f 845 966 844
f 846 968 967
f 846 967 845
f 847 969 968
f 847 968 846
f 848 970 969
f 848 969 847
f 849 971 970
f 849 970 848
f 850 972 971
f 850 971 849
f 851 973 972
f 851 972 850
f 852 974 973
f 852 973 851
f 853 975 974
f 853 974 852
f 854 976 975
f 854 975 853
f 855 977 976
f 855 976 854
f 856 978 977
f 856 977 855
f 857 979 978
f 857 978 856
f 858 980 979
f 858 979 857
f 859 981 980
f 859 980 858
f 860 982 981
f 860 981 859
f 861 983 982
f 861 982 860
f 862 984 983
f 862 983 861
f 863 985 984
f 863 984 862
f 864 986 985
f 864 985 863
f 865 987 986
f 865 986 864
f 866 988 987
f 866 987 865
f 867 989 988
f 867 988 866
f 868 990 989
f 868 989 867
f 869 991 990
f 869 990 868
f 870 992 991
f 870 991 869
f 871 993 992
f 871 992 870
f 872 994 993
f 872 993 871
f 873 995 994
f 873 994 872
f 874 996 995
f 874 995 873
f 875 997 996
f 875 996 874
f 876 998 997
f 876 997 875
f 877 999 998
f 877 998 876
f 878 1000 999
f 878 999 877
f 879 1001 1000
f 879 1000 878
f 880 1002 1001
f 880 1001 879
f 881 1003 1002
f 881 1002 880
f 882 1004 1003
f 882 1003 881
f 883 1005 1004
f 883 1004 882
f 884 1006 1005
f 884 1005 883
f 885 1007 1006
f 885 1006 884
f 886 1008 1007
f 886 1007 885
f 887 1009 1008
f 887 1008 886
f 888 1010 1009
f 888 1009 887
f 889 1011 1010
f 889 1010 888
f 890 1012 1011
f 890 1011 889
f 891 1013 1012
f 891 1012 890
f 1014 1015 1016
f 1015 892 894
f 1015 1014 892
f 1036 1037 1038
f 1039 1036 1040
f 1039 1041 1036
f 1036 1038 1040
f 1042 1041 1043
f 1042 1044 1041
f 1041 1039 1043
f 928 1045 1044
f 927 1044 1042
f 927 928 1044
f 929 1046 1045
f 929 1045 928
f 930 1047 1046
f 930 1046 929
f 931 1048 1047
f 931 1047 930
f 932 1049 1048
f 932 1048 931
f 933 1050 1049
f 933 1049 932
f 934 1051 1050
f 934 1050 933
f 935 1052 1051
f 935 1051 934
f 936 1053 1052
f 936 1052 935
f 937 1054 1053
f 937 1053 936
f 938 1055 1054
f 938 1054 937
f 939 1056 1055
f 939 1055 938
f 940 1057 1056
f 940 1056 939
f 941 1058 1057
f 941 1057 940
f 942 1059 1058
f 942 1058 941
f 943 1060 1059
f 943 1059 942
f 944 1061 1060
f 944 1060 943
f 945 1062 1061
f 945 1061 944
f 946 1063 1062
f 946 1062 945
f 947 1064 1063
f 947 1063 946
f 948 1065 1064
f 948 1064 947
f 949 1066 1065
f 949 1065 948
f 950 1067 1066
f 950 1066 949
f 951 1068 1067
f 951 1067 950
f 952 1069 1068
f 952 1068 951
f 953 1070 1069
f 953 1069 952
f 954 1071 1070
f 954 1070 953
f 955 1072 1071
f 955 1071 954
f 956 1073 1072
f 956 1072 955
f 957 1074 1073
f 957 1073 956
f 958 1075 1074
f 958 1074 957
f 959 1076 1075
f 959 1075 958
f 960 1077 1076
f 960 1076 959
f 961 1078 1077
f 961 1077 960
f 962 1079 1078
f 962 1078 961
f 963 1080 1079
f 963 1079 962
f 964 1081 1080
f 964 1080 963
f 965 1082 1081
f 965 1081 964
f 966 1083 1082
f 966 1082 965
f 967 1084 1083
f 967 1083 966
f 968 1085 1084
f 968 1084 967
f 969 1086 1085
f 969 1085 968
f 970 1087 1086
f 970 1086 969
f 971 1088 1087
f 971 1087 970
f 972 1089 1088
f 972 1088 971
f 973 1090 1089
f 973 1089 972
f 974 1091 1090
f 974 1090 973
f 975 1092 1091
f 975 1091 974
f 976 1093 1092
f 976 1092 975
f 977 1094 1093
f 977 1093 976
f 978 1095 1094
f 978 1094 977
f 979 1096 1095
f 979 1095 978
f 980 1097 1096
f 980 1096 979
f 981 1098 1097
f 981 1097 980
f 982 1099 1098
f 982 1098 981
f 983 1100 1099
f 983 1099 982
f 984 1101 1100
f 984 1100 983
f 985 1102 1101
f 985 1101 984
f 986 1103 1102
f 986 1102 985
f 987 1104 1103
f 987 1103 986
f 988 1105 1104
f 988 1104 987
f 989 1106 1105
f 989 1105 988
f 990 1107 1106
f 990 1106 989
f 991 1108 1107
f 991 1107 990
f 992 1109 1108
f 992 1108 991
f 993 1110 1109
f 993 1109 992
f 994 1111 1110
f 994 1110 993
f 995 1112 1111
f 995 1111 994
f 996 1113 1112
f 996 1112 995
f 997 1114 1113
f 997 1113 996
f 998 1115 1114
f 998 1114 997
f 999 1116 1115
f 999 1115 998
f 1000 1117 1116
f 1000 1116 999
f 1001 1118 1117
f 1001 1117 1000
f 1002 1119 1118
f 1002 1118 1001
f 1003 1120 1119
f 1003 1119 1002
f 1004 1121 1120
f 1004 1120 1003
f 1005 1122 1121
f 1005 1121 1004
f 1006 1123 1122
f 1006 1122 1005
f 1007 1124 1123
f 1007 1123 1006
f 1008 1125 1124
f 1008 1124 1007
f 1009 1126 1125
f 1009 1125 1008
f 1010 1127 1126
f 1010 1126 1009
f 1011 1128 1127
f 1011 1127 1010
f 1012 1129 1128
f 1012 1128 1011
f 1013 1130 1129
f 1013 1129 1012
f 1014 1016 1133
f 1150 1151 1152
f 1153 1150 1154
f 1153 1155 1150
f 1150 1152 1154
f 1036 1156 1155
f 1037 1155 1153
f 1037 1036 1155
f 1041 1157 1156
f 1041 1156 1036
f 1044 1158 1157
f 1044 1157 1041
f 1045 1159 1158
f 1045 1158 1044
f 1046 1160 1159
f 1046 1159 1045
f 1047 1161 1160
f 1047 1160 1046
f 1048 1162 1161
f 1048 1161 1047
f 1049 1163 1162
f 1049 1162 1048
f 1050 1164 1163
f 1050 1163 1049
f 1051 1165 1164
f 1051 1164 1050
f 1052 1166 1165
f 1052 1165 1051
f 1053 1167 1166
f 1053 1166 1052
f 1054 1168 1167
f 1054 1167 1053
f 1055 1169 1168
f 1055 1168 1054
f 1056 1170 1169
f 1056 1169 1055
f 1057 1171 1170
f 1057 1170 1056
f 1058 1172 1171
f 1058 1171 1057
f 1059 1173 1172
f 1059 1172 1058
f 1060 1174 1173
f 1060 1173 1059
f 1061 1175 1174
f 1061 1174 1060
f 1062 1176 1175
f 1062 1175 1061
f 1063 1177 1176
f 1063 1176 1062
f 1064 1178 1177
f 1064 1177 1063
f 1065 1179 1178
f 1065 1178 1064
f 1066 1180 1179
f 1066 1179 1065
f 1067 1181 1180
f 1067 1180 1066
f 1068 1182 1181
f 1068 1181 1067
f 1069 1183 1182
f 1069 1182 1068
f 1070 1184 1183
f 1070 1183 1069
f 1071 1185 1184
f 1071 1184 1070
f 1072 1186 1185
f 1072 1185 1071
f 1073 1187 1186
f 1073 1186 1072
f 1074 1188 1187
f 1074 1187 1073
f 1075 1189 1188
f 1075 1188 1074
f 1076 1190 1189
f 1076 1189 1075
f 1077 1191 1190
f 1077 1190 1076
f 1078 1192 1191
f 1078 1191 1077
f 1079 1193 1192
f 1079 1192 1078
f 1080 1194 1193
f 1080 1193 1079
f 1081 1195 1194
f 1081 1194 1080
f 1082 1196 1195
f 1082 1195 1081
f 1083 1197 1196
f 1083 1196 1082
f 1084 1198 1197
f 1084 1197 1083
f 1085 1199 1198
f 1085 1198 1084
f 1086 1200 1199
f 1086 1199 1085
f 1087 1201 1200
f 1087 1200 1086
f 1088 1202 1201
f 1088 1201 1087
f 1089 1203 1202
f 1089 1202 1088
f 1090 1204 1203
f 1090 1203 1089
f 1091 1205 1204
f 1091 1204 1090
f 1092 1206 1205
f 1092 1205 1091
f 1093 1207 1206
f 1093 1206 1092
f 1094 1208 1207
f 1094 1207 1093
f 1095 1209 1208
f 1095 1208 1094
f 1096 1210 1209
f 1096 1209 1095
f 1097 1211 1210
f 1097 1210 1096
f 1098 1212 1211
f 1098 1211 1097
f 1099 1213 1212
f 1099 1212 1098
f 1100 1214 1213
f 1100 1213 1099
f 1101 1215 1214
f 1101 1214 1100
f 1102 1216 1215
f 1102 1215 1101
f 1103 1217 1216
f 1103 1216 1102
f 1104 1218 1217
f 1104 1217 1103
f 1105 1219 1218
f 1105 1218 1104
f 1106 1220 1219
f 1106 1219 1105
f 1107 1221 1220
f 1107 1220 1106
f 1108 1222 1221
f 1108 1221 1107
f 1109 1223 1222
f 1109 1222 1108
f 1110 1224 1223
f 1110 1223 1109
f 1111 1225 1224
f 1111 1224 1110
f 1112 1226 1225
f 1112 1225 1111
f 1113 1227 1226
f 1113 1226 1112
f 1114 1228 1227
f 1114 1227 1113
f 1115 1229 1228
f 1115 1228 1114
f 1116 1230 1229
f 1116 1229 1115
f 1117 1231 1230
f 1117 1230 1116
f 1118 1232 1231
f 1118 1231 1117
f 1119 1233 1232
f 1119 1232 1118
f 1120 1234 1233
f 1120 1233 1119
f 1121 1235 1234
f 1121 1234 1120
f 1122 1236 1235
f 1122 1235 1121
f 1123 1237 1236
f 1123 1236 1122
f 1124 1238 1237
f 1124 1237 1123
f 1125 1239 1238
f 1125 1238 1124
f 1126 1240 1239
f 1126 1239 1125
f 1127 1241 1240
f 1127 1240 1126
f 1128 1242 1241
f 1128 1241 1127
f 1129 1243 1242
f 1129 1242 1128
f 1130 1244 1243
f 1130 1243 1129
f 1150 1272 1273
f 1150 1273 1151
f 1155 1275 1276
f 1272 1155 1276
f 1272 1150 1155
f 1156 1278 1279
f 1275 1156 1279
f 1275 1155 1156
f 1157 1281 1282
f 1278 1157 1282
f 1278 1156 1157
f 1158 1284 1285
f 1281 1158 1285
f 1281 1157 1158
f 1159 1287 1288
f 1284 1159 1288
f 1284 1158 1159
f 1160 1290 1291
f 1287 1160 1291
f 1287 1159 1160
f 1161 1293 1294
f 1290 1161 1294
f 1290 1160 1161
f 1162 1296 1297
f 1293 1162 1297
f 1293 1161 1162
f 1163 1299 1300
f 1296 1163 1300
f 1296 1162 1163
f 1164 1302 1303
f 1299 1164 1303
f 1299 1163 1164
f 1165 1305 1306
f 1302 1165 1306
f 1302 1164 1165
f 1166 1308 1309
f 1305 1166 1309
f 1305 1165 1166
f 1167 1311 1312
f 1308 1167 1312
f 1308 1166 1167
f 1168 1314 1315
f 1311 1168 1315
f 1311 1167 1168
f 1169 1317 1318
f 1314 1169 1318
f 1314 1168 1169
f 1170 1320 1321
f 1317 1170 1321
f 1317 1169 1170
f 1171 1323 1324
f 1320 1171 1324
f 1320 1170 1171
f 1172 1326 1327
f 1323 1172 1327
f 1323 1171 1172
f 1173 1329 1330
f 1326 1173 1330
f 1326 1172 1173
f 1174 1332 1333
f 1329 1174 1333
f 1329 1173 1174
f 1175 1335 1336
f 1332 1175 1336
f 1332 1174 1175
f 1176 1338 1339
f 1335 1176 1339
f 1335 1175 1176
f 1177 1341 1342
f 1338 1177 1342
f 1338 1176 1177
f 1178 1344 1345
f 1341 1178 1345
f 1341 1177 1178
f 1179 1347 1348
f 1344 1179 1348
f 1344 1178 1179
f 1180 1350 1351
f 1347 1180 1351
f 1347 1179 1180
f 1181 1353 1354
f 1350 1181 1354
f 1350 1180 1181
f 1182 1356 1357
f 1353 1182 1357
f 1353 1181 1182
f 1183 1359 1360
f 1356 1183 1360
f 1356 1182 1183
f 1184 1362 1363
f 1359 1184 1363
f 1359 1183 1184
f 1185 1365 1366
f 1362 1185 1366
f 1362 1184 1185
f 1186 1368 1369
f 1365 1186 1369
f 1365 1185 1186
f 1187 1371 1372
f 1368 1187 1372
f 1368 1186 1187
f 1188 1374 1375
f 1371 1188 1375
f 1371 1187 1188
f 1189 1377 1378
f 1374 1189 1378
f 1374 1188 1189
f 1190 1380 1381
f 1377 1190 1381
f 1377 1189 1190
f 1383 1385 1384
f 1383 1191 1385
f 1380 1191 1383
f 1380 1190 1191
f 1192 1386 1385
f 1192 1385 1191
f 1193 1387 1386
f 1193 1386 1192
f 1194 1388 1387
f 1194 1387 1193
f 1195 1389 1388
f 1195 1388 1194
f 1196 1390 1389
f 1196 1389 1195
f 1197 1391 1390
f 1197 1390 1196
f 1198 1392 1391
f 1198 1391 1197
f 1199 1393 1392
f 1199 1392 1198
f 1200 1394 1393
f 1200 1393 1199
f 1201 1395 1394
f 1201 1394 1200
f 1202 1396 1395
f 1202 1395 1201
f 1203 1397 1396
f 1203 1396 1202
f 1204 1398 1397
f 1204 1397 1203
f 1205 1399 1398
f 1205 1398 1204
f 1206 1400 1399
f 1206 1399 1205
f 1207 1401 1400
f 1207 1400 1206
f 1208 1402 1401
f 1208 1401 1207
f 1209 1403 1402
f 1209 1402 1208
f 1210 1404 1403
f 1210 1403 1209
f 1211 1405 1404
f 1211 1404 1210
f 1212 1406 1405
f 1212 1405 1211
f 1213 1407 1406
f 1213 1406 1212
f 1214 1408 1407
f 1214 1407 1213
f 1215 1409 1408
f 1215 1408 1214
f 1216 1410 1409
f 1216 1409 1215
f 1217 1411 1410
f 1217 1410 1216
f 1218 1412 1411
f 1218 1411 1217
f 1219 1413 1412
f 1219 1412 1218
f 1220 1414 1413
f 1220 1413 1219
f 1221 1415 1414
f 1221 1414 1220
f 1222 1416 1415
f 1222 1415 1221
f 1223 1417 1416
f 1223 1416 1222
f 1224 1418 1417
f 1224 1417 1223
f 1225 1419 1418
f 1225 1418 1224
f 1226 1420 1419
f 1226 1419 1225
f 1227 1421 1420
f 1227 1420 1226
f 1228 1422 1421
f 1228 1421 1227
f 1229 1423 1422
f 1229 1422 1228
f 1230 1424 1423
f 1230 1423 1229
f 1231 1425 1424
f 1231 1424 1230
f 1232 1426 1425
f 1232 1425 1231
f 1233 1427 1426
f 1233 1426 1232
f 1234 1428 1427
f 1234 1427 1233
f 1235 1429 1428
f 1235 1428 1234
f 1236 1430 1429
f 1236 1429 1235
f 1237 1431 1430
f 1237 1430 1236
f 1238 1432 1431
f 1238 1431 1237
f 1239 1433 1432
f 1239 1432 1238
f 1240 1434 1433
f 1240 1433 1239
f 1241 1435 1434
f 1241 1434 1240
f 1242 1436 1435
f 1242 1435 1241
f 1243 1437 1436
f 1243 1436 1242
f 1244 1438 1437
f 1244 1437 1243
f 1385 1603 1604
f 1385 1604 1384
f 1386 1606 1607
f 1603 1386 1607
f 1603 1385 1386
f 1387 1609 1610
f 1606 1387 1610
f 1606 1386 1387
f 1388 1612 1613
f 1609 1388 1613
f 1609 1387 1388
f 1389 1615 1616
f 1612 1389 1616
f 1612 1388 1389
f 1390 1618 1619
f 1615 1390 1619
f 1615 1389 1390
f 1391 1621 1622
f 1618 1391 1622
f 1618 1390 1391
f 1392 1624 1625
f 1621 1392 1625
f 1621 1391 1392
f 1393 1627 1628
f 1624 1393 1628
f 1624 1392 1393
f 1394 1630 1631
f 1627 1394 1631
f 1627 1393 1394
f 1395 1633 1634
f 1630 1395 1634
f 1630 1394 1395
f 1396 1636 1637
f 1633 1396 1637
f 1633 1395 1396
f 1397 1639 1640
f 1636 1397 1640
f 1636 1396 1397
f 1398 1642 1643
f 1639 1398 1643
f 1639 1397 1398
f 1399 1645 1646
f 1642 1399 1646
f 1642 1398 1399
f 1400 1648 1649
f 1645 1400 1649
f 1645 1399 1400
f 1401 1651 1652
f 1648 1401 1652
f 1648 1400 1401
f 1402 1654 1655
f 1651 1402 1655
f 1651 1401 1402
f 1403 1657 1658
f 1654 1403 1658
f 1654 1402 1403
f 1404 1660 1661
f 1657 1404 1661
f 1657 1403 1404
f 1405 1663 1664
f 1660 1405 1664
f 1660 1404 1405
f 1406 1666 1667
f 1663 1406 1667
f 1663 1405 1406
f 1407 1669 1670
f 1666 1407 1670
f 1666 1406 1407
f 1408 1672 1673
f 1669 1408 1673
f 1669 1407 1408
f 1409 1675 1676
f 1672 1409 1676
f 1672 1408 1409
f 1410 1678 1679
f 1675 1410 1679
f 1675 1409 1410
f 1411 1681 1682
f 1678 1411 1682
f 1678 1410 1411
f 1684 1686 1685
f 1684 1412 1686
f 1681 1412 1684
f 1681 1411 1412
f 1413 1687 1686
f 1413 1686 1412
f 1414 1688 1687
f 1414 1687 1413
f 1415 1689 1688
f 1415 1688 1414
f 1416 1690 1689
f 1416 1689 1415
f 1417 1691 1690
f 1417 1690 1416
f 1418 1692 1691
f 1418 1691 1417
f 1419 1693 1692
f 1419 1692 1418
f 1420 1694 1693
f 1420 1693 1419
f 1421 1695 1694
f 1421 1694 1420
f 1422 1696 1695
f 1422 1695 1421
f 1423 1697 1696
f 1423 1696 1422
f 1424 1698 1697
f 1424 1697 1423
f 1425 1699 1698
f 1425 1698 1424
f 1426 1700 1699
f 1426 1699 1425
f 1427 1701 1700
f 1427 1700 1426
f 1428 1702 1701
f 1428 1701 1427
f 1429 1703 1702
f 1429 1702 1428
f 1430 1704 1703
f 1430 1703 1429
f 1431 1705 1704
f 1431 1704 1430
f 1432 1706 1705
f 1432 1705 1431
f 1433 1707 1706
f 1433 1706 1432
f 1434 1708 1707
f 1434 1707 1433
f 1435 1709 1708
f 1435 1708 1434
f 1436 1710 1709
f 1436 1709 1435
f 1437 1711 1710
f 1437 1710 1436
f 1438 1712 1711
f 1438 1711 1437
f 1686 1897 1898
f 1686 1898 1685
f 1687 1900 1901
f 1897 1687 1901
f 1897 1686 1687
f 1903 1905 1904
f 1903 1688 1905
f 1900 1688 1903
f 1900 1687 1688
f 1689 1906 1905
f 1689 1905 1688
f 1690 1907 1906
f 1690 1906 1689
f 1691 1908 1907
f 1691 1907 1690
f 1692 1909 1908
f 1692 1908 1691
f 1693 1910 1909
f 1693 1909 1692
f 1694 1911 1910
f 1694 1910 1693
f 1695 1912 1911
f 1695 1911 1694
f 1696 1913 1912
f 1696 1912 1695
f 1697 1914 1913
f 1697 1913 1696
f 1698 1915 1914
f 1698 1914 1697
f 1699 1916 1915
f 1699 1915 1698
f 1700 1917 1916
f 1700 1916 1699
f 1701 1918 1917
f 1701 1917 1700
f 1702 1919 1918
f 1702 1918 1701
f 1703 1920 1919
f 1703 1919 1702
f 1704 1921 1920
f 1704 1920 1703
f 1705 1922 1921
f 1705 1921 1704
f 1706 1923 1922
f 1706 1922 1705
f 1707 1924 1923
f 1707 1923 1706
f 1708 1925 1924
f 1708 1924 1707
f 1709 1926 1925
f 1709 1925 1708
f 1710 1927 1926
f 1710 1926 1709
f 1711 1928 1927
f 1711 1927 1710
f 1712 1929 1928
f 1712 1928 1711

#List of body lines
l 1930 1931
l 1931 1932
l 1932 1933
l 1933 1934
l 1934 1935
l 1935 1936
l 1936 1937
l 1937 1938
l 1938 1939
l 1939 1940
l 1931 1941
l 1941 1942
l 1942 1932
l 1932 1943
l 1943 1934
l 1934 1944
l 1944 1936
l 1936 1945
l 1945 1938
l 1938 1946
l 1946 1947
l 1947 1939
l 1941 1948
l 1948 1949
l 1949 1942
l 1942 1950
l 1950 1943
l 1943 1951
l 1951 1944
l 1944 1952
l 1952 1945
l 1945 1953
l 1953 1946
l 1946 1954
l 1954 1955
l 1955 1947
l 1948 1956
l 1956 1957
l 1957 1949
l 1949 1958
l 1958 1950
l 1950 1959
l 1959 1951
l 1951 1960
l 1960 1952
l 1952 1961
l 1961 1953
l 1953 1962
l 1962 1954
l 1954 1963
l 1963 1964
l 1964 1955
l 1956 1965
l 1965 1966
l 1966 1957
l 1957 1967
l 1967 1958
l 1958 1968
l 1968 1959
l 1959 1969
l 1969 1960
l 1960 1970
l 1970 1961
l 1961 1971
l 1971 1962
l 1962 1972
l 1972 1963
l 1963 1973
l 1973 1974
l 1974 1964
l 1965 1975
l 1975 1976
l 1976 1966
l 1966 1977
l 1977 1967
l 1967 1978
l 1978 1968
l 1968 1979
l 1979 1969
l 1969 1980
l 1980 1970
l 1970 1981
l 1981 1971
l 1971 1982
l 1982 1972
l 1972 1983
l 1983 1973
l 1973 1984
l 1984 1985
l 1985 1974
l 1975 1986
l 1986 1987
l 1987 1976
l 1976 1988
l 1988 1977
l 1977 1989
l 1989 1978
l 1978 1990
l 1990 1979
l 1979 1991
l 1991 1980
l 1980 1992
l 1992 1981
l 1981 1993
l 1993 1982
l 1982 1994
l 1994 1983
l 1983 1995
l 1995 1984
l 1984 1996
l 1996 1997
l 1997 1985
l 1987 1998
l 1998 1988
l 1988 1999
l 1999 1989
l 1989 2000
l 2000 1990
l 1990 2001
l 2001 1991
l 1991 2002
l 2002 1992
l 1992 2003
l 2003 1993
l 1993 2004
l 2004 1994
l 1994 2005
l 2005 1995
l 1995 2006
l 2006 1996
l 1996 2007
l 2007 2008
l 2008 1997
l 1998 2009
l 2009 1999
l 1999 2010
l 2010 2000
l 2000 2011
l 2011 2001
l 2001 2012
l 2012 2002
l 2002 2013
l 2013 2003
l 2003 2014
l 2014 2004
l 2004 2015
l 2015 2005
l 2005 2016
l 2016 2006
l 2006 2017
l 2017 2007
l 2007 2018
l 2018 2019
l 2019 2008
l 2009 2020
l 2020 2010
l 2010 2021
l 2021 2011
l 2011 2022
l 2022 2012
l 2012 2023
l 2023 2013
l 2013 2024
l 2024 2014
l 2014 2025
l 2025 2015
l 2015 2026
l 2026 2016
l 2016 2027
l 2027 2017
l 2017 2028
l 2028 2018
l 2018 2029
l 2029 2030
l 2030 2019
l 2020 2031
l 2031 2021
l 2021 2032
l 2032 2022
l 2022 2033
l 2033 2023
l 2023 2034
l 2034 2024
l 2024 2035
l 2035 2025
l 2025 2036
l 2036 2026
l 2026 2037
l 2037 2027
l 2027 2038
l 2038 2028
l 2028 2039
l 2039 2029
l 2029 2040
l 2040 2041
l 2041 2030
l 2031 2042
l 2042 2032
l 2032 2043
l 2043 2033
l 2033 2044
l 2044 2034
l 2034 2045
l 2045 2035
l 2035 2046
l 2046 2036
l 2036 2047
l 2047 2037
l 2037 2048
l 2048 2038
l 2038 2049
l 2049 2039
l 2039 2050
l 2050 2040
l 2040 2051
l 2051 2052
l 2052 2041
l 2042 2053
l 2053 2043
l 2043 2054
l 2054 2044
l 2044 2055
l 2055 2045
l 2045 2056
l 2056 2046
l 2046 2057
l 2057 2047
l 2047 2058
l 2058 2048
l 2048 2059
l 2059 2049
l 2049 2060
l 2060 2050
l 2050 2061
l 2061 2051
l 2051 2062
l 2062 2063
l 2063 2052
l 2053 2064
l 2064 2054
l 2054 2065
l 2065 2055
l 2055 2066
l 2066 2056
l 2056 2067
l 2067 2057
l 2057 2068
l 2068 2058
l 2058 2069
l 2069 2059
l 2059 2070
l 2070 2060
l 2060 2071
l 2071 2061
l 2061 2072
l 2072 2062
l 2062 2073
l 2073 2074
l 2074 2063
l 2064 2075
l 2075 2065
l 2065 2076
l 2076 2066
l 2066 2077
l 2077 2067
l 2067 2078
l 2078 2068
l 2068 2079
l 2079 2069
l 2069 2080
l 2080 2070
l 2070 2081
l 2081 2071
l 2071 2082
l 2082 2072
l 2072 2083
l 2083 2073
l 2073 2084
l 2084 2085
l 2085 2074
l 2075 2086
l 2086 2076
l 2076 2087
l 2087 2077
l 2077 2088
l 2088 2078
l 2078 2089
l 2089 2079
l 2079 2090
l 2090 2080
l 2080 2091
l 2091 2081
l 2081 2092
l 2092 2082
l 2082 2093
l 2093 2083
l 2083 2094
l 2094 2084
l 2084 2095
l 2095 2096
l 2096 2085
l 2086 2097
l 2097 2087
l 2087 2098
l 2098 2088
l 2088 2099
l 2099 2089
l 2089 2100
l 2100 2090
l 2090 2101
l 2101 2091
l 2091 2102
l 2102 2092
l 2092 2103
l 2103 2093
l 2093 2104
l 2104 2094
l 2094 2105
l 2105 2095
l 2095 2106
l 2106 2107
l 2107 2096
l 2097 2108
l 2108 2098
l 2098 2109
l 2109 2099
l 2099 2110
l 2110 2100
l 2100 2111
l 2111 2101
l 2101 2112
l 2112 2102
l 2102 2113
l 2113 2103
l 2103 2114
l 2114 2104
l 2104 2115
l 2115 2105
l 2105 2116
l 2116 2106
l 2106 2117
l 2117 2118
l 2118 2107
l 2108 2119
l 2119 2109
l 2109 2120
l 2120 2110
l 2110 2121
l 2121 2111
l 2111 2122
l 2122 2112
l 2112 2123
l 2123 2113
l 2113 2124
l 2124 2114
l 2114 2125
l 2125 2115
l 2115 2126
l 2126 2116
l 2116 2127
l 2127 2117
l 2117 2128
l 2128 2129
l 2129 2118
l 2119 2130
l 2130 2120
l 2120 2131
l 2131 2121
l 2121 2132
l 2132 2122
l 2122 2133
l 2133 2123
l 2123 2134
l 2134 2124
l 2124 2135
l 2135 2125
l 2125 2136
l 2136 2126
l 2126 2137
l 2137 2127
l 2127 2138
l 2138 2128
l 2128 2139
l 2139 2140
l 2140 2129
l 2130 2141
l 2141 2131
l 2131 2142
l 2142 2132
l 2132 2143
l 2143 2133
l 2133 2144
l 2144 2134
l 2134 2145
l 2145 2135
l 2135 2146
l 2146 2136
l 2136 2147
l 2147 2137
l 2137 2148
l 2148 2138
l 2138 2149
l 2149 2139
l 2139 2150
l 2150 2151
l 2151 2140
l 2141 2152
l 2152 2142
l 2142 2153
l 2153 2143
l 2143 2154
l 2154 2144
l 2144 2155
l 2155 2145
l 2145 2156
l 2156 2146
l 2146 2157
l 2157 2147
l 2147 2158
l 2158 2148
l 2148 2159
l 2159 2149
l 2149 2160
l 2160 2150
l 2150 2161
l 2161 2162
l 2162 2151
l 2152 2163
l 2163 2153
l 2153 2164
l 2164 2154
l 2154 2165
l 2165 2155
l 2155 2166
l 2166 2156
l 2156 2167
l 2167 2157
l 2157 2168
l 2168 2158
l 2158 2169
l 2169 2159
l 2159 2170
l 2170 2160
l 2160 2171
l 2171 2161
l 2161 2172
l 2172 2173
l 2173 2162
l 2163 2174
l 2174 2164
l 2164 2175
l 2175 2165
l 2165 2176
l 2176 2166
l 2166 2177
l 2177 2167
l 2167 2178
l 2178 2168
l 2168 2179
l 2179 2169
l 2169 2180
l 2180 2170
l 2170 2181
l 2181 2171
l 2171 2182
l 2182 2172
l 2172 2183
l 2183 2184
l 2184 2173
l 2174 2185
l 2185 2175
l 2175 2186
l 2186 2176
l 2176 2187
l 2187 2177
l 2177 2188
l 2188 2178
l 2178 2189
l 2189 2179
l 2179 2190
l 2190 2180
l 2180 2191
l 2191 2181
l 2181 2192
l 2192 2182
l 2182 2193
l 2193 2183
l 2183 2194
l 2194 2195
l 2195 2184
l 2185 2196
l 2196 2186
l 2186 2197
l 2197 2187
l 2187 2198
l 2198 2188
l 2188 2199
l 2199 2189
l 2189 2200
l 2200 2190
l 2190 2201
l 2201 2191
l 2191 2202
l 2202 2192
l 2192 2203
l 2203 2193
l 2193 2204
l 2204 2194
l 2194 2205
l 2205 2206
l 2206 2195
l 2196 2207
l 2207 2197
l 2197 2208
l 2208 2198
l 2198 2209
l 2209 2199
l 2199 2210
l 2210 2200
l 2200 2211
l 2211 2201
l 2201 2212
l 2212 2202
l 2202 2213
l 2213 2203
l 2203 2214
l 2214 2204
l 2204 2215
l 2215 2205
l 2205 2216
l 2216 2217
l 2217 2206
l 2207 2218
l 2218 2208
l 2208 2219
l 2219 2209
l 2209 2220
l 2220 2210
l 2210 2221
l 2221 2211
l 2211 2222
l 2222 2212
l 2212 2223
l 2223 2213
l 2213 2224
l 2224 2214
l 2214 2225
l 2225 2215
l 2215 2226
l 2226 2216
l 2216 2227
l 2227 2228
l 2228 2217
l 2218 2229
l 2229 2219
l 2219 2230
l 2230 2220
l 2220 2231
l 2231 2221
l 2221 2232
l 2232 2222
l 2222 2233
l 2233 2223
l 2223 2234
l 2234 2224
l 2224 2235
l 2235 2225
l 2225 2236
l 2236 2226
l 2226 2237
l 2237 2227
l 2227 2238
l 2238 2239
l 2239 2228
l 2229 2240
l 2240 2230
l 2230 2241
l 2241 2231
l 2231 2242
l 2242 2232
l 2232 2243
l 2243 2233
l 2233 2244
l 2244 2234
l 2234 2245
l 2245 2235
l 2235 2246
l 2246 2236
l 2236 2247
l 2247 2237
l 2237 2248
l 2248 2238
l 2238 2249
l 2249 2250
l 2250 2239
l 2240 2251
l 2251 2241
l 2241 2252
l 2252 2242
l 2242 2253
l 2253 2243
l 2243 2254
l 2254 2244
l 2244 2255
l 2255 2245
l 2245 2256
l 2256 2246
l 2246 2257
l 2257 2247
l 2247 2258
l 2258 2248
l 2248 2259
l 2259 2249
l 2249 2260
l 2260 2261
l 2261 2250
l 2251 2262
l 2262 2252
l 2252 2263
l 2263 2253
l 2253 2264
l 2264 2254
l 2254 2265
l 2265 2255
l 2255 2266
l 2266 2256
l 2256 2267
l 2267 2257
l 2257 2268
l 2268 2258
l 2258 2269
l 2269 2259
l 2259 2270
l 2270 2260
l 2260 2271
l 2271 2272
l 2272 2261
l 2262 2273
l 2273 2263
l 2263 2274
l 2274 2264
l 2264 2275
l 2275 2265
l 2265 2276
l 2276 2266
l 2266 2277
l 2277 2267
l 2267 2278
l 2278 2268
l 2268 2279
l 2279 2269
l 2269 2280
l 2280 2270
l 2270 2281
l 2281 2271
l 2271 2282
l 2282 2283
l 2283 2272
l 2273 2284
l 2284 2274
l 2274 2285
l 2285 2275
l 2275 2286
l 2286 2276
l 2276 2287
l 2287 2277
l 2277 2288
l 2288 2278
l 2278 2289
l 2289 2279
l 2279 2290
l 2290 2280
l 2280 2291
l 2291 2281
l 2281 2292
l 2292 2282
l 2282 2293
l 2293 2294
l 2294 2283
l 2284 2295
l 2295 2285
l 2285 2296
l 2296 2286
l 2286 2297
l 2297 2287
l 2287 2298
l 2298 2288
l 2288 2299
l 2299 2289
l 2289 2300
l 2300 2290
l 2290 2301
l 2301 2291
l 2291 2302
l 2302 2292
l 2292 2303
l 2303 2293
l 2293 2304
l 2304 2305
l 2305 2294
l 2295 2306
l 2306 2296
l 2296 2307
l 2307 2297
l 2297 2308
l 2308 2298
l 2298 2309
l 2309 2299
l 2299 2310
l 2310 2300
l 2300 2311
l 2311 2301
l 2301 2312
l 2312 2302
l 2302 2313
l 2313 2303
l 2303 2314
l 2314 2304
l 2304 2315
l 2315 2316
l 2316 2305
l 2306 2317
l 2317 2307
l 2307 2318
l 2318 2308
l 2308 2319
l 2319 2309
l 2309 2320
l 2320 2310
l 2310 2321
l 2321 2311
l 2311 2322
l 2322 2312
l 2312 2323
l 2323 2313
l 2313 2324
l 2324 2314
l 2314 2325
l 2325 2315
l 2315 2326
l 2326 2327
l 2327 2316
l 2317 2328
l 2328 2318
l 2318 2329
l 2329 2319
l 2319 2330
l 2330 2320
l 2320 2331
l 2331 2321
l 2321 2332
l 2332 2322
l 2322 2333
l 2333 2323
l 2323 2334
l 2334 2324
l 2324 2335
l 2335 2325
l 2325 2336
l 2336 2326
l 2326 2337
l 2337 2338
l 2338 2327
l 2328 2339
l 2339 2329
l 2329 2340
l 2340 2330
l 2330 2341
l 2341 2331
l 2331 2342
l 2342 2332
l 2332 2343
l 2343 2333
l 2333 2344
l 2344 2334
l 2334 2345
l 2345 2335
l 2335 2346
l 2346 2336
l 2336 2347
l 2347 2337
l 2337 2348
l 2348 2349
l 2349 2338
l 2339 2350
l 2350 2340
l 2340 2351
l 2351 2341
l 2341 2352
l 2352 2342
l 2342 2353
l 2353 2343
l 2343 2354
l 2354 2344
l 2344 2355
l 2355 2345
l 2345 2356
l 2356 2346
l 2346 2357
l 2357 2347
l 2347 2358
l 2358 2348
l 2348 2359
l 2359 2360
l 2360 2349
l 2350 2361
l 2361 2351
l 2351 2362
l 2362 2352
l 2352 2363
l 2363 2353
l 2353 2364
l 2364 2354
l 2354 2365
l 2365 2355
l 2355 2366
l 2366 2356
l 2356 2367
l 2367 2357
l 2357 2368
l 2368 2358
l 2358 2369
l 2369 2359
l 2359 2370
l 2370 2371
l 2371 2360
l 2361 2372
l 2372 2362
l 2362 2373
l 2373 2363
l 2363 2374
l 2374 2364
l 2364 2375
l 2375 2365
l 2365 2376
l 2376 2366
l 2366 2377
l 2377 2367
l 2367 2378
l 2378 2368
l 2368 2379
l 2379 2369
l 2369 2380
l 2380 2370
l 2370 2381
l 2381 2382
l 2382 2371
l 2372 2383
l 2383 2373
l 2373 2384
l 2384 2374
l 2374 2385
l 2385 2375
l 2375 2386
l 2386 2376
l 2376 2387
l 2387 2377
l 2377 2388
l 2388 2378
l 2378 2389
l 2389 2379
l 2379 2390
l 2390 2380
l 2380 2391
l 2391 2381
l 2381 2392
l 2392 2393
l 2393 2382
l 2383 2394
l 2394 2384
l 2384 2395
l 2395 2385
l 2385 2396
l 2396 2386
l 2386 2397
l 2397 2387
l 2387 2398
l 2398 2388
l 2388 2399
l 2399 2389
l 2389 2400
l 2400 2390
l 2390 2401
l 2401 2391
l 2391 2402
l 2402 2392
l 2392 2403
l 2403 2404
l 2404 2393
l 2394 2405
l 2405 2395
l 2395 2406
l 2406 2396
l 2396 2407
l 2407 2397
l 2397 2408
l 2408 2398
l 2398 2409
l 2409 2399
l 2399 2410
l 2410 2400
l 2400 2411
l 2411 2401
l 2401 2412
l 2412 2402
l 2402 2413
l 2413 2403
l 2403 2414
l 2414 2415
l 2415 2404
l 2405 2416
l 2416 2406
l 2406 2417
l 2417 2407
l 2407 2418
l 2418 2408
l 2408 2419
l 2419 2409
l 2409 2420
l 2420 2410
l 2410 2421
l 2421 2411
l 2411 2422
l 2422 2412
l 2412 2423
l 2423 2413
l 2413 2424
l 2424 2414
l 2414 2425
l 2425 2426
l 2426 2415
l 2416 2427
l 2427 2417
l 2417 2428
l 2428 2418
l 2418 2429
l 2429 2419
l 2419 2430
l 2430 2420
l 2420 2431
l 2431 2421
l 2421 2432
l 2432 2422
l 2422 2433
l 2433 2423
l 2423 2434
l 2434 2424
l 2424 2435
l 2435 2425
l 2425 2436
l 2436 2437
l 2437 2426
l 2427 2438
l 2438 2428
l 2428 2439
l 2439 2429
l 2429 2440
l 2440 2430
l 2430 2441
l 2441 2431
l 2431 2442
l 2442 2432
l 2432 2443
l 2443 2433
l 2433 2444
l 2444 2434
l 2434 2445
l 2445 2435
l 2435 2446
l 2446 2436
l 2436 2447
l 2447 2448
l 2448 2437
l 2438 2449
l 2449 2439
l 2439 2450
l 2450 2440
l 2440 2451
l 2451 2441
l 2441 2452
l 2452 2442
l 2442 2453
l 2453 2443
l 2443 2454
l 2454 2444
l 2444 2455
l 2455 2445
l 2445 2456
l 2456 2446
l 2446 2457
l 2457 2447
l 2447 2458
l 2458 2459
l 2459 2448
l 2449 2460
l 2460 2450
l 2450 2461
l 2461 2451
l 2451 2462
l 2462 2452
l 2452 2463
l 2463 2453
l 2453 2464
l 2464 2454
l 2454 2465
l 2465 2455
l 2455 2466
l 2466 2456
l 2456 2467
l 2467 2457
l 2457 2468
l 2468 2458
l 2458 2469
l 2469 2470
l 2470 2459
l 2460 2471
l 2471 2461
l 2461 2472
l 2472 2462
l 2462 2473
l 2473 2463
l 2463 2474
l 2474 2464
l 2464 2475
l 2475 2465
l 2465 2476
l 2476 2466
l 2466 2477
l 2477 2467
l 2467 2478
l 2478 2468
l 2468 2479
l 2479 2469
l 2469 2480
l 2480 2481
l 2481 2470
l 2471 2482
l 2482 2472
l 2472 2483
l 2483 2473
l 2473 2484
l 2484 2474
l 2474 2485
l 2485 2475
l 2475 2486
l 2486 2476
l 2476 2487
l 2487 2477
l 2477 2488
l 2488 2478
l 2478 2489
l 2489 2479
l 2479 2490
l 2490 2480
l 2480 2491
l 2491 2492
l 2492 2481
l 2482 2493
l 2493 2483
l 2483 2494
l 2494 2484
l 2484 2495
l 2495 2485
l 2485 2496
l 2496 2486
l 2486 2497
l 2497 2487
l 2487 2498
l 2498 2488
l 2488 2499
l 2499 2489
l 2489 2500
l 2500 2490
l 2490 2501
l 2501 2491
l 2491 2502
l 2502 2503
l 2503 2492
l 2493 2504
l 2504 2494
l 2494 2505
l 2505 2495
l 2495 2506
l 2506 2496
l 2496 2507
l 2507 2497
l 2497 2508
l 2508 2498
l 2498 2509
l 2509 2499
l 2499 2510
l 2510 2500
l 2500 2511
l 2511 2501
l 2501 2512
l 2512 2502
l 2502 2513
l 2513 2514
l 2514 2503
l 2504 2515
l 2515 2505
l 2505 2516
l 2516 2506
l 2506 2517
l 2517 2507
l 2507 2518
l 2518 2508
l 2508 2519
l 2519 2509
l 2509 2520
l 2520 2510
l 2510 2521
l 2521 2511
l 2511 2522
l 2522 2512
l 2512 2523
l 2523 2513
l 2513 2524
l 2524 2525
l 2525 2514
l 2515 2526
l 2526 2516
l 2516 2527
l 2527 2517
l 2517 2528
l 2528 2518
l 2518 2529
l 2529 2519
l 2519 2530
l 2530 2520
l 2520 2531
l 2531 2521
l 2521 2532
l 2532 2522
l 2522 2533
l 2533 2523
l 2523 2534
l 2534 2524
l 2524 2535
l 2535 2536
l 2536 2525
l 2526 2537
l 2537 2527
l 2527 2538
l 2538 2528
l 2528 2539
l 2539 2529
l 2529 2540
l 2540 2530
l 2530 2541
l 2541 2531
l 2531 2542
l 2542 2532
l 2532 2543
l 2543 2533
l 2533 2544
l 2544 2534
l 2534 2545
l 2545 2535
l 2535 2546
l 2546 2547
l 2547 2536
l 2537 2548
l 2548 2538
l 2538 2549
l 2549 2539
l 2539 2550
l 2550 2540
l 2540 2551
l 2551 2541
l 2541 2552
l 2552 2542
l 2542 2553
l 2553 2543
l 2543 2554
l 2554 2544
l 2544 2555
l 2555 2545
l 2545 2556
l 2556 2546
l 2546 2557
l 2557 2558
l 2558 2547
l 2548 2559
l 2559 2549
l 2549 2560
l 2560 2550
l 2550 2561
l 2561 2551
l 2551 2562
l 2562 2552
l 2552 2563
l 2563 2553
l 2553 2564
l 2564 2554
l 2554 2565
l 2565 2555
l 2555 2566
l 2566 2556
l 2556 2567
l 2567 2557
l 2557 2568
l 2568 2569
l 2569 2558
l 2559 2570
l 2570 2560
l 2560 2571
l 2571 2561
l 2561 2572
l 2572 2562
l 2562 2573
l 2573 2563
l 2563 2574
l 2574 2564
l 2564 2575
l 2575 2565
l 2565 2576
l 2576 2566
l 2566 2577
l 2577 2567
l 2567 2578
l 2578 2568
l 2568 2579
l 2579 2580
l 2580 2569
l 2570 2581
l 2581 2571
l 2571 2582
l 2582 2572
l 2572 2583
l 2583 2573
l 2573 2584
l 2584 2574
l 2574 2585
l 2585 2575
l 2575 2586
l 2586 2576
l 2576 2587
l 2587 2577
l 2577 2588
l 2588 2578
l 2578 2589
l 2589 2579
l 2579 2590
l 2590 2591
l 2591 2580
l 2581 2592
l 2592 2582
l 2582 2593
l 2593 2583
l 2583 2594
l 2594 2584
l 2584 2595
l 2595 2585
l 2585 2596
l 2596 2586
l 2586 2597
l 2597 2587
l 2587 2598
l 2598 2588
l 2588 2599
l 2599 2589
l 2589 2600
l 2600 2590
l 2590 2601
l 2601 2602
l 2602 2591
l 2592 2603
l 2603 2593
l 2593 2604
l 2604 2594
l 2594 2605
l 2605 2595
l 2595 2606
l 2606 2596
l 2596 2607
l 2607 2597
l 2597 2608
l 2608 2598
l 2598 2609
l 2609 2599
l 2599 2610
l 2610 2600
l 2600 2611
l 2611 2601
l 2601 2612
l 2612 2613
l 2613 2602
l 2603 2614
l 2614 2604
l 2604 2615
l 2615 2605
l 2605 2616
l 2616 2606
l 2606 2617
l 2617 2607
l 2607 2618
l 2618 2608
l 2608 2619
l 2619 2609
l 2609 2620
l 2620 2610
l 2610 2621
l 2621 2611
l 2611 2622
l 2622 2612
l 2612 2623
l 2623 2624
l 2624 2613
l 2614 2625
l 2625 2615
l 2615 2626
l 2626 2616
l 2616 2627
l 2627 2617
l 2617 2628
l 2628 2618
l 2618 2629
l 2629 2619
l 2619 2630
l 2630 2620
l 2620 2631
l 2631 2621
l 2621 2632
l 2632 2622
l 2622 2633
l 2633 2623
l 2623 2634
l 2634 2635
l 2635 2624
l 2625 2636
l 2636 2626
l 2626 2637
l 2637 2627
l 2627 2638
l 2638 2628
l 2628 2639
l 2639 2629
l 2629 2640
l 2640 2630
l 2630 2641
l 2641 2631
l 2631 2642
l 2642 2632
l 2632 2643
l 2643 2633
l 2633 2644
l 2644 2634
l 2634 2645
l 2645 2646
l 2646 2635
l 2636 2647
l 2647 2637
l 2637 2648
l 2648 2638
l 2638 2649
l 2649 2639
l 2639 2650
l 2650 2640
l 2640 2651
l 2651 2641
l 2641 2652
l 2652 2642
l 2642 2653
l 2653 2643
l 2643 2654
l 2654 2644
l 2644 2655
l 2655 2645
l 2645 2656
l 2656 2657
l 2657 2646
l 2647 2658
l 2658 2648
l 2648 2659
l 2659 2649
l 2649 2660
l 2660 2650
l 2650 2661
l 2661 2651
l 2651 2662
l 2662 2652
l 2652 2663
l 2663 2653
l 2653 2664
l 2664 2654
l 2654 2665
l 2665 2655
l 2655 2666
l 2666 2656
l 2656 2667
l 2667 2668
l 2668 2657
l 2658 2669
l 2669 2659
l 2659 2670
l 2670 2660
l 2660 2671
l 2671 2661
l 2661 2672
l 2672 2662
l 2662 2673
l 2673 2663
l 2663 2674
l 2674 2664
l 2664 2675
l 2675 2665
l 2665 2676
l 2676 2666
l 2666 2677
l 2677 2667
l 2667 2678
l 2678 2679
l 2679 2668
l 2669 2680
l 2680 2670
l 2670 2681
l 2681 2671
l 2671 2682
l 2682 2672
l 2672 2683
l 2683 2673
l 2673 2684
l 2684 2674
l 2674 2685
l 2685 2675
l 2675 2686
l 2686 2676
l 2676 2687
l 2687 2677
l 2677 2688
l 2688 2678
l 2678 2689
l 2689 2690
l 2690 2679
l 2680 2691
l 2691 2681
l 2681 2692
l 2692 2682
l 2682 2693
l 2693 2683
l 2683 2694
l 2694 2684
l 2684 2695
l 2695 2685
l 2685 2696
l 2696 2686
l 2686 2697
l 2697 2687
l 2687 2698
l 2698 2688
l 2688 2699
l 2699 2689
l 2689 2700
l 2700 2701
l 2701 2690
l 2691 2702
l 2702 2692
l 2692 2703
l 2703 2693
l 2693 2704
l 2704 2694
l 2694 2705
l 2705 2695
l 2695 2706
l 2706 2696
l 2696 2707
l 2707 2697
l 2697 2708
l 2708 2698
l 2698 2709
l 2709 2699
l 2699 2710
l 2710 2700
l 2700 2711
l 2711 2712
l 2712 2701
l 2702 2713
l 2713 2703
l 2703 2714
l 2714 2704
l 2704 2715
l 2715 2705
l 2705 2716
l 2716 2706
l 2706 2717
l 2717 2707
l 2707 2718
l 2718 2708
l 2708 2719
l 2719 2709
l 2709 2720
l 2720 2710
l 2710 2721
l 2721 2711
l 2711 2722
l 2722 2723
l 2723 2712
l 2713 2724
l 2724 2714
l 2714 2725
l 2725 2715
l 2715 2726
l 2726 2716
l 2716 2727
l 2727 2717
l 2717 2728
l 2728 2718
l 2718 2729
l 2729 2719
l 2719 2730
l 2730 2720
l 2720 2731
l 2731 2721
l 2721 2732
l 2732 2722
l 2722 2733
l 2733 2734
l 2734 2723
l 2724 2735
l 2735 2725
l 2725 2736
l 2736 2726
l 2726 2737
l 2737 2727
l 2727 2738
l 2738 2728
l 2728 2739
l 2739 2729
l 2729 2740
l 2740 2730
l 2730 2741
l 2741 2731
l 2731 2742
l 2742 2732
l 2732 2743
l 2743 2733
l 2733 2744
l 2744 2745
l 2745 2734
l 2735 2746
l 2746 2736
l 2736 2747
l 2747 2737
l 2737 2748
l 2748 2738
l 2738 2749
l 2749 2739
l 2739 2750
l 2750 2740
l 2740 2751
l 2751 2741
l 2741 2752
l 2752 2742
l 2742 2753
l 2753 2743
l 2743 2754
l 2754 2744
l 2744 2755
l 2755 2756
l 2756 2745
l 2746 2757
l 2757 2747
l 2747 2758
l 2758 2748
l 2748 2759
l 2759 2749
l 2749 2760
l 2760 2750
l 2750 2761
l 2761 2751
l 2751 2762
l 2762 2752
l 2752 2763
l 2763 2753
l 2753 2764
l 2764 2754
l 2754 2765
l 2765 2755
l 2755 2766
l 2766 2767
l 2767 2756
l 2757 2768
l 2768 2758
l 2758 2769
l 2769 2759
l 2759 2770
l 2770 2760
l 2760 2771
l 2771 2761
l 2761 2772
l 2772 2762
l 2762 2773
l 2773 2763
l 2763 2774
l 2774 2764
l 2764 2775
l 2775 2765
l 2765 2776
l 2776 2766
l 2766 2777
l 2777 2778
l 2778 2767
l 2768 2779
l 2779 2769
l 2769 2780
l 2780 2770
l 2770 2781
l 2781 2771
l 2771 2782
l 2782 2772
l 2772 2783
l 2783 2773
l 2773 2784
l 2784 2774
l 2774 2785
l 2785 2775
l 2775 2786
l 2786 2776
l 2776 2787
l 2787 2777
l 2777 2788
l 2788 2789
l 2789 2778
l 2779 2790
l 2790 2780
l 2780 2791
l 2791 2781
l 2781 2792
l 2792 2782
l 2782 2793
l 2793 2783
l 2783 2794
l 2794 2784
l 2784 2795
l 2795 2785
l 2785 2796
l 2796 2786
l 2786 2797
l 2797 2787
l 2787 2798
l 2798 2788
l 2788 2799
l 2799 2800
l 2800 2789
l 2790 2801
l 2801 2791
l 2791 2802
l 2802 2792
l 2792 2803
l 2803 2793
l 2793 2804
l 2804 2794
l 2794 2805
l 2805 2795
l 2795 2806
l 2806 2796
l 2796 2807
l 2807 2797
l 2797 2808
l 2808 2798
l 2798 2809
l 2809 2799
l 2799 2810
l 2810 2811
l 2811 2800
l 2801 2812
l 2812 2802
l 2802 2813
l 2813 2803
l 2803 2814
l 2814 2804
l 2804 2815
l 2815 2805
l 2805 2816
l 2816 2806
l 2806 2817
l 2817 2807
l 2807 2818
l 2818 2808
l 2808 2819
l 2819 2809
l 2809 2820
l 2820 2810
l 2810 2821
l 2821 2822
l 2822 2811
l 2812 2823
l 2823 2813
l 2813 2824
l 2824 2814
l 2814 2825
l 2825 2815
l 2815 2826
l 2826 2816
l 2816 2827
l 2827 2817
l 2817 2828
l 2828 2818
l 2818 2829
l 2829 2819
l 2819 2830
l 2830 2820
l 2820 2831
l 2831 2821
l 2821 2832
l 2832 2833
l 2833 2822
l 2823 2834
l 2834 2824
l 2824 2835
l 2835 2825
l 2825 2836
l 2836 2826
l 2826 2837
l 2837 2827
l 2827 2838
l 2838 2828
l 2828 2839
l 2839 2829
l 2829 2840
l 2840 2830
l 2830 2841
l 2841 2831
l 2831 2842
l 2842 2832
l 2832 2843
l 2843 2844
l 2844 2833
l 2834 2845
l 2845 2835
l 2835 2846
l 2846 2836
l 2836 2847
l 2847 2837
l 2837 2848
l 2848 2838
l 2838 2849
l 2849 2839
l 2839 2850
l 2850 2840
l 2840 2851
l 2851 2841
l 2841 2852
l 2852 2842
l 2842 2853
l 2853 2843
l 2843 2854
l 2854 2855
l 2855 2844
l 2845 2856
l 2856 2846
l 2846 2857
l 2857 2847
l 2847 2858
l 2858 2848
l 2848 2859
l 2859 2849
l 2849 2860
l 2860 2850
l 2850 2861
l 2861 2851
l 2851 2862
l 2862 2852
l 2852 2863
l 2863 2853
l 2853 2864
l 2864 2854
l 2854 2865
l 2865 2866
l 2866 2855
l 2856 2867
l 2867 2857
l 2857 2868
l 2868 2858
l 2858 2869
l 2869 2859
l 2859 2870
l 2870 2860
l 2860 2871
l 2871 2861
l 2861 2872
l 2872 2862
l 2862 2873
l 2873 2863
l 2863 2874
l 2874 2864
l 2864 2875
l 2875 2865
l 2865 2876
l 2876 2877
l 2877 2866
l 2867 2878
l 2878 2868
l 2868 2879
l 2879 2869
l 2869 2880
l 2880 2870
l 2870 2881
l 2881 2871
l 2871 2882
l 2882 2872
l 2872 2883
l 2883 2873
l 2873 2884
l 2884 2874
l 2874 2885
l 2885 2875
l 2875 2886
l 2886 2876
l 2876 2887
l 2887 2888
l 2888 2877
l 2878 2889
l 2889 2879
l 2879 2890
l 2890 2880
l 2880 2891
l 2891 2881
l 2881 2892
l 2892 2882
l 2882 2893
l 2893 2883
l 2883 2894
l 2894 2884
l 2884 2895
l 2895 2885
l 2885 2896
l 2896 2886
l 2886 2897
l 2897 2887
l 2887 2898
l 2898 2899
l 2899 2888
l 2889 2900
l 2900 2890
l 2890 2901
l 2901 2891
l 2891 2902
l 2902 2892
l 2892 2903
l 2903 2893
l 2893 2904
l 2904 2894
l 2894 2905
l 2905 2895
l 2895 2906
l 2906 2896
l 2896 2907
l 2907 2897
l 2897 2908
l 2908 2898
l 2898 2909
l 2909 2910
l 2910 2899
l 2900 2911
l 2911 2901
l 2901 2912
l 2912 2902
l 2902 2913
l 2913 2903
l 2903 2914
l 2914 2904
l 2904 2915
l 2915 2905
l 2905 2916
l 2916 2906
l 2906 2917
l 2917 2907
l 2907 2918
l 2918 2908
l 2908 2919
l 2919 2909
l 2909 2920
l 2920 2921
l 2921 2910
l 2911 2922
l 2922 2912
l 2912 2923
l 2923 2913
l 2913 2924
l 2924 2914
l 2914 2925
l 2925 2915
l 2915 2926
l 2926 2916
l 2916 2927
l 2927 2917
l 2917 2928
l 2928 2918
l 2918 2929
l 2929 2919
l 2919 2930
l 2930 2920
l 2920 2931
l 2931 2932
l 2932 2921
l 2922 2933
l 2933 2923
l 2923 2934
l 2934 2924
l 2924 2935
l 2935 2925
l 2925 2936
l 2936 2926
l 2926 2937
l 2937 2927
l 2927 2938
l 2938 2928
l 2928 2939
l 2939 2929
l 2929 2940
l 2940 2930
l 2930 2941
l 2941 2931
l 2931 2942
l 2942 2943
l 2943 2932
l 2933 2944
l 2944 2934
l 2934 2945
l 2945 2935
l 2935 2946
l 2946 2936
l 2936 2947
l 2947 2937
l 2937 2948
l 2948 2938
l 2938 2949
l 2949 2939
l 2939 2950
l 2950 2940
l 2940 2951
l 2951 2941
l 2941 2952
l 2952 2942
l 2942 2953
l 2953 2954
l 2954 2943
l 2944 2955
l 2955 2945
l 2945 2956
l 2956 2946
l 2946 2957
l 2957 2947
l 2947 2958
l 2958 2948
l 2948 2959
l 2959 2949
l 2949 2960
l 2960 2950
l 2950 2961
l 2961 2951
l 2951 2962
l 2962 2952
l 2952 2963
l 2963 2953
l 2953 2964
l 2964 2965
l 2965 2954
l 2955 2966
l 2966 2956
l 2956 2967
l 2967 2957
l 2957 2968
l 2968 2958
l 2958 2969
l 2969 2959
l 2959 2970
l 2970 2960
l 2960 2971
l 2971 2961
l 2961 2972
l 2972 2962
l 2962 2973
l 2973 2963
l 2963 2974
l 2974 2964
l 2964 2975
l 2975 2976
l 2976 2965
l 2966 2977
l 2977 2967
l 2967 2978
l 2978 2968
l 2968 2979
l 2979 2969
l 2969 2980
l 2980 2970
l 2970 2981
l 2981 2971
l 2971 2982
l 2982 2972
l 2972 2983
l 2983 2973
l 2973 2984
l 2984 2974
l 2974 2985
l 2985 2975
l 2975 2986
l 2986 2987
l 2987 2976
l 2977 2988
l 2988 2978
l 2978 2989
l 2989 2979
l 2979 2990
l 2990 2980
l 2980 2991
l 2991 2981
l 2981 2992
l 2992 2982
l 2982 2993
l 2993 2983
l 2983 2994
l 2994 2984
l 2984 2995
l 2995 2985
l 2985 2996
l 2996 2986
l 2988 2997
l 2997 2989
l 2989 2998
l 2998 2990
l 2990 2999
l 2999 2991
l 2991 3000
l 3000 2992
l 2992 3001
l 3001 2993
l 2993 3002
l 3002 2994
l 2994 3003
l 3003 2995
l 2995 3004
l 3004 2996
l 2997 3005
l 3005 2998
l 2998 3006
l 3006 2999
l 2999 3007
l 3007 3000
l 3000 3008
l 3008 3001
l 3001 3009
l 3009 3002
l 3002 3010
l 3010 3003
l 3003 3011
l 3011 3004
l 3005 3012
l 3012 3006
l 3006 3013
l 3013 3007
l 3007 3014
l 3014 3008
l 3008 3015
l 3015 3009
l 3009 3016
l 3016 3010
l 3010 3017
l 3017 3011
l 3012 3018
l 3018 3013
l 3013 3019
l 3019 3014
l 3014 3020
l 3020 3015
l 3015 3021
l 3021 3016
l 3016 3022
l 3022 3017
l 3023 3024
l 3025 3023
l 3024 3026
l 3027 3024
l 3025 3027
l 3028 3025
l 3026 3029
l 3030 3026
l 3027 3030
l 3031 3027
l 3028 3031
l 3032 3028
l 3029 3018
l 3019 3029
l 3030 3019
l 3020 3030
l 3031 3020
l 3021 3031
l 3032 3021
l 3022 3032
l 1930 3033
l 1933 1930
l 3034 1933
l 1935 3034
l 3035 1935
l 1937 3035
l 1940 1937
l 3036 1940
l 3033 3037
l 3034 3033
l 3038 3034
l 3035 3038
l 3036 3035
l 3039 3036
l 3037 3040
l 3038 3037
l 3039 3038
l 3040 3039


