#OBJ File generated by Abaqus/CAE
#List of Vertices
v 0.00998256 -8.24111e-05 -0.000258704
v 0.0099924 0.000898077 -0.000246755
v 0.00848867 0.0014278 -0.00022116
v 0.00197698 0.00800687 -5.46593e-05
v 0.0100111 0.00518018 -0.000191907
v 2.54916e-06 0.00999701 5.11824e-07
v 0.0086002 0.00996134 -0.000113191
v 0.0100387 0.00945566 -0.000139225
v 0.0100367 0.00995975 -0.000132844
v 1.87267e-06 0.00929296 7.48236e-07
v 3.69293e-06 0.00697021 -2.22202e-06
v 0.00720845 -5.97224e-05 -0.000187348
v 2.14662e-06 0.0046455 6.11844e-08
v 0.00360616 -3.31587e-05 -9.25158e-05
v 3.72151e-06 0.00232411 -4.1721e-06
v 2.16508e-06 9.45667e-07 -3.00857e-06
v 0.0178777 0.00204924 -0.000646088
v 0.0177017 0.00992484 -0.000441578
v 0.0200401 0.00991439 -0.000534337
v 0.0200127 -0.000106655 -0.000784136
v 0.0106517 -8.6721e-05 -0.00029517
v 0.0135407 -9.13804e-05 -0.000448029
v 0.0164272 -9.48298e-05 -0.00059973
v 0.0193184 -0.000102265 -0.000752138
v 0.0264011 0.003513 -0.00114384
v 0.0286421 0.0099073 -0.00105512
v 0.0300581 0.00990303 -0.00113959
v 0.0300119 -0.000122556 -0.00148789
v 0.0264802 -0.000117087 -0.0012397
v 0.0400087 -0.000127801 -0.00234225
v 0.0400332 0.0060295 -0.00208316
v 0.0385513 0.0013414 -0.00216646
v 0.0400463 0.00989362 -0.00192041
v 0.0379586 -0.000124408 -0.00216734
v 0.0413826 0.00854336 -0.00211052
v 0.0416997 0.00989365 -0.00207813
v 0.0500341 0.0098933 -0.00287225
v 0.0499785 -0.000127738 -0.00334796
v 0.059932 -0.000122331 -0.00449731
v 0.0599934 0.0098936 -0.00398266
v 0.069939 0.00989419 -0.00524867
v 0.0623383 0.00989459 -0.00428079
v 0.0698717 0.000964214 -0.00573237
v 0.0698626 -0.000117484 -0.00579399
v 0.0797766 -0.000116431 -0.00723301
v 0.079779 -8.57081e-05 -0.00723556
v 0.0797238 -6.09926e-05 -0.00722477
v 0.0798569 0.00990117 -0.0066734
v 0.089666 -0.000111922 -0.00882117
v 0.0896623 6.1296e-05 -0.00880907
v 0.0894606 9.54054e-05 -0.00877476
v 0.0897589 0.00990127 -0.0082464
v 0.0995264 -0.000108486 -0.0105456
v 0.0995275 0.000176393 -0.0105294
v 0.0992248 0.000201184 -0.0104755
v 0.099627 0.00990783 -0.00996737
v 0.109363 -0.000102484 -0.0124183
v 0.109362 0.000111993 -0.0124017
v 0.109146 0.000118548 -0.0123605
v 0.109473 0.00991148 -0.0118341
v 0.119168 -9.90772e-05 -0.0144226
v 0.119293 0.00991117 -0.0138422
v 0.116428 -0.000100254 -0.0138616
v 0.128948 -9.90753e-05 -0.0165675
v 0.129081 0.0099122 -0.0159892
v 0.138699 -9.76104e-05 -0.0188506
v 0.138832 0.00991394 -0.0182703
v 0.148411 -9.52751e-05 -0.021263
v 0.148558 0.0099163 -0.020694
v 0.158095 -9.23829e-05 -0.0238132
v 0.158246 0.00991888 -0.0232468
v 0.167738 -8.93131e-05 -0.0264879
v 0.167896 0.00992133 -0.0259285
v 0.177352 -9.15594e-05 -0.0292931
v 0.17751 0.00992346 -0.0287389
v 0.18692 -8.9115e-05 -0.0322206
v 0.187091 0.00991993 -0.0316752
v 0.196455 -8.73763e-05 -0.0352765
v 0.196628 0.00992573 -0.0347404
v 0.205949 -8.65433e-05 -0.0384519
v 0.206126 0.00992549 -0.0379226
v 0.215402 -8.68146e-05 -0.0417467
v 0.215583 0.00992409 -0.041224
v 0.224809 -8.32131e-05 -0.0451588
v 0.224998 0.00992647 -0.0446471
v 0.234178 -8.09238e-05 -0.0486901
v 0.23437 0.00992752 -0.0481848
v 0.243502 -7.99741e-05 -0.0523316
v 0.2437 0.00992719 -0.0518371
v 0.252983 0.00993055 -0.055602
v 0.248742 0.00993139 -0.0538817
v 0.252969 0.00940034 -0.0556247
v 0.252782 -8.03575e-05 -0.0560834
v 0.262016 -7.7026e-05 -0.0599478
v 0.262185 0.00816658 -0.0595542
v 0.253545 0.00930418 -0.0558693
v 0.262219 0.00993256 -0.0594726
v 0.271207 -7.99643e-05 -0.0639153
v 0.271349 0.0068448 -0.0635935
v 0.264093 0.00784675 -0.0603996
v 0.271412 0.00993336 -0.0634531
v 0.280351 -7.89897e-05 -0.067991
v 0.280465 0.0054282 -0.0677421
v 0.274692 0.00625702 -0.0651166
v 0.280557 0.00993304 -0.0675347
v 0.289445 -7.40181e-05 -0.0721702
v 0.289531 0.00390369 -0.0719939
v 0.285354 0.00453134 -0.0700365
v 0.289658 0.00993176 -0.0717217
v 0.298496 -7.48257e-05 -0.0764481
v 0.298545 0.0022708 -0.0763457
v 0.296086 0.00265642 -0.0751621
v 0.298706 0.0099347 -0.0760079
v 0.307502 -7.62148e-05 -0.0808269
v 0.307512 0.000521768 -0.0808021
v 0.306886 0.000623597 -0.0804903
v 0.307709 0.00993703 -0.0803949
v 0.316454 -7.29485e-05 -0.0853004
v 0.316664 0.00993904 -0.0848785
v 0.310385 -7.2775e-05 -0.0822696
v 0.32536 -6.98058e-05 -0.0898704
v 0.325576 0.00993606 -0.0894559
v 0.33422 -7.13421e-05 -0.09453
v 0.334436 0.00993831 -0.0941278
v 0.34303 -6.73745e-05 -0.0992841
v 0.343244 0.00994117 -0.0988874
v 0.351793 -6.73792e-05 -0.104123
v 0.352009 0.00994007 -0.103736
v 0.360507 -6.60715e-05 -0.10905
v 0.360721 0.0099404 -0.108668
v 0.369172 -6.7959e-05 -0.114057
v 0.369385 0.00994246 -0.113688
v 0.377786 -6.27092e-05 -0.11915
v 0.378 0.00994676 -0.11879
v 0.38636 -6.46873e-05 -0.124325
v 0.386571 0.00994394 -0.12397
v 0.394879 -6.35361e-05 -0.129574
v 0.395091 0.00994441 -0.129228
v 0.403355 -6.36517e-05 -0.134903
v 0.403566 0.00994869 -0.134569
v 0.41178 -5.9591e-05 -0.140306
v 0.41199 0.0099475 -0.139975
v 0.420158 -6.08171e-05 -0.145778
v 0.420367 0.00995106 -0.145458
v 0.428491 -5.70809e-05 -0.151329
v 0.428699 0.00994984 -0.151011
v 0.436777 -5.77991e-05 -0.156944
v 0.436985 0.00994916 -0.156635
v 0.445014 -5.76046e-05 -0.162626
v 0.445223 0.00994955 -0.162326
v 0.453204 -5.59731e-05 -0.168375
v 0.453414 0.00995148 -0.168083
v 0.461554 0.00995551 -0.173904
v 0.459934 0.0099523 -0.172744
v 0.461549 0.00947712 -0.173918
v 0.461348 -5.24477e-05 -0.174192
v 0.469452 -5.63786e-05 -0.18007
v 0.469597 0.00705089 -0.179874
v 0.46207 0.00930142 -0.174307
v 0.469655 0.00995224 -0.179787
v 0.477507 -5.26738e-05 -0.186014
v 0.477596 0.00444702 -0.185889
v 0.47281 0.00592998 -0.182289
v 0.47771 0.00995672 -0.185739
v 0.485513 -5.06498e-05 -0.192014
v 0.485551 0.00174133 -0.191967
v 0.483644 0.00234524 -0.190511
v 0.485719 0.00995469 -0.191745
v 0.493476 -4.98774e-05 -0.198075
v 0.493678 0.00995641 -0.19781
v 0.490737 -5.26097e-05 -0.195989
v 0.501398 -4.9896e-05 -0.204196
v 0.501596 0.00995746 -0.203935
v 0.509275 -5.01477e-05 -0.210373
v 0.509474 0.00995847 -0.21012
v 0.517105 -5.01739e-05 -0.216602
v 0.5173 0.00995991 -0.216353
v 0.524893 -4.9517e-05 -0.222887
v 0.525088 0.00996243 -0.222646
v 0.532635 -4.78179e-05 -0.229224
v 0.532834 0.00996151 -0.228988
v 0.540337 -4.47838e-05 -0.235618
v 0.540535 0.00996225 -0.235382
v 0.547998 -4.51489e-05 -0.242062
v 0.548195 0.00996001 -0.241826
v 0.555611 -4.40148e-05 -0.248554
v 0.555813 0.00995965 -0.248323
v 0.563185 -4.61783e-05 -0.255097
v 0.563384 0.00996099 -0.254869
v 0.570713 -4.69078e-05 -0.26169
v 0.570911 0.00995902 -0.261462
v 0.578196 -4.62045e-05 -0.268334
v 0.578395 0.00996337 -0.268112
v 0.585633 -4.40694e-05 -0.275028
v 0.585839 0.00995943 -0.274807
v 0.59303 -4.52943e-05 -0.281771
v 0.593232 0.00996177 -0.281553
v 0.600383 -4.48914e-05 -0.288565
v 0.600585 0.00996093 -0.288348
v 0.607685 -4.26005e-05 -0.295403
v 0.607891 0.00996214 -0.29519
v 0.614948 -4.30482e-05 -0.302291
v 0.615151 0.00996572 -0.30208
v 0.622162 -4.11188e-05 -0.309222
v 0.622371 0.00996234 -0.309013
v 0.629334 -4.15687e-05 -0.3162
v 0.629543 0.00996192 -0.315991
v 0.636465 -4.43976e-05 -0.323224
v 0.636671 0.00996452 -0.323017
v 0.643548 -4.48821e-05 -0.330294
v 0.643758 0.00996022 -0.330083
v 0.650586 -4.83002e-05 -0.337409
v 0.650798 0.00996311 -0.337202
v 0.657574 -4.55312e-05 -0.344573
v 0.657793 0.00995778 -0.34436
v 0.664514 -4.68372e-05 -0.35178
v 0.664737 0.00995799 -0.35157
v 0.671409 -5.27412e-05 -0.359034
v 0.671634 0.00995808 -0.35883
v 0.678252 -4.91025e-05 -0.366345
v 0.678476 0.00995764 -0.366133
v 0.685043 -5.07145e-05 -0.373697
v 0.685271 0.00995638 -0.37349
v 0.69178 -5.27225e-05 -0.381093
v 0.692011 0.00995414 -0.380891
v 0.698469 -5.01055e-05 -0.388545
v 0.698695 0.00995605 -0.388341
v 0.705104 -5.2122e-05 -0.396035
v 0.705329 0.00995781 -0.39584
v 0.711684 -4.8401e-05 -0.403573
v 0.711911 0.00995532 -0.403378
v 0.718221 -4.78452e-05 -0.411157
v 0.718439 0.00995922 -0.410964
v 0.724706 -4.97385e-05 -0.418779
v 0.724922 0.00995602 -0.418589
v 0.731139 -4.85315e-05 -0.426441
v 0.731357 0.0099561 -0.426259
v 0.737526 -4.86303e-05 -0.434145
v 0.737743 0.0099551 -0.433966
v 0.743864 -4.96765e-05 -0.441887
v 0.744078 0.00995796 -0.441714
v 0.750158 -5.1344e-05 -0.449671
v 0.75037 0.00995524 -0.449503
v 0.756398 -4.84e-05 -0.457493
v 0.756609 0.00995684 -0.457328
v 0.762598 -4.98365e-05 -0.465354
v 0.7628 0.00995858 -0.465193
v 0.768749 -4.98964e-05 -0.473249
v 0.768948 0.00995635 -0.473094
v 0.77485 -4.73972e-05 -0.481176
v 0.775047 0.0099566 -0.481028
v 0.780913 -5.10518e-05 -0.489135
v 0.781106 0.00995595 -0.488996
v 0.786934 -5.02772e-05 -0.497131
v 0.787118 0.0099597 -0.496995
v 0.792913 -4.39161e-05 -0.505161
v 0.793089 0.00995862 -0.505022
v 0.798855 -4.49914e-05 -0.513213
v 0.799027 0.00996016 -0.513084
v 0.804758 -4.19831e-05 -0.521291
v 0.804924 0.00996229 -0.521164
v 0.810627 -3.82021e-05 -0.529394
v 0.810794 0.00996684 -0.529271
v 4.62966e-06 0.0199994 -3.89004e-06
v 0.00184142 0.0181606 -2.68777e-05
v 0.00905634 0.019971 -8.32178e-05
v 0.0100385 0.0199687 -9.30211e-05
v 0.0100397 0.0175745 -0.000102214
v 0.00394977 0.016047 -5.04558e-05
v 0.0100383 0.0149357 -0.000114733
v 0.00606276 0.0139334 -7.8554e-05
v 0.0100411 0.0122891 -0.000123704
v 0.00817319 0.0118251 -0.000109256
v 2.36148e-06 0.0184369 -2.15061e-06
v 1.33283e-06 0.0166417 -2.24791e-06
v 1.0671e-06 0.0148454 -1.90392e-06
v 1.46985e-06 0.0130479 -1.17322e-06
v 2.6854e-06 0.0112492 2.75826e-08
v 0.0134751 0.0165145 -0.000245077
v 0.0167853 0.019957 -0.000303001
v 0.0200727 0.0199458 -0.000399388
v 0.0200593 0.0155965 -0.000456937
v 0.0172661 0.0127028 -0.00041176
v 0.0300814 0.0199243 -0.000924084
v 0.0400867 0.019919 -0.00163799
v 0.0396709 0.0199213 -0.00160882
v 0.0400801 0.0178981 -0.00169647
v 0.0500691 0.0199139 -0.00253668
v 0.0600411 0.0199174 -0.00361232
v 0.0557677 0.0199183 -0.00315293
v 0.0600023 0.0118737 -0.00390777
v 0.0699906 0.0199188 -0.00485648
v 0.0799196 0.0199224 -0.00626044
v 0.0772637 0.0199197 -0.0058842
v 0.0799164 0.0186609 -0.00631556
v 0.089803 0.0163807 -0.00797281
v 0.081316 0.0185027 -0.00654401
v 0.0898287 0.0199203 -0.00782272
v 0.0996731 0.015459 -0.00972861
v 0.0934658 0.0162031 -0.00861914
v 0.0997079 0.019925 -0.00953705
v 0.109518 0.0150631 -0.011607
v 0.104168 0.0153512 -0.0105859
v 0.109557 0.0199248 -0.0113941
v 0.119338 0.0148784 -0.013625
v 0.114375 0.0149703 -0.0126063
v 0.119383 0.0199308 -0.0134064
v 0.129124 0.0147499 -0.0157762
v 0.124373 0.0147736 -0.0147338
v 0.129174 0.0199321 -0.0155511
v 0.138883 0.0146091 -0.018068
v 0.1343 0.0146158 -0.0169946
v 0.138936 0.019934 -0.0178388
v 0.148607 0.014436 -0.0204985
v 0.144205 0.0144457 -0.0193999
v 0.148665 0.0199309 -0.0202579
v 0.158292 0.0142173 -0.0230603
v 0.154109 0.0142398 -0.0219549
v 0.158361 0.019933 -0.0228174
v 0.167945 0.0139515 -0.0257589
v 0.164025 0.0139861 -0.0246645
v 0.168015 0.0199348 -0.0255015
v 0.177559 0.0136342 -0.0285823
v 0.173942 0.0136834 -0.0275204
v 0.177636 0.0199361 -0.0283185
v 0.187131 0.0132816 -0.0315372
v 0.183869 0.0133362 -0.030534
v 0.187221 0.0199368 -0.0312639
v 0.196667 0.012884 -0.034618
v 0.193792 0.0129441 -0.0336926
v 0.196762 0.0199366 -0.0343287
v 0.206162 0.0124461 -0.0378233
v 0.203718 0.0125011 -0.0369984
v 0.206262 0.0199404 -0.0375198
v 0.215615 0.0119629 -0.0411462
v 0.213638 0.0120165 -0.0404526
v 0.215723 0.019938 -0.0408275
v 0.225019 0.0114445 -0.0445873
v 0.223553 0.0114897 -0.0440557
v 0.225142 0.0199393 -0.0442567
v 0.234384 0.0108804 -0.0481464
v 0.233464 0.0109099 -0.0477988
v 0.234515 0.0199443 -0.047803
v 0.243704 0.0102756 -0.0518219
v 0.243368 0.0102914 -0.0516945
v 0.243848 0.019943 -0.0514612
v 0.253134 0.0199454 -0.0552319
v 0.262372 0.0199464 -0.0591082
v 0.271567 0.0199463 -0.0630943
v 0.280713 0.0199451 -0.0671814
v 0.289812 0.0199479 -0.0713763
v 0.298865 0.01995 -0.075672
v 0.307873 0.0199516 -0.0800686
v 0.31683 0.0199479 -0.0845547
v 0.325739 0.0199492 -0.0891397
v 0.334598 0.0199508 -0.0938166
v 0.34341 0.0199531 -0.0985853
v 0.352174 0.0199515 -0.103439
v 0.360886 0.0199563 -0.108383
v 0.369549 0.019958 -0.113407
v 0.378168 0.0199571 -0.118515
v 0.386735 0.019959 -0.123702
v 0.378667 0.0199555 -0.118815
v 0.386722 0.0192179 -0.123718
v 0.395233 0.018392 -0.129009
v 0.38743 0.0191242 -0.124161
v 0.395253 0.0199594 -0.128965
v 0.403689 0.0175267 -0.134371
v 0.396728 0.0181844 -0.129957
v 0.403728 0.0199589 -0.134308
v 0.412099 0.0166178 -0.139806
v 0.406 0.0172063 -0.135867
v 0.412153 0.0199579 -0.139722
v 0.420461 0.0156766 -0.145318
v 0.41525 0.016187 -0.141884
v 0.420528 0.0199618 -0.14521
v 0.428775 0.014656 -0.150898
v 0.424511 0.0150834 -0.148039
v 0.428862 0.0199612 -0.15077
v 0.43704 0.0135439 -0.15655
v 0.43381 0.0138644 -0.154344
v 0.437146 0.0199613 -0.156398
v 0.445261 0.0123084 -0.162272
v 0.443125 0.0125476 -0.160787
v 0.445381 0.0199627 -0.162093
v 0.453427 0.0109971 -0.168058
v 0.452488 0.0111065 -0.167393
v 0.453571 0.0199607 -0.167852
v 0.461713 0.0199659 -0.17368
v 0.469815 0.019964 -0.179571
v 0.477869 0.019965 -0.185524
v 0.485875 0.0199645 -0.191534
v 0.493836 0.0199679 -0.197606
v 0.501753 0.0199658 -0.203732
v 0.509628 0.0199686 -0.209921
v 0.517457 0.0199672 -0.216159
v 0.525245 0.0199671 -0.222452
v 0.532988 0.0199687 -0.228797
v 0.540693 0.0199674 -0.235196
v 0.54835 0.0199683 -0.241643
v 0.555965 0.0199712 -0.248142
v 0.563536 0.0199713 -0.254687
v 0.571068 0.0199682 -0.261284
v 0.578551 0.0199712 -0.267934
v 0.585992 0.0199709 -0.274633
v 0.593389 0.0199721 -0.281383
v 0.600741 0.0199702 -0.288178
v 0.608046 0.0199706 -0.29502
v 0.615311 0.0199737 -0.301914
v 0.622531 0.0199702 -0.308847
v 0.629707 0.01997 -0.315828
v 0.636836 0.0199731 -0.322853
v 0.643927 0.0199695 -0.329922
v 0.650966 0.0199684 -0.337034
v 0.657963 0.0199688 -0.344197
v 0.664908 0.0199698 -0.351406
v 0.671807 0.0199657 -0.358664
v 0.678653 0.0199656 -0.365972
v 0.685443 0.0199643 -0.373325
v 0.692184 0.0199669 -0.380734
v 0.698869 0.0199637 -0.388183
v 0.705503 0.019965 -0.395684
v 0.712085 0.019967 -0.403231
v 0.718615 0.0199656 -0.410816
v 0.725094 0.0199666 -0.418446
v 0.731528 0.0199661 -0.426119
v 0.737913 0.0199644 -0.433829
v 0.744246 0.0199665 -0.441581
v 0.750533 0.0199631 -0.449369
v 0.75677 0.0199641 -0.457199
v 0.76296 0.0199652 -0.465067
v 0.769103 0.0199624 -0.472968
v 0.775199 0.0199666 -0.48091
v 0.781252 0.0199644 -0.488879
v 0.787262 0.0199664 -0.496885
v 0.793231 0.0199639 -0.504918
v 0.799157 0.0199694 -0.51298
v 0.805054 0.0199715 -0.521065
v 0.810922 0.0199721 -0.529169
v 4.71271e-06 0.0299972 -1.7516e-06
v 0.001097 0.028908 -1.43158e-05
v 0.00413181 0.0299941 -3.24986e-05
v 0.0100469 0.0299839 -8.091e-05
v 0.0100449 0.0263095 -8.56323e-05
v 0.00536312 0.024641 -4.99426e-05
v 0.0100391 0.0205149 -9.17707e-05
v 0.00963391 0.0203739 -9.00779e-05
v 3.72154e-06 0.0209373 -3.59651e-06
v 2.77237e-06 0.0281518 -6.70735e-07
v 0.0121151 0.0279109 -0.000144321
v 0.0148768 0.0299741 -0.000204407
v 0.0200746 0.0299666 -0.000338946
v 0.0200723 0.0281591 -0.000349368
v 0.015375 0.0246478 -0.00024858
v 0.020076 0.02246 -0.000386753
v 0.0186324 0.0213898 -0.000355434
v 0.0217712 0.0282629 -0.000437188
v 0.0239543 0.0299601 -0.000518793
v 0.0301048 0.0299546 -0.000803193
v 0.0300907 0.0252144 -0.000859528
v 0.0271199 0.0228958 -0.000750493
v 0.0401049 0.0299432 -0.00146462
v 0.0501036 0.0299425 -0.00232716
v 0.0480392 0.0299434 -0.00215004
v 0.0500944 0.0276048 -0.00237333
v 0.0600736 0.0299408 -0.00336973
v 0.0700336 0.0299444 -0.00459508
v 0.0655584 0.0299434 -0.00404414
v 0.0700149 0.0249248 -0.00472544
v 0.0799657 0.0299449 -0.00598418
v 0.0898758 0.029946 -0.00753324
v 0.0997589 0.0299461 -0.00923814
v 0.0931192 0.0299472 -0.00809201
v 0.0997494 0.0284778 -0.00928125
v 0.109604 0.0276642 -0.011167
v 0.101306 0.0283654 -0.00957976
v 0.109618 0.0299469 -0.0110967
v 0.11943 0.0275292 -0.0131738
v 0.1119 0.027607 -0.0116373
v 0.119443 0.0299527 -0.0131026
v 0.129227 0.0277067 -0.0153189
v 0.121809 0.0275136 -0.0136947
v 0.129241 0.0299539 -0.0152494
v 0.138994 0.0279792 -0.0175963
v 0.131421 0.0277007 -0.0158308
v 0.139005 0.0299551 -0.017535
v 0.148728 0.0282579 -0.0200124
v 0.140914 0.0279741 -0.0180735
v 0.148743 0.0299514 -0.0199607
v 0.158427 0.0284917 -0.0225617
v 0.150383 0.0282447 -0.0204494
v 0.158439 0.0299526 -0.0225181
v 0.16809 0.0286699 -0.025246
v 0.159853 0.0284722 -0.0229574
v 0.168101 0.0299535 -0.0252086
v 0.177711 0.0287913 -0.0280621
v 0.169342 0.0286492 -0.0256139
v 0.177725 0.0299539 -0.0280277
v 0.187297 0.0288468 -0.0310041
v 0.178854 0.0287641 -0.028415
v 0.187305 0.0299586 -0.0309732
v 0.196846 0.0288532 -0.034078
v 0.188385 0.0288163 -0.0313567
v 0.196852 0.0299573 -0.0340442
v 0.206347 0.0288125 -0.0372694
v 0.197923 0.0288207 -0.0344421
v 0.206358 0.0299601 -0.0372413
v 0.21581 0.0287309 -0.0405885
v 0.207467 0.0287723 -0.0376644
v 0.21582 0.0299568 -0.0405506
v 0.225231 0.0286045 -0.0440232
v 0.217009 0.0286808 -0.0410244
v 0.225244 0.0299572 -0.0439856
v 0.234602 0.02845 -0.0475754
v 0.226549 0.0285461 -0.044522
v 0.234616 0.0299614 -0.0475333
v 0.243936 0.0282522 -0.0512421
v 0.236075 0.0283782 -0.0481536
v 0.243953 0.0299593 -0.051197
v 0.253219 0.0280201 -0.0550208
v 0.245597 0.0281666 -0.0519191
v 0.253238 0.0299608 -0.0549688
v 0.262457 0.0277496 -0.0589083
v 0.255103 0.0279151 -0.0558131
v 0.262479 0.0299612 -0.0588503
v 0.27165 0.0274473 -0.0629061
v 0.2646 0.0276239 -0.05984
v 0.271676 0.0299604 -0.0628415
v 0.280791 0.0271124 -0.0670063
v 0.274081 0.0272981 -0.063998
v 0.280826 0.0299636 -0.0669404
v 0.28989 0.0267388 -0.0712165
v 0.283546 0.0269317 -0.0682812
v 0.289923 0.0299659 -0.071136
v 0.29894 0.026315 -0.0755203
v 0.292997 0.0265235 -0.0726953
v 0.29898 0.0299626 -0.0754341
v 0.307939 0.02585 -0.0799283
v 0.302445 0.0260619 -0.0772412
v 0.307984 0.0299638 -0.079831
v 0.316891 0.0253342 -0.0844314
v 0.311891 0.0255411 -0.0819175
v 0.316944 0.0299648 -0.0843286
v 0.325793 0.024772 -0.089033
v 0.321326 0.0249757 -0.0867279
v 0.325854 0.0299659 -0.088918
v 0.334648 0.0241521 -0.0937256
v 0.330762 0.0243444 -0.0916685
v 0.334713 0.0299673 -0.0935994
v 0.343449 0.0234729 -0.098507
v 0.340199 0.0236453 -0.0967414
v 0.343525 0.0299695 -0.0983724
v 0.352203 0.0227282 -0.103381
v 0.349645 0.0228765 -0.101957
v 0.352288 0.0299679 -0.10323
v 0.360905 0.0219178 -0.108339
v 0.359106 0.0220269 -0.107313
v 0.361002 0.0299679 -0.108176
v 0.369561 0.0210224 -0.113383
v 0.368584 0.0210876 -0.112814
v 0.369664 0.0299697 -0.113204
v 0.378167 0.0200181 -0.118511
v 0.378109 0.0200214 -0.118475
v 0.378283 0.0299692 -0.118316
v 0.386848 0.0299715 -0.123507
v 0.395369 0.0299724 -0.128779
v 0.403843 0.0299725 -0.134125
v 0.412267 0.0299722 -0.139543
v 0.420646 0.0299722 -0.145036
v 0.428974 0.0299726 -0.150596
v 0.43726 0.0299741 -0.156231
v 0.445494 0.0299769 -0.161929
v 0.453686 0.0299765 -0.167695
v 0.461831 0.0299736 -0.173522
v 0.469927 0.0299735 -0.179412
v 0.477979 0.0299766 -0.185368
v 0.485987 0.0299782 -0.191384
v 0.493948 0.0299789 -0.197457
v 0.501867 0.0299791 -0.20359
v 0.509741 0.0299794 -0.209779
v 0.517568 0.0299805 -0.21602
v 0.525356 0.0299782 -0.222314
v 0.533102 0.0299776 -0.228664
v 0.5408 0.0299793 -0.235061
v 0.548462 0.0299785 -0.241512
v 0.556077 0.0299802 -0.24801
v 0.563652 0.029979 -0.25456
v 0.571181 0.0299795 -0.261159
v 0.578665 0.0299814 -0.267809
v 0.586105 0.02998 -0.274508
v 0.593502 0.0299802 -0.281258
v 0.600851 0.0299824 -0.288055
v 0.608161 0.0299821 -0.294901
v 0.615423 0.02998 -0.301789
v 0.622645 0.0299812 -0.308728
v 0.629822 0.0299812 -0.315708
v 0.636958 0.0299799 -0.322734
v 0.644042 0.0299817 -0.329801
v 0.65109 0.0299811 -0.33692
v 0.658085 0.0299772 -0.344077
v 0.665034 0.0299786 -0.35129
v 0.671931 0.0299796 -0.35855
v 0.678779 0.0299748 -0.365856
v 0.68557 0.0299785 -0.373217
v 0.692309 0.0299763 -0.38062
v 0.698991 0.029978 -0.388072
v 0.705627 0.0299747 -0.395572
v 0.712208 0.0299767 -0.403121
v 0.718737 0.0299754 -0.410708
v 0.725216 0.0299764 -0.418341
v 0.731649 0.0299757 -0.426016
v 0.738033 0.0299738 -0.433729
v 0.744365 0.0299759 -0.441483
v 0.750651 0.0299724 -0.449274
v 0.756888 0.0299734 -0.457107
v 0.763073 0.0299746 -0.464975
v 0.769215 0.0299721 -0.47288
v 0.775313 0.0299714 -0.480823
v 0.781362 0.0299733 -0.488799
v 0.787366 0.0299743 -0.496807
v 0.793331 0.029971 -0.504842
v 0.799258 0.0299715 -0.512906
v 0.805151 0.0299742 -0.520991
v 0.811019 0.0299759 -0.5291
v 2.29362e-06 0.0400006 -2.77148e-06
v 0.00413778 0.0358755 -3.38334e-05
v 0.00986568 0.0399885 -6.91999e-05
v 0.0100465 0.0399926 -7.44204e-05
v 0.0200862 0.0393074 -0.000314035
v 0.0159958 0.0340456 -0.000232297
v 0.0200854 0.039984 -0.000310804
v 0.0204011 0.0396667 -0.000325142
v 0.0206154 0.0399823 -0.000330874
v 0.0301073 0.0399771 -0.000742661
v 0.030107 0.038083 -0.000755278
v 0.026855 0.0332081 -0.00064393
v 0.0323417 0.0377324 -0.000901821
v 0.0381831 0.0399748 -0.0012535
v 0.0401243 0.039973 -0.0013765
v 0.0422184 0.0378657 -0.00157366
v 0.04083 0.0399753 -0.00143736
v 0.0501167 0.0399699 -0.00221022
v 0.0600976 0.0399693 -0.00323447
v 0.0612638 0.0387914 -0.00339358
v 0.0606578 0.0399718 -0.0033018
v 0.0700553 0.0399679 -0.00444169
v 0.0799929 0.0399706 -0.00582254
v 0.0792534 0.0399733 -0.00572133
v 0.0799901 0.0389761 -0.00583643
v 0.0898792 0.0311437 -0.00751378
v 0.0841415 0.0357612 -0.00653984
v 0.0899039 0.0399708 -0.00736561
v 0.0997927 0.0399711 -0.00906804
v 0.109649 0.0399757 -0.0109232
v 0.119479 0.0399756 -0.0129244
v 0.129283 0.0399754 -0.0150739
v 0.139048 0.0399755 -0.0173575
v 0.148785 0.0399756 -0.0197838
v 0.158485 0.0399755 -0.0223434
v 0.168146 0.0399751 -0.0250317
v 0.177771 0.0399793 -0.0278552
v 0.18736 0.0399777 -0.0308043
v 0.196907 0.0399804 -0.0338795
v 0.206413 0.0399771 -0.0370713
v 0.215878 0.0399778 -0.0403887
v 0.225302 0.0399773 -0.0438249
v 0.23468 0.0399807 -0.0473778
v 0.244013 0.0399779 -0.0510381
v 0.253301 0.0399788 -0.054815
v 0.262545 0.0399787 -0.0587014
v 0.27174 0.0399824 -0.0626955
v 0.28089 0.0399803 -0.0667923
v 0.28999 0.0399824 -0.0709923
v 0.299046 0.0399839 -0.0752973
v 0.308055 0.0399801 -0.079696
v 0.317013 0.0399812 -0.0841935
v 0.325919 0.0399824 -0.0887828
v 0.334779 0.0399841 -0.093468
v 0.343594 0.0399817 -0.0982425
v 0.352356 0.0399855 -0.103107
v 0.36107 0.039986 -0.108056
v 0.369735 0.0399837 -0.113085
v 0.378353 0.0399839 -0.118201
v 0.386918 0.0399871 -0.123396
v 0.395441 0.0399841 -0.128667
v 0.40391 0.0399853 -0.134013
v 0.412337 0.0399863 -0.139438
v 0.420711 0.0399876 -0.14493
v 0.429045 0.0399848 -0.150495
v 0.437326 0.039988 -0.156129
v 0.445565 0.0399877 -0.161831
v 0.453752 0.0399892 -0.167596
v 0.461895 0.0399884 -0.173426
v 0.469993 0.0399905 -0.179322
v 0.478049 0.0399862 -0.185276
v 0.486055 0.0399905 -0.191295
v 0.494017 0.039989 -0.197368
v 0.501936 0.039987 -0.203501
v 0.509809 0.0399901 -0.209693
v 0.517636 0.0399892 -0.215933
v 0.525421 0.0399897 -0.22223
v 0.533165 0.0399922 -0.228582
v 0.540868 0.0399922 -0.234983
v 0.548526 0.03999 -0.24143
v 0.556145 0.0399904 -0.247932
v 0.563718 0.0399929 -0.254484
v 0.571248 0.0399924 -0.261083
v 0.578733 0.0399886 -0.26773
v 0.586176 0.0399911 -0.274435
v 0.593573 0.0399905 -0.281185
v 0.600922 0.039992 -0.287982
v 0.608232 0.0399913 -0.294828
v 0.615492 0.0399937 -0.301718
v 0.622716 0.03999 -0.308654
v 0.629893 0.03999 -0.315634
v 0.637027 0.0399937 -0.322662
v 0.644118 0.039991 -0.32973
v 0.651162 0.0399908 -0.336845
v 0.658159 0.0399919 -0.344008
v 0.66511 0.0399887 -0.351219
v 0.672007 0.0399899 -0.35848
v 0.678852 0.0399902 -0.365789
v 0.685646 0.0399894 -0.373147
v 0.692384 0.0399874 -0.380552
v 0.69907 0.0399896 -0.388009
v 0.705702 0.0399867 -0.395506
v 0.712282 0.0399892 -0.403056
v 0.718811 0.0399883 -0.410644
v 0.725296 0.0399849 -0.41828
v 0.731724 0.0399846 -0.425953
v 0.738105 0.0399879 -0.433671
v 0.744439 0.0399856 -0.441426
v 0.750721 0.0399827 -0.449215
v 0.756957 0.0399844 -0.457051
v 0.763145 0.0399817 -0.464919
v 0.769284 0.0399847 -0.472829
v 0.77538 0.0399797 -0.480768
v 0.781428 0.0399818 -0.488749
v 0.787428 0.0399826 -0.496758
v 0.793391 0.0399793 -0.504797
v 0.799314 0.0399802 -0.512862
v 0.805209 0.0399789 -0.520948
v 0.811074 0.0399821 -0.529057
v 0.010046 0.0406168 -7.15722e-05
v 0.00970858 0.040327 -6.97184e-05
v 2.80095e-06 0.0499989 -1.59586e-06
v 0.0100501 0.0500006 -7.3318e-05
v 0.0107425 0.0493087 -8.9e-05
v 0.0109477 0.0499979 -9.1236e-05
v 0.020081 0.0500007 -0.000301309
v 0.0225131 0.0475687 -0.000407907
v 0.0230015 0.0499969 -0.000422064
v 0.0301158 0.0499974 -0.000724012
v 0.0401236 0.0415857 -0.00137314
v 0.0392913 0.0408089 -0.00132387
v 0.0401253 0.0499965 -0.00134682
v 0.0501245 0.0500011 -0.0021745
v 0.0601018 0.0499974 -0.00319017
v 0.0589301 0.0500002 -0.00307202
v 0.0600974 0.0432337 -0.00322123
v 0.0700608 0.050001 -0.0043933
v 0.0790149 0.0409572 -0.00568124
v 0.0767297 0.0499992 -0.00531626
v 0.0799976 0.0500005 -0.00576975
v 0.0899135 0.0499992 -0.0073114
v 0.0997979 0.0500016 -0.00901148
v 0.109664 0.0499992 -0.0108672
v 0.119493 0.0500017 -0.0128699
v 0.129294 0.0499995 -0.0150134
v 0.139065 0.0499974 -0.0172999
v 0.148799 0.0500006 -0.0197267
v 0.158499 0.0499987 -0.0222844
v 0.168161 0.0500016 -0.0249772
v 0.177792 0.0499991 -0.0278002
v 0.187377 0.0500012 -0.0307491
v 0.196925 0.0499975 -0.033819
v 0.206434 0.0499981 -0.0370189
v 0.215897 0.0499977 -0.0403332
v 0.22532 0.0500012 -0.0437728
v 0.234701 0.0499988 -0.0473241
v 0.244032 0.0500003 -0.0509875
v 0.25332 0.0500007 -0.0547647
v 0.262565 0.0500002 -0.0586515
v 0.271761 0.0499987 -0.0626433
v 0.280908 0.0500014 -0.0667425
v 0.290014 0.0499986 -0.0709442
v 0.299069 0.0500002 -0.0752489
v 0.308073 0.0500015 -0.0796497
v 0.317033 0.0500029 -0.0841508
v 0.325944 0.0499997 -0.0887413
v 0.334802 0.0500021 -0.0934258
v 0.343614 0.0500005 -0.0981994
v 0.352379 0.0500002 -0.103064
v 0.361091 0.0500017 -0.108012
v 0.369756 0.0500004 -0.113045
v 0.378375 0.0500018 -0.118164
v 0.386943 0.0500016 -0.123359
v 0.395462 0.0500001 -0.128629
v 0.403931 0.0500028 -0.133978
v 0.412361 0.0500006 -0.139403
v 0.420737 0.0499989 -0.144895
v 0.429064 0.0500028 -0.150461
v 0.437347 0.0500032 -0.156095
v 0.445587 0.0500001 -0.161798
v 0.453776 0.0499991 -0.167563
v 0.461918 0.0500006 -0.173395
v 0.470018 0.0500004 -0.179291
v 0.47807 0.0500036 -0.185249
v 0.486076 0.050001 -0.191262
v 0.49404 0.0500024 -0.197341
v 0.501954 0.0500035 -0.203472
v 0.50983 0.05 -0.209661
v 0.51766 0.0500023 -0.215908
v 0.525446 0.0500013 -0.222204
v 0.533191 0.0500023 -0.228556
v 0.54089 0.0500009 -0.234953
v 0.54855 0.0500023 -0.241405
v 0.556166 0.0500014 -0.247904
v 0.563739 0.050003 -0.254455
v 0.571273 0.0500016 -0.261058
v 0.578757 0.0500019 -0.267707
v 0.586196 0.0500037 -0.274407
v 0.593593 0.0500025 -0.281157
v 0.600947 0.0500035 -0.287958
v 0.608252 0.0500025 -0.2948
v 0.615517 0.0500046 -0.301693
v 0.622741 0.0500008 -0.308629
v 0.629918 0.0500008 -0.315608
v 0.637052 0.0500044 -0.322636
v 0.644144 0.0500018 -0.329704
v 0.651188 0.0500016 -0.33682
v 0.658184 0.0500029 -0.343983
v 0.665136 0.0499999 -0.351194
v 0.672032 0.0500015 -0.358455
v 0.678877 0.0500021 -0.365764
v 0.685671 0.0500017 -0.373123
v 0.692409 0.0500004 -0.380528
v 0.699098 0.0499984 -0.387984
v 0.705727 0.050001 -0.395484
v 0.71231 0.0499995 -0.403033
v 0.718838 0.0499994 -0.410623
v 0.725319 0.0499968 -0.418256
v 0.731752 0.0499973 -0.425935
v 0.73813 0.0499967 -0.433648
v 0.744464 0.0499953 -0.441404
v 0.750746 0.0499937 -0.449196
v 0.756985 0.0499921 -0.45703
v 0.763171 0.0499956 -0.464903
v 0.769311 0.0499904 -0.472806
v 0.775404 0.0499914 -0.480751
v 0.78145 0.0499895 -0.488729
v 0.78745 0.0499908 -0.496742
v 0.793409 0.0499882 -0.504781
v 0.799332 0.0499899 -0.51285
v 0.805229 0.0499852 -0.520938
v 0.811093 0.0499852 -0.529043
v 0.0100457 0.0600053 -7.02442e-05
v 0.00988713 0.0600077 -7.39458e-05
v 0.0100471 0.0594476 -7.41868e-05
v 3.79735e-06 0.0599971 -7.35964e-07
v 0.0200853 0.0600128 -0.000308523
v 0.0207586 0.0593417 -0.000337544
v 0.020618 0.0600161 -0.000333461
v 0.0301066 0.0600221 -0.000741742
v 0.0401235 0.0600219 -0.00137299
v 0.0381948 0.0600246 -0.00125554
v 0.040122 0.0584197 -0.00136949
v 0.0406678 0.0594773 -0.00141751
v 0.0408275 0.0600223 -0.00143231
v 0.0501165 0.0600281 -0.00221052
v 0.0600984 0.0567499 -0.00321973
v 0.0591203 0.0509852 -0.00309589
v 0.0600993 0.0600249 -0.00323435
v 0.0605685 0.0595505 -0.00328699
v 0.0606646 0.0600275 -0.00330351
v 0.0700555 0.0600267 -0.0044429
v 0.0773596 0.0526617 -0.00541857
v 0.0792581 0.0600271 -0.00572006
v 0.0799923 0.0600271 -0.00582247
v 0.0899017 0.0600255 -0.00736355
v 0.0997923 0.0600242 -0.00906789
v 0.109652 0.0600227 -0.0109218
v 0.119482 0.0600219 -0.0129238
v 0.129281 0.0600214 -0.015069
v 0.139049 0.0600216 -0.0173566
v 0.148784 0.0600221 -0.0197819
v 0.158486 0.0600228 -0.0223444
v 0.168147 0.0600235 -0.0250352
v 0.177774 0.0600242 -0.0278581
v 0.187361 0.0600194 -0.030802
v 0.196909 0.0600192 -0.0338758
v 0.206414 0.0600233 -0.037075
v 0.215878 0.0600218 -0.0403903
v 0.225301 0.0600194 -0.0438238
v 0.234677 0.0600211 -0.0473738
v 0.244013 0.060022 -0.0510419
v 0.253298 0.0600219 -0.054815
v 0.262543 0.0600211 -0.0587017
v 0.271739 0.0600195 -0.0626934
v 0.280889 0.0600173 -0.0667898
v 0.289992 0.0600196 -0.0709935
v 0.299049 0.0600166 -0.075295
v 0.308052 0.0600185 -0.0796951
v 0.317011 0.0600206 -0.0841953
v 0.32592 0.0600182 -0.0887848
v 0.334779 0.0600166 -0.0934657
v 0.343594 0.0600161 -0.0982423
v 0.352357 0.0600171 -0.103106
v 0.361072 0.060015 -0.108054
v 0.369735 0.0600154 -0.113085
v 0.378352 0.0600184 -0.118202
v 0.38692 0.060015 -0.123393
v 0.39544 0.0600154 -0.128666
v 0.403912 0.0600152 -0.134014
v 0.412338 0.0600152 -0.139438
v 0.420714 0.0600156 -0.144932
v 0.429044 0.060017 -0.150498
v 0.437325 0.0600149 -0.156127
v 0.445561 0.0600143 -0.161828
v 0.453754 0.0600158 -0.167599
v 0.461898 0.0600151 -0.173431
v 0.469995 0.0600128 -0.179323
v 0.478045 0.0600141 -0.185277
v 0.486054 0.0600145 -0.191295
v 0.494016 0.0600143 -0.197369
v 0.501936 0.0600139 -0.203504
v 0.509807 0.0600139 -0.20969
v 0.517638 0.0600148 -0.215937
v 0.525425 0.0600126 -0.222232
v 0.533167 0.0600124 -0.228579
v 0.540869 0.0600147 -0.234982
v 0.548525 0.0600149 -0.24143
v 0.556146 0.0600131 -0.247932
v 0.563716 0.0600137 -0.254479
v 0.571251 0.0600117 -0.261081
v 0.578735 0.0600113 -0.26773
v 0.586175 0.0600127 -0.27443
v 0.593572 0.0600111 -0.281179
v 0.600927 0.0600118 -0.28798
v 0.60823 0.0600153 -0.294823
v 0.615498 0.0600125 -0.301714
v 0.62272 0.0600133 -0.308652
v 0.629897 0.0600132 -0.315631
v 0.637034 0.0600119 -0.322657
v 0.644123 0.0600138 -0.329728
v 0.651167 0.0600134 -0.336843
v 0.658163 0.0600148 -0.344007
v 0.665111 0.0600121 -0.351214
v 0.672007 0.060014 -0.358476
v 0.678855 0.0600104 -0.365783
v 0.685648 0.0600106 -0.373143
v 0.692387 0.06001 -0.380548
v 0.699076 0.060009 -0.388005
v 0.705705 0.0600126 -0.395505
v 0.712291 0.0600074 -0.403052
v 0.718819 0.0600085 -0.410643
v 0.7253 0.0600071 -0.418278
v 0.731729 0.0600088 -0.425954
v 0.73811 0.0600047 -0.433666
v 0.744445 0.060005 -0.441423
v 0.750727 0.0600052 -0.449216
v 0.756963 0.0600057 -0.457048
v 0.763154 0.0600019 -0.464917
v 0.769292 0.0600034 -0.472824
v 0.775388 0.0600013 -0.480769
v 0.781431 0.0600009 -0.488746
v 0.787432 0.0599987 -0.496759
v 0.793392 0.0599974 -0.504802
v 0.799313 0.0599958 -0.512868
v 0.805207 0.0599927 -0.520955
v 0.811074 0.0599901 -0.529061
v 2.82424e-06 0.07 -2.70358e-06
v 0.00988459 0.0601663 -6.9865e-05
v 0.00413345 0.0700057 -3.13889e-05
v 0.0100479 0.0700142 -7.90871e-05
v 0.0200789 0.0700307 -0.000339734
v 0.0148799 0.070022 -0.000204983
v 0.020086 0.060694 -0.000313661
v 0.0301026 0.0700439 -0.000801224
v 0.0239522 0.0700386 -0.00051664
v 0.0301037 0.0619204 -0.000750547
v 0.0401047 0.0700529 -0.00146524
v 0.045348 0.0648016 -0.00185436
v 0.0480371 0.0700555 -0.00214943
v 0.0501034 0.0700525 -0.00232545
v 0.0600739 0.0700575 -0.00337107
v 0.0636208 0.066492 -0.00375115
v 0.0655643 0.0700573 -0.00404467
v 0.0700298 0.0700558 -0.00459052
v 0.0799873 0.0610157 -0.00583767
v 0.0795378 0.0604845 -0.00576634
v 0.0799654 0.0700525 -0.00598091
v 0.089878 0.0688523 -0.00751254
v 0.0846579 0.06532 -0.00663672
v 0.0898761 0.0700495 -0.00753076
v 0.0906987 0.0692197 -0.00766012
v 0.0931268 0.070051 -0.00809458
v 0.0997603 0.0700519 -0.00924185
v 0.109617 0.0700504 -0.0110987
v 0.119445 0.0700498 -0.0131033
v 0.129244 0.0700453 -0.0152479
v 0.139009 0.0700467 -0.0175371
v 0.148743 0.070044 -0.0199609
v 0.158438 0.0700468 -0.0225198
v 0.168099 0.0700449 -0.0252084
v 0.177725 0.0700432 -0.028029
v 0.187308 0.0700415 -0.0309726
v 0.196852 0.0700445 -0.0340458
v 0.206358 0.0700421 -0.0372393
v 0.215821 0.0700393 -0.0405511
v 0.22524 0.0700409 -0.0439834
v 0.234617 0.0700418 -0.0475337
v 0.243953 0.0700372 -0.051195
v 0.25324 0.0700368 -0.0549681
v 0.262479 0.0700407 -0.0588527
v 0.271676 0.0700391 -0.0628438
v 0.280823 0.0700372 -0.0669354
v 0.289928 0.070035 -0.0711357
v 0.298978 0.0700375 -0.0754344
v 0.307984 0.0700353 -0.0798309
v 0.316945 0.0700334 -0.0843274
v 0.325851 0.0700371 -0.0889177
v 0.334712 0.0700319 -0.0935947
v 0.343525 0.0700329 -0.0983695
v 0.35229 0.0700307 -0.103229
v 0.361004 0.0700305 -0.108175
v 0.369665 0.0700328 -0.113204
v 0.378282 0.0700331 -0.118317
v 0.386852 0.0700319 -0.123509
v 0.395372 0.0700298 -0.128778
v 0.403842 0.070032 -0.134124
v 0.412267 0.0700296 -0.139542
v 0.420647 0.0700278 -0.145036
v 0.428976 0.0700271 -0.150597
v 0.437258 0.0700277 -0.156228
v 0.445495 0.0700299 -0.16193
v 0.453686 0.0700294 -0.167697
v 0.461828 0.0700268 -0.173524
v 0.469926 0.0700275 -0.179417
v 0.477978 0.0700272 -0.185371
v 0.485985 0.0700261 -0.191384
v 0.493949 0.0700245 -0.197457
v 0.501864 0.0700277 -0.203589
v 0.509741 0.0700266 -0.209779
v 0.51757 0.0700266 -0.21602
v 0.525359 0.0700234 -0.222315
v 0.533102 0.0700223 -0.228661
v 0.540801 0.0700238 -0.235059
v 0.548463 0.0700231 -0.241511
v 0.556078 0.0700252 -0.248011
v 0.563649 0.0700251 -0.254557
v 0.571181 0.0700224 -0.261155
v 0.578668 0.0700263 -0.267809
v 0.586111 0.0700226 -0.274506
v 0.593507 0.0700256 -0.281257
v 0.600858 0.0700261 -0.288053
v 0.608164 0.0700247 -0.294894
v 0.615432 0.0700218 -0.301784
v 0.622651 0.0700225 -0.308717
v 0.629833 0.0700222 -0.315701
v 0.636963 0.0700255 -0.322725
v 0.644054 0.0700223 -0.329794
v 0.651098 0.0700216 -0.33691
v 0.658094 0.0700228 -0.344075
v 0.665039 0.0700249 -0.351285
v 0.671938 0.0700224 -0.358544
v 0.678784 0.0700241 -0.365855
v 0.685573 0.0700252 -0.37321
v 0.692315 0.0700209 -0.380614
v 0.699004 0.070021 -0.388071
v 0.705636 0.0700212 -0.39557
v 0.712216 0.0700221 -0.403115
v 0.718747 0.0700199 -0.410705
v 0.725229 0.07002 -0.41834
v 0.731656 0.0700186 -0.42601
v 0.738042 0.0700165 -0.433727
v 0.744376 0.0700142 -0.441479
v 0.75066 0.070017 -0.449272
v 0.756899 0.0700154 -0.457102
v 0.763087 0.0700144 -0.464967
v 0.769229 0.070014 -0.472873
v 0.775324 0.0700095 -0.480813
v 0.781371 0.0700113 -0.488796
v 0.787372 0.0700062 -0.496806
v 0.79333 0.070002 -0.504845
v 0.799252 0.0700025 -0.512914
v 0.805149 0.069997 -0.521001
v 0.811016 0.069992 -0.529103
v 0.0100432 0.073686 -8.42509e-05
v 0.00172908 0.0782822 -1.41754e-05
v 5.30972e-06 0.0799969 -2.16274e-06
v 0.00904651 0.0800262 -8.72872e-05
v 0.0100409 0.0794724 -9.2503e-05
v 0.0100397 0.0800281 -9.66244e-05
v 1.55096e-06 0.0790499 3.26667e-07
v 4.26192e-06 0.0718425 -2.45037e-06
v 0.0200754 0.0718397 -0.000347364
v 0.012353 0.0777211 -0.000149279
v 0.0167858 0.0800436 -0.000302348
v 0.0200743 0.0775368 -0.000384171
v 0.0200742 0.0800494 -0.000400591
v 0.0300912 0.0747884 -0.000856603
v 0.0247926 0.0753439 -0.000591274
v 0.0300783 0.0800724 -0.000921365
v 0.0349193 0.0752354 -0.00118465
v 0.0396661 0.0800792 -0.00160961
v 0.0400871 0.0800762 -0.00163828
v 0.0500948 0.0723896 -0.00237558
v 0.0491195 0.0710372 -0.00225809
v 0.0500708 0.0800819 -0.00253748
v 0.0534159 0.0767322 -0.00281862
v 0.0557753 0.0800818 -0.00315398
v 0.0600442 0.0800823 -0.00361471
v 0.0700118 0.0750622 -0.0047222
v 0.0675294 0.0725682 -0.00434784
v 0.069993 0.0800825 -0.00485808
v 0.0726804 0.077379 -0.00515982
v 0.0772785 0.0800784 -0.00588784
v 0.0799233 0.0800791 -0.00626262
v 0.0898249 0.080077 -0.00782137
v 0.0997529 0.0715213 -0.00928416
v 0.0984963 0.0713229 -0.00905688
v 0.0997072 0.080072 -0.00953455
v 0.109602 0.0723371 -0.011164
v 0.107503 0.0721847 -0.0107615
v 0.10956 0.0800687 -0.0113954
v 0.119429 0.0724704 -0.0131747
v 0.117116 0.072411 -0.0127012
v 0.119384 0.0800676 -0.0134029
v 0.129226 0.0722948 -0.0153153
v 0.127044 0.0722805 -0.014836
v 0.129177 0.0800681 -0.0155525
v 0.138992 0.0720198 -0.0175933
v 0.137077 0.0720154 -0.0171458
v 0.138938 0.0800653 -0.0178364
v 0.14873 0.0717402 -0.020012
v 0.147089 0.0717332 -0.0196016
v 0.148665 0.0800636 -0.0202572
v 0.158426 0.0715049 -0.0225592
v 0.157023 0.0714929 -0.0221881
v 0.158359 0.0800631 -0.0228143
v 0.168089 0.0713285 -0.0252439
v 0.166865 0.0713113 -0.0249018
v 0.168017 0.0800633 -0.0255033
v 0.177714 0.0712156 -0.0280636
v 0.176607 0.0711938 -0.0277357
v 0.177636 0.0800641 -0.0283194
v 0.187298 0.0711557 -0.0310045
v 0.186256 0.0711308 -0.0306836
v 0.187219 0.0800601 -0.0312602
v 0.196842 0.0711518 -0.0340742
v 0.195815 0.0711222 -0.0337452
v 0.196762 0.0800612 -0.0343302
v 0.206348 0.0711913 -0.0372695
v 0.20529 0.0711576 -0.0369153
v 0.206264 0.0800623 -0.0375227
v 0.215811 0.0712723 -0.040587
v 0.214684 0.0712318 -0.0401912
v 0.215726 0.0800583 -0.0408307
v 0.225228 0.0713947 -0.0440221
v 0.224004 0.0713451 -0.0435766
v 0.225143 0.0800589 -0.044259
v 0.234602 0.0715525 -0.0475727
v 0.233245 0.0714926 -0.04706
v 0.234514 0.0800591 -0.0478007
v 0.243932 0.0717449 -0.0512391
v 0.242416 0.0716694 -0.0506431
v 0.243846 0.0800589 -0.0514601
v 0.253221 0.0719725 -0.0550203
v 0.25151 0.0718859 -0.0543256
v 0.253131 0.0800583 -0.0552284
v 0.262458 0.0722403 -0.05891
v 0.260529 0.0721327 -0.0580979
v 0.262374 0.0800573 -0.0591099
v 0.271648 0.0725427 -0.0629059
v 0.269475 0.0724102 -0.0619595
v 0.271565 0.080056 -0.0630917
v 0.280792 0.0728813 -0.0670065
v 0.278343 0.0727241 -0.0659077
v 0.280713 0.0800545 -0.0671821
v 0.28989 0.073261 -0.0712137
v 0.287132 0.073075 -0.0699377
v 0.289815 0.080053 -0.0713769
v 0.298939 0.0736822 -0.0755228
v 0.295847 0.0734588 -0.0740462
v 0.298869 0.0800516 -0.0756718
v 0.307939 0.074148 -0.0799266
v 0.30448 0.0738866 -0.0782325
v 0.307871 0.0800505 -0.0800624
v 0.316893 0.0746693 -0.0844328
v 0.313026 0.0743595 -0.0824873
v 0.316828 0.08005 -0.0845529
v 0.325794 0.0752404 -0.089031
v 0.321495 0.0748738 -0.0868112
v 0.325738 0.0800503 -0.0891389
v 0.334648 0.0758615 -0.0937251
v 0.329873 0.0754351 -0.0911932
v 0.334598 0.0800469 -0.0938137
v 0.343448 0.0765401 -0.0985063
v 0.338167 0.0760445 -0.0956365
v 0.343407 0.0800498 -0.0985821
v 0.352206 0.077286 -0.103381
v 0.346375 0.0767039 -0.100135
v 0.352171 0.0800497 -0.103439
v 0.360908 0.0781177 -0.108339
v 0.354481 0.0774257 -0.104675
v 0.360887 0.0800469 -0.10838
v 0.369562 0.0790156 -0.113382
v 0.362484 0.0782225 -0.109258
v 0.36955 0.0800468 -0.113404
v 0.378167 0.0799593 -0.118509
v 0.370401 0.0790731 -0.113884
v 0.378169 0.0800449 -0.118512
v 0.378239 0.0799652 -0.118555
v 0.378915 0.080045 -0.118964
v 0.386733 0.0800464 -0.123698
v 0.395258 0.0800422 -0.128965
v 0.403729 0.0800425 -0.134306
v 0.412152 0.080043 -0.139722
v 0.420533 0.0800394 -0.14521
v 0.428859 0.0800418 -0.150768
v 0.437145 0.0800408 -0.156398
v 0.445381 0.0800414 -0.162095
v 0.453571 0.0800395 -0.167856
v 0.461715 0.0800403 -0.173685
v 0.469811 0.0800396 -0.179573
v 0.477866 0.0800379 -0.185525
v 0.485876 0.0800356 -0.191537
v 0.493836 0.0800379 -0.197608
v 0.501756 0.0800354 -0.203736
v 0.509627 0.0800336 -0.209916
v 0.517458 0.0800329 -0.216156
v 0.525247 0.0800338 -0.222452
v 0.532992 0.0800321 -0.228798
v 0.540693 0.0800329 -0.235195
v 0.54835 0.0800364 -0.241643
v 0.555969 0.0800331 -0.24814
v 0.563541 0.0800323 -0.254686
v 0.571071 0.0800337 -0.261285
v 0.578558 0.0800325 -0.267933
v 0.585999 0.0800332 -0.274631
v 0.593392 0.0800362 -0.281377
v 0.600747 0.080032 -0.28817
v 0.608052 0.0800353 -0.295013
v 0.61532 0.0800322 -0.301903
v 0.62254 0.0800327 -0.308836
v 0.629717 0.0800322 -0.315816
v 0.636847 0.0800352 -0.32284
v 0.643939 0.0800316 -0.32991
v 0.65098 0.0800352 -0.33703
v 0.657972 0.080036 -0.344191
v 0.664919 0.0800332 -0.3514
v 0.671816 0.0800356 -0.358662
v 0.67866 0.0800333 -0.365966
v 0.68545 0.0800354 -0.373322
v 0.692192 0.0800323 -0.380726
v 0.698878 0.0800338 -0.388179
v 0.705513 0.0800309 -0.395676
v 0.712096 0.0800288 -0.403219
v 0.718628 0.0800284 -0.410809
v 0.725107 0.0800305 -0.418441
v 0.731542 0.0800266 -0.426113
v 0.737921 0.0800268 -0.433822
v 0.744256 0.0800273 -0.441574
v 0.750546 0.0800236 -0.449363
v 0.756786 0.0800253 -0.457192
v 0.762979 0.0800231 -0.465055
v 0.769125 0.0800215 -0.472959
v 0.775222 0.0800203 -0.480899
v 0.781271 0.0800155 -0.488875
v 0.787273 0.0800133 -0.496886
v 0.793232 0.080012 -0.504927
v 0.799156 0.080006 -0.512989
v 0.805051 0.0800034 -0.521074
v 0.810925 0.0799965 -0.52918
v 1.83306e-06 0.089998 3.00887e-07
v 0.00152849 0.0884837 -1.64462e-05
v 0.00861013 0.0900334 -0.000115085
v 0.0100379 0.0900422 -0.000133079
v 0.0100397 0.0877011 -0.000121186
v 0.00370548 0.0863181 -3.41365e-05
v 0.0100383 0.0850585 -0.000110283
v 0.00588695 0.0841526 -5.62899e-05
v 0.0100404 0.0824185 -0.000105431
v 0.00806391 0.081987 -7.40073e-05
v 4.92693e-06 0.0887448 -3.81506e-06
v 2.41609e-06 0.086949 -2.00816e-06
v 6.9942e-07 0.0851521 2.60769e-07
v 4.20226e-06 0.0833539 -1.50578e-06
v 1.39793e-06 0.0815597 -9.54988e-07
v 0.0136736 0.0864228 -0.000230396
v 0.0177018 0.0900726 -0.000440161
v 0.020039 0.0900818 -0.000530161
v 0.0200565 0.0844019 -0.000456518
v 0.017777 0.0823364 -0.000339052
v 0.0262645 0.0838749 -0.000772727
v 0.0286364 0.0900916 -0.00104975
v 0.0300554 0.0900944 -0.00113715
v 0.0400771 0.0821189 -0.00169604
v 0.0398178 0.0803467 -0.00162642
v 0.040046 0.090106 -0.00191848
v 0.0413201 0.0888349 -0.00199991
v 0.0416998 0.0901044 -0.00207482
v 0.0500339 0.0901049 -0.00287104
v 0.0600043 0.0881145 -0.00391017
v 0.0567055 0.0834237 -0.0033653
v 0.0599949 0.0901066 -0.00398371
v 0.0607883 0.0893064 -0.00404843
v 0.0623527 0.0901047 -0.00428161
v 0.0699374 0.090102 -0.00524931
v 0.0799138 0.0813338 -0.00631279
v 0.0789066 0.081097 -0.00615669
v 0.0798565 0.0901008 -0.00667252
v 0.0898023 0.083615 -0.0079736
v 0.0866111 0.0833069 -0.00744901
v 0.0897596 0.0900935 -0.00824678
v 0.0996724 0.0845354 -0.00972616
v 0.0954668 0.0843452 -0.00898691
v 0.0996286 0.0900894 -0.00996382
v 0.109518 0.0849316 -0.0116069
v 0.104852 0.0848208 -0.0107189
v 0.109474 0.0900889 -0.0118313
v 0.119339 0.0851159 -0.0136236
v 0.114484 0.0850211 -0.0126244
v 0.11929 0.0900861 -0.013838
v 0.129126 0.085245 -0.0157757
v 0.124174 0.0851396 -0.0146861
v 0.12908 0.0900861 -0.0159899
v 0.138883 0.0853835 -0.0180685
v 0.133835 0.0852508 -0.0168789
v 0.138833 0.0900833 -0.0182714
v 0.148605 0.0855593 -0.0204961
v 0.143434 0.0853966 -0.0192031
v 0.148557 0.0900826 -0.0206933
v 0.158292 0.0857797 -0.0230579
v 0.15296 0.0855832 -0.0216466
v 0.158247 0.0900784 -0.0232443
v 0.167943 0.0860498 -0.0257557
v 0.1624 0.0858208 -0.024205
v 0.167898 0.0900804 -0.025929
v 0.177559 0.0863582 -0.0285806
v 0.171766 0.0860996 -0.0268767
v 0.177513 0.0900785 -0.0287382
v 0.187134 0.0867195 -0.0315394
v 0.18106 0.0864194 -0.0296613
v 0.187089 0.0900773 -0.031674
v 0.196666 0.0871181 -0.0346162
v 0.190274 0.0867806 -0.0325495
v 0.196627 0.0900766 -0.0347363
v 0.206163 0.0875529 -0.0378198
v 0.199417 0.0871782 -0.0355425
v 0.206125 0.0900762 -0.0379207
v 0.215615 0.088034 -0.0411459
v 0.208484 0.0876173 -0.038638
v 0.215584 0.0900759 -0.0412271
v 0.225019 0.0885562 -0.0445873
v 0.217478 0.0880885 -0.041826
v 0.224996 0.0900756 -0.0446467
v 0.234383 0.0891195 -0.0481478
v 0.226403 0.0885971 -0.0451126
v 0.234374 0.0900704 -0.0481856
v 0.243702 0.0897244 -0.0518223
v 0.235244 0.0891484 -0.0484868
v 0.2437 0.0900699 -0.0518359
v 0.244018 0.0897333 -0.0519513
v 0.248739 0.090069 -0.0538763
v 0.252984 0.0900693 -0.0555991
v 0.262221 0.0900687 -0.0594709
v 0.27141 0.090068 -0.0634472
v 0.280556 0.0900673 -0.0675319
v 0.289657 0.0900669 -0.0717207
v 0.298708 0.0900668 -0.0760094
v 0.307712 0.0900672 -0.0803979
v 0.316669 0.0900636 -0.0848794
v 0.325578 0.090061 -0.0894563
v 0.334436 0.0900598 -0.0941243
v 0.343244 0.0900603 -0.0988833
v 0.352007 0.090058 -0.103731
v 0.360723 0.090058 -0.108669
v 0.369389 0.090056 -0.113687
v 0.378003 0.0900572 -0.118787
v 0.386724 0.0807204 -0.123716
v 0.386205 0.080651 -0.123398
v 0.386574 0.0900572 -0.123972
v 0.395231 0.0815766 -0.129005
v 0.394072 0.0814066 -0.128282
v 0.395095 0.0900563 -0.129231
v 0.403688 0.0825088 -0.134369
v 0.401844 0.0822292 -0.133199
v 0.403567 0.0900551 -0.134566
v 0.412098 0.0834329 -0.139809
v 0.409565 0.0830602 -0.138169
v 0.411991 0.0900543 -0.139976
v 0.420461 0.0843436 -0.145318
v 0.417258 0.0838813 -0.143205
v 0.420367 0.0900544 -0.145457
v 0.428779 0.0852773 -0.150897
v 0.424896 0.0847172 -0.14829
v 0.4287 0.0900508 -0.151011
v 0.437046 0.0863166 -0.156546
v 0.432437 0.0856233 -0.153397
v 0.436984 0.0900534 -0.156638
v 0.445263 0.0875448 -0.162269
v 0.439846 0.0866401 -0.158496
v 0.445223 0.0900483 -0.162326
v 0.453432 0.0888598 -0.168056
v 0.447118 0.0877739 -0.163584
v 0.453411 0.0900502 -0.168084
v 0.454308 0.0889656 -0.168688
v 0.460587 0.0900499 -0.173215
v 0.461555 0.0900502 -0.173907
v 0.469655 0.0900488 -0.179793
v 0.477709 0.0900464 -0.18574
v 0.485716 0.0900482 -0.191749
v 0.493678 0.090045 -0.197811
v 0.501595 0.0900469 -0.203936
v 0.509473 0.0900448 -0.210119
v 0.517303 0.0900438 -0.216353
v 0.52509 0.0900443 -0.222643
v 0.532834 0.0900422 -0.228983
v 0.540536 0.0900426 -0.235379
v 0.548198 0.0900409 -0.241824
v 0.555812 0.0900417 -0.248318
v 0.563383 0.0900451 -0.254866
v 0.570916 0.0900412 -0.261462
v 0.578398 0.0900442 -0.268107
v 0.585841 0.0900448 -0.274805
v 0.593237 0.090043 -0.281548
v 0.60059 0.0900437 -0.288342
v 0.607899 0.0900422 -0.295182
v 0.615162 0.0900438 -0.30207
v 0.622377 0.0900439 -0.309
v 0.629555 0.090043 -0.31598
v 0.636688 0.0900408 -0.323003
v 0.643773 0.0900414 -0.330072
v 0.650814 0.0900443 -0.337193
v 0.657805 0.0900444 -0.344356
v 0.664746 0.0900461 -0.351564
v 0.671641 0.0900439 -0.358821
v 0.678489 0.0900422 -0.36613
v 0.685276 0.0900453 -0.373482
v 0.692019 0.0900436 -0.380886
v 0.698708 0.090042 -0.388336
v 0.70534 0.0900409 -0.395829
v 0.711924 0.0900411 -0.403372
v 0.718456 0.0900384 -0.410956
v 0.724938 0.0900383 -0.418585
v 0.73137 0.0900369 -0.426253
v 0.737757 0.0900354 -0.433964
v 0.744093 0.0900343 -0.441709
v 0.750385 0.0900341 -0.449497
v 0.756626 0.0900349 -0.45732
v 0.762823 0.0900319 -0.46518
v 0.768974 0.0900298 -0.47308
v 0.775075 0.0900282 -0.481018
v 0.781122 0.0900275 -0.488989
v 0.787131 0.0900199 -0.496995
v 0.793095 0.0900182 -0.505034
v 0.799024 0.0900118 -0.513093
v 0.804922 0.0900084 -0.521177
v 0.810796 0.0900001 -0.529278
v 3.96607e-06 0.0999977 -1.62847e-06
v 0.00196271 0.098053 -2.61238e-05
v 0.003608 0.100025 -9.2356e-05
v 0.00720995 0.10006 -0.000188227
v 0.00392858 0.0961033 -5.24415e-05
v 0.00998662 0.100082 -0.000260667
v 0.00999092 0.0990958 -0.000246458
v 0.00588734 0.0941586 -7.69372e-05
v 0.0100147 0.0948165 -0.000193536
v 0.00785057 0.0922139 -0.000105884
v 0.0100357 0.0905356 -0.000136192
v 0.00981198 0.090264 -0.000127778
v 3.96019e-06 0.0907012 -3.44354e-06
v 2.21957e-06 0.0930258 -1.69186e-06
v 1.74285e-06 0.0953484 7.86647e-07
v 4.45163e-06 0.0976741 -3.01288e-06
v 0.0106483 0.0994249 -0.000279996
v 0.0106488 0.100082 -0.000292134
v 0.0135382 0.10009 -0.000445965
v 0.0135196 0.0965658 -0.000353965
v 0.0164276 0.100094 -0.000595956
v 0.0163927 0.0937116 -0.000434972
v 0.019319 0.100099 -0.000749079
v 0.0192641 0.0908523 -0.000508973
v 0.0200153 0.1001 -0.00078449
v 0.0286781 0.0914654 -0.00108747
v 0.0264785 0.100113 -0.00123718
v 0.030013 0.100121 -0.00148655
v 0.0400084 0.100123 -0.00234317
v 0.0379585 0.100125 -0.00216586
v 0.040031 0.0939717 -0.00208293
v 0.0499774 0.100122 -0.0033434
v 0.059932 0.100119 -0.00449372
v 0.0698709 0.0990151 -0.00573309
v 0.0636846 0.0963631 -0.00477815
v 0.0698645 0.100117 -0.00579266
v 0.0797781 0.100071 -0.00723104
v 0.0705141 0.0994668 -0.00585042
v 0.079779 0.100113 -0.00723639
v 0.0896639 0.0999313 -0.00880884
v 0.0798101 0.100081 -0.0072396
v 0.0896635 0.100109 -0.00881915
v 0.0995295 0.0998159 -0.01053
v 0.0898246 0.0999464 -0.00883766
v 0.0995282 0.100105 -0.0105486
v 0.109364 0.0998823 -0.0124018
v 0.0998018 0.0998272 -0.0105817
v 0.109364 0.100101 -0.0124165
v 0.109572 0.0998906 -0.0124461
v 0.116618 0.100098 -0.0138994
v 0.119172 0.100096 -0.014422
v 0.128949 0.100095 -0.0165677
v 0.138696 0.100093 -0.0188465
v 0.148414 0.100092 -0.0212651
v 0.158093 0.100089 -0.0238079
v 0.16774 0.100088 -0.0264858
v 0.177349 0.100089 -0.02929
v 0.186921 0.100085 -0.0322181
v 0.196453 0.100088 -0.0352748
v 0.205948 0.100086 -0.0384508
v 0.215403 0.100085 -0.0417484
v 0.224811 0.100084 -0.045159
v 0.234177 0.100083 -0.0486868
v 0.243504 0.100083 -0.0523317
v 0.252972 0.0905993 -0.0556226
v 0.252546 0.0905314 -0.0554477
v 0.252783 0.100083 -0.0560851
v 0.262185 0.0918299 -0.0595539
v 0.260784 0.0915949 -0.0589558
v 0.262019 0.100078 -0.0599444
v 0.271348 0.0931553 -0.0635928
v 0.268914 0.0927295 -0.0625174
v 0.271207 0.100078 -0.0639146
v 0.280466 0.0945761 -0.0677422
v 0.27695 0.0939315 -0.0661372
v 0.280352 0.100079 -0.067993
v 0.289533 0.0961069 -0.0719931
v 0.284871 0.0952175 -0.0698036
v 0.28945 0.100075 -0.0721687
v 0.298548 0.0977523 -0.0763471
v 0.292679 0.0965843 -0.073508
v 0.298496 0.100076 -0.0764465
v 0.307513 0.0995006 -0.0808002
v 0.300374 0.0980384 -0.0772512
v 0.307501 0.100074 -0.0808256
v 0.307957 0.0995751 -0.0810259
v 0.310273 0.100074 -0.0822108
v 0.316457 0.100073 -0.0853
v 0.325364 0.100073 -0.0898697
v 0.33422 0.100074 -0.0945303
v 0.343028 0.100073 -0.0992792
v 0.351795 0.100069 -0.104121
v 0.360507 0.100067 -0.109044
v 0.36917 0.100069 -0.114055
v 0.377788 0.100069 -0.119149
v 0.386358 0.100068 -0.124322
v 0.394882 0.100066 -0.129576
v 0.403352 0.100064 -0.1349
v 0.41178 0.100063 -0.140303
v 0.420157 0.100062 -0.145778
v 0.42849 0.100063 -0.151327
v 0.436774 0.10006 -0.156941
v 0.445012 0.10006 -0.162626
v 0.453204 0.100057 -0.168375
v 0.461551 0.0903416 -0.173916
v 0.461365 0.0902756 -0.173778
v 0.461353 0.100057 -0.174195
v 0.469596 0.0928597 -0.17987
v 0.46784 0.092234 -0.178569
v 0.46945 0.100055 -0.180071
v 0.477598 0.0954141 -0.185887
v 0.47426 0.0942269 -0.183373
v 0.477502 0.100057 -0.186013
v 0.485555 0.0980697 -0.191961
v 0.480595 0.0962908 -0.188174
v 0.485516 0.100054 -0.192017
v 0.486816 0.0984604 -0.192942
v 0.491163 0.100055 -0.196315
v 0.493475 0.100056 -0.198076
v 0.501398 0.100053 -0.204196
v 0.509272 0.100051 -0.210368
v 0.517105 0.10005 -0.216601
v 0.524891 0.100051 -0.222885
v 0.532638 0.100049 -0.229223
v 0.540339 0.100049 -0.235613
v 0.547996 0.100051 -0.242056
v 0.555611 0.100052 -0.248549
v 0.563186 0.10005 -0.255094
v 0.570715 0.10005 -0.261688
v 0.578198 0.100053 -0.268332
v 0.58564 0.100048 -0.275023
v 0.593036 0.100051 -0.281768
v 0.600386 0.100052 -0.288557
v 0.607696 0.10005 -0.295397
v 0.614955 0.100052 -0.30228
v 0.622178 0.100047 -0.309212
v 0.62935 0.10005 -0.316191
v 0.636476 0.100052 -0.323213
v 0.64356 0.100052 -0.330284
v 0.650599 0.100049 -0.3374
v 0.657588 0.100053 -0.344567
v 0.664527 0.100054 -0.351777
v 0.671419 0.100052 -0.359031
v 0.678261 0.100055 -0.366339
v 0.68505 0.100054 -0.37369
v 0.69179 0.100054 -0.38109
v 0.698483 0.100049 -0.388538
v 0.705116 0.10005 -0.396031
v 0.711701 0.100049 -0.403567
v 0.718234 0.100049 -0.411149
v 0.724717 0.100048 -0.418771
v 0.731153 0.100045 -0.426436
v 0.737541 0.100042 -0.43414
v 0.74388 0.10004 -0.441882
v 0.750177 0.100039 -0.449667
v 0.756422 0.100039 -0.457487
v 0.762617 0.10004 -0.465342
v 0.768773 0.100037 -0.473239
v 0.774876 0.100036 -0.481168
v 0.780936 0.100032 -0.489136
v 0.786951 0.100026 -0.497137
v 0.792923 0.100022 -0.505168
v 0.798859 0.100017 -0.513223
v 0.804761 0.100009 -0.521297
v 0.810636 0.100005 -0.5294
v 4.71271e-06 0.0299972 -0.000201752
v 2.29362e-06 0.0400006 -0.000202771
v 0.0100465 0.0399926 -0.00027442
v 0.0100469 0.0299839 -0.00028091
v 0.0200746 0.0299666 -0.000538946
v 0.0200727 0.0199458 -0.000599388
v 0.0300814 0.0199243 -0.00112408
v 0.0300581 0.00990303 -0.00133959
v 0.0400463 0.00989362 -0.00212041
v 0.0400087 -0.000127801 -0.00254225
v 0.0300119 -0.000122556 -0.00168789
v 2.80095e-06 0.0499989 -0.000201596
v 0.0100501 0.0500006 -0.000273318
v 0.0200854 0.039984 -0.000510804
v 0.0301048 0.0299546 -0.00100319
v 0.0400867 0.019919 -0.00183799
v 0.0500341 0.0098933 -0.00307225
v 0.0499785 -0.000127738 -0.00354796
v 3.79735e-06 0.0599971 -0.000200736
v 0.0100457 0.0600053 -0.000270244
v 0.020081 0.0500007 -0.000501309
v 0.0301073 0.0399771 -0.000942661
v 0.0401049 0.0299432 -0.00166462
v 0.0500691 0.0199139 -0.00273668
v 0.0599934 0.0098936 -0.00418266
v 0.059932 -0.000122331 -0.00469731
v 2.82424e-06 0.07 -0.000202704
v 0.0100479 0.0700142 -0.000279087
v 0.0200853 0.0600128 -0.000508523
v 0.0301158 0.0499974 -0.000924012
v 0.0401243 0.039973 -0.0015765
v 0.0501036 0.0299425 -0.00252716
v 0.0600411 0.0199174 -0.00381232
v 0.069939 0.00989419 -0.00544867
v 0.0698626 -0.000117484 -0.00599399
v 5.30972e-06 0.0799969 -0.000202163
v 0.0100397 0.0800281 -0.000296624
v 0.0200789 0.0700307 -0.000539734
v 0.0301066 0.0600221 -0.000941742
v 0.0401253 0.0499965 -0.00154682
v 0.0501167 0.0399699 -0.00241022
v 0.0600736 0.0299408 -0.00356973
v 0.0699906 0.0199188 -0.00505648
v 0.0798569 0.00990117 -0.0068734
v 0.0797766 -0.000116431 -0.00743301
v 1.83306e-06 0.089998 -0.000199699
v 0.0100379 0.0900422 -0.000333079
v 0.0200742 0.0800494 -0.000600591
v 0.0301026 0.0700439 -0.00100122
v 0.0401235 0.0600219 -0.00157299
v 0.0501245 0.0500011 -0.0023745
v 0.0600976 0.0399693 -0.00343447
v 0.0700336 0.0299444 -0.00479508
v 0.0799196 0.0199224 -0.00646044
v 0.0897589 0.00990127 -0.0084464
v 0.089666 -0.000111922 -0.00902117
v 3.96607e-06 0.0999977 -0.000201628
v 0.00998662 0.100082 -0.000460667
v 0.020039 0.0900818 -0.000730161
v 0.0300783 0.0800724 -0.00112136
v 0.0401047 0.0700529 -0.00166524
v 0.0501165 0.0600281 -0.00241052
v 0.0601018 0.0499974 -0.00339017
v 0.0700553 0.0399679 -0.00464169
v 0.0799657 0.0299449 -0.00618418
v 0.0898287 0.0199203 -0.00802272
v 0.099627 0.00990783 -0.0101674
v 0.0995264 -0.000108486 -0.0107456
v 0.0200153 0.1001 -0.00098449
v 0.0300554 0.0900944 -0.00133715
v 0.0400871 0.0800762 -0.00183828
v 0.0501034 0.0700525 -0.00252545
v 0.0600993 0.0600249 -0.00343435
v 0.0700608 0.050001 -0.0045933
v 0.0799929 0.0399706 -0.00602255
v 0.0898758 0.029946 -0.00773324
v 0.0997079 0.019925 -0.00973705
v 0.109473 0.00991148 -0.0120341
v 0.109363 -0.000102484 -0.0126183
v 0.030013 0.100121 -0.00168655
v 0.040046 0.090106 -0.00211848
v 0.0500708 0.0800819 -0.00273748
v 0.0600739 0.0700575 -0.00357107
v 0.0700555 0.0600267 -0.0046429
v 0.0799976 0.0500005 -0.00596975
v 0.0899039 0.0399708 -0.00756561
v 0.0997589 0.0299461 -0.00943814
v 0.109557 0.0199248 -0.0115941
v 0.119293 0.00991117 -0.0140422
v 0.119168 -9.90772e-05 -0.0146226
v 0.0400084 0.100123 -0.00254317
v 0.0500339 0.0901049 -0.00307104
v 0.0600442 0.0800823 -0.00381471
v 0.0700298 0.0700558 -0.00479052
v 0.0799923 0.0600271 -0.00602247
v 0.0899135 0.0499992 -0.0075114
v 0.0997927 0.0399711 -0.00926804
v 0.109618 0.0299469 -0.0112967
v 0.119383 0.0199308 -0.0136064
v 0.129081 0.0099122 -0.0161892
v 0.128948 -9.90753e-05 -0.0167675
v 0.0499774 0.100122 -0.0035434
v 0.0599949 0.0901066 -0.00418371
v 0.069993 0.0800825 -0.00505808
v 0.0799654 0.0700525 -0.00618091
v 0.0899017 0.0600255 -0.00756355
v 0.0997979 0.0500016 -0.00921148
v 0.109649 0.0399757 -0.0111232
v 0.119443 0.0299527 -0.0133026
v 0.129174 0.0199321 -0.0157511
v 0.138832 0.00991394 -0.0184703
v 0.138699 -9.76104e-05 -0.0190506
v 0.059932 0.100119 -0.00469372
v 0.0699374 0.090102 -0.00544931
v 0.0799233 0.0800791 -0.00646262
v 0.0898761 0.0700495 -0.00773076
v 0.0997923 0.0600242 -0.00926789
v 0.109664 0.0499992 -0.0110672
v 0.119479 0.0399756 -0.0131244
v 0.129241 0.0299539 -0.0154494
v 0.138936 0.019934 -0.0180388
v 0.148558 0.0099163 -0.020894
v 0.148411 -9.52751e-05 -0.021463
v 0.0698645 0.100117 -0.00599266
v 0.0798565 0.0901008 -0.00687252
v 0.0898249 0.080077 -0.00802137
v 0.0997603 0.0700519 -0.00944185
v 0.109652 0.0600227 -0.0111218
v 0.119493 0.0500017 -0.0130699
v 0.129283 0.0399754 -0.0152739
v 0.139005 0.0299551 -0.017735
v 0.148665 0.0199309 -0.0204579
v 0.158246 0.00991888 -0.0234468
v 0.158095 -9.23829e-05 -0.0240132
v 0.079779 0.100113 -0.00743639
v 0.0897596 0.0900935 -0.00844678
v 0.0997072 0.080072 -0.00973455
v 0.109617 0.0700504 -0.0112987
v 0.119482 0.0600219 -0.0131238
v 0.129294 0.0499995 -0.0152134
v 0.139048 0.0399755 -0.0175575
v 0.148743 0.0299514 -0.0201607
v 0.158361 0.019933 -0.0230174
v 0.167896 0.00992133 -0.0261285
v 0.167738 -8.93131e-05 -0.0266879
v 0.0896635 0.100109 -0.00901915
v 0.0996286 0.0900894 -0.0101638
v 0.10956 0.0800687 -0.0115954
v 0.119445 0.0700498 -0.0133033
v 0.129281 0.0600214 -0.015269
v 0.139065 0.0499974 -0.0174999
v 0.148785 0.0399756 -0.0199838
v 0.158439 0.0299526 -0.0227181
v 0.168015 0.0199348 -0.0257015
v 0.17751 0.00992346 -0.0289389
v 0.177352 -9.15594e-05 -0.0294931
v 0.0995282 0.100105 -0.0107486
v 0.109474 0.0900889 -0.0120313
v 0.119384 0.0800676 -0.0136029
v 0.129244 0.0700453 -0.0154479
v 0.139049 0.0600216 -0.0175566
v 0.148799 0.0500006 -0.0199267
v 0.158485 0.0399755 -0.0225434
v 0.168101 0.0299535 -0.0254086
v 0.177636 0.0199361 -0.0285185
v 0.187091 0.00991993 -0.0318752
v 0.18692 -8.9115e-05 -0.0324206
v 0.109364 0.100101 -0.0126165
v 0.11929 0.0900861 -0.014038
v 0.129177 0.0800681 -0.0157525
v 0.139009 0.0700467 -0.0177371
v 0.148784 0.0600221 -0.0199819
v 0.158499 0.0499987 -0.0224844
v 0.168146 0.0399751 -0.0252317
v 0.177725 0.0299539 -0.0282277
v 0.187221 0.0199368 -0.0314639
v 0.196628 0.00992573 -0.0349404
v 0.196455 -8.73763e-05 -0.0354765
v 0.119172 0.100096 -0.014622
v 0.12908 0.0900861 -0.0161899
v 0.138938 0.0800653 -0.0180364
v 0.148743 0.070044 -0.0201609
v 0.158486 0.0600228 -0.0225444
v 0.168161 0.0500016 -0.0251772
v 0.177771 0.0399793 -0.0280552
v 0.187305 0.0299586 -0.0311732
v 0.196762 0.0199366 -0.0345287
v 0.206126 0.00992549 -0.0381226
v 0.205949 -8.65433e-05 -0.0386519
v 0.128949 0.100095 -0.0167677
v 0.138833 0.0900833 -0.0184714
v 0.148665 0.0800636 -0.0204572
v 0.158438 0.0700468 -0.0227198
v 0.168147 0.0600235 -0.0252352
v 0.177792 0.0499991 -0.0280002
v 0.18736 0.0399777 -0.0310043
v 0.196852 0.0299573 -0.0342442
v 0.206262 0.0199404 -0.0377198
v 0.215583 0.00992409 -0.041424
v 0.215402 -8.68146e-05 -0.0419467
v 0.138696 0.100093 -0.0190465
v 0.148557 0.0900826 -0.0208933
v 0.158359 0.0800631 -0.0230143
v 0.168099 0.0700449 -0.0254084
v 0.177774 0.0600242 -0.0280581
v 0.187377 0.0500012 -0.0309491
v 0.196907 0.0399804 -0.0340795
v 0.206358 0.0299601 -0.0374413
v 0.215723 0.019938 -0.0410275
v 0.224998 0.00992647 -0.0448471
v 0.224809 -8.32131e-05 -0.0453588
v 0.148414 0.100092 -0.0214651
v 0.158247 0.0900784 -0.0234443
v 0.168017 0.0800633 -0.0257033
v 0.177725 0.0700432 -0.028229
v 0.187361 0.0600194 -0.031002
v 0.196925 0.0499975 -0.034019
v 0.206413 0.0399771 -0.0372713
v 0.21582 0.0299568 -0.0407506
v 0.225142 0.0199393 -0.0444567
v 0.23437 0.00992752 -0.0483848
v 0.234178 -8.09238e-05 -0.0488901
v 0.158093 0.100089 -0.0240079
v 0.167898 0.0900804 -0.026129
v 0.177636 0.0800641 -0.0285194
v 0.187308 0.0700415 -0.0311726
v 0.196909 0.0600192 -0.0340758
v 0.206434 0.0499981 -0.0372189
v 0.215878 0.0399778 -0.0405887
v 0.225244 0.0299572 -0.0441856
v 0.234515 0.0199443 -0.048003
v 0.2437 0.00992719 -0.0520371
v 0.243502 -7.99741e-05 -0.0525316
v 0.16774 0.100088 -0.0266858
v 0.177513 0.0900785 -0.0289382
v 0.187219 0.0800601 -0.0314602
v 0.196852 0.0700445 -0.0342458
v 0.206414 0.0600233 -0.037275
v 0.215897 0.0499977 -0.0405332
v 0.225302 0.0399773 -0.0440249
v 0.234616 0.0299614 -0.0477333
v 0.243848 0.019943 -0.0516612
v 0.252983 0.00993055 -0.055802
v 0.252782 -8.03575e-05 -0.0562834
v 0.177349 0.100089 -0.02949
v 0.187089 0.0900773 -0.031874
v 0.196762 0.0800612 -0.0345302
v 0.206358 0.0700421 -0.0374393
v 0.215878 0.0600218 -0.0405903
v 0.22532 0.0500012 -0.0439728
v 0.23468 0.0399807 -0.0475778
v 0.243953 0.0299593 -0.051397
v 0.253134 0.0199454 -0.0554319
v 0.262219 0.00993256 -0.0596726
v 0.262016 -7.7026e-05 -0.0601478
v 0.186921 0.100085 -0.0324181
v 0.196627 0.0900766 -0.0349363
v 0.206264 0.0800623 -0.0377227
v 0.215821 0.0700393 -0.0407511
v 0.225301 0.0600194 -0.0440238
v 0.234701 0.0499988 -0.0475241
v 0.244013 0.0399779 -0.0512381
v 0.253238 0.0299608 -0.0551688
v 0.262372 0.0199464 -0.0593082
v 0.271412 0.00993336 -0.0636531
v 0.271207 -7.99643e-05 -0.0641153
v 0.196453 0.100088 -0.0354748
v 0.206125 0.0900762 -0.0381207
v 0.215726 0.0800583 -0.0410307
v 0.22524 0.0700409 -0.0441834
v 0.234677 0.0600211 -0.0475738
v 0.244032 0.0500003 -0.0511875
v 0.253301 0.0399788 -0.055015
v 0.262479 0.0299612 -0.0590503
v 0.271567 0.0199463 -0.0632943
v 0.280557 0.00993304 -0.0677347
v 0.280351 -7.89897e-05 -0.068191
v 0.205948 0.100086 -0.0386508
v 0.215584 0.0900759 -0.0414271
v 0.225143 0.0800589 -0.044459
v 0.234617 0.0700418 -0.0477337
v 0.244013 0.060022 -0.0512419
v 0.25332 0.0500007 -0.0549647
v 0.262545 0.0399787 -0.0589014
v 0.271676 0.0299604 -0.0630415
v 0.280713 0.0199451 -0.0673814
v 0.289658 0.00993176 -0.0719217
v 0.289445 -7.40181e-05 -0.0723702
v 0.215403 0.100085 -0.0419484
v 0.224996 0.0900756 -0.0448467
v 0.234514 0.0800591 -0.0480007
v 0.243953 0.0700372 -0.051395
v 0.253298 0.0600219 -0.055015
v 0.262565 0.0500002 -0.0588515
v 0.27174 0.0399824 -0.0628955
v 0.280826 0.0299636 -0.0671405
v 0.289812 0.0199479 -0.0715763
v 0.298706 0.0099347 -0.0762079
v 0.298496 -7.48257e-05 -0.0766481
v 0.224811 0.100084 -0.045359
v 0.234374 0.0900704 -0.0483856
v 0.243846 0.0800589 -0.0516601
v 0.25324 0.0700368 -0.0551681
v 0.262543 0.0600211 -0.0589017
v 0.271761 0.0499987 -0.0628433
v 0.28089 0.0399803 -0.0669923
v 0.289923 0.0299659 -0.071336
v 0.298865 0.01995 -0.075872
v 0.307709 0.00993703 -0.0805949
v 0.307502 -7.62148e-05 -0.0810269
v 0.234177 0.100083 -0.0488868
v 0.2437 0.0900699 -0.0520359
v 0.253131 0.0800583 -0.0554284
v 0.262479 0.0700407 -0.0590527
v 0.271739 0.0600195 -0.0628934
v 0.280908 0.0500014 -0.0669425
v 0.28999 0.0399824 -0.0711923
v 0.29898 0.0299626 -0.0756341
v 0.307873 0.0199516 -0.0802686
v 0.316664 0.00993904 -0.0850785
v 0.316454 -7.29485e-05 -0.0855004
v 0.243504 0.100083 -0.0525317
v 0.252984 0.0900693 -0.0557991
v 0.262374 0.0800573 -0.0593099
v 0.271676 0.0700391 -0.0630438
v 0.280889 0.0600173 -0.0669898
v 0.290014 0.0499986 -0.0711442
v 0.299046 0.0399839 -0.0754973
v 0.307984 0.0299638 -0.080031
v 0.31683 0.0199479 -0.0847548
v 0.325576 0.00993606 -0.0896559
v 0.32536 -6.98058e-05 -0.0900704
v 0.252783 0.100083 -0.0562851
v 0.262221 0.0900687 -0.0596709
v 0.271565 0.080056 -0.0632917
v 0.280823 0.0700372 -0.0671354
v 0.289992 0.0600196 -0.0711935
v 0.299069 0.0500002 -0.0754489
v 0.308055 0.0399801 -0.079896
v 0.316944 0.0299648 -0.0845286
v 0.325739 0.0199492 -0.0893397
v 0.334436 0.00993831 -0.0943279
v 0.33422 -7.13421e-05 -0.09473
v 0.262019 0.100078 -0.0601444
v 0.27141 0.090068 -0.0636472
v 0.280713 0.0800545 -0.0673821
v 0.289928 0.070035 -0.0713357
v 0.299049 0.0600166 -0.075495
v 0.308073 0.0500015 -0.0798497
v 0.317013 0.0399812 -0.0843935
v 0.325854 0.0299659 -0.089118
v 0.334598 0.0199508 -0.0940166
v 0.343244 0.00994117 -0.0990874
v 0.34303 -6.73745e-05 -0.0994841
v 0.271207 0.100078 -0.0641146
v 0.280556 0.0900673 -0.0677319
v 0.289815 0.080053 -0.0715769
v 0.298978 0.0700375 -0.0756344
v 0.308052 0.0600185 -0.0798951
v 0.317033 0.0500029 -0.0843508
v 0.325919 0.0399824 -0.0889828
v 0.334713 0.0299673 -0.0937994
v 0.34341 0.0199531 -0.0987853
v 0.352009 0.00994007 -0.103936
v 0.351793 -6.73792e-05 -0.104323
v 0.280352 0.100079 -0.068193
v 0.289657 0.0900669 -0.0719207
v 0.298869 0.0800516 -0.0758718
v 0.307984 0.0700353 -0.0800309
v 0.317011 0.0600206 -0.0843953
v 0.325944 0.0499997 -0.0889413
v 0.334779 0.0399841 -0.0936681
v 0.343525 0.0299695 -0.0985724
v 0.352174 0.0199515 -0.103639
v 0.360721 0.0099404 -0.108868
v 0.360507 -6.60715e-05 -0.10925
v 0.28945 0.100075 -0.0723687
v 0.298708 0.0900668 -0.0762094
v 0.307871 0.0800505 -0.0802624
v 0.316945 0.0700334 -0.0845274
v 0.32592 0.0600182 -0.0889848
v 0.334802 0.0500021 -0.0936258
v 0.343594 0.0399817 -0.0984425
v 0.352288 0.0299679 -0.10343
v 0.360886 0.0199563 -0.108583
v 0.369385 0.00994246 -0.113888
v 0.369172 -6.7959e-05 -0.114257
v 0.298496 0.100076 -0.0766465
v 0.307712 0.0900672 -0.0805979
v 0.316828 0.08005 -0.0847529
v 0.325851 0.0700371 -0.0891178
v 0.334779 0.0600166 -0.0936657
v 0.343614 0.0500005 -0.0983995
v 0.352356 0.0399855 -0.103307
v 0.361002 0.0299679 -0.108376
v 0.369549 0.019958 -0.113607
v 0.378 0.00994676 -0.11899
v 0.377786 -6.27092e-05 -0.11935
v 0.307501 0.100074 -0.0810256
v 0.316669 0.0900636 -0.0850794
v 0.325738 0.0800503 -0.0893389
v 0.334712 0.0700319 -0.0937947
v 0.343594 0.0600161 -0.0984423
v 0.352379 0.0500002 -0.103265
v 0.36107 0.039986 -0.108256
v 0.369664 0.0299697 -0.113404
v 0.378168 0.0199571 -0.118715
v 0.386571 0.00994394 -0.12417
v 0.38636 -6.46873e-05 -0.124525
v 0.316457 0.100073 -0.0855
v 0.325578 0.090061 -0.0896563
v 0.334598 0.0800469 -0.0940137
v 0.343525 0.0700329 -0.0985695
v 0.352357 0.0600171 -0.103306
v 0.361091 0.0500017 -0.108212
v 0.369735 0.0399837 -0.113285
v 0.378283 0.0299692 -0.118516
v 0.386735 0.019959 -0.123902
v 0.395091 0.00994441 -0.129428
v 0.394879 -6.35361e-05 -0.129774
v 0.325364 0.100073 -0.0900697
v 0.334436 0.0900598 -0.0943244
v 0.343407 0.0800498 -0.0987821
v 0.35229 0.0700307 -0.103429
v 0.361072 0.060015 -0.108254
v 0.369756 0.0500004 -0.113245
v 0.378353 0.0399839 -0.118401
v 0.386848 0.0299715 -0.123707
v 0.395253 0.0199594 -0.129165
v 0.403566 0.00994869 -0.134769
v 0.403355 -6.36517e-05 -0.135103
v 0.33422 0.100074 -0.0947303
v 0.343244 0.0900603 -0.0990833
v 0.352171 0.0800497 -0.103639
v 0.361004 0.0700305 -0.108375
v 0.369735 0.0600154 -0.113285
v 0.378375 0.0500018 -0.118364
v 0.386918 0.0399871 -0.123596
v 0.395369 0.0299724 -0.128979
v 0.403728 0.0199589 -0.134508
v 0.41199 0.0099475 -0.140175
v 0.41178 -5.9591e-05 -0.140506
v 0.343028 0.100073 -0.0994792
v 0.352007 0.090058 -0.103931
v 0.360887 0.0800469 -0.10858
v 0.369665 0.0700328 -0.113404
v 0.378352 0.0600184 -0.118402
v 0.386943 0.0500016 -0.123559
v 0.395441 0.0399841 -0.128867
v 0.403843 0.0299725 -0.134325
v 0.412153 0.0199579 -0.139922
v 0.420367 0.00995106 -0.145658
v 0.420158 -6.08171e-05 -0.145978
v 0.351795 0.100069 -0.104321
v 0.360723 0.090058 -0.108869
v 0.36955 0.0800468 -0.113604
v 0.378282 0.0700331 -0.118517
v 0.38692 0.060015 -0.123593
v 0.395462 0.0500001 -0.128829
v 0.40391 0.0399853 -0.134213
v 0.412267 0.0299722 -0.139743
v 0.420528 0.0199618 -0.14541
v 0.428699 0.00994984 -0.151211
v 0.428491 -5.70809e-05 -0.151529
v 0.360507 0.100067 -0.109244
v 0.369389 0.090056 -0.113887
v 0.378169 0.0800449 -0.118712
v 0.386852 0.0700319 -0.123709
v 0.39544 0.0600154 -0.128866
v 0.403931 0.0500028 -0.134178
v 0.412337 0.0399863 -0.139638
v 0.420646 0.0299722 -0.145236
v 0.428862 0.0199612 -0.15097
v 0.436985 0.00994916 -0.156835
v 0.436777 -5.77991e-05 -0.157144
v 0.36917 0.100069 -0.114255
v 0.378003 0.0900572 -0.118987
v 0.386733 0.0800464 -0.123898
v 0.395372 0.0700298 -0.128978
v 0.403912 0.0600152 -0.134214
v 0.412361 0.0500006 -0.139603
v 0.420711 0.0399876 -0.14513
v 0.428974 0.0299726 -0.150796
v 0.437146 0.0199613 -0.156598
v 0.445223 0.00994955 -0.162526
v 0.445014 -5.76046e-05 -0.162826
v 0.377788 0.100069 -0.119349
v 0.386574 0.0900572 -0.124172
v 0.395258 0.0800422 -0.129165
v 0.403842 0.070032 -0.134324
v 0.412338 0.0600152 -0.139638
v 0.420737 0.0499989 -0.145095
v 0.429045 0.0399848 -0.150695
v 0.43726 0.0299741 -0.156431
v 0.445381 0.0199627 -0.162293
v 0.453414 0.00995148 -0.168283
v 0.453204 -5.59731e-05 -0.168575
v 0.386358 0.100068 -0.124522
v 0.395095 0.0900563 -0.129431
v 0.403729 0.0800425 -0.134506
v 0.412267 0.0700296 -0.139742
v 0.420714 0.0600156 -0.145132
v 0.429064 0.0500028 -0.150661
v 0.437326 0.039988 -0.156329
v 0.445494 0.0299769 -0.162129
v 0.453571 0.0199607 -0.168052
v 0.461554 0.00995551 -0.174104
v 0.461348 -5.24477e-05 -0.174392
v 0.394882 0.100066 -0.129776
v 0.403567 0.0900551 -0.134766
v 0.412152 0.080043 -0.139922
v 0.420647 0.0700278 -0.145236
v 0.429044 0.060017 -0.150698
v 0.437347 0.0500032 -0.156295
v 0.445565 0.0399877 -0.162031
v 0.453686 0.0299765 -0.167895
v 0.461713 0.0199659 -0.17388
v 0.469655 0.00995224 -0.179987
v 0.469452 -5.63786e-05 -0.18027
v 0.403352 0.100064 -0.1351
v 0.411991 0.0900543 -0.140176
v 0.420533 0.0800394 -0.14541
v 0.428976 0.0700271 -0.150797
v 0.437325 0.0600149 -0.156327
v 0.445587 0.0500001 -0.161998
v 0.453752 0.0399892 -0.167796
v 0.461831 0.0299736 -0.173722
v 0.469815 0.019964 -0.179771
v 0.47771 0.00995672 -0.185939
v 0.477507 -5.26738e-05 -0.186214
v 0.41178 0.100063 -0.140503
v 0.420367 0.0900544 -0.145657
v 0.428859 0.0800418 -0.150968
v 0.437258 0.0700277 -0.156428
v 0.445561 0.0600143 -0.162028
v 0.453776 0.0499991 -0.167763
v 0.461895 0.0399884 -0.173626
v 0.469927 0.0299735 -0.179612
v 0.477869 0.019965 -0.185724
v 0.485719 0.00995469 -0.191945
v 0.485513 -5.06498e-05 -0.192214
v 0.420157 0.100062 -0.145978
v 0.4287 0.0900508 -0.151211
v 0.437145 0.0800408 -0.156598
v 0.445495 0.0700299 -0.16213
v 0.453754 0.0600158 -0.167799
v 0.461918 0.0500006 -0.173595
v 0.469993 0.0399905 -0.179522
v 0.477979 0.0299766 -0.185568
v 0.485875 0.0199645 -0.191734
v 0.493678 0.00995641 -0.19801
v 0.493476 -4.98774e-05 -0.198275
v 0.42849 0.100063 -0.151527
v 0.436984 0.0900534 -0.156838
v 0.445381 0.0800414 -0.162295
v 0.453686 0.0700294 -0.167897
v 0.461898 0.0600151 -0.173631
v 0.470018 0.0500004 -0.179491
v 0.478049 0.0399862 -0.185476
v 0.485987 0.0299782 -0.191584
v 0.493836 0.0199679 -0.197806
v 0.501596 0.00995746 -0.204135
v 0.501398 -4.9896e-05 -0.204396
v 0.436774 0.10006 -0.157141
v 0.445223 0.0900483 -0.162526
v 0.453571 0.0800395 -0.168056
v 0.461828 0.0700268 -0.173724
v 0.469995 0.0600128 -0.179523
v 0.47807 0.0500036 -0.185449
v 0.486055 0.0399905 -0.191495
v 0.493948 0.0299789 -0.197657
v 0.501753 0.0199658 -0.203932
v 0.509474 0.00995847 -0.21032
v 0.509275 -5.01477e-05 -0.210573
v 0.445012 0.10006 -0.162826
v 0.453411 0.0900502 -0.168284
v 0.461715 0.0800403 -0.173885
v 0.469926 0.0700275 -0.179617
v 0.478045 0.0600141 -0.185477
v 0.486076 0.050001 -0.191462
v 0.494017 0.039989 -0.197568
v 0.501867 0.0299791 -0.20379
v 0.509628 0.0199686 -0.210121
v 0.5173 0.00995991 -0.216553
v 0.517105 -5.01739e-05 -0.216802
v 0.453204 0.100057 -0.168575
v 0.461555 0.0900502 -0.174107
v 0.469811 0.0800396 -0.179773
v 0.477978 0.0700272 -0.185571
v 0.486054 0.0600145 -0.191495
v 0.49404 0.0500024 -0.197541
v 0.501936 0.039987 -0.203701
v 0.509741 0.0299794 -0.209979
v 0.517457 0.0199672 -0.216359
v 0.525088 0.00996243 -0.222846
v 0.524893 -4.9517e-05 -0.223087
v 0.461353 0.100057 -0.174395
v 0.469655 0.0900488 -0.179993
v 0.477866 0.0800379 -0.185725
v 0.485985 0.0700261 -0.191584
v 0.494016 0.0600143 -0.197569
v 0.501954 0.0500035 -0.203672
v 0.509809 0.0399901 -0.209893
v 0.517568 0.0299805 -0.21622
v 0.525245 0.0199671 -0.222652
v 0.532834 0.00996151 -0.229188
v 0.532635 -4.78179e-05 -0.229424
v 0.46945 0.100055 -0.180271
v 0.477709 0.0900464 -0.18594
v 0.485876 0.0800356 -0.191737
v 0.493949 0.0700245 -0.197657
v 0.501936 0.0600139 -0.203704
v 0.50983 0.05 -0.209861
v 0.517636 0.0399892 -0.216133
v 0.525356 0.0299782 -0.222514
v 0.532988 0.0199687 -0.228997
v 0.540535 0.00996225 -0.235582
v 0.540337 -4.47838e-05 -0.235818
v 0.477502 0.100057 -0.186213
v 0.485716 0.0900482 -0.191949
v 0.493836 0.0800379 -0.197808
v 0.501864 0.0700277 -0.203789
v 0.509807 0.0600139 -0.20989
v 0.51766 0.0500023 -0.216108
v 0.525421 0.0399897 -0.22243
v 0.533102 0.0299776 -0.228864
v 0.540693 0.0199674 -0.235396
v 0.548195 0.00996001 -0.242026
v 0.547998 -4.51489e-05 -0.242262
v 0.485516 0.100054 -0.192217
v 0.493678 0.090045 -0.198011
v 0.501756 0.0800354 -0.203936
v 0.509741 0.0700266 -0.209979
v 0.517638 0.0600148 -0.216137
v 0.525446 0.0500013 -0.222404
v 0.533165 0.0399922 -0.228782
v 0.5408 0.0299793 -0.235261
v 0.54835 0.0199683 -0.241843
v 0.555813 0.00995965 -0.248523
v 0.555611 -4.40148e-05 -0.248754
v 0.493475 0.100056 -0.198276
v 0.501595 0.0900469 -0.204136
v 0.509627 0.0800336 -0.210116
v 0.51757 0.0700266 -0.21622
v 0.525425 0.0600126 -0.222432
v 0.533191 0.0500023 -0.228756
v 0.540868 0.0399922 -0.235183
v 0.548462 0.0299785 -0.241712
v 0.555965 0.0199712 -0.248342
v 0.563384 0.00996099 -0.255069
v 0.563185 -4.61783e-05 -0.255297
v 0.501398 0.100053 -0.204396
v 0.509473 0.0900448 -0.210319
v 0.517458 0.0800329 -0.216356
v 0.525359 0.0700234 -0.222515
v 0.533167 0.0600124 -0.228779
v 0.54089 0.0500009 -0.235153
v 0.548526 0.03999 -0.24163
v 0.556077 0.0299802 -0.24821
v 0.563536 0.0199713 -0.254887
v 0.570911 0.00995902 -0.261662
v 0.570713 -4.69078e-05 -0.26189
v 0.509272 0.100051 -0.210568
v 0.517303 0.0900438 -0.216553
v 0.525247 0.0800338 -0.222652
v 0.533102 0.0700223 -0.228861
v 0.540869 0.0600147 -0.235182
v 0.54855 0.0500023 -0.241605
v 0.556145 0.0399904 -0.248132
v 0.563652 0.029979 -0.25476
v 0.571068 0.0199682 -0.261484
v 0.578395 0.00996337 -0.268312
v 0.578196 -4.62045e-05 -0.268534
v 0.517105 0.10005 -0.216801
v 0.52509 0.0900443 -0.222843
v 0.532992 0.0800321 -0.228998
v 0.540801 0.0700238 -0.235259
v 0.548525 0.0600149 -0.24163
v 0.556166 0.0500014 -0.248104
v 0.563718 0.0399929 -0.254684
v 0.571181 0.0299795 -0.261359
v 0.578551 0.0199712 -0.268134
v 0.585839 0.00995943 -0.275007
v 0.585633 -4.40694e-05 -0.275228
v 0.524891 0.100051 -0.223085
v 0.532834 0.0900422 -0.229183
v 0.540693 0.0800329 -0.235395
v 0.548463 0.0700231 -0.241711
v 0.556146 0.0600131 -0.248132
v 0.563739 0.050003 -0.254655
v 0.571248 0.0399924 -0.261283
v 0.578665 0.0299814 -0.268009
v 0.585992 0.0199709 -0.274833
v 0.593232 0.00996177 -0.281753
v 0.59303 -4.52943e-05 -0.281971
v 0.532638 0.100049 -0.229423
v 0.540536 0.0900426 -0.235579
v 0.54835 0.0800364 -0.241843
v 0.556078 0.0700252 -0.248211
v 0.563716 0.0600137 -0.254679
v 0.571273 0.0500016 -0.261258
v 0.578733 0.0399886 -0.26793
v 0.586105 0.02998 -0.274708
v 0.593389 0.0199721 -0.281583
v 0.600585 0.00996093 -0.288548
v 0.600383 -4.48914e-05 -0.288765
v 0.540339 0.100049 -0.235813
v 0.548198 0.0900409 -0.242024
v 0.555969 0.0800331 -0.24834
v 0.563649 0.0700251 -0.254757
v 0.571251 0.0600117 -0.261281
v 0.578757 0.0500019 -0.267907
v 0.586176 0.0399911 -0.274635
v 0.593502 0.0299802 -0.281458
v 0.600741 0.0199702 -0.288378
v 0.607891 0.00996214 -0.29539
v 0.607685 -4.26005e-05 -0.295603
v 0.547996 0.100051 -0.242256
v 0.555812 0.0900417 -0.248518
v 0.563541 0.0800323 -0.254886
v 0.571181 0.0700224 -0.261355
v 0.578735 0.0600113 -0.26793
v 0.586196 0.0500037 -0.274607
v 0.593573 0.0399905 -0.281385
v 0.600851 0.0299824 -0.288255
v 0.608046 0.0199706 -0.29522
v 0.615151 0.00996572 -0.30228
v 0.614948 -4.30482e-05 -0.302491
v 0.555611 0.100052 -0.248749
v 0.563383 0.0900451 -0.255066
v 0.571071 0.0800337 -0.261485
v 0.578668 0.0700263 -0.268009
v 0.586175 0.0600127 -0.27463
v 0.593593 0.0500025 -0.281357
v 0.600922 0.039992 -0.288182
v 0.608161 0.0299821 -0.295101
v 0.615311 0.0199737 -0.302114
v 0.622371 0.00996234 -0.309213
v 0.622162 -4.11188e-05 -0.309422
v 0.563186 0.10005 -0.255294
v 0.570916 0.0900412 -0.261662
v 0.578558 0.0800325 -0.268133
v 0.586111 0.0700226 -0.274706
v 0.593572 0.0600111 -0.281379
v 0.600947 0.0500035 -0.288158
v 0.608232 0.0399913 -0.295028
v 0.615423 0.02998 -0.301989
v 0.622531 0.0199702 -0.309047
v 0.629543 0.00996192 -0.316191
v 0.629334 -4.15687e-05 -0.3164
v 0.570715 0.10005 -0.261888
v 0.578398 0.0900442 -0.268307
v 0.585999 0.0800332 -0.274831
v 0.593507 0.0700256 -0.281457
v 0.600927 0.0600118 -0.28818
v 0.608252 0.0500025 -0.295
v 0.615492 0.0399937 -0.301918
v 0.622645 0.0299812 -0.308928
v 0.629707 0.01997 -0.316028
v 0.636671 0.00996452 -0.323217
v 0.636465 -4.43976e-05 -0.323424
v 0.578198 0.100053 -0.268532
v 0.585841 0.0900448 -0.275005
v 0.593392 0.0800362 -0.281577
v 0.600858 0.0700261 -0.288253
v 0.60823 0.0600153 -0.295023
v 0.615517 0.0500046 -0.301893
v 0.622716 0.03999 -0.308854
v 0.629822 0.0299812 -0.315908
v 0.636836 0.0199731 -0.323053
v 0.643758 0.00996022 -0.330283
v 0.643548 -4.48821e-05 -0.330494
v 0.58564 0.100048 -0.275223
v 0.593237 0.090043 -0.281748
v 0.600747 0.080032 -0.28837
v 0.608164 0.0700247 -0.295094
v 0.615498 0.0600125 -0.301914
v 0.622741 0.0500008 -0.308829
v 0.629893 0.03999 -0.315834
v 0.636958 0.0299799 -0.322934
v 0.643927 0.0199695 -0.330122
v 0.650798 0.00996311 -0.337402
v 0.650586 -4.83002e-05 -0.337609
v 0.593036 0.100051 -0.281968
v 0.60059 0.0900437 -0.288542
v 0.608052 0.0800353 -0.295213
v 0.615432 0.0700218 -0.301984
v 0.62272 0.0600133 -0.308852
v 0.629918 0.0500008 -0.315808
v 0.637027 0.0399937 -0.322862
v 0.644042 0.0299817 -0.330001
v 0.650966 0.0199684 -0.337234
v 0.657793 0.00995778 -0.34456
v 0.657574 -4.55312e-05 -0.344773
v 0.600386 0.100052 -0.288757
v 0.607899 0.0900422 -0.295382
v 0.61532 0.0800322 -0.302103
v 0.622651 0.0700225 -0.308917
v 0.629897 0.0600132 -0.315831
v 0.637052 0.0500044 -0.322836
v 0.644118 0.039991 -0.32993
v 0.65109 0.0299811 -0.33712
v 0.657963 0.0199688 -0.344397
v 0.664737 0.00995799 -0.35177
v 0.664514 -4.68372e-05 -0.35198
v 0.607696 0.10005 -0.295597
v 0.615162 0.0900438 -0.30227
v 0.62254 0.0800327 -0.309036
v 0.629833 0.0700222 -0.315901
v 0.637034 0.0600119 -0.322857
v 0.644144 0.0500018 -0.329904
v 0.651162 0.0399908 -0.337045
v 0.658085 0.0299772 -0.344277
v 0.664908 0.0199698 -0.351606
v 0.671634 0.00995808 -0.35903
v 0.671409 -5.27412e-05 -0.359234
v 0.614955 0.100052 -0.30248
v 0.622377 0.0900439 -0.3092
v 0.629717 0.0800322 -0.316016
v 0.636963 0.0700255 -0.322925
v 0.644123 0.0600138 -0.329928
v 0.651188 0.0500016 -0.33702
v 0.658159 0.0399919 -0.344208
v 0.665034 0.0299786 -0.35149
v 0.671807 0.0199657 -0.358864
v 0.678476 0.00995764 -0.366333
v 0.678252 -4.91025e-05 -0.366545
v 0.622178 0.100047 -0.309412
v 0.629555 0.090043 -0.31618
v 0.636847 0.0800352 -0.32304
v 0.644054 0.0700223 -0.329994
v 0.651167 0.0600134 -0.337043
v 0.658184 0.0500029 -0.344183
v 0.66511 0.0399887 -0.351419
v 0.671931 0.0299796 -0.35875
v 0.678653 0.0199656 -0.366172
v 0.685271 0.00995638 -0.37369
v 0.685043 -5.07145e-05 -0.373897
v 0.62935 0.10005 -0.316391
v 0.636688 0.0900408 -0.323203
v 0.643939 0.0800316 -0.33011
v 0.651098 0.0700216 -0.33711
v 0.658163 0.0600148 -0.344207
v 0.665136 0.0499999 -0.351394
v 0.672007 0.0399899 -0.35868
v 0.678779 0.0299748 -0.366056
v 0.685443 0.0199643 -0.373525
v 0.692011 0.00995414 -0.381091
v 0.69178 -5.27225e-05 -0.381293
v 0.636476 0.100052 -0.323413
v 0.643773 0.0900414 -0.330272
v 0.65098 0.0800352 -0.33723
v 0.658094 0.0700228 -0.344275
v 0.665111 0.0600121 -0.351414
v 0.672032 0.0500015 -0.358655
v 0.678852 0.0399902 -0.365989
v 0.68557 0.0299785 -0.373417
v 0.692184 0.0199669 -0.380934
v 0.698695 0.00995605 -0.388541
v 0.698469 -5.01055e-05 -0.388745
v 0.64356 0.100052 -0.330484
v 0.650814 0.0900443 -0.337393
v 0.657972 0.080036 -0.344391
v 0.665039 0.0700249 -0.351485
v 0.672007 0.060014 -0.358676
v 0.678877 0.0500021 -0.365964
v 0.685646 0.0399894 -0.373347
v 0.692309 0.0299763 -0.38082
v 0.698869 0.0199637 -0.388383
v 0.705329 0.00995781 -0.39604
v 0.705104 -5.2122e-05 -0.396235
v 0.650599 0.100049 -0.3376
v 0.657805 0.0900444 -0.344556
v 0.664919 0.0800332 -0.3516
v 0.671938 0.0700224 -0.358744
v 0.678855 0.0600104 -0.365983
v 0.685671 0.0500017 -0.373323
v 0.692384 0.0399874 -0.380752
v 0.698991 0.029978 -0.388272
v 0.705503 0.019965 -0.395884
v 0.711911 0.00995532 -0.403578
v 0.711684 -4.8401e-05 -0.403773
v 0.657588 0.100053 -0.344767
v 0.664746 0.0900461 -0.351764
v 0.671816 0.0800356 -0.358862
v 0.678784 0.0700241 -0.366055
v 0.685648 0.0600106 -0.373343
v 0.692409 0.0500004 -0.380728
v 0.69907 0.0399896 -0.388209
v 0.705627 0.0299747 -0.395772
v 0.712085 0.019967 -0.403431
v 0.718439 0.00995922 -0.411164
v 0.718221 -4.78452e-05 -0.411357
v 0.664527 0.100054 -0.351977
v 0.671641 0.0900439 -0.359021
v 0.67866 0.0800333 -0.366166
v 0.685573 0.0700252 -0.37341
v 0.692387 0.06001 -0.380748
v 0.699098 0.0499984 -0.388184
v 0.705702 0.0399867 -0.395706
v 0.712208 0.0299767 -0.403321
v 0.718615 0.0199656 -0.411016
v 0.724922 0.00995602 -0.418789
v 0.724706 -4.97385e-05 -0.418979
v 0.671419 0.100052 -0.359231
v 0.678489 0.0900422 -0.36633
v 0.68545 0.0800354 -0.373522
v 0.692315 0.0700209 -0.380814
v 0.699076 0.060009 -0.388205
v 0.705727 0.050001 -0.395684
v 0.712282 0.0399892 -0.403256
v 0.718737 0.0299754 -0.410908
v 0.725094 0.0199666 -0.418646
v 0.731357 0.0099561 -0.426459
v 0.731139 -4.85315e-05 -0.426641
v 0.678261 0.100055 -0.366539
v 0.685276 0.0900453 -0.373682
v 0.692192 0.0800323 -0.380926
v 0.699004 0.070021 -0.388271
v 0.705705 0.0600126 -0.395705
v 0.71231 0.0499995 -0.403233
v 0.718811 0.0399883 -0.410844
v 0.725216 0.0299764 -0.418541
v 0.731528 0.0199661 -0.426319
v 0.737743 0.0099551 -0.434166
v 0.737526 -4.86303e-05 -0.434345
v 0.68505 0.100054 -0.37389
v 0.692019 0.0900436 -0.381086
v 0.698878 0.0800338 -0.388379
v 0.705636 0.0700212 -0.39577
v 0.712291 0.0600074 -0.403252
v 0.718838 0.0499994 -0.410823
v 0.725296 0.0399849 -0.41848
v 0.731649 0.0299757 -0.426216
v 0.737913 0.0199644 -0.434029
v 0.744078 0.00995796 -0.441914
v 0.743864 -4.96765e-05 -0.442087
v 0.69179 0.100054 -0.38129
v 0.698708 0.090042 -0.388536
v 0.705513 0.0800309 -0.395876
v 0.712216 0.0700221 -0.403315
v 0.718819 0.0600085 -0.410843
v 0.725319 0.0499968 -0.418456
v 0.731724 0.0399846 -0.426153
v 0.738033 0.0299738 -0.433929
v 0.744246 0.0199665 -0.441781
v 0.75037 0.00995524 -0.449703
v 0.750158 -5.1344e-05 -0.449871
v 0.698483 0.100049 -0.388738
v 0.70534 0.0900409 -0.396029
v 0.712096 0.0800288 -0.403419
v 0.718747 0.0700199 -0.410905
v 0.7253 0.0600071 -0.418478
v 0.731752 0.0499973 -0.426135
v 0.738105 0.0399879 -0.433871
v 0.744365 0.0299759 -0.441683
v 0.750533 0.0199631 -0.449569
v 0.756609 0.00995684 -0.457528
v 0.756398 -4.84e-05 -0.457693
v 0.705116 0.10005 -0.396231
v 0.711924 0.0900411 -0.403572
v 0.718628 0.0800284 -0.411009
v 0.725229 0.07002 -0.41854
v 0.731729 0.0600088 -0.426154
v 0.73813 0.0499967 -0.433848
v 0.744439 0.0399856 -0.441626
v 0.750651 0.0299724 -0.449474
v 0.75677 0.0199641 -0.457399
v 0.7628 0.00995858 -0.465393
v 0.762598 -4.98365e-05 -0.465554
v 0.711701 0.100049 -0.403767
v 0.718456 0.0900384 -0.411156
v 0.725107 0.0800305 -0.418641
v 0.731656 0.0700186 -0.42621
v 0.73811 0.0600047 -0.433866
v 0.744464 0.0499953 -0.441604
v 0.750721 0.0399827 -0.449415
v 0.756888 0.0299734 -0.457307
v 0.76296 0.0199652 -0.465267
v 0.768948 0.00995635 -0.473294
v 0.768749 -4.98964e-05 -0.473449
v 0.718234 0.100049 -0.411349
v 0.724938 0.0900383 -0.418785
v 0.731542 0.0800266 -0.426313
v 0.738042 0.0700165 -0.433927
v 0.744445 0.060005 -0.441623
v 0.750746 0.0499937 -0.449396
v 0.756957 0.0399844 -0.457251
v 0.763073 0.0299746 -0.465175
v 0.769103 0.0199624 -0.473168
v 0.775047 0.0099566 -0.481228
v 0.77485 -4.73972e-05 -0.481376
v 0.724717 0.100048 -0.418971
v 0.73137 0.0900369 -0.426453
v 0.737921 0.0800268 -0.434022
v 0.744376 0.0700142 -0.441679
v 0.750727 0.0600052 -0.449416
v 0.756985 0.0499921 -0.45723
v 0.763145 0.0399817 -0.465119
v 0.769215 0.0299721 -0.47308
v 0.775199 0.0199666 -0.48111
v 0.781106 0.00995595 -0.489196
v 0.780913 -5.10518e-05 -0.489335
v 0.731153 0.100045 -0.426636
v 0.737757 0.0900354 -0.434164
v 0.744256 0.0800273 -0.441774
v 0.75066 0.070017 -0.449472
v 0.756963 0.0600057 -0.457248
v 0.763171 0.0499956 -0.465103
v 0.769284 0.0399847 -0.473029
v 0.775313 0.0299714 -0.481023
v 0.781252 0.0199644 -0.489079
v 0.787118 0.0099597 -0.497195
v 0.786934 -5.02772e-05 -0.497331
v 0.737541 0.100042 -0.43434
v 0.744093 0.0900343 -0.441909
v 0.750546 0.0800236 -0.449563
v 0.756899 0.0700154 -0.457302
v 0.763154 0.0600019 -0.465117
v 0.769311 0.0499904 -0.473006
v 0.77538 0.0399797 -0.480968
v 0.781362 0.0299733 -0.488999
v 0.787262 0.0199664 -0.497085
v 0.793089 0.00995862 -0.505222
v 0.792913 -4.39161e-05 -0.505361
v 0.74388 0.10004 -0.442082
v 0.750385 0.0900341 -0.449697
v 0.756786 0.0800253 -0.457392
v 0.763087 0.0700144 -0.465167
v 0.769292 0.0600034 -0.473024
v 0.775404 0.0499914 -0.480951
v 0.781428 0.0399818 -0.488949
v 0.787366 0.0299743 -0.497007
v 0.793231 0.0199639 -0.505118
v 0.799027 0.00996016 -0.513284
v 0.798855 -4.49914e-05 -0.513413
v 0.750177 0.100039 -0.449867
v 0.756626 0.0900349 -0.45752
v 0.762979 0.0800231 -0.465255
v 0.769229 0.070014 -0.473073
v 0.775388 0.0600013 -0.480969
v 0.78145 0.0499895 -0.488929
v 0.787428 0.0399826 -0.496958
v 0.793331 0.029971 -0.505042
v 0.799157 0.0199694 -0.51318
v 0.804924 0.00996229 -0.521364
v 0.804758 -4.19831e-05 -0.521491
v 0.756422 0.100039 -0.457687
v 0.762823 0.0900319 -0.46538
v 0.769125 0.0800215 -0.473159
v 0.775324 0.0700095 -0.481013
v 0.781431 0.0600009 -0.488946
v 0.78745 0.0499908 -0.496942
v 0.793391 0.0399793 -0.504997
v 0.799258 0.0299715 -0.513106
v 0.805054 0.0199715 -0.521265
v 0.810794 0.00996684 -0.529471
v 0.810627 -3.82021e-05 -0.529594
v 0.762617 0.10004 -0.465542
v 0.768974 0.0900298 -0.47328
v 0.775222 0.0800203 -0.481099
v 0.781371 0.0700113 -0.488996
v 0.787432 0.0599987 -0.496959
v 0.793409 0.0499882 -0.504981
v 0.799314 0.0399802 -0.513062
v 0.805151 0.0299742 -0.521191
v 0.810922 0.0199721 -0.529369
v 0.768773 0.100037 -0.473439
v 0.775075 0.0900282 -0.481218
v 0.781271 0.0800155 -0.489075
v 0.787372 0.0700062 -0.497006
v 0.793392 0.0599974 -0.505002
v 0.799332 0.0499899 -0.51305
v 0.805209 0.0399789 -0.521148
v 0.811019 0.0299759 -0.5293
v 0.774876 0.100036 -0.481368
v 0.781122 0.0900275 -0.489189
v 0.787273 0.0800133 -0.497086
v 0.79333 0.070002 -0.505045
v 0.799313 0.0599958 -0.513068
v 0.805229 0.0499852 -0.521138
v 0.811074 0.0399821 -0.529257
v 0.780936 0.100032 -0.489336
v 0.787131 0.0900199 -0.497195
v 0.793232 0.080012 -0.505127
v 0.799252 0.0700025 -0.513114
v 0.805207 0.0599927 -0.521155
v 0.811093 0.0499852 -0.529243
v 0.786951 0.100026 -0.497337
v 0.793095 0.0900182 -0.505234
v 0.799156 0.080006 -0.513188
v 0.805149 0.069997 -0.521201
v 0.811074 0.0599901 -0.529261
v 0.810636 0.100005 -0.5296
v 0.804761 0.100009 -0.521497
v 0.810796 0.0900001 -0.529478
v 0.798859 0.100017 -0.513423
v 0.804922 0.0900084 -0.521377
v 0.810925 0.0799965 -0.52938
v 0.792923 0.100022 -0.505368
v 0.799024 0.0900118 -0.513293
v 0.805051 0.0800034 -0.521274
v 0.811016 0.069992 -0.529303
v 4.62966e-06 0.0199994 -0.00020389
v 0.0100385 0.0199687 -0.000293021
v 0.0200401 0.00991439 -0.000734337
v 0.0200127 -0.000106655 -0.000984136
v 2.54916e-06 0.00999701 -0.000199488
v 0.0100367 0.00995975 -0.000332844
v 0.00998256 -8.24111e-05 -0.000458704
v 2.16508e-06 9.45667e-07 -0.000203009
v -0.0223376 0.0227841 -0.151537
v -0.0360704 0.0227841 -0.151537
v -0.0360704 -0.00219596 -0.151537
v -0.0223376 -0.00219596 -0.151537
v -0.0353631 -0.000845617 -0.151537
v -0.0343022 -0.000845617 -0.151537
v -0.0343022 0.00050473 -0.151537
v -0.0353631 0.00050473 -0.151537
v -0.0353631 0.00050473 -0.151537
v -0.0343022 0.00050473 -0.151537
v -0.0343022 0.00185463 -0.151537
v -0.0353631 0.00185463 -0.151537
v -0.0353631 0.00185463 -0.151537
v -0.0343022 0.00185463 -0.151537
v -0.0343022 0.00320498 -0.151537
v -0.0353631 0.00320498 -0.151537
v -0.0353631 0.00320498 -0.151537
v -0.0343022 0.00320498 -0.151537
v -0.0343022 0.00455532 -0.151537
v -0.0353631 0.00455532 -0.151537
v -0.0353631 0.00455532 -0.151537
v -0.0343022 0.00455532 -0.151537
v -0.0343022 0.00590567 -0.151537
v -0.0353631 0.00590567 -0.151537
v -0.0353631 0.00590567 -0.151537
v -0.0343022 0.00590567 -0.151537
v -0.0343022 0.00725601 -0.151537
v -0.0353631 0.00725601 -0.151537
v -0.0353631 0.00725601 -0.151537
v -0.0343022 0.00725601 -0.151537
v -0.0343022 0.00860636 -0.151537
v -0.0353631 0.00860636 -0.151537
v -0.0353631 0.00860636 -0.151537
v -0.0343022 0.00860636 -0.151537
v -0.0343022 0.00995627 -0.151537
v -0.0353631 0.00995627 -0.151537
v -0.0353631 0.00995627 -0.151537
v -0.0343022 0.00995627 -0.151537
v -0.0343022 0.0113066 -0.151537
v -0.0353631 0.0113066 -0.151537
v -0.0353631 0.0113066 -0.151537
v -0.0343022 0.0113066 -0.151537
v -0.0343022 0.012657 -0.151537
v -0.0353631 0.012657 -0.151537
v -0.0353631 0.012657 -0.151537
v -0.0343022 0.012657 -0.151537
v -0.0343022 0.0140073 -0.151537
v -0.0353631 0.0140073 -0.151537
v -0.0353631 0.0140073 -0.151537
v -0.0343022 0.0140073 -0.151537
v -0.0343022 0.0153576 -0.151537
v -0.0353631 0.0153576 -0.151537
v -0.0353631 -0.000845617 -0.151537
v -0.0339486 -0.000845617 -0.151537
v -0.0353631 0.00050473 -0.151537
v -0.0339486 0.00050473 -0.151537
v -0.0353631 0.00185463 -0.151537
v -0.0339486 0.00185463 -0.151537
v -0.0353631 0.00320498 -0.151537
v -0.0339486 0.00320498 -0.151537
v -0.0353631 0.00455532 -0.151537
v -0.0339486 0.00455532 -0.151537
v -0.0353631 0.00590567 -0.151537
v -0.0339486 0.00590567 -0.151537
v -0.0353631 0.00725601 -0.151537
v -0.0339486 0.00725601 -0.151537
v -0.0353631 0.00860636 -0.151537
v -0.0339486 0.00860636 -0.151537
v -0.0353631 0.00995627 -0.151537
v -0.0339486 0.00995627 -0.151537
v -0.0353631 0.0113066 -0.151537
v -0.0339486 0.0113066 -0.151537
v -0.0353631 0.012657 -0.151537
v -0.0339486 0.012657 -0.151537
v -0.0353631 0.0140073 -0.151537
v -0.0339486 0.0140073 -0.151537
v -0.0353631 0.0153576 -0.151537
v -0.0339486 0.0153576 -0.151537
v -0.0343022 0.0153576 -0.151537
v -0.0343022 -0.000845617 -0.151537

#List of body polygons
f 1 2 3
f 11 1 3
f 11 12 1
f 11 13 12
f 1 21 2
f 1466 1467 1465
f 1466 1468 1467
f 1466 1469 1468
f 1469 1476 1475
f 1469 1466 1476
f 1467 1478 1479
f 1478 1467 1468

#List of body polygons
f 2 4 3
f 2 5 4
f 10 3 4
f 10 11 3
f 21 5 2
f 21 22 5
f 1469 1470 1468
f 1469 1471 1470
f 1471 1475 1474
f 1471 1469 1475
f 1478 1480 1479
f 1478 1481 1480
f 1481 1468 1470
f 1481 1478 1468

#List of body polygons
f 5 6 4
f 5 7 6
f 5 8 7
f 6 10 4
f 22 8 5
f 22 23 8
f 278 6 7
f 1276 1277 1278
f 1276 1286 1277
f 1471 1472 1470
f 1471 1473 1472
f 1473 1276 1278
f 1473 1474 1276
f 1473 1471 1474
f 1481 1482 1480
f 1481 1483 1482
f 1483 1470 1472
f 1483 1481 1470

#List of body polygons
f 8 9 7
f 9 17 18
f 23 9 8
f 23 17 9
f 23 24 17
f 273 9 272
f 277 9 273
f 277 7 9
f 277 278 7
f 272 9 18
f 1277 1279 1278
f 1277 1280 1279
f 1277 1281 1280
f 1286 1281 1277
f 1286 1287 1281
f 1279 1291 1292
f 1279 1280 1291
f 1473 1279 1472
f 1279 1473 1278
f 1483 1484 1482
f 1483 1485 1484
f 1485 1279 1292
f 1485 1472 1279
f 1485 1483 1472

#List of body polygons
f 13 14 12
f 13 15 14
f 1463 1465 1464
f 1463 1466 1465
f 1466 1477 1476
f 1466 1463 1477

#List of body polygons
f 15 16 14
f 1462 1463 1464
f 1463 1462 1477

#List of body polygons
f 17 19 18
f 17 20 19
f 24 20 17
f 19 25 26
f 25 20 29
f 25 19 20
f 271 272 270
f 271 273 272
f 276 273 271
f 276 277 273
f 283 19 282
f 270 19 283
f 270 18 19
f 270 272 18
f 19 26 282
f 1281 1282 1280
f 1281 1283 1282
f 1287 1283 1281
f 1287 1288 1283
f 1291 1293 1292
f 1291 1294 1293
f 1291 1295 1294
f 1280 1295 1291
f 1280 1282 1295
f 1293 1296 1297
f 1293 1294 1296
f 1485 1486 1484
f 1485 1293 1486
f 1293 1485 1292
f 1486 1487 1488
f 1487 1293 1297
f 1487 1486 1293

#List of body polygons
f 25 27 26
f 25 28 27
f 28 25 29
f 31 27 32
f 31 33 27
f 32 28 34
f 32 27 28
f 33 35 36
f 33 31 35
f 269 270 268
f 269 271 270
f 275 271 269
f 275 276 271
f 279 281 280
f 279 282 281
f 279 283 282
f 268 283 279
f 268 270 283
f 27 284 281
f 26 281 282
f 26 27 281
f 286 33 287
f 286 284 33
f 33 284 27
f 33 36 287
f 456 281 455
f 281 456 280
f 461 284 460
f 455 284 461
f 455 281 284
f 284 286 460
f 1100 1101 1099
f 1102 1101 1103
f 1102 1104 1101
f 1101 1100 1103
f 1104 1105 1106
f 1104 1102 1105
f 1283 1284 1282
f 1283 1285 1284
f 1288 1285 1283
f 1288 1289 1285
f 1295 1101 1294
f 1282 1101 1295
f 1282 1099 1101
f 1282 1284 1099
f 1296 1298 1297
f 1296 1104 1298
f 1294 1104 1296
f 1294 1101 1104
f 1299 1298 1300
f 1299 1301 1298
f 1300 1104 1106
f 1300 1298 1104
f 1301 1302 1303
f 1301 1299 1302
f 1487 1489 1488
f 1487 1298 1489
f 1298 1487 1297
f 1491 1301 1492
f 1491 1489 1301
f 1301 1489 1298
f 1301 1303 1492

#List of body polygons
f 30 31 32
f 30 32 34
f 35 37 36
f 35 38 37
f 31 38 35
f 31 30 38
f 39 40 37
f 39 37 38
f 42 44 43
f 42 40 44
f 44 40 39
f 45 46 47
f 43 45 47
f 43 44 45
f 49 50 51
f 46 49 51
f 46 45 49
f 53 54 55
f 50 53 55
f 50 49 53
f 57 58 59
f 54 57 59
f 54 53 57
f 57 63 58
f 265 267 266
f 265 268 267
f 265 269 268
f 274 269 265
f 274 275 269
f 267 279 280
f 267 268 279
f 285 286 287
f 37 288 285
f 36 285 287
f 36 37 285
f 290 40 291
f 290 288 40
f 40 288 37
f 40 42 291
f 447 267 446
f 267 447 266
f 454 455 453
f 454 456 455
f 456 267 280
f 456 446 267
f 456 454 446
f 457 459 458
f 457 460 459
f 457 461 460
f 453 461 457
f 453 455 461
f 285 462 459
f 286 459 460
f 286 285 459
f 464 288 465
f 464 462 288
f 288 462 285
f 288 290 465
f 636 459 635
f 459 636 458
f 637 639 638
f 637 462 639
f 635 462 637
f 635 459 462
f 639 640 641
f 640 462 464
f 640 639 462
f 639 754 755
f 639 755 638
f 639 641 754
f 865 866 867
f 865 868 869
f 865 867 868
f 979 980 981
f 865 982 979
f 866 979 981
f 866 865 979
f 982 983 984
f 983 865 869
f 983 982 865
f 1093 1094 1092
f 1097 1094 1098
f 1097 1099 1094
f 1097 1100 1099
f 1094 1093 1098
f 979 1102 1103
f 1100 979 1103
f 1100 980 979
f 1100 1097 980
f 1105 1107 1106
f 1105 982 1107
f 1102 982 1105
f 1102 979 982
f 1108 1107 1109
f 1108 1110 1107
f 1109 982 984
f 1109 1107 982
f 1110 1111 1112
f 1110 1108 1111
f 1285 1094 1284
f 1289 1094 1285
f 1289 1092 1094
f 1289 1290 1092
f 1284 1094 1099
f 1107 1299 1300
f 1107 1300 1106
f 1302 1304 1303
f 1302 1110 1304
f 1299 1110 1302
f 1299 1107 1110
f 1305 1304 1306
f 1305 1307 1304
f 1306 1110 1112
f 1306 1304 1110
f 1307 1308 1309
f 1307 1305 1308
f 1490 1491 1492
f 1304 1493 1490
f 1303 1490 1492
f 1303 1304 1490
f 1307 1494 1493
f 1307 1493 1304
f 1495 1494 1496
f 1495 1497 1494
f 1496 1307 1309
f 1496 1494 1307
f 1498 1497 1499
f 1498 1500 1497
f 1497 1495 1499
f 1501 1500 1502
f 1501 1503 1500
f 1500 1498 1502
f 1504 1503 1505
f 1504 1506 1503
f 1503 1501 1505
f 1507 1506 1508
f 1507 1509 1506
f 1506 1504 1508
f 1509 1510 1511
f 1509 1507 1510

#List of body polygons
f 41 42 43
f 46 41 47
f 46 48 41
f 41 43 47
f 50 48 51
f 50 52 48
f 48 46 51
f 54 52 55
f 54 56 52
f 52 50 55
f 58 56 59
f 58 60 56
f 56 54 59
f 61 62 60
f 63 60 58
f 63 61 60
f 64 65 62
f 64 62 61
f 66 67 65
f 66 65 64
f 68 69 67
f 68 67 66
f 70 71 69
f 70 69 68
f 72 73 71
f 72 71 70
f 74 75 73
f 74 73 72
f 76 77 75
f 76 75 74
f 78 79 77
f 78 77 76
f 80 81 79
f 80 79 78
f 82 83 81
f 82 81 80
f 84 85 83
f 84 83 82
f 86 87 85
f 86 85 84
f 88 89 87
f 88 87 86
f 91 93 92
f 91 89 93
f 93 89 88
f 94 95 96
f 92 94 96
f 92 93 94
f 98 99 100
f 95 98 100
f 95 94 98
f 102 103 104
f 99 102 104
f 99 98 102
f 106 107 108
f 103 106 108
f 103 102 106
f 110 111 112
f 107 110 112
f 107 106 110
f 114 115 116
f 111 114 116
f 111 110 114
f 114 120 115
f 264 265 266
f 264 274 265
f 289 290 291
f 41 292 289
f 42 289 291
f 42 41 289
f 294 48 295
f 294 292 48
f 48 292 41
f 52 296 297
f 295 52 297
f 295 48 52
f 56 299 300
f 296 56 300
f 296 52 56
f 60 302 303
f 299 60 303
f 299 56 60
f 62 305 306
f 302 62 306
f 302 60 62
f 65 308 309
f 305 65 309
f 305 62 65
f 67 311 312
f 308 67 312
f 308 65 67
f 69 314 315
f 311 69 315
f 311 67 69
f 71 317 318
f 314 71 318
f 314 69 71
f 73 320 321
f 317 73 321
f 317 71 73
f 75 323 324
f 320 75 324
f 320 73 75
f 77 326 327
f 323 77 327
f 323 75 77
f 79 329 330
f 326 79 330
f 326 77 79
f 81 332 333
f 329 81 333
f 329 79 81
f 83 335 336
f 332 83 336
f 332 81 83
f 85 338 339
f 335 85 339
f 335 83 85
f 87 341 342
f 338 87 342
f 338 85 87
f 89 344 345
f 341 89 345
f 341 87 89
f 89 91 344
f 445 446 444
f 445 447 446
f 447 264 266
f 447 448 264
f 447 445 448
f 450 452 451
f 450 453 452
f 450 454 453
f 454 444 446
f 454 450 444
f 452 457 458
f 452 453 457
f 463 464 465
f 289 466 463
f 290 463 465
f 290 289 463
f 468 292 469
f 468 466 292
f 292 466 289
f 292 294 469
f 452 629 630
f 452 630 451
f 632 634 633
f 632 635 634
f 632 636 635
f 636 452 458
f 636 629 452
f 636 632 629
f 634 637 638
f 634 635 637
f 640 642 641
f 640 463 642
f 463 640 464
f 466 643 642
f 466 642 463
f 643 644 645
f 644 466 468
f 644 643 466
f 751 753 752
f 751 634 753
f 634 751 633
f 754 753 755
f 754 756 753
f 755 634 638
f 755 753 634
f 642 757 756
f 641 756 754
f 641 642 756
f 759 643 760
f 759 757 643
f 643 757 642
f 643 645 760
f 862 864 863
f 862 753 864
f 753 862 752
f 866 756 867
f 866 864 756
f 756 864 753
f 868 870 869
f 868 757 870
f 867 757 868
f 867 756 757
f 871 870 872
f 871 873 870
f 872 757 759
f 872 870 757
f 873 874 875
f 873 871 874
f 976 977 978
f 980 864 981
f 980 976 864
f 863 976 978
f 863 864 976
f 864 866 981
f 983 985 984
f 983 870 985
f 870 983 869
f 873 986 985
f 873 985 870
f 986 987 988
f 987 873 875
f 987 986 873
f 1089 1091 1090
f 1089 1092 1091
f 1089 1093 1092
f 1091 1095 1090
f 976 1097 1098
f 1093 976 1098
f 1093 977 976
f 1093 1089 977
f 1097 976 980
f 985 1108 1109
f 985 1109 984
f 1111 1113 1112
f 1111 986 1113
f 1108 986 1111
f 1108 985 986
f 1114 1113 1115
f 1114 1116 1113
f 1115 986 988
f 1115 1113 986
f 1116 1117 1118
f 1116 1114 1117
f 1290 1091 1092
f 1113 1305 1306
f 1113 1306 1112
f 1308 1310 1309
f 1308 1116 1310
f 1305 1116 1308
f 1305 1113 1116
f 1311 1310 1312
f 1311 1313 1310
f 1312 1116 1118
f 1312 1310 1116
f 1314 1313 1315
f 1314 1316 1313
f 1313 1311 1315
f 1317 1316 1318
f 1317 1319 1316
f 1316 1314 1318
f 1320 1319 1321
f 1320 1322 1319
f 1319 1317 1321
f 1323 1322 1324
f 1323 1325 1322
f 1322 1320 1324
f 1326 1325 1327
f 1326 1328 1325
f 1325 1323 1327
f 1329 1328 1330
f 1329 1331 1328
f 1328 1326 1330
f 1332 1331 1333
f 1332 1334 1331
f 1331 1329 1333
f 1335 1334 1336
f 1335 1337 1334
f 1334 1332 1336
f 1338 1337 1339
f 1338 1340 1337
f 1337 1335 1339
f 1341 1340 1342
f 1341 1343 1340
f 1340 1338 1342
f 1344 1343 1345
f 1344 1346 1343
f 1343 1341 1345
f 1347 1346 1348
f 1347 1349 1346
f 1346 1344 1348
f 1350 1349 1351
f 1350 1352 1349
f 1349 1347 1351
f 1353 1352 1354
f 1353 1355 1352
f 1352 1350 1354
f 1356 1355 1357
f 1356 1358 1355
f 1355 1353 1357
f 1359 1358 1360
f 1359 1361 1358
f 1358 1356 1360
f 1362 1361 1363
f 1362 1364 1361
f 1361 1359 1363
f 1364 1365 1366
f 1364 1362 1365
f 1310 1495 1496
f 1310 1496 1309
f 1313 1498 1499
f 1495 1313 1499
f 1495 1310 1313
f 1316 1501 1502
f 1498 1316 1502
f 1498 1313 1316
f 1319 1504 1505
f 1501 1319 1505
f 1501 1316 1319
f 1322 1507 1508
f 1504 1322 1508
f 1504 1319 1322
f 1510 1512 1511
f 1510 1325 1512
f 1507 1325 1510
f 1507 1322 1325
f 1328 1513 1512
f 1328 1512 1325
f 1331 1514 1513
f 1331 1513 1328
f 1334 1515 1514
f 1334 1514 1331
f 1337 1516 1515
f 1337 1515 1334
f 1340 1517 1516
f 1340 1516 1337
f 1343 1518 1517
f 1343 1517 1340
f 1346 1519 1518
f 1346 1518 1343
f 1349 1520 1519
f 1349 1519 1346
f 1352 1521 1520
f 1352 1520 1349
f 1355 1522 1521
f 1355 1521 1352
f 1358 1523 1522
f 1358 1522 1355
f 1361 1524 1523
f 1361 1523 1358
f 1364 1525 1524
f 1364 1524 1361
f 1526 1525 1527
f 1526 1528 1525
f 1527 1364 1366
f 1527 1525 1364
f 1529 1528 1530
f 1529 1531 1528
f 1528 1526 1530
f 1532 1531 1533
f 1532 1534 1531
f 1531 1529 1533
f 1535 1534 1536
f 1535 1537 1534
f 1534 1532 1536
f 1538 1537 1539
f 1538 1540 1537
f 1537 1535 1539
f 1541 1540 1542
f 1541 1543 1540
f 1540 1538 1542
f 1544 1543 1545
f 1544 1546 1543
f 1543 1541 1545
f 1546 1547 1548
f 1546 1544 1547

#List of body polygons
f 90 91 92
f 95 90 96
f 95 97 90
f 90 92 96
f 99 97 100
f 99 101 97
f 97 95 100
f 103 101 104
f 103 105 101
f 101 99 104
f 107 105 108
f 107 109 105
f 105 103 108
f 111 109 112
f 111 113 109
f 109 107 112
f 115 113 116
f 115 117 113
f 113 111 116
f 118 119 117
f 120 117 115
f 120 118 117
f 121 122 119
f 121 119 118
f 123 124 122
f 123 122 121
f 125 126 124
f 125 124 123
f 127 128 126
f 127 126 125
f 129 130 128
f 129 128 127
f 131 132 130
f 131 130 129
f 133 134 132
f 133 132 131
f 135 136 134
f 135 134 133
f 137 138 136
f 137 136 135
f 139 140 138
f 139 138 137
f 141 142 140
f 141 140 139
f 143 144 142
f 143 142 141
f 145 146 144
f 145 144 143
f 147 148 146
f 147 146 145
f 149 150 148
f 149 148 147
f 151 152 150
f 151 150 149
f 154 156 155
f 154 152 156
f 156 152 151
f 157 158 159
f 155 157 159
f 155 156 157
f 161 162 163
f 158 161 163
f 158 157 161
f 165 166 167
f 162 165 167
f 162 161 165
f 165 171 166
f 293 294 295
f 296 293 297
f 296 298 293
f 293 295 297
f 299 298 300
f 299 301 298
f 298 296 300
f 302 301 303
f 302 304 301
f 301 299 303
f 305 304 306
f 305 307 304
f 304 302 306
f 308 307 309
f 308 310 307
f 307 305 309
f 311 310 312
f 311 313 310
f 310 308 312
f 314 313 315
f 314 316 313
f 313 311 315
f 317 316 318
f 317 319 316
f 316 314 318
f 320 319 321
f 320 322 319
f 319 317 321
f 323 322 324
f 323 325 322
f 322 320 324
f 326 325 327
f 326 328 325
f 325 323 327
f 329 328 330
f 329 331 328
f 328 326 330
f 332 331 333
f 332 334 331
f 331 329 333
f 335 334 336
f 335 337 334
f 334 332 336
f 338 337 339
f 338 340 337
f 337 335 339
f 341 340 342
f 341 343 340
f 340 338 342
f 344 343 345
f 344 346 343
f 343 341 345
f 90 347 346
f 91 346 344
f 91 90 346
f 97 348 347
f 97 347 90
f 101 349 348
f 101 348 97
f 105 350 349
f 105 349 101
f 109 351 350
f 109 350 105
f 113 352 351
f 113 351 109
f 117 353 352
f 117 352 113
f 119 354 353
f 119 353 117
f 122 355 354
f 122 354 119
f 124 356 355
f 124 355 122
f 126 357 356
f 126 356 124
f 128 358 357
f 128 357 126
f 130 359 358
f 130 358 128
f 132 360 359
f 132 359 130
f 134 361 360
f 134 360 132
f 363 136 364
f 363 361 136
f 136 361 134
f 138 365 366
f 364 138 366
f 364 136 138
f 140 368 369
f 365 140 369
f 365 138 140
f 142 371 372
f 368 142 372
f 368 140 142
f 144 374 375
f 371 144 375
f 371 142 144
f 146 377 378
f 374 146 378
f 374 144 146
f 148 380 381
f 377 148 381
f 377 146 148
f 150 383 384
f 380 150 384
f 380 148 150
f 152 386 387
f 383 152 387
f 383 150 152
f 152 154 386
f 441 443 442
f 441 444 443
f 441 445 444
f 445 449 448
f 445 441 449
f 443 450 451
f 450 443 444
f 467 468 469
f 293 470 467
f 294 467 469
f 294 293 467
f 298 471 470
f 298 470 293
f 473 301 474
f 473 471 301
f 301 471 298
f 304 475 476
f 474 304 476
f 474 301 304
f 307 478 479
f 475 307 479
f 475 304 307
f 310 481 482
f 478 310 482
f 478 307 310
f 313 484 485
f 481 313 485
f 481 310 313
f 316 487 488
f 484 316 488
f 484 313 316
f 319 490 491
f 487 319 491
f 487 316 319
f 322 493 494
f 490 322 494
f 490 319 322
f 325 496 497
f 493 325 497
f 493 322 325
f 328 499 500
f 496 328 500
f 496 325 328
f 331 502 503
f 499 331 503
f 499 328 331
f 334 505 506
f 502 334 506
f 502 331 334
f 337 508 509
f 505 337 509
f 505 334 337
f 340 511 512
f 508 340 512
f 508 337 340
f 343 514 515
f 511 343 515
f 511 340 343
f 346 517 518
f 514 346 518
f 514 343 346
f 347 520 521
f 517 347 521
f 517 346 347
f 348 523 524
f 520 348 524
f 520 347 348
f 349 526 527
f 523 349 527
f 523 348 349
f 350 529 530
f 526 350 530
f 526 349 350
f 351 532 533
f 529 351 533
f 529 350 351
f 352 535 536
f 532 352 536
f 532 351 352
f 353 538 539
f 535 353 539
f 535 352 353
f 354 541 542
f 538 354 542
f 538 353 354
f 355 544 545
f 541 355 545
f 541 354 355
f 356 547 548
f 544 356 548
f 544 355 356
f 357 550 551
f 547 357 551
f 547 356 357
f 358 553 554
f 550 358 554
f 550 357 358
f 359 556 557
f 553 359 557
f 553 358 359
f 360 559 560
f 556 360 560
f 556 359 360
f 361 562 563
f 559 361 563
f 559 360 361
f 361 363 562
f 626 628 627
f 626 443 628
f 443 626 442
f 629 628 630
f 629 631 628
f 630 443 451
f 630 628 443
f 631 632 633
f 632 631 629
f 644 646 645
f 644 467 646
f 467 644 468
f 648 470 649
f 648 646 470
f 470 646 467
f 471 650 651
f 649 471 651
f 649 470 471
f 471 473 650
f 628 744 745
f 628 745 627
f 748 750 749
f 748 631 750
f 744 631 748
f 744 628 631
f 750 751 752
f 751 631 633
f 751 750 631
f 758 759 760
f 646 761 758
f 645 758 760
f 645 646 758
f 761 762 763
f 762 646 648
f 762 761 646
f 857 858 859
f 750 861 857
f 749 857 859
f 749 750 857
f 861 862 863
f 862 750 752
f 862 861 750
f 758 871 872
f 758 872 759
f 874 876 875
f 874 761 876
f 871 761 874
f 871 758 761
f 876 877 878
f 877 761 763
f 877 876 761
f 973 975 974
f 973 857 975
f 857 973 858
f 977 861 978
f 977 975 861
f 861 975 857
f 861 863 978
f 987 989 988
f 987 876 989
f 876 987 875
f 990 989 991
f 990 992 989
f 991 876 878
f 991 989 876
f 993 992 994
f 993 995 992
f 992 990 994
f 995 996 997
f 995 993 996
f 975 1089 1090
f 1095 975 1090
f 1095 974 975
f 1095 1096 974
f 1089 975 977
f 989 1114 1115
f 989 1115 988
f 1117 1119 1118
f 1117 992 1119
f 1114 992 1117
f 1114 989 992
f 995 1120 1119
f 995 1119 992
f 1121 1120 1122
f 1121 1123 1120
f 1122 995 997
f 1122 1120 995
f 1124 1123 1125
f 1124 1126 1123
f 1123 1121 1125
f 1127 1126 1128
f 1127 1129 1126
f 1126 1124 1128
f 1130 1129 1131
f 1130 1132 1129
f 1129 1127 1131
f 1133 1132 1134
f 1133 1135 1132
f 1132 1130 1134
f 1136 1135 1137
f 1136 1138 1135
f 1135 1133 1137
f 1139 1138 1140
f 1139 1141 1138
f 1138 1136 1140
f 1142 1141 1143
f 1142 1144 1141
f 1141 1139 1143
f 1145 1144 1146
f 1145 1147 1144
f 1144 1142 1146
f 1148 1147 1149
f 1148 1150 1147
f 1147 1145 1149
f 1151 1150 1152
f 1151 1153 1150
f 1150 1148 1152
f 1154 1153 1155
f 1154 1156 1153
f 1153 1151 1155
f 1157 1156 1158
f 1157 1159 1156
f 1156 1154 1158
f 1160 1159 1161
f 1160 1162 1159
f 1159 1157 1161
f 1163 1162 1164
f 1163 1165 1162
f 1162 1160 1164
f 1166 1165 1167
f 1166 1168 1165
f 1165 1163 1167
f 1169 1168 1170
f 1169 1171 1168
f 1168 1166 1170
f 1172 1171 1173
f 1172 1174 1171
f 1171 1169 1173
f 1175 1174 1176
f 1175 1177 1174
f 1174 1172 1176
f 1178 1177 1179
f 1178 1180 1177
f 1177 1175 1179
f 1181 1180 1182
f 1181 1183 1180
f 1180 1178 1182
f 1184 1183 1185
f 1184 1186 1183
f 1183 1181 1185
f 1187 1186 1188
f 1187 1189 1186
f 1186 1184 1188
f 1190 1189 1191
f 1190 1192 1189
f 1189 1187 1191
f 1193 1192 1194
f 1193 1195 1192
f 1192 1190 1194
f 1196 1195 1197
f 1196 1198 1195
f 1195 1193 1197
f 1199 1198 1200
f 1199 1201 1198
f 1198 1196 1200
f 1202 1201 1203
f 1202 1204 1201
f 1201 1199 1203
f 1205 1204 1206
f 1205 1207 1204
f 1204 1202 1206
f 1208 1207 1209
f 1208 1210 1207
f 1207 1205 1209
f 1211 1210 1212
f 1211 1213 1210
f 1210 1208 1212
f 1213 1214 1215
f 1213 1211 1214
f 1119 1311 1312
f 1119 1312 1118
f 1120 1314 1315
f 1311 1120 1315
f 1311 1119 1120
f 1123 1317 1318
f 1314 1123 1318
f 1314 1120 1123
f 1126 1320 1321
f 1317 1126 1321
f 1317 1123 1126
f 1129 1323 1324
f 1320 1129 1324
f 1320 1126 1129
f 1132 1326 1327
f 1323 1132 1327
f 1323 1129 1132
f 1135 1329 1330
f 1326 1135 1330
f 1326 1132 1135
f 1138 1332 1333
f 1329 1138 1333
f 1329 1135 1138
f 1141 1335 1336
f 1332 1141 1336
f 1332 1138 1141
f 1144 1338 1339
f 1335 1144 1339
f 1335 1141 1144
f 1147 1341 1342
f 1338 1147 1342
f 1338 1144 1147
f 1150 1344 1345
f 1341 1150 1345
f 1341 1147 1150
f 1153 1347 1348
f 1344 1153 1348
f 1344 1150 1153
f 1156 1350 1351
f 1347 1156 1351
f 1347 1153 1156
f 1159 1353 1354
f 1350 1159 1354
f 1350 1156 1159
f 1162 1356 1357
f 1353 1162 1357
f 1353 1159 1162
f 1165 1359 1360
f 1356 1165 1360
f 1356 1162 1165
f 1168 1362 1363
f 1359 1168 1363
f 1359 1165 1168
f 1365 1367 1366
f 1365 1171 1367
f 1362 1171 1365
f 1362 1168 1171
f 1174 1368 1367
f 1174 1367 1171
f 1177 1369 1368
f 1177 1368 1174
f 1180 1370 1369
f 1180 1369 1177
f 1183 1371 1370
f 1183 1370 1180
f 1186 1372 1371
f 1186 1371 1183
f 1189 1373 1372
f 1189 1372 1186
f 1192 1374 1373
f 1192 1373 1189
f 1195 1375 1374
f 1195 1374 1192
f 1198 1376 1375
f 1198 1375 1195
f 1201 1377 1376
f 1201 1376 1198
f 1204 1378 1377
f 1204 1377 1201
f 1207 1379 1378
f 1207 1378 1204
f 1210 1380 1379
f 1210 1379 1207
f 1213 1381 1380
f 1213 1380 1210
f 1382 1381 1383
f 1382 1384 1381
f 1383 1213 1215
f 1383 1381 1213
f 1385 1384 1386
f 1385 1387 1384
f 1384 1382 1386
f 1388 1387 1389
f 1388 1390 1387
f 1387 1385 1389
f 1391 1390 1392
f 1391 1393 1390
f 1390 1388 1392
f 1394 1393 1395
f 1394 1396 1393
f 1393 1391 1395
f 1397 1396 1398
f 1397 1399 1396
f 1396 1394 1398
f 1400 1399 1401
f 1400 1402 1399
f 1399 1397 1401
f 1403 1402 1404
f 1403 1405 1402
f 1402 1400 1404
f 1406 1405 1407
f 1406 1408 1405
f 1405 1403 1407
f 1408 1409 1410
f 1408 1406 1409
f 1367 1526 1527
f 1367 1527 1366
f 1368 1529 1530
f 1526 1368 1530
f 1526 1367 1368
f 1369 1532 1533
f 1529 1369 1533
f 1529 1368 1369
f 1370 1535 1536
f 1532 1370 1536
f 1532 1369 1370
f 1371 1538 1539
f 1535 1371 1539
f 1535 1370 1371
f 1372 1541 1542
f 1538 1372 1542
f 1538 1371 1372
f 1373 1544 1545
f 1541 1373 1545
f 1541 1372 1373
f 1547 1549 1548
f 1547 1374 1549
f 1544 1374 1547
f 1544 1373 1374
f 1375 1550 1549
f 1375 1549 1374
f 1376 1551 1550
f 1376 1550 1375
f 1377 1552 1551
f 1377 1551 1376
f 1378 1553 1552
f 1378 1552 1377
f 1379 1554 1553
f 1379 1553 1378
f 1380 1555 1554
f 1380 1554 1379
f 1381 1556 1555
f 1381 1555 1380
f 1384 1557 1556
f 1384 1556 1381
f 1387 1558 1557
f 1387 1557 1384
f 1390 1559 1558
f 1390 1558 1387
f 1393 1560 1559
f 1393 1559 1390
f 1396 1561 1560
f 1396 1560 1393
f 1399 1562 1561
f 1399 1561 1396
f 1402 1563 1562
f 1402 1562 1399
f 1405 1564 1563
f 1405 1563 1402
f 1408 1565 1564
f 1408 1564 1405
f 1566 1565 1567
f 1566 1568 1565
f 1567 1408 1410
f 1567 1565 1408
f 1569 1568 1570
f 1569 1571 1568
f 1568 1566 1570
f 1572 1571 1573
f 1572 1574 1571
f 1571 1569 1573
f 1575 1574 1576
f 1575 1577 1574
f 1574 1572 1576
f 1577 1578 1579
f 1577 1575 1578

#List of body polygons
f 153 154 155
f 158 153 159
f 158 160 153
f 153 155 159
f 162 160 163
f 162 164 160
f 160 158 163
f 166 164 167
f 166 168 164
f 164 162 167
f 169 170 168
f 171 168 166
f 171 169 168
f 172 173 170
f 172 170 169
f 174 175 173
f 174 173 172
f 176 177 175
f 176 175 174
f 178 179 177
f 178 177 176
f 180 181 179
f 180 179 178
f 182 183 181
f 182 181 180
f 184 185 183
f 184 183 182
f 186 187 185
f 186 185 184
f 188 189 187
f 188 187 186
f 190 191 189
f 190 189 188
f 192 193 191
f 192 191 190
f 194 195 193
f 194 193 192
f 196 197 195
f 196 195 194
f 198 199 197
f 198 197 196
f 200 201 199
f 200 199 198
f 202 203 201
f 202 201 200
f 204 205 203
f 204 203 202
f 206 207 205
f 206 205 204
f 208 209 207
f 208 207 206
f 210 211 209
f 210 209 208
f 212 213 211
f 212 211 210
f 214 215 213
f 214 213 212
f 216 217 215
f 216 215 214
f 218 219 217
f 218 217 216
f 220 221 219
f 220 219 218
f 222 223 221
f 222 221 220
f 224 225 223
f 224 223 222
f 226 227 225
f 226 225 224
f 228 229 227
f 228 227 226
f 230 231 229
f 230 229 228
f 232 233 231
f 232 231 230
f 234 235 233
f 234 233 232
f 236 237 235
f 236 235 234
f 238 239 237
f 238 237 236
f 240 241 239
f 240 239 238
f 242 243 241
f 242 241 240
f 244 245 243
f 244 243 242
f 246 247 245
f 246 245 244
f 248 249 247
f 248 247 246
f 250 251 249
f 250 249 248
f 252 253 251
f 252 251 250
f 254 255 253
f 254 253 252
f 256 257 255
f 256 255 254
f 258 259 257
f 258 257 256
f 260 261 259
f 260 259 258
f 262 263 261
f 262 261 260
f 362 363 364
f 365 362 366
f 365 367 362
f 362 364 366
f 368 367 369
f 368 370 367
f 367 365 369
f 371 370 372
f 371 373 370
f 370 368 372
f 374 373 375
f 374 376 373
f 373 371 375
f 377 376 378
f 377 379 376
f 376 374 378
f 380 379 381
f 380 382 379
f 379 377 381
f 383 382 384
f 383 385 382
f 382 380 384
f 386 385 387
f 386 388 385
f 385 383 387
f 153 389 388
f 154 388 386
f 154 153 388
f 160 390 389
f 160 389 153
f 164 391 390
f 164 390 160
f 168 392 391
f 168 391 164
f 170 393 392
f 170 392 168
f 173 394 393
f 173 393 170
f 175 395 394
f 175 394 173
f 177 396 395
f 177 395 175
f 179 397 396
f 179 396 177
f 181 398 397
f 181 397 179
f 183 399 398
f 183 398 181
f 185 400 399
f 185 399 183
f 187 401 400
f 187 400 185
f 189 402 401
f 189 401 187
f 191 403 402
f 191 402 189
f 193 404 403
f 193 403 191
f 195 405 404
f 195 404 193
f 197 406 405
f 197 405 195
f 199 407 406
f 199 406 197
f 201 408 407
f 201 407 199
f 203 409 408
f 203 408 201
f 205 410 409
f 205 409 203
f 207 411 410
f 207 410 205
f 209 412 411
f 209 411 207
f 211 413 412
f 211 412 209
f 213 414 413
f 213 413 211
f 215 415 414
f 215 414 213
f 217 416 415
f 217 415 215
f 219 417 416
f 219 416 217
f 221 418 417
f 221 417 219
f 223 419 418
f 223 418 221
f 225 420 419
f 225 419 223
f 227 421 420
f 227 420 225
f 229 422 421
f 229 421 227
f 231 423 422
f 231 422 229
f 233 424 423
f 233 423 231
f 235 425 424
f 235 424 233
f 237 426 425
f 237 425 235
f 239 427 426
f 239 426 237
f 241 428 427
f 241 427 239
f 243 429 428
f 243 428 241
f 245 430 429
f 245 429 243
f 247 431 430
f 247 430 245
f 249 432 431
f 249 431 247
f 251 433 432
f 251 432 249
f 253 434 433
f 253 433 251
f 255 435 434
f 255 434 253
f 257 436 435
f 257 435 255
f 259 437 436
f 259 436 257
f 261 438 437
f 261 437 259
f 263 439 438
f 263 438 261
f 440 441 442
f 441 440 449
f 472 473 474
f 475 472 476
f 475 477 472
f 472 474 476
f 478 477 479
f 478 480 477
f 477 475 479
f 481 480 482
f 481 483 480
f 480 478 482
f 484 483 485
f 484 486 483
f 483 481 485
f 487 486 488
f 487 489 486
f 486 484 488
f 490 489 491
f 490 492 489
f 489 487 491
f 493 492 494
f 493 495 492
f 492 490 494
f 496 495 497
f 496 498 495
f 495 493 497
f 499 498 500
f 499 501 498
f 498 496 500
f 502 501 503
f 502 504 501
f 501 499 503
f 505 504 506
f 505 507 504
f 504 502 506
f 508 507 509
f 508 510 507
f 507 505 509
f 511 510 512
f 511 513 510
f 510 508 512
f 514 513 515
f 514 516 513
f 513 511 515
f 517 516 518
f 517 519 516
f 516 514 518
f 520 519 521
f 520 522 519
f 519 517 521
f 523 522 524
f 523 525 522
f 522 520 524
f 526 525 527
f 526 528 525
f 525 523 527
f 529 528 530
f 529 531 528
f 528 526 530
f 532 531 533
f 532 534 531
f 531 529 533
f 535 534 536
f 535 537 534
f 534 532 536
f 538 537 539
f 538 540 537
f 537 535 539
f 541 540 542
f 541 543 540
f 540 538 542
f 544 543 545
f 544 546 543
f 543 541 545
f 547 546 548
f 547 549 546
f 546 544 548
f 550 549 551
f 550 552 549
f 549 547 551
f 553 552 554
f 553 555 552
f 552 550 554
f 556 555 557
f 556 558 555
f 555 553 557
f 559 558 560
f 559 561 558
f 558 556 560
f 562 561 563
f 562 564 561
f 561 559 563
f 362 565 564
f 363 564 562
f 363 362 564
f 367 566 565
f 367 565 362
f 370 567 566
f 370 566 367
f 373 568 567
f 373 567 370
f 376 569 568
f 376 568 373
f 379 570 569
f 379 569 376
f 382 571 570
f 382 570 379
f 385 572 571
f 385 571 382
f 388 573 572
f 388 572 385
f 389 574 573
f 389 573 388
f 390 575 574
f 390 574 389
f 391 576 575
f 391 575 390
f 392 577 576
f 392 576 391
f 393 578 577
f 393 577 392
f 394 579 578
f 394 578 393
f 395 580 579
f 395 579 394
f 396 581 580
f 396 580 395
f 397 582 581
f 397 581 396
f 398 583 582
f 398 582 397
f 399 584 583
f 399 583 398
f 400 585 584
f 400 584 399
f 401 586 585
f 401 585 400
f 402 587 586
f 402 586 401
f 403 588 587
f 403 587 402
f 404 589 588
f 404 588 403
f 405 590 589
f 405 589 404
f 406 591 590
f 406 590 405
f 407 592 591
f 407 591 406
f 408 593 592
f 408 592 407
f 409 594 593
f 409 593 408
f 410 595 594
f 410 594 409
f 411 596 595
f 411 595 410
f 412 597 596
f 412 596 411
f 413 598 597
f 413 597 412
f 414 599 598
f 414 598 413
f 415 600 599
f 415 599 414
f 416 601 600
f 416 600 415
f 417 602 601
f 417 601 416
f 418 603 602
f 418 602 417
f 419 604 603
f 419 603 418
f 420 605 604
f 420 604 419
f 421 606 605
f 421 605 420
f 422 607 606
f 422 606 421
f 423 608 607
f 423 607 422
f 424 609 608
f 424 608 423
f 425 610 609
f 425 609 424
f 426 611 610
f 426 610 425
f 427 612 611
f 427 611 426
f 428 613 612
f 428 612 427
f 429 614 613
f 429 613 428
f 430 615 614
f 430 614 429
f 431 616 615
f 431 615 430
f 432 617 616
f 432 616 431
f 433 618 617
f 433 617 432
f 434 619 618
f 434 618 433
f 435 620 619
f 435 619 434
f 436 621 620
f 436 620 435
f 437 622 621
f 437 621 436
f 438 623 622
f 438 622 437
f 439 624 623
f 439 623 438
f 625 626 627
f 626 440 442
f 626 625 440
f 647 648 649
f 650 647 651
f 650 652 647
f 647 649 651
f 472 653 652
f 473 652 650
f 473 472 652
f 477 654 653
f 477 653 472
f 480 655 654
f 480 654 477
f 483 656 655
f 483 655 480
f 486 657 656
f 486 656 483
f 489 658 657
f 489 657 486
f 492 659 658
f 492 658 489
f 495 660 659
f 495 659 492
f 498 661 660
f 498 660 495
f 501 662 661
f 501 661 498
f 504 663 662
f 504 662 501
f 507 664 663
f 507 663 504
f 510 665 664
f 510 664 507
f 513 666 665
f 513 665 510
f 516 667 666
f 516 666 513
f 519 668 667
f 519 667 516
f 522 669 668
f 522 668 519
f 525 670 669
f 525 669 522
f 528 671 670
f 528 670 525
f 531 672 671
f 531 671 528
f 534 673 672
f 534 672 531
f 537 674 673
f 537 673 534
f 540 675 674
f 540 674 537
f 543 676 675
f 543 675 540
f 546 677 676
f 546 676 543
f 549 678 677
f 549 677 546
f 552 679 678
f 552 678 549
f 555 680 679
f 555 679 552
f 558 681 680
f 558 680 555
f 561 682 681
f 561 681 558
f 564 683 682
f 564 682 561
f 565 684 683
f 565 683 564
f 566 685 684
f 566 684 565
f 567 686 685
f 567 685 566
f 568 687 686
f 568 686 567
f 569 688 687
f 569 687 568
f 570 689 688
f 570 688 569
f 571 690 689
f 571 689 570
f 572 691 690
f 572 690 571
f 573 692 691
f 573 691 572
f 574 693 692
f 574 692 573
f 575 694 693
f 575 693 574
f 576 695 694
f 576 694 575
f 577 696 695
f 577 695 576
f 578 697 696
f 578 696 577
f 579 698 697
f 579 697 578
f 580 699 698
f 580 698 579
f 581 700 699
f 581 699 580
f 582 701 700
f 582 700 581
f 583 702 701
f 583 701 582
f 584 703 702
f 584 702 583
f 585 704 703
f 585 703 584
f 586 705 704
f 586 704 585
f 587 706 705
f 587 705 586
f 588 707 706
f 588 706 587
f 589 708 707
f 589 707 588
f 590 709 708
f 590 708 589
f 591 710 709
f 591 709 590
f 592 711 710
f 592 710 591
f 593 712 711
f 593 711 592
f 594 713 712
f 594 712 593
f 595 714 713
f 595 713 594
f 596 715 714
f 596 714 595
f 597 716 715
f 597 715 596
f 598 717 716
f 598 716 597
f 599 718 717
f 599 717 598
f 600 719 718
f 600 718 599
f 601 720 719
f 601 719 600
f 602 721 720
f 602 720 601
f 603 722 721
f 603 721 602
f 604 723 722
f 604 722 603
f 605 724 723
f 605 723 604
f 606 725 724
f 606 724 605
f 607 726 725
f 607 725 606
f 608 727 726
f 608 726 607
f 609 728 727
f 609 727 608
f 610 729 728
f 610 728 609
f 611 730 729
f 611 729 610
f 612 731 730
f 612 730 611
f 613 732 731
f 613 731 612
f 614 733 732
f 614 732 613
f 615 734 733
f 615 733 614
f 616 735 734
f 616 734 615
f 617 736 735
f 617 735 616
f 618 737 736
f 618 736 617
f 619 738 737
f 619 737 618
f 620 739 738
f 620 738 619
f 621 740 739
f 621 739 620
f 622 741 740
f 622 740 621
f 623 742 741
f 623 741 622
f 624 743 742
f 624 742 623
f 744 746 745
f 744 747 746
f 745 625 627
f 745 746 625
f 747 748 749
f 747 744 748
f 762 764 763
f 762 647 764
f 647 762 648
f 652 765 764
f 652 764 647
f 653 766 765
f 653 765 652
f 654 767 766
f 654 766 653
f 655 768 767
f 655 767 654
f 656 769 768
f 656 768 655
f 657 770 769
f 657 769 656
f 658 771 770
f 658 770 657
f 659 772 771
f 659 771 658
f 660 773 772
f 660 772 659
f 661 774 773
f 661 773 660
f 662 775 774
f 662 774 661
f 663 776 775
f 663 775 662
f 664 777 776
f 664 776 663
f 665 778 777
f 665 777 664
f 666 779 778
f 666 778 665
f 667 780 779
f 667 779 666
f 668 781 780
f 668 780 667
f 669 782 781
f 669 781 668
f 670 783 782
f 670 782 669
f 671 784 783
f 671 783 670
f 672 785 784
f 672 784 671
f 673 786 785
f 673 785 672
f 674 787 786
f 674 786 673
f 675 788 787
f 675 787 674
f 676 789 788
f 676 788 675
f 677 790 789
f 677 789 676
f 678 791 790
f 678 790 677
f 679 792 791
f 679 791 678
f 680 793 792
f 680 792 679
f 681 794 793
f 681 793 680
f 682 795 794
f 682 794 681
f 683 796 795
f 683 795 682
f 684 797 796
f 684 796 683
f 685 798 797
f 685 797 684
f 686 799 798
f 686 798 685
f 687 800 799
f 687 799 686
f 688 801 800
f 688 800 687
f 689 802 801
f 689 801 688
f 690 803 802
f 690 802 689
f 691 804 803
f 691 803 690
f 692 805 804
f 692 804 691
f 693 806 805
f 693 805 692
f 694 807 806
f 694 806 693
f 695 808 807
f 695 807 694
f 696 809 808
f 696 808 695
f 697 810 809
f 697 809 696
f 698 811 810
f 698 810 697
f 699 812 811
f 699 811 698
f 700 813 812
f 700 812 699
f 701 814 813
f 701 813 700
f 702 815 814
f 702 814 701
f 703 816 815
f 703 815 702
f 704 817 816
f 704 816 703
f 705 818 817
f 705 817 704
f 706 819 818
f 706 818 705
f 707 820 819
f 707 819 706
f 708 821 820
f 708 820 707
f 709 822 821
f 709 821 708
f 710 823 822
f 710 822 709
f 711 824 823
f 711 823 710
f 712 825 824
f 712 824 711
f 713 826 825
f 713 825 712
f 714 827 826
f 714 826 713
f 715 828 827
f 715 827 714
f 716 829 828
f 716 828 715
f 717 830 829
f 717 829 716
f 718 831 830
f 718 830 717
f 719 832 831
f 719 831 718
f 720 833 832
f 720 832 719
f 721 834 833
f 721 833 720
f 722 835 834
f 722 834 721
f 723 836 835
f 723 835 722
f 724 837 836
f 724 836 723
f 725 838 837
f 725 837 724
f 726 839 838
f 726 838 725
f 727 840 839
f 727 839 726
f 728 841 840
f 728 840 727
f 729 842 841
f 729 841 728
f 730 843 842
f 730 842 729
f 731 844 843
f 731 843 730
f 732 845 844
f 732 844 731
f 733 846 845
f 733 845 732
f 734 847 846
f 734 846 733
f 735 848 847
f 735 847 734
f 736 849 848
f 736 848 735
f 737 850 849
f 737 849 736
f 738 851 850
f 738 850 737
f 739 852 851
f 739 851 738
f 740 853 852
f 740 852 739
f 741 854 853
f 741 853 740
f 742 855 854
f 742 854 741
f 743 856 855
f 743 855 742
f 858 747 859
f 858 860 747
f 747 860 746
f 747 749 859
f 877 879 878
f 877 764 879
f 764 877 763
f 765 880 879
f 765 879 764
f 766 881 880
f 766 880 765
f 767 882 881
f 767 881 766
f 768 883 882
f 768 882 767
f 769 884 883
f 769 883 768
f 770 885 884
f 770 884 769
f 771 886 885
f 771 885 770
f 772 887 886
f 772 886 771
f 773 888 887
f 773 887 772
f 774 889 888
f 774 888 773
f 775 890 889
f 775 889 774
f 776 891 890
f 776 890 775
f 777 892 891
f 777 891 776
f 778 893 892
f 778 892 777
f 779 894 893
f 779 893 778
f 780 895 894
f 780 894 779
f 781 896 895
f 781 895 780
f 782 897 896
f 782 896 781
f 783 898 897
f 783 897 782
f 784 899 898
f 784 898 783
f 785 900 899
f 785 899 784
f 786 901 900
f 786 900 785
f 787 902 901
f 787 901 786
f 788 903 902
f 788 902 787
f 789 904 903
f 789 903 788
f 790 905 904
f 790 904 789
f 791 906 905
f 791 905 790
f 792 907 906
f 792 906 791
f 793 908 907
f 793 907 792
f 794 909 908
f 794 908 793
f 795 910 909
f 795 909 794
f 796 911 910
f 796 910 795
f 797 912 911
f 797 911 796
f 798 913 912
f 798 912 797
f 799 914 913
f 799 913 798
f 800 915 914
f 800 914 799
f 801 916 915
f 801 915 800
f 802 917 916
f 802 916 801
f 803 918 917
f 803 917 802
f 804 919 918
f 804 918 803
f 805 920 919
f 805 919 804
f 806 921 920
f 806 920 805
f 807 922 921
f 807 921 806
f 808 923 922
f 808 922 807
f 809 924 923
f 809 923 808
f 810 925 924
f 810 924 809
f 811 926 925
f 811 925 810
f 812 927 926
f 812 926 811
f 813 928 927
f 813 927 812
f 814 929 928
f 814 928 813
f 815 930 929
f 815 929 814
f 816 931 930
f 816 930 815
f 817 932 931
f 817 931 816
f 818 933 932
f 818 932 817
f 819 934 933
f 819 933 818
f 820 935 934
f 820 934 819
f 821 936 935
f 821 935 820
f 822 937 936
f 822 936 821
f 823 938 937
f 823 937 822
f 824 939 938
f 824 938 823
f 825 940 939
f 825 939 824
f 826 941 940
f 826 940 825
f 827 942 941
f 827 941 826
f 828 943 942
f 828 942 827
f 829 944 943
f 829 943 828
f 830 945 944
f 830 944 829
f 831 946 945
f 831 945 830
f 832 947 946
f 832 946 831
f 833 948 947
f 833 947 832
f 834 949 948
f 834 948 833
f 835 950 949
f 835 949 834
f 836 951 950
f 836 950 835
f 837 952 951
f 837 951 836
f 838 953 952
f 838 952 837
f 839 954 953
f 839 953 838
f 840 955 954
f 840 954 839
f 841 956 955
f 841 955 840
f 842 957 956
f 842 956 841
f 843 958 957
f 843 957 842
f 844 959 958
f 844 958 843
f 845 960 959
f 845 959 844
f 846 961 960
f 846 960 845
f 847 962 961
f 847 961 846
f 848 963 962
f 848 962 847
f 849 964 963
f 849 963 848
f 850 965 964
f 850 964 849
f 851 966 965
f 851 965 850
f 852 967 966
f 852 966 851
f 853 968 967
f 853 967 852
f 854 969 968
f 854 968 853
f 855 970 969
f 855 969 854
f 856 971 970
f 856 970 855
f 972 973 974
f 973 860 858
f 973 972 860
f 879 990 991
f 879 991 878
f 880 993 994
f 990 880 994
f 990 879 880
f 996 998 997
f 996 881 998
f 993 881 996
f 993 880 881
f 882 999 998
f 882 998 881
f 883 1000 999
f 883 999 882
f 884 1001 1000
f 884 1000 883
f 885 1002 1001
f 885 1001 884
f 886 1003 1002
f 886 1002 885
f 887 1004 1003
f 887 1003 886
f 888 1005 1004
f 888 1004 887
f 889 1006 1005
f 889 1005 888
f 890 1007 1006
f 890 1006 889
f 891 1008 1007
f 891 1007 890
f 892 1009 1008
f 892 1008 891
f 893 1010 1009
f 893 1009 892
f 894 1011 1010
f 894 1010 893
f 895 1012 1011
f 895 1011 894
f 896 1013 1012
f 896 1012 895
f 897 1014 1013
f 897 1013 896
f 898 1015 1014
f 898 1014 897
f 899 1016 1015
f 899 1015 898
f 900 1017 1016
f 900 1016 899
f 901 1018 1017
f 901 1017 900
f 902 1019 1018
f 902 1018 901
f 903 1020 1019
f 903 1019 902
f 904 1021 1020
f 904 1020 903
f 905 1022 1021
f 905 1021 904
f 906 1023 1022
f 906 1022 905
f 907 1024 1023
f 907 1023 906
f 908 1025 1024
f 908 1024 907
f 909 1026 1025
f 909 1025 908
f 910 1027 1026
f 910 1026 909
f 911 1028 1027
f 911 1027 910
f 912 1029 1028
f 912 1028 911
f 913 1030 1029
f 913 1029 912
f 914 1031 1030
f 914 1030 913
f 915 1032 1031
f 915 1031 914
f 916 1033 1032
f 916 1032 915
f 917 1034 1033
f 917 1033 916
f 918 1035 1034
f 918 1034 917
f 919 1036 1035
f 919 1035 918
f 920 1037 1036
f 920 1036 919
f 921 1038 1037
f 921 1037 920
f 922 1039 1038
f 922 1038 921
f 923 1040 1039
f 923 1039 922
f 924 1041 1040
f 924 1040 923
f 925 1042 1041
f 925 1041 924
f 926 1043 1042
f 926 1042 925
f 927 1044 1043
f 927 1043 926
f 928 1045 1044
f 928 1044 927
f 929 1046 1045
f 929 1045 928
f 930 1047 1046
f 930 1046 929
f 931 1048 1047
f 931 1047 930
f 932 1049 1048
f 932 1048 931
f 933 1050 1049
f 933 1049 932
f 934 1051 1050
f 934 1050 933
f 935 1052 1051
f 935 1051 934
f 936 1053 1052
f 936 1052 935
f 937 1054 1053
f 937 1053 936
f 938 1055 1054
f 938 1054 937
f 939 1056 1055
f 939 1055 938
f 940 1057 1056
f 940 1056 939
f 941 1058 1057
f 941 1057 940
f 942 1059 1058
f 942 1058 941
f 943 1060 1059
f 943 1059 942
f 944 1061 1060
f 944 1060 943
f 945 1062 1061
f 945 1061 944
f 946 1063 1062
f 946 1062 945
f 947 1064 1063
f 947 1063 946
f 948 1065 1064
f 948 1064 947
f 949 1066 1065
f 949 1065 948
f 950 1067 1066
f 950 1066 949
f 951 1068 1067
f 951 1067 950
f 952 1069 1068
f 952 1068 951
f 953 1070 1069
f 953 1069 952
f 954 1071 1070
f 954 1070 953
f 955 1072 1071
f 955 1071 954
f 956 1073 1072
f 956 1072 955
f 957 1074 1073
f 957 1073 956
f 958 1075 1074
f 958 1074 957
f 959 1076 1075
f 959 1075 958
f 960 1077 1076
f 960 1076 959
f 961 1078 1077
f 961 1077 960
f 962 1079 1078
f 962 1078 961
f 963 1080 1079
f 963 1079 962
f 964 1081 1080
f 964 1080 963
f 965 1082 1081
f 965 1081 964
f 966 1083 1082
f 966 1082 965
f 967 1084 1083
f 967 1083 966
f 968 1085 1084
f 968 1084 967
f 969 1086 1085
f 969 1085 968
f 970 1087 1086
f 970 1086 969
f 971 1088 1087
f 971 1087 970
f 1096 972 974
f 998 1121 1122
f 998 1122 997
f 999 1124 1125
f 1121 999 1125
f 1121 998 999
f 1000 1127 1128
f 1124 1000 1128
f 1124 999 1000
f 1001 1130 1131
f 1127 1001 1131
f 1127 1000 1001
f 1002 1133 1134
f 1130 1002 1134
f 1130 1001 1002
f 1003 1136 1137
f 1133 1003 1137
f 1133 1002 1003
f 1004 1139 1140
f 1136 1004 1140
f 1136 1003 1004
f 1005 1142 1143
f 1139 1005 1143
f 1139 1004 1005
f 1006 1145 1146
f 1142 1006 1146
f 1142 1005 1006
f 1007 1148 1149
f 1145 1007 1149
f 1145 1006 1007
f 1008 1151 1152
f 1148 1008 1152
f 1148 1007 1008
f 1009 1154 1155
f 1151 1009 1155
f 1151 1008 1009
f 1010 1157 1158
f 1154 1010 1158
f 1154 1009 1010
f 1011 1160 1161
f 1157 1011 1161
f 1157 1010 1011
f 1012 1163 1164
f 1160 1012 1164
f 1160 1011 1012
f 1013 1166 1167
f 1163 1013 1167
f 1163 1012 1013
f 1014 1169 1170
f 1166 1014 1170
f 1166 1013 1014
f 1015 1172 1173
f 1169 1015 1173
f 1169 1014 1015
f 1016 1175 1176
f 1172 1016 1176
f 1172 1015 1016
f 1017 1178 1179
f 1175 1017 1179
f 1175 1016 1017
f 1018 1181 1182
f 1178 1018 1182
f 1178 1017 1018
f 1019 1184 1185
f 1181 1019 1185
f 1181 1018 1019
f 1020 1187 1188
f 1184 1020 1188
f 1184 1019 1020
f 1021 1190 1191
f 1187 1021 1191
f 1187 1020 1021
f 1022 1193 1194
f 1190 1022 1194
f 1190 1021 1022
f 1023 1196 1197
f 1193 1023 1197
f 1193 1022 1023
f 1024 1199 1200
f 1196 1024 1200
f 1196 1023 1024
f 1025 1202 1203
f 1199 1025 1203
f 1199 1024 1025
f 1026 1205 1206
f 1202 1026 1206
f 1202 1025 1026
f 1027 1208 1209
f 1205 1027 1209
f 1205 1026 1027
f 1028 1211 1212
f 1208 1028 1212
f 1208 1027 1028
f 1214 1216 1215
f 1214 1029 1216
f 1211 1029 1214
f 1211 1028 1029
f 1030 1217 1216
f 1030 1216 1029
f 1031 1218 1217
f 1031 1217 1030
f 1032 1219 1218
f 1032 1218 1031
f 1033 1220 1219
f 1033 1219 1032
f 1034 1221 1220
f 1034 1220 1033
f 1035 1222 1221
f 1035 1221 1034
f 1036 1223 1222
f 1036 1222 1035
f 1037 1224 1223
f 1037 1223 1036
f 1038 1225 1224
f 1038 1224 1037
f 1039 1226 1225
f 1039 1225 1038
f 1040 1227 1226
f 1040 1226 1039
f 1041 1228 1227
f 1041 1227 1040
f 1042 1229 1228
f 1042 1228 1041
f 1043 1230 1229
f 1043 1229 1042
f 1044 1231 1230
f 1044 1230 1043
f 1045 1232 1231
f 1045 1231 1044
f 1046 1233 1232
f 1046 1232 1045
f 1047 1234 1233
f 1047 1233 1046
f 1048 1235 1234
f 1048 1234 1047
f 1049 1236 1235
f 1049 1235 1048
f 1050 1237 1236
f 1050 1236 1049
f 1051 1238 1237
f 1051 1237 1050
f 1052 1239 1238
f 1052 1238 1051
f 1053 1240 1239
f 1053 1239 1052
f 1054 1241 1240
f 1054 1240 1053
f 1055 1242 1241
f 1055 1241 1054
f 1056 1243 1242
f 1056 1242 1055
f 1057 1244 1243
f 1057 1243 1056
f 1058 1245 1244
f 1058 1244 1057
f 1059 1246 1245
f 1059 1245 1058
f 1060 1247 1246
f 1060 1246 1059
f 1061 1248 1247
f 1061 1247 1060
f 1062 1249 1248
f 1062 1248 1061
f 1063 1250 1249
f 1063 1249 1062
f 1064 1251 1250
f 1064 1250 1063
f 1065 1252 1251
f 1065 1251 1064
f 1066 1253 1252
f 1066 1252 1065
f 1067 1254 1253
f 1067 1253 1066
f 1068 1255 1254
f 1068 1254 1067
f 1069 1256 1255
f 1069 1255 1068
f 1070 1257 1256
f 1070 1256 1069
f 1071 1258 1257
f 1071 1257 1070
f 1072 1259 1258
f 1072 1258 1071
f 1073 1260 1259
f 1073 1259 1072
f 1074 1261 1260
f 1074 1260 1073
f 1075 1262 1261
f 1075 1261 1074
f 1076 1263 1262
f 1076 1262 1075
f 1077 1264 1263
f 1077 1263 1076
f 1078 1265 1264
f 1078 1264 1077
f 1079 1266 1265
f 1079 1265 1078
f 1080 1267 1266
f 1080 1266 1079
f 1081 1268 1267
f 1081 1267 1080
f 1082 1269 1268
f 1082 1268 1081
f 1083 1270 1269
f 1083 1269 1082
f 1084 1271 1270
f 1084 1270 1083
f 1085 1272 1271
f 1085 1271 1084
f 1086 1273 1272
f 1086 1272 1085
f 1087 1274 1273
f 1087 1273 1086
f 1088 1275 1274
f 1088 1274 1087
f 1216 1382 1383
f 1216 1383 1215
f 1217 1385 1386
f 1382 1217 1386
f 1382 1216 1217
f 1218 1388 1389
f 1385 1218 1389
f 1385 1217 1218
f 1219 1391 1392
f 1388 1219 1392
f 1388 1218 1219
f 1220 1394 1395
f 1391 1220 1395
f 1391 1219 1220
f 1221 1397 1398
f 1394 1221 1398
f 1394 1220 1221
f 1222 1400 1401
f 1397 1222 1401
f 1397 1221 1222
f 1223 1403 1404
f 1400 1223 1404
f 1400 1222 1223
f 1224 1406 1407
f 1403 1224 1407
f 1403 1223 1224
f 1409 1411 1410
f 1409 1225 1411
f 1406 1225 1409
f 1406 1224 1225
f 1226 1412 1411
f 1226 1411 1225
f 1227 1413 1412
f 1227 1412 1226
f 1228 1414 1413
f 1228 1413 1227
f 1229 1415 1414
f 1229 1414 1228
f 1230 1416 1415
f 1230 1415 1229
f 1231 1417 1416
f 1231 1416 1230
f 1232 1418 1417
f 1232 1417 1231
f 1233 1419 1418
f 1233 1418 1232
f 1234 1420 1419
f 1234 1419 1233
f 1235 1421 1420
f 1235 1420 1234
f 1236 1422 1421
f 1236 1421 1235
f 1237 1423 1422
f 1237 1422 1236
f 1238 1424 1423
f 1238 1423 1237
f 1239 1425 1424
f 1239 1424 1238
f 1240 1426 1425
f 1240 1425 1239
f 1241 1427 1426
f 1241 1426 1240
f 1242 1428 1427
f 1242 1427 1241
f 1243 1429 1428
f 1243 1428 1242
f 1244 1430 1429
f 1244 1429 1243
f 1245 1431 1430
f 1245 1430 1244
f 1246 1432 1431
f 1246 1431 1245
f 1247 1433 1432
f 1247 1432 1246
f 1248 1434 1433
f 1248 1433 1247
f 1249 1435 1434
f 1249 1434 1248
f 1250 1436 1435
f 1250 1435 1249
f 1251 1437 1436
f 1251 1436 1250
f 1252 1438 1437
f 1252 1437 1251
f 1253 1439 1438
f 1253 1438 1252
f 1254 1440 1439
f 1254 1439 1253
f 1255 1441 1440
f 1255 1440 1254
f 1256 1442 1441
f 1256 1441 1255
f 1257 1443 1442
f 1257 1442 1256
f 1258 1444 1443
f 1258 1443 1257
f 1259 1445 1444
f 1259 1444 1258
f 1260 1446 1445
f 1260 1445 1259
f 1261 1447 1446
f 1261 1446 1260
f 1262 1448 1447
f 1262 1447 1261
f 1263 1449 1448
f 1263 1448 1262
f 1264 1450 1449
f 1264 1449 1263
f 1265 1451 1450
f 1265 1450 1264
f 1266 1452 1451
f 1266 1451 1265
f 1267 1453 1452
f 1267 1452 1266
f 1268 1454 1453
f 1268 1453 1267
f 1269 1455 1454
f 1269 1454 1268
f 1270 1456 1455
f 1270 1455 1269
f 1271 1457 1456
f 1271 1456 1270
f 1272 1458 1457
f 1272 1457 1271
f 1273 1459 1458
f 1273 1458 1272
f 1274 1460 1459
f 1274 1459 1273
f 1275 1461 1460
f 1275 1460 1274
f 1411 1566 1567
f 1411 1567 1410
f 1412 1569 1570
f 1566 1412 1570
f 1566 1411 1412
f 1413 1572 1573
f 1569 1413 1573
f 1569 1412 1413
f 1414 1575 1576
f 1572 1414 1576
f 1572 1413 1414
f 1578 1580 1579
f 1578 1415 1580
f 1575 1415 1578
f 1575 1414 1415
f 1416 1581 1580
f 1416 1580 1415
f 1417 1582 1581
f 1417 1581 1416
f 1418 1583 1582
f 1418 1582 1417
f 1419 1584 1583
f 1419 1583 1418
f 1420 1585 1584
f 1420 1584 1419
f 1421 1586 1585
f 1421 1585 1420
f 1422 1587 1586
f 1422 1586 1421
f 1423 1588 1587
f 1423 1587 1422
f 1424 1589 1588
f 1424 1588 1423
f 1425 1590 1589
f 1425 1589 1424
f 1426 1591 1590
f 1426 1590 1425
f 1427 1592 1591
f 1427 1591 1426
f 1428 1593 1592
f 1428 1592 1427
f 1429 1594 1593
f 1429 1593 1428
f 1430 1595 1594
f 1430 1594 1429
f 1431 1596 1595
f 1431 1595 1430
f 1432 1597 1596
f 1432 1596 1431
f 1433 1598 1597
f 1433 1597 1432
f 1434 1599 1598
f 1434 1598 1433
f 1435 1600 1599
f 1435 1599 1434
f 1436 1601 1600
f 1436 1600 1435
f 1437 1602 1601
f 1437 1601 1436
f 1438 1603 1602
f 1438 1602 1437
f 1439 1604 1603
f 1439 1603 1438
f 1440 1605 1604
f 1440 1604 1439
f 1441 1606 1605
f 1441 1605 1440
f 1442 1607 1606
f 1442 1606 1441
f 1443 1608 1607
f 1443 1607 1442
f 1444 1609 1608
f 1444 1608 1443
f 1445 1610 1609
f 1445 1609 1444
f 1446 1611 1610
f 1446 1610 1445
f 1447 1612 1611
f 1447 1611 1446
f 1448 1613 1612
f 1448 1612 1447
f 1449 1614 1613
f 1449 1613 1448
f 1450 1615 1614
f 1450 1614 1449
f 1451 1616 1615
f 1451 1615 1450
f 1452 1617 1616
f 1452 1616 1451
f 1453 1618 1617
f 1453 1617 1452
f 1454 1619 1618
f 1454 1618 1453
f 1455 1620 1619
f 1455 1619 1454
f 1456 1621 1620
f 1456 1620 1455
f 1457 1622 1621
f 1457 1621 1456
f 1458 1623 1622
f 1458 1622 1457
f 1459 1624 1623
f 1459 1623 1458
f 1460 1625 1624
f 1460 1624 1459
f 1461 1626 1625
f 1461 1625 1460

#List of body lines
l 1627 1628
l 1628 1629
l 1629 1630
l 1630 1631
l 1631 1632
l 1632 1633
l 1633 1634
l 1634 1635
l 1635 1636
l 1636 1637
l 1628 1638
l 1638 1639
l 1639 1629
l 1629 1640
l 1640 1631
l 1631 1641
l 1641 1633
l 1633 1642
l 1642 1635
l 1635 1643
l 1643 1644
l 1644 1636
l 1638 1645
l 1645 1646
l 1646 1639
l 1639 1647
l 1647 1640
l 1640 1648
l 1648 1641
l 1641 1649
l 1649 1642
l 1642 1650
l 1650 1643
l 1643 1651
l 1651 1652
l 1652 1644
l 1645 1653
l 1653 1654
l 1654 1646
l 1646 1655
l 1655 1647
l 1647 1656
l 1656 1648
l 1648 1657
l 1657 1649
l 1649 1658
l 1658 1650
l 1650 1659
l 1659 1651
l 1651 1660
l 1660 1661
l 1661 1652
l 1653 1662
l 1662 1663
l 1663 1654
l 1654 1664
l 1664 1655
l 1655 1665
l 1665 1656
l 1656 1666
l 1666 1657
l 1657 1667
l 1667 1658
l 1658 1668
l 1668 1659
l 1659 1669
l 1669 1660
l 1660 1670
l 1670 1671
l 1671 1661
l 1662 1672
l 1672 1673
l 1673 1663
l 1663 1674
l 1674 1664
l 1664 1675
l 1675 1665
l 1665 1676
l 1676 1666
l 1666 1677
l 1677 1667
l 1667 1678
l 1678 1668
l 1668 1679
l 1679 1669
l 1669 1680
l 1680 1670
l 1670 1681
l 1681 1682
l 1682 1671
l 1672 1683
l 1683 1684
l 1684 1673
l 1673 1685
l 1685 1674
l 1674 1686
l 1686 1675
l 1675 1687
l 1687 1676
l 1676 1688
l 1688 1677
l 1677 1689
l 1689 1678
l 1678 1690
l 1690 1679
l 1679 1691
l 1691 1680
l 1680 1692
l 1692 1681
l 1681 1693
l 1693 1694
l 1694 1682
l 1684 1695
l 1695 1685
l 1685 1696
l 1696 1686
l 1686 1697
l 1697 1687
l 1687 1698
l 1698 1688
l 1688 1699
l 1699 1689
l 1689 1700
l 1700 1690
l 1690 1701
l 1701 1691
l 1691 1702
l 1702 1692
l 1692 1703
l 1703 1693
l 1693 1704
l 1704 1705
l 1705 1694
l 1695 1706
l 1706 1696
l 1696 1707
l 1707 1697
l 1697 1708
l 1708 1698
l 1698 1709
l 1709 1699
l 1699 1710
l 1710 1700
l 1700 1711
l 1711 1701
l 1701 1712
l 1712 1702
l 1702 1713
l 1713 1703
l 1703 1714
l 1714 1704
l 1704 1715
l 1715 1716
l 1716 1705
l 1706 1717
l 1717 1707
l 1707 1718
l 1718 1708
l 1708 1719
l 1719 1709
l 1709 1720
l 1720 1710
l 1710 1721
l 1721 1711
l 1711 1722
l 1722 1712
l 1712 1723
l 1723 1713
l 1713 1724
l 1724 1714
l 1714 1725
l 1725 1715
l 1715 1726
l 1726 1727
l 1727 1716
l 1717 1728
l 1728 1718
l 1718 1729
l 1729 1719
l 1719 1730
l 1730 1720
l 1720 1731
l 1731 1721
l 1721 1732
l 1732 1722
l 1722 1733
l 1733 1723
l 1723 1734
l 1734 1724
l 1724 1735
l 1735 1725
l 1725 1736
l 1736 1726
l 1726 1737
l 1737 1738
l 1738 1727
l 1728 1739
l 1739 1729
l 1729 1740
l 1740 1730
l 1730 1741
l 1741 1731
l 1731 1742
l 1742 1732
l 1732 1743
l 1743 1733
l 1733 1744
l 1744 1734
l 1734 1745
l 1745 1735
l 1735 1746
l 1746 1736
l 1736 1747
l 1747 1737
l 1737 1748
l 1748 1749
l 1749 1738
l 1739 1750
l 1750 1740
l 1740 1751
l 1751 1741
l 1741 1752
l 1752 1742
l 1742 1753
l 1753 1743
l 1743 1754
l 1754 1744
l 1744 1755
l 1755 1745
l 1745 1756
l 1756 1746
l 1746 1757
l 1757 1747
l 1747 1758
l 1758 1748
l 1748 1759
l 1759 1760
l 1760 1749
l 1750 1761
l 1761 1751
l 1751 1762
l 1762 1752
l 1752 1763
l 1763 1753
l 1753 1764
l 1764 1754
l 1754 1765
l 1765 1755
l 1755 1766
l 1766 1756
l 1756 1767
l 1767 1757
l 1757 1768
l 1768 1758
l 1758 1769
l 1769 1759
l 1759 1770
l 1770 1771
l 1771 1760
l 1761 1772
l 1772 1762
l 1762 1773
l 1773 1763
l 1763 1774
l 1774 1764
l 1764 1775
l 1775 1765
l 1765 1776
l 1776 1766
l 1766 1777
l 1777 1767
l 1767 1778
l 1778 1768
l 1768 1779
l 1779 1769
l 1769 1780
l 1780 1770
l 1770 1781
l 1781 1782
l 1782 1771
l 1772 1783
l 1783 1773
l 1773 1784
l 1784 1774
l 1774 1785
l 1785 1775
l 1775 1786
l 1786 1776
l 1776 1787
l 1787 1777
l 1777 1788
l 1788 1778
l 1778 1789
l 1789 1779
l 1779 1790
l 1790 1780
l 1780 1791
l 1791 1781
l 1781 1792
l 1792 1793
l 1793 1782
l 1783 1794
l 1794 1784
l 1784 1795
l 1795 1785
l 1785 1796
l 1796 1786
l 1786 1797
l 1797 1787
l 1787 1798
l 1798 1788
l 1788 1799
l 1799 1789
l 1789 1800
l 1800 1790
l 1790 1801
l 1801 1791
l 1791 1802
l 1802 1792
l 1792 1803
l 1803 1804
l 1804 1793
l 1794 1805
l 1805 1795
l 1795 1806
l 1806 1796
l 1796 1807
l 1807 1797
l 1797 1808
l 1808 1798
l 1798 1809
l 1809 1799
l 1799 1810
l 1810 1800
l 1800 1811
l 1811 1801
l 1801 1812
l 1812 1802
l 1802 1813
l 1813 1803
l 1803 1814
l 1814 1815
l 1815 1804
l 1805 1816
l 1816 1806
l 1806 1817
l 1817 1807
l 1807 1818
l 1818 1808
l 1808 1819
l 1819 1809
l 1809 1820
l 1820 1810
l 1810 1821
l 1821 1811
l 1811 1822
l 1822 1812
l 1812 1823
l 1823 1813
l 1813 1824
l 1824 1814
l 1814 1825
l 1825 1826
l 1826 1815
l 1816 1827
l 1827 1817
l 1817 1828
l 1828 1818
l 1818 1829
l 1829 1819
l 1819 1830
l 1830 1820
l 1820 1831
l 1831 1821
l 1821 1832
l 1832 1822
l 1822 1833
l 1833 1823
l 1823 1834
l 1834 1824
l 1824 1835
l 1835 1825
l 1825 1836
l 1836 1837
l 1837 1826
l 1827 1838
l 1838 1828
l 1828 1839
l 1839 1829
l 1829 1840
l 1840 1830
l 1830 1841
l 1841 1831
l 1831 1842
l 1842 1832
l 1832 1843
l 1843 1833
l 1833 1844
l 1844 1834
l 1834 1845
l 1845 1835
l 1835 1846
l 1846 1836
l 1836 1847
l 1847 1848
l 1848 1837
l 1838 1849
l 1849 1839
l 1839 1850
l 1850 1840
l 1840 1851
l 1851 1841
l 1841 1852
l 1852 1842
l 1842 1853
l 1853 1843
l 1843 1854
l 1854 1844
l 1844 1855
l 1855 1845
l 1845 1856
l 1856 1846
l 1846 1857
l 1857 1847
l 1847 1858
l 1858 1859
l 1859 1848
l 1849 1860
l 1860 1850
l 1850 1861
l 1861 1851
l 1851 1862
l 1862 1852
l 1852 1863
l 1863 1853
l 1853 1864
l 1864 1854
l 1854 1865
l 1865 1855
l 1855 1866
l 1866 1856
l 1856 1867
l 1867 1857
l 1857 1868
l 1868 1858
l 1858 1869
l 1869 1870
l 1870 1859
l 1860 1871
l 1871 1861
l 1861 1872
l 1872 1862
l 1862 1873
l 1873 1863
l 1863 1874
l 1874 1864
l 1864 1875
l 1875 1865
l 1865 1876
l 1876 1866
l 1866 1877
l 1877 1867
l 1867 1878
l 1878 1868
l 1868 1879
l 1879 1869
l 1869 1880
l 1880 1881
l 1881 1870
l 1871 1882
l 1882 1872
l 1872 1883
l 1883 1873
l 1873 1884
l 1884 1874
l 1874 1885
l 1885 1875
l 1875 1886
l 1886 1876
l 1876 1887
l 1887 1877
l 1877 1888
l 1888 1878
l 1878 1889
l 1889 1879
l 1879 1890
l 1890 1880
l 1880 1891
l 1891 1892
l 1892 1881
l 1882 1893
l 1893 1883
l 1883 1894
l 1894 1884
l 1884 1895
l 1895 1885
l 1885 1896
l 1896 1886
l 1886 1897
l 1897 1887
l 1887 1898
l 1898 1888
l 1888 1899
l 1899 1889
l 1889 1900
l 1900 1890
l 1890 1901
l 1901 1891
l 1891 1902
l 1902 1903
l 1903 1892
l 1893 1904
l 1904 1894
l 1894 1905
l 1905 1895
l 1895 1906
l 1906 1896
l 1896 1907
l 1907 1897
l 1897 1908
l 1908 1898
l 1898 1909
l 1909 1899
l 1899 1910
l 1910 1900
l 1900 1911
l 1911 1901
l 1901 1912
l 1912 1902
l 1902 1913
l 1913 1914
l 1914 1903
l 1904 1915
l 1915 1905
l 1905 1916
l 1916 1906
l 1906 1917
l 1917 1907
l 1907 1918
l 1918 1908
l 1908 1919
l 1919 1909
l 1909 1920
l 1920 1910
l 1910 1921
l 1921 1911
l 1911 1922
l 1922 1912
l 1912 1923
l 1923 1913
l 1913 1924
l 1924 1925
l 1925 1914
l 1915 1926
l 1926 1916
l 1916 1927
l 1927 1917
l 1917 1928
l 1928 1918
l 1918 1929
l 1929 1919
l 1919 1930
l 1930 1920
l 1920 1931
l 1931 1921
l 1921 1932
l 1932 1922
l 1922 1933
l 1933 1923
l 1923 1934
l 1934 1924
l 1924 1935
l 1935 1936
l 1936 1925
l 1926 1937
l 1937 1927
l 1927 1938
l 1938 1928
l 1928 1939
l 1939 1929
l 1929 1940
l 1940 1930
l 1930 1941
l 1941 1931
l 1931 1942
l 1942 1932
l 1932 1943
l 1943 1933
l 1933 1944
l 1944 1934
l 1934 1945
l 1945 1935
l 1935 1946
l 1946 1947
l 1947 1936
l 1937 1948
l 1948 1938
l 1938 1949
l 1949 1939
l 1939 1950
l 1950 1940
l 1940 1951
l 1951 1941
l 1941 1952
l 1952 1942
l 1942 1953
l 1953 1943
l 1943 1954
l 1954 1944
l 1944 1955
l 1955 1945
l 1945 1956
l 1956 1946
l 1946 1957
l 1957 1958
l 1958 1947
l 1948 1959
l 1959 1949
l 1949 1960
l 1960 1950
l 1950 1961
l 1961 1951
l 1951 1962
l 1962 1952
l 1952 1963
l 1963 1953
l 1953 1964
l 1964 1954
l 1954 1965
l 1965 1955
l 1955 1966
l 1966 1956
l 1956 1967
l 1967 1957
l 1957 1968
l 1968 1969
l 1969 1958
l 1959 1970
l 1970 1960
l 1960 1971
l 1971 1961
l 1961 1972
l 1972 1962
l 1962 1973
l 1973 1963
l 1963 1974
l 1974 1964
l 1964 1975
l 1975 1965
l 1965 1976
l 1976 1966
l 1966 1977
l 1977 1967
l 1967 1978
l 1978 1968
l 1968 1979
l 1979 1980
l 1980 1969
l 1970 1981
l 1981 1971
l 1971 1982
l 1982 1972
l 1972 1983
l 1983 1973
l 1973 1984
l 1984 1974
l 1974 1985
l 1985 1975
l 1975 1986
l 1986 1976
l 1976 1987
l 1987 1977
l 1977 1988
l 1988 1978
l 1978 1989
l 1989 1979
l 1979 1990
l 1990 1991
l 1991 1980
l 1981 1992
l 1992 1982
l 1982 1993
l 1993 1983
l 1983 1994
l 1994 1984
l 1984 1995
l 1995 1985
l 1985 1996
l 1996 1986
l 1986 1997
l 1997 1987
l 1987 1998
l 1998 1988
l 1988 1999
l 1999 1989
l 1989 2000
l 2000 1990
l 1990 2001
l 2001 2002
l 2002 1991
l 1992 2003
l 2003 1993
l 1993 2004
l 2004 1994
l 1994 2005
l 2005 1995
l 1995 2006
l 2006 1996
l 1996 2007
l 2007 1997
l 1997 2008
l 2008 1998
l 1998 2009
l 2009 1999
l 1999 2010
l 2010 2000
l 2000 2011
l 2011 2001
l 2001 2012
l 2012 2013
l 2013 2002
l 2003 2014
l 2014 2004
l 2004 2015
l 2015 2005
l 2005 2016
l 2016 2006
l 2006 2017
l 2017 2007
l 2007 2018
l 2018 2008
l 2008 2019
l 2019 2009
l 2009 2020
l 2020 2010
l 2010 2021
l 2021 2011
l 2011 2022
l 2022 2012
l 2012 2023
l 2023 2024
l 2024 2013
l 2014 2025
l 2025 2015
l 2015 2026
l 2026 2016
l 2016 2027
l 2027 2017
l 2017 2028
l 2028 2018
l 2018 2029
l 2029 2019
l 2019 2030
l 2030 2020
l 2020 2031
l 2031 2021
l 2021 2032
l 2032 2022
l 2022 2033
l 2033 2023
l 2023 2034
l 2034 2035
l 2035 2024
l 2025 2036
l 2036 2026
l 2026 2037
l 2037 2027
l 2027 2038
l 2038 2028
l 2028 2039
l 2039 2029
l 2029 2040
l 2040 2030
l 2030 2041
l 2041 2031
l 2031 2042
l 2042 2032
l 2032 2043
l 2043 2033
l 2033 2044
l 2044 2034
l 2034 2045
l 2045 2046
l 2046 2035
l 2036 2047
l 2047 2037
l 2037 2048
l 2048 2038
l 2038 2049
l 2049 2039
l 2039 2050
l 2050 2040
l 2040 2051
l 2051 2041
l 2041 2052
l 2052 2042
l 2042 2053
l 2053 2043
l 2043 2054
l 2054 2044
l 2044 2055
l 2055 2045
l 2045 2056
l 2056 2057
l 2057 2046
l 2047 2058
l 2058 2048
l 2048 2059
l 2059 2049
l 2049 2060
l 2060 2050
l 2050 2061
l 2061 2051
l 2051 2062
l 2062 2052
l 2052 2063
l 2063 2053
l 2053 2064
l 2064 2054
l 2054 2065
l 2065 2055
l 2055 2066
l 2066 2056
l 2056 2067
l 2067 2068
l 2068 2057
l 2058 2069
l 2069 2059
l 2059 2070
l 2070 2060
l 2060 2071
l 2071 2061
l 2061 2072
l 2072 2062
l 2062 2073
l 2073 2063
l 2063 2074
l 2074 2064
l 2064 2075
l 2075 2065
l 2065 2076
l 2076 2066
l 2066 2077
l 2077 2067
l 2067 2078
l 2078 2079
l 2079 2068
l 2069 2080
l 2080 2070
l 2070 2081
l 2081 2071
l 2071 2082
l 2082 2072
l 2072 2083
l 2083 2073
l 2073 2084
l 2084 2074
l 2074 2085
l 2085 2075
l 2075 2086
l 2086 2076
l 2076 2087
l 2087 2077
l 2077 2088
l 2088 2078
l 2078 2089
l 2089 2090
l 2090 2079
l 2080 2091
l 2091 2081
l 2081 2092
l 2092 2082
l 2082 2093
l 2093 2083
l 2083 2094
l 2094 2084
l 2084 2095
l 2095 2085
l 2085 2096
l 2096 2086
l 2086 2097
l 2097 2087
l 2087 2098
l 2098 2088
l 2088 2099
l 2099 2089
l 2089 2100
l 2100 2101
l 2101 2090
l 2091 2102
l 2102 2092
l 2092 2103
l 2103 2093
l 2093 2104
l 2104 2094
l 2094 2105
l 2105 2095
l 2095 2106
l 2106 2096
l 2096 2107
l 2107 2097
l 2097 2108
l 2108 2098
l 2098 2109
l 2109 2099
l 2099 2110
l 2110 2100
l 2100 2111
l 2111 2112
l 2112 2101
l 2102 2113
l 2113 2103
l 2103 2114
l 2114 2104
l 2104 2115
l 2115 2105
l 2105 2116
l 2116 2106
l 2106 2117
l 2117 2107
l 2107 2118
l 2118 2108
l 2108 2119
l 2119 2109
l 2109 2120
l 2120 2110
l 2110 2121
l 2121 2111
l 2111 2122
l 2122 2123
l 2123 2112
l 2113 2124
l 2124 2114
l 2114 2125
l 2125 2115
l 2115 2126
l 2126 2116
l 2116 2127
l 2127 2117
l 2117 2128
l 2128 2118
l 2118 2129
l 2129 2119
l 2119 2130
l 2130 2120
l 2120 2131
l 2131 2121
l 2121 2132
l 2132 2122
l 2122 2133
l 2133 2134
l 2134 2123
l 2124 2135
l 2135 2125
l 2125 2136
l 2136 2126
l 2126 2137
l 2137 2127
l 2127 2138
l 2138 2128
l 2128 2139
l 2139 2129
l 2129 2140
l 2140 2130
l 2130 2141
l 2141 2131
l 2131 2142
l 2142 2132
l 2132 2143
l 2143 2133
l 2133 2144
l 2144 2145
l 2145 2134
l 2135 2146
l 2146 2136
l 2136 2147
l 2147 2137
l 2137 2148
l 2148 2138
l 2138 2149
l 2149 2139
l 2139 2150
l 2150 2140
l 2140 2151
l 2151 2141
l 2141 2152
l 2152 2142
l 2142 2153
l 2153 2143
l 2143 2154
l 2154 2144
l 2144 2155
l 2155 2156
l 2156 2145
l 2146 2157
l 2157 2147
l 2147 2158
l 2158 2148
l 2148 2159
l 2159 2149
l 2149 2160
l 2160 2150
l 2150 2161
l 2161 2151
l 2151 2162
l 2162 2152
l 2152 2163
l 2163 2153
l 2153 2164
l 2164 2154
l 2154 2165
l 2165 2155
l 2155 2166
l 2166 2167
l 2167 2156
l 2157 2168
l 2168 2158
l 2158 2169
l 2169 2159
l 2159 2170
l 2170 2160
l 2160 2171
l 2171 2161
l 2161 2172
l 2172 2162
l 2162 2173
l 2173 2163
l 2163 2174
l 2174 2164
l 2164 2175
l 2175 2165
l 2165 2176
l 2176 2166
l 2166 2177
l 2177 2178
l 2178 2167
l 2168 2179
l 2179 2169
l 2169 2180
l 2180 2170
l 2170 2181
l 2181 2171
l 2171 2182
l 2182 2172
l 2172 2183
l 2183 2173
l 2173 2184
l 2184 2174
l 2174 2185
l 2185 2175
l 2175 2186
l 2186 2176
l 2176 2187
l 2187 2177
l 2177 2188
l 2188 2189
l 2189 2178
l 2179 2190
l 2190 2180
l 2180 2191
l 2191 2181
l 2181 2192
l 2192 2182
l 2182 2193
l 2193 2183
l 2183 2194
l 2194 2184
l 2184 2195
l 2195 2185
l 2185 2196
l 2196 2186
l 2186 2197
l 2197 2187
l 2187 2198
l 2198 2188
l 2188 2199
l 2199 2200
l 2200 2189
l 2190 2201
l 2201 2191
l 2191 2202
l 2202 2192
l 2192 2203
l 2203 2193
l 2193 2204
l 2204 2194
l 2194 2205
l 2205 2195
l 2195 2206
l 2206 2196
l 2196 2207
l 2207 2197
l 2197 2208
l 2208 2198
l 2198 2209
l 2209 2199
l 2199 2210
l 2210 2211
l 2211 2200
l 2201 2212
l 2212 2202
l 2202 2213
l 2213 2203
l 2203 2214
l 2214 2204
l 2204 2215
l 2215 2205
l 2205 2216
l 2216 2206
l 2206 2217
l 2217 2207
l 2207 2218
l 2218 2208
l 2208 2219
l 2219 2209
l 2209 2220
l 2220 2210
l 2210 2221
l 2221 2222
l 2222 2211
l 2212 2223
l 2223 2213
l 2213 2224
l 2224 2214
l 2214 2225
l 2225 2215
l 2215 2226
l 2226 2216
l 2216 2227
l 2227 2217
l 2217 2228
l 2228 2218
l 2218 2229
l 2229 2219
l 2219 2230
l 2230 2220
l 2220 2231
l 2231 2221
l 2221 2232
l 2232 2233
l 2233 2222
l 2223 2234
l 2234 2224
l 2224 2235
l 2235 2225
l 2225 2236
l 2236 2226
l 2226 2237
l 2237 2227
l 2227 2238
l 2238 2228
l 2228 2239
l 2239 2229
l 2229 2240
l 2240 2230
l 2230 2241
l 2241 2231
l 2231 2242
l 2242 2232
l 2232 2243
l 2243 2244
l 2244 2233
l 2234 2245
l 2245 2235
l 2235 2246
l 2246 2236
l 2236 2247
l 2247 2237
l 2237 2248
l 2248 2238
l 2238 2249
l 2249 2239
l 2239 2250
l 2250 2240
l 2240 2251
l 2251 2241
l 2241 2252
l 2252 2242
l 2242 2253
l 2253 2243
l 2243 2254
l 2254 2255
l 2255 2244
l 2245 2256
l 2256 2246
l 2246 2257
l 2257 2247
l 2247 2258
l 2258 2248
l 2248 2259
l 2259 2249
l 2249 2260
l 2260 2250
l 2250 2261
l 2261 2251
l 2251 2262
l 2262 2252
l 2252 2263
l 2263 2253
l 2253 2264
l 2264 2254
l 2254 2265
l 2265 2266
l 2266 2255
l 2256 2267
l 2267 2257
l 2257 2268
l 2268 2258
l 2258 2269
l 2269 2259
l 2259 2270
l 2270 2260
l 2260 2271
l 2271 2261
l 2261 2272
l 2272 2262
l 2262 2273
l 2273 2263
l 2263 2274
l 2274 2264
l 2264 2275
l 2275 2265
l 2265 2276
l 2276 2277
l 2277 2266
l 2267 2278
l 2278 2268
l 2268 2279
l 2279 2269
l 2269 2280
l 2280 2270
l 2270 2281
l 2281 2271
l 2271 2282
l 2282 2272
l 2272 2283
l 2283 2273
l 2273 2284
l 2284 2274
l 2274 2285
l 2285 2275
l 2275 2286
l 2286 2276
l 2276 2287
l 2287 2288
l 2288 2277
l 2278 2289
l 2289 2279
l 2279 2290
l 2290 2280
l 2280 2291
l 2291 2281
l 2281 2292
l 2292 2282
l 2282 2293
l 2293 2283
l 2283 2294
l 2294 2284
l 2284 2295
l 2295 2285
l 2285 2296
l 2296 2286
l 2286 2297
l 2297 2287
l 2287 2298
l 2298 2299
l 2299 2288
l 2289 2300
l 2300 2290
l 2290 2301
l 2301 2291
l 2291 2302
l 2302 2292
l 2292 2303
l 2303 2293
l 2293 2304
l 2304 2294
l 2294 2305
l 2305 2295
l 2295 2306
l 2306 2296
l 2296 2307
l 2307 2297
l 2297 2308
l 2308 2298
l 2298 2309
l 2309 2310
l 2310 2299
l 2300 2311
l 2311 2301
l 2301 2312
l 2312 2302
l 2302 2313
l 2313 2303
l 2303 2314
l 2314 2304
l 2304 2315
l 2315 2305
l 2305 2316
l 2316 2306
l 2306 2317
l 2317 2307
l 2307 2318
l 2318 2308
l 2308 2319
l 2319 2309
l 2309 2320
l 2320 2321
l 2321 2310
l 2311 2322
l 2322 2312
l 2312 2323
l 2323 2313
l 2313 2324
l 2324 2314
l 2314 2325
l 2325 2315
l 2315 2326
l 2326 2316
l 2316 2327
l 2327 2317
l 2317 2328
l 2328 2318
l 2318 2329
l 2329 2319
l 2319 2330
l 2330 2320
l 2320 2331
l 2331 2332
l 2332 2321
l 2322 2333
l 2333 2323
l 2323 2334
l 2334 2324
l 2324 2335
l 2335 2325
l 2325 2336
l 2336 2326
l 2326 2337
l 2337 2327
l 2327 2338
l 2338 2328
l 2328 2339
l 2339 2329
l 2329 2340
l 2340 2330
l 2330 2341
l 2341 2331
l 2331 2342
l 2342 2343
l 2343 2332
l 2333 2344
l 2344 2334
l 2334 2345
l 2345 2335
l 2335 2346
l 2346 2336
l 2336 2347
l 2347 2337
l 2337 2348
l 2348 2338
l 2338 2349
l 2349 2339
l 2339 2350
l 2350 2340
l 2340 2351
l 2351 2341
l 2341 2352
l 2352 2342
l 2342 2353
l 2353 2354
l 2354 2343
l 2344 2355
l 2355 2345
l 2345 2356
l 2356 2346
l 2346 2357
l 2357 2347
l 2347 2358
l 2358 2348
l 2348 2359
l 2359 2349
l 2349 2360
l 2360 2350
l 2350 2361
l 2361 2351
l 2351 2362
l 2362 2352
l 2352 2363
l 2363 2353
l 2353 2364
l 2364 2365
l 2365 2354
l 2355 2366
l 2366 2356
l 2356 2367
l 2367 2357
l 2357 2368
l 2368 2358
l 2358 2369
l 2369 2359
l 2359 2370
l 2370 2360
l 2360 2371
l 2371 2361
l 2361 2372
l 2372 2362
l 2362 2373
l 2373 2363
l 2363 2374
l 2374 2364
l 2364 2375
l 2375 2376
l 2376 2365
l 2366 2377
l 2377 2367
l 2367 2378
l 2378 2368
l 2368 2379
l 2379 2369
l 2369 2380
l 2380 2370
l 2370 2381
l 2381 2371
l 2371 2382
l 2382 2372
l 2372 2383
l 2383 2373
l 2373 2384
l 2384 2374
l 2374 2385
l 2385 2375
l 2375 2386
l 2386 2387
l 2387 2376
l 2377 2388
l 2388 2378
l 2378 2389
l 2389 2379
l 2379 2390
l 2390 2380
l 2380 2391
l 2391 2381
l 2381 2392
l 2392 2382
l 2382 2393
l 2393 2383
l 2383 2394
l 2394 2384
l 2384 2395
l 2395 2385
l 2385 2396
l 2396 2386
l 2386 2397
l 2397 2398
l 2398 2387
l 2388 2399
l 2399 2389
l 2389 2400
l 2400 2390
l 2390 2401
l 2401 2391
l 2391 2402
l 2402 2392
l 2392 2403
l 2403 2393
l 2393 2404
l 2404 2394
l 2394 2405
l 2405 2395
l 2395 2406
l 2406 2396
l 2396 2407
l 2407 2397
l 2397 2408
l 2408 2409
l 2409 2398
l 2399 2410
l 2410 2400
l 2400 2411
l 2411 2401
l 2401 2412
l 2412 2402
l 2402 2413
l 2413 2403
l 2403 2414
l 2414 2404
l 2404 2415
l 2415 2405
l 2405 2416
l 2416 2406
l 2406 2417
l 2417 2407
l 2407 2418
l 2418 2408
l 2408 2419
l 2419 2420
l 2420 2409
l 2410 2421
l 2421 2411
l 2411 2422
l 2422 2412
l 2412 2423
l 2423 2413
l 2413 2424
l 2424 2414
l 2414 2425
l 2425 2415
l 2415 2426
l 2426 2416
l 2416 2427
l 2427 2417
l 2417 2428
l 2428 2418
l 2418 2429
l 2429 2419
l 2419 2430
l 2430 2431
l 2431 2420
l 2421 2432
l 2432 2422
l 2422 2433
l 2433 2423
l 2423 2434
l 2434 2424
l 2424 2435
l 2435 2425
l 2425 2436
l 2436 2426
l 2426 2437
l 2437 2427
l 2427 2438
l 2438 2428
l 2428 2439
l 2439 2429
l 2429 2440
l 2440 2430
l 2430 2441
l 2441 2442
l 2442 2431
l 2432 2443
l 2443 2433
l 2433 2444
l 2444 2434
l 2434 2445
l 2445 2435
l 2435 2446
l 2446 2436
l 2436 2447
l 2447 2437
l 2437 2448
l 2448 2438
l 2438 2449
l 2449 2439
l 2439 2450
l 2450 2440
l 2440 2451
l 2451 2441
l 2441 2452
l 2452 2453
l 2453 2442
l 2443 2454
l 2454 2444
l 2444 2455
l 2455 2445
l 2445 2456
l 2456 2446
l 2446 2457
l 2457 2447
l 2447 2458
l 2458 2448
l 2448 2459
l 2459 2449
l 2449 2460
l 2460 2450
l 2450 2461
l 2461 2451
l 2451 2462
l 2462 2452
l 2452 2463
l 2463 2464
l 2464 2453
l 2454 2465
l 2465 2455
l 2455 2466
l 2466 2456
l 2456 2467
l 2467 2457
l 2457 2468
l 2468 2458
l 2458 2469
l 2469 2459
l 2459 2470
l 2470 2460
l 2460 2471
l 2471 2461
l 2461 2472
l 2472 2462
l 2462 2473
l 2473 2463
l 2463 2474
l 2474 2475
l 2475 2464
l 2465 2476
l 2476 2466
l 2466 2477
l 2477 2467
l 2467 2478
l 2478 2468
l 2468 2479
l 2479 2469
l 2469 2480
l 2480 2470
l 2470 2481
l 2481 2471
l 2471 2482
l 2482 2472
l 2472 2483
l 2483 2473
l 2473 2484
l 2484 2474
l 2474 2485
l 2485 2486
l 2486 2475
l 2476 2487
l 2487 2477
l 2477 2488
l 2488 2478
l 2478 2489
l 2489 2479
l 2479 2490
l 2490 2480
l 2480 2491
l 2491 2481
l 2481 2492
l 2492 2482
l 2482 2493
l 2493 2483
l 2483 2494
l 2494 2484
l 2484 2495
l 2495 2485
l 2485 2496
l 2496 2497
l 2497 2486
l 2487 2498
l 2498 2488
l 2488 2499
l 2499 2489
l 2489 2500
l 2500 2490
l 2490 2501
l 2501 2491
l 2491 2502
l 2502 2492
l 2492 2503
l 2503 2493
l 2493 2504
l 2504 2494
l 2494 2505
l 2505 2495
l 2495 2506
l 2506 2496
l 2496 2507
l 2507 2508
l 2508 2497
l 2498 2509
l 2509 2499
l 2499 2510
l 2510 2500
l 2500 2511
l 2511 2501
l 2501 2512
l 2512 2502
l 2502 2513
l 2513 2503
l 2503 2514
l 2514 2504
l 2504 2515
l 2515 2505
l 2505 2516
l 2516 2506
l 2506 2517
l 2517 2507
l 2507 2518
l 2518 2519
l 2519 2508
l 2509 2520
l 2520 2510
l 2510 2521
l 2521 2511
l 2511 2522
l 2522 2512
l 2512 2523
l 2523 2513
l 2513 2524
l 2524 2514
l 2514 2525
l 2525 2515
l 2515 2526
l 2526 2516
l 2516 2527
l 2527 2517
l 2517 2528
l 2528 2518
l 2518 2529
l 2529 2530
l 2530 2519
l 2520 2531
l 2531 2521
l 2521 2532
l 2532 2522
l 2522 2533
l 2533 2523
l 2523 2534
l 2534 2524
l 2524 2535
l 2535 2525
l 2525 2536
l 2536 2526
l 2526 2537
l 2537 2527
l 2527 2538
l 2538 2528
l 2528 2539
l 2539 2529
l 2529 2540
l 2540 2541
l 2541 2530
l 2531 2542
l 2542 2532
l 2532 2543
l 2543 2533
l 2533 2544
l 2544 2534
l 2534 2545
l 2545 2535
l 2535 2546
l 2546 2536
l 2536 2547
l 2547 2537
l 2537 2548
l 2548 2538
l 2538 2549
l 2549 2539
l 2539 2550
l 2550 2540
l 2540 2551
l 2551 2552
l 2552 2541
l 2542 2553
l 2553 2543
l 2543 2554
l 2554 2544
l 2544 2555
l 2555 2545
l 2545 2556
l 2556 2546
l 2546 2557
l 2557 2547
l 2547 2558
l 2558 2548
l 2548 2559
l 2559 2549
l 2549 2560
l 2560 2550
l 2550 2561
l 2561 2551
l 2551 2562
l 2562 2563
l 2563 2552
l 2553 2564
l 2564 2554
l 2554 2565
l 2565 2555
l 2555 2566
l 2566 2556
l 2556 2567
l 2567 2557
l 2557 2568
l 2568 2558
l 2558 2569
l 2569 2559
l 2559 2570
l 2570 2560
l 2560 2571
l 2571 2561
l 2561 2572
l 2572 2562
l 2562 2573
l 2573 2574
l 2574 2563
l 2564 2575
l 2575 2565
l 2565 2576
l 2576 2566
l 2566 2577
l 2577 2567
l 2567 2578
l 2578 2568
l 2568 2579
l 2579 2569
l 2569 2580
l 2580 2570
l 2570 2581
l 2581 2571
l 2571 2582
l 2582 2572
l 2572 2583
l 2583 2573
l 2573 2584
l 2584 2585
l 2585 2574
l 2575 2586
l 2586 2576
l 2576 2587
l 2587 2577
l 2577 2588
l 2588 2578
l 2578 2589
l 2589 2579
l 2579 2590
l 2590 2580
l 2580 2591
l 2591 2581
l 2581 2592
l 2592 2582
l 2582 2593
l 2593 2583
l 2583 2594
l 2594 2584
l 2584 2595
l 2595 2596
l 2596 2585
l 2586 2597
l 2597 2587
l 2587 2598
l 2598 2588
l 2588 2599
l 2599 2589
l 2589 2600
l 2600 2590
l 2590 2601
l 2601 2591
l 2591 2602
l 2602 2592
l 2592 2603
l 2603 2593
l 2593 2604
l 2604 2594
l 2594 2605
l 2605 2595
l 2595 2606
l 2606 2607
l 2607 2596
l 2597 2608
l 2608 2598
l 2598 2609
l 2609 2599
l 2599 2610
l 2610 2600
l 2600 2611
l 2611 2601
l 2601 2612
l 2612 2602
l 2602 2613
l 2613 2603
l 2603 2614
l 2614 2604
l 2604 2615
l 2615 2605
l 2605 2616
l 2616 2606
l 2606 2617
l 2617 2618
l 2618 2607
l 2608 2619
l 2619 2609
l 2609 2620
l 2620 2610
l 2610 2621
l 2621 2611
l 2611 2622
l 2622 2612
l 2612 2623
l 2623 2613
l 2613 2624
l 2624 2614
l 2614 2625
l 2625 2615
l 2615 2626
l 2626 2616
l 2616 2627
l 2627 2617
l 2617 2628
l 2628 2629
l 2629 2618
l 2619 2630
l 2630 2620
l 2620 2631
l 2631 2621
l 2621 2632
l 2632 2622
l 2622 2633
l 2633 2623
l 2623 2634
l 2634 2624
l 2624 2635
l 2635 2625
l 2625 2636
l 2636 2626
l 2626 2637
l 2637 2627
l 2627 2638
l 2638 2628
l 2628 2639
l 2639 2640
l 2640 2629
l 2630 2641
l 2641 2631
l 2631 2642
l 2642 2632
l 2632 2643
l 2643 2633
l 2633 2644
l 2644 2634
l 2634 2645
l 2645 2635
l 2635 2646
l 2646 2636
l 2636 2647
l 2647 2637
l 2637 2648
l 2648 2638
l 2638 2649
l 2649 2639
l 2639 2650
l 2650 2651
l 2651 2640
l 2641 2652
l 2652 2642
l 2642 2653
l 2653 2643
l 2643 2654
l 2654 2644
l 2644 2655
l 2655 2645
l 2645 2656
l 2656 2646
l 2646 2657
l 2657 2647
l 2647 2658
l 2658 2648
l 2648 2659
l 2659 2649
l 2649 2660
l 2660 2650
l 2650 2661
l 2661 2662
l 2662 2651
l 2652 2663
l 2663 2653
l 2653 2664
l 2664 2654
l 2654 2665
l 2665 2655
l 2655 2666
l 2666 2656
l 2656 2667
l 2667 2657
l 2657 2668
l 2668 2658
l 2658 2669
l 2669 2659
l 2659 2670
l 2670 2660
l 2660 2671
l 2671 2661
l 2661 2672
l 2672 2673
l 2673 2662
l 2663 2674
l 2674 2664
l 2664 2675
l 2675 2665
l 2665 2676
l 2676 2666
l 2666 2677
l 2677 2667
l 2667 2678
l 2678 2668
l 2668 2679
l 2679 2669
l 2669 2680
l 2680 2670
l 2670 2681
l 2681 2671
l 2671 2682
l 2682 2672
l 2672 2683
l 2683 2684
l 2684 2673
l 2674 2685
l 2685 2675
l 2675 2686
l 2686 2676
l 2676 2687
l 2687 2677
l 2677 2688
l 2688 2678
l 2678 2689
l 2689 2679
l 2679 2690
l 2690 2680
l 2680 2691
l 2691 2681
l 2681 2692
l 2692 2682
l 2682 2693
l 2693 2683
l 2685 2694
l 2694 2686
l 2686 2695
l 2695 2687
l 2687 2696
l 2696 2688
l 2688 2697
l 2697 2689
l 2689 2698
l 2698 2690
l 2690 2699
l 2699 2691
l 2691 2700
l 2700 2692
l 2692 2701
l 2701 2693
l 2694 2702
l 2702 2695
l 2695 2703
l 2703 2696
l 2696 2704
l 2704 2697
l 2697 2705
l 2705 2698
l 2698 2706
l 2706 2699
l 2699 2707
l 2707 2700
l 2700 2708
l 2708 2701
l 2702 2709
l 2709 2703
l 2703 2710
l 2710 2704
l 2704 2711
l 2711 2705
l 2705 2712
l 2712 2706
l 2706 2713
l 2713 2707
l 2707 2714
l 2714 2708
l 2709 2715
l 2715 2710
l 2710 2716
l 2716 2711
l 2711 2717
l 2717 2712
l 2712 2718
l 2718 2713
l 2713 2719
l 2719 2714
l 2720 2721
l 2722 2720
l 2721 2723
l 2724 2721
l 2722 2724
l 2725 2722
l 2723 2726
l 2727 2723
l 2724 2727
l 2728 2724
l 2725 2728
l 2729 2725
l 2726 2715
l 2716 2726
l 2727 2716
l 2717 2727
l 2728 2717
l 2718 2728
l 2729 2718
l 2719 2729
l 1627 2730
l 1630 1627
l 2731 1630
l 1632 2731
l 2732 1632
l 1634 2732
l 1637 1634
l 2733 1637
l 2730 2734
l 2731 2730
l 2735 2731
l 2732 2735
l 2733 2732
l 2736 2733
l 2734 2737
l 2735 2734
l 2736 2735
l 2737 2736


