#OBJ File generated by Abaqus/CAE
#List of Vertices
v 0.00999732 -2.85315e-05 -8.88667e-05
v 0.0100057 0.00324964 -7.67529e-05
v 0.00672551 0.00325255 -5.87934e-05
v 0.00336459 0.00662521 -3.02965e-05
v 0.0100085 0.00661756 -5.88417e-05
v 3.81928e-06 0.00999788 -1.74098e-06
v 0.0100146 0.00998606 -4.69837e-05
v 0.00672682 -1.92865e-05 -6.30922e-05
v 0.0033637 -9.97927e-06 -3.27044e-05
v 5.45066e-06 -3.38173e-06 -2.0477e-06
v 0.0107945 0.00920031 -6.05636e-05
v 0.0107679 0.00998425 -5.69845e-05
v 0.0200196 0.00996796 -0.000181458
v 0.0200118 -3.56583e-05 -0.000270631
v 0.0100683 -2.70736e-05 -9.03287e-05
v 0.0100005 5.98029e-05 -9.08732e-05
v 0.0100036 0.00342623 -7.18186e-05
v 0.0128058 -3.09815e-05 -0.000138528
v 0.0100108 0.00679392 -5.82333e-05
v 0.0155456 -3.38078e-05 -0.000190102
v 0.018279 -3.55545e-05 -0.000236286
v 0.0229654 0.00701736 -0.000276689
v 0.0242044 0.00996943 -0.000266227
v 0.0300294 0.00996415 -0.000384661
v 0.0300169 -4.33324e-05 -0.000507045
v 0.023108 -3.83855e-05 -0.000341748
v 0.0346102 0.00537829 -0.000574768
v 0.0364758 0.00996387 -0.000554566
v 0.0400337 0.00995962 -0.000646666
v 0.0400252 -4.57293e-05 -0.000796971
v 0.0322749 -4.5077e-05 -0.000571346
v 0.050028 -4.60232e-05 -0.00113845
v 0.0500372 0.00666059 -0.00102399
v 0.0479306 0.00205335 -0.00103488
v 0.0500357 0.00996342 -0.000966004
v 0.0467115 -4.5562e-05 -0.00102565
v 0.0514031 0.00859479 -0.00104366
v 0.051827 0.00996226 -0.00103258
v 0.0600391 0.00995772 -0.00133722
v 0.0600302 -4.7581e-05 -0.00152714
v 0.070031 -4.73152e-05 -0.00197124
v 0.0700431 0.00995914 -0.00177035
v 0.080027 -4.47082e-05 -0.00246559
v 0.0800395 0.00996118 -0.00225518
v 0.0900295 0.00996444 -0.00279081
v 0.0869082 0.00996169 -0.00262211
v 0.0900313 0.00771447 -0.00283988
v 0.0900192 -4.58165e-05 -0.00300829
v 0.10001 -4.55778e-05 -0.00360572
v 0.10002 0.00612573 -0.00346862
v 0.0921446 0.00784136 -0.00296182
v 0.100023 0.00996321 -0.00338365
v 0.109994 -4.45937e-05 -0.00425375
v 0.110003 0.00628749 -0.00411037
v 0.103476 0.00649851 -0.00368548
v 0.110009 0.00996258 -0.00402713
v 0.11998 -4.2935e-05 -0.00496066
v 0.119989 0.00671985 -0.00480306
v 0.113386 0.0065752 -0.00434405
v 0.119997 0.0099622 -0.00472975
v 0.129954 -4.09995e-05 -0.00571359
v 0.12997 0.00716666 -0.00554514
v 0.123036 0.00690726 -0.0050281
v 0.129977 0.00996207 -0.00548259
v 0.139933 -4.38781e-05 -0.00652269
v 0.139946 0.00747303 -0.00634741
v 0.132665 0.00725956 -0.00576218
v 0.139947 0.00996667 -0.00628817
v 0.149902 -4.20028e-05 -0.00738427
v 0.149916 0.00763391 -0.00720385
v 0.142395 0.00750462 -0.00655648
v 0.149921 0.0099662 -0.00714967
v 0.159863 -4.04717e-05 -0.00829568
v 0.159882 0.00765748 -0.00811466
v 0.152247 0.00762193 -0.00741498
v 0.159886 0.00996519 -0.00806108
v 0.169826 -3.95098e-05 -0.00926524
v 0.169843 0.00757042 -0.00908379
v 0.162215 0.00762129 -0.0083429
v 0.169849 0.00996363 -0.00902629
v 0.179781 -3.9405e-05 -0.0102844
v 0.179799 0.00738962 -0.0101059
v 0.17229 0.00750805 -0.0093383
v 0.179805 0.00996611 -0.0100476
v 0.189728 -4.02484e-05 -0.011353
v 0.189749 0.00712779 -0.0111834
v 0.182445 0.00730225 -0.0103938
v 0.189753 0.00996762 -0.0111183
v 0.199672 -4.22596e-05 -0.012475
v 0.199693 0.00679897 -0.0123176
v 0.19268 0.0070139 -0.0115185
v 0.199701 0.00996787 -0.0122465
v 0.20961 -4.0871e-05 -0.0136528
v 0.209631 0.00641861 -0.013504
v 0.202977 0.00665792 -0.0127108
v 0.209637 0.00996681 -0.0134195
v 0.219544 -4.10724e-05 -0.0148838
v 0.219558 0.00600097 -0.0147391
v 0.213321 0.00624484 -0.0139624
v 0.219574 0.00996413 -0.0146497
v 0.229466 -4.30456e-05 -0.0161594
v 0.229484 0.00554644 -0.0160309
v 0.223696 0.00579416 -0.0152784
v 0.2295 0.00996452 -0.015931
v 0.239386 -4.2185e-05 -0.0174945
v 0.239399 0.00506676 -0.0173738
v 0.2341 0.00531084 -0.016661
v 0.239415 0.00996779 -0.0172633
v 0.249296 -3.87005e-05 -0.0188806
v 0.249309 0.00456292 -0.0187711
v 0.244528 0.00479006 -0.0180994
v 0.249329 0.00996413 -0.0186458
v 0.2592 -4.23941e-05 -0.0203127
v 0.259211 0.0040374 -0.0202162
v 0.254971 0.00424645 -0.0196002
v 0.25923 0.00996768 -0.0200814
v 0.269092 -3.90181e-05 -0.0217979
v 0.269107 0.00349979 -0.0217178
v 0.265421 0.00368485 -0.0211574
v 0.269127 0.00996874 -0.0215692
v 0.278979 -3.84246e-05 -0.0233354
v 0.278995 0.00293897 -0.0232681
v 0.275887 0.00310488 -0.0227835
v 0.279019 0.00996709 -0.0231093
v 0.288863 -4.07857e-05 -0.0249252
v 0.288871 0.00236557 -0.024871
v 0.286362 0.00250152 -0.0244636
v 0.288897 0.00996731 -0.0246956
v 0.298736 -4.14209e-05 -0.0265653
v 0.29874 0.00178216 -0.0265238
v 0.296843 0.0018846 -0.0262062
v 0.298772 0.00996924 -0.0263402
v 0.308595 -4.0656e-05 -0.0282515
v 0.308601 0.00118816 -0.0282268
v 0.307321 0.00125879 -0.0280052
v 0.308636 0.00996792 -0.0280284
v 0.318452 -3.86255e-05 -0.029996
v 0.318454 0.000576926 -0.0299793
v 0.317809 0.000613958 -0.0298644
v 0.318492 0.00996791 -0.0297707
v 0.328296 -4.02212e-05 -0.031784
v 0.328335 0.00996903 -0.0315586
v 0.328224 -4.05123e-05 -0.0317699
v 0.338131 -4.0985e-05 -0.0336219
v 0.338177 0.0099663 -0.0334022
v 0.347959 -4.10159e-05 -0.0355137
v 0.348002 0.00996908 -0.0352937
v 0.357777 -4.05366e-05 -0.0374552
v 0.357819 0.00996768 -0.0372323
v 0.367581 -3.97681e-05 -0.0394422
v 0.367626 0.00996664 -0.0392204
v 0.377379 -3.88672e-05 -0.0414828
v 0.377427 0.00996581 -0.0412619
v 0.387164 -3.80209e-05 -0.0435688
v 0.387212 0.00996961 -0.0433509
v 0.396942 -3.74141e-05 -0.0457081
v 0.396988 0.00996855 -0.0454868
v 0.406706 -3.72308e-05 -0.0478926
v 0.406755 0.00996715 -0.0476718
v 0.416461 -3.76225e-05 -0.0501264
v 0.416509 0.00996983 -0.0499082
v 0.426202 -3.88009e-05 -0.0524052
v 0.426256 0.00996718 -0.0521911
v 0.435935 -3.62912e-05 -0.0547394
v 0.435987 0.00996822 -0.0545213
v 0.445654 -3.95587e-05 -0.0571123
v 0.445708 0.00996813 -0.0569004
v 0.455364 -3.95112e-05 -0.0595405
v 0.455413 0.00997145 -0.0593265
v 0.46506 -3.63202e-05 -0.0620158
v 0.465112 0.00996871 -0.0617991
v 0.474742 -3.48052e-05 -0.0645359
v 0.474799 0.00996896 -0.0643226
v 0.484412 -3.51389e-05 -0.0671009
v 0.484472 0.00996745 -0.0668908
v 0.494072 -3.74323e-05 -0.0697147
v 0.494131 0.00996855 -0.0695059
v 0.503718 -3.7354e-05 -0.0723755
v 0.503775 0.00997209 -0.0721679
v 0.513349 -3.50081e-05 -0.0750832
v 0.513412 0.00996879 -0.0748762
v 0.522972 -3.5194e-05 -0.0778397
v 0.523032 0.00997215 -0.0776335
v 0.532579 -3.79882e-05 -0.0806368
v 0.532638 0.00996834 -0.0804292
v 0.54217 -3.45586e-05 -0.0834832
v 0.542232 0.00997083 -0.0832779
v 0.551749 -3.41609e-05 -0.0863743
v 0.551814 0.0099704 -0.0861711
v 0.561316 -3.68687e-05 -0.08931
v 0.561378 0.00997138 -0.0891072
v 0.570868 -3.3805e-05 -0.0922948
v 0.570934 0.00996912 -0.0920917
v 0.580404 -3.4263e-05 -0.0953204
v 0.58047 0.00997244 -0.0951212
v 0.589927 -3.37945e-05 -0.0983929
v 0.589992 0.0099722 -0.0981915
v 0.59944 -3.70942e-05 -0.10151
v 0.599504 0.00997275 -0.101312
v 0.60893 -3.53433e-05 -0.104669
v 0.608998 0.00996946 -0.10447
v 0.618411 -3.31527e-05 -0.107878
v 0.618477 0.0099711 -0.107677
v 0.627874 -3.52197e-05 -0.111124
v 0.627943 0.00997299 -0.11093
v 0.637323 -3.26797e-05 -0.11442
v 0.637391 0.0099706 -0.114221
v 0.646759 -3.46496e-05 -0.117756
v 0.646825 0.00997269 -0.11756
v 0.656173 -3.23521e-05 -0.121134
v 0.656246 0.00997016 -0.12094
v 0.665578 -3.4872e-05 -0.124557
v 0.665649 0.00997178 -0.124366
v 0.674965 -3.34155e-05 -0.128025
v 0.675034 0.00997295 -0.127831
v 0.684334 -3.26218e-05 -0.131533
v 0.684407 0.00997352 -0.131342
v 0.693689 -3.25606e-05 -0.135084
v 0.693761 0.0099734 -0.134894
v 0.70303 -3.33891e-05 -0.138679
v 0.703102 0.00997241 -0.138488
v 0.712352 -3.52927e-05 -0.142313
v 0.712422 0.00997481 -0.142124
v 0.721655 -3.39959e-05 -0.145989
v 0.72173 0.00997169 -0.145802
v 0.730945 -3.401e-05 -0.149708
v 0.731019 0.00997167 -0.149521
v 0.740216 -3.10863e-05 -0.15347
v 0.740293 0.00997466 -0.153286
v 0.749472 -3.41017e-05 -0.157269
v 0.749552 0.00997172 -0.157088
v 0.758714 -3.44829e-05 -0.161114
v 0.758789 0.00997149 -0.160929
v 0.767934 -3.22851e-05 -0.164998
v 0.768011 0.00997381 -0.164816
v 0.777138 -3.20688e-05 -0.168922
v 0.777217 0.00997424 -0.168742
v 0.786326 -3.39261e-05 -0.172886
v 0.786404 0.00997264 -0.172705
v 0.795494 -3.36572e-05 -0.176889
v 0.795573 0.00997323 -0.176711
v 0.804648 -3.1329e-05 -0.180938
v 0.804725 0.0099759 -0.180759
v 0.81378 -3.14443e-05 -0.18502
v 0.813859 0.00997616 -0.184843
v 0.822896 -2.97627e-05 -0.189145
v 0.822979 0.00997394 -0.188968
v 0.831995 -3.07446e-05 -0.193307
v 0.832079 0.00997346 -0.193132
v 0.841078 -3.01749e-05 -0.197512
v 0.841159 0.00997453 -0.197335
v 0.85014 -3.25008e-05 -0.20175
v 0.850222 0.00997278 -0.201576
v 0.859181 -2.91545e-05 -0.20603
v 0.859264 0.0099767 -0.205858
v 0.86821 -2.89024e-05 -0.210351
v 0.868292 0.00997334 -0.210174
v 0.877219 -3.18602e-05 -0.214706
v 0.877299 0.00997541 -0.214533
v 0.886205 -2.95071e-05 -0.219099
v 0.886291 0.00997422 -0.218929
v 0.895179 -3.05451e-05 -0.223533
v 0.895262 0.00997401 -0.223362
v 0.904128 -3.081e-05 -0.228001
v 0.904215 0.00997466 -0.227834
v 0.913061 -3.03754e-05 -0.232508
v 0.913148 0.00997605 -0.232343
v 0.921977 -2.93145e-05 -0.237056
v 0.922063 0.00997382 -0.236886
v 0.930873 -3.19908e-05 -0.241635
v 0.930959 0.00997644 -0.241471
v 0.93975 -2.99605e-05 -0.246256
v 0.939835 0.00997533 -0.246088
v 0.945351 0.00368588 -0.249122
v 0.947223 0.00997802 -0.249973
v 0.948695 0.00997469 -0.250745
v 0.948605 -2.74647e-05 -0.25091
v 0.947131 -3.02529e-05 -0.250134
v 0.957447 -2.88645e-05 -0.255604
v 0.957531 0.00997875 -0.255437
v 3.13782e-06 0.0199962 6.64956e-07
v 0.00381655 0.0161828 -1.7084e-05
v 0.00508218 0.0199942 -1.51625e-05
v 0.0100152 0.0199854 -2.94091e-05
v 2.12775e-06 0.016188 -8.53245e-07
v 0.0117556 0.018244 -5.71109e-05
v 0.0133299 0.0199853 -6.37051e-05
v 0.0200266 0.0199785 -0.000130818
v 0.0200281 0.0199423 -0.000132407
v 0.0152808 0.0147153 -0.000111879
v 0.0200238 0.012512 -0.000170029
v 0.0188087 0.0111815 -0.000164092
v 0.0100132 0.0181693 -3.4424e-05
v 0.010016 0.0144723 -3.89784e-05
v 0.0100167 0.0107809 -4.67463e-05
v 0.0201188 0.0198871 -0.000134049
v 0.0202669 0.0199798 -0.000136095
v 0.0300329 0.0199723 -0.000306098
v 0.0340885 0.0159115 -0.000443896
v 0.033686 0.0199743 -0.00039199
v 0.040039 0.0199731 -0.000544549
v 0.0500456 0.0199678 -0.000843578
v 0.0516246 0.0183869 -0.000922157
v 0.0514898 0.0199696 -0.000894288
v 0.060047 0.0199689 -0.00120117
v 0.0700479 0.0199697 -0.00162024
v 0.0800455 0.0199714 -0.00209509
v 0.0737793 0.0199672 -0.00179674
v 0.0800382 0.0125844 -0.00221084
v 0.0900414 0.0199681 -0.00262354
v 0.100036 0.0199702 -0.00321405
v 0.110022 0.0199723 -0.00385565
v 0.120007 0.0199697 -0.00454957
v 0.12999 0.0199719 -0.00530492
v 0.139965 0.019974 -0.00611038
v 0.149938 0.0199708 -0.00696762
v 0.159906 0.019972 -0.0078813
v 0.169869 0.0199725 -0.00884872
v 0.179824 0.0199722 -0.00986549
v 0.189776 0.0199709 -0.0109357
v 0.19972 0.0199733 -0.0120615
v 0.209661 0.0199743 -0.0132404
v 0.219593 0.0199738 -0.014468
v 0.229521 0.0199715 -0.0157484
v 0.239443 0.0199721 -0.0170837
v 0.249354 0.0199754 -0.0184697
v 0.259258 0.0199717 -0.0199014
v 0.269158 0.019975 -0.0213942
v 0.279045 0.0199756 -0.0229308
v 0.288927 0.0199735 -0.0245193
v 0.298803 0.0199731 -0.0261619
v 0.308665 0.0199742 -0.0278503
v 0.318523 0.0199766 -0.0295966
v 0.328369 0.0199755 -0.0313862
v 0.338209 0.0199754 -0.0332295
v 0.348033 0.019976 -0.0351181
v 0.357852 0.0199773 -0.0370602
v 0.367662 0.0199742 -0.0390493
v 0.377459 0.0199761 -0.0410898
v 0.387248 0.0199734 -0.0431772
v 0.397029 0.0199751 -0.0453199
v 0.406791 0.0199766 -0.0475035
v 0.416548 0.0199775 -0.0497401
v 0.426294 0.0199778 -0.0520254
v 0.436026 0.0199772 -0.0543554
v 0.445749 0.0199755 -0.0567342
v 0.455459 0.0199773 -0.0591638
v 0.465156 0.0199776 -0.0616381
v 0.47484 0.0199765 -0.0641569
v 0.484512 0.0199781 -0.0667266
v 0.494175 0.0199778 -0.0693446
v 0.503821 0.0199756 -0.0720032
v 0.513455 0.0199756 -0.0747124
v 0.523079 0.0199778 -0.0774722
v 0.532687 0.0199774 -0.0802725
v 0.542279 0.0199788 -0.0831195
v 0.55186 0.0199773 -0.0860108
v 0.561427 0.0199773 -0.0889488
v 0.570979 0.0199786 -0.0919334
v 0.58052 0.0199766 -0.0949623
v 0.590042 0.0199799 -0.0980362
v 0.599552 0.0199797 -0.101155
v 0.609049 0.0199801 -0.104319
v 0.618532 0.0199766 -0.107525
v 0.627995 0.0199779 -0.110775
v 0.637443 0.0199794 -0.114069
v 0.64688 0.0199765 -0.117407
v 0.6563 0.0199779 -0.12079
v 0.665703 0.019979 -0.124216
v 0.675092 0.0199798 -0.127685
v 0.684461 0.01998 -0.131193
v 0.69382 0.0199796 -0.134748
v 0.70316 0.0199784 -0.138342
v 0.71248 0.0199805 -0.141978
v 0.721788 0.0199773 -0.145655
v 0.731078 0.0199815 -0.14938
v 0.740353 0.01998 -0.153142
v 0.749609 0.0199814 -0.156946
v 0.758848 0.0199812 -0.16079
v 0.768071 0.0199793 -0.164673
v 0.777275 0.0199798 -0.168599
v 0.786464 0.0199783 -0.172565
v 0.795636 0.0199791 -0.176572
v 0.804786 0.019982 -0.180619
v 0.813924 0.0199783 -0.184704
v 0.823039 0.0199807 -0.188829
v 0.83214 0.0199806 -0.192995
v 0.841221 0.0199821 -0.1972
v 0.850285 0.0199808 -0.201442
v 0.859331 0.019981 -0.205724
v 0.868357 0.0199825 -0.210045
v 0.865665 0.0199813 -0.208755
v 0.868357 0.0198412 -0.210047
v 0.877361 0.0193425 -0.214408
v 0.868493 0.0198288 -0.21011
v 0.877367 0.0199809 -0.214403
v 0.886346 0.0188104 -0.218812
v 0.87798 0.0192932 -0.214713
v 0.886356 0.0199804 -0.218796
v 0.895313 0.01822 -0.223253
v 0.887501 0.0186935 -0.219383
v 0.895326 0.019981 -0.22323
v 0.904264 0.0175516 -0.227734
v 0.897094 0.0179911 -0.224145
v 0.90428 0.0199824 -0.227704
v 0.913192 0.0167851 -0.232251
v 0.906805 0.0171313 -0.229024
v 0.913215 0.0199804 -0.232211
v 0.9221 0.0158764 -0.23681
v 0.916718 0.0160176 -0.234063
v 0.92213 0.0199791 -0.236755
v 0.93099 0.0147094 -0.241407
v 0.927009 0.0144485 -0.239362
v 0.931022 0.0199826 -0.241338
v 0.927013 0.0144486 -0.239365
v 0.939855 0.0131176 -0.246048
v 0.937967 0.0120973 -0.245081
v 0.939901 0.0199825 -0.245959
v 0.948761 0.019983 -0.250617
v 0.945728 0.0199828 -0.249022
v 0.948702 0.0114666 -0.250727
v 0.957537 0.0110157 -0.255421
v 0.955302 0.0125201 -0.254211
v 0.957598 0.0199839 -0.255307
v 0.0100177 0.0228035 -3.15627e-05
v 0.00799186 0.0220129 -2.77363e-05
v 0.00399732 0.0260072 -1.59701e-05
v 0.0100147 0.0283574 -2.45867e-05
v 5.33319e-06 0.0299964 -1.67817e-06
v 0.0100185 0.02999 -2.46941e-05
v 4.12407e-06 0.0232299 -3.16016e-06
v 0.0109132 0.029095 -3.43534e-05
v 0.0120159 0.0299925 -4.44268e-05
v 0.0188042 0.0299844 -9.78693e-05
v 0.0139579 0.0260512 -6.83337e-05
v 0.0200266 0.029984 -0.000106412
v 0.0200275 0.0254646 -0.000117808
v 0.0169981 0.0230073 -9.80176e-05
v 0.0240935 0.0259167 -0.000189364
v 0.0288598 0.0299829 -0.000241913
v 0.0300399 0.029983 -0.000262246
v 0.0300321 0.0217892 -0.000298058
v 0.029054 0.0209537 -0.000288615
v 0.0400439 0.0299793 -0.000478756
v 0.0500496 0.029981 -0.000763731
v 0.0420441 0.0299794 -0.000534838
v 0.0500447 0.0218911 -0.000828618
v 0.0600549 0.0299761 -0.00110921
v 0.0700533 0.0299766 -0.00151372
v 0.0650575 0.029978 -0.00131373
v 0.0700517 0.0233711 -0.00158573
v 0.0800545 0.0299762 -0.001984
v 0.0900491 0.0299811 -0.00251253
v 0.100041 0.0299807 -0.0030945
v 0.110029 0.0299804 -0.00373162
v 0.120017 0.0299798 -0.0044281
v 0.129997 0.0299791 -0.00517494
v 0.139977 0.0299782 -0.00598039
v 0.14995 0.0299817 -0.00684242
v 0.159917 0.0299799 -0.00775168
v 0.169877 0.0299822 -0.008717
v 0.17984 0.0299789 -0.00973759
v 0.189792 0.0299794 -0.0108097
v 0.199733 0.0299836 -0.0119331
v 0.209677 0.0299816 -0.0131112
v 0.219609 0.029983 -0.0143402
v 0.229537 0.0299826 -0.0156219
v 0.23946 0.0299804 -0.0169559
v 0.249372 0.0299809 -0.0183405
v 0.259278 0.0299839 -0.0197796
v 0.269177 0.0299797 -0.0212642
v 0.279067 0.0299825 -0.0228055
v 0.288948 0.0299825 -0.0243943
v 0.298822 0.0299842 -0.0260371
v 0.308688 0.0299828 -0.0277273
v 0.318546 0.0299828 -0.0294712
v 0.32839 0.029984 -0.0312605
v 0.338233 0.0299815 -0.0331051
v 0.348059 0.0299845 -0.0349972
v 0.357877 0.0299835 -0.0369363
v 0.367687 0.029983 -0.0389285
v 0.377487 0.0299827 -0.0409697
v 0.387277 0.0299825 -0.0430599
v 0.397052 0.0299822 -0.045195
v 0.406821 0.0299817 -0.0473828
v 0.416577 0.0299853 -0.0496217
v 0.426321 0.0299837 -0.0519029
v 0.436056 0.0299859 -0.054239
v 0.445776 0.0299825 -0.0566134
v 0.455488 0.0299825 -0.0590425
v 0.465184 0.0299858 -0.0615184
v 0.474872 0.029983 -0.0640404
v 0.484544 0.0299831 -0.066609
v 0.494205 0.0299859 -0.0692282
v 0.503855 0.0299822 -0.0718894
v 0.513488 0.0299853 -0.0745995
v 0.523111 0.0299861 -0.0773577
v 0.532718 0.0299845 -0.0801563
v 0.542314 0.0299846 -0.0830053
v 0.551896 0.0299864 -0.0859008
v 0.561461 0.0299853 -0.0888367
v 0.571016 0.0299855 -0.0918229
v 0.580554 0.0299869 -0.0948517
v 0.590079 0.0299849 -0.0979247
v 0.599592 0.0299837 -0.101044
v 0.609087 0.0299833 -0.104206
v 0.618569 0.0299834 -0.107415
v 0.628034 0.0299839 -0.110666
v 0.637482 0.0299846 -0.11396
v 0.646919 0.0299854 -0.117301
v 0.656339 0.0299862 -0.120684
v 0.665739 0.0299868 -0.124107
v 0.675128 0.0299871 -0.127576
v 0.684502 0.0299868 -0.131088
v 0.693857 0.0299859 -0.134639
v 0.703201 0.0299843 -0.138237
v 0.700296 0.0299872 -0.13712
v 0.703199 0.0298348 -0.138239
v 0.712518 0.0293384 -0.141881
v 0.703349 0.0298241 -0.138296
v 0.71252 0.0299861 -0.141872
v 0.721825 0.0288484 -0.145567
v 0.713158 0.0292985 -0.142133
v 0.72183 0.0299869 -0.145555
v 0.731112 0.0283568 -0.149291
v 0.722944 0.0287809 -0.146014
v 0.731121 0.0299866 -0.149277
v 0.740383 0.0278506 -0.153058
v 0.732713 0.0282601 -0.149943
v 0.740395 0.0299849 -0.153038
v 0.749638 0.0273481 -0.156869
v 0.742478 0.0277217 -0.15392
v 0.74965 0.0299862 -0.156841
v 0.758878 0.0268317 -0.160721
v 0.75222 0.0271897 -0.157943
v 0.758892 0.0299859 -0.160688
v 0.768097 0.0262867 -0.164609
v 0.761967 0.0266343 -0.162023
v 0.768112 0.0299882 -0.164573
v 0.7773 0.0257382 -0.168542
v 0.771715 0.0260537 -0.166156
v 0.777319 0.0299887 -0.168501
v 0.786484 0.0251936 -0.172513
v 0.781445 0.0254702 -0.170333
v 0.786506 0.0299874 -0.172465
v 0.795656 0.0246409 -0.176528
v 0.791153 0.0248925 -0.174556
v 0.795679 0.0299882 -0.176475
v 0.804806 0.0240863 -0.180577
v 0.800846 0.0243107 -0.178826
v 0.80483 0.029987 -0.180518
v 0.813938 0.0235265 -0.184669
v 0.810524 0.0237197 -0.183139
v 0.813967 0.0299877 -0.184607
v 0.823054 0.022951 -0.188801
v 0.820196 0.0231181 -0.187507
v 0.823086 0.0299861 -0.188733
v 0.832149 0.0223721 -0.19297
v 0.829852 0.0225072 -0.191917
v 0.832185 0.0299863 -0.192897
v 0.84123 0.0217693 -0.197181
v 0.839511 0.0218749 -0.196385
v 0.841267 0.0299881 -0.197104
v 0.85029 0.0211345 -0.201432
v 0.849183 0.0212054 -0.200914
v 0.850329 0.0299873 -0.201344
v 0.859331 0.0204702 -0.205718
v 0.858863 0.0204994 -0.205495
v 0.859375 0.0299878 -0.205627
v 0.868404 0.0299856 -0.209947
v 0.877409 0.0299888 -0.214305
v 0.886402 0.0299889 -0.218704
v 0.895375 0.0299858 -0.223137
v 0.904325 0.029988 -0.227607
v 0.91326 0.0299867 -0.232116
v 0.922175 0.0299863 -0.236661
v 0.931073 0.0299865 -0.241246
v 0.939948 0.0299873 -0.245864
v 0.946867 0.0221316 -0.249595
v 0.945057 0.0299886 -0.248551
v 0.948808 0.0299886 -0.250522
v 0.957644 0.0299904 -0.255214
v 0.0100175 0.0399939 -2.20985e-05
v 1.76663e-06 0.0399982 3.38014e-08
v 0.0135525 0.0364607 -5.40239e-05
v 0.0160201 0.0399919 -6.70008e-05
v 0.0200319 0.0399928 -0.000100224
v 0.0200263 0.0323958 -0.000106474
v 0.0190353 0.0309769 -9.96633e-05
v 0.0234235 0.0365958 -0.000150409
v 0.0254358 0.0399915 -0.000172695
v 0.0300391 0.0399907 -0.000237874
v 0.0300378 0.0317328 -0.000254965
v 0.0293871 0.0306332 -0.000249068
v 0.0400449 0.0322303 -0.000472014
v 0.0386409 0.0313807 -0.000442636
v 0.0400485 0.039988 -0.000442756
v 0.0500505 0.0399878 -0.000714493
v 0.0600552 0.039987 -0.00105246
v 0.0597715 0.0399873 -0.00104644
v 0.0600563 0.0393999 -0.00105894
v 0.0700543 0.0399896 -0.00145542
v 0.0800593 0.0399871 -0.00192092
v 0.0900516 0.0399888 -0.00244129
v 0.100044 0.0399904 -0.00302147
v 0.110037 0.0399867 -0.00365898
v 0.120024 0.0399878 -0.0043537
v 0.130006 0.0399887 -0.00510311
v 0.139983 0.0399893 -0.00590678
v 0.149956 0.0399895 -0.00676445
v 0.159925 0.0399891 -0.00767592
v 0.169889 0.0399881 -0.00864094
v 0.179846 0.0399911 -0.00966167
v 0.189801 0.0399883 -0.0107332
v 0.199745 0.0399893 -0.0118558
v 0.209684 0.0399888 -0.0130313
v 0.219621 0.0399918 -0.0142658
v 0.229547 0.0399883 -0.0155422
v 0.239469 0.0399878 -0.0168773
v 0.249381 0.03999 -0.0182628
v 0.259288 0.03999 -0.0197003
v 0.269188 0.0399924 -0.0211919
v 0.279078 0.0399923 -0.0227312
v 0.28896 0.0399894 -0.024318
v 0.298835 0.0399884 -0.0259585
v 0.308703 0.039989 -0.0276527
v 0.318559 0.039991 -0.0293964
v 0.328407 0.0399896 -0.0311871
v 0.338243 0.0399893 -0.0330271
v 0.348073 0.0399898 -0.0349203
v 0.357891 0.039991 -0.0368625
v 0.367703 0.0399927 -0.0388578
v 0.377502 0.0399901 -0.0408956
v 0.387292 0.0399923 -0.0429884
v 0.39707 0.0399898 -0.0451238
v 0.406838 0.0399917 -0.047314
v 0.416592 0.0399932 -0.0495488
v 0.426338 0.0399896 -0.0518299
v 0.436075 0.0399897 -0.0541656
v 0.445796 0.0399936 -0.056548
v 0.455505 0.0399917 -0.0589725
v 0.465202 0.0399931 -0.0614476
v 0.474888 0.0399931 -0.0639708
v 0.484565 0.0399915 -0.0665423
v 0.494223 0.0399926 -0.0691563
v 0.503875 0.0399918 -0.0718223
v 0.513507 0.0399934 -0.0745308
v 0.52313 0.0399927 -0.0772874
v 0.532739 0.0399941 -0.0800904
v 0.542334 0.0399928 -0.0829374
v 0.551915 0.0399933 -0.0858308
v 0.561487 0.0399909 -0.0887722
v 0.571039 0.0399943 -0.0917582
v 0.580575 0.0399945 -0.0947845
v 0.575318 0.0399938 -0.0931164
v 0.580575 0.0396107 -0.0947858
v 0.590101 0.0389231 -0.0978691
v 0.580969 0.039579 -0.0949135
v 0.590103 0.0399914 -0.0978588
v 0.599611 0.0382268 -0.100991
v 0.591196 0.0388382 -0.098227
v 0.599611 0.0399936 -0.100978
v 0.609103 0.0375364 -0.104159
v 0.601417 0.0380878 -0.101594
v 0.609108 0.0399921 -0.104141
v 0.618583 0.0368224 -0.107372
v 0.611624 0.0373314 -0.105013
v 0.618591 0.0399912 -0.10735
v 0.628046 0.0360767 -0.110625
v 0.621837 0.0365489 -0.10849
v 0.628058 0.0399908 -0.110602
v 0.637494 0.0353176 -0.113926
v 0.63206 0.0357399 -0.112028
v 0.637506 0.0399951 -0.113899
v 0.646927 0.0345519 -0.117272
v 0.642282 0.0349143 -0.115623
v 0.646939 0.0399951 -0.117236
v 0.656346 0.033776 -0.120658
v 0.652497 0.0340767 -0.119273
v 0.65636 0.0399951 -0.12062
v 0.665747 0.0329926 -0.124088
v 0.6627 0.0332317 -0.122977
v 0.665766 0.039995 -0.124046
v 0.675136 0.0321973 -0.127562
v 0.672894 0.0323749 -0.126732
v 0.675151 0.0399946 -0.127512
v 0.684503 0.0313936 -0.131077
v 0.683082 0.0315053 -0.130543
v 0.684525 0.0399937 -0.131023
v 0.69386 0.0305706 -0.134638
v 0.69327 0.0306176 -0.134413
v 0.693884 0.0399923 -0.134578
v 0.703222 0.0399945 -0.138174
v 0.712547 0.0399916 -0.141811
v 0.721856 0.0399919 -0.145493
v 0.731145 0.0399956 -0.149216
v 0.740419 0.0399936 -0.152977
v 0.749677 0.0399946 -0.156783
v 0.758918 0.0399941 -0.160628
v 0.768142 0.039992 -0.164513
v 0.777347 0.0399924 -0.16844
v 0.786531 0.0399953 -0.172405
v 0.795703 0.0399961 -0.176414
v 0.804859 0.0399949 -0.180463
v 0.813994 0.0399957 -0.18455
v 0.823111 0.0399943 -0.188674
v 0.832211 0.0399946 -0.19284
v 0.841293 0.0399924 -0.197042
v 0.850358 0.0399961 -0.20129
v 0.859403 0.0399928 -0.205569
v 0.868431 0.0399952 -0.209892
v 0.877439 0.0399946 -0.214249
v 0.886428 0.0399952 -0.218645
v 0.895402 0.0399927 -0.223079
v 0.904352 0.0399955 -0.227551
v 0.913288 0.0399949 -0.232061
v 0.922202 0.0399951 -0.236606
v 0.931101 0.0399961 -0.241192
v 0.939977 0.0399935 -0.245809
v 0.945564 0.0336635 -0.24879
v 0.944712 0.0399958 -0.2483
v 0.948836 0.0399956 -0.250467
v 0.957675 0.0399939 -0.255158
v 0.0100193 0.0499987 -2.416e-05
v 3.91605e-06 0.0499964 -2.5857e-07
v 0.0162782 0.0437419 -6.9598e-05
v 0.0180792 0.0499965 -7.82288e-05
v 0.0200266 0.049999 -9.3022e-05
v 0.026339 0.0436886 -0.000183843
v 0.0275238 0.0499952 -0.000194083
v 0.0300398 0.049995 -0.000225955
v 0.0400473 0.0499985 -0.000432693
v 0.0500543 0.0499959 -0.000699782
v 0.0596657 0.0403788 -0.00104046
v 0.057493 0.0499976 -0.000950255
v 0.0600586 0.0499961 -0.00103716
v 0.0700607 0.0499955 -0.00143609
v 0.0800577 0.0499987 -0.00189907
v 0.0900561 0.0499968 -0.00241984
v 0.100046 0.0499993 -0.00299899
v 0.110038 0.0499967 -0.00363502
v 0.106634 0.0499994 -0.00342111
v 0.110035 0.0496073 -0.00363569
v 0.110352 0.049681 -0.00365665
v 0.111273 0.0499999 -0.00372377
v 0.120023 0.0499988 -0.00432841
v 0.130005 0.0499959 -0.00507379
v 0.139984 0.0499975 -0.00587998
v 0.149959 0.0499988 -0.00674004
v 0.159925 0.0499996 -0.00764951
v 0.16989 0.0499997 -0.0086166
v 0.179846 0.0499991 -0.00963267
v 0.189802 0.0499976 -0.0107059
v 0.199746 0.0499997 -0.0118301
v 0.20969 0.0500007 -0.0130112
v 0.219625 0.0500002 -0.0142404
v 0.22955 0.0499981 -0.0155179
v 0.239472 0.049999 -0.016854
v 0.249386 0.0499979 -0.0182379
v 0.259292 0.0499995 -0.019676
v 0.269193 0.0499988 -0.0211657
v 0.279082 0.0500003 -0.0227053
v 0.288967 0.0499991 -0.0242963
v 0.29884 0.0499998 -0.0259368
v 0.308708 0.0499975 -0.0276285
v 0.318562 0.0500013 -0.0293719
v 0.32841 0.0499971 -0.0311598
v 0.338248 0.0499987 -0.0330032
v 0.348079 0.0500012 -0.0348996
v 0.357897 0.0499997 -0.0368386
v 0.367707 0.0499989 -0.0388304
v 0.377507 0.0499984 -0.040871
v 0.387296 0.0499981 -0.0429602
v 0.397078 0.0499978 -0.0451019
v 0.406844 0.0499974 -0.0472882
v 0.416598 0.0500012 -0.0495251
v 0.426344 0.0499999 -0.0518081
v 0.436079 0.0499979 -0.0541394
v 0.445801 0.0499996 -0.0565212
v 0.455513 0.0500002 -0.0589512
v 0.46521 0.0499996 -0.0614253
v 0.474898 0.0499977 -0.0639475
v 0.48457 0.0499987 -0.0665161
v 0.494231 0.049998 -0.0691327
v 0.503881 0.0499999 -0.0717995
v 0.513514 0.0499998 -0.0745063
v 0.523138 0.0500019 -0.0772673
v 0.532746 0.0500016 -0.0800683
v 0.527211 0.0500005 -0.0784527
v 0.532746 0.0488985 -0.0800699
v 0.542337 0.0470302 -0.0829207
v 0.53406 0.0486294 -0.0804593
v 0.542341 0.0499989 -0.0829132
v 0.551922 0.0450935 -0.0858215
v 0.54589 0.0462897 -0.0839953
v 0.551923 0.0500023 -0.0858105
v 0.561486 0.0430581 -0.0887642
v 0.557826 0.0438223 -0.0876384
v 0.56149 0.0499984 -0.0887457
v 0.57104 0.0409456 -0.0917555
v 0.569891 0.0411954 -0.0913957
v 0.571045 0.0500005 -0.0917332
v 0.580583 0.0499994 -0.0947607
v 0.590111 0.0499994 -0.0978382
v 0.599622 0.0500003 -0.100958
v 0.609114 0.0500021 -0.10412
v 0.618596 0.0500001 -0.107327
v 0.628064 0.0499986 -0.110579
v 0.637513 0.0500019 -0.113877
v 0.646948 0.050001 -0.117214
v 0.65637 0.0500001 -0.120598
v 0.665772 0.0499991 -0.12402
v 0.67516 0.0500023 -0.127492
v 0.684535 0.0500007 -0.131003
v 0.693888 0.0500029 -0.134556
v 0.703232 0.0500002 -0.138153
v 0.712555 0.050001 -0.141791
v 0.721864 0.0500009 -0.145472
v 0.731154 0.0499997 -0.149193
v 0.740425 0.0500016 -0.152955
v 0.749682 0.0500022 -0.15676
v 0.758926 0.0500014 -0.160608
v 0.768147 0.0500033 -0.164494
v 0.777353 0.0499993 -0.168417
v 0.786543 0.0500019 -0.172388
v 0.795713 0.0500027 -0.176395
v 0.804868 0.0500014 -0.180442
v 0.814001 0.0500022 -0.184527
v 0.823119 0.0500008 -0.188653
v 0.832221 0.0500012 -0.192821
v 0.841303 0.0500035 -0.197027
v 0.850366 0.0500031 -0.20127
v 0.859413 0.0500001 -0.20555
v 0.868438 0.0500027 -0.209871
v 0.877447 0.0500024 -0.21423
v 0.886437 0.0500035 -0.218627
v 0.895411 0.0500014 -0.223062
v 0.904364 0.0500005 -0.227532
v 0.913299 0.0500005 -0.232042
v 0.922214 0.0500013 -0.236589
v 0.931109 0.0500029 -0.241172
v 0.939989 0.050001 -0.245792
v 0.94486 0.0444918 -0.248367
v 0.944616 0.05 -0.248224
v 0.948844 0.0500037 -0.250448
v 0.957685 0.0500026 -0.255142
v 0.0100168 0.0599985 -2.03071e-05
v 5.03707e-06 0.0599957 -6.26178e-07
v 0.0179061 0.0521192 -7.95268e-05
v 0.0160169 0.0600003 -6.49773e-05
v 0.020031 0.0600045 -0.00010015
v 0.026758 0.0532764 -0.000184082
v 0.0254353 0.0600033 -0.000171122
v 0.0300397 0.0600043 -0.00023684
v 0.0400467 0.060008 -0.000443553
v 0.0500526 0.0600092 -0.000718608
v 0.058061 0.0519928 -0.000971386
v 0.0597668 0.0600095 -0.00104699
v 0.0600556 0.0600094 -0.00105578
v 0.0700553 0.0600083 -0.00145504
v 0.0800574 0.0600068 -0.00191928
v 0.090051 0.0600096 -0.00244217
v 0.100046 0.0600075 -0.0030222
v 0.110038 0.05039 -0.00363766
v 0.109705 0.0503313 -0.00361544
v 0.110036 0.0600053 -0.00365735
v 0.120022 0.0600079 -0.00435367
v 0.130006 0.0600054 -0.00510186
v 0.139982 0.0600077 -0.00590641
v 0.149957 0.0600048 -0.00676226
v 0.159923 0.0600064 -0.00767396
v 0.169885 0.0600073 -0.00863891
v 0.179847 0.0600076 -0.00966098
v 0.189799 0.060007 -0.0107318
v 0.199746 0.0600054 -0.0118551
v 0.209686 0.0600074 -0.0130334
v 0.21962 0.060008 -0.0142638
v 0.22955 0.0600071 -0.0155464
v 0.239467 0.0600092 -0.0168792
v 0.24938 0.0600094 -0.0182638
v 0.259288 0.0600076 -0.0197001
v 0.269187 0.0600082 -0.0211902
v 0.279078 0.0600064 -0.0227276
v 0.288961 0.0600066 -0.0243187
v 0.298833 0.0600088 -0.0259591
v 0.308703 0.0600081 -0.0276546
v 0.318557 0.0600088 -0.0293952
v 0.328407 0.0600063 -0.0311866
v 0.338242 0.0600095 -0.0330292
v 0.348073 0.0600091 -0.0349224
v 0.357892 0.0600095 -0.0368644
v 0.367702 0.0600059 -0.0388527
v 0.377502 0.0600073 -0.0408959
v 0.387291 0.0600089 -0.0429875
v 0.397072 0.0600061 -0.0451253
v 0.406839 0.0600077 -0.0473137
v 0.416595 0.060009 -0.0495504
v 0.42634 0.0600098 -0.0518352
v 0.43607 0.06001 -0.0541643
v 0.445794 0.0600094 -0.0565453
v 0.455507 0.0600078 -0.0589744
v 0.465204 0.0600096 -0.0614498
v 0.47489 0.06001 -0.0639731
v 0.484562 0.060009 -0.0665403
v 0.494225 0.0600063 -0.0691554
v 0.503875 0.0600062 -0.0718206
v 0.513509 0.0600087 -0.0745318
v 0.52313 0.060009 -0.077287
v 0.532745 0.0511093 -0.0800682
v 0.531861 0.0509228 -0.0798119
v 0.532741 0.060007 -0.0800898
v 0.542338 0.0529794 -0.0829198
v 0.539947 0.0524972 -0.0822113
v 0.542337 0.060007 -0.0829387
v 0.551918 0.0548989 -0.0858197
v 0.548003 0.0540953 -0.0846374
v 0.551918 0.0600087 -0.0858337
v 0.561487 0.0569167 -0.0887649
v 0.555998 0.0557422 -0.0870752
v 0.561486 0.0600077 -0.0887725
v 0.571038 0.0590103 -0.0917529
v 0.563935 0.0574423 -0.0895302
v 0.57104 0.0600082 -0.0917573
v 0.571827 0.059181 -0.0920045
v 0.575534 0.0600075 -0.093183
v 0.580575 0.06001 -0.0947844
v 0.590101 0.0600086 -0.0978591
v 0.599614 0.0600082 -0.10098
v 0.609109 0.0600087 -0.104143
v 0.61859 0.0600098 -0.107352
v 0.628056 0.0600071 -0.110601
v 0.637507 0.0600092 -0.113899
v 0.646943 0.0600072 -0.117236
v 0.65636 0.0600097 -0.120618
v 0.665767 0.0600078 -0.124045
v 0.675152 0.06001 -0.127512
v 0.684527 0.0600075 -0.131023
v 0.693884 0.060009 -0.134579
v 0.703222 0.0600098 -0.138174
v 0.712545 0.0600099 -0.141812
v 0.721854 0.0600091 -0.145492
v 0.731144 0.0600073 -0.149212
v 0.740418 0.0600087 -0.152976
v 0.749674 0.0600089 -0.15678
v 0.758917 0.0600076 -0.160626
v 0.768137 0.0600091 -0.164511
v 0.777344 0.060009 -0.168439
v 0.786535 0.0600072 -0.172406
v 0.795703 0.0600077 -0.176411
v 0.804858 0.0600105 -0.180462
v 0.813995 0.060007 -0.184547
v 0.823109 0.0600098 -0.188673
v 0.832212 0.0600102 -0.192842
v 0.841294 0.0600082 -0.197044
v 0.850359 0.060008 -0.201289
v 0.859404 0.0600093 -0.205572
v 0.868429 0.0600079 -0.209888
v 0.877438 0.0600079 -0.214248
v 0.886429 0.0600092 -0.218646
v 0.8954 0.0600076 -0.223078
v 0.904353 0.060007 -0.227549
v 0.913289 0.0600074 -0.23206
v 0.922204 0.0600087 -0.236607
v 0.931099 0.0600109 -0.24119
v 0.939979 0.0600094 -0.245812
v 0.944466 0.0549424 -0.248158
v 0.944726 0.0600104 -0.248308
v 0.948835 0.0600085 -0.250466
v 0.957676 0.0600079 -0.255161
v 0.0100193 0.0700037 -2.77003e-05
v 5.18338e-06 0.0699958 -1.03933e-06
v 0.02003 0.0700073 -0.000109956
v 0.0188019 0.0700066 -9.76775e-05
v 0.020028 0.0675976 -0.000105889
v 0.0140771 0.0659491 -5.51987e-05
v 0.0120158 0.0700036 -4.35305e-05
v 0.0300411 0.0700098 -0.000259976
v 0.0288583 0.070014 -0.000241912
v 0.0300413 0.0682607 -0.0002569
v 0.0400454 0.0677697 -0.000469607
v 0.0327803 0.0672735 -0.000312058
v 0.0400437 0.0700145 -0.000477027
v 0.0413177 0.0687421 -0.000508841
v 0.0420378 0.0700156 -0.000532679
v 0.0500472 0.0700183 -0.00076079
v 0.060056 0.060602 -0.00105714
v 0.0598683 0.060194 -0.00104741
v 0.060054 0.0700159 -0.00110853
v 0.0633815 0.0666868 -0.00122442
v 0.0650517 0.0700168 -0.00131384
v 0.0700521 0.0700183 -0.00151532
v 0.0800548 0.0700153 -0.00198452
v 0.0900497 0.0700175 -0.0025115
v 0.100042 0.0700147 -0.00309126
v 0.11003 0.0700171 -0.00373225
v 0.120016 0.0700147 -0.00442519
v 0.129999 0.0700172 -0.00517871
v 0.139975 0.0700147 -0.00597934
v 0.149948 0.070017 -0.00684002
v 0.159918 0.0700141 -0.00775152
v 0.169881 0.0700156 -0.00871848
v 0.179839 0.0700165 -0.0097382
v 0.189791 0.0700165 -0.0108106
v 0.199735 0.0700156 -0.0119313
v 0.209677 0.0700136 -0.0131084
v 0.219611 0.0700151 -0.0143399
v 0.229537 0.0700151 -0.0156193
v 0.23946 0.0700134 -0.0169546
v 0.249372 0.0700146 -0.0183398
v 0.259279 0.0700139 -0.0197765
v 0.269174 0.0700156 -0.0212628
v 0.279067 0.070015 -0.0228044
v 0.288949 0.0700165 -0.0243954
v 0.298821 0.0700153 -0.0260333
v 0.308689 0.0700159 -0.0277284
v 0.318542 0.070018 -0.0294685
v 0.328393 0.0700169 -0.0312631
v 0.338229 0.070017 -0.0331026
v 0.348059 0.0700135 -0.0349925
v 0.357879 0.0700155 -0.0369373
v 0.36769 0.0700135 -0.0389283
v 0.377487 0.0700166 -0.04097
v 0.387275 0.0700154 -0.0430578
v 0.397056 0.0700144 -0.0451978
v 0.406819 0.0700178 -0.0473843
v 0.416577 0.0700165 -0.0496205
v 0.426324 0.0700147 -0.0519048
v 0.436054 0.070017 -0.0542355
v 0.44578 0.0700139 -0.0566157
v 0.455488 0.0700144 -0.0590421
v 0.465186 0.0700138 -0.0615163
v 0.474871 0.0700165 -0.0640406
v 0.484546 0.0700177 -0.0666126
v 0.494206 0.0700173 -0.0692283
v 0.503853 0.0700151 -0.0718879
v 0.513491 0.0700155 -0.0746012
v 0.523112 0.0700138 -0.0773543
v 0.532721 0.0700143 -0.0801572
v 0.542314 0.0700169 -0.0830061
v 0.551895 0.0700169 -0.0858986
v 0.561466 0.0700141 -0.0888387
v 0.571016 0.0700173 -0.091823
v 0.580577 0.0603752 -0.0947881
v 0.580253 0.0603498 -0.0946856
v 0.580554 0.0700175 -0.0948511
v 0.590101 0.0610741 -0.0978668
v 0.589159 0.0609982 -0.0975624
v 0.590083 0.0700145 -0.0979266
v 0.599607 0.0617786 -0.10099
v 0.598046 0.061653 -0.100477
v 0.599592 0.070017 -0.101046
v 0.609102 0.0624836 -0.104159
v 0.606922 0.0623053 -0.103428
v 0.609085 0.070016 -0.104206
v 0.618581 0.0632017 -0.10737
v 0.615777 0.0629691 -0.106418
v 0.618568 0.0700157 -0.107416
v 0.628048 0.0639396 -0.110628
v 0.624601 0.0636542 -0.109443
v 0.628034 0.0700161 -0.110668
v 0.637494 0.064701 -0.113927
v 0.633394 0.0643517 -0.112494
v 0.637482 0.0700169 -0.113961
v 0.646929 0.065476 -0.117271
v 0.642162 0.0650652 -0.115581
v 0.646919 0.0700137 -0.117299
v 0.656347 0.0662545 -0.12066
v 0.650909 0.0657851 -0.118701
v 0.656338 0.070015 -0.120681
v 0.665748 0.0670148 -0.124086
v 0.659647 0.0665057 -0.121864
v 0.665743 0.0700163 -0.124109
v 0.675135 0.0677959 -0.127562
v 0.668372 0.0672181 -0.125058
v 0.675129 0.0700174 -0.127576
v 0.684507 0.0686035 -0.131079
v 0.677068 0.0679508 -0.128287
v 0.684504 0.070014 -0.131087
v 0.69386 0.0694342 -0.134635
v 0.685732 0.0687051 -0.131545
v 0.693858 0.0700145 -0.134639
v 0.694364 0.0694756 -0.134831
v 0.700308 0.0700177 -0.137124
v 0.703201 0.0700145 -0.138237
v 0.712524 0.0700137 -0.141874
v 0.72183 0.0700165 -0.145555
v 0.73112 0.070014 -0.149273
v 0.740394 0.0700147 -0.153037
v 0.749653 0.0700143 -0.156843
v 0.758889 0.0700168 -0.160687
v 0.768114 0.0700136 -0.164571
v 0.777318 0.0700173 -0.168499
v 0.786507 0.0700151 -0.172465
v 0.795678 0.0700153 -0.176472
v 0.804833 0.0700136 -0.180519
v 0.813967 0.0700141 -0.184604
v 0.823083 0.0700167 -0.188731
v 0.832184 0.070017 -0.192898
v 0.841267 0.070015 -0.197101
v 0.850329 0.0700147 -0.201343
v 0.859376 0.0700161 -0.205628
v 0.868402 0.0700148 -0.209945
v 0.877412 0.070015 -0.214305
v 0.8864 0.0700164 -0.218701
v 0.895375 0.070015 -0.223137
v 0.904325 0.0700147 -0.227606
v 0.913261 0.0700155 -0.232117
v 0.922176 0.0700172 -0.236665
v 0.931073 0.0700155 -0.241246
v 0.939949 0.0700145 -0.245864
v 0.944209 0.065217 -0.248069
v 0.945104 0.0700155 -0.248575
v 0.948809 0.070014 -0.250522
v 0.957646 0.0700138 -0.255214
v 0.0100182 0.0716367 -2.84123e-05
v 0.00620774 0.0738072 -1.78079e-05
v 4.68511e-06 0.0799965 -1.29425e-06
v 0.00507754 0.0799998 -1.61117e-05
v 0.0100179 0.0771853 -2.92426e-05
v 0.0100147 0.0800081 -3.1874e-05
v 3.8436e-06 0.0767581 5.13469e-07
v 0.0200302 0.0800126 -0.000133171
v 0.0133303 0.0800093 -6.6428e-05
v 0.0200285 0.0745263 -0.000119668
v 0.0300319 0.0800228 -0.000305733
v 0.0202704 0.0800128 -0.000136173
v 0.0300348 0.078208 -0.000298156
v 0.0300319 0.0800228 -0.000305733
v 0.0318046 0.0782503 -0.000335534
v 0.0336868 0.0800232 -0.000393814
v 0.0400435 0.0800221 -0.000544513
v 0.0500467 0.0781129 -0.000829847
v 0.0466635 0.0734011 -0.000686646
v 0.0500453 0.0800258 -0.000843447
v 0.0509482 0.0791213 -0.000865932
v 0.0514873 0.0800279 -0.000896925
v 0.060048 0.0800248 -0.00120052
v 0.0700521 0.0766298 -0.00158393
v 0.0672954 0.0727746 -0.00142754
v 0.070049 0.0800241 -0.0016179
v 0.0718153 0.0782576 -0.00168295
v 0.0737721 0.0800239 -0.00179356
v 0.0800493 0.080024 -0.00209472
v 0.0900443 0.0800243 -0.00262656
v 0.100034 0.0800253 -0.00321285
v 0.11002 0.0800267 -0.00385342
v 0.120007 0.0800237 -0.00454967
v 0.129986 0.0800257 -0.00530204
v 0.139968 0.0800231 -0.00610952
v 0.149937 0.0800253 -0.00696848
v 0.159904 0.0800225 -0.00787799
v 0.169868 0.0800242 -0.00884691
v 0.179822 0.0800253 -0.00986426
v 0.189775 0.0800257 -0.0109382
v 0.199723 0.0800253 -0.0120644
v 0.209661 0.0800238 -0.0132385
v 0.219591 0.0800259 -0.014467
v 0.229523 0.0800218 -0.015749
v 0.23944 0.0800256 -0.0170832
v 0.249354 0.0800229 -0.0184665
v 0.25926 0.080023 -0.0199035
v 0.269157 0.0800256 -0.021394
v 0.279046 0.0800259 -0.0229315
v 0.288928 0.0800238 -0.02452
v 0.298803 0.0800236 -0.0261616
v 0.308665 0.0800253 -0.0278522
v 0.318522 0.080024 -0.0295933
v 0.328371 0.0800241 -0.0313872
v 0.338208 0.0800255 -0.0332297
v 0.348036 0.0800233 -0.0351185
v 0.357856 0.0800221 -0.0370597
v 0.367664 0.0800215 -0.0390493
v 0.377464 0.0800216 -0.0410911
v 0.387249 0.0800219 -0.0431772
v 0.397026 0.0800225 -0.0453153
v 0.406795 0.080023 -0.0475054
v 0.41655 0.0800234 -0.0497395
v 0.426293 0.0800234 -0.0520215
v 0.436028 0.0800229 -0.0543552
v 0.445749 0.0800217 -0.0567328
v 0.455457 0.0800241 -0.0591603
v 0.465154 0.0800255 -0.0616356
v 0.474842 0.0800212 -0.0641562
v 0.484515 0.0800245 -0.0667288
v 0.494177 0.0800218 -0.0693429
v 0.503821 0.0800218 -0.0720029
v 0.513458 0.0800244 -0.0747164
v 0.523076 0.080025 -0.0774697
v 0.532685 0.0800235 -0.0802703
v 0.542282 0.080024 -0.0831206
v 0.551862 0.080022 -0.0860107
v 0.56143 0.0800217 -0.0889503
v 0.570984 0.0800231 -0.0919356
v 0.58052 0.0800215 -0.0949608
v 0.590046 0.0800212 -0.0980354
v 0.599557 0.080022 -0.101156
v 0.60905 0.0800238 -0.104318
v 0.618531 0.080022 -0.107524
v 0.627995 0.0800209 -0.110773
v 0.637446 0.0800246 -0.114072
v 0.646879 0.0800244 -0.117408
v 0.656299 0.0800244 -0.12079
v 0.665702 0.0800244 -0.124215
v 0.675092 0.0800244 -0.127685
v 0.684462 0.0800242 -0.131193
v 0.693817 0.0800236 -0.134744
v 0.7032 0.070164 -0.138238
v 0.703066 0.0701595 -0.138189
v 0.703159 0.0800225 -0.138341
v 0.712519 0.0706479 -0.141881
v 0.711963 0.0706114 -0.141661
v 0.712483 0.0800209 -0.141977
v 0.721824 0.0711328 -0.145563
v 0.720838 0.0710772 -0.145175
v 0.721789 0.0800227 -0.145658
v 0.731114 0.0716336 -0.14929
v 0.729689 0.0715487 -0.148719
v 0.731077 0.0800237 -0.149377
v 0.740386 0.072144 -0.15306
v 0.738521 0.0720296 -0.152303
v 0.74035 0.0800236 -0.153139
v 0.749641 0.0726646 -0.15687
v 0.747323 0.0725201 -0.155915
v 0.749609 0.0800225 -0.156944
v 0.758875 0.0731951 -0.160719
v 0.756103 0.0730202 -0.159562
v 0.758848 0.0800243 -0.16079
v 0.768098 0.0737237 -0.164611
v 0.764869 0.0735199 -0.163247
v 0.768072 0.0800205 -0.164672
v 0.7773 0.0742551 -0.168541
v 0.773617 0.0740234 -0.16697
v 0.777275 0.0800237 -0.168599
v 0.786486 0.0748021 -0.172513
v 0.78234 0.0745323 -0.170719
v 0.786467 0.080021 -0.172566
v 0.795655 0.0753649 -0.176527
v 0.791035 0.0750598 -0.174503
v 0.795636 0.0800208 -0.176572
v 0.804805 0.0759297 -0.180579
v 0.799701 0.0755961 -0.178316
v 0.804788 0.0800229 -0.180618
v 0.813939 0.0764977 -0.184672
v 0.808358 0.0761314 -0.18217
v 0.813923 0.0800231 -0.184705
v 0.823055 0.0770746 -0.188803
v 0.816989 0.076671 -0.18605
v 0.82304 0.0800212 -0.188828
v 0.832151 0.0776666 -0.192971
v 0.825599 0.0772239 -0.189968
v 0.832142 0.0800213 -0.192996
v 0.841231 0.0782793 -0.197182
v 0.834177 0.0777907 -0.193913
v 0.841221 0.0800234 -0.197199
v 0.850291 0.0788988 -0.201432
v 0.842724 0.0783717 -0.197882
v 0.850285 0.080023 -0.201442
v 0.859333 0.0795403 -0.205718
v 0.851253 0.0789566 -0.201887
v 0.859331 0.0800201 -0.205722
v 0.859745 0.0795651 -0.205916
v 0.865713 0.0800208 -0.208776
v 0.868356 0.080023 -0.210042
v 0.877364 0.0800232 -0.214399
v 0.886358 0.0800206 -0.218797
v 0.895325 0.0800235 -0.223229
v 0.904279 0.0800234 -0.227702
v 0.913214 0.0800202 -0.232208
v 0.922129 0.0800222 -0.236756
v 0.931026 0.0800208 -0.241338
v 0.939902 0.0800201 -0.245956
v 0.943705 0.0757471 -0.247905
v 0.945876 0.080023 -0.2491
v 0.948761 0.0800199 -0.250615
v 0.957598 0.08002 -0.255306
v 0.0100162 0.0900113 -4.55843e-05
v 3.63906e-06 0.0899977 -1.3341e-06
v 4.80261e-06 0.0837938 -1.50649e-07
v 0.0200265 0.080053 -0.000133886
v 0.019989 0.0800524 -0.000131516
v 0.0117825 0.0882494 -6.28874e-05
v 0.0200197 0.0874821 -0.000167183
v 0.0200186 0.0900246 -0.000179786
v 0.010019 0.0892138 -4.5126e-05
v 0.0100157 0.0855187 -3.7061e-05
v 0.0100171 0.0818239 -3.39158e-05
v 0.0230128 0.087037 -0.00022053
v 0.0242032 0.0900289 -0.000266861
v 0.0300267 0.090031 -0.000383834
v 0.0360769 0.0839841 -0.000479287
v 0.0364756 0.0900324 -0.000554598
v 0.0400348 0.0900325 -0.00064698
v 0.050038 0.0900352 -0.000965836
v 0.051684 0.0883908 -0.00100604
v 0.0518278 0.0900351 -0.00103313
v 0.060039 0.0900341 -0.00133761
v 0.0700401 0.0900346 -0.00176817
v 0.0800389 0.0874041 -0.00220866
v 0.0759954 0.0840779 -0.00196189
v 0.0800366 0.0900363 -0.00225335
v 0.081598 0.0884756 -0.00231284
v 0.0869352 0.0900325 -0.00262282
v 0.0900314 0.0900344 -0.0027901
v 0.100022 0.0900335 -0.00338085
v 0.110012 0.0900335 -0.00402943
v 0.119993 0.0900342 -0.00472738
v 0.129975 0.0900307 -0.00548029
v 0.139951 0.0900323 -0.00628873
v 0.149922 0.0900341 -0.00715007
v 0.159889 0.0900311 -0.00806179
v 0.169849 0.0900326 -0.00902844
v 0.179804 0.0900338 -0.0100475
v 0.189756 0.0900295 -0.0111164
v 0.1997 0.0900293 -0.0122397
v 0.20964 0.0900329 -0.0134214
v 0.219573 0.0900306 -0.0146484
v 0.229498 0.0900316 -0.0159294
v 0.239417 0.0900312 -0.0172618
v 0.24933 0.090029 -0.0186455
v 0.259235 0.0900297 -0.0200827
v 0.269128 0.090033 -0.0215692
v 0.279021 0.0900295 -0.0231083
v 0.2889 0.0900328 -0.0246988
v 0.298772 0.0900288 -0.0263336
v 0.308636 0.0900314 -0.0280276
v 0.318491 0.0900311 -0.029768
v 0.328338 0.0900322 -0.031561
v 0.338175 0.09003 -0.0334001
v 0.348004 0.090029 -0.0352917
v 0.357821 0.090029 -0.0372315
v 0.367627 0.0900296 -0.0392196
v 0.377424 0.0900309 -0.0412597
v 0.387213 0.0900326 -0.0433519
v 0.396989 0.09003 -0.0454857
v 0.406755 0.090032 -0.0476736
v 0.416512 0.0900294 -0.0499071
v 0.426254 0.0900309 -0.0521906
v 0.435986 0.090032 -0.0545218
v 0.445706 0.0900325 -0.0569006
v 0.455415 0.0900322 -0.0593269
v 0.465114 0.0900309 -0.0618008
v 0.474801 0.0900284 -0.0643221
v 0.484471 0.0900292 -0.0668892
v 0.494131 0.0900284 -0.0695038
v 0.503778 0.0900304 -0.0721679
v 0.513411 0.0900307 -0.0748754
v 0.523033 0.090029 -0.0776303
v 0.53264 0.0900296 -0.0804308
v 0.542231 0.0900323 -0.083277
v 0.551814 0.0900282 -0.0861682
v 0.561379 0.0900303 -0.0891073
v 0.570932 0.0900296 -0.0920898
v 0.580469 0.0900305 -0.0951178
v 0.589994 0.0900283 -0.0981893
v 0.599501 0.0900317 -0.101309
v 0.608997 0.0900317 -0.104471
v 0.61848 0.0900282 -0.107678
v 0.627943 0.0900298 -0.110928
v 0.637395 0.0900277 -0.114222
v 0.646827 0.0900303 -0.11756
v 0.656244 0.0900288 -0.120938
v 0.665648 0.0900275 -0.124362
v 0.675037 0.0900305 -0.127833
v 0.684408 0.090029 -0.131341
v 0.693763 0.0900273 -0.134891
v 0.7031 0.0900294 -0.138486
v 0.712422 0.0900309 -0.142123
v 0.72173 0.0900275 -0.1458
v 0.731022 0.0900275 -0.149522
v 0.740293 0.0900309 -0.153284
v 0.749551 0.0900288 -0.157088
v 0.75879 0.0900299 -0.160932
v 0.768011 0.0900296 -0.164815
v 0.777218 0.0900279 -0.168741
v 0.786403 0.0900289 -0.172705
v 0.795575 0.0900281 -0.176712
v 0.804725 0.0900298 -0.180757
v 0.813859 0.0900296 -0.184841
v 0.822978 0.0900273 -0.188965
v 0.832079 0.0900272 -0.19313
v 0.841159 0.0900289 -0.197335
v 0.850221 0.0900283 -0.201575
v 0.859266 0.0900295 -0.205858
v 0.868358 0.0801574 -0.210045
v 0.868242 0.0801506 -0.20999
v 0.868294 0.0900281 -0.210177
v 0.877364 0.0806475 -0.214409
v 0.876831 0.0806103 -0.214149
v 0.877303 0.0900283 -0.214535
v 0.886347 0.0811869 -0.218812
v 0.885376 0.0811029 -0.218334
v 0.886289 0.0900299 -0.218928
v 0.895315 0.0817743 -0.223253
v 0.893881 0.081624 -0.222541
v 0.895262 0.0900286 -0.223362
v 0.904263 0.0824442 -0.227734
v 0.902336 0.0821791 -0.226764
v 0.904213 0.0900286 -0.227831
v 0.913191 0.0832235 -0.23225
v 0.910745 0.0827671 -0.231008
v 0.913146 0.0900297 -0.23234
v 0.922102 0.0841591 -0.236812
v 0.91913 0.0833637 -0.235281
v 0.922064 0.0900276 -0.236886
v 0.93099 0.0853547 -0.241409
v 0.927538 0.083916 -0.239606
v 0.93096 0.0900264 -0.241468
v 0.939854 0.0870728 -0.246047
v 0.936284 0.0840703 -0.244142
v 0.939837 0.0900259 -0.246087
v 0.948692 0.090026 -0.250742
v 0.946651 0.0900255 -0.249668
v 0.948706 0.0879622 -0.250716
v 0.957539 0.0887629 -0.25542
v 0.949393 0.0892425 -0.251104
v 0.957532 0.0900263 -0.255437
v 0.00999929 0.100023 -8.78151e-05
v 0.0067256 0.100014 -5.72125e-05
v 0.0100066 0.0967451 -7.49923e-05
v 0.0100114 0.0933776 -5.984e-05
v 0.00336761 0.100006 -3.20619e-05
v 2.14112e-06 0.0999989 -1.10261e-06
v 0.0100723 0.0999537 -9.18171e-05
v 0.0100705 0.100024 -8.80591e-05
v 0.0128101 0.100025 -0.000139415
v 0.0127891 0.0972381 -0.000112388
v 0.0155435 0.100027 -0.000185418
v 0.0155102 0.0945226 -0.000137212
v 0.0182833 0.10003 -0.000238928
v 0.0182289 0.0918119 -0.000164513
v 0.0200095 0.100034 -0.0002677
v 0.010767 0.0900139 -5.66401e-05
v 0.0100111 0.0931967 -5.73807e-05
v 0.0100062 0.0965643 -7.26223e-05
v 0.0100012 0.099933 -8.87868e-05
v 0.024375 0.0956772 -0.000320574
v 0.0231096 0.100033 -0.000341357
v 0.0300186 0.10004 -0.000507283
v 0.033864 0.0961945 -0.000557469
v 0.0322713 0.100041 -0.000570851
v 0.0400268 0.100043 -0.000799162
v 0.0500301 0.100044 -0.00113869
v 0.0467152 0.100041 -0.00102468
v 0.0500362 0.0933315 -0.00102191
v 0.0600333 0.100042 -0.00152928
v 0.0700291 0.100043 -0.00196939
v 0.0800286 0.100041 -0.00246451
v 0.0900293 0.0922631 -0.00283938
v 0.0881143 0.0919533 -0.0027286
v 0.0900201 0.100042 -0.00300892
v 0.100018 0.0938591 -0.00346786
v 0.0960299 0.09403 -0.00323463
v 0.10001 0.100039 -0.00360401
v 0.110007 0.0937029 -0.00411355
v 0.105966 0.094081 -0.00385752
v 0.109994 0.100042 -0.00425476
v 0.119991 0.0932823 -0.0048046
v 0.11647 0.0935585 -0.00455956
v 0.11998 0.100041 -0.00496016
v 0.129971 0.0928447 -0.00554653
v 0.126985 0.0930228 -0.00532178
v 0.129957 0.100041 -0.0057144
v 0.139946 0.0925371 -0.00634458
v 0.137359 0.0926255 -0.00613716
v 0.139931 0.100037 -0.0065189
v 0.149918 0.0923662 -0.00720237
v 0.147558 0.0924004 -0.00700032
v 0.149902 0.100038 -0.00738261
v 0.159884 0.0923377 -0.00811577
v 0.157597 0.0923275 -0.00790521
v 0.159864 0.100039 -0.00829459
v 0.169847 0.0924253 -0.00908503
v 0.167499 0.0923867 -0.00885435
v 0.169825 0.100041 -0.00926305
v 0.179799 0.0926063 -0.0101055
v 0.177303 0.0925433 -0.0098516
v 0.179783 0.100037 -0.0102813
v 0.18975 0.0928671 -0.0111835
v 0.187018 0.0927774 -0.0108873
v 0.189733 0.100037 -0.0113539
v 0.199691 0.0931991 -0.0123154
v 0.196666 0.0930791 -0.0119729
v 0.199673 0.100037 -0.0124743
v 0.209629 0.0935843 -0.0135007
v 0.20625 0.0934333 -0.0130971
v 0.209612 0.100036 -0.0136506
v 0.21956 0.0940121 -0.014742
v 0.215792 0.0938301 -0.0142715
v 0.219542 0.100038 -0.0148807
v 0.229482 0.0944649 -0.0160308
v 0.225298 0.0942546 -0.015489
v 0.229467 0.10004 -0.0161623
v 0.239403 0.0949422 -0.0173752
v 0.234772 0.0947019 -0.0167472
v 0.239385 0.100039 -0.0174951
v 0.249311 0.0954479 -0.0187696
v 0.244221 0.0951716 -0.0180539
v 0.249294 0.100038 -0.018875
v 0.259214 0.0959686 -0.0202207
v 0.253643 0.0956588 -0.0194027
v 0.259198 0.100039 -0.0203123
v 0.269107 0.0965059 -0.0217184
v 0.263049 0.0961583 -0.0207993
v 0.269093 0.100038 -0.0217965
v 0.278992 0.0970592 -0.023267
v 0.272429 0.0966749 -0.0222377
v 0.278983 0.100039 -0.0233377
v 0.288873 0.0976272 -0.0248713
v 0.281787 0.0972082 -0.0237216
v 0.288863 0.100039 -0.0249255
v 0.298742 0.0982163 -0.0265232
v 0.291128 0.0977489 -0.0252463
v 0.298734 0.10004 -0.0265661
v 0.308601 0.0988192 -0.0282267
v 0.300441 0.0983108 -0.0268144
v 0.308596 0.100039 -0.028253
v 0.318453 0.0994235 -0.0299798
v 0.309741 0.0988795 -0.0284271
v 0.318449 0.100039 -0.0299925
v 0.319027 0.0994546 -0.0300845
v 0.328273 0.10004 -0.0317804
v 0.328296 0.100036 -0.0317822
v 0.338133 0.10004 -0.0336264
v 0.347959 0.100039 -0.0355167
v 0.357776 0.100036 -0.0374527
v 0.367582 0.100037 -0.0394431
v 0.377379 0.100035 -0.0414792
v 0.387165 0.100038 -0.0435694
v 0.396941 0.100037 -0.0457051
v 0.406706 0.100035 -0.0478885
v 0.41646 0.100039 -0.0501258
v 0.426202 0.100037 -0.0524045
v 0.435935 0.100035 -0.0547346
v 0.445655 0.100037 -0.0571145
v 0.455364 0.100038 -0.0595418
v 0.465057 0.100039 -0.0620125
v 0.474743 0.100038 -0.0645345
v 0.484415 0.100036 -0.0670998
v 0.494073 0.100037 -0.0697147
v 0.50372 0.100036 -0.0723767
v 0.513352 0.100038 -0.0750843
v 0.522972 0.100039 -0.0778391
v 0.532579 0.100037 -0.0806371
v 0.542173 0.100037 -0.0834845
v 0.551754 0.100035 -0.0863752
v 0.561319 0.100035 -0.0893113
v 0.570868 0.100037 -0.092293
v 0.580409 0.100035 -0.0953217
v 0.58993 0.100036 -0.0983921
v 0.599436 0.100037 -0.101508
v 0.608934 0.100035 -0.104671
v 0.618413 0.100034 -0.107876
v 0.627875 0.100034 -0.111122
v 0.637326 0.100034 -0.114418
v 0.646756 0.100035 -0.117752
v 0.656176 0.100037 -0.121136
v 0.665578 0.100034 -0.124555
v 0.674964 0.100035 -0.128022
v 0.684334 0.100037 -0.131531
v 0.693689 0.100034 -0.135081
v 0.703031 0.100035 -0.138678
v 0.712353 0.100035 -0.142314
v 0.721655 0.100035 -0.145988
v 0.730947 0.100034 -0.149708
v 0.740218 0.100036 -0.153469
v 0.749476 0.100033 -0.157271
v 0.758714 0.100033 -0.161113
v 0.767932 0.100036 -0.164997
v 0.777139 0.100034 -0.168921
v 0.786326 0.100034 -0.172886
v 0.795497 0.100033 -0.176891
v 0.804646 0.100034 -0.180933
v 0.813782 0.100033 -0.185019
v 0.822897 0.100035 -0.189142
v 0.831996 0.100034 -0.193305
v 0.841078 0.100036 -0.19751
v 0.850141 0.100035 -0.201752
v 0.859185 0.100036 -0.206031
v 0.86821 0.100034 -0.210348
v 0.87722 0.100034 -0.214706
v 0.886207 0.100035 -0.2191
v 0.895177 0.100034 -0.22353
v 0.904129 0.100034 -0.228
v 0.913062 0.100035 -0.232509
v 0.921977 0.100033 -0.237052
v 0.930874 0.100032 -0.241634
v 0.93975 0.100032 -0.246253
v 0.947903 0.0909123 -0.250347
v 0.946898 0.100034 -0.250013
v 0.948609 0.100032 -0.250912
v 0.957445 0.100032 -0.255604
v 5.33319e-06 0.0299964 -0.000201678
v 1.76663e-06 0.0399982 -0.000199966
v 0.0100175 0.0399939 -0.000222099
v 0.0100185 0.02999 -0.000224694
v 0.0200266 0.029984 -0.000306412
v 0.0200266 0.0199785 -0.000330818
v 0.0300329 0.0199723 -0.000506098
v 0.0300294 0.00996415 -0.000584661
v 0.0400337 0.00995962 -0.000846666
v 0.0400252 -4.57293e-05 -0.000996971
v 0.0300169 -4.33324e-05 -0.000707045
v 3.91605e-06 0.0499964 -0.000200259
v 0.0100193 0.0499987 -0.00022416
v 0.0200319 0.0399928 -0.000300224
v 0.0300399 0.029983 -0.000462246
v 0.040039 0.0199731 -0.000744549
v 0.0500357 0.00996342 -0.001166
v 0.050028 -4.60232e-05 -0.00133845
v 5.03707e-06 0.0599957 -0.000200626
v 0.0100168 0.0599985 -0.000220307
v 0.0200266 0.049999 -0.000293022
v 0.0300391 0.0399907 -0.000437874
v 0.0400439 0.0299793 -0.000678756
v 0.0500456 0.0199678 -0.00104358
v 0.0600391 0.00995772 -0.00153722
v 0.0600302 -4.7581e-05 -0.00172714
v 5.18338e-06 0.0699958 -0.000201039
v 0.0100193 0.0700037 -0.0002277
v 0.020031 0.0600045 -0.00030015
v 0.0300398 0.049995 -0.000425955
v 0.0400485 0.039988 -0.000642756
v 0.0500496 0.029981 -0.000963731
v 0.060047 0.0199689 -0.00140117
v 0.0700431 0.00995914 -0.00197035
v 0.070031 -4.73152e-05 -0.00217124
v 4.68511e-06 0.0799965 -0.000201294
v 0.0100147 0.0800081 -0.000231874
v 0.02003 0.0700073 -0.000309956
v 0.0300397 0.0600043 -0.00043684
v 0.0400473 0.0499985 -0.000632693
v 0.0500505 0.0399878 -0.000914493
v 0.0600549 0.0299761 -0.00130921
v 0.0700479 0.0199697 -0.00182024
v 0.0800395 0.00996118 -0.00245518
v 0.080027 -4.47082e-05 -0.00266559
v 3.63906e-06 0.0899977 -0.000201334
v 0.0100162 0.0900113 -0.000245584
v 0.0200302 0.0800126 -0.000333171
v 0.0300411 0.0700098 -0.000459976
v 0.0400467 0.060008 -0.000643553
v 0.0500543 0.0499959 -0.000899782
v 0.0600552 0.039987 -0.00125246
v 0.0700533 0.0299766 -0.00171372
v 0.0800455 0.0199714 -0.00229509
v 0.0900295 0.00996444 -0.00299081
v 0.0900192 -4.58165e-05 -0.00320829
v 2.14112e-06 0.0999989 -0.000201103
v 0.00999929 0.100023 -0.000287815
v 0.0200186 0.0900246 -0.000379786
v 0.0300319 0.0800228 -0.000505733
v 0.0400437 0.0700145 -0.000677027
v 0.0500526 0.0600092 -0.000918608
v 0.0600586 0.0499961 -0.00123716
v 0.0700543 0.0399896 -0.00165542
v 0.0800545 0.0299762 -0.002184
v 0.0900414 0.0199681 -0.00282354
v 0.100023 0.00996321 -0.00358365
v 0.10001 -4.55778e-05 -0.00380572
v 0.0200095 0.100034 -0.0004677
v 0.0300267 0.090031 -0.000583834
v 0.0400435 0.0800221 -0.000744513
v 0.0500472 0.0700183 -0.00096079
v 0.0600556 0.0600094 -0.00125578
v 0.0700607 0.0499955 -0.00163609
v 0.0800593 0.0399871 -0.00212092
v 0.0900491 0.0299811 -0.00271253
v 0.100036 0.0199702 -0.00341405
v 0.110009 0.00996258 -0.00422713
v 0.109994 -4.45937e-05 -0.00445375
v 0.0300186 0.10004 -0.000707283
v 0.0400348 0.0900325 -0.00084698
v 0.0500453 0.0800258 -0.00104345
v 0.060054 0.0700159 -0.00130853
v 0.0700553 0.0600083 -0.00165504
v 0.0800577 0.0499987 -0.00209907
v 0.0900516 0.0399888 -0.00264129
v 0.100041 0.0299807 -0.0032945
v 0.110022 0.0199723 -0.00405565
v 0.119997 0.0099622 -0.00492975
v 0.11998 -4.2935e-05 -0.00516066
v 0.0400268 0.100043 -0.000999162
v 0.050038 0.0900352 -0.00116584
v 0.060048 0.0800248 -0.00140052
v 0.0700521 0.0700183 -0.00171532
v 0.0800574 0.0600068 -0.00211928
v 0.0900561 0.0499968 -0.00261984
v 0.100044 0.0399904 -0.00322147
v 0.110029 0.0299804 -0.00393162
v 0.120007 0.0199697 -0.00474957
v 0.129977 0.00996207 -0.00568259
v 0.129954 -4.09995e-05 -0.00591359
v 0.0500301 0.100044 -0.00133869
v 0.060039 0.0900341 -0.00153761
v 0.070049 0.0800241 -0.0018179
v 0.0800548 0.0700153 -0.00218452
v 0.090051 0.0600096 -0.00264217
v 0.100046 0.0499993 -0.00319899
v 0.110037 0.0399867 -0.00385898
v 0.120017 0.0299798 -0.0046281
v 0.12999 0.0199719 -0.00550492
v 0.139947 0.00996667 -0.00648817
v 0.139933 -4.38781e-05 -0.00672269
v 0.0600333 0.100042 -0.00172928
v 0.0700401 0.0900346 -0.00196817
v 0.0800493 0.080024 -0.00229472
v 0.0900497 0.0700175 -0.0027115
v 0.100046 0.0600075 -0.0032222
v 0.110038 0.0499967 -0.00383502
v 0.120024 0.0399878 -0.0045537
v 0.129997 0.0299791 -0.00537494
v 0.139965 0.019974 -0.00631038
v 0.149921 0.0099662 -0.00734967
v 0.149902 -4.20028e-05 -0.00758427
v 0.0700291 0.100043 -0.00216939
v 0.0800366 0.0900363 -0.00245335
v 0.0900443 0.0800243 -0.00282656
v 0.100042 0.0700147 -0.00329126
v 0.110036 0.0600053 -0.00385735
v 0.120023 0.0499988 -0.00452841
v 0.130006 0.0399887 -0.00530311
v 0.139977 0.0299782 -0.00618039
v 0.149938 0.0199708 -0.00716762
v 0.159886 0.00996519 -0.00826108
v 0.159863 -4.04717e-05 -0.00849568
v 0.0800286 0.100041 -0.00266451
v 0.0900314 0.0900344 -0.0029901
v 0.100034 0.0800253 -0.00341285
v 0.11003 0.0700171 -0.00393225
v 0.120022 0.0600079 -0.00455367
v 0.130005 0.0499959 -0.00527379
v 0.139983 0.0399893 -0.00610678
v 0.14995 0.0299817 -0.00704242
v 0.159906 0.019972 -0.0080813
v 0.169849 0.00996363 -0.00922629
v 0.169826 -3.95098e-05 -0.00946524
v 0.0900201 0.100042 -0.00320892
v 0.100022 0.0900335 -0.00358085
v 0.11002 0.0800267 -0.00405342
v 0.120016 0.0700147 -0.00462519
v 0.130006 0.0600054 -0.00530186
v 0.139984 0.0499975 -0.00607998
v 0.149956 0.0399895 -0.00696445
v 0.159917 0.0299799 -0.00795168
v 0.169869 0.0199725 -0.00904872
v 0.179805 0.00996611 -0.0102476
v 0.179781 -3.9405e-05 -0.0104844
v 0.10001 0.100039 -0.00380401
v 0.110012 0.0900335 -0.00422943
v 0.120007 0.0800237 -0.00474967
v 0.129999 0.0700172 -0.00537871
v 0.139982 0.0600077 -0.00610641
v 0.149959 0.0499988 -0.00694004
v 0.159925 0.0399891 -0.00787592
v 0.169877 0.0299822 -0.008917
v 0.179824 0.0199722 -0.0100655
v 0.189753 0.00996762 -0.0113183
v 0.189728 -4.02484e-05 -0.011553
v 0.109994 0.100042 -0.00445476
v 0.119993 0.0900342 -0.00492738
v 0.129986 0.0800257 -0.00550204
v 0.139975 0.0700147 -0.00617934
v 0.149957 0.0600048 -0.00696226
v 0.159925 0.0499996 -0.00784951
v 0.169889 0.0399881 -0.00884094
v 0.17984 0.0299789 -0.00993759
v 0.189776 0.0199709 -0.0111357
v 0.199701 0.00996787 -0.0124465
v 0.199672 -4.22596e-05 -0.012675
v 0.11998 0.100041 -0.00516016
v 0.129975 0.0900307 -0.00568029
v 0.139968 0.0800231 -0.00630952
v 0.149948 0.070017 -0.00704002
v 0.159923 0.0600064 -0.00787396
v 0.16989 0.0499997 -0.0088166
v 0.179846 0.0399911 -0.00986167
v 0.189792 0.0299794 -0.0110097
v 0.19972 0.0199733 -0.0122615
v 0.209637 0.00996681 -0.0136194
v 0.20961 -4.0871e-05 -0.0138528
v 0.129957 0.100041 -0.0059144
v 0.139951 0.0900323 -0.00648873
v 0.149937 0.0800253 -0.00716848
v 0.159918 0.0700141 -0.00795152
v 0.169885 0.0600073 -0.00883891
v 0.179846 0.0499991 -0.00983267
v 0.189801 0.0399883 -0.0109332
v 0.199733 0.0299836 -0.0121331
v 0.209661 0.0199743 -0.0134404
v 0.219574 0.00996413 -0.0148497
v 0.219544 -4.10724e-05 -0.0150838
v 0.139931 0.100037 -0.0067189
v 0.149922 0.0900341 -0.00735007
v 0.159904 0.0800225 -0.00807799
v 0.169881 0.0700156 -0.00891848
v 0.179847 0.0600076 -0.00986098
v 0.189802 0.0499976 -0.0109059
v 0.199745 0.0399893 -0.0120558
v 0.209677 0.0299816 -0.0133112
v 0.219593 0.0199738 -0.014668
v 0.2295 0.00996452 -0.016131
v 0.229466 -4.30456e-05 -0.0163594
v 0.149902 0.100038 -0.00758261
v 0.159889 0.0900311 -0.00826179
v 0.169868 0.0800242 -0.00904691
v 0.179839 0.0700165 -0.0099382
v 0.189799 0.060007 -0.0109318
v 0.199746 0.0499997 -0.0120301
v 0.209684 0.0399888 -0.0132313
v 0.219609 0.029983 -0.0145402
v 0.229521 0.0199715 -0.0159484
v 0.239415 0.00996779 -0.0174633
v 0.239386 -4.2185e-05 -0.0176945
v 0.159864 0.100039 -0.00849459
v 0.169849 0.0900326 -0.00922844
v 0.179822 0.0800253 -0.0100643
v 0.189791 0.0700165 -0.0110106
v 0.199746 0.0600054 -0.0120551
v 0.20969 0.0500007 -0.0132112
v 0.219621 0.0399918 -0.0144658
v 0.229537 0.0299826 -0.0158219
v 0.239443 0.0199721 -0.0172837
v 0.249329 0.00996413 -0.0188458
v 0.249296 -3.87005e-05 -0.0190806
v 0.169825 0.100041 -0.00946305
v 0.179804 0.0900338 -0.0102475
v 0.189775 0.0800257 -0.0111382
v 0.199735 0.0700156 -0.0121313
v 0.209686 0.0600074 -0.0132334
v 0.219625 0.0500002 -0.0144404
v 0.229547 0.0399883 -0.0157422
v 0.23946 0.0299804 -0.0171559
v 0.249354 0.0199754 -0.0186697
v 0.25923 0.00996768 -0.0202814
v 0.2592 -4.23941e-05 -0.0205127
v 0.179783 0.100037 -0.0104813
v 0.189756 0.0900295 -0.0113164
v 0.199723 0.0800253 -0.0122644
v 0.209677 0.0700136 -0.0133084
v 0.21962 0.060008 -0.0144638
v 0.22955 0.0499981 -0.0157179
v 0.239469 0.0399878 -0.0170773
v 0.249372 0.0299809 -0.0185405
v 0.259258 0.0199717 -0.0201014
v 0.269127 0.00996874 -0.0217692
v 0.269092 -3.90181e-05 -0.0219979
v 0.189733 0.100037 -0.0115539
v 0.1997 0.0900293 -0.0124397
v 0.209661 0.0800238 -0.0134385
v 0.219611 0.0700151 -0.0145399
v 0.22955 0.0600071 -0.0157464
v 0.239472 0.049999 -0.017054
v 0.249381 0.03999 -0.0184628
v 0.259278 0.0299839 -0.0199796
v 0.269158 0.019975 -0.0215942
v 0.279019 0.00996709 -0.0233093
v 0.278979 -3.84246e-05 -0.0235354
v 0.199673 0.100037 -0.0126743
v 0.20964 0.0900329 -0.0136214
v 0.219591 0.0800259 -0.014667
v 0.229537 0.0700151 -0.0158193
v 0.239467 0.0600092 -0.0170792
v 0.249386 0.0499979 -0.0184379
v 0.259288 0.03999 -0.0199003
v 0.269177 0.0299797 -0.0214642
v 0.279045 0.0199756 -0.0231308
v 0.288897 0.00996731 -0.0248956
v 0.288863 -4.07857e-05 -0.0251252
v 0.209612 0.100036 -0.0138506
v 0.219573 0.0900306 -0.0148484
v 0.229523 0.0800218 -0.015949
v 0.23946 0.0700134 -0.0171546
v 0.24938 0.0600094 -0.0184638
v 0.259292 0.0499995 -0.019876
v 0.269188 0.0399924 -0.0213919
v 0.279067 0.0299825 -0.0230055
v 0.288927 0.0199735 -0.0247193
v 0.298772 0.00996924 -0.0265402
v 0.298736 -4.14209e-05 -0.0267653
v 0.219542 0.100038 -0.0150807
v 0.229498 0.0900316 -0.0161294
v 0.23944 0.0800256 -0.0172832
v 0.249372 0.0700146 -0.0185398
v 0.259288 0.0600076 -0.0199001
v 0.269193 0.0499988 -0.0213657
v 0.279078 0.0399923 -0.0229312
v 0.288948 0.0299825 -0.0245943
v 0.298803 0.0199731 -0.0263619
v 0.308636 0.00996792 -0.0282284
v 0.308595 -4.0656e-05 -0.0284515
v 0.229467 0.10004 -0.0163623
v 0.239417 0.0900312 -0.0174618
v 0.249354 0.0800229 -0.0186665
v 0.259279 0.0700139 -0.0199765
v 0.269187 0.0600082 -0.0213902
v 0.279082 0.0500003 -0.0229053
v 0.28896 0.0399894 -0.024518
v 0.298822 0.0299842 -0.0262371
v 0.308665 0.0199742 -0.0280503
v 0.318492 0.00996791 -0.0299707
v 0.318452 -3.86255e-05 -0.030196
v 0.239385 0.100039 -0.0176951
v 0.24933 0.090029 -0.0188455
v 0.25926 0.080023 -0.0201035
v 0.269174 0.0700156 -0.0214628
v 0.279078 0.0600064 -0.0229276
v 0.288967 0.0499991 -0.0244963
v 0.298835 0.0399884 -0.0261585
v 0.308688 0.0299828 -0.0279273
v 0.318523 0.0199766 -0.0297966
v 0.328335 0.00996903 -0.0317586
v 0.328296 -4.02212e-05 -0.031984
v 0.249294 0.100038 -0.019075
v 0.259235 0.0900297 -0.0202827
v 0.269157 0.0800256 -0.021594
v 0.279067 0.070015 -0.0230044
v 0.288961 0.0600066 -0.0245187
v 0.29884 0.0499998 -0.0261368
v 0.308703 0.039989 -0.0278527
v 0.318546 0.0299828 -0.0296712
v 0.328369 0.0199755 -0.0315862
v 0.338177 0.0099663 -0.0336022
v 0.338131 -4.0985e-05 -0.0338219
v 0.259198 0.100039 -0.0205123
v 0.269128 0.090033 -0.0217692
v 0.279046 0.0800259 -0.0231315
v 0.288949 0.0700165 -0.0245954
v 0.298833 0.0600088 -0.0261591
v 0.308708 0.0499975 -0.0278285
v 0.318559 0.039991 -0.0295964
v 0.32839 0.029984 -0.0314605
v 0.338209 0.0199754 -0.0334295
v 0.348002 0.00996908 -0.0354937
v 0.347959 -4.10159e-05 -0.0357137
v 0.269093 0.100038 -0.0219965
v 0.279021 0.0900295 -0.0233083
v 0.288928 0.0800238 -0.02472
v 0.298821 0.0700153 -0.0262333
v 0.308703 0.0600081 -0.0278546
v 0.318562 0.0500013 -0.0295719
v 0.328407 0.0399896 -0.0313871
v 0.338233 0.0299815 -0.0333051
v 0.348033 0.019976 -0.0353181
v 0.357819 0.00996768 -0.0374323
v 0.357777 -4.05366e-05 -0.0376552
v 0.278983 0.100039 -0.0235377
v 0.2889 0.0900328 -0.0248988
v 0.298803 0.0800236 -0.0263616
v 0.308689 0.0700159 -0.0279284
v 0.318557 0.0600088 -0.0295952
v 0.32841 0.0499971 -0.0313598
v 0.338243 0.0399893 -0.0332271
v 0.348059 0.0299845 -0.0351972
v 0.357852 0.0199773 -0.0372602
v 0.367626 0.00996664 -0.0394204
v 0.367581 -3.97681e-05 -0.0396422
v 0.288863 0.100039 -0.0251255
v 0.298772 0.0900288 -0.0265336
v 0.308665 0.0800253 -0.0280522
v 0.318542 0.070018 -0.0296685
v 0.328407 0.0600063 -0.0313866
v 0.338248 0.0499987 -0.0332032
v 0.348073 0.0399898 -0.0351203
v 0.357877 0.0299835 -0.0371363
v 0.367662 0.0199742 -0.0392493
v 0.377427 0.00996581 -0.0414619
v 0.377379 -3.88672e-05 -0.0416828
v 0.298734 0.10004 -0.0267661
v 0.308636 0.0900314 -0.0282276
v 0.318522 0.080024 -0.0297933
v 0.328393 0.0700169 -0.0314631
v 0.338242 0.0600095 -0.0332292
v 0.348079 0.0500012 -0.0350996
v 0.357891 0.039991 -0.0370625
v 0.367687 0.029983 -0.0391285
v 0.377459 0.0199761 -0.0412898
v 0.387212 0.00996961 -0.0435509
v 0.387164 -3.80209e-05 -0.0437688
v 0.308596 0.100039 -0.028453
v 0.318491 0.0900311 -0.029968
v 0.328371 0.0800241 -0.0315872
v 0.338229 0.070017 -0.0333026
v 0.348073 0.0600091 -0.0351224
v 0.357897 0.0499997 -0.0370386
v 0.367703 0.0399927 -0.0390578
v 0.377487 0.0299827 -0.0411697
v 0.387248 0.0199734 -0.0433772
v 0.396988 0.00996855 -0.0456868
v 0.396942 -3.74141e-05 -0.0459081
v 0.318449 0.100039 -0.0301925
v 0.328338 0.0900322 -0.031761
v 0.338208 0.0800255 -0.0334297
v 0.348059 0.0700135 -0.0351925
v 0.357892 0.0600095 -0.0370644
v 0.367707 0.0499989 -0.0390304
v 0.377502 0.0399901 -0.0410956
v 0.387277 0.0299825 -0.0432599
v 0.397029 0.0199751 -0.0455199
v 0.406755 0.00996715 -0.0478718
v 0.406706 -3.72308e-05 -0.0480926
v 0.328296 0.100036 -0.0319822
v 0.338175 0.09003 -0.0336001
v 0.348036 0.0800233 -0.0353185
v 0.357879 0.0700155 -0.0371373
v 0.367702 0.0600059 -0.0390527
v 0.377507 0.0499984 -0.041071
v 0.387292 0.0399923 -0.0431884
v 0.397052 0.0299822 -0.045395
v 0.406791 0.0199766 -0.0477035
v 0.416509 0.00996983 -0.0501082
v 0.416461 -3.76225e-05 -0.0503264
v 0.338133 0.10004 -0.0338264
v 0.348004 0.090029 -0.0354917
v 0.357856 0.0800221 -0.0372597
v 0.36769 0.0700135 -0.0391283
v 0.377502 0.0600073 -0.0410959
v 0.387296 0.0499981 -0.0431602
v 0.39707 0.0399898 -0.0453238
v 0.406821 0.0299817 -0.0475828
v 0.416548 0.0199775 -0.0499401
v 0.426256 0.00996718 -0.0523911
v 0.426202 -3.88009e-05 -0.0526052
v 0.347959 0.100039 -0.0357167
v 0.357821 0.090029 -0.0374315
v 0.367664 0.0800215 -0.0392493
v 0.377487 0.0700166 -0.04117
v 0.387291 0.0600089 -0.0431875
v 0.397078 0.0499978 -0.0453019
v 0.406838 0.0399917 -0.047514
v 0.416577 0.0299853 -0.0498217
v 0.426294 0.0199778 -0.0522254
v 0.435987 0.00996822 -0.0547213
v 0.435935 -3.62912e-05 -0.0549394
v 0.357776 0.100036 -0.0376527
v 0.367627 0.0900296 -0.0394196
v 0.377464 0.0800216 -0.0412911
v 0.387275 0.0700154 -0.0432578
v 0.397072 0.0600061 -0.0453253
v 0.406844 0.0499974 -0.0474882
v 0.416592 0.0399932 -0.0497488
v 0.426321 0.0299837 -0.0521029
v 0.436026 0.0199772 -0.0545554
v 0.445708 0.00996813 -0.0571004
v 0.445654 -3.95587e-05 -0.0573123
v 0.367582 0.100037 -0.0396431
v 0.377424 0.0900309 -0.0414597
v 0.387249 0.0800219 -0.0433772
v 0.397056 0.0700144 -0.0453978
v 0.406839 0.0600077 -0.0475137
v 0.416598 0.0500012 -0.0497251
v 0.426338 0.0399896 -0.0520299
v 0.436056 0.0299859 -0.054439
v 0.445749 0.0199755 -0.0569342
v 0.455413 0.00997145 -0.0595265
v 0.455364 -3.95112e-05 -0.0597405
v 0.377379 0.100035 -0.0416792
v 0.387213 0.0900326 -0.0435519
v 0.397026 0.0800225 -0.0455153
v 0.406819 0.0700178 -0.0475843
v 0.416595 0.060009 -0.0497504
v 0.426344 0.0499999 -0.0520081
v 0.436075 0.0399897 -0.0543656
v 0.445776 0.0299825 -0.0568134
v 0.455459 0.0199773 -0.0593638
v 0.465112 0.00996871 -0.0619991
v 0.46506 -3.63202e-05 -0.0622158
v 0.387165 0.100038 -0.0437694
v 0.396989 0.09003 -0.0456857
v 0.406795 0.080023 -0.0477054
v 0.416577 0.0700165 -0.0498205
v 0.42634 0.0600098 -0.0520352
v 0.436079 0.0499979 -0.0543394
v 0.445796 0.0399936 -0.056748
v 0.455488 0.0299825 -0.0592425
v 0.465156 0.0199776 -0.0618381
v 0.474799 0.00996896 -0.0645226
v 0.474742 -3.48052e-05 -0.0647359
v 0.396941 0.100037 -0.0459051
v 0.406755 0.090032 -0.0478736
v 0.41655 0.0800234 -0.0499395
v 0.426324 0.0700147 -0.0521048
v 0.43607 0.06001 -0.0543643
v 0.445801 0.0499996 -0.0567212
v 0.455505 0.0399917 -0.0591725
v 0.465184 0.0299858 -0.0617184
v 0.47484 0.0199765 -0.0643569
v 0.484472 0.00996745 -0.0670908
v 0.484412 -3.51389e-05 -0.0673009
v 0.406706 0.100035 -0.0480885
v 0.416512 0.0900294 -0.0501071
v 0.426293 0.0800234 -0.0522215
v 0.436054 0.070017 -0.0544355
v 0.445794 0.0600094 -0.0567453
v 0.455513 0.0500002 -0.0591512
v 0.465202 0.0399931 -0.0616476
v 0.474872 0.029983 -0.0642404
v 0.484512 0.0199781 -0.0669266
v 0.494131 0.00996855 -0.0697059
v 0.494072 -3.74323e-05 -0.0699147
v 0.41646 0.100039 -0.0503258
v 0.426254 0.0900309 -0.0523906
v 0.436028 0.0800229 -0.0545552
v 0.44578 0.0700139 -0.0568157
v 0.455507 0.0600078 -0.0591744
v 0.46521 0.0499996 -0.0616253
v 0.474888 0.0399931 -0.0641709
v 0.484544 0.0299831 -0.066809
v 0.494175 0.0199778 -0.0695446
v 0.503775 0.00997209 -0.0723679
v 0.503718 -3.7354e-05 -0.0725755
v 0.426202 0.100037 -0.0526045
v 0.435986 0.090032 -0.0547218
v 0.445749 0.0800217 -0.0569328
v 0.455488 0.0700144 -0.0592421
v 0.465204 0.0600096 -0.0616498
v 0.474898 0.0499977 -0.0641475
v 0.484565 0.0399915 -0.0667423
v 0.494205 0.0299859 -0.0694282
v 0.503821 0.0199756 -0.0722032
v 0.513412 0.00996879 -0.0750762
v 0.513349 -3.50081e-05 -0.0752832
v 0.435935 0.100035 -0.0549346
v 0.445706 0.0900325 -0.0571006
v 0.455457 0.0800241 -0.0593603
v 0.465186 0.0700138 -0.0617163
v 0.47489 0.06001 -0.0641731
v 0.48457 0.0499987 -0.0667161
v 0.494223 0.0399926 -0.0693563
v 0.503855 0.0299822 -0.0720894
v 0.513455 0.0199756 -0.0749124
v 0.523032 0.00997215 -0.0778335
v 0.522972 -3.5194e-05 -0.0780397
v 0.445655 0.100037 -0.0573145
v 0.455415 0.0900322 -0.0595269
v 0.465154 0.0800255 -0.0618356
v 0.474871 0.0700165 -0.0642406
v 0.484562 0.060009 -0.0667403
v 0.494231 0.049998 -0.0693327
v 0.503875 0.0399918 -0.0720223
v 0.513488 0.0299853 -0.0747995
v 0.523079 0.0199778 -0.0776722
v 0.532638 0.00996834 -0.0806293
v 0.532579 -3.79882e-05 -0.0808368
v 0.455364 0.100038 -0.0597418
v 0.465114 0.0900309 -0.0620008
v 0.474842 0.0800212 -0.0643562
v 0.484546 0.0700177 -0.0668126
v 0.494225 0.0600063 -0.0693554
v 0.503881 0.0499999 -0.0719995
v 0.513507 0.0399934 -0.0747309
v 0.523111 0.0299861 -0.0775577
v 0.532687 0.0199774 -0.0804725
v 0.542232 0.00997083 -0.0834779
v 0.54217 -3.45586e-05 -0.0836832
v 0.465057 0.100039 -0.0622125
v 0.474801 0.0900284 -0.0645221
v 0.484515 0.0800245 -0.0669288
v 0.494206 0.0700173 -0.0694283
v 0.503875 0.0600062 -0.0720206
v 0.513514 0.0499998 -0.0747063
v 0.52313 0.0399927 -0.0774874
v 0.532718 0.0299845 -0.0803563
v 0.542279 0.0199788 -0.0833195
v 0.551814 0.0099704 -0.0863711
v 0.551749 -3.41609e-05 -0.0865743
v 0.474743 0.100038 -0.0647345
v 0.484471 0.0900292 -0.0670892
v 0.494177 0.0800218 -0.0695429
v 0.503853 0.0700151 -0.0720879
v 0.513509 0.0600087 -0.0747318
v 0.523138 0.0500019 -0.0774673
v 0.532739 0.0399941 -0.0802904
v 0.542314 0.0299846 -0.0832053
v 0.55186 0.0199773 -0.0862108
v 0.561378 0.00997138 -0.0893072
v 0.561316 -3.68687e-05 -0.08951
v 0.484415 0.100036 -0.0672998
v 0.494131 0.0900284 -0.0697038
v 0.503821 0.0800218 -0.0722029
v 0.513491 0.0700155 -0.0748012
v 0.52313 0.060009 -0.077487
v 0.532746 0.0500016 -0.0802683
v 0.542334 0.0399928 -0.0831374
v 0.551896 0.0299864 -0.0861008
v 0.561427 0.0199773 -0.0891488
v 0.570934 0.00996912 -0.0922917
v 0.570868 -3.3805e-05 -0.0924948
v 0.494073 0.100037 -0.0699147
v 0.503778 0.0900304 -0.0723679
v 0.513458 0.0800244 -0.0749164
v 0.523112 0.0700138 -0.0775543
v 0.532741 0.060007 -0.0802898
v 0.542341 0.0499989 -0.0831132
v 0.551915 0.0399933 -0.0860308
v 0.561461 0.0299853 -0.0890367
v 0.570979 0.0199786 -0.0921334
v 0.58047 0.00997244 -0.0953213
v 0.580404 -3.4263e-05 -0.0955204
v 0.50372 0.100036 -0.0725767
v 0.513411 0.0900307 -0.0750754
v 0.523076 0.080025 -0.0776697
v 0.532721 0.0700143 -0.0803572
v 0.542337 0.060007 -0.0831387
v 0.551923 0.0500023 -0.0860105
v 0.561487 0.0399909 -0.0889722
v 0.571016 0.0299855 -0.0920229
v 0.58052 0.0199766 -0.0951623
v 0.589992 0.0099722 -0.0983915
v 0.589927 -3.37945e-05 -0.0985929
v 0.513352 0.100038 -0.0752843
v 0.523033 0.090029 -0.0778303
v 0.532685 0.0800235 -0.0804703
v 0.542314 0.0700169 -0.0832061
v 0.551918 0.0600087 -0.0860337
v 0.56149 0.0499984 -0.0889457
v 0.571039 0.0399943 -0.0919582
v 0.580554 0.0299869 -0.0950517
v 0.590042 0.0199799 -0.0982362
v 0.599504 0.00997275 -0.101512
v 0.59944 -3.70942e-05 -0.10171
v 0.522972 0.100039 -0.0780391
v 0.53264 0.0900296 -0.0806308
v 0.542282 0.080024 -0.0833206
v 0.551895 0.0700169 -0.0860986
v 0.561486 0.0600077 -0.0889725
v 0.571045 0.0500005 -0.0919332
v 0.580575 0.0399945 -0.0949845
v 0.590079 0.0299849 -0.0981247
v 0.599552 0.0199797 -0.101355
v 0.608998 0.00996946 -0.10467
v 0.60893 -3.53433e-05 -0.104869
v 0.532579 0.100037 -0.0808371
v 0.542231 0.0900323 -0.083477
v 0.551862 0.080022 -0.0862107
v 0.561466 0.0700141 -0.0890387
v 0.57104 0.0600082 -0.0919573
v 0.580583 0.0499994 -0.0949607
v 0.590103 0.0399914 -0.0980588
v 0.599592 0.0299837 -0.101244
v 0.609049 0.0199801 -0.104519
v 0.618477 0.0099711 -0.107877
v 0.618411 -3.31527e-05 -0.108078
v 0.542173 0.100037 -0.0836845
v 0.551814 0.0900282 -0.0863682
v 0.56143 0.0800217 -0.0891503
v 0.571016 0.0700173 -0.092023
v 0.580575 0.06001 -0.0949844
v 0.590111 0.0499994 -0.0980382
v 0.599611 0.0399936 -0.101178
v 0.609087 0.0299833 -0.104406
v 0.618532 0.0199766 -0.107725
v 0.627943 0.00997299 -0.11113
v 0.627874 -3.52197e-05 -0.111324
v 0.551754 0.100035 -0.0865752
v 0.561379 0.0900303 -0.0893073
v 0.570984 0.0800231 -0.0921356
v 0.580554 0.0700175 -0.0950511
v 0.590101 0.0600086 -0.0980591
v 0.599622 0.0500003 -0.101158
v 0.609108 0.0399921 -0.104341
v 0.618569 0.0299834 -0.107615
v 0.627995 0.0199779 -0.110975
v 0.637391 0.0099706 -0.114421
v 0.637323 -3.26797e-05 -0.11462
v 0.561319 0.100035 -0.0895113
v 0.570932 0.0900296 -0.0922898
v 0.58052 0.0800215 -0.0951608
v 0.590083 0.0700145 -0.0981266
v 0.599614 0.0600082 -0.10118
v 0.609114 0.0500021 -0.10432
v 0.618591 0.0399912 -0.10755
v 0.628034 0.0299839 -0.110866
v 0.637443 0.0199794 -0.114269
v 0.646825 0.00997269 -0.11776
v 0.646759 -3.46496e-05 -0.117956
v 0.570868 0.100037 -0.092493
v 0.580469 0.0900305 -0.0953178
v 0.590046 0.0800212 -0.0982354
v 0.599592 0.070017 -0.101246
v 0.609109 0.0600087 -0.104343
v 0.618596 0.0500001 -0.107527
v 0.628058 0.0399908 -0.110802
v 0.637482 0.0299846 -0.11416
v 0.64688 0.0199765 -0.117607
v 0.656246 0.00997016 -0.12114
v 0.656173 -3.23521e-05 -0.121334
v 0.580409 0.100035 -0.0955217
v 0.589994 0.0900283 -0.0983893
v 0.599557 0.080022 -0.101356
v 0.609085 0.070016 -0.104406
v 0.61859 0.0600098 -0.107552
v 0.628064 0.0499986 -0.110779
v 0.637506 0.0399951 -0.114099
v 0.646919 0.0299854 -0.117501
v 0.6563 0.0199779 -0.12099
v 0.665649 0.00997178 -0.124566
v 0.665578 -3.4872e-05 -0.124757
v 0.58993 0.100036 -0.0985921
v 0.599501 0.0900317 -0.101509
v 0.60905 0.0800238 -0.104518
v 0.618568 0.0700157 -0.107616
v 0.628056 0.0600071 -0.110801
v 0.637513 0.0500019 -0.114077
v 0.646939 0.0399951 -0.117436
v 0.656339 0.0299862 -0.120884
v 0.665703 0.019979 -0.124416
v 0.675034 0.00997295 -0.128031
v 0.674965 -3.34155e-05 -0.128225
v 0.599436 0.100037 -0.101708
v 0.608997 0.0900317 -0.104671
v 0.618531 0.080022 -0.107724
v 0.628034 0.0700161 -0.110868
v 0.637507 0.0600092 -0.114099
v 0.646948 0.050001 -0.117414
v 0.65636 0.0399951 -0.12082
v 0.665739 0.0299868 -0.124307
v 0.675092 0.0199798 -0.127885
v 0.684407 0.00997352 -0.131542
v 0.684334 -3.26218e-05 -0.131733
v 0.608934 0.100035 -0.104871
v 0.61848 0.0900282 -0.107878
v 0.627995 0.0800209 -0.110973
v 0.637482 0.0700169 -0.114161
v 0.646943 0.0600072 -0.117436
v 0.65637 0.0500001 -0.120798
v 0.665766 0.039995 -0.124246
v 0.675128 0.0299871 -0.127776
v 0.684461 0.01998 -0.131393
v 0.693761 0.0099734 -0.135094
v 0.693689 -3.25606e-05 -0.135284
v 0.618413 0.100034 -0.108076
v 0.627943 0.0900298 -0.111128
v 0.637446 0.0800246 -0.114272
v 0.646919 0.0700137 -0.117499
v 0.65636 0.0600097 -0.120818
v 0.665772 0.0499991 -0.12422
v 0.675151 0.0399946 -0.127712
v 0.684502 0.0299868 -0.131288
v 0.69382 0.0199796 -0.134948
v 0.703102 0.00997241 -0.138688
v 0.70303 -3.33891e-05 -0.138879
v 0.627875 0.100034 -0.111322
v 0.637395 0.0900277 -0.114422
v 0.646879 0.0800244 -0.117608
v 0.656338 0.070015 -0.120881
v 0.665767 0.0600078 -0.124245
v 0.67516 0.0500023 -0.127692
v 0.684525 0.0399937 -0.131223
v 0.693857 0.0299859 -0.134839
v 0.70316 0.0199784 -0.138542
v 0.712422 0.00997481 -0.142324
v 0.712352 -3.52927e-05 -0.142513
v 0.637326 0.100034 -0.114618
v 0.646827 0.0900303 -0.11776
v 0.656299 0.0800244 -0.12099
v 0.665743 0.0700163 -0.124309
v 0.675152 0.06001 -0.127712
v 0.684535 0.0500007 -0.131203
v 0.693884 0.0399923 -0.134778
v 0.703201 0.0299843 -0.138437
v 0.71248 0.0199805 -0.142178
v 0.72173 0.00997169 -0.146002
v 0.721655 -3.39959e-05 -0.146189
v 0.646756 0.100035 -0.117952
v 0.656244 0.0900288 -0.121138
v 0.665702 0.0800244 -0.124415
v 0.675129 0.0700174 -0.127776
v 0.684527 0.0600075 -0.131223
v 0.693888 0.0500029 -0.134756
v 0.703222 0.0399945 -0.138374
v 0.71252 0.0299861 -0.142072
v 0.721788 0.0199773 -0.145855
v 0.731019 0.00997167 -0.149721
v 0.730945 -3.401e-05 -0.149908
v 0.656176 0.100037 -0.121336
v 0.665648 0.0900275 -0.124562
v 0.675092 0.0800244 -0.127885
v 0.684504 0.070014 -0.131287
v 0.693884 0.060009 -0.134779
v 0.703232 0.0500002 -0.138353
v 0.712547 0.0399916 -0.142011
v 0.72183 0.0299869 -0.145755
v 0.731078 0.0199815 -0.14958
v 0.740293 0.00997466 -0.153486
v 0.740216 -3.10863e-05 -0.15367
v 0.665578 0.100034 -0.124755
v 0.675037 0.0900305 -0.128033
v 0.684462 0.0800242 -0.131393
v 0.693858 0.0700145 -0.134839
v 0.703222 0.0600098 -0.138374
v 0.712555 0.050001 -0.141991
v 0.721856 0.0399919 -0.145693
v 0.731121 0.0299866 -0.149477
v 0.740353 0.01998 -0.153342
v 0.749552 0.00997172 -0.157288
v 0.749472 -3.41017e-05 -0.157469
v 0.674964 0.100035 -0.128222
v 0.684408 0.090029 -0.131541
v 0.693817 0.0800236 -0.134944
v 0.703201 0.0700145 -0.138437
v 0.712545 0.0600099 -0.142012
v 0.721864 0.0500009 -0.145673
v 0.731145 0.0399956 -0.149416
v 0.740395 0.0299849 -0.153238
v 0.749609 0.0199814 -0.157146
v 0.758789 0.00997149 -0.161129
v 0.758714 -3.44829e-05 -0.161315
v 0.684334 0.100037 -0.131731
v 0.693763 0.0900273 -0.135091
v 0.703159 0.0800225 -0.138541
v 0.712524 0.0700137 -0.142074
v 0.721854 0.0600091 -0.145692
v 0.731154 0.0499997 -0.149393
v 0.740419 0.0399936 -0.153177
v 0.74965 0.0299862 -0.157041
v 0.758848 0.0199812 -0.16099
v 0.768011 0.00997381 -0.165016
v 0.767934 -3.22851e-05 -0.165198
v 0.693689 0.100034 -0.135281
v 0.7031 0.0900294 -0.138686
v 0.712483 0.0800209 -0.142177
v 0.72183 0.0700165 -0.145755
v 0.731144 0.0600073 -0.149412
v 0.740425 0.0500016 -0.153155
v 0.749677 0.0399946 -0.156983
v 0.758892 0.0299859 -0.160888
v 0.768071 0.0199793 -0.164873
v 0.777217 0.00997424 -0.168942
v 0.777138 -3.20688e-05 -0.169122
v 0.703031 0.100035 -0.138878
v 0.712422 0.0900309 -0.142323
v 0.721789 0.0800227 -0.145858
v 0.73112 0.070014 -0.149473
v 0.740418 0.0600087 -0.153176
v 0.749682 0.0500022 -0.15696
v 0.758918 0.0399941 -0.160828
v 0.768112 0.0299882 -0.164773
v 0.777275 0.0199798 -0.168799
v 0.786404 0.00997264 -0.172905
v 0.786326 -3.39261e-05 -0.173086
v 0.712353 0.100035 -0.142514
v 0.72173 0.0900275 -0.146
v 0.731077 0.0800237 -0.149577
v 0.740394 0.0700147 -0.153237
v 0.749674 0.0600089 -0.15698
v 0.758926 0.0500014 -0.160808
v 0.768142 0.039992 -0.164713
v 0.777319 0.0299887 -0.168701
v 0.786464 0.0199783 -0.172765
v 0.795573 0.00997323 -0.176911
v 0.795494 -3.36572e-05 -0.177089
v 0.721655 0.100035 -0.146188
v 0.731022 0.0900275 -0.149722
v 0.74035 0.0800236 -0.153339
v 0.749653 0.0700143 -0.157043
v 0.758917 0.0600076 -0.160826
v 0.768147 0.0500033 -0.164694
v 0.777347 0.0399924 -0.16864
v 0.786506 0.0299874 -0.172665
v 0.795636 0.0199791 -0.176772
v 0.804725 0.0099759 -0.180959
v 0.804648 -3.1329e-05 -0.181138
v 0.730947 0.100034 -0.149908
v 0.740293 0.0900309 -0.153484
v 0.749609 0.0800225 -0.157144
v 0.758889 0.0700168 -0.160887
v 0.768137 0.0600091 -0.164711
v 0.777353 0.0499993 -0.168617
v 0.786531 0.0399953 -0.172605
v 0.795679 0.0299882 -0.176675
v 0.804786 0.019982 -0.180819
v 0.813859 0.00997616 -0.185043
v 0.81378 -3.14443e-05 -0.18522
v 0.740218 0.100036 -0.153669
v 0.749551 0.0900288 -0.157288
v 0.758848 0.0800243 -0.16099
v 0.768114 0.0700136 -0.164771
v 0.777344 0.060009 -0.168639
v 0.786543 0.0500019 -0.172588
v 0.795703 0.0399961 -0.176614
v 0.80483 0.029987 -0.180718
v 0.813924 0.0199783 -0.184904
v 0.822979 0.00997394 -0.189168
v 0.822896 -2.97627e-05 -0.189345
v 0.749476 0.100033 -0.157471
v 0.75879 0.0900299 -0.161132
v 0.768072 0.0800205 -0.164872
v 0.777318 0.0700173 -0.168699
v 0.786535 0.0600072 -0.172606
v 0.795713 0.0500027 -0.176595
v 0.804859 0.0399949 -0.180663
v 0.813967 0.0299877 -0.184807
v 0.823039 0.0199807 -0.189029
v 0.832079 0.00997346 -0.193332
v 0.831995 -3.07446e-05 -0.193507
v 0.758714 0.100033 -0.161313
v 0.768011 0.0900296 -0.165015
v 0.777275 0.0800237 -0.168799
v 0.786507 0.0700151 -0.172665
v 0.795703 0.0600077 -0.176611
v 0.804868 0.0500014 -0.180642
v 0.813994 0.0399957 -0.18475
v 0.823086 0.0299861 -0.188933
v 0.83214 0.0199806 -0.193195
v 0.841159 0.00997453 -0.197535
v 0.841078 -3.01749e-05 -0.197712
v 0.767932 0.100036 -0.165197
v 0.777218 0.0900279 -0.168941
v 0.786467 0.080021 -0.172766
v 0.795678 0.0700153 -0.176672
v 0.804858 0.0600105 -0.180662
v 0.814001 0.0500022 -0.184727
v 0.823111 0.0399943 -0.188874
v 0.832185 0.0299863 -0.193097
v 0.841221 0.0199821 -0.1974
v 0.850222 0.00997278 -0.201776
v 0.85014 -3.25008e-05 -0.20195
v 0.777139 0.100034 -0.169121
v 0.786403 0.0900289 -0.172905
v 0.795636 0.0800208 -0.176772
v 0.804833 0.0700136 -0.180719
v 0.813995 0.060007 -0.184747
v 0.823119 0.0500008 -0.188853
v 0.832211 0.0399946 -0.19304
v 0.841267 0.0299881 -0.197304
v 0.850285 0.0199808 -0.201642
v 0.859264 0.0099767 -0.206058
v 0.859181 -2.91545e-05 -0.20623
v 0.786326 0.100034 -0.173086
v 0.795575 0.0900281 -0.176912
v 0.804788 0.0800229 -0.180818
v 0.813967 0.0700141 -0.184804
v 0.823109 0.0600098 -0.188873
v 0.832221 0.0500012 -0.193021
v 0.841293 0.0399924 -0.197242
v 0.850329 0.0299873 -0.201544
v 0.859331 0.019981 -0.205924
v 0.868292 0.00997334 -0.210374
v 0.86821 -2.89024e-05 -0.210551
v 0.795497 0.100033 -0.177091
v 0.804725 0.0900298 -0.180957
v 0.813923 0.0800231 -0.184905
v 0.823083 0.0700167 -0.188931
v 0.832212 0.0600102 -0.193042
v 0.841303 0.0500035 -0.197227
v 0.850358 0.0399961 -0.20149
v 0.859375 0.0299878 -0.205827
v 0.868357 0.0199825 -0.210245
v 0.877299 0.00997541 -0.214733
v 0.877219 -3.18602e-05 -0.214906
v 0.804646 0.100034 -0.181133
v 0.813859 0.0900296 -0.185041
v 0.82304 0.0800212 -0.189028
v 0.832184 0.070017 -0.193098
v 0.841294 0.0600082 -0.197244
v 0.850366 0.0500031 -0.20147
v 0.859403 0.0399928 -0.205769
v 0.868404 0.0299856 -0.210147
v 0.877367 0.0199809 -0.214603
v 0.886291 0.00997422 -0.219129
v 0.886205 -2.95071e-05 -0.219299
v 0.813782 0.100033 -0.185219
v 0.822978 0.0900273 -0.189165
v 0.832142 0.0800213 -0.193196
v 0.841267 0.070015 -0.197301
v 0.850359 0.060008 -0.201489
v 0.859413 0.0500001 -0.20575
v 0.868431 0.0399952 -0.210092
v 0.877409 0.0299888 -0.214505
v 0.886356 0.0199804 -0.218996
v 0.895262 0.00997401 -0.223562
v 0.895179 -3.05451e-05 -0.223733
v 0.822897 0.100035 -0.189342
v 0.832079 0.0900272 -0.19333
v 0.841221 0.0800234 -0.197399
v 0.850329 0.0700147 -0.201543
v 0.859404 0.0600093 -0.205772
v 0.868438 0.0500027 -0.210071
v 0.877439 0.0399946 -0.214449
v 0.886402 0.0299889 -0.218904
v 0.895326 0.019981 -0.22343
v 0.904215 0.00997466 -0.228034
v 0.904128 -3.081e-05 -0.228201
v 0.831996 0.100034 -0.193505
v 0.841159 0.0900289 -0.197535
v 0.850285 0.080023 -0.201642
v 0.859376 0.0700161 -0.205828
v 0.868429 0.0600079 -0.210088
v 0.877447 0.0500024 -0.21443
v 0.886428 0.0399952 -0.218845
v 0.895375 0.0299858 -0.223337
v 0.90428 0.0199824 -0.227904
v 0.913148 0.00997605 -0.232543
v 0.913061 -3.03754e-05 -0.232708
v 0.841078 0.100036 -0.19771
v 0.850221 0.0900283 -0.201775
v 0.859331 0.0800201 -0.205922
v 0.868402 0.0700148 -0.210145
v 0.877438 0.0600079 -0.214448
v 0.886437 0.0500035 -0.218827
v 0.895402 0.0399927 -0.223279
v 0.904325 0.029988 -0.227807
v 0.913215 0.0199804 -0.232411
v 0.922063 0.00997382 -0.237086
v 0.921977 -2.93145e-05 -0.237256
v 0.850141 0.100035 -0.201952
v 0.859266 0.0900295 -0.206058
v 0.868356 0.080023 -0.210242
v 0.877412 0.070015 -0.214505
v 0.886429 0.0600092 -0.218846
v 0.895411 0.0500014 -0.223262
v 0.904352 0.0399955 -0.227751
v 0.91326 0.0299867 -0.232316
v 0.92213 0.0199791 -0.236955
v 0.930959 0.00997644 -0.241671
v 0.930873 -3.19908e-05 -0.241835
v 0.859185 0.100036 -0.206231
v 0.868294 0.0900281 -0.210377
v 0.877364 0.0800232 -0.214599
v 0.8864 0.0700164 -0.218901
v 0.8954 0.0600076 -0.223278
v 0.904364 0.0500005 -0.227732
v 0.913288 0.0399949 -0.232261
v 0.922175 0.0299863 -0.236861
v 0.931022 0.0199826 -0.241538
v 0.939835 0.00997533 -0.246288
v 0.93975 -2.99605e-05 -0.246456
v 0.86821 0.100034 -0.210548
v 0.877303 0.0900283 -0.214735
v 0.886358 0.0800206 -0.218997
v 0.895375 0.070015 -0.223337
v 0.904353 0.060007 -0.227749
v 0.913299 0.0500005 -0.232242
v 0.922202 0.0399951 -0.236806
v 0.931073 0.0299865 -0.241446
v 0.939901 0.0199825 -0.246159
v 0.948695 0.00997469 -0.250945
v 0.948605 -2.74647e-05 -0.25111
v 0.87722 0.100034 -0.214906
v 0.886289 0.0900299 -0.219128
v 0.895325 0.0800235 -0.223429
v 0.904325 0.0700147 -0.227806
v 0.913289 0.0600074 -0.23226
v 0.922214 0.0500013 -0.236789
v 0.931101 0.0399961 -0.241392
v 0.939948 0.0299873 -0.246064
v 0.948761 0.019983 -0.250817
v 0.957531 0.00997875 -0.255637
v 0.957447 -2.88645e-05 -0.255804
v 0.886207 0.100035 -0.2193
v 0.895262 0.0900286 -0.223562
v 0.904279 0.0800234 -0.227902
v 0.913261 0.0700155 -0.232317
v 0.922204 0.0600087 -0.236807
v 0.931109 0.0500029 -0.241372
v 0.939977 0.0399935 -0.246009
v 0.948808 0.0299886 -0.250722
v 0.957598 0.0199839 -0.255507
v 0.895177 0.100034 -0.22373
v 0.904213 0.0900286 -0.228031
v 0.913214 0.0800202 -0.232408
v 0.922176 0.0700172 -0.236865
v 0.931099 0.0600109 -0.24139
v 0.939989 0.050001 -0.245992
v 0.948836 0.0399956 -0.250667
v 0.957644 0.0299904 -0.255414
v 0.904129 0.100034 -0.2282
v 0.913146 0.0900297 -0.23254
v 0.922129 0.0800222 -0.236956
v 0.931073 0.0700155 -0.241446
v 0.939979 0.0600094 -0.246012
v 0.948844 0.0500037 -0.250648
v 0.957675 0.0399939 -0.255358
v 0.913062 0.100035 -0.232709
v 0.922064 0.0900276 -0.237086
v 0.931026 0.0800208 -0.241538
v 0.939949 0.0700145 -0.246064
v 0.948835 0.0600085 -0.250666
v 0.957685 0.0500026 -0.255342
v 0.921977 0.100033 -0.237252
v 0.93096 0.0900264 -0.241668
v 0.939902 0.0800201 -0.246156
v 0.948809 0.070014 -0.250722
v 0.957676 0.0600079 -0.255361
v 0.957445 0.100032 -0.255804
v 0.948609 0.100032 -0.251112
v 0.957532 0.0900263 -0.255637
v 0.93975 0.100032 -0.246453
v 0.948692 0.090026 -0.250942
v 0.957598 0.08002 -0.255506
v 0.930874 0.100032 -0.241834
v 0.939837 0.0900259 -0.246287
v 0.948761 0.0800199 -0.250815
v 0.957646 0.0700138 -0.255414
v 3.13782e-06 0.0199962 -0.000199335
v 0.0100152 0.0199854 -0.000229409
v 0.0200196 0.00996796 -0.000381458
v 0.0200118 -3.56583e-05 -0.000470631
v 3.81928e-06 0.00999788 -0.000201741
v 0.0100146 0.00998606 -0.000246984
v 0.00999732 -2.85315e-05 -0.000288867
v 5.45066e-06 -3.38173e-06 -0.000202048
v -0.0223376 0.0227841 -0.151537
v -0.0360704 0.0227841 -0.151537
v -0.0360704 -0.00219596 -0.151537
v -0.0223376 -0.00219596 -0.151537
v -0.0353631 -0.000845617 -0.151537
v -0.0343022 -0.000845617 -0.151537
v -0.0343022 0.00050473 -0.151537
v -0.0353631 0.00050473 -0.151537
v -0.0353631 0.00050473 -0.151537
v -0.0343022 0.00050473 -0.151537
v -0.0343022 0.00185463 -0.151537
v -0.0353631 0.00185463 -0.151537
v -0.0353631 0.00185463 -0.151537
v -0.0343022 0.00185463 -0.151537
v -0.0343022 0.00320498 -0.151537
v -0.0353631 0.00320498 -0.151537
v -0.0353631 0.00320498 -0.151537
v -0.0343022 0.00320498 -0.151537
v -0.0343022 0.00455532 -0.151537
v -0.0353631 0.00455532 -0.151537
v -0.0353631 0.00455532 -0.151537
v -0.0343022 0.00455532 -0.151537
v -0.0343022 0.00590567 -0.151537
v -0.0353631 0.00590567 -0.151537
v -0.0353631 0.00590567 -0.151537
v -0.0343022 0.00590567 -0.151537
v -0.0343022 0.00725601 -0.151537
v -0.0353631 0.00725601 -0.151537
v -0.0353631 0.00725601 -0.151537
v -0.0343022 0.00725601 -0.151537
v -0.0343022 0.00860636 -0.151537
v -0.0353631 0.00860636 -0.151537
v -0.0353631 0.00860636 -0.151537
v -0.0343022 0.00860636 -0.151537
v -0.0343022 0.00995627 -0.151537
v -0.0353631 0.00995627 -0.151537
v -0.0353631 0.00995627 -0.151537
v -0.0343022 0.00995627 -0.151537
v -0.0343022 0.0113066 -0.151537
v -0.0353631 0.0113066 -0.151537
v -0.0353631 0.0113066 -0.151537
v -0.0343022 0.0113066 -0.151537
v -0.0343022 0.012657 -0.151537
v -0.0353631 0.012657 -0.151537
v -0.0353631 0.012657 -0.151537
v -0.0343022 0.012657 -0.151537
v -0.0343022 0.0140073 -0.151537
v -0.0353631 0.0140073 -0.151537
v -0.0353631 0.0140073 -0.151537
v -0.0343022 0.0140073 -0.151537
v -0.0343022 0.0153576 -0.151537
v -0.0353631 0.0153576 -0.151537
v -0.0353631 -0.000845617 -0.151537
v -0.0339486 -0.000845617 -0.151537
v -0.0353631 0.00050473 -0.151537
v -0.0339486 0.00050473 -0.151537
v -0.0353631 0.00185463 -0.151537
v -0.0339486 0.00185463 -0.151537
v -0.0353631 0.00320498 -0.151537
v -0.0339486 0.00320498 -0.151537
v -0.0353631 0.00455532 -0.151537
v -0.0339486 0.00455532 -0.151537
v -0.0353631 0.00590567 -0.151537
v -0.0339486 0.00590567 -0.151537
v -0.0353631 0.00725601 -0.151537
v -0.0339486 0.00725601 -0.151537
v -0.0353631 0.00860636 -0.151537
v -0.0339486 0.00860636 -0.151537
v -0.0353631 0.00995627 -0.151537
v -0.0339486 0.00995627 -0.151537
v -0.0353631 0.0113066 -0.151537
v -0.0339486 0.0113066 -0.151537
v -0.0353631 0.012657 -0.151537
v -0.0339486 0.012657 -0.151537
v -0.0353631 0.0140073 -0.151537
v -0.0339486 0.0140073 -0.151537
v -0.0353631 0.0153576 -0.151537
v -0.0339486 0.0153576 -0.151537
v -0.0343022 0.0153576 -0.151537
v -0.0343022 -0.000845617 -0.151537

#List of body polygons
f 1 2 3
f 1 3 8
f 1 15 16
f 1417 1418 1419
f 1417 1423 1424
f 1423 1417 1435

#List of body polygons
f 2 4 3
f 2 5 4
f 3 9 8
f 3 4 9
f 1418 1420 1419
f 1418 1421 1420

#List of body polygons
f 5 6 4
f 5 7 6
f 4 10 9
f 4 6 10
f 1421 1276 1420
f 1421 1422 1276
f 1276 1422 1277

#List of body polygons
f 7 11 12
f 20 7 19
f 20 11 7
f 20 21 11
f 1428 1429 1427
f 1428 1430 1429
f 1430 1276 1432
f 1430 1433 1276
f 1430 1428 1433

#List of body polygons
f 11 13 12
f 11 14 13
f 21 14 11
f 13 22 23
f 22 14 26
f 22 13 14
f 292 13 291
f 295 13 292
f 295 7 13
f 291 13 23
f 1282 1276 1281
f 1282 1283 1276
f 1276 1284 1281
f 1283 1287 1288
f 1283 1282 1287
f 1430 1431 1429
f 1430 1283 1431
f 1283 1430 1432
f 1431 1436 1437
f 1436 1283 1288
f 1436 1431 1283

#List of body polygons
f 15 17 16
f 15 18 17
f 1423 1425 1424
f 1423 1426 1425
f 1426 1435 1434
f 1426 1423 1435

#List of body polygons
f 18 19 17
f 18 20 19
f 1426 1427 1425
f 1426 1428 1427
f 1428 1434 1433
f 1428 1426 1434

#List of body polygons
f 22 24 23
f 22 25 24
f 25 22 26
f 24 27 28
f 27 25 31
f 27 24 25
f 290 291 289
f 290 292 291
f 294 292 290
f 294 295 292
f 296 298 297
f 296 24 298
f 289 24 296
f 289 23 24
f 289 291 23
f 298 299 300
f 299 24 28
f 299 298 24
f 443 298 442
f 298 443 297
f 298 300 442
f 1125 1126 1127
f 1128 1129 1130
f 1128 1127 1129
f 1279 1281 1280
f 1279 1282 1281
f 1284 1280 1281
f 1284 1285 1280
f 1287 1289 1288
f 1287 1128 1289
f 1282 1128 1287
f 1282 1126 1128
f 1282 1279 1126
f 1289 1290 1291
f 1290 1128 1130
f 1290 1289 1128
f 1436 1438 1437
f 1436 1289 1438
f 1289 1436 1288
f 1438 1439 1440
f 1439 1289 1291
f 1439 1438 1289

#List of body polygons
f 27 29 28
f 27 30 29
f 30 27 31
f 33 29 34
f 33 35 29
f 34 30 36
f 34 29 30
f 35 37 38
f 35 33 37
f 286 288 287
f 286 289 288
f 286 290 289
f 293 290 286
f 293 294 290
f 288 296 297
f 288 289 296
f 299 301 300
f 299 29 301
f 29 299 28
f 35 302 301
f 35 301 29
f 302 303 304
f 303 35 38
f 303 302 35
f 438 288 437
f 288 438 287
f 439 441 440
f 439 442 441
f 439 443 442
f 443 288 297
f 443 437 288
f 443 439 437
f 301 444 441
f 300 441 442
f 300 301 441
f 446 302 447
f 446 444 302
f 302 444 301
f 302 304 447
f 594 441 593
f 441 594 440
f 444 595 596
f 593 444 596
f 593 441 444
f 444 446 595
f 977 978 979
f 980 977 981
f 980 982 977
f 977 979 981
f 982 983 984
f 982 980 983
f 1122 1123 1124
f 1126 977 1127
f 1126 1122 977
f 978 1122 1124
f 978 977 1122
f 1129 1131 1130
f 1129 982 1131
f 1127 982 1129
f 1127 977 982
f 1132 1131 1133
f 1132 1134 1131
f 1133 982 984
f 1133 1131 982
f 1134 1135 1136
f 1134 1132 1135
f 1122 1279 1280
f 1285 1122 1280
f 1285 1123 1122
f 1285 1286 1123
f 1279 1122 1126
f 1290 1292 1291
f 1290 1131 1292
f 1131 1290 1130
f 1134 1293 1292
f 1134 1292 1131
f 1293 1294 1295
f 1294 1134 1136
f 1294 1293 1134
f 1439 1441 1440
f 1439 1292 1441
f 1292 1439 1291
f 1443 1293 1444
f 1443 1441 1293
f 1293 1441 1292
f 1293 1295 1444

#List of body polygons
f 32 33 34
f 32 34 36
f 37 39 38
f 37 40 39
f 33 40 37
f 33 32 40
f 41 42 39
f 41 39 40
f 43 44 42
f 43 42 41
f 46 48 47
f 46 44 48
f 48 44 43
f 49 50 51
f 47 49 51
f 47 48 49
f 53 54 55
f 50 53 55
f 50 49 53
f 57 58 59
f 54 57 59
f 54 53 57
f 61 62 63
f 58 61 63
f 58 57 61
f 65 66 67
f 62 65 67
f 62 61 65
f 69 70 71
f 66 69 71
f 66 65 69
f 73 74 75
f 70 73 75
f 70 69 73
f 77 78 79
f 74 77 79
f 74 73 77
f 81 82 83
f 78 81 83
f 78 77 81
f 85 86 87
f 82 85 87
f 82 81 85
f 89 90 91
f 86 89 91
f 86 85 89
f 93 94 95
f 90 93 95
f 90 89 93
f 97 98 99
f 94 97 99
f 94 93 97
f 101 102 103
f 98 101 103
f 98 97 101
f 105 106 107
f 102 105 107
f 102 101 105
f 109 110 111
f 106 109 111
f 106 105 109
f 113 114 115
f 110 113 115
f 110 109 113
f 117 118 119
f 114 117 119
f 114 113 117
f 121 122 123
f 118 121 123
f 118 117 121
f 125 126 127
f 122 125 127
f 122 121 125
f 129 130 131
f 126 129 131
f 126 125 129
f 133 134 135
f 130 133 135
f 130 129 133
f 137 138 139
f 134 137 139
f 134 133 137
f 137 143 138
f 282 284 283
f 282 7 284
f 285 7 282
f 285 6 7
f 284 286 287
f 284 293 286
f 303 305 304
f 303 39 305
f 39 303 38
f 42 306 305
f 42 305 39
f 308 44 309
f 308 306 44
f 44 306 42
f 44 46 309
f 284 425 426
f 284 426 283
f 435 436 434
f 435 437 436
f 435 438 437
f 438 284 287
f 438 425 284
f 438 435 425
f 436 439 440
f 439 436 437
f 445 446 447
f 305 448 445
f 304 445 447
f 304 305 445
f 450 306 451
f 450 448 306
f 306 448 305
f 306 308 451
f 589 436 588
f 436 589 434
f 590 592 591
f 590 593 592
f 590 594 593
f 594 436 440
f 594 588 436
f 594 590 588
f 595 592 596
f 595 597 592
f 592 593 596
f 445 598 597
f 446 597 595
f 446 445 597
f 600 448 601
f 600 598 448
f 448 598 445
f 448 450 601
f 729 731 730
f 729 592 731
f 592 729 591
f 597 732 731
f 597 731 592
f 598 733 732
f 598 732 597
f 733 734 735
f 734 598 600
f 734 733 598
f 852 854 853
f 852 731 854
f 731 852 730
f 732 855 854
f 732 854 731
f 733 856 855
f 733 855 732
f 856 857 858
f 857 733 735
f 857 856 733
f 972 973 974
f 978 854 979
f 978 972 854
f 853 972 974
f 853 854 972
f 855 980 981
f 979 855 981
f 979 854 855
f 983 985 984
f 983 856 985
f 980 856 983
f 980 855 856
f 986 985 987
f 986 988 985
f 987 856 858
f 987 985 856
f 988 989 990
f 988 986 989
f 1119 1120 1118
f 1123 972 1124
f 1123 1120 972
f 973 1120 1119
f 973 972 1120
f 972 978 1124
f 985 1132 1133
f 985 1133 984
f 1135 1137 1136
f 1135 988 1137
f 1132 988 1135
f 1132 985 988
f 1138 1137 1139
f 1138 1140 1137
f 1139 988 990
f 1139 1137 988
f 1140 1141 1142
f 1140 1138 1141
f 1120 1276 1277
f 1118 1277 1278
f 1118 1120 1277
f 1286 1120 1123
f 1294 1296 1295
f 1294 1137 1296
f 1137 1294 1136
f 1140 1297 1296
f 1140 1296 1137
f 1298 1297 1299
f 1298 1300 1297
f 1299 1140 1142
f 1299 1297 1140
f 1300 1301 1302
f 1300 1298 1301
f 1442 1443 1444
f 1296 1445 1442
f 1295 1442 1444
f 1295 1296 1442
f 1297 1446 1445
f 1297 1445 1296
f 1300 1447 1446
f 1300 1446 1297
f 1448 1447 1449
f 1448 1450 1447
f 1449 1300 1302
f 1449 1447 1300
f 1451 1450 1452
f 1451 1453 1450
f 1450 1448 1452
f 1454 1453 1455
f 1454 1456 1453
f 1453 1451 1455
f 1457 1456 1458
f 1457 1459 1456
f 1456 1454 1458
f 1460 1459 1461
f 1460 1462 1459
f 1459 1457 1461
f 1463 1462 1464
f 1463 1465 1462
f 1462 1460 1464
f 1466 1465 1467
f 1466 1468 1465
f 1465 1463 1467
f 1469 1468 1470
f 1469 1471 1468
f 1468 1466 1470
f 1472 1471 1473
f 1472 1474 1471
f 1471 1469 1473
f 1475 1474 1476
f 1475 1477 1474
f 1474 1472 1476
f 1478 1477 1479
f 1478 1480 1477
f 1477 1475 1479
f 1481 1480 1482
f 1481 1483 1480
f 1480 1478 1482
f 1484 1483 1485
f 1484 1486 1483
f 1483 1481 1485
f 1487 1486 1488
f 1487 1489 1486
f 1486 1484 1488
f 1490 1489 1491
f 1490 1492 1489
f 1489 1487 1491
f 1493 1492 1494
f 1493 1495 1492
f 1492 1490 1494
f 1496 1495 1497
f 1496 1498 1495
f 1495 1493 1497
f 1499 1498 1500
f 1499 1501 1498
f 1498 1496 1500
f 1502 1501 1503
f 1502 1504 1501
f 1501 1499 1503
f 1505 1504 1506
f 1505 1507 1504
f 1504 1502 1506
f 1508 1507 1509
f 1508 1510 1507
f 1507 1505 1509
f 1511 1510 1512
f 1511 1513 1510
f 1510 1508 1512
f 1514 1513 1515
f 1514 1516 1513
f 1513 1511 1515
f 1517 1516 1518
f 1517 1519 1516
f 1516 1514 1518
f 1519 1520 1521
f 1519 1517 1520

#List of body polygons
f 45 46 47
f 50 45 51
f 50 52 45
f 45 47 51
f 54 52 55
f 54 56 52
f 52 50 55
f 58 56 59
f 58 60 56
f 56 54 59
f 62 60 63
f 62 64 60
f 60 58 63
f 66 64 67
f 66 68 64
f 64 62 67
f 70 68 71
f 70 72 68
f 68 66 71
f 74 72 75
f 74 76 72
f 72 70 75
f 78 76 79
f 78 80 76
f 76 74 79
f 82 80 83
f 82 84 80
f 80 78 83
f 86 84 87
f 86 88 84
f 84 82 87
f 90 88 91
f 90 92 88
f 88 86 91
f 94 92 95
f 94 96 92
f 92 90 95
f 98 96 99
f 98 100 96
f 96 94 99
f 102 100 103
f 102 104 100
f 100 98 103
f 106 104 107
f 106 108 104
f 104 102 107
f 110 108 111
f 110 112 108
f 108 106 111
f 114 112 115
f 114 116 112
f 112 110 115
f 118 116 119
f 118 120 116
f 116 114 119
f 122 120 123
f 122 124 120
f 120 118 123
f 126 124 127
f 126 128 124
f 124 122 127
f 130 128 131
f 130 132 128
f 128 126 131
f 134 132 135
f 134 136 132
f 132 130 135
f 138 136 139
f 138 140 136
f 136 134 139
f 141 142 140
f 143 140 138
f 143 141 140
f 144 145 142
f 144 142 141
f 146 147 145
f 146 145 144
f 148 149 147
f 148 147 146
f 150 151 149
f 150 149 148
f 152 153 151
f 152 151 150
f 154 155 153
f 154 153 152
f 156 157 155
f 156 155 154
f 158 159 157
f 158 157 156
f 160 161 159
f 160 159 158
f 162 163 161
f 162 161 160
f 164 165 163
f 164 163 162
f 166 167 165
f 166 165 164
f 168 169 167
f 168 167 166
f 170 171 169
f 170 169 168
f 172 173 171
f 172 171 170
f 174 175 173
f 174 173 172
f 176 177 175
f 176 175 174
f 178 179 177
f 178 177 176
f 180 181 179
f 180 179 178
f 182 183 181
f 182 181 180
f 184 185 183
f 184 183 182
f 186 187 185
f 186 185 184
f 188 189 187
f 188 187 186
f 190 191 189
f 190 189 188
f 192 193 191
f 192 191 190
f 194 195 193
f 194 193 192
f 196 197 195
f 196 195 194
f 198 199 197
f 198 197 196
f 200 201 199
f 200 199 198
f 202 203 201
f 202 201 200
f 204 205 203
f 204 203 202
f 206 207 205
f 206 205 204
f 208 209 207
f 208 207 206
f 210 211 209
f 210 209 208
f 212 213 211
f 212 211 210
f 214 215 213
f 214 213 212
f 216 217 215
f 216 215 214
f 218 219 217
f 218 217 216
f 220 221 219
f 220 219 218
f 222 223 221
f 222 221 220
f 224 225 223
f 224 223 222
f 226 227 225
f 226 225 224
f 228 229 227
f 228 227 226
f 230 231 229
f 230 229 228
f 232 233 231
f 232 231 230
f 234 235 233
f 234 233 232
f 236 237 235
f 236 235 234
f 238 239 237
f 238 237 236
f 240 241 239
f 240 239 238
f 242 243 241
f 242 241 240
f 244 245 243
f 244 243 242
f 246 247 245
f 246 245 244
f 248 249 247
f 248 247 246
f 250 251 249
f 250 249 248
f 252 253 251
f 252 251 250
f 254 255 253
f 254 253 252
f 256 257 255
f 256 255 254
f 258 259 257
f 258 257 256
f 260 261 259
f 260 259 258
f 262 263 261
f 262 261 260
f 264 265 263
f 264 263 262
f 266 267 265
f 266 265 264
f 268 269 267
f 268 267 266
f 270 271 269
f 270 269 268
f 272 273 271
f 272 271 270
f 273 274 275
f 274 272 278
f 274 273 272
f 281 282 283
f 281 285 282
f 307 308 309
f 45 310 307
f 46 307 309
f 46 45 307
f 52 311 310
f 52 310 45
f 56 312 311
f 56 311 52
f 60 313 312
f 60 312 56
f 64 314 313
f 64 313 60
f 68 315 314
f 68 314 64
f 72 316 315
f 72 315 68
f 76 317 316
f 76 316 72
f 80 318 317
f 80 317 76
f 84 319 318
f 84 318 80
f 88 320 319
f 88 319 84
f 92 321 320
f 92 320 88
f 96 322 321
f 96 321 92
f 100 323 322
f 100 322 96
f 104 324 323
f 104 323 100
f 108 325 324
f 108 324 104
f 112 326 325
f 112 325 108
f 116 327 326
f 116 326 112
f 120 328 327
f 120 327 116
f 124 329 328
f 124 328 120
f 128 330 329
f 128 329 124
f 132 331 330
f 132 330 128
f 136 332 331
f 136 331 132
f 140 333 332
f 140 332 136
f 142 334 333
f 142 333 140
f 145 335 334
f 145 334 142
f 147 336 335
f 147 335 145
f 149 337 336
f 149 336 147
f 151 338 337
f 151 337 149
f 153 339 338
f 153 338 151
f 155 340 339
f 155 339 153
f 157 341 340
f 157 340 155
f 159 342 341
f 159 341 157
f 161 343 342
f 161 342 159
f 163 344 343
f 163 343 161
f 165 345 344
f 165 344 163
f 167 346 345
f 167 345 165
f 169 347 346
f 169 346 167
f 171 348 347
f 171 347 169
f 173 349 348
f 173 348 171
f 175 350 349
f 175 349 173
f 177 351 350
f 177 350 175
f 179 352 351
f 179 351 177
f 181 353 352
f 181 352 179
f 183 354 353
f 183 353 181
f 185 355 354
f 185 354 183
f 187 356 355
f 187 355 185
f 189 357 356
f 189 356 187
f 191 358 357
f 191 357 189
f 193 359 358
f 193 358 191
f 195 360 359
f 195 359 193
f 197 361 360
f 197 360 195
f 199 362 361
f 199 361 197
f 201 363 362
f 201 362 199
f 203 364 363
f 203 363 201
f 205 365 364
f 205 364 203
f 207 366 365
f 207 365 205
f 209 367 366
f 209 366 207
f 211 368 367
f 211 367 209
f 213 369 368
f 213 368 211
f 215 370 369
f 215 369 213
f 217 371 370
f 217 370 215
f 219 372 371
f 219 371 217
f 221 373 372
f 221 372 219
f 223 374 373
f 223 373 221
f 225 375 374
f 225 374 223
f 227 376 375
f 227 375 225
f 229 377 376
f 229 376 227
f 231 378 377
f 231 377 229
f 233 379 378
f 233 378 231
f 235 380 379
f 235 379 233
f 237 381 380
f 237 380 235
f 239 382 381
f 239 381 237
f 241 383 382
f 241 382 239
f 243 384 383
f 243 383 241
f 245 385 384
f 245 384 243
f 247 386 385
f 247 385 245
f 249 387 386
f 249 386 247
f 251 388 387
f 251 387 249
f 253 389 388
f 253 388 251
f 255 390 389
f 255 389 253
f 392 257 393
f 392 390 257
f 257 390 255
f 259 394 395
f 393 259 395
f 393 257 259
f 261 397 398
f 394 261 398
f 394 259 261
f 263 400 401
f 397 263 401
f 397 261 263
f 265 403 404
f 400 265 404
f 400 263 265
f 267 406 407
f 403 267 407
f 403 265 267
f 269 409 410
f 406 269 410
f 406 267 269
f 271 412 413
f 409 271 415
f 409 269 271
f 273 416 417
f 412 273 417
f 412 271 273
f 419 420 421
f 273 275 416
f 422 419 423
f 422 424 419
f 419 421 423
f 425 427 426
f 425 428 427
f 426 281 283
f 426 431 281
f 426 427 431
f 432 434 433
f 432 435 434
f 435 428 425
f 435 432 428
f 449 450 451
f 307 452 449
f 308 449 451
f 308 307 449
f 310 453 452
f 310 452 307
f 311 454 453
f 311 453 310
f 312 455 454
f 312 454 311
f 313 456 455
f 313 455 312
f 314 457 456
f 314 456 313
f 315 458 457
f 315 457 314
f 316 459 458
f 316 458 315
f 317 460 459
f 317 459 316
f 318 461 460
f 318 460 317
f 319 462 461
f 319 461 318
f 320 463 462
f 320 462 319
f 321 464 463
f 321 463 320
f 322 465 464
f 322 464 321
f 323 466 465
f 323 465 322
f 324 467 466
f 324 466 323
f 325 468 467
f 325 467 324
f 326 469 468
f 326 468 325
f 327 470 469
f 327 469 326
f 328 471 470
f 328 470 327
f 329 472 471
f 329 471 328
f 330 473 472
f 330 472 329
f 331 474 473
f 331 473 330
f 332 475 474
f 332 474 331
f 333 476 475
f 333 475 332
f 334 477 476
f 334 476 333
f 335 478 477
f 335 477 334
f 336 479 478
f 336 478 335
f 337 480 479
f 337 479 336
f 338 481 480
f 338 480 337
f 339 482 481
f 339 481 338
f 340 483 482
f 340 482 339
f 341 484 483
f 341 483 340
f 342 485 484
f 342 484 341
f 343 486 485
f 343 485 342
f 344 487 486
f 344 486 343
f 345 488 487
f 345 487 344
f 346 489 488
f 346 488 345
f 347 490 489
f 347 489 346
f 348 491 490
f 348 490 347
f 349 492 491
f 349 491 348
f 350 493 492
f 350 492 349
f 351 494 493
f 351 493 350
f 352 495 494
f 352 494 351
f 353 496 495
f 353 495 352
f 354 497 496
f 354 496 353
f 355 498 497
f 355 497 354
f 356 499 498
f 356 498 355
f 357 500 499
f 357 499 356
f 358 501 500
f 358 500 357
f 359 502 501
f 359 501 358
f 360 503 502
f 360 502 359
f 361 504 503
f 361 503 360
f 362 505 504
f 362 504 361
f 363 506 505
f 363 505 362
f 364 507 506
f 364 506 363
f 365 508 507
f 365 507 364
f 366 509 508
f 366 508 365
f 367 510 509
f 367 509 366
f 368 511 510
f 368 510 367
f 369 512 511
f 369 511 368
f 370 513 512
f 370 512 369
f 371 514 513
f 371 513 370
f 372 515 514
f 372 514 371
f 517 373 518
f 517 515 373
f 373 515 372
f 374 519 520
f 518 374 520
f 518 373 374
f 375 522 523
f 519 375 523
f 519 374 375
f 376 525 526
f 522 376 526
f 522 375 376
f 377 528 529
f 525 377 529
f 525 376 377
f 378 531 532
f 528 378 532
f 528 377 378
f 379 534 535
f 531 379 535
f 531 378 379
f 380 537 538
f 534 380 538
f 534 379 380
f 381 540 541
f 537 381 541
f 537 380 381
f 382 543 544
f 540 382 544
f 540 381 382
f 383 546 547
f 543 383 547
f 543 382 383
f 384 549 550
f 546 384 550
f 546 383 384
f 385 552 553
f 549 385 553
f 549 384 385
f 386 555 556
f 552 386 556
f 552 385 386
f 387 558 559
f 555 387 559
f 555 386 387
f 388 561 562
f 558 388 562
f 558 387 388
f 389 564 565
f 561 389 565
f 561 388 389
f 390 567 568
f 564 390 568
f 564 389 390
f 390 392 567
f 579 581 580
f 579 419 581
f 419 579 420
f 424 582 581
f 424 581 419
f 585 587 586
f 585 588 587
f 585 589 588
f 589 433 434
f 589 585 433
f 587 590 591
f 590 587 588
f 599 600 601
f 449 602 599
f 450 599 601
f 450 449 599
f 452 603 602
f 452 602 449
f 453 604 603
f 453 603 452
f 454 605 604
f 454 604 453
f 455 606 605
f 455 605 454
f 456 607 606
f 456 606 455
f 457 608 607
f 457 607 456
f 458 609 608
f 458 608 457
f 459 610 609
f 459 609 458
f 460 611 610
f 460 610 459
f 461 612 611
f 461 611 460
f 462 613 612
f 462 612 461
f 463 614 613
f 463 613 462
f 464 615 614
f 464 614 463
f 465 616 615
f 465 615 464
f 466 617 616
f 466 616 465
f 467 618 617
f 467 617 466
f 468 619 618
f 468 618 467
f 469 620 619
f 469 619 468
f 470 621 620
f 470 620 469
f 471 622 621
f 471 621 470
f 472 623 622
f 472 622 471
f 473 624 623
f 473 623 472
f 474 625 624
f 474 624 473
f 475 626 625
f 475 625 474
f 476 627 626
f 476 626 475
f 477 628 627
f 477 627 476
f 478 629 628
f 478 628 477
f 479 630 629
f 479 629 478
f 480 631 630
f 480 630 479
f 481 632 631
f 481 631 480
f 482 633 632
f 482 632 481
f 483 634 633
f 483 633 482
f 484 635 634
f 484 634 483
f 485 636 635
f 485 635 484
f 486 637 636
f 486 636 485
f 487 638 637
f 487 637 486
f 488 639 638
f 488 638 487
f 489 640 639
f 489 639 488
f 490 641 640
f 490 640 489
f 491 642 641
f 491 641 490
f 492 643 642
f 492 642 491
f 493 644 643
f 493 643 492
f 494 645 644
f 494 644 493
f 495 646 645
f 495 645 494
f 496 647 646
f 496 646 495
f 497 648 647
f 497 647 496
f 498 649 648
f 498 648 497
f 499 650 649
f 499 649 498
f 500 651 650
f 500 650 499
f 501 652 651
f 501 651 500
f 502 653 652
f 502 652 501
f 655 503 656
f 655 653 503
f 503 653 502
f 504 657 658
f 656 504 658
f 656 503 504
f 505 660 661
f 657 505 661
f 657 504 505
f 506 663 664
f 660 506 664
f 660 505 506
f 507 666 667
f 663 507 667
f 663 506 507
f 508 669 670
f 666 508 670
f 666 507 508
f 509 672 673
f 669 509 673
f 669 508 509
f 510 675 676
f 672 510 676
f 672 509 510
f 511 678 679
f 675 511 679
f 675 510 511
f 512 681 682
f 678 512 682
f 678 511 512
f 513 684 685
f 681 513 685
f 681 512 513
f 514 687 688
f 684 514 688
f 684 513 514
f 515 690 691
f 687 515 691
f 687 514 515
f 515 517 690
f 720 722 721
f 720 581 722
f 581 720 580
f 582 723 722
f 582 722 581
f 726 728 727
f 726 587 728
f 587 726 586
f 728 729 730
f 729 587 591
f 729 728 587
f 734 736 735
f 734 599 736
f 599 734 600
f 602 737 736
f 602 736 599
f 603 738 737
f 603 737 602
f 604 739 738
f 604 738 603
f 605 740 739
f 605 739 604
f 742 606 743
f 742 740 606
f 606 740 605
f 744 746 745
f 744 607 746
f 743 607 744
f 743 606 607
f 608 747 746
f 608 746 607
f 609 748 747
f 609 747 608
f 610 749 748
f 610 748 609
f 611 750 749
f 611 749 610
f 612 751 750
f 612 750 611
f 613 752 751
f 613 751 612
f 614 753 752
f 614 752 613
f 615 754 753
f 615 753 614
f 616 755 754
f 616 754 615
f 617 756 755
f 617 755 616
f 618 757 756
f 618 756 617
f 619 758 757
f 619 757 618
f 620 759 758
f 620 758 619
f 621 760 759
f 621 759 620
f 622 761 760
f 622 760 621
f 623 762 761
f 623 761 622
f 624 763 762
f 624 762 623
f 625 764 763
f 625 763 624
f 626 765 764
f 626 764 625
f 627 766 765
f 627 765 626
f 628 767 766
f 628 766 627
f 629 768 767
f 629 767 628
f 630 769 768
f 630 768 629
f 631 770 769
f 631 769 630
f 632 771 770
f 632 770 631
f 633 772 771
f 633 771 632
f 634 773 772
f 634 772 633
f 635 774 773
f 635 773 634
f 636 775 774
f 636 774 635
f 637 776 775
f 637 775 636
f 638 777 776
f 638 776 637
f 639 778 777
f 639 777 638
f 640 779 778
f 640 778 639
f 641 780 779
f 641 779 640
f 642 781 780
f 642 780 641
f 643 782 781
f 643 781 642
f 644 783 782
f 644 782 643
f 645 784 783
f 645 783 644
f 646 785 784
f 646 784 645
f 647 786 785
f 647 785 646
f 648 787 786
f 648 786 647
f 789 649 790
f 789 787 649
f 649 787 648
f 650 791 792
f 790 650 792
f 790 649 650
f 651 794 795
f 791 651 795
f 791 650 651
f 652 797 798
f 794 652 798
f 794 651 652
f 653 800 801
f 797 653 801
f 797 652 653
f 653 655 800
f 843 845 844
f 843 722 845
f 722 843 721
f 723 846 845
f 723 845 722
f 849 851 850
f 849 728 851
f 728 849 727
f 851 852 853
f 852 728 730
f 852 851 728
f 857 859 858
f 857 736 859
f 736 857 735
f 737 860 859
f 737 859 736
f 738 861 860
f 738 860 737
f 739 862 861
f 739 861 738
f 740 863 862
f 740 862 739
f 864 863 865
f 864 866 863
f 865 740 742
f 865 863 740
f 746 867 866
f 745 866 864
f 745 746 866
f 747 868 867
f 747 867 746
f 748 869 868
f 748 868 747
f 749 870 869
f 749 869 748
f 750 871 870
f 750 870 749
f 751 872 871
f 751 871 750
f 752 873 872
f 752 872 751
f 753 874 873
f 753 873 752
f 754 875 874
f 754 874 753
f 755 876 875
f 755 875 754
f 756 877 876
f 756 876 755
f 757 878 877
f 757 877 756
f 758 879 878
f 758 878 757
f 759 880 879
f 759 879 758
f 760 881 880
f 760 880 759
f 761 882 881
f 761 881 760
f 762 883 882
f 762 882 761
f 763 884 883
f 763 883 762
f 764 885 884
f 764 884 763
f 765 886 885
f 765 885 764
f 766 887 886
f 766 886 765
f 767 888 887
f 767 887 766
f 768 889 888
f 768 888 767
f 769 890 889
f 769 889 768
f 770 891 890
f 770 890 769
f 771 892 891
f 771 891 770
f 772 893 892
f 772 892 771
f 773 894 893
f 773 893 772
f 774 895 894
f 774 894 773
f 775 896 895
f 775 895 774
f 776 897 896
f 776 896 775
f 777 898 897
f 777 897 776
f 778 899 898
f 778 898 777
f 779 900 899
f 779 899 778
f 780 901 900
f 780 900 779
f 781 902 901
f 781 901 780
f 782 903 902
f 782 902 781
f 783 904 903
f 783 903 782
f 784 905 904
f 784 904 783
f 785 906 905
f 785 905 784
f 786 907 906
f 786 906 785
f 787 908 907
f 787 907 786
f 909 908 910
f 909 911 908
f 910 787 789
f 910 908 787
f 912 911 913
f 912 914 911
f 911 909 913
f 915 914 916
f 915 917 914
f 914 912 916
f 918 917 919
f 918 920 917
f 917 915 919
f 921 920 922
f 921 923 920
f 920 918 922
f 923 924 925
f 923 921 924
f 966 968 967
f 966 845 968
f 845 966 844
f 846 969 968
f 846 968 845
f 973 851 974
f 973 975 851
f 973 976 975
f 851 975 850
f 851 853 974
f 859 986 987
f 859 987 858
f 989 991 990
f 989 860 991
f 986 860 989
f 986 859 860
f 861 992 991
f 861 991 860
f 862 993 992
f 862 992 861
f 863 994 993
f 863 993 862
f 866 995 994
f 866 994 863
f 867 996 995
f 867 995 866
f 868 997 996
f 868 996 867
f 869 998 997
f 869 997 868
f 870 999 998
f 870 998 869
f 871 1000 999
f 871 999 870
f 872 1001 1000
f 872 1000 871
f 873 1002 1001
f 873 1001 872
f 874 1003 1002
f 874 1002 873
f 875 1004 1003
f 875 1003 874
f 876 1005 1004
f 876 1004 875
f 877 1006 1005
f 877 1005 876
f 878 1007 1006
f 878 1006 877
f 879 1008 1007
f 879 1007 878
f 880 1009 1008
f 880 1008 879
f 881 1010 1009
f 881 1009 880
f 882 1011 1010
f 882 1010 881
f 883 1012 1011
f 883 1011 882
f 884 1013 1012
f 884 1012 883
f 885 1014 1013
f 885 1013 884
f 886 1015 1014
f 886 1014 885
f 887 1016 1015
f 887 1015 886
f 888 1017 1016
f 888 1016 887
f 889 1018 1017
f 889 1017 888
f 890 1019 1018
f 890 1018 889
f 891 1020 1019
f 891 1019 890
f 892 1021 1020
f 892 1020 891
f 893 1022 1021
f 893 1021 892
f 894 1023 1022
f 894 1022 893
f 895 1024 1023
f 895 1023 894
f 896 1025 1024
f 896 1024 895
f 897 1026 1025
f 897 1025 896
f 898 1027 1026
f 898 1026 897
f 899 1028 1027
f 899 1027 898
f 900 1029 1028
f 900 1028 899
f 901 1030 1029
f 901 1029 900
f 902 1031 1030
f 902 1030 901
f 903 1032 1031
f 903 1031 902
f 904 1033 1032
f 904 1032 903
f 905 1034 1033
f 905 1033 904
f 906 1035 1034
f 906 1034 905
f 907 1036 1035
f 907 1035 906
f 908 1037 1036
f 908 1036 907
f 911 1038 1037
f 911 1037 908
f 914 1039 1038
f 914 1038 911
f 917 1040 1039
f 917 1039 914
f 920 1041 1040
f 920 1040 917
f 923 1042 1041
f 923 1041 920
f 1043 1042 1044
f 1043 1045 1042
f 1044 923 925
f 1044 1042 923
f 1046 1045 1047
f 1046 1048 1045
f 1045 1043 1047
f 1049 1048 1050
f 1049 1051 1048
f 1048 1046 1050
f 1052 1051 1053
f 1052 1054 1051
f 1051 1049 1053
f 1055 1054 1056
f 1055 1057 1054
f 1054 1052 1056
f 1058 1057 1059
f 1058 1060 1057
f 1057 1055 1059
f 1061 1060 1062
f 1061 1063 1060
f 1060 1058 1062
f 1064 1063 1065
f 1064 1066 1063
f 1063 1061 1065
f 1067 1066 1068
f 1067 1069 1066
f 1066 1064 1068
f 1070 1069 1071
f 1070 1072 1069
f 1069 1067 1071
f 1073 1072 1074
f 1073 1075 1072
f 1072 1070 1074
f 1076 1075 1077
f 1076 1078 1075
f 1075 1073 1077
f 1079 1078 1080
f 1079 1081 1078
f 1078 1076 1080
f 1081 1082 1083
f 1081 1079 1082
f 1111 1113 1112
f 1111 968 1113
f 968 1111 967
f 969 1114 1113
f 969 1113 968
f 1115 1117 1116
f 1115 1118 1117
f 1115 1119 1118
f 1117 1121 1116
f 976 1119 1115
f 976 973 1119
f 991 1138 1139
f 991 1139 990
f 1141 1143 1142
f 1141 992 1143
f 1138 992 1141
f 1138 991 992
f 993 1144 1143
f 993 1143 992
f 994 1145 1144
f 994 1144 993
f 995 1146 1145
f 995 1145 994
f 996 1147 1146
f 996 1146 995
f 997 1148 1147
f 997 1147 996
f 998 1149 1148
f 998 1148 997
f 999 1150 1149
f 999 1149 998
f 1000 1151 1150
f 1000 1150 999
f 1001 1152 1151
f 1001 1151 1000
f 1002 1153 1152
f 1002 1152 1001
f 1003 1154 1153
f 1003 1153 1002
f 1004 1155 1154
f 1004 1154 1003
f 1005 1156 1155
f 1005 1155 1004
f 1006 1157 1156
f 1006 1156 1005
f 1007 1158 1157
f 1007 1157 1006
f 1008 1159 1158
f 1008 1158 1007
f 1009 1160 1159
f 1009 1159 1008
f 1010 1161 1160
f 1010 1160 1009
f 1011 1162 1161
f 1011 1161 1010
f 1012 1163 1162
f 1012 1162 1011
f 1013 1164 1163
f 1013 1163 1012
f 1014 1165 1164
f 1014 1164 1013
f 1015 1166 1165
f 1015 1165 1014
f 1016 1167 1166
f 1016 1166 1015
f 1017 1168 1167
f 1017 1167 1016
f 1018 1169 1168
f 1018 1168 1017
f 1019 1170 1169
f 1019 1169 1018
f 1020 1171 1170
f 1020 1170 1019
f 1021 1172 1171
f 1021 1171 1020
f 1022 1173 1172
f 1022 1172 1021
f 1023 1174 1173
f 1023 1173 1022
f 1024 1175 1174
f 1024 1174 1023
f 1025 1176 1175
f 1025 1175 1024
f 1026 1177 1176
f 1026 1176 1025
f 1027 1178 1177
f 1027 1177 1026
f 1028 1179 1178
f 1028 1178 1027
f 1029 1180 1179
f 1029 1179 1028
f 1030 1181 1180
f 1030 1180 1029
f 1031 1182 1181
f 1031 1181 1030
f 1032 1183 1182
f 1032 1182 1031
f 1033 1184 1183
f 1033 1183 1032
f 1034 1185 1184
f 1034 1184 1033
f 1035 1186 1185
f 1035 1185 1034
f 1036 1187 1186
f 1036 1186 1035
f 1037 1188 1187
f 1037 1187 1036
f 1038 1189 1188
f 1038 1188 1037
f 1039 1190 1189
f 1039 1189 1038
f 1040 1191 1190
f 1040 1190 1039
f 1041 1192 1191
f 1041 1191 1040
f 1042 1193 1192
f 1042 1192 1041
f 1045 1194 1193
f 1045 1193 1042
f 1048 1195 1194
f 1048 1194 1045
f 1051 1196 1195
f 1051 1195 1048
f 1054 1197 1196
f 1054 1196 1051
f 1057 1198 1197
f 1057 1197 1054
f 1060 1199 1198
f 1060 1198 1057
f 1063 1200 1199
f 1063 1199 1060
f 1066 1201 1200
f 1066 1200 1063
f 1069 1202 1201
f 1069 1201 1066
f 1072 1203 1202
f 1072 1202 1069
f 1075 1204 1203
f 1075 1203 1072
f 1078 1205 1204
f 1078 1204 1075
f 1081 1206 1205
f 1081 1205 1078
f 1207 1206 1208
f 1207 1209 1206
f 1208 1081 1083
f 1208 1206 1081
f 1210 1209 1211
f 1210 1212 1209
f 1209 1207 1211
f 1213 1212 1214
f 1213 1215 1212
f 1212 1210 1214
f 1216 1215 1217
f 1216 1218 1215
f 1215 1213 1217
f 1219 1218 1220
f 1219 1221 1218
f 1218 1216 1220
f 1222 1221 1223
f 1222 1224 1221
f 1221 1219 1223
f 1225 1224 1226
f 1225 1227 1224
f 1224 1222 1226
f 1228 1227 1229
f 1228 1230 1227
f 1227 1225 1229
f 1231 1230 1232
f 1231 1233 1230
f 1230 1228 1232
f 1234 1233 1235
f 1234 1236 1233
f 1233 1231 1235
f 1237 1236 1238
f 1237 1239 1236
f 1236 1234 1238
f 1240 1239 1241
f 1240 1242 1239
f 1239 1237 1241
f 1243 1242 1244
f 1243 1245 1242
f 1242 1240 1244
f 1246 1245 1247
f 1246 1248 1245
f 1245 1243 1247
f 1249 1248 1250
f 1249 1251 1248
f 1248 1246 1250
f 1252 1251 1253
f 1252 1254 1251
f 1251 1249 1253
f 1255 1254 1256
f 1255 1257 1254
f 1254 1252 1256
f 1258 1257 1259
f 1258 1260 1257
f 1257 1255 1259
f 1260 1261 1262
f 1260 1258 1261
f 1272 1274 1273
f 1272 1113 1274
f 1113 1272 1112
f 1114 1275 1274
f 1114 1274 1113
f 1117 1118 1278
f 1143 1298 1299
f 1143 1299 1142
f 1301 1303 1302
f 1301 1144 1303
f 1298 1144 1301
f 1298 1143 1144
f 1145 1304 1303
f 1145 1303 1144
f 1146 1305 1304
f 1146 1304 1145
f 1147 1306 1305
f 1147 1305 1146
f 1148 1307 1306
f 1148 1306 1147
f 1149 1308 1307
f 1149 1307 1148
f 1150 1309 1308
f 1150 1308 1149
f 1151 1310 1309
f 1151 1309 1150
f 1152 1311 1310
f 1152 1310 1151
f 1153 1312 1311
f 1153 1311 1152
f 1154 1313 1312
f 1154 1312 1153
f 1155 1314 1313
f 1155 1313 1154
f 1156 1315 1314
f 1156 1314 1155
f 1157 1316 1315
f 1157 1315 1156
f 1158 1317 1316
f 1158 1316 1157
f 1159 1318 1317
f 1159 1317 1158
f 1160 1319 1318
f 1160 1318 1159
f 1161 1320 1319
f 1161 1319 1160
f 1162 1321 1320
f 1162 1320 1161
f 1163 1322 1321
f 1163 1321 1162
f 1164 1323 1322
f 1164 1322 1163
f 1165 1324 1323
f 1165 1323 1164
f 1166 1325 1324
f 1166 1324 1165
f 1167 1326 1325
f 1167 1325 1166
f 1168 1327 1326
f 1168 1326 1167
f 1169 1328 1327
f 1169 1327 1168
f 1170 1329 1328
f 1170 1328 1169
f 1171 1330 1329
f 1171 1329 1170
f 1172 1331 1330
f 1172 1330 1171
f 1173 1332 1331
f 1173 1331 1172
f 1174 1333 1332
f 1174 1332 1173
f 1175 1334 1333
f 1175 1333 1174
f 1176 1335 1334
f 1176 1334 1175
f 1177 1336 1335
f 1177 1335 1176
f 1178 1337 1336
f 1178 1336 1177
f 1179 1338 1337
f 1179 1337 1178
f 1180 1339 1338
f 1180 1338 1179
f 1181 1340 1339
f 1181 1339 1180
f 1182 1341 1340
f 1182 1340 1181
f 1183 1342 1341
f 1183 1341 1182
f 1184 1343 1342
f 1184 1342 1183
f 1185 1344 1343
f 1185 1343 1184
f 1186 1345 1344
f 1186 1344 1185
f 1187 1346 1345
f 1187 1345 1186
f 1188 1347 1346
f 1188 1346 1187
f 1189 1348 1347
f 1189 1347 1188
f 1190 1349 1348
f 1190 1348 1189
f 1191 1350 1349
f 1191 1349 1190
f 1192 1351 1350
f 1192 1350 1191
f 1193 1352 1351
f 1193 1351 1192
f 1194 1353 1352
f 1194 1352 1193
f 1195 1354 1353
f 1195 1353 1194
f 1196 1355 1354
f 1196 1354 1195
f 1197 1356 1355
f 1197 1355 1196
f 1198 1357 1356
f 1198 1356 1197
f 1199 1358 1357
f 1199 1357 1198
f 1200 1359 1358
f 1200 1358 1199
f 1201 1360 1359
f 1201 1359 1200
f 1202 1361 1360
f 1202 1360 1201
f 1203 1362 1361
f 1203 1361 1202
f 1204 1363 1362
f 1204 1362 1203
f 1205 1364 1363
f 1205 1363 1204
f 1206 1365 1364
f 1206 1364 1205
f 1209 1366 1365
f 1209 1365 1206
f 1212 1367 1366
f 1212 1366 1209
f 1215 1368 1367
f 1215 1367 1212
f 1218 1369 1368
f 1218 1368 1215
f 1221 1370 1369
f 1221 1369 1218
f 1224 1371 1370
f 1224 1370 1221
f 1227 1372 1371
f 1227 1371 1224
f 1230 1373 1372
f 1230 1372 1227
f 1233 1374 1373
f 1233 1373 1230
f 1236 1375 1374
f 1236 1374 1233
f 1239 1376 1375
f 1239 1375 1236
f 1242 1377 1376
f 1242 1376 1239
f 1245 1378 1377
f 1245 1377 1242
f 1248 1379 1378
f 1248 1378 1245
f 1251 1380 1379
f 1251 1379 1248
f 1254 1381 1380
f 1254 1380 1251
f 1257 1382 1381
f 1257 1381 1254
f 1260 1383 1382
f 1260 1382 1257
f 1384 1383 1385
f 1384 1386 1383
f 1385 1260 1262
f 1385 1383 1260
f 1387 1386 1388
f 1387 1389 1386
f 1386 1384 1388
f 1390 1389 1391
f 1390 1392 1389
f 1389 1387 1391
f 1393 1392 1394
f 1393 1395 1392
f 1392 1390 1394
f 1396 1395 1397
f 1396 1398 1395
f 1395 1393 1397
f 1399 1398 1400
f 1399 1401 1398
f 1398 1396 1400
f 1402 1401 1403
f 1402 1404 1401
f 1401 1399 1403
f 1405 1404 1406
f 1405 1407 1404
f 1404 1402 1406
f 1408 1407 1409
f 1408 1410 1407
f 1407 1405 1409
f 1412 1274 1413
f 1412 1410 1274
f 1273 1410 1408
f 1273 1274 1410
f 1275 1414 1415
f 1413 1275 1415
f 1413 1274 1275
f 1303 1448 1449
f 1303 1449 1302
f 1304 1451 1452
f 1448 1304 1452
f 1448 1303 1304
f 1305 1454 1455
f 1451 1305 1455
f 1451 1304 1305
f 1306 1457 1458
f 1454 1306 1458
f 1454 1305 1306
f 1307 1460 1461
f 1457 1307 1461
f 1457 1306 1307
f 1308 1463 1464
f 1460 1308 1464
f 1460 1307 1308
f 1309 1466 1467
f 1463 1309 1467
f 1463 1308 1309
f 1310 1469 1470
f 1466 1310 1470
f 1466 1309 1310
f 1311 1472 1473
f 1469 1311 1473
f 1469 1310 1311
f 1312 1475 1476
f 1472 1312 1476
f 1472 1311 1312
f 1313 1478 1479
f 1475 1313 1479
f 1475 1312 1313
f 1314 1481 1482
f 1478 1314 1482
f 1478 1313 1314
f 1315 1484 1485
f 1481 1315 1485
f 1481 1314 1315
f 1316 1487 1488
f 1484 1316 1488
f 1484 1315 1316
f 1317 1490 1491
f 1487 1317 1491
f 1487 1316 1317
f 1318 1493 1494
f 1490 1318 1494
f 1490 1317 1318
f 1319 1496 1497
f 1493 1319 1497
f 1493 1318 1319
f 1320 1499 1500
f 1496 1320 1500
f 1496 1319 1320
f 1321 1502 1503
f 1499 1321 1503
f 1499 1320 1321
f 1322 1505 1506
f 1502 1322 1506
f 1502 1321 1322
f 1323 1508 1509
f 1505 1323 1509
f 1505 1322 1323
f 1324 1511 1512
f 1508 1324 1512
f 1508 1323 1324
f 1325 1514 1515
f 1511 1325 1515
f 1511 1324 1325
f 1326 1517 1518
f 1514 1326 1518
f 1514 1325 1326
f 1520 1522 1521
f 1520 1327 1522
f 1517 1327 1520
f 1517 1326 1327
f 1328 1523 1522
f 1328 1522 1327
f 1329 1524 1523
f 1329 1523 1328
f 1330 1525 1524
f 1330 1524 1329
f 1331 1526 1525
f 1331 1525 1330
f 1332 1527 1526
f 1332 1526 1331
f 1333 1528 1527
f 1333 1527 1332
f 1334 1529 1528
f 1334 1528 1333
f 1335 1530 1529
f 1335 1529 1334
f 1336 1531 1530
f 1336 1530 1335
f 1337 1532 1531
f 1337 1531 1336
f 1338 1533 1532
f 1338 1532 1337
f 1339 1534 1533
f 1339 1533 1338
f 1340 1535 1534
f 1340 1534 1339
f 1341 1536 1535
f 1341 1535 1340
f 1342 1537 1536
f 1342 1536 1341
f 1343 1538 1537
f 1343 1537 1342
f 1344 1539 1538
f 1344 1538 1343
f 1345 1540 1539
f 1345 1539 1344
f 1346 1541 1540
f 1346 1540 1345
f 1347 1542 1541
f 1347 1541 1346
f 1348 1543 1542
f 1348 1542 1347
f 1349 1544 1543
f 1349 1543 1348
f 1350 1545 1544
f 1350 1544 1349
f 1351 1546 1545
f 1351 1545 1350
f 1352 1547 1546
f 1352 1546 1351
f 1353 1548 1547
f 1353 1547 1352
f 1354 1549 1548
f 1354 1548 1353
f 1355 1550 1549
f 1355 1549 1354
f 1356 1551 1550
f 1356 1550 1355
f 1357 1552 1551
f 1357 1551 1356
f 1358 1553 1552
f 1358 1552 1357
f 1359 1554 1553
f 1359 1553 1358
f 1360 1555 1554
f 1360 1554 1359
f 1361 1556 1555
f 1361 1555 1360
f 1362 1557 1556
f 1362 1556 1361
f 1363 1558 1557
f 1363 1557 1362
f 1364 1559 1558
f 1364 1558 1363
f 1365 1560 1559
f 1365 1559 1364
f 1366 1561 1560
f 1366 1560 1365
f 1367 1562 1561
f 1367 1561 1366
f 1368 1563 1562
f 1368 1562 1367
f 1369 1564 1563
f 1369 1563 1368
f 1370 1565 1564
f 1370 1564 1369
f 1371 1566 1565
f 1371 1565 1370
f 1372 1567 1566
f 1372 1566 1371
f 1373 1568 1567
f 1373 1567 1372
f 1374 1569 1568
f 1374 1568 1373
f 1375 1570 1569
f 1375 1569 1374
f 1376 1571 1570
f 1376 1570 1375
f 1377 1572 1571
f 1377 1571 1376
f 1378 1573 1572
f 1378 1572 1377
f 1379 1574 1573
f 1379 1573 1378
f 1380 1575 1574
f 1380 1574 1379
f 1381 1576 1575
f 1381 1575 1380
f 1382 1577 1576
f 1382 1576 1381
f 1383 1578 1577
f 1383 1577 1382
f 1386 1579 1578
f 1386 1578 1383
f 1389 1580 1579
f 1389 1579 1386
f 1392 1581 1580
f 1392 1580 1389
f 1395 1582 1581
f 1395 1581 1392
f 1398 1583 1582
f 1398 1582 1395
f 1401 1584 1583
f 1401 1583 1398
f 1404 1585 1584
f 1404 1584 1401
f 1407 1586 1585
f 1407 1585 1404
f 1410 1587 1586
f 1410 1586 1407
f 1587 1588 1589
f 1588 1410 1412
f 1588 1587 1410

#List of body polygons
f 274 276 275
f 274 277 276
f 277 274 278
f 279 280 276
f 279 276 277
f 391 392 393
f 394 391 395
f 394 396 391
f 391 393 395
f 397 396 398
f 397 399 396
f 396 394 398
f 400 399 401
f 400 402 399
f 399 397 401
f 403 402 404
f 403 405 402
f 402 400 404
f 406 405 407
f 406 408 405
f 405 403 407
f 409 408 410
f 409 411 408
f 408 406 410
f 412 411 413
f 412 414 411
f 411 409 415
f 416 414 417
f 416 418 414
f 414 412 417
f 420 276 421
f 420 418 276
f 275 418 416
f 275 276 418
f 280 422 423
f 421 280 423
f 421 276 280
f 428 429 427
f 428 430 429
f 427 429 431
f 430 432 433
f 432 430 428
f 516 517 518
f 519 516 520
f 519 521 516
f 516 518 520
f 522 521 523
f 522 524 521
f 521 519 523
f 525 524 526
f 525 527 524
f 524 522 526
f 528 527 529
f 528 530 527
f 527 525 529
f 531 530 532
f 531 533 530
f 530 528 532
f 534 533 535
f 534 536 533
f 533 531 535
f 537 536 538
f 537 539 536
f 536 534 538
f 540 539 541
f 540 542 539
f 539 537 541
f 543 542 544
f 543 545 542
f 542 540 544
f 546 545 547
f 546 548 545
f 545 543 547
f 549 548 550
f 549 551 548
f 548 546 550
f 552 551 553
f 552 554 551
f 551 549 553
f 555 554 556
f 555 557 554
f 554 552 556
f 558 557 559
f 558 560 557
f 557 555 559
f 561 560 562
f 561 563 560
f 560 558 562
f 564 563 565
f 564 566 563
f 563 561 565
f 567 566 568
f 567 569 566
f 566 564 568
f 391 570 569
f 392 569 567
f 392 391 569
f 396 571 570
f 396 570 391
f 399 572 571
f 399 571 396
f 402 573 572
f 402 572 399
f 405 574 573
f 405 573 402
f 408 575 574
f 408 574 405
f 411 576 575
f 411 575 408
f 414 577 576
f 414 576 411
f 418 578 577
f 418 577 414
f 578 579 580
f 579 418 420
f 579 578 418
f 430 583 584
f 430 584 429
f 583 585 586
f 585 430 433
f 585 583 430
f 654 655 656
f 657 654 658
f 657 659 654
f 654 656 658
f 660 659 661
f 660 662 659
f 659 657 661
f 663 662 664
f 663 665 662
f 662 660 664
f 666 665 667
f 666 668 665
f 665 663 667
f 669 668 670
f 669 671 668
f 668 666 670
f 672 671 673
f 672 674 671
f 671 669 673
f 675 674 676
f 675 677 674
f 674 672 676
f 678 677 679
f 678 680 677
f 677 675 679
f 681 680 682
f 681 683 680
f 680 678 682
f 684 683 685
f 684 686 683
f 683 681 685
f 687 686 688
f 687 689 686
f 686 684 688
f 690 689 691
f 690 692 689
f 689 687 691
f 516 693 692
f 517 692 690
f 517 516 692
f 521 694 693
f 521 693 516
f 524 695 694
f 524 694 521
f 527 696 695
f 527 695 524
f 530 697 696
f 530 696 527
f 533 698 697
f 533 697 530
f 536 699 698
f 536 698 533
f 539 700 699
f 539 699 536
f 542 701 700
f 542 700 539
f 545 702 701
f 545 701 542
f 548 703 702
f 548 702 545
f 551 704 703
f 551 703 548
f 554 705 704
f 554 704 551
f 557 706 705
f 557 705 554
f 560 707 706
f 560 706 557
f 563 708 707
f 563 707 560
f 566 709 708
f 566 708 563
f 569 710 709
f 569 709 566
f 570 711 710
f 570 710 569
f 571 712 711
f 571 711 570
f 572 713 712
f 572 712 571
f 573 714 713
f 573 713 572
f 574 715 714
f 574 714 573
f 575 716 715
f 575 715 574
f 576 717 716
f 576 716 575
f 577 718 717
f 577 717 576
f 578 719 718
f 578 718 577
f 719 720 721
f 720 578 580
f 720 719 578
f 583 724 725
f 583 725 584
f 724 726 727
f 726 583 586
f 726 724 583
f 741 742 743
f 741 744 745
f 741 743 744
f 788 789 790
f 791 788 792
f 791 793 788
f 788 790 792
f 794 793 795
f 794 796 793
f 793 791 795
f 797 796 798
f 797 799 796
f 796 794 798
f 800 799 801
f 800 802 799
f 799 797 801
f 654 803 802
f 655 802 800
f 655 654 802
f 659 804 803
f 659 803 654
f 662 805 804
f 662 804 659
f 665 806 805
f 665 805 662
f 668 807 806
f 668 806 665
f 671 808 807
f 671 807 668
f 674 809 808
f 674 808 671
f 677 810 809
f 677 809 674
f 680 811 810
f 680 810 677
f 683 812 811
f 683 811 680
f 686 813 812
f 686 812 683
f 689 814 813
f 689 813 686
f 692 815 814
f 692 814 689
f 693 816 815
f 693 815 692
f 694 817 816
f 694 816 693
f 695 818 817
f 695 817 694
f 696 819 818
f 696 818 695
f 697 820 819
f 697 819 696
f 698 821 820
f 698 820 697
f 699 822 821
f 699 821 698
f 700 823 822
f 700 822 699
f 701 824 823
f 701 823 700
f 702 825 824
f 702 824 701
f 703 826 825
f 703 825 702
f 704 827 826
f 704 826 703
f 705 828 827
f 705 827 704
f 706 829 828
f 706 828 705
f 707 830 829
f 707 829 706
f 708 831 830
f 708 830 707
f 709 832 831
f 709 831 708
f 710 833 832
f 710 832 709
f 711 834 833
f 711 833 710
f 712 835 834
f 712 834 711
f 713 836 835
f 713 835 712
f 714 837 836
f 714 836 713
f 715 838 837
f 715 837 714
f 716 839 838
f 716 838 715
f 717 840 839
f 717 839 716
f 718 841 840
f 718 840 717
f 719 842 841
f 719 841 718
f 842 843 844
f 843 719 721
f 843 842 719
f 724 847 848
f 724 848 725
f 847 849 850
f 849 724 727
f 849 847 724
f 741 864 865
f 741 865 742
f 741 745 864
f 788 909 910
f 788 910 789
f 793 912 913
f 909 793 913
f 909 788 793
f 796 915 916
f 912 796 916
f 912 793 796
f 799 918 919
f 915 799 919
f 915 796 799
f 802 921 922
f 918 802 922
f 918 799 802
f 924 926 925
f 924 803 926
f 921 803 924
f 921 802 803
f 804 927 926
f 804 926 803
f 805 928 927
f 805 927 804
f 806 929 928
f 806 928 805
f 807 930 929
f 807 929 806
f 808 931 930
f 808 930 807
f 809 932 931
f 809 931 808
f 810 933 932
f 810 932 809
f 811 934 933
f 811 933 810
f 812 935 934
f 812 934 811
f 813 936 935
f 813 935 812
f 814 937 936
f 814 936 813
f 815 938 937
f 815 937 814
f 816 939 938
f 816 938 815
f 817 940 939
f 817 939 816
f 818 941 940
f 818 940 817
f 819 942 941
f 819 941 818
f 820 943 942
f 820 942 819
f 821 944 943
f 821 943 820
f 822 945 944
f 822 944 821
f 823 946 945
f 823 945 822
f 824 947 946
f 824 946 823
f 825 948 947
f 825 947 824
f 826 949 948
f 826 948 825
f 827 950 949
f 827 949 826
f 828 951 950
f 828 950 827
f 829 952 951
f 829 951 828
f 830 953 952
f 830 952 829
f 831 954 953
f 831 953 830
f 832 955 954
f 832 954 831
f 833 956 955
f 833 955 832
f 834 957 956
f 834 956 833
f 835 958 957
f 835 957 834
f 836 959 958
f 836 958 835
f 837 960 959
f 837 959 836
f 838 961 960
f 838 960 837
f 839 962 961
f 839 961 838
f 840 963 962
f 840 962 839
f 841 964 963
f 841 963 840
f 842 965 964
f 842 964 841
f 965 966 967
f 966 842 844
f 966 965 842
f 847 970 971
f 847 971 848
f 976 970 975
f 975 847 850
f 975 970 847
f 926 1043 1044
f 926 1044 925
f 927 1046 1047
f 1043 927 1047
f 1043 926 927
f 928 1049 1050
f 1046 928 1050
f 1046 927 928
f 929 1052 1053
f 1049 929 1053
f 1049 928 929
f 930 1055 1056
f 1052 930 1056
f 1052 929 930
f 931 1058 1059
f 1055 931 1059
f 1055 930 931
f 932 1061 1062
f 1058 932 1062
f 1058 931 932
f 933 1064 1065
f 1061 933 1065
f 1061 932 933
f 934 1067 1068
f 1064 934 1068
f 1064 933 934
f 935 1070 1071
f 1067 935 1071
f 1067 934 935
f 936 1073 1074
f 1070 936 1074
f 1070 935 936
f 937 1076 1077
f 1073 937 1077
f 1073 936 937
f 938 1079 1080
f 1076 938 1080
f 1076 937 938
f 1082 1084 1083
f 1082 939 1084
f 1079 939 1082
f 1079 938 939
f 940 1085 1084
f 940 1084 939
f 941 1086 1085
f 941 1085 940
f 942 1087 1086
f 942 1086 941
f 943 1088 1087
f 943 1087 942
f 944 1089 1088
f 944 1088 943
f 945 1090 1089
f 945 1089 944
f 946 1091 1090
f 946 1090 945
f 947 1092 1091
f 947 1091 946
f 948 1093 1092
f 948 1092 947
f 949 1094 1093
f 949 1093 948
f 950 1095 1094
f 950 1094 949
f 951 1096 1095
f 951 1095 950
f 952 1097 1096
f 952 1096 951
f 953 1098 1097
f 953 1097 952
f 954 1099 1098
f 954 1098 953
f 955 1100 1099
f 955 1099 954
f 956 1101 1100
f 956 1100 955
f 957 1102 1101
f 957 1101 956
f 958 1103 1102
f 958 1102 957
f 959 1104 1103
f 959 1103 958
f 960 1105 1104
f 960 1104 959
f 961 1106 1105
f 961 1105 960
f 962 1107 1106
f 962 1106 961
f 963 1108 1107
f 963 1107 962
f 964 1109 1108
f 964 1108 963
f 965 1110 1109
f 965 1109 964
f 1110 1111 1112
f 1111 965 967
f 1111 1110 965
f 970 1115 1116
f 1121 970 1116
f 1121 971 970
f 970 976 1115
f 1084 1207 1208
f 1084 1208 1083
f 1085 1210 1211
f 1207 1085 1211
f 1207 1084 1085
f 1086 1213 1214
f 1210 1086 1214
f 1210 1085 1086
f 1087 1216 1217
f 1213 1087 1217
f 1213 1086 1087
f 1088 1219 1220
f 1216 1088 1220
f 1216 1087 1088
f 1089 1222 1223
f 1219 1089 1223
f 1219 1088 1089
f 1090 1225 1226
f 1222 1090 1226
f 1222 1089 1090
f 1091 1228 1229
f 1225 1091 1229
f 1225 1090 1091
f 1092 1231 1232
f 1228 1092 1232
f 1228 1091 1092
f 1093 1234 1235
f 1231 1093 1235
f 1231 1092 1093
f 1094 1237 1238
f 1234 1094 1238
f 1234 1093 1094
f 1095 1240 1241
f 1237 1095 1241
f 1237 1094 1095
f 1096 1243 1244
f 1240 1096 1244
f 1240 1095 1096
f 1097 1246 1247
f 1243 1097 1247
f 1243 1096 1097
f 1098 1249 1250
f 1246 1098 1250
f 1246 1097 1098
f 1099 1252 1253
f 1249 1099 1253
f 1249 1098 1099
f 1100 1255 1256
f 1252 1100 1256
f 1252 1099 1100
f 1101 1258 1259
f 1255 1101 1259
f 1255 1100 1101
f 1261 1263 1262
f 1261 1102 1263
f 1258 1102 1261
f 1258 1101 1102
f 1103 1264 1263
f 1103 1263 1102
f 1104 1265 1264
f 1104 1264 1103
f 1105 1266 1265
f 1105 1265 1104
f 1106 1267 1266
f 1106 1266 1105
f 1107 1268 1267
f 1107 1267 1106
f 1108 1269 1268
f 1108 1268 1107
f 1109 1270 1269
f 1109 1269 1108
f 1110 1271 1270
f 1110 1270 1109
f 1271 1272 1273
f 1272 1110 1112
f 1272 1271 1110
f 1263 1384 1385
f 1263 1385 1262
f 1264 1387 1388
f 1384 1264 1388
f 1384 1263 1264
f 1265 1390 1391
f 1387 1265 1391
f 1387 1264 1265
f 1266 1393 1394
f 1390 1266 1394
f 1390 1265 1266
f 1267 1396 1397
f 1393 1267 1397
f 1393 1266 1267
f 1268 1399 1400
f 1396 1268 1400
f 1396 1267 1268
f 1269 1402 1403
f 1399 1269 1403
f 1399 1268 1269
f 1270 1405 1406
f 1402 1270 1406
f 1402 1269 1270
f 1271 1408 1409
f 1405 1271 1409
f 1405 1270 1271
f 1411 1412 1413
f 1271 1273 1408
f 1414 1411 1415
f 1414 1416 1411
f 1411 1413 1415
f 1588 1590 1589
f 1588 1411 1590
f 1411 1588 1412
f 1416 1591 1590
f 1416 1590 1411

#List of body lines
l 1592 1593
l 1593 1594
l 1594 1595
l 1595 1596
l 1596 1597
l 1597 1598
l 1598 1599
l 1599 1600
l 1600 1601
l 1601 1602
l 1593 1603
l 1603 1604
l 1604 1594
l 1594 1605
l 1605 1596
l 1596 1606
l 1606 1598
l 1598 1607
l 1607 1600
l 1600 1608
l 1608 1609
l 1609 1601
l 1603 1610
l 1610 1611
l 1611 1604
l 1604 1612
l 1612 1605
l 1605 1613
l 1613 1606
l 1606 1614
l 1614 1607
l 1607 1615
l 1615 1608
l 1608 1616
l 1616 1617
l 1617 1609
l 1610 1618
l 1618 1619
l 1619 1611
l 1611 1620
l 1620 1612
l 1612 1621
l 1621 1613
l 1613 1622
l 1622 1614
l 1614 1623
l 1623 1615
l 1615 1624
l 1624 1616
l 1616 1625
l 1625 1626
l 1626 1617
l 1618 1627
l 1627 1628
l 1628 1619
l 1619 1629
l 1629 1620
l 1620 1630
l 1630 1621
l 1621 1631
l 1631 1622
l 1622 1632
l 1632 1623
l 1623 1633
l 1633 1624
l 1624 1634
l 1634 1625
l 1625 1635
l 1635 1636
l 1636 1626
l 1627 1637
l 1637 1638
l 1638 1628
l 1628 1639
l 1639 1629
l 1629 1640
l 1640 1630
l 1630 1641
l 1641 1631
l 1631 1642
l 1642 1632
l 1632 1643
l 1643 1633
l 1633 1644
l 1644 1634
l 1634 1645
l 1645 1635
l 1635 1646
l 1646 1647
l 1647 1636
l 1637 1648
l 1648 1649
l 1649 1638
l 1638 1650
l 1650 1639
l 1639 1651
l 1651 1640
l 1640 1652
l 1652 1641
l 1641 1653
l 1653 1642
l 1642 1654
l 1654 1643
l 1643 1655
l 1655 1644
l 1644 1656
l 1656 1645
l 1645 1657
l 1657 1646
l 1646 1658
l 1658 1659
l 1659 1647
l 1649 1660
l 1660 1650
l 1650 1661
l 1661 1651
l 1651 1662
l 1662 1652
l 1652 1663
l 1663 1653
l 1653 1664
l 1664 1654
l 1654 1665
l 1665 1655
l 1655 1666
l 1666 1656
l 1656 1667
l 1667 1657
l 1657 1668
l 1668 1658
l 1658 1669
l 1669 1670
l 1670 1659
l 1660 1671
l 1671 1661
l 1661 1672
l 1672 1662
l 1662 1673
l 1673 1663
l 1663 1674
l 1674 1664
l 1664 1675
l 1675 1665
l 1665 1676
l 1676 1666
l 1666 1677
l 1677 1667
l 1667 1678
l 1678 1668
l 1668 1679
l 1679 1669
l 1669 1680
l 1680 1681
l 1681 1670
l 1671 1682
l 1682 1672
l 1672 1683
l 1683 1673
l 1673 1684
l 1684 1674
l 1674 1685
l 1685 1675
l 1675 1686
l 1686 1676
l 1676 1687
l 1687 1677
l 1677 1688
l 1688 1678
l 1678 1689
l 1689 1679
l 1679 1690
l 1690 1680
l 1680 1691
l 1691 1692
l 1692 1681
l 1682 1693
l 1693 1683
l 1683 1694
l 1694 1684
l 1684 1695
l 1695 1685
l 1685 1696
l 1696 1686
l 1686 1697
l 1697 1687
l 1687 1698
l 1698 1688
l 1688 1699
l 1699 1689
l 1689 1700
l 1700 1690
l 1690 1701
l 1701 1691
l 1691 1702
l 1702 1703
l 1703 1692
l 1693 1704
l 1704 1694
l 1694 1705
l 1705 1695
l 1695 1706
l 1706 1696
l 1696 1707
l 1707 1697
l 1697 1708
l 1708 1698
l 1698 1709
l 1709 1699
l 1699 1710
l 1710 1700
l 1700 1711
l 1711 1701
l 1701 1712
l 1712 1702
l 1702 1713
l 1713 1714
l 1714 1703
l 1704 1715
l 1715 1705
l 1705 1716
l 1716 1706
l 1706 1717
l 1717 1707
l 1707 1718
l 1718 1708
l 1708 1719
l 1719 1709
l 1709 1720
l 1720 1710
l 1710 1721
l 1721 1711
l 1711 1722
l 1722 1712
l 1712 1723
l 1723 1713
l 1713 1724
l 1724 1725
l 1725 1714
l 1715 1726
l 1726 1716
l 1716 1727
l 1727 1717
l 1717 1728
l 1728 1718
l 1718 1729
l 1729 1719
l 1719 1730
l 1730 1720
l 1720 1731
l 1731 1721
l 1721 1732
l 1732 1722
l 1722 1733
l 1733 1723
l 1723 1734
l 1734 1724
l 1724 1735
l 1735 1736
l 1736 1725
l 1726 1737
l 1737 1727
l 1727 1738
l 1738 1728
l 1728 1739
l 1739 1729
l 1729 1740
l 1740 1730
l 1730 1741
l 1741 1731
l 1731 1742
l 1742 1732
l 1732 1743
l 1743 1733
l 1733 1744
l 1744 1734
l 1734 1745
l 1745 1735
l 1735 1746
l 1746 1747
l 1747 1736
l 1737 1748
l 1748 1738
l 1738 1749
l 1749 1739
l 1739 1750
l 1750 1740
l 1740 1751
l 1751 1741
l 1741 1752
l 1752 1742
l 1742 1753
l 1753 1743
l 1743 1754
l 1754 1744
l 1744 1755
l 1755 1745
l 1745 1756
l 1756 1746
l 1746 1757
l 1757 1758
l 1758 1747
l 1748 1759
l 1759 1749
l 1749 1760
l 1760 1750
l 1750 1761
l 1761 1751
l 1751 1762
l 1762 1752
l 1752 1763
l 1763 1753
l 1753 1764
l 1764 1754
l 1754 1765
l 1765 1755
l 1755 1766
l 1766 1756
l 1756 1767
l 1767 1757
l 1757 1768
l 1768 1769
l 1769 1758
l 1759 1770
l 1770 1760
l 1760 1771
l 1771 1761
l 1761 1772
l 1772 1762
l 1762 1773
l 1773 1763
l 1763 1774
l 1774 1764
l 1764 1775
l 1775 1765
l 1765 1776
l 1776 1766
l 1766 1777
l 1777 1767
l 1767 1778
l 1778 1768
l 1768 1779
l 1779 1780
l 1780 1769
l 1770 1781
l 1781 1771
l 1771 1782
l 1782 1772
l 1772 1783
l 1783 1773
l 1773 1784
l 1784 1774
l 1774 1785
l 1785 1775
l 1775 1786
l 1786 1776
l 1776 1787
l 1787 1777
l 1777 1788
l 1788 1778
l 1778 1789
l 1789 1779
l 1779 1790
l 1790 1791
l 1791 1780
l 1781 1792
l 1792 1782
l 1782 1793
l 1793 1783
l 1783 1794
l 1794 1784
l 1784 1795
l 1795 1785
l 1785 1796
l 1796 1786
l 1786 1797
l 1797 1787
l 1787 1798
l 1798 1788
l 1788 1799
l 1799 1789
l 1789 1800
l 1800 1790
l 1790 1801
l 1801 1802
l 1802 1791
l 1792 1803
l 1803 1793
l 1793 1804
l 1804 1794
l 1794 1805
l 1805 1795
l 1795 1806
l 1806 1796
l 1796 1807
l 1807 1797
l 1797 1808
l 1808 1798
l 1798 1809
l 1809 1799
l 1799 1810
l 1810 1800
l 1800 1811
l 1811 1801
l 1801 1812
l 1812 1813
l 1813 1802
l 1803 1814
l 1814 1804
l 1804 1815
l 1815 1805
l 1805 1816
l 1816 1806
l 1806 1817
l 1817 1807
l 1807 1818
l 1818 1808
l 1808 1819
l 1819 1809
l 1809 1820
l 1820 1810
l 1810 1821
l 1821 1811
l 1811 1822
l 1822 1812
l 1812 1823
l 1823 1824
l 1824 1813
l 1814 1825
l 1825 1815
l 1815 1826
l 1826 1816
l 1816 1827
l 1827 1817
l 1817 1828
l 1828 1818
l 1818 1829
l 1829 1819
l 1819 1830
l 1830 1820
l 1820 1831
l 1831 1821
l 1821 1832
l 1832 1822
l 1822 1833
l 1833 1823
l 1823 1834
l 1834 1835
l 1835 1824
l 1825 1836
l 1836 1826
l 1826 1837
l 1837 1827
l 1827 1838
l 1838 1828
l 1828 1839
l 1839 1829
l 1829 1840
l 1840 1830
l 1830 1841
l 1841 1831
l 1831 1842
l 1842 1832
l 1832 1843
l 1843 1833
l 1833 1844
l 1844 1834
l 1834 1845
l 1845 1846
l 1846 1835
l 1836 1847
l 1847 1837
l 1837 1848
l 1848 1838
l 1838 1849
l 1849 1839
l 1839 1850
l 1850 1840
l 1840 1851
l 1851 1841
l 1841 1852
l 1852 1842
l 1842 1853
l 1853 1843
l 1843 1854
l 1854 1844
l 1844 1855
l 1855 1845
l 1845 1856
l 1856 1857
l 1857 1846
l 1847 1858
l 1858 1848
l 1848 1859
l 1859 1849
l 1849 1860
l 1860 1850
l 1850 1861
l 1861 1851
l 1851 1862
l 1862 1852
l 1852 1863
l 1863 1853
l 1853 1864
l 1864 1854
l 1854 1865
l 1865 1855
l 1855 1866
l 1866 1856
l 1856 1867
l 1867 1868
l 1868 1857
l 1858 1869
l 1869 1859
l 1859 1870
l 1870 1860
l 1860 1871
l 1871 1861
l 1861 1872
l 1872 1862
l 1862 1873
l 1873 1863
l 1863 1874
l 1874 1864
l 1864 1875
l 1875 1865
l 1865 1876
l 1876 1866
l 1866 1877
l 1877 1867
l 1867 1878
l 1878 1879
l 1879 1868
l 1869 1880
l 1880 1870
l 1870 1881
l 1881 1871
l 1871 1882
l 1882 1872
l 1872 1883
l 1883 1873
l 1873 1884
l 1884 1874
l 1874 1885
l 1885 1875
l 1875 1886
l 1886 1876
l 1876 1887
l 1887 1877
l 1877 1888
l 1888 1878
l 1878 1889
l 1889 1890
l 1890 1879
l 1880 1891
l 1891 1881
l 1881 1892
l 1892 1882
l 1882 1893
l 1893 1883
l 1883 1894
l 1894 1884
l 1884 1895
l 1895 1885
l 1885 1896
l 1896 1886
l 1886 1897
l 1897 1887
l 1887 1898
l 1898 1888
l 1888 1899
l 1899 1889
l 1889 1900
l 1900 1901
l 1901 1890
l 1891 1902
l 1902 1892
l 1892 1903
l 1903 1893
l 1893 1904
l 1904 1894
l 1894 1905
l 1905 1895
l 1895 1906
l 1906 1896
l 1896 1907
l 1907 1897
l 1897 1908
l 1908 1898
l 1898 1909
l 1909 1899
l 1899 1910
l 1910 1900
l 1900 1911
l 1911 1912
l 1912 1901
l 1902 1913
l 1913 1903
l 1903 1914
l 1914 1904
l 1904 1915
l 1915 1905
l 1905 1916
l 1916 1906
l 1906 1917
l 1917 1907
l 1907 1918
l 1918 1908
l 1908 1919
l 1919 1909
l 1909 1920
l 1920 1910
l 1910 1921
l 1921 1911
l 1911 1922
l 1922 1923
l 1923 1912
l 1913 1924
l 1924 1914
l 1914 1925
l 1925 1915
l 1915 1926
l 1926 1916
l 1916 1927
l 1927 1917
l 1917 1928
l 1928 1918
l 1918 1929
l 1929 1919
l 1919 1930
l 1930 1920
l 1920 1931
l 1931 1921
l 1921 1932
l 1932 1922
l 1922 1933
l 1933 1934
l 1934 1923
l 1924 1935
l 1935 1925
l 1925 1936
l 1936 1926
l 1926 1937
l 1937 1927
l 1927 1938
l 1938 1928
l 1928 1939
l 1939 1929
l 1929 1940
l 1940 1930
l 1930 1941
l 1941 1931
l 1931 1942
l 1942 1932
l 1932 1943
l 1943 1933
l 1933 1944
l 1944 1945
l 1945 1934
l 1935 1946
l 1946 1936
l 1936 1947
l 1947 1937
l 1937 1948
l 1948 1938
l 1938 1949
l 1949 1939
l 1939 1950
l 1950 1940
l 1940 1951
l 1951 1941
l 1941 1952
l 1952 1942
l 1942 1953
l 1953 1943
l 1943 1954
l 1954 1944
l 1944 1955
l 1955 1956
l 1956 1945
l 1946 1957
l 1957 1947
l 1947 1958
l 1958 1948
l 1948 1959
l 1959 1949
l 1949 1960
l 1960 1950
l 1950 1961
l 1961 1951
l 1951 1962
l 1962 1952
l 1952 1963
l 1963 1953
l 1953 1964
l 1964 1954
l 1954 1965
l 1965 1955
l 1955 1966
l 1966 1967
l 1967 1956
l 1957 1968
l 1968 1958
l 1958 1969
l 1969 1959
l 1959 1970
l 1970 1960
l 1960 1971
l 1971 1961
l 1961 1972
l 1972 1962
l 1962 1973
l 1973 1963
l 1963 1974
l 1974 1964
l 1964 1975
l 1975 1965
l 1965 1976
l 1976 1966
l 1966 1977
l 1977 1978
l 1978 1967
l 1968 1979
l 1979 1969
l 1969 1980
l 1980 1970
l 1970 1981
l 1981 1971
l 1971 1982
l 1982 1972
l 1972 1983
l 1983 1973
l 1973 1984
l 1984 1974
l 1974 1985
l 1985 1975
l 1975 1986
l 1986 1976
l 1976 1987
l 1987 1977
l 1977 1988
l 1988 1989
l 1989 1978
l 1979 1990
l 1990 1980
l 1980 1991
l 1991 1981
l 1981 1992
l 1992 1982
l 1982 1993
l 1993 1983
l 1983 1994
l 1994 1984
l 1984 1995
l 1995 1985
l 1985 1996
l 1996 1986
l 1986 1997
l 1997 1987
l 1987 1998
l 1998 1988
l 1988 1999
l 1999 2000
l 2000 1989
l 1990 2001
l 2001 1991
l 1991 2002
l 2002 1992
l 1992 2003
l 2003 1993
l 1993 2004
l 2004 1994
l 1994 2005
l 2005 1995
l 1995 2006
l 2006 1996
l 1996 2007
l 2007 1997
l 1997 2008
l 2008 1998
l 1998 2009
l 2009 1999
l 1999 2010
l 2010 2011
l 2011 2000
l 2001 2012
l 2012 2002
l 2002 2013
l 2013 2003
l 2003 2014
l 2014 2004
l 2004 2015
l 2015 2005
l 2005 2016
l 2016 2006
l 2006 2017
l 2017 2007
l 2007 2018
l 2018 2008
l 2008 2019
l 2019 2009
l 2009 2020
l 2020 2010
l 2010 2021
l 2021 2022
l 2022 2011
l 2012 2023
l 2023 2013
l 2013 2024
l 2024 2014
l 2014 2025
l 2025 2015
l 2015 2026
l 2026 2016
l 2016 2027
l 2027 2017
l 2017 2028
l 2028 2018
l 2018 2029
l 2029 2019
l 2019 2030
l 2030 2020
l 2020 2031
l 2031 2021
l 2021 2032
l 2032 2033
l 2033 2022
l 2023 2034
l 2034 2024
l 2024 2035
l 2035 2025
l 2025 2036
l 2036 2026
l 2026 2037
l 2037 2027
l 2027 2038
l 2038 2028
l 2028 2039
l 2039 2029
l 2029 2040
l 2040 2030
l 2030 2041
l 2041 2031
l 2031 2042
l 2042 2032
l 2032 2043
l 2043 2044
l 2044 2033
l 2034 2045
l 2045 2035
l 2035 2046
l 2046 2036
l 2036 2047
l 2047 2037
l 2037 2048
l 2048 2038
l 2038 2049
l 2049 2039
l 2039 2050
l 2050 2040
l 2040 2051
l 2051 2041
l 2041 2052
l 2052 2042
l 2042 2053
l 2053 2043
l 2043 2054
l 2054 2055
l 2055 2044
l 2045 2056
l 2056 2046
l 2046 2057
l 2057 2047
l 2047 2058
l 2058 2048
l 2048 2059
l 2059 2049
l 2049 2060
l 2060 2050
l 2050 2061
l 2061 2051
l 2051 2062
l 2062 2052
l 2052 2063
l 2063 2053
l 2053 2064
l 2064 2054
l 2054 2065
l 2065 2066
l 2066 2055
l 2056 2067
l 2067 2057
l 2057 2068
l 2068 2058
l 2058 2069
l 2069 2059
l 2059 2070
l 2070 2060
l 2060 2071
l 2071 2061
l 2061 2072
l 2072 2062
l 2062 2073
l 2073 2063
l 2063 2074
l 2074 2064
l 2064 2075
l 2075 2065
l 2065 2076
l 2076 2077
l 2077 2066
l 2067 2078
l 2078 2068
l 2068 2079
l 2079 2069
l 2069 2080
l 2080 2070
l 2070 2081
l 2081 2071
l 2071 2082
l 2082 2072
l 2072 2083
l 2083 2073
l 2073 2084
l 2084 2074
l 2074 2085
l 2085 2075
l 2075 2086
l 2086 2076
l 2076 2087
l 2087 2088
l 2088 2077
l 2078 2089
l 2089 2079
l 2079 2090
l 2090 2080
l 2080 2091
l 2091 2081
l 2081 2092
l 2092 2082
l 2082 2093
l 2093 2083
l 2083 2094
l 2094 2084
l 2084 2095
l 2095 2085
l 2085 2096
l 2096 2086
l 2086 2097
l 2097 2087
l 2087 2098
l 2098 2099
l 2099 2088
l 2089 2100
l 2100 2090
l 2090 2101
l 2101 2091
l 2091 2102
l 2102 2092
l 2092 2103
l 2103 2093
l 2093 2104
l 2104 2094
l 2094 2105
l 2105 2095
l 2095 2106
l 2106 2096
l 2096 2107
l 2107 2097
l 2097 2108
l 2108 2098
l 2098 2109
l 2109 2110
l 2110 2099
l 2100 2111
l 2111 2101
l 2101 2112
l 2112 2102
l 2102 2113
l 2113 2103
l 2103 2114
l 2114 2104
l 2104 2115
l 2115 2105
l 2105 2116
l 2116 2106
l 2106 2117
l 2117 2107
l 2107 2118
l 2118 2108
l 2108 2119
l 2119 2109
l 2109 2120
l 2120 2121
l 2121 2110
l 2111 2122
l 2122 2112
l 2112 2123
l 2123 2113
l 2113 2124
l 2124 2114
l 2114 2125
l 2125 2115
l 2115 2126
l 2126 2116
l 2116 2127
l 2127 2117
l 2117 2128
l 2128 2118
l 2118 2129
l 2129 2119
l 2119 2130
l 2130 2120
l 2120 2131
l 2131 2132
l 2132 2121
l 2122 2133
l 2133 2123
l 2123 2134
l 2134 2124
l 2124 2135
l 2135 2125
l 2125 2136
l 2136 2126
l 2126 2137
l 2137 2127
l 2127 2138
l 2138 2128
l 2128 2139
l 2139 2129
l 2129 2140
l 2140 2130
l 2130 2141
l 2141 2131
l 2131 2142
l 2142 2143
l 2143 2132
l 2133 2144
l 2144 2134
l 2134 2145
l 2145 2135
l 2135 2146
l 2146 2136
l 2136 2147
l 2147 2137
l 2137 2148
l 2148 2138
l 2138 2149
l 2149 2139
l 2139 2150
l 2150 2140
l 2140 2151
l 2151 2141
l 2141 2152
l 2152 2142
l 2142 2153
l 2153 2154
l 2154 2143
l 2144 2155
l 2155 2145
l 2145 2156
l 2156 2146
l 2146 2157
l 2157 2147
l 2147 2158
l 2158 2148
l 2148 2159
l 2159 2149
l 2149 2160
l 2160 2150
l 2150 2161
l 2161 2151
l 2151 2162
l 2162 2152
l 2152 2163
l 2163 2153
l 2153 2164
l 2164 2165
l 2165 2154
l 2155 2166
l 2166 2156
l 2156 2167
l 2167 2157
l 2157 2168
l 2168 2158
l 2158 2169
l 2169 2159
l 2159 2170
l 2170 2160
l 2160 2171
l 2171 2161
l 2161 2172
l 2172 2162
l 2162 2173
l 2173 2163
l 2163 2174
l 2174 2164
l 2164 2175
l 2175 2176
l 2176 2165
l 2166 2177
l 2177 2167
l 2167 2178
l 2178 2168
l 2168 2179
l 2179 2169
l 2169 2180
l 2180 2170
l 2170 2181
l 2181 2171
l 2171 2182
l 2182 2172
l 2172 2183
l 2183 2173
l 2173 2184
l 2184 2174
l 2174 2185
l 2185 2175
l 2175 2186
l 2186 2187
l 2187 2176
l 2177 2188
l 2188 2178
l 2178 2189
l 2189 2179
l 2179 2190
l 2190 2180
l 2180 2191
l 2191 2181
l 2181 2192
l 2192 2182
l 2182 2193
l 2193 2183
l 2183 2194
l 2194 2184
l 2184 2195
l 2195 2185
l 2185 2196
l 2196 2186
l 2186 2197
l 2197 2198
l 2198 2187
l 2188 2199
l 2199 2189
l 2189 2200
l 2200 2190
l 2190 2201
l 2201 2191
l 2191 2202
l 2202 2192
l 2192 2203
l 2203 2193
l 2193 2204
l 2204 2194
l 2194 2205
l 2205 2195
l 2195 2206
l 2206 2196
l 2196 2207
l 2207 2197
l 2197 2208
l 2208 2209
l 2209 2198
l 2199 2210
l 2210 2200
l 2200 2211
l 2211 2201
l 2201 2212
l 2212 2202
l 2202 2213
l 2213 2203
l 2203 2214
l 2214 2204
l 2204 2215
l 2215 2205
l 2205 2216
l 2216 2206
l 2206 2217
l 2217 2207
l 2207 2218
l 2218 2208
l 2208 2219
l 2219 2220
l 2220 2209
l 2210 2221
l 2221 2211
l 2211 2222
l 2222 2212
l 2212 2223
l 2223 2213
l 2213 2224
l 2224 2214
l 2214 2225
l 2225 2215
l 2215 2226
l 2226 2216
l 2216 2227
l 2227 2217
l 2217 2228
l 2228 2218
l 2218 2229
l 2229 2219
l 2219 2230
l 2230 2231
l 2231 2220
l 2221 2232
l 2232 2222
l 2222 2233
l 2233 2223
l 2223 2234
l 2234 2224
l 2224 2235
l 2235 2225
l 2225 2236
l 2236 2226
l 2226 2237
l 2237 2227
l 2227 2238
l 2238 2228
l 2228 2239
l 2239 2229
l 2229 2240
l 2240 2230
l 2230 2241
l 2241 2242
l 2242 2231
l 2232 2243
l 2243 2233
l 2233 2244
l 2244 2234
l 2234 2245
l 2245 2235
l 2235 2246
l 2246 2236
l 2236 2247
l 2247 2237
l 2237 2248
l 2248 2238
l 2238 2249
l 2249 2239
l 2239 2250
l 2250 2240
l 2240 2251
l 2251 2241
l 2241 2252
l 2252 2253
l 2253 2242
l 2243 2254
l 2254 2244
l 2244 2255
l 2255 2245
l 2245 2256
l 2256 2246
l 2246 2257
l 2257 2247
l 2247 2258
l 2258 2248
l 2248 2259
l 2259 2249
l 2249 2260
l 2260 2250
l 2250 2261
l 2261 2251
l 2251 2262
l 2262 2252
l 2252 2263
l 2263 2264
l 2264 2253
l 2254 2265
l 2265 2255
l 2255 2266
l 2266 2256
l 2256 2267
l 2267 2257
l 2257 2268
l 2268 2258
l 2258 2269
l 2269 2259
l 2259 2270
l 2270 2260
l 2260 2271
l 2271 2261
l 2261 2272
l 2272 2262
l 2262 2273
l 2273 2263
l 2263 2274
l 2274 2275
l 2275 2264
l 2265 2276
l 2276 2266
l 2266 2277
l 2277 2267
l 2267 2278
l 2278 2268
l 2268 2279
l 2279 2269
l 2269 2280
l 2280 2270
l 2270 2281
l 2281 2271
l 2271 2282
l 2282 2272
l 2272 2283
l 2283 2273
l 2273 2284
l 2284 2274
l 2274 2285
l 2285 2286
l 2286 2275
l 2276 2287
l 2287 2277
l 2277 2288
l 2288 2278
l 2278 2289
l 2289 2279
l 2279 2290
l 2290 2280
l 2280 2291
l 2291 2281
l 2281 2292
l 2292 2282
l 2282 2293
l 2293 2283
l 2283 2294
l 2294 2284
l 2284 2295
l 2295 2285
l 2285 2296
l 2296 2297
l 2297 2286
l 2287 2298
l 2298 2288
l 2288 2299
l 2299 2289
l 2289 2300
l 2300 2290
l 2290 2301
l 2301 2291
l 2291 2302
l 2302 2292
l 2292 2303
l 2303 2293
l 2293 2304
l 2304 2294
l 2294 2305
l 2305 2295
l 2295 2306
l 2306 2296
l 2296 2307
l 2307 2308
l 2308 2297
l 2298 2309
l 2309 2299
l 2299 2310
l 2310 2300
l 2300 2311
l 2311 2301
l 2301 2312
l 2312 2302
l 2302 2313
l 2313 2303
l 2303 2314
l 2314 2304
l 2304 2315
l 2315 2305
l 2305 2316
l 2316 2306
l 2306 2317
l 2317 2307
l 2307 2318
l 2318 2319
l 2319 2308
l 2309 2320
l 2320 2310
l 2310 2321
l 2321 2311
l 2311 2322
l 2322 2312
l 2312 2323
l 2323 2313
l 2313 2324
l 2324 2314
l 2314 2325
l 2325 2315
l 2315 2326
l 2326 2316
l 2316 2327
l 2327 2317
l 2317 2328
l 2328 2318
l 2318 2329
l 2329 2330
l 2330 2319
l 2320 2331
l 2331 2321
l 2321 2332
l 2332 2322
l 2322 2333
l 2333 2323
l 2323 2334
l 2334 2324
l 2324 2335
l 2335 2325
l 2325 2336
l 2336 2326
l 2326 2337
l 2337 2327
l 2327 2338
l 2338 2328
l 2328 2339
l 2339 2329
l 2329 2340
l 2340 2341
l 2341 2330
l 2331 2342
l 2342 2332
l 2332 2343
l 2343 2333
l 2333 2344
l 2344 2334
l 2334 2345
l 2345 2335
l 2335 2346
l 2346 2336
l 2336 2347
l 2347 2337
l 2337 2348
l 2348 2338
l 2338 2349
l 2349 2339
l 2339 2350
l 2350 2340
l 2340 2351
l 2351 2352
l 2352 2341
l 2342 2353
l 2353 2343
l 2343 2354
l 2354 2344
l 2344 2355
l 2355 2345
l 2345 2356
l 2356 2346
l 2346 2357
l 2357 2347
l 2347 2358
l 2358 2348
l 2348 2359
l 2359 2349
l 2349 2360
l 2360 2350
l 2350 2361
l 2361 2351
l 2351 2362
l 2362 2363
l 2363 2352
l 2353 2364
l 2364 2354
l 2354 2365
l 2365 2355
l 2355 2366
l 2366 2356
l 2356 2367
l 2367 2357
l 2357 2368
l 2368 2358
l 2358 2369
l 2369 2359
l 2359 2370
l 2370 2360
l 2360 2371
l 2371 2361
l 2361 2372
l 2372 2362
l 2362 2373
l 2373 2374
l 2374 2363
l 2364 2375
l 2375 2365
l 2365 2376
l 2376 2366
l 2366 2377
l 2377 2367
l 2367 2378
l 2378 2368
l 2368 2379
l 2379 2369
l 2369 2380
l 2380 2370
l 2370 2381
l 2381 2371
l 2371 2382
l 2382 2372
l 2372 2383
l 2383 2373
l 2373 2384
l 2384 2385
l 2385 2374
l 2375 2386
l 2386 2376
l 2376 2387
l 2387 2377
l 2377 2388
l 2388 2378
l 2378 2389
l 2389 2379
l 2379 2390
l 2390 2380
l 2380 2391
l 2391 2381
l 2381 2392
l 2392 2382
l 2382 2393
l 2393 2383
l 2383 2394
l 2394 2384
l 2384 2395
l 2395 2396
l 2396 2385
l 2386 2397
l 2397 2387
l 2387 2398
l 2398 2388
l 2388 2399
l 2399 2389
l 2389 2400
l 2400 2390
l 2390 2401
l 2401 2391
l 2391 2402
l 2402 2392
l 2392 2403
l 2403 2393
l 2393 2404
l 2404 2394
l 2394 2405
l 2405 2395
l 2395 2406
l 2406 2407
l 2407 2396
l 2397 2408
l 2408 2398
l 2398 2409
l 2409 2399
l 2399 2410
l 2410 2400
l 2400 2411
l 2411 2401
l 2401 2412
l 2412 2402
l 2402 2413
l 2413 2403
l 2403 2414
l 2414 2404
l 2404 2415
l 2415 2405
l 2405 2416
l 2416 2406
l 2406 2417
l 2417 2418
l 2418 2407
l 2408 2419
l 2419 2409
l 2409 2420
l 2420 2410
l 2410 2421
l 2421 2411
l 2411 2422
l 2422 2412
l 2412 2423
l 2423 2413
l 2413 2424
l 2424 2414
l 2414 2425
l 2425 2415
l 2415 2426
l 2426 2416
l 2416 2427
l 2427 2417
l 2417 2428
l 2428 2429
l 2429 2418
l 2419 2430
l 2430 2420
l 2420 2431
l 2431 2421
l 2421 2432
l 2432 2422
l 2422 2433
l 2433 2423
l 2423 2434
l 2434 2424
l 2424 2435
l 2435 2425
l 2425 2436
l 2436 2426
l 2426 2437
l 2437 2427
l 2427 2438
l 2438 2428
l 2428 2439
l 2439 2440
l 2440 2429
l 2430 2441
l 2441 2431
l 2431 2442
l 2442 2432
l 2432 2443
l 2443 2433
l 2433 2444
l 2444 2434
l 2434 2445
l 2445 2435
l 2435 2446
l 2446 2436
l 2436 2447
l 2447 2437
l 2437 2448
l 2448 2438
l 2438 2449
l 2449 2439
l 2439 2450
l 2450 2451
l 2451 2440
l 2441 2452
l 2452 2442
l 2442 2453
l 2453 2443
l 2443 2454
l 2454 2444
l 2444 2455
l 2455 2445
l 2445 2456
l 2456 2446
l 2446 2457
l 2457 2447
l 2447 2458
l 2458 2448
l 2448 2459
l 2459 2449
l 2449 2460
l 2460 2450
l 2450 2461
l 2461 2462
l 2462 2451
l 2452 2463
l 2463 2453
l 2453 2464
l 2464 2454
l 2454 2465
l 2465 2455
l 2455 2466
l 2466 2456
l 2456 2467
l 2467 2457
l 2457 2468
l 2468 2458
l 2458 2469
l 2469 2459
l 2459 2470
l 2470 2460
l 2460 2471
l 2471 2461
l 2461 2472
l 2472 2473
l 2473 2462
l 2463 2474
l 2474 2464
l 2464 2475
l 2475 2465
l 2465 2476
l 2476 2466
l 2466 2477
l 2477 2467
l 2467 2478
l 2478 2468
l 2468 2479
l 2479 2469
l 2469 2480
l 2480 2470
l 2470 2481
l 2481 2471
l 2471 2482
l 2482 2472
l 2472 2483
l 2483 2484
l 2484 2473
l 2474 2485
l 2485 2475
l 2475 2486
l 2486 2476
l 2476 2487
l 2487 2477
l 2477 2488
l 2488 2478
l 2478 2489
l 2489 2479
l 2479 2490
l 2490 2480
l 2480 2491
l 2491 2481
l 2481 2492
l 2492 2482
l 2482 2493
l 2493 2483
l 2483 2494
l 2494 2495
l 2495 2484
l 2485 2496
l 2496 2486
l 2486 2497
l 2497 2487
l 2487 2498
l 2498 2488
l 2488 2499
l 2499 2489
l 2489 2500
l 2500 2490
l 2490 2501
l 2501 2491
l 2491 2502
l 2502 2492
l 2492 2503
l 2503 2493
l 2493 2504
l 2504 2494
l 2494 2505
l 2505 2506
l 2506 2495
l 2496 2507
l 2507 2497
l 2497 2508
l 2508 2498
l 2498 2509
l 2509 2499
l 2499 2510
l 2510 2500
l 2500 2511
l 2511 2501
l 2501 2512
l 2512 2502
l 2502 2513
l 2513 2503
l 2503 2514
l 2514 2504
l 2504 2515
l 2515 2505
l 2505 2516
l 2516 2517
l 2517 2506
l 2507 2518
l 2518 2508
l 2508 2519
l 2519 2509
l 2509 2520
l 2520 2510
l 2510 2521
l 2521 2511
l 2511 2522
l 2522 2512
l 2512 2523
l 2523 2513
l 2513 2524
l 2524 2514
l 2514 2525
l 2525 2515
l 2515 2526
l 2526 2516
l 2516 2527
l 2527 2528
l 2528 2517
l 2518 2529
l 2529 2519
l 2519 2530
l 2530 2520
l 2520 2531
l 2531 2521
l 2521 2532
l 2532 2522
l 2522 2533
l 2533 2523
l 2523 2534
l 2534 2524
l 2524 2535
l 2535 2525
l 2525 2536
l 2536 2526
l 2526 2537
l 2537 2527
l 2527 2538
l 2538 2539
l 2539 2528
l 2529 2540
l 2540 2530
l 2530 2541
l 2541 2531
l 2531 2542
l 2542 2532
l 2532 2543
l 2543 2533
l 2533 2544
l 2544 2534
l 2534 2545
l 2545 2535
l 2535 2546
l 2546 2536
l 2536 2547
l 2547 2537
l 2537 2548
l 2548 2538
l 2538 2549
l 2549 2550
l 2550 2539
l 2540 2551
l 2551 2541
l 2541 2552
l 2552 2542
l 2542 2553
l 2553 2543
l 2543 2554
l 2554 2544
l 2544 2555
l 2555 2545
l 2545 2556
l 2556 2546
l 2546 2557
l 2557 2547
l 2547 2558
l 2558 2548
l 2548 2559
l 2559 2549
l 2549 2560
l 2560 2561
l 2561 2550
l 2551 2562
l 2562 2552
l 2552 2563
l 2563 2553
l 2553 2564
l 2564 2554
l 2554 2565
l 2565 2555
l 2555 2566
l 2566 2556
l 2556 2567
l 2567 2557
l 2557 2568
l 2568 2558
l 2558 2569
l 2569 2559
l 2559 2570
l 2570 2560
l 2560 2571
l 2571 2572
l 2572 2561
l 2562 2573
l 2573 2563
l 2563 2574
l 2574 2564
l 2564 2575
l 2575 2565
l 2565 2576
l 2576 2566
l 2566 2577
l 2577 2567
l 2567 2578
l 2578 2568
l 2568 2579
l 2579 2569
l 2569 2580
l 2580 2570
l 2570 2581
l 2581 2571
l 2571 2582
l 2582 2583
l 2583 2572
l 2573 2584
l 2584 2574
l 2574 2585
l 2585 2575
l 2575 2586
l 2586 2576
l 2576 2587
l 2587 2577
l 2577 2588
l 2588 2578
l 2578 2589
l 2589 2579
l 2579 2590
l 2590 2580
l 2580 2591
l 2591 2581
l 2581 2592
l 2592 2582
l 2582 2593
l 2593 2594
l 2594 2583
l 2584 2595
l 2595 2585
l 2585 2596
l 2596 2586
l 2586 2597
l 2597 2587
l 2587 2598
l 2598 2588
l 2588 2599
l 2599 2589
l 2589 2600
l 2600 2590
l 2590 2601
l 2601 2591
l 2591 2602
l 2602 2592
l 2592 2603
l 2603 2593
l 2593 2604
l 2604 2605
l 2605 2594
l 2595 2606
l 2606 2596
l 2596 2607
l 2607 2597
l 2597 2608
l 2608 2598
l 2598 2609
l 2609 2599
l 2599 2610
l 2610 2600
l 2600 2611
l 2611 2601
l 2601 2612
l 2612 2602
l 2602 2613
l 2613 2603
l 2603 2614
l 2614 2604
l 2604 2615
l 2615 2616
l 2616 2605
l 2606 2617
l 2617 2607
l 2607 2618
l 2618 2608
l 2608 2619
l 2619 2609
l 2609 2620
l 2620 2610
l 2610 2621
l 2621 2611
l 2611 2622
l 2622 2612
l 2612 2623
l 2623 2613
l 2613 2624
l 2624 2614
l 2614 2625
l 2625 2615
l 2615 2626
l 2626 2627
l 2627 2616
l 2617 2628
l 2628 2618
l 2618 2629
l 2629 2619
l 2619 2630
l 2630 2620
l 2620 2631
l 2631 2621
l 2621 2632
l 2632 2622
l 2622 2633
l 2633 2623
l 2623 2634
l 2634 2624
l 2624 2635
l 2635 2625
l 2625 2636
l 2636 2626
l 2626 2637
l 2637 2638
l 2638 2627
l 2628 2639
l 2639 2629
l 2629 2640
l 2640 2630
l 2630 2641
l 2641 2631
l 2631 2642
l 2642 2632
l 2632 2643
l 2643 2633
l 2633 2644
l 2644 2634
l 2634 2645
l 2645 2635
l 2635 2646
l 2646 2636
l 2636 2647
l 2647 2637
l 2637 2648
l 2648 2649
l 2649 2638
l 2639 2650
l 2650 2640
l 2640 2651
l 2651 2641
l 2641 2652
l 2652 2642
l 2642 2653
l 2653 2643
l 2643 2654
l 2654 2644
l 2644 2655
l 2655 2645
l 2645 2656
l 2656 2646
l 2646 2657
l 2657 2647
l 2647 2658
l 2658 2648
l 2650 2659
l 2659 2651
l 2651 2660
l 2660 2652
l 2652 2661
l 2661 2653
l 2653 2662
l 2662 2654
l 2654 2663
l 2663 2655
l 2655 2664
l 2664 2656
l 2656 2665
l 2665 2657
l 2657 2666
l 2666 2658
l 2659 2667
l 2667 2660
l 2660 2668
l 2668 2661
l 2661 2669
l 2669 2662
l 2662 2670
l 2670 2663
l 2663 2671
l 2671 2664
l 2664 2672
l 2672 2665
l 2665 2673
l 2673 2666
l 2667 2674
l 2674 2668
l 2668 2675
l 2675 2669
l 2669 2676
l 2676 2670
l 2670 2677
l 2677 2671
l 2671 2678
l 2678 2672
l 2672 2679
l 2679 2673
l 2674 2680
l 2680 2675
l 2675 2681
l 2681 2676
l 2676 2682
l 2682 2677
l 2677 2683
l 2683 2678
l 2678 2684
l 2684 2679
l 2685 2686
l 2687 2685
l 2686 2688
l 2689 2686
l 2687 2689
l 2690 2687
l 2688 2691
l 2692 2688
l 2689 2692
l 2693 2689
l 2690 2693
l 2694 2690
l 2691 2680
l 2681 2691
l 2692 2681
l 2682 2692
l 2693 2682
l 2683 2693
l 2694 2683
l 2684 2694
l 1592 2695
l 1595 1592
l 2696 1595
l 1597 2696
l 2697 1597
l 1599 2697
l 1602 1599
l 2698 1602
l 2695 2699
l 2696 2695
l 2700 2696
l 2697 2700
l 2698 2697
l 2701 2698
l 2699 2702
l 2700 2699
l 2701 2700
l 2702 2701


