#OBJ File generated by Abaqus/CAE
#List of Vertices
v 0.902919 0.100074 -0.430621
v 0.902916 0.0900678 -0.430628
v 0.912582 0.0900671 -0.434983
v 0.909876 0.100074 -0.437635
v 0.895807 0.100073 -0.423534
v 0.895805 0.09007 -0.423547
v 0.888648 0.100072 -0.416489
v 0.888645 0.0900692 -0.416501
v 0.881445 0.100072 -0.409489
v 0.881441 0.0900692 -0.4095
v 0.874197 0.100073 -0.402532
v 0.874198 0.0900663 -0.402545
v 0.866906 0.100072 -0.395618
v 0.866905 0.0900682 -0.395631
v 0.859569 0.100071 -0.388746
v 0.859568 0.0900672 -0.388758
v 0.852191 0.0900672 -0.381934
v 0.855909 0.090066 -0.385373
v 0.852188 0.0978628 -0.381921
v 0.852189 0.100072 -0.381919
v 0.844766 0.100073 -0.375138
v 0.844772 0.0900644 -0.375153
v 0.851431 0.100073 -0.381228
v 0.837304 0.100072 -0.368403
v 0.837308 0.0900666 -0.368419
v 0.83655 0.0910746 -0.367741
v 0.836628 0.0900645 -0.36781
v 0.829801 0.0900661 -0.361726
v 0.829798 0.100073 -0.361711
v 0.83519 0.100071 -0.366518
v 0.822251 0.10007 -0.355065
v 0.822254 0.0900631 -0.355078
v 0.821781 0.0906914 -0.354666
v 0.821707 0.0900657 -0.354605
v 0.814667 0.0900651 -0.348482
v 0.814662 0.10007 -0.348464
v 0.821957 0.100073 -0.354811
v 0.807031 0.10007 -0.341909
v 0.807035 0.0900648 -0.341926
v 0.80479 0.0929908 -0.340015
v 0.803773 0.0900621 -0.339155
v 0.799369 0.0900622 -0.335419
v 0.799361 0.100069 -0.335401
v 0.806668 0.100071 -0.341602
v 0.791648 0.100069 -0.328937
v 0.791658 0.0900612 -0.328957
v 0.783897 0.100071 -0.322524
v 0.783907 0.0900619 -0.322542
v 0.776105 0.10007 -0.316155
v 0.776116 0.0900606 -0.316172
v 0.768277 0.100068 -0.309835
v 0.768286 0.0900611 -0.309852
v 0.766765 0.0919947 -0.308638
v 0.765747 0.0900597 -0.307827
v 0.760419 0.0900597 -0.303578
v 0.760406 0.100068 -0.30356
v 0.767095 0.100068 -0.308892
v 0.752499 0.10007 -0.297337
v 0.752512 0.0900602 -0.297354
v 0.744554 0.100066 -0.291158
v 0.744554 0.098905 -0.29116
v 0.745307 0.0991201 -0.291746
v 0.744569 0.0900591 -0.291179
v 0.746207 0.100067 -0.292443
v 0.73657 0.100069 -0.285032
v 0.736573 0.0984219 -0.285036
v 0.738056 0.0982065 -0.286172
v 0.736585 0.09006 -0.285051
v 0.728548 0.100066 -0.27895
v 0.728565 0.0900594 -0.278972
v 0.733684 0.100068 -0.282845
v 0.720508 0.0900573 -0.272942
v 0.727119 0.09006 -0.27789
v 0.720493 0.0975064 -0.272925
v 0.720488 0.100069 -0.272923
v 0.712412 0.0900576 -0.26696
v 0.714872 0.0900581 -0.268779
v 0.712402 0.0945664 -0.266953
v 0.712393 0.100067 -0.266942
v 0.718985 0.100068 -0.271812
v 0.704281 0.0900566 -0.26103
v 0.70485 0.0900585 -0.261446
v 0.704276 0.0920048 -0.261028
v 0.704261 0.100068 -0.261014
v 0.710218 0.100066 -0.265355
v 0.69609 0.100067 -0.255132
v 0.696112 0.0900582 -0.255151
v 0.702459 0.100068 -0.259717
v 0.695701 0.0905569 -0.254859
v 0.695685 0.0900592 -0.254849
v 0.687904 0.0900586 -0.24932
v 0.687886 0.100065 -0.249303
v 0.694999 0.100065 -0.254355
v 0.687125 0.0910022 -0.24877
v 0.68705 0.0900577 -0.24872
v 0.679667 0.0900578 -0.243544
v 0.679643 0.100066 -0.243526
v 0.687399 0.100067 -0.248964
v 0.678522 0.0914365 -0.242751
v 0.678411 0.0900554 -0.242672
v 0.671389 0.0900558 -0.237814
v 0.671366 0.100066 -0.237802
v 0.679208 0.100068 -0.243227
v 0.669741 0.0920344 -0.23669
v 0.669671 0.0900586 -0.236644
v 0.663077 0.0900565 -0.232141
v 0.66305 0.100068 -0.232128
v 0.670401 0.100068 -0.237144
v 0.661009 0.0925292 -0.230752
v 0.661105 0.090057 -0.230814
v 0.65473 0.0900559 -0.226521
v 0.654703 0.100066 -0.226508
v 0.661304 0.100067 -0.230952
v 0.65187 0.0934588 -0.224624
v 0.652089 0.0900571 -0.224767
v 0.646346 0.0900579 -0.220954
v 0.646318 0.100066 -0.220941
v 0.651581 0.100068 -0.224437
v 0.642106 0.0950784 -0.218181
v 0.642051 0.0900581 -0.218141
v 0.637926 0.0900549 -0.215437
v 0.637897 0.100065 -0.215426
v 0.641791 0.100068 -0.217978
v 0.632356 0.0966301 -0.211848
v 0.631474 0.0900548 -0.21127
v 0.629475 0.0900546 -0.209979
v 0.629442 0.100066 -0.20997
v 0.632389 0.100065 -0.211872
v 0.622986 0.0976794 -0.205861
v 0.621109 0.0900567 -0.204654
v 0.620983 0.0900571 -0.204574
v 0.620953 0.100067 -0.204569
v 0.623257 0.100066 -0.206034
v 0.612429 0.100067 -0.199221
v 0.612449 0.0940488 -0.199224
v 0.613848 0.0984036 -0.200106
v 0.612461 0.0900547 -0.199224
v 0.614208 0.100066 -0.200335
v 0.61155 0.0911175 -0.198662
v 0.61112 0.0900547 -0.198396
v 0.603905 0.090055 -0.193933
v 0.603878 0.0975947 -0.19393
v 0.604559 0.099264 -0.194352
v 0.603872 0.100066 -0.19393
v 0.604804 0.100067 -0.194507
v 0.601948 0.0923267 -0.192744
v 0.600784 0.0900575 -0.192033
v 0.595313 0.0900544 -0.188695
v 0.595279 0.0996376 -0.188693
v 0.595416 0.0999052 -0.188777
v 0.595276 0.100068 -0.188694
v 0.595476 0.100066 -0.188814
v 0.592485 0.0933242 -0.187006
v 0.590524 0.0900563 -0.185822
v 0.586688 0.0900567 -0.183519
v 0.58665 0.100069 -0.183518
v 0.583247 0.0940186 -0.181494
v 0.580582 0.0900538 -0.179906
v 0.57803 0.0900544 -0.178398
v 0.577995 0.100065 -0.178399
v 0.586463 0.100066 -0.183405
v 0.574144 0.0945125 -0.176147
v 0.570829 0.0900545 -0.174204
v 0.569339 0.0900551 -0.173337
v 0.5693 0.100068 -0.17334
v 0.577517 0.100065 -0.178121
v 0.565121 0.0948751 -0.170931
v 0.561194 0.0900552 -0.168665
v 0.560616 0.0900551 -0.168335
v 0.560575 0.100067 -0.168337
v 0.568624 0.100067 -0.172951
v 0.551816 0.100066 -0.163394
v 0.551855 0.0902566 -0.163389
v 0.556157 0.095128 -0.16583
v 0.551856 0.0900546 -0.163388
v 0.559808 0.100066 -0.167903
v 0.551773 0.0901515 -0.163344
v 0.551681 0.090056 -0.163293
v 0.543066 0.0900535 -0.158504
v 0.543064 0.0908972 -0.158508
v 0.547238 0.0952911 -0.160838
v 0.543026 0.100067 -0.158514
v 0.551073 0.100066 -0.162981
v 0.542697 0.0904742 -0.158306
v 0.54227 0.0900557 -0.15807
v 0.534243 0.090056 -0.153682
v 0.534238 0.0913415 -0.153682
v 0.538348 0.0953845 -0.155943
v 0.534203 0.100065 -0.15369
v 0.542412 0.100066 -0.158177
v 0.533658 0.0907172 -0.153371
v 0.532939 0.0900568 -0.152981
v 0.525391 0.0900542 -0.14892
v 0.525385 0.0916413 -0.148922
v 0.529475 0.0954197 -0.151134
v 0.525346 0.100067 -0.148929
v 0.533802 0.100067 -0.153476
v 0.52464 0.0908961 -0.148526
v 0.523673 0.0900541 -0.148011
v 0.516505 0.0900562 -0.144221
v 0.516495 0.0918402 -0.144222
v 0.520613 0.0954111 -0.146412
v 0.516463 0.0998201 -0.144233
v 0.516584 0.0999286 -0.144297
v 0.51646 0.100068 -0.144232
v 0.516727 0.100066 -0.144372
v 0.525244 0.100066 -0.148875
v 0.515635 0.0910257 -0.143771
v 0.514451 0.0900532 -0.143151
v 0.507588 0.0900543 -0.139581
v 0.507579 0.0919615 -0.139582
v 0.51175 0.095369 -0.141767
v 0.507545 0.0994581 -0.139596
v 0.507859 0.0997114 -0.139756
v 0.507542 0.100069 -0.139596
v 0.508236 0.100068 -0.139957
v 0.506631 0.0911207 -0.139097
v 0.505248 0.0900555 -0.138386
v 0.498639 0.0900563 -0.135007
v 0.498631 0.0920349 -0.135008
v 0.502872 0.0953033 -0.13719
v 0.498597 0.0990907 -0.13502
v 0.499117 0.0994853 -0.135286
v 0.498595 0.100067 -0.135023
v 0.499769 0.100066 -0.135621
v 0.497619 0.0911871 -0.134498
v 0.496066 0.090057 -0.133714
v 0.489662 0.0900546 -0.130494
v 0.489653 0.0920562 -0.130498
v 0.493986 0.095219 -0.132689
v 0.489621 0.0987178 -0.13051
v 0.490349 0.0992509 -0.130876
v 0.489613 0.100069 -0.130511
v 0.491324 0.100068 -0.13137
v 0.488604 0.0912245 -0.129977
v 0.486923 0.0900569 -0.129144
v 0.480653 0.0900532 -0.126045
v 0.480643 0.0920263 -0.126049
v 0.485081 0.0951169 -0.128252
v 0.480612 0.0983501 -0.126062
v 0.481561 0.0990094 -0.126531
v 0.480605 0.100067 -0.126064
v 0.482895 0.100068 -0.127194
v 0.479585 0.0912294 -0.125531
v 0.477824 0.0900535 -0.124672
v 0.471612 0.0900563 -0.121661
v 0.471602 0.0919561 -0.121663
v 0.476162 0.0950014 -0.123889
v 0.471576 0.0979901 -0.121677
v 0.472743 0.09877 -0.122248
v 0.471565 0.100066 -0.12168
v 0.474465 0.100068 -0.123088
v 0.47056 0.0912104 -0.121165
v 0.468759 0.0900534 -0.120299
v 0.462543 0.0900562 -0.117342
v 0.462535 0.0918701 -0.117346
v 0.467223 0.0948738 -0.11959
v 0.462505 0.0976579 -0.117357
v 0.463883 0.0985418 -0.118017
v 0.462496 0.100066 -0.117363
v 0.466016 0.100067 -0.119038
v 0.461517 0.0911786 -0.116867
v 0.459677 0.0900562 -0.116001
v 0.453442 0.0900568 -0.113086
v 0.453436 0.0918191 -0.113092
v 0.458249 0.0947561 -0.115357
v 0.453408 0.0973733 -0.113105
v 0.454982 0.0983306 -0.113844
v 0.453394 0.100067 -0.113108
v 0.457528 0.100067 -0.115042
v 0.452431 0.0911624 -0.112628
v 0.450517 0.090055 -0.111743
v 0.444316 0.0900545 -0.108897
v 0.444308 0.091799 -0.108904
v 0.449232 0.0946503 -0.111176
v 0.444282 0.0971193 -0.108917
v 0.446036 0.0981353 -0.109725
v 0.444265 0.100069 -0.108923
v 0.448998 0.100069 -0.111094
v 0.443299 0.0911618 -0.108445
v 0.441302 0.0900535 -0.10754
v 0.43516 0.0900534 -0.104774
v 0.435151 0.0917531 -0.104779
v 0.440186 0.0945465 -0.107061
v 0.435124 0.0968487 -0.104794
v 0.437076 0.0979287 -0.105677
v 0.435108 0.100068 -0.104802
v 0.440483 0.100066 -0.107221
v 0.434151 0.0911481 -0.104335
v 0.432112 0.0900553 -0.10343
v 0.425977 0.0900537 -0.10072
v 0.425969 0.0916615 -0.100726
v 0.431126 0.0944264 -0.103015
v 0.425942 0.0965512 -0.100741
v 0.428102 0.0977062 -0.101698
v 0.425924 0.100068 -0.100749
v 0.432005 0.100069 -0.103434
v 0.425004 0.0911036 -0.100304
v 0.42298 0.0900548 -0.0994228
v 0.416762 0.0900556 -0.0967323
v 0.416753 0.0915473 -0.0967375
v 0.422052 0.0942939 -0.0990443
v 0.41673 0.0962513 -0.0967502
v 0.419103 0.0974819 -0.0977848
v 0.416713 0.100067 -0.096764
v 0.42356 0.100067 -0.0997254
v 0.415848 0.0910423 -0.0963513
v 0.41388 0.0900545 -0.0955096
v 0.40752 0.0900552 -0.0928111
v 0.407516 0.0914265 -0.0928174
v 0.412958 0.0941549 -0.0951417
v 0.40749 0.0959749 -0.092832
v 0.41007 0.0972655 -0.0939327
v 0.40747 0.100067 -0.0928439
v 0.415107 0.100071 -0.0960855
v 0.406667 0.0909745 -0.0924631
v 0.404764 0.0900552 -0.0916673
v 0.398254 0.0900568 -0.088962
v 0.398245 0.0913237 -0.088964
v 0.403833 0.094019 -0.0913028
v 0.398225 0.0957203 -0.0889793
v 0.401002 0.0970617 -0.0901431
v 0.398201 0.100069 -0.0889958
v 0.406623 0.10007 -0.0924957
v 0.397453 0.0909138 -0.0886409
v 0.395608 0.0900563 -0.0878852
v 0.388959 0.0900565 -0.0851795
v 0.388954 0.0912319 -0.0851829
v 0.394673 0.0938912 -0.0875254
v 0.388928 0.0954952 -0.0851968
v 0.391893 0.0968707 -0.0864125
v 0.388906 0.0997558 -0.0852132
v 0.389112 0.0998483 -0.0852966
v 0.388905 0.10007 -0.0852141
v 0.389537 0.100071 -0.0854728
v 0.398096 0.10007 -0.0889525
v 0.388203 0.0908608 -0.0848807
v 0.38641 0.0900572 -0.0841639
v 0.379637 0.0900547 -0.0814633
v 0.379629 0.0911529 -0.0814679
v 0.385475 0.0937753 -0.0838116
v 0.37961 0.0952808 -0.0814862
v 0.382749 0.0966881 -0.0827429
v 0.379588 0.0994106 -0.0815021
v 0.380019 0.0996032 -0.0816732
v 0.379583 0.100069 -0.0815021
v 0.380958 0.10007 -0.0820518
v 0.378928 0.0908109 -0.0811916
v 0.377184 0.0900564 -0.0805093
v 0.370291 0.0900554 -0.0778224
v 0.370283 0.0910732 -0.077825
v 0.376248 0.0936631 -0.0801646
v 0.370264 0.0950762 -0.0778418
v 0.373575 0.0965138 -0.0791413
v 0.37024 0.0990813 -0.0778565
v 0.370898 0.0993668 -0.0781171
v 0.370235 0.100071 -0.0778617
v 0.372358 0.10007 -0.0786884
v 0.369622 0.0907638 -0.0775703
v 0.367935 0.0900558 -0.0769233
v 0.360916 0.090055 -0.0742477
v 0.360911 0.0909973 -0.0742525
v 0.366996 0.0935546 -0.076588
v 0.360889 0.0948856 -0.0742689
v 0.364367 0.0963478 -0.0756045
v 0.360868 0.0987722 -0.0742849
v 0.361742 0.0991356 -0.0746195
v 0.360861 0.100071 -0.0742908
v 0.363742 0.100069 -0.0753864
v 0.360291 0.090716 -0.0740183
v 0.358666 0.0900552 -0.0734095
v 0.351519 0.0900536 -0.0707459
v 0.351512 0.0909257 -0.07075
v 0.357711 0.0934499 -0.0730748
v 0.351494 0.0947014 -0.0707668
v 0.355131 0.0961865 -0.0721338
v 0.351471 0.0984799 -0.0707819
v 0.352551 0.0989176 -0.0711876
v 0.351464 0.100071 -0.0707928
v 0.355101 0.10007 -0.0721452
v 0.350934 0.0906716 -0.0705372
v 0.349373 0.0900543 -0.0699648
v 0.342093 0.0900555 -0.0673156
v 0.342087 0.0908589 -0.0673171
v 0.348398 0.0933534 -0.0696339
v 0.34207 0.094532 -0.0673359
v 0.345862 0.0960299 -0.0687256
v 0.342048 0.0982082 -0.0673532
v 0.343324 0.0987131 -0.0678216
v 0.342038 0.100071 -0.0673606
v 0.346438 0.100071 -0.0689629
v 0.341549 0.090631 -0.0671269
v 0.340049 0.0900568 -0.0665884
v 0.332645 0.090057 -0.0639581
v 0.332641 0.0907973 -0.0639605
v 0.339056 0.0932573 -0.0662577
v 0.332623 0.0943737 -0.0639777
v 0.33656 0.0958864 -0.0653873
v 0.332603 0.0979534 -0.0639968
v 0.334068 0.0985142 -0.0645207
v 0.332591 0.100069 -0.0640044
v 0.337747 0.100069 -0.0658365
v 0.332134 0.0905905 -0.0637819
v 0.330699 0.0900541 -0.0632802
v 0.323171 0.0900542 -0.0606677
v 0.323168 0.0907458 -0.0606748
v 0.329682 0.0931699 -0.06295
v 0.323149 0.094227 -0.0606882
v 0.327231 0.0957482 -0.0621184
v 0.32313 0.0977158 -0.0607093
v 0.324778 0.0983252 -0.0612836
v 0.323119 0.100072 -0.0607228
v 0.329026 0.10007 -0.0627686
v 0.322695 0.0905546 -0.0605107
v 0.32131 0.0900573 -0.0600403
v 0.313675 0.0900555 -0.0574555
v 0.313673 0.0906969 -0.0574591
v 0.32028 0.0930876 -0.0597121
v 0.313653 0.0940965 -0.0574765
v 0.317866 0.0956196 -0.0589137
v 0.313633 0.0974959 -0.0574941
v 0.315454 0.0981504 -0.0581157
v 0.31362 0.100071 -0.0575082
v 0.320274 0.100072 -0.0597595
v 0.313225 0.0905274 -0.057312
v 0.311885 0.0900538 -0.0568633
v 0.304154 0.0900571 -0.0543158
v 0.30415 0.090663 -0.0543193
v 0.310848 0.0930146 -0.0565461
v 0.304133 0.0939782 -0.054337
v 0.308472 0.0955007 -0.0557804
v 0.304115 0.0972934 -0.054355
v 0.306094 0.0979857 -0.0550115
v 0.304101 0.100071 -0.0543695
v 0.311487 0.10007 -0.0568045
v 0.303728 0.0905014 -0.0541815
v 0.302417 0.0900551 -0.0537559
v 0.294614 0.0900552 -0.0512501
v 0.294611 0.0906327 -0.0512526
v 0.301384 0.0929471 -0.0534463
v 0.294592 0.0938728 -0.051273
v 0.299044 0.0953919 -0.0527149
v 0.294573 0.0971092 -0.0512883
v 0.296702 0.0978357 -0.0519801
v 0.29456 0.10007 -0.0513066
v 0.302667 0.100069 -0.0539091
v 0.2942 0.0904847 -0.0511233
v 0.292903 0.0900561 -0.0507137
v 0.285048 0.0900541 -0.0482569
v 0.285044 0.0906189 -0.0482609
v 0.291893 0.0928895 -0.0504219
v 0.285028 0.0937809 -0.0482807
v 0.289585 0.0952893 -0.049715
v 0.28501 0.0969434 -0.0482975
v 0.287276 0.0976923 -0.0490105
v 0.284993 0.100071 -0.048316
v 0.293801 0.100072 -0.0510698
v 0.28464 0.0904779 -0.0481372
v 0.283335 0.0900549 -0.0477349
v 0.275461 0.0900541 -0.0453396
v 0.275458 0.0906145 -0.0453433
v 0.282367 0.0928422 -0.0474654
v 0.275439 0.0937076 -0.0453616
v 0.280091 0.0952056 -0.0467904
v 0.275426 0.0967973 -0.0453819
v 0.277817 0.0975682 -0.0461155
v 0.275409 0.0998876 -0.0453993
v 0.275541 0.0999339 -0.0454428
v 0.275407 0.100069 -0.0453992
v 0.275935 0.100071 -0.0455621
v 0.284897 0.100071 -0.0482862
v 0.275051 0.0904774 -0.045221
v 0.273703 0.090058 -0.0448219
v 0.265851 0.0900555 -0.0424982
v 0.265847 0.0906285 -0.0424996
v 0.272807 0.0928055 -0.0445771
v 0.265832 0.0936535 -0.0425224
v 0.270565 0.0951288 -0.0439313
v 0.265816 0.0966752 -0.0425402
v 0.268319 0.0974554 -0.0432842
v 0.2658 0.0996976 -0.0425587
v 0.266076 0.0997852 -0.0426428
v 0.265799 0.100073 -0.0425636
v 0.266914 0.100072 -0.0428903
v 0.265431 0.0904915 -0.0423822
v 0.263993 0.0900584 -0.0419648
v 0.256219 0.0900585 -0.0397326
v 0.256217 0.0906619 -0.0397365
v 0.263215 0.0927799 -0.0417602
v 0.256201 0.0936197 -0.0397554
v 0.261001 0.0950716 -0.0411438
v 0.256186 0.0965744 -0.039773
v 0.258788 0.0973626 -0.0405276
v 0.25617 0.099534 -0.0397933
v 0.256572 0.0996528 -0.039908
v 0.256169 0.10007 -0.0397961
v 0.257829 0.10007 -0.0402738
v 0.255775 0.0905167 -0.0396118
v 0.2542 0.0900577 -0.0391679
v 0.246572 0.0900554 -0.0370424
v 0.246566 0.0907121 -0.0370438
v 0.253587 0.0927738 -0.0390188
v 0.246549 0.0936073 -0.0370637
v 0.251402 0.0950302 -0.0384294
v 0.246539 0.0964994 -0.0370857
v 0.249215 0.0972859 -0.0378367
v 0.246522 0.0993967 -0.037107
v 0.247027 0.0995449 -0.0372461
v 0.246517 0.100074 -0.03711
v 0.248664 0.100072 -0.0377069
v 0.24608 0.0905616 -0.0369135
v 0.2443 0.0900589 -0.0364295
v 0.236899 0.0900586 -0.0344301
v 0.236894 0.0907932 -0.0344336
v 0.243919 0.0927879 -0.0363491
v 0.23688 0.0936268 -0.034453
v 0.24176 0.0950134 -0.0357848
v 0.236865 0.0964615 -0.0344733
v 0.239603 0.0972342 -0.0352186
v 0.236852 0.0992933 -0.0344923
v 0.237439 0.0994625 -0.0346531
v 0.236849 0.100071 -0.034499
v 0.239398 0.100072 -0.0351855
v 0.236343 0.0906268 -0.0342872
v 0.234263 0.0900593 -0.0337402
v 0.22721 0.0900562 -0.0318932
v 0.227205 0.0909035 -0.0318985
v 0.234208 0.0928225 -0.0337476
v 0.22719 0.0936795 -0.0319192
v 0.232076 0.0950134 -0.0332061
v 0.227176 0.0964528 -0.0319388
v 0.229942 0.0972078 -0.0326667
v 0.227162 0.0992273 -0.0319592
v 0.227809 0.0994015 -0.0321275
v 0.227158 0.100071 -0.0319637
v 0.230025 0.100072 -0.0327133
v 0.226565 0.0907172 -0.0317347
v 0.224049 0.0900574 -0.0310913
v 0.217498 0.0900566 -0.0294322
v 0.217494 0.0910531 -0.0294413
v 0.22445 0.0928867 -0.031218
v 0.21748 0.0937727 -0.0294621
v 0.222341 0.0950515 -0.0307029
v 0.217467 0.0964895 -0.0294817
v 0.220233 0.0972158 -0.0301879
v 0.217454 0.0992078 -0.0295023
v 0.21812 0.0993836 -0.0296715
v 0.217448 0.100071 -0.0295057
v 0.220495 0.100072 -0.0302779
v 0.216733 0.0908413 -0.029253
v 0.21361 0.0900568 -0.0284813
v 0.207768 0.0900602 -0.0270542
v 0.207764 0.0912545 -0.027063
v 0.214644 0.0929809 -0.0287603
v 0.20775 0.0939171 -0.0270838
v 0.212555 0.09512 -0.0282678
v 0.207737 0.0965772 -0.0271036
v 0.210465 0.0972626 -0.0277775
v 0.207724 0.0992388 -0.0271244
v 0.208378 0.0994005 -0.0272852
v 0.207721 0.100073 -0.0271305
v 0.210788 0.100073 -0.0278796
v 0.20684 0.0910086 -0.0268419
v 0.20285 0.0900601 -0.0258925
v 0.198022 0.090059 -0.0247517
v 0.198016 0.0915155 -0.0247629
v 0.204769 0.093127 -0.0263735
v 0.198003 0.0941223 -0.0247824
v 0.202696 0.0952448 -0.0259016
v 0.19799 0.0967308 -0.024803
v 0.200627 0.0973621 -0.0254334
v 0.197978 0.0993368 -0.0248226
v 0.198555 0.0994789 -0.0249617
v 0.197972 0.100075 -0.024829
v 0.200808 0.100074 -0.0254975
v 0.196877 0.0912281 -0.024502
v 0.19164 0.0900587 -0.0232985
v 0.188257 0.0900574 -0.0225268
v 0.18825 0.0918538 -0.0225431
v 0.194823 0.0933255 -0.024054
v 0.188236 0.094408 -0.0225638
v 0.192771 0.0954182 -0.023604
v 0.188223 0.0969599 -0.0225837
v 0.190717 0.0975146 -0.0231561
v 0.188212 0.0995094 -0.0226025
v 0.188664 0.0996104 -0.0227084
v 0.188209 0.100072 -0.0226065
v 0.190504 0.100071 -0.0231277
v 0.186822 0.091522 -0.0222283
v 0.179761 0.0900607 -0.0206673
v 0.178474 0.09006 -0.0203851
v 0.178464 0.0922934 -0.0204025
v 0.184778 0.0936031 -0.0217986
v 0.178454 0.0947965 -0.0204263
v 0.182739 0.0956837 -0.0213726
v 0.178441 0.0972974 -0.0204457
v 0.180696 0.0977638 -0.0209431
v 0.17843 0.099796 -0.0204641
v 0.178654 0.0998434 -0.0205137
v 0.178428 0.100074 -0.020467
v 0.179642 0.100073 -0.0207316
v 0.16863 0.100072 -0.0184029
v 0.168642 0.0977496 -0.0183866
v 0.170562 0.0981102 -0.0187947
v 0.172596 0.0960418 -0.0192042
v 0.16865 0.0953054 -0.0183652
v 0.174626 0.0939731 -0.01961
v 0.168663 0.0928591 -0.0183465
v 0.176659 0.0919081 -0.0200216
v 0.168674 0.0904106 -0.0183234
v 0.168678 0.0900587 -0.0183227
v 0.168385 0.0903553 -0.0182649
v 0.16658 0.0900607 -0.0178988
v 0.158862 0.090058 -0.016338
v 0.158856 0.091186 -0.0163472
v 0.166352 0.0924222 -0.0178753
v 0.158846 0.0935885 -0.0163701
v 0.164315 0.0944886 -0.0174821
v 0.158833 0.095989 -0.0163885
v 0.16228 0.0965546 -0.017089
v 0.158824 0.0983875 -0.0164097
v 0.160248 0.0986202 -0.0166995
v 0.158817 0.100075 -0.0164256
v 0.167979 0.100074 -0.0182729
v 0.157904 0.0910305 -0.0161626
v 0.150853 0.0900605 -0.0147907
v 0.149031 0.0900582 -0.0144349
v 0.149021 0.0921601 -0.0144559
v 0.155863 0.0931033 -0.0157895
v 0.149013 0.094507 -0.0144753
v 0.15382 0.0951715 -0.0154109
v 0.148998 0.0968602 -0.0144943
v 0.151779 0.0972435 -0.015038
v 0.14899 0.0992073 -0.0145142
v 0.149737 0.0993109 -0.0146594
v 0.148987 0.100075 -0.0145238
v 0.154427 0.100072 -0.0155753
v 0.13914 0.100076 -0.0127035
v 0.139149 0.0980222 -0.0126829
v 0.140972 0.0982192 -0.0130226
v 0.143043 0.0961233 -0.0133862
v 0.139162 0.0957024 -0.0126645
v 0.145113 0.0940269 -0.0137499
v 0.13917 0.0933848 -0.0126438
v 0.147185 0.0919302 -0.0141136
v 0.139183 0.0910653 -0.012626
v 0.139186 0.0900597 -0.0126169
v 0.129283 0.100075 -0.010966
v 0.129283 0.0994788 -0.0109587
v 0.129829 0.0995201 -0.0110555
v 0.131939 0.0973871 -0.0114076
v 0.129294 0.0971873 -0.0109402
v 0.134049 0.0952537 -0.0117597
v 0.129306 0.0948939 -0.0109209
v 0.136159 0.09312 -0.0121118
v 0.129313 0.0926028 -0.0108994
v 0.13827 0.0909858 -0.012464
v 0.129322 0.0903099 -0.0108771
v 0.129324 0.0900586 -0.010875
v 0.136108 0.100076 -0.0121685
v 0.129084 0.0903009 -0.0108376
v 0.123567 0.0900605 -0.00991046
v 0.119449 0.0900594 -0.00921855
v 0.119441 0.0921889 -0.00923632
v 0.126891 0.0925166 -0.0104905
v 0.119431 0.0945052 -0.00926088
v 0.124695 0.0947361 -0.0101455
v 0.119421 0.0968153 -0.00927899
v 0.122502 0.0969509 -0.00979851
v 0.11941 0.0991278 -0.00929841
v 0.120306 0.0991654 -0.00944792
v 0.119408 0.100076 -0.00931016
v 0.10952 0.100076 -0.00773379
v 0.109524 0.0991257 -0.00772494
v 0.110441 0.0991482 -0.00787263
v 0.112738 0.0968305 -0.00821533
v 0.109535 0.0967505 -0.00770505
v 0.115035 0.0945123 -0.00855806
v 0.109542 0.0943775 -0.00768283
v 0.117332 0.0921937 -0.00890084
v 0.109553 0.0920026 -0.00766343
v 0.109563 0.0900583 -0.00764566
v 0.0996211 0.100074 -0.00624062
v 0.0996214 0.0996249 -0.00623672
v 0.100052 0.0996395 -0.00630144
v 0.102545 0.0971306 -0.00665568
v 0.0996327 0.0970317 -0.00621424
v 0.105034 0.0946212 -0.00700634
v 0.0996434 0.0944402 -0.00619289
v 0.107524 0.0921113 -0.00735702
v 0.0996519 0.0918464 -0.00616698
v 0.0996608 0.0900601 -0.00615464
v 0.0897097 0.100077 -0.00483267
v 0.0897107 0.0999388 -0.00483204
v 0.0898287 0.0999581 -0.00484964
v 0.092494 0.0972757 -0.00520408
v 0.0897229 0.0968441 -0.00480502
v 0.0951562 0.0945928 -0.00555491
v 0.089735 0.0937503 -0.00477878
v 0.0978225 0.0919094 -0.00590943
v 0.0897456 0.0906531 -0.00474753
v 0.0897466 0.0900567 -0.0047415
v 0.0891821 0.0906272 -0.00467406
v 0.0882774 0.090058 -0.00454726
v 0.0806568 0.0900562 -0.00352798
v 0.0862444 0.0935805 -0.00430852
v 0.0798224 0.0900563 -0.00341849
v 0.0798065 0.0943213 -0.00345626
v 0.083313 0.096529 -0.00394461
v 0.0797896 0.0991116 -0.00349924
v 0.0803764 0.0994811 -0.00357919
v 0.0797829 0.100078 -0.00350524
v 0.077351 0.0925385 -0.00313101
v 0.0770731 0.090059 -0.00307729
v 0.0739833 0.0900574 -0.00268793
v 0.0745756 0.0953271 -0.00280944
v 0.0708981 0.090057 -0.00230437
v 0.0717987 0.0981195 -0.00248999
v 0.069884 0.0900556 -0.00217579
v 0.0698495 0.100079 -0.00226481
v 0.0744994 0.100078 -0.0028443
v 0.0599329 0.0900592 -0.00101933
v 0.0616305 0.090057 -0.00121695
v 0.0599171 0.0956167 -0.00106626
v 0.059904 0.100076 -0.00110248
v 0.0604896 0.099489 -0.00116678
v 0.0633961 0.0900573 -0.0014218
v 0.0630483 0.0969176 -0.00143953
v 0.0651647 0.090058 -0.00162981
v 0.0656053 0.0943501 -0.00171444
v 0.0669286 0.090059 -0.0018337
v 0.0681663 0.0917822 -0.00199304
v 0.0686974 0.0900562 -0.00203861
v 0.0605485 0.100079 -0.00117662
v 0.0633726 0.100077 -0.00150783
v 0.0661908 0.100076 -0.00183414
v 0.0690104 0.100076 -0.00216283
v 0.0499765 0.0900587 5.08786e-05
v 0.0501245 0.0900555 3.68405e-05
v 0.0499746 0.0903989 5.13624e-05
v 0.0499691 0.0926859 2.91212e-05
v 0.0511003 0.0900585 -6.99505e-05
v 0.0499631 0.0949669 1.34267e-05
v 0.0520779 0.0900574 -0.000174463
v 0.0499525 0.0972503 -5.72562e-09
v 0.0530554 0.0900564 -0.000278796
v 0.0499446 0.0995361 -1.85401e-05
v 0.0540304 0.0900598 -0.00038513
v 0.0499424 0.100079 -2.232e-05
v 0.0512586 0.0987609 -0.00015548
v 0.0550072 0.090059 -0.000489213
v 0.0529784 0.0970357 -0.000326995
v 0.0559875 0.0900584 -0.000596775
v 0.0547005 0.0953061 -0.00049635
v 0.0569639 0.0900579 -0.000700554
v 0.0564207 0.0935807 -0.000667843
v 0.0579399 0.0900575 -0.000804156
v 0.0581447 0.091855 -0.000843058
v 0.0589195 0.0900572 -0.000911287
v 0.0598652 0.0901293 -0.00101458
v 0.059895 0.090057 -0.00101461
v 0.0588815 0.100079 -0.000990796
v 0.0575636 0.100077 -0.000849951
v 0.0562416 0.100076 -0.000705137
v 0.054917 0.100079 -0.000562171
v 0.0535978 0.100078 -0.000420465
v 0.0522743 0.100077 -0.000274838
v 0.050952 0.10008 -0.000134714
v 0.0400095 0.090059 0.00103652
v 0.0403936 0.0900558 0.000999906
v 0.0400059 0.0909877 0.00103195
v 0.0400002 0.0929531 0.00102073
v 0.0411998 0.0900572 0.000921063
v 0.0399933 0.0949215 0.00100789
v 0.0420095 0.0900588 0.000838633
v 0.0399909 0.0968885 0.000991921
v 0.0428175 0.0900562 0.000762138
v 0.0399835 0.0988584 0.000978007
v 0.0436269 0.0900579 0.000679927
v 0.0399759 0.100078 0.000971884
v 0.0405067 0.0995483 0.000921019
v 0.0444382 0.0900555 0.000599928
v 0.0418877 0.0981611 0.000797249
v 0.0452434 0.0900573 0.000521575
v 0.0432704 0.096778 0.000667656
v 0.0460522 0.0900593 0.000439664
v 0.0446554 0.0953906 0.000540235
v 0.046863 0.0900571 0.000359965
v 0.0460347 0.0940074 0.00041434
v 0.0476714 0.0900592 0.000278247
v 0.0474198 0.0926198 0.000286849
v 0.0484818 0.0900571 0.000198739
v 0.0487992 0.0912364 0.000160938
v 0.0492898 0.0900594 0.000117212
v 0.0497395 0.100079 -3.15156e-06
v 0.0488847 0.100077 8.12615e-05
v 0.0480238 0.10008 0.000167319
v 0.0471685 0.100078 0.000251956
v 0.0463094 0.100076 0.000340389
v 0.0454516 0.100079 0.000423128
v 0.044592 0.100078 0.000511761
v 0.0437359 0.100076 0.000596849
v 0.0428796 0.100075 0.000682049
v 0.0420211 0.100078 0.000765263
v 0.0411643 0.100077 0.000850662
v 0.0403037 0.100076 0.000939887
v 0.030033 0.0900553 0.00193876
v 0.0302245 0.0900511 0.00192291
v 0.0300338 0.0905604 0.00193474
v 0.0300288 0.0920608 0.00192586
v 0.0307803 0.0900538 0.00187259
v 0.0300244 0.0935604 0.00191731
v 0.0313419 0.0900523 0.00182074
v 0.0300204 0.0950593 0.00190905
v 0.0318975 0.0900551 0.0017705
v 0.0300169 0.0965574 0.00190109
v 0.0324551 0.0900536 0.00172244
v 0.030008 0.0980589 0.001895
v 0.0330143 0.0900564 0.0016686
v 0.0300056 0.0995554 0.00188766
v 0.0335717 0.0900551 0.00162064
v 0.0300053 0.100074 0.00188048
v 0.0305928 0.099484 0.0018334
v 0.0341329 0.0900537 0.00156904
v 0.0314858 0.0985914 0.00175633
v 0.034688 0.0900567 0.001519
v 0.0323811 0.0976946 0.00168145
v 0.0352489 0.0900554 0.00146751
v 0.0332763 0.0967978 0.00160653
v 0.0358061 0.0900542 0.00141973
v 0.0341717 0.0959009 0.00153162
v 0.0363647 0.0900573 0.00136619
v 0.0350649 0.0950082 0.00145459
v 0.0369217 0.0900561 0.00131851
v 0.0359603 0.0941112 0.00137967
v 0.0374822 0.090055 0.00126716
v 0.0368536 0.0932185 0.00130264
v 0.0380406 0.0900582 0.00121375
v 0.0377491 0.0923215 0.00122771
v 0.0385973 0.0900572 0.00116623
v 0.0386446 0.0914245 0.00115281
v 0.0391576 0.0900562 0.00111504
v 0.039538 0.0905316 0.00107577
v 0.0397141 0.0900552 0.00106759
v 0.0395976 0.100077 0.00100631
v 0.0389878 0.100077 0.00105941
v 0.0383742 0.100076 0.00111624
v 0.0377606 0.100076 0.00117314
v 0.0371468 0.100076 0.00123011
v 0.0365329 0.100076 0.00128715
v 0.0359226 0.100076 0.00134051
v 0.0353085 0.100076 0.00139763
v 0.0346943 0.100076 0.00145485
v 0.0340837 0.100076 0.00150839
v 0.0334693 0.100076 0.00156572
v 0.0328606 0.100071 0.0016215
v 0.032246 0.100072 0.00167894
v 0.0316313 0.100072 0.00173639
v 0.0310202 0.100072 0.00179025
v 0.0304052 0.100072 0.00184784
v 0.0297958 0.0902915 0.00195786
v 0.029777 0.0900528 0.00196066
v 0.02939 0.0900527 0.00199082
v 0.0294362 0.0906502 0.00198628
v 0.0289991 0.0900526 0.00202467
v 0.0290803 0.091009 0.00201103
v 0.0286119 0.0900525 0.00205487
v 0.0287206 0.0913676 0.00203943
v 0.0282246 0.0900525 0.00208508
v 0.028361 0.0917263 0.00206788
v 0.0278336 0.0900524 0.002119
v 0.0280014 0.092085 0.00209631
v 0.0274463 0.0900524 0.00214927
v 0.0276454 0.0924436 0.00212102
v 0.0270553 0.0900524 0.00218326
v 0.0272858 0.0928023 0.00214945
v 0.0266679 0.0900524 0.00221357
v 0.0269283 0.0931567 0.00218001
v 0.0262804 0.0900525 0.00224391
v 0.0265687 0.0935153 0.00220843
v 0.0258892 0.0900525 0.00227793
v 0.0262128 0.093874 0.00223315
v 0.0255017 0.0900526 0.00230834
v 0.0258532 0.0942326 0.00226157
v 0.0251141 0.0900526 0.0023387
v 0.0254937 0.0945913 0.00229002
v 0.0247228 0.0900528 0.00237282
v 0.025134 0.0949499 0.00231842
v 0.0243351 0.0900529 0.00240327
v 0.0247782 0.0953086 0.00234316
v 0.0239474 0.090053 0.00243372
v 0.0244186 0.0956672 0.00237158
v 0.0235618 0.0900489 0.00246635
v 0.024059 0.0960258 0.0024
v 0.0231704 0.0900491 0.00250058
v 0.0236994 0.0963844 0.00242842
v 0.0227825 0.0900493 0.0025311
v 0.0233399 0.096743 0.00245684
v 0.0223947 0.0900496 0.00256166
v 0.022984 0.0971016 0.00248155
v 0.0220068 0.0900498 0.00259222
v 0.0226245 0.0974602 0.00250997
v 0.0216151 0.0900501 0.00262653
v 0.0222649 0.0978188 0.00253839
v 0.0212271 0.0900504 0.00265715
v 0.0219054 0.0981774 0.00256681
v 0.0208391 0.0900507 0.00268781
v 0.0215495 0.098536 0.00259152
v 0.020451 0.090051 0.00271844
v 0.02119 0.0988945 0.00261994
v 0.0200629 0.0900513 0.00274914
v 0.0208305 0.0992531 0.00264838
v 0.0200476 0.0900517 0.00275095
v 0.020034 0.0943913 0.00273537
v 0.020471 0.0996117 0.0026768
v 0.0200241 0.0988975 0.00271508
v 0.0201151 0.0999703 0.00270151
v 0.0200215 0.100062 0.00271039
v 0.0299046 0.100073 0.0018916
v 0.0296173 0.100071 0.00191615
v 0.0293278 0.100073 0.00193857
v 0.0290405 0.100071 0.00196318
v 0.0287509 0.100073 0.0019856
v 0.0284635 0.100071 0.00201022
v 0.0281761 0.100069 0.00203483
v 0.0278866 0.100071 0.00205735
v 0.0275991 0.100069 0.002082
v 0.0273095 0.100071 0.00210452
v 0.027022 0.100069 0.00212918
v 0.0267323 0.100071 0.00215173
v 0.0264447 0.100069 0.00217642
v 0.0261571 0.100067 0.00220111
v 0.0258674 0.100069 0.0022237
v 0.0255761 0.100067 0.00225215
v 0.0252863 0.10007 0.00227475
v 0.0249986 0.100068 0.00229951
v 0.0247109 0.100066 0.00232427
v 0.0244211 0.100068 0.00234696
v 0.0241333 0.100066 0.00237173
v 0.0238472 0.100068 0.00239071
v 0.0235594 0.100066 0.00241552
v 0.0232716 0.100064 0.00244037
v 0.0229816 0.100067 0.00246305
v 0.0226938 0.100065 0.00248794
v 0.0224037 0.100067 0.00251067
v 0.0221158 0.100065 0.00253551
v 0.0218279 0.100064 0.00256044
v 0.0215378 0.100066 0.00258321
v 0.0212499 0.100064 0.00260814
v 0.0209619 0.100062 0.00263308
v 0.0206717 0.100065 0.00265588
v 0.0203837 0.100063 0.00268085
v 0.0200956 0.100061 0.00270583
v 0.019911 0.0901873 0.00276133
v 0.0197294 0.0900483 0.0027745
v 0.0193945 0.0900501 0.0027982
v 0.0197667 0.0903317 0.00277127
v 0.0190618 0.0900476 0.00282407
v 0.0196223 0.090476 0.00278119
v 0.0187268 0.0900494 0.0028478
v 0.0194801 0.090616 0.00279325
v 0.018394 0.0900469 0.00287371
v 0.0193358 0.0907604 0.00280319
v 0.0180627 0.0900488 0.00289376
v 0.0191915 0.0909047 0.00281313
v 0.0177299 0.0900464 0.00291973
v 0.0190471 0.091049 0.00282305
v 0.0173948 0.0900482 0.00294351
v 0.0189086 0.091189 0.00283139
v 0.0170618 0.0900458 0.00296948
v 0.0187643 0.0913334 0.00284133
v 0.0167304 0.0900477 0.0029896
v 0.01862 0.0914777 0.00285125
v 0.0163974 0.0900453 0.00301561
v 0.0184756 0.091622 0.00286116
v 0.0160644 0.090043 0.00304162
v 0.0183334 0.0917621 0.00287325
v 0.0157292 0.0900449 0.00306552
v 0.0181891 0.0919064 0.00288316
v 0.0153998 0.0900426 0.00308785
v 0.0180447 0.0920507 0.00289308
v 0.0150645 0.0900445 0.00311176
v 0.0179004 0.092195 0.00290302
v 0.0147313 0.0900422 0.00313784
v 0.0177582 0.092335 0.00291508
v 0.0143997 0.0900442 0.00315806
v 0.0176176 0.0924794 0.0029213
v 0.0140665 0.090042 0.00318421
v 0.0174733 0.0926237 0.00293125
v 0.0137311 0.090044 0.00320818
v 0.0173289 0.092768 0.00294113
v 0.0134015 0.0900417 0.00323061
v 0.0171867 0.092908 0.00295322
v 0.0130682 0.0900395 0.00325677
v 0.0170424 0.0930524 0.00296316
v 0.0127327 0.0900416 0.00328081
v 0.0168981 0.0931967 0.00297307
v 0.0124031 0.0900394 0.0033033
v 0.0167538 0.093341 0.00298301
v 0.0120675 0.0900414 0.00332735
v 0.0166094 0.0934853 0.00299293
v 0.0117341 0.0900393 0.0033536
v 0.0164709 0.0936253 0.00300127
v 0.0114022 0.0900414 0.00337398
v 0.0163266 0.0937697 0.00301121
v 0.0110687 0.0900393 0.00340024
v 0.0161823 0.093914 0.00302113
v 0.0107351 0.0900371 0.0034265
v 0.016038 0.0940583 0.00303107
v 0.0104032 0.0900393 0.00344695
v 0.0158958 0.0941983 0.00304312
v 0.0100695 0.0900372 0.00347325
v 0.0157514 0.0943426 0.00305304
v 0.0100608 0.0900395 0.0034731
v 0.0100601 0.0902843 0.00347384
v 0.0156071 0.0944869 0.00306298
v 0.0100634 0.090535 0.00347018
v 0.0154628 0.0946312 0.00307289
v 0.0100629 0.0907855 0.00347019
v 0.0153243 0.0947713 0.00308126
v 0.0100604 0.0910404 0.00346807
v 0.0151799 0.0949155 0.00309115
v 0.0100599 0.091291 0.00346811
v 0.0150356 0.0950599 0.00310109
v 0.0100596 0.0915416 0.00346819
v 0.0148913 0.0952042 0.00311103
v 0.0100592 0.0917921 0.00346825
v 0.0147491 0.0953442 0.00312309
v 0.0100588 0.0920426 0.00346831
v 0.0146048 0.0954885 0.003133
v 0.0100563 0.0922974 0.00346625
v 0.0144605 0.0956328 0.00314292
v 0.010056 0.0925478 0.00346634
v 0.0143162 0.0957771 0.00315286
v 0.0100557 0.0927983 0.00346645
v 0.014174 0.0959171 0.00316494
v 0.0100554 0.0930487 0.00346656
v 0.0140334 0.0960614 0.00317114
v 0.0100551 0.0932991 0.00346668
v 0.0138891 0.0962057 0.00318105
v 0.0100526 0.0935538 0.00346464
v 0.0137448 0.09635 0.00319099
v 0.0100524 0.0938041 0.00346478
v 0.0136026 0.09649 0.00320307
v 0.0100521 0.0940544 0.00346492
v 0.0134583 0.0966343 0.00321299
v 0.0100518 0.0943047 0.00346506
v 0.013314 0.0967786 0.0032229
v 0.0100495 0.0945593 0.00346308
v 0.0131697 0.0969229 0.00323284
v 0.0100493 0.0948096 0.00346325
v 0.0130253 0.0970672 0.00324276
v 0.0100491 0.0950598 0.00346342
v 0.0128869 0.0972072 0.0032511
v 0.0100467 0.0953143 0.00346144
v 0.0127426 0.0973515 0.00326104
v 0.0100465 0.0955645 0.00346163
v 0.0125983 0.0974958 0.00327098
v 0.0100464 0.0958147 0.00346185
v 0.012454 0.0976401 0.00328089
v 0.0100462 0.0960648 0.00346202
v 0.0123118 0.0977801 0.00329295
v 0.010044 0.0963193 0.00346012
v 0.0121675 0.0979244 0.00330288
v 0.0100475 0.0965694 0.00345659
v 0.0120232 0.0980687 0.0033128
v 0.0100475 0.0968195 0.00345684
v 0.0118789 0.098213 0.00332274
v 0.0100452 0.0970738 0.00345494
v 0.0117367 0.098353 0.00333479
v 0.0100452 0.0973238 0.00345519
v 0.0115961 0.0984973 0.00334102
v 0.0100451 0.0975739 0.00345546
v 0.0114518 0.0986416 0.00335093
v 0.0100429 0.0978281 0.00345356
v 0.0113075 0.0987859 0.00336084
v 0.0100429 0.0980781 0.00345384
v 0.0111653 0.0989259 0.0033729
v 0.0100428 0.0983281 0.00345411
v 0.011021 0.0990702 0.00338284
v 0.0100407 0.0985823 0.00345227
v 0.0108768 0.0992145 0.00339278
v 0.0100407 0.0988322 0.00345256
v 0.0107325 0.0993587 0.00340269
v 0.0100407 0.0990821 0.00345286
v 0.0105882 0.099503 0.00341263
v 0.0100387 0.0993362 0.00345105
v 0.010446 0.099643 0.00342468
v 0.0100387 0.0995861 0.00345135
v 0.0103054 0.0997873 0.00343091
v 0.0100388 0.0998359 0.0034517
v 0.0101611 0.0999316 0.00344082
v 0.0100381 0.100054 0.00344996
v 0.0101629 0.100055 0.00344244
v 0.0103092 0.100057 0.00343088
v 0.0104614 0.100055 0.00341777
v 0.0106078 0.100057 0.00340624
v 0.0107563 0.100054 0.00339685
v 0.0109026 0.100056 0.00338532
v 0.0110511 0.100054 0.00337593
v 0.0111974 0.100056 0.0033644
v 0.0113459 0.100054 0.00335504
v 0.0114922 0.100056 0.00334351
v 0.0116407 0.100054 0.00333413
v 0.011787 0.100056 0.00332263
v 0.011937 0.100058 0.00330739
v 0.0120855 0.100056 0.00329806
v 0.0122317 0.100058 0.00328654
v 0.0123802 0.100056 0.00327721
v 0.0125265 0.100058 0.00326571
v 0.0126749 0.100055 0.00325636
v 0.0128212 0.100057 0.00324486
v 0.0129696 0.100055 0.00323551
v 0.0131158 0.100057 0.00322402
v 0.0132679 0.100055 0.00321098
v 0.0134142 0.100057 0.00319952
v 0.0135604 0.100059 0.00318803
v 0.0137088 0.100057 0.0031787
v 0.013855 0.100059 0.00316724
v 0.0140034 0.100057 0.00315792
v 0.0141496 0.100059 0.00314646
v 0.0142979 0.100057 0.00313714
v 0.0144478 0.100059 0.00312197
v 0.0145962 0.100057 0.0031127
v 0.0147424 0.100059 0.00310125
v 0.0148907 0.100057 0.00309193
v 0.0150369 0.100059 0.0030805
v 0.0151852 0.100057 0.00307121
v 0.0153313 0.100059 0.00305975
v 0.0154812 0.100061 0.00304462
v 0.0156295 0.100059 0.00303533
v 0.0157757 0.100061 0.00302393
v 0.0159239 0.100059 0.00301462
v 0.0160701 0.100061 0.00300322
v 0.0162183 0.100059 0.00299394
v 0.0163645 0.100061 0.00298254
v 0.0165164 0.100059 0.00296955
v 0.0166625 0.100061 0.00295815
v 0.0168108 0.100059 0.0029489
v 0.0169569 0.100061 0.0029375
v 0.0171051 0.100059 0.00292825
v 0.0172512 0.100061 0.00291686
v 0.0174032 0.100059 0.0029039
v 0.0175492 0.100061 0.00289251
v 0.0176974 0.100059 0.00288326
v 0.0178435 0.100061 0.0028719
v 0.0179896 0.100063 0.00286053
v 0.0181377 0.100061 0.00285128
v 0.0182838 0.100063 0.00283993
v 0.0184357 0.100061 0.002827
v 0.0185817 0.100064 0.00281564
v 0.0187299 0.100061 0.00280642
v 0.0188759 0.100064 0.00279504
v 0.0190241 0.100062 0.00278584
v 0.0191738 0.100064 0.00277081
v 0.0193219 0.100062 0.00276159
v 0.0194679 0.100064 0.00275024
v 0.0196161 0.100062 0.00274105
v 0.0197621 0.100064 0.00272972
v 0.0199102 0.100062 0.00272051
v 0.00994925 0.0901538 0.00347916
v 0.00947306 0.0900345 0.00327145
v 0.00887334 0.0900331 0.00306097
v 0.00982608 0.0902767 0.00348842
v 0.00826979 0.0900317 0.0028542
v 0.00970877 0.0903953 0.00349611
v 0.00766612 0.0900304 0.00264743
v 0.00958928 0.0905182 0.00350162
v 0.00706607 0.0900292 0.00243693
v 0.00947198 0.0906368 0.00350931
v 0.00646223 0.0900281 0.00223017
v 0.00935468 0.0907554 0.003517
v 0.005862 0.0900271 0.00201969
v 0.00923523 0.0908783 0.00352254
v 0.00526008 0.0900219 0.00181507
v 0.00911793 0.090997 0.00353023
v 0.00465967 0.0900211 0.0016046
v 0.00900063 0.0911156 0.00353791
v 0.00405538 0.0900204 0.00139783
v 0.00888118 0.0912385 0.00354345
v 0.00345102 0.0900198 0.00119108
v 0.00876389 0.0913571 0.00355114
v 0.00285244 0.090015 0.000982746
v 0.0086444 0.09148 0.00355666
v 0.0022479 0.0900146 0.000776015
v 0.00852338 0.0915986 0.00356807
v 0.00164914 0.09001 0.000567699
v 0.00840608 0.0917172 0.00357575
v 0.00104439 0.0900098 0.00036096
v 0.00828659 0.0918401 0.00358127
v 0.000443253 0.0900097 0.000150482
v 0.00816929 0.0919587 0.00358895
v 5.88856e-06 0.0900054 -2.02858e-06
v 3.53486e-06 0.0900485 1.52052e-05
v 0.008052 0.0920773 0.00359664
v 6.9487e-06 0.0901988 7.73742e-05
v 0.00793251 0.0922002 0.00360216
v 1.03622e-05 0.0903491 0.000139536
v 0.00781526 0.0923188 0.00360987
v 1.38201e-05 0.0904995 0.000201719
v 0.00769582 0.0924417 0.00361541
v 1.72777e-05 0.0906498 0.000263894
v 0.00757853 0.0925603 0.0036231
v 2.2271e-05 0.0908044 0.000320148
v 0.00746119 0.0926789 0.00363076
v 2.57725e-05 0.0909547 0.000382337
v 0.0073418 0.0928018 0.00363632
v 2.92737e-05 0.091105 0.00044452
v 0.00722074 0.0929204 0.00364771
v 3.27297e-05 0.0912553 0.000506669
v 0.00710345 0.093039 0.00365539
v 3.62749e-05 0.0914056 0.000568865
v 0.00698401 0.0931619 0.00366093
v 3.97302e-05 0.0915558 0.000631
v 0.00686668 0.0932805 0.0036686
v 4.11217e-05 0.0917104 0.000691029
v 0.00674939 0.0933991 0.00367628
v 4.46659e-05 0.0918606 0.000753205
v 0.00662995 0.093522 0.00368182
v 4.81649e-05 0.0920109 0.000815347
v 0.00651271 0.0936406 0.00368954
v 5.17083e-05 0.0921611 0.00087751
v 0.00639323 0.0937635 0.00369505
v 5.52514e-05 0.0923113 0.000939665
v 0.0062759 0.0938821 0.00370271
v 6.25713e-05 0.0924615 0.000998108
v 0.00615865 0.0940007 0.00371042
v 6.40059e-05 0.092616 0.00105812
v 0.00603922 0.0941236 0.00371596
v 6.75926e-05 0.0927662 0.00112029
v 0.00591821 0.0942422 0.00372737
v 7.12236e-05 0.0929164 0.00118247
v 0.00580088 0.0943608 0.00373503
v 7.48094e-05 0.0930666 0.00124462
v 0.00568145 0.0944837 0.00374057
v 7.83949e-05 0.0932167 0.00130676
v 0.00556417 0.0946023 0.00374826
v 7.98731e-05 0.0933712 0.00136677
v 0.00544474 0.0947252 0.0037538
v 8.35026e-05 0.0935213 0.00142893
v 0.00532745 0.0948438 0.00376148
v 8.71766e-05 0.0936714 0.0014911
v 0.00521013 0.0949623 0.00376914
v 9.08501e-05 0.0938216 0.00155327
v 0.00509074 0.0950853 0.00377471
v 9.44785e-05 0.0939717 0.00161541
v 0.00497342 0.0952038 0.00378237
v 9.6045e-05 0.0941261 0.00167544
v 0.00485613 0.0953224 0.00379006
v 9.97175e-05 0.0942762 0.00173759
v 0.00473671 0.0954453 0.0037956
v 0.000107119 0.0944263 0.001796
v 0.0046157 0.0955639 0.00380701
v 0.000110836 0.0945763 0.00185816
v 0.00449628 0.0956868 0.00381255
v 0.000114551 0.0947264 0.00192032
v 0.00437896 0.0958054 0.0038202
v 0.000116116 0.0948808 0.00198031
v 0.00426168 0.095924 0.00382789
v 0.000119876 0.0950308 0.00204248
v 0.00414225 0.0960469 0.00383343
v 0.000123636 0.0951809 0.00210464
v 0.00402493 0.0961654 0.00384109
v 0.00012735 0.0953309 0.00216677
v 0.0039077 0.096284 0.0038488
v 0.000131154 0.0954809 0.00222895
v 0.00378828 0.0964069 0.00385434
v 0.000132762 0.0956352 0.00228894
v 0.003671 0.0965255 0.00386203
v 0.00013652 0.0957852 0.00235107
v 0.00355153 0.0966484 0.00386754
v 0.000140322 0.0959352 0.00241323
v 0.00343054 0.096767 0.00387895
v 0.000144124 0.0960852 0.00247538
v 0.00331326 0.0968855 0.00388664
v 0.000145776 0.0962394 0.00253537
v 0.00319384 0.0970084 0.00389217
v 0.000149622 0.0963894 0.00259753
v 0.00307657 0.097127 0.00389986
v 0.000153468 0.0965394 0.00265969
v 0.00295925 0.0972456 0.00390752
v 0.000157313 0.0966893 0.00272183
v 0.00283983 0.0973685 0.00391306
v 0.000159053 0.0968436 0.00278185
v 0.00272256 0.097487 0.00392074
v 0.000162853 0.0969935 0.00284396
v 0.00260314 0.0976099 0.00392628
v 0.000166742 0.0971434 0.00290612
v 0.00248587 0.0977285 0.00393397
v 0.00017063 0.0972933 0.00296826
v 0.0023686 0.0978471 0.00394166
v 0.000176095 0.0974475 0.00302453
v 0.00224919 0.09797 0.00394719
v 0.000180027 0.0975974 0.00308669
v 0.00212815 0.0980885 0.00395858
v 0.000183914 0.0977473 0.00314882
v 0.00200874 0.0982114 0.00396411
v 0.000187845 0.0978971 0.00321097
v 0.00189147 0.09833 0.0039718
v 0.000189628 0.0980513 0.00327096
v 0.00177425 0.0984486 0.00397951
v 0.000193603 0.0982012 0.00333312
v 0.00165479 0.0985714 0.00398502
v 0.000197533 0.098351 0.00339525
v 0.00153752 0.09869 0.00399271
v 0.000201508 0.0985008 0.0034574
v 0.00142021 0.0988086 0.00400037
v 0.000203334 0.0986549 0.00351739
v 0.0013008 0.0989315 0.00400591
v 0.000207308 0.0988047 0.00357953
v 0.00118354 0.09905 0.00401359
v 0.000211281 0.0989545 0.00364165
v 0.00106413 0.0991729 0.00401913
v 0.000215298 0.0991043 0.0037038
v 0.000943142 0.0992915 0.00403054
v 0.000217213 0.0992585 0.00376382
v 0.000825879 0.0994101 0.00403822
v 0.000221185 0.0994082 0.00382593
v 0.00070647 0.0995329 0.00404376
v 0.000225246 0.099558 0.00388808
v 0.000589208 0.0996515 0.00405145
v 0.000227115 0.099712 0.00394806
v 0.000471947 0.0997701 0.00405913
v 0.000231175 0.0998618 0.0040102
v 0.00035254 0.099893 0.00406467
v 0.000235235 0.100012 0.00407233
v 0.000460219 0.100015 0.00405799
v 0.000691092 0.100014 0.00404211
v 0.000916072 0.100017 0.0040278
v 0.00114313 0.100016 0.00401562
v 0.00137183 0.100019 0.00399762
v 0.00159884 0.100018 0.00398544
v 0.00182376 0.100021 0.00397116
v 0.00205081 0.10002 0.00395904
v 0.00227941 0.100023 0.00394105
v 0.00250646 0.100022 0.00392895
v 0.00273129 0.100025 0.00391468
v 0.00296196 0.100024 0.00389884
v 0.00318679 0.100027 0.0038846
v 0.0034175 0.100026 0.00386882
v 0.00364438 0.100025 0.0038567
v 0.00386918 0.100028 0.00384249
v 0.00409981 0.100027 0.00382671
v 0.00432456 0.10003 0.00381251
v 0.00455148 0.100029 0.00380048
v 0.0047799 0.100033 0.00378256
v 0.00500676 0.100032 0.00377053
v 0.0052315 0.100035 0.00375638
v 0.005462 0.100034 0.00374061
v 0.00568669 0.100037 0.00372647
v 0.00591722 0.100036 0.00371076
v 0.00614182 0.10004 0.00369659
v 0.00636858 0.100039 0.0036846
v 0.00659904 0.100038 0.00366889
v 0.00682365 0.100041 0.00365478
v 0.0070541 0.10004 0.0036391
v 0.00727867 0.100043 0.003625
v 0.00750536 0.100042 0.00361304
v 0.00773359 0.100046 0.00359522
v 0.00796027 0.100045 0.00358329
v 0.0081885 0.100048 0.0035655
v 0.00841514 0.100047 0.00355358
v 0.00864179 0.100046 0.00354168
v 0.00886999 0.10005 0.00352392
v 0.00909655 0.100049 0.003512
v 0.0093247 0.100052 0.00349425
v 0.00955126 0.100051 0.00348235
v 0.00977569 0.100055 0.00346834
v 0.010006 0.100054 0.00345276
v 0.0100592 0.0917921 0.00346825
v 0.0100596 0.0915416 0.00346819
v 0.902909 0.0800655 -0.430637
v 0.912584 0.0800625 -0.434986
v 0.895799 0.0800638 -0.423553
v 0.888643 0.0800628 -0.41651
v 0.881442 0.0800627 -0.409512
v 0.874193 0.0800633 -0.402554
v 0.866904 0.080061 -0.395641
v 0.85957 0.0800596 -0.388771
v 0.85736 0.0830568 -0.386726
v 0.858215 0.0800595 -0.387517
v 0.852193 0.0800591 -0.381946
v 0.844772 0.0800595 -0.375166
v 0.837313 0.0800572 -0.368432
v 0.838047 0.0800586 -0.369096
v 0.837308 0.084769 -0.368425
v 0.829807 0.0800598 -0.361744
v 0.82226 0.080056 -0.355095
v 0.821055 0.0816469 -0.354048
v 0.820734 0.0800574 -0.353769
v 0.814673 0.0800572 -0.348497
v 0.807044 0.0800559 -0.341943
v 0.802301 0.0862363 -0.337911
v 0.799468 0.0800572 -0.335516
v 0.799376 0.0800561 -0.335437
v 0.791665 0.0800541 -0.328974
v 0.783917 0.0800537 -0.322561
v 0.776128 0.080055 -0.316195
v 0.768299 0.0800544 -0.309873
v 0.760429 0.0821135 -0.303594
v 0.76486 0.0844202 -0.307126
v 0.760432 0.0800517 -0.303598
v 0.752528 0.080132 -0.297374
v 0.759635 0.0810623 -0.302971
v 0.752528 0.080051 -0.297375
v 0.744582 0.080637 -0.291195
v 0.752477 0.0801142 -0.297335
v 0.744581 0.0800523 -0.291197
v 0.736596 0.0828481 -0.285064
v 0.744037 0.0807333 -0.29078
v 0.736601 0.0800518 -0.285071
v 0.728568 0.0881731 -0.278975
v 0.731601 0.0862789 -0.281276
v 0.728582 0.0800497 -0.278991
v 0.720524 0.0800499 -0.27296
v 0.717095 0.084282 -0.270426
v 0.717214 0.0800506 -0.270516
v 0.712432 0.0800486 -0.266981
v 0.704281 0.0887142 -0.261033
v 0.704859 0.0893455 -0.261455
v 0.7043 0.0800499 -0.26105
v 0.70198 0.0828855 -0.259378
v 0.69685 0.080048 -0.255685
v 0.696132 0.0800498 -0.25517
v 0.687921 0.0832058 -0.249334
v 0.69188 0.0852224 -0.252145
v 0.68793 0.0800486 -0.249339
v 0.68642 0.0818757 -0.248281
v 0.683135 0.0800491 -0.245977
v 0.679688 0.0800498 -0.24356
v 0.679681 0.0845511 -0.243552
v 0.682782 0.0862811 -0.245728
v 0.677361 0.0828557 -0.241947
v 0.672781 0.0800489 -0.238779
v 0.671415 0.080046 -0.237832
v 0.671401 0.0852395 -0.237823
v 0.674039 0.0868599 -0.239649
v 0.668689 0.083316 -0.235971
v 0.663922 0.080047 -0.232717
v 0.6631 0.0800486 -0.232156
v 0.663088 0.085446 -0.23215
v 0.665526 0.0871164 -0.233813
v 0.660225 0.0834862 -0.230219
v 0.655393 0.0800465 -0.226963
v 0.654755 0.0800461 -0.226534
v 0.654742 0.0856415 -0.226527
v 0.657047 0.087284 -0.228079
v 0.646355 0.0864817 -0.220955
v 0.648315 0.0877113 -0.222258
v 0.651662 0.0837294 -0.224481
v 0.646371 0.0804116 -0.220964
v 0.646373 0.0800462 -0.220965
v 0.646165 0.0802935 -0.220831
v 0.645675 0.0800465 -0.220509
v 0.637957 0.080045 -0.215451
v 0.637949 0.0819851 -0.215449
v 0.642725 0.0843684 -0.218579
v 0.637933 0.0877691 -0.215441
v 0.639286 0.088446 -0.216329
v 0.63683 0.0813753 -0.214726
v 0.633689 0.0800468 -0.212695
v 0.629502 0.0800465 -0.209991
v 0.629491 0.083662 -0.209986
v 0.633465 0.0853436 -0.212554
v 0.629477 0.0890448 -0.20998
v 0.630104 0.089311 -0.210385
v 0.627372 0.0825484 -0.208634
v 0.621212 0.0800475 -0.204711
v 0.621017 0.0800467 -0.204587
v 0.621001 0.084979 -0.204579
v 0.624199 0.0862803 -0.206619
v 0.620985 0.0899945 -0.204574
v 0.621024 0.090012 -0.204601
v 0.612476 0.0859393 -0.199231
v 0.615069 0.0870044 -0.200858
v 0.618068 0.0834958 -0.202738
v 0.612491 0.0812059 -0.199236
v 0.612492 0.0800458 -0.199234
v 0.61178 0.0808789 -0.198796
v 0.609684 0.0800453 -0.197497
v 0.603939 0.0800438 -0.193942
v 0.603931 0.0823172 -0.193942
v 0.608865 0.0842756 -0.196995
v 0.603914 0.0868695 -0.193936
v 0.605948 0.0876765 -0.195196
v 0.602515 0.081695 -0.193075
v 0.598101 0.0800455 -0.190383
v 0.595348 0.0800446 -0.188705
v 0.595336 0.083387 -0.188702
v 0.599664 0.0850082 -0.191345
v 0.595322 0.0877589 -0.1887
v 0.596812 0.0883182 -0.18961
v 0.586695 0.0884626 -0.183519
v 0.587734 0.0888461 -0.184146
v 0.59049 0.0856616 -0.185796
v 0.586707 0.0842806 -0.183522
v 0.593244 0.0824781 -0.187445
v 0.586725 0.080096 -0.183527
v 0.586722 0.0800443 -0.183524
v 0.586691 0.0800833 -0.183508
v 0.586591 0.0800457 -0.183448
v 0.578066 0.0800432 -0.178402
v 0.578061 0.0809657 -0.178403
v 0.584033 0.0831414 -0.181938
v 0.57805 0.0849885 -0.178402
v 0.581377 0.0862008 -0.180371
v 0.578035 0.089013 -0.1784
v 0.57872 0.0892614 -0.178804
v 0.577477 0.0807222 -0.178063
v 0.575599 0.0800435 -0.176965
v 0.569373 0.080045 -0.173339
v 0.56937 0.08169 -0.173341
v 0.574896 0.0836811 -0.176563
v 0.569357 0.0855737 -0.173339
v 0.572314 0.0866413 -0.175063
v 0.56934 0.0894596 -0.173335
v 0.569732 0.0896031 -0.173565
v 0.568312 0.0812624 -0.172734
v 0.564865 0.0800455 -0.170754
v 0.560654 0.0800422 -0.168336
v 0.560643 0.0823149 -0.168335
v 0.565797 0.0841331 -0.171294
v 0.56063 0.0860707 -0.168334
v 0.563281 0.0870094 -0.169859
v 0.560613 0.0898291 -0.168332
v 0.560766 0.0898834 -0.168421
v 0.559168 0.0817304 -0.167499
v 0.554276 0.0800425 -0.164734
v 0.551896 0.0800426 -0.16339
v 0.551885 0.0828569 -0.16339
v 0.556717 0.0845225 -0.166121
v 0.551871 0.0864907 -0.163392
v 0.554263 0.0873163 -0.164743
v 0.550044 0.0821447 -0.162367
v 0.5438 0.0800426 -0.158891
v 0.543108 0.0800424 -0.158506
v 0.543095 0.0833238 -0.158506
v 0.54765 0.0848593 -0.161042
v 0.543077 0.0868412 -0.158505
v 0.545255 0.0875719 -0.159716
v 0.534257 0.0871335 -0.153684
v 0.536253 0.0877863 -0.154775
v 0.538588 0.0851459 -0.156045
v 0.534272 0.0837308 -0.153683
v 0.540927 0.0825076 -0.15732
v 0.534285 0.0803317 -0.153683
v 0.534286 0.0800417 -0.15368
v 0.534092 0.0802597 -0.153577
v 0.53341 0.0800452 -0.153211
v 0.52543 0.0800445 -0.148918
v 0.52543 0.0807918 -0.148918
v 0.531811 0.0828286 -0.152357
v 0.525415 0.0840853 -0.148919
v 0.529529 0.0853957 -0.151135
v 0.525401 0.0873748 -0.148918
v 0.527248 0.0879651 -0.149915
v 0.524921 0.0806149 -0.14865
v 0.523084 0.0800437 -0.147676
v 0.516545 0.0800432 -0.144215
v 0.51654 0.0812089 -0.144215
v 0.522695 0.0831135 -0.147479
v 0.516528 0.0843941 -0.144216
v 0.520466 0.0856143 -0.146306
v 0.516515 0.0875795 -0.144218
v 0.518236 0.0881136 -0.145131
v 0.515748 0.0809347 -0.143803
v 0.512778 0.0800431 -0.142255
v 0.507631 0.0800417 -0.139576
v 0.507623 0.0815866 -0.139576
v 0.513572 0.0833679 -0.142677
v 0.507611 0.0846727 -0.13958
v 0.511393 0.0858035 -0.14155
v 0.507597 0.0877552 -0.139579
v 0.509211 0.0882415 -0.140423
v 0.506566 0.0812288 -0.139034
v 0.502464 0.0800431 -0.136933
v 0.498682 0.0800441 -0.134999
v 0.498674 0.0819349 -0.134999
v 0.504434 0.0836053 -0.137953
v 0.498662 0.0849229 -0.135005
v 0.502302 0.0859764 -0.136868
v 0.49865 0.0879077 -0.135005
v 0.500171 0.0883501 -0.135785
v 0.497364 0.0815059 -0.134339
v 0.492159 0.0800425 -0.13172
v 0.489704 0.0800427 -0.130485
v 0.489694 0.0822481 -0.130488
v 0.495283 0.0838183 -0.133303
v 0.489682 0.0851396 -0.130489
v 0.493197 0.0861294 -0.13226
v 0.489669 0.0880319 -0.130491
v 0.491117 0.0884391 -0.131221
v 0.488155 0.0817576 -0.129726
v 0.481913 0.080043 -0.126636
v 0.480696 0.0800416 -0.126034
v 0.480687 0.082512 -0.126037
v 0.486119 0.0840065 -0.128726
v 0.480673 0.0853209 -0.126042
v 0.484086 0.0862581 -0.127731
v 0.480662 0.0881228 -0.126043
v 0.482052 0.0885085 -0.126734
v 0.478945 0.0819751 -0.125193
v 0.471772 0.0800404 -0.121703
v 0.47166 0.0800408 -0.12165
v 0.471645 0.0827385 -0.121654
v 0.476956 0.0841655 -0.124234
v 0.471634 0.0854632 -0.121657
v 0.474964 0.0863587 -0.123273
v 0.471621 0.088189 -0.12166
v 0.472975 0.0885546 -0.122318
v 0.462551 0.0882348 -0.117338
v 0.463879 0.088587 -0.117973
v 0.465832 0.0864442 -0.118897
v 0.462563 0.085583 -0.117335
v 0.467779 0.0843002 -0.119814
v 0.462574 0.0829326 -0.117332
v 0.46973 0.0821592 -0.120737
v 0.462587 0.0802795 -0.117328
v 0.462588 0.0800407 -0.117326
v 0.462416 0.0802299 -0.117247
v 0.461681 0.0800407 -0.116901
v 0.45349 0.0800413 -0.113071
v 0.453487 0.0805436 -0.113073
v 0.460502 0.0823282 -0.11636
v 0.453477 0.0831238 -0.113075
v 0.458585 0.0844254 -0.11547
v 0.453463 0.0857094 -0.11308
v 0.456668 0.0865256 -0.114583
v 0.453451 0.0882925 -0.113083
v 0.454754 0.0886208 -0.113693
v 0.453123 0.0804424 -0.112905
v 0.451492 0.0800442 -0.112155
v 0.444364 0.0800427 -0.108883
v 0.444361 0.0808163 -0.108884
v 0.45124 0.0824976 -0.112047
v 0.444348 0.0833319 -0.108887
v 0.449356 0.0845557 -0.111191
v 0.444335 0.0858491 -0.108891
v 0.44747 0.0866129 -0.110332
v 0.444322 0.0883639 -0.108894
v 0.445583 0.0886731 -0.109476
v 0.443795 0.0806605 -0.108627
v 0.441164 0.0800435 -0.107441
v 0.435208 0.0800414 -0.104759
v 0.435201 0.0810838 -0.104759
v 0.441944 0.0826761 -0.107804
v 0.435191 0.0835305 -0.104765
v 0.440093 0.0846868 -0.106975
v 0.435177 0.085979 -0.104768
v 0.438244 0.0867006 -0.106152
v 0.435168 0.0884252 -0.104774
v 0.436394 0.0887134 -0.105326
v 0.434437 0.0808778 -0.104422
v 0.430808 0.080042 -0.102815
v 0.426023 0.0800412 -0.100701
v 0.426016 0.0813192 -0.100702
v 0.432624 0.0828417 -0.103627
v 0.426003 0.0837014 -0.100708
v 0.430814 0.0848086 -0.102838
v 0.425994 0.0860775 -0.100712
v 0.429003 0.0867708 -0.102044
v 0.425982 0.0884596 -0.100718
v 0.427191 0.0887361 -0.101252
v 0.425071 0.0810723 -0.100294
v 0.420507 0.0800402 -0.0983117
v 0.416809 0.0800426 -0.0967114
v 0.416801 0.0815261 -0.0967149
v 0.423297 0.0829889 -0.0995327
v 0.41679 0.0838411 -0.0967182
v 0.421523 0.0849087 -0.0987738
v 0.416781 0.0861581 -0.0967261
v 0.419747 0.0868277 -0.0980117
v 0.41677 0.0884732 -0.0967297
v 0.417974 0.0887459 -0.0972533
v 0.415694 0.081244 -0.0962434
v 0.410251 0.0800412 -0.0939272
v 0.407569 0.0800416 -0.0927893
v 0.407562 0.0817082 -0.0927941
v 0.413956 0.0831183 -0.0955135
v 0.407552 0.0839654 -0.0928003
v 0.412214 0.0849958 -0.0947823
v 0.40754 0.0862207 -0.0928022
v 0.410478 0.0868685 -0.0940528
v 0.40753 0.0884782 -0.0928086
v 0.408737 0.0887445 -0.0933221
v 0.406307 0.0813985 -0.0922712
v 0.399991 0.0800436 -0.0896404
v 0.398301 0.0800424 -0.088936
v 0.398294 0.0818811 -0.088942
v 0.4046 0.0832352 -0.0915701
v 0.398284 0.0840817 -0.0889461
v 0.40289 0.0850712 -0.0908657
v 0.398272 0.0862845 -0.0889514
v 0.401179 0.0869105 -0.0901635
v 0.398262 0.0884856 -0.0889559
v 0.399469 0.0887491 -0.0894615
v 0.3969 0.0815452 -0.0883727
v 0.389687 0.08004 -0.0854274
v 0.389008 0.0800414 -0.0851528
v 0.388998 0.0820507 -0.0851586
v 0.395215 0.083349 -0.0876948
v 0.388986 0.0841997 -0.0851615
v 0.393537 0.0851481 -0.0870185
v 0.388976 0.0863509 -0.0851691
v 0.391857 0.0869505 -0.0863445
v 0.388964 0.0885004 -0.0851725
v 0.390175 0.0887523 -0.0856671
v 0.379646 0.088514 -0.0814621
v 0.38085 0.0887579 -0.081941
v 0.382504 0.0869926 -0.0825941
v 0.379654 0.0864114 -0.0814519
v 0.384156 0.0852267 -0.083244
v 0.379663 0.0843151 -0.0814483
v 0.385808 0.0834602 -0.083894
v 0.379674 0.0822131 -0.0814421
v 0.387462 0.0816931 -0.0845442
v 0.379685 0.0801137 -0.081437
v 0.379686 0.0800426 -0.0814383
v 0.379628 0.0801027 -0.081415
v 0.379332 0.0800404 -0.0812994
v 0.370339 0.0800423 -0.0777936
v 0.370337 0.0803189 -0.0777941
v 0.378006 0.0818341 -0.080792
v 0.370329 0.0823679 -0.0777996
v 0.376378 0.083565 -0.0801623
v 0.370315 0.0844234 -0.077805
v 0.374752 0.0852992 -0.0795381
v 0.370307 0.0864734 -0.0778112
v 0.373128 0.0870289 -0.0789122
v 0.370295 0.0885258 -0.0778152
v 0.371504 0.088762 -0.0782883
v 0.370124 0.080269 -0.0777103
v 0.368933 0.0800425 -0.0772564
v 0.360963 0.0800407 -0.0742152
v 0.360962 0.0805122 -0.0742169
v 0.368525 0.0819684 -0.0771093
v 0.360953 0.0825193 -0.0742262
v 0.366927 0.0836673 -0.0765085
v 0.360943 0.084525 -0.0742313
v 0.365324 0.0853697 -0.0759064
v 0.360933 0.0865292 -0.0742359
v 0.363728 0.0870674 -0.0753058
v 0.360921 0.0885359 -0.0742417
v 0.362127 0.0887687 -0.074704
v 0.360595 0.0804325 -0.0740806
v 0.358507 0.0800415 -0.0733019
v 0.351567 0.0800421 -0.0707155
v 0.351561 0.080702 -0.070716
v 0.35902 0.0821003 -0.0735013
v 0.351554 0.0826598 -0.0707208
v 0.35745 0.0837676 -0.0729255
v 0.351543 0.0846243 -0.070729
v 0.355874 0.0854384 -0.0723484
v 0.351535 0.0865833 -0.0707345
v 0.354301 0.0871046 -0.0717695
v 0.351526 0.088545 -0.0707415
v 0.352729 0.0887704 -0.0711907
v 0.351048 0.0805896 -0.0705273
v 0.348044 0.0800414 -0.0694312
v 0.342141 0.0800426 -0.0672818
v 0.342137 0.0808808 -0.0672836
v 0.349495 0.0822301 -0.0699712
v 0.34213 0.0827979 -0.0672906
v 0.347948 0.0838661 -0.0694166
v 0.342118 0.0847177 -0.0672956
v 0.346399 0.0855017 -0.0688587
v 0.34211 0.0866362 -0.0673034
v 0.344852 0.0871408 -0.0683064
v 0.342098 0.0885573 -0.0673092
v 0.343304 0.0887753 -0.0677488
v 0.341475 0.0807446 -0.0670485
v 0.337542 0.0800418 -0.0656447
v 0.332692 0.0800426 -0.0639211
v 0.332689 0.0810531 -0.0639247
v 0.339953 0.0823502 -0.0665147
v 0.33268 0.0829301 -0.0639297
v 0.338425 0.0839593 -0.0659796
v 0.332669 0.0848098 -0.0639362
v 0.336902 0.0855679 -0.065448
v 0.332659 0.0866882 -0.0639422
v 0.335377 0.0871721 -0.064911
v 0.332653 0.0885654 -0.0639511
v 0.333855 0.0887798 -0.0643797
v 0.331885 0.08089 -0.0636436
v 0.327004 0.080042 -0.0619467
v 0.32322 0.0800423 -0.0606332
v 0.323215 0.0812197 -0.0606353
v 0.33038 0.0824729 -0.0631308
v 0.323205 0.0830611 -0.0606432
v 0.328881 0.0840514 -0.0626196
v 0.323196 0.0849012 -0.0606505
v 0.327379 0.0856295 -0.062105
v 0.323187 0.0867401 -0.0606574
v 0.32588 0.0872071 -0.0615941
v 0.32318 0.0885778 -0.0606637
v 0.324377 0.0887883 -0.0610817
v 0.322272 0.0810381 -0.0603182
v 0.316415 0.0800409 -0.0583281
v 0.313724 0.0800419 -0.0574181
v 0.313716 0.0813851 -0.0574204
v 0.320791 0.0825907 -0.0598257
v 0.313708 0.0831873 -0.0574285
v 0.319312 0.0841429 -0.0593332
v 0.313701 0.0849884 -0.0574361
v 0.317833 0.0856947 -0.0588407
v 0.313689 0.0867923 -0.0574417
v 0.316354 0.087246 -0.0583484
v 0.313681 0.0885951 -0.0574504
v 0.314876 0.0887969 -0.0578562
v 0.312636 0.0811773 -0.0570628
v 0.305776 0.0800416 -0.0547951
v 0.304203 0.0800417 -0.0542756
v 0.304197 0.0815458 -0.0542812
v 0.311179 0.0827038 -0.0565921
v 0.304186 0.0833134 -0.0542875
v 0.30972 0.08423 -0.0561179
v 0.30418 0.0850799 -0.0542967
v 0.308264 0.0857558 -0.0556474
v 0.30417 0.0868452 -0.054302
v 0.306805 0.0872811 -0.0551734
v 0.30416 0.0886135 -0.0543088
v 0.305345 0.0888102 -0.0547016
v 0.30298 0.0813201 -0.0538901
v 0.295073 0.0800421 -0.0513395
v 0.294658 0.080042 -0.0512059
v 0.294654 0.0817067 -0.0512158
v 0.30154 0.0828208 -0.0534339
v 0.294646 0.083436 -0.0512211
v 0.300104 0.0843212 -0.0529814
v 0.294637 0.0851682 -0.051228
v 0.298668 0.0858212 -0.0525289
v 0.294626 0.0869035 -0.0512364
v 0.297229 0.0873209 -0.052073
v 0.294618 0.0886336 -0.0512424
v 0.295793 0.0888242 -0.0516228
v 0.285055 0.08866 -0.0482527
v 0.28621 0.0888434 -0.0486146
v 0.28763 0.0873656 -0.0490506
v 0.285063 0.0869596 -0.048244
v 0.289045 0.0858914 -0.0494852
v 0.285071 0.0852622 -0.048237
v 0.290462 0.0844128 -0.0499178
v 0.285079 0.0835637 -0.0482296
v 0.291882 0.082938 -0.0503561
v 0.285087 0.0818642 -0.0482216
v 0.2933 0.0814587 -0.0507889
v 0.285094 0.0801677 -0.0482153
v 0.285098 0.0800389 -0.0482137
v 0.284992 0.0801475 -0.0481819
v 0.284298 0.0800413 -0.0479714
v 0.275506 0.0800409 -0.0452926
v 0.275507 0.0803561 -0.0452955
v 0.283594 0.0816018 -0.0477666
v 0.2755 0.0820231 -0.0453039
v 0.282197 0.0830557 -0.0473513
v 0.275489 0.0836892 -0.0453084
v 0.280799 0.0845053 -0.0469306
v 0.275481 0.0853583 -0.0453179
v 0.279402 0.0859586 -0.0465155
v 0.275473 0.0870264 -0.0453271
v 0.278003 0.0874116 -0.0460969
v 0.275468 0.0886894 -0.0453338
v 0.276601 0.0888683 -0.0456804
v 0.275245 0.0803123 -0.045217
v 0.273432 0.0800415 -0.0446808
v 0.265898 0.0800401 -0.0424491
v 0.265897 0.0805506 -0.0424541
v 0.273868 0.0817415 -0.044819
v 0.265886 0.0821885 -0.0424605
v 0.272486 0.0831745 -0.0444195
v 0.265881 0.0838214 -0.0424681
v 0.271107 0.084603 -0.0440181
v 0.265871 0.0854574 -0.0424737
v 0.269726 0.0860354 -0.0436187
v 0.265863 0.0870966 -0.0424845
v 0.268349 0.0874674 -0.043223
v 0.265858 0.0887307 -0.0424929
v 0.266968 0.0888991 -0.0428238
v 0.265477 0.0804781 -0.0423324
v 0.262463 0.0800398 -0.0414631
v 0.256268 0.0800409 -0.0396816
v 0.256263 0.080748 -0.0396848
v 0.264111 0.0818906 -0.0419485
v 0.256258 0.082353 -0.039694
v 0.262751 0.0832987 -0.0415661
v 0.256247 0.0839613 -0.0397012
v 0.26139 0.0847064 -0.0411837
v 0.256243 0.0855645 -0.0397096
v 0.260025 0.086118 -0.0408
v 0.256234 0.0871708 -0.039716
v 0.258666 0.0875253 -0.0404177
v 0.256227 0.0887803 -0.0397277
v 0.257304 0.0889363 -0.0400376
v 0.255675 0.0806535 -0.0395215
v 0.251361 0.0800429 -0.0383156
v 0.246618 0.0800436 -0.0369936
v 0.246612 0.0809492 -0.0369943
v 0.25433 0.0820413 -0.0391544
v 0.246607 0.0825258 -0.0370042
v 0.252989 0.0834288 -0.0387908
v 0.246598 0.0841055 -0.0370122
v 0.251645 0.084816 -0.0384238
v 0.246588 0.0856844 -0.0370198
v 0.250299 0.0862071 -0.0380589
v 0.246582 0.0872583 -0.037025
v 0.248956 0.0875938 -0.037692
v 0.246575 0.0888395 -0.0370375
v 0.247607 0.0889843 -0.0373236
v 0.245853 0.0808308 -0.0367906
v 0.240096 0.0800425 -0.035228
v 0.236944 0.0800443 -0.0343762
v 0.23694 0.0811598 -0.0343799
v 0.244524 0.0821982 -0.0364386
v 0.236934 0.0827123 -0.0343922
v 0.243194 0.0835694 -0.0360887
v 0.236927 0.0842597 -0.0343986
v 0.241866 0.0849363 -0.0357368
v 0.236919 0.0858104 -0.0344066
v 0.24054 0.086307 -0.0353905
v 0.236911 0.0873602 -0.0344143
v 0.239212 0.0876734 -0.0350387
v 0.236904 0.0889092 -0.0344216
v 0.237883 0.0890436 -0.034689
v 0.235999 0.0810188 -0.0341365
v 0.228615 0.0800428 -0.0321945
v 0.227256 0.0800434 -0.0318398
v 0.22725 0.0813854 -0.0318464
v 0.234685 0.0823701 -0.0338015
v 0.227242 0.0829099 -0.0318551
v 0.233373 0.0837171 -0.0334644
v 0.227234 0.0844335 -0.0318635
v 0.232059 0.0850679 -0.0331294
v 0.227226 0.0859563 -0.0318716
v 0.230746 0.0864184 -0.0327945
v 0.22722 0.0874782 -0.0318793
v 0.229433 0.0877688 -0.0324596
v 0.227213 0.0889993 -0.0318867
v 0.22812 0.0891189 -0.0321248
v 0.217501 0.089111 -0.0294284
v 0.21832 0.0892147 -0.0296367
v 0.219618 0.0878804 -0.0299547
v 0.217508 0.0876135 -0.0294192
v 0.220917 0.08655 -0.0302785
v 0.217514 0.0861193 -0.0294117
v 0.222216 0.0852153 -0.0305967
v 0.217522 0.0846202 -0.0294019
v 0.223513 0.0838845 -0.0309169
v 0.217529 0.0831243 -0.0293937
v 0.224812 0.0825493 -0.0312352
v 0.217536 0.0816277 -0.0293853
v 0.226109 0.081218 -0.0315556
v 0.217543 0.0801303 -0.0293765
v 0.217544 0.0800452 -0.0293796
v 0.217467 0.0801214 -0.0293589
v 0.216826 0.0800439 -0.0292031
v 0.207814 0.0800459 -0.026997
v 0.207815 0.0804234 -0.0269997
v 0.216184 0.0814373 -0.0290551
v 0.207809 0.0818932 -0.0270078
v 0.214898 0.0827529 -0.0287478
v 0.207798 0.0833663 -0.0270141
v 0.213616 0.0840683 -0.028444
v 0.207793 0.0848346 -0.0270216
v 0.212329 0.0853876 -0.0281388
v 0.207786 0.0863062 -0.0270308
v 0.211043 0.0867026 -0.0278315
v 0.20778 0.087777 -0.0270398
v 0.209762 0.0880173 -0.0275279
v 0.207774 0.089247 -0.0270484
v 0.208477 0.0893319 -0.0272207
v 0.207485 0.0803811 -0.0269209
v 0.204554 0.0800465 -0.0262265
v 0.198065 0.0800459 -0.0246921
v 0.198064 0.0807466 -0.0246959
v 0.206214 0.0816815 -0.0266299
v 0.198058 0.082193 -0.0247052
v 0.204944 0.0829816 -0.0263389
v 0.198051 0.0836386 -0.0247142
v 0.203673 0.0842815 -0.026048
v 0.198046 0.0850834 -0.0247229
v 0.202399 0.0855813 -0.0257535
v 0.198039 0.0865317 -0.0247334
v 0.201127 0.0868849 -0.0254646
v 0.19803 0.0879751 -0.0247379
v 0.199854 0.0881843 -0.0251702
v 0.198024 0.0894218 -0.0247478
v 0.198584 0.0894834 -0.0248794
v 0.197453 0.0806706 -0.0245565
v 0.191617 0.0800448 -0.0232244
v 0.188302 0.0800453 -0.0224685
v 0.188297 0.0811112 -0.0224743
v 0.196194 0.0819557 -0.0242781
v 0.18829 0.0825343 -0.0224845
v 0.194933 0.0832447 -0.0240017
v 0.188286 0.0839526 -0.0224923
v 0.193674 0.0845293 -0.0237233
v 0.18828 0.0853743 -0.0225019
v 0.192414 0.0858179 -0.0234471
v 0.188271 0.0867953 -0.0225076
v 0.19115 0.0871063 -0.0231673
v 0.188266 0.0882155 -0.0225166
v 0.189892 0.0883904 -0.022889
v 0.188259 0.0896392 -0.0225274
v 0.188632 0.0896784 -0.0226128
v 0.178476 0.0899109 -0.0203852
v 0.178608 0.0899222 -0.0204121
v 0.17986 0.0886491 -0.0206795
v 0.178481 0.0885144 -0.0203758
v 0.181108 0.0873759 -0.0209433
v 0.178486 0.0871172 -0.0203661
v 0.182362 0.0860984 -0.0212087
v 0.178495 0.0857194 -0.0203597
v 0.18361 0.0848249 -0.0214725
v 0.178501 0.0843208 -0.0203494
v 0.184862 0.0835511 -0.02174
v 0.178506 0.0829257 -0.0203409
v 0.186111 0.0822772 -0.022004
v 0.178511 0.0815299 -0.0203321
v 0.187364 0.0810031 -0.0222715
v 0.178519 0.0801334 -0.0203266
v 0.178519 0.0800446 -0.0203228
v 0.178442 0.0801246 -0.0203087
v 0.177561 0.0800452 -0.0201228
v 0.168721 0.080044 -0.0182586
v 0.168718 0.080638 -0.018262
v 0.1772 0.0813881 -0.0200553
v 0.168713 0.0820116 -0.0182713
v 0.175957 0.0826515 -0.019802
v 0.168706 0.0833888 -0.0182824
v 0.174713 0.0839189 -0.0195508
v 0.168699 0.0847611 -0.0182875
v 0.173471 0.085182 -0.0192975
v 0.168693 0.0861368 -0.0182981
v 0.172228 0.086449 -0.0190464
v 0.168689 0.0875078 -0.0183063
v 0.170982 0.0877118 -0.0187895
v 0.168681 0.0888822 -0.0183127
v 0.169739 0.0889785 -0.0185384
v 0.168184 0.0805903 -0.0181551
v 0.161092 0.0800438 -0.0167153
v 0.158904 0.0800439 -0.0162724
v 0.158897 0.0812317 -0.0162821
v 0.166946 0.0818476 -0.0179142
v 0.158893 0.0825827 -0.0162912
v 0.165709 0.0831047 -0.0176734
v 0.158889 0.0839331 -0.0163
v 0.164472 0.0843617 -0.0174326
v 0.158884 0.085287 -0.0163106
v 0.163232 0.0856185 -0.0171882
v 0.158875 0.0866403 -0.0163174
v 0.161993 0.0868793 -0.0169495
v 0.158872 0.0879887 -0.0163254
v 0.160756 0.0881358 -0.0167088
v 0.158868 0.0893407 -0.0163353
v 0.15952 0.0893921 -0.0164681
v 0.149031 0.0899191 -0.0144366
v 0.149165 0.0899251 -0.0144627
v 0.150402 0.0886706 -0.0146927
v 0.149035 0.0885847 -0.0144257
v 0.151639 0.0874159 -0.0149228
v 0.149044 0.0872497 -0.0144181
v 0.152876 0.086161 -0.0151528
v 0.149048 0.0859182 -0.0144087
v 0.154113 0.084906 -0.0153829
v 0.149055 0.0845861 -0.0144027
v 0.155348 0.083655 -0.0156151
v 0.14906 0.0832534 -0.0143928
v 0.156582 0.0823996 -0.0158416
v 0.149064 0.08192 -0.0143827
v 0.15782 0.0811441 -0.0160718
v 0.149073 0.080586 -0.0143759
v 0.149074 0.0800445 -0.0143716
v 0.139189 0.0893115 -0.0126093
v 0.139889 0.089347 -0.0127409
v 0.141126 0.0880937 -0.0129605
v 0.139194 0.087997 -0.012604
v 0.142369 0.0868361 -0.0131817
v 0.139198 0.0866776 -0.0125929
v 0.143608 0.0855783 -0.0133993
v 0.139206 0.0853576 -0.012585
v 0.144849 0.0843246 -0.0136226
v 0.139209 0.0840411 -0.0125755
v 0.146089 0.0830665 -0.0138402
v 0.139216 0.082724 -0.0125693
v 0.14733 0.0818125 -0.0140636
v 0.139222 0.0814022 -0.0125571
v 0.14857 0.0805542 -0.0142812
v 0.139223 0.0800881 -0.0125488
v 0.139225 0.0800461 -0.0125491
v 0.139187 0.080086 -0.0125442
v 0.138134 0.0800442 -0.0123569
v 0.129365 0.080045 -0.01081
v 0.129363 0.0810229 -0.0108158
v 0.137938 0.0813476 -0.0123314
v 0.129356 0.0823354 -0.0108243
v 0.136687 0.0826132 -0.0121208
v 0.129349 0.0836474 -0.0108325
v 0.135437 0.0838787 -0.0119102
v 0.129346 0.0849588 -0.010844
v 0.134188 0.0851399 -0.0116975
v 0.12934 0.0862696 -0.0108517
v 0.132938 0.0864051 -0.011487
v 0.129335 0.0875797 -0.0108592
v 0.131688 0.0876702 -0.0112764
v 0.129327 0.0888934 -0.0108685
v 0.130438 0.0889351 -0.0110659
v 0.119449 0.089957 -0.00921801
v 0.119548 0.0899579 -0.00923308
v 0.120814 0.088681 -0.00943846
v 0.119457 0.0886357 -0.0092108
v 0.122083 0.0873998 -0.00964174
v 0.119461 0.0873138 -0.00919969
v 0.123352 0.0861184 -0.00984507
v 0.119465 0.0859955 -0.00919045
v 0.124615 0.0848411 -0.0100469
v 0.119472 0.0846766 -0.00918459
v 0.125884 0.0835595 -0.0102502
v 0.119475 0.0833571 -0.00917487
v 0.127151 0.082282 -0.0104556
v 0.11948 0.0820369 -0.00916488
v 0.128416 0.0810001 -0.0106554
v 0.119484 0.0807162 -0.00915465
v 0.11949 0.0800413 -0.00915117
v 0.10956 0.0898117 -0.00764036
v 0.109799 0.08982 -0.00768087
v 0.111087 0.0885181 -0.00787508
v 0.109568 0.0884586 -0.00763278
v 0.11238 0.0872161 -0.00807291
v 0.109571 0.087109 -0.00762341
v 0.113669 0.0859139 -0.00826713
v 0.109579 0.0857546 -0.00761535
v 0.114958 0.0846115 -0.0084614
v 0.109583 0.0844038 -0.00760548
v 0.116251 0.0833091 -0.00865927
v 0.109586 0.0830522 -0.00759536
v 0.117541 0.0820065 -0.00885352
v 0.109594 0.0817001 -0.00758862
v 0.118832 0.080708 -0.00905357
v 0.109598 0.0803473 -0.00757798
v 0.1096 0.0800398 -0.00757447
v 0.109298 0.080344 -0.00753235
v 0.105749 0.0800432 -0.00699803
v 0.0996965 0.0800407 -0.00608378
v 0.0996939 0.0809671 -0.00608925
v 0.107983 0.081672 -0.00734548
v 0.0996888 0.0824108 -0.00610251
v 0.106664 0.0829999 -0.00715504
v 0.0996826 0.0838496 -0.00610971
v 0.105345 0.0843276 -0.00696457
v 0.0996748 0.0852918 -0.00611875
v 0.104024 0.0856595 -0.00677622
v 0.0996731 0.0867291 -0.00612903
v 0.102709 0.086987 -0.00658944
v 0.0996662 0.0881699 -0.00613747
v 0.101388 0.0883185 -0.00640115
v 0.0996633 0.0896099 -0.0061493
v 0.100069 0.0896458 -0.00621073
v 0.0988373 0.0809048 -0.00596695
v 0.0945455 0.0800385 -0.0053523
v 0.0897828 0.0800406 -0.00467695
v 0.0897804 0.0806902 -0.00467817
v 0.0975026 0.0822491 -0.00578752
v 0.0897751 0.0823057 -0.00469227
v 0.0961681 0.0835933 -0.00560813
v 0.0897689 0.0839161 -0.00470018
v 0.0948316 0.0849416 -0.00543085
v 0.0897648 0.0855297 -0.00471355
v 0.0934936 0.0862855 -0.00524784
v 0.0897576 0.0871425 -0.00472288
v 0.0921594 0.0876293 -0.00506851
v 0.0897546 0.0887543 -0.00473552
v 0.0908254 0.088973 -0.00488917
v 0.0892472 0.080578 -0.00460791
v 0.0882478 0.0800407 -0.00447068
v 0.0844636 0.0800371 -0.00396571
v 0.0879224 0.0819122 -0.00444267
v 0.0806732 0.0800394 -0.00346055
v 0.0865943 0.0832463 -0.00427373
v 0.0798537 0.0800387 -0.0033513
v 0.0798522 0.0816409 -0.00336377
v 0.0852698 0.0845803 -0.0041085
v 0.0798421 0.0836889 -0.00337446
v 0.083944 0.08591 -0.00393747
v 0.0798343 0.0857396 -0.00339039
v 0.0826199 0.0872438 -0.00377224
v 0.0798295 0.0877847 -0.00340362
v 0.0812921 0.0885775 -0.00360339
v 0.0798236 0.0898325 -0.00341836
v 0.0799683 0.0899111 -0.00343816
v 0.0788908 0.0810068 -0.00323837
v 0.0782326 0.0800377 -0.0031508
v 0.0761589 0.0800361 -0.0028901
v 0.0776642 0.0822389 -0.00309318
v 0.0740856 0.0800391 -0.00263454
v 0.0764356 0.0834752 -0.00295015
v 0.0720132 0.0800384 -0.00237617
v 0.0752034 0.0847114 -0.00280345
v 0.0699397 0.0800383 -0.00211709
v 0.0739751 0.0859474 -0.00266041
v 0.0699179 0.0800365 -0.0021135
v 0.0699077 0.0830238 -0.00213213
v 0.0727431 0.0871835 -0.00251371
v 0.0698971 0.0860433 -0.00214978
v 0.071517 0.0884151 -0.00236857
v 0.0698863 0.0890639 -0.0021683
v 0.0702889 0.0896509 -0.00222557
v 0.0688144 0.0811445 -0.00199295
v 0.0686387 0.0800368 -0.00196485
v 0.0673479 0.0800377 -0.0018177
v 0.0676978 0.0822657 -0.00187101
v 0.066053 0.0800389 -0.00166662
v 0.0665813 0.0833867 -0.00174908
v 0.0647633 0.080036 -0.00151683
v 0.065467 0.0845035 -0.00162503
v 0.0634674 0.0800375 -0.00136523
v 0.0643507 0.0856244 -0.00150312
v 0.0621747 0.0800393 -0.00121705
v 0.0632344 0.0867453 -0.00138124
v 0.0608837 0.080037 -0.00106647
v 0.0621203 0.0878618 -0.00125722
v 0.0599688 0.0800379 -0.000962733
v 0.0599609 0.082368 -0.000974421
v 0.0610042 0.0889825 -0.00113533
v 0.0597129 0.0802928 -0.000935184
v 0.0597104 0.0800363 -0.000932423
v 0.0588248 0.0800394 -0.000839299
v 0.0588417 0.0811673 -0.000847319
v 0.057941 0.0800383 -0.000743956
v 0.0579668 0.0820417 -0.000755795
v 0.0570571 0.0800373 -0.000648469
v 0.0570935 0.0829203 -0.000670066
v 0.0561729 0.0800364 -0.000552865
v 0.0562224 0.0837947 -0.000582213
v 0.0552885 0.0800356 -0.000457143
v 0.0553454 0.0846733 -0.000492829
v 0.0544055 0.0800392 -0.000367129
v 0.0544744 0.0855476 -0.000404984
v 0.0535207 0.0800386 -0.000271146
v 0.0535997 0.0864218 -0.000313455
v 0.0526356 0.0800381 -0.000175046
v 0.0527266 0.0873003 -0.000227772
v 0.051754 0.0800377 -8.2551e-05
v 0.0518557 0.0881745 -0.000139913
v 0.0508685 0.0800374 1.37841e-05
v 0.0509811 0.0890486 -4.83958e-05
v 0.0500052 0.0800393 0.000106887
v 0.0500024 0.0815564 9.69963e-05
v 0.0501082 0.089927 3.73011e-05
v 0.0499843 0.0800612 0.000107848
v 0.0499869 0.0800374 0.000106751
v 0.0491392 0.080037 0.000192621
v 0.0491854 0.0808606 0.000183714
v 0.048295 0.0800367 0.000274878
v 0.0483844 0.0816642 0.000257498
v 0.0474506 0.0800364 0.000357273
v 0.0475855 0.0824635 0.000333332
v 0.0466061 0.0800363 0.000439805
v 0.0467845 0.083267 0.000407083
v 0.0457613 0.0800363 0.000522395
v 0.0459857 0.0840663 0.000482938
v 0.0449126 0.0800363 0.000608826
v 0.0451848 0.0848698 0.000556684
v 0.0440674 0.0800364 0.00069164
v 0.0443861 0.0856689 0.000632533
v 0.0432221 0.0800366 0.000774591
v 0.0435852 0.0864723 0.000706273
v 0.0423802 0.0800369 0.000853923
v 0.0427844 0.0872757 0.000779983
v 0.0415344 0.0800373 0.00093707
v 0.0419857 0.0880748 0.000855823
v 0.0406885 0.0800378 0.00102036
v 0.041185 0.0888781 0.000929581
v 0.0400395 0.0800363 0.00108563
v 0.0400286 0.0833412 0.00106832
v 0.0403864 0.0896772 0.00100542
v 0.0399117 0.0801635 0.00109691
v 0.0398818 0.0800357 0.00110049
v 0.039205 0.0800374 0.00115838
v 0.0393725 0.0807034 0.00114285
v 0.0385242 0.080039 0.00122001
v 0.038837 0.0812432 0.00118508
v 0.0378493 0.0800366 0.00128019
v 0.0383 0.0817788 0.00123316
v 0.0371683 0.0800384 0.00134196
v 0.0377609 0.0823187 0.00127913
v 0.036493 0.0800359 0.00140223
v 0.0372217 0.0828585 0.00132504
v 0.0358155 0.0800379 0.00146046
v 0.0366825 0.0833984 0.00137098
v 0.0351363 0.0800356 0.00152458
v 0.0361434 0.0839382 0.00141691
v 0.0344585 0.0800377 0.00158295
v 0.0356043 0.084478 0.00146287
v 0.0337828 0.0800355 0.00164351
v 0.0350652 0.0850178 0.00150878
v 0.033101 0.0800376 0.00170571
v 0.0345261 0.0855576 0.00155471
v 0.032425 0.0800356 0.00176641
v 0.033987 0.0860973 0.00160065
v 0.0317467 0.0800379 0.00182505
v 0.0334501 0.0866328 0.00164874
v 0.0310705 0.0800359 0.00188589
v 0.032911 0.0871726 0.00169467
v 0.0303919 0.0800383 0.00194467
v 0.032372 0.0877123 0.0017406
v 0.0300602 0.0800378 0.00197652
v 0.0300591 0.0813713 0.0019706
v 0.0318329 0.088252 0.0017865
v 0.0300496 0.0839732 0.00196281
v 0.031294 0.0887917 0.00183245
v 0.0300452 0.0865727 0.00195221
v 0.030755 0.0893314 0.00187838
v 0.0300365 0.089174 0.00194408
v 0.030216 0.0898711 0.0019243
v 0.0298896 0.0802089 0.0019894
v 0.0287444 0.0800364 0.0020804
v 0.0261733 0.0800361 0.00228798
v 0.0295482 0.0805511 0.00201498
v 0.0236062 0.0800323 0.00249495
v 0.0292089 0.0808889 0.00204267
v 0.0210351 0.0800336 0.00270079
v 0.0288696 0.0812267 0.00207037
v 0.0200728 0.0800338 0.00277831
v 0.0200743 0.0802786 0.00277484
v 0.0285341 0.0815645 0.00209437
v 0.0200751 0.0806659 0.00277514
v 0.0281927 0.0819066 0.00211994
v 0.0200738 0.0810574 0.00277326
v 0.0278534 0.0822444 0.00214763
v 0.0200688 0.0814489 0.00277514
v 0.0275141 0.0825822 0.00217535
v 0.0200675 0.0818403 0.00277331
v 0.0271786 0.08292 0.00219935
v 0.0200684 0.0822273 0.00277366
v 0.0268372 0.0832621 0.0022249
v 0.0200672 0.0826186 0.00277187
v 0.026498 0.0835999 0.00225262
v 0.0200661 0.0830099 0.00277013
v 0.0261587 0.0839377 0.00228033
v 0.0200649 0.0834011 0.00276838
v 0.0258232 0.0842755 0.00230431
v 0.0200639 0.0837922 0.00276667
v 0.0254818 0.0846175 0.00232988
v 0.0200649 0.084179 0.0027671
v 0.0251426 0.0849553 0.00235757
v 0.0200639 0.0845701 0.00276544
v 0.0248034 0.0852931 0.00238528
v 0.0200629 0.084961 0.00276378
v 0.0244678 0.0856308 0.00240925
v 0.020062 0.085352 0.00276214
v 0.0241265 0.0859729 0.00243483
v 0.0200573 0.0857428 0.00276423
v 0.0237873 0.0863106 0.00246254
v 0.0200564 0.0861336 0.00276262
v 0.0234481 0.0866484 0.00249022
v 0.0200556 0.0865244 0.00276106
v 0.0231126 0.0869861 0.00251422
v 0.0200569 0.0869108 0.00276163
v 0.0227713 0.0873282 0.00253979
v 0.0200561 0.0873015 0.0027601
v 0.022432 0.0876659 0.00256748
v 0.0200553 0.087692 0.00275855
v 0.0220929 0.0880036 0.00259519
v 0.0200546 0.0880826 0.00275707
v 0.0217537 0.0883414 0.0026229
v 0.0200539 0.0884731 0.0027556
v 0.0214161 0.0886834 0.00264473
v 0.0200532 0.0888635 0.00275413
v 0.0210769 0.0890211 0.00267244
v 0.0200489 0.0892539 0.00275642
v 0.0207378 0.0893588 0.00270015
v 0.0200483 0.0896442 0.00275498
v 0.0203986 0.0896965 0.00272783
v 0.0200477 0.0900345 0.00275359
v 0.020061 0.0900385 0.00274968
v 0.0100616 0.0900343 0.00347447
v 0.0100666 0.0900352 0.00347147
v 0.0102459 0.0898554 0.00345943
v 0.0100633 0.0898988 0.00347066
v 0.0104253 0.0896756 0.00344739
v 0.0100634 0.089759 0.00347272
v 0.0106047 0.0894959 0.0034354
v 0.0100634 0.0896191 0.00347478
v 0.0107841 0.0893162 0.00342336
v 0.010065 0.0894835 0.00347094
v 0.0109672 0.0891364 0.00340762
v 0.0100652 0.0893437 0.00347302
v 0.0111466 0.0889567 0.00339561
v 0.0100652 0.0892038 0.00347508
v 0.011326 0.0887769 0.00338356
v 0.0100632 0.0890682 0.00347499
v 0.0115054 0.0885972 0.00337158
v 0.010067 0.0889283 0.00347335
v 0.0116848 0.0884174 0.00335953
v 0.0100649 0.0887927 0.00347326
v 0.0118642 0.0882377 0.00334749
v 0.0100651 0.0886528 0.00347534
v 0.0120436 0.0880579 0.00333548
v 0.0100688 0.0885129 0.00347368
v 0.012223 0.0878782 0.00332346
v 0.0100668 0.0883773 0.00347361
v 0.0124061 0.0876984 0.00330772
v 0.0100669 0.0882374 0.0034757
v 0.0125856 0.0875187 0.00329571
v 0.0100649 0.0881018 0.00347563
v 0.0127649 0.0873389 0.00328367
v 0.0100688 0.0879618 0.00347399
v 0.0129444 0.0871592 0.00327165
v 0.0100689 0.0878219 0.00347608
v 0.0131237 0.0869794 0.00325961
v 0.0100668 0.0876862 0.00347601
v 0.0133032 0.0867996 0.00324759
v 0.010067 0.0875463 0.00347813
v 0.0134826 0.0866199 0.00323558
v 0.0100688 0.0874107 0.00347436
v 0.0136657 0.0864401 0.00321981
v 0.0100689 0.0872707 0.00347645
v 0.0138451 0.0862604 0.00320782
v 0.010069 0.0871307 0.00347853
v 0.0140245 0.0860806 0.00319578
v 0.0100707 0.086995 0.00347477
v 0.014204 0.0859008 0.00318376
v 0.0100709 0.086855 0.00347688
v 0.0143833 0.0857211 0.00317172
v 0.0100689 0.0867193 0.00347685
v 0.0145628 0.0855413 0.00315971
v 0.0100691 0.0865793 0.00347896
v 0.0147422 0.0853615 0.00314769
v 0.0100708 0.0864436 0.0034752
v 0.0149216 0.0851818 0.00313567
v 0.010071 0.0863036 0.00347731
v 0.0151048 0.085002 0.00311993
v 0.0100712 0.0861636 0.00347945
v 0.0152842 0.0848222 0.00310789
v 0.0100729 0.0860279 0.00347568
v 0.0154636 0.0846425 0.00309587
v 0.0100731 0.0858878 0.0034778
v 0.015643 0.0844627 0.00308386
v 0.0100712 0.0857521 0.00347779
v 0.0158224 0.0842829 0.00307181
v 0.0100714 0.085612 0.00347992
v 0.0160019 0.0841031 0.0030598
v 0.0100753 0.085472 0.00347831
v 0.0161813 0.0839234 0.00304778
v 0.0100733 0.0853362 0.0034783
v 0.0163607 0.0837436 0.00303574
v 0.0100735 0.0851961 0.00348044
v 0.0165439 0.0835638 0.00302
v 0.0100754 0.0850604 0.00347673
v 0.0167233 0.083384 0.00300798
v 0.0100755 0.0849203 0.00347884
v 0.0169027 0.0832042 0.00299593
v 0.0100736 0.0847845 0.00347886
v 0.0170844 0.0830202 0.00298609
v 0.0100738 0.0846444 0.003481
v 0.0172616 0.0828447 0.0029719
v 0.0100757 0.0845086 0.00347729
v 0.0174432 0.0826606 0.00296203
v 0.0100758 0.0843685 0.0034794
v 0.0176227 0.0824808 0.00295001
v 0.0100761 0.0842284 0.00348157
v 0.0178058 0.0823011 0.00293427
v 0.0100742 0.0840926 0.00348158
v 0.0179852 0.0821212 0.00292223
v 0.0100782 0.0839524 0.00348002
v 0.0181646 0.0819414 0.00291018
v 0.0100763 0.0838166 0.00348004
v 0.0183441 0.0817617 0.00289817
v 0.0100765 0.0836765 0.00348221
v 0.0185236 0.0815819 0.00288615
v 0.0100784 0.0835406 0.00347849
v 0.018703 0.0814021 0.00287413
v 0.0100786 0.0834005 0.00348066
v 0.0188825 0.0812223 0.00286211
v 0.0100767 0.0832646 0.00348068
v 0.0190619 0.0810425 0.00285009
v 0.010077 0.0831244 0.00348287
v 0.0192451 0.0808627 0.00283433
v 0.010081 0.0829842 0.00348131
v 0.0194245 0.0806829 0.00282231
v 0.0100791 0.0828483 0.00348132
v 0.0196039 0.0805031 0.00281026
v 0.0100794 0.0827082 0.00348352
v 0.0197834 0.0803233 0.00279824
v 0.0100813 0.0825723 0.00347983
v 0.0199629 0.0801435 0.00278623
v 0.0100816 0.0824321 0.00348203
v 0.0198517 0.0800317 0.00279439
v 0.0100797 0.0822962 0.00348207
v 0.0192582 0.0800328 0.00283344
v 0.01008 0.082156 0.00348426
v 0.0186609 0.080034 0.00287625
v 0.0100819 0.08202 0.00348058
v 0.0180656 0.080031 0.00292127
v 0.0100822 0.0818798 0.00348277
v 0.0174718 0.0800323 0.00296048
v 0.0100804 0.0817439 0.00348284
v 0.0168763 0.0800293 0.00300561
v 0.0100806 0.0816036 0.00348501
v 0.0162823 0.0800306 0.0030449
v 0.0100826 0.0814677 0.00348135
v 0.0156845 0.0800321 0.00308801
v 0.0100829 0.0813274 0.00348357
v 0.0150924 0.0800293 0.00312955
v 0.010081 0.0811915 0.00348361
v 0.0144944 0.0800308 0.00317273
v 0.0100851 0.0810512 0.0034821
v 0.0139021 0.080028 0.0032144
v 0.0100855 0.0809109 0.00348433
v 0.0133038 0.0800296 0.00325766
v 0.0100837 0.0807749 0.0034844
v 0.0127114 0.080027 0.00329944
v 0.010084 0.0806346 0.00348662
v 0.012113 0.0800287 0.00334286
v 0.0100859 0.0804987 0.00348296
v 0.0115204 0.0800262 0.00338473
v 0.0100863 0.0803584 0.0034852
v 0.0109255 0.080028 0.0034245
v 0.0100845 0.0802224 0.00348527
v 0.0103289 0.0800255 0.00347018
v 0.0100848 0.080082 0.0034875
v 0.010087 0.0800264 0.00348462
v 0.0200629 0.084961 0.00276378
v 3.3691e-06 0.089932 9.38812e-07
v 8.65454e-05 0.0899237 2.8552e-05
v 0.000198195 0.089815 6.58125e-05
v 5.18974e-06 0.0898335 -1.95494e-06
v 0.000312042 0.0897021 0.000105253
v 3.22968e-06 0.0897349 -1.13965e-06
v 0.000425841 0.0895891 0.000144666
v 1.26953e-06 0.0896363 -3.24312e-07
v 0.000539639 0.0894761 0.000184079
v 5.24477e-06 0.0895334 -1.06381e-06
v 0.000651279 0.0893674 0.000221336
v 3.28457e-06 0.0894348 -2.48428e-07
v 0.000765072 0.0892545 0.000260747
v 1.36912e-06 0.0893362 5.9374e-07
v 0.000878907 0.0891415 0.000300184
v 3.18999e-06 0.0892376 -2.30046e-06
v 0.000992695 0.0890286 0.000339593
v 3.38432e-06 0.0891347 6.69676e-07
v 0.00110648 0.0889156 0.000379002
v 5.20532e-06 0.0890361 -2.22467e-06
v 0.00121816 0.088807 0.000416282
v 3.24488e-06 0.0889375 -1.40921e-06
v 0.00133194 0.088694 0.000455689
v 1.32919e-06 0.0888389 -5.6697e-07
v 0.00144198 0.088581 0.00049883
v 5.30522e-06 0.088736 -1.30662e-06
v 0.00155576 0.0884681 0.000538236
v 3.38949e-06 0.0886374 -4.6433e-07
v 0.00166742 0.0883595 0.000575513
v 1.47366e-06 0.0885387 3.78e-07
v 0.00178119 0.0882465 0.000614917
v 3.25003e-06 0.0884401 -2.54354e-06
v 0.00189496 0.0881336 0.00065432
v 3.53412e-06 0.0883372 4.80695e-07
v 0.00200878 0.0880206 0.000693748
v 5.3555e-06 0.0882385 -2.41423e-06
v 0.00212039 0.087912 0.000730996
v 3.43953e-06 0.0881399 -1.57186e-06
v 0.0022342 0.0877991 0.000770423
v 1.52346e-06 0.0880413 -7.29456e-07
v 0.002348 0.0876862 0.00080985
v 5.54516e-06 0.0879383 -1.4425e-06
v 0.00246171 0.0875732 0.000849222
v 3.58418e-06 0.0878397 -6.26803e-07
v 0.00257551 0.0874603 0.000888647
v 1.71284e-06 0.087741 2.42449e-07
v 0.00268711 0.0873517 0.000925891
v 3.53444e-06 0.0876424 -2.65291e-06
v 0.00280091 0.0872388 0.000965314
v 3.8186e-06 0.0875394 3.71917e-07
v 0.00291466 0.0871258 0.00100471
v 1.90225e-06 0.0874408 1.2145e-06
v 0.00302845 0.0870129 0.00104413
v 3.76887e-06 0.0873421 -1.6543e-06
v 0.00314004 0.0869043 0.00108137
v 1.8973e-06 0.0872435 -7.8496e-07
v 0.00325379 0.0867914 0.00112077
v 5.87493e-06 0.0871405 -1.52491e-06
v 0.00336757 0.0866785 0.00116018
v 3.95845e-06 0.0870418 -6.8229e-07
v 0.00348135 0.0865656 0.0011996
v 2.13162e-06 0.0869431 2.13898e-07
v 0.00359509 0.0864527 0.00123899
v 3.9536e-06 0.0868444 -2.68204e-06
v 0.00370298 0.0863441 0.00127999
v 2.0818e-06 0.0867458 -1.81263e-06
v 0.00381671 0.0862312 0.00131938
v 2.36598e-06 0.0866428 1.21291e-06
v 0.00393044 0.0861183 0.00135877
v 4.23298e-06 0.0865441 -1.65646e-06
v 0.00404421 0.0860054 0.00139819
v 2.36105e-06 0.0864454 -7.86953e-07
v 0.00415578 0.0858968 0.00143542
v 4.18325e-06 0.0863467 -3.68328e-06
v 0.00426955 0.085784 0.00147483
v 4.5124e-06 0.0862437 -6.30726e-07
v 0.00438327 0.085671 0.00151422
v 2.59545e-06 0.0861449 2.12104e-07
v 0.00449698 0.0855581 0.0015536
v 4.50757e-06 0.0860463 -2.63088e-06
v 0.00461074 0.0854453 0.00159301
v 2.63542e-06 0.0859475 -1.76128e-06
v 0.00472235 0.0853367 0.00163027
v 2.91967e-06 0.0858445 1.26485e-06
v 0.0048361 0.0852239 0.00166968
v 4.83194e-06 0.0857458 -1.57831e-06
v 0.00494981 0.085111 0.00170906
v 2.95965e-06 0.0856471 -7.0863e-07
v 0.00506356 0.0849981 0.00174847
v 1.08727e-06 0.0855483 1.61097e-07
v 0.00517726 0.0848852 0.00178785
v 2.99964e-06 0.0854496 -2.68231e-06
v 0.00528886 0.0847767 0.0018251
v 3.32883e-06 0.0853466 3.70955e-07
v 0.00540256 0.0846638 0.00186448
v 5.19645e-06 0.0852479 -2.49936e-06
v 0.0055163 0.084551 0.00190388
v 3.36884e-06 0.0851491 -1.60282e-06
v 0.00562999 0.0844381 0.00194326
v 1.49623e-06 0.0850504 -7.33004e-07
v 0.00574373 0.0843252 0.00198266
v 5.56583e-06 0.0849473 -1.4198e-06
v 0.00585531 0.0842167 0.00201991
v 3.73809e-06 0.0848486 -5.23165e-07
v 0.00596904 0.0841039 0.00205931
v 1.86536e-06 0.0847498 3.4674e-07
v 0.00607899 0.083991 0.00210242
v 3.77813e-06 0.0846511 -2.49723e-06
v 0.00619272 0.0838782 0.00214182
v 1.9502e-06 0.0845523 -1.60055e-06
v 0.00630425 0.0837696 0.00217904
v 2.27944e-06 0.0844492 1.45343e-06
v 0.00641797 0.0836568 0.00221844
v 4.19236e-06 0.0843505 -1.39073e-06
v 0.00653169 0.0835439 0.00225783
v 2.3194e-06 0.0842517 -5.20735e-07
v 0.00664541 0.0834311 0.00229723
v 4.27733e-06 0.0841529 -3.3383e-06
v 0.00675908 0.0833183 0.0023366
v 4.60666e-06 0.0840498 -2.8406e-07
v 0.00687064 0.0832098 0.00237384
v 2.82339e-06 0.0839511 6.39591e-07
v 0.00698436 0.0830969 0.00241323
v 4.69165e-06 0.0838523 -2.23172e-06
v 0.00709802 0.0829841 0.0024526
v 2.9083e-06 0.0837535 -1.30807e-06
v 0.00721173 0.0828713 0.00249199
v 1.07994e-06 0.0836547 -4.11162e-07
v 0.00732539 0.0827584 0.00253136
v 5.15095e-06 0.0835516 -1.09819e-06
v 0.00743694 0.0826499 0.0025686
v 3.36747e-06 0.0834528 -1.74447e-07
v 0.00755064 0.0825371 0.00260799
v 1.53899e-06 0.083354 7.22558e-07
v 0.00766438 0.0824244 0.0026474
v 3.49734e-06 0.0832552 -2.0956e-06
v 0.00777803 0.0823115 0.00268676
v 1.66877e-06 0.0831564 -1.1986e-06
v 0.00789172 0.0821987 0.00272615
v 5.78522e-06 0.0830533 -1.85895e-06
v 0.00800326 0.0820902 0.00276339
v 3.95662e-06 0.0829544 -9.61897e-07
v 0.00811691 0.0819774 0.00280275
v 2.17284e-06 0.0828556 -3.80091e-08
v 0.00823059 0.0818646 0.00284213
v 4.13145e-06 0.0827568 -2.85654e-06
v 0.00834428 0.0817518 0.00288152
v 2.34759e-06 0.082658 -1.93265e-06
v 0.00845791 0.081639 0.00292087
v 2.67699e-06 0.0825548 1.12276e-06
v 0.00856944 0.0815305 0.0029581
v 4.68068e-06 0.082456 -1.66916e-06
v 0.00868312 0.0814177 0.00299749
v 2.85178e-06 0.0823572 -7.71972e-07
v 0.00879679 0.0813049 0.00303687
v 1.11264e-06 0.0822584 1.78854e-07
v 0.00890673 0.0811922 0.00307998
v 3.02658e-06 0.0821595 -2.66689e-06
v 0.0090204 0.0810794 0.00311936
v 3.4459e-06 0.0820564 4.42477e-07
v 0.00913407 0.0809666 0.00315874
v 5.40493e-06 0.0819575 -2.3766e-06
v 0.00924554 0.0808581 0.00319594
v 3.62075e-06 0.0818586 -1.45252e-06
v 0.00935925 0.0807454 0.00323534
v 1.83648e-06 0.0817598 -5.28393e-07
v 0.00947287 0.0806326 0.00327469
v 3.79561e-06 0.0816609 -3.34771e-06
v 0.00958653 0.0805198 0.00331407
v 4.215e-06 0.0815578 -2.37972e-07
v 0.00970018 0.080407 0.00335344
v 2.43061e-06 0.0814589 6.86256e-07
v 0.00981168 0.0802986 0.00339066
v 4.38991e-06 0.08136 -2.13324e-06
v 0.00992534 0.0801858 0.00343004
v 2.65037e-06 0.0812611 -1.18221e-06
v 0.010039 0.0800731 0.00346941
v 9.10754e-07 0.0811623 -2.31137e-07
v 0.00955302 0.0800264 0.00330107
v 5.02923e-06 0.0810591 -8.91788e-07
v 0.00865306 0.0800237 0.00298866
v 3.28959e-06 0.0809602 5.93417e-08
v 0.00774905 0.0800212 0.00267994
v 5.24915e-06 0.0808613 -2.76052e-06
v 0.00684862 0.0800189 0.00236753
v 3.50942e-06 0.0807624 -1.80939e-06
v 0.00594796 0.0800169 0.00205511
v 1.7696e-06 0.0806635 -8.58212e-07
v 0.00504702 0.080015 0.00174267
v 3.77422e-06 0.0805646 -3.6515e-06
v 0.00414594 0.0800134 0.00143028
v 4.19372e-06 0.0804614 -5.40921e-07
v 0.00324457 0.080012 0.00111786
v 2.4538e-06 0.0803625 4.1036e-07
v 0.00234302 0.0800108 0.00080546
v 4.41363e-06 0.0802636 -2.40992e-06
v 0.00144119 0.0800098 0.000493034
v 2.71857e-06 0.0801647 -1.43183e-06
v 0.00053763 0.0800048 0.000186563
v 9.78475e-07 0.0800658 -4.80495e-07
v 4.03701e-06 0.0800049 -1.89707e-06
v 0.0100791 0.0828483 0.00348132
v 0.0100837 0.0807749 0.0034844
v 0.902905 0.07006 -0.430645
v 0.912584 0.0700585 -0.434987
v 0.895799 0.0700582 -0.423564
v 0.888638 0.0700571 -0.416518
v 0.88144 0.0700567 -0.409523
v 0.874195 0.0700571 -0.402568
v 0.866906 0.0700545 -0.395654
v 0.859569 0.0700564 -0.388785
v 0.856477 0.0742481 -0.385919
v 0.855836 0.0700528 -0.385329
v 0.852192 0.0700554 -0.38196
v 0.844776 0.0700515 -0.375181
v 0.837989 0.079149 -0.369046
v 0.837944 0.0700541 -0.369017
v 0.837315 0.0700524 -0.368448
v 0.829811 0.0700504 -0.361756
v 0.822265 0.0700495 -0.355112
v 0.820915 0.0718319 -0.353936
v 0.820938 0.0700519 -0.35396
v 0.814678 0.0700499 -0.348513
v 0.807052 0.0700476 -0.341961
v 0.799469 0.079931 -0.335516
v 0.799558 0.0700483 -0.335603
v 0.799382 0.0700507 -0.335456
v 0.791675 0.0700476 -0.328995
v 0.783924 0.0700461 -0.322578
v 0.776139 0.0700463 -0.316213
v 0.768313 0.0700445 -0.309893
v 0.760444 0.0700445 -0.303619
v 0.752539 0.0700463 -0.297396
v 0.744598 0.0700425 -0.291218
v 0.749601 0.0700434 -0.295109
v 0.744589 0.0758743 -0.291206
v 0.736612 0.0717646 -0.285087
v 0.742934 0.0721225 -0.289938
v 0.736614 0.0700444 -0.285089
v 0.736024 0.0707796 -0.284641
v 0.734456 0.0700443 -0.283454
v 0.728599 0.0700408 -0.279011
v 0.72054 0.0700434 -0.27298
v 0.712438 0.0768869 -0.266987
v 0.714507 0.0774861 -0.268516
v 0.712449 0.0700406 -0.266999
v 0.70431 0.0739627 -0.261062
v 0.708743 0.0745913 -0.264294
v 0.704318 0.0700402 -0.261067
v 0.696133 0.0797732 -0.255168
v 0.696339 0.0797963 -0.255317
v 0.702032 0.0728368 -0.259421
v 0.696149 0.0721844 -0.255184
v 0.696152 0.0700385 -0.255186
v 0.687937 0.0764493 -0.249347
v 0.690507 0.076913 -0.251173
v 0.694907 0.0715538 -0.254301
v 0.687951 0.0702963 -0.249356
v 0.687948 0.0700392 -0.249356
v 0.687801 0.07022 -0.249253
v 0.687165 0.0700411 -0.248809
v 0.679712 0.0700386 -0.243578
v 0.679704 0.0732036 -0.243572
v 0.684273 0.0744951 -0.246777
v 0.679693 0.0784747 -0.243563
v 0.680742 0.0787722 -0.244299
v 0.677891 0.0722334 -0.242318
v 0.671904 0.070039 -0.238174
v 0.671438 0.0700367 -0.23785
v 0.671426 0.0746262 -0.237842
v 0.674863 0.0758837 -0.240219
v 0.671416 0.0793848 -0.237834
v 0.671834 0.0795376 -0.238122
v 0.6631 0.0796369 -0.232157
v 0.663358 0.0797375 -0.232331
v 0.666083 0.0764653 -0.234193
v 0.663112 0.0752567 -0.232164
v 0.668808 0.0731936 -0.236054
v 0.663124 0.070877 -0.232171
v 0.663125 0.0700374 -0.232173
v 0.662635 0.070626 -0.231844
v 0.661165 0.0700383 -0.230854
v 0.65478 0.0700367 -0.226551
v 0.654776 0.0715687 -0.226549
v 0.660073 0.0736898 -0.230118
v 0.654765 0.0756531 -0.22654
v 0.65751 0.0767546 -0.228392
v 0.654756 0.079739 -0.226535
v 0.654947 0.0798165 -0.226664
v 0.65383 0.0711688 -0.22592
v 0.650703 0.0700366 -0.223842
v 0.646398 0.0700386 -0.220983
v 0.646392 0.0724163 -0.220979
v 0.651291 0.0741903 -0.224234
v 0.646382 0.076349 -0.220971
v 0.648756 0.0772091 -0.22255
v 0.644835 0.0718887 -0.219958
v 0.638926 0.0700361 -0.216085
v 0.637981 0.0700352 -0.215464
v 0.637972 0.0736068 -0.215459
v 0.642254 0.07495 -0.218268
v 0.637963 0.0774735 -0.215455
v 0.639673 0.0780086 -0.216575
v 0.629505 0.0787924 -0.209993
v 0.630362 0.0790325 -0.210545
v 0.632967 0.0759558 -0.212227
v 0.629517 0.0749744 -0.209998
v 0.635573 0.0728802 -0.213911
v 0.629527 0.0711589 -0.210004
v 0.629532 0.0700345 -0.210005
v 0.628775 0.070923 -0.209523
v 0.625637 0.070037 -0.207526
v 0.621044 0.0700363 -0.204599
v 0.621036 0.0724861 -0.204595
v 0.626203 0.073949 -0.207888
v 0.621027 0.0762357 -0.204591
v 0.623629 0.0769723 -0.206247
v 0.621015 0.0799841 -0.204584
v 0.621055 0.0799968 -0.20461
v 0.619406 0.0719533 -0.20357
v 0.612832 0.0700367 -0.199443
v 0.612526 0.070033 -0.199248
v 0.612511 0.0736123 -0.199243
v 0.616896 0.0748924 -0.201997
v 0.612505 0.0772753 -0.19924
v 0.614389 0.077829 -0.200425
v 0.603942 0.0782303 -0.193942
v 0.605175 0.0786037 -0.194707
v 0.607646 0.0757231 -0.196234
v 0.603956 0.0746103 -0.19395
v 0.610115 0.0728441 -0.19776
v 0.603967 0.0709893 -0.193953
v 0.603968 0.0700362 -0.193955
v 0.612514 0.0736123 -0.199246
v 0.603319 0.0707909 -0.19356
v 0.600879 0.0700329 -0.192068
v 0.595379 0.0700344 -0.188716
v 0.595374 0.0719551 -0.188716
v 0.600855 0.0736484 -0.192057
v 0.595362 0.0755715 -0.188708
v 0.598391 0.0765113 -0.190558
v 0.595351 0.0791909 -0.188705
v 0.595926 0.0793719 -0.189057
v 0.594076 0.0715435 -0.187935
v 0.589303 0.0700325 -0.185064
v 0.586755 0.0700354 -0.183536
v 0.586746 0.0728506 -0.183533
v 0.591616 0.0743896 -0.18646
v 0.586737 0.0764668 -0.183528
v 0.589155 0.0772335 -0.184984
v 0.578077 0.0772609 -0.178407
v 0.579955 0.0778697 -0.17952
v 0.582404 0.0750467 -0.180964
v 0.578088 0.0736527 -0.178409
v 0.584851 0.0722292 -0.182412
v 0.578101 0.0700474 -0.178415
v 0.578102 0.0700315 -0.178414
v 0.578094 0.0700414 -0.178409
v 0.578063 0.0700339 -0.178392
v 0.569411 0.0700344 -0.173351
v 0.569408 0.0707901 -0.173347
v 0.575655 0.0728405 -0.176993
v 0.569397 0.0743822 -0.173346
v 0.573216 0.0756374 -0.175574
v 0.569383 0.0779734 -0.173342
v 0.57078 0.078432 -0.174156
v 0.568898 0.0706173 -0.173055
v 0.567117 0.0700324 -0.172032
v 0.560686 0.0700326 -0.168342
v 0.560684 0.0714893 -0.168344
v 0.566471 0.0733929 -0.171665
v 0.56067 0.0750592 -0.168339
v 0.564041 0.0761703 -0.170275
v 0.560658 0.0786322 -0.168338
v 0.561614 0.0789455 -0.168886
v 0.559699 0.0711581 -0.167788
v 0.556279 0.0700303 -0.165851
v 0.55193 0.0700339 -0.163397
v 0.551922 0.0721525 -0.163395
v 0.557282 0.0739103 -0.166425
v 0.551911 0.0756986 -0.163394
v 0.554861 0.0766683 -0.165063
v 0.551897 0.079244 -0.16339
v 0.552442 0.0794203 -0.163697
v 0.55049 0.0716661 -0.162598
v 0.545489 0.0700325 -0.159816
v 0.543142 0.0700305 -0.158509
v 0.543134 0.072781 -0.15851
v 0.548082 0.0743986 -0.161264
v 0.543118 0.0762975 -0.158507
v 0.545676 0.0771292 -0.15993
v 0.543108 0.0798095 -0.158505
v 0.543265 0.0798616 -0.158592
v 0.541268 0.0721502 -0.157488
v 0.534722 0.0700318 -0.153905
v 0.534322 0.0700306 -0.153685
v 0.53431 0.0733796 -0.153683
v 0.538873 0.074859 -0.156184
v 0.534298 0.076857 -0.153682
v 0.536477 0.0775658 -0.154877
v 0.525443 0.0773899 -0.14892
v 0.527269 0.0779752 -0.149905
v 0.529649 0.0752923 -0.151178
v 0.525455 0.0739528 -0.148922
v 0.532032 0.0726115 -0.152457
v 0.525468 0.0705154 -0.148923
v 0.525471 0.0700301 -0.148922
v 0.533412 0.0800413 -0.153209
v 0.525138 0.0704038 -0.148747
v 0.523958 0.0700292 -0.14812
v 0.516585 0.0700293 -0.144216
v 0.516583 0.0711021 -0.144219
v 0.522775 0.0730546 -0.147499
v 0.516568 0.074498 -0.144219
v 0.520409 0.0757074 -0.146252
v 0.516555 0.0778898 -0.144216
v 0.518044 0.0783625 -0.145006
v 0.515843 0.0708613 -0.143834
v 0.513173 0.0700292 -0.14244
v 0.507668 0.0700321 -0.139577
v 0.507662 0.0716748 -0.139577
v 0.513498 0.0734843 -0.142618
v 0.507652 0.075021 -0.139577
v 0.51115 0.0761095 -0.141402
v 0.507636 0.0783709 -0.139576
v 0.508804 0.0787329 -0.140186
v 0.506526 0.0713024 -0.138993
v 0.502352 0.0700305 -0.136856
v 0.498724 0.0700309 -0.135001
v 0.498716 0.0722263 -0.135
v 0.504197 0.0739017 -0.13781
v 0.498702 0.0755305 -0.135001
v 0.501868 0.0764954 -0.136622
v 0.49869 0.0788306 -0.135
v 0.499537 0.0790914 -0.135434
v 0.497187 0.071735 -0.134229
v 0.49151 0.0700318 -0.131373
v 0.489746 0.0700298 -0.130484
v 0.489737 0.0727544 -0.130485
v 0.494877 0.0743026 -0.133076
v 0.489721 0.0760121 -0.130485
v 0.492567 0.0768646 -0.131917
v 0.489707 0.079266 -0.130483
v 0.490256 0.0794329 -0.130763
v 0.480698 0.079661 -0.126035
v 0.480968 0.0797401 -0.126167
v 0.483256 0.0772117 -0.127296
v 0.480711 0.0764543 -0.126034
v 0.485543 0.0746778 -0.128416
v 0.480723 0.0732517 -0.126034
v 0.48783 0.0721502 -0.129544
v 0.480736 0.0700453 -0.126033
v 0.480737 0.0700288 -0.126032
v 0.480727 0.0700426 -0.126029
v 0.48069 0.0700285 -0.12601
v 0.471701 0.0700281 -0.121646
v 0.471697 0.0705507 -0.121646
v 0.478467 0.0725353 -0.124939
v 0.471684 0.0737046 -0.12165
v 0.476206 0.0750265 -0.123845
v 0.47167 0.076855 -0.121648
v 0.473945 0.0775201 -0.122754
v 0.471659 0.0800056 -0.121649
v 0.471683 0.0800123 -0.12166
v 0.47133 0.0704338 -0.121469
v 0.469924 0.0700303 -0.120802
v 0.462633 0.0700279 -0.117324
v 0.462626 0.0710267 -0.117325
v 0.469094 0.0728904 -0.120409
v 0.462612 0.074124 -0.117325
v 0.466858 0.0753496 -0.119352
v 0.462601 0.0772219 -0.117329
v 0.464626 0.0778034 -0.118293
v 0.461921 0.0708082 -0.116993
v 0.459163 0.0700307 -0.115702
v 0.453532 0.0700283 -0.113065
v 0.453525 0.0714873 -0.113067
v 0.459704 0.073234 -0.115961
v 0.453513 0.0745338 -0.113067
v 0.457488 0.0756624 -0.114932
v 0.453499 0.0775848 -0.11307
v 0.455275 0.0780854 -0.113901
v 0.452481 0.0711766 -0.112586
v 0.448334 0.0700286 -0.110678
v 0.444406 0.0700296 -0.108876
v 0.444398 0.0719497 -0.108876
v 0.450283 0.0735768 -0.111582
v 0.444385 0.0749553 -0.108878
v 0.448085 0.0759796 -0.110581
v 0.444373 0.0779616 -0.108881
v 0.445885 0.0783811 -0.109577
v 0.443011 0.0715485 -0.108252
v 0.437402 0.0700302 -0.10572
v 0.435252 0.0700279 -0.104751
v 0.43524 0.0724128 -0.104754
v 0.440828 0.0739232 -0.107274
v 0.435227 0.0753738 -0.104753
v 0.438645 0.0763006 -0.106297
v 0.435214 0.0783396 -0.104757
v 0.43646 0.0786768 -0.105318
v 0.433513 0.0719153 -0.103989
v 0.426403 0.0700294 -0.100841
v 0.426067 0.0700273 -0.100691
v 0.426053 0.0728564 -0.100693
v 0.43135 0.07426 -0.103037
v 0.426041 0.0757753 -0.100698
v 0.429186 0.0766075 -0.102088
v 0.426027 0.078691 -0.100698
v 0.427022 0.0789577 -0.101141
v 0.416816 0.0790096 -0.0967115
v 0.417579 0.0792111 -0.0970438
v 0.419719 0.0768953 -0.0979621
v 0.416826 0.0761452 -0.0967081
v 0.421855 0.0745822 -0.0988794
v 0.416838 0.0732777 -0.0967034
v 0.423994 0.072272 -0.0998024
v 0.416853 0.0704113 -0.0967028
v 0.416855 0.0700281 -0.0967015
v 0.416572 0.0703331 -0.0965835
v 0.415387 0.0700268 -0.0960782
v 0.407614 0.0700305 -0.0927807
v 0.407612 0.0708588 -0.0927807
v 0.41446 0.0726101 -0.0956921
v 0.407598 0.0736735 -0.0927813
v 0.412347 0.07489 -0.094803
v 0.407586 0.0764893 -0.092786
v 0.410235 0.0771688 -0.0939142
v 0.407574 0.0793062 -0.0927914
v 0.408121 0.0794464 -0.0930224
v 0.406996 0.0706912 -0.0925229
v 0.404352 0.0700276 -0.0914208
v 0.398349 0.0700266 -0.0889249
v 0.398341 0.0712905 -0.0889255
v 0.40491 0.0729383 -0.0916649
v 0.39833 0.0740541 -0.0889286
v 0.402823 0.0751804 -0.0908018
v 0.398317 0.0768229 -0.0889345
v 0.400733 0.0774253 -0.0899375
v 0.398303 0.0795849 -0.0889337
v 0.398645 0.0796732 -0.089079
v 0.397405 0.07104 -0.088545
v 0.393287 0.0700297 -0.0868639
v 0.389053 0.0700287 -0.0851399
v 0.389046 0.071708 -0.0851424
v 0.39534 0.0732537 -0.087711
v 0.389034 0.0744253 -0.0851457
v 0.393273 0.0754664 -0.0868738
v 0.389022 0.077144 -0.0851497
v 0.391209 0.077682 -0.0860424
v 0.389006 0.0798641 -0.085151
v 0.389143 0.0798967 -0.0852077
v 0.387792 0.0713759 -0.0846404
v 0.382181 0.0700269 -0.0823972
v 0.379729 0.070029 -0.0814216
v 0.37972 0.0721122 -0.0814237
v 0.385748 0.0735606 -0.0838319
v 0.379712 0.0747841 -0.0814296
v 0.383703 0.0757484 -0.0830256
v 0.379697 0.0774613 -0.0814349
v 0.38166 0.0779312 -0.0822176
v 0.378155 0.0717075 -0.0808126
v 0.371031 0.0700267 -0.0780287
v 0.370385 0.0700276 -0.0777769
v 0.370372 0.0725074 -0.0777816
v 0.376131 0.0738636 -0.0800292
v 0.370361 0.0751341 -0.0777827
v 0.374111 0.0760187 -0.0792495
v 0.37035 0.0777664 -0.0777901
v 0.372087 0.078177 -0.0784686
v 0.360973 0.0780634 -0.0742136
v 0.362495 0.0784156 -0.0747967
v 0.364495 0.0762857 -0.0755493
v 0.360983 0.0754759 -0.0742079
v 0.366498 0.0741588 -0.0763077
v 0.360999 0.072886 -0.0742047
v 0.368498 0.0720312 -0.0770629
v 0.361008 0.0703017 -0.0742008
v 0.361009 0.0700288 -0.0742006
v 0.3608 0.0702509 -0.0741236
v 0.359821 0.0700288 -0.0737576
v 0.351609 0.0700289 -0.0706941
v 0.35161 0.070713 -0.0706963
v 0.358821 0.0723473 -0.0733908
v 0.351597 0.0732606 -0.0707019
v 0.356842 0.0744468 -0.0726602
v 0.351586 0.0758059 -0.0707064
v 0.354861 0.0765495 -0.0719318
v 0.351573 0.0783529 -0.0707119
v 0.35288 0.0786474 -0.0711982
v 0.351082 0.0705878 -0.0705048
v 0.34856 0.0700258 -0.069583
v 0.342186 0.0700281 -0.0672608
v 0.342181 0.0711205 -0.0672624
v 0.349122 0.0726602 -0.0697982
v 0.342171 0.0736237 -0.0672688
v 0.347163 0.0747318 -0.0690918
v 0.342158 0.0761286 -0.0672728
v 0.345205 0.0768026 -0.0683857
v 0.34215 0.0786313 -0.0672792
v 0.343242 0.0788767 -0.0676783
v 0.341343 0.0709176 -0.0669633
v 0.337236 0.0700282 -0.0654997
v 0.33274 0.0700267 -0.0639005
v 0.332731 0.0715123 -0.0639001
v 0.339404 0.0729623 -0.0662808
v 0.332721 0.0739754 -0.0639054
v 0.337464 0.0750103 -0.0656004
v 0.332709 0.0764403 -0.0639118
v 0.335527 0.0770535 -0.0649182
v 0.332699 0.078903 -0.0639171
v 0.333585 0.0791 -0.0642347
v 0.331581 0.0712447 -0.0635012
v 0.325864 0.0700282 -0.061514
v 0.323268 0.0700248 -0.0606098
v 0.323258 0.0718971 -0.060613
v 0.329663 0.073262 -0.0628424
v 0.323244 0.0743245 -0.0606187
v 0.327744 0.0752826 -0.0621857
v 0.323237 0.0767456 -0.0606249
v 0.325828 0.0772984 -0.0615272
v 0.323224 0.0791728 -0.0606307
v 0.323907 0.0793176 -0.0608673
v 0.3218 0.0715655 -0.0601197
v 0.31443 0.0700248 -0.0576166
v 0.31377 0.0700267 -0.057394
v 0.313757 0.0722757 -0.0573969
v 0.319904 0.0735556 -0.0594842
v 0.313746 0.0746636 -0.057404
v 0.318002 0.0755491 -0.0588474
v 0.313737 0.0770494 -0.0574101
v 0.316106 0.0775419 -0.0582143
v 0.313728 0.0794333 -0.0574154
v 0.314206 0.079534 -0.0575778
v 0.304207 0.079693 -0.0542749
v 0.304483 0.0797495 -0.0543661
v 0.30636 0.0777842 -0.0549794
v 0.304215 0.0773442 -0.0542665
v 0.308241 0.0758142 -0.055591
v 0.304226 0.0749974 -0.0542628
v 0.310121 0.0738476 -0.0562047
v 0.304239 0.0726446 -0.0542563
v 0.311998 0.0718804 -0.056815
v 0.304246 0.0702979 -0.0542494
v 0.30425 0.0700248 -0.054249
v 0.304036 0.0702487 -0.0541814
v 0.302911 0.0700263 -0.0538194
v 0.294707 0.0700272 -0.0511824
v 0.294702 0.070701 -0.0511818
v 0.302175 0.0721939 -0.0535923
v 0.294692 0.0730128 -0.0511876
v 0.300316 0.0741345 -0.0530013
v 0.294681 0.0753267 -0.0511947
v 0.298453 0.0760786 -0.052409
v 0.294672 0.0776388 -0.051201
v 0.296594 0.0780219 -0.0518203
v 0.294661 0.0799529 -0.0512084
v 0.294732 0.0799647 -0.0512283
v 0.294169 0.0705837 -0.0510124
v 0.291307 0.0700247 -0.0501149
v 0.285142 0.0700263 -0.0481865
v 0.285134 0.0710999 -0.0481874
v 0.292328 0.0725066 -0.0504479
v 0.285125 0.0733771 -0.0481954
v 0.290486 0.0744248 -0.049878
v 0.285115 0.0756524 -0.048199
v 0.288644 0.0763424 -0.0493083
v 0.285106 0.0779299 -0.0482075
v 0.286802 0.0782636 -0.0487407
v 0.28428 0.0709181 -0.0479252
v 0.279607 0.0700241 -0.046498
v 0.275551 0.0700262 -0.0452634
v 0.275546 0.0714951 -0.0452695
v 0.282458 0.0728148 -0.0473796
v 0.275536 0.073738 -0.0452756
v 0.280633 0.0747109 -0.0468306
v 0.275526 0.0759791 -0.0452809
v 0.278812 0.0766064 -0.0462853
v 0.275516 0.0782224 -0.0452876
v 0.276985 0.0785054 -0.0457385
v 0.274371 0.0712524 -0.0449198
v 0.267788 0.0700284 -0.0429665
v 0.265942 0.0700274 -0.0424199
v 0.265934 0.071892 -0.0424255
v 0.272562 0.0731271 -0.0443913
v 0.265926 0.0741009 -0.0424329
v 0.270757 0.0750012 -0.0438664
v 0.265916 0.0763121 -0.0424416
v 0.268949 0.0768749 -0.0433381
v 0.265904 0.0785215 -0.042446
v 0.267143 0.0787522 -0.0428155
v 0.256274 0.0788204 -0.0396779
v 0.257271 0.0790043 -0.0399679
v 0.259064 0.0771487 -0.0404737
v 0.256284 0.0766445 -0.0396725
v 0.260851 0.0752966 -0.0409781
v 0.256292 0.074467 -0.0396629
v 0.262642 0.073444 -0.0414861
v 0.256303 0.0722919 -0.0396582
v 0.26443 0.071591 -0.0419907
v 0.256314 0.0701151 -0.0396528
v 0.256314 0.0700259 -0.0396506
v 0.256241 0.0701025 -0.039633
v 0.255821 0.0700281 -0.0395146
v 0.246662 0.0700262 -0.0369576
v 0.246661 0.070553 -0.0369606
v 0.254466 0.0719346 -0.0391449
v 0.24665 0.0727003 -0.0369686
v 0.252692 0.0737662 -0.0386569
v 0.246641 0.0748418 -0.0369739
v 0.250918 0.0755974 -0.038169
v 0.246632 0.0769857 -0.0369806
v 0.249143 0.0774322 -0.0376833
v 0.246621 0.0791321 -0.0369886
v 0.24737 0.0792624 -0.0371956
v 0.246229 0.0704731 -0.0368431
v 0.243632 0.0700276 -0.0361373
v 0.236988 0.0700285 -0.0343407
v 0.236986 0.0710049 -0.0343475
v 0.244472 0.072284 -0.0363749
v 0.236975 0.0731146 -0.03435
v 0.242713 0.0740985 -0.0359089
v 0.236965 0.075231 -0.0343596
v 0.240951 0.0759126 -0.0354394
v 0.236958 0.0773416 -0.0343664
v 0.239193 0.0777262 -0.0349736
v 0.236949 0.0794548 -0.0343747
v 0.237436 0.0795394 -0.0345078
v 0.236185 0.0708579 -0.0341367
v 0.231184 0.0700301 -0.0328216
v 0.227297 0.0700291 -0.0318016
v 0.227293 0.0714688 -0.0318096
v 0.23444 0.0726519 -0.0336867
v 0.227283 0.0735494 -0.0318141
v 0.232695 0.0744455 -0.0332368
v 0.227275 0.0756325 -0.0318235
v 0.230949 0.0762427 -0.0327891
v 0.227264 0.0777141 -0.0318288
v 0.229206 0.0780354 -0.0323394
v 0.227256 0.0797983 -0.031839
v 0.22746 0.0798318 -0.0318918
v 0.226103 0.0712578 -0.0315063
v 0.21838 0.0700289 -0.0295425
v 0.217588 0.0700283 -0.0293402
v 0.217581 0.0719554 -0.0293494
v 0.22437 0.0730351 -0.0310743
v 0.217571 0.074007 -0.0293555
v 0.222636 0.0748162 -0.0306444
v 0.21756 0.0760613 -0.0293629
v 0.220904 0.0765927 -0.0302126
v 0.217553 0.078114 -0.0293733
v 0.219173 0.0783689 -0.0297808
v 0.207821 0.0785443 -0.0269908
v 0.209091 0.0787357 -0.0273016
v 0.210811 0.0769718 -0.0277137
v 0.207831 0.0765204 -0.0269826
v 0.21253 0.0752116 -0.0281278
v 0.207839 0.0744991 -0.0269758
v 0.214252 0.0734469 -0.02854
v 0.207849 0.0724763 -0.0269684
v 0.215972 0.0716859 -0.0289543
v 0.207855 0.0704521 -0.0269569
v 0.207859 0.0700303 -0.0269588
v 0.2075 0.0703981 -0.0268769
v 0.204937 0.0700314 -0.0262681
v 0.198107 0.0700315 -0.0246517
v 0.198106 0.0710486 -0.0246587
v 0.205787 0.0721475 -0.0264785
v 0.198099 0.0730398 -0.0246656
v 0.204078 0.0738965 -0.0260837
v 0.19809 0.0750338 -0.0246741
v 0.20237 0.0756451 -0.025689
v 0.198082 0.0770264 -0.024682
v 0.200656 0.0773975 -0.0252929
v 0.19807 0.0790217 -0.0246877
v 0.198945 0.0791454 -0.0248947
v 0.197241 0.0709184 -0.0244602
v 0.190572 0.0700322 -0.0229368
v 0.188345 0.070032 -0.0224297
v 0.188337 0.0717002 -0.0224361
v 0.195539 0.072656 -0.0240811
v 0.18833 0.0736626 -0.022444
v 0.193833 0.0743974 -0.0237006
v 0.188319 0.0756278 -0.0224497
v 0.192132 0.0761344 -0.0233216
v 0.188311 0.0775916 -0.0224585
v 0.190431 0.077871 -0.0229427
v 0.188305 0.0795541 -0.0224667
v 0.188726 0.0796114 -0.0225623
v 0.178525 0.0782306 -0.0203153
v 0.180112 0.0784227 -0.020666
v 0.18181 0.0766933 -0.021031
v 0.178535 0.0762954 -0.0203095
v 0.183507 0.0749595 -0.0213904
v 0.178543 0.0743589 -0.0202996
v 0.185206 0.0732294 -0.0217555
v 0.178549 0.0724252 -0.0202911
v 0.186902 0.0714991 -0.022117
v 0.178559 0.0704901 -0.0202858
v 0.17856 0.0700322 -0.0202822
v 0.178159 0.0704387 -0.0201979
v 0.174384 0.0700328 -0.019402
v 0.16876 0.0700324 -0.0182164
v 0.168757 0.0713314 -0.0182213
v 0.176466 0.0721625 -0.0198499
v 0.168745 0.073242 -0.0182289
v 0.174771 0.0738901 -0.0195041
v 0.16874 0.0751472 -0.0182375
v 0.173074 0.0756132 -0.0191526
v 0.168734 0.0770552 -0.0182477
v 0.17138 0.0773402 -0.0188069
v 0.168724 0.078962 -0.0182538
v 0.169682 0.0790668 -0.0184576
v 0.158905 0.0798139 -0.0162751
v 0.159115 0.07983 -0.0163148
v 0.160812 0.0781057 -0.0166487
v 0.158911 0.0779312 -0.0162636
v 0.162509 0.0763811 -0.0169826
v 0.15892 0.0760514 -0.0162572
v 0.164206 0.0746562 -0.0173165
v 0.158929 0.0741703 -0.0162504
v 0.165904 0.072931 -0.0176505
v 0.158936 0.072288 -0.0162394
v 0.1676 0.0712097 -0.0179866
v 0.158941 0.0704086 -0.01623
v 0.158945 0.070033 -0.0162325
v 0.158601 0.0703803 -0.0161663
v 0.154012 0.0700304 -0.0152736
v 0.149112 0.0700298 -0.0143249
v 0.149107 0.0715175 -0.0143341
v 0.156898 0.0721082 -0.0158459
v 0.149099 0.0733734 -0.0143408
v 0.155195 0.0738358 -0.0155255
v 0.149091 0.0752282 -0.014347
v 0.153489 0.0755631 -0.0152016
v 0.149086 0.0770859 -0.0143584
v 0.151788 0.0772901 -0.0148813
v 0.149078 0.0789424 -0.0143657
v 0.150084 0.079021 -0.0145632
v 0.139232 0.0782673 -0.0125414
v 0.140888 0.078362 -0.0128485
v 0.1426 0.0766285 -0.0131569
v 0.13924 0.0764319 -0.0125337
v 0.144314 0.0748904 -0.0134632
v 0.139248 0.0745954 -0.0125255
v 0.146027 0.0731563 -0.0137716
v 0.139253 0.0727576 -0.0125133
v 0.14774 0.0714218 -0.0140801
v 0.13926 0.0709229 -0.0125063
v 0.139265 0.0700318 -0.0125051
v 0.129366 0.0795861 -0.0108077
v 0.129797 0.0796056 -0.0108822
v 0.131524 0.0778611 -0.0111803
v 0.129373 0.0777575 -0.0107966
v 0.133251 0.0761121 -0.0114727
v 0.12938 0.0759321 -0.0107872
v 0.134975 0.074367 -0.0117672
v 0.129388 0.0741096 -0.010783
v 0.1367 0.0726217 -0.0120617
v 0.129396 0.0722818 -0.0107726
v 0.138426 0.0708803 -0.012362
v 0.129402 0.0704569 -0.0107639
v 0.129402 0.0700266 -0.0107598
v 0.119493 0.0791467 -0.00914688
v 0.120337 0.0791855 -0.00928827
v 0.122071 0.0774342 -0.00957058
v 0.119496 0.0773253 -0.00913667
v 0.1238 0.0756869 -0.00985142
v 0.119505 0.0754984 -0.00912752
v 0.12553 0.0739393 -0.0101323
v 0.119513 0.0736746 -0.00912005
v 0.127266 0.0721873 -0.0104147
v 0.119516 0.0718537 -0.00911057
v 0.128996 0.0704391 -0.0106956
v 0.119525 0.0700276 -0.00910213
v 0.119494 0.0700269 -0.0090997
v 0.109633 0.070025 -0.0075261
v 0.109628 0.0712098 -0.00753274
v 0.117802 0.0717642 -0.00883714
v 0.109626 0.0730576 -0.00754284
v 0.116085 0.0734969 -0.00857323
v 0.109618 0.0749083 -0.00755094
v 0.114367 0.0752336 -0.00831144
v 0.109611 0.0767579 -0.00755855
v 0.112647 0.0769658 -0.00804393
v 0.109603 0.0786104 -0.00756779
v 0.110929 0.078702 -0.00778218
v 0.108574 0.071092 -0.00737241
v 0.100755 0.0700223 -0.00619091
v 0.0997304 0.0700212 -0.00603354
v 0.0997247 0.0717794 -0.0060437
v 0.106914 0.0727653 -0.00713187
v 0.0997189 0.0736762 -0.0060537
v 0.10526 0.0744341 -0.00689288
v 0.0997138 0.0755718 -0.00606322
v 0.103601 0.076107 -0.00665237
v 0.0997037 0.0774703 -0.00607068
v 0.101944 0.0777754 -0.00640979
v 0.099698 0.0793676 -0.00608131
v 0.100285 0.0794478 -0.00616934
v 0.0983177 0.0714454 -0.00584216
v 0.093691 0.0700211 -0.00517916
v 0.0898154 0.0700201 -0.00462745
v 0.0898138 0.0708315 -0.00463053
v 0.0967932 0.07298 -0.00563331
v 0.0898069 0.0728352 -0.00464018
v 0.0952667 0.0745188 -0.0054266
v 0.0897988 0.0748416 -0.00465139
v 0.0937425 0.0760532 -0.00521777
v 0.0897937 0.0768425 -0.00465992
v 0.0922186 0.0775874 -0.00500896
v 0.0897873 0.0788461 -0.00467005
v 0.0906927 0.0791256 -0.00480229
v 0.0892842 0.0705547 -0.00455984
v 0.0884278 0.0700184 -0.00444411
v 0.0849989 0.0700182 -0.00398558
v 0.0879795 0.0718671 -0.00439271
v 0.0815742 0.0700193 -0.00353254
v 0.0866729 0.0731836 -0.00422768
v 0.0798893 0.0700174 -0.00330628
v 0.0798846 0.0710968 -0.00331171
v 0.0853648 0.0744958 -0.00405688
v 0.0798776 0.0732184 -0.00332237
v 0.0840584 0.0758121 -0.00389188
v 0.0798717 0.0753384 -0.00333238
v 0.0827543 0.077124 -0.00372478
v 0.0798629 0.0774568 -0.00333813
v 0.0814445 0.0784401 -0.00355612
v 0.0798568 0.0795778 -0.00334906
v 0.0801405 0.0797518 -0.00338905
v 0.0793548 0.0705516 -0.00323991
v 0.0788643 0.0700186 -0.00317926
v 0.0768508 0.0700177 -0.00292895
v 0.0783063 0.0716066 -0.00311605
v 0.0748362 0.0700172 -0.00267799
v 0.07726 0.0726574 -0.00299008
v 0.0728204 0.0700173 -0.00242638
v 0.0762115 0.0737123 -0.00286627
v 0.0708072 0.0700179 -0.00217779
v 0.0751653 0.0747629 -0.00274031
v 0.0699465 0.0700179 -0.00206836
v 0.0699435 0.0712712 -0.00207339
v 0.074117 0.0758176 -0.00261648
v 0.0699371 0.0734568 -0.00208371
v 0.073071 0.0768681 -0.00249054
v 0.0699317 0.0756408 -0.0020934
v 0.0720228 0.0779227 -0.00236673
v 0.0699252 0.0778273 -0.00210458
v 0.0709769 0.078973 -0.00224081
v 0.0699162 0.0800122 -0.00211138
v 0.0699289 0.0800275 -0.00211702
v 0.0694818 0.0704855 -0.00201763
v 0.0692084 0.0700178 -0.00198457
v 0.0679183 0.0700184 -0.00183482
v 0.0686704 0.0713016 -0.00192886
v 0.0666315 0.0700193 -0.00168846
v 0.0678554 0.0721176 -0.00183635
v 0.0653425 0.0700161 -0.00153607
v 0.067044 0.0729336 -0.00174756
v 0.0640547 0.0700173 -0.00138922
v 0.0662327 0.0737496 -0.00165878
v 0.0627628 0.0700188 -0.00123844
v 0.0654178 0.0745655 -0.00156631
v 0.0614762 0.0700161 -0.00108895
v 0.0646066 0.0753814 -0.00147754
v 0.060187 0.070018 -0.000941295
v 0.0637917 0.0761972 -0.00138508
v 0.0599966 0.0700178 -0.000919128
v 0.0599907 0.07189 -0.000926751
v 0.0629806 0.077013 -0.00129632
v 0.0599853 0.0740851 -0.000935309
v 0.0621695 0.0778288 -0.00120753
v 0.0599789 0.0762828 -0.000945326
v 0.0613548 0.0786446 -0.00111508
v 0.0599735 0.0784787 -0.000954723
v 0.0605438 0.0794603 -0.00102631
v 0.0594611 0.0705556 -0.000864666
v 0.0591019 0.0700166 -0.000824114
v 0.0580482 0.0700157 -0.000709431
v 0.0588275 0.0711903 -0.000799024
v 0.0569957 0.0700193 -0.000600397
v 0.0581977 0.071825 -0.000737057
v 0.0559451 0.0700188 -0.00048907
v 0.0575662 0.0724554 -0.000669286
v 0.0548942 0.0700183 -0.000377584
v 0.0569327 0.07309 -0.000603651
v 0.0538392 0.070018 -0.000262208
v 0.0563029 0.0737247 -0.00054169
v 0.0527877 0.0700179 -0.000150376
v 0.0556715 0.074355 -0.000473927
v 0.0517358 0.0700179 -3.83593e-05
v 0.0550417 0.0749896 -0.000411997
v 0.0506837 0.070018 7.38172e-05
v 0.0544082 0.0756241 -0.00034637
v 0.0500352 0.070017 0.000144483
v 0.0500347 0.0706235 0.000140165
v 0.0537807 0.0762544 -0.000282285
v 0.0500308 0.0721985 0.000134956
v 0.0531472 0.0768889 -0.000216663
v 0.0500253 0.073777 0.000127934
v 0.0525139 0.0775234 -0.000151017
v 0.0500224 0.0753502 0.000123344
v 0.0518863 0.0781536 -8.69648e-05
v 0.0500179 0.0769269 0.000116968
v 0.051253 0.0787881 -2.13229e-05
v 0.0500139 0.0785027 0.000110914
v 0.0506196 0.0794225 4.42903e-05
v 0.0498265 0.0702285 0.000162178
v 0.0496707 0.0700189 0.000176171
v 0.0487166 0.0700175 0.000270356
v 0.0492723 0.0707834 0.000214576
v 0.0477622 0.0700162 0.000364689
v 0.048724 0.0713341 0.000265403
v 0.0468053 0.0700193 0.000456977
v 0.0481719 0.0718847 0.000319909
v 0.0458504 0.0700183 0.000551577
v 0.0476237 0.0724354 0.000370759
v 0.0448952 0.0700173 0.000646324
v 0.0470695 0.0729902 0.000423098
v 0.0439435 0.0700165 0.00073748
v 0.0465212 0.0735408 0.00047392
v 0.0429857 0.0700201 0.00083038
v 0.0459693 0.0740914 0.000528447
v 0.0420335 0.0700195 0.000921828
v 0.0454189 0.0746462 0.000577127
v 0.0410773 0.0700191 0.00101711
v 0.044867 0.0751968 0.000631652
v 0.0401246 0.0700187 0.00110885
v 0.0443166 0.0757516 0.00068033
v 0.0400641 0.0700202 0.00111645
v 0.0400631 0.0712421 0.00111088
v 0.0437647 0.0763021 0.000734825
v 0.0400567 0.0725424 0.00110909
v 0.0432166 0.0768527 0.000785664
v 0.0400544 0.0738422 0.00110383
v 0.0426626 0.0774074 0.000838045
v 0.0400525 0.0751413 0.00109878
v 0.0421144 0.0779579 0.000888829
v 0.0400472 0.0764399 0.00109769
v 0.0415626 0.0785084 0.000943344
v 0.040046 0.0777379 0.00109309
v 0.0410123 0.0790631 0.000992014
v 0.040043 0.0790395 0.00108658
v 0.0404605 0.0796135 0.00104653
v 0.039646 0.0704385 0.00115294
v 0.0383127 0.070019 0.00127058
v 0.0364495 0.0700175 0.00143557
v 0.0392011 0.0708832 0.00119202
v 0.0345854 0.0700164 0.00160106
v 0.0387542 0.0713321 0.00122898
v 0.0327182 0.07002 0.00176495
v 0.0383094 0.0717768 0.00126808
v 0.0308522 0.0700198 0.0019315
v 0.0378625 0.0722257 0.00130502
v 0.0300867 0.0700188 0.00200039
v 0.030086 0.0703636 0.00200039
v 0.0374177 0.0726704 0.00134412
v 0.0300849 0.0709529 0.00199612
v 0.0369708 0.0731193 0.00138105
v 0.0300859 0.0715376 0.00199402
v 0.0365261 0.0735639 0.00142015
v 0.0300833 0.0721223 0.0019957
v 0.0360791 0.0740128 0.00145708
v 0.0300824 0.0727111 0.00199154
v 0.0356345 0.0744575 0.0014962
v 0.0300799 0.0732956 0.00199333
v 0.0351838 0.0749063 0.00153685
v 0.0300792 0.0738842 0.0019893
v 0.0347391 0.0753509 0.00157592
v 0.0300747 0.0744727 0.00198899
v 0.0342922 0.0757998 0.00161287
v 0.0300763 0.0750567 0.00198719
v 0.0338476 0.0762444 0.00165197
v 0.030072 0.075645 0.00198699
v 0.0334007 0.0766932 0.00168889
v 0.0300736 0.0762288 0.00198527
v 0.032956 0.0771378 0.00172799
v 0.0300695 0.0768168 0.00198518
v 0.0325092 0.0775866 0.00176491
v 0.0300692 0.0774047 0.0019814
v 0.0320645 0.0780312 0.001804
v 0.0300652 0.0779924 0.00198138
v 0.0316177 0.07848 0.00184095
v 0.0300671 0.0785758 0.00197985
v 0.0311731 0.0789245 0.00188004
v 0.0300633 0.0791633 0.00197995
v 0.0307263 0.0793733 0.00191696
v 0.0300632 0.0797507 0.00197632
v 0.030278 0.0798178 0.00195977
v 0.0200759 0.0799244 0.00277771
v 0.0202553 0.0798536 0.00276217
v 0.0207316 0.0793785 0.00272364
v 0.020076 0.0796409 0.00277537
v 0.0212101 0.0788992 0.00268728
v 0.0200746 0.0793531 0.00277893
v 0.0216886 0.0784199 0.00265092
v 0.0200769 0.0790652 0.00277876
v 0.022165 0.0779449 0.00261242
v 0.0200792 0.0787774 0.00277862
v 0.0226398 0.0774656 0.00257976
v 0.0200757 0.0784938 0.00278008
v 0.0231183 0.0769862 0.0025434
v 0.0200781 0.0782059 0.00277994
v 0.0235948 0.0765112 0.00250489
v 0.0200805 0.0779179 0.00277982
v 0.0240733 0.0760318 0.00246853
v 0.0200829 0.0776299 0.00277971
v 0.0245497 0.0755567 0.00243002
v 0.0200794 0.0773462 0.0027812
v 0.0250283 0.0750774 0.00239366
v 0.0200818 0.0770582 0.00278111
v 0.0255069 0.074598 0.0023573
v 0.0200843 0.0767701 0.00278105
v 0.0259834 0.0741229 0.00231878
v 0.0200809 0.0764863 0.00278256
v 0.026462 0.0736435 0.00228242
v 0.0200834 0.0761982 0.00278253
v 0.0269385 0.0731684 0.00224391
v 0.0200859 0.07591 0.00278247
v 0.0274171 0.072689 0.00220754
v 0.0200847 0.0756219 0.00278619
v 0.0278957 0.0722095 0.00217115
v 0.0200851 0.075338 0.002784
v 0.0283722 0.0717344 0.00213266
v 0.0200877 0.0750497 0.00278399
v 0.0288508 0.0712549 0.00209627
v 0.0200865 0.0747614 0.00278771
v 0.0293274 0.0707798 0.00205775
v 0.020087 0.0744775 0.00278561
v 0.029806 0.0703003 0.00202138
v 0.0200896 0.0741891 0.00278563
v 0.0297944 0.0700184 0.00202258
v 0.0200901 0.0739051 0.00278352
v 0.029078 0.0700163 0.00208211
v 0.020089 0.0736167 0.0027873
v 0.028363 0.0700185 0.00213585
v 0.0200917 0.0733283 0.00278734
v 0.0276464 0.0700165 0.00219555
v 0.0200922 0.0730442 0.00278526
v 0.0269311 0.0700189 0.00224942
v 0.0200913 0.0727557 0.00278909
v 0.0262179 0.070017 0.00230554
v 0.0200939 0.0724672 0.00278916
v 0.0254986 0.0700196 0.00236331
v 0.0200945 0.072183 0.00278711
v 0.0247851 0.0700178 0.00241958
v 0.0200936 0.0718944 0.00279096
v 0.0240655 0.0700204 0.00247747
v 0.0200942 0.0716101 0.00278894
v 0.0233517 0.0700189 0.0025339
v 0.020097 0.0713215 0.00278904
v 0.0226378 0.0700173 0.00259038
v 0.020094 0.0710372 0.0027908
v 0.0219215 0.0700201 0.00264479
v 0.0200968 0.0707485 0.00279092
v 0.0212036 0.0700188 0.00270519
v 0.0200996 0.0704598 0.0027911
v 0.0204892 0.0700174 0.00276189
v 0.0200966 0.0701754 0.00279286
v 0.0200997 0.0700163 0.00279306
v 0.0100856 0.0798964 0.00348409
v 0.0104118 0.0797011 0.00346259
v 0.010965 0.0791473 0.00342526
v 0.010086 0.0796701 0.00348655
v 0.011516 0.0785978 0.00338575
v 0.0100881 0.0794481 0.00348316
v 0.0120692 0.078044 0.00334843
v 0.0100885 0.0792217 0.00348563
v 0.0126202 0.0774944 0.00330892
v 0.0100868 0.0789996 0.00348597
v 0.0131734 0.0769406 0.00327156
v 0.0100873 0.0787732 0.00348844
v 0.0137244 0.0763911 0.00323207
v 0.0100894 0.0785512 0.00348508
v 0.0142776 0.0758372 0.00319472
v 0.0100899 0.0783248 0.0034876
v 0.0148287 0.0752877 0.00315523
v 0.0100882 0.0781026 0.00348794
v 0.0153819 0.0747338 0.00311787
v 0.0100904 0.0778805 0.0034846
v 0.0159331 0.0741842 0.00307838
v 0.0100909 0.077654 0.0034871
v 0.0164863 0.0736303 0.00304105
v 0.0100893 0.0774318 0.00348752
v 0.0170374 0.0730807 0.00300153
v 0.0100936 0.0772053 0.00348631
v 0.0175907 0.0725268 0.0029642
v 0.010092 0.0769831 0.0034867
v 0.0181418 0.0719772 0.00292468
v 0.0100926 0.0767565 0.00348925
v 0.0186951 0.0714232 0.00288731
v 0.0100947 0.0765343 0.00348594
v 0.0192447 0.0708693 0.00285371
v 0.0100932 0.076312 0.00348636
v 0.0197959 0.0703197 0.00281422
v 0.0100938 0.0760854 0.00348891
v 0.0199261 0.0700198 0.00280391
v 0.0100923 0.0758631 0.00348936
v 0.0195502 0.0700173 0.00283223
v 0.0100966 0.0756365 0.0034882
v 0.0191759 0.0700191 0.00285472
v 0.0100951 0.0754141 0.00348865
v 0.0187999 0.0700166 0.00288308
v 0.0100936 0.0751918 0.0034891
v 0.0184218 0.0700184 0.00290934
v 0.010098 0.0749651 0.00348797
v 0.0180436 0.0700202 0.0029356
v 0.0100966 0.0747427 0.00348844
v 0.0176675 0.0700178 0.00296405
v 0.0100973 0.074516 0.00349107
v 0.0172929 0.0700197 0.00298662
v 0.0100996 0.0742936 0.00348781
v 0.0169168 0.0700173 0.0030151
v 0.0100981 0.0740711 0.00348829
v 0.0165384 0.0700192 0.00304144
v 0.0100989 0.0738444 0.00349094
v 0.0161622 0.0700168 0.00306996
v 0.0100974 0.0736219 0.00349142
v 0.0157874 0.0700187 0.0030926
v 0.0100997 0.0733994 0.00348818
v 0.0154112 0.0700164 0.00312118
v 0.0101005 0.0731725 0.00349084
v 0.0150326 0.0700184 0.00314759
v 0.0100991 0.07295 0.00349137
v 0.0146562 0.0700161 0.00317621
v 0.0101037 0.0727232 0.00349032
v 0.0142814 0.0700181 0.00319894
v 0.0101022 0.0725006 0.00349082
v 0.0139049 0.0700158 0.00322757
v 0.0101009 0.072278 0.00349138
v 0.0135262 0.0700179 0.00325411
v 0.0101017 0.0720511 0.00349406
v 0.0131534 0.0700157 0.00327906
v 0.0101041 0.0718285 0.00349085
v 0.0127746 0.0700177 0.00330558
v 0.0101028 0.0716058 0.00349141
v 0.012398 0.0700155 0.00333431
v 0.0101036 0.0713788 0.00349412
v 0.0120229 0.0700177 0.00335718
v 0.0101061 0.0711562 0.00349097
v 0.0116462 0.0700155 0.00338594
v 0.0101048 0.0709335 0.00349152
v 0.0112673 0.0700177 0.00341258
v 0.0101056 0.0707065 0.00349426
v 0.0108942 0.0700156 0.00343765
v 0.0101044 0.0704838 0.00349487
v 0.0105153 0.0700178 0.00346435
v 0.0101069 0.070261 0.00349172
v 0.0101421 0.0700157 0.00348945
v 0.0101056 0.0700383 0.0034923
v 0.0101095 0.0700151 0.00349209
v 0.0200769 0.0790652 0.00277876
v 3.28211e-06 0.0799182 -2.10146e-06
v 0.000123885 0.079884 4.27941e-05
v 0.00042738 0.0795837 0.000147432
v 2.83331e-06 0.0797025 -1.75447e-06
v 0.000728699 0.0792877 0.000249905
v 2.38446e-06 0.0794867 -1.40745e-06
v 0.00103216 0.0789874 0.000354531
v 1.98053e-06 0.079271 -1.03358e-06
v 0.00133345 0.0786914 0.000456993
v 1.53158e-06 0.0790552 -6.86484e-07
v 0.00163313 0.0783911 0.000565353
v 1.0826e-06 0.0788394 -3.3935e-07
v 0.00193439 0.0780952 0.000667803
v 6.78526e-07 0.0786236 3.46408e-08
v 0.00223778 0.077795 0.000772407
v 4.06592e-06 0.0784078 -3.31104e-06
v 0.00253901 0.077499 0.000874846
v 3.66196e-06 0.078192 -2.93717e-06
v 0.00284242 0.0771989 0.000979466
v 3.30294e-06 0.0779761 -2.53643e-06
v 0.00313986 0.076903 0.00108564
v 2.89891e-06 0.0777602 -2.16248e-06
v 0.00344319 0.0766028 0.00119022
v 2.53981e-06 0.0775443 -1.76166e-06
v 0.00374439 0.076307 0.00129266
v 2.22565e-06 0.0773285 -1.33397e-06
v 0.00404769 0.0760068 0.00139723
v 1.86648e-06 0.0771125 -9.33062e-07
v 0.00435102 0.0757067 0.00150183
v 1.50727e-06 0.0768966 -5.32111e-07
v 0.00465213 0.0754109 0.00160423
v 1.238e-06 0.0766806 -7.74531e-08
v 0.00495168 0.0751109 0.00171255
v 4.67205e-06 0.0764647 -3.39793e-06
v 0.0052528 0.0748151 0.00181497
v 4.35793e-06 0.0762487 -2.97021e-06
v 0.00555602 0.0745151 0.00191951
v 4.08877e-06 0.0760327 -2.51561e-06
v 0.00585711 0.0742194 0.00202191
v 3.81958e-06 0.0758167 -2.06096e-06
v 0.00616038 0.0739194 0.0021265
v 3.55036e-06 0.0756006 -1.60626e-06
v 0.00645981 0.0736194 0.00223477
v 3.28111e-06 0.0753846 -1.15151e-06
v 0.00676085 0.0733237 0.00233715
v 3.05685e-06 0.0751685 -6.69874e-07
v 0.00706403 0.0730238 0.00244169
v 2.83255e-06 0.0749524 -1.88184e-07
v 0.00736504 0.0727281 0.00254407
v 2.56322e-06 0.0747363 2.66713e-07
v 0.00766819 0.0724282 0.0026486
v 2.3839e-06 0.0745202 7.75353e-07
v 0.00797137 0.0721283 0.00275315
v 2.15953e-06 0.0743041 1.2572e-06
v 0.00826858 0.0718328 0.00285926
v 5.73073e-06 0.0740879 -1.98462e-06
v 0.00857168 0.0715329 0.00296377
v 5.50652e-06 0.0738717 -1.50287e-06
v 0.00887265 0.0712374 0.00306614
v 3.20927e-06 0.0736599 -3.13043e-06
v 0.00917572 0.0709375 0.00317065
v 3.02992e-06 0.0734437 -2.62184e-06
v 0.00947877 0.0706377 0.00327514
v 2.89559e-06 0.0732275 -2.08634e-06
v 0.00977969 0.0703422 0.0033775
v 2.76125e-06 0.0730113 -1.55078e-06
v 0.010079 0.0700425 0.00348575
v 2.58185e-06 0.072795 -1.04202e-06
v 0.00938676 0.0700169 0.00324619
v 2.44747e-06 0.0725787 -5.06341e-07
v 0.00860298 0.0700168 0.00297063
v 2.35812e-06 0.0723625 5.62531e-08
v 0.00781743 0.0700125 0.00270096
v 2.26876e-06 0.0721462 6.18907e-07
v 0.00702949 0.0700127 0.0024291
v 2.17939e-06 0.0719299 1.18162e-06
v 0.00624144 0.070013 0.00215728
v 5.84279e-06 0.0717135 -2.00839e-06
v 0.0054591 0.0700092 0.00188386
v 3.58937e-06 0.0715015 -3.60999e-06
v 0.00467072 0.07001 0.00161204
v 3.5451e-06 0.0712852 -3.02054e-06
v 0.0038843 0.0700065 0.00134238
v 3.50083e-06 0.0710688 -2.43103e-06
v 0.00309557 0.0700076 0.00107058
v 3.45656e-06 0.0708524 -1.84146e-06
v 0.00231252 0.0700044 0.000797147
v 3.41228e-06 0.070636 -1.25182e-06
v 0.00152346 0.0700058 0.000525348
v 3.41306e-06 0.0704196 -6.35247e-07
v 0.000740075 0.070003 0.000251925
v 3.41384e-06 0.0702031 -1.86069e-08
v 3.04841e-06 0.0700039 -2.24176e-06
v 0.0100989 0.0738444 0.00349094
v 0.0100909 0.077654 0.0034871
v 0.902899 0.0600553 -0.430653
v 0.912587 0.0600515 -0.434988
v 0.895792 0.0600535 -0.423571
v 0.888635 0.0600523 -0.416528
v 0.881437 0.0600517 -0.409533
v 0.874191 0.0600519 -0.402578
v 0.866906 0.0600488 -0.395667
v 0.859569 0.0600504 -0.388797
v 0.854992 0.0662615 -0.384554
v 0.854074 0.0600473 -0.383711
v 0.852195 0.060049 -0.381974
v 0.844777 0.0600483 -0.375196
v 0.837894 0.0692743 -0.368972
v 0.838056 0.0600464 -0.369129
v 0.837318 0.0600447 -0.368461
v 0.829815 0.0600458 -0.361774
v 0.82227 0.0600441 -0.355129
v 0.822323 0.0600425 -0.355174
v 0.822272 0.0604766 -0.355129
v 0.814685 0.0600435 -0.348533
v 0.807055 0.0600441 -0.341979
v 0.79962 0.0697392 -0.335656
v 0.801259 0.0600431 -0.337061
v 0.79939 0.0600423 -0.335474
v 0.791681 0.0600419 -0.329014
v 0.783934 0.0600394 -0.322598
v 0.776149 0.0600386 -0.316233
v 0.768321 0.0600395 -0.309913
v 0.760457 0.0600383 -0.303641
v 0.752555 0.0600351 -0.297415
v 0.759232 0.060038 -0.302676
v 0.75254 0.0690013 -0.297395
v 0.74461 0.0600376 -0.291239
v 0.736632 0.0600343 -0.285111
v 0.7286 0.0687204 -0.279012
v 0.729605 0.0687858 -0.279776
v 0.728613 0.0600332 -0.279029
v 0.72055 0.0661086 -0.272989
v 0.72313 0.0668315 -0.27492
v 0.720558 0.0600342 -0.273001
v 0.712461 0.0636519 -0.267014
v 0.716555 0.0649717 -0.270039
v 0.712466 0.0600336 -0.26702
v 0.704337 0.0611555 -0.261087
v 0.709921 0.063159 -0.265161
v 0.704337 0.0600316 -0.261087
v 0.703554 0.0609891 -0.260524
v 0.701421 0.0600326 -0.258988
v 0.696173 0.060032 -0.255209
v 0.687971 0.0600309 -0.249378
v 0.679724 0.0641407 -0.243589
v 0.683005 0.0660489 -0.245891
v 0.679733 0.0600283 -0.243596
v 0.677973 0.062151 -0.242377
v 0.674127 0.0600278 -0.239715
v 0.671459 0.0600283 -0.237869
v 0.671438 0.0696395 -0.237852
v 0.671663 0.0697631 -0.238006
v 0.663142 0.0630894 -0.232186
v 0.667144 0.0652105 -0.23492
v 0.663151 0.0600269 -0.232193
v 0.661646 0.0618265 -0.231179
v 0.65805 0.0600295 -0.228759
v 0.654803 0.060028 -0.226569
v 0.65479 0.0655644 -0.22656
v 0.65742 0.0668788 -0.228331
v 0.646405 0.0675006 -0.220987
v 0.647931 0.0682111 -0.221999
v 0.651806 0.0635979 -0.224577
v 0.646423 0.0610834 -0.221
v 0.646422 0.0600277 -0.220999
v 0.645803 0.0607631 -0.220593
v 0.644138 0.0600253 -0.2195
v 0.638009 0.060026 -0.215485
v 0.637999 0.0634475 -0.21548
v 0.642036 0.0652278 -0.218122
v 0.637984 0.0695682 -0.215467
v 0.638271 0.0696943 -0.215655
v 0.635919 0.0624938 -0.214133
v 0.63025 0.0600237 -0.210468
v 0.629557 0.0600268 -0.210023
v 0.629543 0.0657688 -0.210013
v 0.632175 0.0669141 -0.211713
v 0.621051 0.067951 -0.204604
v 0.622331 0.0685252 -0.205419
v 0.626034 0.064168 -0.207777
v 0.621067 0.0619336 -0.204612
v 0.621071 0.0600262 -0.204616
v 0.619914 0.061381 -0.203888
v 0.617061 0.0600252 -0.202097
v 0.612554 0.0600243 -0.199265
v 0.612541 0.0638845 -0.199257
v 0.616262 0.0656569 -0.201596
v 0.612524 0.0698864 -0.199247
v 0.612612 0.0699312 -0.199305
v 0.610233 0.062729 -0.197828
v 0.604856 0.060022 -0.194499
v 0.603999 0.060025 -0.193971
v 0.603981 0.0656087 -0.193961
v 0.606625 0.0669379 -0.195598
v 0.595387 0.0671857 -0.18872
v 0.59707 0.0680729 -0.189746
v 0.600661 0.0638991 -0.191935
v 0.595406 0.0611177 -0.188729
v 0.595408 0.0600244 -0.18873
v 0.594759 0.0607752 -0.18834
v 0.593393 0.0600228 -0.187519
v 0.586787 0.0600226 -0.183549
v 0.58678 0.0625363 -0.183548
v 0.591159 0.0649402 -0.186178
v 0.586763 0.0686686 -0.183538
v 0.587556 0.0691082 -0.184016
v 0.58531 0.0617277 -0.182678
v 0.582277 0.0600213 -0.180879
v 0.57813 0.0600237 -0.178426
v 0.578118 0.0638778 -0.178422
v 0.581699 0.0658875 -0.180542
v 0.575877 0.0626087 -0.177113
v 0.571311 0.0600231 -0.174452
v 0.569443 0.0600198 -0.173361
v 0.569424 0.0651533 -0.173355
v 0.572262 0.0667584 -0.175008
v 0.5607 0.0663765 -0.168347
v 0.562829 0.0675825 -0.169569
v 0.566445 0.0634512 -0.171646
v 0.560721 0.0602055 -0.168358
v 0.560718 0.0600227 -0.168355
v 0.560614 0.060142 -0.168296
v 0.560396 0.0600224 -0.168175
v 0.551965 0.0600209 -0.16341
v 0.55196 0.0614222 -0.163407
v 0.556999 0.0642589 -0.166256
v 0.551939 0.0675618 -0.163399
v 0.553385 0.0683751 -0.164216
v 0.551142 0.0609562 -0.162954
v 0.549465 0.0600221 -0.162021
v 0.54318 0.0600183 -0.158523
v 0.543168 0.0626136 -0.15852
v 0.547536 0.0650491 -0.160952
v 0.543149 0.0687053 -0.158513
v 0.543926 0.0691416 -0.158946
v 0.541648 0.0617502 -0.157688
v 0.538509 0.060018 -0.155968
v 0.534358 0.0600189 -0.153697
v 0.534344 0.0637748 -0.153693
v 0.538051 0.0658148 -0.155722
v 0.534325 0.0698075 -0.153687
v 0.534458 0.0698791 -0.153759
v 0.532131 0.0625284 -0.1525
v 0.527507 0.0600208 -0.15001
v 0.525506 0.060019 -0.148932
v 0.52549 0.0649016 -0.148928
v 0.528549 0.0665643 -0.150577
v 0.5166 0.0659979 -0.144222
v 0.519023 0.0672944 -0.145506
v 0.522591 0.0632912 -0.147391
v 0.516623 0.060101 -0.144229
v 0.516622 0.0600186 -0.144228
v 0.516574 0.0600724 -0.144202
v 0.516469 0.0600176 -0.144148
v 0.507707 0.0600179 -0.139586
v 0.507702 0.0612398 -0.139584
v 0.513025 0.0640431 -0.142361
v 0.507682 0.067065 -0.139581
v 0.509478 0.0680099 -0.140518
v 0.506966 0.0608425 -0.139206
v 0.505372 0.060017 -0.138391
v 0.498761 0.060017 -0.135007
v 0.498751 0.0623539 -0.135005
v 0.503435 0.0647769 -0.137404
v 0.498731 0.0681036 -0.135001
v 0.499908 0.0687113 -0.135604
v 0.497336 0.061602 -0.134295
v 0.49423 0.0600188 -0.13273
v 0.489783 0.060016 -0.13049
v 0.48977 0.0634334 -0.13049
v 0.493827 0.0654998 -0.132534
v 0.489749 0.0691066 -0.130485
v 0.490317 0.0693977 -0.130773
v 0.487686 0.0623383 -0.129458
v 0.483058 0.0600182 -0.127168
v 0.480776 0.0600191 -0.126041
v 0.480759 0.0644668 -0.126039
v 0.484207 0.0661909 -0.127743
v 0.478029 0.0630465 -0.12471
v 0.471876 0.0600186 -0.121719
v 0.471736 0.0600184 -0.121651
v 0.471717 0.0654429 -0.121649
v 0.474579 0.066853 -0.123041
v 0.462646 0.0663671 -0.117326
v 0.464951 0.0674793 -0.118426
v 0.468364 0.0637266 -0.120049
v 0.462667 0.0609719 -0.117328
v 0.462668 0.0600181 -0.117328
v 0.462071 0.0606733 -0.117049
v 0.460682 0.0600179 -0.116398
v 0.453571 0.0600184 -0.113071
v 0.453566 0.0619561 -0.113069
v 0.458684 0.0643845 -0.115469
v 0.453544 0.0672618 -0.113069
v 0.455301 0.0680924 -0.113891
v 0.452343 0.0613583 -0.112506
v 0.449449 0.0600173 -0.111177
v 0.444447 0.0600154 -0.108879
v 0.444435 0.0629182 -0.108876
v 0.448982 0.0650303 -0.110969
v 0.444415 0.0681424 -0.108876
v 0.445619 0.0687031 -0.10943
v 0.44259 0.0620396 -0.108047
v 0.438146 0.0600162 -0.10604
v 0.435291 0.0600173 -0.104755
v 0.435276 0.0638692 -0.104754
v 0.439247 0.0656774 -0.106545
v 0.435254 0.069018 -0.10475
v 0.435905 0.0693161 -0.105045
v 0.432806 0.0627138 -0.10366
v 0.426759 0.0600165 -0.100982
v 0.426108 0.0600162 -0.100695
v 0.426088 0.0647999 -0.100695
v 0.429489 0.0663135 -0.102199
v 0.426066 0.069873 -0.100691
v 0.426169 0.0699182 -0.100738
v 0.416874 0.0656992 -0.0967021
v 0.419708 0.0669379 -0.0979312
v 0.423003 0.0633767 -0.0993558
v 0.416893 0.0607064 -0.0967023
v 0.416893 0.0600165 -0.0967011
v 0.416444 0.0605026 -0.096511
v 0.415302 0.0600147 -0.0960258
v 0.407656 0.0600142 -0.0927779
v 0.40765 0.0616601 -0.0927787
v 0.41318 0.0640237 -0.0951314
v 0.407629 0.0665698 -0.0927789
v 0.409915 0.0675462 -0.0937511
v 0.406572 0.0611807 -0.09233
v 0.403779 0.0600164 -0.0911664
v 0.39839 0.0600136 -0.0889238
v 0.398377 0.0625861 -0.0889237
v 0.403336 0.0646592 -0.090989
v 0.398358 0.0674085 -0.0889256
v 0.400105 0.0681392 -0.0896542
v 0.396679 0.0618473 -0.088231
v 0.392211 0.0600135 -0.0864048
v 0.389092 0.0600148 -0.0851352
v 0.38908 0.0634766 -0.0851363
v 0.39348 0.0652796 -0.0869331
v 0.389059 0.0682166 -0.0851374
v 0.390278 0.0687135 -0.0856344
v 0.386775 0.0624948 -0.0842166
v 0.380591 0.0600143 -0.0817446
v 0.379774 0.060014 -0.0814204
v 0.379755 0.0643447 -0.0814214
v 0.383601 0.0658894 -0.0829583
v 0.379735 0.0690033 -0.0814238
v 0.38043 0.0692816 -0.0817006
v 0.370384 0.0697614 -0.0777733
v 0.370567 0.0698322 -0.0778464
v 0.37371 0.0664811 -0.0790671
v 0.370404 0.0651831 -0.0777742
v 0.376851 0.0631317 -0.0802869
v 0.370422 0.0606013 -0.0777702
v 0.370426 0.0600156 -0.0777743
v 0.370026 0.0604398 -0.0776213
v 0.36892 0.0600137 -0.0771976
v 0.361052 0.0600117 -0.0741928
v 0.361045 0.0614948 -0.0741962
v 0.366911 0.0637505 -0.0764374
v 0.361026 0.0659969 -0.0741957
v 0.363797 0.0670631 -0.0752561
v 0.360038 0.0610894 -0.0738195
v 0.357186 0.0600129 -0.0727525
v 0.351652 0.0600145 -0.0706888
v 0.351643 0.0623604 -0.0706884
v 0.35695 0.0643637 -0.0726737
v 0.351627 0.0667915 -0.0706935
v 0.353864 0.0676361 -0.0715284
v 0.35003 0.0617297 -0.0701014
v 0.345382 0.0600123 -0.0684018
v 0.342228 0.0600123 -0.0672525
v 0.342214 0.0632112 -0.0672555
v 0.346974 0.0649641 -0.0689947
v 0.3422 0.0675676 -0.06726
v 0.343912 0.0682006 -0.0678835
v 0.340007 0.0623574 -0.066468
v 0.333513 0.0600124 -0.0641524
v 0.33278 0.0600134 -0.0638915
v 0.332767 0.0640348 -0.0638949
v 0.336973 0.0655602 -0.0653971
v 0.332748 0.0683252 -0.0638987
v 0.333943 0.0687571 -0.0643247
v 0.32327 0.0690651 -0.060609
v 0.32395 0.0693058 -0.0608448
v 0.326956 0.0661441 -0.0618839
v 0.323288 0.0648441 -0.0606053
v 0.329961 0.0629806 -0.0629198
v 0.323306 0.0606249 -0.0606028
v 0.323307 0.0600099 -0.0605982
v 0.322874 0.0604656 -0.0604543
v 0.321565 0.0600107 -0.0600089
v 0.313813 0.0600103 -0.0573834
v 0.313803 0.0614823 -0.0573833
v 0.319896 0.0635919 -0.0594524
v 0.313788 0.0656363 -0.0573904
v 0.316919 0.0667205 -0.0584529
v 0.31377 0.0697883 -0.0573934
v 0.313939 0.0698474 -0.0574504
v 0.312766 0.0611082 -0.0570422
v 0.309535 0.0600122 -0.0559724
v 0.304291 0.0600106 -0.0542381
v 0.304283 0.0623232 -0.0542417
v 0.309812 0.0641999 -0.0560729
v 0.304263 0.0664126 -0.0542458
v 0.30686 0.06729 -0.055104
v 0.302635 0.0617438 -0.0537124
v 0.297411 0.0600094 -0.0520245
v 0.294749 0.0600112 -0.0511693
v 0.294736 0.0631526 -0.0511723
v 0.299706 0.0648012 -0.0527754
v 0.294721 0.0671739 -0.0511776
v 0.296782 0.0678572 -0.0518423
v 0.285149 0.0679337 -0.048184
v 0.286675 0.0684268 -0.0486624
v 0.289576 0.0654005 -0.0495617
v 0.285166 0.0639718 -0.0481778
v 0.292483 0.0623728 -0.0504648
v 0.285182 0.0600125 -0.0481733
v 0.275596 0.0600102 -0.0452519
v 0.275591 0.0608862 -0.0452541
v 0.282304 0.063004 -0.047303
v 0.275574 0.0647821 -0.0452569
v 0.279427 0.0659983 -0.046435
v 0.275557 0.0686807 -0.0452615
v 0.276547 0.0689912 -0.0455637
v 0.274954 0.0606756 -0.0450638
v 0.272801 0.0600099 -0.044423
v 0.265983 0.0600133 -0.0424052
v 0.265978 0.0617521 -0.042408
v 0.2721 0.0636382 -0.0442266
v 0.265964 0.0655891 -0.0424141
v 0.269242 0.0666035 -0.0433882
v 0.265945 0.069429 -0.0424185
v 0.266387 0.0695633 -0.0425481
v 0.2647 0.0613422 -0.0420396
v 0.260259 0.0600122 -0.0407591
v 0.256354 0.0600137 -0.0396365
v 0.256343 0.0626205 -0.0396374
v 0.261866 0.0642761 -0.0412317
v 0.256327 0.0663991 -0.0396426
v 0.259031 0.0672127 -0.0404262
v 0.254409 0.0620211 -0.0390974
v 0.247504 0.0600112 -0.0371627
v 0.246704 0.0600117 -0.036942
v 0.246688 0.0634983 -0.0369458
v 0.251599 0.0649267 -0.038322
v 0.246675 0.0672185 -0.0369532
v 0.248784 0.0678351 -0.0375453
v 0.237 0.068054 -0.0343389
v 0.238495 0.0684757 -0.0347437
v 0.241288 0.065595 -0.0354919
v 0.237012 0.0643919 -0.0343298
v 0.244083 0.0627133 -0.0362402
v 0.237028 0.0607291 -0.0343242
v 0.23703 0.0600157 -0.0343259
v 0.236485 0.0605726 -0.0341812
v 0.23442 0.0600126 -0.0336393
v 0.227337 0.0600138 -0.0317821
v 0.227332 0.0617042 -0.0317854
v 0.233708 0.0634321 -0.0334629
v 0.227318 0.0653088 -0.0317923
v 0.230932 0.0662904 -0.0327449
v 0.227302 0.068917 -0.0318014
v 0.228157 0.0691477 -0.0320271
v 0.226041 0.0613464 -0.0314591
v 0.2209 0.060016 -0.030153
v 0.217629 0.0600144 -0.029322
v 0.217616 0.0627191 -0.0293285
v 0.22328 0.0641828 -0.0307672
v 0.217601 0.0662655 -0.0293329
v 0.220519 0.0670182 -0.0300755
v 0.217589 0.0698115 -0.0293412
v 0.217755 0.0698566 -0.0293824
v 0.207869 0.0672717 -0.0269527
v 0.210031 0.0678003 -0.0274823
v 0.212781 0.0649834 -0.0281496
v 0.20788 0.0637839 -0.0269437
v 0.215534 0.0621613 -0.028815
v 0.207896 0.0602917 -0.0269365
v 0.207897 0.0600179 -0.0269383
v 0.207681 0.0602387 -0.0268876
v 0.206707 0.0600159 -0.0266564
v 0.198148 0.0600162 -0.0246306
v 0.198142 0.0614922 -0.0246355
v 0.204938 0.0630438 -0.026246
v 0.198128 0.0649213 -0.0246414
v 0.202194 0.0658521 -0.0256067
v 0.198115 0.0683503 -0.0246478
v 0.199453 0.0686553 -0.0249654
v 0.196973 0.0612167 -0.0243662
v 0.191255 0.0600191 -0.0230607
v 0.18838 0.0600179 -0.0224032
v 0.188372 0.0627858 -0.0224136
v 0.194232 0.0640167 -0.0237508
v 0.188359 0.0661552 -0.0224208
v 0.191497 0.0668117 -0.0231371
v 0.188346 0.0695248 -0.0224283
v 0.188758 0.0696099 -0.022522
v 0.178571 0.0675061 -0.0202783
v 0.180654 0.0678976 -0.0207346
v 0.183392 0.0651029 -0.021324
v 0.17858 0.0641966 -0.0202665
v 0.186133 0.0623116 -0.0219193
v 0.178594 0.0608875 -0.0202589
v 0.178597 0.0600191 -0.0202577
v 0.177877 0.0607542 -0.0201098
v 0.173382 0.0600167 -0.0191585
v 0.168797 0.060016 -0.0181884
v 0.16879 0.0625114 -0.018197
v 0.175126 0.0635508 -0.0195367
v 0.168777 0.0657552 -0.018204
v 0.172381 0.0663466 -0.0189674
v 0.168764 0.0689995 -0.0182115
v 0.169633 0.0691415 -0.0183945
v 0.158953 0.0674902 -0.0162236
v 0.161151 0.0677881 -0.0166692
v 0.163911 0.0649833 -0.0172182
v 0.158967 0.0643075 -0.0162158
v 0.166671 0.0621776 -0.0177674
v 0.158975 0.0611295 -0.0162071
v 0.158979 0.0600172 -0.0162033
v 0.149113 0.0694108 -0.0143242
v 0.149666 0.0694671 -0.0144299
v 0.152447 0.0666444 -0.0149582
v 0.149127 0.0662943 -0.0143171
v 0.155227 0.0638251 -0.0154888
v 0.149136 0.0631829 -0.0143092
v 0.158007 0.061005 -0.0160195
v 0.149147 0.060068 -0.0143
v 0.149148 0.0600147 -0.0142983
v 0.149104 0.0600636 -0.0142935
v 0.148521 0.0600186 -0.0141849
v 0.1393 0.060017 -0.0124778
v 0.139291 0.0623505 -0.0124835
v 0.146303 0.0628981 -0.0137813
v 0.139281 0.0654051 -0.0124916
v 0.143504 0.0657361 -0.0132749
v 0.139271 0.0684607 -0.0125006
v 0.140703 0.0685734 -0.012765
v 0.129409 0.0677351 -0.0107548
v 0.131546 0.067857 -0.0111306
v 0.134352 0.0650187 -0.0116166
v 0.129419 0.0647356 -0.0107467
v 0.137156 0.0621837 -0.0121049
v 0.12943 0.0617372 -0.0107395
v 0.129436 0.060012 -0.0107321
v 0.119533 0.0670633 -0.00909427
v 0.122296 0.067228 -0.00956
v 0.12507 0.0644241 -0.0100154
v 0.119547 0.0640914 -0.00908709
v 0.127843 0.0616237 -0.010473
v 0.119555 0.0611247 -0.00907928
v 0.119557 0.0600124 -0.0090748
v 0.109636 0.0689594 -0.00752324
v 0.110591 0.0690605 -0.00767801
v 0.113251 0.0663759 -0.00809163
v 0.109647 0.0659986 -0.00751371
v 0.115904 0.0636991 -0.0085059
v 0.109656 0.0630432 -0.00750714
v 0.118563 0.0610176 -0.00892176
v 0.109667 0.0600847 -0.0074994
v 0.109669 0.0600061 -0.00749979
v 0.109605 0.0600726 -0.00749219
v 0.109334 0.0600071 -0.00744797
v 0.0997641 0.0600061 -0.00600976
v 0.0997632 0.0607672 -0.0060098
v 0.107181 0.062516 -0.00713477
v 0.0997507 0.0637817 -0.00601945
v 0.104756 0.0649589 -0.00677739
v 0.0997423 0.0667887 -0.00602574
v 0.102333 0.0674014 -0.00642006
v 0.0997316 0.0698011 -0.00603504
v 0.0999095 0.0698435 -0.00606276
v 0.0992408 0.0605299 -0.00593444
v 0.0982215 0.0600027 -0.00578948
v 0.0921401 0.0600009 -0.00492496
v 0.0971903 0.0625936 -0.00564905
v 0.0898468 0.0600003 -0.00459847
v 0.0898397 0.0619425 -0.0046049
v 0.0951379 0.0646613 -0.0053658
v 0.0898326 0.0650581 -0.00461751
v 0.0930859 0.0667287 -0.00508256
v 0.0898239 0.0681703 -0.00462513
v 0.0910364 0.0687916 -0.00479725
v 0.0888344 0.0610201 -0.0044682
v 0.0878254 0.0600023 -0.00433342
v 0.0845786 0.0600003 -0.00390061
v 0.0872028 0.0626603 -0.00425573
v 0.0813288 0.0599995 -0.00346609
v 0.0855751 0.0643003 -0.00404697
v 0.0799199 0.0599968 -0.00327821
v 0.079913 0.0618503 -0.00328233
v 0.0839459 0.065936 -0.00383242
v 0.0799034 0.0651292 -0.00329308
v 0.0823186 0.0675757 -0.00362367
v 0.0798903 0.0684086 -0.00330083
v 0.0806877 0.0692152 -0.00341127
v 0.0792125 0.0607098 -0.00319486
v 0.0788236 0.059999 -0.00314384
v 0.0768828 0.06 -0.00290104
v 0.0779644 0.0619633 -0.00304289
v 0.0749467 0.0599971 -0.00265924
v 0.0767164 0.0632167 -0.00289096
v 0.0730075 0.059999 -0.00241895
v 0.0754685 0.06447 -0.00273902
v 0.0710731 0.0599971 -0.00217965
v 0.0742207 0.0657232 -0.00258709
v 0.0699767 0.0599965 -0.00204134
v 0.0699724 0.0615208 -0.00204577
v 0.0729731 0.0669763 -0.00243515
v 0.0699615 0.0650251 -0.00205651
v 0.0717292 0.0682293 -0.00228693
v 0.0699533 0.0685251 -0.00206556
v 0.0704817 0.0694823 -0.00213501
v 0.0695692 0.0604081 -0.00199769
v 0.069396 0.0599955 -0.00197626
v 0.0680503 0.0599974 -0.00181991
v 0.0686268 0.0613552 -0.00189227
v 0.0667101 0.0599953 -0.00166479
v 0.0676806 0.0623022 -0.00178316
v 0.0653671 0.0599976 -0.00151159
v 0.0667382 0.0632491 -0.00167781
v 0.0640258 0.0599959 -0.00135594
v 0.0657959 0.064196 -0.00157242
v 0.0626819 0.0599987 -0.00120216
v 0.0648536 0.0651429 -0.00146705
v 0.0613396 0.0599974 -0.00104595
v 0.0639076 0.0660896 -0.001358
v 0.0600262 0.0599952 -0.000893651
v 0.0600263 0.0600619 -0.000896594
v 0.0629655 0.0670364 -0.00125262
v 0.0600161 0.0632243 -0.000902741
v 0.0620234 0.0679831 -0.00114724
v 0.0600061 0.0663875 -0.000909687
v 0.0610813 0.0689297 -0.00104193
v 0.0599997 0.0695516 -0.000921103
v 0.0601393 0.0698763 -0.000936568
v 0.0600109 0.0600129 -0.000894336
v 0.0600027 0.059998 -0.000891824
v 0.0589583 0.0599977 -0.000781759
v 0.0592193 0.0608044 -0.000809751
v 0.0579136 0.0599976 -0.000671481
v 0.0584294 0.0616002 -0.000730964
v 0.0568687 0.0599977 -0.000561046
v 0.0576379 0.0623917 -0.000646386
v 0.0558197 0.0599978 -0.000446741
v 0.0568502 0.0631832 -0.000565494
v 0.0547741 0.0599981 -0.000335988
v 0.0560566 0.0639789 -0.000483035
v 0.0537282 0.0599986 -0.000225076
v 0.0552689 0.0647703 -0.000402149
v 0.0526821 0.0599992 -0.000113953
v 0.0544754 0.0655659 -0.000319697
v 0.0516378 0.0599956 -5.54905e-07
v 0.0536841 0.0663572 -0.000235111
v 0.0505947 0.0599964 0.00010717
v 0.0528965 0.0671485 -0.000154236
v 0.0500625 0.0599976 0.000166216
v 0.0500596 0.0615934 0.000159943
v 0.0521031 0.0679441 -7.17943e-05
v 0.050051 0.0648135 0.000153591
v 0.0513157 0.0687353 9.10045e-06
v 0.0500426 0.0680342 0.000146465
v 0.0505223 0.0695308 9.15347e-05
v 0.0496992 0.0603643 0.000198415
v 0.0495052 0.0599978 0.000220229
v 0.0483799 0.0599996 0.000327289
v 0.0489634 0.0611022 0.000268287
v 0.0472565 0.0599973 0.000436681
v 0.0482238 0.06184 0.000341873
v 0.0461268 0.0599993 0.000547837
v 0.0474859 0.0625821 0.000409596
v 0.0450027 0.0599973 0.000657635
v 0.0467501 0.0633199 0.00047946
v 0.043876 0.0599997 0.000765449
v 0.0460085 0.064062 0.000550895
v 0.0427512 0.059998 0.000875624
v 0.0452728 0.0647997 0.000620755
v 0.0416238 0.0600007 0.000983841
v 0.0445371 0.0655375 0.000690638
v 0.0404983 0.0599993 0.0010944
v 0.0437993 0.0662794 0.000758349
v 0.0400909 0.0599992 0.001136
v 0.0400906 0.0613635 0.0011304
v 0.0430599 0.0670171 0.000831917
v 0.0400815 0.0634969 0.00112854
v 0.0423243 0.0677548 0.000901766
v 0.0400772 0.0656287 0.00112356
v 0.0415866 0.0684966 0.000969469
v 0.0400738 0.0677589 0.00111919
v 0.0408474 0.0692343 0.00104306
v 0.0400656 0.0698918 0.00111698
v 0.0401097 0.0699761 0.00111075
v 0.030089 0.0695944 0.00200042
v 0.030498 0.0696084 0.00196349
v 0.0314929 0.068611 0.00187838
v 0.030093 0.0685606 0.00200162
v 0.0324879 0.0676137 0.00179328
v 0.0300951 0.0675307 0.00200083
v 0.0334808 0.0666205 0.00170603
v 0.0300959 0.0664962 0.00200608
v 0.0344796 0.065623 0.00161718
v 0.0300985 0.0654657 0.00200558
v 0.0354746 0.0646255 0.00153205
v 0.0301035 0.0644304 0.00200739
v 0.0364698 0.0636279 0.00144694
v 0.0301064 0.063399 0.00200713
v 0.037465 0.0626303 0.00136182
v 0.030106 0.0623674 0.00201079
v 0.0384603 0.0616327 0.00127671
v 0.0301095 0.0613353 0.00201086
v 0.0394555 0.060635 0.00119156
v 0.0301132 0.0603028 0.00201103
v 0.0301151 0.0600004 0.0020118
v 0.0201206 0.0600051 0.0028016
v 0.0206145 0.0600047 0.00276069
v 0.0201186 0.0606431 0.00280178
v 0.0201189 0.0613376 0.00280161
v 0.0211515 0.0600039 0.00271841
v 0.0201172 0.0620362 0.00279932
v 0.0216847 0.0600032 0.0026799
v 0.0201156 0.0627347 0.00279713
v 0.0222215 0.0600026 0.00263771
v 0.0201162 0.0634287 0.00279712
v 0.0227583 0.0600019 0.00259554
v 0.020111 0.0641267 0.00279875
v 0.023295 0.0600013 0.00255343
v 0.0201097 0.0648247 0.00279675
v 0.0238316 0.0600008 0.00251136
v 0.0201085 0.0655225 0.00279478
v 0.0243659 0.0600046 0.00246716
v 0.0201095 0.0662158 0.00279504
v 0.0249061 0.0600041 0.00242145
v 0.0201048 0.0669132 0.00279694
v 0.0254425 0.0600036 0.00237949
v 0.0201039 0.0676105 0.00279521
v 0.0259788 0.0600032 0.00233759
v 0.0201031 0.0683075 0.00279348
v 0.026515 0.0600028 0.00229573
v 0.0201024 0.0690045 0.00279186
v 0.0270511 0.0600025 0.00225391
v 0.0200981 0.0697012 0.00279399
v 0.0275872 0.0600022 0.00221215
v 0.0213843 0.0687331 0.00269144
v 0.0281231 0.060002 0.00217042
v 0.0237382 0.0663782 0.00250866
v 0.028659 0.0600017 0.00212869
v 0.0260923 0.0640231 0.00232588
v 0.0291948 0.0600015 0.00208706
v 0.0284466 0.0616678 0.00214309
v 0.0297343 0.0600014 0.00204172
v 0.0101268 0.0600077 0.00350058
v 0.0102395 0.0600088 0.00349018
v 0.0101295 0.0602008 0.00349922
v 0.0101251 0.06082 0.00349948
v 0.0105894 0.0600086 0.00346766
v 0.0101267 0.0614347 0.00349825
v 0.010943 0.0600085 0.00344142
v 0.0101224 0.0620536 0.00349862
v 0.0112928 0.0600083 0.00341894
v 0.0101242 0.0626681 0.00349749
v 0.0116463 0.0600082 0.00339273
v 0.0101201 0.0632867 0.00349794
v 0.0119999 0.0600081 0.00336656
v 0.0101221 0.0639009 0.00349689
v 0.0123496 0.0600079 0.00334414
v 0.0101182 0.0645193 0.00349748
v 0.012703 0.0600079 0.003318
v 0.0101181 0.0651376 0.00349435
v 0.0130526 0.0600078 0.00329558
v 0.0101165 0.0657514 0.0034972
v 0.013406 0.0600077 0.00326948
v 0.0101166 0.0663694 0.00349418
v 0.0137594 0.0600077 0.00324338
v 0.0101131 0.0669872 0.00349495
v 0.0141089 0.0600077 0.00322106
v 0.0101095 0.0676049 0.00349576
v 0.0144621 0.0600076 0.00319497
v 0.0101099 0.0682225 0.00349289
v 0.0148117 0.0600077 0.00317271
v 0.0101088 0.0688357 0.00349599
v 0.0151648 0.0600077 0.00314665
v 0.0101092 0.069453 0.00349321
v 0.0155201 0.0600034 0.00312281
v 0.0101792 0.0699446 0.00348791
v 0.0158696 0.0600035 0.00310059
v 0.0110032 0.0691205 0.00343133
v 0.0162226 0.0600035 0.0030746
v 0.0118251 0.0683007 0.00337261
v 0.0165757 0.0600036 0.00304864
v 0.0126492 0.0674766 0.00331605
v 0.0169249 0.0600037 0.00302645
v 0.0134695 0.0666524 0.00326323
v 0.0172779 0.0600038 0.00300053
v 0.0142915 0.0658326 0.00320451
v 0.0176309 0.060004 0.00297466
v 0.0151156 0.0650084 0.00314794
v 0.01798 0.0600041 0.00295249
v 0.0159376 0.0641885 0.00308921
v 0.018333 0.0600043 0.00292665
v 0.0167618 0.0633642 0.00303264
v 0.0186858 0.0600045 0.0029008
v 0.017586 0.06254 0.00297607
v 0.0190349 0.0600047 0.00287872
v 0.0184081 0.06172 0.00291734
v 0.0193876 0.0600049 0.0028529
v 0.0192286 0.0608957 0.00286451
v 0.0197404 0.0600052 0.00282713
v 0.0200529 0.0600713 0.00280791
v 0.0200931 0.0600054 0.00280135
v 4.56278e-06 0.0699616 -1.21537e-06
v 0.000198302 0.0698085 6.79964e-05
v 0.00319276 0.0668544 0.00110112
v 2.05908e-06 0.0693537 -9.83096e-07
v 0.00618801 0.0638978 0.002136
v 5.56607e-06 0.0687413 -2.28683e-06
v 0.00918197 0.060943 0.00317051
v 3.19702e-06 0.0681331 -1.97398e-06
v 0.00959749 0.0600066 0.0033145
v 3.12891e-06 0.0675205 5.86021e-07
v 0.00881763 0.0600046 0.0030486
v 4.69645e-06 0.066912 -2.75028e-06
v 0.00803917 0.0600071 0.00277677
v 2.59684e-06 0.0663035 -2.27595e-06
v 0.0072627 0.0600055 0.0025071
v 2.75417e-06 0.0656904 4.19697e-07
v 0.00648234 0.060004 0.00224121
v 4.5931e-06 0.0650816 -2.75669e-06
v 0.0057055 0.0600026 0.00197153
v 2.76328e-06 0.0644727 -2.12066e-06
v 0.00492641 0.0600058 0.00169973
v 3.14638e-06 0.0638592 7.10828e-07
v 0.00414926 0.0600048 0.00143006
v 5.21191e-06 0.06325 -2.33235e-06
v 0.00336826 0.060004 0.0011642
v 3.60709e-06 0.0626407 -1.56134e-06
v 0.00259075 0.0600033 0.000894525
v 2.09209e-06 0.0620312 -7.36229e-07
v 0.00181315 0.0600028 0.000624894
v 4.42937e-06 0.0614216 -3.61941e-06
v 0.00103532 0.0600024 0.000355231
v 3.09471e-06 0.0608119 -2.68661e-06
v 0.000257364 0.0600022 8.55894e-05
v 1.75965e-06 0.060202 -1.75352e-06
v 5.00935e-06 0.0599984 -9.49667e-07
v 0.902896 0.0500481 -0.43066
v 0.912585 0.0500495 -0.43499
v 0.895789 0.0500462 -0.423579
v 0.888633 0.0500487 -0.416541
v 0.881437 0.0500441 -0.409544
v 0.874192 0.050044 -0.402588
v 0.866904 0.0500446 -0.395679
v 0.859573 0.0500419 -0.38881
v 0.853761 0.0579268 -0.383425
v 0.852879 0.0500422 -0.382619
v 0.852198 0.0500399 -0.381987
v 0.844781 0.0500387 -0.375208
v 0.83801 0.0591169 -0.369086
v 0.83805 0.0500397 -0.369135
v 0.837323 0.0500383 -0.368477
v 0.82982 0.0500386 -0.36179
v 0.822328 0.0599662 -0.35518
v 0.823418 0.050037 -0.356152
v 0.822275 0.0500361 -0.355144
v 0.814688 0.0500384 -0.348549
v 0.807063 0.0500341 -0.341996
v 0.80162 0.0571322 -0.33737
v 0.801168 0.0500349 -0.336995
v 0.799397 0.0500351 -0.335493
v 0.791689 0.0500337 -0.329031
v 0.783943 0.0500339 -0.32262
v 0.776158 0.0500321 -0.316254
v 0.768332 0.0500319 -0.309933
v 0.760468 0.0500297 -0.303659
v 0.767089 0.0500303 -0.308941
v 0.760459 0.0588061 -0.303641
v 0.752565 0.0500291 -0.297434
v 0.744626 0.0500265 -0.291259
v 0.750324 0.0500282 -0.295691
v 0.744618 0.0546591 -0.291247
v 0.736635 0.0572085 -0.285114
v 0.74008 0.0557173 -0.287764
v 0.736647 0.0500257 -0.285131
v 0.728618 0.0569767 -0.279038
v 0.73106 0.0569844 -0.280888
v 0.72863 0.0500269 -0.279053
v 0.720567 0.0549855 -0.27301
v 0.723744 0.0560848 -0.275389
v 0.720573 0.0500264 -0.273021
v 0.712484 0.0511658 -0.267039
v 0.717184 0.0542108 -0.270511
v 0.712483 0.0500242 -0.267039
v 0.711733 0.0509479 -0.266493
v 0.710921 0.0500231 -0.265899
v 0.704356 0.0500244 -0.261109
v 0.696183 0.0550735 -0.255218
v 0.69768 0.058188 -0.256293
v 0.69619 0.0500229 -0.255227
v 0.694056 0.0526216 -0.253708
v 0.693382 0.0500206 -0.253229
v 0.687993 0.0500199 -0.249398
v 0.679754 0.0500192 -0.243617
v 0.671467 0.0556103 -0.237877
v 0.673454 0.0576212 -0.239253
v 0.67148 0.050021 -0.237891
v 0.669758 0.0520896 -0.236713
v 0.666378 0.0500177 -0.234403
v 0.663174 0.0500174 -0.232214
v 0.654811 0.0569882 -0.226577
v 0.656496 0.0580044 -0.227711
v 0.654827 0.0500164 -0.226589
v 0.646446 0.0503718 -0.221019
v 0.651607 0.0538551 -0.224448
v 0.646447 0.0500177 -0.22102
v 0.646273 0.0502238 -0.220904
v 0.645996 0.0500154 -0.220722
v 0.638034 0.0500176 -0.215506
v 0.638021 0.0551209 -0.215493
v 0.64054 0.0570238 -0.217144
v 0.635454 0.0530643 -0.213836
v 0.631895 0.050017 -0.211537
v 0.629584 0.050016 -0.210044
v 0.629558 0.0594581 -0.210022
v 0.629837 0.0596961 -0.210203
v 0.621095 0.0516991 -0.204634
v 0.624923 0.0554988 -0.207072
v 0.621101 0.0500129 -0.204636
v 0.620311 0.0509371 -0.204139
v 0.619499 0.0500139 -0.20363
v 0.61258 0.0500123 -0.199283
v 0.612564 0.0553257 -0.199272
v 0.614591 0.0576352 -0.200545
v 0.610233 0.0527494 -0.197829
v 0.60808 0.0500134 -0.196499
v 0.604026 0.0500142 -0.19399
v 0.604003 0.0590095 -0.193972
v 0.604414 0.0595364 -0.194226
v 0.60026 0.0543897 -0.191691
v 0.597059 0.0500137 -0.18974
v 0.595438 0.0500108 -0.188748
v 0.586814 0.0508912 -0.183565
v 0.590329 0.0559222 -0.185677
v 0.586818 0.0500101 -0.183569
v 0.586472 0.0504104 -0.183366
v 0.586201 0.0500112 -0.183205
v 0.578162 0.0500122 -0.178447
v 0.578147 0.0540838 -0.178437
v 0.58041 0.0573959 -0.179777
v 0.576586 0.0518196 -0.177528
v 0.575363 0.05001 -0.176814
v 0.569474 0.0500091 -0.17338
v 0.56945 0.0572975 -0.173366
v 0.570484 0.0588243 -0.17397
v 0.566669 0.0532181 -0.171772
v 0.564491 0.0500117 -0.170523
v 0.560751 0.0500089 -0.168374
v 0.556714 0.0546107 -0.166093
v 0.553572 0.0500103 -0.164319
v 0.551997 0.0500078 -0.163427
v 0.543206 0.050882 -0.158537
v 0.546717 0.0560015 -0.160492
v 0.543208 0.0500098 -0.15854
v 0.542868 0.0503943 -0.158355
v 0.542604 0.0500082 -0.158208
v 0.534391 0.0500071 -0.153713
v 0.534379 0.0540289 -0.153708
v 0.536693 0.0573783 -0.154974
v 0.532822 0.0517764 -0.15287
v 0.531586 0.0500059 -0.152203
v 0.52554 0.0500077 -0.14895
v 0.525515 0.0571493 -0.148936
v 0.526633 0.0587498 -0.149538
v 0.522732 0.0531574 -0.147462
v 0.520517 0.0500087 -0.14629
v 0.516656 0.0500076 -0.144245
v 0.512609 0.0545333 -0.142139
v 0.509403 0.0500052 -0.140467
v 0.507742 0.0500072 -0.139605
v 0.498794 0.0507854 -0.135023
v 0.502455 0.0559011 -0.136898
v 0.498796 0.0500065 -0.135025
v 0.498485 0.0503518 -0.134867
v 0.498232 0.0500041 -0.134739
v 0.489817 0.0500057 -0.130506
v 0.489806 0.0538669 -0.130502
v 0.492262 0.0572643 -0.131739
v 0.488263 0.0517289 -0.12974
v 0.487 0.0500061 -0.129114
v 0.480811 0.0500048 -0.126055
v 0.480787 0.0568926 -0.126045
v 0.482046 0.0586097 -0.126666
v 0.478018 0.0530842 -0.124697
v 0.475732 0.0500028 -0.123588
v 0.471775 0.0500041 -0.121667
v 0.471736 0.0598287 -0.121652
v 0.471814 0.0599319 -0.121689
v 0.467757 0.0544211 -0.119752
v 0.46442 0.0500038 -0.118159
v 0.462707 0.0500037 -0.117343
v 0.453605 0.050694 -0.113083
v 0.457478 0.0557358 -0.114898
v 0.45361 0.0500037 -0.113085
v 0.453321 0.0503194 -0.112953
v 0.453077 0.0500036 -0.11284
v 0.444481 0.0500044 -0.108891
v 0.44447 0.0535678 -0.108887
v 0.447175 0.0570346 -0.110132
v 0.442974 0.0516464 -0.108212
v 0.441674 0.0500034 -0.107625
v 0.435328 0.0500019 -0.104764
v 0.435303 0.0563995 -0.104757
v 0.436838 0.0583316 -0.10545
v 0.432596 0.0529715 -0.10356
v 0.430207 0.0500023 -0.102502
v 0.426143 0.0500043 -0.100706
v 0.426109 0.0592021 -0.100695
v 0.426458 0.059632 -0.100847
v 0.422177 0.0542996 -0.0989903
v 0.418661 0.0500033 -0.0974629
v 0.416933 0.050004 -0.0967153
v 0.407689 0.0507773 -0.0927878
v 0.411723 0.0556226 -0.0945026
v 0.407693 0.050001 -0.0927885
v 0.407351 0.0503691 -0.0926466
v 0.407044 0.05 -0.0925185
v 0.398426 0.0499995 -0.0889308
v 0.398413 0.0536041 -0.0889287
v 0.401242 0.0569442 -0.0901096
v 0.396827 0.0517187 -0.0882836
v 0.395345 0.050001 -0.0876777
v 0.389133 0.0499999 -0.0851458
v 0.389108 0.0563722 -0.0851401
v 0.390733 0.0582562 -0.0858041
v 0.386274 0.0530586 -0.0840083
v 0.383584 0.0500027 -0.0829338
v 0.379811 0.0500022 -0.0814298
v 0.379776 0.0590723 -0.0814188
v 0.3802 0.0595547 -0.0815874
v 0.375699 0.0543889 -0.0798274
v 0.37177 0.0500021 -0.0782909
v 0.370463 0.0499986 -0.0777786
v 0.361085 0.0512989 -0.0742006
v 0.365102 0.0557061 -0.0757388
v 0.361093 0.0499975 -0.0742031
v 0.360489 0.0506367 -0.0739777
v 0.359894 0.0499987 -0.0737552
v 0.351692 0.0499991 -0.0706962
v 0.351676 0.0540004 -0.0706946
v 0.354478 0.0570151 -0.07174
v 0.349817 0.0519819 -0.0700135
v 0.347944 0.049998 -0.0693296
v 0.342269 0.0499996 -0.0672627
v 0.342242 0.0566482 -0.0672574
v 0.343828 0.058321 -0.0678358
v 0.33912 0.0533198 -0.0661422
v 0.33592 0.0499965 -0.0649991
v 0.33282 0.0499991 -0.0638992
v 0.332786 0.0592428 -0.0638919
v 0.333149 0.0596241 -0.0640226
v 0.328399 0.0546508 -0.0623635
v 0.323821 0.0499973 -0.0607703
v 0.323345 0.0499981 -0.0606054
v 0.313842 0.0521944 -0.0573885
v 0.317645 0.0559839 -0.0586774
v 0.31385 0.0499968 -0.0573884
v 0.312777 0.0511226 -0.0570356
v 0.311624 0.0499981 -0.0566531
v 0.304329 0.0499954 -0.054241
v 0.30431 0.0548312 -0.0542407
v 0.306858 0.05732 -0.0550833
v 0.30194 0.052495 -0.053477
v 0.299331 0.0499953 -0.0526325
v 0.294785 0.0499982 -0.0511722
v 0.294757 0.0574337 -0.0511683
v 0.296039 0.0586598 -0.0515808
v 0.291067 0.0538756 -0.050012
v 0.28693 0.049996 -0.0487101
v 0.285219 0.0499974 -0.0481745
v 0.275628 0.0511231 -0.045251
v 0.280151 0.0552694 -0.0466348
v 0.275632 0.0499974 -0.0452533
v 0.275054 0.050597 -0.0450825
v 0.274382 0.0499969 -0.0448827
v 0.266023 0.0499983 -0.0424087
v 0.266008 0.053844 -0.0424075
v 0.26919 0.0566858 -0.0433525
v 0.264028 0.0520633 -0.0418348
v 0.261654 0.0499955 -0.0411495
v 0.256392 0.0499965 -0.039635
v 0.256366 0.0565695 -0.039636
v 0.258166 0.0581344 -0.040154
v 0.25293 0.0535749 -0.0386732
v 0.248705 0.0499968 -0.0374891
v 0.246742 0.0499963 -0.0369413
v 0.246706 0.0593237 -0.0369418
v 0.247069 0.0596336 -0.0370429
v 0.237062 0.0513074 -0.0343237
v 0.241753 0.0551421 -0.035597
v 0.237066 0.0499979 -0.0343206
v 0.236357 0.0507295 -0.0341363
v 0.235427 0.0499991 -0.0338926
v 0.227375 0.0500018 -0.0317837
v 0.22736 0.0543479 -0.0317835
v 0.230466 0.0567962 -0.0326013
v 0.224963 0.0524781 -0.0311731
v 0.221668 0.0500002 -0.0303337
v 0.217665 0.0499998 -0.0293192
v 0.217637 0.0575081 -0.0293208
v 0.21904 0.0585648 -0.0296786
v 0.207931 0.0504806 -0.0269338
v 0.213398 0.054377 -0.0282802
v 0.207932 0.0500006 -0.0269314
v 0.207652 0.0502896 -0.0268676
v 0.207223 0.0500026 -0.0267662
v 0.198183 0.0500043 -0.0246275
v 0.198169 0.0541998 -0.0246276
v 0.201601 0.0564846 -0.0254455
v 0.195647 0.0525948 -0.0240516
v 0.191398 0.0500036 -0.023079
v 0.188417 0.050003 -0.0224
v 0.188387 0.0582207 -0.022403
v 0.189485 0.0588908 -0.0226555
v 0.178623 0.0527581 -0.0202539
v 0.18325 0.0552738 -0.0212734
v 0.178632 0.0500054 -0.0202529
v 0.176812 0.051859 -0.0198725
v 0.172876 0.0500028 -0.0190371
v 0.168833 0.0500033 -0.018186
v 0.168806 0.0577822 -0.0181901
v 0.170301 0.0584876 -0.0185071
v 0.159002 0.0538523 -0.0162004
v 0.163387 0.055537 -0.017089
v 0.159014 0.0500053 -0.0161999
v 0.149178 0.0508613 -0.0142934
v 0.15613 0.0529303 -0.0156432
v 0.149181 0.0500034 -0.0142941
v 0.148495 0.050698 -0.0141674
v 0.145193 0.0500035 -0.0135563
v 0.139333 0.0500021 -0.0124709
v 0.139306 0.0578634 -0.0124716
v 0.141057 0.0582354 -0.0128
v 0.129448 0.0562022 -0.0107293
v 0.132703 0.0567078 -0.0113064
v 0.129467 0.0499974 -0.0107248
v 0.119575 0.0545121 -0.00907139
v 0.124254 0.0552652 -0.009856
v 0.119589 0.0499938 -0.00906532
v 0.109694 0.0515358 -0.00749406
v 0.116169 0.0534482 -0.00852713
v 0.109699 0.0499918 -0.00749257
v 0.10878 0.0509147 -0.00735225
v 0.107434 0.0499896 -0.00714951
v 0.099795 0.0499875 -0.00600077
v 0.0997833 0.0534908 -0.00600243
v 0.103618 0.0561208 -0.00658467
v 0.0983569 0.0514348 -0.0057982
v 0.0973223 0.0499859 -0.00564821
v 0.0911633 0.0499836 -0.00477534
v 0.0947785 0.0550371 -0.00529406
v 0.089877 0.0499814 -0.00459009
v 0.0898555 0.0567684 -0.00459558
v 0.0911989 0.0586428 -0.00479212
v 0.0880119 0.0518586 -0.00434569
v 0.0872843 0.0499818 -0.00424574
v 0.0840069 0.0499824 -0.00380954
v 0.0856551 0.0542293 -0.00403532
v 0.0807324 0.0499801 -0.00337316
v 0.0832986 0.0565996 -0.00372499
v 0.0799462 0.0499777 -0.0032668
v 0.0799293 0.0563538 -0.00327631
v 0.0809426 0.0589696 -0.00341466
v 0.0787479 0.051182 -0.0031198
v 0.0784328 0.049981 -0.00308191
v 0.0764419 0.0499787 -0.00283276
v 0.0771722 0.0527684 -0.00292878
v 0.0744537 0.0499768 -0.00258667
v 0.0755987 0.0543503 -0.00273567
v 0.0724606 0.0499754 -0.00233628
v 0.0740196 0.0559363 -0.00254102
v 0.070468 0.0499788 -0.00209107
v 0.0724465 0.0575179 -0.00234795
v 0.0700065 0.049977 -0.00203462
v 0.0699916 0.0557458 -0.00204028
v 0.0708677 0.0591037 -0.00215331
v 0.0691299 0.0508561 -0.00193374
v 0.068909 0.0499761 -0.00190737
v 0.0674749 0.0499781 -0.00174192
v 0.06799 0.0520015 -0.0018045
v 0.066046 0.049976 -0.00157773
v 0.0668502 0.0531469 -0.00167523
v 0.0646108 0.0499786 -0.00141162
v 0.0657067 0.0542922 -0.00154229
v 0.0631808 0.049977 -0.00124679
v 0.0645671 0.0554374 -0.00141307
v 0.0617503 0.0499758 -0.00108162
v 0.0634275 0.0565825 -0.00128385
v 0.0603192 0.0499747 -0.000916153
v 0.0622843 0.0577276 -0.00115091
v 0.0600527 0.0499754 -0.000884225
v 0.0600426 0.0545277 -0.000891693
v 0.0611449 0.0588726 -0.00102169
v 0.059335 0.0506984 -0.000811575
v 0.0591676 0.049975 -0.000792005
v 0.0580772 0.0499749 -0.000674554
v 0.058449 0.0515855 -0.000716932
v 0.0569901 0.049975 -0.000560607
v 0.0575688 0.0524682 -0.000623867
v 0.055899 0.0499752 -0.000442776
v 0.0566865 0.0533551 -0.000532977
v 0.0548113 0.0499756 -0.000328502
v 0.0558065 0.0542378 -0.00043992
v 0.0537233 0.0499762 -0.000214013
v 0.0549206 0.0551247 -0.000345268
v 0.0526312 0.0499768 -9.56374e-05
v 0.0540385 0.0560115 -0.000254391
v 0.0515425 0.0499776 1.91779e-05
v 0.0531586 0.056894 -0.000161322
v 0.0504535 0.0499786 0.000134209
v 0.0522728 0.0577808 -6.671e-05
v 0.0500895 0.0499773 0.000174302
v 0.0500806 0.0530504 0.000172109
v 0.0513908 0.0586675 2.41804e-05
v 0.0500717 0.0576647 0.00016687
v 0.050511 0.0595498 0.00011721
v 0.0494852 0.0505843 0.000230903
v 0.049272 0.0499781 0.000254058
v 0.0480496 0.0499768 0.000370775
v 0.0485801 0.0514927 0.00031693
v 0.0468209 0.04998 0.000489322
v 0.0476713 0.0524012 0.000406732
v 0.0455938 0.0499791 0.000610219
v 0.0467662 0.0533096 0.000492751
v 0.0443664 0.0499784 0.00073137
v 0.0458611 0.0542179 0.000578793
v 0.0431424 0.0499779 0.000849043
v 0.0449524 0.0551262 0.000668556
v 0.0419141 0.0499776 0.000970621
v 0.0440474 0.0560344 0.000754563
v 0.040687 0.0499817 0.00108657
v 0.0431389 0.0569427 0.000844345
v 0.0401192 0.0499786 0.00114289
v 0.040113 0.0518331 0.00114023
v 0.0422319 0.0578552 0.000928223
v 0.0401031 0.0552923 0.00114001
v 0.041327 0.0587633 0.00101422
v 0.0400974 0.0587516 0.00113547
v 0.0404185 0.0596714 0.00110396
v 0.0301181 0.0576349 0.00201426
v 0.0322973 0.057814 0.00182244
v 0.0353811 0.0547244 0.00155472
v 0.030127 0.0542935 0.00201577
v 0.0384655 0.0516344 0.00128707
v 0.0301326 0.0509527 0.00202036
v 0.0301351 0.0499837 0.00202246
v 0.020147 0.0499886 0.00280743
v 0.0205216 0.0499907 0.00277708
v 0.0201346 0.0537571 0.00280655
v 0.0201241 0.0595216 0.00279885
v 0.0210958 0.0499883 0.00273482
v 0.0207095 0.0594171 0.00275476
v 0.0216715 0.0499904 0.00268671
v 0.0213486 0.0587759 0.0027065
v 0.0222494 0.0499882 0.00264083
v 0.0219914 0.0581347 0.00265447
v 0.0228213 0.0499904 0.00259661
v 0.0226306 0.0574935 0.0026062
v 0.0233989 0.0499882 0.00255081
v 0.0232735 0.0568523 0.0025542
v 0.0239764 0.0499861 0.00250505
v 0.0239127 0.056211 0.00250593
v 0.024548 0.0499884 0.00246097
v 0.0245557 0.0555698 0.00245395
v 0.0251253 0.0499863 0.00241528
v 0.0251949 0.0549285 0.00240565
v 0.0257027 0.0499844 0.00236972
v 0.0258341 0.0542873 0.00235738
v 0.026274 0.0499868 0.00232575
v 0.0264772 0.053646 0.00230539
v 0.026851 0.0499849 0.00228024
v 0.0271164 0.0530047 0.00225712
v 0.0274259 0.0499874 0.00223265
v 0.0277595 0.0523634 0.0022051
v 0.0280028 0.0499856 0.00218725
v 0.0283988 0.051722 0.00215683
v 0.0285759 0.0499839 0.00214562
v 0.0290418 0.0510806 0.00210478
v 0.0291526 0.0499822 0.00210031
v 0.0296811 0.0504393 0.00205651
v 0.0297271 0.0499848 0.00205291
v 0.0200148 0.0501211 0.00281617
v 0.0200158 0.049991 0.00281684
v 0.0196457 0.0499894 0.0028439
v 0.0196395 0.0504969 0.00284161
v 0.0192733 0.0499921 0.00286881
v 0.0192643 0.0508726 0.00286708
v 0.0189031 0.0499906 0.00289589
v 0.0188891 0.0512483 0.00289255
v 0.0185328 0.049989 0.00292297
v 0.0185139 0.051624 0.00291802
v 0.0181641 0.0499919 0.00294421
v 0.0181349 0.0519997 0.00294722
v 0.0177938 0.0499903 0.00297136
v 0.0177597 0.0523754 0.00297266
v 0.0174213 0.0499932 0.00299637
v 0.0173845 0.0527511 0.00299813
v 0.0170508 0.0499917 0.00302354
v 0.0170093 0.0531268 0.0030236
v 0.0166782 0.0499946 0.00304856
v 0.0166341 0.0535025 0.00304907
v 0.0163077 0.0499932 0.0030758
v 0.0162589 0.0538782 0.00307451
v 0.0159372 0.0499917 0.00310305
v 0.0158837 0.0542538 0.00309998
v 0.0155645 0.0499947 0.00312816
v 0.0155048 0.0546295 0.00312917
v 0.0151977 0.0499933 0.00315169
v 0.0151296 0.0550052 0.00315464
v 0.014827 0.049992 0.003179
v 0.0147545 0.0553808 0.0031801
v 0.0144542 0.0499949 0.00320415
v 0.0143793 0.0557565 0.00320554
v 0.0140835 0.0499936 0.0032315
v 0.0140041 0.0561321 0.00323101
v 0.0137105 0.0499966 0.00325669
v 0.013629 0.0565078 0.00325648
v 0.0133397 0.0499953 0.00328408
v 0.0132539 0.0568834 0.00328194
v 0.0129727 0.0499941 0.00330773
v 0.0128749 0.0572591 0.00331113
v 0.0125996 0.0499971 0.00333296
v 0.0124998 0.0576347 0.00333657
v 0.0122288 0.0499959 0.00336044
v 0.0121247 0.0580103 0.00336203
v 0.0118578 0.0499947 0.0033879
v 0.0117495 0.0583859 0.0033875
v 0.0114847 0.0499979 0.00341322
v 0.0113744 0.0587616 0.00341296
v 0.0111174 0.0499967 0.00343695
v 0.0109993 0.0591372 0.00343842
v 0.0107463 0.0499955 0.00346448
v 0.0106242 0.0595128 0.00346389
v 0.0103731 0.0499987 0.00348986
v 0.0102453 0.0598884 0.00349305
v 0.0101504 0.0499956 0.00350673
v 0.00983369 0.0503081 0.00339785
v 0.00982439 0.049996 0.00339297
v 0.00899503 0.0499984 0.00310473
v 0.00903984 0.0510923 0.00312051
v 0.00816765 0.0499966 0.00281867
v 0.00823998 0.0518811 0.00284475
v 0.00733419 0.0499994 0.00253423
v 0.00744217 0.0526656 0.00257112
v 0.00650643 0.049998 0.00224817
v 0.00664213 0.0534545 0.0022953
v 0.00567853 0.0499969 0.00196215
v 0.00584787 0.0542393 0.00201783
v 0.00485044 0.0499959 0.00167612
v 0.00504972 0.0550241 0.00174408
v 0.00401994 0.0499994 0.0013879
v 0.00424939 0.0558135 0.00146817
v 0.00319143 0.0499988 0.00110186
v 0.00345487 0.0565986 0.00119063
v 0.00236273 0.0499984 0.000815815
v 0.00265652 0.0573838 0.000916847
v 0.00153385 0.0499981 0.000529777
v 0.00186173 0.0581692 0.000639204
v 0.000704772 0.0499981 0.000243743
v 0.00106107 0.0589591 0.000363222
v 5.36375e-06 0.0499973 -2.49527e-06
v 4.72181e-06 0.0531596 -1.50408e-06
v 0.000262377 0.0597447 8.93165e-05
v 0.902892 0.0400462 -0.430673
v 0.912589 0.0400413 -0.434991
v 0.895785 0.0400443 -0.423592
v 0.888631 0.0400428 -0.416552
v 0.881434 0.0400419 -0.409556
v 0.874193 0.0400378 -0.402602
v 0.866902 0.040038 -0.395689
v 0.859574 0.040035 -0.388823
v 0.852919 0.0490638 -0.382656
v 0.853059 0.0400356 -0.382797
v 0.852199 0.0400365 -0.382001
v 0.844785 0.0400347 -0.375226
v 0.838043 0.0490705 -0.36913
v 0.837906 0.040034 -0.369017
v 0.837323 0.0400336 -0.368491
v 0.829824 0.0400332 -0.361807
v 0.823373 0.0485829 -0.356115
v 0.822667 0.0400303 -0.355502
v 0.822279 0.0400298 -0.35516
v 0.814696 0.0400311 -0.348568
v 0.807069 0.0400297 -0.342016
v 0.799396 0.0488076 -0.335493
v 0.800254 0.0489162 -0.336223
v 0.799405 0.0400256 -0.33551
v 0.79169 0.0468879 -0.329038
v 0.794275 0.0466794 -0.331203
v 0.791698 0.040027 -0.329054
v 0.783947 0.0461823 -0.322629
v 0.786921 0.0461924 -0.32509
v 0.78395 0.0400262 -0.322639
v 0.776161 0.0463676 -0.316262
v 0.778979 0.0464082 -0.318564
v 0.776166 0.0400233 -0.316271
v 0.768333 0.0490798 -0.309936
v 0.769338 0.0487468 -0.310746
v 0.768343 0.0400222 -0.309952
v 0.760479 0.0400228 -0.30368
v 0.75258 0.0400211 -0.297457
v 0.760156 0.0400224 -0.303425
v 0.752566 0.0480643 -0.297439
v 0.744637 0.0400211 -0.291278
v 0.749746 0.040021 -0.295253
v 0.744631 0.045004 -0.291268
v 0.736649 0.048661 -0.285134
v 0.738559 0.0476326 -0.286601
v 0.738564 0.0400198 -0.286614
v 0.736659 0.0410423 -0.285148
v 0.736662 0.040019 -0.285153
v 0.73584 0.0410391 -0.284526
v 0.732821 0.0400172 -0.282238
v 0.728646 0.0400187 -0.279074
v 0.728633 0.0482619 -0.279056
v 0.729743 0.0486377 -0.279898
v 0.720591 0.0412053 -0.27304
v 0.723465 0.0464415 -0.275189
v 0.72059 0.0400166 -0.27304
v 0.720057 0.0406775 -0.272645
v 0.719968 0.0400148 -0.272579
v 0.712502 0.0400166 -0.267063
v 0.709471 0.0437398 -0.264845
v 0.710053 0.0400141 -0.265273
v 0.704373 0.0400149 -0.261129
v 0.696213 0.0400115 -0.25525
v 0.698715 0.040015 -0.257054
v 0.6962 0.0459457 -0.255235
v 0.688011 0.0400104 -0.249418
v 0.679776 0.0400115 -0.243642
v 0.682429 0.0400107 -0.245503
v 0.679768 0.0422959 -0.243636
v 0.671486 0.0467602 -0.237896
v 0.676257 0.044255 -0.2412
v 0.671499 0.0400111 -0.237911
v 0.663193 0.0400093 -0.232236
v 0.65485 0.0400098 -0.226615
v 0.646472 0.0400089 -0.221046
v 0.651433 0.0400082 -0.224342
v 0.646452 0.0490749 -0.221023
v 0.638058 0.0400064 -0.215528
v 0.635696 0.0427943 -0.214
v 0.637278 0.040006 -0.215024
v 0.629608 0.0400062 -0.210066
v 0.621125 0.0400044 -0.204659
v 0.625934 0.0400049 -0.207724
v 0.621104 0.0476549 -0.204639
v 0.612605 0.040005 -0.199309
v 0.615327 0.0400054 -0.201019
v 0.612594 0.0439215 -0.199298
v 0.60405 0.0400042 -0.194012
v 0.604731 0.0400018 -0.194432
v 0.604049 0.0409134 -0.194011
v 0.595466 0.0400018 -0.188775
v 0.586843 0.0400021 -0.183593
v 0.593854 0.0400031 -0.187807
v 0.586821 0.0491869 -0.183573
v 0.578187 0.0400011 -0.178468
v 0.582786 0.0400011 -0.181191
v 0.578171 0.0461626 -0.178453
v 0.5695 0.0399988 -0.173403
v 0.571671 0.0399987 -0.174669
v 0.569493 0.0429917 -0.173396
v 0.560779 0.0399994 -0.168398
v 0.559835 0.041076 -0.167864
v 0.560588 0.0399987 -0.16829
v 0.552026 0.039999 -0.163453
v 0.543237 0.0399976 -0.158563
v 0.549549 0.0399976 -0.162074
v 0.543211 0.0491321 -0.158542
v 0.534422 0.0399954 -0.153738
v 0.538525 0.0399945 -0.155983
v 0.534404 0.0459454 -0.153723
v 0.52557 0.0399963 -0.148974
v 0.52749 0.0399945 -0.150006
v 0.52556 0.0427709 -0.148963
v 0.516686 0.0399927 -0.144266
v 0.515523 0.0412976 -0.143661
v 0.516439 0.0399962 -0.144141
v 0.507772 0.0399925 -0.139624
v 0.498829 0.039992 -0.135047
v 0.505356 0.0399921 -0.138388
v 0.4988 0.0492166 -0.135026
v 0.489852 0.0399912 -0.13053
v 0.494231 0.0399949 -0.132736
v 0.48983 0.0461112 -0.130515
v 0.480844 0.0399943 -0.12608
v 0.483068 0.0399933 -0.127179
v 0.480834 0.0430624 -0.126072
v 0.471807 0.0399934 -0.121691
v 0.471865 0.0399916 -0.121717
v 0.471805 0.0400719 -0.121689
v 0.462739 0.0399928 -0.117366
v 0.453642 0.0399926 -0.113108
v 0.460624 0.0399915 -0.116376
v 0.453611 0.0493001 -0.113085
v 0.444516 0.0399889 -0.108912
v 0.449344 0.0399925 -0.111133
v 0.444497 0.04635 -0.1089
v 0.435361 0.03999 -0.104787
v 0.43803 0.0399897 -0.10599
v 0.435352 0.0434516 -0.10478
v 0.426179 0.0399879 -0.100726
v 0.426664 0.0399898 -0.100943
v 0.426174 0.040611 -0.100726
v 0.416967 0.0399909 -0.0967373
v 0.407729 0.0399872 -0.0928105
v 0.41523 0.0399888 -0.0959966
v 0.407695 0.0492162 -0.092791
v 0.39846 0.0399889 -0.0889551
v 0.403733 0.0399866 -0.0911463
v 0.39844 0.0463486 -0.088942
v 0.389166 0.0399883 -0.0851669
v 0.392176 0.0399897 -0.0863947
v 0.389153 0.0435519 -0.0851589
v 0.379847 0.0399855 -0.0814494
v 0.380564 0.0399865 -0.0817355
v 0.379841 0.0408219 -0.0814476
v 0.3705 0.0399849 -0.0778007
v 0.361126 0.0399866 -0.0742245
v 0.368883 0.0399876 -0.0771854
v 0.361094 0.0486814 -0.0742033
v 0.351725 0.0399828 -0.0707129
v 0.357143 0.0399842 -0.0727353
v 0.351705 0.045949 -0.0707036
v 0.342303 0.039986 -0.0672825
v 0.345346 0.0399824 -0.0683892
v 0.342292 0.0432686 -0.0672734
v 0.332854 0.0399841 -0.0639166
v 0.333479 0.0399816 -0.0641369
v 0.332853 0.0406447 -0.0639154
v 0.323382 0.0399815 -0.0606241
v 0.313885 0.0399826 -0.0574071
v 0.321528 0.0399808 -0.0599945
v 0.313859 0.047776 -0.0573933
v 0.304365 0.0399835 -0.0542633
v 0.309497 0.0399837 -0.0559589
v 0.304346 0.0451108 -0.0542524
v 0.294823 0.0399804 -0.0511908
v 0.297373 0.0399824 -0.0520116
v 0.294812 0.0424802 -0.0511852
v 0.285255 0.0399817 -0.0481934
v 0.275669 0.0399797 -0.0452708
v 0.285146 0.0399814 -0.0481602
v 0.275634 0.0488586 -0.0452552
v 0.266056 0.0399826 -0.0424233
v 0.272764 0.0399838 -0.0444127
v 0.266038 0.0461121 -0.0424141
v 0.256424 0.0399827 -0.0396504
v 0.260218 0.0399814 -0.0407415
v 0.256413 0.0433625 -0.0396465
v 0.246773 0.0399843 -0.0369578
v 0.247467 0.0399845 -0.0371515
v 0.246771 0.0405832 -0.0369548
v 0.237071 0.0486792 -0.0343229
v 0.243764 0.0430866 -0.0361386
v 0.237099 0.0399836 -0.0343363
v 0.22741 0.039985 -0.0317986
v 0.234382 0.0399846 -0.0336252
v 0.227389 0.0456135 -0.0317872
v 0.217695 0.0399888 -0.0293342
v 0.22086 0.0399855 -0.0301356
v 0.217689 0.04243 -0.0293301
v 0.207935 0.0495188 -0.026934
v 0.209564 0.0483299 -0.0273353
v 0.207968 0.0399868 -0.0269496
v 0.198218 0.0399879 -0.024642
v 0.206658 0.0399877 -0.0266402
v 0.198199 0.0457731 -0.024635
v 0.188448 0.039992 -0.022415
v 0.191211 0.0399912 -0.0230438
v 0.188444 0.0417299 -0.0224106
v 0.178641 0.0472345 -0.0202566
v 0.184704 0.0438091 -0.0215888
v 0.178665 0.0399914 -0.0202682
v 0.168865 0.0399903 -0.0182002
v 0.173326 0.0399889 -0.0191381
v 0.168857 0.0421792 -0.0181955
v 0.159026 0.0461364 -0.0162039
v 0.165356 0.0435569 -0.0174869
v 0.159045 0.0399891 -0.016211
v 0.149185 0.0491396 -0.0142939
v 0.150414 0.0487527 -0.0145348
v 0.149211 0.039988 -0.0143045
v 0.139361 0.0399873 -0.0124809
v 0.148453 0.039986 -0.014164
v 0.139355 0.0421286 -0.0124766
v 0.129486 0.04381 -0.0107325
v 0.136854 0.0425244 -0.0120367
v 0.129498 0.0399832 -0.0107382
v 0.119603 0.0455083 -0.00907186
v 0.124986 0.0445435 -0.00997848
v 0.119619 0.0399799 -0.00907864
v 0.109701 0.0484703 -0.00749002
v 0.111871 0.0477985 -0.00783936
v 0.109726 0.0399739 -0.00750025
v 0.0998208 0.0399698 -0.00600884
v 0.109625 0.0399723 -0.00748454
v 0.0998013 0.0465059 -0.00600038
v 0.0899025 0.0399638 -0.00459865
v 0.0921838 0.0399654 -0.00492352
v 0.0898963 0.0431698 -0.00459889
v 0.0944329 0.0453942 -0.00524002
v 0.0983087 0.0399685 -0.00579253
v 0.0799716 0.0399603 -0.00327598
v 0.0809976 0.0399585 -0.00341391
v 0.0799678 0.0428048 -0.00327599
v 0.0812255 0.0486927 -0.00343986
v 0.0843851 0.0399605 -0.00386344
v 0.0865568 0.0433293 -0.00415163
v 0.0877768 0.0399639 -0.00431854
v 0.070031 0.0399556 -0.00203857
v 0.0702567 0.0399572 -0.00206775
v 0.0700298 0.0412059 -0.0020392
v 0.070596 0.0493842 -0.002108
v 0.0723249 0.0399591 -0.00232683
v 0.0731303 0.0468349 -0.00242198
v 0.0743941 0.0399573 -0.00258306
v 0.0756689 0.0442852 -0.00273969
v 0.07646 0.0399603 -0.00284078
v 0.0782021 0.0417394 -0.00305585
v 0.0785305 0.0399596 -0.00309937
v 0.060078 0.0399542 -0.000888983
v 0.0600897 0.0399572 -0.000893847
v 0.0600781 0.0400476 -0.000889201
v 0.0603577 0.0496726 -0.000922763
v 0.0615318 0.0399582 -0.00106049
v 0.0619986 0.048021 -0.00110879
v 0.0629755 0.0399551 -0.00122465
v 0.0636412 0.0463734 -0.0013007
v 0.0644164 0.0399565 -0.00139065
v 0.065284 0.0447257 -0.00149263
v 0.0658605 0.0399582 -0.00156006
v 0.0669254 0.0430735 -0.00167869
v 0.0673024 0.0399558 -0.00172328
v 0.0685685 0.0414255 -0.00187064
v 0.0687453 0.039958 -0.00189205
v 0.0588885 0.0411511 -0.000765523
v 0.0588491 0.0399573 -0.000761055
v 0.0576087 0.039958 -0.000627681
v 0.0576899 0.0423526 -0.000636525
v 0.0563738 0.0399546 -0.000495652
v 0.0564892 0.0435582 -0.000509685
v 0.0551363 0.0399557 -0.000365541
v 0.0552907 0.0447596 -0.000380678
v 0.0538946 0.039957 -0.000231466
v 0.0540902 0.0459651 -0.000253855
v 0.0526562 0.0399584 -0.000100889
v 0.0528919 0.0471662 -0.000124865
v 0.0514195 0.0399557 3.20477e-05
v 0.0516916 0.0483716 1.96835e-06
v 0.0501803 0.0399576 0.000163118
v 0.0504912 0.0495769 0.000128766
v 0.0501167 0.0399567 0.000168984
v 0.0489901 0.0410857 0.000278882
v 0.0490541 0.0399574 0.000273333
v 0.0479334 0.0399589 0.000381365
v 0.0478025 0.042277 0.000393892
v 0.0468146 0.0399562 0.000491714
v 0.0466112 0.0434682 0.000512657
v 0.0456932 0.039958 0.000600097
v 0.0454237 0.0446594 0.000627653
v 0.0445715 0.03996 0.000708695
v 0.0442363 0.0458504 0.000742669
v 0.0434516 0.0399579 0.000819639
v 0.043049 0.0470415 0.000857679
v 0.0423292 0.0399602 0.000928589
v 0.0418618 0.0482324 0.000972681
v 0.0412086 0.0399583 0.00103991
v 0.0406687 0.0494276 0.00108923
v 0.0401447 0.0399585 0.00114045
v 0.0301607 0.039965 0.00202366
v 0.0325471 0.0399656 0.00181268
v 0.0301539 0.042226 0.00202392
v 0.0301483 0.0445845 0.00202327
v 0.0350422 0.0399614 0.00159198
v 0.0301438 0.046941 0.00202331
v 0.0375334 0.0399623 0.00137004
v 0.0301384 0.0492999 0.00202191
v 0.040025 0.0399597 0.00115118
v 0.0297172 0.040413 0.00205445
v 0.0295267 0.0399675 0.00207383
v 0.0288682 0.0399666 0.00212656
v 0.0292528 0.0408744 0.00209414
v 0.0282075 0.0399701 0.0021772
v 0.02879 0.0413401 0.00212791
v 0.0275488 0.0399694 0.00223008
v 0.0283257 0.0418015 0.00216763
v 0.0268937 0.0399686 0.00227924
v 0.0278629 0.0422671 0.00220137
v 0.0262348 0.039968 0.00233225
v 0.0273986 0.0427285 0.00224108
v 0.0255736 0.0399717 0.00238317
v 0.0269358 0.0431942 0.00227485
v 0.0249144 0.0399712 0.00243627
v 0.0264753 0.0436556 0.00231081
v 0.0242551 0.0399707 0.00248946
v 0.0260088 0.0441213 0.00234836
v 0.0235957 0.0399703 0.00254273
v 0.0255461 0.0445869 0.00238213
v 0.022934 0.0399742 0.00259387
v 0.0250818 0.0450482 0.00242181
v 0.022278 0.0399739 0.00264349
v 0.024619 0.0455139 0.00245557
v 0.0216183 0.0399736 0.00269693
v 0.0241548 0.0459752 0.00249528
v 0.0209584 0.0399734 0.00275045
v 0.0236921 0.0464408 0.00252905
v 0.0202984 0.0399733 0.00280403
v 0.0232279 0.0469021 0.00256875
v 0.0201666 0.0399753 0.00281335
v 0.0201659 0.0412197 0.00280966
v 0.0227652 0.0473677 0.00260252
v 0.0201621 0.0427704 0.00281002
v 0.0223025 0.0478333 0.00263628
v 0.0201588 0.0443203 0.00281067
v 0.0218383 0.0482946 0.00267596
v 0.020154 0.0458738 0.0028095
v 0.0213757 0.0487602 0.00270977
v 0.0201496 0.0474263 0.00280861
v 0.0209114 0.0492214 0.00274945
v 0.0201457 0.0489781 0.00280803
v 0.0204488 0.049687 0.00278321
v 0.0199288 0.0402146 0.00282843
v 0.0198246 0.0399768 0.00283467
v 0.0193961 0.0399758 0.00286598
v 0.0196287 0.040516 0.00284812
v 0.0189653 0.0399791 0.00289513
v 0.0193285 0.0408174 0.00286779
v 0.0185367 0.0399781 0.00292645
v 0.0190268 0.0411144 0.00289341
v 0.018108 0.0399771 0.00295783
v 0.0187266 0.0414158 0.00291307
v 0.0176809 0.0399805 0.00298332
v 0.0184264 0.0417172 0.00293274
v 0.0172521 0.0399796 0.00301474
v 0.0181284 0.0420142 0.00295457
v 0.0168234 0.0399787 0.00304622
v 0.0178283 0.0423156 0.00297423
v 0.0163923 0.0399822 0.00307553
v 0.0175282 0.0426169 0.00299392
v 0.0159634 0.0399813 0.00310705
v 0.0172302 0.042914 0.00301576
v 0.0155382 0.0399805 0.00313482
v 0.01693 0.0432153 0.00303542
v 0.0151092 0.0399797 0.00316637
v 0.0166299 0.0435166 0.00305508
v 0.0146779 0.0399833 0.00319579
v 0.0163282 0.0438137 0.0030807
v 0.0142488 0.0399825 0.00322742
v 0.016028 0.044115 0.00310036
v 0.0138234 0.0399818 0.00325528
v 0.0157279 0.0444163 0.00312002
v 0.0133921 0.0399854 0.0032848
v 0.0154278 0.0447177 0.00313971
v 0.0129627 0.0399847 0.00331647
v 0.0151298 0.0450147 0.00316154
v 0.0125334 0.0399841 0.0033482
v 0.0148297 0.045316 0.0031812
v 0.0121078 0.0399834 0.00337617
v 0.0145296 0.0456174 0.00320089
v 0.0116762 0.0399872 0.00340579
v 0.0142316 0.0459144 0.00322272
v 0.0112468 0.0399866 0.0034376
v 0.0139315 0.0462157 0.00324238
v 0.010821 0.039986 0.00346566
v 0.0136276 0.046517 0.0032658
v 0.0103915 0.0399855 0.00349753
v 0.0133297 0.046814 0.00328763
v 0.0101724 0.0399881 0.00351006
v 0.0101692 0.040471 0.00351308
v 0.0130296 0.0471153 0.00330732
v 0.010166 0.0414655 0.0035107
v 0.0127295 0.0474166 0.00332698
v 0.0101651 0.0424553 0.00351063
v 0.0124294 0.0477179 0.00334664
v 0.0101645 0.0434448 0.00351067
v 0.0121315 0.0480149 0.00336849
v 0.010162 0.0444383 0.00350869
v 0.0118314 0.0483162 0.00338815
v 0.0101596 0.0454315 0.0035068
v 0.0115313 0.0486175 0.00340781
v 0.0101596 0.04642 0.00350724
v 0.0112334 0.0489145 0.00342967
v 0.0101539 0.0474124 0.00350936
v 0.0109295 0.0492157 0.00345306
v 0.0101522 0.0484045 0.00350787
v 0.0106294 0.049517 0.00347272
v 0.0101507 0.0493964 0.00350654
v 0.0103316 0.049814 0.0034946
v 0.00994804 0.040207 0.00343538
v 0.00961615 0.0399892 0.00331791
v 0.0084757 0.0399891 0.00292738
v 0.009491 0.0406565 0.00327845
v 0.00733865 0.0399894 0.00253308
v 0.00903996 0.0411018 0.00311997
v 0.00620124 0.03999 0.00213878
v 0.00858289 0.0415515 0.00296305
v 0.00505968 0.039991 0.00174825
v 0.00812578 0.0420012 0.00280611
v 0.00392149 0.0399923 0.00135392
v 0.00767462 0.0424466 0.00264759
v 0.00278302 0.0399941 0.000959643
v 0.00721744 0.0428964 0.00249062
v 0.00164415 0.0399961 0.000565335
v 0.00676244 0.0433419 0.00233585
v 0.000507136 0.0399942 0.000173234
v 0.00630896 0.0437917 0.00217509
v 2.36217e-06 0.0399965 -1.01731e-06
v 1.59658e-06 0.0404118 8.05595e-07
v 0.00585171 0.0442416 0.00201811
v 2.22062e-06 0.0411589 -9.32845e-07
v 0.0053966 0.0446872 0.0018633
v 2.98058e-06 0.0419059 -2.58945e-06
v 0.00493928 0.0451372 0.0017063
v 3.87637e-06 0.0426527 -4.16426e-06
v 0.00448786 0.0455829 0.00154769
v 3.21732e-06 0.0433949 2.47197e-07
v 0.00403051 0.046033 0.00139069
v 4.38487e-06 0.0441413 -1.16526e-06
v 0.0035753 0.0464788 0.00123585
v 5.59734e-06 0.0448875 -2.55015e-06
v 0.0031216 0.0469289 0.00107502
v 3.16822e-06 0.0456335 -7.62416e-08
v 0.00266413 0.0473791 0.000917986
v 4.65244e-06 0.0463794 -1.29861e-06
v 0.00220881 0.047825 0.00076311
v 2.451e-06 0.047125 1.3093e-06
v 0.00175504 0.0482753 0.000602274
v 1.98442e-06 0.0478748 -1.95472e-06
v 0.00129969 0.0487213 0.0004474
v 3.78518e-06 0.04862 -2.98692e-06
v 0.000842077 0.0491716 0.00029031
v 1.99279e-06 0.0493651 -1.37007e-07
v 0.000390377 0.0496176 0.000131611
v 0.902886 0.0300385 -0.430677
v 0.912587 0.0300387 -0.434992
v 0.895783 0.0300365 -0.4236
v 0.888629 0.030035 -0.41656
v 0.881431 0.0300339 -0.409564
v 0.874189 0.0300334 -0.402612
v 0.866902 0.0300334 -0.395702
v 0.859575 0.0300301 -0.388836
v 0.853543 0.0382141 -0.383244
v 0.855021 0.0300312 -0.384625
v 0.852201 0.0300272 -0.382012
v 0.844785 0.0300288 -0.375238
v 0.837327 0.0337035 -0.3685
v 0.837895 0.0392664 -0.369008
v 0.837327 0.0300271 -0.368506
v 0.837024 0.0304309 -0.368235
v 0.83699 0.0300259 -0.368205
v 0.829829 0.0300259 -0.361822
v 0.822283 0.0368032 -0.35517
v 0.82262 0.0395787 -0.355462
v 0.822285 0.0300255 -0.35518
v 0.821425 0.0311585 -0.354431
v 0.820792 0.0300235 -0.35388
v 0.814701 0.030022 -0.348583
v 0.807076 0.0300234 -0.342036
v 0.79941 0.0300221 -0.335531
v 0.801337 0.030019 -0.337163
v 0.799411 0.0308779 -0.335529
v 0.791701 0.0336547 -0.329064
v 0.798713 0.0309242 -0.334946
v 0.791706 0.0300186 -0.329072
v 0.783958 0.0341927 -0.322652
v 0.788893 0.0336474 -0.326739
v 0.783962 0.0300168 -0.322659
v 0.776174 0.0335787 -0.316285
v 0.78073 0.0341653 -0.320013
v 0.776176 0.0300168 -0.316293
v 0.76835 0.0340676 -0.309966
v 0.772858 0.0342544 -0.313606
v 0.768355 0.0300147 -0.309973
v 0.760481 0.0394909 -0.303682
v 0.761145 0.0391775 -0.304211
v 0.760491 0.0300143 -0.303699
v 0.752593 0.0300115 -0.297475
v 0.752924 0.0300126 -0.297737
v 0.752589 0.0306398 -0.297474
v 0.744655 0.0300103 -0.2913
v 0.73932 0.0366914 -0.287196
v 0.738526 0.0300115 -0.286593
v 0.736676 0.0300106 -0.285172
v 0.733801 0.0335936 -0.282989
v 0.735479 0.0300117 -0.284264
v 0.728661 0.0300088 -0.279092
v 0.720608 0.030009 -0.273063
v 0.724438 0.030007 -0.275929
v 0.720593 0.038845 -0.273043
v 0.712518 0.0300072 -0.267081
v 0.716168 0.0300054 -0.269778
v 0.712507 0.0364571 -0.267069
v 0.704393 0.0300036 -0.261151
v 0.706798 0.0300064 -0.262907
v 0.704385 0.033469 -0.261143
v 0.69623 0.030006 -0.255274
v 0.68803 0.0300027 -0.249442
v 0.695618 0.0300034 -0.254836
v 0.688016 0.0368569 -0.249424
v 0.679792 0.0300017 -0.243662
v 0.680623 0.0300011 -0.244244
v 0.679794 0.0305267 -0.243662
v 0.671517 0.0334938 -0.237928
v 0.679219 0.0306954 -0.243264
v 0.671521 0.0299991 -0.237934
v 0.663203 0.0350698 -0.232249
v 0.668057 0.0341625 -0.235565
v 0.663214 0.0299989 -0.23226
v 0.654854 0.0380056 -0.226618
v 0.657254 0.0371304 -0.228236
v 0.654873 0.0299971 -0.226639
v 0.646492 0.0299977 -0.221067
v 0.652459 0.0299964 -0.225034
v 0.646485 0.033943 -0.221058
v 0.638057 0.0395132 -0.215528
v 0.639131 0.0387317 -0.216232
v 0.640995 0.0299967 -0.217464
v 0.638073 0.0321196 -0.215546
v 0.638081 0.0299966 -0.215554
v 0.629615 0.0377733 -0.210072
v 0.634215 0.0345612 -0.213048
v 0.631428 0.0299965 -0.211253
v 0.629628 0.0312524 -0.210087
v 0.62963 0.0299938 -0.210089
v 0.621133 0.0366814 -0.204669
v 0.62743 0.0325847 -0.208685
v 0.622178 0.0299958 -0.205343
v 0.621146 0.0306667 -0.204684
v 0.621147 0.0299933 -0.204684
v 0.612614 0.0356925 -0.199318
v 0.620031 0.0313047 -0.203983
v 0.61263 0.0299911 -0.199333
v 0.604075 0.0299912 -0.194037
v 0.612407 0.0299935 -0.199197
v 0.604065 0.0345579 -0.194026
v 0.595467 0.0391389 -0.188777
v 0.596814 0.0384341 -0.189599
v 0.60165 0.0299894 -0.192558
v 0.595483 0.0332154 -0.188794
v 0.595489 0.0299899 -0.188799
v 0.586848 0.037788 -0.183598
v 0.590317 0.0359808 -0.185684
v 0.590196 0.029992 -0.185621
v 0.586864 0.031726 -0.183614
v 0.586867 0.029991 -0.183619
v 0.578196 0.0363844 -0.178478
v 0.584021 0.033276 -0.181932
v 0.578645 0.0299878 -0.178751
v 0.578215 0.0302194 -0.178497
v 0.578217 0.0299868 -0.178498
v 0.569515 0.0350014 -0.173419
v 0.577826 0.0304346 -0.17827
v 0.569526 0.0299893 -0.173432
v 0.560779 0.039892 -0.168399
v 0.560962 0.0397891 -0.168503
v 0.567396 0.0299875 -0.172209
v 0.560797 0.0336802 -0.168414
v 0.560805 0.0299866 -0.168425
v 0.552028 0.0386101 -0.163453
v 0.554432 0.0372535 -0.164813
v 0.556383 0.0299873 -0.165928
v 0.552046 0.0324319 -0.163471
v 0.552054 0.0299867 -0.163482
v 0.543244 0.0373769 -0.158571
v 0.547816 0.0347997 -0.161117
v 0.545503 0.0299867 -0.159839
v 0.543266 0.031246 -0.15859
v 0.543266 0.0299858 -0.158594
v 0.534431 0.0361842 -0.153748
v 0.541081 0.0324579 -0.157393
v 0.534685 0.0299847 -0.153897
v 0.53445 0.0301162 -0.153768
v 0.534449 0.029984 -0.153768
v 0.525584 0.0350396 -0.148988
v 0.534218 0.030242 -0.153642
v 0.525596 0.0299853 -0.149003
v 0.516688 0.0398608 -0.144269
v 0.516917 0.0397359 -0.14439
v 0.5239 0.0299842 -0.148104
v 0.516702 0.0339354 -0.144285
v 0.516714 0.0299819 -0.144297
v 0.507778 0.0387191 -0.13963
v 0.509974 0.0375297 -0.140776
v 0.513123 0.0299828 -0.142428
v 0.507792 0.0328705 -0.139647
v 0.507802 0.0299819 -0.139658
v 0.498834 0.0376147 -0.135055
v 0.502912 0.035437 -0.137145
v 0.502336 0.029983 -0.136859
v 0.498849 0.0318446 -0.135071
v 0.498854 0.0299814 -0.135076
v 0.489861 0.0365405 -0.130541
v 0.49573 0.0334582 -0.1335
v 0.491541 0.0299805 -0.131396
v 0.489878 0.0308538 -0.130558
v 0.489881 0.0299807 -0.130562
v 0.480858 0.0355047 -0.126093
v 0.488423 0.0315926 -0.129837
v 0.480874 0.0299797 -0.126109
v 0.471836 0.0299787 -0.12172
v 0.480725 0.0299779 -0.126035
v 0.471821 0.0345036 -0.121705
v 0.462743 0.0389689 -0.117368
v 0.464435 0.0381237 -0.118176
v 0.469885 0.0299787 -0.12079
v 0.462758 0.0335376 -0.117384
v 0.462768 0.0299779 -0.117395
v 0.453648 0.037958 -0.113114
v 0.456993 0.0363158 -0.114682
v 0.459021 0.0299804 -0.115643
v 0.453662 0.0326106 -0.113129
v 0.453671 0.0299773 -0.113137
v 0.444524 0.0369778 -0.108922
v 0.449439 0.0346055 -0.111183
v 0.448141 0.0299793 -0.110598
v 0.444541 0.0317145 -0.10894
v 0.444546 0.0299772 -0.108945
v 0.435374 0.0360318 -0.104802
v 0.441776 0.0329954 -0.10769
v 0.437235 0.0299753 -0.105649
v 0.435387 0.0308528 -0.104816
v 0.435392 0.0299777 -0.10482
v 0.426194 0.0351115 -0.100743
v 0.434013 0.0314762 -0.104206
v 0.426299 0.0299755 -0.100799
v 0.426207 0.0300171 -0.100757
v 0.42621 0.0299751 -0.10076
v 0.416968 0.0392331 -0.096738
v 0.418174 0.0386823 -0.0972605
v 0.426143 0.0300466 -0.100731
v 0.416984 0.0342203 -0.0967514
v 0.416996 0.0299774 -0.0967674
v 0.407733 0.0382822 -0.0928155
v 0.410418 0.0370841 -0.0939598
v 0.415318 0.0299772 -0.0960544
v 0.407747 0.033358 -0.0928319
v 0.407756 0.0299769 -0.0928428
v 0.39847 0.0373608 -0.0889638
v 0.402566 0.035567 -0.0906704
v 0.404298 0.0299731 -0.091401
v 0.398482 0.0325212 -0.0889782
v 0.398491 0.0299738 -0.0889858
v 0.389178 0.0364651 -0.0851776
v 0.394616 0.0341343 -0.0873989
v 0.393237 0.0299759 -0.0868476
v 0.389191 0.0317097 -0.0851944
v 0.389198 0.0299722 -0.0851982
v 0.379858 0.0355986 -0.081463
v 0.386579 0.0327769 -0.0841496
v 0.382128 0.0299723 -0.0823788
v 0.379876 0.0309187 -0.0814792
v 0.379876 0.0299725 -0.0814798
v 0.370502 0.039351 -0.077803
v 0.371461 0.0389563 -0.078177
v 0.378459 0.0314852 -0.0809238
v 0.370513 0.0347534 -0.0778162
v 0.370967 0.0299744 -0.0780046
v 0.370529 0.0301525 -0.0778315
v 0.37053 0.0299707 -0.077832
v 0.36113 0.0384572 -0.0742283
v 0.363433 0.0375293 -0.0751104
v 0.370261 0.0302582 -0.0777296
v 0.361144 0.0339339 -0.0742428
v 0.361158 0.0299712 -0.0742567
v 0.351734 0.0375849 -0.0707249
v 0.355322 0.0361684 -0.0720669
v 0.359762 0.0299703 -0.0737347
v 0.351748 0.0331354 -0.0707381
v 0.351758 0.0299701 -0.0707482
v 0.342312 0.0367338 -0.0672898
v 0.347131 0.0348685 -0.0690493
v 0.348501 0.0299702 -0.069561
v 0.342325 0.0323575 -0.0673026
v 0.342333 0.0299678 -0.06731
v 0.332866 0.0359038 -0.0639268
v 0.338866 0.0336329 -0.0660713
v 0.337184 0.0299712 -0.0654804
v 0.332881 0.0316002 -0.0639438
v 0.332884 0.0299685 -0.0639475
v 0.323384 0.0393312 -0.0606293
v 0.324337 0.0389742 -0.0609581
v 0.330535 0.0324445 -0.063126
v 0.323397 0.0350942 -0.0606407
v 0.325813 0.0299687 -0.0614917
v 0.32341 0.030859 -0.0606534
v 0.323413 0.0299684 -0.0606586
v 0.313887 0.0384703 -0.0574111
v 0.316084 0.0376696 -0.0581565
v 0.322134 0.0313107 -0.0602217
v 0.313901 0.0343009 -0.0574225
v 0.314378 0.0299656 -0.0575943
v 0.313917 0.0301336 -0.0574389
v 0.313916 0.0299678 -0.0574396
v 0.304369 0.0376255 -0.0542679
v 0.307765 0.0364165 -0.0553931
v 0.313676 0.0302188 -0.0573604
v 0.304386 0.0335234 -0.0542837
v 0.304396 0.0299669 -0.0542941
v 0.29483 0.0367923 -0.0511985
v 0.299384 0.0352099 -0.0526704
v 0.302863 0.0299665 -0.0538016
v 0.294843 0.0327569 -0.0512125
v 0.294852 0.0299661 -0.0512221
v 0.285254 0.0399456 -0.0481913
v 0.285303 0.0399307 -0.0482081
v 0.29095 0.034041 -0.0499925
v 0.285267 0.0359739 -0.048206
v 0.291256 0.0299684 -0.0500964
v 0.285282 0.0320009 -0.0482203
v 0.285285 0.0299655 -0.0482233
v 0.275668 0.0390713 -0.0452716
v 0.27695 0.0386456 -0.0456641
v 0.282464 0.0329051 -0.047358
v 0.275683 0.0351615 -0.0452871
v 0.279554 0.0299666 -0.0464773
v 0.275694 0.0312505 -0.0452989
v 0.275697 0.0299655 -0.0453014
v 0.266063 0.0382021 -0.0424298
v 0.268546 0.0373979 -0.043169
v 0.273929 0.0318057 -0.044777
v 0.266074 0.0343539 -0.0424433
v 0.267739 0.0299688 -0.0429475
v 0.266083 0.0305046 -0.0424531
v 0.266089 0.0299664 -0.0424564
v 0.256434 0.0373325 -0.0396618
v 0.260101 0.0361748 -0.0407207
v 0.265357 0.030726 -0.0422455
v 0.256445 0.0335414 -0.0396719
v 0.256455 0.0299684 -0.0396846
v 0.246785 0.0364568 -0.0369708
v 0.251624 0.0349671 -0.0383235
v 0.255767 0.0299683 -0.0394935
v 0.246792 0.0327268 -0.0369799
v 0.246803 0.0299677 -0.0369876
v 0.237102 0.0392369 -0.0343412
v 0.238119 0.0389345 -0.0346178
v 0.243115 0.0337786 -0.0359835
v 0.237112 0.0355642 -0.0343514
v 0.243583 0.0299692 -0.0361186
v 0.237126 0.031891 -0.0343652
v 0.237132 0.0299688 -0.034371
v 0.227412 0.0382635 -0.0318037
v 0.229727 0.0375977 -0.0324118
v 0.234585 0.0325919 -0.0336971
v 0.227425 0.0346475 -0.0318151
v 0.231133 0.0299715 -0.032798
v 0.227436 0.0310353 -0.0318288
v 0.227439 0.0299719 -0.0318313
v 0.217705 0.0372499 -0.0293424
v 0.221329 0.036254 -0.0302661
v 0.226051 0.031398 -0.0314752
v 0.217714 0.0336945 -0.0293541
v 0.218321 0.0299753 -0.0295184
v 0.217724 0.0301389 -0.029366
v 0.217726 0.0299732 -0.0293665
v 0.207965 0.0396847 -0.0269507
v 0.208365 0.0395767 -0.0270455
v 0.212938 0.0348858 -0.0281808
v 0.207975 0.0361865 -0.02696
v 0.217515 0.0301921 -0.0293166
v 0.207988 0.032688 -0.0269734
v 0.207996 0.0299728 -0.0269802
v 0.19822 0.0384885 -0.0246467
v 0.200147 0.038013 -0.0251042
v 0.204564 0.0334883 -0.0261615
v 0.198231 0.0350512 -0.02466
v 0.20487 0.0299742 -0.02624
v 0.19824 0.0316097 -0.024668
v 0.198246 0.0299753 -0.0246747
v 0.188457 0.0371954 -0.0224234
v 0.19197 0.0363897 -0.0232258
v 0.196222 0.0320441 -0.024208
v 0.188468 0.0338199 -0.0224364
v 0.190509 0.0299766 -0.0229094
v 0.188477 0.0304405 -0.0224442
v 0.188479 0.0299767 -0.0224479
v 0.178668 0.0390994 -0.0202715
v 0.179762 0.0388713 -0.0205106
v 0.183838 0.034711 -0.0214161
v 0.178675 0.0357854 -0.0202803
v 0.187917 0.0305488 -0.0223218
v 0.178687 0.0324675 -0.0202914
v 0.178694 0.0299772 -0.0203
v 0.16887 0.0374707 -0.018206
v 0.171879 0.0369196 -0.0188438
v 0.175771 0.0329552 -0.019676
v 0.16888 0.0342238 -0.0182197
v 0.174301 0.0299783 -0.0193734
v 0.168888 0.0309732 -0.0182283
v 0.168891 0.0299773 -0.018231
v 0.159048 0.0388605 -0.0162144
v 0.160357 0.0386551 -0.0164798
v 0.164057 0.0348919 -0.0172378
v 0.159055 0.0356752 -0.0162236
v 0.167756 0.0311314 -0.0179981
v 0.159066 0.0324905 -0.0162372
v 0.159073 0.0299771 -0.0162447
v 0.14921 0.0399264 -0.0143038
v 0.14928 0.0399201 -0.0143208
v 0.152791 0.0363526 -0.0150073
v 0.149219 0.0368078 -0.0143132
v 0.156304 0.0327881 -0.0156998
v 0.149227 0.0336899 -0.0143234
v 0.153917 0.0299728 -0.0152439
v 0.149235 0.0305729 -0.0143345
v 0.149239 0.0299727 -0.0143356
v 0.139368 0.0376459 -0.0124857
v 0.141917 0.0373946 -0.012959
v 0.145258 0.0340112 -0.0135905
v 0.139376 0.0345879 -0.0124964
v 0.148599 0.0306225 -0.0142164
v 0.139385 0.0315308 -0.012508
v 0.139388 0.0299728 -0.0125116
v 0.129502 0.0382693 -0.0107428
v 0.13133 0.0381278 -0.0110657
v 0.134543 0.0348757 -0.0116417
v 0.129512 0.0352658 -0.0107527
v 0.137755 0.0316269 -0.0122199
v 0.129518 0.0322633 -0.0107598
v 0.129523 0.0299693 -0.0107687
v 0.119622 0.0388897 -0.0090832
v 0.120782 0.0388018 -0.00927483
v 0.123941 0.035608 -0.00981381
v 0.119628 0.0359212 -0.00908827
v 0.127106 0.0324133 -0.0103566
v 0.119638 0.0329539 -0.00909793
v 0.120003 0.0299629 -0.00916861
v 0.119647 0.0299877 -0.00910859
v 0.119644 0.0299624 -0.00910709
v 0.109728 0.0399496 -0.00750165
v 0.109751 0.039947 -0.00750341
v 0.113042 0.0366273 -0.00803727
v 0.109733 0.0369898 -0.0075093
v 0.116327 0.033311 -0.00856968
v 0.109743 0.034027 -0.00751949
v 0.119619 0.0299895 -0.00910374
v 0.109749 0.0310653 -0.00752696
v 0.109751 0.0299568 -0.00752891
v 0.0998228 0.0392308 -0.00601195
v 0.100755 0.0390276 -0.0061522
v 0.104547 0.0352046 -0.00673191
v 0.09983 0.0362305 -0.00601952
v 0.108337 0.0313847 -0.0073139
v 0.099837 0.0332313 -0.00602801
v 0.10113 0.02995 -0.00623045
v 0.0998458 0.030229 -0.00603533
v 0.0998474 0.0299489 -0.00603569
v 0.0899063 0.0379802 -0.0046048
v 0.0935295 0.0363111 -0.00512269
v 0.0993082 0.0304915 -0.00595762
v 0.0899177 0.0348139 -0.00461363
v 0.0936298 0.0299492 -0.00515614
v 0.0899232 0.0316527 -0.00462175
v 0.0899288 0.0299434 -0.00462599
v 0.0799984 0.0299404 -0.00330378
v 0.0809769 0.0299407 -0.00343348
v 0.0799964 0.0308473 -0.00330008
v 0.0799872 0.0342243 -0.00329121
v 0.0846142 0.0299444 -0.00391948
v 0.0799783 0.0376017 -0.00328297
v 0.0882538 0.0299454 -0.00440489
v 0.0700549 0.0299364 -0.00206318
v 0.0715521 0.029938 -0.00225156
v 0.0700502 0.0325318 -0.00205833
v 0.0700405 0.036459 -0.00204891
v 0.0738144 0.0299398 -0.00253325
v 0.0706253 0.0393608 -0.0021161
v 0.0760812 0.0299379 -0.00281571
v 0.0760388 0.0339177 -0.0028001
v 0.0783408 0.029941 -0.00309577
v 0.0601038 0.0299361 -0.000913898
v 0.0603221 0.0299371 -0.000936736
v 0.0600997 0.0306132 -0.000908576
v 0.0600907 0.0353038 -0.000902725
v 0.0618594 0.0299344 -0.00111385
v 0.0600969 0.0399363 -0.000892128
v 0.0633939 0.0299364 -0.00129273
v 0.0623915 0.0376313 -0.00116119
v 0.0649299 0.0299344 -0.00146909
v 0.0646843 0.0353302 -0.00143247
v 0.0664631 0.0299369 -0.00164725
v 0.0669833 0.0330245 -0.00170534
v 0.0680015 0.0299355 -0.00182662
v 0.0692789 0.0307185 -0.00197451
v 0.0695333 0.0299386 -0.00200405
v 0.0501395 0.0299354 0.000153318
v 0.0512635 0.0299381 3.32549e-05
v 0.0501265 0.0347462 0.000163539
v 0.0502041 0.0398674 0.000160885
v 0.0525549 0.0299385 -0.00010735
v 0.0518945 0.0381716 -2.27234e-05
v 0.0538442 0.0299347 -0.000241841
v 0.0535851 0.0364757 -0.000206296
v 0.0551346 0.0299355 -0.000381938
v 0.0552757 0.0347796 -0.00038994
v 0.0564208 0.0299365 -0.000518081
v 0.0569667 0.0330834 -0.000573547
v 0.0577103 0.0299377 -0.00065767
v 0.0586577 0.031387 -0.000757199
v 0.0590015 0.0299347 -0.00079489
v 0.0401655 0.0299435 0.00112661
v 0.0407779 0.0299423 0.00106862
v 0.0401445 0.0390382 0.00113766
v 0.0414869 0.0386122 0.00100794
v 0.0420915 0.0299427 0.000938958
v 0.0428982 0.0371946 0.000870736
v 0.0434069 0.029939 0.000811776
v 0.0443112 0.0357812 0.000727587
v 0.0447196 0.0299398 0.00068264
v 0.0457228 0.0343634 0.000590386
v 0.0460318 0.0299408 0.000553769
v 0.0471382 0.0329455 0.000449376
v 0.0473457 0.0299378 0.000427322
v 0.0485478 0.0315318 0.000309996
v 0.0486608 0.0299393 0.000295232
v 0.0499634 0.0301137 0.000168993
v 0.0499737 0.0299366 0.000169285
v 0.0301838 0.0299474 0.00201555
v 0.0311416 0.0299497 0.00193008
v 0.0301802 0.031606 0.00201704
v 0.0301722 0.0336762 0.00201983
v 0.0323415 0.0299453 0.00182496
v 0.030169 0.0357449 0.00201945
v 0.0335388 0.0299455 0.00171793
v 0.0301668 0.0378122 0.00201964
v 0.0347358 0.0299459 0.00161111
v 0.0301594 0.0398823 0.00202192
v 0.0359323 0.0299464 0.00150446
v 0.0329061 0.0372129 0.00177954
v 0.0371306 0.0299427 0.00140022
v 0.035771 0.0343446 0.00152127
v 0.0383301 0.0299437 0.00129027
v 0.0386384 0.0314716 0.00126513
v 0.0395276 0.0299404 0.00118644
v 0.0297784 0.0303523 0.00204853
v 0.0266634 0.0299513 0.00229619
v 0.0222723 0.0299574 0.00264692
v 0.029282 0.0308507 0.00208693
v 0.0201894 0.0299614 0.00281421
v 0.0201924 0.0302575 0.00281158
v 0.0287796 0.0313535 0.00212691
v 0.0201908 0.0308232 0.00281119
v 0.0282773 0.0318563 0.00216692
v 0.0201893 0.0313887 0.00281083
v 0.0277771 0.0323546 0.00220908
v 0.0201878 0.0319541 0.00281052
v 0.0272786 0.0328574 0.00224532
v 0.0201864 0.0325194 0.00281023
v 0.0267763 0.0333601 0.00228531
v 0.0201813 0.0330846 0.00281377
v 0.0262761 0.0338585 0.00232746
v 0.0201801 0.0336497 0.00281357
v 0.0257739 0.0343613 0.00236749
v 0.0201789 0.0342147 0.00281342
v 0.0252754 0.0348639 0.00240368
v 0.0201777 0.0347795 0.0028133
v 0.0247753 0.0353623 0.00244586
v 0.0201767 0.0353443 0.00281323
v 0.024273 0.0358649 0.00248584
v 0.0201757 0.0359089 0.00281322
v 0.0237708 0.0363676 0.00252584
v 0.0201748 0.0364735 0.00281323
v 0.0232707 0.0368659 0.00256799
v 0.0201739 0.0370379 0.00281327
v 0.0227723 0.0373686 0.00260423
v 0.0201732 0.0376022 0.00281337
v 0.02227 0.0378712 0.00264418
v 0.0201725 0.0381664 0.00281352
v 0.0217679 0.0383738 0.00268418
v 0.0201697 0.0387349 0.00281152
v 0.0212679 0.0388721 0.00272635
v 0.0201691 0.0392988 0.00281172
v 0.0207695 0.0393748 0.00276259
v 0.0201685 0.0398627 0.00281198
v 0.0202673 0.0398774 0.00280256
v 0.0200624 0.0300903 0.00282137
v 0.0198725 0.029961 0.00283487
v 0.0192633 0.0299605 0.00288067
v 0.0198182 0.0303348 0.00283819
v 0.0186556 0.0299644 0.00292056
v 0.0195741 0.0305793 0.00285504
v 0.01805 0.0299641 0.00296272
v 0.01933 0.0308238 0.00287188
v 0.0174405 0.0299637 0.00300866
v 0.0190859 0.0310683 0.00288873
v 0.0168324 0.0299678 0.00304872
v 0.0188418 0.0313127 0.00290558
v 0.0162265 0.0299676 0.00309102
v 0.0185976 0.0315572 0.00292239
v 0.0156167 0.0299674 0.00313714
v 0.0183535 0.0318017 0.00293924
v 0.0150084 0.0299717 0.00317737
v 0.0181094 0.0320462 0.00295609
v 0.0144021 0.0299715 0.00321979
v 0.0178653 0.0322906 0.00297291
v 0.0137958 0.0299715 0.0032623
v 0.0176212 0.0325351 0.00298975
v 0.0131893 0.0299715 0.00330485
v 0.0173793 0.0327752 0.00300877
v 0.0125789 0.0299716 0.00335122
v 0.0171351 0.0330196 0.00302559
v 0.0119702 0.0299761 0.00339172
v 0.016891 0.0332641 0.00304243
v 0.0113634 0.0299762 0.00343441
v 0.0166469 0.0335086 0.00305928
v 0.0107565 0.0299765 0.0034772
v 0.0163991 0.033753 0.00307989
v 0.0101924 0.029976 0.00351805
v 0.0101903 0.0300068 0.00351843
v 0.016155 0.0339975 0.00309671
v 0.0101904 0.0304154 0.00351589
v 0.0159109 0.0342419 0.00311356
v 0.0101927 0.0308196 0.0035155
v 0.0156668 0.0344864 0.0031304
v 0.010189 0.0312282 0.00351674
v 0.0154227 0.0347308 0.00314722
v 0.0101892 0.0316366 0.00351423
v 0.0151786 0.0349752 0.00316406
v 0.0101878 0.0320407 0.0035177
v 0.0149345 0.0352197 0.00318091
v 0.010188 0.032449 0.00351521
v 0.0146904 0.0354641 0.00319772
v 0.0101846 0.0328573 0.00351656
v 0.0144464 0.0357086 0.0032146
v 0.0101849 0.0332655 0.00351413
v 0.0142023 0.035953 0.00323141
v 0.0101836 0.0336693 0.00351768
v 0.0139582 0.0361974 0.00324826
v 0.010184 0.0340774 0.00351528
v 0.0137141 0.0364419 0.0032651
v 0.0101845 0.0344855 0.00351296
v 0.01347 0.0366863 0.00328192
v 0.0101812 0.0348935 0.00351439
v 0.013226 0.0369307 0.00329876
v 0.0101817 0.0353015 0.00351206
v 0.0129819 0.0371751 0.0033156
v 0.0101784 0.0357094 0.00351355
v 0.0127379 0.0374196 0.00333244
v 0.0101812 0.0361129 0.00351345
v 0.0124938 0.037664 0.00334926
v 0.010178 0.0365206 0.00351496
v 0.0122497 0.0379084 0.0033661
v 0.0101787 0.0369284 0.00351275
v 0.0120057 0.0381528 0.00338294
v 0.0101756 0.037336 0.00351431
v 0.0117616 0.0383972 0.00339979
v 0.0101763 0.0377436 0.0035121
v 0.0115175 0.0386416 0.0034166
v 0.0101732 0.0381512 0.00351371
v 0.0112735 0.0388861 0.00343344
v 0.010174 0.0385587 0.00351156
v 0.0110295 0.0391305 0.00345029
v 0.0101711 0.0389661 0.00351322
v 0.0107854 0.0393749 0.00346713
v 0.0101719 0.0393735 0.00351109
v 0.0105413 0.0396193 0.00348394
v 0.0101691 0.0397808 0.00351281
v 0.0102973 0.0398637 0.00350078
v 0.0201757 0.0359089 0.00281322
v 0.0101684 0.0299998 0.00351051
v 0.0101157 0.0299794 0.00348931
v 0.00904873 0.0299775 0.00312533
v 0.00986822 0.0302971 0.00340333
v 0.00798311 0.0299803 0.00275541
v 0.00956212 0.0305987 0.00329777
v 0.00691714 0.0299834 0.00238547
v 0.00925813 0.030896 0.00319436
v 0.005853 0.0299824 0.00201769
v 0.00895413 0.0311934 0.00309094
v 0.00478263 0.0299861 0.00165155
v 0.00864794 0.0314951 0.00298534
v 0.00371789 0.0299858 0.00128379
v 0.00834768 0.0317924 0.00287813
v 0.00265067 0.0299902 0.00091386
v 0.00804368 0.0320898 0.00277472
v 0.00158533 0.0299905 0.000546123
v 0.00773748 0.0323916 0.00266913
v 0.000519689 0.0299911 0.000178397
v 0.0074334 0.032689 0.00256568
v 5.61334e-06 0.029992 -1.9717e-06
v 3.51888e-06 0.0302113 -3.843e-06
v 0.0071293 0.0329864 0.00246223
v 2.38726e-06 0.0306283 -2.23251e-06
v 0.00682683 0.0332883 0.00235284
v 1.30138e-06 0.0310452 -5.95221e-07
v 0.00652274 0.0335857 0.0022494
v 4.05163e-06 0.0314621 -2.72154e-06
v 0.00621864 0.0338832 0.00214596
v 3.05678e-06 0.031879 -1.03027e-06
v 0.00591234 0.0341851 0.00204033
v 2.06214e-06 0.0322957 6.60645e-07
v 0.00561198 0.0344827 0.0019331
v 4.90243e-06 0.0327124 -1.4109e-06
v 0.00530783 0.0347802 0.00182964
v 1.81385e-06 0.0331335 -1.85095e-06
v 0.00500144 0.0350821 0.00172397
v 9.56071e-07 0.03355 -7.91058e-08
v 0.0046973 0.0353797 0.00162052
v 3.932e-06 0.0339666 -2.06858e-06
v 0.00439309 0.0356773 0.00151705
v 3.11965e-06 0.034383 -2.69959e-07
v 0.00409047 0.0359793 0.0014076
v 2.14366e-07 0.0348038 -6.015e-07
v 0.00378628 0.036277 0.00130414
v 3.28037e-06 0.0352202 -2.53608e-06
v 0.00348199 0.0365746 0.00120062
v 2.55923e-06 0.0356364 -6.8376e-07
v 0.00317558 0.0368766 0.00109497
v 1.92914e-06 0.0360527 1.22239e-06
v 0.00287512 0.0371743 0.000987713
v 2.99267e-06 0.0364733 -2.78649e-06
v 0.00257082 0.037472 0.000884203
v 2.4081e-06 0.0368894 -8.53418e-07
v 0.0022665 0.0377697 0.000780687
v 1.86907e-06 0.0373054 1.10635e-06
v 0.00195999 0.0380718 0.000674985
v 2.97771e-06 0.0377258 -2.87418e-06
v 0.00165573 0.0383696 0.000571512
v 2.52959e-06 0.0381417 -8.60431e-07
v 0.00135519 0.0386674 0.000464225
v 2.12698e-06 0.0385576 1.18e-06
v 0.0010508 0.0389652 0.000360686
v 3.32607e-06 0.0389777 -2.74515e-06
v 0.000744265 0.0392674 0.000254988
v 3.01428e-06 0.0393935 -6.50785e-07
v 0.000439847 0.0395652 0.000151438
v 5.21243e-07 0.0398136 -7.38167e-07
v 0.000139286 0.0398631 4.41548e-05
v 0.902882 0.0200369 -0.43069
v 0.912589 0.0200343 -0.434995
v 0.895777 0.0200309 -0.423608
v 0.888624 0.0200293 -0.416568
v 0.88143 0.0200281 -0.409576
v 0.874189 0.0200274 -0.402623
v 0.866902 0.0200272 -0.395714
v 0.859575 0.0200235 -0.388848
v 0.859913 0.0200233 -0.389164
v 0.859573 0.0206668 -0.388847
v 0.852203 0.0200242 -0.382029
v 0.844789 0.0200214 -0.375252
v 0.837332 0.0200191 -0.36852
v 0.83546 0.0225145 -0.366851
v 0.835504 0.0200195 -0.366891
v 0.829834 0.0200173 -0.361835
v 0.822291 0.0200161 -0.355193
v 0.823327 0.0200168 -0.356106
v 0.822286 0.0261163 -0.355185
v 0.814708 0.0200156 -0.348601
v 0.807081 0.020016 -0.34205
v 0.805805 0.0216789 -0.340966
v 0.806375 0.0200134 -0.341449
v 0.799418 0.0200138 -0.335549
v 0.791713 0.0200131 -0.329091
v 0.78397 0.0200103 -0.322678
v 0.776188 0.0200093 -0.316314
v 0.768366 0.02001 -0.309996
v 0.760505 0.0200046 -0.303719
v 0.752594 0.029786 -0.297476
v 0.752784 0.029771 -0.297627
v 0.752606 0.0200046 -0.297496
v 0.744659 0.0250206 -0.291309
v 0.748179 0.0255741 -0.294046
v 0.744669 0.0200021 -0.291319
v 0.736676 0.0295537 -0.28517
v 0.737037 0.0295611 -0.285449
v 0.741438 0.0240459 -0.288834
v 0.736686 0.0239722 -0.285184
v 0.736691 0.020001 -0.285191
v 0.728665 0.0268717 -0.279098
v 0.732107 0.0257153 -0.28171
v 0.731659 0.0200028 -0.281376
v 0.728675 0.0210059 -0.279112
v 0.728676 0.0200015 -0.279113
v 0.720614 0.026401 -0.27307
v 0.726667 0.0224947 -0.277605
v 0.720624 0.0199999 -0.273083
v 0.712538 0.0199963 -0.267104
v 0.719751 0.0199985 -0.272437
v 0.712526 0.0254852 -0.267093
v 0.704413 0.0199946 -0.261175
v 0.709511 0.0199971 -0.264897
v 0.704403 0.0240108 -0.261166
v 0.696229 0.0296676 -0.255271
v 0.696904 0.0291779 -0.255758
v 0.699396 0.019996 -0.257563
v 0.696244 0.022281 -0.255288
v 0.696248 0.019995 -0.255295
v 0.688034 0.0271169 -0.24945
v 0.692828 0.0241596 -0.252861
v 0.688824 0.0199931 -0.250016
v 0.688049 0.0204728 -0.249466
v 0.688047 0.0199935 -0.249464
v 0.679802 0.0245236 -0.243676
v 0.687466 0.0206985 -0.249055
v 0.679812 0.0199941 -0.243689
v 0.671526 0.0267706 -0.237944
v 0.675272 0.025473 -0.240538
v 0.676752 0.0199926 -0.24157
v 0.671537 0.0217974 -0.237955
v 0.671541 0.0199931 -0.237963
v 0.663218 0.0278083 -0.232267
v 0.665436 0.0273312 -0.233781
v 0.669914 0.0219493 -0.236849
v 0.663228 0.0233804 -0.232279
v 0.663236 0.0199905 -0.232289
v 0.654874 0.0292392 -0.22664
v 0.655666 0.0290465 -0.227174
v 0.659951 0.0239182 -0.230069
v 0.65488 0.0251525 -0.226651
v 0.659303 0.0199897 -0.229638
v 0.65489 0.0210636 -0.226663
v 0.654891 0.0199902 -0.226665
v 0.646498 0.0279318 -0.221076
v 0.649013 0.0269941 -0.222749
v 0.65367 0.0214469 -0.225852
v 0.646505 0.024117 -0.221085
v 0.647355 0.0199875 -0.221654
v 0.646512 0.0203008 -0.221093
v 0.646515 0.0199883 -0.221097
v 0.638086 0.0274645 -0.21556
v 0.64143 0.0260227 -0.217756
v 0.646129 0.0204463 -0.220843
v 0.638095 0.0239117 -0.215569
v 0.638972 0.0199862 -0.216151
v 0.638102 0.0203622 -0.21558
v 0.638103 0.0199846 -0.21558
v 0.629638 0.0272336 -0.210098
v 0.633204 0.0257704 -0.212405
v 0.637631 0.0205394 -0.215274
v 0.629647 0.0238154 -0.210109
v 0.630659 0.019984 -0.210768
v 0.629652 0.0203971 -0.210117
v 0.629652 0.019983 -0.210117
v 0.621154 0.0269437 -0.204693
v 0.624909 0.0255677 -0.207088
v 0.629139 0.0205871 -0.20979
v 0.621162 0.0235114 -0.204705
v 0.621422 0.019984 -0.204874
v 0.621169 0.0200748 -0.204711
v 0.62117 0.0199836 -0.204714
v 0.61263 0.0299188 -0.199334
v 0.612719 0.0298885 -0.199389
v 0.616886 0.0250043 -0.202016
v 0.612637 0.0264248 -0.199344
v 0.621055 0.0201173 -0.204641
v 0.612643 0.0229303 -0.199353
v 0.612653 0.0199825 -0.199364
v 0.604077 0.0292255 -0.19404
v 0.604973 0.0289478 -0.194596
v 0.609136 0.0240844 -0.19718
v 0.604084 0.0256566 -0.194051
v 0.610855 0.0199832 -0.198251
v 0.604095 0.0220872 -0.194065
v 0.604101 0.0199796 -0.194069
v 0.595494 0.0283312 -0.188807
v 0.597408 0.0277618 -0.189975
v 0.601617 0.0228671 -0.19255
v 0.595502 0.0246872 -0.188819
v 0.599078 0.01998 -0.191007
v 0.59551 0.0210424 -0.188829
v 0.595515 0.0199791 -0.188833
v 0.586875 0.0273628 -0.183628
v 0.589944 0.0264287 -0.185475
v 0.594256 0.0214357 -0.188075
v 0.586884 0.02368 -0.183638
v 0.586963 0.0199787 -0.183695
v 0.586891 0.0200002 -0.183651
v 0.586892 0.0199771 -0.18365
v 0.578223 0.0264495 -0.178509
v 0.582458 0.0250927 -0.181016
v 0.586866 0.0200073 -0.183635
v 0.578232 0.0227697 -0.178519
v 0.578238 0.0199775 -0.178529
v 0.56953 0.0292837 -0.173435
v 0.570385 0.0290006 -0.173934
v 0.574847 0.0238732 -0.176545
v 0.569537 0.0256356 -0.173447
v 0.5756 0.0199754 -0.176991
v 0.569544 0.0219867 -0.173458
v 0.56955 0.0199767 -0.173464
v 0.560812 0.0285238 -0.168433
v 0.562617 0.0279139 -0.16947
v 0.567089 0.0227958 -0.172048
v 0.56082 0.0249099 -0.168443
v 0.564745 0.0199757 -0.170707
v 0.560827 0.0212993 -0.168455
v 0.56083 0.0199745 -0.168459
v 0.552059 0.0278276 -0.163487
v 0.554744 0.0269176 -0.165007
v 0.559201 0.0218353 -0.167535
v 0.552065 0.0242567 -0.163499
v 0.554162 0.0199761 -0.164694
v 0.552077 0.0206812 -0.163513
v 0.552077 0.0199752 -0.163515
v 0.543272 0.0271814 -0.158603
v 0.54678 0.0259956 -0.160557
v 0.551203 0.0209682 -0.163026
v 0.543284 0.023646 -0.158617
v 0.543707 0.0199743 -0.15886
v 0.543292 0.0201141 -0.158629
v 0.543291 0.0199747 -0.158629
v 0.534457 0.0265704 -0.153781
v 0.538733 0.025133 -0.156124
v 0.543118 0.0201701 -0.158533
v 0.534466 0.023079 -0.153793
v 0.534472 0.0199732 -0.153803
v 0.525598 0.0294398 -0.149002
v 0.526282 0.0292114 -0.149372
v 0.530616 0.0243242 -0.151718
v 0.525606 0.0259932 -0.149016
v 0.533332 0.0199723 -0.153189
v 0.525615 0.0225464 -0.149029
v 0.525623 0.0199708 -0.149038
v 0.516718 0.0288504 -0.144305
v 0.518144 0.0283775 -0.145059
v 0.522427 0.0235642 -0.147338
v 0.516726 0.0254448 -0.144314
v 0.523012 0.0199694 -0.147655
v 0.516735 0.022043 -0.144329
v 0.516741 0.0199716 -0.144337
v 0.507805 0.0282803 -0.13966
v 0.509941 0.0275869 -0.140778
v 0.514168 0.0228519 -0.142989
v 0.507815 0.0249242 -0.139676
v 0.512718 0.0199684 -0.142239
v 0.507822 0.021568 -0.139688
v 0.507826 0.0199677 -0.139691
v 0.49886 0.0277414 -0.135086
v 0.501676 0.0268311 -0.136527
v 0.505844 0.0221827 -0.138674
v 0.498869 0.0244314 -0.135098
v 0.502454 0.0199692 -0.136944
v 0.498879 0.0211216 -0.135111
v 0.498881 0.0199672 -0.135113
v 0.489887 0.0272214 -0.130572
v 0.49335 0.0261218 -0.132318
v 0.497454 0.0215564 -0.134392
v 0.489893 0.023962 -0.130583
v 0.492206 0.019967 -0.131756
v 0.489905 0.0206989 -0.130597
v 0.489906 0.0199664 -0.130599
v 0.480872 0.0299369 -0.126109
v 0.480928 0.0299205 -0.126138
v 0.484963 0.0254467 -0.128142
v 0.480882 0.0267241 -0.126121
v 0.488999 0.020972 -0.130147
v 0.480889 0.0235155 -0.126135
v 0.481969 0.0199687 -0.126678
v 0.480899 0.0203032 -0.126147
v 0.480898 0.0199653 -0.126145
v 0.471837 0.0294114 -0.121723
v 0.472548 0.0291928 -0.122069
v 0.476515 0.0248091 -0.124006
v 0.471844 0.0262494 -0.121734
v 0.480483 0.0204248 -0.125943
v 0.471855 0.0230878 -0.121748
v 0.471862 0.0199681 -0.121761
v 0.462771 0.0289085 -0.117402
v 0.464113 0.0284989 -0.118042
v 0.468012 0.0242048 -0.119911
v 0.462779 0.0257934 -0.117411
v 0.471735 0.0199653 -0.121699
v 0.462788 0.0226829 -0.117425
v 0.462793 0.0199669 -0.117436
v 0.453674 0.0284243 -0.113143
v 0.455617 0.0278425 -0.114053
v 0.45945 0.0236375 -0.11586
v 0.453683 0.0253602 -0.113155
v 0.461501 0.0199669 -0.116832
v 0.453691 0.0223007 -0.113169
v 0.4537 0.019966 -0.113181
v 0.444551 0.0279587 -0.108953
v 0.447066 0.0272193 -0.11011
v 0.45083 0.0231028 -0.111851
v 0.444559 0.0249454 -0.108964
v 0.451266 0.0199639 -0.11206
v 0.44457 0.0219329 -0.10898
v 0.444572 0.0199655 -0.108986
v 0.435396 0.0275155 -0.104829
v 0.438464 0.0266288 -0.106215
v 0.442158 0.0226001 -0.107892
v 0.435408 0.0245489 -0.104842
v 0.441027 0.0199642 -0.107389
v 0.435414 0.0215873 -0.104855
v 0.435418 0.0199654 -0.104861
v 0.426216 0.0270863 -0.100772
v 0.429805 0.0260665 -0.102361
v 0.433433 0.0221212 -0.103975
v 0.426223 0.0241705 -0.100783
v 0.430776 0.0199638 -0.102808
v 0.426232 0.0212557 -0.100798
v 0.426236 0.0199621 -0.100801
v 0.417 0.0295371 -0.0967686
v 0.41754 0.0293876 -0.0970045
v 0.421102 0.0255281 -0.0985595
v 0.417005 0.0266709 -0.0967797
v 0.424657 0.0216735 -0.100113
v 0.417014 0.0238058 -0.0967949
v 0.420518 0.0199621 -0.0983242
v 0.417021 0.0209377 -0.0968053
v 0.417022 0.0199638 -0.096809
v 0.407759 0.0290929 -0.0928463
v 0.408851 0.0287949 -0.093312
v 0.412345 0.0250214 -0.0948083
v 0.407769 0.0262731 -0.0928603
v 0.415839 0.0212448 -0.096302
v 0.407776 0.0234545 -0.0928714
v 0.41024 0.0199627 -0.0939295
v 0.407783 0.0206332 -0.0928813
v 0.407784 0.0199625 -0.092885
v 0.398497 0.0286584 -0.0889929
v 0.400115 0.0282261 -0.0896687
v 0.403541 0.0245339 -0.0911051
v 0.398502 0.025889 -0.0890051
v 0.406969 0.0208428 -0.0925444
v 0.398509 0.0231169 -0.0890161
v 0.399942 0.0199614 -0.0896222
v 0.398515 0.0203461 -0.089028
v 0.398518 0.0199625 -0.0890306
v 0.389201 0.0282418 -0.0852055
v 0.391333 0.0276813 -0.0860785
v 0.394695 0.0240695 -0.0874593
v 0.389212 0.0255144 -0.0852196
v 0.398055 0.0204591 -0.0888394
v 0.389217 0.0227925 -0.0852329
v 0.389621 0.0199615 -0.0854052
v 0.389226 0.0200639 -0.0852431
v 0.389226 0.01996 -0.0852438
v 0.379884 0.0278344 -0.0814914
v 0.382507 0.0271557 -0.0825397
v 0.385802 0.0236279 -0.0838678
v 0.37989 0.025157 -0.0815047
v 0.389097 0.0200976 -0.0851931
v 0.379898 0.0224769 -0.0815169
v 0.379905 0.0199591 -0.0815263
v 0.370537 0.0274407 -0.0778454
v 0.373635 0.0266535 -0.0790547
v 0.37687 0.0232007 -0.0803304
v 0.370542 0.0248047 -0.0778545
v 0.379268 0.0199593 -0.0812782
v 0.37055 0.0221704 -0.0778679
v 0.370555 0.0199602 -0.077878
v 0.361157 0.0296492 -0.0742555
v 0.361551 0.0295508 -0.074407
v 0.364722 0.0261745 -0.0756307
v 0.361166 0.0270568 -0.0742689
v 0.367897 0.0227921 -0.0768529
v 0.361171 0.0244661 -0.0742797
v 0.368878 0.0199603 -0.0772388
v 0.36118 0.021873 -0.074293
v 0.361182 0.0199594 -0.0743004
v 0.351761 0.0292341 -0.0707522
v 0.352654 0.0290175 -0.0710858
v 0.355768 0.0257107 -0.0722603
v 0.351767 0.0266866 -0.0707643
v 0.358881 0.0224019 -0.0734318
v 0.351773 0.0241368 -0.0707754
v 0.35846 0.0199577 -0.0732852
v 0.351781 0.0215847 -0.0707856
v 0.351784 0.0199571 -0.0707932
v 0.342334 0.0288328 -0.0673171
v 0.343722 0.0284998 -0.0678249
v 0.346776 0.0252618 -0.0689474
v 0.342343 0.0263218 -0.0673279
v 0.349833 0.0220259 -0.0700761
v 0.342351 0.0238125 -0.0673399
v 0.348003 0.0199547 -0.0694134
v 0.342359 0.0213052 -0.0673528
v 0.342359 0.0199574 -0.0673585
v 0.332889 0.0284374 -0.0639568
v 0.334747 0.0280017 -0.0646194
v 0.337746 0.0248317 -0.0656979
v 0.332894 0.0259706 -0.0639674
v 0.340748 0.02166 -0.0667768
v 0.332904 0.0235017 -0.0639806
v 0.337505 0.019955 -0.0656294
v 0.332911 0.0210306 -0.0639894
v 0.332915 0.0199524 -0.0639956
v 0.323417 0.0280517 -0.0606667
v 0.325737 0.0275189 -0.0614748
v 0.328682 0.0244124 -0.0625078
v 0.323425 0.0256208 -0.060677
v 0.331626 0.0213123 -0.0635454
v 0.323432 0.0231919 -0.0606885
v 0.326969 0.019954 -0.0619316
v 0.323438 0.020765 -0.0607011
v 0.323438 0.0199549 -0.0607033
v 0.313922 0.0276717 -0.0574485
v 0.31669 0.0270514 -0.0583913
v 0.319582 0.0240077 -0.0593795
v 0.313929 0.0252845 -0.0574631
v 0.322472 0.0209706 -0.0603722
v 0.313936 0.0228913 -0.0574712
v 0.316381 0.0199513 -0.0583102
v 0.313939 0.0205041 -0.0574825
v 0.313943 0.0199525 -0.0574863
v 0.304395 0.0296552 -0.0542943
v 0.304771 0.0295709 -0.0544177
v 0.307612 0.0265951 -0.0553706
v 0.304402 0.0273012 -0.0543047
v 0.310451 0.0236178 -0.0563203
v 0.304408 0.0249493 -0.0543163
v 0.313288 0.020639 -0.0572668
v 0.304415 0.0225954 -0.0543272
v 0.305742 0.0199534 -0.0547778
v 0.304421 0.0202437 -0.0543393
v 0.304421 0.019954 -0.0543413
v 0.294853 0.0292508 -0.0512238
v 0.29571 0.0290679 -0.0515023
v 0.298502 0.0261497 -0.0524131
v 0.294861 0.0269357 -0.0512373
v 0.301291 0.0232301 -0.0533207
v 0.294866 0.0246188 -0.0512465
v 0.304076 0.0203133 -0.0542271
v 0.294873 0.0223041 -0.0512605
v 0.295041 0.01995 -0.0513216
v 0.294878 0.0199875 -0.0512702
v 0.294881 0.0199513 -0.0512714
v 0.285288 0.0288557 -0.0482316
v 0.286623 0.0285723 -0.0486512
v 0.289361 0.0257112 -0.049517
v 0.285296 0.0265711 -0.0482411
v 0.292101 0.0228529 -0.0503887
v 0.285301 0.024293 -0.0482539
v 0.29484 0.0199933 -0.0512571
v 0.28531 0.0220089 -0.0482639
v 0.285312 0.019953 -0.0482735
v 0.275701 0.0284573 -0.0453086
v 0.277505 0.028084 -0.0458612
v 0.280193 0.0252837 -0.0466917
v 0.275709 0.0262113 -0.0453221
v 0.282883 0.022482 -0.0475224
v 0.275715 0.0239634 -0.0453312
v 0.284258 0.0199513 -0.047952
v 0.275719 0.021718 -0.0453417
v 0.275725 0.0199509 -0.0453505
v 0.266093 0.0280634 -0.0424667
v 0.268363 0.0276029 -0.0431398
v 0.271003 0.0248588 -0.0439333
v 0.266096 0.0258515 -0.0424754
v 0.273645 0.0221134 -0.0447271
v 0.266104 0.0236378 -0.0424869
v 0.273393 0.0199502 -0.0446604
v 0.266111 0.0214266 -0.0424998
v 0.266115 0.0199539 -0.0425066
v 0.256455 0.0298452 -0.0396856
v 0.256601 0.029816 -0.039727
v 0.259198 0.0271247 -0.0404853
v 0.256461 0.0276648 -0.0396956
v 0.261795 0.0244322 -0.0412438
v 0.256468 0.0254827 -0.0397048
v 0.264388 0.0217429 -0.0420011
v 0.256474 0.0233031 -0.0397155
v 0.26242 0.0199507 -0.0414402
v 0.256479 0.0211259 -0.0397275
v 0.256482 0.0199537 -0.0397341
v 0.246806 0.0294078 -0.0369936
v 0.247471 0.0292811 -0.0371807
v 0.250018 0.0266452 -0.037903
v 0.24681 0.027261 -0.0370031
v 0.252563 0.0240082 -0.0386219
v 0.246815 0.0251125 -0.037012
v 0.255113 0.0213703 -0.0393445
v 0.246822 0.0229666 -0.0370258
v 0.25132 0.0199551 -0.0382939
v 0.246827 0.0208191 -0.0370353
v 0.246829 0.019955 -0.0370384
v 0.237134 0.0289599 -0.0343758
v 0.238323 0.0287407 -0.0347012
v 0.240824 0.0261557 -0.0353857
v 0.23714 0.0268465 -0.0343887
v 0.243326 0.0235739 -0.0360761
v 0.237145 0.0247274 -0.0343952
v 0.245826 0.0209913 -0.036763
v 0.23715 0.022615 -0.034409
v 0.240058 0.0199549 -0.035207
v 0.237158 0.020497 -0.0344199
v 0.237158 0.0199579 -0.0344235
v 0.227441 0.0284997 -0.0318372
v 0.229171 0.0281862 -0.0322919
v 0.231623 0.0256604 -0.0329466
v 0.227446 0.0264155 -0.0318482
v 0.234078 0.0231294 -0.0335995
v 0.227452 0.0243297 -0.0318586
v 0.236532 0.0206018 -0.0342546
v 0.227459 0.0222423 -0.0318683
v 0.228576 0.0199581 -0.0321721
v 0.227465 0.0201576 -0.0318795
v 0.227463 0.0199587 -0.0318798
v 0.217733 0.0280127 -0.0293775
v 0.220021 0.0276132 -0.0299584
v 0.222422 0.025142 -0.0305781
v 0.217738 0.0259574 -0.0293868
v 0.224829 0.02267 -0.0312015
v 0.217742 0.0239048 -0.0293975
v 0.227233 0.0201972 -0.0318214
v 0.217746 0.0218507 -0.0294078
v 0.217752 0.0199574 -0.0294149
v 0.207995 0.0295212 -0.0269831
v 0.208524 0.0294329 -0.0271147
v 0.210878 0.027017 -0.027703
v 0.208002 0.0274961 -0.0269952
v 0.21323 0.0246003 -0.0282877
v 0.208007 0.0254696 -0.0270031
v 0.215586 0.022183 -0.0288762
v 0.20801 0.0234458 -0.0270125
v 0.216779 0.0199574 -0.0291765
v 0.208018 0.0214207 -0.027025
v 0.20802 0.0199628 -0.0270328
v 0.198247 0.0289304 -0.02468
v 0.199454 0.0287376 -0.0249657
v 0.201755 0.0263803 -0.0255213
v 0.198254 0.026934 -0.0246909
v 0.204057 0.0240223 -0.0260771
v 0.198256 0.0249405 -0.0246997
v 0.20636 0.0216637 -0.0266329
v 0.198263 0.0229455 -0.0247115
v 0.204504 0.0199612 -0.0262005
v 0.198267 0.0209492 -0.0247192
v 0.198269 0.0199626 -0.0247238
v 0.18848 0.0282817 -0.022454
v 0.190417 0.0279932 -0.0228975
v 0.192666 0.0256944 -0.0234207
v 0.188487 0.0263138 -0.022464
v 0.194912 0.0233992 -0.0239461
v 0.188492 0.0243488 -0.0224754
v 0.197158 0.0210992 -0.0244658
v 0.188499 0.0223824 -0.0224864
v 0.191563 0.0199618 -0.0231956
v 0.188502 0.0204146 -0.0224932
v 0.188505 0.0199612 -0.0224974
v 0.178695 0.0294948 -0.0203013
v 0.179239 0.0294218 -0.0204227
v 0.181427 0.0271863 -0.0209119
v 0.178701 0.0275566 -0.020311
v 0.183616 0.0249501 -0.0214013
v 0.178705 0.0256214 -0.0203222
v 0.18581 0.0227134 -0.0218943
v 0.17871 0.0236849 -0.0203329
v 0.187998 0.0204804 -0.0223859
v 0.178712 0.021747 -0.0203395
v 0.178718 0.0199631 -0.0203485
v 0.168896 0.0286516 -0.0182381
v 0.170367 0.0284726 -0.0185489
v 0.1725 0.0262996 -0.0190081
v 0.168901 0.0267415 -0.0182474
v 0.174627 0.0241303 -0.0194659
v 0.168905 0.0248344 -0.0182582
v 0.176759 0.0219604 -0.0199273
v 0.168909 0.022926 -0.0182685
v 0.177481 0.0199646 -0.0200906
v 0.168914 0.0210163 -0.0182783
v 0.168916 0.0199643 -0.0182823
v 0.159074 0.0295798 -0.0162475
v 0.159511 0.0295323 -0.0163354
v 0.161575 0.0274306 -0.0167616
v 0.15908 0.0276946 -0.016255
v 0.163646 0.0253243 -0.0171895
v 0.159084 0.0258123 -0.016264
v 0.165711 0.0232216 -0.0176159
v 0.159087 0.0239331 -0.0162747
v 0.167778 0.0211228 -0.0180482
v 0.159093 0.0220483 -0.0162828
v 0.16102 0.0199615 -0.0166844
v 0.159097 0.0201666 -0.0162925
v 0.159098 0.019961 -0.0162933
v 0.149242 0.0284699 -0.0143423
v 0.150861 0.0283274 -0.0146594
v 0.152863 0.026292 -0.0150548
v 0.149248 0.0266155 -0.0143564
v 0.154868 0.0242562 -0.0154539
v 0.149252 0.0247557 -0.0143642
v 0.156875 0.02222 -0.015853
v 0.149255 0.022899 -0.0143736
v 0.158881 0.0201833 -0.0162522
v 0.149261 0.0210368 -0.0143805
v 0.149265 0.0199576 -0.0143874
v 0.139392 0.0290714 -0.0125184
v 0.140345 0.0290043 -0.0126949
v 0.142294 0.0270265 -0.013063
v 0.139396 0.0272311 -0.0125246
v 0.144241 0.0250526 -0.0134333
v 0.139402 0.0253939 -0.0125363
v 0.146188 0.0230783 -0.0138037
v 0.139406 0.0235556 -0.0125437
v 0.148131 0.0211079 -0.0141725
v 0.139408 0.0217203 -0.0125529
v 0.139414 0.0199544 -0.0125611
v 0.129525 0.0295402 -0.010771
v 0.129972 0.0295174 -0.0108521
v 0.131874 0.0275875 -0.0111935
v 0.129531 0.0277107 -0.0107796
v 0.133778 0.0256615 -0.0115407
v 0.129536 0.0258843 -0.0107899
v 0.135685 0.023731 -0.0118859
v 0.129541 0.0240568 -0.0107997
v 0.137587 0.0218044 -0.0122295
v 0.129542 0.0222323 -0.0108076
v 0.138024 0.0199543 -0.0123156
v 0.129549 0.0204024 -0.0108165
v 0.129548 0.0199517 -0.0108182
v 0.11965 0.0281498 -0.00911493
v 0.12152 0.0280667 -0.00943101
v 0.123408 0.026157 -0.00975679
v 0.119655 0.0263267 -0.0091282
v 0.125301 0.0242469 -0.0100863
v 0.119659 0.0244983 -0.00913517
v 0.12719 0.0223366 -0.0104122
v 0.119662 0.0226729 -0.00914389
v 0.129079 0.0204259 -0.0107381
v 0.119665 0.0208463 -0.00915213
v 0.119668 0.0199455 -0.00915672
v 0.109755 0.0287967 -0.0075355
v 0.110967 0.0287308 -0.00772985
v 0.112904 0.0267784 -0.00805007
v 0.109761 0.026943 -0.00754627
v 0.114839 0.0248214 -0.00836448
v 0.109763 0.0250923 -0.00755503
v 0.116778 0.0228642 -0.00868264
v 0.109768 0.0232361 -0.00756118
v 0.118715 0.0209108 -0.00900296
v 0.109774 0.021383 -0.00757272
v 0.109774 0.0199406 -0.00757879
v 0.0998482 0.0282233 -0.00604474
v 0.101768 0.0280127 -0.00633441
v 0.103888 0.0258781 -0.0066663
v 0.099856 0.0263166 -0.00605715
v 0.106004 0.023743 -0.00699455
v 0.0998607 0.0244086 -0.00606541
v 0.108123 0.0216034 -0.00732066
v 0.0998662 0.0224993 -0.0060732
v 0.105933 0.0199348 -0.00699952
v 0.0998704 0.0205931 -0.00608261
v 0.0998701 0.0199334 -0.006086
v 0.0899301 0.0290181 -0.00462951
v 0.0911323 0.0287336 -0.00480449
v 0.0937399 0.0261067 -0.00518662
v 0.089934 0.0270091 -0.00464009
v 0.0963539 0.0234749 -0.0055704
v 0.0899389 0.0249986 -0.00465012
v 0.0989625 0.0208469 -0.00595269
v 0.0899446 0.0229868 -0.00465965
v 0.0943597 0.0199279 -0.00530019
v 0.089949 0.0209778 -0.00467077
v 0.0899535 0.0199243 -0.00467464
v 0.0800022 0.0283452 -0.00330904
v 0.0832251 0.0266923 -0.00374683
v 0.0876437 0.022248 -0.00435657
v 0.0800046 0.0261694 -0.00332018
v 0.0879281 0.0199237 -0.00440346
v 0.0800103 0.0239876 -0.00332852
v 0.0836896 0.0199239 -0.00383882
v 0.0800148 0.0218085 -0.0033384
v 0.0800201 0.0199223 -0.00334911
v 0.0700801 0.0199151 -0.00210669
v 0.0702392 0.019916 -0.00212687
v 0.0700762 0.0200712 -0.0021052
v 0.0700744 0.0223432 -0.00209698
v 0.0726052 0.0199172 -0.00242232
v 0.0700678 0.0246177 -0.00208649
v 0.0749696 0.0199192 -0.0027169
v 0.0700622 0.0268905 -0.00207535
v 0.0773384 0.0199174 -0.00301219
v 0.0700557 0.0291657 -0.00206568
v 0.0797035 0.0199207 -0.00330873
v 0.0601236 0.0199162 -0.000950167
v 0.0603325 0.0199132 -0.000973126
v 0.0601239 0.0202319 -0.000948774
v 0.0601161 0.02275 -0.000938164
v 0.0619725 0.0199156 -0.00116334
v 0.0601134 0.0252659 -0.000930451
v 0.0636177 0.0199142 -0.00135468
v 0.0601061 0.027784 -0.000920361
v 0.06526 0.0199173 -0.0015478
v 0.0607994 0.0292369 -0.000996481
v 0.0669037 0.0199164 -0.00173836
v 0.0656008 0.024413 -0.00156968
v 0.0685467 0.0199159 -0.00192845
v 0.0501588 0.0199176 0.000120929
v 0.0511127 0.0199155 1.92917e-05
v 0.0501551 0.0216007 0.000125667
v 0.0501496 0.0236224 0.000132635
v 0.0522589 0.0199152 -0.000105309
v 0.0501488 0.0256428 0.000136383
v 0.053401 0.019915 -0.000225987
v 0.0501451 0.0276617 0.000144385
v 0.0545466 0.0199151 -0.000350167
v 0.0501401 0.0296836 0.000150808
v 0.0556917 0.0199153 -0.000474176
v 0.052468 0.0275979 -0.000103446
v 0.0568365 0.0199156 -0.000597987
v 0.0551337 0.0249243 -0.000399193
v 0.0579809 0.0199162 -0.000721575
v 0.057796 0.0222503 -0.000691239
v 0.059125 0.0199169 -0.000844992
v 0.0401874 0.0199238 0.00110046
v 0.0406205 0.0199202 0.00106208
v 0.0401846 0.020594 0.00110594
v 0.0401801 0.0226566 0.00111087
v 0.0419509 0.0199219 0.000928994
v 0.0401764 0.0247176 0.00111633
v 0.043283 0.0199195 0.000798347
v 0.0401715 0.0267816 0.00112021
v 0.0446124 0.0199217 0.000665797
v 0.0401675 0.0288441 0.00112463
v 0.0459436 0.0199197 0.000535709
v 0.041939 0.0281634 0.000949128
v 0.0472743 0.019918 0.000405887
v 0.0457314 0.0243608 0.000565347
v 0.0486081 0.0199165 0.000272547
v 0.0495266 0.0205531 0.000183655
v 0.0499378 0.0199152 0.00014323
v 0.0302044 0.0199313 0.0019981
v 0.0309632 0.019929 0.0019315
v 0.0302016 0.0211386 0.00200213
v 0.0301962 0.0228355 0.00200434
v 0.0320252 0.0199306 0.001835
v 0.0301915 0.0245315 0.00200697
v 0.033089 0.019928 0.00174084
v 0.0301896 0.0262221 0.00201209
v 0.0341503 0.0199299 0.00164465
v 0.0301839 0.0279205 0.00201325
v 0.0352172 0.0199276 0.00154708
v 0.0301811 0.0296135 0.00201695
v 0.0362801 0.0199254 0.0014534
v 0.0324901 0.027633 0.00180783
v 0.0373426 0.0199234 0.00135992
v 0.0353692 0.0247507 0.001542
v 0.0384065 0.0199259 0.00126064
v 0.0382471 0.0218637 0.00128207
v 0.0394684 0.0199242 0.00116747
v 0.0201919 0.0296462 0.00281074
v 0.0207718 0.0293812 0.0027639
v 0.0219933 0.028154 0.00266813
v 0.0201914 0.0289787 0.00281159
v 0.0232165 0.0269309 0.00256639
v 0.0201969 0.0283067 0.00281096
v 0.024442 0.0257035 0.00246684
v 0.0201965 0.0276389 0.00281195
v 0.0256615 0.0244804 0.00236886
v 0.0201962 0.0269709 0.00281299
v 0.0268849 0.0232572 0.00226716
v 0.0201999 0.0263028 0.00281034
v 0.0281105 0.0220296 0.00216757
v 0.0201976 0.0256389 0.00280931
v 0.0293303 0.0208063 0.0020696
v 0.0202013 0.0249704 0.00280674
v 0.0297819 0.0199327 0.0020331
v 0.0202015 0.0243019 0.00280806
v 0.0283141 0.0199346 0.00215141
v 0.0202055 0.0236332 0.00280559
v 0.0268459 0.0199369 0.00227009
v 0.0202058 0.0229643 0.00280701
v 0.0253808 0.0199394 0.00238526
v 0.0202061 0.0222952 0.00280843
v 0.0239135 0.0199379 0.00250673
v 0.0202083 0.0216304 0.00280401
v 0.0224434 0.019941 0.00262629
v 0.0202089 0.0209611 0.00280559
v 0.0209765 0.0199444 0.00274243
v 0.0202096 0.0202916 0.0028072
v 0.0202099 0.0199436 0.00280671
v 0.0101911 0.0298047 0.0035168
v 0.0104857 0.0296818 0.00349761
v 0.0108064 0.0293608 0.00347472
v 0.0101906 0.0296161 0.00351863
v 0.011125 0.0290443 0.00344965
v 0.0101939 0.0294275 0.00351667
v 0.0114458 0.0287233 0.00342673
v 0.0101934 0.0292389 0.0035185
v 0.0117606 0.0284067 0.00340542
v 0.0101966 0.0290503 0.00351656
v 0.0120813 0.0280857 0.00338253
v 0.010194 0.028866 0.00351624
v 0.0123999 0.0277691 0.00335743
v 0.0101935 0.0286774 0.00351808
v 0.0127169 0.0274482 0.00333832
v 0.0101968 0.0284888 0.00351616
v 0.0130377 0.0271272 0.00331541
v 0.0101963 0.0283001 0.003518
v 0.0133563 0.0268106 0.00329031
v 0.0101959 0.0281114 0.00351987
v 0.0136733 0.0264896 0.0032712
v 0.010197 0.0279271 0.0035158
v 0.0139919 0.026173 0.00324613
v 0.0101966 0.0277384 0.00351766
v 0.0143127 0.025852 0.00322321
v 0.0101961 0.0275497 0.00351952
v 0.0146275 0.0255354 0.00320189
v 0.0101995 0.027361 0.00351764
v 0.0149483 0.0252144 0.003179
v 0.010199 0.0271722 0.0035195
v 0.015267 0.0248978 0.00315393
v 0.0101964 0.0269878 0.00351921
v 0.015584 0.0245768 0.00313479
v 0.0101998 0.0267991 0.00351732
v 0.0159026 0.0242601 0.00310969
v 0.0101994 0.0266103 0.00351924
v 0.0162234 0.0239391 0.0030868
v 0.0102028 0.0264215 0.00351735
v 0.0165383 0.0236225 0.00306548
v 0.0102003 0.0262371 0.00351709
v 0.0168591 0.0233015 0.00304258
v 0.0101998 0.0260483 0.00351898
v 0.0171799 0.0229804 0.00301966
v 0.0102033 0.0258594 0.00351712
v 0.0174948 0.0226638 0.00299837
v 0.0102029 0.0256706 0.00351906
v 0.0178156 0.0223428 0.00297545
v 0.0102003 0.0254861 0.00351877
v 0.0181343 0.0220261 0.00295038
v 0.0102038 0.0252973 0.00351694
v 0.0184514 0.0217051 0.00293123
v 0.0102034 0.0251084 0.00351886
v 0.01877 0.0213884 0.00290616
v 0.0102031 0.0249195 0.00352078
v 0.0190909 0.0210674 0.00288324
v 0.0102043 0.024735 0.00351676
v 0.0194058 0.0207507 0.00286194
v 0.0102041 0.0245461 0.00351873
v 0.0197266 0.0204296 0.00283902
v 0.0102038 0.0243572 0.00352071
v 0.0200453 0.020113 0.00281394
v 0.0102072 0.0241683 0.00351887
v 0.0199919 0.019946 0.00281991
v 0.0102047 0.0239837 0.00351863
v 0.0195363 0.019945 0.00285279
v 0.0102044 0.0237947 0.00352058
v 0.0190787 0.0199485 0.00288361
v 0.010208 0.0236058 0.0035188
v 0.0186193 0.0199476 0.00292037
v 0.0102077 0.0234168 0.00352077
v 0.0181615 0.0199511 0.0029512
v 0.0102052 0.0232322 0.00352056
v 0.0177058 0.0199503 0.00298425
v 0.0102087 0.0230431 0.00351875
v 0.0172501 0.0199495 0.00301733
v 0.0102085 0.0228541 0.00352073
v 0.0167921 0.0199531 0.00304826
v 0.010206 0.0226695 0.00352055
v 0.0163362 0.0199523 0.00308139
v 0.0102096 0.0224804 0.00351876
v 0.0158781 0.0199559 0.00311236
v 0.0102094 0.0222914 0.00352079
v 0.0154183 0.0199553 0.00314936
v 0.0102092 0.0221023 0.00352279
v 0.0149623 0.0199546 0.00318258
v 0.0102106 0.0219177 0.00351885
v 0.014504 0.0199583 0.00321363
v 0.0102104 0.0217286 0.00352086
v 0.0140478 0.0199577 0.00324692
v 0.010214 0.0215395 0.0035191
v 0.0135895 0.0199615 0.00327809
v 0.0102116 0.0213547 0.00351894
v 0.0131332 0.0199609 0.00331142
v 0.0102114 0.0211656 0.00352095
v 0.0126769 0.0199604 0.00334482
v 0.010215 0.0209765 0.00351922
v 0.0122183 0.0199643 0.00337601
v 0.0102126 0.0207916 0.00351904
v 0.0117619 0.0199638 0.00340947
v 0.0102124 0.0206025 0.00352109
v 0.0113054 0.0199634 0.00344293
v 0.0102161 0.0204133 0.00351936
v 0.0108466 0.0199673 0.00347422
v 0.0102138 0.0202285 0.00351923
v 0.0103901 0.0199669 0.00350776
v 0.0102136 0.0200393 0.00352129
v 0.0102165 0.0199647 0.00352144
v 4.37024e-06 0.0299351 -8.23579e-07
v 8.22434e-05 0.0299177 2.41791e-05
v 0.00024297 0.0297565 8.35821e-05
v 4.12832e-06 0.0298202 -3.24214e-06
v 0.000405297 0.0295997 0.000137005
v 2.32661e-06 0.029701 3.45124e-07
v 0.00056976 0.0294386 0.000192586
v 1.99357e-06 0.029586 -2.12784e-06
v 0.000730518 0.0292774 0.000252011
v 3.98397e-06 0.0294668 -2.33261e-06
v 0.000892877 0.0291207 0.000305457
v 2.1821e-06 0.0293475 1.25499e-06
v 0.00105728 0.0289595 0.000361006
v 1.94008e-06 0.0292326 -1.16386e-06
v 0.00121802 0.0287984 0.000420426
v 3.88512e-06 0.0291133 -1.39577e-06
v 0.00138032 0.0286417 0.000473839
v 3.64314e-06 0.0289984 -3.81484e-06
v 0.00154476 0.0284805 0.000529411
v 1.79552e-06 0.0288791 -2.54014e-07
v 0.00170335 0.0283239 0.000586667
v 3.83179e-06 0.0287598 -4.31614e-07
v 0.00186782 0.0281627 0.000642262
v 3.58978e-06 0.0286449 -2.85086e-06
v 0.00203219 0.0280016 0.000697801
v 1.742e-06 0.0285256 7.10296e-07
v 0.00219072 0.0278449 0.000755025
v 1.54545e-06 0.0284106 -1.68191e-06
v 0.00235518 0.0276838 0.000810615
v 3.53641e-06 0.0282913 -1.88672e-06
v 0.00251963 0.0275227 0.000866203
v 5.48195e-06 0.028172 -2.11871e-06
v 0.00267815 0.027366 0.000923422
v 1.53744e-06 0.028057 -6.9045e-07
v 0.00284259 0.0272049 0.000979008
v 3.48304e-06 0.0279377 -9.22415e-07
v 0.00300703 0.0270439 0.00103459
v 3.33205e-06 0.0278227 -3.28785e-06
v 0.00316927 0.0268872 0.00108799
v 1.52943e-06 0.0277034 3.01178e-07
v 0.00332991 0.0267261 0.00114736
v 3.52073e-06 0.027584 9.6382e-08
v 0.00349215 0.0265694 0.00120075
v 3.32419e-06 0.0274691 -2.29639e-06
v 0.00365661 0.0264084 0.00125636
v 5.31566e-06 0.0273497 -2.50127e-06
v 0.00381724 0.0262473 0.00131572
v 1.37034e-06 0.0272347 -1.07274e-06
v 0.0039795 0.0260907 0.00136914
v 3.31633e-06 0.0271153 -1.30476e-06
v 0.00414391 0.0259297 0.00142471
v 3.16531e-06 0.0270003 -3.67069e-06
v 0.00430452 0.0257686 0.00148407
v 1.40786e-06 0.026881 -5.37753e-08
v 0.00446673 0.025612 0.00153745
v 3.44512e-06 0.0267616 -2.31457e-07
v 0.00463112 0.0254509 0.00159302
v 3.24853e-06 0.0266466 -2.62472e-06
v 0.00479176 0.0252899 0.0016524
v 5.28596e-06 0.0265272 -2.80249e-06
v 0.004954 0.0251333 0.00170581
v 1.29429e-06 0.0264121 -1.40084e-06
v 0.00511837 0.0249723 0.00176137
v 3.33178e-06 0.0262928 -1.57858e-06
v 0.00527895 0.0248113 0.00182072
v 5.41494e-06 0.0261734 -1.72916e-06
v 0.00544113 0.0246547 0.0018741
v 1.42293e-06 0.0260583 -3.27359e-07
v 0.0056055 0.0244937 0.00192966
v 3.4606e-06 0.0259389 -5.05085e-07
v 0.00576615 0.0243327 0.00198906
v 3.3551e-06 0.0258239 -2.8445e-06
v 0.00592832 0.0241761 0.00204242
v 1.55159e-06 0.0257044 7.46308e-07
v 0.00609267 0.0240151 0.00209798
v 1.44602e-06 0.0255894 -1.59321e-06
v 0.00625327 0.0238542 0.00215735
v 3.5295e-06 0.02547 -1.74381e-06
v 0.00641542 0.0236976 0.00221071
v 5.56752e-06 0.0253505 -1.92161e-06
v 0.0065798 0.0235366 0.00226629
v 1.62027e-06 0.0252354 -4.92349e-07
v 0.00674413 0.0233757 0.00232183
v 3.65836e-06 0.025116 -6.70115e-07
v 0.00690252 0.0232191 0.00237901
v 3.59841e-06 0.025001 -2.98283e-06
v 0.00706684 0.0230582 0.00243455
v 1.84012e-06 0.0248815 6.35879e-07
v 0.0072312 0.0228972 0.00249012
v 1.68897e-06 0.0247664 -1.73129e-06
v 0.00738958 0.0227407 0.00254729
v 3.81844e-06 0.0246469 -1.85475e-06
v 0.00755388 0.0225798 0.00260283
v 3.66734e-06 0.0245318 -4.22213e-06
v 0.00771823 0.0224188 0.00265839
v 1.95442e-06 0.0244123 -5.75859e-07
v 0.00787659 0.0222623 0.00271556
v 4.03851e-06 0.0242929 -7.26481e-07
v 0.00804088 0.0221014 0.00277109
v 3.97856e-06 0.0241778 -3.03967e-06
v 0.00820521 0.0219405 0.00282665
v 2.21992e-06 0.0240583 5.79775e-07
v 0.00836357 0.021784 0.00288381
v 2.15992e-06 0.0239432 -1.73351e-06
v 0.00852789 0.0216231 0.00293937
v 4.24426e-06 0.0238237 -1.88418e-06
v 0.00869216 0.0214622 0.00299489
v 3.41063e-07 0.0237085 -4.27197e-07
v 0.0088505 0.0213057 0.00305205
v 2.42547e-06 0.023589 -5.77841e-07
v 0.0090148 0.0211448 0.0031076
v 2.31987e-06 0.0234739 -2.91861e-06
v 0.00917911 0.0209839 0.00316315
v 4.45005e-06 0.0233544 -3.04215e-06
v 0.00934117 0.0208274 0.00321649
v 2.78225e-06 0.0232348 6.32407e-07
v 0.00950168 0.0206666 0.00327582
v 2.72224e-06 0.0231197 -1.68134e-06
v 0.00966601 0.0205057 0.00333139
v 4.80702e-06 0.0230002 -1.83204e-06
v 0.00983025 0.0203449 0.00338691
v 9.48648e-07 0.022885 -3.47572e-07
v 0.00998851 0.0201884 0.00344403
v 3.03349e-06 0.0227654 -4.98244e-07
v 0.0101528 0.0200276 0.00349959
v 2.97349e-06 0.0226503 -2.81229e-06
v 0.00993039 0.0199689 0.00342265
v 5.10412e-06 0.0225307 -2.93585e-06
v 0.00946943 0.0199697 0.00326583
v 1.2453e-06 0.0224155 -1.45124e-06
v 0.0090122 0.0199705 0.00310522
v 3.376e-06 0.022296 -1.57476e-06
v 0.00855114 0.0199715 0.00294841
v 3.316e-06 0.0221808 -3.88911e-06
v 0.00809381 0.0199725 0.00278781
v 1.69329e-06 0.0220612 -1.86322e-07
v 0.00763265 0.0199735 0.00263101
v 3.82418e-06 0.0219417 -3.09821e-07
v 0.00717523 0.0199747 0.00247042
v 3.76419e-06 0.0218265 -2.62433e-06
v 0.00671392 0.0199758 0.0023136
v 2.14135e-06 0.0217069 1.07881e-06
v 0.00625636 0.0199771 0.002153
v 2.08131e-06 0.0215917 -1.23579e-06
v 0.0057949 0.0199783 0.00199617
v 4.21246e-06 0.021472 -1.35934e-06
v 0.00533345 0.0199797 0.00183937
v 4.2437e-06 0.0213569 -3.61974e-06
v 0.00487574 0.0199811 0.00167879
v 2.57507e-06 0.0212373 5.66028e-08
v 0.00441414 0.0199826 0.00152198
v 2.51503e-06 0.021122 -2.2583e-06
v 0.0039562 0.0199841 0.00136132
v 4.73768e-06 0.0210024 -2.32748e-06
v 0.00349673 0.0199813 0.00120674
v 8.77403e-07 0.0208872 -8.42291e-07
v 0.00303874 0.0199829 0.00104612
v 3.05451e-06 0.0207675 -9.38639e-07
v 0.00258074 0.0199847 0.000885541
v 3.0401e-06 0.0206523 -3.22663e-06
v 0.0021189 0.0199865 0.000728761
v 1.41677e-06 0.0205327 4.7757e-07
v 0.00166071 0.0199882 0.000568135
v 1.40231e-06 0.0204174 -1.81051e-06
v 0.00119868 0.0199901 0.000411314
v 3.6253e-06 0.0202978 -1.87969e-06
v 0.000740399 0.019992 0.0002507
v 3.56528e-06 0.0201825 -4.19519e-06
v 0.00028046 0.0199896 9.60838e-05
v 1.9874e-06 0.0200629 -4.63374e-07
v 2.94923e-06 0.0199926 -2.29427e-06
v 0.0102003 0.0262371 0.00351709
v 0.0102043 0.024735 0.00351676
v 0.0102041 0.0245461 0.00351873
v 0.902876 0.0100298 -0.430696
v 0.912589 0.0100284 -0.434996
v 0.895773 0.0100278 -0.423619
v 0.88862 0.010026 -0.41658
v 0.881427 0.0100248 -0.409588
v 0.874188 0.01002 -0.402633
v 0.866905 0.0100196 -0.395727
v 0.859576 0.0189611 -0.388851
v 0.859847 0.0196498 -0.389106
v 0.859576 0.0100195 -0.388863
v 0.857 0.0135129 -0.386473
v 0.855419 0.0100189 -0.385017
v 0.852207 0.0100159 -0.382042
v 0.844792 0.0100166 -0.375267
v 0.837335 0.0100138 -0.368535
v 0.835369 0.012638 -0.36678
v 0.835718 0.0100143 -0.367094
v 0.829838 0.0100114 -0.36185
v 0.823692 0.0181596 -0.356429
v 0.827012 0.0100133 -0.359364
v 0.822295 0.0100096 -0.355208
v 0.814714 0.0100084 -0.348615
v 0.817743 0.0100111 -0.351251
v 0.814709 0.0126038 -0.34861
v 0.807088 0.0143971 -0.34206
v 0.813019 0.0122292 -0.347159
v 0.80709 0.0100081 -0.342067
v 0.799418 0.0195062 -0.335549
v 0.799898 0.0193897 -0.335956
v 0.803956 0.0140977 -0.339406
v 0.799421 0.0152017 -0.335554
v 0.803074 0.0100085 -0.338661
v 0.799426 0.0108984 -0.335564
v 0.799426 0.010009 -0.335567
v 0.791716 0.0192013 -0.329093
v 0.792416 0.0191014 -0.329679
v 0.795592 0.0149813 -0.332346
v 0.791717 0.0155288 -0.329099
v 0.798767 0.0108594 -0.33501
v 0.791721 0.0118516 -0.329102
v 0.791722 0.0100074 -0.329108
v 0.783971 0.0189941 -0.322681
v 0.784768 0.018979 -0.323339
v 0.787548 0.0153948 -0.325646
v 0.783976 0.0154542 -0.322687
v 0.790325 0.0118103 -0.32795
v 0.783979 0.0119175 -0.322694
v 0.783979 0.0100036 -0.322695
v 0.776188 0.0187954 -0.316316
v 0.777061 0.0188877 -0.317028
v 0.779785 0.0153909 -0.31926
v 0.776192 0.0150025 -0.316322
v 0.782507 0.0118938 -0.321489
v 0.776196 0.0112082 -0.316327
v 0.776199 0.0100015 -0.31633
v 0.775253 0.011212 -0.315566
v 0.769285 0.00999967 -0.310744
v 0.768377 0.010001 -0.310012
v 0.768373 0.0142246 -0.310005
v 0.772272 0.0150169 -0.313155
v 0.768366 0.0186305 -0.309995
v 0.769296 0.0188209 -0.310748
v 0.760504 0.0191721 -0.303721
v 0.761058 0.0193044 -0.304162
v 0.764795 0.014555 -0.30715
v 0.760514 0.0135101 -0.303732
v 0.760519 0.00999829 -0.30374
v 0.752606 0.0193776 -0.297495
v 0.752995 0.0195114 -0.297801
v 0.757636 0.013643 -0.301465
v 0.752616 0.0119122 -0.297511
v 0.752621 0.00999691 -0.297516
v 0.751281 0.0116812 -0.296472
v 0.747287 0.00999622 -0.293366
v 0.744683 0.00999686 -0.291341
v 0.744671 0.0176677 -0.291326
v 0.74606 0.0182523 -0.292404
v 0.736695 0.0172057 -0.285198
v 0.738674 0.0175181 -0.286716
v 0.736707 0.00999429 -0.285212
v 0.728692 0.0099932 -0.279134
v 0.729199 0.00999299 -0.279518
v 0.728694 0.0101975 -0.279135
v 0.720627 0.0187204 -0.273085
v 0.727331 0.0116845 -0.278114
v 0.720641 0.00998984 -0.273103
v 0.712555 0.00998825 -0.267127
v 0.715923 0.00999003 -0.269617
v 0.712545 0.0149855 -0.267118
v 0.704429 0.00998847 -0.261199
v 0.705743 0.00998737 -0.262156
v 0.704426 0.0121428 -0.261193
v 0.696265 0.00998671 -0.255318
v 0.696578 0.00998582 -0.255543
v 0.696263 0.010462 -0.255316
v 0.688066 0.00998301 -0.249488
v 0.679831 0.00998527 -0.243714
v 0.687895 0.00998488 -0.24937
v 0.679818 0.0181905 -0.243694
v 0.671561 0.00998186 -0.237988
v 0.679597 0.00998349 -0.243551
v 0.671549 0.0159813 -0.23797
v 0.663237 0.018882 -0.232289
v 0.664878 0.0180162 -0.233413
v 0.671144 0.00998284 -0.237704
v 0.663246 0.0141595 -0.232304
v 0.663252 0.00998064 -0.232313
v 0.654898 0.017067 -0.226674
v 0.658694 0.0154396 -0.229235
v 0.662187 0.00998129 -0.231596
v 0.654906 0.0130993 -0.226683
v 0.654913 0.00997777 -0.226693
v 0.64652 0.0165044 -0.221106
v 0.651033 0.0146005 -0.224107
v 0.653 0.00997904 -0.225423
v 0.646529 0.0127072 -0.221118
v 0.646533 0.00997707 -0.221123
v 0.638109 0.0164516 -0.21559
v 0.642776 0.0144375 -0.218653
v 0.643962 0.00997622 -0.219438
v 0.638116 0.012501 -0.215603
v 0.638121 0.00997456 -0.215609
v 0.629662 0.016207 -0.210132
v 0.634558 0.0141898 -0.213301
v 0.634363 0.00997391 -0.21318
v 0.629667 0.0119106 -0.210143
v 0.629674 0.00997409 -0.210151
v 0.62118 0.0155019 -0.20473
v 0.626983 0.0131431 -0.208432
v 0.623452 0.00997211 -0.206185
v 0.621189 0.0108946 -0.204744
v 0.62119 0.00997176 -0.204744
v 0.612653 0.0192377 -0.199364
v 0.613638 0.0188275 -0.199986
v 0.619933 0.0114458 -0.203951
v 0.612665 0.0144933 -0.199382
v 0.612673 0.00997152 -0.199397
v 0.604105 0.0180414 -0.194078
v 0.606679 0.0169683 -0.195671
v 0.612143 0.00997288 -0.19907
v 0.604113 0.0133148 -0.194094
v 0.604122 0.00996951 -0.194104
v 0.59552 0.0167442 -0.188845
v 0.599821 0.0149685 -0.19147
v 0.600878 0.00997081 -0.192127
v 0.595529 0.0121762 -0.18886
v 0.595533 0.00996979 -0.188867
v 0.586904 0.0156622 -0.183668
v 0.59271 0.0132401 -0.187162
v 0.590161 0.00996873 -0.18564
v 0.586912 0.011324 -0.183684
v 0.586915 0.00996842 -0.18369
v 0.578239 0.0189888 -0.178534
v 0.57958 0.0184268 -0.179325
v 0.585167 0.0119831 -0.18265
v 0.57825 0.0148641 -0.178548
v 0.580123 0.00996624 -0.179669
v 0.578258 0.0107452 -0.178565
v 0.57826 0.0099656 -0.178566
v 0.569557 0.0182049 -0.173473
v 0.571941 0.0172287 -0.174865
v 0.577256 0.0111193 -0.177979
v 0.569564 0.0142677 -0.173488
v 0.570461 0.00996602 -0.174022
v 0.569571 0.0103289 -0.173502
v 0.569572 0.00996529 -0.173504
v 0.560837 0.017579 -0.168471
v 0.564041 0.0162998 -0.170312
v 0.569103 0.0105023 -0.173234
v 0.560844 0.0137962 -0.168484
v 0.560975 0.00996578 -0.168572
v 0.560854 0.0100123 -0.1685
v 0.560854 0.00996362 -0.168501
v 0.552084 0.0170488 -0.163525
v 0.555954 0.0155511 -0.165717
v 0.560789 0.0100346 -0.168462
v 0.552092 0.0134065 -0.163543
v 0.552099 0.00996464 -0.163556
v 0.543299 0.0165931 -0.158641
v 0.547732 0.0149264 -0.161112
v 0.551578 0.00996062 -0.163263
v 0.543308 0.0130757 -0.158659
v 0.543313 0.0099605 -0.158668
v 0.534474 0.0195984 -0.153806
v 0.534964 0.0194181 -0.154074
v 0.539393 0.0143997 -0.15651
v 0.534482 0.0161957 -0.153819
v 0.542241 0.0099607 -0.158082
v 0.53449 0.0127928 -0.153832
v 0.534495 0.00995927 -0.153844
v 0.525625 0.0191366 -0.149042
v 0.526701 0.0187536 -0.149622
v 0.530952 0.0139591 -0.151926
v 0.525634 0.015846 -0.149056
v 0.532954 0.00996205 -0.153018
v 0.525637 0.0125594 -0.149069
v 0.525646 0.00996098 -0.149084
v 0.516742 0.0187257 -0.14434
v 0.518336 0.0181759 -0.145186
v 0.522419 0.0135856 -0.147361
v 0.516752 0.0155414 -0.144356
v 0.52371 0.00996015 -0.148057
v 0.516759 0.0123575 -0.144369
v 0.516765 0.00995791 -0.14438
v 0.50783 0.0183561 -0.139702
v 0.509883 0.0176663 -0.140772
v 0.513806 0.0132727 -0.14283
v 0.507839 0.0152725 -0.139717
v 0.514504 0.00995844 -0.143204
v 0.507844 0.0121896 -0.139728
v 0.50785 0.00995805 -0.13974
v 0.498885 0.0180226 -0.135123
v 0.50134 0.0172228 -0.136382
v 0.505113 0.0130105 -0.138328
v 0.498892 0.0150382 -0.135138
v 0.505328 0.00995684 -0.138448
v 0.4989 0.0120506 -0.135152
v 0.498904 0.00995757 -0.135161
v 0.48991 0.0177234 -0.130609
v 0.492721 0.0168353 -0.132027
v 0.496355 0.0127933 -0.13387
v 0.489917 0.0148286 -0.130623
v 0.496178 0.0099548 -0.13379
v 0.489923 0.0119348 -0.130637
v 0.489928 0.00995658 -0.130647
v 0.480904 0.0174531 -0.12616
v 0.484036 0.0164898 -0.127711
v 0.487537 0.0126073 -0.129454
v 0.480912 0.0146424 -0.126172
v 0.487039 0.00995504 -0.129218
v 0.480916 0.0118369 -0.126186
v 0.480923 0.00995527 -0.126197
v 0.471862 0.0199324 -0.12176
v 0.471905 0.0199195 -0.121781
v 0.475282 0.016189 -0.123436
v 0.471868 0.017207 -0.121773
v 0.47866 0.0124552 -0.125089
v 0.471874 0.0144789 -0.121785
v 0.47791 0.0099529 -0.124732
v 0.471881 0.0117522 -0.121798
v 0.471884 0.00995381 -0.121807
v 0.462794 0.0196327 -0.117438
v 0.463206 0.0195126 -0.117634
v 0.466469 0.0159199 -0.119205
v 0.462805 0.0169804 -0.117452
v 0.469734 0.0123242 -0.120773
v 0.46281 0.0143336 -0.117466
v 0.468787 0.00995228 -0.120331
v 0.462816 0.0116843 -0.117478
v 0.462819 0.0099523 -0.117485
v 0.453702 0.0193531 -0.113183
v 0.454447 0.0191428 -0.113532
v 0.4576 0.0156817 -0.115022
v 0.453707 0.0167807 -0.113198
v 0.460757 0.0122178 -0.116513
v 0.45371 0.0142058 -0.113207
v 0.459664 0.00995307 -0.116011
v 0.453717 0.0116286 -0.113219
v 0.453722 0.00995088 -0.113227
v 0.444577 0.0190968 -0.108993
v 0.445631 0.0188091 -0.109479
v 0.448682 0.0154694 -0.110893
v 0.444581 0.0165909 -0.109002
v 0.451736 0.0121272 -0.112309
v 0.444587 0.0140868 -0.109016
v 0.45054 0.00995093 -0.111766
v 0.444595 0.0115804 -0.109029
v 0.444597 0.00994983 -0.109036
v 0.435423 0.0188594 -0.104868
v 0.436759 0.0185027 -0.105471
v 0.439715 0.0152785 -0.106817
v 0.435426 0.016423 -0.10488
v 0.44267 0.0120519 -0.108161
v 0.435434 0.0139844 -0.104894
v 0.441411 0.00994959 -0.1076
v 0.435439 0.0115438 -0.104904
v 0.435443 0.00994923 -0.104911
v 0.426239 0.0186404 -0.100809
v 0.427831 0.018227 -0.101514
v 0.430702 0.0151084 -0.102797
v 0.426245 0.0162644 -0.100821
v 0.433568 0.0119878 -0.104074
v 0.426249 0.0138905 -0.100833
v 0.432278 0.0099494 -0.103513
v 0.426255 0.0115146 -0.100844
v 0.42626 0.00994928 -0.100854
v 0.41703 0.0184352 -0.0968197
v 0.418862 0.0179734 -0.0976167
v 0.421643 0.0149549 -0.0988323
v 0.417033 0.0161188 -0.096828
v 0.424424 0.0119385 -0.100051
v 0.417039 0.0138044 -0.096841
v 0.423139 0.00995042 -0.0995027
v 0.417044 0.0114923 -0.0968551
v 0.417047 0.00995013 -0.0968626
v 0.40779 0.0182435 -0.0928953
v 0.409844 0.0177372 -0.0937695
v 0.412544 0.0148175 -0.0949298
v 0.407794 0.0159857 -0.0929053
v 0.415248 0.0118959 -0.0960907
v 0.4078 0.0137302 -0.09292
v 0.413994 0.00994824 -0.095566
v 0.407804 0.0114728 -0.0929305
v 0.407809 0.00994799 -0.0929393
v 0.398522 0.0180649 -0.0890404
v 0.400781 0.0175224 -0.089982
v 0.403408 0.014692 -0.0910879
v 0.398528 0.015861 -0.0890511
v 0.406037 0.0118599 -0.0921944
v 0.398533 0.0136594 -0.089063
v 0.404835 0.00994681 -0.0917009
v 0.398537 0.0114601 -0.0890762
v 0.398544 0.00994708 -0.0890858
v 0.389231 0.0178951 -0.0852568
v 0.39168 0.0173203 -0.0862541
v 0.394235 0.014578 -0.0873105
v 0.389235 0.0157442 -0.0852657
v 0.39679 0.0118302 -0.0883618
v 0.389241 0.0135957 -0.0852794
v 0.395664 0.00994559 -0.0879116
v 0.389245 0.0114455 -0.0852888
v 0.389247 0.00994757 -0.0852984
v 0.379904 0.0198306 -0.081526
v 0.380057 0.0197968 -0.0815882
v 0.382541 0.0171348 -0.0825917
v 0.379908 0.0177336 -0.0815381
v 0.385027 0.0144714 -0.0835958
v 0.379913 0.015635 -0.0815495
v 0.387511 0.0118066 -0.0845966
v 0.379918 0.0135348 -0.0815603
v 0.386473 0.00994791 -0.0841938
v 0.379923 0.0114372 -0.0815724
v 0.379928 0.00994562 -0.081582
v 0.370557 0.01963 -0.0778813
v 0.370946 0.0195419 -0.0780317
v 0.373368 0.0169577 -0.0789911
v 0.370562 0.0175764 -0.0778893
v 0.375789 0.0143681 -0.0799453
v 0.370567 0.0155294 -0.0779042
v 0.378208 0.0117853 -0.080904
v 0.370571 0.013477 -0.0779128
v 0.377259 0.0099454 -0.0805403
v 0.370578 0.011427 -0.0779265
v 0.37058 0.00994553 -0.077935
v 0.361184 0.0194344 -0.0743022
v 0.3618 0.0193004 -0.074538
v 0.364156 0.0167889 -0.0754487
v 0.361188 0.0174317 -0.0743145
v 0.366516 0.0142762 -0.0763633
v 0.361193 0.0154275 -0.0743262
v 0.368875 0.0117622 -0.0772747
v 0.361199 0.013422 -0.0743372
v 0.368021 0.00994595 -0.076959
v 0.361204 0.011419 -0.0743497
v 0.361208 0.00994349 -0.0743588
v 0.351788 0.0192477 -0.0707983
v 0.352615 0.0190763 -0.0711094
v 0.354912 0.0166325 -0.0719774
v 0.35179 0.0172912 -0.0708101
v 0.357215 0.0141876 -0.0728493
v 0.351795 0.0153292 -0.0708193
v 0.359516 0.0117415 -0.0737179
v 0.351802 0.0133699 -0.0708335
v 0.358761 0.00994509 -0.0734482
v 0.351806 0.0114093 -0.0708435
v 0.351806 0.00994377 -0.0708517
v 0.342363 0.0190698 -0.0673627
v 0.343396 0.0188572 -0.0677399
v 0.345642 0.0164803 -0.0685733
v 0.342369 0.0171507 -0.0673742
v 0.347886 0.0141023 -0.0694033
v 0.342374 0.0152343 -0.0673873
v 0.350127 0.0117233 -0.0702301
v 0.342376 0.0133167 -0.0673962
v 0.349471 0.00994251 -0.0700012
v 0.34238 0.0114019 -0.0674101
v 0.342384 0.00994261 -0.0674187
v 0.332915 0.0188966 -0.0640005
v 0.334145 0.0186513 -0.064441
v 0.336337 0.0163364 -0.0652348
v 0.332919 0.0170184 -0.064011
v 0.338527 0.0140205 -0.0660254
v 0.332923 0.0151431 -0.064023
v 0.340718 0.0117037 -0.0668162
v 0.332927 0.0132666 -0.0640345
v 0.34015 0.0099421 -0.0666239
v 0.332932 0.0113888 -0.0640454
v 0.332937 0.00994027 -0.064056
v 0.323444 0.0187282 -0.0607121
v 0.324863 0.0184505 -0.0612051
v 0.327006 0.0161928 -0.0619617
v 0.323447 0.0168904 -0.0607222
v 0.329144 0.0139383 -0.0627171
v 0.32345 0.0150515 -0.0607317
v 0.331284 0.0116829 -0.0634727
v 0.323456 0.0132155 -0.0607464
v 0.330796 0.0099392 -0.0633114
v 0.323461 0.0113742 -0.060755
v 0.323464 0.00993694 -0.0607637
v 0.313947 0.0185643 -0.057494
v 0.315554 0.0182588 -0.0580415
v 0.317647 0.0160576 -0.0587616
v 0.313951 0.0167666 -0.0575079
v 0.319735 0.0138598 -0.0594805
v 0.313954 0.0149635 -0.0575156
v 0.321829 0.011657 -0.0602011
v 0.313959 0.0131635 -0.0575285
v 0.32141 0.00993762 -0.0600695
v 0.313965 0.0113623 -0.057541
v 0.313967 0.00993706 -0.0575472
v 0.304426 0.018405 -0.0543502
v 0.306216 0.0180722 -0.0549447
v 0.308261 0.015927 -0.0556326
v 0.304431 0.0166386 -0.0543607
v 0.310304 0.0137811 -0.0563171
v 0.304435 0.0148751 -0.0543729
v 0.312351 0.0116343 -0.0570054
v 0.304439 0.0131105 -0.0543846
v 0.311983 0.00993679 -0.0568917
v 0.304443 0.0113449 -0.0543959
v 0.304448 0.00993678 -0.0544045
v 0.294882 0.0182459 -0.0512789
v 0.296848 0.0178907 -0.0519151
v 0.298852 0.0157927 -0.0525707
v 0.294889 0.0165144 -0.0512924
v 0.300853 0.0136981 -0.053225
v 0.294891 0.0147859 -0.0513039
v 0.302851 0.0116069 -0.0538815
v 0.294896 0.0130523 -0.0513129
v 0.302513 0.00993556 -0.0537793
v 0.294899 0.0113217 -0.0513236
v 0.294902 0.00993634 -0.0513319
v 0.285315 0.019787 -0.048276
v 0.285503 0.0197527 -0.0483334
v 0.287464 0.0177062 -0.0489593
v 0.285318 0.0180869 -0.0482841
v 0.28942 0.0156631 -0.0495837
v 0.285323 0.01639 -0.0482974
v 0.291377 0.0136193 -0.0502084
v 0.285326 0.014692 -0.0483067
v 0.293334 0.0115749 -0.0508331
v 0.285329 0.0129931 -0.0483156
v 0.292994 0.0099367 -0.0507354
v 0.285334 0.0112973 -0.0483296
v 0.285337 0.00993605 -0.0483365
v 0.275726 0.0195981 -0.045356
v 0.276133 0.0195273 -0.0454796
v 0.278052 0.0175269 -0.0460743
v 0.275729 0.0179281 -0.0453623
v 0.279967 0.01553 -0.0466675
v 0.275733 0.0162653 -0.0453759
v 0.281886 0.0135325 -0.0472645
v 0.275739 0.0145975 -0.0453871
v 0.283801 0.0115344 -0.0478581
v 0.27574 0.0129328 -0.0453963
v 0.283421 0.00993512 -0.0477519
v 0.275745 0.0112672 -0.0454087
v 0.275748 0.00993616 -0.0454147
v 0.266114 0.0194052 -0.0425071
v 0.266744 0.0192994 -0.0426958
v 0.268619 0.0173489 -0.0432618
v 0.266119 0.017769 -0.0425177
v 0.270498 0.0153977 -0.0438316
v 0.266122 0.016136 -0.0425301
v 0.272374 0.013446 -0.0443978
v 0.266128 0.0144979 -0.04254
v 0.274252 0.0114937 -0.0449642
v 0.266132 0.012863 -0.0425515
v 0.273786 0.00993713 -0.0448347
v 0.266137 0.0112272 -0.0425627
v 0.266139 0.00993699 -0.0425701
v 0.256484 0.019212 -0.039739
v 0.257332 0.0190732 -0.0399843
v 0.25917 0.0171638 -0.0405216
v 0.256488 0.0176052 -0.0397488
v 0.26101 0.015258 -0.0410646
v 0.256493 0.0159974 -0.0397582
v 0.262847 0.0133518 -0.0416041
v 0.256496 0.0143929 -0.0397693
v 0.264687 0.0114407 -0.0421417
v 0.256499 0.0127874 -0.0397801
v 0.264079 0.00993599 -0.0419768
v 0.256503 0.0111811 -0.0397905
v 0.256505 0.00993884 -0.039799
v 0.246833 0.0190097 -0.0370448
v 0.247909 0.0188403 -0.0373485
v 0.249707 0.0169759 -0.0378594
v 0.246837 0.0174319 -0.0370542
v 0.251509 0.015111 -0.038374
v 0.246838 0.0158574 -0.0370652
v 0.253312 0.0132456 -0.0388887
v 0.246846 0.0142778 -0.0370774
v 0.25511 0.0113838 -0.0394021
v 0.246849 0.0127016 -0.0370877
v 0.254277 0.0099403 -0.0391771
v 0.246852 0.0111244 -0.0370977
v 0.246853 0.00993788 -0.037103
v 0.23716 0.0188018 -0.0344273
v 0.23847 0.0186007 -0.0347848
v 0.240233 0.0167768 -0.0352713
v 0.237166 0.0172527 -0.0344401
v 0.241999 0.0149566 -0.0357636
v 0.237168 0.0157028 -0.034449
v 0.243764 0.0131318 -0.0362503
v 0.237169 0.0141563 -0.0344597
v 0.245527 0.0113106 -0.0367391
v 0.237177 0.0126047 -0.0344715
v 0.244372 0.00994137 -0.0364338
v 0.237179 0.0110565 -0.0344814
v 0.237181 0.00994268 -0.0344898
v 0.227467 0.0185828 -0.0318892
v 0.229025 0.018346 -0.0322968
v 0.230752 0.0165665 -0.0327613
v 0.227473 0.0170582 -0.0319002
v 0.23248 0.0147866 -0.0332258
v 0.227474 0.0155369 -0.0319094
v 0.234207 0.0130062 -0.0336904
v 0.22748 0.0140149 -0.0319218
v 0.235938 0.0112212 -0.034153
v 0.227482 0.012492 -0.0319302
v 0.234336 0.00994088 -0.0337422
v 0.227485 0.0109683 -0.0319384
v 0.227488 0.00994099 -0.031946
v 0.217751 0.0198389 -0.0294159
v 0.21789 0.0198192 -0.0294537
v 0.219577 0.0180801 -0.0298906
v 0.217756 0.0183433 -0.0294278
v 0.221269 0.0163406 -0.0303311
v 0.217761 0.016847 -0.0294394
v 0.222963 0.0145965 -0.0307697
v 0.217763 0.0153499 -0.029447
v 0.224655 0.0128563 -0.0312104
v 0.217766 0.0138562 -0.02946
v 0.226348 0.0111155 -0.0316513
v 0.217769 0.0123576 -0.029467
v 0.224121 0.00994551 -0.031094
v 0.217774 0.0108624 -0.0294794
v 0.217775 0.00994564 -0.0294853
v 0.208021 0.0195487 -0.027032
v 0.208484 0.0194855 -0.0271484
v 0.21014 0.0177862 -0.0275653
v 0.208024 0.0180813 -0.0270447
v 0.211792 0.0160864 -0.0279787
v 0.20803 0.016609 -0.027055
v 0.213449 0.0143864 -0.0283957
v 0.20803 0.0151401 -0.0270635
v 0.215105 0.0126859 -0.0288128
v 0.208034 0.0136705 -0.0270752
v 0.216761 0.0109893 -0.0292321
v 0.208039 0.0122001 -0.0270867
v 0.213681 0.00994429 -0.0284821
v 0.208041 0.010729 -0.0270943
v 0.208041 0.00994847 -0.0270998
v 0.198274 0.0192299 -0.0247297
v 0.19909 0.0191236 -0.0249243
v 0.200709 0.0174638 -0.0253178
v 0.198277 0.0177863 -0.0247414
v 0.202329 0.0158037 -0.0257114
v 0.198281 0.016342 -0.0247528
v 0.203944 0.0141475 -0.0261035
v 0.198281 0.014897 -0.0247602
v 0.205565 0.0124867 -0.0264972
v 0.198286 0.0134512 -0.0247711
v 0.207184 0.0108298 -0.026893
v 0.198291 0.0120047 -0.0247816
v 0.20292 0.00994946 -0.0258902
v 0.198293 0.0105574 -0.0247882
v 0.198295 0.00994982 -0.0247969
v 0.188507 0.0188708 -0.0225077
v 0.189718 0.0187204 -0.022783
v 0.191302 0.0171002 -0.0231533
v 0.188507 0.0174509 -0.022515
v 0.192883 0.0154838 -0.0235258
v 0.188511 0.0160302 -0.0225256
v 0.194462 0.0138671 -0.0238946
v 0.188516 0.0146088 -0.022536
v 0.196044 0.01225 -0.0242672
v 0.18852 0.0131867 -0.022546
v 0.197623 0.0106327 -0.0246362
v 0.18852 0.0117682 -0.0225543
v 0.19171 0.00995064 -0.0232949
v 0.188525 0.0103446 -0.0225638
v 0.188527 0.00994987 -0.0225695
v 0.178718 0.0198512 -0.0203484
v 0.178839 0.0198395 -0.0203766
v 0.180383 0.018263 -0.0207259
v 0.178721 0.0184553 -0.0203591
v 0.181928 0.0166863 -0.0210753
v 0.178724 0.0170587 -0.0203696
v 0.183468 0.0151135 -0.0214231
v 0.178728 0.0156615 -0.0203797
v 0.185011 0.0135403 -0.0217747
v 0.178733 0.0142636 -0.0203896
v 0.186553 0.0119628 -0.0221205
v 0.178735 0.0128692 -0.0204013
v 0.188094 0.0103891 -0.0224686
v 0.178737 0.0114699 -0.020407
v 0.179825 0.00994791 -0.0206575
v 0.17874 0.0100741 -0.0204182
v 0.178743 0.00994891 -0.0204213
v 0.178842 0.0198395 -0.0203803
v 0.168917 0.0193471 -0.0182863
v 0.16959 0.0192755 -0.0184281
v 0.171096 0.0177424 -0.0187567
v 0.16892 0.0179743 -0.0182968
v 0.172596 0.0162133 -0.0190837
v 0.168925 0.0165967 -0.0183049
v 0.174099 0.0146797 -0.0194087
v 0.168927 0.0152268 -0.018317
v 0.1756 0.0131502 -0.0197358
v 0.168931 0.0138521 -0.0183267
v 0.177101 0.0116203 -0.020063
v 0.168932 0.0124767 -0.0183324
v 0.178608 0.010086 -0.0203917
v 0.168935 0.0111049 -0.0183438
v 0.168941 0.00994725 -0.0183524
v 0.159101 0.0187563 -0.0163017
v 0.1604 0.0186353 -0.0165649
v 0.161861 0.0171498 -0.0168714
v 0.159103 0.0174062 -0.0163125
v 0.163322 0.015664 -0.0171778
v 0.159106 0.0160554 -0.016323
v 0.164785 0.0141738 -0.0174822
v 0.159111 0.0146998 -0.0163312
v 0.166246 0.0126875 -0.0177887
v 0.159114 0.0133478 -0.0163412
v 0.167708 0.0112011 -0.0180953
v 0.159116 0.0119994 -0.0163531
v 0.166628 0.00994856 -0.0178859
v 0.159117 0.0106461 -0.0163589
v 0.159118 0.00994933 -0.0163651
v 0.149264 0.0194006 -0.0143912
v 0.149862 0.0193526 -0.014508
v 0.151283 0.0179103 -0.0147941
v 0.149267 0.0180686 -0.0144011
v 0.1527 0.0164679 -0.0150765
v 0.14927 0.0167361 -0.0144108
v 0.154121 0.0150252 -0.0153626
v 0.149273 0.015403 -0.0144203
v 0.155545 0.0135781 -0.0156467
v 0.149277 0.0140692 -0.0144295
v 0.156967 0.0121351 -0.0159329
v 0.149281 0.0127348 -0.0144385
v 0.158389 0.0106918 -0.0162191
v 0.149283 0.0114041 -0.0144493
v 0.15089 0.00994739 -0.0147705
v 0.149285 0.0100727 -0.0144599
v 0.149284 0.00994699 -0.014459
v 0.139413 0.0199032 -0.0125623
v 0.139468 0.0198997 -0.0125719
v 0.140854 0.0184961 -0.0128396
v 0.139416 0.0185837 -0.0125706
v 0.142237 0.0170923 -0.0131036
v 0.139417 0.0172678 -0.0125808
v 0.143623 0.0156883 -0.0133714
v 0.139424 0.015947 -0.0125923
v 0.145004 0.0142884 -0.0136376
v 0.139426 0.0146299 -0.012602
v 0.146387 0.012884 -0.0139018
v 0.139428 0.0133122 -0.0126116
v 0.14777 0.0114794 -0.0141659
v 0.139431 0.0119939 -0.0126208
v 0.149156 0.0100789 -0.0144359
v 0.139434 0.010675 -0.0126298
v 0.139437 0.00994057 -0.0126341
v 0.129552 0.0189629 -0.0108258
v 0.130565 0.0189219 -0.011005
v 0.131918 0.0175518 -0.0112528
v 0.129553 0.0176526 -0.0108344
v 0.133274 0.0161816 -0.0115043
v 0.129557 0.0163416 -0.0108465
v 0.134627 0.0148112 -0.0117522
v 0.129559 0.0150301 -0.0108546
v 0.13598 0.0134406 -0.0120001
v 0.12956 0.013718 -0.0108625
v 0.137332 0.0120741 -0.0122501
v 0.129566 0.0124053 -0.0108738
v 0.138682 0.0107032 -0.0124944
v 0.129569 0.011092 -0.0108813
v 0.129571 0.00993453 -0.0108891
v 0.119673 0.0192748 -0.00916426
v 0.120351 0.019257 -0.00927688
v 0.121691 0.0179024 -0.00951207
v 0.119674 0.0179563 -0.00917504
v 0.123029 0.0165477 -0.00974359
v 0.119678 0.0166329 -0.00918343
v 0.124367 0.015197 -0.009981
v 0.119676 0.0153132 -0.00919004
v 0.125709 0.0138419 -0.0102163
v 0.119681 0.0139887 -0.00919798
v 0.127046 0.0124867 -0.0104479
v 0.119684 0.0126678 -0.00920783
v 0.128388 0.0111313 -0.0106832
v 0.119687 0.0113463 -0.00921744
v 0.123457 0.00993217 -0.0098617
v 0.119691 0.0100242 -0.00922681
v 0.11969 0.00992921 -0.00922789
v 0.109778 0.0196405 -0.00758196
v 0.110077 0.0196376 -0.00763124
v 0.111433 0.0182666 -0.00785533
v 0.109779 0.0182895 -0.00759244
v 0.112795 0.0168912 -0.00808104
v 0.109783 0.0169336 -0.00760053
v 0.114155 0.0155199 -0.00830889
v 0.109785 0.0155814 -0.00761054
v 0.115511 0.0141484 -0.00853308
v 0.109787 0.0142285 -0.00762029
v 0.116874 0.0127725 -0.00875882
v 0.10979 0.012875 -0.00762978
v 0.118234 0.0114007 -0.00898675
v 0.109793 0.0115209 -0.00763903
v 0.119591 0.0100288 -0.00921097
v 0.109796 0.0101661 -0.00764806
v 0.109797 0.00992089 -0.00764823
v 0.0998703 0.0189911 -0.00609042
v 0.100819 0.0189755 -0.00623458
v 0.10227 0.0175113 -0.00646266
v 0.0998766 0.0175461 -0.00610149
v 0.103725 0.0160469 -0.00669446
v 0.0998775 0.0161048 -0.00611073
v 0.105177 0.0145823 -0.00692257
v 0.0998826 0.0146627 -0.0061234
v 0.106628 0.0131175 -0.00715071
v 0.0998844 0.0132199 -0.00613209
v 0.10808 0.0116526 -0.00737886
v 0.0998867 0.0117764 -0.00614049
v 0.109536 0.0101876 -0.00761074
v 0.0998894 0.0103321 -0.00614862
v 0.0998926 0.00991453 -0.00615589
v 0.0899557 0.0191571 -0.00467997
v 0.0907725 0.0190982 -0.00479597
v 0.0924984 0.0173605 -0.00505325
v 0.0899573 0.017552 -0.00468967
v 0.0942187 0.0156269 -0.00530893
v 0.0899596 0.0159461 -0.00469901
v 0.0959451 0.0138887 -0.00556625
v 0.0899639 0.0143436 -0.0047139
v 0.097666 0.0121547 -0.00582198
v 0.0899672 0.0127359 -0.00472256
v 0.0993907 0.0104204 -0.00608149
v 0.0899689 0.0111316 -0.00473305
v 0.0899725 0.00990636 -0.0047413
v 0.0800212 0.0196521 -0.00335028
v 0.0803623 0.0195753 -0.00339437
v 0.0829156 0.0170054 -0.00375143
v 0.0800276 0.0176438 -0.00336327
v 0.0854732 0.014435 -0.00411223
v 0.080029 0.0156384 -0.00337417
v 0.0880254 0.0118685 -0.00447152
v 0.0800349 0.0136316 -0.00338828
v 0.087824 0.00990476 -0.00445277
v 0.0800358 0.0116277 -0.00340028
v 0.0800418 0.00990123 -0.00341408
v 0.0700997 0.00989559 -0.0021682
v 0.0723652 0.00989702 -0.00245057
v 0.0700947 0.0116738 -0.00215737
v 0.0700906 0.0144823 -0.00213923
v 0.0759537 0.00989801 -0.00290012
v 0.0700839 0.0172969 -0.00212435
v 0.0795424 0.00990058 -0.00335139
v 0.0601439 0.00989427 -0.0010059
v 0.0604834 0.00989349 -0.0010452
v 0.0601431 0.0106548 -0.00100234
v 0.0601322 0.0155972 -0.000974511
v 0.0626845 0.00989705 -0.00130494
v 0.0606291 0.019408 -0.0010112
v 0.0648864 0.00989686 -0.00156177
v 0.0646291 0.0153905 -0.00149994
v 0.067087 0.00989729 -0.00181785
v 0.0686242 0.0113763 -0.00198716
v 0.0692863 0.0098983 -0.00207319
v 0.0501789 0.00989797 6.91303e-05
v 0.0510461 0.00989828 -2.56867e-05
v 0.0501644 0.0178657 0.000111329
v 0.0514047 0.0186683 -2.09587e-05
v 0.0523751 0.00989847 -0.000169709
v 0.0528984 0.0171674 -0.000188135
v 0.0537057 0.00989452 -0.000311317
v 0.054396 0.0156663 -0.00035908
v 0.0550338 0.00989516 -0.000454793
v 0.05589 0.014165 -0.000526313
v 0.0563612 0.00989597 -0.000598051
v 0.0573842 0.0126637 -0.000693506
v 0.0576921 0.00989707 -0.000744739
v 0.05888 0.0111665 -0.000866688
v 0.0590208 0.00989404 -0.000885257
v 0.0402069 0.00990291 0.00105895
v 0.0408294 0.00990102 0.000999807
v 0.0402039 0.0124039 0.00106873
v 0.0401918 0.0168956 0.00109091
v 0.041953 0.0099004 0.000885047
v 0.0406747 0.0194301 0.00105464
v 0.0430723 0.00989987 0.000774196
v 0.0421703 0.0179307 0.000898702
v 0.0441914 0.00989958 0.000663588
v 0.0436721 0.0164269 0.000741187
v 0.0453101 0.00989941 0.000553144
v 0.045168 0.0149273 0.000585225
v 0.0464323 0.00989941 0.000439122
v 0.0466662 0.0134232 0.000431421
v 0.0475503 0.00989958 0.000329059
v 0.0481624 0.0119233 0.000275462
v 0.048668 0.00989987 0.000219158
v 0.0496609 0.010419 0.000121633
v 0.0497912 0.00989601 0.00010788
v 0.0302224 0.0099141 0.00196516
v 0.0302593 0.00991535 0.00195886
v 0.0302254 0.0100231 0.00196448
v 0.0302168 0.0130389 0.00197584
v 0.0312125 0.00991199 0.00187423
v 0.030214 0.0160516 0.00198461
v 0.0321633 0.00991308 0.00178753
v 0.0302071 0.0190656 0.00199611
v 0.033116 0.00990994 0.00170317
v 0.0312025 0.0189314 0.00190372
v 0.0340701 0.00991129 0.00161299
v 0.0325964 0.0175322 0.00177414
v 0.0350223 0.00990839 0.00152888
v 0.0339963 0.0161286 0.00164297
v 0.0359743 0.00990561 0.00144492
v 0.0353942 0.0147293 0.00150959
v 0.0369275 0.00990726 0.00135509
v 0.0367943 0.0133255 0.00137838
v 0.037879 0.00990475 0.00127142
v 0.0381886 0.011926 0.00124879
v 0.038834 0.0099023 0.00118406
v 0.0395889 0.010522 0.00111756
v 0.0397827 0.00990431 0.00109842
v 0.0202327 0.00993156 0.00277964
v 0.0206094 0.00993008 0.00274892
v 0.0202318 0.0104085 0.00278061
v 0.0202295 0.0111718 0.00278404
v 0.0212101 0.00992803 0.00270231
v 0.0202273 0.0119349 0.00278756
v 0.0218146 0.00992604 0.00265197
v 0.020227 0.0127022 0.00278521
v 0.0224129 0.00992841 0.00260325
v 0.0202251 0.013465 0.00278888
v 0.0230172 0.00992655 0.00255305
v 0.0202233 0.0142275 0.0027926
v 0.0236214 0.0099247 0.00250287
v 0.0202194 0.0149941 0.00279423
v 0.0242216 0.00992284 0.00245648
v 0.0202217 0.0157563 0.00279433
v 0.0248256 0.00992111 0.00240643
v 0.0202181 0.0165226 0.00279611
v 0.0254272 0.00992375 0.00235421
v 0.0202168 0.0172843 0.00280013
v 0.0260272 0.00992209 0.00230802
v 0.0202135 0.0180502 0.00280208
v 0.0266309 0.0099205 0.00225812
v 0.0202141 0.0188159 0.00280029
v 0.0272344 0.0099189 0.00220823
v 0.020211 0.0195814 0.00280237
v 0.0278379 0.00991741 0.00215844
v 0.0217088 0.0184432 0.00267964
v 0.0284412 0.00991591 0.00210866
v 0.0245846 0.0155632 0.00243746
v 0.0290406 0.00991445 0.0020627
v 0.0274548 0.0126872 0.00219685
v 0.0296438 0.00991309 0.00201305
v 0.0102302 0.00994986 0.00351067
v 0.0102368 0.00995186 0.00350853
v 0.0102297 0.00996138 0.00350857
v 0.0102282 0.0102601 0.00350879
v 0.0104759 0.00994989 0.0034896
v 0.0102291 0.0105544 0.00351126
v 0.010709 0.00995232 0.00347232
v 0.0102315 0.010853 0.00350772
v 0.0109443 0.00995035 0.0034572
v 0.0102302 0.0111517 0.00350803
v 0.0111833 0.00994837 0.00343828
v 0.0102288 0.0114502 0.00350831
v 0.0114164 0.00995081 0.003421
v 0.0102297 0.0117444 0.00351078
v 0.0116516 0.00994887 0.00340592
v 0.0102284 0.0120429 0.00351111
v 0.0118906 0.00994693 0.00338703
v 0.0102271 0.0123414 0.00351145
v 0.0121237 0.00994939 0.00336979
v 0.0102259 0.0126399 0.00351178
v 0.0123589 0.00994749 0.00335473
v 0.0102247 0.0129383 0.00351214
v 0.0125978 0.00994554 0.00333585
v 0.0102235 0.0132367 0.00351251
v 0.0128308 0.00994805 0.00331864
v 0.0102244 0.0135307 0.00351506
v 0.0130698 0.00994617 0.00329982
v 0.0102271 0.0138291 0.00351165
v 0.0133048 0.00994426 0.00328477
v 0.0102259 0.0141274 0.00351207
v 0.0135399 0.00994235 0.00326972
v 0.0102248 0.0144257 0.00351245
v 0.0137766 0.00994486 0.00324872
v 0.0102237 0.0147239 0.00351287
v 0.0140117 0.00994301 0.00323373
v 0.0102225 0.0150222 0.00351328
v 0.0142468 0.00994117 0.00321874
v 0.0102215 0.0153204 0.00351373
v 0.0144834 0.00994367 0.00319775
v 0.0102226 0.0156141 0.00351636
v 0.0147185 0.00994183 0.00318276
v 0.0102216 0.0159123 0.00351685
v 0.0149573 0.00993999 0.00316399
v 0.0102205 0.0162104 0.0035173
v 0.0151901 0.00994255 0.00314684
v 0.0102195 0.0165085 0.00351779
v 0.0154251 0.00994075 0.00313189
v 0.0102186 0.0168065 0.00351829
v 0.0156639 0.0099389 0.00311312
v 0.0102176 0.0171045 0.00351878
v 0.0158967 0.0099415 0.00309601
v 0.0102205 0.0174025 0.00351554
v 0.0161353 0.00993966 0.00307724
v 0.0102195 0.0177005 0.00351604
v 0.0163703 0.00993789 0.00306233
v 0.0102186 0.0179984 0.00351659
v 0.0166052 0.00993611 0.00304741
v 0.0102177 0.0182963 0.00351714
v 0.0168417 0.00993871 0.00302652
v 0.0102168 0.0185941 0.00351769
v 0.0170766 0.00993693 0.0030116
v 0.010216 0.018892 0.00351829
v 0.0173152 0.00993516 0.0029929
v 0.0102152 0.0191898 0.00351887
v 0.0175479 0.00993779 0.00297583
v 0.0102144 0.0194876 0.00351947
v 0.0177865 0.00993605 0.00295716
v 0.0102135 0.0197853 0.00352005
v 0.0180214 0.00993431 0.00294228
v 0.0106549 0.0195261 0.00348827
v 0.0182562 0.0099326 0.00292743
v 0.0117981 0.0183807 0.00340392
v 0.0184926 0.00993523 0.00290658
v 0.0129414 0.0172352 0.00331954
v 0.0187274 0.00993352 0.00289173
v 0.0140847 0.0160897 0.00323515
v 0.0189659 0.00993181 0.00287309
v 0.015228 0.0149441 0.00315078
v 0.0192006 0.0099301 0.00285825
v 0.0163714 0.0137985 0.00306639
v 0.0194369 0.00993277 0.00283743
v 0.0175149 0.0126528 0.00298199
v 0.0196717 0.00993109 0.00282262
v 0.0186584 0.0115071 0.00289761
v 0.0199102 0.00992942 0.00280402
v 0.0198019 0.0103612 0.00281318
v 0.0201427 0.00993211 0.00278702
v 2.22862e-06 0.0199034 -2.47451e-06
v 0.000359848 0.0196421 0.000119393
v 0.0012508 0.0187647 0.000429371
v 1.50117e-06 0.019675 -1.39973e-06
v 0.00214549 0.0178874 0.000735553
v 8.19277e-07 0.0194466 -2.97604e-07
v 0.00304224 0.017006 0.00104388
v 3.98479e-06 0.0192183 -2.97e-06
v 0.0039367 0.0161291 0.00134999
v 3.25733e-06 0.0189898 -1.89506e-06
v 0.00483102 0.0152523 0.00165605
v 2.62105e-06 0.0187614 -7.65557e-07
v 0.00572743 0.0143714 0.00196429
v 1.98471e-06 0.018533 3.64069e-07
v 0.0066215 0.0134949 0.00227028
v 5.10536e-06 0.0183045 -2.33611e-06
v 0.00751763 0.0126142 0.00257842
v 4.46909e-06 0.018076 -1.20644e-06
v 0.00841365 0.0117337 0.00288653
v 1.68524e-06 0.0178519 -2.24258e-06
v 0.00930735 0.0108577 0.0031924
v 1.04871e-06 0.0176233 -1.11278e-06
v 0.0102032 0.00997753 0.00350047
v 4.26131e-06 0.0173948 -3.75919e-06
v 0.00992355 0.00995339 0.00340406
v 3.67051e-06 0.0171662 -2.60212e-06
v 0.00961155 0.00995312 0.00329429
v 3.1253e-06 0.0169377 -1.41769e-06
v 0.00929341 0.00995716 0.00318605
v 2.58002e-06 0.0167091 -2.33125e-07
v 0.00897748 0.00995689 0.00308003
v 1.94336e-06 0.0164804 8.971e-07
v 0.00866538 0.00995668 0.00297024
v 5.29392e-06 0.0162519 -1.66823e-06
v 0.00834717 0.00996082 0.00286201
v 2.55455e-06 0.0160276 -2.67761e-06
v 0.00803498 0.00996064 0.00275221
v 2.00912e-06 0.0157989 -1.49285e-06
v 0.00771897 0.0099605 0.00264621
v 1.55499e-06 0.0155703 -2.5348e-07
v 0.0074029 0.00996036 0.00254019
v 4.81492e-06 0.0153415 -2.87393e-06
v 0.00708841 0.00996463 0.00242818
v 4.36089e-06 0.0151129 -1.6345e-06
v 0.00677225 0.00996452 0.00232214
v 3.86113e-06 0.0148841 -4.22169e-07
v 0.00645996 0.00996451 0.00221235
v 1.16644e-06 0.0146597 -1.40458e-06
v 0.00614161 0.00996888 0.00210416
v 7.1213e-07 0.0144309 -1.64852e-07
v 0.00582539 0.00996887 0.00199813
v 4.11e-06 0.0142022 -2.70428e-06
v 0.005513 0.00996893 0.00188834
v 3.65581e-06 0.0139734 -1.46449e-06
v 0.00519674 0.00996898 0.00178232
v 3.24726e-06 0.0137446 -1.97306e-07
v 0.00488202 0.00997343 0.00167029
v 6.43181e-07 0.0135201 -1.12547e-06
v 0.00456572 0.00997355 0.00156428
v 4.04181e-06 0.0132912 -3.66552e-06
v 0.00425321 0.0099737 0.00145448
v 3.67892e-06 0.0130624 -2.37099e-06
v 0.00393682 0.00997386 0.00134846
v 3.31599e-06 0.0128335 -1.07631e-06
v 0.00362046 0.00997408 0.00124247
v 2.95302e-06 0.0126046 2.18509e-07
v 0.00330564 0.00997869 0.00113045
v 3.93903e-07 0.0123801 -6.82625e-07
v 0.0029892 0.00997894 0.00102445
v 3.83919e-06 0.0121511 -3.1961e-06
v 0.00267654 0.00997923 0.000914636
v 3.5219e-06 0.0119221 -1.87391e-06
v 0.00236001 0.00997952 0.000808612
v 3.20458e-06 0.0116932 -5.5158e-07
v 0.00204726 0.00997984 0.000698785
v 2.88722e-06 0.0114642 7.709e-07
v 0.00172854 0.00998462 0.000590602
v 4.18242e-06 0.0112395 -3.9125e-06
v 0.00141576 0.009985 0.000480784
v 3.91081e-06 0.0110105 -2.56279e-06
v 0.0010991 0.00998539 0.000374753
v 3.63917e-06 0.0107815 -1.21292e-06
v 0.00078252 0.00998588 0.000268781
v 3.3675e-06 0.0105524 1.37092e-07
v 0.000469679 0.00998636 0.000158978
v 8.98588e-07 0.0103277 -7.09948e-07
v 0.000152964 0.00998685 5.2962e-05
v 4.48285e-06 0.0100986 -3.14285e-06
v 2.43985e-06 0.00999001 -1.45058e-06
v 0.0102244 0.0135307 0.00351506
v 0.0102176 0.0171045 0.00351878
v 0.90287 2.55022e-05 -0.430705
v 0.91259 2.51862e-05 -0.435
v 0.895761 2.3399e-05 -0.423622
v 0.888602 2.15839e-05 -0.416576
v 0.881404 1.61599e-05 -0.409576
v 0.874157 1.49203e-05 -0.402617
v 0.866867 1.39537e-05 -0.395705
v 0.859532 1.32897e-05 -0.388834
v 0.852178 0.00413781 -0.382021
v 0.853677 0.00800498 -0.383404
v 0.852157 8.98537e-06 -0.382007
v 0.850892 0.00172872 -0.380848
v 0.850872 8.86282e-06 -0.380833
v 0.844736 8.9112e-06 -0.375226
v 0.837276 5.21012e-06 -0.36849
v 0.836342 0.00125856 -0.367657
v 0.836467 5.39498e-06 -0.367769
v 0.82977 5.844e-06 -0.361801
v 0.827674 0.00281144 -0.359953
v 0.828347 4.21478e-06 -0.360547
v 0.822224 3.01174e-06 -0.355155
v 0.814635 4.73804e-06 -0.348557
v 0.816535 2.50985e-06 -0.350207
v 0.814658 0.00325098 -0.348574
v 0.821444 0.00103989 -0.354475
v 0.822045 2.57124e-06 -0.354999
v 0.807079 0.00870351 -0.34206
v 0.810091 0.00603092 -0.344648
v 0.810375 3.25698e-06 -0.344898
v 0.807032 0.00296808 -0.342021
v 0.807005 3.32153e-06 -0.342003
v 0.799391 0.00612439 -0.335539
v 0.804012 0.00395366 -0.339458
v 0.801952 2.39324e-06 -0.337715
v 0.799347 0.00122418 -0.335503
v 0.799337 -9.45452e-07 -0.335494
v 0.791702 0.00765814 -0.329091
v 0.793889 0.00715819 -0.330924
v 0.798248 0.00142965 -0.334581
v 0.791654 0.00294014 -0.329054
v 0.791628 -6.02468e-08 -0.329035
v 0.783958 0.00786781 -0.32268
v 0.785668 0.00779826 -0.324097
v 0.78934 0.00299028 -0.327136
v 0.78391 0.0032163 -0.322643
v 0.78388 -1.74544e-06 -0.32262
v 0.776164 0.00682413 -0.316303
v 0.778403 0.00712873 -0.318136
v 0.78164 0.00291379 -0.320786
v 0.776117 0.00216293 -0.316268
v 0.776093 -5.88576e-06 -0.316249
v 0.774658 0.00185327 -0.315091
v 0.769674 -7.10259e-06 -0.311065
v 0.768263 -4.70583e-06 -0.309927
v 0.768315 0.00462791 -0.309965
v 0.771583 0.0058425 -0.312603
v 0.768375 0.00978499 -0.310009
v 0.768505 0.00983431 -0.310115
v 0.765209 0.00393907 -0.307486
v 0.761031 -8.03347e-06 -0.304156
v 0.760401 -9.96803e-06 -0.303652
v 0.760484 0.00708303 -0.303716
v 0.761806 0.00833446 -0.30477
v 0.756095 0.00552779 -0.300255
v 0.753865 -9.17662e-06 -0.298505
v 0.752495 -9.92147e-06 -0.297425
v 0.745734 0.00865018 -0.292159
v 0.744637 -1.37565e-05 -0.291311
v 0.744553 -1.25554e-05 -0.291247
v 0.736572 -1.38218e-05 -0.285117
v 0.728679 0.00887247 -0.279124
v 0.729105 0.00946982 -0.279447
v 0.728554 -1.76246e-05 -0.279036
v 0.72704 0.00189674 -0.277903
v 0.726404 -1.54227e-05 -0.277429
v 0.720496 -1.5959e-05 -0.273007
v 0.715131 0.00674098 -0.269035
v 0.713359 -1.93508e-05 -0.267732
v 0.712403 -2.05473e-05 -0.267024
v 0.704336 0.00409649 -0.261137
v 0.705453 0.00869916 -0.261945
v 0.704272 -1.94689e-05 -0.261096
v 0.703602 0.000817786 -0.260611
v 0.703416 -2.09418e-05 -0.260478
v 0.696105 -2.443e-05 -0.255213
v 0.696241 0.00845341 -0.255302
v 0.696508 0.0096807 -0.255492
v 0.694799 0.00160466 -0.254284
v 0.694543 -2.15329e-05 -0.254106
v 0.687899 -2.36438e-05 -0.249384
v 0.686588 0.00160539 -0.248464
v 0.686482 -2.27471e-05 -0.248392
v 0.679661 -2.48065e-05 -0.243608
v 0.671386 -2.7907e-05 -0.237882
v 0.671962 -2.87847e-05 -0.238279
v 0.671496 0.00633238 -0.237948
v 0.67895 0.000851165 -0.243114
v 0.679016 -2.75209e-05 -0.243159
v 0.663072 -2.89938e-05 -0.232206
v 0.665176 -2.79069e-05 -0.233642
v 0.663207 0.00726896 -0.232286
v 0.654728 -3.19021e-05 -0.226586
v 0.658088 -3.08327e-05 -0.228849
v 0.654856 0.00683348 -0.22666
v 0.646343 -3.2749e-05 -0.221016
v 0.650067 -2.9848e-05 -0.223492
v 0.646459 0.00601119 -0.221083
v 0.637926 -3.55097e-05 -0.215502
v 0.639904 -3.4517e-05 -0.216798
v 0.637991 0.0032387 -0.215541
v 0.629474 -3.62655e-05 -0.210044
v 0.625224 0.00509816 -0.207325
v 0.626817 -3.67819e-05 -0.208353
v 0.620989 -3.89682e-05 -0.204641
v 0.612464 -3.9573e-05 -0.19929
v 0.614945 -3.85428e-05 -0.200848
v 0.612637 0.00823276 -0.19938
v 0.603908 -4.20081e-05 -0.193998
v 0.604257 -3.91335e-05 -0.194216
v 0.603932 0.000978204 -0.194011
v 0.595318 -4.22514e-05 -0.188764
v 0.59359 0.00201754 -0.18772
v 0.594586 -4.08344e-05 -0.188326
v 0.586696 -4.41478e-05 -0.183587
v 0.583277 0.0040141 -0.181553
v 0.585567 -4.50146e-05 -0.182918
v 0.578038 -4.36972e-05 -0.178468
v 0.572925 0.00600017 -0.175469
v 0.576814 -4.61542e-05 -0.177754
v 0.569347 -4.46911e-05 -0.173406
v 0.561569 0.00911764 -0.168912
v 0.568126 -4.61495e-05 -0.172706
v 0.560624 -4.71338e-05 -0.168404
v 0.55187 -5.09394e-05 -0.163461
v 0.559468 -4.59223e-05 -0.167752
v 0.552085 0.00936701 -0.16355
v 0.543079 -5.19705e-05 -0.158575
v 0.550839 -4.97004e-05 -0.162888
v 0.543286 0.00882427 -0.158657
v 0.53426 -5.01579e-05 -0.153757
v 0.542241 -5.14829e-05 -0.158117
v 0.534458 0.00844201 -0.153831
v 0.525405 -5.34013e-05 -0.148992
v 0.533678 -5.05994e-05 -0.153443
v 0.525605 0.00817609 -0.149066
v 0.516522 -5.35575e-05 -0.144294
v 0.51665 -5.26308e-05 -0.144362
v 0.516523 6.86946e-05 -0.144295
v 0.516716 0.0080043 -0.144362
v 0.525151 -5.47084e-05 -0.148856
v 0.507798 0.00790437 -0.139722
v 0.51607 0.000468894 -0.144056
v 0.508175 -5.68572e-05 -0.13995
v 0.507617 0.000444995 -0.139658
v 0.507604 -5.45342e-05 -0.139654
v 0.498855 0.00785496 -0.135145
v 0.506008 0.00178264 -0.138829
v 0.499715 -5.54601e-05 -0.13562
v 0.498681 0.000824297 -0.135089
v 0.498658 -5.61825e-05 -0.13508
v 0.489879 0.00784635 -0.13063
v 0.496188 0.00277784 -0.133826
v 0.491264 -5.73673e-05 -0.131363
v 0.489712 0.00119222 -0.130579
v 0.48968 -5.83227e-05 -0.130566
v 0.496175 0.0099548 -0.133786
v 0.480869 0.00786708 -0.126178
v 0.486511 0.00356798 -0.128986
v 0.48282 -5.90544e-05 -0.12718
v 0.480714 0.00154796 -0.126134
v 0.480674 -5.6842e-05 -0.126122
v 0.471834 0.00790688 -0.121792
v 0.476916 0.00422369 -0.124277
v 0.47437 -5.69198e-05 -0.123063
v 0.471684 0.00189105 -0.121751
v 0.471637 -5.96011e-05 -0.121737
v 0.462769 0.0079645 -0.117472
v 0.467373 0.00478174 -0.119682
v 0.46592 -5.92574e-05 -0.119013
v 0.462626 0.00221766 -0.117432
v 0.462567 -5.8427e-05 -0.117417
v 0.453673 0.00803466 -0.113215
v 0.457859 0.00526771 -0.115186
v 0.457464 -6.21991e-05 -0.115028
v 0.453536 0.00253607 -0.11318
v 0.453472 -6.1138e-05 -0.113164
v 0.44455 0.0081119 -0.109026
v 0.448368 0.00569697 -0.110791
v 0.449 -6.18893e-05 -0.11111
v 0.444419 0.00283806 -0.108995
v 0.444343 -5.95693e-05 -0.108975
v 0.435398 0.00819617 -0.104903
v 0.438883 0.00608043 -0.106482
v 0.440529 -6.23012e-05 -0.107257
v 0.435271 0.0031287 -0.104873
v 0.435188 -6.15582e-05 -0.104852
v 0.426218 0.00828742 -0.100847
v 0.429397 0.0064327 -0.10226
v 0.432048 -6.31312e-05 -0.103465
v 0.426096 0.00340849 -0.100819
v 0.426007 -6.30026e-05 -0.100799
v 0.417007 0.00838074 -0.0968541
v 0.419907 0.00675483 -0.0981203
v 0.423559 -6.4381e-05 -0.0997387
v 0.416891 0.00367747 -0.0968316
v 0.416796 -6.35934e-05 -0.0968121
v 0.407773 0.00847597 -0.0929339
v 0.410413 0.00704799 -0.0940619
v 0.415059 -6.60214e-05 -0.0960737
v 0.407658 0.00393605 -0.0929109
v 0.407555 -6.32043e-05 -0.0928921
v 0.398509 0.00857257 -0.0890802
v 0.400908 0.00732092 -0.0900847
v 0.406546 -6.40179e-05 -0.0924723
v 0.398398 0.0041841 -0.0890603
v 0.39829 -6.57185e-05 -0.0890399
v 0.389214 0.00866581 -0.0852918
v 0.391394 0.00756986 -0.0861862
v 0.398022 -6.68395e-05 -0.0889309
v 0.389109 0.00441721 -0.0852745
v 0.389477 -6.85694e-05 -0.0854519
v 0.389003 0.000170389 -0.0852583
v 0.388996 -6.68238e-05 -0.0852574
v 0.379896 0.00875546 -0.0815758
v 0.381876 0.00779526 -0.0823731
v 0.388619 0.000349025 -0.0851026
v 0.379796 0.00463969 -0.0815625
v 0.380911 -6.87711e-05 -0.0820352
v 0.379691 0.000526074 -0.0815469
v 0.379677 -7.04131e-05 -0.0815425
v 0.370554 0.00884156 -0.0779323
v 0.372349 0.00799795 -0.0786376
v 0.378755 0.000946268 -0.0811775
v 0.370453 0.00484768 -0.0779149
v 0.372327 -7.07546e-05 -0.0786779
v 0.370354 0.000856357 -0.0779024
v 0.37033 -6.80697e-05 -0.0779026
v 0.361185 0.00891985 -0.074356
v 0.362816 0.00817834 -0.0749829
v 0.368912 0.00148483 -0.0773479
v 0.361087 0.00504524 -0.0743444
v 0.363717 -7.10828e-05 -0.0753793
v 0.36099 0.00116944 -0.0743323
v 0.360959 -7.18085e-05 -0.074328
v 0.351786 0.00899454 -0.0708488
v 0.353271 0.00834104 -0.071407
v 0.359095 0.0019702 -0.0736215
v 0.351694 0.00522884 -0.0708413
v 0.355082 -7.38183e-05 -0.0721374
v 0.351598 0.00146219 -0.0708301
v 0.351562 -7.32038e-05 -0.0708261
v 0.342364 0.00906576 -0.0674177
v 0.343718 0.00848673 -0.067913
v 0.349291 0.00240414 -0.0699826
v 0.342272 0.00539861 -0.0674056
v 0.346418 -7.50201e-05 -0.0689509
v 0.342183 0.00173493 -0.067399
v 0.342139 -7.19649e-05 -0.0673969
v 0.332915 0.00912523 -0.0640518
v 0.334158 0.00861165 -0.0644984
v 0.339501 0.00279595 -0.0664378
v 0.332827 0.00555889 -0.0640463
v 0.337729 -7.5086e-05 -0.0658272
v 0.332742 0.00198803 -0.0640388
v 0.332693 -7.60937e-05 -0.0640362
v 0.323446 0.00918136 -0.0607657
v 0.324584 0.00872452 -0.0611637
v 0.32972 0.00315087 -0.0629845
v 0.323363 0.00570165 -0.0607592
v 0.329008 -7.43223e-05 -0.0627597
v 0.323278 0.00222593 -0.0607548
v 0.323223 -7.70279e-05 -0.0607515
v 0.313952 0.00922601 -0.0575482
v 0.315003 0.00881764 -0.0579077
v 0.319947 0.00346571 -0.0596165
v 0.31387 0.00583561 -0.0575444
v 0.320255 -7.71307e-05 -0.0597465
v 0.313788 0.00244529 -0.0575408
v 0.313728 -7.86629e-05 -0.0575371
v 0.304431 0.00926311 -0.0544017
v 0.305416 0.00889119 -0.0547305
v 0.310181 0.00374968 -0.0563404
v 0.304351 0.00595638 -0.0544002
v 0.311469 -7.94901e-05 -0.05679
v 0.304273 0.00264575 -0.054397
v 0.304209 -7.65845e-05 -0.0543986
v 0.294888 0.00929231 -0.0513337
v 0.295823 0.00894946 -0.0516376
v 0.300421 0.00399898 -0.0531506
v 0.294813 0.00605985 -0.0513317
v 0.302644 -7.85123e-05 -0.0538933
v 0.294736 0.00283197 -0.0513323
v 0.29467 -7.87787e-05 -0.0513318
v 0.285322 0.00930967 -0.0483385
v 0.286222 0.0089888 -0.0486232
v 0.290668 0.00421451 -0.0500463
v 0.285251 0.00615014 -0.0483376
v 0.293782 -7.84824e-05 -0.0510547
v 0.285177 0.00299542 -0.0483393
v 0.285107 -8.08346e-05 -0.0483388
v 0.275734 0.00931066 -0.0454145
v 0.27662 0.00900522 -0.0456887
v 0.280919 0.00440076 -0.0470293
v 0.275663 0.00622732 -0.0454179
v 0.284868 -7.68544e-05 -0.0482668
v 0.275594 0.00314061 -0.0454198
v 0.275912 -7.94753e-05 -0.0455399
v 0.275525 5.47262e-05 -0.0454224
v 0.275519 -7.8311e-05 -0.0454215
v 0.266121 0.00930314 -0.04257
v 0.267015 0.0089989 -0.0428341
v 0.271178 0.00455831 -0.0441028
v 0.266056 0.00628228 -0.0425728
v 0.275338 0.000114526 -0.045365
v 0.265989 0.00326656 -0.0425784
v 0.266887 -7.70844e-05 -0.0428688
v 0.26592 0.000247644 -0.042579
v 0.265914 -7.92619e-05 -0.0425794
v 0.256489 0.00927384 -0.0397996
v 0.257415 0.0089698 -0.0400669
v 0.261445 0.00467879 -0.0412594
v 0.256428 0.00631904 -0.0398047
v 0.265479 0.000384932 -0.0424524
v 0.25636 0.00336944 -0.0398091
v 0.2578 -7.68007e-05 -0.0402481
v 0.256294 0.00041684 -0.0398122
v 0.256284 -7.91548e-05 -0.039811
v 0.24684 0.00922196 -0.0371076
v 0.247823 0.00890976 -0.0373828
v 0.251728 0.00476287 -0.0385056
v 0.246776 0.00633209 -0.0371127
v 0.255634 0.000613435 -0.0396252
v 0.246713 0.00344349 -0.0371186
v 0.248631 -7.56798e-05 -0.0376797
v 0.246651 0.00055195 -0.0371233
v 0.246638 -7.77314e-05 -0.0371234
v 0.237163 0.00914636 -0.034488
v 0.238242 0.00881858 -0.0347859
v 0.242029 0.00480615 -0.0358398
v 0.237104 0.00631699 -0.0344951
v 0.245816 0.000795461 -0.0368963
v 0.237044 0.00348896 -0.0345031
v 0.239374 -7.46349e-05 -0.0351606
v 0.236982 0.000658132 -0.0345063
v 0.236967 -7.46361e-05 -0.0345094
v 0.22747 0.00904121 -0.0319509
v 0.228679 0.00868376 -0.0322699
v 0.232346 0.00480903 -0.0332617
v 0.22741 0.00627134 -0.0319575
v 0.236016 0.000932102 -0.034254
v 0.227352 0.00349877 -0.031963
v 0.229995 -7.35539e-05 -0.0326839
v 0.227297 0.000727716 -0.0319731
v 0.227281 -7.38645e-05 -0.0319743
v 0.217754 0.0088954 -0.0294875
v 0.219147 0.0084962 -0.0298422
v 0.2227 0.00475402 -0.0307746
v 0.217699 0.00618072 -0.0294954
v 0.226254 0.0010099 -0.0317074
v 0.217644 0.00346767 -0.0295044
v 0.220476 -6.96244e-05 -0.0302512
v 0.217588 0.000756241 -0.0295145
v 0.217573 -7.09405e-05 -0.0295165
v 0.208019 0.00870189 -0.0271052
v 0.209654 0.00825567 -0.0275104
v 0.213089 0.00464136 -0.0283783
v 0.207965 0.00604163 -0.0271118
v 0.216527 0.00102946 -0.0292523
v 0.207914 0.0033831 -0.0271231
v 0.210763 -6.84758e-05 -0.0278493
v 0.207859 0.000726241 -0.0271319
v 0.207845 -6.9808e-05 -0.0271342
v 0.198267 0.00844436 -0.0248009
v 0.200211 0.00793621 -0.0252626
v 0.203532 0.00445321 -0.0260763
v 0.198216 0.00584272 -0.0248121
v 0.206852 0.000972825 -0.0268924
v 0.198162 0.00323873 -0.0248186
v 0.200803 -6.64864e-05 -0.0254719
v 0.198111 0.000636581 -0.0248299
v 0.198099 -6.59713e-05 -0.024833
v 0.188492 0.00811263 -0.0225773
v 0.190834 0.00753295 -0.0231118
v 0.194034 0.00418535 -0.0238701
v 0.188443 0.00556062 -0.0225859
v 0.197237 0.000836285 -0.0246288
v 0.188394 0.00301057 -0.0225957
v 0.190484 -6.40044e-05 -0.0231002
v 0.188349 0.00045827 -0.0226082
v 0.188339 -6.76769e-05 -0.022609
v 0.178701 0.00767488 -0.0204309
v 0.181544 0.00702373 -0.0210593
v 0.184623 0.00381108 -0.0217629
v 0.178651 0.0051809 -0.0204413
v 0.187704 0.000597154 -0.0224668
v 0.178608 0.00268055 -0.0204524
v 0.17965 -6.33153e-05 -0.0207055
v 0.178562 0.000186439 -0.0204668
v 0.178559 -6.61343e-05 -0.0204664
v 0.168931 0.00956058 -0.0183535
v 0.169409 0.00945903 -0.018455
v 0.172359 0.00638663 -0.0191024
v 0.168888 0.00711349 -0.0183645
v 0.17531 0.00331308 -0.0197501
v 0.168844 0.00466858 -0.0183768
v 0.178261 0.000242687 -0.0204
v 0.168801 0.00222157 -0.0183882
v 0.168762 -6.53113e-05 -0.0184033
v 0.1591 0.00878674 -0.0163695
v 0.160482 0.00853319 -0.0166537
v 0.163302 0.00560372 -0.0172479
v 0.15906 0.00639181 -0.0163854
v 0.166122 0.00267327 -0.0178423
v 0.159018 0.00399492 -0.0163968
v 0.167937 -6.70824e-05 -0.0182355
v 0.158977 0.00159602 -0.0164075
v 0.15895 -6.91749e-05 -0.0164176
v 0.149249 0.00781855 -0.0144719
v 0.151717 0.00742691 -0.0149525
v 0.154402 0.00464426 -0.0154962
v 0.149213 0.00546648 -0.0144856
v 0.157085 0.00186505 -0.0160421
v 0.149171 0.00311674 -0.014497
v 0.154408 -6.87917e-05 -0.0155398
v 0.149135 0.000765104 -0.0145112
v 0.149121 -6.90067e-05 -0.0145175
v 0.13942 0.00891279 -0.0126421
v 0.140568 0.00877176 -0.0128547
v 0.143116 0.0061361 -0.0133486
v 0.139384 0.00659233 -0.0126539
v 0.145665 0.00349974 -0.0138425
v 0.139345 0.00427858 -0.0126692
v 0.148213 0.000866892 -0.0143386
v 0.13931 0.0019587 -0.0126816
v 0.139277 -7.29334e-05 -0.0126951
v 0.129565 0.00966693 -0.0108919
v 0.129856 0.00964153 -0.0109431
v 0.132288 0.00713394 -0.0113951
v 0.129531 0.00737509 -0.0109077
v 0.134715 0.00462994 -0.0118457
v 0.129497 0.00508147 -0.0109228
v 0.137143 0.00212535 -0.0122964
v 0.129461 0.00278601 -0.0109335
v 0.136036 -7.65723e-05 -0.0121223
v 0.129428 0.000492983 -0.0109493
v 0.129421 -8.07215e-05 -0.0109542
v 0.119659 0.00778253 -0.00924188
v 0.12185 0.00770857 -0.00961273
v 0.12418 0.00530954 -0.0100236
v 0.119625 0.00546802 -0.00925644
v 0.126508 0.0029142 -0.0104368
v 0.119592 0.00315163 -0.00927029
v 0.128837 0.000518381 -0.0108499
v 0.119562 0.0008377 -0.00928923
v 0.119546 -8.77195e-05 -0.00929347
v 0.109769 0.0079753 -0.00766189
v 0.111693 0.00797737 -0.00797082
v 0.114002 0.00560465 -0.0083589
v 0.109739 0.00560152 -0.00768072
v 0.11631 0.0032357 -0.00874919
v 0.109706 0.00322578 -0.00769506
v 0.118621 0.000861965 -0.00913739
v 0.109672 0.000852418 -0.00771077
v 0.109663 -9.76015e-05 -0.00771804
v 0.0998663 0.00807611 -0.00616609
v 0.101578 0.0081879 -0.00642622
v 0.103955 0.00575029 -0.00680507
v 0.0998337 0.00548398 -0.00618542
v 0.106333 0.0033122 -0.00718395
v 0.0998027 0.00288955 -0.00620385
v 0.10871 0.000877831 -0.00756509
v 0.0997671 0.000297085 -0.0062198
v 0.0997619 -0.000105463 -0.00622257
v 0.0899649 0.0091811 -0.00474699
v 0.0906569 0.00920582 -0.00484438
v 0.0935429 0.00625743 -0.00528417
v 0.0899274 0.00612955 -0.00476813
v 0.0964281 0.00330402 -0.00571816
v 0.0898897 0.00307911 -0.00479016
v 0.099312 0.000354277 -0.00615434
v 0.089854 2.54476e-05 -0.00481097
v 0.0898533 -0.000114888 -0.00481221
v 0.0800358 0.00927772 -0.00341809
v 0.0806657 0.00926083 -0.0034996
v 0.0851569 0.00468049 -0.00414413
v 0.0799825 0.00481311 -0.00344791
v 0.0896425 9.85985e-05 -0.0047813
v 0.0799312 0.000345933 -0.00347726
v 0.0799277 -0.000120877 -0.00348155
v 0.069993 -0.000122786 -0.00223806
v 0.0727957 -0.000121857 -0.00258793
v 0.0700452 0.00477754 -0.00220435
v 0.0683172 0.00158208 -0.00202847
v 0.0678104 -0.000124061 -0.00198018
v 0.064449 -0.000127813 -0.00158835
v 0.0657263 0.00421589 -0.00170321
v 0.0610786 -0.000125819 -0.00119318
v 0.0631338 0.00685365 -0.00138009
v 0.0600503 -0.000128386 -0.00107341
v 0.0601257 0.00807558 -0.00101846
v 0.0605418 0.00949089 -0.00105706
v 0.0592296 0.000704779 -0.00097791
v 0.0587842 -0.000125779 -0.000937715
v 0.0569578 -0.000124495 -0.000738513
v 0.0580438 0.00190898 -0.000840999
v 0.0551363 -0.000127162 -0.00054042
v 0.0568642 0.00310877 -0.000705664
v 0.0533119 -0.000125055 -0.000343992
v 0.0556809 0.0043085 -0.000566549
v 0.0514886 -0.000126934 -0.000144932
v 0.0544992 0.00551246 -0.000433406
v 0.0500935 -0.00012412 5.82756e-06
v 0.0500998 0.000696483 1.17807e-05
v 0.0533161 0.00671197 -0.000294339
v 0.0501304 0.00416689 3.18827e-05
v 0.052133 0.0079114 -0.000155283
v 0.0501636 0.0076332 5.3567e-05
v 0.0509517 0.0091151 -2.21444e-05
v 0.0498948 7.4952e-05 2.95234e-05
v 0.0498332 -0.000124002 3.27133e-05
v 0.048738 -0.000122869 0.000140476
v 0.0490569 0.000925079 0.00011841
v 0.0476385 -0.000121636 0.000252147
v 0.0482192 0.00177516 0.000207292
v 0.0465426 -0.000120205 0.000360259
v 0.0473815 0.00262521 0.00029617
v 0.0454484 -0.000122998 0.00047071
v 0.0465438 0.00347521 0.000385043
v 0.044348 -0.000121303 0.000582923
v 0.045704 0.00432951 0.000471736
v 0.043251 -0.000119443 0.000691547
v 0.0448626 0.00517943 0.000564373
v 0.0421537 -0.000117417 0.000800358
v 0.044025 0.0060293 0.000653232
v 0.0410583 -0.000119586 0.000911539
v 0.0431876 0.00687916 0.000742115
v 0.0401278 -0.000117657 0.0010043
v 0.0401337 0.000446883 0.0010061
v 0.0423501 0.00772895 0.000830966
v 0.0401636 0.00414414 0.00102629
v 0.0415127 0.00857869 0.000919812
v 0.0401904 0.00784112 0.00104987
v 0.0406753 0.00942842 0.00100868
v 0.0400122 -2.73006e-07 0.00101516
v 0.0399959 -0.000116851 0.00101365
v 0.0391148 -0.000115509 0.00109677
v 0.0392649 0.000758459 0.00108614
v 0.0382372 -0.0001141 0.0011762
v 0.0385117 0.00152149 0.00115868
v 0.0373593 -0.000112592 0.00125574
v 0.0377607 0.00228016 0.00123343
v 0.0364835 -0.000115316 0.0013376
v 0.0370097 0.00303876 0.00130815
v 0.0356052 -0.000113642 0.00141734
v 0.0362604 0.00380177 0.00137696
v 0.0347268 -0.000111802 0.00149725
v 0.0355096 0.00456034 0.00145171
v 0.0338481 -0.000109896 0.00157724
v 0.0347565 0.00532325 0.00152426
v 0.0329692 -0.00010789 0.00165735
v 0.0340057 0.00608176 0.001599
v 0.0320923 -0.000110153 0.00173975
v 0.0332565 0.00684461 0.00166777
v 0.031213 -0.000107948 0.00182008
v 0.0325058 0.00760306 0.0017425
v 0.0303334 -0.000105643 0.00190052
v 0.0317529 0.00836588 0.00181507
v 0.0301545 -0.000104445 0.00191567
v 0.030184 0.00424316 0.00193956
v 0.0310021 0.00912424 0.00188977
v 0.030224 0.00971066 0.00196324
v 0.0302493 0.00988699 0.00196234
v 0.020173 -8.78251e-05 0.00274618
v 0.020227 -8.56663e-05 0.00273869
v 0.0201747 5.95642e-05 0.00274538
v 0.0201797 0.00101415 0.00274617
v 0.020572 -8.71666e-05 0.00271082
v 0.0201833 0.00196404 0.00275306
v 0.0209169 -8.86666e-05 0.00268296
v 0.0201908 0.00291361 0.00275625
v 0.0212595 -8.58196e-05 0.00265288
v 0.0201963 0.00386724 0.00275736
v 0.0216043 -8.72864e-05 0.00262505
v 0.0202042 0.00481618 0.00276077
v 0.0219491 -8.87529e-05 0.00259723
v 0.0202064 0.0057692 0.00276592
v 0.0222939 -9.01861e-05 0.00256943
v 0.0202147 0.00671754 0.00276956
v 0.0226386 -9.16191e-05 0.00254164
v 0.020221 0.00766996 0.00277116
v 0.0229872 -9.30187e-05 0.00251009
v 0.0202237 0.00862206 0.00277665
v 0.0233296 -9.00734e-05 0.00248012
v 0.0202304 0.00957385 0.00277846
v 0.0236743 -9.14399e-05 0.0024524
v 0.0205702 0.00958907 0.00275149
v 0.0240189 -9.27731e-05 0.00242471
v 0.0211073 0.00904366 0.00270661
v 0.0243634 -9.41722e-05 0.00239697
v 0.0216483 0.00849824 0.00265795
v 0.024708 -9.55049e-05 0.00236929
v 0.0221833 0.00795721 0.00261091
v 0.0250525 -9.68044e-05 0.00234164
v 0.0227243 0.00741176 0.00256225
v 0.0254008 -9.81036e-05 0.0023102
v 0.0232616 0.00686632 0.00251739
v 0.025743 -9.50603e-05 0.00228034
v 0.0238025 0.00632078 0.00246867
v 0.0260874 -9.63264e-05 0.00225273
v 0.0243398 0.00577532 0.00242381
v 0.0264318 -9.75923e-05 0.00222513
v 0.024877 0.00522981 0.00237893
v 0.0267762 -9.87919e-05 0.00219758
v 0.0254182 0.00468435 0.00233031
v 0.0271242 -0.000100057 0.00216619
v 0.0259532 0.00414315 0.00228322
v 0.0274685 -0.000101257 0.00213865
v 0.0264943 0.00359763 0.00223457
v 0.0278128 -0.000102456 0.00211112
v 0.0270317 0.0030521 0.00218971
v 0.0281569 -0.000103654 0.00208359
v 0.0275728 0.00250649 0.002141
v 0.028499 -0.000100414 0.00205393
v 0.0281101 0.00196092 0.00209614
v 0.0288469 -0.000101547 0.00202268
v 0.0286513 0.00141532 0.00204746
v 0.0291911 -0.000102679 0.00199521
v 0.0291866 0.00087413 0.00200043
v 0.0295351 -0.000103812 0.00196776
v 0.0297277 0.00032846 0.00195172
v 0.0298792 -0.000104911 0.00194033
v 0.019907 0.000182183 0.00276495
v 0.0198967 -8.49037e-05 0.00276414
v 0.0195711 -8.35115e-05 0.00278632
v 0.0195981 0.000497322 0.0027857
v 0.0192416 -8.21191e-05 0.00281229
v 0.0192853 0.000812456 0.00281024
v 0.0189181 -8.50424e-05 0.00283671
v 0.0189748 0.00112321 0.00283697
v 0.0185885 -8.36168e-05 0.00286272
v 0.0186621 0.00143833 0.00286151
v 0.0182627 -8.21578e-05 0.00288496
v 0.0183494 0.00175345 0.00288605
v 0.0179369 -8.06987e-05 0.0029072
v 0.0180367 0.00206857 0.00291059
v 0.0176073 -7.92393e-05 0.00293325
v 0.0177278 0.00238368 0.00293133
v 0.0172814 -7.77134e-05 0.00295555
v 0.0174151 0.00269879 0.00295587
v 0.016954 -8.05714e-05 0.00298385
v 0.0171024 0.0030139 0.00298041
v 0.016628 -7.90454e-05 0.00300616
v 0.0167898 0.00332903 0.00300498
v 0.0163021 -7.75191e-05 0.00302847
v 0.0164771 0.00364409 0.00302949
v 0.0159723 -7.59264e-05 0.00305465
v 0.0161682 0.00395919 0.00305023
v 0.0156463 -7.43997e-05 0.00307697
v 0.0158555 0.00427428 0.00307476
v 0.0153225 -7.71922e-05 0.00310154
v 0.0155429 0.00458939 0.00309933
v 0.0149926 -7.5599e-05 0.00312772
v 0.0152302 0.00490447 0.00312387
v 0.0146666 -7.39393e-05 0.00315016
v 0.0149176 0.00521955 0.0031484
v 0.0143404 -7.23457e-05 0.00317255
v 0.0146049 0.00553462 0.00317294
v 0.0140127 -7.50725e-05 0.003201
v 0.0142961 0.00584969 0.00319368
v 0.0136864 -7.34456e-05 0.00322342
v 0.0139834 0.00616472 0.00321819
v 0.0133602 -7.17852e-05 0.00324587
v 0.0136708 0.00647984 0.00324278
v 0.0130302 -7.00914e-05 0.00327216
v 0.0133582 0.00679486 0.00326728
v 0.0127039 -6.83974e-05 0.00329465
v 0.0130456 0.00710995 0.00329185
v 0.0123798 -7.10586e-05 0.00331936
v 0.0127329 0.00742496 0.00331635
v 0.0120535 -6.93312e-05 0.00334188
v 0.0124241 0.00774004 0.00333712
v 0.0117234 -6.75704e-05 0.00336824
v 0.0121115 0.00805507 0.00336165
v 0.0113969 -6.58425e-05 0.00339077
v 0.0118011 0.00836573 0.00338837
v 0.0110727 -6.84711e-05 0.00341552
v 0.0114885 0.00868076 0.00341291
v 0.0107463 -6.66434e-05 0.00343814
v 0.0111758 0.00899578 0.00343744
v 0.0104159 -6.49151e-05 0.00346448
v 0.010867 0.0093108 0.00345817
v 0.0101888 -6.58398e-05 0.00347969
v 0.0101955 0.00216591 0.00348671
v 0.0105544 0.00962582 0.00348271
v 0.0102325 0.00972611 0.00350644
v 0.0102418 0.00994083 0.00350724
v 0.0101003 2.08682e-05 0.00344994
v 0.00980315 -6.37757e-05 0.003506
v 0.00850287 -5.74229e-05 0.00358814
v 0.00979612 0.000320994 0.00334697
v 0.00720429 -5.52609e-05 0.00367268
v 0.00949417 0.000616812 0.00324623
v 0.00590301 -4.8503e-05 0.00375524
v 0.00919378 0.000917002 0.00313947
v 0.00460137 -4.1442e-05 0.0038381
v 0.0088918 0.00121285 0.00303872
v 0.00330138 -3.86084e-05 0.00392333
v 0.00858757 0.00151307 0.00293575
v 0.00200255 -3.11411e-05 0.0040028
v 0.00828937 0.00180895 0.00283119
v 0.000701699 -2.78038e-05 0.00408854
v 0.0079873 0.00210481 0.0027304
v 0.000178362 -2.61803e-05 0.00412346
v 0.0001746 0.000204107 0.00402808
v 0.00768687 0.00240512 0.00262363
v 0.00016784 0.000589532 0.00386853
v 0.00738477 0.00270101 0.00252284
v 0.000161082 0.000974915 0.003709
v 0.0070805 0.00300134 0.00241987
v 0.000156616 0.00135592 0.00355174
v 0.00678222 0.0032973 0.00231528
v 0.000146044 0.00174122 0.00339606
v 0.00648007 0.00359324 0.00221446
v 0.000139379 0.00212655 0.00323664
v 0.0061758 0.00389366 0.0021115
v 0.000134915 0.00250743 0.00307943
v 0.00587748 0.00418966 0.0020069
v 0.000128252 0.00289268 0.00292004
v 0.00557308 0.00449004 0.00190387
v 0.000121589 0.00327788 0.00276067
v 0.00527472 0.00478607 0.00179926
v 0.000114927 0.00366304 0.00260131
v 0.00497259 0.00508216 0.00169847
v 0.000106743 0.00404382 0.00244804
v 0.00466819 0.00538262 0.00159546
v 0.000100083 0.0044289 0.00228872
v 0.00436979 0.0056787 0.00149082
v 9.35148e-05 0.004814 0.00212947
v 0.00406756 0.0059748 0.00138999
v 8.68559e-05 0.005199 0.00197018
v 0.00376692 0.0062753 0.00128315
v 8.24422e-05 0.00557959 0.00181314
v 0.00346466 0.00657143 0.00118231
v 7.59219e-05 0.0059646 0.00165397
v 0.00316019 0.00687197 0.00107927
v 6.55441e-05 0.00634954 0.0014986
v 0.0028617 0.00716813 0.000974612
v 5.89796e-05 0.00673443 0.00133943
v 0.00255944 0.00746434 0.000873784
v 5.24158e-05 0.00711929 0.00118029
v 0.00225877 0.00776496 0.000766943
v 4.80967e-05 0.00749974 0.00102338
v 0.00195648 0.0080612 0.000666104
v 4.15799e-05 0.00788454 0.000864294
v 0.00165412 0.00835742 0.000565232
v 3.51096e-05 0.00826934 0.000705253
v 0.00135341 0.00865808 0.000458375
v 2.47374e-05 0.00865403 0.000549984
v 0.00105102 0.00895434 0.000357493
v 1.81772e-05 0.00903868 0.000390922
v 0.000752514 0.00925067 0.000252849
v 1.1755e-05 0.00942338 0.000231958
v 0.000447896 0.00955135 0.000149759
v 5.24195e-06 0.00980798 7.29574e-05
v 0.000145505 0.00984769 4.88877e-05
v 0.0300053 0.100074 0.00168048
v 0.0399759 0.100078 0.000771884
v 0.0400095 0.090059 0.000836516
v 0.030033 0.0900553 0.00173876
v 0.0300602 0.0800378 0.00177652
v 0.0200728 0.0800338 0.00257831
v 0.0200997 0.0700163 0.00259306
v 0.0101095 0.0700151 0.00329209
v 0.0101268 0.0600077 0.00330058
v 5.00935e-06 0.0599984 -0.00020095
v 3.04841e-06 0.0700039 -0.000202242
v 0.0499424 0.100079 -0.00022232
v 0.0499765 0.0900587 -0.000149121
v 0.0400395 0.0800363 0.000885633
v 0.0300867 0.0700188 0.00180039
v 0.0201206 0.0600051 0.0026016
v 0.0101504 0.0499956 0.00330673
v 5.36375e-06 0.0499973 -0.000202495
v 0.059904 0.100076 -0.00130248
v 0.0599329 0.0900592 -0.00121933
v 0.0500052 0.0800393 -9.31128e-05
v 0.0400641 0.0700202 0.000916453
v 0.0301151 0.0600004 0.0018118
v 0.020147 0.0499886 0.00260743
v 0.0101724 0.0399881 0.00331006
v 2.36217e-06 0.0399965 -0.000201017
v 0.0698495 0.100079 -0.00246481
v 0.069884 0.0900556 -0.00237579
v 0.0599688 0.0800379 -0.00116273
v 0.0500352 0.070017 -5.55171e-05
v 0.0400909 0.0599992 0.000936001
v 0.0301351 0.0499837 0.00182246
v 0.0201666 0.0399753 0.00261335
v 0.0101924 0.029976 0.00331805
v 5.61334e-06 0.029992 -0.000201972
v 0.0797829 0.100078 -0.00370524
v 0.0798224 0.0900563 -0.00361849
v 0.0699179 0.0800365 -0.0023135
v 0.0599966 0.0700178 -0.00111913
v 0.0500625 0.0599976 -3.37839e-05
v 0.0401192 0.0499786 0.000942893
v 0.0301607 0.039965 0.00182366
v 0.0201894 0.0299614 0.00261421
v 0.0102165 0.0199647 0.00332144
v 2.94923e-06 0.0199926 -0.000202294
v 0.0897097 0.100077 -0.00503267
v 0.0897466 0.0900567 -0.0049415
v 0.0798537 0.0800387 -0.0035513
v 0.0699465 0.0700179 -0.00226836
v 0.0600262 0.0599952 -0.00109365
v 0.0500895 0.0499773 -2.56983e-05
v 0.0401447 0.0399585 0.000940454
v 0.0301838 0.0299474 0.00181555
v 0.0202099 0.0199436 0.00260671
v 0.0102302 0.00994986 0.00331067
v 2.43985e-06 0.00999001 -0.000201451
v 0.0996211 0.100074 -0.00644062
v 0.0996608 0.0900601 -0.00635464
v 0.0897828 0.0800406 -0.00487695
v 0.0798893 0.0700174 -0.00350628
v 0.0699767 0.0599965 -0.00224134
v 0.0600527 0.0499754 -0.00108422
v 0.0501167 0.0399567 -3.10158e-05
v 0.0401655 0.0299435 0.000926612
v 0.0302044 0.0199313 0.0017981
v 0.0202327 0.00993156 0.00257964
v 0.0101888 -6.58398e-05 0.00327969
v 0.000178362 -2.61803e-05 0.00392346
v 0.10952 0.100076 -0.00793379
v 0.109563 0.0900583 -0.00784566
v 0.0996965 0.0800407 -0.00628378
v 0.0898154 0.0700201 -0.00482745
v 0.0799199 0.0599968 -0.00347821
v 0.0700065 0.049977 -0.00223462
v 0.060078 0.0399542 -0.00108898
v 0.0501395 0.0299354 -4.66824e-05
v 0.0401874 0.0199238 0.000900459
v 0.0302224 0.0099141 0.00176516
v 0.020173 -8.78251e-05 0.00254618
v 0.119408 0.100076 -0.00951016
v 0.119449 0.0900594 -0.00941855
v 0.1096 0.0800398 -0.00777447
v 0.0997304 0.0700212 -0.00623354
v 0.0898468 0.0600003 -0.00479847
v 0.0799462 0.0499777 -0.0034668
v 0.070031 0.0399556 -0.00223857
v 0.0601038 0.0299361 -0.0011139
v 0.0501588 0.0199176 -7.90709e-05
v 0.0402069 0.00990291 0.000858947
v 0.0301545 -0.000104445 0.00171567
v 0.129283 0.100075 -0.011166
v 0.129324 0.0900586 -0.011075
v 0.11949 0.0800413 -0.00935117
v 0.109633 0.070025 -0.0077261
v 0.0997641 0.0600061 -0.00620976
v 0.089877 0.0499814 -0.00479009
v 0.0799716 0.0399603 -0.00347598
v 0.0700549 0.0299364 -0.00226318
v 0.0601236 0.0199162 -0.00115017
v 0.0501789 0.00989797 -0.00013087
v 0.0401278 -0.000117657 0.000804302
v 0.13914 0.100076 -0.0129035
v 0.139186 0.0900597 -0.0128169
v 0.129365 0.080045 -0.01101
v 0.119524 0.0700269 -0.00930271
v 0.109669 0.0600061 -0.00769979
v 0.099795 0.0499875 -0.00620077
v 0.0899025 0.0399638 -0.00479865
v 0.0799984 0.0299404 -0.00350378
v 0.0700801 0.0199151 -0.00230669
v 0.0601439 0.00989427 -0.0012059
v 0.0500935 -0.00012412 -0.000194172
v 0.148987 0.100075 -0.0147238
v 0.149031 0.0900582 -0.0146349
v 0.139225 0.0800461 -0.0127491
v 0.129402 0.0700266 -0.0109598
v 0.119557 0.0600124 -0.0092748
v 0.109699 0.0499918 -0.00769257
v 0.0998208 0.0399698 -0.00620884
v 0.0899288 0.0299434 -0.00482599
v 0.0800201 0.0199223 -0.00354911
v 0.0700997 0.00989559 -0.0023682
v 0.0600503 -0.000128386 -0.00127341
v 0.158817 0.100075 -0.0166256
v 0.158862 0.090058 -0.016538
v 0.149074 0.0800445 -0.0145716
v 0.139265 0.0700318 -0.0127051
v 0.129436 0.060012 -0.0109321
v 0.119589 0.0499938 -0.00926532
v 0.109726 0.0399739 -0.00770025
v 0.0998474 0.0299489 -0.00623569
v 0.0899535 0.0199243 -0.00487464
v 0.0800418 0.00990123 -0.00361408
v 0.069993 -0.000122786 -0.00243806
v 0.16863 0.100072 -0.0186029
v 0.168678 0.0900587 -0.0185227
v 0.158904 0.0800439 -0.0164724
v 0.149112 0.0700298 -0.0145249
v 0.1393 0.060017 -0.0126778
v 0.129467 0.0499974 -0.0109248
v 0.119619 0.0399799 -0.00927864
v 0.109751 0.0299568 -0.00772891
v 0.0998701 0.0199334 -0.006286
v 0.0899725 0.00990636 -0.0049413
v 0.0799277 -0.000120877 -0.00368155
v 0.178428 0.100074 -0.020667
v 0.178474 0.09006 -0.0205851
v 0.168721 0.080044 -0.0184586
v 0.158945 0.070033 -0.0164325
v 0.149148 0.0600147 -0.0144983
v 0.139333 0.0500021 -0.0126709
v 0.129498 0.0399832 -0.0109382
v 0.119644 0.0299624 -0.00930709
v 0.109774 0.0199406 -0.00777879
v 0.0998926 0.00991453 -0.00635589
v 0.0898533 -0.000114888 -0.00501221
v 0.188209 0.100072 -0.0228065
v 0.188257 0.0900574 -0.0227268
v 0.178519 0.0800446 -0.0205228
v 0.16876 0.0700324 -0.0184164
v 0.158979 0.0600172 -0.0164033
v 0.149181 0.0500034 -0.0144941
v 0.139361 0.0399873 -0.0126809
v 0.129523 0.0299693 -0.0109687
v 0.119668 0.0199455 -0.00935671
v 0.109797 0.00992089 -0.00784823
v 0.0997619 -0.000105463 -0.00642257
v 0.197972 0.100075 -0.025029
v 0.198022 0.090059 -0.0249517
v 0.188302 0.0800453 -0.0226685
v 0.17856 0.0700322 -0.0204822
v 0.168797 0.060016 -0.0183884
v 0.159014 0.0500053 -0.0163999
v 0.149211 0.039988 -0.0145045
v 0.139388 0.0299728 -0.0127116
v 0.129548 0.0199517 -0.0110182
v 0.11969 0.00992921 -0.00942789
v 0.109663 -9.76015e-05 -0.00791804
v 0.207721 0.100073 -0.0273305
v 0.207768 0.0900602 -0.0272542
v 0.198065 0.0800459 -0.0248921
v 0.188345 0.070032 -0.0226297
v 0.178597 0.0600191 -0.0204577
v 0.168833 0.0500033 -0.018386
v 0.159045 0.0399891 -0.016411
v 0.149239 0.0299727 -0.0145356
v 0.139414 0.0199544 -0.0127611
v 0.129571 0.00993453 -0.0110891
v 0.119546 -8.77195e-05 -0.00949347
v 0.217448 0.100071 -0.0297057
v 0.217498 0.0900566 -0.0296322
v 0.207814 0.0800459 -0.027197
v 0.198107 0.0700315 -0.0248516
v 0.18838 0.0600179 -0.0226032
v 0.178632 0.0500054 -0.0204529
v 0.168865 0.0399903 -0.0184002
v 0.159073 0.0299771 -0.0164447
v 0.149265 0.0199576 -0.0145874
v 0.139437 0.00994057 -0.0128341
v 0.129421 -8.07215e-05 -0.0111542
v 0.227158 0.100071 -0.0321637
v 0.22721 0.0900562 -0.0320932
v 0.217544 0.0800452 -0.0295796
v 0.207859 0.0700303 -0.0271588
v 0.198148 0.0600162 -0.0248306
v 0.188417 0.050003 -0.0226
v 0.178665 0.0399914 -0.0204682
v 0.168891 0.0299773 -0.018431
v 0.159098 0.019961 -0.0164933
v 0.149284 0.00994699 -0.014659
v 0.139277 -7.29334e-05 -0.0128951
v 0.236849 0.100071 -0.034699
v 0.236899 0.0900586 -0.0346301
v 0.227256 0.0800434 -0.0320398
v 0.217588 0.0700283 -0.0295402
v 0.207897 0.0600179 -0.0271383
v 0.198183 0.0500043 -0.0248275
v 0.188448 0.039992 -0.022615
v 0.178694 0.0299772 -0.0205
v 0.168916 0.0199643 -0.0184823
v 0.159118 0.00994933 -0.0165651
v 0.149121 -6.90067e-05 -0.0147175
v 0.246517 0.100074 -0.03731
v 0.246572 0.0900554 -0.0372424
v 0.236944 0.0800443 -0.0345762
v 0.227297 0.0700291 -0.0320016
v 0.217629 0.0600144 -0.029522
v 0.207932 0.0500006 -0.0271314
v 0.198218 0.0399879 -0.024842
v 0.188479 0.0299767 -0.0226479
v 0.178718 0.0199631 -0.0205485
v 0.168941 0.00994725 -0.0185524
v 0.15895 -6.91749e-05 -0.0166176
v 0.256169 0.10007 -0.0399961
v 0.256219 0.0900585 -0.0399326
v 0.246618 0.0800436 -0.0371936
v 0.236988 0.0700285 -0.0345407
v 0.227337 0.0600138 -0.0319821
v 0.217665 0.0499998 -0.0295192
v 0.207968 0.0399868 -0.0271496
v 0.198246 0.0299753 -0.0248747
v 0.188505 0.0199612 -0.0226974
v 0.178743 0.00994891 -0.0206213
v 0.168762 -6.53113e-05 -0.0186033
v 0.265799 0.100073 -0.0427636
v 0.265851 0.0900555 -0.0426982
v 0.256268 0.0800409 -0.0398816
v 0.246662 0.0700262 -0.0371576
v 0.23703 0.0600157 -0.0345259
v 0.227375 0.0500018 -0.0319837
v 0.217695 0.0399888 -0.0295342
v 0.207996 0.0299728 -0.0271802
v 0.198269 0.0199626 -0.0249238
v 0.188527 0.00994987 -0.0227695
v 0.178559 -6.61343e-05 -0.0206664
v 0.275407 0.100069 -0.0455992
v 0.275461 0.0900541 -0.0455396
v 0.265898 0.0800401 -0.0426491
v 0.256314 0.0700259 -0.0398506
v 0.246704 0.0600117 -0.037142
v 0.237066 0.0499979 -0.0345206
v 0.22741 0.039985 -0.0319986
v 0.217726 0.0299732 -0.0295665
v 0.20802 0.0199628 -0.0272328
v 0.198295 0.00994982 -0.0249969
v 0.188339 -6.76769e-05 -0.022809
v 0.284993 0.100071 -0.048516
v 0.285048 0.0900541 -0.0484569
v 0.275506 0.0800409 -0.0454926
v 0.265942 0.0700274 -0.0426199
v 0.256354 0.0600137 -0.0398365
v 0.246742 0.0499963 -0.0371413
v 0.237099 0.0399836 -0.0345363
v 0.227439 0.0299719 -0.0320313
v 0.217752 0.0199574 -0.0296149
v 0.208041 0.00994847 -0.0272998
v 0.198099 -6.59713e-05 -0.025033
v 0.29456 0.10007 -0.0515066
v 0.294614 0.0900552 -0.0514501
v 0.285098 0.0800389 -0.0484137
v 0.275551 0.0700262 -0.0454634
v 0.265983 0.0600133 -0.0426052
v 0.256392 0.0499965 -0.039835
v 0.246773 0.0399843 -0.0371578
v 0.237132 0.0299688 -0.034571
v 0.227463 0.0199587 -0.0320798
v 0.217775 0.00994564 -0.0296853
v 0.207845 -6.9808e-05 -0.0273342
v 0.304101 0.100071 -0.0545695
v 0.304154 0.0900571 -0.0545158
v 0.294658 0.080042 -0.0514059
v 0.285142 0.0700263 -0.0483865
v 0.275596 0.0600102 -0.0454519
v 0.266023 0.0499983 -0.0426087
v 0.256424 0.0399827 -0.0398504
v 0.246803 0.0299677 -0.0371876
v 0.237158 0.0199579 -0.0346235
v 0.227488 0.00994099 -0.032146
v 0.217573 -7.09405e-05 -0.0297165
v 0.31362 0.100071 -0.0577082
v 0.313675 0.0900555 -0.0576555
v 0.304203 0.0800417 -0.0544756
v 0.294707 0.0700272 -0.0513824
v 0.285182 0.0600124 -0.0483734
v 0.275632 0.0499974 -0.0454533
v 0.266056 0.0399826 -0.0426233
v 0.256455 0.0299684 -0.0398846
v 0.246829 0.019955 -0.0372384
v 0.237181 0.00994268 -0.0346898
v 0.227281 -7.38645e-05 -0.0321743
v 0.323119 0.100072 -0.0609228
v 0.323171 0.0900542 -0.0608677
v 0.313724 0.0800419 -0.0576181
v 0.30425 0.0700248 -0.054449
v 0.294749 0.0600112 -0.0513693
v 0.285219 0.0499974 -0.0483745
v 0.275669 0.0399797 -0.0454708
v 0.266089 0.0299664 -0.0426564
v 0.256482 0.0199537 -0.0399341
v 0.246853 0.00993788 -0.037303
v 0.236967 -7.46361e-05 -0.0347094
v 0.332591 0.100069 -0.0642044
v 0.332645 0.090057 -0.0641581
v 0.32322 0.0800423 -0.0608332
v 0.31377 0.0700267 -0.057594
v 0.304291 0.0600106 -0.0544381
v 0.294785 0.0499982 -0.0513722
v 0.285255 0.0399817 -0.0483934
v 0.275697 0.0299655 -0.0455014
v 0.266115 0.0199539 -0.0427066
v 0.256505 0.00993884 -0.039999
v 0.246638 -7.77314e-05 -0.0373234
v 0.342038 0.100071 -0.0675606
v 0.342093 0.0900555 -0.0675156
v 0.332692 0.0800426 -0.0641211
v 0.323268 0.0700248 -0.0608098
v 0.313813 0.0600103 -0.0575834
v 0.304329 0.0499954 -0.054441
v 0.294823 0.0399804 -0.0513908
v 0.285285 0.0299655 -0.0484233
v 0.275725 0.0199509 -0.0455505
v 0.266139 0.00993699 -0.0427701
v 0.256284 -7.91548e-05 -0.040011
v 0.351464 0.100071 -0.0709928
v 0.351519 0.0900536 -0.0709459
v 0.342141 0.0800426 -0.0674818
v 0.33274 0.0700267 -0.0641005
v 0.323307 0.0600099 -0.0607982
v 0.31385 0.0499968 -0.0575884
v 0.304365 0.0399835 -0.0544633
v 0.294852 0.0299661 -0.0514221
v 0.285312 0.019953 -0.0484735
v 0.275748 0.00993616 -0.0456147
v 0.265914 -7.92619e-05 -0.0427794
v 0.360861 0.100071 -0.0744909
v 0.360916 0.090055 -0.0744477
v 0.351567 0.0800421 -0.0709155
v 0.342186 0.0700281 -0.0674608
v 0.33278 0.0600134 -0.0640915
v 0.323345 0.0499981 -0.0608054
v 0.313885 0.0399826 -0.0576071
v 0.304396 0.0299669 -0.0544941
v 0.294881 0.0199513 -0.0514714
v 0.285337 0.00993605 -0.0485365
v 0.275519 -7.8311e-05 -0.0456215
v 0.370235 0.100071 -0.0780617
v 0.370291 0.0900554 -0.0780224
v 0.360963 0.0800407 -0.0744153
v 0.351609 0.0700289 -0.0708941
v 0.342228 0.0600123 -0.0674525
v 0.33282 0.0499991 -0.0640992
v 0.323382 0.0399815 -0.0608241
v 0.313916 0.0299678 -0.0576396
v 0.304421 0.019954 -0.0545413
v 0.294902 0.00993634 -0.0515319
v 0.285107 -8.08346e-05 -0.0485388
v 0.379583 0.100069 -0.0817021
v 0.379637 0.0900547 -0.0816633
v 0.370339 0.0800423 -0.0779936
v 0.361009 0.0700288 -0.0744006
v 0.351652 0.0600145 -0.0708888
v 0.342269 0.0499996 -0.0674627
v 0.332854 0.0399841 -0.0641166
v 0.323413 0.0299684 -0.0608586
v 0.313943 0.0199525 -0.0576863
v 0.304448 0.00993678 -0.0546045
v 0.29467 -7.87787e-05 -0.0515318
v 0.388905 0.10007 -0.0854141
v 0.388959 0.0900565 -0.0853795
v 0.379686 0.0800426 -0.0816383
v 0.370385 0.0700276 -0.0779769
v 0.361052 0.0600117 -0.0743928
v 0.351692 0.0499991 -0.0708962
v 0.342303 0.039986 -0.0674825
v 0.332884 0.0299685 -0.0641475
v 0.323438 0.0199549 -0.0609033
v 0.313967 0.00993706 -0.0577472
v 0.304209 -7.65845e-05 -0.0545986
v 0.398201 0.100069 -0.0891958
v 0.398254 0.0900568 -0.089162
v 0.389008 0.0800414 -0.0853529
v 0.379729 0.070029 -0.0816216
v 0.370426 0.0600156 -0.0779743
v 0.361093 0.0499975 -0.0744031
v 0.351725 0.0399828 -0.0709129
v 0.342333 0.0299678 -0.06751
v 0.332915 0.0199524 -0.0641956
v 0.323464 0.00993694 -0.0609637
v 0.313728 -7.86629e-05 -0.0577371
v 0.40747 0.100067 -0.0930439
v 0.40752 0.0900552 -0.0930111
v 0.398301 0.0800424 -0.089136
v 0.389053 0.0700287 -0.0853399
v 0.379774 0.060014 -0.0816204
v 0.370463 0.0499986 -0.0779786
v 0.361126 0.0399866 -0.0744245
v 0.351758 0.0299701 -0.0709482
v 0.342359 0.0199574 -0.0675585
v 0.332937 0.00994027 -0.064256
v 0.323223 -7.70279e-05 -0.0609515
v 0.416713 0.100067 -0.096964
v 0.416762 0.0900556 -0.0969323
v 0.407569 0.0800416 -0.0929893
v 0.398349 0.0700266 -0.0891249
v 0.389092 0.0600148 -0.0853352
v 0.379811 0.0500022 -0.0816298
v 0.3705 0.0399849 -0.0780007
v 0.361158 0.0299712 -0.0744567
v 0.351784 0.0199571 -0.0709932
v 0.342384 0.00994261 -0.0676187
v 0.332693 -7.60937e-05 -0.0642362
v 0.425924 0.100068 -0.100949
v 0.425977 0.0900537 -0.10092
v 0.416809 0.0800426 -0.0969114
v 0.407614 0.0700305 -0.0929807
v 0.39839 0.0600136 -0.0891238
v 0.389133 0.0499999 -0.0853458
v 0.379847 0.0399855 -0.0816494
v 0.37053 0.0299707 -0.078032
v 0.361182 0.0199594 -0.0745004
v 0.351806 0.00994377 -0.0710517
v 0.342139 -7.19649e-05 -0.0675969
v 0.435108 0.100068 -0.105002
v 0.43516 0.0900534 -0.104974
v 0.426023 0.0800412 -0.100901
v 0.416855 0.0700281 -0.0969015
v 0.407656 0.0600142 -0.0929779
v 0.398426 0.0499995 -0.0891308
v 0.389166 0.0399883 -0.0853669
v 0.379876 0.0299725 -0.0816798
v 0.370555 0.0199602 -0.078078
v 0.361208 0.00994349 -0.0745588
v 0.351562 -7.32038e-05 -0.0710261
v 0.444265 0.100069 -0.109123
v 0.444316 0.0900545 -0.109097
v 0.435208 0.0800414 -0.104959
v 0.426067 0.0700273 -0.100891
v 0.416893 0.0600165 -0.0969011
v 0.407693 0.050001 -0.0929885
v 0.39846 0.0399889 -0.0891551
v 0.389198 0.0299722 -0.0853982
v 0.379905 0.0199591 -0.0817263
v 0.37058 0.00994553 -0.078135
v 0.360959 -7.18085e-05 -0.074528
v 0.453394 0.100067 -0.113308
v 0.453442 0.0900568 -0.113286
v 0.444364 0.0800427 -0.109083
v 0.435252 0.0700279 -0.104951
v 0.426108 0.0600162 -0.100895
v 0.416933 0.050004 -0.0969153
v 0.407729 0.0399872 -0.0930105
v 0.398491 0.0299738 -0.0891858
v 0.389226 0.01996 -0.0854438
v 0.379928 0.00994562 -0.081782
v 0.37033 -6.80697e-05 -0.0781026
v 0.462496 0.100066 -0.117563
v 0.462543 0.0900562 -0.117542
v 0.45349 0.0800413 -0.113271
v 0.444406 0.0700296 -0.109076
v 0.435291 0.0600173 -0.104955
v 0.426143 0.0500043 -0.100906
v 0.416967 0.0399909 -0.0969373
v 0.407756 0.0299769 -0.0930429
v 0.398518 0.0199625 -0.0892306
v 0.389247 0.00994757 -0.0854984
v 0.379677 -7.04131e-05 -0.0817425
v 0.471565 0.100066 -0.12188
v 0.471612 0.0900563 -0.121861
v 0.462588 0.0800407 -0.117526
v 0.453532 0.0700283 -0.113265
v 0.444447 0.0600154 -0.109079
v 0.435328 0.0500019 -0.104964
v 0.426179 0.0399879 -0.100926
v 0.416996 0.0299774 -0.0969674
v 0.407784 0.0199625 -0.093085
v 0.398544 0.00994708 -0.0892858
v 0.388996 -6.68238e-05 -0.0854574
v 0.480605 0.100067 -0.126264
v 0.480653 0.0900532 -0.126245
v 0.47166 0.0800408 -0.12185
v 0.462633 0.0700279 -0.117524
v 0.453571 0.0600184 -0.113271
v 0.444481 0.0500044 -0.109091
v 0.435361 0.03999 -0.104987
v 0.42621 0.0299751 -0.10096
v 0.417022 0.0199638 -0.097009
v 0.407809 0.00994799 -0.0931393
v 0.39829 -6.57185e-05 -0.0892399
v 0.489613 0.100069 -0.130711
v 0.489662 0.0900546 -0.130694
v 0.480696 0.0800416 -0.126234
v 0.471701 0.0700281 -0.121846
v 0.462668 0.0600181 -0.117528
v 0.45361 0.0500037 -0.113285
v 0.444516 0.0399889 -0.109112
v 0.435392 0.0299777 -0.10502
v 0.426236 0.0199621 -0.101001
v 0.417047 0.00995013 -0.0970626
v 0.407555 -6.32043e-05 -0.0930921
v 0.498595 0.100067 -0.135223
v 0.498639 0.0900563 -0.135207
v 0.489704 0.0800427 -0.130685
v 0.480737 0.0700288 -0.126232
v 0.471736 0.0600184 -0.121851
v 0.462707 0.0500037 -0.117543
v 0.453642 0.0399926 -0.113308
v 0.444546 0.0299772 -0.109145
v 0.435418 0.0199654 -0.105061
v 0.42626 0.00994928 -0.101054
v 0.416796 -6.35934e-05 -0.0970121
v 0.507542 0.100069 -0.139796
v 0.507588 0.0900543 -0.139781
v 0.498682 0.0800441 -0.135199
v 0.489746 0.0700298 -0.130684
v 0.480776 0.0600191 -0.126241
v 0.471775 0.0500041 -0.121867
v 0.462739 0.0399928 -0.117566
v 0.453671 0.0299773 -0.113337
v 0.444572 0.0199655 -0.109186
v 0.435443 0.00994923 -0.105111
v 0.426007 -6.30026e-05 -0.100999
v 0.51646 0.100068 -0.144432
v 0.516505 0.0900562 -0.144421
v 0.507631 0.0800417 -0.139776
v 0.498724 0.0700309 -0.135201
v 0.489783 0.060016 -0.13069
v 0.480811 0.0500048 -0.126255
v 0.471807 0.0399934 -0.121891
v 0.462768 0.0299779 -0.117595
v 0.4537 0.019966 -0.113381
v 0.444597 0.00994983 -0.109236
v 0.435188 -6.15582e-05 -0.105052
v 0.525346 0.100067 -0.149129
v 0.525391 0.0900542 -0.14912
v 0.516545 0.0800432 -0.144415
v 0.507668 0.0700321 -0.139777
v 0.498761 0.060017 -0.135207
v 0.489817 0.0500057 -0.130706
v 0.480844 0.0399943 -0.12628
v 0.471836 0.0299787 -0.12192
v 0.462793 0.0199669 -0.117636
v 0.453722 0.00995088 -0.113427
v 0.444343 -5.95693e-05 -0.109175
v 0.534203 0.100065 -0.15389
v 0.534243 0.090056 -0.153882
v 0.52543 0.0800445 -0.149118
v 0.516585 0.0700293 -0.144416
v 0.507707 0.0600179 -0.139786
v 0.498796 0.0500065 -0.135225
v 0.489852 0.0399912 -0.13073
v 0.480874 0.0299797 -0.126309
v 0.471862 0.0199681 -0.121961
v 0.462819 0.0099523 -0.117685
v 0.453472 -6.1138e-05 -0.113364
v 0.543026 0.100067 -0.158714
v 0.543066 0.0900535 -0.158704
v 0.534286 0.0800417 -0.15388
v 0.525471 0.0700301 -0.149122
v 0.516622 0.0600186 -0.144428
v 0.507742 0.0500072 -0.139805
v 0.498829 0.039992 -0.135247
v 0.489881 0.0299807 -0.130762
v 0.480898 0.0199653 -0.126345
v 0.471884 0.00995381 -0.122007
v 0.462567 -5.8427e-05 -0.117617
v 0.551816 0.100066 -0.163594
v 0.551856 0.0900546 -0.163588
v 0.543108 0.0800424 -0.158706
v 0.534322 0.0700306 -0.153885
v 0.525506 0.060019 -0.149132
v 0.516656 0.0500076 -0.144445
v 0.507772 0.0399925 -0.139824
v 0.498854 0.0299814 -0.135276
v 0.489906 0.0199664 -0.130799
v 0.480923 0.00995527 -0.126397
v 0.471637 -5.96011e-05 -0.121937
v 0.560575 0.100067 -0.168537
v 0.560616 0.0900551 -0.168535
v 0.551896 0.0800426 -0.16359
v 0.543142 0.0700305 -0.158709
v 0.534358 0.0600189 -0.153897
v 0.52554 0.0500077 -0.14915
v 0.516686 0.0399927 -0.144466
v 0.507802 0.0299819 -0.139858
v 0.498881 0.0199672 -0.135313
v 0.489928 0.00995658 -0.130847
v 0.480674 -5.6842e-05 -0.126322
v 0.5693 0.100068 -0.17354
v 0.569339 0.0900551 -0.173537
v 0.560654 0.0800422 -0.168536
v 0.55193 0.0700339 -0.163597
v 0.54318 0.0600183 -0.158723
v 0.534391 0.0500071 -0.153913
v 0.52557 0.0399963 -0.149174
v 0.516714 0.0299819 -0.144497
v 0.507826 0.0199677 -0.139891
v 0.498904 0.00995757 -0.135361
v 0.48968 -5.83227e-05 -0.130766
v 0.577995 0.100065 -0.178599
v 0.57803 0.0900544 -0.178598
v 0.569373 0.080045 -0.173539
v 0.560686 0.0700326 -0.168542
v 0.551965 0.0600209 -0.16361
v 0.543208 0.0500098 -0.15874
v 0.534422 0.0399954 -0.153938
v 0.525596 0.0299853 -0.149203
v 0.516741 0.0199716 -0.144537
v 0.50785 0.00995805 -0.13994
v 0.498658 -5.61825e-05 -0.13528
v 0.58665 0.100069 -0.183718
v 0.586688 0.0900567 -0.183719
v 0.578066 0.0800432 -0.178602
v 0.569411 0.0700344 -0.173551
v 0.560718 0.0600227 -0.168555
v 0.551997 0.0500078 -0.163627
v 0.543237 0.0399976 -0.158763
v 0.534449 0.029984 -0.153968
v 0.525623 0.0199708 -0.149238
v 0.516765 0.00995791 -0.14458
v 0.507604 -5.45342e-05 -0.139854
v 0.595276 0.100068 -0.188894
v 0.595313 0.0900544 -0.188895
v 0.586722 0.0800443 -0.183724
v 0.578102 0.0700315 -0.178614
v 0.569443 0.0600198 -0.173561
v 0.560751 0.0500089 -0.168574
v 0.552026 0.039999 -0.163653
v 0.543266 0.0299858 -0.158794
v 0.534472 0.0199732 -0.154003
v 0.525646 0.00996098 -0.149284
v 0.516522 -5.35575e-05 -0.144494
v 0.603872 0.100066 -0.19413
v 0.603905 0.090055 -0.194133
v 0.595348 0.0800446 -0.188905
v 0.586755 0.0700354 -0.183736
v 0.57813 0.0600237 -0.178626
v 0.569474 0.0500091 -0.17358
v 0.560779 0.0399994 -0.168598
v 0.552054 0.0299867 -0.163682
v 0.543291 0.0199747 -0.158829
v 0.534495 0.00995927 -0.154044
v 0.525405 -5.34013e-05 -0.149192
v 0.612429 0.100067 -0.199421
v 0.612461 0.0900547 -0.199424
v 0.603939 0.0800438 -0.194142
v 0.595379 0.0700344 -0.188916
v 0.586787 0.0600226 -0.183749
v 0.578162 0.0500122 -0.178647
v 0.5695 0.0399988 -0.173603
v 0.560805 0.0299866 -0.168625
v 0.552077 0.0199752 -0.163715
v 0.543313 0.0099605 -0.158868
v 0.53426 -5.01579e-05 -0.153957
v 0.620953 0.100067 -0.204769
v 0.620983 0.0900571 -0.204774
v 0.612492 0.0800458 -0.199434
v 0.603968 0.0700362 -0.194155
v 0.595408 0.0600244 -0.18893
v 0.586818 0.0500101 -0.183769
v 0.578187 0.0400011 -0.178668
v 0.569526 0.0299893 -0.173632
v 0.56083 0.0199745 -0.168659
v 0.552099 0.00996464 -0.163756
v 0.543079 -5.19705e-05 -0.158775
v 0.629442 0.100066 -0.21017
v 0.629475 0.0900546 -0.210179
v 0.621017 0.0800467 -0.204787
v 0.612526 0.070033 -0.199448
v 0.603999 0.060025 -0.194171
v 0.595438 0.0500108 -0.188948
v 0.586843 0.0400021 -0.183793
v 0.578217 0.0299868 -0.178698
v 0.56955 0.0199767 -0.173664
v 0.560854 0.00996362 -0.168701
v 0.55187 -5.09394e-05 -0.163661
v 0.637897 0.100065 -0.215626
v 0.637926 0.0900549 -0.215637
v 0.629502 0.0800465 -0.210191
v 0.621044 0.0700363 -0.204799
v 0.612554 0.0600243 -0.199465
v 0.604026 0.0500142 -0.19419
v 0.595466 0.0400018 -0.188975
v 0.586867 0.029991 -0.183819
v 0.578238 0.0199775 -0.178729
v 0.569572 0.00996529 -0.173704
v 0.560624 -4.71338e-05 -0.168604
v 0.646318 0.100066 -0.221141
v 0.646346 0.0900579 -0.221154
v 0.637957 0.080045 -0.215651
v 0.629532 0.0700345 -0.210205
v 0.621071 0.0600262 -0.204816
v 0.61258 0.0500123 -0.199483
v 0.60405 0.0400042 -0.194212
v 0.595489 0.0299899 -0.188999
v 0.586892 0.0199771 -0.18385
v 0.57826 0.0099656 -0.178766
v 0.569347 -4.46911e-05 -0.173606
v 0.654703 0.100066 -0.226708
v 0.65473 0.0900559 -0.226721
v 0.646373 0.0800462 -0.221165
v 0.637981 0.0700352 -0.215664
v 0.629557 0.0600268 -0.210223
v 0.621101 0.0500129 -0.204836
v 0.612605 0.040005 -0.199509
v 0.604075 0.0299912 -0.194237
v 0.595515 0.0199791 -0.189033
v 0.586915 0.00996842 -0.18389
v 0.578038 -4.36972e-05 -0.178668
v 0.66305 0.100068 -0.232328
v 0.663077 0.0900565 -0.232341
v 0.654755 0.0800461 -0.226734
v 0.646398 0.0700386 -0.221183
v 0.638009 0.060026 -0.215685
v 0.629584 0.050016 -0.210244
v 0.621125 0.0400044 -0.204859
v 0.61263 0.0299911 -0.199533
v 0.604101 0.0199796 -0.194269
v 0.595533 0.00996979 -0.189067
v 0.586696 -4.41478e-05 -0.183787
v 0.671366 0.100066 -0.238002
v 0.671389 0.0900558 -0.238014
v 0.6631 0.0800486 -0.232356
v 0.65478 0.0700367 -0.226751
v 0.646422 0.0600277 -0.221199
v 0.638034 0.0500176 -0.215706
v 0.629608 0.0400062 -0.210266
v 0.621147 0.0299933 -0.204884
v 0.612653 0.0199825 -0.199564
v 0.604122 0.00996951 -0.194304
v 0.595318 -4.22514e-05 -0.188964
v 0.679643 0.100066 -0.243726
v 0.679667 0.0900578 -0.243744
v 0.671415 0.080046 -0.238032
v 0.663125 0.0700374 -0.232373
v 0.654803 0.060028 -0.226769
v 0.646447 0.0500177 -0.22122
v 0.638058 0.0400064 -0.215728
v 0.62963 0.0299938 -0.210289
v 0.62117 0.0199836 -0.204914
v 0.612673 0.00997152 -0.199597
v 0.603908 -4.20081e-05 -0.194198
v 0.687886 0.100065 -0.249503
v 0.687904 0.0900586 -0.24952
v 0.679688 0.0800498 -0.24376
v 0.671438 0.0700367 -0.23805
v 0.663151 0.0600269 -0.232393
v 0.654827 0.0500164 -0.226789
v 0.646472 0.0400089 -0.221246
v 0.638081 0.0299966 -0.215754
v 0.629652 0.019983 -0.210317
v 0.62119 0.00997176 -0.204944
v 0.612464 -3.9573e-05 -0.19949
v 0.69609 0.100067 -0.255332
v 0.696112 0.0900582 -0.255351
v 0.68793 0.0800486 -0.249539
v 0.679712 0.0700386 -0.243778
v 0.671459 0.0600283 -0.238069
v 0.663174 0.0500174 -0.232414
v 0.65485 0.0400098 -0.226815
v 0.646492 0.0299977 -0.221267
v 0.638103 0.0199846 -0.21578
v 0.629674 0.00997409 -0.210351
v 0.620989 -3.89682e-05 -0.204841
v 0.704261 0.100068 -0.261214
v 0.704281 0.0900566 -0.26123
v 0.696132 0.0800498 -0.25537
v 0.687948 0.0700392 -0.249556
v 0.679733 0.0600283 -0.243796
v 0.67148 0.050021 -0.238091
v 0.663193 0.0400093 -0.232436
v 0.654873 0.0299971 -0.226839
v 0.646515 0.0199883 -0.221297
v 0.638121 0.00997456 -0.215809
v 0.629474 -3.62655e-05 -0.210244
v 0.712393 0.100067 -0.267142
v 0.712412 0.0900576 -0.26716
v 0.7043 0.0800499 -0.26125
v 0.696152 0.0700385 -0.255386
v 0.687971 0.0600309 -0.249578
v 0.679754 0.0500192 -0.243817
v 0.671499 0.0400111 -0.238111
v 0.663214 0.0299989 -0.23246
v 0.654891 0.0199902 -0.226865
v 0.646533 0.00997707 -0.221323
v 0.637926 -3.55097e-05 -0.215702
v 0.720488 0.100069 -0.273123
v 0.720508 0.0900573 -0.273142
v 0.712432 0.0800486 -0.267181
v 0.704318 0.0700402 -0.261267
v 0.696173 0.060032 -0.255409
v 0.687993 0.0500199 -0.249598
v 0.679776 0.0400115 -0.243842
v 0.671521 0.0299991 -0.238134
v 0.663236 0.0199905 -0.232489
v 0.654913 0.00997777 -0.226893
v 0.646343 -3.2749e-05 -0.221216
v 0.728548 0.100066 -0.27915
v 0.728565 0.0900594 -0.279172
v 0.720524 0.0800499 -0.27316
v 0.712449 0.0700406 -0.267199
v 0.704337 0.0600316 -0.261287
v 0.69619 0.0500229 -0.255427
v 0.688011 0.0400104 -0.249618
v 0.679792 0.0300017 -0.243862
v 0.671541 0.0199931 -0.238163
v 0.663252 0.00998064 -0.232513
v 0.654728 -3.19021e-05 -0.226786
v 0.73657 0.100069 -0.285232
v 0.736585 0.09006 -0.285251
v 0.728582 0.0800497 -0.279191
v 0.72054 0.0700434 -0.27318
v 0.712466 0.0600336 -0.26722
v 0.704356 0.0500244 -0.261309
v 0.696213 0.0400115 -0.25545
v 0.68803 0.0300027 -0.249642
v 0.679812 0.0199941 -0.243889
v 0.671561 0.00998186 -0.238188
v 0.663072 -2.89938e-05 -0.232406
v 0.744554 0.100066 -0.291358
v 0.744569 0.0900591 -0.291379
v 0.736601 0.0800518 -0.285271
v 0.728599 0.0700408 -0.279211
v 0.720558 0.0600342 -0.273201
v 0.712483 0.0500242 -0.267239
v 0.704373 0.0400149 -0.26133
v 0.69623 0.030006 -0.255474
v 0.688047 0.0199935 -0.249664
v 0.679831 0.00998527 -0.243914
v 0.671386 -2.7907e-05 -0.238082
v 0.752499 0.10007 -0.297537
v 0.752512 0.0900602 -0.297554
v 0.744581 0.0800523 -0.291397
v 0.736614 0.0700444 -0.285289
v 0.728613 0.0600332 -0.279229
v 0.720573 0.0500264 -0.273221
v 0.712502 0.0400166 -0.267263
v 0.704393 0.0300036 -0.261351
v 0.696248 0.019995 -0.255495
v 0.688066 0.00998301 -0.249688
v 0.679661 -2.48065e-05 -0.243808
v 0.760406 0.100068 -0.30376
v 0.760419 0.0900597 -0.303778
v 0.752528 0.080051 -0.297575
v 0.744598 0.0700425 -0.291418
v 0.736632 0.0600343 -0.285311
v 0.72863 0.0500269 -0.279253
v 0.72059 0.0400166 -0.27324
v 0.712518 0.0300072 -0.267281
v 0.704413 0.0199946 -0.261375
v 0.696265 0.00998671 -0.255518
v 0.687899 -2.36438e-05 -0.249584
v 0.768277 0.100068 -0.310035
v 0.768286 0.0900611 -0.310052
v 0.760432 0.0800517 -0.303798
v 0.752539 0.0700463 -0.297596
v 0.74461 0.0600376 -0.291439
v 0.736647 0.0500257 -0.285331
v 0.728646 0.0400187 -0.279274
v 0.720608 0.030009 -0.273263
v 0.712538 0.0199963 -0.267304
v 0.704429 0.00998847 -0.261399
v 0.696105 -2.443e-05 -0.255413
v 0.776105 0.10007 -0.316355
v 0.776116 0.0900606 -0.316372
v 0.768299 0.0800544 -0.310073
v 0.760444 0.0700445 -0.303819
v 0.752555 0.0600351 -0.297615
v 0.744626 0.0500265 -0.291459
v 0.736662 0.040019 -0.285353
v 0.728661 0.0300088 -0.279292
v 0.720624 0.0199999 -0.273283
v 0.712555 0.00998825 -0.267327
v 0.704272 -1.94689e-05 -0.261296
v 0.783897 0.100071 -0.322724
v 0.783907 0.0900619 -0.322742
v 0.776128 0.080055 -0.316395
v 0.768313 0.0700445 -0.310093
v 0.760457 0.0600383 -0.303841
v 0.752565 0.0500291 -0.297634
v 0.744637 0.0400211 -0.291478
v 0.736676 0.0300106 -0.285372
v 0.728676 0.0200015 -0.279313
v 0.720641 0.00998984 -0.273303
v 0.712403 -2.05473e-05 -0.267224
v 0.791648 0.100069 -0.329137
v 0.791658 0.0900612 -0.329157
v 0.783917 0.0800537 -0.322761
v 0.776139 0.0700463 -0.316413
v 0.768321 0.0600395 -0.310113
v 0.760468 0.0500297 -0.303859
v 0.75258 0.0400211 -0.297657
v 0.744655 0.0300103 -0.2915
v 0.736691 0.020001 -0.285391
v 0.728692 0.0099932 -0.279334
v 0.720496 -1.5959e-05 -0.273207
v 0.799361 0.100069 -0.335601
v 0.799369 0.0900622 -0.335619
v 0.791665 0.0800541 -0.329174
v 0.783924 0.0700461 -0.322778
v 0.776149 0.0600386 -0.316433
v 0.768332 0.0500319 -0.310133
v 0.760479 0.0400228 -0.30388
v 0.752593 0.0300115 -0.297675
v 0.744669 0.0200021 -0.291519
v 0.736707 0.00999429 -0.285412
v 0.728554 -1.76246e-05 -0.279236
v 0.807031 0.10007 -0.342109
v 0.807035 0.0900648 -0.342126
v 0.799376 0.0800561 -0.335637
v 0.791675 0.0700476 -0.329195
v 0.783934 0.0600394 -0.322798
v 0.776158 0.0500321 -0.316454
v 0.768343 0.0400222 -0.310152
v 0.760491 0.0300143 -0.303899
v 0.752606 0.0200046 -0.297696
v 0.744683 0.00999686 -0.291541
v 0.736572 -1.38218e-05 -0.285317
v 0.814662 0.10007 -0.348664
v 0.814667 0.0900651 -0.348682
v 0.807044 0.0800559 -0.342143
v 0.799382 0.0700507 -0.335656
v 0.791681 0.0600419 -0.329214
v 0.783943 0.0500339 -0.32282
v 0.776166 0.0400233 -0.316471
v 0.768355 0.0300147 -0.310173
v 0.760505 0.0200046 -0.303919
v 0.752621 0.00999691 -0.297716
v 0.744553 -1.25554e-05 -0.291447
v 0.822251 0.10007 -0.355265
v 0.822254 0.0900631 -0.355278
v 0.814673 0.0800572 -0.348697
v 0.807052 0.0700476 -0.342161
v 0.79939 0.0600423 -0.335674
v 0.791689 0.0500337 -0.329231
v 0.78395 0.0400262 -0.322839
v 0.776176 0.0300168 -0.316493
v 0.768366 0.02001 -0.310196
v 0.760519 0.00999829 -0.30394
v 0.752495 -9.92147e-06 -0.297625
v 0.829798 0.100073 -0.361911
v 0.829801 0.0900661 -0.361926
v 0.82226 0.080056 -0.355295
v 0.814678 0.0700499 -0.348713
v 0.807055 0.0600441 -0.342179
v 0.799397 0.0500351 -0.335693
v 0.791698 0.040027 -0.329254
v 0.783962 0.0300168 -0.322859
v 0.776188 0.0200093 -0.316514
v 0.768377 0.010001 -0.310212
v 0.760401 -9.96803e-06 -0.303852
v 0.837304 0.100072 -0.368603
v 0.837308 0.0900666 -0.368619
v 0.829807 0.0800598 -0.361944
v 0.822265 0.0700495 -0.355312
v 0.814685 0.0600435 -0.348733
v 0.807063 0.0500341 -0.342196
v 0.799405 0.0400256 -0.33571
v 0.791706 0.0300186 -0.329272
v 0.78397 0.0200103 -0.322878
v 0.776199 0.0100015 -0.31653
v 0.768263 -4.70583e-06 -0.310127
v 0.844766 0.100073 -0.375338
v 0.844772 0.0900644 -0.375353
v 0.837313 0.0800572 -0.368632
v 0.829811 0.0700504 -0.361956
v 0.82227 0.0600441 -0.355329
v 0.814688 0.0500384 -0.348749
v 0.807069 0.0400297 -0.342216
v 0.79941 0.0300221 -0.335731
v 0.791713 0.0200131 -0.329291
v 0.783979 0.0100036 -0.322895
v 0.776093 -5.88576e-06 -0.316449
v 0.852189 0.100072 -0.382119
v 0.852191 0.0900672 -0.382134
v 0.844772 0.0800595 -0.375366
v 0.837315 0.0700524 -0.368648
v 0.829815 0.0600458 -0.361974
v 0.822275 0.0500361 -0.355344
v 0.814696 0.0400311 -0.348768
v 0.807076 0.0300234 -0.342236
v 0.799418 0.0200138 -0.335749
v 0.791722 0.0100074 -0.329308
v 0.78388 -1.74544e-06 -0.32282
v 0.859569 0.100071 -0.388946
v 0.859568 0.0900672 -0.388958
v 0.852193 0.0800591 -0.382146
v 0.844776 0.0700515 -0.375381
v 0.837318 0.0600447 -0.368661
v 0.82982 0.0500386 -0.36199
v 0.822279 0.0400298 -0.35536
v 0.814701 0.030022 -0.348783
v 0.807081 0.020016 -0.34225
v 0.799426 0.010009 -0.335767
v 0.791628 -6.02468e-08 -0.329235
v 0.866906 0.100072 -0.395818
v 0.866905 0.0900682 -0.395831
v 0.85957 0.0800596 -0.388971
v 0.852192 0.0700554 -0.38216
v 0.844777 0.0600483 -0.375396
v 0.837323 0.0500383 -0.368677
v 0.829824 0.0400332 -0.362007
v 0.822285 0.0300255 -0.35538
v 0.814708 0.0200156 -0.348801
v 0.80709 0.0100081 -0.342267
v 0.799337 -9.45452e-07 -0.335694
v 0.874197 0.100073 -0.402732
v 0.874198 0.0900663 -0.402745
v 0.866904 0.080061 -0.395841
v 0.859569 0.0700564 -0.388985
v 0.852195 0.060049 -0.382174
v 0.844781 0.0500387 -0.375408
v 0.837323 0.0400336 -0.368691
v 0.829829 0.0300259 -0.362022
v 0.822291 0.0200161 -0.355393
v 0.814714 0.0100084 -0.348815
v 0.807005 3.32153e-06 -0.342203
v 0.881445 0.100072 -0.409689
v 0.881441 0.0900692 -0.4097
v 0.874193 0.0800633 -0.402754
v 0.866906 0.0700545 -0.395854
v 0.859569 0.0600504 -0.388997
v 0.852198 0.0500399 -0.382187
v 0.844785 0.0400347 -0.375426
v 0.837327 0.0300271 -0.368706
v 0.829834 0.0200173 -0.362035
v 0.822295 0.0100096 -0.355408
v 0.814635 4.73804e-06 -0.348757
v 0.888648 0.100072 -0.416689
v 0.888645 0.0900692 -0.416701
v 0.881442 0.0800627 -0.409712
v 0.874195 0.0700571 -0.402768
v 0.866906 0.0600488 -0.395867
v 0.859573 0.0500419 -0.38901
v 0.852199 0.0400365 -0.382201
v 0.844785 0.0300288 -0.375438
v 0.837332 0.0200191 -0.36872
v 0.829838 0.0100114 -0.36205
v 0.822224 3.01174e-06 -0.355355
v 0.895807 0.100073 -0.423734
v 0.895805 0.09007 -0.423747
v 0.888643 0.0800628 -0.41671
v 0.88144 0.0700567 -0.409723
v 0.874191 0.0600519 -0.402778
v 0.866904 0.0500446 -0.395879
v 0.859574 0.040035 -0.389023
v 0.852201 0.0300272 -0.382212
v 0.844789 0.0200214 -0.375452
v 0.837335 0.0100138 -0.368735
v 0.82977 5.844e-06 -0.362001
v 0.902919 0.100074 -0.430821
v 0.902916 0.0900678 -0.430828
v 0.895799 0.0800638 -0.423753
v 0.888638 0.0700571 -0.416718
v 0.881437 0.0600517 -0.409733
v 0.874192 0.050044 -0.402788
v 0.866902 0.040038 -0.395889
v 0.859575 0.0300301 -0.389036
v 0.852203 0.0200242 -0.382229
v 0.844792 0.0100166 -0.375467
v 0.837276 5.21012e-06 -0.36869
v 0.909876 0.100074 -0.437835
v 0.912582 0.0900671 -0.435183
v 0.902909 0.0800655 -0.430837
v 0.895799 0.0700582 -0.423764
v 0.888635 0.0600523 -0.416728
v 0.881437 0.0500441 -0.409744
v 0.874193 0.0400378 -0.402802
v 0.866902 0.0300334 -0.395902
v 0.859575 0.0200235 -0.389048
v 0.852207 0.0100159 -0.382242
v 0.844736 8.9112e-06 -0.375426
v 0.912584 0.0800625 -0.435186
v 0.902905 0.07006 -0.430845
v 0.895792 0.0600535 -0.423771
v 0.888633 0.0500487 -0.416741
v 0.881434 0.0400419 -0.409756
v 0.874189 0.0300334 -0.402812
v 0.866902 0.0200272 -0.395914
v 0.859576 0.0100195 -0.389063
v 0.852157 8.98537e-06 -0.382207
v 0.912584 0.0700585 -0.435187
v 0.902899 0.0600553 -0.430853
v 0.895789 0.0500462 -0.423779
v 0.888631 0.0400428 -0.416752
v 0.881431 0.0300339 -0.409764
v 0.874189 0.0200274 -0.402823
v 0.866905 0.0100196 -0.395927
v 0.859532 1.32897e-05 -0.389034
v 0.912587 0.0600515 -0.435188
v 0.902896 0.0500481 -0.43086
v 0.895785 0.0400443 -0.423792
v 0.888629 0.030035 -0.41676
v 0.88143 0.0200281 -0.409776
v 0.874188 0.01002 -0.402833
v 0.866867 1.39537e-05 -0.395905
v 0.912585 0.0500495 -0.43519
v 0.902892 0.0400462 -0.430873
v 0.895783 0.0300365 -0.4238
v 0.888624 0.0200293 -0.416768
v 0.881427 0.0100248 -0.409788
v 0.874157 1.49203e-05 -0.402817
v 0.912589 0.0400413 -0.435191
v 0.902886 0.0300385 -0.430877
v 0.895777 0.0200309 -0.423808
v 0.88862 0.010026 -0.41678
v 0.881404 1.61599e-05 -0.409776
v 0.91259 2.51862e-05 -0.4352
v 0.912589 0.0100284 -0.435196
v 0.90287 2.55022e-05 -0.430905
v 0.912589 0.0200343 -0.435195
v 0.902876 0.0100298 -0.430896
v 0.895761 2.3399e-05 -0.423822
v 0.912587 0.0300387 -0.435192
v 0.902882 0.0200369 -0.43089
v 0.895773 0.0100278 -0.423819
v 0.888602 2.15839e-05 -0.416776
v 0.0200215 0.100062 0.00251039
v 0.0200476 0.0900517 0.00255095
v 0.010087 0.0800264 0.00328462
v 4.03701e-06 0.0800049 -0.000201897
v 0.0100381 0.100054 0.00324996
v 0.0100608 0.0900395 0.0032731
v 5.88856e-06 0.0900054 -0.000202029
v 0.000235235 0.100012 0.00387233
v -0.0132047 0.0156382 -0.11069
v -0.0237686 0.0156382 -0.11069
v -0.0237686 -0.000576967 -0.11069
v -0.0132047 -0.000576967 -0.11069
v -0.0232249 0.000299476 -0.11069
v -0.0224093 0.000299476 -0.11069
v -0.0224093 0.000591623 -0.11069
v -0.0232249 0.000591623 -0.11069
v -0.0232249 0.000591623 -0.11069
v -0.0224093 0.000591623 -0.11069
v -0.0224093 0.000884015 -0.11069
v -0.0232249 0.000884015 -0.11069
v -0.0232249 0.000884015 -0.11069
v -0.0224093 0.000884015 -0.11069
v -0.0224093 0.00117616 -0.11069
v -0.0232249 0.00117616 -0.11069
v -0.0232249 0.00117616 -0.11069
v -0.0224093 0.00117616 -0.11069
v -0.0224093 0.00146831 -0.11069
v -0.0232249 0.00146831 -0.11069
v -0.0232249 0.00146831 -0.11069
v -0.0224093 0.00146831 -0.11069
v -0.0224093 0.00176046 -0.11069
v -0.0232249 0.00176046 -0.11069
v -0.0232249 0.00176046 -0.11069
v -0.0224093 0.00176046 -0.11069
v -0.0224093 0.00205261 -0.11069
v -0.0232249 0.00205261 -0.11069
v -0.0232249 0.00205261 -0.11069
v -0.0224093 0.00205261 -0.11069
v -0.0224093 0.00234476 -0.11069
v -0.0232249 0.00234476 -0.11069
v -0.0232249 0.00234476 -0.11069
v -0.0224093 0.00234476 -0.11069
v -0.0224093 0.0026369 -0.11069
v -0.0232249 0.0026369 -0.11069
v -0.0232249 0.0026369 -0.11069
v -0.0224093 0.0026369 -0.11069
v -0.0224093 0.00292905 -0.11069
v -0.0232249 0.00292905 -0.11069
v -0.0232249 0.00292905 -0.11069
v -0.0224093 0.00292905 -0.11069
v -0.0224093 0.0032212 -0.11069
v -0.0232249 0.0032212 -0.11069
v -0.0232249 0.0032212 -0.11069
v -0.0224093 0.0032212 -0.11069
v -0.0224093 0.00351335 -0.11069
v -0.0232249 0.00351335 -0.11069
v -0.0232249 0.00351335 -0.11069
v -0.0224093 0.00351335 -0.11069
v -0.0224093 0.0038055 -0.11069
v -0.0232249 0.0038055 -0.11069
v -0.0232249 0.0038055 -0.11069
v -0.0224093 0.0038055 -0.11069
v -0.0224093 0.00409764 -0.11069
v -0.0232249 0.00409764 -0.11069
v -0.0232249 0.00409764 -0.11069
v -0.0224093 0.00409764 -0.11069
v -0.0224093 0.00438979 -0.11069
v -0.0232249 0.00438979 -0.11069
v -0.0232249 0.00438979 -0.11069
v -0.0224093 0.00438979 -0.11069
v -0.0224093 0.00468194 -0.11069
v -0.0232249 0.00468194 -0.11069
v -0.0232249 0.00468194 -0.11069
v -0.0224093 0.00468194 -0.11069
v -0.0224093 0.00497409 -0.11069
v -0.0232249 0.00497409 -0.11069
v -0.0232249 0.00497409 -0.11069
v -0.0224093 0.00497409 -0.11069
v -0.0224093 0.00526623 -0.11069
v -0.0232249 0.00526623 -0.11069
v -0.0232249 0.00526623 -0.11069
v -0.0224093 0.00526623 -0.11069
v -0.0224093 0.00555838 -0.11069
v -0.0232249 0.00555838 -0.11069
v -0.0232249 0.00555838 -0.11069
v -0.0224093 0.00555838 -0.11069
v -0.0224093 0.00585078 -0.11069
v -0.0232249 0.00585078 -0.11069
v -0.0232249 0.00585078 -0.11069
v -0.0224093 0.00585078 -0.11069
v -0.0224093 0.00614292 -0.11069
v -0.0232249 0.00614292 -0.11069
v -0.0232249 0.00614292 -0.11069
v -0.0224093 0.00614292 -0.11069
v -0.0224093 0.00643507 -0.11069
v -0.0232249 0.00643507 -0.11069
v -0.0232249 0.00643507 -0.11069
v -0.0224093 0.00643507 -0.11069
v -0.0224093 0.00672722 -0.11069
v -0.0232249 0.00672722 -0.11069
v -0.0232249 0.00672722 -0.11069
v -0.0224093 0.00672722 -0.11069
v -0.0224093 0.00701937 -0.11069
v -0.0232249 0.00701937 -0.11069
v -0.0232249 0.00701937 -0.11069
v -0.0224093 0.00701937 -0.11069
v -0.0224093 0.00731151 -0.11069
v -0.0232249 0.00731151 -0.11069
v -0.0232249 0.00731151 -0.11069
v -0.0224093 0.00731151 -0.11069
v -0.0224093 0.00760366 -0.11069
v -0.0232249 0.00760366 -0.11069
v -0.0232249 0.00760366 -0.11069
v -0.0224093 0.00760366 -0.11069
v -0.0224093 0.00789581 -0.11069
v -0.0232249 0.00789581 -0.11069
v -0.0232249 0.00789581 -0.11069
v -0.0224093 0.00789581 -0.11069
v -0.0224093 0.00818796 -0.11069
v -0.0232249 0.00818796 -0.11069
v -0.0232249 0.00818796 -0.11069
v -0.0224093 0.00818796 -0.11069
v -0.0224093 0.00848011 -0.11069
v -0.0232249 0.00848011 -0.11069
v -0.0232249 0.00848011 -0.11069
v -0.0224093 0.00848011 -0.11069
v -0.0224093 0.00877225 -0.11069
v -0.0232249 0.00877225 -0.11069
v -0.0232249 0.00877225 -0.11069
v -0.0224093 0.00877225 -0.11069
v -0.0224093 0.0090644 -0.11069
v -0.0232249 0.0090644 -0.11069
v -0.0232249 0.0090644 -0.11069
v -0.0224093 0.0090644 -0.11069
v -0.0224093 0.00935655 -0.11069
v -0.0232249 0.00935655 -0.11069
v -0.0232249 0.00935655 -0.11069
v -0.0224093 0.00935655 -0.11069
v -0.0224093 0.0096487 -0.11069
v -0.0232249 0.0096487 -0.11069
v -0.0232249 0.0096487 -0.11069
v -0.0224093 0.0096487 -0.11069
v -0.0224093 0.00994084 -0.11069
v -0.0232249 0.00994084 -0.11069
v -0.0232249 0.00994084 -0.11069
v -0.0224093 0.00994084 -0.11069
v -0.0224093 0.010233 -0.11069
v -0.0232249 0.010233 -0.11069
v -0.0232249 0.010233 -0.11069
v -0.0224093 0.010233 -0.11069
v -0.0224093 0.0105251 -0.11069
v -0.0232249 0.0105251 -0.11069
v -0.0232249 0.0105251 -0.11069
v -0.0224093 0.0105251 -0.11069
v -0.0224093 0.0108173 -0.11069
v -0.0232249 0.0108173 -0.11069
v -0.0232249 0.000299476 -0.11069
v -0.0221374 0.000299476 -0.11069
v -0.0232249 0.00117616 -0.11069
v -0.0221374 0.00117616 -0.11069
v -0.0232249 0.00205261 -0.11069
v -0.0221374 0.00205261 -0.11069
v -0.0232249 0.00292905 -0.11069
v -0.0221374 0.00292905 -0.11069
v -0.0232249 0.0038055 -0.11069
v -0.0221374 0.0038055 -0.11069
v -0.0232249 0.00468194 -0.11069
v -0.0221374 0.00468194 -0.11069
v -0.0232249 0.00555838 -0.11069
v -0.0221374 0.00555838 -0.11069
v -0.0232249 0.00643507 -0.11069
v -0.0221374 0.00643507 -0.11069
v -0.0232249 0.00731151 -0.11069
v -0.0221374 0.00731151 -0.11069
v -0.0232249 0.00818796 -0.11069
v -0.0221374 0.00818796 -0.11069
v -0.0232249 0.0090644 -0.11069
v -0.0221374 0.0090644 -0.11069
v -0.0232249 0.00994084 -0.11069
v -0.0221374 0.00994084 -0.11069
v -0.0232249 0.0108175 -0.11069
v -0.0221374 0.0108175 -0.11069
v -0.0224093 0.0108175 -0.11069
v -0.0224093 0.000299476 -0.11069

#List of body polygons
f 1 2 3
f 1 3 4
f 5 6 2
f 5 2 1
f 7 8 6
f 7 6 5
f 9 10 8
f 9 8 7
f 11 12 10
f 11 10 9
f 13 14 12
f 13 12 11
f 15 16 14
f 15 14 13
f 18 20 19
f 18 16 20
f 20 16 15
f 20 23 19
f 2 1372 1373
f 2 1373 3
f 6 1374 1372
f 6 1372 2
f 8 1375 1374
f 8 1374 6
f 10 1376 1375
f 10 1375 8
f 12 1377 1376
f 12 1376 10
f 14 1378 1377
f 14 1377 12
f 16 1379 1378
f 16 1378 14
f 1379 1380 1381
f 1380 16 18
f 1380 1379 16
f 1372 2727 2728
f 1372 2728 1373
f 1374 2729 2727
f 1374 2727 1372
f 1375 2730 2729
f 1375 2729 1374
f 1376 2731 2730
f 1376 2730 1375
f 1377 2732 2731
f 1377 2731 1376
f 1378 2733 2732
f 1378 2732 1377
f 1379 2734 2733
f 1379 2733 1378
f 2734 2735 2736
f 2735 1379 1381
f 2735 2734 1379
f 2727 3870 3871
f 2727 3871 2728
f 2729 3872 3870
f 2729 3870 2727
f 2730 3873 3872
f 2730 3872 2729
f 2731 3874 3873
f 2731 3873 2730
f 2732 3875 3874
f 2732 3874 2731
f 2733 3876 3875
f 2733 3875 2732
f 2734 3877 3876
f 2734 3876 2733
f 3877 3878 3879
f 3878 2734 2736
f 3878 3877 2734
f 3870 4623 4624
f 3870 4624 3871
f 3872 4625 4623
f 3872 4623 3870
f 3873 4626 4625
f 3873 4625 3872
f 3874 4627 4626
f 3874 4626 3873
f 3875 4628 4627
f 3875 4627 3874
f 3876 4629 4628
f 3876 4628 3875
f 3877 4630 4629
f 3877 4629 3876
f 4630 4631 4632
f 4631 3877 3879
f 4631 4630 3877
f 4623 5149 5150
f 4623 5150 4624
f 4625 5151 5149
f 4625 5149 4623
f 4626 5152 5151
f 4626 5151 4625
f 4627 5153 5152
f 4627 5152 4626
f 4628 5154 5153
f 4628 5153 4627
f 4629 5155 5154
f 4629 5154 4628
f 4630 5156 5155
f 4630 5155 4629
f 5156 5157 5158
f 5157 4630 4632
f 5157 5156 4630
f 5195 5196 5194
f 5196 5197 5198
f 5196 5195 5197
f 5149 5621 5622
f 5149 5622 5150
f 5151 5623 5621
f 5151 5621 5149
f 5152 5624 5623
f 5152 5623 5151
f 5153 5625 5624
f 5153 5624 5152
f 5154 5626 5625
f 5154 5625 5153
f 5155 5627 5626
f 5155 5626 5154
f 5156 5628 5627
f 5156 5627 5155
f 5628 5629 5630
f 5629 5156 5158
f 5629 5628 5156
f 5668 5670 5669
f 5668 5196 5670
f 5196 5668 5194
f 5670 5671 5672
f 5671 5196 5198
f 5671 5670 5196
f 5621 6316 6317
f 5621 6317 5622
f 5623 6318 6316
f 5623 6316 5621
f 5624 6319 6318
f 5624 6318 5623
f 5625 6320 6319
f 5625 6319 5624
f 5626 6321 6320
f 5626 6320 5625
f 5627 6322 6321
f 5627 6321 5626
f 6324 5628 6325
f 6324 6322 5628
f 5628 6322 5627
f 5628 5630 6325
f 5670 6351 6352
f 5670 6352 5669
f 6351 5670 5672
f 6316 7331 7332
f 6316 7332 6317
f 6318 7333 7331
f 6318 7331 6316
f 6319 7334 7333
f 6319 7333 6318
f 6320 7335 7334
f 6320 7334 6319
f 6321 7336 7335
f 6321 7335 6320
f 6322 7337 7336
f 6322 7336 6321
f 7338 7337 7339
f 7338 7340 7337
f 7339 6322 6324
f 7339 7337 6322
f 7340 7341 7342
f 7340 7338 7341
f 7331 8370 8371
f 7331 8371 7332
f 7333 8372 8370
f 7333 8370 7331
f 7334 8373 8372
f 7334 8372 7333
f 7335 8374 8373
f 7335 8373 7334
f 7336 8375 8374
f 7336 8374 7335
f 7337 8376 8375
f 7337 8375 7336
f 7340 8377 8376
f 7340 8376 7337
f 8378 8377 8379
f 8378 8380 8377
f 8379 7340 7342
f 8379 8377 7340
f 8380 8381 8382
f 8380 8378 8381

#List of body polygons
f 17 18 19
f 21 22 17
f 23 17 19
f 23 21 17
f 24 25 22
f 24 22 21
f 25 26 27
f 26 24 30
f 26 25 24
f 1380 1382 1381
f 1380 17 1382
f 17 1380 18
f 22 1383 1382
f 22 1382 17
f 1385 25 1386
f 1385 1383 25
f 25 1383 22
f 25 27 1386
f 2735 2737 2736
f 2735 1382 2737
f 1382 2735 1381
f 1383 2738 2737
f 1383 2737 1382
f 2738 2739 2740
f 2739 1383 1385
f 2739 2738 1383
f 3878 3880 3879
f 3878 2737 3880
f 2737 3878 2736
f 2738 3881 3880
f 2738 3880 2737
f 3881 3882 3883
f 3882 2738 2740
f 3882 3881 2738
f 4631 4633 4632
f 4631 3880 4633
f 3880 4631 3879
f 3881 4634 4633
f 3881 4633 3880
f 4634 4635 4636
f 4635 3881 3883
f 4635 4634 3881
f 5157 5159 5158
f 5157 4633 5159
f 4633 5157 4632
f 4634 5160 5159
f 4634 5159 4633
f 5160 5161 5162
f 5161 4634 4636
f 5161 5160 4634
f 5189 5190 5191
f 5192 5189 5193
f 5192 5194 5189
f 5192 5195 5194
f 5189 5191 5193
f 5197 5199 5198
f 5197 5200 5199
f 5197 5201 5200
f 5195 5201 5197
f 5195 5192 5201
f 5202 5199 5203
f 5202 5204 5199
f 5199 5200 5203
f 5204 5205 5206
f 5204 5202 5205
f 5629 5631 5630
f 5629 5159 5631
f 5159 5629 5158
f 5160 5632 5631
f 5160 5631 5159
f 5633 5632 5634
f 5633 5635 5632
f 5634 5160 5162
f 5634 5632 5160
f 5635 5636 5637
f 5635 5633 5636
f 5664 5665 5666
f 5189 5667 5664
f 5190 5664 5666
f 5190 5189 5664
f 5667 5668 5669
f 5668 5189 5194
f 5668 5667 5189
f 5671 5673 5672
f 5671 5199 5673
f 5199 5671 5198
f 5675 5204 5676
f 5675 5673 5204
f 5204 5673 5199
f 5204 5206 5676
f 6323 6324 6325
f 5631 6326 6323
f 5630 6323 6325
f 5630 5631 6323
f 5632 6327 6326
f 5632 6326 5631
f 5635 6328 6327
f 5635 6327 5632
f 6328 6329 6330
f 6329 5635 5637
f 6329 6328 5635
f 5664 6345 6346
f 5664 6346 5665
f 5667 6348 6349
f 6345 5667 6349
f 6345 5664 5667
f 6351 6353 6352
f 6351 6354 6353
f 6352 5667 5669
f 6352 6348 5667
f 6352 6353 6348
f 5673 6356 6357
f 6354 5673 6357
f 6354 5672 5673
f 6354 6351 5672
f 6356 5673 5675
f 6323 7338 7339
f 6323 7339 6324
f 7341 7343 7342
f 7341 6326 7343
f 7338 6326 7341
f 7338 6323 6326
f 6327 7344 7343
f 6327 7343 6326
f 6328 7345 7344
f 6328 7344 6327
f 7345 7346 7347
f 7346 6328 6330
f 7346 7345 6328
f 7343 8378 8379
f 7343 8379 7342
f 8381 8383 8382
f 8381 7344 8383
f 8378 7344 8381
f 8378 7343 7344
f 7345 8384 8383
f 7345 8383 7344
f 8384 8385 8386
f 8385 7345 7347
f 8385 8384 7345

#List of body polygons
f 26 28 27
f 26 29 28
f 29 26 30
f 31 32 28
f 31 28 29
f 32 33 34
f 33 31 37
f 33 32 31
f 60 61 62
f 60 62 64
f 65 66 67
f 61 65 67
f 61 60 65
f 65 71 66
f 1384 1385 1386
f 28 1387 1384
f 27 1384 1386
f 27 28 1384
f 32 1388 1387
f 32 1387 28
f 1388 1389 1390
f 1389 32 34
f 1389 1388 32
f 2739 2741 2740
f 2739 1384 2741
f 1384 2739 1385
f 1387 2742 2741
f 1387 2741 1384
f 1388 2743 2742
f 1388 2742 1387
f 2743 2744 2745
f 2744 1388 1390
f 2744 2743 1388
f 3882 3884 3883
f 3882 2741 3884
f 2741 3882 2740
f 2742 3885 3884
f 2742 3884 2741
f 3887 2743 3888
f 3887 3885 2743
f 2743 3885 2742
f 2743 2745 3888
f 4635 4637 4636
f 4635 3884 4637
f 3884 4635 3883
f 3885 4638 4637
f 3885 4637 3884
f 4638 4639 4640
f 4639 3885 3887
f 4639 4638 3885
f 4655 4656 4657
f 4658 4655 4659
f 4658 4660 4655
f 4655 4657 4659
f 4661 4660 4662
f 4661 4663 4660
f 4660 4658 4662
f 4664 4663 4665
f 4664 4666 4663
f 4663 4661 4665
f 4667 4666 4668
f 4667 4669 4666
f 4666 4664 4668
f 4669 4670 4671
f 4669 4667 4670
f 5161 5163 5162
f 5161 4637 5163
f 4637 5161 4636
f 4638 5164 5163
f 4638 5163 4637
f 5164 5165 5166
f 5165 4638 4640
f 5165 5164 4638
f 5186 5187 5188
f 5190 4655 5191
f 5190 5186 4655
f 4656 5186 5188
f 4656 4655 5186
f 4660 5192 5193
f 5191 4660 5193
f 5191 4655 4660
f 5201 4663 5200
f 5192 4663 5201
f 5192 4660 4663
f 4666 5202 5203
f 5200 4666 5203
f 5200 4663 4666
f 5205 5207 5206
f 5205 4669 5207
f 5202 4669 5205
f 5202 4666 4669
f 5207 5208 5209
f 5208 4669 4671
f 5208 5207 4669
f 5163 5633 5634
f 5163 5634 5162
f 5636 5638 5637
f 5636 5164 5638
f 5633 5164 5636
f 5633 5163 5164
f 5639 5638 5640
f 5639 5641 5638
f 5640 5164 5166
f 5640 5638 5164
f 5641 5642 5643
f 5641 5639 5642
f 5646 5647 5648
f 5649 5646 5650
f 5649 5651 5646
f 5646 5648 5650
f 5652 5651 5653
f 5652 5654 5651
f 5651 5649 5653
f 5655 5654 5656
f 5655 5657 5654
f 5654 5652 5656
f 5658 5657 5659
f 5658 5660 5657
f 5657 5655 5659
f 5661 5660 5662
f 5661 5663 5660
f 5660 5658 5662
f 5665 5186 5666
f 5665 5663 5186
f 5187 5663 5661
f 5187 5186 5663
f 5186 5190 5666
f 5674 5675 5676
f 5678 5207 5679
f 5678 5674 5207
f 5206 5674 5676
f 5206 5207 5674
f 5207 5209 5679
f 6329 6331 6330
f 6329 5638 6331
f 5638 6329 5637
f 6333 5641 6334
f 6333 6331 5641
f 5641 6331 5638
f 5641 5643 6334
f 6337 6339 6338
f 6337 5646 6339
f 5646 6337 5647
f 5651 6340 6339
f 5651 6339 5646
f 5654 6341 6340
f 5654 6340 5651
f 5657 6342 6341
f 5657 6341 5654
f 5660 6343 6342
f 5660 6342 5657
f 5663 6344 6343
f 5663 6343 5660
f 6345 6344 6346
f 6345 6347 6344
f 6346 5663 5665
f 6346 6344 5663
f 6348 6347 6349
f 6348 6350 6347
f 6347 6345 6349
f 6354 6350 6353
f 6354 6355 6350
f 6353 6350 6348
f 6356 6355 6357
f 6356 6358 6355
f 6356 6359 6358
f 6355 6354 6357
f 5674 6361 6362
f 6359 5674 6362
f 6359 5675 5674
f 6359 6356 5675
f 5674 5678 6361
f 7346 7348 7347
f 7346 6331 7348
f 6331 7346 6330
f 7348 7349 7350
f 7349 6331 6333
f 7349 7348 6331
f 6339 7358 7359
f 6339 7359 6338
f 6340 7365 7366
f 7358 6340 7366
f 7358 6339 6340
f 6341 7372 7373
f 7365 6341 7373
f 7365 6340 6341
f 6342 7379 7380
f 7372 6342 7380
f 7372 6341 6342
f 7392 6343 7391
f 7379 6343 7392
f 7379 6342 6343
f 6344 7393 7394
f 7391 6344 7394
f 7391 6343 6344
f 6347 7398 7399
f 7393 6347 7399
f 7393 6344 6347
f 7407 6350 7406
f 7398 6350 7407
f 7398 6347 6350
f 6355 7408 7409
f 7406 6355 7409
f 7406 6350 6355
f 6355 6358 7408
f 8385 8387 8386
f 8385 7348 8387
f 7348 8385 7347
f 8387 8388 8389
f 8388 7348 7350
f 8388 8387 7348

#List of body polygons
f 33 35 34
f 33 36 35
f 36 33 37
f 38 39 35
f 38 35 36
f 39 40 41
f 40 38 44
f 40 39 38
f 53 55 54
f 53 56 55
f 56 53 57
f 58 59 55
f 58 55 56
f 61 59 62
f 61 63 59
f 62 58 64
f 62 59 58
f 66 63 67
f 66 68 63
f 63 61 67
f 69 70 68
f 71 68 66
f 71 69 68
f 73 75 74
f 73 70 75
f 75 70 69
f 75 80 74
f 1389 1391 1390
f 1389 35 1391
f 35 1389 34
f 39 1392 1391
f 39 1391 35
f 1392 1393 1394
f 1393 39 41
f 1393 1392 39
f 55 1400 1401
f 55 1401 54
f 59 1403 1404
f 1400 59 1404
f 1400 55 59
f 63 1406 1407
f 1403 63 1407
f 1403 59 63
f 68 1409 1410
f 1406 68 1410
f 1406 63 68
f 70 1412 1413
f 1409 70 1413
f 1409 68 70
f 70 73 1412
f 2744 2746 2745
f 2744 1391 2746
f 1391 2744 1390
f 1392 2747 2746
f 1392 2746 1391
f 2747 2748 2749
f 2748 1392 1394
f 2748 2747 1392
f 2757 2758 2759
f 2760 2757 2761
f 2760 2762 2757
f 2757 2759 2761
f 2762 2763 2764
f 2762 2760 2763
f 3886 3887 3888
f 2746 3889 3886
f 2745 3886 3888
f 2745 2746 3886
f 2747 3890 3889
f 2747 3889 2746
f 3890 3891 3892
f 3891 2747 2749
f 3891 3890 2747
f 3899 3900 3901
f 2757 3902 3899
f 2758 3899 3901
f 2758 2757 3899
f 2762 3903 3902
f 2762 3902 2757
f 3904 3903 3905
f 3904 3906 3903
f 3905 2762 2764
f 3905 3903 2762
f 3907 3906 3908
f 3907 3909 3906
f 3906 3904 3908
f 3910 3909 3911
f 3910 3912 3909
f 3909 3907 3911
f 3913 3912 3914
f 3913 3915 3912
f 3912 3910 3914
f 3915 3916 3917
f 3915 3913 3916
f 4639 4641 4640
f 4639 3886 4641
f 3886 4639 3887
f 3889 4642 4641
f 3889 4641 3886
f 3890 4643 4642
f 3890 4642 3889
f 4643 4644 4645
f 4644 3890 3892
f 4644 4643 3890
f 4651 4652 4653
f 3899 4654 4651
f 3900 4651 4653
f 3900 3899 4651
f 4656 3902 4657
f 4656 4654 3902
f 3902 4654 3899
f 3903 4658 4659
f 4657 3903 4659
f 4657 3902 3903
f 3906 4661 4662
f 4658 3906 4662
f 4658 3903 3906
f 3909 4664 4665
f 4661 3909 4665
f 4661 3906 3909
f 3912 4667 4668
f 4664 3912 4668
f 4664 3909 3912
f 4670 4672 4671
f 4670 3915 4672
f 4667 3915 4670
f 4667 3912 3915
f 4673 4672 4674
f 4673 4675 4672
f 4674 3915 3917
f 4674 4672 3915
f 4675 4676 4677
f 4675 4673 4676
f 5165 5167 5166
f 5165 4641 5167
f 4641 5165 4640
f 4642 5168 5167
f 4642 5167 4641
f 4643 5169 5168
f 4643 5168 4642
f 5170 5169 5171
f 5170 5172 5169
f 5171 4643 4645
f 5171 5169 4643
f 5173 5172 5174
f 5173 5175 5172
f 5172 5170 5174
f 5176 5175 5177
f 5176 5178 5175
f 5175 5173 5177
f 5179 5178 5180
f 5179 5181 5178
f 5178 5176 5180
f 5182 5181 5183
f 5182 5184 5181
f 5181 5179 5183
f 4651 5185 5184
f 4652 5184 5182
f 4652 4651 5184
f 5187 4654 5188
f 5187 5185 4654
f 4654 5185 4651
f 4654 4656 5188
f 5208 5210 5209
f 5208 4672 5210
f 4672 5208 4671
f 5212 4675 5213
f 5212 5210 4675
f 4675 5210 4672
f 4675 4677 5213
f 5167 5639 5640
f 5167 5640 5166
f 5642 5644 5643
f 5642 5168 5644
f 5639 5168 5642
f 5639 5167 5168
f 5169 5645 5644
f 5169 5644 5168
f 5647 5172 5648
f 5647 5645 5172
f 5172 5645 5169
f 5175 5649 5650
f 5648 5175 5650
f 5648 5172 5175
f 5178 5652 5653
f 5649 5178 5653
f 5649 5175 5178
f 5181 5655 5656
f 5652 5181 5656
f 5652 5178 5181
f 5184 5658 5659
f 5655 5184 5659
f 5655 5181 5184
f 5185 5661 5662
f 5658 5185 5662
f 5658 5184 5185
f 5185 5187 5661
f 5677 5678 5679
f 5681 5210 5682
f 5681 5677 5210
f 5209 5677 5679
f 5209 5210 5677
f 5210 5212 5682
f 6332 6333 6334
f 5644 6335 6332
f 5643 6332 6334
f 5643 5644 6332
f 5645 6336 6335
f 5645 6335 5644
f 6336 6337 6338
f 6337 5645 5647
f 6337 6336 5645
f 6359 6360 6358
f 6361 6360 6362
f 6361 6363 6360
f 6360 6359 6362
f 6365 5677 6366
f 6365 6363 5677
f 5678 6363 6361
f 5678 5677 6363
f 5677 5681 6366
f 7349 7351 7350
f 7349 6332 7351
f 6332 7349 6333
f 7353 6335 7354
f 7353 7351 6335
f 6335 7351 6332
f 6336 7355 7356
f 7354 6336 7356
f 7354 6335 6336
f 7358 7360 7359
f 7358 7361 7360
f 7359 6336 6338
f 7359 7355 6336
f 7359 7360 7355
f 7365 7367 7366
f 7365 7368 7367
f 7361 7366 7367
f 7361 7358 7366
f 7372 7374 7373
f 7372 7375 7374
f 7368 7373 7374
f 7368 7365 7373
f 7379 7381 7380
f 7379 7382 7381
f 7375 7380 7381
f 7375 7372 7380
f 7390 7391 7389
f 7390 7392 7391
f 7382 7392 7390
f 7382 7379 7392
f 7393 7395 7394
f 7393 7396 7395
f 7389 7394 7395
f 7389 7391 7394
f 7398 7400 7399
f 7398 7401 7400
f 7396 7399 7400
f 7396 7393 7399
f 7403 7405 7404
f 7403 7406 7405
f 7403 7407 7406
f 7401 7407 7403
f 7401 7398 7407
f 7408 7405 7409
f 7408 7410 7405
f 7405 7406 7409
f 7412 6360 7413
f 7412 7410 6360
f 6358 7410 7408
f 6358 6360 7410
f 6363 7414 7415
f 7413 6363 7415
f 7413 6360 6363
f 6363 6365 7414
f 8388 8390 8389
f 8388 7351 8390
f 7351 8388 7350
f 8395 8390 8394
f 8394 7351 7353
f 8394 8390 7351
f 8436 8438 8437
f 8436 7405 8438
f 7405 8436 7404
f 7410 8439 8438
f 7410 8438 7405
f 8440 8439 8441
f 8440 8442 8439
f 8441 7410 7412
f 8441 8439 7410
f 8442 8443 8444
f 8442 8440 8443

#List of body polygons
f 40 42 41
f 40 43 42
f 43 40 44
f 45 46 42
f 45 42 43
f 47 48 46
f 47 46 45
f 49 50 48
f 49 48 47
f 51 52 50
f 51 50 49
f 52 53 54
f 53 51 57
f 53 52 51
f 72 73 74
f 77 79 78
f 77 72 79
f 80 72 74
f 80 79 72
f 79 85 78
f 1393 1395 1394
f 1393 42 1395
f 42 1393 41
f 46 1396 1395
f 46 1395 42
f 48 1397 1396
f 48 1396 46
f 50 1398 1397
f 50 1397 48
f 52 1399 1398
f 52 1398 50
f 1400 1399 1401
f 1400 1402 1399
f 1401 52 54
f 1401 1399 52
f 1403 1402 1404
f 1403 1405 1402
f 1402 1400 1404
f 1406 1405 1407
f 1406 1408 1405
f 1405 1403 1407
f 1409 1408 1410
f 1409 1411 1408
f 1408 1406 1410
f 1412 1411 1413
f 1412 1414 1411
f 1411 1409 1413
f 72 1415 1414
f 73 1414 1412
f 73 72 1414
f 1415 1416 1417
f 1416 72 77
f 1416 1415 72
f 2748 2750 2749
f 2748 1395 2750
f 1395 2748 1394
f 1396 2751 2750
f 1396 2750 1395
f 1397 2752 2751
f 1397 2751 1396
f 1398 2753 2752
f 1398 2752 1397
f 1399 2754 2753
f 1399 2753 1398
f 1402 2755 2754
f 1402 2754 1399
f 1405 2756 2755
f 1405 2755 1402
f 2758 1408 2759
f 2758 2756 1408
f 1408 2756 1405
f 1411 2760 2761
f 2759 1411 2761
f 2759 1408 1411
f 2763 2765 2764
f 2763 1414 2765
f 2760 1414 2763
f 2760 1411 1414
f 1415 2766 2765
f 1415 2765 1414
f 2767 2766 2768
f 2767 2769 2766
f 2768 1415 1417
f 2768 2766 1415
f 2770 2769 2771
f 2770 2772 2769
f 2769 2767 2771
f 2776 2772 2775
f 2776 2777 2772
f 2775 2772 2770
f 2781 2777 2780
f 2781 2782 2777
f 2777 2776 2780
f 2782 2783 2784
f 2783 2782 2781
f 3891 3893 3892
f 3891 2750 3893
f 2750 3891 2749
f 2751 3894 3893
f 2751 3893 2750
f 2752 3895 3894
f 2752 3894 2751
f 2753 3896 3895
f 2753 3895 2752
f 2754 3897 3896
f 2754 3896 2753
f 2755 3898 3897
f 2755 3897 2754
f 3900 2756 3901
f 3900 3898 2756
f 2756 3898 2755
f 2756 2758 3901
f 2765 3904 3905
f 2765 3905 2764
f 2766 3907 3908
f 3904 2766 3908
f 3904 2765 2766
f 2769 3910 3911
f 3907 2769 3911
f 3907 2766 2769
f 2772 3913 3914
f 3910 2772 3914
f 3910 2769 2772
f 3916 3918 3917
f 3916 2777 3918
f 3913 2777 3916
f 3913 2772 2777
f 2782 3919 3918
f 2782 3918 2777
f 3920 3919 3921
f 3920 3922 3919
f 3921 2782 2784
f 3921 3919 2782
f 3922 3923 3924
f 3923 3922 3920
f 4644 4646 4645
f 4644 3893 4646
f 3893 4644 3892
f 3894 4647 4646
f 3894 4646 3893
f 3895 4648 4647
f 3895 4647 3894
f 3896 4649 4648
f 3896 4648 3895
f 3897 4650 4649
f 3897 4649 3896
f 4652 3898 4653
f 4652 4650 3898
f 3898 4650 3897
f 3898 3900 4653
f 3918 4673 4674
f 3918 4674 3917
f 4676 4678 4677
f 4676 3919 4678
f 4673 3919 4676
f 4673 3918 3919
f 3922 4679 4678
f 3922 4678 3919
f 4680 4679 4681
f 4680 4682 4679
f 4681 3922 3924
f 4681 4679 3922
f 4682 4683 4684
f 4682 4680 4683
f 4646 5170 5171
f 4646 5171 4645
f 4647 5173 5174
f 5170 4647 5174
f 5170 4646 4647
f 4648 5176 5177
f 5173 4648 5177
f 5173 4647 4648
f 4649 5179 5180
f 5176 4649 5180
f 5176 4648 4649
f 4650 5182 5183
f 5179 4650 5183
f 5179 4649 4650
f 4650 4652 5182
f 5211 5212 5213
f 4678 5214 5211
f 4677 5211 5213
f 4677 4678 5211
f 5216 4679 5217
f 5216 5214 4679
f 4679 5214 4678
f 4682 5218 5219
f 5217 4682 5219
f 5217 4679 4682
f 4682 4684 5218
f 5680 5681 5682
f 5211 5683 5680
f 5212 5680 5682
f 5212 5211 5680
f 5685 5214 5686
f 5685 5683 5214
f 5214 5683 5211
f 5214 5216 5686
f 6364 6365 6366
f 6368 5680 6369
f 6368 6364 5680
f 5681 6364 6366
f 5681 5680 6364
f 5683 6370 6371
f 6369 5683 6371
f 6369 5680 5683
f 6370 5683 5685
f 7352 7353 7354
f 7355 7352 7356
f 7355 7357 7352
f 7352 7354 7356
f 7361 7357 7360
f 7361 7362 7357
f 7361 7363 7362
f 7360 7357 7355
f 7368 7369 7367
f 7368 7370 7369
f 7363 7367 7369
f 7363 7361 7367
f 7375 7376 7374
f 7375 7377 7376
f 7370 7374 7376
f 7370 7368 7374
f 7382 7383 7381
f 7382 7384 7383
f 7377 7381 7383
f 7377 7375 7381
f 7386 7388 7387
f 7386 7389 7388
f 7386 7390 7389
f 7384 7390 7386
f 7384 7382 7390
f 7396 7388 7395
f 7396 7397 7388
f 7388 7389 7395
f 7401 7397 7400
f 7401 7402 7397
f 7397 7396 7400
f 7402 7403 7404
f 7402 7401 7403
f 7411 7412 7413
f 7414 7411 7415
f 7414 7416 7411
f 7411 7413 7415
f 7418 6364 7419
f 7418 7416 6364
f 6365 7416 7414
f 6365 6364 7416
f 6364 6368 7419
f 8392 7352 8393
f 8392 8394 7352
f 8392 8395 8394
f 7352 8394 7353
f 7357 8396 8397
f 8393 7357 8397
f 8393 7352 7357
f 8396 7357 7362
f 8427 7388 8426
f 7388 8427 7387
f 8432 7397 8431
f 8426 7397 8432
f 8426 7388 7397
f 8433 8435 8434
f 8433 7402 8435
f 8431 7402 8433
f 8431 7397 7402
f 8435 8436 8437
f 8436 7402 7404
f 8436 8435 7402
f 7411 8440 8441
f 7411 8441 7412
f 8443 8445 8444
f 8443 7416 8445
f 8440 7416 8443
f 8440 7411 7416
f 8445 8446 8447
f 8446 7416 7418
f 8446 8445 7416

#List of body polygons
f 76 77 78
f 82 84 83
f 82 76 84
f 85 76 78
f 85 84 76
f 84 88 83
f 1416 1418 1417
f 1416 76 1418
f 76 1416 77
f 1419 1418 1420
f 1419 1421 1418
f 1420 76 82
f 1420 1418 76
f 1421 1422 1423
f 1421 1419 1422
f 1418 2767 2768
f 1418 2768 1417
f 1421 2770 2771
f 2767 1421 2771
f 2767 1418 1421
f 2773 2775 2774
f 2773 2776 2775
f 2774 1421 1423
f 2774 2770 1421
f 2774 2775 2770
f 2778 2780 2779
f 2778 2781 2780
f 2776 2779 2780
f 2776 2773 2779
f 2783 2785 2784
f 2783 2786 2785
f 2783 2787 2786
f 2787 2781 2778
f 2787 2783 2781
f 2785 2790 2791
f 2790 2785 2786
f 2785 3920 3921
f 2785 3921 2784
f 3923 3925 3924
f 3923 3926 3925
f 3923 3927 3926
f 3927 2785 2791
f 3927 3920 2785
f 3927 3923 3920
f 3928 3925 3929
f 3928 3930 3925
f 3925 3926 3929
f 3930 3931 3932
f 3931 3930 3928
f 3925 4680 4681
f 3925 4681 3924
f 4683 4685 4684
f 4683 3930 4685
f 4680 3930 4683
f 4680 3925 3930
f 4686 4685 4687
f 4686 4688 4685
f 4687 3930 3932
f 4687 4685 3930
f 4689 4688 4690
f 4689 4691 4688
f 4688 4686 4690
f 4691 4692 4693
f 4692 4691 4689
f 5215 5216 5217
f 5218 5215 5219
f 5218 5220 5215
f 5215 5217 5219
f 4685 5221 5220
f 4684 5220 5218
f 4684 4685 5220
f 4688 5222 5221
f 4688 5221 4685
f 5224 4691 5225
f 5224 5222 4691
f 4691 5222 4688
f 4691 4693 5225
f 5684 5685 5686
f 5688 5215 5689
f 5688 5684 5215
f 5216 5684 5686
f 5216 5215 5684
f 5220 5690 5691
f 5689 5220 5691
f 5689 5215 5220
f 5221 5693 5694
f 5690 5221 5694
f 5690 5220 5221
f 5222 5696 5697
f 5693 5222 5697
f 5693 5221 5222
f 5222 5224 5696
f 6367 6368 6369
f 6370 6367 6371
f 6370 6372 6367
f 6370 6373 6372
f 6367 6369 6371
f 5684 6375 6376
f 6373 5684 6376
f 6373 5685 5684
f 6373 6370 5685
f 6375 5684 5688
f 7363 7364 7362
f 7370 7364 7369
f 7370 7371 7364
f 7364 7363 7369
f 7377 7371 7376
f 7377 7378 7371
f 7371 7370 7376
f 7384 7378 7383
f 7384 7385 7378
f 7378 7377 7383
f 7385 7386 7387
f 7385 7384 7386
f 7417 7418 7419
f 7421 6367 7422
f 7421 7417 6367
f 6368 7417 7419
f 6368 6367 7417
f 6367 6372 7422
f 8391 8392 8393
f 8396 8391 8397
f 8396 8398 8391
f 8396 8399 8398
f 8391 8393 8397
f 7364 8401 8402
f 8399 7364 8402
f 8399 7362 7364
f 8399 8396 7362
f 7371 8406 8407
f 8401 7371 8407
f 8401 7364 7371
f 7378 8411 8412
f 8406 7378 8412
f 8406 7371 7378
f 7385 8416 8417
f 8411 7385 8417
f 8411 7378 7385
f 8425 8426 8424
f 8425 8427 8426
f 8427 7385 7387
f 8427 8416 7385
f 8427 8425 8416
f 8428 8430 8429
f 8428 8431 8430
f 8428 8432 8431
f 8424 8432 8428
f 8424 8426 8432
f 8430 8433 8434
f 8430 8431 8433
f 8446 8448 8447
f 8446 7417 8448
f 7417 8446 7418
f 8449 8448 8450
f 8449 8451 8448
f 8450 7417 7421
f 8450 8448 7417
f 8451 8452 8453
f 8452 8451 8449

#List of body polygons
f 81 82 83
f 86 87 81
f 88 81 83
f 88 86 81
f 87 89 90
f 89 86 93
f 89 87 86
f 81 1419 1420
f 81 1420 82
f 1422 1424 1423
f 1422 87 1424
f 1419 87 1422
f 1419 81 87
f 1425 1424 1426
f 1425 1427 1424
f 1426 87 90
f 1426 1424 87
f 1427 1428 1429
f 1428 1427 1425
f 1424 2773 2774
f 1424 2774 1423
f 1427 2778 2779
f 2773 1427 2779
f 2773 1424 1427
f 2787 2788 2786
f 2787 2789 2788
f 2789 1427 1429
f 2789 2778 1427
f 2789 2787 2778
f 2790 2792 2791
f 2790 2793 2792
f 2790 2794 2793
f 2794 2786 2788
f 2794 2790 2786
f 2802 2792 2801
f 2802 2803 2792
f 2801 2792 2793
f 2803 2804 2805
f 2804 2803 2802
f 3927 2792 3926
f 2792 3927 2791
f 2803 3928 3929
f 3926 2803 3929
f 3926 2792 2803
f 3931 3933 3932
f 3931 3934 3933
f 3931 3935 3934
f 3935 2803 2805
f 3935 3928 2803
f 3935 3931 3928
f 3939 3933 3938
f 3939 3940 3933
f 3938 3933 3934
f 3940 3941 3942
f 3941 3940 3939
f 3933 4686 4687
f 3933 4687 3932
f 3940 4689 4690
f 4686 3940 4690
f 4686 3933 3940
f 4692 4694 4693
f 4692 4695 4694
f 4692 4696 4695
f 4696 3940 3942
f 4696 4689 3940
f 4696 4692 4689
f 4694 4697 4698
f 4697 4694 4695
f 5223 5224 5225
f 4694 5226 5223
f 4693 5223 5225
f 4693 4694 5223
f 5226 5227 5228
f 5227 4694 4698
f 5227 5226 4694
f 5687 5688 5689
f 5690 5687 5691
f 5690 5692 5687
f 5687 5689 5691
f 5693 5692 5694
f 5693 5695 5692
f 5692 5690 5694
f 5696 5695 5697
f 5696 5698 5695
f 5695 5693 5697
f 5700 5223 5701
f 5700 5698 5223
f 5224 5698 5696
f 5224 5223 5698
f 5226 5702 5703
f 5701 5226 5703
f 5701 5223 5226
f 5702 5226 5228
f 6373 6374 6372
f 6375 6374 6376
f 6375 6377 6374
f 6375 6378 6377
f 6374 6373 6376
f 5687 6380 6381
f 6378 5687 6381
f 6378 5688 5687
f 6378 6375 5688
f 5692 6383 6384
f 6380 5692 6384
f 6380 5687 5692
f 5695 6388 6389
f 6383 5695 6389
f 6383 5692 5695
f 5698 6393 6394
f 6388 5698 6394
f 6388 5695 5698
f 6393 5698 5700
f 7420 7421 7422
f 7424 6374 7425
f 7424 7420 6374
f 6372 7420 7422
f 6372 6374 7420
f 6374 6377 7425
f 8399 8400 8398
f 8401 8400 8402
f 8401 8403 8400
f 8401 8404 8403
f 8400 8399 8402
f 8406 8408 8407
f 8406 8409 8408
f 8404 8407 8408
f 8404 8401 8407
f 8411 8413 8412
f 8411 8414 8413
f 8409 8412 8413
f 8409 8406 8412
f 8416 8418 8417
f 8416 8419 8418
f 8414 8417 8418
f 8414 8411 8417
f 8421 8423 8422
f 8421 8424 8423
f 8421 8425 8424
f 8425 8419 8416
f 8425 8421 8419
f 8423 8428 8429
f 8423 8424 8428
f 7420 8449 8450
f 7420 8450 7421
f 8452 8454 8453
f 8452 8455 8454
f 8452 8456 8455
f 8456 7420 7424
f 8456 8449 7420
f 8456 8452 8449
f 8454 8457 8458
f 8454 8455 8457

#List of body polygons
f 89 91 90
f 89 92 91
f 92 89 93
f 91 94 95
f 94 92 98
f 94 91 92
f 91 1425 1426
f 91 1426 90
f 1428 1430 1429
f 1428 1431 1430
f 1428 1432 1431
f 1432 91 95
f 1432 1425 91
f 1432 1428 1425
f 1430 1433 1434
f 1433 1430 1431
f 2789 1430 2788
f 1430 2789 1429
f 2794 2795 2793
f 2794 2796 2795
f 2796 1430 1434
f 2796 2788 1430
f 2796 2794 2788
f 2800 2801 2799
f 2800 2802 2801
f 2799 2793 2795
f 2799 2801 2793
f 2804 2806 2805
f 2804 2807 2806
f 2804 2808 2807
f 2808 2802 2800
f 2808 2804 2802
f 2806 2813 2814
f 2806 2807 2813
f 3935 2806 3934
f 2806 3935 2805
f 3936 3938 3937
f 3936 3939 3938
f 3937 2806 2814
f 3937 3934 2806
f 3937 3938 3934
f 3941 3943 3942
f 3941 3944 3943
f 3941 3945 3944
f 3945 3939 3936
f 3945 3941 3939
f 3943 3948 3949
f 3943 3944 3948
f 4696 3943 4695
f 3943 4696 3942
f 4697 4699 4698
f 4697 4700 4699
f 4697 4701 4700
f 4701 3943 3949
f 4701 4695 3943
f 4701 4697 4695
f 4702 4699 4703
f 4702 4704 4699
f 4699 4700 4703
f 4704 4705 4706
f 4705 4704 4702
f 5227 5229 5228
f 5227 4699 5229
f 4699 5227 4698
f 5231 4704 5232
f 5231 5229 4704
f 4704 5229 4699
f 4704 4706 5232
f 5699 5700 5701
f 5702 5699 5703
f 5702 5704 5699
f 5702 5705 5704
f 5699 5701 5703
f 5229 5707 5708
f 5705 5229 5708
f 5705 5228 5229
f 5705 5702 5228
f 5707 5229 5231
f 6378 6379 6377
f 6380 6379 6381
f 6380 6382 6379
f 6379 6378 6381
f 6383 6382 6384
f 6383 6385 6382
f 6383 6386 6385
f 6382 6380 6384
f 6388 6390 6389
f 6388 6391 6390
f 6386 6389 6390
f 6386 6383 6389
f 6393 6395 6394
f 6393 6396 6395
f 6391 6394 6395
f 6391 6388 6394
f 5699 6400 6401
f 6396 5699 6401
f 6396 5700 5699
f 6396 6393 5700
f 6400 5699 5704
f 7423 7424 7425
f 6379 7426 7423
f 6377 7423 7425
f 6377 6379 7423
f 7428 6382 7429
f 7428 7426 6382
f 6382 7426 6379
f 6382 6385 7429
f 8404 8405 8403
f 8409 8405 8408
f 8409 8410 8405
f 8405 8404 8408
f 8414 8410 8413
f 8414 8415 8410
f 8410 8409 8413
f 8419 8415 8418
f 8419 8420 8415
f 8415 8414 8418
f 8420 8421 8422
f 8421 8420 8419
f 8456 7423 8455
f 7423 8456 7424
f 8457 8459 8458
f 8457 7426 8459
f 8455 7426 8457
f 8455 7423 7426
f 8459 8460 8461
f 8460 7426 7428
f 8460 8459 7426

#List of body polygons
f 94 96 95
f 94 97 96
f 97 94 98
f 96 99 100
f 99 97 103
f 99 96 97
f 1432 96 1431
f 96 1432 95
f 1433 1435 1434
f 1433 1436 1435
f 1433 1437 1436
f 1437 96 100
f 1437 1431 96
f 1437 1433 1431
f 1435 1438 1439
f 1438 1435 1436
f 2796 1435 2795
f 1435 2796 1434
f 2797 2799 2798
f 2797 2800 2799
f 2798 1435 1439
f 2798 2795 1435
f 2798 2799 2795
f 2808 2809 2807
f 2808 2810 2809
f 2810 2800 2797
f 2810 2808 2800
f 2813 2815 2814
f 2813 2816 2815
f 2813 2817 2816
f 2807 2817 2813
f 2807 2809 2817
f 2815 2820 2821
f 2820 2815 2816
f 2815 3936 3937
f 2815 3937 2814
f 3945 3946 3944
f 3945 3947 3946
f 3947 2815 2821
f 3947 3936 2815
f 3947 3945 3936
f 3948 3950 3949
f 3948 3951 3950
f 3948 3952 3951
f 3944 3952 3948
f 3944 3946 3952
f 3956 3950 3955
f 3956 3957 3950
f 3955 3950 3951
f 3957 3958 3959
f 3958 3957 3956
f 4701 3950 4700
f 3950 4701 3949
f 3957 4702 4703
f 4700 3957 4703
f 4700 3950 3957
f 4705 4707 4706
f 4705 4708 4707
f 4705 4709 4708
f 4709 3957 3959
f 4709 4702 3957
f 4709 4705 4702
f 4707 4710 4711
f 4710 4707 4708
f 5230 5231 5232
f 5234 4707 5235
f 5234 5230 4707
f 4706 5230 5232
f 4706 4707 5230
f 4707 4711 5235
f 5705 5706 5704
f 5707 5706 5708
f 5707 5709 5706
f 5707 5710 5709
f 5706 5705 5708
f 5230 5712 5713
f 5710 5230 5713
f 5710 5231 5230
f 5710 5707 5231
f 5712 5230 5234
f 6386 6387 6385
f 6391 6387 6390
f 6391 6392 6387
f 6387 6386 6390
f 6396 6392 6395
f 6396 6397 6392
f 6396 6398 6397
f 6392 6391 6395
f 6400 6402 6401
f 6400 6403 6402
f 6398 6401 6402
f 6398 6396 6401
f 5706 6407 6408
f 6403 5706 6408
f 6403 5704 5706
f 6403 6400 5704
f 6407 5706 5709
f 7427 7428 7429
f 7431 6387 7432
f 7431 7427 6387
f 6385 7427 7429
f 6385 6387 7427
f 6392 7433 7434
f 7432 6392 7434
f 7432 6387 6392
f 7433 6392 6397
f 8460 8462 8461
f 8460 7427 8462
f 7427 8460 7428
f 8467 8462 8466
f 8466 7427 7431
f 8466 8462 7427

#List of body polygons
f 99 101 100
f 99 102 101
f 102 99 103
f 101 104 105
f 104 102 108
f 104 101 102
f 1437 101 1436
f 101 1437 100
f 1438 1440 1439
f 1438 1441 1440
f 1438 1442 1441
f 1442 101 105
f 1442 1436 101
f 1442 1438 1436
f 1440 1443 1444
f 1443 1440 1441
f 1440 2797 2798
f 1440 2798 1439
f 2810 2811 2809
f 2810 2812 2811
f 2812 1440 1444
f 2812 2797 1440
f 2812 2810 2797
f 2817 2818 2816
f 2817 2819 2818
f 2809 2819 2817
f 2809 2811 2819
f 2820 2822 2821
f 2820 2823 2822
f 2820 2824 2823
f 2824 2816 2818
f 2824 2820 2816
f 2832 2822 2831
f 2832 2833 2822
f 2831 2822 2823
f 2833 2834 2835
f 2834 2833 2832
f 3947 2822 3946
f 2822 3947 2821
f 3952 2833 3951
f 3946 2833 3952
f 3946 2822 2833
f 3953 3955 3954
f 3953 3956 3955
f 3954 2833 2835
f 3954 3951 2833
f 3954 3955 3951
f 3958 3960 3959
f 3958 3961 3960
f 3958 3962 3961
f 3962 3956 3953
f 3962 3958 3956
f 3960 3965 3966
f 3960 3961 3965
f 4709 3960 4708
f 3960 4709 3959
f 4710 4712 4711
f 4710 4713 4712
f 4710 4714 4713
f 4714 3960 3966
f 4714 4708 3960
f 4714 4710 4708
f 4712 4715 4716
f 4712 4713 4715
f 5233 5234 5235
f 5237 4712 5238
f 5237 5233 4712
f 4711 5233 5235
f 4711 4712 5233
f 4712 4716 5238
f 5710 5711 5709
f 5712 5711 5713
f 5712 5714 5711
f 5712 5715 5714
f 5711 5710 5713
f 5233 5717 5718
f 5715 5233 5718
f 5715 5234 5233
f 5715 5712 5234
f 5233 5237 5717
f 6398 6399 6397
f 6403 6399 6402
f 6403 6404 6399
f 6403 6405 6404
f 6399 6398 6402
f 6407 6409 6408
f 6407 6410 6409
f 6405 6408 6409
f 6405 6403 6408
f 5711 6414 6415
f 6410 5711 6415
f 6410 5709 5711
f 6410 6407 5709
f 6414 5711 5714
f 7430 7431 7432
f 7433 7430 7434
f 7433 7435 7430
f 7433 7436 7435
f 7430 7432 7434
f 6399 7438 7439
f 7436 6399 7439
f 7436 6397 6399
f 7436 7433 6397
f 7438 6399 6404
f 8464 7430 8465
f 8464 8466 7430
f 8464 8467 8466
f 7430 8466 7431
f 7430 7435 8465

#List of body polygons
f 104 106 105
f 104 107 106
f 107 104 108
f 106 109 110
f 109 107 113
f 109 106 107
f 1442 106 1441
f 106 1442 105
f 1443 1445 1444
f 1443 1446 1445
f 1443 1447 1446
f 1447 106 110
f 1447 1441 106
f 1447 1443 1441
f 1451 1445 1450
f 1451 1452 1445
f 1450 1445 1446
f 1452 1453 1454
f 1453 1452 1451
f 2812 1445 2811
f 1445 2812 1444
f 2819 1452 2818
f 2811 1452 2819
f 2811 1445 1452
f 2824 2825 2823
f 2824 2826 2825
f 2826 1452 1454
f 2826 2818 1452
f 2826 2824 2818
f 2830 2831 2829
f 2830 2832 2831
f 2829 2823 2825
f 2829 2831 2823
f 2834 2836 2835
f 2834 2837 2836
f 2834 2838 2837
f 2838 2832 2830
f 2838 2834 2832
f 2836 2843 2844
f 2836 2837 2843
f 2836 3953 3954
f 2836 3954 2835
f 3962 3963 3961
f 3962 3964 3963
f 3964 2836 2844
f 3964 3953 2836
f 3964 3962 3953
f 3965 3967 3966
f 3965 3968 3967
f 3965 3969 3968
f 3961 3969 3965
f 3961 3963 3969
f 3973 3967 3972
f 3973 3974 3967
f 3972 3967 3968
f 3974 3975 3976
f 3975 3974 3973
f 4714 3967 4713
f 3967 4714 3966
f 4715 4717 4716
f 4715 3974 4717
f 4713 3974 4715
f 4713 3967 3974
f 4718 4717 4719
f 4718 4720 4717
f 4719 3974 3976
f 4719 4717 3974
f 4720 4721 4722
f 4721 4720 4718
f 5236 5237 5238
f 4717 5239 5236
f 4716 5236 5238
f 4716 4717 5236
f 5241 4720 5242
f 5241 5239 4720
f 4720 5239 4717
f 4720 4722 5242
f 5715 5716 5714
f 5717 5716 5718
f 5717 5719 5716
f 5716 5715 5718
f 5721 5236 5722
f 5721 5719 5236
f 5237 5719 5717
f 5237 5236 5719
f 5239 5723 5724
f 5722 5239 5724
f 5722 5236 5239
f 5723 5239 5241
f 6405 6406 6404
f 6410 6406 6409
f 6410 6411 6406
f 6410 6412 6411
f 6406 6405 6409
f 6414 6416 6415
f 6414 6417 6416
f 6412 6415 6416
f 6412 6410 6415
f 5716 6421 6422
f 6417 5716 6422
f 6417 5714 5716
f 6417 6414 5714
f 5719 6428 6429
f 6421 5719 6429
f 6421 5716 5719
f 6428 5719 5721
f 7436 7437 7435
f 7438 7437 7439
f 7438 7440 7437
f 7438 7441 7440
f 7437 7436 7439
f 6406 7443 7444
f 7441 6406 7444
f 7441 6404 6406
f 7441 7438 6404
f 7443 6406 6411
f 8463 8464 8465
f 8469 7437 8470
f 8469 8463 7437
f 7435 8463 8465
f 7435 7437 8463
f 7437 7440 8470

#List of body polygons
f 109 111 110
f 109 112 111
f 112 109 113
f 111 114 115
f 114 112 118
f 114 111 112
f 1447 111 1446
f 111 1447 110
f 1448 1450 1449
f 1448 1451 1450
f 1449 111 115
f 1449 1446 111
f 1449 1450 1446
f 1453 1455 1454
f 1453 1456 1455
f 1453 1457 1456
f 1457 1451 1448
f 1457 1453 1451
f 1455 1460 1461
f 1460 1455 1456
f 2826 1455 2825
f 1455 2826 1454
f 2827 2829 2828
f 2827 2830 2829
f 2828 1455 1461
f 2828 2825 1455
f 2828 2829 2825
f 2838 2839 2837
f 2838 2840 2839
f 2840 2830 2827
f 2840 2838 2830
f 2843 2845 2844
f 2843 2846 2845
f 2843 2847 2846
f 2837 2847 2843
f 2837 2839 2847
f 2855 2845 2854
f 2855 2856 2845
f 2854 2845 2857
f 2856 2858 2859
f 2858 2856 2855
f 3964 2845 3963
f 2845 3964 2844
f 3969 2856 3968
f 3963 2856 3969
f 3963 2845 2856
f 3970 3972 3971
f 3970 3973 3972
f 3971 2856 2859
f 3971 3968 2856
f 3971 3972 3968
f 3975 3977 3976
f 3975 3978 3977
f 3975 3979 3978
f 3979 3973 3970
f 3979 3975 3973
f 3977 3982 3983
f 3977 3978 3982
f 3977 4718 4719
f 3977 4719 3976
f 4721 4723 4722
f 4721 4724 4723
f 4721 4725 4724
f 4725 3977 3983
f 4725 4718 3977
f 4725 4721 4718
f 4723 4726 4727
f 4726 4723 4724
f 5240 5241 5242
f 5244 4723 5245
f 5244 5240 4723
f 4722 5240 5242
f 4722 4723 5240
f 4723 4727 5245
f 5720 5721 5722
f 5723 5720 5724
f 5723 5725 5720
f 5723 5726 5725
f 5720 5722 5724
f 5240 5728 5729
f 5726 5240 5729
f 5726 5241 5240
f 5726 5723 5241
f 5728 5240 5244
f 6412 6413 6411
f 6417 6413 6416
f 6417 6418 6413
f 6417 6419 6418
f 6413 6412 6416
f 6421 6423 6422
f 6421 6424 6423
f 6419 6422 6423
f 6419 6417 6422
f 6428 6430 6429
f 6428 6431 6430
f 6424 6429 6430
f 6424 6421 6429
f 5720 6435 6436
f 6431 5720 6436
f 6431 5721 5720
f 6431 6428 5721
f 6435 5720 5725
f 7441 7442 7440
f 7443 7442 7444
f 7443 7445 7442
f 7443 7446 7445
f 7442 7441 7444
f 6413 7448 7449
f 7446 6413 7449
f 7446 6411 6413
f 7446 7443 6411
f 7448 6413 6418
f 8468 8469 8470
f 8472 7442 8473
f 8472 8468 7442
f 7440 8468 8470
f 7440 7442 8468
f 7442 7445 8473

#List of body polygons
f 114 116 115
f 114 117 116
f 117 114 118
f 116 119 120
f 119 117 123
f 119 116 117
f 116 1448 1449
f 116 1449 115
f 1457 1458 1456
f 1457 1459 1458
f 1459 116 120
f 1459 1448 116
f 1459 1457 1448
f 1460 1462 1461
f 1460 1463 1462
f 1460 1464 1463
f 1464 1456 1458
f 1464 1460 1456
f 1462 1467 1468
f 1467 1462 1463
f 1462 2827 2828
f 1462 2828 1461
f 2840 2841 2839
f 2840 2842 2841
f 2842 1462 1468
f 2842 2827 1462
f 2842 2840 2827
f 2847 2848 2846
f 2847 2849 2848
f 2839 2849 2847
f 2839 2841 2849
f 2853 2854 2852
f 2853 2855 2854
f 2852 2857 2848
f 2852 2854 2857
f 2858 2860 2859
f 2858 2861 2860
f 2858 2862 2861
f 2862 2855 2853
f 2862 2858 2855
f 2860 2867 2868
f 2860 2861 2867
f 2860 3970 3971
f 2860 3971 2859
f 3979 3980 3978
f 3979 3981 3980
f 3981 2860 2868
f 3981 3970 2860
f 3981 3979 3970
f 3982 3984 3983
f 3982 3985 3984
f 3982 3986 3985
f 3978 3986 3982
f 3978 3980 3986
f 3984 3987 3988
f 3987 3984 3985
f 4725 3984 4724
f 3984 4725 3983
f 4726 4728 4727
f 4726 4729 4728
f 4726 4730 4729
f 4730 3984 3988
f 4730 4724 3984
f 4730 4726 4724
f 4728 4731 4732
f 4728 4729 4731
f 5243 5244 5245
f 5247 4728 5248
f 5247 5243 4728
f 4727 5243 5245
f 4727 4728 5243
f 4728 4732 5248
f 5726 5727 5725
f 5728 5727 5729
f 5728 5730 5727
f 5728 5731 5730
f 5727 5726 5729
f 5243 5733 5734
f 5731 5243 5734
f 5731 5244 5243
f 5731 5728 5244
f 5733 5243 5247
f 6419 6420 6418
f 6424 6420 6423
f 6424 6425 6420
f 6424 6426 6425
f 6420 6419 6423
f 6431 6432 6430
f 6431 6433 6432
f 6426 6430 6432
f 6426 6424 6430
f 6435 6437 6436
f 6435 6438 6437
f 6433 6436 6437
f 6433 6431 6436
f 5727 6442 6443
f 6438 5727 6443
f 6438 5725 5727
f 6438 6435 5725
f 6442 5727 5730
f 7446 7447 7445
f 7448 7447 7449
f 7448 7450 7447
f 7448 7451 7450
f 7447 7446 7449
f 6420 7453 7454
f 7451 6420 7454
f 7451 6418 6420
f 7451 7448 6418
f 7453 6420 6425
f 8471 8472 8473
f 8475 7447 8476
f 8475 8471 7447
f 7445 8471 8473
f 7445 7447 8471
f 7447 7450 8476

#List of body polygons
f 119 121 120
f 119 122 121
f 122 119 123
f 121 124 125
f 124 122 128
f 124 121 122
f 1459 121 1458
f 121 1459 120
f 1464 1465 1463
f 1464 1466 1465
f 1466 121 125
f 1466 1458 121
f 1466 1464 1458
f 1467 1469 1468
f 1467 1470 1469
f 1467 1471 1470
f 1471 1463 1465
f 1471 1467 1463
f 1477 1469 1476
f 1477 1478 1469
f 1469 1470 1476
f 1478 1479 1480
f 1479 1478 1477
f 2842 1469 2841
f 1469 2842 1468
f 2849 1478 2848
f 2841 1478 2849
f 2841 1469 1478
f 2850 2852 2851
f 2850 2853 2852
f 2851 1478 1480
f 2851 2848 1478
f 2851 2852 2848
f 2862 2863 2861
f 2862 2864 2863
f 2864 2853 2850
f 2864 2862 2853
f 2867 2869 2868
f 2867 2870 2869
f 2867 2871 2870
f 2861 2871 2867
f 2861 2863 2871
f 2879 2869 2878
f 2879 2880 2869
f 2878 2869 2870
f 2880 2881 2882
f 2881 2880 2879
f 3981 2869 3980
f 2869 3981 2868
f 3986 2880 3985
f 3980 2880 3986
f 3980 2869 2880
f 3987 3989 3988
f 3987 3990 3989
f 3987 3991 3990
f 3991 2880 2882
f 3991 3985 2880
f 3991 3987 3985
f 3995 3989 3994
f 3995 3996 3989
f 3994 3989 3990
f 3996 3997 3998
f 3997 3996 3995
f 4730 3989 4729
f 3989 4730 3988
f 4731 4733 4732
f 4731 3996 4733
f 4729 3996 4731
f 4729 3989 3996
f 4733 4734 4735
f 4734 3996 3998
f 4734 4733 3996
f 5246 5247 5248
f 4733 5249 5246
f 4732 5246 5248
f 4732 4733 5246
f 5249 5250 5251
f 5250 4733 4735
f 5250 5249 4733
f 5731 5732 5730
f 5733 5732 5734
f 5733 5735 5732
f 5733 5736 5735
f 5732 5731 5734
f 5246 5738 5739
f 5736 5246 5739
f 5736 5247 5246
f 5736 5733 5247
f 5249 5741 5742
f 5738 5249 5742
f 5738 5246 5249
f 5741 5249 5251
f 6426 6427 6425
f 6433 6427 6432
f 6433 6434 6427
f 6427 6426 6432
f 6438 6434 6437
f 6438 6439 6434
f 6438 6440 6439
f 6434 6433 6437
f 6442 6444 6443
f 6442 6445 6444
f 6440 6443 6444
f 6440 6438 6443
f 5732 6449 6450
f 6445 5732 6450
f 6445 5730 5732
f 6445 6442 5730
f 6449 5732 5735
f 7451 7452 7450
f 7453 7452 7454
f 7453 7455 7452
f 7453 7456 7455
f 7452 7451 7454
f 6427 7458 7459
f 7456 6427 7459
f 7456 6425 6427
f 7456 7453 6425
f 6434 7463 7464
f 7458 6434 7464
f 7458 6427 6434
f 7463 6434 6439
f 8474 8475 8476
f 8478 7452 8479
f 8478 8474 7452
f 7450 8474 8476
f 7450 7452 8474
f 7452 7455 8479

#List of body polygons
f 124 126 125
f 124 127 126
f 127 124 128
f 126 129 130
f 129 127 133
f 129 126 127
f 1466 126 1465
f 126 1466 125
f 1471 1472 1470
f 1471 1473 1472
f 1473 126 130
f 1473 1465 126
f 1473 1471 1465
f 1474 1476 1475
f 1474 1477 1476
f 1470 1475 1476
f 1470 1472 1475
f 1479 1481 1480
f 1479 1482 1481
f 1479 1483 1482
f 1483 1477 1474
f 1483 1479 1477
f 1481 1486 1487
f 1486 1481 1482
f 1481 2850 2851
f 1481 2851 1480
f 2864 2865 2863
f 2864 2866 2865
f 2866 1481 1487
f 2866 2850 1481
f 2866 2864 2850
f 2871 2872 2870
f 2871 2873 2872
f 2863 2873 2871
f 2863 2865 2873
f 2877 2878 2876
f 2877 2879 2878
f 2876 2870 2872
f 2876 2878 2870
f 2881 2883 2882
f 2881 2884 2883
f 2881 2885 2884
f 2885 2879 2877
f 2885 2881 2879
f 2883 2890 2891
f 2890 2883 2884
f 3991 2883 3990
f 2883 3991 2882
f 3992 3994 3993
f 3992 3995 3994
f 3993 2883 2891
f 3993 3990 2883
f 3993 3994 3990
f 3997 3999 3998
f 3997 4000 3999
f 3997 4001 4000
f 4001 3995 3992
f 4001 3997 3995
f 3999 4004 4005
f 4004 3999 4000
f 4734 4736 4735
f 4734 3999 4736
f 3999 4734 3998
f 4737 4736 4738
f 4737 4739 4736
f 4738 3999 4005
f 4738 4736 3999
f 4739 4740 4741
f 4740 4739 4737
f 5250 5252 5251
f 5250 4736 5252
f 4736 5250 4735
f 5254 4739 5255
f 5254 5252 4739
f 4739 5252 4736
f 4739 4741 5255
f 5736 5737 5735
f 5738 5737 5739
f 5738 5740 5737
f 5737 5736 5739
f 5741 5740 5742
f 5741 5743 5740
f 5741 5744 5743
f 5740 5738 5742
f 5252 5746 5747
f 5744 5252 5747
f 5744 5251 5252
f 5744 5741 5251
f 5746 5252 5254
f 6440 6441 6439
f 6445 6441 6444
f 6445 6446 6441
f 6445 6447 6446
f 6441 6440 6444
f 6449 6451 6450
f 6449 6452 6451
f 6447 6450 6451
f 6447 6445 6450
f 5737 6456 6457
f 6452 5737 6457
f 6452 5735 5737
f 6452 6449 5735
f 5740 6461 6462
f 6456 5740 6462
f 6456 5737 5740
f 6461 5740 5743
f 7456 7457 7455
f 7458 7457 7459
f 7458 7460 7457
f 7458 7461 7460
f 7457 7456 7459
f 7463 7465 7464
f 7463 7466 7465
f 7461 7464 7465
f 7461 7458 7464
f 6441 7468 7469
f 7466 6441 7469
f 7466 6439 6441
f 7466 7463 6439
f 7468 6441 6446
f 8477 8478 8479
f 7457 8480 8477
f 7455 8477 8479
f 7455 7457 8477
f 8480 8481 8482
f 8481 7457 7460
f 8481 8480 7457

#List of body polygons
f 129 131 130
f 129 132 131
f 132 129 133
f 135 131 136
f 135 137 131
f 136 132 138
f 136 131 132
f 137 139 140
f 139 137 135
f 1473 131 1472
f 131 1473 130
f 137 1474 1475
f 1472 137 1475
f 1472 131 137
f 1483 1484 1482
f 1483 1485 1484
f 1485 137 140
f 1485 1474 137
f 1485 1483 1474
f 1486 1488 1487
f 1486 1489 1488
f 1486 1490 1489
f 1490 1482 1484
f 1490 1486 1482
f 1498 1488 1497
f 1498 1499 1488
f 1497 1488 1489
f 1499 1500 1501
f 1500 1499 1498
f 2866 1488 2865
f 1488 2866 1487
f 2873 1499 2872
f 2865 1499 2873
f 2865 1488 1499
f 2874 2876 2875
f 2874 2877 2876
f 2875 1499 1501
f 2875 2872 1499
f 2875 2876 2872
f 2885 2886 2884
f 2885 2887 2886
f 2887 2877 2874
f 2887 2885 2877
f 2890 2892 2891
f 2890 2893 2892
f 2890 2894 2893
f 2894 2884 2886
f 2894 2890 2884
f 2892 2899 2900
f 2899 2892 2893
f 2892 3992 3993
f 2892 3993 2891
f 4001 4002 4000
f 4001 4003 4002
f 4003 2892 2900
f 4003 3992 2892
f 4003 4001 3992
f 4004 4006 4005
f 4004 4007 4006
f 4004 4008 4007
f 4008 4000 4002
f 4008 4004 4000
f 4006 4011 4012
f 4011 4006 4007
f 4006 4737 4738
f 4006 4738 4005
f 4740 4742 4741
f 4740 4743 4742
f 4740 4744 4743
f 4744 4006 4012
f 4744 4737 4006
f 4744 4740 4737
f 4742 4745 4746
f 4745 4742 4743
f 5253 5254 5255
f 5257 4742 5258
f 5257 5253 4742
f 4741 5253 5255
f 4741 4742 5253
f 4742 4746 5258
f 5744 5745 5743
f 5746 5745 5747
f 5746 5748 5745
f 5746 5749 5748
f 5745 5744 5747
f 5253 5751 5752
f 5749 5253 5752
f 5749 5254 5253
f 5749 5746 5254
f 5751 5253 5257
f 6447 6448 6446
f 6452 6448 6451
f 6452 6453 6448
f 6452 6454 6453
f 6448 6447 6451
f 6456 6458 6457
f 6456 6459 6458
f 6454 6457 6458
f 6454 6452 6457
f 6461 6463 6462
f 6461 6464 6463
f 6459 6462 6463
f 6459 6456 6462
f 5745 6468 6469
f 6464 5745 6469
f 6464 5743 5745
f 6464 6461 5743
f 6468 5745 5748
f 7461 7462 7460
f 7466 7462 7465
f 7466 7467 7462
f 7462 7461 7465
f 7468 7467 7469
f 7468 7470 7467
f 7468 7471 7470
f 7467 7466 7469
f 6448 7473 7474
f 7471 6448 7474
f 7471 6446 6448
f 7471 7468 6446
f 7473 6448 6453
f 8481 8483 8482
f 8481 7462 8483
f 7462 8481 7460
f 8485 7467 8486
f 8485 8483 7467
f 7467 8483 7462
f 7467 7470 8486

#List of body polygons
f 134 135 136
f 134 136 138
f 139 141 140
f 139 142 141
f 139 143 142
f 143 134 145
f 143 135 134
f 143 139 135
f 141 146 147
f 146 141 142
f 1485 141 1484
f 141 1485 140
f 1490 1491 1489
f 1490 1492 1491
f 1492 141 147
f 1492 1484 141
f 1492 1490 1484
f 1496 1497 1495
f 1496 1498 1497
f 1495 1489 1491
f 1495 1497 1489
f 1500 1502 1501
f 1500 1503 1502
f 1500 1504 1503
f 1504 1498 1496
f 1504 1500 1498
f 1502 1509 1510
f 1509 1502 1503
f 1502 2874 2875
f 1502 2875 1501
f 2887 2888 2886
f 2887 2889 2888
f 2889 1502 1510
f 2889 2874 1502
f 2889 2887 2874
f 2894 2895 2893
f 2894 2896 2895
f 2896 2886 2888
f 2896 2894 2886
f 2899 2901 2900
f 2899 2902 2901
f 2899 2903 2902
f 2903 2893 2895
f 2903 2899 2893
f 2901 2908 2909
f 2908 2901 2902
f 4003 2901 4002
f 2901 4003 2900
f 4008 4009 4007
f 4008 4010 4009
f 4010 2901 2909
f 4010 4002 2901
f 4010 4008 4002
f 4011 4013 4012
f 4011 4014 4013
f 4011 4015 4014
f 4015 4007 4009
f 4015 4011 4007
f 4013 4018 4019
f 4013 4014 4018
f 4744 4013 4743
f 4013 4744 4012
f 4745 4747 4746
f 4745 4748 4747
f 4745 4749 4748
f 4749 4013 4019
f 4749 4743 4013
f 4749 4745 4743
f 4747 4750 4751
f 4747 4748 4750
f 5256 5257 5258
f 5260 4747 5261
f 5260 5256 4747
f 4746 5256 5258
f 4746 4747 5256
f 4747 4751 5261
f 5749 5750 5748
f 5751 5750 5752
f 5751 5753 5750
f 5751 5754 5753
f 5750 5749 5752
f 5256 5756 5757
f 5754 5256 5757
f 5754 5257 5256
f 5754 5751 5257
f 5756 5256 5260
f 6454 6455 6453
f 6459 6455 6458
f 6459 6460 6455
f 6455 6454 6458
f 6464 6460 6463
f 6464 6465 6460
f 6464 6466 6465
f 6460 6459 6463
f 6468 6470 6469
f 6468 6471 6470
f 6466 6469 6470
f 6466 6464 6469
f 5750 6475 6476
f 6471 5750 6476
f 6471 5748 5750
f 6471 6468 5748
f 6475 5750 5753
f 7471 7472 7470
f 7473 7472 7474
f 7473 7475 7472
f 7473 7476 7475
f 7472 7471 7474
f 6455 7478 7479
f 7476 6455 7479
f 7476 6453 6455
f 7476 7473 6453
f 6460 7483 7484
f 7478 6460 7484
f 7478 6455 6460
f 7483 6460 6465
f 8484 8485 8486
f 8488 7472 8489
f 8488 8484 7472
f 7470 8484 8486
f 7470 7472 8484
f 7472 7475 8489

#List of body polygons
f 143 144 142
f 144 143 145
f 146 148 147
f 146 149 148
f 146 150 149
f 150 144 152
f 150 142 144
f 150 146 142
f 148 153 154
f 148 149 153
f 1492 148 1491
f 148 1492 147
f 1493 1495 1494
f 1493 1496 1495
f 1494 148 154
f 1494 1491 148
f 1494 1495 1491
f 1504 1505 1503
f 1504 1506 1505
f 1506 1496 1493
f 1506 1504 1496
f 1509 1511 1510
f 1509 1512 1511
f 1509 1513 1512
f 1513 1503 1505
f 1513 1509 1503
f 1511 1518 1519
f 1518 1511 1512
f 2889 1511 2888
f 1511 2889 1510
f 2896 2897 2895
f 2896 2898 2897
f 2898 1511 1519
f 2898 2888 1511
f 2898 2896 2888
f 2903 2904 2902
f 2903 2905 2904
f 2905 2895 2897
f 2905 2903 2895
f 2908 2910 2909
f 2908 2911 2910
f 2908 2912 2911
f 2912 2902 2904
f 2912 2908 2902
f 2910 2917 2918
f 2910 2911 2917
f 4010 2910 4009
f 2910 4010 2909
f 4015 4016 4014
f 4015 4017 4016
f 4017 2910 2918
f 4017 4009 2910
f 4017 4015 4009
f 4018 4020 4019
f 4018 4021 4020
f 4018 4022 4021
f 4014 4022 4018
f 4014 4016 4022
f 4026 4020 4025
f 4026 4027 4020
f 4025 4020 4021
f 4027 4028 4029
f 4028 4027 4026
f 4749 4020 4748
f 4020 4749 4019
f 4750 4752 4751
f 4750 4027 4752
f 4748 4027 4750
f 4748 4020 4027
f 4752 4753 4754
f 4753 4027 4029
f 4753 4752 4027
f 5259 5260 5261
f 4752 5262 5259
f 4751 5259 5261
f 4751 4752 5259
f 5262 5263 5264
f 5263 4752 4754
f 5263 5262 4752
f 5754 5755 5753
f 5756 5755 5757
f 5756 5758 5755
f 5756 5759 5758
f 5755 5754 5757
f 5259 5761 5762
f 5759 5259 5762
f 5759 5260 5259
f 5759 5756 5260
f 5262 5764 5765
f 5761 5262 5765
f 5761 5259 5262
f 5764 5262 5264
f 6466 6467 6465
f 6471 6467 6470
f 6471 6472 6467
f 6471 6473 6472
f 6467 6466 6470
f 6475 6477 6476
f 6475 6478 6477
f 6473 6476 6477
f 6473 6471 6476
f 5755 6482 6483
f 6478 5755 6483
f 6478 5753 5755
f 6478 6475 5753
f 6482 5755 5758
f 7476 7477 7475
f 7478 7477 7479
f 7478 7480 7477
f 7478 7481 7480
f 7477 7476 7479
f 7483 7485 7484
f 7483 7486 7485
f 7481 7484 7485
f 7481 7478 7484
f 6467 7490 7491
f 7486 6467 7491
f 7486 6465 6467
f 7486 7483 6465
f 7490 6467 6472
f 8487 8488 8489
f 7477 8490 8487
f 7475 8487 8489
f 7475 7477 8487
f 8490 8491 8492
f 8491 7477 7480
f 8491 8490 7477

#List of body polygons
f 150 151 149
f 151 150 152
f 153 155 154
f 153 156 155
f 149 156 153
f 149 151 156
f 155 157 158
f 157 156 161
f 157 155 156
f 155 1493 1494
f 155 1494 154
f 1506 1507 1505
f 1506 1508 1507
f 1508 155 158
f 1508 1493 155
f 1508 1506 1493
f 1513 1514 1512
f 1513 1515 1514
f 1515 1505 1507
f 1515 1513 1505
f 1518 1520 1519
f 1518 1521 1520
f 1518 1522 1521
f 1522 1512 1514
f 1522 1518 1512
f 1520 1527 1528
f 1520 1521 1527
f 2898 1520 2897
f 1520 2898 1519
f 2905 2906 2904
f 2905 2907 2906
f 2907 1520 1528
f 2907 2897 1520
f 2907 2905 2897
f 2912 2913 2911
f 2912 2914 2913
f 2914 2904 2906
f 2914 2912 2904
f 2917 2919 2918
f 2917 2920 2919
f 2917 2921 2920
f 2911 2921 2917
f 2911 2913 2921
f 2929 2919 2928
f 2929 2930 2919
f 2928 2919 2920
f 2930 2932 2933
f 2932 2930 2929
f 4017 2919 4016
f 2919 4017 2918
f 4022 2930 4021
f 4016 2930 4022
f 4016 2919 2930
f 4023 4025 4024
f 4023 4026 4025
f 4024 2930 2933
f 4024 4021 2930
f 4024 4025 4021
f 4028 4030 4029
f 4028 4031 4030
f 4028 4032 4031
f 4032 4026 4023
f 4032 4028 4026
f 4030 4035 4036
f 4035 4030 4031
f 4753 4755 4754
f 4753 4030 4755
f 4030 4753 4029
f 4756 4755 4757
f 4756 4758 4755
f 4757 4030 4036
f 4757 4755 4030
f 4758 4759 4760
f 4759 4758 4756
f 5263 5265 5264
f 5263 4755 5265
f 4755 5263 4754
f 5267 4758 5268
f 5267 5265 4758
f 4758 5265 4755
f 4758 4760 5268
f 5759 5760 5758
f 5761 5760 5762
f 5761 5763 5760
f 5760 5759 5762
f 5764 5763 5765
f 5764 5766 5763
f 5764 5767 5766
f 5763 5761 5765
f 5265 5769 5770
f 5767 5265 5770
f 5767 5264 5265
f 5767 5764 5264
f 5769 5265 5267
f 6473 6474 6472
f 6478 6474 6477
f 6478 6479 6474
f 6478 6480 6479
f 6474 6473 6477
f 6482 6484 6483
f 6482 6485 6484
f 6480 6483 6484
f 6480 6478 6483
f 5760 6489 6490
f 6485 5760 6490
f 6485 5758 5760
f 6485 6482 5758
f 5763 6494 6495
f 6489 5763 6495
f 6489 5760 5763
f 6494 5763 5766
f 7481 7482 7480
f 7486 7482 7485
f 7486 7487 7482
f 7486 7488 7487
f 7482 7481 7485
f 7490 7492 7491
f 7490 7493 7492
f 7488 7491 7492
f 7488 7486 7491
f 6474 7497 7498
f 7493 6474 7498
f 7493 6472 6474
f 7493 7490 6472
f 7497 6474 6479
f 8491 8493 8492
f 8491 7482 8493
f 7482 8491 7480
f 8493 8494 8495
f 8494 7482 7487
f 8494 8493 7482

#List of body polygons
f 157 159 158
f 157 160 159
f 160 157 161
f 159 162 163
f 162 160 166
f 162 159 160
f 1508 159 1507
f 159 1508 158
f 1515 1516 1514
f 1515 1517 1516
f 1517 159 163
f 1517 1507 159
f 1517 1515 1507
f 1522 1523 1521
f 1522 1524 1523
f 1524 1514 1516
f 1524 1522 1514
f 1527 1529 1528
f 1527 1530 1529
f 1527 1531 1530
f 1521 1531 1527
f 1521 1523 1531
f 1529 1534 1535
f 1534 1529 1530
f 2907 1529 2906
f 1529 2907 1528
f 2914 2915 2913
f 2914 2916 2915
f 2916 1529 1535
f 2916 2906 1529
f 2916 2914 2906
f 2921 2922 2920
f 2921 2923 2922
f 2913 2923 2921
f 2913 2915 2923
f 2927 2928 2926
f 2927 2929 2928
f 2926 2920 2922
f 2926 2928 2920
f 2932 2934 2933
f 2932 2935 2934
f 2932 2936 2935
f 2936 2929 2927
f 2936 2932 2929
f 2934 2941 2942
f 2941 2934 2935
f 2934 4023 4024
f 2934 4024 2933
f 4032 4033 4031
f 4032 4034 4033
f 4034 2934 2942
f 4034 4023 2934
f 4034 4032 4023
f 4035 4037 4036
f 4035 4038 4037
f 4035 4039 4038
f 4039 4031 4033
f 4039 4035 4031
f 4037 4042 4043
f 4042 4037 4038
f 4037 4756 4757
f 4037 4757 4036
f 4759 4761 4760
f 4759 4762 4761
f 4759 4763 4762
f 4763 4037 4043
f 4763 4756 4037
f 4763 4759 4756
f 4761 4764 4765
f 4764 4761 4762
f 5266 5267 5268
f 5270 4761 5271
f 5270 5266 4761
f 4760 5266 5268
f 4760 4761 5266
f 4761 4765 5271
f 5767 5768 5766
f 5769 5768 5770
f 5769 5771 5768
f 5769 5772 5771
f 5768 5767 5770
f 5266 5774 5775
f 5772 5266 5775
f 5772 5267 5266
f 5772 5769 5267
f 5774 5266 5270
f 6480 6481 6479
f 6485 6481 6484
f 6485 6486 6481
f 6485 6487 6486
f 6481 6480 6484
f 6489 6491 6490
f 6489 6492 6491
f 6487 6490 6491
f 6487 6485 6490
f 6494 6496 6495
f 6494 6497 6496
f 6492 6495 6496
f 6492 6489 6495
f 5768 6501 6502
f 6497 5768 6502
f 6497 5766 5768
f 6497 6494 5766
f 6501 5768 5771
f 7488 7489 7487
f 7493 7489 7492
f 7493 7494 7489
f 7493 7495 7494
f 7489 7488 7492
f 7497 7499 7498
f 7497 7500 7499
f 7495 7498 7499
f 7495 7493 7498
f 6481 7504 7505
f 7500 6481 7505
f 7500 6479 6481
f 7500 7497 6479
f 7504 6481 6486
f 8494 8496 8495
f 8494 7489 8496
f 7489 8494 7487
f 8496 8497 8498
f 8497 7489 7494
f 8497 8496 7489

#List of body polygons
f 162 164 163
f 162 165 164
f 165 162 166
f 164 167 168
f 167 165 171
f 167 164 165
f 1517 164 1516
f 164 1517 163
f 1524 1525 1523
f 1524 1526 1525
f 1526 164 168
f 1526 1516 164
f 1526 1524 1516
f 1531 1532 1530
f 1531 1533 1532
f 1523 1533 1531
f 1523 1525 1533
f 1534 1536 1535
f 1534 1537 1536
f 1534 1538 1537
f 1538 1530 1532
f 1538 1534 1530
f 1546 1536 1545
f 1546 1547 1536
f 1545 1536 1537
f 1547 1548 1549
f 1548 1547 1546
f 2916 1536 2915
f 1536 2916 1535
f 2923 1547 2922
f 2915 1547 2923
f 2915 1536 1547
f 2924 2926 2925
f 2924 2927 2926
f 2925 1547 2931
f 2925 2922 1547
f 2925 2926 2922
f 2936 2937 2935
f 2936 2938 2937
f 2938 2927 2924
f 2938 2936 2927
f 2941 2943 2942
f 2941 2944 2943
f 2941 2945 2944
f 2945 2935 2937
f 2945 2941 2935
f 2943 2950 2951
f 2950 2943 2944
f 4034 2943 4033
f 2943 4034 2942
f 4039 4040 4038
f 4039 4041 4040
f 4041 2943 2951
f 4041 4033 2943
f 4041 4039 4033
f 4042 4044 4043
f 4042 4045 4044
f 4042 4046 4045
f 4046 4038 4040
f 4046 4042 4038
f 4044 4049 4050
f 4044 4045 4049
f 4763 4044 4762
f 4044 4763 4043
f 4764 4766 4765
f 4764 4767 4766
f 4764 4768 4767
f 4768 4044 4050
f 4768 4762 4044
f 4768 4764 4762
f 4766 4769 4770
f 4769 4766 4767
f 5269 5270 5271
f 5273 4766 5274
f 5273 5269 4766
f 4765 5269 5271
f 4765 4766 5269
f 4766 4770 5274
f 5772 5773 5771
f 5774 5773 5775
f 5774 5776 5773
f 5774 5777 5776
f 5773 5772 5775
f 5269 5779 5780
f 5777 5269 5780
f 5777 5270 5269
f 5777 5774 5270
f 5779 5269 5273
f 6487 6488 6486
f 6492 6488 6491
f 6492 6493 6488
f 6488 6487 6491
f 6497 6493 6496
f 6497 6498 6493
f 6497 6499 6498
f 6493 6492 6496
f 6501 6503 6502
f 6501 6504 6503
f 6499 6502 6503
f 6499 6497 6502
f 5773 6508 6509
f 6504 5773 6509
f 6504 5771 5773
f 6504 6501 5771
f 6508 5773 5776
f 7495 7496 7494
f 7500 7496 7499
f 7500 7501 7496
f 7500 7502 7501
f 7496 7495 7499
f 7504 7506 7505
f 7504 7507 7506
f 7502 7505 7506
f 7502 7500 7505
f 6488 7509 7510
f 7507 6488 7510
f 7507 6486 6488
f 7507 7504 6486
f 6493 7514 7515
f 7509 6493 7515
f 7509 6488 6493
f 7514 6493 6498
f 8497 8499 8498
f 8497 7496 8499
f 7496 8497 7494
f 8499 8500 8501
f 8500 7496 7501
f 8500 8499 7496

#List of body polygons
f 167 169 168
f 167 170 169
f 170 167 171
f 173 169 174
f 173 175 169
f 174 170 176
f 174 169 170
f 175 177 178
f 177 175 173
f 1526 169 1525
f 169 1526 168
f 1533 175 1532
f 1525 175 1533
f 1525 169 175
f 1538 1539 1537
f 1538 1540 1539
f 1540 175 178
f 1540 1532 175
f 1540 1538 1532
f 1544 1545 1543
f 1544 1546 1545
f 1543 1537 1539
f 1543 1545 1537
f 1548 1550 1549
f 1548 1551 1550
f 1548 1552 1551
f 1552 1546 1544
f 1552 1548 1546
f 1550 1557 1558
f 1557 1550 1551
f 1550 2924 2925
f 1550 2925 2931
f 2938 2939 2937
f 2938 2940 2939
f 2940 1550 1558
f 2940 2924 1550
f 2940 2938 2924
f 2945 2946 2944
f 2945 2947 2946
f 2947 2937 2939
f 2947 2945 2937
f 2950 2952 2951
f 2950 2953 2952
f 2950 2954 2953
f 2954 2944 2946
f 2954 2950 2944
f 2952 2959 2960
f 2959 2952 2953
f 4041 2952 4040
f 2952 4041 2951
f 4046 4047 4045
f 4046 4048 4047
f 4048 2952 2960
f 4048 4040 2952
f 4048 4046 4040
f 4049 4051 4050
f 4049 4052 4051
f 4049 4053 4052
f 4045 4053 4049
f 4045 4047 4053
f 4051 4054 4055
f 4054 4051 4052
f 4768 4051 4767
f 4051 4768 4050
f 4769 4771 4770
f 4769 4772 4771
f 4769 4773 4772
f 4773 4051 4055
f 4773 4767 4051
f 4773 4769 4767
f 4771 4774 4775
f 4771 4772 4774
f 5272 5273 5274
f 5276 4771 5277
f 5276 5272 4771
f 4770 5272 5274
f 4770 4771 5272
f 4771 4775 5277
f 5777 5778 5776
f 5779 5778 5780
f 5779 5781 5778
f 5779 5782 5781
f 5778 5777 5780
f 5272 5784 5785
f 5782 5272 5785
f 5782 5273 5272
f 5782 5779 5273
f 5272 5276 5784
f 6499 6500 6498
f 6504 6500 6503
f 6504 6505 6500
f 6504 6506 6505
f 6500 6499 6503
f 6508 6510 6509
f 6508 6511 6510
f 6506 6509 6510
f 6506 6504 6509
f 5778 6515 6516
f 6511 5778 6516
f 6511 5776 5778
f 6511 6508 5776
f 6515 5778 5781
f 7502 7503 7501
f 7507 7503 7506
f 7507 7508 7503
f 7503 7502 7506
f 7509 7508 7510
f 7509 7511 7508
f 7509 7512 7511
f 7508 7507 7510
f 7514 7516 7515
f 7514 7517 7516
f 7512 7515 7516
f 7512 7509 7515
f 6500 7521 7522
f 7517 6500 7522
f 7517 6498 6500
f 7517 7514 6498
f 7521 6500 6505
f 8500 8502 8501
f 8500 7503 8502
f 7503 8500 7501
f 8504 7508 8505
f 8504 8502 7508
f 7508 8502 7503
f 7508 7511 8505

#List of body polygons
f 172 173 174
f 172 174 176
f 177 179 178
f 177 180 179
f 177 181 180
f 181 172 183
f 181 173 172
f 181 177 173
f 179 184 185
f 184 179 180
f 1540 179 1539
f 179 1540 178
f 1541 1543 1542
f 1541 1544 1543
f 1542 179 185
f 1542 1539 179
f 1542 1543 1539
f 1552 1553 1551
f 1552 1554 1553
f 1554 1544 1541
f 1554 1552 1544
f 1557 1559 1558
f 1557 1560 1559
f 1557 1561 1560
f 1561 1551 1553
f 1561 1557 1551
f 1559 1566 1567
f 1566 1559 1560
f 2940 1559 2939
f 1559 2940 1558
f 2947 2948 2946
f 2947 2949 2948
f 2949 1559 1567
f 2949 2939 1559
f 2949 2947 2939
f 2954 2955 2953
f 2954 2956 2955
f 2956 2946 2948
f 2956 2954 2946
f 2959 2961 2960
f 2959 2962 2961
f 2959 2963 2962
f 2963 2953 2955
f 2963 2959 2953
f 2975 2961 2974
f 2975 2976 2961
f 2974 2961 2962
f 2976 2977 2978
f 2977 2976 2975
f 4048 2961 4047
f 2961 4048 2960
f 4053 2976 4052
f 4047 2976 4053
f 4047 2961 2976
f 4054 4056 4055
f 4054 4057 4056
f 4054 4058 4057
f 4058 2976 2978
f 4058 4052 2976
f 4058 4054 4052
f 4062 4056 4061
f 4062 4063 4056
f 4061 4056 4057
f 4063 4064 4065
f 4064 4063 4062
f 4773 4056 4772
f 4056 4773 4055
f 4774 4776 4775
f 4774 4063 4776
f 4772 4063 4774
f 4772 4056 4063
f 4777 4776 4778
f 4777 4779 4776
f 4778 4063 4065
f 4778 4776 4063
f 4779 4780 4781
f 4780 4779 4777
f 5275 5276 5277
f 4776 5278 5275
f 4775 5275 5277
f 4775 4776 5275
f 5280 4779 5281
f 5280 5278 4779
f 4779 5278 4776
f 4779 4781 5281
f 5782 5783 5781
f 5784 5783 5785
f 5784 5786 5783
f 5783 5782 5785
f 5788 5275 5789
f 5788 5786 5275
f 5276 5786 5784
f 5276 5275 5786
f 5278 5790 5791
f 5789 5278 5791
f 5789 5275 5278
f 5790 5278 5280
f 6506 6507 6505
f 6511 6507 6510
f 6511 6512 6507
f 6511 6513 6512
f 6507 6506 6510
f 6515 6517 6516
f 6515 6518 6517
f 6513 6516 6517
f 6513 6511 6516
f 5783 6522 6523
f 6518 5783 6523
f 6518 5781 5783
f 6518 6515 5781
f 5786 6529 6530
f 6522 5786 6530
f 6522 5783 5786
f 6529 5786 5788
f 7512 7513 7511
f 7517 7513 7516
f 7517 7518 7513
f 7517 7519 7518
f 7513 7512 7516
f 7521 7523 7522
f 7521 7524 7523
f 7519 7522 7523
f 7519 7517 7522
f 6507 7528 7529
f 7524 6507 7529
f 7524 6505 6507
f 7524 7521 6505
f 7528 6507 6512
f 8503 8504 8505
f 8507 7513 8508
f 8507 8503 7513
f 7511 8503 8505
f 7511 7513 8503
f 7513 7518 8508

#List of body polygons
f 181 182 180
f 182 181 183
f 184 186 185
f 184 187 186
f 184 188 187
f 188 182 190
f 188 180 182
f 188 184 180
f 186 191 192
f 191 186 187
f 186 1541 1542
f 186 1542 185
f 1554 1555 1553
f 1554 1556 1555
f 1556 186 192
f 1556 1541 186
f 1556 1554 1541
f 1561 1562 1560
f 1561 1563 1562
f 1563 1553 1555
f 1563 1561 1553
f 1566 1568 1567
f 1566 1569 1568
f 1566 1570 1569
f 1570 1560 1562
f 1570 1566 1560
f 1568 1575 1576
f 1575 1568 1569
f 2949 1568 2948
f 1568 2949 1567
f 2956 2957 2955
f 2956 2958 2957
f 2958 1568 1576
f 2958 2948 1568
f 2958 2956 2948
f 2963 2964 2962
f 2963 2965 2964
f 2965 2955 2957
f 2965 2963 2955
f 2973 2974 2972
f 2973 2975 2974
f 2972 2962 2964
f 2972 2974 2962
f 2977 2979 2978
f 2977 2980 2979
f 2977 2981 2980
f 2981 2975 2973
f 2981 2977 2975
f 2979 2988 2989
f 2979 2980 2988
f 4058 2979 4057
f 2979 4058 2978
f 4059 4061 4060
f 4059 4062 4061
f 4060 2979 2989
f 4060 4057 2979
f 4060 4061 4057
f 4064 4066 4065
f 4064 4067 4066
f 4064 4068 4067
f 4068 4062 4059
f 4068 4064 4062
f 4066 4071 4072
f 4071 4066 4067
f 4066 4777 4778
f 4066 4778 4065
f 4780 4782 4781
f 4780 4783 4782
f 4780 4784 4783
f 4784 4066 4072
f 4784 4777 4066
f 4784 4780 4777
f 4782 4785 4786
f 4785 4782 4783
f 5279 5280 5281
f 5283 4782 5284
f 5283 5279 4782
f 4781 5279 5281
f 4781 4782 5279
f 4782 4786 5284
f 5787 5788 5789
f 5790 5787 5791
f 5790 5792 5787
f 5790 5793 5792
f 5787 5789 5791
f 5279 5795 5796
f 5793 5279 5796
f 5793 5280 5279
f 5793 5790 5280
f 5795 5279 5283
f 6513 6514 6512
f 6518 6514 6517
f 6518 6519 6514
f 6518 6520 6519
f 6514 6513 6517
f 6522 6524 6523
f 6522 6525 6524
f 6520 6523 6524
f 6520 6518 6523
f 6529 6531 6530
f 6529 6532 6531
f 6525 6530 6531
f 6525 6522 6530
f 5787 6538 6539
f 6532 5787 6539
f 6532 5788 5787
f 6532 6529 5788
f 6538 5787 5792
f 7519 7520 7518
f 7524 7520 7523
f 7524 7525 7520
f 7524 7526 7525
f 7520 7519 7523
f 7528 7530 7529
f 7528 7531 7530
f 7526 7529 7530
f 7526 7524 7529
f 6514 7535 7536
f 7531 6514 7536
f 7531 6512 6514
f 7531 7528 6512
f 7535 6514 6519
f 8506 8507 8508
f 8510 7520 8511
f 8510 8506 7520
f 7518 8506 8508
f 7518 7520 8506
f 7520 7525 8511

#List of body polygons
f 188 189 187
f 189 188 190
f 191 193 192
f 191 194 193
f 191 195 194
f 195 189 197
f 195 187 189
f 195 191 187
f 193 198 199
f 198 193 194
f 1556 193 1555
f 193 1556 192
f 1563 1564 1562
f 1563 1565 1564
f 1565 193 199
f 1565 1555 193
f 1565 1563 1555
f 1570 1571 1569
f 1570 1572 1571
f 1572 1562 1564
f 1572 1570 1562
f 1575 1577 1576
f 1575 1578 1577
f 1575 1579 1578
f 1579 1569 1571
f 1579 1575 1569
f 1577 1584 1585
f 1584 1577 1578
f 2958 1577 2957
f 1577 2958 1576
f 2965 2966 2964
f 2965 2967 2966
f 2967 1577 1585
f 2967 2957 1577
f 2967 2965 2957
f 2971 2972 2970
f 2971 2973 2972
f 2970 2964 2966
f 2970 2972 2964
f 2981 2982 2980
f 2981 2983 2982
f 2983 2973 2971
f 2983 2981 2973
f 2988 2990 2989
f 2988 2991 2990
f 2988 2992 2991
f 2980 2992 2988
f 2980 2982 2992
f 2990 2997 2998
f 2997 2990 2991
f 2990 4059 4060
f 2990 4060 2989
f 4068 4069 4067
f 4068 4070 4069
f 4070 2990 2998
f 4070 4059 2990
f 4070 4068 4059
f 4071 4073 4072
f 4071 4074 4073
f 4071 4075 4074
f 4075 4067 4069
f 4075 4071 4067
f 4073 4078 4079
f 4078 4073 4074
f 4621 4622 4620
f 4784 4073 4783
f 4073 4784 4072
f 4785 4787 4786
f 4785 4788 4787
f 4785 4789 4788
f 4789 4073 4079
f 4789 4783 4073
f 4789 4785 4783
f 4787 4790 4791
f 4790 4787 4788
f 5148 4622 5147
f 4622 5148 4620
f 5282 5283 5284
f 5286 4787 5287
f 5286 5282 4787
f 4786 5282 5284
f 4786 4787 5282
f 4787 4791 5287
f 5793 5794 5792
f 5795 5794 5796
f 5795 5797 5794
f 5795 5798 5797
f 5794 5793 5796
f 5282 5800 5801
f 5798 5282 5801
f 5798 5283 5282
f 5798 5795 5283
f 5800 5282 5286
f 6520 6521 6519
f 6525 6521 6524
f 6525 6526 6521
f 6525 6527 6526
f 6521 6520 6524
f 6532 6533 6531
f 6532 6534 6533
f 6527 6531 6533
f 6527 6525 6531
f 6538 6540 6539
f 6538 6541 6540
f 6534 6539 6540
f 6534 6532 6539
f 5794 6545 6546
f 6541 5794 6546
f 6541 5792 5794
f 6541 6538 5792
f 6545 5794 5797
f 7526 7527 7525
f 7531 7527 7530
f 7531 7532 7527
f 7531 7533 7532
f 7527 7526 7530
f 7535 7537 7536
f 7535 7538 7537
f 7533 7536 7537
f 7533 7531 7536
f 6521 7542 7543
f 7538 6521 7543
f 7538 6519 6521
f 7538 7535 6519
f 7542 6521 6526
f 8509 8510 8511
f 8513 7527 8514
f 8513 8509 7527
f 7525 8509 8511
f 7525 7527 8509
f 7527 7532 8514

#List of body polygons
f 195 196 194
f 196 195 197
f 198 200 199
f 198 201 200
f 198 202 201
f 202 196 207
f 202 194 196
f 202 198 194
f 200 208 209
f 208 200 201
f 1565 200 1564
f 200 1565 199
f 1572 1573 1571
f 1572 1574 1573
f 1574 200 209
f 1574 1564 200
f 1574 1572 1564
f 1579 1580 1578
f 1579 1581 1580
f 1581 1571 1573
f 1581 1579 1571
f 1584 1586 1585
f 1584 1587 1586
f 1584 1588 1587
f 1588 1578 1580
f 1588 1584 1578
f 1586 1593 1594
f 1593 1586 1587
f 2967 1586 2966
f 1586 2967 1585
f 2968 2970 2969
f 2968 2971 2970
f 2969 1586 1594
f 2969 2966 1586
f 2969 2970 2966
f 2983 2984 2982
f 2983 2985 2984
f 2985 2971 2968
f 2985 2983 2971
f 2992 2993 2991
f 2992 2994 2993
f 2982 2994 2992
f 2982 2984 2994
f 2997 2999 2998
f 2997 3000 2999
f 2997 3001 3000
f 3001 2991 2993
f 3001 2997 2991
f 2999 3006 3007
f 3006 2999 3000
f 4070 2999 4069
f 2999 4070 2998
f 4075 4076 4074
f 4075 4077 4076
f 4077 2999 3007
f 4077 4069 2999
f 4077 4075 4069
f 4078 4080 4079
f 4078 4081 4080
f 4078 4082 4081
f 4082 4074 4076
f 4082 4078 4074
f 4080 4085 4086
f 4085 4080 4081
f 4619 4620 4618
f 4619 4621 4620
f 4789 4080 4788
f 4080 4789 4079
f 4790 4792 4791
f 4790 4793 4792
f 4790 4794 4793
f 4794 4080 4086
f 4794 4788 4080
f 4794 4790 4788
f 4792 4795 4796
f 4792 4793 4795
f 5145 5146 5144
f 5145 5147 5146
f 5145 5148 5147
f 5148 4618 4620
f 5148 5145 4618
f 5285 5286 5287
f 5289 4792 5290
f 5289 5285 4792
f 4791 5285 5287
f 4791 4792 5285
f 4792 4796 5290
f 5620 5146 5619
f 5146 5620 5144
f 5798 5799 5797
f 5800 5799 5801
f 5800 5802 5799
f 5800 5803 5802
f 5799 5798 5801
f 5285 5805 5806
f 5803 5285 5806
f 5803 5286 5285
f 5803 5800 5286
f 5805 5285 5289
f 6527 6528 6526
f 6534 6528 6533
f 6534 6535 6528
f 6534 6536 6535
f 6528 6527 6533
f 6541 6542 6540
f 6541 6543 6542
f 6536 6540 6542
f 6536 6534 6540
f 6545 6547 6546
f 6545 6548 6547
f 6543 6546 6547
f 6543 6541 6546
f 5799 6552 6553
f 6548 5799 6553
f 6548 5797 5799
f 6548 6545 5797
f 6552 5799 5802
f 7533 7534 7532
f 7538 7534 7537
f 7538 7539 7534
f 7538 7540 7539
f 7534 7533 7537
f 7542 7544 7543
f 7542 7545 7544
f 7540 7543 7544
f 7540 7538 7543
f 6528 7549 7550
f 7545 6528 7550
f 7545 6526 6528
f 7545 7542 6526
f 7549 6528 6535
f 8512 8513 8514
f 8519 7534 8518
f 8519 8512 7534
f 7532 8512 8514
f 7532 7534 8512
f 8518 7534 7539

#List of body polygons
f 202 203 201
f 202 204 203
f 204 207 206
f 204 202 207
f 208 210 209
f 208 211 210
f 208 212 211
f 212 201 203
f 212 208 201
f 210 217 218
f 217 210 211
f 1574 210 1573
f 210 1574 209
f 1581 1582 1580
f 1581 1583 1582
f 1583 210 218
f 1583 1573 210
f 1583 1581 1573
f 1588 1589 1587
f 1588 1590 1589
f 1590 1580 1582
f 1590 1588 1580
f 1593 1595 1594
f 1593 1596 1595
f 1593 1597 1596
f 1597 1587 1589
f 1597 1593 1587
f 1595 1602 1603
f 1602 1595 1596
f 1595 2968 2969
f 1595 2969 1594
f 2985 2986 2984
f 2985 2987 2986
f 2987 1595 1603
f 2987 2968 1595
f 2987 2985 2968
f 2994 2995 2993
f 2994 2996 2995
f 2984 2996 2994
f 2984 2986 2996
f 3001 3002 3000
f 3001 3003 3002
f 3003 2993 2995
f 3003 3001 2993
f 3006 3008 3007
f 3006 3009 3008
f 3006 3010 3009
f 3010 3000 3002
f 3010 3006 3000
f 3008 3015 3016
f 3015 3008 3009
f 4077 3008 4076
f 3008 4077 3007
f 4082 4083 4081
f 4082 4084 4083
f 4084 3008 3016
f 4084 4076 3008
f 4084 4082 4076
f 4085 4087 4086
f 4085 4088 4087
f 4085 4089 4088
f 4089 4081 4083
f 4089 4085 4081
f 4095 4087 4094
f 4095 4096 4087
f 4087 4088 4094
f 4096 4097 4098
f 4097 4096 4095
f 4617 4618 4616
f 4617 4619 4618
f 4794 4087 4793
f 4087 4794 4086
f 4795 4797 4796
f 4795 4096 4797
f 4793 4096 4795
f 4793 4087 4096
f 4798 4797 4799
f 4798 4800 4797
f 4799 4096 4098
f 4799 4797 4096
f 4800 4801 4802
f 4801 4800 4798
f 5143 5144 5142
f 5143 5145 5144
f 5145 4616 4618
f 5145 5143 4616
f 5288 5289 5290
f 4797 5291 5288
f 4796 5288 5290
f 4796 4797 5288
f 5293 4800 5294
f 5293 5291 4800
f 4800 5291 4797
f 4800 4802 5294
f 5618 5619 5617
f 5618 5620 5619
f 5620 5142 5144
f 5620 5618 5142
f 5803 5804 5802
f 5805 5804 5806
f 5805 5807 5804
f 5805 5808 5807
f 5804 5803 5806
f 5288 5810 5811
f 5808 5288 5811
f 5808 5289 5288
f 5808 5805 5289
f 5291 5815 5816
f 5810 5291 5816
f 5810 5288 5291
f 5815 5291 5293
f 6536 6537 6535
f 6543 6537 6542
f 6543 6544 6537
f 6537 6536 6542
f 6548 6544 6547
f 6548 6549 6544
f 6548 6550 6549
f 6544 6543 6547
f 6552 6554 6553
f 6552 6555 6554
f 6550 6553 6554
f 6550 6548 6553
f 5804 6559 6560
f 6555 5804 6560
f 6555 5802 5804
f 6555 6552 5802
f 6559 5804 5807
f 7540 7541 7539
f 7545 7541 7544
f 7545 7546 7541
f 7545 7547 7546
f 7541 7540 7544
f 7549 7551 7550
f 7549 7552 7551
f 7547 7550 7551
f 7547 7545 7550
f 6537 7556 7557
f 7552 6537 7557
f 7552 6535 6537
f 7552 7549 6535
f 6544 7563 7564
f 7556 6544 7564
f 7556 6537 6544
f 7563 6544 6549
f 8516 8518 8517
f 8516 8519 8518
f 7541 8520 8521
f 8517 7541 8521
f 8517 7539 7541
f 8517 8518 7539
f 8520 7541 7546

#List of body polygons
f 204 205 203
f 205 204 206
f 212 213 211
f 212 214 213
f 214 205 216
f 214 203 205
f 214 212 203
f 217 219 218
f 217 220 219
f 217 221 220
f 221 211 213
f 221 217 211
f 219 226 227
f 226 219 220
f 1583 219 1582
f 219 1583 218
f 1590 1591 1589
f 1590 1592 1591
f 1592 219 227
f 1592 1582 219
f 1592 1590 1582
f 1597 1598 1596
f 1597 1599 1598
f 1599 1589 1591
f 1599 1597 1589
f 1602 1604 1603
f 1602 1605 1604
f 1602 1606 1605
f 1606 1596 1598
f 1606 1602 1596
f 1618 1604 1617
f 1618 1619 1604
f 1617 1604 1605
f 1619 1620 1621
f 1620 1619 1618
f 2987 1604 2986
f 1604 2987 1603
f 2996 1619 2995
f 2986 1619 2996
f 2986 1604 1619
f 3003 3004 3002
f 3003 3005 3004
f 3005 1619 1621
f 3005 2995 1619
f 3005 3003 2995
f 3010 3011 3009
f 3010 3012 3011
f 3012 3002 3004
f 3012 3010 3002
f 3015 3017 3016
f 3015 3018 3017
f 3015 3019 3018
f 3019 3009 3011
f 3019 3015 3009
f 3017 3024 3025
f 3024 3017 3018
f 4084 3017 4083
f 3017 4084 3016
f 4089 4090 4088
f 4089 4091 4090
f 4091 3017 3025
f 4091 4083 3017
f 4091 4089 4083
f 4092 4094 4093
f 4092 4095 4094
f 4088 4093 4094
f 4088 4090 4093
f 4097 4099 4098
f 4097 4100 4099
f 4097 4101 4100
f 4101 4095 4092
f 4101 4097 4095
f 4099 4104 4105
f 4104 4099 4100
f 4615 4616 4614
f 4615 4617 4616
f 4099 4798 4799
f 4099 4799 4098
f 4801 4803 4802
f 4801 4804 4803
f 4801 4805 4804
f 4805 4099 4105
f 4805 4798 4099
f 4805 4801 4798
f 4803 4806 4807
f 4806 4803 4804
f 5141 5142 5140
f 5141 5143 5142
f 5143 4614 4616
f 5143 5141 4614
f 5292 5293 5294
f 5296 4803 5297
f 5296 5292 4803
f 4802 5292 5294
f 4802 4803 5292
f 4803 4807 5297
f 5616 5617 5615
f 5616 5618 5617
f 5618 5140 5142
f 5618 5616 5140
f 5808 5809 5807
f 5810 5809 5811
f 5810 5812 5809
f 5810 5813 5812
f 5809 5808 5811
f 5815 5817 5816
f 5815 5818 5817
f 5813 5816 5817
f 5813 5810 5816
f 5292 5820 5821
f 5818 5292 5821
f 5818 5293 5292
f 5818 5815 5293
f 5820 5292 5296
f 6550 6551 6549
f 6555 6551 6554
f 6555 6556 6551
f 6555 6557 6556
f 6551 6550 6554
f 6559 6561 6560
f 6559 6562 6561
f 6557 6560 6561
f 6557 6555 6560
f 5809 6566 6567
f 6562 5809 6567
f 6562 5807 5809
f 6562 6559 5807
f 6566 5809 5812
f 7547 7548 7546
f 7552 7548 7551
f 7552 7553 7548
f 7552 7554 7553
f 7548 7547 7551
f 7556 7558 7557
f 7556 7559 7558
f 7554 7557 7558
f 7554 7552 7557
f 7563 7565 7564
f 7563 7566 7565
f 7559 7564 7565
f 7559 7556 7564
f 6551 7572 7573
f 7566 6551 7573
f 7566 6549 6551
f 7566 7563 6549
f 7572 6551 6556
f 8515 8516 8517
f 8520 8515 8521
f 8520 8522 8515
f 8520 8523 8522
f 8515 8517 8521
f 7548 8525 8526
f 8523 7548 8526
f 8523 7546 7548
f 8523 8520 7546
f 8525 7548 8535

#List of body polygons
f 214 215 213
f 215 214 216
f 221 222 220
f 221 223 222
f 223 215 225
f 223 213 215
f 223 221 213
f 226 228 227
f 226 229 228
f 226 230 229
f 230 220 222
f 230 226 220
f 228 235 236
f 235 228 229
f 1592 228 1591
f 228 1592 227
f 1599 1600 1598
f 1599 1601 1600
f 1601 228 236
f 1601 1591 228
f 1601 1599 1591
f 1606 1607 1605
f 1606 1608 1607
f 1608 1598 1600
f 1608 1606 1598
f 1616 1617 1615
f 1616 1618 1617
f 1615 1605 1607
f 1615 1617 1605
f 1620 1622 1621
f 1620 1623 1622
f 1620 1624 1623
f 1624 1618 1616
f 1624 1620 1618
f 1622 1631 1632
f 1631 1622 1623
f 3005 1622 3004
f 1622 3005 1621
f 3012 3013 3011
f 3012 3014 3013
f 3014 1622 1632
f 3014 3004 1622
f 3014 3012 3004
f 3019 3020 3018
f 3019 3021 3020
f 3021 3011 3013
f 3021 3019 3011
f 3024 3026 3025
f 3024 3027 3026
f 3024 3028 3027
f 3028 3018 3020
f 3028 3024 3018
f 3040 3026 3039
f 3040 3041 3026
f 3039 3026 3027
f 3041 3042 3043
f 3042 3041 3040
f 4091 3026 4090
f 3026 4091 3025
f 3041 4092 4093
f 4090 3041 4093
f 4090 3026 3041
f 4101 4102 4100
f 4101 4103 4102
f 4103 3041 3043
f 4103 4092 3041
f 4103 4101 4092
f 4104 4106 4105
f 4104 4107 4106
f 4104 4108 4107
f 4108 4100 4102
f 4108 4104 4100
f 4106 4111 4112
f 4111 4106 4107
f 4613 4614 4612
f 4613 4615 4614
f 4805 4106 4804
f 4106 4805 4105
f 4806 4808 4807
f 4806 4809 4808
f 4806 4810 4809
f 4810 4106 4112
f 4810 4804 4106
f 4810 4806 4804
f 4808 4811 4812
f 4811 4808 4809
f 5139 5140 5138
f 5139 5141 5140
f 5141 4612 4614
f 5141 5139 4612
f 5295 5296 5297
f 5299 4808 5300
f 5299 5295 4808
f 4807 5295 5297
f 4807 4808 5295
f 4808 4812 5300
f 5614 5615 5613
f 5614 5616 5615
f 5616 5138 5140
f 5616 5614 5138
f 5813 5814 5812
f 5818 5814 5817
f 5818 5819 5814
f 5814 5813 5817
f 5820 5819 5821
f 5820 5822 5819
f 5820 5823 5822
f 5819 5818 5821
f 5295 5825 5826
f 5823 5295 5826
f 5823 5296 5295
f 5823 5820 5296
f 5825 5295 5299
f 6557 6558 6556
f 6562 6558 6561
f 6562 6563 6558
f 6562 6564 6563
f 6558 6557 6561
f 6566 6568 6567
f 6566 6569 6568
f 6564 6567 6568
f 6564 6562 6567
f 5814 6573 6574
f 6569 5814 6574
f 6569 5812 5814
f 6569 6566 5812
f 5819 6580 6581
f 6573 5819 6581
f 6573 5814 5819
f 6580 5819 5822
f 7554 7555 7553
f 7559 7555 7558
f 7559 7560 7555
f 7559 7561 7560
f 7555 7554 7558
f 7566 7567 7565
f 7566 7568 7567
f 7561 7565 7567
f 7561 7559 7565
f 7572 7574 7573
f 7572 7575 7574
f 7568 7573 7574
f 7568 7566 7573
f 6558 7581 7582
f 7575 6558 7582
f 7575 6556 6558
f 7575 7572 6556
f 7581 6558 6563
f 8523 8524 8522
f 8525 8524 8526
f 8525 8527 8524
f 8525 8528 8527
f 8524 8523 8526
f 7555 8530 8531
f 8528 7555 8531
f 8528 8535 7555
f 8528 8525 8535
f 8530 7555 7560

#List of body polygons
f 223 224 222
f 224 223 225
f 230 231 229
f 230 232 231
f 232 224 234
f 232 222 224
f 232 230 222
f 235 237 236
f 235 238 237
f 235 239 238
f 239 229 231
f 239 235 229
f 237 244 245
f 244 237 238
f 1601 237 1600
f 237 1601 236
f 1608 1609 1607
f 1608 1610 1609
f 1610 237 245
f 1610 1600 237
f 1610 1608 1600
f 1614 1615 1613
f 1614 1616 1615
f 1613 1607 1609
f 1613 1615 1607
f 1624 1625 1623
f 1624 1626 1625
f 1626 1616 1614
f 1626 1624 1616
f 1631 1633 1632
f 1631 1634 1633
f 1631 1635 1634
f 1635 1623 1625
f 1635 1631 1623
f 1633 1642 1643
f 1642 1633 1634
f 3014 1633 3013
f 1633 3014 1632
f 3021 3022 3020
f 3021 3023 3022
f 3023 1633 1643
f 3023 3013 1633
f 3023 3021 3013
f 3028 3029 3027
f 3028 3030 3029
f 3030 3020 3022
f 3030 3028 3020
f 3038 3039 3037
f 3038 3040 3039
f 3037 3027 3029
f 3037 3039 3027
f 3042 3044 3043
f 3042 3045 3044
f 3042 3046 3045
f 3046 3040 3038
f 3046 3042 3040
f 3044 3053 3054
f 3053 3044 3045
f 4103 3044 4102
f 3044 4103 3043
f 4108 4109 4107
f 4108 4110 4109
f 4110 3044 3054
f 4110 4102 3044
f 4110 4108 4102
f 4111 4113 4112
f 4111 4114 4113
f 4111 4115 4114
f 4115 4107 4109
f 4115 4111 4107
f 4113 4118 4119
f 4118 4113 4114
f 4611 4612 4610
f 4611 4613 4612
f 4810 4113 4809
f 4113 4810 4112
f 4811 4813 4812
f 4811 4814 4813
f 4811 4815 4814
f 4815 4113 4119
f 4815 4809 4113
f 4815 4811 4809
f 4813 4816 4817
f 4813 4814 4816
f 5137 5138 5136
f 5137 5139 5138
f 5139 4610 4612
f 5139 5137 4610
f 5298 5299 5300
f 5302 4813 5303
f 5302 5298 4813
f 4812 5298 5300
f 4812 4813 5298
f 4813 4817 5303
f 5612 5613 5611
f 5612 5614 5613
f 5614 5136 5138
f 5614 5612 5136
f 5823 5824 5822
f 5825 5824 5826
f 5825 5827 5824
f 5825 5828 5827
f 5824 5823 5826
f 5298 5830 5831
f 5828 5298 5831
f 5828 5299 5298
f 5828 5825 5299
f 5830 5298 5302
f 6564 6565 6563
f 6569 6565 6568
f 6569 6570 6565
f 6569 6571 6570
f 6565 6564 6568
f 6573 6575 6574
f 6573 6576 6575
f 6571 6574 6575
f 6571 6569 6574
f 6580 6582 6581
f 6580 6583 6582
f 6576 6581 6582
f 6576 6573 6581
f 5824 6589 6590
f 6583 5824 6590
f 6583 5822 5824
f 6583 6580 5822
f 6589 5824 5827
f 7561 7562 7560
f 7568 7562 7567
f 7568 7569 7562
f 7568 7570 7569
f 7562 7561 7567
f 7575 7576 7574
f 7575 7577 7576
f 7570 7574 7576
f 7570 7568 7574
f 7581 7583 7582
f 7581 7584 7583
f 7577 7582 7583
f 7577 7575 7582
f 6565 7590 7591
f 7584 6565 7591
f 7584 6563 6565
f 7584 7581 6563
f 7590 6565 6570
f 8528 8529 8527
f 8530 8529 8531
f 8530 8532 8529
f 8530 8533 8532
f 8529 8528 8531
f 7562 8536 8537
f 8533 7562 8537
f 8533 7560 7562
f 8533 8530 7560
f 8536 7562 7569

#List of body polygons
f 232 233 231
f 233 232 234
f 239 240 238
f 239 241 240
f 241 233 243
f 241 231 233
f 241 239 231
f 244 246 245
f 244 247 246
f 244 248 247
f 248 238 240
f 248 244 238
f 246 253 254
f 253 246 247
f 1610 246 1609
f 246 1610 245
f 1611 1613 1612
f 1611 1614 1613
f 1612 246 254
f 1612 1609 246
f 1612 1613 1609
f 1626 1627 1625
f 1626 1628 1627
f 1628 1614 1611
f 1628 1626 1614
f 1635 1636 1634
f 1635 1637 1636
f 1637 1625 1627
f 1637 1635 1625
f 1642 1644 1643
f 1642 1645 1644
f 1642 1646 1645
f 1646 1634 1636
f 1646 1642 1634
f 1644 1653 1654
f 1653 1644 1645
f 3023 1644 3022
f 1644 3023 1643
f 3030 3031 3029
f 3030 3032 3031
f 3032 1644 1654
f 3032 3022 1644
f 3032 3030 3022
f 3036 3037 3035
f 3036 3038 3037
f 3035 3029 3031
f 3035 3037 3029
f 3046 3047 3045
f 3046 3048 3047
f 3048 3038 3036
f 3048 3046 3038
f 3053 3055 3054
f 3053 3056 3055
f 3053 3057 3056
f 3057 3045 3047
f 3057 3053 3045
f 3055 3064 3065
f 3064 3055 3056
f 4110 3055 4109
f 3055 4110 3054
f 4115 4116 4114
f 4115 4117 4116
f 4117 3055 3065
f 4117 4109 3055
f 4117 4115 4109
f 4118 4120 4119
f 4118 4121 4120
f 4118 4122 4121
f 4122 4114 4116
f 4122 4118 4114
f 4130 4120 4129
f 4130 4131 4120
f 4129 4120 4121
f 4131 4132 4133
f 4131 4130 4132
f 4609 4610 4608
f 4609 4611 4610
f 4815 4120 4814
f 4120 4815 4119
f 4816 4818 4817
f 4816 4131 4818
f 4814 4131 4816
f 4814 4120 4131
f 4819 4818 4820
f 4819 4821 4818
f 4820 4131 4133
f 4820 4818 4131
f 4821 4822 4823
f 4822 4821 4819
f 5135 5136 5134
f 5135 5137 5136
f 5137 4608 4610
f 5137 5135 4608
f 5301 5302 5303
f 4818 5304 5301
f 4817 5301 5303
f 4817 4818 5301
f 5306 4821 5307
f 5306 5304 4821
f 4821 5304 4818
f 4821 4823 5307
f 5610 5611 5609
f 5610 5612 5611
f 5612 5134 5136
f 5612 5610 5134
f 5828 5829 5827
f 5830 5829 5831
f 5830 5832 5829
f 5830 5833 5832
f 5829 5828 5831
f 5301 5835 5836
f 5833 5301 5836
f 5833 5302 5301
f 5833 5830 5302
f 5304 5840 5841
f 5835 5304 5841
f 5835 5301 5304
f 5840 5304 5306
f 6571 6572 6570
f 6576 6572 6575
f 6576 6577 6572
f 6576 6578 6577
f 6572 6571 6575
f 6583 6584 6582
f 6583 6585 6584
f 6578 6582 6584
f 6578 6576 6582
f 6589 6591 6590
f 6589 6592 6591
f 6585 6590 6591
f 6585 6583 6590
f 5829 6598 6599
f 6592 5829 6599
f 6592 5827 5829
f 6592 6589 5827
f 6598 5829 5832
f 7570 7571 7569
f 7577 7571 7576
f 7577 7578 7571
f 7577 7579 7578
f 7571 7570 7576
f 7584 7585 7583
f 7584 7586 7585
f 7579 7583 7585
f 7579 7577 7583
f 7590 7592 7591
f 7590 7593 7592
f 7586 7591 7592
f 7586 7584 7591
f 6572 7599 7600
f 7593 6572 7600
f 7593 6570 6572
f 7593 7590 6570
f 7599 6572 6577
f 8533 8534 8532
f 8536 8534 8537
f 8536 8538 8534
f 8536 8539 8538
f 8534 8533 8537
f 7571 8541 8542
f 8539 7571 8542
f 8539 7569 7571
f 8539 8536 7569
f 8541 7571 7578

#List of body polygons
f 241 242 240
f 242 241 243
f 248 249 247
f 248 250 249
f 250 242 252
f 250 240 242
f 250 248 240
f 253 255 254
f 253 256 255
f 253 257 256
f 257 247 249
f 257 253 247
f 255 262 263
f 262 255 256
f 255 1611 1612
f 255 1612 254
f 1628 1629 1627
f 1628 1630 1629
f 1630 255 263
f 1630 1611 255
f 1630 1628 1611
f 1637 1638 1636
f 1637 1639 1638
f 1639 1627 1629
f 1639 1637 1627
f 1646 1647 1645
f 1646 1648 1647
f 1648 1636 1638
f 1648 1646 1636
f 1653 1655 1654
f 1653 1656 1655
f 1653 1657 1656
f 1657 1645 1647
f 1657 1653 1645
f 1655 1664 1665
f 1664 1655 1656
f 3032 1655 3031
f 1655 3032 1654
f 3033 3035 3034
f 3033 3036 3035
f 3034 1655 1665
f 3034 3031 1655
f 3034 3035 3031
f 3048 3049 3047
f 3048 3050 3049
f 3050 3036 3033
f 3050 3048 3036
f 3057 3058 3056
f 3057 3059 3058
f 3059 3047 3049
f 3059 3057 3047
f 3064 3066 3065
f 3064 3067 3066
f 3064 3068 3067
f 3068 3056 3058
f 3068 3064 3056
f 3066 3075 3076
f 3066 3067 3075
f 4117 3066 4116
f 3066 4117 3065
f 4122 4123 4121
f 4122 4124 4123
f 4124 3066 3076
f 4124 4116 3066
f 4124 4122 4116
f 4128 4129 4127
f 4128 4130 4129
f 4127 4121 4123
f 4127 4129 4121
f 4132 4134 4133
f 4132 4135 4134
f 4132 4136 4135
f 4130 4136 4132
f 4130 4128 4136
f 4134 4139 4140
f 4139 4134 4135
f 4607 4608 4606
f 4607 4609 4608
f 4134 4819 4820
f 4134 4820 4133
f 4822 4824 4823
f 4822 4825 4824
f 4822 4826 4825
f 4826 4134 4140
f 4826 4819 4134
f 4826 4822 4819
f 4824 4827 4828
f 4827 4824 4825
f 5133 5134 5132
f 5133 5135 5134
f 5135 4606 4608
f 5135 5133 4606
f 5305 5306 5307
f 5309 4824 5310
f 5309 5305 4824
f 4823 5305 5307
f 4823 4824 5305
f 4824 4828 5310
f 5608 5609 5607
f 5608 5610 5609
f 5610 5132 5134
f 5610 5608 5132
f 5833 5834 5832
f 5835 5834 5836
f 5835 5837 5834
f 5835 5838 5837
f 5834 5833 5836
f 5840 5842 5841
f 5840 5843 5842
f 5838 5841 5842
f 5838 5835 5841
f 5305 5847 5848
f 5843 5305 5848
f 5843 5306 5305
f 5843 5840 5306
f 5847 5305 5309
f 6578 6579 6577
f 6585 6579 6584
f 6585 6586 6579
f 6585 6587 6586
f 6579 6578 6584
f 6592 6593 6591
f 6592 6594 6593
f 6587 6591 6593
f 6587 6585 6591
f 6598 6600 6599
f 6598 6601 6600
f 6594 6599 6600
f 6594 6592 6599
f 5834 6607 6608
f 6601 5834 6608
f 6601 5832 5834
f 6601 6598 5832
f 6607 5834 5837
f 7579 7580 7578
f 7586 7580 7585
f 7586 7587 7580
f 7586 7588 7587
f 7580 7579 7585
f 7593 7594 7592
f 7593 7595 7594
f 7588 7592 7594
f 7588 7586 7592
f 7599 7601 7600
f 7599 7602 7601
f 7595 7600 7601
f 7595 7593 7600
f 6579 7608 7609
f 7602 6579 7609
f 7602 6577 6579
f 7602 7599 6577
f 7608 6579 6586
f 8539 8540 8538
f 8541 8540 8542
f 8541 8543 8540
f 8541 8544 8543
f 8540 8539 8542
f 7580 8546 8547
f 8544 7580 8547
f 8544 7578 7580
f 8544 8541 7578
f 8546 7580 7587

#List of body polygons
f 250 251 249
f 251 250 252
f 257 258 256
f 257 259 258
f 259 251 261
f 259 249 251
f 259 257 249
f 262 264 263
f 262 265 264
f 262 266 265
f 266 256 258
f 266 262 256
f 264 271 272
f 271 264 265
f 1630 264 1629
f 264 1630 263
f 1639 1640 1638
f 1639 1641 1640
f 1641 264 272
f 1641 1629 264
f 1641 1639 1629
f 1648 1649 1647
f 1648 1650 1649
f 1650 1638 1640
f 1650 1648 1638
f 1657 1658 1656
f 1657 1659 1658
f 1659 1647 1649
f 1659 1657 1647
f 1664 1666 1665
f 1664 1667 1666
f 1664 1668 1667
f 1668 1656 1658
f 1668 1664 1656
f 1666 1675 1676
f 1675 1666 1667
f 1666 3033 3034
f 1666 3034 1665
f 3050 3051 3049
f 3050 3052 3051
f 3052 1666 1676
f 3052 3033 1666
f 3052 3050 3033
f 3059 3060 3058
f 3059 3061 3060
f 3061 3049 3051
f 3061 3059 3049
f 3068 3069 3067
f 3068 3070 3069
f 3070 3058 3060
f 3070 3068 3058
f 3075 3077 3076
f 3075 3078 3077
f 3075 3079 3078
f 3067 3079 3075
f 3067 3069 3079
f 3077 3084 3085
f 3084 3077 3078
f 4124 3077 4123
f 3077 4124 3076
f 4125 4127 4126
f 4125 4128 4127
f 4126 3077 3085
f 4126 4123 3077
f 4126 4127 4123
f 4136 4137 4135
f 4136 4138 4137
f 4128 4138 4136
f 4128 4125 4138
f 4139 4141 4140
f 4139 4142 4141
f 4139 4143 4142
f 4143 4135 4137
f 4143 4139 4135
f 4141 4146 4147
f 4146 4141 4142
f 4605 4606 4604
f 4605 4607 4606
f 4826 4141 4825
f 4141 4826 4140
f 4827 4829 4828
f 4827 4830 4829
f 4827 4831 4830
f 4831 4141 4147
f 4831 4825 4141
f 4831 4827 4825
f 4829 4832 4833
f 4832 4829 4830
f 5131 5132 5130
f 5131 5133 5132
f 5133 4604 4606
f 5133 5131 4604
f 5308 5309 5310
f 5312 4829 5313
f 5312 5308 4829
f 4828 5308 5310
f 4828 4829 5308
f 4829 4833 5313
f 5606 5607 5605
f 5606 5608 5607
f 5608 5130 5132
f 5608 5606 5130
f 5838 5839 5837
f 5843 5839 5842
f 5843 5844 5839
f 5843 5845 5844
f 5839 5838 5842
f 5847 5849 5848
f 5847 5850 5849
f 5845 5848 5849
f 5845 5843 5848
f 5308 5852 5853
f 5850 5308 5853
f 5850 5309 5308
f 5850 5847 5309
f 5852 5308 5312
f 6587 6588 6586
f 6594 6588 6593
f 6594 6595 6588
f 6594 6596 6595
f 6588 6587 6593
f 6601 6602 6600
f 6601 6603 6602
f 6596 6600 6602
f 6596 6594 6600
f 6607 6609 6608
f 6607 6610 6609
f 6603 6608 6609
f 6603 6601 6608
f 5839 6616 6617
f 6610 5839 6617
f 6610 5837 5839
f 6610 6607 5837
f 6616 5839 5844
f 7588 7589 7587
f 7595 7589 7594
f 7595 7596 7589
f 7595 7597 7596
f 7589 7588 7594
f 7602 7603 7601
f 7602 7604 7603
f 7597 7601 7603
f 7597 7595 7601
f 7608 7610 7609
f 7608 7611 7610
f 7604 7609 7610
f 7604 7602 7609
f 6588 7617 7618
f 7611 6588 7618
f 7611 6586 6588
f 7611 7608 6586
f 7617 6588 6595
f 8544 8545 8543
f 8546 8545 8547
f 8546 8548 8545
f 8546 8549 8548
f 8545 8544 8547
f 7589 8551 8552
f 8549 7589 8552
f 8549 7587 7589
f 8549 8546 7587
f 8551 7589 7596

#List of body polygons
f 259 260 258
f 260 259 261
f 266 267 265
f 266 268 267
f 268 260 270
f 268 258 260
f 268 266 258
f 271 273 272
f 271 274 273
f 271 275 274
f 275 265 267
f 275 271 265
f 273 280 281
f 280 273 274
f 1641 273 1640
f 273 1641 272
f 1650 1651 1649
f 1650 1652 1651
f 1652 273 281
f 1652 1640 273
f 1652 1650 1640
f 1659 1660 1658
f 1659 1661 1660
f 1661 1649 1651
f 1661 1659 1649
f 1668 1669 1667
f 1668 1670 1669
f 1670 1658 1660
f 1670 1668 1658
f 1675 1677 1676
f 1675 1678 1677
f 1675 1679 1678
f 1679 1667 1669
f 1679 1675 1667
f 1677 1686 1687
f 1686 1677 1678
f 3052 1677 3051
f 1677 3052 1676
f 3061 3062 3060
f 3061 3063 3062
f 3063 1677 1687
f 3063 3051 1677
f 3063 3061 3051
f 3070 3071 3069
f 3070 3072 3071
f 3072 3060 3062
f 3072 3070 3060
f 3079 3080 3078
f 3079 3081 3080
f 3069 3081 3079
f 3069 3071 3081
f 3084 3086 3085
f 3084 3087 3086
f 3084 3088 3087
f 3088 3078 3080
f 3088 3084 3078
f 3100 3086 3099
f 3100 3101 3086
f 3099 3086 3087
f 3101 3102 3103
f 3102 3101 3100
f 3086 4125 4126
f 3086 4126 3085
f 4138 3101 4137
f 4125 3101 4138
f 4125 3086 3101
f 4143 4144 4142
f 4143 4145 4144
f 4145 3101 3103
f 4145 4137 3101
f 4145 4143 4137
f 4146 4148 4147
f 4146 4149 4148
f 4146 4150 4149
f 4150 4142 4144
f 4150 4146 4142
f 4148 4153 4154
f 4153 4148 4149
f 4603 4604 4602
f 4603 4605 4604
f 4831 4148 4830
f 4148 4831 4147
f 4832 4834 4833
f 4832 4835 4834
f 4832 4836 4835
f 4836 4148 4154
f 4836 4830 4148
f 4836 4832 4830
f 4834 4837 4838
f 4834 4835 4837
f 5129 5130 5128
f 5129 5131 5130
f 5131 4602 4604
f 5131 5129 4602
f 5311 5312 5313
f 5315 4834 5316
f 5315 5311 4834
f 4833 5311 5313
f 4833 4834 5311
f 4834 4838 5316
f 5604 5605 5603
f 5604 5606 5605
f 5606 5128 5130
f 5606 5604 5128
f 5845 5846 5844
f 5850 5846 5849
f 5850 5851 5846
f 5846 5845 5849
f 5852 5851 5853
f 5852 5854 5851
f 5852 5855 5854
f 5851 5850 5853
f 5311 5857 5858
f 5855 5311 5858
f 5855 5312 5311
f 5855 5852 5312
f 5857 5311 5315
f 6596 6597 6595
f 6603 6597 6602
f 6603 6604 6597
f 6603 6605 6604
f 6597 6596 6602
f 6610 6611 6609
f 6610 6612 6611
f 6605 6609 6611
f 6605 6603 6609
f 6616 6618 6617
f 6616 6619 6618
f 6612 6617 6618
f 6612 6610 6617
f 5846 6623 6624
f 6619 5846 6624
f 6619 5844 5846
f 6619 6616 5844
f 5851 6630 6631
f 6623 5851 6631
f 6623 5846 5851
f 6630 5851 5854
f 7597 7598 7596
f 7604 7598 7603
f 7604 7605 7598
f 7604 7606 7605
f 7598 7597 7603
f 7611 7612 7610
f 7611 7613 7612
f 7606 7610 7612
f 7606 7604 7610
f 7617 7619 7618
f 7617 7620 7619
f 7613 7618 7619
f 7613 7611 7618
f 6597 7626 7627
f 7620 6597 7627
f 7620 6595 6597
f 7620 7617 6595
f 7626 6597 6604
f 8549 8550 8548
f 8551 8550 8552
f 8551 8553 8550
f 8551 8554 8553
f 8550 8549 8552
f 7598 8556 8557
f 8554 7598 8557
f 8554 7596 7598
f 8554 8551 7596
f 8556 7598 7605

#List of body polygons
f 268 269 267
f 269 268 270
f 275 276 274
f 275 277 276
f 277 269 279
f 277 267 269
f 277 275 267
f 280 282 281
f 280 283 282
f 280 284 283
f 284 274 276
f 284 280 274
f 282 289 290
f 289 282 283
f 1652 282 1651
f 282 1652 281
f 1661 1662 1660
f 1661 1663 1662
f 1663 282 290
f 1663 1651 282
f 1663 1661 1651
f 1670 1671 1669
f 1670 1672 1671
f 1672 1660 1662
f 1672 1670 1660
f 1679 1680 1678
f 1679 1681 1680
f 1681 1669 1671
f 1681 1679 1669
f 1686 1688 1687
f 1686 1689 1688
f 1686 1690 1689
f 1690 1678 1680
f 1690 1686 1678
f 1688 1697 1698
f 1697 1688 1689
f 3063 1688 3062
f 1688 3063 1687
f 3072 3073 3071
f 3072 3074 3073
f 3074 1688 1698
f 3074 3062 1688
f 3074 3072 3062
f 3081 3082 3080
f 3081 3083 3082
f 3071 3083 3081
f 3071 3073 3083
f 3088 3089 3087
f 3088 3090 3089
f 3090 3080 3082
f 3090 3088 3080
f 3098 3099 3097
f 3098 3100 3099
f 3097 3087 3089
f 3097 3099 3087
f 3102 3104 3103
f 3102 3105 3104
f 3102 3106 3105
f 3106 3100 3098
f 3106 3102 3100
f 3104 3113 3114
f 3113 3104 3105
f 4145 3104 4144
f 3104 4145 3103
f 4150 4151 4149
f 4150 4152 4151
f 4152 3104 3114
f 4152 4144 3104
f 4152 4150 4144
f 4153 4155 4154
f 4153 4156 4155
f 4153 4157 4156
f 4157 4149 4151
f 4157 4153 4149
f 4165 4155 4164
f 4165 4166 4155
f 4164 4155 4156
f 4166 4167 4168
f 4167 4166 4165
f 4601 4602 4600
f 4601 4603 4602
f 4836 4155 4835
f 4155 4836 4154
f 4837 4839 4838
f 4837 4166 4839
f 4835 4166 4837
f 4835 4155 4166
f 4840 4839 4841
f 4840 4842 4839
f 4841 4166 4168
f 4841 4839 4166
f 4842 4843 4844
f 4843 4842 4840
f 5127 5128 5126
f 5127 5129 5128
f 5129 4600 4602
f 5129 5127 4600
f 5314 5315 5316
f 4839 5317 5314
f 4838 5314 5316
f 4838 4839 5314
f 5319 4842 5320
f 5319 5317 4842
f 4842 5317 4839
f 4842 4844 5320
f 5602 5603 5601
f 5602 5604 5603
f 5604 5126 5128
f 5604 5602 5126
f 5855 5856 5854
f 5857 5856 5858
f 5857 5859 5856
f 5857 5860 5859
f 5856 5855 5858
f 5314 5862 5863
f 5860 5314 5863
f 5860 5315 5314
f 5860 5857 5315
f 5317 5867 5868
f 5862 5317 5868
f 5862 5314 5317
f 5867 5317 5319
f 6605 6606 6604
f 6612 6606 6611
f 6612 6613 6606
f 6612 6614 6613
f 6606 6605 6611
f 6619 6620 6618
f 6619 6621 6620
f 6614 6618 6620
f 6614 6612 6618
f 6623 6625 6624
f 6623 6626 6625
f 6621 6624 6625
f 6621 6619 6624
f 6630 6632 6631
f 6630 6633 6632
f 6626 6631 6632
f 6626 6623 6631
f 5856 6639 6640
f 6633 5856 6640
f 6633 5854 5856
f 6633 6630 5854
f 6639 5856 5859
f 7606 7607 7605
f 7613 7607 7612
f 7613 7614 7607
f 7613 7615 7614
f 7607 7606 7612
f 7620 7621 7619
f 7620 7622 7621
f 7615 7619 7621
f 7615 7613 7619
f 7626 7628 7627
f 7626 7629 7628
f 7622 7627 7628
f 7622 7620 7627
f 6606 7635 7636
f 7629 6606 7636
f 7629 6604 6606
f 7629 7626 6604
f 7635 6606 6613
f 8554 8555 8553
f 8556 8555 8557
f 8556 8558 8555
f 8556 8559 8558
f 8555 8554 8557
f 7607 8561 8562
f 8559 7607 8562
f 8559 7605 7607
f 8559 8556 7605
f 8561 7607 7614

#List of body polygons
f 277 278 276
f 278 277 279
f 284 285 283
f 284 286 285
f 286 278 288
f 286 276 278
f 286 284 276
f 289 291 290
f 289 292 291
f 289 293 292
f 293 283 285
f 293 289 283
f 291 298 299
f 298 291 292
f 1663 291 1662
f 291 1663 290
f 1672 1673 1671
f 1672 1674 1673
f 1674 291 299
f 1674 1662 291
f 1674 1672 1662
f 1681 1682 1680
f 1681 1683 1682
f 1683 1671 1673
f 1683 1681 1671
f 1690 1691 1689
f 1690 1692 1691
f 1692 1680 1682
f 1692 1690 1680
f 1697 1699 1698
f 1697 1700 1699
f 1697 1701 1700
f 1701 1689 1691
f 1701 1697 1689
f 1717 1699 1716
f 1717 1718 1699
f 1716 1699 1700
f 1718 1719 1720
f 1719 1718 1717
f 3074 1699 3073
f 1699 3074 1698
f 3083 1718 3082
f 3073 1718 3083
f 3073 1699 1718
f 3090 3091 3089
f 3090 3092 3091
f 3092 1718 1720
f 3092 3082 1718
f 3092 3090 3082
f 3096 3097 3095
f 3096 3098 3097
f 3095 3089 3091
f 3095 3097 3089
f 3106 3107 3105
f 3106 3108 3107
f 3108 3098 3096
f 3108 3106 3098
f 3113 3115 3114
f 3113 3116 3115
f 3113 3117 3116
f 3117 3105 3107
f 3117 3113 3105
f 3115 3124 3125
f 3124 3115 3116
f 4152 3115 4151
f 3115 4152 3114
f 4157 4158 4156
f 4157 4159 4158
f 4159 3115 3125
f 4159 4151 3115
f 4159 4157 4151
f 4163 4164 4162
f 4163 4165 4164
f 4162 4156 4158
f 4162 4164 4156
f 4167 4169 4168
f 4167 4170 4169
f 4167 4171 4170
f 4171 4165 4163
f 4171 4167 4165
f 4169 4176 4177
f 4169 4170 4176
f 4599 4600 4598
f 4599 4601 4600
f 4169 4840 4841
f 4169 4841 4168
f 4843 4845 4844
f 4843 4846 4845
f 4843 4847 4846
f 4847 4169 4177
f 4847 4840 4169
f 4847 4843 4840
f 4845 4848 4849
f 4848 4845 4846
f 5125 5126 5124
f 5125 5127 5126
f 5127 4598 4600
f 5127 5125 4598
f 5318 5319 5320
f 5322 4845 5323
f 5322 5318 4845
f 4844 5318 5320
f 4844 4845 5318
f 4845 4849 5323
f 5600 5601 5599
f 5600 5602 5601
f 5602 5124 5126
f 5602 5600 5124
f 5860 5861 5859
f 5862 5861 5863
f 5862 5864 5861
f 5862 5865 5864
f 5861 5860 5863
f 5867 5869 5868
f 5867 5870 5869
f 5865 5868 5869
f 5865 5862 5868
f 5318 5874 5875
f 5870 5318 5875
f 5870 5319 5318
f 5870 5867 5319
f 5874 5318 5322
f 6614 6615 6613
f 6621 6615 6620
f 6621 6622 6615
f 6615 6614 6620
f 6626 6622 6625
f 6626 6627 6622
f 6626 6628 6627
f 6622 6621 6625
f 6633 6634 6632
f 6633 6635 6634
f 6628 6632 6634
f 6628 6626 6632
f 6639 6641 6640
f 6639 6642 6641
f 6635 6640 6641
f 6635 6633 6640
f 5861 6648 6649
f 6642 5861 6649
f 6642 5859 5861
f 6642 6639 5859
f 6648 5861 5864
f 7615 7616 7614
f 7622 7616 7621
f 7622 7623 7616
f 7622 7624 7623
f 7616 7615 7621
f 7629 7630 7628
f 7629 7631 7630
f 7624 7628 7630
f 7624 7622 7628
f 7635 7637 7636
f 7635 7638 7637
f 7631 7636 7637
f 7631 7629 7636
f 6615 7644 7645
f 7638 6615 7645
f 7638 6613 6615
f 7638 7635 6613
f 6622 7653 7654
f 7644 6622 7654
f 7644 6615 6622
f 7653 6622 6627
f 8559 8560 8558
f 8561 8560 8562
f 8561 8563 8560
f 8561 8564 8563
f 8560 8559 8562
f 7616 8566 8567
f 8564 7616 8567
f 8564 7614 7616
f 8564 8561 7614
f 8566 7616 7623

#List of body polygons
f 286 287 285
f 287 286 288
f 293 294 292
f 293 295 294
f 295 287 297
f 295 285 287
f 295 293 285
f 298 300 299
f 298 301 300
f 298 302 301
f 302 292 294
f 302 298 292
f 300 307 308
f 307 300 301
f 1674 300 1673
f 300 1674 299
f 1683 1684 1682
f 1683 1685 1684
f 1685 300 308
f 1685 1673 300
f 1685 1683 1673
f 1692 1693 1691
f 1692 1694 1693
f 1694 1682 1684
f 1694 1692 1682
f 1701 1702 1700
f 1701 1703 1702
f 1703 1691 1693
f 1703 1701 1691
f 1715 1716 1714
f 1715 1717 1716
f 1714 1700 1702
f 1714 1716 1700
f 1719 1721 1720
f 1719 1722 1721
f 1719 1723 1722
f 1723 1717 1715
f 1723 1719 1717
f 1721 1732 1733
f 1732 1721 1722
f 3092 1721 3091
f 1721 3092 1720
f 3093 3095 3094
f 3093 3096 3095
f 3094 1721 1733
f 3094 3091 1721
f 3094 3095 3091
f 3108 3109 3107
f 3108 3110 3109
f 3110 3096 3093
f 3110 3108 3096
f 3117 3118 3116
f 3117 3119 3118
f 3119 3107 3109
f 3119 3117 3107
f 3124 3126 3125
f 3124 3127 3126
f 3124 3128 3127
f 3128 3116 3118
f 3128 3124 3116
f 3126 3135 3136
f 3135 3126 3127
f 4159 3126 4158
f 3126 4159 3125
f 4160 4162 4161
f 4160 4163 4162
f 4161 3126 3136
f 4161 4158 3126
f 4161 4162 4158
f 4171 4172 4170
f 4171 4173 4172
f 4173 4163 4160
f 4173 4171 4163
f 4176 4178 4177
f 4176 4179 4178
f 4176 4180 4179
f 4170 4180 4176
f 4170 4172 4180
f 4178 4183 4184
f 4183 4178 4179
f 4597 4598 4596
f 4597 4599 4598
f 4847 4178 4846
f 4178 4847 4177
f 4848 4850 4849
f 4848 4851 4850
f 4848 4852 4851
f 4852 4178 4184
f 4852 4846 4178
f 4852 4848 4846
f 4850 4853 4854
f 4850 4851 4853
f 5122 5124 5123
f 5122 5125 5124
f 5125 4596 4598
f 5125 5122 4596
f 5321 5322 5323
f 5325 4850 5326
f 5325 5321 4850
f 4849 5321 5323
f 4849 4850 5321
f 4850 4854 5326
f 5598 5599 5597
f 5598 5600 5599
f 5600 5123 5124
f 5600 5598 5123
f 5865 5866 5864
f 5870 5866 5869
f 5870 5871 5866
f 5870 5872 5871
f 5866 5865 5869
f 5874 5876 5875
f 5874 5877 5876
f 5872 5875 5876
f 5872 5870 5875
f 5321 5881 5882
f 5877 5321 5882
f 5877 5322 5321
f 5877 5874 5322
f 5881 5321 5325
f 6628 6629 6627
f 6635 6629 6634
f 6635 6636 6629
f 6635 6637 6636
f 6629 6628 6634
f 6642 6643 6641
f 6642 6644 6643
f 6637 6641 6643
f 6637 6635 6641
f 6648 6650 6649
f 6648 6651 6650
f 6644 6649 6650
f 6644 6642 6649
f 5866 6657 6658
f 6651 5866 6658
f 6651 5864 5866
f 6651 6648 5864
f 6657 5866 5871
f 7624 7625 7623
f 7631 7625 7630
f 7631 7632 7625
f 7631 7633 7632
f 7625 7624 7630
f 7638 7639 7637
f 7638 7640 7639
f 7633 7637 7639
f 7633 7631 7637
f 7644 7646 7645
f 7644 7647 7646
f 7640 7645 7646
f 7640 7638 7645
f 7653 7655 7654
f 7653 7656 7655
f 7647 7654 7655
f 7647 7644 7654
f 6629 7664 7665
f 7656 6629 7665
f 7656 6627 6629
f 7656 7653 6627
f 7664 6629 6636
f 8564 8565 8563
f 8566 8565 8567
f 8566 8568 8565
f 8566 8569 8568
f 8565 8564 8567
f 7625 8571 8572
f 8569 7625 8572
f 8569 7623 7625
f 8569 8566 7623
f 8571 7625 7632

#List of body polygons
f 295 296 294
f 296 295 297
f 302 303 301
f 302 304 303
f 304 296 306
f 304 294 296
f 304 302 294
f 307 309 308
f 307 310 309
f 307 311 310
f 311 301 303
f 311 307 301
f 309 316 317
f 316 309 310
f 1685 309 1684
f 309 1685 308
f 1694 1695 1693
f 1694 1696 1695
f 1696 309 317
f 1696 1684 309
f 1696 1694 1684
f 1703 1704 1702
f 1703 1705 1704
f 1705 1693 1695
f 1705 1703 1693
f 1713 1714 1712
f 1713 1715 1714
f 1712 1702 1704
f 1712 1714 1702
f 1723 1724 1722
f 1723 1725 1724
f 1725 1715 1713
f 1725 1723 1715
f 1732 1734 1733
f 1732 1735 1734
f 1732 1736 1735
f 1736 1722 1724
f 1736 1732 1722
f 1734 1745 1746
f 1745 1734 1735
f 1734 3093 3094
f 1734 3094 1733
f 3110 3111 3109
f 3110 3112 3111
f 3112 1734 1746
f 3112 3093 1734
f 3112 3110 3093
f 3119 3120 3118
f 3119 3121 3120
f 3121 3109 3111
f 3121 3119 3109
f 3128 3129 3127
f 3128 3130 3129
f 3130 3118 3120
f 3130 3128 3118
f 3135 3137 3136
f 3135 3138 3137
f 3135 3139 3138
f 3139 3127 3129
f 3139 3135 3127
f 3137 3146 3147
f 3146 3137 3138
f 3137 4160 4161
f 3137 4161 3136
f 4173 4174 4172
f 4173 4175 4174
f 4175 3137 3147
f 4175 4160 3137
f 4175 4173 4160
f 4180 4181 4179
f 4180 4182 4181
f 4172 4182 4180
f 4172 4174 4182
f 4183 4185 4184
f 4183 4186 4185
f 4183 4187 4186
f 4187 4179 4181
f 4187 4183 4179
f 4195 4185 4194
f 4195 4195 4185
f 4194 4185 4186
f 4195 4195 4195
f 4195 4195 4195
f 4529 4530 4531
f 4595 4529 4594
f 4595 4596 4529
f 4595 4597 4596
f 4529 4531 4594
f 4852 4185 4851
f 4185 4852 4184
f 4853 4855 4854
f 4853 4195 4855
f 4851 4195 4853
f 4851 4185 4195
f 4856 4855 4857
f 4856 4858 4855
f 4857 4195 4195
f 4857 4855 4195
f 4858 4859 4860
f 4859 4858 4856
f 5120 5121 5119
f 5120 4529 5121
f 4530 4529 5120
f 5121 5122 5123
f 5122 4529 4596
f 5122 5121 4529
f 5324 5325 5326
f 4855 5327 5324
f 4854 5324 5326
f 4854 4855 5324
f 5329 4858 5330
f 5329 5327 4858
f 4858 5327 4855
f 4858 4860 5330
f 5575 5121 5574
f 5121 5575 5119
f 5596 5597 5595
f 5596 5598 5597
f 5598 5121 5123
f 5598 5574 5121
f 5598 5596 5574
f 5872 5873 5871
f 5877 5873 5876
f 5877 5878 5873
f 5877 5879 5878
f 5873 5872 5876
f 5881 5883 5882
f 5881 5884 5883
f 5879 5882 5883
f 5879 5877 5882
f 5324 5886 5887
f 5884 5324 5887
f 5884 5325 5324
f 5884 5881 5325
f 5327 5891 5892
f 5886 5327 5892
f 5886 5324 5327
f 5891 5327 5329
f 6637 6638 6636
f 6644 6638 6643
f 6644 6645 6638
f 6644 6646 6645
f 6638 6637 6643
f 6651 6652 6650
f 6651 6653 6652
f 6646 6650 6652
f 6646 6644 6650
f 6657 6659 6658
f 6657 6660 6659
f 6653 6658 6659
f 6653 6651 6658
f 5873 6666 6667
f 6660 5873 6667
f 6660 5871 5873
f 6660 6657 5871
f 6666 5873 5878
f 7633 7634 7632
f 7640 7634 7639
f 7640 7641 7634
f 7640 7642 7641
f 7634 7633 7639
f 7647 7648 7646
f 7647 7649 7648
f 7642 7646 7648
f 7642 7640 7646
f 7656 7657 7655
f 7656 7658 7657
f 7649 7655 7657
f 7649 7647 7655
f 7664 7666 7665
f 7664 7667 7666
f 7658 7665 7666
f 7658 7656 7665
f 6638 7675 7676
f 7667 6638 7676
f 7667 6636 6638
f 7667 7664 6636
f 7675 6638 6645
f 8569 8570 8568
f 8571 8570 8572
f 8571 8573 8570
f 8571 8574 8573
f 8570 8569 8572
f 7634 8576 8577
f 8574 7634 8577
f 8574 7632 7634
f 8574 8571 7632
f 8576 7634 7641

#List of body polygons
f 304 305 303
f 305 304 306
f 311 312 310
f 311 313 312
f 313 305 315
f 313 303 305
f 313 311 303
f 316 318 317
f 316 319 318
f 316 320 319
f 320 310 312
f 320 316 310
f 318 325 326
f 325 318 319
f 1696 318 1695
f 318 1696 317
f 1705 1706 1704
f 1705 1707 1706
f 1707 318 326
f 1707 1695 318
f 1707 1705 1695
f 1711 1712 1710
f 1711 1713 1712
f 1710 1704 1706
f 1710 1712 1704
f 1725 1726 1724
f 1725 1727 1726
f 1727 1713 1711
f 1727 1725 1713
f 1736 1737 1735
f 1736 1738 1737
f 1738 1724 1726
f 1738 1736 1724
f 1745 1747 1746
f 1745 1748 1747
f 1745 1749 1748
f 1749 1735 1737
f 1749 1745 1735
f 1747 1758 1759
f 1758 1747 1748
f 3112 1747 3111
f 1747 3112 1746
f 3121 3122 3120
f 3121 3123 3122
f 3123 1747 1759
f 3123 3111 1747
f 3123 3121 3111
f 3130 3131 3129
f 3130 3132 3131
f 3132 3120 3122
f 3132 3130 3120
f 3139 3140 3138
f 3139 3141 3140
f 3141 3129 3131
f 3141 3139 3129
f 3146 3148 3147
f 3146 3149 3148
f 3146 3150 3149
f 3150 3138 3140
f 3150 3146 3138
f 3166 3148 3165
f 3166 3167 3148
f 3165 3148 3149
f 3167 3168 3169
f 3168 3167 3166
f 4175 3148 4174
f 3148 4175 3147
f 4182 3167 4181
f 4174 3167 4182
f 4174 3148 3167
f 4187 4188 4186
f 4187 4189 4188
f 4189 3167 3169
f 4189 4181 3167
f 4189 4187 4181
f 4193 4194 4192
f 4193 4195 4194
f 4192 4186 4188
f 4192 4194 4186
f 4195 4196 4195
f 4195 4197 4196
f 4195 4198 4197
f 4198 4195 4193
f 4198 4195 4195
f 4196 4203 4204
f 4203 4196 4197
f 4530 4532 4531
f 4530 4533 4532
f 4593 4594 4592
f 4593 4595 4594
f 4531 4592 4594
f 4531 4532 4592
f 4196 4856 4857
f 4196 4857 4195
f 4859 4861 4860
f 4859 4862 4861
f 4859 4863 4862
f 4863 4196 4204
f 4863 4856 4196
f 4863 4859 4856
f 4861 4864 4865
f 4864 4861 4862
f 5118 5119 5117
f 5118 5120 5119
f 4533 5120 5118
f 4533 4530 5120
f 5328 5329 5330
f 5332 4861 5333
f 5332 5328 4861
f 4860 5328 5330
f 4860 4861 5328
f 4861 4865 5333
f 5573 5574 5572
f 5573 5575 5574
f 5575 5117 5119
f 5575 5573 5117
f 5593 5594 5592
f 5593 5595 5594
f 5593 5596 5595
f 5596 5572 5574
f 5596 5593 5572
f 5879 5880 5878
f 5884 5880 5883
f 5884 5885 5880
f 5880 5879 5883
f 5886 5885 5887
f 5886 5888 5885
f 5886 5889 5888
f 5885 5884 5887
f 5891 5893 5892
f 5891 5894 5893
f 5889 5892 5893
f 5889 5886 5892
f 5328 5898 5899
f 5894 5328 5899
f 5894 5329 5328
f 5894 5891 5329
f 5898 5328 5332
f 6315 5594 6314
f 5594 6315 5592
f 6646 6647 6645
f 6653 6647 6652
f 6653 6654 6647
f 6653 6655 6654
f 6647 6646 6652
f 6660 6661 6659
f 6660 6662 6661
f 6655 6659 6661
f 6655 6653 6659
f 6666 6668 6667
f 6666 6669 6668
f 6662 6667 6668
f 6662 6660 6667
f 5880 6675 6676
f 6669 5880 6676
f 6669 5878 5880
f 6669 6666 5878
f 5885 6684 6685
f 6675 5885 6685
f 6675 5880 5885
f 6684 5885 5888
f 7642 7643 7641
f 7649 7643 7648
f 7649 7650 7643
f 7649 7651 7650
f 7643 7642 7648
f 7658 7659 7657
f 7658 7660 7659
f 7651 7657 7659
f 7651 7649 7657
f 7667 7668 7666
f 7667 7669 7668
f 7660 7666 7668
f 7660 7658 7666
f 7675 7677 7676
f 7675 7678 7677
f 7669 7676 7677
f 7669 7667 7676
f 6647 7686 7687
f 7678 6647 7687
f 7678 6645 6647
f 7678 7675 6645
f 7686 6647 6654
f 8574 8575 8573
f 8576 8575 8577
f 8576 8578 8575
f 8576 8579 8578
f 8575 8574 8577
f 7643 8581 8582
f 8579 7643 8582
f 8579 7641 7643
f 8579 8576 7641
f 8581 7643 7650

#List of body polygons
f 313 314 312
f 314 313 315
f 320 321 319
f 320 322 321
f 322 314 324
f 322 312 314
f 322 320 312
f 325 327 326
f 325 328 327
f 325 329 328
f 329 319 321
f 329 325 319
f 327 337 338
f 337 327 328
f 1707 327 1706
f 327 1707 326
f 1708 1710 1709
f 1708 1711 1710
f 1709 327 338
f 1709 1706 327
f 1709 1710 1706
f 1727 1728 1726
f 1727 1729 1728
f 1729 1711 1708
f 1729 1727 1711
f 1738 1739 1737
f 1738 1740 1739
f 1740 1726 1728
f 1740 1738 1726
f 1749 1750 1748
f 1749 1751 1750
f 1751 1737 1739
f 1751 1749 1737
f 1758 1760 1759
f 1758 1761 1760
f 1758 1762 1761
f 1762 1748 1750
f 1762 1758 1748
f 1760 1771 1772
f 1771 1760 1761
f 3123 1760 3122
f 1760 3123 1759
f 3132 3133 3131
f 3132 3134 3133
f 3134 1760 1772
f 3134 3122 1760
f 3134 3132 3122
f 3141 3142 3140
f 3141 3143 3142
f 3143 3131 3133
f 3143 3141 3131
f 3150 3151 3149
f 3150 3152 3151
f 3152 3140 3142
f 3152 3150 3140
f 3164 3165 3163
f 3164 3166 3165
f 3163 3149 3151
f 3163 3165 3149
f 3168 3170 3169
f 3168 3171 3170
f 3168 3172 3171
f 3172 3166 3164
f 3172 3168 3166
f 3170 3181 3182
f 3170 3171 3181
f 4189 3170 4188
f 3170 4189 3169
f 4190 4192 4191
f 4190 4193 4192
f 4191 3170 3182
f 4191 4188 3170
f 4191 4192 4188
f 4198 4199 4197
f 4198 4200 4199
f 4200 4193 4190
f 4200 4198 4193
f 4203 4205 4204
f 4203 4206 4205
f 4203 4207 4206
f 4207 4197 4199
f 4207 4203 4197
f 4205 4212 4213
f 4205 4206 4212
f 4533 4534 4532
f 4533 4535 4534
f 4591 4592 4590
f 4591 4593 4592
f 4532 4590 4592
f 4532 4534 4590
f 4863 4205 4862
f 4205 4863 4204
f 4864 4866 4865
f 4864 4867 4866
f 4864 4868 4867
f 4868 4205 4213
f 4868 4862 4205
f 4868 4864 4862
f 4866 4869 4870
f 4869 4866 4867
f 5116 5117 5115
f 5116 5118 5117
f 4535 5118 5116
f 4535 4533 5118
f 5331 5332 5333
f 5335 4866 5336
f 5335 5331 4866
f 4865 5331 5333
f 4865 4866 5331
f 4866 4870 5336
f 5571 5572 5570
f 5571 5573 5572
f 5573 5115 5117
f 5573 5571 5115
f 5591 5592 5590
f 5591 5593 5592
f 5593 5570 5572
f 5593 5591 5570
f 5889 5890 5888
f 5894 5890 5893
f 5894 5895 5890
f 5894 5896 5895
f 5890 5889 5893
f 5898 5900 5899
f 5898 5901 5900
f 5896 5899 5900
f 5896 5894 5899
f 5331 5905 5906
f 5901 5331 5906
f 5901 5332 5331
f 5901 5898 5332
f 5905 5331 5335
f 6313 6314 6312
f 6313 6315 6314
f 6315 5590 5592
f 6315 6313 5590
f 6655 6656 6654
f 6662 6656 6661
f 6662 6663 6656
f 6662 6664 6663
f 6656 6655 6661
f 6669 6670 6668
f 6669 6671 6670
f 6664 6668 6670
f 6664 6662 6668
f 6675 6677 6676
f 6675 6678 6677
f 6671 6676 6677
f 6671 6669 6676
f 6684 6686 6685
f 6684 6687 6686
f 6678 6685 6686
f 6678 6675 6685
f 5890 6695 6696
f 6687 5890 6696
f 6687 5888 5890
f 6687 6684 5888
f 6695 5890 5895
f 7651 7652 7650
f 7660 7652 7659
f 7660 7661 7652
f 7660 7662 7661
f 7652 7651 7659
f 7669 7670 7668
f 7669 7671 7670
f 7662 7668 7670
f 7662 7660 7668
f 7678 7679 7677
f 7678 7680 7679
f 7671 7677 7679
f 7671 7669 7677
f 7686 7688 7687
f 7686 7689 7688
f 7680 7687 7688
f 7680 7678 7687
f 6656 7697 7698
f 7689 6656 7698
f 7689 6654 6656
f 7689 7686 6654
f 7697 6656 6663
f 8579 8580 8578
f 8581 8580 8582
f 8581 8583 8580
f 8581 8584 8583
f 8580 8579 8582
f 7652 8586 8587
f 8584 7652 8587
f 8584 7650 7652
f 8584 8581 7650
f 8586 7652 7661

#List of body polygons
f 322 323 321
f 323 322 324
f 329 330 328
f 329 331 330
f 331 323 336
f 331 321 323
f 331 329 321
f 337 339 338
f 337 340 339
f 337 341 340
f 341 328 330
f 341 337 328
f 339 348 349
f 348 339 340
f 339 1708 1709
f 339 1709 338
f 1729 1730 1728
f 1729 1731 1730
f 1731 339 349
f 1731 1708 339
f 1731 1729 1708
f 1740 1741 1739
f 1740 1742 1741
f 1742 1728 1730
f 1742 1740 1728
f 1751 1752 1750
f 1751 1753 1752
f 1753 1739 1741
f 1753 1751 1739
f 1762 1763 1761
f 1762 1764 1763
f 1764 1750 1752
f 1764 1762 1750
f 1771 1773 1772
f 1771 1774 1773
f 1771 1775 1774
f 1775 1761 1763
f 1775 1771 1761
f 1773 1784 1785
f 1784 1773 1774
f 3134 1773 3133
f 1773 3134 1772
f 3143 3144 3142
f 3143 3145 3144
f 3145 1773 1785
f 3145 3133 1773
f 3145 3143 3133
f 3152 3153 3151
f 3152 3154 3153
f 3154 3142 3144
f 3154 3152 3142
f 3162 3163 3161
f 3162 3164 3163
f 3161 3151 3153
f 3161 3163 3151
f 3172 3173 3171
f 3172 3174 3173
f 3174 3164 3162
f 3174 3172 3164
f 3181 3183 3182
f 3181 3184 3183
f 3181 3185 3184
f 3171 3185 3181
f 3171 3173 3185
f 3183 3192 3193
f 3192 3183 3184
f 3183 4190 4191
f 3183 4191 3182
f 4200 4201 4199
f 4200 4202 4201
f 4202 3183 3193
f 4202 4190 3183
f 4202 4200 4190
f 4207 4208 4206
f 4207 4209 4208
f 4209 4199 4201
f 4209 4207 4199
f 4212 4214 4213
f 4212 4215 4214
f 4212 4216 4215
f 4206 4216 4212
f 4206 4208 4216
f 4214 4219 4220
f 4219 4214 4215
f 4535 4536 4534
f 4535 4537 4536
f 4588 4590 4589
f 4588 4591 4590
f 4534 4589 4590
f 4534 4536 4589
f 4868 4214 4867
f 4214 4868 4213
f 4869 4871 4870
f 4869 4872 4871
f 4869 4873 4872
f 4873 4214 4220
f 4873 4867 4214
f 4873 4869 4867
f 4874 4871 4875
f 4874 4876 4871
f 4871 4872 4875
f 4876 4877 4878
f 4877 4876 4874
f 5114 5115 5113
f 5114 5116 5115
f 4537 5116 5114
f 4537 4535 5116
f 5334 5335 5336
f 5338 4871 5339
f 5338 5334 4871
f 4870 5334 5336
f 4870 4871 5334
f 4876 5340 5341
f 5339 4876 5341
f 5339 4871 4876
f 4876 4878 5340
f 5569 5570 5568
f 5569 5571 5570
f 5571 5113 5115
f 5571 5569 5113
f 5589 5590 5588
f 5589 5591 5590
f 5591 5568 5570
f 5591 5589 5568
f 5896 5897 5895
f 5901 5897 5900
f 5901 5902 5897
f 5901 5903 5902
f 5897 5896 5900
f 5905 5907 5906
f 5905 5908 5907
f 5903 5906 5907
f 5903 5901 5906
f 5334 5912 5913
f 5908 5334 5913
f 5908 5335 5334
f 5908 5905 5335
f 5912 5334 5338
f 6311 6312 6310
f 6311 6313 6312
f 6313 5588 5590
f 6313 6311 5588
f 6664 6665 6663
f 6671 6665 6670
f 6671 6672 6665
f 6671 6673 6672
f 6665 6664 6670
f 6678 6679 6677
f 6678 6680 6679
f 6673 6677 6679
f 6673 6671 6677
f 6687 6688 6686
f 6687 6689 6688
f 6680 6686 6688
f 6680 6678 6686
f 6695 6697 6696
f 6695 6698 6697
f 6689 6696 6697
f 6689 6687 6696
f 5897 6706 6707
f 6698 5897 6707
f 6698 5895 5897
f 6698 6695 5895
f 6706 5897 5902
f 7662 7663 7661
f 7671 7663 7670
f 7671 7672 7663
f 7671 7673 7672
f 7663 7662 7670
f 7680 7681 7679
f 7680 7682 7681
f 7673 7679 7681
f 7673 7671 7679
f 7689 7690 7688
f 7689 7691 7690
f 7682 7688 7690
f 7682 7680 7688
f 7697 7699 7698
f 7697 7700 7699
f 7691 7698 7699
f 7691 7689 7698
f 6665 7708 7709
f 7700 6665 7709
f 7700 6663 6665
f 7700 7697 6663
f 7708 6665 6672
f 8584 8585 8583
f 8586 8585 8587
f 8586 8588 8585
f 8586 8589 8588
f 8585 8584 8587
f 7663 8593 8594
f 8589 7663 8594
f 8589 7661 7663
f 8589 8586 7661
f 8593 7663 7672

#List of body polygons
f 331 332 330
f 331 333 332
f 333 336 335
f 333 331 336
f 341 342 340
f 341 343 342
f 343 330 332
f 343 341 330
f 348 350 349
f 348 351 350
f 348 352 351
f 352 340 342
f 352 348 340
f 350 359 360
f 359 350 351
f 1731 350 1730
f 350 1731 349
f 1742 1743 1741
f 1742 1744 1743
f 1744 350 360
f 1744 1730 350
f 1744 1742 1730
f 1753 1754 1752
f 1753 1755 1754
f 1755 1741 1743
f 1755 1753 1741
f 1764 1765 1763
f 1764 1766 1765
f 1766 1752 1754
f 1766 1764 1752
f 1775 1776 1774
f 1775 1777 1776
f 1777 1763 1765
f 1777 1775 1763
f 1784 1786 1785
f 1784 1787 1786
f 1784 1788 1787
f 1788 1774 1776
f 1788 1784 1774
f 1786 1797 1798
f 1797 1786 1787
f 3145 1786 3144
f 1786 3145 1785
f 3154 3155 3153
f 3154 3156 3155
f 3156 1786 1798
f 3156 3144 1786
f 3156 3154 3144
f 3160 3161 3159
f 3160 3162 3161
f 3159 3153 3155
f 3159 3161 3153
f 3174 3175 3173
f 3174 3176 3175
f 3176 3162 3160
f 3176 3174 3162
f 3185 3186 3184
f 3185 3187 3186
f 3173 3187 3185
f 3173 3175 3187
f 3192 3194 3193
f 3192 3195 3194
f 3192 3196 3195
f 3196 3184 3186
f 3196 3192 3184
f 3194 3203 3204
f 3203 3194 3195
f 3866 3867 3865
f 4202 3194 4201
f 3194 4202 3193
f 4209 4210 4208
f 4209 4211 4210
f 4211 3194 3204
f 4211 4201 3194
f 4211 4209 4201
f 4216 4217 4215
f 4216 4218 4217
f 4208 4218 4216
f 4208 4210 4218
f 4219 4221 4220
f 4219 4222 4221
f 4219 4223 4222
f 4223 4215 4217
f 4223 4219 4215
f 4231 4221 4230
f 4231 4232 4221
f 4230 4221 4222
f 4232 4233 4234
f 4233 4232 4231
f 4537 4538 4536
f 4537 4539 4538
f 3867 4588 4589
f 4536 3867 4589
f 4536 3865 3867
f 4536 4538 3865
f 4873 4221 4872
f 4221 4873 4220
f 4232 4874 4875
f 4872 4232 4875
f 4872 4221 4232
f 4877 4879 4878
f 4877 4880 4879
f 4877 4881 4880
f 4881 4232 4234
f 4881 4874 4232
f 4881 4877 4874
f 4879 4882 4883
f 4882 4879 4880
f 5112 5113 5111
f 5112 5114 5113
f 4539 5114 5112
f 4539 4537 5114
f 5337 5338 5339
f 5340 5337 5341
f 5340 5342 5337
f 5337 5339 5341
f 5344 4879 5345
f 5344 5342 4879
f 4878 5342 5340
f 4878 4879 5342
f 4879 4883 5345
f 5567 5568 5566
f 5567 5569 5568
f 5569 5111 5113
f 5569 5567 5111
f 5587 5588 5586
f 5587 5589 5588
f 5589 5566 5568
f 5589 5587 5566
f 5903 5904 5902
f 5908 5904 5907
f 5908 5909 5904
f 5908 5910 5909
f 5904 5903 5907
f 5912 5914 5913
f 5912 5915 5914
f 5910 5913 5914
f 5910 5908 5913
f 5337 5917 5918
f 5915 5337 5918
f 5915 5338 5337
f 5915 5912 5338
f 5342 5922 5923
f 5917 5342 5923
f 5917 5337 5342
f 5922 5342 5344
f 6309 6310 6308
f 6309 6311 6310
f 6311 5586 5588
f 6311 6309 5586
f 6673 6674 6672
f 6680 6674 6679
f 6680 6681 6674
f 6680 6682 6681
f 6674 6673 6679
f 6689 6690 6688
f 6689 6691 6690
f 6682 6688 6690
f 6682 6680 6688
f 6698 6699 6697
f 6698 6700 6699
f 6691 6697 6699
f 6691 6689 6697
f 6706 6708 6707
f 6706 6709 6708
f 6700 6707 6708
f 6700 6698 6707
f 5904 6715 6716
f 6709 5904 6716
f 6709 5902 5904
f 6709 6706 5902
f 6715 5904 5909
f 7673 7674 7672
f 7682 7674 7681
f 7682 7683 7674
f 7682 7684 7683
f 7674 7673 7681
f 7691 7692 7690
f 7691 7693 7692
f 7684 7690 7692
f 7684 7682 7690
f 7700 7701 7699
f 7700 7702 7701
f 7693 7699 7701
f 7693 7691 7699
f 7708 7710 7709
f 7708 7711 7710
f 7702 7709 7710
f 7702 7700 7709
f 6674 7719 7720
f 7711 6674 7720
f 7711 6672 6674
f 7711 7708 6672
f 7719 6674 6681
f 8589 8590 8588
f 8589 8591 8590
f 8593 8595 8594
f 8593 8596 8595
f 8591 8594 8595
f 8591 8589 8594
f 7674 8600 8601
f 8596 7674 8601
f 8596 7672 7674
f 8596 8593 7672
f 8600 7674 7683

#List of body polygons
f 333 334 332
f 334 333 335
f 343 344 342
f 343 345 344
f 345 334 347
f 345 332 334
f 345 343 332
f 352 353 351
f 352 354 353
f 354 342 344
f 354 352 342
f 359 361 360
f 359 362 361
f 359 363 362
f 363 351 353
f 363 359 351
f 361 370 371
f 370 361 362
f 1744 361 1743
f 361 1744 360
f 1755 1756 1754
f 1755 1757 1756
f 1757 361 371
f 1757 1743 361
f 1757 1755 1743
f 1766 1767 1765
f 1766 1768 1767
f 1768 1754 1756
f 1768 1766 1754
f 1777 1778 1776
f 1777 1779 1778
f 1779 1765 1767
f 1779 1777 1765
f 1788 1789 1787
f 1788 1790 1789
f 1790 1776 1778
f 1790 1788 1776
f 1797 1799 1798
f 1797 1800 1799
f 1797 1801 1800
f 1801 1787 1789
f 1801 1797 1787
f 1799 1810 1811
f 1810 1799 1800
f 3156 1799 3155
f 1799 3156 1798
f 3157 3159 3158
f 3157 3160 3159
f 3158 1799 1811
f 3158 3155 1799
f 3158 3159 3155
f 3176 3177 3175
f 3176 3178 3177
f 3178 3160 3157
f 3178 3176 3160
f 3187 3188 3186
f 3187 3189 3188
f 3175 3189 3187
f 3175 3177 3189
f 3196 3197 3195
f 3196 3198 3197
f 3198 3186 3188
f 3198 3196 3186
f 3203 3205 3204
f 3203 3206 3205
f 3203 3207 3206
f 3207 3195 3197
f 3207 3203 3195
f 3223 3205 3222
f 3223 3224 3205
f 3222 3205 3206
f 3224 3225 3226
f 3225 3224 3223
f 3864 3865 3863
f 3864 3866 3865
f 4211 3205 4210
f 3205 4211 3204
f 4218 3224 4217
f 4210 3224 4218
f 4210 3205 3224
f 4223 4224 4222
f 4223 4225 4224
f 4225 3224 3226
f 4225 4217 3224
f 4225 4223 4217
f 4229 4230 4228
f 4229 4231 4230
f 4228 4222 4224
f 4228 4230 4222
f 4233 4235 4234
f 4233 4236 4235
f 4233 4237 4236
f 4237 4231 4229
f 4237 4233 4231
f 4235 4242 4243
f 4242 4235 4236
f 4539 4540 4538
f 4539 4541 4540
f 4538 3863 3865
f 4538 4540 3863
f 4881 4235 4880
f 4235 4881 4234
f 4882 4884 4883
f 4882 4885 4884
f 4882 4886 4885
f 4886 4235 4243
f 4886 4880 4235
f 4886 4882 4880
f 4887 4884 4888
f 4887 4889 4884
f 4884 4885 4888
f 4889 4890 4891
f 4890 4889 4887
f 5110 5111 5109
f 5110 5112 5111
f 4541 5112 5110
f 4541 4539 5112
f 5343 5344 5345
f 5347 4884 5348
f 5347 5343 4884
f 4883 5343 5345
f 4883 4884 5343
f 4889 5349 5350
f 5348 4889 5350
f 5348 4884 4889
f 4889 4891 5349
f 5565 5566 5564
f 5565 5567 5566
f 5567 5109 5111
f 5567 5565 5109
f 5585 5586 5584
f 5585 5587 5586
f 5587 5564 5566
f 5587 5585 5564
f 5910 5911 5909
f 5915 5911 5914
f 5915 5916 5911
f 5911 5910 5914
f 5917 5916 5918
f 5917 5919 5916
f 5917 5920 5919
f 5916 5915 5918
f 5922 5924 5923
f 5922 5925 5924
f 5920 5923 5924
f 5920 5917 5923
f 5343 5929 5930
f 5925 5343 5930
f 5925 5344 5343
f 5925 5922 5344
f 5929 5343 5347
f 6307 6308 6306
f 6307 6309 6308
f 6309 5584 5586
f 6309 6307 5584
f 6682 6683 6681
f 6691 6683 6690
f 6691 6692 6683
f 6691 6693 6692
f 6683 6682 6690
f 6700 6701 6699
f 6700 6702 6701
f 6693 6699 6701
f 6693 6691 6699
f 6709 6710 6708
f 6709 6711 6710
f 6702 6708 6710
f 6702 6700 6708
f 6715 6717 6716
f 6715 6718 6717
f 6711 6716 6717
f 6711 6709 6716
f 5911 6724 6725
f 6718 5911 6725
f 6718 5909 5911
f 6718 6715 5909
f 5916 6733 6734
f 6724 5916 6734
f 6724 5911 5916
f 6733 5916 5919
f 7684 7685 7683
f 7693 7685 7692
f 7693 7694 7685
f 7693 7695 7694
f 7685 7684 7692
f 7702 7703 7701
f 7702 7704 7703
f 7695 7701 7703
f 7695 7693 7701
f 7711 7712 7710
f 7711 7713 7712
f 7704 7710 7712
f 7704 7702 7710
f 7719 7721 7720
f 7719 7722 7721
f 7713 7720 7721
f 7713 7711 7720
f 6683 7730 7731
f 7722 6683 7731
f 7722 6681 6683
f 7722 7719 6681
f 7730 6683 6692
f 8591 8592 8590
f 8596 8592 8595
f 8596 8597 8592
f 8596 8598 8597
f 8592 8591 8595
f 8600 8602 8601
f 8600 8603 8602
f 8598 8601 8602
f 8598 8596 8601
f 7685 8607 8608
f 8603 7685 8608
f 8603 7683 7685
f 8603 8600 7683
f 8607 7685 7694

#List of body polygons
f 345 346 344
f 346 345 347
f 354 355 353
f 354 356 355
f 356 346 358
f 356 344 346
f 356 354 344
f 363 364 362
f 363 365 364
f 365 353 355
f 365 363 353
f 370 372 371
f 370 373 372
f 370 374 373
f 374 362 364
f 374 370 362
f 372 381 382
f 381 372 373
f 1757 372 1756
f 372 1757 371
f 1768 1769 1767
f 1768 1770 1769
f 1770 372 382
f 1770 1756 372
f 1770 1768 1756
f 1779 1780 1778
f 1779 1781 1780
f 1781 1767 1769
f 1781 1779 1767
f 1790 1791 1789
f 1790 1792 1791
f 1792 1778 1780
f 1792 1790 1778
f 1801 1802 1800
f 1801 1803 1802
f 1803 1789 1791
f 1803 1801 1789
f 1810 1812 1811
f 1810 1813 1812
f 1810 1814 1813
f 1814 1800 1802
f 1814 1810 1800
f 1812 1823 1824
f 1823 1812 1813
f 1812 3157 3158
f 1812 3158 1811
f 3178 3179 3177
f 3178 3180 3179
f 3180 1812 1824
f 3180 3157 1812
f 3180 3178 3157
f 3189 3190 3188
f 3189 3191 3190
f 3177 3191 3189
f 3177 3179 3191
f 3198 3199 3197
f 3198 3200 3199
f 3200 3188 3190
f 3200 3198 3188
f 3207 3208 3206
f 3207 3209 3208
f 3209 3197 3199
f 3209 3207 3197
f 3221 3222 3220
f 3221 3223 3222
f 3220 3206 3208
f 3220 3222 3206
f 3225 3227 3226
f 3225 3228 3227
f 3225 3229 3228
f 3229 3223 3221
f 3229 3225 3223
f 3227 3238 3239
f 3238 3227 3228
f 3862 3863 3861
f 3862 3864 3863
f 4225 3227 4224
f 3227 4225 3226
f 4226 4228 4227
f 4226 4229 4228
f 4227 3227 3239
f 4227 4224 3227
f 4227 4228 4224
f 4237 4238 4236
f 4237 4239 4238
f 4239 4229 4226
f 4239 4237 4229
f 4242 4244 4243
f 4242 4245 4244
f 4242 4246 4245
f 4246 4236 4238
f 4246 4242 4236
f 4256 4244 4255
f 4256 4257 4244
f 4244 4245 4255
f 4257 4258 4259
f 4258 4257 4256
f 4541 4542 4540
f 4541 4543 4542
f 4540 3861 3863
f 4540 4542 3861
f 4886 4244 4885
f 4244 4886 4243
f 4257 4887 4888
f 4885 4257 4888
f 4885 4244 4257
f 4890 4892 4891
f 4890 4893 4892
f 4890 4894 4893
f 4894 4257 4259
f 4894 4887 4257
f 4894 4890 4887
f 4892 4895 4896
f 4895 4892 4893
f 5108 5109 5107
f 5108 5110 5109
f 4543 5110 5108
f 4543 4541 5110
f 5346 5347 5348
f 5349 5346 5350
f 5349 5351 5346
f 5346 5348 5350
f 5353 4892 5354
f 5353 5351 4892
f 4891 5351 5349
f 4891 4892 5351
f 4892 4896 5354
f 5563 5564 5562
f 5563 5565 5564
f 5565 5107 5109
f 5565 5563 5107
f 5583 5584 5582
f 5583 5585 5584
f 5585 5562 5564
f 5585 5583 5562
f 5920 5921 5919
f 5925 5921 5924
f 5925 5926 5921
f 5925 5927 5926
f 5921 5920 5924
f 5929 5931 5930
f 5929 5932 5931
f 5927 5930 5931
f 5927 5925 5930
f 5346 5936 5937
f 5932 5346 5937
f 5932 5347 5346
f 5932 5929 5347
f 5351 5943 5944
f 5936 5351 5944
f 5936 5346 5351
f 5943 5351 5353
f 6305 6306 6304
f 6305 6307 6306
f 6307 5582 5584
f 6307 6305 5582
f 6693 6694 6692
f 6702 6694 6701
f 6702 6703 6694
f 6702 6704 6703
f 6694 6693 6701
f 6711 6712 6710
f 6711 6713 6712
f 6704 6710 6712
f 6704 6702 6710
f 6718 6719 6717
f 6718 6720 6719
f 6713 6717 6719
f 6713 6711 6717
f 6724 6726 6725
f 6724 6727 6726
f 6720 6725 6726
f 6720 6718 6725
f 6733 6735 6734
f 6733 6736 6735
f 6727 6734 6735
f 6727 6724 6734
f 5921 6744 6745
f 6736 5921 6745
f 6736 5919 5921
f 6736 6733 5919
f 6744 5921 5926
f 7695 7696 7694
f 7704 7696 7703
f 7704 7705 7696
f 7704 7706 7705
f 7696 7695 7703
f 7713 7714 7712
f 7713 7715 7714
f 7706 7712 7714
f 7706 7704 7712
f 7722 7723 7721
f 7722 7724 7723
f 7715 7721 7723
f 7715 7713 7721
f 7730 7732 7731
f 7730 7733 7732
f 7724 7731 7732
f 7724 7722 7731
f 6694 7741 7742
f 7733 6694 7742
f 7733 6692 6694
f 7733 7730 6692
f 7741 6694 6703
f 8598 8599 8597
f 8603 8599 8602
f 8603 8604 8599
f 8603 8605 8604
f 8599 8598 8602
f 8607 8609 8608
f 8607 8610 8609
f 8605 8608 8609
f 8605 8603 8608
f 7696 8614 8615
f 8610 7696 8615
f 8610 7694 7696
f 8610 8607 7694
f 8614 7696 7705

#List of body polygons
f 356 357 355
f 357 356 358
f 365 366 364
f 365 367 366
f 367 357 369
f 367 355 357
f 367 365 355
f 374 375 373
f 374 376 375
f 376 364 366
f 376 374 364
f 381 383 382
f 381 384 383
f 381 385 384
f 385 373 375
f 385 381 373
f 383 392 393
f 392 383 384
f 1770 383 1769
f 383 1770 382
f 1781 1782 1780
f 1781 1783 1782
f 1783 383 393
f 1783 1769 383
f 1783 1781 1769
f 1792 1793 1791
f 1792 1794 1793
f 1794 1780 1782
f 1794 1792 1780
f 1803 1804 1802
f 1803 1805 1804
f 1805 1791 1793
f 1805 1803 1791
f 1814 1815 1813
f 1814 1816 1815
f 1816 1802 1804
f 1816 1814 1802
f 1823 1825 1824
f 1823 1826 1825
f 1823 1827 1826
f 1827 1813 1815
f 1827 1823 1813
f 1847 1825 1846
f 1847 1848 1825
f 1846 1825 1826
f 1848 1849 1850
f 1849 1848 1847
f 3180 1825 3179
f 1825 3180 1824
f 3191 1848 3190
f 3179 1848 3191
f 3179 1825 1848
f 3200 3201 3199
f 3200 3202 3201
f 3202 1848 1850
f 3202 3190 1848
f 3202 3200 3190
f 3209 3210 3208
f 3209 3211 3210
f 3211 3199 3201
f 3211 3209 3199
f 3219 3220 3218
f 3219 3221 3220
f 3218 3208 3210
f 3218 3220 3208
f 3229 3230 3228
f 3229 3231 3230
f 3231 3221 3219
f 3231 3229 3221
f 3238 3240 3239
f 3238 3241 3240
f 3238 3242 3241
f 3242 3228 3230
f 3242 3238 3228
f 3240 3251 3252
f 3251 3240 3241
f 3860 3861 3859
f 3860 3862 3861
f 3240 4226 4227
f 3240 4227 3239
f 4239 4240 4238
f 4239 4241 4240
f 4241 3240 3252
f 4241 4226 3240
f 4241 4239 4226
f 4246 4247 4245
f 4246 4248 4247
f 4248 4238 4240
f 4248 4246 4238
f 4254 4255 4253
f 4254 4256 4255
f 4245 4253 4255
f 4245 4247 4253
f 4258 4260 4259
f 4258 4261 4260
f 4258 4262 4261
f 4262 4256 4254
f 4262 4258 4256
f 4260 4267 4268
f 4267 4260 4261
f 4543 4544 4542
f 4543 4545 4544
f 4542 3859 3861
f 4542 4544 3859
f 4894 4260 4893
f 4260 4894 4259
f 4895 4897 4896
f 4895 4898 4897
f 4895 4899 4898
f 4899 4260 4268
f 4899 4893 4260
f 4899 4895 4893
f 4900 4897 4901
f 4900 4902 4897
f 4897 4898 4901
f 4902 4903 4904
f 4903 4902 4900
f 5106 5107 5105
f 5106 5108 5107
f 4545 5108 5106
f 4545 4543 5108
f 5352 5353 5354
f 5356 4897 5357
f 5356 5352 4897
f 4896 5352 5354
f 4896 4897 5352
f 4902 5358 5359
f 5357 4902 5359
f 5357 4897 4902
f 4902 4904 5358
f 5561 5562 5560
f 5561 5563 5562
f 5563 5105 5107
f 5563 5561 5105
f 5581 5582 5580
f 5581 5583 5582
f 5583 5560 5562
f 5583 5581 5560
f 5927 5928 5926
f 5932 5928 5931
f 5932 5933 5928
f 5932 5934 5933
f 5928 5927 5931
f 5936 5938 5937
f 5936 5939 5938
f 5934 5937 5938
f 5934 5932 5937
f 5943 5945 5944
f 5943 5946 5945
f 5939 5944 5945
f 5939 5936 5944
f 5352 5950 5951
f 5946 5352 5951
f 5946 5353 5352
f 5946 5943 5353
f 5950 5352 5356
f 6303 6304 6302
f 6303 6305 6304
f 6305 5580 5582
f 6305 6303 5580
f 6704 6705 6703
f 6713 6705 6712
f 6713 6714 6705
f 6705 6704 6712
f 6720 6714 6719
f 6720 6721 6714
f 6720 6722 6721
f 6714 6713 6719
f 6727 6728 6726
f 6727 6729 6728
f 6722 6726 6728
f 6722 6720 6726
f 6736 6737 6735
f 6736 6738 6737
f 6729 6735 6737
f 6729 6727 6735
f 6744 6746 6745
f 6744 6747 6746
f 6738 6745 6746
f 6738 6736 6745
f 5928 6755 6756
f 6747 5928 6756
f 6747 5926 5928
f 6747 6744 5926
f 6755 5928 5933
f 7706 7707 7705
f 7715 7707 7714
f 7715 7716 7707
f 7715 7717 7716
f 7707 7706 7714
f 7724 7725 7723
f 7724 7726 7725
f 7717 7723 7725
f 7717 7715 7723
f 7733 7734 7732
f 7733 7735 7734
f 7726 7732 7734
f 7726 7724 7732
f 7741 7743 7742
f 7741 7744 7743
f 7735 7742 7743
f 7735 7733 7742
f 6705 7752 7753
f 7744 6705 7753
f 7744 6703 6705
f 7744 7741 6703
f 6714 7763 7764
f 7752 6714 7764
f 7752 6705 6714
f 7763 6714 6721
f 8605 8606 8604
f 8610 8606 8609
f 8610 8611 8606
f 8610 8612 8611
f 8606 8605 8609
f 8614 8616 8615
f 8614 8617 8616
f 8612 8615 8616
f 8612 8610 8615
f 7707 8621 8622
f 8617 7707 8622
f 8617 7705 7707
f 8617 8614 7705
f 8621 7707 7716

#List of body polygons
f 367 368 366
f 368 367 369
f 376 377 375
f 376 378 377
f 378 368 380
f 378 366 368
f 378 376 366
f 385 386 384
f 385 387 386
f 387 375 377
f 387 385 375
f 392 394 393
f 392 395 394
f 392 396 395
f 396 384 386
f 396 392 384
f 394 403 404
f 403 394 395
f 1783 394 1782
f 394 1783 393
f 1794 1795 1793
f 1794 1796 1795
f 1796 394 404
f 1796 1782 394
f 1796 1794 1782
f 1805 1806 1804
f 1805 1807 1806
f 1807 1793 1795
f 1807 1805 1793
f 1816 1817 1815
f 1816 1818 1817
f 1818 1804 1806
f 1818 1816 1804
f 1827 1828 1826
f 1827 1829 1828
f 1829 1815 1817
f 1829 1827 1815
f 1845 1846 1844
f 1845 1847 1846
f 1844 1826 1828
f 1844 1846 1826
f 1849 1851 1850
f 1849 1852 1851
f 1849 1853 1852
f 1853 1847 1845
f 1853 1849 1847
f 1851 1864 1865
f 1864 1851 1852
f 3202 1851 3201
f 1851 3202 1850
f 3211 3212 3210
f 3211 3213 3212
f 3213 1851 1865
f 3213 3201 1851
f 3213 3211 3201
f 3217 3218 3216
f 3217 3219 3218
f 3216 3210 3212
f 3216 3218 3210
f 3231 3232 3230
f 3231 3233 3232
f 3233 3219 3217
f 3233 3231 3219
f 3242 3243 3241
f 3242 3244 3243
f 3244 3230 3232
f 3244 3242 3230
f 3251 3253 3252
f 3251 3254 3253
f 3251 3255 3254
f 3255 3241 3243
f 3255 3251 3241
f 3253 3264 3265
f 3253 3254 3264
f 3858 3859 3857
f 3858 3860 3859
f 4241 3253 4240
f 3253 4241 3252
f 4248 4249 4247
f 4248 4250 4249
f 4250 3253 3265
f 4250 4240 3253
f 4250 4248 4240
f 4251 4253 4252
f 4251 4254 4253
f 4247 4252 4253
f 4247 4249 4252
f 4262 4263 4261
f 4262 4264 4263
f 4264 4254 4251
f 4264 4262 4254
f 4267 4269 4268
f 4267 4270 4269
f 4267 4271 4270
f 4271 4261 4263
f 4271 4267 4261
f 4281 4269 4280
f 4281 4282 4269
f 4269 4270 4280
f 4282 4283 4284
f 4283 4282 4281
f 4545 4546 4544
f 4545 4547 4546
f 4544 3857 3859
f 4544 4546 3857
f 4899 4269 4898
f 4269 4899 4268
f 4282 4900 4901
f 4898 4282 4901
f 4898 4269 4282
f 4903 4905 4904
f 4903 4906 4905
f 4903 4907 4906
f 4907 4282 4284
f 4907 4900 4282
f 4907 4903 4900
f 4908 4905 4909
f 4908 4910 4905
f 4905 4906 4909
f 4911 4910 4912
f 4911 4913 4910
f 4910 4908 4912
f 4913 4914 4915
f 4914 4913 4911
f 5104 5105 5103
f 5104 5106 5105
f 4547 5106 5104
f 4547 4545 5106
f 5355 5356 5357
f 5358 5355 5359
f 5358 5360 5355
f 5355 5357 5359
f 5362 4905 5363
f 5362 5360 4905
f 4904 5360 5358
f 4904 4905 5360
f 4910 5364 5365
f 5363 4910 5365
f 5363 4905 4910
f 4913 5367 5368
f 5364 4913 5368
f 5364 4910 4913
f 4913 4915 5367
f 5559 5560 5558
f 5559 5561 5560
f 5561 5103 5105
f 5561 5559 5103
f 5579 5580 5578
f 5579 5581 5580
f 5581 5558 5560
f 5581 5579 5558
f 5934 5935 5933
f 5939 5935 5938
f 5939 5940 5935
f 5939 5941 5940
f 5935 5934 5938
f 5946 5947 5945
f 5946 5948 5947
f 5941 5945 5947
f 5941 5939 5945
f 5950 5952 5951
f 5950 5953 5952
f 5948 5951 5952
f 5948 5946 5951
f 5355 5957 5958
f 5953 5355 5958
f 5953 5356 5355
f 5953 5950 5356
f 5360 5964 5965
f 5957 5360 5965
f 5957 5355 5360
f 5964 5360 5362
f 6301 6302 6300
f 6301 6303 6302
f 6303 5578 5580
f 6303 6301 5578
f 6722 6723 6721
f 6729 6723 6728
f 6729 6730 6723
f 6729 6731 6730
f 6723 6722 6728
f 6738 6739 6737
f 6738 6740 6739
f 6731 6737 6739
f 6731 6729 6737
f 6747 6748 6746
f 6747 6749 6748
f 6740 6746 6748
f 6740 6738 6746
f 6755 6757 6756
f 6755 6758 6757
f 6749 6756 6757
f 6749 6747 6756
f 5935 6766 6767
f 6758 5935 6767
f 6758 5933 5935
f 6758 6755 5933
f 6766 5935 5940
f 7717 7718 7716
f 7726 7718 7725
f 7726 7727 7718
f 7726 7728 7727
f 7718 7717 7725
f 7735 7736 7734
f 7735 7737 7736
f 7728 7734 7736
f 7728 7726 7734
f 7744 7745 7743
f 7744 7746 7745
f 7737 7743 7745
f 7737 7735 7743
f 7752 7754 7753
f 7752 7755 7754
f 7746 7753 7754
f 7746 7744 7753
f 7763 7765 7764
f 7763 7766 7765
f 7755 7764 7765
f 7755 7752 7764
f 6723 7776 7777
f 7766 6723 7777
f 7766 6721 6723
f 7766 7763 6721
f 7776 6723 6730
f 8612 8613 8611
f 8617 8613 8616
f 8617 8618 8613
f 8617 8619 8618
f 8613 8612 8616
f 8621 8623 8622
f 8621 8624 8623
f 8619 8622 8623
f 8619 8617 8622
f 7718 8628 8629
f 8624 7718 8629
f 8624 7716 7718
f 8624 8621 7716
f 8628 7718 7727

#List of body polygons
f 378 379 377
f 379 378 380
f 387 388 386
f 387 389 388
f 389 379 391
f 389 377 379
f 389 387 377
f 396 397 395
f 396 398 397
f 398 386 388
f 398 396 386
f 403 405 404
f 403 406 405
f 403 407 406
f 407 395 397
f 407 403 395
f 405 414 415
f 414 405 406
f 1796 405 1795
f 405 1796 404
f 1807 1808 1806
f 1807 1809 1808
f 1809 405 415
f 1809 1795 405
f 1809 1807 1795
f 1818 1819 1817
f 1818 1820 1819
f 1820 1806 1808
f 1820 1818 1806
f 1829 1830 1828
f 1829 1831 1830
f 1831 1817 1819
f 1831 1829 1817
f 1843 1844 1842
f 1843 1845 1844
f 1842 1828 1830
f 1842 1844 1828
f 1853 1854 1852
f 1853 1855 1854
f 1855 1845 1843
f 1855 1853 1845
f 1864 1866 1865
f 1864 1867 1866
f 1864 1868 1867
f 1868 1852 1854
f 1868 1864 1852
f 1866 1879 1880
f 1879 1866 1867
f 3213 1866 3212
f 1866 3213 1865
f 3214 3216 3215
f 3214 3217 3216
f 3215 1866 1880
f 3215 3212 1866
f 3215 3216 3212
f 3233 3234 3232
f 3233 3235 3234
f 3235 3217 3214
f 3235 3233 3217
f 3244 3245 3243
f 3244 3246 3245
f 3246 3232 3234
f 3246 3244 3232
f 3255 3256 3254
f 3255 3257 3256
f 3257 3243 3245
f 3257 3255 3243
f 3264 3266 3265
f 3264 3267 3266
f 3264 3268 3267
f 3254 3268 3264
f 3254 3256 3268
f 3284 3266 3283
f 3284 3285 3266
f 3283 3266 3267
f 3285 3286 3287
f 3286 3285 3284
f 3856 3857 3855
f 3856 3858 3857
f 4250 3266 4249
f 3266 4250 3265
f 3285 4251 4252
f 4249 3285 4252
f 4249 3266 3285
f 4264 4265 4263
f 4264 4266 4265
f 4266 3285 3287
f 4266 4251 3285
f 4266 4264 4251
f 4271 4272 4270
f 4271 4273 4272
f 4273 4263 4265
f 4273 4271 4263
f 4279 4280 4278
f 4279 4281 4280
f 4270 4278 4280
f 4270 4272 4278
f 4283 4285 4284
f 4283 4286 4285
f 4283 4287 4286
f 4287 4281 4279
f 4287 4283 4281
f 4297 4285 4296
f 4297 4298 4285
f 4285 4286 4296
f 4306 4298 4305
f 4306 4307 4298
f 4305 4298 4297
f 4307 4308 4309
f 4307 4306 4308
f 4547 4548 4546
f 4547 4549 4548
f 4546 3855 3857
f 4546 4548 3855
f 4907 4285 4906
f 4285 4907 4284
f 4298 4908 4909
f 4906 4298 4909
f 4906 4285 4298
f 4307 4911 4912
f 4908 4307 4912
f 4908 4298 4307
f 4914 4916 4915
f 4914 4917 4916
f 4914 4918 4917
f 4918 4307 4309
f 4918 4911 4307
f 4918 4914 4911
f 4919 4916 4920
f 4919 4921 4916
f 4916 4917 4920
f 4922 4921 4923
f 4922 4924 4921
f 4921 4919 4923
f 4925 4924 4926
f 4925 4927 4924
f 4924 4922 4926
f 4927 4928 4929
f 4928 4927 4925
f 5102 5103 5101
f 5102 5104 5103
f 4549 5104 5102
f 4549 4547 5104
f 5361 5362 5363
f 5364 5361 5365
f 5364 5366 5361
f 5361 5363 5365
f 5367 5366 5368
f 5367 5369 5366
f 5366 5364 5368
f 5371 4916 5372
f 5371 5369 4916
f 4915 5369 5367
f 4915 4916 5369
f 4921 5373 5374
f 5372 4921 5374
f 5372 4916 4921
f 4924 5376 5377
f 5373 4924 5377
f 5373 4921 4924
f 4927 5379 5380
f 5376 4927 5380
f 5376 4924 4927
f 4927 4929 5379
f 5557 5558 5556
f 5557 5559 5558
f 5559 5101 5103
f 5559 5557 5101
f 5576 5578 5577
f 5576 5579 5578
f 5579 5556 5558
f 5579 5576 5556
f 5941 5942 5940
f 5948 5942 5947
f 5948 5949 5942
f 5942 5941 5947
f 5953 5949 5952
f 5953 5954 5949
f 5953 5955 5954
f 5949 5948 5952
f 5957 5959 5958
f 5957 5960 5959
f 5955 5958 5959
f 5955 5953 5958
f 5964 5966 5965
f 5964 5967 5966
f 5960 5965 5966
f 5960 5957 5965
f 5361 5971 5972
f 5967 5361 5972
f 5967 5362 5361
f 5967 5964 5362
f 5366 5978 5979
f 5971 5366 5979
f 5971 5361 5366
f 5369 5985 5986
f 5978 5369 5986
f 5978 5366 5369
f 5985 5369 5371
f 6299 6300 6298
f 6299 6301 6300
f 6301 5577 5578
f 6301 6299 5577
f 6731 6732 6730
f 6740 6732 6739
f 6740 6741 6732
f 6740 6742 6741
f 6732 6731 6739
f 6749 6750 6748
f 6749 6751 6750
f 6742 6748 6750
f 6742 6740 6748
f 6758 6759 6757
f 6758 6760 6759
f 6751 6757 6759
f 6751 6749 6757
f 6766 6768 6767
f 6766 6769 6768
f 6760 6767 6768
f 6760 6758 6767
f 5942 6777 6778
f 6769 5942 6778
f 6769 5940 5942
f 6769 6766 5940
f 5949 6786 6787
f 6777 5949 6787
f 6777 5942 5949
f 6786 5949 5954
f 7728 7729 7727
f 7737 7729 7736
f 7737 7738 7729
f 7737 7739 7738
f 7729 7728 7736
f 7746 7747 7745
f 7746 7748 7747
f 7739 7745 7747
f 7739 7737 7745
f 7755 7756 7754
f 7755 7757 7756
f 7748 7754 7756
f 7748 7746 7754
f 7766 7767 7765
f 7766 7768 7767
f 7757 7765 7767
f 7757 7755 7765
f 7776 7778 7777
f 7776 7779 7778
f 7768 7777 7778
f 7768 7766 7777
f 6732 7789 7790
f 7779 6732 7790
f 7779 6730 6732
f 7779 7776 6730
f 7789 6732 6741
f 8619 8620 8618
f 8624 8620 8623
f 8624 8625 8620
f 8624 8626 8625
f 8620 8619 8623
f 8628 8630 8629
f 8628 8631 8630
f 8626 8629 8630
f 8626 8624 8629
f 7729 8635 8636
f 8631 7729 8636
f 8631 7727 7729
f 8631 8628 7727
f 8635 7729 7738

#List of body polygons
f 389 390 388
f 390 389 391
f 398 399 397
f 398 400 399
f 400 390 402
f 400 388 390
f 400 398 388
f 407 408 406
f 407 409 408
f 409 397 399
f 409 407 397
f 414 416 415
f 414 417 416
f 414 418 417
f 418 406 408
f 418 414 406
f 416 425 426
f 425 416 417
f 1809 416 1808
f 416 1809 415
f 1820 1821 1819
f 1820 1822 1821
f 1822 416 426
f 1822 1808 416
f 1822 1820 1808
f 1831 1832 1830
f 1831 1833 1832
f 1833 1819 1821
f 1833 1831 1819
f 1841 1842 1840
f 1841 1843 1842
f 1840 1830 1832
f 1840 1842 1830
f 1855 1856 1854
f 1855 1857 1856
f 1857 1843 1841
f 1857 1855 1843
f 1868 1869 1867
f 1868 1870 1869
f 1870 1854 1856
f 1870 1868 1854
f 1879 1881 1880
f 1879 1882 1881
f 1879 1883 1882
f 1883 1867 1869
f 1883 1879 1867
f 1881 1894 1895
f 1894 1881 1882
f 1881 3214 3215
f 1881 3215 1880
f 3235 3236 3234
f 3235 3237 3236
f 3237 1881 1895
f 3237 3214 1881
f 3237 3235 3214
f 3246 3247 3245
f 3246 3248 3247
f 3248 3234 3236
f 3248 3246 3234
f 3257 3258 3256
f 3257 3259 3258
f 3259 3245 3247
f 3259 3257 3245
f 3268 3269 3267
f 3268 3270 3269
f 3256 3270 3268
f 3256 3258 3270
f 3282 3283 3281
f 3282 3284 3283
f 3281 3267 3269
f 3281 3283 3267
f 3286 3288 3287
f 3286 3289 3288
f 3286 3290 3289
f 3290 3284 3282
f 3290 3286 3284
f 3288 3299 3300
f 3299 3288 3289
f 3854 3855 3853
f 3854 3856 3855
f 4266 3288 4265
f 3288 4266 3287
f 4273 4274 4272
f 4273 4275 4274
f 4275 3288 3300
f 4275 4265 3288
f 4275 4273 4265
f 4276 4278 4277
f 4276 4279 4278
f 4272 4277 4278
f 4272 4274 4277
f 4287 4288 4286
f 4287 4289 4288
f 4289 4279 4276
f 4289 4287 4279
f 4295 4296 4294
f 4295 4297 4296
f 4286 4294 4296
f 4286 4288 4294
f 4304 4305 4303
f 4304 4306 4305
f 4303 4297 4295
f 4303 4305 4297
f 4308 4310 4309
f 4308 4311 4310
f 4308 4312 4311
f 4306 4312 4308
f 4306 4304 4312
f 4322 4310 4321
f 4322 4323 4310
f 4310 4311 4321
f 4329 4323 4328
f 4329 4330 4323
f 4323 4322 4328
f 4338 4330 4337
f 4338 4339 4330
f 4337 4330 4329
f 4339 4340 4341
f 4340 4339 4338
f 4549 4550 4548
f 4549 4551 4550
f 4548 3853 3855
f 4548 4550 3853
f 4918 4310 4917
f 4310 4918 4309
f 4323 4919 4920
f 4917 4323 4920
f 4917 4310 4323
f 4330 4922 4923
f 4919 4330 4923
f 4919 4323 4330
f 4339 4925 4926
f 4922 4339 4926
f 4922 4330 4339
f 4928 4930 4929
f 4928 4931 4930
f 4928 4932 4931
f 4932 4339 4341
f 4932 4925 4339
f 4932 4928 4925
f 4930 4933 4934
f 4933 4930 4931
f 5100 5101 5099
f 5100 5102 5101
f 4551 5102 5100
f 4551 4549 5102
f 5370 5371 5372
f 5373 5370 5374
f 5373 5375 5370
f 5370 5372 5374
f 5376 5375 5377
f 5376 5378 5375
f 5375 5373 5377
f 5379 5378 5380
f 5379 5381 5378
f 5378 5376 5380
f 5383 4930 5384
f 5383 5381 4930
f 4929 5381 5379
f 4929 4930 5381
f 4930 4934 5384
f 5554 5555 5553
f 5554 5556 5555
f 5554 5557 5556
f 5557 5099 5101
f 5557 5554 5099
f 5555 5576 5577
f 5576 5555 5556
f 5955 5956 5954
f 5960 5956 5959
f 5960 5961 5956
f 5960 5962 5961
f 5956 5955 5959
f 5967 5968 5966
f 5967 5969 5968
f 5962 5966 5968
f 5962 5960 5966
f 5971 5973 5972
f 5971 5974 5973
f 5969 5972 5973
f 5969 5967 5972
f 5978 5980 5979
f 5978 5981 5980
f 5974 5979 5980
f 5974 5971 5979
f 5985 5987 5986
f 5985 5988 5987
f 5981 5986 5987
f 5981 5978 5986
f 5370 5994 5995
f 5988 5370 5995
f 5988 5371 5370
f 5988 5985 5371
f 5375 6001 6002
f 5994 5375 6002
f 5994 5370 5375
f 5378 6008 6009
f 6001 5378 6009
f 6001 5375 5378
f 5381 6017 6018
f 6008 5381 6018
f 6008 5378 5381
f 6017 5381 5383
f 6245 5555 6244
f 5555 6245 5553
f 6297 6298 6296
f 6297 6299 6298
f 6299 5555 5577
f 6299 6244 5555
f 6299 6297 6244
f 6742 6743 6741
f 6751 6743 6750
f 6751 6752 6743
f 6751 6753 6752
f 6743 6742 6750
f 6760 6761 6759
f 6760 6762 6761
f 6753 6759 6761
f 6753 6751 6759
f 6769 6770 6768
f 6769 6771 6770
f 6762 6768 6770
f 6762 6760 6768
f 6777 6779 6778
f 6777 6780 6779
f 6771 6778 6779
f 6771 6769 6778
f 6786 6788 6787
f 6786 6789 6788
f 6780 6787 6788
f 6780 6777 6787
f 5956 6797 6798
f 6789 5956 6798
f 6789 5954 5956
f 6789 6786 5954
f 6797 5956 5961
f 7739 7740 7738
f 7748 7740 7747
f 7748 7749 7740
f 7748 7750 7749
f 7740 7739 7747
f 7757 7758 7756
f 7757 7759 7758
f 7750 7756 7758
f 7750 7748 7756
f 7768 7769 7767
f 7768 7770 7769
f 7759 7767 7769
f 7759 7757 7767
f 7779 7780 7778
f 7779 7781 7780
f 7770 7778 7780
f 7770 7768 7778
f 7789 7791 7790
f 7789 7792 7791
f 7781 7790 7791
f 7781 7779 7790
f 6743 7802 7803
f 7792 6743 7803
f 7792 6741 6743
f 7792 7789 6741
f 7802 6743 6752
f 8626 8627 8625
f 8631 8627 8630
f 8631 8632 8627
f 8631 8633 8632
f 8627 8626 8630
f 8635 8637 8636
f 8635 8638 8637
f 8633 8636 8637
f 8633 8631 8636
f 7740 8642 8643
f 8638 7740 8643
f 8638 7738 7740
f 8638 8635 7738
f 8642 7740 7749

#List of body polygons
f 400 401 399
f 401 400 402
f 409 410 408
f 409 411 410
f 411 401 413
f 411 399 401
f 411 409 399
f 418 419 417
f 418 420 419
f 420 408 410
f 420 418 408
f 425 427 426
f 425 428 427
f 425 429 428
f 429 417 419
f 429 425 417
f 427 436 437
f 436 427 428
f 1822 427 1821
f 427 1822 426
f 1833 1834 1832
f 1833 1835 1834
f 1835 427 437
f 1835 1821 427
f 1835 1833 1821
f 1839 1840 1838
f 1839 1841 1840
f 1838 1832 1834
f 1838 1840 1832
f 1857 1858 1856
f 1857 1859 1858
f 1859 1841 1839
f 1859 1857 1841
f 1870 1871 1869
f 1870 1872 1871
f 1872 1856 1858
f 1872 1870 1856
f 1883 1884 1882
f 1883 1885 1884
f 1885 1869 1871
f 1885 1883 1869
f 1894 1896 1895
f 1894 1897 1896
f 1894 1898 1897
f 1898 1882 1884
f 1898 1894 1882
f 1896 1909 1910
f 1909 1896 1897
f 3237 1896 3236
f 1896 3237 1895
f 3248 3249 3247
f 3248 3250 3249
f 3250 1896 1910
f 3250 3236 1896
f 3250 3248 3236
f 3259 3260 3258
f 3259 3261 3260
f 3261 3247 3249
f 3261 3259 3247
f 3270 3271 3269
f 3270 3272 3271
f 3258 3272 3270
f 3258 3260 3272
f 3280 3281 3279
f 3280 3282 3281
f 3279 3269 3271
f 3279 3281 3269
f 3290 3291 3289
f 3290 3292 3291
f 3292 3282 3280
f 3292 3290 3282
f 3299 3301 3300
f 3299 3302 3301
f 3299 3303 3302
f 3303 3289 3291
f 3303 3299 3289
f 3321 3301 3320
f 3321 3322 3301
f 3301 3302 3320
f 3322 3323 3324
f 3323 3322 3321
f 3852 3853 3851
f 3852 3854 3853
f 4275 3301 4274
f 3301 4275 3300
f 3322 4276 4277
f 4274 3322 4277
f 4274 3301 3322
f 4289 4290 4288
f 4289 4291 4290
f 4291 3322 3324
f 4291 4276 3322
f 4291 4289 4276
f 4292 4294 4293
f 4292 4295 4294
f 4288 4293 4294
f 4288 4290 4293
f 4302 4303 4301
f 4302 4304 4303
f 4301 4295 4292
f 4301 4303 4295
f 4312 4313 4311
f 4312 4314 4313
f 4304 4314 4312
f 4304 4302 4314
f 4320 4321 4319
f 4320 4322 4321
f 4311 4319 4321
f 4311 4313 4319
f 4327 4328 4326
f 4327 4329 4328
f 4322 4326 4328
f 4322 4320 4326
f 4336 4337 4335
f 4336 4338 4337
f 4335 4329 4327
f 4335 4337 4329
f 4340 4342 4341
f 4340 4343 4342
f 4340 4344 4343
f 4344 4338 4336
f 4344 4340 4338
f 4342 4351 4352
f 4351 4342 4343
f 4551 4552 4550
f 4551 4553 4552
f 4550 3851 3853
f 4550 4552 3851
f 4932 4342 4931
f 4342 4932 4341
f 4933 4935 4934
f 4933 4936 4935
f 4936 4342 4352
f 4936 4931 4342
f 4936 4933 4931
f 5098 5099 5097
f 5098 5100 5099
f 4553 5100 5098
f 4553 4551 5100
f 5382 5383 5384
f 5389 5382 5388
f 4934 5382 5384
f 4934 5388 5382
f 4934 4935 5388
f 5552 5553 5551
f 5552 5554 5553
f 5554 5097 5099
f 5554 5552 5097
f 5962 5963 5961
f 5969 5963 5968
f 5969 5970 5963
f 5963 5962 5968
f 5974 5970 5973
f 5974 5975 5970
f 5974 5976 5975
f 5970 5969 5973
f 5981 5982 5980
f 5981 5983 5982
f 5976 5980 5982
f 5976 5974 5980
f 5988 5989 5987
f 5988 5990 5989
f 5983 5987 5989
f 5983 5981 5987
f 5994 5996 5995
f 5994 5997 5996
f 5990 5995 5996
f 5990 5988 5995
f 6001 6003 6002
f 6001 6004 6003
f 5997 6002 6003
f 5997 5994 6002
f 6008 6010 6009
f 6008 6011 6010
f 6004 6009 6010
f 6004 6001 6009
f 6017 6019 6018
f 6017 6020 6019
f 6011 6018 6019
f 6011 6008 6018
f 5382 6026 6027
f 6020 5382 6027
f 6020 5383 5382
f 6020 6017 5383
f 6026 5382 5389
f 6243 6244 6242
f 6243 6245 6244
f 6245 5551 5553
f 6245 6243 5551
f 6295 6296 6294
f 6295 6297 6296
f 6297 6242 6244
f 6297 6295 6242
f 6753 6754 6752
f 6762 6754 6761
f 6762 6763 6754
f 6762 6764 6763
f 6754 6753 6761
f 6771 6772 6770
f 6771 6773 6772
f 6764 6770 6772
f 6764 6762 6770
f 6780 6781 6779
f 6780 6782 6781
f 6773 6779 6781
f 6773 6771 6779
f 6789 6790 6788
f 6789 6791 6790
f 6782 6788 6790
f 6782 6780 6788
f 6797 6799 6798
f 6797 6800 6799
f 6791 6798 6799
f 6791 6789 6798
f 5963 6808 6809
f 6800 5963 6809
f 6800 5961 5963
f 6800 6797 5961
f 5970 6819 6820
f 6808 5970 6820
f 6808 5963 5970
f 6819 5970 5975
f 7750 7751 7749
f 7759 7751 7758
f 7759 7760 7751
f 7759 7761 7760
f 7751 7750 7758
f 7770 7771 7769
f 7770 7772 7771
f 7761 7769 7771
f 7761 7759 7769
f 7781 7782 7780
f 7781 7783 7782
f 7772 7780 7782
f 7772 7770 7780
f 7792 7793 7791
f 7792 7794 7793
f 7783 7791 7793
f 7783 7781 7791
f 7802 7804 7803
f 7802 7805 7804
f 7794 7803 7804
f 7794 7792 7803
f 6754 7815 7816
f 7805 6754 7816
f 7805 6752 6754
f 7805 7802 6752
f 7815 6754 6763
f 8633 8634 8632
f 8638 8634 8637
f 8638 8639 8634
f 8638 8640 8639
f 8634 8633 8637
f 8642 8644 8643
f 8642 8645 8644
f 8640 8643 8644
f 8640 8638 8643
f 7751 8649 8650
f 8645 7751 8650
f 8645 7749 7751
f 8645 8642 7749
f 8649 7751 7760

#List of body polygons
f 411 412 410
f 412 411 413
f 420 421 419
f 420 422 421
f 422 412 424
f 422 410 412
f 422 420 410
f 429 430 428
f 429 431 430
f 431 419 421
f 431 429 419
f 436 438 437
f 436 439 438
f 436 440 439
f 440 428 430
f 440 436 428
f 438 447 448
f 447 438 439
f 1835 438 1834
f 438 1835 437
f 1836 1838 1837
f 1836 1839 1838
f 1837 438 448
f 1837 1834 438
f 1837 1838 1834
f 1859 1860 1858
f 1859 1861 1860
f 1861 1839 1836
f 1861 1859 1839
f 1872 1873 1871
f 1872 1874 1873
f 1874 1858 1860
f 1874 1872 1858
f 1885 1886 1884
f 1885 1887 1886
f 1887 1871 1873
f 1887 1885 1871
f 1898 1899 1897
f 1898 1900 1899
f 1900 1884 1886
f 1900 1898 1884
f 1909 1911 1910
f 1909 1912 1911
f 1909 1913 1912
f 1913 1897 1899
f 1913 1909 1897
f 1911 1924 1925
f 1924 1911 1912
f 3250 1911 3249
f 1911 3250 1910
f 3261 3262 3260
f 3261 3263 3262
f 3263 1911 1925
f 3263 3249 1911
f 3263 3261 3249
f 3272 3273 3271
f 3272 3274 3273
f 3260 3274 3272
f 3260 3262 3274
f 3278 3279 3277
f 3278 3280 3279
f 3277 3271 3273
f 3277 3279 3271
f 3292 3293 3291
f 3292 3294 3293
f 3294 3280 3278
f 3294 3292 3280
f 3303 3304 3302
f 3303 3305 3304
f 3305 3291 3293
f 3305 3303 3291
f 3319 3320 3318
f 3319 3321 3320
f 3302 3318 3320
f 3302 3304 3318
f 3323 3325 3324
f 3323 3326 3325
f 3323 3327 3326
f 3327 3321 3319
f 3327 3323 3321
f 3347 3325 3346
f 3347 3348 3325
f 3346 3325 3326
f 3348 3349 3350
f 3348 3347 3349
f 3850 3851 3849
f 3850 3852 3851
f 4291 3325 4290
f 3325 4291 3324
f 3348 4292 4293
f 4290 3348 4293
f 4290 3325 3348
f 4299 4301 4300
f 4299 4302 4301
f 4300 3348 3350
f 4300 4292 3348
f 4300 4301 4292
f 4314 4315 4313
f 4314 4316 4315
f 4302 4316 4314
f 4302 4299 4316
f 4317 4319 4318
f 4317 4320 4319
f 4313 4318 4319
f 4313 4315 4318
f 4324 4326 4325
f 4324 4327 4326
f 4320 4325 4326
f 4320 4317 4325
f 4334 4335 4333
f 4334 4336 4335
f 4333 4327 4324
f 4333 4335 4327
f 4344 4345 4343
f 4344 4346 4345
f 4346 4336 4334
f 4346 4344 4336
f 4351 4353 4352
f 4351 4354 4353
f 4354 4343 4345
f 4354 4351 4343
f 4553 4554 4552
f 4553 4555 4554
f 4552 3849 3851
f 4552 4554 3849
f 4936 4937 4935
f 4936 4938 4937
f 4936 4939 4938
f 4939 4352 4353
f 4939 4936 4352
f 4937 4940 4941
f 4940 4937 4938
f 5096 5097 5095
f 5096 5098 5097
f 4555 5098 5096
f 4555 4553 5098
f 5386 4937 5387
f 5386 5388 4937
f 5386 5389 5388
f 4935 4937 5388
f 4937 4941 5387
f 5550 5551 5549
f 5550 5552 5551
f 5552 5095 5097
f 5552 5550 5095
f 5976 5977 5975
f 5983 5977 5982
f 5983 5984 5977
f 5977 5976 5982
f 5990 5984 5989
f 5990 5991 5984
f 5990 5992 5991
f 5984 5983 5989
f 5997 5998 5996
f 5997 5999 5998
f 5992 5996 5998
f 5992 5990 5996
f 6004 6005 6003
f 6004 6006 6005
f 5999 6003 6005
f 5999 5997 6003
f 6011 6012 6010
f 6011 6013 6012
f 6006 6010 6012
f 6006 6004 6010
f 6020 6021 6019
f 6020 6022 6021
f 6013 6019 6021
f 6013 6011 6019
f 6026 6028 6027
f 6026 6029 6028
f 6022 6027 6028
f 6022 6020 6027
f 6029 5389 5386
f 6029 6026 5389
f 6241 6242 6240
f 6241 6243 6242
f 6243 5549 5551
f 6243 6241 5549
f 6293 6294 6292
f 6293 6295 6294
f 6295 6240 6242
f 6295 6293 6240
f 6764 6765 6763
f 6773 6765 6772
f 6773 6774 6765
f 6773 6775 6774
f 6765 6764 6772
f 6782 6783 6781
f 6782 6784 6783
f 6775 6781 6783
f 6775 6773 6781
f 6791 6792 6790
f 6791 6793 6792
f 6784 6790 6792
f 6784 6782 6790
f 6800 6801 6799
f 6800 6802 6801
f 6793 6799 6801
f 6793 6791 6799
f 6808 6810 6809
f 6808 6811 6810
f 6802 6809 6810
f 6802 6800 6809
f 6819 6821 6820
f 6819 6822 6821
f 6811 6820 6821
f 6811 6808 6820
f 5977 6830 6831
f 6822 5977 6831
f 6822 5975 5977
f 6822 6819 5975
f 5984 6841 6842
f 6830 5984 6842
f 6830 5977 5984
f 6841 5984 5991
f 7761 7762 7760
f 7772 7762 7771
f 7772 7773 7762
f 7772 7774 7773
f 7762 7761 7771
f 7783 7784 7782
f 7783 7785 7784
f 7774 7782 7784
f 7774 7772 7782
f 7794 7795 7793
f 7794 7796 7795
f 7785 7793 7795
f 7785 7783 7793
f 7805 7806 7804
f 7805 7807 7806
f 7796 7804 7806
f 7796 7794 7804
f 7815 7817 7816
f 7815 7818 7817
f 7807 7816 7817
f 7807 7805 7816
f 6765 7828 7829
f 7818 6765 7829
f 7818 6763 6765
f 7818 7815 6763
f 7828 6765 6774
f 8640 8641 8639
f 8645 8641 8644
f 8645 8646 8641
f 8645 8647 8646
f 8641 8640 8644
f 8649 8651 8650
f 8649 8652 8651
f 8647 8650 8651
f 8647 8645 8650
f 7762 8656 8657
f 8652 7762 8657
f 8652 7760 7762
f 8652 8649 7760
f 8656 7762 7773

#List of body polygons
f 422 423 421
f 423 422 424
f 431 432 430
f 431 433 432
f 433 423 435
f 433 421 423
f 433 431 421
f 440 441 439
f 440 442 441
f 442 430 432
f 442 440 430
f 447 449 448
f 447 450 449
f 447 451 450
f 451 439 441
f 451 447 439
f 449 458 459
f 458 449 450
f 449 1836 1837
f 449 1837 448
f 1861 1862 1860
f 1861 1863 1862
f 1863 449 459
f 1863 1836 449
f 1863 1861 1836
f 1874 1875 1873
f 1874 1876 1875
f 1876 1860 1862
f 1876 1874 1860
f 1887 1888 1886
f 1887 1889 1888
f 1889 1873 1875
f 1889 1887 1873
f 1900 1901 1899
f 1900 1902 1901
f 1902 1886 1888
f 1902 1900 1886
f 1913 1914 1912
f 1913 1915 1914
f 1915 1899 1901
f 1915 1913 1899
f 1924 1926 1925
f 1924 1927 1926
f 1924 1928 1927
f 1928 1912 1914
f 1928 1924 1912
f 1952 1926 1951
f 1952 1953 1926
f 1951 1926 1927
f 1953 1954 1955
f 1954 1953 1952
f 3263 1926 3262
f 1926 3263 1925
f 3274 1953 3273
f 3262 1953 3274
f 3262 1926 1953
f 3275 3277 3276
f 3275 3278 3277
f 3276 1953 1955
f 3276 3273 1953
f 3276 3277 3273
f 3294 3295 3293
f 3294 3296 3295
f 3296 3278 3275
f 3296 3294 3278
f 3305 3306 3304
f 3305 3307 3306
f 3307 3293 3295
f 3307 3305 3293
f 3317 3318 3316
f 3317 3319 3318
f 3304 3316 3318
f 3304 3306 3316
f 3327 3328 3326
f 3327 3329 3328
f 3329 3319 3317
f 3329 3327 3319
f 3345 3346 3344
f 3345 3347 3346
f 3344 3326 3328
f 3344 3346 3326
f 3349 3351 3350
f 3349 3352 3351
f 3349 3353 3352
f 3347 3353 3349
f 3347 3345 3353
f 3371 3351 3370
f 3371 3372 3351
f 3351 3352 3370
f 3384 3372 3383
f 3384 3385 3372
f 3383 3372 3371
f 3397 3385 3396
f 3397 3397 3385
f 3385 3384 3396
f 3397 3397 3398
f 3397 3397 3397
f 3848 3849 3847
f 3848 3850 3849
f 3351 4299 4300
f 3351 4300 3350
f 4316 3372 4315
f 4299 3372 4316
f 4299 3351 3372
f 3385 4317 4318
f 4315 3385 4318
f 4315 3372 3385
f 3397 4324 4325
f 4317 3397 4325
f 4317 3385 3397
f 4331 4333 4332
f 4331 4334 4333
f 4332 3397 3398
f 4332 4324 3397
f 4332 4333 4324
f 4346 4347 4345
f 4346 4348 4347
f 4348 4334 4331
f 4348 4346 4334
f 4354 4355 4353
f 4354 4356 4355
f 4354 4357 4356
f 4357 4345 4347
f 4357 4354 4345
f 4355 4362 4363
f 4362 4355 4356
f 4555 4556 4554
f 4555 4557 4556
f 4554 3847 3849
f 4554 4556 3847
f 4939 4355 4938
f 4355 4939 4353
f 4940 4942 4941
f 4940 4943 4942
f 4943 4355 4363
f 4943 4938 4355
f 4943 4940 4938
f 5094 5095 5093
f 5094 5096 5095
f 4557 5096 5094
f 4557 4555 5096
f 5385 5386 5387
f 5396 5385 5395
f 4941 5385 5387
f 4941 5395 5385
f 4941 4942 5395
f 5548 5549 5547
f 5548 5550 5549
f 5550 5093 5095
f 5550 5548 5093
f 5992 5993 5991
f 5999 5993 5998
f 5999 6000 5993
f 5993 5992 5998
f 6006 6000 6005
f 6006 6007 6000
f 6000 5999 6005
f 6013 6007 6012
f 6013 6014 6007
f 6013 6015 6014
f 6007 6006 6012
f 6022 6023 6021
f 6022 6024 6023
f 6015 6021 6023
f 6015 6013 6021
f 6029 6030 6028
f 6029 6031 6030
f 6024 6028 6030
f 6024 6022 6028
f 5385 6035 6036
f 6031 5385 6036
f 6031 5386 5385
f 6031 6029 5386
f 5385 5396 6035
f 6239 6240 6238
f 6239 6241 6240
f 6241 5547 5549
f 6241 6239 5547
f 6291 6292 6290
f 6291 6293 6292
f 6293 6238 6240
f 6293 6291 6238
f 6775 6776 6774
f 6784 6776 6783
f 6784 6785 6776
f 6776 6775 6783
f 6793 6785 6792
f 6793 6794 6785
f 6793 6795 6794
f 6785 6784 6792
f 6802 6803 6801
f 6802 6804 6803
f 6795 6801 6803
f 6795 6793 6801
f 6811 6812 6810
f 6811 6813 6812
f 6804 6810 6812
f 6804 6802 6810
f 6822 6823 6821
f 6822 6824 6823
f 6813 6821 6823
f 6813 6811 6821
f 6830 6832 6831
f 6830 6833 6832
f 6824 6831 6832
f 6824 6822 6831
f 6841 6843 6842
f 6841 6844 6843
f 6833 6842 6843
f 6833 6830 6842
f 5993 6854 6855
f 6844 5993 6855
f 6844 5991 5993
f 6844 6841 5991
f 6000 6865 6866
f 6854 6000 6866
f 6854 5993 6000
f 6007 6876 6877
f 6865 6007 6877
f 6865 6000 6007
f 6876 6007 6014
f 7774 7775 7773
f 7785 7775 7784
f 7785 7786 7775
f 7785 7787 7786
f 7775 7774 7784
f 7796 7797 7795
f 7796 7798 7797
f 7787 7795 7797
f 7787 7785 7795
f 7807 7808 7806
f 7807 7809 7808
f 7798 7806 7808
f 7798 7796 7806
f 7818 7819 7817
f 7818 7820 7819
f 7809 7817 7819
f 7809 7807 7817
f 7828 7830 7829
f 7828 7831 7830
f 7820 7829 7830
f 7820 7818 7829
f 6776 7841 7842
f 7831 6776 7842
f 7831 6774 6776
f 7831 7828 6774
f 6785 7854 7855
f 7841 6785 7855
f 7841 6776 6785
f 7854 6785 6794
f 8647 8648 8646
f 8652 8648 8651
f 8652 8653 8648
f 8652 8654 8653
f 8648 8647 8651
f 8656 8658 8657
f 8656 8659 8658
f 8654 8657 8658
f 8654 8652 8657
f 7775 8663 8664
f 8659 7775 8664
f 8659 7773 7775
f 8659 8656 7773
f 8663 7775 7786

#List of body polygons
f 433 434 432
f 434 433 435
f 442 443 441
f 442 444 443
f 444 434 446
f 444 432 434
f 444 442 432
f 451 452 450
f 451 453 452
f 453 441 443
f 453 451 441
f 458 460 459
f 458 461 460
f 458 462 461
f 462 450 452
f 462 458 450
f 460 472 473
f 472 460 461
f 1863 460 1862
f 460 1863 459
f 1876 1877 1875
f 1876 1878 1877
f 1878 460 473
f 1878 1862 460
f 1878 1876 1862
f 1889 1890 1888
f 1889 1891 1890
f 1891 1875 1877
f 1891 1889 1875
f 1902 1903 1901
f 1902 1904 1903
f 1904 1888 1890
f 1904 1902 1888
f 1915 1916 1914
f 1915 1917 1916
f 1917 1901 1903
f 1917 1915 1901
f 1928 1929 1927
f 1928 1930 1929
f 1930 1914 1916
f 1930 1928 1914
f 1950 1951 1949
f 1950 1952 1951
f 1949 1927 1929
f 1949 1951 1927
f 1954 1956 1955
f 1954 1957 1956
f 1954 1958 1957
f 1958 1952 1950
f 1958 1954 1952
f 1956 1971 1972
f 1971 1956 1957
f 1956 3275 3276
f 1956 3276 1955
f 3296 3297 3295
f 3296 3298 3297
f 3298 1956 1972
f 3298 3275 1956
f 3298 3296 3275
f 3307 3308 3306
f 3307 3309 3308
f 3309 3295 3297
f 3309 3307 3295
f 3315 3316 3314
f 3315 3317 3316
f 3306 3314 3316
f 3306 3308 3314
f 3329 3330 3328
f 3329 3331 3330
f 3331 3317 3315
f 3331 3329 3317
f 3343 3344 3342
f 3343 3345 3344
f 3342 3328 3330
f 3342 3344 3328
f 3353 3354 3352
f 3353 3355 3354
f 3345 3355 3353
f 3345 3343 3355
f 3369 3370 3368
f 3369 3371 3370
f 3352 3368 3370
f 3352 3354 3368
f 3382 3383 3381
f 3382 3384 3383
f 3381 3371 3369
f 3381 3383 3371
f 3395 3396 3394
f 3395 3397 3396
f 3384 3394 3396
f 3384 3382 3394
f 3397 3399 3398
f 3397 3400 3399
f 3397 3401 3400
f 3397 3401 3397
f 3397 3395 3401
f 3399 3410 3411
f 3410 3399 3400
f 3846 3847 3845
f 3846 3848 3847
f 3399 4331 4332
f 3399 4332 3398
f 4348 4349 4347
f 4348 4350 4349
f 4350 3399 3411
f 4350 4331 3399
f 4350 4348 4331
f 4357 4358 4356
f 4357 4359 4358
f 4359 4347 4349
f 4359 4357 4347
f 4362 4364 4363
f 4362 4365 4364
f 4365 4356 4358
f 4365 4362 4356
f 4557 4558 4556
f 4557 4559 4558
f 4556 3845 3847
f 4556 4558 3845
f 4943 4944 4942
f 4943 4945 4944
f 4945 4363 4364
f 4945 4943 4363
f 5092 5093 5091
f 5092 5094 5093
f 4559 5094 5092
f 4559 4557 5094
f 5394 5395 5393
f 5394 5396 5395
f 4942 5393 5395
f 4942 4944 5393
f 5546 5547 5545
f 5546 5548 5547
f 5548 5091 5093
f 5548 5546 5091
f 6015 6016 6014
f 6024 6016 6023
f 6024 6025 6016
f 6016 6015 6023
f 6031 6025 6030
f 6031 6032 6025
f 6031 6033 6032
f 6025 6024 6030
f 6035 6037 6036
f 6035 6038 6037
f 6033 6036 6037
f 6033 6031 6036
f 5396 6038 6035
f 5396 5394 6038
f 6237 6238 6236
f 6237 6239 6238
f 6239 5545 5547
f 6239 6237 5545
f 6289 6290 6288
f 6289 6291 6290
f 6291 6236 6238
f 6291 6289 6236
f 6795 6796 6794
f 6804 6796 6803
f 6804 6805 6796
f 6804 6806 6805
f 6796 6795 6803
f 6813 6814 6812
f 6813 6815 6814
f 6806 6812 6814
f 6806 6804 6812
f 6824 6825 6823
f 6824 6826 6825
f 6815 6823 6825
f 6815 6813 6823
f 6833 6834 6832
f 6833 6835 6834
f 6826 6832 6834
f 6826 6824 6832
f 6844 6845 6843
f 6844 6846 6845
f 6835 6843 6845
f 6835 6833 6843
f 6854 6856 6855
f 6854 6857 6856
f 6846 6855 6856
f 6846 6844 6855
f 6865 6867 6866
f 6865 6868 6867
f 6857 6866 6867
f 6857 6854 6866
f 6876 6878 6877
f 6876 6879 6878
f 6868 6877 6878
f 6868 6865 6877
f 6016 6889 6890
f 6879 6016 6890
f 6879 6014 6016
f 6879 6876 6014
f 6025 6900 6901
f 6889 6025 6901
f 6889 6016 6025
f 6900 6025 6032
f 7787 7788 7786
f 7798 7788 7797
f 7798 7799 7788
f 7798 7800 7799
f 7788 7787 7797
f 7809 7810 7808
f 7809 7811 7810
f 7800 7808 7810
f 7800 7798 7808
f 7820 7821 7819
f 7820 7822 7821
f 7811 7819 7821
f 7811 7809 7819
f 7831 7832 7830
f 7831 7833 7832
f 7822 7830 7832
f 7822 7820 7830
f 7841 7843 7842
f 7841 7844 7843
f 7833 7842 7843
f 7833 7831 7842
f 7854 7856 7855
f 7854 7857 7856
f 7844 7855 7856
f 7844 7841 7855
f 6796 7869 7870
f 7857 6796 7870
f 7857 6794 6796
f 7857 7854 6794
f 7869 6796 6805
f 8654 8655 8653
f 8659 8655 8658
f 8659 8660 8655
f 8659 8661 8660
f 8655 8654 8658
f 8663 8665 8664
f 8663 8666 8665
f 8661 8664 8665
f 8661 8659 8664
f 7788 8670 8671
f 8666 7788 8671
f 8666 7786 7788
f 8666 8663 7786
f 8670 7788 7799

#List of body polygons
f 444 445 443
f 445 444 446
f 453 454 452
f 453 455 454
f 455 445 457
f 455 443 445
f 455 453 443
f 462 463 461
f 462 464 463
f 464 452 454
f 464 462 452
f 472 474 473
f 472 475 474
f 472 476 475
f 476 461 463
f 476 472 461
f 474 485 486
f 485 474 475
f 1878 474 1877
f 474 1878 473
f 1891 1892 1890
f 1891 1893 1892
f 1893 474 486
f 1893 1877 474
f 1893 1891 1877
f 1904 1905 1903
f 1904 1906 1905
f 1906 1890 1892
f 1906 1904 1890
f 1917 1918 1916
f 1917 1919 1918
f 1919 1903 1905
f 1919 1917 1903
f 1930 1931 1929
f 1930 1932 1931
f 1932 1916 1918
f 1932 1930 1916
f 1948 1949 1947
f 1948 1950 1949
f 1947 1929 1931
f 1947 1949 1929
f 1958 1959 1957
f 1958 1960 1959
f 1960 1950 1948
f 1960 1958 1950
f 1971 1973 1972
f 1971 1974 1973
f 1971 1975 1974
f 1975 1957 1959
f 1975 1971 1957
f 1973 1988 1989
f 1988 1973 1974
f 3298 1973 3297
f 1973 3298 1972
f 3309 3310 3308
f 3309 3311 3310
f 3311 1973 1989
f 3311 3297 1973
f 3311 3309 3297
f 3312 3314 3313
f 3312 3315 3314
f 3308 3313 3314
f 3308 3310 3313
f 3331 3332 3330
f 3331 3333 3332
f 3333 3315 3312
f 3333 3331 3315
f 3341 3342 3340
f 3341 3343 3342
f 3340 3330 3332
f 3340 3342 3330
f 3355 3356 3354
f 3355 3357 3356
f 3343 3357 3355
f 3343 3341 3357
f 3367 3368 3366
f 3367 3369 3368
f 3354 3366 3368
f 3354 3356 3366
f 3380 3381 3379
f 3380 3382 3381
f 3379 3369 3367
f 3379 3381 3369
f 3393 3394 3392
f 3393 3395 3394
f 3382 3392 3394
f 3382 3380 3392
f 3401 3402 3400
f 3401 3403 3402
f 3395 3403 3401
f 3395 3393 3403
f 3410 3412 3411
f 3410 3413 3412
f 3410 3414 3413
f 3414 3400 3402
f 3414 3410 3400
f 3412 3423 3424
f 3423 3412 3413
f 3844 3845 3843
f 3844 3846 3845
f 4350 3412 4349
f 3412 4350 3411
f 4359 4360 4358
f 4359 4361 4360
f 4361 3412 3424
f 4361 4349 3412
f 4361 4359 4349
f 4365 4366 4364
f 4365 4367 4366
f 4367 4358 4360
f 4367 4365 4358
f 4559 4560 4558
f 4559 4561 4560
f 4558 3843 3845
f 4558 4560 3843
f 4945 4946 4944
f 4945 4947 4946
f 4945 4948 4947
f 4948 4364 4366
f 4948 4945 4364
f 4946 4949 4950
f 4949 4946 4947
f 5090 5091 5089
f 5090 5092 5091
f 4561 5092 5090
f 4561 4559 5092
f 5391 4946 5392
f 5391 5393 4946
f 5391 5394 5393
f 4944 4946 5393
f 4946 4950 5392
f 5544 5545 5543
f 5544 5546 5545
f 5546 5089 5091
f 5546 5544 5089
f 6033 6034 6032
f 6038 6034 6037
f 6038 6039 6034
f 6038 6040 6039
f 6034 6033 6037
f 5394 6040 6038
f 5394 5391 6040
f 6235 6236 6234
f 6235 6237 6236
f 6237 5543 5545
f 6237 6235 5543
f 6287 6288 6286
f 6287 6289 6288
f 6289 6234 6236
f 6289 6287 6234
f 6806 6807 6805
f 6815 6807 6814
f 6815 6816 6807
f 6815 6817 6816
f 6807 6806 6814
f 6826 6827 6825
f 6826 6828 6827
f 6817 6825 6827
f 6817 6815 6825
f 6835 6836 6834
f 6835 6837 6836
f 6828 6834 6836
f 6828 6826 6834
f 6846 6847 6845
f 6846 6848 6847
f 6837 6845 6847
f 6837 6835 6845
f 6857 6858 6856
f 6857 6859 6858
f 6848 6856 6858
f 6848 6846 6856
f 6868 6869 6867
f 6868 6870 6869
f 6859 6867 6869
f 6859 6857 6867
f 6879 6880 6878
f 6879 6881 6880
f 6870 6878 6880
f 6870 6868 6878
f 6889 6891 6890
f 6889 6892 6891
f 6881 6890 6891
f 6881 6879 6890
f 6900 6902 6901
f 6900 6903 6902
f 6892 6901 6902
f 6892 6889 6901
f 6034 6911 6912
f 6903 6034 6912
f 6903 6032 6034
f 6903 6900 6032
f 6911 6034 6039
f 7800 7801 7799
f 7811 7801 7810
f 7811 7812 7801
f 7811 7813 7812
f 7801 7800 7810
f 7822 7823 7821
f 7822 7824 7823
f 7813 7821 7823
f 7813 7811 7821
f 7833 7834 7832
f 7833 7835 7834
f 7824 7832 7834
f 7824 7822 7832
f 7844 7845 7843
f 7844 7846 7845
f 7835 7843 7845
f 7835 7833 7843
f 7857 7858 7856
f 7857 7859 7858
f 7846 7856 7858
f 7846 7844 7856
f 7869 7871 7870
f 7869 7872 7871
f 7859 7870 7871
f 7859 7857 7870
f 6807 7884 7885
f 7872 6807 7885
f 7872 6805 6807
f 7872 7869 6805
f 7884 6807 6816
f 8661 8662 8660
f 8666 8662 8665
f 8666 8667 8662
f 8666 8668 8667
f 8662 8661 8665
f 8670 8672 8671
f 8670 8673 8672
f 8668 8671 8672
f 8668 8666 8671
f 7801 8679 8680
f 8673 7801 8680
f 8673 7799 7801
f 8673 8670 7799
f 8679 7801 7812

#List of body polygons
f 455 456 454
f 456 455 457
f 464 465 463
f 464 466 465
f 466 456 471
f 466 454 456
f 466 464 454
f 476 477 475
f 476 478 477
f 478 463 465
f 478 476 463
f 485 487 486
f 485 488 487
f 485 489 488
f 489 475 477
f 489 485 475
f 487 498 499
f 498 487 488
f 1893 487 1892
f 487 1893 486
f 1906 1907 1905
f 1906 1908 1907
f 1908 487 499
f 1908 1892 487
f 1908 1906 1892
f 1919 1920 1918
f 1919 1921 1920
f 1921 1905 1907
f 1921 1919 1905
f 1932 1933 1931
f 1932 1934 1933
f 1934 1918 1920
f 1934 1932 1918
f 1946 1947 1945
f 1946 1948 1947
f 1945 1931 1933
f 1945 1947 1931
f 1960 1961 1959
f 1960 1962 1961
f 1962 1948 1946
f 1962 1960 1948
f 1975 1976 1974
f 1975 1977 1976
f 1977 1959 1961
f 1977 1975 1959
f 1988 1990 1989
f 1988 1991 1990
f 1988 1992 1991
f 1992 1974 1976
f 1992 1988 1974
f 2020 1990 2019
f 2020 2021 1990
f 2019 1990 1991
f 2021 2022 2023
f 2021 2020 2022
f 3311 1990 3310
f 1990 3311 1989
f 2021 3312 3313
f 3310 2021 3313
f 3310 1990 2021
f 3333 3334 3332
f 3333 3335 3334
f 3335 2021 2023
f 3335 3312 2021
f 3335 3333 3312
f 3339 3340 3338
f 3339 3341 3340
f 3338 3332 3334
f 3338 3340 3332
f 3357 3358 3356
f 3357 3359 3358
f 3341 3359 3357
f 3341 3339 3359
f 3365 3366 3364
f 3365 3367 3366
f 3356 3364 3366
f 3356 3358 3364
f 3378 3379 3377
f 3378 3380 3379
f 3377 3367 3365
f 3377 3379 3367
f 3391 3392 3390
f 3391 3393 3392
f 3380 3390 3392
f 3380 3378 3390
f 3403 3404 3402
f 3403 3405 3404
f 3393 3405 3403
f 3393 3391 3405
f 3414 3415 3413
f 3414 3416 3415
f 3416 3402 3404
f 3416 3414 3402
f 3423 3425 3424
f 3423 3426 3425
f 3423 3427 3426
f 3427 3413 3415
f 3427 3423 3413
f 3425 3436 3437
f 3436 3425 3426
f 3772 3773 3771
f 3842 3773 3841
f 3842 3843 3773
f 3842 3844 3843
f 3773 3772 3841
f 4361 3425 4360
f 3425 4361 3424
f 4367 4368 4366
f 4367 4369 4368
f 4367 4370 4369
f 4370 3425 3437
f 4370 4360 3425
f 4370 4367 4360
f 4368 4375 4376
f 4375 4368 4369
f 4561 3773 4560
f 4561 4562 3773
f 4561 4563 4562
f 3771 3773 4562
f 4560 3773 3843
f 4948 4368 4947
f 4368 4948 4366
f 4949 4951 4950
f 4949 4952 4951
f 4952 4368 4376
f 4952 4947 4368
f 4952 4949 4947
f 5088 5089 5087
f 5088 5090 5089
f 4563 5090 5088
f 4563 4561 5090
f 5390 5391 5392
f 5407 5390 5406
f 4950 5390 5392
f 4950 5406 5390
f 4950 4951 5406
f 5542 5543 5541
f 5542 5544 5543
f 5544 5087 5089
f 5544 5542 5087
f 6040 6041 6039
f 6048 5390 6047
f 6048 6041 5390
f 5391 6041 6040
f 5391 5390 6041
f 5390 5407 6047
f 6233 6234 6232
f 6233 6235 6234
f 6235 5541 5543
f 6235 6233 5541
f 6285 6286 6284
f 6285 6287 6286
f 6287 6232 6234
f 6287 6285 6232
f 6817 6818 6816
f 6828 6818 6827
f 6828 6829 6818
f 6818 6817 6827
f 6837 6829 6836
f 6837 6838 6829
f 6837 6839 6838
f 6829 6828 6836
f 6848 6849 6847
f 6848 6850 6849
f 6839 6847 6849
f 6839 6837 6847
f 6859 6860 6858
f 6859 6861 6860
f 6850 6858 6860
f 6850 6848 6858
f 6870 6871 6869
f 6870 6872 6871
f 6861 6869 6871
f 6861 6859 6869
f 6881 6882 6880
f 6881 6883 6882
f 6872 6880 6882
f 6872 6870 6880
f 6892 6893 6891
f 6892 6894 6893
f 6883 6891 6893
f 6883 6881 6891
f 6903 6904 6902
f 6903 6905 6904
f 6894 6902 6904
f 6894 6892 6902
f 6911 6913 6912
f 6911 6914 6913
f 6905 6912 6913
f 6905 6903 6912
f 6041 6922 6923
f 6914 6041 6923
f 6914 6039 6041
f 6914 6911 6039
f 6922 6041 6048
f 7813 7814 7812
f 7824 7814 7823
f 7824 7825 7814
f 7824 7826 7825
f 7814 7813 7823
f 7835 7836 7834
f 7835 7837 7836
f 7826 7834 7836
f 7826 7824 7834
f 7846 7847 7845
f 7846 7848 7847
f 7837 7845 7847
f 7837 7835 7845
f 7859 7860 7858
f 7859 7861 7860
f 7848 7858 7860
f 7848 7846 7858
f 7872 7873 7871
f 7872 7874 7873
f 7861 7871 7873
f 7861 7859 7871
f 7884 7886 7885
f 7884 7887 7886
f 7874 7885 7886
f 7874 7872 7885
f 6818 7899 7900
f 7887 6818 7900
f 7887 6816 6818
f 7887 7884 6816
f 6829 7914 7915
f 7899 6829 7931
f 7899 6818 6829
f 7914 6829 6838
f 8668 8669 8667
f 8673 8669 8672
f 8673 8674 8669
f 8673 8675 8674
f 8669 8668 8672
f 8679 8681 8680
f 8679 8682 8681
f 8675 8680 8681
f 8675 8673 8680
f 7814 8688 8689
f 8682 7814 8689
f 8682 7812 7814
f 8682 8679 7812
f 8688 7814 7825

#List of body polygons
f 466 467 465
f 466 468 467
f 468 471 470
f 468 466 471
f 478 479 477
f 478 480 479
f 480 465 467
f 480 478 465
f 489 490 488
f 489 491 490
f 491 477 479
f 491 489 477
f 498 500 499
f 498 501 500
f 498 502 501
f 502 488 490
f 502 498 488
f 500 511 512
f 511 500 501
f 1908 500 1907
f 500 1908 499
f 1921 1922 1920
f 1921 1923 1922
f 1923 500 512
f 1923 1907 500
f 1923 1921 1907
f 1934 1935 1933
f 1934 1936 1935
f 1936 1920 1922
f 1936 1934 1920
f 1944 1945 1943
f 1944 1946 1945
f 1943 1933 1935
f 1943 1945 1933
f 1962 1963 1961
f 1962 1964 1963
f 1964 1946 1944
f 1964 1962 1946
f 1977 1978 1976
f 1977 1979 1978
f 1979 1961 1963
f 1979 1977 1961
f 1992 1993 1991
f 1992 1994 1993
f 1994 1976 1978
f 1994 1992 1976
f 2018 2019 2017
f 2018 2020 2019
f 2017 1991 1993
f 2017 2019 1991
f 2022 2024 2023
f 2022 2025 2024
f 2022 2026 2025
f 2020 2026 2022
f 2020 2018 2026
f 2024 2039 2040
f 2039 2024 2025
f 3335 2024 3334
f 2024 3335 2023
f 3336 3338 3337
f 3336 3339 3338
f 3337 2024 2040
f 3337 3334 2024
f 3337 3338 3334
f 3359 3360 3358
f 3359 3361 3360
f 3339 3361 3359
f 3339 3336 3361
f 3362 3364 3363
f 3362 3365 3364
f 3358 3363 3364
f 3358 3360 3363
f 3376 3377 3375
f 3376 3378 3377
f 3375 3365 3362
f 3375 3377 3365
f 3389 3390 3388
f 3389 3391 3390
f 3378 3388 3390
f 3378 3376 3388
f 3405 3406 3404
f 3405 3407 3406
f 3391 3407 3405
f 3391 3389 3407
f 3416 3417 3415
f 3416 3418 3417
f 3418 3404 3406
f 3418 3416 3404
f 3427 3428 3426
f 3427 3429 3428
f 3429 3415 3417
f 3429 3427 3415
f 3436 3438 3437
f 3436 3439 3438
f 3439 3426 3428
f 3439 3436 3426
f 3770 3771 3769
f 3770 3772 3771
f 3840 3841 3839
f 3840 3842 3841
f 3772 3839 3841
f 3772 3770 3839
f 4370 4371 4369
f 4370 4372 4371
f 4372 3437 3438
f 4372 4370 3437
f 4375 4377 4376
f 4375 4378 4377
f 4378 4369 4371
f 4378 4375 4369
f 4563 4564 4562
f 4563 4565 4564
f 3769 4562 4564
f 3769 3771 4562
f 4952 4953 4951
f 4952 4954 4953
f 4954 4376 4377
f 4954 4952 4376
f 5086 5087 5085
f 5086 5088 5087
f 4565 5088 5086
f 4565 4563 5088
f 5405 5406 5404
f 5405 5407 5406
f 4951 5404 5406
f 4951 4953 5404
f 5540 5541 5539
f 5540 5542 5541
f 5542 5085 5087
f 5542 5540 5085
f 6046 6047 6045
f 6046 6048 6047
f 5407 6045 6047
f 5407 5405 6045
f 6231 6232 6230
f 6231 6233 6232
f 6233 5539 5541
f 6233 6231 5539
f 6283 6284 6282
f 6283 6285 6284
f 6285 6230 6232
f 6285 6283 6230
f 6839 6840 6838
f 6850 6840 6849
f 6850 6851 6840
f 6850 6852 6851
f 6840 6839 6849
f 6861 6862 6860
f 6861 6863 6862
f 6852 6860 6862
f 6852 6850 6860
f 6872 6873 6871
f 6872 6874 6873
f 6863 6871 6873
f 6863 6861 6871
f 6883 6884 6882
f 6883 6885 6884
f 6874 6882 6884
f 6874 6872 6882
f 6894 6895 6893
f 6894 6896 6895
f 6885 6893 6895
f 6885 6883 6893
f 6905 6906 6904
f 6905 6907 6906
f 6896 6904 6906
f 6896 6894 6904
f 6914 6915 6913
f 6914 6916 6915
f 6907 6913 6915
f 6907 6905 6913
f 6922 6924 6923
f 6922 6925 6924
f 6916 6923 6924
f 6916 6914 6923
f 6925 6048 6046
f 6925 6922 6048
f 7826 7827 7825
f 7837 7827 7836
f 7837 7838 7827
f 7837 7839 7838
f 7827 7826 7836
f 7848 7849 7847
f 7848 7850 7849
f 7839 7847 7849
f 7839 7837 7847
f 7861 7862 7860
f 7861 7863 7862
f 7850 7860 7862
f 7850 7848 7860
f 7874 7875 7873
f 7874 7876 7875
f 7863 7873 7875
f 7863 7861 7873
f 7887 7888 7886
f 7887 7889 7888
f 7876 7886 7888
f 7876 7874 7886
f 7899 7901 7900
f 7899 7902 7901
f 7889 7900 7901
f 7889 7887 7900
f 7914 7916 7915
f 7914 7917 7916
f 7902 7931 7916
f 7902 7899 7931
f 6840 7932 7933
f 7917 6840 7933
f 7917 6838 6840
f 7917 7914 6838
f 7932 6840 6851
f 8675 8676 8674
f 8675 8677 8676
f 8682 8683 8681
f 8682 8684 8683
f 8677 8681 8683
f 8677 8675 8681
f 8688 8690 8689
f 8688 8691 8690
f 8684 8689 8690
f 8684 8682 8689
f 7827 8697 8698
f 8691 7827 8698
f 8691 7825 7827
f 8691 8688 7825
f 8697 7827 7838

#List of body polygons
f 468 469 467
f 469 468 470
f 480 481 479
f 480 482 481
f 482 469 484
f 482 467 469
f 482 480 467
f 491 492 490
f 491 493 492
f 493 479 481
f 493 491 479
f 502 503 501
f 502 504 503
f 504 490 492
f 504 502 490
f 511 513 512
f 511 514 513
f 511 515 514
f 515 501 503
f 515 511 501
f 513 524 525
f 524 513 514
f 1923 513 1922
f 513 1923 512
f 1936 1937 1935
f 1936 1938 1937
f 1938 513 525
f 1938 1922 513
f 1938 1936 1922
f 1942 1943 1941
f 1942 1944 1943
f 1941 1935 1937
f 1941 1943 1935
f 1964 1965 1963
f 1964 1966 1965
f 1966 1944 1942
f 1966 1964 1944
f 1979 1980 1978
f 1979 1981 1980
f 1981 1963 1965
f 1981 1979 1963
f 1994 1995 1993
f 1994 1996 1995
f 1996 1978 1980
f 1996 1994 1978
f 2016 2017 2015
f 2016 2018 2017
f 2015 1993 1995
f 2015 2017 1993
f 2026 2027 2025
f 2026 2028 2027
f 2018 2028 2026
f 2018 2016 2028
f 2039 2041 2040
f 2039 2042 2041
f 2039 2043 2042
f 2043 2025 2027
f 2043 2039 2025
f 2071 2041 2070
f 2071 2072 2041
f 2070 2041 2042
f 2088 2072 2087
f 2088 2089 2072
f 2072 2071 2087
f 2089 2090 2091
f 2089 2088 2090
f 2041 3336 3337
f 2041 3337 2040
f 3361 2072 3360
f 3336 2072 3361
f 3336 2041 2072
f 2089 3362 3363
f 3360 2089 3363
f 3360 2072 2089
f 3373 3375 3374
f 3373 3376 3375
f 3374 2089 2091
f 3374 3362 2089
f 3374 3375 3362
f 3386 3388 3387
f 3386 3389 3388
f 3376 3387 3388
f 3376 3373 3387
f 3407 3408 3406
f 3407 3409 3408
f 3389 3409 3407
f 3389 3386 3409
f 3418 3419 3417
f 3418 3420 3419
f 3420 3406 3408
f 3420 3418 3406
f 3429 3430 3428
f 3429 3431 3430
f 3431 3417 3419
f 3431 3429 3417
f 3439 3440 3438
f 3439 3441 3440
f 3441 3428 3430
f 3441 3439 3428
f 3768 3769 3767
f 3768 3770 3769
f 3838 3839 3837
f 3838 3840 3839
f 3770 3837 3839
f 3770 3768 3837
f 4372 4373 4371
f 4372 4374 4373
f 4374 3438 3440
f 4374 4372 3438
f 4378 4379 4377
f 4378 4380 4379
f 4380 4371 4373
f 4380 4378 4371
f 4565 4566 4564
f 4565 4567 4566
f 3767 4564 4566
f 3767 3769 4564
f 4954 4955 4953
f 4954 4956 4955
f 4956 4377 4379
f 4956 4954 4377
f 5084 5085 5083
f 5084 5086 5085
f 4567 5086 5084
f 4567 4565 5086
f 5403 5404 5402
f 5403 5405 5404
f 4953 5402 5404
f 4953 4955 5402
f 5538 5539 5537
f 5538 5540 5539
f 5540 5083 5085
f 5540 5538 5083
f 6043 6045 6044
f 6043 6046 6045
f 5405 6044 6045
f 5405 5403 6044
f 6229 6230 6228
f 6229 6231 6230
f 6231 5537 5539
f 6231 6229 5537
f 6281 6282 6280
f 6281 6283 6282
f 6283 6228 6230
f 6283 6281 6228
f 6852 6853 6851
f 6863 6853 6862
f 6863 6864 6853
f 6853 6852 6862
f 6874 6864 6873
f 6874 6875 6864
f 6864 6863 6873
f 6885 6875 6884
f 6885 6886 6875
f 6885 6887 6886
f 6875 6874 6884
f 6896 6897 6895
f 6896 6898 6897
f 6887 6895 6897
f 6887 6885 6895
f 6907 6908 6906
f 6907 6909 6908
f 6898 6906 6908
f 6898 6896 6906
f 6916 6917 6915
f 6916 6918 6917
f 6909 6915 6917
f 6909 6907 6915
f 6925 6926 6924
f 6925 6927 6926
f 6918 6924 6926
f 6918 6916 6924
f 6927 6046 6043
f 6927 6925 6046
f 7839 7840 7838
f 7850 7840 7849
f 7850 7851 7840
f 7850 7852 7851
f 7840 7839 7849
f 7863 7864 7862
f 7863 7865 7864
f 7852 7862 7864
f 7852 7850 7862
f 7876 7877 7875
f 7876 7878 7877
f 7865 7875 7877
f 7865 7863 7875
f 7889 7890 7888
f 7889 7891 7890
f 7878 7888 7890
f 7878 7876 7888
f 7902 7903 7901
f 7902 7904 7903
f 7891 7901 7903
f 7891 7889 7901
f 7917 7918 7916
f 7917 7919 7918
f 7904 7916 7918
f 7904 7902 7916
f 7932 7934 7933
f 7932 7935 7934
f 7919 7933 7934
f 7919 7917 7933
f 6853 7947 7948
f 7935 6853 7948
f 7935 6851 6853
f 7935 7932 6851
f 6864 7962 7963
f 7947 6864 7963
f 7947 6853 6864
f 6875 7979 7980
f 7962 6875 7980
f 7962 6864 6875
f 7979 6875 6886
f 8677 8678 8676
f 8684 8678 8683
f 8684 8685 8678
f 8684 8686 8685
f 8678 8677 8683
f 8691 8692 8690
f 8691 8693 8692
f 8686 8690 8692
f 8686 8684 8690
f 8697 8699 8698
f 8697 8700 8699
f 8693 8698 8699
f 8693 8691 8698
f 7840 8706 8707
f 8700 7840 8707
f 8700 7838 7840
f 8700 8697 7838
f 8706 7840 7851

#List of body polygons
f 482 483 481
f 483 482 484
f 493 494 492
f 493 495 494
f 495 483 497
f 495 481 483
f 495 493 481
f 504 505 503
f 504 506 505
f 506 492 494
f 506 504 492
f 515 516 514
f 515 517 516
f 517 503 505
f 517 515 503
f 524 526 525
f 524 527 526
f 524 528 527
f 528 514 516
f 528 524 514
f 526 537 538
f 537 526 527
f 1938 526 1937
f 526 1938 525
f 1939 1941 1940
f 1939 1942 1941
f 1940 526 538
f 1940 1937 526
f 1940 1941 1937
f 1966 1967 1965
f 1966 1968 1967
f 1968 1942 1939
f 1968 1966 1942
f 1981 1982 1980
f 1981 1983 1982
f 1983 1965 1967
f 1983 1981 1965
f 1996 1997 1995
f 1996 1998 1997
f 1998 1980 1982
f 1998 1996 1980
f 2014 2015 2013
f 2014 2016 2015
f 2013 1995 1997
f 2013 2015 1995
f 2028 2029 2027
f 2028 2030 2029
f 2016 2030 2028
f 2016 2014 2030
f 2043 2044 2042
f 2043 2045 2044
f 2045 2027 2029
f 2045 2043 2027
f 2069 2070 2068
f 2069 2071 2070
f 2068 2042 2044
f 2068 2070 2042
f 2086 2087 2085
f 2086 2088 2087
f 2071 2085 2087
f 2071 2069 2085
f 2090 2092 2091
f 2090 2093 2092
f 2090 2094 2093
f 2088 2094 2090
f 2088 2086 2094
f 2122 2092 2121
f 2122 2123 2092
f 2121 2092 2093
f 2139 2123 2138
f 2139 2140 2123
f 2123 2122 2138
f 2140 2141 2142
f 2140 2139 2141
f 2092 3373 3374
f 2092 3374 2091
f 2123 3386 3387
f 3373 2123 3387
f 3373 2092 2123
f 3409 2140 3408
f 3386 2140 3409
f 3386 2123 2140
f 3420 3421 3419
f 3420 3422 3421
f 3422 2140 2142
f 3422 3408 2140
f 3422 3420 3408
f 3431 3432 3430
f 3431 3433 3432
f 3433 3419 3421
f 3433 3431 3419
f 3441 3442 3440
f 3441 3443 3442
f 3441 3444 3443
f 3444 3430 3432
f 3444 3441 3430
f 3442 3453 3454
f 3453 3442 3443
f 3766 3767 3765
f 3766 3768 3767
f 3836 3837 3835
f 3836 3838 3837
f 3768 3835 3837
f 3768 3766 3835
f 4374 3442 4373
f 3442 4374 3440
f 4380 4381 4379
f 4380 4382 4381
f 4382 3442 3454
f 4382 4373 3442
f 4382 4380 4373
f 4567 4568 4566
f 4567 4569 4568
f 3765 4566 4568
f 3765 3767 4566
f 4956 4957 4955
f 4956 4958 4957
f 4958 4379 4381
f 4958 4956 4379
f 5082 5083 5081
f 5082 5084 5083
f 4569 5084 5082
f 4569 4567 5084
f 5401 5402 5400
f 5401 5403 5402
f 4955 5400 5402
f 4955 4957 5400
f 5536 5537 5535
f 5536 5538 5537
f 5538 5081 5083
f 5538 5536 5081
f 6042 6043 6044
f 6057 6042 6056
f 5403 6042 6044
f 5403 6056 6042
f 5403 5401 6056
f 6227 6228 6226
f 6227 6229 6228
f 6229 5535 5537
f 6229 6227 5535
f 6279 6280 6278
f 6279 6281 6280
f 6281 6226 6228
f 6281 6279 6226
f 6887 6888 6886
f 6898 6888 6897
f 6898 6899 6888
f 6888 6887 6897
f 6909 6899 6908
f 6909 6910 6899
f 6899 6898 6908
f 6918 6910 6917
f 6918 6919 6910
f 6918 6920 6919
f 6910 6909 6917
f 6927 6928 6926
f 6927 6929 6928
f 6920 6926 6928
f 6920 6918 6926
f 6042 6933 6934
f 6929 6042 6934
f 6929 6043 6042
f 6929 6927 6043
f 6042 6057 6933
f 7852 7853 7851
f 7865 7853 7864
f 7865 7866 7853
f 7865 7867 7866
f 7853 7852 7864
f 7878 7879 7877
f 7878 7880 7879
f 7867 7877 7879
f 7867 7865 7877
f 7891 7892 7890
f 7891 7893 7892
f 7880 7890 7892
f 7880 7878 7890
f 7904 7905 7903
f 7904 7906 7905
f 7893 7903 7905
f 7893 7891 7903
f 7919 7920 7918
f 7919 7921 7920
f 7906 7918 7920
f 7906 7904 7918
f 7935 7936 7934
f 7935 7937 7936
f 7921 7934 7936
f 7921 7919 7934
f 7947 7949 7948
f 7947 7950 7949
f 7937 7948 7949
f 7937 7935 7948
f 7962 7964 7963
f 7962 7965 7964
f 7950 7963 7964
f 7950 7947 7963
f 7979 7981 7980
f 7979 7982 7981
f 7965 7980 7981
f 7965 7962 7980
f 6888 7996 7997
f 7982 6888 7997
f 7982 6886 6888
f 7982 7979 6886
f 6899 8011 8012
f 7996 6899 8012
f 7996 6888 6899
f 6910 8028 8029
f 8011 6910 8029
f 8011 6899 6910
f 8028 6910 6919
f 8686 8687 8685
f 8693 8687 8692
f 8693 8694 8687
f 8693 8695 8694
f 8687 8686 8692
f 8700 8701 8699
f 8700 8702 8701
f 8695 8699 8701
f 8695 8693 8699
f 8706 8708 8707
f 8706 8709 8708
f 8702 8707 8708
f 8702 8700 8707
f 7853 8715 8716
f 8709 7853 8716
f 8709 7851 7853
f 8709 8706 7851
f 8715 7853 7866

#List of body polygons
f 495 496 494
f 496 495 497
f 506 507 505
f 506 508 507
f 508 496 510
f 508 494 496
f 508 506 494
f 517 518 516
f 517 519 518
f 519 505 507
f 519 517 505
f 528 529 527
f 528 530 529
f 530 516 518
f 530 528 516
f 537 539 538
f 537 540 539
f 537 541 540
f 541 527 529
f 541 537 527
f 539 550 551
f 550 539 540
f 539 1939 1940
f 539 1940 538
f 1968 1969 1967
f 1968 1970 1969
f 1970 539 551
f 1970 1939 539
f 1970 1968 1939
f 1983 1984 1982
f 1983 1985 1984
f 1985 1967 1969
f 1985 1983 1967
f 1998 1999 1997
f 1998 2000 1999
f 2000 1982 1984
f 2000 1998 1982
f 2012 2013 2011
f 2012 2014 2013
f 2011 1997 1999
f 2011 2013 1997
f 2030 2031 2029
f 2030 2032 2031
f 2014 2032 2030
f 2014 2012 2032
f 2045 2046 2044
f 2045 2047 2046
f 2047 2029 2031
f 2047 2045 2029
f 2067 2068 2066
f 2067 2069 2068
f 2066 2044 2046
f 2066 2068 2044
f 2084 2085 2083
f 2084 2086 2085
f 2069 2083 2085
f 2069 2067 2083
f 2094 2095 2093
f 2094 2096 2095
f 2086 2096 2094
f 2086 2084 2096
f 2120 2121 2119
f 2120 2122 2121
f 2119 2093 2095
f 2119 2121 2093
f 2137 2138 2136
f 2137 2139 2138
f 2122 2136 2138
f 2122 2120 2136
f 2141 2143 2142
f 2141 2144 2143
f 2141 2145 2144
f 2139 2145 2141
f 2139 2137 2145
f 2143 2158 2159
f 2143 2144 2158
f 3422 2143 3421
f 2143 3422 2142
f 3433 3434 3432
f 3433 3435 3434
f 3435 2143 2159
f 3435 3421 2143
f 3435 3433 3421
f 3444 3445 3443
f 3444 3446 3445
f 3446 3432 3434
f 3446 3444 3432
f 3453 3455 3454
f 3453 3456 3455
f 3456 3443 3445
f 3456 3453 3443
f 3764 3765 3763
f 3764 3766 3765
f 3834 3835 3833
f 3834 3836 3835
f 3766 3833 3835
f 3766 3764 3833
f 4382 4383 4381
f 4382 4384 4383
f 4384 3454 3455
f 4384 4382 3454
f 4569 4570 4568
f 4569 4571 4570
f 3763 4568 4570
f 3763 3765 4568
f 4958 4959 4957
f 4958 4960 4959
f 4958 4961 4960
f 4961 4381 4383
f 4961 4958 4381
f 4959 4962 4963
f 4962 4959 4960
f 5080 5081 5079
f 5080 5082 5081
f 4571 5082 5080
f 4571 4569 5082
f 5398 4959 5399
f 5398 5400 4959
f 5398 5401 5400
f 4957 4959 5400
f 4959 4963 5399
f 5534 5535 5533
f 5534 5536 5535
f 5536 5079 5081
f 5536 5534 5079
f 6055 6056 6054
f 6055 6057 6056
f 5401 6054 6056
f 5401 5398 6054
f 6225 6226 6224
f 6225 6227 6226
f 6227 5533 5535
f 6227 6225 5533
f 6277 6278 6276
f 6277 6279 6278
f 6279 6224 6226
f 6279 6277 6224
f 6920 6921 6919
f 6929 6921 6928
f 6929 6930 6921
f 6929 6931 6930
f 6921 6920 6928
f 6933 6935 6934
f 6933 6936 6935
f 6931 6934 6935
f 6931 6929 6934
f 6057 6936 6933
f 6057 6055 6936
f 7867 7868 7866
f 7880 7868 7879
f 7880 7881 7868
f 7880 7882 7881
f 7868 7867 7879
f 7893 7894 7892
f 7893 7895 7894
f 7882 7892 7894
f 7882 7880 7892
f 7906 7907 7905
f 7906 7908 7907
f 7895 7905 7907
f 7895 7893 7905
f 7921 7922 7920
f 7921 7923 7922
f 7908 7920 7922
f 7908 7906 7920
f 7937 7938 7936
f 7937 7939 7938
f 7923 7936 7938
f 7923 7921 7936
f 7950 7951 7949
f 7950 7952 7951
f 7939 7949 7951
f 7939 7937 7949
f 7965 7966 7964
f 7965 7967 7966
f 7952 7964 7966
f 7952 7950 7964
f 7982 7983 7981
f 7982 7984 7983
f 7967 7981 7983
f 7967 7965 7981
f 7996 7998 7997
f 7996 7999 7998
f 7984 7997 7998
f 7984 7982 7997
f 8011 8013 8012
f 8011 8014 8013
f 7999 8012 8013
f 7999 7996 8012
f 8028 8030 8029
f 8028 8031 8030
f 8014 8029 8030
f 8014 8011 8029
f 6921 8045 8046
f 8031 6921 8046
f 8031 6919 6921
f 8031 8028 6919
f 8045 6921 6930
f 8695 8696 8694
f 8702 8696 8701
f 8702 8703 8696
f 8702 8704 8703
f 8696 8695 8701
f 8709 8710 8708
f 8709 8711 8710
f 8704 8708 8710
f 8704 8702 8708
f 8715 8717 8716
f 8715 8718 8717
f 8711 8716 8717
f 8711 8709 8716
f 7868 8724 8725
f 8718 7868 8725
f 8718 7866 7868
f 8718 8715 7866
f 8724 7868 7881

#List of body polygons
f 508 509 507
f 509 508 510
f 519 520 518
f 519 521 520
f 521 509 523
f 521 507 509
f 521 519 507
f 530 531 529
f 530 532 531
f 532 518 520
f 532 530 518
f 541 542 540
f 541 543 542
f 543 529 531
f 543 541 529
f 550 552 551
f 550 553 552
f 550 554 553
f 554 540 542
f 554 550 540
f 552 563 564
f 563 552 553
f 1970 552 1969
f 552 1970 551
f 1985 1986 1984
f 1985 1987 1986
f 1987 552 564
f 1987 1969 552
f 1987 1985 1969
f 2000 2001 1999
f 2000 2002 2001
f 2002 1984 1986
f 2002 2000 1984
f 2010 2011 2009
f 2010 2012 2011
f 2009 1999 2001
f 2009 2011 1999
f 2032 2033 2031
f 2032 2034 2033
f 2012 2034 2032
f 2012 2010 2034
f 2047 2048 2046
f 2047 2049 2048
f 2049 2031 2033
f 2049 2047 2031
f 2065 2066 2064
f 2065 2067 2066
f 2064 2046 2048
f 2064 2066 2046
f 2082 2083 2081
f 2082 2084 2083
f 2067 2081 2083
f 2067 2065 2081
f 2096 2097 2095
f 2096 2098 2097
f 2084 2098 2096
f 2084 2082 2098
f 2118 2119 2117
f 2118 2120 2119
f 2117 2095 2097
f 2117 2119 2095
f 2135 2136 2134
f 2135 2137 2136
f 2120 2134 2136
f 2120 2118 2134
f 2145 2146 2144
f 2145 2147 2146
f 2137 2147 2145
f 2137 2135 2147
f 2158 2160 2159
f 2158 2161 2160
f 2158 2162 2161
f 2144 2162 2158
f 2144 2146 2162
f 2160 2173 2174
f 2173 2160 2161
f 3435 2160 3434
f 2160 3435 2159
f 3446 3447 3445
f 3446 3448 3447
f 3448 2160 2174
f 3448 3434 2160
f 3448 3446 3434
f 3456 3457 3455
f 3456 3458 3457
f 3458 3445 3447
f 3458 3456 3445
f 3762 3763 3761
f 3762 3764 3763
f 3832 3833 3831
f 3832 3834 3833
f 3764 3831 3833
f 3764 3762 3831
f 4384 4385 4383
f 4384 4386 4385
f 4384 4387 4386
f 4387 3455 3457
f 4387 4384 3455
f 4385 4392 4393
f 4392 4385 4386
f 4571 4572 4570
f 4571 4573 4572
f 3761 4570 4572
f 3761 3763 4570
f 4961 4385 4960
f 4385 4961 4383
f 4962 4964 4963
f 4962 4965 4964
f 4965 4385 4393
f 4965 4960 4385
f 4965 4962 4960
f 5078 5079 5077
f 5078 5080 5079
f 4573 5080 5078
f 4573 4571 5080
f 5397 5398 5399
f 5422 5397 5421
f 4963 5397 5399
f 4963 5421 5397
f 4963 4964 5421
f 5532 5533 5531
f 5532 5534 5533
f 5534 5077 5079
f 5534 5532 5077
f 6053 5397 6052
f 6053 6054 5397
f 6053 6055 6054
f 5398 5397 6054
f 5397 5422 6052
f 6223 6224 6222
f 6223 6225 6224
f 6225 5531 5533
f 6225 6223 5531
f 6275 6276 6274
f 6275 6277 6276
f 6277 6222 6224
f 6277 6275 6222
f 6931 6932 6930
f 6936 6932 6935
f 6936 6937 6932
f 6936 6938 6937
f 6932 6931 6935
f 6055 6938 6936
f 6055 6053 6938
f 7882 7883 7881
f 7895 7883 7894
f 7895 7896 7883
f 7895 7897 7896
f 7883 7882 7894
f 7908 7909 7907
f 7908 7910 7909
f 7897 7907 7909
f 7897 7895 7907
f 7923 7924 7922
f 7923 7925 7924
f 7910 7922 7924
f 7910 7908 7922
f 7939 7940 7938
f 7939 7941 7940
f 7925 7938 7940
f 7925 7923 7938
f 7952 7953 7951
f 7952 7954 7953
f 7941 7951 7953
f 7941 7939 7951
f 7967 7968 7966
f 7967 7969 7968
f 7954 7966 7968
f 7954 7952 7966
f 7984 7985 7983
f 7984 7986 7985
f 7969 7983 7985
f 7969 7967 7983
f 7999 8000 7998
f 7999 8001 8000
f 7986 7998 8000
f 7986 7984 7998
f 8014 8015 8013
f 8014 8016 8015
f 8001 8013 8015
f 8001 7999 8013
f 8031 8032 8030
f 8031 8033 8032
f 8016 8030 8032
f 8016 8014 8030
f 8045 8047 8046
f 8045 8048 8047
f 8033 8046 8047
f 8033 8031 8046
f 6932 8060 8061
f 8048 6932 8061
f 8048 6930 6932
f 8048 8045 6930
f 8060 6932 6937
f 8704 8705 8703
f 8711 8705 8710
f 8711 8712 8705
f 8711 8713 8712
f 8705 8704 8710
f 8718 8719 8717
f 8718 8720 8719
f 8713 8717 8719
f 8713 8711 8717
f 8724 8726 8725
f 8724 8727 8726
f 8720 8725 8726
f 8720 8718 8725
f 7883 8733 8734
f 8727 7883 8734
f 8727 7881 7883
f 8727 8724 7881
f 8733 7883 7896

#List of body polygons
f 521 522 520
f 522 521 523
f 532 533 531
f 532 534 533
f 534 522 536
f 534 520 522
f 534 532 520
f 543 544 542
f 543 545 544
f 545 531 533
f 545 543 531
f 554 555 553
f 554 556 555
f 556 542 544
f 556 554 542
f 563 565 564
f 563 566 565
f 563 567 566
f 567 553 555
f 567 563 553
f 565 576 577
f 576 565 566
f 1987 565 1986
f 565 1987 564
f 2002 2003 2001
f 2002 2004 2003
f 2004 565 577
f 2004 1986 565
f 2004 2002 1986
f 2008 2009 2007
f 2008 2010 2009
f 2007 2001 2003
f 2007 2009 2001
f 2034 2035 2033
f 2034 2036 2035
f 2010 2036 2034
f 2010 2008 2036
f 2049 2050 2048
f 2049 2051 2050
f 2051 2033 2035
f 2051 2049 2033
f 2063 2064 2062
f 2063 2065 2064
f 2062 2048 2050
f 2062 2064 2048
f 2080 2081 2079
f 2080 2082 2081
f 2065 2079 2081
f 2065 2063 2079
f 2098 2099 2097
f 2098 2100 2099
f 2082 2100 2098
f 2082 2080 2100
f 2116 2117 2115
f 2116 2118 2117
f 2115 2097 2099
f 2115 2117 2097
f 2133 2134 2132
f 2133 2135 2134
f 2118 2132 2134
f 2118 2116 2132
f 2147 2148 2146
f 2147 2149 2148
f 2135 2149 2147
f 2135 2133 2149
f 2162 2163 2161
f 2162 2164 2163
f 2146 2164 2162
f 2146 2148 2164
f 2173 2175 2174
f 2173 2176 2175
f 2176 2161 2163
f 2176 2173 2161
f 3448 3449 3447
f 3448 3450 3449
f 3450 2174 2175
f 3450 3448 2174
f 3458 3459 3457
f 3458 3460 3459
f 3460 3447 3449
f 3460 3458 3447
f 3760 3761 3759
f 3760 3762 3761
f 3830 3831 3829
f 3830 3832 3831
f 3762 3829 3831
f 3762 3760 3829
f 4387 4388 4386
f 4387 4389 4388
f 4389 3457 3459
f 4389 4387 3457
f 4392 4394 4393
f 4392 4395 4394
f 4395 4386 4388
f 4395 4392 4386
f 4573 4574 4572
f 4573 4575 4574
f 3759 4572 4574
f 3759 3761 4572
f 4965 4966 4964
f 4965 4967 4966
f 4967 4393 4394
f 4967 4965 4393
f 5076 5077 5075
f 5076 5078 5077
f 4575 5078 5076
f 4575 4573 5078
f 5420 5421 5419
f 5420 5422 5421
f 4964 5419 5421
f 4964 4966 5419
f 5530 5531 5529
f 5530 5532 5531
f 5532 5075 5077
f 5532 5530 5075
f 6050 6052 6051
f 6050 6053 6052
f 5422 6051 6052
f 5422 5420 6051
f 6221 6222 6220
f 6221 6223 6222
f 6223 5529 5531
f 6223 6221 5529
f 6273 6274 6272
f 6273 6275 6274
f 6275 6220 6222
f 6275 6273 6220
f 6938 6939 6937
f 6938 6940 6939
f 6053 6940 6938
f 6053 6050 6940
f 7897 7898 7896
f 7910 7898 7909
f 7910 7911 7898
f 7910 7912 7911
f 7898 7897 7909
f 7925 7926 7924
f 7925 7927 7926
f 7912 7924 7926
f 7912 7910 7924
f 7941 7942 7940
f 7941 7943 7942
f 7927 7940 7942
f 7927 7925 7940
f 7954 7955 7953
f 7954 7956 7955
f 7943 7953 7955
f 7943 7941 7953
f 7969 7970 7968
f 7969 7971 7970
f 7956 7968 7970
f 7956 7954 7968
f 7986 7987 7985
f 7986 7988 7987
f 7971 7985 7987
f 7971 7969 7985
f 8001 8002 8000
f 8001 8003 8002
f 7988 8000 8002
f 7988 7986 8000
f 8016 8017 8015
f 8016 8018 8017
f 8003 8015 8017
f 8003 8001 8015
f 8033 8034 8032
f 8033 8035 8034
f 8018 8032 8034
f 8018 8016 8032
f 8048 8049 8047
f 8048 8050 8049
f 8035 8047 8049
f 8035 8033 8047
f 8060 8062 8061
f 8060 8063 8062
f 8050 8061 8062
f 8050 8048 8061
f 8063 6937 6939
f 8063 8060 6937
f 8713 8714 8712
f 8720 8714 8719
f 8720 8721 8714
f 8720 8722 8721
f 8714 8713 8719
f 8727 8728 8726
f 8727 8729 8728
f 8722 8726 8728
f 8722 8720 8726
f 8733 8735 8734
f 8733 8736 8735
f 8729 8734 8735
f 8729 8727 8734
f 7898 8742 8743
f 8736 7898 8743
f 8736 7896 7898
f 8736 8733 7896
f 8742 7898 7911

#List of body polygons
f 534 535 533
f 535 534 536
f 545 546 544
f 545 547 546
f 547 535 549
f 547 533 535
f 547 545 533
f 556 557 555
f 556 558 557
f 558 544 546
f 558 556 544
f 567 568 566
f 567 569 568
f 569 555 557
f 569 567 555
f 576 578 577
f 576 579 578
f 576 580 579
f 580 566 568
f 580 576 566
f 578 589 590
f 589 578 579
f 2004 578 2003
f 578 2004 577
f 2005 2007 2006
f 2005 2008 2007
f 2006 578 590
f 2006 2003 578
f 2006 2007 2003
f 2036 2037 2035
f 2036 2038 2037
f 2008 2038 2036
f 2008 2005 2038
f 2051 2052 2050
f 2051 2053 2052
f 2053 2035 2037
f 2053 2051 2035
f 2061 2062 2060
f 2061 2063 2062
f 2060 2050 2052
f 2060 2062 2050
f 2078 2079 2077
f 2078 2080 2079
f 2063 2077 2079
f 2063 2061 2077
f 2100 2101 2099
f 2100 2102 2101
f 2080 2102 2100
f 2080 2078 2102
f 2114 2115 2113
f 2114 2116 2115
f 2113 2099 2101
f 2113 2115 2099
f 2131 2132 2130
f 2131 2133 2132
f 2116 2130 2132
f 2116 2114 2130
f 2149 2150 2148
f 2149 2151 2150
f 2133 2151 2149
f 2133 2131 2151
f 2164 2165 2163
f 2164 2166 2165
f 2148 2166 2164
f 2148 2150 2166
f 2176 2177 2175
f 2176 2178 2177
f 2178 2163 2165
f 2178 2176 2163
f 3450 3451 3449
f 3450 3452 3451
f 3452 2175 2177
f 3452 3450 2175
f 3460 3461 3459
f 3460 3462 3461
f 3462 3449 3451
f 3462 3460 3449
f 3758 3759 3757
f 3758 3760 3759
f 3828 3829 3827
f 3828 3830 3829
f 3760 3827 3829
f 3760 3758 3827
f 4389 4390 4388
f 4389 4391 4390
f 4391 3459 3461
f 4391 4389 3459
f 4395 4396 4394
f 4395 4397 4396
f 4397 4388 4390
f 4397 4395 4388
f 4575 4576 4574
f 4575 4577 4576
f 3757 4574 4576
f 3757 3759 4574
f 4967 4968 4966
f 4967 4969 4968
f 4969 4394 4396
f 4969 4967 4394
f 5074 5075 5073
f 5074 5076 5075
f 4577 5076 5074
f 4577 4575 5076
f 5418 5419 5417
f 5418 5420 5419
f 4966 5417 5419
f 4966 4968 5417
f 5528 5529 5527
f 5528 5530 5529
f 5530 5073 5075
f 5530 5528 5073
f 6049 6050 6051
f 6072 6049 6071
f 5420 6049 6051
f 5420 6071 6049
f 5420 5418 6071
f 6219 6220 6218
f 6219 6221 6220
f 6221 5527 5529
f 6221 6219 5527
f 6271 6272 6270
f 6271 6273 6272
f 6273 6218 6220
f 6273 6271 6218
f 6940 6941 6939
f 6952 6049 6951
f 6952 6941 6049
f 6050 6941 6940
f 6050 6049 6941
f 6049 6072 6951
f 7912 7913 7911
f 7927 7913 7926
f 7927 7928 7913
f 7927 7929 7928
f 7913 7912 7926
f 7943 7944 7942
f 7943 7945 7944
f 7929 7942 7944
f 7929 7927 7942
f 7956 7957 7955
f 7956 7958 7957
f 7945 7955 7957
f 7945 7943 7955
f 7971 7972 7970
f 7971 7973 7972
f 7958 7970 7972
f 7958 7956 7970
f 7988 7989 7987
f 7988 7990 7989
f 7973 7987 7989
f 7973 7971 7987
f 8003 8004 8002
f 8003 8005 8004
f 7990 8002 8004
f 7990 7988 8002
f 8018 8019 8017
f 8018 8020 8019
f 8005 8017 8019
f 8005 8003 8017
f 8035 8036 8034
f 8035 8037 8036
f 8020 8034 8036
f 8020 8018 8034
f 8050 8051 8049
f 8050 8052 8051
f 8037 8049 8051
f 8037 8035 8049
f 8063 8064 8062
f 8063 8065 8064
f 8052 8062 8064
f 8052 8050 8062
f 6941 8073 8074
f 8065 6941 8074
f 8065 6939 6941
f 8065 8063 6939
f 6941 6952 8073
f 8722 8723 8721
f 8729 8723 8728
f 8729 8730 8723
f 8729 8731 8730
f 8723 8722 8728
f 8736 8737 8735
f 8736 8738 8737
f 8731 8735 8737
f 8731 8729 8735
f 8742 8744 8743
f 8742 8745 8744
f 8738 8743 8744
f 8738 8736 8743
f 7913 8751 8752
f 8745 7913 8752
f 8745 7911 7913
f 8745 8742 7911
f 8751 7913 7928

#List of body polygons
f 547 548 546
f 548 547 549
f 558 559 557
f 558 560 559
f 560 548 562
f 560 546 548
f 560 558 546
f 569 570 568
f 569 571 570
f 571 557 559
f 571 569 557
f 580 581 579
f 580 582 581
f 582 568 570
f 582 580 568
f 589 591 590
f 589 592 591
f 589 593 592
f 593 579 581
f 593 589 579
f 610 591 609
f 610 611 591
f 591 592 609
f 611 612 613
f 612 611 610
f 591 2005 2006
f 591 2006 590
f 2038 611 2037
f 2005 611 2038
f 2005 591 611
f 2053 2054 2052
f 2053 2055 2054
f 2055 611 613
f 2055 2037 611
f 2055 2053 2037
f 2059 2060 2058
f 2059 2061 2060
f 2058 2052 2054
f 2058 2060 2052
f 2076 2077 2075
f 2076 2078 2077
f 2061 2075 2077
f 2061 2059 2075
f 2102 2103 2101
f 2102 2104 2103
f 2078 2104 2102
f 2078 2076 2104
f 2112 2113 2111
f 2112 2114 2113
f 2111 2101 2103
f 2111 2113 2101
f 2129 2130 2128
f 2129 2131 2130
f 2114 2128 2130
f 2114 2112 2128
f 2151 2152 2150
f 2151 2153 2152
f 2131 2153 2151
f 2131 2129 2153
f 2166 2167 2165
f 2166 2168 2167
f 2150 2168 2166
f 2150 2152 2168
f 2178 2179 2177
f 2178 2180 2179
f 2178 2181 2180
f 2181 2165 2167
f 2181 2178 2165
f 2179 2190 2191
f 2190 2179 2180
f 3452 2179 3451
f 2179 3452 2177
f 3462 3463 3461
f 3462 3464 3463
f 3462 3465 3464
f 3465 2179 2191
f 3465 3451 2179
f 3465 3462 3451
f 3463 3474 3475
f 3474 3463 3464
f 3756 3757 3755
f 3756 3758 3757
f 3826 3827 3825
f 3826 3828 3827
f 3758 3825 3827
f 3758 3756 3825
f 4391 3463 4390
f 3463 4391 3461
f 4397 4398 4396
f 4397 4399 4398
f 4399 3463 3475
f 4399 4390 3463
f 4399 4397 4390
f 4577 4578 4576
f 4577 4579 4578
f 3755 4576 4578
f 3755 3757 4576
f 4969 4970 4968
f 4969 4971 4970
f 4971 4396 4398
f 4971 4969 4396
f 5072 5073 5071
f 5072 5074 5073
f 4579 5074 5072
f 4579 4577 5074
f 5416 5417 5415
f 5416 5418 5417
f 4968 5415 5417
f 4968 4970 5415
f 5526 5527 5525
f 5526 5528 5527
f 5528 5071 5073
f 5528 5526 5071
f 6070 6071 6069
f 6070 6072 6071
f 5418 6069 6071
f 5418 5416 6069
f 6217 6218 6216
f 6217 6219 6218
f 6219 5525 5527
f 6219 6217 5525
f 6269 6270 6268
f 6269 6271 6270
f 6271 6216 6218
f 6271 6269 6216
f 6950 6951 6949
f 6950 6952 6951
f 6072 6949 6951
f 6072 6070 6949
f 7929 7930 7928
f 7945 7930 7944
f 7945 7946 7930
f 7930 7929 7944
f 7958 7946 7957
f 7958 7959 7946
f 7958 7960 7959
f 7946 7945 7957
f 7973 7974 7972
f 7973 7975 7974
f 7960 7972 7974
f 7960 7958 7972
f 7990 7991 7989
f 7990 7992 7991
f 7975 7989 7991
f 7975 7973 7989
f 8005 8006 8004
f 8005 8007 8006
f 7992 8004 8006
f 7992 7990 8004
f 8020 8021 8019
f 8020 8022 8021
f 8007 8019 8021
f 8007 8005 8019
f 8037 8038 8036
f 8037 8039 8038
f 8022 8036 8038
f 8022 8020 8036
f 8052 8053 8051
f 8052 8054 8053
f 8039 8051 8053
f 8039 8037 8051
f 8065 8066 8064
f 8065 8067 8066
f 8054 8064 8066
f 8054 8052 8064
f 8073 8075 8074
f 8073 8076 8075
f 8067 8074 8075
f 8067 8065 8074
f 6952 8076 8073
f 6952 6950 8076
f 8731 8732 8730
f 8738 8732 8737
f 8738 8739 8732
f 8738 8740 8739
f 8732 8731 8737
f 8745 8746 8744
f 8745 8747 8746
f 8740 8744 8746
f 8740 8738 8744
f 8751 8753 8752
f 8751 8754 8753
f 8747 8752 8753
f 8747 8745 8752
f 7930 8760 8761
f 8754 7930 8761
f 8754 7928 7930
f 8754 8751 7928
f 7946 8769 8770
f 8760 7946 8770
f 8760 7930 7946
f 8769 7946 7959

#List of body polygons
f 560 561 559
f 561 560 562
f 571 572 570
f 571 573 572
f 573 561 575
f 573 559 561
f 573 571 559
f 582 583 581
f 582 584 583
f 584 570 572
f 584 582 570
f 593 594 592
f 593 595 594
f 595 581 583
f 595 593 581
f 608 609 607
f 608 610 609
f 592 607 609
f 592 594 607
f 612 614 613
f 612 615 614
f 612 616 615
f 616 610 608
f 616 612 610
f 614 625 626
f 625 614 615
f 2055 614 2054
f 614 2055 613
f 2056 2058 2057
f 2056 2059 2058
f 2057 614 626
f 2057 2054 614
f 2057 2058 2054
f 2073 2075 2074
f 2073 2076 2075
f 2059 2074 2075
f 2059 2056 2074
f 2104 2105 2103
f 2104 2106 2105
f 2076 2106 2104
f 2076 2073 2106
f 2110 2111 2109
f 2110 2112 2111
f 2109 2103 2105
f 2109 2111 2103
f 2127 2128 2126
f 2127 2129 2128
f 2112 2126 2128
f 2112 2110 2126
f 2153 2154 2152
f 2153 2155 2154
f 2129 2155 2153
f 2129 2127 2155
f 2168 2169 2167
f 2168 2170 2169
f 2152 2170 2168
f 2152 2154 2170
f 2181 2182 2180
f 2181 2183 2182
f 2183 2167 2169
f 2183 2181 2167
f 2190 2192 2191
f 2190 2193 2192
f 2193 2180 2182
f 2193 2190 2180
f 3465 3466 3464
f 3465 3467 3466
f 3467 2191 2192
f 3467 3465 2191
f 3474 3476 3475
f 3474 3477 3476
f 3477 3464 3466
f 3477 3474 3464
f 3754 3755 3753
f 3754 3756 3755
f 3824 3825 3823
f 3824 3826 3825
f 3756 3823 3825
f 3756 3754 3823
f 4399 4400 4398
f 4399 4401 4400
f 4401 3475 3476
f 4401 4399 3475
f 4579 4580 4578
f 4579 4581 4580
f 3753 4578 4580
f 3753 3755 4578
f 4971 4972 4970
f 4971 4973 4972
f 4973 4398 4400
f 4973 4971 4398
f 5070 5071 5069
f 5070 5072 5071
f 4581 5072 5070
f 4581 4579 5072
f 5414 5415 5413
f 5414 5416 5415
f 4970 5413 5415
f 4970 4972 5413
f 5524 5525 5523
f 5524 5526 5525
f 5526 5069 5071
f 5526 5524 5069
f 6068 6069 6067
f 6068 6070 6069
f 5416 6067 6069
f 5416 5414 6067
f 6215 6216 6214
f 6215 6217 6216
f 6217 5523 5525
f 6217 6215 5523
f 6266 6267 6265
f 6266 6268 6267
f 6266 6269 6268
f 6269 6214 6216
f 6269 6266 6214
f 6948 6949 6947
f 6948 6950 6949
f 6070 6947 6949
f 6070 6068 6947
f 6267 7157 7158
f 6267 7158 6265
f 7960 7961 7959
f 7975 7961 7974
f 7975 7976 7961
f 7975 7977 7976
f 7961 7960 7974
f 7992 7993 7991
f 7992 7994 7993
f 7977 7991 7993
f 7977 7975 7991
f 8007 8008 8006
f 8007 8009 8008
f 7994 8006 8008
f 7994 7992 8006
f 8022 8023 8021
f 8022 8024 8023
f 8009 8021 8023
f 8009 8007 8021
f 8039 8040 8038
f 8039 8041 8040
f 8024 8038 8040
f 8024 8022 8038
f 8054 8055 8053
f 8054 8056 8055
f 8041 8053 8055
f 8041 8039 8053
f 8067 8068 8066
f 8067 8069 8068
f 8056 8066 8068
f 8056 8054 8066
f 8076 8077 8075
f 8076 8078 8077
f 8069 8075 8077
f 8069 8067 8075
f 6950 8078 8076
f 6950 6948 8078
f 8740 8741 8739
f 8747 8741 8746
f 8747 8748 8741
f 8747 8749 8748
f 8741 8740 8746
f 8754 8755 8753
f 8754 8756 8755
f 8749 8753 8755
f 8749 8747 8753
f 8760 8762 8761
f 8760 8763 8762
f 8756 8761 8762
f 8756 8754 8761
f 8769 8771 8770
f 8769 8772 8771
f 8763 8770 8771
f 8763 8760 8770
f 7961 8778 8779
f 8772 7961 8779
f 8772 7959 7961
f 8772 8769 7959
f 8778 7961 7976

#List of body polygons
f 573 574 572
f 574 573 575
f 584 585 583
f 584 586 585
f 586 574 588
f 586 572 574
f 586 584 572
f 595 596 594
f 595 597 596
f 597 583 585
f 597 595 583
f 606 607 605
f 606 608 607
f 594 605 607
f 594 596 605
f 616 617 615
f 616 618 617
f 618 608 606
f 618 616 608
f 625 627 626
f 625 628 627
f 625 629 628
f 629 615 617
f 629 625 615
f 646 627 645
f 646 647 627
f 627 628 645
f 658 647 657
f 658 659 647
f 657 647 646
f 659 661 662
f 659 658 661
f 627 2056 2057
f 627 2057 626
f 647 2073 2074
f 2056 647 2074
f 2056 627 647
f 2106 659 2105
f 2073 659 2106
f 2073 647 659
f 2107 2109 2108
f 2107 2110 2109
f 2108 659 662
f 2108 2105 659
f 2108 2109 2105
f 2124 2126 2125
f 2124 2127 2126
f 2110 2125 2126
f 2110 2107 2125
f 2155 2156 2154
f 2155 2157 2156
f 2127 2157 2155
f 2127 2124 2157
f 2170 2171 2169
f 2170 2172 2171
f 2154 2172 2170
f 2154 2156 2172
f 2183 2184 2182
f 2183 2185 2184
f 2185 2169 2171
f 2185 2183 2169
f 2193 2194 2192
f 2193 2195 2194
f 2195 2182 2184
f 2195 2193 2182
f 3467 3468 3466
f 3467 3469 3468
f 3469 2192 2194
f 3469 3467 2192
f 3477 3478 3476
f 3477 3479 3478
f 3479 3466 3468
f 3479 3477 3466
f 3752 3753 3751
f 3752 3754 3753
f 3822 3823 3821
f 3822 3824 3823
f 3754 3821 3823
f 3754 3752 3821
f 4401 4402 4400
f 4401 4403 4402
f 4403 3476 3478
f 4403 4401 3476
f 4581 4582 4580
f 4581 4583 4582
f 3751 4580 4582
f 3751 3753 4580
f 4973 4974 4972
f 4973 4975 4974
f 4975 4400 4402
f 4975 4973 4400
f 5067 5069 5068
f 5067 5070 5069
f 4583 5070 5067
f 4583 4581 5070
f 5412 5413 5411
f 5412 5414 5413
f 4972 5411 5413
f 4972 4974 5411
f 5522 5523 5521
f 5522 5524 5523
f 5524 5068 5069
f 5524 5522 5068
f 6066 6067 6065
f 6066 6068 6067
f 5414 6065 6067
f 5414 5412 6065
f 6213 6214 6212
f 6213 6215 6214
f 6215 5521 5523
f 6215 6213 5521
f 6264 6265 6263
f 6264 6266 6265
f 6266 6212 6214
f 6266 6264 6212
f 6946 6947 6945
f 6946 6948 6947
f 6068 6945 6947
f 6068 6066 6945
f 7157 7159 7158
f 7157 7160 7159
f 7158 6263 6265
f 7158 7159 6263
f 7977 7978 7976
f 7994 7978 7993
f 7994 7995 7978
f 7978 7977 7993
f 8009 7995 8008
f 8009 8010 7995
f 7995 7994 8008
f 8024 8010 8023
f 8024 8025 8010
f 8024 8026 8025
f 8010 8009 8023
f 8041 8042 8040
f 8041 8043 8042
f 8026 8040 8042
f 8026 8024 8040
f 8056 8057 8055
f 8056 8058 8057
f 8043 8055 8057
f 8043 8041 8055
f 8069 8070 8068
f 8069 8071 8070
f 8058 8068 8070
f 8058 8056 8068
f 8078 8079 8077
f 8078 8080 8079
f 8071 8077 8079
f 8071 8069 8077
f 6948 8080 8078
f 6948 6946 8080
f 8749 8750 8748
f 8756 8750 8755
f 8756 8757 8750
f 8756 8758 8757
f 8750 8749 8755
f 8763 8764 8762
f 8763 8765 8764
f 8758 8762 8764
f 8758 8756 8762
f 8772 8773 8771
f 8772 8774 8773
f 8765 8771 8773
f 8765 8763 8771
f 8778 8780 8779
f 8778 8781 8780
f 8774 8779 8780
f 8774 8772 8779
f 7978 8787 8788
f 8781 7978 8788
f 8781 7976 7978
f 8781 8778 7976
f 7995 8796 8797
f 8787 7995 8797
f 8787 7978 7995
f 8010 8805 8806
f 8796 8010 8806
f 8796 7995 8010
f 8805 8010 8025

#List of body polygons
f 586 587 585
f 587 586 588
f 597 598 596
f 597 599 598
f 599 587 601
f 599 585 587
f 599 597 585
f 603 605 604
f 603 606 605
f 596 604 605
f 596 598 604
f 618 619 617
f 618 620 619
f 620 606 603
f 620 618 606
f 629 630 628
f 629 631 630
f 631 617 619
f 631 629 617
f 644 645 643
f 644 646 645
f 628 643 645
f 628 630 643
f 656 657 655
f 656 658 657
f 655 646 644
f 655 657 646
f 661 663 662
f 661 664 663
f 661 665 664
f 658 665 661
f 658 656 665
f 681 663 680
f 681 682 663
f 663 664 680
f 691 682 690
f 691 692 682
f 682 681 690
f 701 692 700
f 701 702 692
f 692 691 700
f 702 703 704
f 702 701 703
f 663 2107 2108
f 663 2108 662
f 682 2124 2125
f 2107 682 2125
f 2107 663 682
f 2157 692 2156
f 2124 692 2157
f 2124 682 692
f 2172 702 2171
f 2156 702 2172
f 2156 692 702
f 2185 2186 2184
f 2185 2187 2186
f 2187 702 704
f 2187 2171 702
f 2187 2185 2171
f 2195 2196 2194
f 2195 2197 2196
f 2197 2184 2186
f 2197 2195 2184
f 3469 3470 3468
f 3469 3471 3470
f 3471 2194 2196
f 3471 3469 2194
f 3479 3480 3478
f 3479 3481 3480
f 3481 3468 3470
f 3481 3479 3468
f 3750 3751 3749
f 3750 3752 3751
f 3820 3821 3819
f 3820 3822 3821
f 3752 3819 3821
f 3752 3750 3819
f 4403 4404 4402
f 4403 4405 4404
f 4405 3478 3480
f 4405 4403 3478
f 4583 4584 4582
f 4583 4585 4584
f 3749 4582 4584
f 3749 3751 4582
f 4975 4976 4974
f 4975 4977 4976
f 4975 4978 4977
f 4978 4402 4404
f 4978 4975 4402
f 4976 4979 4980
f 4979 4976 4977
f 5032 5033 5034
f 5032 5067 5068
f 4585 5032 5034
f 4585 5067 5032
f 4585 4583 5067
f 5409 4976 5410
f 5409 5411 4976
f 5409 5412 5411
f 4974 4976 5411
f 4976 4980 5410
f 5508 5032 5507
f 5032 5508 5033
f 5520 5521 5519
f 5520 5522 5521
f 5522 5032 5068
f 5522 5507 5032
f 5522 5520 5507
f 6064 6065 6063
f 6064 6066 6065
f 5412 6063 6065
f 5412 5409 6063
f 6211 6212 6210
f 6211 6213 6212
f 6213 5519 5521
f 6213 6211 5519
f 6262 6263 6261
f 6262 6264 6263
f 6264 6210 6212
f 6264 6262 6210
f 6943 6945 6944
f 6943 6946 6945
f 6066 6944 6945
f 6066 6064 6944
f 7160 7161 7159
f 7160 7162 7161
f 7159 6261 6263
f 7159 7161 6261
f 8026 8027 8025
f 8043 8027 8042
f 8043 8044 8027
f 8027 8026 8042
f 8058 8044 8057
f 8058 8059 8044
f 8044 8043 8057
f 8071 8059 8070
f 8071 8072 8059
f 8059 8058 8070
f 8080 8072 8079
f 8080 8081 8072
f 8080 8082 8081
f 8072 8071 8079
f 6946 8082 8080
f 6946 6943 8082
f 8758 8759 8757
f 8765 8759 8764
f 8765 8766 8759
f 8765 8767 8766
f 8759 8758 8764
f 8774 8775 8773
f 8774 8776 8775
f 8767 8773 8775
f 8767 8765 8773
f 8781 8782 8780
f 8781 8783 8782
f 8776 8780 8782
f 8776 8774 8780
f 8787 8789 8788
f 8787 8790 8789
f 8783 8788 8789
f 8783 8781 8788
f 8796 8798 8797
f 8796 8799 8798
f 8790 8797 8798
f 8790 8787 8797
f 8805 8807 8806
f 8805 8808 8807
f 8799 8806 8807
f 8799 8796 8806
f 8027 8816 8817
f 8808 8027 8817
f 8808 8025 8027
f 8808 8805 8025
f 8044 8825 8826
f 8816 8044 8826
f 8816 8027 8044
f 8059 8834 8835
f 8825 8059 8835
f 8825 8044 8059
f 8072 8843 8844
f 8834 8072 8844
f 8834 8059 8072
f 8843 8072 8081

#List of body polygons
f 599 600 598
f 600 599 601
f 602 603 604
f 598 602 604
f 598 600 602
f 620 621 619
f 620 622 621
f 622 602 624
f 622 603 602
f 622 620 603
f 631 632 630
f 631 633 632
f 633 619 621
f 633 631 619
f 642 643 641
f 642 644 643
f 630 641 643
f 630 632 641
f 654 655 653
f 654 656 655
f 653 644 642
f 653 655 644
f 665 666 664
f 665 667 666
f 656 667 665
f 656 654 667
f 679 680 678
f 679 681 680
f 664 678 680
f 664 666 678
f 689 690 688
f 689 691 690
f 681 688 690
f 681 679 688
f 699 700 698
f 699 701 700
f 691 698 700
f 691 689 698
f 703 705 704
f 703 706 705
f 701 706 703
f 701 699 706
f 2187 2188 2186
f 2187 2189 2188
f 2189 704 705
f 2189 2187 704
f 2197 2198 2196
f 2197 2199 2198
f 2199 2186 2188
f 2199 2197 2186
f 3471 3472 3470
f 3471 3473 3472
f 3473 2196 2198
f 3473 3471 2196
f 3481 3482 3480
f 3481 3483 3482
f 3483 3470 3472
f 3483 3481 3470
f 3748 3749 3747
f 3748 3750 3749
f 3818 3819 3817
f 3818 3820 3819
f 3750 3817 3819
f 3750 3748 3817
f 4405 4406 4404
f 4405 4407 4406
f 4405 4408 4407
f 4408 3480 3482
f 4408 4405 3480
f 4406 4415 4416
f 4415 4406 4407
f 4585 4586 4584
f 4585 4587 4586
f 3747 4584 4586
f 3747 3749 4584
f 4978 4406 4977
f 4406 4978 4404
f 4979 4981 4980
f 4979 4982 4981
f 4982 4406 4416
f 4982 4977 4406
f 4982 4979 4977
f 5033 5035 5034
f 5033 5036 5035
f 4587 5034 5035
f 4587 4585 5034
f 5408 5409 5410
f 5408 5423 5424
f 4980 5408 5410
f 4980 5423 5408
f 4980 4981 5423
f 5506 5507 5505
f 5506 5508 5507
f 5508 5036 5033
f 5508 5506 5036
f 5518 5519 5517
f 5518 5520 5519
f 5520 5505 5507
f 5520 5518 5505
f 6062 5408 6061
f 6062 6063 5408
f 6062 6064 6063
f 5409 5408 6063
f 5408 5424 6061
f 6209 6210 6208
f 6209 6211 6210
f 6211 5517 5519
f 6211 6209 5517
f 6260 6261 6259
f 6260 6262 6261
f 6262 6208 6210
f 6262 6260 6208
f 6942 6943 6944
f 6965 6942 6964
f 6064 6942 6944
f 6064 6964 6942
f 6064 6062 6964
f 7162 7163 7161
f 7162 7164 7163
f 7161 6259 6261
f 7161 7163 6259
f 8082 8083 8081
f 8090 6942 8089
f 8090 8083 6942
f 6943 8083 8082
f 6943 6942 8083
f 6942 6965 8089
f 8767 8768 8766
f 8776 8768 8775
f 8776 8777 8768
f 8768 8767 8775
f 8783 8777 8782
f 8783 8784 8777
f 8783 8785 8784
f 8777 8776 8782
f 8790 8791 8789
f 8790 8792 8791
f 8785 8789 8791
f 8785 8783 8789
f 8799 8800 8798
f 8799 8801 8800
f 8792 8798 8800
f 8792 8790 8798
f 8808 8809 8807
f 8808 8810 8809
f 8801 8807 8809
f 8801 8799 8807
f 8816 8818 8817
f 8816 8819 8818
f 8810 8817 8818
f 8810 8808 8817
f 8825 8827 8826
f 8825 8828 8827
f 8819 8826 8827
f 8819 8816 8826
f 8834 8836 8835
f 8834 8837 8836
f 8828 8835 8836
f 8828 8825 8835
f 8843 8845 8844
f 8843 8846 8845
f 8837 8844 8845
f 8837 8834 8844
f 8083 8852 8853
f 8846 8083 8853
f 8846 8081 8083
f 8846 8843 8081
f 8083 8090 8852

#List of body polygons
f 622 623 621
f 623 622 624
f 633 634 632
f 633 635 634
f 635 623 637
f 635 621 623
f 635 633 621
f 639 641 640
f 639 642 641
f 632 640 641
f 632 634 640
f 652 653 651
f 652 654 653
f 651 642 639
f 651 653 642
f 667 668 666
f 667 669 668
f 654 669 667
f 654 652 669
f 677 678 676
f 677 679 678
f 666 676 678
f 666 668 676
f 687 688 686
f 687 689 688
f 679 686 688
f 679 677 686
f 697 698 696
f 697 699 698
f 689 696 698
f 689 687 696
f 706 707 705
f 706 708 707
f 706 709 708
f 699 709 706
f 699 697 709
f 707 713 714
f 713 707 708
f 2189 707 2188
f 707 2189 705
f 2199 2200 2198
f 2199 2201 2200
f 2199 2202 2201
f 2202 707 714
f 2202 2188 707
f 2202 2199 2188
f 2200 2207 2208
f 2207 2200 2201
f 3473 2200 3472
f 2200 3473 2198
f 3483 3484 3482
f 3483 3485 3484
f 3485 2200 2208
f 3485 3472 2200
f 3485 3483 3472
f 3746 3747 3745
f 3746 3748 3747
f 3816 3817 3815
f 3816 3818 3817
f 3748 3815 3817
f 3748 3746 3815
f 4408 4409 4407
f 4408 4410 4409
f 4410 3482 3484
f 4410 4408 3482
f 4415 4417 4416
f 4415 4418 4417
f 4418 4407 4409
f 4418 4415 4407
f 4492 4493 4494
f 4587 4492 4586
f 3745 4492 4494
f 3745 4586 4492
f 3745 3747 4586
f 4982 4983 4981
f 4982 4984 4983
f 4984 4416 4417
f 4984 4982 4416
f 5036 4492 5035
f 5036 5037 4492
f 5036 5038 5037
f 4493 4492 5037
f 4492 4587 5035
f 5423 5425 5424
f 5423 5426 5425
f 4981 5426 5423
f 4981 4983 5426
f 5504 5505 5503
f 5504 5506 5505
f 5506 5038 5036
f 5506 5504 5038
f 5516 5517 5515
f 5516 5518 5517
f 5518 5503 5505
f 5518 5516 5503
f 6059 6061 6060
f 6059 6062 6061
f 5424 6060 6061
f 5424 5425 6060
f 6207 6208 6206
f 6207 6209 6208
f 6209 5515 5517
f 6209 6207 5515
f 6258 6259 6257
f 6258 6260 6259
f 6260 6206 6208
f 6260 6258 6206
f 6963 6964 6962
f 6963 6965 6964
f 6062 6962 6964
f 6062 6059 6962
f 7164 7165 7163
f 7164 7166 7165
f 7163 6257 6259
f 7163 7165 6257
f 8088 8089 8087
f 8088 8090 8089
f 6965 8087 8089
f 6965 6963 8087
f 8785 8786 8784
f 8792 8786 8791
f 8792 8793 8786
f 8792 8794 8793
f 8786 8785 8791
f 8801 8802 8800
f 8801 8803 8802
f 8794 8800 8802
f 8794 8792 8800
f 8810 8811 8809
f 8810 8812 8811
f 8803 8809 8811
f 8803 8801 8809
f 8819 8820 8818
f 8819 8821 8820
f 8812 8818 8820
f 8812 8810 8818
f 8828 8829 8827
f 8828 8830 8829
f 8821 8827 8829
f 8821 8819 8827
f 8837 8838 8836
f 8837 8839 8838
f 8830 8836 8838
f 8830 8828 8836
f 8846 8847 8845
f 8846 8848 8847
f 8839 8845 8847
f 8839 8837 8845
f 8852 8854 8853
f 8852 8855 8854
f 8848 8853 8854
f 8848 8846 8853
f 8090 8855 8852
f 8090 8088 8855

#List of body polygons
f 635 636 634
f 636 635 637
f 638 639 640
f 634 638 640
f 634 636 638
f 649 651 650
f 649 652 651
f 650 638 660
f 650 639 638
f 650 651 639
f 669 670 668
f 669 671 670
f 652 671 669
f 652 649 671
f 674 676 675
f 674 677 676
f 668 675 676
f 668 670 675
f 684 686 685
f 684 687 686
f 677 685 686
f 677 674 685
f 694 696 695
f 694 697 696
f 687 695 696
f 687 684 695
f 709 710 708
f 709 711 710
f 697 711 709
f 697 694 711
f 713 715 714
f 713 716 715
f 716 708 710
f 716 713 708
f 2202 2203 2201
f 2202 2204 2203
f 2204 714 715
f 2204 2202 714
f 2207 2209 2208
f 2207 2210 2209
f 2210 2201 2203
f 2210 2207 2201
f 3485 3486 3484
f 3485 3487 3486
f 3487 2208 2209
f 3487 3485 2208
f 3744 3745 3743
f 3744 3746 3745
f 3814 3815 3813
f 3814 3816 3815
f 3746 3813 3815
f 3746 3744 3813
f 4410 4411 4409
f 4410 4412 4411
f 4412 3484 3486
f 4412 4410 3484
f 4418 4419 4417
f 4418 4420 4419
f 4420 4409 4411
f 4420 4418 4409
f 4493 4495 4494
f 4493 4496 4495
f 3743 4494 4495
f 3743 3745 4494
f 4984 4985 4983
f 4984 4986 4985
f 4986 4417 4419
f 4986 4984 4417
f 5038 5039 5037
f 5038 5040 5039
f 4496 5037 5039
f 4496 4493 5037
f 5426 5427 5425
f 5426 5428 5427
f 4983 5428 5426
f 4983 4985 5428
f 5502 5503 5501
f 5502 5504 5503
f 5504 5040 5038
f 5504 5502 5040
f 5514 5515 5513
f 5514 5516 5515
f 5516 5501 5503
f 5516 5514 5501
f 6058 6059 6060
f 6087 6058 6086
f 5425 6058 6060
f 5425 6086 6058
f 5425 5427 6086
f 6205 6206 6204
f 6205 6207 6206
f 6207 5513 5515
f 6207 6205 5513
f 6256 6257 6255
f 6256 6258 6257
f 6258 6204 6206
f 6258 6256 6204
f 6961 6058 6960
f 6961 6962 6058
f 6961 6963 6962
f 6059 6058 6962
f 6058 6087 6960
f 7166 7167 7165
f 7166 7168 7167
f 7165 6255 6257
f 7165 7167 6255
f 8085 8087 8086
f 8085 8088 8087
f 6963 8086 8087
f 6963 6961 8086
f 8794 8795 8793
f 8803 8795 8802
f 8803 8804 8795
f 8795 8794 8802
f 8812 8804 8811
f 8812 8813 8804
f 8812 8814 8813
f 8804 8803 8811
f 8821 8822 8820
f 8821 8823 8822
f 8814 8820 8822
f 8814 8812 8820
f 8830 8831 8829
f 8830 8832 8831
f 8823 8829 8831
f 8823 8821 8829
f 8839 8840 8838
f 8839 8841 8840
f 8832 8838 8840
f 8832 8830 8838
f 8848 8849 8847
f 8848 8850 8849
f 8841 8847 8849
f 8841 8839 8847
f 8855 8856 8854
f 8855 8857 8856
f 8850 8854 8856
f 8850 8848 8854
f 8088 8857 8855
f 8088 8085 8857

#List of body polygons
f 648 649 650
f 648 650 660
f 671 672 670
f 649 672 671
f 649 648 672
f 673 674 675
f 670 673 675
f 670 672 673
f 683 684 685
f 674 683 685
f 674 673 683
f 693 694 695
f 684 693 695
f 684 683 693
f 711 712 710
f 694 712 711
f 694 693 712
f 716 717 715
f 716 718 717
f 718 712 721
f 718 710 712
f 718 716 710
f 2204 2205 2203
f 2204 2206 2205
f 2206 715 717
f 2206 2204 715
f 2210 2211 2209
f 2210 2212 2211
f 2212 2203 2205
f 2212 2210 2203
f 3487 3488 3486
f 3487 3489 3488
f 3489 2209 2211
f 3489 3487 2209
f 3742 3743 3741
f 3742 3744 3743
f 3812 3813 3811
f 3812 3814 3813
f 3744 3811 3813
f 3744 3742 3811
f 4412 4413 4411
f 4412 4414 4413
f 4414 3486 3488
f 4414 4412 3486
f 4420 4421 4419
f 4420 4422 4421
f 4422 4411 4413
f 4422 4420 4411
f 4496 4497 4495
f 4496 4498 4497
f 3741 4495 4497
f 3741 3743 4495
f 4986 4987 4985
f 4986 4988 4987
f 4988 4419 4421
f 4988 4986 4419
f 5040 5041 5039
f 5040 5042 5041
f 4498 5039 5041
f 4498 4496 5039
f 5428 5429 5427
f 5428 5430 5429
f 4985 5430 5428
f 4985 4987 5430
f 5500 5501 5499
f 5500 5502 5501
f 5502 5042 5040
f 5502 5500 5042
f 5512 5513 5511
f 5512 5514 5513
f 5514 5499 5501
f 5514 5512 5499
f 6085 6086 6084
f 6085 6087 6086
f 5427 6084 6086
f 5427 5429 6084
f 6203 6204 6202
f 6203 6205 6204
f 6205 5511 5513
f 6205 6203 5511
f 6254 6255 6253
f 6254 6256 6255
f 6256 6202 6204
f 6256 6254 6202
f 6959 6960 6958
f 6959 6961 6960
f 6087 6958 6960
f 6087 6085 6958
f 7168 7169 7167
f 7168 7170 7169
f 7167 6253 6255
f 7167 7169 6253
f 8084 8085 8086
f 8101 8084 8100
f 6961 8084 8086
f 6961 8100 8084
f 6961 6959 8100
f 8814 8815 8813
f 8823 8815 8822
f 8823 8824 8815
f 8815 8814 8822
f 8832 8824 8831
f 8832 8833 8824
f 8824 8823 8831
f 8841 8833 8840
f 8841 8842 8833
f 8833 8832 8840
f 8850 8842 8849
f 8850 8851 8842
f 8842 8841 8849
f 8857 8851 8856
f 8857 8858 8851
f 8851 8850 8856
f 8860 8084 8861
f 8860 8858 8084
f 8085 8858 8857
f 8085 8084 8858
f 8084 8101 8861

#List of body polygons
f 718 719 717
f 718 720 719
f 720 718 721
f 733 719 732
f 732 720 737
f 732 719 720
f 2206 719 2205
f 719 2206 717
f 2212 2213 2211
f 2212 2214 2213
f 2214 719 733
f 2214 2205 719
f 2214 2212 2205
f 3489 3490 3488
f 3489 3491 3490
f 3489 3492 3491
f 3492 2211 2213
f 3492 3489 2211
f 3490 3499 3500
f 3499 3490 3491
f 3740 3741 3739
f 3740 3742 3741
f 3810 3811 3809
f 3810 3812 3811
f 3742 3809 3811
f 3742 3740 3809
f 4414 3490 4413
f 3490 4414 3488
f 4422 4423 4421
f 4422 4424 4423
f 4424 3490 3500
f 4424 4413 3490
f 4424 4422 4413
f 4498 4499 4497
f 4498 4500 4499
f 3739 4497 4499
f 3739 3741 4497
f 4988 4989 4987
f 4988 4990 4989
f 4990 4421 4423
f 4990 4988 4421
f 5042 5043 5041
f 5042 5044 5043
f 4500 5041 5043
f 4500 4498 5041
f 5430 5431 5429
f 5430 5432 5431
f 4987 5432 5430
f 4987 4989 5432
f 5498 5499 5497
f 5498 5500 5499
f 5500 5044 5042
f 5500 5498 5044
f 5509 5511 5510
f 5509 5512 5511
f 5512 5497 5499
f 5512 5509 5497
f 6083 6084 6082
f 6083 6085 6084
f 5429 6082 6084
f 5429 5431 6082
f 6201 6202 6200
f 6201 6203 6202
f 6203 5510 5511
f 6203 6201 5510
f 6252 6253 6251
f 6252 6254 6253
f 6254 6200 6202
f 6254 6252 6200
f 6957 6958 6956
f 6957 6959 6958
f 6085 6956 6958
f 6085 6083 6956
f 7170 7171 7169
f 7170 7172 7171
f 7169 6251 6253
f 7169 7171 6251
f 8099 8100 8098
f 8099 8101 8100
f 6959 8098 8100
f 6959 6957 8098
f 8859 8860 8861
f 8859 8862 8863
f 8101 8859 8861
f 8101 8862 8859
f 8101 8099 8862

#List of body polygons
f 722 723 724
f 761 722 760
f 762 722 724
f 762 760 722
f 762 763 760
f 2223 722 2222
f 722 2223 723
f 2224 2226 2225
f 2224 2227 2226
f 2227 722 761
f 2227 2222 722
f 2227 2224 2222
f 3508 3509 3507
f 3508 3510 3509
f 3510 2225 2226
f 3510 3508 2225
f 3730 3731 3729
f 3730 3732 3731
f 3800 3801 3799
f 3800 3802 3801
f 3732 3799 3801
f 3732 3730 3799
f 4432 4433 4431
f 4432 4434 4433
f 4434 3507 3509
f 4434 4432 3507
f 4508 4509 4507
f 4508 4510 4509
f 3729 4507 4509
f 3729 3731 4507
f 4999 5000 4998
f 4999 5001 5000
f 5001 4431 4433
f 5001 4999 4431
f 5002 5004 5003
f 5002 5005 5004
f 5005 4998 5000
f 5005 5002 4998
f 5052 5053 5051
f 5052 5054 5053
f 4510 5051 5053
f 4510 4508 5051
f 5440 5442 5441
f 5440 5443 5442
f 5443 5003 5004
f 5443 5440 5003
f 5487 5488 5486
f 5487 5489 5488
f 5489 5054 5052
f 5489 5487 5054
f 6073 6074 6075
f 6104 6073 6103
f 5441 6073 6075
f 5441 6103 6073
f 5441 5442 6103
f 6154 6155 6153
f 6154 6156 6155
f 6156 5486 5488
f 6156 6154 5486
f 6190 6191 6189
f 6190 6192 6191
f 6192 6153 6155
f 6192 6190 6153
f 6976 6073 6975
f 6976 6977 6073
f 6976 6978 6977
f 6074 6073 6977
f 6073 6104 6975
f 7053 7054 7052
f 7053 7055 7054
f 7052 6189 6191
f 7052 7054 6189
f 7180 7181 7179
f 7180 7182 7181
f 7179 7055 7053
f 7179 7181 7055
f 8114 8115 8113
f 8114 8116 8115
f 6978 8113 8115
f 6978 6976 8113
f 8874 8875 8873
f 8874 8876 8875
f 8876 8116 8114
f 8876 8874 8116

#List of body polygons
f 723 725 724
f 723 726 725
f 723 727 726
f 725 726 734
f 725 762 724
f 2220 2221 2219
f 2220 2222 2221
f 2220 2223 2222
f 2223 727 723
f 2223 2220 727
f 2221 2224 2225
f 2224 2221 2222
f 3498 2221 3497
f 2221 3498 2219
f 3506 3507 3505
f 3506 3508 3507
f 3508 2221 2225
f 3508 3497 2221
f 3508 3506 3497
f 3732 3733 3731
f 3732 3734 3733
f 3802 3803 3801
f 3802 3804 3803
f 3734 3801 3803
f 3734 3732 3801
f 4430 4431 4429
f 4430 4432 4431
f 4432 3505 3507
f 4432 4430 3505
f 4506 4507 4505
f 4506 4508 4507
f 3731 4505 4507
f 3731 3733 4505
f 4996 4997 4995
f 4996 4998 4997
f 4996 4999 4998
f 4999 4429 4431
f 4999 4996 4429
f 4997 5002 5003
f 5002 4997 4998
f 5050 5051 5049
f 5050 5052 5051
f 4508 5049 5051
f 4508 4506 5049
f 5438 5439 5437
f 5438 4997 5439
f 4995 4997 5438
f 5439 5440 5441
f 5440 4997 5003
f 5440 5439 4997
f 5489 5490 5488
f 5489 5491 5490
f 5491 5052 5050
f 5491 5489 5052
f 6074 5439 6075
f 6074 6076 5439
f 6074 6077 6076
f 5437 5439 6076
f 5439 5441 6075
f 6156 6157 6155
f 6156 6158 6157
f 6158 5488 5490
f 6158 6156 5488
f 6192 6193 6191
f 6192 6194 6193
f 6194 6155 6157
f 6194 6192 6155
f 6978 6979 6977
f 6978 6980 6979
f 6077 6977 6979
f 6077 6074 6977
f 7050 7052 7051
f 7050 7053 7052
f 7051 6191 6193
f 7051 7052 6191
f 7178 7179 7177
f 7178 7180 7179
f 7177 7053 7050
f 7177 7179 7053
f 8091 8092 8093
f 8116 8091 8115
f 6980 8091 8093
f 6980 8115 8091
f 6980 6978 8115
f 8870 8091 8869
f 8092 8091 8870
f 8871 8873 8872
f 8871 8874 8873
f 8874 8091 8116
f 8874 8869 8091
f 8874 8871 8869

#List of body polygons
f 727 728 726
f 727 729 728
f 726 735 734
f 726 728 735
f 2218 2219 2217
f 2218 2220 2219
f 2220 729 727
f 2220 2218 729
f 3496 3497 3495
f 3496 3498 3497
f 3498 2217 2219
f 3498 3496 2217
f 3504 3505 3503
f 3504 3506 3505
f 3506 3495 3497
f 3506 3504 3495
f 3734 3735 3733
f 3734 3736 3735
f 3804 3805 3803
f 3804 3806 3805
f 3736 3803 3805
f 3736 3734 3803
f 4428 4429 4427
f 4428 4430 4429
f 4430 3503 3505
f 4430 4428 3503
f 4504 4505 4503
f 4504 4506 4505
f 3733 4503 4505
f 3733 3735 4503
f 4994 4995 4993
f 4994 4996 4995
f 4996 4427 4429
f 4996 4994 4427
f 5048 5049 5047
f 5048 5050 5049
f 4506 5047 5049
f 4506 4504 5047
f 5436 5437 5435
f 5436 5438 5437
f 4993 5438 5436
f 4993 4995 5438
f 5491 5492 5490
f 5491 5493 5492
f 5493 5050 5048
f 5493 5491 5050
f 6077 6078 6076
f 6077 6079 6078
f 5435 6076 6078
f 5435 5437 6076
f 6158 6159 6157
f 6158 6160 6159
f 6160 5490 5492
f 6160 6158 5490
f 6194 6195 6193
f 6194 6196 6195
f 6194 6197 6196
f 6197 6157 6159
f 6197 6194 6157
f 6195 6247 6248
f 6247 6195 6196
f 6980 6981 6979
f 6980 6982 6981
f 6079 6979 6981
f 6079 6077 6979
f 6195 7050 7051
f 6195 7051 6193
f 7176 7177 7175
f 7176 7178 7177
f 7175 6195 6248
f 7175 7050 6195
f 7175 7177 7050
f 8092 8094 8093
f 8092 8095 8094
f 6982 8093 8094
f 6982 6980 8093
f 8867 8868 8866
f 8867 8869 8868
f 8867 8870 8869
f 8095 8870 8867
f 8095 8092 8870
f 8868 8871 8872
f 8871 8868 8869

#List of body polygons
f 729 730 728
f 729 731 730
f 728 736 735
f 728 730 736
f 2216 2217 2215
f 2216 2218 2217
f 2218 731 729
f 2218 2216 731
f 3494 3495 3493
f 3494 3496 3495
f 3496 2215 2217
f 3496 3494 2215
f 3502 3503 3501
f 3502 3504 3503
f 3504 3493 3495
f 3504 3502 3493
f 3736 3737 3735
f 3736 3738 3737
f 3806 3807 3805
f 3806 3808 3807
f 3868 3805 3807
f 3868 3736 3805
f 4426 4427 4425
f 4426 4428 4427
f 4428 3501 3503
f 4428 4426 3501
f 4502 4503 4501
f 4502 4504 4503
f 3735 4501 4503
f 3735 3737 4501
f 4992 4993 4991
f 4992 4994 4993
f 4994 4425 4427
f 4994 4992 4425
f 5046 5047 5045
f 5046 5048 5047
f 4504 5045 5047
f 4504 4502 5045
f 5434 5435 5433
f 5434 5436 5435
f 4991 5436 5434
f 4991 4993 5436
f 5493 5494 5492
f 5493 5495 5494
f 5495 5048 5046
f 5495 5493 5048
f 6079 6080 6078
f 6079 6081 6080
f 5433 6078 6080
f 5433 5435 6078
f 6160 6161 6159
f 6160 6162 6161
f 6162 5492 5494
f 6162 6160 5492
f 6197 6198 6196
f 6197 6199 6198
f 6199 6159 6161
f 6199 6197 6159
f 6247 6249 6248
f 6247 6250 6249
f 6250 6196 6198
f 6250 6247 6196
f 6953 6954 6955
f 6982 6953 6981
f 6081 6953 6955
f 6081 6981 6953
f 6081 6079 6981
f 7174 7175 7173
f 7174 7176 7175
f 7173 6248 6249
f 7173 7175 6248
f 8095 6953 8094
f 8095 8096 6953
f 8095 8097 8096
f 6954 6953 8096
f 6953 6982 8094
f 8865 8866 8864
f 8865 8867 8866
f 8097 8867 8865
f 8097 8095 8867

#List of body polygons
f 731 732 730
f 731 733 732
f 730 737 736
f 730 732 737
f 2214 2215 2213
f 2214 2216 2215
f 2216 733 731
f 2216 2214 733
f 3492 3493 3491
f 3492 3494 3493
f 3494 2213 2215
f 3494 3492 2213
f 3499 3501 3500
f 3499 3502 3501
f 3502 3491 3493
f 3502 3499 3491
f 3738 3739 3737
f 3738 3740 3739
f 3808 3809 3807
f 3808 3810 3809
f 3740 3807 3809
f 3740 3868 3807
f 4424 4425 4423
f 4424 4426 4425
f 4426 3500 3501
f 4426 4424 3500
f 4500 4501 4499
f 4500 4502 4501
f 3737 4499 4501
f 3737 3739 4499
f 4990 4991 4989
f 4990 4992 4991
f 4992 4423 4425
f 4992 4990 4423
f 5044 5045 5043
f 5044 5046 5045
f 4502 5043 5045
f 4502 4500 5043
f 5432 5433 5431
f 5432 5434 5433
f 4989 5434 5432
f 4989 4991 5434
f 5495 5496 5494
f 5495 5497 5496
f 5495 5498 5497
f 5498 5046 5044
f 5498 5495 5046
f 5496 5509 5510
f 5509 5496 5497
f 6081 6082 6080
f 6081 6083 6082
f 5431 6080 6082
f 5431 5433 6080
f 6162 5496 6161
f 5496 6162 5494
f 6199 6200 6198
f 6199 6201 6200
f 6201 5496 5510
f 6201 6161 5496
f 6201 6199 6161
f 6250 6251 6249
f 6250 6252 6251
f 6252 6198 6200
f 6252 6250 6198
f 6954 6956 6955
f 6954 6957 6956
f 6083 6955 6956
f 6083 6081 6955
f 7172 7173 7171
f 7172 7174 7173
f 7171 6249 6251
f 7171 7173 6249
f 8097 8098 8096
f 8097 8099 8098
f 6957 8096 8098
f 6957 6954 8096
f 8862 8864 8863
f 8862 8865 8864
f 8099 8865 8862
f 8099 8097 8865

#List of body polygons
f 738 739 740
f 794 738 793
f 799 738 740
f 799 793 738
f 799 800 793
f 2248 738 2247
f 738 2248 739
f 2249 2251 2250
f 2249 2252 2251
f 2252 738 794
f 2252 2247 738
f 2252 2249 2247
f 3543 3544 3542
f 3543 3545 3544
f 3545 2250 2251
f 3545 3543 2250
f 3671 3672 3670
f 3671 3673 3672
f 3708 3709 3707
f 3708 3710 3709
f 3673 3707 3709
f 3673 3671 3707
f 3778 3779 3777
f 3778 3780 3779
f 3710 3777 3779
f 3710 3708 3777
f 4462 4463 4461
f 4462 4464 4463
f 4464 3542 3544
f 4464 4462 3542
f 4488 4489 4487
f 4488 4490 4489
f 4487 4461 4463
f 4487 4489 4461
f 3670 4490 4488
f 3670 3672 4490
f 5457 5458 5459
f 5457 5466 5467
f 5466 5457 5459
f 6115 5457 6114
f 6115 6116 5457
f 6115 6117 6116
f 5458 5457 6116
f 6132 6133 6131
f 6132 6134 6133
f 6134 5457 5467
f 6134 6114 5457
f 6134 6132 6114
f 6168 6169 6167
f 6168 6170 6169
f 6170 6131 6133
f 6170 6168 6131
f 6987 6988 6986
f 6987 6989 6988
f 6117 6986 6988
f 6117 6115 6986
f 7075 7076 7074
f 7075 7077 7076
f 7074 6167 6169
f 7074 7076 6167
f 7202 7203 7201
f 7202 7204 7203
f 7201 7077 7075
f 7201 7203 7077
f 8125 8126 8124
f 8125 8127 8126
f 6989 8124 8126
f 6989 6987 8124
f 8903 8904 8902
f 8903 8905 8904
f 8905 8127 8125
f 8905 8903 8127

#List of body polygons
f 739 741 740
f 739 742 741
f 798 740 741
f 798 799 740
f 2245 2246 2244
f 2245 2247 2246
f 2245 2248 2247
f 2248 742 739
f 2248 2245 742
f 2246 2249 2250
f 2249 2246 2247
f 3529 2246 3528
f 2246 3529 2244
f 3541 3542 3540
f 3541 3543 3542
f 3543 2246 2250
f 3543 3528 2246
f 3543 3541 3528
f 3673 3674 3672
f 3673 3675 3674
f 3710 3711 3709
f 3710 3712 3711
f 3675 3709 3711
f 3675 3673 3709
f 3780 3781 3779
f 3780 3782 3781
f 3712 3779 3781
f 3712 3710 3779
f 4459 4460 4458
f 4459 4461 4460
f 4459 4462 4461
f 4462 3540 3542
f 4462 4459 3540
f 4490 4460 4489
f 4490 4491 4460
f 4489 4460 4461
f 4528 4491 4527
f 3672 4491 4490
f 3672 4527 4491
f 3672 3674 4527
f 5024 4460 5023
f 4460 5024 4458
f 4491 5025 5026
f 5023 4491 5026
f 5023 4460 4491
f 4491 4528 5025
f 5458 5460 5459
f 5458 5461 5460
f 5466 5468 5467
f 5466 5469 5468
f 5469 5459 5460
f 5469 5466 5459
f 6117 6118 6116
f 6117 6119 6118
f 5461 6116 6118
f 5461 5458 6116
f 6134 6135 6133
f 6134 6136 6135
f 6136 5467 5468
f 6136 6134 5467
f 6170 6171 6169
f 6170 6172 6171
f 6172 6133 6135
f 6172 6170 6133
f 6989 6990 6988
f 6989 6991 6990
f 6119 6988 6990
f 6119 6117 6988
f 7073 7074 7072
f 7073 7075 7074
f 7072 6169 6171
f 7072 7074 6169
f 7200 7201 7199
f 7200 7202 7201
f 7199 7075 7073
f 7199 7201 7075
f 8127 8128 8126
f 8127 8129 8128
f 6991 8126 8128
f 6991 6989 8126
f 8901 8902 8900
f 8901 8903 8902
f 8903 8129 8127
f 8903 8901 8129

#List of body polygons
f 742 743 741
f 742 744 743
f 797 741 743
f 797 798 741
f 2243 2244 2242
f 2243 2245 2244
f 2245 744 742
f 2245 2243 744
f 3527 3528 3526
f 3527 3529 3528
f 3529 2242 2244
f 3529 3527 2242
f 3539 3540 3538
f 3539 3541 3540
f 3541 3526 3528
f 3541 3539 3526
f 3675 3676 3674
f 3675 3677 3676
f 3712 3713 3711
f 3712 3714 3713
f 3677 3711 3713
f 3677 3675 3711
f 3782 3783 3781
f 3782 3784 3783
f 3714 3781 3783
f 3714 3712 3781
f 4457 4458 4456
f 4457 4459 4458
f 4459 3538 3540
f 4459 4457 3538
f 4526 4527 4525
f 4526 4528 4527
f 3674 4525 4527
f 3674 3676 4525
f 5022 5023 5021
f 5022 5024 5023
f 5024 4456 4458
f 5024 5022 4456
f 5025 5027 5026
f 5025 5028 5027
f 5021 5026 5027
f 5021 5023 5026
f 4528 5028 5025
f 4528 4526 5028
f 5461 5462 5460
f 5461 5463 5462
f 5469 5470 5468
f 5469 5471 5470
f 5471 5460 5462
f 5471 5469 5460
f 6119 6120 6118
f 6119 6121 6120
f 5463 6118 6120
f 5463 5461 6118
f 6136 6137 6135
f 6136 6138 6137
f 6138 5468 5470
f 6138 6136 5468
f 6172 6173 6171
f 6172 6174 6173
f 6174 6135 6137
f 6174 6172 6135
f 6991 6992 6990
f 6991 6993 6992
f 6121 6990 6992
f 6121 6119 6990
f 7071 7072 7070
f 7071 7073 7072
f 7070 6171 6173
f 7070 7072 6171
f 7198 7199 7197
f 7198 7200 7199
f 7197 7073 7071
f 7197 7199 7073
f 8129 8130 8128
f 8129 8131 8130
f 6993 8128 8130
f 6993 6991 8128
f 8899 8900 8898
f 8899 8901 8900
f 8901 8131 8129
f 8901 8899 8131

#List of body polygons
f 744 745 743
f 744 746 745
f 796 743 745
f 796 797 743
f 2241 2242 2240
f 2241 2243 2242
f 2243 746 744
f 2243 2241 746
f 3525 3526 3524
f 3525 3527 3526
f 3527 2240 2242
f 3527 3525 2240
f 3537 3538 3536
f 3537 3539 3538
f 3539 3524 3526
f 3539 3537 3524
f 3677 3678 3676
f 3677 3679 3678
f 3714 3715 3713
f 3714 3716 3715
f 3679 3713 3715
f 3679 3677 3713
f 3784 3785 3783
f 3784 3786 3785
f 3716 3783 3785
f 3716 3714 3783
f 4455 4456 4454
f 4455 4457 4456
f 4457 3536 3538
f 4457 4455 3536
f 4524 4525 4523
f 4524 4526 4525
f 3676 4523 4525
f 3676 3678 4523
f 5020 5021 5019
f 5020 5022 5021
f 5022 4454 4456
f 5022 5020 4454
f 5028 5029 5027
f 5028 5030 5029
f 5019 5027 5029
f 5019 5021 5027
f 4526 5030 5028
f 4526 4524 5030
f 5463 5464 5462
f 5463 5465 5464
f 5471 5472 5470
f 5471 5473 5472
f 5473 5462 5464
f 5473 5471 5462
f 6088 6089 6090
f 6121 6088 6120
f 5465 6088 6090
f 5465 6120 6088
f 5465 5463 6120
f 6138 6139 6137
f 6138 6140 6139
f 6140 5470 5472
f 6140 6138 5470
f 6174 6175 6173
f 6174 6176 6175
f 6176 6137 6139
f 6176 6174 6137
f 6993 6088 6992
f 6993 6994 6088
f 6993 6995 6994
f 6089 6088 6994
f 6088 6121 6992
f 7069 7070 7068
f 7069 7071 7070
f 7068 6173 6175
f 7068 7070 6173
f 7196 7197 7195
f 7196 7198 7197
f 7195 7071 7069
f 7195 7197 7071
f 8131 8132 8130
f 8131 8133 8132
f 6995 8130 8132
f 6995 6993 8130
f 8897 8898 8896
f 8897 8899 8898
f 8899 8133 8131
f 8899 8897 8133

#List of body polygons
f 746 747 745
f 746 748 747
f 795 745 747
f 795 796 745
f 2239 2240 2238
f 2239 2241 2240
f 2241 748 746
f 2241 2239 748
f 3523 3524 3522
f 3523 3525 3524
f 3525 2238 2240
f 3525 3523 2238
f 3535 3536 3534
f 3535 3537 3536
f 3537 3522 3524
f 3537 3535 3522
f 3679 3680 3678
f 3679 3681 3680
f 3716 3717 3715
f 3716 3718 3717
f 3681 3715 3717
f 3681 3679 3715
f 3786 3787 3785
f 3786 3788 3787
f 3718 3785 3787
f 3718 3716 3785
f 4453 4454 4452
f 4453 4455 4454
f 4455 3534 3536
f 4455 4453 3534
f 4522 4523 4521
f 4522 4524 4523
f 3678 4521 4523
f 3678 3680 4521
f 5017 5018 5016
f 5017 5019 5018
f 5017 5020 5019
f 5020 4452 4454
f 5020 5017 4452
f 5030 5018 5029
f 5030 5031 5018
f 5018 5019 5029
f 5066 5031 5065
f 4524 5031 5030
f 4524 5065 5031
f 4524 4522 5065
f 5455 5456 5454
f 5455 5018 5456
f 5018 5455 5016
f 5465 5031 5464
f 5465 5456 5031
f 5031 5456 5018
f 5473 5474 5472
f 5473 5475 5474
f 5475 5031 5066
f 5475 5464 5031
f 5475 5473 5464
f 6089 5456 6090
f 6089 6091 5456
f 6089 6092 6091
f 5454 5456 6091
f 5456 5465 6090
f 6140 6141 6139
f 6140 6142 6141
f 6142 5472 5474
f 6142 6140 5472
f 6176 6177 6175
f 6176 6178 6177
f 6178 6139 6141
f 6178 6176 6139
f 6995 6996 6994
f 6995 6997 6996
f 6092 6994 6996
f 6092 6089 6994
f 7067 7068 7066
f 7067 7069 7068
f 7066 6175 6177
f 7066 7068 6175
f 7194 7195 7193
f 7194 7196 7195
f 7193 7069 7067
f 7193 7195 7069
f 8133 8134 8132
f 8133 8135 8134
f 6997 8132 8134
f 6997 6995 8132
f 8895 8896 8894
f 8895 8897 8896
f 8897 8135 8133
f 8897 8895 8135

#List of body polygons
f 748 749 747
f 748 750 749
f 748 751 750
f 768 749 750
f 749 795 747
f 2237 2238 2236
f 2237 2239 2238
f 2239 751 748
f 2239 2237 751
f 3521 3522 3520
f 3521 3523 3522
f 3523 2236 2238
f 3523 3521 2236
f 3533 3534 3532
f 3533 3535 3534
f 3535 3520 3522
f 3535 3533 3520
f 3681 3682 3680
f 3718 3682 3717
f 3718 3719 3682
f 3718 3720 3719
f 3682 3681 3717
f 3788 3789 3787
f 3788 3790 3789
f 3720 3787 3789
f 3720 3718 3787
f 4451 4452 4450
f 4451 4453 4452
f 4453 3532 3534
f 4453 4451 3532
f 4520 3682 4519
f 4520 4521 3682
f 4520 4522 4521
f 3680 3682 4521
f 3682 3719 4519
f 5015 5016 5014
f 5015 5017 5016
f 5017 4450 4452
f 5017 5015 4450
f 5064 5065 5063
f 5064 5066 5065
f 4522 5063 5065
f 4522 4520 5063
f 5453 5454 5452
f 5453 5455 5454
f 5455 5014 5016
f 5455 5453 5014
f 5475 5476 5474
f 5475 5477 5476
f 5477 5066 5064
f 5477 5475 5066
f 6092 6093 6091
f 6092 6094 6093
f 5452 6091 6093
f 5452 5454 6091
f 6142 6143 6141
f 6142 6144 6143
f 6144 5474 5476
f 6144 6142 5474
f 6178 6179 6177
f 6178 6180 6179
f 6180 6141 6143
f 6180 6178 6141
f 6997 6998 6996
f 6997 6999 6998
f 6094 6996 6998
f 6094 6092 6996
f 7065 7066 7064
f 7065 7067 7066
f 7064 6177 6179
f 7064 7066 6177
f 7192 7193 7191
f 7192 7194 7193
f 7191 7067 7065
f 7191 7193 7067
f 8102 8103 8104
f 8135 8102 8134
f 6999 8102 8104
f 6999 8134 8102
f 6999 6997 8134
f 8887 8102 8886
f 8102 8887 8103
f 8893 8894 8892
f 8893 8895 8894
f 8895 8102 8135
f 8895 8886 8102
f 8895 8893 8886

#List of body polygons
f 751 752 750
f 751 753 752
f 767 750 752
f 767 768 750
f 2235 2236 2234
f 2235 2237 2236
f 2237 753 751
f 2237 2235 753
f 3519 3520 3518
f 3519 3521 3520
f 3521 2234 2236
f 3521 3519 2234
f 3530 3532 3531
f 3530 3533 3532
f 3533 3518 3520
f 3533 3530 3518
f 3720 3721 3719
f 3720 3722 3721
f 3790 3791 3789
f 3790 3792 3791
f 3722 3789 3791
f 3722 3720 3789
f 4449 4450 4448
f 4449 4451 4450
f 4451 3531 3532
f 4451 4449 3531
f 4518 4519 4517
f 4518 4520 4519
f 3719 4517 4519
f 3719 3721 4517
f 5013 5014 5012
f 5013 5015 5014
f 5015 4448 4450
f 5015 5013 4448
f 5062 5063 5061
f 5062 5064 5063
f 4520 5061 5063
f 4520 4518 5061
f 5451 5452 5450
f 5451 5453 5452
f 5453 5012 5014
f 5453 5451 5012
f 5477 5478 5476
f 5477 5479 5478
f 5479 5064 5062
f 5479 5477 5064
f 6094 6095 6093
f 6094 6096 6095
f 5450 6093 6095
f 5450 5452 6093
f 6144 6145 6143
f 6144 6146 6145
f 6146 5476 5478
f 6146 6144 5476
f 6180 6181 6179
f 6180 6182 6181
f 6182 6143 6145
f 6182 6180 6143
f 6966 6967 6968
f 6999 6966 6998
f 6096 6966 6968
f 6096 6998 6966
f 6096 6094 6998
f 7063 7064 7062
f 7063 7065 7064
f 7062 6179 6181
f 7062 7064 6179
f 7190 7191 7189
f 7190 7192 7191
f 7189 7065 7063
f 7189 7191 7065
f 8103 6966 8104
f 8103 8105 6966
f 8103 8106 8105
f 6967 6966 8105
f 6966 6999 8104
f 8885 8886 8884
f 8885 8887 8886
f 8887 8106 8103
f 8887 8885 8106
f 8891 8892 8890
f 8891 8893 8892
f 8893 8884 8886
f 8893 8891 8884

#List of body polygons
f 753 754 752
f 753 755 754
f 766 752 754
f 766 767 752
f 2233 2234 2232
f 2233 2235 2234
f 2235 755 753
f 2235 2233 755
f 3516 3517 3515
f 3516 3518 3517
f 3516 3519 3518
f 3519 2232 2234
f 3519 3516 2232
f 3517 3530 3531
f 3530 3517 3518
f 3722 3723 3721
f 3722 3724 3723
f 3792 3793 3791
f 3792 3794 3793
f 3724 3791 3793
f 3724 3722 3791
f 4441 3517 4440
f 3517 4441 3515
f 4447 4448 4446
f 4447 4449 4448
f 4449 3517 3531
f 4449 4440 3517
f 4449 4447 4440
f 4516 4517 4515
f 4516 4518 4517
f 3721 4515 4517
f 3721 3723 4515
f 5011 5012 5010
f 5011 5013 5012
f 5013 4446 4448
f 5013 5011 4446
f 5060 5061 5059
f 5060 5062 5061
f 4518 5059 5061
f 4518 4516 5059
f 5449 5450 5448
f 5449 5451 5450
f 5451 5010 5012
f 5451 5449 5010
f 5479 5480 5478
f 5479 5481 5480
f 5481 5062 5060
f 5481 5479 5062
f 6096 6097 6095
f 6096 6098 6097
f 5448 6095 6097
f 5448 5450 6095
f 6146 6147 6145
f 6146 6148 6147
f 6148 5478 5480
f 6148 6146 5478
f 6182 6183 6181
f 6182 6184 6183
f 6184 6145 6246
f 6184 6182 6145
f 6967 6969 6968
f 6967 6970 6969
f 6098 6968 6969
f 6098 6096 6968
f 7061 7062 7060
f 7061 7063 7062
f 7060 6181 6183
f 7060 7062 6181
f 7188 7189 7187
f 7188 7190 7189
f 7187 7063 7061
f 7187 7189 7063
f 8106 8107 8105
f 8106 8108 8107
f 6970 8105 8107
f 6970 6967 8105
f 8883 8884 8882
f 8883 8885 8884
f 8885 8108 8106
f 8885 8883 8108
f 8888 8890 8889
f 8888 8891 8890
f 8891 8882 8884
f 8891 8888 8882

#List of body polygons
f 755 756 754
f 755 757 756
f 765 754 756
f 765 766 754
f 2231 2232 2230
f 2231 2233 2232
f 2233 757 755
f 2233 2231 757
f 3514 3515 3513
f 3514 3516 3515
f 3516 2230 2232
f 3516 3514 2230
f 3724 3725 3723
f 3724 3726 3725
f 3794 3795 3793
f 3794 3796 3795
f 3726 3793 3795
f 3726 3724 3793
f 4439 4440 4438
f 4439 4441 4440
f 4441 3513 3515
f 4441 4439 3513
f 4445 4446 4444
f 4445 4447 4446
f 4447 4438 4440
f 4447 4445 4438
f 4514 4515 4513
f 4514 4516 4515
f 3723 4513 4515
f 3723 3725 4513
f 5009 5010 5008
f 5009 5011 5010
f 5011 4444 4446
f 5011 5009 4444
f 5058 5059 5057
f 5058 5060 5059
f 4516 5057 5059
f 4516 4514 5057
f 5447 5448 5446
f 5447 5449 5448
f 5449 5008 5010
f 5449 5447 5008
f 5481 5482 5480
f 5481 5483 5482
f 5483 5060 5058
f 5483 5481 5060
f 6098 6099 6097
f 6098 6100 6099
f 5446 6097 6099
f 5446 5448 6097
f 6148 6149 6147
f 6148 6150 6149
f 6150 5480 5482
f 6150 6148 5480
f 6184 6185 6183
f 6184 6186 6185
f 6186 6246 6149
f 6186 6184 6246
f 6970 6971 6969
f 6970 6972 6971
f 6100 6969 6971
f 6100 6098 6969
f 7059 7060 7058
f 7059 7061 7060
f 7058 6183 6185
f 7058 7060 6183
f 7186 7187 7185
f 7186 7188 7187
f 7185 7061 7059
f 7185 7187 7061
f 8108 8109 8107
f 8108 8110 8109
f 6972 8107 8109
f 6972 6970 8107
f 8880 8881 8879
f 8880 8882 8881
f 8880 8883 8882
f 8883 8110 8108
f 8883 8880 8110
f 8881 8888 8889
f 8888 8881 8882

#List of body polygons
f 757 758 756
f 757 759 758
f 764 756 758
f 764 765 756
f 2229 2230 2228
f 2229 2231 2230
f 2231 759 757
f 2231 2229 759
f 3512 3513 3511
f 3512 3514 3513
f 3514 2228 2230
f 3514 3512 2228
f 3726 3727 3725
f 3726 3728 3727
f 3796 3797 3795
f 3796 3798 3797
f 3728 3795 3797
f 3728 3726 3795
f 4437 4438 4436
f 4437 4439 4438
f 4439 3511 3513
f 4439 4437 3511
f 4442 4444 4443
f 4442 4445 4444
f 4445 4436 4438
f 4445 4442 4436
f 4512 4513 4511
f 4512 4514 4513
f 3725 4511 4513
f 3725 3727 4511
f 5007 5008 5006
f 5007 5009 5008
f 5009 4443 4444
f 5009 5007 4443
f 5056 5057 5055
f 5056 5058 5057
f 4514 5055 5057
f 4514 4512 5055
f 5445 5446 5444
f 5445 5447 5446
f 5447 5006 5008
f 5447 5445 5006
f 5483 5484 5482
f 5483 5485 5484
f 5485 5058 5056
f 5485 5483 5058
f 6100 6101 6099
f 6100 6102 6101
f 5444 6099 6101
f 5444 5446 6099
f 6150 6151 6149
f 6150 6152 6151
f 6152 5482 5484
f 6152 6150 5482
f 6186 6187 6185
f 6186 6188 6187
f 6188 6149 6151
f 6188 6186 6149
f 6972 6973 6971
f 6972 6974 6973
f 6102 6971 6973
f 6102 6100 6971
f 7057 7058 7056
f 7057 7059 7058
f 7056 6185 6187
f 7056 7058 6185
f 7184 7185 7183
f 7184 7186 7185
f 7183 7059 7057
f 7183 7185 7059
f 8110 8111 8109
f 8110 8112 8111
f 6974 8109 8111
f 6974 6972 8109
f 8878 8879 8877
f 8878 8880 8879
f 8880 8112 8110
f 8880 8878 8112

#List of body polygons
f 759 760 758
f 759 761 760
f 763 758 760
f 763 764 758
f 2227 2228 2226
f 2227 2229 2228
f 2229 761 759
f 2229 2227 761
f 3510 3511 3509
f 3510 3512 3511
f 3512 2226 2228
f 3512 3510 2226
f 3728 3729 3727
f 3728 3730 3729
f 3798 3799 3797
f 3798 3800 3799
f 3730 3797 3799
f 3730 3728 3797
f 4434 4435 4433
f 4434 4436 4435
f 4434 4437 4436
f 4437 3509 3511
f 4437 4434 3509
f 4435 4442 4443
f 4442 4435 4436
f 4510 4511 4509
f 4510 4512 4511
f 3727 4509 4511
f 3727 3729 4509
f 5001 4435 5000
f 4435 5001 4433
f 5005 5006 5004
f 5005 5007 5006
f 5007 4435 4443
f 5007 5000 4435
f 5007 5005 5000
f 5054 5055 5053
f 5054 5056 5055
f 4512 5053 5055
f 4512 4510 5053
f 5443 5444 5442
f 5443 5445 5444
f 5445 5004 5006
f 5445 5443 5004
f 5485 5486 5484
f 5485 5487 5486
f 5487 5056 5054
f 5487 5485 5056
f 6102 6103 6101
f 6102 6104 6103
f 5442 6101 6103
f 5442 5444 6101
f 6152 6153 6151
f 6152 6154 6153
f 6154 5484 5486
f 6154 6152 5484
f 6188 6189 6187
f 6188 6190 6189
f 6190 6151 6153
f 6190 6188 6151
f 6974 6975 6973
f 6974 6976 6975
f 6104 6973 6975
f 6104 6102 6973
f 7055 7056 7054
f 7055 7057 7056
f 7054 6187 6189
f 7054 7056 6187
f 7182 7183 7181
f 7182 7184 7183
f 7181 7057 7055
f 7181 7183 7057
f 8112 8113 8111
f 8112 8114 8113
f 6976 8111 8113
f 6976 6974 8111
f 8876 8877 8875
f 8876 8878 8877
f 8878 8114 8112
f 8878 8876 8114

#List of body polygons
f 769 770 771
f 844 769 843
f 849 769 771
f 849 843 769
f 849 850 843
f 2275 769 2274
f 769 2275 770
f 2276 2278 2277
f 2276 2279 2278
f 2279 769 844
f 2279 2274 769
f 2279 2276 2274
f 2703 2704 2702
f 2703 2705 2704
f 3583 3584 3582
f 3583 3585 3584
f 3585 2277 2278
f 3585 3583 2277
f 3647 3648 3646
f 3647 3649 3648
f 3646 3582 3584
f 3646 3648 3582
f 3683 3685 3684
f 3683 3686 3685
f 3649 3684 3685
f 3649 3647 3684
f 3686 2702 2704
f 3686 3683 2702
f 7036 7037 7035
f 7036 7038 7037
f 7099 7100 7098
f 7099 7101 7100
f 7098 7038 7036
f 7098 7100 7038
f 7226 7227 7225
f 7226 7228 7227
f 7225 7101 7099
f 7225 7227 7101
f 8142 8143 8141
f 8142 8144 8143
f 7035 8141 8143
f 7035 7037 8141
f 8934 8935 8933
f 8934 8936 8935
f 8936 8144 8142
f 8936 8934 8144

#List of body polygons
f 770 772 771
f 770 773 772
f 848 771 772
f 848 849 771
f 2272 2273 2271
f 2272 2274 2273
f 2272 2275 2274
f 2275 773 770
f 2275 2272 773
f 2273 2276 2277
f 2276 2273 2274
f 2705 2706 2704
f 2705 2707 2706
f 3566 2273 3565
f 2273 3566 2271
f 3581 3582 3580
f 3581 3583 3582
f 3583 2273 2277
f 3583 3565 2273
f 3583 3581 3565
f 3649 3650 3648
f 3649 3651 3650
f 3648 3580 3582
f 3648 3650 3580
f 3686 3687 3685
f 3686 3688 3687
f 3651 3685 3687
f 3651 3649 3685
f 3688 2704 2706
f 3688 3686 2704
f 7000 7001 7002
f 7034 7000 7033
f 7034 7035 7000
f 7034 7036 7035
f 7033 7000 7002
f 7097 7098 7096
f 7097 7099 7098
f 7096 7036 7034
f 7096 7098 7036
f 7224 7225 7223
f 7224 7226 7225
f 7223 7099 7097
f 7223 7225 7099
f 8144 7000 8143
f 8144 8145 7000
f 8144 8146 8145
f 7001 7000 8145
f 7000 7035 8143
f 8932 8933 8931
f 8932 8934 8933
f 8934 8146 8144
f 8934 8932 8146

#List of body polygons
f 773 774 772
f 773 775 774
f 847 772 774
f 847 848 772
f 2270 2271 2269
f 2270 2272 2271
f 2272 775 773
f 2272 2270 775
f 2707 2708 2706
f 2707 2709 2708
f 3564 3565 3563
f 3564 3566 3565
f 3566 2269 2271
f 3566 3564 2269
f 3579 3580 3578
f 3579 3581 3580
f 3581 3563 3565
f 3581 3579 3563
f 3651 3652 3650
f 3651 3653 3652
f 3650 3578 3580
f 3650 3652 3578
f 3688 3689 3687
f 3688 3690 3689
f 3653 3687 3689
f 3653 3651 3687
f 3690 2706 2708
f 3690 3688 2706
f 7001 7003 7002
f 7001 7004 7003
f 7032 7033 7031
f 7032 7034 7033
f 7031 7002 7003
f 7031 7033 7002
f 7095 7096 7094
f 7095 7097 7096
f 7094 7034 7032
f 7094 7096 7034
f 7222 7223 7221
f 7222 7224 7223
f 7221 7097 7095
f 7221 7223 7097
f 8146 8147 8145
f 8146 8148 8147
f 7004 8145 8147
f 7004 7001 8145
f 8930 8931 8929
f 8930 8932 8931
f 8932 8148 8146
f 8932 8930 8148

#List of body polygons
f 775 776 774
f 775 777 776
f 846 774 776
f 846 847 774
f 2268 2269 2267
f 2268 2270 2269
f 2270 777 775
f 2270 2268 777
f 2709 2710 2708
f 2709 2711 2710
f 3562 3563 3561
f 3562 3564 3563
f 3564 2267 2269
f 3564 3562 2267
f 3576 3577 3575
f 3576 3578 3577
f 3576 3579 3578
f 3579 3561 3563
f 3579 3576 3561
f 3653 3577 3652
f 3653 3654 3577
f 3653 3655 3654
f 3652 3577 3578
f 3690 3691 3689
f 3690 3692 3691
f 3655 3689 3691
f 3655 3653 3689
f 3692 2708 2710
f 3692 3690 2708
f 3577 4471 4472
f 3577 4472 3575
f 3577 3654 4471
f 7004 7005 7003
f 7004 7006 7005
f 7030 7031 7029
f 7030 7032 7031
f 7029 7003 7005
f 7029 7031 7003
f 7093 7094 7092
f 7093 7095 7094
f 7092 7032 7030
f 7092 7094 7032
f 7220 7221 7219
f 7220 7222 7221
f 7219 7095 7093
f 7219 7221 7095
f 8148 8149 8147
f 8148 8150 8149
f 7006 8147 8149
f 7006 7004 8147
f 8928 8929 8927
f 8928 8930 8929
f 8930 8150 8148
f 8930 8928 8150

#List of body polygons
f 777 778 776
f 777 779 778
f 845 776 778
f 845 846 776
f 2266 2267 2265
f 2266 2268 2267
f 2268 779 777
f 2268 2266 779
f 2711 2712 2710
f 2711 2713 2712
f 3560 3561 3559
f 3560 3562 3561
f 3562 2265 2267
f 3562 3560 2265
f 3574 3575 3573
f 3574 3576 3575
f 3576 3559 3561
f 3576 3574 3559
f 3655 3656 3654
f 3655 3657 3656
f 3692 3693 3691
f 3692 3694 3693
f 3657 3691 3693
f 3657 3655 3691
f 3694 2710 2712
f 3694 3692 2710
f 4471 4473 4472
f 4471 4474 4473
f 4472 3573 3575
f 4472 4473 3573
f 3654 4474 4471
f 3654 3656 4474
f 7006 7007 7005
f 7006 7008 7007
f 7028 7029 7027
f 7028 7030 7029
f 7027 7005 7007
f 7027 7029 7005
f 7091 7092 7090
f 7091 7093 7092
f 7090 7030 7028
f 7090 7092 7030
f 7218 7219 7217
f 7218 7220 7219
f 7217 7093 7091
f 7217 7219 7093
f 8150 8151 8149
f 8150 8152 8151
f 7008 8149 8151
f 7008 7006 8149
f 8926 8927 8925
f 8926 8928 8927
f 8928 8152 8150
f 8928 8926 8152

#List of body polygons
f 779 780 778
f 779 781 780
f 779 782 781
f 806 780 781
f 780 845 778
f 2264 2265 2263
f 2264 2266 2265
f 2266 782 779
f 2266 2264 782
f 2713 2714 2712
f 2713 2715 2714
f 3558 3559 3557
f 3558 3560 3559
f 3560 2263 2265
f 3560 3558 2263
f 3572 3573 3571
f 3572 3574 3573
f 3574 3557 3559
f 3574 3572 3557
f 3657 3658 3656
f 3657 3659 3658
f 3694 3695 3693
f 3694 3696 3695
f 3659 3693 3695
f 3659 3657 3693
f 3696 2712 2714
f 3696 3694 2712
f 4474 4475 4473
f 4474 4476 4475
f 4473 3571 3573
f 4473 4475 3571
f 3656 4476 4474
f 3656 3658 4476
f 7008 7009 7007
f 7008 7010 7009
f 7026 7027 7025
f 7026 7028 7027
f 7025 7007 7009
f 7025 7027 7007
f 7089 7090 7088
f 7089 7091 7090
f 7088 7028 7026
f 7088 7090 7028
f 7216 7217 7215
f 7216 7218 7217
f 7215 7091 7328
f 7215 7217 7091
f 8152 8153 8151
f 8152 8154 8153
f 7010 8151 8153
f 7010 7008 8151
f 8924 8925 8923
f 8924 8926 8925
f 8926 8154 8152
f 8926 8924 8154

#List of body polygons
f 782 783 781
f 782 784 783
f 805 781 783
f 805 806 781
f 2262 2263 2261
f 2262 2264 2263
f 2264 784 782
f 2264 2262 784
f 2715 2716 2714
f 2715 2717 2716
f 3556 3557 3555
f 3556 3558 3557
f 3558 2261 2263
f 3558 3556 2261
f 3570 3571 3569
f 3570 3572 3571
f 3572 3555 3557
f 3572 3570 3555
f 3659 3660 3658
f 3659 3661 3660
f 3696 3697 3695
f 3696 3698 3697
f 3661 3695 3697
f 3661 3659 3695
f 3698 2714 2716
f 3698 3696 2714
f 4476 4477 4475
f 4476 4478 4477
f 4475 3569 3571
f 4475 4477 3569
f 3658 4478 4476
f 3658 3660 4478
f 7010 7011 7009
f 7010 7012 7011
f 7024 7025 7023
f 7024 7026 7025
f 7023 7009 7011
f 7023 7025 7009
f 7087 7088 7086
f 7087 7089 7088
f 7086 7026 7024
f 7086 7088 7026
f 7214 7215 7213
f 7214 7216 7215
f 7213 7328 7087
f 7213 7215 7328
f 8154 8155 8153
f 8154 8156 8155
f 7012 8153 8155
f 7012 7010 8153
f 8922 8923 8921
f 8922 8924 8923
f 8924 8156 8154
f 8924 8922 8156

#List of body polygons
f 784 785 783
f 784 786 785
f 804 783 785
f 804 805 783
f 2260 2261 2259
f 2260 2262 2261
f 2262 786 784
f 2262 2260 786
f 2717 2718 2716
f 2717 2719 2718
f 3554 3555 3553
f 3554 3556 3555
f 3556 2259 2261
f 3556 3554 2259
f 3567 3569 3568
f 3567 3570 3569
f 3570 3553 3555
f 3570 3567 3553
f 3661 3662 3660
f 3661 3663 3662
f 3698 3699 3697
f 3698 3700 3699
f 3663 3697 3699
f 3663 3661 3697
f 3700 2716 2718
f 3700 3698 2716
f 4478 4479 4477
f 4478 4480 4479
f 4477 3568 3569
f 4477 4479 3568
f 3660 4480 4478
f 3660 3662 4480
f 6105 6106 6107
f 6105 6122 6123
f 6122 6105 6107
f 7012 6105 7011
f 7012 7013 6105
f 7012 7014 7013
f 6106 6105 7013
f 7022 7023 7021
f 7022 7024 7023
f 7021 6105 6123
f 7021 7011 6105
f 7021 7023 7011
f 7085 7086 7084
f 7085 7087 7086
f 7084 7024 7022
f 7084 7086 7024
f 7212 7213 7211
f 7212 7214 7213
f 7211 7087 7085
f 7211 7213 7087
f 8156 8157 8155
f 8156 8158 8157
f 7014 8155 8157
f 7014 7012 8155
f 8920 8921 8919
f 8920 8922 8921
f 8922 8158 8156
f 8922 8920 8158

#List of body polygons
f 786 787 785
f 786 788 787
f 803 785 787
f 803 804 785
f 2258 2259 2257
f 2258 2260 2259
f 2260 788 786
f 2260 2258 788
f 2719 2720 2718
f 2719 2721 2720
f 3551 3552 3550
f 3551 3553 3552
f 3551 3554 3553
f 3554 2257 2259
f 3554 3551 2257
f 3552 3567 3568
f 3567 3552 3553
f 3663 3664 3662
f 3663 3665 3664
f 3700 3701 3699
f 3700 3702 3701
f 3665 3699 3701
f 3665 3663 3699
f 3702 2718 2720
f 3702 3700 2718
f 4470 3552 4469
f 3552 4470 3550
f 4480 4481 4479
f 4480 4482 4481
f 4479 3552 3568
f 4479 4469 3552
f 4479 4481 4469
f 3662 4482 4480
f 3662 3664 4482
f 6106 6108 6107
f 6106 6109 6108
f 6122 6124 6123
f 6122 6125 6124
f 6125 6107 6108
f 6125 6122 6107
f 7014 7015 7013
f 7014 7016 7015
f 6109 7013 7015
f 6109 6106 7013
f 7019 7021 7020
f 7019 7022 7021
f 7020 6123 6124
f 7020 7021 6123
f 7083 7084 7082
f 7083 7085 7084
f 7082 7022 7019
f 7082 7084 7022
f 7210 7211 7209
f 7210 7212 7211
f 7209 7085 7083
f 7209 7211 7085
f 8117 8118 8119
f 8158 8117 8157
f 7016 8117 8119
f 7016 8157 8117
f 7016 7014 8157
f 8912 8117 8911
f 8117 8912 8118
f 8918 8919 8917
f 8918 8920 8919
f 8920 8117 8158
f 8920 8911 8117
f 8920 8918 8911

#List of body polygons
f 788 789 787
f 788 790 789
f 802 787 789
f 802 803 787
f 2256 2257 2255
f 2256 2258 2257
f 2258 790 788
f 2258 2256 790
f 2721 2722 2720
f 2721 2723 2722
f 3549 3550 3548
f 3549 3551 3550
f 3551 2255 2257
f 3551 3549 2255
f 3665 3666 3664
f 3665 3667 3666
f 3702 3703 3701
f 3702 3704 3703
f 3667 3701 3703
f 3667 3665 3701
f 3869 2720 2722
f 3869 3702 2720
f 4468 4469 4467
f 4468 4470 4469
f 4470 3548 3550
f 4470 4468 3548
f 4482 4483 4481
f 4482 4484 4483
f 4481 4467 4469
f 4481 4483 4467
f 3664 4484 4482
f 3664 3666 4484
f 6109 6110 6108
f 6109 6111 6110
f 6125 6126 6124
f 6125 6127 6126
f 6125 6128 6127
f 6128 6108 6110
f 6128 6125 6108
f 6126 6163 6164
f 6163 6126 6127
f 7016 7017 7015
f 7016 7018 7017
f 6111 7015 7017
f 6111 6109 7015
f 6126 7019 7020
f 6126 7020 6124
f 7081 7082 7080
f 7081 7083 7082
f 7080 6126 6164
f 7080 7019 6126
f 7080 7082 7019
f 7208 7209 7207
f 7208 7210 7209
f 7207 7083 7081
f 7207 7209 7083
f 8118 8120 8119
f 8118 8121 8120
f 7018 8119 8120
f 7018 7016 8119
f 8910 8911 8909
f 8910 8912 8911
f 8912 8121 8118
f 8912 8910 8121
f 8916 8917 8915
f 8916 8918 8917
f 8918 8909 8911
f 8918 8916 8909

#List of body polygons
f 790 791 789
f 790 792 791
f 801 789 791
f 801 802 789
f 2254 2255 2253
f 2254 2256 2255
f 2256 792 790
f 2256 2254 792
f 2723 2724 2722
f 3547 3548 3546
f 3547 3549 3548
f 3549 2253 2255
f 3549 3547 2253
f 3667 3668 3666
f 3667 3669 3668
f 3704 3705 3703
f 3704 3706 3705
f 3669 3703 3705
f 3669 3667 3703
f 2724 3775 3776
f 3706 2724 3776
f 3706 2722 2724
f 3706 3869 2722
f 4466 4467 4465
f 4466 4468 4467
f 4468 3546 3548
f 4468 4466 3546
f 4484 4485 4483
f 4484 4486 4485
f 4483 4465 4467
f 4483 4485 4465
f 3666 4486 4484
f 3666 3668 4486
f 6111 6112 6110
f 6111 6113 6112
f 6128 6129 6127
f 6128 6130 6129
f 6130 6110 6112
f 6130 6128 6110
f 6163 6165 6164
f 6163 6166 6165
f 6166 6127 6129
f 6166 6163 6127
f 6983 6984 6985
f 7018 6983 7017
f 6113 6983 6985
f 6113 7017 6983
f 6113 6111 7017
f 7079 7080 7078
f 7079 7081 7080
f 7078 6164 6165
f 7078 7080 6164
f 7206 7207 7205
f 7206 7208 7207
f 7205 7081 7079
f 7205 7207 7081
f 8121 6983 8120
f 8121 8122 6983
f 8121 8123 8122
f 6984 6983 8122
f 6983 7018 8120
f 8908 8909 8907
f 8908 8910 8909
f 8910 8123 8121
f 8910 8908 8123
f 8913 8915 8914
f 8913 8916 8915
f 8916 8907 8909
f 8916 8913 8907

#List of body polygons
f 792 793 791
f 792 794 793
f 800 791 793
f 800 801 791
f 2252 2253 2251
f 2252 2254 2253
f 2254 794 792
f 2254 2252 794
f 3545 3546 3544
f 3545 3547 3546
f 3547 2251 2253
f 3547 3545 2251
f 3669 3670 3668
f 3669 3671 3670
f 3706 3707 3705
f 3706 3708 3707
f 3671 3705 3707
f 3671 3669 3705
f 3775 3777 3776
f 3775 3778 3777
f 3708 3776 3777
f 3708 3706 3776
f 4464 4465 4463
f 4464 4466 4465
f 4466 3544 3546
f 4466 4464 3544
f 4486 4487 4485
f 4486 4488 4487
f 4485 4463 4465
f 4485 4487 4463
f 3668 4488 4486
f 3668 3670 4488
f 6113 6114 6112
f 6113 6115 6114
f 6130 6131 6129
f 6130 6132 6131
f 6132 6112 6114
f 6132 6130 6112
f 6166 6167 6165
f 6166 6168 6167
f 6168 6129 6131
f 6168 6166 6129
f 6984 6986 6985
f 6984 6987 6986
f 6115 6985 6986
f 6115 6113 6985
f 7077 7078 7076
f 7077 7079 7078
f 7076 6165 6167
f 7076 7078 6165
f 7204 7205 7203
f 7204 7206 7205
f 7203 7079 7077
f 7203 7205 7079
f 8123 8124 8122
f 8123 8125 8124
f 6987 8122 8124
f 6987 6984 8122
f 8905 8906 8904
f 8905 8907 8906
f 8905 8908 8907
f 8908 8125 8123
f 8908 8905 8125
f 8906 8913 8914
f 8913 8906 8907

#List of body polygons
f 807 808 809
f 807 861 862
f 925 807 809
f 925 861 807
f 925 926 861
f 2314 807 2313
f 807 2314 808
f 2322 2323 2321
f 2322 2324 2323
f 2322 2325 2324
f 2325 807 862
f 2325 2313 807
f 2325 2322 2313
f 2487 2323 2486
f 2487 2488 2323
f 2487 2489 2488
f 2486 2323 2324
f 2667 2668 2666
f 2667 2669 2668
f 2666 2489 2487
f 2666 2668 2489
f 2323 3612 3613
f 2323 3613 2321
f 3612 2323 2488
f 7135 7136 7134
f 7135 7137 7136
f 7262 7263 7261
f 7262 7264 7263
f 7261 7137 7135
f 7261 7263 7137
f 8160 8162 8161
f 8160 8163 8162
f 7134 8161 8162
f 7134 7136 8161
f 8966 8967 8965
f 8966 8968 8967
f 8965 8163 8160
f 8965 8967 8163

#List of body polygons
f 808 810 809
f 808 811 810
f 924 809 810
f 924 925 809
f 2312 2313 2311
f 2312 2314 2313
f 2314 811 808
f 2314 2312 811
f 2320 2321 2319
f 2320 2322 2321
f 2322 2311 2313
f 2322 2320 2311
f 2489 2490 2488
f 2489 2491 2490
f 2669 2670 2668
f 2669 2671 2670
f 2668 2491 2489
f 2668 2670 2491
f 3612 3614 3613
f 3612 3615 3614
f 3613 2319 2321
f 3613 3614 2319
f 3615 2488 2490
f 3615 3612 2488
f 7133 7134 7132
f 7133 7135 7134
f 7260 7261 7259
f 7260 7262 7261
f 7259 7135 7133
f 7259 7261 7135
f 8163 8164 8162
f 8163 8165 8164
f 7132 8162 8164
f 7132 7134 8162
f 8968 8969 8967
f 8968 8970 8969
f 8967 8165 8163
f 8967 8969 8165

#List of body polygons
f 811 812 810
f 811 813 812
f 923 810 812
f 923 924 810
f 2310 2311 2309
f 2310 2312 2311
f 2312 813 811
f 2312 2310 813
f 2318 2319 2317
f 2318 2320 2319
f 2320 2309 2311
f 2320 2318 2309
f 2491 2492 2490
f 2491 2493 2492
f 2671 2672 2670
f 2671 2673 2672
f 2670 2493 2491
f 2670 2672 2493
f 3615 3616 3614
f 3615 3617 3616
f 3614 2317 2319
f 3614 3616 2317
f 3617 2490 2492
f 3617 3615 2490
f 7131 7132 7130
f 7131 7133 7132
f 7258 7259 7257
f 7258 7260 7259
f 7257 7133 7131
f 7257 7259 7133
f 8165 8166 8164
f 8165 8167 8166
f 7130 8164 8166
f 7130 7132 8164
f 8970 8971 8969
f 8970 8972 8971
f 8969 8167 8165
f 8969 8971 8167

#List of body polygons
f 813 814 812
f 813 815 814
f 922 812 814
f 922 923 812
f 2308 2309 2307
f 2308 2310 2309
f 2310 815 813
f 2310 2308 815
f 2315 2317 2316
f 2315 2318 2317
f 2318 2307 2309
f 2318 2315 2307
f 2493 2494 2492
f 2493 2495 2494
f 2673 2674 2672
f 2673 2675 2674
f 2672 2495 2493
f 2672 2674 2495
f 3617 3618 3616
f 3617 3619 3618
f 3616 2316 2317
f 3616 3618 2316
f 3774 2492 2494
f 3774 3617 2492
f 7129 7130 7128
f 7129 7131 7130
f 7256 7257 7255
f 7256 7258 7257
f 7255 7131 7129
f 7255 7257 7131
f 8167 8168 8166
f 8167 8169 8168
f 7128 8166 8168
f 7128 7130 8166
f 8972 8973 8971
f 8972 8974 8973
f 8971 8169 8167
f 8971 8973 8169

#List of body polygons
f 815 816 814
f 815 817 816
f 921 814 816
f 921 922 814
f 2305 2306 2304
f 2305 2307 2306
f 2305 2308 2307
f 2308 817 815
f 2308 2305 817
f 2306 2315 2316
f 2315 2306 2307
f 2495 2496 2494
f 2495 2497 2496
f 2675 2676 2674
f 2675 2677 2676
f 2674 2497 2495
f 2674 2676 2497
f 3611 2306 3610
f 2306 3611 2304
f 3619 3620 3618
f 3619 3621 3620
f 3618 2306 2316
f 3618 3610 2306
f 3618 3620 3610
f 3621 2494 2496
f 3621 3774 2494
f 7127 7128 7126
f 7127 7129 7128
f 7254 7255 7253
f 7254 7256 7255
f 7253 7129 7127
f 7253 7255 7129
f 8169 8170 8168
f 8169 8171 8170
f 7126 8168 8170
f 7126 7128 8168
f 8974 8975 8973
f 8974 8976 8975
f 8973 8171 8169
f 8973 8975 8171

#List of body polygons
f 817 818 816
f 817 819 818
f 920 816 818
f 920 921 816
f 2303 2304 2302
f 2303 2305 2304
f 2305 819 817
f 2305 2303 819
f 2497 2498 2496
f 2497 2499 2498
f 2677 2678 2676
f 2677 2679 2678
f 2676 2499 2497
f 2676 2678 2499
f 3609 3610 3608
f 3609 3611 3610
f 3611 2302 2304
f 3611 3609 2302
f 3621 3622 3620
f 3621 3623 3622
f 3620 3608 3610
f 3620 3622 3608
f 3623 2496 2498
f 3623 3621 2496
f 7125 7126 7124
f 7125 7127 7126
f 7252 7253 7251
f 7252 7254 7253
f 7251 7127 7125
f 7251 7253 7127
f 8171 8172 8170
f 8171 8173 8172
f 7124 8170 8172
f 7124 7126 8170
f 8976 8977 8975
f 8976 8978 8977
f 8975 8173 8171
f 8975 8977 8173

#List of body polygons
f 819 820 818
f 819 821 820
f 919 818 820
f 919 920 818
f 2301 2302 2300
f 2301 2303 2302
f 2303 821 819
f 2303 2301 821
f 2499 2500 2498
f 2499 2501 2500
f 2679 2680 2678
f 2679 2681 2680
f 2678 2501 2499
f 2678 2680 2501
f 3607 3608 3606
f 3607 3609 3608
f 3609 2300 2302
f 3609 3607 2300
f 3623 3624 3622
f 3623 3625 3624
f 3622 3606 3608
f 3622 3624 3606
f 3625 2498 2500
f 3625 3623 2498
f 7123 7124 7122
f 7123 7125 7124
f 7250 7251 7249
f 7250 7252 7251
f 7249 7125 7123
f 7249 7251 7125
f 8173 8174 8172
f 8173 8175 8174
f 7122 8172 8174
f 7122 7124 8172
f 8978 8979 8977
f 8978 8980 8979
f 8977 8175 8173
f 8977 8979 8175

#List of body polygons
f 821 822 820
f 821 823 822
f 821 824 823
f 860 822 823
f 822 919 820
f 2299 2300 2298
f 2299 2301 2300
f 2301 824 821
f 2301 2299 824
f 2501 2502 2500
f 2501 2503 2502
f 2681 2682 2680
f 2681 2683 2682
f 2680 2503 2501
f 2680 2682 2503
f 3605 3606 3604
f 3605 3607 3606
f 3607 2298 2300
f 3607 3605 2298
f 3625 3626 3624
f 3625 3627 3626
f 3624 3604 3606
f 3624 3626 3604
f 3627 2500 2502
f 3627 3625 2500
f 7121 7122 7120
f 7121 7123 7122
f 7248 7249 7247
f 7248 7250 7249
f 7247 7123 7121
f 7247 7249 7123
f 8175 8176 8174
f 8175 8177 8176
f 7120 8174 8176
f 7120 7122 8174
f 8980 8981 8979
f 8980 8982 8981
f 8979 8177 8175
f 8979 8981 8177

#List of body polygons
f 824 825 823
f 824 826 825
f 859 823 825
f 859 860 823
f 2297 2298 2296
f 2297 2299 2298
f 2299 826 824
f 2299 2297 826
f 2503 2504 2502
f 2503 2505 2504
f 2683 2684 2682
f 2683 2685 2684
f 2682 2505 2503
f 2682 2684 2505
f 3603 3604 3602
f 3603 3605 3604
f 3605 2296 2298
f 3605 3603 2296
f 3627 3628 3626
f 3627 3629 3628
f 3626 3602 3604
f 3626 3628 3602
f 3629 2502 2504
f 3629 3627 2502
f 7119 7120 7118
f 7119 7121 7120
f 7246 7247 7245
f 7246 7248 7247
f 7245 7121 7119
f 7245 7247 7121
f 8177 8178 8176
f 8177 8179 8178
f 7118 8176 8178
f 7118 7120 8176
f 8982 8983 8981
f 8982 8984 8983
f 8981 8179 8177
f 8981 8983 8179

#List of body polygons
f 826 827 825
f 826 828 827
f 858 825 827
f 858 859 825
f 2295 2296 2294
f 2295 2297 2296
f 2297 828 826
f 2297 2295 828
f 2505 2506 2504
f 2505 2507 2506
f 2685 2686 2684
f 2685 2687 2686
f 2684 2507 2505
f 2684 2686 2507
f 3601 3602 3600
f 3601 3603 3602
f 3603 2294 2296
f 3603 3601 2294
f 3629 3630 3628
f 3629 3631 3630
f 3628 3600 3602
f 3628 3630 3600
f 3631 2504 2506
f 3631 3629 2504
f 7117 7118 7116
f 7117 7119 7118
f 7244 7245 7243
f 7244 7246 7245
f 7243 7119 7117
f 7243 7245 7119
f 8179 8180 8178
f 8179 8181 8180
f 7116 8178 8180
f 7116 7118 8178
f 8984 8985 8983
f 8984 8986 8985
f 8983 8181 8179
f 8983 8985 8181

#List of body polygons
f 828 829 827
f 828 830 829
f 857 827 829
f 857 858 827
f 2293 2294 2292
f 2293 2295 2294
f 2295 830 828
f 2295 2293 830
f 2507 2508 2506
f 2507 2509 2508
f 2687 2688 2686
f 2687 2689 2688
f 2686 2509 2507
f 2686 2688 2509
f 3599 3600 3598
f 3599 3601 3600
f 3601 2292 2294
f 3601 3599 2292
f 3631 3632 3630
f 3631 3633 3632
f 3630 3598 3600
f 3630 3632 3598
f 3633 2506 2508
f 3633 3631 2506
f 7115 7116 7114
f 7115 7117 7116
f 7242 7243 7241
f 7242 7244 7243
f 7241 7117 7115
f 7241 7243 7117
f 8181 8182 8180
f 8181 8183 8182
f 7114 8180 8182
f 7114 7116 8180
f 8986 8987 8985
f 8986 8988 8987
f 8985 8183 8181
f 8985 8987 8183

#List of body polygons
f 830 831 829
f 830 832 831
f 856 829 831
f 856 857 829
f 2291 2292 2290
f 2291 2293 2292
f 2293 832 830
f 2293 2291 832
f 2509 2510 2508
f 2509 2511 2510
f 2689 2690 2688
f 2689 2691 2690
f 2688 2726 2509
f 2688 2690 2726
f 3597 3598 3596
f 3597 3599 3598
f 3599 2290 2292
f 3599 3597 2290
f 3633 3634 3632
f 3633 3635 3634
f 3632 3596 3598
f 3632 3634 3596
f 3635 2508 2510
f 3635 3633 2508
f 7113 7114 7112
f 7113 7115 7114
f 7240 7241 7239
f 7240 7242 7241
f 7239 7115 7113
f 7239 7241 7115
f 8183 8184 8182
f 8183 8185 8184
f 7112 8182 8184
f 7112 7114 8182
f 8988 8989 8987
f 8988 8990 8989
f 8987 8185 8183
f 8987 8989 8185

#List of body polygons
f 832 833 831
f 832 834 833
f 855 831 833
f 855 856 831
f 2289 2290 2288
f 2289 2291 2290
f 2291 834 832
f 2291 2289 834
f 2511 2512 2510
f 2511 2513 2512
f 2691 2692 2690
f 2691 2693 2692
f 2690 2513 2726
f 2690 2692 2513
f 3595 3596 3594
f 3595 3597 3596
f 3597 2288 2290
f 3597 3595 2288
f 3635 3636 3634
f 3635 3637 3636
f 3634 3594 3596
f 3634 3636 3594
f 3637 2510 2512
f 3637 3635 2510
f 7048 7049 7047
f 7111 7049 7110
f 7111 7112 7049
f 7111 7113 7112
f 7110 7049 7048
f 7238 7239 7237
f 7238 7240 7239
f 7237 7113 7111
f 7237 7239 7113
f 8185 7049 8184
f 8185 8186 7049
f 8185 8187 8186
f 7047 7049 8186
f 7049 7112 8184
f 8990 8991 8989
f 8990 8992 8991
f 8989 8187 8185
f 8989 8991 8187

#List of body polygons
f 834 835 833
f 834 836 835
f 854 833 835
f 854 855 833
f 2287 2288 2286
f 2287 2289 2288
f 2289 836 834
f 2289 2287 836
f 2513 2514 2512
f 2513 2515 2514
f 2693 2694 2692
f 2693 2695 2694
f 2692 2515 2513
f 2692 2694 2515
f 3593 3594 3592
f 3593 3595 3594
f 3595 2286 2288
f 3595 3593 2286
f 3637 3638 3636
f 3637 3639 3638
f 3636 3592 3594
f 3636 3638 3592
f 3639 2512 2514
f 3639 3637 2512
f 7046 7047 7045
f 7046 7048 7047
f 7109 7110 7108
f 7109 7111 7110
f 7108 7048 7046
f 7108 7110 7048
f 7236 7237 7235
f 7236 7238 7237
f 7235 7111 7109
f 7235 7237 7111
f 8187 8188 8186
f 8187 8189 8188
f 7045 8186 8188
f 7045 7047 8186
f 8992 8993 8991
f 8992 8994 8993
f 8991 8189 8187
f 8991 8993 8189

#List of body polygons
f 836 837 835
f 836 838 837
f 853 835 837
f 853 854 835
f 2285 2286 2284
f 2285 2287 2286
f 2287 838 836
f 2287 2285 838
f 2515 2516 2514
f 2515 2517 2516
f 2695 2696 2694
f 2695 2697 2696
f 2694 2517 2515
f 2694 2696 2517
f 3591 3592 3590
f 3591 3593 3592
f 3593 2284 2286
f 3593 3591 2284
f 3639 3640 3638
f 3639 3641 3640
f 3638 3590 3592
f 3638 3640 3590
f 3641 2514 2516
f 3641 3639 2514
f 7044 7045 7043
f 7044 7046 7045
f 7107 7108 7106
f 7107 7109 7108
f 7106 7046 7044
f 7106 7108 7046
f 7234 7235 7233
f 7234 7236 7235
f 7233 7109 7330
f 7233 7235 7109
f 8189 8190 8188
f 8189 8191 8190
f 7043 8188 8190
f 7043 7045 8188
f 8994 8995 8993
f 8994 8996 8995
f 8993 8191 8189
f 8993 8995 8191

#List of body polygons
f 838 839 837
f 838 840 839
f 852 837 839
f 852 853 837
f 2283 2284 2282
f 2283 2285 2284
f 2285 840 838
f 2285 2283 840
f 2517 2518 2516
f 2517 2519 2518
f 2697 2698 2696
f 2697 2699 2698
f 2696 2519 2517
f 2696 2698 2519
f 3589 3590 3588
f 3589 3591 3590
f 3591 2282 2284
f 3591 3589 2282
f 3641 3642 3640
f 3641 3643 3642
f 3640 3588 3590
f 3640 3642 3588
f 3643 2516 2518
f 3643 3641 2516
f 7042 7043 7041
f 7042 7044 7043
f 7105 7106 7104
f 7105 7107 7106
f 7104 7044 7042
f 7104 7106 7044
f 7232 7233 7231
f 7232 7234 7233
f 7231 7330 7329
f 7231 7233 7330
f 8136 8137 8138
f 8191 8136 8190
f 7041 8136 8138
f 7041 8190 8136
f 7041 7043 8190
f 8941 8136 8940
f 8136 8941 8137
f 8996 8997 8995
f 8996 8998 8997
f 8995 8136 8191
f 8995 8940 8136
f 8995 8997 8940

#List of body polygons
f 840 841 839
f 840 842 841
f 851 839 841
f 851 852 839
f 2281 2282 2280
f 2281 2283 2282
f 2283 842 840
f 2283 2281 842
f 2519 2520 2518
f 2519 2521 2520
f 2699 2700 2698
f 2699 2701 2700
f 2698 2521 2519
f 2698 2700 2521
f 3587 3588 3586
f 3587 3589 3588
f 3589 2280 2282
f 3589 3587 2280
f 3643 3644 3642
f 3643 3645 3644
f 3642 3586 3588
f 3642 3644 3586
f 3645 2518 2520
f 3645 3643 2518
f 7040 7041 7039
f 7040 7042 7041
f 7103 7104 7102
f 7103 7105 7104
f 7102 7042 7040
f 7102 7104 7042
f 7230 7231 7229
f 7230 7232 7231
f 7229 7329 7103
f 7229 7231 7329
f 8137 8139 8138
f 8137 8140 8139
f 7039 8138 8139
f 7039 7041 8138
f 8939 8940 8938
f 8939 8941 8940
f 8941 8140 8137
f 8941 8939 8140
f 8998 8999 8997
f 8998 9000 8999
f 8997 8938 8940
f 8997 8999 8938

#List of body polygons
f 842 843 841
f 842 844 843
f 850 841 843
f 850 851 841
f 2279 2280 2278
f 2279 2281 2280
f 2281 844 842
f 2281 2279 844
f 2521 2522 2520
f 2701 2522 2700
f 2701 2702 2522
f 2701 2703 2702
f 2700 2522 2521
f 3585 3586 3584
f 3585 3587 3586
f 3587 2278 2280
f 3587 3585 2278
f 3645 3646 3644
f 3645 3647 3646
f 3644 3584 3586
f 3644 3646 3584
f 2522 3683 3684
f 3647 2522 3684
f 3647 2520 2522
f 3647 3645 2520
f 3683 2522 2702
f 7038 7039 7037
f 7038 7040 7039
f 7101 7102 7100
f 7101 7103 7102
f 7100 7040 7038
f 7100 7102 7040
f 7228 7229 7227
f 7228 7230 7229
f 7227 7103 7101
f 7227 7229 7103
f 8140 8141 8139
f 8140 8142 8141
f 7037 8139 8141
f 7037 7039 8139
f 8936 8937 8935
f 8936 8938 8937
f 8936 8939 8938
f 8939 8142 8140
f 8939 8936 8142
f 9000 8937 8999
f 8999 8937 8938

#List of body polygons
f 861 863 862
f 861 864 863
f 926 864 861
f 926 927 864
f 2325 2326 2324
f 2325 2327 2326
f 2327 862 863
f 2327 2325 862
f 2485 2486 2484
f 2485 2487 2486
f 2484 2324 2326
f 2484 2486 2324
f 2665 2666 2664
f 2665 2667 2666
f 2664 2487 2485
f 2664 2666 2487
f 7137 7138 7136
f 7137 7139 7138
f 7264 7265 7263
f 7264 7266 7265
f 7263 7139 7137
f 7263 7265 7139
f 8159 8160 8161
f 8278 8159 8277
f 7136 8159 8161
f 7136 8277 8159
f 7136 7138 8277
f 8964 8159 8963
f 8964 8965 8159
f 8964 8966 8965
f 8159 8965 8160
f 8159 8278 8963

#List of body polygons
f 864 865 863
f 864 866 865
f 927 866 864
f 927 928 866
f 2327 2328 2326
f 2327 2329 2328
f 2329 863 865
f 2329 2327 863
f 2483 2484 2482
f 2483 2485 2484
f 2482 2326 2328
f 2482 2484 2326
f 2663 2664 2662
f 2663 2665 2664
f 2662 2485 2483
f 2662 2664 2485
f 7139 7140 7138
f 7139 7141 7140
f 7266 7267 7265
f 7266 7268 7267
f 7265 7141 7139
f 7265 7267 7141
f 8276 8277 8275
f 8276 8278 8277
f 7138 8275 8277
f 7138 7140 8275
f 8962 8963 8961
f 8962 8964 8963
f 8278 8961 8963
f 8278 8276 8961

#List of body polygons
f 866 867 865
f 866 868 867
f 928 868 866
f 928 929 868
f 2329 2330 2328
f 2329 2331 2330
f 2331 865 867
f 2331 2329 865
f 2481 2482 2480
f 2481 2483 2482
f 2480 2328 2330
f 2480 2482 2328
f 2661 2662 2660
f 2661 2663 2662
f 2660 2483 2481
f 2660 2662 2483
f 7141 7142 7140
f 7141 7143 7142
f 7268 7269 7267
f 7268 7270 7269
f 7267 7143 7141
f 7267 7269 7143
f 8274 8275 8273
f 8274 8276 8275
f 7140 8273 8275
f 7140 7142 8273
f 8960 8961 8959
f 8960 8962 8961
f 8276 8959 8961
f 8276 8274 8959

#List of body polygons
f 868 869 867
f 868 870 869
f 929 870 868
f 929 930 870
f 2331 2332 2330
f 2331 2333 2332
f 2333 867 869
f 2333 2331 867
f 2479 2480 2478
f 2479 2481 2480
f 2478 2330 2332
f 2478 2480 2330
f 2659 2660 2658
f 2659 2661 2660
f 2658 2725 2479
f 2658 2660 2481
f 7143 7144 7142
f 7143 7145 7144
f 7270 7271 7269
f 7270 7272 7271
f 7269 7145 7143
f 7269 7271 7145
f 8272 8273 8271
f 8272 8274 8273
f 7142 8271 8273
f 7142 7144 8271
f 8958 8959 8957
f 8958 8960 8959
f 8274 8957 8959
f 8274 8272 8957

#List of body polygons
f 870 871 869
f 870 872 871
f 930 872 870
f 930 931 872
f 2333 2334 2332
f 2333 2335 2334
f 2335 869 871
f 2335 2333 869
f 2477 2478 2476
f 2477 2479 2478
f 2476 2332 2334
f 2476 2478 2332
f 2657 2658 2656
f 2657 2659 2658
f 2656 2479 2477
f 2656 2658 2479
f 7145 7146 7144
f 7145 7147 7146
f 7272 7273 7271
f 7272 7274 7273
f 7271 7147 7145
f 7271 7273 7147
f 8270 8271 8269
f 8270 8272 8271
f 7144 8269 8271
f 7144 7146 8269
f 8956 8957 8955
f 8956 8958 8957
f 8272 8955 8957
f 8272 8270 8955

#List of body polygons
f 872 873 871
f 872 874 873
f 931 874 872
f 931 932 874
f 2335 2336 2334
f 2335 2337 2336
f 2337 871 873
f 2337 2335 871
f 2475 2476 2474
f 2475 2477 2476
f 2474 2334 2336
f 2474 2476 2334
f 2655 2656 2654
f 2655 2657 2656
f 2654 2477 2475
f 2654 2656 2477
f 7147 7148 7146
f 7147 7149 7148
f 7274 7275 7273
f 7274 7276 7275
f 7273 7149 7147
f 7273 7275 7149
f 8268 8269 8267
f 8268 8270 8269
f 7146 8267 8269
f 7146 7148 8267
f 8954 8955 8953
f 8954 8956 8955
f 8270 8953 8955
f 8270 8268 8953

#List of body polygons
f 874 875 873
f 874 876 875
f 932 876 874
f 932 933 876
f 2337 2338 2336
f 2337 2339 2338
f 2339 873 875
f 2339 2337 873
f 2473 2474 2472
f 2473 2475 2474
f 2472 2336 2338
f 2472 2474 2336
f 2653 2654 2652
f 2653 2655 2654
f 2652 2475 2473
f 2652 2654 2475
f 7149 7150 7148
f 7149 7151 7150
f 7276 7277 7275
f 7276 7278 7277
f 7275 7151 7149
f 7275 7277 7151
f 8266 8267 8265
f 8266 8268 8267
f 7148 8265 8267
f 7148 7150 8265
f 8952 8953 8951
f 8952 8954 8953
f 8268 8951 8953
f 8268 8266 8951

#List of body polygons
f 876 877 875
f 876 878 877
f 933 878 876
f 933 934 878
f 2339 2340 2338
f 2339 2341 2340
f 2341 875 877
f 2341 2339 875
f 2471 2472 2470
f 2471 2473 2472
f 2470 2338 2340
f 2470 2472 2338
f 2651 2652 2650
f 2651 2653 2652
f 2650 2473 2471
f 2650 2652 2473
f 7151 7152 7150
f 7151 7153 7152
f 7278 7279 7277
f 7278 7280 7279
f 7277 7153 7151
f 7277 7279 7153
f 8264 8265 8263
f 8264 8266 8265
f 7150 8263 8265
f 7150 7152 8263
f 8950 8951 8949
f 8950 8952 8951
f 8266 8949 8951
f 8266 8264 8949

#List of body polygons
f 878 879 877
f 878 880 879
f 934 880 878
f 934 935 880
f 2341 2342 2340
f 2341 2343 2342
f 2343 877 879
f 2343 2341 877
f 2469 2470 2468
f 2469 2471 2470
f 2468 2340 2342
f 2468 2470 2340
f 2649 2650 2648
f 2649 2651 2650
f 2648 2471 2469
f 2648 2650 2471
f 7153 7154 7152
f 7153 7155 7154
f 7280 7281 7279
f 7280 7282 7281
f 7279 7155 7153
f 7279 7281 7155
f 8262 8263 8261
f 8262 8264 8263
f 7152 8261 8263
f 7152 7154 8261
f 8948 8949 8947
f 8948 8950 8949
f 8264 8947 8949
f 8264 8262 8947

#List of body polygons
f 880 881 879
f 880 882 881
f 935 882 880
f 935 936 882
f 2343 2344 2342
f 2343 2345 2344
f 2345 879 881
f 2345 2343 879
f 2467 2468 2466
f 2467 2469 2468
f 2466 2342 2344
f 2466 2468 2342
f 2647 2648 2646
f 2647 2649 2648
f 2646 2469 2467
f 2646 2648 2469
f 7155 7156 7154
f 7282 7156 7281
f 7282 7283 7156
f 7282 7284 7283
f 7281 7156 7155
f 8260 7156 8259
f 8260 8261 7156
f 8260 8262 8261
f 7154 7156 8261
f 8259 7156 7283
f 8946 8947 8945
f 8946 8948 8947
f 8262 8945 8947
f 8262 8260 8945

#List of body polygons
f 882 883 881
f 882 884 883
f 936 884 882
f 936 937 884
f 2345 2346 2344
f 2345 2347 2346
f 2347 881 883
f 2347 2345 881
f 2465 2466 2464
f 2465 2467 2466
f 2464 2344 2346
f 2464 2466 2344
f 2645 2646 2644
f 2645 2647 2646
f 2644 2467 2465
f 2644 2646 2467
f 7284 7285 7283
f 7284 7286 7285
f 8258 8259 8257
f 8258 8260 8259
f 8257 7283 7285
f 8257 8259 7283
f 8943 8945 8944
f 8943 8946 8945
f 8260 8944 8945
f 8260 8258 8944

#List of body polygons
f 884 885 883
f 884 886 885
f 937 886 884
f 937 938 886
f 2347 2348 2346
f 2347 2349 2348
f 2349 883 885
f 2349 2347 883
f 2463 2464 2462
f 2463 2465 2464
f 2462 2346 2523
f 2462 2464 2346
f 2643 2644 2642
f 2643 2645 2644
f 2642 2465 2463
f 2642 2644 2465
f 7286 7287 7285
f 7286 7288 7287
f 8256 8257 8255
f 8256 8258 8257
f 8255 7285 7287
f 8255 8257 7285
f 8942 8943 8944
f 8942 9001 9002
f 8258 8942 8944
f 8258 9001 8942
f 8258 8256 9001

#List of body polygons
f 886 887 885
f 886 888 887
f 938 888 886
f 938 939 888
f 2349 2350 2348
f 2349 2351 2350
f 2351 885 887
f 2351 2349 885
f 2461 2462 2460
f 2461 2463 2462
f 2460 2523 2350
f 2460 2462 2523
f 2641 2642 2640
f 2641 2643 2642
f 2640 2463 2461
f 2640 2642 2463
f 7288 7289 7287
f 7288 7290 7289
f 8254 8255 8253
f 8254 8256 8255
f 8253 7287 7289
f 8253 8255 7287
f 9001 9003 9002
f 9001 9004 9003
f 8256 9004 9001
f 8256 8254 9004

#List of body polygons
f 888 889 887
f 888 890 889
f 939 890 888
f 939 940 890
f 2351 2352 2350
f 2351 2353 2352
f 2353 887 889
f 2353 2351 887
f 2459 2460 2458
f 2459 2461 2460
f 2458 2350 2352
f 2458 2460 2350
f 2639 2640 2638
f 2639 2641 2640
f 2638 2461 2459
f 2638 2640 2461
f 7290 7291 7289
f 7290 7292 7291
f 8252 8253 8251
f 8252 8254 8253
f 8251 7289 7291
f 8251 8253 7289
f 9004 9005 9003
f 9004 9006 9005
f 8254 9006 9004
f 8254 8252 9006

#List of body polygons
f 890 891 889
f 890 892 891
f 940 892 890
f 940 941 892
f 2353 2354 2352
f 2353 2355 2354
f 2355 889 891
f 2355 2353 889
f 2457 2458 2456
f 2457 2459 2458
f 2456 2352 2354
f 2456 2458 2352
f 2637 2638 2636
f 2637 2639 2638
f 2636 2459 2457
f 2636 2638 2459
f 7292 7293 7291
f 7292 7294 7293
f 8250 8251 8249
f 8250 8252 8251
f 8249 7291 7293
f 8249 8251 7291
f 9006 9007 9005
f 9006 9008 9007
f 8252 9008 9006
f 8252 8250 9008

#List of body polygons
f 892 893 891
f 892 894 893
f 941 894 892
f 941 942 894
f 2355 2356 2354
f 2355 2357 2356
f 2357 891 893
f 2357 2355 891
f 2455 2456 2454
f 2455 2457 2456
f 2454 2354 2356
f 2454 2456 2354
f 2635 2636 2634
f 2635 2637 2636
f 2634 2457 2455
f 2634 2636 2457
f 7294 7295 7293
f 7294 7296 7295
f 8248 8249 8247
f 8248 8250 8249
f 8247 7293 7295
f 8247 8249 7293
f 9008 9009 9007
f 9008 9010 9009
f 8250 9010 9008
f 8250 8248 9010

#List of body polygons
f 894 895 893
f 894 896 895
f 942 896 894
f 942 943 896
f 2357 2358 2356
f 2357 2359 2358
f 2359 893 895
f 2359 2357 893
f 2453 2454 2452
f 2453 2455 2454
f 2452 2356 2358
f 2452 2454 2356
f 2633 2634 2632
f 2633 2635 2634
f 2632 2455 2453
f 2632 2634 2455
f 7296 7297 7295
f 7296 7298 7297
f 8246 8247 8245
f 8246 8248 8247
f 8245 7295 7297
f 8245 8247 7295
f 9010 9011 9009
f 9010 9012 9011
f 8248 9012 9010
f 8248 8246 9012

#List of body polygons
f 896 897 895
f 896 898 897
f 943 898 896
f 943 944 898
f 2359 2360 2358
f 2359 2361 2360
f 2361 895 897
f 2361 2359 895
f 2451 2452 2450
f 2451 2453 2452
f 2450 2358 2360
f 2450 2452 2358
f 2631 2632 2630
f 2631 2633 2632
f 2630 2453 2451
f 2630 2632 2453
f 7298 7299 7297
f 7298 7300 7299
f 8244 8245 8243
f 8244 8246 8245
f 8243 7297 7299
f 8243 8245 7297
f 9012 9013 9011
f 9012 9014 9013
f 8246 9014 9012
f 8246 8244 9014

#List of body polygons
f 898 899 897
f 898 900 899
f 944 900 898
f 944 945 900
f 2361 2362 2360
f 2361 2363 2362
f 2363 897 899
f 2363 2361 897
f 2449 2450 2448
f 2449 2451 2450
f 2448 2360 2362
f 2448 2450 2360
f 2629 2630 2628
f 2629 2631 2630
f 2628 2451 2449
f 2628 2630 2451
f 7300 7301 7299
f 7300 7302 7301
f 8242 8243 8241
f 8242 8244 8243
f 8369 7299 7301
f 8369 8243 7299
f 9014 9015 9013
f 9014 9016 9015
f 8244 9016 9014
f 8244 8242 9016

#List of body polygons
f 900 901 899
f 900 902 901
f 945 902 900
f 945 946 902
f 2363 2364 2362
f 2363 2365 2364
f 2365 899 901
f 2365 2363 899
f 2447 2448 2446
f 2447 2449 2448
f 2446 2362 2364
f 2446 2448 2362
f 2627 2628 2626
f 2627 2629 2628
f 2626 2449 2447
f 2626 2628 2449
f 7302 7303 7301
f 7302 7304 7303
f 8240 8241 8239
f 8240 8242 8241
f 8239 7301 7303
f 8239 8369 7301
f 9016 9017 9015
f 9016 9018 9017
f 8242 9018 9016
f 8242 8240 9018

#List of body polygons
f 902 903 901
f 902 904 903
f 946 904 902
f 946 947 904
f 2365 2366 2364
f 2365 2367 2366
f 2367 901 903
f 2367 2365 901
f 2445 2446 2444
f 2445 2447 2446
f 2444 2364 2366
f 2444 2446 2364
f 2625 2626 2624
f 2625 2627 2626
f 2624 2447 2445
f 2624 2626 2447
f 7304 7305 7303
f 7304 7306 7305
f 8238 8239 8237
f 8238 8240 8239
f 8237 7303 7305
f 8237 8239 7303
f 9018 9019 9017
f 9018 9020 9019
f 8240 9020 9018
f 8240 8238 9020

#List of body polygons
f 904 905 903
f 904 906 905
f 947 906 904
f 947 948 906
f 2367 2368 2366
f 2367 2369 2368
f 2369 903 905
f 2369 2367 903
f 2443 2444 2442
f 2443 2445 2444
f 2442 2366 2368
f 2442 2444 2366
f 2623 2624 2622
f 2623 2625 2624
f 2622 2445 2443
f 2622 2624 2445
f 7306 7307 7305
f 7306 7308 7307
f 8236 8237 8235
f 8236 8238 8237
f 8235 7305 7307
f 8235 8237 7305
f 9020 9021 9019
f 9020 9022 9021
f 8238 9022 9020
f 8238 8236 9022

#List of body polygons
f 906 907 905
f 906 908 907
f 948 908 906
f 948 949 908
f 2369 2370 2368
f 2369 2371 2370
f 2371 905 907
f 2371 2369 905
f 2441 2442 2440
f 2441 2443 2442
f 2440 2368 2370
f 2440 2442 2368
f 2621 2622 2620
f 2621 2623 2622
f 2620 2443 2441
f 2620 2622 2443
f 7308 7309 7307
f 7308 7310 7309
f 8234 8235 8233
f 8234 8236 8235
f 8233 7307 7309
f 8233 8235 7307
f 9022 9023 9021
f 9022 9024 9023
f 8236 9024 9022
f 8236 8234 9024

#List of body polygons
f 908 909 907
f 908 910 909
f 949 910 908
f 949 950 910
f 2371 2372 2370
f 2371 2373 2372
f 2373 907 909
f 2373 2371 907
f 2439 2440 2438
f 2439 2441 2440
f 2438 2370 2372
f 2438 2440 2370
f 2619 2620 2618
f 2619 2621 2620
f 2618 2441 2439
f 2618 2620 2441
f 7310 7311 7309
f 7310 7312 7311
f 8232 8233 8231
f 8232 8234 8233
f 8231 7309 7311
f 8231 8233 7309
f 9024 9025 9023
f 9024 9026 9025
f 8234 9026 9024
f 8234 8232 9026

#List of body polygons
f 910 911 909
f 910 912 911
f 950 912 910
f 950 951 912
f 2373 2374 2372
f 2373 2375 2374
f 2375 909 911
f 2375 2373 909
f 2437 2438 2436
f 2437 2439 2438
f 2436 2372 2374
f 2436 2438 2372
f 2617 2618 2616
f 2617 2619 2618
f 2616 2439 2437
f 2616 2618 2439
f 7312 7313 7311
f 7312 7314 7313
f 8230 8231 8229
f 8230 8232 8231
f 8229 7311 7313
f 8229 8231 7311
f 9026 9027 9025
f 9026 9028 9027
f 8232 9028 9026
f 8232 8230 9028

#List of body polygons
f 912 913 911
f 912 914 913
f 912 915 914
f 951 915 912
f 951 952 915
f 913 954 955
f 954 913 914
f 2375 913 2374
f 913 2375 911
f 2435 2436 2434
f 2435 2437 2436
f 2434 913 955
f 2434 2374 913
f 2434 2436 2374
f 2615 2616 2614
f 2615 2617 2616
f 2614 2437 2435
f 2614 2616 2437
f 7314 7315 7313
f 7314 7316 7315
f 8228 8229 8227
f 8228 8230 8229
f 8227 7313 7315
f 8227 8229 7313
f 9028 9029 9027
f 9028 9030 9029
f 8230 9030 9028
f 8230 8228 9030

#List of body polygons
f 915 916 914
f 915 917 916
f 952 917 915
f 952 953 917
f 954 956 955
f 954 957 956
f 957 914 916
f 957 954 914
f 2433 2434 2432
f 2433 2435 2434
f 2432 955 956
f 2432 2434 955
f 2613 2614 2612
f 2613 2615 2614
f 2612 2435 2433
f 2612 2614 2435
f 7316 7317 7315
f 7316 7318 7317
f 8226 8227 8225
f 8226 8228 8227
f 8225 7315 7317
f 8225 8227 7315
f 9030 9031 9029
f 9030 9032 9031
f 8228 9032 9030
f 8228 8226 9032

#List of body polygons
f 917 918 916
f 953 918 917
f 957 958 956
f 957 959 958
f 959 918 1160
f 959 916 918
f 959 957 916
f 2431 2432 2430
f 2431 2433 2432
f 2430 956 958
f 2430 2432 956
f 2611 2612 2610
f 2611 2613 2612
f 2610 2433 2431
f 2610 2612 2433
f 7318 7319 7317
f 7318 7320 7319
f 8224 8225 8223
f 8224 8226 8225
f 8223 7317 7319
f 8223 8225 7317
f 9032 9033 9031
f 9032 9034 9033
f 8226 9034 9032
f 8226 8224 9034

#List of body polygons
f 959 960 958
f 959 961 960
f 961 1160 1159
f 961 959 1160
f 2429 2430 2428
f 2429 2431 2430
f 2428 958 960
f 2428 2430 958
f 2609 2610 2608
f 2609 2611 2610
f 2608 2431 2429
f 2608 2610 2431
f 7320 7321 7319
f 7320 7322 7321
f 8222 8223 8221
f 8222 8224 8223
f 8221 7319 7321
f 8221 8223 7319
f 9034 9035 9033
f 9034 9036 9035
f 8224 9036 9034
f 8224 8222 9036

#List of body polygons
f 961 962 960
f 961 963 962
f 963 1159 1158
f 963 961 1159
f 2427 2428 2426
f 2427 2429 2428
f 2426 960 962
f 2426 2428 960
f 2607 2608 2606
f 2607 2609 2608
f 2606 2429 2427
f 2606 2608 2429
f 7322 7323 7321
f 7322 7324 7323
f 8220 8221 8219
f 8220 8222 8221
f 8219 7321 7323
f 8219 8221 7321
f 9036 9037 9035
f 9036 9038 9037
f 8222 9038 9036
f 8222 8220 9038

#List of body polygons
f 963 964 962
f 963 965 964
f 965 1158 1157
f 965 963 1158
f 2425 2426 2424
f 2425 2427 2426
f 2424 962 964
f 2424 2426 962
f 2605 2606 2604
f 2605 2607 2606
f 2604 2427 2425
f 2604 2606 2427
f 7324 7325 7323
f 7324 7326 7325
f 8218 8219 8217
f 8218 8220 8219
f 8368 7323 7325
f 8368 8219 7323
f 9038 9039 9037
f 9038 9040 9039
f 8220 9040 9038
f 8220 8218 9040

#List of body polygons
f 965 966 964
f 965 967 966
f 967 1157 1156
f 967 965 1157
f 2423 2424 2422
f 2423 2425 2424
f 2422 964 966
f 2422 2424 964
f 2603 2604 2602
f 2603 2605 2604
f 2602 2425 2423
f 2602 2604 2425
f 7326 7327 7325
f 8216 8217 8215
f 8216 8218 8217
f 7327 8279 8280
f 8215 7327 8280
f 8215 7325 7327
f 8215 8368 7325
f 9040 9041 9039
f 9040 9042 9041
f 8218 9042 9040
f 8218 8216 9042

#List of body polygons
f 967 968 966
f 967 969 968
f 969 1156 1155
f 969 967 1156
f 2421 2422 2420
f 2421 2423 2422
f 2420 966 968
f 2420 2422 966
f 2601 2602 2600
f 2601 2603 2602
f 2600 2423 2421
f 2600 2602 2423
f 8214 8215 8213
f 8214 8216 8215
f 8279 8281 8280
f 8279 8282 8281
f 8213 8280 8281
f 8213 8215 8280
f 9042 9043 9041
f 9042 9044 9043
f 8216 9044 9042
f 8216 8214 9044

#List of body polygons
f 969 970 968
f 969 971 970
f 971 1155 1154
f 971 969 1155
f 2419 2420 2418
f 2419 2421 2420
f 2418 968 970
f 2418 2420 968
f 2599 2600 2598
f 2599 2601 2600
f 2598 2421 2419
f 2598 2600 2421
f 8212 8213 8211
f 8212 8214 8213
f 8282 8283 8281
f 8282 8284 8283
f 8211 8281 8283
f 8211 8213 8281
f 9044 9045 9043
f 9044 9046 9045
f 8214 9046 9044
f 8214 8212 9046

#List of body polygons
f 971 972 970
f 971 973 972
f 973 1154 1153
f 973 971 1154
f 2417 2418 2416
f 2417 2419 2418
f 2416 970 972
f 2416 2418 970
f 2597 2598 2596
f 2597 2599 2598
f 2596 2419 2417
f 2596 2598 2419
f 8210 8211 8209
f 8210 8212 8211
f 8284 8285 8283
f 8284 8286 8285
f 8209 8283 8285
f 8209 8211 8283
f 9046 9047 9045
f 9046 9048 9047
f 8212 9048 9046
f 8212 8210 9048

#List of body polygons
f 973 974 972
f 973 975 974
f 975 1153 1152
f 975 973 1153
f 2415 2416 2414
f 2415 2417 2416
f 2414 972 974
f 2414 2416 972
f 2595 2596 2594
f 2595 2597 2596
f 2594 2417 2415
f 2594 2596 2417
f 8208 8209 8207
f 8208 8210 8209
f 8286 8287 8285
f 8286 8288 8287
f 8207 8285 8287
f 8207 8209 8285
f 9048 9049 9047
f 9048 9050 9049
f 8210 9050 9048
f 8210 8208 9050

#List of body polygons
f 975 976 974
f 975 977 976
f 977 1152 1151
f 977 975 1152
f 2413 2414 2412
f 2413 2415 2414
f 2412 974 976
f 2412 2414 974
f 2593 2594 2592
f 2593 2595 2594
f 2592 2415 2413
f 2592 2594 2415
f 8206 8207 8205
f 8206 8208 8207
f 8288 8289 8287
f 8288 8290 8289
f 8205 8287 8289
f 8205 8207 8287
f 9050 9051 9049
f 9050 9052 9051
f 8208 9052 9050
f 8208 8206 9052

#List of body polygons
f 977 978 976
f 977 979 978
f 979 1151 1150
f 979 977 1151
f 2411 2412 2410
f 2411 2413 2412
f 2410 976 978
f 2410 2412 976
f 2591 2592 2590
f 2591 2593 2592
f 2590 2413 2411
f 2590 2592 2413
f 8204 8205 8203
f 8204 8206 8205
f 8290 8291 8289
f 8290 8292 8291
f 8203 8289 8291
f 8203 8205 8289
f 9052 9053 9051
f 9052 9054 9053
f 8206 9054 9052
f 8206 8204 9054

#List of body polygons
f 979 980 978
f 979 981 980
f 981 1150 1149
f 981 979 1150
f 2409 2410 2408
f 2409 2411 2410
f 2408 978 980
f 2408 2410 978
f 2589 2590 2588
f 2589 2591 2590
f 2588 2411 2409
f 2588 2590 2411
f 8202 8203 8201
f 8202 8204 8203
f 8292 8293 8291
f 8292 8294 8293
f 8201 8291 8293
f 8201 8203 8291
f 9054 9055 9053
f 9054 9056 9055
f 8204 9056 9054
f 8204 8202 9056

#List of body polygons
f 981 982 980
f 981 983 982
f 983 1149 1148
f 983 981 1149
f 2407 2408 2406
f 2407 2409 2408
f 2406 980 982
f 2406 2408 980
f 2587 2588 2586
f 2587 2589 2588
f 2586 2409 2407
f 2586 2588 2409
f 8200 8201 8199
f 8200 8202 8201
f 8294 8295 8293
f 8294 8296 8295
f 8199 8293 8295
f 8199 8201 8293
f 9056 9057 9055
f 9056 9058 9057
f 8202 9058 9056
f 8202 8200 9058

#List of body polygons
f 983 984 982
f 983 985 984
f 985 1148 1147
f 985 983 1148
f 2405 2406 2404
f 2405 2407 2406
f 2404 982 984
f 2404 2406 982
f 2585 2586 2584
f 2585 2587 2586
f 2584 2407 2405
f 2584 2586 2407
f 8198 8199 8197
f 8198 8200 8199
f 8296 8297 8295
f 8296 8298 8297
f 8197 8295 8297
f 8197 8199 8295
f 9058 9059 9057
f 9058 9060 9059
f 8200 9060 9058
f 8200 8198 9060

#List of body polygons
f 985 986 984
f 985 987 986
f 987 1147 1146
f 987 985 1147
f 2403 2404 2402
f 2403 2405 2404
f 2402 984 986
f 2402 2404 984
f 2583 2584 2582
f 2583 2585 2584
f 2582 2405 2403
f 2582 2584 2405
f 8196 8197 8195
f 8196 8198 8197
f 8298 8299 8297
f 8298 8300 8299
f 8195 8297 8299
f 8195 8197 8297
f 9060 9061 9059
f 9060 9062 9061
f 9060 9063 9062
f 8198 9063 9060
f 8198 8196 9063
f 9061 9066 9067
f 9066 9061 9062

#List of body polygons
f 987 988 986
f 987 989 988
f 989 1146 1145
f 989 987 1146
f 2401 2402 2400
f 2401 2403 2402
f 2400 986 988
f 2400 2402 986
f 2581 2582 2580
f 2581 2583 2582
f 2580 2403 2401
f 2580 2582 2403
f 8193 8195 8194
f 8193 8196 8195
f 8300 8301 8299
f 8300 8302 8301
f 8194 8299 8301
f 8194 8195 8299
f 9063 9064 9062
f 9063 9065 9064
f 8196 9065 9063
f 8196 8193 9065
f 9066 9068 9067
f 9066 9069 9068
f 9069 9062 9064
f 9069 9066 9062

#List of body polygons
f 989 990 988
f 989 991 990
f 991 1145 1144
f 991 989 1145
f 2399 2400 2398
f 2399 2401 2400
f 2398 988 990
f 2398 2400 988
f 2579 2580 2578
f 2579 2581 2580
f 2578 2401 2399
f 2578 2580 2401
f 8192 8193 8194
f 8302 8192 8301
f 8302 8303 8192
f 8302 8304 8303
f 8192 8194 8301
f 9065 8192 9064
f 8193 8192 9065
f 9069 9070 9068
f 9069 9071 9070
f 9071 8192 8303
f 9071 9064 8192
f 9071 9069 9064

#List of body polygons
f 991 992 990
f 991 993 992
f 993 1144 1143
f 993 991 1144
f 2397 2398 2396
f 2397 2399 2398
f 2396 990 992
f 2396 2398 990
f 2577 2578 2576
f 2577 2579 2578
f 2576 2399 2397
f 2576 2578 2399
f 8304 8305 8303
f 8304 8306 8305
f 9071 9072 9070
f 9071 9073 9072
f 9073 8303 8305
f 9073 9071 8303

#List of body polygons
f 993 994 992
f 993 995 994
f 995 1143 1142
f 995 993 1143
f 2395 2396 2394
f 2395 2397 2396
f 2394 992 994
f 2394 2396 992
f 2575 2576 2574
f 2575 2577 2576
f 2574 2397 2395
f 2574 2576 2397
f 8306 8307 8305
f 8306 8308 8307
f 9073 9074 9072
f 9073 9075 9074
f 9075 8305 8307
f 9075 9073 8305

#List of body polygons
f 995 996 994
f 995 997 996
f 997 1142 1141
f 997 995 1142
f 2393 2394 2392
f 2393 2395 2394
f 2392 994 996
f 2392 2394 994
f 2573 2574 2572
f 2573 2575 2574
f 2572 2395 2393
f 2572 2574 2395
f 8308 8309 8307
f 8308 8310 8309
f 9075 9076 9074
f 9075 9077 9076
f 9077 8307 8309
f 9077 9075 8307

#List of body polygons
f 997 998 996
f 997 999 998
f 999 1141 1140
f 999 997 1141
f 2391 2392 2390
f 2391 2393 2392
f 2390 996 998
f 2390 2392 996
f 2571 2572 2570
f 2571 2573 2572
f 2570 2393 2391
f 2570 2572 2393
f 8310 8311 8309
f 8310 8312 8311
f 9077 9078 9076
f 9077 9079 9078
f 9079 8309 8311
f 9079 9077 8309

#List of body polygons
f 999 1000 998
f 999 1001 1000
f 1001 1140 1139
f 1001 999 1140
f 2389 2390 2388
f 2389 2391 2390
f 2388 998 1000
f 2388 2390 998
f 2569 2570 2568
f 2569 2571 2570
f 2568 2391 2389
f 2568 2570 2391
f 8312 8313 8311
f 8312 8314 8313
f 9079 9080 9078
f 9079 9081 9080
f 9081 8311 8313
f 9081 9079 8311

#List of body polygons
f 1001 1002 1000
f 1001 1003 1002
f 1003 1139 1138
f 1003 1001 1139
f 2387 2388 2386
f 2387 2389 2388
f 2386 1000 1002
f 2386 2388 1000
f 2567 2568 2566
f 2567 2569 2568
f 2566 2389 2387
f 2566 2568 2389
f 8314 8315 8313
f 8314 8316 8315
f 9081 9082 9080
f 9081 9083 9082
f 9081 9084 9083
f 9084 8313 8315
f 9084 9081 8313

#List of body polygons
f 1003 1004 1002
f 1003 1005 1004
f 1005 1138 1137
f 1005 1003 1138
f 2385 2386 2384
f 2385 2387 2386
f 2384 1002 1004
f 2384 2386 1002
f 2565 2566 2564
f 2565 2567 2566
f 2564 2387 2385
f 2564 2566 2387
f 8316 8317 8315
f 8316 8318 8317
f 9084 9085 9083
f 9084 9086 9085
f 9086 8315 8317
f 9086 9084 8315

#List of body polygons
f 1005 1006 1004
f 1005 1007 1006
f 1007 1137 1136
f 1007 1005 1137
f 2383 2384 2382
f 2383 2385 2384
f 2382 1004 1006
f 2382 2384 1004
f 2563 2564 2562
f 2563 2565 2564
f 2562 2385 2383
f 2562 2564 2385
f 8318 8319 8317
f 8318 8320 8319
f 9086 9087 9085
f 9086 9088 9087
f 9088 8317 8319
f 9088 9086 8317

#List of body polygons
f 1007 1008 1006
f 1007 1009 1008
f 1009 1136 1135
f 1009 1007 1136
f 2381 2382 2380
f 2381 2383 2382
f 2380 1006 1008
f 2380 2382 1006
f 2561 2562 2560
f 2561 2563 2562
f 2560 2383 2381
f 2560 2562 2383
f 8320 8321 8319
f 8320 8322 8321
f 9088 9089 9087
f 9088 9090 9089
f 9090 8319 8321
f 9090 9088 8319

#List of body polygons
f 1009 1010 1008
f 1009 1011 1010
f 1011 1135 1134
f 1011 1009 1135
f 2379 2380 2378
f 2379 2381 2380
f 2378 1008 1010
f 2378 2380 1008
f 2559 2560 2558
f 2559 2561 2560
f 2558 2381 2379
f 2558 2560 2381
f 8322 8323 8321
f 8322 8324 8323
f 9090 9091 9089
f 9090 9092 9091
f 9092 8321 8323
f 9092 9090 8321

#List of body polygons
f 1011 1012 1010
f 1011 1013 1012
f 1013 1134 1133
f 1013 1011 1134
f 2376 2378 2377
f 2376 2379 2378
f 2377 1010 1012
f 2377 2378 1010
f 2557 2558 2556
f 2557 2559 2558
f 2556 2379 2376
f 2556 2558 2379
f 8324 8325 8323
f 8324 8326 8325
f 9092 9093 9091
f 9092 9094 9093
f 9094 8323 8325
f 9094 9092 8323

#List of body polygons
f 1013 1014 1012
f 1013 1015 1014
f 1013 1016 1015
f 1016 1133 1132
f 1016 1013 1133
f 1014 1161 1162
f 1161 1014 1015
f 1014 2376 2377
f 1014 2377 1012
f 2555 2556 2554
f 2555 2557 2556
f 2554 1014 1162
f 2554 2376 1014
f 2554 2556 2376
f 8326 8327 8325
f 8326 8328 8327
f 9094 9095 9093
f 9094 9096 9095
f 9096 8325 8327
f 9096 9094 8325

#List of body polygons
f 1016 1017 1015
f 1016 1018 1017
f 1018 1132 1131
f 1018 1016 1132
f 1161 1163 1162
f 1161 1164 1163
f 1164 1015 1017
f 1164 1161 1015
f 2553 2554 2552
f 2553 2555 2554
f 2552 1162 1163
f 2552 2554 1162
f 8328 8329 8327
f 8328 8330 8329
f 9096 9097 9095
f 9096 9098 9097
f 9098 8327 8329
f 9098 9096 8327

#List of body polygons
f 1018 1019 1017
f 1018 1020 1019
f 1020 1131 1130
f 1020 1018 1131
f 1164 1165 1163
f 1164 1166 1165
f 1166 1017 1019
f 1166 1164 1017
f 2551 2552 2550
f 2551 2553 2552
f 2550 1163 1165
f 2550 2552 1163
f 8330 8331 8329
f 8330 8332 8331
f 9098 9099 9097
f 9098 9100 9099
f 9100 8329 8331
f 9100 9098 8329

#List of body polygons
f 1020 1021 1019
f 1020 1022 1021
f 1022 1130 1129
f 1022 1020 1130
f 1166 1167 1165
f 1166 1168 1167
f 1168 1019 1021
f 1168 1166 1019
f 2549 2550 2548
f 2549 2551 2550
f 2548 1165 1167
f 2548 2550 1165
f 8332 8333 8331
f 8332 8334 8333
f 9100 9101 9099
f 9100 9102 9101
f 9102 8331 8333
f 9102 9100 8331

#List of body polygons
f 1022 1023 1021
f 1022 1024 1023
f 1024 1129 1128
f 1024 1022 1129
f 1168 1169 1167
f 1168 1170 1169
f 1170 1021 1023
f 1170 1168 1021
f 2547 2548 2546
f 2547 2549 2548
f 2546 1167 1169
f 2546 2548 1167
f 8334 8335 8333
f 8334 8336 8335
f 9102 9103 9101
f 9102 9104 9103
f 9104 8333 8335
f 9104 9102 8333

#List of body polygons
f 1024 1025 1023
f 1024 1026 1025
f 1026 1128 1127
f 1026 1024 1128
f 1170 1171 1169
f 1170 1172 1171
f 1172 1023 1371
f 1172 1170 1023
f 2545 2546 2544
f 2545 2547 2546
f 2544 1169 1171
f 2544 2546 1169
f 8336 8337 8335
f 8336 8338 8337
f 9104 9105 9103
f 9104 9106 9105
f 9106 8335 8337
f 9106 9104 8335

#List of body polygons
f 1026 1027 1025
f 1026 1028 1027
f 1028 1127 1126
f 1028 1026 1127
f 1172 1173 1171
f 1172 1174 1173
f 1174 1371 1370
f 1174 1172 1371
f 2543 2544 2542
f 2543 2545 2544
f 2542 1171 1173
f 2542 2544 1171
f 8338 8339 8337
f 8338 8340 8339
f 9106 9107 9105
f 9106 9108 9107
f 9108 8337 8339
f 9108 9106 8337

#List of body polygons
f 1028 1029 1027
f 1028 1030 1029
f 1030 1126 1125
f 1030 1028 1126
f 1174 1175 1173
f 1174 1176 1175
f 1176 1370 1029
f 1176 1174 1370
f 2541 2542 2540
f 2541 2543 2542
f 2540 1173 1175
f 2540 2542 1173
f 8340 8341 8339
f 8340 8342 8341
f 9108 9109 9107
f 9108 9110 9109
f 9110 8339 8341
f 9110 9108 8339

#List of body polygons
f 1030 1031 1029
f 1030 1032 1031
f 1032 1125 1124
f 1032 1030 1125
f 1176 1177 1175
f 1176 1178 1177
f 1178 1029 1031
f 1178 1176 1029
f 2539 2540 2538
f 2539 2541 2540
f 2538 1175 1177
f 2538 2540 1175
f 8342 8343 8341
f 8342 8344 8343
f 9110 9111 9109
f 9110 9112 9111
f 9112 8341 8343
f 9112 9110 8341

#List of body polygons
f 1032 1033 1031
f 1032 1034 1033
f 1034 1124 1123
f 1034 1032 1124
f 1178 1179 1177
f 1178 1180 1179
f 1180 1031 1033
f 1180 1178 1031
f 2537 2538 2536
f 2537 2539 2538
f 2536 1177 1179
f 2536 2538 1177
f 8344 8345 8343
f 8344 8346 8345
f 9112 9113 9111
f 9112 9114 9113
f 9114 8343 8345
f 9114 9112 8343

#List of body polygons
f 1034 1035 1033
f 1034 1036 1035
f 1036 1123 1122
f 1036 1034 1123
f 1180 1181 1179
f 1180 1182 1181
f 1182 1033 1035
f 1182 1180 1033
f 2535 2536 2534
f 2535 2537 2536
f 2534 1179 1181
f 2534 2536 1179
f 8346 8347 8345
f 8346 8348 8347
f 9114 9115 9113
f 9114 9116 9115
f 9116 8345 8347
f 9116 9114 8345

#List of body polygons
f 1036 1037 1035
f 1036 1038 1037
f 1038 1122 1121
f 1038 1036 1122
f 1182 1183 1181
f 1182 1184 1183
f 1184 1035 1037
f 1184 1182 1035
f 2533 2534 2532
f 2533 2535 2534
f 2532 1181 1183
f 2532 2534 1181
f 8348 8349 8347
f 8348 8350 8349
f 9116 9117 9115
f 9116 9118 9117
f 9118 8347 8349
f 9118 9116 8347

#List of body polygons
f 1038 1039 1037
f 1038 1040 1039
f 1040 1121 1120
f 1040 1038 1121
f 1184 1185 1183
f 1184 1186 1185
f 1186 1037 1039
f 1186 1184 1037
f 2531 2532 2530
f 2531 2533 2532
f 2530 1183 1185
f 2530 2532 1183
f 8350 8351 8349
f 8350 8352 8351
f 9118 9119 9117
f 9118 9120 9119
f 9120 8349 8351
f 9120 9118 8349

#List of body polygons
f 1040 1041 1039
f 1040 1042 1041
f 1042 1120 1119
f 1042 1040 1120
f 1186 1187 1185
f 1186 1188 1187
f 1188 1039 1041
f 1188 1186 1039
f 2529 2530 2528
f 2529 2531 2530
f 2528 1185 1187
f 2528 2530 1185
f 8352 8353 8351
f 8352 8354 8353
f 9120 9121 9119
f 9120 9122 9121
f 9122 8351 8353
f 9122 9120 8351

#List of body polygons
f 1042 1043 1041
f 1042 1044 1043
f 1044 1119 1118
f 1044 1042 1119
f 1188 1189 1187
f 1188 1190 1189
f 1190 1041 1043
f 1190 1188 1041
f 2527 2528 2526
f 2527 2529 2528
f 2526 1187 1189
f 2526 2528 1187
f 8354 8355 8353
f 8354 8356 8355
f 9122 9123 9121
f 9122 9124 9123
f 9124 8353 8355
f 9124 9122 8353

#List of body polygons
f 1044 1045 1043
f 1044 1046 1045
f 1046 1118 1117
f 1046 1044 1118
f 1190 1191 1189
f 1190 1192 1191
f 1192 1043 1045
f 1192 1190 1043
f 2524 2526 2525
f 2524 2527 2526
f 2525 1189 1191
f 2525 2526 1189
f 8356 8357 8355
f 8356 8358 8357
f 9124 9125 9123
f 9124 9126 9125
f 9126 8355 8357
f 9126 9124 8355

#List of body polygons
f 1046 1047 1045
f 1046 1048 1047
f 1048 1117 1116
f 1048 1046 1117
f 1192 1193 1191
f 1192 1194 1193
f 1192 1195 1194
f 1195 1045 1047
f 1195 1192 1045
f 1193 2524 2525
f 1193 2525 1191
f 8358 8359 8357
f 8358 8360 8359
f 9126 9127 9125
f 9126 9128 9127
f 9128 8357 8359
f 9128 9126 8357

#List of body polygons
f 1048 1049 1047
f 1048 1050 1049
f 1050 1116 1115
f 1050 1048 1116
f 1195 1196 1194
f 1195 1197 1196
f 1197 1047 1049
f 1197 1195 1047
f 8360 8361 8359
f 8360 8362 8361
f 9128 9129 9127
f 9128 9130 9129
f 9130 8359 8361
f 9130 9128 8359

#List of body polygons
f 1050 1051 1049
f 1050 1052 1051
f 1052 1115 1114
f 1052 1050 1115
f 1197 1198 1196
f 1197 1199 1198
f 1199 1049 1051
f 1199 1197 1049
f 8362 8363 8361
f 8362 8364 8363
f 9130 9131 9129
f 9130 9132 9131
f 9132 8361 8363
f 9132 9130 8361

#List of body polygons
f 1052 1053 1051
f 1052 1054 1053
f 1054 1114 1113
f 1054 1052 1114
f 1199 1200 1198
f 1199 1201 1200
f 1201 1051 1053
f 1201 1199 1051
f 8364 8365 8363
f 8364 8366 8365
f 9132 9133 9131
f 9132 9134 9133
f 9134 8363 8365
f 9134 9132 8363

#List of body polygons
f 1054 1055 1053
f 1054 1056 1055
f 1056 1113 1112
f 1056 1054 1113
f 1201 1202 1200
f 1201 1203 1202
f 1203 1053 1055
f 1203 1201 1053
f 8366 8367 8365
f 9134 8367 9133
f 8367 9134 8365

#List of body polygons
f 1056 1057 1055
f 1056 1058 1057
f 1058 1112 1111
f 1058 1056 1112
f 1203 1204 1202
f 1203 1205 1204
f 1205 1055 1057
f 1205 1203 1055

#List of body polygons
f 1058 1059 1057
f 1058 1060 1059
f 1060 1111 1110
f 1060 1058 1111
f 1205 1206 1204
f 1205 1207 1206
f 1207 1057 1059
f 1207 1205 1057

#List of body polygons
f 1060 1061 1059
f 1060 1062 1061
f 1062 1110 1109
f 1062 1060 1110
f 1207 1208 1206
f 1207 1209 1208
f 1209 1059 1061
f 1209 1207 1059

#List of body polygons
f 1062 1063 1061
f 1062 1064 1063
f 1064 1109 1108
f 1064 1062 1109
f 1209 1210 1208
f 1209 1211 1210
f 1211 1061 1063
f 1211 1209 1061

#List of body polygons
f 1064 1065 1063
f 1064 1066 1065
f 1066 1108 1107
f 1066 1064 1108
f 1211 1212 1210
f 1211 1213 1212
f 1213 1063 1065
f 1213 1211 1063

#List of body polygons
f 1066 1067 1065
f 1066 1068 1067
f 1068 1107 1106
f 1068 1066 1107
f 1213 1214 1212
f 1213 1215 1214
f 1215 1065 1067
f 1215 1213 1065

#List of body polygons
f 1068 1069 1067
f 1068 1070 1069
f 1070 1106 1105
f 1070 1068 1106
f 1215 1216 1214
f 1215 1217 1216
f 1217 1067 1069
f 1217 1215 1067

#List of body polygons
f 1070 1071 1069
f 1070 1072 1071
f 1072 1105 1104
f 1072 1070 1105
f 1217 1218 1216
f 1217 1219 1218
f 1219 1069 1071
f 1219 1217 1069

#List of body polygons
f 1072 1073 1071
f 1072 1074 1073
f 1074 1104 1103
f 1074 1072 1104
f 1219 1220 1218
f 1219 1221 1220
f 1221 1071 1073
f 1221 1219 1071

#List of body polygons
f 1074 1075 1073
f 1074 1076 1075
f 1076 1103 1102
f 1076 1074 1103
f 1221 1222 1220
f 1221 1223 1222
f 1223 1073 1075
f 1223 1221 1073

#List of body polygons
f 1076 1077 1075
f 1076 1078 1077
f 1078 1102 1101
f 1078 1076 1102
f 1223 1224 1222
f 1223 1225 1224
f 1225 1075 1077
f 1225 1223 1075

#List of body polygons
f 1078 1079 1077
f 1078 1080 1079
f 1080 1101 1100
f 1080 1078 1101
f 1225 1226 1224
f 1225 1227 1226
f 1227 1077 1079
f 1227 1225 1077

#List of body polygons
f 1080 1081 1079
f 1080 1082 1081
f 1082 1100 1099
f 1082 1080 1100
f 1227 1228 1226
f 1227 1229 1228
f 1229 1079 1081
f 1229 1227 1079

#List of body polygons
f 1082 1083 1081
f 1082 1084 1083
f 1084 1099 1098
f 1084 1082 1099
f 1229 1230 1228
f 1229 1231 1230
f 1231 1081 1083
f 1231 1229 1081

#List of body polygons
f 1084 1085 1083
f 1084 1086 1085
f 1086 1098 1097
f 1086 1084 1098
f 1231 1232 1230
f 1231 1233 1232
f 1233 1083 1085
f 1233 1231 1083

#List of body polygons
f 1086 1087 1085
f 1086 1088 1087
f 1088 1097 1096
f 1088 1086 1097
f 1233 1234 1232
f 1233 1235 1234
f 1235 1085 1087
f 1235 1233 1085

#List of body polygons
f 1088 1089 1087
f 1088 1090 1089
f 1090 1096 1095
f 1090 1088 1096
f 1235 1236 1234
f 1235 1237 1236
f 1237 1087 1089
f 1237 1235 1087

#List of body polygons
f 1090 1091 1089
f 1090 1092 1091
f 1092 1095 1094
f 1092 1090 1095
f 1237 1238 1236
f 1237 1239 1238
f 1239 1089 1091
f 1239 1237 1089

#List of body polygons
f 1092 1093 1091
f 1093 1092 1094
f 1239 1240 1238
f 1239 1241 1240
f 1241 1093 1369
f 1241 1091 1093
f 1241 1239 1091

#List of body polygons
f 1241 1242 1240
f 1241 1243 1242
f 1243 1369 1368
f 1243 1241 1369

#List of body polygons
f 1243 1244 1242
f 1243 1245 1244
f 1245 1368 1367
f 1245 1243 1368

#List of body polygons
f 1245 1246 1244
f 1245 1247 1246
f 1247 1367 1366
f 1247 1245 1367

#List of body polygons
f 1247 1248 1246
f 1247 1249 1248
f 1249 1366 1365
f 1249 1247 1366

#List of body polygons
f 1249 1250 1248
f 1249 1251 1250
f 1251 1365 1364
f 1251 1249 1365

#List of body polygons
f 1251 1252 1250
f 1251 1253 1252
f 1253 1364 1363
f 1253 1251 1364

#List of body polygons
f 1253 1254 1252
f 1253 1255 1254
f 1255 1363 1362
f 1255 1253 1363

#List of body polygons
f 1255 1256 1254
f 1255 1257 1256
f 1257 1362 1361
f 1257 1255 1362

#List of body polygons
f 1257 1258 1256
f 1257 1259 1258
f 1259 1361 1360
f 1259 1257 1361

#List of body polygons
f 1259 1260 1258
f 1259 1261 1260
f 1261 1360 1359
f 1261 1259 1360

#List of body polygons
f 1261 1262 1260
f 1261 1263 1262
f 1263 1359 1358
f 1263 1261 1359

#List of body polygons
f 1263 1264 1262
f 1263 1265 1264
f 1265 1358 1357
f 1265 1263 1358

#List of body polygons
f 1265 1266 1264
f 1265 1267 1266
f 1267 1357 1356
f 1267 1265 1357

#List of body polygons
f 1267 1268 1266
f 1267 1269 1268
f 1269 1356 1355
f 1269 1267 1356

#List of body polygons
f 1269 1270 1268
f 1269 1271 1270
f 1271 1355 1354
f 1271 1269 1355

#List of body polygons
f 1271 1272 1270
f 1271 1273 1272
f 1273 1354 1353
f 1273 1271 1354

#List of body polygons
f 1273 1274 1272
f 1273 1275 1274
f 1275 1353 1352
f 1275 1273 1353

#List of body polygons
f 1275 1276 1274
f 1275 1277 1276
f 1277 1352 1351
f 1277 1275 1352

#List of body polygons
f 1277 1278 1276
f 1277 1279 1278
f 1279 1351 1350
f 1279 1277 1351

#List of body polygons
f 1279 1280 1278
f 1279 1281 1280
f 1281 1350 1349
f 1281 1279 1350

#List of body polygons
f 1281 1282 1280
f 1281 1283 1282
f 1283 1349 1348
f 1283 1281 1349

#List of body polygons
f 1283 1284 1282
f 1283 1285 1284
f 1285 1348 1347
f 1285 1283 1348

#List of body polygons
f 1285 1286 1284
f 1285 1287 1286
f 1287 1347 1346
f 1287 1285 1347

#List of body polygons
f 1287 1288 1286
f 1287 1289 1288
f 1289 1346 1345
f 1289 1287 1346

#List of body polygons
f 1289 1290 1288
f 1289 1291 1290
f 1291 1345 1344
f 1291 1289 1345

#List of body polygons
f 1291 1292 1290
f 1291 1293 1292
f 1293 1344 1343
f 1293 1291 1344

#List of body polygons
f 1293 1294 1292
f 1293 1295 1294
f 1295 1343 1342
f 1295 1293 1343

#List of body polygons
f 1295 1296 1294
f 1295 1297 1296
f 1297 1342 1341
f 1297 1295 1342

#List of body polygons
f 1297 1298 1296
f 1297 1299 1298
f 1299 1341 1340
f 1299 1297 1341

#List of body polygons
f 1299 1300 1298
f 1299 1301 1300
f 1301 1340 1339
f 1301 1299 1340

#List of body polygons
f 1301 1302 1300
f 1301 1303 1302
f 1303 1339 1338
f 1303 1301 1339

#List of body polygons
f 1303 1304 1302
f 1303 1305 1304
f 1305 1338 1337
f 1305 1303 1338

#List of body polygons
f 1305 1306 1304
f 1305 1307 1306
f 1307 1337 1336
f 1307 1305 1337

#List of body polygons
f 1307 1308 1306
f 1307 1309 1308
f 1309 1336 1335
f 1309 1307 1336

#List of body polygons
f 1309 1310 1308
f 1309 1311 1310
f 1311 1335 1334
f 1311 1309 1335

#List of body polygons
f 1311 1312 1310
f 1311 1313 1312
f 1313 1334 1333
f 1313 1311 1334

#List of body polygons
f 1313 1314 1312
f 1313 1315 1314
f 1315 1333 1332
f 1315 1313 1333

#List of body polygons
f 1315 1316 1314
f 1315 1317 1316
f 1317 1332 1331
f 1317 1315 1332

#List of body polygons
f 1317 1318 1316
f 1317 1319 1318
f 1319 1331 1330
f 1319 1317 1331

#List of body polygons
f 1319 1320 1318
f 1319 1321 1320
f 1321 1330 1329
f 1321 1319 1330

#List of body polygons
f 1321 1322 1320
f 1321 1323 1322
f 1323 1329 1328
f 1323 1321 1329

#List of body polygons
f 1323 1324 1322
f 1323 1325 1324
f 1325 1328 1327
f 1325 1323 1328

#List of body polygons
f 1325 1326 1324
f 1326 1325 1327

#List of body lines
l 9135 9136
l 9136 9137
l 9137 9138
l 9138 9139
l 9139 9140
l 9140 9141
l 9141 9142
l 9142 9143
l 9143 9144
l 9144 9145
l 9136 9146
l 9146 9147
l 9147 9137
l 9137 9148
l 9148 9139
l 9139 9149
l 9149 9141
l 9141 9150
l 9150 9143
l 9143 9151
l 9151 9152
l 9152 9144
l 9146 9153
l 9153 9154
l 9154 9147
l 9147 9155
l 9155 9148
l 9148 9156
l 9156 9149
l 9149 9157
l 9157 9150
l 9150 9158
l 9158 9151
l 9151 9159
l 9159 9160
l 9160 9152
l 9153 9161
l 9161 9162
l 9162 9154
l 9154 9163
l 9163 9155
l 9155 9164
l 9164 9156
l 9156 9165
l 9165 9157
l 9157 9166
l 9166 9158
l 9158 9167
l 9167 9159
l 9159 9168
l 9168 9169
l 9169 9160
l 9161 9170
l 9170 9171
l 9171 9162
l 9162 9172
l 9172 9163
l 9163 9173
l 9173 9164
l 9164 9174
l 9174 9165
l 9165 9175
l 9175 9166
l 9166 9176
l 9176 9167
l 9167 9177
l 9177 9168
l 9168 9178
l 9178 9179
l 9179 9169
l 9170 9180
l 9180 9181
l 9181 9171
l 9171 9182
l 9182 9172
l 9172 9183
l 9183 9173
l 9173 9184
l 9184 9174
l 9174 9185
l 9185 9175
l 9175 9186
l 9186 9176
l 9176 9187
l 9187 9177
l 9177 9188
l 9188 9178
l 9178 9189
l 9189 9190
l 9190 9179
l 9180 9191
l 9191 9192
l 9192 9181
l 9181 9193
l 9193 9182
l 9182 9194
l 9194 9183
l 9183 9195
l 9195 9184
l 9184 9196
l 9196 9185
l 9185 9197
l 9197 9186
l 9186 9198
l 9198 9187
l 9187 9199
l 9199 9188
l 9188 9200
l 9200 9189
l 9189 9201
l 9201 9202
l 9202 9190
l 9191 9203
l 9203 9204
l 9204 9192
l 9192 9205
l 9205 9193
l 9193 9206
l 9206 9194
l 9194 9207
l 9207 9195
l 9195 9208
l 9208 9196
l 9196 9209
l 9209 9197
l 9197 9210
l 9210 9198
l 9198 9211
l 9211 9199
l 9199 9212
l 9212 9200
l 9200 9213
l 9213 9201
l 9203 9214
l 9214 9215
l 9215 9204
l 9204 9216
l 9216 9205
l 9205 9217
l 9217 9206
l 9206 9218
l 9218 9207
l 9207 9219
l 9219 9208
l 9208 9220
l 9220 9209
l 9209 9221
l 9221 9210
l 9210 9222
l 9222 9211
l 9211 9223
l 9223 9212
l 9212 9224
l 9224 9213
l 9214 9225
l 9225 9226
l 9226 9215
l 9215 9227
l 9227 9216
l 9216 9228
l 9228 9217
l 9217 9229
l 9229 9218
l 9218 9230
l 9230 9219
l 9219 9231
l 9231 9220
l 9220 9232
l 9232 9221
l 9221 9233
l 9233 9222
l 9222 9234
l 9234 9223
l 9223 9235
l 9235 9224
l 9225 9236
l 9236 9237
l 9237 9226
l 9226 9238
l 9238 9227
l 9227 9239
l 9239 9228
l 9228 9240
l 9240 9229
l 9229 9241
l 9241 9230
l 9230 9242
l 9242 9231
l 9231 9243
l 9243 9232
l 9232 9244
l 9244 9233
l 9233 9245
l 9245 9234
l 9234 9246
l 9246 9235
l 9236 9247
l 9247 9248
l 9248 9237
l 9237 9249
l 9249 9238
l 9238 9250
l 9250 9239
l 9239 9251
l 9251 9240
l 9240 9252
l 9252 9241
l 9241 9253
l 9253 9242
l 9242 9254
l 9254 9243
l 9243 9255
l 9255 9244
l 9244 9256
l 9256 9245
l 9245 9257
l 9257 9246
l 9247 9258
l 9258 9259
l 9259 9248
l 9248 9260
l 9260 9249
l 9249 9261
l 9261 9250
l 9250 9262
l 9262 9251
l 9251 9263
l 9263 9252
l 9252 9264
l 9264 9253
l 9253 9265
l 9265 9254
l 9254 9266
l 9266 9255
l 9255 9267
l 9267 9256
l 9256 9268
l 9268 9257
l 9258 9269
l 9269 9270
l 9270 9259
l 9259 9271
l 9271 9260
l 9260 9272
l 9272 9261
l 9261 9273
l 9273 9262
l 9262 9274
l 9274 9263
l 9263 9275
l 9275 9264
l 9264 9276
l 9276 9265
l 9265 9277
l 9277 9266
l 9266 9278
l 9278 9267
l 9267 9279
l 9279 9268
l 9269 9280
l 9280 9281
l 9281 9270
l 9270 9282
l 9282 9271
l 9271 9283
l 9283 9272
l 9272 9284
l 9284 9273
l 9273 9285
l 9285 9274
l 9274 9286
l 9286 9275
l 9275 9287
l 9287 9276
l 9276 9288
l 9288 9277
l 9277 9289
l 9289 9278
l 9278 9290
l 9290 9279
l 9280 9291
l 9291 9292
l 9292 9281
l 9281 9293
l 9293 9282
l 9282 9294
l 9294 9283
l 9283 9295
l 9295 9284
l 9284 9296
l 9296 9285
l 9285 9297
l 9297 9286
l 9286 9298
l 9298 9287
l 9287 9299
l 9299 9288
l 9288 9300
l 9300 9289
l 9289 9301
l 9301 9290
l 9291 9302
l 9302 9303
l 9303 9292
l 9292 9304
l 9304 9293
l 9293 9305
l 9305 9294
l 9294 9306
l 9306 9295
l 9295 9307
l 9307 9296
l 9296 9308
l 9308 9297
l 9297 9309
l 9309 9298
l 9298 9310
l 9310 9299
l 9299 9311
l 9311 9300
l 9300 9312
l 9312 9301
l 9302 9313
l 9313 9314
l 9314 9303
l 9303 9315
l 9315 9304
l 9304 9316
l 9316 9305
l 9305 9317
l 9317 9306
l 9306 9318
l 9318 9307
l 9307 9319
l 9319 9308
l 9308 9320
l 9320 9309
l 9309 9321
l 9321 9310
l 9310 9322
l 9322 9311
l 9311 9323
l 9323 9312
l 9313 9324
l 9324 9325
l 9325 9314
l 9314 9326
l 9326 9315
l 9315 9327
l 9327 9316
l 9316 9328
l 9328 9317
l 9317 9329
l 9329 9318
l 9318 9330
l 9330 9319
l 9319 9331
l 9331 9320
l 9320 9332
l 9332 9321
l 9321 9333
l 9333 9322
l 9322 9334
l 9334 9323
l 9324 9335
l 9335 9336
l 9336 9325
l 9325 9337
l 9337 9326
l 9326 9338
l 9338 9327
l 9327 9339
l 9339 9328
l 9328 9340
l 9340 9329
l 9329 9341
l 9341 9330
l 9330 9342
l 9342 9331
l 9331 9343
l 9343 9332
l 9332 9344
l 9344 9333
l 9333 9345
l 9345 9334
l 9335 9346
l 9346 9347
l 9347 9336
l 9336 9348
l 9348 9337
l 9337 9349
l 9349 9338
l 9338 9350
l 9350 9339
l 9339 9351
l 9351 9340
l 9340 9352
l 9352 9341
l 9341 9353
l 9353 9342
l 9342 9354
l 9354 9343
l 9343 9355
l 9355 9344
l 9344 9356
l 9356 9345
l 9346 9357
l 9357 9358
l 9358 9347
l 9347 9359
l 9359 9348
l 9348 9360
l 9360 9349
l 9349 9361
l 9361 9350
l 9350 9362
l 9362 9351
l 9351 9363
l 9363 9352
l 9352 9364
l 9364 9353
l 9353 9365
l 9365 9354
l 9354 9366
l 9366 9355
l 9355 9367
l 9367 9356
l 9357 9368
l 9368 9369
l 9369 9358
l 9358 9370
l 9370 9359
l 9359 9371
l 9371 9360
l 9360 9372
l 9372 9361
l 9361 9373
l 9373 9362
l 9362 9374
l 9374 9363
l 9363 9375
l 9375 9364
l 9364 9376
l 9376 9365
l 9365 9377
l 9377 9366
l 9366 9378
l 9378 9367
l 9368 9379
l 9379 9380
l 9380 9369
l 9369 9381
l 9381 9370
l 9370 9382
l 9382 9371
l 9371 9383
l 9383 9372
l 9372 9384
l 9384 9373
l 9373 9385
l 9385 9374
l 9374 9386
l 9386 9375
l 9375 9387
l 9387 9376
l 9376 9388
l 9388 9377
l 9377 9389
l 9389 9378
l 9379 9390
l 9390 9391
l 9391 9380
l 9380 9392
l 9392 9381
l 9381 9393
l 9393 9382
l 9382 9394
l 9394 9383
l 9383 9395
l 9395 9384
l 9384 9396
l 9396 9385
l 9385 9397
l 9397 9386
l 9386 9398
l 9398 9387
l 9387 9399
l 9399 9388
l 9388 9400
l 9400 9389
l 9390 9401
l 9401 9402
l 9402 9391
l 9391 9403
l 9403 9392
l 9392 9404
l 9404 9393
l 9393 9405
l 9405 9394
l 9394 9406
l 9406 9395
l 9395 9407
l 9407 9396
l 9396 9408
l 9408 9397
l 9397 9409
l 9409 9398
l 9398 9410
l 9410 9399
l 9399 9411
l 9411 9400
l 9401 9412
l 9412 9413
l 9413 9402
l 9402 9414
l 9414 9403
l 9403 9415
l 9415 9404
l 9404 9416
l 9416 9405
l 9405 9417
l 9417 9406
l 9406 9418
l 9418 9407
l 9407 9419
l 9419 9408
l 9408 9420
l 9420 9409
l 9409 9421
l 9421 9410
l 9410 9422
l 9422 9411
l 9412 9423
l 9423 9424
l 9424 9413
l 9413 9425
l 9425 9414
l 9414 9426
l 9426 9415
l 9415 9427
l 9427 9416
l 9416 9428
l 9428 9417
l 9417 9429
l 9429 9418
l 9418 9430
l 9430 9419
l 9419 9431
l 9431 9420
l 9420 9432
l 9432 9421
l 9421 9433
l 9433 9422
l 9423 9434
l 9434 9435
l 9435 9424
l 9424 9436
l 9436 9425
l 9425 9437
l 9437 9426
l 9426 9438
l 9438 9427
l 9427 9439
l 9439 9428
l 9428 9440
l 9440 9429
l 9429 9441
l 9441 9430
l 9430 9442
l 9442 9431
l 9431 9443
l 9443 9432
l 9432 9444
l 9444 9433
l 9434 9445
l 9445 9446
l 9446 9435
l 9435 9447
l 9447 9436
l 9436 9448
l 9448 9437
l 9437 9449
l 9449 9438
l 9438 9450
l 9450 9439
l 9439 9451
l 9451 9440
l 9440 9452
l 9452 9441
l 9441 9453
l 9453 9442
l 9442 9454
l 9454 9443
l 9443 9455
l 9455 9444
l 9445 9456
l 9456 9457
l 9457 9446
l 9446 9458
l 9458 9447
l 9447 9459
l 9459 9448
l 9448 9460
l 9460 9449
l 9449 9461
l 9461 9450
l 9450 9462
l 9462 9451
l 9451 9463
l 9463 9452
l 9452 9464
l 9464 9453
l 9453 9465
l 9465 9454
l 9454 9466
l 9466 9455
l 9456 9467
l 9467 9468
l 9468 9457
l 9457 9469
l 9469 9458
l 9458 9470
l 9470 9459
l 9459 9471
l 9471 9460
l 9460 9472
l 9472 9461
l 9461 9473
l 9473 9462
l 9462 9474
l 9474 9463
l 9463 9475
l 9475 9464
l 9464 9476
l 9476 9465
l 9465 9477
l 9477 9466
l 9467 9478
l 9478 9479
l 9479 9468
l 9468 9480
l 9480 9469
l 9469 9481
l 9481 9470
l 9470 9482
l 9482 9471
l 9471 9483
l 9483 9472
l 9472 9484
l 9484 9473
l 9473 9485
l 9485 9474
l 9474 9486
l 9486 9475
l 9475 9487
l 9487 9476
l 9476 9488
l 9488 9477
l 9478 9489
l 9489 9490
l 9490 9479
l 9479 9491
l 9491 9480
l 9480 9492
l 9492 9481
l 9481 9493
l 9493 9482
l 9482 9494
l 9494 9483
l 9483 9495
l 9495 9484
l 9484 9496
l 9496 9485
l 9485 9497
l 9497 9486
l 9486 9498
l 9498 9487
l 9487 9499
l 9499 9488
l 9489 9500
l 9500 9501
l 9501 9490
l 9490 9502
l 9502 9491
l 9491 9503
l 9503 9492
l 9492 9504
l 9504 9493
l 9493 9505
l 9505 9494
l 9494 9506
l 9506 9495
l 9495 9507
l 9507 9496
l 9496 9508
l 9508 9497
l 9497 9509
l 9509 9498
l 9498 9510
l 9510 9499
l 9500 9511
l 9511 9512
l 9512 9501
l 9501 9513
l 9513 9502
l 9502 9514
l 9514 9503
l 9503 9515
l 9515 9504
l 9504 9516
l 9516 9505
l 9505 9517
l 9517 9506
l 9506 9518
l 9518 9507
l 9507 9519
l 9519 9508
l 9508 9520
l 9520 9509
l 9509 9521
l 9521 9510
l 9511 9522
l 9522 9523
l 9523 9512
l 9512 9524
l 9524 9513
l 9513 9525
l 9525 9514
l 9514 9526
l 9526 9515
l 9515 9527
l 9527 9516
l 9516 9528
l 9528 9517
l 9517 9529
l 9529 9518
l 9518 9530
l 9530 9519
l 9519 9531
l 9531 9520
l 9520 9532
l 9532 9521
l 9522 9533
l 9533 9534
l 9534 9523
l 9523 9535
l 9535 9524
l 9524 9536
l 9536 9525
l 9525 9537
l 9537 9526
l 9526 9538
l 9538 9527
l 9527 9539
l 9539 9528
l 9528 9540
l 9540 9529
l 9529 9541
l 9541 9530
l 9530 9542
l 9542 9531
l 9531 9543
l 9543 9532
l 9533 9544
l 9544 9545
l 9545 9534
l 9534 9546
l 9546 9535
l 9535 9547
l 9547 9536
l 9536 9548
l 9548 9537
l 9537 9549
l 9549 9538
l 9538 9550
l 9550 9539
l 9539 9551
l 9551 9540
l 9540 9552
l 9552 9541
l 9541 9553
l 9553 9542
l 9542 9554
l 9554 9543
l 9544 9555
l 9555 9556
l 9556 9545
l 9545 9557
l 9557 9546
l 9546 9558
l 9558 9547
l 9547 9559
l 9559 9548
l 9548 9560
l 9560 9549
l 9549 9561
l 9561 9550
l 9550 9562
l 9562 9551
l 9551 9563
l 9563 9552
l 9552 9564
l 9564 9553
l 9553 9565
l 9565 9554
l 9555 9566
l 9566 9567
l 9567 9556
l 9556 9568
l 9568 9557
l 9557 9569
l 9569 9558
l 9558 9570
l 9570 9559
l 9559 9571
l 9571 9560
l 9560 9572
l 9572 9561
l 9561 9573
l 9573 9562
l 9562 9574
l 9574 9563
l 9563 9575
l 9575 9564
l 9564 9576
l 9576 9565
l 9566 9577
l 9577 9578
l 9578 9567
l 9567 9579
l 9579 9568
l 9568 9580
l 9580 9569
l 9569 9581
l 9581 9570
l 9570 9582
l 9582 9571
l 9571 9583
l 9583 9572
l 9572 9584
l 9584 9573
l 9573 9585
l 9585 9574
l 9574 9586
l 9586 9575
l 9575 9587
l 9587 9576
l 9577 9588
l 9588 9589
l 9589 9578
l 9578 9590
l 9590 9579
l 9579 9591
l 9591 9580
l 9580 9592
l 9592 9581
l 9581 9593
l 9593 9582
l 9582 9594
l 9594 9583
l 9583 9595
l 9595 9584
l 9584 9596
l 9596 9585
l 9585 9597
l 9597 9586
l 9586 9598
l 9598 9587
l 9588 9599
l 9599 9600
l 9600 9589
l 9589 9601
l 9601 9590
l 9590 9602
l 9602 9591
l 9591 9603
l 9603 9592
l 9592 9604
l 9604 9593
l 9593 9605
l 9605 9594
l 9594 9606
l 9606 9595
l 9595 9607
l 9607 9596
l 9596 9608
l 9608 9597
l 9597 9609
l 9609 9598
l 9599 9610
l 9610 9611
l 9611 9600
l 9600 9612
l 9612 9601
l 9601 9613
l 9613 9602
l 9602 9614
l 9614 9603
l 9603 9615
l 9615 9604
l 9604 9616
l 9616 9605
l 9605 9617
l 9617 9606
l 9606 9618
l 9618 9607
l 9607 9619
l 9619 9608
l 9608 9620
l 9620 9609
l 9610 9621
l 9621 9622
l 9622 9611
l 9611 9623
l 9623 9612
l 9612 9624
l 9624 9613
l 9613 9625
l 9625 9614
l 9614 9626
l 9626 9615
l 9615 9627
l 9627 9616
l 9616 9628
l 9628 9617
l 9617 9629
l 9629 9618
l 9618 9630
l 9630 9619
l 9619 9631
l 9631 9620
l 9621 9632
l 9632 9633
l 9633 9622
l 9622 9634
l 9634 9623
l 9623 9635
l 9635 9624
l 9624 9636
l 9636 9625
l 9625 9637
l 9637 9626
l 9626 9638
l 9638 9627
l 9627 9639
l 9639 9628
l 9628 9640
l 9640 9629
l 9629 9641
l 9641 9630
l 9630 9642
l 9642 9631
l 9632 9643
l 9643 9644
l 9644 9633
l 9633 9645
l 9645 9634
l 9634 9646
l 9646 9635
l 9635 9647
l 9647 9636
l 9636 9648
l 9648 9637
l 9637 9649
l 9649 9638
l 9638 9650
l 9650 9639
l 9639 9651
l 9651 9640
l 9640 9652
l 9652 9641
l 9641 9653
l 9653 9642
l 9643 9654
l 9654 9655
l 9655 9644
l 9644 9656
l 9656 9645
l 9645 9657
l 9657 9646
l 9646 9658
l 9658 9647
l 9647 9659
l 9659 9648
l 9648 9660
l 9660 9649
l 9649 9661
l 9661 9650
l 9650 9662
l 9662 9651
l 9651 9663
l 9663 9652
l 9652 9664
l 9664 9653
l 9654 9665
l 9665 9666
l 9666 9655
l 9655 9667
l 9667 9656
l 9656 9668
l 9668 9657
l 9657 9669
l 9669 9658
l 9658 9670
l 9670 9659
l 9659 9671
l 9671 9660
l 9660 9672
l 9672 9661
l 9661 9673
l 9673 9662
l 9662 9674
l 9674 9663
l 9663 9675
l 9675 9664
l 9665 9676
l 9676 9677
l 9677 9666
l 9666 9678
l 9678 9667
l 9667 9679
l 9679 9668
l 9668 9680
l 9680 9669
l 9669 9681
l 9681 9670
l 9670 9682
l 9682 9671
l 9671 9683
l 9683 9672
l 9672 9684
l 9684 9673
l 9673 9685
l 9685 9674
l 9674 9686
l 9686 9675
l 9676 9687
l 9687 9688
l 9688 9677
l 9677 9689
l 9689 9678
l 9678 9690
l 9690 9679
l 9679 9691
l 9691 9680
l 9680 9692
l 9692 9681
l 9681 9693
l 9693 9682
l 9682 9694
l 9694 9683
l 9683 9695
l 9695 9684
l 9684 9696
l 9696 9685
l 9685 9697
l 9697 9686
l 9687 9698
l 9698 9699
l 9699 9688
l 9688 9700
l 9700 9689
l 9689 9701
l 9701 9690
l 9690 9702
l 9702 9691
l 9691 9703
l 9703 9692
l 9692 9704
l 9704 9693
l 9693 9705
l 9705 9694
l 9694 9706
l 9706 9695
l 9695 9707
l 9707 9696
l 9696 9708
l 9708 9697
l 9698 9709
l 9709 9710
l 9710 9699
l 9699 9711
l 9711 9700
l 9700 9712
l 9712 9701
l 9701 9713
l 9713 9702
l 9702 9714
l 9714 9703
l 9703 9715
l 9715 9704
l 9704 9716
l 9716 9705
l 9705 9717
l 9717 9706
l 9706 9718
l 9718 9707
l 9707 9719
l 9719 9708
l 9709 9720
l 9720 9721
l 9721 9710
l 9710 9722
l 9722 9711
l 9711 9723
l 9723 9712
l 9712 9724
l 9724 9713
l 9713 9725
l 9725 9714
l 9714 9726
l 9726 9715
l 9715 9727
l 9727 9716
l 9716 9728
l 9728 9717
l 9717 9729
l 9729 9718
l 9718 9730
l 9730 9719
l 9720 9731
l 9731 9732
l 9732 9721
l 9721 9733
l 9733 9722
l 9722 9734
l 9734 9723
l 9723 9735
l 9735 9724
l 9724 9736
l 9736 9725
l 9725 9737
l 9737 9726
l 9726 9738
l 9738 9727
l 9727 9739
l 9739 9728
l 9728 9740
l 9740 9729
l 9729 9741
l 9741 9730
l 9731 9742
l 9742 9743
l 9743 9732
l 9732 9744
l 9744 9733
l 9733 9745
l 9745 9734
l 9734 9746
l 9746 9735
l 9735 9747
l 9747 9736
l 9736 9748
l 9748 9737
l 9737 9749
l 9749 9738
l 9738 9750
l 9750 9739
l 9739 9751
l 9751 9740
l 9740 9752
l 9752 9741
l 9742 9753
l 9753 9754
l 9754 9743
l 9743 9755
l 9755 9744
l 9744 9756
l 9756 9745
l 9745 9757
l 9757 9746
l 9746 9758
l 9758 9747
l 9747 9759
l 9759 9748
l 9748 9760
l 9760 9749
l 9749 9761
l 9761 9750
l 9750 9762
l 9762 9751
l 9751 9763
l 9763 9752
l 9753 9764
l 9764 9765
l 9765 9754
l 9754 9766
l 9766 9755
l 9755 9767
l 9767 9756
l 9756 9768
l 9768 9757
l 9757 9769
l 9769 9758
l 9758 9770
l 9770 9759
l 9759 9771
l 9771 9760
l 9760 9772
l 9772 9761
l 9761 9773
l 9773 9762
l 9762 9774
l 9774 9763
l 9764 9775
l 9775 9776
l 9776 9765
l 9765 9777
l 9777 9766
l 9766 9778
l 9778 9767
l 9767 9779
l 9779 9768
l 9768 9780
l 9780 9769
l 9769 9781
l 9781 9770
l 9770 9782
l 9782 9771
l 9771 9783
l 9783 9772
l 9772 9784
l 9784 9773
l 9773 9785
l 9785 9774
l 9775 9786
l 9786 9787
l 9787 9776
l 9776 9788
l 9788 9777
l 9777 9789
l 9789 9778
l 9778 9790
l 9790 9779
l 9779 9791
l 9791 9780
l 9780 9792
l 9792 9781
l 9781 9793
l 9793 9782
l 9782 9794
l 9794 9783
l 9783 9795
l 9795 9784
l 9784 9796
l 9796 9785
l 9786 9797
l 9797 9798
l 9798 9787
l 9787 9799
l 9799 9788
l 9788 9800
l 9800 9789
l 9789 9801
l 9801 9790
l 9790 9802
l 9802 9791
l 9791 9803
l 9803 9792
l 9792 9804
l 9804 9793
l 9793 9805
l 9805 9794
l 9794 9806
l 9806 9795
l 9795 9807
l 9807 9796
l 9797 9808
l 9808 9809
l 9809 9798
l 9798 9810
l 9810 9799
l 9799 9811
l 9811 9800
l 9800 9812
l 9812 9801
l 9801 9813
l 9813 9802
l 9802 9814
l 9814 9803
l 9803 9815
l 9815 9804
l 9804 9816
l 9816 9805
l 9805 9817
l 9817 9806
l 9806 9818
l 9818 9807
l 9808 9819
l 9819 9820
l 9820 9809
l 9809 9821
l 9821 9810
l 9810 9822
l 9822 9811
l 9811 9823
l 9823 9812
l 9812 9824
l 9824 9813
l 9813 9825
l 9825 9814
l 9814 9826
l 9826 9815
l 9815 9827
l 9827 9816
l 9816 9828
l 9828 9817
l 9817 9829
l 9829 9818
l 9819 9830
l 9830 9831
l 9831 9820
l 9820 9832
l 9832 9821
l 9821 9833
l 9833 9822
l 9822 9834
l 9834 9823
l 9823 9835
l 9835 9824
l 9824 9836
l 9836 9825
l 9825 9837
l 9837 9826
l 9826 9838
l 9838 9827
l 9827 9839
l 9839 9828
l 9828 9840
l 9840 9829
l 9830 9841
l 9841 9842
l 9842 9831
l 9831 9843
l 9843 9832
l 9832 9844
l 9844 9833
l 9833 9845
l 9845 9834
l 9834 9846
l 9846 9835
l 9835 9847
l 9847 9836
l 9836 9848
l 9848 9837
l 9837 9849
l 9849 9838
l 9838 9850
l 9850 9839
l 9839 9851
l 9851 9840
l 9841 9852
l 9852 9853
l 9853 9842
l 9842 9854
l 9854 9843
l 9843 9855
l 9855 9844
l 9844 9856
l 9856 9845
l 9845 9857
l 9857 9846
l 9846 9858
l 9858 9847
l 9847 9859
l 9859 9848
l 9848 9860
l 9860 9849
l 9849 9861
l 9861 9850
l 9850 9862
l 9862 9851
l 9852 9863
l 9863 9864
l 9864 9853
l 9853 9865
l 9865 9854
l 9854 9866
l 9866 9855
l 9855 9867
l 9867 9856
l 9856 9868
l 9868 9857
l 9857 9869
l 9869 9858
l 9858 9870
l 9870 9859
l 9859 9871
l 9871 9860
l 9860 9872
l 9872 9861
l 9861 9873
l 9873 9862
l 9863 9874
l 9874 9875
l 9875 9864
l 9864 9876
l 9876 9865
l 9865 9877
l 9877 9866
l 9866 9878
l 9878 9867
l 9867 9879
l 9879 9868
l 9868 9880
l 9880 9869
l 9869 9881
l 9881 9870
l 9870 9882
l 9882 9871
l 9871 9883
l 9883 9872
l 9872 9884
l 9884 9873
l 9874 9885
l 9885 9886
l 9886 9875
l 9875 9887
l 9887 9876
l 9876 9888
l 9888 9877
l 9877 9889
l 9889 9878
l 9878 9890
l 9890 9879
l 9879 9891
l 9891 9880
l 9880 9892
l 9892 9881
l 9881 9893
l 9893 9882
l 9882 9894
l 9894 9883
l 9883 9895
l 9895 9884
l 9885 9896
l 9896 9897
l 9897 9886
l 9886 9898
l 9898 9887
l 9887 9899
l 9899 9888
l 9888 9900
l 9900 9889
l 9889 9901
l 9901 9890
l 9890 9902
l 9902 9891
l 9891 9903
l 9903 9892
l 9892 9904
l 9904 9893
l 9893 9905
l 9905 9894
l 9894 9906
l 9906 9895
l 9896 9907
l 9907 9908
l 9908 9897
l 9897 9909
l 9909 9898
l 9898 9910
l 9910 9899
l 9899 9911
l 9911 9900
l 9900 9912
l 9912 9901
l 9901 9913
l 9913 9902
l 9902 9914
l 9914 9903
l 9903 9915
l 9915 9904
l 9904 9916
l 9916 9905
l 9905 9917
l 9917 9906
l 9907 9918
l 9918 9919
l 9919 9908
l 9908 9920
l 9920 9909
l 9909 9921
l 9921 9910
l 9910 9922
l 9922 9911
l 9911 9923
l 9923 9912
l 9912 9924
l 9924 9913
l 9913 9925
l 9925 9914
l 9914 9926
l 9926 9915
l 9915 9927
l 9927 9916
l 9916 9928
l 9928 9917
l 9918 9929
l 9929 9930
l 9930 9919
l 9919 9931
l 9931 9920
l 9920 9932
l 9932 9921
l 9921 9933
l 9933 9922
l 9922 9934
l 9934 9923
l 9923 9935
l 9935 9924
l 9924 9936
l 9936 9925
l 9925 9937
l 9937 9926
l 9926 9938
l 9938 9927
l 9927 9939
l 9939 9928
l 9929 9940
l 9940 9941
l 9941 9930
l 9930 9942
l 9942 9931
l 9931 9943
l 9943 9932
l 9932 9944
l 9944 9933
l 9933 9945
l 9945 9934
l 9934 9946
l 9946 9935
l 9935 9947
l 9947 9936
l 9936 9948
l 9948 9937
l 9937 9949
l 9949 9938
l 9938 9950
l 9950 9939
l 9940 9951
l 9951 9952
l 9952 9941
l 9941 9953
l 9953 9942
l 9942 9954
l 9954 9943
l 9943 9955
l 9955 9944
l 9944 9956
l 9956 9945
l 9945 9957
l 9957 9946
l 9946 9958
l 9958 9947
l 9947 9959
l 9959 9948
l 9948 9960
l 9960 9949
l 9949 9961
l 9961 9950
l 9951 9962
l 9962 9963
l 9963 9952
l 9952 9964
l 9964 9953
l 9953 9965
l 9965 9954
l 9954 9966
l 9966 9955
l 9955 9967
l 9967 9956
l 9956 9968
l 9968 9957
l 9957 9969
l 9969 9958
l 9958 9970
l 9970 9959
l 9959 9971
l 9971 9960
l 9960 9972
l 9972 9961
l 9962 9973
l 9973 9974
l 9974 9963
l 9963 9975
l 9975 9964
l 9964 9976
l 9976 9965
l 9965 9977
l 9977 9966
l 9966 9978
l 9978 9967
l 9967 9979
l 9979 9968
l 9968 9980
l 9980 9969
l 9969 9981
l 9981 9970
l 9970 9982
l 9982 9971
l 9971 9983
l 9983 9972
l 9973 9984
l 9984 9985
l 9985 9974
l 9974 9986
l 9986 9975
l 9975 9987
l 9987 9976
l 9976 9988
l 9988 9977
l 9977 9989
l 9989 9978
l 9978 9990
l 9990 9979
l 9979 9991
l 9991 9980
l 9980 9992
l 9992 9981
l 9981 9993
l 9993 9982
l 9982 9994
l 9994 9983
l 9984 9995
l 9995 9996
l 9996 9985
l 9985 9997
l 9997 9986
l 9986 9998
l 9998 9987
l 9987 9999
l 9999 9988
l 9988 10000
l 10000 9989
l 9989 10001
l 10001 9990
l 9990 10002
l 10002 9991
l 9991 10003
l 10003 9992
l 9992 10004
l 10004 9993
l 9993 10005
l 10005 9994
l 9995 10006
l 10006 10007
l 10007 9996
l 9996 10008
l 10008 9997
l 9997 10009
l 10009 9998
l 9998 10010
l 10010 9999
l 9999 10011
l 10011 10000
l 10000 10012
l 10012 10001
l 10001 10013
l 10013 10002
l 10002 10014
l 10014 10003
l 10003 10015
l 10015 10004
l 10004 10016
l 10016 10005
l 10006 10017
l 10017 10018
l 10018 10007
l 10007 10019
l 10019 10008
l 10008 10020
l 10020 10009
l 10009 10021
l 10021 10010
l 10010 10022
l 10022 10011
l 10011 10023
l 10023 10012
l 10012 10024
l 10024 10013
l 10013 10025
l 10025 10014
l 10014 10026
l 10026 10015
l 10015 10027
l 10027 10016
l 10017 10028
l 10028 10029
l 10029 10018
l 10018 10030
l 10030 10019
l 10019 10031
l 10031 10020
l 10020 10032
l 10032 10021
l 10021 10033
l 10033 10022
l 10022 10034
l 10034 10023
l 10023 10035
l 10035 10024
l 10024 10036
l 10036 10025
l 10025 10037
l 10037 10026
l 10026 10038
l 10038 10027
l 10028 10039
l 10039 10040
l 10040 10029
l 10029 10041
l 10041 10030
l 10030 10042
l 10042 10031
l 10031 10043
l 10043 10032
l 10032 10044
l 10044 10033
l 10033 10045
l 10045 10034
l 10034 10046
l 10046 10035
l 10035 10047
l 10047 10036
l 10036 10048
l 10048 10037
l 10037 10049
l 10049 10038
l 10039 10050
l 10050 10051
l 10051 10040
l 10040 10052
l 10052 10041
l 10041 10053
l 10053 10042
l 10042 10054
l 10054 10043
l 10043 10055
l 10055 10044
l 10044 10056
l 10056 10045
l 10045 10057
l 10057 10046
l 10046 10058
l 10058 10047
l 10047 10059
l 10059 10048
l 10048 10060
l 10060 10049
l 10050 10061
l 10061 10062
l 10062 10051
l 10051 10063
l 10063 10052
l 10052 10064
l 10064 10053
l 10053 10065
l 10065 10054
l 10054 10066
l 10066 10055
l 10055 10067
l 10067 10056
l 10056 10068
l 10068 10057
l 10057 10069
l 10069 10058
l 10058 10070
l 10070 10059
l 10059 10071
l 10071 10060
l 10061 10072
l 10072 10073
l 10073 10062
l 10062 10074
l 10074 10063
l 10063 10075
l 10075 10064
l 10064 10076
l 10076 10065
l 10065 10077
l 10077 10066
l 10066 10078
l 10078 10067
l 10067 10079
l 10079 10068
l 10068 10080
l 10080 10069
l 10069 10081
l 10081 10070
l 10070 10082
l 10082 10071
l 10072 10083
l 10083 10084
l 10084 10073
l 10073 10085
l 10085 10074
l 10074 10086
l 10086 10075
l 10075 10087
l 10087 10076
l 10076 10088
l 10088 10077
l 10077 10089
l 10089 10078
l 10078 10090
l 10090 10079
l 10079 10091
l 10091 10080
l 10080 10092
l 10092 10081
l 10081 10093
l 10093 10082
l 10083 10094
l 10094 10095
l 10095 10084
l 10084 10096
l 10096 10085
l 10085 10097
l 10097 10086
l 10086 10098
l 10098 10087
l 10087 10099
l 10099 10088
l 10088 10100
l 10100 10089
l 10089 10101
l 10101 10090
l 10090 10102
l 10102 10091
l 10091 10103
l 10103 10092
l 10092 10104
l 10104 10093
l 10094 10105
l 10105 10106
l 10106 10095
l 10095 10107
l 10107 10096
l 10096 10108
l 10108 10097
l 10097 10109
l 10109 10098
l 10098 10110
l 10110 10099
l 10099 10111
l 10111 10100
l 10100 10112
l 10112 10101
l 10101 10113
l 10113 10102
l 10102 10114
l 10114 10103
l 10103 10115
l 10115 10104
l 10105 10116
l 10116 10117
l 10117 10106
l 10106 10118
l 10118 10107
l 10107 10119
l 10119 10108
l 10108 10120
l 10120 10109
l 10109 10121
l 10121 10110
l 10110 10122
l 10122 10111
l 10111 10123
l 10123 10112
l 10112 10124
l 10124 10113
l 10113 10125
l 10125 10114
l 10114 10126
l 10126 10115
l 10116 10127
l 10127 10128
l 10128 10117
l 10117 10129
l 10129 10118
l 10118 10130
l 10130 10119
l 10119 10131
l 10131 10120
l 10120 10132
l 10132 10121
l 10121 10133
l 10133 10122
l 10122 10134
l 10134 10123
l 10123 10135
l 10135 10124
l 10124 10136
l 10136 10125
l 10125 10137
l 10137 10126
l 10127 10138
l 10138 10139
l 10139 10128
l 10128 10140
l 10140 10129
l 10129 10141
l 10141 10130
l 10130 10142
l 10142 10131
l 10131 10143
l 10143 10132
l 10132 10144
l 10144 10133
l 10133 10145
l 10145 10134
l 10134 10146
l 10146 10135
l 10135 10147
l 10147 10136
l 10136 10148
l 10148 10137
l 10138 10149
l 10149 10150
l 10150 10139
l 10139 10151
l 10151 10140
l 10140 10152
l 10152 10141
l 10141 10153
l 10153 10142
l 10142 10154
l 10154 10143
l 10143 10155
l 10155 10144
l 10144 10156
l 10156 10145
l 10145 10157
l 10157 10146
l 10146 10158
l 10158 10147
l 10147 10159
l 10159 10148
l 10149 10160
l 10160 10161
l 10161 10150
l 10150 10162
l 10162 10151
l 10151 10163
l 10163 10152
l 10152 10164
l 10164 10153
l 10153 10165
l 10165 10154
l 10154 10166
l 10166 10155
l 10155 10167
l 10167 10156
l 10156 10168
l 10168 10157
l 10157 10169
l 10169 10158
l 10158 10170
l 10170 10159
l 10160 10171
l 10171 10172
l 10172 10161
l 10161 10173
l 10173 10162
l 10162 10174
l 10174 10163
l 10163 10175
l 10175 10164
l 10164 10176
l 10176 10165
l 10165 10177
l 10177 10166
l 10166 10178
l 10178 10167
l 10167 10179
l 10179 10168
l 10168 10180
l 10180 10169
l 10169 10181
l 10181 10170
l 10171 10182
l 10182 10183
l 10183 10172
l 10172 10184
l 10184 10173
l 10173 10185
l 10185 10174
l 10174 10186
l 10186 10175
l 10175 10187
l 10187 10176
l 10176 10188
l 10188 10177
l 10177 10189
l 10189 10178
l 10178 10190
l 10190 10179
l 10179 10191
l 10191 10180
l 10180 10192
l 10192 10181
l 10182 10193
l 10193 10194
l 10194 10183
l 10183 10195
l 10195 10184
l 10184 10196
l 10196 10185
l 10185 10197
l 10197 10186
l 10186 10198
l 10198 10187
l 10187 10199
l 10199 10188
l 10188 10200
l 10200 10189
l 10189 10201
l 10201 10190
l 10190 10202
l 10202 10191
l 10191 10203
l 10203 10192
l 10193 10204
l 10204 10205
l 10205 10194
l 10194 10206
l 10206 10195
l 10195 10207
l 10207 10196
l 10196 10208
l 10208 10197
l 10197 10209
l 10209 10198
l 10198 10210
l 10210 10199
l 10199 10211
l 10211 10200
l 10200 10212
l 10212 10201
l 10201 10213
l 10213 10202
l 10202 10214
l 10214 10203
l 10204 10215
l 10215 10216
l 10216 10205
l 10205 10217
l 10217 10206
l 10206 10218
l 10218 10207
l 10207 10219
l 10219 10208
l 10208 10220
l 10220 10209
l 10209 10221
l 10221 10210
l 10210 10222
l 10222 10211
l 10211 10223
l 10223 10212
l 10212 10224
l 10224 10213
l 10213 10225
l 10225 10214
l 10216 10226
l 10226 10217
l 10217 10227
l 10227 10218
l 10218 10228
l 10228 10219
l 10219 10229
l 10229 10220
l 10220 10230
l 10230 10221
l 10221 10231
l 10231 10222
l 10222 10232
l 10232 10223
l 10223 10233
l 10233 10224
l 10224 10234
l 10234 10225
l 10226 10235
l 10235 10227
l 10227 10236
l 10236 10228
l 10228 10237
l 10237 10229
l 10229 10238
l 10238 10230
l 10230 10239
l 10239 10231
l 10231 10240
l 10240 10232
l 10232 10241
l 10241 10233
l 10233 10242
l 10242 10234
l 10235 10243
l 10243 10236
l 10236 10244
l 10244 10237
l 10237 10245
l 10245 10238
l 10238 10246
l 10246 10239
l 10239 10247
l 10247 10240
l 10240 10248
l 10248 10241
l 10241 10249
l 10249 10242
l 10243 10250
l 10250 10244
l 10244 10251
l 10251 10245
l 10245 10252
l 10252 10246
l 10246 10253
l 10253 10247
l 10247 10254
l 10254 10248
l 10248 10255
l 10255 10249
l 10250 10256
l 10256 10251
l 10251 10257
l 10257 10252
l 10252 10258
l 10258 10253
l 10253 10259
l 10259 10254
l 10254 10260
l 10260 10255
l 10261 10262
l 10263 10261
l 10262 10264
l 10265 10262
l 10263 10265
l 10266 10263
l 10264 10267
l 10268 10264
l 10265 10268
l 10269 10265
l 10266 10269
l 10270 10266
l 10267 10256
l 10257 10267
l 10268 10257
l 10258 10268
l 10269 10258
l 10259 10269
l 10270 10259
l 10260 10270
l 9135 10271
l 9138 9135
l 10272 9138
l 9140 10272
l 10273 9140
l 9142 10273
l 9145 9142
l 10274 9145
l 10271 10275
l 10272 10271
l 10276 10272
l 10273 10276
l 10274 10273
l 10277 10274
l 10275 10278
l 10276 10275
l 10277 10276
l 10278 10277


