ISO-10303-21;
HEADER;
FILE_DESCRIPTION(('STEP AP214'),'1');
FILE_NAME('SMAStripDeformed_09.stp','2026-04-23T00:19:04',(' '),(' '),'Spatial InterOp 3D',' ',' ');
FILE_SCHEMA(('AUTOMOTIVE_DESIGN { 1 0 10303 214 1 1 1 1 }'));
ENDSEC;
DATA;
#1=PRODUCT_DEFINITION_CONTEXT('',#9,'design');
#2=APPLICATION_PROTOCOL_DEFINITION('INTERNATIONAL STANDARD','automotive_design',1994,#9);
#3=PRODUCT_CATEGORY_RELATIONSHIP('NONE','NONE',#10,#11);
#4=SHAPE_DEFINITION_REPRESENTATION(#12,#13);
#5= (GEOMETRIC_REPRESENTATION_CONTEXT(3)GLOBAL_UNCERTAINTY_ASSIGNED_CONTEXT((#16))GLOBAL_UNIT_ASSIGNED_CONTEXT((#18,#19,#20))REPRESENTATION_CONTEXT('NONE','WORKSPACE'));
#9=APPLICATION_CONTEXT(' ');
#10=PRODUCT_CATEGORY('part','NONE');
#11=PRODUCT_RELATED_PRODUCT_CATEGORY('detail',' ',(#22));
#12=PRODUCT_DEFINITION_SHAPE('NONE','NONE',#23);
#13=MANIFOLD_SURFACE_SHAPE_REPRESENTATION('1',(#24,#25),#5);
#16=UNCERTAINTY_MEASURE_WITH_UNIT(LENGTH_MEASURE(1.0E-06),#18,'','');
#18= (CONVERSION_BASED_UNIT('MILLIMETRE',#28)LENGTH_UNIT()NAMED_UNIT(#31));
#19= (NAMED_UNIT(#33)PLANE_ANGLE_UNIT()SI_UNIT($,.RADIAN.));
#20= (NAMED_UNIT(#33)SOLID_ANGLE_UNIT()SI_UNIT($,.STERADIAN.));
#22=PRODUCT('1','','PART--DESC',(#39));
#23=PRODUCT_DEFINITION('','NONE',#40,#1);
#24=SHELL_BASED_SURFACE_MODEL('1',(#41));
#25=AXIS2_PLACEMENT_3D('',#42,#43,#44);
#28=LENGTH_MEASURE_WITH_UNIT(LENGTH_MEASURE(1.0),#45);
#31=DIMENSIONAL_EXPONENTS(1.0,0.0,0.0,0.0,0.0,0.0,0.0);
#33=DIMENSIONAL_EXPONENTS(0.0,0.0,0.0,0.0,0.0,0.0,0.0);
#39=PRODUCT_CONTEXT('',#9,'mechanical');
#40=PRODUCT_DEFINITION_FORMATION_WITH_SPECIFIED_SOURCE(' ','NONE',#22,.NOT_KNOWN.);
#41=CLOSED_SHELL('',(#46));
#42=CARTESIAN_POINT('',(0.0,0.0,0.0));
#43=DIRECTION('',(0.0,0.0,1.0));
#44=DIRECTION('',(1.0,0.0,0.0));
#45= (NAMED_UNIT(#31)LENGTH_UNIT()SI_UNIT(.MILLI.,.METRE.));
#46=FACE_SURFACE('',(#48),#49,.T.);
#48=FACE_BOUND('',#50,.T.);
#49=B_SPLINE_SURFACE_WITH_KNOTS('',3,3,((#51,#52,#53,#54,#55,#56,#57,#58,#59,#60,#61,#62,#63,#64,#65,#66,#67,#68,#69,#70,#71,#72,#73,#74,#75,#76,#77,#78,#79,#80,#81,#82,#83,#84,#85),(#86,#87,#88,#89,#90,#91,#92,#93,#94,#95,#96,#97,#98,#99,#100,#101,#102,#103,#104,#105,#106,#107,#108,#109,#110,#111,#112,#113,#114,#115,#116,#117,#118,#119,#120),(#121,#122,#123,#124,#125,#126,#127,#128,#129,#130,#131,#132,#133,#134,#135,#136,#137,#138,#139,#140,#141,#142,#143,#144,#145,#146,#147,#148,#149,#150,#151,#152,#153,#154,#155),(#156,#157,#158,#159,#160,#161,#162,#163,#164,#165,#166,#167,#168,#169,#170,#171,#172,#173,#174,#175,#176,#177,#178,#179,#180,#181,#182,#183,#184,#185,#186,#187,#188,#189,#190),(#191,#192,#193,#194,#195,#196,#197,#198,#199,#200,#201,#202,#203,#204,#205,#206,#207,#208,#209,#210,#211,#212,#213,#214,#215,#216,#217,#218,#219,#220,#221,#222,#223,#224,#225),(#226,#227,#228,#229,#230,#231,#232,#233,#234,#235,#236,#237,#238,#239,#240,#241,#242,#243,#244,#245,#246,#247,#248,#249,#250,#251,#252,#253,#254,#255,#256,#257,#258,#259,#260),(#261,#262,#263,#264,#265,#266,#267,#268,#269,#270,#271,#272,#273,#274,#275,#276,#277,#278,#279,#280,#281,#282,#283,#284,#285,#286,#287,#288,#289,#290,#291,#292,#293,#294,#295),(#296,#297,#298,#299,#300,#301,#302,#303,#304,#305,#306,#307,#308,#309,#310,#311,#312,#313,#314,#315,#316,#317,#318,#319,#320,#321,#322,#323,#324,#325,#326,#327,#328,#329,#330),(#331,#332,#333,#334,#335,#336,#337,#338,#339,#340,#341,#342,#343,#344,#345,#346,#347,#348,#349,#350,#351,#352,#353,#354,#355,#356,#357,#358,#359,#360,#361,#362,#363,#364,#365),(#366,#367,#368,#369,#370,#371,#372,#373,#374,#375,#376,#377,#378,#379,#380,#381,#382,#383,#384,#385,#386,#387,#388,#389,#390,#391,#392,#393,#394,#395,#396,#397,#398,#399,#400),(#401,#402,#403,#404,#405,#406,#407,#408,#409,#410,#411,#412,#413,#414,#415,#416,#417,#418,#419,#420,#421,#422,#423,#424,#425,#426,#427,#428,#429,#430,#431,#432,#433,#434,#435),(#436,#437,#438,#439,#440,#441,#442,#443,#444,#445,#446,#447,#448,#449,#450,#451,#452,#453,#454,#455,#456,#457,#458,#459,#460,#461,#462,#463,#464,#465,#466,#467,#468,#469,#470),(#471,#472,#473,#474,#475,#476,#477,#478,#479,#480,#481,#482,#483,#484,#485,#486,#487,#488,#489,#490,#491,#492,#493,#494,#495,#496,#497,#498,#499,#500,#501,#502,#503,#504,#505),(#506,#507,#508,#509,#510,#511,#512,#513,#514,#515,#516,#517,#518,#519,#520,#521,#522,#523,#524,#525,#526,#527,#528,#529,#530,#531,#532,#533,#534,#535,#536,#537,#538,#539,#540),(#541,#542,#543,#544,#545,#546,#547,#548,#549,#550,#551,#552,#553,#554,#555,#556,#557,#558,#559,#560,#561,#562,#563,#564,#565,#566,#567,#568,#569,#570,#571,#572,#573,#574,#575),(#576,#577,#578,#579,#580,#581,#582,#583,#584,#585,#586,#587,#588,#589,#590,#591,#592,#593,#594,#595,#596,#597,#598,#599,#600,#601,#602,#603,#604,#605,#606,#607,#608,#609,#610),(#611,#612,#613,#614,#615,#616,#617,#618,#619,#620,#621,#622,#623,#624,#625,#626,#627,#628,#629,#630,#631,#632,#633,#634,#635,#636,#637,#638,#639,#640,#641,#642,#643,#644,#645),(#646,#647,#648,#649,#650,#651,#652,#653,#654,#655,#656,#657,#658,#659,#660,#661,#662,#663,#664,#665,#666,#667,#668,#669,#670,#671,#672,#673,#674,#675,#676,#677,#678,#679,#680),(#681,#682,#683,#684,#685,#686,#687,#688,#689,#690,#691,#692,#693,#694,#695,#696,#697,#698,#699,#700,#701,#702,#703,#704,#705,#706,#707,#708,#709,#710,#711,#712,#713,#714,#715),(#716,#717,#718,#719,#720,#721,#722,#723,#724,#725,#726,#727,#728,#729,#730,#731,#732,#733,#734,#735,#736,#737,#738,#739,#740,#741,#742,#743,#744,#745,#746,#747,#748,#749,#750),(#751,#752,#753,#754,#755,#756,#757,#758,#759,#760,#761,#762,#763,#764,#765,#766,#767,#768,#769,#770,#771,#772,#773,#774,#775,#776,#777,#778,#779,#780,#781,#782,#783,#784,#785),(#786,#787,#788,#789,#790,#791,#792,#793,#794,#795,#796,#797,#798,#799,#800,#801,#802,#803,#804,#805,#806,#807,#808,#809,#810,#811,#812,#813,#814,#815,#816,#817,#818,#819,#820),(#821,#822,#823,#824,#825,#826,#827,#828,#829,#830,#831,#832,#833,#834,#835,#836,#837,#838,#839,#840,#841,#842,#843,#844,#845,#846,#847,#848,#849,#850,#851,#852,#853,#854,#855),(#856,#857,#858,#859,#860,#861,#862,#863,#864,#865,#866,#867,#868,#869,#870,#871,#872,#873,#874,#875,#876,#877,#878,#879,#880,#881,#882,#883,#884,#885,#886,#887,#888,#889,#890),(#891,#892,#893,#894,#895,#896,#897,#898,#899,#900,#901,#902,#903,#904,#905,#906,#907,#908,#909,#910,#911,#912,#913,#914,#915,#916,#917,#918,#919,#920,#921,#922,#923,#924,#925),(#926,#927,#928,#929,#930,#931,#932,#933,#934,#935,#936,#937,#938,#939,#940,#941,#942,#943,#944,#945,#946,#947,#948,#949,#950,#951,#952,#953,#954,#955,#956,#957,#958,#959,#960),(#961,#962,#963,#964,#965,#966,#967,#968,#969,#970,#971,#972,#973,#974,#975,#976,#977,#978,#979,#980,#981,#982,#983,#984,#985,#986,#987,#988,#989,#990,#991,#992,#993,#994,#995),(#996,#997,#998,#999,#1000,#1001,#1002,#1003,#1004,#1005,#1006,#1007,#1008,#1009,#1010,#1011,#1012,#1013,#1014,#1015,#1016,#1017,#1018,#1019,#1020,#1021,#1022,#1023,#1024,#1025,#1026,#1027,#1028,#1029,#1030),(#1031,#1032,#1033,#1034,#1035,#1036,#1037,#1038,#1039,#1040,#1041,#1042,#1043,#1044,#1045,#1046,#1047,#1048,#1049,#1050,#1051,#1052,#1053,#1054,#1055,#1056,#1057,#1058,#1059,#1060,#1061,#1062,#1063,#1064,#1065),(#1066,#1067,#1068,#1069,#1070,#1071,#1072,#1073,#1074,#1075,#1076,#1077,#1078,#1079,#1080,#1081,#1082,#1083,#1084,#1085,#1086,#1087,#1088,#1089,#1090,#1091,#1092,#1093,#1094,#1095,#1096,#1097,#1098,#1099,#1100),(#1101,#1102,#1103,#1104,#1105,#1106,#1107,#1108,#1109,#1110,#1111,#1112,#1113,#1114,#1115,#1116,#1117,#1118,#1119,#1120,#1121,#1122,#1123,#1124,#1125,#1126,#1127,#1128,#1129,#1130,#1131,#1132,#1133,#1134,#1135),(#1136,#1137,#1138,#1139,#1140,#1141,#1142,#1143,#1144,#1145,#1146,#1147,#1148,#1149,#1150,#1151,#1152,#1153,#1154,#1155,#1156,#1157,#1158,#1159,#1160,#1161,#1162,#1163,#1164,#1165,#1166,#1167,#1168,#1169,#1170),(#1171,#1172,#1173,#1174,#1175,#1176,#1177,#1178,#1179,#1180,#1181,#1182,#1183,#1184,#1185,#1186,#1187,#1188,#1189,#1190,#1191,#1192,#1193,#1194,#1195,#1196,#1197,#1198,#1199,#1200,#1201,#1202,#1203,#1204,#1205),(#1206,#1207,#1208,#1209,#1210,#1211,#1212,#1213,#1214,#1215,#1216,#1217,#1218,#1219,#1220,#1221,#1222,#1223,#1224,#1225,#1226,#1227,#1228,#1229,#1230,#1231,#1232,#1233,#1234,#1235,#1236,#1237,#1238,#1239,#1240),(#1241,#1242,#1243,#1244,#1245,#1246,#1247,#1248,#1249,#1250,#1251,#1252,#1253,#1254,#1255,#1256,#1257,#1258,#1259,#1260,#1261,#1262,#1263,#1264,#1265,#1266,#1267,#1268,#1269,#1270,#1271,#1272,#1273,#1274,#1275)),.UNSPECIFIED.,.F.,.F.,.F.,(4,1,1,1,1,1,1,1,1,1,1,1,1,1,1,1,1,1,1,1,1,1,1,1,1,1,1,1,1,1,1,1,4),(4,1,1,1,1,1,1,1,1,1,1,1,1,1,1,1,1,1,1,1,1,1,1,1,1,1,1,1,1,1,1,1,4),(0.0,1.0,2.0,3.0,4.0,5.0,6.0,7.0,8.0,9.0,10.0,11.0,12.0,13.0,14.0,15.0,16.0,17.0,18.0,19.0,20.0,21.0,22.0,23.0,24.0,25.0,26.0,27.0,28.0,29.0,30.0,31.0,32.0),(0.0,1.0,2.0,3.0,4.0,5.0,6.0,7.0,8.0,9.0,10.0,11.0,12.0,13.0,14.0,15.0,16.0,17.0,18.0,19.0,20.0,21.0,22.0,23.0,24.0,25.0,26.0,27.0,28.0,29.0,30.0,31.0,32.0),.UNSPECIFIED.);
#50=EDGE_LOOP('',(#1276,#1277,#1278,#1279,#1280,#1281,#1282,#1283,#1284,#1285,#1286));
#51=CARTESIAN_POINT('',(0.0183425549130909,-0.324001162167787,-0.284015903752284));
#52=CARTESIAN_POINT('',(0.0183850867227129,-0.32037686292038,-0.280213733186788));
#53=CARTESIAN_POINT('',(0.0184717821956673,-0.313130336036834,-0.27260735962326));
#54=CARTESIAN_POINT('',(0.0186048273318302,-0.3022643566078,-0.261194060454124));
#55=CARTESIAN_POINT('',(0.0187389807603257,-0.291399784137534,-0.249779380934911));
#56=CARTESIAN_POINT('',(0.0188723488467548,-0.280534214688516,-0.238365679539384));
#57=CARTESIAN_POINT('',(0.0190030379567183,-0.269665244323228,-0.22695531474131));
#58=CARTESIAN_POINT('',(0.0191291544558174,-0.258790469104153,-0.215550645014454));
#59=CARTESIAN_POINT('',(0.019248804709653,-0.247907485093773,-0.204154028832582));
#60=CARTESIAN_POINT('',(0.0193600950838261,-0.237013888354567,-0.192767824669459));
#61=CARTESIAN_POINT('',(0.0194611319439377,-0.22610727494902,-0.18139439099885));
#62=CARTESIAN_POINT('',(0.0195338997338166,-0.215164774426838,-0.170056165740463));
#63=CARTESIAN_POINT('',(0.0195603828972915,-0.204163516337732,-0.158775586814006));
#64=CARTESIAN_POINT('',(0.0195225658781912,-0.193080630231408,-0.147575092139184));
#65=CARTESIAN_POINT('',(0.0194024331203446,-0.181893245657577,-0.136477119635706));
#66=CARTESIAN_POINT('',(0.0191861815475656,-0.170583839839546,-0.125498860685966));
#67=CARTESIAN_POINT('',(0.0188600080836684,-0.159134890000622,-0.114657506672356));
#68=CARTESIAN_POINT('',(0.0184101096524669,-0.147528873364113,-0.103970248977271));
#69=CARTESIAN_POINT('',(0.0178226831777752,-0.135748267153326,-0.0934542789831039));
#70=CARTESIAN_POINT('',(0.0171350607802186,-0.12384046387732,-0.083063100477519));
#71=CARTESIAN_POINT('',(0.016384574580422,-0.111852856045152,-0.0727502172481802));
#72=CARTESIAN_POINT('',(0.0156085589404681,-0.099832839011373,-0.0624691302910728));
#73=CARTESIAN_POINT('',(0.0148443482224398,-0.0878278081305345,-0.052173340602182));
#74=CARTESIAN_POINT('',(0.0139183868443302,-0.0756174374646892,-0.0420790072707306));
#75=CARTESIAN_POINT('',(0.0126571192241328,-0.0629814010758896,-0.0324022893859416));
#76=CARTESIAN_POINT('',(0.0112047748156257,-0.0501027958678245,-0.0229635528098208));
#77=CARTESIAN_POINT('',(0.00970560444390833,-0.0371647458747211,-0.0135831367869342));
#78=CARTESIAN_POINT('',(0.00751059472657933,-0.0233433393527756,-0.00506937107545666));
#79=CARTESIAN_POINT('',(0.00433742459126085,-0.00828017437475081,0.00222612056715044));
#80=CARTESIAN_POINT('',(-0.00158382180521172,0.0102716279192805,0.00609895270864638));
#81=CARTESIAN_POINT('',(-0.0106720738770281,0.0328438914847792,0.00602735935583809));
#82=CARTESIAN_POINT('',(-0.0176777491446062,0.0527723582767254,0.00854956275699115));
#83=CARTESIAN_POINT('',(-0.0236480423561909,0.0713864246905157,0.0123613083303609));
#84=CARTESIAN_POINT('',(-0.0255996986446531,0.0812206053879479,0.0174289663125795));
#85=CARTESIAN_POINT('',(-0.0256348356399544,0.0849435038973098,0.0211344023453155));
#86=CARTESIAN_POINT('',(0.0269354415854994,-0.320607177712456,-0.287345700486776));
#87=CARTESIAN_POINT('',(0.0269808395072834,-0.316986516946987,-0.283539960251049));
#88=CARTESIAN_POINT('',(0.0270735933995089,-0.309747681126401,-0.275926041079499));
#89=CARTESIAN_POINT('',(0.0272168573110452,-0.29889467426352,-0.264500014684007));
#90=CARTESIAN_POINT('',(0.0273625132230049,-0.288044704005575,-0.253071009112466));
#91=CARTESIAN_POINT('',(0.0275088200626137,-0.277195560089503,-0.241641192826996));
#92=CARTESIAN_POINT('',(0.027654036757097,-0.266345032252243,-0.230212734289717));
#93=CARTESIAN_POINT('',(0.0277964222336805,-0.255490910230733,-0.218787801962749));
#94=CARTESIAN_POINT('',(0.0279342354195894,-0.244630983761911,-0.207368564308209));
#95=CARTESIAN_POINT('',(0.0280657352420495,-0.233763042582716,-0.195957189788219));
#96=CARTESIAN_POINT('',(0.0281891806282861,-0.222884876430085,-0.184555846864897));
#97=CARTESIAN_POINT('',(0.0282860668846489,-0.211972993901796,-0.173187582666314));
#98=CARTESIAN_POINT('',(0.0283378893174872,-0.201003903595626,-0.16187544432054));
#99=CARTESIAN_POINT('',(0.0283261432331507,-0.189954114109351,-0.150642478955646));
#100=CARTESIAN_POINT('',(0.0282323239379889,-0.178800134040749,-0.139511733699702));
#101=CARTESIAN_POINT('',(0.0280429401657449,-0.16752483645067,-0.128500011583719));
#102=CARTESIAN_POINT('',(0.0277445006501619,-0.156111094399964,-0.117624115638707));
#103=CARTESIAN_POINT('',(0.0273235141249834,-0.144541780949482,-0.106900848895676));
#104=CARTESIAN_POINT('',(0.0267664893239523,-0.132799769160073,-0.0963470143856389));
#105=CARTESIAN_POINT('',(0.0261150170169824,-0.120937857825561,-0.0859108118562443));
#106=CARTESIAN_POINT('',(0.0254106879739876,-0.109008845739768,-0.075540441055143));
#107=CARTESIAN_POINT('',(0.0246950963270678,-0.0970655359647579,-0.0651840975424673));
#108=CARTESIAN_POINT('',(0.0240098362083232,-0.0851607315625932,-0.0547899768783498));
#109=CARTESIAN_POINT('',(0.0231719559828699,-0.0730621784617614,-0.0445859406983023));
#110=CARTESIAN_POINT('',(0.0219985040158245,-0.0605376225907502,-0.0347998506378369));
#111=CARTESIAN_POINT('',(0.0206739594544766,-0.0478212571727819,-0.0252019425833612));
#112=CARTESIAN_POINT('',(0.0193828441887583,-0.0351473296921553,-0.0155623991864027));
#113=CARTESIAN_POINT('',(0.0173842983318138,-0.0215753307882852,-0.0068039427041939));
#114=CARTESIAN_POINT('',(0.0144188940081048,-0.00677592106829923,0.000750316003637397));
#115=CARTESIAN_POINT('',(0.00777017848144962,0.0126993912424198,0.00371710373676651));
#116=CARTESIAN_POINT('',(-0.00187677746225501,0.0359809201233025,0.00294965883774859));
#117=CARTESIAN_POINT('',(-0.00946470390375409,0.0566485451407109,0.0047466831233785));
#118=CARTESIAN_POINT('',(-0.0162125859116901,0.0762497476576021,0.00758996151139019));
#119=CARTESIAN_POINT('',(-0.0184596431860494,0.0864589350159314,0.0122897050345705));
#120=CARTESIAN_POINT('',(-0.0184557379053614,0.0901322700023139,0.0160437672349093));
#121=CARTESIAN_POINT('',(0.0441196573455507,-0.31381723147372,-0.294007233888203));
#122=CARTESIAN_POINT('',(0.0441710122171573,-0.310204132957427,-0.290194074422087));
#123=CARTESIAN_POINT('',(0.0442763727911734,-0.302981301110656,-0.282564453947113));
#124=CARTESIAN_POINT('',(0.0444409754801092,-0.292155383472396,-0.271111850643898));
#125=CARTESIAN_POINT('',(0.0446107493324596,-0.281336030540477,-0.259652806787397));
#126=CARTESIAN_POINT('',(0.0447843036837278,-0.270521476889343,-0.24818905441508));
#127=CARTESIAN_POINT('',(0.0449602478694167,-0.25970995709344,-0.236722325564416));
#128=CARTESIAN_POINT('',(0.0451371912250293,-0.248899705727212,-0.225254352272875));
#129=CARTESIAN_POINT('',(0.0453137430860687,-0.238088957365106,-0.213786866577927));
#130=CARTESIAN_POINT('',(0.0454885127880378,-0.227275946581565,-0.20232160051704));
#131=CARTESIAN_POINT('',(0.0456601096664398,-0.216458907951036,-0.190860286127685));
#132=CARTESIAN_POINT('',(0.0458090445937042,-0.205613100348732,-0.179427196625489));
#133=CARTESIAN_POINT('',(0.0459158284422607,-0.194713782649867,-0.168046605226079));
#134=CARTESIAN_POINT('',(0.0459609720845389,-0.183736213729656,-0.156742785145081));
#135=CARTESIAN_POINT('',(0.0459249863929686,-0.172655652463312,-0.145540009598125));
#136=CARTESIAN_POINT('',(0.0457953369495229,-0.161456186614672,-0.134453889885941));
#137=CARTESIAN_POINT('',(0.0455594893361751,-0.150121903947574,-0.123500037309264));
#138=CARTESIAN_POINT('',(0.0452049091348984,-0.138636892225852,-0.112694063168827));
#139=CARTESIAN_POINT('',(0.0447190619276659,-0.126985239213345,-0.102051578765362));
#140=CARTESIAN_POINT('',(0.0441530799971401,-0.115231856496338,-0.0915089001336388));
#141=CARTESIAN_POINT('',(0.0435580956259829,-0.103441655661118,-0.0810023433084263));
#142=CARTESIAN_POINT('',(0.0429852478212293,-0.0916795568304509,-0.0704682159494574));
#143=CARTESIAN_POINT('',(0.042485675589914,-0.0800104801271034,-0.0598428257164654));
#144=CARTESIAN_POINT('',(0.0418613857439236,-0.0681830764767681,-0.0493727681192002));
#145=CARTESIAN_POINT('',(0.040914385095145,-0.0559459968051375,-0.0393046386674117));
#146=CARTESIAN_POINT('',(0.0399178229842904,-0.0436459996779478,-0.0292982367635307));
#147=CARTESIAN_POINT('',(0.039144976979998,-0.0316300064441643,-0.0190132021053477));
#148=CARTESIAN_POINT('',(0.0377188366842048,-0.0187846669233506,-0.00954182896938463));
#149=CARTESIAN_POINT('',(0.0355273895879482,-0.00496778308987321,-0.0010236261034384));
#150=CARTESIAN_POINT('',(0.0274808407660248,0.0162820554464688,0.000202195603147187));
#151=CARTESIAN_POINT('',(0.0174873974967967,0.0400034442506116,-0.00099679049925025));
#152=CARTESIAN_POINT('',(0.00848813837881773,0.0624627327345933,-0.000957545378145325));
#153=CARTESIAN_POINT('',(-0.000534007245488355,0.084951075259445,-0.000946804822010094));
#154=CARTESIAN_POINT('',(-0.00375032047851431,0.0963907170101668,0.0025457549112464));
#155=CARTESIAN_POINT('',(-0.00368405596180305,0.099984887978846,0.00637748396336588));
#156=CARTESIAN_POINT('',(0.0698897385948547,-0.30362438750388,-0.304007308730219));
#157=CARTESIAN_POINT('',(0.0699507569750021,-0.300023556651689,-0.300182113608547));
#158=CARTESIAN_POINT('',(0.0700766280862108,-0.292826762592309,-0.292526947778087));
#159=CARTESIAN_POINT('',(0.0702761310155908,-0.28204515023148,-0.281030877107814));
#160=CARTESIAN_POINT('',(0.0704855234173628,-0.271276092392121,-0.269522489349721));
#161=CARTESIAN_POINT('',(0.0707039985013522,-0.260518564867463,-0.258002789340571));
#162=CARTESIAN_POINT('',(0.0709307494773841,-0.249771543450736,-0.24647278191713));
#163=CARTESIAN_POINT('',(0.0711649699173398,-0.239034004394795,-0.23493347146523));
#164=CARTESIAN_POINT('',(0.0714058533931001,-0.228304923952493,-0.223385862370702));
#165=CARTESIAN_POINT('',(0.0716525934765462,-0.217583278376686,-0.21183095901938));
#166=CARTESIAN_POINT('',(0.0719043837395592,-0.206868043920228,-0.200269765797096));
#167=CARTESIAN_POINT('',(0.0721403585542449,-0.196132732013961,-0.188728270315826));
#168=CARTESIAN_POINT('',(0.0723396522927095,-0.185350854088728,-0.177232460187548));
#169=CARTESIAN_POINT('',(0.0724813993270588,-0.174495921575372,-0.16580832302424));
#170=CARTESIAN_POINT('',(0.0725447340293989,-0.163541445904735,-0.154481846437877));
#171=CARTESIAN_POINT('',(0.0725199756903883,-0.152475137576585,-0.143265087507179));
#172=CARTESIAN_POINT('',(0.0723974436006853,-0.141284707090686,-0.132170103310863));
#173=CARTESIAN_POINT('',(0.0721674570509485,-0.129957864946804,-0.12120895092765));
#174=CARTESIAN_POINT('',(0.0718203353318363,-0.118482321644707,-0.110393687436256));
#175=CARTESIAN_POINT('',(0.0714194398974928,-0.106938513501409,-0.0996453977475723));
#176=CARTESIAN_POINT('',(0.0710281322020621,-0.0954068768339246,-0.0888851667724885));
#177=CARTESIAN_POINT('',(0.0707102837193547,-0.0839684954207916,-0.078033444205295));
#178=CARTESIAN_POINT('',(0.0705297659231814,-0.0727044530405479,-0.0670106797402822));
#179=CARTESIAN_POINT('',(0.0702927903090935,-0.061368738395185,-0.0560582320600068));
#180=CARTESIAN_POINT('',(0.0698055683726423,-0.0497153401866945,-0.0454174598470253));
#181=CARTESIAN_POINT('',(0.0693904041912058,-0.0381534181051969,-0.0346869415220762));
#182=CARTESIAN_POINT('',(0.0693748443702715,-0.0270987871434523,-0.0234587260696883));
#183=CARTESIAN_POINT('',(0.0688844731229811,-0.0154413909369917,-0.0128218762437303));
#184=CARTESIAN_POINT('',(0.0661340401406434,-0.000914883775781632,-0.0049998761655404));
#185=CARTESIAN_POINT('',(0.0579722773254974,0.0204812170174575,-0.00391755057445131));
#186=CARTESIAN_POINT('',(0.0492220008072168,0.0426244262133123,-0.00356820392067966));
#187=CARTESIAN_POINT('',(0.0405686796713975,0.0646445521563391,-0.0030981017894651));
#188=CARTESIAN_POINT('',(0.0307938337328127,0.0880884352683578,-0.00402483044354518));
#189=CARTESIAN_POINT('',(0.0269132702074742,0.100371331767751,-0.00135957765450875));
#190=CARTESIAN_POINT('',(0.0264699906204832,0.104612360539998,0.00183752709972479));
#191=CARTESIAN_POINT('',(0.0956520078169103,-0.293421626294785,-0.314017113254655));
#192=CARTESIAN_POINT('',(0.0957234716967162,-0.289834055831473,-0.310178908527261));
#193=CARTESIAN_POINT('',(0.0958715848443865,-0.28266549766914,-0.302496040802754));
#194=CARTESIAN_POINT('',(0.0961090684829413,-0.271932101189794,-0.290952666119505));
#195=CARTESIAN_POINT('',(0.0963616237914194,-0.261217837945887,-0.279390520052437));
#196=CARTESIAN_POINT('',(0.0966290085226948,-0.250522400408704,-0.267809904314221));
#197=CARTESIAN_POINT('',(0.0969109804296414,-0.239845481049528,-0.256211120617528));
#198=CARTESIAN_POINT('',(0.0972072987133566,-0.229186774178139,-0.244594468871302));
#199=CARTESIAN_POINT('',(0.0975177225749375,-0.218545974104316,-0.232960248984489));
#200=CARTESIAN_POINT('',(0.0978420112154816,-0.207922775137841,-0.221308760866033));
#201=CARTESIAN_POINT('',(0.098179923836086,-0.197316871588491,-0.20964030442488));
#202=CARTESIAN_POINT('',(0.0985094370865292,-0.186700305177783,-0.197982309186893));
#203=CARTESIAN_POINT('',(0.0988085276165898,-0.176045117627232,-0.186362204677937));
#204=CARTESIAN_POINT('',(0.0990551720760463,-0.165323350658353,-0.174807420423877));
#205=CARTESIAN_POINT('',(0.0992273471146771,-0.154507045992662,-0.163345385950575));
#206=CARTESIAN_POINT('',(0.0993200629193915,-0.143589869145052,-0.151982315944074));
#207=CARTESIAN_POINT('',(0.0993283296770985,-0.132565485630416,-0.140724425090418));
#208=CARTESIAN_POINT('',(0.0992471575747074,-0.121427560963648,-0.129577928075649));
#209=CARTESIAN_POINT('',(0.0990715567991273,-0.110169760659641,-0.118549039585809));
#210=CARTESIAN_POINT('',(0.0988698791381885,-0.0988788561814028,-0.107552629197357));
#211=CARTESIAN_POINT('',(0.0987104763797216,-0.0876416189919439,-0.096503566486752));
#212=CARTESIAN_POINT('',(0.0986637067683607,-0.0765473677179661,-0.0853142220392346));
#213=CARTESIAN_POINT('',(0.0987999285487398,-0.0656854209861717,-0.0738969664400458));
#214=CARTESIAN_POINT('',(0.0989718402695198,-0.0548687820428287,-0.0624352599224693));
#215=CARTESIAN_POINT('',(0.0990321404793618,-0.0439104541342054,-0.051112562719789));
#216=CARTESIAN_POINT('',(0.0991600745216634,-0.0330379862561346,-0.0397056292888291));
#217=CARTESIAN_POINT('',(0.0995789449411183,-0.0225348572920771,-0.0279363419561386));
#218=CARTESIAN_POINT('',(0.0995508436241918,-0.011464305108809,-0.0167237466199109));
#219=CARTESIAN_POINT('',(0.0954048773391094,0.00483380847559424,-0.0106398479857291));
#220=CARTESIAN_POINT('',(0.0875552279202418,0.0258336864796502,-0.00916879305102716));
#221=CARTESIAN_POINT('',(0.0798312892390232,0.0466739767835452,-0.00754116857104456));
#222=CARTESIAN_POINT('',(0.0718290314772619,0.0678675885523002,-0.00626018346887877));
#223=CARTESIAN_POINT('',(0.0627160857257383,0.0904712003353552,-0.00636253217540927));
#224=CARTESIAN_POINT('',(0.0591048221856876,0.102412224961993,-0.00336187306365776));
#225=CARTESIAN_POINT('',(0.0584058460717143,0.106977856241897,-0.000483231868768558));
#226=CARTESIAN_POINT('',(0.121404895375242,-0.283206955218917,-0.324038602404053));
#227=CARTESIAN_POINT('',(0.121487640653135,-0.2796337063037,-0.32018634698058));
#228=CARTESIAN_POINT('',(0.121659858321298,-0.272495748431054,-0.312473457685257));
#229=CARTESIAN_POINT('',(0.121938591532144,-0.261814717600799,-0.30087870770267));
#230=CARTESIAN_POINT('',(0.122237956823062,-0.251159878854607,-0.289258260986013));
#231=CARTESIAN_POINT('',(0.122558179565521,-0.240531518297827,-0.277611836840821));
#232=CARTESIAN_POINT('',(0.12289948513099,-0.22992992203581,-0.265939154572625));
#233=CARTESIAN_POINT('',(0.123262102511499,-0.219355380770143,-0.254239928977644));
#234=CARTESIAN_POINT('',(0.123646260699075,-0.208808185202416,-0.242513874852098));
#235=CARTESIAN_POINT('',(0.124052188685745,-0.198288626034215,-0.230760706992204));
#236=CARTESIAN_POINT('',(0.124480115463539,-0.187796993967131,-0.218980140194183));
#237=CARTESIAN_POINT('',(0.124907197365343,-0.177304289343965,-0.207200625667845));
#238=CARTESIAN_POINT('',(0.125310590724044,-0.166781512507522,-0.195450614623002));
#239=CARTESIAN_POINT('',(0.125667451872531,-0.156199663800604,-0.183758558269465));
#240=CARTESIAN_POINT('',(0.12595493714369,-0.145529743566016,-0.172152907817044));
#241=CARTESIAN_POINT('',(0.126175003559472,-0.134774236210722,-0.160631225844383));
#242=CARTESIAN_POINT('',(0.126329608141827,-0.123935626141688,-0.149191074930122));
#243=CARTESIAN_POINT('',(0.126420707912706,-0.113016397765879,-0.137830017652904));
#244=CARTESIAN_POINT('',(0.126450259894059,-0.102019035490261,-0.126545616591371));
#245=CARTESIAN_POINT('',(0.126479243157935,-0.0910209512372212,-0.115261923853076));
#246=CARTESIAN_POINT('',(0.126568636776381,-0.0800995569291467,-0.103902991545575));
#247=CARTESIAN_POINT('',(0.126791176675748,-0.0693471896203119,-0.0923782289116483));
#248=CARTESIAN_POINT('',(0.127219598782383,-0.0588561863649911,-0.0805970451940785));
#249=CARTESIAN_POINT('',(0.127795054781878,-0.048551840202342,-0.0686327344805463));
#250=CARTESIAN_POINT('',(0.128458696359823,-0.0383594441715225,-0.0565585908587324));
#251=CARTESIAN_POINT('',(0.129032616212323,-0.0280531478956958,-0.0445961933774429));
#252=CARTESIAN_POINT('',(0.129494903591463,-0.0176051360431423,-0.0327728313192148));
#253=CARTESIAN_POINT('',(0.128944326033774,-0.0058713089224148,-0.0222109669306063));
#254=CARTESIAN_POINT('',(0.123444911691345,0.0121449845629178,-0.0178127536313695));
#255=CARTESIAN_POINT('',(0.1159097678086,0.032745602995864,-0.0159499900033624));
#256=CARTESIAN_POINT('',(0.108718082180935,0.0529102068603264,-0.0136594578026244));
#257=CARTESIAN_POINT('',(0.10107937218448,0.073642300759973,-0.0119256831506855));
#258=CARTESIAN_POINT('',(0.0928390184123014,0.0951381714720018,-0.0109412406094922));
#259=CARTESIAN_POINT('',(0.0901360085220195,0.105926183127431,-0.00680937454117136));
#260=CARTESIAN_POINT('',(0.0895632393808182,0.110331596744901,-0.0037735457527025));
#261=CARTESIAN_POINT('',(0.147146831633374,-0.272978381648757,-0.334073731120958));
#262=CARTESIAN_POINT('',(0.147241748115093,-0.269420583875289,-0.330206316770856));
#263=CARTESIAN_POINT('',(0.147440063772542,-0.26231575696796,-0.322460923089736));
#264=CARTESIAN_POINT('',(0.147763503813183,-0.251691480717956,-0.310810491881004));
#265=CARTESIAN_POINT('',(0.148113428880722,-0.241100826771111,-0.299127074240915));
#266=CARTESIAN_POINT('',(0.148490357447594,-0.230544453319595,-0.287410024425161));
#267=CARTESIAN_POINT('',(0.148894807986232,-0.220023018555578,-0.275658696689437));
#268=CARTESIAN_POINT('',(0.149327306210186,-0.209537189863707,-0.263872436270808));
#269=CARTESIAN_POINT('',(0.149788377833005,-0.199087634628631,-0.25205058840634));
#270=CARTESIAN_POINT('',(0.150278548568238,-0.188675020234997,-0.240192498333099));
#271=CARTESIAN_POINT('',(0.150798344129436,-0.178300014067452,-0.228297511288151));
#272=CARTESIAN_POINT('',(0.151324556565472,-0.167933154016274,-0.216394532187837));
#273=CARTESIAN_POINT('',(0.151833977925216,-0.157544977971741,-0.204512465948499));
#274=CARTESIAN_POINT('',(0.152303400257544,-0.147106023824131,-0.192680217486476));
#275=CARTESIAN_POINT('',(0.152709615611326,-0.13658682946372,-0.180926691718112));
#276=CARTESIAN_POINT('',(0.15306420253357,-0.12600209366424,-0.169237467855858));
#277=CARTESIAN_POINT('',(0.153378739571284,-0.115366515199421,-0.157598125112168));
#278=CARTESIAN_POINT('',(0.153664805271476,-0.104694792842993,-0.145994242699495));
#279=CARTESIAN_POINT('',(0.153933978181154,-0.0940016253686853,-0.134411399830291));
#280=CARTESIAN_POINT('',(0.154222377395441,-0.0833328653697665,-0.122804611084813));
#281=CARTESIAN_POINT('',(0.154566122009462,-0.0727343654395038,-0.111128891043315));
#282=CARTESIAN_POINT('',(0.155038353149017,-0.0622989770261661,-0.0992931442829081));
#283=CARTESIAN_POINT('',(0.155712211939906,-0.0521195515780222,-0.087206275380703));
#284=CARTESIAN_POINT('',(0.156658953002844,-0.0422865456563676,-0.0747795385081963));
#285=CARTESIAN_POINT('',(0.157949831309323,-0.0328904162678045,-0.0619241874000002));
#286=CARTESIAN_POINT('',(0.158834660870935,-0.0229788147202326,-0.0495745597370287));
#287=CARTESIAN_POINT('',(0.158936058901082,-0.0120726598140644,-0.0382006762382737));
#288=CARTESIAN_POINT('',(0.156639300022726,0.0018779155832316,-0.0298136365342368));
#289=CARTESIAN_POINT('',(0.150287516735219,0.0209762773324024,-0.0264770272048608));
#290=CARTESIAN_POINT('',(0.143066022138608,0.0411787231894221,-0.024223621321259));
#291=CARTESIAN_POINT('',(0.136005156829698,0.0611772528251046,-0.0217701557211632));
#292=CARTESIAN_POINT('',(0.128363083598678,0.0819136162953482,-0.0200405698928382));
#293=CARTESIAN_POINT('',(0.121269794399161,0.101953307523343,-0.0176274874286915));
#294=CARTESIAN_POINT('',(0.11987028786362,0.111086543250909,-0.0118721408897227));
#295=CARTESIAN_POINT('',(0.11958014605431,0.11513316614976,-0.00848430690531154));
#296=CARTESIAN_POINT('',(0.172876246954832,-0.262733912956786,-0.344124454347913));
#297=CARTESIAN_POINT('',(0.172984278353427,-0.259192764353161,-0.340240705700438));
#298=CARTESIAN_POINT('',(0.173210816453718,-0.252123765369765,-0.332460161680333));
#299=CARTESIAN_POINT('',(0.173582609350933,-0.241560872270646,-0.320749508211287));
#300=CARTESIAN_POINT('',(0.173986947832405,-0.231039295251912,-0.30899832003993));
#301=CARTESIAN_POINT('',(0.174424391735611,-0.220559745017971,-0.297205899902838));
#302=CARTESIAN_POINT('',(0.174895500898028,-0.210122932273233,-0.285371550536588));
#303=CARTESIAN_POINT('',(0.175400925054617,-0.199729681845471,-0.273494462712716));
#304=CARTESIAN_POINT('',(0.175941313940335,-0.189380818562458,-0.261573827202758));
#305=CARTESIAN_POINT('',(0.176517317290143,-0.179077167251969,-0.24960883477825));
#306=CARTESIAN_POINT('',(0.177129584838999,-0.168819552741778,-0.237598676210729));
#307=CARTESIAN_POINT('',(0.17775556998059,-0.158579352488452,-0.225571432728291));
#308=CARTESIAN_POINT('',(0.178372726108601,-0.148327943948561,-0.213555185559035));
#309=CARTESIAN_POINT('',(0.178958506616719,-0.138036704578675,-0.201578015931057));
#310=CARTESIAN_POINT('',(0.179490364898629,-0.127677011835362,-0.189668005072456));
#311=CARTESIAN_POINT('',(0.179988894970993,-0.117275009481816,-0.177799503656175));
#312=CARTESIAN_POINT('',(0.180474690850473,-0.106856841281234,-0.165946862355162));
#313=CARTESIAN_POINT('',(0.180968349190931,-0.0964486543446897,-0.154084428557795));
#314=CARTESIAN_POINT('',(0.181490466646225,-0.086076595783259,-0.142186549652456));
#315=CARTESIAN_POINT('',(0.182042915567472,-0.0757430425156819,-0.130250893673173));
#316=CARTESIAN_POINT('',(0.182627568305784,-0.0654503714606985,-0.118275128653974));
#317=CARTESIAN_POINT('',(0.183341442492418,-0.0553217448949526,-0.106138421588115));
#318=CARTESIAN_POINT('',(0.184281555758633,-0.0454803250950881,-0.0937199394688506));
#319=CARTESIAN_POINT('',(0.185541631360515,-0.0360450921830142,-0.0809029523504155));
#320=CARTESIAN_POINT('',(0.187218538815245,-0.0271390204070035,-0.0675668116984056));
#321=CARTESIAN_POINT('',(0.188225000755378,-0.0173818291502014,-0.0550656939833304));
#322=CARTESIAN_POINT('',(0.187626248919456,-0.00558684558083677,-0.0445638294402264));
#323=CARTESIAN_POINT('',(0.183049076730909,0.0112586767589102,-0.0390169868562315));
#324=CARTESIAN_POINT('',(0.176096125880994,0.0311202107755467,-0.03642911652596));
#325=CARTESIAN_POINT('',(0.169118693650304,0.0510128234997584,-0.0338717371364571));
#326=CARTESIAN_POINT('',(0.161902334020674,0.0712087506012106,-0.0316119357813122));
#327=CARTESIAN_POINT('',(0.154336883249407,0.0918478431273693,-0.029786918616681));
#328=CARTESIAN_POINT('',(0.149690647308904,0.108781040756795,-0.0243260931895445));
#329=CARTESIAN_POINT('',(0.149243100586779,0.116705779262008,-0.0173851047722482));
#330=CARTESIAN_POINT('',(0.149154236180868,0.12049688382962,-0.0137465848709858));
#331=CARTESIAN_POINT('',(0.198591571703138,-0.252471556515487,-0.354192727027462));
#332=CARTESIAN_POINT('',(0.198713715638971,-0.248948323544234,-0.350291401571678));
#333=CARTESIAN_POINT('',(0.198970731620422,-0.241918015726375,-0.342472898121189));
#334=CARTESIAN_POINT('',(0.199394712170272,-0.231421373988251,-0.330697246250295));
#335=CARTESIAN_POINT('',(0.199857421546114,-0.220973897853523,-0.318873358605845));
#336=CARTESIAN_POINT('',(0.200359131996264,-0.210575932936921,-0.307000896109446));
#337=CARTESIAN_POINT('',(0.200900115769038,-0.200227824853177,-0.295079519682701));
#338=CARTESIAN_POINT('',(0.20148097428999,-0.189930337102073,-0.283108480265291));
#339=CARTESIAN_POINT('',(0.202102308984673,-0.179684233183392,-0.271087028796895));
#340=CARTESIAN_POINT('',(0.202764721278642,-0.169490276596916,-0.259014416217193));
#341=CARTESIAN_POINT('',(0.203468812597448,-0.159349230842429,-0.246889893465863));
#342=CARTESIAN_POINT('',(0.204194292904373,-0.149235338054239,-0.234738731270631));
#343=CARTESIAN_POINT('',(0.204920872162694,-0.139122840366653,-0.22258620035922));
#344=CARTESIAN_POINT('',(0.205628260335692,-0.128985979913979,-0.210457571459352));
#345=CARTESIAN_POINT('',(0.206296167386647,-0.118798998830525,-0.198378115298753));
#346=CARTESIAN_POINT('',(0.206950316001051,-0.108594551639658,-0.18631579492301));
#347=CARTESIAN_POINT('',(0.207616428864399,-0.0984052928647432,-0.174238573377709));
#348=CARTESIAN_POINT('',(0.208320239210982,-0.0882638904206704,-0.162114400570181));
#349=CARTESIAN_POINT('',(0.20908748027509,-0.0782030122223279,-0.149911226407752));
#350=CARTESIAN_POINT('',(0.209884491390796,-0.0681799266116109,-0.137670974398763));
#351=CARTESIAN_POINT('',(0.21067761189217,-0.0581519019304139,-0.125435568051553));
#352=CARTESIAN_POINT('',(0.211636651010203,-0.048334508186095,-0.112993514262368));
#353=CARTESIAN_POINT('',(0.212931417975887,-0.0389433153860117,-0.100133319927453));
#354=CARTESIAN_POINT('',(0.214421330462651,-0.0297998565940832,-0.0870300767800769));
#355=CARTESIAN_POINT('',(0.216050058318588,-0.0208326216150733,-0.0737539426001938));
#356=CARTESIAN_POINT('',(0.217144545081072,-0.0111871764128938,-0.0611431921944946));
#357=CARTESIAN_POINT('',(0.214427166340966,0.00329736893505291,-0.0532800238933452));
#358=CARTESIAN_POINT('',(0.207924220137657,0.0225876295031607,-0.050131684153609));
#359=CARTESIAN_POINT('',(0.200996534338121,0.0424170899566327,-0.0475123468418903));
#360=CARTESIAN_POINT('',(0.194129240362265,0.0621698839897971,-0.0448177930407193));
#361=CARTESIAN_POINT('',(0.186866534083322,0.0824246473952301,-0.042615715265468));
#362=CARTESIAN_POINT('',(0.180025993320736,0.102143478667079,-0.0398878410135966));
#363=CARTESIAN_POINT('',(0.178729406122134,0.114824352675907,-0.0302551127706921));
#364=CARTESIAN_POINT('',(0.178541675115786,0.122419259431484,-0.0229905304485559));
#365=CARTESIAN_POINT('',(0.178506748131615,0.126141891335193,-0.019284832852267));
#366=CARTESIAN_POINT('',(0.224291236241819,-0.24218931969734,-0.364280504102148));
#367=CARTESIAN_POINT('',(0.22442854424256,-0.238685337255431,-0.360360292186928));
#368=CARTESIAN_POINT('',(0.224718424528251,-0.231696750127697,-0.352500857076447));
#369=CARTESIAN_POINT('',(0.225198616296076,-0.221271467600151,-0.340655195554806));
#370=CARTESIAN_POINT('',(0.225723757889853,-0.210903248132455,-0.328753550161449));
#371=CARTESIAN_POINT('',(0.226293427796247,-0.20059155662041,-0.316796445880579));
#372=CARTESIAN_POINT('',(0.226907204501921,-0.190335857959812,-0.304784407696399));
#373=CARTESIAN_POINT('',(0.227565469161504,-0.180136636020154,-0.292716960890455));
#374=CARTESIAN_POINT('',(0.228268602929626,-0.169994374670926,-0.280593630744293));
#375=CARTESIAN_POINT('',(0.229016986960916,-0.159909557781621,-0.268413942539459));
#376=CARTESIAN_POINT('',(0.229811002410004,-0.14988266922173,-0.2561774215575));
#377=CARTESIAN_POINT('',(0.230634780630494,-0.139893564007377,-0.243903831796279));
#378=CARTESIAN_POINT('',(0.231472452975991,-0.129922097154687,-0.23161293725366));
#379=CARTESIAN_POINT('',(0.232308150800099,-0.119948123679786,-0.219324501927507));
#380=CARTESIAN_POINT('',(0.233126005456424,-0.109951498598797,-0.207058289815683));
#381=CARTESIAN_POINT('',(0.23394970091815,-0.0999622883235632,-0.19478480312841));
#382=CARTESIAN_POINT('',(0.234802921158461,-0.0900105592659275,-0.182474544075911));
#383=CARTESIAN_POINT('',(0.235710784092572,-0.0801281982033983,-0.170096228929867));
#384=CARTESIAN_POINT('',(0.236698407635696,-0.0703470919134838,-0.157618573961959));
#385=CARTESIAN_POINT('',(0.237722809696701,-0.0606126753431094,-0.145095112279934));
#386=CARTESIAN_POINT('',(0.238741008184456,-0.0508703834392006,-0.132579376991543));
#387=CARTESIAN_POINT('',(0.239954273345511,-0.0413757254474959,-0.119820691093607));
#388=CARTESIAN_POINT('',(0.241563881196785,-0.0323842179391197,-0.106568370396103));
#389=CARTESIAN_POINT('',(0.243066795956619,-0.0232572653175867,-0.0934489332463666));
#390=CARTESIAN_POINT('',(0.244545490167731,-0.0140995651104503,-0.0803596621776724));
#391=CARTESIAN_POINT('',(0.244446569567849,-0.00293910901996385,-0.0692352704677764));
#392=CARTESIAN_POINT('',(0.239055261511929,0.0149399453244681,-0.064702413522044));
#393=CARTESIAN_POINT('',(0.231987636678988,0.0349470560639973,-0.0622573667382225));
#394=CARTESIAN_POINT('',(0.225325456848464,0.0544394610855609,-0.0593073484551316));
#395=CARTESIAN_POINT('',(0.218281892376847,0.074416027594736,-0.0568323350996214));
#396=CARTESIAN_POINT('',(0.211189133924977,0.0944550450473799,-0.0544185916026994));
#397=CARTESIAN_POINT('',(0.207315808078171,0.110407046109264,-0.047995126196065));
#398=CARTESIAN_POINT('',(0.20747568783895,0.121238959426625,-0.0365484051804544));
#399=CARTESIAN_POINT('',(0.207444165291953,0.128635562129266,-0.0290892691717602));
#400=CARTESIAN_POINT('',(0.207451290645254,0.132304809286777,-0.0253311964523973));
#401=CARTESIAN_POINT('',(0.249973670934399,-0.231885209874827,-0.374389740514516));
#402=CARTESIAN_POINT('',(0.250127248435031,-0.228401881293669,-0.370449265348538));
#403=CARTESIAN_POINT('',(0.250452510432804,-0.221458210663639,-0.362545763210247));
#404=CARTESIAN_POINT('',(0.25099312575322,-0.211109634835727,-0.350624845681598));
#405=CARTESIAN_POINT('',(0.251584864731627,-0.200825959645223,-0.338640254929529));
#406=CARTESIAN_POINT('',(0.252226128702255,-0.190605155612402,-0.326593982051834));
#407=CARTESIAN_POINT('',(0.252915318999338,-0.18044519325754,-0.314488018146306));
#408=CARTESIAN_POINT('',(0.253652424914359,-0.170346058986353,-0.302322376550131));
#409=CARTESIAN_POINT('',(0.254437435738801,-0.160307739204557,-0.290097070600494));
#410=CARTESIAN_POINT('',(0.25527034076415,-0.150330220317868,-0.277812113634584));
#411=CARTESIAN_POINT('',(0.256151129281888,-0.140413488732001,-0.265467518989585));
#412=CARTESIAN_POINT('',(0.257071088452629,-0.130546483641607,-0.253074138286658));
#413=CARTESIAN_POINT('',(0.258021505436987,-0.120718144241336,-0.240642823146965));
#414=CARTESIAN_POINT('',(0.258993667395575,-0.110917409725837,-0.228184425191666));
#415=CARTESIAN_POINT('',(0.259978861489008,-0.101133219289762,-0.215709796041921));
#416=CARTESIAN_POINT('',(0.260988285016698,-0.0913797877193312,-0.203204989744424));
#417=CARTESIAN_POINT('',(0.262033135278059,-0.0816713298007654,-0.190656060345867));
#418=CARTESIAN_POINT('',(0.26313029259664,-0.0720292748253371,-0.178041983830071));
#419=CARTESIAN_POINT('',(0.264296637295989,-0.0624750520843182,-0.165341736180857));
#420=CARTESIAN_POINT('',(0.265533575316478,-0.0530104463957339,-0.152553566335039));
#421=CARTESIAN_POINT('',(0.266842512598479,-0.0436372425776091,-0.139675723229432));
#422=CARTESIAN_POINT('',(0.26832460414148,-0.0344838552270578,-0.126582220869769));
#423=CARTESIAN_POINT('',(0.270091348499438,-0.025691829912344,-0.113134190626217));
#424=CARTESIAN_POINT('',(0.27156756238772,-0.0165309809764388,-0.100048008736896));
#425=CARTESIAN_POINT('',(0.272357827981577,-0.00649933203741536,-0.0878161581048155));
#426=CARTESIAN_POINT('',(0.268777973047402,0.00908011255962894,-0.0810271820965967));
#427=CARTESIAN_POINT('',(0.262285652041108,0.0283568846160386,-0.0778656089426251));
#428=CARTESIAN_POINT('',(0.255575942332729,0.0479096280306273,-0.0749747879206601));
#429=CARTESIAN_POINT('',(0.248818323327481,0.0675231915043989,-0.0721436367166108));
#430=CARTESIAN_POINT('',(0.241911667221263,0.0873259551103743,-0.0694981074535777));
#431=CARTESIAN_POINT('',(0.236572796303231,0.105138441376413,-0.0648999413784222));
#432=CARTESIAN_POINT('',(0.235974877446307,0.11693236749273,-0.0543970393810365));
#433=CARTESIAN_POINT('',(0.235901388751904,0.128060538200266,-0.0432409728758854));
#434=CARTESIAN_POINT('',(0.235995120222893,0.135298133000795,-0.0356258361547021));
#435=CARTESIAN_POINT('',(0.236020679827184,0.138943978181876,-0.0318448040418221));
#436=CARTESIAN_POINT('',(0.275628811526612,-0.221546450643783,-0.384532971038788));
#437=CARTESIAN_POINT('',(0.275799027568601,-0.218084244415408,-0.380571772990238));
#438=CARTESIAN_POINT('',(0.276160586363404,-0.211186651968273,-0.372623064108972));
#439=CARTESIAN_POINT('',(0.276763258346484,-0.200916856046195,-0.360624856576011));
#440=CARTESIAN_POINT('',(0.277423217778841,-0.190719785592513,-0.348555298973428));
#441=CARTESIAN_POINT('',(0.278137418318874,-0.180591573327004,-0.336418185442662));
#442=CARTESIAN_POINT('',(0.278902813624984,-0.170528351969441,-0.324217310125152));
#443=CARTESIAN_POINT('',(0.279719562788396,-0.160530323483502,-0.311952474876799));
#444=CARTESIAN_POINT('',(0.280587824900336,-0.150597689832863,-0.299623481553505));
#445=CARTESIAN_POINT('',(0.281507759052028,-0.140730652981202,-0.28723013201117));
#446=CARTESIAN_POINT('',(0.2824795243347,-0.130929414892194,-0.274772228105696));
#447=CARTESIAN_POINT('',(0.283501347574083,-0.121191724550466,-0.2622519782808));
#448=CARTESIAN_POINT('',(0.284571455595911,-0.111515330940641,-0.249671590980197));
#449=CARTESIAN_POINT('',(0.285688075289007,-0.101897983127439,-0.237033274569027));
#450=CARTESIAN_POINT('',(0.286849433542197,-0.0923374301755774,-0.224339237412426));
#451=CARTESIAN_POINT('',(0.288045840169974,-0.0828213705549887,-0.211601548391438));
#452=CARTESIAN_POINT('',(0.289267604986833,-0.0733375027356054,-0.198832276387104));
#453=CARTESIAN_POINT('',(0.290536639900316,-0.0639136435212765,-0.186004130672597));
#454=CARTESIAN_POINT('',(0.291874856817966,-0.0545776097158511,-0.173089820521092));
#455=CARTESIAN_POINT('',(0.29334481280786,-0.0454088164815481,-0.16001143268599));
#456=CARTESIAN_POINT('',(0.295009064938072,-0.0364866789805865,-0.14669105392069));
#457=CARTESIAN_POINT('',(0.296657948507244,-0.0275450313458281,-0.133389816309588));
#458=CARTESIAN_POINT('',(0.298301627933224,-0.0185967771374468,-0.120095060327251));
#459=CARTESIAN_POINT('',(0.299897543788163,-0.00958788786641025,-0.106859792664995));
#460=CARTESIAN_POINT('',(0.297435423881748,0.00457261061826583,-0.0986787059404285));
#461=CARTESIAN_POINT('',(0.291652390149545,0.0229489542232751,-0.0946337334201439));
#462=CARTESIAN_POINT('',(0.285054125519919,0.0423602199554882,-0.0916041103703623));
#463=CARTESIAN_POINT('',(0.278490023449801,0.061728116884005,-0.0885319387164762));
#464=CARTESIAN_POINT('',(0.271634906829492,0.0814654519659126,-0.085822218326863));
#465=CARTESIAN_POINT('',(0.265764437029702,0.0999527942111203,-0.0818861452180312));
#466=CARTESIAN_POINT('',(0.264071122124575,0.113137307475103,-0.07274753130277));
#467=CARTESIAN_POINT('',(0.264199176983049,0.124009621979043,-0.0613404473983217));
#468=CARTESIAN_POINT('',(0.264151012735066,0.135105643721123,-0.0501528399354554));
#469=CARTESIAN_POINT('',(0.264235869406651,0.142354504932565,-0.0425487565525414));
#470=CARTESIAN_POINT('',(0.264238662828401,0.14602925140546,-0.0387960791443966));
#471=CARTESIAN_POINT('',(0.301246593764192,-0.211160265600043,-0.394722730449189));
#472=CARTESIAN_POINT('',(0.301433080995487,-0.207718715377104,-0.390741267045758));
#473=CARTESIAN_POINT('',(0.301830249349375,-0.200866328675672,-0.382748207359001));
#474=CARTESIAN_POINT('',(0.302494031880646,-0.190674111582766,-0.370673888183383));
#475=CARTESIAN_POINT('',(0.303221292738903,-0.180562479175012,-0.358520508356486));
#476=CARTESIAN_POINT('',(0.30400748025069,-0.170525653178319,-0.346293736872514));
#477=CARTESIAN_POINT('',(0.304848042742554,-0.160557855318593,-0.333999242725668));
#478=CARTESIAN_POINT('',(0.305744604023458,-0.15066114699443,-0.321635003502943));
#479=CARTESIAN_POINT('',(0.306698787902365,-0.140837589604424,-0.30919899679133));
#480=CARTESIAN_POINT('',(0.307712218188239,-0.13108924454717,-0.296689200177823));
#481=CARTESIAN_POINT('',(0.308786518690042,-0.121418173221262,-0.284103591249414));
#482=CARTESIAN_POINT('',(0.309923689198163,-0.111826914327492,-0.271439679317735));
#483=CARTESIAN_POINT('',(0.311125729502992,-0.102318006566648,-0.25869497369442));
#484=CARTESIAN_POINT('',(0.312394639647283,-0.0928939889598963,-0.245866983376787));
#485=CARTESIAN_POINT('',(0.313732419673791,-0.0835574005283986,-0.232953217362155));
#486=CARTESIAN_POINT('',(0.315102138251257,-0.0742613575585627,-0.219999672689836));
#487=CARTESIAN_POINT('',(0.316466864048421,-0.0649589763367959,-0.207052346399146));
#488=CARTESIAN_POINT('',(0.317887701180729,-0.0557278275260064,-0.194035134859249));
#489=CARTESIAN_POINT('',(0.319425753763624,-0.0466454817891021,-0.180871934439313));
#490=CARTESIAN_POINT('',(0.321184546728579,-0.0378433623126157,-0.167433807454703));
#491=CARTESIAN_POINT('',(0.323268417363978,-0.0294539235567259,-0.153590804450797));
#492=CARTESIAN_POINT('',(0.324980868865636,-0.020592974359819,-0.14021039458703));
#493=CARTESIAN_POINT('',(0.326586890440391,-0.0115969141327777,-0.126962540506255));
#494=CARTESIAN_POINT('',(0.325633214402128,0.00064863983528525,-0.11690272508329));
#495=CARTESIAN_POINT('',(0.320277715242495,0.0184822353787368,-0.11232526906262));
#496=CARTESIAN_POINT('',(0.313808737678355,0.0377293733218098,-0.10913462224166));
#497=CARTESIAN_POINT('',(0.307372873180322,0.056934474775684,-0.105902733934092));
#498=CARTESIAN_POINT('',(0.300620522458633,0.0765413502506997,-0.103065021216073));
#499=CARTESIAN_POINT('',(0.294610445422152,0.0952059215715298,-0.0993028253907206));
#500=CARTESIAN_POINT('',(0.291528114062,0.11015376822842,-0.0918941963504045));
#501=CARTESIAN_POINT('',(0.291786619034017,0.120860478472967,-0.0803246401278294));
#502=CARTESIAN_POINT('',(0.292084047398385,0.131517776115346,-0.0687066058042181));
#503=CARTESIAN_POINT('',(0.292157098217085,0.142459917337125,-0.0573680280405905));
#504=CARTESIAN_POINT('',(0.292126765528874,0.149855009533737,-0.049907410092863));
#505=CARTESIAN_POINT('',(0.292083337561746,0.153588433294566,-0.0462123002559086));
#506=CARTESIAN_POINT('',(0.326816953392875,-0.200713878339443,-0.404971553519943));
#507=CARTESIAN_POINT('',(0.327018608067909,-0.197291582935217,-0.400971199448827));
#508=CARTESIAN_POINT('',(0.327449096420043,-0.190481495419906,-0.392936640546715));
#509=CARTESIAN_POINT('',(0.328170464160486,-0.180362381796656,-0.380790600449054));
#510=CARTESIAN_POINT('',(0.328961565319218,-0.170331793593408,-0.368557709142047));
#511=CARTESIAN_POINT('',(0.329816498102289,-0.160382238580452,-0.356245317160842));
#512=CARTESIAN_POINT('',(0.330729360715743,-0.150506224528075,-0.343860775040587));
#513=CARTESIAN_POINT('',(0.331705269859388,-0.140710247001966,-0.331397710061043));
#514=CARTESIAN_POINT('',(0.332749342233028,-0.131000801567817,-0.318849749501975));
#515=CARTESIAN_POINT('',(0.333866694536468,-0.121384383791317,-0.306210520643145));
#516=CARTESIAN_POINT('',(0.335062443469514,-0.111867489238156,-0.293473650764316));
#517=CARTESIAN_POINT('',(0.336336244599391,-0.102449680656629,-0.280639568847799));
#518=CARTESIAN_POINT('',(0.337687753493326,-0.0931305207950327,-0.267708703875906));
#519=CARTESIAN_POINT('',(0.339117433617733,-0.0839105980163073,-0.254680478612935));
#520=CARTESIAN_POINT('',(0.340625748439028,-0.0747905006833944,-0.241554315823184));
#521=CARTESIAN_POINT('',(0.34216153322983,-0.0657052760219749,-0.22839393988096));
#522=CARTESIAN_POINT('',(0.34367362326276,-0.0565899712577294,-0.21526307516057));
#523=CARTESIAN_POINT('',(0.345277896865259,-0.0475916920088482,-0.202017398135045));
#524=CARTESIAN_POINT('',(0.347090232364769,-0.0388575438935214,-0.188512585277413));
#525=CARTESIAN_POINT('',(0.349050350563417,-0.03031100346804,-0.174823712804531));
#526=CARTESIAN_POINT('',(0.35117287593112,-0.0219706362548374,-0.160932566308883));
#527=CARTESIAN_POINT('',(0.353207705208212,-0.0135189403065132,-0.147150643076789));
#528=CARTESIAN_POINT('',(0.353023509094659,-0.00225022836325489,-0.136132459863071));
#529=CARTESIAN_POINT('',(0.348274407429514,0.0148135556005463,-0.130799751095127));
#530=CARTESIAN_POINT('',(0.342040724752758,0.0337619905796584,-0.127316050441108));
#531=CARTESIAN_POINT('',(0.335661986426898,0.0528945713037477,-0.124013012930472));
#532=CARTESIAN_POINT('',(0.329146588601263,0.072200639000249,-0.120880181371518));
#533=CARTESIAN_POINT('',(0.322772392381397,0.0913274535959777,-0.117571486782708));
#534=CARTESIAN_POINT('',(0.319097415457814,0.107027653983722,-0.110900982807239));
#535=CARTESIAN_POINT('',(0.318901585821561,0.118311134491442,-0.0998972888519024));
#536=CARTESIAN_POINT('',(0.319271921937023,0.128875876950878,-0.0881884497676966));
#537=CARTESIAN_POINT('',(0.319826459059617,0.139206779281417,-0.0762501929864338));
#538=CARTESIAN_POINT('',(0.319864237933753,0.150193697652853,-0.0649555455379476));
#539=CARTESIAN_POINT('',(0.319703305976913,0.15775458345877,-0.0576575856772353));
#540=CARTESIAN_POINT('',(0.319614753470648,0.161545292074945,-0.0540186773128503));
#541=CARTESIAN_POINT('',(0.352329826158395,-0.190194512457818,-0.415291975025272));
#542=CARTESIAN_POINT('',(0.352544808138085,-0.186789135846203,-0.411275022133175));
#543=CARTESIAN_POINT('',(0.35300472460473,-0.18001640683505,-0.403203811258496));
#544=CARTESIAN_POINT('',(0.35377757299078,-0.169962647039077,-0.390993653318364));
#545=CARTESIAN_POINT('',(0.354626511227195,-0.160005482048389,-0.378688727393452));
#546=CARTESIAN_POINT('',(0.355544655478257,-0.150136172947509,-0.366297607127098));
#547=CARTESIAN_POINT('',(0.356525121908247,-0.140345980820966,-0.353828866162637));
#548=CARTESIAN_POINT('',(0.357579281536028,-0.130649340988943,-0.341268342183582));
#549=CARTESIAN_POINT('',(0.35871850538046,-0.121060688771623,-0.328601872873446));
#550=CARTESIAN_POINT('',(0.359954164460403,-0.11159445948919,-0.315815295915741));
#551=CARTESIAN_POINT('',(0.361297629794718,-0.102265088461828,-0.30289444899398));
#552=CARTESIAN_POINT('',(0.362737145052291,-0.0930576512218246,-0.289853974321322));
#553=CARTESIAN_POINT('',(0.364260953902006,-0.0839572233014698,-0.276708514110924));
#554=CARTESIAN_POINT('',(0.365860530347684,-0.0749529810897704,-0.263468687275457));
#555=CARTESIAN_POINT('',(0.367527348393143,-0.0660341009757339,-0.250145112727592));
#556=CARTESIAN_POINT('',(0.369228379074979,-0.0571586532371474,-0.236778927206151));
#557=CARTESIAN_POINT('',(0.370930593429784,-0.0482847081517982,-0.223411267449955));
#558=CARTESIAN_POINT('',(0.372801647381286,-0.0396251021391232,-0.209833322245001));
#559=CARTESIAN_POINT('',(0.375009320225799,-0.0313928282380187,-0.195836126719848));
#560=CARTESIAN_POINT('',(0.376991252159496,-0.0228739799880296,-0.182120085791501));
#561=CARTESIAN_POINT('',(0.3789148533318,-0.0142810818021848,-0.168476694351637));
#562=CARTESIAN_POINT('',(0.379772372745919,-0.00433481047452109,-0.156161080786861));
#563=CARTESIAN_POINT('',(0.375573651742181,0.0120302743518012,-0.150142886820918));
#564=CARTESIAN_POINT('',(0.369576595934203,0.0306783154386281,-0.146364473384693));
#565=CARTESIAN_POINT('',(0.36324052014558,0.0497567367780221,-0.143008300762605));
#566=CARTESIAN_POINT('',(0.356884635505888,0.0688603051258898,-0.139676799563678));
#567=CARTESIAN_POINT('',(0.350723420286949,0.0877167438670848,-0.136102842523209));
#568=CARTESIAN_POINT('',(0.34602851005795,0.104711732699898,-0.130702639691718));
#569=CARTESIAN_POINT('',(0.346009485139011,0.115770762546192,-0.119478739931284));
#570=CARTESIAN_POINT('',(0.34650057484068,0.126182210327151,-0.107619505308582));
#571=CARTESIAN_POINT('',(0.346894572563292,0.136716914768055,-0.0958811962909309));
#572=CARTESIAN_POINT('',(0.347283505108295,0.147258049368073,-0.0841491958239225));
#573=CARTESIAN_POINT('',(0.347207078158327,0.158389950142402,-0.0729967888417866));
#574=CARTESIAN_POINT('',(0.346997672650605,0.166012372318627,-0.0657592015630947));
#575=CARTESIAN_POINT('',(0.346891302254783,0.169825700450601,-0.0621424849296479));
#576=CARTESIAN_POINT('',(0.377777543056159,-0.179592432280807,-0.425693546516495));
#577=CARTESIAN_POINT('',(0.378003820730234,-0.176201395366201,-0.42166252512264));
#578=CARTESIAN_POINT('',(0.378489019938072,-0.169460762376408,-0.413559825233053));
#579=CARTESIAN_POINT('',(0.379308010911575,-0.159465579831263,-0.401292197866914));
#580=CARTESIAN_POINT('',(0.380211454629501,-0.149577608646952,-0.388919386742893));
#581=CARTESIAN_POINT('',(0.381192611674527,-0.139788293244763,-0.376449785634867));
#582=CARTESIAN_POINT('',(0.382244742629332,-0.130089078045983,-0.363891788316711));
#583=CARTESIAN_POINT('',(0.383384581529371,-0.120501206631574,-0.351224552970366));
#584=CARTESIAN_POINT('',(0.3846288624101,-0.111045922582495,-0.338427237777776));
#585=CARTESIAN_POINT('',(0.385994319562663,-0.101744469804298,-0.325479000602428));
#586=CARTESIAN_POINT('',(0.387497687278203,-0.0926180922025349,-0.312358999307812));
#587=CARTESIAN_POINT('',(0.389108985868649,-0.0836287310595459,-0.299104572837417));
#588=CARTESIAN_POINT('',(0.390798235645929,-0.0747383276576717,-0.285753060134733));
#589=CARTESIAN_POINT('',(0.392561054841183,-0.0659413194138903,-0.272309918582086));
#590=CARTESIAN_POINT('',(0.394393061685552,-0.0572321437451797,-0.258780605561802));
#591=CARTESIAN_POINT('',(0.396313519700184,-0.0486352553727099,-0.245141128845346));
#592=CARTESIAN_POINT('',(0.398341692406231,-0.0401751090176509,-0.231367496204185));
#593=CARTESIAN_POINT('',(0.40046972622403,-0.0318417346906468,-0.217469489073218));
#594=CARTESIAN_POINT('',(0.40273058680036,-0.0236769817344998,-0.203406049572882));
#595=CARTESIAN_POINT('',(0.404813719990783,-0.0152866068044227,-0.189563965038047));
#596=CARTESIAN_POINT('',(0.405817498852149,-0.00552600942354738,-0.177066189029737));
#597=CARTESIAN_POINT('',(0.402426407027415,0.00981380353124867,-0.170042113341381));
#598=CARTESIAN_POINT('',(0.396484185576673,0.0283922333094101,-0.166195405099647));
#599=CARTESIAN_POINT('',(0.390301045827606,0.0472765048786178,-0.162648754507116));
#600=CARTESIAN_POINT('',(0.384042651047923,0.0662563114632586,-0.159195832152472));
#601=CARTESIAN_POINT('',(0.37782708953535,0.0851817419244583,-0.155689562046639));
#602=CARTESIAN_POINT('',(0.373215988775612,0.102070336023606,-0.150184976640214));
#603=CARTESIAN_POINT('',(0.372349127418777,0.114205680190912,-0.140017035726547));
#604=CARTESIAN_POINT('',(0.3732817658792,0.124056589132974,-0.127607863288903));
#605=CARTESIAN_POINT('',(0.374092693549477,0.134062007908067,-0.11535027856306));
#606=CARTESIAN_POINT('',(0.374439773339472,0.144656273887648,-0.103670404644212));
#607=CARTESIAN_POINT('',(0.374470132179222,0.155652611869889,-0.0923849986609463));
#608=CARTESIAN_POINT('',(0.374270868725475,0.166940451552069,-0.0813855814384789));
#609=CARTESIAN_POINT('',(0.374055977565578,0.174569837672909,-0.0741548264008726));
#610=CARTESIAN_POINT('',(0.37394577793918,0.178388026949701,-0.0705428789772891));
#611=CARTESIAN_POINT('',(0.403152435081575,-0.168897902134048,-0.436185819544929));
#612=CARTESIAN_POINT('',(0.403387785368579,-0.165518382751348,-0.432143498441063));
#613=CARTESIAN_POINT('',(0.403893868454705,-0.158804261499285,-0.424014788209094));
#614=CARTESIAN_POINT('',(0.404754430462915,-0.148861852694445,-0.411695385170306));
#615=CARTESIAN_POINT('',(0.405711719692804,-0.139042237496098,-0.399255510822561));
#616=CARTESIAN_POINT('',(0.406761025987034,-0.129339436437484,-0.386701031547733));
#617=CARTESIAN_POINT('',(0.407897639188263,-0.11974747005184,-0.374037813727698));
#618=CARTESIAN_POINT('',(0.409139112315409,-0.110288621606073,-0.361243995521204));
#619=CARTESIAN_POINT('',(0.410502998387388,-0.100985174367086,-0.348297715087));
#620=CARTESIAN_POINT('',(0.412006851445869,-0.0918594129001504,-0.335177109310023));
#621=CARTESIAN_POINT('',(0.413668225532518,-0.0829336217705352,-0.321860315075212));
#622=CARTESIAN_POINT('',(0.415434362360254,-0.0741408252062617,-0.308413041495192));
#623=CARTESIAN_POINT('',(0.417252503641991,-0.0654140474353505,-0.29490099768259));
#624=CARTESIAN_POINT('',(0.419156132102278,-0.0567957942222717,-0.281282481750554));
#625=CARTESIAN_POINT('',(0.421178730465665,-0.048328571331495,-0.267515791812235));
#626=CARTESIAN_POINT('',(0.423427799018926,-0.0401488485972924,-0.253467038978483));
#627=CARTESIAN_POINT('',(0.426010890396032,-0.0323931623078333,-0.23900226916304));
#628=CARTESIAN_POINT('',(0.428326669200262,-0.0242981271327718,-0.224870430398403));
#629=CARTESIAN_POINT('',(0.430306456963731,-0.0157765568941784,-0.21115705997986));
#630=CARTESIAN_POINT('',(0.431742924435451,-0.00656525054049432,-0.198120381247422));
#631=CARTESIAN_POINT('',(0.428631470261,0.00841956704698683,-0.190748023935976));
#632=CARTESIAN_POINT('',(0.42295873491437,0.026655888677626,-0.186565677565236));
#633=CARTESIAN_POINT('',(0.41676701119196,0.045551057458875,-0.183029718094467));
#634=CARTESIAN_POINT('',(0.410627774786272,0.0643795944605323,-0.179428386997805));
#635=CARTESIAN_POINT('',(0.404491207698487,0.083204742807306,-0.175823731333187));
#636=CARTESIAN_POINT('',(0.399621096793745,0.10042214599733,-0.170641736513573));
#637=CARTESIAN_POINT('',(0.398785782319889,0.112517441918987,-0.160434504754782));
#638=CARTESIAN_POINT('',(0.399714716572196,0.122373053291926,-0.148029945814691));
#639=CARTESIAN_POINT('',(0.400543376819664,0.132355960853857,-0.135750275612305));
#640=CARTESIAN_POINT('',(0.40135987766763,0.142354304572144,-0.123485749634563));
#641=CARTESIAN_POINT('',(0.401559210264018,0.153136133167887,-0.111989891109724));
#642=CARTESIAN_POINT('',(0.401400199984139,0.164372872112276,-0.100940339576961));
#643=CARTESIAN_POINT('',(0.401140859469865,0.17573697862815,-0.0900157468143955));
#644=CARTESIAN_POINT('',(0.400924332737455,0.183368441081217,-0.0827870288410007));
#645=CARTESIAN_POINT('',(0.400810974548869,0.187190640100412,-0.0791790153267613));
#646=CARTESIAN_POINT('',(0.42844683323005,-0.158101186343181,-0.446778345661892));
#647=CARTESIAN_POINT('',(0.428688841577339,-0.154730119257781,-0.442727732112281));
#648=CARTESIAN_POINT('',(0.429211156189264,-0.148036603658987,-0.434578805925328));
#649=CARTESIAN_POINT('',(0.430109484184844,-0.138142138149856,-0.422212366304143));
#650=CARTESIAN_POINT('',(0.431122630583774,-0.128393432702827,-0.409702923264646));
#651=CARTESIAN_POINT('',(0.43225055771171,-0.118790439490945,-0.39705052372928));
#652=CARTESIAN_POINT('',(0.433493227894306,-0.109333110687254,-0.384255214620488));
#653=CARTESIAN_POINT('',(0.434860818222035,-0.100034365939613,-0.371304320629406));
#654=CARTESIAN_POINT('',(0.436363505785368,-0.0909071248958827,-0.358185166447168));
#655=CARTESIAN_POINT('',(0.438013119711437,-0.0819664044371139,-0.344883019195017));
#656=CARTESIAN_POINT('',(0.439821489127379,-0.0732272214443594,-0.331383145994192));
#657=CARTESIAN_POINT('',(0.441733215451991,-0.0646192483359716,-0.317754544376886));
#658=CARTESIAN_POINT('',(0.443692900104074,-0.0560721575303027,-0.30406621187529));
#659=CARTESIAN_POINT('',(0.445787288970267,-0.0476960714942665,-0.29021010868087));
#660=CARTESIAN_POINT('',(0.448103127937213,-0.0396011126947765,-0.276078194985092));
#661=CARTESIAN_POINT('',(0.450622431738421,-0.03176444913379,-0.26169287098263));
#662=CARTESIAN_POINT('',(0.453360902396576,-0.0242060142691421,-0.247034580201238));
#663=CARTESIAN_POINT('',(0.45574655619961,-0.0161996842482021,-0.232815713892305));
#664=CARTESIAN_POINT('',(0.457061810942652,-0.00683450034227563,-0.219930002548702));
#665=CARTESIAN_POINT('',(0.454518733470047,0.0074287724323344,-0.211849746425901));
#666=CARTESIAN_POINT('',(0.448934728296717,0.0255524525769979,-0.207556888867762));
#667=CARTESIAN_POINT('',(0.44275942797908,0.0444267721177968,-0.204000474461597));
#668=CARTESIAN_POINT('',(0.436691208464124,0.0631651543524351,-0.200310693623115));
#669=CARTESIAN_POINT('',(0.430567220038529,0.0819743342958129,-0.196690371552777));
#670=CARTESIAN_POINT('',(0.425591504651939,0.0993258006271393,-0.191639904445207));
#671=CARTESIAN_POINT('',(0.424353217101823,0.111932664197431,-0.181934565464158));
#672=CARTESIAN_POINT('',(0.425680941482442,0.121282018104903,-0.169033323502234));
#673=CARTESIAN_POINT('',(0.426917597743908,0.130746981481902,-0.156245504580155));
#674=CARTESIAN_POINT('',(0.427784463550366,0.140681387719232,-0.143918250320034));
#675=CARTESIAN_POINT('',(0.428297479287838,0.15106500076075,-0.132031707374117));
#676=CARTESIAN_POINT('',(0.428331728297398,0.162056400236823,-0.120741456282711));
#677=CARTESIAN_POINT('',(0.428100658639477,0.173384617368613,-0.109781652883356));
#678=CARTESIAN_POINT('',(0.427817718374504,0.184778683377277,-0.0988864530135908));
#679=CARTESIAN_POINT('',(0.427597976046107,0.192414227976212,-0.0916617399836946));
#680=CARTESIAN_POINT('',(0.427481192240543,0.196240775759446,-0.0880579929887886));
#681=CARTESIAN_POINT('',(0.453653068496992,-0.147192549233844,-0.4574806764187));
#682=CARTESIAN_POINT('',(0.453899128880738,-0.14382662614164,-0.453425016160135));
#683=CARTESIAN_POINT('',(0.454432769176383,-0.13714748831082,-0.445261984120464));
#684=CARTESIAN_POINT('',(0.455365824617407,-0.127297108718727,-0.432852292344025));
#685=CARTESIAN_POINT('',(0.456439511469079,-0.117625258374137,-0.42026744770134));
#686=CARTESIAN_POINT('',(0.457661866144489,-0.108142139370419,-0.407497441043093));
#687=CARTESIAN_POINT('',(0.459040925056729,-0.0988579538009397,-0.394532263219973));
#688=CARTESIAN_POINT('',(0.460567643577145,-0.0897612196593672,-0.381383179088284));
#689=CARTESIAN_POINT('',(0.462232977077083,-0.0808404549393686,-0.368061453504332));
#690=CARTESIAN_POINT('',(0.464034483960786,-0.0720925600755552,-0.354570127413898));
#691=CARTESIAN_POINT('',(0.4659697226325,-0.0635144355025382,-0.340912241762762));
#692=CARTESIAN_POINT('',(0.468025486068749,-0.0550893151226755,-0.327104245564735));
#693=CARTESIAN_POINT('',(0.470188567246061,-0.0468004328383248,-0.313162587833629));
#694=CARTESIAN_POINT('',(0.47259605228445,-0.0388218172092265,-0.298916531273041));
#695=CARTESIAN_POINT('',(0.475385167862386,-0.0313276752317564,-0.284195163524564));
#696=CARTESIAN_POINT('',(0.47799177215427,-0.0236018381983249,-0.269701108968264));
#697=CARTESIAN_POINT('',(0.480372677836174,-0.0155894805162211,-0.255488156324147));
#698=CARTESIAN_POINT('',(0.482042127696724,-0.00667394144786834,-0.24216130391713));
#699=CARTESIAN_POINT('',(0.479510089089824,0.00757531766949159,-0.234067299166201));
#700=CARTESIAN_POINT('',(0.474130762410127,0.0254391618551728,-0.229519519719318));
#701=CARTESIAN_POINT('',(0.46806011008749,0.044180632498885,-0.225832768881292));
#702=CARTESIAN_POINT('',(0.462025189972229,0.0628767416969208,-0.222101514482429));
#703=CARTESIAN_POINT('',(0.456141244863226,0.0813811906240741,-0.218182224530512));
#704=CARTESIAN_POINT('',(0.451132027410479,0.0987751872737233,-0.213173483399279));
#705=CARTESIAN_POINT('',(0.450146468933755,0.111061215469562,-0.203153376747303));
#706=CARTESIAN_POINT('',(0.451385576429439,0.120523067045304,-0.190362504874982));
#707=CARTESIAN_POINT('',(0.452573906955675,0.13004937914309,-0.177634874434268));
#708=CARTESIAN_POINT('',(0.453845166568425,0.139470414138533,-0.164803957913074));
#709=CARTESIAN_POINT('',(0.454578458058834,0.149574390758613,-0.152643067086309));
#710=CARTESIAN_POINT('',(0.454875939123489,0.16023162149885,-0.141024967125823));
#711=CARTESIAN_POINT('',(0.454836169676564,0.171316986179971,-0.129826904150491));
#712=CARTESIAN_POINT('',(0.454598458261666,0.18265363491228,-0.118875372891521));
#713=CARTESIAN_POINT('',(0.454302113422399,0.194064717806083,-0.107996868080119));
#714=CARTESIAN_POINT('',(0.454072145371406,0.201713243790556,-0.10078489092917));
#715=CARTESIAN_POINT('',(0.453950731170896,0.205545669783512,-0.097186910974095));
#716=CARTESIAN_POINT('',(0.478798203695723,-0.136206346599494,-0.468259105765616));
#717=CARTESIAN_POINT('',(0.479049368848606,-0.132846903927195,-0.464197087646158));
#718=CARTESIAN_POINT('',(0.479597881241282,-0.126186645977331,-0.456015532785661));
#719=CARTESIAN_POINT('',(0.480573744485446,-0.116390610182591,-0.443552524972762));
#720=CARTESIAN_POINT('',(0.481717250779182,-0.106807394463763,-0.430880721980293));
#721=CARTESIAN_POINT('',(0.483042963734516,-0.0974554870851949,-0.417981985197704));
#722=CARTESIAN_POINT('',(0.484565446963473,-0.0883533763112341,-0.404838176014443));
#723=CARTESIAN_POINT('',(0.486252152913013,-0.0794597435621606,-0.391489831584891));
#724=CARTESIAN_POINT('',(0.488070534030099,-0.0707332702582539,-0.377977489063426));
#725=CARTESIAN_POINT('',(0.490029299992654,-0.0621850131914399,-0.364290300766409));
#726=CARTESIAN_POINT('',(0.492137160478603,-0.0538260291536444,-0.3504174190102));
#727=CARTESIAN_POINT('',(0.494424062763628,-0.0456943357155355,-0.336321545220121));
#728=CARTESIAN_POINT('',(0.496919954123412,-0.0378279504477813,-0.321965380821494));
#729=CARTESIAN_POINT('',(0.499582195213647,-0.0301727434087266,-0.307402032039563));
#730=CARTESIAN_POINT('',(0.502430111003231,-0.0227532473264389,-0.29260743011418));
#731=CARTESIAN_POINT('',(0.505084957257262,-0.0150886526652526,-0.278053291413771));
#732=CARTESIAN_POINT('',(0.50663202696189,-0.00601775401509984,-0.264878860396705));
#733=CARTESIAN_POINT('',(0.504211753669235,0.00808962088622771,-0.256645654772748));
#734=CARTESIAN_POINT('',(0.498984973946583,0.0257598092355292,-0.251907881947853));
#735=CARTESIAN_POINT('',(0.492884076055726,0.0445396761273471,-0.248258801200318));
#736=CARTESIAN_POINT('',(0.486828615184806,0.0632618614746163,-0.244553129793277));
#737=CARTESIAN_POINT('',(0.480936063694882,0.0817772360598605,-0.240644558871195));
#738=CARTESIAN_POINT('',(0.476361460908947,0.0986194965855316,-0.235094516161212));
#739=CARTESIAN_POINT('',(0.475194485603755,0.111135830441549,-0.225300359582164));
#740=CARTESIAN_POINT('',(0.4768419924449,0.120079225809744,-0.21200083665101));
#741=CARTESIAN_POINT('',(0.478322601999228,0.129234494520379,-0.198909180070768));
#742=CARTESIAN_POINT('',(0.479536443755341,0.138728420534204,-0.186149776038266));
#743=CARTESIAN_POINT('',(0.480505543233592,0.148533042817788,-0.173695192324796));
#744=CARTESIAN_POINT('',(0.481020408851412,0.15891430746683,-0.161806345399677));
#745=CARTESIAN_POINT('',(0.481191941765145,0.169731427299447,-0.150345110676699));
#746=CARTESIAN_POINT('',(0.481131043131136,0.180843615133755,-0.139173363569654));
#747=CARTESIAN_POINT('',(0.480910946494516,0.192157902196673,-0.128199893549708));
#748=CARTESIAN_POINT('',(0.48060488540042,0.203581319715118,-0.117333490088031));
#749=CARTESIAN_POINT('',(0.480363193862385,0.211244728472294,-0.110136114243778));
#750=CARTESIAN_POINT('',(0.480237850098628,0.215082142980735,-0.106543028460372));
#751=CARTESIAN_POINT('',(0.503909301639565,-0.125176934233588,-0.4790799276529));
#752=CARTESIAN_POINT('',(0.504170283050779,-0.121829953138721,-0.475005683631884));
#753=CARTESIAN_POINT('',(0.50474566620918,-0.115203807181068,-0.466790661912076));
#754=CARTESIAN_POINT('',(0.5057835365138,-0.105486488322981,-0.454250425873159));
#755=CARTESIAN_POINT('',(0.507010736944549,-0.0960095209254394,-0.441474383949158));
#756=CARTESIAN_POINT('',(0.508441862930939,-0.0867914336445634,-0.428444357901644));
#757=CARTESIAN_POINT('',(0.510091509902481,-0.0778507551364743,-0.415142169492193));
#758=CARTESIAN_POINT('',(0.511906910761915,-0.0691204984448199,-0.40163353880628));
#759=CARTESIAN_POINT('',(0.513835298411981,-0.0605336766132481,-0.387984185929385));
#760=CARTESIAN_POINT('',(0.515955923605779,-0.0521908971607336,-0.374095406052292));
#761=CARTESIAN_POINT('',(0.51834803709641,-0.0441927676062509,-0.359868494365782));
#762=CARTESIAN_POINT('',(0.521041834089727,-0.0365776202637141,-0.345265843504421));
#763=CARTESIAN_POINT('',(0.524068454193296,-0.0293849863493768,-0.330248669874316));
#764=CARTESIAN_POINT('',(0.526845669505231,-0.0218757371812399,-0.315542123606259));
#765=CARTESIAN_POINT('',(0.529528519800606,-0.0142466931869009,-0.300953106580409));
#766=CARTESIAN_POINT('',(0.531198657318044,-0.00533202708758335,-0.287625397714125));
#767=CARTESIAN_POINT('',(0.528484368547479,0.00914859559518952,-0.279758380934039));
#768=CARTESIAN_POINT('',(0.523195591385941,0.0268974886667199,-0.275097824351738));
#769=CARTESIAN_POINT('',(0.517228234057389,0.0455078280256071,-0.271282422210282));
#770=CARTESIAN_POINT('',(0.511141222095633,0.0642700669603273,-0.267616046889141));
#771=CARTESIAN_POINT('',(0.505455610257096,0.0825227350842587,-0.263449737863504));
#772=CARTESIAN_POINT('',(0.501109998801341,0.0990742949074771,-0.257614492241581));
#773=CARTESIAN_POINT('',(0.500499888088735,0.110883698382733,-0.247126774892189));
#774=CARTESIAN_POINT('',(0.501982147134127,0.120036873091771,-0.234033063912534));
#775=CARTESIAN_POINT('',(0.503495367116262,0.129150743404208,-0.220900791868978));
#776=CARTESIAN_POINT('',(0.505037647765551,0.138227721680825,-0.20773232549925));
#777=CARTESIAN_POINT('',(0.506115685497201,0.147894048655317,-0.195142061945558));
#778=CARTESIAN_POINT('',(0.506812291470124,0.158044596932474,-0.183026862003268));
#779=CARTESIAN_POINT('',(0.507204551701009,0.168581507090359,-0.171290716987632));
#780=CARTESIAN_POINT('',(0.507342171803373,0.179441678675545,-0.159871719813766));
#781=CARTESIAN_POINT('',(0.507274857390733,0.190562011234603,-0.148707963396788));
#782=CARTESIAN_POINT('',(0.507055470981838,0.201875396675183,-0.137733608806169));
#783=CARTESIAN_POINT('',(0.506736875095436,0.213314726904932,-0.126882817111379));
#784=CARTESIAN_POINT('',(0.506487474668079,0.220987921969474,-0.119695042493866));
#785=CARTESIAN_POINT('',(0.50636080778244,0.224827016159238,-0.11610360462531));
#786=CARTESIAN_POINT('',(0.52901342514184,-0.114138667929583,-0.489909436030815));
#787=CARTESIAN_POINT('',(0.52929259305709,-0.110814774300491,-0.485812541178849));
#788=CARTESIAN_POINT('',(0.529915297905294,-0.10424870244458,-0.477538581490868));
#789=CARTESIAN_POINT('',(0.531045583739134,-0.0946487035707927,-0.464883244246936));
#790=CARTESIAN_POINT('',(0.532375219642934,-0.0853017763103521,-0.451979621531221));
#791=CARTESIAN_POINT('',(0.533913789352508,-0.0762200870572054,-0.438815777043081));
#792=CARTESIAN_POINT('',(0.535670876603671,-0.0674158022052998,-0.425379774481872));
#793=CARTESIAN_POINT('',(0.537617402473657,-0.0588520065436177,-0.411707830910673));
#794=CARTESIAN_POINT('',(0.539724288039699,-0.0504917848611412,-0.397836163392558));
#795=CARTESIAN_POINT('',(0.542099198935479,-0.0424718168973034,-0.383630677102986));
#796=CARTESIAN_POINT('',(0.54484980079468,-0.0349287823915375,-0.368957277217417));
#797=CARTESIAN_POINT('',(0.547800650955724,-0.0276399597896231,-0.354034473134964));
#798=CARTESIAN_POINT('',(0.550925798295375,-0.0205724045702616,-0.338894586323474));
#799=CARTESIAN_POINT('',(0.554168943651519,-0.0136546458792469,-0.323607735965895));
#800=CARTESIAN_POINT('',(0.555895779502911,-0.00481195737617722,-0.310209410758228));
#801=CARTESIAN_POINT('',(0.552510336117419,0.0105206849785179,-0.303178300081612));
#802=CARTESIAN_POINT('',(0.547001495992716,0.0285489443383928,-0.298791826355876));
#803=CARTESIAN_POINT('',(0.541061948858796,0.047123979115624,-0.294941787320157));
#804=CARTESIAN_POINT('',(0.5351232763522,0.065697903567948,-0.291090658958219));
#805=CARTESIAN_POINT('',(0.5293513142418,0.0840601919323804,-0.287031897012912));
#806=CARTESIAN_POINT('',(0.525114142535969,0.100474089288414,-0.281061592424241));
#807=CARTESIAN_POINT('',(0.524894993329745,0.111787173604131,-0.270086942403694));
#808=CARTESIAN_POINT('',(0.526806853811267,0.120394976402543,-0.256458173697348));
#809=CARTESIAN_POINT('',(0.528653153397075,0.129086007672629,-0.242911059428978));
#810=CARTESIAN_POINT('',(0.53022991351549,0.138119214834037,-0.229699649752229));
#811=CARTESIAN_POINT('',(0.531527966252417,0.147506236401928,-0.216835363072308));
#812=CARTESIAN_POINT('',(0.532348806045395,0.157499071901358,-0.204565433048258));
#813=CARTESIAN_POINT('',(0.532846156731402,0.167902571466357,-0.192698400527866));
#814=CARTESIAN_POINT('',(0.533173742147416,0.178521585230956,-0.181042806358918));
#815=CARTESIAN_POINT('',(0.533313362341674,0.189379217732596,-0.169621318121168));
#816=CARTESIAN_POINT('',(0.533246817362413,0.200498573508719,-0.158456603394371));
#817=CARTESIAN_POINT('',(0.533027024225023,0.211812475284388,-0.147482755373809));
#818=CARTESIAN_POINT('',(0.532706899944897,0.223253745784667,-0.13663386725476));
#819=CARTESIAN_POINT('',(0.532460329262812,0.230923348534435,-0.129442568261057));
#820=CARTESIAN_POINT('',(0.532337188531225,0.234757966330009,-0.125846738656784));
#821=CARTESIAN_POINT('',(0.55413763701587,-0.103125903480935,-0.500713924849621));
#822=CARTESIAN_POINT('',(0.554447020437372,-0.099840367936778,-0.496579397348585));
#823=CARTESIAN_POINT('',(0.555145950154845,-0.0933710622904133,-0.488210501513195));
#824=CARTESIAN_POINT('',(0.556410269198111,-0.083941216356921,-0.475388229295807));
#825=CARTESIAN_POINT('',(0.557865948552088,-0.0747542991696878,-0.46232762264977));
#826=CARTESIAN_POINT('',(0.559513968617972,-0.0658115553318016,-0.44902746051018));
#827=CARTESIAN_POINT('',(0.56135530979696,-0.0571142294463504,-0.435486521812136));
#828=CARTESIAN_POINT('',(0.563469113398046,-0.0487627900948267,-0.421606238056288));
#829=CARTESIAN_POINT('',(0.565934520730223,-0.0408577058587231,-0.40728804074329));
#830=CARTESIAN_POINT('',(0.568743970221238,-0.0333893774472552,-0.392541347620195));
#831=CARTESIAN_POINT('',(0.571896345637711,-0.0263563878206275,-0.377367548927456));
#832=CARTESIAN_POINT('',(0.574873735747189,-0.0191012572438501,-0.362411690010264));
#833=CARTESIAN_POINT('',(0.577966580179588,-0.0119926940185437,-0.347312035653012));
#834=CARTESIAN_POINT('',(0.57934836158919,-0.00271196461439156,-0.334343467028263));
#835=CARTESIAN_POINT('',(0.575769852507666,0.0128657714449936,-0.327552814794595));
#836=CARTESIAN_POINT('',(0.570209086950347,0.0309599492818899,-0.323231012882304));
#837=CARTESIAN_POINT('',(0.564129119721688,0.0497132450445779,-0.319555863524211));
#838=CARTESIAN_POINT('',(0.558238243970068,0.0682264923077898,-0.315645205512441));
#839=CARTESIAN_POINT('',(0.552936417598566,0.0859919511353236,-0.311000901391213));
#840=CARTESIAN_POINT('',(0.549121770928152,0.101869459954279,-0.304504352554023));
#841=CARTESIAN_POINT('',(0.549634896444638,0.112252933633155,-0.292617672881118));
#842=CARTESIAN_POINT('',(0.551547956273261,0.120859213880279,-0.278987410418283));
#843=CARTESIAN_POINT('',(0.553305039381387,0.129663503991702,-0.265551413017124));
#844=CARTESIAN_POINT('',(0.555149203655262,0.138357246004935,-0.252006958225777));
#845=CARTESIAN_POINT('',(0.556570844376172,0.147587374673297,-0.238988745836593));
#846=CARTESIAN_POINT('',(0.557601607778318,0.157313715626413,-0.226457361265018));
#847=CARTESIAN_POINT('',(0.558269381481651,0.167500865992464,-0.214378071185509));
#848=CARTESIAN_POINT('',(0.558687884470808,0.178004461403201,-0.202609241477965));
#849=CARTESIAN_POINT('',(0.558970835730427,0.188680137490374,-0.19100923802228));
#850=CARTESIAN_POINT('',(0.559092246483554,0.199560886576052,-0.179610429183053));
#851=CARTESIAN_POINT('',(0.559026127953234,0.210679700982305,-0.168445183324883));
#852=CARTESIAN_POINT('',(0.558820598725466,0.221975494960866,-0.157453569965534));
#853=CARTESIAN_POINT('',(0.558523777386249,0.233387182763465,-0.146575658622771));
#854=CARTESIAN_POINT('',(0.558297099120907,0.241031532419521,-0.139359584126973));
#855=CARTESIAN_POINT('',(0.558184576653878,0.244852670504036,-0.135750529742666));
#856=CARTESIAN_POINT('',(0.579271020218336,-0.0921247818818949,-0.511506991010748));
#857=CARTESIAN_POINT('',(0.579610740190357,-0.0888777580863659,-0.507334680103067));
#858=CARTESIAN_POINT('',(0.580384278366898,-0.0825031666435596,-0.498872861318303));
#859=CARTESIAN_POINT('',(0.581781518757878,-0.0732420621603259,-0.485885038923111));
#860=CARTESIAN_POINT('',(0.583370330703707,-0.064224154594288,-0.472658619000036));
#861=CARTESIAN_POINT('',(0.585188709927493,-0.0554976788868679,-0.459146278836629));
#862=CARTESIAN_POINT('',(0.587274652152342,-0.0471108699794881,-0.44530069572044));
#863=CARTESIAN_POINT('',(0.589702242198793,-0.0391577773252645,-0.431029598880643));
#864=CARTESIAN_POINT('',(0.59254556808859,-0.0317324544411876,-0.416240713559394));
#865=CARTESIAN_POINT('',(0.59552430999466,-0.0244790399478043,-0.401283171013724));
#866=CARTESIAN_POINT('',(0.598749687882144,-0.0175387257494852,-0.386018449589131));
#867=CARTESIAN_POINT('',(0.602201320815158,-0.0108856385855579,-0.370471933225944));
#868=CARTESIAN_POINT('',(0.602718186855016,-0.000506913439173001,-0.358580594825756));
#869=CARTESIAN_POINT('',(0.598764707460715,0.0155468412242219,-0.35225695863593));
#870=CARTESIAN_POINT('',(0.593004344845767,0.0338944042212215,-0.348183749812318));
#871=CARTESIAN_POINT('',(0.586901950029904,0.0526761714345518,-0.344536533447031));
#872=CARTESIAN_POINT('',(0.580888976313797,0.0713444200422085,-0.340777945362912));
#873=CARTESIAN_POINT('',(0.575634470747991,0.0890498058903608,-0.336074704374646));
#874=CARTESIAN_POINT('',(0.57282758786731,0.103647975262926,-0.328323011217568));
#875=CARTESIAN_POINT('',(0.573845144634007,0.113391081821093,-0.315808075176529));
#876=CARTESIAN_POINT('',(0.576197424274453,0.121439779788891,-0.301630775543269));
#877=CARTESIAN_POINT('',(0.578243695113872,0.12987695086327,-0.287834602134585));
#878=CARTESIAN_POINT('',(0.57999978790762,0.138682498162399,-0.274399838144944));
#879=CARTESIAN_POINT('',(0.581495517764672,0.14781857189906,-0.26128934960996));
#880=CARTESIAN_POINT('',(0.582610578520128,0.157437898757787,-0.248652974816204));
#881=CARTESIAN_POINT('',(0.583419598838623,0.167445738884389,-0.236397765648781));
#882=CARTESIAN_POINT('',(0.583997207384789,0.177747352424676,-0.224430773992794));
#883=CARTESIAN_POINT('',(0.584385891494949,0.188288802408616,-0.212699082945103));
#884=CARTESIAN_POINT('',(0.58462813850542,0.199016151866176,-0.201149775602568));
#885=CARTESIAN_POINT('',(0.584719561686757,0.209934969677763,-0.189788315525801));
#886=CARTESIAN_POINT('',(0.584655774309512,0.221050824723782,-0.178620166275417));
#887=CARTESIAN_POINT('',(0.58447625887557,0.232313594621768,-0.167596153393588));
#888=CARTESIAN_POINT('',(0.584220497886819,0.243673156989253,-0.156667102422489));
#889=CARTESIAN_POINT('',(0.584025478103477,0.25127731672655,-0.149411598087809));
#890=CARTESIAN_POINT('',(0.583928419575521,0.255078823596436,-0.145783283758375));
#891=CARTESIAN_POINT('',(0.604402657705918,-0.0811214441267113,-0.522302231415625));
#892=CARTESIAN_POINT('',(0.604760927314779,-0.0778979687880396,-0.518106817404268));
#893=CARTESIAN_POINT('',(0.60557693795052,-0.0715772954290091,-0.50959210024544));
#894=CARTESIAN_POINT('',(0.607063258285582,-0.0624292764599672,-0.496493331032185));
#895=CARTESIAN_POINT('',(0.608775773129487,-0.0535684076749941,-0.483112842277251));
#896=CARTESIAN_POINT('',(0.61088432248123,-0.0452102981409199,-0.469239102556113));
#897=CARTESIAN_POINT('',(0.613558746339807,-0.0375705569245747,-0.454660580444241));
#898=CARTESIAN_POINT('',(0.61655704888663,-0.0303419743407783,-0.439678675615084));
#899=CARTESIAN_POINT('',(0.619677838942523,-0.0232688876218259,-0.424544215690345));
#900=CARTESIAN_POINT('',(0.622732135107316,-0.0161113880090039,-0.409492572225745));
#901=CARTESIAN_POINT('',(0.625793871599001,-0.00896333376798859,-0.394431662022122));
#902=CARTESIAN_POINT('',(0.625638438810069,0.00226886361087317,-0.383377654814837));
#903=CARTESIAN_POINT('',(0.620978297591635,0.0192197137604156,-0.377934148059784));
#904=CARTESIAN_POINT('',(0.61504581893107,0.0377857752277485,-0.374075305419219));
#905=CARTESIAN_POINT('',(0.608877690535643,0.0566509901320402,-0.370509958565275));
#906=CARTESIAN_POINT('',(0.603205343659093,0.0748868186063446,-0.366327128364872));
#907=CARTESIAN_POINT('',(0.598822272685259,0.0914859326675801,-0.360538537625593));
#908=CARTESIAN_POINT('',(0.596558437732855,0.105394711685974,-0.35211049200423));
#909=CARTESIAN_POINT('',(0.598277972540722,0.114246668742921,-0.338721260061674));
#910=CARTESIAN_POINT('',(0.600582711716651,0.122355718543337,-0.324603170874961));
#911=CARTESIAN_POINT('',(0.602664775658286,0.130747450867047,-0.310762418062456));
#912=CARTESIAN_POINT('',(0.604705759363682,0.139191333870533,-0.296972829645518));
#913=CARTESIAN_POINT('',(0.606283303369717,0.148223545899587,-0.283760443656559));
#914=CARTESIAN_POINT('',(0.607494594178993,0.157720710298187,-0.271004216763845));
#915=CARTESIAN_POINT('',(0.608435809620092,0.167560730905283,-0.258584361913628));
#916=CARTESIAN_POINT('',(0.609142965926982,0.177697885708142,-0.246456021797137));
#917=CARTESIAN_POINT('',(0.60965207933363,0.188086452694034,-0.234574339105595));
#918=CARTESIAN_POINT('',(0.609988594610429,0.19869413014821,-0.222907623020821));
#919=CARTESIAN_POINT('',(0.610177956527774,0.209488616355922,-0.211424182724632));
#920=CARTESIAN_POINT('',(0.61023604540903,0.220449751509573,-0.200104239675794));
#921=CARTESIAN_POINT('',(0.610178741577564,0.231557375801568,-0.188928015333071));
#922=CARTESIAN_POINT('',(0.610034069067742,0.242775913184249,-0.177860606470218));
#923=CARTESIAN_POINT('',(0.609830051913928,0.254069787609959,-0.16686710986099));
#924=CARTESIAN_POINT('',(0.609673160071635,0.261625544557346,-0.159564118139759));
#925=CARTESIAN_POINT('',(0.609594164721279,0.265404120522325,-0.155913306579332));
#926=CARTESIAN_POINT('',(0.629560296440316,-0.0701511145238811,-0.533065087925005));
#927=CARTESIAN_POINT('',(0.629929357508202,-0.0669413387637768,-0.528856233424283));
#928=CARTESIAN_POINT('',(0.630771300576866,-0.0606535861990005,-0.520309218075923));
#929=CARTESIAN_POINT('',(0.632385069124874,-0.0516673606262434,-0.507051715335836));
#930=CARTESIAN_POINT('',(0.634389082764231,-0.0431765447360032,-0.4933081722014));
#931=CARTESIAN_POINT('',(0.636892780715226,-0.0353200698065446,-0.478942284890801));
#932=CARTESIAN_POINT('',(0.640006671864323,-0.0282382250396333,-0.463816417380046));
#933=CARTESIAN_POINT('',(0.643190410904058,-0.0212450510134772,-0.448603556087528));
#934=CARTESIAN_POINT('',(0.646752760359295,-0.0147325166414733,-0.432919145095262));
#935=CARTESIAN_POINT('',(0.649829910278978,-0.00760402949211396,-0.41783903785678));
#936=CARTESIAN_POINT('',(0.648249301776638,0.00543740485951316,-0.408560050966507));
#937=CARTESIAN_POINT('',(0.643049676000627,0.0230731217231187,-0.403788458587628));
#938=CARTESIAN_POINT('',(0.636755907365524,0.042097834831563,-0.400379593475523));
#939=CARTESIAN_POINT('',(0.630706095242485,0.0608128491869177,-0.396666886695819));
#940=CARTESIAN_POINT('',(0.62537486337568,0.0786156378038985,-0.392059206375506));
#941=CARTESIAN_POINT('',(0.620984539803469,0.0952239589186987,-0.386279648564132));
#942=CARTESIAN_POINT('',(0.619781912053163,0.10778555296352,-0.376529896204038));
#943=CARTESIAN_POINT('',(0.622218281669961,0.115727500098545,-0.362247864631357));
#944=CARTESIAN_POINT('',(0.624785588074867,0.123503225148874,-0.347802754599683));
#945=CARTESIAN_POINT('',(0.627231619218763,0.131432907135205,-0.333508689839282));
#946=CARTESIAN_POINT('',(0.629276510737473,0.139871829234387,-0.319714234339666));
#947=CARTESIAN_POINT('',(0.630954874404593,0.148776052372877,-0.306376280011942));
#948=CARTESIAN_POINT('',(0.632242829961483,0.158175892143653,-0.29352456911446));
#949=CARTESIAN_POINT('',(0.63325287910694,0.167928529502688,-0.281018983625853));
#950=CARTESIAN_POINT('',(0.634097523539761,0.177891145405951,-0.268719405524755));
#951=CARTESIAN_POINT('',(0.634757480033764,0.188088219589822,-0.256649851581816));
#952=CARTESIAN_POINT('',(0.635213465362772,0.198544231790683,-0.244834338567688));
#953=CARTESIAN_POINT('',(0.635497975404355,0.209217929029959,-0.233232393688479));
#954=CARTESIAN_POINT('',(0.635643506036086,0.22006805832908,-0.221803544150295));
#955=CARTESIAN_POINT('',(0.635680151482013,0.231056415568864,-0.210510308357987));
#956=CARTESIAN_POINT('',(0.635638005966179,0.242144796630127,-0.199315204716405));
#957=CARTESIAN_POINT('',(0.635534091460003,0.253311592401974,-0.188197032790533));
#958=CARTESIAN_POINT('',(0.635385429934901,0.264535193773509,-0.177134592145353));
#959=CARTESIAN_POINT('',(0.635267838886494,0.272041059013728,-0.169782652279015));
#960=CARTESIAN_POINT('',(0.635207259516275,0.27579625619682,-0.166108904080956));
#961=CARTESIAN_POINT('',(0.654771683383232,-0.0592490173819014,-0.543761002399643));
#962=CARTESIAN_POINT('',(0.655147806468194,-0.0560482067355551,-0.539543352335208));
#963=CARTESIAN_POINT('',(0.65601473791709,-0.0497921765057723,-0.530965214591074));
#964=CARTESIAN_POINT('',(0.657876532619404,-0.0411208160295526,-0.517398801546872));
#965=CARTESIAN_POINT('',(0.660517066542745,-0.0334380521015119,-0.502862488492466));
#966=CARTESIAN_POINT('',(0.663512074999561,-0.0262052877249881,-0.487884686369126));
#967=CARTESIAN_POINT('',(0.666646300604897,-0.0191492572136129,-0.472733492807259));
#968=CARTESIAN_POINT('',(0.670252709620039,-0.0126926557234536,-0.456994206747129));
#969=CARTESIAN_POINT('',(0.672614979409617,-0.00465664008457992,-0.442804464635716));
#970=CARTESIAN_POINT('',(0.670061142031345,0.00962029221213282,-0.434737609703371));
#971=CARTESIAN_POINT('',(0.664687928694023,0.0274763756108835,-0.43018221624313));
#972=CARTESIAN_POINT('',(0.658366078608119,0.0465367376561977,-0.426808325867987));
#973=CARTESIAN_POINT('',(0.652263609585013,0.0653185990743944,-0.423161201925944));
#974=CARTESIAN_POINT('',(0.647255269815477,0.0827114815197373,-0.418151367662462));
#975=CARTESIAN_POINT('',(0.643666112222864,0.0983027356876509,-0.411373977880119));
#976=CARTESIAN_POINT('',(0.643490444330986,0.109560621194688,-0.400345172981931));
#977=CARTESIAN_POINT('',(0.646469425680608,0.116813731718447,-0.385387332215372));
#978=CARTESIAN_POINT('',(0.648916868977981,0.124741620999319,-0.371091508653521));
#979=CARTESIAN_POINT('',(0.651281355755629,0.132774822208542,-0.35689900533952));
#980=CARTESIAN_POINT('',(0.65358563347853,0.140884457815938,-0.342781490880886));
#981=CARTESIAN_POINT('',(0.655401959416502,0.149613540135704,-0.329271708033044));
#982=CARTESIAN_POINT('',(0.656828127526323,0.1588379213588,-0.316247856895442));
#983=CARTESIAN_POINT('',(0.657961853262481,0.168433553333546,-0.303588235340147));
#984=CARTESIAN_POINT('',(0.65887681875723,0.178306897812935,-0.291201074134408));
#985=CARTESIAN_POINT('',(0.659646706142829,0.188364416549959,-0.278994604045473));
#986=CARTESIAN_POINT('',(0.660248912149337,0.198634804021581,-0.26699697687455));
#987=CARTESIAN_POINT('',(0.660660833506816,0.209146754704767,-0.255236344422851));
#988=CARTESIAN_POINT('',(0.660916015463834,0.21985768346184,-0.243670926931439));
#989=CARTESIAN_POINT('',(0.661048003268959,0.23072500515512,-0.232258944641377));
#990=CARTESIAN_POINT('',(0.661090333737345,0.241706145353013,-0.220958628297335));
#991=CARTESIAN_POINT('',(0.661076543684144,0.25275852962392,-0.209728208643982));
#992=CARTESIAN_POINT('',(0.661016388210376,0.263869774028606,-0.198555535949645));
#993=CARTESIAN_POINT('',(0.660919622417061,0.275027494627831,-0.187428460482653));
#994=CARTESIAN_POINT('',(0.660837208409165,0.282488703197517,-0.180032708501772));
#995=CARTESIAN_POINT('',(0.660793151385632,0.286222925535038,-0.176338382138665));
#996=CARTESIAN_POINT('',(0.680188272482713,-0.0486074209803256,-0.554201342776594));
#997=CARTESIAN_POINT('',(0.680606456286927,-0.0454600057207073,-0.549931307149791));
#998=CARTESIAN_POINT('',(0.681585234818305,-0.0393459635103807,-0.541213866692358));
#999=CARTESIAN_POINT('',(0.683671937689095,-0.0309601202304294,-0.527367336210881));
#1000=CARTESIAN_POINT('',(0.686589303288183,-0.0236287895314859,-0.512486236303725));
#1001=CARTESIAN_POINT('',(0.689845257058399,-0.0167272909100775,-0.497183433390266));
#1002=CARTESIAN_POINT('',(0.693873184516315,-0.0108058001043023,-0.480919156767302));
#1003=CARTESIAN_POINT('',(0.695569915653731,-0.00192489416525873,-0.467558326219727));
#1004=CARTESIAN_POINT('',(0.691642522048754,0.0140957450204704,-0.461202200838849));
#1005=CARTESIAN_POINT('',(0.685617273326168,0.0327795765456263,-0.457458900964941));
#1006=CARTESIAN_POINT('',(0.679394157007799,0.0517145977077045,-0.45396204017871));
#1007=CARTESIAN_POINT('',(0.673278422667476,0.0705132992264848,-0.450331437853861));
#1008=CARTESIAN_POINT('',(0.668716939671232,0.0873389043963562,-0.444765054777537));
#1009=CARTESIAN_POINT('',(0.665842557721866,0.102022762719093,-0.437097430003865));
#1010=CARTESIAN_POINT('',(0.667276856256723,0.111236822502214,-0.42406345262745));
#1011=CARTESIAN_POINT('',(0.670331876825191,0.118393402496564,-0.409010906936388));
#1012=CARTESIAN_POINT('',(0.673058831639854,0.125966456533868,-0.394366958846901));
#1013=CARTESIAN_POINT('',(0.675727698121604,0.133613252748086,-0.379795358307355));
#1014=CARTESIAN_POINT('',(0.677916615325673,0.141869336624214,-0.36582152245816));
#1015=CARTESIAN_POINT('',(0.679725511417352,0.150607851010839,-0.352320993296019));
#1016=CARTESIAN_POINT('',(0.681239459988359,0.159720796391766,-0.339187813813446));
#1017=CARTESIAN_POINT('',(0.68249945779821,0.169156128059536,-0.326370923583019));
#1018=CARTESIAN_POINT('',(0.683546501606423,0.178861801306689,-0.313819262177319));
#1019=CARTESIAN_POINT('',(0.684407407634408,0.188803773384121,-0.3014994306706));
#1020=CARTESIAN_POINT('',(0.685108992103573,0.198948001542723,-0.289378030137116));
#1021=CARTESIAN_POINT('',(0.685649484601211,0.20929673329212,-0.277457265581133));
#1022=CARTESIAN_POINT('',(0.686027114714612,0.219852216141932,-0.265739342006916));
#1023=CARTESIAN_POINT('',(0.686271551888358,0.230576785223476,-0.254187306871398));
#1024=CARTESIAN_POINT('',(0.68641246556703,0.241432775668067,-0.242764207631515));
#1025=CARTESIAN_POINT('',(0.686479523086856,0.252382525283542,-0.231433094370102));
#1026=CARTESIAN_POINT('',(0.686502391784061,0.263388371877736,-0.220157017169995));
#1027=CARTESIAN_POINT('',(0.686486518982147,0.274443400163653,-0.208929191527504));
#1028=CARTESIAN_POINT('',(0.686437352004614,0.285540694854295,-0.197742832938939));
#1029=CARTESIAN_POINT('',(0.686386009451513,0.292962458726542,-0.19030838224672));
#1030=CARTESIAN_POINT('',(0.686356604920193,0.296678079967787,-0.186595806575034));
#1031=CARTESIAN_POINT('',(0.705961601588412,-0.0384187001104074,-0.564197372495589));
#1032=CARTESIAN_POINT('',(0.706495656859788,-0.0354183817599663,-0.559783021886122));
#1033=CARTESIAN_POINT('',(0.707761279537265,-0.0296684834440811,-0.550708324297269));
#1034=CARTESIAN_POINT('',(0.709972461957793,-0.0214406648916224,-0.536706757683925));
#1035=CARTESIAN_POINT('',(0.712934576054311,-0.0141661416693039,-0.521769924654637));
#1036=CARTESIAN_POINT('',(0.716994592395298,-0.0082853871693186,-0.505465682139142));
#1037=CARTESIAN_POINT('',(0.717188411677978,0.00250344048689692,-0.493976690307128));
#1038=CARTESIAN_POINT('',(0.712855578300572,0.0190387787512076,-0.488125529911701));
#1039=CARTESIAN_POINT('',(0.706596226717192,0.0380197999823013,-0.484673799231872));
#1040=CARTESIAN_POINT('',(0.700005388163038,0.0574216384346497,-0.48163492719285));
#1041=CARTESIAN_POINT('',(0.694313386159045,0.0756824187678302,-0.477476576956719));
#1042=CARTESIAN_POINT('',(0.690316420245646,0.0917913788472514,-0.471207102126919));
#1043=CARTESIAN_POINT('',(0.688782036200298,0.104774132016026,-0.4618705438442));
#1044=CARTESIAN_POINT('',(0.691013437115295,0.112976283524497,-0.447843795607198));
#1045=CARTESIAN_POINT('',(0.694152259063077,0.120026479055235,-0.432686877417029));
#1046=CARTESIAN_POINT('',(0.696879830111259,0.127598750794288,-0.418042161824274));
#1047=CARTESIAN_POINT('',(0.699603294721262,0.135176235588624,-0.403402560696445));
#1048=CARTESIAN_POINT('',(0.702122528612702,0.143012987898903,-0.389017323764831));
#1049=CARTESIAN_POINT('',(0.704070043251652,0.151575528334756,-0.375344148706886));
#1050=CARTESIAN_POINT('',(0.705629945463094,0.160630136329964,-0.362153735127038));
#1051=CARTESIAN_POINT('',(0.706986342072011,0.169943091318313,-0.349216782629716));
#1052=CARTESIAN_POINT('',(0.708142804289592,0.17950985970632,-0.336528843361675));
#1053=CARTESIAN_POINT('',(0.709102903327028,0.189325907900506,-0.324085469469674));
#1054=CARTESIAN_POINT('',(0.70988564024302,0.199367114371433,-0.311862995615519));
#1055=CARTESIAN_POINT('',(0.710510016096271,0.209609357589663,-0.29983775646102));
#1056=CARTESIAN_POINT('',(0.710991419716896,0.220033101690143,-0.287990585607357));
#1057=CARTESIAN_POINT('',(0.711345239935009,0.230618810807824,-0.276302316655713));
#1058=CARTESIAN_POINT('',(0.71159342177742,0.241338626094495,-0.264745617630053));
#1059=CARTESIAN_POINT('',(0.711757910270938,0.252164688701947,-0.253293156554344));
#1060=CARTESIAN_POINT('',(0.711860650442371,0.263069139781972,-0.24191760145255));
#1061=CARTESIAN_POINT('',(0.71192358731853,0.27402412048636,-0.230591620348638));
#1062=CARTESIAN_POINT('',(0.7119500434386,0.285025412906621,-0.219311075104057));
#1063=CARTESIAN_POINT('',(0.711943341341768,0.296068799134267,-0.208071827580258));
#1064=CARTESIAN_POINT('',(0.711918982825404,0.303456307218629,-0.200603768952546));
#1065=CARTESIAN_POINT('',(0.7119023847108,0.307155670925877,-0.196875243212636));
#1066=CARTESIAN_POINT('',(0.731887217184714,-0.0284233044190331,-0.574003733240938));
#1067=CARTESIAN_POINT('',(0.732455283371655,-0.0254661623628139,-0.569547022896063));
#1068=CARTESIAN_POINT('',(0.733740629000867,-0.0197413020076198,-0.560447760869498));
#1069=CARTESIAN_POINT('',(0.736525971661312,-0.0122423703738594,-0.545731092194363));
#1070=CARTESIAN_POINT('',(0.739709615240271,-0.00524907516182685,-0.53051834979583));
#1071=CARTESIAN_POINT('',(0.738777099440631,0.00696961623363525,-0.520432179830673));
#1072=CARTESIAN_POINT('',(0.733504235462429,0.0246983077823809,-0.515751803780875));
#1073=CARTESIAN_POINT('',(0.726878005546227,0.0441450749829041,-0.51275701078845));
#1074=CARTESIAN_POINT('',(0.720143941069154,0.06372873637313,-0.50989652301511));
#1075=CARTESIAN_POINT('',(0.714562259435009,0.0818494668232668,-0.505600771547665));
#1076=CARTESIAN_POINT('',(0.711188025447249,0.0971678790331257,-0.498555699849591));
#1077=CARTESIAN_POINT('',(0.711415127270905,0.107914455054602,-0.487025255454304));
#1078=CARTESIAN_POINT('',(0.714683350390996,0.114800377939477,-0.471707171375794));
#1079=CARTESIAN_POINT('',(0.717815302796879,0.121859294239923,-0.45655880902637));
#1080=CARTESIAN_POINT('',(0.720753682723518,0.129163947597956,-0.441651536305574));
#1081=CARTESIAN_POINT('',(0.723651482577534,0.136520116686336,-0.426794805039206));
#1082=CARTESIAN_POINT('',(0.726110855035423,0.144432862095433,-0.412484124009547));
#1083=CARTESIAN_POINT('',(0.728177182508688,0.152844571605204,-0.398662970570518));
#1084=CARTESIAN_POINT('',(0.729895085914169,0.16169859970047,-0.385275770498385));
#1085=CARTESIAN_POINT('',(0.731349848632213,0.170886680541844,-0.372216305499227));
#1086=CARTESIAN_POINT('',(0.732626754043163,0.180300548289943,-0.359378357279121));
#1087=CARTESIAN_POINT('',(0.733713332244249,0.189956033279882,-0.346777456786683));
#1088=CARTESIAN_POINT('',(0.734597113332698,0.199868965846777,-0.334429134970528));
#1089=CARTESIAN_POINT('',(0.73530547046098,0.21000459622676,-0.322299299261354));
#1090=CARTESIAN_POINT('',(0.735865776781566,0.220328174655964,-0.310353857089859));
#1091=CARTESIAN_POINT('',(0.736304502387074,0.230806097790052,-0.298559840624957));
#1092=CARTESIAN_POINT('',(0.73664811737012,0.241404762284691,-0.28688428203556));
#1093=CARTESIAN_POINT('',(0.736910456543828,0.252106605073672,-0.275309950411723));
#1094=CARTESIAN_POINT('',(0.73710535472132,0.262894063090786,-0.2638196148435));
#1095=CARTESIAN_POINT('',(0.73724664671572,0.273749573269824,-0.252396044420943));
#1096=CARTESIAN_POINT('',(0.737348167340151,0.284655572544577,-0.241022008234106));
#1097=CARTESIAN_POINT('',(0.737412521243018,0.295608754357018,-0.229694262259256));
#1098=CARTESIAN_POINT('',(0.737442313072728,0.306605812149118,-0.218409562472658));
#1099=CARTESIAN_POINT('',(0.737440869342701,0.313964230291605,-0.210912964057939));
#1100=CARTESIAN_POINT('',(0.737435255348296,0.317649649840115,-0.207170757874044));
#1101=CARTESIAN_POINT('',(0.75801580004884,-0.018685572313807,-0.583557303386023));
#1102=CARTESIAN_POINT('',(0.758547003702607,-0.0156816338820249,-0.579146504394186));
#1103=CARTESIAN_POINT('',(0.759722746670379,-0.00981763476272977,-0.570183749711259));
#1104=CARTESIAN_POINT('',(0.761096751891998,-0.000527033616675339,-0.557224866132031));
#1105=CARTESIAN_POINT('',(0.758475951141657,0.0138349075722232,-0.5492414123865));
#1106=CARTESIAN_POINT('',(0.753306921464098,0.031431783195398,-0.54443171334059));
#1107=CARTESIAN_POINT('',(0.746692366984767,0.0508637286221132,-0.541422378886743));
#1108=CARTESIAN_POINT('',(0.740143021273396,0.0702128925975091,-0.538331828561137));
#1109=CARTESIAN_POINT('',(0.73492108302095,0.0878769347805413,-0.533588025807512));
#1110=CARTESIAN_POINT('',(0.732685440969892,0.101749923377441,-0.525124866640348));
#1111=CARTESIAN_POINT('',(0.734908499386548,0.109962665549436,-0.511108508774099));
#1112=CARTESIAN_POINT('',(0.738528912260506,0.11640148937268,-0.495351781261887));
#1113=CARTESIAN_POINT('',(0.741424186447112,0.12376086475402,-0.480498195650419));
#1114=CARTESIAN_POINT('',(0.744353347211263,0.131077221686198,-0.465602405163404));
#1115=CARTESIAN_POINT('',(0.747221565762706,0.138470943748441,-0.450782516661458));
#1116=CARTESIAN_POINT('',(0.749857615488442,0.146159400291101,-0.436251788561793));
#1117=CARTESIAN_POINT('',(0.752066952132319,0.154389562026458,-0.422252520816599));
#1118=CARTESIAN_POINT('',(0.753934481948598,0.163053641870453,-0.408678964832961));
#1119=CARTESIAN_POINT('',(0.755545111191535,0.172043852739022,-0.395425372017964));
#1120=CARTESIAN_POINT('',(0.756936133941166,0.181312850415009,-0.382445293537867));
#1121=CARTESIAN_POINT('',(0.758144844277522,0.190813290681258,-0.369692280558929));
#1122=CARTESIAN_POINT('',(0.759166206905961,0.200551565760954,-0.357172604413318));
#1123=CARTESIAN_POINT('',(0.759995186531838,0.210534067877284,-0.3448925364332));
#1124=CARTESIAN_POINT('',(0.760660852166202,0.22072389440199,-0.332815871900292));
#1125=CARTESIAN_POINT('',(0.761192272820103,0.231084142706814,-0.32090640609631));
#1126=CARTESIAN_POINT('',(0.761618517502427,0.241577910166249,-0.309127934305666));
#1127=CARTESIAN_POINT('',(0.761968655222058,0.252168294154785,-0.297444251812774));
#1128=CARTESIAN_POINT('',(0.762251487600389,0.262844121159784,-0.285844396420727));
#1129=CARTESIAN_POINT('',(0.762475816258815,0.273594217668608,-0.274317405932619));
#1130=CARTESIAN_POINT('',(0.762650442818729,0.284407410168618,-0.262852318151543));
#1131=CARTESIAN_POINT('',(0.762784168901525,0.295272525147175,-0.251438170880594));
#1132=CARTESIAN_POINT('',(0.762879512058687,0.306186366614351,-0.240071828573049));
#1133=CARTESIAN_POINT('',(0.762938989841702,0.317145738580215,-0.228750155682188));
#1134=CARTESIAN_POINT('',(0.762956409815269,0.324480209563298,-0.221230063001589));
#1135=CARTESIAN_POINT('',(0.762959981423524,0.328153968141312,-0.21747641638183));
#1136=CARTESIAN_POINT('',(0.783639231168447,-0.00830655843227749,-0.593740027256685));
#1137=CARTESIAN_POINT('',(0.783735417879902,-0.00475037319442898,-0.589871030867563));
#1138=CARTESIAN_POINT('',(0.783157535862792,0.00333982380991692,-0.583092371764782));
#1139=CARTESIAN_POINT('',(0.779354927971591,0.0192020495979774,-0.57658082893247));
#1140=CARTESIAN_POINT('',(0.773827006996923,0.0372545317809768,-0.572218119922926));
#1141=CARTESIAN_POINT('',(0.767075182264217,0.0568607395216873,-0.569379752098928));
#1142=CARTESIAN_POINT('',(0.76068574975347,0.0760068963364359,-0.566090033925178));
#1143=CARTESIAN_POINT('',(0.755629276176149,0.093460883853852,-0.56114014910228));
#1144=CARTESIAN_POINT('',(0.75470103876816,0.105674143901948,-0.551048650508497));
#1145=CARTESIAN_POINT('',(0.758136232498565,0.112348100361418,-0.535522608756513));
#1146=CARTESIAN_POINT('',(0.76200115792082,0.118476519552781,-0.519461347047634));
#1147=CARTESIAN_POINT('',(0.76540693943156,0.125187814338163,-0.503971937471586));
#1148=CARTESIAN_POINT('',(0.768414912181809,0.132404120758812,-0.488977988648563));
#1149=CARTESIAN_POINT('',(0.77115042084921,0.139966315821682,-0.474323386951764));
#1150=CARTESIAN_POINT('',(0.773589171467307,0.147905240314978,-0.460038389902166));
#1151=CARTESIAN_POINT('',(0.775781841706428,0.156156559775243,-0.446059879742704));
#1152=CARTESIAN_POINT('',(0.777779109236902,0.164655939739021,-0.432324738716315));
#1153=CARTESIAN_POINT('',(0.779561251500544,0.1734284176674,-0.418857530770554));
#1154=CARTESIAN_POINT('',(0.781108545939166,0.182499031021468,-0.40568281985298));
#1155=CARTESIAN_POINT('',(0.782442535875787,0.191840430909328,-0.392773774299473));
#1156=CARTESIAN_POINT('',(0.783584764633423,0.201425268439085,-0.380103562445917));
#1157=CARTESIAN_POINT('',(0.784545827768073,0.211240092727818,-0.36765898779521));
#1158=CARTESIAN_POINT('',(0.78533632083574,0.221271452892607,-0.355426853850252));
#1159=CARTESIAN_POINT('',(0.78598214797037,0.231486464064276,-0.343374897667167));
#1160=CARTESIAN_POINT('',(0.786509213305914,0.241852241373649,-0.33147085630208));
#1161=CARTESIAN_POINT('',(0.786943420975778,0.252335899952237,-0.31968246681179));
#1162=CARTESIAN_POINT('',(0.787310675113371,0.262904554931552,-0.307977466253097));
#1163=CARTESIAN_POINT('',(0.787617060763895,0.273550481447454,-0.296348275856054));
#1164=CARTESIAN_POINT('',(0.787868662972551,0.284265954635805,-0.284787316850716));
#1165=CARTESIAN_POINT('',(0.788071566784542,0.295043249632465,-0.273287010467137));
#1166=CARTESIAN_POINT('',(0.78823185724507,0.305874641573294,-0.261839777935373));
#1167=CARTESIAN_POINT('',(0.78835236707462,0.316756534366537,-0.250442091173682));
#1168=CARTESIAN_POINT('',(0.788435928993677,0.327685331920437,-0.239090422100323));
#1169=CARTESIAN_POINT('',(0.788468893479708,0.335000069402303,-0.231550969122477));
#1170=CARTESIAN_POINT('',(0.788480161977803,0.338664056906094,-0.227787736221029));
#1171=CARTESIAN_POINT('',(0.807973501237741,0.00370902405909793,-0.605528368620461));
#1172=CARTESIAN_POINT('',(0.807268624877873,0.00828214560348027,-0.602657076032652));
#1173=CARTESIAN_POINT('',(0.803476128278929,0.0204532425978635,-0.599882138113469));
#1174=CARTESIAN_POINT('',(0.796839903585028,0.0399126980032016,-0.596899793363962));
#1175=CARTESIAN_POINT('',(0.789617214979224,0.0601166596351226,-0.59464787458862));
#1176=CARTESIAN_POINT('',(0.782529957323676,0.0801486939179076,-0.592227279988961));
#1177=CARTESIAN_POINT('',(0.777431355008182,0.0976561631709449,-0.587329865444277));
#1178=CARTESIAN_POINT('',(0.777604901555111,0.108470726729559,-0.575866122792068));
#1179=CARTESIAN_POINT('',(0.781825863777176,0.114147163098157,-0.559361426251032));
#1180=CARTESIAN_POINT('',(0.785384838873489,0.120663981162948,-0.543681217937489));
#1181=CARTESIAN_POINT('',(0.788744883179735,0.127433338572203,-0.528248772893222));
#1182=CARTESIAN_POINT('',(0.792070376107014,0.134246558385021,-0.512859360717865));
#1183=CARTESIAN_POINT('',(0.794962036078295,0.141610521952879,-0.498010276520203));
#1184=CARTESIAN_POINT('',(0.797485523313142,0.149441874714121,-0.483619742156916));
#1185=CARTESIAN_POINT('',(0.799706171825366,0.157657676219895,-0.469606385765706));
#1186=CARTESIAN_POINT('',(0.801702955838011,0.166157670001552,-0.455871846948547));
#1187=CARTESIAN_POINT('',(0.803554849574126,0.17484159959044,-0.442317765307412));
#1188=CARTESIAN_POINT('',(0.805224315732639,0.183757117968799,-0.428990892601694));
#1189=CARTESIAN_POINT('',(0.806673817012478,0.192951878118864,-0.415937980590789));
#1190=CARTESIAN_POINT('',(0.80792278892191,0.202401206984671,-0.403134822840557));
#1191=CARTESIAN_POINT('',(0.808990666969198,0.212080431510253,-0.39055721291686));
#1192=CARTESIAN_POINT('',(0.809896594323931,0.221965249758756,-0.378181308485992));
#1193=CARTESIAN_POINT('',(0.810659714155696,0.232031359793327,-0.365983267214246));
#1194=CARTESIAN_POINT('',(0.811299720485169,0.242253760380773,-0.353938560696812));
#1195=CARTESIAN_POINT('',(0.811836307333028,0.252607450287901,-0.342022660528878));
#1196=CARTESIAN_POINT('',(0.812289168719948,0.263067428281521,-0.330211038305635));
#1197=CARTESIAN_POINT('',(0.812677998666607,0.273608693128439,-0.318479165622271));
#1198=CARTESIAN_POINT('',(0.813007721851133,0.284224993031304,-0.306820908916691));
#1199=CARTESIAN_POINT('',(0.813283262951656,0.294910076192766,-0.295230134626803));
#1200=CARTESIAN_POINT('',(0.813509546646304,0.305657690815473,-0.28370070919051));
#1201=CARTESIAN_POINT('',(0.813691497613207,0.316461585102074,-0.272226499045719));
#1202=CARTESIAN_POINT('',(0.81383243747983,0.327317542301495,-0.260803367189405));
#1203=CARTESIAN_POINT('',(0.813935687873641,0.338221345662659,-0.249427176618541));
#1204=CARTESIAN_POINT('',(0.813981609572616,0.345519634177215,-0.241871585759583));
#1205=CARTESIAN_POINT('',(0.813999396052457,0.349175347211092,-0.23810023487667));
#1206=CARTESIAN_POINT('',(0.822349696932239,0.0140637052810873,-0.615687220015764));
#1207=CARTESIAN_POINT('',(0.821453142162741,0.0188801593930411,-0.613054658040767));
#1208=CARTESIAN_POINT('',(0.817804798597614,0.0308682564976112,-0.610100181162719));
#1209=CARTESIAN_POINT('',(0.810530487116558,0.0511377525149886,-0.607912557373274));
#1210=CARTESIAN_POINT('',(0.802918785092959,0.0718355602402411,-0.606145144974009));
#1211=CARTESIAN_POINT('',(0.795225834138872,0.0926365121375802,-0.604478926063376));
#1212=CARTESIAN_POINT('',(0.792917554315981,0.106601713183221,-0.596106235404462));
#1213=CARTESIAN_POINT('',(0.796131587438087,0.113556429373362,-0.580855643598307));
#1214=CARTESIAN_POINT('',(0.800009249928578,0.119668679067475,-0.564778518192983));
#1215=CARTESIAN_POINT('',(0.803720438452018,0.125992264706595,-0.548908731904506));
#1216=CARTESIAN_POINT('',(0.806939877411084,0.132940118276214,-0.533651407265096));
#1217=CARTESIAN_POINT('',(0.809871967453272,0.140252756538421,-0.51875196843635));
#1218=CARTESIAN_POINT('',(0.812519459589937,0.147926687129848,-0.50420698910318));
#1219=CARTESIAN_POINT('',(0.814903426103617,0.155935159136689,-0.489990224270477));
#1220=CARTESIAN_POINT('',(0.817044830541596,0.16425155968274,-0.476075564370136));
#1221=CARTESIAN_POINT('',(0.818983118526812,0.17282581320275,-0.462413880876132));
#1222=CARTESIAN_POINT('',(0.820757735682199,0.181607844131471,-0.448956045262437));
#1223=CARTESIAN_POINT('',(0.822345395513551,0.190627214287763,-0.435731060268813));
#1224=CARTESIAN_POINT('',(0.823722811526662,0.199913485490487,-0.42276792863502));
#1225=CARTESIAN_POINT('',(0.824911325080881,0.209439565237279,-0.41004007023758));
#1226=CARTESIAN_POINT('',(0.82593227753556,0.219178361025772,-0.397520904953016));
#1227=CARTESIAN_POINT('',(0.826806864080709,0.22910296591316,-0.385184034708066));
#1228=CARTESIAN_POINT('',(0.82755627990634,0.239186472956632,-0.373003061429468));
#1229=CARTESIAN_POINT('',(0.828195861439689,0.249409412815724,-0.360958883984866));
#1230=CARTESIAN_POINT('',(0.828740945107993,0.259752316149972,-0.3490324012419));
#1231=CARTESIAN_POINT('',(0.829206867338488,0.27019571361891,-0.337204512068214));
#1232=CARTESIAN_POINT('',(0.82960896455841,0.280720135882075,-0.325456115331449));
#1233=CARTESIAN_POINT('',(0.829951918402974,0.291319639681072,-0.313781380173317));
#1234=CARTESIAN_POINT('',(0.83024041050739,0.301988281757509,-0.302174475735531));
#1235=CARTESIAN_POINT('',(0.830479122506874,0.312720118852992,-0.290629571159802));
#1236=CARTESIAN_POINT('',(0.830672736036638,0.323509207709128,-0.279140835587843));
#1237=CARTESIAN_POINT('',(0.830824862135498,0.334350964171926,-0.26770377156211));
#1238=CARTESIAN_POINT('',(0.830939111842269,0.345240804087393,-0.25631388162506));
#1239=CARTESIAN_POINT('',(0.8309924347446,0.352529696896824,-0.248749072754453));
#1240=CARTESIAN_POINT('',(0.831013987143357,0.356180629158987,-0.244973031514749));
#1241=CARTESIAN_POINT('',(0.829731454043906,0.0189951986621523,-0.620525447996049));
#1242=CARTESIAN_POINT('',(0.828811711541291,0.0238410892173987,-0.617921765756372));
#1243=CARTESIAN_POINT('',(0.825373965212193,0.0355618366175063,-0.614704995345575));
#1244=CARTESIAN_POINT('',(0.818307976910783,0.0555668698073524,-0.61225791030311));
#1245=CARTESIAN_POINT('',(0.810890485274131,0.0760181306617488,-0.610248613777303));
#1246=CARTESIAN_POINT('',(0.803454453832026,0.0964929274922212,-0.60826240811043));
#1247=CARTESIAN_POINT('',(0.801954353887083,0.109432157563144,-0.598883149847492));
#1248=CARTESIAN_POINT('',(0.805570437726051,0.115876477024635,-0.583131814038905));
#1249=CARTESIAN_POINT('',(0.809231345610247,0.122263893102822,-0.567324651015315));
#1250=CARTESIAN_POINT('',(0.812890497033881,0.128653538978611,-0.551519675618943));
#1251=CARTESIAN_POINT('',(0.815990429519851,0.135753104037261,-0.536411193270183));
#1252=CARTESIAN_POINT('',(0.818754379209415,0.14327919369337,-0.521721168999381));
#1253=CARTESIAN_POINT('',(0.821297876031831,0.151085144614475,-0.507305713200699));
#1254=CARTESIAN_POINT('',(0.823619953317592,0.159172183971511,-0.493166029836565));
#1255=CARTESIAN_POINT('',(0.825719590029565,0.167541607954215,-0.479303390582914));
#1256=CARTESIAN_POINT('',(0.827623428519486,0.176159594538152,-0.46568461306428));
#1257=CARTESIAN_POINT('',(0.829358111139091,0.184992321698886,-0.452276514905201));
#1258=CARTESIAN_POINT('',(0.830906071437074,0.19406208975552,-0.439100974676628));
#1259=CARTESIAN_POINT('',(0.832249742962128,0.203391199027153,-0.426179870949516));
#1260=CARTESIAN_POINT('',(0.833410801705895,0.212952132201268,-0.413486206824329));
#1261=CARTESIAN_POINT('',(0.834410923660017,0.222717371965346,-0.400992985401531));
#1262=CARTESIAN_POINT('',(0.83527168736991,0.232659524713238,-0.388673331148397));
#1263=CARTESIAN_POINT('',(0.83601467138099,0.242751196838798,-0.376500368532202));
#1264=CARTESIAN_POINT('',(0.836653432104171,0.252975178702808,-0.36445721338591));
#1265=CARTESIAN_POINT('',(0.83720152595037,0.263314260666055,-0.352526981542486));
#1266=CARTESIAN_POINT('',(0.837672509330502,0.273751233089322,-0.340692788834892));
#1267=CARTESIAN_POINT('',(0.838079938655482,0.284268886333395,-0.328937751096094));
#1268=CARTESIAN_POINT('',(0.838428379938446,0.294861423920194,-0.317256181472178));
#1269=CARTESIAN_POINT('',(0.838722399192529,0.305523049371638,-0.305642393109231));
#1270=CARTESIAN_POINT('',(0.838966562430866,0.316247966209649,-0.294090699153339));
#1271=CARTESIAN_POINT('',(0.839165435666592,0.327030377956145,-0.28259541275059));
#1272=CARTESIAN_POINT('',(0.839322727424549,0.337865576700242,-0.27115191502706));
#1273=CARTESIAN_POINT('',(0.839442146229577,0.348748854531053,-0.259755587108826));
#1274=CARTESIAN_POINT('',(0.83949898248087,0.356033287202144,-0.252186402450918));
#1275=CARTESIAN_POINT('',(0.839522324622642,0.35968194741518,-0.248408132131539));
#1276=ORIENTED_EDGE('',*,*,#1287,.T.);
#1277=ORIENTED_EDGE('',*,*,#1288,.T.);
#1278=ORIENTED_EDGE('',*,*,#1289,.T.);
#1279=ORIENTED_EDGE('',*,*,#1290,.T.);
#1280=ORIENTED_EDGE('',*,*,#1291,.T.);
#1281=ORIENTED_EDGE('',*,*,#1292,.T.);
#1282=ORIENTED_EDGE('',*,*,#1293,.T.);
#1283=ORIENTED_EDGE('',*,*,#1294,.T.);
#1284=ORIENTED_EDGE('',*,*,#1295,.T.);
#1285=ORIENTED_EDGE('',*,*,#1296,.T.);
#1286=ORIENTED_EDGE('',*,*,#1297,.T.);
#1287=EDGE_CURVE('',#1298,#1299,#1300,.T.);
#1288=EDGE_CURVE('',#1299,#1301,#1302,.T.);
#1289=EDGE_CURVE('',#1301,#1303,#1304,.T.);
#1290=EDGE_CURVE('',#1303,#1305,#1306,.T.);
#1291=EDGE_CURVE('',#1305,#1307,#1308,.T.);
#1292=EDGE_CURVE('',#1307,#1309,#1310,.T.);
#1293=EDGE_CURVE('',#1309,#1311,#1312,.T.);
#1294=EDGE_CURVE('',#1311,#1313,#1314,.T.);
#1295=EDGE_CURVE('',#1313,#1315,#1316,.T.);
#1296=EDGE_CURVE('',#1315,#1317,#1318,.T.);
#1297=EDGE_CURVE('',#1317,#1298,#1319,.T.);
#1298=VERTEX_POINT('',#1320);
#1299=VERTEX_POINT('',#1321);
#1300=LINE('',#1322,#1323);
#1301=VERTEX_POINT('',#1324);
#1302=LINE('',#1325,#1326);
#1303=VERTEX_POINT('',#1327);
#1304=LINE('',#1328,#1329);
#1305=VERTEX_POINT('',#1330);
#1306=LINE('',#1331,#1332);
#1307=VERTEX_POINT('',#1333);
#1308=B_SPLINE_CURVE_WITH_KNOTS('',3,(#1334,#1335,#1336,#1337,#1338,#1339,#1340,#1341,#1342,#1343,#1344,#1345,#1346,#1347,#1348,#1349,#1350,#1351,#1352,#1353,#1354,#1355,#1356,#1357,#1358,#1359,#1360,#1361,#1362,#1363,#1364,#1365,#1366,#1367,#1368,#1369,#1370,#1371,#1372,#1373,#1374,#1375,#1376,#1377,#1378),.UNSPECIFIED.,.F.,.F.,(4,1,1,1,1,1,1,1,1,1,1,1,1,1,1,1,1,1,1,1,1,1,1,1,1,1,1,1,1,1,1,1,1,1,1,1,1,1,1,1,1,1,4),(0.0,0.00809240793470293,0.0161848158694059,0.0242772238041088,0.0323696317388117,0.0485544476082176,0.0647392634776234,0.0809240793470292,0.0971088952164351,0.129478526955247,0.145663342824653,0.161848158694058,0.178032974563464,0.19421779043287,0.210402606302276,0.226587422171682,0.242772238041088,0.258957053910494,0.291326685649305,0.323696317388117,0.356065949126929,0.38843558086574,0.420805212604552,0.453174844343364,0.485544476082176,0.517914107820987,0.550283739559799,0.582653371298611,0.615023003037422,0.647392634776234,0.712131898253857,0.744501529992669,0.776871161731481,0.841610425209104,0.873980056947916,0.906349688686727,0.938719320425539,0.971088952164351,1.00345858390316,1.01155099183787,1.01964339977257,1.02773580770727,1.03582821564197),.UNSPECIFIED.);
#1309=VERTEX_POINT('',#1379);
#1310=LINE('',#1380,#1381);
#1311=VERTEX_POINT('',#1382);
#1312=LINE('',#1383,#1384);
#1313=VERTEX_POINT('',#1385);
#1314=LINE('',#1386,#1387);
#1315=VERTEX_POINT('',#1388);
#1316=LINE('',#1389,#1390);
#1317=VERTEX_POINT('',#1391);
#1318=LINE('',#1392,#1393);
#1319=B_SPLINE_CURVE_WITH_KNOTS('',3,(#1394,#1395,#1396,#1397,#1398,#1399,#1400,#1401,#1402,#1403,#1404,#1405,#1406,#1407,#1408,#1409,#1410,#1411,#1412,#1413,#1414,#1415,#1416,#1417,#1418,#1419,#1420,#1421,#1422,#1423,#1424,#1425,#1426,#1427,#1428,#1429,#1430,#1431,#1432,#1433,#1434,#1435,#1436),.UNSPECIFIED.,.F.,.F.,(4,1,1,1,1,1,1,1,1,1,1,1,1,1,1,1,1,1,1,1,1,1,1,1,1,1,1,1,1,1,1,1,1,1,1,1,1,1,1,1,4),(0.0,0.00800615989849879,0.0160123197969976,0.0320246395939951,0.0640492791879903,0.0960739187819854,0.128098558375981,0.192147837563971,0.224172477157966,0.256197116751961,0.288221756345956,0.320246395939951,0.352271035533947,0.384295675127942,0.416320314721937,0.448344954315932,0.480369593909927,0.512394233503922,0.576443512691913,0.608468152285908,0.640492791879903,0.672517431473898,0.704542071067893,0.736566710661888,0.768591350255884,0.800615989849879,0.832640629443874,0.848652949240871,0.864665269037869,0.880677588834867,0.896689908631864,0.912702228428862,0.928714548225859,0.944726868022857,0.960739187819854,0.976751507616852,0.992763827413849,1.00076998731235,1.00877614721085,1.01678230710935,1.02478846700784),.UNSPECIFIED.);
#1320=CARTESIAN_POINT('',(0.804004490375519,0.00313410512171686,-0.603381395339966));
#1321=CARTESIAN_POINT('',(0.806971490383148,0.00189375225454569,-0.603747427463531));
#1322=CARTESIAN_POINT('',(0.805487990379333,0.00251392868813127,-0.603564411401749));
#1323=VECTOR('',#1437,1.0);
#1324=CARTESIAN_POINT('',(0.806214988231659,0.0045529967173934,-0.604745447635651));
#1325=CARTESIAN_POINT('',(0.806593239307404,0.00322337448596954,-0.604246437549591));
#1326=VECTOR('',#1438,1.0);
#1327=CARTESIAN_POINT('',(0.805304884910583,0.0908707305788994,-0.605682969093323));
#1328=CARTESIAN_POINT('',(0.805898994207382,0.0477118636481464,-0.605320692062378));
#1329=VECTOR('',#1439,0.999999999999999);
#1330=CARTESIAN_POINT('',(0.801390707492828,0.101793833076954,-0.608100056648254));
#1331=CARTESIAN_POINT('',(0.803347796201706,0.0963322818279266,-0.606891512870789));
#1332=VECTOR('',#1440,1.0);
#1333=CARTESIAN_POINT('',(0.00471325684338808,0.100139461457729,0.00622583366930485));
#1334=CARTESIAN_POINT('',(0.801390707492828,0.101793833076954,-0.608100056648254));
#1335=CARTESIAN_POINT('',(0.800237964959923,0.101258877652215,-0.605720697904134));
#1336=CARTESIAN_POINT('',(0.797945438556553,0.100125005714817,-0.600736058590937));
#1337=CARTESIAN_POINT('',(0.791830506083046,0.0994135856983021,-0.595530893700094));
#1338=CARTESIAN_POINT('',(0.785629963784107,0.0988222350802551,-0.590249262382014));
#1339=CARTESIAN_POINT('',(0.778518579469612,0.0977956289046996,-0.582210758185895));
#1340=CARTESIAN_POINT('',(0.76951377538131,0.0965561976760659,-0.572233725934817));
#1341=CARTESIAN_POINT('',(0.759451606672167,0.0959644815527715,-0.559554450709246));
#1342=CARTESIAN_POINT('',(0.749792989992488,0.0958694534244686,-0.546567938353625));
#1343=CARTESIAN_POINT('',(0.737249063719708,0.0959500822464069,-0.529007764864828));
#1344=CARTESIAN_POINT('',(0.72486895846285,0.0961662375200376,-0.511330565849295));
#1345=CARTESIAN_POINT('',(0.711907275352288,0.0967229202951583,-0.494081148378196));
#1346=CARTESIAN_POINT('',(0.702641304651053,0.0968630111038242,-0.480810681867665));
#1347=CARTESIAN_POINT('',(0.69309090689049,0.097215551226115,-0.467744647465334));
#1348=CARTESIAN_POINT('',(0.682931806116723,0.0976382136157241,-0.455148953721193));
#1349=CARTESIAN_POINT('',(0.672580962512203,0.0980474388009134,-0.442710973166964));
#1350=CARTESIAN_POINT('',(0.662664846470956,0.0980545633722473,-0.429917522957491));
#1351=CARTESIAN_POINT('',(0.65261555265799,0.0981866209931753,-0.417229044041615));
#1352=CARTESIAN_POINT('',(0.638451091601655,0.0982571970500195,-0.400942477587451));
#1353=CARTESIAN_POINT('',(0.62061530765215,0.0983273362309168,-0.380710658011177));
#1354=CARTESIAN_POINT('',(0.599675743675258,0.0983603470449867,-0.356017125706607));
#1355=CARTESIAN_POINT('',(0.57766951757511,0.098697214844158,-0.332278129320661));
#1356=CARTESIAN_POINT('',(0.555504110505881,0.0988022632924994,-0.30868426412074));
#1357=CARTESIAN_POINT('',(0.532641591865048,0.0989518110810761,-0.285769607743272));
#1358=CARTESIAN_POINT('',(0.509823239631623,0.0988733087340994,-0.262805705754386));
#1359=CARTESIAN_POINT('',(0.486162172499879,0.0990514308222046,-0.240709484740059));
#1360=CARTESIAN_POINT('',(0.461788930902295,0.099288407561946,-0.219406495365378));
#1361=CARTESIAN_POINT('',(0.437174358699738,0.0991483344928052,-0.198377498571452));
#1362=CARTESIAN_POINT('',(0.411732986227082,0.0992331352607339,-0.178361272387856));
#1363=CARTESIAN_POINT('',(0.386360253621484,0.0992178373304665,-0.158251384695756));
#1364=CARTESIAN_POINT('',(0.351137284057214,0.0994542835571258,-0.133298665135869));
#1365=CARTESIAN_POINT('',(0.31533838609577,0.0993898965611877,-0.10915646200462));
#1366=CARTESIAN_POINT('',(0.278098169415404,0.0994168598717603,-0.0873292675455665));
#1367=CARTESIAN_POINT('',(0.240654091172433,0.0994846025504016,-0.0658463210108032));
#1368=CARTESIAN_POINT('',(0.201584592024163,0.0998901350754653,-0.0474212389778414));
#1369=CARTESIAN_POINT('',(0.161833366111067,0.0998672840542714,-0.0305818270872354));
#1370=CARTESIAN_POINT('',(0.131222795876711,0.0999462302751267,-0.0200062214179634));
#1371=CARTESIAN_POINT('',(0.100078091849768,0.0996381717613051,-0.0111138153087257));
#1372=CARTESIAN_POINT('',(0.0682978693172561,0.0996708599052711,-0.00482417132996398));
#1373=CARTESIAN_POINT('',(0.0441579301109239,0.0999024851094111,-0.00200357238256243));
#1374=CARTESIAN_POINT('',(0.0281533607668505,0.100082985573311,0.00023142083139618));
#1375=CARTESIAN_POINT('',(0.0201114376376983,0.100128404885757,0.00135225749802667));
#1376=CARTESIAN_POINT('',(0.0122100335014767,0.100149370488969,0.00308266673148679));
#1377=CARTESIAN_POINT('',(0.00720568041369302,0.100142520931152,0.00519425426244374));
#1378=CARTESIAN_POINT('',(0.00471325684338808,0.100139461457729,0.00622583366930485));
#1379=CARTESIAN_POINT('',(0.000224903255002573,0.100063644349575,0.0039460645057261));
#1380=CARTESIAN_POINT('',(0.00246908004919533,0.100101552903652,0.00508594908751547));
#1381=VECTOR('',#1441,1.0);
#1382=CARTESIAN_POINT('',(1.1025366740489E-34,0.0900091603398323,-1.40787546427232E-34));
#1383=CARTESIAN_POINT('',(0.000112451627501287,0.0950364023447037,0.00197303225286305));
#1384=VECTOR('',#1442,1.0);
#1385=CARTESIAN_POINT('',(-1.86505494904899E-34,0.00999083835631609,-1.67438781384132E-34));
#1386=CARTESIAN_POINT('',(6.83150595389243E-35,0.0499999993480742,4.84719859527933E-35));
#1387=VECTOR('',#1443,1.0);
#1388=CARTESIAN_POINT('',(0.00264770817011595,0.00374892400577664,0.0101961847394705));
#1389=CARTESIAN_POINT('',(0.00132385408505797,0.00686988118104637,0.00509809236973524));
#1390=VECTOR('',#1444,1.0);
#1391=CARTESIAN_POINT('',(0.0116414213553071,0.00249974336475134,0.00357939768582582));
#1392=CARTESIAN_POINT('',(0.00714456476271152,0.00312433368526399,0.00688779121264815));
#1393=VECTOR('',#1445,1.0);
#1394=CARTESIAN_POINT('',(0.0116414213553071,0.00249974336475134,0.00357939768582582));
#1395=CARTESIAN_POINT('',(0.0141910103966704,0.00219376291629751,0.00285273549254854));
#1396=CARTESIAN_POINT('',(0.0192962921918795,0.00157639563503516,0.00135931849060109));
#1397=CARTESIAN_POINT('',(0.0297904667602334,0.000619015470490716,-0.000324739986527511));
#1398=CARTESIAN_POINT('',(0.0482446055232218,-0.000381877919735107,-0.00314869466143824));
#1399=CARTESIAN_POINT('',(0.0744829941406405,-0.000335821700499347,-0.00806262050511284));
#1400=CARTESIAN_POINT('',(0.105760903146981,5.43984000220497E-05,-0.0149746366531931));
#1401=CARTESIAN_POINT('',(0.1467383824161,0.000583756430668304,-0.0270799712832961));
#1402=CARTESIAN_POINT('',(0.18645612011726,0.000723068840548088,-0.0428530984779804));
#1403=CARTESIAN_POINT('',(0.225476554918333,0.000532871945725822,-0.0602300950517872));
#1404=CARTESIAN_POINT('',(0.253705126825074,0.000782941491137844,-0.0753886732905778));
#1405=CARTESIAN_POINT('',(0.281325789044104,0.000688986382679991,-0.0915934130776452));
#1406=CARTESIAN_POINT('',(0.308778820348211,0.000551171879911652,-0.108093798593865));
#1407=CARTESIAN_POINT('',(0.33549981996159,0.000831177854158634,-0.125750858564465));
#1408=CARTESIAN_POINT('',(0.362027139169225,0.00079340289774509,-0.143698391648629));
#1409=CARTESIAN_POINT('',(0.387744067740769,0.000940053529141733,-0.16278936692692));
#1410=CARTESIAN_POINT('',(0.413182149205503,0.000960899283081549,-0.182243050481353));
#1411=CARTESIAN_POINT('',(0.438265455901819,0.00083963691887849,-0.202162428515846));
#1412=CARTESIAN_POINT('',(0.470436133441322,0.00133420363948619,-0.230248769867405));
#1413=CARTESIAN_POINT('',(0.502039541146323,0.00144650668928115,-0.258970078452422));
#1414=CARTESIAN_POINT('',(0.532499482415781,0.00145276137217085,-0.288896516801518));
#1415=CARTESIAN_POINT('',(0.555729051082257,0.0012950098975138,-0.31095061002008));
#1416=CARTESIAN_POINT('',(0.577694182738539,0.00155775705524374,-0.33427177457097));
#1417=CARTESIAN_POINT('',(0.598852665551486,0.00188466748698511,-0.358308980444307));
#1418=CARTESIAN_POINT('',(0.620225555198147,0.00168578475625338,-0.382160227774936));
#1419=CARTESIAN_POINT('',(0.64127859606475,0.00209341899439744,-0.406288507323618));
#1420=CARTESIAN_POINT('',(0.662162172064851,0.00206241245411531,-0.430574358288026));
#1421=CARTESIAN_POINT('',(0.678621717315639,0.00274717614914483,-0.451580974553953));
#1422=CARTESIAN_POINT('',(0.692504239902033,0.00259218996739156,-0.467812663465964));
#1423=CARTESIAN_POINT('',(0.702165590099254,0.002953538736379,-0.480582410236655));
#1424=CARTESIAN_POINT('',(0.711908828751106,0.00333779150373181,-0.493281961514558));
#1425=CARTESIAN_POINT('',(0.721909124100563,0.00364040436730432,-0.505784546957901));
#1426=CARTESIAN_POINT('',(0.731796125902902,0.00373365128881542,-0.518383351301508));
#1427=CARTESIAN_POINT('',(0.741178646340794,0.00410066900104062,-0.53135597583799));
#1428=CARTESIAN_POINT('',(0.750145786625207,0.00443333029168228,-0.54462303396169));
#1429=CARTESIAN_POINT('',(0.759721943264103,0.00417874522022575,-0.557461906093665));
#1430=CARTESIAN_POINT('',(0.769802507692955,0.00444918223007887,-0.569907716754701));
#1431=CARTESIAN_POINT('',(0.778734098649319,0.00451699597318786,-0.57982910507485));
#1432=CARTESIAN_POINT('',(0.786208367497704,0.00449109998311477,-0.587456610081204));
#1433=CARTESIAN_POINT('',(0.792062431784907,0.00472484641906763,-0.592892683024772));
#1434=CARTESIAN_POINT('',(0.798302299141372,0.00488352743790242,-0.598027221033582));
#1435=CARTESIAN_POINT('',(0.802134387284174,0.00377691475721266,-0.601589308160705));
#1436=CARTESIAN_POINT('',(0.804004490375519,0.00313410512171686,-0.603381395339966));
#1437=DIRECTION('',(1.0,0.0,0.0));
#1438=DIRECTION('',(-0.0,0.936236140939416,-0.351371439361356));
#1439=DIRECTION('',(-0.0236995643519983,0.999349278807782,-0.0271909837242481));
#1440=DIRECTION('',(-0.33024593832771,0.921601105140643,-0.20393386972643));
#1441=DIRECTION('',(-0.891480135676459,-0.0150588505412965,-0.452809450778865));
#1442=DIRECTION('',(-0.020817714355234,-0.930672951361676,-0.365259469928943));
#1443=DIRECTION('',(-0.0,-1.0,-0.0));
#1444=DIRECTION('',(0.216232016743404,-0.509762270476219,0.832698110081926));
#1445=DIRECTION('',(0.800495912323723,-0.111184777222071,-0.588934834822232));
ENDSEC;
END-ISO-10303-21;
