0.736405,0.000130,-0.481210,-465.400983
0.029150,0.025837,0.007041,311.786186
-0.014317,0.043683,-0.005369,346.672793
0.693772,0.077578,-0.421208,-405.008901
0.331082,0.096789,-0.097773,26.710731
0.738475,0.056305,-0.485963,-469.534012
0.713156,0.050263,-0.448105,-432.449427
0.042595,0.012814,0.004043,299.858707
0.728807,0.053781,-0.471113,-455.194688
0.766741,0.074948,-0.532592,-512.916908
0.746944,0.057165,-0.499407,-482.292729
0.741365,0.000150,-0.488116,-472.240890
0.691058,0.057971,-0.417572,-401.223349
0.194706,0.028538,-0.042378,159.220176
0.702730,0.002367,-0.435895,-419.245895
0.280233,0.037972,-0.079390,75.192123
-0.009941,0.048712,0.002209,344.105575
0.104845,0.098343,-0.012717,243.437138
0.070845,0.081242,-0.002816,274.532297
-0.007998,0.084997,-0.002557,341.703936
-0.008648,0.050331,0.004450,343.353552
0.228072,0.013395,-0.055821,126.892827
0.759653,0.058204,-0.520410,-501.814417
0.708215,0.003240,-0.443070,-426.711070
0.194415,0.094709,-0.038102,160.828198
0.705844,0.094579,-0.439964,-423.493409
-0.004097,0.082259,0.003566,339.350389
0.757746,0.032486,-0.517192,-498.853449
0.697244,0.018647,-0.425905,-409.864112
0.175772,0.086961,-0.035291,177.314293
0.739430,0.030869,-0.487458,-470.960643
0.194061,0.023599,-0.042130,159.840522
0.060619,0.020660,-0.000247,283.742929
-0.004037,0.084204,0.003794,339.335113
0.708348,0.095350,-0.443252,-426.906283
0.777761,0.095821,-0.552261,-530.507518
0.760114,0.004754,-0.514660,-498.088338
0.122441,0.038454,-0.017385,227.367324
0.763008,0.099393,-0.526133,-507.053785
0.109608,0.084945,-0.013509,239.209261
0.713290,0.030150,-0.448297,-432.640870
0.770669,0.022715,-0.539496,-519.132448
-0.008185,0.096617,-0.001464,342.034992
0.760732,0.086784,-0.522242,-503.497111
0.731202,0.062775,-0.474744,-458.725900
0.426712,0.098057,-0.165099,-78.901196
0.747783,0.027013,-0.500762,-483.564270
0.695831,0.067323,-0.423987,-407.887419
0.789066,0.099968,-0.556665,-537.643939
0.734319,0.000555,-0.478321,-462.525477
-0.006750,0.081099,-0.000880,340.904139
0.776831,0.035437,-0.550563,-529.000236
0.700938,0.097156,-0.433582,-416.830965
0.692606,0.014012,-0.419642,-403.375879
0.053820,0.063949,0.001412,289.835557
0.066745,0.004989,-0.005931,277.342315
0.688093,0.051825,-0.413634,-397.104539
0.130090,0.042716,-0.019772,220.270784
0.686007,0.099291,-0.414589,-396.692918
-0.007941,0.088756,-0.002128,341.722360
0.772145,0.043346,-0.542122,-521.486839
0.731392,0.068940,-0.475035,-459.008578
0.715279,0.086774,-0.451155,-435.506727
0.351831,0.095754,-0.114557,2.939898
0.738524,0.028875,-0.486039,-469.604284
-0.004513,0.017035,0.002867,339.597552
0.771829,0.058364,-0.541558,-520.983654
0.042165,0.049055,0.004144,300.239302
0.768334,0.033270,-0.535378,-515.429698
0.699131,0.084989,-0.428479,-412.522096
0.789061,-0.000047,-0.556665,-537.633187
0.330228,0.000212,-0.099048,26.848276
-0.004620,0.081635,0.002610,339.643495
0.067629,0.072791,-0.001996,277.433157
0.772061,0.038719,-0.541971,-521.351937
0.787691,0.076047,-0.559162,-538.832244
0.181492,0.062503,-0.037391,171.867130
0.044175,0.047620,0.003682,298.449061
0.788264,0.062281,-0.558170,-538.367280
0.742774,0.048605,-0.492735,-475.986311
-0.007462,0.053776,0.006504,342.666317
0.767268,0.094886,-0.524968,-507.944676
0.702909,0.065231,-0.433678,-417.848720
0.230404,0.037806,-0.056806,124.610648
0.028072,0.083092,0.007278,312.735477
0.730192,0.018299,-0.473208,-457.230700
0.773326,0.046359,-0.544232,-523.373013
0.086789,0.094847,-0.009208,259.581388
0.329759,0.002666,-0.100797,26.465917
-0.008121,0.017025,-0.002889,341.761674
-0.003287,0.038399,0.013735,340.270278
0.706598,0.071138,-0.438816,-423.081123
0.468595,0.097978,-0.197286,-126.643342
0.684523,0.006253,-0.412720,-394.683672
0.760695,0.036925,-0.522179,-503.435194
0.773766,0.092056,-0.545023,-524.082175
0.764094,0.022346,-0.528000,-508.747202
0.021138,0.074634,0.008749,318.854971
0.314693,0.022255,-0.096767,40.219952
0.317001,0.030518,-0.097984,37.852325
0.687711,0.023743,-0.413130,-396.573204
0.774566,0.004515,-0.546461,-525.355627
0.105434,0.033622,-0.012290,243.048326
0.123839,0.022643,-0.017817,226.073678
0.078477,0.060775,-0.004806,267.632410
0.160737,0.013439,-0.029945,191.566146
0.773402,0.046979,-0.544369,-523.494616
0.691582,0.058773,-0.418272,-401.953145
0.710074,0.001785,-0.445522,-429.247343
0.711236,0.045473,-0.445365,-429.696730
0.788267,0.005805,-0.558095,-538.312977
0.696949,0.057863,-0.425503,-409.452879
0.706974,0.094921,-0.441446,-425.033212
0.737330,0.022546,-0.484178,-467.820896
0.778689,0.035317,-0.553959,-532.002209
0.745979,0.072072,-0.497854,-480.830809
0.248256,0.043038,-0.064561,107.057673
0.090981,0.099726,-0.009971,255.847042
0.259243,0.037889,-0.069519,96.171420
0.788306,0.059482,-0.558097,-538.332752
0.759420,0.018229,-0.520015,-501.448771
0.680493,0.096030,-0.407743,-389.316294
-0.004419,0.043100,0.011773,340.917205
0.772595,0.085681,-0.542926,-522.209719
0.330882,0.096788,-0.098140,26.711090
-0.009006,0.039758,0.003829,343.562332
0.787485,0.033329,-0.559518,-538.994332
-0.002989,0.086443,0.005968,338.791318
-0.002012,0.010658,0.008247,338.332001
0.738260,0.059597,-0.485628,-469.213766
0.742312,0.013158,-0.492002,-475.287092
-0.007479,0.088186,-0.001485,341.430168
-0.001974,0.089783,0.008381,338.316084
0.173141,0.014218,-0.034342,179.820064
0.022068,0.063819,0.008553,318.035785
0.686614,0.047324,-0.411684,-395.056850
0.765115,0.099915,-0.521873,-504.994572
0.725821,0.050168,-0.466628,-450.812015
0.010975,0.026686,0.010819,327.787678
-0.004848,0.008548,0.003128,339.924426
0.789061,-0.000047,-0.556665,-537.633187
0.157075,0.087247,-0.028673,195.014698
0.758104,0.084345,-0.517795,-499.413065
-0.005586,0.016702,0.001084,340.227356
0.760676,0.005757,-0.515465,-498.861661
0.131523,0.073344,-0.020223,218.936810
0.714040,0.083921,-0.449373,-433.724014
0.697356,0.063767,-0.426056,-410.025049
0.753722,0.068132,-0.510480,-492.646861
0.091394,0.077777,-0.008300,255.891148
0.775667,0.022168,-0.548450,-527.125107
0.021100,0.060296,0.008755,318.889344
0.767555,0.018195,-0.534012,-514.195711
0.077848,0.043246,-0.004641,268.203147
0.766324,0.000533,-0.523588,-506.628163
-0.007038,0.044867,0.007238,342.422432
0.742734,0.035507,-0.492672,-475.924943
0.699746,0.021972,-0.429321,-413.381263
-0.004026,0.085119,0.003880,339.339438
0.055102,0.024012,0.001100,288.690451
0.716470,0.069051,-0.452876,-437.221680
-0.008050,0.003524,-0.001257,341.958914
0.773515,0.084451,-0.544572,-523.679316
0.742850,0.098381,-0.490211,-474.309611
0.788902,0.092446,-0.556995,-537.807222
0.066064,0.044257,-0.001603,278.844527
0.762969,0.094494,-0.518778,-502.038888
-0.004056,0.009964,0.004349,339.444799
0.134293,0.043399,-0.021109,216.360049
0.773786,0.029467,-0.545058,-524.108121
0.047085,0.035759,0.003005,295.856051
0.730809,0.033527,-0.474147,-458.143468
0.729784,0.059833,-0.472590,-456.633605
0.769919,0.085660,-0.538170,-517.947145
0.152740,0.051523,-0.027194,199.096832
0.755784,0.025085,-0.513905,-495.817879
0.466727,0.000937,-0.195803,-124.481342
-0.000000,-0.000000,-0.000000,335.299457
0.189410,0.076605,-0.040354,164.296773
0.329980,0.004018,-0.100052,26.612244
0.787592,0.028033,-0.559333,-538.907400
0.093739,0.019405,-0.008956,253.756174
0.710118,0.099991,-0.445592,-429.325162
0.136437,0.099507,-0.020155,214.804198
-0.004762,0.010148,0.003042,339.837146
-0.006268,0.048805,0.008571,341.978346
0.183723,0.043416,-0.038221,169.739342
0.076574,0.031840,-0.004307,269.357123
0.441833,0.097044,-0.176396,-95.976463
0.761879,0.033846,-0.524197,-505.280803
0.731741,0.049036,-0.475567,-459.522379
0.748889,0.076693,-0.502555,-485.252087
0.769525,0.036055,-0.537474,-517.317336
0.467906,0.097573,-0.196733,-125.846291
-0.001718,0.010948,0.008789,338.169789
-0.013571,0.039110,-0.004077,346.232895
0.180429,0.061931,-0.036999,172.880729
0.763338,0.046086,-0.526700,-507.564983
0.753321,0.021626,-0.509816,-492.025915
0.739535,0.049814,-0.487623,-471.120251
0.722572,0.001916,-0.462244,-446.362333
0.706464,0.046726,-0.438630,-422.889348
0.121861,0.030436,-0.017206,227.905141
0.703093,0.038476,-0.433933,-418.107377
0.788723,0.005505,-0.557299,-537.939567
-0.004708,0.083453,0.002556,339.709561
0.704191,0.077337,-0.435457,-419.665500
0.037315,0.072098,0.005245,304.548634
0.196146,0.053632,-0.042931,157.835323
0.005410,0.076973,0.011917,332.655736
0.787563,0.032450,-0.559382,-538.930873
0.016697,0.053402,0.009665,322.763483
0.789066,0.099968,-0.556665,-537.643939
0.743316,0.021827,-0.493596,-476.799996
0.704073,0.052442,-0.435293,-419.496320
0.036250,0.062396,0.005483,305.494779
0.689329,0.096064,-0.418754,-401.150793
-0.003613,0.092022,0.005520,339.248655
0.789061,-0.000047,-0.556665,-537.633187
0.059063,0.048839,0.000138,285.138179
0.762650,0.000552,-0.518301,-501.578570
0.777210,0.095538,-0.551256,-529.618679
0.771647,0.016490,-0.541233,-520.689359
-0.007950,0.089488,-0.002062,341.740460
0.695755,0.041118,-0.423883,-407.777836
0.195504,0.074713,-0.042682,158.450628
-0.004614,0.012153,0.003066,339.715135
0.016915,0.042485,0.009620,322.572902
0.738350,0.060118,-0.485769,-469.348207
0.750500,0.073493,-0.505180,-487.709530
-0.005848,0.013867,0.000855,340.414405
-0.008246,0.009774,-0.002431,341.941767
0.012575,0.058181,0.010501,326.382188
0.099988,0.049101,-0.010719,248.041130
0.685904,0.002123,-0.414442,-396.533536
-0.006093,0.040611,0.008874,341.878237
0.764597,0.042700,-0.528870,-509.539323
-0.014094,0.053761,-0.004983,346.540498
0.113896,0.033346,-0.014788,235.262787
0.693979,0.086602,-0.421486,-405.297981
0.760442,0.096942,-0.515156,-498.565600
0.167030,0.022354,-0.032155,185.616001
0.746117,0.064293,-0.498076,-481.039287
0.104904,0.072006,-0.012133,243.532960
0.724255,0.099307,-0.464535,-448.689674
0.708051,0.016846,-0.440858,-425.145470
0.764449,0.030302,-0.528613,-509.305155
0.040158,0.094842,-0.002571,300.634779
0.073593,0.003727,-0.006975,271.296819
0.751164,0.053971,-0.506268,-488.723665
0.129806,0.039399,-0.019682,220.535341
0.101933,0.001297,-0.012115,246.058677
0.760421,0.059032,-0.521714,-503.010945
0.330725,0.000726,-0.098210,26.814840
0.263712,0.020591,-0.071578,91.726282
0.331544,0.001562,-0.096809,26.768704
0.757091,0.017702,-0.516091,-497.836755
0.724896,0.076460,-0.465249,-449.461747
0.696941,0.073051,-0.425492,-409.443417
-0.004812,0.059806,0.011093,341.141100
-0.002763,0.014300,0.006338,338.664229
0.775329,0.098227,-0.547841,-526.590583
0.715013,0.039651,-0.450772,-435.119103
0.774681,0.010267,-0.546667,-525.539652
0.735727,0.051396,-0.481691,-465.434899
0.682047,0.005299,-0.409648,-391.372488
-0.007403,0.016789,-0.001771,341.324877
0.756737,0.068185,-0.515500,-497.295701
0.165280,0.026421,-0.031536,187.271523
0.729541,0.002350,-0.471741,-455.944388
0.788857,0.005234,-0.557064,-537.829444
0.781141,0.003400,-0.545099,-526.901444
0.789066,0.099968,-0.556665,-537.643939
0.760655,0.012760,-0.522110,-503.369438
0.759686,0.012963,-0.520466,-501.862268
-0.007641,0.019543,-0.002296,341.445021
0.765964,0.072492,-0.531239,-511.691912
0.081244,0.062720,-0.005540,265.123895
0.204456,0.036214,-0.046178,149.830842
0.149771,0.023970,-0.026193,201.888038
0.060157,0.022097,-0.000133,284.157415
0.723660,0.070922,-0.463410,-447.654656
0.756951,0.072154,-0.515858,-497.626436
0.130895,0.029236,-0.020027,219.523579
0.774959,0.007941,-0.547169,-525.985178
0.699463,0.063142,-0.428933,-412.986634
0.158291,0.022994,-0.029097,193.873284
0.313318,0.077420,-0.096041,41.624682
0.721149,0.056470,-0.459703,-443.997625
0.765244,0.074989,-0.529989,-510.558369
0.063279,0.098465,-0.005417,280.390019
-0.008318,0.085111,-0.003038,341.902017
0.752638,0.022595,-0.508689,-490.978075
0.185058,0.069744,-0.038717,168.461246
0.742280,0.017389,-0.491952,-475.239481
0.459433,0.000638,-0.190019,-116.077938
0.239335,0.060538,-0.060638,115.848469
0.089173,0.024194,-0.007691,257.918710
-0.000000,0.100000,-0.000000,335.292048
-0.007806,0.093520,-0.001301,341.737321
0.722380,0.000842,-0.461984,-446.098891
0.787569,0.049207,-0.559373,-538.928010
0.166465,0.033517,-0.031954,186.149680
-0.005439,0.084864,0.001420,340.151009
-0.002592,0.011791,0.006949,338.616611
0.086547,0.061194,-0.006970,260.306572
0.734566,0.001836,-0.478662,-462.865812
0.118443,0.094359,-0.015715,231.175096
0.719193,0.014683,-0.456835,-441.153896
0.035744,0.020455,0.005592,305.946226
-0.004017,0.006426,0.005050,339.523549
0.197427,0.079148,-0.043425,156.601564
0.746424,0.082494,-0.498570,-481.506867
0.755614,0.025565,-0.513622,-495.556293
0.787685,0.034654,-0.559171,-538.832082
0.732022,0.041042,-0.475995,-459.936767
0.122047,0.005782,-0.016561,227.917275
0.768338,0.073218,-0.535387,-515.440597
0.688013,0.028841,-0.413528,-396.991624
0.713878,0.065195,-0.449141,-433.489477
0.148781,0.049002,-0.025858,202.815844
0.707577,0.050416,-0.440191,-424.473065
0.762722,0.033592,-0.525642,-506.599670
0.062866,0.005150,-0.005372,280.758188
0.777317,0.076018,-0.551450,-529.788624
-0.006987,0.081161,-0.001246,341.048235
0.105462,0.064857,-0.012296,243.020621
0.751069,0.046595,-0.506111,-488.576494
0.474532,0.096704,-0.202074,-133.521970
0.706273,0.086504,-0.438361,-422.620849
0.724236,0.045546,-0.464266,-448.494085
0.091003,0.021629,-0.008196,256.251148
0.687728,0.018203,-0.413153,-396.596658
0.091782,0.043240,-0.008410,255.539971
0.723789,0.076534,-0.463602,-447.843484
-0.003037,0.062612,0.014168,340.126044
0.709939,0.098639,-0.445353,-429.078837
-0.003146,0.018795,0.005271,338.818648
0.014222,0.085927,0.010171,324.935602
0.177760,0.050387,-0.036019,175.424804
0.709681,0.059937,-0.443158,-427.474100
0.070234,0.031585,-0.002663,275.086944
0.190609,0.073971,-0.040809,163.148067
0.108406,0.094232,-0.013473,240.235015
-0.002797,0.011459,0.006584,338.732394
0.788225,0.051102,-0.558236,-538.397006
0.770013,0.044274,-0.538335,-518.092405
-0.010337,0.054229,0.001523,344.336095
0.698352,0.037288,-0.427414,-411.421497
0.095455,0.031595,-0.009436,252.188028
-0.004990,0.094545,0.003481,340.094637
-0.003545,0.083033,0.004626,339.050188
0.460810,0.001035,-0.191104,-117.661899
0.438778,0.001025,-0.174096,-92.508663
0.769234,0.062525,-0.536960,-516.857417
0.057032,0.085255,0.000637,286.957032
0.295597,0.077448,-0.086951,59.679590
0.787424,0.029296,-0.559624,-539.043718
0.025425,0.086460,0.007845,315.073504
0.751023,0.050248,-0.506037,-488.507684
-0.012909,0.054798,-0.002930,345.842007
0.141946,0.039843,-0.023591,209.217988
0.722212,0.047353,-0.461268,-445.541791
0.074515,0.000810,-0.007114,270.483205
0.009970,0.082521,0.011023,328.664332
0.187647,0.018862,-0.039692,165.988956
0.679488,0.093823,-0.406506,-387.975547
0.281789,0.044533,-0.080142,73.627331
-0.000000,0.100000,-0.000000,335.292048
0.771203,0.031018,-0.540444,-519.983962
0.330310,0.097606,-0.099159,26.726109
0.775917,0.076713,-0.548904,-527.532896
0.733270,0.082340,-0.477906,-461.788980
0.053544,0.024829,0.001475,290.085333
0.700760,0.051646,-0.430713,-414.812702
0.330935,0.097679,-0.097990,26.733590
-0.003768,0.086382,0.004465,339.213199
0.713852,0.100034,-0.450544,-434.426709
0.148084,0.015651,-0.025627,203.471865
0.091102,0.015537,-0.008223,256.161947
0.031427,0.074339,0.006549,309.768541
0.004976,0.041102,0.011998,333.036916
0.691381,0.096463,-0.421345,-403.912047
0.072844,0.045752,-0.003334,272.729950
0.776468,0.010163,-0.549903,-528.413020
0.745080,0.005366,-0.493319,-477.363197
-0.003484,0.011490,0.005233,339.100325
0.704999,0.072030,-0.436582,-420.810827
0.266838,0.053320,-0.073029,88.606817
0.708149,0.043401,-0.440995,-425.286763
-0.002705,0.088361,0.006744,338.673917
0.730989,0.061506,-0.474420,-458.411891
0.057658,0.003354,-0.004650,285.337216
0.711929,0.048960,-0.446352,-430.689603
0.732815,0.004994,-0.476240,-460.450409
0.152763,0.094715,-0.024650,199.800799
-0.007335,0.046622,0.006723,342.593990
0.329927,0.097290,-0.101080,26.201761
0.234314,0.039449,-0.058473,120.780124
0.774908,0.050286,-0.547078,-525.908198
0.778277,0.093023,-0.553205,-531.341189
0.747262,0.068164,-0.499921,-482.777132
0.749390,0.083016,-0.503370,-486.016750
0.048364,0.097705,-0.003477,293.473910
-0.001829,0.012579,0.008369,338.196760
0.169867,0.049465,-0.033163,182.925192
-0.006625,0.092464,0.000379,340.995259
0.230949,0.048361,-0.057036,124.076735
0.153334,0.040830,-0.027396,198.539383
0.743493,0.077844,-0.493879,-477.073395
0.729692,0.005789,-0.471944,-456.150008
0.763148,0.094514,-0.526374,-507.272449
0.770874,0.091756,-0.539861,-519.466492
0.725127,0.054290,-0.465592,-449.796043
0.046393,0.040646,0.003167,296.472303
0.765617,0.040634,-0.530636,-511.142573
0.055781,0.081096,0.000940,288.078998
-0.003102,0.007269,0.006641,338.999527
-0.003989,0.088118,0.004228,339.363109
0.751866,0.052303,-0.507419,-489.797607
-0.011649,0.043951,-0.000748,345.103260
0.748265,0.056871,-0.501543,-484.300250
0.120334,0.077232,-0.016735,229.314756
0.771440,0.030708,-0.540865,-520.360611
0.787354,0.033466,-0.559745,-539.100482
0.757050,0.082580,-0.516024,-497.780908
0.702974,0.064981,-0.433768,-417.941270
-0.001946,0.012428,0.008155,338.261518
0.749964,0.004036,-0.500208,-484.100706
0.330683,0.004954,-0.098561,26.697037
0.700445,0.049547,-0.430279,-414.368168
0.683958,0.095808,-0.412032,-393.946532
0.689431,0.064883,-0.415406,-398.962011
0.079348,0.047965,-0.005037,266.843522
0.330616,0.002271,-0.098503,26.775213
-0.005763,0.062365,0.009446,341.686707
-0.003189,0.016506,0.005332,338.864950
0.109208,0.039067,-0.013395,239.580199
0.416583,0.003240,-0.157743,-67.560048
0.061925,0.069903,-0.000566,282.566342
0.276173,0.026084,-0.077440,79.269922
-0.010605,0.039738,0.001059,344.493447
0.017913,0.070177,0.009417,321.693493
0.701619,0.034653,-0.431896,-416.023591
0.025982,0.043488,0.007723,314.584595
0.703120,0.082946,-0.433970,-418.149177
0.775017,0.034037,-0.547275,-526.082143
-0.003379,0.093722,0.006294,339.173039
0.766601,0.081665,-0.532348,-512.696881
0.761364,0.000650,-0.516455,-499.809888
0.698101,0.093768,-0.429917,-412.982947
0.716591,0.002443,-0.454189,-438.158844
0.733578,0.022803,-0.478378,-462.239521
-0.002909,0.005025,0.007413,338.959376
-0.005660,0.013072,0.001222,340.312813
0.750945,0.077417,-0.505909,-488.390243
0.777683,0.062227,-0.552119,-530.378902
0.718995,0.013673,-0.456547,-440.867743
0.776003,0.043455,-0.549060,-527.668036
0.771349,0.093146,-0.540704,-520.222017
0.128194,0.023548,-0.019176,222.033511
0.744530,0.096439,-0.492565,-476.625492
0.787691,0.024584,-0.559160,-538.826257
0.674932,0.005727,-0.400930,-381.901594
-0.006743,0.050675,0.007749,342.251777
0.683610,0.002197,-0.411584,-393.461248
-0.008516,0.017414,-0.003521,341.999704
0.017092,0.057384,0.009585,322.416349
0.141699,0.097584,-0.021556,209.984497
0.714233,0.001228,-0.451041,-434.931335
0.119338,0.063120,-0.016431,230.236259
0.102327,0.023497,-0.011391,245.899511
0.725305,0.086832,-0.465857,-450.059830
-0.010330,0.054652,0.001537,344.331517
0.697447,-0.000121,-0.429069,-412.082987
0.074042,0.095534,-0.007048,270.892091
0.236766,0.036048,-0.059528,118.374763
0.261908,0.064521,-0.070742,93.519749
0.758940,0.055440,-0.519204,-500.706868
-0.008332,0.037100,0.004997,343.171396
0.767178,0.065981,-0.533354,-513.605056
0.212054,0.049377,-0.049210,142.481285
0.742320,0.053423,-0.492016,-475.303579
-0.006651,0.085559,-0.000449,340.887703
0.018164,0.003568,-0.000974,319.663395
0.736141,0.086320,-0.482332,-466.055036
0.751401,0.066085,-0.506656,-489.087245
0.033479,0.051887,0.006097,307.952422
0.076849,0.032390,-0.004379,269.108550
0.049094,0.055320,0.002535,294.061482
0.765292,0.049208,-0.530072,-510.631752
0.770887,0.026950,-0.539882,-519.479293
-0.003470,0.093946,0.006163,339.229764
0.134002,0.015946,-0.021018,216.633266
0.705005,0.073250,-0.436591,-420.819827
0.084500,0.095393,-0.008800,261.617876
0.728186,0.083359,-0.470177,-454.284683
0.142284,0.064128,-0.023700,208.900569
0.020150,0.082680,0.008955,319.724299
0.048372,0.083426,0.002707,294.704470
0.758238,0.086568,-0.518021,-499.621616
0.753054,0.096945,-0.504612,-488.386384
0.696801,0.043177,-0.425302,-409.244725
0.244953,0.041324,-0.063099,110.318043
0.010667,0.072932,0.010884,328.054751
-0.003120,0.059487,0.014024,340.173633
0.064024,0.067246,-0.001089,280.679428
0.154916,0.098141,-0.025274,197.810845
0.759581,0.062139,-0.520289,-501.704037
0.080438,0.003414,-0.008096,265.233616
0.704920,0.070855,-0.436471,-420.697801
-0.014060,0.058569,-0.004925,346.520327
0.697591,0.042336,-0.426377,-410.353532
0.700885,0.044253,-0.430885,-414.988714
0.772663,0.046700,-0.543046,-522.313452
0.105168,0.001732,-0.012785,243.154332
0.725084,0.099919,-0.465663,-449.829318
0.732403,0.038435,-0.476577,-460.499695
0.789061,-0.000047,-0.556665,-537.633187
0.731656,0.043299,-0.475436,-459.394839
0.777352,0.053020,-0.551514,-529.843205
0.040251,0.045811,0.004580,301.941881
0.742456,0.042964,-0.492230,-475.506560
0.757544,0.075053,-0.516853,-498.544844
0.687625,0.062025,-0.413015,-396.456821
-0.013206,0.061543,-0.003445,346.016258
0.162818,0.052454,-0.030668,189.598631
0.681530,0.005932,-0.409009,-390.682322
0.695760,0.004626,-0.426903,-409.800217
0.679604,0.094465,-0.406649,-388.130877
-0.006227,0.018850,-0.000056,340.593056
-0.007949,0.085884,-0.002412,341.685032
0.754577,0.015717,-0.511897,-493.957286
0.723834,0.003591,-0.463952,-448.093913
0.139510,0.048739,-0.022794,211.494283
0.108467,0.025043,-0.013178,240.262542
-0.004859,0.053607,0.011012,341.168283
-0.002109,0.018557,0.007287,338.261005
0.737718,0.014084,-0.484781,-468.398388
0.767371,0.050874,-0.533691,-513.908373
0.710370,0.059534,-0.444135,-428.458876
0.748469,0.066250,-0.501873,-484.611474
0.740260,0.084541,-0.488763,-472.210538
0.733097,0.066019,-0.477639,-461.529814
0.739080,0.054146,-0.486910,-470.439252
0.706048,0.045899,-0.438047,-422.298118
0.732072,0.000634,-0.475220,-459.429589
0.144043,0.097410,-0.022194,207.832682
0.006353,0.056989,0.011732,331.832493
0.776749,0.038955,-0.550415,-528.869456
-0.000000,0.100000,-0.000000,335.292048
0.772924,0.005928,-0.543512,-522.726467
0.707111,0.027461,-0.439536,-423.806636
0.749821,0.004016,-0.500006,-483.903803
0.787923,0.064360,-0.558760,-538.643102
0.244110,0.016047,-0.062729,111.150648
0.704136,0.043508,-0.435380,-419.583779
0.778787,0.009378,-0.554139,-532.158298
0.248130,0.013182,-0.064507,107.184494
0.734890,0.016050,-0.480397,-464.186344
0.749694,0.054291,-0.503865,-486.477069
0.186835,0.019140,-0.039387,166.765678
0.704541,0.038731,-0.435945,-420.158530
0.733852,0.060053,-0.478799,-462.649454
0.752310,0.096789,-0.503553,-487.358947
0.757974,0.039310,-0.517575,-499.206542
0.008237,0.077011,0.011365,330.182637
0.297689,0.074074,-0.088004,57.558097
0.142083,0.076345,-0.023633,209.087424
0.005117,0.018457,0.011969,332.915097
0.149832,0.066277,-0.026210,201.827873
-0.008967,0.053669,0.003897,343.538475
-0.005942,0.086415,0.000728,340.469341
0.069030,0.084908,-0.002351,276.170112
0.243548,0.034415,-0.062481,111.703879
0.007641,0.016652,0.011477,330.708196
0.700026,0.051558,-0.429704,-413.777796
0.788214,0.050407,-0.558256,-538.406283
0.716116,0.033992,-0.452363,-436.707534
0.759080,0.082541,-0.519441,-500.927122
0.733398,0.097881,-0.477058,-461.272509
-0.011210,0.049701,0.000012,344.846100
0.771189,0.033150,-0.540419,-519.961653
-0.000000,0.100000,-0.000000,335.292048
0.765373,0.071611,-0.530214,-510.761989
0.130187,0.013039,-0.019804,220.182927
0.729500,0.097158,-0.471692,-455.901554
0.733998,0.085717,-0.479024,-462.868759
0.058689,0.079833,0.000232,285.471219
0.712812,0.059143,-0.447613,-431.957326
-0.000000,0.100000,-0.000000,335.292048
0.721809,0.050764,-0.460673,-444.955621
0.687897,0.057029,-0.413376,-396.834287
0.764264,0.016095,-0.528294,-509.013742
0.709642,0.099545,-0.444962,-428.674679
0.686936,0.032228,-0.412107,-395.500716
0.137487,0.004036,-0.020432,213.851203
0.102028,0.057980,-0.011303,246.171464
0.711530,0.020665,-0.445784,-430.115591
0.730299,0.078813,-0.473371,-457.394828
0.224324,0.036754,-0.054247,130.551301
0.764181,0.017327,-0.528151,-508.883322
0.223074,0.028865,-0.053727,131.770346
-0.002654,0.016734,0.006349,338.573403
0.752469,0.078001,-0.508412,-490.724923
0.772162,0.036818,-0.542151,-521.512444
0.137610,0.004235,-0.020464,213.739122
0.760650,0.004991,-0.515428,-498.825617
0.695771,0.027694,-0.423905,-407.799538
0.715821,0.036226,-0.451938,-436.283484
-0.001280,0.084122,0.009122,337.847355
0.042962,0.098663,-0.002862,298.191790
0.705729,0.022435,-0.437601,-421.842392
0.139113,0.086128,-0.022662,211.862024
0.707749,0.027677,-0.440433,-424.715651
0.240570,0.040677,-0.061177,114.635100
0.726532,0.029830,-0.467691,-451.851228
0.242762,0.068084,-0.062133,112.475790
0.748648,0.074326,-0.502165,-484.886050
0.255853,0.031934,-0.067975,99.537973
0.761240,0.078293,-0.523108,-504.289175
0.152863,0.027836,-0.027237,198.982883
0.133231,0.063533,-0.020768,217.347530
0.695791,0.072836,-0.423933,-407.832210
0.687515,0.003401,-0.416458,-398.693862
-0.000000,-0.000000,-0.000000,335.299457
0.066224,0.046318,-0.001643,278.701081
0.051681,0.041933,0.001922,291.750499
0.756618,0.078759,-0.515301,-497.112750
0.004988,0.050710,0.011997,333.025780
0.151694,0.062421,-0.026839,200.079603
0.114716,0.064582,-0.015032,234.504904
0.743197,0.023235,-0.493406,-476.620494
0.034755,0.005316,-0.002031,305.343973
0.686773,0.093751,-0.415542,-397.716648
0.183876,0.032344,-0.038279,169.593048
0.756671,0.077658,-0.515389,-497.194419
0.788241,0.073119,-0.558210,-538.386914
-0.007591,0.006674,-0.000994,341.608897
0.705804,0.060652,-0.437705,-421.951658
-0.000000,-0.000000,-0.000000,335.299457
0.769127,0.023976,-0.536772,-516.684723
-0.003686,0.087950,0.004781,339.193560
0.200654,0.045872,-0.044683,153.497245
0.787384,0.037230,-0.559693,-539.076579
0.013343,0.014170,0.010343,325.711320
0.762367,0.004142,-0.517893,-501.188846
0.046611,0.098968,-0.003269,295.007372
0.736360,0.023107,-0.482671,-466.374443
0.206436,0.068596,-0.046960,147.916974
0.727694,0.051405,-0.469436,-453.559099
-0.011895,0.039929,-0.001175,345.248098
0.054217,0.057476,0.001316,289.480991
0.727216,0.051158,-0.468717,-452.856766
0.063650,0.057222,-0.000996,281.016621
0.753169,0.075413,-0.509565,-491.797908
0.125909,0.048647,-0.018459,224.152423
0.149635,0.095296,-0.023754,202.686851
0.187603,0.038404,-0.039675,166.029760
0.718562,0.033723,-0.455914,-440.241900
0.443988,0.003510,-0.178046,-98.420916
0.015591,0.083443,0.009893,323.733121
0.717841,0.086656,-0.454865,-439.204003
0.704506,0.056355,-0.435895,-420.109269
0.038943,0.048951,0.004877,303.104256
0.763577,0.047871,-0.527111,-507.940025
0.703800,0.015028,-0.434914,-419.105424
0.763405,0.050424,-0.526814,-507.669862
-0.003250,0.017330,0.005159,338.889709
0.774354,0.017882,-0.546079,-525.016199
0.047000,0.003813,-0.003323,294.672977
0.284374,0.053682,-0.081399,71.023882
-0.006865,0.008203,-0.000098,341.130655
0.128468,0.094313,-0.018123,222.075724
-0.000000,-0.000000,-0.000000,335.299457
0.116995,0.046686,-0.015721,232.402169
0.190707,0.074957,-0.040846,163.054351
-0.008760,0.054166,0.004255,343.418570
0.331708,0.100115,-0.096516,26.755115
0.745843,0.070498,-0.497636,-480.625185
-0.014598,0.052060,-0.005857,346.838483
0.012299,0.046689,0.010556,326.625577
0.139496,0.095902,-0.020964,212.004452
0.121749,0.040386,-0.017171,228.008060
0.068208,0.001401,-0.006137,276.054619
0.248891,0.065047,-0.064843,106.428419
0.013253,0.072559,0.010366,325.786870
0.089181,0.075495,-0.007689,257.908295
-0.005959,0.042411,0.009107,341.800651
0.789066,0.099968,-0.556665,-537.643939
0.121331,0.042043,-0.017043,228.394884
0.076023,0.094045,-0.007369,269.138061
-0.004220,0.013121,0.003675,339.477264
0.130156,0.018544,-0.019794,220.211133
0.766854,0.096373,-0.532790,-513.097686
0.731835,0.063062,-0.475710,-459.662486
0.036575,0.074918,0.005411,305.205680
-0.004746,0.038495,0.011207,341.104684
0.094094,0.099758,-0.010560,253.068134
0.280122,0.024821,-0.079337,75.304891
0.714755,0.002125,-0.451736,-435.645147
-0.000000,0.100000,-0.000000,335.292048
0.773387,0.025817,-0.544342,-523.469126
0.733616,0.080568,-0.478437,-462.301667
-0.005635,0.041803,0.009668,341.614530
-0.014654,0.043360,-0.005954,346.872154
-0.006038,0.062776,0.008969,341.844905
0.731785,0.003835,-0.474822,-459.032832
0.086870,0.055583,-0.007058,260.013579
0.735358,0.045207,-0.481120,-464.885131
0.733385,0.002673,-0.477029,-461.237440
0.760795,0.062564,-0.522349,-503.592845
0.773009,0.046023,-0.543666,-522.867026
0.772245,0.017350,-0.542298,-521.642163
0.761312,0.074277,-0.523231,-504.400887
0.788068,0.044789,-0.558509,-538.523643
0.788069,0.038914,-0.558507,-538.522282
0.758319,0.027028,-0.518156,-499.740808
-0.000000,0.100000,-0.000000,335.292048
-0.000000,-0.000000,-0.000000,335.299457
0.187012,0.094601,-0.035503,167.830536
0.315871,0.084864,-0.097383,39.008276
0.749440,0.026310,-0.503451,-486.087487
0.017637,0.014887,0.009469,321.939761
0.755011,0.070633,-0.512618,-494.630548
0.781100,0.096051,-0.545046,-526.858229
0.030454,0.035510,0.006758,310.632547
0.049836,0.080199,0.002362,293.396782
0.208730,0.039149,-0.047876,145.700311
0.198119,0.034092,-0.043696,155.939036
0.770751,0.026280,-0.539641,-519.263506
0.773873,0.090351,-0.545216,-524.253863
0.699054,0.046159,-0.428373,-412.409477
0.036193,0.049189,0.005494,305.546324
0.733777,0.058904,-0.478683,-462.537390
0.706062,0.066053,-0.438067,-422.319498
0.773936,0.079679,-0.545329,-524.353564
0.123552,0.000689,-0.016922,226.552241
0.759936,0.020378,-0.520889,-502.251446
0.679544,0.001711,-0.406562,-388.032779
-0.012993,0.057229,-0.003076,345.891433
0.063058,0.059933,-0.000848,281.548578
0.079178,0.098357,-0.007881,266.343906
0.732283,0.096787,-0.475519,-459.734925
0.076985,0.084486,-0.004411,268.981979
-0.006873,0.084188,-0.000891,341.007116
0.097484,0.004590,-0.011222,250.044461
0.763234,0.033511,-0.526520,-507.399935
0.142640,0.043031,-0.023819,208.568787
0.787653,0.049169,-0.559228,-538.860060
0.717252,0.100029,-0.455085,-439.080115
0.730148,0.063787,-0.473142,-457.170642
-0.005847,0.087438,0.000968,340.426510
0.720493,0.066164,-0.458739,-443.044791
-0.007477,0.019179,-0.002025,341.348584
0.772748,0.013069,-0.543196,-522.444875
0.770028,0.059856,-0.538362,-518.117329
-0.011057,0.044898,0.000276,344.757315
0.092071,0.018478,-0.008492,255.277501
-0.002971,0.007545,0.006845,338.921299
0.218724,0.024653,-0.051929,136.006775
0.330089,0.003579,-0.099678,26.686739
0.107471,0.042364,-0.012884,241.177029
-0.003623,0.045090,0.013153,340.461616
0.750566,0.042455,-0.505288,-487.807533
-0.003428,0.089976,0.005542,339.095554
0.330465,0.096887,-0.098923,26.704976
0.330307,0.000259,-0.098913,26.843597
0.080010,0.070229,-0.005211,266.242352
0.759665,0.038300,-0.520430,-501.831002
-0.007777,0.095081,-0.001013,341.757745
-0.008011,0.020488,-0.002917,341.663230
0.766620,0.093732,-0.524031,-507.054056
0.146006,0.084366,-0.024929,205.414822
0.026796,0.079574,0.007552,313.863459
0.687486,0.039935,-0.412832,-396.262582
0.737262,0.063875,-0.484072,-467.723236
0.789066,0.099968,-0.556665,-537.643939
0.453627,0.099343,-0.185464,-109.423138
0.716452,0.066280,-0.452850,-437.196060
-0.004468,0.014024,0.003152,339.604505
0.099727,0.035716,-0.010645,248.280316
0.075091,0.097400,-0.007211,269.964882
0.758675,0.086048,-0.518757,-500.298631
0.764589,0.035974,-0.528855,-509.525709
0.788902,0.092587,-0.556995,-537.807214
-0.013945,0.052194,-0.004725,346.452521
0.141725,0.013650,-0.023520,209.426550
0.307116,0.019650,-0.092818,47.967749
0.089215,0.004622,-0.009648,257.428456
0.717869,0.019246,-0.454906,-439.238705
0.778757,0.044469,-0.554085,-532.113524
0.763987,0.054463,-0.527816,-508.582465
-0.006166,0.017677,0.000101,340.566029
0.755326,0.047808,-0.513143,-495.114710
0.232381,0.015576,-0.057648,122.676841
0.739580,0.005835,-0.485620,-469.776076
0.698977,0.059120,-0.428268,-412.303005
-0.002232,0.020179,0.006949,338.311692
0.199705,0.060535,-0.044311,154.410021
0.761390,0.075272,-0.523364,-504.522872
0.709506,0.041535,-0.442911,-427.223298
0.735120,0.099984,-0.479443,-463.648555
0.738070,0.000897,-0.483522,-467.696375
0.729328,0.001093,-0.471450,-455.651412
0.787772,0.065924,-0.559023,-538.765926
0.788275,0.047371,-0.558150,-538.356507
0.742106,0.096038,-0.489164,-473.279534
0.013898,0.041197,0.010233,325.222736
0.716594,0.004131,-0.454192,-438.161998
0.754931,0.037451,-0.512485,-494.504033
0.691343,0.083000,-0.417952,-401.622808
-0.001474,0.080241,0.008451,337.904805
0.774220,0.024579,-0.545838,-524.802225
-0.010118,0.036807,0.001904,344.209340
-0.004784,0.062211,0.011141,341.124817
0.451991,0.098883,-0.184193,-107.551139
0.717642,0.068779,-0.454575,-438.914076
0.094342,0.052120,-0.009122,253.203421
-0.008336,0.061393,0.004989,343.172034
0.078869,0.050387,-0.004910,267.278294
0.075094,0.079083,-0.003916,270.693969
0.120199,0.005163,-0.016125,229.592743
0.767827,0.015479,-0.534488,-514.625452
0.748858,0.035551,-0.502505,-485.201727
0.198638,0.037602,-0.043897,155.439460
0.692943,0.069950,-0.420094,-403.850875
0.776018,0.061143,-0.549087,-527.693416
0.765938,0.084345,-0.531195,-511.652356
-0.006773,0.063088,0.007697,342.267982
0.140843,0.000737,-0.021325,210.777422
0.195640,0.055840,-0.042736,158.321343
0.706317,0.048919,-0.438423,-422.680146
0.707923,0.050224,-0.440677,-424.965016
-0.003034,0.052851,0.014173,340.125026
0.124055,0.099568,-0.017043,226.086977
0.081910,0.019854,-0.005722,264.522278
0.707105,0.034566,-0.439528,-423.799697
0.019855,0.083853,0.009016,319.983394
0.011431,0.070355,0.010731,327.385416
0.163539,0.095193,-0.027856,189.815912
0.746289,0.038257,-0.498353,-481.298163
0.777175,0.028906,-0.551190,-529.554650
0.053300,0.073325,0.001537,290.301002
-0.004729,0.059848,0.011237,341.093291
0.038828,0.047216,0.004903,303.206771
0.767681,0.002038,-0.525545,-508.490691
0.731488,0.015980,-0.475180,-459.144325
0.067461,0.030660,-0.001957,277.587723
0.718708,0.028514,-0.456128,-440.453318
0.715210,0.039114,-0.451056,-435.402773
0.719493,0.052884,-0.457274,-441.592838
0.236751,0.030938,-0.059521,118.389996
0.766525,0.063324,-0.532216,-512.575203
0.103928,0.000723,-0.012526,244.268065
0.010439,0.062910,0.010928,328.254981
0.181944,0.055839,-0.037559,171.436554
0.739098,0.084163,-0.486939,-470.469724
0.774139,0.035818,-0.545693,-524.674569
0.258175,0.069014,-0.069029,97.230369
0.105503,0.025066,-0.012311,242.985291
0.124013,0.040816,-0.017870,225.910691
0.766754,0.034597,-0.532613,-512.932691
0.141156,0.095650,-0.021410,210.482691
0.009780,0.086628,0.011061,328.830493
0.097990,0.041208,-0.010151,249.870084
0.759867,0.066154,-0.520774,-502.149319
0.120648,0.063785,-0.016832,229.025477
0.696966,0.041159,-0.425526,-409.475690
0.040479,0.000097,-0.002596,300.364353
0.125779,0.096075,-0.017461,224.521457
0.063171,0.002996,-0.005407,280.492162
0.726986,0.031760,-0.468373,-452.517894
0.011320,0.021918,0.010749,327.485736
0.241840,0.015587,-0.061733,113.387310
0.695162,0.059501,-0.423082,-406.950609
0.741852,0.034155,-0.491275,-474.597572
0.693583,0.086500,-0.420954,-404.745871
0.772980,0.025812,-0.543612,-522.817671
0.697811,0.041038,-0.426676,-410.662225
0.744078,0.098485,-0.491933,-476.004290
0.124046,0.095355,-0.017040,226.095989
0.638940,0.094388,-0.359040,-334.848062
0.073617,0.005273,-0.006982,271.274767
0.757447,0.020588,-0.516689,-498.388980
0.747250,0.067774,-0.499901,-482.758842
0.681998,0.099467,-0.409605,-391.328648
0.069440,0.002179,-0.006326,274.967281
-0.000000,0.100000,-0.000000,335.292048
0.727420,0.068298,-0.469024,-453.157565
0.709623,0.078204,-0.443077,-427.394108
0.731920,0.049913,-0.475840,-459.786896
0.102290,0.098894,-0.012188,245.730616
-0.008930,0.090693,-0.003432,342.362106
0.204375,0.005593,-0.041741,151.359356
-0.007530,0.050603,0.006385,342.706365
0.247456,0.071665,-0.064204,107.846107
0.789066,0.099968,-0.556665,-537.643939
-0.001804,0.017730,0.007941,338.107216
0.090750,0.044420,-0.008124,256.480874
0.124983,0.047902,-0.018171,225.011539
0.721313,0.037664,-0.459944,-444.233480
-0.007719,0.080184,-0.002432,341.486291
0.022128,0.018779,0.008537,317.985865
0.694993,0.022815,-0.422853,-406.709554
0.066144,0.061507,-0.001622,278.771797
0.069456,0.073815,-0.002461,275.786373
-0.004600,0.057202,0.011461,341.019316
0.691964,0.037819,-0.418782,-402.483034
0.065093,0.084479,-0.001355,279.716660
0.787264,0.072339,-0.559902,-539.177693
0.778618,0.074830,-0.553830,-531.891195
0.738098,0.018533,-0.485375,-468.967531
0.766709,0.048334,-0.532536,-512.863911
-0.007512,0.011441,-0.001496,341.461941
0.091290,0.095351,-0.010032,255.571622
-0.005285,0.090352,0.002214,340.144688
0.696459,-0.000043,-0.427801,-410.746530
0.767296,0.008924,-0.533559,-513.785200
0.680911,0.098992,-0.408261,-389.875915
0.760970,0.001487,-0.515889,-499.267241
0.752112,0.086447,-0.507824,-490.178356
0.690882,0.072422,-0.417336,-400.979057
0.780348,0.088923,-0.557017,-534.699280
0.763890,0.047127,-0.527650,-508.430449
0.758626,0.036514,-0.518673,-500.217277
0.053238,0.069312,0.001552,290.356414
0.755442,0.024586,-0.513336,-495.291400
-0.007918,0.048170,0.005714,342.930817
0.717817,0.075292,-0.454830,-439.168519
0.017085,0.055373,0.009586,322.422618
0.153706,0.041486,-0.027523,198.189711
0.107750,0.048110,-0.012966,240.919567
0.774479,0.094579,-0.546306,-525.225445
0.185467,0.073279,-0.038870,168.070776
0.780738,0.096432,-0.544521,-526.368106
0.764612,0.003620,-0.521120,-504.274726
-0.002881,0.061069,0.014438,340.037206
0.734688,0.097589,-0.478840,-463.049600
0.685885,0.099187,-0.414437,-396.529775
0.768250,0.044486,-0.535230,-515.297079
0.079613,0.079754,-0.005105,266.602139
0.724748,0.075307,-0.465028,-449.245197
0.058347,0.083788,0.000316,285.778130
0.765747,0.005182,-0.522753,-505.833521
0.077219,0.094273,-0.007564,268.078918
0.748444,0.028396,-0.501832,-484.569482
0.064043,0.069129,-0.001094,280.662226
0.777999,0.036476,-0.552696,-530.886809
0.718705,0.047912,-0.456122,-440.449892
0.755443,0.067353,-0.513338,-495.297543
0.193206,0.043494,-0.041802,160.659466
0.759752,0.071009,-0.520579,-501.970663
0.166625,0.030437,-0.032011,185.998988
0.771959,0.058237,-0.541790,-521.191136
0.739074,0.046067,-0.486900,-470.429361
0.134175,0.078307,-0.021068,216.467982
0.329536,0.000528,-0.100365,26.830182
0.284493,0.026445,-0.081459,70.905551
0.691471,0.059239,-0.418124,-401.798834
0.024324,0.083715,0.008079,316.045069
0.102335,0.050646,-0.011392,245.890137
0.686773,0.053475,-0.411892,-395.276712
0.211952,0.066659,-0.049168,142.578202
0.027474,0.058005,0.007405,313.265947
0.778431,0.008288,-0.553486,-531.581905
0.776466,0.000296,-0.549898,-528.407939
0.720017,0.022427,-0.458041,-442.349476
0.249481,0.024170,-0.065109,105.847794
0.705872,0.094540,-0.440000,-423.531445
0.112445,0.072172,-0.014352,236.597596
0.085447,0.004680,-0.008968,260.782858
0.422247,0.003295,-0.161840,-73.888106
0.750938,0.030235,-0.505897,-488.375730
0.469680,0.002380,-0.198169,-127.895076
0.754161,0.014094,-0.511207,-493.317046
-0.005510,0.036197,0.009885,341.542822
0.763945,0.051869,-0.527744,-508.516282
-0.007185,0.035263,0.006984,342.507743
0.700864,0.096324,-0.433485,-416.728954
0.734275,0.044847,-0.479449,-463.275414
0.703155,0.023737,-0.434019,-418.193134
0.750374,0.080507,-0.504975,-487.517896
0.201442,0.033542,-0.044992,152.738851
0.065901,0.068097,-0.001560,278.989842
0.295448,0.035908,-0.086879,59.833858
-0.008620,0.012103,-0.003255,342.131384
0.127961,0.024095,-0.019102,222.250215
0.124253,0.051840,-0.017944,225.687621
0.789066,0.099968,-0.556665,-537.643939
-0.003686,0.092236,0.005419,339.294438
0.067288,0.072829,-0.001910,277.740803
0.729585,0.003803,-0.471799,-456.003342
-0.004527,0.092999,0.003987,339.781176
0.700452,0.084675,-0.430290,-414.382159
0.330712,0.097368,-0.098418,26.726468
0.091686,0.044848,-0.008383,255.626894
0.740929,0.072389,-0.489816,-473.213403
-0.011330,0.045412,-0.000195,344.916452
0.730202,0.029768,-0.473224,-457.247439
0.159955,0.084467,-0.029668,192.299732
0.060058,0.046605,-0.000106,284.244943
0.788532,0.006677,-0.557633,-538.096623
0.764205,0.000008,-0.528192,-508.919709
-0.000000,-0.000000,-0.000000,335.299457
0.744059,0.066525,-0.494781,-477.926658
0.031599,0.051320,0.006510,309.617352
0.738436,0.027860,-0.485903,-469.473929
0.776694,0.098191,-0.550316,-528.786420
0.789061,0.004740,-0.556707,-537.662101
0.722014,0.061025,-0.460976,-445.255337
0.074452,0.040530,-0.003752,271.276718
0.683326,0.098094,-0.411249,-393.101948
0.737040,0.016975,-0.483727,-467.387553
0.753696,0.066164,-0.510437,-492.607229
0.743660,0.031337,-0.494144,-477.320207
0.275278,0.066207,-0.077010,80.164412
0.721114,0.018616,-0.459651,-443.942424
0.769881,0.096759,-0.538103,-517.888466
0.240764,0.069262,-0.061260,114.442792
0.208167,0.041292,-0.047651,146.244450
0.705060,0.071702,-0.436667,-420.897592
-0.002683,0.007866,0.007350,338.757821
-0.006011,0.055722,0.009016,341.829937
0.095192,0.030365,-0.009362,252.428613
0.768305,0.011273,-0.535326,-515.380752
-0.013708,0.054943,-0.004314,346.312515
0.712762,0.067747,-0.447542,-431.886565
0.109051,0.003632,-0.013612,239.661554
0.728251,0.033471,-0.470274,-454.375422
0.700798,0.022552,-0.430766,-414.864230
-0.014104,0.046483,-0.005001,346.547017
0.223238,0.014688,-0.053796,131.611978
0.083239,0.032672,-0.006077,263.315255
0.727622,0.016740,-0.469327,-453.448867
0.170726,0.070766,-0.033469,182.108903
0.735291,0.067437,-0.481017,-464.787830
0.713858,0.095065,-0.450543,-434.428840
0.776174,0.075614,-0.549370,-527.946103
-0.005030,0.086171,0.002196,339.925774
0.695371,0.099039,-0.426424,-409.296511
0.762734,0.070889,-0.525662,-506.621359
0.788776,0.094670,-0.557212,-537.908217
-0.002403,0.008794,0.007747,338.583878
0.767297,0.051995,-0.533562,-513.791683
0.245839,0.035383,-0.063490,109.444707
0.686982,0.005573,-0.415789,-397.978071
0.763316,0.005545,-0.519255,-502.493144
0.753537,0.075525,-0.510174,-492.363212
-0.004339,0.057017,0.011913,340.870167
0.092818,0.060972,-0.008696,254.593712
0.188483,0.079484,-0.040004,165.184347
0.193208,0.005764,-0.037673,161.979465
0.234021,0.082488,-0.058344,121.065327
-0.009831,0.065544,0.002400,344.040125
0.694684,0.060456,-0.422437,-406.281732
0.766963,0.069615,-0.532978,-513.265777
-0.002769,0.010059,0.006831,338.748331
0.779044,0.050824,-0.554611,-532.578300
0.745464,0.093889,-0.493874,-477.911209
0.255774,0.046413,-0.067938,99.615217
0.752612,0.077499,-0.508648,-490.944393
-0.001909,0.090015,0.008543,338.286104
0.767396,0.000768,-0.533734,-513.942947
0.749702,0.028920,-0.503877,-486.486536
0.089331,0.026314,-0.007734,257.774705
0.787738,0.038966,-0.559079,-538.789757
0.019862,0.053561,0.009013,319.979502
0.728796,0.018199,-0.471097,-455.175777
0.369831,0.095983,-0.125883,-16.319633
0.126522,0.099359,-0.017643,223.845806
0.765888,0.054239,-0.531106,-511.569612
0.718809,0.070591,-0.456275,-440.603701
0.069766,0.051713,-0.002542,275.507896
0.778355,0.034713,-0.553347,-531.462171
0.734073,0.066155,-0.479139,-462.978343
0.767537,0.045327,-0.533981,-514.169696
0.046597,0.016378,0.003118,296.292508
0.707763,0.067679,-0.440452,-424.738847
0.127803,0.000918,-0.017958,222.688111
0.763721,0.084225,-0.527360,-508.169490
0.710159,0.070322,-0.443835,-428.158051
-0.006014,0.087008,0.000664,340.520706
0.027033,0.018412,0.007496,313.658140
0.789092,0.094500,-0.556661,-537.650395
-0.001754,0.018657,0.007974,338.070190
-0.000000,-0.000000,-0.000000,335.299457
0.689290,0.005457,-0.418688,-401.078124
-0.004713,0.013658,0.002752,339.749792
-0.006631,0.086870,-0.000311,340.892337
0.754056,0.000640,-0.506015,-489.744425
0.768168,0.066987,-0.535087,-515.170374
0.086902,0.098555,-0.009224,259.481838
0.738184,0.022441,-0.485508,-469.095461
0.130103,0.083608,-0.019773,220.255894
0.759308,0.022666,-0.519825,-501.274792
0.788304,0.093584,-0.558038,-538.295181
0.696111,0.016797,-0.424365,-408.274099
0.775588,0.087021,-0.548310,-527.005834
0.004745,0.032041,0.012042,333.239485
0.201455,0.063764,-0.044995,152.724281
0.770894,0.028609,-0.539895,-519.490975
0.743907,0.073222,-0.494538,-477.697640
0.762864,0.019345,-0.525884,-506.819420
0.695261,0.098434,-0.426282,-409.146663
-0.004514,0.060577,0.011610,340.970029
0.788477,0.005725,-0.557729,-538.141028
0.710330,0.097657,-0.445869,-429.612065
0.758541,0.060337,-0.518530,-500.087807
0.703136,0.057066,-0.433993,-418.170204
0.107344,0.075677,-0.012844,241.291006
0.690842,0.057048,-0.417284,-400.922660
0.749878,0.099583,-0.500111,-484.008488
0.768122,0.084865,-0.535007,-515.099132
-0.013946,0.049114,-0.004727,346.453480
0.094046,0.015826,-0.009042,253.476088
0.156976,0.002524,-0.025880,195.912660
0.739225,0.029209,-0.487136,-470.653381
0.179376,0.005450,-0.032917,175.026922
0.750314,0.065903,-0.504877,-487.425568
-0.011881,0.046537,-0.001150,345.239205
0.737967,0.036952,-0.485170,-468.773295
0.330878,0.096267,-0.098181,26.697158
-0.007271,0.015138,-0.001455,341.262252
0.017683,0.061354,0.009463,321.895917
0.706894,0.035513,-0.439232,-423.499705
0.733090,0.016421,-0.477628,-461.514809
0.773609,0.014932,-0.544739,-523.822314
0.774217,0.020680,-0.545832,-524.796780
-0.000000,0.100000,-0.000000,335.292048
0.708247,0.018185,-0.441133,-425.423698
0.742769,0.017449,-0.492728,-475.976188
-0.002139,0.015942,0.007421,338.307997
0.083795,0.005345,-0.008678,262.251712
0.066198,0.094615,-0.005852,277.816689
-0.006901,0.094293,0.000257,341.211188
0.703666,0.027341,-0.434728,-418.917172
0.222727,0.048280,-0.053581,132.107755
0.714563,0.098314,-0.451487,-435.396399
0.789066,0.099968,-0.556665,-537.643939
0.741872,0.079308,-0.491306,-474.631223
0.719545,0.018090,-0.457350,-441.664938
0.757275,0.021080,-0.516401,-498.122821
0.755894,0.019870,-0.514089,-495.987524
0.024653,0.038091,0.008006,315.758205
0.108003,0.083122,-0.013037,240.685617
0.024805,0.023205,0.007972,315.624697
0.729409,0.034488,-0.472023,-456.079499
0.076420,0.035781,-0.004266,269.496936
0.710655,0.049420,-0.444539,-428.865548
0.096507,0.004813,-0.011030,250.918779
0.776482,0.097932,-0.549931,-528.445701
-0.009230,0.043257,0.003441,343.692377
0.733801,0.094896,-0.477611,-461.824856
0.008164,0.031460,0.011375,330.249429
0.709566,0.001700,-0.444851,-428.554320
0.703476,0.048599,-0.434463,-418.649325
-0.000000,0.100000,-0.000000,335.292048
0.768684,0.030082,-0.535992,-515.982978
0.162357,-0.000015,-0.027492,190.923684
0.761600,0.004633,-0.516791,-500.132920
0.055017,0.023618,0.001121,288.766722
0.723865,0.023919,-0.463715,-447.950308
-0.007104,0.017867,-0.001374,341.132282
-0.000000,0.100000,-0.000000,335.292048
0.764150,0.054207,-0.528097,-508.837817
0.369085,0.002502,-0.125415,-15.512707
-0.003873,0.012555,0.004371,339.293280
0.190423,0.049504,-0.040740,163.328032
0.766992,0.013504,-0.533028,-513.306279
0.749491,0.094061,-0.499555,-483.467468
0.280583,0.077310,-0.079556,74.838005
0.245836,0.022366,-0.063490,109.447808
0.774875,0.098719,-0.547020,-525.861025
0.161621,0.023615,-0.030252,190.731151
0.169100,0.053743,-0.032889,183.652329
0.702015,0.052529,-0.432442,-416.583995
0.701788,0.060243,-0.432129,-416.264296
0.731281,0.048975,-0.474865,-458.841606
0.757603,0.051222,-0.516951,-498.632926
0.744592,0.038658,-0.495631,-478.728126
0.731379,0.069503,-0.475015,-458.989445
-0.005627,0.092598,0.002001,340.401805
0.756426,0.039223,-0.514978,-496.811325
0.046512,0.098008,-0.003260,295.093095
0.789061,-0.000047,-0.556665,-537.633187
0.089588,0.013196,-0.007806,257.541456
0.769076,0.019368,-0.536682,-516.602796
0.095991,0.064010,-0.009584,251.696431
0.148366,0.073648,-0.025717,203.203771
0.085677,0.058538,-0.006734,261.098249
0.734625,0.067375,-0.479988,-463.796982
0.750397,0.094294,-0.500837,-484.717846
-0.002397,0.015311,0.006966,338.454111
0.766403,0.063620,-0.532003,-512.382562
0.741745,0.032137,-0.491105,-474.436019
0.047220,0.041591,0.002974,295.734572
-0.005971,0.006282,0.001646,340.644531
0.780186,0.088745,-0.556718,-534.436222
0.740044,0.059099,-0.488423,-471.884302
-0.000000,0.100000,-0.000000,335.292048
-0.001234,0.079247,0.008859,337.766861
-0.005393,0.089725,0.001952,340.195103
0.160032,0.017876,-0.029700,192.231679
0.733206,0.083200,-0.477808,-461.694080
0.789061,-0.000047,-0.556665,-537.633187
0.703960,0.070438,-0.435136,-419.337190
0.703433,0.094317,-0.436817,-420.214926
0.034287,0.004508,-0.001987,305.750033
0.763064,0.023594,-0.526229,-507.133948
0.465702,0.002412,-0.194985,-123.298053
0.158201,0.001626,-0.026242,194.778535
0.788395,0.089224,-0.557880,-538.221200
-0.008442,0.086596,-0.003103,341.997054
0.714360,0.085728,-0.449833,-434.184586
0.776263,0.029782,-0.549531,-528.085074
0.776916,0.031482,-0.550717,-529.136326
-0.001325,0.083138,0.008951,337.858052
0.788084,0.066495,-0.558481,-538.513025
0.141355,0.001492,-0.021463,210.307898
0.721143,0.083566,-0.459693,-443.990480
0.764482,0.005475,-0.520932,-504.095885
0.167276,0.062547,-0.032239,185.380391
0.725306,0.059380,-0.465859,-450.059015
0.693645,0.070796,-0.421037,-404.830419
0.787744,0.033222,-0.559070,-538.784937
-0.007844,0.050487,0.005842,342.887637
0.752536,0.000561,-0.503856,-487.649833
-0.006181,0.081245,0.000021,340.561798
0.122148,0.059839,-0.017293,227.637035
0.731615,0.065563,-0.475374,-459.336764
-0.009845,0.049835,0.002376,344.049651
0.083153,0.036311,-0.006054,263.392780
0.424885,0.002184,-0.163768,-76.845582
-0.002373,0.038986,0.015317,339.749887
0.761699,0.040264,-0.523890,-505.000276
0.774901,0.027696,-0.547066,-525.895515
0.743025,0.000809,-0.490438,-474.529759
0.038904,0.046613,0.004885,303.139204
0.741030,0.065865,-0.489976,-473.364965
0.782038,0.003653,-0.546403,-528.118347
0.764787,0.081998,-0.529200,-509.842389
0.769403,0.084669,-0.537260,-517.128939
0.789066,0.099968,-0.556665,-537.643939
0.055376,0.015124,0.001033,288.445667
0.252285,0.034559,-0.066364,103.073309
0.753229,0.027382,-0.509664,-491.885469
0.742062,0.019751,-0.491606,-474.911498
0.743810,0.076765,-0.494384,-477.551900
-0.012960,0.043130,-0.003020,345.873149
0.156342,0.051999,-0.028423,195.707687
0.329801,0.097327,-0.100471,26.564559
0.705211,0.093716,-0.439134,-422.631216
0.677636,0.095207,-0.404235,-385.509677
0.080991,0.029140,-0.005475,265.355452
-0.005282,0.084002,0.001623,340.049198
0.748752,0.057130,-0.502333,-485.041892
-0.000000,-0.000000,-0.000000,335.299457
0.039308,0.066937,0.004796,302.778482
0.755089,0.015594,-0.512747,-494.745090
-0.000000,-0.000000,-0.000000,335.299457
0.743990,0.001160,-0.491791,-475.860898
0.748471,0.069645,-0.501877,-484.615119
0.758126,0.070120,-0.517832,-499.445991
0.768779,0.006454,-0.536159,-516.131331
0.727425,0.070451,-0.469031,-453.165091
0.049167,0.083630,0.002520,293.994304
0.183310,0.064716,-0.038066,170.131588
0.171114,0.083151,-0.033607,181.740744
-0.012187,0.052926,-0.001680,345.418211
0.732490,0.057413,-0.476711,-460.631052
0.742103,0.094687,-0.489158,-473.274274
-0.003648,0.087017,0.004753,339.157050
-0.012524,0.041503,-0.002264,345.617024
0.775539,0.058364,-0.548220,-526.923963
0.713020,0.057778,-0.447910,-432.254896
0.146062,0.066703,-0.024949,205.363629
0.184497,0.080902,-0.038507,168.996774
0.734512,0.050402,-0.479814,-463.627627
0.197670,0.066234,-0.043520,156.368358
0.076843,0.028354,-0.004378,269.114416
0.745458,0.031806,-0.497017,-480.037458
0.088199,0.075817,-0.007420,258.802368
0.726202,0.073755,-0.467198,-451.372868
0.760782,0.001265,-0.522327,-503.567022
-0.004314,0.013643,0.003459,339.522417
0.051654,0.031099,0.001927,291.775219
0.094512,0.024327,-0.009172,253.049993
0.739255,0.004980,-0.485168,-469.328261
0.720940,0.061424,-0.459395,-443.693663
-0.001245,0.016441,0.009142,337.826322
0.149421,0.001285,-0.023693,202.892542
0.044264,0.046639,0.003661,298.370091
0.750363,0.058204,-0.504958,-487.499949
0.749391,0.077428,-0.503373,-486.018196
0.739251,0.086268,-0.487179,-470.698792
0.110877,0.068830,-0.013886,238.042189
0.731751,0.014092,-0.475581,-459.533418
0.010525,0.012199,0.010907,328.182420
0.739162,0.052499,-0.487039,-470.562001
0.768264,0.065685,-0.535256,-515.322055
0.071120,0.086892,-0.002886,274.283892
-0.000000,-0.000000,-0.000000,335.299457
0.716033,0.050040,-0.452244,-436.590235
0.752558,0.058697,-0.508558,-490.858986
0.057750,0.073629,0.000461,286.314489
0.729852,0.045585,-0.472694,-456.732721
0.722715,0.041945,-0.462012,-446.274864
0.748174,0.099035,-0.497701,-481.656755
0.702212,0.073856,-0.432714,-416.864877
-0.003171,0.091187,0.006234,338.988017
0.106026,0.001546,-0.012966,242.383136
0.733912,0.072243,-0.478891,-462.739059
0.737663,0.021950,-0.484697,-468.318201
0.746604,0.042883,-0.498860,-481.776397
0.759653,0.060506,-0.520410,-501.814662
0.146510,0.074045,-0.025098,204.943249
0.720741,0.086476,-0.459103,-443.406889
0.016351,0.002801,-0.000833,321.231829
0.320227,0.074492,-0.099694,34.536608
0.189387,0.063122,-0.040347,164.319982
0.132422,0.081403,-0.020508,218.099883
0.716511,0.005533,-0.454079,-438.047341
0.330250,0.001451,-0.099115,26.801866
0.716603,0.070031,-0.453069,-437.414224
0.079335,0.058663,-0.005033,266.854913
0.154621,0.005293,-0.025189,198.091340
0.734844,0.082412,-0.480326,-464.124135
-0.009209,0.045543,0.003478,343.679582
0.695247,0.036006,-0.423197,-407.066644
0.711312,0.045529,-0.445473,-429.805167
0.251639,0.035926,-0.066073,103.712498
0.207150,0.066295,-0.047244,147.226470
-0.004237,0.082376,0.003321,339.430602
0.011158,0.062932,0.010785,327.624612
-0.000000,-0.000000,-0.000000,335.299457
0.699506,0.048843,-0.428992,-413.045905
0.257827,0.044383,-0.068872,97.577812
0.768446,0.032689,-0.535575,-515.606840
0.049706,0.079530,0.002393,293.513140
0.018532,0.045001,0.009287,321.150673
-0.004819,0.018093,0.002283,339.765057
0.300635,0.086861,-0.089495,54.564651
0.760089,0.061812,-0.521150,-502.494092
0.680057,0.096140,-0.407208,-388.735955
0.712163,0.019662,-0.446686,-431.022826
0.755281,0.047180,-0.513068,-495.045379
0.768480,0.096095,-0.526719,-509.609393
0.330361,0.002035,-0.098957,26.781356
0.212110,0.022047,-0.049235,142.428105
0.685738,-0.000123,-0.414235,-396.311109
0.789061,-0.000047,-0.556665,-537.633187
0.014339,0.003253,-0.000654,322.976621
0.734579,0.086439,-0.479918,-463.731345
0.035346,0.096501,-0.002087,304.823170
0.766357,0.054144,-0.531922,-512.308367
0.755372,0.029973,-0.513219,-495.183719
-0.012314,0.061691,-0.001900,345.491855
0.330241,0.002066,-0.099189,26.777435
0.756926,0.019758,-0.515816,-497.582832
0.153273,0.095843,-0.024797,199.329571
-0.005805,0.083215,0.000725,340.352400
0.777857,0.088343,-0.552437,-530.662165
-0.006496,0.082515,-0.000408,340.762287
-0.003189,0.043057,0.013904,340.214157
0.740494,0.001461,-0.486898,-471.038141
0.713900,0.019498,-0.449171,-433.515236
0.728951,0.036774,-0.471330,-455.404687
-0.008786,0.044128,0.004211,343.434094
0.771516,0.084654,-0.541001,-520.487117
0.743243,0.032881,-0.493480,-476.691289
0.375921,0.004781,-0.129838,-22.888063
0.747012,0.053268,-0.499517,-482.395479
0.199198,0.006209,-0.039830,156.292519
-0.004565,0.094688,0.004276,339.858733
0.057370,0.018898,0.000550,286.658632
0.224220,0.061371,-0.054202,130.651513
0.717573,0.037881,-0.454476,-438.812644
0.330635,0.096842,-0.098600,26.709358
0.698311,0.000920,-0.430179,-413.252239
0.166200,0.094427,-0.028678,187.340219
-0.004076,0.090503,0.004380,339.461190
0.111338,0.063774,-0.014023,237.617638
0.149381,0.016982,-0.026062,202.254272
0.757471,0.095249,-0.510902,-494.472457
0.753362,0.021709,-0.509884,-492.089599
0.131835,0.045189,-0.020324,218.648177
0.777205,0.010712,-0.551244,-529.601118
0.330564,0.095835,-0.098816,26.672215
-0.010061,0.065536,0.002003,344.173873
0.789065,0.093485,-0.556710,-537.673657
0.726573,0.054985,-0.467753,-451.914245
0.773235,0.048751,-0.544070,-523.228426
0.036289,0.002006,-0.002178,304.009950
0.787308,0.041359,-0.559826,-539.139107
0.111864,0.000154,-0.014227,237.126599
0.694060,0.045745,-0.421595,-405.407380
0.188911,0.075878,-0.040165,164.775453
0.733797,0.077247,-0.478714,-462.568633
0.789066,0.099968,-0.556665,-537.643939
0.781952,0.004000,-0.546278,-528.001629
0.434808,0.094711,-0.171098,-88.018115
0.766527,0.055074,-0.532218,-512.576977
0.079519,0.002076,-0.007939,266.049116
0.763124,0.093850,-0.518999,-502.250905
-0.001987,0.020026,0.007434,338.181259
0.749634,0.095791,-0.499760,-483.667600
0.762543,0.099754,-0.518173,-501.458397
0.209824,0.075165,-0.048312,144.639141
0.788442,0.010031,-0.557793,-538.171992
0.757226,0.000888,-0.510533,-494.113462
0.041275,0.039789,0.004347,301.031288
0.773686,0.032074,-0.544878,-523.947947
0.700455,0.085165,-0.430294,-414.386708
-0.008080,0.013999,-0.002602,341.772414
-0.000000,0.100000,-0.000000,335.292048
0.756164,0.098859,-0.509042,-492.675582
0.290102,0.065439,-0.084213,65.243047
0.049151,0.053849,0.002522,294.011062
-0.007798,0.094383,-0.001155,341.753253
0.737728,0.062043,-0.484798,-468.419263
0.789061,-0.000047,-0.556665,-537.633187
0.719229,0.073527,-0.456888,-441.212177
-0.007192,0.016278,-0.001413,341.201547
-0.003557,0.095077,0.006222,339.312349
0.733040,0.004582,-0.476551,-460.761491
0.329842,0.001299,-0.099882,26.795207
0.022142,0.076242,0.008538,317.969514
0.258763,0.065030,-0.069298,96.647049
0.775166,0.042023,-0.547545,-526.322894
0.049322,0.028471,0.002480,293.859944
0.706541,0.045566,-0.438737,-422.998722
0.034646,0.081359,0.005841,306.916404
-0.003046,0.008431,0.006544,338.937018
0.734839,0.064913,-0.480319,-464.115716
0.758361,0.005309,-0.512151,-495.674617
-0.000000,-0.000000,-0.000000,335.299457
0.034284,0.041175,0.005918,307.239831
0.725558,0.014408,-0.466235,-450.423712
0.755584,0.019170,-0.513572,-495.509206
-0.011248,0.050578,-0.000054,344.868142
0.755800,0.002123,-0.508498,-492.147643
0.002837,0.007747,0.012407,334.907630
0.165647,0.043930,-0.031664,186.923897
0.775256,0.099488,-0.547708,-526.472470
-0.000000,0.100000,-0.000000,335.292048
-0.008373,0.014278,-0.003073,341.948420
0.692225,0.014391,-0.419131,-402.843798
0.073848,0.044148,-0.003594,271.822124
0.703984,0.051164,-0.435170,-419.370021
0.769569,0.025460,-0.537551,-517.385826
0.705596,0.097034,-0.439644,-423.159866
0.748056,0.038254,-0.501204,-483.980683
0.696919,0.055535,-0.425463,-409.411714
0.749834,0.034757,-0.504093,-486.688855
0.028969,0.038153,0.007081,311.945194
0.787925,0.054135,-0.558756,-538.640245
0.743272,0.016140,-0.493525,-476.732806
-0.005446,0.090386,0.001950,340.240511
-0.005040,0.043305,0.010698,341.272928
0.077856,0.019468,-0.004645,268.197917
0.272819,0.021292,-0.075844,82.631320
-0.000000,0.100000,-0.000000,335.292048
0.787338,0.067343,-0.559774,-539.117722
0.708149,0.013907,-0.440995,-425.283768
0.068049,0.066763,-0.002103,277.055024
-0.003241,0.018839,0.005087,338.870534
0.735244,0.000083,-0.479601,-463.800487
0.086095,0.076126,-0.006846,260.717131
0.691908,0.063246,-0.418706,-402.406505
0.728892,0.098354,-0.470861,-455.066678
0.743416,0.077005,-0.493755,-476.956323
0.105131,0.004277,-0.012777,243.187749
0.770051,0.062397,-0.538404,-518.155222
0.094817,0.015299,-0.009258,252.771400
0.739117,0.073476,-0.486968,-470.496574
0.089474,0.002986,-0.009694,257.198676
0.110067,0.026461,-0.013649,238.790678
0.057045,0.099869,-0.004556,285.871292
0.697469,0.096459,-0.429108,-412.129861
0.745115,0.069175,-0.496469,-479.522993
0.110010,0.052103,-0.013630,238.841596
0.767273,0.090522,-0.533521,-513.757886
0.734912,0.095651,-0.479148,-463.356533
0.756161,0.058519,-0.514535,-496.403861
0.023470,0.044985,0.008256,316.800646
0.740290,0.022890,-0.488809,-472.248899
0.736034,0.045351,-0.482166,-465.891195
-0.007300,0.018621,-0.001720,341.245079
0.712141,0.047680,-0.446655,-430.994174
0.013051,0.020984,0.010402,325.967403
0.690730,0.082290,-0.417134,-400.769328
0.778403,0.070318,-0.553435,-531.542471
0.013790,0.000785,0.010252,325.319795
0.043460,0.084668,0.003850,299.084184
0.722754,0.062604,-0.462069,-446.333175
0.701761,0.037271,-0.432091,-416.223984
0.004948,0.045718,0.012004,333.061227
0.751423,0.016162,-0.506691,-489.115103
0.714416,0.020495,-0.449912,-434.257551
0.331317,0.000819,-0.097176,26.790418
0.712191,0.054255,-0.446725,-431.065485
0.122405,0.018586,-0.017375,227.401673
0.723980,0.002276,-0.464153,-448.296387
-0.007018,0.007047,-0.000157,341.252265
0.104816,0.099214,-0.012711,243.462789
0.240153,0.019601,-0.060997,115.047330
0.202716,0.076822,-0.045489,151.507866
0.770867,0.005400,-0.530148,-512.858116
0.767794,0.026078,-0.534431,-514.574847
0.695252,0.042082,-0.423203,-407.073970
0.748529,0.095495,-0.498197,-482.142351
0.213033,0.076137,-0.049604,141.529934
0.697440,0.029878,-0.426171,-410.139536
-0.006078,0.017236,0.000265,340.516720
-0.007695,0.089830,-0.001632,341.590349
0.716480,0.070355,-0.452891,-437.237307
0.042419,0.077649,0.004088,300.010682
0.094633,0.033923,-0.009205,252.938456
0.718621,0.003475,-0.456912,-440.940109
0.693616,0.030134,-0.420998,-404.786809
-0.001861,0.013666,0.008186,338.194496
0.154770,0.021783,-0.027887,197.189258
0.329634,0.098432,-0.100666,26.613200
-0.008852,0.090551,-0.003327,342.312080
0.726694,0.030967,-0.467935,-452.089490
0.748130,0.031415,-0.501324,-484.092491
0.707001,0.094799,-0.441481,-425.070251
0.019637,0.030186,0.009057,320.179371
0.070479,0.013848,-0.002728,274.866632
0.768991,0.022824,-0.536532,-516.468528
0.743746,0.022924,-0.494280,-477.448784
0.704880,0.001561,-0.438698,-422.169046
0.724439,0.081453,-0.464567,-448.793216
0.725792,0.095255,-0.466620,-450.798023
-0.006822,0.084294,-0.000804,340.976899
-0.000000,-0.000000,-0.000000,335.299457
0.769915,0.094432,-0.538163,-517.942210
0.763472,0.046503,-0.526930,-507.775260
0.684622,0.001202,-0.412843,-394.815964
0.750411,0.035852,-0.505035,-487.569863
0.190461,0.035594,-0.040756,163.293168
0.101616,0.073003,-0.011183,246.547837
0.330777,0.096787,-0.098336,26.710262
0.772937,0.091447,-0.543538,-522.757022
0.037776,0.042632,0.005139,304.140937
0.038514,0.003990,-0.002400,302.074050
0.747937,0.085157,-0.501012,-483.804008
0.724804,0.013640,-0.465110,-449.319846
-0.010913,0.040609,0.000525,344.673436
0.751032,0.055502,-0.506050,-488.520825
-0.003028,0.046501,0.014183,340.122248
0.162980,0.064609,-0.030724,189.444308
0.734653,0.031634,-0.480032,-463.836053
0.065868,0.079061,-0.001551,279.019414
0.688754,0.003800,-0.418015,-400.358801
0.074133,0.003392,-0.007060,270.819105
0.127109,0.042569,-0.018834,223.040107
0.208519,0.021348,-0.047793,145.905633
0.732807,0.061325,-0.477195,-461.100105
0.072400,0.013372,-0.003222,273.132712
0.758594,0.002298,-0.512486,-495.995928
0.698094,0.059054,-0.427062,-411.061674
0.027392,0.021019,0.007419,313.340764
-0.006820,0.062145,0.007615,342.295553
0.753048,0.080416,-0.509366,-491.613015
0.776393,0.041319,-0.549767,-528.295282
0.706590,0.063908,-0.438806,-423.069867
0.101324,0.055288,-0.011101,246.816796
0.711036,0.067599,-0.445081,-429.412926
-0.002550,0.018578,0.006427,338.497563
0.035105,0.032686,0.005735,306.511920
0.017074,0.024580,0.009586,322.433971
-0.008804,0.087666,-0.003560,342.235118
0.233287,0.015458,-0.058035,121.789256
0.696497,0.005196,-0.427846,-410.796012
0.742016,0.078432,-0.491534,-474.848662
0.725999,0.098207,-0.466907,-451.086047
0.778254,0.066057,-0.553163,-531.302351
0.032026,0.004596,-0.001779,307.714243
0.420667,0.003435,-0.160692,-72.119756
0.056364,0.085382,0.000799,287.556206
0.062481,0.055192,-0.000705,282.067381
0.787697,0.024750,-0.559150,-538.821662
0.740550,0.024520,-0.489219,-472.640175
0.756036,0.046638,-0.514327,-496.209815
-0.006804,0.007814,0.000056,341.102925
0.074632,0.085464,-0.003795,271.111287
0.012425,0.096208,-0.000498,324.626729
0.073633,0.069506,-0.003537,272.014755
0.158916,0.018010,-0.029313,193.283568
0.704006,0.003998,-0.437555,-420.979257
0.772070,0.002573,-0.541985,-521.361290
0.192642,0.041086,-0.041586,161.201353
0.754939,0.047144,-0.512498,-494.517534
0.054814,0.060109,0.001172,288.946576
0.180438,0.032189,-0.037004,172.874218
0.024224,0.048812,0.008097,316.135756
0.789061,-0.000047,-0.556665,-537.633187
0.733715,0.020626,-0.478587,-462.441642
0.711580,0.025133,-0.445855,-430.188133
0.725183,0.069231,-0.465675,-449.879470
0.074410,0.004786,-0.007107,270.573000
0.761187,0.096973,-0.516223,-499.589671
0.770024,0.039550,-0.538354,-518.108572
0.088987,0.027806,-0.007639,258.088068
0.428233,0.003456,-0.166227,-80.604660
0.746976,0.067875,-0.499460,-482.343492
0.715644,0.015798,-0.451681,-436.025079
0.764717,-0.000034,-0.521274,-504.420823
0.703415,0.038449,-0.434379,-418.562335
-0.008275,0.065581,0.005095,343.136400
0.047997,0.073069,0.002795,295.039591
0.735606,0.055983,-0.481502,-465.254332
0.196284,0.034875,-0.042985,157.703806
-0.002427,0.080296,0.006598,338.416417
0.739653,0.018476,-0.487808,-471.294039
0.003083,0.090806,0.012367,334.688016
-0.006500,0.083669,-0.000345,340.775129
0.698636,0.095724,-0.430608,-413.709428
0.082694,0.036654,-0.005930,263.809763
0.170206,0.093932,-0.029937,183.604330
0.777935,0.053392,-0.552578,-530.784125
0.739806,0.031974,-0.488048,-471.524328
0.723984,0.022190,-0.463891,-448.122691
0.711483,0.018722,-0.445717,-430.048028
0.154991,0.087342,-0.027958,196.977651
0.081998,0.002900,-0.008362,263.849399
0.747627,0.048277,-0.500510,-483.329124
0.021058,0.043908,0.008763,318.927153
0.749709,0.072856,-0.503891,-486.502959
0.030220,0.061400,0.006811,310.837653
0.023982,0.044898,0.008148,316.349217
0.717872,0.094357,-0.455908,-439.923455
0.697335,0.014540,-0.426028,-409.991357
0.126594,0.078336,-0.018671,223.514861
-0.002472,0.081070,0.006556,338.447709
0.097405,0.020668,-0.009987,250.406382
0.751744,0.085265,-0.507220,-489.614906
0.772646,0.088604,-0.543016,-522.290606
0.764133,0.018562,-0.528067,-508.807215
0.104353,0.065815,-0.011974,244.038497
0.708077,0.005929,-0.442885,-426.520681
0.279874,0.064604,-0.079215,75.551622
-0.000000,-0.000000,-0.000000,335.299457
0.024561,0.055134,0.008027,315.838307
0.739691,0.046574,-0.487868,-471.353189
0.767513,0.089425,-0.533940,-514.136733
0.744843,0.048721,-0.496032,-479.108663
0.724448,0.097250,-0.464794,-448.952398
0.764124,0.075348,-0.528053,-508.799688
0.729569,0.048086,-0.472266,-456.316910
0.036158,0.037169,0.005501,305.577473
0.692517,0.086069,-0.419522,-403.257533
0.059806,0.097069,-0.004938,283.444139
0.789061,-0.000047,-0.556665,-537.633187
0.148308,0.059009,-0.025699,203.258868
0.193258,0.056302,-0.041821,160.608502
0.720391,0.099098,-0.459305,-443.383589
0.715562,0.042383,-0.451563,-435.909835
0.716602,0.082351,-0.453067,-437.414098
0.735070,0.094049,-0.479364,-463.572011
0.698064,0.032883,-0.427021,-411.016070
0.757956,0.076012,-0.517546,-499.182849
0.769401,0.023741,-0.537255,-517.119518
-0.005514,0.091324,0.001976,340.301664
-0.006240,0.010538,0.000562,340.701870
0.769001,0.046342,-0.536551,-516.487642
0.765230,0.063149,-0.529965,-510.535984
0.414444,0.001888,-0.156211,-65.177497
0.033216,0.044162,0.006154,308.186327
0.709740,0.001407,-0.445081,-428.792056
0.232136,0.027680,-0.057543,122.915739
0.729258,0.048625,-0.471795,-455.858457
0.088070,0.096940,-0.009437,258.441461
0.739464,0.048485,-0.487511,-471.013410
0.762521,0.065599,-0.525297,-506.288241
0.089283,0.005482,-0.009661,257.367677
0.709905,0.003215,-0.445297,-429.015688
-0.013520,0.049024,-0.003989,346.202062
0.749229,0.039127,-0.503107,-485.766284
0.721103,0.057102,-0.459634,-443.929467
0.756708,0.041191,-0.515451,-497.247762
0.748892,0.064111,-0.502560,-485.255418
0.688461,0.095302,-0.417661,-399.983942
0.770092,0.064746,-0.538475,-518.219546
0.770031,0.005808,-0.538366,-518.116962
0.069731,0.020634,-0.002535,275.541694
0.240956,0.029075,-0.061346,114.256810
0.758637,0.051493,-0.518693,-500.236758
0.148052,0.094286,-0.023308,204.145248
0.738340,0.096210,-0.483907,-468.084130
0.731443,0.080182,-0.475112,-459.084630
0.222160,0.084547,-0.053344,132.657510
0.762684,0.070572,-0.525577,-506.543907
0.006175,0.080045,0.011768,331.986303
-0.003731,0.018112,0.004212,339.147106
0.707868,0.055321,-0.440601,-424.888520
0.776966,0.006871,-0.550809,-529.215733
0.750576,0.017517,-0.505304,-487.819964
0.760726,0.028564,-0.522231,-503.482006
0.761465,0.086923,-0.523492,-504.641037
0.773468,0.086147,-0.544489,-523.605420
0.063964,0.002077,-0.005517,279.794710
0.694670,0.023096,-0.422417,-406.257768
0.094560,0.043445,-0.009184,253.004957
0.639189,0.005063,-0.359344,-335.176721
-0.008980,0.049206,0.003874,343.546472
0.734382,0.000875,-0.478408,-462.612345
0.748286,0.041069,-0.501577,-484.331243
0.775684,0.093276,-0.548483,-527.160643
0.699442,0.094555,-0.431645,-414.799516
0.098062,0.069898,-0.010169,249.801982
0.731631,0.098790,-0.474623,-458.838385
0.755920,0.037525,-0.514132,-496.028962
-0.002424,0.009275,0.007632,338.583002
0.045397,0.005892,-0.003145,296.071829
-0.006798,0.010975,-0.000354,341.033332
0.754528,0.046802,-0.511816,-493.884872
0.169382,0.017352,-0.032992,183.387123
0.748691,0.072606,-0.502235,-484.951335
0.142044,0.094102,-0.021650,209.667922
0.185558,0.085000,-0.038903,167.982304
0.770116,0.062459,-0.538518,-518.257921
0.105176,0.044916,-0.012214,243.284620
0.696618,0.035334,-0.425054,-408.987734
0.194798,0.062322,-0.042411,159.129764
0.031695,0.058551,0.006489,309.532196
0.309180,0.043401,-0.093885,45.859669
0.740624,0.040209,-0.489334,-472.751638
0.090207,0.022591,-0.007975,256.977377
0.127506,0.099785,-0.017885,222.950249
0.729213,0.041900,-0.471727,-455.791527
0.717246,0.054190,-0.454000,-438.340400
-0.000000,-0.000000,-0.000000,335.299457
0.097847,0.074189,-0.010108,249.999028
0.688781,0.031394,-0.414545,-398.056880
0.704749,0.049083,-0.436234,-420.454432
0.072905,0.006210,-0.006872,271.903154
0.726602,0.020048,-0.467796,-451.952401
0.724162,0.094344,-0.464402,-448.556370
-0.004774,0.090036,0.003045,339.842298
0.124928,0.059600,-0.018153,225.061366
0.689671,0.064491,-0.415725,-399.294949
0.187210,0.045956,-0.039526,166.405769
0.779041,0.091789,-0.554607,-532.578333
-0.003547,0.084944,0.004758,339.072522
0.128924,0.041570,-0.019404,221.354277
0.789061,-0.000047,-0.556665,-537.633187
0.717342,0.071395,-0.454140,-438.481533
0.036142,0.012811,0.005503,305.593671
0.694842,0.097840,-0.425746,-408.580082
0.205568,0.020116,-0.046618,148.758784
0.108809,0.016445,-0.013279,239.948026
0.169577,0.021606,-0.033061,183.202555
0.043909,0.028824,0.003742,298.687458
0.052173,0.018038,0.001803,291.312629
0.449850,0.002200,-0.182546,-105.101107
0.741975,0.021097,-0.491468,-474.780257
0.190435,0.057468,-0.040744,163.315882
0.728225,0.026517,-0.470235,-454.336182
0.103962,0.004937,-0.012534,244.237410
0.132632,0.004261,-0.019172,218.287618
0.094960,0.018269,-0.009298,252.641177
0.112746,0.047382,-0.014444,236.321954
0.402361,0.000820,-0.147685,-51.784368
0.063583,0.002996,-0.005466,280.129379
0.787805,0.059607,-0.558964,-538.737991
0.686646,0.015573,-0.411725,-395.097686
0.768125,0.028072,-0.535010,-515.097443
0.216455,0.069960,-0.050996,138.209496
0.749969,0.084558,-0.504314,-486.900267
-0.004120,0.036365,0.012292,340.746338
0.776267,0.040353,-0.549538,-528.092345
0.767688,0.036559,-0.534246,-514.408686
0.733700,0.075518,-0.478565,-462.424611
0.763544,0.044031,-0.527054,-507.887636
0.722852,0.001975,-0.462623,-446.746894
0.734276,0.067740,-0.479451,-463.279392
-0.009999,0.063344,0.002110,344.137981
0.689351,0.030004,-0.415300,-398.847779
-0.000000,0.100000,-0.000000,335.292048
0.707450,0.028655,-0.440012,-424.289475
0.051071,0.070981,0.002069,292.293799
0.147466,0.013371,-0.025421,204.051381
0.067904,0.029947,-0.002069,277.188569
0.073167,0.070928,-0.003416,272.436157
0.774160,0.098315,-0.545731,-524.713631
-0.007311,0.013228,-0.001361,341.311135
0.076658,0.069801,-0.004326,269.279353
0.745518,0.056984,-0.497114,-480.131619
0.718426,0.082707,-0.455717,-440.050133
0.009549,0.067317,0.011105,329.034725
0.757443,0.065238,-0.516684,-498.387480
0.695544,0.079974,-0.423598,-407.486866
-0.008046,0.014819,-0.002617,341.741029
0.165119,0.095267,-0.028343,188.345869
0.711883,0.059758,-0.446287,-430.625301
0.009263,0.068347,0.011162,329.284772
0.773404,0.013622,-0.544372,-523.494312
0.268206,0.074582,-0.073667,87.239620
0.737446,0.017121,-0.484359,-467.993680
-0.006806,0.038354,0.007640,342.288970
0.764605,0.096313,-0.528884,-509.556964
0.695794,0.045809,-0.423937,-407.833591
0.265289,0.051269,-0.072308,90.151805
0.741135,0.045526,-0.490141,-473.520371
0.195098,0.042917,-0.042528,158.842501
-0.007560,0.090381,-0.001360,341.518657
0.247897,0.043375,-0.064402,107.411891
0.732253,0.066113,-0.476347,-460.280025
0.161491,0.048564,-0.030205,190.852316
0.012756,0.095345,0.010468,326.221953
0.147382,0.095288,-0.023120,204.762358
0.171334,0.078836,-0.033687,181.532037
0.044898,0.061856,0.003516,297.804621
0.727753,0.038924,-0.469524,-453.643324
0.771668,0.081548,-0.541272,-520.729440
0.727797,0.022224,-0.469590,-453.706426
0.768275,0.003078,-0.535273,-515.332501
0.703728,0.003559,-0.437193,-420.601332
-0.001463,0.087426,0.009093,337.997370
0.739626,0.039636,-0.487766,-471.255705
0.140217,0.055917,-0.023024,210.833552
0.755594,0.065184,-0.513589,-495.529551
0.704424,0.060177,-0.435781,-419.993751
-0.003121,0.043835,0.014022,340.175247
0.775365,0.035111,-0.547904,-526.641597
0.751108,0.095076,-0.501846,-485.699360
0.195744,-0.000114,-0.038571,159.577434
0.181478,0.075577,-0.037385,171.879924
-0.001542,0.091712,0.009496,338.128017
0.041863,0.074890,0.004215,300.505965
0.755676,0.074302,-0.513726,-495.656457
0.740730,0.053597,-0.489503,-472.913425
0.693909,0.085490,-0.421392,-405.201230
0.716627,0.029886,-0.453104,-437.445305
0.241977,0.016962,-0.061793,113.252266
0.142024,0.060907,-0.023615,209.143637
-0.001361,0.091389,0.009799,338.023012
0.732426,0.057594,-0.476612,-460.535434
-0.003438,0.088636,0.005338,339.072233
0.739165,0.067240,-0.487043,-470.567759
0.690754,0.005508,-0.420536,-403.048074
0.753386,0.077686,-0.509925,-492.131891
0.199000,0.083673,-0.044035,155.088096
0.752959,0.061600,-0.509219,-491.474017
0.474230,0.003618,-0.201842,-133.169223
0.179332,0.066320,-0.036594,173.926854
0.687666,0.040989,-0.413070,-396.511652
0.787981,0.030677,-0.558659,-538.592353
0.029057,0.082415,0.007065,311.865275
0.043002,0.096979,-0.002870,298.156367
0.724758,0.094987,-0.465212,-449.375934
0.751761,0.027041,-0.507246,-489.634137
0.127306,0.018330,-0.018898,222.858125
0.721681,0.039847,-0.460485,-444.768117
0.321157,0.043987,-0.100192,33.582270
0.752810,0.085249,-0.508973,-491.247861
0.742435,0.086612,-0.492198,-475.479471
0.775260,0.028239,-0.547714,-526.472178
-0.001281,0.017350,0.008998,337.833438
0.698915,0.001806,-0.430956,-414.070139
0.691082,0.032849,-0.417604,-401.254736
0.365625,0.098525,-0.123200,-11.800892
0.079989,0.032059,-0.005208,266.264112
0.697814,0.094469,-0.429549,-412.595147
0.005433,0.012524,0.011907,332.639384
0.753220,0.054489,-0.509650,-491.874334
-0.003951,0.015945,0.003941,339.290569
0.157848,0.030184,-0.028943,194.290209
0.788163,0.052413,-0.558345,-538.447702
0.765137,0.008400,-0.529802,-510.383254
0.041706,0.016911,0.004247,300.649700
0.756962,0.075688,-0.515876,-497.643578
0.767782,0.047920,-0.534411,-514.558396
-0.003083,0.004490,0.007182,339.069535
-0.008165,0.058395,0.005286,343.072942
0.760994,0.042732,-0.522687,-503.901000
0.773055,0.044384,-0.543747,-522.939406
0.696420,0.085850,-0.424785,-408.714206
0.705019,0.005118,-0.438877,-422.357418
0.719625,0.093676,-0.458264,-442.326375
0.708199,0.038306,-0.441066,-425.358080
-0.009549,0.042501,0.002889,343.877516
0.698789,0.065647,-0.428011,-412.038925
0.131784,0.005759,-0.018956,219.061861
0.756599,0.017012,-0.515267,-497.076418
0.709387,0.004228,-0.444612,-428.308448
0.788122,0.053171,-0.558415,-538.480440
0.136342,0.041873,-0.021768,214.450264
0.752528,0.042092,-0.508508,-490.811005
-0.003883,0.007615,0.005068,339.412772
0.779041,0.010107,-0.554605,-532.569276
0.008773,0.071973,0.011259,329.714015
0.119999,0.095530,-0.016078,229.766691
0.030751,0.049490,0.006695,310.368743
0.016009,0.051631,0.009805,323.368080
0.775493,0.093366,-0.548137,-526.853106
-0.005373,0.016804,0.001425,340.100151
0.709955,0.023880,-0.443547,-427.862628
-0.002854,0.016727,0.005960,338.681250
0.136897,0.018524,-0.021948,213.935004
0.696866,0.034661,-0.425390,-409.334854
0.722629,0.097606,-0.462326,-446.453154
0.788283,0.061154,-0.558137,-538.351600
0.708380,0.065551,-0.441321,-425.618417
-0.002716,0.046407,0.014723,339.944534
-0.005370,0.048901,0.010127,341.461634
0.758591,0.021430,-0.518614,-500.161778
0.720377,0.017543,-0.458568,-442.871653
0.042642,0.042741,0.004034,299.814599
0.760598,0.076239,-0.522014,-503.287572
0.376746,0.003699,-0.130381,-23.782702
0.119015,0.044993,-0.016334,230.536459
0.282614,0.048142,-0.080542,72.796876
0.697181,0.036383,-0.425818,-409.776636
0.757680,0.052455,-0.517081,-498.752870
-0.010419,0.062395,0.001382,344.383156
0.717570,0.085315,-0.454471,-438.812054
0.271274,0.013744,-0.075113,84.178272
0.284918,0.032652,-0.081666,70.476998
0.738892,0.071972,-0.486616,-470.159807
-0.006990,0.080213,-0.001298,341.042877
0.728131,0.052763,-0.470094,-454.200929
0.263635,0.032502,-0.071542,91.801769
0.789066,0.099968,-0.556665,-537.643939
0.019300,0.030451,0.009127,320.475240
0.693329,0.033493,-0.420612,-404.385629
0.716235,0.001700,-0.453714,-437.671847
0.037666,0.048886,0.005164,304.238091
0.707149,0.029380,-0.439590,-423.862057
0.720536,0.004726,-0.459489,-443.565903
0.159416,0.057228,-0.029483,192.809959
0.768889,0.056371,-0.536354,-516.311240
-0.010489,0.040690,0.001260,344.425759
0.150478,0.018201,-0.026431,201.224566
0.787398,0.049488,-0.559669,-539.066837
-0.000000,-0.000000,-0.000000,335.299457
0.708780,0.093784,-0.443818,-427.493565
0.745061,0.013243,-0.496382,-479.435688
0.686017,0.013974,-0.410899,-394.228271
0.749794,0.029495,-0.504028,-486.627522
0.756077,0.013369,-0.514395,-496.269906
0.690928,0.048873,-0.417398,-401.041251
0.758014,0.062379,-0.517643,-499.271591
0.044592,0.072825,0.003588,298.076251
0.103548,0.093848,-0.012448,244.601330
-0.002844,0.089285,0.006590,338.767291
0.750416,0.061860,-0.505043,-487.580111
-0.010234,0.042320,0.001702,344.276794
0.762570,0.005747,-0.525380,-506.358135
0.705016,0.004939,-0.438872,-422.352450
0.059137,0.048364,0.000120,285.071973
0.699152,0.000351,-0.431263,-414.392341
0.733214,0.019184,-0.477819,-461.699231
0.770963,0.060960,-0.540018,-519.604536
0.034206,0.057007,0.005936,307.307795
0.756810,0.003830,-0.509937,-493.538444
0.788075,0.066495,-0.558498,-538.520741
0.688024,0.062468,-0.413544,-397.011019
0.758686,0.073772,-0.518776,-500.314539
0.772436,0.086637,-0.542642,-521.955882
0.175171,0.054313,-0.035074,177.888155
-0.001969,0.088280,0.008195,338.281650
0.699969,0.050366,-0.429627,-413.698249
0.690733,0.078615,-0.417138,-400.773329
0.703471,0.098575,-0.436872,-420.270534
0.777914,0.048893,-0.552540,-530.750479
0.698681,0.040509,-0.427862,-411.883679
-0.002076,0.015615,0.007573,338.279036
0.128501,0.047695,-0.019270,221.746893
0.741939,0.077711,-0.491411,-474.731529
0.684900,0.097839,-0.413206,-395.208291
0.768100,0.077316,-0.534969,-515.064566
0.183970,0.031971,-0.038314,169.503847
0.193493,0.056022,-0.041911,160.383688
0.075767,0.097298,-0.007320,269.366424
0.757819,0.049555,-0.517315,-498.968306
0.750881,0.017216,-0.505802,-488.285833
0.770602,0.051763,-0.539378,-519.029637
0.767513,0.051032,-0.533939,-514.132281
0.743724,0.050756,-0.494246,-477.418852
0.703548,0.066453,-0.434563,-418.752989
0.727108,0.037131,-0.468555,-452.696482
0.772329,0.023854,-0.542448,-521.777287
0.775855,0.040945,-0.548791,-527.429221
0.768961,0.013631,-0.536480,-516.420761
0.741178,0.052631,-0.490208,-473.585131
0.707381,0.072620,-0.439916,-424.196502
0.693163,0.054092,-0.420389,-404.156309
-0.003556,0.091682,0.005569,339.208428
-0.002007,0.080113,0.007403,338.188893
0.721106,0.033612,-0.459639,-443.932331
0.033341,0.053314,0.006127,308.075023
0.733419,0.082844,-0.478134,-462.009613
0.073481,0.085224,-0.003496,272.151668
-0.000000,0.100000,-0.000000,335.292048
-0.000000,-0.000000,-0.000000,335.299457
0.149273,0.031171,-0.026025,202.354877
0.775019,0.051811,-0.547279,-526.087478
0.721148,0.026943,-0.459701,-443.993146
0.738234,0.032115,-0.485587,-469.172174
0.144265,0.034408,-0.024355,207.049214
0.746208,0.031670,-0.498222,-481.173875
0.143026,0.014642,-0.023948,208.209789
0.710640,0.013662,-0.444519,-428.841387
0.073132,0.076307,-0.003406,272.467482
0.698181,0.099679,-0.430028,-413.097225
0.138468,0.040576,-0.022456,212.467161
0.216039,0.056832,-0.050827,138.613979
0.130844,0.096073,-0.018718,219.911169
0.330392,0.000729,-0.098799,26.825318
0.095487,0.073762,-0.009442,252.155688
0.751484,0.037242,-0.506792,-489.211766
0.728516,0.072034,-0.470674,-454.768922
-0.006126,0.091802,0.001059,340.678228
0.039021,0.080970,0.004862,303.033120
0.741904,0.093788,-0.488879,-472.999056
0.705929,0.098222,-0.440081,-423.614372
0.709574,0.046889,-0.443008,-427.321007
0.720863,0.052303,-0.459282,-443.581365
0.060133,0.082051,-0.000122,284.175810
0.737338,0.085408,-0.484190,-467.838777
0.067018,0.025282,-0.001845,277.986530
-0.000000,0.100000,-0.000000,335.292048
0.734804,0.025767,-0.480264,-464.059170
-0.004577,0.084798,0.002870,339.647817
-0.004262,0.011924,0.003720,339.520128
0.130628,0.068840,-0.019940,219.768929
0.748387,0.032995,-0.501741,-484.483972
0.701431,0.020251,-0.431637,-415.757050
0.160509,0.083550,-0.029861,191.777242
0.719420,0.097660,-0.457994,-442.049756
0.750938,0.064516,-0.505898,-488.379354
0.714912,0.048965,-0.450627,-434.974885
0.695507,0.000437,-0.426582,-409.459351
0.764218,0.005681,-0.520551,-503.732645
0.767740,0.082100,-0.534338,-514.495442
0.775747,0.057420,-0.548595,-527.256830
-0.008471,0.060410,0.004756,343.250156
0.231543,0.014675,-0.057291,123.497845
0.064610,0.015188,-0.001240,280.155754
0.748053,0.014811,-0.501199,-483.974193
0.774212,0.089152,-0.545825,-524.796567
-0.009198,0.060796,0.003497,343.672302
0.724927,0.078290,-0.465294,-449.506259
0.769014,0.051600,-0.536573,-516.507530
0.239724,0.045331,-0.060809,115.466965
0.118239,0.098609,-0.015669,231.359508
0.727849,0.059290,-0.469669,-453.787272
0.236936,0.056991,-0.059600,118.205887
0.686797,0.005510,-0.415557,-397.729877
0.064262,0.095116,-0.005570,279.522904
0.692282,0.025717,-0.419207,-402.924188
0.065794,0.034195,-0.001536,279.088410
0.716885,0.046870,-0.453477,-437.818457
0.693345,0.021241,-0.420634,-404.407378
-0.003336,0.007099,0.006218,339.131346
-0.003097,0.093608,0.006812,339.016495
0.775259,0.041321,-0.547712,-526.470672
0.066356,0.014006,-0.001679,278.583727
0.066710,0.014894,-0.001768,278.264969
-0.004620,0.037334,0.011426,341.032498
0.110208,0.064891,-0.013688,238.657784
0.759673,0.098770,-0.514055,-497.507624
-0.007674,0.085264,-0.002041,341.508600
0.775105,0.054629,-0.547434,-526.225295
0.737324,0.014036,-0.484168,-467.810943
0.127896,0.083235,-0.019078,222.306376
0.184690,0.057848,-0.038581,168.813890
0.065283,0.001854,-0.005707,278.632832
0.761746,0.099834,-0.517028,-500.361654
0.736769,0.083951,-0.483306,-466.989957
0.705322,0.052028,-0.437033,-421.267175
0.698002,0.098953,-0.429796,-412.853290
0.722015,0.083755,-0.460978,-445.259364
0.331518,0.002937,-0.096909,26.745872
0.787367,0.025437,-0.559721,-539.088701
0.699185,0.002931,-0.431304,-414.436426
0.789066,0.099968,-0.556665,-537.643939
0.754209,0.044790,-0.511286,-493.393604
0.720946,0.077325,-0.459405,-443.704568
0.717352,0.032050,-0.454155,-438.492571
0.197121,0.025395,-0.043310,156.899571
-0.009230,0.043710,0.003441,343.692234
0.730370,0.067715,-0.473480,-457.499377
-0.000000,-0.000000,-0.000000,335.299457
0.718292,0.002069,-0.456470,-440.489337
0.763659,0.019132,-0.527251,-508.065292
0.082075,0.015821,-0.005766,264.372840
0.040281,0.070176,0.004575,301.913502
0.687114,0.023133,-0.412342,-395.745826
0.101933,0.042638,-0.011277,246.259068
0.237802,0.075568,-0.059973,117.354334
0.711520,0.003007,-0.447435,-431.222122
0.729622,0.041027,-0.472345,-456.393652
0.076870,0.000240,-0.007495,268.398776
0.138285,0.026341,-0.022397,212.638861
-0.004682,0.013087,0.002857,339.739632
0.161373,0.095702,-0.027196,191.827849
0.055321,0.073220,0.001051,288.491593
0.718499,0.036010,-0.455822,-440.150786
0.767499,0.001972,-0.525283,-508.240994
0.716182,0.071234,-0.452459,-436.806693
0.042630,0.087006,0.004041,299.822820
-0.002529,0.090390,0.007373,338.625170
-0.000000,0.100000,-0.000000,335.292048
0.774591,0.005834,-0.546506,-525.395817
0.067084,0.079618,-0.001858,277.923819
0.053762,0.064515,0.001426,289.887502
0.201473,0.076163,-0.045001,152.705542
-0.005130,0.011814,0.002213,340.018722
0.734651,0.076938,-0.480028,-463.836594
0.789061,-0.000047,-0.556665,-537.633187
0.748222,0.027979,-0.501474,-484.232899
0.087071,0.081959,-0.007111,259.828480
0.005137,0.039144,0.011967,332.896031
0.779118,0.034668,-0.554747,-532.696370
0.061477,0.096500,-0.005171,281.974414
-0.001860,0.088087,0.008387,338.220101
0.740014,0.057800,-0.488376,-471.839578
0.097519,0.085628,-0.010014,250.297534
0.742385,0.058194,-0.492119,-475.401930
0.770315,0.060016,-0.538870,-518.574182
0.082040,0.030476,-0.005756,264.403262
0.728276,0.058166,-0.470312,-454.413887
0.768489,0.053571,-0.535650,-515.676856
0.012556,0.099387,0.010508,326.397186
0.736698,0.056987,-0.483195,-466.880933
0.328759,0.080618,-0.104289,25.743843
-0.008799,0.087282,-0.003588,342.226229
0.695186,0.072001,-0.423115,-406.985503
0.179625,0.019376,-0.036706,173.649905
0.710433,0.061222,-0.444225,-428.549668
0.052064,0.074883,0.001833,291.406068
0.719385,0.005062,-0.457938,-441.986965
-0.011050,0.036731,0.000289,344.753654
-0.004856,0.012142,0.002645,339.854312
0.696543,0.051276,-0.424952,-408.883770
0.736712,0.056229,-0.483217,-466.902074
0.129429,0.005845,-0.018363,221.207492
0.739690,0.050594,-0.487866,-471.352026
0.047728,0.057529,0.002856,295.280646
0.178757,0.095731,-0.032710,175.600072
-0.001292,0.079159,0.008741,337.796983
0.696734,0.012955,-0.425211,-409.147406
0.739792,0.098413,-0.485934,-470.090063
0.751614,0.000925,-0.502547,-486.377641
0.736507,0.093666,-0.481356,-465.553918
0.007679,0.092355,0.011476,330.670127
0.728966,0.038352,-0.471353,-455.427054
-0.000000,-0.000000,-0.000000,335.299457
0.697425,0.086320,-0.426151,-410.124459
0.755035,0.004177,-0.507406,-491.092551
0.127784,0.083048,-0.019042,222.410949
0.764177,0.017612,-0.528144,-508.877350
0.714136,0.056029,-0.449511,-433.859119
0.776492,0.044514,-0.549947,-528.454937
0.068996,0.094703,-0.006268,275.349342
0.692801,0.026503,-0.419903,-403.648500
0.738274,0.070556,-0.485650,-469.236010
-0.002149,0.046363,0.015706,339.621604
0.165264,0.054732,-0.031528,187.285425
0.157798,0.006089,-0.026125,195.150762
0.070991,0.076674,-0.002854,274.400936
0.011279,0.080523,0.010762,327.517377
0.761185,0.001183,-0.516198,-499.563045
0.013278,0.030597,0.010357,325.767554
0.093165,0.082560,-0.008791,254.276063
0.749292,0.080728,-0.503211,-485.866791
0.720850,0.035270,-0.459263,-443.560955
0.051814,0.004281,-0.003902,290.460779
0.018513,0.016676,0.009289,321.169262
0.726829,0.003472,-0.468029,-452.211491
-0.002541,0.090634,0.007387,338.637184
0.755489,0.016096,-0.513414,-495.362481
0.203995,0.075795,-0.045993,150.273695
0.047328,0.081870,0.002952,295.636531
0.322919,0.047420,-0.101135,31.768624
0.684861,0.099660,-0.413160,-395.158654
0.761672,0.034399,-0.523843,-504.957555
0.721779,0.054073,-0.460630,-444.912772
0.178643,0.043933,-0.036343,174.584351
0.789066,0.099968,-0.556665,-537.643939
-0.000000,-0.000000,-0.000000,335.299457
0.002564,0.097094,0.012467,335.140464
0.698948,0.054941,-0.428228,-412.261414
-0.006005,0.014052,0.000591,340.506544
-0.000000,0.100000,-0.000000,335.292048
0.753782,0.017456,-0.510579,-492.734801
0.720990,0.080389,-0.459469,-443.768375
0.789066,0.099968,-0.556665,-537.643939
0.710233,0.050347,-0.443940,-428.261851
0.763282,0.057567,-0.526603,-507.477932
0.747362,0.036430,-0.500082,-482.925559
0.067956,0.042103,-0.002082,277.140519
0.689296,0.031229,-0.415228,-398.772207
0.053300,0.095935,-0.004087,289.152150
0.178410,0.040622,-0.036258,174.806622
-0.001706,0.019363,0.008022,338.037130
0.726127,0.049366,-0.467086,-451.260575
0.743965,0.038547,-0.494630,-477.781471
0.181323,0.046086,-0.037330,172.029534
0.770351,0.063683,-0.538934,-518.631461
0.070660,0.048904,-0.002771,274.701409
0.749894,0.075950,-0.504192,-486.785728
0.680390,0.094607,-0.407616,-389.178641
-0.000000,-0.000000,-0.000000,335.299457
0.265830,0.054306,-0.072559,89.612322
0.770391,0.039295,-0.539004,-518.692501
0.331032,-0.000029,-0.097634,26.819374
0.788787,0.094268,-0.557194,-537.899621
-0.005748,0.006947,0.001885,340.492588
-0.008997,0.054196,0.003844,343.556207
0.014674,0.061296,0.010078,324.540571
0.133774,0.098386,-0.019465,217.237635
0.061013,0.095412,-0.005111,282.381217
0.179993,0.095584,-0.033121,174.439206
0.710191,0.058816,-0.443882,-428.203812
-0.005204,0.084573,0.001787,340.009488
0.748661,0.099779,-0.498391,-482.329792
-0.000000,0.100000,-0.000000,335.292048
-0.003386,0.007762,0.005998,339.138788
0.755355,0.035096,-0.513191,-495.158456
0.709853,0.070979,-0.443402,-427.721360
0.740114,0.043167,-0.488532,-471.987358
0.038024,0.068791,0.005086,303.919257
0.736098,0.049082,-0.482265,-465.987349
0.719239,0.031700,-0.456903,-441.222644
0.081924,0.036107,-0.005724,264.508562
0.760472,0.003941,-0.515173,-498.580694
0.047971,0.005385,-0.003441,293.822798
0.173334,0.073527,-0.034407,179.633391
-0.007150,0.088811,-0.000916,341.238615
0.772780,0.090163,-0.543256,-522.504729
0.708176,0.036295,-0.441033,-425.324198
0.682836,0.001708,-0.410624,-392.425880
0.789001,0.005742,-0.556814,-537.712694
0.059596,0.061926,0.000008,284.658990
0.108793,0.060989,-0.013271,239.959838
0.768400,0.070164,-0.535495,-515.538167
0.755004,0.031565,-0.512606,-494.615815
0.700206,0.018871,-0.429952,-414.029150
0.712613,0.039139,-0.447329,-431.669938
0.008480,0.040321,0.011314,329.971997
0.187008,0.012713,-0.039453,166.600363
0.776438,0.078084,-0.549850,-528.372064
0.771568,0.043910,-0.541093,-520.566576
0.105590,0.015776,-0.012337,242.906301
0.013206,0.096124,-0.000552,323.952694
-0.009541,0.064742,0.002903,343.871287
0.778566,0.060385,-0.553734,-531.805164
-0.005908,0.092797,0.001577,340.573653
0.685881,0.004217,-0.414413,-396.502678
0.765910,0.013122,-0.531144,-511.600658
-0.006479,0.009779,0.000282,340.861725
0.006161,0.084991,0.011772,331.998832
0.047649,0.030154,0.002873,295.352933
0.048989,0.028907,0.002558,294.157123
0.762873,0.039772,-0.525900,-506.836013
0.736690,0.046230,-0.483182,-466.867823
0.787396,0.030137,-0.559673,-539.066503
0.686822,0.099392,-0.415608,-397.785973
0.428727,0.095488,-0.166580,-81.163944
0.401794,0.094968,-0.147275,-51.160994
0.196327,0.070374,-0.043000,157.660101
0.720282,0.067841,-0.458429,-442.738477
0.302168,0.079696,-0.090276,53.005498
0.063393,0.075475,-0.000931,281.246364
0.738632,0.026056,-0.486209,-469.766590
0.033569,0.073680,0.006079,307.871446
0.775714,0.093479,-0.548538,-527.208918
0.703450,0.030584,-0.434428,-418.611564
0.162187,0.022608,-0.030450,190.196004
0.787576,0.053410,-0.559362,-538.923210
0.067873,0.096967,-0.006092,276.341288
-0.005618,0.092784,0.002050,340.401687
0.760777,0.085920,-0.522320,-503.568405
0.737432,0.050281,-0.484336,-467.975049
-0.001873,0.081017,0.007720,338.125715
0.225445,0.059743,-0.054714,129.455629
-0.000000,0.100000,-0.000000,335.292048
0.142189,0.084173,-0.023668,208.987983
0.143252,0.097913,-0.021977,208.559475
0.262702,0.038876,-0.071110,92.730860
0.419383,0.004525,-0.159760,-70.684046
0.028748,0.062091,0.007131,312.139712
0.738862,0.032608,-0.486568,-470.110760
0.768501,0.068593,-0.535671,-515.696681
0.051589,0.098359,-0.003864,290.652995
0.702113,0.017024,-0.432578,-416.719913
0.072686,0.001162,-0.006825,272.100607
0.752235,0.033468,-0.508025,-490.360534
0.021199,0.018584,0.008731,318.804126
0.161572,0.074472,-0.030232,190.773434
0.755197,0.014477,-0.512926,-494.911337
0.165840,0.005877,-0.028567,187.682092
0.777821,0.005167,-0.552369,-530.595585
0.093313,0.006164,-0.010415,253.772777
-0.000000,0.100000,-0.000000,335.292048
0.755646,0.063751,-0.513677,-495.610308
0.754660,0.082592,-0.512036,-494.092595
0.188428,0.037875,-0.039986,165.240387
0.767246,0.097709,-0.524939,-507.917227
-0.012808,0.056065,-0.002755,345.782469
0.045429,0.097813,-0.003138,296.039125
-0.008430,0.085531,-0.003176,341.975861
0.390244,0.003511,-0.139365,-38.470922
0.711825,0.087079,-0.446204,-430.544958
0.777033,0.075482,-0.550933,-529.331246
-0.005925,0.081131,0.000423,340.407439
0.156680,0.076216,-0.028538,195.387734
0.739708,0.070401,-0.487896,-471.382080
0.124376,0.082308,-0.017980,225.571740
-0.002440,0.086043,0.007008,338.491915
0.747652,0.095760,-0.496960,-480.933064
0.753870,0.079397,-0.510726,-492.876444
0.221450,0.059466,-0.053051,133.351133
-0.002928,0.096104,0.007561,338.992046
0.737336,0.057192,-0.484188,-467.833584
0.022510,0.077562,0.008461,317.645637
0.705199,0.074983,-0.436860,-421.094194
0.054909,0.059882,0.001149,288.860699
0.706040,0.057136,-0.438036,-422.287374
0.160302,0.075799,-0.029789,191.973017
-0.000000,-0.000000,-0.000000,335.299457
0.228297,0.081377,-0.055911,126.669110
0.069757,0.024651,-0.002542,275.518104
-0.004575,0.057119,0.011504,341.005188
0.702103,0.098305,-0.435094,-418.413280
-0.005444,0.016603,0.001319,340.144373
0.767953,0.050986,-0.534710,-514.828813
0.723289,0.084154,-0.462862,-447.115876
0.687408,0.026340,-0.412730,-396.154003
0.769002,0.084483,-0.536552,-516.492007
0.737881,0.085139,-0.485037,-468.649829
0.776099,0.087772,-0.549235,-527.827449
0.068488,0.044088,-0.002217,276.660869
0.092713,0.030605,-0.008669,254.691446
0.129287,0.049219,-0.019518,221.016293
0.690903,0.046490,-0.417365,-401.006224
0.740205,0.001614,-0.486495,-470.639727
0.788226,0.008243,-0.558168,-538.347523
0.305190,0.016939,-0.091826,49.932706
0.788433,0.092280,-0.557814,-538.190432
-0.002748,0.050954,0.014669,339.962114
0.075723,0.064165,-0.004081,270.125581
0.071016,0.065408,-0.002861,274.378915
0.715104,0.077068,-0.450903,-435.253631
0.239109,0.076249,-0.060539,116.070300
-0.003670,0.095348,0.006065,339.383118
0.031268,0.005328,-0.001710,308.372318
-0.003076,0.057244,0.014100,340.148828
0.719826,0.048483,-0.457761,-442.075005
0.719328,0.004208,-0.457861,-441.908420
0.088597,0.097531,-0.009532,257.972208
0.392591,0.097276,-0.140951,-41.046741
0.694736,0.033675,-0.422507,-406.352005
-0.005255,0.060167,0.010326,341.394949
0.732265,0.078056,-0.476367,-460.300155
0.004082,0.094231,0.012175,333.815281
0.005250,0.057590,0.011946,332.796807
-0.006658,0.059761,0.007896,342.202138
0.734888,0.076502,-0.480395,-464.189780
-0.004845,0.009231,0.003026,339.905472
0.716072,0.084446,-0.452300,-436.649195
0.145351,0.084104,-0.024712,206.028474
0.178872,0.080162,-0.036424,174.363843
0.023704,0.084441,0.008210,316.591854
0.403541,0.001116,-0.148507,-53.086708
0.047870,0.050527,0.002823,295.154577
0.689389,0.080634,-0.415350,-398.904984
-0.003442,0.083214,0.004831,338.995378
0.210541,0.062627,-0.048600,143.945878
0.731397,0.082302,-0.475043,-459.017307
-0.004863,0.054847,0.011004,341.170652
-0.005031,0.087352,0.002297,339.942774
0.704998,0.040277,-0.436581,-420.806470
0.728198,0.021488,-0.470194,-454.295932
0.752129,0.060500,-0.507852,-490.201824
0.016921,0.071431,0.009621,322.565675
0.749013,0.086856,-0.502758,-485.442870
0.773528,0.072470,-0.544596,-523.699902
0.762650,0.097991,-0.525519,-506.493360
0.751405,0.016272,-0.506661,-489.087352
0.120847,0.097193,-0.016278,228.997434
0.023108,0.077853,0.008336,317.118654
0.709750,0.021158,-0.443257,-427.569970
0.207112,0.028462,-0.047231,147.265439
-0.003179,0.097235,0.007265,339.157533
0.729067,0.095552,-0.471096,-455.304052
0.724890,0.068629,-0.465239,-449.451595
0.709140,0.081964,-0.442394,-426.704627
0.728667,0.051197,-0.470902,-454.988508
-0.003668,0.092379,0.005480,339.289019
0.160565,0.052308,-0.029882,191.726067
0.770417,0.086123,-0.539052,-518.739461
-0.002004,0.082795,0.007586,338.215459
0.460783,0.000295,-0.191083,-117.629941
0.776839,0.095137,-0.550580,-529.019694
0.759575,0.002235,-0.513890,-497.347308
0.708294,0.004924,-0.443172,-426.817357
0.720100,0.054078,-0.458163,-442.473309
0.789068,0.093446,-0.556705,-537.671069
0.773964,0.015090,-0.545378,-524.391690
0.731001,0.056000,-0.474439,-458.429630
0.688574,0.035745,-0.414270,-397.770141
0.075894,0.037554,-0.004128,269.972407
0.067139,0.035917,-0.001875,277.877085
-0.000000,0.100000,-0.000000,335.292048
0.027180,0.055836,0.007468,313.525485
0.019322,0.063619,0.009125,320.454498
0.718997,0.033778,-0.456548,-440.871383
0.777461,0.036924,-0.551713,-530.017629
0.755682,0.004079,-0.508328,-491.984241
0.184002,0.004866,-0.034472,170.676812
0.301316,0.048139,-0.089843,53.875024
0.776691,0.021669,-0.550309,-528.773524
0.753108,0.099755,-0.504692,-488.463844
0.208318,0.093765,-0.043227,147.582559
0.059703,0.036899,-0.000020,284.564435
0.077147,0.096468,-0.007547,268.144069
0.770296,0.003508,-0.529324,-512.076938
0.760580,0.043047,-0.521984,-503.256501
0.776424,0.039646,-0.549823,-528.344694
0.131231,0.031392,-0.020134,219.211092
0.757157,0.084654,-0.516204,-497.946529
0.135865,0.080834,-0.021611,214.892883
0.451212,0.001111,-0.183600,-106.657238
-0.009011,0.010628,-0.003705,342.394399
0.190940,0.014312,-0.040939,162.835487
-0.006559,0.009599,0.000180,340.914110
0.330564,0.002507,-0.098615,26.768035
0.049214,0.060996,0.002507,293.953748
0.016090,0.032401,0.009787,323.298461
0.184428,0.050309,-0.038483,169.065242
0.196906,0.074915,-0.043223,157.103374
0.014864,0.079214,0.010041,324.372132
0.778821,0.058418,-0.554203,-532.218738
0.788330,0.010833,-0.557988,-538.263526
0.753656,0.027780,-0.510370,-492.541009
0.083659,0.096113,-0.008652,262.365899
0.726246,0.043066,-0.467263,-451.433615
0.766785,0.079890,-0.532668,-512.986265
0.039251,0.022108,0.004805,302.832056
0.718501,0.068557,-0.455827,-440.157937
0.738182,0.025058,-0.485506,-469.093934
0.754427,0.035273,-0.511647,-493.727633
-0.013265,0.046384,-0.003548,346.052459
0.713856,0.040509,-0.449109,-433.454812
0.031819,0.061391,0.006462,309.422723
-0.009579,0.034429,0.002836,343.895864
0.760638,0.004447,-0.515411,-498.808874
0.745932,0.084683,-0.497780,-480.761861
0.746309,0.052274,-0.498384,-481.328604
-0.000000,0.100000,-0.000000,335.292048
-0.011286,0.039525,-0.000120,344.891295
0.162528,0.041222,-0.030568,189.873126
0.160047,0.079257,-0.029701,192.212775
0.750686,0.018144,-0.505485,-487.989081
0.776125,0.062870,-0.549282,-527.866570
-0.007443,0.018872,-0.001956,341.330451
-0.000000,0.100000,-0.000000,335.292048
0.738717,0.022442,-0.486341,-469.892493
0.693940,0.038121,-0.421433,-405.238911
-0.005323,0.090009,0.002104,340.159967
0.775835,0.022703,-0.548754,-527.395016
0.697457,0.044748,-0.426194,-410.165231
0.736797,0.044973,-0.483350,-467.028464
0.731183,0.068280,-0.474715,-458.698782
0.710841,0.054838,-0.444803,-429.132016
0.045412,0.032557,0.003395,297.348298
0.779655,0.096825,-0.542953,-524.900234
0.163273,0.027394,-0.030830,189.169497
0.752955,0.055548,-0.509213,-491.468069
-0.007241,0.082292,-0.001577,341.212502
0.027641,0.085697,0.007371,313.116496
0.714658,0.083336,-0.450260,-434.611855
-0.005624,0.089545,0.001551,340.328426
0.761212,0.079003,-0.523060,-504.245123
0.752055,0.062998,-0.507730,-490.087834
0.291346,0.062687,-0.084830,63.985489
0.271492,0.055956,-0.075214,83.956930
0.171387,0.003551,-0.030311,182.510205
0.759287,0.043083,-0.519791,-501.245304
0.750458,0.072599,-0.505112,-487.645527
0.690010,0.099628,-0.419616,-402.068848
0.754042,0.031993,-0.511009,-493.134734
0.752779,0.055706,-0.508923,-491.198251
0.730784,0.048461,-0.474109,-458.107925
0.222882,0.047257,-0.053646,131.957088
0.735747,0.042270,-0.481722,-465.464051
0.735017,0.079488,-0.480593,-464.381038
0.749055,0.039529,-0.502825,-485.501522
0.723159,0.076904,-0.462668,-446.924458
0.742381,0.020618,-0.492111,-475.391600
0.705186,0.027451,-0.436843,-421.071859
-0.003706,0.042079,0.013009,340.509146
0.234921,0.055575,-0.058732,120.183887
0.690507,0.059637,-0.416838,-400.457577
0.076249,0.055242,-0.004220,269.650136
0.068419,0.083697,-0.002196,276.720322
0.712916,0.035105,-0.447761,-432.103770
-0.008360,0.058545,0.004948,343.186174
0.112974,0.098906,-0.014473,236.117358
-0.006264,0.081138,-0.000115,340.610792
-0.000000,0.100000,-0.000000,335.292048
0.203340,0.076763,-0.045734,150.905930
-0.002790,0.016359,0.006111,338.651283
-0.007751,0.079776,-0.002501,341.502283
0.728260,0.078642,-0.470288,-454.393086
0.682329,0.005893,-0.409996,-391.749222
0.364459,0.001349,-0.122465,-10.543351
0.745442,0.099527,-0.493851,-477.887152
0.069494,0.097143,-0.006336,274.911425
0.726997,0.070975,-0.468389,-452.537686
0.756317,0.093658,-0.509252,-492.879922
0.399023,0.003827,-0.145366,-48.103352
0.696764,0.028688,-0.425252,-409.191335
0.715116,0.036669,-0.450920,-435.266394
0.752093,0.047849,-0.507792,-490.144540
0.747193,0.067633,-0.499810,-482.672632
0.749849,0.034403,-0.504117,-486.711883
0.759205,0.076146,-0.519652,-501.120555
0.722539,0.034210,-0.461751,-446.017086
0.151094,0.095816,-0.024170,201.341220
0.318238,0.019117,-0.098639,36.583332
0.713714,0.085459,-0.448905,-433.255602
0.762795,0.038022,-0.525766,-506.712985
0.459162,0.001796,-0.189805,-115.766319
0.179921,0.085557,-0.036810,173.363943
0.767516,0.008402,-0.533944,-514.133412
0.731719,0.038955,-0.475533,-459.488629
0.740521,0.057135,-0.489172,-472.598845
0.446529,0.097153,-0.179979,-101.316677
0.144370,0.052336,-0.024389,206.949479
-0.005648,0.085793,0.001148,340.285919
0.779120,0.031892,-0.554751,-532.700231
0.745061,0.033152,-0.496381,-479.436900
0.702839,0.025464,-0.433581,-417.746233
0.101727,0.051236,-0.011217,246.447801
0.774004,0.031695,-0.545450,-524.457053
0.768801,0.014669,-0.536197,-516.166028
-0.000000,0.100000,-0.000000,335.292048
0.718361,0.003776,-0.456561,-440.582485
0.757240,0.029724,-0.516342,-498.069020
0.757292,0.016571,-0.516429,-498.148686
0.734090,0.076062,-0.479165,-463.004142
0.713096,0.025094,-0.448019,-432.360831
0.133589,0.047941,-0.020883,217.015250
0.748209,0.082901,-0.501453,-484.217955
0.122854,0.066712,-0.017510,226.983023
0.330179,0.003959,-0.101251,25.936568
0.755330,0.021504,-0.513148,-495.117545
0.102539,0.064942,-0.011449,245.702542
0.758377,0.036426,-0.518254,-499.831479
0.271235,0.081866,-0.075091,84.211835
-0.007281,0.054547,0.006816,342.562182
0.687980,0.041593,-0.413484,-396.946728
0.201083,0.024401,-0.044852,153.085074
0.746109,0.097916,-0.494787,-478.805363
0.704101,0.012692,-0.435332,-419.532037
0.076106,0.001699,-0.007373,269.074239
0.763730,0.097106,-0.519875,-503.087414
0.710442,0.005457,-0.446005,-429.747746
0.689834,0.058617,-0.415942,-399.521574
0.736820,0.038653,-0.483384,-467.060883
-0.009836,0.060716,0.002392,344.043405
0.231432,0.070846,-0.057240,123.602807
0.716244,0.065313,-0.452549,-436.895519
0.787901,0.038086,-0.558797,-538.657716
0.094930,0.094122,-0.010725,252.320608
-0.005241,0.086626,0.001881,340.054983
0.004549,0.058707,0.012082,333.409219
0.755196,0.094295,-0.507655,-491.336502
0.698408,0.080138,-0.427490,-411.504320
0.038287,0.068571,0.005026,303.685460
0.765002,0.016821,-0.529569,-510.171789
0.697991,0.036180,-0.426921,-410.913490
0.731775,0.099698,-0.474822,-459.037394
0.065410,0.061134,-0.001437,279.433144
0.250534,0.042142,-0.065578,104.805514
-0.009186,0.048703,0.003517,343.666411
0.068660,0.037927,-0.002261,276.505992
0.046558,0.064356,0.003131,296.324376
0.767750,0.007032,-0.534354,-514.503085
0.713581,0.024795,-0.448714,-433.058248
0.678281,0.005108,-0.405012,-386.350830
0.009503,0.057167,0.011113,329.074972
0.027804,0.023654,0.007331,312.976001
0.722676,0.035721,-0.461954,-446.217637
0.723267,0.030403,-0.462828,-447.077658
0.715814,0.017322,-0.451927,-436.271054
0.788198,0.035525,-0.558284,-538.417670
0.265259,0.083702,-0.072292,90.179541
0.773047,0.049293,-0.543733,-522.927226
0.745713,0.079784,-0.497427,-480.428660
0.781758,0.089147,-0.559631,-536.993340
0.096969,0.043706,-0.009862,250.803853
0.156946,0.003732,-0.025871,195.940814
0.102950,0.078050,-0.011567,245.324835
0.017778,0.073454,0.009445,321.812120
0.765872,0.094382,-0.522955,-506.028092
0.717322,0.039252,-0.454111,-438.449358
0.719668,0.063655,-0.457530,-441.847640
0.746215,0.059799,-0.498234,-481.187972
0.748259,0.031873,-0.501532,-484.288250
0.020398,0.043973,0.008900,319.508089
0.149568,0.075106,-0.026121,202.075288
-0.005617,0.084625,0.001115,340.253998
0.178468,0.079243,-0.036276,174.748569
0.788155,0.046225,-0.558358,-538.453286
-0.001272,0.087300,0.009455,337.893744
0.690333,0.020431,-0.416605,-400.211043
0.763848,0.065964,-0.527577,-508.365770
0.712529,0.048693,-0.447208,-431.549663
0.724224,0.043237,-0.464248,-448.475997
0.035201,0.019664,0.005713,306.427546
0.700645,0.053837,-0.430554,-414.650300
0.730905,0.047520,-0.474293,-458.286668
0.033275,0.096703,-0.001893,306.622249
0.692460,0.073436,-0.419446,-403.177150
0.186275,0.073872,-0.039173,167.298070
0.408360,0.001566,-0.151888,-58.418435
-0.008253,0.047756,0.005133,343.124994
0.147339,0.067433,-0.025374,204.167445
0.137589,0.046046,-0.022170,213.287080
0.201895,0.074071,-0.045166,152.299773
0.719917,0.085859,-0.457894,-442.210715
0.718187,0.095634,-0.456333,-440.357393
0.756700,0.022527,-0.515436,-497.232262
0.105056,0.073841,-0.012177,243.392524
0.702387,-0.000018,-0.435452,-418.781558
0.730470,0.028469,-0.473632,-457.642964
0.765071,0.082557,-0.529690,-510.287853
0.714099,0.063178,-0.449458,-433.806962
0.036316,0.022714,0.005465,305.438162
0.171463,0.073354,-0.033733,181.409593
0.230578,0.015871,-0.056881,124.441946
0.735687,0.097164,-0.480224,-464.427222
0.083115,0.062132,-0.006042,263.425265
0.083233,0.050715,-0.006074,263.318828
0.148653,0.093948,-0.023477,203.591284
0.703800,0.074403,-0.434914,-419.111640
-0.003078,0.003546,0.007341,339.090488
0.014569,0.078880,0.010100,324.631219
0.761212,0.004976,-0.516235,-499.599717
0.692823,0.016280,-0.419932,-403.677478
0.006875,0.053674,0.011630,331.376265
0.767692,0.046107,-0.534253,-514.415968
0.039255,0.048730,0.004806,302.826583
0.146275,0.085302,-0.025018,205.162900
0.740913,0.097702,-0.487499,-471.636223
0.044468,0.097490,-0.003031,296.877864
0.701265,0.080016,-0.431408,-415.527916
0.164863,0.076328,-0.031385,187.663129
0.109335,0.078485,-0.013429,239.460812
0.157335,0.096340,-0.025986,195.572200
0.716752,0.033487,-0.453284,-437.625532
0.062320,0.054138,-0.000665,282.212779
0.747815,0.033483,-0.500815,-483.614224
0.761617,0.093922,-0.516836,-500.178987
0.143780,0.053962,-0.024194,207.501933
0.065176,0.072525,-0.001377,279.642557
-0.001194,0.018022,0.009118,337.778804
0.331453,0.098341,-0.097034,26.734769
0.759247,0.035280,-0.519723,-501.181963
0.721231,0.049899,-0.459823,-444.115620
0.755317,0.068750,-0.513128,-495.102783
0.102461,0.038724,-0.011429,245.775398
0.061584,0.064048,-0.000482,282.873746
-0.004626,0.011698,0.003093,339.729629
-0.004526,0.006843,0.004020,339.792187
0.147979,0.078183,-0.025587,203.566343
-0.004449,0.007328,0.004064,339.733980
0.292061,0.033890,-0.085187,63.264370
0.701274,0.046214,-0.431420,-415.537457
0.434318,0.005848,-0.170743,-87.461156
0.747740,0.015016,-0.500693,-483.497890
0.449616,0.003424,-0.182365,-104.833245
-0.008921,0.008064,-0.003269,342.386335
0.236756,0.084418,-0.059520,118.381436
0.789066,0.099968,-0.556665,-537.643939
0.055035,0.082352,0.001121,288.746410
0.686395,0.003197,-0.415056,-397.192183
0.064202,0.074995,-0.001133,280.518761
0.288382,0.012806,-0.083367,66.984434
-0.005557,0.086547,0.001355,340.241178
0.765490,0.099037,-0.522411,-505.508105
0.788045,0.034901,-0.558548,-538.541150
0.383596,0.095162,-0.134893,-31.222484
0.770807,0.039590,-0.539741,-519.353716
0.142970,0.045383,-0.023927,208.259777
0.249383,0.056754,-0.065062,105.943269
0.731348,0.038257,-0.474966,-458.939057
0.733716,0.069859,-0.478590,-462.448309
-0.003408,0.060491,0.013526,340.337642
0.697689,0.062673,-0.426509,-410.491845
-0.005902,0.087129,0.000853,340.454802
0.478490,0.002046,-0.205312,-138.121248
-0.002275,0.043284,0.015488,339.693625
0.066194,0.004417,-0.005848,277.828575
0.700968,0.081394,-0.430999,-415.109015
0.265571,0.051682,-0.072439,89.870618
0.752576,0.012908,-0.508587,-490.881635
0.758227,0.054595,-0.518002,-499.601037
-0.004530,0.040216,0.011582,340.980726
0.768062,0.040651,-0.534901,-515.000010
0.026423,0.040665,0.007629,314.195296
0.111314,0.023145,-0.014019,237.642286
0.727939,0.080157,-0.469804,-453.921122
-0.008237,0.020793,-0.003282,341.798605
0.330429,0.004109,-0.099002,26.708248
0.696741,0.084814,-0.425221,-409.164701
0.156668,0.004573,-0.025790,196.197992
-0.004096,0.086502,0.003867,339.396883
0.089505,0.082955,-0.007778,257.612590
0.721742,0.080580,-0.460575,-444.861597
0.758843,0.050884,-0.519041,-500.556166
0.046518,0.004576,-0.003269,295.093796
0.035682,0.004018,-0.002120,304.537636
0.188038,0.085073,-0.039835,165.610769
0.763112,0.095333,-0.526313,-507.216711
0.750358,0.074723,-0.504949,-487.493767
0.747640,0.078683,-0.500531,-483.352227
0.099711,0.035492,-0.010641,248.295614
0.768145,0.068363,-0.535046,-515.133504
0.696518,0.036450,-0.424918,-408.847019
-0.002436,0.013051,0.007112,338.510047
0.068603,0.076898,-0.002243,276.555008
0.043471,0.036773,0.003843,299.076852
0.091307,0.083234,-0.008275,255.970369
0.728587,0.004954,-0.470430,-454.629022
0.690154,0.013259,-0.416368,-399.961874
0.766966,0.006077,-0.524510,-507.507659
0.756622,0.004652,-0.509668,-493.279479
0.083896,0.049925,-0.006253,262.716782
0.748309,0.094901,-0.497886,-481.838256
0.755817,0.064811,-0.513961,-495.873002
0.033752,0.081254,0.006039,307.708488
0.188124,0.069201,-0.039869,165.529340
0.708831,0.063016,-0.441957,-426.261590
0.742545,0.096242,-0.489780,-473.885893
0.777839,0.071475,-0.552403,-530.630919
0.118972,0.004626,-0.015838,230.703657
0.766240,0.096052,-0.523487,-506.535356
0.694319,0.047511,-0.421944,-405.769675
0.032915,0.066655,0.006222,308.451747
-0.001284,0.085609,0.009254,337.871538
0.013482,0.022930,0.010316,325.588998
-0.005927,0.058640,0.009162,341.781216
0.698634,0.065009,-0.427798,-411.819837
0.741768,0.003438,-0.488677,-472.795321
0.789066,0.099968,-0.556665,-537.643939
-0.001463,0.089899,0.009399,338.046076
0.072132,0.022058,-0.003152,273.373780
0.005422,0.080362,0.011915,332.644628
0.733287,0.078462,-0.477932,-461.813871
0.741469,0.020144,-0.490669,-474.020163
0.723252,0.080792,-0.462806,-447.061266
0.362255,0.000087,-0.121073,-8.182100
0.736271,0.066379,-0.482533,-466.245887
0.704658,0.070252,-0.436107,-420.327006
0.755951,0.030681,-0.514184,-496.076546
0.736884,0.014868,-0.483484,-467.154963
0.690801,0.013250,-0.417229,-400.860796
0.787343,0.054877,-0.559764,-539.111793
0.762251,0.073426,-0.524835,-505.867055
0.703567,0.029503,-0.434590,-418.776876
0.279853,0.056819,-0.079205,75.572864
0.250910,0.073924,-0.065744,104.431183
-0.008654,0.063182,0.004440,343.355928
0.733460,0.035807,-0.478197,-462.065943
0.739736,0.002035,-0.485841,-469.993573
0.007649,0.054046,0.011478,330.698301
0.741230,0.024703,-0.490290,-473.660431
0.133749,0.001922,-0.019458,217.268495
0.742691,0.059195,-0.492604,-475.862273
-0.006297,0.088960,0.000415,340.721598
0.763565,0.066093,-0.527090,-507.922016
0.768234,0.010858,-0.535202,-515.268962
0.072936,0.001401,-0.006865,271.879328
0.225224,0.075412,-0.054621,129.670511
0.063752,0.017454,-0.001025,280.926995
0.161436,0.068655,-0.030184,190.903087
0.107834,0.028694,-0.012992,240.843960
0.759378,0.058365,-0.519945,-501.388102
0.765328,0.082956,-0.530135,-510.691564
0.754721,0.019392,-0.512135,-494.178908
-0.007099,0.034406,0.007132,342.458316
0.774981,0.071823,-0.547211,-526.028734
0.219727,0.047085,-0.052340,135.029677
0.766084,0.078413,-0.531448,-511.881377
0.042529,0.015742,0.004058,299.917311
0.187607,0.085344,-0.039673,166.022459
0.735585,0.030838,-0.481470,-465.221199
0.753739,0.056468,-0.510508,-492.671969
0.126386,0.095802,-0.017609,223.969427
0.204628,0.080611,-0.046242,149.662253
-0.008076,0.020738,-0.003030,341.700847
0.238491,0.022822,-0.060274,116.681190
0.067522,0.005902,-0.006049,276.656408
-0.003960,0.085223,0.004009,339.304005
0.029129,0.083901,0.007050,311.801363
0.707940,0.003640,-0.442708,-426.336326
0.271106,0.026689,-0.075034,84.344828
0.761950,0.005254,-0.524319,-505.389553
0.694888,0.034292,-0.422711,-406.563723
0.695348,0.080968,-0.423333,-407.212518
-0.000000,-0.000000,-0.000000,335.299457
0.747452,0.059635,-0.500227,-483.064162
0.698562,0.064379,-0.427700,-411.719233
0.770895,0.082473,-0.539898,-519.498725
0.171367,0.079894,-0.033699,181.500011
-0.006068,0.053516,0.008917,341.862840
0.137890,0.041775,-0.022268,213.007056
0.109942,0.055790,-0.013610,238.903082
0.771972,0.099856,-0.541814,-521.216632
0.152513,0.025032,-0.027119,199.312461
-0.002385,0.091548,0.007836,338.576660
0.759444,0.002496,-0.513703,-497.167317
-0.001507,0.081352,0.008460,337.933701
0.759928,0.029016,-0.520876,-502.239521
-0.002737,0.084423,0.006276,338.627295
-0.002859,0.091698,0.006932,338.834422
0.439545,0.098788,-0.174665,-93.382124
0.699550,0.004754,-0.431774,-414.930465
0.043856,0.040194,0.003755,298.733895
-0.008395,0.092013,-0.002436,342.061544
0.752151,0.004748,-0.503306,-487.116367
0.451084,0.099779,-0.183491,-106.515312
0.755118,0.080837,-0.512798,-494.797996
0.184904,0.071849,-0.038660,168.608896
0.787510,0.058876,-0.559475,-538.976810
0.113939,0.095266,-0.014688,235.246791
0.775355,0.058784,-0.547887,-526.628360
0.746588,0.034137,-0.498834,-481.750755
0.211662,0.085574,-0.049050,142.857917
0.717977,0.063507,-0.455062,-439.397917
-0.008866,0.043938,0.004072,343.480696
0.075643,0.096806,-0.007301,269.476078
0.103680,0.002184,-0.012475,244.491164
0.101325,0.003160,-0.011991,246.603586
0.459037,0.095416,-0.189693,-115.625452
0.720871,0.082645,-0.459294,-443.595832
0.748535,0.071765,-0.501981,-484.712689
0.053662,0.028757,0.001447,289.979703
-0.008533,0.087013,-0.003205,342.059124
0.033080,0.069332,0.006186,308.305289
0.746719,0.030246,-0.499044,-481.948495
0.694600,0.016094,-0.422323,-406.159645
0.744811,0.086234,-0.495983,-479.065141
0.684768,0.002616,-0.413025,-395.011419
0.770381,0.062947,-0.538987,-518.679368
0.775254,0.066063,-0.547705,-526.466719
0.775482,0.066795,-0.548116,-526.832419
-0.000000,0.100000,-0.000000,335.292048
0.753899,0.030541,-0.510773,-492.915900
0.745910,0.040318,-0.497744,-480.723850
0.013415,0.047353,0.010331,325.646430
0.130133,0.062669,-0.019784,220.230148
0.160708,0.035874,-0.029933,191.592461
0.711556,0.053721,-0.445821,-430.156352
0.763087,0.020851,-0.526267,-507.168324
0.730303,0.074173,-0.473378,-457.400665
0.707057,0.003841,-0.441548,-425.132892
0.772634,0.089959,-0.542996,-522.272648
0.151012,0.084899,-0.026606,200.719198
0.764515,0.006889,-0.528727,-509.406421
-0.013995,0.049312,-0.004811,346.482213
-0.006353,0.087154,0.000146,340.727292
0.175408,0.027296,-0.035162,177.664673
0.768607,0.096401,-0.526903,-509.783399
0.074325,0.065408,-0.003717,271.389679
-0.004935,0.040600,0.010880,341.212965
0.777622,0.036051,-0.552007,-530.277637
0.179769,0.094148,-0.033048,174.650104
-0.003480,0.087842,0.005162,339.079772
0.040909,0.074608,0.004433,301.354399
0.766772,0.024960,-0.532645,-512.960083
-0.008080,0.086449,-0.002564,341.773226
0.035310,0.097962,-0.002084,304.853742
0.678662,0.002700,-0.405479,-386.857480
0.049185,0.024576,0.002512,293.982435
0.787990,0.074014,-0.558645,-538.590001
0.063849,0.065656,-0.001045,280.837127
0.695232,0.057399,-0.423177,-407.048177
-0.008675,0.089227,-0.003203,342.180702
0.063624,0.070070,-0.000989,281.038971
0.745749,0.017377,-0.497485,-480.477727
-0.005704,0.049963,0.009549,341.653312
-0.004393,0.013802,0.003303,339.565228
0.753456,0.018884,-0.510040,-492.233544
0.096416,0.023709,-0.009707,251.310058
0.735901,0.012710,-0.481959,-465.689386
-0.010390,0.056253,0.001433,344.366468
0.695386,0.066914,-0.423385,-407.264860
0.770732,0.005751,-0.529952,-512.672260
0.777153,0.041563,-0.551149,-529.519699
0.787967,0.037786,-0.558683,-538.604589
0.777290,0.088648,-0.551401,-529.746388
0.721978,0.077187,-0.460923,-445.204393
0.031647,0.082709,0.006502,309.573361
0.777663,0.069111,-0.552082,-530.347065
-0.007883,0.083408,-0.002495,341.615808
0.744858,0.025762,-0.496056,-479.129167
0.134357,0.001658,-0.019615,216.712915
0.089266,0.045248,-0.007715,257.832880
0.674296,0.004779,-0.400157,-381.057061
0.673204,0.095322,-0.398845,-379.625232
0.763089,0.072776,-0.526272,-507.177677
0.719607,0.051062,-0.457441,-441.758574
0.114227,0.082762,-0.014884,234.954978
0.769131,0.094552,-0.527657,-510.499742
0.266003,0.060875,-0.072639,89.439667
0.265526,0.038768,-0.072419,89.916521
0.776514,0.088283,-0.549989,-528.496304
0.130419,0.005625,-0.018611,220.306130
