0.066398,0.030637,-0.001359,330.934837
0.089940,0.077734,-0.006210,311.680131
0.054630,0.062114,0.000888,340.476080
0.221518,0.032953,-0.042592,200.201283
0.491708,0.098981,-0.175678,-53.455221
0.833266,0.077629,-0.498807,-437.595035
-0.001075,0.049814,0.011005,385.095233
0.127438,0.032387,-0.014962,280.597602
0.179184,0.051578,-0.029131,236.808727
-0.002647,0.012262,0.002454,385.408203
0.063658,0.001413,-0.004432,332.618644
0.077611,0.001303,-0.006170,321.383345
0.354852,0.076610,-0.096728,79.936373
0.322348,0.081684,-0.081804,109.980511
0.081716,0.095712,-0.006733,318.051394
0.182268,0.001966,-0.027441,234.789901
0.066140,0.063700,-0.001306,331.140919
0.091225,0.079607,-0.006489,310.623528
0.144801,0.039056,-0.019442,266.019793
0.533692,0.002097,-0.205551,-96.876350
0.152640,0.075976,-0.021553,259.395764
0.004939,0.069101,0.009046,380.223459
-0.001777,0.067983,0.009789,385.506764
0.100844,0.002840,-0.009626,302.526766
0.220003,0.096598,-0.038710,202.402287
0.188397,0.063828,-0.031915,228.900504
0.521930,0.002425,-0.196950,-84.603649
0.143816,0.031401,-0.019181,266.850756
0.388217,0.050969,-0.113284,48.577601
0.154775,0.056776,-0.022139,257.591896
0.412106,0.003269,-0.122832,27.042044
0.258797,0.039570,-0.055885,167.354821
-0.001998,0.066932,0.009405,385.637535
0.833424,0.007463,-0.498411,-437.406732
-0.007705,0.065610,-0.000478,389.034800
0.017884,0.060480,0.007125,369.956235
0.169982,0.002101,-0.024182,245.189567
0.820920,0.070376,-0.489067,-426.104288
0.046528,0.083401,0.002365,347.015819
0.833042,0.039729,-0.499201,-437.739534
0.208985,0.099904,-0.035221,211.923914
0.126712,0.055788,-0.014779,281.201302
0.276939,0.050747,-0.062858,151.156089
0.090295,0.026168,-0.006291,311.394853
0.152356,0.041725,-0.021477,259.640850
0.292915,0.014165,-0.069279,136.780073
0.056970,0.003733,-0.003695,337.980281
0.214388,0.001752,-0.036912,207.276298
0.073678,0.051722,-0.002807,325.001607
0.094241,0.002612,-0.008572,307.905203
0.833263,0.067927,-0.498812,-437.596069
0.063686,0.078959,-0.000828,333.132879
0.135493,0.068346,-0.017004,273.844577
0.180647,0.081773,-0.029566,235.550918
0.064626,0.048491,-0.001012,332.373496
0.180414,0.017892,-0.029500,235.759821
0.152050,0.038945,-0.021394,259.900493
0.159175,0.098711,-0.021481,254.268364
0.230748,0.086945,-0.045753,192.115311
-0.005062,0.026633,0.004099,387.459892
0.050543,0.033498,0.001637,343.782882
0.822299,0.080176,-0.491018,-427.937090
0.038288,0.098904,-0.001925,352.872147
-0.001759,0.069121,0.009820,385.495802
-0.003866,0.048349,0.006170,386.745989
0.124149,0.087165,-0.014141,283.337845
0.366124,0.067278,-0.102179,69.401814
-0.003921,0.012599,0.000281,386.169287
0.119844,0.079346,-0.013085,286.929664
0.071322,0.047949,-0.002333,326.924224
0.090941,0.001869,-0.008067,310.587671
0.102000,0.019819,-0.008891,301.746867
0.236840,0.002905,-0.044349,187.751756
0.049397,0.037828,0.001846,344.707880
0.446465,0.096552,-0.146083,-7.828739
0.164404,0.010010,-0.024834,249.427164
0.093126,0.056122,-0.006906,309.062126
0.003279,0.002513,0.009277,381.544673
0.202392,0.061352,-0.036298,216.826534
0.053786,0.097310,-0.003358,340.515418
-0.005086,0.065839,0.004057,387.469202
0.165072,0.028953,-0.025023,248.856366
0.141683,0.060023,-0.018616,268.643309
0.098089,0.048682,-0.008007,304.972811
0.822055,0.031552,-0.490667,-427.602634
0.107105,0.042573,-0.010061,297.519314
0.363903,0.079497,-0.101093,71.480900
-0.003356,0.013003,0.001186,385.825594
-0.009870,0.067759,-0.004229,390.337944
-0.008129,0.039942,-0.001214,389.293161
0.113195,0.084871,-0.011487,292.461701
0.180143,0.054504,-0.029417,235.986513
0.209230,0.035127,-0.038508,210.901883
0.818561,0.088505,-0.485752,-422.985292
0.043093,0.021707,0.002969,349.789993
0.098803,0.013869,-0.008169,304.388119
0.206449,0.000376,-0.034443,214.122305
0.136436,0.079291,-0.017247,273.051774
0.010946,0.099385,0.008175,375.462655
0.197530,0.057932,-0.034754,221.031287
0.188614,0.001713,-0.029203,229.392092
0.228055,0.051288,-0.044823,194.480799
-0.002248,0.057486,0.008973,385.786207
0.177589,0.029978,-0.028659,238.176911
0.265746,0.083859,-0.058515,161.160710
-0.001283,0.057294,0.010645,385.216565
0.025807,0.095577,-0.001020,362.768504
0.122714,0.095738,-0.013532,284.583693
0.327945,0.034073,-0.084293,104.848618
0.822318,0.048700,-0.491042,-427.955889
0.092033,0.000878,-0.008232,309.700340
0.344289,0.050444,-0.091751,89.758048
0.089474,0.076201,-0.006110,312.063176
0.101570,0.095993,-0.009745,301.921717
0.028604,0.045878,0.005424,361.408398
0.508807,0.097902,-0.187558,-71.017162
0.174205,0.075992,-0.027659,241.063759
0.398591,0.055781,-0.118696,38.714201
0.021327,0.017010,0.006586,367.220104
0.073058,0.004522,-0.005581,325.055009
0.121458,0.055451,-0.013481,285.587479
0.304272,0.059751,-0.074002,126.482184
-0.003059,0.093526,0.002215,385.692908
0.820775,0.040321,-0.488858,-425.905405
0.181783,0.084756,-0.029907,234.577182
0.163309,0.000540,-0.022496,250.809988
0.073422,0.016776,-0.002757,325.215151
0.817038,0.022185,-0.483616,-420.961603
0.126571,0.020539,-0.014746,281.323980
0.245257,0.016056,-0.050899,179.354771
0.243010,0.046279,-0.050087,181.334415
0.178836,0.100071,-0.026509,237.687691
0.135850,0.003792,-0.016190,273.738417
0.134982,0.056712,-0.016873,274.275039
0.293668,0.058447,-0.069586,136.093027
0.102168,0.069311,-0.008926,301.601463
-0.008661,0.056752,-0.002135,389.610824
0.054945,0.096334,-0.003481,339.587893
0.093392,0.096664,-0.008441,308.582270
0.065482,0.047963,-0.001179,331.677536
0.833907,0.100015,-0.497449,-437.026307
-0.003115,0.068068,0.007472,386.297593
0.285419,0.036740,-0.066233,143.538526
0.097129,0.048171,-0.007792,305.764566
0.285018,0.004719,-0.062569,144.992207
0.226757,0.073311,-0.044376,195.614363
0.009949,0.088550,0.008321,376.254270
-0.007205,0.026224,0.000388,388.740176
0.104092,0.068860,-0.009365,300.010048
0.221186,0.002461,-0.039094,201.390593
0.133506,0.025730,-0.016497,275.517596
0.030564,0.059081,0.005104,359.839106
0.260488,0.013843,-0.056522,165.854079
0.011644,0.030783,0.008066,374.917056
-0.005128,0.044086,0.003985,387.496771
-0.001116,0.045525,0.010934,385.119766
0.013382,0.009553,0.007805,373.540568
0.027865,0.060256,0.005546,361.997647
-0.006098,0.010516,-0.002967,387.526189
0.505732,0.096609,-0.185391,-67.844585
0.157844,0.047368,-0.022988,254.992875
0.403793,0.032870,-0.121458,33.752013
-0.000000,0.100000,-0.000000,383.067143
0.301359,0.073538,-0.072777,129.124953
0.058398,0.045304,0.000181,337.427531
0.027853,0.020687,0.005544,362.011990
0.208923,0.042984,-0.038408,211.167866
0.114733,0.041578,-0.011856,291.189145
0.111013,0.022614,-0.010975,294.281888
-0.002564,0.012156,0.002610,385.360553
-0.005024,0.030374,0.004165,387.436825
0.146463,0.009578,-0.019887,264.622477
-0.009084,0.032191,-0.002868,389.868849
0.091152,0.002422,-0.008099,310.415885
-0.007046,0.073458,0.000663,388.638696
0.081073,0.040268,-0.004327,318.958948
0.823714,0.059565,-0.493025,-429.814221
0.032783,0.056682,0.004736,358.063297
-0.010253,0.031127,-0.004892,390.574035
0.029877,0.039619,0.005215,360.391246
0.253473,0.100017,-0.050287,173.111259
0.227993,0.090274,-0.044800,194.530085
0.226184,0.010816,-0.044182,196.124738
0.088579,0.051495,-0.005918,312.801930
-0.004700,0.045361,0.004726,387.241960
0.017676,0.015834,0.007153,370.127148
0.118939,0.004729,-0.012812,287.705169
-0.000000,-0.000000,-0.000000,383.080720
-0.005667,0.015259,-0.002573,387.230274
0.248682,0.059815,-0.052141,176.321402
-0.004965,0.014742,-0.001457,386.799945
0.209579,0.003056,-0.035408,211.426208
0.050171,0.097745,-0.002993,343.405032
0.138113,0.036638,-0.017684,271.648756
-0.004594,0.040322,0.004909,387.179776
0.257844,0.024056,-0.055529,168.203878
0.104330,0.003157,-0.010206,299.680931
0.243120,0.016983,-0.050128,181.240919
0.128846,0.098464,-0.014744,279.522754
0.310573,0.025343,-0.076684,120.753052
0.241293,0.086358,-0.049470,182.843186
0.314598,0.046598,-0.078417,117.076964
0.233248,0.021168,-0.046627,189.930165
0.055017,0.055380,0.000816,340.164229
0.131161,0.012999,-0.015901,277.483830
0.137613,0.046726,-0.017553,272.067513
0.257259,0.043580,-0.055309,168.720854
-0.008954,0.045582,-0.002642,389.788497
-0.000000,-0.000000,-0.000000,383.080720
0.235037,0.079769,-0.047252,188.350468
0.132825,0.074769,-0.016320,276.081693
0.225547,0.044350,-0.043962,196.678003
-0.004051,0.087592,0.000082,386.239900
0.150118,0.036950,-0.020869,261.533427
0.547916,0.098833,-0.216183,-111.834062
0.819955,0.038461,-0.487704,-424.819467
0.412050,0.099330,-0.122793,27.083753
0.044157,0.032796,0.002782,348.931907
0.243226,0.045139,-0.050165,181.143640
0.816322,0.028832,-0.482620,-420.018785
0.180210,0.004429,-0.026882,236.535985
0.363851,0.071398,-0.101068,71.531123
0.204043,0.099677,-0.033710,216.175586
0.254281,0.048114,-0.054201,171.363259
0.112606,0.080114,-0.011348,292.951102
0.066196,0.064932,-0.001317,331.094854
0.043243,0.096941,-0.002348,348.929836
0.027897,0.014097,0.005537,361.977777
0.009701,0.079707,0.008357,376.451875
0.825067,0.075696,-0.494956,-431.619648
-0.000000,-0.000000,-0.000000,383.080720
0.052019,0.071928,0.001370,342.586108
0.223343,0.024112,-0.043211,198.608398
0.146817,0.035200,-0.019980,264.320303
0.819094,0.071589,-0.486498,-423.686887
0.199180,0.051655,-0.035276,219.606342
0.071086,0.036837,-0.002286,327.117756
0.818834,0.008353,-0.486126,-423.329907
0.198717,0.023748,-0.035130,220.010468
0.148579,0.024389,-0.020454,262.835014
0.050032,0.038602,0.001731,344.195461
-0.001041,0.044002,0.011064,385.076051
0.190366,0.081047,-0.032519,227.204440
0.337230,0.027620,-0.088495,96.292611
-0.003093,0.012095,0.001675,385.672328
0.130643,0.010540,-0.015770,277.918266
0.832913,0.059772,-0.499421,-437.824062
0.411170,0.099645,-0.124598,27.010465
-0.002389,0.091163,0.003174,385.273905
-0.001743,0.088549,0.004206,384.882244
0.821529,0.080989,-0.489929,-426.914860
0.477279,0.096899,-0.165947,-38.769317
0.147956,0.022865,-0.020287,263.360875
0.009544,0.018370,0.008375,376.584411
0.103950,0.002243,-0.010142,299.991826
0.029716,0.045161,0.005242,360.519866
0.057615,0.068106,0.000330,338.058956
0.006168,0.083229,0.008871,379.250107
-0.007246,0.041889,0.000316,388.762961
0.824332,0.036625,-0.493901,-430.631274
0.832821,0.062082,-0.499580,-437.884286
0.052178,0.002732,-0.003194,341.814061
-0.009314,0.048168,-0.003265,390.004958
-0.003704,0.091017,0.000853,386.050785
0.824817,0.053638,-0.494596,-431.282136
-0.002687,0.063664,0.008213,386.044792
0.822408,0.007653,-0.491164,-428.066377
0.242215,0.041640,-0.049802,182.035940
0.204259,0.012618,-0.036899,215.216931
0.226847,0.018972,-0.044409,195.543920
0.071599,0.073446,-0.002387,326.694622
0.291922,0.068307,-0.068870,137.669179
0.378278,0.075361,-0.108218,57.972753
0.237583,0.083534,-0.048150,186.110482
0.131078,0.002289,-0.015197,277.691645
0.106104,0.056692,-0.009829,298.347085
-0.001058,0.089088,0.005593,384.498143
0.220732,0.086407,-0.042323,200.880784
0.369173,0.014741,-0.103679,66.550162
0.013018,0.013158,0.007860,373.829278
0.238249,0.083190,-0.048386,185.524510
0.167440,0.027046,-0.025700,246.840531
0.104029,0.065371,-0.009351,300.062821
0.148260,0.052693,-0.020366,263.100649
0.056498,0.084730,0.000541,338.961469
0.092646,0.046908,-0.006802,309.458475
0.016214,0.084927,0.007382,371.281665
0.019374,0.083175,0.006896,368.767688
0.083665,0.058323,-0.004870,316.833346
0.217024,0.037831,-0.041081,204.121942
0.036192,0.003478,-0.001759,354.550768
0.300530,0.028799,-0.072431,129.884067
0.222613,0.020455,-0.042963,199.246462
-0.001604,0.034740,0.010089,385.409083
0.338542,0.012806,-0.089096,95.082703
0.031945,0.033177,0.004873,358.736940
0.146515,0.066130,-0.019897,264.571132
0.260099,0.096923,-0.052759,167.245812
0.053788,0.013286,0.001040,341.163628
0.101935,0.040346,-0.008875,301.797946
0.148624,0.022410,-0.020466,262.797356
0.138728,0.066647,-0.017842,271.128250
-0.001934,0.004253,0.004732,385.098274
-0.005313,0.049510,0.003665,387.606348
0.193840,0.089821,-0.033596,224.210936
0.165952,0.063078,-0.025272,248.103159
0.030831,0.035422,0.005058,359.628483
0.178185,0.069228,-0.028833,237.660979
0.061352,0.053442,-0.000380,335.031582
0.064649,0.071794,-0.001015,332.351987
0.141580,0.026732,-0.018591,268.734224
0.137542,0.024124,-0.017536,272.129895
0.057461,0.035609,0.000357,338.188113
0.100187,0.080930,-0.008476,303.236798
0.227551,0.033022,-0.044650,194.925054
0.223449,0.002660,-0.039833,199.426063
0.819978,0.072107,-0.487740,-424.856968
0.151482,0.084926,-0.021237,260.373975
0.046803,0.098519,-0.002669,346.093041
0.078034,0.032091,-0.003697,321.446615
-0.002923,0.032158,0.007804,386.188813
-0.001882,0.051403,0.009607,385.571041
0.813603,0.093457,-0.478859,-416.455847
0.163411,0.071258,-0.024549,250.263445
0.309592,0.085497,-0.076262,121.637426
0.097544,0.064950,-0.007884,305.420150
0.832998,0.064905,-0.499273,-437.768791
0.819803,0.086573,-0.487495,-424.627727
0.411864,0.099280,-0.123135,27.084295
0.819631,0.001659,-0.487243,-424.382392
0.208625,0.085431,-0.038308,211.420861
0.221510,0.063806,-0.042588,200.203836
0.010666,0.084715,0.008215,375.686332
0.090177,0.013980,-0.006266,311.493481
-0.008771,0.031954,-0.002325,389.680055
0.059376,0.002303,-0.003952,336.053334
0.093758,0.082556,-0.007043,308.538169
0.184528,0.061670,-0.030736,232.225234
0.401227,0.011776,-0.120092,36.206642
0.161082,0.099940,-0.021946,252.667194
0.089753,0.024456,-0.006173,311.841042
0.084849,0.085176,-0.005119,315.858894
0.246787,0.034626,-0.051452,178.000955
0.254390,0.081798,-0.054240,171.262167
0.340153,0.049118,-0.089836,93.587714
0.296095,0.032812,-0.070587,133.901843
0.133652,0.017322,-0.016535,275.395936
0.227714,0.072895,-0.044704,194.776887
0.833312,0.019659,-0.498735,-437.562438
0.156911,0.030873,-0.022730,255.785921
0.036741,0.082808,0.004071,354.886349
0.242328,0.072306,-0.049841,181.931844
0.022993,0.051997,0.006326,365.887971
-0.005836,0.062941,0.002758,387.916715
0.069802,0.096398,-0.005171,327.665140
0.197964,0.060504,-0.034891,220.655600
0.180421,0.019913,-0.029502,235.753063
-0.001869,0.030612,0.009629,385.566117
-0.001308,0.014270,0.004883,384.626683
0.412937,0.001624,-0.121164,27.096914
0.824214,0.065083,-0.493738,-430.480947
0.295375,0.063777,-0.070289,134.548406
0.203475,0.062922,-0.036644,215.889028
0.216634,0.038131,-0.040951,204.461260
0.214255,0.010059,-0.040162,206.536964
0.268898,0.099366,-0.056127,159.420197
0.833314,0.047999,-0.498729,-437.562727
0.102635,0.027141,-0.009035,301.221362
0.816536,0.072360,-0.482922,-420.309485
-0.010219,0.039008,-0.004833,390.552586
0.072906,0.033373,-0.002652,325.633856
-0.004355,0.039057,0.005324,387.037325
0.350826,0.028825,-0.094818,83.691513
0.148445,0.061664,-0.020416,262.942830
0.034890,0.096826,-0.001658,355.571464
-0.003057,0.061873,0.007571,386.264426
0.818933,0.045034,-0.486269,-423.468531
0.079285,0.024870,-0.003956,320.424768
0.228487,0.014173,-0.044974,194.107547
0.291631,0.033136,-0.068752,137.937336
0.276597,0.086863,-0.062722,151.457349
0.289933,0.011883,-0.068060,139.473538
0.206541,0.051407,-0.037633,213.233443
-0.003053,0.008016,0.002038,385.680709
0.202512,0.075043,-0.036335,216.720855
0.311255,0.071771,-0.076975,120.123746
0.393008,0.063772,-0.115767,44.027938
0.007749,0.013219,0.008637,378.006670
0.063323,0.031231,-0.000761,333.434082
0.005891,0.083019,0.008911,379.469099
0.257908,0.097261,-0.051936,169.187772
0.074330,0.084573,-0.002936,324.465828
0.501826,0.004388,-0.182670,-63.814925
0.040920,0.037929,0.003349,351.535574
0.044569,0.018771,0.002708,348.602595
0.146405,0.016588,-0.019871,264.670731
0.009279,0.055350,0.008417,376.789717
0.032251,0.048493,0.004824,358.490159
-0.003319,0.087274,0.001262,385.794061
0.386727,0.059779,-0.112517,49.988570
0.134062,0.013595,-0.016640,275.052243
0.243498,0.066095,-0.050262,180.900679
0.824034,0.017511,-0.493475,-430.231128
0.825038,0.027675,-0.494909,-431.571091
-0.002981,0.061961,0.007704,386.219124
0.369480,0.038444,-0.103830,66.258660
0.171043,0.099607,-0.024454,244.279746
0.090105,0.095593,-0.007942,311.252555
0.545224,0.097618,-0.214147,-108.995606
-0.005123,0.027744,0.003994,387.496120
0.276468,0.010854,-0.062674,151.584192
-0.007829,0.046163,-0.000693,389.111926
0.819305,0.003171,-0.486785,-423.951211
0.823181,0.033165,-0.492264,-429.099292
0.342903,0.032642,-0.091108,91.044893
0.819129,0.095773,-0.486550,-423.738530
0.062376,0.001218,-0.004285,333.647297
0.245055,0.097504,-0.047236,180.531474
0.069249,0.073038,-0.001918,328.609575
0.100727,0.034844,-0.008601,302.796355
-0.001744,0.012784,0.004121,384.883999
0.012697,0.059306,0.007911,374.078448
0.234294,0.019633,-0.046994,189.011574
0.083128,0.056538,-0.004757,317.273596
0.241826,0.081425,-0.049661,182.373123
0.049560,0.000887,-0.002930,343.906685
0.072428,0.033032,-0.002556,326.023908
0.239351,0.012786,-0.048780,184.564626
0.025721,0.070068,0.005893,363.708954
-0.009922,0.059168,-0.004319,390.370359
0.820688,0.033289,-0.488735,-425.789233
0.032353,0.084897,0.004810,358.403817
0.149480,0.088851,-0.020693,262.065743
0.321023,0.072614,-0.081221,111.196136
0.007974,0.015267,0.008604,377.828117
0.047754,0.056156,0.002143,346.030924
0.096560,0.040119,-0.007666,306.235141
0.084246,0.000067,-0.007084,316.017446
0.506147,0.001997,-0.185696,-68.263321
0.027503,0.047868,0.005603,362.287995
0.100256,0.054719,-0.008493,303.183208
0.244016,0.063019,-0.050448,180.444482
0.019007,0.086445,0.006953,369.059504
0.822756,0.047216,-0.491662,-428.537065
0.821200,0.059529,-0.489461,-426.473676
-0.002447,0.013133,0.002777,385.286626
-0.005864,0.025549,0.002710,387.938304
0.058231,0.082199,0.000215,337.558750
0.360762,0.030142,-0.099569,74.426720
0.293780,0.035846,-0.069633,135.995597
0.145400,0.056059,-0.019600,265.512874
0.267523,0.026490,-0.059198,159.583328
0.817459,0.022351,-0.484203,-421.516584
0.196486,0.034818,-0.034427,221.935570
-0.004277,0.064817,0.005459,386.987739
0.177801,0.029665,-0.028721,237.995659
0.077325,0.099296,-0.006131,321.600216
0.213576,0.034632,-0.039936,207.124413
0.821033,0.093852,-0.489230,-426.259987
0.079840,0.096787,-0.006473,319.568476
0.063632,0.073155,-0.000818,333.177498
-0.007341,0.073214,0.000152,388.815495
0.202701,0.004598,-0.033309,217.341843
0.084721,0.039409,-0.005094,315.970417
0.053880,0.035846,0.001025,341.086071
0.080141,0.002753,-0.006514,319.338156
-0.000792,0.008252,0.006379,384.387030
0.340464,0.082347,-0.089979,93.295011
0.105373,0.013361,-0.009663,298.958012
0.350304,0.050033,-0.094571,84.173285
0.005092,0.012686,0.009020,380.109880
0.008324,0.047164,0.008556,377.547510
-0.009898,0.046822,-0.004277,390.357587
0.833293,0.033450,-0.498766,-437.575294
0.018946,0.041025,0.006959,369.113286
0.199934,0.059619,-0.035514,218.953662
0.056623,0.097454,-0.003654,338.245355
0.102944,0.084791,-0.009101,300.958260
0.815926,0.096623,-0.482076,-419.510998
-0.001273,0.014276,0.004951,384.606556
0.205494,0.088672,-0.037293,214.135686
0.168803,0.015672,-0.026092,245.681429
0.822291,0.095910,-0.491008,-427.928890
0.059623,0.070943,-0.000049,336.431811
0.041941,0.035270,0.003171,350.715277
-0.005106,0.012013,-0.001540,386.901038
0.109187,0.063252,-0.010545,295.791203
0.236901,0.095399,-0.044371,187.684081
0.146699,0.080842,-0.019946,264.414182
0.093315,0.046515,-0.006948,308.907620
0.061934,0.098772,-0.004235,333.988608
0.119909,0.024458,-0.013105,286.882933
0.003956,0.023873,0.009182,381.006443
0.111235,0.023780,-0.011028,294.097372
0.217674,0.097590,-0.037959,204.419520
0.034542,0.075054,0.004443,356.651381
0.372278,0.076182,-0.105215,63.623237
0.107610,0.066424,-0.010177,297.098287
-0.004594,0.091536,-0.000495,386.601094
0.046132,0.038216,0.002432,347.340696
-0.009724,0.050071,-0.003976,390.252085
0.160527,0.034884,-0.023738,252.718062
0.400394,0.012364,-0.119650,37.001555
0.164432,0.033053,-0.024840,249.400479
0.253730,0.014407,-0.053998,171.856558
0.074329,0.065532,-0.002938,324.468792
0.076875,0.089396,-0.003455,322.386586
0.044335,0.043063,0.002751,348.787701
-0.004471,0.027734,0.005122,387.108162
0.045926,0.004548,-0.002594,346.804663
0.084932,0.015230,-0.005141,315.799891
0.180178,0.056852,-0.029428,235.956428
0.364311,0.072592,-0.101292,71.100459
0.056780,0.048370,0.000486,338.738304
-0.010094,0.068489,-0.004616,390.472863
0.076493,0.099153,-0.006021,322.271998
0.044175,0.088376,0.002783,348.910444
-0.008572,0.067565,-0.001981,389.555615
0.824256,0.003220,-0.493789,-430.522933
0.026446,0.023348,0.005772,363.136044
0.076420,0.079481,-0.003363,322.759540
0.118814,0.065396,-0.012836,287.790112
0.298486,0.041715,-0.071578,131.735441
0.492778,0.096837,-0.176407,-54.547414
0.071004,0.098740,-0.005316,326.697437
0.411865,0.002715,-0.123272,27.043575
0.094105,0.019081,-0.007124,308.260961
-0.008025,0.064778,-0.001033,389.227117
0.176638,0.087112,-0.028374,238.982162
0.168651,0.079872,-0.026045,245.802162
-0.004993,0.047341,0.004219,387.416045
-0.005695,0.053696,0.003002,387.833810
0.075946,0.082610,-0.003265,323.146031
0.130292,0.013259,-0.015681,278.211594
0.040264,0.047025,0.003464,352.062164
0.326985,0.036146,-0.083864,105.730700
0.194773,0.014929,-0.033891,223.416247
0.089432,0.020362,-0.006104,312.104789
0.304864,0.044896,-0.074253,125.946678
0.822925,0.026544,-0.491899,-428.756835
-0.001076,0.015157,0.005289,384.489575
0.132116,0.044994,-0.016141,276.679975
0.147717,0.024222,-0.020222,263.562909
0.132178,0.014519,-0.016159,276.632259
0.064490,0.000671,-0.004527,331.950598
0.009407,0.063228,0.008399,376.687045
0.219959,0.069942,-0.042064,201.557895
0.030028,0.097851,-0.001305,359.426205
0.817665,0.082568,-0.484498,-421.800770
0.145762,0.045425,-0.019697,265.209267
0.297974,0.025765,-0.071366,132.200975
0.228516,0.017578,-0.044984,194.081988
0.519907,0.098328,-0.195477,-82.510399
0.047262,0.028194,0.002229,346.430855
-0.005642,0.086452,-0.002452,387.213397
0.063103,0.001755,-0.004369,333.063504
0.003743,0.038494,0.009214,381.172988
-0.002572,0.007035,0.003034,385.412579
0.231396,0.023453,-0.045981,191.556040
0.157523,0.025969,-0.022901,255.267327
-0.007129,0.039477,0.000518,388.693213
-0.003624,0.066053,0.006590,386.599910
-0.000578,0.091880,0.006814,384.256164
0.819340,0.051543,-0.486841,-424.008537
0.048054,0.074122,0.002091,345.787006
0.348196,0.010687,-0.093579,86.138075
0.389317,0.053045,-0.113852,47.533647
0.187455,0.085445,-0.031625,229.707690
0.222145,0.099360,-0.039404,200.543737
-0.001714,0.054615,0.009898,385.471473
0.819899,0.064660,-0.487628,-424.751155
-0.005845,0.097802,-0.001673,387.452772
0.119297,0.020601,-0.012956,287.393972
0.080846,0.011106,-0.004282,319.148715
0.200751,0.032306,-0.035776,218.250241
0.012354,0.097715,-0.000431,373.366399
0.028695,0.000678,-0.001217,360.495046
0.021756,0.024038,0.006519,366.877444
0.021997,0.010756,0.006480,366.687373
0.196235,0.069551,-0.034346,222.147782
0.229361,0.053409,-0.045274,193.336578
0.093570,0.001235,-0.008468,308.451356
0.068887,0.001053,-0.005054,328.415364
-0.008370,0.033494,-0.001631,389.438918
-0.005117,0.010647,-0.001470,386.917435
0.819857,0.023143,-0.487564,-424.686813
0.147041,0.071547,-0.020038,264.127063
0.134035,0.051131,-0.016631,275.070459
0.050587,0.050630,0.001630,343.745130
-0.010177,0.052423,-0.004760,390.525306
0.091644,0.039862,-0.006583,310.283627
0.117484,0.057451,-0.012515,288.898794
0.251390,0.018234,-0.053135,173.929764
0.332443,0.077020,-0.086315,100.701565
0.143351,0.052391,-0.019056,267.240251
-0.005951,0.031035,0.002558,387.989849
0.021270,0.028526,0.006596,367.264564
-0.010139,0.042435,-0.004695,390.503915
-0.000917,0.048196,0.011279,385.002177
-0.001104,0.044620,0.010954,385.113240
-0.001084,0.039777,0.010988,385.102168
0.050949,0.050506,0.001564,343.452837
-0.003110,0.029647,0.007479,386.300316
0.833841,0.095095,-0.497661,-437.129369
0.106030,0.010753,-0.009815,298.413751
0.111432,0.013741,-0.011075,293.934930
-0.004484,0.045316,0.005101,387.113305
-0.002116,0.087025,0.003402,385.085795
0.100373,0.057662,-0.008520,303.086014
0.053280,0.023195,0.001135,341.573184
0.824532,0.092683,-0.494194,-430.909879
0.135713,0.015896,-0.017064,273.666660
0.236123,0.097630,-0.044100,188.364777
0.178727,-0.000099,-0.026480,237.794785
0.133418,0.019376,-0.016475,275.592082
0.205464,0.099039,-0.034142,214.954317
-0.004039,0.070144,0.005872,386.845427
-0.006203,0.093485,-0.002763,387.618494
0.795578,0.003917,-0.450861,-390.724732
-0.005976,0.070407,0.002516,387.999071
0.192112,0.024656,-0.033062,225.709082
0.819982,0.086924,-0.487748,-424.865408
0.176610,0.045970,-0.028368,239.012245
0.049795,0.000962,-0.002953,343.718864
-0.002163,0.092434,0.003751,385.159749
0.059226,0.063206,0.000026,336.754828
0.222610,0.038706,-0.042962,199.246650
0.030451,0.066422,0.005123,359.929190
0.040309,0.002252,-0.002093,351.278793
0.133994,0.014271,-0.016623,275.109456
0.075201,0.002963,-0.005854,323.327932
0.079229,0.095691,-0.006392,320.061566
0.129531,0.097230,-0.014882,278.956751
0.063682,0.002751,-0.004439,332.598361
-0.001398,0.045968,0.010446,385.286006
0.293527,0.095305,-0.066107,137.298514
0.046164,0.000897,-0.002608,346.615946
0.215881,0.096976,-0.037387,205.970757
0.076732,0.066998,-0.003427,322.506070
0.268961,0.017113,-0.059752,158.300513
0.190835,0.036802,-0.032666,226.806379
0.071087,0.099320,-0.005325,326.630540
0.411776,0.004370,-0.123912,26.852227
-0.000434,0.086828,0.006649,384.127671
0.010539,0.052709,0.008231,375.790946
0.035815,0.001622,-0.001729,354.850375
-0.010342,0.066438,-0.005046,390.622977
0.057484,0.022454,0.000352,338.171020
0.817882,0.031641,-0.484795,-422.076667
0.220796,0.032752,-0.042348,200.831874
0.021245,0.089097,0.006605,367.276878
0.036855,0.042883,0.004049,354.800175
-0.001818,0.090580,0.004225,384.942242
-0.000934,0.070039,0.011248,385.009763
0.027427,0.089633,0.005619,362.344186
-0.000921,0.038440,0.011272,385.005908
-0.005623,0.094245,-0.001772,387.269797
0.160095,0.096678,-0.021706,253.496529
-0.000589,0.084558,0.006217,384.201589
0.080429,0.036906,-0.004193,319.486722
0.006929,0.090760,0.008762,378.646767
0.832927,0.068013,-0.499396,-437.815412
-0.009779,0.051215,-0.004071,390.284975
0.820895,0.005157,-0.489024,-426.057984
0.188794,0.095629,-0.029255,229.224344
0.213785,0.010642,-0.040006,206.945795
0.115851,0.043671,-0.012123,290.258728
0.175215,0.075056,-0.027955,240.200879
0.120041,0.083802,-0.013133,286.765071
0.064436,0.082801,-0.000973,332.523093
0.339929,0.056108,-0.089733,93.794049
0.026233,0.043269,0.005808,363.303553
0.105257,-0.000102,-0.010362,298.924366
0.178605,0.090442,-0.028957,237.298752
0.222533,0.078473,-0.042933,199.308541
-0.010156,0.067047,-0.004723,390.510426
0.411393,0.099714,-0.123941,27.108944
0.177217,0.042832,-0.028548,238.492900
0.037743,0.032344,0.003897,354.089232
0.082803,0.082921,-0.004687,317.536499
0.299354,0.028980,-0.071940,130.950647
0.066867,0.086909,-0.001447,330.546102
0.113199,0.080458,-0.011488,292.458662
0.118856,0.016653,-0.012849,287.761719
0.222861,0.002471,-0.039640,199.936913
0.356613,0.070606,-0.097571,78.294784
0.106134,0.057920,-0.009836,298.321695
0.036200,0.081950,0.004163,355.320997
0.197232,0.003457,-0.031684,222.030897
0.054720,0.073960,0.000872,340.402245
-0.009336,0.067243,-0.003304,390.015632
0.129323,0.022565,-0.015436,279.022132
0.092397,0.034726,-0.006748,309.664759
0.091381,0.046894,-0.006525,310.499519
0.009121,0.077746,0.008442,376.911847
0.013891,0.030105,0.007730,373.134152
0.832874,0.027573,-0.499493,-437.848179
0.096745,0.027378,-0.007708,306.084122
0.096223,0.013088,-0.007593,306.516111
0.342052,0.077426,-0.090712,91.825948
0.815636,0.097044,-0.481673,-419.128781
0.049692,0.096600,-0.002949,343.787168
0.227473,0.072075,-0.044622,194.987814
0.197089,0.078255,-0.034614,221.409337
-0.006172,0.071847,0.002176,388.116183
0.178548,0.003032,-0.026433,237.945569
0.118609,0.090289,-0.012785,287.957064
0.067459,0.098681,-0.004881,329.550466
0.075602,0.058584,-0.003197,323.430076
0.282658,0.057499,-0.065125,146.019750
0.156876,0.063128,-0.022719,255.810898
0.353000,0.036340,-0.095847,81.667522
0.111657,0.058489,-0.011125,293.742582
-0.004128,0.052845,0.005717,386.900852
-0.004517,0.011552,-0.000603,386.540420
-0.001569,0.060724,0.010149,385.384877
0.024277,0.027060,0.006120,364.866856
0.123048,0.078713,-0.013869,284.258606
0.820651,0.043673,-0.488684,-425.742291
0.276133,0.052188,-0.062541,151.878067
0.047448,0.099100,-0.002728,345.578580
0.079262,0.018368,-0.003952,320.444210
0.102645,0.057386,-0.009035,301.208855
0.184849,0.004093,-0.028152,232.596012
-0.006352,0.039904,0.001864,388.228085
-0.006564,0.048883,0.001498,388.353383
-0.004541,0.095908,0.000162,386.629120
-0.001619,0.088847,0.004470,384.813760
0.193840,0.021349,-0.033599,224.219684
0.215673,0.002563,-0.037321,206.164806
0.092119,0.078401,-0.006684,309.888129
-0.002331,0.004570,0.003909,385.319000
0.052858,0.003286,-0.003264,341.270073
0.107842,0.098056,-0.010806,296.795811
0.083348,0.055379,-0.004803,317.093508
0.172352,0.054242,-0.027118,242.648999
0.119657,0.016405,-0.013044,287.094555
0.207587,0.040213,-0.037973,212.327567
0.147751,0.048834,-0.020230,263.530466
0.103204,0.046389,-0.009163,300.748103
0.823465,0.095306,-0.492674,-429.489640
0.821596,0.035900,-0.490018,-426.994642
0.090006,0.064549,-0.006226,311.627380
0.037118,0.002982,-0.001832,353.814979
0.222663,0.097531,-0.039575,200.093993
0.015944,0.075533,0.007423,371.496838
0.054593,0.010333,0.000891,340.513325
0.118484,0.004587,-0.012726,288.078983
-0.001343,0.087024,0.004888,384.643956
0.823489,0.043962,-0.492702,-429.510888
0.051220,0.082272,0.001517,343.230240
0.199493,0.000891,-0.032349,220.095313
0.833908,-0.000056,-0.497456,-437.018175
0.350889,0.066302,-0.094846,83.627272
0.331316,0.029319,-0.085807,101.747446
0.348223,0.027268,-0.093591,86.110611
0.220762,0.034165,-0.042336,200.861848
0.013886,0.068519,0.007734,373.133324
0.192997,0.046173,-0.033335,224.943536
0.833907,0.100015,-0.497449,-437.026307
0.411674,0.099767,-0.123418,27.111279
0.060714,0.026473,-0.000260,335.552735
0.114471,0.083735,-0.011791,291.401004
0.222222,0.021201,-0.042831,199.588478
0.027306,0.012660,0.005633,362.450191
0.109707,0.085538,-0.010665,295.357098
0.214837,0.084934,-0.040351,206.020180
0.198629,0.075606,-0.035100,220.078860
0.547818,0.098438,-0.216108,-111.729926
0.193016,0.024725,-0.033342,224.930064
-0.001608,0.085817,0.004309,384.788567
0.095250,0.014503,-0.007377,307.318075
0.059010,0.080016,0.000068,336.927169
0.160928,0.099155,-0.021909,252.796507
0.833231,0.018172,-0.498876,-437.615370
0.318564,0.043904,-0.080143,113.451899
-0.006485,0.034329,0.001634,388.308437
0.122236,0.000077,-0.013440,284.991423
-0.001257,0.093515,0.005689,384.662635
0.162568,0.077160,-0.024310,250.978361
-0.007593,0.034412,-0.000284,388.971752
0.037888,0.010482,0.003870,353.975048
0.174843,0.002081,-0.025447,241.083020
0.150225,0.062346,-0.020897,261.439531
0.038690,0.061160,0.003736,353.324446
0.157667,0.015531,-0.022941,255.146975
0.025030,0.097746,-0.000979,363.382315
0.206356,0.067083,-0.037572,213.391885
0.024062,0.087884,0.006159,365.030488
-0.009506,0.035719,-0.003599,390.122747
0.025803,0.001723,-0.001028,362.784086
0.026038,0.083427,0.005843,363.454208
0.151639,0.063302,-0.021280,260.244460
0.176607,0.012004,-0.028369,239.019174
0.066444,0.055774,-0.001366,330.894944
0.167338,0.026032,-0.025670,246.927816
-0.003535,0.086586,0.000872,385.921386
0.154860,0.056245,-0.022162,257.520163
0.068979,0.064526,-0.001865,328.830478
-0.009859,0.038697,-0.004209,390.335040
0.118178,0.016630,-0.012685,288.325856
0.290213,0.074838,-0.068172,139.211798
0.027025,0.098051,-0.001105,361.804164
-0.003190,0.010212,0.001617,385.742213
0.236429,0.002308,-0.044207,188.111406
0.110967,0.071982,-0.010961,294.313332
0.073266,0.098917,-0.005601,324.875257
0.089024,0.034012,-0.006015,312.438345
0.064871,0.031839,-0.001061,332.176813
-0.005801,0.014747,-0.002757,387.315020
0.273334,0.042112,-0.061446,154.387201
-0.000000,-0.000000,-0.000000,383.080720
0.034712,0.084735,0.004415,356.513963
0.265046,0.063870,-0.058248,161.788050
0.450287,0.004617,-0.148482,-11.621575
0.241514,0.027034,-0.049552,182.656247
-0.005045,0.055496,0.004128,387.445967
0.146600,0.098087,-0.018537,264.786133
-0.002844,0.006743,0.002567,385.574440
-0.001690,0.013873,0.004168,384.846374
0.083313,0.024032,-0.004798,317.126536
0.184565,0.076369,-0.030746,232.191620
0.007712,0.013229,0.008642,378.036275
0.161142,0.000002,-0.021961,252.631257
0.237367,0.047156,-0.048075,186.305609
0.171383,0.040921,-0.026837,243.477595
0.256424,0.099955,-0.051380,170.502086
-0.000000,-0.000000,-0.000000,383.080720
0.051053,0.019778,0.001543,343.372775
0.212570,0.004737,-0.036342,208.845723
0.412137,0.000186,-0.122483,27.159694
0.060888,0.071128,-0.000290,335.406006
0.121662,0.039363,-0.013532,285.420115
0.062623,0.019587,-0.000627,334.004071
0.822318,0.094216,-0.491047,-427.965556
0.251356,0.026033,-0.053122,173.959418
0.088029,0.057647,-0.005799,313.252982
0.267096,0.099552,-0.055428,161.026314
0.307863,0.038479,-0.075525,123.219388
0.161580,0.043213,-0.024034,251.822539
0.233806,0.003441,-0.043306,190.404413
0.083751,0.095840,-0.007017,316.404276
0.293784,0.075033,-0.069633,135.986280
0.023535,0.039740,0.006239,365.456981
0.040129,0.066391,0.003489,352.167775
0.357460,0.016081,-0.097978,77.513116
0.084605,0.051214,-0.005069,316.063392
0.220740,0.087003,-0.042326,200.873758
-0.002314,0.037066,0.008859,385.828080
0.819693,0.090044,-0.487342,-424.483788
-0.000521,0.087918,0.006556,384.184876
0.069329,0.047249,-0.001936,328.547373
0.092989,0.099741,-0.008378,308.909813
0.833071,0.041455,-0.499150,-437.720395
0.047980,0.021587,0.002100,345.852693
0.139829,0.059941,-0.018129,270.203278
0.817032,0.038691,-0.483610,-420.957037
0.092298,0.088559,-0.006723,309.739563
0.412073,0.001064,-0.122675,27.130023
0.030930,0.036018,0.005042,359.549383
0.142226,0.020954,-0.018761,268.191201
0.113831,0.095831,-0.011868,291.888441
-0.005414,0.089080,-0.001945,387.088855
0.430342,0.024945,-0.136068,8.191748
0.053560,0.013732,0.001083,341.347800
0.265464,0.096915,-0.054801,162.479538
0.244124,0.028146,-0.050489,180.353562
-0.005399,0.013685,-0.002083,387.072452
-0.001535,0.089412,0.004679,384.770690
0.025985,0.003257,-0.001035,362.640522
0.192541,0.020514,-0.033195,225.339554
0.823440,0.071356,-0.492637,-429.452294
0.412120,0.014428,-0.125948,25.776849
0.051897,0.098029,-0.003164,342.025493
0.019942,0.076154,0.006807,368.316044
0.146745,0.004429,-0.018571,264.678454
0.237081,0.052889,-0.047974,186.556451
0.833677,0.094378,-0.497952,-437.240747
0.144530,0.053748,-0.019369,266.246363
0.003501,0.081373,0.009252,381.359070
0.021318,0.052566,0.006590,367.222956
0.019071,0.039324,0.006940,369.013982
0.058292,0.025709,0.000200,337.516051
0.156645,0.053104,-0.022655,256.008416
-0.002048,0.040196,0.009319,385.670487
0.833344,0.008010,-0.498554,-437.460909
0.122252,0.011950,-0.013678,284.931315
0.084222,0.070159,-0.004987,316.375392
0.076027,0.066760,-0.003283,323.082650
-0.000000,0.100000,-0.000000,383.067143
0.096608,0.076781,-0.007674,306.190833
0.135016,0.037271,-0.016883,274.249490
0.077573,0.083014,-0.003599,321.817076
0.222594,0.074341,-0.042954,199.256215
-0.004496,0.042448,0.005080,387.120776
-0.003677,0.038206,0.006497,386.635245
0.825812,0.036980,-0.496016,-432.604853
0.822529,0.040171,-0.491339,-428.233721
0.191833,0.069155,-0.032973,225.942675
0.070637,0.089180,-0.002193,327.477096
0.373577,0.036358,-0.105863,62.407905
0.055302,0.089242,0.000765,339.928942
0.196860,0.079735,-0.034542,221.606049
0.183924,0.012419,-0.030556,232.750515
-0.003655,0.027987,0.006537,386.623204
0.143908,0.089567,-0.019202,266.765864
0.114788,0.028609,-0.011870,291.145371
0.260449,0.070005,-0.056505,165.881546
0.343496,0.053836,-0.091382,90.492485
0.817973,0.024613,-0.484921,-422.195079
0.040984,0.003983,-0.002153,350.741207
0.051380,0.076662,0.001488,343.101457
0.051810,0.046061,0.001407,342.758600
0.412187,0.098347,-0.122632,27.047237
-0.007764,0.026835,-0.000581,389.075468
0.182907,0.097470,-0.027616,234.232518
0.236330,0.023790,-0.047710,187.221659
0.189430,0.090318,-0.032230,228.008831
0.030888,0.013526,0.005047,359.585912
-0.005324,0.088656,-0.001835,387.030070
0.261646,0.083169,-0.056956,164.814098
0.214770,0.039123,-0.040331,206.084578
-0.009934,0.064714,-0.004340,390.376949
-0.002829,0.093561,0.002638,385.558592
0.133470,0.042084,-0.016487,275.544946
0.247379,0.054055,-0.051667,177.474331
0.066521,0.064767,-0.001381,330.830844
0.025710,0.016343,0.005890,363.724280
0.202913,0.022284,-0.036466,216.381591
0.833293,0.007487,-0.498642,-437.494368
0.197909,0.080313,-0.034872,220.700393
-0.006342,0.030712,0.001883,388.222973
0.118918,0.026568,-0.012864,287.708148
0.025502,0.049631,0.005926,363.886317
0.075937,0.002710,-0.005950,322.733977
0.125126,0.095970,-0.014002,282.595449
0.216367,0.079944,-0.040860,204.687842
0.143135,0.056203,-0.018999,267.421149
0.278348,0.036037,-0.063414,149.894033
0.051235,0.054216,0.001512,343.221443
0.294763,0.012259,-0.070038,135.109910
0.256595,0.077326,-0.055060,169.305338
0.187356,0.014674,-0.031599,229.802562
-0.003345,0.087597,0.001232,385.811298
0.072097,0.071834,-0.002486,326.289093
0.307075,0.023167,-0.075191,123.938454
0.269826,0.019588,-0.060085,157.527703
0.214229,0.000028,-0.036861,207.414329
0.821610,0.068259,-0.490041,-427.019555
0.136572,0.000336,-0.016342,273.139931
0.122700,0.052188,-0.013785,284.552538
0.382834,0.080552,-0.110526,53.670115
0.152864,0.015017,-0.021617,259.215069
0.031011,0.004427,-0.001370,358.661089
0.287434,0.024762,-0.067046,141.724946
0.435342,0.051577,-0.138917,3.332234
0.004641,0.002557,0.009083,380.467826
-0.006574,0.069962,0.001481,388.356512
0.833712,0.094560,-0.497891,-437.217363
0.246758,0.017389,-0.051443,178.028370
0.255510,0.020423,-0.054659,170.276559
0.079851,0.099114,-0.006472,319.559239
0.215285,0.019167,-0.040503,205.638897
0.154034,0.044438,-0.021936,258.220365
0.224942,0.024305,-0.043756,197.209892
0.818683,0.062785,-0.485920,-423.141000
-0.003235,0.093064,0.001844,385.790353
0.093610,0.053511,-0.007013,308.663506
0.138938,0.059477,-0.017897,270.952225
0.055467,0.031376,0.000730,339.802969
0.335874,0.079580,-0.087873,97.537543
0.180671,0.083264,-0.029573,235.530472
0.051687,0.024430,0.001428,342.860058
0.109488,0.048415,-0.010616,295.543413
0.191940,0.079514,-0.033006,225.849740
0.155644,0.051673,-0.022379,256.856589
0.098431,0.057825,-0.008083,304.689752
0.348940,0.046960,-0.093928,85.441533
0.171007,0.033543,-0.026728,243.799310
0.329412,0.059251,-0.084950,103.495700
0.039331,0.030826,0.003624,352.813651
0.380083,0.024724,-0.109131,56.276900
0.200321,0.069759,-0.035637,218.617357
0.154355,0.023778,-0.022026,257.951615
0.213544,0.056391,-0.039924,207.149496
0.030550,0.065646,0.005107,359.849515
0.295971,0.025754,-0.070536,134.014675
0.065913,0.025890,-0.001264,331.330247
0.326301,0.068081,-0.083558,106.354567
-0.000000,0.100000,-0.000000,383.067143
0.066802,0.000690,-0.004800,330.092904
0.085094,0.081261,-0.005171,315.659155
0.155159,0.025718,-0.022247,257.270723
0.209941,0.001775,-0.035519,211.114672
0.236458,0.074032,-0.047753,187.101996
0.309652,0.041887,-0.076289,121.589216
0.207096,0.014987,-0.037815,212.757224
0.073393,0.083252,-0.002747,325.230830
0.294677,0.047748,-0.070001,135.182670
0.117998,0.073927,-0.012638,288.468061
0.029353,0.059818,0.005303,360.807858
0.102510,0.076448,-0.009003,301.318008
0.319688,0.049077,-0.080635,112.422327
0.119164,0.099350,-0.012855,287.505854
0.833559,0.092085,-0.498164,-437.321992
0.833745,0.093873,-0.497834,-437.195965
0.205870,0.014338,-0.037418,213.820589
0.331021,0.044871,-0.085674,102.016295
0.386677,0.010251,-0.112493,50.043727
0.004210,0.090050,0.009152,380.797778
0.090633,0.084639,-0.006360,311.109273
0.209897,0.097226,-0.035506,211.137838
0.102596,0.060418,-0.009024,301.248693
0.057145,0.055377,0.000418,338.441383
0.141885,0.095594,-0.017489,268.712676
0.286892,0.026633,-0.066827,142.212943
-0.002833,0.089461,0.002220,385.517365
-0.002832,0.030013,0.007961,386.135398
0.021545,0.064525,0.006556,367.040447
0.092709,0.071110,-0.006814,309.403495
0.231861,0.031751,-0.046143,191.146940
0.061821,0.041768,-0.000471,334.652272
0.020613,0.048104,0.006700,367.785072
0.271819,0.003921,-0.057270,156.827663
-0.005553,0.084417,-0.002409,387.149039
0.046757,0.033446,0.002320,346.837271
-0.003629,0.086324,0.000707,385.977258
0.820039,0.010572,-0.487819,-424.925139
-0.007124,0.055269,0.000527,388.688012
0.245647,0.074862,-0.051037,179.002312
0.183935,0.073073,-0.030556,232.732699
0.126272,0.001065,-0.014229,281.663581
-0.004233,0.093249,0.000243,386.397623
0.145944,0.097771,-0.018390,265.332875
-0.002899,0.031392,0.007845,386.175049
0.055601,0.076601,0.000708,339.689073
0.079815,0.097322,-0.006469,319.587982
-0.001872,0.010306,0.004041,384.975314
0.042372,0.003079,-0.002272,349.636735
0.068915,0.054405,-0.001853,328.883924
0.196588,0.003355,-0.031495,222.581851
-0.006490,0.066246,0.001626,388.306657
0.053253,0.026894,0.001140,341.594471
0.273346,0.041851,-0.061450,154.376290
0.054994,0.045904,0.000819,340.184198
-0.008444,0.059421,-0.001759,389.479752
0.190374,0.031208,-0.032524,227.204697
-0.000000,0.100000,-0.000000,383.067143
0.004414,0.099539,0.009123,380.634798
0.122446,0.036987,-0.013724,284.766361
0.231618,0.057758,-0.046057,191.356388
0.407110,0.069798,-0.123236,30.572382
0.220848,0.025996,-0.042366,200.787549
0.005552,0.034610,0.008956,379.743051
0.345613,0.004752,-0.089864,89.426241
0.367206,0.038789,-0.102711,68.391623
0.387129,0.057193,-0.112724,49.608231
0.035096,0.054704,0.004348,356.209966
0.064888,0.087961,-0.001060,332.155446
0.063654,0.089235,-0.000820,333.158163
0.036380,0.060916,0.004131,355.179093
0.120077,0.064256,-0.013143,286.737540
0.434793,0.085794,-0.138602,3.860545
0.463165,0.096482,-0.156695,-24.526797
0.099055,0.097728,-0.009335,303.971991
-0.003766,0.044187,0.006343,386.687255
0.072796,0.042997,-0.002629,325.722667
0.171618,0.071231,-0.026904,243.273024
-0.003610,0.070985,0.006614,386.590961
-0.000633,0.089332,0.006450,384.260473
0.162880,0.034720,-0.024401,250.719220
0.020100,0.025852,0.006779,368.196893
0.146066,0.099406,-0.018417,265.230694
0.073161,0.026782,-0.002704,325.426965
0.065488,0.004496,-0.004653,331.147018
0.821791,0.006131,-0.490289,-427.246335
0.217295,0.028692,-0.041172,203.887067
0.069730,0.074076,-0.002013,328.217680
0.120439,0.063368,-0.013231,286.436249
0.092653,0.064972,-0.006802,309.449821
0.184195,0.085765,-0.030634,232.507499
0.818208,0.082449,-0.485258,-422.518500
0.833338,0.007311,-0.498563,-437.464511
0.833119,0.075037,-0.499061,-437.690241
0.019140,0.072838,0.006931,368.954910
0.040978,0.097098,-0.002151,350.732860
0.824493,0.046810,-0.494132,-430.847887
0.159560,0.083008,-0.023465,253.531986
0.833114,0.037929,-0.499077,-437.692537
-0.004996,0.074001,0.004214,387.414150
0.016683,0.069875,0.007310,370.910512
0.382282,0.042075,-0.110246,54.197170
0.141710,0.019563,-0.018625,268.625719
-0.009077,0.063161,-0.002855,389.860044
0.043952,0.049312,0.002820,349.095584
-0.002894,0.088453,0.002050,385.547486
0.278092,0.062960,-0.063311,150.120243
-0.002251,0.010457,0.003299,385.190745
-0.006570,0.060884,0.001487,388.355480
0.037844,0.000594,-0.001889,353.238576
0.276170,0.019692,-0.062557,151.849573
-0.008238,0.059209,-0.001402,389.355900
0.484356,0.099090,-0.170688,-45.958080
0.088549,0.042434,-0.005912,312.827535
0.024699,0.072803,0.006057,364.524654
0.052325,0.097881,-0.003207,341.683424
0.411485,0.098149,-0.124482,26.823623
0.412445,0.001640,-0.122046,27.106971
0.044447,0.048487,0.002732,348.696853
0.079795,0.075390,-0.004059,320.000472
-0.001542,0.057295,0.010196,385.369314
0.103085,0.057647,-0.009135,300.844916
0.213450,0.001728,-0.036616,208.086847
-0.001852,0.093569,0.004524,384.999831
0.142041,0.037265,-0.018711,268.345211
-0.001746,0.055637,0.009843,385.489817
0.030496,0.014339,0.005112,359.899056
-0.000999,0.006468,0.006197,384.528176
0.039687,0.063861,0.003565,352.523729
0.040535,0.099801,-0.002110,351.085636
0.105354,0.049331,-0.009656,298.968432
0.216299,0.023815,-0.040840,204.755418
0.140544,0.097513,-0.017196,269.827221
0.149508,0.021690,-0.020705,262.050811
0.196617,0.057241,-0.034467,221.819267
0.017951,0.036638,0.007112,369.905658
-0.004820,0.045731,0.004518,387.313262
0.832755,0.069716,-0.499692,-437.927160
0.366048,0.047919,-0.102142,69.476851
0.266004,0.039703,-0.058615,160.937412
0.818322,0.042521,-0.485412,-422.659918
0.200565,0.076762,-0.035714,218.405420
0.041925,0.065818,0.003176,350.724404
0.326044,0.075794,-0.083443,106.589523
0.833036,0.032030,-0.499212,-437.742797
0.034888,0.084932,0.004385,356.372637
-0.000000,0.100000,-0.000000,383.067143
0.358646,0.065806,-0.098547,76.398488
0.819622,0.094748,-0.487242,-424.390355
-0.005093,0.014912,-0.001663,386.877863
0.089217,0.012236,-0.006058,312.282966
0.119803,0.014559,-0.013080,286.972612
0.237395,0.058335,-0.048084,186.279832
0.065826,0.064604,-0.001245,331.395635
-0.002621,0.028053,0.008327,386.010777
-0.005050,0.011708,-0.001436,386.868766
0.150799,0.001459,-0.019497,261.295281
0.229650,0.082533,-0.045372,193.078918
0.335828,0.063805,-0.087853,97.582251
0.832880,0.064951,-0.499477,-437.845588
0.314582,0.016032,-0.078412,117.095915
0.265382,0.064739,-0.058377,161.488076
0.832833,0.078332,-0.499556,-437.876898
0.229603,0.001544,-0.041878,194.072023
-0.004952,0.092438,-0.000955,386.832517
0.195432,0.010602,-0.034097,222.848355
0.085027,0.027049,-0.005160,315.720852
-0.009403,0.040456,-0.003419,390.059610
0.161629,0.040862,-0.024047,251.781814
0.369479,0.032232,-0.103830,66.260404
0.087536,0.013317,-0.005697,313.663264
0.045610,0.029375,0.002524,347.762243
0.167286,0.053496,-0.025654,246.968187
0.208885,0.073335,-0.038394,211.196591
0.075202,0.059467,-0.003115,323.756755
0.008076,0.047272,0.008592,377.743793
0.053335,0.030063,0.001125,341.528139
0.833235,0.027622,-0.498868,-437.613176
-0.002924,0.058270,0.007803,386.185763
0.308401,0.036300,-0.075755,122.729798
0.177317,0.099634,-0.026102,238.974125
0.273908,0.023189,-0.061670,153.876054
0.232943,0.056329,-0.046519,190.193527
0.329380,0.069847,-0.084935,103.523289
-0.009091,0.038872,-0.002880,389.871963
0.290571,0.022590,-0.068320,138.895678
-0.005665,0.032339,0.003055,387.818599
-0.006896,0.037452,0.000922,388.553788
-0.010332,0.035618,-0.005030,390.621601
-0.002924,0.088377,0.001993,385.564632
0.182445,0.084926,-0.030106,234.009626
0.142833,0.031022,-0.018921,267.679469
0.070784,0.096494,-0.005293,326.874586
0.147181,0.099899,-0.018669,264.301156
0.251204,0.028607,-0.053066,174.093089
-0.000957,0.029954,0.011209,385.028566
0.816688,0.064381,-0.483133,-420.508318
-0.001302,0.003508,0.006044,384.747329
0.041574,0.057037,0.003237,351.007289
0.129130,0.087181,-0.015383,279.174737
0.832694,0.049338,-0.499801,-437.966320
0.283473,0.077119,-0.065450,145.284155
0.816118,0.048891,-0.482337,-419.753613
0.325410,0.055629,-0.083162,107.174081
0.283239,0.063615,-0.065357,145.496723
0.329028,0.021201,-0.084779,103.854332
0.412217,0.098426,-0.122569,27.050037
0.004319,0.078760,0.009135,380.712710
0.113684,0.036037,-0.011606,292.061804
-0.001488,0.038987,0.010290,385.339874
0.101500,0.063542,-0.008774,302.154688
0.010095,0.028890,0.008295,376.146347
-0.009092,0.057441,-0.002882,389.870248
0.038255,0.019493,0.003808,353.679719
0.114346,0.058056,-0.011763,291.508218
0.274298,0.054799,-0.061822,153.522026
0.121836,0.034803,-0.013575,285.275506
0.085598,0.045327,-0.005280,315.250165
0.085099,0.071080,-0.005173,315.655587
0.295127,0.061463,-0.070186,134.773574
0.820325,0.010842,-0.488221,-425.303464
0.222043,0.016659,-0.042770,199.745453
0.082342,0.096540,-0.006819,317.544679
0.818570,0.001362,-0.485754,-422.978990
0.044332,0.009713,0.002750,348.794484
0.824149,0.007147,-0.493637,-430.381352
0.211746,0.060120,-0.039331,208.712526
0.147978,0.036925,-0.020291,263.340799
0.832876,0.059728,-0.499484,-437.847995
0.081120,0.073224,-0.004335,318.916139
0.230249,0.087837,-0.045580,192.552712
0.170340,0.013642,-0.026536,244.371429
-0.003342,0.068101,0.007079,386.432151
0.364734,0.023253,-0.101500,70.711301
0.084858,0.086189,-0.005120,315.851390
0.154389,0.056758,-0.022033,257.919032
0.030309,0.090073,0.005148,360.039282
0.280524,0.040871,-0.064276,147.939784
0.318162,0.083462,-0.079966,113.813782
0.203346,0.060592,-0.036603,216.001111
0.232071,0.054579,-0.046215,190.959107
0.036796,0.000148,-0.001806,354.071685
0.053114,0.077009,0.001170,341.700803
0.106000,0.063891,-0.009804,298.432195
-0.002715,0.066794,0.008163,386.061464
-0.003295,0.050967,0.007159,386.406826
0.825674,0.020454,-0.495817,-432.417590
0.060801,0.049134,-0.000275,335.479318
0.002585,0.096309,0.009382,382.081201
0.154537,0.041378,-0.022074,257.795788
0.082859,0.058831,-0.004700,317.493956
0.098070,0.098929,-0.009176,304.774600
0.080442,0.095978,-0.006557,319.081685
0.031891,0.097161,-0.001435,357.950756
0.253059,0.074973,-0.053748,172.442980
0.236488,0.033926,-0.047765,187.081491
0.045568,0.047438,0.002533,347.794274
0.275043,0.029918,-0.062114,152.858040
0.309896,0.055714,-0.076393,121.365464
0.228925,0.057706,-0.045123,193.717721
0.262863,0.098638,-0.053805,164.791924
-0.005744,0.011451,-0.002487,387.299694
0.077246,0.063177,-0.003533,322.086425
0.298760,0.052957,-0.071692,131.485219
0.227594,0.010697,-0.044666,194.890815
0.205382,0.065153,-0.037258,214.236526
0.205101,0.019514,-0.037169,214.486497
0.254636,0.021527,-0.054334,171.052316
0.028350,0.014813,0.005463,361.615339
0.106817,0.098464,-0.010629,297.633993
0.122797,0.066077,-0.013808,284.469835
0.134839,0.029863,-0.016838,274.398833
0.825656,0.078879,-0.495798,-432.405614
-0.007757,0.066598,-0.000570,389.066220
0.047586,0.047395,0.002173,346.167632
-0.005910,0.011169,-0.002723,387.404587
0.103998,0.069408,-0.009343,300.088193
0.366355,0.076312,-0.102292,69.184382
-0.001679,0.044530,0.009959,385.452025
-0.003086,0.053351,0.007522,386.282503
0.290193,0.089500,-0.068163,139.227090
0.824507,0.064855,-0.494155,-430.870843
0.127913,0.033153,-0.015081,280.200364
0.098291,0.063669,-0.008051,304.804117
0.017015,0.026755,0.007255,370.651742
0.272745,0.033775,-0.061217,154.915046
0.412178,0.099354,-0.122562,27.081633
0.200030,0.001486,-0.032509,219.634677
-0.004548,0.029355,0.004989,387.153649
0.278111,0.039450,-0.063320,150.106569
-0.002421,0.071277,0.008673,385.886759
-0.002127,0.060252,0.009182,385.714544
0.232566,0.013091,-0.046390,190.530251
0.833365,0.094272,-0.498505,-437.450959
0.356820,0.072345,-0.097670,78.101647
0.246391,0.057310,-0.051307,178.347634
0.833047,0.071738,-0.499187,-437.737157
0.015207,0.021493,0.007530,372.089405
0.824092,0.083200,-0.493565,-430.321523
0.258747,0.097995,-0.052250,168.443945
0.046971,0.070839,0.002285,346.660093
-0.009985,0.031047,-0.004429,390.412502
0.026023,0.021325,0.005840,363.473698
0.137847,0.016312,-0.017616,271.875187
0.190191,0.062567,-0.032466,227.357950
0.240515,0.050580,-0.049194,183.533627
0.818696,0.002969,-0.485932,-423.146438
-0.003096,0.089182,0.001739,385.671519
0.130130,0.056889,-0.015637,278.341787
-0.006196,0.007334,-0.002839,387.616661
0.823483,0.065519,-0.492697,-429.508299
-0.007519,0.047148,-0.000157,388.925821
0.273381,0.071816,-0.061463,154.340330
0.114434,0.097697,-0.011978,291.392978
0.076175,0.054250,-0.003314,322.963058
0.126007,0.083945,-0.014602,281.786323
0.152662,0.034649,-0.021561,259.383406
0.079023,0.016515,-0.003903,320.639511
0.018301,0.013344,0.007057,369.630349
0.051273,0.057388,0.001506,343.190916
0.359954,0.085766,-0.099177,75.173290
0.377159,0.052965,-0.107655,59.031329
0.003610,0.050153,0.009234,381.276630
0.446311,0.001561,-0.145998,-7.665649
0.140940,0.027842,-0.018423,269.272697
0.190829,0.001963,-0.029831,227.503588
0.108764,0.066473,-0.010446,296.141322
0.265177,0.039162,-0.058299,161.674515
0.155101,0.050199,-0.022229,257.317007
0.412145,0.002615,-0.125208,26.058121
0.072069,0.084657,-0.002480,326.310135
0.094675,0.028430,-0.007249,307.789966
0.005936,0.098857,0.008906,379.431170
-0.003377,0.032642,0.007018,386.457652
0.226467,0.043033,-0.044277,195.872828
0.037234,0.030519,0.003983,354.498097
0.076855,0.052239,-0.003453,322.407953
-0.004958,0.092298,-0.000978,386.834510
0.044795,0.057921,0.002671,348.415249
0.046791,0.071230,0.002317,346.805668
-0.000000,0.100000,-0.000000,383.067143
-0.001025,0.029966,0.011092,385.068315
0.327529,0.053054,-0.084106,105.228328
0.063510,0.018837,-0.000798,333.284346
0.825663,0.092557,-0.495810,-432.418229
0.233425,0.098477,-0.043173,190.723521
0.189891,0.004431,-0.029566,228.302392
0.159106,0.068261,-0.023339,253.919195
0.011716,0.017667,0.008054,374.862357
0.156798,0.096192,-0.020909,256.261503
0.184077,0.099750,-0.027936,233.238745
0.181741,0.074054,-0.029895,234.614499
0.009096,0.070353,0.008445,376.932348
0.344659,0.037024,-0.091924,89.416946
0.031779,0.097854,-0.001428,358.039213
-0.005382,0.026224,0.003545,387.650512
0.001412,0.093923,0.009547,383.007928
0.085237,0.029938,-0.005205,315.548036
0.085839,0.003429,-0.007315,314.726139
0.199549,0.042983,-0.035393,219.288930
0.106249,0.081397,-0.009861,298.223444
0.095421,0.002838,-0.008756,306.945007
0.138619,0.042344,-0.017815,271.222946
0.205272,0.040866,-0.037223,214.335411
0.102651,0.097809,-0.009924,301.039100
-0.007712,0.067786,-0.000490,389.038629
0.151181,0.089125,-0.021154,260.627803
0.240253,0.028051,-0.049101,183.767225
0.042609,0.082685,0.003058,350.171521
0.126751,0.088796,-0.014787,281.164590
0.333396,0.020891,-0.086748,99.831986
0.048686,0.038623,0.001974,345.281675
0.042097,0.097480,-0.002247,349.842530
-0.003821,0.073298,0.006248,386.716040
0.412356,0.002342,-0.122262,27.086119
0.833825,0.006762,-0.497705,-437.138186
0.087502,0.054759,-0.005686,313.686341
0.124190,0.034236,-0.014154,283.310895
0.065784,0.012225,-0.001240,331.437305
0.045196,0.001340,-0.002521,347.387650
0.051779,0.003652,-0.003156,342.132720
0.193822,0.027035,-0.033593,224.234568
0.280155,0.062014,-0.064128,148.268333
0.138707,0.044971,-0.017838,271.148483
0.164974,0.015559,-0.024996,248.941088
0.063663,0.019508,-0.000827,333.159461
0.020499,0.016333,0.006716,367.879969
0.152661,0.037275,-0.021561,259.383763
0.073686,0.046732,-0.002809,324.996175
0.138835,0.050642,-0.017871,271.040467
0.048167,0.078091,0.002071,345.695018
0.196708,-0.000042,-0.031528,222.480825
0.147889,0.004452,-0.018830,263.723944
-0.001277,0.041946,0.010655,385.215355
0.254294,0.010526,-0.054207,171.357030
0.824581,0.077695,-0.494262,-430.972536
0.078834,0.013823,-0.003864,320.794529
0.227869,0.077220,-0.044758,194.639996
-0.001790,0.090772,0.004299,384.928130
0.086399,0.041374,-0.005451,314.592950
0.149613,0.083678,-0.020730,261.953920
0.817084,0.007472,-0.483679,-421.018890
0.041420,0.001511,-0.002187,350.395233
0.048774,0.033593,0.001958,345.211033
0.215877,0.010227,-0.040700,205.124851
0.197544,0.039042,-0.034759,221.021527
-0.005616,0.066778,0.003139,387.785042
0.150435,0.010891,-0.020957,261.268872
0.005999,0.028177,0.008891,379.390767
0.244215,0.050378,-0.050521,180.270278
0.148104,0.028026,-0.020326,263.235443
0.077837,0.015537,-0.003658,321.609899
-0.000967,0.084863,0.005501,384.418101
0.469213,0.099312,-0.160633,-30.617387
0.033148,0.060506,0.004675,357.769975
0.411651,0.097649,-0.124723,26.603826
0.026818,0.036169,0.005713,362.837045
0.038872,0.098974,-0.001973,352.408119
0.127371,0.072698,-0.014943,280.647974
0.120363,0.004608,-0.013081,286.533206
0.146410,0.014090,-0.019872,264.666751
0.062451,0.001006,-0.004293,333.587537
0.337613,0.057150,-0.088669,95.934393
0.036208,0.001658,-0.001760,354.538234
0.222030,0.029943,-0.042765,199.754577
0.044336,0.075660,0.002754,348.782567
0.047349,0.024749,0.002214,346.361484
0.335777,0.068351,-0.087830,97.628404
0.165672,0.027600,-0.025194,248.345682
0.816698,0.054626,-0.483146,-420.519767
0.143256,0.002975,-0.017791,267.585400
0.093179,0.004545,-0.008409,308.768528
-0.000000,-0.000000,-0.000000,383.080720
0.832667,0.050283,-0.499848,-437.984031
0.077636,0.073085,-0.003613,321.766657
0.823006,0.062657,-0.492018,-428.872438
0.092190,0.019666,-0.006704,309.836914
0.012355,0.009293,0.007958,374.356103
0.134518,0.040293,-0.016755,274.666177
0.063623,0.031050,-0.000819,333.190732
-0.004410,0.053335,0.005228,387.068414
0.069256,0.063462,-0.001920,328.605160
0.215794,0.031778,-0.040671,205.194287
-0.004732,0.005745,-0.000397,386.731391
0.243260,0.069345,-0.050176,181.110620
0.124548,0.075980,-0.014240,283.006909
0.099290,0.049623,-0.008276,303.981381
0.202126,0.097841,-0.033134,217.822316
-0.009087,0.043679,-0.002872,389.868798
0.176346,0.083732,-0.028288,239.233027
0.296655,0.081801,-0.070817,133.387828
0.090565,0.072157,-0.006346,311.167076
0.081363,0.057374,-0.004387,318.719288
0.817976,0.025323,-0.484925,-422.198948
0.119144,0.088275,-0.012915,287.511919
0.163243,0.084350,-0.024500,250.404154
0.818783,0.061801,-0.486060,-423.273118
0.192364,0.004061,-0.030271,226.192216
0.132966,0.053803,-0.016357,275.966520
0.212220,0.048359,-0.039488,208.302325
0.004175,0.047356,0.009153,380.830687
0.035345,0.018533,0.004303,356.014675
0.033104,0.011890,0.004679,357.811549
0.411666,0.097369,-0.123888,26.928203
0.017112,0.034581,0.007241,370.573681
0.122612,0.010922,-0.013766,284.631541
0.193080,0.003195,-0.030477,225.580998
0.317392,0.078633,-0.079630,114.518915
-0.000505,0.012186,0.006579,384.185458
-0.000000,-0.000000,-0.000000,383.080720
0.261661,0.049015,-0.056964,164.805349
-0.009638,0.050600,-0.003827,390.200202
-0.005718,0.086780,-0.002553,387.262590
0.268860,0.098781,-0.056112,159.454464
0.833098,0.033251,-0.499105,-437.702599
0.240313,0.034339,-0.049122,183.713389
0.398211,0.072591,-0.118495,39.074255
0.163682,0.035193,-0.024628,250.037387
-0.006260,0.042849,0.002025,388.172336
0.051559,0.085902,0.001456,342.956276
0.038555,0.061480,0.003760,353.433398
0.239432,0.001854,-0.045250,185.482188
0.181106,0.089921,-0.029703,235.156812
-0.002689,0.012866,0.002349,385.429830
0.041915,0.012650,0.003174,350.739224
0.156523,0.066160,-0.022621,256.109690
0.108802,0.030822,-0.010457,296.114669
0.822496,0.046664,-0.491292,-428.190825
0.101553,0.021952,-0.008789,302.115984
0.820775,0.009220,-0.488855,-425.900011
0.069398,0.063614,-0.001948,328.489201
0.220910,0.086497,-0.042384,200.724782
0.046098,0.071731,0.002441,347.363770
0.188110,0.050875,-0.031827,229.149782
0.041118,0.064030,0.003317,351.373035
0.348914,0.072681,-0.093915,85.461817
0.116997,0.001387,-0.012449,289.302431
0.111582,0.098096,-0.011464,293.732907
0.192048,0.052296,-0.033041,225.759652
0.818371,0.073727,-0.485484,-422.731194
0.108287,0.023606,-0.010337,296.542206
0.043612,0.077331,0.002882,349.365659
0.132792,0.011018,-0.016315,276.117942
0.179543,0.013383,-0.029241,236.505927
-0.000000,0.100000,-0.000000,383.067143
0.180719,0.024163,-0.029591,235.497077
0.006569,0.058823,0.008811,378.935060
0.096786,0.016665,-0.007718,306.051348
0.125079,0.081096,-0.014371,282.562366
0.092207,0.055660,-0.006705,309.818247
0.833348,0.095287,-0.498533,-437.461713
0.108361,0.065241,-0.010352,296.475650
-0.000000,-0.000000,-0.000000,383.080720
0.135119,0.062086,-0.016908,274.159324
-0.005052,0.092812,-0.001065,386.898161
0.118031,0.079013,-0.012646,288.440408
0.833211,0.031767,-0.498908,-437.628676
0.076843,0.073155,-0.003450,322.414437
0.023051,0.039826,0.006316,365.843081
0.095549,0.030376,-0.007442,307.069700
0.241041,0.080866,-0.049380,183.066033
-0.005668,0.090825,-0.002200,387.260220
0.008110,0.072970,0.008589,377.713787
0.030073,0.022738,0.005182,360.236617
-0.004124,0.008693,0.000211,386.320701
0.263611,0.004178,-0.054093,164.140708
0.070518,0.062321,-0.002171,327.577519
0.188603,0.062526,-0.031978,228.723978
0.099805,0.061328,-0.008391,303.554875
0.833322,0.078677,-0.498709,-437.558131
0.050799,0.024488,0.001590,343.577819
0.282870,0.096875,-0.061690,146.910560
0.134173,0.084527,-0.016664,274.949777
0.019396,0.083757,0.006893,368.750136
0.246660,0.002653,-0.047812,179.133469
0.059956,0.060305,-0.000113,336.162943
-0.007434,0.037261,-0.000010,388.876364
-0.000000,-0.000000,-0.000000,383.080720
0.813650,0.006106,-0.478913,-416.498581
0.021163,0.080342,0.006617,367.343041
-0.003559,0.091037,0.001092,385.962657
0.037420,0.046045,0.003953,354.346766
0.112824,0.046009,-0.011402,292.775055
0.150866,0.035253,-0.021072,260.901851
0.136056,0.082913,-0.017148,273.369765
0.108023,0.055106,-0.010274,296.757238
0.822832,0.076904,-0.491773,-428.644330
0.071202,0.095403,-0.005347,326.537617
0.833813,0.006659,-0.497725,-437.145848
0.338111,0.030945,-0.088898,95.478836
0.108443,0.023925,-0.010374,296.412949
0.057130,0.079208,0.000422,338.450738
0.020321,0.038665,0.006745,368.019151
0.320533,0.082928,-0.081005,111.642852
0.266711,0.009763,-0.058887,160.310627
0.492803,0.096430,-0.176424,-54.572463
0.178733,0.077174,-0.028996,237.191057
0.080273,0.040319,-0.004160,319.613735
0.162924,0.056308,-0.024412,250.678791
0.022851,0.013741,0.006346,366.005976
0.833364,0.027722,-0.498644,-437.528792
0.502722,0.098095,-0.183286,-64.746800
0.255851,0.080415,-0.054783,169.965531
0.021791,0.037982,0.006515,366.847885
0.178909,0.016957,-0.029051,237.048905
0.280838,0.056056,-0.064400,147.655966
0.157991,0.022445,-0.023031,254.871767
0.269624,0.065473,-0.060005,157.701546
-0.000000,-0.000000,-0.000000,383.080720
0.364625,0.081949,-0.101445,70.804858
0.136964,0.060038,-0.017384,272.610590
-0.002646,0.091682,0.002744,385.427634
-0.004502,0.091789,-0.000331,386.546999
0.091033,0.026218,-0.006451,310.787891
0.166792,0.053236,-0.025512,247.388950
0.045871,0.013159,0.002477,347.554199
-0.006481,0.031583,0.001641,388.306470
0.166534,0.061512,-0.025438,247.607978
-0.002003,0.087732,0.003654,385.024978
0.180544,0.030969,-0.029538,235.646162
0.008212,0.068378,0.008574,377.633290
0.159257,0.026463,-0.023383,253.796955
0.103773,0.077516,-0.009291,300.273535
0.265441,0.003853,-0.054793,162.513929
0.833290,0.017920,-0.498774,-437.576756
0.016183,0.022979,0.007382,371.313676
0.832834,0.026844,-0.499562,-437.873999
0.214409,0.001880,-0.036919,207.258008
-0.010332,0.051616,-0.005028,390.618874
0.053283,0.020339,0.001134,341.570980
0.833908,-0.000056,-0.497456,-437.018175
0.164122,0.012619,-0.024754,249.666863
0.149790,0.049832,-0.020779,261.808826
0.819437,0.052805,-0.486977,-424.136699
0.357028,0.069506,-0.097770,77.907890
0.139233,0.023653,-0.017976,270.709386
0.045382,0.099462,-0.002536,347.225834
0.205601,0.016479,-0.037331,214.053692
-0.001299,0.062743,0.010616,385.225661
0.044572,0.098031,-0.002465,347.871032
0.817721,0.099533,-0.484578,-421.878344
-0.007702,0.038483,-0.000474,389.037070
0.006228,0.042832,0.008859,379.207484
-0.005524,0.057028,0.003299,387.731312
0.038799,0.031245,0.003715,353.240793
0.823999,0.004302,-0.493423,-430.181200
0.825168,0.045269,-0.495097,-431.748296
0.047127,0.070463,0.002257,346.534660
0.392142,0.059672,-0.115317,44.851199
0.237616,0.080265,-0.048162,186.081821
0.027054,0.061008,0.005677,362.645346
0.105773,0.096242,-0.010450,298.488428
0.110951,0.004447,-0.011351,294.263704
0.145224,0.020443,-0.019556,265.665957
0.196735,0.058534,-0.034504,221.716906
0.320975,0.032126,-0.081201,111.245903
0.103192,0.097386,-0.010015,300.597440
0.190738,0.095267,-0.029806,227.566936
0.293133,0.087767,-0.069365,136.572178
0.210943,0.002098,-0.035831,210.250172
0.187908,0.060197,-0.031765,229.321902
0.244377,0.068957,-0.050579,180.124357
0.122625,0.031886,-0.013768,284.617703
0.265909,0.099704,-0.054970,162.083666
0.050187,0.031782,0.001702,344.071287
0.006686,0.050815,0.008794,378.844198
0.231869,0.069038,-0.046144,191.134412
0.131661,0.049671,-0.016025,277.060506
0.150375,-0.000108,-0.019399,261.649895
0.223949,0.097017,-0.039997,198.977880
0.816927,0.002749,-0.483459,-420.810576
0.321120,0.043029,-0.081264,111.111496
0.817810,0.001292,-0.484691,-421.974888
0.218150,0.084799,-0.041455,203.133750
0.076700,0.001780,-0.006050,322.117937
0.411575,0.002794,-0.124208,26.882431
-0.000000,-0.000000,-0.000000,383.080720
-0.000000,0.100000,-0.000000,383.067143
0.182340,0.026327,-0.030077,234.107066
0.284949,0.028314,-0.066044,143.963020
0.161803,0.029927,-0.024097,251.635286
-0.006395,0.064095,0.001789,388.250716
0.204680,0.031065,-0.037033,214.849235
0.288582,0.059183,-0.067510,140.685026
-0.003443,0.093372,0.001529,385.918912
0.179143,0.071238,-0.029118,236.840663
0.820151,0.060135,-0.487981,-425.082805
0.163083,0.076588,-0.024456,250.541502
0.125950,0.049280,-0.014590,281.839086
0.819955,0.061012,-0.487706,-424.823941
-0.000000,-0.000000,-0.000000,383.080720
-0.001280,0.036810,0.010649,385.217869
-0.008014,0.029420,-0.001014,389.225250
0.111762,0.095979,-0.011495,293.585498
0.102406,0.031806,-0.008982,301.409828
0.166354,0.045651,-0.025388,247.762836
0.229150,0.024511,-0.045202,193.525326
0.012514,0.014953,0.007935,374.229340
0.106594,0.089639,-0.009940,297.936300
0.283503,0.003803,-0.061948,146.356080
0.280603,0.016036,-0.064308,147.872931
0.395983,0.086339,-0.117323,41.193601
-0.000778,0.056627,0.011520,384.919255
0.257082,0.003453,-0.051628,169.933044
0.025581,0.081048,0.005916,363.819353
0.086252,0.099767,-0.007372,314.378182
0.282913,0.051900,-0.065227,145.790875
0.291769,0.080435,-0.068807,137.805899
0.080054,0.051624,-0.004114,319.792122
0.819901,0.057027,-0.487629,-424.750996
-0.000000,-0.000000,-0.000000,383.080720
0.075977,0.038669,-0.003275,323.126383
0.833818,0.003857,-0.497707,-437.136159
0.832652,0.042451,-0.499875,-437.993418
-0.001674,0.034237,0.009967,385.450542
0.350214,0.046225,-0.094528,84.258109
0.833314,0.030280,-0.498730,-437.561650
0.107066,0.076937,-0.010050,297.546822
0.043350,0.099443,-0.002354,348.844932
-0.005102,0.069438,0.004030,387.477879
0.223547,0.085468,-0.043277,198.421723
0.097007,0.003681,-0.009007,305.653728
0.163153,0.073522,-0.024476,250.482158
0.833394,0.008592,-0.498466,-437.427793
0.155478,0.044462,-0.022333,256.998141
0.046145,0.012632,0.002428,347.333286
0.283168,0.020136,-0.065330,145.566684
0.061263,0.002064,-0.004161,334.540018
0.144956,0.089014,-0.019480,265.883023
0.128508,0.072898,-0.015227,279.697355
0.411869,0.000513,-0.122988,27.155207
0.222346,0.052158,-0.042871,199.475691
-0.004963,0.039604,0.004271,387.399219
0.149959,0.042971,-0.020826,261.667119
0.161538,0.027949,-0.024023,251.860240
0.296987,0.033346,-0.070957,133.093736
0.346854,0.044894,-0.092949,87.379315
0.121229,0.031261,-0.013426,285.781926
0.315267,0.080537,-0.078706,116.461053
0.247561,0.052972,-0.051733,177.313756
0.142320,0.061161,-0.018783,268.107416
0.186884,0.049728,-0.031453,230.203315
0.172857,0.062338,-0.027265,242.216980
0.017337,0.040768,0.007207,370.393945
0.819256,0.035164,-0.486721,-423.893421
-0.005466,0.068886,0.003399,387.695153
0.042910,0.042641,0.003002,349.934589
0.011874,0.028708,0.008032,374.735323
0.144942,0.053665,-0.019478,265.899542
0.015184,0.044277,0.007536,372.105043
0.092672,0.002749,-0.008330,309.180842
-0.000453,0.008517,0.007013,384.192234
0.196113,0.070427,-0.034308,222.252644
-0.005828,0.086609,-0.002732,387.329492
0.068431,0.072209,-0.001756,329.275970
0.215387,0.048283,-0.040535,205.546496
0.324062,0.075826,-0.082563,108.408790
-0.008192,0.048356,-0.001322,389.329715
-0.010284,0.050331,-0.004945,390.590095
0.237124,0.030909,-0.047990,186.522385
0.052895,0.002713,-0.003267,341.240747
0.106208,0.035099,-0.009854,298.263055
-0.000773,0.086645,0.005976,384.318527
0.238448,0.052828,-0.048458,185.353552
0.072210,0.046762,-0.002511,326.200160
0.213220,0.096834,-0.036544,208.270909
0.162446,0.068418,-0.024276,251.083468
0.817572,0.037287,-0.484363,-421.668452
-0.003190,0.005452,0.002144,385.798891
-0.008601,0.028905,-0.002031,389.578513
0.218113,0.020389,-0.041446,203.174857
0.029696,0.047734,0.005246,360.535439
0.035147,0.070570,0.004340,356.166841
0.121393,0.037382,-0.013466,285.644475
-0.000000,-0.000000,-0.000000,383.080720
0.820812,0.049231,-0.488911,-425.956278
0.824184,0.035073,-0.493691,-430.434520
0.081802,0.074905,-0.004477,318.357735
0.833907,0.100015,-0.497449,-437.026307
-0.001234,0.005522,0.005874,384.676479
0.482853,0.000705,-0.169686,-44.417972
0.041359,0.033119,0.003273,351.183838
0.340140,0.077889,-0.089829,93.595657
0.317758,0.077544,-0.079790,114.184244
0.211835,0.076865,-0.039360,208.632867
0.108842,0.040834,-0.010465,296.080248
0.818974,0.076933,-0.486330,-423.529669
0.190747,0.029968,-0.032639,226.883594
0.824765,0.044156,-0.494520,-431.210063
0.309505,0.059557,-0.076225,121.721229
0.080836,0.052791,-0.004277,319.151362
0.140353,0.000236,-0.017154,270.000326
0.195368,0.041926,-0.034076,222.899085
0.821369,0.011376,-0.489693,-426.687018
0.108312,0.023463,-0.010343,296.521826
0.125820,0.027155,-0.014559,281.950837
0.062059,0.025144,-0.000518,334.461673
0.832789,0.042196,-0.499638,-437.904183
-0.006176,0.008696,-0.002939,387.590586
0.152513,0.095501,-0.019896,259.848628
0.818374,0.007363,-0.485481,-422.721585
-0.004013,0.009166,0.000345,386.248777
0.171117,0.073518,-0.026758,243.699916
0.135829,0.051216,-0.017092,273.564761
0.010702,0.097382,-0.000333,374.669556
0.126044,0.097510,-0.014184,281.837282
0.149433,0.022425,-0.020685,262.114233
0.125622,0.003401,-0.014100,282.199698
0.170490,0.010816,-0.026580,244.243928
-0.004138,0.032981,0.005699,386.909671
0.087710,0.037295,-0.005732,313.517751
0.200731,0.067547,-0.035767,218.263245
0.061675,0.000455,-0.004203,334.210603
0.188155,0.050518,-0.031841,229.110974
0.264826,0.026521,-0.058166,161.989039
0.058449,0.014941,0.000169,337.390202
0.253511,0.054629,-0.053916,172.044971
-0.005387,0.036529,0.003536,387.652333
0.088549,0.079474,-0.005910,312.823101
0.104968,0.004380,-0.010313,299.159885
0.196503,0.044663,-0.034431,221.919264
0.067757,0.097053,-0.004920,329.310691
0.032960,0.098376,-0.001514,357.102335
0.028751,0.089420,0.005403,361.285250
0.817348,0.077864,-0.484055,-421.381630
-0.003480,0.034571,0.006839,386.518848
0.137999,0.062004,-0.017653,271.740980
-0.000885,0.005973,0.006484,384.470977
0.068375,0.075367,-0.001745,329.320716
-0.002257,0.087379,0.003154,385.169423
0.143573,0.077097,-0.019114,267.049758
0.319609,0.064125,-0.080600,112.491834
0.140656,0.000592,-0.017220,269.748747
-0.000783,0.007561,0.006478,384.390646
0.003879,0.068425,0.009197,381.062142
0.085475,0.054106,-0.005254,315.350017
0.024807,0.026107,0.006036,364.444232
0.155845,0.071056,-0.022433,256.683968
0.086104,0.004534,-0.007354,314.511068
0.368050,0.062554,-0.103125,67.596401
0.111483,0.079408,-0.011082,293.884127
0.011213,0.025859,0.008130,375.260223
0.081754,0.077119,-0.004467,318.396440
0.104416,0.073894,-0.009439,299.741458
0.009846,0.086477,0.008336,376.335945
0.216903,0.083745,-0.041038,204.220989
0.179788,0.039678,-0.029312,236.293120
0.172062,0.069427,-0.027033,242.894440
0.233569,0.027461,-0.046739,189.648010
0.819076,0.046687,-0.486469,-423.657205
0.038196,0.001447,-0.001918,352.958497
0.122520,0.054733,-0.013741,284.701779
0.197650,0.037990,-0.034793,220.930359
0.274127,0.048729,-0.061755,153.676500
0.098500,0.076883,-0.008097,304.629725
0.818393,0.077896,-0.485515,-422.761062
0.273488,0.063353,-0.061505,154.246400
0.264519,0.020159,-0.058049,162.263764
0.487494,0.001943,-0.172817,-49.141943
0.096277,0.087750,-0.007600,306.462010
0.412996,0.097615,-0.121210,27.019535
0.169146,0.022394,-0.026190,245.388289
0.063235,0.040566,-0.000743,333.504658
0.822241,0.025091,-0.490929,-427.848202
0.279877,0.079076,-0.064017,148.515405
0.109521,0.037324,-0.010624,295.517120
-0.000000,-0.000000,-0.000000,383.080720
0.818340,0.053592,-0.485438,-422.685990
-0.000894,0.055281,0.011318,384.988063
0.006685,0.024344,0.008792,378.847745
0.012467,0.011517,0.007942,374.266491
0.048984,0.002936,-0.002879,344.365822
0.821777,0.089818,-0.490280,-427.245249
-0.001563,0.071554,0.010159,385.380119
0.030172,0.038659,0.005167,360.155251
0.825265,0.046947,-0.495236,-431.878159
0.118868,0.081219,-0.012848,287.742733
0.055530,0.096607,-0.003541,339.120216
0.152685,0.081774,-0.021565,259.357476
0.081945,0.098697,-0.006761,317.865681
0.133963,0.027232,-0.016614,275.133776
0.160655,0.034360,-0.023774,252.609654
0.144966,0.028681,-0.019486,265.882273
0.220745,0.003554,-0.038951,201.772129
0.109505,0.000133,-0.011096,295.448667
-0.001255,0.014561,0.004971,384.594920
0.050000,0.088615,0.001740,344.214776
0.096592,0.021757,-0.007674,306.211283
0.317547,0.029551,-0.079699,114.384523
0.138967,0.099095,-0.016854,271.137782
0.833907,0.100015,-0.497449,-437.026307
0.032792,0.060741,0.004735,358.055269
0.209950,0.003393,-0.035523,211.105972
0.172443,0.030129,-0.027146,242.574670
-0.003029,0.058731,0.007621,386.247919
0.833310,0.028796,-0.498738,-437.564428
0.833907,0.100015,-0.497449,-437.026307
0.139826,0.037949,-0.018130,270.209016
-0.000000,0.100000,-0.000000,383.067143
-0.008872,0.031412,-0.002500,389.741098
0.150356,0.042132,-0.020933,261.331513
0.147174,0.059831,-0.020074,264.015806
0.012206,0.033594,0.007983,374.470810
0.101514,0.019845,-0.008780,302.148528
0.186481,0.098736,-0.028604,231.193515
-0.005548,0.030901,0.003257,387.749098
0.026454,0.078535,0.005775,363.122366
0.064708,0.038896,-0.001029,332.307746
0.056081,0.085281,0.000619,339.299342
0.323297,0.087604,-0.082224,109.108890
0.189618,0.065164,-0.032290,227.849991
0.344996,0.025437,-0.092081,89.106166
0.037205,0.062963,0.003991,354.516673
0.367808,0.062512,-0.103005,67.824130
0.077415,0.086695,-0.003566,321.945148
0.824000,0.080224,-0.493434,-430.198541
0.238094,0.068978,-0.048332,185.663215
0.281006,0.065929,-0.064466,147.503656
0.115649,0.047617,-0.012075,290.426721
0.823198,0.008639,-0.492284,-429.116170
0.194915,0.098793,-0.031005,223.999739
0.821073,0.079074,-0.489284,-426.309115
0.118968,0.063727,-0.012874,287.661544
0.042830,0.036943,0.003016,349.999717
0.179069,0.016735,-0.029099,236.912048
0.098457,0.063090,-0.008088,304.667356
0.056656,0.003253,-0.003660,338.231911
0.382582,0.043270,-0.110398,53.913529
0.154658,0.029120,-0.022108,257.694967
0.077284,0.070602,-0.003540,322.055114
0.016802,0.027544,0.007288,370.821249
-0.009532,0.048345,-0.003643,390.136498
0.042745,0.031356,0.003030,350.068671
-0.005965,0.072635,0.002535,387.992324
0.047339,0.002608,-0.002722,345.678072
-0.000000,0.100000,-0.000000,383.067143
0.104631,0.034992,-0.009491,299.568906
-0.010063,0.038210,-0.004564,390.458580
-0.006509,0.036164,0.001592,388.322635
0.138686,0.032374,-0.017833,271.167502
0.048934,0.033248,0.001929,345.081811
0.018766,0.062851,0.006989,369.253961
0.083295,0.059165,-0.004792,317.136857
0.100018,0.001987,-0.009491,303.201191
0.345674,0.059269,-0.092397,88.471831
0.067916,0.018825,-0.001658,329.701404
0.179104,0.040777,-0.029108,236.878128
0.061405,0.046193,-0.000391,334.989641
0.033232,0.062085,0.004661,357.702640
0.236618,0.027250,-0.047811,186.967740
0.210333,0.084684,-0.038866,209.937233
0.079344,0.075239,-0.003965,320.369655
0.113226,0.016887,-0.011499,292.445057
0.432927,0.079069,-0.137536,5.674852
0.195783,0.027524,-0.034206,222.542947
-0.000000,-0.000000,-0.000000,383.080720
0.126298,0.000240,-0.014234,281.641875
0.044215,0.039930,0.002772,348.884914
0.100974,0.033297,-0.008657,302.592951
0.340483,0.012591,-0.089989,93.287827
-0.005044,0.033289,0.004130,387.448507
0.171512,0.041963,-0.026874,243.367858
0.204881,0.039388,-0.037097,214.674389
-0.005447,0.005284,-0.001437,387.179552
0.284949,0.036443,-0.066044,143.961701
0.822164,0.034545,-0.490822,-427.748263
0.073879,0.065864,-0.002846,324.836203
0.413103,0.099469,-0.120931,27.052421
-0.001149,0.088605,0.005376,384.545293
0.301502,0.083598,-0.072836,128.994177
-0.001055,0.092555,0.005958,384.534882
0.005714,0.033242,0.008932,379.614880
0.111569,0.022231,-0.011107,293.819766
0.159323,0.078410,-0.023399,253.733840
-0.003450,0.008354,0.001325,385.913990
0.268645,0.056691,-0.059628,158.577235
0.248748,0.041465,-0.052166,176.265543
0.825660,0.091459,-0.495806,-432.414240
-0.005552,0.014319,-0.002352,387.163943
0.157213,0.066640,-0.022812,255.525191
0.020683,0.082425,0.006692,367.725335
0.415761,0.003977,-0.127461,22.472282
0.040597,0.098042,-0.002117,351.036401
0.053172,0.041672,0.001156,341.658067
0.006311,0.037419,0.008847,379.142555
0.221723,0.057579,-0.042660,200.019015
0.516693,0.096221,-0.193165,-79.174006
0.825235,0.060176,-0.495195,-431.841090
0.833241,0.051464,-0.498855,-437.610320
-0.004147,0.010891,0.000013,386.317648
-0.002900,0.045345,0.007843,386.173874
0.164057,0.034328,-0.024734,249.718424
0.077982,0.009890,-0.003688,321.491793
0.153745,0.086237,-0.021854,258.459851
0.833372,0.018399,-0.498632,-437.523533
-0.003991,0.007548,0.000530,386.251059
0.214969,0.027207,-0.040397,205.913477
0.075120,0.021883,-0.003101,323.828816
0.215327,0.024462,-0.040517,205.601578
0.211684,0.038541,-0.039312,208.769974
-0.002697,0.047906,0.008196,386.052795
0.204305,0.067329,-0.036911,215.169162
0.129418,0.070827,-0.015457,278.935635
0.833908,-0.000056,-0.497456,-437.018175
0.235253,0.082228,-0.047328,188.160483
0.093624,0.011762,-0.007019,308.658200
0.157180,0.097890,-0.021001,255.940891
0.079693,0.038358,-0.004040,320.089331
0.013088,0.057952,0.007853,373.768239
-0.005639,0.085610,-0.002489,387.207339
0.224036,0.096175,-0.040027,198.902300
0.072671,0.022672,-0.002605,325.826979
0.269355,0.038993,-0.059903,157.945312
0.179888,0.062017,-0.029341,236.204005
-0.008041,0.028638,-0.001060,389.241405
-0.008881,0.036380,-0.002515,389.745500
0.169970,0.084440,-0.026425,244.677009
0.056885,0.068744,0.000468,338.650760
0.821802,0.079061,-0.490314,-427.276637
0.155712,0.062708,-0.022397,256.797119
0.363331,0.053709,-0.100815,72.020329
0.817314,0.013680,-0.484000,-421.323384
0.162619,0.040211,-0.024327,250.940412
0.134438,0.078919,-0.016732,274.728172
-0.004454,0.013053,-0.000584,386.493514
-0.009342,0.063527,-0.003314,390.019741
0.049431,0.002597,-0.002922,344.008822
0.254757,0.021196,-0.054379,170.945259
0.303645,0.080480,-0.073737,127.048712
0.333841,0.023581,-0.086950,99.421085
0.168342,0.073577,-0.025956,246.066559
0.158870,0.055474,-0.023274,254.121083
-0.001287,0.087164,0.005005,384.613343
0.295173,0.084391,-0.070205,134.728443
-0.002436,0.009558,0.003021,385.304991
-0.005663,0.004737,-0.001702,387.320556
0.090596,0.027356,-0.006356,311.147237
0.186975,0.096923,-0.028743,230.773570
0.041804,0.090441,0.003199,350.818553
0.213231,0.053658,-0.039821,207.422141
0.296802,0.032906,-0.070880,133.261374
0.123947,0.046943,-0.014093,283.512157
0.292830,0.012847,-0.069244,136.856999
0.267813,0.042892,-0.059309,159.322439
0.050291,0.051595,0.001684,343.984327
0.035025,0.089870,0.004362,356.262131
0.325257,0.075438,-0.083093,107.311824
0.152656,0.068037,-0.021557,259.383827
0.278829,0.040481,-0.063603,149.462376
0.818193,0.005565,-0.485228,-422.482250
0.296646,0.054951,-0.070814,133.399776
0.116300,0.032742,-0.012232,289.887423
0.053590,0.054367,0.001080,341.318454
0.096250,0.064824,-0.007596,306.486984
0.316078,0.054015,-0.079059,115.723355
-0.006902,0.035531,0.000912,388.557788
0.187728,0.037457,-0.031711,229.480005
-0.006497,0.039148,0.001614,388.314504
0.833309,0.094573,-0.498602,-437.487998
0.072154,0.064840,-0.002498,326.243370
0.224811,0.034344,-0.043711,197.322834
0.038614,0.047994,0.003748,353.387532
0.176878,0.099982,-0.025985,239.345959
-0.002598,0.065633,0.008367,385.992082
0.546369,0.099829,-0.215013,-110.203033
0.030205,0.019998,0.005160,360.131270
0.817527,0.001994,-0.484296,-421.602137
0.010205,0.086280,0.008283,376.051670
0.080327,0.075866,-0.004169,319.565114
-0.004770,0.012801,-0.001064,386.689408
-0.001529,0.008569,0.004885,384.798964
0.021116,0.012277,0.006619,367.388982
0.357169,0.036764,-0.097838,77.781567
0.033268,0.019297,0.004652,357.679175
0.004282,0.031721,0.009137,380.748180
0.222370,0.002965,-0.039480,200.362857
0.188284,0.097843,-0.029110,229.658499
0.206561,0.022340,-0.037641,213.220148
0.450470,0.097107,-0.148597,-11.818802
0.492935,0.099024,-0.176518,-54.709849
0.132943,0.099702,-0.015581,276.133481
-0.004810,0.062009,0.004536,387.304995
0.143727,0.071439,-0.019155,266.920668
0.198528,0.071234,-0.035068,220.167402
-0.003798,0.072297,0.006289,386.702182
0.045932,0.076798,0.002471,347.496977
0.057361,0.067148,0.000378,338.265258
0.262601,0.100077,-0.053704,165.024675
0.816984,0.055855,-0.483544,-420.896704
0.060168,0.048920,-0.000154,335.992139
0.117955,0.050636,-0.012629,288.507502
0.014435,0.063167,0.007650,372.697379
0.173387,0.097092,-0.025065,242.299422
0.310964,0.032651,-0.076851,120.395563
0.821525,0.060917,-0.489920,-426.905313
0.028897,0.024846,0.005375,361.177430
0.135340,0.025145,-0.016967,273.979219
-0.001036,0.048260,0.011072,385.072582
0.012608,0.082607,0.007927,374.146142
-0.000000,-0.000000,-0.000000,383.080720
-0.004987,0.072087,0.004229,387.409227
0.084536,0.035102,-0.005056,316.122612
0.827484,0.002598,-0.489458,-429.234500
0.382992,0.066685,-0.110607,53.522215
0.284117,0.004292,-0.062200,145.803143
0.208898,0.063640,-0.038398,211.186914
0.354303,0.049979,-0.096467,80.451298
0.052851,0.037048,0.001215,341.918202
0.286210,0.043407,-0.066551,142.825189
-0.009761,0.058612,-0.004039,390.272974
0.256392,0.047978,-0.054986,169.489581
0.079863,0.065394,-0.004073,319.946618
0.014831,0.046801,0.007589,372.385511
0.817506,0.087744,-0.484277,-421.592563
0.817868,0.051964,-0.484779,-422.063159
0.282412,0.076339,-0.065026,146.238307
0.030535,0.097948,-0.001340,359.024987
-0.002484,0.011108,0.002818,385.320416
0.242354,0.015168,-0.049853,181.917693
0.014688,0.012409,0.007608,372.503195
0.029801,0.012468,0.005226,360.455491
-0.005382,0.087998,-0.001965,387.061819
0.154158,0.039272,-0.021971,258.116388
0.033131,0.003616,-0.001525,356.979870
0.256349,0.025650,-0.054971,169.531240
0.185428,0.062090,-0.031009,231.452274
0.051516,0.023295,0.001459,342.998927
-0.004350,0.055010,0.005332,387.032703
0.167917,0.012306,-0.025837,246.436629
0.176458,0.044576,-0.028323,239.142490
0.206520,0.003252,-0.034466,214.060229
0.213094,0.084763,-0.039774,207.536924
0.833180,0.036234,-0.498962,-437.649113
0.154284,0.038838,-0.022005,258.009779
-0.003847,0.092429,0.000757,386.151316
0.030550,0.059671,0.005106,359.850521
0.156729,0.025212,-0.022680,255.940961
0.281577,0.047783,-0.064694,146.993040
0.143155,0.003129,-0.017768,267.669119
0.822998,0.022537,-0.492002,-428.853125
0.818693,0.036250,-0.485931,-423.148631
0.276044,0.096482,-0.058940,153.035759
-0.001225,0.012737,0.005132,384.589026
0.246958,0.065903,-0.051513,177.845135
-0.004862,0.053496,0.004445,387.337407
-0.005287,0.008438,-0.001551,387.041745
0.179625,0.051687,-0.029263,236.431144
0.242542,0.015381,-0.049921,181.751265
0.163042,0.073720,-0.024444,250.576368
0.055141,0.071626,0.000794,340.061769
0.046400,0.096934,-0.002635,346.414050
0.165226,0.012980,-0.025068,248.727117
0.049283,0.074091,0.001869,344.794930
0.126312,0.042314,-0.014680,281.537606
0.821945,0.064959,-0.490514,-427.462985
0.833908,-0.000056,-0.497456,-437.018175
0.229304,0.029884,-0.045255,193.390021
0.090535,0.003474,-0.008006,310.916664
0.044786,0.028495,0.002671,348.425987
-0.000000,-0.000000,-0.000000,383.080720
0.057906,0.000121,-0.003785,337.232329
0.272062,0.096414,-0.057365,156.596371
-0.000000,0.100000,-0.000000,383.067143
0.317054,0.004538,-0.076391,115.872094
0.082746,0.073810,-0.004675,317.584255
0.823802,0.035339,-0.493147,-429.925944
0.137605,0.098609,-0.016562,272.268745
-0.007485,0.059374,-0.000097,388.903489
-0.005715,0.096349,-0.001638,387.355375
-0.008559,0.047259,-0.001957,389.550272
0.298850,0.054654,-0.071730,131.402895
-0.002543,0.087840,0.002648,385.337878
0.194543,0.077308,-0.033816,223.606423
0.050642,0.095997,-0.003044,343.028433
0.128709,0.029278,-0.015281,279.534510
0.254626,0.016755,-0.054330,171.061420
0.071869,0.095590,-0.005430,326.000226
0.031235,0.060938,0.004993,359.302380
0.066365,0.051974,-0.001351,330.959104
0.094179,0.024523,-0.007140,308.199157
0.070274,0.020006,-0.002125,327.781730
0.129745,0.071329,-0.015539,278.662235
-0.003331,0.006531,0.001733,385.864637
0.461690,0.098408,-0.155747,-23.046683
0.259533,0.074716,-0.056160,166.694993
0.224273,0.073357,-0.043525,197.788214
0.037779,0.097267,-0.001885,353.277241
0.107002,0.079764,-0.010035,297.599499
0.119226,0.010158,-0.012940,287.454221
0.049022,0.097933,-0.002881,344.321877
0.168233,0.039369,-0.025927,246.163852
0.181374,0.070391,-0.029785,234.929255
0.515809,0.099930,-0.192536,-78.259491
0.354752,0.063589,-0.096681,80.031143
0.100864,0.087993,-0.008628,302.676958
0.030503,0.087381,0.005116,359.884855
0.140834,0.097943,-0.017259,269.586342
0.118436,0.028800,-0.012747,288.109760
0.125704,0.076544,-0.014527,282.040890
0.156645,0.028951,-0.022657,256.011405
-0.008039,0.051674,-0.001057,389.237202
0.044265,0.037970,0.002763,348.844430
0.832759,0.056738,-0.499687,-437.924132
0.036167,0.028971,0.004165,355.353824
-0.000984,0.013024,0.005585,384.450066
0.257656,0.028053,-0.055458,168.370039
0.833263,0.059056,-0.498815,-437.596177
0.171374,0.085902,-0.026832,243.479496
0.021979,0.009715,0.006483,366.702012
0.028534,0.085491,0.005439,361.459902
0.006164,0.000431,0.008865,379.263217
0.065959,0.088199,-0.001269,331.285020
0.166643,0.065203,-0.025469,247.514316
0.095176,0.077278,-0.007357,307.370774
0.819473,0.086573,-0.487032,-424.191489
0.108414,0.001034,-0.010905,296.342005
-0.000000,0.100000,-0.000000,383.067143
0.444198,0.002007,-0.144681,-5.564661
-0.002849,0.034415,0.007931,386.145061
0.003350,0.002386,0.009267,381.488722
0.148725,0.097126,-0.019020,263.013508
-0.003551,0.028159,0.006717,386.561402
0.082464,0.036105,-0.004619,317.820180
0.378067,0.055803,-0.108112,58.175383
0.145615,0.021430,-0.019660,265.335870
0.070172,0.073484,-0.002101,327.857766
0.044431,0.056527,0.002736,348.708869
0.025113,0.087931,0.005992,364.192219
0.371125,0.061902,-0.104643,64.709274
0.010309,0.019767,0.008263,375.977566
-0.005835,0.037091,0.002760,387.919494
-0.002444,0.027282,0.008633,385.906449
0.111900,0.082217,-0.011181,293.537093
0.071529,0.079772,-0.002372,326.750979
0.325778,0.058401,-0.083325,106.835966
0.130023,0.074199,-0.015609,278.428807
0.413010,0.001109,-0.121007,27.105391
0.129267,0.018959,-0.015422,279.069204
0.073514,0.049544,-0.002774,325.136163
0.817889,0.070035,-0.484810,-422.094606
0.081065,0.031288,-0.004326,318.967004
0.056898,0.083537,0.000466,338.638380
-0.003420,0.004920,0.001839,385.945547
0.123184,0.079442,-0.013903,284.144971
0.534212,0.097709,-0.205921,-97.429227
-0.003003,0.087098,0.001793,385.604699
0.174206,0.056365,-0.027660,241.065894
0.049668,0.100115,-0.002938,343.806851
0.156073,0.030959,-0.022499,256.495709
0.066764,0.058720,-0.001429,330.634097
-0.005894,0.096306,-0.001933,387.464023
-0.002795,0.032752,0.008025,386.113392
0.338987,0.010038,-0.089300,94.672240
0.182938,0.035709,-0.030257,233.592978
0.185505,0.057224,-0.031032,231.387464
0.332249,0.077022,-0.086228,100.880246
0.168905,0.077928,-0.026118,245.586052
0.832836,0.068045,-0.499553,-437.874609
0.200842,0.085390,-0.035802,218.164799
0.201472,0.043956,-0.036005,217.625274
0.092101,0.012356,-0.006685,309.911576
-0.003477,0.004943,0.001736,385.979563
0.214331,0.065392,-0.040184,206.462895
0.818553,0.027578,-0.485733,-422.961722
-0.006016,0.044065,0.002447,388.026630
-0.000422,0.015615,0.006532,384.114926
0.053181,0.024108,0.001153,341.653051
0.038836,0.002278,-0.001971,352.450198
0.086502,0.048022,-0.005473,314.507593
0.090547,0.038883,-0.006344,311.186389
0.305010,0.012045,-0.074316,125.817953
-0.004078,0.060276,0.005803,386.870377
0.082355,0.018932,-0.004597,317.911943
0.275679,0.087701,-0.062361,152.280148
0.218458,0.064305,-0.041560,202.867990
0.061734,0.036098,-0.000454,334.723586
0.266937,0.011582,-0.058974,160.108593
0.185616,0.099529,-0.028363,231.929539
0.169793,0.050713,-0.026376,244.832219
0.034436,0.000984,-0.001624,355.944597
0.192028,0.001914,-0.030174,226.480197
0.101159,0.080245,-0.008696,302.433597
0.052766,0.081828,0.001234,341.980779
0.080443,0.096240,-0.006557,319.080594
0.119979,0.078778,-0.013118,286.817595
0.208201,0.031399,-0.038173,211.796083
-0.003165,0.053979,0.007384,386.329642
0.411667,0.001591,-0.123523,27.089746
0.208085,0.024620,-0.038136,211.897251
0.041316,0.019353,0.003279,351.220008
0.047112,0.000879,-0.002697,345.860474
-0.006213,0.093495,-0.002778,387.624957
0.817703,0.028954,-0.484544,-421.839229
0.257291,0.099493,-0.051704,169.733934
0.025438,0.002384,-0.001003,363.072573
-0.007489,0.069665,-0.000104,388.904515
0.833908,-0.000056,-0.497456,-437.018175
0.112482,0.096389,-0.011624,292.995056
0.083447,0.016565,-0.004827,317.017839
0.235038,0.004066,-0.043729,189.327100
0.822401,0.051885,-0.491159,-428.066029
0.009731,0.064264,0.008351,376.430358
0.028983,0.025352,0.005361,361.108160
0.070104,0.054080,-0.002089,327.915924
-0.005717,0.092320,-0.002135,387.304893
0.123188,0.015443,-0.013908,284.149682
0.824634,0.051630,-0.494334,-431.037202
0.334247,0.081937,-0.087133,99.037694
0.130128,0.046771,-0.015637,278.344677
-0.002534,0.005891,0.003278,385.409273
0.255949,0.060775,-0.054820,169.881062
0.044285,0.044322,0.002760,348.827371
-0.001699,0.046311,0.009924,385.463653
0.254237,0.087450,-0.054183,171.397015
0.218011,0.079115,-0.041409,203.255820
0.252444,0.026504,-0.053523,172.994679
0.142291,0.099247,-0.017578,268.373999
0.032836,0.098380,-0.001505,357.200779
0.018992,0.072663,0.006954,369.072961
0.820991,0.029415,-0.489162,-426.190325
0.072269,0.012103,-0.002525,326.156518
0.182271,0.096591,-0.027442,234.772781
0.282831,0.009726,-0.065196,145.871194
0.157143,0.097596,-0.020992,255.972087
-0.000000,0.100000,-0.000000,383.067143
0.833006,0.043102,-0.499263,-437.763116
0.059331,0.086912,0.000008,336.666331
0.202952,0.043923,-0.036478,216.344309
0.819931,0.004483,-0.487666,-424.780623
0.299669,0.058833,-0.072071,130.660351
0.821452,0.040570,-0.489814,-426.803782
0.176888,0.017656,-0.028452,238.778240
0.016085,0.034792,0.007398,371.390477
0.144882,0.057371,-0.019462,265.949561
0.054173,0.085391,0.000974,340.842971
-0.003598,0.059664,0.006635,386.585139
0.193213,0.001698,-0.030514,225.468071
-0.003187,0.009705,0.001658,385.744188
0.046949,0.096745,-0.002687,345.976101
0.169558,0.051247,-0.026308,245.033155
0.162788,0.038598,-0.024374,250.796963
0.411726,0.098504,-0.123504,27.038128
0.265165,0.074533,-0.058293,161.680506
0.175505,0.047260,-0.028042,239.957027
0.249135,0.051855,-0.052307,175.921744
0.823635,0.055514,-0.492911,-429.707626
0.136193,0.053800,-0.017185,273.259006
0.069801,0.068574,-0.002028,328.160455
0.219675,0.064159,-0.041969,201.805922
-0.003327,0.011146,0.001327,385.817977
-0.005997,0.035215,0.002479,388.016521
0.020123,0.010156,0.006774,368.180149
0.005930,0.028049,0.008901,379.444697
0.217216,0.053810,-0.041145,203.951826
0.153966,0.000300,-0.020236,258.647849
0.824576,0.065340,-0.494254,-430.963546
0.518715,0.003462,-0.194630,-81.263378
0.161977,0.012044,-0.024147,251.490124
0.050024,0.081017,0.001735,344.195820
0.012545,0.023394,0.007931,374.203536
0.226337,0.069396,-0.044231,195.983335
-0.001745,0.067770,0.009844,385.487864
0.033432,0.097597,-0.001548,356.727929
0.311805,0.030691,-0.077213,119.628214
0.009511,0.068732,0.008384,376.603960
0.193930,0.030358,-0.033627,224.141034
0.098565,0.058055,-0.008113,304.579032
0.043817,0.036304,0.002842,349.205694
0.158040,0.021669,-0.023044,254.829817
-0.005160,0.010291,-0.001511,386.946759
0.118350,0.065809,-0.012724,288.175959
0.820622,0.055858,-0.488644,-425.705922
0.022347,0.033979,0.006427,366.405122
0.132855,0.042837,-0.016330,276.060414
-0.008989,0.032146,-0.002702,389.811284
0.003284,0.086048,0.009283,381.530071
0.247283,0.002046,-0.048036,178.585218
0.024540,0.048843,0.006080,364.654573
0.254063,0.060974,-0.054120,171.554533
0.824863,0.008026,-0.494656,-431.333584
0.180977,0.084043,-0.029665,235.267899
0.052187,0.073928,0.001340,342.450070
0.176137,0.066723,-0.028227,239.413400
0.107591,0.095340,-0.010762,297.001752
0.178706,0.004720,-0.026477,237.811285
0.148122,0.000083,-0.018882,263.531078
0.040143,0.014302,0.003482,352.163611
-0.000000,0.100000,-0.000000,383.067143
0.824675,0.061837,-0.494395,-431.094460
0.307765,0.053009,-0.075483,123.306671
0.096079,0.052701,-0.007558,306.629819
0.173686,0.004149,-0.025144,242.060484
0.181650,0.003662,-0.027273,235.314530
0.235303,0.035943,-0.047347,188.123047
0.153330,0.046549,-0.021743,258.816423
0.825853,0.062248,-0.496079,-432.665603
-0.002845,0.009249,0.002295,385.545459
0.098546,0.058426,-0.008108,304.594625
0.047449,0.087744,0.002200,346.272746
0.064731,0.055654,-0.001032,332.287369
0.816878,0.075874,-0.483399,-420.761056
-0.002555,0.010169,0.002750,385.368753
0.207841,0.096156,-0.034872,212.908694
0.818473,0.085675,-0.485629,-422.868912
0.044765,0.003631,-0.002486,347.729945
0.129142,0.010693,-0.015391,279.175059
0.066383,0.050162,-0.001355,330.945197
0.259464,0.099771,-0.052517,167.809034
0.033534,0.029355,0.004608,357.465094
0.208121,0.073354,-0.038145,211.859842
0.269647,0.075659,-0.060014,157.679237
0.101876,0.022863,-0.008862,301.849263
0.146838,0.064113,-0.019984,264.299257
0.821127,0.048335,-0.489357,-426.374724
0.166372,0.013715,-0.025395,247.751677
0.062676,0.096982,-0.004324,333.392825
0.197365,0.045492,-0.034703,221.174780
0.104480,0.085110,-0.009453,299.687099
0.336086,0.083165,-0.087970,97.340803
0.278044,0.095667,-0.059740,151.243541
0.065454,0.070016,-0.001172,331.697951
0.065425,0.074212,-0.001166,331.720732
-0.002045,0.003982,0.004569,385.167116
0.278755,0.043555,-0.063574,149.528147
0.131066,0.062090,-0.015874,277.557314
0.068480,0.054005,-0.001767,329.238131
0.041398,0.099687,-0.002184,350.398916
0.822404,0.051830,-0.491163,-428.070337
0.079743,0.049732,-0.004050,320.046526
-0.008184,0.049436,-0.001309,389.324888
-0.007097,0.040324,0.000574,388.673915
0.145997,0.042207,-0.019760,265.011637
0.282120,0.040797,-0.064911,146.505814
0.101010,0.002053,-0.009653,302.391372
-0.003052,0.039571,0.007580,386.264379
0.818940,0.069271,-0.486281,-423.482042
-0.002039,0.029749,0.009335,385.666478
0.051755,0.069357,0.001419,342.799795
0.119071,0.053507,-0.012899,287.577360
-0.000000,0.100000,-0.000000,383.067143
0.281064,0.012201,-0.064491,147.459303
0.822228,0.087100,-0.490918,-427.844048
0.277079,0.003189,-0.059353,152.123175
0.821381,0.044598,-0.489714,-426.709932
0.124386,0.098026,-0.013857,283.205521
-0.000000,-0.000000,-0.000000,383.080720
0.142238,0.089001,-0.018760,268.172294
0.134715,0.034459,-0.016806,274.502467
-0.005214,0.007265,-0.001322,387.009589
0.825159,0.041420,-0.495084,-431.735705
0.833683,0.094752,-0.497942,-437.236485
0.822156,0.081718,-0.490815,-427.747106
0.368551,0.026779,-0.103372,67.132483
-0.003824,0.011019,0.000519,386.119276
0.097453,0.003797,-0.009078,305.290635
0.148329,0.066709,-0.020384,263.040066
0.036476,0.003229,-0.001781,354.325013
0.074184,0.035840,-0.002910,324.591392
-0.004382,0.092709,-0.000052,386.482855
0.030207,0.099197,-0.001319,359.284230
0.046005,0.050310,0.002456,347.441291
0.103727,0.051604,-0.009283,300.314613
0.342665,0.053158,-0.090997,91.262176
0.412501,0.002681,-0.125468,25.689460
-0.003508,0.038113,0.006791,386.534649
0.050076,0.042132,0.001723,344.158783
0.246311,0.097081,-0.047687,179.425938
0.302035,0.031164,-0.073062,128.517811
0.266766,0.030755,-0.058907,160.258408
0.153422,0.013389,-0.021770,258.742554
0.201468,0.064569,-0.036002,217.625905
0.114727,0.032203,-0.011855,291.195264
0.118083,0.023188,-0.012662,288.404287
0.063953,0.064400,-0.000880,332.918062
0.052999,0.010111,0.001186,341.802085
0.112551,0.057457,-0.011336,293.000204
0.264731,0.086393,-0.058127,162.065895
0.221647,0.072709,-0.042633,200.083521
0.323481,0.043355,-0.082307,108.946215
0.069241,0.071128,-0.001916,328.616198
0.325482,0.045875,-0.083194,107.109481
0.076925,0.027071,-0.003470,322.353396
0.136506,0.031172,-0.017268,272.999211
0.074560,0.058592,-0.002985,324.281275
0.403896,0.073758,-0.121513,33.647289
-0.005688,0.013040,-0.002497,387.254870
0.275099,0.013546,-0.062137,152.810644
-0.009894,0.042967,-0.004270,390.355502
0.010402,0.037363,0.008250,375.901981
0.214729,0.097002,-0.037021,206.967079
0.143318,0.051825,-0.019048,267.268252
0.139556,0.033274,-0.018060,270.436340
-0.002154,0.010575,0.003475,385.134144
0.112042,0.046894,-0.011217,293.423828
0.155187,0.017671,-0.022255,257.248148
0.031159,0.022023,0.005003,359.367857
-0.007272,0.067545,0.000271,388.774901
-0.008950,0.057422,-0.002636,389.784700
0.143142,0.034077,-0.019002,267.418090
0.201101,0.021693,-0.035888,217.948968
0.075236,0.031873,-0.003124,323.732963
0.108910,0.047474,-0.010481,296.022567
-0.004989,0.010086,-0.001234,386.842542
0.042239,0.022756,0.003118,350.477180
0.193695,0.085063,-0.033551,224.336038
0.241304,0.041090,-0.049476,182.839104
-0.000000,-0.000000,-0.000000,383.080720
0.824685,0.002173,-0.494401,-431.095077
0.139283,0.072524,-0.017986,270.660429
-0.002090,0.004236,0.004436,385.187752
-0.004627,0.061069,0.004853,387.196306
0.042977,0.031781,0.002990,349.882437
0.355201,0.079075,-0.096895,79.610807
0.161680,0.055137,-0.024061,251.735813
0.007703,0.076055,0.008649,378.035787
-0.000000,-0.000000,-0.000000,383.080720
0.174176,0.060144,-0.027651,241.090553
0.113192,0.083640,-0.011486,292.464405
0.027460,0.074276,0.005612,362.319074
0.390092,0.073610,-0.114253,46.795557
0.034416,0.001910,-0.001622,355.960795
0.819039,0.083466,-0.486422,-423.616644
0.222915,0.026449,-0.043066,198.982035
0.275768,0.045833,-0.062397,152.206580
0.043557,0.019518,0.002887,349.417078
0.041919,0.044987,0.003176,350.731573
0.098747,0.097075,-0.009285,304.223342
0.205126,0.055283,-0.037176,214.459330
0.060523,0.031738,-0.000223,335.707182
0.254111,0.060991,-0.054137,171.512477
0.422320,0.044993,-0.131562,15.950706
0.290351,0.064359,-0.068228,139.088877
0.234554,0.061780,-0.047083,188.777522
0.825330,0.075348,-0.495331,-431.969886
0.102368,0.098790,-0.009877,301.269388
0.126758,0.044863,-0.014791,281.163924
0.159192,0.053537,-0.023364,253.848381
0.010439,0.067287,0.008247,375.868166
0.151406,0.086012,-0.021216,260.438098
0.089539,0.003906,-0.007858,311.725465
0.342251,0.012618,-0.090806,91.651207
0.184217,0.072874,-0.030641,232.490349
0.058653,0.043107,0.000133,337.221540
-0.009272,0.050133,-0.003192,389.979278
0.363163,0.055796,-0.100733,72.177404
0.030729,0.036681,0.005075,359.710287
-0.004096,0.013205,-0.000026,386.273544
0.183533,0.072268,-0.030434,233.077876
0.114529,0.062941,-0.011806,291.355643
0.209165,0.099125,-0.035278,211.768555
0.076556,0.098752,-0.006030,322.220901
0.231979,0.099573,-0.042680,191.985450
0.010875,0.058909,0.008182,375.523461
0.300911,0.053365,-0.072590,129.534451
0.822437,0.081927,-0.491213,-428.119841
0.039589,0.060955,0.003582,352.602858
0.154412,0.046540,-0.022040,257.900429
0.137528,0.025237,-0.017533,272.141401
0.219325,0.000482,-0.038489,203.004291
0.821125,0.002279,-0.489348,-426.362376
-0.001691,0.006757,0.004794,384.915495
0.023578,0.043365,0.006233,365.422604
0.104808,0.046270,-0.009531,299.420689
0.175336,0.002766,-0.025578,240.665518
0.129670,0.096489,-0.014910,278.842311
-0.000000,0.100000,-0.000000,383.067143
0.185019,0.013022,-0.030887,231.810546
0.062398,0.098733,-0.004287,333.615736
0.190946,0.097249,-0.029864,227.389392
0.119870,0.068222,-0.013092,286.909725
0.264258,0.016351,-0.057950,162.496894
0.832700,0.076627,-0.499787,-437.963654
0.009260,0.068517,0.008421,376.802957
0.091782,0.017120,-0.006615,310.173183
-0.005980,0.039230,0.002509,388.005719
0.076378,0.059900,-0.003355,322.796753
0.248853,0.056163,-0.052204,176.170925
0.492124,0.096666,-0.175960,-53.879001
0.222739,0.004377,-0.039602,200.042237
0.177117,0.043744,-0.028518,238.578308
0.033605,0.049275,0.004598,357.405894
0.063340,0.078159,-0.000761,333.414362
0.097879,0.000869,-0.009145,304.944280
0.116114,0.063821,-0.012185,290.037649
0.148780,0.097962,-0.019033,262.966879
0.272991,0.044010,-0.061312,154.693473
-0.004521,0.092889,-0.000245,386.570671
0.825284,0.028957,-0.495260,-431.899368
0.206391,0.010465,-0.037587,213.369397
0.125609,0.039258,-0.014505,282.125107
0.082868,0.098873,-0.006890,317.118791
-0.004405,0.034512,0.005238,387.067660
0.079924,0.042246,-0.004088,319.899108
0.020487,0.077117,0.006722,367.882104
-0.004864,0.014745,-0.001298,386.737365
0.059734,0.052337,-0.000071,336.343940
0.247922,0.096070,-0.048267,178.007964
0.079511,0.000725,-0.006425,319.848355
0.027185,0.043557,0.005655,362.542884
0.066740,0.040894,-0.001425,330.655443
0.136554,0.009809,-0.017281,272.961793
0.029873,0.009659,0.005214,360.398765
0.062230,0.019588,-0.000551,334.323462
0.320122,0.082081,-0.080824,112.019884
0.235015,0.064261,-0.047245,188.371826
0.832792,0.062443,-0.499629,-437.902764
-0.008920,0.054290,-0.002583,389.766798
0.099884,0.000835,-0.009469,303.310142
0.280180,0.061021,-0.064138,148.246306
0.021774,0.083327,0.006521,366.855904
0.014868,0.045904,0.007584,372.356325
0.095230,0.016954,-0.007373,307.334393
-0.005663,0.089999,-0.002259,387.249953
-0.008606,0.051732,-0.002039,389.577909
0.311654,0.084630,-0.077146,119.758423
0.019565,0.023791,0.006862,368.622634
0.214152,0.009999,-0.040128,206.626859
0.014828,0.089656,0.007593,372.382358
0.219566,0.025390,-0.041934,201.906216
0.321308,0.030756,-0.081348,110.940372
0.023713,0.025235,0.006210,365.317189
0.821874,0.024175,-0.490409,-427.360338
0.108703,0.047810,-0.010433,296.194516
-0.004731,0.092358,-0.000625,386.694342
0.160198,0.000053,-0.021730,253.423902
0.818565,0.043511,-0.485752,-422.981078
0.253893,0.081664,-0.054056,171.702927
0.018913,0.051738,0.006965,369.138402
0.267648,0.062631,-0.059245,159.466444
0.152213,0.029186,-0.021439,259.763902
0.056325,0.077810,0.000573,339.103052
0.025124,0.041808,0.005986,364.188799
-0.004552,0.012902,-0.000730,386.554674
-0.006972,0.071959,0.000791,388.594731
0.253634,0.031101,-0.053962,171.939899
-0.004421,0.052277,0.005209,387.075090
-0.001694,0.006810,0.004779,384.916551
-0.001152,0.013422,0.005232,384.543016
0.076919,0.016041,-0.003469,322.360454
-0.005633,0.065075,0.003111,387.795017
0.284399,0.023036,-0.065823,144.458810
0.058825,0.012719,0.000098,337.086128
-0.004379,0.035928,0.005281,387.052572
0.160094,0.099879,-0.021705,253.496942
0.032060,0.096571,-0.001447,357.816818
0.822701,0.077533,-0.491588,-428.470518
0.224449,0.038251,-0.043587,197.639318
-0.001758,0.051385,0.009822,385.497728
0.064351,0.014229,-0.000961,332.601214
0.006893,0.011907,0.008761,378.685021
-0.004133,0.036996,0.005709,386.905676
0.039833,0.004306,-0.002055,351.656464
0.062122,0.065467,-0.000527,334.405146
0.061290,0.087174,-0.000366,335.077297
-0.000000,0.100000,-0.000000,383.067143
0.096359,0.099682,-0.008903,306.168152
0.823032,0.070475,-0.492056,-428.908642
0.041369,0.098525,-0.002183,350.421796
0.482870,0.099650,-0.169688,-44.446613
0.051046,0.032304,0.001546,343.377457
0.257892,0.036071,-0.055546,168.159575
0.226264,0.045713,-0.044207,196.050546
-0.005581,0.007635,-0.001921,387.232371
0.392023,0.089782,-0.115254,44.959361
0.820542,0.013014,-0.488526,-425.590851
0.826286,0.093548,-0.496704,-433.250683
0.072754,0.098063,-0.005538,325.287470
0.115855,0.019621,-0.012126,290.258580
-0.000000,0.100000,-0.000000,383.067143
0.218008,0.054016,-0.041410,203.261155
0.034008,0.000868,-0.001592,356.284524
0.099245,0.083767,-0.008264,304.013992
0.379361,0.080803,-0.108764,56.950432
0.132216,0.082804,-0.016164,276.591286
-0.003089,0.058558,0.007516,386.283932
0.823242,0.025033,-0.492349,-429.178311
0.045483,-0.000017,-0.002544,347.159561
0.825947,0.043934,-0.496212,-432.787681
0.412099,0.002634,-0.125169,26.108145
0.821545,0.018964,-0.489943,-426.922749
0.060025,0.098306,-0.004022,335.519548
0.194826,0.098247,-0.030980,224.075123
0.095623,0.084913,-0.007455,307.001124
0.833907,0.100015,-0.497449,-437.026307
0.820271,0.059952,-0.488150,-425.241638
0.331392,0.011342,-0.085842,101.679956
0.099335,0.051038,-0.008286,303.944229
0.085281,0.060601,-0.005212,315.507786
-0.001945,0.091118,0.004029,385.019814
0.132264,0.045925,-0.016179,276.555289
0.307746,0.088104,-0.075474,123.318473
0.183731,0.014306,-0.030497,232.915871
-0.001766,0.067027,0.009808,385.500320
0.068958,0.021315,-0.001864,328.853061
-0.005663,0.036391,0.003059,387.816696
-0.004184,0.008643,0.000121,386.358315
-0.001994,0.052137,0.009412,385.637166
0.357265,0.055565,-0.097884,77.688697
0.814956,0.007767,-0.480720,-418.215990
0.414296,0.064965,-0.127134,23.678444
0.152793,0.096023,-0.019961,259.614217
0.412120,0.000218,-0.122515,27.159234
0.065095,0.090299,-0.001100,331.986532
0.012631,0.097916,-0.000451,373.147154
0.352330,0.022662,-0.095530,82.293146
0.255540,0.099710,-0.051052,171.283869
0.148639,0.026504,-0.020470,262.783835
0.134737,0.053113,-0.016811,274.481376
0.131715,0.062377,-0.016038,277.013173
0.224746,0.035209,-0.043689,197.380259
0.021355,0.075153,0.006586,367.190509
-0.003354,0.006805,0.001658,385.874430
-0.004728,0.095799,-0.000152,386.741749
0.823541,0.057902,-0.492778,-429.582829
0.173272,0.096847,-0.025035,242.397401
0.819501,0.001049,-0.487060,-424.210003
0.199526,0.027028,-0.035387,219.310402
0.231391,0.056822,-0.045978,191.555174
0.106645,0.054732,-0.009954,297.899084
0.003525,0.051641,0.009246,381.344325
0.020361,0.075370,0.006742,367.982883
0.822358,0.073315,-0.491101,-428.014163
0.231055,0.077801,-0.045860,191.847097
0.309678,0.025088,-0.076300,121.568554
0.007513,0.051361,0.008674,378.189285
0.052024,0.004052,-0.003182,341.936745
0.215869,0.063640,-0.040695,205.124268
0.299001,0.018136,-0.071794,131.271389
0.405499,0.073296,-0.122371,32.114090
0.172332,0.048649,-0.027113,242.666911
0.195424,0.012215,-0.034095,222.855073
0.054653,0.075758,0.000885,340.456095
-0.003731,0.007618,0.000938,386.091861
0.253245,0.070092,-0.053817,172.279131
0.026763,0.055844,0.005724,362.878317
0.133477,0.038533,-0.016489,275.539644
0.206721,0.020401,-0.037693,213.081612
0.014656,0.035084,0.007615,372.525991
0.009287,0.061435,0.008416,376.782419
0.007249,0.000062,0.008708,378.404193
0.250590,0.062855,-0.052839,174.632734
0.050626,0.027136,0.001622,343.716982
0.833346,0.023075,-0.498677,-437.540901
0.267905,0.036122,-0.059344,159.241506
0.152130,0.014651,-0.021417,259.835368
0.207709,0.054479,-0.038012,212.220177
0.325726,0.070043,-0.083302,106.881677
0.195461,0.040462,-0.034105,222.819315
0.027981,0.060482,0.005527,361.904693
0.276345,0.097304,-0.059060,152.765467
0.011345,0.034412,0.008111,375.154194
0.823510,0.098184,-0.492740,-429.550947
0.028879,0.099464,-0.001230,360.336066
0.143013,0.042892,-0.018968,267.525889
-0.000869,0.013167,0.005801,384.384006
0.168109,0.083421,-0.025888,246.263411
0.041588,0.000484,-0.002200,350.261677
0.822561,0.076572,-0.491389,-428.284058
0.348374,0.064744,-0.093661,85.964884
0.239856,0.003427,-0.045399,185.109937
0.173722,0.081790,-0.027517,241.475913
0.066585,0.047018,-0.001394,330.781420
0.104495,0.047727,-0.009459,299.679611
0.323789,0.015781,-0.082443,108.668339
0.362741,0.034975,-0.100529,72.575627
0.325938,0.082804,-0.083396,106.685638
0.013117,0.016901,0.007845,373.750514
0.119319,0.001790,-0.012884,287.393083
-0.007782,0.060206,-0.000613,389.082115
0.042859,0.087005,0.003015,349.970385
0.295367,0.031023,-0.070287,134.560715
0.170315,0.012102,-0.026529,244.393045
-0.010093,0.068941,-0.004615,390.472326
0.023889,0.069164,0.006185,365.170882
-0.006690,0.069767,0.001279,388.426271
0.098797,0.030695,-0.008167,304.390670
0.409636,0.027086,-0.124600,28.158506
0.820423,0.065925,-0.488366,-425.444799
0.232981,0.084851,-0.046531,190.156360
0.275309,0.020655,-0.062219,152.620887
0.518738,-0.000028,-0.194649,-81.287178
0.161204,0.064646,-0.023926,252.139320
0.029290,0.070435,0.005314,360.856892
0.167194,0.074213,-0.025626,247.043862
0.832897,0.054147,-0.499449,-437.834111
0.197282,0.084878,-0.034674,221.241581
0.006663,0.058938,0.008798,378.861107
0.099579,0.068126,-0.008340,303.740646
-0.003801,0.072016,0.006283,386.704185
0.819208,0.059780,-0.486656,-423.834960
0.288323,0.013927,-0.067406,140.925472
0.821759,0.051283,-0.490250,-427.213874
0.022563,0.029231,0.006393,366.234115
0.411296,0.000885,-0.124247,27.073639
0.818611,0.088325,-0.485823,-423.051763
0.127694,0.003595,-0.014512,280.488379
0.191330,0.001872,-0.029974,227.076035
0.003890,0.098232,0.009198,381.049408
0.022580,0.016215,0.006389,366.221914
0.201362,0.019112,-0.035971,217.723814
0.110815,0.015971,-0.010929,294.446826
0.078223,0.010676,-0.003738,321.295137
0.358819,0.026342,-0.098631,76.242889
0.095038,0.082912,-0.007326,307.483720
0.818301,0.076481,-0.485387,-422.639437
0.140144,0.032997,-0.018213,269.942011
0.175835,0.087509,-0.028137,239.668696
0.084457,0.004389,-0.007118,315.845414
0.204473,0.025387,-0.036967,215.029463
0.075905,0.083457,-0.003257,323.179583
0.106297,0.089960,-0.009871,298.182821
0.136826,0.004433,-0.016396,272.928930
0.006861,0.095648,0.008772,378.699934
0.234323,0.071787,-0.047002,188.979074
0.153692,0.038674,-0.021843,258.511305
0.242289,0.013119,-0.049830,181.974899
0.087288,0.034675,-0.005642,313.864056
0.037961,0.096263,-0.001900,353.132600
0.113923,0.000715,-0.011885,291.826385
0.234752,0.035245,-0.047154,188.607172
-0.003921,0.009817,0.000441,386.187157
0.276361,0.045434,-0.062630,151.675226
0.044584,0.050062,0.002708,348.586483
0.076957,0.003411,-0.006086,321.910010
-0.002174,0.096269,0.004372,385.233844
0.113815,0.003129,-0.011865,291.914720
0.253894,0.004051,-0.050446,172.753181
-0.009455,0.040979,-0.003510,390.091144
0.088218,0.049089,-0.005841,313.098997
0.249604,0.035483,-0.052479,175.509288
-0.001654,0.002674,0.005513,384.964595
0.385245,0.030158,-0.111758,51.396871
-0.004127,0.004831,0.000690,386.374379
0.112419,0.068432,-0.011304,293.107969
0.210017,0.020318,-0.038766,210.220472
0.253220,0.032082,-0.053809,172.306435
0.014796,0.069409,0.007596,372.410240
0.833907,0.100015,-0.497449,-437.026307
0.817599,0.022864,-0.484398,-421.700635
0.155228,0.096807,-0.020535,257.576472
0.125225,0.073002,-0.014408,282.441410
0.129607,0.059038,-0.015505,278.779140
0.116429,0.070422,-0.012260,289.774423
0.163708,0.039373,-0.024635,250.015092
0.325895,0.004707,-0.080446,107.735305
-0.000656,0.013120,0.006220,384.263516
0.241170,0.011950,-0.049429,182.961791
0.157109,0.047784,-0.022784,255.615754
0.411667,0.002803,-0.123785,26.984424
-0.008469,0.061244,-0.001802,389.494420
0.832744,0.061466,-0.499712,-437.933958
0.085610,0.054380,-0.005282,315.238987
0.093498,0.080006,-0.006986,308.752893
0.202361,0.040557,-0.036289,216.856140
0.257074,0.017324,-0.055241,168.888452
0.413069,0.098969,-0.121013,27.044235
-0.001870,0.040688,0.009628,385.565178
0.065859,0.048935,-0.001252,331.370926
0.820679,0.028441,-0.488722,-425.776665
0.231539,0.058052,-0.046029,191.425235
0.108105,0.063784,-0.010292,296.687986
0.096012,0.053624,-0.007543,306.685308
0.196323,0.028438,-0.034376,222.077452
0.080144,0.082144,-0.004131,319.714301
0.042949,0.076454,0.002998,349.898738
0.378993,0.075588,-0.108579,57.298044
-0.000736,0.089960,0.006305,384.324201
0.833907,0.100015,-0.497449,-437.026307
0.412318,0.002323,-0.122332,27.086363
0.231540,0.000319,-0.042531,192.383663
0.220521,0.071480,-0.042253,201.066291
0.823034,0.009904,-0.492052,-428.898481
-0.007766,0.033862,-0.000584,389.075828
0.242346,0.076505,-0.049848,181.915369
0.183162,0.064008,-0.030323,233.396810
0.268004,0.074139,-0.059381,159.147376
0.076217,0.078390,-0.003321,322.925328
0.824293,0.043487,-0.493847,-430.580883
0.051193,0.035250,0.001519,343.258068
0.302887,0.023117,-0.073420,127.745444
-0.001158,0.068357,0.010861,385.141642
0.238182,0.043335,-0.048364,185.589506
0.033117,0.056813,0.004680,357.795788
-0.000000,-0.000000,-0.000000,383.080720
-0.002581,0.005406,0.003273,385.445081
0.153652,0.002808,-0.020163,258.909611
0.049218,0.000306,-0.002895,344.180266
0.822167,0.080029,-0.490831,-427.761709
0.292422,0.030489,-0.069076,137.223418
-0.001866,0.010748,0.004019,384.968036
0.121604,0.003206,-0.013318,285.511431
0.342652,0.058232,-0.090991,91.273700
0.076071,0.001850,-0.005967,322.626202
0.300776,0.078126,-0.072532,129.653711
0.227954,0.099814,-0.041323,195.494695
0.197915,0.056705,-0.034875,220.698810
0.505253,0.000325,-0.185069,-67.342410
0.222699,0.015930,-0.042993,199.172494
0.020351,0.076526,0.006743,367.990371
0.111962,0.065904,-0.011196,293.487898
-0.009952,0.030988,-0.004370,390.392133
0.819527,0.033886,-0.487101,-424.251304
0.063645,0.001871,-0.004432,332.628892
0.003828,0.075910,0.009205,381.101360
0.833106,0.033967,-0.499091,-437.697618
-0.004937,0.046376,0.004315,387.383036
-0.000656,0.087827,0.006285,384.260669
0.261898,0.097991,-0.053439,165.648979
0.034070,0.058951,0.004521,357.031462
0.142778,0.078266,-0.018903,267.718885
0.068551,0.000342,-0.005011,328.685856
0.069416,0.071737,-0.001951,328.473455
0.151302,0.077060,-0.021188,260.527765
0.167305,0.018866,-0.025661,246.956898
0.297782,0.061589,-0.071285,132.370306
0.147813,0.003981,-0.018813,263.787980
0.112551,0.047776,-0.011337,293.001024
0.334999,0.090174,-0.087474,98.343336
-0.005316,0.055723,0.003660,387.607157
0.022521,0.065112,0.006402,366.262574
0.015331,0.037334,0.007513,371.989300
0.025379,0.010067,0.005943,363.989805
-0.003245,0.027898,0.007246,386.380484
0.016668,0.071660,0.007312,370.922161
0.176776,0.013057,-0.028419,238.874694
0.824066,0.019828,-0.493520,-430.273677
0.126024,0.001121,-0.014180,281.868149
0.034018,0.032287,0.004528,357.077036
0.823173,0.066665,-0.492256,-429.095254
0.030922,0.055307,0.005044,359.553126
0.008626,0.098359,0.008516,377.301903
0.016377,0.029295,0.007353,371.158903
0.087789,0.029947,-0.005750,313.453585
0.149043,0.045628,-0.020578,262.440641
0.167260,0.016301,-0.025649,246.995271
0.142409,0.003339,-0.017604,268.289745
0.123260,0.083838,-0.013921,284.080800
0.144836,0.047846,-0.019451,265.989037
0.212878,0.058703,-0.039704,207.728598
0.177323,0.026342,-0.028580,238.404491
0.833621,0.005091,-0.498062,-437.272776
0.280014,0.096702,-0.060532,149.476774
0.199252,0.004035,-0.032280,220.300462
0.832862,0.064407,-0.499509,-437.857719
0.033983,0.029002,0.004533,357.105424
-0.000505,0.011178,0.006658,384.193786
-0.007062,0.054118,0.000635,388.651027
0.350299,0.018541,-0.094569,84.182969
0.257344,0.067176,-0.055340,168.641535
0.824567,0.051358,-0.494239,-430.947753
0.067943,0.061508,-0.001660,329.674173
0.135466,0.001254,-0.016109,274.057068
0.179776,0.053926,-0.029308,236.301280
0.817822,0.013971,-0.484709,-421.993908
0.008095,0.041093,0.008589,377.729618
0.068411,0.097843,-0.004998,328.784362
0.823984,0.056776,-0.493409,-430.173306
0.027749,0.072578,0.005565,362.088944
0.515782,0.000174,-0.192528,-78.221243
-0.004091,0.059977,0.005780,386.878039
-0.000904,0.088143,0.005822,384.403091
-0.010368,0.043540,-0.005092,390.642278
0.115301,0.049918,-0.011991,290.715456
0.018824,0.025402,0.006977,369.212913
-0.004662,0.009579,-0.000695,386.644754
0.144367,0.019236,-0.019328,266.388673
0.337898,0.044735,-0.088800,95.673187
