0.350350,0.083959,-0.068119,190.963164
0.244597,0.056488,-0.035856,269.098507
0.182785,0.086769,-0.021106,313.276200
0.155763,0.033178,-0.015578,332.258858
0.320806,0.071386,-0.058187,213.125428
0.085278,0.036536,-0.003721,380.836890
0.203485,0.068430,-0.025718,298.601156
0.554788,0.048783,-0.158159,29.883317
0.101266,0.082480,-0.006087,369.933084
0.090893,0.054827,-0.004530,377.014767
0.256590,0.048414,-0.039062,260.402395
0.093221,0.060199,-0.004873,375.428101
0.092194,0.055215,-0.004721,376.128162
0.238637,0.019715,-0.034306,273.406775
0.015078,0.049947,0.004469,427.905235
-0.000475,0.070604,-0.000822,437.809719
0.036351,0.076466,0.002365,413.777978
0.192872,0.062117,-0.023313,306.140772
0.005882,0.004156,0.000946,433.736617
0.063533,0.022662,-0.000802,395.556011
0.171847,0.024501,-0.018803,320.985444
0.137452,0.055792,-0.012142,345.006754
0.236870,0.015531,-0.033851,274.681767
0.101589,0.093848,-0.006136,369.711631
0.128045,0.001648,-0.010463,351.523908
0.289095,0.078624,-0.048326,236.621895
0.459079,0.023726,-0.111166,107.051249
0.463591,0.071152,-0.113182,103.484137
0.035435,0.018313,0.002461,414.390102
0.299875,0.024856,-0.051587,228.669626
0.318259,0.021102,-0.057365,215.025343
0.117233,0.085752,-0.008639,358.977212
-0.001235,0.058212,-0.002140,438.240116
0.218637,0.026648,-0.029303,287.784155
0.272275,0.098312,-0.041434,249.347260
0.240422,0.001598,-0.032857,272.453139
0.182412,0.080168,-0.021026,313.540385
0.156200,0.021028,-0.015663,331.953909
0.136918,0.046636,-0.012046,345.377536
0.117868,0.034282,-0.008746,358.541672
0.095692,0.026551,-0.005242,373.743490
0.161041,0.006386,-0.016615,328.568026
0.216484,0.008144,-0.028783,289.326332
0.321722,0.077173,-0.058483,212.442376
0.507337,0.065656,-0.133735,68.548766
0.186480,0.084876,-0.021905,310.665334
0.242318,0.062618,-0.035260,270.746446
0.375906,0.087281,-0.077305,171.577786
0.019601,0.064667,0.004050,424.911294
0.540462,0.056869,-0.150545,41.643905
0.295243,0.023498,-0.050175,232.091966
0.468292,0.071172,-0.115303,99.761267
-0.000276,0.094803,-0.000478,437.696864
0.090456,0.044926,-0.004467,377.313031
0.068155,0.008667,-0.001394,392.438299
0.154423,0.043511,-0.015318,333.194165
0.223955,0.099932,-0.028808,284.268437
0.022837,0.067478,0.003740,422.765841
0.198257,0.001028,-0.023014,302.552054
0.020686,0.098176,-0.000524,423.910010
0.176017,0.016396,-0.019671,318.051528
0.306117,0.055620,-0.053517,224.046801
0.105667,0.038213,-0.006773,366.921785
0.318455,0.079246,-0.057427,214.877678
0.501850,0.032051,-0.131056,72.969046
0.217467,0.045531,-0.029019,288.621639
0.343169,0.037118,-0.065639,196.375960
0.146980,0.086165,-0.013897,338.383008
0.203844,0.089365,-0.025800,298.345098
0.327748,0.072939,-0.060455,207.941596
0.297545,0.005769,-0.050875,230.392199
0.285398,0.022104,-0.047231,239.343590
0.074040,0.001585,-0.004088,388.289338
0.012998,0.010711,0.004657,429.281717
0.382541,0.099854,-0.078674,166.790238
0.105273,0.051933,-0.006710,367.191398
0.315598,0.027160,-0.056511,217.006724
0.216021,0.048305,-0.028671,289.655957
0.397919,0.085743,-0.085668,154.716250
0.055229,0.030930,0.000222,401.143684
0.251480,0.027939,-0.037683,264.113267
0.316916,0.089670,-0.056932,216.023438
0.024628,0.041846,0.003565,421.578352
0.320830,0.029969,-0.058195,213.108854
0.092739,0.013656,-0.004803,375.758231
0.040288,0.011180,0.001938,411.152036
0.228359,0.033572,-0.031695,280.809320
0.051393,0.092589,0.000680,403.716845
0.355503,0.078678,-0.069927,187.071177
0.169429,0.080310,-0.018304,322.683336
0.002799,0.079605,0.005537,436.004665
0.421926,0.022200,-0.095275,136.153562
0.465441,0.045674,-0.114014,102.021001
0.027618,0.078594,0.003269,419.591582
-0.001145,0.051090,-0.001982,438.189058
0.049945,0.046127,0.000848,404.688877
0.434380,0.056886,-0.100461,126.447875
0.160139,0.059458,-0.016435,329.197488
0.230016,0.013763,-0.032111,279.618485
0.281293,0.080146,-0.046025,242.357448
0.184374,0.002311,-0.020150,312.346303
0.244291,0.044828,-0.035776,269.320403
0.010306,0.054941,0.004897,431.057869
0.212376,0.006565,-0.027801,292.262807
0.150993,0.008706,-0.014659,335.589447
0.001308,0.032434,0.002265,436.806479
0.383506,0.026906,-0.080145,165.776091
0.032622,0.026630,0.002757,416.263806
0.284250,0.093143,-0.046891,240.185553
0.364235,0.010130,-0.073042,180.458861
0.237496,0.030535,-0.034012,274.229352
0.407751,0.014249,-0.089541,147.137963
0.299828,0.070016,-0.051572,228.702563
0.107796,0.007863,-0.007110,365.462902
0.003793,0.014096,0.005453,435.352856
0.081216,0.066740,-0.003148,383.594673
0.062487,0.026276,-0.000670,396.260388
0.219735,0.065697,-0.029568,286.996991
0.478572,0.021648,-0.120015,91.597093
0.026790,0.010650,0.003350,420.143374
0.018782,0.055042,0.004127,425.454215
0.049253,0.052046,0.000929,405.152605
-0.000378,0.068002,-0.000654,437.755042
0.115665,0.001519,-0.008752,360.017681
0.551618,0.012638,-0.156456,32.493764
0.256439,0.098609,-0.037047,260.873030
0.111338,0.002679,-0.008190,362.977506
0.281890,0.023265,-0.046201,241.921154
0.318750,0.015312,-0.057523,214.660387
0.006338,0.059980,0.005240,433.674447
0.183290,0.067221,-0.021215,312.920187
0.004905,0.017280,0.005360,434.619978
0.104470,0.053970,-0.006585,367.741124
0.080542,0.027381,-0.003056,384.053567
0.158977,0.098535,-0.015398,330.116212
0.233593,0.048530,-0.033014,277.042276
0.060436,0.030273,-0.000414,397.641572
0.020106,0.061192,0.004002,424.576800
0.291487,0.038027,-0.049042,234.861467
0.159305,0.051400,-0.016271,329.781700
0.300298,0.069213,-0.051716,228.355284
0.082816,0.024032,-0.003373,382.509739
0.531958,0.091784,-0.146124,48.588055
0.141555,0.020727,-0.012891,342.159176
0.467853,0.039661,-0.115105,100.110261
0.336861,0.087124,-0.063494,201.114619
0.000927,0.016347,0.001605,437.021499
0.169784,0.038729,-0.018378,322.435237
0.113474,0.012334,-0.008023,361.564744
0.044745,0.077623,0.001445,408.170474
0.075959,0.082028,-0.002426,387.158330
0.328598,0.083525,-0.060735,207.305984
0.040776,0.029298,0.001885,410.825455
0.028383,0.049368,0.003191,419.083738
0.018594,0.006734,0.004143,425.580057
0.250365,0.051621,-0.037384,264.920940
0.233030,0.089104,-0.032870,277.446066
0.399544,0.090859,-0.086302,153.465138
0.057332,0.062945,-0.000031,399.729271
0.313524,0.049621,-0.055850,218.548313
0.006935,0.070597,0.005190,433.281104
-0.000356,0.006666,-0.000617,437.744928
0.022889,0.090145,0.003736,422.730828
0.317826,0.028547,-0.057226,215.347983
0.187812,0.060940,-0.022197,309.724320
0.225490,0.031652,-0.030982,282.870528
0.342764,0.014671,-0.065500,196.681731
0.252664,0.060258,-0.038000,263.252989
0.485461,0.083846,-0.123228,86.101245
0.052465,0.079530,0.000553,402.997859
0.248919,0.042959,-0.036999,265.969616
0.048340,0.000913,-0.002017,405.533481
0.000288,0.021399,0.000499,437.380867
0.389798,0.079850,-0.082533,160.955354
0.142355,0.097541,-0.012629,341.650888
0.000937,0.018944,0.001622,437.015717
0.472221,0.077170,-0.117092,96.644337
0.187103,0.026203,-0.022043,310.226718
0.165380,0.037254,-0.017482,325.526297
0.080014,0.051640,-0.002982,384.410810
0.018748,0.064313,0.004130,425.475845
0.280401,0.024551,-0.045766,243.014173
0.000580,0.078029,0.001005,437.214413
0.145103,0.044095,-0.013547,339.691071
0.211358,0.080741,-0.027558,292.987898
0.207171,0.022838,-0.026574,295.977210
0.323577,0.066627,-0.059087,211.058307
0.213204,0.050559,-0.027997,291.670028
0.276338,0.100049,-0.042598,246.377042
0.046120,0.043559,0.001288,407.251509
0.153334,0.085436,-0.015106,333.953588
0.055402,0.013996,0.000201,401.028041
0.193777,0.042872,-0.023515,305.499556
0.065187,0.068907,-0.001010,394.439343
0.117933,0.039603,-0.008756,358.496870
0.267316,0.014686,-0.042027,252.590676
0.095066,0.069649,-0.005147,374.169545
0.243058,0.001715,-0.033530,270.553513
0.015765,0.034615,0.004406,427.451472
0.411311,0.058618,-0.090964,144.383973
0.048236,0.037984,0.001046,405.834663
0.015053,0.059037,0.004472,427.921251
0.021386,0.042617,0.003879,423.729062
0.167138,0.060296,-0.017838,324.292328
0.232615,0.072733,-0.032765,277.745879
0.157911,0.041894,-0.015997,330.756982
0.019541,0.051677,0.004055,424.951146
0.190371,0.081840,-0.022758,307.911934
0.000151,0.094554,0.000262,437.455823
0.041304,0.000544,-0.001561,410.227011
0.004132,0.016533,0.005425,435.129306
0.334131,0.027943,-0.062577,203.164750
0.288456,0.000530,-0.046165,237.491140
0.007209,0.067532,0.005166,433.100096
0.064184,0.014213,-0.000884,395.117266
0.292651,0.098655,-0.047433,234.399114
0.308718,0.037740,-0.054332,222.118508
0.111954,0.000797,-0.008269,362.556637
0.264843,0.030874,-0.041335,254.394474
0.121382,0.074744,-0.009333,356.119655
0.272761,0.063393,-0.043566,248.609885
0.154213,0.065611,-0.015276,333.340621
-0.001225,0.036906,-0.002122,438.235227
0.262765,0.072267,-0.040757,255.907729
0.000655,0.019561,0.001135,437.174144
0.418988,0.088239,-0.094071,138.433582
0.413947,0.089489,-0.092024,142.342617
0.181803,0.083666,-0.020896,313.969882
0.684558,0.000992,-0.240885,-81.802865
0.078184,0.024334,-0.002731,385.652314
0.046845,0.099996,-0.001915,406.528131
0.419505,0.001917,-0.093785,138.170685
0.293565,0.027464,-0.049668,233.329349
0.319374,0.002322,-0.055907,214.590981
0.016014,0.002221,-0.000354,427.000850
0.094746,0.082261,-0.005099,374.387015
0.156152,0.040050,-0.015653,331.986831
0.160007,0.034001,-0.016410,329.291027
0.103017,0.013789,-0.006359,368.737396
0.048172,0.045013,0.001054,405.877241
0.041523,0.036030,0.001803,410.326429
0.256136,0.082602,-0.038938,260.731227
0.216985,0.091047,-0.028902,288.965175
0.028341,0.081780,0.003196,419.110837
0.288235,0.044793,-0.048071,237.256045
0.549903,0.081228,-0.155539,33.901202
-0.000021,0.032736,-0.000037,437.555087
0.199029,0.086195,-0.024697,301.770082
-0.000383,0.042665,-0.000663,437.758920
0.080642,0.010250,-0.003070,383.985770
0.213158,0.011575,-0.027987,291.703976
0.341875,0.033397,-0.065196,197.349909
0.186645,0.098803,-0.020606,310.744175
0.123709,0.021697,-0.009729,354.516172
0.294414,0.089786,-0.049923,232.701375
0.104941,0.033205,-0.006659,367.419122
0.300164,0.074487,-0.051675,228.454291
0.172823,0.071358,-0.019004,320.297729
0.453495,0.019908,-0.108697,111.454945
0.219664,0.097544,-0.027797,287.334607
0.000111,0.032682,0.000192,437.480689
0.245557,0.034729,-0.036109,268.404979
0.039080,0.026601,0.002070,411.958103
0.167858,0.021010,-0.017985,323.788476
0.203783,0.018075,-0.025788,298.390611
0.005150,0.085481,0.005341,434.456790
0.461159,0.032559,-0.112093,105.408301
0.211785,0.071177,-0.027659,292.682806
0.170877,0.037389,-0.018602,321.666925
0.394765,0.001570,-0.083525,157.382580
0.020045,0.020982,0.004006,424.618381
-0.000289,0.039200,-0.000501,437.706094
0.228971,0.015035,-0.031849,280.369970
0.008218,0.063353,0.005079,432.434913
0.516532,0.025195,-0.138292,61.121716
0.291526,0.034039,-0.049054,234.832833
0.304903,0.045827,-0.053139,224.947317
0.169650,0.034873,-0.018351,322.529090
0.078068,0.032585,-0.002715,385.730970
0.244526,0.040176,-0.035838,269.150632
0.020777,0.052168,0.003938,424.132520
0.426473,0.039965,-0.097152,132.616313
0.113133,0.029706,-0.007967,361.799054
0.369238,0.022719,-0.074855,176.657428
0.350143,0.000714,-0.066516,191.481275
0.325645,0.009441,-0.059765,209.516182
0.155727,0.020125,-0.015571,332.284449
0.184787,0.000176,-0.020232,312.055812
0.009969,0.048259,0.004926,431.280614
0.057975,0.009871,-0.000111,399.298558
0.018276,0.007017,0.004173,425.790532
0.118590,0.069262,-0.008865,358.043715
0.012816,0.064617,0.004675,429.399798
0.095534,0.073155,-0.005217,373.849511
0.352436,0.086684,-0.068848,189.388386
0.499298,0.037203,-0.129820,75.019808
0.395956,0.006522,-0.084906,156.228929
0.000262,0.041160,0.000453,437.395208
0.079665,0.065459,-0.002933,384.647317
0.041543,0.074322,0.001802,410.311758
0.000619,0.046197,0.001072,437.193823
0.351750,0.045703,-0.068608,189.908349
0.077389,0.074880,-0.002621,386.189554
0.106929,0.035030,-0.006972,366.056777
0.086616,0.048576,-0.003912,379.926197
0.157109,0.054747,-0.015839,331.317308
0.200262,0.055619,-0.024979,300.894228
0.176631,0.016054,-0.019800,317.619008
0.026346,0.059275,0.003396,420.437073
0.235522,0.098071,-0.031626,275.974672
0.326266,0.045074,-0.059968,209.050890
0.230026,0.063179,-0.032113,279.609144
0.127621,0.068930,-0.010401,351.812950
0.476564,0.045560,-0.119086,93.194191
0.084876,0.082320,-0.003663,381.108603
0.399995,0.046623,-0.086479,153.119721
0.000536,0.092796,0.000929,437.238823
-0.000158,0.093806,-0.000273,437.630179
0.098758,0.002408,-0.006658,371.553501
0.157486,0.017145,-0.015914,331.054894
0.001357,0.052623,0.002350,436.778334
0.102973,0.073570,-0.006351,368.765148
0.414859,0.097193,-0.091814,141.791488
0.097069,0.099862,-0.006464,372.698165
0.410474,0.044939,-0.090628,145.032366
0.192251,0.021689,-0.023176,306.582317
0.234453,0.084508,-0.033232,276.421418
0.216942,0.051234,-0.028892,288.997297
0.301347,0.081188,-0.052039,227.578637
0.053413,0.022029,0.000439,402.362971
0.505972,0.056564,-0.133066,69.649419
0.073414,0.071470,-0.002084,388.881508
0.076674,0.034792,-0.002524,386.675458
0.064094,0.033516,-0.000872,395.177416
0.038946,0.009686,0.002084,412.048417
0.090901,0.084850,-0.004531,377.008781
0.062543,0.098282,-0.003087,396.019008
0.033319,0.078471,0.002685,415.798351
0.465604,0.043363,-0.114088,101.891874
0.062422,0.066785,-0.000661,396.302980
-0.000473,0.047053,-0.000820,437.809839
0.182296,0.002209,-0.019738,313.807809
0.353010,0.068409,-0.069050,188.955597
0.169991,0.048122,-0.018420,322.289285
0.100562,0.048253,-0.005980,370.415533
0.211128,0.033734,-0.027504,293.153104
0.469449,0.084389,-0.115828,98.843899
0.006129,0.058766,0.005258,433.812753
0.092622,0.061290,-0.004784,375.836712
0.471378,0.029857,-0.116707,97.315183
0.343592,0.044146,-0.065783,196.057621
0.024917,0.050341,0.003537,421.385949
0.047161,0.001110,-0.001938,406.320464
0.180549,0.017997,-0.020629,314.856609
0.571761,0.086708,-0.167458,15.847100
0.468220,0.054256,-0.115271,99.818783
0.042267,0.068358,0.001722,409.828531
0.024909,0.092129,0.003539,421.390446
0.314327,0.002778,-0.054254,218.351084
-0.000444,0.052676,-0.000768,437.792794
0.285164,0.021977,-0.047162,239.516095
0.237747,0.074241,-0.034075,274.046816
0.586416,0.011952,-0.175734,3.642263
0.124049,0.014590,-0.009787,354.281816
0.239121,0.031509,-0.034430,273.056966
0.381870,0.038635,-0.079530,167.026476
0.265087,0.006897,-0.041404,254.217465
0.278160,0.070246,-0.045115,244.656089
0.335545,0.001628,-0.061368,202.486204
0.064415,0.054263,-0.000913,394.960003
0.022329,0.021091,0.003788,423.104316
0.399144,0.055273,-0.086146,153.774456
0.099321,0.017481,-0.005791,371.265046
0.248645,0.034662,-0.036926,266.168204
-0.000000,0.100000,-0.000000,437.540897
0.015127,0.024673,0.004464,427.873509
0.271194,0.044972,-0.043121,249.756486
0.333973,0.059160,-0.062523,203.281901
0.000199,0.048168,0.000345,437.430335
0.376611,0.045991,-0.077567,171.041881
0.045834,0.046966,0.001321,407.442712
0.400845,0.075404,-0.086811,152.464223
0.302194,0.011582,-0.052301,226.954387
0.420960,0.040753,-0.094878,136.903889
0.151561,0.060114,-0.014767,335.191404
0.103230,0.028920,-0.006392,368.590946
0.360266,0.056968,-0.071618,183.466741
0.142251,0.073268,-0.013018,341.673221
0.298227,0.041894,-0.051082,229.887079
0.278951,0.011532,-0.045346,244.078362
0.465998,0.012618,-0.114266,101.580915
0.213605,0.053211,-0.028092,291.383096
0.054824,0.058379,0.000272,401.414466
-0.001215,0.056755,-0.002105,438.228788
-0.001245,0.041925,-0.002156,438.246127
0.291547,0.079608,-0.049059,234.815733
0.439227,0.044133,-0.102518,122.657996
0.447162,0.018520,-0.105931,116.436533
0.544934,0.024270,-0.152899,37.982164
0.371469,0.088875,-0.075670,174.957842
0.137722,0.049985,-0.012191,344.819197
0.304447,0.086300,-0.052997,225.283929
0.007421,0.051025,0.005147,432.961154
0.450522,0.057497,-0.107393,113.793977
0.014055,0.083193,0.004563,428.580345
0.067938,0.007086,-0.001366,392.584601
0.244575,0.066972,-0.035850,269.113959
0.354986,0.018106,-0.069745,187.464073
0.074546,0.043297,-0.002237,388.116295
0.140292,0.056480,-0.012658,343.034987
0.068835,0.019845,-0.001482,391.978943
0.518397,0.042600,-0.139226,59.611034
0.315188,0.017925,-0.056381,217.311822
0.092854,0.097553,-0.005992,375.561536
0.329432,0.001239,-0.059274,207.072439
0.002937,0.039487,0.005524,435.915171
0.008506,0.012573,0.005053,432.247018
0.000325,0.074920,0.000563,437.358310
0.175326,0.012434,-0.019526,318.538011
0.241290,0.056897,-0.034992,271.489363
0.100251,0.031784,-0.005932,370.628834
0.271695,0.066799,-0.043262,249.389578
0.065502,0.000589,-0.003331,394.035047
0.089695,0.012864,-0.004357,377.832298
0.042404,0.073903,0.001707,409.736276
0.326578,0.081034,-0.060070,208.816138
0.257330,0.051838,-0.039264,259.863931
0.000641,0.092389,0.001111,437.179614
0.219911,0.052899,-0.029612,286.871083
0.408272,0.068171,-0.089748,146.733618
0.222113,0.070140,-0.030149,285.291838
0.366271,0.092573,-0.073776,178.910304
0.078536,0.074778,-0.002778,385.412078
0.264560,0.062817,-0.041256,254.599481
0.384882,0.016555,-0.080665,164.723350
0.123118,0.019120,-0.009629,354.923866
0.575840,0.099335,-0.170899,12.045015
0.241370,0.040065,-0.035013,271.432229
0.131429,0.023204,-0.011068,349.181159
-0.000421,0.022832,-0.000729,437.780837
0.131153,0.014769,-0.011019,349.372299
0.315140,0.050300,-0.056365,217.346281
0.095886,0.010288,-0.005271,373.611798
0.001408,0.085800,0.002439,436.748307
0.099915,0.013481,-0.005881,370.859210
-0.000000,0.100000,-0.000000,437.540897
0.588023,0.100044,-0.179440,1.287369
0.462931,0.037816,-0.112886,104.007072
0.128543,0.083896,-0.010561,351.175219
0.181432,0.012379,-0.020818,314.234024
0.076427,0.000214,-0.004310,386.679752
0.001087,0.073314,0.001883,436.929279
0.148202,0.020917,-0.014129,337.534322
0.050732,0.002160,-0.002186,403.934407
0.427273,0.046012,-0.097484,131.992826
0.086470,0.038066,-0.003891,380.025940
0.077986,0.009595,-0.002704,385.787183
0.399216,0.026763,-0.086175,153.720293
0.107263,0.086378,-0.007023,365.825942
-0.001253,0.022749,-0.002169,438.251064
0.143960,0.000032,-0.012884,340.543879
0.082812,0.049301,-0.003372,382.511898
-0.000637,0.006952,-0.001103,437.903625
0.001874,0.064079,0.005613,436.614114
0.027154,0.023596,0.003314,419.901465
0.092887,0.014741,-0.004825,375.657517
-0.000000,0.100000,-0.000000,437.540897
-0.001285,0.077431,-0.002225,438.267430
0.003690,0.085166,0.005463,435.418244
0.115936,0.090944,-0.008425,359.869145
0.267167,0.099423,-0.039992,253.073785
0.345496,0.086569,-0.066437,194.622652
0.112794,0.021853,-0.007912,362.031807
0.435921,0.080097,-0.101112,125.242833
0.152790,0.092863,-0.015001,334.332814
0.285163,0.071881,-0.047161,239.514715
0.507568,0.055050,-0.133848,68.363475
0.177785,0.001914,-0.018857,316.975356
0.422130,0.017433,-0.095359,135.995472
0.030542,0.034050,0.002971,417.648373
0.119613,0.007559,-0.009037,357.340812
0.076624,0.075152,-0.002517,386.708254
0.073221,0.051678,-0.002059,389.012643
0.328306,0.098486,-0.058892,207.912335
0.206492,0.082665,-0.026415,296.459008
0.216344,0.010272,-0.028749,289.426522
0.228492,0.040295,-0.031729,280.713115
0.247009,0.070785,-0.036492,267.352582
0.418487,0.075794,-0.093867,138.822488
0.189314,0.000970,-0.021148,308.867588
0.213819,0.002017,-0.026447,291.505765
0.101024,0.056477,-0.006050,370.099196
0.301580,0.070139,-0.052110,227.406908
0.429669,0.063937,-0.098483,130.124730
0.339528,0.009445,-0.064397,199.115073
0.210499,0.044737,-0.027355,293.602166
0.004235,0.049482,0.005417,435.060105
0.061305,0.100006,-0.002983,396.850467
0.165951,0.050516,-0.017597,325.125543
0.133992,0.072915,-0.011521,347.404694
0.423116,0.044878,-0.095764,135.228342
0.381014,0.032975,-0.079209,167.681031
0.271818,0.066276,-0.043297,249.299312
0.031744,0.000846,-0.001024,416.585339
0.322816,0.075389,-0.058839,211.626006
0.082913,0.033943,-0.003387,382.443467
-0.000340,0.078274,-0.000590,437.733730
0.415316,0.093622,-0.092578,141.281202
0.019157,0.036564,0.004091,425.206252
0.067418,0.007209,-0.001299,392.935718
0.003200,0.009678,0.005502,435.742855
0.363442,0.075250,-0.072755,181.058000
0.087213,0.069612,-0.003997,379.519459
0.021816,0.091898,0.003839,423.442611
0.261085,0.072222,-0.040293,257.131261
0.062335,0.067597,-0.000650,396.361919
-0.000000,0.100000,-0.000000,437.540897
0.363125,0.002317,-0.071266,181.633415
0.031525,0.034875,0.002870,416.994132
0.010020,0.080458,0.004923,431.245582
0.468127,0.084666,-0.115228,99.892024
0.028134,0.000993,-0.000847,418.980972
0.304253,0.069014,-0.052937,225.427788
0.099314,0.098514,-0.006723,371.171599
-0.000000,-0.000000,-0.000000,437.544194
0.023644,0.097457,-0.000642,421.953275
0.163364,0.022755,-0.017078,326.940234
0.316292,0.013115,-0.056734,216.490410
0.275081,0.027925,-0.044229,246.913432
-0.001252,0.018990,-0.002169,438.250912
0.138338,0.019332,-0.012303,344.393153
0.134526,0.053896,-0.011616,347.035232
0.239197,0.089966,-0.034449,272.999586
0.550755,0.063684,-0.155994,33.201545
0.243172,0.038641,-0.035483,270.129563
0.112599,0.007973,-0.007881,362.166651
0.429608,0.015159,-0.098458,130.174128
0.284021,0.069368,-0.046825,240.354387
0.268282,0.030527,-0.042298,251.884958
0.337405,0.033527,-0.063678,200.708558
0.202808,0.048122,-0.025562,299.083599
0.074792,0.038453,-0.002270,387.949897
0.498295,0.085716,-0.129335,75.824276
0.019128,0.066300,0.004094,425.224294
0.494111,0.016675,-0.127328,79.183228
0.109622,0.025989,-0.007400,364.209919
0.152074,0.049554,-0.014865,334.834146
0.165659,0.098397,-0.016587,325.458008
0.172146,0.040121,-0.018864,320.774981
0.431819,0.077439,-0.099383,128.447153
0.023604,0.034377,0.003665,422.258444
0.381905,0.005838,-0.079543,167.000926
0.055709,0.060164,0.000165,400.820166
0.037534,0.093485,0.002239,412.988239
0.449049,0.022672,-0.106751,114.953318
0.084162,0.046835,-0.003562,381.594877
0.151064,0.034848,-0.014672,335.539037
0.279769,0.022587,-0.045583,243.478029
0.197703,0.018568,-0.024398,302.714258
0.098101,0.097533,-0.006582,371.996617
0.121215,0.053270,-0.009306,356.235262
0.496952,0.092880,-0.128689,76.901852
0.310687,0.009270,-0.054952,220.658221
0.141846,0.022829,-0.012944,341.956828
0.206937,0.023650,-0.026520,296.143909
-0.000703,0.095174,-0.001218,437.938095
0.231952,0.084345,-0.032598,278.222498
0.407540,0.026653,-0.089457,147.300943
0.087499,0.024760,-0.004039,379.326502
0.088559,0.002499,-0.005528,378.477127
0.010132,0.024387,0.004911,431.173852
0.221661,0.081088,-0.030038,285.615777
0.028291,0.026415,0.003200,419.145863
0.346448,0.090619,-0.066765,193.905473
0.301388,0.046930,-0.052052,227.549941
0.185132,0.036713,-0.021614,311.619762
0.199000,0.047308,-0.024691,301.791646
0.314431,0.069998,-0.056138,217.873444
0.517408,0.051534,-0.138730,60.411747
0.114325,0.030761,-0.008161,360.979380
0.400736,0.077124,-0.086769,152.548107
0.341677,0.045891,-0.065128,197.498444
0.226547,0.035978,-0.031244,282.111058
0.177522,0.036397,-0.019987,316.990723
0.024825,0.081613,0.003546,421.446104
0.038187,0.059184,0.002168,412.553255
0.106002,0.048075,-0.006825,366.691646
0.198869,0.068857,-0.024661,301.883987
0.024196,0.018625,0.003606,421.865844
0.392036,0.016868,-0.083393,159.239897
0.088458,0.088458,-0.004175,378.672212
0.511607,0.066171,-0.135840,65.103060
0.312118,0.036360,-0.055404,219.593805
0.371835,0.045684,-0.075805,174.681319
0.127956,0.058631,-0.010459,351.581824
0.092253,0.099158,-0.005926,375.968921
0.233268,0.031573,-0.032932,277.276740
0.392918,0.015329,-0.083732,158.563064
0.220230,0.028422,-0.029690,286.643243
0.080070,0.080755,-0.002989,384.371726
0.252778,0.010255,-0.038032,263.172295
0.374682,0.063306,-0.076853,172.511564
0.173604,0.098662,-0.018058,319.902231
0.282065,0.038253,-0.046252,241.791918
-0.000623,0.072325,-0.001079,437.893651
0.302463,0.097776,-0.050464,227.152007
0.034261,0.013896,0.002585,415.173015
0.513479,0.064459,-0.136769,63.590197
0.471965,0.033278,-0.116975,96.849519
0.126729,0.078323,-0.010246,352.429250
0.107143,0.097827,-0.007662,365.838410
0.021794,0.020250,0.003839,423.459343
0.199646,0.065323,-0.024838,301.332193
0.020133,0.041821,0.003999,424.559579
-0.001065,0.078784,-0.001845,438.143309
0.259464,0.027624,-0.039848,258.312385
0.003044,0.075915,0.005517,435.843374
0.133433,0.071368,-0.011421,347.792140
0.147882,0.031772,-0.014069,337.756737
0.196324,0.085317,-0.024085,303.690772
0.242171,0.085753,-0.035221,270.851460
0.029165,0.006505,0.003111,418.565099
0.069528,0.091629,-0.001570,391.508361
0.001170,0.069327,0.002027,436.882620
0.117019,0.065007,-0.008604,359.125348
0.072842,0.063705,-0.002008,389.269075
0.381261,0.045011,-0.079301,167.491695
0.347181,0.042192,-0.067019,193.354833
0.467430,0.043695,-0.114913,100.445207
0.214290,0.082789,-0.028255,290.892417
0.047203,0.097876,-0.001942,406.289341
0.030966,0.052620,0.002928,417.365878
0.204025,0.068220,-0.025843,298.216426
0.328654,0.054112,-0.060754,207.264927
0.140311,0.019486,-0.012663,343.022936
0.047147,0.069624,0.001172,406.563396
0.181105,0.062470,-0.020747,314.463341
0.293825,0.051989,-0.049746,233.136825
0.440312,0.040707,-0.102981,121.808785
0.148756,0.082976,-0.014232,337.146521
0.000257,0.027526,0.000446,437.398156
0.266776,0.061225,-0.041875,252.983050
0.095191,0.021833,-0.005167,374.085472
0.422303,0.005913,-0.095430,135.861141
0.501674,0.037202,-0.130971,73.109975
0.418558,0.020523,-0.093896,138.769590
0.217854,0.068687,-0.029112,288.343412
0.346178,0.015672,-0.066673,194.111559
0.272476,0.012534,-0.043485,248.820192
0.269702,0.098681,-0.040704,251.225605
0.396735,0.029305,-0.085208,155.629385
0.071344,0.056697,-0.001810,390.282350
0.143493,0.044293,-0.013248,340.810969
0.187506,0.044173,-0.022130,309.941228
0.012940,0.076074,0.004664,429.317491
0.053032,0.002326,-0.002351,402.396652
0.669381,0.098547,-0.230618,-68.524746
0.057565,0.028501,-0.000061,399.573425
0.221751,0.025441,-0.030061,285.553165
0.039642,0.098018,-0.001461,411.330852
0.199227,0.089167,-0.024742,301.629028
0.015136,0.030280,0.004464,427.867850
0.344081,0.073046,-0.065951,195.688274
0.038005,0.076318,0.002188,412.674012
0.001028,0.039421,0.001781,436.963477
0.340814,0.029078,-0.064834,198.147411
0.150899,0.015231,-0.014641,335.654648
-0.000000,-0.000000,-0.000000,437.544194
0.171838,0.077251,-0.018800,320.990322
0.380633,0.055634,-0.079066,167.970783
0.328143,0.044061,-0.060586,207.647576
0.382572,0.012490,-0.079794,166.490647
0.340323,0.010292,-0.064667,198.517569
0.558527,0.091834,-0.160181,26.799730
0.235760,0.031324,-0.033567,275.481520
0.183038,0.085273,-0.021161,313.097743
0.137684,0.042346,-0.012184,344.845873
0.000571,0.071626,0.000990,437.219675
0.061229,0.034171,-0.000512,397.107685
0.079050,0.068028,-0.002849,385.063834
0.054194,0.031431,0.000347,401.838540
0.457524,0.081746,-0.110475,108.276506
0.106950,0.067371,-0.006974,366.041506
0.033492,0.002420,-0.001114,415.424231
0.251248,0.048903,-0.037620,264.280875
0.216889,0.070967,-0.028879,289.034279
0.273104,0.038418,-0.043664,248.360158
0.275432,0.043199,-0.044330,246.655651
0.274679,0.086629,-0.044113,247.205848
0.318367,0.033915,-0.057399,214.944904
0.061922,0.001522,-0.003036,396.439590
0.492448,0.033594,-0.126534,80.515142
0.159183,0.073964,-0.016246,329.866122
0.003893,0.055674,0.005446,435.285549
0.121327,0.036597,-0.009325,356.158733
0.001001,0.043324,0.001733,436.978903
0.411680,0.035676,-0.091112,144.099349
0.449927,0.024718,-0.107134,114.262660
0.318473,0.012741,-0.057434,214.866624
0.062679,0.089057,-0.000692,396.128949
0.278643,0.023392,-0.045256,244.303323
0.200371,0.069938,-0.025003,300.816479
0.056861,0.058893,0.000026,400.045631
0.110807,0.052038,-0.007590,363.395565
0.112046,0.045421,-0.007790,362.545031
0.105987,0.087298,-0.006822,366.700982
0.068742,0.052232,-0.001469,392.040343
0.413539,0.020698,-0.091861,142.660823
0.250222,0.049310,-0.037346,265.024826
-0.000246,0.016653,-0.000426,437.682304
0.580400,0.009640,-0.172309,8.664168
0.261000,0.081990,-0.040269,257.192759
0.030893,0.022534,0.002935,417.415433
-0.000102,0.005108,-0.000176,437.601407
0.106492,0.029609,-0.006903,366.356351
0.430223,0.055462,-0.098714,129.693411
0.471345,0.043735,-0.116692,97.340676
0.150223,0.098799,-0.013906,336.200562
0.274526,0.063449,-0.044070,247.318061
0.142357,0.061283,-0.013038,341.600257
0.376377,0.076888,-0.077480,171.218888
0.449917,0.007667,-0.107130,114.271031
0.098916,0.092534,-0.005727,371.539198
0.100348,0.041560,-0.005947,370.562475
0.170313,0.042739,-0.018486,322.063295
0.433708,0.011819,-0.100178,126.974548
0.100616,0.066755,-0.005988,370.377836
0.426175,0.027500,-0.097029,132.848427
0.317138,0.020378,-0.057005,215.860657
0.000378,0.019316,0.000655,437.330208
0.091682,0.077164,-0.004645,376.476846
0.210014,0.052039,-0.027241,293.948179
0.074708,0.050951,-0.002258,388.006571
0.234018,0.020096,-0.033123,276.737142
0.146709,0.037053,-0.013848,338.573860
0.391053,0.080538,-0.083014,159.991932
0.065281,0.074521,-0.001022,394.375894
-0.000211,0.038189,-0.000366,437.662203
0.337214,0.074071,-0.063613,200.850000
0.181905,0.085021,-0.020917,313.897931
0.052733,0.027224,0.000520,402.819551
0.313376,0.099519,-0.053944,219.055061
0.165364,0.066690,-0.017478,325.536930
0.245547,0.027672,-0.036107,268.412087
0.000486,0.095807,0.000841,437.267166
0.467660,0.029247,-0.115017,100.263620
0.273339,0.057181,-0.043731,248.187336
-0.000949,0.038382,-0.001644,438.078829
0.258530,0.098653,-0.037613,259.355331
0.302334,0.076354,-0.052343,226.848830
0.130509,0.019086,-0.010906,349.817865
-0.001133,0.082515,-0.001962,438.181218
0.059544,0.044337,-0.000303,398.241857
0.305511,0.057746,-0.053328,224.496120
0.320214,0.022424,-0.057996,213.568658
0.134053,0.068343,-0.011532,347.362881
0.334183,0.007982,-0.062595,203.126355
0.063341,0.089377,-0.000776,395.683097
0.226622,0.006541,-0.031263,282.058360
0.333144,0.082727,-0.062246,203.902145
0.088983,0.056611,-0.004252,378.315874
0.381214,0.000366,-0.078156,167.812624
0.021543,0.099754,-0.000564,423.342833
0.310731,0.051820,-0.054965,220.623477
0.012340,0.080289,0.004718,429.714120
0.195521,0.010691,-0.023906,304.263799
0.426290,0.089598,-0.097075,132.756935
0.090718,0.066739,-0.004505,377.133550
0.152592,0.041249,-0.014965,334.472833
0.128588,0.012101,-0.010570,351.146867
0.161818,0.028423,-0.016769,328.023400
0.172429,0.030053,-0.018923,320.576098
0.316743,0.061263,-0.056877,216.153438
0.080304,0.032251,-0.003023,384.214375
0.076427,0.068357,-0.002490,386.841761
0.231326,0.085994,-0.032439,278.673353
-0.001251,0.070054,-0.002167,438.248535
0.126560,0.098447,-0.010250,352.541547
0.063866,0.100021,-0.003193,395.130826
0.131277,0.016159,-0.011041,349.286443
0.462592,0.058792,-0.112734,104.274107
0.198795,0.046175,-0.024645,301.937317
0.426415,0.009583,-0.097129,132.661998
0.156405,0.020440,-0.015703,331.810548
0.421559,0.040249,-0.095124,136.438426
0.004653,0.010050,0.005381,434.786602
0.068780,0.017395,-0.001475,392.016180
0.432466,0.080606,-0.099655,127.941948
-0.000203,0.087276,-0.000351,437.655771
0.159828,0.077606,-0.016373,329.414381
0.038841,0.013383,0.002096,412.118696
0.063625,0.016331,-0.000814,395.494251
0.338114,0.092282,-0.063917,200.173824
0.269853,0.080758,-0.042740,250.735735
0.238389,0.012594,-0.034242,273.585473
0.308413,0.012188,-0.054236,222.346220
0.110727,0.050406,-0.007577,363.450621
0.037826,0.052079,0.002207,412.794565
0.148359,0.060127,-0.014158,337.423772
0.111030,0.022409,-0.007627,363.243460
0.171285,0.031581,-0.018686,321.380794
-0.000000,0.100000,-0.000000,437.540897
0.242606,0.061019,-0.035335,270.538298
0.128463,0.046719,-0.010548,351.232182
0.216559,0.083642,-0.028800,289.269662
0.081601,0.041636,-0.003203,383.333819
0.051537,0.039898,0.000662,403.621517
0.348419,0.039770,-0.067448,192.421548
-0.000566,0.040288,-0.000980,437.862111
0.168518,0.034329,-0.018119,323.324237
0.000015,0.018635,0.000027,437.534940
0.265899,0.099188,-0.039638,253.997396
0.106286,0.047147,-0.006870,366.497365
0.263736,0.022977,-0.041027,255.201914
0.082692,0.078263,-0.003355,382.592149
0.175614,0.039135,-0.019586,318.334861
0.001263,0.038764,0.002188,436.831397
0.271338,0.056867,-0.043161,249.650578
0.014898,0.001474,-0.000321,427.737889
0.135159,0.085959,-0.011729,346.595694
0.012860,0.035950,0.004670,429.372013
-0.000931,0.039503,-0.001612,438.068526
0.391206,0.021020,-0.083074,159.876711
0.225172,0.049813,-0.030903,283.097858
0.018779,0.090647,0.004128,425.454595
0.176219,0.097660,-0.018556,318.070154
0.218140,0.058518,-0.029182,288.139013
0.068312,0.085646,-0.001412,392.329885
0.035725,0.036955,0.002431,414.196242
0.263888,0.057220,-0.041069,255.089816
0.100725,0.098365,-0.006888,370.211787
0.000197,0.038200,0.000342,437.431676
-0.000255,0.018620,-0.000441,437.687305
0.119995,0.006274,-0.009101,357.077662
0.077090,0.062948,-0.002580,386.392837
0.324308,0.009721,-0.059327,210.514755
0.217416,0.062216,-0.029007,288.657144
0.163826,0.062645,-0.017169,326.615238
0.222985,0.093747,-0.030362,284.665985
0.347076,0.044729,-0.066983,193.434021
0.000481,0.037069,0.000833,437.271700
0.306577,0.054875,-0.053661,223.705997
0.042025,0.029786,0.001747,409.990939
0.180025,0.054786,-0.020517,315.225130
0.322509,0.008246,-0.058740,211.857888
0.017902,0.098513,-0.000422,425.750292
-0.000237,0.004033,-0.000411,437.677957
0.058061,0.060512,-0.000120,399.238794
0.010459,0.078560,0.004884,430.955883
0.141352,0.093885,-0.012852,342.297343
-0.000000,-0.000000,-0.000000,437.544194
0.272355,0.084466,-0.043450,248.905977
0.095038,0.071223,-0.005143,374.188060
0.177473,0.022991,-0.019977,317.025508
0.315834,0.099039,-0.054744,217.225416
0.413274,0.099653,-0.091145,143.026377
0.340722,0.017655,-0.064803,198.217095
0.187363,0.002079,-0.020751,310.242594
0.267861,0.055484,-0.042179,252.190872
0.297882,0.020091,-0.050977,230.142949
0.147875,0.099725,-0.013518,337.828823
0.066792,0.067755,-0.001216,393.356081
0.000408,0.095443,0.000707,437.311043
0.115505,0.057238,-0.008354,360.167272
0.053378,0.034357,0.000444,402.386646
0.241511,0.040832,-0.035050,271.330585
0.005573,0.006883,0.005303,434.180816
0.148763,0.057877,-0.014234,337.142522
0.164847,0.065117,-0.017374,325.899536
-0.000785,0.053734,-0.001360,437.985782
-0.000225,0.070104,-0.000390,437.669096
0.012884,0.091999,0.004669,429.354323
0.175787,0.097335,-0.018473,318.373162
0.128173,0.038092,-0.010497,351.432572
-0.000139,0.095341,-0.000241,437.619631
0.316838,0.078563,-0.056907,216.081901
0.172430,0.086877,-0.018922,320.573702
0.348415,0.037056,-0.067447,192.424832
0.217129,0.081113,-0.028937,288.861846
0.105251,0.023773,-0.006708,367.206822
0.057432,0.064111,-0.000043,399.661546
0.158495,0.056280,-0.016111,330.348351
0.248946,0.097819,-0.035057,266.298607
0.047638,0.002400,-0.001972,406.001554
0.003672,0.015798,0.005463,435.432451
0.269029,0.040589,-0.042508,251.338637
0.353117,0.088720,-0.069087,188.874026
0.016393,0.029103,0.004348,427.035928
0.047134,0.063113,0.001173,406.571980
0.244186,0.026998,-0.035749,269.396837
0.220938,0.082491,-0.029861,286.134046
-0.000000,0.100000,-0.000000,437.540897
0.187663,0.032883,-0.022165,309.830232
0.445940,0.041538,-0.105401,117.395281
0.234011,0.049305,-0.033120,276.741399
0.383392,0.058306,-0.080102,165.861842
0.080768,0.020245,-0.003087,383.900341
0.195335,0.000896,-0.022395,304.618437
0.033773,0.050417,0.002637,415.496883
0.182596,0.073752,-0.021066,313.410025
0.394129,0.077684,-0.084198,157.630977
0.227423,0.020539,-0.031462,281.481981
0.270900,0.072921,-0.043037,249.970681
0.000011,0.030863,0.000019,437.537104
0.262504,0.023190,-0.040686,256.099645
0.004118,0.091293,0.005428,435.135880
0.099169,0.024980,-0.005767,371.368514
0.189460,0.088951,-0.022557,308.556643
0.062487,0.031255,-0.000670,396.260647
0.217099,0.081918,-0.028930,288.883274
0.447978,0.010577,-0.106285,115.795630
0.112177,0.082958,-0.007810,362.454034
0.556972,0.017237,-0.159339,28.085211
0.374773,0.016625,-0.076887,172.444032
0.404641,0.036262,-0.088307,149.538584
0.226732,0.081330,-0.031289,281.976618
0.148902,0.080337,-0.014260,337.044465
0.234477,0.030734,-0.033239,276.406231
0.066570,0.071982,-0.001187,393.506356
0.001205,0.060181,0.002087,436.863563
0.048482,0.047276,0.001018,405.669566
0.022602,0.002184,-0.000600,422.645802
-0.000000,0.100000,-0.000000,437.540897
0.398356,0.042409,-0.085839,154.382001
0.061585,0.092553,-0.000555,396.865995
0.099089,0.081456,-0.005754,371.421784
0.112367,0.050012,-0.007842,362.324499
0.448797,0.037530,-0.106641,115.150796
0.190573,0.011756,-0.022804,307.771358
0.216893,0.091034,-0.028880,289.030460
0.000870,0.016286,0.001507,437.053156
0.021492,0.093257,0.003870,423.657009
0.297300,0.086859,-0.050799,230.570664
0.059568,0.069226,-0.000305,398.224396
-0.000667,0.082992,-0.001156,437.918216
0.066133,0.076205,-0.001131,393.800945
0.000935,0.082295,0.001620,437.014513
0.217891,0.009511,-0.029122,288.319211
0.126732,0.034351,-0.010248,352.428617
0.149017,0.097362,-0.013706,337.036970
0.438585,0.072692,-0.102244,123.159191
-0.000349,0.018213,-0.000605,437.740792
0.057020,0.044067,0.000006,399.939127
0.009475,0.046906,0.004970,431.606381
0.275781,0.045289,-0.044430,246.399817
0.531118,0.071128,-0.145691,49.273804
0.177418,0.091493,-0.019964,317.061786
0.239479,0.078292,-0.034522,272.796450
0.217078,0.008695,-0.028926,288.901091
0.299541,0.013441,-0.051485,228.916937
0.263059,0.052364,-0.040839,255.693717
0.097771,0.040493,-0.005555,372.323284
0.062856,0.054639,-0.000716,396.011362
0.043096,0.089909,0.001630,409.273398
0.205108,0.018008,-0.026095,297.446828
0.233057,0.036116,-0.032878,277.428660
0.022830,0.097351,-0.000608,422.492076
-0.000397,0.007061,-0.000687,437.767918
0.225564,0.008635,-0.031001,282.818029
0.137703,0.085659,-0.012187,344.831551
0.170090,0.010891,-0.018441,322.220833
0.376653,0.045119,-0.077582,171.009989
0.024426,0.075415,0.003585,421.711155
0.136845,0.059107,-0.012032,345.427683
0.172818,0.100043,-0.017910,320.452584
0.426085,0.099183,-0.096613,133.019625
0.329466,0.040070,-0.061023,206.657791
0.319288,0.056978,-0.057696,214.257454
-0.001334,0.039914,-0.002311,438.296698
0.013621,0.038092,0.004601,428.869182
0.575502,0.000575,-0.171590,12.017307
0.116178,0.052795,-0.008465,359.704166
0.121484,0.062044,-0.009351,356.049416
0.352273,0.015659,-0.068792,189.514527
0.392176,0.017660,-0.083446,159.132671
0.098679,0.074664,-0.005691,371.702288
0.025055,0.023860,0.003522,421.295478
0.559553,0.028874,-0.160739,25.955387
0.158935,0.015431,-0.016199,330.041549
0.046157,0.059012,0.001285,407.226371
0.297729,0.069609,-0.050930,230.253970
0.057269,0.023225,-0.000025,399.772414
0.114508,0.050172,-0.008191,360.852804
0.029562,0.065532,0.003072,418.299063
0.268683,0.062162,-0.042410,251.591046
0.236124,0.041747,-0.033659,275.218901
0.395584,0.086631,-0.084761,156.512199
0.294720,0.055528,-0.050016,232.476387
0.322056,0.051644,-0.058592,212.194295
0.090757,0.089959,-0.004510,377.106789
0.359956,0.081494,-0.071506,183.700967
0.245631,0.078196,-0.036128,268.349786
0.219441,0.038409,-0.029497,287.208418
0.066456,0.028467,-0.001174,393.584194
0.091046,0.025024,-0.004554,376.911977
0.280014,0.053017,-0.045654,243.296733
0.016655,0.065892,0.004325,426.861956
0.032779,0.099776,-0.001078,415.894600
0.638925,0.002004,-0.210702,-42.109840
0.078185,0.000915,-0.004478,385.493071
0.000126,0.006123,0.000219,437.472698
0.347349,0.090190,-0.067077,193.226188
0.350572,0.032950,-0.068197,190.797852
0.366622,0.054494,-0.073904,178.644968
0.397507,0.093432,-0.085507,155.033296
0.057678,0.084732,-0.000073,399.495867
0.005465,0.071050,0.005314,434.249455
0.157128,0.042463,-0.015843,331.304626
-0.001332,0.032309,-0.002307,438.295643
0.214296,0.078478,-0.028257,290.888947
0.298775,0.038002,-0.051250,229.482485
0.051836,0.072211,0.000628,403.420040
0.036998,0.077919,0.002296,413.346135
0.300720,0.069603,-0.051846,228.043283
0.110415,0.018717,-0.007528,363.665683
0.073188,0.014398,-0.002056,389.036453
0.340368,0.093522,-0.064681,198.480834
0.408198,0.024696,-0.089719,146.792664
0.015983,0.000267,-0.000363,427.021028
0.203190,0.044053,-0.025650,298.811956
0.020923,0.042461,0.003923,424.035562
-0.001382,0.039404,-0.002393,438.323623
0.001139,0.054454,0.001973,436.900629
0.156050,0.074428,-0.015632,332.057055
0.298556,0.044164,-0.051183,229.644338
0.099516,0.079136,-0.005819,371.130010
0.153730,0.038614,-0.015184,333.678399
0.142472,0.000694,-0.012647,341.573195
0.130951,0.034199,-0.010983,349.511384
0.207478,0.025046,-0.026646,295.757656
0.222167,0.067649,-0.030162,285.253273
0.322625,0.028350,-0.058778,211.770463
0.157000,0.019686,-0.015819,331.394666
0.004253,0.085114,0.005417,435.047664
0.360776,0.098920,-0.070394,183.416007
0.312547,0.073389,-0.055539,219.273504
0.014998,0.021934,0.004476,427.959293
0.349544,0.030052,-0.067839,191.573564
0.318511,0.006209,-0.057446,214.838088
0.093353,0.040823,-0.004893,375.338943
0.345389,0.051852,-0.066401,194.704248
0.170933,0.086036,-0.018613,321.626084
0.235367,0.021575,-0.033466,275.765207
0.474611,0.035054,-0.118188,94.747569
0.243746,0.098839,-0.033707,270.053269
0.003864,0.044386,0.005448,435.305087
0.037813,0.056638,0.002208,412.802837
0.528706,0.089853,-0.144452,51.237440
0.192131,0.005906,-0.023150,306.667488
0.010430,0.064300,0.004886,430.976034
0.070151,0.034304,-0.001653,391.089100
0.250642,0.001871,-0.035502,265.075498
0.195894,0.048328,-0.023989,303.997749
0.107351,0.018393,-0.007039,365.768134
0.273847,0.027740,-0.043876,247.816782
-0.000874,0.047953,-0.001513,438.036051
0.122172,0.072274,-0.009467,355.574754
0.035623,0.087048,0.002443,414.262857
-0.000058,0.003624,-0.000101,437.577005
0.234576,0.041992,-0.033264,276.334088
0.036211,0.066266,0.002380,413.871238
0.160821,0.040475,-0.016571,328.720952
0.010132,0.077235,0.004913,431.172325
0.031571,0.066830,0.002867,416.962541
0.102903,0.025253,-0.006341,368.814893
0.437756,0.036817,-0.101891,123.809440
0.089235,0.028594,-0.004289,378.145034
0.257491,0.045530,-0.039308,259.747260
0.303495,0.030366,-0.052703,225.990609
0.429408,0.035032,-0.098374,130.329360
0.315626,0.048792,-0.056520,216.984692
0.148963,0.021668,-0.014273,337.004188
0.368557,0.013647,-0.074607,177.176060
0.149761,0.002006,-0.013829,336.524541
0.353471,0.024332,-0.069212,188.609071
0.424517,0.001317,-0.095935,134.251485
0.184117,0.044976,-0.021394,312.336735
0.025583,0.083458,0.003472,420.942923
0.084265,0.042135,-0.003577,381.524972
0.000551,0.035251,0.000954,437.232429
0.517768,0.023916,-0.138911,60.120946
0.219151,0.042019,-0.029427,287.415762
0.021409,0.054926,0.003877,423.713024
0.216496,0.052000,-0.028785,289.316010
0.119551,0.001507,-0.009273,357.356435
0.182731,0.085745,-0.021095,313.314495
0.191307,0.027293,-0.022966,307.251082
0.343267,0.010891,-0.065673,196.303106
0.276790,0.031573,-0.044721,245.661338
0.430212,0.001832,-0.098409,129.787292
-0.000108,0.005588,-0.000187,437.604789
0.153489,0.051237,-0.015137,333.846027
0.165042,0.079807,-0.017413,325.762016
0.001290,0.076207,0.002235,436.814757
0.532668,0.040382,-0.146490,48.011328
0.257041,0.017111,-0.039186,260.075720
0.110699,0.053090,-0.007573,363.469665
0.116722,0.089553,-0.008554,359.328707
0.252770,0.098973,-0.036066,263.531761
0.240689,0.001371,-0.032925,272.260869
0.052290,0.083228,0.000574,403.115118
0.155277,0.038472,-0.015483,332.598226
0.134754,0.002445,-0.011453,346.903788
0.375011,0.038310,-0.076974,172.262098
0.127972,0.002650,-0.010452,351.574325
0.212607,0.047940,-0.027855,292.096704
0.262324,0.019413,-0.040636,256.230698
0.201069,0.043278,-0.025163,300.320894
0.183524,0.037196,-0.021266,312.756414
0.311514,0.067897,-0.055212,220.041350
0.524304,0.053887,-0.142208,54.818535
0.165663,0.072664,-0.017539,325.327006
-0.000000,0.100000,-0.000000,437.540897
0.006222,0.031930,0.005249,433.752123
0.351259,0.019526,-0.068437,190.279579
0.242945,0.076401,-0.035423,270.292649
0.262899,0.039780,-0.040795,255.811173
0.112187,0.039610,-0.007813,362.448156
0.278297,0.088288,-0.045155,244.554745
0.219987,0.082641,-0.029629,286.815724
0.122637,0.072122,-0.009546,355.253898
0.194876,0.007612,-0.023762,304.721140
0.183144,0.052593,-0.021184,313.024041
0.184738,0.008597,-0.021529,311.899538
0.314462,0.080980,-0.056148,217.849928
0.209705,0.084143,-0.027167,294.167648
0.020225,0.071590,0.003991,424.497694
0.385596,0.071877,-0.080935,164.174747
0.073529,0.099649,-0.004040,388.630068
0.090896,0.083670,-0.004530,377.011915
0.406860,0.066443,-0.089186,147.825044
-0.000148,0.016735,-0.000257,437.627367
0.143871,0.064186,-0.013317,340.547781
0.240535,0.067551,-0.034796,272.034672
0.152263,0.002427,-0.014247,334.788209
0.298612,0.037739,-0.051200,229.603016
0.014401,0.083439,0.004532,428.352065
0.202315,0.046567,-0.025449,299.434788
0.367920,0.038647,-0.074375,177.659444
0.262178,0.056092,-0.040595,256.335375
0.198715,0.043144,-0.024627,301.994052
0.168519,0.077139,-0.018118,323.322596
-0.000526,0.036091,-0.000910,437.839642
0.169626,0.000322,-0.017313,322.690054
-0.000086,0.083703,-0.000149,437.589934
0.414072,0.039869,-0.092076,142.247418
0.132782,0.085506,-0.011305,348.242075
-0.000236,0.036444,-0.000408,437.675906
0.187145,0.045921,-0.022051,310.196400
0.204619,0.076236,-0.025980,297.793521
0.217293,0.088136,-0.028976,288.744577
0.243560,0.066899,-0.035584,269.848335
0.466631,0.087354,-0.114551,101.077119
0.106892,0.023541,-0.006966,366.082684
0.193443,0.067325,-0.023440,305.735920
0.249834,0.075651,-0.037242,265.305053
0.174300,0.052219,-0.019311,319.258994
0.069030,0.002577,-0.003638,391.663081
0.287626,0.033772,-0.047890,237.704871
0.171873,0.019865,-0.018808,320.967677
0.306236,0.097389,-0.051655,224.356975
0.305015,0.023381,-0.053175,224.864691
0.046028,0.045001,0.001299,407.313080
0.452320,0.090869,-0.108180,112.377573
0.154803,0.044465,-0.015391,332.929075
0.173575,0.008883,-0.019161,319.770557
0.138006,0.046557,-0.012243,344.622310
-0.000000,0.100000,-0.000000,437.540897
-0.001157,0.050528,-0.002005,438.196295
0.218671,0.059385,-0.029310,287.758970
0.002095,0.093216,0.005595,436.467630
0.000230,0.036451,0.000399,437.413161
0.117781,0.085140,-0.008730,358.599711
0.284570,0.077993,-0.046986,239.950691
0.159586,0.092096,-0.016325,329.583552
0.077677,0.001501,-0.004430,385.836047
0.278668,0.039289,-0.045263,244.284696
0.450911,0.085584,-0.107563,113.486568
0.059967,0.008696,-0.000356,397.958182
0.393299,0.090507,-0.083878,158.267979
0.000509,0.048582,0.000882,437.255337
0.534927,0.058111,-0.147659,46.167708
0.267873,0.098506,-0.040190,252.559384
0.113798,0.002657,-0.008507,361.295553
0.575944,0.001613,-0.170810,12.014470
0.355785,0.079614,-0.070026,186.857759
0.258182,0.042472,-0.039497,259.244685
0.437425,0.053702,-0.101751,124.067444
0.229281,0.001763,-0.030089,280.458771
0.458037,0.027132,-0.110703,107.873377
-0.000674,0.093179,-0.001167,437.921609
0.174304,0.033984,-0.019312,319.257017
0.481277,0.025773,-0.121271,89.441702
0.000910,0.051708,0.001576,437.029802
0.046294,0.012713,0.001268,407.136396
0.000811,0.071162,0.001405,437.084621
0.219365,0.002733,-0.027727,287.551477
0.181129,0.083273,-0.020751,314.445600
0.027321,0.077071,0.003299,419.788731
0.107206,0.014470,-0.007016,365.867613
0.120739,0.092054,-0.009224,356.561892
0.015604,0.083204,0.004422,427.556157
0.061028,0.098371,-0.002964,397.036262
0.010370,0.094341,0.004893,431.014582
0.083828,0.070359,-0.003515,381.821061
0.162387,0.079272,-0.016881,327.623260
0.038140,0.026474,0.002172,412.586074
0.256062,0.001704,-0.036946,261.149963
0.226280,0.066461,-0.031177,282.301903
0.031526,0.053198,0.002871,416.993128
0.149120,0.050351,-0.014302,336.893348
0.113798,0.040655,-0.008075,361.341423
0.291800,0.007220,-0.049137,234.631624
0.325174,0.069858,-0.059609,209.865622
0.479012,0.089473,-0.120218,91.243573
0.223297,0.012729,-0.030441,284.444871
0.075403,0.006329,-0.002353,387.537160
0.517123,0.061714,-0.138587,60.642526
0.059724,0.029957,-0.000326,398.121082
0.035552,0.032920,0.002449,414.311928
0.125911,0.043322,-0.010106,352.995545
0.148788,0.073431,-0.014239,337.124415
0.287078,0.041401,-0.047727,238.107577
-0.001083,0.071947,-0.001876,438.153623
0.462271,0.009944,-0.112591,104.530054
0.478137,0.017078,-0.119814,91.943218
0.000226,0.046600,0.000392,437.415098
0.523619,0.039884,-0.141860,55.375142
0.199805,0.082128,-0.024874,301.218525
0.246178,0.052748,-0.036272,267.954939
0.327621,0.062728,-0.060413,208.037451
0.179564,0.075783,-0.020418,315.550095
0.249253,0.001088,-0.035137,266.080525
0.554918,0.030745,-0.158229,29.777323
0.203415,0.033443,-0.025702,298.652489
0.265992,0.031521,-0.041656,253.555828
0.046388,0.080661,0.001259,407.070943
0.244422,0.020322,-0.035811,269.226076
0.013028,0.028308,0.004654,429.260923
0.375425,0.017035,-0.077128,171.947383
-0.000630,0.041576,-0.001090,437.898241
0.131512,0.001606,-0.010969,349.137605
-0.000000,0.100000,-0.000000,437.540897
0.046454,0.038887,0.001250,407.027982
0.121460,0.078878,-0.009346,356.065373
0.076063,0.079263,-0.002440,387.087984
0.412327,0.000046,-0.090747,143.767570
0.039971,0.015538,0.001973,411.363594
0.469832,0.047776,-0.116003,98.541087
0.302274,0.021933,-0.052325,226.895114
0.241134,0.017238,-0.034952,271.603648
0.372782,0.002766,-0.074905,174.268837
0.421210,0.008525,-0.094981,136.710436
0.466035,0.059789,-0.114282,101.550044
0.105624,0.014807,-0.006767,366.951867
0.324426,0.099671,-0.057586,210.814778
0.251258,0.088367,-0.037622,264.272313
0.346365,0.090060,-0.066736,193.968224
0.197652,0.070244,-0.024385,302.748873
0.038496,0.099316,-0.001393,412.093740
0.109645,0.021062,-0.007404,364.194502
0.086196,0.039264,-0.003852,380.212558
0.038241,0.070322,0.002162,412.517222
0.011557,0.060485,0.004787,430.232056
0.090753,0.077518,-0.004509,377.109260
0.125849,0.038071,-0.010095,353.038393
0.085780,0.080331,-0.003791,380.494166
0.083912,0.089491,-0.003526,381.763206
0.247917,0.078714,-0.036732,266.694337
0.444826,0.033124,-0.104920,118.269795
0.222367,0.060869,-0.030211,285.110560
0.038824,0.077484,0.002100,412.127696
0.210898,0.021780,-0.027450,293.318071
0.194273,0.067613,-0.023625,305.147252
0.093006,0.016999,-0.004842,375.575845
0.099295,0.045098,-0.005786,371.281977
0.337986,0.018474,-0.063875,200.272385
0.029130,0.022671,0.003115,418.587731
0.260803,0.010097,-0.040216,257.338867
0.077546,0.084279,-0.002642,386.083341
0.674112,0.001668,-0.233793,-72.652384
0.352236,0.087995,-0.068778,189.539285
0.161566,0.047869,-0.016718,328.199031
0.163633,0.025613,-0.017131,326.751338
0.173995,0.093793,-0.019247,319.472047
0.172041,0.022611,-0.018843,320.849452
0.521799,0.033422,-0.140939,56.853156
0.042124,0.093569,0.001738,409.923278
0.313580,0.094267,-0.055867,218.504892
0.013703,0.008779,0.004593,428.815554
0.127862,0.069936,-0.010443,351.646626
0.440458,0.097323,-0.102938,121.721434
0.408291,0.061170,-0.089756,146.719211
0.382378,0.000145,-0.078610,166.919342
0.241668,0.052766,-0.035090,271.216554
0.136044,0.029551,-0.011889,345.983554
0.328473,0.071980,-0.060694,207.400101
0.251288,0.031471,-0.037631,264.252826
0.023530,0.084560,0.003673,422.305864
0.185033,0.058266,-0.021592,311.689630
0.274622,0.071565,-0.044097,247.247521
-0.001149,0.040119,-0.001990,438.191913
0.285312,0.079291,-0.047204,239.405219
0.234100,0.006846,-0.033144,276.678554
0.161597,0.065143,-0.016724,328.176927
0.159749,0.088137,-0.016357,329.469756
0.395032,0.068959,-0.084547,156.937520
0.147011,0.085102,-0.013903,338.361818
0.270911,0.068946,-0.043040,249.962857
0.191397,0.040293,-0.022986,307.186609
0.240186,0.086547,-0.034705,272.285622
0.203998,0.051019,-0.025837,298.236441
0.363590,0.038510,-0.072809,180.947334
0.153951,0.038230,-0.015226,333.524214
0.291240,0.030617,-0.048968,235.043946
0.247098,0.042803,-0.036516,267.288515
0.252126,0.022434,-0.037856,263.645209
0.354412,0.008766,-0.069543,187.898338
0.056216,0.066818,0.000104,400.479176
0.001146,0.038556,0.001986,436.897067
0.158517,0.042605,-0.016116,330.333257
0.132180,0.001646,-0.011068,348.677636
0.023394,0.084860,0.003687,422.396119
0.192864,0.039227,-0.023312,306.146810
0.101474,0.025192,-0.006121,369.792419
-0.001342,0.078260,-0.002325,438.300123
0.264100,0.016943,-0.041129,254.936560
0.349321,0.083304,-0.067761,191.739856
0.020984,0.033647,0.003917,423.995842
0.188981,0.016887,-0.022454,308.898463
0.143180,0.092311,-0.013189,341.027159
-0.000000,-0.000000,-0.000000,437.544194
0.284925,0.039534,-0.047091,239.690825
0.121036,0.082002,-0.009275,356.357995
0.006923,0.057497,0.005190,433.289291
0.288957,0.022057,-0.048286,236.725276
0.272700,0.092355,-0.043548,248.653213
0.204474,0.087511,-0.025946,297.896662
0.260572,0.077952,-0.040152,257.504584
0.210235,0.097843,-0.025636,294.052374
0.009509,0.058542,0.004967,431.583454
0.575754,0.000982,-0.172154,11.657376
0.063057,0.058265,-0.000741,395.875530
0.345647,0.044786,-0.066490,194.510405
0.143769,0.023427,-0.013300,340.619850
0.030782,0.097705,-0.000974,417.220863
0.171402,0.050917,-0.018710,321.297803
0.009447,0.066271,0.004973,431.624109
0.337924,0.002791,-0.062194,200.697139
0.448496,0.041929,-0.106510,115.387091
0.192425,0.057238,-0.023214,306.457858
0.007408,0.035225,0.005148,432.970264
0.250731,0.000571,-0.035525,265.011690
0.326662,0.062108,-0.060098,208.753919
0.523419,0.012509,-0.141759,55.538821
0.090247,0.021495,-0.004437,377.456416
0.314876,0.081204,-0.056280,217.541628
0.190521,0.043853,-0.022792,307.807405
0.168579,0.017308,-0.018132,323.282182
0.245707,0.097240,-0.034213,268.638204
0.162964,0.076612,-0.016996,327.218870
0.332673,0.065020,-0.062089,204.256179
0.120853,0.060654,-0.009244,356.484835
0.184519,0.034573,-0.021481,312.053676
0.236323,0.032563,-0.033711,275.075590
0.122625,0.099776,-0.009696,355.244056
0.122290,0.083161,-0.009487,355.492811
0.080556,0.019742,-0.003058,384.043758
0.264300,0.054508,-0.041184,254.789209
0.159170,0.050015,-0.016244,329.875951
0.043474,0.014788,0.001586,409.023278
0.451995,0.012654,-0.108039,112.636082
0.113465,0.001677,-0.008464,361.523130
0.435131,0.082570,-0.100778,125.860700
0.087289,0.070850,-0.004007,379.467954
0.522034,0.014497,-0.141058,56.662712
0.389784,0.024772,-0.082529,160.967620
0.245114,0.088311,-0.035992,268.723147
0.021200,0.007175,0.003896,423.853317
0.509630,0.038681,-0.134864,66.700613
0.230895,0.081650,-0.032331,278.983329
0.000960,0.058974,0.001663,437.001145
0.339486,0.039264,-0.064382,199.145439
0.028175,0.082968,0.003213,419.220882
0.265326,0.057278,-0.041469,254.041062
0.372822,0.097333,-0.074921,174.234548
0.011303,0.037746,0.004809,430.400526
0.081834,0.067111,-0.003235,383.174968
0.095421,0.014671,-0.005202,373.928710
0.005563,0.092406,0.005307,434.184527
0.302783,0.021288,-0.052483,226.517835
0.147286,0.093816,-0.013955,338.169783
0.115626,0.074268,-0.008374,360.083484
0.007130,0.093961,0.005174,433.151586
0.291025,0.021537,-0.048904,235.202101
0.237085,0.065814,-0.033905,274.525025
0.423504,0.099486,-0.095498,135.040605
0.266035,0.021327,-0.041668,253.525430
0.372651,0.080249,-0.076104,174.058524
0.074065,0.007917,-0.002173,388.443132
0.587307,0.000787,-0.179015,1.896723
0.031802,0.033623,0.002842,416.810037
0.087844,0.043878,-0.004088,379.091222
0.270302,0.047875,-0.042868,250.408477
0.061909,0.068353,-0.000596,396.648366
0.108141,0.018613,-0.007164,365.226487
0.278056,0.083026,-0.045085,244.731744
0.265838,0.031959,-0.041613,253.668353
0.078217,0.097824,-0.004482,385.468289
0.084526,0.011548,-0.003615,381.348276
0.641223,0.000339,-0.212174,-44.091631
0.435397,0.035363,-0.100891,125.654195
0.109893,0.042708,-0.007443,364.023513
0.337515,0.062540,-0.063715,200.624912
0.551740,0.038262,-0.156521,32.392577
-0.000137,0.037392,-0.000237,437.620099
0.215864,0.097714,-0.026916,290.045493
0.083802,0.069596,-0.003511,381.838408
0.291914,0.035808,-0.049170,234.546677
0.000457,0.026359,0.000792,437.285400
0.155416,0.090067,-0.015509,332.498913
0.294197,0.071497,-0.049857,232.861862
0.289305,0.001677,-0.046420,236.867014
0.386646,0.083984,-0.081333,163.370202
0.017213,0.073880,0.004274,426.492383
0.231649,0.073362,-0.032521,278.440900
0.052214,0.087502,0.000583,403.165611
0.017261,0.091856,0.004270,426.460090
0.288009,0.033469,-0.048004,237.423027
0.138749,0.019063,-0.012378,344.107526
0.310532,0.029850,-0.054903,220.771977
0.237231,0.087951,-0.033942,274.418511
0.102035,0.018969,-0.006207,369.408885
0.189677,0.048866,-0.022606,308.404817
0.330428,0.098785,-0.059613,206.322171
0.113756,0.099586,-0.008502,361.320592
0.220501,0.045371,-0.029755,286.448684
0.277980,0.055738,-0.045064,244.788586
0.463484,0.037502,-0.113134,103.569825
0.333464,0.097851,-0.060652,204.044871
0.400751,0.051232,-0.086775,152.537668
0.091503,0.092019,-0.004619,376.597846
0.371814,0.092606,-0.075796,174.695166
0.229240,0.052508,-0.031916,280.174863
0.000208,0.016121,0.000360,437.426350
0.295508,0.070191,-0.050254,231.894343
0.000600,0.086862,0.001039,437.203077
0.214344,0.031888,-0.028269,290.855823
-0.000205,0.041553,-0.000355,437.658463
0.279753,0.043689,-0.045578,243.488456
0.309848,0.054201,-0.054686,221.279681
0.463960,0.050700,-0.113348,103.192634
0.119031,0.013408,-0.008940,357.741357
0.314298,0.040021,-0.056096,217.973138
0.311553,0.006554,-0.055226,220.014738
0.291879,0.017050,-0.049160,234.573310
0.144369,0.060240,-0.013410,340.201014
0.544249,0.034484,-0.152537,38.543542
0.025701,0.054547,0.003459,420.865588
0.350250,0.014321,-0.068085,191.041232
0.039358,0.059912,0.002041,411.772003
0.334316,0.030771,-0.062639,203.025759
0.000155,0.094148,0.000269,437.453391
0.007096,0.029389,0.005175,433.176217
0.292835,0.060024,-0.049447,233.867065
0.066441,0.000110,-0.003410,393.404264
0.027616,0.072617,0.003269,419.592757
0.327630,0.099133,-0.058664,208.418088
0.201041,0.058597,-0.025157,300.340546
0.276680,0.072494,-0.044688,245.740881
0.090802,0.078325,-0.004516,377.076245
0.113029,0.043746,-0.007950,361.869742
0.089938,0.088455,-0.004390,377.664147
0.281934,0.028733,-0.046214,241.888538
0.008645,0.036893,0.005041,432.154534
0.132599,0.044307,-0.011274,348.370174
0.206603,0.021245,-0.026442,296.381753
0.265695,0.058416,-0.041572,253.771686
0.380419,0.093098,-0.078985,168.133146
0.368741,0.002389,-0.073371,177.354784
0.311670,0.058161,-0.055262,219.926193
0.005852,0.077995,0.005282,433.994163
0.312746,0.083659,-0.055602,219.125299
0.281577,0.017466,-0.046109,242.151130
0.187913,0.012426,-0.022220,309.654525
0.371183,0.042146,-0.075566,175.177130
0.051165,0.085403,0.000707,403.869530
0.423852,0.065711,-0.096068,134.654516
0.432654,0.034236,-0.099734,127.796798
0.204329,0.054122,-0.025913,298.001006
0.001175,0.070354,0.002035,436.879864
0.447421,0.089233,-0.106043,116.229971
0.168444,0.043917,-0.018104,323.375746
0.028680,0.082514,0.003162,418.885268
0.197750,0.055905,-0.024408,302.679183
0.380694,0.030730,-0.079089,167.925611
0.289167,0.019017,-0.048349,236.570701
0.500752,0.023713,-0.130524,73.852268
-0.000249,0.045205,-0.000431,437.682987
0.357117,0.066966,-0.070497,185.850944
0.108496,0.009551,-0.007221,364.982905
0.181074,0.019794,-0.020741,314.486801
0.153023,0.049878,-0.015047,334.171264
0.197990,0.089907,-0.024461,302.508025
0.130572,0.081983,-0.010916,349.771852
0.031462,0.015628,0.002876,417.036893
0.265052,0.071631,-0.041393,254.240248
0.389363,0.061745,-0.082368,161.289010
0.111024,0.000109,-0.008150,363.191988
0.102312,0.053106,-0.006249,369.218433
0.065489,0.057864,-0.001049,394.235740
0.086475,0.034179,-0.003892,380.022800
0.228475,0.037314,-0.031724,280.725883
0.127206,0.090278,-0.010328,352.099292
0.367990,0.046215,-0.074400,177.606050
0.261661,0.080367,-0.040452,256.711368
0.269801,0.044650,-0.042726,250.774867
0.154181,0.085178,-0.015270,333.362018
0.122972,0.098100,-0.009743,355.006285
0.000398,0.075654,0.000689,437.317453
0.208587,0.077177,-0.026905,294.965398
0.105806,0.042343,-0.006795,366.826124
0.188652,0.072074,-0.022380,309.129057
0.183991,0.037740,-0.021367,312.426004
0.044542,0.076416,0.001468,408.306446
0.205779,0.001201,-0.024644,297.221881
0.054424,0.078846,0.000320,401.682683
0.000028,0.083802,0.000049,437.525508
0.394254,0.088635,-0.084246,157.534037
-0.001376,0.032870,-0.002383,438.320349
0.255110,0.011551,-0.038661,261.478972
0.082310,0.046002,-0.003302,382.852853
0.279663,0.040148,-0.045552,243.555004
0.205605,0.056869,-0.026209,297.092093
0.156175,0.067733,-0.015657,331.969360
0.299582,0.017526,-0.051497,228.886299
0.443051,0.061150,-0.104155,119.661225
0.127493,0.099418,-0.010383,351.899833
0.122776,0.074205,-0.009569,355.158340
0.089051,0.098626,-0.005580,378.140261
0.088680,0.044398,-0.004209,378.522206
0.495768,0.065173,-0.128121,77.852583
0.607453,0.099186,-0.191077,-15.169209
0.139990,0.087103,-0.012602,343.243887
0.358636,0.090148,-0.071036,184.700186
0.190089,0.045257,-0.022697,308.112697
0.074162,0.036156,-0.002185,388.376782
-0.000000,0.100000,-0.000000,437.540897
0.023091,0.002175,-0.000620,422.322566
0.122873,0.019555,-0.009587,355.092956
0.381566,0.032772,-0.079416,167.258965
0.191361,0.015921,-0.022979,307.212834
0.186604,0.002238,-0.020598,310.776940
0.073892,0.033530,-0.002149,388.559286
0.217225,0.070660,-0.028960,288.794018
0.049552,0.035082,0.000894,404.952669
0.352160,0.097655,-0.067243,189.951769
0.122170,0.047481,-0.009467,355.577139
0.201492,0.084222,-0.025259,300.019010
0.126357,0.086643,-0.010182,352.685963
0.291084,0.015380,-0.048922,235.158800
0.256572,0.057603,-0.039057,260.415054
0.127164,0.007650,-0.010323,352.131327
0.367874,0.044686,-0.074358,177.693654
0.047912,0.077092,0.001084,406.050430
0.096743,0.085226,-0.005398,373.024256
0.217605,0.079327,-0.029052,288.521271
0.153480,0.031657,-0.015136,333.853332
0.004321,0.060468,0.005410,435.003354
0.179130,0.040176,-0.020327,315.857075
0.319826,0.002577,-0.056056,214.253863
0.203759,0.072113,-0.025781,298.406090
0.333255,0.027518,-0.062284,203.821271
0.013061,0.092454,0.004653,429.237431
0.240953,0.075197,-0.034904,271.732346
0.154892,0.008395,-0.015409,332.867706
0.184610,0.008538,-0.021501,311.989710
0.168630,0.000009,-0.017130,323.385903
0.201232,0.044047,-0.025201,300.205168
0.296613,0.092680,-0.050590,231.077565
0.352091,0.024552,-0.068728,189.651482
0.347743,0.076368,-0.067213,192.930136
0.246943,0.048899,-0.036475,267.400611
0.059343,0.015329,-0.000279,398.377517
0.135480,0.058647,-0.011787,346.374212
-0.000001,0.024531,-0.000002,437.544081
0.160377,0.044442,-0.016482,329.031712
0.238435,0.084849,-0.034252,273.550025
0.008995,0.088103,0.005013,431.921822
0.425770,0.025419,-0.096861,133.163626
0.274339,0.073877,-0.044016,247.454761
0.163807,0.090496,-0.017165,326.627540
0.226922,0.008780,-0.031338,281.842616
0.203127,0.064895,-0.025635,298.856197
0.260802,0.083692,-0.040215,257.336568
-0.001135,0.049685,-0.001966,438.183688
0.295208,0.019724,-0.050164,232.117419
0.106545,0.072046,-0.006910,366.318935
0.350424,0.031005,-0.068146,190.909394
-0.000000,0.100000,-0.000000,437.540897
0.247976,0.069532,-0.036748,266.651746
0.451241,0.054001,-0.107708,113.228166
0.275019,0.038442,-0.044212,246.958216
0.001157,0.084520,0.002003,436.889797
0.179241,0.087358,-0.020349,315.777365
0.270942,0.023872,-0.043050,249.941332
0.190976,0.014251,-0.022893,307.486048
0.081566,0.013556,-0.003199,383.358630
0.108763,0.054023,-0.007263,364.798274
0.365232,0.091689,-0.073400,179.698771
0.433394,0.080963,-0.100045,127.217294
0.057292,0.060294,-0.000026,399.756007
0.281433,0.001633,-0.044080,242.649581
0.076585,0.088736,-0.002511,386.734113
0.137803,0.051545,-0.012206,344.763289
0.000750,0.092718,0.001299,437.118473
0.133480,0.086058,-0.011429,347.758623
0.405235,0.021597,-0.088542,149.081256
0.223649,0.020236,-0.030527,284.192207
0.439895,0.099102,-0.102685,122.166205
0.205913,0.025743,-0.026281,296.873660
-0.001192,0.058036,-0.002065,438.215646
0.099327,0.055526,-0.005791,371.259594
0.054694,0.024053,0.000287,401.503339
0.005916,0.053009,0.005276,433.953164
0.106549,0.089692,-0.006910,366.315427
0.088409,0.057786,-0.004169,378.706199
0.314036,0.037293,-0.056013,218.168169
0.224992,0.093943,-0.030857,283.225839
0.090487,0.097478,-0.005734,377.166998
-0.000592,0.046884,-0.001026,437.877036
0.084473,0.050401,-0.003606,381.383352
0.112784,0.052574,-0.007910,362.037941
0.041412,0.093326,0.001817,410.398811
-0.000633,0.085190,-0.001097,437.898865
-0.000145,0.028022,-0.000250,437.624847
0.193280,0.002306,-0.021966,306.069977
0.028792,0.090610,0.003151,418.810493
0.354147,0.088956,-0.069449,188.095719
0.238802,0.040064,-0.034348,273.286661
0.431656,0.065142,-0.099315,128.574668
0.088058,0.086736,-0.004118,378.944438
0.000571,0.035817,0.000988,437.221357
0.280094,0.031858,-0.045677,243.239175
0.083902,0.081303,-0.003525,381.770469
-0.000340,0.014384,-0.000589,437.735656
0.340002,0.028195,-0.064558,198.757816
0.223017,0.009134,-0.030372,284.646218
0.115627,0.001232,-0.008747,360.044241
0.185629,0.026208,-0.021722,311.268997
0.000654,0.095895,0.001133,437.172409
0.036339,0.010113,0.002365,413.787456
0.058682,0.045634,-0.000197,398.821358
0.262997,0.029031,-0.040822,255.740124
0.228308,0.050199,-0.031683,280.844903
0.325157,0.020542,-0.059604,209.880389
0.078902,0.068609,-0.002828,385.164383
0.236469,0.091022,-0.033747,274.968204
0.617771,0.098953,-0.197406,-23.964416
0.312913,0.074532,-0.055655,219.001720
0.055994,0.075129,0.000131,400.627873
0.320295,0.053972,-0.058021,213.507000
0.080425,0.098857,-0.004696,383.977025
0.289962,0.046703,-0.048586,235.984294
-0.000711,0.093586,-0.001232,437.942711
0.254604,0.044230,-0.038524,261.844956
0.080152,0.076618,-0.003000,384.316351
0.356159,0.042527,-0.070159,186.576309
0.097863,0.015491,-0.005569,372.261641
0.043934,0.021572,0.001535,408.715217
-0.000880,0.052035,-0.001524,438.039241
0.163021,0.075423,-0.017008,327.178864
0.001878,0.077192,0.005613,436.611044
0.238457,0.028786,-0.034259,273.536242
0.431725,0.097375,-0.099072,128.595102
0.239534,0.001735,-0.032632,273.092724
0.068849,0.058113,-0.001483,391.967892
0.014860,0.097763,-0.000316,427.759457
0.000889,0.041069,0.001540,437.041914
0.054229,0.053201,0.000343,401.814554
0.044615,0.069503,0.001459,408.258160
0.039583,0.019080,0.002015,411.622849
0.071833,0.099900,-0.003885,389.772846
0.022207,0.014864,0.003799,423.185211
0.163914,0.035551,-0.017187,326.554686
0.244870,0.060157,-0.035928,268.901078
0.172365,0.081922,-0.018908,320.619594
0.009764,0.051699,0.004944,431.415950
0.328024,0.024492,-0.060547,207.737008
0.208477,0.002782,-0.025242,295.305963
0.370300,0.026237,-0.075243,175.849556
0.404585,0.092918,-0.088284,149.579702
0.036785,0.070400,0.002319,413.488180
0.379769,0.066471,-0.078742,168.630350
0.378084,0.056468,-0.078114,169.917336
0.000315,0.023354,0.000545,437.366016
0.350274,0.059269,-0.068093,191.021946
0.205521,0.060502,-0.026189,297.151359
0.028733,0.047379,0.003156,418.850888
0.489837,0.018366,-0.125293,82.606031
0.361739,0.044482,-0.072145,182.350707
0.175689,0.088372,-0.019600,318.280264
0.241059,0.000573,-0.033019,271.994194
0.504778,0.041797,-0.132482,70.612191
0.060174,0.079357,-0.000380,397.816519
0.119120,0.039122,-0.008954,357.679162
0.031173,0.071409,0.002908,417.227377
0.107254,0.070229,-0.007022,365.832873
0.408924,0.032012,-0.090009,146.231397
-0.000408,0.020147,-0.000707,437.773991
0.489031,0.084132,-0.124911,83.248575
0.229226,0.067187,-0.031912,280.184300
0.265379,0.081044,-0.041484,254.001359
0.257095,0.060673,-0.039200,260.034937
0.021507,0.014348,0.003867,423.649408
0.239138,0.025652,-0.034435,273.044345
0.046079,0.045190,0.001293,407.279001
0.132794,0.000603,-0.011159,348.254997
0.289778,0.093812,-0.048530,236.118478
0.038174,0.070693,0.002170,412.561955
0.199967,0.002038,-0.023380,301.341645
0.140712,0.066815,-0.012735,342.743175
-0.000000,-0.000000,-0.000000,437.544194
0.327031,0.040318,-0.060219,208.479382
0.063272,0.052574,-0.000768,395.730766
0.328250,0.042547,-0.060621,207.567691
0.023379,0.024576,0.003686,422.407898
0.209670,0.040564,-0.027160,294.194245
0.059528,0.037617,-0.000301,398.252768
0.076215,0.029638,-0.002462,386.986436
0.059703,0.030200,-0.000323,398.134925
0.035797,0.030415,0.002423,414.148737
0.330882,0.001763,-0.059768,205.985836
0.195522,0.051594,-0.023906,304.261340
0.131576,0.033283,-0.011093,349.079193
0.103658,0.002451,-0.007236,368.217660
0.117686,0.010738,-0.008716,358.667888
-0.000092,0.025123,-0.000159,437.595178
0.346540,0.043924,-0.066798,193.838012
0.107924,0.001595,-0.007759,365.308698
0.234885,0.072971,-0.033342,276.110681
0.308563,0.061918,-0.054283,222.232609
0.061175,0.047971,-0.000505,397.143621
0.119155,0.070457,-0.008959,357.654178
0.137050,0.036966,-0.012070,345.285742
0.083379,0.013342,-0.003453,382.127506
0.172110,0.008035,-0.018857,320.801126
0.023327,0.071648,0.003693,422.440623
0.242200,0.040602,-0.035229,270.832103
0.169756,0.026198,-0.018372,322.455011
0.093906,0.047792,-0.004975,374.961514
0.208399,0.047671,-0.026861,295.100349
0.218293,0.080049,-0.029218,288.028959
0.002783,0.023709,0.005537,436.017244
0.176423,0.065779,-0.019755,317.763668
0.037705,0.043908,0.002219,412.875571
0.354336,0.048698,-0.069516,187.954749
0.227221,0.062117,-0.031411,281.626278
0.343246,0.086355,-0.065664,196.316711
0.048176,0.044431,0.001053,405.874608
0.421081,0.069592,-0.094928,136.808774
0.000969,0.030499,0.001679,436.997058
0.118060,0.032432,-0.008778,358.409261
0.327083,0.023048,-0.060237,208.441010
0.214165,0.099846,-0.026525,291.255805
0.549033,0.017003,-0.155075,34.618576
0.576085,0.099859,-0.170409,12.063662
0.216766,0.023873,-0.028851,289.124000
0.083915,0.026008,-0.003528,381.763071
0.058763,0.006240,-0.000208,398.768284
0.032007,0.087917,0.002822,416.671342
0.137263,0.018388,-0.012109,345.139162
0.171417,0.091827,-0.018712,321.285624
0.184409,0.098529,-0.020158,312.318050
0.001284,0.074088,0.002223,436.818735
0.008238,0.005729,0.005076,432.423846
0.350979,0.013189,-0.068340,190.491200
0.007357,0.069798,0.005153,433.002479
0.012920,0.021259,0.004664,429.332638
0.333422,0.056391,-0.062339,203.695044
0.061694,0.075061,-0.000569,396.793442
0.237295,0.084182,-0.033959,274.372933
0.142175,0.053365,-0.013004,341.727094
0.095735,0.023616,-0.005248,373.714366
0.015221,0.001286,-0.000333,427.524228
0.445708,0.064014,-0.105301,117.576617
0.231791,0.015215,-0.032558,278.341148
0.398978,0.061255,-0.086081,153.902170
0.003683,0.054517,0.005463,435.423673
0.098751,0.046454,-0.005703,371.653803
0.094966,0.067907,-0.005132,374.237237
0.484258,0.062141,-0.122663,87.063011
0.417483,0.041101,-0.093458,139.602884
0.078746,0.067648,-0.002807,385.270064
0.049767,0.051520,0.000869,404.808403
0.212875,0.013909,-0.027919,291.906676
0.374468,0.038365,-0.076774,172.675941
0.088340,0.008749,-0.004160,378.754958
0.105414,0.086312,-0.006732,367.093511
0.378189,0.092250,-0.078152,169.836243
0.446068,0.062127,-0.105456,117.294095
0.366061,0.014941,-0.073701,179.072121
-0.001266,0.066425,-0.002193,438.257221
0.154087,0.014032,-0.015253,333.429996
0.146608,0.034263,-0.013829,338.644098
0.121417,0.054157,-0.009340,356.095853
0.115159,0.039516,-0.008298,360.405924
0.275333,0.018654,-0.044302,246.729253
0.627992,0.097885,-0.203776,-32.713466
0.056083,0.027470,0.000119,400.569908
0.098467,0.038068,-0.005660,371.847822
0.151072,0.079277,-0.014673,335.531966
0.087992,0.068531,-0.004109,378.989410
0.353501,0.099735,-0.067729,188.936221
0.112482,0.032083,-0.007861,362.245707
0.033692,0.016745,0.002645,415.551511
0.155493,0.064284,-0.015524,332.446051
0.429458,0.022724,-0.098395,130.291086
0.184062,0.026090,-0.021383,312.376239
0.530552,0.043349,-0.145400,49.735546
0.401095,0.030032,-0.086910,152.273154
0.163207,0.080527,-0.017045,327.048597
0.469920,0.091130,-0.116042,98.469642
0.575645,0.098276,-0.171680,11.890706
0.017278,0.098757,-0.000402,426.162690
0.360164,0.023780,-0.071582,183.544863
0.126155,0.002801,-0.010192,352.823160
0.017352,0.073711,0.004261,426.400204
0.100984,0.046324,-0.006045,370.127016
0.018528,0.097248,-0.000439,425.337017
0.287495,0.047350,-0.047851,237.800929
0.079380,0.072869,-0.002894,384.839958
0.074669,0.065869,-0.002253,388.031995
0.010228,0.056601,0.004904,431.109182
0.324356,0.019678,-0.059342,210.478770
0.201073,0.039208,-0.025164,300.318213
0.122748,0.058336,-0.009565,355.178341
0.488983,0.033770,-0.124889,83.288639
0.000778,0.028031,0.001347,437.104849
0.077908,0.089002,-0.002691,385.837394
0.267911,0.071003,-0.042193,252.153940
0.142643,0.061184,-0.013090,341.401648
-0.001111,0.019706,-0.001925,438.171222
0.109441,0.078785,-0.007370,364.332318
0.009037,0.081888,0.005009,431.894523
0.067936,0.097280,-0.003543,392.395356
0.020615,0.039161,0.003953,424.240217
0.343316,0.026584,-0.065689,196.265660
0.183401,0.025543,-0.021240,312.843401
0.242124,0.063083,-0.035209,270.886785
0.145483,0.018670,-0.013619,339.427527
0.005922,0.045834,0.005275,433.949398
0.205012,0.027980,-0.026072,297.514990
0.287673,0.076763,-0.047903,237.668870
0.001352,0.075764,0.002342,436.780050
0.049318,0.009096,0.000920,405.110379
0.138180,0.066162,-0.012274,344.501217
0.312587,0.091617,-0.055552,219.243340
0.025624,0.024421,0.003466,420.917535
0.110536,0.080994,-0.007546,363.580941
-0.000000,0.100000,-0.000000,437.540897
0.521110,0.013136,-0.140591,57.412678
0.004947,0.083823,0.005358,434.590772
0.090437,0.049058,-0.004464,377.325508
0.329746,0.063834,-0.061115,206.447625
0.080123,0.049443,-0.002997,384.336649
0.233853,0.099618,-0.031211,277.174203
0.055147,0.005681,0.000232,401.199583
-0.001083,0.023845,-0.001877,438.155378
0.129510,0.006115,-0.010731,350.509571
0.239685,0.089848,-0.034575,272.647368
0.213694,0.085376,-0.028113,291.318493
0.081228,0.085251,-0.003150,383.586048
0.126065,0.000689,-0.010179,352.885489
0.040985,0.017230,0.001862,410.686381
0.320638,0.013803,-0.058133,213.252856
0.071673,0.005700,-0.001855,390.061173
0.077071,0.060885,-0.002578,386.405527
-0.000779,0.020911,-0.001350,437.983460
0.190397,0.058944,-0.022764,307.894606
0.366582,0.025798,-0.073890,178.676429
0.374626,0.032930,-0.076832,172.555838
0.216118,0.032024,-0.028694,289.587520
0.053397,0.040689,0.000442,402.373580
0.328512,0.030053,-0.060708,207.372066
0.098506,0.008931,-0.005667,371.822164
0.048980,0.025698,0.000960,405.336680
0.231780,0.097765,-0.030700,278.662103
0.167209,0.098245,-0.016869,324.375476
0.207750,0.080243,-0.026708,295.562481
0.116935,0.083820,-0.008590,359.182157
0.084597,0.059916,-0.003624,381.298469
0.096348,0.061740,-0.005339,373.294750
0.147355,0.028429,-0.013969,338.124294
0.309818,0.048826,-0.054677,221.302119
0.324284,0.028268,-0.059319,210.531541
0.302932,0.084439,-0.052528,226.405623
-0.000000,-0.000000,-0.000000,437.544194
0.179986,0.050431,-0.020508,315.253206
0.210747,0.083314,-0.027413,293.423494
0.001133,0.079380,0.001963,436.902985
0.227350,0.046900,-0.031443,281.533941
0.024008,0.093392,0.003627,421.988314
0.117482,0.053371,-0.008681,358.806899
0.121443,0.060808,-0.009344,356.078172
0.237648,0.025989,-0.034051,274.120253
0.088930,0.037372,-0.004245,378.352458
0.361707,0.033261,-0.072133,182.375413
0.170757,0.071583,-0.018577,321.750168
0.123309,0.098366,-0.009790,354.774893
0.198888,0.008972,-0.024667,301.872583
0.286909,0.084901,-0.047676,238.230640
0.102701,0.074404,-0.006309,368.951750
0.257484,0.071503,-0.039306,259.751139
0.001089,0.041814,0.001887,436.929042
0.496907,0.011639,-0.128668,76.941477
0.363838,0.025824,-0.072899,180.759530
0.209872,0.054867,-0.027207,294.049213
-0.001264,0.060844,-0.002189,438.256344
0.311595,0.048233,-0.055238,219.982055
0.263562,0.081912,-0.040978,255.326621
0.044211,0.100043,-0.001743,408.285708
0.068940,0.086396,-0.001494,391.905874
-0.000204,0.018499,-0.000353,437.658648
0.088556,0.029694,-0.004191,378.607176
0.036469,0.047428,0.002352,413.699688
0.192142,0.050615,-0.023151,306.658298
0.278938,0.077924,-0.045341,244.085395
0.130920,0.009396,-0.010978,349.533979
0.050047,0.059649,0.000837,404.620325
0.437146,0.076452,-0.101632,124.285248
0.000816,0.095947,0.001414,437.080924
0.068817,0.038516,-0.001479,391.990526
0.215049,0.027182,-0.028438,290.351933
0.240769,0.036526,-0.034857,271.866372
0.461252,0.054142,-0.112134,105.333940
0.090364,0.055876,-0.004453,377.375491
0.117073,0.000129,-0.008939,359.054367
0.199078,0.024302,-0.024710,301.736753
0.399505,0.006539,-0.086288,153.498943
0.226280,0.016065,-0.031178,282.303631
0.029956,0.007581,0.003031,418.039019
0.471965,0.023964,-0.116975,96.849832
0.369276,0.015534,-0.074869,176.628774
0.440774,0.053869,-0.103179,121.445791
0.206776,0.029295,-0.026482,296.258385
0.178451,0.010963,-0.020184,316.336589
0.221729,0.048947,-0.030055,285.568156
0.397515,0.084897,-0.085511,155.026999
0.001325,0.056629,0.002296,436.795776
0.023057,0.097777,-0.000618,422.341484
-0.000610,0.092403,-0.001057,437.885594
0.286816,0.060481,-0.047649,238.299629
0.185036,0.064570,-0.021592,311.687289
0.084083,0.045340,-0.003551,381.648295
-0.000677,0.096209,-0.001172,437.923156
0.194988,0.026438,-0.023786,304.641002
0.169435,0.037287,-0.018306,322.680034
0.127597,0.046300,-0.010397,351.830506
0.282682,0.044409,-0.046432,241.339232
0.190389,0.029296,-0.022763,307.901144
0.177524,0.000508,-0.018806,317.158659
-0.000448,0.095291,-0.000775,437.793697
0.005630,0.095853,0.000877,433.894785
0.479633,0.086585,-0.120506,90.749194
0.227409,0.053391,-0.031458,281.491118
0.150603,0.032673,-0.014584,335.860646
0.158310,0.066197,-0.016075,330.476888
0.540559,0.075538,-0.150595,41.563967
0.043287,0.062250,0.001608,409.146749
0.238200,0.084789,-0.034192,273.719724
0.047964,0.062681,0.001078,406.016367
0.094373,0.075335,-0.005043,374.642028
0.227634,0.034227,-0.031515,281.330177
0.000923,0.016274,0.001599,437.023261
0.078609,0.002669,-0.004520,385.206661
0.017129,0.079427,0.004282,426.547579
0.100628,0.036989,-0.005990,370.370634
0.261010,0.067274,-0.040273,257.185773
0.068360,0.034290,-0.001420,392.298679
0.254498,0.017430,-0.038496,261.923174
0.350915,0.073186,-0.068316,190.537773
0.133406,0.001662,-0.011251,347.832692
0.104410,0.036405,-0.006576,367.782547
0.051603,0.039928,0.000654,403.577641
0.090936,0.061758,-0.004537,376.985497
0.265317,0.016429,-0.041468,254.048848
0.262802,0.085360,-0.040767,255.880438
0.189202,0.097733,-0.021125,308.943074
0.265786,0.075077,-0.041598,253.704529
0.132751,0.059687,-0.011301,348.264424
0.144162,0.074765,-0.013371,340.344822
0.261317,0.032485,-0.040358,256.963703
0.183508,0.015831,-0.021263,312.768002
0.453540,0.066522,-0.108716,111.417338
0.010604,0.039610,0.004870,430.861530
0.238562,0.074794,-0.034285,273.458892
0.260772,0.031821,-0.040208,257.360501
0.461128,0.028180,-0.112079,105.433143
-0.000000,0.100000,-0.000000,437.540897
0.008329,0.072226,0.005070,432.361469
0.077179,0.074702,-0.002592,386.331781
0.461561,0.027621,-0.112273,105.090474
0.085502,0.046897,-0.003752,380.683936
0.306602,0.008775,-0.053670,223.689089
0.341873,0.080564,-0.065194,197.349585
0.443115,0.074962,-0.104183,119.610121
0.047778,0.082911,0.001100,406.139870
0.051227,0.027982,0.000698,403.830188
0.336842,0.098523,-0.061818,201.507625
0.228250,0.053949,-0.031668,280.886798
0.462297,0.075164,-0.112602,104.506692
-0.000896,0.006050,-0.001552,438.050036
-0.000000,0.100000,-0.000000,437.540897
0.361938,0.000638,-0.070825,182.536337
0.196707,0.044125,-0.024172,303.420435
0.403029,0.060069,-0.087670,150.781213
0.204274,0.074475,-0.025900,298.039146
0.043721,0.077968,0.001560,408.855796
0.320283,0.074144,-0.058017,213.515427
0.017919,0.083383,0.004208,426.024228
0.071613,0.072831,-0.001845,390.099960
0.139366,0.065724,-0.012489,343.677687
0.395796,0.026013,-0.084844,156.351580
0.104757,0.081010,-0.006629,367.543457
0.000599,0.095368,0.001038,437.203156
0.238035,0.081847,-0.034149,273.838874
0.197039,0.054248,-0.024247,303.184283
0.027692,0.062229,0.003261,419.542935
0.387913,0.045319,-0.081815,162.400912
0.137414,0.034026,-0.012136,345.033902
0.256848,0.036693,-0.039133,260.214708
0.175055,0.074445,-0.019468,318.727153
0.209752,0.073355,-0.027179,294.134272
0.040009,0.070975,0.001970,411.336974
0.096506,0.062606,-0.005363,373.186374
0.137807,0.007577,-0.012207,344.761763
0.018318,0.015757,0.004169,425.762680
0.039257,0.086201,0.002053,411.838613
0.127090,0.078319,-0.010309,352.180108
0.100391,0.087997,-0.005952,370.531155
0.165662,0.033624,-0.017539,325.328910
0.247855,0.059792,-0.036716,266.739919
0.250672,0.099907,-0.035510,265.049970
0.246395,0.042942,-0.036330,267.797679
0.551354,0.048834,-0.156315,32.709438
0.066667,0.076426,-0.001200,393.440226
0.162241,0.085396,-0.016852,327.725074
0.374986,0.088047,-0.076964,172.279464
-0.000186,0.095515,-0.000321,437.645737
0.322045,0.028303,-0.058589,212.202686
0.430885,0.049189,-0.098991,129.177021
0.201879,0.054249,-0.025349,299.744525
0.265718,0.027606,-0.041579,253.756113
0.223670,0.000048,-0.028740,284.475839
0.438197,0.059750,-0.102079,123.463802
0.244401,0.049754,-0.035805,269.240496
0.029043,0.054644,0.003125,418.644961
0.517787,0.043847,-0.138919,60.105399
0.112789,0.067070,-0.007910,362.034017
0.576219,0.001146,-0.172474,11.248701
0.185837,0.001641,-0.020443,311.317155
0.173494,0.099017,-0.018037,319.979506
0.199602,0.042499,-0.024828,301.364187
0.065778,0.065235,-0.001086,394.040905
0.101953,0.028298,-0.006194,369.464538
0.036446,0.091483,0.002356,413.713928
0.128942,0.009796,-0.010632,350.901794
0.307333,0.060302,-0.053897,223.145279
0.031261,0.064500,0.002898,417.169160
0.029726,0.080689,0.003056,418.189930
0.575762,0.028133,-0.169695,12.524766
0.176327,0.070675,-0.019735,317.831669
-0.000619,0.069321,-0.001072,437.891306
0.246747,0.091468,-0.036422,267.541365
0.254883,0.053148,-0.038599,261.642709
0.187121,0.001345,-0.020702,310.412965
0.241975,0.086092,-0.035170,270.993210
0.100654,0.066297,-0.005993,370.352238
0.090893,0.065891,-0.004530,377.014792
0.277804,0.048817,-0.045013,244.917755
0.273372,0.098269,-0.041746,248.545759
0.130710,0.055943,-0.010940,349.677357
0.116343,0.011732,-0.008494,359.592116
0.019418,0.080905,0.004067,425.031908
0.399496,0.001407,-0.085441,153.725565
0.066756,0.069172,-0.001211,393.380596
0.007940,0.067485,0.005103,432.618405
0.375535,0.064558,-0.077168,171.861805
0.064428,0.098093,-0.003243,394.753310
0.231420,0.017818,-0.032465,278.607834
0.122897,0.055979,-0.009590,355.075574
0.250879,0.047493,-0.037522,264.548726
0.097810,0.034120,-0.005561,372.296732
0.255588,0.034851,-0.038791,261.130509
0.463012,0.029734,-0.112922,103.943594
0.023845,0.068085,0.003642,422.096847
0.181023,0.076049,-0.020729,314.520708
0.094755,0.013543,-0.005102,374.383336
0.257424,0.070981,-0.039289,259.795440
0.029108,0.078889,0.003119,418.600707
-0.001411,0.049949,-0.002444,438.339791
0.105813,0.055399,-0.006795,366.820789
0.000659,0.025842,0.001141,437.171984
0.259799,0.002568,-0.037958,258.437957
0.348842,0.033902,-0.067595,192.102584
0.128903,0.026102,-0.010625,350.928685
0.003536,0.081151,0.005476,435.519352
0.020723,0.034955,0.003942,424.168491
0.664638,0.002368,-0.227456,-64.386374
0.128780,0.007025,-0.010604,351.013948
0.223469,0.014272,-0.030483,284.321279
0.161461,0.068181,-0.016697,328.272056
0.070995,0.079659,-0.001763,390.517302
0.099844,0.082990,-0.005869,370.905219
0.283789,0.029239,-0.046757,240.526558
0.145712,0.046591,-0.013661,339.266932
0.367199,0.077807,-0.074113,178.205831
0.095490,0.080632,-0.005210,373.879780
0.006528,0.006107,0.005222,433.551206
0.036190,0.061626,0.002382,413.885628
0.195188,0.013894,-0.023831,304.499915
0.350992,0.015535,-0.068344,190.481641
0.241650,0.070679,-0.035085,271.229116
0.516669,0.038688,-0.138360,61.010791
0.421127,0.031624,-0.094947,136.774554
0.296252,0.083145,-0.050480,231.344466
0.137067,0.093063,-0.012072,345.272385
0.267208,0.035637,-0.041996,252.668727
0.001177,0.023968,0.002039,436.880068
0.137236,0.034897,-0.012104,345.156700
0.208042,0.067802,-0.026777,295.354210
0.480515,0.072977,-0.120916,90.047377
0.026383,0.000666,-0.000767,420.141752
0.115238,0.002299,-0.008696,360.310498
0.263359,0.037221,-0.040922,255.476013
0.265334,0.070113,-0.041471,254.034678
0.410228,0.044828,-0.090530,145.222099
0.091168,0.070550,-0.004570,376.827249
0.531844,0.079454,-0.146065,48.681853
0.215492,0.001303,-0.026829,290.313911
0.018802,0.029665,0.004124,425.441367
0.173767,0.001071,-0.018089,319.791591
0.225443,0.000325,-0.029163,283.207333
0.251406,0.024873,-0.037663,264.167165
0.418157,0.071622,-0.093732,139.079028
0.048584,0.066789,0.001007,405.600976
0.299566,0.071780,-0.051491,228.896805
0.328827,0.088050,-0.060811,207.134604
0.058318,0.042959,-0.000152,399.066452
0.000843,0.070652,0.001460,437.066873
0.178110,0.022978,-0.020111,316.576436
0.404172,0.016213,-0.088122,149.901351
0.285116,0.005685,-0.047148,239.551679
0.388224,0.074434,-0.081933,162.161842
0.285378,0.017358,-0.047225,239.358598
0.024903,0.044035,0.003538,421.395636
0.120163,0.071914,-0.009128,356.959453
0.175869,0.081261,-0.019638,318.153404
0.411889,0.076001,-0.091196,143.936409
0.460908,0.048673,-0.111981,105.605724
0.529202,0.029964,-0.144707,50.835513
0.423036,0.012346,-0.095732,135.291074
0.106797,0.031778,-0.006951,366.147218
0.510589,0.036277,-0.135337,65.926841
0.265154,0.074910,-0.041421,254.165621
0.082745,0.015615,-0.003364,382.558534
0.106966,0.013744,-0.006978,366.031958
0.190615,0.079524,-0.022812,307.739251
0.067352,0.045864,-0.001289,392.979260
0.415850,0.031739,-0.092795,140.870024
0.385787,0.030124,-0.081008,164.029910
0.339861,0.098597,-0.062869,199.235852
0.315994,0.028206,-0.056638,216.711626
0.371580,0.039775,-0.075711,174.875125
0.180473,0.010491,-0.020613,314.910987
0.240114,0.029042,-0.034687,272.339647
0.019973,0.090094,0.004015,424.664019
0.416423,0.093916,-0.093027,140.422859
0.049633,0.044685,0.000885,404.898236
0.263575,0.058907,-0.040982,255.317719
0.129055,0.047535,-0.010651,350.822374
0.094810,0.042027,-0.005109,374.344934
0.318219,0.044456,-0.057352,215.054739
0.280734,0.049236,-0.045863,242.769132
0.061492,0.012248,-0.000546,396.931543
0.042473,0.074581,0.001699,409.690455
0.161160,0.008544,-0.016639,328.484342
0.207646,0.020849,-0.026685,295.638596
0.334845,0.042609,-0.062816,202.628944
0.294047,0.000511,-0.047858,233.373506
0.169235,0.057157,-0.018265,322.820419
0.112640,0.053709,-0.007886,362.136469
0.072111,0.053092,-0.001911,389.763670
0.148878,0.061619,-0.014256,337.061840
0.004070,0.006490,0.005430,435.170600
0.202105,0.034918,-0.025401,299.584366
0.207329,0.055208,-0.026611,295.863112
0.015289,0.049890,0.004450,427.765719
0.153242,0.039975,-0.015090,334.019009
0.391988,0.000468,-0.082410,159.525454
-0.000637,0.059846,-0.001103,437.901701
0.152864,0.013954,-0.015017,334.283986
0.264592,0.098855,-0.039275,254.949223
0.024050,0.091264,0.003623,421.960167
0.142279,0.023797,-0.013024,341.655694
0.276988,0.097663,-0.042786,245.901678
0.141571,0.035035,-0.012893,342.147289
0.223843,0.061331,-0.030574,284.051669
0.034343,0.022039,0.002577,415.117880
0.044853,0.027943,0.001431,408.099894
0.088066,0.007582,-0.004121,378.941188
0.125104,0.024932,-0.009968,353.553310
0.038404,0.091704,0.002145,412.407732
0.019527,0.075580,0.004057,424.959602
0.409532,0.000208,-0.089577,145.942269
0.499786,0.043232,-0.130056,74.627913
0.273479,0.028251,-0.043771,248.086089
0.217952,0.081532,-0.029136,288.272795
0.096806,0.075346,-0.005408,372.981400
0.420485,0.012545,-0.094684,137.273943
0.188403,0.071388,-0.022326,309.305910
-0.000391,0.060203,-0.000677,437.762699
0.114491,0.046023,-0.008188,360.864592
0.300678,0.057498,-0.051833,228.074585
0.194368,0.000604,-0.022193,305.301321
0.075288,0.038624,-0.002337,387.614161
0.174653,0.037219,-0.019385,319.011143
0.016046,0.034038,0.004380,427.265616
0.449122,0.008601,-0.106783,114.896630
0.187785,0.087406,-0.022190,309.742545
-0.000000,-0.000000,-0.000000,437.544194
0.022016,0.064709,0.003819,423.310647
0.000213,0.085761,0.000370,437.421025
0.395837,0.036746,-0.084860,156.319492
0.444047,0.098625,-0.104547,118.888956
0.391118,0.015865,-0.083040,159.944899
0.140597,0.022152,-0.012715,342.824760
0.557708,0.045402,-0.159737,27.477269
0.204097,0.033054,-0.025860,298.166950
0.311922,0.047409,-0.055342,219.739164
-0.000398,0.045439,-0.000689,437.767083
0.406563,0.019851,-0.089069,148.055903
0.243783,0.057208,-0.035643,269.687343
0.473049,0.046266,-0.117471,95.988093
0.199462,0.031029,-0.024797,301.464197
0.193585,0.050692,-0.023472,305.635693
0.039664,0.005645,0.002006,411.568908
0.301489,0.073386,-0.052082,227.474152
0.281767,0.031737,-0.046165,242.011057
0.172817,0.012868,-0.019004,320.304047
0.244298,0.093424,-0.035777,269.313886
0.464312,0.054198,-0.113506,102.913886
0.281500,0.099594,-0.044100,242.596314
0.178100,0.073422,-0.020108,316.582021
0.054342,0.084124,0.000330,401.737574
0.231073,0.088598,-0.032376,278.854878
0.140685,0.039171,-0.012731,342.762614
0.010606,0.059112,0.004871,430.859996
0.301340,0.002427,-0.050113,227.986787
0.242753,0.027997,-0.035374,270.432764
0.422448,0.032266,-0.095489,135.747769
0.444397,0.027628,-0.104735,118.606789
0.100002,0.006661,-0.005895,370.800064
0.117150,0.000297,-0.008949,359.001369
0.186527,0.025646,-0.021917,310.634285
0.480585,0.082856,-0.120949,89.990967
0.144814,0.061714,-0.013493,339.891675
0.050759,0.098259,-0.002187,403.913589
0.526209,0.077823,-0.143176,53.269402
0.434346,0.020549,-0.100447,126.476297
0.474769,0.088133,-0.118260,94.619298
0.150512,0.100076,-0.013954,335.999950
-0.001147,0.068980,-0.001987,438.189887
0.072118,0.042816,-0.001913,389.759027
0.114943,0.020274,-0.008263,360.555077
0.036200,0.083048,0.002382,413.878088
0.405372,0.007701,-0.088597,148.975479
0.122493,0.037751,-0.009522,355.354232
0.084645,0.071471,-0.003630,381.265890
0.119232,0.054942,-0.008972,357.601476
0.073146,0.098678,-0.004005,388.888238
0.166797,0.018975,-0.017769,324.532646
0.185654,0.069154,-0.021726,311.249742
0.022566,0.061884,0.003766,422.945711
0.065134,0.041942,-0.001004,394.475875
0.020255,0.051711,0.003987,424.477951
0.468616,0.037439,-0.115451,99.505476
0.095699,0.027437,-0.005243,373.738485
0.086337,0.064625,-0.003871,380.115824
0.299427,0.055789,-0.051449,228.999623
0.022465,0.045580,0.003775,423.013233
0.007592,0.068747,0.005133,432.847851
0.354144,0.048760,-0.069448,188.099593
0.000654,0.029213,0.001133,437.174344
0.242793,0.022746,-0.035384,270.404342
0.191392,0.039534,-0.022985,307.190578
0.000276,0.052730,0.000477,437.387078
0.162352,0.010421,-0.016876,327.649874
0.285560,0.060530,-0.047278,239.223430
0.020431,0.025453,0.003970,424.362762
0.269114,0.064888,-0.042532,251.275489
0.411337,0.057484,-0.090974,144.364287
0.142514,0.019813,-0.013067,341.492808
0.113631,0.098305,-0.008486,361.406414
0.324151,0.092670,-0.059274,210.629203
0.169824,0.050611,-0.018386,322.406795
0.240030,0.017265,-0.034666,272.401179
0.012161,0.065883,0.004733,429.832963
0.173595,0.083704,-0.019164,319.753849
0.023871,0.078489,0.003640,422.079345
0.339283,0.043681,-0.064314,199.297601
0.238325,0.011506,-0.034226,273.631633
0.334414,0.099063,-0.060978,203.331550
0.258091,0.002496,-0.037494,259.678052
0.057824,0.059606,-0.000091,399.397967
0.049372,0.062541,0.000915,405.072808
0.065919,0.054143,-0.001104,393.946076
0.079472,0.035674,-0.002908,384.778947
0.134709,0.079810,-0.011649,346.907392
0.043634,0.055868,0.001569,408.914361
0.055519,0.063008,0.000188,400.947703
0.152555,0.022108,-0.014958,334.499222
0.407065,0.067371,-0.089268,147.666350
0.273507,0.023201,-0.043779,248.065736
0.489065,0.051518,-0.124927,83.222314
0.093423,0.035464,-0.004903,375.291269
0.196457,0.073745,-0.024115,303.597277
0.172320,0.015873,-0.018901,320.652939
0.051078,0.036686,0.000716,403.929494
0.441252,0.007742,-0.103384,121.073381
0.064342,0.049486,-0.000904,395.009482
0.371000,0.083219,-0.075498,175.315541
0.474795,0.060303,-0.118272,94.599786
0.040112,0.084029,0.001960,411.267543
0.214101,0.067638,-0.028210,291.028114
0.544088,0.027020,-0.152452,38.676244
0.227400,0.045207,-0.031456,281.498095
0.310855,0.086153,-0.055004,220.530170
0.395315,0.079731,-0.084657,156.719305
-0.000212,0.058339,-0.000366,437.661663
0.002353,0.024158,0.005572,436.299928
0.324290,0.011174,-0.059321,210.527793
0.142630,0.075402,-0.013088,341.409935
0.001136,0.033042,0.001968,436.903114
0.090651,0.048422,-0.004495,377.179837
0.103145,0.072215,-0.006378,368.647735
0.578865,0.067022,-0.171441,9.940738
0.369867,0.063315,-0.075084,176.177964
0.252436,0.050182,-0.037939,263.418739
0.384837,0.021038,-0.080648,164.757647
0.403458,0.089580,-0.087839,150.449702
0.000042,0.053847,0.000073,437.518574
0.000894,0.034117,0.001548,437.039389
0.044325,0.043487,0.001491,408.452582
0.055107,0.013206,0.000237,401.225776
0.106788,0.035708,-0.006950,366.153067
0.129980,0.000587,-0.010744,350.192307
0.166890,0.030596,-0.017788,324.467058
0.018972,0.038726,0.004108,425.328588
0.279640,0.090512,-0.045544,243.570047
0.014531,0.009122,0.004518,428.268339
-0.000620,0.049011,-0.001074,437.892704
0.282464,0.081440,-0.046367,241.497977
0.337075,0.086746,-0.063566,200.954076
-0.000012,0.004819,-0.000021,437.550921
0.195944,0.008609,-0.024001,303.963366
0.142579,0.018441,-0.013079,341.447718
0.143524,0.041114,-0.013254,340.789281
0.139781,0.044630,-0.012565,343.390328
0.265896,0.099776,-0.039637,253.999302
0.416615,0.016849,-0.093106,140.277010
0.091538,0.021643,-0.004626,376.576789
0.044962,0.069718,0.001420,408.025861
0.273572,0.049740,-0.043797,248.016914
-0.000371,0.036912,-0.000643,437.752435
0.059733,0.059734,-0.000326,398.113669
-0.000356,0.093530,-0.000617,437.742214
0.166915,0.082982,-0.017792,324.447753
-0.000000,0.100000,-0.000000,437.540897
0.303133,0.030876,-0.052591,226.258737
0.156774,0.018374,-0.015775,331.552387
0.147944,0.018648,-0.014080,337.714045
0.067145,0.077168,-0.001261,393.118145
0.042417,0.045518,0.001704,409.728694
0.002693,0.099570,0.005546,436.073911
-0.000223,0.018569,-0.000386,437.669394
0.141453,0.091034,-0.012870,342.227333
0.404683,0.043740,-0.088323,149.505885
0.014652,0.077799,0.004509,428.186077
0.066507,0.058229,-0.001180,393.549152
0.054209,0.000428,-0.002435,401.609399
0.355435,0.081695,-0.069902,187.122724
0.240378,0.066280,-0.034755,272.147904
0.224958,0.097575,-0.029048,283.550506
0.121726,0.054486,-0.009392,355.883018
0.001105,0.070566,0.001914,436.919258
-0.000000,-0.000000,-0.000000,437.544194
0.172453,0.027733,-0.018928,320.559173
0.000699,0.049373,0.001210,437.148641
0.267665,0.037682,-0.042125,252.334854
0.154255,0.020286,-0.015286,333.312430
0.305088,0.092211,-0.053196,224.808107
0.081389,0.000404,-0.004791,383.329130
0.180753,0.034995,-0.020672,314.712799
0.177093,0.041615,-0.019897,317.292470
0.122144,0.087842,-0.009462,355.593953
0.067596,0.068743,-0.001320,392.813427
0.210771,0.088919,-0.027419,293.406717
0.385484,0.031355,-0.080893,164.262332
0.102042,0.047965,-0.006208,369.403466
0.375496,0.026152,-0.077154,171.893007
0.107354,0.066317,-0.007038,365.764374
0.000442,0.021093,0.000766,437.294197
0.067078,0.059383,-0.001253,393.163375
0.183965,0.000993,-0.020069,312.634226
0.462809,0.051444,-0.112831,104.103009
0.041903,0.020862,0.001761,410.072789
0.174881,0.040392,-0.019433,318.850719
0.055537,0.005676,0.000185,400.937353
0.265770,0.001641,-0.039602,254.094921
0.237660,0.082067,-0.034053,274.109405
0.224322,0.094223,-0.030692,283.706306
0.079189,0.041749,-0.002868,384.970699
0.002062,0.038346,0.005596,436.490949
0.073394,0.038817,-0.002082,388.896241
0.377446,0.058415,-0.077876,170.404557
0.227739,0.006200,-0.031541,281.255743
0.359050,0.070226,-0.071184,184.387454
0.449717,0.045380,-0.107042,114.427494
0.249422,0.098857,-0.035181,265.954205
0.168114,0.022821,-0.018037,323.608595
0.062776,0.087933,-0.000705,396.064172
0.134019,0.043521,-0.011526,347.386609
0.064670,0.062534,-0.000945,394.788144
0.011205,0.057795,0.004818,430.464125
0.206954,0.030760,-0.026524,296.131590
0.067179,0.064926,-0.001266,393.095601
0.267153,0.042209,-0.041981,252.708163
0.125576,0.002315,-0.010109,353.221083
0.210126,0.059050,-0.027267,293.867583
0.197708,0.044443,-0.024399,302.709705
0.141592,0.020297,-0.012898,342.133218
0.143163,0.072293,-0.013186,341.039833
0.337863,0.086150,-0.063832,200.362187
0.419132,0.069875,-0.094130,138.322727
0.409237,0.045387,-0.090133,145.989092
0.064520,0.097983,-0.003251,394.691411
0.100670,0.049508,-0.005996,370.341717
0.171235,0.025836,-0.018677,321.415510
0.386355,0.015466,-0.081223,163.596206
0.183104,0.099868,-0.019898,313.236289
0.041798,0.021497,0.001772,410.142893
0.173802,0.062936,-0.019207,319.608868
0.023509,0.048106,0.003674,422.320570
0.515903,0.036630,-0.137977,61.631085
0.294158,0.000750,-0.047892,233.291717
0.513741,0.049547,-0.136900,63.378855
0.425004,0.085555,-0.096543,133.758220
0.102412,0.098805,-0.007087,369.063360
0.157802,0.091143,-0.015974,330.831325
0.422236,0.084674,-0.095402,135.910384
0.007268,0.034716,0.005160,433.062744
0.124898,0.048585,-0.009932,353.694895
0.175710,0.048997,-0.019606,318.266339
0.001492,0.001187,0.005642,436.866884
-0.000312,0.093699,-0.000540,437.717151
0.211203,0.041567,-0.027522,293.099741
0.332226,0.032310,-0.061940,204.591783
0.186723,0.046659,-0.021959,310.495003
0.024326,0.062816,0.003595,421.778228
0.070483,0.100061,-0.003763,390.681527
0.000382,0.018586,0.000661,437.328260
0.200631,0.052034,-0.025063,300.631944
0.328801,0.070476,-0.060803,207.154317
0.535996,0.083178,-0.148213,45.294277
0.225799,0.042279,-0.031058,282.648207
0.256355,0.093385,-0.038998,260.571223
0.066411,0.014459,-0.001169,393.615017
0.203864,0.044143,-0.025806,298.332421
0.003862,0.035261,0.005448,435.306128
0.168399,0.072958,-0.018094,323.406697
0.208566,0.087646,-0.026900,294.979796
0.076531,0.067205,-0.002504,386.771274
0.074521,0.062058,-0.002233,388.132796
0.077395,0.014319,-0.002623,386.187809
0.133703,0.035520,-0.011470,347.606047
0.353063,0.081742,-0.069068,188.915024
0.017489,0.070423,0.004248,426.309605
0.349746,0.098387,-0.066373,191.778295
0.217943,0.099921,-0.027395,288.562951
0.027397,0.073754,0.003291,419.738174
0.257110,0.019248,-0.039205,260.025123
0.210916,0.065225,-0.027453,293.303821
0.197071,0.038003,-0.024255,303.161932
0.040428,0.005717,0.001923,411.058847
0.038822,0.025860,0.002098,412.130591
0.395143,0.046024,-0.084590,156.852865
0.300999,0.039941,-0.051932,227.837769
0.029984,0.050949,0.003029,418.018802
0.024114,0.043616,0.003615,421.919656
0.015000,0.070197,0.004477,427.956276
0.166771,0.076549,-0.017763,324.548984
0.140680,0.044713,-0.012730,342.765860
0.469118,0.066492,-0.115678,99.106595
0.050218,0.055697,0.000817,404.505636
0.363173,0.087673,-0.072659,181.261556
0.297897,0.092961,-0.050981,230.129377
0.324364,0.002193,-0.057565,210.864787
0.324583,0.012550,-0.059417,210.309153
0.272395,0.056468,-0.043461,248.878109
0.000515,0.078856,0.000892,437.251152
0.231856,0.048581,-0.032574,278.292781
0.248246,0.036940,-0.036820,266.457338
0.165652,0.067798,-0.017537,325.334348
0.296179,0.044586,-0.050458,231.400277
0.151197,0.002470,-0.014068,335.528263
0.309445,0.032122,-0.054560,221.579396
0.433610,0.039473,-0.100137,127.050086
0.444320,0.097325,-0.104671,118.673052
0.118560,0.032345,-0.008861,358.065138
0.031546,0.001767,-0.001013,416.716911
0.075725,0.083614,-0.002395,387.316675
0.131037,0.014532,-0.010999,349.452958
0.000585,0.055221,0.001013,437.212765
0.364433,0.032256,-0.073113,180.307816
0.058705,0.020767,-0.000200,398.806702
0.011653,0.087834,0.004779,430.167599
0.155157,0.050271,-0.015459,332.681495
0.107816,0.042609,-0.007112,365.448231
-0.000748,0.028727,-0.001296,437.965807
0.019876,0.077927,0.004024,424.728367
0.361184,0.006098,-0.071947,182.772639
0.053365,0.041363,0.000446,402.394738
0.230622,0.040647,-0.032263,279.181344
0.123891,0.059061,-0.009759,354.389373
0.002076,0.061880,0.005596,436.481264
0.052453,0.000844,-0.002307,402.784006
0.293328,0.084114,-0.049595,233.502061
0.462186,0.021022,-0.112553,104.596859
0.152953,0.053000,-0.015034,334.220467
0.511933,0.023988,-0.136002,64.841135
0.105126,0.083016,-0.006687,367.290907
0.188513,0.001554,-0.020985,309.432066
0.083930,0.079801,-0.003529,381.751216
0.275364,0.052989,-0.044310,246.704838
-0.000809,0.042382,-0.001400,437.999359
0.051421,0.047255,0.000676,403.698961
0.416372,0.064984,-0.093006,140.464061
0.050376,0.100036,-0.002157,404.169722
0.283240,0.088943,-0.046595,240.927357
0.324265,0.027967,-0.059313,210.545969
0.411229,0.059380,-0.090931,144.447609
0.240221,0.000056,-0.032806,272.598024
0.130261,0.000518,-0.010785,349.998913
0.349171,0.063862,-0.067709,191.853862
0.192009,0.098670,-0.021702,306.963225
0.127642,0.012476,-0.010406,351.800238
0.334640,0.048212,-0.062747,202.782187
0.078664,0.015584,-0.002797,385.327637
0.423241,0.090626,-0.095815,135.129033
0.339194,0.059723,-0.064283,199.363891
0.179959,0.021011,-0.020503,315.273319
0.441440,0.099523,-0.103376,120.947198
0.342420,0.014745,-0.065382,196.940620
0.202992,0.081495,-0.025604,298.951928
0.152339,0.084681,-0.014915,334.647645
0.036195,0.039865,0.002381,413.882624
0.120156,0.038846,-0.009128,356.965451
0.053011,0.052987,0.000488,402.632257
0.305955,0.000906,-0.051565,224.569068
0.283624,0.015833,-0.046709,240.648213
0.283184,0.092880,-0.046578,240.968394
0.005594,0.081611,0.005304,434.164521
0.041103,0.036569,0.001850,410.607379
0.160907,0.008259,-0.016588,328.661596
0.075211,0.026894,-0.002327,387.666937
0.033271,0.083787,0.002691,415.830418
0.059108,0.034171,-0.000250,398.535047
0.095789,0.097472,-0.006319,373.568587
0.092010,0.060805,-0.004694,376.253429
0.089853,0.070057,-0.004378,377.722640
0.024094,0.039837,0.003617,421.932704
0.015259,0.024123,0.004452,427.786201
0.204014,0.063688,-0.025840,298.224865
0.094213,0.021668,-0.005021,374.752626
0.197585,0.028154,-0.024371,302.797330
-0.000097,0.081136,-0.000167,437.596021
0.038496,0.016731,0.002133,412.348844
0.139219,0.020006,-0.012463,343.781729
0.200764,0.014505,-0.025094,300.538984
0.295000,0.073868,-0.050100,232.269308
0.072547,0.030897,-0.001970,389.469545
0.316290,0.098437,-0.054894,216.885650
0.260017,0.070947,-0.039999,257.908692
0.035114,0.027248,0.002495,414.603800
0.283735,0.038192,-0.046741,240.565744
0.018647,0.054866,0.004139,425.543259
0.154795,0.002516,-0.014675,333.029316
0.004413,0.036708,0.005402,434.943872
0.017042,0.012096,0.004288,426.607022
0.003862,0.061213,0.005448,435.305873
0.088872,0.085606,-0.004235,378.390229
0.347748,0.019701,-0.067216,192.928155
0.193505,0.058692,-0.023454,305.691736
0.544942,0.090262,-0.152903,37.972929
0.102980,0.085413,-0.006352,368.759946
0.495268,0.013762,-0.127881,78.255854
0.122048,0.082040,-0.009445,355.660221
0.078727,0.036275,-0.002805,385.283732
0.056119,0.081038,0.000116,400.543709
0.082585,0.011654,-0.003341,382.667010
0.014877,0.029713,0.004487,428.038890
0.160183,0.074046,-0.016444,329.166063
0.222356,0.059281,-0.030209,285.118549
0.235780,0.052639,-0.033571,275.466548
0.202698,0.005954,-0.025538,299.163284
0.166783,0.011262,-0.017767,324.543406
0.000550,0.020460,0.000953,437.233299
0.269741,0.001354,-0.040715,251.200549
0.057465,0.054031,-0.000048,399.640126
0.363057,0.008944,-0.072618,181.352246
0.391837,0.047218,-0.083316,159.391589
0.056382,0.025501,0.000083,400.369043
0.000907,0.094643,0.001570,437.030188
0.209173,0.070114,-0.027043,294.547307
0.016685,0.071482,0.004322,426.841332
0.201708,0.030843,-0.025310,299.866883
0.042456,0.076402,0.001701,409.701340
0.051151,0.022570,0.000707,403.881150
0.000162,0.018362,0.000281,437.452023
0.197272,0.090769,-0.024299,303.017605
0.019636,0.020368,0.004045,424.889459
0.419472,0.088861,-0.094269,138.057583
0.190361,0.033391,-0.022757,307.920878
0.265738,0.037186,-0.041585,253.741287
0.087245,0.068695,-0.004001,379.497871
0.030626,0.076070,0.002964,417.591020
0.243977,0.044182,-0.035694,269.547673
0.261754,0.085519,-0.040477,256.643310
0.057757,0.068449,-0.000083,399.442865
0.210295,0.042284,-0.027307,293.747503
0.140682,0.031296,-0.012730,342.765122
0.317344,0.032003,-0.057071,215.706422
0.036137,0.028362,0.002387,413.921800
0.070239,0.081955,-0.001664,391.028324
-0.000560,0.016944,-0.000969,437.859504
0.098537,0.052954,-0.005670,371.799758
0.016261,0.044709,0.004361,427.122879
0.407952,0.035770,-0.089621,146.982340
0.248771,0.092903,-0.036958,266.075437
0.079631,0.074842,-0.002929,384.669578
-0.000148,0.073442,-0.000257,437.625466
0.287787,0.081274,-0.047937,237.584350
0.334596,0.075223,-0.062732,202.813965
0.089635,0.094128,-0.004346,377.870702
0.186063,0.099199,-0.020489,311.154009
0.172502,0.067713,-0.018937,320.523382
0.085700,0.061385,-0.003780,380.549123
0.059538,0.089261,-0.000301,398.244237
0.070055,0.001305,-0.003727,390.972958
0.209140,0.019432,-0.027036,294.572818
0.212831,0.090758,-0.027907,291.935347
-0.001140,0.044947,-0.001974,438.186609
0.039891,0.098447,-0.001476,411.164713
0.145890,0.032583,-0.013694,339.143934
0.036804,0.081126,0.002317,413.475145
0.186208,0.056708,-0.021847,310.858472
0.218953,0.098904,-0.027630,287.842364
0.066957,0.049344,-0.001238,393.245723
-0.000117,0.004669,-0.000203,437.610313
0.462536,0.043960,-0.112709,104.319615
0.116950,0.008484,-0.008594,359.174167
0.294715,0.017399,-0.050015,232.481859
-0.000332,0.077279,-0.000574,437.728796
0.153231,0.055583,-0.015087,334.026508
0.203207,0.078960,-0.025654,298.798319
0.437979,0.030350,-0.101986,123.635388
0.474285,0.084156,-0.118038,95.004089
0.214883,0.049794,-0.028398,290.469648
0.292983,0.097530,-0.047534,234.154280
0.426071,0.027661,-0.096986,132.929228
0.192473,0.018791,-0.023225,306.424900
-0.000000,-0.000000,-0.000000,437.544194
0.054773,0.066449,0.000278,401.448740
0.163593,0.010005,-0.017124,326.780316
0.370176,0.033965,-0.075197,175.944051
0.000038,0.029966,0.000065,437.521892
0.179497,0.034600,-0.020405,315.598141
0.421121,0.054011,-0.094944,136.778422
0.402905,0.061361,-0.087621,150.877243
0.294229,0.033402,-0.049868,232.839857
0.001291,0.058273,0.002236,436.814970
0.118315,0.037856,-0.008820,358.233586
0.250279,0.064530,-0.037361,264.983225
0.023547,0.012984,0.003670,422.296842
0.021440,0.051297,0.003874,423.692822
0.509768,0.065053,-0.134932,66.587806
0.117649,0.040921,-0.008709,358.692010
0.030944,0.013532,0.002930,417.381449
0.437268,0.041491,-0.101684,124.190631
0.087329,0.099462,-0.005398,379.307129
0.270359,0.084605,-0.042883,250.365713
0.105037,0.086598,-0.006673,367.351302
0.457599,0.040800,-0.110508,108.219004
0.019997,0.008375,0.004011,424.650779
0.125704,0.047594,-0.010070,353.138258
0.447396,0.089561,-0.106032,116.249948
0.163283,0.047909,-0.017061,326.996080
0.059236,0.086937,-0.000264,398.447741
0.025787,0.051537,0.003451,420.808441
0.141197,0.084063,-0.012823,342.405919
0.315115,0.037486,-0.056357,217.365876
0.041828,0.062257,0.001770,410.121571
0.315453,0.001686,-0.054620,217.512829
0.434955,0.072241,-0.100703,125.998579
0.001242,0.043349,0.002151,436.843319
0.275799,0.024933,-0.044436,246.387245
-0.000000,-0.000000,-0.000000,437.544194
0.000488,0.049651,0.000846,437.267291
0.004242,0.023669,0.005416,435.056656
0.602606,0.099180,-0.188140,-11.051007
0.241933,0.005758,-0.035160,271.026691
0.285797,0.053262,-0.047348,239.049169
0.239186,0.053450,-0.034447,273.009093
0.217715,0.012285,-0.029080,288.444791
0.104376,0.001886,-0.007323,367.728624
0.064583,0.063661,-0.000934,394.846857
0.279829,0.020742,-0.045600,243.433715
0.154294,0.090363,-0.015291,333.283026
-0.000720,0.015337,-0.001247,437.950312
0.035705,0.043857,0.002433,414.209593
0.171113,0.013793,-0.018652,321.501646
0.227279,0.049722,-0.031426,281.584479
0.046110,0.036485,0.001289,407.258297
0.339852,0.080638,-0.064506,198.869023
0.357100,0.050693,-0.070492,185.864447
0.587252,0.071328,-0.176213,2.941155
0.360286,0.073923,-0.071625,183.450673
0.001310,0.069028,0.002269,436.804061
0.166255,0.092741,-0.017658,324.910530
0.384762,0.061255,-0.080619,164.813615
0.502665,0.088941,-0.131452,72.311034
0.204557,0.093130,-0.025965,297.836678
0.218617,0.008631,-0.029298,287.799602
0.100387,0.081275,-0.005952,370.534571
0.052758,0.084281,0.000519,402.800989
0.393986,0.035625,-0.084143,157.742193
0.331701,0.070921,-0.061765,204.983476
0.022459,0.034424,0.003776,423.017551
0.099883,0.058335,-0.005875,370.879665
0.026293,0.027637,0.003400,420.473457
0.084480,0.002576,-0.005104,381.239199
0.301758,0.030875,-0.052166,227.276136
0.080037,0.001095,-0.004658,384.242796
0.255104,0.056439,-0.038659,261.481769
0.275468,0.061779,-0.044340,246.628629
0.497328,0.038078,-0.128870,76.602443
0.126756,0.028208,-0.010252,352.412039
0.164831,0.082366,-0.017371,325.909627
0.040573,0.048690,0.001908,410.960474
0.005730,0.048918,0.005291,434.075474
0.065944,0.026526,-0.001108,393.929857
0.334440,0.052434,-0.062680,202.932154
0.244113,0.013685,-0.035730,269.449837
0.558208,0.052302,-0.160008,27.064298
0.302838,0.073706,-0.052499,226.475785
0.157357,0.075662,-0.015888,331.143075
0.131392,0.067249,-0.011060,349.204979
0.160819,0.002027,-0.015721,328.837337
0.145308,0.051787,-0.013585,339.548100
0.078919,0.054478,-0.002831,385.153198
0.132620,-0.000083,-0.011133,348.374538
0.210081,0.051077,-0.027257,293.900236
0.378802,0.051655,-0.078381,169.369735
0.287486,0.099167,-0.045874,238.200681
0.249285,0.015036,-0.037097,265.705132
0.078139,0.068199,-0.002723,385.681933
0.181321,0.054828,-0.020793,314.311278
0.281220,0.090769,-0.046004,242.410517
0.060597,0.099236,-0.002928,397.325386
0.079250,0.006017,-0.002878,384.930552
0.435853,0.074078,-0.101083,125.296371
0.120678,0.061886,-0.009215,356.604930
0.173674,0.023718,-0.019181,319.700387
0.171537,0.068100,-0.018738,321.202324
0.122394,0.043066,-0.009505,355.422456
0.328656,0.040131,-0.060755,207.263883
0.027928,0.034845,0.003237,419.386526
0.375063,0.053233,-0.076993,172.221683
0.022486,0.019672,0.003773,423.000185
-0.000625,0.076628,-0.001082,437.894327
0.148127,0.076224,-0.014114,337.584897
0.397336,0.098050,-0.084564,155.392119
0.099559,0.091094,-0.005825,371.100027
0.268945,0.013474,-0.042485,251.401142
0.228304,0.045028,-0.031682,280.848230
0.020861,0.006464,0.003928,424.077934
0.133626,0.043724,-0.011456,347.659269
-0.000140,0.005118,-0.000242,437.622963
0.166573,0.018042,-0.017724,324.690029
0.399596,0.067123,-0.086323,153.426551
0.477828,0.082313,-0.119670,92.186892
0.384737,0.015623,-0.080610,164.834858
0.417821,0.056848,-0.093595,139.340505
0.044662,0.024475,0.001453,408.227954
0.251086,0.012110,-0.037578,264.399863
0.465861,0.082704,-0.114203,101.687223
0.057555,0.049847,-0.000059,399.579384
0.000614,0.052089,0.001063,437.196367
0.069076,0.063922,-0.001512,391.814508
0.575643,0.098319,-0.171753,11.865674
0.219948,0.086077,-0.029620,286.843069
0.394700,0.052269,-0.084419,157.193234
0.037343,0.078808,0.002259,413.116245
0.029567,0.089413,0.003073,418.295511
0.407549,0.081909,-0.089460,147.291765
0.152155,0.080556,-0.014880,334.775977
0.081723,0.015325,-0.003221,383.252059
0.275280,0.093954,-0.044285,246.765375
0.011537,0.064323,0.004789,430.244924
0.562542,0.084720,-0.162369,23.483946
0.073513,0.078220,-0.002097,388.814261
0.209036,0.024077,-0.027011,294.646649
0.068775,0.051061,-0.001473,392.018390
0.000807,0.074937,0.001397,437.087020
0.162841,0.025055,-0.016973,327.306644
0.054566,0.064714,0.000303,401.587925
0.231897,0.069767,-0.032584,278.262509
0.009394,0.019036,0.004976,431.660798
0.136712,0.002269,-0.011750,345.552968
0.270397,0.041232,-0.042895,250.339252
0.025147,0.099246,-0.000712,420.957215
0.413678,0.052316,-0.091916,142.552162
0.412481,0.085871,-0.091434,143.477500
0.327889,0.047881,-0.060502,207.837374
0.041416,0.027454,0.001815,410.398348
0.129091,0.021277,-0.010658,350.798458
0.159424,0.012018,-0.016295,329.699747
0.062107,0.057346,-0.000621,396.515672
0.540020,0.089693,-0.150313,42.004773
0.319223,0.044255,-0.057675,214.306618
0.085410,0.019527,-0.003740,380.747383
0.001063,0.027582,0.001841,436.944427
0.336334,0.049701,-0.063317,201.511095
-0.000231,0.085296,-0.000401,437.671887
0.080537,0.058866,-0.003054,384.055973
0.434679,0.040008,-0.100587,126.215404
0.242627,0.052276,-0.035340,270.523290
0.209539,0.011918,-0.027130,294.288240
0.316708,0.009839,-0.056867,216.180689
0.424521,0.007934,-0.096344,134.136188
0.214220,0.002178,-0.026538,291.220400
0.253951,0.015547,-0.038348,262.320244
0.508725,0.077065,-0.134417,67.429560
0.465820,0.098218,-0.114585,101.599696
0.263475,0.092018,-0.040954,255.389397
0.047782,0.090665,0.001100,406.137244
0.069589,0.097547,-0.003687,391.283612
0.057751,0.016106,-0.000084,399.448752
0.188706,0.075129,-0.022392,309.091062
0.034333,0.002207,-0.001159,414.865835
0.132880,0.015377,-0.011325,348.176809
0.166500,0.050198,-0.017708,324.740000
0.000879,0.080774,0.001523,437.046134
0.088028,0.031302,-0.004115,378.966309
0.075150,0.079901,-0.002317,387.706420
0.372377,0.042971,-0.076004,174.268173
0.044624,0.090869,0.001459,408.251291
0.210810,0.060087,-0.027429,293.379486
0.095438,0.062823,-0.005203,373.915495
0.055670,0.031995,0.000169,400.847254
0.278927,0.098896,-0.043348,244.481916
0.094534,0.050226,-0.005068,374.532979
0.135128,0.087095,-0.011723,346.617020
0.081596,0.065216,-0.003202,383.336479
0.301441,0.062489,-0.052068,227.510094
0.319266,0.014889,-0.057690,214.275503
0.000782,0.042564,0.001354,437.102253
0.015556,0.043591,0.004426,427.589626
0.000363,0.018344,0.000629,437.338765
0.111447,0.056637,-0.007693,362.956240
0.190049,0.048880,-0.022688,308.141533
0.019408,0.022027,0.004067,425.040115
0.499468,0.078392,-0.129902,74.882263
0.142219,0.021901,-0.013013,341.697752
0.252294,0.055062,-0.037901,263.522005
0.017258,0.089608,0.004270,426.462045
0.188072,0.009744,-0.022255,309.542040
0.406261,0.060047,-0.088948,148.287237
0.126225,0.026066,-0.010161,352.778922
0.049579,0.036294,0.000891,404.935103
0.240452,0.020786,-0.034775,272.095776
0.171220,0.036293,-0.018673,321.426295
0.039651,0.001232,-0.001461,411.327654
0.132668,0.044348,-0.011286,348.322903
0.020883,0.097480,-0.000529,423.780355
0.335638,0.010258,-0.063083,202.034858
0.121123,0.041980,-0.009290,356.299284
0.178470,0.097980,-0.018990,316.491189
0.088532,0.001676,-0.005525,378.495290
0.131520,0.011119,-0.011084,349.118378
0.000805,0.073187,0.001395,437.087996
0.113418,0.056890,-0.008013,361.601911
0.042721,0.028011,0.001670,409.526101
0.151413,0.036544,-0.014739,335.295293
0.185876,0.032760,-0.021775,311.094614
0.117854,0.064585,-0.008742,358.550438
0.284007,0.075271,-0.046820,240.364335
0.202543,0.093807,-0.025500,299.270695
0.580461,0.046312,-0.172343,8.611698
0.102427,0.014661,-0.006268,369.141268
0.058019,0.016158,-0.000116,399.268558
0.378203,0.055357,-0.078158,169.826378
0.151297,0.066381,-0.014716,335.375372
0.139716,0.019995,-0.012554,343.436520
0.252700,0.013848,-0.038011,263.228504
0.148952,0.056987,-0.014270,337.010565
0.285599,0.036874,-0.047290,239.195869
0.002033,0.066266,0.005600,436.509008
0.247147,0.067171,-0.036528,267.252233
0.210463,0.023367,-0.027347,293.628725
0.087500,0.098831,-0.005416,379.191289
0.044747,0.012447,0.001443,408.171581
-0.000944,0.076610,-0.001635,438.074644
0.016811,0.080449,0.004311,426.757665
0.135670,0.018508,-0.011822,346.243672
0.108737,0.092264,-0.007257,364.815153
0.437906,0.024802,-0.101955,123.692280
0.241198,0.002686,-0.033055,271.894189
0.175887,0.038630,-0.019643,318.142072
0.385211,0.089308,-0.080788,164.469116
0.465588,0.087958,-0.114080,101.902955
0.276614,0.029340,-0.044670,245.790543
0.212460,0.015524,-0.027821,292.202599
0.056270,0.037742,0.000097,400.443393
0.331387,0.001701,-0.059940,205.607099
0.075687,0.008922,-0.002391,387.344735
0.520553,0.069853,-0.140310,57.861952
0.151887,0.086227,-0.014828,334.962787
-0.000000,0.100000,-0.000000,437.540897
0.205802,0.099004,-0.024649,297.202113
0.130292,0.054581,-0.010867,349.967147
0.241401,0.039073,-0.035021,271.410058
0.045439,0.017213,0.001365,407.708542
0.101446,0.001734,-0.006973,369.724328
0.182380,0.045800,-0.021020,313.563591
