-0.000000,0.100000,-0.000000,466.587700
0.325993,0.004843,-0.046199,272.552464
0.222861,0.075766,-0.023073,336.311340
0.382870,0.043481,-0.062038,236.406396
0.174408,0.089572,-0.014625,365.504392
0.342829,0.023859,-0.050654,261.925662
-0.000690,0.088117,-0.001195,466.944335
0.102760,0.090047,-0.004893,407.802467
0.243546,0.000679,-0.026184,323.823424
0.270486,0.004629,-0.032872,307.150622
0.164515,0.014146,-0.013088,371.414316
0.400596,0.084663,-0.067436,224.991993
0.238070,0.075522,-0.026040,327.047619
0.358140,0.076384,-0.054875,252.204473
0.614306,0.006496,-0.150929,81.620571
0.615139,0.078119,-0.151327,81.030942
0.035471,0.080433,0.001294,446.594587
0.575291,0.003912,-0.133023,108.638207
0.282989,0.096224,-0.035692,299.404890
0.286904,0.012993,-0.036598,296.984140
0.125159,0.003435,-0.007587,394.698463
0.059264,0.066489,-0.000570,432.982124
0.085289,0.010829,-0.003016,417.968532
0.117741,0.046736,-0.006659,399.047814
0.082153,0.058261,-0.002697,419.780971
0.107102,0.099796,-0.005899,405.233631
0.515688,0.078586,-0.108039,149.154877
0.038604,0.027845,0.001067,444.813795
0.016663,0.081804,0.002517,457.277296
0.094312,0.069908,-0.003960,412.724065
0.464198,0.005170,-0.088662,183.474497
0.193516,0.042269,-0.017776,354.053634
0.066174,0.027184,-0.001179,429.011525
0.417008,0.084901,-0.072633,214.364600
0.297753,0.052783,-0.039159,290.231367
0.205620,0.092398,-0.019892,346.752706
0.350071,0.037999,-0.052631,257.335034
0.046424,0.091545,0.000481,440.340704
0.418668,0.048055,-0.073169,213.290554
0.344067,0.036684,-0.050989,261.140768
0.145827,0.053257,-0.010351,382.504838
0.293365,0.078122,-0.038113,292.961340
0.390762,0.082988,-0.064413,231.330780
0.060957,0.035137,-0.000717,432.012356
0.041322,0.055290,0.000868,443.259838
0.188323,0.074948,-0.016896,357.170564
0.451847,0.032704,-0.084309,191.608232
0.279721,0.080169,-0.034945,301.431831
0.000408,0.042357,0.000706,466.383430
0.662695,0.036143,-0.174921,47.544818
0.113113,0.025865,-0.006099,401.760360
0.091486,0.005149,-0.003661,414.372616
0.260539,0.051991,-0.030702,313.276619
0.412030,0.024752,-0.071036,217.600776
0.096526,0.099134,-0.004908,411.388458
0.006671,0.089905,0.003078,462.923613
0.228978,0.025301,-0.024249,332.596206
0.135355,0.075465,-0.008915,388.689422
0.162590,0.042657,-0.012795,372.557505
0.048771,0.021456,0.000294,439.004381
0.039730,0.011162,0.000984,444.172873
0.382097,0.034755,-0.061807,236.903286
0.191113,0.049899,-0.017367,355.497311
0.257050,0.059551,-0.029956,315.421705
0.216576,0.094640,-0.021891,340.123628
0.093727,0.046648,-0.003898,413.066142
0.127638,0.014979,-0.007904,393.239715
0.261732,0.066273,-0.030958,312.541293
0.468858,0.034523,-0.090334,180.391381
0.554864,0.058639,-0.124145,122.620750
-0.000208,0.067436,-0.000360,466.697874
0.183852,0.078073,-0.016152,359.852729
0.013480,0.013091,0.002699,459.084965
0.193198,0.032643,-0.017722,354.245514
0.265626,0.068586,-0.031803,310.142348
0.012282,0.092427,0.002771,459.754414
0.527957,0.033934,-0.112953,140.890337
0.183713,0.028788,-0.016131,359.941278
0.331122,0.051801,-0.047535,269.317360
0.180269,0.014988,-0.015568,362.005971
0.520888,0.092276,-0.110108,145.652585
0.250095,0.020459,-0.028494,319.695290
0.644245,0.017330,-0.165534,60.613968
0.421782,0.008688,-0.074181,211.270405
0.143869,0.050734,-0.010078,383.663854
-0.000431,0.067314,-0.000746,466.812798
0.343478,0.058001,-0.050830,261.510955
0.204059,0.088618,-0.019614,347.696116
0.292192,0.005243,-0.037837,293.698917
0.166034,0.072436,-0.013318,370.503566
0.046752,0.077075,0.000455,440.154143
0.400513,0.052638,-0.067410,225.048813
-0.000740,0.084375,-0.001282,466.970757
0.342548,0.046919,-0.050578,262.100952
0.313515,0.071820,-0.043021,280.379919
0.311670,0.063078,-0.042561,281.536692
0.419375,0.004171,-0.073398,212.835992
0.130055,0.058423,-0.008216,391.813578
0.367740,0.062602,-0.057605,246.087303
0.496696,0.080227,-0.100658,161.884429
-0.000404,0.042924,-0.000699,466.801286
0.151877,0.088075,-0.011211,378.917603
0.457899,0.062552,-0.086428,187.622357
0.362904,0.038964,-0.056222,249.174596
0.254813,0.091240,-0.029481,316.792513
0.584327,0.048780,-0.137060,102.410933
-0.000816,0.069500,-0.001414,467.011378
0.029376,0.038215,0.001713,450.068392
0.368714,0.016584,-0.057886,245.470776
0.003910,0.076791,0.003221,464.481673
0.206714,0.080897,-0.020088,346.093137
0.075818,0.068364,-0.002075,423.444091
0.033391,0.009977,0.001437,447.786351
0.264084,0.037906,-0.031468,311.095302
0.171176,0.000422,-0.013693,367.482726
0.324333,0.053316,-0.045770,273.591727
0.139666,0.049745,-0.009499,386.147897
0.289885,0.092762,-0.037293,295.124361
0.397052,0.086787,-0.066339,227.278337
0.067940,0.032295,-0.001339,427.993306
0.168437,0.037181,-0.013690,369.074365
0.118372,0.022844,-0.006737,398.680193
0.240320,0.064048,-0.026492,325.674231
0.306349,0.096177,-0.041244,284.861976
0.168239,0.018956,-0.013660,369.194340
0.348462,0.091053,-0.052188,258.349597
0.388521,0.073645,-0.063734,232.773119
0.822289,0.000331,-0.270132,-69.936387
0.094520,0.044570,-0.003984,412.605758
0.255416,0.015037,-0.029610,316.429980
0.675944,0.082535,-0.181848,38.097809
0.168363,0.011624,-0.013679,369.121146
0.039683,0.019690,0.000988,444.199021
-0.000191,0.050826,-0.000330,466.690642
0.254774,0.060064,-0.029474,316.820028
0.258612,0.036172,-0.030289,314.464082
0.043174,0.006757,0.000727,442.206915
0.469809,0.098451,-0.090979,179.691619
-0.000031,0.009015,-0.000054,466.612758
0.514662,0.065928,-0.107632,149.846382
0.326821,0.041468,-0.046413,272.027346
0.144431,0.045277,-0.010156,383.332022
0.443176,0.072345,-0.081321,197.294806
0.256238,0.005047,-0.029784,315.926332
0.060270,0.007429,-0.000659,432.410180
0.366284,0.004044,-0.057187,247.023369
0.034795,0.064862,0.001341,446.981197
0.307991,0.084527,-0.041648,283.836840
0.225796,0.063987,-0.023634,334.528285
0.000173,0.055722,0.000299,466.503091
0.103633,0.075039,-0.004992,407.294645
0.199457,0.003750,-0.018804,350.480547
0.249199,0.018520,-0.028308,320.244495
0.444348,0.077802,-0.081722,196.526323
0.192549,0.084313,-0.017610,354.630435
0.437716,0.085411,-0.079467,200.868431
0.714077,0.025362,-0.202664,10.649739
0.192920,0.029333,-0.017674,354.413030
0.203617,0.094561,-0.019535,347.961897
0.178857,0.049102,-0.015338,362.847936
0.130240,0.028163,-0.008241,391.707759
0.210434,0.095589,-0.020761,343.842909
0.237011,0.050871,-0.025829,327.697104
0.047284,0.095983,0.000414,439.848201
0.090312,0.045528,-0.003535,415.051039
0.018523,0.033770,0.002404,456.228775
0.006829,0.081120,0.003069,462.834890
0.177972,0.079659,-0.015194,363.374477
-0.000000,0.100000,-0.000000,466.587700
0.157464,0.007800,-0.012030,375.609228
0.164656,0.068459,-0.013108,371.324938
0.136592,0.025398,-0.009083,387.964584
0.113583,0.067653,-0.006154,401.481558
0.399712,0.052071,-0.067161,225.566011
0.220840,0.087699,-0.022690,337.537279
0.000399,0.060917,0.000691,466.386051
0.315031,0.095130,-0.043401,279.427801
0.285991,0.056934,-0.036386,297.546225
0.143141,0.019054,-0.009978,384.097159
0.474384,0.098544,-0.092690,176.650783
0.022315,0.030111,0.002171,454.079562
0.249715,0.040996,-0.028415,319.926411
0.511574,0.049003,-0.106416,151.923087
0.139529,0.035491,-0.009480,386.230339
0.030498,0.050867,0.001638,449.428795
0.000489,0.038977,0.000846,466.342072
0.133712,0.090935,-0.008696,389.656524
0.693480,0.023849,-0.191253,25.531838
0.136737,0.035090,-0.009102,387.877829
0.148202,0.011778,-0.010688,381.103239
0.310248,0.005245,-0.042208,282.433264
-0.000000,-0.000000,-0.000000,466.597449
0.047351,0.089520,0.000408,439.810249
0.071230,0.057540,-0.001641,426.094310
0.522754,0.012769,-0.110854,144.404035
0.031939,0.059374,0.001540,448.608367
0.184801,0.092280,-0.016309,359.282216
0.143285,0.037794,-0.009997,384.010509
0.163947,0.010684,-0.013002,371.752705
0.078153,0.000681,-0.003388,422.040194
0.017325,0.014055,0.002475,456.909075
0.389738,0.070626,-0.064103,231.990963
0.576274,0.009036,-0.133459,107.961827
0.141431,0.032140,-0.009741,385.106925
0.139464,0.058947,-0.009471,386.265997
0.422471,0.026077,-0.074406,210.820490
0.348893,0.088578,-0.052306,258.076726
0.115813,0.026475,-0.006425,400.179409
0.591604,0.021815,-0.140358,97.387659
0.582559,0.004168,-0.136264,103.635099
0.238857,0.088188,-0.026197,326.565454
0.244062,0.007926,-0.027252,323.391938
0.011893,0.051673,0.002791,459.978245
0.104968,0.067113,-0.005145,406.516341
0.086515,0.063628,-0.003140,417.252161
0.278469,0.039366,-0.034661,302.211135
0.073765,0.061494,-0.001879,424.630590
0.140385,0.015872,-0.009598,385.726626
0.318735,0.076183,-0.044337,277.106368
0.622537,0.075010,-0.154870,75.861288
0.352342,0.082432,-0.053258,255.888871
0.625241,0.081258,-0.156177,73.967605
0.617426,0.004003,-0.152415,79.443161
0.016460,0.024007,0.002527,457.397821
0.174101,0.004798,-0.014578,365.696344
0.413431,0.049373,-0.071484,216.689658
0.049395,0.098884,-0.001545,438.558083
0.459218,0.068376,-0.086894,186.752060
0.282221,0.005364,-0.035517,299.890320
0.339669,0.093140,-0.049803,263.917163
0.000822,0.019897,0.001423,466.172531
0.652803,0.048717,-0.169852,54.560772
0.045971,0.010594,0.000513,440.607401
0.331929,0.027697,-0.047748,268.811061
0.376529,0.027491,-0.060161,240.472355
0.115939,0.084017,-0.006438,400.100264
0.361104,0.059280,-0.055711,250.319442
0.047333,0.050908,0.000408,439.824313
0.309471,0.060095,-0.042014,282.913656
0.429944,0.027043,-0.076866,205.951570
0.065715,0.023095,-0.001138,429.276144
0.008333,0.083128,0.002988,461.986058
0.360871,0.017659,-0.055646,250.471870
0.031724,0.049753,0.001554,448.731515
0.429288,0.098795,-0.076521,206.396398
0.082306,0.036197,-0.002713,419.694526
0.233214,0.052093,-0.025076,330.013342
0.072646,0.005881,-0.001776,425.282215
0.432688,0.019387,-0.077779,204.161516
0.233063,0.089742,-0.025046,330.101076
0.386884,0.027032,-0.063241,233.830307
0.083652,0.046553,-0.002848,418.913723
0.362926,0.051377,-0.056228,249.159386
0.047402,0.070868,0.000404,439.782878
0.407760,0.039429,-0.069681,220.365658
0.032751,0.099248,-0.000790,448.052725
0.074357,0.029408,-0.001937,424.291687
0.125544,0.025449,-0.007635,394.470085
0.420403,0.013559,-0.073732,212.166653
0.005784,0.077521,0.003124,463.424838
0.096127,0.096239,-0.004156,411.665357
0.343739,0.073891,-0.050900,261.344552
0.128379,0.000016,-0.008151,392.794562
0.195392,0.056075,-0.018097,352.923306
0.324150,0.072175,-0.045723,273.704596
0.208450,0.017725,-0.020403,345.050545
0.103908,0.005272,-0.005026,407.141293
0.198599,0.012842,-0.018654,350.996245
0.124868,0.031790,-0.007549,394.866812
0.614682,0.004786,-0.151108,81.358669
0.526302,0.016020,-0.112283,142.009807
0.422124,0.066145,-0.074293,211.041487
0.107448,0.060880,-0.005431,405.069288
0.171370,0.087514,-0.014145,367.319499
0.172979,0.068002,-0.014399,366.360156
0.367583,0.051878,-0.057560,246.188886
0.114405,0.022624,-0.006255,401.004328
0.491352,0.038806,-0.098631,165.455128
0.189156,0.074181,-0.017035,356.670935
0.632438,0.042214,-0.159684,68.923637
0.128866,0.094673,-0.008060,392.509493
0.235118,0.089266,-0.025452,328.848082
0.278636,0.056834,-0.034699,302.106229
0.018360,0.071392,0.002415,456.317319
0.024770,0.044054,0.002015,452.684923
0.432266,0.053216,-0.077639,204.433374
0.396379,0.025288,-0.066132,227.718860
0.273272,0.090051,-0.033491,305.420653
0.017759,0.092277,0.002452,456.655545
0.052941,0.028596,-0.000042,436.614938
0.000481,0.037815,0.000833,466.346233
0.022560,0.044708,0.002156,453.938653
0.063406,0.048217,-0.000931,430.602898
-0.000705,0.047626,-0.001221,466.956025
0.004319,0.077401,0.003200,464.250830
0.023230,0.032277,0.002113,453.559826
0.446742,0.014026,-0.082543,194.963390
0.039466,0.006167,0.001003,444.324050
0.471568,0.039600,-0.091313,178.597889
0.154622,0.098451,-0.011390,377.306302
0.102151,0.036786,-0.004826,408.162622
0.060889,0.085319,-0.000709,432.046777
0.088554,0.071030,-0.003350,416.069031
0.221242,0.079582,-0.022766,337.293869
0.260079,0.045190,-0.030603,313.560556
0.200025,0.038067,-0.018903,350.134387
0.016120,0.042496,0.002547,457.588661
0.040176,0.023824,0.000951,443.916859
0.357172,0.039692,-0.054604,252.823899
0.638538,0.033528,-0.162692,64.634779
0.419706,0.072593,-0.073506,212.613213
-0.000518,0.096215,-0.000898,466.855162
0.291371,0.078401,-0.037642,294.201678
0.239859,0.047040,-0.026399,325.957781
0.041028,0.095846,0.000891,443.423691
0.418799,0.031406,-0.073212,213.206899
0.018254,0.060451,0.002421,456.378505
0.272490,0.019232,-0.033317,305.911399
0.127529,0.058746,-0.007889,393.299483
0.565628,0.036006,-0.128782,115.264760
0.121785,0.043569,-0.007160,396.676021
0.504943,0.026164,-0.103829,156.373204
0.584992,0.077078,-0.137361,101.948327
0.006971,0.085604,0.003061,462.754414
0.057349,0.019140,-0.000409,434.086656
0.042638,0.093333,0.000771,442.504738
0.053646,0.045971,-0.000099,436.208904
0.006609,0.069535,0.003080,462.960368
0.038378,0.093434,0.001086,444.936320
0.293456,0.087417,-0.038135,292.904057
0.080518,0.025023,-0.002535,420.730726
0.368737,0.079811,-0.057892,245.448988
0.126151,0.088829,-0.007711,394.107104
0.275432,0.087765,-0.033975,304.085420
0.392783,0.062444,-0.065029,230.031894
0.325974,0.004279,-0.046194,272.564280
0.369587,0.073691,-0.058138,244.906814
0.617347,0.029948,-0.152378,79.495155
0.111570,0.094066,-0.005913,402.656452
0.044593,0.007702,0.000619,441.395786
0.051401,0.077890,0.000086,437.492597
0.374313,0.080123,-0.059511,241.884949
0.006512,0.046833,0.003084,463.016917
0.384123,0.086064,-0.062412,235.597245
0.003224,0.072191,0.003256,464.868747
0.089394,0.000924,-0.004287,415.537091
0.246318,0.012192,-0.027713,322.010291
0.536475,0.033174,-0.116434,135.127182
0.069117,0.011540,-0.001447,427.317440
0.129054,0.015775,-0.008087,392.406593
0.131611,0.062123,-0.008420,390.896662
0.072676,0.070438,-0.001776,425.258261
0.557819,0.083391,-0.125409,120.600613
0.029999,0.062514,0.001672,449.711505
0.135240,0.006999,-0.008902,388.763956
0.071359,0.018243,-0.001655,426.023440
0.128858,0.074221,-0.008060,392.516394
0.381298,0.009582,-0.061570,237.418533
0.304935,0.021009,-0.040899,285.753601
0.249336,0.048609,-0.028336,320.157438
0.127538,0.041681,-0.007890,393.295977
0.204530,0.010063,-0.019700,347.419330
0.483383,0.065399,-0.095648,170.757017
0.066807,0.042080,-0.001235,428.645271
0.352830,0.030539,-0.053393,255.584630
0.575909,0.003961,-0.133297,108.213329
0.214038,0.063294,-0.021422,341.664300
0.090487,0.005874,-0.003555,414.952858
0.001013,0.023945,0.003364,466.118846
0.027210,0.010879,0.001855,451.302219
0.615781,0.011149,-0.151631,80.590984
0.385466,0.014255,-0.062814,234.742979
0.068322,0.069099,-0.001372,427.769995
0.144617,0.001125,-0.010096,383.233223
0.360927,0.047476,-0.055661,250.433521
0.558382,0.056128,-0.125650,120.218921
0.181389,0.029283,-0.015750,361.334032
0.152064,0.000174,-0.011051,378.831118
0.110730,0.038846,-0.005816,403.153236
0.250323,0.065884,-0.028541,319.550670
0.158912,0.073762,-0.012243,374.741857
0.341820,0.010927,-0.050382,262.565716
0.131181,0.060166,-0.008363,391.150145
0.079241,0.074189,-0.002408,421.464657
0.199270,0.024953,-0.018771,350.591162
0.401770,0.014273,-0.067801,224.241117
-0.000709,0.057657,-0.001227,466.957094
0.582136,0.095975,-0.136077,103.915561
0.304823,0.061863,-0.040871,285.819229
0.152227,0.021986,-0.011264,378.716570
0.552775,0.034115,-0.123255,124.047763
0.000085,0.050958,0.000147,466.548873
0.100380,0.075413,-0.004626,409.191254
0.611723,0.016923,-0.149705,83.420659
0.444709,0.041815,-0.081845,196.293284
0.127538,0.093372,-0.007889,393.290728
0.323399,0.047076,-0.045530,274.179272
0.275580,0.079997,-0.034008,303.994740
-0.000311,0.083625,-0.000539,466.749769
0.205982,0.014851,-0.019959,346.542452
0.194414,0.059586,-0.017929,353.511493
0.424613,0.080000,-0.075107,209.420347
0.219844,0.078221,-0.022502,338.143052
0.541098,0.095693,-0.118349,131.984014
0.250099,0.083112,-0.028494,319.686531
0.170740,0.013678,-0.014049,367.702930
0.349055,0.082292,-0.052351,257.974803
0.011776,0.005892,0.002795,460.048724
0.131919,0.054899,-0.008460,390.716405
0.051202,0.095260,0.000102,437.604931
0.269935,0.026880,-0.032750,307.488177
0.102435,0.083417,-0.004856,407.992905
-0.000399,0.074057,-0.000690,466.795634
0.025946,0.000891,-0.000547,451.929616
0.735948,0.099887,-0.215905,-5.517929
0.354417,0.089943,-0.053834,254.569829
0.318848,0.016013,-0.044367,277.041413
0.451493,0.050041,-0.084187,191.838719
0.028567,0.079388,0.001769,450.524468
0.077699,0.087133,-0.002256,422.355242
0.054811,0.055283,-0.000195,435.539762
0.470567,0.032889,-0.090951,179.261003
0.119735,0.081909,-0.006904,397.875129
0.428454,0.028879,-0.076372,206.923304
0.258558,0.023040,-0.030278,314.498224
0.316119,0.083657,-0.043675,278.746689
0.232116,0.051655,-0.024861,330.682245
0.461819,0.088106,-0.087815,185.035211
0.072053,0.021622,-0.001719,425.622654
0.422096,0.073532,-0.074284,211.058695
0.170383,0.029557,-0.013993,367.913965
0.173081,0.053966,-0.014415,366.300924
0.083177,0.046960,-0.002800,419.188573
0.257053,0.070295,-0.029956,315.418446
0.009155,0.068519,0.002943,461.523315
0.079848,0.004738,-0.002470,421.120017
-0.000006,0.018004,-0.000011,466.598974
0.262067,0.017326,-0.031031,312.339815
0.043575,0.042222,0.000698,441.973929
0.159034,0.099925,-0.011983,374.691036
0.004983,0.007765,0.003162,463.883367
0.105906,0.066071,-0.005252,405.969487
0.304388,0.032194,-0.040765,286.093864
0.260420,0.020080,-0.030677,313.353235
0.071955,0.085095,-0.001708,425.673144
0.104467,0.060812,-0.005087,406.809648
0.098871,0.052474,-0.004459,410.072758
0.263677,0.047031,-0.031379,311.345494
0.042927,0.045266,0.000747,442.344104
0.161873,0.063028,-0.012686,372.982063
0.580971,0.014648,-0.135553,104.728124
0.295420,0.026018,-0.038602,291.687707
0.514366,0.071918,-0.107516,150.044451
0.192053,0.014761,-0.017527,354.936082
0.606270,0.037745,-0.147139,87.214110
0.116400,0.030428,-0.006496,399.835175
0.585633,0.027491,-0.137648,101.512514
0.181041,0.077923,-0.015692,361.537265
0.378282,0.017775,-0.060677,239.350464
0.131702,0.010218,-0.008433,390.848864
0.360151,0.028397,-0.055442,250.929260
0.104386,0.098715,-0.005639,406.816407
0.273519,0.021045,-0.033547,305.275250
0.402895,0.025450,-0.068152,223.513588
0.558043,0.091926,-0.125505,120.446304
0.000275,0.058147,0.000476,466.450371
0.070146,0.016401,-0.001542,426.723613
0.061292,0.003878,-0.000747,431.822731
0.411534,0.045454,-0.070878,217.920398
0.155771,0.042741,-0.011779,376.611353
0.034877,0.095567,0.001337,446.931980
0.160322,0.028637,-0.012454,373.908250
0.280481,0.032865,-0.035119,300.965628
0.248367,0.009151,-0.028136,320.755509
0.077039,0.098542,-0.003305,422.673770
0.231473,0.001235,-0.023824,331.184048
0.127294,0.053833,-0.007859,393.438220
-0.000657,0.091029,-0.001137,466.926950
0.167925,0.050249,-0.013610,369.378605
0.591409,0.063859,-0.140270,97.517577
0.554173,0.024308,-0.123849,123.096007
0.012700,0.016019,0.002744,459.525697
0.389963,0.030609,-0.064171,231.850596
0.005727,0.039709,0.003125,463.460495
0.217678,0.073578,-0.022097,339.457422
0.193880,0.045778,-0.017838,353.834281
0.231662,0.076365,-0.024771,330.956357
0.069908,0.094758,-0.001517,426.852726
0.311688,0.034509,-0.042565,281.528756
0.110034,0.015715,-0.005734,403.562502
0.185500,0.053515,-0.016425,358.867347
0.366459,0.054540,-0.057237,246.906164
0.292519,0.077635,-0.037913,293.487791
0.417455,0.010257,-0.072777,214.082851
0.561165,0.075940,-0.126849,118.314594
0.180091,0.038392,-0.015538,362.110190
0.564325,0.079810,-0.128217,116.151793
0.213822,0.069388,-0.021382,341.794817
0.078676,0.081804,-0.002352,421.790553
0.278496,0.028263,-0.034667,302.195925
0.052576,0.020671,-0.000012,436.824742
0.166811,0.071113,-0.013438,370.040530
0.198690,0.009441,-0.018670,350.942146
0.037346,0.015145,0.001157,445.532395
0.456219,0.017792,-0.085837,188.733340
0.480717,0.011440,-0.094660,172.534601
0.142244,0.044781,-0.009853,384.625124
0.336497,0.050745,-0.048956,265.926177
0.542971,0.008794,-0.119127,130.722290
0.610445,0.049188,-0.149102,84.307009
0.564310,0.007774,-0.128208,116.171104
0.018577,0.073628,0.002402,456.194154
0.148349,0.036705,-0.010708,381.013609
0.254829,0.017610,-0.029486,316.790556
0.132099,0.052378,-0.008484,390.610212
0.089978,0.096216,-0.003498,415.239394
0.599180,0.048298,-0.143839,92.137362
0.018448,0.063211,0.002410,456.268010
-0.000609,0.066673,-0.001055,466.904746
0.280939,0.069368,-0.035223,300.678391
0.427225,0.025171,-0.075966,207.725002
0.272535,0.044758,-0.033327,305.881033
0.166886,0.054929,-0.013450,369.997519
0.121762,0.025634,-0.007158,396.691276
0.370625,0.091030,-0.058438,244.242210
0.245421,0.027248,-0.027529,322.557942
0.248440,0.041512,-0.028150,320.707487
0.030163,0.000436,-0.000694,449.534368
0.041472,0.067010,0.000857,443.172857
0.464935,0.048323,-0.088926,182.982548
0.033831,0.098752,-0.000830,447.438337
0.172341,0.091870,-0.014298,366.739196
0.066215,0.092919,-0.001180,428.981253
0.047764,0.038079,0.000374,439.579323
0.691798,0.022958,-0.190339,26.741769
0.018683,0.050866,0.002395,456.136415
0.034033,0.085161,0.001396,447.413626
0.217169,0.093989,-0.022001,339.763855
0.372973,0.007202,-0.059120,242.749842
0.009666,0.078727,0.002916,461.234019
0.398993,0.009915,-0.066939,226.034676
0.188966,0.057052,-0.017004,356.786461
0.000080,0.013224,0.000139,466.554752
0.060350,0.052241,-0.000664,432.359622
0.221430,0.083136,-0.022802,337.179423
-0.000465,0.086887,-0.000806,466.828733
0.295268,0.001596,-0.037565,291.925154
0.618692,0.089929,-0.153023,78.548376
0.204949,0.015973,-0.019774,347.166038
0.033946,0.000871,-0.000836,447.382832
0.140163,0.041815,-0.009567,385.855027
0.335767,0.079281,-0.048761,266.383979
0.444059,0.091386,-0.081623,196.714271
0.037436,0.064911,0.001153,445.476126
0.183287,0.100055,-0.015509,360.242187
0.320695,0.029098,-0.044837,275.880399
0.701640,0.028953,-0.195727,19.650304
0.258847,0.046816,-0.030339,314.318041
0.158008,0.081925,-0.012108,375.278633
0.174998,0.006739,-0.014720,365.160539
0.665058,0.042951,-0.176145,45.864009
0.436767,0.061050,-0.079147,201.491781
0.617605,0.049264,-0.152502,79.312419
0.547432,0.029089,-0.120996,127.687589
0.180326,0.018063,-0.015577,361.971868
0.388829,0.077633,-0.063828,232.574542
0.294507,0.084347,-0.038384,292.250159
0.140705,0.034014,-0.009641,385.535637
0.011840,0.018365,0.002792,460.011560
0.034840,0.087121,0.001339,446.953582
0.231939,0.070496,-0.024826,330.788249
0.573839,0.036072,-0.132382,109.632289
0.105154,0.010369,-0.005168,406.413855
0.532788,0.088438,-0.114921,137.617604
0.300352,0.082268,-0.039784,288.608247
0.094062,0.051868,-0.003934,412.871135
0.237502,0.086811,-0.025926,327.393439
0.392887,0.011376,-0.065061,229.970550
0.178107,0.028825,-0.015217,363.299067
0.175310,0.076514,-0.014768,364.966645
-0.000737,0.031720,-0.001277,466.974324
0.058368,0.066017,-0.000493,433.497182
0.228038,0.073162,-0.024066,333.163476
0.279755,0.095527,-0.034953,301.408923
0.319125,0.079503,-0.044437,276.860666
0.486274,0.091723,-0.096725,168.831208
0.320690,0.074793,-0.044835,275.878732
0.016821,0.092387,0.002508,457.186757
0.489890,0.003928,-0.098079,166.433450
0.306411,0.015643,-0.041260,284.831953
0.157470,0.049661,-0.012030,375.601090
0.002248,0.030020,0.003303,465.422534
0.389335,0.030547,-0.063981,232.254417
0.268167,0.013743,-0.032360,308.580965
0.108627,0.096451,-0.005567,404.376825
0.161850,0.080575,-0.012682,372.993793
0.118724,0.034650,-0.006780,398.472984
0.052910,0.063985,-0.000038,436.629166
0.229884,0.088415,-0.024424,332.038219
0.096434,0.025046,-0.004192,411.493996
0.427526,0.080979,-0.076066,207.522202
0.129015,0.039684,-0.008081,392.427171
0.346852,0.062774,-0.051748,259.373259
0.493854,0.064585,-0.099577,163.783178
0.098770,0.072570,-0.004447,410.129741
0.578663,0.070533,-0.134523,106.310849
0.109398,0.039813,-0.005659,403.931801
0.286931,0.042379,-0.036604,296.964370
0.298747,0.041911,-0.039398,289.612864
0.296965,0.004221,-0.038971,290.727794
0.269572,0.053216,-0.032670,307.709444
0.392983,0.004291,-0.065090,229.909726
0.364819,0.050928,-0.056768,247.952295
0.116617,0.092170,-0.006520,399.701874
0.148071,0.017649,-0.010669,381.180139
0.480382,0.027716,-0.094537,172.755349
0.076756,0.096147,-0.002164,422.899356
0.358889,0.035566,-0.055086,251.731964
0.345305,0.051583,-0.051326,260.355201
0.266351,0.015999,-0.031962,309.700611
0.260622,0.020237,-0.030720,313.229245
0.135139,0.098859,-0.008938,388.810316
-0.000443,0.037361,-0.000768,466.822292
0.000326,0.070582,0.000565,466.422706
0.163118,0.007024,-0.012876,372.246490
0.075658,0.012554,-0.002062,423.542023
0.151243,0.032719,-0.011122,379.298880
0.344295,0.095590,-0.051051,260.989814
0.264953,0.052672,-0.031656,310.558517
0.259552,0.049822,-0.030490,313.884358
0.566949,0.084011,-0.129358,114.354551
0.022227,0.031767,0.002176,454.129104
0.406916,0.062884,-0.069414,220.909217
0.015992,0.078304,0.002556,457.657390
0.258637,0.061382,-0.030294,314.445923
0.091168,0.029730,-0.003626,414.555063
0.422757,0.089099,-0.074499,210.627315
0.155361,0.052575,-0.011719,376.853652
0.034930,0.066642,0.001332,446.904297
0.439915,0.023586,-0.080211,199.436645
0.035736,0.087813,0.001276,446.443189
0.406950,0.005104,-0.069425,220.893503
0.156433,0.008876,-0.011878,376.221539
0.533778,0.040704,-0.115326,136.953019
0.045471,0.053326,0.000553,440.889312
0.178203,0.086710,-0.015231,363.235671
0.124172,0.014996,-0.007461,395.277330
0.317280,0.067290,-0.043969,278.019964
0.063839,0.083016,-0.000968,430.350027
0.603921,0.053560,-0.146041,88.845607
0.585067,0.095802,-0.137395,101.894528
0.009434,0.093098,0.002929,461.363769
0.434432,0.087435,-0.078363,203.014966
0.000667,0.087420,0.001155,466.245652
0.521144,0.057798,-0.110210,145.484277
0.192542,0.099799,-0.016970,354.696864
0.257404,0.052047,-0.030031,315.204675
0.405327,0.086400,-0.068914,221.934644
0.424254,0.020559,-0.074989,209.660219
0.156484,0.006946,-0.011885,376.191511
0.496349,0.098384,-0.101125,161.980856
0.411835,0.008774,-0.070974,217.729054
0.256228,0.013201,-0.029782,315.931851
0.437206,0.003556,-0.079295,201.211049
0.321667,0.044598,-0.045085,275.268418
0.135130,0.027147,-0.008887,388.826748
0.297058,0.014318,-0.038993,290.668623
0.036744,0.052700,0.001202,445.871856
0.264024,0.095404,-0.031454,311.126488
0.322369,0.081294,-0.045265,274.823076
0.158979,0.057796,-0.012253,374.703476
-0.000831,0.014060,-0.001439,467.024347
0.454968,0.040454,-0.085399,189.554181
0.468663,0.059332,-0.090264,180.517953
0.436132,0.063689,-0.078934,201.906368
0.162991,0.065189,-0.012855,372.316519
0.160991,0.093851,-0.012553,373.503503
0.243211,0.083198,-0.027077,323.904543
0.170115,0.003406,-0.013951,368.076679
0.009244,-0.000009,-0.000129,461.385412
0.423803,0.083474,-0.074842,209.946837
0.227246,0.024318,-0.023914,333.650408
0.308640,0.000078,-0.040840,283.580860
0.144859,0.003912,-0.010217,383.082727
0.037741,0.033260,0.001130,445.305570
0.340169,0.013225,-0.049937,263.609776
0.144375,0.033203,-0.010149,383.366148
0.573421,0.074928,-0.132198,109.914813
0.036943,0.098699,-0.000957,445.666458
0.405286,0.073150,-0.068901,221.962467
0.598509,0.070581,-0.143529,92.599920
0.436972,0.041155,-0.079216,201.360107
0.266197,0.013698,-0.031928,309.796040
0.147948,0.076650,-0.010650,381.246945
0.019608,0.015004,0.002337,455.615498
0.044481,0.085060,0.000630,441.452350
0.102073,0.036114,-0.004817,408.208544
0.388147,0.039356,-0.063621,233.017313
0.306740,0.054069,-0.041341,284.622229
0.262099,0.007908,-0.031038,312.321241
-0.000788,0.030630,-0.001365,467.000688
0.097957,0.000948,-0.005038,410.566774
0.019499,0.054801,0.002346,455.673452
0.392195,0.093084,-0.064850,230.407117
0.477403,0.075677,-0.093441,174.727292
0.148754,0.027590,-0.010766,380.774362
0.041559,0.065131,0.000850,443.123478
0.331646,0.028584,-0.047673,268.989050
0.243353,0.054424,-0.027106,323.820647
0.236943,0.099800,-0.024880,327.842488
0.461157,0.058935,-0.087580,185.475088
0.173618,0.077834,-0.014500,365.977917
0.040470,0.072573,0.000932,443.744475
0.455177,0.031148,-0.085472,189.418071
0.188909,0.036354,-0.016995,356.822756
0.219151,0.093612,-0.022372,338.561813
0.111255,0.025747,-0.005878,402.847559
0.577182,0.053137,-0.133863,107.332131
0.111136,0.010231,-0.005865,402.918763
-0.000476,0.044172,-0.000824,466.838218
0.218815,0.008487,-0.022311,338.774600
0.111304,0.022881,-0.005884,402.819442
0.179867,0.043352,-0.015502,362.244059
0.404145,0.030632,-0.068544,222.704623
0.184397,0.080966,-0.016242,359.525609
0.278543,0.075568,-0.034677,302.161430
0.125466,0.077803,-0.007624,394.510676
0.097785,0.043623,-0.004339,410.705918
0.292915,0.090072,-0.038007,293.240373
0.187298,0.064647,-0.016724,357.787365
0.430297,0.020762,-0.076983,205.721875
0.568426,0.016828,-0.130002,113.349955
0.028347,0.048211,0.001782,450.652400
0.069313,0.040491,-0.001464,427.201219
0.350727,0.059552,-0.052811,256.916691
0.234248,0.017601,-0.025281,329.386075
0.014290,0.026687,0.002653,458.625561
0.172903,0.029331,-0.014388,366.409849
-0.000130,0.030298,-0.000225,466.661458
0.087465,0.061950,-0.003237,416.701844
0.142326,0.030912,-0.009864,384.577926
0.412567,0.032346,-0.071208,217.251964
0.144047,0.012436,-0.010104,383.562041
0.007832,0.050310,0.003014,462.271978
0.316570,0.063731,-0.043789,278.465938
0.165137,0.090419,-0.013181,371.036073
0.327943,0.054774,-0.046705,271.319677
0.243597,0.000905,-0.026195,323.792262
0.253983,0.061253,-0.029307,317.305608
0.209827,0.074940,-0.020651,344.211882
0.002614,0.020362,0.003284,465.217069
0.208169,0.096507,-0.020350,345.212313
0.217071,0.079035,-0.021983,339.825156
0.349980,0.033574,-0.052606,257.393022
0.077410,0.009981,-0.002231,422.529748
0.011153,0.044488,0.002832,460.397067
0.096004,0.009861,-0.004146,411.745599
0.193365,0.085053,-0.017749,354.139794
0.045402,0.028236,0.000557,440.931072
0.331901,0.033937,-0.047740,268.828196
0.473256,0.031444,-0.091926,177.480950
0.240993,0.012251,-0.026629,325.268506
0.219598,0.010002,-0.022458,338.298932
0.481591,0.009032,-0.094983,171.954324
0.474454,0.034062,-0.092362,176.687199
0.293683,0.029204,-0.038189,292.768689
0.222528,0.082331,-0.023009,336.513113
0.381705,0.078741,-0.061691,237.149627
0.559800,0.090733,-0.126260,119.246440
0.215263,0.093610,-0.021647,340.918976
0.263521,0.034963,-0.031346,311.442414
0.018904,0.058809,0.002382,456.010212
0.131224,0.048884,-0.008369,391.126437
0.223017,0.076779,-0.023103,336.216448
0.021206,0.034766,0.002240,454.707567
0.203040,0.095330,-0.019433,348.310459
0.313116,0.035196,-0.042922,280.634052
0.023991,0.079156,0.002067,453.123640
0.598822,0.064522,-0.143674,92.383954
0.600690,0.032693,-0.144538,91.091632
0.494631,0.043312,-0.099872,163.266915
0.610745,0.004091,-0.149242,84.103577
0.594045,0.061670,-0.141475,95.693778
-0.000429,0.091887,-0.000742,466.809324
0.120335,0.066175,-0.006978,397.524788
0.257024,0.001326,-0.028952,315.568387
0.250473,0.049202,-0.028572,319.460435
0.052150,0.022820,0.000023,437.068798
0.689235,0.003718,-0.188950,28.585513
0.440069,0.021569,-0.080263,199.335638
0.663525,0.074138,-0.175352,46.950064
0.120426,0.010433,-0.006992,397.477213
0.236518,0.072557,-0.025730,327.995215
0.562691,0.056264,-0.127508,117.273001
0.094128,0.037060,-0.003942,412.834223
0.075123,0.077659,-0.002008,423.844985
0.288542,0.019675,-0.036980,295.966442
0.018014,0.030287,0.002434,456.516902
0.146902,0.022361,-0.010504,381.871762
0.085390,0.033117,-0.003025,417.907538
0.504474,0.000129,-0.104339,156.534035
0.246189,0.004340,-0.027687,322.090190
0.256648,0.040874,-0.029871,315.670617
0.306342,0.043214,-0.041243,284.872340
0.335344,0.039587,-0.048649,266.655297
0.475297,0.057086,-0.092670,176.125896
0.159848,0.006061,-0.012384,374.192435
0.059459,0.014737,-0.000588,432.875503
0.437720,0.081432,-0.079469,200.866214
0.106448,0.000227,-0.005836,405.624934
0.443261,0.092280,-0.081350,197.236907
0.314618,0.004713,-0.043299,279.695838
0.330844,0.016567,-0.047463,269.496133
0.124705,0.029966,-0.007528,394.962824
0.096197,0.099979,-0.004877,411.579909
0.097348,0.090419,-0.004290,410.955500
0.251928,0.046298,-0.028876,318.568460
0.371731,0.038369,-0.058759,243.541030
0.317753,0.090760,-0.044088,277.720969
0.066048,0.052567,-0.001166,429.081337
0.016963,0.020191,0.002497,457.113533
0.194132,0.099703,-0.017227,353.742180
0.601534,0.016418,-0.144929,90.507440
0.178063,0.025438,-0.015211,363.325276
0.097103,0.060194,-0.004264,411.101102
-0.000226,0.029624,-0.000391,466.710842
0.659112,0.089966,-0.173076,50.083618
0.058114,0.061796,-0.000472,433.643307
0.559574,0.045722,-0.126162,119.405751
0.161297,0.083708,-0.012599,373.322437
0.296773,0.083667,-0.038924,290.838688
0.157093,0.075834,-0.011973,375.822931
0.181301,0.001419,-0.015203,361.439942
0.324575,0.089230,-0.045832,273.435226
0.059835,0.065675,-0.000619,432.654349
0.389485,0.069867,-0.064026,232.153277
0.154373,0.059026,-0.011574,377.439629
0.590640,0.038190,-0.139919,98.052260
0.221897,0.051120,-0.022891,336.899156
0.038309,0.085714,0.001091,444.976255
0.426574,0.040034,-0.075751,208.147500
-0.000213,0.009885,-0.000368,466.706024
0.159111,0.041496,-0.012273,374.626842
0.246400,0.042027,-0.027730,321.957102
0.203364,0.091179,-0.019490,348.114801
0.052423,0.093410,0.000003,436.905104
0.335016,0.087716,-0.048562,266.857052
0.550407,0.021867,-0.122251,125.663433
0.193766,0.073571,-0.017818,353.900117
0.541492,0.080263,-0.118512,131.718533
0.300511,0.024347,-0.039823,288.514725
0.384670,0.098887,-0.062042,235.338998
0.300241,0.068482,-0.039757,288.678873
0.119782,0.031186,-0.006911,397.852363
0.436775,0.093222,-0.079150,201.483140
0.440478,0.014123,-0.080402,199.069172
0.574059,0.031110,-0.132479,109.481817
0.507307,0.062133,-0.104747,154.785187
0.169643,0.093390,-0.013875,368.349442
0.258391,0.033795,-0.030242,314.599658
0.374860,0.050392,-0.059671,241.538347
0.526993,0.048193,-0.112563,141.539380
0.091075,0.064681,-0.003615,414.605849
0.083351,0.018604,-0.002819,419.090991
0.000815,0.041255,0.001411,466.174022
0.351028,0.084749,-0.052894,256.722617
0.000656,0.044738,0.001135,466.255652
0.484480,0.076280,-0.096056,170.026525
0.106727,0.086019,-0.005346,405.487829
0.369679,0.011287,-0.058164,244.855143
0.329345,0.038591,-0.047071,270.438026
0.334677,0.050048,-0.048473,267.075054
0.547523,0.066725,-0.121035,127.621306
0.030043,0.060893,0.001669,449.686833
0.552996,0.066348,-0.123350,123.893363
0.406478,0.057808,-0.069276,221.193232
0.404863,0.051508,-0.068768,222.238590
0.147780,0.014198,-0.010628,381.352722
0.108985,0.013386,-0.005611,404.175983
0.091420,0.009448,-0.003653,414.410732
0.297498,0.035860,-0.039098,290.392364
0.527936,0.016548,-0.112944,140.906394
0.072314,0.092561,-0.001741,425.465160
0.514632,-0.000063,-0.108428,149.688407
0.643327,0.023880,-0.165075,61.260925
0.308715,0.060614,-0.041827,283.386234
0.039273,0.000154,-0.001060,444.348404
0.555692,0.018984,-0.124497,122.060328
0.027966,0.079420,0.001808,450.865838
0.230837,0.005815,-0.024611,331.466440
0.108603,0.019428,-0.005567,404.398460
0.095860,0.030997,-0.004129,411.827332
0.330628,0.031984,-0.047406,269.630292
0.091715,0.015538,-0.003685,414.238756
0.562069,0.011922,-0.127238,117.703633
0.058671,0.086702,-0.000518,433.320983
0.527825,0.044063,-0.112900,140.978260
0.000831,0.046411,0.001440,466.165008
0.141053,0.021025,-0.009689,385.331288
0.404684,0.091200,-0.068713,222.349452
0.351881,0.048803,-0.053130,256.184796
0.151849,0.017027,-0.011210,378.941095
0.078001,0.049047,-0.002287,422.184364
0.471350,0.025523,-0.091234,178.744100
0.497154,0.005876,-0.100832,161.586918
0.295603,0.049610,-0.038645,291.571580
0.454851,0.069689,-0.085358,189.627851
0.468798,0.092558,-0.090312,180.424943
0.113689,0.059102,-0.006167,401.420133
0.019818,0.099292,-0.000364,455.395062
0.319127,0.083190,-0.044437,276.859085
0.299720,0.096641,-0.039631,289.000912
0.187660,0.038127,-0.016785,357.572783
0.209432,0.076317,-0.020579,344.450722
0.000245,0.048073,0.000424,466.466667
0.065582,0.088746,-0.001123,429.346311
0.068840,0.000685,-0.002718,427.409917
0.020735,0.044976,0.002269,454.973755
0.547331,0.010368,-0.120953,127.758364
0.122355,0.048218,-0.007231,396.340969
0.354414,0.040128,-0.053833,254.577007
0.013170,0.090583,0.002720,459.252881
0.318900,0.072809,-0.044379,277.003131
0.044612,0.065435,0.000620,441.379400
0.028131,0.000395,-0.000622,450.688825
0.124821,0.077037,-0.007542,394.889589
0.326369,0.080921,-0.046296,272.307374
0.018806,0.000003,-0.000341,455.978385
0.415618,0.098543,-0.071925,215.314815
0.242615,0.063005,-0.026956,324.271431
0.097352,0.086435,-0.004290,410.953893
0.411169,0.090177,-0.070762,218.152086
0.266631,0.016555,-0.032023,309.528036
0.257113,0.034260,-0.029969,315.385703
0.139080,0.079300,-0.009418,386.490599
0.121250,0.068855,-0.007092,396.987405
0.662478,0.077225,-0.174810,47.694190
0.154042,0.037082,-0.011527,377.638050
0.609035,0.063437,-0.148438,85.287055
0.000399,0.095316,0.000692,466.382510
0.260108,0.088127,-0.030608,313.538375
0.385341,0.074721,-0.062777,234.816333
0.513005,0.029517,-0.106979,150.963980
0.209253,0.047109,-0.020547,344.562172
0.106676,0.084685,-0.005340,405.517960
0.555932,0.023195,-0.124600,121.895849
0.328975,0.044679,-0.046974,270.670783
0.212032,0.028052,-0.021054,342.882598
0.496677,0.075585,-0.100651,161.897269
0.444404,0.054608,-0.081741,196.491909
0.425048,0.099359,-0.075080,209.167355
0.112675,0.071401,-0.006046,402.012176
0.462428,0.001584,-0.088252,184.596796
0.391112,0.025862,-0.064520,231.111803
-0.000235,0.017392,-0.000408,466.717055
0.394801,0.044501,-0.065646,228.734312
0.220769,0.085967,-0.022677,337.580675
0.440570,0.017560,-0.080433,199.008401
0.192708,0.006009,-0.017639,354.543245
0.544667,0.048125,-0.119836,129.565340
0.273656,0.042788,-0.033577,305.188474
-0.000778,0.011300,-0.001348,466.997537
0.026516,0.070432,0.001903,451.690504
0.313833,0.098735,-0.042149,280.318733
0.300983,0.008034,-0.039938,288.222023
0.071205,0.021258,-0.001640,426.111979
0.003535,0.008488,0.003237,464.699445
0.290033,0.072032,-0.037328,295.034426
0.014122,0.083343,0.002665,458.715006
0.127895,0.038426,-0.007936,393.086501
0.074302,0.046053,-0.001931,424.322201
0.539744,0.078637,-0.117786,132.905336
0.351051,0.016041,-0.052901,256.715356
0.036239,0.043131,0.001238,446.160711
0.242620,0.053805,-0.026957,324.269122
0.374801,0.053008,-0.059654,241.575819
0.092668,0.026872,-0.003786,413.683841
0.344270,0.030256,-0.051045,261.012448
0.433955,0.094677,-0.078203,203.325797
0.152889,0.092260,-0.011358,378.316509
0.129885,0.017601,-0.008195,391.917869
0.414771,0.066544,-0.071914,215.818491
0.266512,0.019071,-0.031997,309.600964
0.319084,0.057814,-0.044427,276.888717
0.611560,0.050431,-0.149628,83.530278
0.250479,0.033881,-0.028574,319.458705
0.296049,0.023971,-0.038752,291.296460
0.000747,0.048835,0.001293,466.208344
0.088936,0.073096,-0.003390,415.847121
0.000109,0.080033,0.000189,466.533507
0.369620,0.060044,-0.058147,244.887610
0.562536,0.000935,-0.128779,117.051341
0.072063,0.021239,-0.001720,425.617236
0.561858,0.051446,-0.127147,117.843426
0.054464,0.000021,-0.001822,435.666113
0.620766,0.057624,-0.154017,77.102413
0.244608,0.027487,-0.027363,323.055797
0.211802,0.080409,-0.021010,343.016751
0.090504,0.007189,-0.003557,414.942906
-0.000687,0.031977,-0.001190,466.948462
0.468121,0.090394,-0.090069,180.872470
0.495741,0.079664,-0.100294,162.522138
0.244354,0.066295,-0.027310,323.207197
0.280752,0.018958,-0.035181,300.799514
0.142530,0.038358,-0.009892,384.456969
0.467355,0.066797,-0.089793,181.381397
0.303773,0.067407,-0.040614,286.474439
0.345180,0.008043,-0.051292,260.438954
0.011889,0.026135,0.002790,459.983011
0.133047,0.066600,-0.008609,390.050405
0.257993,0.064891,-0.030156,314.841468
0.072473,0.066321,-0.001757,425.376221
0.225218,0.036362,-0.023524,334.882732
0.247220,0.076909,-0.027898,321.451434
0.153220,0.043215,-0.011407,378.125551
0.077958,0.038439,-0.002283,422.210374
0.175982,0.016796,-0.014877,364.570997
0.331171,0.077094,-0.047548,269.283316
0.171482,0.020159,-0.014165,367.259211
0.076736,0.056979,-0.002164,422.914879
0.212927,0.000799,-0.020415,342.430107
0.012940,0.080616,0.002733,459.383401
0.124141,0.001576,-0.007679,395.280492
0.426068,0.000717,-0.075426,208.512240
0.603447,0.068737,-0.145820,89.173111
0.239449,0.073549,-0.026316,326.205811
0.178992,0.099188,-0.014852,362.809501
0.014545,0.035737,0.002639,458.480338
0.120897,0.053536,-0.007049,397.196142
0.617881,0.050937,-0.152634,79.119566
0.064105,0.019556,-0.000994,430.203360
-0.000165,0.016749,-0.000286,466.680847
0.192425,0.037687,-0.017590,354.709950
0.609448,0.008328,-0.148631,85.005902
-0.000000,-0.000000,-0.000000,466.597449
0.246851,0.017132,-0.027823,321.683368
0.033409,0.059560,0.001438,447.771589
0.092055,0.062662,-0.003719,414.036537
0.100052,0.000212,-0.005228,409.348930
0.154850,0.099188,-0.011420,377.171410
0.080643,0.099040,-0.003579,420.591936
0.304777,0.032715,-0.040860,285.850890
0.109816,0.074861,-0.005707,403.684429
0.000700,0.039603,0.001213,466.233154
0.005015,0.031087,0.003162,463.862812
0.024707,0.092072,0.002021,452.715810
0.091171,0.059204,-0.003625,414.550466
0.203018,0.032897,-0.019430,348.330167
0.309912,0.052305,-0.042124,282.638420
0.050623,0.055230,0.000147,437.940497
0.368575,0.006451,-0.057846,245.560553
0.396225,0.022144,-0.066084,227.818846
0.443907,0.031107,-0.081570,196.820797
0.107092,0.025165,-0.005391,405.280803
0.670967,0.051397,-0.179227,41.654102
0.239214,0.033354,-0.026270,326.353072
0.222405,0.027366,-0.022987,336.593317
0.149557,0.004826,-0.010881,380.301279
0.242448,0.099532,-0.025965,324.483434
0.144158,0.019229,-0.010119,383.496176
0.154031,0.046556,-0.011525,377.643520
0.095607,0.000776,-0.004826,411.932520
0.091302,0.079222,-0.003639,414.472263
0.039623,0.018937,0.000992,444.233422
-0.000541,0.051312,-0.000937,466.871184
0.034261,0.084617,0.001380,447.283937
0.045823,0.078980,0.000527,440.685648
0.627848,0.057004,-0.157442,72.143300
0.492298,0.001549,-0.099542,164.705829
0.250033,0.018705,-0.028481,319.733266
0.590283,0.031991,-0.139756,98.299664
0.016860,0.096652,0.002506,457.164359
0.528523,0.061252,-0.113183,140.504416
0.121019,0.086153,-0.007063,397.121115
0.186153,0.006667,-0.016535,358.479999
0.085579,0.051961,-0.003044,417.796434
0.351819,0.090882,-0.053113,256.219851
0.356531,0.094944,-0.054424,253.225629
0.440786,0.073509,-0.080507,198.860578
0.129367,0.087605,-0.008126,392.215247
0.545784,0.069727,-0.120304,128.803827
0.125537,0.098983,-0.007833,394.452276
0.000090,0.063514,0.000155,466.545019
0.121050,0.047437,-0.007068,397.107112
0.258956,0.012860,-0.030363,314.254544
-0.000163,0.041919,-0.000283,466.677458
0.188829,0.043538,-0.016981,356.870031
0.092324,0.029804,-0.003749,413.883626
0.030452,0.071803,0.001642,449.453228
0.235896,0.092188,-0.025606,328.372798
0.133758,0.027203,-0.008704,389.635668
0.333078,0.090501,-0.048050,268.079715
0.365369,0.075575,-0.056925,247.599283
0.016314,0.035936,0.002536,457.479130
0.487448,0.058196,-0.097164,168.053418
0.535207,0.094856,-0.115913,135.979025
0.343285,0.071492,-0.050777,261.631767
0.157797,0.026277,-0.012079,375.409400
0.537150,0.036308,-0.116713,134.669096
0.117513,0.031134,-0.006632,399.182959
0.600474,0.050959,-0.144438,91.239155
0.169071,0.012491,-0.013789,368.698975
0.027105,0.099241,-0.000586,451.261828
0.008529,0.056110,0.002977,461.878301
0.101387,0.084769,-0.004738,408.603506
0.173840,0.075760,-0.014535,365.845521
0.469953,0.073451,-0.090729,179.662874
0.454642,0.063137,-0.085285,189.766439
0.549143,0.010118,-0.121716,126.525505
0.179238,0.054575,-0.015399,362.619205
0.099468,0.021901,-0.004526,409.727877
0.017240,0.067217,0.002482,456.951994
0.311479,0.010776,-0.042514,281.662031
0.109822,0.006006,-0.005710,403.687577
0.062273,0.067877,-0.000831,431.252457
0.110119,0.056832,-0.005743,403.508714
0.194632,0.092077,-0.017966,353.376898
0.201827,0.051974,-0.019219,349.046536
0.235150,0.017973,-0.025460,328.835936
0.580954,0.067322,-0.135546,104.733379
0.138688,0.077842,-0.009364,386.722619
0.201707,0.037481,-0.019198,349.120532
0.187423,0.083445,-0.016745,357.710199
0.562342,0.005455,-0.127356,117.517595
0.252381,0.024843,-0.028971,318.292753
0.441394,0.049948,-0.080714,198.464828
0.170214,0.010459,-0.013967,368.016728
0.195992,0.056260,-0.018201,352.562297
0.642876,0.098527,-0.166880,60.997300
0.520125,0.080803,-0.109803,146.168201
0.305635,0.055391,-0.041070,285.312546
0.348440,0.077028,-0.052182,258.365614
0.178390,0.080971,-0.015262,363.124129
0.416828,0.041031,-0.072575,214.486659
0.227707,0.075264,-0.024002,333.364729
0.101212,0.067255,-0.004719,408.707387
0.600404,0.061392,-0.144406,91.286614
0.132138,0.058552,-0.008489,390.586666
0.369234,0.022386,-0.058036,245.137780
0.072590,0.061746,-0.001768,425.308733
0.443126,0.019483,-0.081304,197.333579
0.454944,0.052058,-0.085390,189.568926
0.413901,0.079972,-0.071634,216.381910
0.260667,0.049969,-0.030729,313.198378
-0.000311,0.061627,-0.000539,466.751909
0.815052,0.000165,-0.265473,-64.506212
0.010898,0.098564,-0.000150,460.441810
0.070108,0.086159,-0.001536,426.738232
0.226192,0.029145,-0.023711,334.291283
0.561169,0.022333,-0.126849,118.318412
0.617476,0.062013,-0.152441,79.401288
0.016524,0.008986,0.002522,457.362789
0.523248,0.088500,-0.111053,144.062458
0.302652,0.066102,-0.040341,287.174784
0.017123,0.077095,0.002490,457.017192
0.345175,0.022898,-0.051291,260.440605
0.309947,0.038527,-0.042133,282.618095
0.366038,0.068376,-0.057116,247.173018
0.180256,0.012918,-0.015566,362.014351
0.144889,0.000084,-0.010129,383.072869
0.367903,0.019601,-0.057652,245.988049
0.060072,0.041458,-0.000640,432.520495
0.000708,0.053384,0.001227,466.227608
0.123199,0.029837,-0.007338,395.847239
0.399987,0.068237,-0.067247,225.386921
0.216470,0.053111,-0.021872,340.192161
0.029471,0.024501,0.001706,450.015428
0.490345,0.024734,-0.098251,166.127787
0.335996,0.082041,-0.048822,266.238710
0.338425,0.055827,-0.049470,264.707369
0.077363,0.070716,-0.002224,422.551119
0.346796,0.053237,-0.051732,259.410022
0.127294,0.022801,-0.007860,393.441750
0.202386,0.035118,-0.019318,348.710743
0.339597,0.074656,-0.049783,263.964858
0.635368,0.036227,-0.161125,66.865043
0.047128,0.098546,-0.001428,439.854775
0.626779,0.048346,-0.156922,72.893860
0.650904,0.056730,-0.168889,55.903764
0.333239,0.020328,-0.048093,267.985455
0.093209,0.039796,-0.003843,413.368391
0.113558,0.082188,-0.006151,401.494763
0.121914,0.000909,-0.007433,396.586364
0.453836,0.007860,-0.085003,190.302826
0.386313,0.025061,-0.063069,234.197201
0.149735,0.081013,-0.010904,380.188064
0.134406,0.047813,-0.008790,389.251304
0.094612,0.030838,-0.003994,412.553646
0.195450,0.093920,-0.018107,352.884211
0.440608,0.019624,-0.080446,198.983047
0.254890,0.079592,-0.029498,316.746380
0.349849,0.051778,-0.052569,257.474346
0.125214,0.016096,-0.007594,394.664806
0.300841,0.064070,-0.039902,288.304761
0.271632,0.078424,-0.033125,306.435127
0.578262,0.052224,-0.134344,106.588808
0.179978,0.063821,-0.015519,362.175504
0.365571,0.082251,-0.056982,247.469645
0.007226,0.023828,0.003045,462.616683
0.035817,0.063290,0.001269,446.399158
0.368769,0.008953,-0.057901,245.436645
0.267614,0.071613,-0.032238,308.915933
0.056049,0.081132,-0.000297,434.827217
-0.000199,0.086218,-0.000344,466.691384
0.306953,0.090380,-0.041393,284.484816
0.039674,0.085673,0.000991,444.197376
0.228074,0.037729,-0.024074,333.145382
0.523184,0.088718,-0.111028,144.105793
0.320645,0.038187,-0.044824,275.910869
0.175987,0.064057,-0.014877,364.563256
0.426750,0.047717,-0.075809,208.032056
0.099108,0.099341,-0.005142,409.888138
0.170186,0.059748,-0.013961,368.028928
0.322931,0.019512,-0.045410,274.476771
0.500937,0.040145,-0.102282,159.053608
0.095536,0.071162,-0.004093,412.011893
0.095938,0.094020,-0.004135,411.776095
0.185972,0.055899,-0.016504,358.583634
0.136602,0.088707,-0.009082,387.952153
0.503777,0.099703,-0.104062,156.991738
0.053959,0.089770,-0.000123,436.025112
0.208246,0.099036,-0.019596,345.246682
0.404409,0.054610,-0.068626,222.531704
0.217558,0.074203,-0.022074,339.530341
0.053511,0.034361,-0.000088,436.287173
0.020215,0.003589,0.002300,455.272708
0.049214,0.003773,0.000258,438.752690
0.371161,0.005206,-0.058593,243.909000
0.193989,0.015171,-0.017857,353.771767
0.035221,0.038822,0.001310,446.741488
0.392161,0.019013,-0.064839,230.437147
0.143736,0.091955,-0.010058,383.738362
0.222575,0.086291,-0.023018,336.483710
0.218656,0.035566,-0.022280,338.868085
0.403942,0.023008,-0.068480,222.836664
0.010997,0.059341,0.002841,460.483977
0.232972,0.076571,-0.025028,330.158040
0.472939,0.031910,-0.091811,177.691060
0.079528,0.026781,-0.002438,421.303203
0.352791,0.048630,-0.053382,255.607066
0.097851,0.039389,-0.004347,410.668020
0.424241,0.035336,-0.074985,209.667155
0.025024,0.053741,0.001999,452.539901
0.143883,0.095570,-0.010078,383.651111
0.178866,0.057929,-0.015339,362.841754
0.294247,0.031926,-0.038323,292.417297
0.258076,0.056980,-0.030174,314.791439
0.031464,0.019938,0.001571,448.882221
0.262113,0.037186,-0.031041,312.309646
0.423486,0.057783,-0.074738,210.156055
0.280177,0.029487,-0.035050,301.154476
0.347988,0.051055,-0.052058,258.654518
0.149724,0.051694,-0.010903,380.197279
0.422586,0.042939,-0.074443,210.743731
0.606318,0.015271,-0.147161,87.183711
0.265999,0.053433,-0.031885,309.913493
0.326881,0.051540,-0.046429,271.988230
0.123298,0.020685,-0.007351,395.790107
0.473086,0.030274,-0.091864,177.594025
0.187232,0.075110,-0.016713,357.825889
0.070486,0.003436,-0.001574,426.528687
0.025232,0.038290,0.001985,452.422862
0.300977,0.067567,-0.039935,288.219523
0.336068,0.020604,-0.048842,266.200104
0.583338,0.064101,-0.136616,103.090933
0.087514,0.041112,-0.003243,416.675428
0.649511,0.053622,-0.168184,56.889751
0.031743,0.077902,0.001554,448.718284
0.071814,0.058388,-0.001696,425.756839
0.096551,0.089494,-0.004203,411.419652
0.401938,0.014329,-0.067854,224.132528
0.060409,0.039533,-0.000669,432.327021
0.240603,0.094235,-0.026548,325.498242
0.045516,0.014141,0.000548,440.867608
0.262245,0.033029,-0.031069,312.228561
0.070763,0.037556,-0.001598,426.365641
0.358617,0.052967,-0.055009,251.903501
0.534753,0.067879,-0.115727,136.289424
-0.000305,0.003829,-0.000527,466.753978
0.114889,0.044255,-0.006312,400.719294
0.055544,0.005671,-0.000257,435.124365
0.222502,0.045654,-0.023006,336.532127
0.473248,0.083606,-0.091923,177.480688
0.027912,0.001286,-0.000612,450.813543
0.378884,0.009211,-0.060854,238.965908
0.209546,0.059716,-0.020600,344.383634
0.000584,0.023969,0.001012,466.294479
0.339470,0.010775,-0.049750,264.051917
0.450391,0.057488,-0.083804,192.562069
0.084481,0.062810,-0.002932,418.431642
0.331703,0.023116,-0.047688,268.954199
0.095650,0.016212,-0.004107,411.951065
0.545318,0.058807,-0.120109,129.121570
0.217025,0.095944,-0.021974,339.850737
0.330486,0.098498,-0.046484,269.849236
0.651688,0.077126,-0.169287,55.346559
0.180044,0.072647,-0.015530,362.135105
0.197048,0.099249,-0.017704,351.990385
0.004139,0.084832,0.003209,464.351417
0.134965,0.039413,-0.008864,388.923044
0.139326,0.099381,-0.009441,386.344448
0.157867,0.092323,-0.012087,375.361100
-0.000365,0.019820,-0.000631,466.783346
0.434717,0.096106,-0.078459,202.827598
0.262290,0.051021,-0.031079,312.199172
0.055833,0.035290,-0.000280,434.955254
0.665296,0.032462,-0.176268,45.696013
0.508842,0.071473,-0.105346,153.754267
0.200613,0.028533,-0.019006,349.780710
0.549511,0.089614,-0.121873,126.265629
0.451516,0.012013,-0.084194,191.828116
0.253164,0.088986,-0.029134,317.805239
0.594149,0.010101,-0.141522,95.627923
0.230255,0.005395,-0.024498,331.820681
0.014601,0.066729,0.002637,458.445652
0.274507,0.019107,-0.033768,304.664791
0.022262,0.013411,0.002173,454.110895
0.088017,0.040373,-0.003295,416.383670
0.487280,0.085226,-0.097101,168.162491
0.081283,0.059252,-0.002610,420.284265
0.000137,0.037949,0.000238,466.523091
0.026999,0.034578,0.001870,451.419935
0.172464,0.091702,-0.014317,366.665322
0.678982,0.073060,-0.183457,35.927095
0.215858,0.036709,-0.021759,340.564874
0.271301,0.036493,-0.033053,306.643697
0.412900,0.047548,-0.071314,217.034720
0.027775,0.014933,0.001818,450.980794
0.285519,0.046461,-0.036277,297.840569
0.495657,0.075231,-0.100262,162.578524
0.287267,0.062590,-0.036682,296.753926
0.197013,0.075674,-0.018377,351.945185
0.145572,0.004962,-0.010317,382.660805
0.558048,0.050554,-0.125507,120.448086
0.104079,0.025993,-0.005044,407.039171
0.159444,0.019027,-0.012323,374.431135
0.476802,0.029363,-0.093221,175.130943
0.340484,0.059415,-0.050022,263.405641
0.163950,0.083526,-0.013000,371.743680
0.407526,0.086737,-0.069607,220.511430
0.002130,0.046312,0.003310,465.487335
0.654739,0.010031,-0.170836,53.194585
0.205257,0.045580,-0.019828,346.977071
0.102884,0.029112,-0.004909,407.736277
0.051615,0.088093,0.000069,437.368819
0.087139,0.040781,-0.003205,416.893046
0.057826,0.018753,-0.000449,433.813017
0.154110,0.000536,-0.011321,377.619658
0.019098,0.090279,0.002372,455.897303
0.023481,0.089495,0.002100,453.412057
0.180763,0.078522,-0.015646,361.703666
0.044646,0.000293,-0.001307,441.282355
0.210008,-0.000007,-0.019903,344.193224
0.286914,0.095912,-0.036600,296.969069
0.234073,0.068462,-0.025246,329.487386
0.011929,0.052704,0.002789,459.957640
0.311775,0.041027,-0.042587,281.473322
0.002205,0.092396,0.003308,465.440786
0.315426,0.053419,-0.043501,279.184497
0.513630,0.005630,-0.107224,150.546833
0.402090,0.063652,-0.067901,224.028990
0.159997,0.038560,-0.012405,374.100684
0.006656,0.007779,0.003075,462.939857
0.266415,0.056734,-0.031975,309.657007
0.611758,0.000943,-0.151529,82.910249
0.650667,0.082871,-0.168770,56.068319
0.109091,0.066264,-0.005622,404.108484
0.242989,0.043965,-0.027032,324.044545
0.280327,0.057483,-0.035083,301.058601
0.378749,0.060944,-0.060814,239.046734
0.242284,0.001381,-0.025932,324.594642
0.111895,0.087442,-0.005952,402.467237
0.387721,0.099631,-0.062984,233.375096
0.046673,0.089043,0.000461,440.198520
0.351257,0.071291,-0.052957,256.578994
0.553543,0.041043,-0.123582,123.523589
0.268290,0.022280,-0.032387,308.504147
0.351346,0.028161,-0.052982,256.526987
0.327939,0.032498,-0.046704,271.324335
0.159646,0.014750,-0.012354,374.311679
0.180894,0.094307,-0.015667,361.623747
0.152924,0.031987,-0.011365,378.302050
-0.000093,0.003747,-0.000161,466.644986
0.006139,0.013802,0.003102,463.230724
0.632507,0.018740,-0.159717,68.877716
0.163966,0.004693,-0.013005,371.741819
0.113240,0.039432,-0.006114,401.685170
0.001457,0.029311,0.003342,465.868013
0.659215,0.066356,-0.173129,50.013348
0.228902,0.001218,-0.023335,332.747668
0.102313,0.012547,-0.004845,408.070969
0.338570,0.046451,-0.049509,264.616785
0.304594,0.056123,-0.040815,285.962913
0.093219,0.045612,-0.003844,413.362037
0.219424,0.083722,-0.022423,338.397117
0.179866,0.005609,-0.015502,362.248665
0.215144,0.093119,-0.021625,340.991395
0.036232,0.054509,0.001239,446.163438
0.266753,0.063205,-0.032049,309.448015
0.562111,0.068476,-0.127257,117.668586
0.121699,0.064005,-0.007149,396.724460
0.261982,0.024925,-0.031013,312.391181
0.268127,0.006107,-0.032352,308.606040
0.603908,0.039113,-0.146035,88.855933
0.149930,0.012823,-0.010934,380.079172
0.007998,0.048223,0.003005,462.178286
0.011777,0.038492,0.002797,460.045172
0.622726,0.026166,-0.154960,75.735206
0.072961,0.018620,-0.001805,425.099293
0.125325,0.028128,-0.007607,394.598519
0.043852,0.047478,0.000677,441.815355
0.491595,0.050943,-0.098723,165.291325
0.650491,0.004648,-0.168678,56.202622
0.419668,0.082916,-0.073494,212.636733
0.196424,0.042384,-0.018276,352.303156
0.232083,0.026584,-0.024855,330.705220
0.099415,0.019532,-0.004520,409.759241
0.018319,0.081751,0.002418,456.339547
0.075198,0.021362,-0.002017,423.806964
-0.000000,-0.000000,-0.000000,466.597449
0.390767,0.029460,-0.064415,231.333124
0.362133,0.071043,-0.056003,249.662622
0.414758,0.087474,-0.071909,215.824721
0.533151,0.020179,-0.115069,137.379289
0.004343,0.000848,-0.000050,464.150829
0.425762,0.013764,-0.075484,208.678931
0.322935,0.072436,-0.045410,274.468371
0.125572,0.098545,-0.007838,394.431264
0.327563,0.025679,-0.046606,271.562220
0.000822,0.051298,0.001424,466.169274
0.272845,0.070058,-0.033396,305.686618
0.020469,0.000537,-0.000383,455.036303
0.484627,0.052619,-0.096110,169.931461
0.226116,0.048441,-0.023696,334.335253
0.623540,0.050446,-0.155354,75.162219
0.386982,0.090855,-0.063270,233.760181
0.306973,0.022159,-0.041398,284.479717
0.415112,0.084328,-0.072023,215.595355
0.112571,0.000587,-0.006447,402.051901
0.260926,0.007519,-0.030785,313.043561
0.258417,0.091004,-0.030246,314.577740
0.595532,0.012946,-0.142156,94.670211
0.076740,0.091298,-0.002163,422.909338
0.300105,0.081892,-0.039724,288.761921
0.434344,0.000271,-0.078257,203.097203
0.303016,0.000642,-0.039446,287.095274
0.314346,0.048450,-0.043230,279.861852
0.187024,0.028798,-0.016679,357.955560
0.352570,-0.000075,-0.052556,255.877990
0.552121,0.099239,-0.124204,124.185891
0.535017,0.077342,-0.115835,136.109846
0.312430,0.033470,-0.042750,281.063967
0.201080,0.074185,-0.019087,349.494481
0.434729,0.075262,-0.078462,202.822105
0.313215,0.099378,-0.041992,280.705751
0.354775,0.042199,-0.053934,254.347710
0.173355,0.036838,-0.014459,366.138883
0.165090,0.090438,-0.013173,371.064060
0.207200,0.093408,-0.020175,345.798324
0.072813,0.031062,-0.001790,425.183262
0.088726,0.013222,-0.003370,415.974779
0.503950,0.007227,-0.103444,157.040918
0.024754,0.043950,0.002016,452.693947
0.512689,0.082802,-0.106855,151.170165
0.044534,0.018765,0.000624,441.428510
0.179078,0.048327,-0.015374,362.715562
0.100081,0.070194,-0.004592,409.366204
0.060204,0.062489,-0.000651,432.442608
0.199610,0.065455,-0.018829,350.381754
0.279066,0.078901,-0.034796,301.837352
0.544395,0.099038,-0.120865,129.468183
0.018871,0.076833,0.002385,456.027402
0.153022,0.073620,-0.011378,378.239835
0.343630,0.030192,-0.050871,261.417659
0.159996,0.092219,-0.012404,374.095487
0.210974,0.058389,-0.020860,343.519937
0.173524,0.016086,-0.014486,366.039932
0.452906,0.000166,-0.084796,190.891684
0.460262,0.026326,-0.087263,186.068613
0.353034,0.040245,-0.053450,255.454118
0.122069,0.061833,-0.007195,396.507579
0.422303,0.027552,-0.074351,210.929494
0.157561,0.077396,-0.012042,375.544757
0.324449,0.024207,-0.045800,273.521597
0.274572,0.017494,-0.033783,304.624653
0.396927,0.077143,-0.066300,227.359850
0.011027,0.099433,-0.000158,460.369133
0.573257,0.091071,-0.132126,110.025786
0.211598,0.000606,-0.020181,343.232946
0.072012,0.089840,-0.001713,425.639645
0.070172,0.091847,-0.001541,426.701224
0.002819,0.089837,0.003277,465.095246
0.201135,0.096015,-0.019096,349.459430
0.062257,0.059580,-0.000829,431.262406
0.208191,0.066440,-0.020355,345.201991
0.031550,0.019617,0.001565,448.833760
0.297558,0.071541,-0.039112,290.351040
0.109794,0.000818,-0.006167,403.673281
0.034255,0.031543,0.001378,447.292123
0.306466,0.045215,-0.041273,284.794546
0.098722,0.018199,-0.004443,410.163089
0.039432,0.028049,0.001006,444.341207
0.368871,0.000863,-0.057276,245.483297
0.140788,0.032891,-0.009653,385.486863
0.193781,0.038421,-0.017821,353.894193
0.305086,0.092417,-0.040935,285.651984
0.002953,0.094369,0.003270,465.019162
0.686127,0.005208,-0.187274,30.817093
0.402789,0.008420,-0.068119,223.583703
0.000503,0.039830,0.000872,466.334397
0.424493,0.004450,-0.075068,209.506445
0.170753,0.023553,-0.014050,367.694057
0.695635,0.072351,-0.192431,23.974223
0.009603,0.092424,0.002920,461.268083
0.186891,0.017731,-0.016658,358.036242
0.007301,0.067371,0.003043,462.570237
0.161310,0.061933,-0.012602,373.317064
0.032434,0.059775,0.001506,448.326580
0.057974,0.016807,-0.000462,433.728383
0.115174,0.023085,-0.006347,400.554491
0.272816,0.017741,-0.033390,305.710170
0.181313,0.095226,-0.015736,361.372639
0.019425,0.026725,0.002349,455.718247
0.185787,0.006301,-0.016474,358.699837
0.824424,0.099166,-0.271524,-71.554587
0.377624,0.078284,-0.060482,239.765802
0.249392,0.066055,-0.028347,320.121211
0.098082,0.028328,-0.004373,410.534370
0.092215,0.098967,-0.004529,413.891646
0.102958,0.099929,-0.005500,407.647740
0.026394,0.041792,0.001910,451.762815
0.002565,0.082238,0.003289,465.238637
0.476733,0.048124,-0.093195,175.174755
0.441792,0.043802,-0.080849,198.204841
0.500103,0.049656,-0.101962,159.610310
0.100934,0.033304,-0.004689,408.872429
0.239974,0.078416,-0.026422,325.884479
0.143646,0.055705,-0.010047,383.795138
0.050322,0.009235,0.000170,438.117136
0.307026,0.041874,-0.041411,284.444661
0.466698,0.085652,-0.089557,181.813768
0.217588,0.065590,-0.022080,339.513018
0.356137,0.098597,-0.053572,253.598106
0.046664,0.056896,0.000461,440.206894
0.103009,0.082223,-0.004921,407.658108
0.481319,0.022846,-0.094883,172.133731
0.047229,0.075197,0.000417,439.881681
0.570239,0.080708,-0.130798,112.098793
0.018436,0.077712,0.002411,456.273539
0.096229,0.001097,-0.004882,411.571158
0.180769,0.030479,-0.015648,361.705378
0.410841,0.039933,-0.070658,218.370142
0.237676,0.095331,-0.025961,327.286359
0.491196,0.045920,-0.098572,165.558489
0.246482,0.093483,-0.027746,321.901399
0.415839,0.062562,-0.072257,215.125959
0.051811,0.008688,0.000050,437.264292
0.204558,0.057508,-0.019703,347.397539
0.029838,0.066783,0.001683,449.802964
0.070673,0.051973,-0.001589,426.416236
0.008378,0.074355,0.002986,461.961663
0.141833,0.028630,-0.009796,384.869725
0.351610,0.088394,-0.053055,256.352682
0.092417,0.019477,-0.003759,413.830273
0.124107,0.099568,-0.007673,395.290604
0.490888,0.034771,-0.098456,165.764515
0.044554,0.041299,0.000623,441.414860
0.436269,0.090797,-0.078980,201.814013
0.468921,0.010751,-0.090356,180.352876
0.046362,0.099577,-0.001391,440.292287
0.310324,0.086504,-0.042226,282.376799
0.103572,0.065157,-0.004985,407.331552
0.403598,0.031525,-0.068372,223.058387
0.014625,0.091951,0.002637,458.429341
0.267545,0.092919,-0.032223,308.956112
0.511219,0.023088,-0.106276,152.164559
-0.000593,0.009435,-0.001027,466.902237
0.538487,0.057130,-0.117265,133.760232
0.003283,0.014909,0.003250,464.840643
0.560990,0.056638,-0.126773,118.436687
0.496993,0.013786,-0.100771,161.693468
0.206006,0.046183,-0.019962,346.524779
0.554324,0.026318,-0.123914,122.992722
0.698793,0.042290,-0.194160,21.702225
0.094269,0.080347,-0.003955,412.748122
0.027074,0.025142,0.001865,451.378139
0.057163,0.016772,-0.000393,434.193834
0.109880,0.000939,-0.006176,403.622734
0.494513,0.070117,-0.099827,163.342650
0.082378,0.099995,-0.003713,419.588870
0.194356,0.089511,-0.017918,353.543494
0.343507,0.042246,-0.050838,261.494547
0.470428,0.003872,-0.090900,179.356185
0.489502,0.088535,-0.097934,166.682336
0.393069,0.036551,-0.065116,229.850890
0.073760,0.050971,-0.001879,424.634454
0.151203,0.013573,-0.011117,379.324640
0.236775,0.018881,-0.025782,327.843973
0.538108,0.047834,-0.117108,134.018432
0.487154,0.015902,-0.097053,168.254271
0.008756,0.022692,0.002963,461.752934
0.190267,0.055289,-0.017223,356.005507
0.413929,0.025999,-0.071644,216.369195
0.112241,0.001304,-0.006415,402.244387
0.462247,0.043787,-0.087967,184.757849
0.031971,0.073709,0.001538,448.588900
0.012156,0.048536,0.002776,459.830002
0.318991,0.042906,-0.044403,276.949049
0.198030,0.030355,-0.018555,351.337314
0.360819,0.047057,-0.055631,250.502308
0.081699,0.051883,-0.002652,420.044200
0.325401,0.006170,-0.046046,272.924795
0.130280,0.018610,-0.008247,391.685228
0.247995,0.080877,-0.028058,320.975949
0.339896,0.012687,-0.049864,263.782276
0.092660,0.048672,-0.003784,413.686645
0.092248,0.035584,-0.003740,413.927220
0.092489,0.095409,-0.003764,413.781383
0.008473,0.001000,-0.000108,461.821044
0.624282,0.061079,-0.155712,74.641512
0.000393,0.059492,0.000680,466.389558
0.132028,0.067985,-0.008474,390.650536
0.162183,0.044191,-0.012733,372.799641
0.469467,0.086988,-0.090554,179.982834
0.229071,0.037573,-0.024267,332.538786
0.000689,0.036618,0.001193,466.239273
0.183525,0.082830,-0.016098,360.048425
0.294016,0.015530,-0.038268,292.562828
0.050103,0.091452,0.000191,438.234702
0.460338,0.095407,-0.087290,186.010628
0.023523,0.072093,0.002096,453.390064
0.228063,0.098398,-0.023177,333.246875
0.420317,0.045991,-0.073704,212.218694
0.035868,0.009463,0.001263,446.375204
0.486677,0.007377,-0.096875,168.572380
0.156634,0.062053,-0.011906,376.096516
0.586918,0.052814,-0.138230,100.621956
0.203992,0.000390,-0.018867,347.821850
0.236151,0.065633,-0.025657,328.219958
0.277566,0.004882,-0.034457,302.773957
0.254950,0.041265,-0.029511,316.713688
0.421375,0.059287,-0.074048,211.529625
0.108416,0.028895,-0.005544,404.507175
0.468583,0.067718,-0.090235,180.569934
0.093925,0.027050,-0.003920,412.953026
0.183631,0.084693,-0.016116,359.984967
0.133112,0.098376,-0.008700,390.002797
0.059524,0.096109,-0.000591,432.830104
0.108317,0.046200,-0.005532,404.563189
0.228377,0.051590,-0.024132,332.959378
0.025794,0.062479,0.001950,452.101375
0.404076,0.001603,-0.068154,222.820515
0.154923,0.072569,-0.011654,377.111843
0.140553,0.095402,-0.009618,385.619276
0.323169,0.072809,-0.045470,274.320931
0.036427,0.098922,-0.000936,445.960113
0.028250,0.033839,0.001788,450.708749
0.344047,0.039084,-0.050984,261.152745
0.318183,0.087313,-0.044197,277.451630
0.009994,0.050164,0.002896,461.051330
0.177620,0.092217,-0.015137,363.583843
0.249089,0.043514,-0.028285,320.309515
0.248515,0.025361,-0.028166,320.663297
0.540079,0.031422,-0.117924,132.683342
0.023299,0.043444,0.002109,453.519520
0.028001,0.063649,0.001805,450.847297
0.262974,0.007188,-0.031227,311.782314
0.413590,0.098469,-0.071255,216.633806
0.295533,0.004884,-0.038629,291.619864
0.000516,0.038275,0.000893,466.328208
0.020040,0.001356,-0.000367,455.279510
0.347098,0.056464,-0.051815,259.218506
0.468711,0.030617,-0.090281,180.489356
0.141687,0.019516,-0.009777,384.956552
0.041530,0.017429,0.000851,443.144667
0.174016,0.081971,-0.014562,365.739721
0.532563,0.025316,-0.114828,137.776942
0.130309,0.034976,-0.008250,391.666415
0.037646,0.045061,0.001137,445.358226
0.325089,0.000651,-0.045055,273.260195
0.300729,0.085590,-0.039875,288.372643
0.360195,0.031982,-0.055454,250.901234
0.350382,0.027890,-0.052716,257.138877
0.051209,0.047906,0.000100,437.605676
0.291124,0.014150,-0.037585,294.362326
0.117537,0.028376,-0.006635,399.169223
0.115562,0.077670,-0.006393,400.321299
0.536980,0.042125,-0.116643,134.783362
0.192382,0.091145,-0.017581,354.730259
0.290113,0.058106,-0.037347,294.985815
0.282934,0.029294,-0.035681,299.445779
0.348351,0.073693,-0.052158,258.422414
0.022490,0.029762,0.002160,453.980221
0.365672,0.036427,-0.057012,247.409805
0.148477,0.045878,-0.010726,380.936870
0.067459,0.064741,-0.001294,428.267265
0.378650,0.031668,-0.060785,239.113394
0.037555,0.015373,0.001142,445.413304
0.694133,0.017256,-0.191609,25.062862
0.129813,0.035157,-0.008185,391.958474
0.464242,0.085906,-0.088678,183.436149
0.459393,0.083395,-0.086956,186.635441
0.449542,0.059762,-0.083510,193.119818
0.177282,0.055851,-0.015084,363.789742
0.512441,0.025122,-0.106756,151.343442
0.060731,0.057255,-0.000697,432.140078
0.271283,0.082678,-0.033048,306.649946
0.215100,0.054127,-0.021618,341.022030
0.096908,0.032457,-0.004244,411.217490
0.491157,0.013409,-0.098557,165.588105
0.019279,0.088046,0.002360,455.795180
0.009561,0.096458,0.002922,461.291218
0.220357,0.032615,-0.022600,337.836109
0.071322,0.043441,-0.001650,426.042724
0.042511,0.051536,0.000778,442.581039
0.178361,0.040778,-0.015258,363.145310
0.287082,0.015610,-0.036640,296.873833
0.503226,0.064851,-0.103165,157.518873
0.078761,0.082008,-0.002360,421.741628
0.092069,0.000232,-0.004514,413.986161
0.600483,0.053398,-0.144442,91.232993
0.212057,0.085061,-0.021057,342.861585
0.059850,0.009881,-0.000622,432.651114
0.081786,0.057155,-0.002660,419.993365
0.218963,0.039504,-0.022338,338.681550
0.505298,0.076363,-0.103967,156.129752
0.019336,0.079106,0.002357,455.763296
0.371978,0.056270,-0.058830,243.381016
0.310974,0.074479,-0.042387,281.971268
0.137043,0.025105,-0.009144,387.698303
0.265669,0.029904,-0.031813,310.119324
0.132689,0.051676,-0.008562,390.263072
0.079885,0.008626,-0.002473,421.098239
0.397805,0.071018,-0.066571,226.794100
0.324236,0.055678,-0.045745,273.652145
0.363244,0.066948,-0.056318,248.955247
0.164082,0.003665,-0.013022,371.672803
0.101014,0.067370,-0.004697,408.822684
0.276038,0.095501,-0.034111,303.709946
0.222531,0.060898,-0.023011,336.513331
0.451888,0.036683,-0.084324,191.580471
0.112129,0.036759,-0.005982,402.334996
0.222461,0.010942,-0.022998,336.561095
0.119470,0.038983,-0.006872,398.034584
0.372783,0.087506,-0.059064,242.863028
0.059907,0.079435,-0.000624,432.611595
0.356011,0.069191,-0.054279,253.558708
0.098146,0.086490,-0.004378,410.491712
0.076449,0.057908,-0.002136,423.080554
0.288070,0.056962,-0.036869,296.255637
0.046174,0.039123,0.000498,440.488468
0.048205,0.041156,0.000339,439.326488
0.149321,0.096053,-0.010845,380.432006
0.431126,0.076420,-0.077259,205.175341
0.134890,0.018716,-0.008855,388.968939
0.579699,0.026612,-0.134984,105.602979
0.444687,0.031164,-0.081838,196.308848
0.089753,0.080371,-0.003475,415.372069
0.069910,0.045144,-0.001519,426.856449
0.028411,0.045549,0.001778,450.616278
0.311912,0.094826,-0.042620,281.382119
0.316893,0.077510,-0.043871,278.262102
0.521278,0.082631,-0.110264,145.390923
0.226821,0.042148,-0.023832,333.907246
0.129351,0.076719,-0.008124,392.226045
0.226047,0.007858,-0.023683,334.381974
0.160115,0.073342,-0.012422,374.026753
0.026231,0.035213,0.001921,451.855954
0.379298,0.024095,-0.060977,238.698903
0.052188,0.065993,0.000021,437.042545
0.165112,0.079782,-0.013177,371.052035
0.581367,0.099020,-0.137261,104.051655
0.389857,0.090608,-0.064139,231.912022
0.491771,0.012579,-0.098788,165.178630
0.226504,0.066155,-0.023770,334.097968
0.410007,0.095315,-0.070392,218.904506
0.627753,0.086583,-0.157397,72.206183
-0.000371,0.030379,-0.000642,466.785613
0.000724,0.010828,0.001253,466.223987
0.240100,0.024392,-0.026448,325.813200
0.215959,0.089130,-0.021776,340.497740
0.008883,0.077168,0.002958,461.676343
0.459902,0.082985,-0.087136,186.299757
0.247947,0.034220,-0.028049,321.010249
0.123896,0.094388,-0.007424,395.431401
0.149307,0.046943,-0.010844,380.445127
0.486237,0.064452,-0.096711,168.859269
0.191856,0.062327,-0.017492,355.049444
0.051589,0.072537,0.000070,437.385552
0.033792,0.076151,0.001412,447.551819
0.128705,0.095979,-0.008039,392.604098
0.511720,0.024223,-0.106473,151.828199
0.166040,0.070851,-0.013319,370.499971
-0.000679,0.039600,-0.001176,466.943488
0.161549,0.020642,-0.012639,373.179366
0.194679,0.032874,-0.017975,353.354614
0.042765,0.066268,0.000760,442.434859
0.314202,0.054262,-0.043194,279.951605
0.109038,0.086204,-0.005615,404.137831
0.470325,0.086198,-0.090864,179.415386
0.039223,0.051312,0.001023,444.458158
0.477587,0.088729,-0.093509,174.603741
0.198151,0.052181,-0.018575,351.262641
0.004988,0.055427,0.003164,463.876144
0.431692,0.062234,-0.077447,204.807030
0.127668,0.005908,-0.007908,393.223127
0.229431,0.005401,-0.024337,332.322861
0.214484,0.088240,-0.021503,341.391925
0.123109,0.003579,-0.007327,395.903058
0.380159,0.060555,-0.061232,238.143214
0.067304,0.012477,-0.001281,428.361949
0.155693,0.014868,-0.011769,376.660267
0.250926,0.057312,-0.028666,319.181560
0.211473,0.057050,-0.020951,343.217834
0.000295,0.084536,0.000511,466.437201
0.042203,0.016905,0.000800,442.760472
0.477231,0.046344,-0.093378,174.844358
0.272341,0.071446,-0.033283,305.997817
0.232984,0.060984,-0.025031,330.152450
0.176878,0.024587,-0.015020,364.034551
0.395837,0.028150,-0.065965,228.068097
0.232290,0.033877,-0.024895,330.578318
0.505096,0.009421,-0.103888,156.272818
0.124224,0.084642,-0.007466,395.239551
0.152928,0.075337,-0.011364,378.295481
0.358537,0.044549,-0.054987,251.955112
0.049210,0.001040,-0.001536,438.673727
0.277591,0.069111,-0.034462,302.751431
0.491465,0.017279,-0.098673,165.382173
0.565535,0.050995,-0.128742,115.326745
0.409289,0.023171,-0.070165,219.376938
0.091811,0.059231,-0.003693,414.178628
0.047782,0.075985,0.000374,439.565091
0.235010,0.080000,-0.025431,328.914747
0.119113,0.019491,-0.006829,398.246055
0.302200,0.007510,-0.040232,287.462731
0.219366,0.086374,-0.022412,338.431810
0.601282,0.030163,-0.144812,90.681118
0.082450,0.023280,-0.002728,419.612464
0.180581,0.055600,-0.015617,361.815205
0.059182,0.001263,-0.002098,432.960861
0.266870,0.023531,-0.032076,309.380089
0.519116,0.020905,-0.109399,146.854830
0.593679,0.081907,-0.141308,95.945082
0.113050,0.039042,-0.006091,401.796291
0.058118,0.066291,-0.000472,433.640478
0.139011,0.000041,-0.009402,386.540227
0.243138,0.033894,-0.027063,323.954465
0.527759,0.026493,-0.112873,141.024677
0.123186,0.099910,-0.007571,395.830509
0.354000,0.087378,-0.053718,254.835043
0.546002,0.083097,-0.120396,128.653992
0.047040,0.000741,-0.001425,439.914356
0.171805,0.042516,-0.014215,367.064221
0.000700,0.025733,0.001213,466.234532
0.225636,0.041995,-0.023604,334.627966
0.327546,0.034674,-0.046602,271.571620
0.502295,0.093484,-0.102806,158.138663
0.489424,0.026241,-0.097904,166.741305
0.153401,0.095843,-0.011432,378.012440
0.318108,0.028190,-0.044179,277.504642
0.412431,0.045303,-0.071164,217.338731
0.171732,0.001278,-0.013774,367.151423
0.042424,0.019040,0.000784,442.634250
0.233396,0.062642,-0.025112,329.900831
0.030461,0.017665,0.001639,449.453463
0.172185,0.082294,-0.014273,366.833292
0.213828,0.022437,-0.021384,341.796086
0.043296,0.078309,0.000720,442.129875
0.088564,0.038515,-0.003352,416.066266
0.105388,0.092728,-0.005192,406.268653
0.328190,0.001182,-0.045873,271.307083
0.081566,0.057660,-0.002638,420.120870
0.119434,0.052944,-0.006867,398.054768
0.514107,0.067091,-0.107413,150.219251
0.449957,0.010605,-0.083653,192.852776
0.393374,0.045057,-0.065210,229.653402
0.396272,0.046009,-0.066098,227.786014
0.433518,0.054223,-0.078057,203.616013
0.684600,0.008001,-0.186454,31.911485
0.319755,0.035726,-0.044597,276.470155
0.385078,0.057202,-0.062698,234.987417
0.584363,0.016835,-0.137076,102.389715
0.573060,0.088889,-0.132039,110.161380
0.332104,0.068759,-0.047793,268.696194
0.069768,0.089583,-0.001504,426.934375
0.124626,0.010403,-0.007519,395.010954
0.197236,0.080226,-0.018416,351.810366
0.322816,0.063037,-0.045380,274.544082
0.219129,0.006635,-0.022370,338.584085
0.501239,0.042534,-0.102398,158.851717
0.000407,0.074224,0.000705,466.380537
0.121655,0.066582,-0.007143,396.750285
0.301225,0.092632,-0.039995,288.062142
0.025691,0.068388,0.001957,452.159487
0.343774,0.044429,-0.050910,261.325085
0.039672,0.085970,0.000991,444.198578
0.129928,0.055524,-0.008200,391.888360
0.077278,0.007778,-0.002218,422.606400
0.072553,0.014067,-0.001767,425.334902
0.067188,0.054649,-0.001269,428.424570
0.345997,0.056648,-0.051514,259.916226
0.379288,0.082805,-0.060973,238.699236
0.045194,0.072583,0.000575,441.045892
0.111858,0.037502,-0.005949,402.493696
0.068194,0.072293,-0.001360,427.843496
0.503359,0.042389,-0.103216,157.432488
0.078565,0.077836,-0.002341,421.854950
0.121091,0.093817,-0.007072,397.078360
0.000683,0.067973,0.001183,466.239145
0.010128,0.095420,0.002891,460.971516
0.226024,0.006310,-0.023679,334.396007
0.061373,0.018395,-0.000754,431.774973
0.258124,0.026660,-0.030185,314.764619
0.042845,0.059710,0.000754,442.389504
0.259449,0.075893,-0.030467,313.944954
0.153184,0.018598,-0.011403,378.149149
0.211181,0.091101,-0.020897,343.391421
0.208350,0.095667,-0.020383,345.103197
0.337664,0.010845,-0.049267,265.193231
0.335020,0.077206,-0.048563,266.855415
0.334761,0.049749,-0.048495,267.022318
0.022287,0.022027,0.002172,454.096097
0.034858,0.004612,0.001334,446.951229
0.124718,0.011358,-0.007531,394.956852
0.501795,0.020095,-0.102612,158.481679
0.309596,0.018064,-0.042046,282.839744
0.241984,0.064290,-0.026828,324.656924
0.559288,0.086691,-0.126040,119.596517
0.420599,0.091867,-0.073796,212.030625
0.084812,0.023667,-0.002967,418.243841
0.028748,0.023099,0.001754,450.427072
0.107163,0.039021,-0.005398,405.238136
0.588492,0.073580,-0.138943,99.532748
0.350172,0.052034,-0.052658,257.269167
0.021120,0.028626,0.002245,454.757411
0.530007,0.026448,-0.113785,139.505918
0.533187,0.086769,-0.115085,137.347632
0.317708,0.000308,-0.043138,277.899149
0.048630,0.073360,0.000307,439.080036
0.395163,0.008998,-0.065758,228.504502
0.540437,0.092844,-0.118074,132.433079
0.076977,0.007789,-0.002189,422.780239
0.495946,0.040407,-0.100372,162.389832
0.431515,0.067971,-0.077388,204.922042
0.488827,0.010161,-0.097680,167.140957
0.266955,0.082058,-0.032093,309.321514
0.010299,0.000001,-0.000148,460.789908
0.510777,0.061131,-0.106103,152.457200
0.029149,0.057809,0.001729,450.195597
0.447393,0.047483,-0.082767,194.532361
-0.000617,0.078916,-0.001069,466.907800
0.672177,0.018971,-0.179861,40.794699
0.142898,0.088135,-0.009942,384.234362
0.216002,0.046449,-0.021785,340.476391
0.068899,0.099390,-0.002722,427.365827
0.266495,0.062161,-0.031993,309.607096
0.305684,0.083089,-0.041081,285.279282
0.082135,0.044294,-0.002696,419.792281
0.387664,0.094925,-0.063476,233.321615
0.128131,0.031298,-0.007967,392.948305
0.246863,0.064680,-0.027824,321.671593
0.482045,0.028553,-0.095152,171.650462
0.156677,0.046208,-0.011913,376.072612
0.241519,0.012128,-0.026735,324.946721
0.245347,0.052117,-0.027513,322.601183
0.283767,0.078841,-0.035872,298.924204
0.144377,0.006989,-0.010150,383.367728
0.105534,0.077332,-0.005209,406.185227
0.295673,0.009880,-0.038662,291.531927
0.300982,0.027776,-0.039937,288.220780
0.278212,0.058989,-0.034603,302.368303
0.313866,0.067536,-0.043109,280.161019
0.020376,0.041653,0.002291,455.177653
0.459382,0.056381,-0.086952,186.645484
0.059931,0.030364,-0.000628,432.602537
0.278126,0.052982,-0.034583,302.422106
0.377837,0.094107,-0.060545,239.627323
0.176837,0.098850,-0.014528,364.096696
0.248202,0.054055,-0.028101,320.852302
0.248201,0.006846,-0.028102,320.857777
0.005803,0.084490,0.003123,463.413426
0.055816,0.064454,-0.000278,434.962484
0.260148,0.062089,-0.030617,313.516045
0.331673,0.032532,-0.047680,268.971599
0.125549,0.020700,-0.007636,394.467412
0.618734,0.010465,-0.153041,78.528428
0.480000,0.099817,-0.094811,172.911270
0.267765,0.081018,-0.032271,308.821751
0.156420,0.042137,-0.011875,376.225634
0.065546,0.058723,-0.001121,429.369885
0.165098,0.021730,-0.013177,371.066078
0.162117,0.043268,-0.012724,372.838991
0.053674,0.071766,-0.000100,436.190049
0.178639,0.085651,-0.015302,362.974746
0.544516,0.005767,-0.119772,129.673181
0.102111,0.074170,-0.004820,408.182477
0.399658,0.018069,-0.067145,225.604639
0.091926,0.004449,-0.003707,414.117380
0.399729,0.010902,-0.067167,225.559642
0.134850,0.043780,-0.008849,388.990312
0.176341,0.073238,-0.014933,364.350796
0.394850,0.016248,-0.065662,228.705698
0.118949,0.023187,-0.006808,398.341725
0.140730,0.078633,-0.009643,385.516097
0.224889,0.023916,-0.023461,335.083862
0.323424,0.029525,-0.045536,274.165474
0.537216,0.020161,-0.116740,134.625930
0.264917,0.060387,-0.031648,310.579928
0.236777,0.009584,-0.025783,327.843784
0.011603,0.081846,0.002808,460.139372
0.053769,0.006493,-0.000110,436.142161
0.231581,0.082378,-0.024755,331.005348
0.228745,0.052919,-0.024203,332.735199
0.302932,0.080069,-0.040409,286.998502
0.415599,0.005541,-0.072179,215.287981
0.132206,0.092773,-0.008497,390.543387
0.038473,0.009113,0.001076,444.890089
0.363412,0.051706,-0.056366,248.849789
0.184492,0.013952,-0.016260,359.475589
0.541773,0.027579,-0.118628,131.533629
0.134200,0.065845,-0.008762,389.371019
0.265592,0.065695,-0.031795,310.163489
0.287080,0.026640,-0.036639,296.873504
0.301781,0.098465,-0.039143,287.855427
0.000610,0.037054,0.001057,466.279661
-0.000127,0.003230,-0.000220,466.662460
0.477763,0.019944,-0.093573,174.494388
0.151598,0.006774,-0.011174,379.091073
0.208193,0.040591,-0.020356,345.203320
0.547715,0.072915,-0.121116,127.489749
0.354725,0.033836,-0.053920,254.380547
0.382360,0.028503,-0.061886,236.734997
0.136657,0.058313,-0.009090,387.923057
0.066482,0.007547,-0.001207,428.835766
0.087887,0.093991,-0.003280,416.453786
0.287849,0.010398,-0.036818,296.397566
0.371238,0.060492,-0.058615,243.853660
0.577558,0.078212,-0.134031,107.070371
0.542213,0.008155,-0.118811,131.237406
0.289188,0.041713,-0.037131,295.562836
0.482798,0.059996,-0.095431,171.146755
0.130859,0.083851,-0.008320,391.337706
0.068905,0.084569,-0.001425,427.432352
0.100226,0.042187,-0.004610,409.284316
0.285238,0.007213,-0.036212,298.018982
0.047332,0.015306,0.000407,439.828658
0.339428,0.005824,-0.049739,264.079053
0.431314,0.028339,-0.077321,205.057795
0.352279,0.034853,-0.053240,255.934206
0.087830,0.095567,-0.003274,416.486344
0.082491,0.094174,-0.002730,419.581335
0.217833,0.009216,-0.022127,339.369749
0.360203,0.030388,-0.055457,250.896396
0.212410,0.084946,-0.021122,342.647965
0.553936,0.047759,-0.123749,123.254640
0.710699,0.016666,-0.200765,13.100080
0.159784,0.098415,-0.012086,374.246041
0.249273,0.081315,-0.028322,320.193155
0.554514,0.029088,-0.123995,122.862654
0.007632,0.017348,0.003023,462.388323
0.170860,0.083007,-0.014066,367.624349
0.348567,0.068121,-0.052217,258.285517
0.514984,0.089584,-0.107760,149.626893
0.056492,0.058203,-0.000335,434.574700
0.293234,0.073871,-0.038082,293.043252
0.380989,0.017977,-0.061478,237.615670
0.233339,0.090185,-0.025100,329.932897
0.062539,0.054600,-0.000854,431.100576
0.433156,0.079912,-0.077936,203.849168
0.189572,0.055715,-0.017106,356.422958
0.464688,0.059133,-0.088837,183.144770
0.413134,0.031152,-0.071389,216.884608
0.331877,0.045806,-0.047734,268.841477
0.036171,0.051733,0.001243,446.198756
0.087675,0.084340,-0.003258,416.577747
0.074282,0.074445,-0.001928,424.330657
0.087978,0.078912,-0.003290,416.402283
0.488358,0.099934,-0.098013,167.331875
0.135521,0.056941,-0.008938,388.593047
0.342372,0.095256,-0.050530,262.207454
0.250587,0.025778,-0.028596,319.393258
0.093909,0.058806,-0.003917,412.959664
0.065876,0.075314,-0.001150,429.178040
0.325217,0.013056,-0.045999,273.039522
0.303796,0.070089,-0.040620,286.460030
0.041934,0.073914,0.000823,442.908279
0.009010,0.088714,0.002952,461.603606
0.303702,0.052149,-0.040597,286.520252
0.551283,0.051126,-0.122622,125.063256
0.099609,0.092166,-0.004539,409.638664
0.055914,0.059434,-0.000286,434.906395
0.023788,0.094565,0.002080,453.237049
0.294401,0.069943,-0.038359,292.317531
0.318425,0.067069,-0.044259,277.301410
0.034053,0.046459,0.001393,447.405683
0.023600,0.038801,0.002090,453.349169
0.456203,0.077343,-0.085832,188.737692
0.051691,0.037900,0.000061,437.330466
0.192793,0.032418,-0.017653,354.489017
0.471835,0.049127,-0.091410,178.420005
0.112983,0.001542,-0.006492,401.810972
0.126074,0.025090,-0.007703,394.158668
0.073771,0.004725,-0.001882,424.632522
0.536871,0.033037,-0.116597,134.858717
0.483947,0.037595,-0.095857,170.385279
0.115997,0.099440,-0.006801,400.039613
0.470847,0.033411,-0.091052,179.075904
0.256578,0.074068,-0.029855,315.710202
0.438075,0.099391,-0.079550,200.639788
0.022687,0.028266,0.002147,453.868409
0.000100,0.009919,0.000174,466.544857
0.355047,0.058437,-0.054009,254.173235
0.064404,0.026928,-0.001020,430.030603
0.698563,0.061316,-0.194034,21.866353
0.304426,0.092029,-0.040773,286.063843
0.041435,0.007628,0.000857,443.200150
0.040984,0.020502,0.000891,443.456297
0.540695,0.005791,-0.118179,132.268403
0.381419,0.051011,-0.061606,237.335986
0.515473,0.078569,-0.107953,149.299466
0.121512,0.088828,-0.007124,396.831983
0.208353,0.049001,-0.020384,345.106034
0.538191,0.086550,-0.117144,133.957302
0.242958,0.034821,-0.027026,324.064859
0.508060,0.074347,-0.105041,154.278465
0.626204,0.007096,-0.156642,73.301969
0.112252,0.063005,-0.005995,402.260470
0.036936,0.027252,0.001187,445.764749
0.102510,0.033532,-0.004866,407.953944
0.290165,0.006932,-0.037360,294.959217
0.124231,0.025805,-0.007468,395.241760
0.080911,0.027057,-0.002574,420.502898
0.570004,0.065921,-0.130694,112.261505
0.000835,0.043479,0.001446,466.163428
0.227562,0.068530,-0.023974,333.453689
0.019585,0.012295,0.002339,455.628781
0.077686,0.032386,-0.002257,422.368069
0.150185,0.046821,-0.010970,379.924838
0.439671,0.001091,-0.080107,199.602736
0.425842,0.030652,-0.075510,208.625410
0.613548,0.061385,-0.150571,82.142773
0.053901,0.062644,-0.000119,436.061097
0.347653,0.009697,-0.051967,258.871805
0.063759,0.085569,-0.000961,430.395666
0.378699,0.009107,-0.060800,239.084247
0.128933,0.079443,-0.008069,392.471491
0.445094,0.014622,-0.081977,196.043804
0.241700,0.042102,-0.026771,324.833018
0.079946,0.035752,-0.002478,421.060430
0.578555,0.028207,-0.134474,106.389963
0.342783,0.090571,-0.050641,261.947748
0.256877,0.020228,-0.029920,315.532108
0.003910,0.017508,0.003218,464.487274
0.000287,0.003710,0.000496,466.449531
0.207345,0.068291,-0.020202,345.713120
0.089175,0.099919,-0.004267,415.654425
0.159210,0.077464,-0.012287,374.564143
0.276811,0.054636,-0.034286,303.235813
0.203190,0.000149,-0.018731,348.305410
0.086995,0.036743,-0.003190,416.976544
0.461745,0.084830,-0.087789,185.084289
0.021724,0.031078,0.002207,454.414174
0.453173,0.086252,-0.084772,190.730482
0.216300,0.017358,-0.021841,340.298839
0.033823,0.048328,0.001409,447.536924
0.086068,0.084620,-0.003093,417.509606
0.060168,0.037627,-0.000649,432.465690
0.054739,0.008561,-0.000190,435.585915
0.257183,0.016980,-0.029985,315.344100
-0.000228,0.026457,-0.000396,466.712518
0.252347,0.016537,-0.028964,318.314606
0.019642,0.085149,0.002338,455.589778
0.224628,0.057297,-0.023410,335.239413
0.111130,0.027717,-0.005863,402.920734
0.278674,0.006128,-0.034708,302.087654
0.222475,0.021219,-0.023001,336.551136
0.096649,0.087511,-0.004213,411.362750
0.328002,0.067699,-0.046720,271.281029
0.094636,0.089673,-0.003995,412.533468
0.381896,0.083996,-0.061747,237.026665
0.419402,0.015164,-0.073407,212.817174
0.114657,0.089877,-0.006283,400.850594
0.153636,0.062975,-0.011467,377.876728
0.606424,0.077007,-0.147212,87.102193
0.463632,0.035763,-0.088460,183.844626
0.079222,0.049566,-0.002407,421.478282
0.252641,0.071407,-0.029025,318.128223
0.166834,0.068825,-0.013441,370.026687
0.196042,0.007299,-0.018211,352.537303
0.006700,0.029793,0.003073,462.912938
0.403639,0.050401,-0.068385,223.029403
0.059151,0.040010,-0.000561,433.049776
0.319472,0.000713,-0.043593,276.791531
0.218303,0.017558,-0.022215,339.083927
0.249503,0.083452,-0.028370,320.051614
0.441915,0.021027,-0.080891,198.126724
0.449312,0.099699,-0.083510,193.250201
0.194641,0.021854,-0.017969,353.378948
0.095306,0.061501,-0.004068,412.146833
0.014728,0.047224,0.002629,458.375571
0.114464,0.061189,-0.006260,400.966344
0.264323,0.096401,-0.031519,310.942317
0.290307,0.086629,-0.037392,294.862295
0.277932,0.013906,-0.034540,302.546666
0.304288,0.057134,-0.040740,286.154110
0.464845,0.004760,-0.088893,183.046875
-0.000197,0.077068,-0.000341,466.691407
0.000310,0.087625,0.000537,466.429131
0.104318,0.010260,-0.005072,406.901313
0.510367,0.021721,-0.105942,152.736479
0.576972,0.037179,-0.133770,107.477975
0.008822,0.048025,0.002960,461.713536
0.317804,0.014585,-0.044102,277.697117
0.408456,0.003395,-0.069901,219.918863
-0.000844,0.055742,-0.001462,467.027103
0.009809,0.089715,0.002908,461.152018
0.110776,0.008641,-0.005822,403.129447
0.048497,0.077834,0.000318,439.155620
0.237397,0.032499,-0.025906,327.462980
0.566789,0.089099,-0.129289,114.463242
0.531334,0.052607,-0.114327,138.605161
0.012802,0.078434,0.002741,459.462021
0.480073,0.010534,-0.094423,172.962336
0.361890,0.021462,-0.055934,249.822763
0.616606,0.029780,-0.152025,80.012847
0.001621,0.033328,0.003334,465.775196
0.276190,0.047121,-0.034146,303.621084
0.165441,0.017328,-0.013229,370.862510
0.364610,0.044927,-0.056708,248.086383
0.084982,0.073645,-0.002982,418.140029
0.004871,0.019439,0.003169,463.945542
0.194246,0.081739,-0.017900,353.610098
0.071514,0.000109,-0.002903,425.870190
0.188355,0.024857,-0.016902,357.156463
0.339391,0.089225,-0.049728,264.093388
0.077499,0.076117,-0.002237,422.472083
0.427891,0.076200,-0.076186,207.284752
0.617817,0.059965,-0.152604,79.163490
0.645330,0.098888,-0.168122,59.260134
0.213811,0.095088,-0.021379,341.798935
0.216481,0.052854,-0.021874,340.185308
0.142217,0.025732,-0.009850,384.642897
0.371678,0.016579,-0.058743,243.577063
0.229737,0.018803,-0.024397,332.134855
0.192923,0.051814,-0.017674,354.409299
0.143533,0.044528,-0.010031,383.863218
0.007277,0.081397,0.003045,462.582376
0.080844,0.062268,-0.002566,420.538231
0.426328,0.007513,-0.075671,208.311020
0.235224,0.091764,-0.025473,328.782920
0.016680,0.006686,0.002513,457.274972
0.596903,0.062895,-0.142788,93.714429
0.270312,0.019844,-0.032834,307.256293
0.276969,0.023644,-0.034322,303.141093
0.246631,0.020126,-0.027778,321.818198
0.438444,0.081398,-0.079713,200.392585
0.225449,0.013752,-0.023569,334.744511
0.384853,0.050651,-0.062631,235.132412
0.213901,0.053610,-0.021396,341.748494
0.212023,0.094304,-0.021051,342.881105
0.147934,0.016352,-0.010650,381.261238
0.027763,0.052013,0.001821,450.983805
0.620632,0.072882,-0.153954,77.194082
0.041940,0.017055,0.000820,442.910537
0.199123,0.073582,-0.018744,350.674643
0.220761,0.040057,-0.022676,337.590130
0.039397,0.072806,0.001011,444.356763
0.452676,0.098343,-0.084714,191.032095
0.422983,0.084221,-0.074573,210.480794
0.286728,0.015012,-0.036557,297.093243
0.158069,0.067049,-0.012118,375.243892
0.022559,0.078183,0.002157,453.936232
0.261321,0.082567,-0.030869,312.792005
0.441103,0.070204,-0.080615,198.653467
0.607237,0.035275,-0.147592,86.542160
0.387150,0.076245,-0.063321,233.654261
0.044303,0.057203,0.000643,441.556879
0.510316,0.060747,-0.105923,152.766560
0.013388,0.086734,0.002708,459.129472
0.397750,0.029819,-0.066554,226.834438
0.104426,0.050444,-0.005083,406.834484
0.125285,0.060886,-0.007601,394.618948
0.692092,0.069566,-0.190501,26.524459
0.381659,0.048034,-0.061677,237.182527
0.595330,0.084055,-0.142065,94.801780
0.153012,0.076083,-0.011376,378.245542
0.292761,0.087304,-0.037970,293.336546
0.041924,0.095293,0.000824,442.911933
0.486401,0.012221,-0.096772,168.755583
0.338061,0.060114,-0.049372,264.937173
0.319599,0.047075,-0.044558,276.566808
0.314478,0.014420,-0.043263,279.783127
0.197246,0.076578,-0.018417,351.805037
0.475163,0.098348,-0.092982,176.133141
0.168631,0.082902,-0.013718,368.954309
0.147862,0.037615,-0.010639,381.302163
0.329862,0.060976,-0.047205,270.109928
0.656097,0.087523,-0.171532,52.222262
0.000427,0.030580,0.000740,466.374555
0.005276,0.018392,0.003148,463.716911
0.149369,0.058670,-0.010853,380.407260
0.160088,0.045207,-0.012419,374.045774
0.126265,0.052036,-0.007727,394.043888
0.499554,0.052163,-0.101751,159.977425
0.418909,0.072523,-0.073248,213.130885
0.426367,0.023728,-0.075683,208.283704
0.295180,0.046163,-0.038544,291.835252
0.529499,0.020339,-0.113579,139.849721
0.162580,0.047228,-0.012793,372.562803
0.231210,0.005924,-0.024684,331.239380
0.098918,0.070249,-0.004463,410.043494
0.364072,0.034840,-0.056555,248.430691
0.167752,0.081896,-0.013583,369.478508
0.049720,0.058846,0.000220,438.457549
0.275783,0.000095,-0.033037,304.012114
0.519000,0.094874,-0.109354,146.924112
0.014504,0.065776,0.002643,458.500338
0.137781,0.085594,-0.009241,387.256694
0.194490,0.019093,-0.017943,353.469912
0.190113,0.018043,-0.017198,356.101654
0.251674,0.059886,-0.028822,318.722741
0.319947,0.056516,-0.044646,276.347169
0.365252,0.008135,-0.056892,247.681058
0.125361,0.025665,-0.007612,394.577520
0.038733,0.001104,-0.001034,444.656297
0.208294,0.050513,-0.020374,345.141571
0.027966,0.045595,0.001807,450.868970
0.471156,0.083459,-0.091164,178.866009
0.187742,0.032897,-0.016799,357.524149
0.140103,0.069787,-0.009558,385.887382
0.145672,0.039098,-0.010330,382.598456
0.228267,0.053587,-0.024111,333.025994
0.115726,0.076263,-0.006412,400.225837
0.284669,0.082338,-0.036079,298.364305
0.632343,0.060801,-0.159638,68.987894
0.426312,0.001515,-0.075508,208.352508
0.059753,0.072968,-0.000612,432.700455
0.407715,0.093966,-0.069667,220.388714
0.352299,0.090299,-0.053246,255.915167
0.173905,0.047055,-0.014546,365.809658
0.063324,0.072441,-0.000923,430.647385
0.567970,0.075765,-0.129804,113.655629
0.344924,0.093316,-0.051222,260.591661
0.180988,0.008722,-0.015685,361.576349
0.179671,0.093719,-0.015469,362.355923
0.128962,0.093671,-0.008073,392.453044
0.076076,0.068488,-0.002100,423.295166
0.223299,0.080550,-0.023156,336.044520
0.227607,0.011625,-0.023984,333.432047
0.125559,0.078505,-0.007636,394.455993
0.004558,0.059187,0.003187,464.117889
0.085829,0.031659,-0.003070,417.653146
0.133645,0.056916,-0.008688,389.699011
0.283690,0.076206,-0.035854,298.972345
0.095875,0.044666,-0.004130,411.817225
0.050177,0.035197,0.000182,438.197873
0.389596,0.087907,-0.064060,232.080388
0.047445,0.025755,0.000398,439.763013
0.411821,0.005424,-0.070970,217.738695
0.100014,0.076973,-0.004585,409.404590
0.598498,0.036994,-0.143523,92.611550
0.615103,0.043740,-0.151309,81.060023
0.397865,0.039509,-0.066590,226.759470
0.240171,0.036846,-0.026462,325.768570
0.374851,0.032995,-0.059668,241.546169
0.484230,0.091716,-0.095963,170.191132
0.576271,0.088796,-0.133460,107.954158
0.159803,0.080463,-0.012375,374.211325
0.115441,0.069526,-0.006378,400.392988
0.082375,0.062630,-0.002719,419.651948
0.110663,0.083432,-0.005806,403.188295
0.054876,0.066708,-0.000200,435.501236
0.304032,0.012771,-0.040678,286.318601
-0.000269,0.040701,-0.000466,466.732060
0.239692,0.017999,-0.026366,326.062634
0.424130,0.091512,-0.074949,209.733268
0.157200,0.081594,-0.011989,375.758629
0.000332,0.067175,0.000575,466.419942
0.087234,0.060129,-0.003214,416.835967
0.571955,0.016244,-0.131551,110.928563
0.279533,0.016993,-0.034903,301.554597
0.458910,0.073584,-0.086785,186.954913
0.268733,0.096082,-0.032484,308.223063
0.390534,0.093022,-0.064344,231.475910
0.076068,0.087884,-0.002098,423.298060
0.497734,0.048510,-0.101054,161.194544
0.013532,0.043782,0.002698,459.052733
0.553003,0.034515,-0.123352,123.892723
0.438407,0.053963,-0.079701,200.419653
0.012651,0.099898,-0.000194,459.450730
0.073776,0.000767,-0.003065,424.566309
0.359085,0.064362,-0.055141,251.603868
0.238854,0.095199,-0.026197,326.566701
0.141954,0.037577,-0.009813,384.796982
0.117175,0.083209,-0.006589,399.375904
0.353975,0.001304,-0.052956,254.984355
0.211961,0.045135,-0.021040,342.923921
0.011426,0.055590,0.002817,460.241974
0.029082,0.062216,0.001733,450.233354
0.546449,0.060942,-0.120584,128.352283
0.396652,0.012726,-0.066216,227.544438
0.178853,0.071116,-0.015337,362.848279
0.074016,0.004184,-0.001905,424.491130
0.331126,0.086191,-0.047536,269.310753
0.076813,0.006220,-0.002173,422.875537
0.090930,0.007827,-0.003602,414.695561
0.344411,0.047105,-0.051083,260.921566
0.184623,0.061587,-0.016280,359.392524
0.196261,0.036887,-0.018248,352.402342
0.468941,0.011968,-0.090364,180.338957
0.126296,0.099864,-0.007916,394.006624
0.078986,0.030569,-0.002384,421.616580
0.456298,0.009840,-0.085865,188.682403
0.539808,0.006379,-0.117811,132.870180
0.385558,0.051796,-0.062842,234.679376
0.091940,0.070866,-0.003706,414.102736
0.073765,0.089300,-0.001878,424.627904
0.193868,0.042207,-0.017836,353.841457
0.018220,0.063579,0.002423,456.397507
0.410934,0.053271,-0.070687,218.308528
0.000853,0.076788,0.001477,466.150999
0.286288,0.020032,-0.036455,297.366091
0.385108,0.044781,-0.062707,234.969336
0.402885,0.081522,-0.068149,223.513414
0.165942,0.071642,-0.013304,370.558145
0.069770,0.081790,-0.001505,426.934014
0.343057,0.029465,-0.050716,261.780489
0.084510,0.045549,-0.002935,418.416304
0.393559,0.022694,-0.065266,229.536844
0.633076,0.071305,-0.159998,68.471768
0.000746,0.027987,0.001292,466.210711
0.116259,0.073064,-0.006477,399.913790
0.516608,0.041332,-0.108403,148.540125
0.295631,0.013184,-0.038652,291.557481
0.451699,0.074344,-0.084258,191.700687
0.429789,0.077964,-0.076815,206.047126
0.314240,0.090743,-0.043203,279.923614
0.242677,0.033695,-0.026969,324.236492
0.187514,0.071240,-0.016760,357.656883
0.000053,0.076293,0.000092,466.562715
0.338690,0.064079,-0.049541,264.539215
0.099438,0.076180,-0.004521,409.739754
0.223275,0.011852,-0.023153,336.066280
0.147680,0.032707,-0.010613,381.410427
0.232555,0.010285,-0.024948,330.418810
0.027343,0.047045,0.001848,451.223248
0.291475,0.039024,-0.037667,294.141434
0.320791,0.085403,-0.044861,275.814220
0.116513,0.006304,-0.006510,399.771340
0.344677,0.091003,-0.051155,260.748701
0.267276,0.073807,-0.032164,309.123960
0.111796,0.099465,-0.006368,402.494715
0.612920,0.043813,-0.150272,82.582512
0.416314,0.098877,-0.072156,214.861688
0.066580,0.011700,-0.001216,428.779153
0.289850,0.037677,-0.037286,295.151600
0.151985,0.055834,-0.011228,378.856400
0.214447,0.064386,-0.021497,341.416919
0.235037,0.033685,-0.025437,328.903051
0.218474,0.040322,-0.022246,338.977799
0.031223,0.081341,0.001590,449.013746
0.255356,0.021673,-0.029597,316.466552
0.588537,0.098994,-0.140563,99.082654
0.100460,0.049101,-0.004636,409.147043
0.325533,0.063224,-0.046080,272.835563
0.116310,0.025769,-0.006485,399.888813
0.030777,0.047798,0.001619,449.270518
0.248032,0.038384,-0.028066,320.957814
0.093221,0.099876,-0.004614,413.307570
0.009148,0.052799,0.002943,461.529173
0.191868,0.003891,-0.017496,355.048236
0.194897,0.077870,-0.018012,353.218642
0.057008,0.058805,-0.000378,434.278649
0.310120,0.037786,-0.042176,282.509610
0.286417,0.049442,-0.036485,297.283064
0.087459,0.052188,-0.003237,416.706155
0.096222,0.028455,-0.004169,411.616864
-0.000365,0.032316,-0.000632,466.782171
0.319343,0.092271,-0.044492,276.722748
0.404011,0.087884,-0.068501,222.785117
0.397241,0.059614,-0.066397,227.159142
0.047255,0.007404,0.000413,439.873088
0.306524,0.063377,-0.041288,284.755877
0.095314,0.099666,-0.004799,412.092738
0.199038,0.013242,-0.018731,350.732138
0.039567,0.038254,0.000997,444.263164
0.228401,0.004066,-0.024138,332.950067
0.343393,0.024223,-0.050807,261.568409
0.127493,0.094872,-0.007883,393.317163
0.256505,0.082730,-0.029839,315.754342
0.155105,0.065024,-0.011681,377.004664
0.120139,0.077727,-0.006954,397.638453
0.361219,0.075874,-0.055744,250.244038
0.227357,0.067644,-0.023934,333.578517
0.236354,0.082515,-0.025697,328.094708
0.380672,0.018686,-0.061384,237.818957
0.358976,0.089444,-0.055110,251.670564
0.009817,0.010497,0.002904,461.155246
0.603367,0.000040,-0.147518,88.774021
0.097324,0.006381,-0.004290,410.978003
0.221164,0.006717,-0.022753,337.348914
0.078882,0.036962,-0.002374,421.676180
0.220912,0.099574,-0.021851,337.586884
0.555611,0.012378,-0.124462,122.116421
0.090700,0.095813,-0.003574,414.820206
0.573782,0.029566,-0.132357,109.672174
0.289580,0.087632,-0.037222,295.314004
0.053029,0.029871,-0.000049,436.564359
0.343247,0.083720,-0.050767,261.654752
0.343127,0.049814,-0.050735,261.734142
0.069930,0.048630,-0.001521,426.844796
0.170916,0.007689,-0.014076,367.598113
0.000698,0.013028,0.001209,466.236880
0.202493,0.056810,-0.019337,348.643935
0.119398,0.015953,-0.006864,398.079262
0.182219,0.086246,-0.015884,360.830767
0.324226,0.001330,-0.044829,273.802897
0.051648,0.093605,0.000066,437.349591
0.187529,0.029611,-0.016764,357.651939
0.232205,0.006568,-0.024879,330.633017
0.629259,0.066736,-0.158130,71.152489
-0.000000,-0.000000,-0.000000,466.597449
0.222041,0.017713,-0.022919,336.815470
0.618374,0.067380,-0.152871,78.773139
0.030359,0.088003,0.001649,449.504517
0.040685,0.037923,0.000914,443.625091
0.235302,0.043766,-0.025489,328.740620
0.591795,0.087211,-0.140447,97.247880
0.152587,0.037973,-0.011316,378.501257
0.226743,0.006684,-0.023817,333.958211
0.482328,0.098941,-0.095698,171.358869
0.030281,0.071816,0.001653,449.550571
0.263471,0.058760,-0.031334,311.471157
0.585817,0.099031,-0.139306,100.969209
0.100523,0.062043,-0.004642,409.109055
0.019545,0.038440,0.002342,455.649042
0.000407,0.022445,0.000706,466.385488
0.152012,0.084254,-0.011231,378.837516
0.144926,0.032253,-0.010226,383.040485
0.003991,0.039355,0.003215,464.439395
0.318103,0.085615,-0.044177,277.502023
0.000596,0.031009,0.001032,466.287805
0.147756,0.076899,-0.010623,381.360802
0.582241,0.088980,-0.136124,103.844042
0.293822,0.011189,-0.038222,292.684203
0.013407,0.060293,0.002705,459.121564
0.175529,0.031795,-0.014804,364.840443
0.000404,0.003196,0.000699,466.389206
0.295449,0.064634,-0.038608,291.665826
0.323102,0.072096,-0.045453,274.363320
0.390262,0.054536,-0.064262,231.655266
0.101402,0.048224,-0.004741,408.598287
0.459639,0.080520,-0.087043,186.473545
0.176978,0.065287,-0.015035,363.970586
0.017082,0.083173,0.002492,457.039986
0.147598,0.074741,-0.010600,381.454562
0.038239,0.087169,0.001096,445.015948
0.205702,0.069522,-0.019907,346.705819
0.150030,0.007258,-0.010948,380.020624
0.335256,0.029613,-0.048626,266.711741
0.465409,0.083712,-0.089095,182.665651
0.045963,0.011556,0.000513,440.612237
0.597566,0.037650,-0.143093,93.257979
0.127323,0.083074,-0.007861,393.418260
0.106500,0.017343,-0.005322,405.627216
0.519991,0.079991,-0.109749,146.258736
0.667827,0.051070,-0.177585,43.891660
0.213641,0.025694,-0.021349,341.908641
0.003182,0.039916,0.003256,464.895321
0.249501,0.080018,-0.028370,320.052942
0.283545,0.043089,-0.035821,299.065613
0.335600,0.073825,-0.048717,266.489754
0.034468,0.038960,0.001363,447.170087
0.646154,0.035863,-0.166492,59.264244
0.288533,0.051656,-0.036977,295.968535
0.223499,0.079148,-0.023194,335.923282
0.103189,0.042033,-0.004943,407.557276
0.187268,0.030393,-0.016720,357.808864
0.204598,0.000961,-0.018970,347.456581
0.102996,0.043372,-0.004921,407.669351
0.633107,0.028717,-0.160012,68.454953
0.109665,0.063399,-0.005689,403.773432
0.502802,0.020903,-0.103000,157.807511
0.139811,0.020984,-0.009519,386.064714
0.410035,0.053516,-0.070401,218.890902
0.259081,0.081822,-0.030388,314.170373
0.062006,0.070596,-0.000807,431.405601
0.340157,0.050303,-0.049934,263.613351
0.050780,0.060412,0.000135,437.850343
0.000821,0.030131,0.001423,466.171756
0.505699,0.079486,-0.104123,155.860527
0.008430,0.073382,0.002983,461.932525
0.003180,0.072700,0.003258,464.893300
0.498851,0.073952,-0.101482,160.444769
0.168041,0.039920,-0.013628,369.309958
0.279027,0.087726,-0.034787,301.860907
0.082781,0.042989,-0.002761,419.418393
0.278259,0.040900,-0.034614,302.340895
0.624986,0.008161,-0.156052,74.154680
0.305523,0.036095,-0.041042,285.384984
0.551942,0.044085,-0.122901,124.614762
0.223468,0.005079,-0.023190,335.949481
0.033294,0.044955,0.001445,447.838424
0.663718,0.080479,-0.175452,46.812407
0.393560,0.054333,-0.065267,229.532413
0.296761,0.059211,-0.038922,290.848903
0.269033,0.045704,-0.032551,308.042993
0.681237,0.048265,-0.184657,34.316105
0.311047,0.080926,-0.042405,281.924821
0.475758,0.089229,-0.092839,175.816232
0.124954,0.079666,-0.007558,394.811652
0.418468,0.090359,-0.073105,213.415434
0.105542,0.034569,-0.005211,406.185067
0.134005,0.007180,-0.008738,389.491771
0.155811,0.025149,-0.011786,376.589127
0.375789,0.029672,-0.059943,240.946102
0.157278,0.022461,-0.012002,375.718139
0.347798,0.060504,-0.052006,258.774172
0.178972,0.070426,-0.015356,362.776972
0.135061,0.087223,-0.008876,388.861469
0.243207,0.013381,-0.027077,323.914575
0.167215,0.053184,-0.013501,369.801467
0.172405,0.028217,-0.014310,366.707173
0.481656,0.033471,-0.095008,171.908413
-0.000491,0.097170,-0.000851,466.841155
0.075321,0.023534,-0.002029,423.735808
0.162768,0.020946,-0.012823,372.453773
0.135290,0.067523,-0.008907,388.728372
0.032145,0.014238,0.001524,448.495323
0.374666,0.039508,-0.059614,241.663759
0.448173,0.049219,-0.083036,194.020015
0.147754,0.012079,-0.010624,381.368343
0.105420,0.084033,-0.005196,406.251375
0.052642,0.034577,-0.000017,436.785553
0.039037,0.098640,-0.001047,444.473295
0.018950,0.084408,0.002380,455.981680
0.030114,0.087014,0.001665,449.643823
0.385133,0.076943,-0.062714,234.949531
0.366138,0.020757,-0.057145,247.114694
0.245015,0.029027,-0.027446,322.806403
0.525609,0.054481,-0.112004,142.473550
0.210453,0.081450,-0.020764,343.832603
0.245868,0.006144,-0.027621,322.286927
0.341726,0.038356,-0.050356,262.622252
0.497025,0.001232,-0.101391,161.538307
0.215841,0.067229,-0.021755,340.571926
-0.000254,0.050494,-0.000440,466.723495
0.525834,0.079031,-0.112095,142.318571
0.363995,0.038717,-0.056533,248.479103
0.462212,0.033774,-0.087955,184.781774
0.140804,0.045441,-0.009654,385.476015
0.449376,0.055302,-0.083452,193.229377
0.105865,0.069730,-0.005247,405.992904
0.116151,0.041491,-0.006465,399.979943
0.022357,0.077173,0.002170,454.050971
0.069195,0.027923,-0.001454,427.270849
0.350574,0.045113,-0.052769,257.015172
0.198928,0.036755,-0.018711,350.795861
0.004285,0.021751,0.003199,464.275259
0.208961,0.069695,-0.020494,344.736120
0.152595,-0.000005,-0.011121,378.516928
0.438458,0.063960,-0.079718,200.385427
0.413637,0.060790,-0.071550,216.554877
0.201649,0.037365,-0.019188,349.155188
0.000733,0.050859,0.001270,466.215235
0.099291,0.031229,-0.004506,409.830034
0.625141,0.031037,-0.156127,74.043461
0.178326,0.028071,-0.015253,363.167867
0.000346,0.028472,0.000599,466.416467
0.143362,0.011763,-0.010008,383.967621
0.550227,0.026747,-0.122175,125.785278
0.085474,0.093568,-0.003032,417.853242
0.109106,0.040661,-0.005625,404.102508
-0.000033,0.089753,-0.000057,466.605529
0.280108,0.009278,-0.035034,301.199236
0.357703,0.010340,-0.054753,252.489206
0.116292,0.033416,-0.006483,399.898415
0.456957,0.061267,-0.086097,188.242742
0.401478,0.085356,-0.067710,224.422392
0.482768,0.085336,-0.095420,171.163779
0.144640,0.009047,-0.010187,383.211706
0.317142,0.013962,-0.043935,278.112467
0.145365,0.081057,-0.010286,382.775528
0.341739,0.058047,-0.050360,262.611429
0.162734,0.085933,-0.012816,372.467535
0.057422,0.064938,-0.000413,434.040101
-0.000380,0.002347,-0.000658,466.792886
0.213723,0.086758,-0.021363,341.853047
-0.000134,0.091729,-0.000233,466.657758
0.036783,0.000204,-0.000953,445.767274
0.049334,0.086625,0.000252,438.675482
0.073667,0.091074,-0.001869,424.684327
0.118324,0.069025,-0.006730,398.703942
0.520346,0.036271,-0.109890,146.024426
0.069965,0.060650,-0.001523,426.823623
0.016770,0.095575,0.002511,457.215150
0.150610,0.079346,-0.011030,379.669400
0.325021,0.086813,-0.045947,273.155023
0.110310,0.014671,-0.005767,403.401417
0.022168,0.077285,0.002182,454.158011
0.096523,0.013060,-0.004202,411.443302
0.035408,0.092004,0.001299,446.629465
0.079551,0.005770,-0.002441,421.291973
0.422547,0.067236,-0.074431,210.766114
0.068874,0.055044,-0.001423,427.453038
0.187911,0.099855,-0.016231,357.474014
0.013606,0.090252,0.002695,459.006038
0.007366,0.011478,0.003037,462.538919
0.291113,0.079230,-0.037582,294.362019
0.483050,0.055544,-0.095524,170.979628
0.161687,0.066288,-0.012658,373.092433
0.210741,0.096119,-0.020817,343.656908
0.561119,0.052589,-0.126828,118.348763
0.280166,0.083294,-0.035046,301.155859
0.335885,0.037401,-0.048793,266.313560
0.600394,0.049617,-0.144401,91.295211
0.609146,0.013207,-0.148489,85.215973
0.508251,0.019166,-0.105115,154.156686
0.107667,0.056624,-0.005456,404.941584
0.694762,0.036675,-0.191953,24.607167
0.332491,0.025058,-0.047896,268.456630
0.490447,0.070037,-0.098290,166.054800
0.266621,0.085808,-0.032020,309.526513
0.026113,0.009086,0.001927,451.925342
0.575495,0.054642,-0.133115,108.491892
0.345145,0.095590,-0.051282,260.451348
0.244370,0.000390,-0.026350,323.319731
0.154750,0.094361,-0.011628,377.212467
0.001681,0.066654,0.003333,465.738229
0.597423,0.042005,-0.143027,93.356339
0.426124,0.015106,-0.075603,208.443190
0.178475,0.099665,-0.014774,363.118375
0.521855,0.088135,-0.110495,145.001674
0.201831,0.033027,-0.019220,349.046278
0.058250,0.058834,-0.000483,433.565245
0.069997,0.024633,-0.001528,426.808594
0.165898,0.022816,-0.013299,370.589417
0.011992,0.010623,0.002783,459.926084
0.129008,0.034159,-0.008081,392.432361
0.422294,0.074629,-0.074348,210.929766
0.566348,0.041345,-0.129095,114.771349
0.527752,0.064884,-0.112870,141.024969
0.570200,0.084794,-0.130781,112.124730
0.010629,0.044106,0.002861,460.693156
0.121786,0.081007,-0.007159,396.671605
0.345546,0.066579,-0.051391,260.200505
0.189974,0.091830,-0.017173,356.177559
0.043889,0.010130,0.000672,441.798031
0.405335,0.038073,-0.068917,221.934673
0.163000,0.020102,-0.012858,372.315323
0.005532,0.077532,0.003137,463.567077
0.219931,0.010708,-0.022520,338.097316
0.343982,0.054954,-0.050967,261.192152
0.358019,0.035473,-0.054842,252.285512
0.010459,0.052384,0.002871,460.788568
0.332022,0.086997,-0.047772,268.745931
0.558115,0.099309,-0.126827,120.076619
0.362814,0.071294,-0.056196,249.228314
0.201164,0.040605,-0.019103,349.447317
0.009539,0.068746,0.002922,461.306608
0.339044,0.068592,-0.049635,264.314773
0.630892,0.025862,-0.158926,70.011209
0.066611,0.000246,-0.002568,428.692463
0.421134,0.051267,-0.073970,211.687309
0.092889,0.071457,-0.003808,413.550971
0.076147,0.007200,-0.002109,423.260313
0.652603,0.048453,-0.169751,54.702259
0.070761,0.039264,-0.001598,426.366559
0.019769,0.000145,-0.000366,455.432552
0.368209,0.092312,-0.057740,245.785194
0.623873,0.027920,-0.155514,74.931879
0.166524,0.007419,-0.013396,370.217682
0.383851,0.073470,-0.062331,235.773048
0.035276,0.038512,0.001306,446.709848
0.121712,0.020993,-0.007152,396.721261
0.101648,0.042977,-0.004769,408.455359
0.250871,0.074494,-0.028655,319.213954
0.469073,0.074366,-0.090411,180.245057
0.105477,0.037902,-0.005204,406.222718
0.040647,0.089775,0.000919,443.641627
0.301758,0.060574,-0.040125,287.733039
0.251037,0.046323,-0.028690,319.114951
0.603884,0.019969,-0.146023,88.875238
-0.000405,0.073669,-0.000701,466.798710
0.106274,0.044363,-0.005295,405.756377
0.156029,0.077318,-0.011816,376.454804
0.406615,0.062454,-0.069320,221.103535
0.352517,0.025403,-0.053306,255.783992
0.319760,0.009398,-0.044599,276.469542
0.120609,0.007450,-0.007014,397.370000
0.555403,0.065538,-0.124375,122.252309
0.533223,0.028821,-0.115098,137.330135
0.469890,0.093468,-0.090706,179.702502
0.211203,0.022484,-0.020902,343.385297
0.007918,0.045128,0.003009,462.223966
0.042848,0.004343,0.000751,442.393227
0.101061,0.075328,-0.004702,408.794399
0.111301,0.034481,-0.005883,402.819601
0.007785,0.012905,0.003015,462.302019
0.033046,0.073648,0.001464,447.976699
0.113883,0.050655,-0.006191,401.307486
0.027831,0.078945,0.001817,450.942560
0.413057,0.064425,-0.071364,216.930647
0.353702,0.085621,-0.053635,255.024504
0.024345,0.026297,0.002042,452.927888
0.023419,0.094402,0.002104,453.446467
0.106132,0.017839,-0.005280,405.842153
0.260698,0.000726,-0.029731,313.311147
0.154864,0.025118,-0.011647,377.151634
0.017502,0.074248,0.002467,456.803167
0.316275,0.009274,-0.043716,278.656791
0.691081,0.093932,-0.189953,27.248377
0.620461,0.017958,-0.153870,77.320531
0.222220,0.050822,-0.022952,336.702982
0.106051,0.039112,-0.005270,405.887255
0.291600,0.080347,-0.037696,294.059164
0.010515,0.031635,0.002867,460.758605
0.435622,0.037474,-0.078762,202.243055
0.021587,0.047344,0.002217,454.490293
0.018433,0.075861,0.002411,456.275656
0.032095,0.064348,0.001529,448.518858
0.018767,0.040655,0.002389,456.089869
0.000213,0.066849,0.000368,466.481387
0.140939,0.022753,-0.009674,385.398321
0.648644,0.080842,-0.167747,57.499097
0.232158,0.099053,-0.023955,330.756907
0.240947,0.095659,-0.026618,325.288024
0.119126,0.096139,-0.006828,398.230723
0.014066,0.063773,0.002668,458.748544
0.295144,0.009168,-0.038536,291.861654
0.083933,0.061652,-0.002876,418.749559
0.518244,0.053705,-0.109052,147.438166
0.009697,0.061259,0.002913,461.218169
-0.000418,0.062275,-0.000724,466.806721
0.406660,0.096629,-0.069334,221.071236
0.383382,0.022921,-0.062190,236.080072
0.527301,0.012008,-0.112687,141.335844
0.164363,0.070167,-0.013063,371.498852
0.019950,0.096299,0.002320,455.414084
0.084617,0.082172,-0.002945,418.351196
0.116510,0.043062,-0.006509,399.769643
0.075750,0.056328,-0.002069,423.484542
0.587424,0.058253,-0.138459,100.271961
0.541239,0.018204,-0.118406,131.897544
0.383512,0.001088,-0.061686,236.094330
0.190906,0.055595,-0.017331,355.621383
0.003867,0.049613,0.003222,464.508147
0.159462,0.023022,-0.012326,374.420241
0.364644,0.064802,-0.056718,248.062610
0.278264,0.022804,-0.034615,302.339921
0.009925,0.000456,-0.000138,461.001202
0.303801,0.016697,-0.040622,286.462592
0.479177,0.051816,-0.094093,173.552906
0.075996,0.003382,-0.002095,423.347704
0.263992,0.080630,-0.031447,311.148023
0.104302,0.062395,-0.005069,406.905639
0.273986,0.050942,-0.033651,304.983097
0.628166,0.040831,-0.157596,71.922512
0.136430,0.045215,-0.009060,388.058008
0.492047,0.052637,-0.098893,164.989706
0.108080,0.004615,-0.005506,404.705454
0.386187,0.099390,-0.062510,234.362523
0.502275,0.081505,-0.102798,158.153733
0.022783,0.052880,0.002142,453.811567
0.289981,0.053795,-0.037316,295.068628
0.249035,0.099399,-0.027295,320.455918
0.064045,0.022308,-0.000989,430.237783
0.391544,0.038898,-0.064652,230.831898
0.084392,0.011222,-0.002924,418.488447
0.454770,0.033804,-0.085330,189.685363
0.120546,0.010629,-0.007006,397.406781
0.117268,0.064394,-0.006601,399.323191
0.106339,0.046689,-0.005303,405.718378
0.051294,0.065255,0.000094,437.555249
0.093248,0.084286,-0.003845,413.341440
0.156042,0.052613,-0.011819,376.449528
0.065021,0.070192,-0.001074,429.670888
0.062431,0.072273,-0.000844,431.161108
0.450332,0.093737,-0.083784,192.597077
0.269193,0.064628,-0.032586,307.942546
0.448355,0.033712,-0.083099,193.902352
0.036744,0.018275,0.001201,445.875451
0.291416,0.028941,-0.037654,294.178730
0.015348,0.028931,0.002592,458.026589
0.335305,0.096632,-0.048639,266.673686
0.023606,0.064327,0.002091,453.343300
0.104058,0.023025,-0.005042,407.052105
0.025289,0.036614,0.001982,452.390735
0.293773,0.044260,-0.038210,292.710861
0.212399,0.001518,-0.020322,342.749359
0.182451,0.056469,-0.015923,360.695130
0.002568,0.099620,0.003290,465.235402
0.043520,0.075530,0.000703,442.002375
0.245605,0.058109,-0.027566,322.442382
0.135052,0.000020,-0.008926,388.871469
0.020948,0.054446,0.002257,454.852280
0.001256,0.021115,0.003352,465.982123
