0.775966,0.026239,-0.489456,-453.012103
0.793280,0.094797,-0.508138,-472.707421
0.044346,0.096913,-0.002746,321.818467
0.103610,0.048576,-0.010566,271.505728
0.772390,0.005233,-0.479986,-445.214645
0.808830,0.025165,-0.531760,-494.560385
-0.006522,0.008668,-0.001844,363.877626
0.780510,0.016080,-0.496334,-459.512786
-0.000000,-0.000000,-0.000000,358.759288
0.117414,0.070355,-0.014244,259.341485
0.070090,0.028500,-0.002383,300.711339
0.318793,0.033129,-0.089993,72.181600
-0.001846,0.090556,0.006109,361.089339
0.008525,0.039055,0.009934,353.149858
0.058158,0.095285,-0.004295,310.169234
0.128570,0.095665,-0.016495,249.649915
0.103428,0.017696,-0.010520,271.668813
0.201954,0.096893,-0.037129,184.137216
0.167090,0.051700,-0.029021,214.897105
0.795684,0.074818,-0.520113,-481.589677
0.808789,0.037457,-0.531830,-494.591729
0.767325,0.000206,-0.473329,-438.586771
0.098149,0.081969,-0.009157,276.292583
0.796215,0.013302,-0.520963,-482.361865
0.061004,0.029651,-0.000346,308.547211
0.788599,0.098722,-0.501760,-466.549299
0.182150,0.066974,-0.033982,201.208572
0.179783,0.097887,-0.030044,204.222439
0.761160,0.018009,-0.467753,-432.137320
0.087029,0.098460,-0.008406,285.598161
0.402061,0.096896,-0.134167,-10.876964
0.794331,0.016184,-0.517935,-479.589019
0.047685,0.097578,-0.003091,319.009101
-0.002953,0.011623,0.003716,361.683760
0.184788,0.033832,-0.034877,198.803724
-0.005484,0.012179,-0.000578,363.190564
0.041371,0.019062,0.003794,325.365007
0.769297,0.033048,-0.479549,-443.553079
0.200178,0.017767,-0.040230,184.694481
0.774476,0.051941,-0.487224,-450.893046
0.366510,0.099454,-0.107142,28.019025
0.211358,0.095194,-0.040357,175.535831
0.055482,0.080906,0.000859,313.288492
0.175292,0.003479,-0.028700,208.269628
-0.002243,0.084007,0.004776,361.236776
0.027478,0.013349,0.006510,337.170800
0.015617,0.046046,0.008692,347.186338
0.241538,0.014358,-0.055833,146.234606
0.793289,0.004590,-0.516269,-478.057313
0.020897,0.086476,0.007741,342.729814
-0.010074,0.067102,-0.001763,366.806401
0.791571,0.039289,-0.513538,-475.545921
0.090170,0.023172,-0.007159,283.273570
0.072363,0.055157,-0.002903,298.742955
-0.004531,0.068366,0.007837,363.514458
0.789319,0.006407,-0.509979,-472.253088
0.745046,0.068804,-0.445279,-409.932001
0.072424,0.054436,-0.002917,298.690034
0.744716,0.019351,-0.444828,-409.474309
0.128520,0.038252,-0.017340,249.499421
-0.006664,0.063471,0.004144,364.774813
0.754234,0.050999,-0.457954,-422.532994
0.450258,0.098123,-0.166414,-61.966098
0.248364,0.035541,-0.058582,139.807483
-0.002638,0.014033,0.004136,361.481576
0.033808,0.045690,0.005296,331.798718
0.103389,0.023010,-0.010510,271.702465
0.103490,0.000659,-0.011303,271.452210
0.757265,0.069545,-0.462218,-426.729227
0.094705,0.002080,-0.009708,279.020630
0.181445,0.034730,-0.033747,201.854396
-0.004453,0.037940,0.007972,363.471368
0.047816,0.043148,0.002476,319.859653
0.068233,0.034695,-0.001960,302.314938
0.131624,0.017866,-0.018228,246.740798
0.143647,0.086446,-0.021744,236.002149
0.762699,0.095311,-0.467339,-432.579033
0.749389,0.050814,-0.451225,-415.867293
0.753860,0.040843,-0.457431,-422.015599
0.760018,0.002598,-0.463833,-429.047738
0.778321,0.097159,-0.487912,-453.035201
0.809426,0.099992,-0.530501,-493.975659
0.743816,0.026029,-0.443608,-408.250653
0.032754,0.011487,0.005499,332.697193
0.009739,0.098852,0.009729,352.124848
-0.002488,0.003724,0.005783,361.579394
-0.006442,0.089965,-0.001862,363.800745
0.046630,0.053983,0.002722,320.872347
0.808770,0.034214,-0.531864,-494.605756
0.754855,0.013921,-0.458822,-423.385222
0.808490,0.024645,-0.532350,-494.813996
0.770396,0.052054,-0.481167,-445.107520
0.755598,0.098114,-0.458192,-423.329254
0.075104,0.017749,-0.003541,296.373224
0.026484,0.062812,0.006701,338.008564
-0.000000,-0.000000,-0.000000,358.759288
0.366226,0.003339,-0.107714,28.011011
0.127733,0.054354,-0.017116,250.197517
0.808969,0.091350,-0.531393,-494.380492
0.747103,0.040701,-0.448085,-412.736096
0.150033,0.000071,-0.021693,230.779832
0.189062,0.082831,-0.036336,194.891258
0.053008,0.024699,0.001383,315.415422
0.194992,0.040273,-0.038398,189.459665
0.782153,0.016186,-0.498847,-461.874974
0.017751,0.064741,0.008311,345.386119
0.041081,0.036531,0.003854,325.610627
0.177728,0.056366,-0.032502,205.239180
0.126306,0.058712,-0.016713,251.464580
0.790577,0.020428,-0.511963,-474.090223
0.177348,0.025616,-0.032378,205.587278
0.747599,0.087852,-0.448766,-413.420650
0.065755,0.060950,-0.001399,304.451206
0.793378,0.005043,-0.508240,-472.805793
0.069803,0.034586,-0.002317,300.958964
0.778045,0.004343,-0.487499,-452.633550
-0.007760,0.092638,-0.003616,364.655481
0.190320,0.025640,-0.036774,193.744725
0.032033,0.015389,0.005639,333.308876
-0.009165,0.059453,-0.000189,366.263499
0.788540,0.075262,-0.508759,-471.128560
0.773406,0.052854,-0.485628,-449.373160
0.150312,0.024852,-0.023761,230.031141
0.135110,0.040656,-0.019233,243.632977
-0.009131,0.036938,-0.000131,366.245629
-0.002647,0.095129,0.005274,361.632722
0.808129,0.062515,-0.532973,-495.085566
0.754713,0.078594,-0.458627,-423.199404
0.306961,0.058632,-0.084318,83.715644
-0.000000,-0.000000,-0.000000,358.759288
0.143613,0.098626,-0.020065,236.439963
0.809247,0.092346,-0.530903,-494.168675
0.428401,0.096040,-0.151366,-38.591014
0.010194,0.049357,0.009646,351.746933
0.809424,-0.000047,-0.530504,-493.966364
0.147836,0.078835,-0.023004,232.248028
0.043277,0.023069,0.003408,323.738583
0.808121,0.065198,-0.532986,-495.091289
-0.001300,0.014880,0.006677,360.726674
0.410040,0.001409,-0.139279,-19.212841
0.787856,0.086730,-0.507688,-470.135738
-0.009198,0.036475,-0.000247,366.285726
0.197901,0.099026,-0.035777,187.828869
-0.008225,0.052693,0.001439,365.703742
0.745887,0.038495,-0.446423,-411.074397
0.169515,0.099135,-0.027011,213.436728
0.007913,0.069023,0.010041,353.660757
0.350698,0.084341,-0.106128,40.699806
0.802541,0.003213,-0.520915,-484.905395
0.789817,0.095274,-0.510768,-472.992140
0.808504,0.025430,-0.532326,-494.803481
0.155623,0.084533,-0.025392,225.249028
0.748421,0.023009,-0.449892,-414.536598
0.342786,0.036849,-0.102013,48.561548
0.307529,0.072987,-0.084586,83.161652
0.083108,0.031537,-0.005436,289.424403
0.785318,0.048040,-0.503732,-466.449204
0.759913,0.043829,-0.465973,-430.403445
0.783214,0.042954,-0.500479,-463.408318
0.075060,0.011451,-0.003531,296.412005
0.315763,0.021987,-0.088525,75.144631
0.367247,0.042219,-0.114995,24.160099
0.796332,0.058561,-0.521156,-482.542057
0.046780,0.044350,0.002690,320.744727
0.770797,0.040813,-0.481760,-445.674152
0.156359,0.011271,-0.025626,224.593312
-0.006488,0.062455,0.004447,364.671124
0.778738,0.058574,-0.493641,-456.977776
0.108055,0.084107,-0.011728,267.594615
0.780020,0.045113,-0.495588,-458.813141
0.773980,0.065145,-0.486484,-450.189549
-0.010773,0.032598,-0.002974,367.228879
0.105681,0.030207,-0.011107,269.687734
0.130876,0.054789,-0.018011,247.403257
0.122204,0.052466,-0.015565,255.103315
0.046643,0.002239,-0.002981,319.896098
0.126893,0.002538,-0.016118,251.125887
0.345360,0.038974,-0.103343,46.009964
0.094547,0.022901,-0.008250,279.450669
0.049622,0.083589,0.002102,318.310296
0.745101,0.001985,-0.444880,-409.690683
0.365002,0.099306,-0.109819,28.065061
-0.005439,0.008949,-0.000219,363.200956
0.014484,0.002447,-0.000626,346.754545
0.124912,0.047500,-0.016321,252.703178
0.746245,0.001200,-0.446313,-411.169352
0.238699,0.078708,-0.054700,148.893891
0.124697,0.098653,-0.015631,253.033332
0.185399,0.013532,-0.035087,198.247421
0.765433,0.099187,-0.470899,-436.151301
0.751714,0.014684,-0.454440,-419.055386
-0.011439,0.057800,-0.004128,367.626800
0.154547,0.088656,-0.025058,226.216905
0.786842,0.073899,-0.506103,-468.661442
0.010754,0.083872,0.009552,351.273909
-0.003581,0.052944,0.009482,362.957290
0.785004,0.074017,-0.503246,-465.998328
0.276297,0.023769,-0.070370,113.282994
0.007008,0.063042,0.010196,354.420863
-0.006584,0.038419,0.004281,364.730303
0.789361,0.097479,-0.502794,-467.550822
-0.009424,0.066467,-0.000637,366.417537
0.016223,0.045445,0.008584,346.675918
0.143870,0.071933,-0.021811,235.803866
-0.002949,0.009881,0.003892,361.704382
0.790381,0.088626,-0.511658,-473.814060
0.795792,0.070197,-0.520286,-481.748084
0.416557,0.002753,-0.143514,-26.059785
0.119037,0.005319,-0.014409,257.975662
0.779809,0.038910,-0.495266,-458.509264
0.791538,0.075707,-0.513488,-475.503115
0.065467,0.040912,-0.001336,304.700788
0.127701,0.099451,-0.016299,250.409226
0.809426,0.099992,-0.530501,-493.975659
0.785998,0.022241,-0.504785,-467.429554
0.111266,0.064086,-0.012583,264.768856
0.217841,0.058222,-0.046670,168.362702
0.150352,0.067311,-0.023770,229.990661
0.809424,-0.000047,-0.530504,-493.966364
-0.000775,0.009988,0.008159,360.496248
0.808545,0.034855,-0.532254,-494.773722
0.056487,0.050277,0.000640,312.427684
0.168970,0.080028,-0.029626,213.191286
0.365135,0.001127,-0.109563,28.081561
-0.005061,0.089603,0.000222,362.940874
0.797734,0.073207,-0.523424,-484.614256
0.743812,0.030384,-0.443602,-408.245303
0.020822,0.044020,0.007751,342.796746
0.082808,0.003641,-0.007731,289.219894
0.041787,0.016649,0.003710,325.009959
-0.000000,0.100000,-0.000000,358.749391
0.062679,0.095828,-0.004858,306.342177
0.034470,0.044036,0.005167,331.236265
0.296173,0.063702,-0.079287,94.170417
0.291546,0.042938,-0.077171,98.638123
0.101089,0.078787,-0.009911,273.716090
0.751342,0.014883,-0.453924,-418.543925
0.009930,0.049821,0.009692,351.969429
0.767608,0.024424,-0.477075,-441.171518
0.748364,0.097953,-0.449005,-413.940342
0.044864,0.001234,-0.002795,321.393109
0.109710,0.062086,-0.012168,266.139963
0.034656,0.069298,0.005133,331.076530
0.782359,0.059054,-0.499165,-462.177464
0.434881,0.098130,-0.155756,-45.486609
0.129575,0.063680,-0.017639,248.559855
-0.005222,0.092709,0.000323,363.086024
-0.006665,0.004581,-0.001530,364.037143
0.783731,0.046806,-0.501277,-464.155377
0.187591,0.098401,-0.032455,197.179761
0.746583,0.096276,-0.446763,-411.633886
0.765393,0.070847,-0.473853,-438.064921
-0.003993,0.037961,0.008770,363.200434
0.801139,0.055324,-0.528981,-489.661567
0.792625,0.044598,-0.515213,-477.089687
0.058794,0.075855,0.000142,310.443995
0.773224,0.046869,-0.485356,-449.113177
0.090013,0.057362,-0.007117,283.407875
0.750790,0.056424,-0.453161,-417.791095
0.755977,0.030822,-0.460400,-424.940294
0.151899,0.004801,-0.022180,229.127005
0.251311,0.045052,-0.059785,137.026142
0.755067,0.037399,-0.459122,-423.682586
0.754551,0.096071,-0.456852,-421.966677
-0.012019,0.056008,-0.005132,367.975797
-0.001464,0.008252,0.007022,360.907089
-0.008061,0.038396,0.001723,365.607358
0.762530,0.072853,-0.469721,-434.058072
-0.001326,0.087873,0.006849,360.763502
0.302643,0.038993,-0.082289,87.909786
0.077481,0.058175,-0.004095,294.309261
0.744004,0.070542,-0.443864,-408.512488
-0.009595,0.051744,-0.000933,366.521102
-0.005929,0.083428,-0.001520,363.424318
0.800634,0.036042,-0.528151,-488.907991
0.045224,0.022933,0.003010,322.076439
0.742897,0.001299,-0.442130,-406.845282
0.079254,0.043602,-0.004514,292.771937
0.795197,0.069443,-0.519329,-480.871059
0.783035,0.060623,-0.500204,-463.152094
0.744056,0.023975,-0.443932,-408.576027
0.089240,0.082253,-0.006925,284.079218
0.796696,0.032869,-0.521742,-483.075696
-0.005569,0.083915,-0.000937,363.205564
0.117809,0.019272,-0.014356,258.996835
0.750754,0.061128,-0.453111,-417.741342
0.131933,0.038198,-0.018315,246.463927
0.809426,0.099992,-0.530501,-493.975659
0.106048,0.072157,-0.011201,269.361259
0.777445,0.057483,-0.491684,-455.127244
0.312310,0.037382,-0.086863,78.511662
0.792415,0.059114,-0.514880,-476.784026
0.117272,0.045396,-0.014207,259.469088
0.098225,0.034608,-0.009180,276.230544
0.052098,0.000639,-0.003569,315.299999
0.772757,0.004708,-0.480472,-445.695783
0.780436,0.052340,-0.496222,-459.411202
0.049581,0.013055,0.002105,318.351862
0.780340,0.038842,-0.496075,-459.271551
-0.009626,0.051617,-0.000988,366.539885
-0.004620,0.035975,0.007683,363.570075
0.809426,0.099992,-0.530501,-493.975659
0.040324,0.031715,0.004006,326.255717
0.175132,0.012765,-0.031645,207.604258
0.780613,0.098910,-0.490980,-456.046668
0.769059,0.047562,-0.479201,-443.219822
0.793959,0.094847,-0.517345,-479.054365
0.162879,0.088631,-0.027671,218.703192
0.745282,0.046732,-0.445599,-410.250082
-0.006024,0.015415,-0.001611,363.497491
0.117356,0.003899,-0.014056,259.437852
0.776580,0.040849,-0.490380,-453.889994
0.154476,0.033348,-0.025040,226.286455
0.746177,0.044266,-0.446819,-411.471071
0.187197,0.063196,-0.035697,196.599142
0.120615,0.069665,-0.015124,256.509138
0.067737,0.000135,-0.005514,302.063643
0.777358,0.025044,-0.491551,-454.997991
0.785037,0.058003,-0.503296,-466.043769
0.043217,0.086927,0.003425,323.783807
-0.000000,-0.000000,-0.000000,358.759288
-0.005778,0.007575,-0.000575,363.433114
0.786381,0.056895,-0.505383,-467.989683
0.340856,0.020277,-0.101020,50.475470
0.192500,0.003904,-0.034020,192.744492
0.217503,0.043038,-0.046545,168.678206
0.760405,0.011814,-0.466674,-431.084409
0.785362,0.064340,-0.503801,-466.515549
0.054895,0.062309,0.000983,313.793609
0.108970,0.019241,-0.011975,266.795452
0.756282,0.073967,-0.460832,-425.368731
0.227737,0.029206,-0.050425,159.155202
0.081906,0.016624,-0.005148,290.471124
0.176388,0.095884,-0.029026,207.274922
0.015894,0.012480,0.008640,346.955778
-0.009663,0.069025,-0.001052,366.560523
0.043228,0.096381,-0.002635,322.758340
0.264197,0.032318,-0.065158,124.818909
0.156379,0.098276,-0.023363,225.144490
0.759808,0.051002,-0.465825,-430.259274
0.089496,0.015166,-0.006993,283.861924
0.165702,0.077303,-0.028573,216.151612
0.435675,0.005467,-0.156300,-46.323467
-0.012111,0.046306,-0.005292,368.032284
-0.001375,0.048981,0.013304,361.666084
0.212789,0.087975,-0.044792,173.045336
0.775993,0.040179,-0.489496,-453.051571
0.007849,0.049294,0.010051,353.715878
0.799120,0.030420,-0.525675,-486.659539
0.746073,0.061995,-0.446677,-411.331282
0.774061,0.035900,-0.486603,-450.300780
0.778455,0.029930,-0.493211,-456.568612
0.044703,0.080850,0.003121,322.516121
0.759457,0.036493,-0.465324,-429.768595
0.211985,0.087719,-0.044496,173.789201
0.809424,-0.000047,-0.530504,-493.966364
-0.000000,-0.000000,-0.000000,358.759288
-0.003359,0.008358,0.003310,361.962328
0.790870,0.039243,-0.512427,-474.520528
0.749854,0.068105,-0.451868,-416.507686
-0.007205,0.067860,0.003206,365.095426
0.791914,0.074717,-0.514086,-476.053958
0.192280,0.060924,-0.037450,191.945609
0.768601,0.023208,-0.478528,-442.569948
0.177820,0.083214,-0.032531,205.152770
0.288280,0.050568,-0.075691,101.783941
0.248181,0.071467,-0.058506,139.976562
0.100248,0.071795,-0.009695,274.454104
0.165068,0.034787,-0.028373,216.729309
0.809424,-0.000047,-0.530504,-493.966364
0.013729,0.079603,0.009030,348.772533
0.366336,0.002414,-0.107473,28.027226
-0.001204,0.090872,0.007419,360.739542
0.071720,0.049894,-0.002755,299.299654
-0.006485,0.017215,-0.002415,363.770758
0.206344,0.029385,-0.042441,179.010052
0.031029,0.022877,0.005833,334.160220
0.791517,0.095125,-0.505729,-470.386350
-0.002154,0.093045,0.005857,361.307482
0.774965,0.081424,-0.487958,-451.594145
-0.001141,0.089920,0.007429,360.689712
0.784555,0.087260,-0.502552,-465.350955
0.763989,0.086155,-0.471822,-436.099571
0.258372,0.081279,-0.062704,130.342601
0.753733,0.087373,-0.457255,-421.846428
0.790533,0.008701,-0.511892,-474.023811
0.301430,0.024661,-0.081723,89.086493
-0.001827,0.010541,0.006017,361.069396
0.134554,0.025168,-0.019072,244.130085
0.101266,0.058150,-0.009958,273.562224
0.075904,0.073964,-0.003723,295.675190
0.750891,0.016405,-0.453299,-417.924369
-0.010891,0.034332,-0.003179,367.299642
0.776195,0.086874,-0.489803,-453.347253
0.773448,0.028689,-0.485690,-449.429615
0.129947,0.051320,-0.017746,248.229694
-0.004900,0.088161,0.000357,362.826959
-0.003938,0.086932,0.001848,362.234834
-0.000000,-0.000000,-0.000000,358.759288
0.132047,0.013027,-0.018350,246.364290
0.798594,0.060449,-0.524821,-485.885068
-0.006659,0.030629,0.004151,364.775449
0.785134,0.028069,-0.503444,-466.179343
-0.000692,0.013500,0.007978,360.403917
0.045449,0.043067,0.002965,321.882252
0.793497,0.067086,-0.516606,-478.372819
0.162901,0.057893,-0.027680,218.686069
0.801200,0.003013,-0.519072,-483.149313
-0.000000,0.100000,-0.000000,358.749391
-0.007338,0.049525,0.002975,365.176566
0.063956,0.000763,-0.005013,305.271576
0.274228,0.079990,-0.069464,115.255511
0.127251,0.086389,-0.016977,250.623140
0.082822,0.098127,-0.007730,289.198740
0.055551,0.067818,0.000843,313.230154
0.015542,0.013073,0.008703,347.251924
-0.006950,0.043142,0.003648,364.946398
0.785441,0.063335,-0.503923,-466.629182
-0.011758,0.046781,-0.004680,367.819465
0.208732,0.040835,-0.043308,176.803360
0.781993,0.002103,-0.492789,-457.821334
-0.000883,0.017746,0.007315,360.470892
-0.000000,-0.000000,-0.000000,358.759288
0.789866,0.004074,-0.503443,-468.179768
0.779141,0.097982,-0.489008,-454.112500
0.301417,0.038114,-0.081716,89.097967
0.769753,0.021673,-0.480219,-444.194698
0.750141,0.025932,-0.452262,-416.895501
0.027659,0.055374,0.006479,337.013750
0.128942,0.000764,-0.016580,249.334697
-0.002086,0.016374,0.005059,361.152237
0.809426,0.099992,-0.530501,-493.975659
0.171896,0.028169,-0.030581,210.542107
0.052923,0.095652,-0.003675,314.592603
0.135706,0.100019,-0.018146,243.396731
0.009782,0.070471,0.009720,352.091610
-0.005055,0.014762,-0.000066,362.905222
0.754513,0.021896,-0.458344,-422.914785
-0.005557,0.086736,-0.000764,363.218179
0.200453,0.086667,-0.040323,184.434769
0.146133,0.020797,-0.022494,233.780947
-0.003945,0.007108,0.002437,362.327465
0.076492,0.074546,-0.003861,295.165215
0.795229,0.013697,-0.519377,-480.910436
0.754679,0.046939,-0.458577,-423.146745
0.196607,0.035130,-0.038965,187.976436
0.785455,0.043514,-0.503944,-466.646972
0.108067,0.013985,-0.011736,267.590454
-0.000000,-0.000000,-0.000000,358.759288
0.162083,0.040666,-0.027422,219.426632
-0.005603,0.088907,-0.000676,363.267445
0.101971,0.056344,-0.010140,272.943888
0.291400,0.048685,-0.077105,98.778686
0.754943,0.020902,-0.458947,-423.508663
-0.004217,0.092749,0.001949,362.476706
0.031077,0.014186,0.005823,334.120407
0.777237,0.095595,-0.486463,-451.610508
0.488508,0.096810,-0.194417,-103.677508
0.039317,0.063899,0.004210,327.111151
0.785071,0.057411,-0.503349,-466.093438
0.783437,0.014318,-0.500821,-463.725135
0.758243,0.064710,-0.463602,-428.086160
0.293739,0.059956,-0.078170,96.521530
0.314751,0.014396,-0.088037,76.132967
-0.000000,0.100000,-0.000000,358.749391
0.266602,0.070322,-0.066179,122.527765
0.747681,0.038364,-0.448876,-413.525849
0.104068,0.027963,-0.010686,271.105788
0.104442,0.056444,-0.010782,270.774310
0.189312,0.042940,-0.036425,194.665746
0.797634,0.096648,-0.523264,-484.470536
0.263380,0.073798,-0.064809,125.591568
0.087729,0.001489,-0.008522,285.008679
-0.004630,0.036824,0.007666,363.575798
-0.004521,0.007906,0.001352,362.655274
0.748041,0.042229,-0.449370,-414.018713
0.366251,0.001057,-0.107560,28.056216
0.208080,0.085197,-0.043068,177.401418
0.766943,0.002273,-0.472828,-438.086586
0.794071,0.039589,-0.517521,-479.210451
0.795167,0.073348,-0.519280,-480.827221
-0.003031,0.009127,0.003825,361.762625
-0.002259,0.012322,0.004992,361.285630
0.788321,0.056287,-0.508414,-470.807281
0.187884,0.005153,-0.032551,196.923850
-0.001510,0.086675,0.006382,360.851243
0.762467,0.057122,-0.469629,-433.967284
0.760655,0.063372,-0.467034,-431.440645
0.302674,0.082439,-0.082301,87.874994
0.237406,0.084521,-0.054189,150.105714
0.753496,0.037587,-0.456923,-421.513237
0.190295,0.053329,-0.036763,193.764677
0.119093,0.029131,-0.014707,257.860328
0.194081,0.076303,-0.038077,190.291725
-0.001869,0.045207,0.012449,361.954750
0.041311,0.037935,0.003808,325.414566
0.186431,0.021697,-0.035438,197.303321
-0.003522,0.056892,0.009584,362.922268
-0.008531,0.043483,0.000910,365.886633
0.776578,0.081033,-0.490378,-453.892151
-0.006314,0.013100,-0.001917,363.695866
0.012456,0.036795,0.009251,349.846906
0.759591,0.057724,-0.465516,-429.957973
0.779670,0.017728,-0.495055,-458.307677
0.798668,0.067125,-0.524941,-485.995468
0.148384,0.070785,-0.023171,231.757852
0.035142,0.050202,0.005036,330.664809
0.076781,0.046965,-0.003931,294.917023
0.771609,0.076765,-0.482962,-446.828635
0.176713,0.081918,-0.032163,206.160093
0.749464,0.054564,-0.451329,-415.970487
-0.003344,0.065822,0.009893,362.816935
-0.002513,0.088281,0.004549,361.427116
0.365026,0.003780,-0.110192,27.902121
0.163098,0.043133,-0.027744,218.509586
-0.007852,0.062422,0.002085,365.480608
0.176773,0.029203,-0.032187,206.110962
0.437186,0.000113,-0.157342,-47.939218
0.353786,0.072855,-0.107757,37.625621
0.094255,0.003151,-0.009630,279.407265
0.239473,0.026925,-0.055010,148.172530
0.203212,0.023424,-0.041313,181.899896
-0.002543,0.084949,0.004256,361.412658
0.042215,0.000587,-0.002530,323.619824
0.796760,0.097082,-0.521849,-483.179035
0.781020,0.087603,-0.497117,-460.256409
0.747227,0.055671,-0.448255,-412.907091
0.312079,0.059108,-0.086752,78.734106
0.052518,0.076014,0.001491,315.830903
0.293727,0.016040,-0.078167,96.537109
0.770001,0.039376,-0.480585,-444.548211
0.786898,0.025431,-0.506188,-468.736065
0.091596,0.095210,-0.009172,281.681258
0.776592,0.055884,-0.490399,-453.909376
0.020594,0.057128,0.007794,342.988342
0.796957,0.096345,-0.522167,-483.469497
-0.007473,0.046503,0.002742,365.256723
-0.000000,-0.000000,-0.000000,358.759288
0.027907,0.066771,0.006433,336.803321
0.278400,0.021399,-0.071292,111.271298
0.777103,0.025498,-0.491166,-454.633919
-0.003478,0.091172,0.003029,362.014450
0.795049,0.092224,-0.519092,-480.656672
0.096250,0.045878,-0.008678,277.958326
0.495667,0.097016,-0.199896,-111.596929
0.153903,0.039091,-0.024862,226.801792
0.051984,0.047051,0.001602,316.291341
-0.003090,0.009500,0.003669,361.789806
0.786116,0.095322,-0.498390,-463.279276
0.781863,0.099393,-0.492659,-457.690337
0.801396,0.008412,-0.529400,-490.037210
0.191933,0.086710,-0.037328,192.261009
0.755318,0.066668,-0.459475,-424.033299
0.014396,0.062855,0.008911,348.212655
0.296378,0.042718,-0.079382,93.974632
0.798550,0.090648,-0.524751,-485.824305
0.786247,0.020527,-0.505173,-467.790249
0.789761,0.072776,-0.510680,-472.908188
0.774066,0.037210,-0.486611,-450.308446
0.142586,0.011402,-0.021433,236.958267
0.505955,0.002255,-0.207918,-123.036624
0.795244,0.043160,-0.519402,-480.935761
0.749121,0.080572,-0.450857,-415.503236
0.794885,0.069955,-0.518828,-480.412398
0.082979,0.075788,-0.005401,289.532866
0.781328,0.034141,-0.497584,-460.690806
0.107707,0.095800,-0.012110,267.796960
0.082428,0.040778,-0.005271,290.015530
-0.003326,0.011258,0.003055,361.901467
-0.000000,0.100000,-0.000000,358.749391
0.060077,0.095617,-0.004530,308.545132
0.004933,0.058113,0.010547,356.160559
0.753223,0.054001,-0.456542,-421.139085
0.809424,-0.000047,-0.530504,-493.966364
0.056855,0.028171,0.000559,312.114280
0.158020,0.095905,-0.023806,223.686156
0.158608,0.054152,-0.026325,222.562209
0.097745,0.032524,-0.009058,276.651004
0.761355,0.045538,-0.468033,-432.413314
0.756342,0.097928,-0.459143,-424.295874
0.766534,0.056238,-0.475510,-439.665082
0.796225,0.085283,-0.520985,-482.388490
0.102299,0.004942,-0.011081,272.479306
0.090355,0.099006,-0.008959,282.746429
0.088406,0.001056,-0.008633,284.428371
0.037260,0.026445,0.004617,328.865878
0.106762,0.087886,-0.011387,268.732243
0.754194,0.084203,-0.457901,-422.483348
0.173460,0.017315,-0.031094,209.123225
0.799301,0.090580,-0.525974,-486.937068
0.747525,0.023478,-0.448662,-413.310116
0.756680,0.011242,-0.461389,-425.909800
0.080922,0.048290,-0.004911,291.323015
0.005356,0.056403,0.010476,355.806718
0.800406,0.072113,-0.527779,-488.574440
0.776892,0.075400,-0.490851,-454.339833
0.078432,0.002215,-0.007053,292.958126
0.132641,0.050952,-0.018518,245.832496
-0.001412,0.007632,0.007211,360.889641
0.164445,0.081029,-0.028171,217.287897
0.749957,0.079702,-0.452010,-416.650596
-0.006109,0.093432,-0.000946,363.647438
0.778268,0.077045,-0.492930,-456.307886
0.798172,0.048162,-0.524133,-485.258021
0.008956,0.057464,0.009861,352.786288
0.376061,0.095335,-0.118166,16.004487
0.078227,0.003976,-0.007025,293.132349
0.164354,0.019431,-0.028146,217.376040
0.320825,0.084649,-0.090982,70.188115
-0.002419,0.054114,0.011496,362.275473
0.034063,0.095386,-0.001789,330.446637
0.773094,0.000602,-0.480920,-446.139105
0.809087,0.094420,-0.531180,-494.287649
-0.002075,0.050684,0.012091,362.074863
0.147350,0.094589,-0.021006,233.141894
-0.001279,0.086669,0.006837,360.723347
0.757079,0.045879,-0.461954,-426.468652
0.066721,0.028155,-0.001619,303.620731
-0.002947,0.013807,0.003570,361.658700
-0.005356,0.089180,-0.000273,363.117895
0.095711,0.077563,-0.008539,278.427222
-0.002027,0.004539,0.006508,361.298694
0.048936,0.002354,-0.003225,317.964929
0.204171,0.062027,-0.041655,181.012020
0.059313,0.037964,0.000025,310.000372
0.116806,0.058978,-0.014079,259.879513
0.038344,0.087926,0.004406,327.937209
0.128310,0.054816,-0.017280,249.684410
0.110443,0.060157,-0.012364,265.494218
0.072835,0.088296,-0.003009,298.331561
0.307585,0.067451,-0.084612,83.107868
0.770095,0.062625,-0.480726,-444.684917
0.752483,0.070591,-0.455512,-420.122298
-0.006674,0.096507,-0.001391,364.053765
0.300105,0.063025,-0.081105,90.366457
-0.011061,0.065236,-0.003474,367.398891
0.056976,0.020902,0.000532,312.010444
0.791880,0.011147,-0.514027,-475.994498
0.751762,0.065061,-0.454509,-419.128519
0.113277,0.021737,-0.013126,262.999095
0.142255,0.095378,-0.019730,237.636903
-0.000000,-0.000000,-0.000000,358.759288
0.076362,0.013255,-0.003835,295.283452
0.291665,0.053320,-0.077225,98.522687
0.769540,0.031491,-0.479907,-443.896327
0.791713,0.087207,-0.513766,-475.760877
0.066940,0.047894,-0.001667,303.429515
0.037219,0.002967,-0.002065,327.811616
-0.000000,-0.000000,-0.000000,358.759288
0.809226,0.094751,-0.530933,-494.180494
-0.000000,-0.000000,-0.000000,358.759288
0.103572,0.060857,-0.010555,271.537889
-0.005564,0.004733,0.000197,363.359523
0.338957,0.047271,-0.100047,52.351183
-0.000000,0.100000,-0.000000,358.749391
-0.003520,0.090970,0.002928,362.035470
0.162805,0.021613,-0.027652,218.776370
0.763776,0.087387,-0.471515,-435.801624
0.755844,0.070964,-0.460214,-424.760718
0.745921,0.099777,-0.445936,-410.780625
0.057756,0.033984,0.000364,311.339502
0.121493,0.024806,-0.015370,255.735966
0.775132,0.098376,-0.483665,-448.850656
0.809424,-0.000047,-0.530504,-493.966364
0.191072,0.045680,-0.037032,193.054230
0.786811,0.043380,-0.506053,-468.611713
0.230962,0.022398,-0.051670,156.144254
0.163475,0.036557,-0.027864,218.169306
0.048875,0.035712,0.002254,318.953644
0.282128,0.036009,-0.072939,107.696748
0.136671,0.004661,-0.018376,242.559509
0.226781,0.066364,-0.050055,160.043564
0.769941,0.060391,-0.480498,-444.466530
0.772552,0.043970,-0.484357,-448.159231
0.772670,0.004302,-0.480357,-445.582011
0.782043,0.049901,-0.498680,-461.721433
0.754663,0.052019,-0.458556,-423.126286
-0.005950,0.088876,-0.001211,363.482407
-0.001127,0.088733,0.007328,360.664580
0.786983,0.041056,-0.506321,-468.860960
0.749975,0.053982,-0.452034,-416.671765
0.752572,0.083392,-0.455637,-420.246704
0.770979,0.045601,-0.482028,-445.931548
0.778955,0.016629,-0.493968,-457.282458
0.130820,0.034414,-0.017996,247.455015
0.236239,0.004938,-0.049529,152.544992
0.779163,0.024959,-0.494284,-457.581812
0.753694,0.015911,-0.457198,-421.782980
0.796864,0.087681,-0.522017,-483.332017
0.365170,0.005294,-0.110073,27.840462
0.763908,0.071182,-0.471705,-435.984514
-0.002115,0.013023,0.005216,361.197720
0.069918,0.012786,-0.002345,300.860856
0.328197,0.022734,-0.094622,62.961926
-0.004981,0.093347,0.000794,362.951123
0.202117,0.066901,-0.040918,182.904839
0.765603,0.003111,-0.471077,-436.334386
0.808652,0.066544,-0.532068,-494.696411
0.809290,0.004966,-0.530820,-494.122040
0.172679,0.052291,-0.030836,209.829357
-0.004445,0.091398,0.001387,362.589970
0.074593,0.054433,-0.003419,296.812948
0.754447,0.024264,-0.458251,-422.823158
0.759779,0.024104,-0.465781,-430.214234
0.504694,0.097103,-0.206914,-121.635334
0.119832,0.083501,-0.014907,257.200688
0.161665,0.016445,-0.027291,219.806802
0.100944,0.004105,-0.010830,273.648486
0.032818,0.057067,0.005490,332.638535
0.011121,0.031244,0.009484,350.969587
0.364895,0.003364,-0.110559,27.849341
0.760538,0.042157,-0.466865,-431.273647
0.761276,0.023961,-0.467919,-432.299590
-0.003219,0.007715,0.003664,361.895146
-0.009677,0.041619,-0.001077,366.571610
0.059707,0.011440,-0.000063,309.664173
0.751066,0.021936,-0.453542,-418.165669
0.114512,0.065461,-0.013456,261.905032
0.048778,0.058608,0.002277,319.035277
0.768503,0.020504,-0.478383,-442.430818
0.746912,0.097963,-0.447178,-412.061344
-0.003676,0.086311,0.002261,362.075335
0.803605,0.009779,-0.533046,-493.331309
0.752778,0.055517,-0.455922,-420.526366
0.782360,0.055535,-0.499167,-462.178969
0.790823,0.095694,-0.504782,-469.472765
0.323229,0.014643,-0.092164,67.839938
0.083306,0.016106,-0.005484,289.253862
0.091243,0.100079,-0.009108,281.984855
0.035825,0.079959,0.004904,330.081080
0.808021,0.051022,-0.533161,-495.165315
0.755427,0.003779,-0.457937,-423.073000
0.798283,0.075795,-0.524316,-485.426892
-0.004629,0.086660,0.000691,362.648340
-0.003299,0.088718,0.003103,361.877732
0.003515,0.000932,0.010781,357.353727
0.780157,0.028143,-0.495796,-459.007506
-0.003308,0.091925,0.003444,361.930226
0.792153,0.073749,-0.514464,-476.402488
0.793838,0.085163,-0.517151,-478.875441
0.085432,0.061395,-0.005995,287.399871
0.034374,0.064845,0.005187,331.315919
0.211897,0.066441,-0.044465,173.872935
0.131927,0.025096,-0.018314,246.470394
0.758442,0.001535,-0.461803,-426.994825
0.796511,0.094557,-0.521446,-482.810816
-0.005453,0.006346,0.000101,363.255731
0.232677,0.005295,-0.048160,155.860138
0.173850,0.024194,-0.031222,208.768258
-0.010980,0.048715,-0.003333,367.351782
0.794194,0.063383,-0.517720,-479.395681
0.204146,0.051109,-0.041647,181.036247
0.801179,0.003322,-0.519040,-483.120258
0.031562,0.061237,0.005733,333.704164
0.759830,0.018240,-0.465855,-430.285240
0.042461,0.004399,-0.002561,323.411831
0.365974,0.002655,-0.108135,28.029435
0.017904,0.076532,0.008284,345.255764
0.032581,0.002917,-0.001666,331.695713
0.082478,0.062843,-0.005282,289.969633
0.793841,0.080586,-0.517155,-478.878878
0.130634,0.031130,-0.017943,247.620197
-0.011154,0.035262,-0.003633,367.457233
0.129873,0.069940,-0.017723,248.294190
0.788925,0.095378,-0.509366,-471.693445
0.140574,0.061396,-0.020832,238.752812
-0.009920,0.054910,-0.001497,366.715422
0.774226,0.011278,-0.486848,-450.531843
0.762229,0.027982,-0.469286,-433.631090
-0.001580,0.055019,0.012948,361.785389
0.793030,0.057361,-0.515860,-477.685726
-0.004390,0.088353,0.001190,362.518497
0.204839,0.056537,-0.041896,180.396539
0.075291,0.026634,-0.003584,296.210726
0.052142,0.075976,0.001571,316.152873
0.168472,0.030186,-0.029468,213.647165
-0.004934,0.058417,0.007140,363.752685
0.207136,0.098886,-0.038888,179.403840
-0.000000,0.100000,-0.000000,358.749391
0.271651,0.065710,-0.068347,117.717057
0.758030,0.082975,-0.463300,-427.792092
0.062398,0.075526,-0.000650,307.342436
-0.000000,-0.000000,-0.000000,358.759288
0.220164,0.012714,-0.047545,166.208964
0.071990,0.021248,-0.002819,299.068534
0.336259,0.055338,-0.098673,55.016050
-0.009023,0.039214,0.000057,366.180758
0.140840,0.036814,-0.020913,238.517647
0.760169,0.003976,-0.464027,-429.243749
-0.006404,0.049274,0.004593,364.622415
0.186184,0.035786,-0.035353,197.528343
0.023605,0.013454,0.007235,340.448712
0.794867,0.038312,-0.518797,-480.381566
0.040676,0.000471,-0.002382,324.912006
-0.000000,0.100000,-0.000000,358.749391
0.785407,0.052976,-0.503869,-466.578075
0.766374,0.004516,-0.472084,-437.342759
0.275137,0.037344,-0.069862,114.391034
-0.000000,-0.000000,-0.000000,358.759288
0.179852,0.077035,-0.033210,203.302759
0.797433,0.071078,-0.522937,-484.169612
0.312966,0.070416,-0.087176,77.868352
0.039461,0.017758,0.004178,326.992744
0.201829,0.003104,-0.037088,184.261074
-0.002915,0.012159,0.003744,361.656110
0.005428,0.059334,0.010464,355.746060
0.762310,0.096080,-0.466835,-432.071879
0.164076,0.096158,-0.025471,218.294895
0.772775,0.078981,-0.484691,-448.481049
0.762181,0.098475,-0.466670,-431.904966
-0.004970,0.060764,0.007077,363.773603
0.780573,0.035824,-0.496431,-459.605944
0.795862,0.022287,-0.520395,-481.843287
0.050384,0.079030,0.001942,317.658640
0.809352,0.007232,-0.530720,-494.080454
0.799287,0.008558,-0.525947,-486.904823
0.103310,0.099055,-0.011269,271.597119
0.747091,0.084382,-0.448070,-412.725433
0.078052,0.098792,-0.006994,293.272234
0.157988,0.059739,-0.026131,223.120727
0.036536,0.098671,-0.002003,328.374407
0.212606,0.002735,-0.040794,174.401009
0.303088,0.067890,-0.082496,87.474678
0.026278,0.030555,0.006737,338.185720
-0.006387,0.041405,0.004623,364.613068
0.236520,0.026206,-0.053843,150.941962
0.800203,0.089849,-0.527448,-488.275310
0.325398,0.018289,-0.093233,65.712016
0.090583,0.099202,-0.008997,282.551261
0.082634,0.003045,-0.007703,289.369147
0.797741,0.044506,-0.523434,-484.620152
0.257848,0.021485,-0.062489,130.844997
0.178725,0.079587,-0.032833,204.329444
0.808434,0.040507,-0.532446,-494.856756
0.012160,0.042434,0.009303,350.095972
0.253572,0.076916,-0.060713,134.886235
0.792347,0.072343,-0.514773,-476.686789
0.799138,0.050172,-0.525706,-486.689506
-0.004211,0.085724,0.001320,362.389407
0.778595,0.068558,-0.493424,-456.773729
-0.006925,0.084969,-0.002979,364.051581
-0.001624,0.015742,0.005988,360.898890
0.778752,0.026459,-0.493660,-456.992384
0.797673,0.010250,-0.523321,-484.514432
0.051689,0.002638,-0.003530,315.644008
0.146614,0.057034,-0.022636,233.346606
0.787008,0.000813,-0.499562,-464.419147
0.007683,0.084849,0.010082,353.851983
0.127912,0.036871,-0.017168,250.040125
0.082771,0.097322,-0.007723,289.241498
0.775375,0.011355,-0.488568,-452.167861
0.040081,0.001393,-0.002327,325.411709
0.794203,0.006266,-0.517730,-479.399241
0.792989,0.023692,-0.515792,-477.620553
-0.000000,0.100000,-0.000000,358.749391
0.216377,0.043840,-0.046125,169.723260
0.056850,0.096893,-0.004131,311.276253
0.469015,0.003042,-0.179888,-82.285480
0.755358,0.066538,-0.459531,-424.088191
-0.010719,0.045701,-0.002880,367.195053
0.025003,0.039495,0.006977,339.263422
0.134970,0.077139,-0.019189,243.754596
0.016866,0.043825,0.008468,346.133949
0.790262,0.003255,-0.511465,-473.627982
0.785610,0.047601,-0.504184,-466.871323
0.251979,0.083826,-0.060057,136.391477
0.111594,0.097551,-0.012877,264.430658
0.799670,0.078965,-0.526576,-487.483108
0.038621,0.088098,0.004351,327.701579
0.113039,0.044819,-0.013060,263.206694
0.766094,0.003381,-0.471718,-436.976087
0.221319,0.052730,-0.047978,165.131379
0.769629,0.057650,-0.480039,-444.025442
0.808552,0.066018,-0.532240,-494.770374
0.019596,0.033632,0.007974,343.833011
0.071505,0.000014,-0.006036,298.860524
0.048146,0.096685,-0.003143,318.619754
0.808802,0.023793,-0.531810,-494.581693
0.069960,0.064246,-0.002351,300.820593
0.764436,0.052502,-0.472467,-436.721466
-0.007096,0.067175,0.003394,365.031220
-0.003998,0.065766,0.008761,363.200734
-0.005093,0.043960,0.006863,363.848166
0.743776,0.049951,-0.443554,-408.199301
0.064905,0.062857,-0.001209,305.184089
0.033522,0.005051,-0.001743,330.908766
0.068185,0.038582,-0.001949,302.355851
0.089561,0.004433,-0.008829,283.437288
0.073495,0.013373,-0.003167,297.767367
0.809200,0.095453,-0.530977,-494.198760
0.005026,0.084163,0.010534,356.080295
0.796278,0.077010,-0.521069,-482.464673
0.779232,0.028189,-0.494388,-457.679993
0.364970,0.004258,-0.110698,27.733397
0.785095,0.098732,-0.503388,-466.133387
-0.000000,0.100000,-0.000000,358.749391
-0.001444,0.052192,0.013185,361.705924
0.045857,0.004865,-0.002906,320.555954
0.768424,0.081279,-0.478272,-442.329307
0.190330,0.064459,-0.036775,193.731425
0.021962,0.060045,0.007543,341.833039
0.800308,0.033222,-0.527617,-488.423181
0.060477,0.040614,-0.000229,308.999232
0.364643,0.099529,-0.110465,28.071733
-0.003338,0.012763,0.002918,361.893064
0.762862,0.095855,-0.467551,-432.792369
0.083801,0.094542,-0.007890,288.361075
-0.004968,0.087536,0.000207,362.862695
0.776968,0.017489,-0.490963,-454.440650
0.076967,0.095082,-0.006838,294.196882
0.779806,0.071863,-0.495264,-458.509751
0.365202,0.097853,-0.109603,28.000728
0.784092,0.053443,-0.501834,-464.677277
0.751069,0.081986,-0.453548,-418.177523
0.204716,0.033576,-0.041853,180.511888
0.129489,0.096741,-0.016703,248.845685
-0.008168,0.065173,0.001538,365.668473
0.101027,0.023843,-0.009899,273.774900
0.174233,0.050916,-0.031346,208.417926
0.154256,0.012710,-0.024973,226.485973
0.796516,0.058546,-0.521452,-482.813026
0.467945,0.000284,-0.179109,-81.120224
0.022805,0.061232,0.007388,341.120673
0.762351,0.054757,-0.469462,-433.804837
-0.011662,0.045873,-0.004514,367.761833
0.178126,0.043646,-0.032635,204.877947
0.229483,0.061167,-0.051096,157.521991
0.783388,0.095458,-0.494706,-459.691137
0.748970,0.045846,-0.450648,-415.291678
0.808212,0.034908,-0.532830,-495.021342
0.786393,0.001881,-0.498727,-463.608671
0.121855,0.056363,-0.015468,255.412405
0.774509,0.003095,-0.482793,-447.993069
0.215678,0.056709,-0.045864,170.370657
0.079118,0.012248,-0.004484,292.893206
0.235121,0.062998,-0.053290,152.249545
0.172722,0.063219,-0.030849,209.788925
0.199182,0.060022,-0.039873,185.606907
0.181903,0.032391,-0.033901,201.437456
0.096068,0.041427,-0.008632,278.118285
-0.011722,0.055569,-0.004618,367.797265
0.178804,0.025889,-0.032863,204.262136
0.779843,0.002341,-0.489903,-454.994721
0.809426,0.099992,-0.530501,-493.975659
0.057857,0.003414,-0.004254,310.434175
-0.011498,0.062854,-0.004231,367.661791
0.126469,0.030754,-0.016761,251.322067
-0.006504,0.016946,-0.002432,363.784267
0.796644,0.044488,-0.521658,-482.999731
0.746142,0.055828,-0.446771,-411.424315
0.797649,0.096583,-0.523288,-484.492064
0.748952,0.001481,-0.449716,-414.671334
-0.003221,0.061245,0.010106,362.744967
0.793996,0.012578,-0.517399,-479.096536
0.054733,0.040066,0.001016,313.934236
-0.001960,0.092365,0.006133,361.185492
0.776228,0.099397,-0.485124,-450.289683
-0.000000,0.100000,-0.000000,358.749391
0.084419,0.004755,-0.007988,287.841608
0.141284,0.061892,-0.021042,238.118413
0.783507,0.098064,-0.500934,-463.838852
0.115867,0.016212,-0.013826,260.713094
0.036686,0.001547,-0.002017,328.258676
0.808735,0.037552,-0.531925,-494.632477
0.753491,0.028690,-0.456915,-421.505263
0.439052,0.005261,-0.158615,-49.929493
0.184342,0.096743,-0.031442,200.114135
0.788388,0.075951,-0.508521,-470.908267
0.751477,0.053999,-0.454113,-418.735070
-0.002511,0.042390,0.011337,362.330565
0.790196,0.064577,-0.511365,-473.540932
-0.005230,0.065863,0.006626,363.926784
0.064708,0.081351,-0.001163,305.352026
0.030039,0.072183,0.006027,334.995850
-0.004894,0.035538,0.007208,363.731613
0.757409,0.055461,-0.462421,-426.927349
0.107464,0.065919,-0.011573,268.116868
0.055919,0.096062,-0.004023,312.062674
0.760476,0.019443,-0.466776,-431.184482
0.798445,0.025503,-0.524575,-485.658606
-0.006181,0.064590,0.004979,364.489132
0.742971,0.001374,-0.442222,-406.940588
0.162445,0.087282,-0.027534,219.095033
-0.002616,0.036311,0.011154,362.392801
0.779567,0.013173,-0.494897,-458.159137
0.181105,0.045615,-0.033632,202.163540
0.183944,0.021236,-0.034592,199.575974
0.761616,0.088384,-0.468410,-432.784238
0.809037,0.093851,-0.531270,-494.326693
-0.008039,0.066872,0.001761,365.591420
0.091654,0.054565,-0.007524,281.975287
0.239231,0.094773,-0.050694,149.745045
0.743379,0.064236,-0.443017,-407.660703
0.220447,0.048327,-0.047649,165.943182
0.131683,0.062705,-0.018242,246.683964
0.025782,0.058829,0.006833,338.603174
0.282648,0.071234,-0.073168,107.194580
0.015560,0.016638,0.008700,347.236472
0.004241,0.084935,0.010666,356.737917
0.753716,0.096275,-0.455787,-420.881411
0.774500,0.065487,-0.487261,-450.929423
0.762374,0.004701,-0.466878,-432.118628
0.206878,0.063997,-0.042633,178.513384
0.164334,0.055766,-0.028137,217.390924
0.809426,0.099992,-0.530501,-493.975659
-0.004116,0.051370,0.008556,363.271615
0.808276,0.045893,-0.532719,-494.974605
-0.002018,0.034547,0.012190,362.043148
-0.000000,0.100000,-0.000000,358.749391
0.237584,0.029005,-0.054262,149.944349
0.759435,0.002897,-0.463081,-428.288075
0.114523,0.013621,-0.013462,261.900164
0.799640,0.059516,-0.526526,-487.435900
0.047466,0.043519,0.002548,320.158494
0.768806,0.050575,-0.478830,-442.862957
0.764044,0.097546,-0.469088,-434.335714
-0.002363,0.036843,0.011592,362.244896
0.077005,0.060673,-0.003983,294.721560
0.111662,0.095437,-0.012890,264.371655
0.098811,0.059572,-0.009328,275.714670
0.130210,0.004172,-0.016868,248.224917
0.062136,0.086571,-0.000591,307.567623
0.787100,0.098068,-0.499725,-464.575880
0.771580,0.072035,-0.482917,-446.785565
-0.009041,0.040183,0.000025,366.191606
0.172785,0.067380,-0.030869,209.731668
0.747223,0.018504,-0.448247,-412.895872
0.180195,0.029120,-0.033328,202.995031
0.787345,0.052531,-0.506887,-469.388034
0.204178,0.042139,-0.041659,181.006873
0.120067,0.000147,-0.014629,257.079466
0.033901,0.021123,0.005276,331.722116
0.101837,0.049233,-0.010106,273.061999
0.146583,0.033262,-0.022629,233.376017
0.109084,0.063792,-0.012002,266.690979
-0.007183,0.088640,-0.003115,364.246113
0.125538,0.004307,-0.015817,252.308723
0.770208,0.003183,-0.477111,-442.358259
0.786219,0.055188,-0.505131,-467.754923
0.364694,0.099883,-0.110295,28.103292
0.324001,0.050211,-0.092542,67.079127
-0.003072,0.062302,0.010365,362.657411
0.036226,0.045800,0.004822,329.743383
-0.009027,0.057086,0.000051,366.181177
0.751807,0.003256,-0.453327,-418.371668
0.057542,0.020445,0.000409,311.524720
0.365481,0.000551,-0.108887,28.096410
0.750291,0.014901,-0.452469,-417.100039
-0.012398,0.057098,-0.005789,368.204416
0.745663,0.061667,-0.446119,-410.772535
0.809426,0.099992,-0.530501,-493.975659
0.194510,-0.000044,-0.034666,190.922482
0.787429,0.073868,-0.507019,-469.513396
0.241827,0.059267,-0.055946,145.958509
0.118141,0.070905,-0.014443,258.698173
0.793295,0.023889,-0.516280,-478.069261
0.168811,0.097751,-0.026810,214.066113
0.136668,0.019051,-0.019688,242.245518
0.214889,0.095078,-0.041603,172.292768
0.753385,0.024561,-0.456767,-421.357788
0.241384,0.047371,-0.055770,146.375742
0.773991,0.000572,-0.482109,-447.315716
0.777727,0.031330,-0.492109,-455.526518
0.041396,0.053488,0.003792,325.340526
-0.001568,0.089384,0.006524,360.917239
0.010136,0.050648,0.009657,351.795813
0.743214,0.021891,-0.442792,-407.430453
0.044396,0.037912,0.003180,322.782043
0.780348,0.064434,-0.496089,-459.286365
-0.002242,0.006932,0.005689,361.365017
0.213390,0.097192,-0.041069,173.670930
0.133771,0.097943,-0.017691,245.094716
0.783547,0.011905,-0.500991,-463.884164
0.777215,0.012296,-0.491335,-454.792238
0.071849,0.049279,-0.002785,299.188309
0.076401,0.000602,-0.006746,294.690686
0.197477,0.016628,-0.039273,187.179190
0.071685,0.082601,-0.002744,299.327366
-0.000000,0.100000,-0.000000,358.749391
0.769491,0.065629,-0.479837,-443.832015
0.012853,0.029687,0.009180,349.513634
0.808664,0.079569,-0.532045,-494.687770
0.033685,0.004549,-0.001757,330.771887
0.150467,0.046614,-0.023807,229.889948
0.794731,0.018505,-0.518577,-480.177321
-0.001407,0.049000,0.013247,361.685138
0.808863,0.042986,-0.531703,-494.537580
0.160467,0.054753,-0.026910,220.884310
0.028216,0.062370,0.006374,336.541198
0.786971,0.058337,-0.506304,-468.846951
0.193792,0.001861,-0.034435,191.573462
-0.000000,0.100000,-0.000000,358.749391
0.243325,0.060462,-0.056546,144.550111
0.082801,0.000985,-0.007726,289.226560
0.114312,0.027319,-0.013404,262.085392
0.075572,0.003275,-0.006629,295.395992
0.033301,0.054894,0.005396,332.228618
0.757862,0.069602,-0.463062,-427.557784
-0.008438,0.058573,0.001070,365.830004
0.787386,0.004117,-0.500072,-464.915064
-0.000000,-0.000000,-0.000000,358.759288
0.764669,0.065137,-0.472804,-437.049548
0.298288,0.052380,-0.080263,92.126702
0.786567,0.045544,-0.505672,-468.257662
0.762869,0.088009,-0.470208,-434.533577
0.808896,0.006344,-0.531519,-494.425529
0.745876,0.046234,-0.446408,-411.060344
0.148052,0.036975,-0.023073,232.058414
0.104207,0.087625,-0.010718,270.978082
0.772676,0.075534,-0.484544,-448.340849
0.798418,0.096684,-0.524537,-485.630367
0.123700,0.022464,-0.015984,253.780499
-0.011497,0.039057,-0.004229,367.663581
-0.001826,0.096229,0.006998,361.190868
0.217718,0.084460,-0.046623,168.474938
0.212177,0.055702,-0.044569,173.614444
-0.000697,0.087336,0.008040,360.409192
-0.009791,0.052940,-0.001273,366.638388
0.358079,0.018092,-0.110043,33.346416
-0.000000,0.100000,-0.000000,358.749391
0.164454,0.047310,-0.028176,217.283199
0.744986,0.000544,-0.444737,-409.542570
-0.004719,0.087940,0.000629,362.714166
0.780132,0.042789,-0.495758,-458.973065
0.173425,0.075654,-0.031079,209.149311
-0.006324,0.004955,-0.001043,363.820791
0.380711,0.021288,-0.122467,10.587009
0.070003,0.097021,-0.005832,300.126712
0.754547,0.054368,-0.458394,-422.966625
0.020290,0.083641,0.007852,343.242929
0.008939,0.016574,0.009861,352.804555
0.809377,0.006905,-0.530675,-494.060643
0.799124,0.011063,-0.525681,-486.663406
0.808015,0.055182,-0.533171,-495.169883
-0.002578,0.051414,0.011221,362.368847
0.042489,0.096192,-0.002562,323.379317
-0.000000,0.100000,-0.000000,358.749391
-0.001632,0.007530,0.006795,361.013854
0.767809,0.045316,-0.477370,-441.457930
0.786597,0.083216,-0.505721,-468.306998
0.179602,0.035612,-0.033129,203.534074
0.790567,0.047115,-0.511950,-474.080136
0.808194,0.067788,-0.532861,-495.037595
0.206398,0.012012,-0.042462,178.961542
0.076429,0.000496,-0.006750,294.666814
-0.003837,0.042076,0.009039,363.108835
0.754765,0.045691,-0.458698,-423.266091
0.251986,0.024661,-0.060063,136.390516
0.092379,0.042357,-0.007706,281.343201
0.763555,0.036211,-0.471194,-435.485302
0.280829,0.021189,-0.072364,108.944294
0.757136,0.047220,-0.462035,-426.547599
0.052668,0.031274,0.001456,315.706154
0.752962,0.072552,-0.456178,-420.781250
0.755952,0.082205,-0.460367,-424.912762
0.012581,0.000812,0.009226,349.744950
-0.004885,0.065874,0.007224,363.723084
0.114105,0.077021,-0.013345,262.263671
0.809424,-0.000047,-0.530504,-493.966364
0.198360,0.003328,-0.035932,187.421067
0.809426,0.099992,-0.530501,-493.975659
-0.006616,0.095004,-0.001511,363.990042
0.171629,0.005358,-0.027626,211.553277
0.062993,0.012104,-0.000787,306.836071
0.114454,0.040735,-0.013442,261.959028
0.271737,0.015084,-0.068387,117.640436
0.779987,0.000836,-0.490098,-455.185442
0.148592,0.073959,-0.023234,231.570922
0.785219,0.005872,-0.503575,-466.299644
-0.004856,0.012639,0.000371,362.800164
0.092499,0.049519,-0.007735,281.238162
0.745231,0.046478,-0.445530,-410.180807
0.085607,0.018963,-0.006041,287.251057
-0.000000,-0.000000,-0.000000,358.759288
0.155475,0.031848,-0.025350,225.386846
-0.007439,0.059081,0.002801,365.235425
0.793931,0.081333,-0.517299,-479.010887
0.201042,0.060005,-0.040535,183.895382
0.791166,0.032217,-0.512896,-474.952923
-0.001963,0.016789,0.005274,361.080186
-0.005519,0.007184,-0.000124,363.279953
0.798976,0.069557,-0.525444,-486.453257
0.045898,0.033267,0.002872,321.499717
0.808285,0.067189,-0.532702,-494.969137
0.290846,0.031226,-0.076854,99.314864
0.215705,0.050876,-0.045874,170.346302
0.103291,0.023650,-0.010485,271.788031
0.778290,0.057669,-0.492963,-456.336624
0.777675,0.072700,-0.492032,-455.458356
-0.007879,0.058161,0.002039,365.496875
0.123079,0.052649,-0.015809,254.328163
0.809322,0.007241,-0.530771,-494.102685
-0.001336,0.087118,0.006761,360.760164
0.141355,0.077679,-0.021062,238.053288
0.759519,0.054974,-0.465414,-429.857690
0.076472,0.038263,-0.003859,295.186275
0.792021,0.055188,-0.514253,-476.206524
0.395548,0.002015,-0.130080,-4.092750
0.192825,0.041341,-0.037641,191.447527
0.206741,0.002937,-0.038755,179.775083
0.791351,0.069594,-0.513192,-475.229391
-0.000802,0.011259,0.007969,360.492904
0.797964,0.013320,-0.523794,-484.945419
0.794272,0.009197,-0.517841,-479.501338
0.776159,0.080508,-0.489749,-453.295638
0.048251,0.028512,0.002384,319.488378
0.797287,0.039257,-0.522698,-483.948554
0.240561,0.058771,-0.055441,147.148166
0.766465,0.086492,-0.475411,-439.572593
0.783918,0.001942,-0.495382,-460.352776
0.128924,0.087165,-0.017452,249.136078
0.207691,0.000980,-0.039080,178.906991
0.051953,0.036483,0.001608,316.318114
0.798961,0.040839,-0.525416,-486.425185
0.752439,0.087490,-0.455451,-420.063224
0.160296,0.053181,-0.026856,221.038783
0.163047,0.046127,-0.027727,218.555256
0.773486,0.098180,-0.481483,-446.692254
0.774843,0.027382,-0.487772,-451.412319
0.033832,0.096170,-0.001769,330.639948
0.365132,0.094781,-0.110281,27.771687
0.177890,0.078250,-0.032555,205.089048
0.781805,0.000579,-0.492538,-457.574896
0.141865,0.042909,-0.021216,237.600628
0.041982,0.038305,0.003672,324.842055
0.766400,0.020706,-0.475314,-439.472334
0.777058,0.060025,-0.491101,-454.575407
0.035633,0.060468,0.004940,330.246545
-0.000000,0.100000,-0.000000,358.749391
0.769257,0.061600,-0.479492,-443.500365
0.208310,0.079347,-0.043152,177.189289
0.789140,0.094487,-0.502490,-467.256775
0.014863,0.057084,0.008827,347.820277
0.757701,0.094522,-0.460885,-426.062821
0.809424,-0.000047,-0.530504,-493.966364
0.758827,0.098268,-0.462336,-427.531559
0.048844,0.033102,0.002261,318.980977
0.771258,0.085183,-0.482442,-446.331720
0.101090,0.011290,-0.009916,273.721361
0.061399,0.020429,-0.000434,308.207411
0.796492,0.096362,-0.521417,-482.783979
0.382195,0.011960,-0.123305,9.085818
-0.006030,0.092192,-0.000990,363.576739
0.033007,0.088069,0.005456,332.475221
0.061381,0.094857,-0.004696,307.441200
0.230463,0.073459,-0.051474,156.605700
0.773774,0.077150,-0.486178,-449.899084
0.092713,0.088529,-0.007786,281.047167
-0.002368,0.015656,0.004555,361.316411
0.129814,0.064957,-0.017707,248.346709
0.104428,0.038505,-0.010779,270.788322
0.200250,0.039172,-0.040254,184.626219
0.771121,0.058961,-0.482239,-446.135141
0.292522,0.068721,-0.077614,97.694360
0.046464,0.044069,0.002756,321.014991
0.809426,0.099992,-0.530501,-493.975659
-0.001902,0.009300,0.006017,361.130384
0.771036,0.072867,-0.482114,-446.016281
0.786397,0.079858,-0.505410,-468.017022
0.201882,0.083534,-0.040833,183.119754
0.809424,-0.000047,-0.530504,-493.966364
0.797420,0.051671,-0.522914,-484.146942
0.184962,0.083819,-0.034934,198.639888
-0.011609,0.054106,-0.004422,367.729254
-0.005358,0.091928,0.000008,363.156723
0.359747,0.027208,-0.110935,31.678363
0.777281,0.004683,-0.486479,-451.630504
0.287264,0.074439,-0.075233,102.758998
0.048212,0.018159,0.002391,319.523151
-0.000000,-0.000000,-0.000000,358.759288
-0.004975,0.065460,0.007069,363.776006
0.181572,0.072605,-0.033787,201.735352
0.785232,0.069256,-0.503599,-466.327592
0.194016,0.087605,-0.038053,190.350760
-0.001838,0.014304,0.005664,361.030599
-0.002271,0.016553,0.004695,361.255021
0.745543,0.071512,-0.445956,-410.609840
0.781550,0.087884,-0.497926,-461.017156
0.809347,0.093639,-0.530724,-494.090485
0.097961,0.099490,-0.010285,276.208730
0.757953,0.086386,-0.463191,-427.685754
-0.012046,0.039754,-0.005178,367.993473
0.054150,0.003097,-0.003813,313.566734
0.056390,0.017132,0.000658,312.514160
-0.002178,0.007306,0.005754,361.321511
0.784294,0.000426,-0.495890,-460.847783
0.779131,0.057828,-0.494237,-457.540054
0.765993,0.036321,-0.474722,-438.902437
-0.004262,0.049607,0.008303,363.357956
0.364934,0.098348,-0.110086,28.005502
0.130706,0.039885,-0.017963,247.555791
-0.001937,0.097054,0.006907,361.269167
0.742335,0.021233,-0.441604,-406.235288
0.215095,0.068484,-0.045647,170.909794
0.765927,0.087606,-0.474629,-438.817399
0.252590,0.039707,-0.060310,135.818427
0.222170,0.029100,-0.048301,164.341772
0.106608,0.067782,-0.011348,268.869476
0.219404,0.021678,-0.047258,166.915180
-0.000000,0.100000,-0.000000,358.749391
0.808369,0.059529,-0.532557,-494.906230
0.751221,0.058587,-0.453758,-418.382918
0.794925,0.017475,-0.518888,-480.462439
0.366362,0.002568,-0.107433,28.023629
0.760230,0.078031,-0.466428,-430.850655
0.005849,0.079446,0.010394,355.390836
0.109703,0.012574,-0.012170,266.150483
0.258800,0.059442,-0.062884,129.939618
0.774586,0.083698,-0.487391,-451.054821
0.750871,0.066420,-0.453274,-417.903810
0.046084,0.026611,0.002833,321.341568
0.755082,0.099556,-0.457533,-422.658771
0.779299,0.076872,-0.494493,-457.784047
0.778975,0.000432,-0.488744,-453.856120
0.788330,0.073304,-0.508430,-470.823881
0.106186,0.032677,-0.011240,269.243511
0.141826,0.098908,-0.019623,238.014389
0.456934,0.003353,-0.171155,-69.164304
0.140165,0.000445,-0.019217,239.487900
0.782679,0.028881,-0.499656,-462.635258
0.808781,0.091440,-0.531722,-494.522685
0.219473,0.045698,-0.047283,166.848622
0.175796,0.046186,-0.031862,206.997773
0.163153,0.042351,-0.027761,218.460097
-0.006439,0.083381,-0.002315,363.739310
0.122617,0.004552,-0.015177,254.857328
0.792063,0.040663,-0.514319,-476.266026
0.790017,0.093359,-0.511084,-473.284558
0.277445,0.088359,-0.070869,112.178719
-0.011911,0.048364,-0.004945,367.911626
0.028408,0.073829,0.006338,336.377840
0.749173,0.079617,-0.450929,-415.575338
0.051550,0.065653,0.001695,316.661454
0.155296,0.044593,-0.025293,225.546718
-0.000764,0.016109,0.007646,360.417625
0.191609,0.018628,-0.037220,192.564474
0.809426,0.099992,-0.530501,-493.975659
0.192887,0.025780,-0.037664,191.391905
0.795462,0.011404,-0.519751,-481.252404
0.069961,0.032386,-0.002353,300.821915
0.343111,0.026053,-0.102181,48.240794
-0.005866,0.006567,-0.000572,363.506283
0.808249,0.048347,-0.532766,-494.994816
0.749884,0.065256,-0.451909,-416.547996
0.364796,0.001001,-0.110200,28.076522
0.793700,0.095642,-0.508713,-473.260688
0.747493,0.031571,-0.448618,-413.267324
0.772233,0.082814,-0.483886,-447.712971
0.235812,0.052488,-0.053563,151.603113
0.771104,0.063145,-0.482214,-446.111425
-0.012261,0.065580,-0.005551,368.120535
0.769575,0.051741,-0.479959,-443.948139
-0.000000,0.100000,-0.000000,358.749391
0.748021,0.049556,-0.449343,-413.992629
-0.009035,0.038528,0.000036,366.187957
0.357801,0.018396,-0.109894,33.624911
-0.007185,0.087139,-0.003237,364.232095
0.793834,0.032810,-0.517141,-478.861383
0.796053,0.045804,-0.520705,-482.129206
0.776065,0.073594,-0.489607,-453.160230
0.783355,0.042595,-0.500697,-463.611540
-0.001096,0.017374,0.006922,360.592150
-0.001560,0.011631,0.006434,360.906604
0.772048,0.023145,-0.483608,-447.441359
0.017666,0.073092,0.008327,345.457521
-0.002321,0.067650,0.011666,362.216829
0.108880,0.061730,-0.011948,266.870821
0.127789,0.001331,-0.016319,250.342540
0.059055,0.001204,-0.004393,309.422021
0.058696,0.068078,0.000162,310.528538
0.241400,0.060914,-0.055776,146.359003
0.161260,0.067573,-0.027159,220.167644
0.139033,0.071722,-0.020377,240.129007
0.771725,0.011464,-0.483130,-446.982855
0.336686,0.071124,-0.098889,54.592854
-0.001954,0.010556,0.005764,361.139364
0.109169,0.098634,-0.012396,266.531221
-0.002322,0.010628,0.005029,361.342133
0.789076,0.098012,-0.509602,-471.912749
0.080099,0.048883,-0.004714,292.038075
0.033236,0.096438,-0.001720,331.138035
0.192090,0.024838,-0.037387,192.122576
0.041917,0.000176,-0.002500,323.870295
0.789180,0.001124,-0.502512,-467.278037
0.155110,0.001735,-0.023025,226.281575
0.152156,0.097497,-0.022245,228.889927
0.808229,0.051501,-0.532801,-495.010300
0.232028,0.063532,-0.052082,155.143360
0.767829,0.034592,-0.477398,-441.483796
0.159360,0.094954,-0.024170,222.494840
-0.008787,0.035847,0.000466,366.040032
0.020527,0.048380,0.007805,343.045743
0.113253,0.011632,-0.013120,263.021706
0.809471,0.005276,-0.530502,-493.984724
0.760399,0.049612,-0.466668,-431.081945
0.771513,0.055014,-0.482818,-446.688524
-0.010355,0.040748,-0.002251,366.977707
0.096829,0.056717,-0.008824,277.450509
0.141376,0.002288,-0.019513,238.421699
0.767117,0.066222,-0.476360,-440.486676
0.017033,0.034437,0.008438,345.994163
0.769757,0.099007,-0.476562,-441.807330
0.052566,0.014396,0.001476,315.795418
0.737489,0.005176,-0.435440,-399.883315
0.174904,0.031618,-0.031568,207.810194
0.765828,0.003541,-0.471370,-436.628158
0.741869,0.096731,-0.440875,-405.545560
-0.007801,0.065570,0.002173,365.450296
0.256578,0.039064,-0.061959,132.046382
-0.003976,0.091160,0.002147,362.305173
-0.009068,0.040451,-0.000021,366.207476
0.125245,0.097201,-0.015752,252.555126
0.094279,0.065794,-0.008180,279.680613
0.007150,0.021211,0.010168,354.304970
0.025924,0.085208,0.006808,338.480120
0.041479,0.019805,0.003772,325.272762
0.065660,0.050096,-0.001379,304.533885
0.067605,0.001378,-0.005500,302.174732
-0.005624,0.052158,0.005944,364.160632
0.792877,0.058710,-0.515615,-477.461348
0.031816,0.044225,0.005683,333.490073
0.222532,0.004731,-0.044362,165.260806
0.042526,0.081899,0.003565,324.374046
0.759411,0.037960,-0.465259,-429.704588
0.091470,0.056825,-0.007478,282.136050
0.204848,0.017669,-0.041901,180.391776
0.125411,0.077490,-0.016460,252.256775
0.249280,0.050335,-0.058954,138.942017
0.138275,0.063828,-0.020155,240.806817
0.778132,0.097792,-0.487660,-452.787550
0.339120,0.023386,-0.100131,52.192271
0.029821,0.077994,0.006069,335.179585
0.206042,0.076023,-0.042329,179.284583
0.139150,0.025745,-0.020414,240.029250
0.142309,0.081310,-0.021345,237.200169
0.761747,0.062159,-0.468596,-432.962617
0.749523,0.094559,-0.450465,-415.440311
0.059418,-0.000126,-0.004433,309.115545
0.156567,0.041552,-0.025688,224.403204
0.747322,0.039106,-0.448384,-413.034168
0.052705,0.052204,0.001449,315.672840
0.782705,0.083886,-0.499698,-462.679995
0.752698,0.018088,-0.455808,-420.409651
0.070625,0.042215,-0.002504,300.247158
0.010647,0.080014,0.009570,351.364385
0.759693,0.034636,-0.465661,-430.097231
0.760862,0.034484,-0.467327,-431.724027
0.040925,0.076703,0.003888,325.740089
0.749606,0.002800,-0.450542,-415.519325
0.046031,0.097926,-0.002916,320.401035
0.120910,0.016001,-0.015209,256.252676
0.035108,0.058354,0.005043,330.693108
-0.008841,0.055704,0.000373,366.070379
-0.006352,0.010675,-0.001785,363.745056
0.267884,0.083108,-0.066725,121.306910
0.800635,0.030629,-0.528152,-488.908321
0.748871,0.004929,-0.449614,-414.567378
0.264217,0.021069,-0.065167,124.801058
0.775323,0.063184,-0.488493,-452.100931
0.763765,0.046636,-0.471497,-435.780561
0.271408,0.076427,-0.068241,117.948510
0.007782,0.005199,0.010059,353.776334
0.083064,0.037717,-0.005424,289.462711
0.102743,0.053931,-0.010340,272.266985
0.752027,0.067317,-0.454878,-419.493694
0.334612,0.019842,-0.097840,56.645248
0.364828,0.001579,-0.110241,28.034309
0.054185,0.096440,-0.003818,313.527250
0.783128,0.037693,-0.500347,-463.283978
0.142790,0.012398,-0.021493,236.775488
0.782131,0.085088,-0.498817,-461.853285
0.755891,0.056858,-0.460281,-424.824965
0.196504,0.064125,-0.038927,188.068331
0.757897,0.085247,-0.463112,-427.607720
0.221237,0.025476,-0.047948,165.210672
0.783236,0.002040,-0.494462,-459.455006
0.020365,0.073903,0.007837,343.180217
0.774761,0.082391,-0.487652,-451.303119
0.008418,0.042762,0.009953,353.238923
-0.006141,0.011221,-0.001511,363.607604
0.789319,0.090108,-0.509985,-472.266228
-0.011475,0.063407,-0.004190,367.647672
0.770667,0.073740,-0.481569,-445.494233
0.776331,0.067353,-0.490006,-453.538220
-0.000000,-0.000000,-0.000000,358.759288
0.057564,0.058573,0.000408,311.502474
0.178095,0.064404,-0.032624,204.904115
0.044965,0.059267,0.003066,322.294539
0.223216,0.026906,-0.048698,163.368836
0.205171,0.066257,-0.042015,180.088520
0.786419,0.044544,-0.505442,-468.043127
-0.006865,0.054593,0.003794,364.895225
0.025568,0.020550,0.006870,338.787203
-0.010680,0.065606,-0.002813,367.169808
0.191434,0.098912,-0.033675,193.701006
0.763549,0.043375,-0.471185,-435.477421
-0.000000,-0.000000,-0.000000,358.759288
0.764032,0.029851,-0.471882,-436.152531
0.117358,0.064154,-0.014229,259.390958
0.292728,0.078134,-0.077708,97.494807
0.772976,0.039714,-0.484987,-448.760391
0.231522,0.014767,-0.051888,155.621189
0.760579,0.067656,-0.466925,-431.334851
0.124834,0.063749,-0.016298,252.770629
0.743578,0.075584,-0.443287,-407.933177
-0.000967,0.091430,0.007953,360.617493
0.760328,0.061238,-0.466567,-430.984939
-0.003655,0.007449,0.002900,362.150541
0.044173,0.003061,-0.002729,321.973110
0.489170,0.000154,-0.194934,-104.403296
0.808315,0.070837,-0.532651,-494.947456
0.153520,0.004902,-0.022605,227.690343
-0.009228,0.044668,-0.000297,366.302385
0.153191,0.002458,-0.022518,227.982800
-0.000000,-0.000000,-0.000000,358.759288
0.319486,0.051457,-0.090330,71.501944
-0.002830,0.006326,0.004645,361.707482
-0.000000,0.100000,-0.000000,358.749391
0.150628,0.016856,-0.023858,229.747466
0.226079,0.070239,-0.049786,160.697177
0.012684,0.076171,0.009214,349.652060
0.758347,0.086629,-0.463750,-428.233326
-0.004293,0.066592,0.008249,363.374385
-0.003787,0.060449,0.009127,363.077151
0.365056,0.095910,-0.111129,27.474737
0.037956,0.012008,0.004477,328.274108
-0.004882,0.065351,0.007229,363.721589
0.749152,0.072230,-0.450899,-415.544505
0.030986,0.036937,0.005842,334.195561
0.781498,0.039820,-0.497844,-460.935437
0.116950,0.044295,-0.014119,259.753895
0.784245,0.070931,-0.502071,-464.900752
0.098024,0.023557,-0.009130,276.407284
0.103825,0.063755,-0.010620,271.315991
-0.004493,0.064411,0.007903,363.492270
0.288883,0.051045,-0.075964,101.203343
0.365474,0.001155,-0.108944,28.077694
0.056323,0.097495,-0.004066,311.721898
0.413373,0.000209,-0.141442,-22.712946
0.010518,0.062748,0.009591,351.474060
0.238527,0.050009,-0.054634,149.057440
0.741560,0.096796,-0.440492,-405.147880
-0.006718,0.091181,-0.002160,363.988929
-0.002645,0.005890,0.005084,361.614512
0.194067,0.029805,-0.038075,190.309168
0.764098,0.070941,-0.471978,-436.249707
0.062433,0.098806,-0.004817,306.552261
0.778385,0.016936,-0.493104,-456.466399
0.745655,0.045929,-0.446107,-410.759292
0.758083,0.083266,-0.463375,-427.865834
0.195500,0.028846,-0.038577,188.994020
-0.000000,-0.000000,-0.000000,358.759288
0.800740,0.089493,-0.528328,-489.073619
-0.006844,0.005102,-0.001888,364.136827
0.037019,0.078389,0.004668,329.065708
0.749708,0.030695,-0.451663,-416.300955
0.109852,0.068035,-0.012206,266.014480
0.216470,0.045504,-0.046159,169.636799
-0.002666,0.007963,0.004692,361.578781
0.319949,0.046089,-0.090555,71.049822
0.783774,0.047903,-0.501343,-464.217479
0.757367,0.097463,-0.460458,-425.629701
0.176724,0.018831,-0.032171,206.156443
0.168433,0.039106,-0.029455,213.682188
0.200555,0.029555,-0.040363,184.346592
0.285519,0.032964,-0.074452,104.440730
0.762397,0.097358,-0.466949,-432.185805
0.264971,0.019479,-0.065487,124.084836
0.073339,0.097196,-0.006303,297.288997
0.094217,0.066011,-0.008164,279.734619
0.792067,0.054289,-0.514326,-476.273450
0.770613,0.073809,-0.481488,-445.417452
-0.000000,0.100000,-0.000000,358.749391
0.796499,0.021436,-0.521423,-482.783284
-0.009938,0.039498,-0.001527,366.727569
0.204291,0.014687,-0.041701,180.906057
0.463023,0.095057,-0.175518,-75.770277
0.788277,0.099665,-0.501324,-466.125877
0.798603,0.060873,-0.524836,-485.899221
0.199078,0.002791,-0.036169,186.768070
-0.000000,0.100000,-0.000000,358.749391
0.760519,0.065269,-0.466839,-431.250694
0.135243,0.096530,-0.018037,243.802741
0.765528,0.099308,-0.471023,-436.276125
0.155209,0.052382,-0.025266,225.624493
0.092456,0.005047,-0.009320,280.952810
0.141130,0.025725,-0.020999,238.259780
0.796636,0.029750,-0.521644,-482.985814
0.797226,0.091655,-0.522603,-483.866622
-0.007104,0.084326,-0.003294,364.158064
0.202782,0.005092,-0.037411,183.391212
0.263038,0.026094,-0.064667,125.921121
0.780517,0.074728,-0.496347,-459.530625
0.326700,0.037960,-0.093877,64.430961
0.251763,0.005246,-0.055719,138.009009
0.147684,0.094547,-0.021091,232.846630
-0.004851,0.049010,0.007283,363.704639
0.083835,0.097269,-0.007892,288.332288
0.775688,0.050910,-0.489040,-452.619376
0.773605,0.055694,-0.485924,-449.655741
0.139819,0.048062,-0.020610,239.428842
0.773856,0.086267,-0.486301,-450.017579
0.013977,0.015025,0.008981,348.569788
0.492232,0.097759,-0.197258,-107.793620
0.126866,0.063453,-0.016870,250.966601
-0.004904,0.030257,0.007191,363.737770
0.362382,0.019218,-0.112354,29.041990
-0.002173,0.010603,0.005325,361.259988
-0.008365,0.057645,0.001196,365.786823
0.028313,0.013099,0.006351,336.464035
0.194989,0.004104,-0.034826,190.485378
0.755700,0.005223,-0.458285,-423.426823
0.194265,0.096153,-0.034590,191.133060
0.775478,0.096090,-0.484124,-449.303620
0.789415,0.095600,-0.502865,-467.619520
-0.003776,0.010929,0.002281,362.167328
0.144078,0.097662,-0.020182,236.029534
0.032612,0.058381,0.005530,332.813497
0.035799,0.041932,0.004906,330.106774
0.170989,0.096252,-0.027439,212.116829
-0.003255,0.090374,0.003345,361.874195
0.035138,0.099941,-0.001882,329.545078
0.773472,0.098804,-0.481465,-446.674087
-0.005607,0.088427,-0.000721,363.264747
0.790597,0.046781,-0.511997,-474.124139
-0.007656,0.040289,0.002425,365.365978
0.452457,0.003164,-0.167973,-64.327792
-0.006782,0.081516,-0.002933,363.940264
0.024999,0.069469,0.006980,339.264351
-0.010172,0.068346,-0.001934,366.865316
0.123776,0.024015,-0.016005,253.712113
0.742498,0.022270,-0.441824,-406.456753
0.122458,0.003352,-0.015142,254.996174
0.167904,0.097535,-0.026551,214.876755
0.100089,0.073899,-0.009654,274.592982
0.779666,0.032276,-0.495048,-458.303298
0.749061,0.001586,-0.449854,-414.812914
0.172099,0.043034,-0.030647,210.356661
0.020883,0.017420,0.007738,342.747766
0.779832,0.088695,-0.495305,-458.550214
0.089653,0.033884,-0.007030,283.723781
0.207874,0.098939,-0.039142,178.728875
0.149701,0.004035,-0.021609,231.072689
-0.011225,0.039277,-0.003758,367.499901
-0.003582,0.013211,0.002454,362.031306
0.748690,0.084621,-0.450264,-414.913410
0.227050,0.049882,-0.050160,159.794053
0.008701,0.022942,0.009902,353.003168
0.062559,0.078284,-0.000686,307.203506
0.794231,0.011725,-0.517775,-479.441232
-0.007715,0.046694,0.002323,365.400569
0.748882,0.055359,-0.450526,-415.172133
0.778979,0.077534,-0.494007,-457.325392
0.094429,0.027030,-0.008220,279.553006
0.059995,0.096659,-0.004516,308.615827
0.021999,0.046346,0.007535,341.802547
0.042074,0.073843,0.003656,324.760653
0.795620,0.093911,-0.520011,-481.498589
0.743374,0.001775,-0.442725,-407.461560
0.003776,0.002936,0.010738,357.135063
0.748076,0.032640,-0.449418,-414.065637
0.748722,0.005400,-0.449427,-414.374564
0.195668,0.068709,-0.038633,188.836217
0.056725,0.040284,0.000588,312.224920
-0.002576,0.084149,0.004150,361.425863
0.365322,0.002053,-0.109301,28.046149
0.758548,0.011844,-0.464031,-428.501261
-0.002921,0.043273,0.010626,362.570905
0.279247,0.054439,-0.071664,110.456272
0.415428,0.003796,-0.142773,-24.870662
-0.006762,0.054406,0.003974,364.833903
0.077559,0.001756,-0.006921,293.702987
0.779926,0.042818,-0.495445,-458.677944
0.116163,0.011352,-0.013907,260.451974
0.295835,0.063082,-0.079131,94.496573
0.364800,0.098274,-0.110414,27.971893
0.133394,0.067807,-0.018734,245.160283
0.762402,0.004694,-0.466915,-432.155452
0.760967,0.005423,-0.465057,-430.283508
0.791796,0.093477,-0.513899,-475.883615
0.772072,0.058041,-0.483647,-447.481472
0.034029,0.079751,0.005256,331.607634
0.776355,0.029635,-0.490040,-453.566435
0.753401,0.086019,-0.456792,-421.388759
-0.000000,-0.000000,-0.000000,358.759288
0.802665,0.090127,-0.531498,-491.941306
0.028455,0.079385,0.006330,336.337465
0.789249,0.094936,-0.502639,-467.400877
0.802749,0.090307,-0.531635,-492.065519
0.217386,0.066346,-0.046499,168.785073
0.791163,0.096172,-0.512895,-474.957617
0.050863,0.047780,0.001839,317.251161
0.790216,0.071803,-0.511397,-473.571923
0.080715,0.085758,-0.004858,291.499645
-0.006436,0.087413,-0.002068,363.769093
-0.002131,0.088127,0.005282,361.212327
0.008653,0.058635,0.009914,353.040776
0.032104,0.065013,0.005629,333.243719
0.058304,0.004285,-0.004311,310.055576
0.213863,0.095672,-0.041238,173.236058
0.109024,0.021845,-0.011989,266.748001
0.291335,0.075989,-0.077074,98.838673
0.090247,0.061577,-0.007175,283.202719
0.808886,0.005835,-0.531536,-494.432872
0.788336,0.070115,-0.508439,-470.831225
0.191133,0.098034,-0.033579,193.973890
0.796837,0.067495,-0.521972,-483.289045
0.794391,0.096917,-0.518037,-479.690015
0.027197,0.087396,0.006569,337.402882
0.055918,0.011270,0.000759,312.920175
-0.001509,0.051916,0.013071,361.744177
0.790285,0.019327,-0.511502,-473.663608
0.763472,0.054546,-0.471075,-435.371755
0.808895,0.092065,-0.531522,-494.436193
0.748223,0.079884,-0.449622,-414.273535
0.032843,0.004104,-0.001687,331.476933
0.788517,0.000416,-0.501611,-466.405991
0.121336,0.058725,-0.015324,255.872043
0.473646,0.096468,-0.183281,-87.348798
0.276600,0.061207,-0.070500,112.989793
0.808996,0.095306,-0.531337,-494.355066
0.792417,0.049590,-0.514883,-476.785945
-0.002520,0.091495,0.004898,361.479231
0.215037,0.087099,-0.045624,170.962088
0.218089,0.061585,-0.046763,168.132119
0.283871,0.020316,-0.073715,106.025717
0.793579,0.064886,-0.516736,-478.492370
0.051953,0.003944,-0.003564,315.420044
-0.009153,0.066552,-0.000167,366.255432
0.122134,0.038387,-0.015547,255.166424
0.291272,0.035278,-0.077047,98.903403
0.331535,0.082130,-0.096287,59.671527
0.177013,0.098295,-0.029211,206.713424
0.173321,0.038394,-0.031047,209.247477
0.272196,0.005505,-0.064415,118.649995
0.763477,0.083744,-0.471083,-435.382448
0.290603,0.026040,-0.076744,99.549100
0.750189,0.001581,-0.451278,-416.273910
0.201036,0.098372,-0.036820,184.973983
0.798161,0.021473,-0.524113,-485.237560
0.798939,0.024292,-0.525379,-486.390224
-0.001598,0.017479,0.005942,360.871611
-0.003179,0.008051,0.003689,361.865894
0.009905,0.046313,0.009696,351.990193
0.140494,0.056778,-0.020809,238.825149
0.143341,0.066706,-0.021654,236.277943
0.101883,0.097530,-0.011003,272.828619
0.773176,0.096481,-0.481071,-446.284762
0.751812,0.080457,-0.454579,-419.199105
0.768106,0.024643,-0.477803,-441.873004
0.011754,0.069717,0.009376,350.434263
0.049829,0.036103,0.002055,318.137852
0.053253,0.095715,-0.003713,314.313453
0.161703,0.023293,-0.027302,219.771984
0.754690,0.084001,-0.458595,-423.167965
0.148440,0.069344,-0.023188,231.707072
0.323814,0.026067,-0.092451,67.264893
0.761198,0.073246,-0.467811,-432.199028
-0.001685,0.014012,0.005984,360.948470
0.225360,0.025322,-0.049514,161.372401
0.759971,0.049711,-0.466057,-430.486127
-0.002847,0.054068,0.010754,362.526494
0.202070,0.072209,-0.040901,182.947546
-0.004415,0.084191,0.000912,362.502747
0.110439,0.002510,-0.012647,265.441842
0.063329,0.055490,-0.000858,306.542748
-0.011171,0.043882,-0.003664,367.466859
-0.005929,0.086014,-0.001384,363.442762
0.785354,0.006477,-0.503785,-466.494851
0.799009,0.077884,-0.525498,-486.502463
-0.003251,0.047385,0.010055,362.763788
0.486966,0.003302,-0.193258,-101.969777
0.809426,0.099992,-0.530501,-493.975659
0.365649,0.000030,-0.108558,28.104434
0.240731,0.065513,-0.055508,146.987709
0.254304,0.056590,-0.061016,134.196116
-0.008768,0.064208,0.000499,366.025989
0.791532,0.051077,-0.513476,-475.490148
0.042523,0.075053,0.003565,324.377540
0.140319,0.019030,-0.020760,238.985018
0.205118,0.041728,-0.041997,180.140277
0.209149,0.033375,-0.043460,176.418198
0.102337,0.072740,-0.010234,272.621525
0.809424,-0.000047,-0.530504,-493.966364
0.761105,0.059780,-0.467676,-432.066585
0.143751,0.099043,-0.020100,236.318342
0.039584,0.001875,-0.002281,325.828009
0.022574,0.026152,0.007427,341.318450
0.761577,0.017011,-0.468350,-432.719336
0.092043,0.039937,-0.007622,281.637031
0.020331,0.046598,0.007841,343.211146
0.220137,0.051933,-0.047532,166.231120
0.795448,0.060983,-0.519732,-481.239697
0.798054,0.090476,-0.523945,-485.090615
0.050508,0.004940,-0.003406,316.637842
0.775044,0.052504,-0.488074,-451.701892
0.431124,0.097756,-0.153205,-41.486467
0.031529,0.040685,0.005738,333.734645
0.060262,0.057852,-0.000181,309.183211
0.755216,0.060755,-0.459331,-423.891182
0.253793,0.081131,-0.060803,134.677160
0.773003,0.076835,-0.485029,-448.803611
-0.011184,0.039065,-0.003686,367.475021
0.783232,0.002856,-0.494455,-459.449243
0.031668,0.040781,0.005711,333.616047
0.778932,0.072841,-0.493936,-457.257428
0.050981,0.027143,0.001812,317.151741
-0.002520,0.006809,0.005163,361.522777
0.045794,0.064216,0.002896,321.585964
0.230253,0.059907,-0.051394,156.802713
-0.000000,-0.000000,-0.000000,358.759288
0.751352,0.064805,-0.453940,-418.564079
0.015017,0.087953,0.008802,347.687470
0.142789,0.070228,-0.021489,236.771636
0.154150,0.018411,-0.024940,226.580739
-0.008709,0.043826,0.000601,365.993023
0.094959,0.038053,-0.008353,279.088369
0.809424,-0.000047,-0.530504,-493.966364
0.283920,0.072294,-0.073735,105.973285
0.749679,0.032942,-0.451625,-416.262730
0.762117,0.031436,-0.469125,-433.474486
0.136611,0.063343,-0.019668,242.292700
0.144108,0.004334,-0.020190,236.012982
0.074967,0.004819,-0.006543,295.911191
0.785080,0.098884,-0.496993,-461.919906
0.323019,0.052928,-0.092059,68.042008
0.185454,0.049216,-0.035103,198.194150
0.042914,0.088272,0.003487,324.042794
0.374116,0.075161,-0.118776,17.243863
0.173529,0.075860,-0.031113,209.054841
0.759412,0.066777,-0.465262,-429.710253
0.100044,0.032751,-0.009646,274.636299
0.365634,0.000413,-0.108608,28.094707
0.797550,0.083275,-0.523127,-484.343717
0.499642,0.001491,-0.202985,-116.005354
0.118437,0.047021,-0.014526,258.438730
0.105266,0.097703,-0.011640,269.907473
0.143998,0.082553,-0.021849,235.687881
0.757754,0.058336,-0.462908,-427.405633
0.293548,0.030497,-0.078084,96.709094
0.006564,0.001614,0.010266,354.798337
0.036679,0.024240,0.004731,329.359991
-0.002224,0.016758,0.004775,361.227288
0.240485,0.028573,-0.055413,147.221699
0.251645,0.094924,-0.055670,138.109585
0.306987,0.067338,-0.084330,83.689135
0.800733,0.003356,-0.518428,-482.535877
0.743662,0.083440,-0.443400,-408.047977
0.131664,0.069658,-0.018236,246.700096
0.159018,0.051324,-0.026454,222.192363
0.748557,0.076678,-0.450081,-414.730654
0.772272,0.051163,-0.483943,-447.764041
0.365564,0.004496,-0.109040,27.968030
0.767237,0.024257,-0.476533,-440.649197
0.753633,0.054505,-0.457114,-421.703808
0.079403,0.094875,-0.007205,292.118745
-0.010812,0.034353,-0.003042,367.252179
0.160492,0.035707,-0.026919,220.863636
0.211842,0.051187,-0.044446,173.925272
0.032079,0.081056,0.005635,333.264027
0.329118,0.082805,-0.095078,62.049672
0.760070,0.079825,-0.466199,-430.627313
0.046808,0.029609,0.002684,320.722493
0.047231,0.077411,0.002600,320.356476
0.794224,0.059661,-0.517767,-479.438434
0.476740,0.095528,-0.185571,-90.734011
-0.006665,0.057158,0.004140,364.776582
0.110670,0.032097,-0.012426,265.296772
0.274912,0.032083,-0.069764,114.607047
0.742257,0.069717,-0.441501,-406.135942
0.059353,0.032744,0.000016,309.967067
0.036816,0.038849,0.004705,329.241979
0.211198,0.035904,-0.044210,174.523005
0.147313,0.099998,-0.020996,233.174414
0.766938,0.071280,-0.476099,-440.235267
0.758515,0.088029,-0.463989,-428.467171
0.136243,0.070251,-0.019560,242.619638
0.012519,0.038114,0.009240,349.793648
0.227290,0.066060,-0.050251,159.568915
0.012138,0.066875,0.009309,350.112310
0.210529,0.079235,-0.043962,175.137610
0.773874,0.066572,-0.486327,-450.040222
0.774144,0.001750,-0.482310,-447.514860
0.143361,0.002904,-0.020004,236.672354
0.777731,0.021508,-0.492115,-455.531635
0.080868,0.003812,-0.007428,290.877434
0.322438,0.024708,-0.091775,68.614613
-0.005815,0.006147,-0.000430,363.482582
0.778899,0.062483,-0.493885,-457.208276
0.107476,0.032875,-0.011579,268.108776
0.050736,0.030613,0.001864,317.361834
-0.001786,0.013986,0.005789,361.004673
0.787912,0.002505,-0.500787,-465.607699
0.398461,0.001836,-0.131905,-7.120573
-0.011309,0.057600,-0.003903,367.548695
0.008041,0.055449,0.010018,353.554142
0.063055,0.051438,-0.000797,306.779351
-0.004706,0.007499,0.001108,362.775013
0.776138,0.095691,-0.485001,-450.169226
0.255096,0.033822,-0.061344,133.449709
0.036804,-0.000001,-0.002027,328.159867
0.056908,0.000869,-0.004131,311.237945
0.798100,0.011551,-0.524014,-485.145893
0.235339,0.020812,-0.053379,152.049172
0.808746,0.072334,-0.531903,-494.626282
0.153592,0.099129,-0.022622,227.617468
-0.000726,0.017593,0.007630,360.384503
0.263834,0.027413,-0.065004,125.164567
0.057704,0.098367,-0.004229,310.554433
0.078961,0.046595,-0.004445,293.026390
0.138699,0.095743,-0.018862,240.767186
0.027650,0.026294,0.006478,337.024314
-0.009092,0.030660,-0.000062,366.222685
0.196372,0.024035,-0.038883,188.193183
0.068414,0.088843,-0.001997,302.153724
0.784270,0.029617,-0.502107,-464.930225
0.262339,0.026461,-0.064372,126.585279
0.119915,0.033367,-0.014933,257.131987
0.053476,0.066274,0.001287,315.010416
0.786691,0.097237,-0.505870,-468.446159
-0.001201,0.084817,0.006851,360.662014
0.075353,0.094652,-0.006600,295.572449
0.046904,0.086146,0.002668,320.635221
0.046864,0.020871,0.002671,320.674945
0.083742,0.050010,-0.005587,288.871419
0.752784,0.052880,-0.455930,-420.533468
-0.004254,0.058248,0.008318,363.351937
0.202184,0.013119,-0.040945,182.848338
-0.000861,0.085868,0.007596,360.483383
-0.002780,0.083794,0.003752,361.539192
0.364998,0.000480,-0.109740,28.112457
0.775845,0.028404,-0.489274,-452.840064
0.169854,0.014560,-0.029917,212.396345
-0.002367,0.059870,0.011585,362.245011
-0.004070,0.056920,0.008636,363.244031
0.765441,0.060414,-0.473923,-438.131826
0.748455,0.050680,-0.449939,-414.586434
0.182592,0.045837,-0.034133,200.807300
0.794409,0.034882,-0.518062,-479.706774
0.117261,0.024071,-0.014206,259.480442
0.147137,0.084286,-0.022792,232.874861
0.227814,0.056193,-0.050453,159.080767
0.764231,0.098835,-0.469332,-434.580669
0.743751,0.028737,-0.443519,-408.161509
0.248265,0.048398,-0.058541,139.900001
0.076847,0.082332,-0.003944,294.856451
0.081580,0.060260,-0.005067,290.750310
-0.005422,0.013284,-0.000557,363.142311
0.026286,0.032425,0.006736,338.178310
0.790432,0.007258,-0.511733,-473.876656
0.048775,0.073723,0.002278,319.036509
0.151258,0.060980,-0.024048,229.177560
-0.004934,0.010143,0.000444,362.874029
0.744618,0.077190,-0.444697,-409.349222
0.173416,0.058557,-0.031077,209.159701
0.174052,0.048166,-0.031287,208.583186
0.028144,0.038526,0.006385,336.605016
0.034927,0.072153,0.005080,330.845175
0.365267,0.095416,-0.109758,27.885730
0.023593,0.016991,0.007238,340.458042
-0.012278,0.056505,-0.005581,368.131951
0.283545,0.012195,-0.073571,106.339177
-0.002582,0.061523,0.011213,362.370424
-0.004788,0.053653,0.007392,363.667231
0.778024,0.060094,-0.492559,-455.955120
0.774751,0.024402,-0.487634,-451.281038
-0.009645,0.063587,-0.001021,366.550311
0.744594,0.099514,-0.444273,-409.064522
0.788794,0.045233,-0.509157,-471.495157
0.150077,0.086855,-0.023685,230.235989
0.153913,0.004623,-0.022709,227.342118
0.302176,0.016764,-0.082072,88.364562
0.755416,0.021068,-0.459610,-424.162112
-0.003041,0.006050,0.004290,361.833035
0.014824,0.039635,0.008833,347.854251
0.778034,0.056156,-0.492575,-455.969598
0.093127,0.000213,-0.009432,280.377429
0.221732,0.033444,-0.048135,164.749762
0.086033,0.065902,-0.006141,286.876310
0.080777,0.098080,-0.007411,290.946176
0.137009,0.021559,-0.019787,241.941057
-0.001452,0.091187,0.006970,360.882547
0.760748,0.073055,-0.467166,-431.570633
0.291612,0.039578,-0.077201,98.575596
-0.000000,0.100000,-0.000000,358.749391
0.120202,0.028876,-0.015013,256.878167
0.242341,0.050320,-0.056152,145.476272
0.049104,0.013350,0.002205,318.759878
0.752344,0.077047,-0.455318,-419.930912
0.789443,0.066652,-0.510178,-472.443593
0.763608,0.026664,-0.471270,-435.558307
0.194401,0.005269,-0.034636,191.019211
0.372121,0.000918,-0.115865,20.032547
0.157013,0.053058,-0.025827,223.999820
0.768193,0.087818,-0.477934,-442.004809
0.098778,0.011447,-0.009323,275.747955
0.776176,0.051473,-0.489773,-453.315097
0.091293,0.021961,-0.007437,282.293366
0.749888,0.084325,-0.451916,-416.556892
0.083421,0.056164,-0.005509,289.150288
0.784474,0.052304,-0.502424,-465.228991
0.757787,0.036431,-0.462954,-427.448565
0.743042,0.014206,-0.442559,-407.195099
0.230417,0.074442,-0.051456,156.648364
0.260787,0.058903,-0.063717,128.055116
-0.004202,0.090431,0.001682,362.429685
-0.007343,0.057467,0.002966,365.178805
0.781967,0.095833,-0.492795,-457.823806
0.745473,0.043843,-0.445860,-410.510836
0.767231,0.055904,-0.476525,-440.644890
0.766658,0.073346,-0.475692,-439.842639
0.060363,0.059344,-0.000203,309.095827
0.365149,0.096355,-0.109909,27.913664
0.793811,0.027901,-0.517104,-478.827094
0.100278,0.024804,-0.009706,274.432456
0.096807,0.084288,-0.008816,277.467594
0.295300,0.066594,-0.078885,95.013223
0.755758,0.070711,-0.460094,-424.642748
-0.002635,0.089812,0.004464,361.515241
0.223577,0.065519,-0.048832,163.029417
0.772221,0.058136,-0.483866,-447.691711
-0.001577,0.045463,0.012953,361.784633
0.160918,0.099007,-0.024594,221.108665
0.305477,0.051262,-0.083618,85.157858
-0.000000,-0.000000,-0.000000,358.759288
0.178367,0.059345,-0.032715,204.656518
0.148454,0.057253,-0.023193,231.695519
0.106288,0.028197,-0.011267,269.154531
0.169528,0.065880,-0.029807,212.687467
-0.005233,0.090355,0.000025,363.056578
0.751291,0.015899,-0.453853,-418.473273
0.366113,0.099301,-0.107843,28.032919
0.166636,0.004937,-0.026193,216.019215
0.170676,0.012288,-0.030184,211.651052
0.760314,0.025841,-0.466545,-430.960166
0.033929,0.097989,-0.001779,330.558350
0.776030,0.001329,-0.484815,-449.989225
-0.000771,0.081984,0.007519,360.400157
0.083842,0.097228,-0.007893,288.325615
0.796974,0.017251,-0.522189,-483.482594
0.054177,0.003134,-0.003816,313.543943
0.774269,0.029838,-0.486914,-450.596023
0.010092,0.076269,0.009666,351.831075
-0.006085,0.091529,-0.001154,363.600892
0.777359,0.030349,-0.491552,-454.999952
0.750195,0.000623,-0.451286,-416.281965
0.795293,0.033807,-0.519481,-481.007751
0.760583,0.022200,-0.466928,-431.333609
-0.000000,0.100000,-0.000000,358.749391
0.140458,0.079223,-0.020797,238.855288
0.809426,0.099992,-0.530501,-493.975659
-0.000000,-0.000000,-0.000000,358.759288
-0.004677,0.011006,0.000776,362.706785
0.066089,0.054642,-0.001475,304.163812
-0.005569,0.089270,-0.000593,363.250479
0.744830,0.055636,-0.444985,-409.635492
0.786664,0.082202,-0.505827,-468.404913
0.801004,0.050575,-0.528759,-489.460354
-0.007484,0.069755,0.002722,365.261429
0.039338,0.030647,0.004203,327.095781
0.783675,0.062356,-0.501191,-464.075978
0.229880,0.085377,-0.051248,157.148891
0.033400,0.098596,-0.001735,331.000677
0.205360,0.057402,-0.042084,179.915784
0.809424,-0.000047,-0.530504,-493.966364
0.809268,0.005570,-0.530862,-494.140800
0.232636,0.075048,-0.052318,154.573515
0.038951,-0.000110,-0.002220,326.359956
0.742366,0.023965,-0.441647,-406.278610
0.017430,0.046126,0.008367,345.658516
-0.002443,0.085633,0.004487,361.361573
0.052143,0.055630,0.001569,316.153763
0.221545,0.016778,-0.048065,164.924484
0.800801,0.073209,-0.528427,-489.161390
0.791938,0.073251,-0.514123,-476.088169
0.245470,0.080449,-0.057408,142.529780
0.288435,0.066123,-0.075761,101.633028
-0.005682,0.049803,0.005843,364.195406
0.209361,0.055654,-0.043537,176.219745
0.759082,0.097007,-0.462663,-427.862513
0.808825,0.092977,-0.531644,-494.488664
-0.003337,0.010444,0.003109,361.917632
0.127665,0.043865,-0.017097,250.259291
0.796525,0.055567,-0.521467,-482.825830
-0.002160,0.044359,0.011943,362.125459
0.459866,0.095814,-0.173245,-72.346234
0.234246,0.054563,-0.052948,153.068934
0.809424,-0.000047,-0.530504,-493.966364
0.784195,0.019585,-0.501990,-464.820136
0.759414,0.016572,-0.465263,-429.706476
0.770389,0.038211,-0.481157,-445.096500
0.201062,0.041236,-0.040543,183.878157
0.260649,0.042182,-0.063660,128.188039
-0.002362,0.003482,0.006056,361.512746
0.760208,0.058665,-0.466395,-430.816489
0.040865,0.050161,0.003898,325.792890
-0.009456,0.054049,-0.000693,366.438082
0.009270,0.068148,0.009808,352.521962
0.155289,0.096970,-0.023073,226.111436
0.772443,0.057564,-0.484196,-448.006590
0.157054,0.000582,-0.023545,224.555131
-0.008145,0.058466,0.001578,365.655185
0.770488,0.074664,-0.481305,-445.242046
0.311007,0.033143,-0.086240,79.781789
0.089113,0.036865,-0.006897,284.194378
0.105784,0.088101,-0.011130,269.592512
-0.006780,0.059829,0.003941,364.844459
0.767238,0.022927,-0.476535,-440.651108
0.031371,0.088302,0.005772,333.864299
0.035017,0.060528,0.005061,330.770404
-0.004727,0.009435,0.000841,362.756393
0.784302,0.072982,-0.502160,-464.983935
0.754277,0.085409,-0.458016,-422.597262
0.187768,0.064462,-0.035893,196.076492
0.105714,0.003416,-0.011726,269.530817
-0.004624,0.085541,0.000636,362.637501
-0.005157,0.092142,0.000347,363.036241
0.162811,0.068037,-0.027651,218.766437
0.796852,0.062121,-0.521996,-483.310248
-0.001080,0.016931,0.006979,360.586417
0.758543,0.013378,-0.464024,-428.494731
0.146728,0.079536,-0.022669,233.241890
-0.004199,0.043290,0.008412,363.321600
0.792128,0.098936,-0.514427,-476.370580
0.026014,0.067787,0.006790,338.405804
0.769546,0.001006,-0.476241,-441.491371
0.772619,0.022514,-0.484456,-448.251640
0.758350,0.020667,-0.463751,-428.227365
0.033536,0.011233,0.005347,332.032975
0.088452,0.079284,-0.006731,284.766728
0.136844,0.071589,-0.019735,242.083651
-0.006547,0.008011,-0.001807,363.903152
0.200892,0.012933,-0.040484,184.037430
0.223678,0.020646,-0.048873,162.939800
-0.005862,0.093425,-0.000566,363.494714
0.775369,0.099196,-0.483982,-449.162654
0.142160,0.057702,-0.021303,237.335443
0.157700,0.086141,-0.026039,223.377742
0.786670,0.053450,-0.505834,-468.409080
-0.001004,0.090029,0.007711,360.615552
0.789255,0.069804,-0.509882,-472.169736
0.090204,0.021693,-0.007167,283.243712
-0.010380,0.044549,-0.002293,366.991954
0.788519,0.047621,-0.508724,-471.094269
0.787392,0.012768,-0.506957,-469.450183
0.166466,0.087193,-0.028818,215.458966
0.760235,0.097040,-0.464151,-429.365698
-0.007330,0.087951,-0.003397,364.330224
0.772708,0.086059,-0.484592,-448.387726
0.326424,0.025410,-0.093741,64.703909
0.796858,0.052336,-0.522004,-483.316458
-0.010262,0.044804,-0.002089,366.921148
0.799216,0.037150,-0.525833,-486.803884
0.777662,0.013209,-0.492010,-455.431605
0.747252,0.012184,-0.448288,-412.935777
-0.005165,0.088096,-0.000062,362.988759
0.281616,0.050842,-0.072711,108.186589
-0.006132,0.057292,0.005064,364.460813
0.057300,0.021259,0.000462,311.732574
0.085568,0.000749,-0.008168,286.859263
0.021682,0.086410,0.007597,342.067433
0.033423,0.041711,0.005371,332.126470
0.779869,0.020649,-0.495357,-458.592930
0.802564,0.089130,-0.531330,-491.789969
0.104164,0.066971,-0.010708,271.017659
-0.003552,0.035607,0.009533,362.941746
0.181033,0.000070,-0.030423,203.108761
-0.001543,0.012390,0.006396,360.887550
0.769718,0.015594,-0.480168,-444.145468
0.762628,0.043880,-0.469860,-434.190560
0.365127,0.095279,-0.110169,27.822403
0.763794,0.019557,-0.471537,-435.816718
0.069871,0.038070,-0.002332,300.899876
0.753497,0.079196,-0.456926,-421.520899
-0.000759,0.084570,0.007699,360.414662
0.808574,0.075628,-0.532201,-494.754687
0.790641,0.095536,-0.504535,-469.233843
0.754984,0.079255,-0.459007,-423.573385
-0.001551,0.012484,0.006371,360.891096
0.784809,0.003159,-0.496583,-461.523619
0.809424,-0.000047,-0.530504,-493.966364
0.208114,0.099801,-0.039224,178.508911
0.075736,0.072460,-0.003684,295.820998
0.753846,0.043240,-0.457412,-421.996863
0.302796,0.047424,-0.082360,87.760650
0.114969,0.031546,-0.013582,261.504919
0.050351,0.098968,-0.003375,316.763076
0.771172,0.029989,-0.482312,-446.202341
0.771087,0.064621,-0.482188,-446.086836
0.748356,0.031021,-0.449803,-414.448791
0.051175,0.069331,0.001775,316.982477
0.039047,0.005289,-0.002234,326.277756
0.780079,0.087964,-0.495680,-458.904144
0.350256,0.069125,-0.105897,41.141656
-0.001838,0.008343,0.006271,361.112587
-0.004033,0.040042,0.008699,363.224186
0.784214,0.004910,-0.495778,-460.739946
0.229564,0.025518,-0.051129,157.449599
0.745237,0.085972,-0.445540,-410.194496
-0.003107,0.008949,0.003703,361.808651
-0.003380,0.038101,0.009831,362.840517
0.139318,0.065765,-0.020461,239.875302
0.102988,0.095663,-0.011209,271.875062
0.798362,0.002684,-0.524440,-485.533355
-0.006951,0.046070,0.003646,364.946958
0.043469,0.031120,0.003369,323.574126
-0.006254,0.094216,-0.001058,363.752267
0.087407,0.067750,-0.006476,285.679002
0.767174,0.045462,-0.476443,-440.564335
0.787326,0.043674,-0.506857,-469.359359
0.008900,0.023348,0.009868,352.836032
0.018390,0.058460,0.008195,344.848038
0.808634,0.071870,-0.532099,-494.710171
-0.007619,0.029951,0.002488,365.345550
-0.003690,0.089659,0.002485,362.115749
0.795366,0.045619,-0.519599,-481.116809
0.767252,0.039489,-0.476556,-440.672544
-0.007072,0.051145,0.003436,365.018429
0.098790,0.086409,-0.009321,275.730360
-0.009964,0.035429,-0.001573,366.743674
0.748588,0.058570,-0.450123,-414.770473
0.316996,0.060677,-0.089119,73.935467
-0.001615,0.014581,0.006080,360.904294
0.790887,0.001233,-0.512452,-474.540238
-0.005257,0.006348,0.000407,363.135166
0.749959,0.088606,-0.452014,-416.654681
0.128785,0.070700,-0.017413,249.260977
0.060164,0.097356,-0.004535,308.472945
0.792958,0.051618,-0.515743,-477.578438
0.184088,0.066783,-0.034638,199.439633
0.755598,0.030820,-0.459867,-424.415587
0.802286,0.088913,-0.530872,-491.375779
0.049577,0.022446,0.002107,318.354218
0.792458,0.030317,-0.514947,-476.843046
0.122191,0.055411,-0.015561,255.114507
0.116402,0.005213,-0.013857,260.266912
0.068726,0.039089,-0.002071,301.888715
0.792466,0.081184,-0.514963,-476.863108
0.752487,0.084055,-0.455518,-420.129051
0.749377,0.030423,-0.451208,-415.847579
0.122652,0.050143,-0.015690,254.706459
0.014732,0.078999,0.008852,347.928574
0.167845,0.069272,-0.029263,214.212210
0.763911,0.083796,-0.471710,-435.990563
0.111043,0.021714,-0.012527,264.968717
0.154950,0.028207,-0.025187,225.859898
0.745174,0.004969,-0.444972,-409.785688
-0.000732,0.087635,0.007999,360.432259
0.107227,0.051317,-0.011512,268.326650
0.107707,0.045531,-0.011639,267.904602
0.800745,0.063508,-0.528334,-489.076927
0.049521,0.088037,0.002123,318.396533
0.134339,0.066406,-0.019007,244.318198
0.356259,0.053977,-0.109070,35.160369
0.203281,0.018710,-0.041338,181.836145
0.789296,0.064826,-0.509946,-472.227993
0.168620,0.049054,-0.029515,213.511280
-0.000000,0.100000,-0.000000,358.749391
0.754065,0.049126,-0.457719,-422.300328
0.017970,0.016368,0.008267,345.206166
0.751886,0.015951,-0.454679,-419.291524
0.753349,0.099384,-0.455321,-420.406149
0.262138,0.032937,-0.064287,126.775734
0.780520,0.088516,-0.496352,-459.536787
0.204902,0.013241,-0.041921,180.342456
0.053507,0.001069,-0.003731,314.110588
0.775018,0.055965,-0.488035,-451.665240
0.238573,0.017132,-0.054654,149.017885
0.009042,0.010593,0.009843,352.717877
0.765625,0.088224,-0.474191,-438.394149
0.790884,0.063338,-0.512452,-474.546031
0.252886,0.017718,-0.060433,135.540598
0.772925,0.001768,-0.480696,-445.916747
0.161932,0.014141,-0.027376,219.565717
0.752948,0.061010,-0.456160,-420.761586
0.800890,0.072380,-0.528573,-489.293643
0.169906,0.086770,-0.029929,212.342548
0.751313,0.018885,-0.453884,-418.503971
0.078897,0.079649,-0.004427,293.079039
-0.006329,0.017763,-0.002198,363.671079
-0.011229,0.055957,-0.003764,367.500676
0.747216,0.015577,-0.448238,-412.886527
0.117149,0.076871,-0.014171,259.574507
0.756122,0.096303,-0.458861,-424.009148
0.783023,0.098488,-0.494219,-459.214710
0.778207,0.055465,-0.492836,-456.216849
0.789301,0.021907,-0.509951,-472.228670
0.140039,0.000937,-0.019187,239.598911
0.788513,0.002307,-0.501603,-466.399231
0.228993,0.050732,-0.050907,157.981035
-0.006911,0.035986,0.003714,364.924467
0.050511,0.065219,0.001914,317.551253
0.777517,0.045107,-0.491792,-455.228102
0.800585,0.032512,-0.528071,-488.834867
0.227999,0.052289,-0.050524,158.908162
0.107999,0.005404,-0.012167,267.553641
0.784419,0.035150,-0.502338,-465.146541
0.036403,0.030587,0.004786,329.593889
0.026687,0.071642,0.006664,337.835810
0.169122,0.099511,-0.026898,213.787790
0.744177,0.002275,-0.443726,-408.497525
0.286755,0.079676,-0.075003,103.248219
0.185455,0.019036,-0.035105,198.195769
-0.006616,0.018079,-0.002657,363.846134
0.054989,0.097785,-0.003907,312.848844
-0.011265,0.042833,-0.003826,367.523298
0.289574,0.020043,-0.076278,100.541065
-0.001978,0.093812,0.006329,361.225820
0.476004,0.096143,-0.185026,-89.928550
0.785796,0.068539,-0.504475,-467.144584
0.366125,0.003883,-0.107927,28.000194
-0.006768,0.043695,0.003963,364.838637
0.127854,0.003897,-0.016334,250.285966
-0.004712,0.052583,0.007523,363.622636
0.030545,0.072418,0.005930,334.565955
0.776961,0.059909,-0.490955,-454.436624
-0.012224,0.034260,-0.005487,368.101481
0.205658,0.015504,-0.042194,179.644727
0.759892,0.005258,-0.463669,-428.883367
0.272600,0.069857,-0.068757,116.811480
0.756850,0.050959,-0.461631,-426.151608
0.012371,0.001365,0.009263,349.921966
0.012574,0.088204,0.009234,349.743517
0.044674,0.011688,0.003121,322.546749
-0.008302,0.030146,0.001305,365.751908
0.773839,0.084281,-0.486276,-449.993310
0.211736,0.004740,-0.040490,175.199433
0.122174,0.053333,-0.015557,255.129854
-0.002589,0.010297,0.004542,361.495846
0.775725,0.036273,-0.489095,-452.669957
-0.006996,0.064971,0.003567,364.972098
0.033928,0.000999,-0.001780,330.568305
0.204700,0.004669,-0.038060,181.640603
0.770633,0.068259,-0.481519,-445.445875
0.037153,0.084547,0.004642,328.951807
0.024401,0.074510,0.007092,339.770296
0.742452,0.020482,-0.441762,-406.394545
0.766226,0.031292,-0.475061,-439.228987
0.780802,0.062274,-0.496781,-459.938215
0.035877,0.097579,-0.001946,328.927008
-0.006806,0.012626,-0.002638,364.006315
0.783536,0.094626,-0.494904,-459.884787
0.091923,0.068221,-0.007590,281.739223
0.744695,0.022415,-0.444800,-409.446577
0.029314,0.045662,0.006163,335.612459
0.055580,0.077542,0.000837,313.204584
0.069885,0.049676,-0.002335,300.886569
0.797027,0.002758,-0.522275,-483.559497
0.491755,0.098954,-0.196894,-107.265554
0.767540,0.013294,-0.476975,-441.073940
0.028442,0.071634,0.006331,336.349362
-0.011282,0.051366,-0.003856,367.532871
0.158573,0.001664,-0.023955,223.205315
0.793028,0.040155,-0.515854,-477.679467
-0.005798,0.095088,-0.000204,363.489621
0.774607,0.085828,-0.487422,-451.084817
0.365297,0.002488,-0.109390,28.027786
-0.000000,-0.000000,-0.000000,358.759288
0.764417,0.031182,-0.472437,-436.690785
0.774698,0.055567,-0.487556,-451.209351
0.045330,0.040012,0.002989,321.984178
0.784716,0.004368,-0.496456,-461.400321
0.779895,0.001937,-0.489973,-455.063391
0.809268,0.094067,-0.530862,-494.150133
0.095393,0.097065,-0.009829,278.419051
0.744529,0.015217,-0.444574,-409.219332
0.775289,0.014046,-0.488439,-452.045570
-0.006821,0.087557,-0.002646,364.009571
0.768361,0.063284,-0.478179,-442.237867
0.792882,0.052372,-0.515624,-477.468579
0.789645,0.077997,-0.510497,-472.739191
0.786983,0.085895,-0.506325,-468.868562
0.152655,0.055624,-0.024477,227.922249
0.800113,0.053168,-0.527299,-488.136765
0.768982,0.067402,-0.479089,-443.113797
0.008162,0.013859,0.009994,353.456463
0.035407,0.099951,-0.001905,329.320438
0.063310,0.055108,-0.000854,306.558975
0.365346,0.099046,-0.109218,28.050598
0.778130,0.003530,-0.487612,-452.744493
0.762275,0.037453,-0.469352,-433.696611
0.230428,0.072160,-0.051461,156.638224
0.364728,0.098813,-0.110457,28.009929
-0.003585,0.092080,0.002957,362.092280
0.761106,0.094946,-0.465274,-430.499494
0.781611,0.062876,-0.498019,-461.101945
0.105150,0.097627,-0.011617,270.007670
0.495127,0.003007,-0.199493,-110.993210
0.011669,0.001863,0.009386,350.512319
0.017443,0.056980,0.008366,345.646281
0.797824,0.041624,-0.523569,-484.743450
-0.008957,0.056406,0.000171,366.139841
0.182199,0.041486,-0.034001,201.166199
0.753646,0.056708,-0.457133,-421.722673
0.793323,0.094549,-0.508195,-472.763153
-0.008809,0.042378,0.000428,366.052569
-0.006508,0.011086,-0.002059,363.837359
-0.005662,0.012329,-0.000863,363.299251
0.011588,0.051314,0.009404,350.575534
0.795374,0.068133,-0.519614,-481.131957
0.391790,0.095929,-0.127732,-0.202520
-0.000879,0.017998,0.007310,360.466859
-0.008514,0.040946,0.000938,365.877138
0.772917,0.026427,-0.484900,-448.675475
0.039642,0.096878,-0.002287,325.769549
0.750934,0.075800,-0.453362,-417.992087
0.011138,0.095813,0.009486,350.950471
0.264513,0.022119,-0.065292,124.520365
0.095849,0.082477,-0.008574,278.305689
0.766667,0.059364,-0.475704,-439.852375
0.788028,0.003030,-0.500944,-465.760719
0.182599,0.011746,-0.034138,200.803675
0.778935,0.088046,-0.493942,-457.264421
0.015312,0.025357,0.008745,347.444341
0.246678,0.058876,-0.057897,141.394138
0.310892,0.018274,-0.086187,79.894626
0.791096,0.011991,-0.512784,-474.847812
0.293760,0.074761,-0.078179,96.499953
0.776923,0.095562,-0.486046,-451.199303
0.790837,0.061293,-0.512378,-474.476880
-0.002983,0.088043,0.003633,361.689281
0.288259,0.024133,-0.075683,101.806986
0.154295,0.099870,-0.022808,226.993249
0.097190,0.000765,-0.010147,276.883111
0.236739,0.028534,-0.053929,150.736616
-0.006677,0.030919,0.004121,364.785817
0.364991,0.019862,-0.113767,26.426563
0.234952,0.042171,-0.053225,152.409629
0.755663,0.066427,-0.459959,-424.509855
0.025200,0.055310,0.006941,339.095513
0.145659,0.044336,-0.022350,234.203686
0.088273,0.080629,-0.006687,284.923335
0.785897,0.034431,-0.504629,-467.284708
0.289888,0.080160,-0.076417,100.232124
0.002838,0.003431,0.010895,357.919809
0.371807,0.033852,-0.117500,19.574271
-0.010290,0.034988,-0.002138,366.939201
0.128378,0.097758,-0.016452,249.816954
0.061033,0.043117,-0.000351,308.520797
0.067171,0.003814,-0.005447,302.541651
-0.005140,0.086196,-0.000148,362.957414
-0.002722,0.062920,0.010971,362.451999
0.756334,0.071394,-0.460904,-425.439341
0.094480,0.029465,-0.008233,279.508729
0.365747,0.096361,-0.108676,27.967788
0.140058,0.073135,-0.020679,239.213381
-0.003107,0.088467,0.003435,361.764969
0.163900,0.051658,-0.027999,217.783967
0.798188,0.093485,-0.524162,-485.288750
0.773631,0.043478,-0.485963,-449.691337
0.306405,0.047180,-0.084056,84.256682
-0.005081,0.093814,0.000710,363.022162
0.760837,0.040302,-0.467292,-431.690084
0.761772,0.084576,-0.468632,-433.000089
0.238770,0.023607,-0.054732,148.832708
0.747920,0.020029,-0.449203,-413.849641
0.788184,0.095553,-0.501193,-466.000403
0.789346,0.001857,-0.502737,-467.496483
0.321594,0.014634,-0.091361,69.441829
0.026463,0.020415,0.006702,338.029913
0.797140,0.098686,-0.522463,-483.740106
0.047132,0.034920,0.002617,320.444510
0.070811,0.039335,-0.002547,300.086672
0.133782,0.096350,-0.017693,245.085184
0.748554,0.053963,-0.450076,-414.723513
0.799562,0.060374,-0.526399,-487.320619
0.262059,0.060733,-0.064252,126.848061
0.758097,0.095482,-0.461395,-426.579464
0.364579,0.098926,-0.110928,27.928150
0.045216,0.034299,0.003012,322.082477
0.043983,0.057602,0.003266,323.132673
0.763831,0.033230,-0.471592,-435.871307
0.260201,0.030785,-0.063472,128.613703
0.308883,0.037749,-0.085229,81.848310
0.365733,0.004305,-0.108690,27.983589
0.801035,0.064710,-0.528811,-489.509196
-0.006104,0.035451,0.005112,364.446429
0.109825,0.096236,-0.012525,265.963307
0.184528,0.012254,-0.034790,199.043369
-0.001343,0.064849,0.013359,361.645988
-0.001557,0.089685,0.006579,360.915855
0.457870,0.095172,-0.171813,-70.183019
-0.004508,0.014595,0.000817,362.573241
0.265981,0.012623,-0.065917,123.124383
0.041727,0.081471,0.003727,325.055388
0.808871,0.005765,-0.531562,-494.443860
0.203600,0.088791,-0.041448,181.535652
0.074190,0.049429,-0.003326,297.162574
0.364747,0.002127,-0.110648,27.927193
0.251485,0.046871,-0.059856,136.861298
-0.003485,0.068173,0.009649,362.899230
0.089273,0.054688,-0.006935,284.053625
0.795854,0.002869,-0.520380,-481.828004
0.132970,0.063557,-0.018612,245.537703
0.128548,0.001905,-0.016490,249.679308
-0.006146,0.090017,-0.001407,363.617845
0.784644,0.022405,-0.502685,-465.469948
0.757230,0.097628,-0.460282,-425.451755
0.122584,0.028707,-0.015672,254.769225
0.194658,0.060152,-0.038280,189.764350
0.204387,0.069115,-0.041732,180.811610
0.809424,-0.000047,-0.530504,-493.966364
0.786286,0.048093,-0.505236,-467.851824
0.016629,0.086630,0.008514,346.330180
0.035953,0.068927,0.004878,329.973575
0.792669,0.096017,-0.515287,-477.162240
0.754797,0.052051,-0.458743,-423.310965
0.173525,0.054629,-0.031113,209.060627
0.015053,0.071488,0.008794,347.658420
-0.000000,-0.000000,-0.000000,358.759288
0.790657,0.068497,-0.512092,-474.213943
0.079907,0.054496,-0.004669,292.204074
-0.005340,0.056335,0.006436,363.992530
0.776144,0.095287,-0.485008,-450.176633
0.790468,0.032717,-0.511791,-473.932436
0.256575,0.020190,-0.061958,132.051590
0.784764,0.005154,-0.496520,-461.463360
0.771480,0.020247,-0.482767,-446.637021
0.059642,0.075807,-0.000044,309.714768
0.764203,0.076894,-0.472131,-436.397967
0.758167,0.015259,-0.463492,-427.973502
-0.004311,0.010330,0.001428,362.492742
0.145256,0.029198,-0.022230,234.566132
0.782510,0.052373,-0.499397,-462.394142
0.034824,0.053033,0.005098,330.934888
0.797179,0.078846,-0.522526,-483.795691
0.784053,0.078442,-0.501775,-464.623948
0.037013,0.084349,0.004670,329.070639
0.754413,0.076914,-0.458207,-422.784664
0.794937,0.081761,-0.518911,-480.490049
0.744542,0.018320,-0.444591,-409.237107
0.783117,0.019389,-0.500328,-463.264521
0.166772,0.083477,-0.028916,215.182579
0.754292,0.044567,-0.458036,-422.612559
0.209528,0.000523,-0.039715,177.225078
0.788767,0.047549,-0.509115,-471.456204
0.792483,0.090264,-0.514991,-476.889283
-0.000000,0.100000,-0.000000,358.749391
0.786099,0.059068,-0.504945,-467.581541
0.315926,0.087582,-0.088600,74.978025
-0.003697,0.012882,0.002273,362.101552
0.196173,0.037517,-0.038812,188.375293
0.759993,0.039581,-0.466088,-430.515096
0.795623,0.023467,-0.520010,-481.490781
0.215361,0.003901,-0.041770,171.869520
-0.003356,0.090877,0.003217,361.939387
0.248489,0.049607,-0.058632,139.688100
0.747400,0.055520,-0.448492,-413.143621
0.079083,0.001912,-0.007152,292.402770
0.053966,0.037778,0.001180,314.592707
0.755059,0.073172,-0.459111,-423.675761
0.150327,0.098340,-0.021769,230.509066
0.364730,0.098839,-0.110444,28.013322
0.108130,0.036262,-0.011751,267.533216
0.769263,0.024912,-0.479499,-443.503823
0.144559,0.065764,-0.022018,235.187154
0.012132,0.077716,0.009311,350.116120
-0.004995,0.040389,0.007034,363.790513
-0.000780,0.090597,0.008217,360.500104
0.070915,0.060528,-0.002569,299.995049
0.128051,0.020707,-0.017208,249.918561
-0.009438,0.036869,-0.000662,366.428872
0.797358,0.037703,-0.522813,-484.053694
0.738549,0.096547,-0.436763,-401.268188
-0.000000,0.100000,-0.000000,358.749391
0.809424,-0.000047,-0.530504,-493.966364
0.193003,0.067512,-0.037702,191.281569
0.133093,0.000138,-0.017533,245.699851
0.107189,0.066642,-0.011501,268.358512
0.194909,0.047096,-0.038368,189.534498
-0.003534,0.087613,0.002595,362.002555
-0.001812,0.062971,0.012548,361.919688
0.809043,0.004528,-0.531255,-494.310071
0.779254,0.043602,-0.494423,-457.714635
0.075014,0.025421,-0.003519,296.450400
0.086363,0.005020,-0.008301,286.177939
0.788892,0.000391,-0.502122,-466.900201
0.789489,0.040261,-0.510248,-472.505816
0.795205,0.079722,-0.519343,-480.885071
0.757359,0.032792,-0.462348,-426.853936
-0.006613,0.092661,-0.001827,363.946645
0.753389,0.002165,-0.455338,-420.425131
0.180440,0.004977,-0.030246,203.641083
0.238845,0.064180,-0.054759,148.757773
-0.006276,0.005070,-0.000984,363.788511
0.037319,0.042259,0.004606,328.814110
0.126665,0.080905,-0.016812,251.143484
0.748633,0.055263,-0.450184,-414.831355
-0.009307,0.055408,-0.000436,366.349062
0.159784,0.063909,-0.026694,221.500100
0.035697,0.000843,-0.001930,329.087621
0.191615,0.077118,-0.037218,192.553484
0.036744,0.011782,0.004717,329.305626
0.119901,0.036978,-0.014929,257.144617
0.019722,0.066974,0.007954,343.723280
0.799208,0.081401,-0.525823,-486.798449
-0.002388,0.053336,0.011550,362.257456
0.240044,0.041409,-0.055236,147.635183
0.131962,0.056136,-0.018322,246.436074
0.771199,0.018692,-0.482352,-446.239612
0.267572,0.042296,-0.066594,121.607422
0.073417,0.097534,-0.006314,297.222591
0.768588,0.064323,-0.478510,-442.557333
0.798399,0.026805,-0.524501,-485.590989
0.798385,0.073747,-0.524482,-485.577818
0.787721,0.082150,-0.507477,-469.939325
-0.006740,0.015966,-0.002747,363.937068
0.120685,0.061074,-0.015144,256.447554
0.099265,0.036262,-0.009446,275.319114
0.287094,0.061371,-0.075157,102.923712
0.064372,0.057046,-0.001090,305.643722
0.760331,0.033923,-0.466570,-430.985074
0.181334,0.042332,-0.033709,201.955371
0.039319,0.003691,-0.002258,326.049926
0.142893,0.067208,-0.021520,236.678092
0.053946,0.002819,-0.003788,313.739448
0.428314,0.001222,-0.151319,-38.492501
0.162688,0.005485,-0.025086,219.541972
-0.004763,0.067021,0.007436,363.651097
0.792906,0.024071,-0.515660,-477.498889
-0.006841,0.034774,0.003837,364.882571
-0.000000,-0.000000,-0.000000,358.759288
0.746003,0.048559,-0.446581,-411.233677
0.005738,0.084435,0.010413,355.483776
0.776944,0.002382,-0.486032,-451.188963
0.088917,0.095961,-0.008720,283.980178
0.765263,0.095310,-0.470674,-435.926782
0.225540,0.051148,-0.049581,161.201341
0.042571,0.062257,0.003554,324.337429
0.045165,0.003404,-0.002831,321.138722
0.327555,0.088500,-0.094299,63.586317
0.048160,0.097214,-0.003143,318.608623
0.129998,0.076499,-0.017758,248.182553
0.794355,0.052680,-0.517976,-479.629705
0.280088,0.069859,-0.072034,109.649580
0.080901,0.080518,-0.004903,291.338863
-0.005237,0.088101,-0.000175,363.033360
0.033954,0.041902,0.005268,331.674979
0.808206,0.073713,-0.532840,-495.029071
0.770880,0.047585,-0.481882,-445.791604
0.790703,0.066136,-0.512166,-474.281937
0.783672,0.003144,-0.495048,-460.028035
-0.002523,0.015604,0.004263,361.404229
0.229357,0.072983,-0.051046,157.638827
0.779355,0.099952,-0.489297,-454.395080
0.164551,0.000004,-0.025602,217.882125
0.165089,0.036499,-0.028379,216.709870
0.091725,0.042254,-0.007543,281.914062
0.774228,0.001219,-0.482422,-447.626034
0.763481,0.024709,-0.471086,-435.380147
0.045647,0.028945,0.002923,321.714846
0.765655,0.088692,-0.474234,-438.436000
0.760125,0.030546,-0.466275,-430.697020
0.743686,0.094615,-0.443136,-407.888889
0.778469,0.047692,-0.493233,-456.590986
0.770902,0.045082,-0.481914,-445.822109
0.072253,0.054084,-0.002877,298.838250
0.788106,0.054728,-0.508078,-470.494943
0.316639,0.039917,-0.088947,74.286909
-0.005042,0.086231,0.000009,362.897214
-0.002438,0.010382,0.004828,361.410100
0.296293,0.037358,-0.079343,94.056783
-0.001600,0.092560,0.006869,360.989839
0.009792,0.018244,0.009714,352.087776
0.071854,0.096559,-0.006093,298.552261
0.786273,0.070762,-0.505217,-467.835754
0.121564,0.085781,-0.015385,255.666857
0.077249,0.077900,-0.004039,294.508631
-0.008703,0.062068,0.000611,365.987573
-0.007802,0.062995,0.002172,365.450882
-0.002407,0.095828,0.005857,361.513781
0.497737,0.001564,-0.201509,-113.889683
0.260388,0.080397,-0.063548,128.431609
-0.004700,0.085930,0.000534,362.686555
-0.010371,0.046425,-0.002277,366.986290
0.119634,0.071557,-0.014853,257.377385
0.762253,0.086372,-0.469323,-433.672465
0.003454,0.000729,0.010791,357.404765
0.776858,0.041250,-0.490799,-454.286953
-0.005159,0.033298,0.006750,363.887891
0.287686,0.030829,-0.075425,102.357614
0.789423,0.018659,-0.510143,-472.406097
0.163218,0.001495,-0.025231,219.070131
0.762584,0.059069,-0.469797,-434.131214
0.234662,0.074609,-0.053110,152.677418
0.084841,0.012321,-0.005855,287.918423
0.035757,0.099270,-0.001935,329.026701
-0.003247,0.013133,0.003059,361.837091
0.792776,0.044305,-0.515454,-477.311634
0.118387,0.051912,-0.014512,258.482222
0.004811,0.000063,0.010563,356.268001
0.096015,0.075500,-0.008616,278.161554
0.128993,0.084919,-0.017472,249.074574
0.308723,0.045281,-0.085153,82.003007
0.268928,0.031693,-0.067176,120.316814
-0.005121,0.090849,0.000251,362.994027
-0.010648,0.058123,-0.002758,367.151410
0.750621,0.000516,-0.451825,-416.833536
0.797494,0.097869,-0.523038,-484.264124
0.128433,0.085260,-0.017312,249.572772
0.141765,0.075092,-0.021184,237.686783
0.766955,0.041421,-0.476123,-440.255656
0.113013,0.048657,-0.013053,263.229223
0.743962,0.044794,-0.443806,-408.451365
0.057518,0.069725,0.000418,311.540370
0.754513,0.004073,-0.456769,-421.884343
-0.002605,0.092375,0.004863,361.543677
0.754941,0.040715,-0.458944,-423.507828
-0.004775,0.015589,0.000339,362.729005
-0.001986,0.012169,0.005542,361.135306
-0.002440,0.084371,0.004420,361.350132
0.761751,0.019810,-0.468600,-432.962289
0.779480,0.045566,-0.494766,-458.038320
0.178251,0.021186,-0.032679,204.766008
0.797851,0.058021,-0.523614,-484.785399
0.188189,0.001949,-0.032644,196.649609
0.029911,0.065812,0.006051,335.104872
0.073402,0.052070,-0.003143,297.844566
0.757933,0.029212,-0.463161,-427.650453
0.793308,0.087524,-0.516305,-478.098286
0.779985,0.018913,-0.495533,-458.758442
0.008036,0.042298,0.010018,353.559505
0.774055,0.018233,-0.486594,-450.290082
0.180571,0.047782,-0.033453,202.649800
0.778437,0.028801,-0.493183,-456.541921
0.809066,0.092960,-0.531220,-494.305625
0.809426,0.099992,-0.530501,-493.975659
-0.005843,0.015190,-0.001318,363.387128
0.809426,0.099992,-0.530501,-493.975659
0.228588,0.049648,-0.050751,158.358432
0.066979,0.099749,-0.005412,302.696257
0.771711,0.086473,-0.483112,-446.973228
0.776914,0.062002,-0.490884,-454.369461
0.774669,0.027190,-0.487512,-451.164506
0.799821,0.068635,-0.526823,-487.705760
0.081828,0.069409,-0.005126,290.534053
0.186740,0.082848,-0.035540,197.014927
0.771329,0.097632,-0.478631,-443.864755
0.750796,0.022379,-0.453167,-417.793542
0.228916,0.084042,-0.050876,158.049010
0.132197,0.094993,-0.017325,246.474712
0.267027,0.081554,-0.066359,122.122440
0.214735,0.038812,-0.045515,171.246592
0.247916,0.052416,-0.058399,140.228616
0.759311,0.029356,-0.465116,-429.564039
0.008934,0.059792,0.009865,352.804263
0.776355,0.024872,-0.490041,-453.566982
-0.006535,0.011726,-0.002154,363.847011
0.272659,0.060086,-0.068784,116.755507
0.752395,0.049755,-0.455388,-419.997442
0.781051,0.074240,-0.497163,-460.298512
0.040599,0.039390,0.003951,326.021175
-0.003885,0.087105,0.001948,362.205095
0.746010,0.074996,-0.446593,-411.247670
0.796278,0.031408,-0.521067,-482.458846
-0.007645,0.092984,-0.003395,364.589364
0.134450,0.040359,-0.019041,244.221978
0.770356,0.065261,-0.481109,-445.052898
0.796329,0.007838,-0.521147,-482.529600
0.053541,0.011344,0.001268,314.959153
0.034784,0.037081,0.005105,330.969862
0.778678,0.076113,-0.493551,-456.894314
-0.001438,0.085619,0.006443,360.800676
0.145241,0.096473,-0.020473,235.003636
0.793497,0.081626,-0.516606,-478.373911
-0.007230,0.011401,-0.003191,364.282519
0.084961,0.080634,-0.005879,287.808199
0.755072,0.001887,-0.457484,-422.611459
0.212022,0.083407,-0.044510,173.755449
-0.008982,0.044516,0.000128,366.155731
-0.002633,0.094491,0.005178,361.608810
0.035245,0.013370,0.005013,330.580402
0.008227,0.025312,0.009984,353.400695
0.792053,0.032976,-0.514303,-476.250347
0.165484,0.024482,-0.028507,216.353289
0.751300,0.078984,-0.453868,-418.494596
0.220056,0.015074,-0.047504,166.309143
0.768874,0.045760,-0.478930,-442.958847
0.267192,0.069021,-0.066430,121.967140
0.225136,0.044779,-0.049428,161.578576
0.777445,0.063408,-0.491684,-455.127900
0.364454,0.099550,-0.110913,28.030030
0.202742,0.048832,-0.041143,182.330028
0.769240,0.065698,-0.479468,-443.477701
0.178294,0.051183,-0.032691,204.724488
0.021232,0.027640,0.007675,342.452427
-0.001074,0.089916,0.007560,360.652652
-0.012289,0.054160,-0.005600,368.138651
0.011644,0.067052,0.009395,350.527612
0.746565,0.071864,-0.447351,-412.005482
0.201205,0.022568,-0.040595,183.748940
0.166940,0.001300,-0.026277,215.749342
0.799736,0.052695,-0.526683,-487.577220
0.790979,0.005503,-0.512598,-474.675344
-0.000998,0.088429,0.007551,360.589510
0.010475,0.077528,0.009600,351.508384
0.795793,0.054730,-0.520286,-481.746436
0.784237,0.012453,-0.502055,-464.880387
0.264639,0.059775,-0.065344,124.396454
0.744630,0.099939,-0.444318,-409.111117
-0.006491,0.089027,-0.002023,363.820345
0.798032,0.000370,-0.523903,-485.044047
0.013456,0.019643,0.009073,349.007202
0.247062,0.021349,-0.058055,141.035846
0.115710,0.071150,-0.013780,260.847020
0.048921,0.079059,0.002248,318.911092
0.210923,0.080155,-0.044107,174.772772
0.208074,0.050357,-0.043068,177.410171
-0.002957,0.014872,0.003490,361.656108
0.763167,0.041086,-0.470635,-434.943082
0.766193,0.001278,-0.471849,-437.106390
0.012806,0.039027,0.009189,349.552395
0.762724,0.001181,-0.467334,-432.576593
0.792843,0.023040,-0.515558,-477.405544
0.296720,0.082951,-0.079537,93.640036
0.325240,0.085897,-0.093152,65.859880
0.065988,0.062859,-0.001451,304.250163
0.296450,0.081601,-0.079413,93.900754
-0.002370,0.043765,0.011579,362.248363
0.793851,0.099400,-0.517173,-478.896887
0.221837,0.065471,-0.048173,164.648919
0.063889,0.042965,-0.000983,306.061668
-0.003792,0.063470,0.009117,363.080120
0.129463,0.028809,-0.017609,248.662421
0.757156,0.072344,-0.462064,-426.578453
0.746049,0.054434,-0.446645,-411.297863
0.366593,0.097434,-0.107079,27.981932
0.066208,0.047719,-0.001502,304.061122
0.781333,0.065156,-0.497594,-460.702655
0.190553,0.059792,-0.036852,193.528239
0.021404,0.054394,0.007645,342.304799
0.301483,0.025923,-0.081748,89.035539
0.134778,0.015830,-0.019138,243.931914
0.062453,0.051685,-0.000664,307.297769
0.787801,0.038970,-0.507599,-470.048472
-0.009817,0.064937,-0.001319,366.653030
0.753128,0.053684,-0.456409,-421.007627
0.278631,0.019256,-0.071394,111.049575
0.183780,0.015993,-0.034537,199.725498
0.769124,0.015232,-0.479295,-443.306914
0.031763,0.041674,0.005693,333.535430
0.123244,0.050747,-0.015855,254.182127
0.085883,0.081116,-0.006103,287.005026
0.007143,0.047908,0.010171,354.308247
0.793264,0.019431,-0.516230,-478.023192
0.303987,0.020819,-0.082919,86.607349
0.196498,0.059953,-0.038925,188.074410
0.365764,0.099222,-0.108460,28.044270
0.756562,0.066663,-0.461226,-425.755020
0.146106,0.004167,-0.020691,234.250047
0.808514,0.023419,-0.532309,-494.796055
0.783803,0.029082,-0.501387,-464.256350
0.076794,0.021911,-0.003936,294.907881
-0.011265,0.045355,-0.003827,367.523284
-0.005395,0.011626,-0.000399,363.140820
0.753566,0.029197,-0.457020,-421.608319
0.040239,0.035415,0.004023,326.327692
0.797029,0.063261,-0.522281,-483.570705
0.781113,0.019794,-0.497254,-460.378717
0.758133,0.016389,-0.463443,-427.925708
0.066953,0.048886,-0.001669,303.418850
0.117229,0.027566,-0.014197,259.508981
0.146069,0.045512,-0.022473,233.836042
0.742832,0.062219,-0.442277,-406.916219
0.095692,0.071067,-0.008535,278.444470
0.746467,0.048365,-0.447214,-411.867048
-0.009986,0.051845,-0.001611,366.755236
0.006657,0.042255,0.010254,354.716590
0.747735,0.077017,-0.448953,-413.605642
0.277127,0.061866,-0.070731,112.485188
0.234058,0.072233,-0.052873,153.243960
-0.003140,0.086573,0.003236,361.765519
0.028481,0.065905,0.006324,336.316696
0.127294,0.048690,-0.016992,250.587825
0.166783,0.014776,-0.028924,215.179169
0.091320,0.045770,-0.007442,282.268132
-0.000000,-0.000000,-0.000000,358.759288
0.103750,0.044298,-0.010602,271.383095
0.101459,0.034329,-0.010010,273.395194
0.121883,0.056541,-0.015476,255.387369
0.745049,0.041288,-0.445282,-409.931592
0.155417,0.072308,-0.025329,225.436032
0.177550,0.021610,-0.032445,205.403908
0.808205,0.065684,-0.532842,-495.029110
0.201520,0.001965,-0.036983,184.543792
0.015461,0.071830,0.008722,347.315370
0.769354,0.054751,-0.479634,-443.636314
0.082655,0.048891,-0.005325,289.817185
0.793304,0.051437,-0.516296,-478.086347
0.786280,0.029294,-0.505225,-467.839750
0.071361,0.026034,-0.002674,299.612872
0.066671,0.099649,-0.005370,302.957911
0.109466,0.014852,-0.012107,266.358762
0.364965,0.098350,-0.110021,28.009063
0.791618,0.099540,-0.513617,-475.624616
0.169613,0.099475,-0.027040,213.348204
-0.006830,0.051111,0.003856,364.874465
0.089138,-0.000104,-0.008754,283.801295
0.755115,0.004506,-0.457538,-422.666546
0.048977,0.052100,0.002234,318.865079
0.769834,0.049850,-0.480340,-444.313511
-0.000811,0.084897,0.007621,360.446158
0.053881,0.032910,0.001198,314.665612
-0.006987,0.017003,-0.003184,364.082911
-0.001274,0.009797,0.007199,360.775665
-0.006230,0.091816,-0.001342,363.695306
0.051611,0.065877,0.001682,316.608526
0.082737,0.003371,-0.007719,289.280771
-0.004236,0.059127,0.008347,363.341822
0.752942,0.034617,-0.456149,-420.748955
0.212921,0.096424,-0.040905,174.101853
0.078330,0.071077,-0.004294,293.571719
0.289005,0.059865,-0.076018,101.084808
0.783995,0.062454,-0.501685,-464.538488
0.313508,0.065365,-0.087437,77.340266
0.137791,0.083201,-0.020012,241.237239
0.180883,0.013882,-0.033560,202.368813
0.200458,0.050103,-0.040327,184.433978
0.109104,0.014879,-0.012011,266.678198
-0.007255,0.065716,0.003120,365.125220
0.365983,0.000591,-0.108007,28.076370
0.780338,0.030137,-0.496071,-459.267088
-0.006799,0.086029,-0.002720,363.982288
0.461198,0.099072,-0.174206,-73.792059
0.081682,0.058295,-0.005091,290.661932
0.025915,0.022373,0.006805,338.493840
-0.003407,0.007046,0.003419,362.016471
0.746409,0.036279,-0.447135,-411.786303
0.757352,0.003530,-0.460402,-425.575408
0.786608,0.025523,-0.505736,-468.315213
0.760535,0.083459,-0.466863,-431.275957
0.013475,0.074414,0.009074,348.986706
0.364781,0.000548,-0.110151,28.108813
0.156613,0.052985,-0.025702,224.360420
0.777569,0.067997,-0.491873,-455.306987
0.207180,0.087336,-0.042740,178.232847
0.366033,0.080196,-0.114332,25.374903
