0.721421,0.009965,-0.144911,147.195483
0.311126,0.041940,-0.028861,351.163504
0.225319,0.007596,-0.015768,391.063872
0.390581,0.096859,-0.044303,313.397226
0.165963,0.033240,-0.008852,418.134966
0.312062,0.032350,-0.029024,350.723760
0.118737,0.041745,-0.004586,439.368942
0.662156,0.019006,-0.122362,178.085050
0.084374,0.087716,-0.002166,454.649197
0.560371,0.045229,-0.088371,229.967670
0.144926,0.061555,-0.006817,427.626075
0.226761,0.021202,-0.015958,390.400504
0.045068,0.020104,-0.000103,471.957495
0.032223,0.089482,0.000410,477.571068
0.090531,0.058097,-0.002558,451.922561
0.499856,0.051473,-0.070896,260.139589
0.695386,0.022245,-0.134748,160.828265
0.253219,0.043586,-0.019621,378.189439
-0.000109,0.015970,-0.000188,491.606410
0.104795,0.060511,-0.003535,445.585483
0.160480,0.005151,-0.008301,420.614763
0.158987,0.046863,-0.008153,421.287859
0.006947,0.012627,0.001182,488.565505
0.394780,0.052793,-0.045209,311.380516
0.325885,0.011349,-0.031486,344.209891
0.116442,0.012842,-0.004407,440.394832
0.031442,0.019195,0.000437,477.913817
0.418762,0.017484,-0.050561,299.813073
0.773933,0.065177,-0.166658,119.387574
0.010555,0.084261,0.001092,486.999174
0.067006,0.057917,-0.001162,462.319875
0.923363,0.016360,-0.238182,37.884719
0.132751,0.013169,-0.005739,433.096499
0.927751,0.079982,-0.240510,35.432951
0.267304,0.094317,-0.021713,371.652453
0.206795,0.060083,-0.013423,399.557222
0.828825,0.026274,-0.191230,89.868770
0.474175,0.026162,-0.064079,272.797247
0.251821,0.055324,-0.019419,378.836513
0.130478,0.047478,-0.005545,434.114666
0.174995,0.049885,-0.009792,414.042752
0.020611,0.059824,0.000803,482.631224
0.433024,0.029171,-0.053886,292.897767
0.321103,0.068218,-0.030623,346.464258
0.764611,0.073402,-0.162673,124.354072
0.087819,0.042937,-0.002383,453.125012
0.266680,0.026349,-0.021619,371.944466
0.055756,0.026461,-0.000590,467.269721
0.295071,0.086519,-0.026130,358.697135
0.024554,0.056382,0.000677,480.915296
0.166542,0.020667,-0.008911,417.873152
0.054476,0.078654,-0.000528,467.830446
0.282960,0.067025,-0.024156,364.360287
0.354138,0.015495,-0.036820,330.820075
0.209996,0.000544,-0.013711,398.099973
0.162811,0.003218,-0.008534,419.561462
0.228867,0.059926,-0.016236,389.430469
0.603606,0.026932,-0.102093,208.106858
0.346135,0.044561,-0.035267,334.621852
0.189754,0.038326,-0.011415,407.335307
0.061977,0.018803,-0.000899,464.535002
0.340328,0.052927,-0.034161,337.376269
0.163447,0.029124,-0.008597,419.272910
0.743863,0.083625,-0.153998,135.360838
0.226544,0.035718,-0.015929,390.500134
0.466520,0.058853,-0.062115,276.551981
0.213127,0.051128,-0.014205,396.658358
0.438245,0.087766,-0.055129,290.357580
0.076066,0.001458,-0.001669,458.325131
0.258940,0.029883,-0.020459,375.538268
0.264153,0.095836,-0.021236,373.116559
0.091292,0.065360,-0.002607,451.584610
0.546514,0.003736,-0.084193,236.921709
0.452301,0.062829,-0.058549,283.508191
0.117375,0.076578,-0.004479,439.976081
0.264078,0.055587,-0.021225,373.152616
0.209053,0.091059,-0.013699,398.522877
0.173376,0.077231,-0.009620,414.776018
0.119353,0.053211,-0.004635,439.093395
0.195040,0.038094,-0.012023,404.926480
0.508339,0.032908,-0.073226,255.940297
0.374403,0.036450,-0.040897,321.153247
0.530660,0.053115,-0.079542,244.842410
0.047642,0.066818,-0.000215,470.828627
0.370417,0.076941,-0.040078,323.057385
0.569794,0.014612,-0.091273,225.225665
0.211604,0.052275,-0.014015,397.356271
0.021143,0.021927,0.000786,482.401127
0.462285,0.065627,-0.061041,278.626583
0.463806,0.003128,-0.061426,277.883380
0.497826,0.062857,-0.070344,261.143074
0.342915,0.099601,-0.034534,336.158461
0.311048,0.054100,-0.028847,351.199985
0.103822,0.068581,-0.003465,446.018405
0.258139,0.045683,-0.020341,375.909384
0.759826,0.024762,-0.160649,126.899940
0.693339,0.039292,-0.133966,161.895697
0.506951,0.017578,-0.072842,256.628611
0.198497,0.018895,-0.012428,403.349984
0.594064,0.058182,-0.098975,212.952481
0.562138,0.013006,-0.088912,229.080049
0.510140,0.081915,-0.073725,255.045986
0.442027,0.001760,-0.056039,288.519880
0.563882,0.052936,-0.089447,228.201924
0.035153,0.011179,0.000299,476.293998
0.663373,0.046763,-0.122804,177.455320
0.855611,0.081252,-0.203927,75.287585
0.263970,0.097642,-0.021209,373.201431
0.037842,0.094236,0.000196,475.116899
0.016877,0.014825,0.000915,484.255957
0.061346,0.053253,-0.000866,464.811541
0.317698,0.062887,-0.030016,348.069356
0.709995,0.080383,-0.140401,153.188967
0.292520,0.006337,-0.025708,359.893785
0.019198,0.000472,-0.000238,483.233182
0.380743,0.037664,-0.042216,318.118441
0.402429,0.005319,-0.046884,307.700568
0.505435,0.049053,-0.072424,257.378743
0.604128,0.088671,-0.102265,207.839117
0.168675,0.006932,-0.009131,416.907914
0.115135,0.013169,-0.004306,440.978097
0.252578,0.061680,-0.019528,378.485462
0.568845,0.057313,-0.090979,225.702436
0.751082,0.013814,-0.156986,131.540884
0.297587,0.077428,-0.026549,357.518654
0.118773,0.083448,-0.004588,439.351454
0.527770,0.013045,-0.078709,246.284386
0.039216,0.034334,0.000140,474.517632
0.110506,0.099703,-0.004275,443.029753
0.357790,0.039191,-0.037539,329.080928
0.075869,0.014912,-0.001657,458.411590
0.578842,0.008882,-0.094106,220.660627
0.052019,0.070891,-0.000413,468.909036
0.184225,0.021244,-0.010795,409.851843
0.297566,0.091983,-0.026545,357.528237
0.519792,0.026300,-0.076433,250.254850
0.786851,0.092761,-0.172269,112.481659
0.292205,0.013732,-0.025656,360.041007
0.043164,0.075353,-0.000021,472.789393
0.084626,0.065657,-0.002182,454.538236
0.830924,0.063777,-0.192208,88.729139
0.061870,0.036717,-0.000893,464.581830
0.135893,0.085524,-0.006009,431.684900
0.297621,0.005555,-0.026555,357.504737
0.075856,0.042270,-0.001656,458.416557
0.530704,0.048014,-0.079555,244.820672
0.363283,0.004034,-0.038634,326.464650
0.012625,0.057105,0.001036,486.101461
0.842935,0.089023,-0.197860,82.200926
0.392146,0.057942,-0.044640,312.646593
0.033914,0.013279,0.000346,476.835124
0.847342,0.093062,-0.199957,79.799893
0.795735,0.099587,-0.176978,107.560626
0.456454,0.075579,-0.059579,281.478871
0.014217,0.046421,0.000992,485.410936
0.145277,0.067960,-0.006849,427.467927
0.146949,0.046390,-0.007003,426.716188
0.400640,0.055904,-0.046489,308.560426
0.590525,0.045217,-0.097831,214.747495
0.716634,0.084265,-0.143012,149.707150
0.017103,0.020419,0.000909,484.157791
0.267052,0.025087,-0.021675,371.771793
0.572727,0.069944,-0.092187,223.745379
0.750126,0.032277,-0.156588,132.046926
0.059999,0.014682,-0.000799,465.405186
0.042703,0.063968,-0.000002,472.991575
0.484498,0.013225,-0.066777,267.720575
0.393808,0.000428,-0.045014,311.848173
0.160832,0.060766,-0.008335,420.453942
0.503171,0.054290,-0.071802,258.499741
0.092149,0.056400,-0.002664,451.205026
0.099346,0.068274,-0.003150,448.008826
0.710545,0.001799,-0.140616,152.903366
0.058398,0.007639,-0.000719,466.109341
0.753153,0.020838,-0.157849,130.442701
0.191455,0.002193,-0.011610,406.561761
0.410680,0.067245,-0.048724,303.718312
0.000192,0.065650,0.000333,491.479633
0.310467,0.000004,-0.028573,351.488752
0.086548,0.035441,-0.002303,453.688068
0.607187,0.093821,-0.103277,206.282110
0.414675,0.080371,-0.049627,301.787881
0.268569,0.025992,-0.021907,371.066482
0.529496,0.059928,-0.079206,245.422920
0.396884,0.059357,-0.045667,310.368487
0.197730,0.028101,-0.012337,403.699750
0.124276,0.040915,-0.005030,436.892207
0.768421,0.055493,-0.164295,122.326595
0.020767,0.024823,0.000798,482.564259
0.191009,0.030607,-0.011558,406.763811
0.681537,0.004736,-0.129507,168.040378
0.015166,0.072888,0.000966,484.997768
0.017121,0.052711,0.000909,484.148938
0.022627,0.072824,0.000740,481.753567
0.262618,0.092067,-0.021006,373.829656
0.268424,0.071575,-0.021884,371.132502
0.252202,0.030173,-0.019474,378.660479
0.018815,0.021802,0.000858,483.413338
0.034357,0.071723,0.000330,476.639978
0.520820,0.038141,-0.076724,249.743613
0.449695,0.042559,-0.057907,284.780865
0.277488,0.081664,-0.023288,366.912156
0.352822,0.010045,-0.036562,331.445778
0.239942,0.057669,-0.017739,384.327303
0.033320,0.040186,0.000368,477.093349
0.467306,0.059505,-0.062315,276.166665
0.425271,0.032325,-0.052065,296.659767
0.057334,0.009474,-0.000667,466.577000
0.524144,0.049157,-0.077670,248.088935
0.542717,0.099450,-0.083641,238.741029
0.694854,0.084148,-0.134545,161.103930
0.355986,0.062364,-0.037183,329.938975
0.009998,0.072173,0.001107,487.240962
0.822045,0.089046,-0.188091,93.538349
0.403673,0.051543,-0.047159,307.099463
0.095929,0.079902,-0.002915,449.526575
0.007897,0.059681,0.001160,488.152509
0.302843,0.008238,-0.027436,355.055973
0.400792,0.041299,-0.046523,308.487710
0.510869,0.090102,-0.073928,254.684267
0.097599,0.008512,-0.003030,448.786898
0.000029,0.096836,0.000051,491.546663
0.320642,0.096366,-0.030540,346.680758
0.699690,0.090152,-0.136401,158.579452
0.189413,0.037087,-0.011377,407.490708
0.240504,0.046673,-0.017817,384.068125
0.119431,0.047335,-0.004641,439.058385
0.212653,0.071096,-0.014146,396.875087
0.504795,0.094972,-0.072248,257.694047
0.422404,-0.000012,-0.051510,298.038299
0.218801,0.081439,-0.014923,394.055495
0.298395,0.087000,-0.026684,357.139709
0.372200,0.039707,-0.040443,322.206378
0.291068,0.058515,-0.025469,360.571456
0.492546,0.040548,-0.068920,263.751578
0.072204,0.087713,-0.001447,460.027169
0.530056,0.031364,-0.079368,245.144660
0.252772,0.080963,-0.019556,378.395298
0.029123,0.021520,0.000520,478.925017
0.273661,0.082158,-0.022690,368.695311
0.071760,0.004122,-0.001423,460.225677
0.050577,0.082640,-0.000346,469.541045
0.084035,0.093551,-0.002145,454.799232
0.036221,0.043157,0.000258,475.826755
0.687656,0.005901,-0.131809,164.857451
0.302957,0.022223,-0.027455,355.001821
0.540371,0.060868,-0.082375,239.993686
0.867600,0.067693,-0.209762,68.724685
0.013789,0.053205,0.001004,485.596396
0.240409,0.075583,-0.017803,384.110996
0.318431,0.059084,-0.030146,347.724163
0.058955,0.004224,-0.000747,465.864556
0.298404,0.064069,-0.026686,357.135927
0.682910,0.075343,-0.130022,167.324408
0.446187,0.018878,-0.057049,286.492285
0.600719,0.057490,-0.101144,209.573530
0.128344,0.017403,-0.005366,435.071692
0.524312,0.018466,-0.077718,248.006631
0.064564,0.075210,-0.001032,463.394870
0.091364,0.083245,-0.002612,451.552135
0.093691,0.087412,-0.002765,450.520019
0.746300,0.076653,-0.155003,134.071246
0.013506,0.075265,0.001012,485.718669
0.547753,0.077810,-0.084563,236.298543
0.000127,0.041552,0.000220,491.507457
0.680834,0.062840,-0.129244,168.403848
0.080674,0.074161,-0.001940,456.286367
0.065602,0.053180,-0.001087,462.938292
0.116831,0.045691,-0.004437,440.219821
0.177949,0.074883,-0.010108,412.701623
0.564673,0.086374,-0.089690,227.802391
0.328219,0.071344,-0.031911,343.105638
0.108702,0.070743,-0.003820,443.845273
0.589859,0.079902,-0.097617,215.083898
0.146459,0.027253,-0.006958,426.937254
0.542915,0.040649,-0.083125,238.721800
0.609112,0.022502,-0.103916,205.304147
0.957596,0.058799,-0.255342,19.009207
0.180413,0.013225,-0.010376,411.584599
0.087765,0.058273,-0.002380,453.148220
0.566374,0.093120,-0.090214,226.946156
0.086990,0.022013,-0.002331,453.492623
0.721921,0.096578,-0.145110,146.930183
0.163206,0.005822,-0.008573,419.382722
0.722772,0.089747,-0.145449,146.482922
0.097182,0.053667,-0.003001,448.971057
0.440075,0.080830,-0.055568,289.467432
0.266340,0.080188,-0.021567,372.101045
0.364402,0.064274,-0.038858,325.929125
0.607384,0.000366,-0.104145,206.062725
0.020028,0.044720,0.000821,482.885281
0.590498,0.094685,-0.097823,214.759575
0.470934,0.035655,-0.063243,274.387808
0.840673,0.094443,-0.196789,83.431824
-0.000132,0.024695,-0.000229,491.615888
0.305716,0.000624,-0.027748,353.721339
0.175960,0.039511,-0.009895,413.605333
0.157050,0.060128,-0.007963,422.162371
0.095796,0.093286,-0.002906,449.585254
0.267332,0.024529,-0.021718,371.641681
0.500638,0.034633,-0.071109,259.753279
0.207137,0.005700,-0.013465,399.402353
0.622944,0.059955,-0.108571,198.243266
0.584333,0.078994,-0.095848,217.881865
0.505584,0.053037,-0.072465,257.304601
0.090580,0.030666,-0.002561,451.901334
0.288424,0.093778,-0.025037,361.806936
0.596669,0.007110,-0.099821,211.632283
0.433876,0.018933,-0.054088,292.483796
0.144783,0.100023,-0.006946,427.683625
0.241025,0.071886,-0.017889,383.826640
0.098888,0.037245,-0.003119,448.213431
0.547585,0.094853,-0.084512,236.382232
0.630088,0.064579,-0.111017,194.586638
0.148063,0.058254,-0.007106,426.214099
0.616549,0.038393,-0.106405,201.511254
0.212036,0.086642,-0.014068,397.157343
0.343496,0.040547,-0.034763,335.874612
0.706265,0.098064,-0.138946,155.141213
0.370041,0.002038,-0.040002,323.239258
0.567832,0.018839,-0.090665,226.214248
0.662095,0.011114,-0.122339,178.117043
-0.000095,0.023115,-0.000164,491.600453
0.099457,0.013728,-0.003158,447.961139
0.911154,0.067967,-0.231778,44.680358
0.368058,0.050183,-0.039597,324.184931
0.443618,0.030325,-0.056424,287.743659
0.232615,0.098608,-0.016737,387.704074
0.230316,0.045590,-0.016429,388.764359
0.041957,0.021830,0.000028,473.319288
0.072184,0.045648,-0.001446,460.037299
0.405813,0.058519,-0.047634,306.067483
0.191389,0.025854,-0.011602,406.591209
0.557125,0.016305,-0.087383,231.599669
0.292733,0.095446,-0.025743,359.791198
0.271991,0.071449,-0.022432,369.472685
0.895513,0.027802,-0.223722,53.353141
0.553384,0.075374,-0.086251,233.475582
0.390667,0.027143,-0.044322,313.358333
0.742508,0.039869,-0.153440,136.078779
0.015310,0.035257,0.000961,484.936238
0.135937,0.022947,-0.006014,431.666988
0.768288,0.076256,-0.164238,122.396794
0.314956,0.093928,-0.029531,349.359920
0.840644,0.008733,-0.196774,83.450542
0.277598,0.040784,-0.023306,366.862137
0.734166,0.016831,-0.150034,140.484873
0.584874,0.099653,-0.096750,217.500575
0.403030,0.038710,-0.047017,307.409929
0.546548,0.063178,-0.084203,236.902591
0.149650,0.004345,-0.007256,425.501103
0.623787,0.009777,-0.108858,197.813892
0.353245,0.055577,-0.036645,331.243570
0.691834,0.075823,-0.133393,162.678878
0.870994,0.081020,-0.211432,66.862110
0.612186,0.006331,-0.104941,203.738275
0.287916,0.000054,-0.024763,362.061379
0.215216,0.037046,-0.014468,395.701075
0.085218,0.083587,-0.002219,454.275551
0.481194,0.057761,-0.065907,269.345517
0.173782,0.052571,-0.009664,414.592735
0.634728,0.083747,-0.112622,192.207260
0.400680,0.012795,-0.046498,308.542648
0.494069,0.038228,-0.069329,262.999938
0.059538,0.016521,-0.000776,465.607981
0.000910,0.033517,0.001322,491.179054
0.185985,0.045558,-0.010991,409.050465
0.185853,0.062274,-0.010976,409.109923
0.233783,0.034483,-0.016896,387.167724
0.513312,0.099912,-0.075068,253.412837
0.197113,0.078272,-0.012264,403.979721
0.021833,0.097041,0.000766,482.098420
0.328482,0.025509,-0.031959,342.982853
0.182105,0.087819,-0.010560,410.813572
0.292103,0.091960,-0.025639,360.086245
0.549706,0.032413,-0.085146,235.321352
0.548779,0.076261,-0.084869,235.784471
0.514524,0.036249,-0.074949,252.871840
0.100488,0.084733,-0.003229,447.500593
0.197950,0.053674,-0.012363,403.598740
0.443850,0.004777,-0.056481,287.631816
0.066469,0.012945,-0.001134,462.557586
0.016596,0.076224,0.000925,484.376675
0.234217,0.077011,-0.016954,386.966461
0.198403,0.021280,-0.012417,403.392861
0.004171,0.080255,0.001250,489.766421
0.143591,0.054381,-0.006695,428.226829
0.254411,0.074389,-0.019794,377.636478
0.282144,0.089593,-0.024025,364.740238
0.909255,0.091336,-0.230791,45.734462
0.630370,0.010037,-0.111115,194.443880
0.527464,0.021054,-0.078621,246.436831
0.146376,0.059584,-0.006950,426.973745
0.278503,0.070937,-0.023448,366.439090
0.217598,0.088782,-0.014769,394.607340
0.514993,0.091762,-0.075080,252.637523
0.684382,0.038987,-0.130575,166.560228
0.077190,0.083800,-0.001733,457.826304
0.810026,0.084187,-0.182599,100.029978
0.239880,0.006396,-0.017731,384.357172
0.394672,0.099799,-0.045204,311.429161
0.068384,0.053332,-0.001236,461.712684
0.067151,0.007081,-0.001171,462.257350
0.304037,0.076448,-0.027638,354.493597
0.284732,0.029945,-0.024441,363.533768
0.158877,0.040851,-0.008142,421.337961
0.337862,0.056890,-0.033697,338.544645
0.349448,0.015789,-0.035906,333.049780
0.216208,0.009288,-0.014594,395.247367
0.336862,0.040707,-0.033510,339.018778
0.454900,0.061559,-0.059193,282.238449
0.265872,0.060702,-0.021496,372.318841
0.581824,0.002621,-0.095050,219.153681
0.368027,0.016553,-0.039591,324.200737
0.467370,0.082258,-0.062331,276.134674
0.655960,0.039240,-0.120123,181.284863
0.121308,0.035843,-0.004790,438.219962
0.248500,0.098477,-0.018941,380.371824
0.265564,0.078138,-0.021449,372.461742
0.050827,0.074673,-0.000358,469.431814
0.586744,0.062958,-0.096617,216.662115
0.097194,0.089106,-0.003001,448.964544
0.380864,0.011979,-0.042241,318.061451
0.709679,0.049161,-0.140277,153.355248
0.194876,0.008769,-0.012004,405.002368
0.120141,0.048240,-0.004697,438.740994
-0.000053,0.094377,-0.000092,491.581029
0.253689,0.007775,-0.019690,377.972966
0.214807,0.058741,-0.014416,395.888155
0.212271,0.037062,-0.014098,397.050834
0.082229,0.052449,-0.002034,455.599534
0.299987,0.054383,-0.026952,356.394500
0.536155,0.064151,-0.081139,242.099901
0.629703,0.062431,-0.110885,194.784090
0.574453,0.093152,-0.092726,222.873916
0.355964,0.049467,-0.037178,329.949874
0.648039,0.031746,-0.117294,185.367819
0.465438,0.012779,-0.061840,277.083528
0.939982,0.037024,-0.247069,28.589162
0.590390,0.035919,-0.097788,214.816384
0.410017,0.054231,-0.048575,304.038754
0.820687,0.078387,-0.187466,94.273333
0.292306,0.046687,-0.025673,359.992770
0.688089,0.042939,-0.131973,164.630938
0.000511,0.025228,0.001330,491.352130
0.213022,0.068008,-0.014192,396.705894
0.957541,0.050808,-0.255437,19.010478
0.237283,0.074698,-0.017372,385.553516
0.272687,0.020724,-0.022540,369.150434
0.243989,0.045399,-0.018303,382.458837
0.378284,0.008905,-0.041702,319.296971
0.126200,0.012911,-0.005188,436.031898
0.075376,0.032842,-0.001628,458.629032
0.214081,0.000330,-0.014209,396.229031
0.310207,0.095842,-0.028700,351.594101
0.952774,0.085103,-0.254043,21.400350
0.519825,0.045192,-0.076442,250.238121
0.322518,0.031488,-0.030877,345.798271
0.072706,0.061237,-0.001475,459.806827
0.846139,0.095778,-0.199384,80.455671
0.061324,0.028195,-0.000866,464.822319
0.117565,0.028924,-0.004494,439.892650
0.790390,0.014134,-0.173824,110.588455
0.162339,0.060313,-0.008486,419.772866
0.220997,0.054302,-0.015205,393.048461
0.301445,0.067594,-0.027198,355.710072
0.090900,0.097312,-0.002581,451.757499
0.372038,0.021815,-0.040410,322.284329
0.182887,0.061474,-0.010647,410.458738
0.373380,0.045528,-0.040686,321.642118
0.276130,0.087460,-0.023075,367.545108
0.240353,0.002547,-0.017796,384.139180
0.298968,0.010798,-0.026781,356.873137
0.358788,0.069235,-0.037736,328.604879
0.183970,0.045681,-0.010766,409.967103
0.053487,0.060618,-0.000482,468.265106
0.207102,0.093287,-0.013460,399.415736
0.217470,0.080947,-0.014753,394.666231
0.646969,0.011495,-0.116915,185.919233
0.166538,0.051726,-0.008911,417.873900
0.455114,0.052704,-0.059246,282.134402
0.077056,0.086955,-0.001725,457.885169
0.562550,0.045571,-0.089038,228.871781
0.058974,0.027554,-0.000748,465.855475
0.396752,0.093162,-0.045638,310.431184
0.168885,0.062932,-0.009152,416.811227
0.383763,0.000531,-0.042837,316.673463
0.232402,0.049735,-0.016709,387.803353
0.621398,0.007867,-0.108045,199.035420
0.632256,0.081056,-0.111766,193.474830
0.220846,0.075957,-0.015185,393.117232
0.358783,0.048839,-0.037735,328.608153
0.633144,0.042236,-0.112073,193.020878
0.142408,0.088674,-0.006587,428.757943
0.028983,0.083155,0.000526,478.984320
0.512920,0.066353,-0.074500,253.667331
0.548086,0.024444,-0.084662,236.133674
0.060898,0.036523,-0.000844,465.009273
0.001497,0.009765,0.001309,490.925920
0.439503,0.019943,-0.055431,289.747728
0.286574,0.010374,-0.024738,362.673964
0.510477,0.031180,-0.073819,254.880543
0.156393,0.054217,-0.007899,422.459114
0.189153,0.099375,-0.011307,407.609136
0.200218,0.055621,-0.012631,402.563386
0.138583,0.004898,-0.006246,430.479164
0.289153,0.095997,-0.025156,361.466151
0.607817,0.078645,-0.103486,205.961658
0.437562,0.079881,-0.054966,290.690267
0.082369,0.038578,-0.002043,455.537960
0.560360,0.088804,-0.088368,229.971836
0.025406,0.032995,0.000648,480.544719
0.434009,0.079859,-0.054119,292.417189
0.628303,0.060955,-0.110403,195.500885
0.136712,0.026295,-0.006081,431.318806
0.692906,0.045474,-0.133802,162.121100
0.390550,0.050749,-0.044296,313.413676
0.147777,0.028468,-0.007080,426.343637
0.024095,0.065910,0.000692,481.114619
0.436876,0.033640,-0.054802,291.025262
0.037032,0.029787,0.000226,475.472727
0.121752,0.029589,-0.004826,438.021597
0.433923,0.032721,-0.054099,292.460567
0.047533,0.049573,-0.000210,470.876473
0.039472,0.066608,0.000130,474.405113
0.590447,0.035223,-0.097806,214.787233
0.227336,0.018947,-0.016034,390.136150
0.331229,0.049933,-0.032463,341.683744
0.469481,0.077713,-0.062871,275.099484
0.183479,0.059045,-0.010712,410.189914
0.750417,0.020699,-0.156709,131.893147
0.123884,0.037291,-0.004998,437.067786
0.471177,0.039178,-0.063306,274.268773
0.694701,0.065336,-0.134487,161.184144
0.524989,0.012941,-0.077912,247.669813
0.766132,0.037289,-0.163320,123.545812
0.616754,0.063891,-0.106474,201.405984
0.802015,0.055167,-0.178989,104.344877
0.677696,0.085255,-0.128074,170.032998
0.068416,0.081392,-0.001238,461.698129
0.261749,0.038451,-0.020877,374.234373
0.355317,0.043060,-0.037051,330.258127
0.073492,0.040590,-0.001520,459.460182
0.120983,0.090914,-0.004764,438.363500
0.514449,0.047497,-0.074928,252.909084
0.304316,0.013681,-0.027687,354.364316
0.007375,0.087560,0.001173,488.377836
0.026819,0.091422,0.000601,479.927714
0.521493,0.069526,-0.076915,249.407831
0.482320,0.024755,-0.066203,268.792279
0.069857,0.025611,-0.001317,461.064221
0.796622,0.086526,-0.176583,107.242029
0.435730,0.059045,-0.054528,291.581668
0.084091,0.051734,-0.002149,454.775368
-0.000273,0.030586,-0.000472,491.674357
0.188775,0.000296,-0.011265,407.784273
0.144967,0.053055,-0.006821,427.607927
0.839408,0.058476,-0.196190,84.121381
0.333741,0.015286,-0.032928,340.496460
0.336545,0.007286,-0.033451,339.169887
0.167953,0.034700,-0.009056,417.233934
0.447565,0.094320,-0.057385,285.817973
0.188069,0.079454,-0.011224,408.101242
0.204067,0.095430,-0.013091,400.803340
0.351047,0.095303,-0.036216,332.287442
0.957507,0.079459,-0.255496,19.010148
0.203255,0.049212,-0.012994,401.176059
0.010737,0.060608,0.001087,486.920817
0.709825,0.041511,-0.140334,153.279233
0.200113,0.061350,-0.012618,402.610877
0.613712,0.007634,-0.105452,202.960014
0.710006,0.019111,-0.140405,153.185351
0.531461,0.030727,-0.079774,244.444031
0.291517,0.040246,-0.025543,360.361849
0.890264,0.002436,-0.221057,56.254834
0.113913,0.051414,-0.004212,441.522568
0.639034,0.036321,-0.114122,189.998497
0.393184,0.083836,-0.044864,312.147108
0.434840,0.024404,-0.054317,292.015507
0.002714,0.006442,0.001282,490.399079
0.022500,0.027265,0.000743,481.810246
0.086414,0.026433,-0.002295,453.747623
0.006382,0.053141,0.001197,488.809157
0.300497,0.000302,-0.026855,356.170774
0.510484,0.060910,-0.073821,254.875845
0.286606,0.028949,-0.024743,362.658331
0.104047,0.053323,-0.003481,445.918699
0.332505,0.046433,-0.032699,341.080268
0.460034,0.036234,-0.060475,279.729123
0.425439,0.043789,-0.052104,296.577875
0.052346,0.003277,-0.000429,468.767361
0.663953,0.038148,-0.123015,177.155276
0.309985,0.014566,-0.028662,351.701094
0.777705,0.039180,-0.168285,117.374815
0.414863,0.056820,-0.049670,301.697765
0.106028,0.007964,-0.003625,445.038338
0.692954,0.038989,-0.133820,162.096353
0.239002,0.008577,-0.017610,384.762383
0.178163,0.026028,-0.010132,412.605936
0.809906,0.047005,-0.182544,100.095756
0.949385,0.021803,-0.252183,23.309780
0.305914,0.070530,-0.027960,353.612502
0.238974,0.079377,-0.017605,384.773275
0.101096,0.059471,-0.003272,447.230997
0.102768,0.039012,-0.003390,446.488294
0.024408,0.058506,0.000682,480.978800
0.166084,0.067928,-0.008864,418.078962
0.134742,0.057583,-0.005909,432.202209
0.275947,0.021663,-0.023047,367.632211
0.022522,0.026508,0.000742,481.800708
0.499869,0.005775,-0.070900,260.134899
0.105198,0.077084,-0.003564,445.405898
0.686177,0.079138,-0.131251,165.624905
0.453033,0.012921,-0.058730,283.152229
0.148848,0.048395,-0.007180,425.860811
0.852707,0.025581,-0.202527,76.875857
0.035955,0.000258,-0.000627,475.928983
0.100758,0.082696,-0.003248,447.380691
0.279747,0.068139,-0.023645,365.859486
0.102376,0.009001,-0.003363,446.663403
0.076506,0.073506,-0.001693,458.128503
0.215096,0.079717,-0.014452,395.755256
0.486876,0.055524,-0.067406,266.547682
0.610976,0.025179,-0.104537,204.354337
0.502208,0.027019,-0.071538,258.976941
0.243984,0.089128,-0.018302,382.459707
0.417482,0.060690,-0.050267,300.431165
0.858702,0.017980,-0.205421,73.599696
0.315826,0.039116,-0.029684,348.952123
0.084814,0.007661,-0.002195,454.456588
0.812449,0.028496,-0.183698,98.725033
0.101296,0.099466,-0.003662,447.129514
0.069428,0.086388,-0.001293,461.251737
0.000106,0.015855,0.000184,491.516856
0.221265,0.020457,-0.015240,392.926111
0.554449,0.043750,-0.086573,232.942016
0.407156,0.023145,-0.047934,305.420812
0.196891,0.027975,-0.012239,404.082650
0.647861,0.020204,-0.117231,185.459833
0.757090,0.071470,-0.159498,128.351559
0.148758,0.082832,-0.007171,425.900643
0.105176,0.062066,-0.003562,445.415952
0.787271,0.074516,-0.172453,112.257749
0.272766,0.010371,-0.022552,369.114084
0.278162,0.010872,-0.023395,366.600093
0.252803,0.047289,-0.019561,378.381867
0.522365,0.095226,-0.077163,248.973117
0.625676,0.016358,-0.109503,196.847607
0.594390,0.007249,-0.099081,212.788710
0.095371,0.093748,-0.002878,449.773768
0.525519,0.086450,-0.078063,247.403597
0.409402,0.031167,-0.048437,304.336531
0.535296,0.013248,-0.080888,242.530584
0.178239,0.021009,-0.010140,412.571394
0.284759,0.019095,-0.024445,363.521403
0.460847,0.069410,-0.060679,279.329981
0.021516,0.035051,0.000774,482.238342
0.105470,0.066275,-0.003583,445.284993
0.113966,0.018383,-0.004216,441.499469
0.005395,0.048543,0.001221,489.236871
0.406571,0.018333,-0.047803,305.703036
0.271220,0.031636,-0.022313,369.832894
0.554443,0.091165,-0.086571,232.943650
0.075567,0.095721,-0.001638,458.542885
0.365987,0.090986,-0.039178,325.171937
0.038495,0.040754,0.000169,474.832616
0.109413,0.023188,-0.003873,443.530000
0.610014,0.095545,-0.104216,204.842232
0.337132,0.072073,-0.033560,338.889616
0.126357,0.095277,-0.005200,435.959438
0.118445,0.069743,-0.004563,439.498427
0.149389,0.073330,-0.007230,425.616650
0.443783,0.004439,-0.056464,287.664251
0.274553,0.022778,-0.022829,368.281718
0.125759,0.014292,-0.005152,436.229217
0.028023,0.050103,0.000559,479.403845
0.393162,0.012168,-0.044859,312.159876
0.194534,0.089981,-0.011963,405.155667
0.334773,0.099707,-0.032985,340.017171
0.093774,0.070803,-0.002771,450.483337
0.440197,0.063442,-0.055598,289.408683
0.207831,0.057319,-0.013549,399.083144
0.090766,0.098602,-0.002572,451.817082
0.039904,0.013393,0.000112,474.217684
0.265559,0.097706,-0.021448,372.463188
0.519846,0.018593,-0.076448,250.228542
0.469514,0.013797,-0.062879,275.085499
0.868607,0.005137,-0.210256,68.174318
0.094020,0.031982,-0.002788,450.375471
0.337354,0.093695,-0.033601,338.783724
0.354687,0.028753,-0.036927,330.558481
0.265518,0.060489,-0.021443,372.483266
0.734835,0.013166,-0.150305,140.132005
0.514146,0.039503,-0.074843,253.059578
0.610376,0.048249,-0.104337,204.659467
0.149490,0.009047,-0.007240,425.573070
0.666451,0.036634,-0.123926,175.863165
0.022438,0.044896,0.000745,481.836546
0.521186,0.056563,-0.076828,249.561001
0.375576,0.058642,-0.041139,320.591580
0.957271,0.053598,-0.255905,19.015349
0.215503,0.004883,-0.014504,395.570508
0.101929,0.005751,-0.003331,446.862114
0.010018,0.053485,0.001106,487.232873
0.457785,0.073335,-0.059911,280.827934
0.219326,0.023497,-0.014991,393.816313
0.141023,0.065107,-0.006463,429.381079
0.010474,0.039656,0.001094,487.035593
0.030755,0.081004,0.000463,478.211556
0.588246,0.039885,-0.097099,215.902355
0.456515,0.081335,-0.059594,281.448727
0.742803,0.016336,-0.153562,135.923563
0.199126,0.023294,-0.012502,403.062876
0.682011,0.039306,-0.129684,167.793156
0.017200,0.050381,0.000906,484.114857
0.476349,0.016216,-0.064642,271.729255
0.444345,0.090900,-0.056600,287.387562
0.066547,0.016655,-0.001138,462.523422
0.633201,0.057723,-0.112093,192.991509
0.318055,0.043298,-0.030079,347.901770
0.458252,0.003257,-0.060028,280.601885
0.212553,0.062234,-0.014133,396.921147
0.027041,0.016609,0.000592,479.832689
0.043742,0.048003,-0.000046,472.537072
0.481584,0.051766,-0.066009,269.153748
0.086301,0.089636,-0.002286,453.795958
0.602691,0.025117,-0.101792,208.572116
0.781112,0.084901,-0.169763,115.552898
0.110639,0.004567,-0.003965,442.983877
0.204962,0.024011,-0.013200,400.396298
0.291226,0.023547,-0.025495,360.498774
0.817762,0.044760,-0.186123,95.855932
0.081833,0.078658,-0.002010,455.774021
0.114031,0.025841,-0.004221,441.470352
0.284134,0.043913,-0.024344,363.812824
0.806867,0.023353,-0.181170,101.734116
0.608991,0.018310,-0.103876,205.365683
0.671746,0.046160,-0.125870,173.120586
0.957379,0.026941,-0.255718,19.014249
0.567663,0.060160,-0.090613,226.297789
0.270920,0.026793,-0.022267,369.972468
0.086481,0.009911,-0.002299,453.718260
0.542371,0.057823,-0.082965,238.993315
0.124146,0.085705,-0.005019,436.949131
0.205599,0.057001,-0.013277,400.104198
0.152532,0.066485,-0.007527,424.200090
0.404943,0.037836,-0.047441,306.487696
0.029310,0.036805,0.000514,478.843003
0.724963,0.073159,-0.146325,145.331068
0.482597,0.094060,-0.066275,268.653939
0.241705,0.006173,-0.017984,383.514674
0.453393,0.085612,-0.058819,282.974208
0.708594,0.070144,-0.139853,153.922920
0.247893,0.070079,-0.018855,380.653397
0.459173,0.005383,-0.060259,280.151026
0.246623,0.062443,-0.018675,381.241011
0.245190,0.063726,-0.018472,381.903460
0.759737,0.093014,-0.160612,126.944942
0.239267,0.013016,-0.017646,384.639971
0.524771,0.041775,-0.077849,247.777500
0.111493,0.012715,-0.004029,442.602768
0.520207,0.029915,-0.076551,250.048450
0.613834,0.073668,-0.105493,202.895569
0.068477,0.084293,-0.001241,461.670752
0.205555,0.012075,-0.013272,400.125549
0.291293,0.069290,-0.025506,360.466027
0.269905,0.006016,-0.022111,370.445642
0.701876,0.084311,-0.137244,157.437258
0.310387,0.006976,-0.028732,351.512251
0.241838,0.069861,-0.018002,383.451593
0.363371,0.036452,-0.038651,326.421965
0.644635,0.043246,-0.116090,187.119313
0.701752,0.020506,-0.137196,157.504164
0.335833,0.096297,-0.033317,339.504237
0.390126,0.066664,-0.044205,313.616992
0.539670,0.050569,-0.082169,240.344278
0.280603,0.039821,-0.023781,365.460971
0.725039,0.064511,-0.146355,145.291553
0.587539,0.027896,-0.096872,216.261013
0.545538,0.087081,-0.083903,237.407842
0.078803,0.084740,-0.001828,457.113317
0.806262,0.046336,-0.180898,102.059600
0.695857,0.018833,-0.134928,160.582957
0.587649,0.068964,-0.096907,216.203991
0.803447,0.094795,-0.179632,103.573229
0.327260,0.036382,-0.031736,343.559523
0.067672,0.048971,-0.001198,462.026514
0.027609,0.008935,0.000573,479.585624
0.176557,0.080015,-0.009959,413.332999
0.077815,0.043889,-0.001770,457.551041
0.197808,0.037064,-0.012346,403.663729
0.103779,0.028600,-0.003462,446.038666
0.812519,0.030725,-0.183730,98.687176
0.164248,0.043205,-0.008678,418.910576
0.441212,0.073075,-0.055842,288.914303
0.148250,0.032756,-0.007124,426.130836
0.041457,0.099611,-0.000791,473.520449
0.457994,0.033920,-0.059964,280.726973
0.323911,0.080320,-0.031128,345.139299
0.064409,0.048184,-0.001025,463.464020
0.437657,0.096282,-0.054988,290.643250
0.051205,0.055735,-0.000376,469.266396
0.061234,0.041214,-0.000861,464.861485
0.030282,0.043523,0.000479,478.418972
0.063165,0.046755,-0.000960,464.011495
0.810904,0.058191,-0.182997,99.557449
0.519151,0.067358,-0.076251,250.572449
0.006058,0.015168,0.001204,488.950941
0.097456,0.042698,-0.003020,448.849462
0.883037,0.009986,-0.217417,60.240828
0.040977,0.031581,0.000069,473.747484
0.714774,0.066287,-0.142277,150.684210
0.484628,0.097146,-0.066811,267.653712
0.435894,0.039105,-0.054568,291.502308
0.285357,0.075278,-0.024541,363.240385
0.079341,0.014957,-0.001861,456.877510
0.450383,0.082730,-0.058076,284.443749
0.712827,0.024238,-0.141511,151.706283
0.435027,0.057881,-0.054361,291.923284
0.183947,0.086825,-0.010763,409.976295
0.667968,0.060293,-0.124481,175.076975
0.603819,0.052720,-0.102163,207.997540
0.331573,0.064267,-0.032527,341.520438
0.039808,0.080173,0.000117,474.257599
0.208073,0.057220,-0.013579,398.972451
0.497790,0.001873,-0.070335,261.162651
0.209576,0.074660,-0.013764,398.284160
0.538706,0.066523,-0.081885,240.825604
0.218369,-0.000026,-0.014742,394.263531
0.386911,0.007281,-0.043519,315.162096
0.630793,0.062140,-0.111260,194.225781
0.208601,0.088848,-0.013643,398.730054
0.284233,0.033648,-0.024360,363.766780
0.362937,0.057536,-0.038564,326.628080
0.524369,0.061709,-0.077734,247.976858
0.184786,0.080810,-0.010857,409.594875
0.065919,0.053960,-0.001104,462.799022
0.131989,0.052510,-0.005673,433.437323
0.363573,0.037655,-0.038692,326.325306
0.558431,0.071185,-0.087780,230.941866
0.010711,0.050772,0.001087,486.932439
0.258854,0.042306,-0.020446,375.577536
0.324872,0.017591,-0.031302,344.687674
0.725344,0.003679,-0.146477,145.132983
0.621021,0.075079,-0.107917,199.225815
0.308755,0.081852,-0.028449,352.277422
0.481872,0.014635,-0.066085,269.013519
0.000393,0.019255,0.001333,491.403182
0.477859,0.034954,-0.065035,270.986433
0.182087,0.082844,-0.010558,410.821841
0.273423,0.056428,-0.022653,368.806790
0.046114,0.080640,-0.000147,471.497722
0.463865,0.008604,-0.061441,277.854365
0.195551,0.026134,-0.012082,404.693936
0.419418,0.040611,-0.050712,299.494694
0.807441,0.065861,-0.181430,101.423529
0.126717,0.036611,-0.005231,435.799705
0.375504,0.089857,-0.041124,320.624785
0.470075,0.008392,-0.063023,274.810330
0.565218,0.054436,-0.089858,227.529476
0.275924,0.092746,-0.023043,367.640757
-0.000277,0.055851,-0.000480,491.675411
0.725694,0.098648,-0.146617,144.945807
0.409028,0.033390,-0.048353,304.516925
0.436624,0.056013,-0.054741,291.147178
0.669440,0.099469,-0.125972,174.154375
0.013395,0.099528,-0.000142,485.752086
0.187106,0.046851,-0.011116,408.540592
0.808052,0.094144,-0.181706,101.093372
0.403425,0.021625,-0.047104,307.219621
0.104785,0.059514,-0.003534,445.590223
0.340033,0.009407,-0.034106,337.517154
0.336847,0.093554,-0.033506,339.024261
0.047466,0.071586,-0.000207,470.905290
0.909021,0.085314,-0.230670,45.864551
0.064439,0.067981,-0.001026,463.450233
0.516235,0.001425,-0.075429,252.023532
0.890239,0.045914,-0.221044,56.267075
0.693186,0.023606,-0.133908,161.975716
0.054808,0.084526,-0.000544,467.684198
0.727184,0.087755,-0.147215,144.161931
0.149081,0.010312,-0.007202,425.757090
0.756972,0.071282,-0.159448,128.414400
0.351103,0.091688,-0.036227,332.260780
0.651339,0.023372,-0.118469,183.668206
0.156619,0.037862,-0.007921,422.357512
0.254050,0.076775,-0.019741,377.803611
0.097081,0.097936,-0.002993,449.014441
0.110790,0.018400,-0.003976,442.916047
0.623142,0.041911,-0.108638,198.142972
0.046815,0.001427,-0.000179,471.192781
0.022862,0.070357,0.000732,481.651335
0.065974,0.093156,-0.001106,462.773631
0.371721,0.064944,-0.040345,322.434560
0.407314,0.066162,-0.047969,305.343150
0.267670,0.024870,-0.021769,371.484550
0.232383,0.022761,-0.016707,387.813037
0.772670,0.060133,-0.166115,120.061635
0.466339,0.075272,-0.062068,276.640437
0.570289,0.045548,-0.091427,224.975437
0.069128,0.037847,-0.001277,461.385245
0.314164,0.063130,-0.029392,349.733841
0.243804,0.096885,-0.018277,382.542858
0.831566,0.067282,-0.192508,88.380701
0.449848,0.041575,-0.057945,284.706192
0.869682,0.022463,-0.210785,67.584053
0.921761,0.063729,-0.237336,38.776155
0.031249,0.074598,0.000445,477.996544
0.814560,0.032131,-0.184660,97.585390
0.541965,0.062034,-0.082845,239.196274
0.079257,0.049094,-0.001855,456.913766
0.548964,0.095153,-0.084924,235.691409
0.200585,0.039769,-0.012675,402.396096
0.384344,0.099616,-0.042961,316.391875
0.016556,0.011774,0.000925,484.395538
0.400787,0.054997,-0.046522,308.489773
0.021549,0.050925,0.000774,482.223527
0.008818,0.070987,0.001137,487.752793
0.204926,0.031052,-0.013196,400.412884
0.689787,0.076784,-0.132616,163.745510
0.018370,0.015384,0.000871,483.607276
0.070840,0.089408,-0.001371,460.628786
0.439044,0.058254,-0.055321,289.969799
0.579722,0.012445,-0.094384,220.215598
0.541365,0.012412,-0.082668,239.498029
0.663557,0.063779,-0.122871,177.359287
0.495956,0.047544,-0.069838,262.067511
0.082679,0.082677,-0.002061,455.399552
0.203981,0.052954,-0.013081,400.844128
0.478812,0.000235,-0.065604,270.480784
0.497125,0.002142,-0.070154,261.491527
0.254276,0.044718,-0.019775,377.699940
0.002833,0.053414,0.001280,490.346456
0.000117,0.008120,0.000203,491.512534
0.020493,0.013631,0.000806,482.684098
0.832774,0.059747,-0.193073,87.725525
0.525538,0.011067,-0.078069,247.396571
0.162992,0.055638,-0.008551,419.477934
0.256713,0.087062,-0.020130,376.569128
0.020861,0.030705,0.000795,482.523482
0.415585,0.046074,-0.049835,301.348809
0.184924,0.099411,-0.010847,409.532937
0.467681,0.068514,-0.062410,275.982754
0.020128,0.024790,0.000818,482.842290
0.103764,0.051488,-0.003461,446.044433
0.316861,0.084669,-0.029867,348.463057
0.654951,0.062769,-0.119761,181.804492
0.100850,0.046299,-0.003255,447.341129
0.190820,0.026697,-0.011537,406.849994
0.748934,0.033193,-0.156094,132.678198
0.233648,0.068553,-0.016877,387.229083
0.470822,0.024796,-0.063215,274.443354
0.902461,0.066272,-0.227280,49.505040
0.109460,0.061748,-0.003876,443.507784
0.102220,0.023612,-0.003352,446.732563
0.164190,0.043717,-0.008672,418.936828
0.462319,0.037185,-0.061050,278.610444
0.340364,0.033319,-0.034168,337.359954
0.586898,0.039965,-0.096666,216.585349
0.499779,0.007134,-0.070875,260.179083
0.156963,0.097465,-0.007954,422.200378
0.380921,0.046218,-0.042253,318.032940
0.519488,0.093647,-0.076347,250.403752
0.122074,0.029475,-0.004852,437.877587
0.957357,0.019343,-0.255756,19.014913
0.178259,0.021699,-0.010142,412.562458
0.169659,0.047847,-0.009232,416.460999
0.248878,0.029484,-0.018996,380.199228
0.193712,0.074743,-0.011868,405.530825
0.012676,0.030595,0.001034,486.080404
0.161116,0.054116,-0.008364,420.326184
0.286631,0.076617,-0.024746,362.645555
0.534991,0.039358,-0.080799,242.682213
0.519803,0.079468,-0.076436,250.247654
0.359888,0.053635,-0.037955,328.081557
0.155471,0.052035,-0.007810,422.875252
0.752943,0.013149,-0.157762,130.553920
0.330356,0.097332,-0.032302,342.094861
0.210656,0.058984,-0.013897,397.789992
0.145338,0.090449,-0.006854,427.440016
0.190734,0.052794,-0.011527,406.888595
0.558951,0.012331,-0.087938,230.682578
0.848197,0.022385,-0.200365,79.336262
0.374993,0.034475,-0.041019,320.871208
0.217965,0.001565,-0.014817,394.441481
0.505460,0.007446,-0.072431,257.367524
0.094691,0.099594,-0.003249,450.063469
0.464372,0.054075,-0.061569,277.604784
0.628190,0.073508,-0.110364,195.558768
0.015251,0.080999,0.000964,484.960594
0.049885,0.015164,-0.000316,469.846694
0.525090,0.046469,-0.077941,247.618316
0.636489,0.085635,-0.113234,191.303779
0.111293,0.035479,-0.004013,442.691350
0.135729,0.050829,-0.005995,431.759270
0.259232,0.099498,-0.020314,375.413283
-0.000210,0.049632,-0.000364,491.647671
0.117478,0.095557,-0.004487,439.929527
0.602911,0.080729,-0.101864,208.458563
0.145515,0.033224,-0.006871,427.362051
0.168850,-0.000036,-0.009184,416.827422
0.424784,0.019040,-0.051952,296.896238
0.500269,0.008407,-0.071009,259.936838
0.240272,0.090987,-0.017784,384.173771
0.676305,0.058495,-0.127556,170.755980
0.600580,0.050896,-0.101099,209.644379
0.216492,0.040780,-0.014629,395.116066
0.119248,0.072135,-0.004626,439.139398
0.278543,0.067816,-0.023454,366.420534
0.548016,0.073648,-0.084641,236.166796
0.118638,0.093950,-0.004578,439.411614
0.406761,0.065034,-0.047845,305.609865
0.236360,0.046620,-0.017246,385.979817
0.913394,0.089519,-0.232945,43.434288
0.254782,0.003860,-0.019849,377.466678
0.148644,0.027973,-0.007161,425.953390
0.202641,0.098017,-0.012919,401.455348
0.477929,0.048631,-0.065053,270.951846
0.126166,0.062476,-0.005185,436.045767
0.103853,0.077344,-0.003467,446.004155
0.144190,0.076138,-0.006749,427.956621
0.070323,0.056133,-0.001343,460.857880
0.450380,0.030987,-0.058076,284.446768
0.455214,0.057539,-0.059271,282.085201
0.396648,0.069632,-0.045615,310.481676
0.377569,0.093251,-0.041552,319.636451
0.754158,0.087267,-0.158270,129.907082
0.135349,0.031759,-0.005962,431.930410
0.054763,0.003043,-0.000543,467.706385
0.612541,0.039934,-0.105060,203.556013
0.008843,0.029326,0.001135,487.743013
0.378622,0.069811,-0.041772,319.133154
0.153324,0.085819,-0.007603,423.842443
0.138554,0.099703,-0.006416,430.482785
0.284972,0.089713,-0.024479,363.419781
0.366238,0.053000,-0.039228,325.053711
0.030175,0.054023,0.000483,478.465580
0.405444,0.098536,-0.047552,306.244078
0.046922,0.028871,-0.000184,471.144997
0.082626,0.043612,-0.002059,455.424053
0.004574,0.037089,0.001240,489.592801
0.096995,0.089219,-0.002988,449.052785
0.125879,0.063919,-0.005161,436.174304
0.111460,0.027339,-0.004026,442.617322
0.336237,0.005062,-0.033393,339.315731
0.127429,0.080915,-0.005289,435.479457
0.767987,0.091490,-0.164110,122.556185
0.363996,0.013582,-0.038777,326.124497
0.545296,0.096286,-0.083831,237.528451
0.015757,0.089508,0.000949,484.740457
0.325561,0.082220,-0.031426,344.360690
0.119993,0.076419,-0.004685,438.806293
0.145394,0.065723,-0.006860,427.415281
0.554168,0.016255,-0.086488,233.084348
0.324773,0.020217,-0.031284,344.734576
0.279185,0.017897,-0.023556,366.122971
0.074864,0.054650,-0.001598,458.854333
0.567262,0.007566,-0.090489,226.501734
0.410038,0.083551,-0.048579,304.027976
0.597430,0.066134,-0.100069,211.244134
0.728542,0.081021,-0.147761,143.447140
0.018556,0.060347,0.000866,483.525161
0.804089,0.031207,-0.179920,103.229828
0.631683,0.003989,-0.111568,193.771178
0.472154,0.062209,-0.063557,273.788149
0.157353,0.083492,-0.007992,422.024855
0.536964,0.043106,-0.081375,241.696554
0.682446,0.052235,-0.129848,167.566245
0.604131,0.055584,-0.102266,207.838499
0.403847,0.041636,-0.047198,307.015682
0.822766,0.038875,-0.188423,93.149955
0.846213,0.078884,-0.199418,80.416145
0.379812,0.099482,-0.041995,318.564826
0.702851,0.073564,-0.137621,156.927700
0.513318,0.026416,-0.074611,253.470962
0.213696,0.000056,-0.014162,396.405850
0.957302,0.053450,-0.255851,19.014777
0.206464,0.032301,-0.013383,399.709336
0.715905,0.017728,-0.142723,150.092379
0.703704,0.005163,-0.137951,156.484005
0.362767,0.022064,-0.038530,326.710191
0.097203,0.050678,-0.003003,448.961721
0.761041,0.037340,-0.161161,126.253949
0.049917,0.043085,-0.000317,469.831630
0.476312,0.028692,-0.064633,271.747086
0.471840,0.002620,-0.063476,273.944514
0.069317,0.088459,-0.001287,461.300387
0.202156,0.094328,-0.012861,401.676828
0.294969,0.098609,-0.026112,358.744542
0.043330,0.070246,-0.000029,472.717123
0.271460,0.000242,-0.022156,369.735965
0.160568,0.038578,-0.008309,420.574169
0.336175,0.062946,-0.033381,339.343313
0.129827,0.020731,-0.005490,434.407302
0.739570,0.009442,-0.152236,137.632658
0.849045,0.004119,-0.200770,78.874533
0.085468,0.014535,-0.002235,454.167129
0.717496,0.029433,-0.143352,149.256840
0.476651,0.002632,-0.064721,271.581397
0.908678,0.052331,-0.230491,46.056325
0.189337,0.074762,-0.011368,407.524376
0.317792,0.045952,-0.030032,348.025776
0.495372,0.013143,-0.069680,262.357393
0.843286,0.077539,-0.198027,82.010042
0.035953,0.026728,0.000268,475.944302
0.320737,0.039934,-0.030557,346.637933
0.078762,0.050415,-0.001826,457.132695
0.126998,0.066800,-0.005253,435.672977
0.460241,0.046617,-0.060527,279.627571
0.025789,0.051108,0.000636,480.377402
0.480598,0.000455,-0.066079,269.600914
0.638792,0.045569,-0.114038,190.122282
0.037429,0.066980,0.000212,475.298056
0.000381,0.030987,0.001333,491.408105
0.867073,0.024198,-0.209503,69.015070
0.144618,0.017801,-0.006789,427.765753
0.406640,0.072382,-0.047818,305.668241
0.648724,0.036181,-0.117538,185.014845
0.530687,0.076687,-0.079550,244.828402
0.491638,0.052678,-0.068676,264.199259
0.402546,0.052170,-0.046910,307.642396
0.452637,0.071739,-0.058632,283.343742
0.138565,0.080024,-0.006244,430.485043
0.237329,0.018356,-0.017379,385.533836
0.178108,0.095345,-0.010125,412.628606
0.585776,0.067738,-0.096308,217.152040
0.249540,0.030507,-0.019091,379.892900
0.719719,0.040555,-0.144234,148.089011
0.733254,0.092583,-0.149664,140.963448
0.056436,0.007432,-0.000623,466.971407
0.413294,0.087481,-0.049314,302.454922
0.462648,0.077405,-0.061133,278.448300
0.497782,0.042510,-0.070332,261.165260
0.010154,0.020840,0.001102,487.174962
0.542310,0.057232,-0.082947,239.023812
0.124229,0.027480,-0.005026,436.913510
0.465609,0.021658,-0.061883,276.999600
0.022826,0.060960,0.000733,481.667595
0.063133,0.054493,-0.000958,464.025646
0.429929,0.018881,-0.053155,294.400824
0.170109,0.040177,-0.009279,416.257681
0.622816,0.017686,-0.108527,198.310217
0.600651,0.000043,-0.101904,209.492413
0.957558,0.077935,-0.255408,19.009264
0.418734,0.027192,-0.050554,299.826412
0.429478,0.070691,-0.053049,294.618049
0.168291,0.070421,-0.009090,417.079885
0.106997,0.064037,-0.003695,444.605140
0.478389,0.026871,-0.065173,270.726335
0.669493,0.084634,-0.125041,174.286510
0.601641,0.028771,-0.101447,209.105970
0.074808,0.069675,-0.001595,458.878424
0.052037,0.074155,-0.000414,468.900715
0.643764,0.056536,-0.115783,187.566807
0.059545,0.038612,-0.000776,465.604056
0.136405,0.015167,-0.006055,431.457019
0.520459,0.059218,-0.076622,249.922430
0.047301,0.009062,-0.000201,470.979646
0.248223,0.027496,-0.018903,380.502284
0.095307,0.006169,-0.002875,449.804672
0.033035,0.066153,0.000379,477.217097
0.819964,0.045190,-0.187133,94.665501
0.794122,0.051019,-0.175473,108.585430
0.150044,0.059198,-0.007292,425.321717
0.327553,0.099658,-0.031641,343.431518
0.173756,0.064514,-0.009661,414.604046
0.633741,0.020759,-0.112280,192.715749
0.330842,0.052094,-0.032392,341.866726
0.294473,0.091525,-0.026030,358.976782
0.026028,0.090200,0.000628,480.271980
0.373463,0.031900,-0.040703,321.602676
0.526003,0.026562,-0.078202,247.164086
0.695482,0.062458,-0.134785,160.776926
0.889463,0.008674,-0.220651,56.697153
0.102658,0.012773,-0.003383,446.537704
0.308425,0.037903,-0.028392,352.433546
0.132086,0.030161,-0.005682,433.394311
0.208256,0.065759,-0.013601,398.888252
0.038188,0.000195,-0.000692,474.953056
0.409809,0.034806,-0.048528,304.140070
0.238209,0.036888,-0.017500,385.127407
0.251446,0.055097,-0.019365,379.009779
0.105105,0.071078,-0.003557,445.447382
0.211605,0.091110,-0.014015,397.354547
0.072273,0.011372,-0.001452,459.999017
0.260741,0.073995,-0.020726,374.701433
0.932107,0.087948,-0.242834,32.997744
0.463801,0.002937,-0.061425,277.886103
0.084950,0.071597,-0.002202,454.394527
0.368474,0.031642,-0.039682,323.986789
0.530560,0.051308,-0.079513,244.892585
0.389333,0.069472,-0.044036,313.997384
0.184731,0.049957,-0.010851,409.621016
0.119833,0.079070,-0.004672,438.877787
0.314061,0.000304,-0.029205,349.797415
0.209868,0.092485,-0.013799,398.149678
0.050917,0.067701,-0.000362,469.392597
0.620777,0.001779,-0.107834,199.353238
0.022693,0.077562,0.000738,481.724695
0.391940,0.063106,-0.044595,312.745684
0.349442,0.046153,-0.035905,333.051500
0.169268,0.065719,-0.009191,416.637602
0.058977,0.033333,-0.000748,465.854098
0.018105,0.073090,0.000880,483.720557
0.221112,0.034190,-0.015220,392.996108
0.142696,0.011851,-0.006614,428.630602
0.471014,0.069870,-0.063264,274.347491
0.757141,0.066973,-0.159519,128.325032
0.265186,0.012515,-0.021393,372.639409
0.175754,0.048428,-0.009873,413.698423
0.026092,0.064494,0.000626,480.244914
0.732230,0.021625,-0.149249,141.505662
0.205911,0.051042,-0.013315,399.961697
0.730696,0.069682,-0.148629,142.312666
0.480674,0.063212,-0.065771,269.601047
0.163229,0.083219,-0.008575,419.370123
0.588691,0.063327,-0.097242,215.676085
0.416396,0.037834,-0.050020,300.956908
0.666793,0.000178,-0.124998,175.529281
0.153658,0.052287,-0.007635,423.692819
0.499928,0.083714,-0.070916,260.102943
0.525259,0.080770,-0.077989,247.533132
0.742235,0.015557,-0.153328,136.224006
0.522416,0.013968,-0.077178,248.950337
0.041657,0.044826,0.000041,473.449626
0.646491,0.023433,-0.116746,186.165132
0.492817,0.055248,-0.068992,263.617412
0.799616,0.000172,-0.178688,105.482294
0.361911,0.042452,-0.038359,327.117606
0.328964,0.049148,-0.032047,342.754460
0.420703,0.038238,-0.051007,298.872616
0.178943,0.030311,-0.010216,412.251656
0.659324,0.027253,-0.121336,179.548473
0.195227,0.039773,-0.012044,404.841338
0.214672,0.069672,-0.014399,395.949775
0.102489,0.063562,-0.003370,446.611338
0.194036,0.078012,-0.011906,405.383202
0.328156,0.084347,-0.031899,343.135032
0.957372,0.093465,-0.255729,19.012153
0.685242,0.028945,-0.130898,166.112911
0.051095,0.028930,-0.000371,469.315459
0.265350,0.072597,-0.021417,372.561052
0.501404,0.034281,-0.071318,259.374559
0.353857,0.066264,-0.036764,330.951987
0.815452,0.091180,-0.185067,97.102067
0.074588,0.019818,-0.001583,458.976991
0.225142,0.060191,-0.015744,391.143598
0.413945,0.069374,-0.049462,302.140734
0.702736,0.021733,-0.137576,156.989982
0.141468,0.053851,-0.006503,429.181545
0.164306,0.094980,-0.008683,418.882811
0.316580,0.050486,-0.029818,348.596442
0.760297,0.015021,-0.160847,126.650309
0.278697,0.005354,-0.023479,366.350846
0.818813,0.024957,-0.186605,95.288476
0.264930,0.036198,-0.021354,372.757513
0.034986,0.035985,0.000305,476.366412
0.020192,0.097784,0.000817,482.812585
0.184704,0.023940,-0.010848,409.633684
0.682439,0.044052,-0.129845,167.570085
0.275388,0.055830,-0.022959,367.891374
0.374555,0.033512,-0.040928,321.080716
0.386556,0.037573,-0.043443,315.331484
0.560835,0.050597,-0.088513,229.734091
0.504832,0.049917,-0.072258,257.677221
0.046913,0.031751,-0.000183,471.148686
0.123258,0.011240,-0.004948,437.348721
0.423257,0.062381,-0.051597,297.634846
0.502647,0.099905,-0.072074,258.704801
0.088767,0.007646,-0.002444,452.705822
0.048192,0.001403,-0.000240,470.589337
0.020526,0.094432,0.000807,482.667289
0.215055,0.014063,-0.014448,395.775770
0.004693,0.017272,0.001237,489.542053
0.444458,0.047062,-0.056628,287.333907
0.744365,0.083036,-0.154205,135.095361
0.175645,0.058394,-0.009861,413.747722
0.391187,0.062936,-0.044433,313.107075
0.106605,0.077481,-0.003666,444.779126
0.325548,0.005979,-0.031425,344.369145
0.386151,0.089207,-0.043357,315.524372
0.218086,0.024088,-0.014832,394.385477
0.128676,0.018608,-0.005394,434.922736
0.745139,0.096795,-0.154524,134.685171
0.192997,0.087527,-0.011786,405.856478
0.033209,0.063124,0.000373,477.141530
0.183365,0.064619,-0.010699,410.241305
0.439311,0.047909,-0.055385,289.840153
0.840858,0.094876,-0.196876,83.331212
0.380557,0.064314,-0.042176,318.206839
0.072399,0.053343,-0.001458,459.942351
0.691232,0.024701,-0.133164,162.994333
0.599766,0.048723,-0.100832,210.057886
0.659714,0.090066,-0.121477,179.344994
0.515759,0.053957,-0.075295,252.258380
0.823626,0.063505,-0.188821,92.683355
0.692565,0.074990,-0.133672,162.297896
0.217538,0.097151,-0.014761,394.634776
0.563508,0.020412,-0.089332,228.390900
0.004365,0.068552,0.001245,489.682839
0.358510,0.044054,-0.037681,328.737967
0.650781,0.062753,-0.118270,183.954622
0.735128,0.080003,-0.150425,139.975450
0.873395,0.098162,-0.212618,65.542489
0.284396,0.051272,-0.024386,363.690059
0.093060,0.088411,-0.002723,450.799893
0.509187,0.086530,-0.073461,255.518425
0.628577,0.099868,-0.111362,195.223275
0.725853,0.053823,-0.146681,144.863269
0.115375,0.064133,-0.004324,440.869433
0.081441,0.092061,-0.001986,455.947021
0.226935,0.067816,-0.015980,390.319358
0.448464,0.044958,-0.057605,285.381016
-0.000017,0.066040,-0.000030,491.566838
0.423169,0.053367,-0.051577,297.677832
0.072523,0.085731,-0.001465,459.886789
0.249574,0.033602,-0.019096,379.877035
0.262657,0.040791,-0.021012,373.813021
0.207328,0.049802,-0.013488,399.313333
0.156467,0.070998,-0.007906,422.424856
0.020668,0.004047,0.000800,482.607900
0.856429,0.031648,-0.204321,74.842281
0.113991,0.036581,-0.004218,441.487932
0.427111,0.048223,-0.052494,295.766899
0.707657,0.098146,-0.139488,154.412793
0.003910,0.048831,0.001255,489.880189
0.026143,0.015414,0.000623,480.224262
0.022918,0.069035,0.000730,481.627252
0.575874,0.064749,-0.093172,222.157584
0.362649,0.048023,-0.038506,326.765867
0.015429,0.098104,0.000959,484.882903
0.519309,0.099586,-0.076779,250.430045
0.193251,0.002341,-0.011816,405.743172
0.246099,0.095666,-0.018600,381.481988
0.579918,0.000415,-0.095159,220.013489
0.595319,0.025296,-0.099382,212.316837
0.296789,0.074871,-0.026416,357.892782
0.259247,0.000000,-0.020316,375.409585
0.476941,0.055196,-0.064796,271.437128
0.140598,0.032875,-0.006425,429.573097
0.697577,0.092931,-0.135588,159.682521
0.309045,0.016725,-0.028500,352.142642
0.080125,0.077535,-0.001907,456.529394
0.448971,0.044448,-0.057730,285.133614
0.354958,0.019321,-0.036981,330.429505
0.034292,0.067892,0.000332,476.668187
0.170277,0.096394,-0.009295,416.179977
0.021345,0.082479,0.000781,482.311239
0.262019,0.080945,-0.020916,374.108121
0.518103,0.044190,-0.075956,251.093729
0.052940,0.078598,-0.000456,468.504428
0.406153,0.024670,-0.047710,305.904683
0.267878,0.026634,-0.021801,371.387693
0.772967,0.085155,-0.166242,119.902545
0.082601,0.058326,-0.002057,455.434602
0.163598,0.074110,-0.008612,419.203298
0.097649,0.035105,-0.003033,448.763956
0.203534,0.031766,-0.013028,401.049118
0.670998,0.000035,-0.126547,173.349743
0.071869,0.066028,-0.001428,460.175595
0.311833,0.049102,-0.028984,350.830914
0.758731,0.098614,-0.160188,127.479453
0.015510,0.047893,0.000956,484.848932
0.061814,0.027203,-0.000891,464.606425
0.284938,0.050883,-0.024473,363.437015
0.781218,0.092484,-0.169809,115.496040
-0.000017,0.032124,-0.000029,491.567657
0.240279,0.099618,-0.017617,384.180676
0.149617,0.076022,-0.007251,425.513876
0.232839,0.038621,-0.016768,387.602604
0.513106,0.091776,-0.074552,253.574174
0.660823,0.090827,-0.121878,178.771551
0.102778,0.074478,-0.003390,446.482555
0.443473,0.000049,-0.056575,287.794813
0.329366,0.096457,-0.032120,342.562716
0.229197,0.035898,-0.016280,389.279559
0.169413,0.000056,-0.009240,416.572610
0.229954,0.066296,-0.016381,388.930070
0.213112,0.044146,-0.014203,396.665355
0.294175,0.064113,-0.025981,359.117233
0.177366,0.047253,-0.010046,412.967096
0.130092,0.002660,-0.005513,434.289096
0.359744,0.039371,-0.037926,328.150541
0.521774,0.030491,-0.076995,249.268976
0.688625,0.002488,-0.132175,164.352987
0.339925,0.043613,-0.034085,337.567233
0.294499,0.030653,-0.026035,358.966474
0.069300,0.020357,-0.001287,461.310110
0.429703,0.014318,-0.053102,294.510496
0.315620,0.033261,-0.029648,349.049283
0.141447,0.022462,-0.006502,429.191687
0.082095,0.002964,-0.002027,455.659939
0.166717,0.093233,-0.008928,417.791997
0.258745,0.080956,-0.020430,375.627292
0.288124,0.034985,-0.024989,361.948870
0.105054,0.079073,-0.003553,445.469941
0.079113,0.073561,-0.001846,456.976692
0.880467,0.010258,-0.216131,61.656634
0.424206,0.068983,-0.051817,297.174840
0.689969,0.012477,-0.132685,163.652917
0.397008,0.024711,-0.045694,310.309925
0.630252,0.091742,-0.111074,194.501899
0.056593,0.034239,-0.000631,466.901696
0.400161,0.081860,-0.046384,308.790403
0.115141,0.042949,-0.004306,440.974357
0.320330,0.064042,-0.030484,346.829079
0.286239,0.049753,-0.024683,362.829524
0.310773,0.054905,-0.028799,351.329429
0.323911,0.081062,-0.031128,345.139407
0.401460,0.017719,-0.046670,308.166572
0.303020,0.037204,-0.027466,354.971964
0.342406,0.083049,-0.034555,336.390084
0.358647,0.019217,-0.037709,328.673619
0.003180,0.077456,0.001273,490.195529
0.526919,0.042193,-0.078465,246.707734
0.169272,0.080758,-0.009191,416.635452
0.060719,0.020079,-0.000835,465.088362
0.837691,0.066759,-0.195381,85.054383
0.051856,0.095775,-0.000405,468.979758
0.562134,0.037525,-0.088911,229.081496
0.034129,0.021666,0.000338,476.741029
0.445028,0.009197,-0.056767,287.057561
0.398013,0.008579,-0.045914,309.826690
0.198522,0.060397,-0.012430,403.337306
0.103098,0.092082,-0.003413,446.339732
0.080417,0.017765,-0.001925,456.401951
0.148935,0.064199,-0.007188,425.821163
0.018990,0.036406,0.000853,483.336836
0.471868,0.044913,-0.063483,273.929216
0.242439,0.048484,-0.018086,383.174454
0.241046,0.066910,-0.017892,383.817338
0.172087,0.094403,-0.009484,415.359982
0.113282,0.040660,-0.004164,441.804038
0.584691,0.056206,-0.095962,217.701509
0.088667,0.068331,-0.002437,452.748324
0.098491,0.049518,-0.003091,448.389617
0.305864,0.015361,-0.027951,353.637598
0.200369,0.026294,-0.012649,402.495124
0.507449,0.068698,-0.072979,256.380454
0.376282,0.084991,-0.041285,320.253012
0.403915,0.009469,-0.047213,306.984103
0.365212,0.078102,-0.039021,325.542210
0.144760,0.011982,-0.006802,427.702423
0.465165,0.043825,-0.061770,277.216488
0.219748,0.006262,-0.015045,393.623099
0.544075,0.018409,-0.083469,238.142346
0.547531,0.079980,-0.084496,236.409866
0.312786,0.099746,-0.028980,350.394497
0.558661,0.022975,-0.087850,230.827956
0.899811,0.053533,-0.225919,50.973914
0.396193,0.054887,-0.045516,310.701272
0.418580,0.087893,-0.050519,299.898832
0.396652,0.006485,-0.045617,310.481965
0.582520,0.061921,-0.095271,218.799753
0.467216,0.058594,-0.062292,276.211040
0.303889,0.004355,-0.027614,354.565211
0.383144,0.030065,-0.042720,316.968234
0.039541,0.003218,0.000126,474.376711
0.065050,0.074898,-0.001058,463.181164
0.146372,0.080273,-0.006949,426.975049
0.729043,0.027383,-0.147962,143.184992
0.035815,0.027916,0.000274,476.004404
0.231933,0.053721,-0.016646,388.019331
0.485306,0.023810,-0.066990,267.322205
0.051631,0.066425,-0.000395,469.079382
0.459927,0.043688,-0.060448,279.780935
0.447168,0.039684,-0.057288,286.013341
0.473684,0.080151,-0.063952,273.036590
0.747054,0.078334,-0.155315,133.672188
0.229603,0.028947,-0.016334,389.092751
0.191151,0.082801,-0.011574,406.697867
0.519570,0.029058,-0.076370,250.365007
0.435761,0.065705,-0.054536,291.566138
0.521443,0.037843,-0.076901,249.433548
0.541147,0.067243,-0.082603,239.605231
0.957423,0.072549,-0.255641,19.011916
0.170468,0.013973,-0.009316,416.095821
0.741684,0.091799,-0.153103,136.512429
0.368428,-0.000048,-0.039615,324.015282
0.603805,0.065483,-0.102159,208.004250
0.220610,0.084970,-0.015155,393.225229
0.357796,0.094691,-0.037539,329.076661
0.471754,0.065421,-0.063454,273.984566
0.292920,0.001364,-0.025775,359.706443
0.074334,0.043204,-0.001568,459.088664
0.158962,0.043733,-0.008151,421.299419
0.087182,0.064797,-0.002342,453.406379
0.407590,0.068023,-0.048030,305.210051
0.200953,0.008762,-0.012719,402.229078
0.113928,0.025353,-0.004213,441.516579
0.088401,0.027581,-0.002421,452.867276
0.296621,0.004642,-0.026388,357.973609
0.067883,0.029704,-0.001210,461.934109
0.105716,0.041762,-0.003602,445.176178
0.877402,0.013492,-0.214604,63.342792
0.319275,0.067644,-0.030296,347.326017
0.228032,0.088042,-0.016125,389.813823
0.370429,0.083999,-0.040080,323.051251
0.332543,0.065629,-0.032706,341.061570
0.888649,0.020878,-0.220240,57.145848
0.035160,0.016344,0.000298,476.290807
0.211358,0.094755,-0.013984,397.467481
0.259260,0.090316,-0.020506,375.388099
0.868654,0.006766,-0.210279,68.148793
0.234854,0.011981,-0.017041,386.674835
0.327055,0.099565,-0.031550,343.667113
0.246618,0.002950,-0.018675,381.244850
0.628666,0.080288,-0.110528,195.314793
0.475494,0.060209,-0.064420,272.148318
0.298493,0.082916,-0.026701,357.093945
0.125304,0.081985,-0.005113,436.431072
0.024785,0.028073,0.000669,480.815412
0.544194,0.077482,-0.083504,238.080825
0.326438,0.099377,-0.031437,343.958234
0.456419,0.031522,-0.059571,281.497125
0.221112,0.088894,-0.015220,392.994463
0.113656,0.042084,-0.004192,441.637219
0.504277,0.098611,-0.072105,257.950510
0.109279,0.095502,-0.003862,443.587267
0.756464,0.090974,-0.159235,128.683584
0.085495,0.006097,-0.002237,454.155415
0.444206,0.087663,-0.056567,287.455384
0.455122,0.069738,-0.059248,282.129828
0.389459,0.001308,-0.044063,313.939105
0.111506,0.016287,-0.004030,442.596838
0.873349,0.035464,-0.212594,65.570456
0.089362,0.089042,-0.002481,452.439798
0.481300,0.051091,-0.065935,269.293859
0.520770,0.019699,-0.076710,249.768661
0.056510,0.099618,-0.001326,466.921369
0.065719,0.028057,-0.001094,462.887487
0.685845,0.006775,-0.131125,165.799867
0.633058,0.004973,-0.112043,193.066471
0.730632,0.016889,-0.148603,142.348002
0.838961,0.011447,-0.195979,84.365740
0.298546,0.014771,-0.026710,357.071253
0.316582,0.040205,-0.029818,348.596030
0.537338,0.081857,-0.081485,241.508492
0.098446,0.073761,-0.003087,448.408876
0.169170,0.068527,-0.009181,416.681882
0.545831,0.007799,-0.083990,237.263494
0.124719,0.032281,-0.005066,436.694092
0.458882,0.057610,-0.060186,280.291791
0.123330,0.034877,-0.004953,437.315625
0.731227,0.075356,-0.148844,142.032583
0.830415,0.080068,-0.191971,89.004526
0.334987,0.078062,-0.033159,339.904879
0.175904,0.042968,-0.009889,413.630286
0.136289,0.029491,-0.006044,431.508473
0.582475,0.085407,-0.095256,218.821531
0.067821,0.056432,-0.001206,461.960925
0.288741,0.093385,-0.025089,361.658511
0.429579,0.005037,-0.053073,294.570858
0.574525,0.078615,-0.092749,222.838029
0.250243,0.057201,-0.019191,379.566486
0.473380,0.037932,-0.063873,273.187396
0.186748,0.085501,-0.011076,408.702247
0.388110,0.064691,-0.043774,314.584733
0.173122,0.083800,-0.009594,414.890865
0.252595,0.027348,-0.019531,378.478622
0.360695,0.066573,-0.038116,327.696405
0.365519,0.093605,-0.039083,325.395449
0.298153,0.061257,-0.026644,357.253641
0.694023,0.066953,-0.134228,161.537984
0.046901,0.067185,-0.000182,471.153328
0.104298,0.076015,-0.003499,445.806429
0.070435,0.054416,-0.001349,460.808432
0.012845,0.065073,0.001030,486.005910
0.629942,0.082048,-0.110967,194.660781
0.583088,0.034439,-0.095451,218.513144
0.293607,0.064185,-0.025887,359.383180
0.002062,0.018484,0.001296,490.681237
0.422559,0.051453,-0.051435,297.973617
0.568722,0.085390,-0.090941,225.763720
0.040838,0.044800,0.000074,473.808156
0.027495,0.094459,0.000578,479.632756
0.028787,0.002290,0.000532,479.072295
0.761037,0.077015,-0.161160,126.254891
0.184282,0.046080,-0.010801,409.824941
0.744961,0.032838,-0.154450,134.781775
0.058782,0.067095,-0.000737,465.938724
0.087914,0.060281,-0.002389,453.082138
0.333287,0.052444,-0.032844,340.710355
0.366435,0.068587,-0.039268,324.959078
0.025755,0.048407,0.000637,480.392317
0.073166,0.053229,-0.001502,459.603804
0.195387,0.034991,-0.012063,404.768442
0.399011,0.051636,-0.046132,309.345003
0.072686,0.099793,-0.002043,459.800314
0.302874,0.010182,-0.027441,355.041106
0.072555,0.008072,-0.001468,459.874959
0.491722,0.088241,-0.068698,264.156771
0.228639,0.032505,-0.016206,389.536489
0.118510,0.070790,-0.004568,439.469361
0.087010,0.016799,-0.002332,453.483894
0.505723,0.003711,-0.072503,257.237575
0.432159,0.085149,-0.053681,293.315882
0.632551,0.025633,-0.111867,193.325857
0.491507,0.006421,-0.068641,264.265421
0.269313,0.088485,-0.022020,370.718534
0.697948,0.009341,-0.135730,159.491945
0.289256,0.050396,-0.025173,361.418989
0.412327,0.087458,-0.049095,302.922157
0.033618,0.063857,0.000358,476.962737
0.940243,0.078099,-0.247210,28.441629
0.278783,0.008598,-0.023493,366.310707
0.824674,0.061675,-0.189305,92.116509
0.803093,0.093461,-0.179473,103.763668
0.271013,0.084816,-0.022281,369.927483
0.192590,0.062457,-0.011739,406.042864
0.551535,0.004744,-0.085695,234.405409
0.115849,0.020396,-0.004361,440.659026
0.478049,0.026034,-0.065085,270.893433
0.317040,0.084254,-0.029899,348.378779
0.344824,0.079193,-0.035016,335.243354
0.067479,0.054370,-0.001188,462.111511
0.436423,0.031950,-0.054694,291.245599
0.518277,0.086091,-0.076004,251.006360
0.185707,0.070146,-0.010959,409.176452
0.096412,0.009923,-0.002949,449.314221
0.257924,0.088194,-0.020309,376.007675
0.032473,0.026863,0.000399,477.463643
0.184967,0.014498,-0.010878,409.514367
0.156301,0.058296,-0.007890,422.500294
0.339409,0.059942,-0.033988,337.811519
0.738765,0.075056,-0.151907,138.055379
0.568029,0.079865,-0.090726,226.113132
0.434393,0.034639,-0.054210,292.232010
0.801177,0.031192,-0.178614,104.796573
0.426058,0.047982,-0.052248,296.277869
0.483993,0.025638,-0.066643,267.968913
0.370930,0.083430,-0.040183,322.812220
0.368761,0.016048,-0.039741,323.850085
0.031202,0.009127,0.000446,478.018621
0.382736,0.055309,-0.042634,317.162999
0.134068,0.058557,-0.005851,432.504645
0.102119,0.022206,-0.003345,446.777362
0.711512,0.012018,-0.140995,152.395993
0.273510,0.011352,-0.022668,368.767478
0.630453,0.090821,-0.111143,194.398859
0.405397,0.094475,-0.047541,306.266750
0.039188,0.076352,0.000142,474.528703
0.466516,0.057376,-0.062114,276.553888
0.255873,0.001677,-0.020008,376.961052
0.160425,0.073265,-0.008295,420.637622
0.317668,0.063288,-0.030010,348.083846
0.334942,0.017724,-0.033151,339.928308
0.157716,0.090571,-0.008028,421.860605
0.060236,0.020194,-0.000811,465.300847
0.166073,0.094508,-0.008862,418.083493
0.499114,0.098258,-0.070694,260.505361
0.088176,0.025033,-0.002406,452.966978
0.000507,0.077966,0.001331,491.352275
0.424206,0.052623,-0.051817,297.175354
0.288085,0.066155,-0.024982,361.966051
0.256052,0.030363,-0.020034,376.877120
0.277378,0.013553,-0.023271,366.965711
0.079199,0.063369,-0.001852,456.938866
0.775853,0.085878,-0.167485,118.362261
0.190857,0.096730,-0.011540,406.831352
0.886394,0.009349,-0.219103,58.390331
0.235539,0.069357,-0.017134,386.357506
0.563055,0.093054,-0.089193,228.616336
0.410004,0.014306,-0.048572,304.046224
0.122540,0.097172,-0.004888,437.667328
0.770432,0.009045,-0.165155,121.256382
0.183109,0.038971,-0.010671,410.358499
0.472164,0.056447,-0.063560,273.783590
0.576065,0.055281,-0.093232,222.061550
0.257360,0.034376,-0.020226,376.270789
0.038939,0.012447,0.000151,474.639651
0.166899,0.070586,-0.008947,417.710289
0.421310,0.095608,-0.051147,298.576893
0.499104,0.089900,-0.070691,260.510161
0.657913,0.056179,-0.120826,180.276113
0.200707,0.071944,-0.012689,402.339216
0.601345,0.011954,-0.101349,209.256970
0.712300,0.073716,-0.141304,151.981350
0.539775,0.028156,-0.082199,240.292471
0.294397,0.093329,-0.026018,359.012258
0.111097,0.064592,-0.003998,442.778216
0.257137,0.053765,-0.020193,376.373336
0.367855,0.045342,-0.039556,324.281979
0.559084,0.093628,-0.087979,230.613024
0.419214,0.029342,-0.050665,299.593702
0.351142,0.082396,-0.036234,332.242476
0.176842,0.016414,-0.009990,413.205468
0.735012,0.041857,-0.150377,140.038035
0.525528,0.093555,-0.078066,247.398425
0.331249,0.083077,-0.032467,341.673069
0.042931,0.068467,-0.000012,472.891845
0.114821,0.072244,-0.004281,441.116648
0.621138,0.065855,-0.107957,199.166466
0.022837,0.037077,0.000732,481.663386
0.024168,0.038767,0.000689,481.083565
0.139700,0.081568,-0.006344,429.975402
0.772388,0.080073,-0.165993,120.211487
0.585333,0.099523,-0.096898,217.268205
0.096390,0.086694,-0.002947,449.321737
0.875479,0.053347,-0.213650,64.398870
0.143897,0.081373,-0.006722,428.088370
0.022965,0.019265,0.000728,481.608051
0.102805,0.086610,-0.003392,446.470426
0.280252,0.083469,-0.023725,365.623077
0.009547,0.091145,0.001119,487.436148
0.085518,0.008205,-0.002239,454.144876
0.141332,0.060310,-0.006491,429.242248
0.210989,0.095572,-0.013938,397.636487
0.082133,0.040174,-0.002029,455.642079
0.628658,0.095182,-0.110525,195.318388
0.089913,0.064573,-0.002517,452.196337
0.536365,0.059285,-0.081200,241.995560
0.193785,0.045728,-0.011877,405.498352
0.067402,0.019512,-0.001184,462.146504
0.126245,0.025497,-0.005192,436.011547
0.318899,0.063379,-0.030229,347.503576
0.398263,0.031208,-0.045968,309.705857
0.400247,0.061580,-0.046403,308.749734
0.559804,0.096611,-0.088198,230.251076
0.751821,0.005812,-0.157294,131.149216
0.913608,0.037707,-0.233056,43.317236
0.021882,0.083073,0.000764,482.077835
0.761560,0.069726,-0.161381,125.976727
0.808944,0.044056,-0.182109,100.614210
0.216740,0.018925,-0.014661,395.003147
0.942818,-0.000022,-0.248604,26.999555
0.698628,0.025131,-0.135992,159.135915
0.006699,0.067551,0.001190,488.671565
0.045859,0.074794,-0.000137,471.609292
0.543760,0.039217,-0.083375,238.299092
0.805512,0.010016,-0.180560,102.464391
0.399725,0.100031,-0.046323,308.996091
0.195311,0.009736,-0.012055,404.803735
0.165113,0.001875,-0.008766,418.520239
0.696060,0.077696,-0.135006,160.474997
0.463011,0.069358,-0.061225,278.270797
0.320114,0.063143,-0.030446,346.930864
0.014689,0.083004,0.000980,485.204548
0.810434,0.072572,-0.182784,99.810393
0.247556,0.004595,-0.018808,380.811408
0.713487,0.040800,-0.141771,151.359805
0.124093,0.008172,-0.005016,436.975253
0.671283,0.070004,-0.125699,173.359833
0.279099,0.055516,-0.023542,366.162022
0.052286,0.028861,-0.000426,468.792952
0.473854,0.025561,-0.063996,272.954775
0.460874,0.054063,-0.060686,279.317643
0.668292,0.067061,-0.124600,174.909438
0.345424,0.067802,-0.035131,334.958603
0.578276,0.040090,-0.093927,220.945646
0.957657,0.044586,-0.255236,19.008555
0.750842,0.097085,-0.156887,131.664920
0.187180,0.044690,-0.011125,408.506739
0.454457,0.058142,-0.059083,282.455245
0.733522,0.014066,-0.149772,140.824929
0.379805,0.082056,-0.042019,318.566365
0.238962,0.035122,-0.017604,384.779782
0.627907,0.093409,-0.110267,195.702887
0.608354,0.085531,-0.103664,205.688376
0.800593,0.028052,-0.178353,105.110233
0.120791,0.096598,-0.004748,438.449358
0.117777,0.053830,-0.004511,439.797453
0.419545,0.002517,-0.050741,299.434442
0.453121,0.070230,-0.058752,283.107146
0.460031,0.061978,-0.060474,279.729783
0.272658,0.036991,-0.022535,369.163456
0.801889,0.087593,-0.178933,104.411576
0.234955,0.056196,-0.017055,386.627281
0.351634,0.075032,-0.036330,332.008714
0.300975,0.038579,-0.027119,355.931632
0.489262,0.020587,-0.068041,265.372582
0.626098,0.020255,-0.109647,196.631124
0.515692,0.019560,-0.075277,252.292387
0.360041,0.026204,-0.037985,328.009534
0.715229,0.068479,-0.142457,150.445452
0.450113,0.049048,-0.058010,284.576473
0.061036,0.083234,-0.000850,464.947096
0.031709,0.044150,0.000428,477.796527
0.077710,0.024260,-0.001764,457.598210
0.488164,0.087131,-0.067748,265.911486
0.171106,0.048620,-0.009382,415.805652
0.251938,0.093002,-0.019435,378.781058
0.090993,0.000265,-0.003027,451.706596
0.619386,0.001706,-0.107363,200.063793
0.498882,0.010633,-0.070631,260.622737
0.560124,0.020779,-0.088296,230.092872
0.028707,0.001433,0.000534,479.107286
0.114230,0.072194,-0.004236,441.380189
0.453315,0.000457,-0.059022,282.989628
0.517504,0.048031,-0.075787,251.391359
0.223485,0.007934,-0.015528,391.906802
0.364750,0.098178,-0.038928,325.762023
0.063702,0.036768,-0.000988,463.775311
0.026898,0.012576,0.000597,479.895177
0.935923,0.094772,-0.244881,30.861609
0.208706,0.068768,-0.013657,398.682237
0.913022,0.047670,-0.232751,43.642675
0.493289,0.057386,-0.069119,263.384342
0.236985,0.045015,-0.017332,385.691549
0.918163,0.099810,-0.235116,40.854633
0.443858,0.059545,-0.056482,287.625831
0.038298,0.027121,0.000177,474.919453
0.957254,0.067084,-0.255934,19.015208
0.207890,0.065958,-0.013556,399.055722
0.091516,0.067441,-0.002622,451.485205
0.270422,0.084949,-0.022190,370.202492
0.439264,0.073050,-0.055374,289.862198
0.204803,0.063547,-0.013180,400.467967
0.015641,0.091909,0.000953,484.791078
0.781824,0.043429,-0.170072,115.173849
0.391773,0.072683,-0.044559,312.825263
0.815267,0.070863,-0.184982,97.202676
0.864182,0.036722,-0.208088,70.599456
0.329063,0.057251,-0.032065,342.707464
0.484221,0.091478,-0.066703,267.854566
0.019839,0.035677,0.000827,482.967809
0.195401,0.076928,-0.012064,404.760593
0.651303,0.099511,-0.119374,183.534641
0.662391,0.010440,-0.122447,177.963925
0.501744,0.057741,-0.071411,259.205525
0.184583,0.096550,-0.010834,409.686680
0.715518,0.045892,-0.142571,150.294234
0.023370,0.068576,0.000716,481.430571
0.466209,0.003529,-0.062036,276.706035
0.278625,0.070789,-0.023467,366.382288
0.369103,0.032758,-0.039810,323.686349
0.814233,0.087436,-0.184511,97.760376
0.475293,0.021441,-0.064368,272.248097
0.500893,0.098245,-0.071179,259.625140
0.957283,0.034953,-0.255885,19.015752
0.233268,0.037342,-0.016826,387.404928
0.627027,0.072063,-0.109966,196.153883
0.200989,0.095580,-0.012722,402.210099
0.000506,0.059650,0.001331,491.353333
0.595734,0.079573,-0.099517,212.104816
0.105621,0.003601,-0.003595,445.219535
0.712420,0.075120,-0.141351,151.918418
0.089702,0.007968,-0.002505,452.291478
0.027248,0.004627,0.000585,479.742935
0.179036,0.037071,-0.010226,412.209207
0.168678,0.079293,-0.009130,416.904481
0.316043,0.098036,-0.029722,348.848041
0.875678,0.035281,-0.213748,64.290292
0.139890,0.020965,-0.006362,429.891613
0.118144,0.029835,-0.004540,439.634209
0.173002,0.022650,-0.009582,414.947023
0.180699,0.019038,-0.010407,411.454286
0.632719,0.041806,-0.111926,193.239173
0.395214,0.004716,-0.045304,311.173738
0.362587,0.072272,-0.038493,326.794659
0.071837,0.033568,-0.001427,460.190648
0.337317,0.021117,-0.033595,338.803899
0.078657,0.039793,-0.001820,457.179182
0.105238,0.071208,-0.003567,445.388029
0.517947,0.023441,-0.075911,251.172348
0.148038,0.053492,-0.007104,426.225361
0.356249,0.070427,-0.037234,329.813628
0.251287,0.070828,-0.019341,379.083058
0.307787,0.064147,-0.028282,352.732465
0.881469,0.056431,-0.216633,61.102864
0.108395,0.096270,-0.003797,443.981570
0.170461,0.021129,-0.009316,416.098738
0.600007,0.057614,-0.100911,209.935206
0.328786,0.070776,-0.032014,342.837771
0.621008,0.064008,-0.107913,199.232801
0.444066,0.088948,-0.056533,287.523695
0.840899,0.068725,-0.196895,83.309488
0.566018,0.087092,-0.090104,227.125697
0.487120,0.083531,-0.067471,266.426422
0.322144,0.034196,-0.030810,345.974427
0.802100,0.006397,-0.179027,104.300682
0.431202,0.019389,-0.053455,293.782931
0.411979,0.090122,-0.049017,303.090250
0.276243,0.057380,-0.023093,367.493362
0.042985,0.005233,-0.000015,472.869919
0.219702,0.043209,-0.015039,393.643150
0.030171,0.065239,0.000484,478.466877
0.352674,0.060647,-0.036533,331.514815
0.512978,0.031314,-0.074516,253.639617
0.532681,0.022758,-0.080127,243.835718
0.805961,0.005848,-0.180762,102.222691
0.132380,0.095338,-0.005706,433.260542
0.076938,0.018969,-0.001719,457.939550
0.261899,0.038661,-0.020899,374.165109
0.383369,0.024676,-0.042768,316.860599
0.458845,0.010924,-0.060177,280.311398
0.082136,0.034767,-0.002029,455.641214
0.030569,0.022475,0.000469,478.294683
0.165485,0.076991,-0.008803,418.349808
0.058014,0.045925,-0.000700,466.277240
0.396502,0.048285,-0.045584,310.552594
0.180698,0.078714,-0.010406,411.453038
0.209672,0.095963,-0.013775,398.239430
0.342211,0.093226,-0.034518,336.482427
0.957235,0.026496,-0.255967,19.016908
0.957305,0.017870,-0.255846,19.015918
0.101348,0.076684,-0.003289,447.118773
0.488093,0.076774,-0.067729,265.947046
0.930090,0.008515,-0.241755,34.128623
0.458077,0.015084,-0.059985,280.687133
0.460483,0.016632,-0.060588,279.510150
0.116059,0.059116,-0.004377,440.564390
0.632970,0.012298,-0.112013,193.111274
0.142293,0.094673,-0.006577,428.809362
0.150615,0.043935,-0.007346,425.064778
0.013233,0.006787,0.001019,485.838963
0.385748,0.083495,-0.043271,315.717879
0.447941,0.025032,-0.057477,285.636727
0.447878,0.088180,-0.057462,285.665608
0.356227,0.029285,-0.037230,329.825687
0.387368,0.017049,-0.043616,314.942447
0.580310,0.085595,-0.094570,219.916215
0.463916,0.063419,-0.061453,277.827987
0.188622,0.068526,-0.011287,407.849832
0.561027,0.029025,-0.088572,229.638306
0.057682,0.014858,-0.000684,466.423783
0.172131,0.040341,-0.009490,415.341404
0.347141,0.077960,-0.035460,334.143599
0.546260,0.081112,-0.084118,237.046109
0.126164,0.079562,-0.005184,436.046281
0.339786,0.062468,-0.034059,337.632605
0.369905,0.095504,-0.039973,323.301436
0.400310,0.099729,-0.046453,308.714428
0.789986,0.099679,-0.174462,110.640639
0.686033,0.027519,-0.131196,165.701741
0.064082,0.088237,-0.001007,463.606863
0.561980,0.077262,-0.088863,229.157826
0.048448,0.054517,-0.000251,470.475395
0.544617,0.057928,-0.083630,237.869396
0.002498,0.004195,0.001287,490.492823
-0.000143,0.053265,-0.000248,491.619731
0.288729,0.056563,-0.025087,361.665354
0.618634,0.025137,-0.107108,200.447248
0.274427,0.099371,-0.022615,368.351649
0.270674,0.049299,-0.022229,370.086577
0.278755,0.081571,-0.023488,366.321576
0.677005,0.005441,-0.127816,170.394348
0.510592,0.014901,-0.073851,254.823652
0.611331,0.071910,-0.104655,204.171735
0.146276,0.093462,-0.006940,427.017487
0.000200,0.071426,0.000346,491.476226
0.282106,0.082222,-0.024019,364.758056
0.557391,0.016831,-0.087464,231.466063
0.633357,0.054840,-0.112147,192.911176
0.003339,0.047812,0.001268,490.127620
0.750968,0.056944,-0.156939,131.599984
0.014589,0.030308,0.000981,485.249822
0.226872,0.048258,-0.015972,390.348880
0.286215,0.046662,-0.024679,362.840869
0.051117,0.058265,-0.000371,469.304793
0.520057,0.050168,-0.076508,250.122550
0.339712,0.028539,-0.034045,337.668982
0.695296,0.053705,-0.134714,160.874144
0.176712,0.082192,-0.009975,413.262531
0.442541,0.072821,-0.056163,288.266899
0.610499,0.002836,-0.104378,204.598030
0.598890,0.065994,-0.100545,210.502707
0.288687,0.030271,-0.025080,361.685736
0.340367,0.018147,-0.034169,337.358617
0.176058,0.054525,-0.009905,413.560327
0.583726,0.040268,-0.095654,218.190207
0.394204,0.061792,-0.045084,311.657371
0.144742,0.032814,-0.006800,427.709655
0.637201,0.069783,-0.113483,190.938540
0.015141,0.020861,0.000966,485.010357
0.512049,0.096046,-0.074257,254.098589
0.381587,0.040049,-0.042393,317.714196
0.617342,0.002261,-0.106672,201.107926
0.112049,0.023815,-0.004070,442.354783
0.506819,0.034687,-0.072806,256.693388
0.589612,0.072907,-0.097537,215.209469
0.241710,0.052549,-0.017984,383.511129
0.233734,0.040124,-0.016889,387.190229
0.284153,0.020450,-0.024348,363.804434
0.095043,0.099497,-0.003270,449.906848
0.243794,0.017336,-0.018276,382.549493
0.439898,0.020735,-0.055526,289.555374
0.898227,0.097867,-0.225109,51.848910
0.231272,0.017965,-0.016558,388.324981
0.186782,0.025688,-0.011080,408.688719
0.254295,0.078390,-0.019777,377.690014
0.957300,0.045695,-0.255855,19.015079
0.115790,0.018436,-0.004357,440.685373
0.060250,0.030629,-0.000811,465.294594
0.588855,0.053043,-0.097294,215.593603
0.353406,0.034383,-0.036676,331.167462
0.151466,0.087446,-0.007426,424.680094
0.522546,0.080900,-0.077215,248.883507
0.582720,0.046564,-0.095334,218.699126
0.156584,0.007249,-0.007918,422.373917
0.068059,0.062458,-0.001219,461.855970
0.666708,0.005366,-0.124020,175.731519
0.422263,0.033226,-0.051367,298.117603
0.909013,0.075255,-0.230665,45.869544
0.237206,0.026948,-0.017362,385.590205
0.131346,0.064668,-0.005618,433.725127
0.399199,0.032152,-0.046173,309.255151
0.882079,0.096438,-0.216938,60.765798
0.183734,0.038100,-0.010740,410.074292
0.370710,0.066547,-0.040138,322.917794
0.660838,0.019372,-0.121884,178.766245
0.403790,0.076681,-0.047185,307.042177
0.957278,0.075984,-0.255893,19.014474
0.112584,0.060927,-0.004110,442.115190
0.511840,0.028971,-0.074199,254.204369
0.284961,0.054840,-0.024477,363.426320
0.386969,0.064210,-0.043531,315.132460
0.208238,0.019999,-0.013600,398.898283
0.098852,0.018817,-0.003116,448.230021
0.053582,0.055326,-0.000486,468.223326
0.286428,0.000252,-0.024522,362.756743
0.025167,0.013223,0.000656,480.649462
0.045779,0.046635,-0.000134,471.645343
0.035677,0.089055,0.000280,476.062829
0.378887,0.039083,-0.041827,319.007178
0.314419,0.060265,-0.029437,349.613569
0.098705,0.010636,-0.003106,448.295213
0.291662,0.068699,-0.025567,360.293373
0.298325,0.011663,-0.026673,357.174808
0.460294,0.007911,-0.060540,279.602526
0.242485,0.054550,-0.018093,383.153405
0.158043,0.028571,-0.008061,421.714925
0.114833,0.087051,-0.004282,441.110879
0.551991,0.037729,-0.085832,234.175592
0.151102,0.047182,-0.007392,424.845285
0.651122,0.031905,-0.118391,183.779725
0.022164,0.007169,0.000753,481.956864
0.470569,0.016008,-0.063150,274.567894
0.418513,0.099882,-0.050600,299.920737
0.556703,0.060729,-0.087255,231.809988
0.233367,0.071445,-0.016839,387.358528
0.190770,0.083807,-0.011530,406.871416
0.274102,0.061804,-0.022759,368.490257
0.821643,0.091898,-0.187906,93.755722
0.513249,0.081394,-0.074592,253.503579
0.228804,0.058138,-0.016228,389.459551
0.151457,0.006479,-0.007426,424.686397
0.808114,0.027357,-0.181733,101.062559
0.152324,0.059271,-0.007508,424.294112
0.380633,0.064351,-0.042192,318.170158
0.094860,0.019519,-0.002844,450.002706
0.103813,0.045124,-0.003465,446.023027
0.746675,0.048142,-0.155158,133.873782
0.860184,0.039355,-0.206141,72.788284
0.069304,0.099521,-0.001881,461.291570
0.030438,0.036312,0.000474,478.351058
0.228747,0.085268,-0.016220,389.485168
0.173672,0.034848,-0.009652,414.642933
0.302395,0.030335,-0.027360,355.265591
0.406428,0.086200,-0.047771,305.769940
0.102371,0.045654,-0.003362,446.664651
0.139302,0.040125,-0.006310,430.155226
0.275676,0.094382,-0.023004,367.756190
0.207350,0.010336,-0.013491,399.304805
0.103127,0.083152,-0.003415,446.327082
0.761546,0.050480,-0.161375,125.984830
0.474503,0.097386,-0.064163,272.633865
0.040999,0.027254,0.000068,473.738040
0.116135,0.095036,-0.004382,440.529212
0.613249,0.092064,-0.105297,203.193259
0.318341,0.086477,-0.030130,347.765604
0.451852,0.032382,-0.058438,283.728167
0.084803,0.039776,-0.002193,454.460456
0.251272,0.059648,-0.019339,379.090510
0.044100,0.041378,-0.000062,472.380770
0.248814,0.060391,-0.018987,380.227826
0.381412,0.072377,-0.042356,317.796638
0.297476,0.081138,-0.026530,357.570734
0.209538,0.083842,-0.013759,398.300953
0.024985,0.024978,0.000662,480.728396
0.214479,0.083237,-0.014374,396.037645
0.513126,0.058097,-0.074558,253.565074
0.271568,0.074279,-0.022366,369.669807
0.107937,0.030664,-0.003764,444.187436
0.097534,0.041457,-0.003025,448.814972
0.410807,0.013768,-0.048753,303.658607
0.164769,0.031897,-0.008731,418.675061
0.404253,0.055720,-0.047288,306.819481
0.396299,0.027028,-0.045540,310.651025
0.680883,0.020365,-0.129262,168.379987
0.057780,0.020384,-0.000689,466.380374
0.149281,0.099932,-0.007342,425.659198
0.134751,0.041808,-0.005910,432.198366
0.121873,0.068079,-0.004835,437.966510
0.095055,0.059688,-0.002857,449.915282
0.184327,0.006684,-0.010807,409.805677
0.103249,0.030652,-0.003425,446.274272
0.090144,0.048714,-0.002533,452.094071
0.202372,0.038671,-0.012888,401.579824
0.061917,0.054744,-0.000896,464.560735
0.746869,0.098470,-0.155239,133.769739
0.336845,0.007829,-0.033507,339.027681
0.232193,0.077477,-0.016681,387.898998
0.454087,0.036810,-0.058991,282.636691
0.273626,0.009600,-0.022686,368.713495
0.181129,0.015355,-0.010454,411.259208
0.099252,0.057654,-0.003143,448.051194
0.556206,0.038212,-0.087105,232.060341
0.479370,0.096881,-0.065429,270.241838
0.456776,0.026548,-0.059660,281.322662
0.262695,0.034565,-0.021018,373.795384
-0.000000,-0.000000,-0.000000,491.561558
0.019273,0.016647,0.000844,483.214440
0.398733,0.058924,-0.046071,309.478774
0.020583,0.003722,0.000803,482.644922
0.046641,0.023918,-0.000171,471.268087
0.067186,0.079092,-0.001171,462.240113
0.168030,0.027741,-0.009064,417.199612
0.498518,0.012442,-0.070532,260.802679
0.427880,0.058829,-0.052674,295.393591
0.158211,0.016395,-0.008077,421.639363
0.137051,0.057645,-0.006111,431.165681
0.269919,0.034723,-0.022113,370.438336
0.673653,0.008895,-0.126574,172.133243
0.270192,0.049978,-0.022155,370.310795
0.172702,0.006414,-0.009550,415.083751
0.058325,0.098386,-0.000714,466.138892
0.168906,0.030511,-0.009154,416.802539
0.283899,0.018258,-0.024307,363.923405
0.394740,0.070456,-0.045201,311.399278
0.518785,0.065747,-0.076148,250.754288
0.277280,0.061253,-0.023256,367.009861
0.455105,0.045689,-0.059244,282.138835
0.343066,0.036772,-0.034681,336.078678
0.224739,0.081777,-0.015691,391.328404
0.138551,0.015638,-0.006243,430.493427
0.239229,0.087648,-0.017640,384.655193
0.241901,0.074134,-0.018011,383.422106
0.359121,0.003773,-0.037803,328.448396
0.465563,0.067362,-0.061871,277.020801
0.443050,0.066263,-0.056286,288.019654
0.398650,0.010467,-0.046053,309.519932
0.356977,0.004941,-0.037378,329.469059
0.102803,0.081174,-0.003392,446.471234
0.131849,0.027613,-0.005661,433.500521
0.085416,0.013566,-0.002232,454.190088
-0.000115,0.009447,-0.000199,491.609158
0.120934,0.098462,-0.004760,438.385347
0.393486,0.022514,-0.044929,312.003546
0.523673,0.044892,-0.077536,248.323575
0.009816,0.013472,0.001110,487.321541
0.388899,0.002902,-0.043943,314.207875
0.170507,0.019847,-0.009320,416.077966
0.302649,0.012221,-0.027403,355.146871
0.050938,0.003224,-0.000364,469.384938
0.067530,0.057930,-0.001190,462.089264
0.138623,0.075154,-0.006249,430.459112
0.854660,0.000295,-0.203873,75.722993
0.549025,0.012552,-0.084942,235.663482
0.483272,0.094835,-0.066453,268.321616
0.760506,0.065480,-0.160936,126.537373
0.790550,0.044760,-0.173895,110.501508
0.049045,0.019135,-0.000278,470.214875
0.503369,0.018241,-0.071856,258.402875
0.193730,0.067868,-0.011870,405.523193
0.615270,0.097473,-0.105975,202.162110
0.173181,0.064626,-0.009600,414.864716
0.581026,0.037895,-0.094797,219.555789
0.000185,0.047837,0.000320,491.483286
0.312830,0.094063,-0.029157,350.360683
0.726143,0.088213,-0.146798,144.709503
0.395652,0.075338,-0.045399,310.960712
0.612076,0.069563,-0.104904,203.792225
0.221570,0.007081,-0.015280,392.786767
0.154114,0.055730,-0.007679,423.487124
0.029636,0.018754,0.000502,478.701614
0.544540,0.017696,-0.083607,237.909652
0.025590,0.040554,0.000642,480.464295
0.114682,0.084909,-0.004270,441.178324
0.373727,0.012676,-0.040758,321.477038
0.243289,0.064629,-0.018205,382.781488
0.008867,0.082243,0.001136,487.731158
0.548562,0.079716,-0.084804,235.893180
0.236824,0.088255,-0.017309,385.764707
0.116210,0.033220,-0.004389,440.497432
0.178803,0.035865,-0.010201,412.314811
0.600904,0.099513,-0.101988,209.360057
0.534686,0.050994,-0.080710,242.833887
0.002911,0.065571,0.001278,490.312338
0.389927,0.097046,-0.044163,313.711349
0.180551,0.002072,-0.010391,411.522155
0.434281,0.076607,-0.054184,292.285318
0.552062,0.088197,-0.085853,234.138127
0.318701,0.053325,-0.030194,347.597201
0.632535,0.044112,-0.111862,193.333159
0.085235,0.060768,-0.002220,454.268620
0.649844,0.045160,-0.117936,184.437821
0.106829,0.007169,-0.003683,444.681656
0.381194,0.030292,-0.042310,317.902485
0.048950,0.070044,-0.000273,470.255006
0.242363,0.049720,-0.018076,383.209636
0.588522,0.019073,-0.097187,215.763443
0.414798,0.016468,-0.049656,301.730341
0.798882,0.039122,-0.177589,106.029870
0.301986,0.040852,-0.027290,355.456926
0.472444,0.009979,-0.063632,273.647587
0.610890,0.054899,-0.104508,204.397229
0.648150,0.050348,-0.117334,185.309854
0.520832,0.067146,-0.076728,249.736459
0.779452,0.025896,-0.169042,116.442129
0.576830,0.044935,-0.093472,221.675705
0.865586,0.025158,-0.208775,69.830256
0.303698,0.039380,-0.027581,354.653916
0.188826,0.018135,-0.011310,407.758439
0.321836,0.067605,-0.030754,346.118937
0.662358,0.035033,-0.122435,177.980226
0.705276,0.018999,-0.138561,155.661467
0.345138,0.025061,-0.035076,335.095929
0.957570,0.052330,-0.255388,19.009901
0.228379,0.086399,-0.016171,389.654597
0.547422,0.035391,-0.084464,236.465697
0.027424,0.070643,0.000580,479.664309
0.633155,0.032582,-0.112077,193.015629
0.707246,0.096776,-0.139328,154.627948
0.282147,0.063219,-0.024026,364.739584
0.826077,0.083699,-0.189955,91.355543
0.187917,0.050318,-0.011207,408.171261
0.336399,0.080974,-0.033423,339.236338
0.062980,0.067765,-0.000950,464.092199
0.160973,0.060270,-0.008349,420.390377
0.299294,0.030243,-0.026836,356.720154
0.108299,0.042043,-0.003790,444.025681
0.564021,0.036958,-0.089490,228.132156
0.294666,0.055043,-0.026063,358.887673
0.085182,0.009654,-0.002217,454.293647
0.347049,0.051444,-0.035443,334.187678
0.157558,0.066773,-0.008013,421.932709
0.284210,0.080542,-0.024356,363.776036
0.119096,0.015115,-0.004615,439.209300
0.631113,0.018960,-0.111371,194.062787
0.262621,0.010141,-0.021007,373.830744
0.318626,0.082004,-0.030180,347.631494
0.186990,0.099636,-0.011070,408.593450
0.639209,0.045666,-0.114184,189.908175
0.212852,0.032222,-0.014171,396.785141
0.263266,0.030524,-0.021104,373.530449
0.260136,0.062073,-0.020636,374.982507
0.404518,0.029029,-0.047346,306.692895
0.136827,0.023909,-0.006092,431.267303
0.776606,0.066557,-0.167810,117.961252
0.425889,0.000156,-0.052331,296.347929
0.569426,0.018457,-0.091159,225.411251
0.386827,0.059508,-0.043500,315.200983
0.094450,0.014621,-0.002817,450.185229
0.377724,0.013361,-0.041585,319.564980
0.045118,0.088742,-0.000104,471.933620
0.030024,0.072703,0.000489,478.530888
0.480368,0.062676,-0.065690,269.751666
0.147092,0.083386,-0.007016,426.650490
0.032274,0.082997,0.000408,477.548877
0.399778,0.025775,-0.046300,308.976784
0.100237,0.057872,-0.003212,447.613328
0.248611,0.063773,-0.018958,380.321597
0.331207,0.073996,-0.032459,341.693368
0.229768,0.019478,-0.016357,389.017207
0.022922,0.086121,0.000731,481.624917
0.202209,0.021413,-0.012869,401.654879
0.177000,0.052229,-0.010006,413.132802
0.936878,0.078889,-0.245394,30.327675
0.198157,0.057768,-0.012387,403.503893
0.442372,0.071861,-0.056123,288.349328
0.046485,0.050376,-0.000164,471.336002
0.201728,0.071970,-0.012810,401.873276
0.048296,0.099682,-0.001018,470.525775
0.501379,0.067300,-0.071311,259.385955
0.106530,-0.000053,-0.004004,444.803623
0.145125,0.085673,-0.006835,427.535851
0.523830,0.046665,-0.077581,248.245600
0.218294,0.081675,-0.014858,394.288066
0.735229,0.041491,-0.150466,139.923322
0.311460,0.089705,-0.028918,351.005303
0.268536,0.018174,-0.021902,371.081984
0.738958,0.011686,-0.151985,137.955838
0.343204,0.059019,-0.034707,336.012446
0.804631,0.049118,-0.180164,102.937192
0.385757,0.025491,-0.043273,315.715037
0.113596,0.043062,-0.004188,441.664158
0.279847,0.093378,-0.023660,365.811811
0.253491,0.004272,-0.019661,378.064480
0.404235,0.016503,-0.047284,306.829519
0.165016,0.099989,-0.008807,418.558977
0.580143,0.025033,-0.094517,220.002523
0.634963,0.082678,-0.112704,192.086874
0.055730,0.008707,-0.000589,467.281394
0.165588,0.059450,-0.008814,418.303675
0.562687,0.075991,-0.089080,228.802021
0.140301,0.029927,-0.006399,429.706533
0.367181,0.052794,-0.039419,324.603595
0.035520,0.029217,0.000285,476.133352
0.267522,0.036470,-0.021747,371.552803
0.000087,0.087727,0.000151,491.522858
0.153956,0.024774,-0.007664,423.559278
0.570506,0.056278,-0.091495,224.865621
0.182950,0.067941,-0.010653,410.429883
0.042354,0.040277,0.000012,473.144908
0.196376,0.047903,-0.012178,404.316967
0.430583,0.038540,-0.053309,294.082504
0.719558,0.036925,-0.144170,148.173610
0.456221,0.041590,-0.059521,281.593645
0.057963,0.025257,-0.000698,466.299880
0.143428,0.028730,-0.006681,428.300812
0.396174,0.053916,-0.045512,310.710360
0.407327,0.100037,-0.048031,305.329902
0.342033,0.034892,-0.034485,336.568306
0.505689,0.048193,-0.072494,257.252858
0.470265,0.015753,-0.063072,274.716665
0.423490,0.043534,-0.051651,297.522751
0.893112,0.086495,-0.222502,54.678492
0.192280,0.067941,-0.011704,406.183708
0.300654,0.097748,-0.027064,356.080300
0.032210,0.035008,0.000409,477.578049
0.067250,0.078510,-0.001175,462.211871
0.957332,0.037551,-0.255799,19.014760
0.311501,0.071877,-0.028926,350.986348
0.065803,0.062127,-0.001098,462.849623
0.050483,0.086850,-0.000342,469.582485
0.043909,0.008454,-0.000054,472.465244
0.506258,0.089957,-0.072651,256.969613
0.413263,0.077590,-0.049307,302.470359
0.307256,0.011491,-0.028191,352.983921
0.038747,0.068742,0.000159,474.721821
0.331544,0.044370,-0.032521,341.534942
0.148521,0.026137,-0.007150,426.008645
0.040894,0.048230,0.000072,473.783595
0.570155,0.041873,-0.091386,225.042873
0.568431,0.085891,-0.090851,225.910135
0.869124,0.097503,-0.210511,67.887578
0.675151,0.007980,-0.127128,171.356079
0.249082,0.097584,-0.019025,380.102558
0.002510,0.087583,0.001288,490.485291
0.538679,0.000247,-0.082436,240.765734
0.055469,0.030214,-0.000576,467.395488
0.646496,0.012339,-0.116747,186.162969
0.301780,0.088553,-0.027255,355.552107
0.047088,0.090334,-0.000190,471.070651
0.405746,0.064530,-0.047619,306.099682
0.163414,0.076918,-0.008593,419.286517
0.042351,0.080951,0.000013,473.145157
0.418395,0.013926,-0.050477,299.990763
0.630721,0.018128,-0.111236,194.263723
0.083200,0.069373,-0.002094,455.169259
0.304898,0.055219,-0.027786,354.089690
0.109447,0.036638,-0.003875,443.514267
0.489349,0.073063,-0.068064,265.327862
0.639220,0.069011,-0.114187,189.902034
0.178073,0.016244,-0.010122,412.646792
0.048715,0.000068,-0.001033,470.345032
0.593235,0.057058,-0.098706,213.373125
0.224999,0.084437,-0.015725,391.208747
0.315390,0.060744,-0.029607,349.156474
0.377360,0.049603,-0.041509,319.737974
0.055390,0.006578,-0.000573,467.431130
0.028621,0.095742,0.000539,479.141794
0.408136,0.096464,-0.048152,304.945765
0.126652,0.016115,-0.005225,435.829339
0.392751,0.059848,-0.044770,312.355813
0.018196,0.067341,0.000877,483.681222
0.141049,0.014647,-0.006466,429.370995
0.443251,0.054311,-0.056335,287.921982
0.594434,0.092903,-0.099095,212.763642
0.017467,0.088219,0.000899,483.997486
0.151237,0.045859,-0.007405,424.784441
0.152722,0.025187,-0.007546,424.115656
0.087728,0.060138,-0.002377,453.164624
0.055418,0.084933,-0.000573,467.416313
0.045320,0.002846,-0.000115,471.847580
0.664172,0.059448,-0.123095,177.041580
0.479313,0.047658,-0.065414,270.271245
0.039741,0.013464,0.000119,474.288600
0.357600,0.096057,-0.037501,329.169738
0.779341,0.084289,-0.168994,116.499519
0.664439,0.034963,-0.123192,176.904264
0.038633,0.083273,0.000164,474.771252
0.146299,0.085687,-0.006943,427.007584
0.428136,0.054526,-0.052734,295.269747
0.030660,0.078603,0.000466,478.253114
0.204444,0.084428,-0.013137,400.631716
0.858231,0.060877,-0.205194,73.855769
0.121314,0.065219,-0.004790,438.216538
0.258833,0.007940,-0.020444,375.588588
0.298448,0.020122,-0.026694,357.116598
0.612249,0.021526,-0.104962,203.705576
0.572076,0.036723,-0.091983,224.074866
0.280453,0.030164,-0.023757,365.531287
0.678507,0.052136,-0.128375,169.612952
0.348528,0.072264,-0.035728,333.484976
0.324578,0.020898,-0.031249,344.826489
0.393026,0.000339,-0.044843,312.224075
0.546064,0.030188,-0.084059,237.146024
0.715204,0.062782,-0.142447,150.458665
0.214793,0.058062,-0.014414,395.894466
0.356072,0.094920,-0.037199,329.897465
0.079923,0.041251,-0.001895,456.619517
0.255497,0.048618,-0.019953,377.133934
0.211341,0.072058,-0.013982,397.476104
0.158785,0.020087,-0.008134,421.379812
0.386223,0.052574,-0.043372,315.490803
0.701231,0.064668,-0.136995,157.774787
0.669265,0.085187,-0.124957,174.404625
0.518838,0.092124,-0.076163,250.727357
0.931988,0.060540,-0.242770,33.065034
0.318251,0.000612,-0.029952,347.823899
0.088658,-0.000038,-0.002891,452.741265
0.460739,0.012516,-0.060652,279.384989
0.275686,0.033100,-0.023006,367.753609
0.023896,0.000384,-0.000331,481.188804
0.530444,0.080209,-0.079480,244.949509
0.253556,0.037309,-0.019670,378.033637
0.078403,0.036853,-0.001805,457.291584
0.197159,0.011295,-0.012270,403.961017
0.046359,0.061763,-0.000158,471.390903
0.128735,0.051780,-0.005398,434.895353
0.385531,0.006962,-0.043226,315.824142
0.276200,0.011686,-0.023087,367.514627
0.258709,0.075834,-0.020424,375.644070
0.823705,0.027529,-0.188857,92.642014
0.003569,0.091379,0.001264,490.026583
0.401166,0.087582,-0.046605,308.306236
0.382045,0.082999,-0.042489,317.493119
0.657264,0.047107,-0.120592,180.611405
0.121739,0.020215,-0.004825,438.027662
0.026353,0.051098,0.000616,480.131644
0.335149,0.006862,-0.033190,339.830343
0.121288,0.016077,-0.004789,438.229251
0.033006,0.070813,0.000381,477.229674
0.271395,0.018587,-0.022340,369.752051
0.197431,0.040566,-0.012302,403.835623
0.871929,0.007877,-0.211892,66.351402
0.403423,0.064339,-0.047103,307.219719
0.207476,0.011305,-0.013506,399.247205
0.394246,0.071883,-0.045094,311.636766
0.835812,0.006177,-0.194497,86.077406
0.236560,0.027882,-0.017274,385.887938
0.208977,0.017403,-0.013690,398.559886
0.403466,0.034242,-0.047113,307.199863
0.538264,0.041898,-0.081756,241.047136
0.461148,0.040598,-0.060755,279.183716
0.391852,0.011809,-0.044577,312.789270
0.433856,0.050221,-0.054083,292.492768
0.017749,0.098082,0.000891,483.874914
0.718089,0.085345,-0.143587,148.943664
0.427542,0.061528,-0.052595,295.557761
0.031716,0.045148,0.000428,477.793446
0.119605,0.006879,-0.004655,438.982063
0.363339,0.038537,-0.038645,326.437138
0.214290,0.030389,-0.014351,396.125910
0.508664,0.028342,-0.073316,255.779268
0.159563,0.022917,-0.008210,421.028504
0.011045,0.043676,0.001079,486.787880
0.957538,0.099080,-0.255443,19.008919
0.064580,0.095472,-0.001033,463.387534
0.175230,0.064699,-0.009817,413.935704
0.653781,0.095070,-0.119342,182.406630
0.228264,0.055822,-0.016156,389.708081
0.144293,0.079168,-0.006759,427.910268
0.315488,0.055394,-0.029625,349.110465
0.153035,0.058441,-0.007575,423.973857
0.457149,0.072233,-0.059753,281.139030
0.643372,0.051414,-0.115645,187.768488
0.471643,0.018564,-0.063426,274.040727
0.529973,0.009547,-0.079344,245.186561
0.180084,0.100006,-0.010332,411.731832
0.167637,0.074164,-0.009023,417.375994
0.103058,0.059556,-0.003411,446.358758
0.243750,0.055707,-0.018270,382.569003
0.424889,0.045403,-0.051976,296.844371
0.338401,0.054585,-0.033798,338.289368
0.275267,0.005466,-0.022941,367.949237
0.119756,0.051237,-0.004667,438.913048
0.430444,0.047955,-0.053276,294.149929
0.118542,0.002476,-0.004571,439.457082
0.126596,0.029080,-0.005221,435.854267
0.133968,0.036091,-0.005843,432.550104
0.200713,0.023881,-0.012690,402.338060
0.418056,0.046915,-0.050399,300.153514
0.501485,0.075941,-0.071340,259.333423
0.517730,0.016607,-0.075850,251.280396
0.439993,0.063889,-0.055549,289.507807
0.255115,0.004403,-0.019897,377.312048
0.049416,0.037722,-0.000294,470.051696
0.075310,0.040951,-0.001624,458.657955
0.164332,0.052899,-0.008686,418.872282
0.388297,0.045258,-0.043814,314.495785
0.334043,0.098099,-0.032984,340.351281
0.031212,0.016768,0.000445,478.014039
0.065690,0.054954,-0.001092,462.899817
0.411073,0.027638,-0.048813,303.530033
0.169422,0.053052,-0.009207,416.568432
0.356050,0.077336,-0.037195,329.908350
0.263262,0.025229,-0.021103,373.532246
0.109596,0.095270,-0.003886,443.446102
0.581245,0.096137,-0.094866,219.443384
0.212984,0.098245,-0.014187,396.722366
0.170182,0.034896,-0.009286,416.224809
0.311863,0.025230,-0.028989,350.817505
0.515140,0.050581,-0.075122,252.565653
0.234482,0.082221,-0.016990,386.844355
0.451250,0.008264,-0.058290,284.022741
0.120008,0.074903,-0.004686,438.799772
0.084422,0.087663,-0.002169,454.628131
0.377908,0.092605,-0.041623,319.474341
0.334128,0.016759,-0.033000,340.313376
0.669355,0.039111,-0.124990,174.359670
0.789446,0.086216,-0.173409,111.092021
0.417938,0.014954,-0.050372,300.211603
0.555570,0.027006,-0.086912,232.379860
0.111866,0.036462,-0.004056,442.436072
0.479570,0.015604,-0.065482,270.145697
0.293886,0.040106,-0.025934,359.253038
0.355573,0.005027,-0.037102,330.137437
0.181271,0.011182,-0.010470,411.194560
0.468089,-0.000021,-0.062794,275.751661
0.133228,0.038520,-0.005779,432.881698
0.298375,0.089907,-0.026681,357.149068
0.404860,0.051567,-0.047422,306.527077
0.784350,0.043549,-0.171174,113.822645
0.631006,0.085110,-0.111334,194.115664
0.393687,0.083506,-0.044972,311.905103
0.687708,0.019400,-0.131829,164.829896
0.287344,0.082389,-0.024862,362.312183
0.567301,0.044767,-0.090501,226.480771
0.409294,0.056025,-0.048412,304.387882
0.315895,0.003365,-0.029697,348.920421
0.756785,0.065013,-0.159370,128.513982
0.083592,0.070725,-0.002118,454.995644
0.186004,0.034001,-0.010993,409.042176
0.500772,0.004663,-0.071146,259.688024
0.332821,0.001615,-0.032758,340.932349
0.327619,0.025604,-0.031801,343.390261
0.221673,0.069822,-0.015292,392.737609
0.324682,0.068084,-0.031267,344.775794
0.869765,0.085028,-0.210826,67.536583
0.522593,0.068927,-0.077228,248.860377
0.079905,0.041364,-0.001894,456.627701
0.076797,0.074036,-0.001710,458.000140
0.074927,0.015303,-0.001603,458.827416
0.054749,0.005030,-0.000542,467.712415
0.261150,0.086514,-0.020787,374.511025
0.159416,0.075235,-0.008195,421.093485
0.026239,0.071477,0.000621,480.180960
0.790456,0.062033,-0.173853,110.551253
0.328526,0.040725,-0.031967,342.961330
0.373076,0.028629,-0.040623,321.787982
0.137503,0.052455,-0.006151,430.962747
0.715755,0.079721,-0.142665,150.168616
0.387905,0.056673,-0.043730,314.683628
0.201769,0.073105,-0.012815,401.854472
0.474423,0.030502,-0.064143,272.675425
0.541259,0.015595,-0.082636,239.550998
0.538273,0.033803,-0.081758,241.043252
0.044050,0.002477,-0.000060,472.403627
0.273509,0.089898,-0.022667,368.765451
0.013671,0.030992,0.001007,485.648090
0.157155,0.013319,-0.007974,422.116350
0.518874,0.089026,-0.076173,250.709346
0.200481,0.082915,-0.012662,402.442329
0.086347,0.057209,-0.002290,453.776516
0.424630,0.015957,-0.051916,296.971085
0.180400,0.042641,-0.010374,411.589251
0.313683,0.015583,-0.029308,349.961305
0.275984,0.096060,-0.023052,367.612441
0.119592,0.006177,-0.004654,438.987930
0.416188,0.058058,-0.049972,301.057114
0.389870,0.023958,-0.044151,313.740918
0.236029,0.045210,-0.017201,386.132550
0.385251,0.005542,-0.043166,315.958315
0.758304,0.023403,-0.160008,127.708782
0.006865,0.012965,0.001184,488.601074
0.602655,0.074698,-0.101780,208.588935
0.248812,0.002420,-0.018987,380.230516
0.287062,0.024819,-0.024817,362.445599
-0.000203,0.057172,-0.000351,491.644484
0.306442,0.065595,-0.028050,353.364291
0.599888,0.081078,-0.100872,209.995067
0.315560,0.010285,-0.029638,349.077836
0.170427,0.025693,-0.009312,416.113805
0.546850,0.010171,-0.084293,236.753230
0.233671,0.073161,-0.016880,387.218315
0.201783,0.078380,-0.012817,401.847601
0.600192,0.033076,-0.100972,209.842001
0.026798,0.005197,0.000600,479.939206
0.097730,0.092452,-0.003038,448.726436
0.531384,0.014550,-0.079752,244.482872
0.000312,0.015406,0.000541,491.430997
0.152368,0.085774,-0.007511,424.273649
0.504853,0.009490,-0.072264,257.667994
0.257829,0.073979,-0.020295,376.052189
0.174122,0.007570,-0.009700,414.439787
0.476616,0.057322,-0.064711,271.597040
0.047109,0.075984,-0.000191,471.061715
0.294457,0.008951,-0.026028,358.986945
0.166926,0.007859,-0.008951,417.699586
0.235426,0.097614,-0.017118,386.408643
0.096200,0.080382,-0.002934,449.406147
0.625423,0.078588,-0.109416,196.974847
0.005047,0.058285,0.001229,489.387626
0.635932,0.036652,-0.113041,191.590947
0.397924,0.091990,-0.045894,309.866959
-0.000243,0.049333,-0.000421,491.661609
0.326890,0.028569,-0.031668,343.734784
0.486560,0.048851,-0.067322,266.703386
0.211746,0.069069,-0.014033,397.290514
0.267303,0.056807,-0.021713,371.654021
0.305458,0.065167,-0.027881,353.826599
0.104797,0.096694,-0.003534,445.583396
0.070066,0.038617,-0.001329,460.971552
0.454351,0.023001,-0.059056,282.508177
0.219157,0.083655,-0.014968,393.892357
0.312398,0.096802,-0.029082,350.563683
0.318355,0.014151,-0.030133,347.761422
0.294421,0.031170,-0.026022,359.003183
0.566067,0.034711,-0.090120,227.102510
0.319869,0.047800,-0.030402,347.047015
0.155300,0.059859,-0.007793,422.952047
0.121652,0.028488,-0.004818,438.066160
0.273949,0.039288,-0.022735,368.562218
0.597732,0.018349,-0.100167,211.092375
0.679514,0.046422,-0.128751,169.090216
0.400053,0.042926,-0.046360,308.843751
0.063051,0.016796,-0.000954,464.062650
0.065840,0.006085,-0.001101,462.834969
0.533831,0.072915,-0.080461,243.259976
0.466738,0.049981,-0.062170,276.445666
0.227157,0.038041,-0.016010,390.217856
0.385794,0.059048,-0.043281,315.696458
0.263679,0.091414,-0.021165,373.336736
0.555296,0.050273,-0.086829,232.516835
0.553677,0.099639,-0.086957,233.242072
0.259254,0.034920,-0.020506,375.392204
0.116014,0.020450,-0.004374,440.585661
0.565153,0.033479,-0.089838,227.562458
0.128822,0.031812,-0.005406,434.857328
0.133607,0.088189,-0.005811,432.710476
0.386761,0.009083,-0.043487,315.233786
0.145803,0.099790,-0.007035,427.224589
0.095759,0.011840,-0.002905,449.604147
0.552882,0.066036,-0.086100,233.727646
0.340353,0.088034,-0.034166,337.363258
0.207089,0.082388,-0.013458,399.421729
0.064966,0.085800,-0.001053,463.217552
0.435565,0.045555,-0.054489,291.662291
0.209655,0.056858,-0.013774,398.248309
0.322752,0.055322,-0.030919,345.687232
0.057308,0.091200,-0.000664,466.586026
0.057858,0.076999,-0.000692,466.344626
0.237452,0.053209,-0.017396,385.476138
0.125185,0.020843,-0.005105,436.485987
0.655377,0.094897,-0.119914,181.583724
0.133074,0.029024,-0.005766,432.951344
0.282748,0.041064,-0.024122,364.459899
0.023180,0.086601,0.000722,481.512754
0.058224,0.045887,-0.000710,466.184839
0.238946,0.086021,-0.017601,384.785990
0.212039,0.077226,-0.014069,397.156231
0.610815,0.026050,-0.104483,204.436261
0.550145,0.006369,-0.085278,235.102299
0.247062,0.076381,-0.018737,381.037360
0.212137,0.003164,-0.014082,397.113167
0.521363,0.097317,-0.076878,249.471554
0.096346,0.000019,-0.003349,449.331506
0.414690,0.079647,-0.049631,301.780424
0.304690,0.050546,-0.027750,354.187868
0.259315,0.022905,-0.020515,375.364264
0.352186,0.046412,-0.036438,331.747201
0.572738,0.047456,-0.092190,223.740399
0.101550,0.073908,-0.003304,447.028731
0.219224,0.059753,-0.014977,393.861866
0.605066,0.005635,-0.102575,207.364556
0.334390,0.053699,-0.033048,340.188145
0.069866,0.060426,-0.001317,461.059267
0.533768,0.094571,-0.080443,243.290989
0.624606,0.020751,-0.109137,197.394697
0.604269,0.030657,-0.102312,207.769418
0.038429,0.060102,0.000172,474.860956
0.351814,0.066998,-0.036365,331.923441
0.563173,0.016278,-0.089229,228.559797
0.069475,0.022219,-0.001296,461.232604
0.704059,0.021940,-0.138089,156.297822
0.741893,0.036127,-0.153188,136.404114
0.484148,0.013524,-0.066684,267.892801
0.223998,0.061880,-0.015595,391.669333
0.042737,0.077363,-0.000003,472.976443
0.221957,0.005181,-0.015330,392.608691
0.319226,0.042527,-0.030288,347.350224
0.140267,0.082752,-0.006395,429.720252
0.003505,0.052651,0.001265,490.055661
0.526988,0.017787,-0.078484,246.674066
0.032847,0.030467,0.000386,477.300241
0.090662,0.072155,-0.002566,451.863988
0.218972,0.073790,-0.014945,393.977098
0.310848,0.081415,-0.028812,351.293062
0.489190,0.069078,-0.068022,265.406215
0.375120,0.066064,-0.041045,320.809478
0.525349,0.065897,-0.078015,247.488578
0.614336,0.051274,-0.105661,202.640284
0.179626,0.030766,-0.010290,411.941150
0.212315,0.030802,-0.014104,397.031197
0.498956,0.037196,-0.070651,260.585312
0.024769,0.073326,0.000670,480.820932
0.479692,0.072628,-0.065513,270.083965
0.155044,0.049113,-0.007769,423.067804
0.129407,0.004742,-0.005455,434.596000
0.052607,0.071024,-0.000440,468.650744
0.213842,0.096007,-0.014294,396.329327
0.178873,0.076950,-0.010208,412.281809
0.142021,0.019066,-0.006553,428.934014
0.000088,0.066212,0.000152,491.523199
0.048895,0.082896,-0.000270,470.278718
0.311299,0.092218,-0.028890,351.080841
0.007915,0.094757,0.001160,488.143622
0.625989,0.088297,-0.109610,196.685054
0.099717,0.019254,-0.003176,447.845517
0.517348,0.060486,-0.075743,251.468751
0.098248,0.001987,-0.003075,448.498550
0.250476,0.026905,-0.019225,379.459862
0.203377,0.026238,-0.013009,401.121123
0.425262,0.040172,-0.052063,296.663918
0.252339,0.074545,-0.019493,378.595939
0.149462,0.096355,-0.007237,425.583012
0.078211,0.000487,-0.002321,457.363965
0.385765,0.027777,-0.043275,315.711159
0.159724,0.093615,-0.008225,420.953835
0.045609,0.005478,-0.000127,471.720667
0.527557,0.073225,-0.078648,246.388896
0.097453,0.024553,-0.003020,448.851481
0.473577,0.094208,-0.063924,273.088607
0.311829,0.087647,-0.028983,350.831623
0.281846,0.022798,-0.023979,364.881314
0.846650,0.013440,-0.199627,80.179830
0.076243,0.070374,-0.001678,458.244887
0.117375,0.065328,-0.004479,439.976568
0.020481,0.031126,0.000807,482.688753
0.244295,0.020131,-0.018347,382.318102
0.621137,0.062054,-0.107956,199.167361
0.189581,0.057330,-0.011395,407.413593
0.369845,0.084038,-0.039961,323.330253
0.571480,0.061985,-0.091798,224.374207
0.207755,0.001586,-0.013541,399.119430
0.276918,0.041881,-0.023199,367.179104
0.185433,0.018041,-0.010929,409.302258
0.395960,0.099871,-0.045488,310.809478
0.337446,0.090056,-0.033619,338.740255
0.152921,0.049089,-0.007565,424.025352
0.498786,0.031865,-0.070605,260.669419
0.747999,0.000283,-0.156650,132.997556
0.591991,0.025811,-0.098304,214.005293
0.199238,0.067497,-0.012515,403.010274
-0.000214,0.015481,-0.000371,491.650472
0.817967,0.073805,-0.186217,95.744063
0.658529,0.091401,-0.121049,179.956520
0.723474,0.099664,-0.146705,145.936756
0.064680,0.057153,-0.001039,463.344243
0.219716,0.045187,-0.015041,393.636622
0.824675,0.028275,-0.189305,92.116723
0.032329,0.084057,0.000406,477.524922
0.469147,0.084703,-0.062785,275.263269
0.346916,0.020937,-0.035418,334.251807
