Energy,X,Y,Z,Normal_X,Normal_Y,Normal_Z,Wavelength,Flux
1.000000,0.263406,0.059646,-0.018349,0.118028,-0.000008,0.993010,550.000000,402.471671
1.000000,0.806399,0.052556,-0.123606,0.261562,0.000010,0.965187,550.000000,261.387067
1.000000,0.239840,0.016172,-0.015623,0.111797,-0.000008,0.993731,550.000000,408.347548
1.000000,0.562133,0.082074,-0.066036,0.196994,0.000002,0.980405,550.000000,326.232299
1.000000,0.355539,0.092757,-0.030449,0.142383,-0.000005,0.989812,550.000000,379.309012
1.000000,0.736231,0.021516,-0.105311,0.243013,0.000007,0.970023,550.000000,280.252747
1.000000,0.176652,0.017852,-0.009051,0.095094,-0.000010,0.995468,550.000000,423.999633
1.000000,0.654397,0.071583,-0.085774,0.221383,0.000005,0.975187,550.000000,302.009690
1.000000,0.841297,0.068104,-0.133243,0.270788,0.000011,0.962639,550.000000,251.931572
1.000000,0.046882,0.086616,0.001097,0.060792,-0.000014,0.998150,550.000000,455.690823
1.000000,0.838303,0.100001,-0.133304,0.270059,0.000011,0.962844,550.000000,252.680024
1.000000,0.077165,0.006275,-0.000871,0.068795,-0.000014,0.997631,550.000000,448.351504
1.000000,0.596097,0.095834,-0.073022,0.205973,0.000003,0.978558,550.000000,317.352552
1.000000,0.022315,0.030650,0.002512,0.054296,-0.000015,0.998525,550.000000,461.624272
1.000000,0.303493,0.094575,-0.023331,0.128625,-0.000006,0.991693,550.000000,392.431205
1.000000,0.014835,0.098504,-0.000134,0.052363,-0.000015,0.998628,550.000000,463.385717
1.000000,0.637881,0.042805,-0.082064,0.217016,0.000004,0.976168,550.000000,306.370474
1.000000,0.407933,0.007048,-0.038361,0.156230,-0.000003,0.987721,550.000000,366.001034
1.000000,0.247580,0.072928,-0.016502,0.113845,-0.000008,0.993499,550.000000,406.418796
1.000000,0.906947,0.030374,-0.152352,0.288141,0.000013,0.957588,550.000000,234.013925
1.000000,0.342252,0.048496,-0.028562,0.138870,-0.000005,0.990311,550.000000,382.669796
1.000000,0.503993,0.086565,-0.054826,0.181625,-0.000000,0.983368,550.000000,341.330234
1.000000,0.552643,0.064596,-0.064141,0.194485,0.000002,0.980906,550.000000,328.705942
1.000000,0.960657,0.067533,-0.168950,0.302340,0.000015,0.953200,550.000000,219.222517
1.000000,0.152415,0.064254,-0.006814,0.088688,-0.000011,0.996059,550.000000,429.963795
1.000000,0.438351,0.077642,-0.043299,0.164273,-0.000002,0.986415,550.000000,358.224771
1.000000,0.823010,0.064039,-0.128149,0.265954,0.000010,0.963986,550.000000,256.892280
1.000000,0.083141,0.049967,-0.001287,0.070376,-0.000013,0.997521,550.000000,446.897644
1.000000,0.356932,0.098295,-0.029508,0.142709,-0.000005,0.989765,550.000000,378.997237
1.000000,0.342464,0.000036,-0.027361,0.138879,-0.000005,0.990309,550.000000,382.660453
1.000000,0.001823,0.026942,0.003570,0.048879,-0.000016,0.998805,550.000000,466.555704
1.000000,0.517371,0.067003,-0.057322,0.185161,0.000000,0.982708,550.000000,337.868084
1.000000,0.427085,0.051813,-0.041441,0.161294,-0.000002,0.986906,550.000000,361.108786
1.000000,0.750001,0.087551,-0.108789,0.246655,0.000008,0.969103,550.000000,276.563923
1.000000,0.589779,0.065332,-0.071698,0.204302,0.000003,0.978908,550.000000,319.008583
1.000000,0.389199,0.088672,-0.035446,0.151281,-0.000004,0.988491,550.000000,370.769457
1.000000,0.029582,0.010089,0.002109,0.056217,-0.000015,0.998419,550.000000,459.872399
1.000000,0.795445,0.083038,-0.120656,0.258668,0.000009,0.965966,550.000000,264.343910
1.000000,0.527667,0.040280,-0.059277,0.187882,0.000001,0.982192,550.000000,335.199172
1.000000,0.242236,0.042915,-0.015893,0.112431,-0.000008,0.993660,550.000000,407.750399
1.000000,0.088999,0.063433,-0.001705,0.071925,-0.000013,0.997410,550.000000,445.471908
1.000000,0.599822,0.057906,-0.073808,0.206956,0.000003,0.978350,550.000000,316.377453
1.000000,0.376283,0.039353,-0.033492,0.147865,-0.000004,0.989008,550.000000,374.052825
1.000000,0.031150,0.034473,0.002021,0.056632,-0.000015,0.998395,550.000000,459.493412
1.000000,0.784018,0.086205,-0.117615,0.255647,0.000009,0.966770,550.000000,267.424050
1.000000,0.563017,0.081291,-0.066213,0.197228,0.000002,0.980358,550.000000,326.001800
1.000000,0.517168,0.075275,-0.057284,0.185108,0.000000,0.982718,550.000000,337.920348
1.000000,0.336037,0.071534,-0.027696,0.137227,-0.000005,0.990540,550.000000,384.238374
1.000000,0.804155,0.099187,-0.124400,0.261064,0.000010,0.965321,550.000000,261.896550
1.000000,0.402898,0.073506,-0.037568,0.154901,-0.000003,0.987930,550.000000,367.282608
1.000000,0.563438,0.076572,-0.066298,0.197339,0.000002,0.980335,550.000000,325.892151
1.000000,0.768291,0.090694,-0.113493,0.251490,0.000009,0.967860,550.000000,271.655236
1.000000,0.312755,0.023873,-0.024544,0.131072,-0.000006,0.991373,550.000000,390.105267
1.000000,0.562654,0.084781,-0.066140,0.197132,0.000002,0.980377,550.000000,326.096289
1.000000,0.054326,0.075388,0.000636,0.062760,-0.000014,0.998029,550.000000,453.889657
1.000000,0.617712,0.028567,-0.077638,0.211684,0.000004,0.977338,550.000000,311.681094
1.000000,0.901959,0.017726,-0.150855,0.286822,0.000013,0.957984,550.000000,235.381858
1.000000,0.448456,0.055389,-0.044996,0.166944,-0.000002,0.985966,550.000000,355.635098
1.000000,0.068885,0.065133,-0.000308,0.066608,-0.000014,0.997779,550.000000,450.360505
1.000000,0.742992,0.087854,-0.107012,0.244803,0.000008,0.969573,550.000000,278.441399
1.000000,0.132589,0.050706,-0.005102,0.083447,-0.000012,0.996512,550.000000,434.828072
1.000000,0.013738,0.054785,0.002969,0.052030,-0.000016,0.998646,550.000000,463.689463
1.000000,0.328176,0.050930,-0.026615,0.135149,-0.000006,0.990825,550.000000,386.221623
1.000000,0.037641,0.033327,0.001647,0.058348,-0.000015,0.998296,550.000000,457.926267
1.000000,0.103711,0.057983,-0.002795,0.075814,-0.000013,0.997122,550.000000,441.887157
1.000000,0.084936,0.091486,-0.001414,0.070852,-0.000013,0.997487,550.000000,446.459865
1.000000,0.931353,0.021226,-0.159786,0.294592,0.000014,0.955623,550.000000,227.308111
1.000000,0.366411,0.094401,-0.032029,0.145257,-0.000004,0.989394,550.000000,376.555323
1.000000,0.618440,0.003963,-0.077795,0.211876,0.000004,0.977297,550.000000,311.490382
1.000000,0.413232,0.066873,-0.039203,0.157633,-0.000003,0.987498,550.000000,364.647254
1.000000,0.006744,0.095321,0.003327,0.050182,-0.000016,0.998740,550.000000,465.370964
1.000000,0.570722,0.070337,-0.067772,0.199264,0.000002,0.979946,550.000000,323.991264
1.000000,0.737533,0.056965,-0.105638,0.243359,0.000008,0.969936,550.000000,279.903285
1.000000,0.302567,0.035602,-0.023211,0.128379,-0.000006,0.991725,550.000000,392.665648
1.000000,0.258801,0.062862,-0.017805,0.116810,-0.000008,0.993154,550.000000,403.621187
1.000000,0.246653,0.077887,-0.016396,0.113600,-0.000008,0.993527,550.000000,406.649498
1.000000,0.120332,0.066010,-0.004095,0.080207,-0.000012,0.996778,550.000000,437.827608
1.000000,0.495384,0.091345,-0.053246,0.179350,-0.000000,0.983785,550.000000,343.555064
1.000000,0.316366,0.045197,-0.025023,0.132027,-0.000006,0.991246,550.000000,389.196199
1.000000,0.494602,0.099374,-0.053294,0.179152,-0.000000,0.983821,550.000000,343.748092
1.000000,0.542320,0.014091,-0.062110,0.191755,0.000001,0.981443,550.000000,331.393680
1.000000,0.121403,0.098384,-0.004204,0.080492,-0.000012,0.996755,550.000000,437.564308
1.000000,0.149156,0.045110,-0.006526,0.087826,-0.000011,0.996136,550.000000,430.764752
1.000000,0.459718,0.069976,-0.046921,0.169921,-0.000001,0.985458,550.000000,352.743295
1.000000,0.441921,0.064701,-0.043895,0.165216,-0.000002,0.986257,550.000000,357.310476
1.000000,0.912731,0.048771,-0.154098,0.289670,0.000013,0.957127,550.000000,232.426256
1.000000,0.949360,0.026455,-0.165386,0.299352,0.000014,0.954143,550.000000,222.344503
1.000000,0.139168,0.001343,-0.005358,0.085178,-0.000012,0.996366,550.000000,433.223289
1.000000,0.422092,0.031671,-0.040628,0.159974,-0.000003,0.987121,550.000000,362.385822
1.000000,0.980585,0.087908,-0.175332,0.307608,0.000015,0.951513,550.000000,213.704418
1.000000,0.735961,0.072560,-0.105244,0.242944,0.000007,0.970040,550.000000,280.323305
1.000000,0.122118,0.065355,-0.004239,0.080680,-0.000012,0.996740,550.000000,437.390764
1.000000,0.044581,0.060729,0.001236,0.060183,-0.000015,0.998187,550.000000,456.248199
1.000000,0.728102,0.035204,-0.103284,0.240865,0.000007,0.970559,550.000000,282.425377
1.000000,0.292231,0.017844,-0.021888,0.125646,-0.000007,0.992075,550.000000,395.260010
1.000000,0.745543,0.021028,-0.107656,0.245475,0.000008,0.969403,550.000000,277.760416
1.000000,0.166491,0.091769,-0.008094,0.092410,-0.000011,0.995721,550.000000,426.500983
1.000000,0.042605,0.016771,0.001354,0.059660,-0.000015,0.998219,550.000000,456.727078
1.000000,0.308356,0.072843,-0.023965,0.129910,-0.000006,0.991526,550.000000,391.210106
1.000000,0.797537,0.061512,-0.121216,0.259220,0.000009,0.965818,550.000000,263.780009
1.000000,0.971355,0.012832,-0.172360,0.305166,0.000015,0.952299,550.000000,216.264527
1.000000,0.579396,0.065648,-0.069546,0.201557,0.000002,0.979477,550.000000,321.725211
1.000000,0.584995,0.036235,-0.070702,0.203036,0.000003,0.979171,550.000000,320.261773
1.000000,0.622695,0.048475,-0.078721,0.213002,0.000004,0.977052,550.000000,310.369881
1.000000,0.227263,0.091385,-0.014229,0.108474,-0.000009,0.994099,550.000000,411.472477
1.000000,0.516383,0.063001,-0.057136,0.184900,0.000000,0.982757,550.000000,338.124105
1.000000,0.311404,0.062242,-0.024365,0.130716,-0.000006,0.991420,550.000000,390.443996
1.000000,0.464761,0.070274,-0.047794,0.171254,-0.000001,0.985227,550.000000,351.447205
1.000000,0.227940,0.088566,-0.014303,0.108653,-0.000009,0.994080,550.000000,411.304401
1.000000,0.530545,0.028383,-0.059828,0.188642,0.000001,0.982046,550.000000,334.452553
1.000000,0.119738,0.029208,-0.004048,0.080049,-0.000012,0.996791,550.000000,437.973795
1.000000,0.879367,0.055024,-0.144168,0.280851,0.000012,0.959751,550.000000,241.561915
1.000000,0.208486,0.092783,-0.012227,0.103511,-0.000009,0.994628,550.000000,416.130066
1.000000,0.315255,0.063021,-0.024875,0.131733,-0.000006,0.991285,550.000000,389.475369
1.000000,0.675930,0.052731,-0.090729,0.227074,0.000006,0.973877,550.000000,296.309995
1.000000,0.049451,0.089797,0.000939,0.061472,-0.000014,0.998109,550.000000,455.069176
1.000000,0.645080,0.048117,-0.083671,0.218919,0.000005,0.975743,550.000000,304.471289
1.000000,0.466955,0.027985,-0.048176,0.171833,-0.000001,0.985126,550.000000,350.884301
1.000000,0.475611,0.053051,-0.049696,0.174122,-0.000001,0.984724,550.000000,348.655781
1.000000,0.000335,0.065363,0.000581,0.048527,-0.000016,0.998822,550.000000,466.876297
1.000000,0.482034,0.000451,-0.050886,0.175820,-0.000001,0.984422,550.000000,347.000064
1.000000,0.431203,0.085823,-0.042116,0.162384,-0.000002,0.986728,550.000000,360.054367
1.000000,0.353398,0.098254,-0.028977,0.141774,-0.000005,0.989899,550.000000,379.892042
1.000000,0.362923,0.084658,-0.031519,0.144335,-0.000005,0.989529,550.000000,377.439501
1.000000,0.328016,0.043473,-0.026593,0.135106,-0.000006,0.990831,550.000000,386.262200
1.000000,0.241792,0.046579,-0.015843,0.112314,-0.000008,0.993673,550.000000,407.861036
1.000000,0.160023,0.046644,-0.007500,0.090699,-0.000011,0.995878,550.000000,428.093913
1.000000,0.385014,0.017345,-0.034808,0.150172,-0.000004,0.988660,550.000000,371.835619
1.000000,0.569516,0.089097,-0.067527,0.198946,0.000002,0.980011,550.000000,324.305732
1.000000,0.098670,0.086867,-0.002414,0.074482,-0.000013,0.997222,550.000000,443.115504
1.000000,0.020397,0.032954,0.002616,0.053789,-0.000015,0.998552,550.000000,462.086463
1.000000,0.699859,0.066793,-0.096390,0.233400,0.000006,0.972381,550.000000,289.954047
1.000000,0.327786,0.041586,-0.026562,0.135045,-0.000006,0.990839,550.000000,386.320268
1.000000,-0.000778,0.012971,-0.001348,0.048256,-0.000016,0.998835,550.000000,467.122515
1.000000,0.669460,0.031858,-0.089226,0.225363,0.000005,0.974275,550.000000,298.025329
1.000000,0.764404,0.001619,-0.114236,0.250572,0.000008,0.968098,550.000000,272.588074
1.000000,0.066439,0.099292,-0.001464,0.065985,-0.000014,0.997821,550.000000,450.931927
1.000000,0.665956,0.099170,-0.090189,0.224542,0.000005,0.974464,550.000000,298.848534
1.000000,0.195220,0.062274,-0.010871,0.100003,-0.000010,0.994987,550.000000,419.414010
1.000000,0.740809,0.000690,-0.108317,0.244339,0.000008,0.969690,550.000000,278.910836
1.000000,0.329484,0.091255,-0.026793,0.135496,-0.000006,0.990778,550.000000,385.890766
1.000000,0.220197,0.031705,-0.013465,0.106605,-0.000009,0.994301,550.000000,413.228490
1.000000,0.333154,0.094812,-0.027297,0.136466,-0.000005,0.990645,550.000000,384.965053
1.000000,0.151709,0.099320,-0.006249,0.088491,-0.000011,0.996077,550.000000,430.146957
1.000000,0.536481,0.006036,-0.060973,0.190211,0.000001,0.981743,550.000000,332.911815
1.000000,0.041338,0.041393,0.001429,0.059326,-0.000015,0.998239,550.000000,457.032589
1.000000,0.867091,0.065432,-0.140598,0.277606,0.000012,0.960695,550.000000,244.912017
1.000000,0.518432,0.093201,-0.057522,0.185442,0.000000,0.982655,550.000000,337.592468
1.000000,0.810240,0.043356,-0.124649,0.262578,0.000010,0.964911,550.000000,260.349093
1.000000,0.622170,0.021719,-0.078606,0.212862,0.000004,0.977082,550.000000,310.508936
1.000000,0.556014,0.064139,-0.064811,0.195376,0.000002,0.980728,550.000000,327.827698
1.000000,0.045681,0.093007,0.001170,0.060475,-0.000015,0.998170,550.000000,455.981313
1.000000,0.953440,0.094564,-0.166669,0.300433,0.000015,0.953803,550.000000,221.215991
1.000000,0.031331,0.018471,0.002011,0.056679,-0.000015,0.998392,550.000000,459.450122
1.000000,0.853905,0.096353,-0.136814,0.274122,0.000011,0.961695,550.000000,248.502824
1.000000,0.497008,0.091097,-0.053543,0.179779,-0.000000,0.983707,550.000000,343.135518
1.000000,0.091536,0.055330,-0.001889,0.072595,-0.000013,0.997361,550.000000,444.854463
1.000000,0.278396,0.090528,-0.020161,0.121991,-0.000007,0.992531,550.000000,398.723705
1.000000,0.275070,0.083681,-0.019754,0.121112,-0.000007,0.992639,550.000000,399.555881
1.000000,0.323778,0.042574,-0.026018,0.133986,-0.000006,0.990983,550.000000,387.330062
1.000000,0.018687,0.043738,0.002708,0.053338,-0.000015,0.998577,550.000000,462.498015
1.000000,0.480345,0.095411,-0.050536,0.175375,-0.000001,0.984502,550.000000,347.434777
1.000000,0.536394,0.031090,-0.060957,0.190189,0.000001,0.981748,550.000000,332.933634
1.000000,0.147748,0.088970,-0.006401,0.087455,-0.000011,0.996168,550.000000,431.109356
1.000000,0.651661,0.010082,-0.085154,0.220658,0.000005,0.975351,550.000000,302.734495
1.000000,0.132128,0.031406,-0.005063,0.083325,-0.000012,0.996522,550.000000,434.941578
1.000000,0.661716,0.061246,-0.087443,0.223317,0.000005,0.974746,550.000000,300.074526
1.000000,0.170860,0.028862,-0.008502,0.093563,-0.000011,0.995613,550.000000,425.426950
1.000000,0.286554,0.055333,-0.021173,0.124146,-0.000007,0.992264,550.000000,396.681872
1.000000,0.269225,0.077344,-0.019045,0.119566,-0.000007,0.992826,550.000000,401.017646
1.000000,0.879126,0.079732,-0.144097,0.280788,0.000012,0.959770,550.000000,241.627123
1.000000,0.453084,0.047880,-0.045783,0.168167,-0.000002,0.985759,550.000000,354.447886
1.000000,0.441160,0.006056,-0.043768,0.165014,-0.000002,0.986291,550.000000,357.507056
1.000000,0.759274,0.050861,-0.111161,0.249105,0.000008,0.968476,550.000000,274.078102
1.000000,0.859303,0.020083,-0.138356,0.275546,0.000011,0.961288,550.000000,247.035630
1.000000,0.403183,0.054853,-0.037613,0.154976,-0.000003,0.987918,550.000000,367.210491
1.000000,0.255407,0.019908,-0.017407,0.115912,-0.000008,0.993259,550.000000,404.469083
1.000000,0.827066,0.093738,-0.129271,0.267027,0.000010,0.963689,550.000000,255.792129
1.000000,0.906226,0.066101,-0.152135,0.287951,0.000013,0.957645,550.000000,234.210518
1.000000,0.981897,0.050991,-0.173029,0.307743,0.000015,0.951470,550.000000,213.563194
1.000000,0.727260,0.061329,-0.103075,0.240643,0.000007,0.970614,550.000000,282.649484
1.000000,0.817006,0.042181,-0.126497,0.264366,0.000010,0.964422,550.000000,258.518603
1.000000,0.167179,0.078642,-0.008158,0.092591,-0.000011,0.995704,550.000000,426.332195
1.000000,-0.000348,0.070659,-0.000603,0.048362,-0.000016,0.998830,550.000000,467.026282
1.000000,0.042745,0.083440,0.001346,0.059699,-0.000015,0.998216,550.000000,456.691385
1.000000,0.203038,0.033751,-0.011665,0.102069,-0.000010,0.994777,550.000000,417.480867
1.000000,0.153786,0.028561,-0.006937,0.089050,-0.000011,0.996027,550.000000,429.627808
1.000000,0.301735,0.078097,-0.023103,0.128160,-0.000006,0.991753,550.000000,392.873196
1.000000,0.469493,0.026001,-0.048619,0.172504,-0.000001,0.985009,550.000000,350.231476
1.000000,0.497409,0.021924,-0.053616,0.179883,-0.000000,0.983688,550.000000,343.034082
1.000000,0.208382,0.012722,-0.012217,0.103481,-0.000009,0.994631,550.000000,416.158248
1.000000,0.191819,0.094072,-0.010530,0.099105,-0.000010,0.995077,550.000000,420.253843
1.000000,0.326929,0.089198,-0.026445,0.134820,-0.000006,0.990870,550.000000,386.534848
1.000000,0.399517,0.062402,-0.037039,0.154007,-0.000003,0.988070,550.000000,368.144230
1.000000,0.825100,0.062225,-0.128726,0.266506,0.000010,0.963833,550.000000,256.325910
1.000000,0.422812,0.082275,-0.040745,0.160166,-0.000003,0.987090,550.000000,362.200260
1.000000,0.385974,0.042478,-0.034954,0.150427,-0.000004,0.988621,550.000000,371.590986
1.000000,0.044945,0.065182,0.001214,0.060280,-0.000015,0.998182,550.000000,456.160092
1.000000,0.798283,0.087006,-0.121417,0.259418,0.000009,0.965765,550.000000,263.577749
1.000000,0.298411,0.019421,-0.022676,0.127280,-0.000007,0.991867,550.000000,393.709434
1.000000,0.532668,0.088086,-0.060237,0.189205,0.000001,0.981938,550.000000,333.899649
1.000000,0.011095,0.041186,0.003105,0.051331,-0.000016,0.998682,550.000000,464.325814
1.000000,0.020624,0.073116,0.002604,0.053851,-0.000015,0.998549,550.000000,462.030447
1.000000,0.022212,0.054202,0.002518,0.054270,-0.000015,0.998526,550.000000,461.648412
1.000000,0.055394,0.058047,0.000568,0.063041,-0.000014,0.998011,550.000000,453.631426
1.000000,0.444390,0.049229,-0.044310,0.165869,-0.000002,0.986148,550.000000,356.677965
1.000000,0.000389,0.076011,0.000673,0.048540,-0.000016,0.998821,550.000000,466.864326
1.000000,0.329812,0.072769,-0.026838,0.135582,-0.000006,0.990766,550.000000,385.808647
1.000000,0.414207,0.043228,-0.039359,0.157890,-0.000003,0.987457,550.000000,364.399246
1.000000,0.428930,0.089590,-0.041742,0.161783,-0.000002,0.986826,550.000000,360.635730
1.000000,0.981801,0.047188,-0.173195,0.307732,0.000015,0.951473,550.000000,213.573888
1.000000,0.613359,0.040410,-0.076697,0.210534,0.000004,0.977587,550.000000,312.824848
1.000000,0.703859,0.000056,-0.099238,0.234569,0.000006,0.972099,550.000000,288.777245
1.000000,0.152893,0.065065,-0.006857,0.088815,-0.000011,0.996048,550.000000,429.846198
1.000000,0.294653,0.004049,-0.022195,0.126286,-0.000007,0.991994,550.000000,394.652935
1.000000,0.450738,0.062532,-0.045383,0.167547,-0.000002,0.985864,550.000000,355.049306
1.000000,0.044682,0.033110,0.001229,0.060209,-0.000015,0.998186,550.000000,456.224514
1.000000,0.222439,0.026333,-0.013706,0.107197,-0.000009,0.994238,550.000000,412.672180
1.000000,0.716578,0.079097,-0.100444,0.237820,0.000007,0.971309,550.000000,285.500084
1.000000,0.416888,0.008238,-0.039788,0.158598,-0.000003,0.987343,550.000000,363.715826
1.000000,0.603474,0.034998,-0.074582,0.207921,0.000003,0.978146,550.000000,315.420052
1.000000,0.072764,-0.000035,-0.001711,0.067652,-0.000014,0.997709,550.000000,449.402033
1.000000,0.153393,0.001002,-0.006374,0.088932,-0.000011,0.996038,550.000000,429.736888
1.000000,0.882006,0.024623,-0.144940,0.281548,0.000012,0.959547,550.000000,240.842031
1.000000,0.437397,0.087598,-0.043140,0.164021,-0.000002,0.986457,550.000000,358.468670
1.000000,0.517389,0.077885,-0.057325,0.185166,0.000000,0.982707,550.000000,337.863183
1.000000,0.004847,0.007931,0.003421,0.049678,-0.000016,0.998765,550.000000,465.829440
1.000000,0.457452,0.076691,-0.046531,0.169322,-0.000001,0.985561,550.000000,353.325266
1.000000,0.820336,0.007786,-0.127411,0.265245,0.000010,0.964181,550.000000,257.618320
1.000000,0.508931,0.006252,-0.055741,0.182928,0.000000,0.983126,550.000000,340.055417
1.000000,0.276113,0.098361,-0.018456,0.121342,-0.000007,0.992611,550.000000,399.337582
1.000000,0.066571,0.009017,-0.000155,0.065995,-0.000014,0.997820,550.000000,450.923420
1.000000,0.412046,0.073266,-0.039014,0.157320,-0.000003,0.987548,550.000000,364.949817
1.000000,0.357253,0.048148,-0.030696,0.142835,-0.000005,0.989747,550.000000,378.876636
1.000000,0.514317,0.063292,-0.056748,0.184354,0.000000,0.982860,550.000000,338.659421
1.000000,0.015281,0.040634,0.002888,0.052438,-0.000015,0.998624,550.000000,463.318257
1.000000,0.659826,0.064227,-0.087011,0.222818,0.000005,0.974860,550.000000,300.574366
1.000000,0.445795,0.029194,-0.044547,0.166240,-0.000002,0.986085,550.000000,356.318373
1.000000,0.111494,0.073209,-0.003394,0.077871,-0.000012,0.996963,550.000000,439.987155
1.000000,0.167416,0.029725,-0.008180,0.092653,-0.000011,0.995698,550.000000,426.275122
1.000000,0.239304,0.099476,-0.014216,0.111618,-0.000008,0.993751,550.000000,408.515653
1.000000,0.982981,0.073062,-0.171166,0.307858,0.000015,0.951432,550.000000,213.441685
1.000000,0.400270,0.018585,-0.037157,0.154205,-0.000003,0.988039,550.000000,367.953780
1.000000,0.866434,0.047093,-0.140408,0.277432,0.000012,0.960745,550.000000,245.091678
1.000000,0.418499,0.056413,-0.040047,0.159025,-0.000003,0.987275,550.000000,363.302876
1.000000,0.091566,0.076328,-0.001891,0.072604,-0.000013,0.997361,550.000000,444.846697
1.000000,0.074457,0.010806,-0.000685,0.068079,-0.000014,0.997680,550.000000,449.009247
1.000000,-0.000237,0.035318,-0.000410,0.048388,-0.000016,0.998829,550.000000,467.002813
1.000000,0.013768,0.040193,0.002967,0.052038,-0.000016,0.998645,550.000000,463.682590
1.000000,0.194989,0.052331,-0.010848,0.099942,-0.000010,0.994993,550.000000,419.471517
1.000000,0.490392,0.056366,-0.052340,0.178029,-0.000000,0.984025,550.000000,344.844823
1.000000,0.428502,0.046414,-0.041672,0.161669,-0.000002,0.986845,550.000000,360.746454
1.000000,0.547363,0.033429,-0.063098,0.193088,0.000001,0.981181,550.000000,330.081424
1.000000,0.323377,0.091766,-0.025963,0.133881,-0.000006,0.990997,550.000000,387.429648
1.000000,0.748811,0.070319,-0.108486,0.246340,0.000008,0.969183,550.000000,276.883370
1.000000,0.472947,0.008654,-0.049226,0.173416,-0.000001,0.984849,550.000000,349.342965
1.000000,0.039038,0.073899,0.001566,0.058718,-0.000015,0.998275,550.000000,457.587553
1.000000,0.195112,0.052751,-0.010860,0.099975,-0.000010,0.994990,550.000000,419.440948
1.000000,0.923403,0.040431,-0.157345,0.292491,0.000014,0.956268,550.000000,229.494525
1.000000,0.596426,0.025379,-0.073091,0.206057,0.000003,0.978540,550.000000,317.268583
1.000000,0.788355,0.049664,-0.118764,0.256793,0.000009,0.966466,550.000000,266.256701
1.000000,0.751845,0.079713,-0.109258,0.247142,0.000008,0.968979,550.000000,276.069947
1.000000,0.478108,0.009890,-0.050138,0.174781,-0.000001,0.984607,550.000000,348.013807
1.000000,0.282042,0.010276,-0.020611,0.122952,-0.000007,0.992413,550.000000,397.813144
1.000000,0.184260,0.081263,-0.009785,0.097107,-0.000010,0.995274,550.000000,422.120892
1.000000,0.935165,0.059648,-0.160963,0.295601,0.000014,0.955312,550.000000,226.257202
1.000000,0.206698,0.090589,-0.012042,0.103038,-0.000009,0.994677,550.000000,416.572992
1.000000,0.982560,0.048966,-0.171880,0.307812,0.000015,0.951447,550.000000,213.490110
1.000000,0.328983,0.096297,-0.026725,0.135363,-0.000006,0.990796,550.000000,386.016980
1.000000,0.198520,0.070898,-0.011204,0.100876,-0.000010,0.994899,550.000000,418.597610
1.000000,0.196080,0.099527,-0.009908,0.100204,-0.000010,0.994967,550.000000,419.226196
1.000000,0.464119,0.000735,-0.047531,0.171076,-0.000001,0.985258,550.000000,351.620753
1.000000,0.070516,0.056185,-0.000417,0.067039,-0.000014,0.997750,550.000000,449.964899
1.000000,0.094399,0.043534,-0.002098,0.073352,-0.000013,0.997306,550.000000,444.157486
1.000000,0.670517,0.048748,-0.089471,0.225643,0.000005,0.974210,550.000000,297.744775
1.000000,0.610731,0.098492,-0.077534,0.209917,0.000003,0.977719,550.000000,313.437694
1.000000,0.723194,0.029095,-0.102070,0.239567,0.000007,0.970880,550.000000,283.736186
1.000000,0.517939,0.093444,-0.057429,0.185312,0.000000,0.982680,550.000000,337.720146
1.000000,0.028694,0.098262,-0.000366,0.056022,-0.000015,0.998430,550.000000,460.050084
1.000000,0.861101,0.095027,-0.138873,0.276024,0.000012,0.961151,550.000000,246.543511
1.000000,0.437257,0.094992,-0.043117,0.163984,-0.000002,0.986463,550.000000,358.504476
1.000000,0.305080,0.062553,-0.023537,0.129044,-0.000006,0.991639,550.000000,392.033563
1.000000,0.217878,0.064638,-0.013217,0.105993,-0.000009,0.994367,550.000000,413.802832
1.000000,0.090674,0.066831,-0.001826,0.072368,-0.000013,0.997378,550.000000,445.064072
1.000000,0.366517,0.006668,-0.032045,0.145282,-0.000004,0.989390,550.000000,376.531066
1.000000,0.596922,0.019252,-0.073196,0.206188,0.000003,0.978512,550.000000,317.138911
1.000000,0.685661,0.063954,-0.093011,0.229647,0.000006,0.973274,550.000000,293.727784
1.000000,0.217222,0.054276,-0.013147,0.105819,-0.000009,0.994385,550.000000,413.965703
1.000000,0.039806,0.014093,0.001520,0.058920,-0.000015,0.998263,550.000000,457.403770
1.000000,0.961286,0.067539,-0.169150,0.302506,0.000015,0.953147,550.000000,219.048637
1.000000,-0.000431,0.090797,-0.000746,0.048342,-0.000016,0.998831,550.000000,467.043948
1.000000,0.972195,0.019697,-0.172630,0.305388,0.000015,0.952228,550.000000,216.031491
1.000000,0.125690,0.095279,-0.004530,0.081625,-0.000012,0.996663,550.000000,436.516043
1.000000,0.831517,0.050755,-0.130506,0.268202,0.000011,0.963363,550.000000,254.586762
1.000000,0.151258,0.015283,-0.006712,0.088381,-0.000011,0.996087,550.000000,430.249314
1.000000,0.811614,0.045638,-0.125024,0.262941,0.000010,0.964812,550.000000,259.977253
1.000000,0.372879,0.022959,-0.032985,0.146965,-0.000004,0.989142,550.000000,374.917113
1.000000,0.311058,0.003776,-0.024320,0.130622,-0.000006,0.991432,550.000000,390.532859
1.000000,0.076474,0.005776,-0.000823,0.068612,-0.000014,0.997643,550.000000,448.519407
1.000000,0.348419,0.053517,-0.029432,0.140500,-0.000005,0.990081,550.000000,381.111202
1.000000,0.382642,0.095850,-0.034448,0.149548,-0.000004,0.988755,550.000000,372.436051
1.000000,0.538432,0.092146,-0.061352,0.190729,0.000001,0.981643,550.000000,332.402075
1.000000,0.573216,0.000018,-0.069332,0.199976,0.000002,0.979801,550.000000,323.288194
1.000000,0.813918,0.093700,-0.125653,0.263551,0.000010,0.964645,550.000000,259.352701
1.000000,0.035368,0.036061,0.001779,0.057747,-0.000015,0.998331,550.000000,458.475002
1.000000,0.394900,0.040116,-0.036323,0.152786,-0.000003,0.988259,550.000000,369.320509
1.000000,0.072720,0.098742,-0.001710,0.067643,-0.000014,0.997710,550.000000,449.409715
1.000000,0.549131,0.076005,-0.063447,0.193557,0.000001,0.981089,550.000000,329.619972
1.000000,0.967375,0.056157,-0.171088,0.304115,0.000015,0.952635,550.000000,217.364892
1.000000,0.223468,0.014510,-0.013817,0.107469,-0.000009,0.994208,550.000000,412.417153
1.000000,0.306945,0.021320,-0.023780,0.129535,-0.000006,0.991575,550.000000,391.566210
1.000000,0.489725,0.046454,-0.052219,0.177853,-0.000000,0.984057,550.000000,345.017363
1.000000,-0.000207,0.089147,-0.000358,0.048396,-0.000016,0.998828,550.000000,466.994727
1.000000,0.982831,0.066324,-0.171418,0.307842,0.000015,0.951438,550.000000,213.459037
1.000000,0.355115,0.063736,-0.030388,0.142270,-0.000005,0.989828,550.000000,379.417274
1.000000,0.439366,0.052140,-0.043468,0.164541,-0.000002,0.986370,550.000000,357.965519
1.000000,0.604873,0.039551,-0.074880,0.208291,0.000003,0.978067,550.000000,315.052988
1.000000,0.652877,0.032348,-0.085429,0.220980,0.000005,0.975278,550.000000,302.412618
1.000000,0.227095,0.080328,-0.014211,0.108430,-0.000009,0.994104,550.000000,411.514581
1.000000,0.589411,0.079922,-0.071621,0.204205,0.000003,0.978928,550.000000,319.104492
1.000000,0.062409,0.062214,0.000119,0.064896,-0.000014,0.997892,550.000000,451.931424
1.000000,0.057912,0.085577,0.000409,0.063708,-0.000014,0.997969,550.000000,453.020716
1.000000,0.196802,0.065311,-0.011030,0.100422,-0.000010,0.994945,550.000000,419.022850
1.000000,0.292628,0.001286,-0.020523,0.125704,-0.000007,0.992068,550.000000,395.205104
1.000000,0.348975,0.039720,-0.029511,0.140646,-0.000005,0.990060,550.000000,380.971173
1.000000,0.607409,0.046835,-0.075421,0.208961,0.000003,0.977924,550.000000,314.387283
1.000000,0.247057,0.093840,-0.016442,0.113707,-0.000008,0.993514,550.000000,406.548439
1.000000,0.728843,0.058626,-0.103468,0.241061,0.000007,0.970510,550.000000,282.226738
1.000000,0.526004,0.014142,-0.058959,0.187442,0.000001,0.982276,550.000000,335.631413
1.000000,0.308539,0.004992,-0.023989,0.129957,-0.000006,0.991520,550.000000,391.165912
1.000000,-0.000358,0.096970,-0.000621,0.048360,-0.000016,0.998830,550.000000,467.027835
1.000000,0.411348,0.028471,-0.038903,0.157134,-0.000003,0.987577,550.000000,365.129252
1.000000,0.029022,0.049019,0.002141,0.056070,-0.000015,0.998427,550.000000,460.006468
1.000000,0.687451,0.067705,-0.093434,0.230120,0.000006,0.973162,550.000000,293.252406
1.000000,0.982456,0.090149,-0.172107,0.307806,0.000015,0.951449,550.000000,213.496430
1.000000,0.104196,0.032255,-0.002832,0.075941,-0.000013,0.997112,550.000000,441.769647
1.000000,0.038519,0.020430,0.001596,0.058580,-0.000015,0.998283,550.000000,457.714374
1.000000,0.678824,0.068240,-0.091405,0.227840,0.000006,0.973699,550.000000,295.542024
1.000000,0.060300,0.030837,0.000255,0.064338,-0.000014,0.997928,550.000000,452.443441
1.000000,0.705984,0.027119,-0.097866,0.235018,0.000006,0.971991,550.000000,288.324985
1.000000,0.378432,0.020625,-0.033814,0.148432,-0.000004,0.988923,550.000000,373.507828
1.000000,0.176656,0.077440,-0.009051,0.095097,-0.000010,0.995468,550.000000,423.997105
1.000000,0.483118,0.000846,-0.051092,0.176107,-0.000001,0.984371,550.000000,346.720304
1.000000,0.679131,0.078802,-0.091477,0.227921,0.000006,0.973680,550.000000,295.460292
1.000000,0.157548,0.045571,-0.007275,0.090045,-0.000011,0.995938,550.000000,428.702630
1.000000,0.622493,0.050654,-0.078676,0.212949,0.000004,0.977063,550.000000,310.423077
1.000000,0.796614,0.032789,-0.120969,0.258975,0.000009,0.965884,550.000000,264.030065
1.000000,0.733523,0.038175,-0.104634,0.242298,0.000007,0.970202,550.000000,280.976319
1.000000,0.484319,0.031062,-0.051246,0.176423,-0.000001,0.984314,550.000000,346.412425
1.000000,0.280751,0.014761,-0.020452,0.122611,-0.000007,0.992455,550.000000,398.136436
1.000000,0.728999,0.039627,-0.103507,0.241102,0.000007,0.970500,550.000000,282.185523
1.000000,0.001496,0.051895,0.003587,0.048794,-0.000016,0.998809,550.000000,466.633414
1.000000,0.856650,0.027497,-0.137597,0.274845,0.000011,0.961488,550.000000,247.757779
1.000000,0.617335,0.021206,-0.077556,0.211584,0.000004,0.977360,550.000000,311.780366
1.000000,0.222140,0.054509,-0.013674,0.107119,-0.000009,0.994246,550.000000,412.745499
1.000000,0.194711,0.061795,-0.010820,0.099869,-0.000010,0.995001,550.000000,419.539864
1.000000,0.774664,0.076472,-0.115154,0.253175,0.000009,0.967421,550.000000,269.942134
1.000000,0.957322,0.044210,-0.167894,0.301457,0.000015,0.953480,550.000000,220.145220
1.000000,0.401996,0.063876,-0.037427,0.154663,-0.000003,0.987967,550.000000,367.512557
1.000000,0.322682,0.091162,-0.025869,0.133698,-0.000006,0.991022,550.000000,387.604832
1.000000,0.106408,0.098652,-0.003329,0.076535,-0.000013,0.997067,550.000000,441.221811
1.000000,0.358502,0.058393,-0.030877,0.143165,-0.000005,0.989699,550.000000,378.559945
1.000000,0.846215,0.017866,-0.134630,0.272086,0.000011,0.962273,550.000000,250.596838
1.000000,0.368397,0.068336,-0.032321,0.145781,-0.000004,0.989317,550.000000,376.052526
1.000000,0.463288,0.082229,-0.047538,0.170865,-0.000001,0.985294,550.000000,351.825614
1.000000,0.466561,0.063588,-0.048107,0.171730,-0.000001,0.985144,550.000000,350.984366
1.000000,0.122452,0.098698,-0.004268,0.080769,-0.000012,0.996733,550.000000,437.308160
1.000000,0.982630,0.097001,-0.171816,0.307826,0.000015,0.951443,550.000000,213.476206
1.000000,0.352447,0.085229,-0.030006,0.141566,-0.000005,0.989929,550.000000,380.091631
1.000000,0.544649,0.018147,-0.062565,0.192370,0.000001,0.981322,550.000000,330.787870
1.000000,0.105558,0.093839,-0.002935,0.076303,-0.000013,0.997085,550.000000,441.435582
1.000000,0.147543,0.000197,-0.005946,0.087388,-0.000011,0.996174,550.000000,431.171501
1.000000,0.224159,0.060965,-0.013892,0.107653,-0.000009,0.994189,550.000000,412.244155
1.000000,0.356083,0.022209,-0.030528,0.142525,-0.000005,0.989791,550.000000,379.173462
1.000000,0.052103,0.012884,0.000774,0.062170,-0.000014,0.998066,550.000000,454.429513
1.000000,0.881802,0.093966,-0.144882,0.281496,0.000012,0.959562,550.000000,240.895528
1.000000,0.558016,0.078510,-0.065211,0.195906,0.000002,0.980623,550.000000,327.305535
1.000000,0.593115,0.039895,-0.072396,0.205182,0.000003,0.978724,550.000000,318.135750
1.000000,0.199791,0.056519,-0.011333,0.101212,-0.000010,0.994865,550.000000,418.283672
1.000000,0.078444,0.089986,-0.000958,0.069136,-0.000013,0.997607,550.000000,448.038258
1.000000,0.305186,0.044728,-0.023551,0.129071,-0.000006,0.991635,550.000000,392.007513
1.000000,0.555900,0.000085,-0.065661,0.195388,0.000002,0.980726,550.000000,327.815956
1.000000,0.309904,0.070489,-0.024168,0.130319,-0.000006,0.991472,550.000000,390.821020
1.000000,0.748136,0.019850,-0.108314,0.246160,0.000008,0.969229,550.000000,277.065670
1.000000,0.800628,0.055547,-0.122048,0.260037,0.000010,0.965599,550.000000,262.945710
1.000000,0.625456,0.098510,-0.080844,0.213817,0.000004,0.976874,550.000000,309.558269
1.000000,0.274294,0.033455,-0.019659,0.120905,-0.000007,0.992664,550.000000,399.751569
1.000000,0.356871,0.089125,-0.030641,0.142735,-0.000005,0.989761,550.000000,378.971967
1.000000,0.479134,0.089706,-0.050320,0.175054,-0.000001,0.984559,550.000000,347.746999
1.000000,0.816451,0.084022,-0.126346,0.264221,0.000010,0.964462,550.000000,258.667392
1.000000,0.561613,0.098567,-0.066864,0.196905,0.000002,0.980423,550.000000,326.320302
1.000000,0.565934,0.075928,-0.066801,0.197998,0.000002,0.980202,550.000000,325.241010
1.000000,0.640490,0.023053,-0.082645,0.217705,0.000004,0.976015,550.000000,305.683204
1.000000,0.448932,0.064104,-0.045077,0.167070,-0.000002,0.985945,550.000000,355.512746
1.000000,0.678813,0.035514,-0.091402,0.227836,0.000006,0.973700,550.000000,295.546032
1.000000,0.272069,0.066621,-0.019389,0.120318,-0.000007,0.992735,550.000000,400.306895
1.000000,0.745628,0.044482,-0.107678,0.245498,0.000008,0.969397,550.000000,277.736979
1.000000,0.025834,0.062616,0.002319,0.055228,-0.000015,0.998474,550.000000,460.774987
1.000000,0.640905,0.044497,-0.082737,0.217815,0.000004,0.975990,550.000000,305.573053
1.000000,0.749753,0.055525,-0.108725,0.246589,0.000008,0.969120,550.000000,276.631218
1.000000,0.561899,0.088056,-0.065989,0.196932,0.000002,0.980417,550.000000,326.293096
1.000000,0.238974,0.062972,-0.015526,0.111569,-0.000008,0.993757,550.000000,408.561864
1.000000,0.748897,0.027934,-0.108507,0.246362,0.000008,0.969178,550.000000,276.861660
1.000000,0.115115,0.099172,-0.003825,0.078832,-0.000012,0.996888,550.000000,439.099098
1.000000,0.799871,0.083732,-0.121844,0.259838,0.000010,0.965652,550.000000,263.149157
1.000000,0.824397,0.019982,-0.128531,0.266319,0.000010,0.963885,550.000000,256.517766
1.000000,0.484340,0.015125,-0.051250,0.176428,-0.000001,0.984314,550.000000,346.407431
1.000000,0.081573,0.082011,-0.001176,0.069962,-0.000013,0.997550,550.000000,447.277935
1.000000,0.827148,0.005060,-0.129292,0.267046,0.000010,0.963684,550.000000,255.772731
1.000000,0.470819,0.022140,-0.048852,0.172854,-0.000001,0.984947,550.000000,349.890225
1.000000,0.602433,0.075176,-0.074361,0.207647,0.000003,0.978204,550.000000,315.692143
1.000000,0.346090,0.080855,-0.029102,0.139885,-0.000005,0.990168,550.000000,381.699138
1.000000,0.449609,0.088556,-0.045191,0.167249,-0.000002,0.985915,550.000000,355.338450
1.000000,0.402479,0.080572,-0.037502,0.154791,-0.000003,0.987947,550.000000,367.389197
1.000000,0.347173,0.089459,-0.029255,0.140172,-0.000005,0.990127,550.000000,381.425202
1.000000,0.224819,0.024827,-0.013964,0.107827,-0.000009,0.994170,550.000000,412.081212
1.000000,0.396677,0.053269,-0.036598,0.153256,-0.000003,0.988186,550.000000,368.867700
1.000000,0.095312,0.045038,-0.002166,0.073593,-0.000013,0.997288,550.000000,443.935176
1.000000,0.187790,0.083801,-0.010131,0.098040,-0.000010,0.995182,550.000000,421.249466
1.000000,0.497646,0.072700,-0.053659,0.179947,-0.000000,0.983676,550.000000,342.971181
1.000000,0.619413,0.031950,-0.078006,0.212134,0.000004,0.977241,550.000000,311.233659
1.000000,0.179793,0.099371,-0.008474,0.095904,-0.000010,0.995391,550.000000,423.243389
1.000000,0.750690,0.000062,-0.110784,0.246950,0.000008,0.969028,550.000000,276.265162
1.000000,0.287227,0.065418,-0.021257,0.124325,-0.000007,0.992242,550.000000,396.512758
1.000000,0.607927,0.094461,-0.075532,0.209100,0.000003,0.977894,550.000000,314.249827
1.000000,0.226521,0.027931,-0.014149,0.108277,-0.000009,0.994121,550.000000,411.658464
1.000000,0.445032,0.059772,-0.044418,0.166039,-0.000002,0.986119,550.000000,356.513188
1.000000,0.320427,0.020985,-0.025566,0.133099,-0.000006,0.991103,550.000000,388.174885
1.000000,0.253265,0.055334,-0.017158,0.115347,-0.000008,0.993325,550.000000,405.002241
1.000000,0.051861,0.052457,0.000790,0.062108,-0.000014,0.998069,550.000000,454.486936
1.000000,0.577322,0.026376,-0.069120,0.201007,0.000002,0.979590,550.000000,322.268554
1.000000,0.287388,0.023405,-0.021277,0.124366,-0.000007,0.992236,550.000000,396.473881
1.000000,0.198135,0.024022,-0.011165,0.100773,-0.000010,0.994909,550.000000,418.694208
1.000000,0.425436,0.043629,-0.041171,0.160858,-0.000003,0.986978,550.000000,361.530651
1.000000,-0.000537,0.039425,-0.000930,0.048315,-0.000016,0.998832,550.000000,467.068764
1.000000,0.109569,0.072762,-0.003244,0.077363,-0.000013,0.997003,550.000000,440.457092
1.000000,0.067532,0.060248,-0.000218,0.066250,-0.000014,0.997803,550.000000,450.689008
1.000000,0.014814,0.000142,-0.000139,0.052355,-0.000015,0.998629,550.000000,463.393524
1.000000,0.502191,0.083723,-0.054494,0.181149,-0.000000,0.983456,550.000000,341.796287
1.000000,0.809832,0.035098,-0.124538,0.262470,0.000010,0.964940,550.000000,260.459471
1.000000,0.861965,0.038510,-0.139120,0.276251,0.000012,0.961086,550.000000,246.309818
1.000000,0.127351,0.042087,-0.004667,0.082062,-0.000012,0.996627,550.000000,436.111055
1.000000,0.145096,0.019125,-0.006170,0.086752,-0.000011,0.996230,550.000000,431.762297
1.000000,0.511722,0.019555,-0.056262,0.183666,0.000000,0.982989,550.000000,339.332649
1.000000,0.204648,0.042178,-0.011830,0.102495,-0.000010,0.994734,550.000000,417.082115
1.000000,0.331229,0.005949,-0.027033,0.135954,-0.000006,0.990715,550.000000,385.453110
1.000000,0.848735,0.088531,-0.135344,0.272755,0.000011,0.962084,550.000000,249.909481
1.000000,0.446016,0.011410,-0.044584,0.166297,-0.000002,0.986076,550.000000,356.262315
1.000000,0.167834,0.034737,-0.008219,0.092763,-0.000011,0.995688,550.000000,426.172074
1.000000,0.510550,0.008180,-0.056043,0.183356,0.000000,0.983047,550.000000,339.636333
1.000000,0.024076,0.048101,0.002416,0.054763,-0.000015,0.998499,550.000000,461.199188
1.000000,0.883502,0.050257,-0.145380,0.281944,0.000012,0.959431,550.000000,240.432439
1.000000,0.576141,0.053857,-0.068878,0.200696,0.000002,0.979654,550.000000,322.576337
1.000000,0.733676,0.014272,-0.104672,0.242338,0.000007,0.970192,550.000000,280.936346
1.000000,0.979341,0.006839,-0.174929,0.307277,0.000015,0.951620,550.000000,214.052003
1.000000,0.475470,0.072936,-0.049671,0.174085,-0.000001,0.984731,550.000000,348.691337
1.000000,0.136676,0.034520,-0.005446,0.084527,-0.000012,0.996421,550.000000,433.827038
1.000000,0.690852,0.072354,-0.094240,0.231020,0.000006,0.972949,550.000000,292.348693
1.000000,0.364102,0.078522,-0.031691,0.144646,-0.000004,0.989483,550.000000,377.141024
1.000000,0.826388,0.022271,-0.129082,0.266845,0.000010,0.963739,550.000000,255.978278
1.000000,0.407203,0.016399,-0.038246,0.156038,-0.000003,0.987751,550.000000,366.186773
1.000000,0.177096,0.027048,-0.009094,0.095211,-0.000010,0.995457,550.000000,423.889982
1.000000,0.496373,0.048697,-0.053427,0.179610,-0.000000,0.983738,550.000000,343.300896
1.000000,0.091210,0.092015,-0.001864,0.072510,-0.000013,0.997368,550.000000,444.932920
1.000000,-0.000000,0.100000,-0.000000,0.048447,-0.000016,0.998826,550.000000,466.949003
1.000000,0.031252,0.083540,0.002016,0.056660,-0.000015,0.998394,550.000000,459.467474
1.000000,0.166542,0.069542,-0.008099,0.092423,-0.000011,0.995720,550.000000,426.489087
1.000000,0.243428,0.078895,-0.016028,0.112747,-0.000008,0.993624,550.000000,407.452662
1.000000,0.118274,0.083733,-0.003930,0.079664,-0.000012,0.996822,550.000000,438.330185
1.000000,0.093121,0.036948,-0.002005,0.073014,-0.000013,0.997331,550.000000,444.469138
1.000000,0.760807,0.037105,-0.111556,0.249510,0.000008,0.968372,550.000000,273.666948
1.000000,0.595057,0.000192,-0.074067,0.205762,0.000003,0.978602,550.000000,317.561483
1.000000,0.272102,0.041697,-0.019393,0.120326,-0.000007,0.992734,550.000000,400.299316
1.000000,0.068202,0.067975,-0.000263,0.066427,-0.000014,0.997791,550.000000,450.526196
1.000000,0.769984,0.042315,-0.113932,0.251936,0.000009,0.967744,550.000000,271.201688
1.000000,0.198560,0.022424,-0.011208,0.100885,-0.000010,0.994898,550.000000,418.589180
1.000000,0.532518,0.084754,-0.060208,0.189166,0.000001,0.981945,550.000000,333.938651
1.000000,0.022246,0.094886,0.002517,0.054280,-0.000015,0.998526,550.000000,461.639091
1.000000,-0.000763,0.068094,-0.001322,0.048261,-0.000016,0.998835,550.000000,467.117713
1.000000,0.708453,0.006692,-0.098463,0.235670,0.000007,0.971833,550.000000,287.668217
1.000000,0.073899,0.077104,-0.000646,0.067934,-0.000014,0.997690,550.000000,449.142933
1.000000,0.010036,0.087238,0.003160,0.051053,-0.000016,0.998696,550.000000,464.579263
1.000000,0.283075,0.091282,-0.020739,0.123228,-0.000007,0.992378,550.000000,397.552136
1.000000,0.278883,0.045645,-0.020221,0.122119,-0.000007,0.992516,550.000000,398.602910
1.000000,0.951996,0.076146,-0.166215,0.300051,0.000015,0.953923,550.000000,221.615319
1.000000,0.836508,0.098701,-0.132833,0.269587,0.000011,0.962976,550.000000,253.165165
1.000000,0.305557,0.014296,-0.023599,0.129168,-0.000006,0.991623,550.000000,391.915176
1.000000,0.292765,0.058458,-0.021955,0.125788,-0.000007,0.992057,550.000000,395.124753
1.000000,0.129576,0.018138,-0.004851,0.082650,-0.000012,0.996579,550.000000,435.566974
1.000000,0.075636,0.045077,-0.000765,0.068392,-0.000014,0.997659,550.000000,448.721938
1.000000,0.075419,0.011364,-0.000751,0.068333,-0.000014,0.997663,550.000000,448.775560
1.000000,0.808375,0.001374,-0.125492,0.262173,0.000010,0.965021,550.000000,260.762310
1.000000,0.225025,0.089452,-0.013986,0.107883,-0.000009,0.994164,550.000000,412.028175
1.000000,0.983296,0.020255,-0.170631,0.307891,0.000015,0.951422,550.000000,213.407748
1.000000,0.187793,0.034910,-0.010132,0.098039,-0.000010,0.995183,550.000000,421.250043
1.000000,0.983159,0.040021,-0.170846,0.307875,0.000015,0.951427,550.000000,213.424170
1.000000,0.255640,0.093380,-0.017434,0.115976,-0.000008,0.993252,550.000000,404.408837
1.000000,0.592107,0.069755,-0.072185,0.204917,0.000003,0.978779,550.000000,318.398763
1.000000,0.235382,0.039815,-0.015124,0.110619,-0.000009,0.993863,550.000000,409.455955
1.000000,0.722755,0.092159,-0.101962,0.239453,0.000007,0.970908,550.000000,283.851408
1.000000,0.983265,0.062392,-0.170663,0.307887,0.000015,0.951423,550.000000,213.411624
1.000000,0.816111,0.040808,-0.126252,0.264130,0.000010,0.964487,550.000000,258.760826
1.000000,0.009248,0.072457,0.003200,0.050844,-0.000016,0.998707,550.000000,464.769303
1.000000,0.684707,0.052180,-0.092786,0.229394,0.000006,0.973334,550.000000,293.981469
1.000000,0.103895,0.016053,-0.002809,0.075861,-0.000013,0.997118,550.000000,441.843554
1.000000,0.158925,0.053426,-0.007400,0.090409,-0.000011,0.995905,550.000000,428.363785
1.000000,0.376331,0.042694,-0.033499,0.147878,-0.000004,0.989006,550.000000,374.040483
1.000000,0.684592,0.062677,-0.092759,0.229364,0.000006,0.973341,550.000000,294.011646
1.000000,0.085393,0.081007,-0.001446,0.070972,-0.000013,0.997478,550.000000,446.348869
1.000000,0.098102,0.071067,-0.002372,0.074331,-0.000013,0.997234,550.000000,443.254459
1.000000,0.004407,0.058271,0.003443,0.049564,-0.000016,0.998771,550.000000,465.933641
1.000000,0.326619,0.005056,-0.026403,0.134736,-0.000006,0.990882,550.000000,386.615545
1.000000,0.832827,0.074435,-0.130871,0.268549,0.000011,0.963266,550.000000,254.230600
1.000000,0.481847,0.080285,-0.050804,0.175771,-0.000001,0.984431,550.000000,347.048032
1.000000,0.328812,0.046231,-0.026702,0.135317,-0.000006,0.990802,550.000000,386.061420
1.000000,0.392741,0.038879,-0.035989,0.152215,-0.000004,0.988347,550.000000,369.870034
1.000000,0.668882,0.072452,-0.089093,0.225212,0.000005,0.974310,550.000000,298.177217
1.000000,0.000731,0.067911,0.001266,0.048622,-0.000016,0.998817,550.000000,466.789385
1.000000,0.781498,0.010953,-0.116949,0.254979,0.000009,0.966947,550.000000,268.105054
1.000000,0.471546,0.042511,-0.048979,0.173047,-0.000001,0.984914,550.000000,349.702470
1.000000,0.248584,0.037456,-0.016617,0.114109,-0.000008,0.993468,550.000000,406.169591
1.000000,0.348742,0.012943,-0.029478,0.140584,-0.000005,0.990069,550.000000,381.030703
1.000000,0.905713,0.001303,-0.151271,0.287762,0.000013,0.957702,550.000000,234.406834
1.000000,0.915873,0.081168,-0.155050,0.290502,0.000013,0.956874,550.000000,231.562492
1.000000,0.962872,0.098180,-0.166815,0.302710,0.000015,0.953083,550.000000,218.835748
1.000000,0.258401,0.060606,-0.017757,0.116704,-0.000008,0.993167,550.000000,403.721203
1.000000,0.714452,0.087695,-0.099924,0.237258,0.000007,0.971447,550.000000,286.066801
1.000000,0.113243,0.025013,-0.003532,0.078332,-0.000012,0.996927,550.000000,439.561223
1.000000,0.193597,0.062089,-0.010708,0.099574,-0.000010,0.995030,550.000000,419.815345
1.000000,0.114151,0.095002,-0.003602,0.078574,-0.000012,0.996908,550.000000,439.337615
1.000000,0.081706,0.011020,-0.001187,0.069995,-0.000013,0.997547,550.000000,447.247662
1.000000,0.716578,0.079386,-0.100444,0.237820,0.000007,0.971309,550.000000,285.500096
1.000000,0.863594,0.014213,-0.139589,0.276680,0.000012,0.960962,550.000000,245.866881
1.000000,0.545520,0.095240,-0.062736,0.192603,0.000001,0.981277,550.000000,330.559064
1.000000,0.100756,0.001302,-0.003023,0.075040,-0.000013,0.997181,550.000000,442.601349
1.000000,0.220607,0.073291,-0.013509,0.106714,-0.000009,0.994290,550.000000,413.125486
1.000000,0.562530,0.040658,-0.066115,0.197098,0.000002,0.980384,550.000000,326.129896
1.000000,0.862102,0.089676,-0.139160,0.276288,0.000012,0.961075,550.000000,246.270891
1.000000,0.571238,0.005823,-0.067876,0.199398,0.000002,0.979918,550.000000,323.858584
1.000000,0.371943,0.048338,-0.032846,0.146718,-0.000004,0.989178,550.000000,375.153766
1.000000,0.610269,0.012629,-0.076033,0.209716,0.000003,0.977762,550.000000,313.637187
1.000000,0.420402,0.047315,-0.040354,0.159528,-0.000003,0.987193,550.000000,362.817070
1.000000,0.065987,0.069000,-0.000116,0.065842,-0.000014,0.997830,550.000000,451.063361
1.000000,0.885263,0.006069,-0.145897,0.282408,0.000012,0.959294,550.000000,239.952484
1.000000,0.101057,0.009434,-0.002594,0.075111,-0.000013,0.997175,550.000000,442.535908
1.000000,0.725179,0.063119,-0.102560,0.240093,0.000007,0.970750,550.000000,283.205178
1.000000,0.253329,0.040558,-0.017165,0.115363,-0.000008,0.993323,550.000000,404.986757
1.000000,0.817429,0.043005,-0.126613,0.264478,0.000010,0.964392,550.000000,258.404049
1.000000,0.982728,0.069853,-0.171601,0.307831,0.000015,0.951441,550.000000,213.470055
1.000000,0.330942,0.055472,-0.026993,0.135880,-0.000006,0.990725,550.000000,385.524010
1.000000,0.428083,0.011261,-0.041604,0.161557,-0.000002,0.986863,550.000000,360.854740
1.000000,0.957521,0.080375,-0.167957,0.301511,0.000015,0.953463,550.000000,220.089012
1.000000,0.767332,0.094507,-0.113243,0.251237,0.000008,0.967926,550.000000,271.912929
1.000000,0.224726,0.029570,-0.013954,0.107802,-0.000009,0.994172,550.000000,412.104226
1.000000,0.064196,0.087148,0.000002,0.065369,-0.000014,0.997861,550.000000,451.497268
1.000000,0.303734,0.017892,-0.023362,0.128687,-0.000006,0.991685,550.000000,392.372994
1.000000,0.169425,0.050777,-0.008368,0.093184,-0.000011,0.995649,550.000000,425.779659
1.000000,0.876118,0.005181,-0.143218,0.279991,0.000012,0.960003,550.000000,242.451013
1.000000,0.337602,0.018629,-0.027913,0.137639,-0.000005,0.990482,550.000000,383.844907
1.000000,0.076975,0.016823,-0.000858,0.068745,-0.000014,0.997634,550.000000,448.397257
1.000000,-0.000320,0.091625,-0.000554,0.048369,-0.000016,0.998830,550.000000,467.019511
1.000000,0.054109,0.029052,0.000649,0.062701,-0.000014,0.998032,550.000000,453.943330
1.000000,0.087057,0.014448,-0.001566,0.071410,-0.000013,0.997447,550.000000,445.945902
1.000000,0.224618,0.042511,-0.013942,0.107774,-0.000009,0.994175,550.000000,412.130820
1.000000,0.130581,0.053613,-0.004934,0.082916,-0.000012,0.996557,550.000000,435.319795
1.000000,0.115145,0.035454,-0.003682,0.078835,-0.000012,0.996888,550.000000,439.096470
1.000000,0.719322,0.046814,-0.101116,0.238544,0.000007,0.971132,550.000000,284.769208
1.000000,0.183540,0.087318,-0.009715,0.096917,-0.000010,0.995292,550.000000,422.298502
1.000000,0.023963,0.047862,0.002422,0.054733,-0.000015,0.998501,550.000000,461.226612
1.000000,0.777129,0.033708,-0.115800,0.253825,0.000009,0.967250,550.000000,269.280347
1.000000,0.952094,0.087784,-0.166246,0.300077,0.000015,0.953915,550.000000,221.587917
1.000000,0.000403,0.012325,0.000698,0.048541,-0.000016,0.998821,550.000000,466.862994
1.000000,0.207523,0.060157,-0.012128,0.103255,-0.000009,0.994655,550.000000,416.369630
1.000000,0.216058,0.083439,-0.013023,0.105512,-0.000009,0.994418,550.000000,414.253534
1.000000,0.471083,0.030612,-0.048898,0.172924,-0.000001,0.984935,550.000000,349.822029
1.000000,0.361575,0.095685,-0.031322,0.143979,-0.000005,0.989581,550.000000,377.780737
1.000000,0.363482,0.035396,-0.031600,0.144481,-0.000004,0.989508,550.000000,377.299283
1.000000,-0.000374,0.035938,-0.000648,0.048354,-0.000016,0.998830,550.000000,467.033023
1.000000,0.075790,0.016374,-0.000776,0.068432,-0.000014,0.997656,550.000000,448.685284
1.000000,0.896793,0.099811,-0.148868,0.285427,0.000013,0.958401,550.000000,236.827763
1.000000,0.010797,0.096126,0.003122,0.051254,-0.000016,0.998686,550.000000,464.396031
1.000000,0.196641,0.093008,-0.011014,0.100380,-0.000010,0.994949,550.000000,419.061754
1.000000,0.171034,0.030846,-0.008519,0.093609,-0.000011,0.995609,550.000000,425.383879
1.000000,0.824830,0.035856,-0.128651,0.266434,0.000010,0.963853,550.000000,256.400001
1.000000,0.591052,0.047555,-0.071964,0.204637,0.000003,0.978838,550.000000,318.675893
1.000000,0.647697,0.075382,-0.084260,0.219612,0.000005,0.975587,550.000000,303.779445
1.000000,0.672648,0.099770,-0.091766,0.226313,0.000005,0.974055,550.000000,297.073441
1.000000,0.813269,0.089462,-0.125476,0.263380,0.000010,0.964692,550.000000,259.528338
1.000000,0.223520,0.069491,-0.013823,0.107484,-0.000009,0.994207,550.000000,412.402487
1.000000,0.667955,0.044387,-0.088878,0.224966,0.000005,0.974367,550.000000,298.423513
1.000000,0.671980,0.098221,-0.091609,0.226136,0.000005,0.974096,550.000000,297.250575
1.000000,0.297580,0.062363,-0.022569,0.127061,-0.000007,0.991895,550.000000,393.916782
1.000000,0.912967,0.014211,-0.154169,0.289732,0.000013,0.957108,550.000000,232.362362
1.000000,0.168086,0.034345,-0.008243,0.092830,-0.000011,0.995682,550.000000,426.110134
1.000000,0.282798,0.022083,-0.020705,0.123153,-0.000007,0.992388,550.000000,397.623608
1.000000,0.229197,0.020652,-0.014441,0.108984,-0.000009,0.994044,550.000000,410.994041
1.000000,0.897674,0.008556,-0.149574,0.285689,0.000013,0.958322,550.000000,236.556105
1.000000,0.948389,0.081732,-0.165082,0.299097,0.000014,0.954223,550.000000,222.610920
1.000000,0.983054,0.085572,-0.171062,0.307868,0.000015,0.951429,550.000000,213.431542
1.000000,0.022312,0.037989,0.002512,0.054296,-0.000015,0.998525,550.000000,461.624639
1.000000,0.528813,0.013471,-0.059496,0.188184,0.000001,0.982134,550.000000,334.902647
1.000000,0.697762,0.056515,-0.095888,0.232846,0.000006,0.972514,550.000000,290.512243
1.000000,0.982584,0.026857,-0.171854,0.307815,0.000015,0.951446,550.000000,213.486872
1.000000,0.232167,0.041547,-0.014768,0.109769,-0.000009,0.993957,550.000000,410.255336
1.000000,0.728233,0.005901,-0.103316,0.240899,0.000007,0.970550,550.000000,282.391243
1.000000,0.096254,0.013036,-0.002236,0.073841,-0.000013,0.997270,550.000000,443.706562
1.000000,0.218662,0.001358,-0.012067,0.106164,-0.000009,0.994349,550.000000,413.642493
1.000000,0.162575,0.036410,-0.007733,0.091373,-0.000011,0.995817,550.000000,427.466438
1.000000,0.817495,0.071719,-0.126632,0.264496,0.000010,0.964387,550.000000,258.385475
1.000000,0.235896,0.005448,-0.015182,0.110754,-0.000009,0.993848,550.000000,409.329040
1.000000,0.542153,0.027694,-0.062077,0.191711,0.000001,0.981451,550.000000,331.436756
1.000000,0.042641,0.059374,0.001352,0.059670,-0.000015,0.998218,550.000000,456.717224
1.000000,0.330207,0.034731,-0.026893,0.135685,-0.000006,0.990752,550.000000,385.709966
1.000000,0.070521,0.012036,-0.000418,0.067039,-0.000014,0.997750,550.000000,449.964988
1.000000,0.917270,0.035102,-0.155474,0.290870,0.000013,0.956763,550.000000,231.180105
1.000000,0.413285,0.072396,-0.039211,0.157647,-0.000003,0.987496,550.000000,364.633761
1.000000,0.181609,0.050713,-0.009528,0.096405,-0.000010,0.995342,550.000000,422.776140
1.000000,0.879379,0.052973,-0.144171,0.280854,0.000012,0.959750,550.000000,241.558902
1.000000,0.830069,0.025618,-0.130103,0.267819,0.000011,0.963469,550.000000,254.980252
1.000000,0.902756,0.001491,-0.150473,0.286987,0.000013,0.957934,550.000000,235.210495
1.000000,0.679951,0.038707,-0.091669,0.228137,0.000006,0.973629,550.000000,295.243966
1.000000,0.963703,0.051979,-0.169917,0.303144,0.000015,0.952945,550.000000,218.380864
1.000000,0.053129,0.040205,0.000710,0.062442,-0.000014,0.998049,550.000000,454.180488
1.000000,0.276173,0.015964,-0.019889,0.121401,-0.000007,0.992604,550.000000,399.281987
1.000000,0.666558,0.084726,-0.088556,0.224598,0.000005,0.974452,550.000000,298.792313
1.000000,0.103451,0.077244,-0.002775,0.075746,-0.000013,0.997127,550.000000,441.950060
1.000000,0.287705,0.013454,-0.021317,0.124449,-0.000007,0.992226,550.000000,396.394579
1.000000,0.926166,0.092617,-0.158192,0.293223,0.000014,0.956044,550.000000,228.733050
1.000000,0.551543,0.076349,-0.063923,0.194194,0.000002,0.980963,550.000000,328.992026
1.000000,0.414360,0.067342,-0.039383,0.157931,-0.000003,0.987450,550.000000,364.359507
1.000000,0.933227,0.028643,-0.160364,0.295088,0.000014,0.955470,550.000000,226.792033
1.000000,0.182446,0.019856,-0.009609,0.096625,-0.000010,0.995321,550.000000,422.570476
1.000000,0.176657,0.073485,-0.009051,0.095097,-0.000010,0.995468,550.000000,423.996850
1.000000,0.973397,0.070305,-0.173016,0.305707,0.000015,0.952125,550.000000,215.697037
1.000000,0.056022,0.072308,0.000529,0.063208,-0.000014,0.998000,550.000000,453.478987
1.000000,0.014258,0.018382,0.002941,0.052166,-0.000015,0.998638,550.000000,463.565270
1.000000,0.079869,0.032426,-0.001058,0.069510,-0.000013,0.997581,550.000000,447.693596
1.000000,0.213000,0.044685,-0.012700,0.104703,-0.000009,0.994504,550.000000,415.013021
1.000000,0.129498,0.062090,-0.004844,0.082630,-0.000012,0.996580,550.000000,435.584915
1.000000,0.565408,0.045009,-0.066695,0.197858,0.000002,0.980231,550.000000,325.379196
1.000000,0.244898,0.093550,-0.016195,0.113136,-0.000008,0.993579,550.000000,407.086197
1.000000,0.412420,0.083496,-0.039073,0.157419,-0.000003,0.987532,550.000000,364.854194
1.000000,0.254245,0.068042,-0.017271,0.115606,-0.000008,0.993295,550.000000,404.757516
1.000000,0.147389,0.082377,-0.006370,0.087360,-0.000011,0.996177,550.000000,431.197594
1.000000,0.465412,0.012700,-0.047907,0.171425,-0.000001,0.985197,550.000000,351.281415
1.000000,0.628727,0.091334,-0.080041,0.214598,0.000004,0.976703,550.000000,308.781069
1.000000,0.583279,0.079713,-0.070347,0.202584,0.000003,0.979265,550.000000,320.709383
1.000000,0.966559,0.095678,-0.170828,0.303901,0.000015,0.952704,550.000000,217.589367
1.000000,0.108289,0.011844,-0.003146,0.077023,-0.000013,0.997029,550.000000,440.771319
1.000000,0.572765,0.090278,-0.068188,0.199805,0.000002,0.979836,550.000000,323.457056
1.000000,0.079755,0.087759,-0.001049,0.069482,-0.000013,0.997583,550.000000,447.719634
1.000000,0.370581,0.027920,-0.032644,0.146357,-0.000004,0.989232,550.000000,375.499840
1.000000,0.186442,0.035209,-0.009999,0.097682,-0.000010,0.995218,550.000000,421.583694
1.000000,0.475255,0.060410,-0.049633,0.174028,-0.000001,0.984741,550.000000,348.747198
1.000000,0.739443,0.020512,-0.106117,0.243862,0.000008,0.969810,550.000000,279.393378
1.000000,0.710279,0.061125,-0.098907,0.236154,0.000007,0.971716,550.000000,287.179896
1.000000,0.202681,0.091021,-0.011628,0.101976,-0.000010,0.994787,550.000000,417.567604
1.000000,0.711682,0.034279,-0.099248,0.236524,0.000007,0.971626,550.000000,286.806946
1.000000,0.032578,0.018922,0.001940,0.057009,-0.000015,0.998374,550.000000,459.149272
1.000000,0.799259,0.086536,-0.121679,0.259676,0.000010,0.965696,550.000000,263.314283
1.000000,0.305199,0.039421,-0.023553,0.129075,-0.000006,0.991635,550.000000,392.004352
1.000000,0.691685,0.030753,-0.094438,0.231238,0.000006,0.972897,550.000000,292.128659
1.000000,0.422106,0.012351,-0.040630,0.159977,-0.000003,0.987121,550.000000,362.382736
1.000000,0.983312,0.045545,-0.170578,0.307891,0.000015,0.951422,550.000000,213.407269
1.000000,0.010824,0.091599,0.003120,0.051261,-0.000016,0.998685,550.000000,464.389689
1.000000,0.134685,0.042805,-0.005278,0.084001,-0.000012,0.996466,550.000000,434.314875
1.000000,0.862775,0.031047,-0.139353,0.276464,0.000012,0.961024,550.000000,246.089398
1.000000,0.099995,0.050505,-0.002514,0.074831,-0.000013,0.997196,550.000000,442.793633
1.000000,0.208897,0.065514,-0.012270,0.103619,-0.000009,0.994617,550.000000,416.029150
1.000000,0.000136,0.031453,0.000236,0.048478,-0.000016,0.998824,550.000000,466.920986
1.000000,0.745419,0.075780,-0.107626,0.245444,0.000008,0.969411,550.000000,277.791734
1.000000,0.253969,0.033378,-0.017240,0.115532,-0.000008,0.993304,550.000000,404.827381
1.000000,0.882774,0.064994,-0.145166,0.281752,0.000012,0.959487,550.000000,240.630886
1.000000,0.646054,0.058745,-0.083890,0.219177,0.000005,0.975685,550.000000,304.213839
1.000000,0.365242,0.004605,-0.031858,0.144945,-0.000004,0.989440,550.000000,376.854235
1.000000,0.116717,0.050747,-0.003806,0.079251,-0.000012,0.996855,550.000000,438.711816
1.000000,0.741916,0.064027,-0.106740,0.244517,0.000008,0.969645,550.000000,278.730177
1.000000,0.982194,0.072533,-0.172529,0.307776,0.000015,0.951459,550.000000,213.528533
1.000000,0.483202,0.004309,-0.051046,0.176127,-0.000001,0.984367,550.000000,346.701100
1.000000,0.481910,0.009624,-0.050815,0.175785,-0.000001,0.984428,550.000000,347.034134
1.000000,0.603483,0.005963,-0.074584,0.207922,0.000003,0.978145,550.000000,315.418746
1.000000,0.442751,0.098305,-0.043653,0.165420,-0.000002,0.986223,550.000000,357.112685
1.000000,0.322591,0.047659,-0.025857,0.133672,-0.000006,0.991026,550.000000,387.629048
1.000000,0.917096,0.038228,-0.155421,0.290824,0.000013,0.956777,550.000000,231.227882
1.000000,0.870978,0.052563,-0.141723,0.278634,0.000012,0.960397,550.000000,243.852104
1.000000,0.029862,0.001344,-0.000390,0.056328,-0.000015,0.998412,550.000000,459.771408
1.000000,0.107641,0.073131,-0.003095,0.076853,-0.000013,0.997042,550.000000,440.927822
1.000000,0.020943,0.006872,0.002586,0.053933,-0.000015,0.998545,550.000000,461.955497
1.000000,0.137604,0.028302,-0.005525,0.084772,-0.000012,0.996400,550.000000,433.599624
1.000000,0.781909,0.087004,-0.117058,0.255090,0.000009,0.966917,550.000000,267.992100
1.000000,0.313606,0.038356,-0.024657,0.131297,-0.000006,0.991343,550.000000,389.890889
1.000000,0.643092,0.061331,-0.083226,0.218394,0.000004,0.975861,550.000000,304.995486
1.000000,0.066540,0.007415,-0.000153,0.065986,-0.000014,0.997821,550.000000,450.930977
1.000000,0.113467,0.029024,-0.003549,0.078392,-0.000012,0.996923,550.000000,439.506422
1.000000,0.310763,0.011094,-0.024281,0.130544,-0.000006,0.991442,550.000000,390.606790
1.000000,0.297959,0.075848,-0.022617,0.127162,-0.000007,0.991882,550.000000,393.821192
1.000000,0.571473,0.008226,-0.067924,0.199461,0.000002,0.979906,550.000000,323.797192
1.000000,0.361419,0.020460,-0.031300,0.143935,-0.000005,0.989587,550.000000,377.822315
1.000000,0.724211,0.085748,-0.102321,0.239838,0.000007,0.970813,550.000000,283.463083
1.000000,0.983219,0.080744,-0.170765,0.307885,0.000015,0.951424,550.000000,213.414196
1.000000,0.103849,0.001032,-0.003188,0.075856,-0.000013,0.997119,550.000000,441.848239
1.000000,0.547402,0.069253,-0.063106,0.193100,0.000001,0.981179,550.000000,330.070018
1.000000,0.564057,0.085196,-0.066423,0.197503,0.000002,0.980302,550.000000,325.730427
1.000000,0.310115,0.094745,-0.024195,0.130376,-0.000006,0.991465,550.000000,390.767262
1.000000,0.731571,0.039698,-0.104147,0.241782,0.000007,0.970331,550.000000,281.498155
1.000000,0.060898,0.027912,0.000216,0.064495,-0.000014,0.997918,550.000000,452.298721
1.000000,0.232640,0.000145,-0.013505,0.109855,-0.000009,0.993948,550.000000,410.174666
1.000000,0.828294,0.095152,-0.129611,0.267352,0.000010,0.963599,550.000000,255.459107
1.000000,0.048495,0.077865,0.000998,0.061218,-0.000014,0.998124,550.000000,455.300864
1.000000,0.647211,0.079077,-0.084150,0.219483,0.000005,0.975616,550.000000,303.907759
1.000000,0.725770,0.027235,-0.102706,0.240248,0.000007,0.970711,550.000000,283.048432
1.000000,0.041214,0.033999,0.001437,0.059292,-0.000015,0.998241,550.000000,457.062813
1.000000,0.067214,0.053846,-0.000197,0.066166,-0.000014,0.997809,550.000000,450.766152
1.000000,0.558213,0.019409,-0.065250,0.195956,0.000002,0.980613,550.000000,327.256177
1.000000,0.567529,0.063644,-0.067124,0.198420,0.000002,0.980117,550.000000,324.824944
1.000000,0.384938,0.020131,-0.034796,0.150152,-0.000004,0.988663,550.000000,371.854908
1.000000,0.758133,0.044326,-0.110868,0.248804,0.000008,0.968554,550.000000,274.384420
1.000000,0.138601,0.061632,-0.005610,0.085037,-0.000012,0.996378,550.000000,433.354233
1.000000,0.890411,0.034398,-0.147417,0.283770,0.000012,0.958892,550.000000,238.543423
1.000000,0.632716,0.029278,-0.080919,0.215650,0.000004,0.976471,550.000000,307.732368
1.000000,0.244157,0.052357,-0.016111,0.112939,-0.000008,0.993602,550.000000,407.272012
1.000000,0.376458,0.001791,-0.032518,0.147872,-0.000004,0.989007,550.000000,374.046475
1.000000,0.573961,0.082635,-0.068432,0.200121,0.000002,0.979771,550.000000,323.144968
1.000000,0.293978,0.031421,-0.022109,0.126108,-0.000007,0.992017,550.000000,394.821404
1.000000,0.170431,0.015169,-0.008462,0.093449,-0.000011,0.995624,550.000000,425.532975
1.000000,0.374439,0.000328,-0.032201,0.147337,-0.000004,0.989086,550.000000,374.559572
1.000000,0.493877,0.068782,-0.052972,0.178951,-0.000000,0.983858,550.000000,343.944865
1.000000,0.685377,0.091733,-0.092945,0.229573,0.000006,0.973291,550.000000,293.802336
1.000000,0.617347,0.022777,-0.077558,0.211587,0.000004,0.977359,550.000000,311.777360
1.000000,0.982495,0.014916,-0.172029,0.307807,0.000015,0.951449,550.000000,213.495442
1.000000,0.527553,0.075776,-0.059255,0.187853,0.000001,0.982197,550.000000,335.227764
1.000000,0.383647,0.081380,-0.034600,0.149813,-0.000004,0.988714,550.000000,372.181253
1.000000,0.472282,0.010850,-0.049109,0.173241,-0.000001,0.984880,550.000000,349.513978
1.000000,0.076676,0.083914,-0.000836,0.068668,-0.000014,0.997640,550.000000,448.468011
1.000000,0.131968,0.045145,-0.005050,0.083283,-0.000012,0.996526,550.000000,434.980346
1.000000,0.401329,0.069641,-0.037322,0.154486,-0.000003,0.987995,550.000000,367.682569
1.000000,0.853513,0.024991,-0.136701,0.274016,0.000011,0.961725,550.000000,248.611696
1.000000,0.081214,0.061660,-0.001151,0.069867,-0.000013,0.997556,550.000000,447.365811
1.000000,0.489368,0.014336,-0.052155,0.177757,-0.000000,0.984074,550.000000,345.110549
1.000000,0.763195,0.027631,-0.112172,0.250141,0.000008,0.968209,550.000000,273.026085
1.000000,0.237604,0.090994,-0.015372,0.111208,-0.000008,0.993797,550.000000,408.901787
1.000000,0.452541,0.037873,-0.045690,0.168023,-0.000002,0.985783,550.000000,354.587538
1.000000,0.260686,0.023215,-0.018027,0.117308,-0.000008,0.993096,550.000000,403.151832
1.000000,0.784464,0.074985,-0.117733,0.255765,0.000009,0.966739,550.000000,267.304439
1.000000,0.048356,0.065550,0.001006,0.061181,-0.000014,0.998127,550.000000,455.334780
1.000000,0.105926,0.071766,-0.002963,0.076400,-0.000013,0.997077,550.000000,441.346344
1.000000,0.802568,0.032255,-0.122570,0.260549,0.000010,0.965461,550.000000,262.422705
1.000000,0.193213,0.045961,-0.010670,0.099472,-0.000010,0.995040,550.000000,419.910519
1.000000,0.015742,0.039908,0.002864,0.052559,-0.000015,0.998618,550.000000,463.207301
1.000000,0.742644,0.084553,-0.106924,0.244711,0.000008,0.969596,550.000000,278.534687
1.000000,0.026914,0.099781,-0.000334,0.055552,-0.000015,0.998456,550.000000,460.478716
1.000000,0.552876,0.014590,-0.064188,0.194545,0.000002,0.980894,550.000000,328.646638
1.000000,0.807856,0.098626,-0.125358,0.262040,0.000010,0.965057,550.000000,260.899015
1.000000,0.664372,0.041893,-0.088053,0.224019,0.000005,0.974585,550.000000,299.372190
1.000000,0.469161,0.071571,-0.048561,0.172417,-0.000001,0.985024,550.000000,350.315443
1.000000,0.691908,0.086070,-0.094491,0.231299,0.000006,0.972883,550.000000,292.067770
1.000000,0.820342,0.091144,-0.127414,0.265250,0.000010,0.964180,550.000000,257.613882
1.000000,0.584024,0.023894,-0.070501,0.202779,0.000003,0.979225,550.000000,320.516089
1.000000,0.579881,0.085737,-0.069646,0.201686,0.000002,0.979450,550.000000,321.597843
1.000000,0.841803,0.030416,-0.133385,0.270921,0.000011,0.962602,550.000000,251.795247
1.000000,0.833271,0.089707,-0.130995,0.268667,0.000011,0.963233,550.000000,254.109600
1.000000,0.306987,0.089210,-0.023786,0.129549,-0.000006,0.991573,550.000000,391.553606
1.000000,0.516116,0.072457,-0.057086,0.184830,0.000000,0.982771,550.000000,338.193065
1.000000,0.167116,0.026152,-0.008152,0.092573,-0.000011,0.995706,550.000000,426.349030
1.000000,0.449557,0.067714,-0.045183,0.167235,-0.000002,0.985917,550.000000,355.352369
1.000000,0.609238,0.087939,-0.075812,0.209446,0.000003,0.977820,550.000000,313.905716
1.000000,0.828295,0.071132,-0.129611,0.267351,0.000010,0.963599,550.000000,255.459673
1.000000,0.631823,0.048058,-0.080722,0.215415,0.000004,0.976523,550.000000,307.966876
1.000000,0.706148,0.016237,-0.097905,0.235061,0.000007,0.971981,550.000000,288.281697
1.000000,0.180536,0.060901,-0.009424,0.096122,-0.000010,0.995370,550.000000,423.040623
1.000000,0.756501,0.064817,-0.110449,0.248373,0.000008,0.968664,550.000000,274.821581
1.000000,0.600013,0.078280,-0.073848,0.207007,0.000003,0.978339,550.000000,316.326752
1.000000,0.409764,0.084185,-0.038651,0.156717,-0.000003,0.987644,550.000000,365.531690
1.000000,0.596769,0.054948,-0.073164,0.206149,0.000003,0.978521,550.000000,317.177802
1.000000,0.101982,0.035781,-0.002664,0.075356,-0.000013,0.997157,550.000000,442.309540
1.000000,0.609426,0.082829,-0.075853,0.209495,0.000003,0.977810,550.000000,313.856543
1.000000,0.527370,0.015359,-0.059220,0.187803,0.000001,0.982207,550.000000,335.277181
1.000000,0.731468,0.099684,-0.105999,0.241873,0.000007,0.970308,550.000000,281.406082
1.000000,0.495519,0.040934,-0.053271,0.179384,-0.000000,0.983779,550.000000,343.521675
1.000000,0.205500,0.095482,-0.011918,0.102722,-0.000009,0.994710,550.000000,416.869678
1.000000,0.039572,0.007606,0.001534,0.058858,-0.000015,0.998266,550.000000,457.460354
1.000000,0.535914,0.081113,-0.060864,0.190063,0.000001,0.981772,550.000000,333.056875
1.000000,0.732261,0.047628,-0.104319,0.241965,0.000007,0.970285,550.000000,281.313642
1.000000,0.893636,0.099994,-0.148019,0.284599,0.000013,0.958647,550.000000,237.685322
1.000000,0.108956,0.014528,-0.003198,0.077199,-0.000013,0.997016,550.000000,440.608580
1.000000,0.039706,0.055319,0.001526,0.058894,-0.000015,0.998264,550.000000,457.426662
1.000000,0.335536,0.019346,-0.027626,0.137093,-0.000005,0.990558,550.000000,384.366212
1.000000,0.546137,0.080852,-0.062857,0.192765,0.000001,0.981245,550.000000,330.399052
1.000000,0.260817,0.049711,-0.018042,0.117343,-0.000008,0.993091,550.000000,403.118528
1.000000,0.484959,0.033550,-0.051361,0.176592,-0.000001,0.984284,550.000000,346.247187
1.000000,0.586710,0.038423,-0.071059,0.203489,0.000003,0.979077,550.000000,319.812908
1.000000,0.258817,0.099142,-0.016399,0.116773,-0.000008,0.993159,550.000000,403.656877
1.000000,0.404507,0.084653,-0.037820,0.155327,-0.000003,0.987863,550.000000,366.872159
1.000000,0.780326,0.070085,-0.116641,0.254671,0.000009,0.967028,550.000000,268.418705
1.000000,0.157748,0.042752,-0.007293,0.090097,-0.000011,0.995933,550.000000,428.653650
1.000000,0.935069,0.037341,-0.160933,0.295575,0.000014,0.955320,550.000000,226.284524
1.000000,0.510868,0.001372,-0.056477,0.183458,0.000000,0.983028,550.000000,339.536812
1.000000,0.729877,0.020081,-0.103725,0.241334,0.000007,0.970442,550.000000,281.951544
1.000000,0.972102,0.009071,-0.172599,0.305363,0.000015,0.952236,550.000000,216.057653
1.000000,0.332821,0.067881,-0.027251,0.136377,-0.000005,0.990657,550.000000,385.049898
1.000000,0.228942,0.060311,-0.014413,0.108917,-0.000009,0.994051,550.000000,411.056208
1.000000,0.561093,0.067389,-0.065827,0.196719,0.000002,0.980460,550.000000,326.503747
1.000000,0.526563,0.072041,-0.059066,0.187591,0.000001,0.982247,550.000000,335.484660
1.000000,0.471514,0.085458,-0.048974,0.173040,-0.000001,0.984915,550.000000,349.709390
1.000000,0.652458,0.099377,-0.087036,0.220968,0.000005,0.975281,550.000000,302.424260
1.000000,0.082276,0.044447,-0.001226,0.070147,-0.000013,0.997537,550.000000,447.108047
1.000000,0.009369,0.051435,0.003194,0.050875,-0.000016,0.998705,550.000000,464.740790
1.000000,0.007438,0.088601,0.003292,0.050366,-0.000016,0.998731,550.000000,465.204140
1.000000,0.028272,0.069429,0.002184,0.055872,-0.000015,0.998438,550.000000,460.186777
1.000000,0.042686,0.000958,-0.000695,0.059713,-0.000015,0.998216,550.000000,456.678418
1.000000,0.043585,0.021350,0.001295,0.059919,-0.000015,0.998203,550.000000,456.489996
1.000000,0.857076,0.082712,-0.137719,0.274960,0.000011,0.961456,550.000000,247.640011
1.000000,0.398411,0.032013,-0.036867,0.153714,-0.000003,0.988115,550.000000,368.426893
1.000000,0.375007,0.089405,-0.033301,0.147529,-0.000004,0.989058,550.000000,374.375057
1.000000,0.310394,0.022352,-0.024233,0.130447,-0.000006,0.991455,550.000000,390.699220
1.000000,0.127796,0.047528,-0.004703,0.082180,-0.000012,0.996618,550.000000,436.001983
1.000000,0.584828,0.083826,-0.070668,0.202993,0.000003,0.979180,550.000000,320.303976
1.000000,0.665377,0.028400,-0.088284,0.224284,0.000005,0.974524,550.000000,299.106483
1.000000,0.641671,0.039514,-0.082908,0.218018,0.000004,0.975945,550.000000,305.370915
1.000000,0.326554,0.051462,-0.026394,0.134720,-0.000006,0.990884,550.000000,386.630470
1.000000,0.262689,0.075724,-0.018264,0.117838,-0.000008,0.993033,550.000000,402.650419
1.000000,0.744484,0.030069,-0.107389,0.245195,0.000008,0.969474,550.000000,278.043677
1.000000,0.699174,0.021996,-0.096226,0.233218,0.000006,0.972425,550.000000,290.137846
1.000000,0.232415,0.008044,-0.014796,0.109834,-0.000009,0.993950,550.000000,410.194515
1.000000,0.860318,0.092614,-0.138648,0.275817,0.000012,0.961210,550.000000,246.756933
1.000000,0.306697,0.015702,-0.023748,0.129470,-0.000006,0.991583,550.000000,391.628578
1.000000,0.710567,0.000489,-0.100869,0.236344,0.000007,0.971670,550.000000,286.989216
1.000000,0.173851,0.070163,-0.008784,0.094355,-0.000010,0.995539,550.000000,424.688626
1.000000,0.046997,0.067269,0.001089,0.060822,-0.000014,0.998149,550.000000,455.663519
1.000000,0.026115,0.025270,0.002303,0.055301,-0.000015,0.998470,550.000000,460.708164
1.000000,0.088280,0.080893,-0.001653,0.071735,-0.000013,0.997424,550.000000,445.646320
1.000000,0.069509,0.089600,-0.000350,0.066774,-0.000014,0.997768,550.000000,450.208269
1.000000,0.121877,0.074339,-0.004220,0.080616,-0.000012,0.996745,550.000000,437.449616
1.000000,0.962688,0.068394,-0.169595,0.302876,0.000015,0.953030,550.000000,218.661152
1.000000,0.415898,0.038265,-0.039629,0.158337,-0.000003,0.987385,550.000000,363.967625
1.000000,0.137707,0.070196,-0.005533,0.084801,-0.000012,0.996398,550.000000,433.573190
1.000000,0.613812,0.066760,-0.076795,0.210654,0.000004,0.977561,550.000000,312.705003
1.000000,0.978146,0.001034,-0.171005,0.306688,0.000015,0.951810,550.000000,214.669473
1.000000,0.659439,0.061658,-0.086923,0.222715,0.000005,0.974884,550.000000,300.676922
1.000000,0.077296,0.021673,-0.000880,0.068830,-0.000014,0.997628,550.000000,448.319221
1.000000,0.968708,0.009884,-0.171513,0.304466,0.000015,0.952523,550.000000,216.997259
1.000000,0.194429,0.011233,-0.010792,0.099793,-0.000010,0.995008,550.000000,419.610962
1.000000,0.604164,0.001619,-0.076075,0.208175,0.000003,0.978092,550.000000,315.168206
1.000000,0.877588,0.073356,-0.143648,0.280381,0.000012,0.959889,550.000000,242.047326
1.000000,0.384625,0.036990,-0.034749,0.150070,-0.000004,0.988675,550.000000,371.933851
1.000000,0.343527,0.040958,-0.028741,0.139206,-0.000005,0.990263,550.000000,382.348061
1.000000,0.887358,0.059489,-0.146516,0.282964,0.000012,0.959131,550.000000,239.377796
1.000000,0.202455,0.026064,-0.011605,0.101915,-0.000010,0.994793,550.000000,417.625297
1.000000,0.240732,0.038340,-0.015724,0.112033,-0.000008,0.993704,550.000000,408.125117
1.000000,0.870371,0.099781,-0.141793,0.278492,0.000012,0.960439,550.000000,243.998466
1.000000,0.597107,0.059863,-0.073235,0.206239,0.000003,0.978502,550.000000,317.088922
1.000000,0.002819,0.036654,0.003522,0.049143,-0.000016,0.998792,550.000000,466.315944
1.000000,0.150901,0.049921,-0.006680,0.088288,-0.000011,0.996095,550.000000,430.336193
1.000000,0.491132,0.028567,-0.052474,0.178224,-0.000000,0.983990,550.000000,344.654821
1.000000,0.740400,0.051101,-0.106358,0.244116,0.000008,0.969746,550.000000,279.136474
1.000000,0.304933,0.016994,-0.023518,0.129003,-0.000006,0.991644,550.000000,392.071895
1.000000,0.290463,0.023089,-0.021664,0.125179,-0.000007,0.992134,550.000000,395.703033
1.000000,0.460024,0.074447,-0.046973,0.170002,-0.000001,0.985444,550.000000,352.664666
1.000000,0.822565,0.094032,-0.128026,0.265837,0.000010,0.964018,550.000000,257.011690
1.000000,0.015303,0.050468,0.002887,0.052443,-0.000015,0.998624,550.000000,463.312884
1.000000,0.618707,0.024021,-0.077853,0.211947,0.000004,0.977281,550.000000,311.419587
1.000000,0.940277,0.098896,-0.160643,0.296811,0.000014,0.954936,550.000000,224.996410
1.000000,0.818343,0.062999,-0.126864,0.264720,0.000010,0.964325,550.000000,258.156194
1.000000,0.138718,0.063412,-0.005620,0.085068,-0.000012,0.996375,550.000000,433.325695
1.000000,0.031396,0.056723,0.002007,0.056698,-0.000015,0.998391,550.000000,459.433438
1.000000,0.778980,0.032095,-0.116286,0.254314,0.000009,0.967122,550.000000,268.782228
1.000000,0.279345,0.021734,-0.020278,0.122240,-0.000007,0.992501,550.000000,398.488059
1.000000,0.509580,0.073234,-0.055862,0.183102,0.000000,0.983094,550.000000,339.885276
1.000000,0.294008,0.099089,-0.020701,0.126072,-0.000007,0.992021,550.000000,394.856051
1.000000,0.812670,0.034297,-0.125312,0.263220,0.000010,0.964736,550.000000,259.691999
1.000000,0.426727,0.063653,-0.041382,0.161200,-0.000002,0.986922,550.000000,361.200024
1.000000,0.849542,0.038125,-0.135573,0.272967,0.000011,0.962023,550.000000,249.691411
1.000000,0.982410,0.050039,-0.172140,0.307797,0.000015,0.951452,550.000000,213.506635
1.000000,0.604266,0.086639,-0.074751,0.208132,0.000003,0.978101,550.000000,315.210728
1.000000,0.229835,0.084356,-0.014511,0.109154,-0.000009,0.994025,550.000000,410.833553
1.000000,0.846124,0.067548,-0.134605,0.272064,0.000011,0.962279,550.000000,250.619784
1.000000,0.355209,0.005090,-0.030402,0.142293,-0.000005,0.989825,550.000000,379.395194
1.000000,0.482015,0.098214,-0.050882,0.175818,-0.000001,0.984423,550.000000,347.002026
1.000000,0.551952,0.060796,-0.064004,0.194302,0.000002,0.980942,550.000000,328.885931
1.000000,0.233747,0.055346,-0.014942,0.110187,-0.000009,0.993911,550.000000,409.862132
1.000000,0.816691,0.010818,-0.126411,0.264282,0.000010,0.964445,550.000000,258.604938
1.000000,0.723956,0.040565,-0.102258,0.239769,0.000007,0.970830,550.000000,283.532468
1.000000,0.982112,0.060308,-0.172659,0.307766,0.000015,0.951462,550.000000,213.538951
1.000000,0.666507,0.018502,-0.088544,0.224582,0.000005,0.974455,550.000000,298.807736
1.000000,0.629641,0.027778,-0.080241,0.214838,0.000004,0.976650,550.000000,308.542221
1.000000,0.351663,0.010047,-0.029894,0.141356,-0.000005,0.989959,550.000000,380.292234
1.000000,0.116047,0.063784,-0.003753,0.079075,-0.000012,0.996869,550.000000,438.875260
1.000000,0.497454,0.063162,-0.053624,0.179896,-0.000000,0.983686,550.000000,343.021169
1.000000,0.113793,0.081951,-0.003574,0.078479,-0.000012,0.996916,550.000000,439.425420
1.000000,0.205817,0.039153,-0.011951,0.102804,-0.000009,0.994702,550.000000,416.792673
1.000000,0.366668,0.091657,-0.032067,0.145325,-0.000004,0.989384,550.000000,376.490221
1.000000,0.716284,0.008732,-0.100371,0.237740,0.000007,0.971329,550.000000,285.580714
1.000000,0.095895,0.051482,-0.002209,0.073747,-0.000013,0.997277,550.000000,443.792915
1.000000,0.350100,0.073412,-0.029671,0.140945,-0.000005,0.990017,550.000000,380.685717
1.000000,0.213676,0.047929,-0.012772,0.104882,-0.000009,0.994485,550.000000,414.845331
1.000000,0.608585,0.033010,-0.075672,0.209272,0.000003,0.977858,550.000000,314.078936
1.000000,0.258933,0.000756,-0.016413,0.116800,-0.000008,0.993155,550.000000,403.630873
1.000000,0.207190,0.071118,-0.012093,0.103168,-0.000009,0.994664,550.000000,416.451885
1.000000,0.100102,0.023456,-0.002522,0.074859,-0.000013,0.997194,550.000000,442.768374
1.000000,0.239590,0.040857,-0.015595,0.111732,-0.000008,0.993738,550.000000,408.409067
1.000000,0.330793,0.006712,-0.026973,0.135839,-0.000006,0.990731,550.000000,385.563209
1.000000,0.959115,0.020844,-0.168461,0.301931,0.000015,0.953330,550.000000,219.650448
1.000000,0.715765,0.095617,-0.100245,0.237606,0.000007,0.971362,550.000000,285.716472
1.000000,0.226671,0.064899,-0.014165,0.108317,-0.000009,0.994116,550.000000,411.620325
1.000000,0.508831,0.071610,-0.055723,0.182904,0.000000,0.983131,550.000000,340.079373
1.000000,0.408812,0.029930,-0.038500,0.156463,-0.000003,0.987684,550.000000,365.776156
1.000000,0.440800,0.040114,-0.043708,0.164919,-0.000002,0.986307,550.000000,357.598388
1.000000,0.039082,0.071549,0.001563,0.058730,-0.000015,0.998274,550.000000,457.577045
1.000000,0.982134,0.039513,-0.172621,0.307767,0.000015,0.951462,550.000000,213.537152
1.000000,-0.000907,0.083819,-0.001570,0.048227,-0.000016,0.998836,550.000000,467.148736
1.000000,0.579063,0.039361,-0.069478,0.201468,0.000002,0.979495,550.000000,321.812934
1.000000,0.942635,0.074532,-0.163283,0.297576,0.000014,0.954698,550.000000,224.198368
1.000000,0.481401,0.038180,-0.050724,0.175652,-0.000001,0.984452,550.000000,347.164340
1.000000,0.525821,0.080063,-0.058924,0.187395,0.000001,0.982285,550.000000,335.676932
1.000000,0.618311,0.055489,-0.077767,0.211843,0.000004,0.977304,550.000000,311.522808
1.000000,0.362057,0.090490,-0.031392,0.144106,-0.000005,0.989562,550.000000,377.658796
1.000000,0.689595,0.043357,-0.093942,0.230686,0.000006,0.973028,550.000000,292.683806
1.000000,0.209799,0.046943,-0.012365,0.103857,-0.000009,0.994592,550.000000,415.806150
1.000000,0.437145,0.014343,-0.043099,0.163952,-0.000002,0.986468,550.000000,358.535512
1.000000,0.207101,0.071719,-0.012084,0.103144,-0.000009,0.994666,550.000000,416.473872
1.000000,0.708645,0.001473,-0.100401,0.235835,0.000007,0.971793,550.000000,287.501592
1.000000,0.218562,0.056222,-0.013290,0.106173,-0.000009,0.994348,550.000000,413.633302
1.000000,0.169451,0.031160,-0.008370,0.093191,-0.000011,0.995648,550.000000,425.773990
1.000000,0.489596,0.044375,-0.052196,0.177818,-0.000000,0.984063,550.000000,345.050815
1.000000,0.821477,0.045003,-0.127726,0.265548,0.000010,0.964098,550.000000,257.308113
1.000000,0.842273,0.078887,-0.133518,0.271046,0.000011,0.962566,550.000000,251.665953
1.000000,0.303632,0.085435,-0.023349,0.128662,-0.000006,0.991689,550.000000,392.396551
1.000000,0.436779,0.060898,-0.043038,0.163857,-0.000002,0.986484,550.000000,358.627841
1.000000,0.751495,0.047777,-0.109169,0.247049,0.000008,0.969003,550.000000,276.164581
1.000000,0.805422,0.041283,-0.123342,0.261304,0.000010,0.965257,550.000000,261.651309
1.000000,0.748036,0.082750,-0.108289,0.246136,0.000008,0.969235,550.000000,277.090608
1.000000,0.847198,0.059218,-0.134908,0.272348,0.000011,0.962199,550.000000,250.328158
1.000000,0.065781,0.037485,-0.000103,0.065787,-0.000014,0.997834,550.000000,451.114398
1.000000,0.374127,0.081071,-0.033170,0.147296,-0.000004,0.989092,550.000000,374.598695
1.000000,0.563867,0.057447,-0.066384,0.197452,0.000002,0.980313,550.000000,325.780628
1.000000,0.629630,0.009854,-0.080239,0.214834,0.000004,0.976651,550.000000,308.545720
1.000000,0.028931,0.051096,0.002147,0.056046,-0.000015,0.998428,550.000000,460.028401
1.000000,0.154529,0.046610,-0.007003,0.089247,-0.000011,0.996010,550.000000,429.444800
1.000000,0.887755,0.035728,-0.146632,0.283068,0.000012,0.959100,550.000000,239.270013
1.000000,0.867781,0.095803,-0.140798,0.277790,0.000012,0.960642,550.000000,244.722776
1.000000,0.046908,0.006726,0.001094,0.060797,-0.000014,0.998150,550.000000,455.686884
1.000000,0.454782,0.010535,-0.046073,0.168615,-0.000002,0.985682,550.000000,354.012884
1.000000,0.907092,0.011780,-0.152395,0.288179,0.000013,0.957577,550.000000,233.974695
1.000000,0.604672,0.074872,-0.074837,0.208239,0.000003,0.978078,550.000000,315.104606
1.000000,0.755528,0.081929,-0.110200,0.248116,0.000008,0.968730,550.000000,275.082247
1.000000,0.871760,0.088080,-0.141951,0.278841,0.000012,0.960337,550.000000,243.637620
1.000000,0.203850,0.088212,-0.011748,0.102285,-0.000010,0.994755,550.000000,417.278319
1.000000,0.885719,0.001693,-0.145895,0.282519,0.000012,0.959262,550.000000,239.838019
1.000000,0.813168,0.028457,-0.125447,0.263351,0.000010,0.964700,550.000000,259.557639
1.000000,0.013732,0.005968,0.002968,0.052027,-0.000016,0.998646,550.000000,463.692126
1.000000,0.010270,0.020558,0.003147,0.051112,-0.000016,0.998693,550.000000,464.524805
1.000000,0.982342,0.091751,-0.172308,0.307795,0.000015,0.951453,550.000000,213.508669
1.000000,0.277385,0.082409,-0.020037,0.121723,-0.000007,0.992564,550.000000,398.976903
1.000000,0.106945,0.041925,-0.003042,0.076668,-0.000013,0.997057,550.000000,441.098482
1.000000,0.497256,0.007418,-0.053588,0.179842,-0.000000,0.983695,550.000000,343.073949
1.000000,0.459700,0.089951,-0.046917,0.169917,-0.000001,0.985458,550.000000,352.747419
1.000000,0.160732,0.086299,-0.007564,0.090887,-0.000011,0.995861,550.000000,427.918527
1.000000,0.879780,0.050555,-0.144288,0.280960,0.000012,0.959719,550.000000,241.449425
1.000000,0.250314,0.004687,-0.016817,0.114565,-0.000008,0.993416,550.000000,405.739402
1.000000,0.589122,0.053036,-0.071561,0.204127,0.000003,0.978944,550.000000,319.181055
1.000000,0.511153,0.012658,-0.056156,0.183516,0.000000,0.983017,550.000000,339.480034
1.000000,0.022026,0.040695,0.002528,0.054220,-0.000015,0.998529,550.000000,461.693609
1.000000,0.838558,0.074733,-0.132474,0.270064,0.000011,0.962842,550.000000,252.675039
1.000000,0.317231,0.085315,-0.025138,0.132256,-0.000006,0.991216,550.000000,388.977515
1.000000,0.265629,0.034767,-0.018614,0.118614,-0.000008,0.992940,550.000000,401.917344
1.000000,0.277087,0.027878,-0.020001,0.121643,-0.000007,0.992574,550.000000,399.053046
1.000000,0.237457,0.042671,-0.015356,0.111168,-0.000008,0.993802,550.000000,408.939824
1.000000,0.111022,0.077810,-0.003357,0.077747,-0.000012,0.996973,550.000000,440.102335
1.000000,0.156477,0.066884,-0.007178,0.089762,-0.000011,0.995963,550.000000,428.965311
1.000000,0.673968,0.072779,-0.090272,0.226556,0.000005,0.973998,550.000000,296.829617
1.000000,0.704310,0.032702,-0.097461,0.234576,0.000006,0.972098,550.000000,288.770675
1.000000,0.469789,0.047603,-0.048671,0.172583,-0.000001,0.984995,550.000000,350.154575
1.000000,0.879958,0.023914,-0.144340,0.281006,0.000012,0.959706,550.000000,241.401698
1.000000,0.468963,0.072206,-0.048526,0.172365,-0.000001,0.985033,550.000000,350.366305
1.000000,0.434173,0.057995,-0.042606,0.163168,-0.000002,0.986598,550.000000,359.295002
1.000000,0.025290,0.005016,0.002348,0.055082,-0.000015,0.998482,550.000000,460.907784
1.000000,0.368200,0.059925,-0.032292,0.145729,-0.000004,0.989325,550.000000,376.102691
1.000000,0.776644,0.051595,-0.115673,0.253697,0.000009,0.967284,550.000000,269.410399
1.000000,0.503700,0.069335,-0.054772,0.181548,-0.000000,0.983382,550.000000,341.406507
1.000000,0.177393,0.073886,-0.009122,0.095291,-0.000010,0.995449,550.000000,423.815534
1.000000,0.197448,0.039044,-0.011096,0.100592,-0.000010,0.994928,550.000000,418.863668
1.000000,0.403530,0.077059,-0.037667,0.155069,-0.000003,0.987904,550.000000,367.121388
1.000000,0.434013,0.007336,-0.042579,0.163124,-0.000002,0.986606,550.000000,359.337638
1.000000,0.422691,0.061383,-0.040725,0.160133,-0.000003,0.987095,550.000000,362.231777
1.000000,0.685867,0.064131,-0.093060,0.229701,0.000006,0.973261,550.000000,293.673156
1.000000,0.658237,0.052200,-0.086648,0.222397,0.000005,0.974956,550.000000,300.995048
1.000000,0.045018,0.017509,0.001209,0.060297,-0.000015,0.998180,550.000000,456.143724
1.000000,0.808277,0.005791,-0.124116,0.262058,0.000010,0.965052,550.000000,260.880743
1.000000,0.121077,0.094879,-0.004155,0.080405,-0.000012,0.996762,550.000000,437.644687
1.000000,0.816703,0.080765,-0.126415,0.264287,0.000010,0.964444,550.000000,258.599337
1.000000,0.077627,0.063328,-0.000902,0.068919,-0.000014,0.997622,550.000000,448.237485
1.000000,0.004448,0.011308,0.003441,0.049573,-0.000016,0.998771,550.000000,465.925246
1.000000,0.234363,0.080548,-0.015011,0.110351,-0.000009,0.993893,550.000000,409.708164
1.000000,0.477613,0.042734,-0.050050,0.174651,-0.000001,0.984630,550.000000,348.140337
1.000000,0.836183,0.045464,-0.131808,0.269436,0.000011,0.963018,550.000000,253.320770
1.000000,0.961387,0.067879,-0.169182,0.302533,0.000015,0.953139,550.000000,219.020937
1.000000,0.798205,0.039731,-0.121396,0.259396,0.000009,0.965771,550.000000,263.600382
1.000000,0.827370,0.093669,-0.129355,0.267107,0.000010,0.963667,550.000000,255.709646
1.000000,0.362144,0.087666,-0.031405,0.144129,-0.000005,0.989559,550.000000,377.636874
1.000000,0.344339,0.037427,-0.028855,0.139421,-0.000005,0.990233,550.000000,382.142878
1.000000,0.145355,0.094715,-0.006192,0.086823,-0.000011,0.996224,550.000000,431.696592
1.000000,0.039428,0.086907,0.001543,0.058822,-0.000015,0.998268,550.000000,457.492994
1.000000,0.377607,0.057167,-0.033690,0.148215,-0.000004,0.988955,550.000000,373.716132
1.000000,0.341328,0.007602,-0.028433,0.138624,-0.000005,0.990345,550.000000,382.904338
1.000000,0.298362,0.062994,-0.022669,0.127268,-0.000007,0.991868,550.000000,393.720568
1.000000,0.662612,0.078809,-0.087649,0.223555,0.000005,0.974691,550.000000,299.836892
1.000000,0.406594,0.031485,-0.038149,0.155877,-0.000003,0.987776,550.000000,366.341650
1.000000,0.152289,0.022975,-0.006803,0.088654,-0.000011,0.996063,550.000000,429.995990
1.000000,0.690193,0.059071,-0.094083,0.230845,0.000006,0.972991,550.000000,292.524447
1.000000,0.810082,0.067326,-0.124607,0.262537,0.000010,0.964922,550.000000,260.390851
1.000000,0.349983,0.000332,-0.028468,0.140868,-0.000005,0.990028,550.000000,380.759095
1.000000,0.186335,0.039714,-0.009989,0.097654,-0.000010,0.995220,550.000000,421.609930
1.000000,0.108156,0.016294,-0.003136,0.076987,-0.000013,0.997032,550.000000,440.803668
1.000000,0.325294,0.061235,-0.026223,0.134387,-0.000006,0.990929,550.000000,386.947680
1.000000,0.481867,0.059626,-0.050807,0.175776,-0.000001,0.984430,550.000000,347.043667
1.000000,0.533098,0.069688,-0.060320,0.189319,0.000001,0.981916,550.000000,333.788418
1.000000,0.231682,0.071245,-0.014714,0.109642,-0.000009,0.993971,550.000000,410.374890
1.000000,0.323075,0.098529,-0.024596,0.133755,-0.000006,0.991014,550.000000,387.550022
1.000000,0.773719,0.099942,-0.116596,0.253035,0.000009,0.967457,550.000000,270.084528
1.000000,0.415075,0.044249,-0.039498,0.158119,-0.000003,0.987420,550.000000,364.177621
1.000000,0.529257,0.034084,-0.059581,0.188302,0.000001,0.982111,550.000000,334.786910
1.000000,0.252837,0.059307,-0.017108,0.115234,-0.000008,0.993338,550.000000,405.108998
1.000000,0.577834,0.066877,-0.069225,0.201144,0.000002,0.979562,550.000000,322.133471
1.000000,0.152283,0.089315,-0.006802,0.088654,-0.000011,0.996062,550.000000,429.995389
1.000000,0.875977,0.039319,-0.143177,0.279954,0.000012,0.960013,550.000000,242.488394
1.000000,0.850310,0.099641,-0.136469,0.273219,0.000011,0.961952,550.000000,249.432119
1.000000,0.398061,0.046193,-0.036813,0.153622,-0.000003,0.988130,550.000000,368.515632
1.000000,0.416010,0.001298,-0.038995,0.158338,-0.000003,0.987385,550.000000,363.966221
1.000000,0.389536,0.009588,-0.035497,0.151367,-0.000004,0.988478,550.000000,370.686268
1.000000,0.219183,0.045592,-0.013357,0.106337,-0.000009,0.994330,550.000000,413.479530
1.000000,0.402019,0.055095,-0.037430,0.154669,-0.000003,0.987966,550.000000,367.507098
1.000000,0.493159,0.027952,-0.052841,0.178760,-0.000000,0.983893,550.000000,344.131535
1.000000,0.088895,0.059396,-0.001697,0.071897,-0.000013,0.997412,550.000000,445.497318
1.000000,0.739437,0.056008,-0.106116,0.243862,0.000008,0.969810,550.000000,279.394067
1.000000,0.493385,0.038412,-0.052882,0.178820,-0.000000,0.983882,550.000000,344.072837
1.000000,0.233289,0.086127,-0.014891,0.110067,-0.000009,0.993924,550.000000,409.975153
1.000000,0.161948,0.017951,-0.007676,0.091207,-0.000011,0.995832,550.000000,427.621198
1.000000,0.822115,0.022602,-0.127901,0.265716,0.000010,0.964051,550.000000,257.136006
1.000000,0.648750,0.089189,-0.084497,0.219891,0.000005,0.975524,550.000000,303.500868
1.000000,0.281248,0.036683,-0.020513,0.122743,-0.000007,0.992438,550.000000,398.011176
1.000000,0.647200,0.078055,-0.084148,0.219481,0.000005,0.975617,550.000000,303.910507
1.000000,0.438972,0.079069,-0.043403,0.164437,-0.000002,0.986388,550.000000,358.065627
1.000000,0.331434,0.010801,-0.027061,0.136009,-0.000006,0.990708,550.000000,385.401279
1.000000,0.745123,0.070609,-0.107550,0.245365,0.000008,0.969431,550.000000,277.871343
1.000000,0.978354,0.053617,-0.174611,0.307017,0.000015,0.951704,550.000000,214.323854
1.000000,0.805325,0.037355,-0.123316,0.261278,0.000010,0.965264,550.000000,261.677517
1.000000,0.561857,0.001773,-0.066915,0.196966,0.000002,0.980410,550.000000,326.259532
1.000000,0.233534,0.070330,-0.014919,0.110132,-0.000009,0.993917,550.000000,409.914531
1.000000,0.203787,0.057292,-0.011742,0.102268,-0.000010,0.994757,550.000000,417.294823
1.000000,0.981707,0.075757,-0.173378,0.307725,0.000015,0.951475,550.000000,213.581848
1.000000,0.319037,0.057941,-0.025380,0.132733,-0.000006,0.991152,550.000000,388.523623
1.000000,0.311728,0.052064,-0.024408,0.130801,-0.000006,0.991409,550.000000,390.362740
1.000000,0.406813,0.025044,-0.038184,0.155935,-0.000003,0.987767,550.000000,366.286050
1.000000,0.899966,0.072550,-0.150259,0.286297,0.000013,0.958141,550.000000,235.926185
1.000000,0.547102,0.048494,-0.063047,0.193020,0.000001,0.981195,550.000000,330.148720
1.000000,0.686291,0.047188,-0.093160,0.229813,0.000006,0.973235,550.000000,293.560985
1.000000,0.768337,0.043094,-0.113504,0.251501,0.000009,0.967857,550.000000,271.644332
1.000000,0.189423,0.001179,-0.009309,0.098444,-0.000010,0.995143,550.000000,420.872309
1.000000,0.733720,0.090561,-0.104683,0.242352,0.000007,0.970188,550.000000,280.921994
1.000000,0.452503,0.029169,-0.045684,0.168013,-0.000002,0.985785,550.000000,354.597385
1.000000,0.622677,0.038832,-0.078717,0.212997,0.000004,0.977053,550.000000,310.374926
1.000000,0.067429,0.070480,-0.000211,0.066223,-0.000014,0.997805,550.000000,450.713604
1.000000,0.497784,0.083105,-0.053685,0.179984,-0.000000,0.983670,550.000000,342.935230
1.000000,0.804443,0.072949,-0.123077,0.261046,0.000010,0.965326,550.000000,261.914936
1.000000,0.183370,0.046194,-0.009699,0.096871,-0.000010,0.995297,550.000000,422.341580
1.000000,0.731383,0.043705,-0.104100,0.241732,0.000007,0.970343,550.000000,281.548384
1.000000,0.441613,0.096078,-0.043844,0.165136,-0.000002,0.986271,550.000000,357.388332
1.000000,0.241756,0.088908,-0.015839,0.112306,-0.000008,0.993674,550.000000,407.868554
1.000000,0.132191,0.015734,-0.005069,0.083341,-0.000012,0.996521,550.000000,434.926507
1.000000,0.447923,0.036721,-0.044906,0.166802,-0.000002,0.985990,550.000000,355.772411
1.000000,0.983228,0.034896,-0.170729,0.307883,0.000015,0.951424,550.000000,213.416376
1.000000,0.447755,0.001080,-0.044549,0.166743,-0.000002,0.986000,550.000000,355.830317
1.000000,0.196348,0.017924,-0.010985,0.100300,-0.000010,0.994957,550.000000,419.136400
1.000000,0.909379,0.054880,-0.153085,0.288784,0.000013,0.957394,550.000000,233.345998
1.000000,0.338328,0.063230,-0.028014,0.137833,-0.000005,0.990456,550.000000,383.660207
1.000000,0.074171,0.012464,-0.000665,0.068004,-0.000014,0.997685,550.000000,449.078506
1.000000,0.233081,0.069164,-0.014869,0.110012,-0.000009,0.993930,550.000000,410.027331
1.000000,0.359865,0.066233,-0.031074,0.143526,-0.000005,0.989647,550.000000,378.214729
1.000000,0.903829,0.027458,-0.151415,0.287316,0.000013,0.957836,550.000000,234.869040
1.000000,0.479533,0.049959,-0.050392,0.175159,-0.000001,0.984540,550.000000,347.645312
1.000000,0.170905,0.062607,-0.008506,0.093576,-0.000011,0.995612,550.000000,425.414858
1.000000,0.627137,0.065680,-0.079692,0.214177,0.000004,0.976795,550.000000,309.200561
1.000000,0.190523,0.058008,-0.010402,0.098762,-0.000010,0.995111,550.000000,420.575063
1.000000,0.209420,0.095815,-0.012325,0.103758,-0.000009,0.994603,550.000000,415.898777
1.000000,0.558342,0.076550,-0.065276,0.195992,0.000002,0.980606,550.000000,327.220719
1.000000,0.866175,0.063963,-0.140333,0.277364,0.000012,0.960765,550.000000,245.161801
1.000000,0.456284,0.060034,-0.046330,0.169013,-0.000002,0.985614,550.000000,353.625756
1.000000,0.055662,0.079590,0.000552,0.063113,-0.000014,0.998006,550.000000,453.565840
1.000000,0.031831,0.030137,0.001982,0.056812,-0.000015,0.998385,550.000000,459.329105
1.000000,0.115511,0.038622,-0.003711,0.078932,-0.000012,0.996880,550.000000,439.006939
1.000000,0.332328,0.077738,-0.027183,0.136247,-0.000005,0.990675,550.000000,385.174019
1.000000,0.832624,0.024269,-0.130814,0.268494,0.000011,0.963281,550.000000,254.287210
1.000000,0.498715,0.051898,-0.053855,0.180229,-0.000000,0.983625,550.000000,342.695732
1.000000,0.586513,0.098244,-0.072201,0.203501,0.000003,0.979075,550.000000,319.800887
1.000000,0.102113,0.009527,-0.002674,0.075390,-0.000013,0.997154,550.000000,442.278357
1.000000,0.488336,0.013649,-0.051968,0.177484,-0.000001,0.984124,550.000000,345.376627
1.000000,0.897843,0.003694,-0.149625,0.285733,0.000013,0.958309,550.000000,236.509953
1.000000,0.475629,0.029300,-0.049699,0.174126,-0.000001,0.984723,550.000000,348.651863
1.000000,0.633358,0.093319,-0.081061,0.215822,0.000004,0.976433,550.000000,307.561262
1.000000,0.718409,0.052530,-0.100892,0.238303,0.000007,0.971191,550.000000,285.012524
1.000000,0.390176,0.016788,-0.035595,0.151537,-0.000004,0.988452,550.000000,370.523204
1.000000,0.616102,0.074912,-0.077289,0.211260,0.000004,0.977430,550.000000,312.102927
1.000000,0.416931,0.016654,-0.039795,0.158609,-0.000003,0.987341,550.000000,363.704632
1.000000,0.911131,0.013109,-0.153613,0.289246,0.000013,0.957255,550.000000,232.866415
1.000000,0.101674,0.081282,-0.002640,0.075276,-0.000013,0.997163,550.000000,442.383460
1.000000,0.799008,0.008194,-0.121611,0.259607,0.000010,0.965714,550.000000,263.384550
1.000000,0.618615,0.058824,-0.077833,0.211924,0.000004,0.977286,550.000000,311.442641
1.000000,0.466540,0.093712,-0.048103,0.171725,-0.000001,0.985145,550.000000,350.989096
1.000000,0.512451,0.039888,-0.056398,0.183860,0.000000,0.982952,550.000000,339.143074
1.000000,0.268178,0.047612,-0.018919,0.119289,-0.000008,0.992860,550.000000,401.280031
1.000000,0.310718,0.068750,-0.024275,0.130534,-0.000006,0.991444,550.000000,390.616293
1.000000,0.751674,0.012147,-0.109214,0.247095,0.000008,0.968991,550.000000,276.117685
1.000000,0.639418,0.010352,-0.082406,0.217421,0.000004,0.976078,550.000000,305.966255
1.000000,0.610997,0.026141,-0.076190,0.209909,0.000003,0.977721,550.000000,313.445627
1.000000,0.349330,0.001515,-0.028371,0.140695,-0.000005,0.990053,550.000000,380.924281
1.000000,0.599054,0.037007,-0.073646,0.206752,0.000003,0.978393,550.000000,316.579290
1.000000,0.818666,0.085898,-0.126953,0.264806,0.000010,0.964302,550.000000,258.067865
1.000000,0.223091,0.024529,-0.013777,0.107370,-0.000009,0.994219,550.000000,412.510347
1.000000,-0.000000,-0.000000,-0.000000,0.048444,-0.000016,0.998826,550.000000,466.951838
1.000000,0.112410,0.090842,-0.003466,0.078114,-0.000012,0.996944,550.000000,439.763039
1.000000,0.212967,0.033108,-0.012697,0.104694,-0.000009,0.994505,550.000000,415.021398
1.000000,0.167292,0.019691,-0.008169,0.092619,-0.000011,0.995702,550.000000,426.306014
1.000000,0.167210,0.099035,-0.007439,0.092583,-0.000011,0.995705,550.000000,426.340117
1.000000,0.069174,0.033096,-0.000328,0.066683,-0.000014,0.997774,550.000000,450.291206
1.000000,0.198847,0.025935,-0.011237,0.100961,-0.000010,0.994890,550.000000,418.518194
1.000000,0.982515,0.060796,-0.171961,0.307808,0.000015,0.951448,550.000000,213.494403
1.000000,0.983136,0.017009,-0.170914,0.307874,0.000015,0.951427,550.000000,213.425040
1.000000,0.581650,0.012135,-0.070011,0.202151,0.000002,0.979354,550.000000,321.137350
1.000000,0.349712,0.058070,-0.029616,0.140842,-0.000005,0.990032,550.000000,380.784189
1.000000,0.104970,0.064223,-0.002890,0.076147,-0.000013,0.997097,550.000000,441.579959
1.000000,0.766555,0.042200,-0.113042,0.251030,0.000008,0.967979,550.000000,272.123140
1.000000,0.605959,0.080806,-0.075112,0.208579,0.000003,0.978006,550.000000,314.766697
1.000000,0.766171,0.064868,-0.112942,0.250929,0.000008,0.968005,550.000000,272.225671
1.000000,0.010747,0.009639,0.003123,0.051238,-0.000016,0.998686,550.000000,464.410385
1.000000,0.428780,0.081350,-0.041718,0.161743,-0.000002,0.986833,550.000000,360.674397
1.000000,0.660139,0.000090,-0.088825,0.222999,0.000005,0.974819,550.000000,300.393430
1.000000,0.207255,0.067174,-0.012100,0.103185,-0.000009,0.994662,550.000000,416.435727
1.000000,0.059649,0.070358,0.000297,0.064167,-0.000014,0.997939,550.000000,452.600264
1.000000,0.359616,0.028636,-0.031038,0.143459,-0.000005,0.989656,550.000000,378.278894
1.000000,0.069943,0.056128,-0.000379,0.066887,-0.000014,0.997761,550.000000,450.104032
1.000000,0.577406,0.064772,-0.069137,0.201031,0.000002,0.979585,550.000000,322.245271
1.000000,0.509658,0.064180,-0.055877,0.183122,0.000000,0.983090,550.000000,339.865492
1.000000,0.000247,0.030293,0.000429,0.048504,-0.000016,0.998823,550.000000,466.896614
1.000000,0.561273,0.001677,-0.066792,0.196812,0.000002,0.980441,550.000000,326.412254
1.000000,0.312463,0.093115,-0.024505,0.130996,-0.000006,0.991383,550.000000,390.176897
1.000000,0.252017,0.056149,-0.017013,0.115017,-0.000008,0.993364,550.000000,405.313478
1.000000,0.146116,0.083013,-0.006258,0.087024,-0.000011,0.996206,550.000000,431.510210
1.000000,0.089809,0.079247,-0.001763,0.072140,-0.000013,0.997395,550.000000,445.274253
1.000000,-0.000835,0.047390,-0.001445,0.048243,-0.000016,0.998836,550.000000,467.133937
1.000000,0.892430,0.099378,-0.147695,0.284282,0.000013,0.958741,550.000000,238.012823
1.000000,0.677498,0.004563,-0.091094,0.227487,0.000006,0.973781,550.000000,295.895730
1.000000,0.942587,0.045098,-0.163268,0.297562,0.000014,0.954702,550.000000,224.212435
1.000000,0.664938,0.099528,-0.089950,0.224272,0.000005,0.974527,550.000000,299.118312
1.000000,0.839549,0.055053,-0.132752,0.270326,0.000011,0.962769,550.000000,252.406627
1.000000,0.081151,0.085775,-0.001147,0.069851,-0.000013,0.997557,550.000000,447.380480
1.000000,0.346284,0.065507,-0.029130,0.139936,-0.000005,0.990161,550.000000,381.650448
1.000000,0.308021,0.098710,-0.022541,0.129775,-0.000006,0.991543,550.000000,391.338118
1.000000,0.889451,0.033432,-0.147133,0.283516,0.000012,0.958968,550.000000,238.806226
1.000000,0.949701,0.099699,-0.163213,0.299272,0.000014,0.954168,550.000000,222.427971
1.000000,0.305264,0.003921,-0.023561,0.129091,-0.000006,0.991633,550.000000,391.988941
1.000000,0.189857,0.070433,-0.010336,0.098586,-0.000010,0.995129,550.000000,420.739220
1.000000,0.710512,0.034760,-0.098964,0.236215,0.000007,0.971701,550.000000,287.118556
1.000000,0.624762,0.042886,-0.079172,0.213548,0.000004,0.976933,550.000000,309.826262
1.000000,0.216213,0.082543,-0.013040,0.105553,-0.000009,0.994414,550.000000,414.215232
1.000000,0.164202,0.063388,-0.007882,0.091804,-0.000011,0.995777,550.000000,427.065395
1.000000,0.090131,0.054371,-0.001787,0.072224,-0.000013,0.997388,550.000000,445.196709
1.000000,0.180525,0.095246,-0.009422,0.096120,-0.000010,0.995370,550.000000,423.042392
1.000000,0.437277,0.084773,-0.043120,0.163989,-0.000002,0.986462,550.000000,358.499627
1.000000,0.538840,0.098634,-0.062119,0.190871,0.000001,0.981615,550.000000,332.262401
1.000000,0.049624,0.044655,0.000928,0.061516,-0.000014,0.998106,550.000000,455.028786
1.000000,0.645371,0.029475,-0.083737,0.218995,0.000005,0.975726,550.000000,304.395075
1.000000,0.959846,0.069513,-0.168693,0.302126,0.000015,0.953268,550.000000,219.446654
1.000000,0.000627,0.085850,0.001085,0.048598,-0.000016,0.998818,550.000000,466.811751
1.000000,0.983105,0.028631,-0.170949,0.307870,0.000015,0.951428,550.000000,213.429574
1.000000,0.317590,0.037397,-0.025186,0.132350,-0.000006,0.991203,550.000000,388.888425
1.000000,0.813089,0.016974,-0.125426,0.263330,0.000010,0.964706,550.000000,259.579423
1.000000,0.732291,0.085279,-0.104327,0.241974,0.000007,0.970283,550.000000,281.304374
1.000000,0.884520,0.093511,-0.145680,0.282214,0.000012,0.959351,550.000000,240.152802
1.000000,0.851572,0.084237,-0.136150,0.273505,0.000011,0.961871,550.000000,249.137794
1.000000,0.765045,0.092590,-0.112651,0.250632,0.000008,0.968082,550.000000,272.527157
1.000000,0.744370,0.070018,-0.107360,0.245166,0.000008,0.969481,550.000000,278.072890
1.000000,0.000510,0.046702,0.000884,0.048568,-0.000016,0.998820,550.000000,466.838385
1.000000,0.935073,0.028596,-0.160935,0.295576,0.000014,0.955319,550.000000,226.283529
1.000000,0.049809,0.016120,0.000916,0.061564,-0.000014,0.998103,550.000000,454.984785
1.000000,0.956147,0.060978,-0.167523,0.301147,0.000015,0.953578,550.000000,220.469417
1.000000,0.180761,0.091954,-0.009445,0.096182,-0.000010,0.995364,550.000000,422.984167
1.000000,0.843392,0.023730,-0.133833,0.271340,0.000011,0.962483,550.000000,251.363808
1.000000,0.150183,0.098891,-0.006138,0.088088,-0.000011,0.996113,550.000000,430.521383
1.000000,0.598848,0.032796,-0.073602,0.206698,0.000003,0.978405,550.000000,316.633480
1.000000,0.540628,0.092878,-0.061779,0.191310,0.000001,0.981530,550.000000,331.831236
1.000000,0.798206,0.054780,-0.121396,0.259397,0.000009,0.965771,550.000000,263.599532
1.000000,0.065686,0.037312,-0.000096,0.065761,-0.000014,0.997835,550.000000,451.137369
1.000000,0.326694,0.072092,-0.026413,0.134758,-0.000006,0.990879,550.000000,386.594463
1.000000,0.363375,0.035953,-0.031585,0.144453,-0.000004,0.989512,550.000000,377.326464
1.000000,0.708478,0.090982,-0.098470,0.235679,0.000007,0.971831,550.000000,287.658853
1.000000,0.027227,0.089146,0.002242,0.055597,-0.000015,0.998453,550.000000,460.438398
1.000000,0.515965,0.083660,-0.057057,0.184790,0.000000,0.982778,550.000000,338.231779
1.000000,0.252558,0.092139,-0.017075,0.115161,-0.000008,0.993347,550.000000,405.177528
1.000000,0.791935,0.064129,-0.119718,0.257739,0.000009,0.966214,550.000000,265.291195
1.000000,0.925649,0.076513,-0.158033,0.293086,0.000014,0.956086,550.000000,228.875738
1.000000,0.536890,0.099697,-0.061719,0.190355,0.000001,0.981715,550.000000,332.770200
1.000000,0.829672,0.060373,-0.129993,0.267715,0.000011,0.963498,550.000000,255.086803
1.000000,0.863772,0.026190,-0.139640,0.276728,0.000012,0.960948,550.000000,245.817904
1.000000,0.408082,0.023928,-0.038385,0.156270,-0.000003,0.987714,550.000000,365.962400
1.000000,0.540635,0.043026,-0.061781,0.191310,0.000001,0.981530,550.000000,331.830918
1.000000,0.419594,0.048412,-0.040224,0.159314,-0.000003,0.987228,550.000000,363.023412
1.000000,0.527450,0.079050,-0.059235,0.187826,0.000001,0.982202,550.000000,335.254472
1.000000,0.876811,0.015596,-0.143420,0.280174,0.000012,0.959949,550.000000,242.261450
1.000000,0.205842,0.037142,-0.011954,0.102810,-0.000009,0.994701,550.000000,416.786628
1.000000,0.574208,0.091791,-0.068482,0.200186,0.000002,0.979758,550.000000,323.080227
1.000000,0.952904,0.073011,-0.166500,0.300290,0.000015,0.953848,550.000000,221.364649
1.000000,0.698227,0.007330,-0.095999,0.232967,0.000006,0.972485,550.000000,290.390310
1.000000,0.144252,0.095372,-0.006096,0.086531,-0.000011,0.996249,550.000000,431.967323
1.000000,0.306351,0.066507,-0.023703,0.129380,-0.000006,0.991595,550.000000,391.714111
1.000000,0.193268,0.049524,-0.010675,0.099487,-0.000010,0.995039,550.000000,419.897038
1.000000,0.175289,0.065058,-0.008921,0.094735,-0.000010,0.995503,550.000000,424.334346
1.000000,0.305095,0.008231,-0.023539,0.129046,-0.000006,0.991639,550.000000,392.031344
1.000000,0.625591,0.054028,-0.079353,0.213768,0.000004,0.976885,550.000000,309.607765
1.000000,0.131021,0.012343,-0.004971,0.083031,-0.000012,0.996547,550.000000,435.213361
1.000000,0.976196,0.034455,-0.173915,0.306446,0.000015,0.951888,550.000000,214.922590
1.000000,0.080982,0.043375,-0.001135,0.069805,-0.000013,0.997561,550.000000,447.422791
1.000000,0.015781,0.025564,0.002861,0.052569,-0.000015,0.998617,550.000000,463.198383
1.000000,0.422228,0.035852,-0.040650,0.160010,-0.000003,0.987115,550.000000,362.350968
1.000000,0.274892,0.034796,-0.019732,0.121063,-0.000007,0.992645,550.000000,399.601817
1.000000,0.108901,0.026041,-0.003193,0.077185,-0.000013,0.997017,550.000000,440.621704
1.000000,0.781974,0.082801,-0.117075,0.255107,0.000009,0.966913,550.000000,267.974802
1.000000,0.394696,0.039780,-0.036291,0.152732,-0.000003,0.988268,550.000000,369.372298
1.000000,0.466140,0.092535,-0.048034,0.171620,-0.000001,0.985163,550.000000,351.091861
1.000000,0.521633,0.007692,-0.058127,0.186286,0.000001,0.982496,550.000000,336.765268
1.000000,0.817109,0.073216,-0.126526,0.264394,0.000010,0.964415,550.000000,258.489822
1.000000,0.457996,0.053650,-0.046624,0.169465,-0.000001,0.985536,550.000000,353.186333
1.000000,0.166660,0.014200,-0.008110,0.092452,-0.000011,0.995717,550.000000,426.461795
1.000000,0.261034,0.089059,-0.018068,0.117402,-0.000008,0.993085,550.000000,403.063035
1.000000,0.537162,0.054306,-0.061105,0.190392,0.000001,0.981708,550.000000,332.733263
1.000000,0.335979,0.009726,-0.027688,0.137210,-0.000005,0.990542,550.000000,384.254812
1.000000,0.046708,0.037426,0.001106,0.060745,-0.000014,0.998153,550.000000,455.734347
1.000000,0.449570,0.003831,-0.045185,0.167237,-0.000002,0.985917,550.000000,355.350789
1.000000,0.176257,0.029575,-0.009013,0.094990,-0.000010,0.995478,550.000000,424.096922
1.000000,0.982861,0.047532,-0.171359,0.307844,0.000015,0.951437,550.000000,213.456957
1.000000,0.888777,0.075989,-0.146935,0.283339,0.000012,0.959020,550.000000,238.989161
1.000000,0.771217,0.038855,-0.114254,0.252262,0.000009,0.967659,550.000000,270.870441
1.000000,0.165029,0.016923,-0.007959,0.092021,-0.000011,0.995757,550.000000,426.863056
1.000000,0.930311,0.064135,-0.159465,0.294318,0.000014,0.955708,550.000000,227.593608
1.000000,0.419097,0.007455,-0.040144,0.159182,-0.000003,0.987249,550.000000,363.151611
1.000000,0.740301,0.065614,-0.106333,0.244091,0.000008,0.969752,550.000000,279.162402
1.000000,0.216686,0.072988,-0.013090,0.105678,-0.000009,0.994400,550.000000,414.098275
1.000000,0.200992,0.041283,-0.011456,0.101528,-0.000010,0.994833,550.000000,417.987114
1.000000,0.026693,0.095217,0.002272,0.055456,-0.000015,0.998461,550.000000,460.566830
1.000000,0.452477,0.000050,-0.045401,0.167993,-0.000002,0.985788,550.000000,354.616932
1.000000,0.432605,0.065222,-0.042347,0.162754,-0.000002,0.986667,550.000000,359.696335
1.000000,0.447868,0.078999,-0.044897,0.166789,-0.000002,0.985993,550.000000,355.785144
1.000000,0.967540,0.087982,-0.171141,0.304160,0.000015,0.952621,550.000000,217.317987
1.000000,0.493069,0.028495,-0.052825,0.178736,-0.000000,0.983897,550.000000,344.154837
1.000000,0.240093,0.062474,-0.015651,0.111865,-0.000008,0.993723,550.000000,408.283308
1.000000,0.060069,0.050904,0.000270,0.064277,-0.000014,0.997932,550.000000,452.498900
1.000000,0.321867,0.053505,-0.025760,0.133481,-0.000006,0.991051,550.000000,387.811127
1.000000,0.155116,0.055167,-0.007056,0.089402,-0.000011,0.995996,550.000000,429.300241
1.000000,0.644865,0.078362,-0.083623,0.218863,0.000005,0.975756,550.000000,304.527138
1.000000,0.094068,0.009831,-0.002074,0.073263,-0.000013,0.997313,550.000000,444.239263
1.000000,0.761822,0.087627,-0.111818,0.249780,0.000008,0.968303,550.000000,273.392891
1.000000,0.141981,0.098671,-0.005553,0.085924,-0.000011,0.996302,550.000000,432.531507
1.000000,0.457580,0.007853,-0.046553,0.169354,-0.000001,0.985555,550.000000,353.294385
1.000000,0.679726,0.099722,-0.093444,0.228187,0.000006,0.973617,550.000000,295.194126
1.000000,0.265166,0.094576,-0.018558,0.118494,-0.000008,0.992955,550.000000,402.031104
1.000000,0.677422,0.089716,-0.091077,0.227470,0.000006,0.973785,550.000000,295.913274
1.000000,0.331077,0.063945,-0.027012,0.135916,-0.000006,0.990720,550.000000,385.489843
1.000000,0.116214,0.084342,-0.003766,0.079120,-0.000012,0.996865,550.000000,438.833699
1.000000,0.172180,0.068137,-0.008626,0.093913,-0.000011,0.995580,550.000000,425.100567
1.000000,0.490320,0.042305,-0.052327,0.178010,-0.000000,0.984029,550.000000,344.863977
1.000000,0.273516,0.088149,-0.019564,0.120701,-0.000007,0.992689,550.000000,399.944535
1.000000,0.160768,0.073941,-0.007567,0.090897,-0.000011,0.995860,550.000000,427.909876
1.000000,0.713731,0.047314,-0.099748,0.237067,0.000007,0.971493,550.000000,286.260231
1.000000,0.225353,0.069372,-0.014021,0.107969,-0.000009,0.994154,550.000000,411.947524
1.000000,0.626291,0.024241,-0.079506,0.213952,0.000004,0.976844,550.000000,309.424500
1.000000,0.792859,0.038258,-0.119964,0.257983,0.000009,0.966149,550.000000,265.042775
1.000000,0.314816,0.014838,-0.024817,0.131616,-0.000006,0.991301,550.000000,389.587278
1.000000,0.013403,0.095377,0.002987,0.051943,-0.000016,0.998650,550.000000,463.768856
1.000000,0.530997,0.006938,-0.059915,0.188761,0.000001,0.982023,550.000000,334.335869
1.000000,0.458004,0.021657,-0.046625,0.169467,-0.000001,0.985536,550.000000,353.185157
1.000000,0.558761,0.057233,-0.065360,0.196102,0.000002,0.980584,550.000000,327.112034
1.000000,0.388032,0.088192,-0.035267,0.150972,-0.000004,0.988538,550.000000,371.066297
1.000000,0.639995,0.004092,-0.082534,0.217574,0.000004,0.976044,550.000000,305.814122
1.000000,0.831633,0.031851,-0.130538,0.268232,0.000011,0.963354,550.000000,254.555733
1.000000,0.213468,0.077408,-0.012749,0.104828,-0.000009,0.994490,550.000000,414.895999
1.000000,0.865941,0.000110,-0.140614,0.277325,0.000012,0.960776,550.000000,245.202227
1.000000,0.077148,0.054904,-0.000869,0.068792,-0.000014,0.997631,550.000000,448.354201
1.000000,0.610324,0.070292,-0.076045,0.209732,0.000003,0.977759,550.000000,313.621080
1.000000,0.116257,0.092472,-0.003769,0.079131,-0.000012,0.996864,550.000000,438.823114
1.000000,0.367266,0.080116,-0.032155,0.145483,-0.000004,0.989361,550.000000,376.339062
1.000000,0.196112,0.061146,-0.010961,0.100239,-0.000010,0.994963,550.000000,419.193610
1.000000,0.108935,0.084279,-0.003195,0.077195,-0.000013,0.997016,550.000000,440.611776
1.000000,0.126493,0.099426,-0.004520,0.081835,-0.000012,0.996646,550.000000,436.320960
1.000000,0.146193,0.083135,-0.006265,0.087044,-0.000011,0.996204,550.000000,431.491216
1.000000,0.166527,0.028979,-0.008098,0.092418,-0.000011,0.995720,550.000000,426.494064
1.000000,0.357340,0.035765,-0.030709,0.142858,-0.000005,0.989743,550.000000,378.854759
1.000000,0.763798,0.056799,-0.112328,0.250301,0.000008,0.968168,550.000000,272.863380
1.000000,0.958460,0.077465,-0.168254,0.301759,0.000015,0.953384,550.000000,219.829703
1.000000,-0.000793,0.088133,-0.001374,0.048254,-0.000016,0.998835,550.000000,467.123695
1.000000,0.360035,0.068515,-0.031099,0.143571,-0.000005,0.989640,550.000000,378.171653
1.000000,0.195258,0.082062,-0.010874,0.100014,-0.000010,0.994986,550.000000,419.404060
1.000000,0.921433,0.075877,-0.156743,0.291971,0.000014,0.956427,550.000000,230.035130
1.000000,0.022113,0.069498,0.002523,0.054244,-0.000015,0.998528,550.000000,461.671833
1.000000,0.534026,0.014119,-0.060499,0.189562,0.000001,0.981869,550.000000,333.549169
1.000000,0.658195,0.068842,-0.086639,0.222387,0.000005,0.974959,550.000000,301.005668
1.000000,0.189697,0.063795,-0.010320,0.098543,-0.000010,0.995133,550.000000,420.778992
1.000000,0.463755,0.013443,-0.047619,0.170987,-0.000001,0.985273,550.000000,351.707570
1.000000,0.599815,0.092549,-0.073807,0.206955,0.000003,0.978350,550.000000,316.378200
1.000000,0.877838,0.086029,-0.143721,0.280448,0.000012,0.959869,550.000000,241.978777
1.000000,0.050808,0.010880,0.000854,0.061828,-0.000014,0.998087,550.000000,454.743110
1.000000,0.702310,0.055128,-0.096979,0.234048,0.000006,0.972225,550.000000,289.302425
1.000000,0.230202,0.008720,-0.014552,0.109249,-0.000009,0.994014,550.000000,410.744627
1.000000,0.286311,0.049958,-0.021142,0.124082,-0.000007,0.992272,550.000000,396.742736
1.000000,0.177755,0.010957,-0.009157,0.095385,-0.000010,0.995440,550.000000,423.727852
1.000000,0.941319,0.088355,-0.162874,0.297229,0.000014,0.954806,550.000000,224.560647
1.000000,0.504033,0.099716,-0.055131,0.181650,-0.000000,0.983363,550.000000,341.305864
1.000000,0.112499,0.045681,-0.003473,0.078136,-0.000012,0.996943,550.000000,439.742591
1.000000,0.679483,0.024290,-0.091559,0.228013,0.000006,0.973658,550.000000,295.368671
1.000000,0.741254,0.066851,-0.106573,0.244343,0.000008,0.969689,550.000000,278.907319
1.000000,0.641291,0.066591,-0.082824,0.217918,0.000004,0.975967,550.000000,305.470424
1.000000,0.068741,0.020338,-0.000299,0.066568,-0.000014,0.997782,550.000000,450.396719
1.000000,0.519969,0.067498,-0.057812,0.185848,0.000001,0.982579,550.000000,337.194785
1.000000,0.844125,0.043477,-0.134040,0.271535,0.000011,0.962429,550.000000,251.164003
1.000000,0.983045,0.022030,-0.171063,0.307864,0.000015,0.951430,550.000000,213.435648
1.000000,0.921786,0.069602,-0.156851,0.292065,0.000014,0.956399,550.000000,229.938155
1.000000,0.838941,0.095591,-0.132582,0.270166,0.000011,0.962814,550.000000,252.570557
1.000000,0.138971,0.074197,-0.005641,0.085135,-0.000012,0.996369,550.000000,433.263184
1.000000,-0.000704,0.025939,-0.001220,0.048274,-0.000016,0.998834,550.000000,467.105944
1.000000,0.367837,0.022450,-0.032239,0.145632,-0.000004,0.989339,550.000000,376.195864
1.000000,0.328948,0.024381,-0.026721,0.135352,-0.000006,0.990798,550.000000,386.027827
1.000000,0.944076,0.012182,-0.163732,0.297955,0.000014,0.954580,550.000000,223.802861
1.000000,0.251642,0.032124,-0.016970,0.114917,-0.000008,0.993375,550.000000,405.407643
1.000000,0.123997,0.078947,-0.004392,0.081177,-0.000012,0.996700,550.000000,436.930780
1.000000,0.004591,0.000741,-0.000032,0.049656,-0.000016,0.998766,550.000000,465.849809
1.000000,0.245758,0.067101,-0.016293,0.113363,-0.000008,0.993554,550.000000,406.872705
1.000000,0.781607,0.094002,-0.116978,0.255010,0.000009,0.966938,550.000000,268.073273
1.000000,0.125024,0.000959,-0.004428,0.081445,-0.000012,0.996678,550.000000,436.682663
1.000000,0.028442,0.080961,0.002174,0.055918,-0.000015,0.998435,550.000000,460.145451
1.000000,0.606586,0.006369,-0.075245,0.208742,0.000003,0.977971,550.000000,314.604555
1.000000,0.067191,0.020950,-0.000196,0.066159,-0.000014,0.997809,550.000000,450.772674
1.000000,0.465665,0.064918,-0.047951,0.171493,-0.000001,0.985185,550.000000,351.214949
1.000000,0.400455,0.095297,-0.037186,0.154256,-0.000003,0.988031,550.000000,367.904356
1.000000,0.619598,0.006179,-0.078046,0.212182,0.000004,0.977230,550.000000,311.185913
1.000000,0.241519,0.008139,-0.015813,0.112240,-0.000008,0.993681,550.000000,407.929896
1.000000,0.179218,0.071405,-0.009297,0.095774,-0.000010,0.995403,550.000000,423.365437
1.000000,0.254265,0.050172,-0.017274,0.115611,-0.000008,0.993295,550.000000,404.753075
1.000000,0.300696,0.068610,-0.022969,0.127885,-0.000006,0.991789,550.000000,393.134363
1.000000,0.914050,0.083005,-0.154498,0.290020,0.000013,0.957021,550.000000,232.062853
1.000000,0.676819,0.060384,-0.090936,0.227310,0.000006,0.973823,550.000000,296.073998
1.000000,0.499572,0.050558,-0.054012,0.180456,-0.000000,0.983583,550.000000,342.474411
1.000000,0.001234,0.083027,0.003600,0.048726,-0.000016,0.998812,550.000000,466.695638
1.000000,0.173495,0.099669,-0.007948,0.094242,-0.000011,0.995549,550.000000,424.794126
1.000000,0.468854,0.086937,-0.048507,0.172337,-0.000001,0.985038,550.000000,350.393840
1.000000,0.982464,0.049722,-0.172046,0.307802,0.000015,0.951450,550.000000,213.500689
1.000000,0.890494,0.058226,-0.147442,0.283792,0.000012,0.958886,550.000000,238.520035
1.000000,0.677944,0.042368,-0.091199,0.227606,0.000006,0.973753,550.000000,295.776401
1.000000,0.799729,0.092849,-0.121806,0.259801,0.000010,0.965662,550.000000,263.187271
1.000000,0.500894,0.030614,-0.054255,0.180804,-0.000000,0.983519,550.000000,342.133210
1.000000,0.222248,0.084819,-0.013685,0.107149,-0.000009,0.994243,550.000000,412.717926
1.000000,0.383770,0.051671,-0.034619,0.149845,-0.000004,0.988710,550.000000,372.150746
1.000000,0.487867,0.064990,-0.051884,0.177362,-0.000001,0.984146,550.000000,345.496164
1.000000,0.173233,0.016492,-0.008726,0.094190,-0.000011,0.995554,550.000000,424.842637
1.000000,0.092981,0.057647,-0.001994,0.072977,-0.000013,0.997334,550.000000,444.502470
1.000000,0.353915,0.081740,-0.030216,0.141954,-0.000005,0.989873,550.000000,379.720289
1.000000,0.401870,0.037148,-0.037407,0.154629,-0.000003,0.987973,550.000000,367.545664
1.000000,0.982157,0.087326,-0.172619,0.307774,0.000015,0.951459,550.000000,213.530091
1.000000,0.564502,0.013037,-0.066512,0.197618,0.000002,0.980279,550.000000,325.616330
1.000000,0.982411,0.031635,-0.172148,0.307797,0.000015,0.951452,550.000000,213.506321
1.000000,0.818706,0.022860,-0.126964,0.264815,0.000010,0.964299,550.000000,258.059141
1.000000,0.789327,0.038186,-0.119023,0.257049,0.000009,0.966398,550.000000,265.995246
1.000000,0.534096,0.082673,-0.060512,0.189583,0.000001,0.981865,550.000000,333.528968
1.000000,0.800934,0.061426,-0.122130,0.260118,0.000010,0.965577,550.000000,262.863002
1.000000,0.765659,0.027973,-0.112809,0.250792,0.000008,0.968041,550.000000,272.364436
1.000000,0.587516,0.009215,-0.071226,0.203702,0.000003,0.979033,550.000000,319.602764
1.000000,0.803890,0.069462,-0.122928,0.260900,0.000010,0.965366,550.000000,262.064287
1.000000,0.671798,0.003952,-0.089768,0.225981,0.000005,0.974132,550.000000,297.406747
1.000000,0.517032,0.003920,-0.057258,0.185070,0.000000,0.982725,550.000000,337.957866
1.000000,0.159449,0.028429,-0.007447,0.090546,-0.000011,0.995892,550.000000,428.235839
1.000000,0.098057,0.099016,-0.002881,0.074330,-0.000013,0.997234,550.000000,443.255340
1.000000,0.511091,0.000651,-0.056521,0.183517,0.000000,0.983017,550.000000,339.478796
1.000000,0.150595,0.036951,-0.006653,0.088206,-0.000011,0.996102,550.000000,430.411529
1.000000,0.064596,0.100008,-0.001394,0.065499,-0.000014,0.997853,550.000000,451.378180
1.000000,0.164209,0.005857,-0.007884,0.091804,-0.000011,0.995777,550.000000,427.065252
1.000000,0.232418,0.096376,-0.014795,0.109837,-0.000009,0.993950,550.000000,410.191384
1.000000,0.249133,0.032333,-0.016680,0.114254,-0.000008,0.993452,550.000000,406.032873
1.000000,0.428887,0.057238,-0.041735,0.161771,-0.000002,0.986828,550.000000,360.647738
1.000000,0.460388,0.028130,-0.047036,0.170097,-0.000001,0.985427,550.000000,352.572371
1.000000,0.028806,0.003752,0.002153,0.056011,-0.000015,0.998430,550.000000,460.059873
1.000000,0.735100,0.020438,-0.105028,0.242714,0.000007,0.970098,550.000000,280.555320
1.000000,0.400224,0.000387,-0.036350,0.154160,-0.000003,0.988046,550.000000,367.996933
1.000000,0.478980,0.017300,-0.050293,0.175011,-0.000001,0.984566,550.000000,347.788998
1.000000,-0.000015,0.082139,-0.000026,0.048443,-0.000016,0.998826,550.000000,466.952809
1.000000,0.138129,0.007163,-0.005570,0.084910,-0.000012,0.996389,550.000000,433.471681
1.000000,0.444579,0.098845,-0.043980,0.165904,-0.000002,0.986142,550.000000,356.643334
1.000000,0.645801,0.020297,-0.083833,0.219109,0.000005,0.975700,550.000000,304.281748
1.000000,0.061647,0.071338,0.000168,0.064695,-0.000014,0.997905,550.000000,452.115854
1.000000,0.360472,0.025135,-0.031162,0.143685,-0.000005,0.989623,550.000000,378.062089
1.000000,0.908773,0.071931,-0.152902,0.288625,0.000013,0.957442,550.000000,233.511634
1.000000,0.161795,0.016085,-0.007662,0.091166,-0.000011,0.995836,550.000000,427.658974
1.000000,0.363480,0.054189,-0.031600,0.144481,-0.000004,0.989508,550.000000,377.299318
1.000000,0.982007,0.038260,-0.172841,0.307754,0.000015,0.951466,550.000000,213.551073
1.000000,0.310429,0.083324,-0.024237,0.130458,-0.000006,0.991454,550.000000,390.688624
1.000000,0.318612,0.083144,-0.025323,0.132622,-0.000006,0.991167,550.000000,388.629921
1.000000,0.324235,0.031595,-0.026080,0.134106,-0.000006,0.990967,550.000000,387.215250
1.000000,0.979368,0.059653,-0.174938,0.307286,0.000015,0.951617,550.000000,214.042736
1.000000,0.246938,0.000189,-0.015053,0.113632,-0.000008,0.993523,550.000000,406.619425
1.000000,0.603960,0.078704,-0.074686,0.208051,0.000003,0.978118,550.000000,315.291215
1.000000,0.894827,0.072691,-0.148728,0.284938,0.000013,0.958546,550.000000,237.333662
1.000000,0.386184,0.086585,-0.034985,0.150484,-0.000004,0.988613,550.000000,371.536263
1.000000,0.701176,0.080626,-0.096707,0.233749,0.000006,0.972297,550.000000,289.603178
1.000000,0.327875,0.086747,-0.026574,0.135070,-0.000006,0.990836,550.000000,386.296377
1.000000,0.123721,0.075248,-0.004369,0.081104,-0.000012,0.996706,550.000000,436.998297
1.000000,0.762698,0.059625,-0.112044,0.250011,0.000008,0.968243,550.000000,273.158570
1.000000,0.425187,0.051990,-0.041131,0.160793,-0.000003,0.986988,550.000000,361.594214
1.000000,0.680682,0.033119,-0.091840,0.228330,0.000006,0.973584,550.000000,295.050339
1.000000,0.712924,0.098732,-0.101443,0.236970,0.000007,0.971517,550.000000,286.357799
1.000000,0.798035,0.093047,-0.121351,0.259353,0.000009,0.965783,550.000000,263.644556
1.000000,0.317840,0.050459,-0.025220,0.132416,-0.000006,0.991194,550.000000,388.825250
1.000000,0.900845,0.073891,-0.150522,0.286529,0.000013,0.958072,550.000000,235.685275
1.000000,0.648055,0.077543,-0.084340,0.219707,0.000005,0.975566,550.000000,303.684834
1.000000,0.772087,0.049912,-0.114481,0.252492,0.000009,0.967599,550.000000,270.636178
1.000000,0.458346,0.005018,-0.046684,0.169556,-0.000001,0.985520,550.000000,353.097850
1.000000,0.542332,0.070993,-0.062112,0.191759,0.000001,0.981442,550.000000,331.388989
1.000000,0.983072,0.043021,-0.170995,0.307866,0.000015,0.951430,550.000000,213.433797
1.000000,0.924150,0.009732,-0.157573,0.292688,0.000014,0.956208,550.000000,229.290222
1.000000,0.139825,0.052335,-0.005714,0.085360,-0.000012,0.996350,550.000000,433.054512
1.000000,0.698946,0.090688,-0.096172,0.233160,0.000006,0.972438,550.000000,290.196207
1.000000,0.780761,0.034190,-0.116755,0.254785,0.000009,0.966998,550.000000,268.302831
1.000000,0.440721,0.037075,-0.043695,0.164898,-0.000002,0.986311,550.000000,357.618734
1.000000,0.503630,0.025247,-0.054759,0.181528,-0.000000,0.983386,550.000000,341.426018
1.000000,0.098446,0.060718,-0.002398,0.074422,-0.000013,0.997227,550.000000,443.171061
1.000000,0.000876,0.070189,0.001518,0.048658,-0.000016,0.998816,550.000000,466.757339
1.000000,0.372599,0.021845,-0.032943,0.146891,-0.000004,0.989153,550.000000,374.988146
1.000000,0.771663,0.025060,-0.114370,0.252380,0.000009,0.967628,550.000000,270.750775
1.000000,0.087844,0.012502,-0.001622,0.071618,-0.000013,0.997432,550.000000,445.754483
1.000000,0.089029,0.027716,-0.001707,0.071932,-0.000013,0.997410,550.000000,445.465665
1.000000,0.622793,0.038529,-0.078742,0.213028,0.000004,0.977046,550.000000,310.344559
1.000000,0.050710,0.013210,0.000860,0.061802,-0.000014,0.998088,550.000000,454.766809
1.000000,0.440917,0.072280,-0.043727,0.164951,-0.000002,0.986302,550.000000,357.567508
1.000000,0.252041,0.006076,-0.017016,0.115022,-0.000008,0.993363,550.000000,405.308831
1.000000,0.963861,0.059522,-0.169968,0.303186,0.000015,0.952931,550.000000,218.336891
1.000000,0.279741,0.029195,-0.020327,0.122345,-0.000007,0.992488,550.000000,398.388875
1.000000,0.814821,0.005467,-0.125899,0.263787,0.000010,0.964581,550.000000,259.111170
1.000000,0.078255,0.035075,-0.000946,0.069084,-0.000013,0.997611,550.000000,448.085674
1.000000,0.342536,0.084335,-0.028602,0.138946,-0.000005,0.990300,550.000000,382.596961
1.000000,0.351115,0.029788,-0.029816,0.141212,-0.000005,0.989979,550.000000,380.430172
1.000000,0.005934,0.017298,0.003367,0.049966,-0.000016,0.998751,550.000000,465.567768
1.000000,0.034851,0.041841,0.001809,0.057611,-0.000015,0.998339,550.000000,458.599801
1.000000,0.113743,0.023408,-0.003571,0.078464,-0.000012,0.996917,550.000000,439.439231
1.000000,0.642038,0.072814,-0.082990,0.218116,0.000004,0.975923,550.000000,305.273175
1.000000,0.542661,0.056582,-0.062176,0.191846,0.000001,0.981425,550.000000,331.303863
1.000000,0.701107,0.053031,-0.096690,0.233730,0.000006,0.972302,550.000000,289.622619
1.000000,0.110000,0.059467,-0.003278,0.077476,-0.000012,0.996994,550.000000,440.352256
1.000000,0.298066,0.069133,-0.022631,0.127190,-0.000007,0.991878,550.000000,393.794653
1.000000,0.255737,0.020336,-0.017446,0.115999,-0.000008,0.993249,550.000000,404.386888
1.000000,0.916139,0.091872,-0.155132,0.290573,0.000013,0.956853,550.000000,231.488953
1.000000,0.869703,0.018896,-0.141353,0.278295,0.000012,0.960496,550.000000,244.201198
1.000000,0.642938,0.009473,-0.083191,0.218352,0.000004,0.975870,550.000000,305.037625
1.000000,0.348202,0.077032,-0.029401,0.140443,-0.000005,0.990089,550.000000,381.165320
1.000000,0.898113,0.015610,-0.149705,0.285805,0.000013,0.958288,550.000000,236.435756
1.000000,0.283533,0.004338,-0.020796,0.123346,-0.000007,0.992364,550.000000,397.440146
1.000000,0.135966,0.035559,-0.005386,0.084339,-0.000012,0.996437,550.000000,434.001058
1.000000,0.356859,0.086236,-0.030639,0.142732,-0.000005,0.989761,550.000000,378.975033
1.000000,0.362500,0.026393,-0.031457,0.144221,-0.000005,0.989545,550.000000,377.548352
1.000000,0.748184,0.012220,-0.108326,0.246173,0.000008,0.969226,550.000000,277.053228
1.000000,0.738740,0.098807,-0.107802,0.243795,0.000008,0.969827,550.000000,279.461439
1.000000,0.011516,0.080318,0.003084,0.051443,-0.000016,0.998676,550.000000,464.223465
1.000000,0.564400,0.084439,-0.066492,0.197593,0.000002,0.980284,550.000000,325.640815
1.000000,0.608107,0.089755,-0.075570,0.209147,0.000003,0.977884,550.000000,314.202712
1.000000,0.933657,0.009133,-0.160497,0.295201,0.000014,0.955435,550.000000,226.674091
1.000000,0.221606,0.032835,-0.013616,0.106977,-0.000009,0.994261,550.000000,412.878831
1.000000,0.143033,0.033118,-0.005991,0.086207,-0.000011,0.996277,550.000000,432.268248
1.000000,0.186184,0.066139,-0.009974,0.097615,-0.000010,0.995224,550.000000,421.646403
1.000000,0.838563,0.028422,-0.132475,0.270064,0.000011,0.962842,550.000000,252.675218
1.000000,0.518084,0.014395,-0.057456,0.185348,0.000000,0.982673,550.000000,337.684902
1.000000,0.635144,0.081052,-0.081457,0.216294,0.000004,0.976328,550.000000,307.090802
1.000000,0.746698,0.077244,-0.107949,0.245782,0.000008,0.969325,550.000000,277.449332
1.000000,0.446750,0.085651,-0.044708,0.166494,-0.000002,0.986043,550.000000,356.071772
1.000000,0.664934,0.099456,-0.089949,0.224271,0.000005,0.974527,550.000000,299.119445
1.000000,-0.000530,0.069501,-0.000918,0.048318,-0.000016,0.998832,550.000000,467.066352
1.000000,0.481732,0.061968,-0.050783,0.175740,-0.000001,0.984437,550.000000,347.078273
1.000000,0.906262,0.012134,-0.152146,0.287959,0.000013,0.957643,550.000000,234.202198
1.000000,-0.000338,0.053064,-0.000585,0.048364,-0.000016,0.998830,550.000000,467.024622
1.000000,0.744770,0.099472,-0.109304,0.245389,0.000008,0.969425,550.000000,277.847552
1.000000,0.353695,0.062696,-0.030184,0.141895,-0.000005,0.989882,550.000000,379.776521
1.000000,0.126593,0.020843,-0.004605,0.081861,-0.000012,0.996644,550.000000,436.297119
1.000000,0.349209,0.092981,-0.029544,0.140710,-0.000005,0.990051,550.000000,380.910259
1.000000,-0.000344,0.042184,-0.000596,0.048362,-0.000016,0.998830,550.000000,467.026304
1.000000,0.709556,0.069093,-0.098731,0.235963,0.000007,0.971762,550.000000,287.372429
1.000000,0.343700,0.074764,-0.028765,0.139253,-0.000005,0.990257,550.000000,382.303166
1.000000,0.607295,0.012133,-0.075396,0.208930,0.000003,0.977931,550.000000,314.418249
1.000000,0.009191,0.031220,0.003203,0.050827,-0.000016,0.998707,550.000000,464.784124
1.000000,0.184978,0.014987,-0.009856,0.097294,-0.000010,0.995256,550.000000,421.945764
1.000000,0.452211,0.014013,-0.045634,0.167935,-0.000002,0.985798,550.000000,354.672735
1.000000,0.535490,0.066894,-0.060782,0.189951,0.000001,0.981794,550.000000,333.167302
1.000000,0.180622,0.033204,-0.009433,0.096144,-0.000010,0.995367,550.000000,423.020052
1.000000,0.683753,0.021998,-0.092561,0.229141,0.000006,0.973393,550.000000,294.235788
1.000000,0.466671,0.058540,-0.048126,0.171759,-0.000001,0.985139,550.000000,350.956461
1.000000,0.201424,0.092400,-0.011499,0.101644,-0.000010,0.994821,550.000000,417.878623
1.000000,0.045056,0.090052,0.001207,0.060310,-0.000015,0.998180,550.000000,456.132475
1.000000,0.113206,0.011487,-0.003529,0.078322,-0.000012,0.996928,550.000000,439.570736
1.000000,0.281833,0.079085,-0.020585,0.122899,-0.000007,0.992419,550.000000,397.863625
1.000000,0.793936,0.074687,-0.120252,0.258269,0.000009,0.966073,550.000000,264.751079
1.000000,0.906078,0.076530,-0.152091,0.287912,0.000013,0.957657,550.000000,234.250806
1.000000,0.426325,0.056997,-0.041316,0.161094,-0.000002,0.986939,550.000000,361.302956
1.000000,0.364721,0.083886,-0.031781,0.144810,-0.000004,0.989459,550.000000,376.983909
1.000000,0.002953,0.030586,0.003515,0.049178,-0.000016,0.998790,550.000000,466.283894
1.000000,0.611805,0.085300,-0.076363,0.210125,0.000003,0.977675,550.000000,313.231591
1.000000,0.535218,0.013022,-0.060729,0.189877,0.000001,0.981808,550.000000,333.239692
1.000000,0.431009,0.058885,-0.042084,0.162332,-0.000002,0.986736,550.000000,360.104833
1.000000,0.531262,0.027199,-0.059966,0.188832,0.000001,0.982009,550.000000,334.266683
1.000000,0.660364,0.007451,-0.087134,0.222958,0.000005,0.974828,550.000000,300.433921
1.000000,0.017618,0.025454,0.002764,0.053055,-0.000015,0.998592,550.000000,462.755935
1.000000,0.945984,0.078819,-0.164329,0.298461,0.000014,0.954422,550.000000,223.274423
1.000000,0.380164,0.098802,-0.033103,0.148855,-0.000004,0.988859,550.000000,373.101817
1.000000,0.737270,0.007093,-0.105571,0.243288,0.000008,0.969954,550.000000,279.975261
1.000000,0.000274,0.041469,0.000474,0.048511,-0.000016,0.998823,550.000000,466.890486
1.000000,0.363703,0.087883,-0.031633,0.144541,-0.000004,0.989499,550.000000,377.241729
1.000000,0.482202,0.048284,-0.050867,0.175864,-0.000001,0.984414,550.000000,346.957706
1.000000,0.000314,0.019144,0.000545,0.048520,-0.000016,0.998822,550.000000,466.882224
1.000000,0.584783,0.031803,-0.070659,0.202980,0.000003,0.979183,550.000000,320.317197
1.000000,0.137728,0.062007,-0.005535,0.084806,-0.000012,0.996397,550.000000,433.568250
1.000000,0.851374,0.001623,-0.136751,0.273495,0.000011,0.961873,550.000000,249.147377
1.000000,0.080457,0.043751,-0.001099,0.069666,-0.000013,0.997570,550.000000,447.550357
1.000000,0.916034,0.062204,-0.155099,0.290544,0.000013,0.956862,550.000000,231.518701
1.000000,0.685128,0.020560,-0.092885,0.229505,0.000006,0.973308,550.000000,293.870609
1.000000,0.509573,0.070946,-0.055861,0.183100,0.000000,0.983094,550.000000,339.887251
1.000000,0.318598,0.022556,-0.025321,0.132616,-0.000006,0.991168,550.000000,388.635323
1.000000,0.657574,0.095192,-0.086497,0.222223,0.000005,0.974996,550.000000,301.169002
1.000000,0.137276,0.046637,-0.005497,0.084686,-0.000012,0.996408,550.000000,433.679629
1.000000,0.045804,0.068884,0.001162,0.060507,-0.000015,0.998168,550.000000,455.952182
1.000000,0.594703,0.013542,-0.072729,0.205602,0.000003,0.978636,550.000000,317.720428
1.000000,0.141818,0.094828,-0.005885,0.085888,-0.000011,0.996305,550.000000,432.564398
1.000000,0.182153,0.016964,-0.009581,0.096548,-0.000010,0.995328,550.000000,422.642958
1.000000,0.758036,0.028840,-0.110843,0.248778,0.000008,0.968561,550.000000,274.410886
1.000000,0.934058,0.054423,-0.160621,0.295308,0.000014,0.955402,550.000000,226.562334
1.000000,0.144091,0.077619,-0.006082,0.086488,-0.000011,0.996253,550.000000,432.007242
1.000000,0.144628,0.050214,-0.006129,0.086630,-0.000011,0.996241,550.000000,431.876201
1.000000,0.425187,0.090800,-0.041131,0.160794,-0.000003,0.986988,550.000000,361.593032
1.000000,0.582038,0.048958,-0.070091,0.202255,0.000003,0.979333,550.000000,321.034883
1.000000,0.023125,0.066617,0.002468,0.054512,-0.000015,0.998513,550.000000,461.427983
1.000000,0.025527,0.095632,0.002337,0.055148,-0.000015,0.998478,550.000000,460.848047
1.000000,0.280226,0.075303,-0.020386,0.122474,-0.000007,0.992472,550.000000,398.265892
1.000000,0.470834,0.095886,-0.048854,0.172860,-0.000001,0.984946,550.000000,349.884236
1.000000,0.732651,0.071198,-0.104416,0.242069,0.000007,0.970259,550.000000,281.208519
1.000000,0.523175,0.013705,-0.058420,0.186694,0.000001,0.982418,550.000000,336.365368
1.000000,0.551666,0.047688,-0.063948,0.194226,0.000002,0.980957,550.000000,328.960726
1.000000,0.584558,0.029960,-0.070612,0.202920,0.000003,0.979195,550.000000,320.376132
1.000000,0.152030,0.078947,-0.006780,0.088587,-0.000011,0.996068,550.000000,430.057896
1.000000,0.172686,0.090714,-0.008674,0.094048,-0.000011,0.995568,550.000000,424.975238
1.000000,0.633272,0.079493,-0.081042,0.215799,0.000004,0.976438,550.000000,307.584348
1.000000,0.775176,0.095844,-0.115289,0.253310,0.000009,0.967385,550.000000,269.803864
1.000000,0.311678,0.091133,-0.024401,0.130789,-0.000006,0.991410,550.000000,390.374246
1.000000,0.507785,0.034221,-0.055528,0.182626,0.000000,0.983182,550.000000,340.351128
1.000000,0.418872,0.038897,-0.040108,0.159123,-0.000003,0.987259,550.000000,363.208178
1.000000,0.034979,0.050693,0.001802,0.057645,-0.000015,0.998337,550.000000,458.568702
1.000000,0.219716,0.068356,-0.013413,0.106479,-0.000009,0.994315,550.000000,413.346815
1.000000,0.591336,0.067120,-0.072023,0.204713,0.000003,0.978822,550.000000,318.600727
1.000000,0.125880,0.065312,-0.004546,0.081674,-0.000012,0.996659,550.000000,436.470333
1.000000,0.839075,0.078540,-0.132619,0.270201,0.000011,0.962804,550.000000,252.534584
1.000000,0.654067,0.011817,-0.085699,0.221294,0.000005,0.975207,550.000000,302.098807
1.000000,0.012001,0.007923,0.003058,0.051570,-0.000016,0.998669,550.000000,464.108671
1.000000,0.179539,0.089209,-0.009327,0.095859,-0.000010,0.995395,550.000000,423.285735
1.000000,0.113230,0.000389,-0.003714,0.078332,-0.000012,0.996927,550.000000,439.561653
1.000000,0.919889,0.085169,-0.156272,0.291564,0.000013,0.956551,550.000000,230.459024
1.000000,0.100726,0.020725,-0.002569,0.075023,-0.000013,0.997182,550.000000,442.616263
1.000000,0.787008,0.090593,-0.118407,0.256438,0.000009,0.966561,550.000000,266.618408
1.000000,0.209134,0.079486,-0.012295,0.103682,-0.000009,0.994610,550.000000,415.969906
1.000000,0.368754,0.039889,-0.032374,0.145875,-0.000004,0.989303,550.000000,375.962821
1.000000,0.051408,0.044059,0.000818,0.061987,-0.000014,0.998077,550.000000,454.597012
1.000000,0.310814,0.033246,-0.024288,0.130559,-0.000006,0.991441,550.000000,390.593263
1.000000,0.534961,0.060735,-0.060679,0.189811,0.000001,0.981821,550.000000,333.304977
1.000000,0.289380,0.023786,-0.021528,0.124892,-0.000007,0.992170,550.000000,395.974592
1.000000,0.840851,0.033975,-0.133118,0.270669,0.000011,0.962672,550.000000,252.053773
1.000000,0.350921,0.088883,-0.029788,0.141162,-0.000005,0.989986,550.000000,380.477588
1.000000,0.805847,0.019492,-0.123457,0.261416,0.000010,0.965226,550.000000,261.537120
1.000000,0.658124,0.000316,-0.088355,0.222465,0.000005,0.974941,550.000000,300.927234
1.000000,0.342073,0.076140,-0.028537,0.138823,-0.000005,0.990317,550.000000,382.714113
1.000000,0.224386,0.085165,-0.013916,0.107714,-0.000009,0.994182,550.000000,412.187079
1.000000,0.837590,0.033468,-0.132202,0.269807,0.000011,0.962914,550.000000,252.939251
1.000000,0.820348,0.016951,-0.127415,0.265249,0.000010,0.964180,550.000000,257.614682
1.000000,0.327493,0.000224,-0.025214,0.134920,-0.000006,0.990856,550.000000,386.439484
1.000000,0.369868,0.044004,-0.032538,0.146169,-0.000004,0.989260,550.000000,375.680307
1.000000,0.511366,0.072263,-0.056195,0.183574,0.000000,0.983006,550.000000,339.423245
1.000000,-0.000823,0.053371,-0.001425,0.048246,-0.000016,0.998835,550.000000,467.131132
1.000000,0.465025,0.091787,-0.047839,0.171325,-0.000001,0.985215,550.000000,351.378631
1.000000,0.202282,0.007213,-0.011588,0.101868,-0.000010,0.994798,550.000000,417.668833
1.000000,0.207055,0.076124,-0.012079,0.103132,-0.000009,0.994668,550.000000,416.485095
1.000000,0.777160,0.046434,-0.115808,0.253833,0.000009,0.967248,550.000000,269.271664
1.000000,0.617593,0.070476,-0.077612,0.211654,0.000004,0.977345,550.000000,311.711134
1.000000,0.416974,0.070178,-0.039802,0.158622,-0.000003,0.987339,550.000000,363.692086
1.000000,0.155177,0.076111,-0.007061,0.089419,-0.000011,0.995994,550.000000,429.284602
1.000000,0.795341,0.000054,-0.122126,0.258737,0.000009,0.965948,550.000000,264.273417
1.000000,0.055989,0.070557,0.000531,0.063199,-0.000014,0.998001,550.000000,453.486868
1.000000,0.109116,0.008065,-0.003210,0.077241,-0.000013,0.997012,550.000000,440.569579
1.000000,0.968949,0.021943,-0.171590,0.304530,0.000015,0.952503,550.000000,216.930313
1.000000,0.788575,0.053092,-0.118823,0.256851,0.000009,0.966451,550.000000,266.197406
1.000000,0.214382,0.068133,-0.012846,0.105069,-0.000009,0.994465,550.000000,414.669600
1.000000,0.246602,0.066287,-0.016390,0.113586,-0.000008,0.993528,550.000000,406.662577
1.000000,0.378323,0.018015,-0.033797,0.148403,-0.000004,0.988927,550.000000,373.535596
1.000000,0.898562,0.090395,-0.149840,0.285926,0.000013,0.958252,550.000000,236.310197
1.000000,0.043240,0.044146,0.001316,0.059828,-0.000015,0.998209,550.000000,456.572807
1.000000,0.870791,0.032864,-0.141669,0.278583,0.000012,0.960412,550.000000,243.903924
1.000000,0.821149,0.089682,-0.127636,0.265463,0.000010,0.964121,550.000000,257.395546
1.000000,0.595566,0.012742,-0.072910,0.205830,0.000003,0.978588,550.000000,317.494398
1.000000,0.152580,0.038065,-0.006829,0.088731,-0.000011,0.996056,550.000000,429.924027
1.000000,0.654517,0.077252,-0.085802,0.221415,0.000005,0.975180,550.000000,301.977632
1.000000,0.276129,0.080825,-0.019883,0.121391,-0.000007,0.992605,550.000000,399.291169
1.000000,0.950557,0.053128,-0.165762,0.299669,0.000014,0.954043,550.000000,222.013384
1.000000,0.810164,0.024258,-0.124629,0.262557,0.000010,0.964916,550.000000,260.370011
1.000000,0.982427,0.077013,-0.172132,0.307801,0.000015,0.951451,550.000000,213.502232
1.000000,0.665274,0.045612,-0.088260,0.224257,0.000005,0.974530,550.000000,299.133232
1.000000,0.764860,0.063941,-0.112603,0.250582,0.000008,0.968095,550.000000,272.577841
1.000000,0.699775,0.083828,-0.096370,0.233378,0.000006,0.972386,550.000000,289.976079
1.000000,0.825094,0.055869,-0.128724,0.266504,0.000010,0.963834,550.000000,256.327871
1.000000,0.512364,0.024343,-0.056382,0.183836,0.000000,0.982957,550.000000,339.166141
1.000000,-0.000894,0.042727,-0.001549,0.048229,-0.000016,0.998836,550.000000,467.147204
1.000000,0.699731,0.090987,-0.096360,0.233367,0.000006,0.972389,550.000000,289.987482
1.000000,0.831091,0.094407,-0.130388,0.268091,0.000011,0.963394,550.000000,254.700726
1.000000,0.335833,0.036125,-0.027667,0.137172,-0.000005,0.990547,550.000000,384.290914
1.000000,0.025235,0.057303,0.002352,0.055069,-0.000015,0.998483,550.000000,460.919450
1.000000,0.934524,0.010424,-0.160764,0.295430,0.000014,0.955364,550.000000,226.435516
1.000000,0.669021,0.081279,-0.089125,0.225249,0.000005,0.974301,550.000000,298.139969
1.000000,0.485062,0.090636,-0.051379,0.176621,-0.000001,0.984279,550.000000,346.218903
1.000000,0.432661,0.025814,-0.042356,0.162768,-0.000002,0.986664,550.000000,359.682994
1.000000,0.723123,0.088886,-0.102052,0.239550,0.000007,0.970884,550.000000,283.753483
1.000000,0.596202,0.088895,-0.073044,0.206000,0.000003,0.978552,550.000000,317.325324
1.000000,0.369878,0.035543,-0.032540,0.146172,-0.000004,0.989259,550.000000,375.678064
1.000000,0.664000,0.088544,-0.087968,0.223922,0.000005,0.974607,550.000000,299.469132
1.000000,0.231810,0.092428,-0.014728,0.109676,-0.000009,0.993967,550.000000,410.342628
1.000000,0.809596,0.031108,-0.124474,0.262407,0.000010,0.964957,550.000000,260.523421
1.000000,0.744373,0.028013,-0.107360,0.245166,0.000008,0.969481,550.000000,278.073595
1.000000,0.495853,0.090312,-0.053332,0.179474,-0.000000,0.983763,550.000000,343.433848
1.000000,0.785078,0.005238,-0.117895,0.255925,0.000009,0.966697,550.000000,267.141218
1.000000,0.836971,0.088759,-0.132030,0.269645,0.000011,0.962960,550.000000,253.105540
1.000000,0.519291,0.067271,-0.057684,0.185669,0.000000,0.982612,550.000000,337.370548
1.000000,0.661300,0.058187,-0.087348,0.223207,0.000005,0.974771,550.000000,300.184576
1.000000,0.013629,0.078295,0.002975,0.052002,-0.000016,0.998647,550.000000,463.715081
1.000000,0.669075,0.025672,-0.089137,0.225261,0.000005,0.974298,550.000000,298.127557
1.000000,0.164224,0.057770,-0.007884,0.091810,-0.000011,0.995777,550.000000,427.060181
1.000000,0.060714,0.011574,0.000228,0.064446,-0.000014,0.997921,550.000000,452.343810
1.000000,0.393918,0.006855,-0.036171,0.152526,-0.000004,0.988300,550.000000,369.571495
1.000000,0.492154,0.062916,-0.052659,0.178495,-0.000000,0.983941,550.000000,344.389828
1.000000,0.005276,0.090462,0.003401,0.049794,-0.000016,0.998759,550.000000,465.723872
1.000000,0.755096,0.098845,-0.111890,0.248117,0.000008,0.968730,550.000000,275.081489
1.000000,0.497747,0.087661,-0.053678,0.179974,-0.000000,0.983671,550.000000,342.944781
1.000000,0.003642,0.066771,0.003481,0.049362,-0.000016,0.998781,550.000000,466.117389
1.000000,0.477409,0.099002,-0.050011,0.174598,-0.000001,0.984640,550.000000,348.191241
1.000000,0.154374,0.043491,-0.006989,0.089205,-0.000011,0.996013,550.000000,429.483018
1.000000,0.022232,0.012654,0.002516,0.054274,-0.000015,0.998526,550.000000,461.644681
1.000000,0.596528,0.011799,-0.073113,0.206084,0.000003,0.978534,550.000000,317.242368
1.000000,0.848017,0.013749,-0.135140,0.272563,0.000011,0.962138,550.000000,250.107127
1.000000,0.629965,0.098835,-0.081866,0.215011,0.000004,0.976612,550.000000,308.368947
1.000000,0.373109,0.084706,-0.033019,0.147027,-0.000004,0.989132,550.000000,374.856951
1.000000,0.366915,0.038815,-0.032103,0.145389,-0.000004,0.989375,550.000000,376.429101
1.000000,0.200390,0.018623,-0.011394,0.101369,-0.000010,0.994849,550.000000,418.136494
1.000000,0.914465,0.074180,-0.154623,0.290129,0.000013,0.956987,550.000000,231.949354
1.000000,0.722570,0.077093,-0.101916,0.239404,0.000007,0.970920,550.000000,283.901429
1.000000,0.398052,0.012826,-0.036811,0.153619,-0.000003,0.988130,550.000000,368.518903
1.000000,0.580908,0.078873,-0.069858,0.201957,0.000002,0.979394,550.000000,321.329369
1.000000,0.923692,0.024462,-0.157433,0.292567,0.000014,0.956245,550.000000,229.415670
1.000000,0.186542,0.001773,-0.009055,0.097683,-0.000010,0.995218,550.000000,421.582794
1.000000,0.857741,0.043465,-0.137909,0.275134,0.000011,0.961406,550.000000,247.460342
1.000000,0.498888,0.012266,-0.053887,0.180274,-0.000000,0.983616,550.000000,342.652120
1.000000,0.448759,0.046430,-0.045047,0.167023,-0.000002,0.985953,550.000000,355.557762
1.000000,0.289238,0.090127,-0.021509,0.124857,-0.000007,0.992175,550.000000,396.008280
1.000000,0.637568,0.058295,-0.081994,0.216934,0.000004,0.976186,550.000000,306.452633
1.000000,0.025487,0.031885,0.002338,0.055135,-0.000015,0.998479,550.000000,460.859506
1.000000,0.129996,0.026669,-0.004886,0.082761,-0.000012,0.996569,550.000000,435.463780
1.000000,0.642355,0.067175,-0.083061,0.218199,0.000004,0.975904,550.000000,305.189808
1.000000,0.244836,0.041962,-0.016188,0.113118,-0.000008,0.993582,550.000000,407.103171
1.000000,0.406258,0.062261,-0.038096,0.155789,-0.000003,0.987790,550.000000,366.426532
1.000000,0.717516,0.099131,-0.102566,0.238184,0.000007,0.971220,550.000000,285.132506
1.000000,0.231479,0.077162,-0.014692,0.109588,-0.000009,0.993977,550.000000,410.425325
1.000000,0.418698,0.092267,-0.040079,0.159079,-0.000003,0.987266,550.000000,363.251147
1.000000,0.054961,0.053898,0.000595,0.062927,-0.000014,0.998018,550.000000,453.736436
1.000000,0.139826,0.068454,-0.005714,0.085361,-0.000012,0.996350,550.000000,433.053814
1.000000,0.422209,0.039884,-0.040647,0.160005,-0.000003,0.987116,550.000000,362.355563
1.000000,0.394933,0.088971,-0.036328,0.152796,-0.000003,0.988258,550.000000,369.310606
1.000000,0.729750,0.094278,-0.103694,0.241302,0.000007,0.970450,550.000000,281.983164
1.000000,0.907120,0.057916,-0.152404,0.288187,0.000013,0.957574,550.000000,233.965480
1.000000,0.533066,0.059429,-0.060313,0.189310,0.000001,0.981917,550.000000,333.797190
1.000000,0.617180,0.051662,-0.077522,0.211544,0.000004,0.977368,550.000000,311.820354
1.000000,0.740183,0.085011,-0.106304,0.244060,0.000008,0.969760,550.000000,279.193546
1.000000,0.841756,0.080220,-0.133373,0.270910,0.000011,0.962605,550.000000,251.806365
1.000000,0.299909,0.013331,-0.022868,0.127675,-0.000007,0.991816,550.000000,393.333641
1.000000,0.262178,0.009064,-0.018204,0.117702,-0.000008,0.993049,550.000000,402.779796
1.000000,0.700984,0.038569,-0.096660,0.233697,0.000006,0.972310,550.000000,289.655599
1.000000,0.110041,0.040500,-0.003281,0.077486,-0.000012,0.996993,550.000000,440.342948
1.000000,0.447172,0.085752,-0.044779,0.166605,-0.000002,0.986024,550.000000,355.963421
1.000000,0.848827,0.029568,-0.135369,0.272777,0.000011,0.962077,550.000000,249.886342
1.000000,0.493532,0.053893,-0.052909,0.178859,-0.000000,0.983875,550.000000,344.034307
1.000000,0.327506,0.009114,-0.026524,0.134970,-0.000006,0.990850,550.000000,386.391754
1.000000,0.329172,0.031882,-0.026751,0.135411,-0.000006,0.990789,550.000000,385.971102
1.000000,0.415935,0.099087,-0.038982,0.158322,-0.000003,0.987388,550.000000,363.982426
1.000000,0.142343,0.031801,-0.005931,0.086025,-0.000011,0.996293,550.000000,432.437508
1.000000,0.965723,0.082221,-0.170561,0.303679,0.000015,0.952774,550.000000,217.821147
1.000000,0.379155,0.078278,-0.033922,0.148625,-0.000004,0.988894,550.000000,373.322308
1.000000,0.007805,0.068142,0.003273,0.050462,-0.000016,0.998726,550.000000,465.116393
1.000000,0.165076,0.007671,-0.007964,0.092034,-0.000011,0.995756,550.000000,426.851726
1.000000,0.874026,0.069682,-0.142609,0.279440,0.000012,0.960163,550.000000,243.019879
1.000000,0.515320,0.070431,-0.056936,0.184619,0.000000,0.982810,550.000000,338.399253
1.000000,0.218855,0.020496,-0.013322,0.106250,-0.000009,0.994339,550.000000,413.561767
1.000000,0.618490,0.086955,-0.077806,0.211892,0.000004,0.977293,550.000000,311.474722
1.000000,0.554094,0.083980,-0.064429,0.194869,0.000002,0.980829,550.000000,328.327378
1.000000,0.228657,0.099592,-0.013088,0.108806,-0.000009,0.994063,550.000000,411.160615
1.000000,0.605404,0.046728,-0.074993,0.208431,0.000003,0.978037,550.000000,314.913382
1.000000,0.849462,0.077271,-0.135550,0.272947,0.000011,0.962029,550.000000,249.712061
1.000000,0.446673,0.023974,-0.044695,0.166472,-0.000002,0.986046,550.000000,356.093265
1.000000,0.561798,0.071569,-0.065968,0.196905,0.000002,0.980423,550.000000,326.320007
1.000000,0.141029,0.099857,-0.005486,0.085672,-0.000012,0.996323,550.000000,432.764874
1.000000,0.285635,0.082514,-0.021058,0.123904,-0.000007,0.992294,550.000000,396.911374
1.000000,0.752996,0.077450,-0.109552,0.247447,0.000008,0.968901,550.000000,275.761273
1.000000,0.834269,0.042909,-0.131273,0.268929,0.000011,0.963160,550.000000,253.840394
1.000000,0.316781,0.011541,-0.025079,0.132135,-0.000006,0.991232,550.000000,389.092941
1.000000,0.368113,0.099258,-0.031216,0.145667,-0.000004,0.989334,550.000000,376.162578
1.000000,0.220756,0.016993,-0.013525,0.106752,-0.000009,0.994286,550.000000,413.090138
1.000000,0.846901,0.043014,-0.134824,0.272269,0.000011,0.962221,550.000000,250.409542
1.000000,0.589291,0.088247,-0.071596,0.204173,0.000003,0.978935,550.000000,319.135558
1.000000,0.744699,0.052049,-0.107443,0.245253,0.000008,0.969459,550.000000,277.985364
1.000000,0.667029,0.034063,-0.088665,0.224721,0.000005,0.974423,550.000000,298.668946
1.000000,0.458670,0.030047,-0.046740,0.169643,-0.000001,0.985506,550.000000,353.013817
1.000000,0.630478,0.007832,-0.080426,0.215058,0.000004,0.976601,550.000000,308.322406
1.000000,0.187758,0.075714,-0.010128,0.098031,-0.000010,0.995183,550.000000,421.257447
1.000000,0.262484,0.029506,-0.018240,0.117783,-0.000008,0.993039,550.000000,402.702852
1.000000,0.003618,0.076835,0.003483,0.049356,-0.000016,0.998781,550.000000,466.122766
1.000000,0.691544,0.026523,-0.094404,0.231201,0.000006,0.972906,550.000000,292.166388
1.000000,0.456800,0.060392,-0.046418,0.169149,-0.000002,0.985590,550.000000,353.493321
1.000000,0.348766,0.089043,-0.029481,0.140593,-0.000005,0.990068,550.000000,381.022382
1.000000,0.033793,0.096130,0.001871,0.057333,-0.000015,0.998355,550.000000,458.853625
1.000000,0.454422,0.026415,-0.046011,0.168520,-0.000002,0.985698,550.000000,354.104820
1.000000,0.020890,0.001616,-0.000224,0.053959,-0.000015,0.998543,550.000000,461.931970
1.000000,0.444328,0.074745,-0.044299,0.165853,-0.000002,0.986150,550.000000,356.693229
1.000000,0.410531,0.037739,-0.038773,0.156918,-0.000003,0.987612,550.000000,365.337549
1.000000,0.437408,0.069475,-0.043142,0.164024,-0.000002,0.986456,550.000000,358.466558
1.000000,0.982381,0.003202,-0.172245,0.307797,0.000015,0.951452,550.000000,213.506661
1.000000,0.353956,0.087431,-0.030222,0.141964,-0.000005,0.989872,550.000000,379.709868
1.000000,0.697297,0.062604,-0.095776,0.232723,0.000006,0.972543,550.000000,290.635904
1.000000,0.042961,0.059825,0.001333,0.059755,-0.000015,0.998213,550.000000,456.639718
1.000000,0.982420,0.100004,-0.172179,0.307803,0.000015,0.951450,550.000000,213.499431
1.000000,0.643197,0.019208,-0.083250,0.218421,0.000004,0.975855,550.000000,304.968927
1.000000,0.747403,0.058468,-0.108128,0.245968,0.000008,0.969278,550.000000,277.260972
1.000000,0.114045,0.083675,-0.003594,0.078546,-0.000012,0.996910,550.000000,439.363798
1.000000,0.407771,0.076277,-0.038335,0.156190,-0.000003,0.987727,550.000000,366.040124
1.000000,0.254031,0.000458,-0.015850,0.115505,-0.000008,0.993307,550.000000,404.852870
1.000000,0.952860,0.065859,-0.166486,0.300279,0.000015,0.953852,550.000000,221.377072
1.000000,0.286423,0.050573,-0.021156,0.124112,-0.000007,0.992268,550.000000,396.714825
1.000000,0.173990,0.098756,-0.007989,0.094372,-0.000010,0.995537,550.000000,424.672409
1.000000,0.583445,0.046247,-0.070382,0.202627,0.000003,0.979256,550.000000,320.666777
1.000000,0.276799,0.081167,-0.019965,0.121569,-0.000007,0.992583,550.000000,399.123497
1.000000,0.035740,0.008705,0.001758,0.057845,-0.000015,0.998326,550.000000,458.386116
1.000000,0.000127,0.023310,0.000219,0.048475,-0.000016,0.998824,550.000000,466.923359
1.000000,0.050154,0.026718,0.000895,0.061655,-0.000014,0.998098,550.000000,454.901016
1.000000,0.183093,0.052807,-0.009672,0.096797,-0.000010,0.995304,550.000000,422.409873
1.000000,0.550333,0.046031,-0.063684,0.193874,0.000001,0.981026,550.000000,329.307862
1.000000,0.407462,0.001490,-0.037553,0.156076,-0.000003,0.987745,550.000000,366.150185
1.000000,0.722783,0.085881,-0.101969,0.239461,0.000007,0.970906,550.000000,283.844178
1.000000,0.658197,0.000809,-0.088372,0.222485,0.000005,0.974936,550.000000,300.907741
1.000000,0.501381,0.025686,-0.054345,0.180933,-0.000000,0.983495,550.000000,342.007572
1.000000,0.029293,0.029353,0.002126,0.056141,-0.000015,0.998423,550.000000,459.941600
1.000000,0.894353,0.014425,-0.148586,0.284811,0.000013,0.958584,550.000000,237.465263
1.000000,0.980726,0.065281,-0.175377,0.307645,0.000015,0.951501,550.000000,213.665922
1.000000,0.086684,0.035611,-0.001539,0.071312,-0.000013,0.997454,550.000000,446.036160
1.000000,0.228955,0.059892,-0.014414,0.108921,-0.000009,0.994050,550.000000,411.053026
1.000000,0.013701,0.031919,0.002970,0.052020,-0.000016,0.998646,550.000000,463.698872
1.000000,0.710699,0.075697,-0.099009,0.236266,0.000007,0.971688,550.000000,287.067582
1.000000,0.024029,0.025697,0.002418,0.054750,-0.000015,0.998500,550.000000,461.211151
1.000000,0.280116,0.059928,-0.020373,0.122445,-0.000007,0.992475,550.000000,398.294070
1.000000,0.052872,0.022877,0.000726,0.062374,-0.000014,0.998053,550.000000,454.243216
1.000000,0.126288,0.050626,-0.004579,0.081782,-0.000012,0.996650,550.000000,436.370900
1.000000,0.140254,0.077766,-0.005751,0.085474,-0.000012,0.996340,550.000000,432.948639
1.000000,0.816329,0.016778,-0.126312,0.264186,0.000010,0.964472,550.000000,258.702580
1.000000,0.840611,0.056307,-0.133050,0.270606,0.000011,0.962690,550.000000,252.118183
1.000000,0.109546,0.000576,-0.003503,0.077360,-0.000013,0.997003,550.000000,440.459924
1.000000,0.550768,0.018502,-0.063770,0.193988,0.000001,0.981004,550.000000,329.195643
1.000000,0.147913,0.040253,-0.006416,0.087498,-0.000011,0.996165,550.000000,431.070132
1.000000,0.128682,0.044323,-0.004777,0.082414,-0.000012,0.996598,550.000000,435.785032
1.000000,0.150855,0.001619,-0.006187,0.088263,-0.000011,0.996097,550.000000,430.359426
1.000000,0.728079,0.084431,-0.103279,0.240860,0.000007,0.970560,550.000000,282.429989
1.000000,0.047315,0.098358,-0.000824,0.060938,-0.000014,0.998142,550.000000,455.557938
1.000000,0.202220,0.087976,-0.011581,0.101855,-0.000010,0.994799,550.000000,417.681693
1.000000,0.522959,0.042091,-0.058379,0.186638,0.000001,0.982429,550.000000,336.420332
1.000000,0.901473,0.052346,-0.150710,0.286694,0.000013,0.958022,550.000000,235.513970
1.000000,0.897605,0.051631,-0.149554,0.285672,0.000013,0.958327,550.000000,236.573673
1.000000,0.915139,0.083038,-0.154828,0.290308,0.000013,0.956933,550.000000,231.763821
1.000000,0.406233,0.005268,-0.038093,0.155781,-0.000003,0.987792,550.000000,366.434438
1.000000,0.856620,0.069725,-0.137589,0.274839,0.000011,0.961490,550.000000,247.764561
1.000000,0.699849,0.042306,-0.096388,0.233397,0.000006,0.972382,550.000000,289.957543
1.000000,0.443976,0.004557,-0.044240,0.165758,-0.000002,0.986166,550.000000,356.785420
1.000000,0.415730,0.041428,-0.039603,0.158293,-0.000003,0.987392,550.000000,364.010440
1.000000,0.066697,0.067067,-0.000163,0.066030,-0.000014,0.997818,550.000000,450.891307
1.000000,0.763454,0.049817,-0.112239,0.250210,0.000008,0.968191,550.000000,272.955890
1.000000,0.053613,0.021323,0.000680,0.062570,-0.000014,0.998041,550.000000,454.063685
1.000000,0.090545,0.029483,-0.001817,0.072333,-0.000013,0.997381,550.000000,445.096441
1.000000,0.955743,0.027401,-0.167395,0.301040,0.000015,0.953612,550.000000,220.581936
1.000000,0.315740,0.022465,-0.024940,0.131861,-0.000006,0.991268,550.000000,389.354375
1.000000,0.433974,0.009278,-0.042573,0.163114,-0.000002,0.986607,550.000000,359.347635
1.000000,0.642075,0.037409,-0.082998,0.218124,0.000004,0.975921,550.000000,305.264648
1.000000,0.073620,0.025518,-0.000628,0.067858,-0.000014,0.997695,550.000000,449.212091
1.000000,0.401861,0.030367,-0.037406,0.154626,-0.000003,0.987973,550.000000,367.547974
1.000000,0.149847,0.076146,-0.006586,0.088010,-0.000011,0.996120,550.000000,430.594277
1.000000,0.327064,0.061467,-0.026463,0.134855,-0.000006,0.990865,550.000000,386.501532
1.000000,0.870274,0.093629,-0.141520,0.278449,0.000012,0.960451,550.000000,244.042921
1.000000,0.572000,0.071446,-0.068032,0.199602,0.000002,0.979877,550.000000,323.657563
1.000000,0.437757,0.080937,-0.043200,0.164116,-0.000002,0.986441,550.000000,358.376736
1.000000,0.561629,0.051383,-0.065934,0.196860,0.000002,0.980432,550.000000,326.364617
1.000000,0.314981,0.020363,-0.024839,0.131660,-0.000006,0.991295,550.000000,389.545427
1.000000,0.181753,0.044994,-0.009542,0.096443,-0.000010,0.995339,550.000000,422.740858
1.000000,-0.000000,0.100000,-0.000000,0.048447,-0.000016,0.998826,550.000000,466.949003
1.000000,0.149945,0.064786,-0.006595,0.088035,-0.000011,0.996117,550.000000,430.570563
1.000000,0.275181,0.026377,-0.019768,0.121139,-0.000007,0.992636,550.000000,399.529759
1.000000,0.012201,0.069492,0.003049,0.051624,-0.000016,0.998667,550.000000,464.058825
1.000000,0.477589,0.093501,-0.050046,0.174646,-0.000001,0.984631,550.000000,348.144988
1.000000,0.160118,0.070607,-0.007508,0.090725,-0.000011,0.995876,550.000000,428.069927
1.000000,0.741354,0.027158,-0.106598,0.244368,0.000008,0.969683,550.000000,278.881754
1.000000,0.376816,0.045288,-0.033572,0.148006,-0.000004,0.988986,550.000000,373.917213
1.000000,0.525569,0.025737,-0.058876,0.187327,0.000001,0.982298,550.000000,335.744019
1.000000,0.676781,0.075997,-0.090927,0.227300,0.000006,0.973825,550.000000,296.083784
1.000000,0.076299,0.003695,-0.000811,0.068566,-0.000014,0.997647,550.000000,448.561958
1.000000,0.000889,0.062290,0.001541,0.048661,-0.000016,0.998815,550.000000,466.754689
1.000000,0.825108,0.029988,-0.128728,0.266507,0.000010,0.963833,550.000000,256.324949
1.000000,0.857850,0.004141,-0.137940,0.275162,0.000011,0.961398,550.000000,247.431886
1.000000,0.223157,0.029099,-0.013784,0.107387,-0.000009,0.994217,550.000000,412.493903
1.000000,0.703166,0.028158,-0.097185,0.234273,0.000006,0.972171,550.000000,289.075262
1.000000,0.355847,0.040707,-0.030494,0.142463,-0.000005,0.989800,550.000000,379.232584
1.000000,0.502920,0.050552,-0.054628,0.181341,-0.000000,0.983420,550.000000,341.608869
1.000000,0.443975,0.034716,-0.044240,0.165759,-0.000002,0.986166,550.000000,356.784836
1.000000,0.157971,0.067639,-0.007313,0.090157,-0.000011,0.995928,550.000000,428.598058
1.000000,0.087306,0.063362,-0.001583,0.071477,-0.000013,0.997442,550.000000,445.883966
1.000000,0.202181,0.078376,-0.011577,0.101844,-0.000010,0.994800,550.000000,417.691747
1.000000,0.354371,0.032931,-0.030281,0.142073,-0.000005,0.989856,550.000000,379.606433
1.000000,0.290269,0.055083,-0.021639,0.125128,-0.000007,0.992141,550.000000,395.750730
1.000000,0.310828,0.099069,-0.022918,0.130518,-0.000006,0.991446,550.000000,390.632288
1.000000,0.397593,0.082490,-0.036740,0.153499,-0.000003,0.988149,550.000000,368.633658
1.000000,0.565819,0.075201,-0.066778,0.197968,0.000002,0.980208,550.000000,325.270896
1.000000,0.790197,0.098388,-0.120805,0.257383,0.000009,0.966309,550.000000,265.654634
1.000000,0.796381,0.061036,-0.120907,0.258915,0.000009,0.965900,550.000000,264.091887
1.000000,0.415795,0.090230,-0.039613,0.158311,-0.000003,0.987389,550.000000,363.992509
1.000000,0.642603,0.031380,-0.083117,0.218264,0.000004,0.975890,550.000000,305.125376
1.000000,0.015150,0.013729,0.002894,0.052402,-0.000015,0.998626,550.000000,463.350678
1.000000,0.713677,0.082597,-0.099735,0.237053,0.000007,0.971497,550.000000,286.273452
1.000000,0.705077,0.041204,-0.097646,0.234779,0.000006,0.972049,550.000000,288.566214
1.000000,0.764819,0.079576,-0.112592,0.250572,0.000008,0.968098,550.000000,272.588482
1.000000,0.593958,0.068624,-0.072572,0.205406,0.000003,0.978677,550.000000,317.914091
1.000000,0.952712,0.068379,-0.166440,0.300240,0.000015,0.953864,550.000000,221.417738
1.000000,0.640320,0.029807,-0.082607,0.217660,0.000004,0.976025,550.000000,305.727763
1.000000,0.190916,0.017545,-0.010441,0.098864,-0.000010,0.995101,550.000000,420.479014
1.000000,0.766685,0.088061,-0.113076,0.251066,0.000008,0.967970,550.000000,272.086856
1.000000,0.563459,0.081282,-0.066302,0.197344,0.000002,0.980334,550.000000,325.886508
1.000000,0.336320,0.053099,-0.027735,0.137302,-0.000005,0.990529,550.000000,384.167475
1.000000,0.691808,0.009272,-0.094467,0.231270,0.000006,0.972890,550.000000,292.096811
1.000000,0.366059,0.088495,-0.031977,0.145164,-0.000004,0.989408,550.000000,376.644706
1.000000,0.181746,0.054461,-0.009541,0.096441,-0.000010,0.995339,550.000000,422.742146
1.000000,0.964886,0.050744,-0.170294,0.303457,0.000015,0.952845,550.000000,218.053516
1.000000,0.413129,0.058069,-0.039186,0.157606,-0.000003,0.987502,550.000000,364.673866
1.000000,0.438955,0.067369,-0.043400,0.164433,-0.000002,0.986388,550.000000,358.070219
1.000000,0.818263,0.059470,-0.126842,0.264699,0.000010,0.964331,550.000000,258.177895
1.000000,0.000317,0.087209,0.000549,0.048523,-0.000016,0.998822,550.000000,466.879769
1.000000,0.307279,0.043076,-0.023824,0.129625,-0.000006,0.991563,550.000000,391.481518
1.000000,0.248823,0.021405,-0.016645,0.114172,-0.000008,0.993461,550.000000,406.110463
1.000000,0.670697,0.099626,-0.091306,0.225797,0.000005,0.974174,550.000000,297.590953
1.000000,0.265918,0.011992,-0.018649,0.118690,-0.000008,0.992931,550.000000,401.845755
1.000000,0.662121,0.090450,-0.087536,0.223425,0.000005,0.974721,550.000000,299.966530
1.000000,0.556253,0.049089,-0.064859,0.195439,0.000002,0.980716,550.000000,327.765942
1.000000,0.514360,0.086837,-0.056756,0.184366,0.000000,0.982858,550.000000,338.647436
1.000000,0.042851,0.004300,0.001339,0.059724,-0.000015,0.998215,550.000000,456.667923
1.000000,0.306878,0.034923,-0.023772,0.129518,-0.000006,0.991577,550.000000,391.582484
1.000000,0.612473,0.061932,-0.076507,0.210300,0.000003,0.977637,550.000000,313.056989
1.000000,0.384905,0.060896,-0.034791,0.150145,-0.000004,0.988664,550.000000,371.862031
1.000000,0.485718,0.023424,-0.051497,0.176793,-0.000001,0.984248,550.000000,346.051794
1.000000,0.085288,0.031092,-0.001439,0.070943,-0.000013,0.997480,550.000000,446.375805
1.000000,0.351993,0.093697,-0.029941,0.141446,-0.000005,0.989946,550.000000,380.206316
1.000000,0.899944,0.065203,-0.150253,0.286291,0.000013,0.958143,550.000000,235.932479
1.000000,0.267544,0.071659,-0.018843,0.119122,-0.000008,0.992880,550.000000,401.437813
1.000000,0.949667,0.086193,-0.165483,0.299435,0.000014,0.954117,550.000000,222.258069
1.000000,0.307881,0.051477,-0.023903,0.129784,-0.000006,0.991542,550.000000,391.330064
1.000000,0.715068,0.040383,-0.100074,0.237420,0.000007,0.971407,550.000000,285.904083
1.000000,0.173558,0.035857,-0.008757,0.094276,-0.000010,0.995546,550.000000,424.762005
1.000000,0.143598,0.093532,-0.006039,0.086359,-0.000011,0.996264,550.000000,432.127694
1.000000,0.147885,0.084184,-0.006413,0.087491,-0.000011,0.996165,550.000000,431.075776
1.000000,0.316843,0.000970,-0.023736,0.132105,-0.000006,0.991236,550.000000,389.122075
1.000000,0.401215,0.057808,-0.037304,0.154456,-0.000003,0.988000,550.000000,367.711820
1.000000,0.641940,0.010958,-0.082968,0.218088,0.000004,0.975929,550.000000,305.301079
1.000000,0.068084,0.048058,-0.000255,0.066396,-0.000014,0.997793,550.000000,450.555300
1.000000,0.422398,0.053674,-0.040678,0.160056,-0.000003,0.987108,550.000000,362.306879
1.000000,0.240073,0.038234,-0.015649,0.111859,-0.000008,0.993724,550.000000,408.289109
1.000000,0.594510,0.019849,-0.072688,0.205551,0.000003,0.978646,550.000000,317.770842
1.000000,0.295496,0.029105,-0.022303,0.126509,-0.000007,0.991965,550.000000,394.440715
1.000000,0.803539,0.021689,-0.122832,0.260806,0.000010,0.965391,550.000000,262.160524
1.000000,0.363494,0.043938,-0.031602,0.144485,-0.000004,0.989507,550.000000,377.295990
1.000000,0.263572,0.092419,-0.018369,0.118072,-0.000008,0.993005,550.000000,402.429373
1.000000,0.778905,0.078432,-0.116267,0.254296,0.000009,0.967127,550.000000,268.801066
1.000000,0.337454,0.013887,-0.027892,0.137600,-0.000005,0.990488,550.000000,383.882279
1.000000,0.193870,0.005856,-0.010736,0.099645,-0.000010,0.995023,550.000000,419.749287
1.000000,0.076532,0.086873,-0.000826,0.068630,-0.000014,0.997642,550.000000,448.503058
1.000000,0.022684,0.077688,0.002492,0.054395,-0.000015,0.998519,550.000000,461.534084
1.000000,0.401716,0.021515,-0.037383,0.154587,-0.000003,0.987979,550.000000,367.585197
1.000000,0.319256,0.068896,-0.025409,0.132791,-0.000006,0.991144,550.000000,388.468251
1.000000,0.230587,0.088581,-0.014593,0.109353,-0.000009,0.994003,550.000000,410.646597
1.000000,0.150749,0.084423,-0.006666,0.088249,-0.000011,0.996098,550.000000,430.372460
1.000000,0.329294,0.054108,-0.026768,0.135444,-0.000006,0.990785,550.000000,385.939662
1.000000,0.667266,0.003698,-0.088719,0.224783,0.000005,0.974409,550.000000,298.607232
1.000000,0.173602,0.080129,-0.008761,0.094289,-0.000010,0.995545,550.000000,424.749846
1.000000,0.642046,0.083409,-0.082992,0.218118,0.000004,0.975922,550.000000,305.270674
1.000000,0.416135,0.036575,-0.039667,0.158399,-0.000003,0.987375,550.000000,363.907353
1.000000,0.453372,0.080608,-0.045832,0.168244,-0.000002,0.985745,550.000000,354.372770
1.000000,0.416771,0.010816,-0.039770,0.158567,-0.000003,0.987348,550.000000,363.745580
1.000000,0.407815,0.050096,-0.038342,0.156200,-0.000003,0.987725,550.000000,366.029873
1.000000,0.315596,0.009341,-0.024921,0.131822,-0.000006,0.991273,550.000000,389.391113
1.000000,0.068889,0.038446,-0.000309,0.066608,-0.000014,0.997779,550.000000,450.360279
1.000000,0.291145,0.048992,-0.021750,0.125360,-0.000007,0.992111,550.000000,395.531193
1.000000,0.051036,0.014906,0.000840,0.061888,-0.000014,0.998083,550.000000,454.687714
1.000000,0.359775,0.000405,-0.029938,0.143458,-0.000005,0.989656,550.000000,378.279725
1.000000,0.319276,0.051176,-0.025412,0.132796,-0.000006,0.991143,550.000000,388.463566
1.000000,0.020440,0.011069,0.002613,0.053800,-0.000015,0.998552,550.000000,462.076507
1.000000,0.087643,0.045149,-0.001607,0.071566,-0.000013,0.997436,550.000000,445.802396
1.000000,0.409949,0.080705,-0.038680,0.156766,-0.000003,0.987636,550.000000,365.484603
1.000000,0.512542,0.043545,-0.056415,0.183884,0.000000,0.982948,550.000000,339.119495
1.000000,0.079366,0.021443,-0.001023,0.069377,-0.000013,0.997591,550.000000,447.816273
1.000000,0.000897,0.011146,0.001554,0.048661,-0.000016,0.998815,550.000000,466.754473
1.000000,0.000159,0.049298,0.000275,0.048484,-0.000016,0.998824,550.000000,466.915523
1.000000,0.108792,0.095377,-0.003184,0.077158,-0.000013,0.997019,550.000000,440.646147
1.000000,0.380014,0.004298,-0.034052,0.148850,-0.000004,0.988860,550.000000,373.106428
1.000000,0.227328,0.004559,-0.014237,0.108489,-0.000009,0.994098,550.000000,411.458859
1.000000,0.310551,0.041568,-0.024253,0.130489,-0.000006,0.991450,550.000000,390.659217
1.000000,0.161939,0.015479,-0.007675,0.091204,-0.000011,0.995832,550.000000,427.623562
1.000000,0.394235,0.071827,-0.036220,0.152611,-0.000004,0.988286,550.000000,369.488736
1.000000,0.961665,0.017947,-0.169269,0.302605,0.000015,0.953116,550.000000,218.945516
1.000000,0.799534,0.063203,-0.121753,0.259748,0.000010,0.965676,550.000000,263.240733
1.000000,0.236471,0.063064,-0.015245,0.110908,-0.000009,0.993831,550.000000,409.184570
1.000000,0.151769,0.012906,-0.006757,0.088516,-0.000011,0.996075,550.000000,430.124019
1.000000,0.732597,0.057749,-0.104403,0.242054,0.000007,0.970263,550.000000,281.223464
1.000000,0.339085,0.099911,-0.026869,0.137989,-0.000005,0.990434,550.000000,383.511311
1.000000,0.506773,0.074662,-0.055341,0.182360,0.000000,0.983232,550.000000,340.611580
1.000000,0.981627,0.034445,-0.173502,0.307714,0.000015,0.951479,550.000000,213.592862
1.000000,0.640373,0.010365,-0.082618,0.217674,0.000004,0.976022,550.000000,305.714373
1.000000,0.055693,0.064428,0.000549,0.063121,-0.000014,0.998006,550.000000,453.558697
1.000000,0.627207,0.078629,-0.079707,0.214195,0.000004,0.976791,550.000000,309.181767
1.000000,0.204289,0.029899,-0.011794,0.102400,-0.000010,0.994743,550.000000,417.171211
1.000000,0.290901,0.009751,-0.021720,0.125294,-0.000007,0.992120,550.000000,395.593591
1.000000,0.046127,0.045060,0.001142,0.060591,-0.000015,0.998163,550.000000,455.874702
1.000000,0.497891,0.047702,-0.053704,0.180011,-0.000000,0.983665,550.000000,342.908740
1.000000,0.689038,0.069185,-0.093810,0.230540,0.000006,0.973063,550.000000,292.830974
1.000000,0.278593,0.055202,-0.020185,0.122042,-0.000007,0.992525,550.000000,398.675340
1.000000,0.922497,0.088481,-0.157068,0.292253,0.000014,0.956341,550.000000,229.742082
1.000000,0.831209,0.010540,-0.130420,0.268120,0.000011,0.963386,550.000000,254.671442
1.000000,0.337309,0.001637,-0.026613,0.137516,-0.000005,0.990500,550.000000,383.962561
1.000000,0.659190,0.062480,-0.086866,0.222649,0.000005,0.974899,550.000000,300.742713
1.000000,0.325900,0.007966,-0.026305,0.134546,-0.000006,0.990907,550.000000,386.796656
1.000000,0.841515,0.057388,-0.133305,0.270845,0.000011,0.962623,550.000000,251.872654
1.000000,0.831697,0.005015,-0.130556,0.268248,0.000011,0.963350,550.000000,254.539288
1.000000,0.932089,0.029033,-0.160013,0.294787,0.000014,0.955563,550.000000,227.105210
1.000000,0.430927,0.028652,-0.042070,0.162309,-0.000002,0.986740,550.000000,360.126859
1.000000,0.725363,0.021410,-0.102606,0.240141,0.000007,0.970738,550.000000,283.157258
1.000000,0.661424,0.053731,-0.087376,0.223240,0.000005,0.974764,550.000000,300.152107
1.000000,0.153531,0.010950,-0.006914,0.088982,-0.000011,0.996033,550.000000,429.691041
1.000000,0.571573,0.078278,-0.067945,0.199489,0.000002,0.979900,550.000000,323.768787
1.000000,0.173755,0.063209,-0.008775,0.094329,-0.000010,0.995541,550.000000,424.712699
1.000000,0.400088,0.070824,-0.037128,0.154159,-0.000003,0.988046,550.000000,367.998443
1.000000,0.284618,0.016507,-0.020931,0.123634,-0.000007,0.992328,550.000000,397.167877
1.000000,0.285344,0.028454,-0.021022,0.123826,-0.000007,0.992304,550.000000,396.985684
1.000000,0.302420,0.029627,-0.023192,0.128340,-0.000006,0.991730,550.000000,392.702669
1.000000,-0.000196,0.050332,-0.000340,0.048398,-0.000016,0.998828,550.000000,466.993509
1.000000,0.887973,0.066538,-0.146697,0.283126,0.000012,0.959083,550.000000,239.209344
1.000000,0.676187,0.028715,-0.090789,0.227141,0.000006,0.973862,550.000000,296.242727
1.000000,0.311154,0.000758,-0.022962,0.130601,-0.000006,0.991435,550.000000,390.553359
1.000000,0.982479,0.026458,-0.172036,0.307804,0.000015,0.951450,550.000000,213.498419
1.000000,0.866841,0.083876,-0.140526,0.277541,0.000012,0.960714,550.000000,244.979624
1.000000,0.858305,0.000605,-0.138586,0.275318,0.000011,0.961353,550.000000,247.270729
1.000000,0.333076,0.017486,-0.027287,0.136443,-0.000005,0.990648,550.000000,384.986927
1.000000,0.278830,0.079201,-0.020214,0.122105,-0.000007,0.992517,550.000000,398.615283
1.000000,0.037093,0.064935,0.001680,0.058204,-0.000015,0.998305,550.000000,458.057676
1.000000,0.150472,0.044618,-0.006642,0.088174,-0.000011,0.996105,550.000000,430.441727
1.000000,0.022587,0.028059,0.002497,0.054368,-0.000015,0.998521,550.000000,461.558704
1.000000,0.571087,0.061595,-0.067846,0.199360,0.000002,0.979926,550.000000,323.896359
1.000000,0.064438,0.083576,-0.000014,0.065433,-0.000014,0.997857,550.000000,451.438770
1.000000,0.138630,0.057060,-0.005612,0.085044,-0.000012,0.996377,550.000000,433.347428
1.000000,0.126247,0.047224,-0.004576,0.081770,-0.000012,0.996651,550.000000,436.381137
1.000000,0.693391,0.088098,-0.094844,0.231691,0.000006,0.972789,550.000000,291.673522
1.000000,0.809322,0.016880,-0.124399,0.262334,0.000010,0.964977,550.000000,260.598072
1.000000,0.082533,0.008437,-0.001245,0.070214,-0.000013,0.997532,550.000000,447.046651
1.000000,0.954526,0.057844,-0.167011,0.300719,0.000015,0.953713,550.000000,220.917218
1.000000,0.166600,0.036452,-0.008104,0.092437,-0.000011,0.995719,550.000000,426.475796
1.000000,0.155275,0.096322,-0.007070,0.089445,-0.000011,0.995992,550.000000,429.260005
1.000000,0.213385,0.044733,-0.012741,0.104805,-0.000009,0.994493,550.000000,414.917563
1.000000,0.744342,0.062395,-0.107353,0.245159,0.000008,0.969483,550.000000,278.080825
1.000000,0.801030,0.077696,-0.122156,0.260144,0.000010,0.965570,550.000000,262.836382
1.000000,0.697160,0.052939,-0.095743,0.232686,0.000006,0.972552,550.000000,290.672531
1.000000,0.147397,0.025209,-0.006371,0.087361,-0.000011,0.996177,550.000000,431.197202
1.000000,0.386953,0.083149,-0.035103,0.150687,-0.000004,0.988582,550.000000,371.340757
1.000000,0.259243,0.079326,-0.017856,0.116928,-0.000008,0.993140,550.000000,403.510504
1.000000,0.859358,0.026056,-0.138372,0.275561,0.000011,0.961284,550.000000,247.020399
1.000000,0.274199,0.061111,-0.019648,0.120881,-0.000007,0.992667,550.000000,399.774356
1.000000,0.094986,0.076743,-0.002141,0.073508,-0.000013,0.997295,550.000000,444.013540
1.000000,0.680355,0.006472,-0.091763,0.228242,0.000006,0.973604,550.000000,295.138002
1.000000,0.168860,0.085605,-0.008314,0.093036,-0.000011,0.995663,550.000000,425.918036
1.000000,0.371037,0.066042,-0.032711,0.146479,-0.000004,0.989214,550.000000,375.383137
1.000000,0.387405,0.003851,-0.035172,0.150804,-0.000004,0.988564,550.000000,371.228270
1.000000,0.298127,0.098694,-0.021234,0.127160,-0.000007,0.991882,550.000000,393.822738
1.000000,0.941476,0.029418,-0.162922,0.297268,0.000014,0.954794,550.000000,224.519213
1.000000,0.324563,0.055106,-0.026124,0.134194,-0.000006,0.990955,550.000000,387.132144
1.000000,0.334790,0.053972,-0.027523,0.136897,-0.000005,0.990585,550.000000,384.553544
1.000000,0.541387,0.050647,-0.061927,0.191509,0.000001,0.981491,550.000000,331.635222
1.000000,0.872647,0.090551,-0.142208,0.279076,0.000012,0.960269,550.000000,243.395579
1.000000,0.721126,0.059495,-0.101560,0.239022,0.000007,0.971014,550.000000,284.287209
1.000000,-0.000671,0.072684,-0.001163,0.048284,-0.000016,0.998834,550.000000,467.097328
1.000000,0.133303,0.000496,-0.004962,0.083630,-0.000012,0.996497,550.000000,434.658608
1.000000,0.836695,0.056269,-0.131952,0.269571,0.000011,0.962980,550.000000,253.181359
1.000000,0.154934,0.015918,-0.007040,0.089353,-0.000011,0.996000,550.000000,429.346076
1.000000,0.880001,0.013680,-0.144353,0.281017,0.000012,0.959703,550.000000,241.390292
1.000000,0.780459,0.044635,-0.116675,0.254705,0.000009,0.967019,550.000000,268.383826
1.000000,0.228676,0.055878,-0.014384,0.108847,-0.000009,0.994059,550.000000,411.122451
1.000000,0.450506,0.006722,-0.045344,0.167484,-0.000002,0.985875,550.000000,355.110689
1.000000,0.200512,0.061011,-0.011407,0.101402,-0.000010,0.994846,550.000000,418.105087
1.000000,0.571035,0.053448,-0.067835,0.199346,0.000002,0.979929,550.000000,323.909987
1.000000,0.809177,0.008599,-0.124360,0.262296,0.000010,0.964988,550.000000,260.637410
1.000000,0.879788,0.099697,-0.144307,0.280965,0.000012,0.959718,550.000000,241.444467
1.000000,0.394848,0.091009,-0.036314,0.152774,-0.000003,0.988261,550.000000,369.332154
1.000000,0.127904,0.008559,-0.004713,0.082207,-0.000012,0.996615,550.000000,435.976663
1.000000,0.265113,0.077762,-0.018552,0.118479,-0.000008,0.992957,550.000000,402.044927
1.000000,0.676798,0.095720,-0.090932,0.227305,0.000006,0.973824,550.000000,296.078526
1.000000,0.218261,0.028704,-0.013258,0.106093,-0.000009,0.994356,550.000000,413.708883
1.000000,0.039801,0.053814,0.001521,0.058920,-0.000015,0.998263,550.000000,457.403739
1.000000,0.884700,0.030659,-0.145732,0.282260,0.000012,0.959338,550.000000,240.105579
1.000000,0.107168,0.058117,-0.003059,0.076728,-0.000013,0.997052,550.000000,441.043617
1.000000,0.085718,0.044264,-0.001470,0.071057,-0.000013,0.997472,550.000000,446.270869
1.000000,0.353858,0.053230,-0.030208,0.141938,-0.000005,0.989876,550.000000,379.735533
1.000000,0.689530,0.094046,-0.093927,0.230671,0.000006,0.973032,550.000000,292.699438
1.000000,0.885292,0.064188,-0.145907,0.282418,0.000012,0.959292,550.000000,239.942631
1.000000,0.036196,0.093917,0.001732,0.057968,-0.000015,0.998318,550.000000,458.273550
1.000000,0.137519,0.070675,-0.005517,0.084751,-0.000012,0.996402,550.000000,433.619464
1.000000,0.727980,0.008459,-0.103254,0.240832,0.000007,0.970567,550.000000,282.458826
1.000000,0.711518,0.068558,-0.099208,0.236482,0.000007,0.971636,550.000000,286.849578
1.000000,0.069740,0.098558,-0.001591,0.066857,-0.000014,0.997763,550.000000,450.132035
1.000000,0.270567,0.062933,-0.019207,0.119921,-0.000007,0.992783,550.000000,400.682483
1.000000,0.494471,0.068417,-0.053080,0.179108,-0.000000,0.983829,550.000000,343.791531
1.000000,0.447104,0.055510,-0.044767,0.166586,-0.000002,0.986027,550.000000,355.981883
1.000000,0.540615,0.018635,-0.061777,0.191304,0.000001,0.981531,550.000000,331.836934
1.000000,0.798287,0.038695,-0.121418,0.259418,0.000009,0.965765,550.000000,263.578178
1.000000,0.465454,0.040943,-0.047914,0.171437,-0.000001,0.985195,550.000000,351.269796
1.000000,0.579892,0.046449,-0.069648,0.201687,0.000002,0.979450,550.000000,321.596128
1.000000,0.019929,0.056147,0.002641,0.053667,-0.000015,0.998559,550.000000,462.198345
1.000000,0.211880,0.038977,-0.012583,0.104406,-0.000009,0.994535,550.000000,415.290837
1.000000,0.164466,0.095224,-0.007906,0.091875,-0.000011,0.995771,550.000000,426.999525
1.000000,0.480014,0.088681,-0.050477,0.175287,-0.000001,0.984517,550.000000,347.520277
1.000000,0.325929,0.060284,-0.026309,0.134555,-0.000006,0.990906,550.000000,386.787717
1.000000,0.396148,0.028135,-0.036516,0.153116,-0.000003,0.988208,550.000000,369.003210
1.000000,0.355557,0.003917,-0.030452,0.142385,-0.000005,0.989811,550.000000,379.307127
1.000000,0.278153,0.062020,-0.020131,0.121926,-0.000007,0.992539,550.000000,398.785161
1.000000,0.656035,0.064040,-0.086146,0.221815,0.000005,0.975089,550.000000,301.577011
1.000000,0.395462,0.027401,-0.036410,0.152934,-0.000003,0.988236,550.000000,369.177934
1.000000,0.268226,0.076661,-0.018925,0.119302,-0.000008,0.992858,550.000000,401.267325
1.000000,0.897951,0.007920,-0.149657,0.285762,0.000013,0.958301,550.000000,236.480281
1.000000,0.687687,0.064600,-0.093490,0.230183,0.000006,0.973147,550.000000,293.189821
1.000000,0.240768,0.040157,-0.015728,0.112043,-0.000008,0.993703,550.000000,408.116035
1.000000,0.951752,0.016845,-0.166137,0.299984,0.000014,0.953944,550.000000,221.684473
1.000000,0.128624,0.098461,-0.004658,0.082398,-0.000012,0.996600,550.000000,435.800151
1.000000,0.109983,0.043158,-0.003277,0.077471,-0.000012,0.996995,550.000000,440.356859
1.000000,0.607777,0.077201,-0.075500,0.209059,0.000003,0.977903,550.000000,314.289685
1.000000,0.513024,0.024389,-0.056505,0.184011,0.000000,0.982924,550.000000,338.995268
1.000000,0.625450,0.001152,-0.080842,0.213813,0.000004,0.976875,550.000000,309.563025
1.000000,0.363721,0.033034,-0.031635,0.144544,-0.000004,0.989498,550.000000,377.238930
1.000000,0.979425,0.065130,-0.174957,0.307301,0.000015,0.951612,550.000000,214.026619
1.000000,0.192764,0.060488,-0.010625,0.099354,-0.000010,0.995052,550.000000,420.021303
1.000000,0.454677,0.066068,-0.046055,0.168589,-0.000002,0.985687,550.000000,354.038258
1.000000,0.749881,0.016861,-0.108758,0.246622,0.000008,0.969112,550.000000,276.598145
1.000000,0.155324,0.073725,-0.007074,0.089458,-0.000011,0.995991,550.000000,429.248604
1.000000,0.676681,0.096370,-0.090904,0.227274,0.000006,0.973831,550.000000,296.109515
1.000000,0.212203,0.078857,-0.012616,0.104493,-0.000009,0.994526,550.000000,415.209487
1.000000,0.356359,0.058014,-0.030567,0.142599,-0.000005,0.989781,550.000000,379.102635
1.000000,0.419089,0.093435,-0.040142,0.159182,-0.000003,0.987249,550.000000,363.151070
1.000000,0.735730,0.094187,-0.105186,0.242883,0.000007,0.970056,550.000000,280.384404
1.000000,0.461317,0.033407,-0.047197,0.170343,-0.000001,0.985385,550.000000,352.333717
1.000000,0.568078,0.007885,-0.067235,0.198563,0.000002,0.980088,550.000000,324.683349
1.000000,0.799763,0.005028,-0.121814,0.259807,0.000010,0.965661,550.000000,263.180839
1.000000,0.123407,0.029602,-0.004344,0.081019,-0.000012,0.996713,550.000000,437.076456
1.000000,0.621690,0.085444,-0.078502,0.212738,0.000004,0.977109,550.000000,310.633170
1.000000,0.110914,0.038697,-0.003349,0.077717,-0.000012,0.996975,550.000000,440.129670
1.000000,0.310553,0.001169,-0.022881,0.130442,-0.000006,0.991456,550.000000,390.704484
1.000000,0.366603,0.001385,-0.030983,0.145264,-0.000004,0.989393,550.000000,376.548678
1.000000,0.251750,0.098996,-0.015592,0.114906,-0.000008,0.993376,550.000000,405.418282
1.000000,0.573147,0.000992,-0.069317,0.199957,0.000002,0.979805,550.000000,323.306374
1.000000,0.588550,0.000621,-0.072644,0.204038,0.000003,0.978963,550.000000,319.269571
1.000000,0.466348,0.094752,-0.048070,0.171674,-0.000001,0.985154,550.000000,351.038411
1.000000,0.240360,0.042387,-0.015682,0.111935,-0.000008,0.993716,550.000000,408.217489
1.000000,0.739166,0.085430,-0.106048,0.243791,0.000008,0.969828,550.000000,279.465435
1.000000,0.337944,0.016025,-0.027960,0.137730,-0.000005,0.990470,550.000000,383.758730
1.000000,0.675901,0.049539,-0.090722,0.227067,0.000006,0.973879,550.000000,296.317856
1.000000,0.905533,0.070446,-0.151927,0.287768,0.000013,0.957700,550.000000,234.400191
1.000000,0.460040,0.073461,-0.046976,0.170006,-0.000001,0.985443,550.000000,352.660562
1.000000,0.230876,0.040926,-0.014625,0.109428,-0.000009,0.993995,550.000000,410.576288
1.000000,0.367478,0.009338,-0.032186,0.145537,-0.000004,0.989353,550.000000,376.287368
1.000000,0.134776,0.074910,-0.005285,0.084026,-0.000012,0.996464,550.000000,434.291442
1.000000,0.027855,0.030774,0.002207,0.055761,-0.000015,0.998444,550.000000,460.288461
1.000000,0.015621,0.045256,0.002870,0.052528,-0.000015,0.998619,550.000000,463.236278
1.000000,0.290280,0.001596,-0.020223,0.125083,-0.000007,0.992146,550.000000,395.793562
1.000000,0.968008,0.016263,-0.171289,0.304281,0.000015,0.952582,550.000000,217.190895
1.000000,0.220731,0.094706,-0.013522,0.106748,-0.000009,0.994286,550.000000,413.094011
1.000000,0.867033,0.055064,-0.140581,0.277591,0.000012,0.960699,550.000000,244.928144
1.000000,0.593914,0.066106,-0.072563,0.205395,0.000003,0.978679,550.000000,317.925458
1.000000,0.568771,0.012562,-0.067375,0.198747,0.000002,0.980051,550.000000,324.502433
1.000000,0.320707,0.098907,-0.024268,0.133129,-0.000006,0.991099,550.000000,388.146455
1.000000,0.006577,0.069219,0.003335,0.050138,-0.000016,0.998742,550.000000,465.411703
1.000000,0.413713,0.088611,-0.039280,0.157761,-0.000003,0.987477,550.000000,364.523880
1.000000,0.423911,0.099096,-0.040349,0.160433,-0.000003,0.987047,550.000000,361.942004
1.000000,0.265231,0.031628,-0.018567,0.118509,-0.000008,0.992953,550.000000,402.016889
1.000000,0.339806,0.030069,-0.028220,0.138222,-0.000005,0.990401,550.000000,383.288161
1.000000,0.328176,0.066688,-0.026615,0.135149,-0.000006,0.990825,550.000000,386.221107
1.000000,0.866952,0.001226,-0.140883,0.277591,0.000012,0.960699,550.000000,244.928097
1.000000,0.306271,0.054253,-0.023692,0.129359,-0.000006,0.991598,550.000000,391.734440
1.000000,0.598188,0.075095,-0.073463,0.206525,0.000003,0.978441,550.000000,316.805275
1.000000,0.660819,0.017901,-0.087238,0.223079,0.000005,0.974800,550.000000,300.313207
1.000000,0.847152,0.079802,-0.134896,0.272336,0.000011,0.962202,550.000000,250.340031
1.000000,0.636563,0.019997,-0.081771,0.216667,0.000004,0.976246,550.000000,306.718773
1.000000,0.035422,0.001144,-0.000513,0.057795,-0.000015,0.998328,550.000000,458.431242
1.000000,0.925905,0.074018,-0.158111,0.293154,0.000014,0.956065,550.000000,228.805346
1.000000,0.000909,0.014257,0.001575,0.048664,-0.000016,0.998815,550.000000,466.751699
1.000000,0.563895,0.044892,-0.066390,0.197459,0.000002,0.980311,550.000000,325.773780
1.000000,0.427467,0.008563,-0.041503,0.161394,-0.000002,0.986890,550.000000,361.012462
1.000000,0.409339,0.020647,-0.038584,0.156603,-0.000003,0.987662,550.000000,365.641890
1.000000,0.194327,0.001580,-0.009748,0.099738,-0.000010,0.995014,550.000000,419.661885
1.000000,0.957498,0.048914,-0.167949,0.301504,0.000015,0.953465,550.000000,220.096496
1.000000,0.825879,0.060738,-0.128941,0.266712,0.000010,0.963776,550.000000,256.114903
1.000000,0.389106,0.046689,-0.035431,0.151255,-0.000004,0.988495,550.000000,370.794417
1.000000,0.903293,0.058434,-0.151255,0.287176,0.000013,0.957878,550.000000,235.014904
1.000000,0.591745,0.073784,-0.072109,0.204821,0.000003,0.978799,550.000000,318.493481
1.000000,0.735959,0.074151,-0.105243,0.242943,0.000007,0.970041,550.000000,280.323863
1.000000,0.586793,0.022860,-0.071076,0.203511,0.000003,0.979073,550.000000,319.791599
1.000000,0.000807,0.054824,0.001398,0.048640,-0.000016,0.998816,550.000000,466.773038
1.000000,0.303598,0.034738,-0.023345,0.128651,-0.000006,0.991690,550.000000,392.406701
1.000000,0.403231,0.095607,-0.037620,0.154990,-0.000003,0.987916,550.000000,367.196988
1.000000,0.484328,0.021271,-0.051248,0.176425,-0.000001,0.984314,550.000000,346.410375
1.000000,0.716656,0.005671,-0.100462,0.237838,0.000007,0.971305,550.000000,285.481729
1.000000,0.477439,0.065199,-0.050020,0.174606,-0.000001,0.984638,550.000000,348.184368
1.000000,0.048266,0.005009,0.001011,0.061156,-0.000014,0.998128,550.000000,455.358305
1.000000,0.774487,0.022056,-0.115107,0.253126,0.000009,0.967433,550.000000,269.991653
1.000000,0.827472,0.090198,-0.129383,0.267134,0.000010,0.963659,550.000000,255.682303
1.000000,0.204559,0.095470,-0.011821,0.102473,-0.000010,0.994736,550.000000,417.102445
1.000000,0.246141,0.028636,-0.016337,0.113463,-0.000008,0.993542,550.000000,406.778595
1.000000,0.046263,0.086764,0.001134,0.060629,-0.000014,0.998160,550.000000,455.840622
1.000000,0.429354,0.086561,-0.041812,0.161895,-0.000002,0.986808,550.000000,360.527322
1.000000,0.789711,0.075919,-0.119125,0.257152,0.000009,0.966371,550.000000,265.890341
1.000000,0.899356,0.041681,-0.150077,0.286134,0.000013,0.958189,550.000000,236.094372
1.000000,0.891839,0.095590,-0.147841,0.284149,0.000013,0.958780,550.000000,238.150774
1.000000,0.146824,0.057169,-0.006321,0.087210,-0.000011,0.996190,550.000000,431.337067
1.000000,0.688208,0.072835,-0.093613,0.230321,0.000006,0.973115,550.000000,293.051135
1.000000,0.982752,0.053210,-0.171548,0.307833,0.000015,0.951441,550.000000,213.468795
1.000000,0.248874,0.083816,-0.016650,0.114187,-0.000008,0.993459,550.000000,406.096061
1.000000,0.001266,0.063178,0.003598,0.048733,-0.000016,0.998812,550.000000,466.688541
1.000000,0.178414,0.061054,-0.009220,0.095561,-0.000010,0.995424,550.000000,423.564120
1.000000,0.393726,0.030627,-0.036141,0.152476,-0.000004,0.988307,550.000000,369.619575
1.000000,0.184943,0.017830,-0.009853,0.097285,-0.000010,0.995257,550.000000,421.954221
1.000000,0.672358,0.049539,-0.089898,0.226130,0.000005,0.974097,550.000000,297.256952
1.000000,0.210039,0.000430,-0.011219,0.103887,-0.000009,0.994589,550.000000,415.777960
1.000000,0.811878,0.060338,-0.125096,0.263011,0.000010,0.964793,550.000000,259.905566
1.000000,0.983229,0.009150,-0.170771,0.307885,0.000015,0.951424,550.000000,213.413680
1.000000,0.732670,0.008647,-0.104421,0.242072,0.000007,0.970258,550.000000,281.205336
1.000000,0.942529,0.043145,-0.163250,0.297547,0.000014,0.954707,550.000000,224.228523
1.000000,0.676981,0.039921,-0.090974,0.227352,0.000006,0.973813,550.000000,296.031893
1.000000,0.755540,0.095947,-0.110203,0.248120,0.000008,0.968729,550.000000,275.078482
1.000000,0.013735,0.084882,0.002969,0.052030,-0.000016,0.998646,550.000000,463.689160
1.000000,0.647975,0.027717,-0.084322,0.219684,0.000005,0.975571,550.000000,303.707529
1.000000,0.204538,0.090538,-0.011819,0.102467,-0.000010,0.994736,550.000000,417.107860
1.000000,0.561406,0.031858,-0.065890,0.196800,0.000002,0.980444,550.000000,326.423239
1.000000,0.184384,0.080602,-0.009797,0.097140,-0.000010,0.995271,550.000000,422.090439
1.000000,0.970149,0.022004,-0.171974,0.304847,0.000015,0.952401,550.000000,216.598057
1.000000,0.667931,0.035332,-0.088873,0.224959,0.000005,0.974368,550.000000,298.430231
1.000000,0.426381,0.038285,-0.041326,0.161108,-0.000002,0.986937,550.000000,361.289233
1.000000,0.588240,0.061568,-0.071377,0.203894,0.000003,0.978993,550.000000,319.411693
1.000000,0.406610,0.012000,-0.038152,0.155881,-0.000003,0.987776,550.000000,366.338324
1.000000,0.776731,0.058231,-0.115696,0.253720,0.000009,0.967278,550.000000,269.386700
1.000000,0.982969,0.003275,-0.171230,0.307858,0.000015,0.951432,550.000000,213.441748
1.000000,0.337964,0.049914,-0.027963,0.137736,-0.000005,0.990469,550.000000,383.752695
1.000000,0.038792,0.016330,0.001580,0.058652,-0.000015,0.998279,550.000000,457.648684
1.000000,0.289562,0.061918,-0.021550,0.124942,-0.000007,0.992164,550.000000,395.927879
1.000000,0.087446,0.030130,-0.001594,0.071513,-0.000013,0.997440,550.000000,445.850754
1.000000,0.182632,0.057948,-0.009627,0.096676,-0.000010,0.995316,550.000000,422.523406
1.000000,0.235825,0.001200,-0.013843,0.110696,-0.000009,0.993854,550.000000,409.383254
1.000000,0.798755,0.042582,-0.121544,0.259542,0.000010,0.965732,550.000000,263.451686
1.000000,0.018065,0.064415,0.002741,0.053174,-0.000015,0.998585,550.000000,462.647140
1.000000,0.440488,0.069998,-0.043656,0.164838,-0.000002,0.986321,550.000000,357.677411
1.000000,0.107680,0.022462,-0.003099,0.076862,-0.000013,0.997042,550.000000,440.919856
1.000000,0.749809,0.077711,-0.108740,0.246604,0.000008,0.969116,550.000000,276.615581
1.000000,0.536017,0.039313,-0.060884,0.190089,0.000001,0.981767,550.000000,333.031272
1.000000,0.421591,0.083449,-0.040547,0.159843,-0.000003,0.987142,550.000000,362.512217
1.000000,0.730751,0.027132,-0.103942,0.241565,0.000007,0.970385,550.000000,281.717817
1.000000,-0.000673,0.027270,-0.001166,0.048282,-0.000016,0.998834,550.000000,467.099003
1.000000,0.591487,0.073571,-0.072055,0.204753,0.000003,0.978814,550.000000,318.561013
1.000000,0.580902,0.056676,-0.069856,0.201955,0.000002,0.979395,550.000000,321.331700
1.000000,0.053860,0.077964,0.000665,0.062637,-0.000014,0.998036,550.000000,454.002300
1.000000,0.971598,0.001534,-0.169207,0.304982,0.000015,0.952358,550.000000,216.457393
1.000000,0.326209,0.065153,-0.026347,0.134629,-0.000006,0.990896,550.000000,386.717111
1.000000,0.221773,0.094170,-0.013634,0.107023,-0.000009,0.994256,550.000000,412.835386
1.000000,0.452809,0.082326,-0.045736,0.168095,-0.000002,0.985771,550.000000,354.517243
1.000000,0.278163,0.012766,-0.020133,0.121927,-0.000007,0.992539,550.000000,398.784279
1.000000,0.703002,0.036904,-0.097146,0.234230,0.000006,0.972181,550.000000,289.118657
1.000000,0.983130,0.019814,-0.170919,0.307873,0.000015,0.951427,550.000000,213.425978
1.000000,0.669044,0.075683,-0.089130,0.225255,0.000005,0.974300,550.000000,298.134026
1.000000,0.034094,0.089355,0.001854,0.057412,-0.000015,0.998351,550.000000,458.781158
1.000000,0.291340,0.057844,-0.021775,0.125412,-0.000007,0.992105,550.000000,395.482040
1.000000,0.857302,0.036800,-0.137783,0.275018,0.000011,0.961439,550.000000,247.580060
1.000000,0.221060,0.031414,-0.013558,0.106833,-0.000009,0.994277,550.000000,413.014274
1.000000,0.563367,0.064225,-0.066284,0.197320,0.000002,0.980339,550.000000,325.911035
1.000000,0.181388,0.029538,-0.009507,0.096346,-0.000010,0.995348,550.000000,422.831361
1.000000,0.373052,0.091409,-0.033010,0.147012,-0.000004,0.989135,550.000000,374.871313
1.000000,0.314271,0.059912,-0.024745,0.131473,-0.000006,0.991320,550.000000,389.722893
1.000000,0.825935,0.062585,-0.128957,0.266727,0.000010,0.963772,550.000000,256.099600
1.000000,0.815595,0.068533,-0.126111,0.263994,0.000010,0.964524,550.000000,258.899788
1.000000,0.894838,0.055007,-0.148731,0.284941,0.000013,0.958545,550.000000,237.331248
1.000000,0.451541,0.003694,-0.045520,0.167758,-0.000002,0.985828,550.000000,354.845234
1.000000,0.081668,0.059974,-0.001183,0.069987,-0.000013,0.997548,550.000000,447.255443
1.000000,0.211163,0.087914,-0.012507,0.104219,-0.000009,0.994554,550.000000,415.467022
1.000000,0.867354,0.083676,-0.140674,0.277676,0.000012,0.960675,550.000000,244.839675
1.000000,0.746833,0.028990,-0.107983,0.245816,0.000008,0.969316,550.000000,277.414583
1.000000,0.083110,0.076151,-0.001285,0.070368,-0.000013,0.997521,550.000000,446.904419
1.000000,0.197398,0.042191,-0.011091,0.100578,-0.000010,0.994929,550.000000,418.876144
1.000000,0.798192,0.051394,-0.121392,0.259393,0.000009,0.965772,550.000000,263.603535
1.000000,0.767019,0.016342,-0.113161,0.251152,0.000008,0.967948,550.000000,271.999479
1.000000,0.616375,0.066437,-0.077348,0.211332,0.000004,0.977414,550.000000,312.031407
1.000000,0.208440,0.000341,-0.011065,0.103464,-0.000009,0.994633,550.000000,416.173760
1.000000,0.552247,0.048607,-0.064063,0.194380,0.000002,0.980926,550.000000,328.809586
1.000000,0.332480,0.019331,-0.027205,0.136285,-0.000005,0.990670,550.000000,385.137335
1.000000,0.918860,0.055619,-0.155958,0.291291,0.000013,0.956635,550.000000,230.742783
1.000000,0.111239,0.038790,-0.003375,0.077803,-0.000012,0.996969,550.000000,440.050492
1.000000,0.847041,0.051426,-0.134864,0.272306,0.000011,0.962211,550.000000,250.371025
1.000000,0.331705,0.046251,-0.027098,0.136082,-0.000005,0.990698,550.000000,385.331853
1.000000,-0.000105,0.047745,-0.000183,0.048420,-0.000016,0.998827,550.000000,466.973664
1.000000,0.229247,0.053604,-0.014446,0.108998,-0.000009,0.994042,550.000000,410.980607
1.000000,0.875105,0.046101,-0.142923,0.279724,0.000012,0.960080,550.000000,242.726168
1.000000,0.018384,0.049682,0.002724,0.053258,-0.000015,0.998581,550.000000,462.570909
1.000000,0.034683,0.088115,0.001820,0.057568,-0.000015,0.998342,550.000000,458.639096
1.000000,0.182255,0.030267,-0.009591,0.096575,-0.000010,0.995326,550.000000,422.617314
1.000000,0.333323,0.039489,-0.027321,0.136509,-0.000005,0.990639,550.000000,384.924138
1.000000,0.198365,0.016704,-0.011189,0.100833,-0.000010,0.994903,550.000000,418.637649
1.000000,0.509364,0.039317,-0.055822,0.183044,0.000000,0.983105,550.000000,339.942416
1.000000,0.840635,0.044190,-0.133057,0.270612,0.000011,0.962688,550.000000,252.112000
1.000000,0.069629,0.016889,-0.000359,0.066803,-0.000014,0.997766,550.000000,450.181321
1.000000,0.983023,0.060170,-0.171082,0.307861,0.000015,0.951431,550.000000,213.438533
1.000000,0.124112,0.019368,-0.004402,0.081205,-0.000012,0.996697,550.000000,436.904254
1.000000,0.561591,0.006405,-0.065927,0.196849,0.000002,0.980434,550.000000,326.375783
1.000000,0.889258,0.036724,-0.147076,0.283465,0.000012,0.958983,550.000000,238.858959
1.000000,0.042925,0.027222,0.001335,0.059744,-0.000015,0.998214,550.000000,456.649463
1.000000,0.580787,0.010842,-0.069832,0.201923,0.000002,0.979401,550.000000,321.363153
1.000000,0.942089,0.011403,-0.163112,0.297430,0.000014,0.954744,550.000000,224.350941
1.000000,0.288005,0.073499,-0.021354,0.124531,-0.000007,0.992216,550.000000,396.317687
1.000000,0.399148,0.005987,-0.036982,0.153908,-0.000003,0.988085,550.000000,368.239918
1.000000,0.758136,0.006039,-0.110868,0.248803,0.000008,0.968554,550.000000,274.384904
1.000000,0.116310,0.089961,-0.003773,0.079145,-0.000012,0.996863,550.000000,438.810167
1.000000,0.321608,0.020326,-0.025725,0.133412,-0.000006,0.991061,550.000000,387.877294
1.000000,0.712633,0.039876,-0.099480,0.236776,0.000007,0.971564,550.000000,286.553116
1.000000,0.038987,0.018760,0.001568,0.058703,-0.000015,0.998275,550.000000,457.601385
1.000000,0.468847,0.068401,-0.048506,0.172334,-0.000001,0.985039,550.000000,350.396210
1.000000,0.193639,0.083389,-0.010712,0.099586,-0.000010,0.995029,550.000000,419.804164
1.000000,0.260508,0.083572,-0.018006,0.117262,-0.000008,0.993101,550.000000,403.194519
1.000000,0.262512,0.099420,-0.016829,0.117749,-0.000008,0.993043,550.000000,402.735180
1.000000,0.561544,0.008400,-0.065917,0.196836,0.000002,0.980436,550.000000,326.388190
1.000000,0.423286,0.048662,-0.040822,0.160290,-0.000003,0.987070,550.000000,362.080017
1.000000,0.438331,0.095133,-0.043296,0.164268,-0.000002,0.986416,550.000000,358.229303
1.000000,0.497913,0.073920,-0.053708,0.180018,-0.000000,0.983663,550.000000,342.902367
1.000000,0.916771,0.084870,-0.155323,0.290739,0.000013,0.956802,550.000000,231.315691
1.000000,0.101084,0.030264,-0.002596,0.075118,-0.000013,0.997175,550.000000,442.528654
1.000000,0.821996,0.014532,-0.127869,0.265684,0.000010,0.964060,550.000000,257.168329
1.000000,0.192213,0.078745,-0.010570,0.099209,-0.000010,0.995067,550.000000,420.156871
1.000000,-0.000373,0.015003,-0.000647,0.048354,-0.000016,0.998830,550.000000,467.033462
1.000000,0.644689,0.083687,-0.083584,0.218817,0.000005,0.975766,550.000000,304.573205
1.000000,0.479654,0.039815,-0.050413,0.175190,-0.000001,0.984535,550.000000,347.614603
1.000000,0.566774,0.060196,-0.066971,0.198220,0.000002,0.980158,550.000000,325.022094
1.000000,0.591772,0.099518,-0.073347,0.204895,0.000003,0.978784,550.000000,318.420846
1.000000,0.352075,0.024204,-0.029953,0.141465,-0.000005,0.989943,550.000000,380.187632
1.000000,0.010487,0.044420,0.003137,0.051170,-0.000016,0.998690,550.000000,464.472016
1.000000,0.024723,0.055674,0.002381,0.054934,-0.000015,0.998490,550.000000,461.043169
1.000000,0.812830,0.067605,-0.125356,0.263263,0.000010,0.964724,550.000000,259.647630
1.000000,0.231924,0.042341,-0.014741,0.109705,-0.000009,0.993964,550.000000,410.315723
1.000000,0.332719,0.086361,-0.027237,0.136351,-0.000005,0.990661,550.000000,385.075137
1.000000,0.204505,0.052496,-0.011816,0.102457,-0.000010,0.994737,550.000000,417.117276
1.000000,0.148580,0.052613,-0.006475,0.087674,-0.000011,0.996149,550.000000,430.906045
1.000000,0.954439,0.040155,-0.166983,0.300695,0.000015,0.953720,550.000000,220.941829
1.000000,0.755394,0.034831,-0.110165,0.248079,0.000008,0.968740,550.000000,275.119612
1.000000,0.620653,0.057102,-0.078276,0.212463,0.000004,0.977169,550.000000,310.906759
1.000000,0.739518,0.095416,-0.106137,0.243884,0.000008,0.969804,550.000000,279.371085
1.000000,0.116817,0.095663,-0.003813,0.079279,-0.000012,0.996852,550.000000,438.686026
1.000000,0.076127,0.066909,-0.000799,0.068522,-0.000014,0.997650,550.000000,448.602018
1.000000,0.749320,0.013730,-0.108615,0.246473,0.000008,0.969150,550.000000,276.748696
1.000000,0.622928,0.070462,-0.078771,0.213064,0.000004,0.977038,550.000000,310.308094
1.000000,0.421428,0.054087,-0.040520,0.159799,-0.000003,0.987150,550.000000,362.554820
1.000000,0.478993,0.043792,-0.050295,0.175016,-0.000001,0.984566,550.000000,347.784744
1.000000,0.222019,0.065783,-0.013661,0.107088,-0.000009,0.994250,550.000000,412.775155
1.000000,0.247992,0.057689,-0.016549,0.113953,-0.000008,0.993486,550.000000,406.316614
1.000000,0.200641,0.068984,-0.011420,0.101437,-0.000010,0.994842,550.000000,418.072917
1.000000,0.898381,0.075678,-0.149786,0.285878,0.000013,0.958266,550.000000,236.360247
1.000000,0.452883,0.035300,-0.045748,0.168113,-0.000002,0.985768,550.000000,354.499664
1.000000,0.962524,0.091489,-0.169543,0.302834,0.000015,0.953043,550.000000,218.705584
1.000000,0.114475,0.095962,-0.003628,0.078660,-0.000012,0.996901,550.000000,439.258278
1.000000,0.548904,0.028113,-0.063402,0.193495,0.000001,0.981101,550.000000,329.680446
1.000000,0.383395,0.066032,-0.034562,0.149746,-0.000004,0.988725,550.000000,372.245659
1.000000,0.585635,0.013760,-0.070835,0.203205,0.000003,0.979136,550.000000,320.094798
1.000000,0.481601,0.025408,-0.050760,0.175704,-0.000001,0.984443,550.000000,347.113314
1.000000,0.381554,0.088891,-0.034284,0.149260,-0.000004,0.988798,550.000000,372.712748
1.000000,0.715129,0.028616,-0.100089,0.237436,0.000007,0.971403,550.000000,285.888001
1.000000,0.216668,0.001570,-0.011869,0.105637,-0.000009,0.994405,550.000000,414.136477
1.000000,0.946076,0.067228,-0.164358,0.298485,0.000014,0.954414,550.000000,223.249384
1.000000,0.755734,0.024442,-0.110252,0.248169,0.000008,0.968717,550.000000,275.028765
1.000000,0.502517,0.073632,-0.054554,0.181235,-0.000000,0.983440,550.000000,341.712237
1.000000,0.446131,0.037303,-0.044603,0.166329,-0.000002,0.986070,550.000000,356.232036
1.000000,0.508301,0.013987,-0.055624,0.182762,0.000000,0.983157,550.000000,340.218041
1.000000,0.027173,0.017407,0.002244,0.055580,-0.000015,0.998454,550.000000,460.453427
1.000000,0.497547,0.004721,-0.053641,0.179919,-0.000000,0.983681,550.000000,342.998825
1.000000,0.881569,0.012803,-0.144812,0.281432,0.000012,0.959581,550.000000,240.961799
1.000000,0.470479,0.025702,-0.048792,0.172764,-0.000001,0.984963,550.000000,349.977575
1.000000,0.038811,0.050661,0.001579,0.058658,-0.000015,0.998278,550.000000,457.643077
1.000000,0.596372,0.089458,-0.073080,0.206045,0.000003,0.978542,550.000000,317.280717
1.000000,0.408714,0.054920,-0.038484,0.156438,-0.000003,0.987688,550.000000,365.800516
1.000000,0.055792,0.026442,0.000543,0.063146,-0.000014,0.998004,550.000000,453.535809
1.000000,0.913140,0.015979,-0.154221,0.289778,0.000013,0.957094,550.000000,232.314820
1.000000,0.128093,0.095693,-0.004727,0.082260,-0.000012,0.996611,550.000000,435.927958
1.000000,0.324018,0.089961,-0.026050,0.134051,-0.000006,0.990974,550.000000,387.268316
1.000000,0.628170,0.065332,-0.079918,0.214450,0.000004,0.976735,550.000000,308.928608
1.000000,0.757855,0.088180,-0.110797,0.248731,0.000008,0.968572,550.000000,274.457680
1.000000,0.087124,0.066066,-0.001570,0.071429,-0.000013,0.997446,550.000000,445.928191
1.000000,0.892285,0.045119,-0.147973,0.284265,0.000013,0.958746,550.000000,238.030437
1.000000,0.049131,0.027898,0.000958,0.061385,-0.000014,0.998114,550.000000,455.148341
1.000000,0.323058,0.033733,-0.025921,0.133795,-0.000006,0.991009,550.000000,387.511867
1.000000,0.467440,0.032962,-0.048260,0.171961,-0.000001,0.985104,550.000000,350.759305
1.000000,0.484493,0.053002,-0.051277,0.176470,-0.000001,0.984306,550.000000,346.366669
1.000000,0.982134,0.043508,-0.172619,0.307767,0.000015,0.951462,550.000000,213.537198
1.000000,0.054388,0.099455,-0.001041,0.062805,-0.000014,0.998026,550.000000,453.848549
1.000000,0.980215,0.066072,-0.175212,0.307510,0.000015,0.951545,550.000000,213.807511
1.000000,0.003520,0.054669,0.003487,0.049329,-0.000016,0.998783,550.000000,466.147147
1.000000,0.402602,0.085026,-0.037521,0.154824,-0.000003,0.987942,550.000000,367.357595
1.000000,0.744564,0.058293,-0.107409,0.245217,0.000008,0.969468,550.000000,278.021385
1.000000,0.669028,0.029800,-0.089126,0.225249,0.000005,0.974301,550.000000,298.139824
1.000000,0.569782,0.075028,-0.067581,0.199016,0.000002,0.979996,550.000000,324.236657
1.000000,0.355839,0.024377,-0.030492,0.142460,-0.000005,0.989801,550.000000,379.235104
1.000000,0.598521,0.053422,-0.073533,0.206612,0.000003,0.978423,550.000000,316.718483
1.000000,0.754480,0.000733,-0.111735,0.247951,0.000008,0.968773,550.000000,275.249605
1.000000,0.446764,0.038618,-0.044710,0.166496,-0.000002,0.986042,550.000000,356.069701
1.000000,0.086863,0.065654,-0.001551,0.071360,-0.000013,0.997451,550.000000,445.991707
1.000000,0.066776,0.072509,-0.000168,0.066051,-0.000014,0.997816,550.000000,450.872019
1.000000,0.210678,0.020032,-0.012457,0.104088,-0.000009,0.994568,550.000000,415.589080
1.000000,0.867123,0.013340,-0.140607,0.277613,0.000012,0.960693,550.000000,244.904806
1.000000,0.944935,0.054729,-0.164001,0.298183,0.000014,0.954509,550.000000,223.564713
1.000000,0.601005,0.047089,-0.074058,0.207268,0.000003,0.978284,550.000000,316.067491
1.000000,0.982135,0.022564,-0.172638,0.307769,0.000015,0.951461,550.000000,213.536034
1.000000,0.585971,0.087033,-0.070905,0.203295,0.000003,0.979117,550.000000,320.004841
1.000000,0.797186,0.096075,-0.121123,0.259128,0.000009,0.965843,550.000000,263.873650
1.000000,0.698943,0.046652,-0.096170,0.233157,0.000006,0.972439,550.000000,290.198509
1.000000,0.833604,0.069251,-0.131088,0.268755,0.000011,0.963209,550.000000,254.019806
1.000000,0.269069,0.023462,-0.019027,0.119524,-0.000007,0.992831,550.000000,401.058054
1.000000,0.444603,0.011295,-0.044346,0.165924,-0.000002,0.986139,550.000000,356.624653
1.000000,0.791612,0.067530,-0.119631,0.257654,0.000009,0.966237,550.000000,265.378164
1.000000,0.253416,0.029371,-0.017175,0.115386,-0.000008,0.993321,550.000000,404.965551
1.000000,0.531599,0.058249,-0.060031,0.188922,0.000001,0.981992,550.000000,334.178069
1.000000,0.760252,0.072437,-0.111413,0.249365,0.000008,0.968410,550.000000,273.814771
1.000000,0.093715,0.085820,-0.002048,0.073172,-0.000013,0.997319,550.000000,444.322960
1.000000,0.268117,0.061241,-0.018912,0.119273,-0.000008,0.992861,550.000000,401.294809
1.000000,0.663753,0.073614,-0.087911,0.223856,0.000005,0.974622,550.000000,299.534964
1.000000,0.894413,0.088167,-0.148605,0.284829,0.000013,0.958578,550.000000,237.446511
1.000000,0.315697,0.001242,-0.023579,0.131802,-0.000006,0.991276,550.000000,389.410549
1.000000,0.910923,0.000023,-0.152677,0.289127,0.000013,0.957291,550.000000,232.990223
1.000000,0.215292,0.094661,-0.012942,0.105310,-0.000009,0.994439,550.000000,414.443223
1.000000,0.671014,0.052188,-0.089586,0.225775,0.000005,0.974180,550.000000,297.612928
1.000000,0.756204,0.051210,-0.110373,0.248294,0.000008,0.968685,550.000000,274.901846
1.000000,0.286358,0.096294,-0.021148,0.124096,-0.000007,0.992270,550.000000,396.729808
1.000000,0.173863,0.013879,-0.008786,0.094356,-0.000010,0.995538,550.000000,424.687412
1.000000,0.454070,0.064923,-0.045951,0.168428,-0.000002,0.985714,550.000000,354.194165
1.000000,0.455106,0.029794,-0.046128,0.168701,-0.000002,0.985667,550.000000,353.929183
1.000000,0.822264,0.060248,-0.127943,0.265757,0.000010,0.964040,550.000000,257.094345
1.000000,0.403629,0.054368,-0.037683,0.155094,-0.000003,0.987900,550.000000,367.096917
1.000000,0.940421,0.017062,-0.162593,0.296989,0.000014,0.954881,550.000000,224.810528
1.000000,0.139468,0.043675,-0.005684,0.085265,-0.000012,0.996358,550.000000,433.142290
1.000000,0.736758,0.074217,-0.105444,0.243154,0.000007,0.969988,550.000000,280.110031
1.000000,0.981682,0.090118,-0.173447,0.307725,0.000015,0.951475,550.000000,213.581840
1.000000,0.412769,0.034604,-0.039129,0.157510,-0.000003,0.987517,550.000000,364.766470
1.000000,0.697853,0.086395,-0.095909,0.232870,0.000006,0.972508,550.000000,290.487326
1.000000,0.679145,0.035410,-0.091480,0.227924,0.000006,0.973679,550.000000,295.458048
1.000000,0.542670,0.008122,-0.062178,0.191847,0.000001,0.981425,550.000000,331.302933
1.000000,0.555295,0.008572,-0.064668,0.195184,0.000002,0.980767,550.000000,328.016788
1.000000,0.207850,0.001435,-0.011008,0.103309,-0.000009,0.994649,550.000000,416.319768
1.000000,0.000082,0.003290,0.000141,0.048463,-0.000016,0.998825,550.000000,466.933817
1.000000,0.400922,0.025815,-0.037259,0.154378,-0.000003,0.988012,550.000000,367.787363
1.000000,0.146298,0.027142,-0.006275,0.087070,-0.000011,0.996202,550.000000,431.467062
1.000000,0.022379,0.045947,0.002509,0.054314,-0.000015,0.998524,550.000000,461.608465
1.000000,-0.000378,0.028076,-0.000654,0.048353,-0.000016,0.998830,550.000000,467.034069
1.000000,0.981866,0.064736,-0.173088,0.307740,0.000015,0.951470,550.000000,213.565644
1.000000,0.898874,0.066648,-0.149933,0.286008,0.000013,0.958227,550.000000,236.225653
1.000000,0.943710,0.033275,-0.163618,0.297859,0.000014,0.954610,550.000000,223.903265
1.000000,0.185306,0.027808,-0.009888,0.097382,-0.000010,0.995247,550.000000,421.864266
1.000000,0.712037,0.098713,-0.101227,0.236735,0.000007,0.971574,550.000000,286.594157
1.000000,0.936108,0.021458,-0.161255,0.295849,0.000014,0.955235,550.000000,225.998882
1.000000,0.139640,0.012794,-0.005699,0.085310,-0.000012,0.996354,550.000000,433.100918
1.000000,0.631267,0.071220,-0.080600,0.215269,0.000004,0.976555,550.000000,308.112789
1.000000,0.407328,0.075661,-0.038265,0.156073,-0.000003,0.987746,550.000000,366.153210
1.000000,0.162907,0.088222,-0.007763,0.091463,-0.000011,0.995809,550.000000,427.383236
1.000000,0.308236,0.093944,-0.023949,0.129879,-0.000006,0.991530,550.000000,391.239635
1.000000,0.338456,0.066864,-0.028032,0.137867,-0.000005,0.990451,550.000000,383.627784
1.000000,0.480237,0.031685,-0.050517,0.175344,-0.000001,0.984507,550.000000,347.464687
1.000000,0.630921,0.086433,-0.080523,0.215178,0.000004,0.976575,550.000000,308.203395
1.000000,0.000648,0.046903,0.001122,0.048602,-0.000016,0.998818,550.000000,466.808245
1.000000,0.064098,0.028799,0.000008,0.065341,-0.000014,0.997863,550.000000,451.522890
1.000000,0.774503,0.013187,-0.115112,0.253130,0.000009,0.967432,550.000000,269.987432
1.000000,0.602894,0.078507,-0.074459,0.207769,0.000003,0.978178,550.000000,315.570958
1.000000,0.662038,0.076090,-0.087517,0.223403,0.000005,0.974726,550.000000,299.988798
1.000000,0.009117,0.089539,0.003207,0.050810,-0.000016,0.998708,550.000000,464.800216
1.000000,0.571527,0.004634,-0.067935,0.199475,0.000002,0.979903,550.000000,323.783091
1.000000,0.911637,0.093190,-0.153767,0.289383,0.000013,0.957214,550.000000,232.724965
1.000000,0.674809,0.050488,-0.090468,0.226778,0.000005,0.973947,550.000000,296.607332
1.000000,0.016756,0.084072,0.002811,0.052829,-0.000015,0.998604,550.000000,462.961935
1.000000,0.976342,0.008480,-0.173962,0.306484,0.000015,0.951876,550.000000,214.883037
1.000000,0.426640,0.089460,-0.041368,0.161178,-0.000002,0.986925,550.000000,361.221411
1.000000,0.138066,0.001059,-0.005283,0.084887,-0.000012,0.996391,550.000000,433.493158
1.000000,0.860424,0.047013,-0.138678,0.275843,0.000012,0.961203,550.000000,246.729383
1.000000,0.447333,0.081489,-0.044806,0.166648,-0.000002,0.986017,550.000000,355.922410
1.000000,0.456492,0.087306,-0.046366,0.169069,-0.000002,0.985604,550.000000,353.571657
1.000000,0.783619,0.056012,-0.117509,0.255541,0.000009,0.966798,550.000000,267.532549
1.000000,0.116810,0.046263,-0.003814,0.079276,-0.000012,0.996853,550.000000,438.689194
1.000000,0.270381,0.043580,-0.019185,0.119871,-0.000007,0.992789,550.000000,400.729603
1.000000,0.203822,0.076022,-0.011745,0.102278,-0.000010,0.994756,550.000000,417.285543
1.000000,0.147499,0.069257,-0.006380,0.087389,-0.000011,0.996174,550.000000,431.170990
1.000000,0.982420,-0.000004,-0.172179,0.307801,0.000015,0.951451,550.000000,213.502526
1.000000,0.241395,0.039048,-0.015798,0.112208,-0.000008,0.993685,550.000000,407.960072
1.000000,0.697770,0.059168,-0.095890,0.232848,0.000006,0.972513,550.000000,290.510078
1.000000,0.500208,0.093938,-0.054129,0.180625,-0.000000,0.983552,550.000000,342.308536
1.000000,0.582050,0.013649,-0.070093,0.202257,0.000003,0.979333,550.000000,321.032735
1.000000,0.283604,0.067819,-0.020805,0.123367,-0.000007,0.992361,550.000000,397.420314
1.000000,0.010610,0.022808,0.003130,0.051202,-0.000016,0.998688,550.000000,464.443080
1.000000,0.752465,0.029887,-0.109416,0.247305,0.000008,0.968938,550.000000,275.905185
1.000000,0.507601,0.009034,-0.055494,0.182577,0.000000,0.983192,550.000000,340.399488
1.000000,0.494911,0.094452,-0.053160,0.179225,-0.000000,0.983808,550.000000,343.677127
1.000000,0.145664,0.006300,-0.006220,0.086902,-0.000011,0.996217,550.000000,431.623202
1.000000,0.297166,0.037633,-0.022516,0.126951,-0.000007,0.991909,550.000000,394.021444
1.000000,0.219805,0.092135,-0.013423,0.106503,-0.000009,0.994312,550.000000,413.323803
1.000000,0.002487,0.023922,0.003538,0.049055,-0.000016,0.998796,550.000000,466.396051
1.000000,0.778072,0.008921,-0.116047,0.254073,0.000009,0.967185,550.000000,269.027382
1.000000,0.163044,0.004256,-0.007776,0.091496,-0.000011,0.995805,550.000000,427.351981
1.000000,0.175289,0.025457,-0.008921,0.094734,-0.000010,0.995503,550.000000,424.335586
1.000000,0.183294,0.084301,-0.009691,0.096852,-0.000010,0.995299,550.000000,422.359345
1.000000,0.407356,0.050889,-0.038270,0.156079,-0.000003,0.987745,550.000000,366.146948
1.000000,0.048455,0.051778,0.001000,0.061207,-0.000014,0.998125,550.000000,455.311324
1.000000,0.754062,0.016025,-0.109824,0.247727,0.000008,0.968830,550.000000,275.477312
1.000000,0.349985,0.047765,-0.029654,0.140914,-0.000005,0.990022,550.000000,380.715486
1.000000,0.696971,0.041659,-0.095698,0.232636,0.000006,0.972564,550.000000,290.723225
1.000000,0.208156,0.070488,-0.012193,0.103423,-0.000009,0.994637,550.000000,416.212644
1.000000,0.306385,0.032373,-0.023707,0.129388,-0.000006,0.991594,550.000000,391.706605
1.000000,0.239410,0.076774,-0.015574,0.111685,-0.000008,0.993744,550.000000,408.452773
1.000000,0.356472,0.073321,-0.030583,0.142629,-0.000005,0.989776,550.000000,379.073402
1.000000,0.664231,0.063542,-0.088021,0.223982,0.000005,0.974593,550.000000,299.408765
1.000000,0.717216,0.016250,-0.100600,0.237987,0.000007,0.971268,550.000000,285.331831
1.000000,0.357613,0.065517,-0.030748,0.142930,-0.000005,0.989733,550.000000,378.784970
1.000000,0.427945,0.026701,-0.041581,0.161521,-0.000002,0.986869,550.000000,360.889582
1.000000,0.582034,0.054427,-0.070090,0.202254,0.000003,0.979333,550.000000,321.035612
1.000000,0.889511,0.029548,-0.147151,0.283532,0.000012,0.958963,550.000000,238.789983
1.000000,0.269737,0.039697,-0.019107,0.119700,-0.000007,0.992810,550.000000,400.890801
1.000000,0.711252,0.067726,-0.099144,0.236412,0.000007,0.971653,550.000000,286.920332
1.000000,0.942350,0.094552,-0.163195,0.297501,0.000014,0.954721,550.000000,224.276326
1.000000,0.077886,0.091373,-0.000919,0.068988,-0.000014,0.997617,550.000000,448.173860
1.000000,0.074971,0.048259,-0.000720,0.068216,-0.000014,0.997671,550.000000,448.883218
1.000000,0.800607,0.059744,-0.122042,0.260032,0.000010,0.965600,550.000000,262.951374
1.000000,0.274863,0.028801,-0.019729,0.121055,-0.000007,0.992646,550.000000,399.609307
1.000000,0.188494,0.029250,-0.010201,0.098224,-0.000010,0.995164,550.000000,421.077091
1.000000,0.000088,0.097555,0.000153,0.048468,-0.000016,0.998825,550.000000,466.929725
1.000000,-0.000715,0.009681,-0.001238,0.048271,-0.000016,0.998834,550.000000,467.108691
1.000000,0.258974,0.041139,-0.017825,0.116855,-0.000008,0.993149,550.000000,403.578705
1.000000,0.861477,0.006094,-0.138980,0.276120,0.000012,0.961123,550.000000,246.443972
1.000000,0.611615,0.000550,-0.077732,0.210148,0.000003,0.977670,550.000000,313.208174
1.000000,0.379450,0.010433,-0.033967,0.148701,-0.000004,0.988882,550.000000,373.249548
1.000000,0.107899,0.095334,-0.003115,0.076922,-0.000013,0.997037,550.000000,440.864123
1.000000,0.067317,0.048375,-0.000204,0.066193,-0.000014,0.997807,550.000000,450.741303
1.000000,0.394819,0.091195,-0.036310,0.152766,-0.000003,0.988262,550.000000,369.339504
1.000000,0.954668,0.010595,-0.167055,0.300755,0.000015,0.953701,550.000000,220.879472
1.000000,0.490357,0.005264,-0.052333,0.178018,-0.000000,0.984027,550.000000,344.855415
1.000000,0.212476,0.064125,-0.012645,0.104565,-0.000009,0.994518,550.000000,415.142168
1.000000,0.615558,0.033581,-0.077172,0.211115,0.000004,0.977461,550.000000,312.247078
1.000000,0.354690,0.035663,-0.030327,0.142157,-0.000005,0.989844,550.000000,379.525653
1.000000,0.982042,0.090961,-0.172827,0.307763,0.000015,0.951463,550.000000,213.541997
1.000000,0.129654,0.080178,-0.004857,0.082672,-0.000012,0.996577,550.000000,435.546190
1.000000,0.534111,0.090861,-0.060515,0.189587,0.000001,0.981864,550.000000,333.524775
1.000000,0.752062,0.073478,-0.109314,0.247200,0.000008,0.968965,550.000000,276.011783
1.000000,0.363659,0.000135,-0.030530,0.144485,-0.000004,0.989507,550.000000,377.295324
1.000000,0.683069,0.042425,-0.092401,0.228961,0.000006,0.973436,550.000000,294.416646
1.000000,0.131855,0.094844,-0.005040,0.083254,-0.000012,0.996528,550.000000,435.006679
1.000000,0.276591,0.020055,-0.019940,0.121512,-0.000007,0.992590,550.000000,399.177285
1.000000,0.546861,0.027493,-0.063000,0.192955,0.000001,0.981208,550.000000,330.212101
1.000000,0.715996,0.010750,-0.100301,0.237664,0.000007,0.971347,550.000000,285.657579
1.000000,0.055719,0.021173,0.000547,0.063126,-0.000014,0.998006,550.000000,453.553852
1.000000,0.152555,0.080010,-0.006826,0.088726,-0.000011,0.996056,550.000000,429.928809
1.000000,0.010718,0.073225,0.003125,0.051232,-0.000016,0.998687,550.000000,464.415710
1.000000,0.695417,0.082786,-0.095327,0.232226,0.000006,0.972662,550.000000,291.135072
1.000000,0.284111,0.067379,-0.020868,0.123501,-0.000007,0.992344,550.000000,397.293546
1.000000,0.328237,0.006835,-0.026624,0.135163,-0.000006,0.990823,550.000000,386.207634
1.000000,0.595387,0.055605,-0.072873,0.205784,0.000003,0.978598,550.000000,317.539925
1.000000,0.268048,0.090888,-0.018903,0.119256,-0.000008,0.992864,550.000000,401.311271
1.000000,0.066356,0.076370,-0.000140,0.065940,-0.000014,0.997824,550.000000,450.973662
1.000000,0.209246,0.077110,-0.012307,0.103711,-0.000009,0.994607,550.000000,415.942353
1.000000,0.593347,0.052180,-0.072444,0.205244,0.000003,0.978711,550.000000,318.074452
1.000000,0.102548,0.099170,-0.003118,0.075516,-0.000013,0.997145,550.000000,442.162182
1.000000,-0.000000,0.100000,-0.000000,0.048447,-0.000016,0.998826,550.000000,466.949003
1.000000,0.201600,0.076816,-0.011517,0.101690,-0.000010,0.994816,550.000000,417.835470
1.000000,0.274457,0.081382,-0.019679,0.120950,-0.000007,0.992659,550.000000,399.709244
1.000000,0.195069,0.015001,-0.010856,0.099962,-0.000010,0.994991,550.000000,419.452786
1.000000,0.638847,0.047817,-0.082279,0.217272,0.000004,0.976111,550.000000,306.115696
1.000000,0.135834,0.083955,-0.005374,0.084306,-0.000012,0.996440,550.000000,434.032004
1.000000,0.122555,0.085261,-0.004274,0.080796,-0.000012,0.996731,550.000000,437.283375
1.000000,0.059317,0.040640,0.000318,0.064078,-0.000014,0.997945,550.000000,452.681362
1.000000,0.964187,0.036654,-0.170071,0.303272,0.000015,0.952904,550.000000,218.247540
1.000000,0.896591,0.000260,-0.148813,0.285371,0.000013,0.958417,550.000000,236.885903
1.000000,0.405304,0.063254,-0.037946,0.155537,-0.000003,0.987830,550.000000,366.669730
1.000000,0.185671,0.071758,-0.009923,0.097479,-0.000010,0.995238,550.000000,421.773009
1.000000,0.572366,0.043112,-0.068106,0.199698,0.000002,0.979858,550.000000,323.562770
1.000000,0.530195,0.043880,-0.059761,0.188550,0.000001,0.982064,550.000000,334.542982
1.000000,0.756652,0.033462,-0.110487,0.248412,0.000008,0.968655,550.000000,274.782134
1.000000,0.039570,0.019768,0.001534,0.058857,-0.000015,0.998266,550.000000,457.460473
1.000000,0.529147,0.088697,-0.059560,0.188275,0.000001,0.982116,550.000000,334.813624
1.000000,0.325721,0.054756,-0.026281,0.134500,-0.000006,0.990914,550.000000,386.840247
1.000000,0.012606,0.074161,0.003028,0.051731,-0.000016,0.998661,550.000000,463.961376
1.000000,-0.000344,0.041587,-0.000596,0.048362,-0.000016,0.998830,550.000000,467.026293
1.000000,-0.000798,0.089987,-0.001383,0.048253,-0.000016,0.998835,550.000000,467.124800
1.000000,0.610672,0.093229,-0.076120,0.209825,0.000003,0.977739,550.000000,313.529069
1.000000,0.365713,0.069386,-0.031927,0.145072,-0.000004,0.989421,550.000000,376.733088
1.000000,0.034459,0.014738,0.001832,0.057506,-0.000015,0.998345,550.000000,458.695190
1.000000,0.726956,0.040005,-0.103000,0.240562,0.000007,0.970634,550.000000,282.731249
1.000000,0.000411,0.039870,0.000711,0.048544,-0.000016,0.998821,550.000000,466.860474
1.000000,0.972603,0.014692,-0.172760,0.305496,0.000015,0.952193,550.000000,215.918605
1.000000,0.137493,0.072300,-0.005515,0.084744,-0.000012,0.996403,550.000000,433.625704
1.000000,0.093980,0.028396,-0.002068,0.073240,-0.000013,0.997314,550.000000,444.260136
1.000000,0.130684,0.082983,-0.004942,0.082945,-0.000012,0.996554,550.000000,435.293717
1.000000,0.606630,0.039186,-0.075255,0.208755,0.000003,0.977968,550.000000,314.591922
1.000000,0.709422,0.057460,-0.098699,0.235928,0.000007,0.971771,550.000000,287.408414
1.000000,0.978082,0.043837,-0.174523,0.306945,0.000015,0.951727,550.000000,214.399808
1.000000,0.262611,0.007729,-0.018255,0.117816,-0.000008,0.993035,550.000000,402.671754
1.000000,0.568827,0.055127,-0.067387,0.198763,0.000002,0.980048,550.000000,324.486406
1.000000,0.502633,0.022615,-0.054575,0.181264,-0.000000,0.983434,550.000000,341.683889
1.000000,0.155280,0.093279,-0.007070,0.089446,-0.000011,0.995992,550.000000,429.259003
1.000000,0.145975,0.054866,-0.006246,0.086986,-0.000011,0.996210,550.000000,431.545410
1.000000,0.018211,0.071719,0.002733,0.053213,-0.000015,0.998583,550.000000,462.611768
1.000000,0.204976,0.073086,-0.011864,0.102582,-0.000010,0.994725,550.000000,417.000082
1.000000,0.650078,0.013811,-0.084796,0.220239,0.000005,0.975446,550.000000,303.152637
1.000000,0.400004,0.019515,-0.037115,0.154135,-0.000003,0.988050,550.000000,368.021601
1.000000,0.959719,0.045781,-0.168653,0.302091,0.000015,0.953279,550.000000,219.482590
1.000000,0.648963,0.009916,-0.084545,0.219945,0.000005,0.975512,550.000000,303.447094
1.000000,0.067529,0.047924,-0.000218,0.066249,-0.000014,0.997803,550.000000,450.689886
1.000000,0.138437,0.049512,-0.005596,0.084993,-0.000012,0.996382,550.000000,433.394925
1.000000,0.119687,0.028200,-0.004044,0.080036,-0.000012,0.996792,550.000000,437.986324
1.000000,0.146585,0.075562,-0.006299,0.087148,-0.000011,0.996195,550.000000,431.395109
1.000000,0.575963,0.058340,-0.068841,0.200649,0.000002,0.979663,550.000000,322.622787
1.000000,0.733540,0.085936,-0.104638,0.242304,0.000007,0.970200,550.000000,280.970279
1.000000,0.297411,0.068173,-0.022547,0.127017,-0.000007,0.991901,550.000000,393.958910
1.000000,0.028425,0.048125,0.002175,0.055912,-0.000015,0.998436,550.000000,460.150382
1.000000,0.469449,0.021888,-0.048612,0.172492,-0.000001,0.985011,550.000000,350.242811
1.000000,0.442159,0.035044,-0.043935,0.165278,-0.000002,0.986247,550.000000,357.250378
1.000000,0.303432,0.011273,-0.023323,0.128607,-0.000006,0.991696,550.000000,392.448987
1.000000,0.047948,0.035480,0.001031,0.061073,-0.000014,0.998133,550.000000,455.434429
1.000000,0.274431,0.084920,-0.019676,0.120943,-0.000007,0.992659,550.000000,399.715837
1.000000,0.589332,0.081953,-0.071605,0.204184,0.000003,0.978933,550.000000,319.125198
1.000000,0.636508,0.031945,-0.081759,0.216653,0.000004,0.976249,550.000000,306.732813
1.000000,0.266733,0.015219,-0.018746,0.118906,-0.000008,0.992906,550.000000,401.642024
1.000000,0.522378,0.062644,-0.058269,0.186485,0.000001,0.982458,550.000000,336.570343
1.000000,0.683302,0.012838,-0.092455,0.229022,0.000006,0.973421,550.000000,294.355616
1.000000,0.981904,0.026111,-0.173032,0.307744,0.000015,0.951469,550.000000,213.561784
1.000000,0.841129,0.012391,-0.133196,0.270742,0.000011,0.962652,550.000000,251.978884
1.000000,0.899970,0.042462,-0.150260,0.286297,0.000013,0.958141,550.000000,235.926023
1.000000,0.027050,0.028871,0.002251,0.055548,-0.000015,0.998456,550.000000,460.482717
1.000000,0.906259,0.040642,-0.152145,0.287959,0.000013,0.957643,550.000000,234.202082
1.000000,0.979319,0.011900,-0.174922,0.307271,0.000015,0.951622,550.000000,214.057736
1.000000,0.796822,0.076975,-0.121025,0.259032,0.000009,0.965869,550.000000,263.972408
1.000000,0.155169,0.021696,-0.007061,0.089415,-0.000011,0.995994,550.000000,429.288277
1.000000,0.074097,0.014970,-0.000660,0.067984,-0.000014,0.997686,550.000000,449.096559
1.000000,0.955343,0.082596,-0.167269,0.300935,0.000015,0.953645,550.000000,220.690833
1.000000,0.593327,0.000863,-0.073687,0.205304,0.000003,0.978698,550.000000,318.015652
1.000000,0.658558,0.092580,-0.086722,0.222484,0.000005,0.974936,550.000000,300.908780
1.000000,0.007778,0.014530,0.003274,0.050453,-0.000016,0.998726,550.000000,465.124600
1.000000,0.067175,0.098373,-0.001492,0.066180,-0.000014,0.997808,550.000000,450.753537
1.000000,0.021416,0.023807,0.002561,0.054059,-0.000015,0.998538,550.000000,461.841185
1.000000,0.674301,0.034242,-0.090349,0.226643,0.000005,0.973978,550.000000,296.742478
1.000000,0.712898,0.004833,-0.099544,0.236845,0.000007,0.971547,550.000000,286.483688
1.000000,0.214477,0.079490,-0.012856,0.105094,-0.000009,0.994462,550.000000,414.645676
1.000000,0.057333,0.073445,0.000445,0.063555,-0.000014,0.997978,550.000000,453.161259
1.000000,0.648789,0.083378,-0.084506,0.219901,0.000005,0.975522,550.000000,303.490810
1.000000,0.728256,0.079569,-0.103323,0.240907,0.000007,0.970548,550.000000,282.382713
1.000000,0.675965,0.075466,-0.090737,0.227084,0.000006,0.973875,550.000000,296.300139
1.000000,0.152731,0.072614,-0.006842,0.088772,-0.000011,0.996052,550.000000,429.885797
1.000000,0.935747,0.022888,-0.161143,0.295754,0.000014,0.955264,550.000000,226.098107
1.000000,0.661056,0.015785,-0.087292,0.223141,0.000005,0.974786,550.000000,300.250464
1.000000,0.476439,0.042013,-0.049842,0.174340,-0.000001,0.984685,550.000000,348.442683
1.000000,0.488484,0.000093,-0.052116,0.177529,-0.000000,0.984116,550.000000,345.333540
1.000000,0.982393,0.003581,-0.172224,0.307798,0.000015,0.951452,550.000000,213.505455
1.000000,0.899220,0.046532,-0.150036,0.286099,0.000013,0.958200,550.000000,236.131283
1.000000,0.190822,0.032384,-0.010432,0.098840,-0.000010,0.995103,550.000000,420.501796
1.000000,0.052470,0.041472,0.000751,0.062268,-0.000014,0.998059,550.000000,454.339984
1.000000,0.739309,0.071623,-0.106084,0.243829,0.000008,0.969818,550.000000,279.427685
1.000000,0.042288,0.080729,0.001373,0.059578,-0.000015,0.998224,550.000000,456.801829
1.000000,0.091172,0.025705,-0.001863,0.072498,-0.000013,0.997369,550.000000,444.944012
1.000000,0.983089,0.053914,-0.170964,0.307868,0.000015,0.951429,550.000000,213.431606
1.000000,0.555429,0.072374,-0.064695,0.195222,0.000002,0.980759,550.000000,327.979891
1.000000,0.220500,0.031838,-0.013498,0.106685,-0.000009,0.994293,550.000000,413.153126
1.000000,0.959604,0.084817,-0.168617,0.302062,0.000015,0.953288,550.000000,219.513303
1.000000,0.116634,0.045979,-0.003800,0.079229,-0.000012,0.996856,550.000000,438.732217
1.000000,0.094700,0.054604,-0.002120,0.073432,-0.000013,0.997300,550.000000,444.083865
1.000000,0.769874,0.055024,-0.113904,0.251908,0.000009,0.967751,550.000000,271.230769
1.000000,0.936577,0.025135,-0.161400,0.295973,0.000014,0.955196,550.000000,225.869352
1.000000,0.490369,0.052369,-0.052336,0.178023,-0.000000,0.984026,550.000000,344.851017
1.000000,0.497949,0.088744,-0.053715,0.180028,-0.000000,0.983662,550.000000,342.892620
1.000000,0.100053,0.042407,-0.002518,0.074846,-0.000013,0.997195,550.000000,442.779639
1.000000,0.606698,0.079132,-0.075269,0.208774,0.000003,0.977964,550.000000,314.572901
1.000000,0.676871,0.096257,-0.090948,0.227324,0.000006,0.973819,550.000000,296.059310
1.000000,0.224476,0.044639,-0.013926,0.107736,-0.000009,0.994180,550.000000,412.165981
1.000000,0.188061,0.070344,-0.010158,0.098111,-0.000010,0.995175,550.000000,421.182847
1.000000,0.479546,0.061073,-0.050394,0.175162,-0.000001,0.984540,550.000000,347.641680
1.000000,0.265880,0.058672,-0.018644,0.118682,-0.000008,0.992932,550.000000,401.853790
1.000000,0.142993,0.093908,-0.005987,0.086199,-0.000011,0.996278,550.000000,432.276165
1.000000,0.469814,0.091096,-0.048675,0.172591,-0.000001,0.984994,550.000000,350.146716
1.000000,0.600096,0.089057,-0.073866,0.207029,0.000003,0.978335,550.000000,316.304499
1.000000,0.301025,0.045424,-0.023012,0.127971,-0.000006,0.991778,550.000000,393.052523
1.000000,0.214498,0.018910,-0.012859,0.105098,-0.000009,0.994462,550.000000,414.642385
1.000000,0.902892,0.074591,-0.151135,0.287070,0.000013,0.957910,550.000000,235.124198
1.000000,0.409037,0.000737,-0.037817,0.156493,-0.000003,0.987679,550.000000,365.747943
1.000000,0.513365,0.056695,-0.056569,0.184102,0.000000,0.982907,550.000000,338.906042
1.000000,0.877793,0.005179,-0.143707,0.280433,0.000012,0.959873,550.000000,241.993626
1.000000,0.501834,0.071856,-0.054428,0.181054,-0.000000,0.983473,550.000000,341.888933
1.000000,0.887020,0.082444,-0.146416,0.282875,0.000012,0.959157,550.000000,239.469520
1.000000,0.418529,0.042361,-0.040052,0.159032,-0.000003,0.987273,550.000000,363.295638
1.000000,0.147642,0.001791,-0.005954,0.087415,-0.000011,0.996172,550.000000,431.147194
1.000000,0.509351,0.099933,-0.056177,0.183059,0.000000,0.983102,550.000000,339.927111
1.000000,0.075311,0.076313,-0.000742,0.068307,-0.000014,0.997664,550.000000,448.799924
1.000000,0.356497,0.027773,-0.030587,0.142634,-0.000005,0.989775,550.000000,379.068522
1.000000,0.655198,0.018661,-0.085956,0.221593,0.000005,0.975139,550.000000,301.799528
1.000000,0.755060,0.059538,-0.110080,0.247992,0.000008,0.968762,550.000000,275.208351
1.000000,0.016097,0.054555,0.002845,0.052654,-0.000015,0.998613,550.000000,463.121549
1.000000,0.905632,0.018843,-0.151956,0.287793,0.000013,0.957693,550.000000,234.374769
1.000000,0.144907,0.010058,-0.006154,0.086702,-0.000011,0.996234,550.000000,431.809009
1.000000,0.838467,0.050777,-0.132448,0.270040,0.000011,0.962849,550.000000,252.700476
1.000000,0.702715,0.017485,-0.097077,0.234154,0.000006,0.972200,550.000000,289.195579
1.000000,0.340546,0.043220,-0.028323,0.138418,-0.000005,0.990374,550.000000,383.100785
1.000000,0.727559,0.072878,-0.103150,0.240723,0.000007,0.970594,550.000000,282.569129
1.000000,0.466013,0.076650,-0.048011,0.171586,-0.000001,0.985169,550.000000,351.124919
1.000000,0.167709,0.089877,-0.008207,0.092732,-0.000011,0.995691,550.000000,426.201198
1.000000,0.343070,0.034880,-0.028677,0.139085,-0.000005,0.990280,550.000000,382.463668
1.000000,0.839533,0.028080,-0.132747,0.270321,0.000011,0.962770,550.000000,252.411780
1.000000,0.281149,0.099873,-0.019075,0.122673,-0.000007,0.992447,550.000000,398.077661
1.000000,0.279437,0.022996,-0.020289,0.122264,-0.000007,0.992498,550.000000,398.464978
1.000000,0.568448,0.013650,-0.067310,0.198661,0.000002,0.980068,550.000000,324.586732
1.000000,0.636786,0.063435,-0.081820,0.216727,0.000004,0.976232,550.000000,306.658649
1.000000,0.059327,0.005210,0.000317,0.064079,-0.000014,0.997945,550.000000,452.680168
1.000000,0.608204,0.075267,-0.075591,0.209172,0.000003,0.977879,550.000000,314.177467
1.000000,0.579409,0.018292,-0.069549,0.201559,0.000002,0.979476,550.000000,321.723083
1.000000,0.427611,0.059725,-0.041527,0.161434,-0.000002,0.986884,550.000000,360.973964
1.000000,0.377415,0.024283,-0.033661,0.148164,-0.000004,0.988963,550.000000,373.765940
1.000000,0.372253,0.067424,-0.032891,0.146801,-0.000004,0.989166,550.000000,375.074643
1.000000,0.037486,0.076107,0.001657,0.058308,-0.000015,0.998299,550.000000,457.962526
1.000000,0.530324,0.065789,-0.059786,0.188585,0.000001,0.982057,550.000000,334.508852
1.000000,0.093460,0.087513,-0.002029,0.073105,-0.000013,0.997324,550.000000,444.385093
1.000000,0.046396,0.079562,0.001126,0.060664,-0.000014,0.998158,550.000000,455.808629
1.000000,0.281703,0.099084,-0.019144,0.122819,-0.000007,0.992429,550.000000,397.939113
1.000000,0.076649,0.081177,-0.000834,0.068661,-0.000014,0.997640,550.000000,448.474826
1.000000,0.580539,0.042138,-0.069781,0.201858,0.000002,0.979415,550.000000,321.426929
1.000000,0.302463,0.067182,-0.023197,0.128352,-0.000006,0.991729,550.000000,392.690702
1.000000,0.115749,0.013725,-0.003730,0.078994,-0.000012,0.996875,550.000000,438.949390
1.000000,0.810998,0.063957,-0.124856,0.262779,0.000010,0.964856,550.000000,260.143393
1.000000,0.791850,0.070520,-0.119695,0.257717,0.000009,0.966220,550.000000,265.313781
1.000000,0.175656,0.028703,-0.008956,0.094831,-0.000010,0.995493,550.000000,424.244944
1.000000,0.483191,0.068849,-0.051044,0.176126,-0.000001,0.984368,550.000000,346.702054
1.000000,0.824013,0.046580,-0.128426,0.266219,0.000010,0.963913,550.000000,256.620923
1.000000,0.399417,0.015768,-0.037024,0.153979,-0.000003,0.988074,550.000000,368.171151
1.000000,0.734217,0.042487,-0.104807,0.242482,0.000007,0.970156,550.000000,280.790633
1.000000,0.817267,0.077370,-0.126569,0.264436,0.000010,0.964403,550.000000,258.446785
1.000000,0.890166,0.017655,-0.147345,0.283705,0.000012,0.958912,550.000000,238.611060
1.000000,0.642256,0.001302,-0.084678,0.218264,0.000004,0.975890,550.000000,305.125755
1.000000,0.940298,0.053234,-0.162556,0.296958,0.000014,0.954891,550.000000,224.843237
1.000000,0.220957,0.018835,-0.013547,0.106805,-0.000009,0.994280,550.000000,413.040088
1.000000,0.177900,0.091822,-0.009170,0.095426,-0.000010,0.995437,550.000000,423.689807
1.000000,0.420352,0.028021,-0.040346,0.159514,-0.000003,0.987196,550.000000,362.830429
1.000000,0.340615,0.083161,-0.028333,0.138438,-0.000005,0.990371,550.000000,383.082274
1.000000,0.119954,0.070455,-0.004065,0.080108,-0.000012,0.996786,550.000000,437.919954
1.000000,0.511890,0.093192,-0.056293,0.183713,0.000000,0.982980,550.000000,339.286956
1.000000,0.561940,0.053423,-0.065997,0.196942,0.000002,0.980415,550.000000,326.283434
1.000000,0.289315,0.037149,-0.021519,0.124876,-0.000007,0.992172,550.000000,395.990309
1.000000,0.010291,0.036914,0.003147,0.051118,-0.000016,0.998693,550.000000,464.519379
1.000000,0.201496,0.053176,-0.011507,0.101662,-0.000010,0.994819,550.000000,417.862025
1.000000,0.185189,0.069018,-0.009876,0.097352,-0.000010,0.995250,550.000000,421.891965
1.000000,0.385332,0.033235,-0.034856,0.150257,-0.000004,0.988647,550.000000,371.754488
1.000000,0.021661,0.016628,0.002547,0.054123,-0.000015,0.998534,550.000000,461.782357
1.000000,0.635468,0.082022,-0.081528,0.216379,0.000004,0.976309,550.000000,307.005429
1.000000,0.982420,-0.000004,-0.172179,0.307801,0.000015,0.951451,550.000000,213.502526
1.000000,0.574649,0.080171,-0.068572,0.200303,0.000002,0.979734,550.000000,322.965293
1.000000,0.732602,0.037903,-0.104404,0.242055,0.000007,0.970263,550.000000,281.222588
1.000000,-0.000000,0.100000,-0.000000,0.048447,-0.000016,0.998826,550.000000,466.949003
1.000000,0.273276,0.049020,-0.019535,0.120636,-0.000007,0.992697,550.000000,400.005551
1.000000,0.868625,0.030318,-0.141041,0.278011,0.000012,0.960578,550.000000,244.494690
1.000000,0.050414,0.087287,0.000880,0.061726,-0.000014,0.998093,550.000000,454.836305
1.000000,0.399925,0.017596,-0.037103,0.154114,-0.000003,0.988053,550.000000,368.041753
1.000000,0.420080,0.094837,-0.040302,0.159444,-0.000003,0.987207,550.000000,362.897861
1.000000,0.212919,0.055317,-0.012692,0.104682,-0.000009,0.994506,550.000000,415.032726
1.000000,0.410147,0.099339,-0.038004,0.156789,-0.000003,0.987632,550.000000,365.461533
1.000000,0.679261,0.034337,-0.091507,0.227954,0.000006,0.973672,550.000000,295.427356
1.000000,0.299323,0.000610,-0.021390,0.127473,-0.000007,0.991842,550.000000,393.525613
1.000000,0.431062,0.098303,-0.041590,0.162326,-0.000002,0.986737,550.000000,360.110777
1.000000,0.705213,0.023560,-0.097679,0.234814,0.000006,0.972040,550.000000,288.530516
1.000000,0.449191,0.030820,-0.045121,0.167137,-0.000002,0.985934,550.000000,355.447263
1.000000,0.426038,0.085014,-0.041270,0.161019,-0.000002,0.986951,550.000000,361.375454
1.000000,0.495377,0.060623,-0.053245,0.179347,-0.000000,0.983786,550.000000,343.557676
1.000000,0.284130,0.029564,-0.020871,0.123505,-0.000007,0.992344,550.000000,397.289714
1.000000,0.637190,0.055470,-0.081910,0.216834,0.000004,0.976209,550.000000,306.552391
1.000000,0.527574,0.000146,-0.059821,0.187884,0.000001,0.982191,550.000000,335.197735
1.000000,0.113974,0.067704,-0.003589,0.078527,-0.000012,0.996912,550.000000,439.381595
1.000000,0.055197,0.020499,0.000580,0.062988,-0.000014,0.998014,550.000000,453.680103
1.000000,0.889083,0.067482,-0.147025,0.283420,0.000012,0.958996,550.000000,238.905688
1.000000,0.046481,0.004787,0.001120,0.060684,-0.000014,0.998157,550.000000,455.790239
1.000000,0.087962,0.040348,-0.001630,0.071650,-0.000013,0.997430,550.000000,445.724889
1.000000,0.212210,0.079479,-0.012617,0.104495,-0.000009,0.994525,550.000000,415.207869
1.000000,0.841389,0.059219,-0.133269,0.270812,0.000011,0.962632,550.000000,251.906806
1.000000,0.711413,0.066261,-0.099183,0.236454,0.000007,0.971643,550.000000,286.877570
1.000000,0.729714,0.029566,-0.103685,0.241291,0.000007,0.970453,550.000000,281.994849
1.000000,0.593840,0.075423,-0.072548,0.205375,0.000003,0.978683,550.000000,317.944628
1.000000,0.150984,0.098973,-0.006196,0.088300,-0.000011,0.996094,550.000000,430.324875
1.000000,0.205730,0.000381,-0.010806,0.102749,-0.000009,0.994707,550.000000,416.844079
1.000000,0.035974,0.043402,0.001745,0.057907,-0.000015,0.998322,550.000000,458.328634
1.000000,0.181236,0.042002,-0.009492,0.096306,-0.000010,0.995352,550.000000,422.868504
1.000000,0.013275,0.004389,0.002992,0.051906,-0.000016,0.998652,550.000000,463.802197
1.000000,0.255051,0.072853,-0.017365,0.115820,-0.000008,0.993270,550.000000,404.556374
1.000000,0.000317,0.066287,0.000548,0.048522,-0.000016,0.998822,550.000000,466.880412
1.000000,0.406584,0.072519,-0.038148,0.155876,-0.000003,0.987777,550.000000,366.343010
1.000000,0.766998,0.086608,-0.113157,0.251148,0.000008,0.967949,550.000000,272.002762
1.000000,0.241319,0.010499,-0.015790,0.112188,-0.000008,0.993687,550.000000,407.979660
1.000000,0.971392,0.082858,-0.172373,0.305178,0.000015,0.952295,550.000000,216.251783
1.000000,0.429559,0.094125,-0.041846,0.161950,-0.000002,0.986799,550.000000,360.474669
1.000000,0.558201,0.045257,-0.065248,0.195953,0.000002,0.980613,550.000000,327.258545
1.000000,0.349961,0.063892,-0.029651,0.140908,-0.000005,0.990023,550.000000,380.721003
1.000000,0.559435,0.087497,-0.065495,0.196281,0.000002,0.980548,550.000000,326.935419
1.000000,0.803931,0.005542,-0.122938,0.260909,0.000010,0.965364,550.000000,262.055386
1.000000,0.113803,0.041362,-0.003576,0.078481,-0.000012,0.996916,550.000000,439.424018
1.000000,0.318903,0.087679,-0.025362,0.132698,-0.000006,0.991156,550.000000,388.556609
1.000000,0.419548,0.008602,-0.040217,0.159301,-0.000003,0.987230,550.000000,363.036518
1.000000,0.772281,0.007103,-0.114531,0.252543,0.000009,0.967586,550.000000,270.585185
1.000000,0.888355,0.000403,-0.146601,0.283210,0.000012,0.959058,550.000000,239.122586
1.000000,0.823841,0.057462,-0.128378,0.266173,0.000010,0.963925,550.000000,256.667216
1.000000,0.165777,0.008816,-0.008028,0.092219,-0.000011,0.995739,550.000000,426.679296
1.000000,0.186581,0.009353,-0.010013,0.097718,-0.000010,0.995214,550.000000,421.550184
1.000000,0.676499,0.016090,-0.090861,0.227224,0.000006,0.973843,550.000000,296.160295
1.000000,0.082468,0.014667,-0.001240,0.070197,-0.000013,0.997533,550.000000,447.062166
1.000000,0.198264,0.000290,-0.010108,0.100778,-0.000010,0.994909,550.000000,418.689532
1.000000,0.831290,0.056688,-0.130443,0.268142,0.000011,0.963379,550.000000,254.648045
1.000000,0.917135,0.083237,-0.155434,0.290836,0.000013,0.956773,550.000000,231.215613
1.000000,0.351727,0.056146,-0.029903,0.141374,-0.000005,0.989956,550.000000,380.274579
1.000000,0.981797,0.069362,-0.173212,0.307734,0.000015,0.951473,550.000000,213.572743
1.000000,0.099275,0.062754,-0.002460,0.074641,-0.000013,0.997210,550.000000,442.968788
1.000000,0.055806,0.050118,0.000542,0.063150,-0.000014,0.998004,550.000000,453.531859
1.000000,0.963408,0.033701,-0.169823,0.303066,0.000015,0.952970,550.000000,218.462953
1.000000,0.370315,0.015687,-0.032605,0.146287,-0.000004,0.989242,550.000000,375.567796
1.000000,0.842524,0.091788,-0.133589,0.271113,0.000011,0.962548,550.000000,251.597526
1.000000,0.196325,0.087628,-0.010982,0.100296,-0.000010,0.994958,550.000000,419.140128
1.000000,0.130917,0.011166,-0.004962,0.083004,-0.000012,0.996549,550.000000,435.238657
1.000000,0.033181,0.098612,-0.000461,0.057207,-0.000015,0.998362,550.000000,458.968600
1.000000,0.242758,0.059701,-0.015952,0.112569,-0.000008,0.993644,550.000000,407.620168
1.000000,0.000256,0.048003,0.000443,0.048507,-0.000016,0.998823,550.000000,466.894336
1.000000,0.044262,0.010196,0.001254,0.060097,-0.000015,0.998193,550.000000,456.326602
1.000000,0.588669,0.062310,-0.071466,0.204008,0.000003,0.978969,550.000000,319.299327
1.000000,0.285447,0.099535,-0.019612,0.123809,-0.000007,0.992306,550.000000,397.001602
1.000000,0.466233,0.068462,-0.048050,0.171643,-0.000001,0.985159,550.000000,351.068742
1.000000,0.131331,0.020821,-0.004997,0.083114,-0.000012,0.996540,550.000000,435.137170
1.000000,0.116543,0.093220,-0.003792,0.079207,-0.000012,0.996858,550.000000,438.753083
1.000000,0.073890,0.023312,-0.000646,0.067930,-0.000014,0.997690,550.000000,449.146577
1.000000,0.486204,0.017695,-0.051584,0.176921,-0.000001,0.984225,550.000000,345.926604
1.000000,0.970861,0.088163,-0.172203,0.305038,0.000015,0.952340,550.000000,216.398752
1.000000,0.000199,0.078007,0.000345,0.048494,-0.000016,0.998823,550.000000,466.905891
1.000000,0.773119,0.034190,-0.114750,0.252765,0.000009,0.967528,550.000000,270.359011
1.000000,0.158354,0.076876,-0.007348,0.090259,-0.000011,0.995918,550.000000,428.503555
1.000000,0.500998,0.035646,-0.054274,0.180832,-0.000000,0.983514,550.000000,342.106269
1.000000,0.633907,0.069485,-0.081183,0.215966,0.000004,0.976401,550.000000,307.417297
1.000000,0.455268,0.099715,-0.045908,0.168735,-0.000002,0.985661,550.000000,353.896099
1.000000,0.158363,0.056240,-0.007349,0.090260,-0.000011,0.995918,550.000000,428.502014
1.000000,0.584360,0.046983,-0.070571,0.202869,0.000003,0.979206,550.000000,320.427361
1.000000,0.127102,0.059233,-0.004646,0.081997,-0.000012,0.996633,550.000000,436.171534
