0.823806,0.050509,-0.039042,467.978013
0.414476,0.084213,-0.019653,467.978013
0.273307,0.037048,-0.012967,467.978013
0.182020,0.071177,-0.008643,467.978013
0.901766,0.052827,-0.042735,467.978013
0.679198,0.083810,-0.032192,467.978013
0.726919,0.067206,-0.034453,467.978013
0.556809,0.013964,-0.026395,467.978013
0.068948,0.020732,-0.003287,467.978013
0.119499,0.062348,-0.005681,467.978013
0.114646,0.082005,-0.005451,467.978013
0.290168,0.042918,-0.013765,467.978013
0.058191,0.097117,-0.000244,467.978013
0.321389,0.046452,-0.015244,467.978013
0.588150,0.099485,-0.016685,467.978013
0.080412,0.087581,-0.003830,467.978013
0.120944,0.003851,-0.000832,467.978013
0.324509,0.011685,-0.015392,467.978013
0.012553,0.020592,-0.000615,467.978013
0.380966,0.002159,-0.007161,467.978013
0.943349,0.096725,-0.042292,467.978013
0.300361,0.022876,-0.014248,467.978013
0.090873,0.082105,-0.004325,467.978013
0.947636,0.002982,-0.042676,467.978013
0.270518,0.083165,-0.012834,467.978013
0.260629,0.002517,-0.003454,467.978013
0.008011,0.065920,-0.000400,467.978013
0.319885,0.013328,-0.015173,467.978013
0.073943,0.036811,-0.003523,467.978013
0.488532,0.064646,-0.023161,467.978013
0.823483,0.025297,-0.039027,467.978013
0.958475,0.053176,-0.045421,467.978013
0.149168,0.068309,-0.007086,467.978013
0.610855,0.065679,-0.028955,467.978013
0.869039,0.094920,-0.035962,467.978013
0.242910,0.029132,-0.011527,467.978013
0.226618,0.025191,-0.010755,467.978013
0.632392,0.036627,-0.029975,467.978013
0.121416,0.003898,-0.000838,467.978013
0.101744,0.098724,-0.000615,467.978013
0.424015,0.068913,-0.020105,467.978013
0.931688,0.071657,-0.044152,467.978013
0.220188,0.098878,-0.002512,467.978013
0.142899,0.044337,-0.006789,467.978013
0.384578,0.062056,-0.018237,467.978013
0.191491,0.055942,-0.009091,467.978013
0.569727,0.039668,-0.027007,467.978013
0.370207,0.038329,-0.017556,467.978013
0.682371,0.097287,-0.022333,467.978013
0.320500,0.042940,-0.015202,467.978013
0.799667,0.075923,-0.037899,467.978013
0.465499,0.037242,-0.022070,467.978013
0.965769,0.024895,-0.045766,467.978013
0.345798,0.084642,-0.016400,467.978013
0.511625,0.053057,-0.024255,467.978013
0.890101,0.019979,-0.042182,467.978013
0.119478,0.083224,-0.005680,467.978013
0.264878,0.038660,-0.012567,467.978013
0.441323,0.082129,-0.020925,467.978013
0.535452,0.035952,-0.025384,467.978013
0.479262,0.059654,-0.022722,467.978013
0.218740,0.041297,-0.010382,467.978013
0.679869,0.095084,-0.022172,467.978013
0.295495,0.040615,-0.014018,467.978013
0.935095,0.051705,-0.044314,467.978013
0.424762,0.072506,-0.020141,467.978013
0.620175,0.027745,-0.029397,467.978013
0.035979,0.098606,-0.000122,467.978013
0.202106,0.074828,-0.009594,467.978013
0.347858,0.072226,-0.016498,467.978013
0.626971,0.051546,-0.029719,467.978013
0.420893,0.098360,-0.008688,467.978013
0.941132,0.044334,-0.044599,467.978013
0.321939,0.054313,-0.015270,467.978013
0.458413,0.036500,-0.021734,467.978013
0.486410,0.097449,-0.011511,467.978013
0.562177,0.061278,-0.026649,467.978013
0.499395,0.062989,-0.023676,467.978013
0.127103,0.013768,-0.006041,467.978013
0.472771,0.002355,-0.010890,467.978013
0.552712,0.056862,-0.026201,467.978013
0.334576,0.087796,-0.015869,467.978013
0.328638,0.047496,-0.015587,467.978013
0.459094,0.083800,-0.021767,467.978013
0.751970,0.035592,-0.035639,467.978013
0.980087,0.030710,-0.046445,467.978013
0.431748,0.080037,-0.020471,467.978013
0.077811,0.088163,-0.003706,467.978013
0.508109,0.021663,-0.024088,467.978013
0.969548,0.017806,-0.045945,467.978013
0.369063,0.073129,-0.017502,467.978013
0.103326,0.052381,-0.004915,467.978013
0.519099,0.062926,-0.024609,467.978013
0.201179,0.017107,-0.009550,467.978013
0.965387,0.000278,-0.045748,467.978013
0.975115,0.007030,-0.046209,467.978013
0.791109,0.025530,-0.037493,467.978013
-0.000000,0.000000,0.000000,467.978013
0.640602,0.002818,-0.019728,467.978013
0.339449,0.062143,-0.016100,467.978013
0.057922,0.098837,-0.000242,467.978013
0.350776,0.058291,-0.016636,467.978013
0.686561,0.063137,-0.032541,467.978013
0.380267,0.061928,-0.018033,467.978013
0.420200,0.053672,-0.019924,467.978013
0.349111,0.060619,-0.016557,467.978013
0.882395,0.059873,-0.041817,467.978013
0.646931,0.026760,-0.030664,467.978013
0.983689,0.056188,-0.046615,467.978013
0.569556,0.017876,-0.026999,467.978013
0.178133,0.045780,-0.008458,467.978013
0.224503,0.055860,-0.010655,467.978013
0.695895,0.064282,-0.032983,467.978013
0.552758,0.073048,-0.026203,467.978013
0.118028,0.043203,-0.005611,467.978013
0.727277,0.025813,-0.034470,467.978013
0.764485,0.098433,-0.027928,467.978013
0.468960,0.075313,-0.022234,467.978013
0.468043,0.026029,-0.022191,467.978013
0.862940,0.088220,-0.040896,467.978013
0.264759,0.097813,-0.003561,467.978013
0.006220,0.037692,-0.000315,467.978013
0.378622,0.043677,-0.017955,467.978013
0.230995,0.094494,-0.002749,467.978013
0.545830,0.084162,-0.025875,467.978013
0.049139,0.014585,-0.002348,467.978013
0.639102,0.055769,-0.030293,467.978013
0.081255,0.015470,-0.003870,467.978013
0.023727,0.079931,-0.001145,467.978013
0.259039,0.064453,-0.012291,467.978013
0.998675,-0.000008,-0.047346,467.978013
0.867652,0.086574,-0.041119,467.978013
0.920828,0.016724,-0.043638,467.978013
0.147234,0.031105,-0.006995,467.978013
0.526823,0.069650,-0.024975,467.978013
0.183954,0.070323,-0.008734,467.978013
0.720337,0.073658,-0.034141,467.978013
0.175360,0.080231,-0.008327,467.978013
0.380074,0.044611,-0.018024,467.978013
0.588340,0.032885,-0.027889,467.978013
0.802444,0.004363,-0.030729,467.978013
0.016601,0.053189,-0.000807,467.978013
0.305588,0.085009,-0.014496,467.978013
0.069038,0.061386,-0.003291,467.978013
0.662820,0.065450,-0.031417,467.978013
0.933560,0.038010,-0.044241,467.978013
0.055191,0.003438,-0.000221,467.978013
0.063089,0.084740,-0.003009,467.978013
0.553070,0.017813,-0.026218,467.978013
0.048987,0.033979,-0.002341,467.978013
0.247341,0.021138,-0.011737,467.978013
0.386131,0.080159,-0.018311,467.978013
0.271086,0.086504,-0.012861,467.978013
0.693230,0.000055,-0.023038,467.978013
0.969340,0.066500,-0.045936,467.978013
0.095392,0.085656,-0.004539,467.978013
0.518386,0.003816,-0.013034,467.978013
0.993208,0.025967,-0.047066,467.978013
0.018978,0.043093,-0.000920,467.978013
0.505403,0.096509,-0.012404,467.978013
0.937591,0.053374,-0.044432,467.978013
0.207376,0.043623,-0.009844,467.978013
0.801182,0.040766,-0.037970,467.978013
0.253748,0.071009,-0.012040,467.978013
0.604940,0.016420,-0.028675,467.978013
0.677322,0.086778,-0.032104,467.978013
0.666253,0.016705,-0.031579,467.978013
0.444862,0.015851,-0.021093,467.978013
0.998675,0.100008,-0.047346,467.978013
0.983441,0.036751,-0.046604,467.978013
0.597794,0.042391,-0.028337,467.978013
-0.000000,0.000000,0.000000,467.978013
0.532040,0.098168,-0.013713,467.978013
0.102335,0.026441,-0.004868,467.978013
0.759694,0.035694,-0.036005,467.978013
0.021742,0.025072,-0.001051,467.978013
0.112923,0.033916,-0.005370,467.978013
0.698584,0.096235,-0.023388,467.978013
0.529790,0.004131,-0.013600,467.978013
0.412494,0.087691,-0.019559,467.978013
0.703435,0.096147,-0.023708,467.978013
0.847804,0.095381,-0.034248,467.978013
0.109993,0.056464,-0.005231,467.978013
0.531689,0.095835,-0.013695,467.978013
0.598629,0.013723,-0.028376,467.978013
0.563973,0.054069,-0.026735,467.978013
0.765744,0.084771,-0.036292,467.978013
0.271912,0.097238,-0.003747,467.978013
0.998058,0.085777,-0.047296,467.978013
0.577897,0.097499,-0.016120,467.978013
0.220453,0.065123,-0.010463,467.978013
0.581165,0.061306,-0.027549,467.978013
0.208525,0.039706,-0.009898,467.978013
0.212309,0.076919,-0.010077,467.978013
0.264793,0.099608,-0.003562,467.978013
0.113517,0.064049,-0.005398,467.978013
0.298662,0.019328,-0.014168,467.978013
0.252548,0.021432,-0.011983,467.978013
-0.000000,0.100000,0.000000,467.978013
0.264159,0.079702,-0.012533,467.978013
0.001995,0.059008,-0.000115,467.978013
0.957248,0.096679,-0.043533,467.978013
0.481620,0.042246,-0.022834,467.978013
0.436146,0.038382,-0.020680,467.978013
0.140791,0.029160,-0.006690,467.978013
0.168936,0.024729,-0.008023,467.978013
0.667047,0.002854,-0.021359,467.978013
0.140254,0.081440,-0.006664,467.978013
0.929153,0.055603,-0.044032,467.978013
0.173392,0.064578,-0.008234,467.978013
0.998502,0.066696,-0.047317,467.978013
0.499144,0.029556,-0.023664,467.978013
0.242021,0.095307,-0.003003,467.978013
0.613093,0.059777,-0.029061,467.978013
0.511391,0.038284,-0.024244,467.978013
0.089677,0.079484,-0.004269,467.978013
0.244470,0.000618,-0.003059,467.978013
0.858138,0.051453,-0.040668,467.978013
0.103859,0.037675,-0.004940,467.978013
0.474116,0.060266,-0.022478,467.978013
0.761200,0.005081,-0.027694,467.978013
0.454204,0.047573,-0.021535,467.978013
0.987988,0.080060,-0.046819,467.978013
0.442919,0.016467,-0.021001,467.978013
0.376371,0.036331,-0.017848,467.978013
0.205668,0.097559,-0.002209,467.978013
0.003140,0.013443,-0.000170,467.978013
0.846309,0.080436,-0.040108,467.978013
0.973632,0.029050,-0.046139,467.978013
0.981226,0.056923,-0.046499,467.978013
0.290697,0.002263,-0.004255,467.978013
0.718741,0.064582,-0.034065,467.978013
0.148012,0.003367,-0.001199,467.978013
0.379214,0.061509,-0.017983,467.978013
0.166477,0.014731,-0.007906,467.978013
0.313147,0.084642,-0.014854,467.978013
0.699617,0.017240,-0.033160,467.978013
0.080888,0.035488,-0.003852,467.978013
0.857273,0.095307,-0.035007,467.978013
0.145000,0.001164,-0.001155,467.978013
0.538461,0.071260,-0.025526,467.978013
0.453495,0.076919,-0.021502,467.978013
0.983528,0.014675,-0.046608,467.978013
0.047478,0.050387,-0.002270,467.978013
0.901370,0.055829,-0.042716,467.978013
-0.000000,0.000000,0.000000,467.978013
0.091826,0.063822,-0.004370,467.978013
0.331034,0.004028,-0.005460,467.978013
0.075156,0.001559,-0.000365,467.978013
0.304258,0.094927,-0.004645,467.978013
0.790109,0.041799,-0.037446,467.978013
0.433071,0.059746,-0.020534,467.978013
0.755441,0.012845,-0.035804,467.978013
0.313114,0.015500,-0.014852,467.978013
0.176029,0.052183,-0.008359,467.978013
0.631130,0.075836,-0.029916,467.978013
0.360311,0.047423,-0.017088,467.978013
0.018317,0.038612,-0.000888,467.978013
0.214273,0.050672,-0.010170,467.978013
0.850899,0.056786,-0.040325,467.978013
0.216608,0.098280,-0.002435,467.978013
0.814938,0.004936,-0.031680,467.978013
0.964252,0.078951,-0.045695,467.978013
0.964910,0.087254,-0.045726,467.978013
0.751615,0.020359,-0.035623,467.978013
0.331405,0.019327,-0.015718,467.978013
0.654164,0.012397,-0.031007,467.978013
0.534362,0.066678,-0.025332,467.978013
0.494110,0.085378,-0.023425,467.978013
0.076659,0.037580,-0.003652,467.978013
0.689254,0.039942,-0.032669,467.978013
0.973673,0.063392,-0.046141,467.978013
0.893223,0.045782,-0.042330,467.978013
0.500123,0.033378,-0.023710,467.978013
0.778154,0.078655,-0.036880,467.978013
0.440233,0.049138,-0.020873,467.978013
0.796337,0.084508,-0.037741,467.978013
0.192364,0.060248,-0.009133,467.978013
0.560131,0.037182,-0.026553,467.978013
0.270691,0.080669,-0.012843,467.978013
0.107006,0.021568,-0.005089,467.978013
0.453334,0.037754,-0.021494,467.978013
0.235225,0.026008,-0.011163,467.978013
0.652448,0.087378,-0.030925,467.978013
0.300691,0.012412,-0.014264,467.978013
0.964274,0.015883,-0.045696,467.978013
0.585707,0.040282,-0.027764,467.978013
0.605327,0.036032,-0.028693,467.978013
0.405241,0.096559,-0.008072,467.978013
0.325440,0.004830,-0.005284,467.978013
0.238777,0.039364,-0.011331,467.978013
0.173452,0.096855,-0.001609,467.978013
0.840412,0.073151,-0.039829,467.978013
0.637501,0.020576,-0.030217,467.978013
0.417546,0.079349,-0.019799,467.978013
0.967031,0.062167,-0.045826,467.978013
0.148835,0.080045,-0.007071,467.978013
0.531891,0.053207,-0.025215,467.978013
0.892082,0.000548,-0.037873,467.978013
0.632753,0.058211,-0.029992,467.978013
0.319728,0.000276,-0.005107,467.978013
0.624015,0.049178,-0.029579,467.978013
0.454768,0.035614,-0.021562,467.978013
0.707306,0.045658,-0.033524,467.978013
0.544035,0.025936,-0.025790,467.978013
0.744415,0.020857,-0.035282,467.978013
0.108113,0.097152,-0.000684,467.978013
0.165152,0.071327,-0.007844,467.978013
0.069245,0.002694,-0.000318,467.978013
0.951964,0.098769,-0.043059,467.978013
0.273562,0.053333,-0.012979,467.978013
0.799380,0.051305,-0.037885,467.978013
0.846993,0.077464,-0.040140,467.978013
0.475664,0.036283,-0.022552,467.978013
0.328939,0.075532,-0.015602,467.978013
0.834927,0.002298,-0.033231,467.978013
0.534460,0.058842,-0.025337,467.978013
0.998675,-0.000008,-0.047346,467.978013
0.353705,0.039557,-0.016775,467.978013
0.884276,0.074433,-0.041906,467.978013
0.113742,0.098249,-0.000748,467.978013
0.256668,0.018303,-0.012178,467.978013
0.191164,0.033344,-0.009076,467.978013
0.129290,0.049921,-0.006145,467.978013
0.111398,0.014202,-0.005297,467.978013
0.450363,0.068018,-0.021353,467.978013
0.356218,0.004382,-0.006289,467.978013
0.592141,0.002276,-0.016908,467.978013
0.589547,0.096996,-0.016762,467.978013
0.176457,0.073394,-0.008379,467.978013
0.879631,0.047524,-0.041686,467.978013
0.340395,0.000059,-0.005762,467.978013
0.348524,0.087458,-0.016529,467.978013
0.625891,0.044110,-0.029667,467.978013
0.491987,0.033999,-0.023325,467.978013
0.100008,0.005103,-0.000594,467.978013
0.873440,0.038871,-0.041393,467.978013
0.216276,0.005268,-0.002426,467.978013
0.555784,0.004626,-0.014935,467.978013
0.717322,0.020178,-0.033998,467.978013
0.632650,0.021019,-0.029988,467.978013
0.870599,0.061351,-0.041259,467.978013
0.449960,0.094932,-0.009891,467.978013
0.492352,0.094713,-0.011787,467.978013
0.974149,0.057734,-0.046163,467.978013
0.673100,0.003303,-0.021742,467.978013
0.686553,0.057099,-0.032541,467.978013
0.997358,0.045784,-0.047263,467.978013
0.156851,0.021483,-0.007450,467.978013
0.055027,0.018554,-0.002627,467.978013
0.453484,0.088400,-0.021501,467.978013
0.498063,0.014987,-0.023613,467.978013
0.287269,0.035018,-0.013628,467.978013
0.241204,0.068885,-0.011446,467.978013
0.176112,0.049073,-0.008363,467.978013
0.650956,0.042188,-0.030855,467.978013
0.092600,0.077075,-0.004407,467.978013
0.984016,0.041772,-0.046631,467.978013
0.005768,0.064435,-0.000294,467.978013
0.564558,0.053661,-0.026762,467.978013
0.107304,0.039872,-0.005103,467.978013
0.674733,0.013492,-0.031981,467.978013
0.892701,0.012151,-0.042305,467.978013
0.772812,0.032402,-0.036627,467.978013
0.350480,0.051114,-0.016622,467.978013
0.020862,0.047431,-0.001009,467.978013
0.248736,0.098638,-0.003163,467.978013
0.801713,0.055993,-0.037996,467.978013
0.242610,0.048386,-0.011513,467.978013
0.698711,0.086046,-0.033117,467.978013
0.372864,0.003464,-0.006869,467.978013
-0.000000,0.000000,0.000000,467.978013
0.962682,0.075812,-0.045620,467.978013
0.814042,0.001397,-0.031611,467.978013
0.349378,0.050632,-0.016570,467.978013
0.053993,0.086464,-0.002578,467.978013
0.866625,0.037267,-0.041070,467.978013
0.896249,0.044153,-0.042474,467.978013
0.738334,0.060863,-0.034994,467.978013
0.353366,0.013089,-0.016759,467.978013
0.330370,0.034173,-0.015669,467.978013
0.146912,0.001245,-0.001183,467.978013
0.317492,0.033799,-0.015059,467.978013
0.633733,0.062245,-0.030039,467.978013
0.534480,0.097137,-0.013836,467.978013
0.694254,0.000063,-0.023105,467.978013
0.915692,0.065962,-0.043394,467.978013
0.277768,0.085841,-0.013178,467.978013
0.246339,0.002036,-0.003103,467.978013
0.026887,0.019702,-0.001294,467.978013
0.113516,0.099154,-0.000746,467.978013
0.474057,0.026399,-0.022476,467.978013
0.856453,0.081636,-0.040588,467.978013
0.332336,0.018142,-0.015763,467.978013
0.378294,0.062477,-0.017940,467.978013
0.224864,0.044428,-0.010672,467.978013
0.698736,0.055767,-0.033118,467.978013
0.798334,0.081907,-0.037836,467.978013
0.043913,0.055350,-0.002101,467.978013
0.215039,0.096366,-0.002402,467.978013
0.166487,0.038549,-0.007907,467.978013
0.606820,0.058611,-0.028764,467.978013
0.607266,0.097194,-0.017764,467.978013
0.348808,0.040190,-0.016543,467.978013
0.513305,0.095073,-0.012785,467.978013
0.889827,0.060236,-0.042169,467.978013
0.777641,0.081645,-0.036855,467.978013
0.010704,0.053881,-0.000528,467.978013
0.079749,0.083710,-0.003798,467.978013
0.393581,0.039454,-0.018664,467.978013
0.190873,0.096496,-0.001922,467.978013
0.392282,0.005246,-0.007579,467.978013
0.210190,0.017280,-0.009977,467.978013
0.893885,0.012918,-0.042362,467.978013
0.512645,0.067258,-0.024303,467.978013
0.122341,0.004767,-0.000849,467.978013
0.139516,0.031184,-0.006629,467.978013
0.857562,0.012021,-0.040641,467.978013
0.590310,0.028222,-0.027982,467.978013
0.601786,0.087255,-0.028526,467.978013
0.753164,0.013962,-0.035696,467.978013
0.690686,0.020938,-0.032737,467.978013
0.365194,0.002427,-0.006599,467.978013
0.521763,0.017295,-0.024735,467.978013
0.254150,0.030573,-0.012059,467.978013
0.484480,0.030384,-0.022969,467.978013
0.173922,0.003552,-0.001614,467.978013
0.716303,0.097360,-0.024569,467.978013
0.051525,0.099025,-0.000203,467.978013
0.488133,0.038862,-0.023142,467.978013
0.197984,0.062788,-0.009399,467.978013
0.808377,0.023174,-0.038311,467.978013
0.095115,0.027950,-0.004526,467.978013
0.344688,0.027008,-0.016348,467.978013
0.329284,0.031935,-0.015618,467.978013
0.575238,0.046974,-0.027268,467.978013
0.362911,0.000042,-0.006520,467.978013
0.460508,0.021703,-0.021834,467.978013
0.097785,0.005313,-0.000571,467.978013
0.715338,0.047789,-0.033904,467.978013
0.283689,0.017750,-0.013458,467.978013
0.161531,0.004807,-0.001408,467.978013
0.470956,0.058690,-0.022329,467.978013
0.647058,0.031953,-0.030670,467.978013
0.314039,0.098347,-0.004936,467.978013
0.331547,0.094853,-0.005478,467.978013
0.313477,0.034238,-0.014869,467.978013
0.963797,0.020482,-0.045673,467.978013
0.344196,0.076746,-0.016324,467.978013
0.565501,0.066592,-0.026807,467.978013
0.917920,0.054609,-0.043500,467.978013
0.271033,0.030596,-0.012859,467.978013
0.214782,0.099884,-0.002397,467.978013
0.525107,0.055994,-0.024894,467.978013
0.572531,0.032901,-0.027140,467.978013
0.097399,0.049080,-0.004634,467.978013
0.933625,0.082285,-0.044244,467.978013
0.648836,0.077813,-0.030754,467.978013
0.747824,0.036911,-0.035443,467.978013
0.796858,0.079277,-0.037766,467.978013
0.429544,0.049552,-0.020367,467.978013
0.583920,0.095010,-0.016450,467.978013
0.498263,0.025936,-0.023622,467.978013
0.901210,0.053695,-0.042709,467.978013
0.789395,0.059081,-0.037412,467.978013
0.951005,0.050764,-0.045067,467.978013
0.099543,0.053069,-0.004736,467.978013
0.062380,0.028516,-0.002976,467.978013
0.866695,0.037327,-0.041074,467.978013
0.730238,0.026075,-0.034610,467.978013
0.078675,0.028656,-0.003747,467.978013
0.536195,0.027249,-0.025419,467.978013
0.240301,0.030477,-0.011403,467.978013
0.337188,0.019565,-0.015992,467.978013
0.403864,0.014336,-0.019151,467.978013
0.621469,0.026291,-0.029458,467.978013
0.818630,0.095042,-0.031961,467.978013
0.031085,0.082140,-0.001493,467.978013
0.530276,0.098145,-0.013624,467.978013
0.978423,0.061435,-0.046366,467.978013
0.973985,0.040300,-0.046156,467.978013
0.690667,0.053481,-0.032736,467.978013
0.897544,0.034060,-0.042535,467.978013
0.634829,0.045601,-0.030091,467.978013
0.129339,0.086780,-0.006147,467.978013
0.622315,0.047204,-0.029498,467.978013
0.830400,0.001298,-0.032877,467.978013
0.704336,0.095022,-0.023768,467.978013
0.578105,0.045685,-0.027404,467.978013
-0.000000,0.000000,0.000000,467.978013
0.822929,0.080758,-0.039001,467.978013
0.131317,0.042066,-0.006241,467.978013
0.817888,0.037807,-0.038762,467.978013
0.323125,0.080081,-0.015326,467.978013
0.301148,0.061552,-0.014285,467.978013
0.774407,0.040649,-0.036702,467.978013
0.891896,0.096424,-0.037854,467.978013
0.945257,0.098529,-0.042461,467.978013
0.692936,0.025629,-0.032843,467.978013
0.743502,0.029081,-0.035238,467.978013
0.538433,0.057485,-0.025525,467.978013
0.535056,0.003814,-0.013865,467.978013
0.976044,0.039721,-0.046253,467.978013
0.450613,0.083011,-0.021365,467.978013
0.642059,0.063576,-0.030433,467.978013
0.268420,0.046814,-0.012735,467.978013
0.867094,0.024805,-0.041093,467.978013
0.217148,0.046483,-0.010306,467.978013
0.206434,0.039123,-0.009799,467.978013
0.023049,0.023175,-0.001113,467.978013
0.868343,0.027028,-0.041152,467.978013
0.254108,0.037671,-0.012057,467.978013
0.287522,0.040153,-0.013640,467.978013
0.459040,0.014238,-0.021764,467.978013
0.297037,0.073256,-0.014091,467.978013
0.854468,0.003514,-0.034784,467.978013
0.566993,0.080746,-0.026878,467.978013
0.336249,0.096460,-0.005628,467.978013
0.638226,0.060569,-0.030252,467.978013
0.351163,0.085500,-0.016654,467.978013
0.270243,0.040364,-0.012821,467.978013
0.627747,0.065671,-0.029755,467.978013
0.811642,0.053552,-0.038466,467.978013
0.738748,0.044100,-0.035013,467.978013
0.341855,0.070321,-0.016213,467.978013
0.169596,0.000145,-0.001541,467.978013
0.067137,0.095129,-0.000306,467.978013
0.527481,0.016353,-0.025006,467.978013
0.494623,0.034428,-0.023450,467.978013
0.491265,0.001315,-0.011736,467.978013
0.803628,0.081420,-0.038086,467.978013
0.845661,0.034688,-0.040077,467.978013
0.403732,0.023082,-0.019144,467.978013
0.629995,0.013379,-0.029862,467.978013
0.110874,0.094704,-0.000715,467.978013
0.635637,0.062631,-0.030129,467.978013
0.922819,0.005111,-0.040495,467.978013
0.084237,0.069694,-0.004011,467.978013
0.319988,0.082646,-0.015178,467.978013
0.917195,0.028848,-0.043466,467.978013
0.385592,0.044012,-0.018285,467.978013
0.632153,0.052125,-0.029964,467.978013
0.630306,0.095982,-0.019110,467.978013
0.616384,0.098377,-0.018291,467.978013
0.947693,0.096465,-0.042678,467.978013
0.678548,0.017556,-0.032162,467.978013
0.187084,0.084581,-0.008882,467.978013
0.578412,0.097665,-0.016148,467.978013
0.362527,0.094542,-0.006507,467.978013
0.493532,0.052187,-0.023398,467.978013
0.916128,0.004375,-0.039916,467.978013
0.165413,0.001889,-0.001471,467.978013
0.959762,0.005171,-0.043763,467.978013
0.592172,0.098600,-0.016909,467.978013
0.115770,0.063143,-0.005504,467.978013
0.430780,0.065352,-0.020426,467.978013
0.610371,0.096156,-0.017942,467.978013
0.739267,0.000164,-0.026145,467.978013
0.099518,0.005519,-0.000589,467.978013
0.905252,0.096691,-0.038982,467.978013
0.724092,0.028556,-0.034319,467.978013
0.315102,0.036072,-0.014946,467.978013
0.082542,0.096831,-0.000430,467.978013
0.136911,0.020305,-0.006506,467.978013
0.470752,0.016574,-0.022319,467.978013
0.567346,0.024888,-0.026894,467.978013
0.474076,0.066590,-0.022476,467.978013
0.831431,0.077729,-0.039403,467.978013
0.252070,0.094756,-0.003244,467.978013
0.854720,0.096244,-0.034802,467.978013
0.921905,0.015464,-0.043689,467.978013
0.901764,0.018013,-0.042735,467.978013
0.429156,0.002282,-0.009021,467.978013
0.192227,0.053871,-0.009126,467.978013
0.016309,0.013317,-0.000793,467.978013
0.682523,0.003907,-0.022344,467.978013
0.648142,0.041859,-0.030721,467.978013
0.789544,0.097680,-0.029761,467.978013
0.989879,0.010120,-0.046909,467.978013
0.957630,0.085716,-0.045381,467.978013
0.585929,0.037153,-0.027775,467.978013
0.633663,0.070056,-0.030036,467.978013
0.017984,0.059403,-0.000873,467.978013
0.935863,0.026156,-0.044350,467.978013
0.598062,0.096580,-0.017240,467.978013
0.253362,0.072440,-0.012022,467.978013
0.792363,0.002168,-0.029973,467.978013
0.987697,0.005261,-0.046805,467.978013
0.015181,0.055351,-0.000740,467.978013
0.404083,0.032391,-0.019161,467.978013
0.030325,0.013295,-0.001457,467.978013
0.177704,0.025171,-0.008438,467.978013
0.008215,0.083831,-0.000410,467.978013
0.001589,0.061806,-0.000096,467.978013
0.659429,0.059684,-0.031256,467.978013
0.943723,0.071819,-0.044722,467.978013
0.465857,0.059731,-0.022087,467.978013
0.996512,0.041126,-0.047223,467.978013
0.989090,0.023968,-0.046871,467.978013
0.230108,0.036576,-0.010920,467.978013
0.095487,0.029991,-0.004544,467.978013
0.691342,0.028637,-0.032768,467.978013
0.979866,0.033627,-0.046434,467.978013
0.628390,0.081875,-0.029786,467.978013
0.344714,0.025803,-0.016349,467.978013
0.708202,0.084067,-0.033566,467.978013
0.676108,0.063504,-0.032046,467.978013
0.787393,0.083485,-0.037317,467.978013
0.058277,0.098505,-0.000245,467.978013
0.942959,0.023932,-0.044686,467.978013
0.393949,0.029456,-0.018681,467.978013
0.365165,0.001005,-0.006598,467.978013
0.519062,0.096586,-0.013067,467.978013
0.836737,0.052601,-0.039655,467.978013
0.837953,0.099563,-0.033467,467.978013
0.652541,0.001671,-0.020457,467.978013
0.862681,0.094797,-0.035444,467.978013
0.754306,0.094866,-0.027201,467.978013
0.258312,0.098498,-0.003398,467.978013
0.807394,0.098990,-0.031102,467.978013
0.194092,0.099471,-0.001983,467.978013
0.177356,0.027020,-0.008422,467.978013
0.870800,0.066522,-0.041268,467.978013
0.074510,0.066991,-0.003550,467.978013
0.264165,0.073805,-0.012534,467.978013
0.703690,0.027287,-0.033353,467.978013
0.501414,0.073033,-0.023771,467.978013
0.558044,0.094651,-0.015054,467.978013
0.177318,0.074422,-0.008420,467.978013
0.680610,0.067723,-0.032259,467.978013
0.642632,0.029887,-0.030460,467.978013
0.138432,0.095297,-0.001064,467.978013
0.531295,0.040552,-0.025187,467.978013
0.190971,0.058999,-0.009067,467.978013
0.159136,0.021929,-0.007559,467.978013
0.468371,0.000597,-0.010694,467.978013
0.664760,0.057856,-0.031509,467.978013
0.508567,0.062037,-0.024110,467.978013
0.394780,0.001365,-0.007672,467.978013
0.914671,0.040402,-0.043346,467.978013
0.962536,0.005271,-0.044014,467.978013
0.648993,0.036482,-0.030762,467.978013
0.941052,0.054804,-0.044596,467.978013
0.725988,0.074950,-0.034409,467.978013
0.855320,0.034128,-0.040535,467.978013
0.195296,0.082760,-0.009271,467.978013
0.620771,0.002384,-0.018548,467.978013
0.047242,0.003346,-0.000175,467.978013
0.078543,0.084816,-0.003741,467.978013
0.506009,0.040840,-0.023989,467.978013
0.600762,0.054511,-0.028477,467.978013
0.417368,0.059613,-0.019790,467.978013
0.829506,0.064384,-0.039312,467.978013
0.874661,0.097617,-0.036423,467.978013
0.466796,0.029560,-0.022132,467.978013
0.430235,0.076324,-0.020400,467.978013
0.917008,0.003987,-0.039992,467.978013
0.570016,0.027874,-0.027021,467.978013
0.192725,0.086509,-0.009150,467.978013
0.549818,0.033207,-0.026064,467.978013
0.116242,0.094471,-0.000778,467.978013
-0.000000,0.000000,0.000000,467.978013
0.186002,0.043105,-0.008831,467.978013
0.807775,0.050454,-0.038283,467.978013
0.979511,0.015523,-0.046417,467.978013
0.185262,0.032961,-0.008796,467.978013
0.061324,0.057296,-0.002926,467.978013
0.802275,0.063860,-0.038022,467.978013
0.296014,0.046876,-0.014042,467.978013
0.160391,0.025354,-0.007618,467.978013
0.758904,0.051026,-0.035968,467.978013
0.054914,0.087952,-0.002622,467.978013
0.300643,0.002976,-0.004538,467.978013
0.836310,0.016547,-0.039634,467.978013
0.433419,0.031370,-0.020551,467.978013
0.730772,0.084202,-0.034635,467.978013
0.585798,0.044519,-0.027768,467.978013
0.679590,0.071104,-0.032211,467.978013
0.774066,0.046951,-0.036686,467.978013
0.529390,0.078641,-0.025096,467.978013
0.361850,0.087866,-0.017161,467.978013
0.132999,0.083099,-0.006321,467.978013
0.096420,0.096331,-0.000560,467.978013
0.857245,0.035828,-0.040626,467.978013
0.737589,0.020570,-0.034958,467.978013
0.400641,0.021388,-0.018998,467.978013
0.500403,0.022372,-0.023723,467.978013
0.625388,0.014772,-0.029644,467.978013
0.752380,0.034696,-0.035659,467.978013
0.643944,0.024388,-0.030523,467.978013
0.839670,0.060357,-0.039794,467.978013
0.911816,0.016640,-0.043211,467.978013
0.140670,0.045850,-0.006684,467.978013
0.580838,0.068116,-0.027533,467.978013
0.683405,0.023544,-0.032392,467.978013
0.099049,0.042758,-0.004712,467.978013
0.333337,0.079723,-0.015810,467.978013
0.137252,0.003577,-0.001045,467.978013
0.026246,0.019167,-0.001264,467.978013
0.641965,0.080039,-0.030429,467.978013
0.446715,0.071363,-0.021180,467.978013
0.417448,0.027306,-0.019794,467.978013
0.387874,0.026651,-0.018393,467.978013
0.697964,0.071851,-0.033081,467.978013
0.156746,0.042557,-0.007445,467.978013
0.218573,0.070978,-0.010374,467.978013
0.834196,0.043867,-0.039534,467.978013
0.513898,0.005668,-0.012814,467.978013
0.087672,0.077569,-0.004174,467.978013
0.465717,0.083660,-0.022080,467.978013
0.235513,0.019583,-0.011176,467.978013
0.059844,0.031531,-0.002855,467.978013
0.280321,0.077754,-0.013299,467.978013
0.696531,0.030614,-0.033013,467.978013
0.445582,0.021338,-0.021127,467.978013
0.715517,0.073837,-0.033913,467.978013
0.017093,0.086434,-0.000830,467.978013
0.215881,0.001228,-0.002418,467.978013
0.175689,0.038995,-0.008343,467.978013
0.297523,0.086292,-0.014114,467.978013
0.403651,0.021165,-0.019141,467.978013
0.182856,0.067148,-0.008682,467.978013
0.961938,0.034361,-0.045585,467.978013
0.086340,0.002928,-0.000461,467.978013
0.337332,0.071230,-0.015999,467.978013
0.831984,0.000428,-0.033001,467.978013
0.846203,0.038026,-0.040103,467.978013
0.690208,0.086788,-0.032714,467.978013
0.850072,0.013229,-0.040286,467.978013
0.286211,0.029951,-0.013578,467.978013
0.566906,0.032665,-0.026874,467.978013
0.718507,0.033042,-0.034054,467.978013
0.884590,0.096131,-0.037244,467.978013
-0.000000,0.100000,0.000000,467.978013
0.925862,0.064630,-0.043876,467.978013
0.718339,0.041600,-0.034046,467.978013
0.089875,0.069815,-0.004278,467.978013
0.028698,0.035987,-0.001380,467.978013
0.808193,0.054411,-0.038303,467.978013
0.364477,0.027201,-0.017285,467.978013
0.152572,0.064288,-0.007248,467.978013
0.339167,0.033887,-0.016086,467.978013
0.934789,0.027228,-0.044299,467.978013
0.998675,-0.000008,-0.047346,467.978013
0.077783,0.068678,-0.003705,467.978013
0.704851,0.019060,-0.033408,467.978013
0.920963,0.018286,-0.043644,467.978013
0.471384,0.036675,-0.022349,467.978013
0.246540,0.085662,-0.011699,467.978013
0.902042,0.066232,-0.042748,467.978013
0.892627,0.095593,-0.037915,467.978013
0.612766,0.002511,-0.018082,467.978013
0.109685,0.039532,-0.005216,467.978013
0.034296,0.029313,-0.001645,467.978013
0.048027,0.065269,-0.002296,467.978013
0.185965,0.070136,-0.008829,467.978013
0.374955,0.030980,-0.017781,467.978013
0.728985,0.082458,-0.034551,467.978013
0.651590,0.003079,-0.020398,467.978013
0.443354,0.013070,-0.021021,467.978013
0.320304,0.075448,-0.015193,467.978013
0.632720,0.097694,-0.019254,467.978013
0.611808,0.069384,-0.029000,467.978013
0.172871,0.040498,-0.008209,467.978013
0.319332,0.060638,-0.015147,467.978013
0.434302,0.004367,-0.009233,467.978013
0.438404,0.070363,-0.020787,467.978013
0.365017,0.080003,-0.017311,467.978013
0.917454,0.079845,-0.043478,467.978013
0.592399,0.021090,-0.028081,467.978013
0.850222,0.030599,-0.040293,467.978013
0.975498,0.000515,-0.046227,467.978013
0.817948,0.027401,-0.038765,467.978013
0.974800,0.014968,-0.046194,467.978013
0.551834,0.081073,-0.026160,467.978013
0.668182,0.054786,-0.031671,467.978013
0.260305,0.020522,-0.012351,467.978013
0.725332,0.000975,-0.025184,467.978013
0.818017,0.017528,-0.038768,467.978013
0.568977,0.096772,-0.015636,467.978013
0.641167,0.032708,-0.030391,467.978013
0.979716,0.059186,-0.046427,467.978013
0.703084,0.044379,-0.033324,467.978013
0.786940,0.003144,-0.029570,467.978013
0.019678,0.048699,-0.000953,467.978013
0.650022,0.098206,-0.020301,467.978013
0.793979,0.041698,-0.037629,467.978013
0.281606,0.095861,-0.004006,467.978013
0.909789,0.059973,-0.043115,467.978013
0.683130,0.056719,-0.032379,467.978013
0.266303,0.052145,-0.012635,467.978013
0.568758,0.001104,-0.015625,467.978013
0.184601,0.001814,-0.001803,467.978013
0.872647,0.019553,-0.041356,467.978013
0.063634,0.095651,-0.000281,467.978013
0.838162,0.036738,-0.039722,467.978013
0.077777,0.002320,-0.000386,467.978013
0.671604,0.053862,-0.031833,467.978013
0.339652,0.062116,-0.016109,467.978013
0.337642,0.083705,-0.016014,467.978013
0.606071,0.067785,-0.028729,467.978013
0.189981,0.044466,-0.009020,467.978013
-0.000000,0.100000,0.000000,467.978013
0.829449,0.017214,-0.039309,467.978013
0.848839,0.000844,-0.034333,467.978013
0.635633,0.078894,-0.030129,467.978013
0.940827,0.061417,-0.044585,467.978013
0.023223,0.017773,-0.001121,467.978013
0.898402,0.032846,-0.042576,467.978013
0.368355,0.030462,-0.017469,467.978013
-0.000000,0.000000,0.000000,467.978013
0.621769,0.043036,-0.029472,467.978013
0.723521,0.028107,-0.034292,467.978013
0.195680,0.082776,-0.009290,467.978013
0.101358,0.088340,-0.004822,467.978013
0.024317,0.033019,-0.001173,467.978013
0.204445,0.098644,-0.002185,467.978013
0.255207,0.056458,-0.012109,467.978013
0.197852,0.024076,-0.009392,467.978013
0.974453,0.017365,-0.046178,467.978013
0.628223,0.004386,-0.018987,467.978013
0.995182,0.074133,-0.047160,467.978013
0.552348,0.054159,-0.026184,467.978013
0.289961,0.041581,-0.013755,467.978013
0.918571,0.044422,-0.043531,467.978013
0.537612,0.017238,-0.025486,467.978013
0.611981,0.012440,-0.029009,467.978013
0.556230,0.047455,-0.026368,467.978013
0.954309,0.011525,-0.045224,467.978013
0.791872,0.052230,-0.037529,467.978013
0.366304,0.001040,-0.006638,467.978013
0.425842,0.001110,-0.008886,467.978013
0.536658,0.049580,-0.025441,467.978013
0.430979,0.022079,-0.020435,467.978013
0.229618,0.076834,-0.010897,467.978013
0.563416,0.083649,-0.026708,467.978013
0.242014,0.050123,-0.011484,467.978013
0.719616,0.004295,-0.024795,467.978013
0.868505,0.051282,-0.041159,467.978013
0.197373,0.069927,-0.009370,467.978013
0.327890,0.043838,-0.015552,467.978013
0.624698,0.094333,-0.018778,467.978013
0.517565,0.096932,-0.012993,467.978013
0.498754,0.056698,-0.023645,467.978013
0.170868,0.096551,-0.001564,467.978013
0.720437,0.034524,-0.034146,467.978013
0.479338,0.003567,-0.011187,467.978013
0.690252,0.074276,-0.032716,467.978013
0.714883,0.001241,-0.024475,467.978013
0.943169,0.042094,-0.044696,467.978013
0.789440,0.020803,-0.037414,467.978013
0.365696,0.086646,-0.017343,467.978013
0.064166,0.051314,-0.003060,467.978013
0.185520,0.099445,-0.001822,467.978013
0.721048,0.043995,-0.034175,467.978013
0.579934,0.094314,-0.016231,467.978013
0.542990,0.098438,-0.014270,467.978013
0.776285,0.002073,-0.028786,467.978013
0.273313,0.003655,-0.003782,467.978013
0.487633,0.034426,-0.023119,467.978013
0.347839,0.014343,-0.016497,467.978013
0.146949,0.030842,-0.006981,467.978013
0.907745,0.024645,-0.043018,467.978013
0.594245,0.011822,-0.028168,467.978013
0.276247,0.019767,-0.013106,467.978013
0.493781,0.069845,-0.023410,467.978013
0.241055,0.054540,-0.011439,467.978013
0.329104,0.031467,-0.015610,467.978013
0.759636,0.071540,-0.036003,467.978013
0.580349,0.044979,-0.027510,467.978013
0.022166,0.073014,-0.001071,467.978013
0.231363,0.013452,-0.010980,467.978013
0.322692,0.003512,-0.005199,467.978013
0.562382,0.073884,-0.026659,467.978013
0.103565,0.002137,-0.000632,467.978013
0.978335,0.097316,-0.046362,467.978013
0.928352,0.079188,-0.043994,467.978013
0.715341,0.033743,-0.033904,467.978013
0.944663,0.001701,-0.042412,467.978013
0.262201,0.026700,-0.012440,467.978013
0.177899,0.001225,-0.001683,467.978013
0.313842,0.043156,-0.014887,467.978013
0.408114,0.027048,-0.019352,467.978013
0.825514,0.085985,-0.039123,467.978013
0.688755,0.073496,-0.032645,467.978013
0.691928,0.000134,-0.022953,467.978013
0.445209,0.076674,-0.021109,467.978013
0.555117,0.062324,-0.026315,467.978013
0.126367,0.042218,-0.006006,467.978013
0.664019,0.059773,-0.031473,467.978013
0.581035,0.082771,-0.027543,467.978013
0.940486,0.099532,-0.042038,467.978013
0.524219,0.041252,-0.024852,467.978013
0.323911,0.071930,-0.015364,467.978013
0.138502,0.082060,-0.006581,467.978013
0.170729,0.042920,-0.008108,467.978013
0.169927,0.001193,-0.001546,467.978013
0.667837,0.013678,-0.031654,467.978013
0.779001,0.016904,-0.036920,467.978013
0.338909,0.084986,-0.016074,467.978013
0.584163,0.020805,-0.027691,467.978013
0.919209,0.004169,-0.040182,467.978013
0.083971,0.002811,-0.000439,467.978013
0.223284,0.014220,-0.010597,467.978013
0.925598,0.025809,-0.043864,467.978013
0.591918,0.049027,-0.028058,467.978013
0.084914,0.058560,-0.004043,467.978013
0.662145,0.046498,-0.031385,467.978013
0.350260,0.002183,-0.006088,467.978013
0.979398,0.083887,-0.046412,467.978013
0.973798,0.063509,-0.046147,467.978013
0.830826,0.062273,-0.039375,467.978013
0.342234,0.041833,-0.016231,467.978013
0.019064,0.086446,-0.000924,467.978013
0.973939,0.051620,-0.046153,467.978013
0.024189,0.066187,-0.001167,467.978013
0.411206,0.020146,-0.019498,467.978013
0.088954,0.021730,-0.004234,467.978013
0.796782,0.030278,-0.037762,467.978013
0.161795,0.066086,-0.007685,467.978013
0.738137,0.035854,-0.034984,467.978013
0.873777,0.004298,-0.036353,467.978013
0.868132,0.046884,-0.041142,467.978013
0.625080,0.015449,-0.029629,467.978013
0.710377,0.026003,-0.033669,467.978013
0.239638,0.072963,-0.011372,467.978013
0.202180,0.029108,-0.009597,467.978013
0.604497,0.099082,-0.017605,467.978013
0.372655,0.061292,-0.017672,467.978013
0.652268,0.004385,-0.020440,467.978013
0.840817,0.005423,-0.033696,467.978013
0.610057,0.060010,-0.028917,467.978013
0.370011,0.085233,-0.017547,467.978013
0.365731,0.013229,-0.017344,467.978013
0.580375,0.047856,-0.027511,467.978013
0.886864,0.019835,-0.042029,467.978013
0.301193,0.005614,-0.004554,467.978013
0.213056,0.001512,-0.002359,467.978013
0.863991,0.087199,-0.040946,467.978013
0.536949,0.098820,-0.013961,467.978013
0.410228,0.024786,-0.019452,467.978013
0.286358,0.000871,-0.004134,467.978013
0.371797,0.057872,-0.017632,467.978013
0.029871,0.036704,-0.001436,467.978013
0.083114,0.094522,-0.000435,467.978013
0.693845,0.033612,-0.032886,467.978013
0.172179,0.032886,-0.008176,467.978013
0.809676,0.085003,-0.038373,467.978013
0.289072,0.095323,-0.004211,467.978013
0.426325,0.099867,-0.008907,467.978013
0.563288,0.065987,-0.026702,467.978013
0.998675,-0.000008,-0.047346,467.978013
0.599095,0.051220,-0.028398,467.978013
0.991178,0.057639,-0.046970,467.978013
0.454323,0.054997,-0.021541,467.978013
0.989392,0.057937,-0.046885,467.978013
0.309692,0.061035,-0.014690,467.978013
0.543442,0.021705,-0.025762,467.978013
0.279678,0.061761,-0.013268,467.978013
0.150340,0.038626,-0.007142,467.978013
0.318185,0.099252,-0.005062,467.978013
0.650308,0.012668,-0.030824,467.978013
0.495634,0.057941,-0.023498,467.978013
0.800405,0.020231,-0.037934,467.978013
0.235432,0.005382,-0.002848,467.978013
0.037595,0.098518,-0.000129,467.978013
0.242772,0.099823,-0.003021,467.978013
0.771082,0.058451,-0.036545,467.978013
0.430636,0.047977,-0.020419,467.978013
0.085750,0.036700,-0.004083,467.978013
0.396590,0.044697,-0.018806,467.978013
0.418642,0.097324,-0.008598,467.978013
0.377769,0.059664,-0.017915,467.978013
0.986853,0.077261,-0.046765,467.978013
0.628081,0.013619,-0.029771,467.978013
0.459109,0.054566,-0.021767,467.978013
0.651621,0.028771,-0.030886,467.978013
-0.000000,0.000000,0.000000,467.978013
0.546271,0.096571,-0.014439,467.978013
0.180953,0.076853,-0.008592,467.978013
0.494753,0.002472,-0.011899,467.978013
-0.000000,0.000000,0.000000,467.978013
0.633753,0.014268,-0.030040,467.978013
0.791727,0.070651,-0.037523,467.978013
0.325327,0.099987,-0.005282,467.978013
0.562500,0.073350,-0.026665,467.978013
0.072710,0.096830,-0.000348,467.978013
0.219343,0.072634,-0.010410,467.978013
0.305444,0.005385,-0.004678,467.978013
0.870270,0.080552,-0.041243,467.978013
0.015442,0.014484,-0.000752,467.978013
0.898742,0.012506,-0.042592,467.978013
0.871215,0.097361,-0.036140,467.978013
0.607297,0.004442,-0.017766,467.978013
0.418578,0.048679,-0.019848,467.978013
0.736919,0.040629,-0.034927,467.978013
0.263200,0.000558,-0.003520,467.978013
0.298483,0.002514,-0.004476,467.978013
0.480095,0.053075,-0.022761,467.978013
0.201162,0.027757,-0.009549,467.978013
0.060528,0.044772,-0.002888,467.978013
0.992389,0.076783,-0.047027,467.978013
0.272767,0.042348,-0.012941,467.978013
0.471185,0.036404,-0.022339,467.978013
0.836845,0.018153,-0.039660,467.978013
0.600753,0.053972,-0.028477,467.978013
0.422599,0.031948,-0.020038,467.978013
0.632842,0.039204,-0.029997,467.978013
0.062598,0.012994,-0.002986,467.978013
0.668929,0.069418,-0.031706,467.978013
-0.000000,0.100000,0.000000,467.978013
0.879713,0.097043,-0.036839,467.978013
0.637200,0.044817,-0.030203,467.978013
0.831026,0.069643,-0.039384,467.978013
0.988308,0.028117,-0.046834,467.978013
0.415035,0.073920,-0.019680,467.978013
0.175847,0.056379,-0.008350,467.978013
0.707467,0.029004,-0.033531,467.978013
0.136525,0.020382,-0.006488,467.978013
0.643148,0.003642,-0.019882,467.978013
0.615724,0.094806,-0.018252,467.978013
0.390392,0.099267,-0.007509,467.978013
0.450197,0.082234,-0.021345,467.978013
0.723756,0.004015,-0.025076,467.978013
0.378781,0.030958,-0.017963,467.978013
0.379078,0.033299,-0.017977,467.978013
0.421736,0.097218,-0.008721,467.978013
0.413598,0.044481,-0.019612,467.978013
0.906669,0.084907,-0.042967,467.978013
0.019630,0.050839,-0.000951,467.978013
0.039133,0.099236,-0.000137,467.978013
0.490745,0.068605,-0.023266,467.978013
0.581568,0.060359,-0.027568,467.978013
0.128339,0.094739,-0.000928,467.978013
0.235951,0.013353,-0.011197,467.978013
0.181173,0.086495,-0.008602,467.978013
0.452657,0.067618,-0.021462,467.978013
0.775734,0.056681,-0.036765,467.978013
0.170247,0.064070,-0.008085,467.978013
0.232029,0.039465,-0.011011,467.978013
-0.000000,0.100000,0.000000,467.978013
0.845346,0.011834,-0.040062,467.978013
0.003924,0.014928,-0.000207,467.978013
0.284358,0.045161,-0.013490,467.978013
0.774914,0.070393,-0.036726,467.978013
0.228638,0.005108,-0.002694,467.978013
0.632678,0.059270,-0.029989,467.978013
0.466391,0.081127,-0.022112,467.978013
0.963859,0.096571,-0.044130,467.978013
0.809158,0.076111,-0.038348,467.978013
0.441693,0.012391,-0.020943,467.978013
0.665912,0.083934,-0.031563,467.978013
0.443764,0.062705,-0.021041,467.978013
0.697132,0.037407,-0.033042,467.978013
0.353178,0.062152,-0.016750,467.978013
0.247597,0.086358,-0.011749,467.978013
0.927469,0.073732,-0.043952,467.978013
0.827158,0.098079,-0.032622,467.978013
0.191050,0.062075,-0.009070,467.978013
0.677929,0.021866,-0.032132,467.978013
0.093576,0.097827,-0.000532,467.978013
-0.000000,0.100000,0.000000,467.978013
0.830108,0.096737,-0.032852,467.978013
0.010044,0.083450,-0.000497,467.978013
0.115640,0.023891,-0.005498,467.978013
0.715387,0.063391,-0.033907,467.978013
0.079622,0.022491,-0.003792,467.978013
0.108009,0.003365,-0.000680,467.978013
0.934142,0.097482,-0.041480,467.978013
0.516593,0.014300,-0.024490,467.978013
0.521557,0.084068,-0.024725,467.978013
0.506479,0.081840,-0.024011,467.978013
0.775371,0.030774,-0.036748,467.978013
0.380338,0.018897,-0.018036,467.978013
0.171363,0.016265,-0.008138,467.978013
0.956345,0.004941,-0.043455,467.978013
0.467065,0.063923,-0.022144,467.978013
0.287770,0.099211,-0.004175,467.978013
0.097937,0.097835,-0.000576,467.978013
0.694388,0.082113,-0.032912,467.978013
-0.000000,0.100000,0.000000,467.978013
0.462527,0.053687,-0.021929,467.978013
0.109155,0.050670,-0.005191,467.978013
0.567346,0.098169,-0.015549,467.978013
0.849914,0.054025,-0.040279,467.978013
0.463371,0.044703,-0.021969,467.978013
0.259999,0.020975,-0.012336,467.978013
0.829404,0.002024,-0.032799,467.978013
0.704912,0.005650,-0.023808,467.978013
0.211823,0.085693,-0.010054,467.978013
0.439080,0.073934,-0.020819,467.978013
0.397524,0.051977,-0.018850,467.978013
0.770225,0.001570,-0.028345,467.978013
0.650500,0.022950,-0.030833,467.978013
0.814333,0.098508,-0.031631,467.978013
0.950872,0.095530,-0.042962,467.978013
0.744265,0.098771,-0.026492,467.978013
0.076335,0.061903,-0.003637,467.978013
0.409055,0.039142,-0.019397,467.978013
0.034614,0.014310,-0.001660,467.978013
0.199054,0.084854,-0.009449,467.978013
0.631678,0.099901,-0.019191,467.978013
0.760877,0.096926,-0.027669,467.978013
0.656046,0.000786,-0.020673,467.978013
0.067571,0.097835,-0.000309,467.978013
-0.000000,0.100000,0.000000,467.978013
0.821980,0.023657,-0.038956,467.978013
0.298510,0.047203,-0.014160,467.978013
0.024914,0.025663,-0.001201,467.978013
0.099769,0.047454,-0.004747,467.978013
0.123377,0.003654,-0.000862,467.978013
0.028867,0.094557,-0.000093,467.978013
0.291653,0.036102,-0.013836,467.978013
0.753085,0.024388,-0.035692,467.978013
0.064883,0.050118,-0.003094,467.978013
0.235876,0.005360,-0.002858,467.978013
0.654687,0.083390,-0.031031,467.978013
0.430632,0.086571,-0.020419,467.978013
0.369892,0.021907,-0.017541,467.978013
0.508213,0.005165,-0.012539,467.978013
0.425074,0.019339,-0.020155,467.978013
0.539755,0.097012,-0.014104,467.978013
0.893162,0.086672,-0.042327,467.978013
0.881569,0.057505,-0.041778,467.978013
0.146597,0.085249,-0.006965,467.978013
0.026717,0.022344,-0.001286,467.978013
0.703528,0.061797,-0.033345,467.978013
0.397838,0.066324,-0.018865,467.978013
0.130899,0.045717,-0.006221,467.978013
0.744641,0.054479,-0.035292,467.978013
0.328387,0.003921,-0.005377,467.978013
0.571604,0.064591,-0.027096,467.978013
0.466968,0.064518,-0.022140,467.978013
0.162121,0.075598,-0.007700,467.978013
0.519322,0.055748,-0.024620,467.978013
0.185522,0.036570,-0.008808,467.978013
0.455139,0.012961,-0.021579,467.978013
0.765083,0.071201,-0.036261,467.978013
0.603674,0.000899,-0.017559,467.978013
0.836746,0.075779,-0.039655,467.978013
0.959156,0.061521,-0.045453,467.978013
0.015657,0.002872,-0.000047,467.978013
0.668025,0.098091,-0.021420,467.978013
0.670858,0.059786,-0.031797,467.978013
0.936915,0.033949,-0.044400,467.978013
0.829313,0.098938,-0.032789,467.978013
0.751905,0.013089,-0.035636,467.978013
0.324473,0.082917,-0.015390,467.978013
0.373099,0.044549,-0.017693,467.978013
0.905240,0.052465,-0.042899,467.978013
0.715873,0.059189,-0.033930,467.978013
0.951807,0.098124,-0.043045,467.978013
0.362471,0.086848,-0.017190,467.978013
0.522771,0.033013,-0.024783,467.978013
0.297016,0.038758,-0.014090,467.978013
0.889955,0.094345,-0.037692,467.978013
0.078732,0.050227,-0.003750,467.978013
0.375108,0.030787,-0.017789,467.978013
-0.000000,0.100000,0.000000,467.978013
0.283360,0.085623,-0.013443,467.978013
0.408391,0.099078,-0.008194,467.978013
0.625874,0.021206,-0.029667,467.978013
0.475601,0.084745,-0.022549,467.978013
0.574113,0.096064,-0.015914,467.978013
0.464230,0.097630,-0.010511,467.978013
0.639671,0.002214,-0.019672,467.978013
0.894580,0.026435,-0.042394,467.978013
0.054284,0.054107,-0.002592,467.978013
0.610786,0.077618,-0.028952,467.978013
0.346038,0.053899,-0.016412,467.978013
0.732844,0.004157,-0.025700,467.978013
0.075967,0.039119,-0.003619,467.978013
0.474294,0.002572,-0.010959,467.978013
0.033281,0.075359,-0.001597,467.978013
0.523490,0.085136,-0.024817,467.978013
0.892537,0.049286,-0.042298,467.978013
0.839285,0.065041,-0.039775,467.978013
0.993185,0.059549,-0.047065,467.978013
0.790285,0.085074,-0.037454,467.978013
0.648763,0.031702,-0.030751,467.978013
0.196754,0.032232,-0.009340,467.978013
0.323424,0.034998,-0.015340,467.978013
0.199747,0.078416,-0.009482,467.978013
0.640645,0.098831,-0.019730,467.978013
0.227420,0.080338,-0.010793,467.978013
0.197244,0.031062,-0.009364,467.978013
0.969825,0.027876,-0.045959,467.978013
0.342787,0.060157,-0.016258,467.978013
0.307035,0.097892,-0.004727,467.978013
0.316985,0.066443,-0.015035,467.978013
0.494803,0.019890,-0.023458,467.978013
0.803219,0.047209,-0.038067,467.978013
0.600889,0.068242,-0.028483,467.978013
0.971706,0.033277,-0.046048,467.978013
0.556118,0.003972,-0.014953,467.978013
0.624549,0.059879,-0.029604,467.978013
0.832153,0.046098,-0.039437,467.978013
0.030683,0.045095,-0.001474,467.978013
0.566367,0.038810,-0.026848,467.978013
-0.000000,0.000000,0.000000,467.978013
0.550636,0.034668,-0.026103,467.978013
0.604514,0.037219,-0.028655,467.978013
0.091802,0.085009,-0.004369,467.978013
0.639649,0.012626,-0.030319,467.978013
0.287366,0.012492,-0.013632,467.978013
0.168489,0.096961,-0.001524,467.978013
0.709571,0.098319,-0.024117,467.978013
0.073564,0.096595,-0.000355,467.978013
0.905985,0.057088,-0.042935,467.978013
0.199044,0.024337,-0.009449,467.978013
0.064444,0.061549,-0.003073,467.978013
0.567864,0.069983,-0.026919,467.978013
0.895530,0.065017,-0.042439,467.978013
0.495621,0.096502,-0.011940,467.978013
0.160401,0.047965,-0.007619,467.978013
0.825700,0.001487,-0.032511,467.978013
0.017615,0.031384,-0.000855,467.978013
-0.000000,0.100000,0.000000,467.978013
0.584986,0.021449,-0.027730,467.978013
0.218319,0.087084,-0.010362,467.978013
0.311522,0.050189,-0.014777,467.978013
0.099019,0.082821,-0.004711,467.978013
0.934806,0.088441,-0.044300,467.978013
0.558492,0.071487,-0.026475,467.978013
0.837918,0.043458,-0.039711,467.978013
0.397183,0.012623,-0.018834,467.978013
0.279056,0.094526,-0.003937,467.978013
0.951988,0.081737,-0.045114,467.978013
0.347657,0.047896,-0.016488,467.978013
0.018277,0.019702,-0.000887,467.978013
0.885654,0.018466,-0.041972,467.978013
0.435340,0.097395,-0.009276,467.978013
0.368616,0.000166,-0.006719,467.978013
0.241792,0.061107,-0.011474,467.978013
0.084692,0.069483,-0.004032,467.978013
0.449572,0.065881,-0.021316,467.978013
0.038779,0.097820,-0.000135,467.978013
0.656174,0.094324,-0.020680,467.978013
0.535846,0.011759,-0.025402,467.978013
0.935974,0.063900,-0.044355,467.978013
0.209049,0.096657,-0.002278,467.978013
0.377677,0.001443,-0.007042,467.978013
0.599179,0.014688,-0.028402,467.978013
0.667432,0.032339,-0.031635,467.978013
0.485533,0.081551,-0.023019,467.978013
0.106049,0.045460,-0.005044,467.978013
0.073057,0.044061,-0.003481,467.978013
0.478330,0.071271,-0.022678,467.978013
0.188117,0.098390,-0.001870,467.978013
0.027714,0.014605,-0.001334,467.978013
0.800764,0.004481,-0.030603,467.978013
0.150767,0.000848,-0.001240,467.978013
0.064446,0.022117,-0.003073,467.978013
0.962670,0.004398,-0.044026,467.978013
0.330304,0.056324,-0.015666,467.978013
0.064508,0.068873,-0.003076,467.978013
0.898360,0.073350,-0.042573,467.978013
0.982369,0.092990,-0.046553,467.978013
0.526393,0.055695,-0.024954,467.978013
0.638328,0.023535,-0.030257,467.978013
0.402223,0.032798,-0.019073,467.978013
0.410417,0.045778,-0.019461,467.978013
0.081359,0.030332,-0.003875,467.978013
0.200663,0.084717,-0.009526,467.978013
0.481634,0.063417,-0.022834,467.978013
0.681759,0.057192,-0.032314,467.978013
0.376646,0.049389,-0.017861,467.978013
0.417831,0.001883,-0.008565,467.978013
0.523345,0.016809,-0.024810,467.978013
0.040663,0.030518,-0.001947,467.978013
0.030368,0.060840,-0.001459,467.978013
0.696316,0.070024,-0.033003,467.978013
0.720804,0.073832,-0.034163,467.978013
0.705250,0.061787,-0.033426,467.978013
0.624194,0.063545,-0.029587,467.978013
0.037132,0.052485,-0.001780,467.978013
0.160044,0.073367,-0.007602,467.978013
0.503923,0.004509,-0.012333,467.978013
0.088566,0.099894,-0.000484,467.978013
0.907030,0.002270,-0.039137,467.978013
0.767481,0.033336,-0.036374,467.978013
0.452714,0.038565,-0.021465,467.978013
0.890303,0.078282,-0.042192,467.978013
0.088425,0.067716,-0.004209,467.978013
0.324334,0.001721,-0.005250,467.978013
0.224791,0.085707,-0.010668,467.978013
0.478948,0.018402,-0.022707,467.978013
0.865895,0.076101,-0.041036,467.978013
0.535551,0.039938,-0.025388,467.978013
0.278484,0.067218,-0.013212,467.978013
0.827145,0.014338,-0.039200,467.978013
0.737701,0.055427,-0.034964,467.978013
0.814183,0.031290,-0.038586,467.978013
0.656770,0.020044,-0.031130,467.978013
0.348904,0.026270,-0.016547,467.978013
0.605017,0.004049,-0.017636,467.978013
0.996826,0.064426,-0.047238,467.978013
0.632593,0.004417,-0.019247,467.978013
0.416471,0.086100,-0.019748,467.978013
0.276450,0.060489,-0.013115,467.978013
0.583935,0.045857,-0.027680,467.978013
0.341221,0.077506,-0.016183,467.978013
0.653013,0.086773,-0.030952,467.978013
0.044649,0.084104,-0.002136,467.978013
0.696022,0.098706,-0.023220,467.978013
0.031682,0.005593,-0.000100,467.978013
0.313520,0.095851,-0.004920,467.978013
0.727767,0.076456,-0.034493,467.978013
0.735142,0.031750,-0.034842,467.978013
0.077762,0.030232,-0.003704,467.978013
0.109576,0.070068,-0.005211,467.978013
0.958636,0.076353,-0.045429,467.978013
0.779517,0.019015,-0.036944,467.978013
0.792073,0.020280,-0.037539,467.978013
0.623118,0.053113,-0.029536,467.978013
0.539914,0.029041,-0.025595,467.978013
0.220125,0.033286,-0.010447,467.978013
0.394239,0.034489,-0.018695,467.978013
0.965183,0.036383,-0.045739,467.978013
0.251421,0.070362,-0.011930,467.978013
0.320375,0.078799,-0.015196,467.978013
0.149810,0.059867,-0.007117,467.978013
0.960743,0.039841,-0.045528,467.978013
0.932287,0.065397,-0.044181,467.978013
0.431944,0.013508,-0.020481,467.978013
0.785503,0.050584,-0.037228,467.978013
0.778028,0.016946,-0.036874,467.978013
0.373912,0.076922,-0.017732,467.978013
0.858883,0.002144,-0.035140,467.978013
0.392503,0.069032,-0.018613,467.978013
0.431184,0.013209,-0.020445,467.978013
0.405917,0.067475,-0.019248,467.978013
0.970694,0.060264,-0.046000,467.978013
0.001309,0.086452,-0.000083,467.978013
0.562209,0.097280,-0.015274,467.978013
0.533960,0.033289,-0.025313,467.978013
0.490244,0.060117,-0.023242,467.978013
0.987885,0.055921,-0.046814,467.978013
0.146017,0.011627,-0.006937,467.978013
0.734478,0.075733,-0.034811,467.978013
0.676926,0.000472,-0.021985,467.978013
0.369290,0.031191,-0.017513,467.978013
0.480874,0.003301,-0.011257,467.978013
0.307102,0.000426,-0.004727,467.978013
0.438604,0.055316,-0.020796,467.978013
0.522352,0.086521,-0.024763,467.978013
0.389330,0.019449,-0.018462,467.978013
0.756357,0.044177,-0.035847,467.978013
0.014302,0.068265,-0.000698,467.978013
0.112633,0.005302,-0.000732,467.978013
0.766732,0.057226,-0.036339,467.978013
0.181206,0.024942,-0.008604,467.978013
0.261978,0.022002,-0.012430,467.978013
0.945661,0.014045,-0.044814,467.978013
0.945274,0.061415,-0.044796,467.978013
0.192091,0.003589,-0.001942,467.978013
0.483081,0.064951,-0.022903,467.978013
0.175211,0.040343,-0.008320,467.978013
0.470954,0.035107,-0.022329,467.978013
0.043119,0.070560,-0.002063,467.978013
-0.000000,0.100000,0.000000,467.978013
0.630387,0.012672,-0.029880,467.978013
0.114966,0.056673,-0.005466,467.978013
0.642178,0.027590,-0.030439,467.978013
0.913480,0.004509,-0.039689,467.978013
0.319603,0.043598,-0.015159,467.978013
0.473125,0.038312,-0.022431,467.978013
0.377890,0.055970,-0.017920,467.978013
0.551525,0.013759,-0.026145,467.978013
0.188263,0.099286,-0.001873,467.978013
0.499378,0.058705,-0.023675,467.978013
0.310380,0.004803,-0.004824,467.978013
0.840779,0.088194,-0.039846,467.978013
0.045695,0.017560,-0.002185,467.978013
0.841827,0.067447,-0.039896,467.978013
0.417311,0.002968,-0.008544,467.978013
0.496106,0.029505,-0.023520,467.978013
0.998675,-0.000008,-0.047346,467.978013
0.883071,0.002458,-0.037121,467.978013
0.554131,0.078002,-0.026268,467.978013
-0.000000,0.100000,0.000000,467.978013
0.732081,0.030038,-0.034697,467.978013
0.729242,0.068902,-0.034563,467.978013
0.150372,0.030985,-0.007143,467.978013
0.677990,0.095080,-0.022052,467.978013
0.073410,0.052722,-0.003498,467.978013
0.524626,0.094791,-0.013342,467.978013
0.437768,0.002446,-0.009376,467.978013
0.288576,0.046182,-0.013690,467.978013
0.467489,0.097871,-0.010655,467.978013
0.830114,0.042469,-0.039341,467.978013
0.805040,0.000997,-0.030926,467.978013
0.466645,0.053583,-0.022124,467.978013
0.836959,0.002537,-0.033391,467.978013
0.122945,0.057371,-0.005844,467.978013
0.787102,0.018604,-0.037304,467.978013
0.033516,0.004961,-0.000108,467.978013
0.805080,0.018422,-0.038155,467.978013
0.470569,0.081249,-0.022310,467.978013
0.639446,0.094407,-0.019657,467.978013
0.603580,0.063329,-0.028611,467.978013
0.433092,0.066093,-0.020535,467.978013
0.050632,0.053932,-0.002419,467.978013
0.227832,0.004533,-0.002677,467.978013
0.124295,0.098782,-0.000876,467.978013
0.042658,0.011636,-0.002041,467.978013
0.121565,0.047575,-0.005779,467.978013
0.724154,0.042446,-0.034322,467.978013
0.640721,0.058148,-0.030370,467.978013
0.364632,0.076894,-0.017292,467.978013
0.093171,0.018985,-0.004434,467.978013
0.330526,0.024215,-0.015677,467.978013
0.401952,0.075393,-0.019060,467.978013
0.717574,0.094378,-0.024655,467.978013
0.407846,0.056351,-0.019339,467.978013
0.576597,0.095998,-0.016049,467.978013
0.028499,0.085770,-0.001371,467.978013
0.557733,0.014202,-0.026439,467.978013
0.574568,0.027463,-0.027236,467.978013
0.912634,0.037536,-0.043250,467.978013
0.696086,0.071832,-0.032992,467.978013
0.267651,0.059091,-0.012699,467.978013
0.153633,0.086181,-0.007298,467.978013
0.200288,0.063602,-0.009508,467.978013
0.827946,0.049072,-0.039238,467.978013
0.748687,0.005336,-0.026805,467.978013
0.249960,0.082689,-0.011861,467.978013
0.982698,0.070354,-0.046568,467.978013
0.660055,0.084648,-0.031286,467.978013
0.590736,0.045263,-0.028002,467.978013
0.244055,0.062110,-0.011581,467.978013
0.835296,0.070237,-0.039586,467.978013
0.720455,0.004693,-0.024852,467.978013
0.966244,0.049725,-0.045789,467.978013
0.869309,0.072814,-0.041197,467.978013
0.855115,0.036929,-0.040525,467.978013
0.312161,0.061818,-0.014807,467.978013
0.767384,0.039701,-0.036370,467.978013
0.962654,0.067985,-0.045619,467.978013
0.627477,0.095807,-0.018942,467.978013
0.565034,0.042010,-0.026785,467.978013
0.347172,0.059160,-0.016465,467.978013
0.669120,0.054917,-0.031715,467.978013
0.471475,0.017879,-0.022353,467.978013
0.319953,0.000857,-0.005114,467.978013
0.352266,0.097502,-0.006156,467.978013
0.329129,0.060910,-0.015611,467.978013
0.318561,0.029474,-0.015110,467.978013
0.341236,0.045308,-0.016184,467.978013
0.679617,0.095078,-0.022156,467.978013
0.670980,0.069959,-0.031803,467.978013
0.461382,0.001109,-0.010385,467.978013
0.446045,0.031299,-0.021149,467.978013
-0.000000,0.000000,0.000000,467.978013
0.801583,0.021009,-0.037989,467.978013
0.161755,0.074075,-0.007683,467.978013
0.306934,0.031736,-0.014559,467.978013
0.139869,0.004699,-0.001081,467.978013
0.914360,0.094848,-0.039761,467.978013
0.584135,0.043311,-0.027690,467.978013
0.330774,0.030122,-0.015689,467.978013
0.614608,0.034748,-0.029133,467.978013
0.448868,0.075199,-0.021282,467.978013
0.042446,0.072974,-0.002031,467.978013
0.657134,0.072045,-0.031147,467.978013
0.682796,0.004500,-0.022362,467.978013
0.116726,0.044613,-0.005550,467.978013
0.297189,0.070698,-0.014098,467.978013
0.631477,0.037829,-0.029932,467.978013
0.294855,0.057230,-0.013987,467.978013
0.417437,0.017680,-0.019794,467.978013
0.077444,0.032954,-0.003689,467.978013
0.473573,0.013947,-0.022453,467.978013
0.823904,0.000877,-0.032371,467.978013
0.211938,0.081647,-0.010060,467.978013
0.666228,0.044986,-0.031578,467.978013
0.645422,0.015805,-0.030593,467.978013
0.973706,0.043090,-0.046142,467.978013
0.478945,0.063628,-0.022707,467.978013
0.111350,0.059928,-0.005295,467.978013
0.059225,0.021350,-0.002826,467.978013
0.182140,0.097073,-0.001761,467.978013
0.404362,0.057457,-0.019174,467.978013
-0.000000,0.100000,0.000000,467.978013
0.471576,0.096142,-0.010837,467.978013
0.375481,0.066912,-0.017806,467.978013
0.125937,0.064427,-0.005986,467.978013
0.501829,0.033130,-0.023791,467.978013
0.025969,0.022291,-0.001251,467.978013
0.611424,0.022315,-0.028982,467.978013
0.845238,0.097333,-0.034044,467.978013
0.701145,0.066048,-0.033232,467.978013
0.398803,0.039607,-0.018911,467.978013
0.633045,0.061159,-0.030006,467.978013
0.678795,0.094772,-0.022103,467.978013
0.997501,0.073600,-0.047270,467.978013
0.209930,0.070792,-0.009965,467.978013
0.809959,0.098910,-0.031297,467.978013
0.469444,0.068231,-0.022257,467.978013
0.867072,0.074961,-0.041091,467.978013
0.788411,0.070309,-0.037366,467.978013
0.528547,0.001217,-0.013538,467.978013
0.743109,0.019786,-0.035220,467.978013
0.746843,0.032690,-0.035397,467.978013
0.654040,0.064824,-0.031001,467.978013
0.747693,0.051345,-0.035437,467.978013
0.891108,0.097449,-0.037788,467.978013
0.189128,0.004613,-0.001887,467.978013
0.839521,0.027872,-0.039786,467.978013
0.008020,0.071899,-0.000401,467.978013
0.582891,0.098785,-0.016394,467.978013
0.840984,0.087195,-0.039856,467.978013
0.106341,0.098835,-0.000665,467.978013
0.769610,0.048954,-0.036475,467.978013
0.740716,0.080398,-0.035106,467.978013
0.771146,0.033715,-0.036548,467.978013
0.613103,0.095046,-0.018100,467.978013
0.529446,0.060211,-0.025099,467.978013
0.831846,0.063418,-0.039423,467.978013
0.964011,0.032870,-0.045683,467.978013
0.501822,0.024424,-0.023791,467.978013
0.354568,0.060197,-0.016816,467.978013
0.833128,0.047402,-0.039484,467.978013
0.060226,0.094245,-0.000257,467.978013
0.257717,0.045360,-0.012228,467.978013
0.619520,0.047743,-0.029366,467.978013
0.424889,0.005249,-0.008848,467.978013
0.070934,0.077918,-0.003381,467.978013
0.017940,0.039516,-0.000871,467.978013
0.719459,0.016119,-0.034099,467.978013
0.277795,0.023698,-0.013179,467.978013
0.850986,0.082449,-0.040330,467.978013
0.060691,0.025301,-0.002896,467.978013
0.098630,0.015372,-0.004693,467.978013
0.044748,0.097686,-0.000165,467.978013
0.253765,0.030133,-0.012041,467.978013
0.531143,0.028326,-0.025179,467.978013
0.161486,0.065939,-0.007670,467.978013
0.352052,0.077895,-0.016696,467.978013
0.995031,0.080103,-0.047153,467.978013
0.498722,0.036330,-0.023644,467.978013
0.624143,0.061224,-0.029585,467.978013
0.847430,0.076929,-0.040161,467.978013
0.933652,0.056845,-0.044245,467.978013
0.620084,0.048308,-0.029392,467.978013
0.386781,0.085633,-0.018341,467.978013
0.351945,0.020483,-0.016691,467.978013
0.511817,0.052655,-0.024264,467.978013
0.548950,0.061041,-0.026023,467.978013
0.317297,0.099029,-0.005034,467.978013
0.499011,0.030096,-0.023657,467.978013
0.270511,0.067955,-0.012834,467.978013
0.316620,0.000924,-0.005012,467.978013
0.036682,0.023631,-0.001758,467.978013
0.677079,0.022230,-0.032092,467.978013
0.048371,0.063100,-0.002312,467.978013
0.701695,0.084685,-0.033258,467.978013
0.736303,0.074312,-0.034897,467.978013
0.437429,0.086241,-0.020741,467.978013
0.621139,0.004378,-0.018569,467.978013
0.789357,0.038632,-0.037410,467.978013
0.358954,0.023819,-0.017023,467.978013
0.232945,0.013542,-0.011055,467.978013
0.959323,0.081859,-0.045461,467.978013
0.605909,0.048591,-0.028721,467.978013
0.964088,0.021195,-0.045687,467.978013
0.306496,0.004346,-0.004709,467.978013
0.523840,0.078870,-0.024834,467.978013
0.669728,0.003765,-0.021528,467.978013
0.977302,0.066977,-0.046313,467.978013
0.936556,0.081414,-0.044383,467.978013
0.304475,0.096342,-0.004651,467.978013
0.805830,0.053090,-0.038191,467.978013
0.234075,0.063855,-0.011108,467.978013
0.926559,0.003377,-0.040820,467.978013
0.998675,-0.000008,-0.047346,467.978013
0.583184,0.001764,-0.016410,467.978013
0.991649,0.067009,-0.046992,467.978013
0.546376,0.050867,-0.025901,467.978013
0.659820,0.045934,-0.031275,467.978013
0.320150,0.097990,-0.005122,467.978013
0.520415,0.077622,-0.024671,467.978013
0.837785,0.047348,-0.039704,467.978013
0.669963,0.038558,-0.031755,467.978013
0.762614,0.096096,-0.027794,467.978013
0.009033,0.021953,-0.000449,467.978013
0.123392,0.041155,-0.005865,467.978013
0.350288,0.003209,-0.006089,467.978013
0.424471,0.026595,-0.020127,467.978013
0.595529,0.081161,-0.028229,467.978013
0.725956,0.048256,-0.034407,467.978013
0.178165,0.095775,-0.001690,467.978013
0.894225,0.057006,-0.042378,467.978013
-0.000000,0.100000,0.000000,467.978013
0.814052,0.034001,-0.038580,467.978013
0.096188,0.029646,-0.004577,467.978013
0.370334,0.056289,-0.017562,467.978013
0.260434,0.052963,-0.012357,467.978013
0.085006,0.054059,-0.004047,467.978013
0.367603,0.037075,-0.017433,467.978013
0.608487,0.043943,-0.028843,467.978013
0.826375,0.043709,-0.039164,467.978013
0.761152,0.044612,-0.036074,467.978013
0.509717,0.046933,-0.024165,467.978013
0.776866,0.014573,-0.036819,467.978013
0.519035,0.013038,-0.024606,467.978013
0.768215,0.071753,-0.036409,467.978013
0.745341,0.087145,-0.035325,467.978013
0.053699,0.005124,-0.000212,467.978013
0.075314,0.001444,-0.000366,467.978013
0.796856,0.095433,-0.030307,467.978013
0.479226,0.017594,-0.022720,467.978013
0.676068,0.020427,-0.032044,467.978013
0.077438,0.014630,-0.003689,467.978013
0.908055,0.066212,-0.043033,467.978013
0.987866,0.031388,-0.046813,467.978013
0.699740,0.071476,-0.033165,467.978013
0.843593,0.058751,-0.039979,467.978013
0.339090,0.018050,-0.016083,467.978013
0.309945,0.044235,-0.014702,467.978013
0.092822,0.033204,-0.004417,467.978013
0.523969,0.003593,-0.013309,467.978013
0.404383,0.032958,-0.019175,467.978013
0.738567,0.030078,-0.035005,467.978013
0.736979,0.052116,-0.034929,467.978013
0.897214,0.079557,-0.042519,467.978013
0.399622,0.070294,-0.018950,467.978013
0.151741,0.004192,-0.001255,467.978013
0.717639,0.049433,-0.034013,467.978013
0.773388,0.066123,-0.036654,467.978013
0.830714,0.077781,-0.039369,467.978013
0.771478,0.087556,-0.036563,467.978013
0.810004,0.075159,-0.038388,467.978013
0.846255,0.002304,-0.034127,467.978013
0.467169,0.023020,-0.022149,467.978013
0.362243,0.030789,-0.017179,467.978013
0.997769,0.080051,-0.047282,467.978013
0.577016,0.072333,-0.027352,467.978013
0.025098,0.077908,-0.001210,467.978013
0.829479,0.056689,-0.039311,467.978013
0.561135,0.000049,-0.015218,467.978013
0.333619,0.035128,-0.015823,467.978013
0.227320,0.073016,-0.010788,467.978013
0.974619,0.099235,-0.046186,467.978013
0.057481,0.059269,-0.002743,467.978013
0.672875,0.013556,-0.031893,467.978013
0.246664,0.024917,-0.011705,467.978013
0.848398,0.094895,-0.034295,467.978013
0.369425,0.002565,-0.006747,467.978013
0.147474,0.024626,-0.007006,467.978013
0.295931,0.095363,-0.004404,467.978013
0.113434,0.035821,-0.005394,467.978013
0.190727,0.004791,-0.001916,467.978013
0.475102,0.047726,-0.022525,467.978013
0.041968,0.048572,-0.002009,467.978013
0.310451,0.003020,-0.004827,467.978013
0.765032,0.060358,-0.036258,467.978013
0.681542,0.052308,-0.032303,467.978013
0.847197,0.003468,-0.034202,467.978013
0.350293,0.015290,-0.016613,467.978013
0.612784,0.043388,-0.029047,467.978013
0.389382,0.095303,-0.007471,467.978013
0.834752,0.037345,-0.039561,467.978013
0.907780,0.098747,-0.039198,467.978013
0.667773,0.055229,-0.031651,467.978013
0.834425,0.098724,-0.033189,467.978013
0.878830,0.057970,-0.041648,467.978013
0.642436,0.056933,-0.030451,467.978013
0.344447,0.056153,-0.016336,467.978013
-0.000000,0.100000,0.000000,467.978013
0.130960,0.061431,-0.006224,467.978013
0.124269,0.078442,-0.005907,467.978013
-0.000000,0.000000,0.000000,467.978013
0.839617,0.022230,-0.039791,467.978013
0.979771,0.096944,-0.046430,467.978013
0.334803,0.059624,-0.015879,467.978013
0.183570,0.016263,-0.008716,467.978013
0.136822,0.095268,-0.001042,467.978013
0.897601,0.087866,-0.042538,467.978013
0.942148,0.074823,-0.044648,467.978013
0.854233,0.088080,-0.040483,467.978013
0.896861,0.027503,-0.042502,467.978013
0.906113,0.019306,-0.042941,467.978013
0.160149,0.004988,-0.001386,467.978013
0.960107,0.054605,-0.045498,467.978013
0.128849,0.084345,-0.006124,467.978013
0.180719,0.096999,-0.001736,467.978013
0.495097,0.099806,-0.011915,467.978013
0.976013,0.017701,-0.046252,467.978013
0.682377,0.003330,-0.022335,467.978013
0.341945,0.000034,-0.005812,467.978013
0.537740,0.063048,-0.025492,467.978013
0.298344,0.062838,-0.014152,467.978013
0.096362,0.034357,-0.004585,467.978013
0.983770,0.078173,-0.046619,467.978013
0.336672,0.083922,-0.015968,467.978013
0.081659,0.020216,-0.003889,467.978013
0.766011,0.035728,-0.036305,467.978013
0.776979,0.095784,-0.028835,467.978013
0.351590,0.042431,-0.016675,467.978013
0.886216,0.086455,-0.041998,467.978013
0.988620,0.066868,-0.046849,467.978013
0.511138,0.046542,-0.024232,467.978013
0.229257,0.062356,-0.010880,467.978013
0.310772,0.037214,-0.014741,467.978013
0.379747,0.030242,-0.018008,467.978013
0.594146,0.094447,-0.017020,467.978013
0.401170,0.054221,-0.019023,467.978013
0.137813,0.042083,-0.006549,467.978013
0.857808,0.000214,-0.035053,467.978013
0.836692,0.077070,-0.039652,467.978013
0.499722,0.076338,-0.023691,467.978013
0.191410,0.072986,-0.009087,467.978013
0.531607,0.098160,-0.013691,467.978013
0.753593,0.017329,-0.035716,467.978013
0.669862,0.080599,-0.031750,467.978013
0.070951,0.097381,-0.000335,467.978013
0.800546,0.042559,-0.037940,467.978013
0.509469,0.015713,-0.024153,467.978013
0.501449,0.051768,-0.023773,467.978013
0.211904,0.018001,-0.010058,467.978013
0.833726,0.014900,-0.039512,467.978013
0.423230,0.033794,-0.020068,467.978013
0.421746,0.040799,-0.019998,467.978013
0.925883,0.027412,-0.043877,467.978013
0.187237,0.017198,-0.008890,467.978013
0.861547,0.056210,-0.040830,467.978013
0.663008,0.050608,-0.031426,467.978013
0.635235,0.002943,-0.019405,467.978013
0.268694,0.097543,-0.003663,467.978013
0.836527,0.058268,-0.039645,467.978013
0.048380,0.033470,-0.002312,467.978013
0.523681,0.022400,-0.024826,467.978013
0.680670,0.032812,-0.032262,467.978013
0.985516,0.014443,-0.046702,467.978013
0.933331,0.004424,-0.041412,467.978013
0.065034,0.082987,-0.003101,467.978013
0.915632,0.061377,-0.043392,467.978013
0.857033,0.063858,-0.040616,467.978013
0.580150,0.099160,-0.016243,467.978013
0.529719,0.071905,-0.025112,467.978013
0.836757,0.039321,-0.039656,467.978013
0.691216,0.080744,-0.032762,467.978013
0.321705,0.066454,-0.015259,467.978013
0.105735,0.095211,-0.000658,467.978013
0.236673,0.035807,-0.011231,467.978013
0.627577,0.019218,-0.029747,467.978013
0.062779,0.018835,-0.002994,467.978013
0.164979,0.084704,-0.007835,467.978013
0.687601,0.049819,-0.032590,467.978013
0.157272,0.051301,-0.007470,467.978013
0.215445,0.095481,-0.002411,467.978013
0.583397,0.094832,-0.016422,467.978013
0.002916,0.069443,-0.000159,467.978013
0.755699,0.072850,-0.035816,467.978013
0.177171,0.049678,-0.008413,467.978013
0.157734,0.000480,-0.001348,467.978013
0.520231,0.055023,-0.024663,467.978013
0.457350,0.061644,-0.021684,467.978013
0.418710,0.039363,-0.019854,467.978013
0.547666,0.096129,-0.014511,467.978013
0.314253,0.029987,-0.014906,467.978013
0.291962,0.012094,-0.013850,467.978013
0.936723,0.001605,-0.041710,467.978013
0.829239,0.036900,-0.039299,467.978013
0.934728,0.032548,-0.044296,467.978013
0.745771,0.037659,-0.035346,467.978013
0.079461,0.035858,-0.003785,467.978013
0.671348,0.044486,-0.031821,467.978013
0.998675,-0.000008,-0.047346,467.978013
0.687890,0.038763,-0.032604,467.978013
0.864443,0.099004,-0.035587,467.978013
0.798748,0.004223,-0.030451,467.978013
0.431026,0.037098,-0.020437,467.978013
0.551401,0.063031,-0.026139,467.978013
0.073804,0.034569,-0.003517,467.978013
0.539974,0.002346,-0.014115,467.978013
0.114628,0.045314,-0.005450,467.978013
0.663461,0.085446,-0.031447,467.978013
0.375943,0.038041,-0.017828,467.978013
0.727943,0.088379,-0.034501,467.978013
0.796650,0.054002,-0.037756,467.978013
0.737532,0.003476,-0.026024,467.978013
0.816173,0.000239,-0.031775,467.978013
0.603936,0.036667,-0.028627,467.978013
0.104007,0.000089,-0.000636,467.978013
0.621438,0.097112,-0.018586,467.978013
0.501931,0.064565,-0.023796,467.978013
0.074341,0.086131,-0.003542,467.978013
0.860469,0.098517,-0.035265,467.978013
0.352838,0.043082,-0.016734,467.978013
0.878071,0.070845,-0.041612,467.978013
0.157505,0.082993,-0.007481,467.978013
0.706171,0.014598,-0.033470,467.978013
0.282759,0.003800,-0.004036,467.978013
0.822499,0.025078,-0.038980,467.978013
0.307759,0.095525,-0.004748,467.978013
0.452405,0.001031,-0.009996,467.978013
0.489588,0.042895,-0.023211,467.978013
0.880606,0.098573,-0.036913,467.978013
0.793519,0.085040,-0.037608,467.978013
0.721142,0.057511,-0.034179,467.978013
0.722873,0.017431,-0.034261,467.978013
0.490027,0.066845,-0.023232,467.978013
0.910895,0.065977,-0.043167,467.978013
0.974700,0.094200,-0.046189,467.978013
0.553600,0.000539,-0.014821,467.978013
0.570679,0.023381,-0.027052,467.978013
0.565413,0.035079,-0.026803,467.978013
0.332365,0.022279,-0.015764,467.978013
0.163891,0.026717,-0.007784,467.978013
0.456610,0.058281,-0.021649,467.978013
0.822132,0.024979,-0.038963,467.978013
0.774069,0.025475,-0.036686,467.978013
0.101856,0.099971,-0.000617,467.978013
0.765157,0.040168,-0.036264,467.978013
0.552128,0.087581,-0.026173,467.978013
0.453738,0.033559,-0.021513,467.978013
0.596435,0.044892,-0.028272,467.978013
0.209510,0.069953,-0.009945,467.978013
0.986386,0.026111,-0.046743,467.978013
0.721636,0.079435,-0.034203,467.978013
0.933057,0.063625,-0.044217,467.978013
0.803091,0.096410,-0.030776,467.978013
0.451596,0.035818,-0.021412,467.978013
0.219354,0.060093,-0.010411,467.978013
0.131857,0.017925,-0.006267,467.978013
0.113024,0.068693,-0.005374,467.978013
0.664512,0.095592,-0.021199,467.978013
0.923410,0.048776,-0.043760,467.978013
0.170768,0.076475,-0.008110,467.978013
0.963457,0.033703,-0.045657,467.978013
0.654560,0.066299,-0.031025,467.978013
0.107143,0.039796,-0.005096,467.978013
0.754737,0.073009,-0.035770,467.978013
0.175618,0.002189,-0.001643,467.978013
0.850323,0.048743,-0.040298,467.978013
0.570860,0.001975,-0.015738,467.978013
0.050791,0.055178,-0.002427,467.978013
0.406443,0.053126,-0.019273,467.978013
0.508805,0.030893,-0.024121,467.978013
0.757945,0.021589,-0.035922,467.978013
0.937209,0.005630,-0.041753,467.978013
0.071632,0.012781,-0.003414,467.978013
0.750456,0.053550,-0.035568,467.978013
0.127649,0.077578,-0.006067,467.978013
0.781119,0.068028,-0.037020,467.978013
0.602959,0.000694,-0.017519,467.978013
0.449321,0.016246,-0.021304,467.978013
0.048977,0.066649,-0.002341,467.978013
0.293788,0.024612,-0.013937,467.978013
0.436171,0.030979,-0.020681,467.978013
0.217025,0.002639,-0.002442,467.978013
0.401858,0.033131,-0.019056,467.978013
0.113713,0.012964,-0.005407,467.978013
0.811539,0.069558,-0.038461,467.978013
0.726544,0.075367,-0.034435,467.978013
0.704337,0.094449,-0.023768,467.978013
0.570105,0.097632,-0.015697,467.978013
0.157180,0.078589,-0.007466,467.978013
0.076992,0.005734,-0.000379,467.978013
0.309180,0.095898,-0.004790,467.978013
0.483313,0.066257,-0.022914,467.978013
0.514674,0.099107,-0.012852,467.978013
0.016522,0.019422,-0.000803,467.978013
0.916426,0.096365,-0.039939,467.978013
0.473020,0.065476,-0.022426,467.978013
0.699952,0.069351,-0.033176,467.978013
0.917349,0.034306,-0.043473,467.978013
0.028544,0.015749,-0.001373,467.978013
-0.000000,0.000000,0.000000,467.978013
0.810121,0.027114,-0.038394,467.978013
0.076495,0.099088,-0.000379,467.978013
0.153512,0.031971,-0.007292,467.978013
0.629609,0.037122,-0.029844,467.978013
0.152252,0.026448,-0.007233,467.978013
0.191921,0.080782,-0.009112,467.978013
0.449491,0.094879,-0.009871,467.978013
0.414376,0.023258,-0.019649,467.978013
0.605294,0.042408,-0.028692,467.978013
0.265654,0.003660,-0.003582,467.978013
0.342740,0.068171,-0.016255,467.978013
0.101539,0.062824,-0.004830,467.978013
0.932643,0.002585,-0.041351,467.978013
0.864131,0.095686,-0.035562,467.978013
0.863972,0.096784,-0.035549,467.978013
0.388583,0.004647,-0.007441,467.978013
0.228062,0.001049,-0.002682,467.978013
0.572074,0.023163,-0.027118,467.978013
0.033300,0.079750,-0.001598,467.978013
0.848271,0.016231,-0.040201,467.978013
0.966301,0.054949,-0.045792,467.978013
0.893039,0.045735,-0.042321,467.978013
0.644126,0.040235,-0.030531,467.978013
0.567594,0.005390,-0.015562,467.978013
0.032280,0.004925,-0.000103,467.978013
0.661187,0.045362,-0.031339,467.978013
0.895678,0.050126,-0.042446,467.978013
0.479181,0.037676,-0.022718,467.978013
0.287156,0.059586,-0.013623,467.978013
0.235513,0.087326,-0.011176,467.978013
0.671867,0.035425,-0.031845,467.978013
0.732996,0.044166,-0.034741,467.978013
0.217686,0.074511,-0.010332,467.978013
0.543328,0.026868,-0.025757,467.978013
0.503683,0.002501,-0.012322,467.978013
0.589067,0.069022,-0.027923,467.978013
0.812999,0.005511,-0.031532,467.978013
0.289645,0.095302,-0.004227,467.978013
0.896597,0.070762,-0.042490,467.978013
0.820246,0.045238,-0.038873,467.978013
0.184329,0.096406,-0.001801,467.978013
0.969814,0.093478,-0.045958,467.978013
0.910242,0.031847,-0.043136,467.978013
0.547735,0.030341,-0.025965,467.978013
0.250059,0.084491,-0.011865,467.978013
0.394430,0.048013,-0.018704,467.978013
0.451663,0.025148,-0.021415,467.978013
0.825579,0.073158,-0.039126,467.978013
0.187519,0.059157,-0.008903,467.978013
0.203466,0.031366,-0.009658,467.978013
0.336698,0.050832,-0.015969,467.978013
0.291788,0.095189,-0.004287,467.978013
0.112877,0.043985,-0.005367,467.978013
0.090714,0.015023,-0.004318,467.978013
0.198939,0.030088,-0.009444,467.978013
0.906788,0.094706,-0.039113,467.978013
0.320248,0.050784,-0.015190,467.978013
0.482527,0.031292,-0.022877,467.978013
0.626354,0.033368,-0.029689,467.978013
0.669999,0.087716,-0.031757,467.978013
0.887964,0.062609,-0.042081,467.978013
0.976846,0.001304,-0.046291,467.978013
0.366319,0.079071,-0.017372,467.978013
0.188889,0.070251,-0.008968,467.978013
0.687233,0.098795,-0.022647,467.978013
0.121774,0.088453,-0.005789,467.978013
0.905184,0.028078,-0.042897,467.978013
0.089989,0.096416,-0.000498,467.978013
0.934186,0.085164,-0.044270,467.978013
0.441417,0.086357,-0.020929,467.978013
0.467825,0.070695,-0.022180,467.978013
0.394341,0.020877,-0.018700,467.978013
0.065956,0.028303,-0.003145,467.978013
0.650159,0.021212,-0.030817,467.978013
0.905258,0.082673,-0.042900,467.978013
0.275556,0.040283,-0.013073,467.978013
0.733985,0.081784,-0.034788,467.978013
0.343690,0.058990,-0.016300,467.978013
0.370642,0.072040,-0.017577,467.978013
0.687423,0.087269,-0.032582,467.978013
0.562301,0.078601,-0.026655,467.978013
0.169554,0.032706,-0.008052,467.978013
0.329211,0.098841,-0.005404,467.978013
0.154305,0.038326,-0.007330,467.978013
0.932980,0.005747,-0.041381,467.978013
0.478338,0.097632,-0.011142,467.978013
0.084557,0.096278,-0.000448,467.978013
0.174696,0.072193,-0.008296,467.978013
0.227154,0.054297,-0.010780,467.978013
0.873732,0.094422,-0.036347,467.978013
0.461625,0.051053,-0.021887,467.978013
0.918111,0.064822,-0.043509,467.978013
0.150575,0.031534,-0.007153,467.978013
0.054039,0.059431,-0.002580,467.978013
0.826076,0.021553,-0.039150,467.978013
0.966710,0.083409,-0.045811,467.978013
0.152697,0.047036,-0.007254,467.978013
0.825449,0.031045,-0.039120,467.978013
0.122142,0.045741,-0.005806,467.978013
0.436314,0.063978,-0.020688,467.978013
0.761697,0.049673,-0.036100,467.978013
0.085780,0.075882,-0.004084,467.978013
0.493831,0.084197,-0.023412,467.978013
0.668379,0.061327,-0.031680,467.978013
0.226444,0.046454,-0.010747,467.978013
0.881681,0.015240,-0.041783,467.978013
0.672526,0.000150,-0.021705,467.978013
0.300755,0.063402,-0.014267,467.978013
0.469238,0.081638,-0.022247,467.978013
0.192595,0.058044,-0.009143,467.978013
0.788825,0.077497,-0.037385,467.978013
0.011748,0.040141,-0.000577,467.978013
0.121122,0.063093,-0.005758,467.978013
0.311289,0.077161,-0.014766,467.978013
0.696872,0.003236,-0.023277,467.978013
0.406891,0.026784,-0.019294,467.978013
0.423259,0.033006,-0.020069,467.978013
0.648243,0.083667,-0.030726,467.978013
0.633102,0.084378,-0.030009,467.978013
0.969834,0.092585,-0.045959,467.978013
0.637277,0.033710,-0.030207,467.978013
0.280311,0.042251,-0.013298,467.978013
0.309367,0.074915,-0.014675,467.978013
0.726609,0.034938,-0.034438,467.978013
0.822364,0.036881,-0.038974,467.978013
0.516678,0.084839,-0.024494,467.978013
0.950538,0.062022,-0.045045,467.978013
-0.000000,0.000000,0.000000,467.978013
0.265305,0.001664,-0.003574,467.978013
0.531739,0.083973,-0.025208,467.978013
0.478244,0.022964,-0.022674,467.978013
0.125968,0.099683,-0.000898,467.978013
0.981164,0.032381,-0.046496,467.978013
0.149204,0.086368,-0.007088,467.978013
0.121747,0.073849,-0.005788,467.978013
0.431815,0.047161,-0.020475,467.978013
0.511822,0.068892,-0.024264,467.978013
0.731542,0.047929,-0.034672,467.978013
0.967275,0.083153,-0.045838,467.978013
0.750669,0.054566,-0.035578,467.978013
-0.000000,0.100000,0.000000,467.978013
0.267575,0.047664,-0.012695,467.978013
0.732802,0.004035,-0.025697,467.978013
0.624753,0.099453,-0.018781,467.978013
0.745185,0.095589,-0.026557,467.978013
0.976568,0.091615,-0.046278,467.978013
0.699758,0.068324,-0.033166,467.978013
0.039378,0.083278,-0.001886,467.978013
0.595546,0.051345,-0.028230,467.978013
0.957167,0.065319,-0.045359,467.978013
0.423820,0.094461,-0.008805,467.978013
0.125502,0.031846,-0.005965,467.978013
0.851034,0.085502,-0.040332,467.978013
0.075184,0.036590,-0.003582,467.978013
0.666086,0.070949,-0.031571,467.978013
0.236119,0.043851,-0.011205,467.978013
0.766885,0.042156,-0.036346,467.978013
0.477119,0.053339,-0.022621,467.978013
0.873841,0.004224,-0.036358,467.978013
0.910516,0.004449,-0.039435,467.978013
-0.000000,0.000000,0.000000,467.978013
0.150517,0.027243,-0.007150,467.978013
0.490150,0.021869,-0.023238,467.978013
0.921539,0.038808,-0.043671,467.978013
0.020878,0.066263,-0.001010,467.978013
0.105219,0.042016,-0.005005,467.978013
0.723097,0.002566,-0.025031,467.978013
0.510621,0.070145,-0.024207,467.978013
0.907465,0.016101,-0.043005,467.978013
0.577706,0.054123,-0.027385,467.978013
0.697145,0.077661,-0.033043,467.978013
0.048852,0.064829,-0.002335,467.978013
0.094892,0.057161,-0.004516,467.978013
0.650367,0.087561,-0.030827,467.978013
0.036125,0.020043,-0.001732,467.978013
0.546162,0.099283,-0.014433,467.978013
0.417636,0.099514,-0.008558,467.978013
0.842646,0.074319,-0.039935,467.978013
0.598113,0.000336,-0.017244,467.978013
0.578377,0.003261,-0.016147,467.978013
0.140080,0.067193,-0.006656,467.978013
0.672526,0.049610,-0.031876,467.978013
0.903117,0.038843,-0.042799,467.978013
0.978240,0.051116,-0.046357,467.978013
0.715515,0.012454,-0.033913,467.978013
0.955376,0.097080,-0.043365,467.978013
0.587302,0.097068,-0.016638,467.978013
0.313691,0.002745,-0.004924,467.978013
-0.000000,0.100000,0.000000,467.978013
0.504227,0.050487,-0.023905,467.978013
0.240479,0.096771,-0.002967,467.978013
0.576811,0.001549,-0.016061,467.978013
0.021227,0.020066,-0.001026,467.978013
0.258393,0.025077,-0.012260,467.978013
0.062769,0.018638,-0.002994,467.978013
0.008057,0.020771,-0.000402,467.978013
0.761195,0.070713,-0.036076,467.978013
0.353346,0.058341,-0.016758,467.978013
0.447724,0.095436,-0.009796,467.978013
0.698419,0.070175,-0.033103,467.978013
0.580691,0.012063,-0.027526,467.978013
0.096160,0.028307,-0.004576,467.978013
0.377447,0.079156,-0.017899,467.978013
0.374280,0.096329,-0.006921,467.978013
0.583975,0.098816,-0.016453,467.978013
0.480360,0.002796,-0.011234,467.978013
0.180729,0.088214,-0.008581,467.978013
0.084191,0.026812,-0.004009,467.978013
0.522640,0.052075,-0.024777,467.978013
0.874609,0.094421,-0.036419,467.978013
0.494407,0.042121,-0.023439,467.978013
0.427248,0.083590,-0.020258,467.978013
0.885850,0.057165,-0.041981,467.978013
0.618917,0.074242,-0.029337,467.978013
0.507450,0.027551,-0.024057,467.978013
0.969321,0.058571,-0.045935,467.978013
0.836163,0.004310,-0.033329,467.978013
0.288959,0.039536,-0.013708,467.978013
0.965991,0.037072,-0.045777,467.978013
0.057777,0.056218,-0.002758,467.978013
0.784291,0.041753,-0.037170,467.978013
0.172371,0.086008,-0.008185,467.978013
0.671824,0.099316,-0.021660,467.978013
0.934850,0.062827,-0.044302,467.978013
0.432977,0.043256,-0.020530,467.978013
0.726995,0.050145,-0.034456,467.978013
0.447392,0.061850,-0.021212,467.978013
0.132593,0.067228,-0.006301,467.978013
0.112122,0.021060,-0.005332,467.978013
0.915596,0.067181,-0.043390,467.978013
0.829342,0.044809,-0.039304,467.978013
0.118236,0.095529,-0.000802,467.978013
0.593779,0.087684,-0.028146,467.978013
0.868610,0.025751,-0.041164,467.978013
0.292762,0.001574,-0.004313,467.978013
0.833630,0.038020,-0.039507,467.978013
0.976786,0.094495,-0.046288,467.978013
0.361881,0.012609,-0.017162,467.978013
0.157365,0.052780,-0.007475,467.978013
0.324955,0.051644,-0.015413,467.978013
0.335912,0.045987,-0.015932,467.978013
0.567808,0.047790,-0.026916,467.978013
0.878743,0.032235,-0.041644,467.978013
0.971973,0.041931,-0.046060,467.978013
0.542152,0.048515,-0.025701,467.978013
0.810605,0.019668,-0.038417,467.978013
0.249053,0.083116,-0.011818,467.978013
0.143537,0.062797,-0.006820,467.978013
0.828134,0.099880,-0.032697,467.978013
0.202782,0.011823,-0.009626,467.978013
0.832386,0.053035,-0.039448,467.978013
0.213755,0.073678,-0.010146,467.978013
0.015192,0.068294,-0.000740,467.978013
0.711762,0.064260,-0.033735,467.978013
0.295904,0.072688,-0.014037,467.978013
0.704512,0.053324,-0.033391,467.978013
0.667332,0.018872,-0.031630,467.978013
0.636216,0.016019,-0.030157,467.978013
0.535395,0.020587,-0.025381,467.978013
-0.000000,0.000000,0.000000,467.978013
0.516806,0.074197,-0.024500,467.978013
0.659147,0.014765,-0.031243,467.978013
0.892779,0.033025,-0.042309,467.978013
0.773665,0.059091,-0.036667,467.978013
0.926183,0.059192,-0.043891,467.978013
0.083874,0.096592,-0.000442,467.978013
0.348601,0.015786,-0.016533,467.978013
0.169056,0.094771,-0.001534,467.978013
-0.000000,0.100000,0.000000,467.978013
0.868636,0.005389,-0.035932,467.978013
0.539334,0.097051,-0.014083,467.978013
0.962339,0.060052,-0.045604,467.978013
0.116587,0.087984,-0.005543,467.978013
0.589866,0.002891,-0.016781,467.978013
0.379870,0.045340,-0.018014,467.978013
0.265284,0.026560,-0.012587,467.978013
0.283334,0.086171,-0.013441,467.978013
0.129524,0.082923,-0.006156,467.978013
0.302819,0.000761,-0.004601,467.978013
0.395181,0.000648,-0.007687,467.978013
0.115208,0.035471,-0.005478,467.978013
0.673096,0.097390,-0.021740,467.978013
0.360493,0.005360,-0.006436,467.978013
0.585481,0.039326,-0.027753,467.978013
0.192749,0.025234,-0.009151,467.978013
0.041312,0.000385,-0.000144,467.978013
0.690021,0.028517,-0.032705,467.978013
0.282404,0.063111,-0.013397,467.978013
0.914111,0.094957,-0.039740,467.978013
0.434232,0.048485,-0.020589,467.978013
0.876459,0.075016,-0.041536,467.978013
0.013414,0.020701,-0.000656,467.978013
0.749978,0.054269,-0.035545,467.978013
0.182106,0.055384,-0.008647,467.978013
0.955404,0.039531,-0.045275,467.978013
0.777765,0.063284,-0.036861,467.978013
0.869549,0.045460,-0.041209,467.978013
0.517428,0.099316,-0.012987,467.978013
0.713613,0.032606,-0.033823,467.978013
0.058090,0.037424,-0.002772,467.978013
0.039181,0.070231,-0.001877,467.978013
0.849123,0.079705,-0.040241,467.978013
0.282368,0.073661,-0.013396,467.978013
0.748023,0.095892,-0.026756,467.978013
0.700021,0.056238,-0.033179,467.978013
0.807578,0.032591,-0.038273,467.978013
0.742969,0.014921,-0.035213,467.978013
0.168575,0.044930,-0.008006,467.978013
0.389351,0.099366,-0.007470,467.978013
0.955936,0.072616,-0.045301,467.978013
0.607719,0.022851,-0.028807,467.978013
0.172455,0.080870,-0.008189,467.978013
0.655479,0.001851,-0.020638,467.978013
0.541553,0.074254,-0.025673,467.978013
0.534627,0.096702,-0.013843,467.978013
0.236522,0.041033,-0.011224,467.978013
0.357309,0.098795,-0.006328,467.978013
0.354569,0.051503,-0.016816,467.978013
0.228608,0.069029,-0.010849,467.978013
0.202548,0.036803,-0.009615,467.978013
0.579328,0.050577,-0.027462,467.978013
0.858857,0.004234,-0.035138,467.978013
0.705625,0.098916,-0.023854,467.978013
0.505118,0.041055,-0.023947,467.978013
0.894470,0.026769,-0.042389,467.978013
0.883129,0.041282,-0.041852,467.978013
0.817896,0.044992,-0.038762,467.978013
0.717026,0.045652,-0.033984,467.978013
0.423795,0.016391,-0.020095,467.978013
0.767126,0.054096,-0.036357,467.978013
0.515496,0.078936,-0.024438,467.978013
0.108678,0.062419,-0.005169,467.978013
0.240076,0.068831,-0.011392,467.978013
0.832438,0.037450,-0.039451,467.978013
0.078350,0.001053,-0.000391,467.978013
0.074600,0.083864,-0.003554,467.978013
0.964171,0.002130,-0.044162,467.978013
0.070199,0.053030,-0.003346,467.978013
0.033114,0.098991,-0.000110,467.978013
0.473380,0.060012,-0.022443,467.978013
0.786701,0.079354,-0.037285,467.978013
0.376688,0.024170,-0.017863,467.978013
0.055636,0.056700,-0.002656,467.978013
0.429892,0.003660,-0.009051,467.978013
0.743391,0.024653,-0.035233,467.978013
0.691953,0.002648,-0.022955,467.978013
0.278321,0.072745,-0.013204,467.978013
0.792386,0.019726,-0.037554,467.978013
0.978852,0.071859,-0.046386,467.978013
0.607774,0.025546,-0.028809,467.978013
0.899462,0.016357,-0.042626,467.978013
0.502925,0.083384,-0.023843,467.978013
0.402665,0.066483,-0.019094,467.978013
0.322506,0.005649,-0.005193,467.978013
0.001354,0.072346,-0.000085,467.978013
0.479517,0.049636,-0.022734,467.978013
0.724398,0.004630,-0.025120,467.978013
0.439965,0.075384,-0.020861,467.978013
0.139081,0.012430,-0.006609,467.978013
0.716836,0.064698,-0.033975,467.978013
0.712055,0.035488,-0.033749,467.978013
0.604278,0.077215,-0.028644,467.978013
0.600475,0.061486,-0.028464,467.978013
0.500581,0.025083,-0.023732,467.978013
0.410940,0.028344,-0.019486,467.978013
0.203744,0.098891,-0.002171,467.978013
0.376323,0.047831,-0.017846,467.978013
0.580373,0.079113,-0.027511,467.978013
0.248101,0.071055,-0.011773,467.978013
0.684944,0.051585,-0.032465,467.978013
0.004865,0.029667,-0.000251,467.978013
0.874404,0.073163,-0.041439,467.978013
0.440738,0.036370,-0.020897,467.978013
0.196235,0.002564,-0.002021,467.978013
0.993669,0.021513,-0.047088,467.978013
0.896474,0.039601,-0.042484,467.978013
0.131743,0.018392,-0.006261,467.978013
0.246325,0.050604,-0.011688,467.978013
0.035504,0.094813,-0.000120,467.978013
0.402027,0.001038,-0.007948,467.978013
0.187770,0.063157,-0.008915,467.978013
0.202344,0.005597,-0.002141,467.978013
0.831524,0.014600,-0.039408,467.978013
-0.000000,0.100000,0.000000,467.978013
0.315726,0.026697,-0.014976,467.978013
0.716518,0.084751,-0.033960,467.978013
0.095305,0.041306,-0.004535,467.978013
0.430148,0.063887,-0.020396,467.978013
0.396603,0.095806,-0.007742,467.978013
0.302067,0.045491,-0.014329,467.978013
0.192459,0.024401,-0.009137,467.978013
0.553593,0.075826,-0.026243,467.978013
0.062668,0.063260,-0.002989,467.978013
0.122413,0.097049,-0.000853,467.978013
0.053298,0.081123,-0.002545,467.978013
0.945439,0.005450,-0.042481,467.978013
0.202352,0.030991,-0.009606,467.978013
0.776049,0.067870,-0.036780,467.978013
0.881126,0.079042,-0.041757,467.978013
0.277976,0.013931,-0.013188,467.978013
0.511174,0.072239,-0.024234,467.978013
0.257072,0.001618,-0.003365,467.978013
0.875396,0.068268,-0.041486,467.978013
0.853170,0.017459,-0.040433,467.978013
0.906711,0.052993,-0.042969,467.978013
0.742803,0.021144,-0.035205,467.978013
0.174993,0.022990,-0.008310,467.978013
0.820885,0.084561,-0.038904,467.978013
0.114300,0.027776,-0.005435,467.978013
0.253688,0.057553,-0.012037,467.978013
0.359973,0.080938,-0.017072,467.978013
0.403089,0.052893,-0.019114,467.978013
0.508325,0.052750,-0.024099,467.978013
0.245065,0.044464,-0.011629,467.978013
0.961970,0.062508,-0.045587,467.978013
0.556988,0.039772,-0.026404,467.978013
0.538461,0.022041,-0.025526,467.978013
0.456949,0.095852,-0.010192,467.978013
0.276197,0.065283,-0.013103,467.978013
0.900964,0.048736,-0.042697,467.978013
0.455481,0.058666,-0.021596,467.978013
0.271475,0.081564,-0.012880,467.978013
0.569128,0.075271,-0.026979,467.978013
0.041623,0.037634,-0.001992,467.978013
0.692424,0.022182,-0.032819,467.978013
0.696168,0.050340,-0.032996,467.978013
0.465752,0.001940,-0.010578,467.978013
0.998675,-0.000008,-0.047346,467.978013
0.120716,0.043732,-0.005739,467.978013
0.412077,0.095063,-0.008338,467.978013
0.101299,0.016276,-0.004819,467.978013
0.655900,0.085118,-0.031089,467.978013
0.453421,0.098556,-0.010040,467.978013
0.009503,0.042769,-0.000471,467.978013
0.479266,0.035245,-0.022722,467.978013
0.478081,0.029854,-0.022666,467.978013
0.331236,0.079618,-0.015710,467.978013
0.984894,0.003752,-0.046672,467.978013
0.929394,0.043523,-0.044044,467.978013
0.430518,0.019073,-0.020413,467.978013
0.612729,0.004828,-0.018079,467.978013
0.536451,0.042477,-0.025431,467.978013
0.814563,0.005525,-0.031651,467.978013
0.067207,0.033551,-0.003204,467.978013
0.136515,0.057868,-0.006487,467.978013
0.636072,0.077638,-0.030150,467.978013
0.742686,0.005197,-0.026384,467.978013
0.482397,0.029737,-0.022871,467.978013
0.311181,0.016532,-0.014761,467.978013
0.525203,0.019361,-0.024898,467.978013
0.977873,0.034926,-0.046340,467.978013
0.554698,0.046669,-0.026295,467.978013
0.825490,0.015035,-0.039122,467.978013
0.474195,0.059089,-0.022482,467.978013
-0.000000,0.000000,0.000000,467.978013
0.778204,0.029797,-0.036882,467.978013
0.516164,0.057010,-0.024470,467.978013
0.719151,0.043277,-0.034085,467.978013
0.217923,0.057238,-0.010343,467.978013
0.149958,0.088137,-0.007124,467.978013
0.824255,0.043709,-0.039063,467.978013
0.098738,0.000021,-0.000581,467.978013
0.211364,0.087869,-0.010032,467.978013
0.171462,0.012407,-0.008142,467.978013
0.018551,0.071437,-0.000899,467.978013
0.254316,0.064500,-0.012067,467.978013
0.123718,0.076416,-0.005881,467.978013
0.846032,0.099318,-0.034107,467.978013
0.064298,0.081891,-0.003066,467.978013
0.838972,0.021697,-0.039760,467.978013
0.869579,0.096329,-0.036006,467.978013
0.987549,0.075666,-0.046798,467.978013
0.465740,0.023421,-0.022082,467.978013
0.141862,0.017176,-0.006740,467.978013
0.769449,0.027539,-0.036467,467.978013
0.737494,0.098136,-0.026020,467.978013
0.532563,0.096895,-0.013739,467.978013
0.320438,0.050564,-0.015199,467.978013
0.690505,0.034361,-0.032728,467.978013
0.453246,0.099206,-0.010032,467.978013
0.415453,0.036150,-0.019700,467.978013
0.183889,0.002840,-0.001790,467.978013
0.914943,0.068752,-0.043359,467.978013
0.497709,0.066591,-0.023596,467.978013
0.731765,0.021560,-0.034682,467.978013
0.499278,0.029933,-0.023670,467.978013
0.113923,0.064863,-0.005417,467.978013
0.310698,0.096855,-0.004835,467.978013
0.287668,0.005160,-0.004171,467.978013
0.249972,0.028712,-0.011861,467.978013
0.842562,0.030712,-0.039931,467.978013
0.096924,0.077767,-0.004612,467.978013
0.240049,0.063056,-0.011391,467.978013
0.961621,0.038724,-0.045570,467.978013
0.220220,0.048108,-0.010452,467.978013
0.149261,0.057698,-0.007091,467.978013
0.259916,0.001626,-0.003437,467.978013
0.487278,0.099690,-0.011551,467.978013
0.187210,0.016296,-0.008888,467.978013
0.232806,0.042451,-0.011048,467.978013
0.011749,0.068658,-0.000577,467.978013
0.192375,0.094250,-0.001950,467.978013
0.523759,0.096331,-0.013299,467.978013
0.639345,0.085889,-0.030305,467.978013
0.467684,0.061053,-0.022174,467.978013
0.856158,0.041179,-0.040575,467.978013
0.985249,0.071734,-0.046689,467.978013
0.478609,0.011642,-0.022691,467.978013
0.559884,0.015208,-0.026541,467.978013
0.167535,0.081663,-0.007956,467.978013
0.143534,0.059000,-0.006820,467.978013
0.329950,0.027113,-0.015650,467.978013
0.050787,0.005068,-0.000195,467.978013
0.659034,0.069748,-0.031237,467.978013
0.812813,0.047565,-0.038521,467.978013
0.205468,0.065694,-0.009753,467.978013
0.339140,0.046399,-0.016085,467.978013
0.126966,0.034989,-0.006035,467.978013
0.492577,0.060291,-0.023353,467.978013
0.743243,0.063687,-0.035226,467.978013
0.652819,0.019944,-0.030943,467.978013
0.044010,0.014247,-0.002105,467.978013
0.071820,0.078293,-0.003423,467.978013
0.069695,0.062624,-0.003322,467.978013
0.634276,0.040399,-0.030065,467.978013
0.227370,0.046203,-0.010791,467.978013
0.227945,0.063497,-0.010818,467.978013
0.878817,0.095449,-0.036765,467.978013
0.883691,0.041834,-0.041879,467.978013
0.097057,0.077978,-0.004618,467.978013
0.518468,0.084812,-0.024579,467.978013
0.821428,0.002612,-0.032180,467.978013
0.449052,0.053396,-0.021291,467.978013
0.365548,0.099686,-0.006612,467.978013
-0.000000,0.000000,0.000000,467.978013
0.344810,0.012483,-0.016353,467.978013
0.694065,0.000004,-0.023093,467.978013
0.284077,0.026749,-0.013477,467.978013
0.086131,0.017627,-0.004101,467.978013
0.807963,0.011979,-0.038292,467.978013
0.638280,0.013956,-0.030254,467.978013
0.093871,0.074952,-0.004467,467.978013
0.011868,0.064226,-0.000583,467.978013
0.273101,0.012297,-0.012957,467.978013
0.645664,0.026630,-0.030604,467.978013
0.649906,0.051322,-0.030805,467.978013
0.260513,0.077835,-0.012361,467.978013
0.703874,0.021943,-0.033361,467.978013
0.043504,0.032846,-0.002081,467.978013
0.521509,0.018142,-0.024723,467.978013
0.121068,0.057747,-0.005755,467.978013
0.588338,0.085578,-0.027889,467.978013
0.372863,0.066564,-0.017682,467.978013
0.243530,0.003156,-0.003037,467.978013
0.637754,0.075609,-0.030229,467.978013
0.915861,0.042501,-0.043402,467.978013
0.308828,0.026387,-0.014649,467.978013
0.823652,0.003041,-0.032352,467.978013
0.575131,0.015463,-0.027263,467.978013
0.109015,0.063964,-0.005185,467.978013
0.551470,0.065071,-0.026142,467.978013
0.918398,0.018255,-0.043523,467.978013
0.450676,0.045884,-0.021368,467.978013
0.984948,0.003721,-0.046675,467.978013
0.446410,0.063868,-0.021166,467.978013
0.274719,0.076249,-0.013033,467.978013
0.238402,0.051140,-0.011313,467.978013
0.159427,0.055104,-0.007572,467.978013
0.046002,0.003533,-0.000168,467.978013
0.777801,0.097043,-0.028895,467.978013
0.200811,0.001714,-0.002111,467.978013
0.014800,0.079251,-0.000722,467.978013
0.274746,0.058118,-0.013035,467.978013
0.448900,0.028860,-0.021284,467.978013
0.573045,0.063087,-0.027164,467.978013
0.152635,0.069729,-0.007251,467.978013
0.370303,0.042233,-0.017561,467.978013
0.071462,0.097507,-0.000339,467.978013
0.211510,0.086687,-0.010039,467.978013
0.875059,0.043934,-0.041470,467.978013
0.815584,0.051045,-0.038653,467.978013
0.249987,0.094725,-0.003193,467.978013
0.676810,0.000914,-0.021978,467.978013
0.539333,0.077587,-0.025567,467.978013
0.774657,0.061333,-0.036714,467.978013
0.713422,0.036248,-0.033814,467.978013
0.561481,0.049063,-0.026616,467.978013
0.224744,0.037753,-0.010666,467.978013
0.702288,0.046621,-0.033286,467.978013
0.903451,0.000548,-0.038832,467.978013
0.257531,0.005507,-0.003377,467.978013
0.561388,0.094459,-0.015231,467.978013
0.093415,0.021356,-0.004446,467.978013
0.600312,0.027772,-0.028456,467.978013
0.597063,0.076021,-0.028302,467.978013
0.330977,0.074926,-0.015698,467.978013
0.344503,0.021598,-0.016339,467.978013
0.411489,0.023729,-0.019512,467.978013
0.330765,0.029228,-0.015688,467.978013
0.059506,0.094450,-0.000253,467.978013
0.142977,0.001506,-0.001126,467.978013
0.289798,0.080866,-0.013748,467.978013
0.181370,0.014405,-0.008612,467.978013
0.102515,0.025349,-0.004877,467.978013
0.474257,0.003771,-0.010957,467.978013
0.159062,0.037783,-0.007555,467.978013
0.513296,0.095267,-0.012785,467.978013
0.392759,0.033425,-0.018625,467.978013
0.046284,0.087406,-0.002213,467.978013
0.195310,0.073593,-0.009272,467.978013
0.531124,0.024336,-0.025179,467.978013
0.278381,0.066585,-0.013207,467.978013
0.768522,0.073031,-0.036423,467.978013
0.394839,0.054766,-0.018723,467.978013
0.189619,0.087543,-0.009003,467.978013
0.621508,0.017324,-0.029460,467.978013
0.570973,0.058526,-0.027066,467.978013
0.754229,0.044192,-0.035746,467.978013
0.754876,0.056720,-0.035777,467.978013
0.391128,0.016923,-0.018547,467.978013
0.820404,0.086475,-0.038881,467.978013
0.439224,0.069354,-0.020826,467.978013
0.674652,0.002543,-0.021840,467.978013
0.822172,0.075002,-0.038965,467.978013
0.317711,0.094257,-0.005047,467.978013
0.106484,0.076162,-0.005065,467.978013
0.007525,0.075976,-0.000377,467.978013
0.127432,0.039348,-0.006057,467.978013
0.496214,0.000876,-0.011968,467.978013
0.721675,0.056323,-0.034204,467.978013
0.263263,0.001372,-0.003521,467.978013
0.164719,0.087090,-0.007823,467.978013
0.265624,0.083895,-0.012603,467.978013
0.777143,0.074539,-0.036832,467.978013
0.692567,0.065562,-0.032826,467.978013
0.422435,0.082843,-0.020030,467.978013
0.648424,0.003470,-0.020204,467.978013
0.907665,0.052840,-0.043014,467.978013
0.519206,0.021236,-0.024614,467.978013
0.134438,0.015757,-0.006389,467.978013
0.327463,0.052158,-0.015532,467.978013
0.223492,0.075526,-0.010607,467.978013
0.659310,0.085270,-0.031250,467.978013
0.039554,0.060996,-0.001894,467.978013
0.058542,0.003436,-0.000243,467.978013
0.820513,0.073773,-0.038886,467.978013
0.730661,0.023951,-0.034630,467.978013
0.660696,0.005116,-0.020962,467.978013
0.023484,0.066013,-0.001133,467.978013
0.457723,0.072436,-0.021702,467.978013
0.831852,0.030454,-0.039423,467.978013
0.896076,0.072927,-0.042465,467.978013
0.785291,0.067538,-0.037218,467.978013
0.128022,0.066218,-0.006085,467.978013
0.807425,0.002389,-0.031107,467.978013
0.776234,0.000000,-0.028782,467.978013
0.227219,0.061424,-0.010784,467.978013
0.790526,0.078943,-0.037466,467.978013
0.838642,0.067672,-0.039745,467.978013
0.529201,0.099117,-0.013570,467.978013
0.833963,0.073337,-0.039523,467.978013
0.880900,0.082716,-0.041746,467.978013
0.822516,0.046622,-0.038981,467.978013
0.328325,0.097746,-0.005376,467.978013
0.814134,0.051576,-0.038584,467.978013
0.828068,0.035287,-0.039244,467.978013
0.291005,0.084424,-0.013805,467.978013
0.930065,0.028238,-0.044075,467.978013
0.831818,0.000441,-0.032988,467.978013
0.792298,0.094719,-0.029966,467.978013
0.667938,0.056906,-0.031659,467.978013
0.886858,0.026581,-0.042029,467.978013
0.198842,0.063202,-0.009439,467.978013
0.279795,0.095659,-0.003957,467.978013
0.246055,0.039997,-0.011676,467.978013
0.466331,0.013532,-0.022110,467.978013
0.568487,0.022589,-0.026948,467.978013
0.253829,0.017060,-0.012044,467.978013
0.649622,0.065923,-0.030791,467.978013
0.110664,0.005523,-0.000710,467.978013
0.802927,0.017113,-0.038053,467.978013
0.122187,0.003230,-0.000847,467.978013
0.332374,0.099610,-0.005504,467.978013
0.896816,0.029335,-0.042500,467.978013
0.204906,0.087759,-0.009727,467.978013
0.993350,0.068417,-0.047073,467.978013
0.107427,0.097858,-0.000677,467.978013
0.993496,0.049454,-0.047080,467.978013
0.649735,0.046147,-0.030797,467.978013
0.787398,0.040296,-0.037318,467.978013
0.298913,0.016252,-0.014179,467.978013
0.597214,0.046311,-0.028309,467.978013
0.393451,0.020471,-0.018657,467.978013
0.478928,0.077238,-0.022706,467.978013
0.186329,0.040967,-0.008847,467.978013
0.592942,0.047983,-0.028107,467.978013
0.532046,0.095825,-0.013713,467.978013
0.193328,0.045673,-0.009178,467.978013
0.174186,0.044719,-0.008271,467.978013
0.032443,0.065585,-0.001558,467.978013
0.485828,0.041225,-0.023033,467.978013
0.278992,0.068177,-0.013236,467.978013
0.454373,0.099163,-0.010081,467.978013
0.538811,0.033082,-0.025543,467.978013
0.176573,0.005081,-0.001660,467.978013
0.982999,0.003224,-0.045893,467.978013
0.802398,0.066552,-0.038028,467.978013
0.190286,0.081037,-0.009034,467.978013
0.325687,0.035463,-0.015448,467.978013
0.574830,0.074983,-0.027249,467.978013
0.812588,0.037455,-0.038511,467.978013
0.137782,0.012734,-0.006547,467.978013
0.924557,0.081638,-0.043814,467.978013
0.514608,0.077938,-0.024396,467.978013
-0.000000,0.100000,0.000000,467.978013
0.260316,0.099727,-0.003448,467.978013
0.254945,0.095016,-0.003314,467.978013
0.458752,0.094876,-0.010271,467.978013
0.434061,0.045184,-0.020581,467.978013
0.029902,0.026060,-0.001437,467.978013
0.230270,0.077739,-0.010928,467.978013
0.261522,0.097814,-0.003479,467.978013
0.190751,0.086410,-0.009056,467.978013
0.063061,0.099396,-0.000277,467.978013
0.484410,0.002816,-0.011419,467.978013
0.632533,0.018499,-0.029982,467.978013
0.759127,0.098587,-0.027544,467.978013
0.725405,0.018970,-0.034381,467.978013
0.087786,0.043990,-0.004179,467.978013
0.869847,0.082378,-0.041223,467.978013
0.362691,0.036405,-0.017200,467.978013
0.238032,0.029136,-0.011296,467.978013
0.301570,0.071921,-0.014305,467.978013
0.619673,0.043091,-0.029373,467.978013
0.475381,0.027955,-0.022538,467.978013
0.699704,0.074766,-0.033164,467.978013
0.296015,0.097791,-0.004407,467.978013
0.094679,0.099600,-0.000543,467.978013
0.422987,0.047630,-0.020056,467.978013
0.441567,0.019020,-0.020937,467.978013
0.564304,0.061978,-0.026750,467.978013
0.281440,0.079019,-0.013352,467.978013
0.708827,0.015509,-0.033596,467.978013
0.070589,0.038857,-0.003364,467.978013
0.180499,0.082803,-0.008570,467.978013
0.464535,0.062891,-0.022024,467.978013
0.374377,0.095846,-0.006924,467.978013
0.741345,0.030874,-0.035136,467.978013
0.418137,0.016918,-0.019827,467.978013
0.676831,0.071610,-0.032080,467.978013
0.888389,0.085995,-0.042101,467.978013
0.592247,0.000493,-0.016914,467.978013
0.905132,0.084246,-0.042894,467.978013
0.233993,0.085657,-0.011104,467.978013
0.743615,0.025800,-0.035244,467.978013
0.213561,0.002621,-0.002369,467.978013
0.681057,0.100004,-0.022248,467.978013
0.643408,0.085352,-0.030497,467.978013
0.721965,0.062188,-0.034218,467.978013
0.529649,0.064706,-0.025109,467.978013
0.020859,0.020122,-0.001009,467.978013
0.178041,0.003263,-0.001686,467.978013
0.373936,0.051588,-0.017733,467.978013
0.366798,0.070687,-0.017395,467.978013
0.334332,0.079225,-0.015857,467.978013
0.235868,0.072321,-0.011193,467.978013
0.391581,0.065804,-0.018569,467.978013
0.697822,0.003280,-0.023339,467.978013
0.857210,0.041833,-0.040624,467.978013
0.338807,0.099226,-0.005711,467.978013
0.669444,0.041132,-0.031730,467.978013
0.341021,0.013194,-0.016174,467.978013
0.537517,0.051101,-0.025481,467.978013
0.545637,0.024660,-0.025866,467.978013
0.466778,0.046726,-0.022131,467.978013
0.920177,0.084514,-0.043607,467.978013
0.037600,0.020733,-0.001802,467.978013
0.695299,0.041094,-0.032955,467.978013
0.085930,0.002136,-0.000457,467.978013
0.041420,0.070419,-0.001983,467.978013
0.621811,0.033970,-0.029474,467.978013
0.359055,0.063105,-0.017028,467.978013
0.577421,0.048630,-0.027372,467.978013
0.716706,0.065134,-0.033969,467.978013
0.852759,0.066799,-0.040413,467.978013
0.342699,0.045049,-0.016253,467.978013
0.781320,0.097934,-0.029153,467.978013
0.835290,0.099962,-0.033257,467.978013
0.506891,0.002841,-0.012475,467.978013
0.193027,0.017808,-0.009164,467.978013
0.757273,0.063373,-0.035891,467.978013
0.225469,0.067104,-0.010701,467.978013
0.191133,0.059975,-0.009074,467.978013
0.195257,0.003101,-0.002002,467.978013
0.228094,0.046055,-0.010825,467.978013
0.504257,0.000019,-0.012349,467.978013
0.371618,0.076345,-0.017623,467.978013
0.358028,0.069789,-0.016980,467.978013
0.170481,0.099128,-0.001558,467.978013
0.658497,0.081164,-0.031212,467.978013
0.054006,0.045089,-0.002579,467.978013
0.707072,0.094332,-0.023950,467.978013
0.822233,0.037009,-0.038968,467.978013
0.656109,0.076864,-0.031099,467.978013
0.505439,0.074013,-0.023962,467.978013
0.940414,0.044955,-0.044565,467.978013
0.551340,0.094334,-0.014702,467.978013
0.935408,0.031345,-0.044328,467.978013
0.465911,0.019176,-0.022090,467.978013
0.410268,0.004081,-0.008267,467.978013
0.518127,0.049566,-0.024563,467.978013
0.903221,0.086855,-0.042804,467.978013
0.555251,0.065767,-0.026321,467.978013
0.079458,0.027360,-0.003785,467.978013
0.551425,0.085294,-0.026140,467.978013
0.050591,0.097640,-0.000197,467.978013
0.319652,0.080319,-0.015162,467.978013
0.406497,0.097163,-0.008121,467.978013
0.899943,0.041625,-0.042648,467.978013
0.852285,0.043616,-0.040391,467.978013
0.507022,0.024363,-0.024037,467.978013
0.546196,0.028132,-0.025892,467.978013
0.411322,0.001228,-0.008308,467.978013
0.072695,0.033413,-0.003464,467.978013
0.840159,0.016823,-0.039817,467.978013
0.609905,0.096349,-0.017916,467.978013
0.614723,0.086339,-0.029138,467.978013
0.923146,0.071603,-0.043748,467.978013
0.200631,0.045777,-0.009524,467.978013
0.455935,0.095419,-0.010148,467.978013
0.803420,0.000947,-0.030803,467.978013
0.778752,0.064877,-0.036908,467.978013
0.234105,0.083172,-0.011110,467.978013
0.528294,0.017427,-0.025045,467.978013
0.114363,0.064722,-0.005438,467.978013
0.926798,0.004259,-0.040841,467.978013
0.703500,0.061623,-0.033344,467.978013
0.569427,0.083432,-0.026993,467.978013
0.456654,0.040323,-0.021651,467.978013
0.107062,0.086629,-0.005092,467.978013
0.116946,0.016430,-0.005560,467.978013
0.569681,0.029363,-0.027005,467.978013
0.859901,0.004618,-0.035222,467.978013
0.797142,0.050930,-0.037779,467.978013
0.559149,0.081500,-0.026506,467.978013
0.839129,0.043518,-0.039768,467.978013
0.148344,0.097944,-0.001207,467.978013
0.368989,0.032984,-0.017499,467.978013
0.692000,0.047709,-0.032799,467.978013
0.388435,0.005068,-0.007435,467.978013
0.201944,0.096712,-0.002135,467.978013
0.912117,0.022660,-0.043225,467.978013
0.681376,0.059365,-0.032296,467.978013
0.974115,0.019462,-0.046162,467.978013
0.736920,0.000315,-0.025982,467.978013
0.118496,0.067335,-0.005634,467.978013
-0.000000,0.100000,0.000000,467.978013
0.751990,0.059999,-0.035640,467.978013
0.527732,0.013595,-0.025018,467.978013
0.647141,0.002101,-0.020125,467.978013
0.414157,0.058792,-0.019638,467.978013
0.213889,0.003610,-0.002376,467.978013
0.783557,0.035733,-0.037136,467.978013
0.940763,0.021800,-0.044582,467.978013
0.505665,0.097334,-0.012417,467.978013
0.375533,0.087419,-0.017809,467.978013
0.581604,0.077949,-0.027570,467.978013
0.337310,0.047852,-0.015998,467.978013
0.804654,0.002314,-0.030897,467.978013
0.083624,0.073262,-0.003982,467.978013
0.369841,0.096137,-0.006763,467.978013
0.668381,0.073442,-0.031680,467.978013
0.559926,0.063686,-0.026543,467.978013
0.291001,0.004865,-0.004264,467.978013
0.037700,0.099722,-0.000130,467.978013
0.794812,0.028621,-0.037669,467.978013
0.782179,0.034813,-0.037070,467.978013
0.557033,0.058589,-0.026406,467.978013
0.033277,0.060084,-0.001597,467.978013
0.246366,0.097727,-0.003106,467.978013
0.210824,0.045677,-0.010007,467.978013
0.232817,0.038667,-0.011049,467.978013
0.604935,0.004876,-0.017631,467.978013
0.968275,0.053843,-0.045885,467.978013
0.865404,0.064350,-0.041012,467.978013
0.881702,0.096169,-0.037004,467.978013
0.193631,0.031184,-0.009193,467.978013
0.917836,0.098178,-0.040060,467.978013
0.649169,0.066025,-0.030770,467.978013
0.782627,0.003478,-0.029251,467.978013
0.750054,0.094997,-0.026900,467.978013
0.230068,0.003573,-0.002726,467.978013
0.715917,0.029847,-0.033932,467.978013
0.134064,0.052613,-0.006371,467.978013
0.755258,0.057489,-0.035795,467.978013
0.629107,0.053508,-0.029820,467.978013
0.640670,0.017617,-0.030367,467.978013
0.880110,0.064095,-0.041709,467.978013
0.488978,0.085215,-0.023182,467.978013
0.859013,0.023619,-0.040710,467.978013
0.881519,0.076400,-0.041776,467.978013
0.430233,0.051048,-0.020400,467.978013
0.491024,0.098161,-0.011725,467.978013
0.387084,0.066711,-0.018356,467.978013
0.476924,0.074101,-0.022611,467.978013
0.712951,0.096290,-0.024343,467.978013
0.442695,0.096880,-0.009583,467.978013
0.130202,0.083803,-0.006188,467.978013
0.074486,0.053479,-0.003549,467.978013
0.438861,0.004930,-0.009422,467.978013
0.395741,0.098069,-0.007709,467.978013
0.663333,0.076604,-0.031441,467.978013
