Energy,X,Y,Z,Normal_X,Normal_Y,Normal_Z,Wavelength,Flux
1.000000,-0.168686,1.046724,0.187022,-0.000000,0.866025,0.500000,550.000000,68.050000
1.000000,-0.466396,0.779907,0.649161,-0.000000,0.866025,0.500000,550.000000,68.050000
1.000000,-0.040626,-0.161054,0.482457,-0.081252,-0.498347,0.863162,550.000000,117.476347
1.000000,-0.436152,0.140254,0.363279,-0.872304,-0.244482,0.423455,550.000000,57.632197
1.000000,-0.301187,0.953683,0.348173,-0.000000,0.866025,0.500000,550.000000,68.050000
1.000000,-0.340682,0.348318,0.623690,-0.681365,-0.365972,0.633882,550.000000,86.271376
1.000000,-0.439486,-0.036200,0.254423,-0.878971,-0.238437,0.412985,550.000000,56.207313
1.000000,-0.131112,0.837252,0.549836,-0.000000,0.866025,0.500000,550.000000,68.050000
1.000000,-0.219733,0.976335,0.308938,-0.000000,0.866025,0.500000,550.000000,68.050000
1.000000,0.491837,0.722612,0.521103,0.983673,-0.089983,0.155854,550.000000,21.211767
1.000000,0.320037,0.850640,0.526649,-0.000000,0.866025,0.500000,550.000000,68.050000
1.000000,-0.446177,0.634656,0.626998,-0.892354,-0.225668,0.390868,550.000000,53.197144
1.000000,0.289667,1.009972,0.250678,-0.000000,0.866025,0.500000,550.000000,68.050000
1.000000,-0.475175,0.668557,0.565651,-0.950351,-0.155590,0.269490,550.000000,36.677576
1.000000,0.380790,0.923538,0.400385,-0.000000,0.866025,0.500000,550.000000,68.050000
1.000000,-0.317096,-0.009924,0.440663,-0.634193,-0.386587,0.669589,550.000000,91.131076
1.000000,-0.326720,0.906298,0.430246,-0.000000,0.866025,0.500000,550.000000,68.050000
1.000000,-0.138796,0.967631,0.324014,-0.000000,0.866025,0.500000,550.000000,68.050000
1.000000,-0.153342,-0.226513,0.418751,-0.306685,-0.475906,0.824293,550.000000,112.186232
1.000000,-0.121507,1.057536,0.168293,-0.000000,0.866025,0.500000,550.000000,68.050000
1.000000,-0.289013,0.149651,0.557530,-0.578025,-0.408009,0.706693,550.000000,96.180941
1.000000,-0.437140,0.203847,0.397950,-0.874280,-0.242711,0.420388,550.000000,57.214762
1.000000,-0.096189,0.892803,0.453620,-0.000000,0.866025,0.500000,550.000000,68.050000
1.000000,-0.023010,0.071105,0.617791,-0.046020,-0.499470,0.865108,550.000000,117.741182
1.000000,-0.374024,0.832888,0.557396,-0.000000,0.866025,0.500000,550.000000,68.050000
1.000000,-0.302703,0.052133,0.489622,-0.605405,-0.397959,0.689285,550.000000,93.811636
1.000000,0.310286,0.912306,0.419840,-0.000000,0.866025,0.500000,550.000000,68.050000
1.000000,-0.427897,0.952298,0.350572,-0.000000,0.866025,0.500000,550.000000,68.050000
1.000000,-0.429979,-0.097878,0.238149,-0.859959,-0.255182,0.441988,550.000000,60.154553
1.000000,-0.491309,0.431656,0.356393,-0.982619,-0.092817,0.160764,550.000000,21.879967
1.000000,-0.286569,0.735159,0.726667,-0.000000,0.866025,0.500000,550.000000,68.050000
1.000000,-0.023063,0.376128,0.793893,-0.046125,-0.499468,0.865104,550.000000,117.740609
1.000000,0.340048,0.831666,0.559512,-0.000000,0.866025,0.500000,550.000000,68.050000
1.000000,-0.248713,0.352849,0.704572,-0.497427,-0.433753,0.751282,550.000000,102.249495
1.000000,-0.166115,0.840871,0.543569,-0.000000,0.866025,0.500000,550.000000,68.050000
1.000000,0.307439,0.743369,0.712448,-0.000000,0.866025,0.500000,550.000000,68.050000
1.000000,-0.199966,0.378757,0.747843,-0.399932,-0.458272,0.793751,550.000000,108.029503
1.000000,-0.019087,0.690653,0.803753,-0.000000,0.866025,0.500000,550.000000,68.050000
1.000000,0.255464,0.543794,0.810264,0.510927,-0.429812,0.744456,550.000000,101.320504
1.000000,0.397202,0.343757,0.549146,0.794403,-0.303695,0.526016,550.000000,71.590775
1.000000,-0.002993,0.819248,0.581021,-0.000000,0.866025,0.500000,550.000000,68.050000
1.000000,0.444809,0.322601,0.449933,0.889618,-0.228353,0.395519,550.000000,53.830124
1.000000,-0.174513,0.893703,0.452060,-0.000000,0.866025,0.500000,550.000000,68.050000
1.000000,-0.280721,0.645416,0.850397,-0.561442,-0.413758,0.716650,550.000000,97.536046
1.000000,-0.472541,0.092470,0.242083,-0.945083,-0.163415,0.283043,550.000000,38.522215
1.000000,-0.370976,0.582731,0.723526,-0.741953,-0.335226,0.580629,550.000000,79.023567
1.000000,-0.074978,1.034937,0.207437,-0.000000,0.866025,0.500000,550.000000,68.050000
1.000000,-0.111455,-0.169417,0.465011,-0.222911,-0.487419,0.844235,550.000000,114.900417
1.000000,-0.110491,0.662476,0.852558,-0.000000,0.866025,0.500000,550.000000,68.050000
1.000000,-0.192219,-0.119183,0.464171,-0.384439,-0.461575,0.799472,550.000000,108.808106
1.000000,-0.034773,1.058534,0.166566,-0.000000,0.866025,0.500000,550.000000,68.050000
1.000000,-0.265137,0.573311,0.820494,-0.530275,-0.423913,0.734239,550.000000,99.929901
1.000000,-0.144289,0.730982,0.733902,-0.000000,0.866025,0.500000,550.000000,68.050000
1.000000,-0.492694,0.697490,0.501035,-0.985387,-0.085165,0.147509,550.000000,20.076037
1.000000,-0.104359,0.774721,0.658144,-0.000000,0.866025,0.500000,550.000000,68.050000
1.000000,-0.147157,-0.062474,0.515710,-0.294314,-0.477854,0.827668,550.000000,112.645615
1.000000,0.295826,0.222104,0.593688,0.591651,-0.403097,0.698185,550.000000,95.022925
1.000000,0.251074,0.106883,0.560991,0.502148,-0.432391,0.748923,550.000000,101.928396
1.000000,-0.337262,0.125114,0.498465,-0.674525,-0.369126,0.639345,550.000000,87.014885
1.000000,-0.399034,0.098546,0.404788,-0.798068,-0.301284,0.521838,550.000000,71.022219
1.000000,-0.086737,0.515208,0.866052,-0.173473,-0.492419,0.852895,550.000000,116.079039
1.000000,-0.051170,1.073472,0.140692,-0.000000,0.866025,0.500000,550.000000,68.050000
1.000000,-0.250174,0.146757,0.584614,-0.500347,-0.432912,0.749826,550.000000,102.051365
1.000000,0.351226,0.019762,0.422328,0.702452,-0.355866,0.616377,550.000000,83.888929
1.000000,-0.250143,0.455858,0.763094,-0.500286,-0.432930,0.749857,550.000000,102.055509
1.000000,0.453749,0.653451,0.619789,0.907499,-0.210028,0.363778,550.000000,49.510241
1.000000,-0.025058,-0.201954,0.460027,-0.050117,-0.499372,0.864937,550.000000,117.717942
1.000000,0.345608,0.230777,0.550460,0.691217,-0.361324,0.625831,550.000000,85.175633
1.000000,0.281262,0.427133,0.723948,0.562524,-0.413391,0.716013,550.000000,97.449427
1.000000,0.263522,-0.048018,0.462931,0.527044,-0.424919,0.735981,550.000000,100.167028
1.000000,0.311541,0.578736,0.785712,0.623082,-0.391078,0.677368,550.000000,92.189747
1.000000,-0.043274,-0.130399,0.499898,-0.086547,-0.498124,0.862776,550.000000,117.423795
1.000000,-0.153302,0.088854,0.600843,-0.306604,-0.475919,0.824315,550.000000,112.189291
1.000000,0.377629,0.599230,0.724377,0.755258,-0.327714,0.567617,550.000000,77.252640
1.000000,-0.197853,0.075596,0.573871,-0.395705,-0.459189,0.795338,550.000000,108.245539
1.000000,-0.221668,0.231700,0.651283,-0.443335,-0.448178,0.776267,550.000000,105.649921
1.000000,0.436803,0.929519,0.390026,-0.000000,0.866025,0.500000,550.000000,68.050000
1.000000,-0.434926,0.181378,0.389532,-0.869853,-0.246656,0.427220,550.000000,58.144686
1.000000,-0.078141,0.001995,0.571408,-0.156282,-0.493856,0.855384,550.000000,116.417771
1.000000,-0.038945,0.879386,0.476858,-0.000000,0.866025,0.500000,550.000000,68.050000
1.000000,-0.026318,0.201912,0.693124,-0.052636,-0.499307,0.864825,550.000000,117.702667
1.000000,-0.068437,0.208085,0.692055,-0.136875,-0.495294,0.857875,550.000000,116.756743
1.000000,-0.114111,0.654021,0.867202,-0.000000,0.866025,0.500000,550.000000,68.050000
1.000000,-0.309421,0.273244,0.611275,-0.618843,-0.392758,0.680276,550.000000,92.585560
1.000000,-0.188954,-0.052314,0.504332,-0.377907,-0.462922,0.801804,550.000000,109.125528
1.000000,0.386634,0.843770,0.538547,-0.000000,0.866025,0.500000,550.000000,68.050000
1.000000,-0.069527,0.988056,0.288637,-0.000000,0.866025,0.500000,550.000000,68.050000
1.000000,-0.128803,1.046823,0.186850,-0.000000,0.866025,0.500000,550.000000,68.050000
1.000000,0.255735,0.952792,0.349716,-0.000000,0.866025,0.500000,550.000000,68.050000
1.000000,-0.386852,-0.065158,0.328159,-0.773704,-0.316774,0.548668,550.000000,74.673692
1.000000,-0.427193,0.005455,0.303162,-0.854387,-0.259819,0.450019,550.000000,61.247638
1.000000,-0.312694,-0.090850,0.398062,-0.625388,-0.390157,0.675772,550.000000,91.972523
1.000000,0.445237,0.611865,0.615975,0.890474,-0.227517,0.394072,550.000000,53.633144
1.000000,-0.280825,-0.004307,0.475198,-0.561650,-0.413687,0.716528,550.000000,97.519402
1.000000,-0.242255,0.166283,0.601061,-0.484510,-0.437393,0.757586,550.000000,103.107515
1.000000,-0.349302,0.137998,0.492772,-0.698603,-0.357755,0.619649,550.000000,84.334240
1.000000,-0.306005,-0.096878,0.400664,-0.612010,-0.395425,0.684896,550.000000,93.214329
1.000000,-0.344097,0.555780,0.739762,-0.688195,-0.362763,0.628324,550.000000,85.514884
1.000000,-0.163040,0.148012,0.631248,-0.326080,-0.472671,0.818690,550.000000,111.423738
1.000000,0.486848,0.119592,0.200599,0.973695,-0.113927,0.197328,550.000000,26.856369
1.000000,-0.172743,0.563888,0.867360,-0.345486,-0.469212,0.812699,550.000000,110.608337
1.000000,-0.425689,0.970849,0.318439,-0.000000,0.866025,0.500000,550.000000,68.050000
1.000000,0.467818,0.086927,0.253973,0.935636,-0.176484,0.305679,550.000000,41.602846
1.000000,0.343729,0.163408,0.513629,0.687457,-0.363112,0.628929,550.000000,85.597232
1.000000,-0.142580,0.410997,0.790668,-0.285160,-0.479240,0.830068,550.000000,112.972264
1.000000,0.458346,0.371140,0.444984,0.916692,-0.199798,0.346059,550.000000,47.098692
1.000000,-0.138371,-0.141044,0.473370,-0.276741,-0.480472,0.832202,550.000000,113.262739
1.000000,-0.179833,0.806919,0.602376,-0.000000,0.866025,0.500000,550.000000,68.050000
1.000000,-0.174837,0.439532,0.794667,-0.349673,-0.468436,0.811355,550.000000,110.425366
1.000000,0.402807,0.406784,0.576902,0.805615,-0.296220,0.513068,550.000000,69.828549
1.000000,-0.170688,0.553783,0.862394,-0.341375,-0.469964,0.814001,550.000000,110.785501
1.000000,-0.298573,0.615387,0.818405,-0.597145,-0.401066,0.694668,550.000000,94.544249
1.000000,-0.277152,0.273026,0.638169,-0.554304,-0.416157,0.720806,550.000000,98.101631
1.000000,-0.032578,-0.090589,0.523822,-0.065156,-0.498938,0.864185,550.000000,117.615603
1.000000,0.273980,0.677749,0.826105,-0.000000,0.866025,0.500000,550.000000,68.050000
1.000000,-0.091769,-0.060841,0.532416,-0.183538,-0.491506,0.851314,550.000000,115.863817
1.000000,-0.039200,0.443736,0.831764,-0.078401,-0.498461,0.863360,550.000000,117.503255
1.000000,0.397149,0.527650,0.655395,0.794299,-0.303764,0.526134,550.000000,71.606835
1.000000,-0.326707,0.353089,0.640910,-0.653414,-0.378500,0.655582,550.000000,89.224687
1.000000,-0.408262,-0.007685,0.328874,-0.816524,-0.288656,0.499966,550.000000,68.045404
1.000000,0.355703,0.692105,0.801239,-0.000000,0.866025,0.500000,550.000000,68.050000
1.000000,0.222597,1.081097,0.127485,-0.000000,0.866025,0.500000,550.000000,68.050000
1.000000,0.298992,-0.132160,0.386448,0.597983,-0.400754,0.694127,550.000000,94.470666
1.000000,0.401194,0.394468,0.572311,0.802387,-0.298402,0.516847,550.000000,70.342892
1.000000,-0.207541,0.809391,0.598093,-0.000000,0.866025,0.500000,550.000000,68.050000
1.000000,-0.326872,0.761129,0.681686,-0.000000,0.866025,0.500000,550.000000,68.050000
1.000000,-0.099682,0.649662,0.874753,-0.000000,0.866025,0.500000,550.000000,68.050000
1.000000,0.385380,0.151680,0.455417,0.770760,-0.318563,0.551766,550.000000,75.095421
1.000000,-0.372085,0.808711,0.599272,-0.000000,0.866025,0.500000,550.000000,68.050000
1.000000,-0.489342,0.222492,0.247026,-0.978685,-0.102685,0.177855,550.000000,24.206095
1.000000,-0.397461,0.171916,0.449542,-0.794921,-0.303356,0.525429,550.000000,71.510830
1.000000,-0.328640,0.684307,0.814745,-0.000000,0.866025,0.500000,550.000000,68.050000
1.000000,0.016935,1.060913,0.162445,-0.000000,0.866025,0.500000,550.000000,68.050000
1.000000,0.353935,0.578943,0.742060,0.707870,-0.353171,0.611711,550.000000,83.253830
1.000000,0.464373,0.884095,0.468702,-0.000000,0.866025,0.500000,550.000000,68.050000
1.000000,0.106494,1.079092,0.130958,-0.000000,0.866025,0.500000,550.000000,68.050000
1.000000,-0.237719,0.825757,0.569747,-0.000000,0.866025,0.500000,550.000000,68.050000
1.000000,0.163146,1.089197,0.113455,-0.000000,0.866025,0.500000,550.000000,68.050000
1.000000,-0.115561,1.076387,0.135643,-0.000000,0.866025,0.500000,550.000000,68.050000
1.000000,0.473641,0.815485,0.587539,-0.000000,0.866025,0.500000,550.000000,68.050000
1.000000,-0.254624,-0.122040,0.426420,-0.509248,-0.430310,0.745319,550.000000,101.437882
1.000000,-0.171047,0.610528,0.895005,-0.342094,-0.469833,0.813775,550.000000,110.754711
1.000000,-0.158334,0.367972,0.760086,-0.316668,-0.474268,0.821457,550.000000,111.800254
1.000000,-0.082100,1.026813,0.221508,-0.000000,0.866025,0.500000,550.000000,68.050000
1.000000,-0.408416,0.066475,0.371439,-0.816832,-0.288438,0.499589,550.000000,67.994035
1.000000,0.401432,0.894692,0.450348,-0.000000,0.866025,0.500000,550.000000,68.050000
1.000000,-0.326094,0.887412,0.462957,-0.000000,0.866025,0.500000,550.000000,68.050000
1.000000,0.345779,0.104521,0.477377,0.691559,-0.361160,0.625548,550.000000,85.137041
1.000000,0.364354,0.273530,0.553306,0.728708,-0.342412,0.593076,550.000000,80.717591
1.000000,-0.432620,-0.094941,0.234644,-0.865240,-0.250679,0.434188,550.000000,59.092999
1.000000,-0.137099,0.505112,0.846849,-0.274197,-0.480837,0.832834,550.000000,113.348661
1.000000,-0.262290,0.713737,0.763771,-0.000000,0.866025,0.500000,550.000000,68.050000
1.000000,0.289346,0.121628,0.541078,0.578692,-0.407773,0.706284,550.000000,96.125205
1.000000,-0.075134,-0.141330,0.489198,-0.150269,-0.494323,0.856192,550.000000,116.527709
1.000000,-0.461348,0.108295,0.285109,-0.922696,-0.192764,0.333878,550.000000,45.440731
1.000000,0.309323,0.700814,0.786155,-0.000000,0.866025,0.500000,550.000000,68.050000
1.000000,0.212776,1.028206,0.219094,-0.000000,0.866025,0.500000,550.000000,68.050000
1.000000,-0.013801,0.397371,0.806552,-0.027602,-0.499809,0.865695,550.000000,117.821148
1.000000,-0.120380,0.203461,0.677836,-0.240759,-0.485292,0.840551,550.000000,114.399007
1.000000,-0.359204,0.397238,0.630963,-0.718408,-0.347811,0.602426,550.000000,81.990196
1.000000,0.133286,1.028277,0.218971,-0.000000,0.866025,0.500000,550.000000,68.050000
1.000000,-0.272225,0.610927,0.836997,-0.544449,-0.419397,0.726417,550.000000,98.865319
1.000000,0.262511,0.365354,0.702313,0.525023,-0.425544,0.737064,550.000000,100.314424
1.000000,-0.032800,0.532538,0.883568,-0.065600,-0.498923,0.864160,550.000000,117.612174
1.000000,-0.440254,0.589978,0.614307,-0.880507,-0.237016,0.410524,550.000000,55.872349
1.000000,0.291157,0.022638,0.482435,0.582314,-0.406482,0.704048,550.000000,95.820889
1.000000,-0.358876,0.279110,0.563152,-0.717753,-0.348149,0.603012,550.000000,82.069899
1.000000,-0.459813,0.030729,0.244521,-0.919626,-0.196397,0.340170,550.000000,46.297090
1.000000,-0.298083,0.995195,0.276271,-0.000000,0.866025,0.500000,550.000000,68.050000
1.000000,-0.363234,-0.042948,0.371959,-0.726468,-0.343600,0.595133,550.000000,80.997573
1.000000,0.047609,1.019699,0.233829,-0.000000,0.866025,0.500000,550.000000,68.050000
1.000000,-0.240134,0.682857,0.817257,-0.000000,0.866025,0.500000,550.000000,68.050000
1.000000,-0.156106,0.575728,0.880887,-0.312213,-0.475006,0.822735,550.000000,111.974197
1.000000,0.036618,1.053926,0.174546,-0.000000,0.866025,0.500000,550.000000,68.050000
1.000000,0.456220,0.543255,0.549906,0.912440,-0.204605,0.354386,550.000000,48.231950
1.000000,-0.145424,0.375787,0.769352,-0.290849,-0.478384,0.828586,550.000000,112.770586
1.000000,-0.289730,0.361921,0.679497,-0.579459,-0.407501,0.705812,550.000000,96.060976
1.000000,-0.057429,0.271885,0.730502,-0.114858,-0.496691,0.860294,550.000000,117.086014
1.000000,-0.435838,0.796692,0.620089,-0.000000,0.866025,0.500000,550.000000,68.050000
1.000000,-0.106800,-0.089230,0.512509,-0.213599,-0.488461,0.846039,550.000000,115.145874
1.000000,-0.051415,0.142891,0.656788,-0.102830,-0.497349,0.861435,550.000000,117.241240
1.000000,-0.057931,0.499487,0.861841,-0.115863,-0.496633,0.860193,550.000000,117.072260
1.000000,-0.316720,0.865102,0.501599,-0.000000,0.866025,0.500000,550.000000,68.050000
1.000000,0.346756,-0.126158,0.343112,0.693513,-0.360222,0.623923,550.000000,84.915935
1.000000,0.477027,0.028516,0.189457,0.954055,-0.149816,0.259489,550.000000,35.316494
1.000000,-0.351479,0.347604,0.611319,-0.702958,-0.355616,0.615944,550.000000,83.830040
1.000000,-0.034200,0.725979,0.742568,-0.000000,0.866025,0.500000,550.000000,68.050000
1.000000,-0.237428,0.256536,0.656216,-0.474856,-0.440032,0.762157,550.000000,103.729614
1.000000,0.435248,-0.018153,0.273677,0.870497,-0.246087,0.426236,550.000000,58.010677
1.000000,0.302169,0.091214,0.512654,0.604337,-0.398364,0.689987,550.000000,93.907280
1.000000,-0.254263,0.508637,0.790787,-0.508526,-0.430523,0.745688,550.000000,101.488164
1.000000,0.325491,0.681247,0.820045,-0.000000,0.866025,0.500000,550.000000,68.050000
1.000000,0.368815,0.559434,0.712820,0.737630,-0.337603,0.584745,550.000000,79.583810
1.000000,-0.120336,0.793815,0.625072,-0.000000,0.866025,0.500000,550.000000,68.050000
1.000000,0.394216,-0.063105,0.318707,0.788433,-0.307561,0.532711,550.000000,72.501899
1.000000,0.117394,1.021881,0.230050,-0.000000,0.866025,0.500000,550.000000,68.050000
1.000000,-0.133990,0.632007,0.905332,-0.000000,0.866025,0.500000,550.000000,68.050000
1.000000,-0.347593,0.904434,0.433475,-0.000000,0.866025,0.500000,550.000000,68.050000
1.000000,-0.413272,0.901465,0.438616,-0.000000,0.866025,0.500000,550.000000,68.050000
1.000000,-0.033987,0.529664,0.881817,-0.067974,-0.498844,0.864022,550.000000,117.593442
1.000000,-0.464089,0.370379,0.428691,-0.928178,-0.186068,0.322279,550.000000,43.862235
1.000000,-0.135188,0.832137,0.558697,-0.000000,0.866025,0.500000,550.000000,68.050000
1.000000,-0.168545,0.337634,0.738493,-0.337089,-0.470736,0.815339,550.000000,110.967676
1.000000,-0.426318,0.899017,0.442856,-0.000000,0.866025,0.500000,550.000000,68.050000
1.000000,-0.059837,0.598544,0.918770,-0.119673,-0.496407,0.859802,550.000000,117.018991
1.000000,-0.033301,0.831326,0.560101,-0.000000,0.866025,0.500000,550.000000,68.050000
1.000000,0.408205,-0.062897,0.297090,0.816410,-0.288736,0.500106,550.000000,68.064368
1.000000,-0.116799,0.552645,0.880447,-0.233599,-0.486167,0.842065,550.000000,114.605067
1.000000,0.373699,0.225139,0.513563,0.747397,-0.332189,0.575368,550.000000,78.307569
1.000000,-0.375022,0.253614,0.528276,-0.750045,-0.330694,0.572778,550.000000,77.955098
1.000000,-0.264940,0.972064,0.316335,-0.000000,0.866025,0.500000,550.000000,68.050000
1.000000,-0.215387,0.769825,0.666624,-0.000000,0.866025,0.500000,550.000000,68.050000
1.000000,-0.409254,0.201867,0.448234,-0.818507,-0.287248,0.497528,550.000000,67.713623
1.000000,0.463259,0.820238,0.579307,-0.000000,0.866025,0.500000,550.000000,68.050000
1.000000,-0.321235,0.105678,0.503443,-0.642470,-0.383155,0.663645,550.000000,90.322051
1.000000,0.348799,0.342580,0.611454,0.697599,-0.358244,0.620497,550.000000,84.449688
1.000000,-0.268566,0.128236,0.561031,-0.537131,-0.421749,0.730491,550.000000,99.419863
1.000000,-0.229129,0.594561,0.856430,-0.458258,-0.444410,0.769740,550.000000,104.761623
1.000000,-0.390071,0.736774,0.723870,-0.000000,0.866025,0.500000,550.000000,68.050000
1.000000,-0.160952,1.002851,0.263012,-0.000000,0.866025,0.500000,550.000000,68.050000
1.000000,-0.314277,-0.153473,0.360436,-0.628554,-0.388883,0.673565,550.000000,91.672201
1.000000,0.410590,0.363710,0.539465,0.821179,-0.285335,0.494215,550.000000,67.262645
1.000000,-0.025562,1.077405,0.133880,-0.000000,0.866025,0.500000,550.000000,68.050000
1.000000,-0.019594,0.180163,0.680924,-0.039188,-0.499616,0.865360,550.000000,117.775519
1.000000,-0.027602,0.591085,0.917733,-0.055204,-0.499238,0.864705,550.000000,117.686321
1.000000,-0.330877,-0.143043,0.350266,-0.661754,-0.374860,0.649277,550.000000,88.366635
1.000000,-0.075626,0.162883,0.664748,-0.151252,-0.494248,0.856062,550.000000,116.510028
1.000000,-0.024385,0.015703,0.585729,-0.048770,-0.499405,0.864995,550.000000,117.725798
1.000000,-0.472648,0.173111,0.288284,-0.945297,-0.163106,0.282507,550.000000,38.449250
1.000000,-0.251351,0.996062,0.274771,-0.000000,0.866025,0.500000,550.000000,68.050000
1.000000,-0.188613,0.729580,0.736330,-0.000000,0.866025,0.500000,550.000000,68.050000
1.000000,-0.156412,0.120847,0.618145,-0.312825,-0.474905,0.822560,550.000000,111.950460
1.000000,-0.466129,0.931053,0.387368,-0.000000,0.866025,0.500000,550.000000,68.050000
1.000000,-0.004951,-0.220975,0.449742,-0.009901,-0.499975,0.865983,550.000000,117.860280
1.000000,-0.236328,0.226898,0.639788,-0.472656,-0.440624,0.763182,550.000000,103.869134
1.000000,0.313635,0.552021,0.768351,0.627269,-0.389401,0.674463,550.000000,91.794399
1.000000,-0.412586,-0.050000,0.297266,-0.825173,-0.282440,0.489201,550.000000,66.580268
1.000000,-0.047612,0.636301,0.897895,-0.000000,0.866025,0.500000,550.000000,68.050000
1.000000,0.494520,0.454006,0.347361,0.989041,-0.073821,0.127861,550.000000,17.401880
1.000000,0.374179,0.221895,0.511065,0.748358,-0.331648,0.574431,550.000000,78.180033
1.000000,-0.317732,0.147887,0.531172,-0.635464,-0.386065,0.668685,550.000000,91.008004
1.000000,-0.027684,0.344301,0.775247,-0.055367,-0.499233,0.864697,550.000000,117.685256
1.000000,-0.193285,-0.216227,0.407628,-0.386571,-0.461130,0.798700,550.000000,108.703128
1.000000,0.437150,0.176196,0.381964,0.874300,-0.242693,0.420356,550.000000,57.210476
1.000000,0.391594,0.163744,0.453525,0.783188,-0.310892,0.538481,550.000000,73.287308
1.000000,-0.395068,0.442954,0.609615,-0.790137,-0.306465,0.530813,550.000000,72.243685
1.000000,-0.347427,0.174772,0.516107,-0.694854,-0.359575,0.622803,550.000000,84.763465
1.000000,-0.332437,0.732821,0.730717,-0.000000,0.866025,0.500000,550.000000,68.050000
1.000000,0.378051,0.111601,0.442282,0.756101,-0.327227,0.566774,550.000000,77.137971
1.000000,-0.080868,-0.113623,0.504148,-0.161736,-0.493417,0.854623,550.000000,116.314242
1.000000,-0.260456,-0.168720,0.395422,-0.520912,-0.426805,0.739248,550.000000,100.611705
1.000000,-0.255778,0.303838,0.671509,-0.511556,-0.429625,0.744132,550.000000,101.276394
1.000000,-0.444452,0.943864,0.365180,-0.000000,0.866025,0.500000,550.000000,68.050000
1.000000,-0.055633,-0.007605,0.569374,-0.111266,-0.496895,0.860648,550.000000,117.134193
1.000000,-0.409192,0.186562,0.439498,-0.818385,-0.287335,0.497680,550.000000,67.734182
1.000000,-0.331142,0.139635,0.513200,-0.662283,-0.374627,0.648872,550.000000,88.311546
1.000000,0.415525,0.436233,0.572981,0.831049,-0.278100,0.481683,550.000000,65.557008
1.000000,-0.117067,0.584231,0.898608,-0.234135,-0.486102,0.841954,550.000000,114.589877
1.000000,-0.138419,0.218321,0.680833,-0.276837,-0.480458,0.832178,550.000000,113.259475
1.000000,0.252004,0.874631,0.485095,-0.000000,0.866025,0.500000,550.000000,68.050000
1.000000,-0.486671,0.445937,0.389881,-0.973343,-0.114678,0.198628,550.000000,27.033287
1.000000,-0.354491,0.772887,0.661321,-0.000000,0.866025,0.500000,550.000000,68.050000
1.000000,-0.234585,0.239111,0.647913,-0.469171,-0.441554,0.764793,550.000000,104.088393
1.000000,-0.388400,0.264902,0.516526,-0.776801,-0.314873,0.545376,550.000000,74.225725
1.000000,-0.122127,0.152977,0.648184,-0.244254,-0.484856,0.839795,550.000000,114.296060
1.000000,-0.014289,-0.158050,0.485864,-0.028578,-0.499796,0.865672,550.000000,117.817918
1.000000,0.304440,-0.147417,0.372879,0.608880,-0.396631,0.686985,550.000000,93.498702
1.000000,-0.219638,0.058497,0.552437,-0.439276,-0.449176,0.777996,550.000000,105.885251
1.000000,-0.096815,-0.226315,0.435761,-0.193631,-0.490537,0.849635,550.000000,115.635382
1.000000,-0.106458,0.330211,0.754759,-0.212916,-0.488535,0.846168,550.000000,115.163445
1.000000,-0.245270,0.783607,0.642753,-0.000000,0.866025,0.500000,550.000000,68.050000
1.000000,-0.161082,0.899058,0.442786,-0.000000,0.866025,0.500000,550.000000,68.050000
1.000000,0.168748,1.045410,0.189296,-0.000000,0.866025,0.500000,550.000000,68.050000
1.000000,0.394718,0.907857,0.427545,-0.000000,0.866025,0.500000,550.000000,68.050000
1.000000,-0.279219,-0.165031,0.383659,-0.558437,-0.414773,0.718408,550.000000,97.775392
1.000000,0.317204,0.828208,0.565502,-0.000000,0.866025,0.500000,550.000000,68.050000
1.000000,0.429685,0.119679,0.364328,0.859369,-0.255678,0.442847,550.000000,60.271456
1.000000,-0.032103,0.781142,0.647022,-0.000000,0.866025,0.500000,550.000000,68.050000
1.000000,-0.038678,-0.162034,0.482070,-0.077357,-0.498502,0.863430,550.000000,117.512870
1.000000,0.336197,0.271715,0.584225,0.672395,-0.370096,0.641026,550.000000,87.243597
1.000000,0.498037,0.688294,0.448496,0.996074,-0.044262,0.076664,550.000000,10.433921
1.000000,-0.163058,0.068518,0.585345,-0.326117,-0.472665,0.818679,550.000000,111.422263
1.000000,-0.470606,0.224335,0.324558,-0.941212,-0.168908,0.292558,550.000000,39.817130
1.000000,-0.418233,0.627296,0.678568,-0.836467,-0.274009,0.474597,550.000000,64.592671
1.000000,-0.350914,0.677285,0.802304,-0.701829,-0.356173,0.616909,550.000000,83.961356
1.000000,-0.329511,0.017306,0.444230,-0.659023,-0.376061,0.651358,550.000000,88.649767
1.000000,-0.446208,0.371662,0.475087,-0.892416,-0.225607,0.390762,550.000000,53.182698
1.000000,-0.219311,0.431304,0.767862,-0.438622,-0.449336,0.778272,550.000000,105.922862
1.000000,-0.068267,0.523283,0.874061,-0.136534,-0.495318,0.857915,550.000000,116.762291
1.000000,-0.206717,-0.102473,0.466534,-0.413435,-0.455267,0.788545,550.000000,107.321030
1.000000,-0.303246,0.187129,0.567084,-0.606492,-0.397545,0.688568,550.000000,93.714045
1.000000,-0.065890,0.668987,0.841281,-0.000000,0.866025,0.500000,550.000000,68.050000
1.000000,-0.060239,-0.092165,0.519933,-0.120478,-0.496358,0.859717,550.000000,117.007518
1.000000,-0.037349,-0.204542,0.457645,-0.074699,-0.498603,0.863606,550.000000,117.536759
1.000000,-0.115506,0.535732,0.871039,-0.231011,-0.486476,0.842600,550.000000,114.677906
1.000000,-0.195012,0.309816,0.710499,-0.390025,-0.460402,0.797440,550.000000,108.531586
1.000000,-0.257594,0.201002,0.610883,-0.515188,-0.428539,0.742251,550.000000,101.020323
1.000000,-0.121400,0.035539,0.580592,-0.242800,-0.485038,0.840111,550.000000,114.339081
1.000000,0.301288,0.532071,0.767952,0.602576,-0.399031,0.691141,550.000000,94.064321
1.000000,0.451124,0.537210,0.559122,0.902248,-0.215609,0.373445,550.000000,50.825891
1.000000,-0.396509,-0.016082,0.342435,-0.793019,-0.304598,0.527580,550.000000,71.803645
1.000000,-0.405360,0.438599,0.591226,-0.810720,-0.292717,0.507001,550.000000,69.002878
1.000000,-0.307136,0.604939,0.804845,-0.614272,-0.394547,0.683375,550.000000,93.007397
1.000000,-0.355695,0.769338,0.667468,-0.000000,0.866025,0.500000,550.000000,68.050000
1.000000,-0.026029,0.896702,0.446866,-0.000000,0.866025,0.500000,550.000000,68.050000
1.000000,-0.432393,-0.089270,0.238372,-0.864785,-0.251071,0.434868,550.000000,59.185476
1.000000,0.432477,0.942556,0.367445,-0.000000,0.866025,0.500000,550.000000,68.050000
1.000000,0.447043,0.415151,0.498280,0.894086,-0.223948,0.387889,550.000000,52.791674
1.000000,-0.062648,0.041589,0.596812,-0.125296,-0.496060,0.859201,550.000000,116.937199
1.000000,-0.070657,0.125248,0.643869,-0.141313,-0.494982,0.857335,550.000000,116.683266
1.000000,-0.200552,0.553529,0.848452,-0.401104,-0.458016,0.793308,550.000000,107.969164
1.000000,-0.168425,0.318540,0.727518,-0.336850,-0.470779,0.815413,550.000000,110.977752
1.000000,-0.463466,0.647737,0.590610,-0.926932,-0.187615,0.324958,550.000000,44.226799
1.000000,-0.229962,0.839748,0.545513,-0.000000,0.866025,0.500000,550.000000,68.050000
1.000000,-0.272524,0.952033,0.351031,-0.000000,0.866025,0.500000,550.000000,68.050000
1.000000,0.409326,0.777547,0.653249,-0.000000,0.866025,0.500000,550.000000,68.050000
1.000000,-0.006870,0.204362,0.695284,-0.013740,-0.499953,0.865944,550.000000,117.854931
1.000000,-0.315399,-0.059203,0.413813,-0.630798,-0.387974,0.671990,550.000000,91.457862
1.000000,-0.421857,-0.054122,0.278671,-0.843714,-0.268397,0.464877,550.000000,63.269705
1.000000,-0.201587,0.340564,0.724972,-0.403174,-0.457562,0.792520,550.000000,107.861990
1.000000,0.253347,0.273748,0.655797,0.506694,-0.431063,0.746623,550.000000,101.615380
1.000000,-0.079315,0.970813,0.318502,-0.000000,0.866025,0.500000,550.000000,68.050000
1.000000,0.320522,0.197698,0.557259,0.641045,-0.383752,0.664678,550.000000,90.462617
1.000000,0.421634,0.610392,0.662731,0.843269,-0.268746,0.465482,550.000000,63.352044
1.000000,0.302339,1.056646,0.169835,-0.000000,0.866025,0.500000,550.000000,68.050000
1.000000,-0.250385,0.411453,0.737296,-0.500770,-0.432790,0.749615,550.000000,102.022578
1.000000,-0.434049,0.716290,0.700143,-0.868098,-0.248197,0.429889,550.000000,58.507909
1.000000,-0.386282,0.541635,0.679294,-0.772564,-0.317468,0.549871,550.000000,74.837450
1.000000,0.496154,0.159587,0.163612,0.992308,-0.061898,0.107211,550.000000,14.591462
1.000000,-0.216190,0.102004,0.579484,-0.432380,-0.450846,0.780888,550.000000,106.278838
1.000000,-0.306964,0.108426,0.518338,-0.613929,-0.394681,0.683607,550.000000,93.038905
1.000000,-0.480078,0.193560,0.273101,-0.960156,-0.139732,0.242023,550.000000,32.939389
1.000000,-0.363016,0.172444,0.496581,-0.726032,-0.343830,0.595531,550.000000,81.051825
1.000000,0.250692,-0.153634,0.410837,0.501385,-0.432612,0.749306,550.000000,101.980585
1.000000,0.274193,0.293920,0.652490,0.548385,-0.418113,0.724193,550.000000,98.562654
1.000000,-0.097506,1.106997,0.082625,-0.000000,0.866025,0.500000,550.000000,68.050000
1.000000,-0.360603,1.010268,0.250165,-0.000000,0.866025,0.500000,550.000000,68.050000
1.000000,-0.441409,0.921208,0.404420,-0.000000,0.866025,0.500000,550.000000,68.050000
1.000000,0.042147,1.072637,0.142137,-0.000000,0.866025,0.500000,550.000000,68.050000
1.000000,-0.093398,0.518696,0.866657,-0.186796,-0.491199,0.850782,550.000000,115.791455
1.000000,-0.403234,0.338983,0.537087,-0.806468,-0.295639,0.512062,550.000000,69.691620
1.000000,-0.201887,0.388589,0.752545,-0.403775,-0.457429,0.792291,550.000000,107.830748
1.000000,-0.231777,-0.178074,0.408761,-0.463554,-0.443034,0.767358,550.000000,104.437432
1.000000,-0.090281,0.782910,0.643960,-0.000000,0.866025,0.500000,550.000000,68.050000
1.000000,-0.106594,0.641635,0.888656,-0.000000,0.866025,0.500000,550.000000,68.050000
1.000000,-0.060846,-0.165248,0.477654,-0.121693,-0.496284,0.859589,550.000000,116.990053
1.000000,-0.145742,0.452986,0.813811,-0.291484,-0.478288,0.828419,550.000000,112.747814
1.000000,-0.242144,0.701417,0.785110,-0.000000,0.866025,0.500000,550.000000,68.050000
1.000000,-0.320751,0.902114,0.437493,-0.000000,0.866025,0.500000,550.000000,68.050000
1.000000,0.455315,-0.085079,0.189454,0.910630,-0.206612,0.357862,550.000000,48.705053
1.000000,-0.240102,0.892466,0.454203,-0.000000,0.866025,0.500000,550.000000,68.050000
1.000000,-0.113305,1.077503,0.133710,-0.000000,0.866025,0.500000,550.000000,68.050000
1.000000,0.499296,0.009686,0.036226,0.998591,-0.026529,0.045950,550.000000,6.253822
1.000000,0.338188,0.934473,0.381445,-0.000000,0.866025,0.500000,550.000000,68.050000
1.000000,0.450503,0.224125,0.379857,0.901006,-0.216903,0.375688,550.000000,51.131078
1.000000,-0.290228,0.841564,0.542369,-0.000000,0.866025,0.500000,550.000000,68.050000
1.000000,-0.339402,0.880447,0.475021,-0.000000,0.866025,0.500000,550.000000,68.050000
1.000000,-0.340665,0.989499,0.286138,-0.000000,0.866025,0.500000,550.000000,68.050000
1.000000,0.362107,0.099785,0.455738,0.724213,-0.344788,0.597191,550.000000,81.277628
1.000000,-0.273412,0.543403,0.797119,-0.546824,-0.418624,0.725078,550.000000,98.683052
1.000000,-0.093046,0.887969,0.461992,-0.000000,0.866025,0.500000,550.000000,68.050000
1.000000,-0.081137,0.995637,0.275506,-0.000000,0.866025,0.500000,550.000000,68.050000
1.000000,0.394700,0.455333,0.617310,0.789400,-0.306939,0.531635,550.000000,72.355488
1.000000,-0.167861,0.837385,0.549607,-0.000000,0.866025,0.500000,550.000000,68.050000
1.000000,0.388257,0.763135,0.678212,-0.000000,0.866025,0.500000,550.000000,68.050000
1.000000,0.416865,0.751927,0.697625,-0.000000,0.866025,0.500000,550.000000,68.050000
1.000000,-0.159505,0.635158,0.899874,-0.000000,0.866025,0.500000,550.000000,68.050000
1.000000,-0.011150,-0.178208,0.474318,-0.022300,-0.499876,0.865810,550.000000,117.836747
1.000000,0.276938,1.003724,0.261498,-0.000000,0.866025,0.500000,550.000000,68.050000
1.000000,-0.121872,-0.103214,0.500346,-0.243743,-0.484920,0.839906,550.000000,114.311198
1.000000,0.264968,-0.085202,0.440423,0.529937,-0.424019,0.734422,550.000000,99.954781
1.000000,-0.233410,0.053833,0.541662,-0.466820,-0.442176,0.765872,550.000000,104.235155
1.000000,-0.459998,0.135959,0.304774,-0.919997,-0.195963,0.339418,550.000000,46.194742
1.000000,-0.412139,-0.020478,0.315065,-0.824277,-0.283093,0.490331,550.000000,66.734115
1.000000,-0.244792,0.719001,0.754653,-0.000000,0.866025,0.500000,550.000000,68.050000
1.000000,-0.491252,0.579752,0.442245,-0.982504,-0.093119,0.161288,550.000000,21.951250
1.000000,-0.032295,-0.044706,0.550334,-0.064591,-0.498956,0.864217,550.000000,117.619934
1.000000,-0.377252,-0.152918,0.290625,-0.754504,-0.328147,0.568368,550.000000,77.354892
1.000000,-0.382848,0.842202,0.541264,-0.000000,0.866025,0.500000,550.000000,68.050000
1.000000,-0.394972,0.980652,0.301462,-0.000000,0.866025,0.500000,550.000000,68.050000
1.000000,0.346929,-0.105667,0.354750,0.693859,-0.360056,0.623635,550.000000,84.876677
1.000000,-0.185192,0.984824,0.294235,-0.000000,0.866025,0.500000,550.000000,68.050000
1.000000,0.397006,0.606763,0.701288,0.794012,-0.303951,0.526459,550.000000,71.651091
1.000000,-0.144549,0.472973,0.825769,-0.289098,-0.478650,0.829046,550.000000,112.833124
1.000000,0.474822,0.633277,0.546523,0.949645,-0.156664,0.271351,550.000000,36.930822
1.000000,-0.413969,0.771939,0.662962,-0.000000,0.866025,0.500000,550.000000,68.050000
1.000000,-0.016739,0.461815,0.843656,-0.033479,-0.499720,0.865540,550.000000,117.799984
1.000000,-0.047430,-0.050773,0.545433,-0.094861,-0.497745,0.862120,550.000000,117.334547
1.000000,0.344593,0.017951,0.428703,0.689187,-0.362292,0.627508,550.000000,85.403854
1.000000,-0.378867,0.626591,0.738520,-0.757735,-0.326281,0.565136,550.000000,76.915000
1.000000,-0.237738,0.776380,0.655271,-0.000000,0.866025,0.500000,550.000000,68.050000
1.000000,0.340831,0.272484,0.579747,0.681661,-0.365834,0.633643,550.000000,86.238827
1.000000,-0.293525,0.716381,0.759192,-0.000000,0.866025,0.500000,550.000000,68.050000
1.000000,-0.007787,0.457772,0.841575,-0.015573,-0.499939,0.865920,550.000000,117.851764
1.000000,0.074070,1.011879,0.247374,-0.000000,0.866025,0.500000,550.000000,68.050000
1.000000,-0.449855,0.303297,0.427114,-0.899711,-0.218243,0.378008,550.000000,51.446926
1.000000,0.287646,0.164345,0.567127,0.575291,-0.408974,0.708364,550.000000,96.408377
1.000000,-0.165039,-0.026093,0.529927,-0.330079,-0.471977,0.817488,550.000000,111.260060
1.000000,0.265097,0.571371,0.819403,0.530193,-0.423938,0.734283,550.000000,99.935894
1.000000,-0.182895,0.401142,0.768938,-0.365790,-0.465349,0.806008,550.000000,109.697650
1.000000,-0.289617,0.037533,0.492303,-0.579235,-0.407580,0.705950,550.000000,96.079777
1.000000,0.033150,1.109048,0.079072,-0.000000,0.866025,0.500000,550.000000,68.050000
1.000000,-0.086278,1.080433,0.128636,-0.000000,0.866025,0.500000,550.000000,68.050000
1.000000,0.394368,0.975946,0.309611,-0.000000,0.866025,0.500000,550.000000,68.050000
1.000000,-0.018337,0.367702,0.789254,-0.036673,-0.499664,0.865443,550.000000,117.786770
1.000000,-0.214790,0.653244,0.868548,-0.000000,0.866025,0.500000,550.000000,68.050000
1.000000,-0.011838,0.453806,0.839194,-0.023677,-0.499860,0.865783,550.000000,117.833016
1.000000,-0.434103,0.977632,0.306691,-0.000000,0.866025,0.500000,550.000000,68.050000
1.000000,0.414577,0.311381,0.502527,0.829154,-0.279510,0.484126,550.000000,65.889577
1.000000,-0.368137,-0.053638,0.359716,-0.736273,-0.338342,0.586026,550.000000,79.758091
1.000000,0.351378,0.037327,0.432296,0.702755,-0.355716,0.616118,550.000000,83.853659
1.000000,0.430874,0.901616,0.438355,-0.000000,0.866025,0.500000,550.000000,68.050000
1.000000,-0.431528,0.172667,0.391315,-0.863055,-0.252555,0.437438,550.000000,59.535284
1.000000,0.380609,0.251013,0.519332,0.761217,-0.324249,0.561615,550.000000,76.435813
1.000000,0.295880,0.836919,0.550414,-0.000000,0.866025,0.500000,550.000000,68.050000
1.000000,-0.266395,0.526337,0.792462,-0.532789,-0.423124,0.732872,550.000000,99.743915
1.000000,0.423843,0.729302,0.727346,0.847686,-0.265249,0.459425,550.000000,62.527689
1.000000,0.311480,0.006431,0.455348,0.622960,-0.391127,0.677452,550.000000,92.201199
1.000000,-0.463514,0.664127,0.599935,-0.927028,-0.187496,0.324752,550.000000,44.198784
1.000000,0.375188,0.724163,0.745713,-0.000000,0.866025,0.500000,550.000000,68.050000
1.000000,0.413851,0.722023,0.740850,0.827703,-0.280583,0.485985,550.000000,66.142503
1.000000,-0.201481,0.204402,0.646412,-0.402963,-0.457608,0.792601,550.000000,107.872947
1.000000,-0.450812,0.859075,0.512039,-0.000000,0.866025,0.500000,550.000000,68.050000
1.000000,0.282645,0.687807,0.808683,-0.000000,0.866025,0.500000,550.000000,68.050000
1.000000,-0.381220,0.325254,0.561365,-0.762441,-0.323529,0.560369,550.000000,76.266193
1.000000,-0.067744,0.300382,0.745452,-0.135489,-0.495389,0.858040,550.000000,116.779202
1.000000,0.357959,0.050989,0.432536,0.715917,-0.349093,0.604646,550.000000,82.292356
1.000000,-0.469773,0.744015,0.627256,-0.939545,-0.171212,0.296548,550.000000,40.360243
1.000000,-0.258916,0.341202,0.690906,-0.517831,-0.427741,0.740870,550.000000,100.832393
1.000000,-0.035777,1.087406,0.116557,-0.000000,0.866025,0.500000,550.000000,68.050000
1.000000,-0.174576,-0.139389,0.460539,-0.349152,-0.468533,0.811523,550.000000,110.448301
1.000000,-0.060242,0.179119,0.676559,-0.120484,-0.496358,0.859717,550.000000,117.007436
1.000000,-0.269979,0.621897,0.845004,-0.539957,-0.420846,0.728927,550.000000,99.206957
1.000000,-0.296909,0.079464,0.510414,-0.593818,-0.402300,0.696803,550.000000,94.834943
1.000000,-0.003780,1.095053,0.103312,-0.000000,0.866025,0.500000,550.000000,68.050000
1.000000,0.365569,0.407587,0.629206,0.731138,-0.341115,0.590829,550.000000,80.411772
1.000000,-0.309437,0.494807,0.739181,-0.618873,-0.392746,0.680255,550.000000,92.582728
1.000000,0.457082,-0.042052,0.209747,0.914165,-0.202672,0.351038,550.000000,47.776223
1.000000,-0.442492,0.948286,0.357521,-0.000000,0.866025,0.500000,550.000000,68.050000
1.000000,-0.410139,0.244786,0.471552,-0.820278,-0.285983,0.495337,550.000000,67.415298
1.000000,-0.440371,0.797277,0.619075,-0.000000,0.866025,0.500000,550.000000,68.050000
1.000000,-0.040136,0.787729,0.635613,-0.000000,0.866025,0.500000,550.000000,68.050000
1.000000,-0.238269,0.559461,0.830585,-0.476539,-0.439577,0.761369,550.000000,103.622343
1.000000,-0.412593,0.873951,0.486272,-0.000000,0.866025,0.500000,550.000000,68.050000
1.000000,-0.224075,0.490582,0.799365,-0.448150,-0.446979,0.774191,550.000000,105.367356
1.000000,-0.462072,0.397129,0.449857,-0.924143,-0.191023,0.330862,550.000000,45.030329
1.000000,0.091086,1.105208,0.085723,-0.000000,0.866025,0.500000,550.000000,68.050000
1.000000,0.441396,0.769478,0.667225,-0.000000,0.866025,0.500000,550.000000,68.050000
1.000000,-0.495831,0.625782,0.435695,-0.991662,-0.064432,0.111599,550.000000,15.188657
1.000000,-0.200604,0.726307,0.741999,-0.000000,0.866025,0.500000,550.000000,68.050000
1.000000,-0.454243,0.604220,0.590131,-0.908485,-0.208958,0.361926,550.000000,49.258178
1.000000,0.267876,0.773044,0.661048,-0.000000,0.866025,0.500000,550.000000,68.050000
1.000000,0.365787,0.385187,0.616004,0.731574,-0.340881,0.590423,550.000000,80.356628
1.000000,-0.003506,0.309493,0.756022,-0.007011,-0.499988,0.866004,550.000000,117.863160
1.000000,-0.336588,0.337316,0.621690,-0.673176,-0.369741,0.640410,550.000000,87.159858
1.000000,-0.287520,0.529200,0.777879,-0.575040,-0.409062,0.708517,550.000000,96.429163
1.000000,0.403386,0.552430,0.660080,0.806773,-0.295431,0.511701,550.000000,69.642563
1.000000,-0.395221,0.040949,0.377289,-0.790443,-0.306268,0.530471,550.000000,72.197160
1.000000,-0.060717,-0.128578,0.498843,-0.121433,-0.496300,0.859616,550.000000,116.993803
1.000000,-0.389388,0.685914,0.758186,-0.778776,-0.313651,0.543259,550.000000,73.937614
1.000000,-0.394920,-0.113048,0.288828,-0.789840,-0.306657,0.531145,550.000000,72.288832
1.000000,0.395431,0.417341,0.594287,0.790862,-0.305997,0.530003,550.000000,72.133419
1.000000,0.474095,0.584192,0.520711,0.948189,-0.158853,0.275142,550.000000,37.446791
1.000000,-0.131961,-0.182330,0.451612,-0.263921,-0.482272,0.835320,550.000000,113.687033
1.000000,-0.305262,0.010358,0.463241,-0.610523,-0.395999,0.685891,550.000000,93.349715
1.000000,0.409553,0.309393,0.509820,0.819106,-0.286821,0.496789,550.000000,67.612954
1.000000,0.462600,0.341771,0.416415,0.925199,-0.189741,0.328640,550.000000,44.727959
1.000000,-0.429927,-0.007649,0.290345,-0.859853,-0.255271,0.442142,550.000000,60.175476
1.000000,0.297696,-0.194299,0.351685,0.595393,-0.401717,0.695795,550.000000,94.697710
1.000000,-0.164243,-0.084511,0.496520,-0.328486,-0.472254,0.817969,550.000000,111.325551
1.000000,0.431091,0.316839,0.475412,0.862181,-0.253300,0.438728,550.000000,59.710891
1.000000,0.373678,0.623643,0.743667,0.747355,-0.332212,0.575409,550.000000,78.313139
1.000000,-0.343269,0.580585,0.754988,-0.686538,-0.363547,0.629681,550.000000,85.699646
1.000000,-0.166373,0.125652,0.616996,-0.332746,-0.471508,0.816676,550.000000,111.149643
1.000000,0.224533,1.021832,0.230136,-0.000000,0.866025,0.500000,550.000000,68.050000
1.000000,0.256485,0.843323,0.539322,-0.000000,0.866025,0.500000,550.000000,68.050000
1.000000,-0.128766,0.306133,0.734622,-0.257531,-0.483135,0.836814,550.000000,113.890426
1.000000,0.074654,1.077284,0.134089,-0.000000,0.866025,0.500000,550.000000,68.050000
1.000000,0.272052,0.088633,0.535579,0.544104,-0.419509,0.726611,550.000000,98.891698
1.000000,-0.371828,0.748536,0.703498,-0.000000,0.866025,0.500000,550.000000,68.050000
1.000000,-0.341784,0.822677,0.575082,-0.000000,0.866025,0.500000,550.000000,68.050000
1.000000,-0.339869,0.770629,0.665231,-0.000000,0.866025,0.500000,550.000000,68.050000
1.000000,0.379250,0.113258,0.441633,0.758501,-0.325836,0.564365,550.000000,76.810044
1.000000,-0.335052,-0.174106,0.328028,-0.670104,-0.371134,0.642822,550.000000,87.488093
1.000000,-0.374586,0.996870,0.273371,-0.000000,0.866025,0.500000,550.000000,68.050000
1.000000,0.414538,-0.072751,0.280814,0.829077,-0.279567,0.484225,550.000000,65.903003
1.000000,-0.290837,-0.056706,0.436890,-0.581675,-0.406711,0.704444,550.000000,95.874773
1.000000,0.388014,0.642905,0.735315,0.776028,-0.315349,0.546201,550.000000,74.337992
1.000000,-0.046836,0.462307,0.841725,-0.093671,-0.497802,0.862218,550.000000,117.347822
1.000000,0.237008,1.036989,0.203882,-0.000000,0.866025,0.500000,550.000000,68.050000
1.000000,0.359587,0.914479,0.416075,-0.000000,0.866025,0.500000,550.000000,68.050000
1.000000,-0.374718,0.668197,0.768034,-0.749436,-0.331038,0.573375,550.000000,78.036400
1.000000,-0.173970,0.545554,0.856251,-0.347940,-0.468758,0.811914,550.000000,110.501428
1.000000,0.367761,1.014782,0.242345,-0.000000,0.866025,0.500000,550.000000,68.050000
1.000000,-0.024714,0.544855,0.891217,-0.049428,-0.499389,0.864967,550.000000,117.721986
1.000000,0.107907,1.017427,0.237764,-0.000000,0.866025,0.500000,550.000000,68.050000
1.000000,-0.473506,0.531797,0.492475,-0.947013,-0.160598,0.278163,550.000000,37.858034
1.000000,0.223528,1.034091,0.208902,-0.000000,0.866025,0.500000,550.000000,68.050000
1.000000,-0.144408,0.081540,0.599823,-0.288817,-0.478692,0.829119,550.000000,112.843122
1.000000,0.362820,0.440492,0.651578,0.725641,-0.344037,0.595889,550.000000,81.100555
1.000000,0.321635,0.077789,0.486953,0.643270,-0.382820,0.663063,550.000000,90.242897
1.000000,0.257919,0.309152,0.673097,0.515839,-0.428343,0.741912,550.000000,100.974180
1.000000,0.317625,0.938468,0.374525,-0.000000,0.866025,0.500000,550.000000,68.050000
1.000000,0.427853,0.002563,0.300238,0.855705,-0.258732,0.448137,550.000000,60.991417
1.000000,-0.438364,0.931185,0.387140,-0.000000,0.866025,0.500000,550.000000,68.050000
1.000000,-0.213606,0.930383,0.388530,-0.000000,0.866025,0.500000,550.000000,68.050000
1.000000,-0.143756,0.129902,0.627972,-0.287511,-0.478889,0.829459,550.000000,112.889434
1.000000,-0.309359,0.150143,0.540259,-0.618717,-0.392807,0.680362,550.000000,92.597203
1.000000,-0.436076,0.622780,0.642023,-0.872151,-0.244618,0.423691,550.000000,57.664315
1.000000,0.136876,1.018187,0.236448,-0.000000,0.866025,0.500000,550.000000,68.050000
1.000000,-0.429151,0.284327,0.460421,-0.858302,-0.256573,0.444397,550.000000,60.482436
1.000000,-0.146930,0.893245,0.452855,-0.000000,0.866025,0.500000,550.000000,68.050000
1.000000,-0.069137,0.673090,0.834173,-0.000000,0.866025,0.500000,550.000000,68.050000
1.000000,-0.106544,-0.065811,0.526095,-0.213087,-0.488517,0.846136,550.000000,115.159054
1.000000,-0.443529,0.554177,0.586494,-0.887057,-0.230830,0.399809,550.000000,54.413990
1.000000,-0.490023,0.069000,0.154599,-0.980045,-0.099387,0.172143,550.000000,23.428635
1.000000,-0.344927,0.430706,0.666640,-0.689855,-0.361974,0.626957,550.000000,85.328857
1.000000,0.262794,0.916142,0.413195,-0.000000,0.866025,0.500000,550.000000,68.050000
1.000000,0.353006,0.424127,0.653749,0.706013,-0.354100,0.613319,550.000000,83.472667
1.000000,0.437340,0.737513,0.705647,0.874679,-0.242351,0.419765,550.000000,57.129980
1.000000,0.271028,0.907512,0.428144,-0.000000,0.866025,0.500000,550.000000,68.050000
1.000000,-0.165964,0.897892,0.444806,-0.000000,0.866025,0.500000,550.000000,68.050000
1.000000,-0.258438,0.334005,0.687084,-0.516877,-0.428030,0.741370,550.000000,100.900398
1.000000,0.473938,0.661857,0.566089,0.947876,-0.159319,0.275949,550.000000,37.556648
1.000000,0.297207,0.605118,0.813647,0.594414,-0.402080,0.696422,550.000000,94.783100
1.000000,-0.220156,0.587017,0.857285,-0.440312,-0.448923,0.777557,550.000000,105.825454
1.000000,0.363145,0.258737,0.546245,0.726291,-0.343694,0.595295,550.000000,81.019693
1.000000,-0.426198,0.415381,0.541715,-0.852396,-0.261449,0.452842,550.000000,61.631833
1.000000,0.272935,-0.154149,0.394747,0.545869,-0.418935,0.725617,550.000000,98.756465
1.000000,-0.007137,0.788309,0.634609,-0.000000,0.866025,0.500000,550.000000,68.050000
1.000000,-0.085283,0.402179,0.801088,-0.170567,-0.492673,0.853335,550.000000,116.138863
1.000000,0.339211,0.784182,0.641757,-0.000000,0.866025,0.500000,550.000000,68.050000
1.000000,0.469243,0.696102,0.601263,0.938486,-0.172658,0.299053,550.000000,40.701087
1.000000,-0.120352,0.128557,0.634597,-0.240705,-0.485299,0.840563,550.000000,114.400602
1.000000,-0.065353,0.639027,0.893173,-0.000000,0.866025,0.500000,550.000000,68.050000
1.000000,-0.044443,0.769652,0.666924,-0.000000,0.866025,0.500000,550.000000,68.050000
1.000000,-0.092743,0.856894,0.515816,-0.000000,0.866025,0.500000,550.000000,68.050000
1.000000,-0.049293,0.136717,0.653471,-0.098586,-0.497564,0.861807,550.000000,117.291873
1.000000,0.348708,0.690042,0.804812,-0.000000,0.866025,0.500000,550.000000,68.050000
1.000000,-0.080029,0.598819,0.915635,-0.160059,-0.493554,0.854860,550.000000,116.346465
1.000000,0.498562,0.862785,0.505612,-0.000000,0.866025,0.500000,550.000000,68.050000
1.000000,0.309103,0.955568,0.344907,-0.000000,0.866025,0.500000,550.000000,68.050000
1.000000,-0.477634,0.143430,0.253558,-0.955267,-0.147872,0.256122,550.000000,34.858234
1.000000,-0.347135,0.886188,0.465077,-0.000000,0.866025,0.500000,550.000000,68.050000
1.000000,-0.194747,1.049822,0.181655,-0.000000,0.866025,0.500000,550.000000,68.050000
1.000000,0.301070,0.819832,0.580009,-0.000000,0.866025,0.500000,550.000000,68.050000
1.000000,-0.400418,-0.007516,0.341426,-0.800837,-0.299442,0.518648,550.000000,70.587981
1.000000,0.349303,0.279791,0.574636,0.698605,-0.357754,0.619648,550.000000,84.334053
1.000000,-0.161589,0.234220,0.681596,-0.323177,-0.473169,0.819553,550.000000,111.541190
1.000000,-0.398785,0.697153,0.750774,-0.797570,-0.301613,0.522409,550.000000,71.099922
1.000000,0.398786,0.985265,0.293471,-0.000000,0.866025,0.500000,550.000000,68.050000
1.000000,-0.312879,0.939773,0.372265,-0.000000,0.866025,0.500000,550.000000,68.050000
1.000000,-0.090502,0.312379,0.748166,-0.181003,-0.491741,0.851721,550.000000,115.919208
1.000000,0.283288,0.161219,0.568822,0.566576,-0.412005,0.713613,550.000000,97.122788
1.000000,-0.090192,-0.059825,0.533340,-0.180383,-0.491798,0.851819,550.000000,115.932625
1.000000,0.239825,1.012109,0.246975,-0.000000,0.866025,0.500000,550.000000,68.050000
1.000000,-0.324717,-0.122757,0.368154,-0.649435,-0.380209,0.658541,550.000000,89.627394
1.000000,0.457146,-0.093790,0.179710,0.914292,-0.202528,0.350789,550.000000,47.742396
1.000000,0.373708,1.031875,0.212739,-0.000000,0.866025,0.500000,550.000000,68.050000
1.000000,-0.396785,0.140140,0.432216,-0.793569,-0.304240,0.526959,550.000000,71.719121
1.000000,-0.288889,0.558158,0.793483,-0.577778,-0.408097,0.706844,550.000000,96.201536
1.000000,0.291088,0.962155,0.333499,-0.000000,0.866025,0.500000,550.000000,68.050000
1.000000,0.451824,0.473620,0.520710,0.903648,-0.214138,0.370898,550.000000,50.479273
1.000000,-0.406522,-0.008037,0.331494,-0.813045,-0.291101,0.504201,550.000000,68.621798
1.000000,0.268091,0.008291,0.492130,0.536182,-0.422051,0.731014,550.000000,99.491053
1.000000,-0.398278,0.280947,0.511251,-0.796555,-0.302283,0.523569,550.000000,71.257788
1.000000,-0.049858,0.318112,0.758135,-0.099717,-0.497508,0.861709,550.000000,117.278594
1.000000,-0.159457,0.621344,0.905936,-0.318915,-0.473892,0.820805,550.000000,111.711497
1.000000,0.476790,0.007814,0.178376,0.953579,-0.150571,0.260796,550.000000,35.494359
1.000000,-0.024673,0.176450,0.678520,-0.049346,-0.499391,0.864970,550.000000,117.722468
1.000000,-0.077302,0.838891,0.546999,-0.000000,0.866025,0.500000,550.000000,68.050000
1.000000,-0.265055,-0.156058,0.399452,-0.530109,-0.423965,0.734328,550.000000,99.942076
1.000000,0.289929,0.163550,0.564803,0.579858,-0.407359,0.705566,550.000000,96.027555
1.000000,0.261438,0.679419,0.823213,-0.000000,0.866025,0.500000,550.000000,68.050000
1.000000,-0.305854,-0.166357,0.360686,-0.611709,-0.395541,0.685098,550.000000,93.241830
1.000000,-0.202631,-0.138273,0.447982,-0.405263,-0.457100,0.791721,550.000000,107.753181
1.000000,-0.207041,0.735146,0.726690,-0.000000,0.866025,0.500000,550.000000,68.050000
1.000000,0.259820,0.424291,0.738244,0.519640,-0.427193,0.739919,550.000000,100.703003
1.000000,0.332971,-0.155479,0.340940,0.665942,-0.373002,0.646058,550.000000,87.928461
1.000000,0.368012,0.749680,0.701517,-0.000000,0.866025,0.500000,550.000000,68.050000
1.000000,0.345816,1.026482,0.222081,-0.000000,0.866025,0.500000,550.000000,68.050000
1.000000,-0.194159,0.787740,0.635593,-0.000000,0.866025,0.500000,550.000000,68.050000
1.000000,-0.226585,0.692146,0.801169,-0.000000,0.866025,0.500000,550.000000,68.050000
1.000000,0.302770,0.247206,0.602189,0.605539,-0.397908,0.689197,550.000000,93.799651
1.000000,0.468311,0.848464,0.530418,-0.000000,0.866025,0.500000,550.000000,68.050000
1.000000,-0.315139,0.566343,0.775216,-0.630277,-0.388185,0.672356,550.000000,91.507694
1.000000,0.356289,0.588865,0.745046,0.712577,-0.350797,0.607598,550.000000,82.694080
1.000000,-0.429451,0.302450,0.470303,-0.858903,-0.256070,0.443525,550.000000,60.363820
1.000000,-0.137972,1.091142,0.110087,-0.000000,0.866025,0.500000,550.000000,68.050000
1.000000,-0.018674,0.316768,0.759834,-0.037348,-0.499651,0.865421,550.000000,117.783825
1.000000,-0.064941,0.649937,0.874276,-0.000000,0.866025,0.500000,550.000000,68.050000
1.000000,0.482203,0.698907,0.556179,0.964407,-0.132212,0.228998,550.000000,31.166570
1.000000,-0.093197,0.998832,0.269972,-0.000000,0.866025,0.500000,550.000000,68.050000
1.000000,-0.069301,0.335818,0.765663,-0.138603,-0.495174,0.857667,550.000000,116.728423
1.000000,-0.214285,0.055216,0.553520,-0.428570,-0.451754,0.782461,550.000000,106.492968
1.000000,-0.330429,0.929880,0.389400,-0.000000,0.866025,0.500000,550.000000,68.050000
1.000000,-0.434716,0.920647,0.405393,-0.000000,0.866025,0.500000,550.000000,68.050000
1.000000,0.369883,0.994141,0.278096,-0.000000,0.866025,0.500000,550.000000,68.050000
1.000000,-0.184114,0.421135,0.779925,-0.368229,-0.464868,0.805174,550.000000,109.584232
1.000000,-0.434481,0.249378,0.429697,-0.868962,-0.247439,0.428578,550.000000,58.329416
1.000000,-0.303000,0.547887,0.775584,-0.606000,-0.397732,0.688892,550.000000,93.758256
1.000000,-0.312278,0.948981,0.356317,-0.000000,0.866025,0.500000,550.000000,68.050000
1.000000,0.381519,0.156047,0.463266,0.763038,-0.323177,0.559759,550.000000,76.183147
1.000000,-0.256883,0.613080,0.849288,-0.513766,-0.428965,0.742990,550.000000,101.120902
1.000000,-0.133131,0.990779,0.283920,-0.000000,0.866025,0.500000,550.000000,68.050000
1.000000,-0.176721,0.493861,0.825217,-0.353441,-0.467728,0.810129,550.000000,110.258606
1.000000,-0.393591,0.464509,0.624249,-0.787182,-0.308361,0.534096,550.000000,72.690509
1.000000,-0.302799,0.002442,0.460848,-0.605599,-0.397885,0.689157,550.000000,93.794291
1.000000,0.425064,0.573068,0.634880,0.850128,-0.263288,0.456028,550.000000,62.065409
1.000000,-0.221355,0.815988,0.586668,-0.000000,0.866025,0.500000,550.000000,68.050000
1.000000,-0.202202,0.840905,0.543509,-0.000000,0.866025,0.500000,550.000000,68.050000
1.000000,-0.313752,0.541237,0.762016,-0.627505,-0.389306,0.674298,550.000000,91.771997
1.000000,0.348014,-0.091226,0.361877,0.696027,-0.359008,0.621820,550.000000,84.629642
1.000000,-0.037406,0.143301,0.658467,-0.074813,-0.498599,0.863598,550.000000,117.535748
1.000000,-0.112437,0.146227,0.646987,-0.224874,-0.487194,0.843845,550.000000,114.847251
1.000000,-0.059207,0.329868,0.763738,-0.118415,-0.496482,0.859932,550.000000,117.036779
1.000000,0.353729,1.020684,0.232124,-0.000000,0.866025,0.500000,550.000000,68.050000
1.000000,0.259819,0.097998,0.549860,0.519637,-0.427194,0.739921,550.000000,100.703229
1.000000,0.332306,0.234092,0.566543,0.664612,-0.373594,0.647085,550.000000,88.068217
1.000000,0.322270,-0.188307,0.332706,0.644540,-0.382285,0.662138,550.000000,90.116954
1.000000,0.498966,0.067639,0.076154,0.997933,-0.032132,0.055654,550.000000,7.574495
1.000000,0.392526,0.412059,0.595531,0.785052,-0.309715,0.536442,550.000000,73.009801
1.000000,0.352633,0.632902,0.774714,0.705266,-0.354471,0.613963,550.000000,83.560309
1.000000,-0.168186,0.252049,0.689229,-0.336372,-0.470865,0.815562,550.000000,110.997928
1.000000,0.123351,1.063794,0.157454,-0.000000,0.866025,0.500000,550.000000,68.050000
1.000000,-0.035554,0.744205,0.710998,-0.000000,0.866025,0.500000,550.000000,68.050000
1.000000,0.319125,0.391634,0.670572,0.638249,-0.384915,0.666692,550.000000,90.736792
1.000000,-0.047597,0.694878,0.796436,-0.000000,0.866025,0.500000,550.000000,68.050000
1.000000,0.073514,1.060562,0.163052,-0.000000,0.866025,0.500000,550.000000,68.050000
1.000000,-0.444265,0.084103,0.313456,-0.888530,-0.229410,0.397349,550.000000,54.079237
1.000000,-0.119759,0.181173,0.665145,-0.239518,-0.485446,0.840817,550.000000,114.435214
1.000000,-0.238317,0.749637,0.701591,-0.000000,0.866025,0.500000,550.000000,68.050000
1.000000,-0.387843,-0.027656,0.348409,-0.775687,-0.315559,0.546565,550.000000,74.387436
1.000000,-0.222023,0.469605,0.788435,-0.444046,-0.448002,0.775962,550.000000,105.608464
1.000000,0.258799,-0.145135,0.410201,0.517598,-0.427812,0.740992,550.000000,100.849025
1.000000,-0.401487,0.748339,0.703838,-0.000000,0.866025,0.500000,550.000000,68.050000
1.000000,-0.318858,0.921595,0.403750,-0.000000,0.866025,0.500000,550.000000,68.050000
1.000000,-0.425914,0.796410,0.620577,-0.000000,0.866025,0.500000,550.000000,68.050000
1.000000,0.353162,1.010275,0.250152,-0.000000,0.866025,0.500000,550.000000,68.050000
1.000000,0.449021,0.108968,0.316895,0.898042,-0.219955,0.380974,550.000000,51.850536
1.000000,0.144649,1.058811,0.166085,-0.000000,0.866025,0.500000,550.000000,68.050000
1.000000,-0.090059,0.026383,0.583140,-0.180118,-0.491822,0.851861,550.000000,115.938350
1.000000,0.287085,0.768948,0.668143,-0.000000,0.866025,0.500000,550.000000,68.050000
1.000000,-0.266660,1.055290,0.172184,-0.000000,0.866025,0.500000,550.000000,68.050000
1.000000,0.253821,0.706919,0.775580,-0.000000,0.866025,0.500000,550.000000,68.050000
1.000000,-0.133131,0.208197,0.676711,-0.266261,-0.481950,0.834763,550.000000,113.611194
1.000000,0.273442,-0.030400,0.465812,0.546883,-0.418604,0.725044,550.000000,98.678520
1.000000,0.304459,0.660083,0.839073,0.608918,-0.396617,0.686960,550.000000,93.495282
1.000000,-0.316966,0.982736,0.297851,-0.000000,0.866025,0.500000,550.000000,68.050000
1.000000,0.461725,-0.001436,0.220711,0.923450,-0.191859,0.332310,550.000000,45.227348
1.000000,-0.190539,0.191697,0.644461,-0.381079,-0.462271,0.800677,550.000000,108.972181
1.000000,-0.254502,0.221208,0.624677,-0.509004,-0.430382,0.745443,550.000000,101.454851
1.000000,-0.486135,0.704562,0.541800,-0.972270,-0.116931,0.202531,550.000000,27.564470
1.000000,0.376341,-0.008244,0.375359,0.752681,-0.329193,0.570178,550.000000,77.601264
1.000000,-0.099927,0.403471,0.798647,-0.199854,-0.489913,0.848554,550.000000,115.488193
1.000000,0.328690,-0.130368,0.359800,0.657380,-0.376780,0.652601,550.000000,88.819033
1.000000,-0.475994,0.039188,0.199372,-0.951988,-0.153067,0.265120,550.000000,36.082845
1.000000,-0.137068,0.516734,0.853569,-0.274137,-0.480845,0.832849,550.000000,113.350692
1.000000,-0.240137,0.032892,0.525395,-0.480274,-0.438559,0.759607,550.000000,103.382475
1.000000,-0.385287,0.025097,0.382465,-0.770573,-0.318676,0.551963,550.000000,75.122107
1.000000,-0.334461,0.127305,0.502663,-0.668922,-0.371666,0.643745,550.000000,87.613690
1.000000,-0.043272,0.919292,0.407740,-0.000000,0.866025,0.500000,550.000000,68.050000
1.000000,-0.337516,0.513744,0.722573,-0.675032,-0.368894,0.638944,550.000000,86.960239
1.000000,-0.048537,0.381917,0.795124,-0.097073,-0.497639,0.861935,550.000000,117.309403
1.000000,-0.381197,0.183519,0.479566,-0.762394,-0.323556,0.560416,550.000000,76.272650
1.000000,-0.106458,0.198405,0.678661,-0.212915,-0.488535,0.846168,550.000000,115.163471
1.000000,-0.283433,0.867723,0.497060,-0.000000,0.866025,0.500000,550.000000,68.050000
1.000000,0.466221,0.199660,0.323883,0.932441,-0.180661,0.312914,550.000000,42.587555
1.000000,-0.295033,0.230427,0.599164,-0.590066,-0.403677,0.699190,550.000000,95.159717
1.000000,-0.169117,0.855608,0.518043,-0.000000,0.866025,0.500000,550.000000,68.050000
1.000000,-0.203837,1.040401,0.197973,-0.000000,0.866025,0.500000,550.000000,68.050000
1.000000,-0.329532,0.438648,0.687470,-0.659065,-0.376043,0.651326,550.000000,88.645428
1.000000,-0.041642,0.021656,0.587847,-0.083283,-0.498263,0.863017,550.000000,117.456583
1.000000,0.397916,-0.127406,0.276037,0.795833,-0.302758,0.524393,550.000000,71.369859
1.000000,0.109163,1.097050,0.099853,-0.000000,0.866025,0.500000,550.000000,68.050000
1.000000,-0.171429,0.816262,0.586193,-0.000000,0.866025,0.500000,550.000000,68.050000
1.000000,-0.089198,0.624937,0.917578,-0.000000,0.866025,0.500000,550.000000,68.050000
1.000000,0.491374,0.868894,0.495032,-0.000000,0.866025,0.500000,550.000000,68.050000
1.000000,0.370657,0.741582,0.715542,-0.000000,0.866025,0.500000,550.000000,68.050000
1.000000,0.465633,0.586977,0.549245,0.931265,-0.182171,0.315530,550.000000,42.943591
1.000000,0.467702,0.693764,0.604686,0.935404,-0.176791,0.306211,550.000000,41.675325
1.000000,-0.439208,0.507167,0.568726,-0.878417,-0.238948,0.413869,550.000000,56.327610
1.000000,-0.151242,-0.107103,0.488468,-0.302485,-0.476577,0.825456,550.000000,112.344526
1.000000,-0.100031,0.911566,0.421122,-0.000000,0.866025,0.500000,550.000000,68.050000
1.000000,-0.364889,-0.144253,0.311440,-0.729778,-0.341842,0.592088,550.000000,80.583123
1.000000,0.304027,0.165414,0.553858,0.608054,-0.396948,0.687534,550.000000,93.573375
1.000000,0.264985,0.847223,0.532567,-0.000000,0.866025,0.500000,550.000000,68.050000
1.000000,-0.205006,-0.067948,0.487360,-0.410012,-0.456040,0.789884,550.000000,107.503265
1.000000,0.488642,0.448768,0.381457,0.977284,-0.105967,0.183540,550.000000,24.979854
1.000000,-0.284950,0.654994,0.852577,-0.569901,-0.410857,0.711625,550.000000,96.852126
1.000000,-0.090245,0.169381,0.665660,-0.180491,-0.491788,0.851802,550.000000,115.930302
1.000000,0.378996,0.347038,0.576947,0.757992,-0.326132,0.564877,550.000000,76.879765
1.000000,0.275526,0.809282,0.598282,-0.000000,0.866025,0.500000,550.000000,68.050000
1.000000,-0.432287,0.887572,0.462679,-0.000000,0.866025,0.500000,550.000000,68.050000
1.000000,0.370444,0.265390,0.540988,0.740887,-0.335815,0.581648,550.000000,79.162281
1.000000,0.488498,-0.004544,0.120503,0.976995,-0.106631,0.184689,550.000000,25.136240
1.000000,0.280002,0.139525,0.558884,0.560004,-0.414245,0.717493,550.000000,97.650809
1.000000,-0.200795,-0.017810,0.518466,-0.401590,-0.457910,0.793123,550.000000,107.944052
1.000000,-0.324605,0.721967,0.749517,-0.000000,0.866025,0.500000,550.000000,68.050000
1.000000,-0.117690,0.544158,0.875298,-0.235379,-0.485952,0.841693,550.000000,114.554443
1.000000,0.336192,-0.080298,0.380996,0.672383,-0.370102,0.641035,550.000000,87.244828
1.000000,0.380249,0.592387,0.716911,0.760499,-0.324670,0.562345,550.000000,76.535094
1.000000,0.432323,0.267209,0.444324,0.864646,-0.251191,0.435076,550.000000,59.213809
1.000000,-0.444088,0.089847,0.317168,-0.888176,-0.229752,0.397942,550.000000,54.159968
1.000000,-0.062289,0.085170,0.622026,-0.124578,-0.496105,0.859279,550.000000,116.947854
1.000000,0.391607,0.553171,0.678342,0.783214,-0.310876,0.538453,550.000000,73.283475
1.000000,0.374628,0.609743,0.734403,0.749256,-0.331140,0.573552,550.000000,78.060400
1.000000,0.334049,0.339384,0.625534,0.668098,-0.372036,0.644386,550.000000,87.700934
1.000000,-0.207033,0.907734,0.427758,-0.000000,0.866025,0.500000,550.000000,68.050000
1.000000,-0.202574,0.301061,0.701661,-0.405147,-0.457126,0.791765,550.000000,107.759216
1.000000,-0.417289,0.630357,0.681993,-0.834579,-0.275444,0.477084,550.000000,64.931097
1.000000,-0.273044,0.830218,0.562020,-0.000000,0.866025,0.500000,550.000000,68.050000
1.000000,-0.008726,0.286179,0.742488,-0.017452,-0.499924,0.865894,550.000000,117.848108
1.000000,-0.200313,0.621955,0.888078,-0.400626,-0.458121,0.793489,550.000000,107.993798
1.000000,0.436767,0.378560,0.499595,0.873533,-0.243382,0.421550,550.000000,57.372962
1.000000,-0.147077,1.099459,0.095682,-0.000000,0.866025,0.500000,550.000000,68.050000
1.000000,-0.265139,0.192861,0.600840,-0.530278,-0.423912,0.734237,550.000000,99.929652
1.000000,0.405141,0.483489,0.617493,0.810282,-0.293020,0.507526,550.000000,69.074271
1.000000,-0.319060,0.730700,0.734391,-0.000000,0.866025,0.500000,550.000000,68.050000
1.000000,-0.284144,-0.089444,0.423421,-0.568288,-0.411415,0.712591,550.000000,96.983691
1.000000,-0.485742,0.049497,0.165469,-0.971484,-0.118552,0.205339,550.000000,27.946586
1.000000,0.385607,0.017958,0.377895,0.771214,-0.318288,0.551291,550.000000,75.030682
1.000000,0.281528,0.385290,0.699581,0.563055,-0.413210,0.715700,550.000000,97.406761
1.000000,-0.113292,0.807793,0.600861,-0.000000,0.866025,0.500000,550.000000,68.050000
1.000000,-0.254598,0.874017,0.486157,-0.000000,0.866025,0.500000,550.000000,68.050000
1.000000,0.381965,-0.088666,0.321372,0.763930,-0.322649,0.558845,550.000000,76.058849
1.000000,-0.394191,0.261923,0.506399,-0.788382,-0.307593,0.532766,550.000000,72.509512
1.000000,-0.082091,0.776823,0.654502,-0.000000,0.866025,0.500000,550.000000,68.050000
1.000000,0.292450,0.493502,0.753215,0.584900,-0.405553,0.702438,550.000000,95.601766
1.000000,-0.351593,1.004718,0.259778,-0.000000,0.866025,0.500000,550.000000,68.050000
1.000000,0.259439,0.513124,0.789799,0.518879,-0.427424,0.740320,550.000000,100.757544
1.000000,-0.068350,-0.165567,0.476340,-0.136700,-0.495306,0.857896,550.000000,116.759589
1.000000,0.446645,0.229466,0.391991,0.893289,-0.224741,0.389263,550.000000,52.978742
1.000000,-0.263237,0.822889,0.574714,-0.000000,0.866025,0.500000,550.000000,68.050000
1.000000,-0.009268,0.792123,0.628003,-0.000000,0.866025,0.500000,550.000000,68.050000
1.000000,-0.348822,0.102392,0.472755,-0.697645,-0.358222,0.620459,550.000000,84.444438
1.000000,0.281099,1.025261,0.224195,-0.000000,0.866025,0.500000,550.000000,68.050000
1.000000,-0.218105,0.213279,0.642663,-0.436210,-0.449922,0.779288,550.000000,106.061157
1.000000,0.459120,0.412386,0.466737,0.918239,-0.198013,0.342969,550.000000,46.678057
1.000000,-0.190132,0.579915,0.868793,-0.380263,-0.462439,0.800968,550.000000,109.011752
1.000000,0.433313,0.361639,0.496866,0.866626,-0.249479,0.432110,550.000000,58.810162
1.000000,-0.074323,0.967897,0.323554,-0.000000,0.866025,0.500000,550.000000,68.050000
1.000000,-0.307890,0.625814,0.816218,-0.615781,-0.393959,0.682357,550.000000,92.868726
1.000000,-0.126265,-0.057398,0.525499,-0.252531,-0.483794,0.837957,550.000000,114.045890
1.000000,0.261672,0.968983,0.321673,-0.000000,0.866025,0.500000,550.000000,68.050000
1.000000,-0.218022,0.548174,0.836060,-0.436045,-0.449962,0.779358,550.000000,106.070602
1.000000,0.261952,0.752910,0.695921,-0.000000,0.866025,0.500000,550.000000,68.050000
1.000000,-0.169431,0.289276,0.710206,-0.338862,-0.470418,0.814788,550.000000,110.892620
1.000000,-0.074537,0.386645,0.794128,-0.149074,-0.494413,0.856348,550.000000,116.549025
1.000000,0.285737,0.670416,0.838805,-0.000000,0.866025,0.500000,550.000000,68.050000
1.000000,0.335946,0.098833,0.484675,0.671892,-0.370324,0.641421,550.000000,87.297342
1.000000,0.289140,0.723158,0.747453,-0.000000,0.866025,0.500000,550.000000,68.050000
1.000000,0.351561,0.621364,0.769281,0.703121,-0.355535,0.615805,550.000000,83.811034
1.000000,0.448483,-0.048281,0.227372,0.896965,-0.221051,0.382871,550.000000,52.108759
1.000000,0.447753,-0.065417,0.219182,0.895505,-0.222526,0.385426,550.000000,52.456423
1.000000,0.334237,0.376629,0.646843,0.668474,-0.371868,0.644094,550.000000,87.661178
1.000000,-0.478800,0.167267,0.262908,-0.957599,-0.144052,0.249505,550.000000,33.957620
1.000000,0.272185,0.783965,0.642132,-0.000000,0.866025,0.500000,550.000000,68.050000
1.000000,-0.020141,0.698211,0.790663,-0.000000,0.866025,0.500000,550.000000,68.050000
1.000000,0.407946,0.949627,0.355197,-0.000000,0.866025,0.500000,550.000000,68.050000
1.000000,-0.172964,-0.071279,0.500552,-0.345928,-0.469130,0.812558,550.000000,110.589123
1.000000,0.385927,0.854272,0.520357,-0.000000,0.866025,0.500000,550.000000,68.050000
1.000000,-0.054077,0.278761,0.734906,-0.108155,-0.497067,0.860945,550.000000,117.174667
1.000000,-0.208026,-0.130948,0.449405,-0.416052,-0.454670,0.787512,550.000000,107.180435
1.000000,-0.405523,0.942308,0.367874,-0.000000,0.866025,0.500000,550.000000,68.050000
1.000000,-0.401799,0.826269,0.568861,-0.000000,0.866025,0.500000,550.000000,68.050000
1.000000,0.025938,1.106393,0.083671,-0.000000,0.866025,0.500000,550.000000,68.050000
1.000000,-0.205778,0.936898,0.377244,-0.000000,0.866025,0.500000,550.000000,68.050000
1.000000,0.288830,0.486119,0.751939,0.577660,-0.408139,0.706917,550.000000,96.211402
1.000000,-0.265899,0.972731,0.315181,-0.000000,0.866025,0.500000,550.000000,68.050000
1.000000,-0.224731,-0.187184,0.407676,-0.449461,-0.446650,0.773620,550.000000,105.289737
1.000000,0.320772,0.219830,0.569796,0.641545,-0.383543,0.664315,550.000000,90.413334
1.000000,-0.175422,0.231651,0.674394,-0.350845,-0.468217,0.810975,550.000000,110.373742
1.000000,-0.223204,0.553884,0.836415,-0.446407,-0.447415,0.774946,550.000000,105.470086
1.000000,0.488769,-0.022842,0.108495,0.977538,-0.105381,0.182525,550.000000,24.841592
1.000000,-0.306229,0.543515,0.770196,-0.612458,-0.395252,0.684596,550.000000,93.173477
1.000000,0.497806,0.374102,0.270018,0.995612,-0.046791,0.081045,550.000000,11.030236
1.000000,-0.056767,-0.247778,0.430563,-0.113533,-0.496767,0.860426,550.000000,117.103960
1.000000,-0.270239,-0.192721,0.374491,-0.540477,-0.420679,0.728638,550.000000,99.167629
1.000000,0.471531,0.604436,0.541009,0.943062,-0.166309,0.288056,550.000000,39.204381
1.000000,-0.410659,0.131142,0.405077,-0.821318,-0.285236,0.494043,550.000000,67.239188
1.000000,-0.048039,0.384690,0.796780,-0.096077,-0.497687,0.862019,550.000000,117.320795
1.000000,0.385183,0.145121,0.451906,0.770366,-0.318801,0.552180,550.000000,75.151666
1.000000,-0.066127,0.916195,0.413105,-0.000000,0.866025,0.500000,550.000000,68.050000
1.000000,-0.178238,0.895107,0.449628,-0.000000,0.866025,0.500000,550.000000,68.050000
1.000000,0.363173,0.941719,0.368894,-0.000000,0.866025,0.500000,550.000000,68.050000
1.000000,-0.489163,0.102634,0.178805,-0.978327,-0.103533,0.179324,550.000000,24.406046
1.000000,0.424038,0.234216,0.441149,0.848075,-0.264938,0.458886,550.000000,62.454337
1.000000,0.468083,0.793769,0.625151,-0.000000,0.866025,0.500000,550.000000,68.050000
1.000000,-0.099202,0.201940,0.682463,-0.198404,-0.490060,0.848809,550.000000,115.522912
1.000000,-0.404560,0.203682,0.456872,-0.809120,-0.293822,0.508914,550.000000,69.263179
1.000000,-0.020956,0.733821,0.728985,-0.000000,0.866025,0.500000,550.000000,68.050000
1.000000,-0.277747,0.536044,0.789563,-0.555495,-0.415760,0.720117,550.000000,98.007981
1.000000,-0.099725,-0.219279,0.439150,-0.199449,-0.489954,0.848625,550.000000,115.497913
1.000000,-0.372165,0.064851,0.423003,-0.744330,-0.333906,0.578342,550.000000,78.712320
1.000000,0.402569,0.283153,0.505897,0.805139,-0.296543,0.513628,550.000000,69.904765
1.000000,-0.181518,0.872422,0.488920,-0.000000,0.866025,0.500000,550.000000,68.050000
1.000000,-0.069131,0.479784,0.848809,-0.138261,-0.495198,0.857708,550.000000,116.734048
1.000000,-0.337658,0.526548,0.729814,-0.675317,-0.368764,0.638718,550.000000,86.929471
1.000000,-0.194637,0.872826,0.488222,-0.000000,0.866025,0.500000,550.000000,68.050000
1.000000,-0.035080,-0.024079,0.562025,-0.070161,-0.498768,0.863891,550.000000,117.575598
1.000000,-0.089023,0.021816,0.580721,-0.178046,-0.492011,0.852188,550.000000,115.982822
1.000000,0.412160,0.552432,0.645798,0.824320,-0.283062,0.490278,550.000000,66.726821
1.000000,0.471765,0.400665,0.422592,0.943530,-0.165643,0.286903,550.000000,39.047462
1.000000,-0.465025,0.506255,0.504424,-0.930050,-0.183717,0.318207,550.000000,43.307977
1.000000,0.095701,1.029238,0.217307,-0.000000,0.866025,0.500000,550.000000,68.050000
1.000000,-0.358287,0.182072,0.507827,-0.716574,-0.348756,0.604063,550.000000,82.212920
1.000000,-0.326539,0.615039,0.792315,-0.653078,-0.378645,0.655833,550.000000,89.258876
1.000000,-0.400852,-0.105665,0.284089,-0.801704,-0.298861,0.517642,550.000000,70.451115
1.000000,-0.479323,0.318820,0.348386,-0.958646,-0.142301,0.246473,550.000000,33.545003
1.000000,0.415486,0.314007,0.502480,0.830972,-0.278157,0.481782,550.000000,65.570598
1.000000,-0.396096,-0.120218,0.282932,-0.792193,-0.305135,0.528510,550.000000,71.930225
1.000000,0.493937,0.413901,0.328607,0.987873,-0.077632,0.134462,550.000000,18.300279
1.000000,-0.041635,0.539990,0.887108,-0.083270,-0.498264,0.863018,550.000000,117.456714
1.000000,-0.300911,-0.196517,0.347630,-0.601823,-0.399315,0.691633,550.000000,94.131311
1.000000,-0.221225,0.805805,0.604305,-0.000000,0.866025,0.500000,550.000000,68.050000
1.000000,0.345766,-0.109552,0.353797,0.691531,-0.361173,0.625570,550.000000,85.140116
1.000000,0.320921,0.021548,0.455174,0.641842,-0.383418,0.664100,550.000000,90.384029
1.000000,-0.444131,0.379416,0.484254,-0.888263,-0.229668,0.397796,550.000000,54.140100
1.000000,0.020467,1.039577,0.199400,-0.000000,0.866025,0.500000,550.000000,68.050000
1.000000,-0.191608,-0.189356,0.423950,-0.383215,-0.461829,0.799912,550.000000,108.868041
1.000000,-0.282701,0.248062,0.619426,-0.565401,-0.412408,0.714312,550.000000,97.217818
1.000000,0.367106,0.075908,0.435800,0.734213,-0.339460,0.587962,550.000000,80.021564
1.000000,-0.237274,0.938459,0.374541,-0.000000,0.866025,0.500000,550.000000,68.050000
1.000000,-0.014510,0.643373,0.885645,-0.000000,0.866025,0.500000,550.000000,68.050000
1.000000,0.446985,0.291137,0.426814,0.893970,-0.224063,0.388088,550.000000,52.818845
1.000000,0.131044,1.055438,0.171928,-0.000000,0.866025,0.500000,550.000000,68.050000
1.000000,-0.375426,-0.012284,0.374230,-0.750852,-0.330235,0.571984,550.000000,77.847008
1.000000,-0.271094,0.427371,0.731865,-0.542188,-0.420129,0.727684,550.000000,99.037782
1.000000,0.284845,-0.051755,0.444620,0.569691,-0.410930,0.711751,550.000000,96.869309
1.000000,-0.147589,0.928305,0.392129,-0.000000,0.866025,0.500000,550.000000,68.050000
1.000000,-0.480806,0.325670,0.346456,-0.961613,-0.137205,0.237646,550.000000,32.343616
1.000000,-0.159403,-0.135712,0.468871,-0.318806,-0.473910,0.820836,550.000000,111.715812
1.000000,-0.004626,0.462745,0.844491,-0.009251,-0.499979,0.865988,550.000000,117.861014
1.000000,0.254014,-0.183784,0.391188,0.508028,-0.430670,0.745943,550.000000,101.522814
1.000000,0.460809,0.432550,0.473802,0.921618,-0.194049,0.336103,550.000000,45.743679
1.000000,0.119774,1.004575,0.260026,-0.000000,0.866025,0.500000,550.000000,68.050000
1.000000,-0.113314,0.568865,0.890763,-0.226629,-0.486991,0.843492,550.000000,114.799323
1.000000,-0.228326,0.928747,0.391363,-0.000000,0.866025,0.500000,550.000000,68.050000
1.000000,-0.414900,0.162591,0.416068,-0.829801,-0.279030,0.483294,550.000000,65.776288
1.000000,-0.250162,-0.123510,0.428583,-0.500324,-0.432919,0.749838,550.000000,102.052926
1.000000,-0.308002,0.454475,0.717195,-0.616004,-0.393872,0.682206,550.000000,92.848173
1.000000,-0.359782,0.745879,0.708099,-0.000000,0.866025,0.500000,550.000000,68.050000
1.000000,0.269825,0.965866,0.327072,-0.000000,0.866025,0.500000,550.000000,68.050000
1.000000,-0.338315,0.511058,0.720176,-0.676629,-0.368162,0.637675,550.000000,86.787586
1.000000,0.337592,0.886579,0.464400,-0.000000,0.866025,0.500000,550.000000,68.050000
1.000000,-0.432800,0.332213,0.480902,-0.865601,-0.250367,0.433649,550.000000,59.019599
1.000000,0.402297,0.122558,0.413605,0.804593,-0.296913,0.514269,550.000000,69.991998
1.000000,0.252844,0.329756,0.688474,0.505688,-0.431358,0.747134,550.000000,101.684970
1.000000,-0.051237,-0.174828,0.473374,-0.102473,-0.497368,0.861466,550.000000,117.245583
1.000000,-0.196318,-0.078799,0.485491,-0.392636,-0.459847,0.796478,550.000000,108.400681
1.000000,0.257847,-0.187567,0.386366,0.515695,-0.428386,0.741987,550.000000,100.984372
1.000000,-0.017269,-0.137502,0.497619,-0.034537,-0.499702,0.865509,550.000000,117.795739
1.000000,0.491586,0.419215,0.347504,0.983173,-0.091339,0.158205,550.000000,21.531641
1.000000,-0.350471,0.080041,0.457988,-0.700943,-0.356609,0.617665,550.000000,84.064164
1.000000,-0.344524,0.590026,0.759066,-0.689048,-0.362358,0.627622,550.000000,85.419333
1.000000,0.445914,0.042532,0.285734,0.891828,-0.226187,0.391768,550.000000,53.319569
1.000000,-0.336612,0.485405,0.707164,-0.673224,-0.369719,0.640373,550.000000,87.154725
1.000000,-0.110772,0.425632,0.808742,-0.221543,-0.487575,0.844505,550.000000,114.937146
1.000000,-0.111771,0.497756,0.850119,-0.223542,-0.487347,0.844110,550.000000,114.883382
1.000000,-0.030724,0.745581,0.708615,-0.000000,0.866025,0.500000,550.000000,68.050000
1.000000,0.370884,0.765303,0.674456,-0.000000,0.866025,0.500000,550.000000,68.050000
1.000000,-0.062524,0.409367,0.809167,-0.125047,-0.496075,0.859228,550.000000,116.940902
1.000000,-0.071361,0.795827,0.621587,-0.000000,0.866025,0.500000,550.000000,68.050000
1.000000,0.338220,0.847781,0.531600,-0.000000,0.866025,0.500000,550.000000,68.050000
1.000000,0.352036,-0.064359,0.372835,0.704072,-0.355064,0.614990,550.000000,83.700099
1.000000,-0.184111,0.737965,0.721808,-0.000000,0.866025,0.500000,550.000000,68.050000
1.000000,-0.046230,0.457995,0.839301,-0.092460,-0.497858,0.862316,550.000000,117.361171
1.000000,0.261003,0.190105,0.602204,0.522005,-0.426471,0.738670,550.000000,100.532941
1.000000,0.334082,0.677651,0.820798,0.668165,-0.372007,0.644334,550.000000,87.693904
1.000000,-0.483900,0.088707,0.196546,-0.967800,-0.125861,0.217997,550.000000,29.669392
1.000000,0.428935,0.729503,0.717859,0.857870,-0.256933,0.445021,550.000000,60.567384
1.000000,0.095275,1.102160,0.091003,-0.000000,0.866025,0.500000,550.000000,68.050000
1.000000,-0.182812,0.460266,0.803111,-0.365623,-0.465381,0.806064,550.000000,109.705363
1.000000,-0.418686,0.367758,0.527925,-0.837371,-0.273317,0.473399,550.000000,64.429639
1.000000,-0.277400,0.493588,0.765319,-0.554801,-0.415992,0.720519,550.000000,98.062595
1.000000,-0.005988,0.857459,0.514837,-0.000000,0.866025,0.500000,550.000000,68.050000
1.000000,-0.179803,0.274570,0.697251,-0.359605,-0.466552,0.808092,550.000000,109.981351
1.000000,0.403264,0.112045,0.406016,0.806528,-0.295598,0.511990,550.000000,69.681896
1.000000,-0.111201,0.056216,0.595347,-0.222401,-0.487478,0.844336,550.000000,114.914128
1.000000,0.350428,0.501079,0.701123,0.700856,-0.356651,0.617738,550.000000,84.074158
1.000000,-0.240132,0.602391,0.854198,-0.480263,-0.438562,0.759612,550.000000,103.383203
1.000000,0.254239,0.606573,0.847347,0.508479,-0.430537,0.745712,550.000000,101.491462
1.000000,0.458712,0.793788,0.625119,-0.000000,0.866025,0.500000,550.000000,68.050000
1.000000,-0.272038,0.422626,0.728421,-0.544076,-0.419518,0.726626,550.000000,98.893864
1.000000,-0.234841,0.207803,0.629680,-0.469683,-0.441418,0.764558,550.000000,104.056320
1.000000,-0.257060,0.463533,0.762825,-0.514119,-0.428859,0.742806,550.000000,101.095923
1.000000,-0.144194,0.697344,0.792165,-0.000000,0.866025,0.500000,550.000000,68.050000
1.000000,0.496031,0.845364,0.535786,-0.000000,0.866025,0.500000,550.000000,68.050000
1.000000,-0.273337,0.413807,0.722353,-0.546674,-0.418673,0.725163,550.000000,98.694626
1.000000,-0.255421,-0.013273,0.488670,-0.510842,-0.429837,0.744500,550.000000,101.326493
1.000000,0.399510,0.441337,0.601969,0.799021,-0.300652,0.520744,550.000000,70.873276
1.000000,-0.088325,0.625969,0.915789,-0.000000,0.866025,0.500000,550.000000,68.050000
1.000000,0.363024,1.021500,0.230711,-0.000000,0.866025,0.500000,550.000000,68.050000
1.000000,-0.249254,0.775880,0.656137,-0.000000,0.866025,0.500000,550.000000,68.050000
1.000000,-0.058833,0.581017,0.908790,-0.117667,-0.496527,0.860009,550.000000,117.047261
1.000000,0.483749,0.918966,0.408305,-0.000000,0.866025,0.500000,550.000000,68.050000
1.000000,0.477368,0.411134,0.409104,0.954736,-0.148728,0.257604,550.000000,35.059883
1.000000,0.394539,-0.138378,0.274770,0.789078,-0.307147,0.531993,550.000000,72.404302
1.000000,0.319686,0.796192,0.620954,-0.000000,0.866025,0.500000,550.000000,68.050000
1.000000,-0.214000,0.758122,0.686893,-0.000000,0.866025,0.500000,550.000000,68.050000
1.000000,-0.115129,0.783658,0.642664,-0.000000,0.866025,0.500000,550.000000,68.050000
1.000000,0.388317,0.931760,0.386145,-0.000000,0.866025,0.500000,550.000000,68.050000
1.000000,-0.081632,0.467924,0.839760,-0.163264,-0.493291,0.854405,550.000000,116.284582
1.000000,-0.019178,1.093536,0.105939,-0.000000,0.866025,0.500000,550.000000,68.050000
1.000000,0.298436,0.479340,0.739976,0.596872,-0.401168,0.694844,550.000000,94.568202
1.000000,-0.032742,0.898146,0.444366,-0.000000,0.866025,0.500000,550.000000,68.050000
1.000000,0.297959,0.895172,0.449517,-0.000000,0.866025,0.500000,550.000000,68.050000
1.000000,-0.039033,-0.017413,0.565535,-0.078066,-0.498474,0.863382,550.000000,117.506357
1.000000,0.268233,0.175306,0.588452,0.536465,-0.421961,0.730858,550.000000,99.469814
1.000000,0.281098,0.344190,0.676189,0.562197,-0.413502,0.716206,550.000000,97.475659
1.000000,-0.121952,0.861408,0.507998,-0.000000,0.866025,0.500000,550.000000,68.050000
1.000000,-0.255586,0.073449,0.538626,-0.511172,-0.429739,0.744330,550.000000,101.303344
1.000000,-0.213773,0.257193,0.670412,-0.427546,-0.451997,0.782882,550.000000,106.550185
1.000000,0.496751,0.016834,0.075434,0.993501,-0.056911,0.098572,550.000000,13.415687
1.000000,-0.322767,-0.161310,0.347809,-0.645533,-0.381866,0.661411,550.000000,90.018079
1.000000,-0.144883,-0.239174,0.414493,-0.289767,-0.478549,0.828871,550.000000,112.809291
1.000000,-0.003467,0.709513,0.771087,-0.000000,0.866025,0.500000,550.000000,68.050000
1.000000,0.307852,-0.192755,0.343652,0.615703,-0.393989,0.682409,550.000000,92.875857
1.000000,-0.338341,-0.136118,0.346501,-0.676681,-0.368138,0.637634,550.000000,86.781940
1.000000,0.453360,0.406368,0.478104,0.906721,-0.210866,0.365230,550.000000,49.707857
1.000000,-0.231740,-0.201642,0.395176,-0.463481,-0.443053,0.767391,550.000000,104.441926
1.000000,0.342336,0.428313,0.668089,0.684672,-0.364426,0.631204,550.000000,85.906845
1.000000,0.235836,1.062505,0.159687,-0.000000,0.866025,0.500000,550.000000,68.050000
1.000000,0.372339,0.233830,0.520339,0.744679,-0.333712,0.578006,550.000000,78.666557
1.000000,-0.147030,-0.211308,0.429825,-0.294059,-0.477894,0.827736,550.000000,112.654868
1.000000,0.377593,0.243806,0.519220,0.755187,-0.327755,0.567688,550.000000,77.262363
1.000000,-0.012292,-0.131933,0.501004,-0.024583,-0.499849,0.865764,550.000000,117.830437
1.000000,0.287592,1.029523,0.216814,-0.000000,0.866025,0.500000,550.000000,68.050000
1.000000,0.368617,0.384318,0.611965,0.737235,-0.337818,0.585118,550.000000,79.634609
1.000000,-0.064042,0.104148,0.632724,-0.128085,-0.495882,0.858892,550.000000,116.895221
1.000000,-0.347585,-0.154082,0.326067,-0.695169,-0.359423,0.622539,550.000000,84.727548
1.000000,-0.309545,-0.073973,0.410696,-0.619090,-0.392660,0.680107,550.000000,92.562582
1.000000,0.202761,1.024519,0.225481,-0.000000,0.866025,0.500000,550.000000,68.050000
1.000000,-0.334493,-0.096537,0.373394,-0.668985,-0.371638,0.643696,550.000000,87.606959
1.000000,-0.394436,1.011048,0.248814,-0.000000,0.866025,0.500000,550.000000,68.050000
1.000000,-0.114523,0.705786,0.777543,-0.000000,0.866025,0.500000,550.000000,68.050000
1.000000,-0.065208,-0.196448,0.459000,-0.130416,-0.495730,0.858629,550.000000,116.859403
1.000000,0.431438,0.186151,0.399277,0.862875,-0.252708,0.437704,550.000000,59.571507
1.000000,-0.236890,0.004500,0.511038,-0.473779,-0.440322,0.762660,550.000000,103.797990
1.000000,0.494865,0.702980,0.488394,0.989731,-0.071472,0.123793,550.000000,16.848217
1.000000,-0.205909,0.499243,0.814358,-0.411818,-0.455633,0.789180,550.000000,107.407365
1.000000,-0.082698,0.160746,0.662206,-0.165396,-0.493114,0.854098,550.000000,116.242722
1.000000,-0.308394,0.075636,0.498117,-0.616789,-0.393564,0.681673,550.000000,92.775739
1.000000,0.491950,0.661985,0.485380,0.983900,-0.089359,0.154774,550.000000,21.064743
1.000000,0.290145,0.804403,0.606733,-0.000000,0.866025,0.500000,550.000000,68.050000
1.000000,-0.292899,-0.025789,0.453029,-0.585798,-0.405229,0.701877,550.000000,95.525396
1.000000,-0.065912,0.510606,0.867110,-0.131824,-0.495637,0.858468,550.000000,116.837451
1.000000,-0.429448,0.651640,0.671915,-0.858896,-0.256075,0.443536,550.000000,60.365203
1.000000,0.389526,-0.000666,0.361591,0.779052,-0.313480,0.542963,550.000000,73.897288
1.000000,0.375063,0.975980,0.309552,-0.000000,0.866025,0.500000,550.000000,68.050000
1.000000,-0.045331,0.373271,0.790481,-0.090662,-0.497941,0.862459,550.000000,117.380647
1.000000,0.354236,0.277048,0.567412,0.708471,-0.352870,0.611188,550.000000,83.182744
1.000000,-0.483370,0.895230,0.449416,-0.000000,0.866025,0.500000,550.000000,68.050000
1.000000,-0.217772,0.813684,0.590658,-0.000000,0.866025,0.500000,550.000000,68.050000
1.000000,-0.163870,0.388278,0.769635,-0.327739,-0.472384,0.818193,550.000000,111.356107
1.000000,-0.095937,0.612917,0.920491,-0.191875,-0.490710,0.849934,550.000000,115.676043
1.000000,-0.455416,0.836791,0.550635,-0.000000,0.866025,0.500000,550.000000,68.050000
1.000000,-0.378060,0.185361,0.484855,-0.756120,-0.327217,0.566756,550.000000,77.135438
1.000000,-0.225107,0.401167,0.747142,-0.450214,-0.446460,0.773292,550.000000,105.245029
1.000000,0.387603,0.649319,0.739602,0.775206,-0.315854,0.547075,550.000000,74.456968
1.000000,-0.441478,0.299142,0.443750,-0.882956,-0.234728,0.406560,550.000000,55.332810
1.000000,-0.297949,0.970034,0.319851,-0.000000,0.866025,0.500000,550.000000,68.050000
1.000000,0.312899,0.596317,0.794609,0.625797,-0.389993,0.675488,550.000000,91.933870
1.000000,-0.358731,-0.037904,0.380297,-0.717462,-0.348299,0.603271,550.000000,82.105235
1.000000,0.347213,0.871758,0.490071,-0.000000,0.866025,0.500000,550.000000,68.050000
1.000000,-0.011620,-0.220487,0.449896,-0.023240,-0.499865,0.865791,550.000000,117.834222
1.000000,-0.115588,0.697519,0.791861,-0.000000,0.866025,0.500000,550.000000,68.050000
1.000000,-0.472718,0.641754,0.558622,-0.945436,-0.162904,0.282158,550.000000,38.401721
1.000000,-0.290461,-0.067597,0.430912,-0.580923,-0.406979,0.704909,550.000000,95.938100
1.000000,-0.259559,0.734452,0.727892,-0.000000,0.866025,0.500000,550.000000,68.050000
1.000000,0.197518,1.058754,0.166184,-0.000000,0.866025,0.500000,550.000000,68.050000
1.000000,-0.448417,0.355791,0.460818,-0.896833,-0.221184,0.383102,550.000000,52.140219
1.000000,-0.492885,-0.038963,0.074555,-0.985771,-0.084048,0.145576,550.000000,19.812864
1.000000,-0.487140,0.428799,0.377670,-0.974279,-0.112672,0.195154,550.000000,26.560428
1.000000,-0.495932,0.761746,0.513293,-0.991864,-0.063652,0.110248,550.000000,15.004738
1.000000,0.336078,0.398305,0.657437,0.672155,-0.370205,0.641214,550.000000,87.269232
1.000000,-0.419159,0.535001,0.623643,-0.838319,-0.272590,0.472140,550.000000,64.258236
1.000000,-0.368528,-0.104546,0.329832,-0.737056,-0.337916,0.585288,550.000000,79.657658
1.000000,-0.363308,0.371495,0.611148,-0.726616,-0.343522,0.594998,550.000000,80.979165
1.000000,-0.481526,0.382594,0.376379,-0.963052,-0.134657,0.233233,550.000000,31.742959
1.000000,-0.096830,0.520330,0.866833,-0.193660,-0.490534,0.849630,550.000000,115.634709
1.000000,-0.056368,0.188887,0.682724,-0.112736,-0.496812,0.860504,550.000000,117.114658
1.000000,-0.379394,0.771549,0.663638,-0.000000,0.866025,0.500000,550.000000,68.050000
1.000000,0.347887,0.691672,0.801989,-0.000000,0.866025,0.500000,550.000000,68.050000
1.000000,-0.146860,0.521783,0.853136,-0.293719,-0.477946,0.827826,550.000000,112.667185
1.000000,-0.374196,0.274288,0.541292,-0.748392,-0.331629,0.574397,550.000000,78.175492
1.000000,-0.216473,0.957960,0.340765,-0.000000,0.866025,0.500000,550.000000,68.050000
1.000000,-0.039309,0.180764,0.679927,-0.078618,-0.498452,0.863345,550.000000,117.501240
1.000000,-0.268777,0.069267,0.526830,-0.537554,-0.421615,0.730258,550.000000,99.388094
1.000000,-0.239860,0.060918,0.541750,-0.479721,-0.438711,0.759869,550.000000,103.418170
1.000000,-0.483536,0.795526,0.606234,-0.967072,-0.127251,0.220406,550.000000,29.997227
1.000000,-0.273365,0.308952,0.661794,-0.546731,-0.418654,0.725131,550.000000,98.690267
1.000000,-0.399017,0.857470,0.514818,-0.000000,0.866025,0.500000,550.000000,68.050000
1.000000,-0.275168,0.920860,0.405024,-0.000000,0.866025,0.500000,550.000000,68.050000
1.000000,-0.238322,0.357174,0.713761,-0.476644,-0.439548,0.761320,550.000000,103.615644
1.000000,-0.050552,0.257161,0.722864,-0.101105,-0.497438,0.861588,550.000000,117.262086
1.000000,0.309994,0.919818,0.406828,-0.000000,0.866025,0.500000,550.000000,68.050000
1.000000,0.276934,0.862917,0.505384,-0.000000,0.866025,0.500000,550.000000,68.050000
1.000000,-0.177528,0.205324,0.658277,-0.355056,-0.467422,0.809599,550.000000,110.186479
1.000000,-0.105644,0.991915,0.281953,-0.000000,0.866025,0.500000,550.000000,68.050000
1.000000,-0.111117,0.652187,0.870380,-0.000000,0.866025,0.500000,550.000000,68.050000
1.000000,-0.115189,0.065265,0.599501,-0.230378,-0.486551,0.842730,550.000000,114.695598
1.000000,0.492819,0.857645,0.514515,-0.000000,0.866025,0.500000,550.000000,68.050000
1.000000,-0.297480,0.229124,0.596333,-0.594959,-0.401878,0.696073,550.000000,94.735550
1.000000,0.355723,-0.049772,0.376991,0.711447,-0.351370,0.608591,550.000000,82.829211
1.000000,-0.172758,0.639081,0.893078,-0.000000,0.866025,0.500000,550.000000,68.050000
1.000000,-0.134867,0.033403,0.575236,-0.269735,-0.481467,0.833926,550.000000,113.497313
1.000000,-0.073272,0.919836,0.406797,-0.000000,0.866025,0.500000,550.000000,68.050000
1.000000,-0.223604,0.520589,0.816961,-0.447208,-0.447215,0.774599,550.000000,105.422934
1.000000,0.229668,1.009049,0.252276,-0.000000,0.866025,0.500000,550.000000,68.050000
1.000000,-0.314289,1.055953,0.171035,-0.000000,0.866025,0.500000,550.000000,68.050000
1.000000,-0.371646,0.708110,0.773517,-0.000000,0.866025,0.500000,550.000000,68.050000
1.000000,-0.130811,0.243506,0.697830,-0.261622,-0.482585,0.835862,550.000000,113.760841
1.000000,-0.334138,0.920793,0.405141,-0.000000,0.866025,0.500000,550.000000,68.050000
1.000000,-0.304932,0.979751,0.303022,-0.000000,0.866025,0.500000,550.000000,68.050000
1.000000,-0.057613,0.649912,0.874320,-0.000000,0.866025,0.500000,550.000000,68.050000
1.000000,-0.035313,0.886286,0.464908,-0.000000,0.866025,0.500000,550.000000,68.050000
1.000000,-0.451666,0.109500,0.310870,-0.903331,-0.214472,0.371476,550.000000,50.557864
1.000000,0.373333,0.705337,0.778320,-0.000000,0.866025,0.500000,550.000000,68.050000
1.000000,-0.106208,-0.191868,0.453400,-0.212417,-0.488590,0.846262,550.000000,115.176256
1.000000,0.386087,0.320255,0.551754,0.772174,-0.317705,0.550282,550.000000,74.893387
1.000000,0.410746,0.872586,0.488636,-0.000000,0.866025,0.500000,550.000000,68.050000
1.000000,-0.014249,0.793404,0.625784,-0.000000,0.866025,0.500000,550.000000,68.050000
1.000000,-0.243903,0.740034,0.718223,-0.000000,0.866025,0.500000,550.000000,68.050000
1.000000,-0.473300,0.733735,0.609767,-0.946599,-0.161206,0.279217,550.000000,38.001485
1.000000,-0.272854,0.135569,0.562076,-0.545709,-0.418987,0.725708,550.000000,98.768799
1.000000,-0.164794,1.004473,0.260202,-0.000000,0.866025,0.500000,550.000000,68.050000
1.000000,0.281574,0.430448,0.725616,0.563148,-0.413178,0.715645,550.000000,97.399326
1.000000,-0.082113,0.939755,0.372297,-0.000000,0.866025,0.500000,550.000000,68.050000
1.000000,0.370702,0.480166,0.664660,0.741404,-0.335529,0.581154,550.000000,79.095028
1.000000,-0.440691,0.364759,0.483338,-0.881381,-0.236203,0.409116,550.000000,55.680644
1.000000,-0.282872,0.199677,0.591356,-0.565743,-0.412291,0.714108,550.000000,97.190149
1.000000,0.414138,0.529825,0.629396,0.828276,-0.280160,0.485252,550.000000,66.042773
1.000000,0.283673,-0.158735,0.383790,0.567346,-0.411740,0.713154,550.000000,97.060323
1.000000,-0.204485,0.816317,0.586097,-0.000000,0.866025,0.500000,550.000000,68.050000
1.000000,-0.127403,1.045417,0.189285,-0.000000,0.866025,0.500000,550.000000,68.050000
1.000000,-0.158279,0.944291,0.364440,-0.000000,0.866025,0.500000,550.000000,68.050000
1.000000,0.411270,0.778996,0.650740,-0.000000,0.866025,0.500000,550.000000,68.050000
1.000000,-0.168383,0.227731,0.675107,-0.336767,-0.470794,0.815439,550.000000,110.981268
1.000000,-0.187934,0.139386,0.615490,-0.375868,-0.463337,0.802523,550.000000,109.223323
1.000000,0.485875,0.493388,0.421118,0.971751,-0.118004,0.204390,550.000000,27.817429
1.000000,0.336873,0.296844,0.598024,0.673745,-0.369482,0.639961,550.000000,87.098757
1.000000,-0.180885,0.914682,0.415724,-0.000000,0.866025,0.500000,550.000000,68.050000
1.000000,-0.127907,0.943499,0.365812,-0.000000,0.866025,0.500000,550.000000,68.050000
1.000000,0.397008,0.274926,0.509698,0.794017,-0.303948,0.526453,550.000000,71.650305
1.000000,0.259917,-0.185964,0.385845,0.519833,-0.427134,0.739818,550.000000,100.689177
1.000000,-0.072443,0.773084,0.660979,-0.000000,0.866025,0.500000,550.000000,68.050000
1.000000,-0.399939,0.078481,0.391815,-0.799878,-0.300081,0.519756,550.000000,70.738787
1.000000,-0.025398,0.158398,0.668056,-0.050796,-0.499355,0.864907,550.000000,117.713901
1.000000,0.474660,0.128147,0.255454,0.949320,-0.157156,0.272202,550.000000,37.046657
1.000000,-0.084577,0.558855,0.891686,-0.169154,-0.492795,0.853546,550.000000,116.167557
1.000000,-0.389480,0.999495,0.268823,-0.000000,0.866025,0.500000,550.000000,68.050000
1.000000,0.343130,0.971397,0.317491,-0.000000,0.866025,0.500000,550.000000,68.050000
1.000000,-0.405958,-0.038543,0.314789,-0.811917,-0.291886,0.505562,550.000000,68.807019
1.000000,-0.084030,0.286594,0.734604,-0.168059,-0.492888,0.853708,550.000000,116.189633
1.000000,0.327348,0.932807,0.384331,-0.000000,0.866025,0.500000,550.000000,68.050000
1.000000,-0.140812,0.748691,0.703229,-0.000000,0.866025,0.500000,550.000000,68.050000
1.000000,0.332003,0.837466,0.549467,-0.000000,0.866025,0.500000,550.000000,68.050000
1.000000,-0.157607,0.806589,0.602947,-0.000000,0.866025,0.500000,550.000000,68.050000
1.000000,-0.137711,0.346133,0.754860,-0.275422,-0.480662,0.832530,550.000000,113.307390
1.000000,-0.329409,0.069344,0.474378,-0.658818,-0.376151,0.651513,550.000000,88.670925
1.000000,-0.147795,0.309493,0.730237,-0.295590,-0.477657,0.827327,550.000000,112.599198
1.000000,0.419976,0.259748,0.463271,0.839952,-0.271330,0.469958,550.000000,63.961289
1.000000,-0.013165,0.973693,0.313515,-0.000000,0.866025,0.500000,550.000000,68.050000
1.000000,-0.226050,0.789660,0.632269,-0.000000,0.866025,0.500000,550.000000,68.050000
1.000000,0.324057,0.861261,0.508252,-0.000000,0.866025,0.500000,550.000000,68.050000
1.000000,-0.053345,0.902173,0.437391,-0.000000,0.866025,0.500000,550.000000,68.050000
1.000000,-0.151031,0.344048,0.749017,-0.302062,-0.476644,0.825572,550.000000,112.360338
1.000000,-0.406339,0.781534,0.646343,-0.000000,0.866025,0.500000,550.000000,68.050000
1.000000,-0.193962,0.178267,0.635061,-0.387923,-0.460846,0.798208,550.000000,108.636156
1.000000,-0.133348,-0.021194,0.544203,-0.266695,-0.481890,0.834659,550.000000,113.597051
1.000000,-0.353359,0.856699,0.516153,-0.000000,0.866025,0.500000,550.000000,68.050000
1.000000,0.255721,0.652803,0.869312,-0.000000,0.866025,0.500000,550.000000,68.050000
1.000000,-0.449522,0.705375,0.660046,-0.899044,-0.218930,0.379197,550.000000,51.608737
1.000000,-0.337210,0.048268,0.454153,-0.674420,-0.369174,0.639428,550.000000,87.026114
1.000000,0.424183,-0.127140,0.232252,0.848365,-0.264706,0.458484,550.000000,62.399646
1.000000,-0.262266,0.392389,0.718097,-0.524531,-0.425696,0.737326,550.000000,100.350117
1.000000,-0.156620,0.091653,0.601211,-0.313239,-0.474837,0.822442,550.000000,111.934355
1.000000,-0.201582,0.865330,0.501204,-0.000000,0.866025,0.500000,550.000000,68.050000
1.000000,-0.402195,0.245125,0.484528,-0.804390,-0.297051,0.514507,550.000000,70.024453
1.000000,-0.112100,-0.085731,0.513156,-0.224199,-0.487272,0.843979,550.000000,114.865578
1.000000,-0.027077,0.245528,0.718259,-0.054153,-0.499266,0.864755,550.000000,117.693105
1.000000,-0.060753,0.767448,0.670741,-0.000000,0.866025,0.500000,550.000000,68.050000
1.000000,-0.212037,1.070503,0.145835,-0.000000,0.866025,0.500000,550.000000,68.050000
1.000000,-0.463510,0.634153,0.582643,-0.927019,-0.187507,0.324771,550.000000,44.201391
1.000000,0.268968,-0.031703,0.468394,0.537936,-0.421493,0.730047,550.000000,99.359373
1.000000,-0.164714,0.335955,0.739086,-0.329429,-0.472090,0.817684,550.000000,111.286829
1.000000,-0.378743,0.561116,0.700884,-0.757487,-0.326425,0.565385,550.000000,76.948899
1.000000,-0.226234,-0.171877,0.415637,-0.452468,-0.445890,0.772304,550.000000,105.110639
1.000000,-0.038914,0.504327,0.866772,-0.077827,-0.498483,0.863399,550.000000,117.508554
1.000000,-0.246781,0.587521,0.841333,-0.493561,-0.434855,0.753192,550.000000,102.509399
1.000000,0.347590,0.576282,0.747736,0.695181,-0.359417,0.622529,550.000000,84.726237
1.000000,-0.355508,0.617928,0.762740,-0.711016,-0.351588,0.608968,550.000000,82.880572
1.000000,-0.011437,0.781282,0.646779,-0.000000,0.866025,0.500000,550.000000,68.050000
1.000000,-0.415456,0.237282,0.458234,-0.830913,-0.278201,0.481859,550.000000,65.580988
1.000000,-0.067645,1.019494,0.234184,-0.000000,0.866025,0.500000,550.000000,68.050000
1.000000,-0.128108,0.799815,0.614681,-0.000000,0.866025,0.500000,550.000000,68.050000
1.000000,-0.379646,0.072059,0.417314,-0.759292,-0.325375,0.563566,550.000000,76.701299
1.000000,-0.444821,0.805079,0.605562,-0.000000,0.866025,0.500000,550.000000,68.050000
1.000000,0.357678,0.362246,0.612572,0.715356,-0.349380,0.605144,550.000000,82.360074
1.000000,-0.073081,1.099328,0.095909,-0.000000,0.866025,0.500000,550.000000,68.050000
1.000000,-0.027303,1.084402,0.121761,-0.000000,0.866025,0.500000,550.000000,68.050000
1.000000,-0.071097,-0.017035,0.561649,-0.142194,-0.494919,0.857226,550.000000,116.668404
1.000000,-0.045646,0.976626,0.308435,-0.000000,0.866025,0.500000,550.000000,68.050000
1.000000,-0.171939,0.999694,0.268479,-0.000000,0.866025,0.500000,550.000000,68.050000
1.000000,-0.435235,0.502991,0.574585,-0.870471,-0.246110,0.426275,550.000000,58.016043
1.000000,-0.418422,0.520011,0.616295,-0.836843,-0.273721,0.474099,550.000000,64.524938
1.000000,0.409581,0.019150,0.342203,0.819162,-0.286781,0.496720,550.000000,67.603583
1.000000,-0.098243,0.908959,0.425637,-0.000000,0.866025,0.500000,550.000000,68.050000
1.000000,-0.022999,0.281600,0.739321,-0.045997,-0.499471,0.865109,550.000000,117.741303
1.000000,-0.068649,0.653920,0.867378,-0.000000,0.866025,0.500000,550.000000,68.050000
1.000000,-0.249063,-0.135510,0.422386,-0.498126,-0.433552,0.750935,550.000000,102.202192
1.000000,-0.115901,0.793348,0.625882,-0.000000,0.866025,0.500000,550.000000,68.050000
1.000000,-0.414080,0.453151,0.585227,-0.828160,-0.280246,0.485400,550.000000,66.062917
1.000000,0.375011,0.407972,0.617409,0.750023,-0.330706,0.572799,550.000000,77.958002
1.000000,-0.006242,0.070524,0.618022,-0.012483,-0.499961,0.865958,550.000000,117.856873
1.000000,-0.118810,0.711514,0.767622,-0.000000,0.866025,0.500000,550.000000,68.050000
1.000000,0.287053,0.628624,0.835659,0.574106,-0.409390,0.709085,550.000000,96.506453
1.000000,0.275655,-0.179932,0.377800,0.551310,-0.417150,0.722525,550.000000,98.335714
1.000000,-0.448165,0.510201,0.550555,-0.896330,-0.221694,0.383985,550.000000,52.260422
1.000000,-0.053910,0.246288,0.716179,-0.107819,-0.497085,0.860977,550.000000,117.178960
1.000000,-0.414407,0.423206,0.567380,-0.828813,-0.279763,0.484563,550.000000,65.949069
1.000000,-0.280364,0.809951,0.597124,-0.000000,0.866025,0.500000,550.000000,68.050000
1.000000,0.250985,0.873230,0.487521,-0.000000,0.866025,0.500000,550.000000,68.050000
1.000000,-0.102749,0.195921,0.678143,-0.205499,-0.489329,0.847542,550.000000,115.350492
1.000000,0.258445,-0.010961,0.487913,0.516891,-0.428026,0.741362,550.000000,100.899398
1.000000,0.273853,0.314334,0.664533,0.547706,-0.418335,0.724578,550.000000,98.615082
1.000000,-0.097470,0.632577,0.904345,-0.000000,0.866025,0.500000,550.000000,68.050000
1.000000,-0.469500,0.309970,0.377521,-0.939000,-0.171958,0.297840,550.000000,40.536019
1.000000,-0.190743,0.090355,0.585855,-0.381486,-0.462187,0.800532,550.000000,108.952372
1.000000,-0.109612,-0.203169,0.446006,-0.219225,-0.487837,0.844959,550.000000,114.998890
1.000000,0.491305,0.638750,0.475989,0.982609,-0.092843,0.160809,550.000000,21.886130
1.000000,0.399097,0.116693,0.415169,0.798194,-0.301200,0.521694,550.000000,71.002505
1.000000,-0.472272,0.013389,0.197323,-0.944544,-0.164192,0.284389,550.000000,38.705396
1.000000,-0.229685,0.259000,0.662362,-0.459371,-0.444122,0.769243,550.000000,104.693905
1.000000,0.262875,0.781081,0.647128,-0.000000,0.866025,0.500000,550.000000,68.050000
1.000000,0.373988,0.889481,0.459374,-0.000000,0.866025,0.500000,550.000000,68.050000
1.000000,0.096247,1.084704,0.121238,-0.000000,0.866025,0.500000,550.000000,68.050000
1.000000,-0.063344,0.010626,0.578833,-0.126687,-0.495971,0.859048,550.000000,116.916379
1.000000,-0.001622,0.385463,0.799895,-0.003245,-0.499997,0.866021,550.000000,117.865437
1.000000,-0.128214,0.794763,0.623430,-0.000000,0.866025,0.500000,550.000000,68.050000
1.000000,-0.362169,1.030885,0.214455,-0.000000,0.866025,0.500000,550.000000,68.050000
1.000000,-0.101882,0.770220,0.665939,-0.000000,0.866025,0.500000,550.000000,68.050000
1.000000,-0.055589,0.980052,0.302501,-0.000000,0.866025,0.500000,550.000000,68.050000
1.000000,0.302851,0.897681,0.445171,-0.000000,0.866025,0.500000,550.000000,68.050000
1.000000,0.417804,0.930939,0.387566,-0.000000,0.866025,0.500000,550.000000,68.050000
1.000000,0.294036,0.117472,0.534788,0.588071,-0.404405,0.700449,550.000000,95.331145
1.000000,0.355256,0.143213,0.488957,0.710511,-0.351843,0.609410,550.000000,82.940678
1.000000,-0.258927,0.785000,0.640340,-0.000000,0.866025,0.500000,550.000000,68.050000
1.000000,-0.248414,1.058701,0.166277,-0.000000,0.866025,0.500000,550.000000,68.050000
1.000000,-0.021399,0.415182,0.816527,-0.042798,-0.499542,0.865232,550.000000,117.758063
1.000000,-0.026984,1.060064,0.163915,-0.000000,0.866025,0.500000,550.000000,68.050000
1.000000,-0.220327,0.402521,0.750670,-0.440653,-0.448839,0.777411,550.000000,105.805691
1.000000,-0.276067,0.381769,0.701783,-0.552133,-0.416878,0.722054,550.000000,98.271514
1.000000,-0.440268,0.239850,0.412129,-0.880537,-0.236989,0.410477,550.000000,55.865933
1.000000,-0.441732,0.656294,0.649401,-0.883463,-0.234250,0.405734,550.000000,55.220342
1.000000,0.375034,0.499679,0.670327,0.750068,-0.330681,0.572755,550.000000,77.952019
1.000000,-0.052298,0.326146,0.762484,-0.104595,-0.497257,0.861275,550.000000,117.219547
1.000000,-0.309633,0.217923,0.579143,-0.619266,-0.392590,0.679987,550.000000,92.546187
1.000000,0.301732,0.268475,0.615378,0.603464,-0.398695,0.690561,550.000000,93.985289
1.000000,-0.168273,-0.063678,0.506908,-0.336545,-0.470834,0.815508,550.000000,110.990615
1.000000,-0.433481,0.862002,0.506968,-0.000000,0.866025,0.500000,550.000000,68.050000
1.000000,-0.118356,-0.056166,0.528515,-0.236712,-0.485790,0.841413,550.000000,114.516301
1.000000,-0.295769,0.076889,0.509896,-0.591539,-0.403138,0.698256,550.000000,95.032623
1.000000,-0.146105,0.506377,0.844508,-0.292210,-0.478177,0.828227,550.000000,112.721706
1.000000,-0.285838,0.263560,0.625871,-0.571675,-0.410240,0.710557,550.000000,96.706758
1.000000,-0.086624,0.802852,0.609420,-0.000000,0.866025,0.500000,550.000000,68.050000
1.000000,0.324625,-0.077652,0.394286,0.649249,-0.380288,0.658678,550.000000,89.646073
1.000000,-0.087884,0.848128,0.530999,-0.000000,0.866025,0.500000,550.000000,68.050000
1.000000,-0.171234,-0.107017,0.480651,-0.342468,-0.469765,0.813657,550.000000,110.738651
1.000000,-0.115173,0.843387,0.539210,-0.000000,0.866025,0.500000,550.000000,68.050000
1.000000,-0.485389,0.837808,0.548874,-0.000000,0.866025,0.500000,550.000000,68.050000
1.000000,-0.118868,0.020517,0.572643,-0.237735,-0.485665,0.841196,550.000000,114.486833
1.000000,-0.240165,0.598583,0.851979,-0.480331,-0.438544,0.759580,550.000000,103.378849
1.000000,-0.238813,1.056160,0.170678,-0.000000,0.866025,0.500000,550.000000,68.050000
1.000000,-0.020106,0.737821,0.722057,-0.000000,0.866025,0.500000,550.000000,68.050000
1.000000,-0.186585,-0.192680,0.424400,-0.373171,-0.463881,0.803466,550.000000,109.351731
1.000000,0.495767,0.358122,0.281730,0.991534,-0.064924,0.112452,550.000000,15.304779
1.000000,-0.041425,1.054760,0.173101,-0.000000,0.866025,0.500000,550.000000,68.050000
1.000000,-0.114089,0.923696,0.400111,-0.000000,0.866025,0.500000,550.000000,68.050000
1.000000,-0.372775,0.117542,0.452638,-0.745551,-0.333225,0.577162,550.000000,78.551725
1.000000,-0.457838,0.926689,0.394928,-0.000000,0.866025,0.500000,550.000000,68.050000
1.000000,0.298525,-0.105012,0.402524,0.597050,-0.401102,0.694729,550.000000,94.552646
1.000000,-0.273818,0.829470,0.563316,-0.000000,0.866025,0.500000,550.000000,68.050000
1.000000,-0.155292,0.024723,0.563072,-0.310583,-0.475273,0.823197,550.000000,112.037135
1.000000,-0.233647,1.064977,0.155406,-0.000000,0.866025,0.500000,550.000000,68.050000
1.000000,-0.281815,0.973971,0.313033,-0.000000,0.866025,0.500000,550.000000,68.050000
1.000000,-0.268386,0.024468,0.501253,-0.536773,-0.421863,0.730689,550.000000,99.446773
1.000000,-0.137587,0.094817,0.609804,-0.275174,-0.480697,0.832592,550.000000,113.315761
1.000000,0.277279,0.830567,0.561415,-0.000000,0.866025,0.500000,550.000000,68.050000
1.000000,0.059770,1.103323,0.088988,-0.000000,0.866025,0.500000,550.000000,68.050000
1.000000,-0.110851,0.494781,0.848645,-0.221701,-0.487557,0.844474,550.000000,114.932916
1.000000,0.084928,1.082444,0.125153,-0.000000,0.866025,0.500000,550.000000,68.050000
1.000000,-0.117675,-0.126228,0.488255,-0.235349,-0.485955,0.841699,550.000000,114.555297
1.000000,-0.317472,-0.167641,0.349249,-0.634944,-0.386279,0.669055,550.000000,91.058431
1.000000,-0.462130,0.857291,0.515129,-0.000000,0.866025,0.500000,550.000000,68.050000
1.000000,-0.172417,0.614170,0.896529,-0.344834,-0.469332,0.812907,550.000000,110.636603
1.000000,-0.030938,0.597680,0.921315,-0.061876,-0.499042,0.864366,550.000000,117.640211
1.000000,-0.149887,0.082953,0.598691,-0.299774,-0.477005,0.826197,550.000000,112.445420
1.000000,-0.375179,0.416358,0.622032,-0.750357,-0.330516,0.572471,550.000000,77.913327
1.000000,-0.472050,0.754053,0.625681,-0.944100,-0.164829,0.285493,550.000000,38.855530
1.000000,-0.175148,0.409345,0.777104,-0.350297,-0.468319,0.811153,550.000000,110.397919
1.000000,0.326301,0.121381,0.507538,0.652602,-0.378850,0.656188,550.000000,89.307195
1.000000,0.352895,0.410425,0.645966,0.705790,-0.354211,0.613511,550.000000,83.498819
1.000000,-0.052077,0.649876,0.874381,-0.000000,0.866025,0.500000,550.000000,68.050000
1.000000,-0.074671,0.834057,0.555371,-0.000000,0.866025,0.500000,550.000000,68.050000
1.000000,-0.491439,0.530088,0.412429,-0.982878,-0.092130,0.159574,550.000000,21.717996
1.000000,-0.118226,0.810721,0.595790,-0.000000,0.866025,0.500000,550.000000,68.050000
1.000000,0.449930,0.882126,0.472113,-0.000000,0.866025,0.500000,550.000000,68.050000
1.000000,0.466106,0.567732,0.536729,0.932213,-0.180955,0.313423,550.000000,42.656934
1.000000,-0.041828,0.525593,0.878778,-0.083655,-0.498247,0.862990,550.000000,117.452909
1.000000,-0.482892,0.082717,0.197490,-0.965785,-0.129673,0.224600,550.000000,30.567999
1.000000,0.399802,0.494602,0.632273,0.799604,-0.300264,0.520072,550.000000,70.781786
1.000000,-0.007585,0.050661,0.606533,-0.015171,-0.499942,0.865926,550.000000,117.852494
1.000000,-0.182055,0.568645,0.866026,-0.364110,-0.465678,0.806578,550.000000,109.775269
1.000000,-0.224123,0.937102,0.376891,-0.000000,0.866025,0.500000,550.000000,68.050000
1.000000,-0.127274,-0.031427,0.540188,-0.254549,-0.483530,0.837499,550.000000,113.983549
1.000000,0.096353,1.058191,0.167159,-0.000000,0.866025,0.500000,550.000000,68.050000
1.000000,-0.168643,0.645597,0.881794,-0.000000,0.866025,0.500000,550.000000,68.050000
1.000000,-0.115831,0.690402,0.804188,-0.000000,0.866025,0.500000,550.000000,68.050000
1.000000,-0.048750,0.620970,0.924448,-0.000000,0.866025,0.500000,550.000000,68.050000
1.000000,-0.264098,0.707215,0.775069,-0.000000,0.866025,0.500000,550.000000,68.050000
1.000000,-0.266654,0.161967,0.581905,-0.533308,-0.422961,0.732589,550.000000,99.705393
1.000000,0.412622,-0.029585,0.308993,0.825243,-0.282389,0.489112,550.000000,66.568118
1.000000,-0.496349,0.432111,0.319120,-0.992699,-0.060311,0.104461,550.000000,14.217144
1.000000,-0.425576,0.462035,0.569818,-0.851153,-0.262459,0.454593,550.000000,61.870057
1.000000,-0.123201,0.581595,0.895333,-0.246402,-0.484584,0.839324,550.000000,114.231978
1.000000,0.381666,0.198406,0.487522,0.763332,-0.323003,0.559458,550.000000,76.142173
1.000000,-0.441169,0.836230,0.551608,-0.000000,0.866025,0.500000,550.000000,68.050000
1.000000,0.208074,1.090478,0.111237,-0.000000,0.866025,0.500000,550.000000,68.050000
1.000000,0.111440,1.037622,0.202786,-0.000000,0.866025,0.500000,550.000000,68.050000
1.000000,-0.044075,0.361245,0.783668,-0.088150,-0.498054,0.862654,550.000000,117.407230
1.000000,0.494057,0.895989,0.448101,-0.000000,0.866025,0.500000,550.000000,68.050000
1.000000,-0.154727,0.797088,0.619404,-0.000000,0.866025,0.500000,550.000000,68.050000
1.000000,0.496134,0.824122,0.547465,0.992268,-0.062058,0.107487,550.000000,14.629035
1.000000,-0.478595,0.243273,0.307573,-0.957190,-0.144730,0.250680,550.000000,34.117507
1.000000,0.342241,0.466669,0.690337,0.684482,-0.364515,0.631358,550.000000,85.927865
1.000000,-0.325190,0.669150,0.824894,-0.650381,-0.379804,0.657840,550.000000,89.532019
1.000000,-0.027241,0.907867,0.427528,-0.000000,0.866025,0.500000,550.000000,68.050000
1.000000,-0.160809,0.014219,0.554884,-0.321619,-0.473435,0.820013,550.000000,111.603738
1.000000,0.253473,0.476876,0.772987,0.506946,-0.430989,0.746495,550.000000,101.597908
1.000000,0.167435,1.003849,0.261283,-0.000000,0.866025,0.500000,550.000000,68.050000
1.000000,-0.190329,-0.103159,0.474326,-0.380659,-0.462358,0.800827,550.000000,108.992580
1.000000,-0.016193,-0.227626,0.445628,-0.032386,-0.499738,0.865571,550.000000,117.804229
1.000000,0.351281,0.690873,0.803373,-0.000000,0.866025,0.500000,550.000000,68.050000
1.000000,-0.275242,-0.016859,0.472265,-0.550483,-0.417423,0.722998,550.000000,98.400020
1.000000,-0.024896,-0.157405,0.485756,-0.049791,-0.499380,0.864951,550.000000,117.719863
1.000000,-0.302039,0.464855,0.728489,-0.604078,-0.398462,0.690157,550.000000,93.930402
1.000000,-0.281548,0.561127,0.801084,-0.563096,-0.413196,0.715676,550.000000,97.403522
1.000000,0.472957,0.403801,0.420436,0.945915,-0.162208,0.280952,550.000000,38.237567
1.000000,0.252279,0.380578,0.718198,0.504559,-0.431689,0.747707,550.000000,101.762901
1.000000,-0.030175,0.984901,0.294102,-0.000000,0.866025,0.500000,550.000000,68.050000
1.000000,-0.023101,0.357777,0.783296,-0.046203,-0.499466,0.865101,550.000000,117.740185
1.000000,-0.304310,0.197815,0.572314,-0.608620,-0.396731,0.687158,550.000000,93.522224
1.000000,0.261584,0.518418,0.791343,0.523169,-0.426115,0.738052,550.000000,100.448894
1.000000,-0.457124,0.419353,0.476029,-0.914249,-0.202577,0.350873,550.000000,47.753805
1.000000,-0.354544,0.824654,0.571657,-0.000000,0.866025,0.500000,550.000000,68.050000
1.000000,-0.141488,0.412505,0.791912,-0.282976,-0.479564,0.830628,550.000000,113.048530
1.000000,0.269939,0.163608,0.580440,0.539878,-0.420872,0.728971,550.000000,99.212958
1.000000,-0.211902,-0.156414,0.432632,-0.423805,-0.452877,0.784406,550.000000,106.757591
1.000000,0.415266,-0.112828,0.256426,0.830532,-0.278486,0.482351,550.000000,65.648031
1.000000,-0.360197,-0.163878,0.305815,-0.720395,-0.346782,0.600644,550.000000,81.747684
1.000000,-0.400917,0.836941,0.550375,-0.000000,0.866025,0.500000,550.000000,68.050000
1.000000,-0.472699,0.847881,0.531427,-0.000000,0.866025,0.500000,550.000000,68.050000
1.000000,0.042312,1.026634,0.221819,-0.000000,0.866025,0.500000,550.000000,68.050000
1.000000,-0.006564,0.875012,0.484435,-0.000000,0.866025,0.500000,550.000000,68.050000
1.000000,0.298054,0.502027,0.753402,0.596108,-0.401452,0.695335,550.000000,94.635155
1.000000,-0.346480,-0.043607,0.391079,-0.692960,-0.360488,0.624383,550.000000,84.978573
1.000000,-0.072909,0.257256,0.719706,-0.145819,-0.494656,0.856769,550.000000,116.606229
1.000000,0.332262,0.160840,0.524296,0.664524,-0.373633,0.647152,550.000000,88.077367
1.000000,-0.288133,0.157660,0.562871,-0.576266,-0.408631,0.707770,550.000000,96.327465
1.000000,-0.474947,0.111537,0.244860,-0.949894,-0.156287,0.270696,550.000000,36.841749
1.000000,0.475823,0.770928,0.622454,0.951647,-0.153597,0.266038,550.000000,36.207771
1.000000,-0.372965,0.398543,0.614628,-0.745930,-0.333012,0.576794,550.000000,78.501698
1.000000,-0.055237,-0.166207,0.477857,-0.110474,-0.496939,0.860724,550.000000,117.144599
1.000000,0.353163,0.949218,0.355907,-0.000000,0.866025,0.500000,550.000000,68.050000
1.000000,-0.148202,0.751615,0.698165,-0.000000,0.866025,0.500000,550.000000,68.050000
1.000000,-0.202926,-0.161069,0.434670,-0.405852,-0.456969,0.791494,550.000000,107.722348
1.000000,0.436366,-0.065448,0.244077,0.872731,-0.244101,0.422795,550.000000,57.542365
1.000000,0.293258,0.514563,0.764700,0.586517,-0.404968,0.701426,550.000000,95.464074
1.000000,0.423141,0.462706,0.574718,0.846283,-0.266367,0.461361,550.000000,62.791287
1.000000,0.407190,0.365648,0.546163,0.814379,-0.290167,0.502583,550.000000,68.401570
1.000000,-0.063862,0.495222,0.858538,-0.127724,-0.495905,0.858932,550.000000,116.900703
1.000000,-0.045893,1.025602,0.223605,-0.000000,0.866025,0.500000,550.000000,68.050000
1.000000,-0.138707,0.790238,0.631267,-0.000000,0.866025,0.500000,550.000000,68.050000
1.000000,-0.142159,0.213446,0.676756,-0.284318,-0.479365,0.830284,550.000000,113.001714
1.000000,-0.215332,0.036283,0.542014,-0.430664,-0.451256,0.781599,550.000000,106.375569
1.000000,0.304452,0.140279,0.538969,0.608904,-0.396622,0.686969,550.000000,93.496520
1.000000,-0.005780,-0.047892,0.549661,-0.011561,-0.499967,0.865968,550.000000,117.858181
1.000000,-0.204062,0.269430,0.682634,-0.408124,-0.456463,0.790617,550.000000,107.603025
1.000000,0.453535,0.175959,0.344642,0.907071,-0.210489,0.364578,550.000000,49.619068
1.000000,0.348636,0.381911,0.634345,0.697272,-0.358403,0.620773,550.000000,84.487167
1.000000,-0.433972,0.155246,0.376379,-0.867944,-0.248331,0.430121,550.000000,58.539521
1.000000,-0.432654,0.245542,0.431156,-0.865308,-0.250621,0.434088,550.000000,59.079324
1.000000,-0.233466,0.198187,0.624970,-0.466932,-0.442147,0.765820,550.000000,104.228143
1.000000,0.422547,0.469072,0.579481,0.845093,-0.267310,0.462994,550.000000,63.013472
1.000000,-0.170495,0.672191,0.835731,-0.000000,0.866025,0.500000,550.000000,68.050000
1.000000,-0.437922,-0.079059,0.232982,-0.875844,-0.241298,0.417940,550.000000,56.881590
1.000000,-0.028595,0.988657,0.287596,-0.000000,0.866025,0.500000,550.000000,68.050000
1.000000,0.420354,0.267310,0.466960,0.840708,-0.270744,0.468943,550.000000,63.823153
1.000000,-0.321168,0.040850,0.466079,-0.642336,-0.383212,0.663742,550.000000,90.335265
1.000000,-0.364050,0.545349,0.710615,-0.728100,-0.342736,0.593635,550.000000,80.793767
1.000000,-0.374985,0.613900,0.736337,-0.749970,-0.330736,0.572852,550.000000,77.965144
1.000000,-0.037737,0.689255,0.806176,-0.000000,0.866025,0.500000,550.000000,68.050000
1.000000,-0.061731,0.728040,0.738998,-0.000000,0.866025,0.500000,550.000000,68.050000
1.000000,-0.420011,0.825943,0.569425,-0.000000,0.866025,0.500000,550.000000,68.050000
1.000000,-0.069802,0.092872,0.625316,-0.139604,-0.495104,0.857545,550.000000,116.711841
1.000000,-0.184249,-0.184236,0.430352,-0.368498,-0.464814,0.805082,550.000000,109.571648
1.000000,-0.039374,-0.179859,0.471715,-0.078749,-0.498447,0.863336,550.000000,117.500026
1.000000,0.441616,0.172854,0.370537,0.883233,-0.234468,0.406110,550.000000,55.271529
1.000000,-0.324519,0.372371,0.654211,-0.649039,-0.380378,0.658833,550.000000,89.667237
1.000000,-0.297078,0.210634,0.586001,-0.594156,-0.402175,0.696587,550.000000,94.805556
1.000000,0.276176,0.750412,0.700249,-0.000000,0.866025,0.500000,550.000000,68.050000
1.000000,0.136008,1.050892,0.179802,-0.000000,0.866025,0.500000,550.000000,68.050000
1.000000,-0.449003,0.706156,0.661724,-0.898005,-0.219992,0.381038,550.000000,51.859207
1.000000,-0.483400,-0.005622,0.144289,-0.966799,-0.127768,0.221301,550.000000,30.119108
1.000000,-0.398313,0.266514,0.502865,-0.796625,-0.302237,0.523489,550.000000,71.246881
1.000000,0.269850,0.000379,0.486266,0.539699,-0.420929,0.729070,550.000000,99.226483
1.000000,0.355858,0.141508,0.487270,0.711715,-0.351234,0.608355,550.000000,82.797136
1.000000,0.495372,0.670443,0.465448,0.990745,-0.067868,0.117552,550.000000,15.998763
1.000000,0.399077,0.031814,0.366194,0.798155,-0.301226,0.521739,550.000000,71.008708
1.000000,0.422272,0.886067,0.465287,-0.000000,0.866025,0.500000,550.000000,68.050000
1.000000,-0.179836,0.309373,0.717330,-0.359672,-0.466539,0.808070,550.000000,109.978328
1.000000,0.384370,0.092845,0.422855,0.768740,-0.319781,0.553877,550.000000,75.382621
1.000000,-0.169345,0.924188,0.399259,-0.000000,0.866025,0.500000,550.000000,68.050000
1.000000,0.287106,0.564426,0.798552,0.574213,-0.409353,0.709020,550.000000,96.497647
1.000000,-0.205286,-0.005300,0.523384,-0.410572,-0.455914,0.789666,550.000000,107.473589
1.000000,-0.460490,0.728781,0.645704,-0.920979,-0.194806,0.337413,550.000000,45.921948
1.000000,-0.103530,-0.132482,0.488350,-0.207061,-0.489164,0.847257,550.000000,115.311675
1.000000,-0.155527,0.472517,0.821517,-0.311054,-0.475196,0.823064,550.000000,112.018983
1.000000,-0.408813,0.716921,0.746324,-0.817625,-0.287875,0.498615,550.000000,67.861476
1.000000,0.450546,0.701092,0.655131,0.901092,-0.216814,0.375533,550.000000,51.109974
1.000000,-0.148182,0.088774,0.602667,-0.296364,-0.477538,0.827119,550.000000,112.570927
1.000000,0.464090,0.829268,0.563666,-0.000000,0.866025,0.500000,550.000000,68.050000
1.000000,-0.009093,0.607540,0.928018,-0.018186,-0.499917,0.865882,550.000000,117.846565
1.000000,0.104889,1.095207,0.103045,-0.000000,0.866025,0.500000,550.000000,68.050000
1.000000,-0.003392,0.515451,0.874933,-0.006784,-0.499988,0.866005,550.000000,117.863346
1.000000,-0.490481,0.428092,0.359282,-0.980961,-0.097101,0.168185,550.000000,22.889916
1.000000,-0.417195,0.269452,0.473788,-0.834391,-0.275587,0.477330,550.000000,64.964616
1.000000,-0.021112,0.420392,0.819549,-0.042223,-0.499554,0.865253,550.000000,117.760945
1.000000,-0.221902,0.184565,0.623936,-0.443803,-0.448062,0.776066,550.000000,105.622622
1.000000,-0.047638,-0.150402,0.487889,-0.095276,-0.497725,0.862086,550.000000,117.329876
1.000000,0.398512,-0.048587,0.320638,0.797023,-0.301974,0.523035,550.000000,71.185019
1.000000,-0.333599,0.496986,0.716992,-0.667198,-0.372440,0.645085,550.000000,87.796075
1.000000,-0.107778,0.627418,0.913281,-0.000000,0.866025,0.500000,550.000000,68.050000
1.000000,-0.235464,0.171418,0.608290,-0.470928,-0.441086,0.763983,550.000000,103.978112
1.000000,-0.036625,0.344359,0.774615,-0.073250,-0.498657,0.863699,550.000000,117.549424
1.000000,-0.445474,0.960727,0.335971,-0.000000,0.866025,0.500000,550.000000,68.050000
1.000000,-0.351163,0.087968,0.461778,-0.702326,-0.355928,0.616485,550.000000,83.903556
1.000000,-0.197702,1.083754,0.122882,-0.000000,0.866025,0.500000,550.000000,68.050000
1.000000,-0.340900,0.649179,0.797157,-0.681801,-0.365769,0.633530,550.000000,86.223488
1.000000,-0.217971,0.701490,0.784983,-0.000000,0.866025,0.500000,550.000000,68.050000
1.000000,-0.112504,-0.055266,0.530637,-0.225009,-0.487178,0.843818,550.000000,114.843582
1.000000,-0.239373,0.475522,0.781430,-0.478745,-0.438977,0.760330,550.000000,103.480945
1.000000,-0.273245,-0.190577,0.373481,-0.546490,-0.418733,0.725266,550.000000,98.708768
1.000000,-0.011233,0.572036,0.907469,-0.022466,-0.499874,0.865807,550.000000,117.836310
1.000000,-0.121578,0.304539,0.735848,-0.243156,-0.484994,0.840034,550.000000,114.328581
1.000000,0.272729,0.327454,0.672955,0.545458,-0.419069,0.725849,550.000000,98.788004
1.000000,-0.334104,0.880054,0.475702,-0.000000,0.866025,0.500000,550.000000,68.050000
1.000000,-0.283235,-0.034229,0.456022,-0.566470,-0.412041,0.713676,550.000000,97.131362
1.000000,-0.439806,0.208252,0.394874,-0.879613,-0.237845,0.411960,550.000000,56.067768
1.000000,-0.315572,0.069595,0.488012,-0.631143,-0.387833,0.671747,550.000000,91.424707
1.000000,0.453959,0.858093,0.513739,-0.000000,0.866025,0.500000,550.000000,68.050000
1.000000,-0.385529,0.952749,0.349791,-0.000000,0.866025,0.500000,550.000000,68.050000
1.000000,-0.366693,0.255322,0.539900,-0.733386,-0.339906,0.588735,550.000000,80.126817
1.000000,-0.149799,-0.234727,0.415310,-0.299598,-0.477033,0.826245,550.000000,112.451933
1.000000,-0.264771,-0.063632,0.453019,-0.529542,-0.424142,0.734635,550.000000,99.983840
1.000000,-0.441290,-0.100353,0.213509,-0.882580,-0.235081,0.407172,550.000000,55.416122
1.000000,-0.205810,-0.039063,0.503618,-0.411620,-0.455678,0.789257,550.000000,107.417875
1.000000,-0.382146,0.052621,0.402697,-0.764292,-0.322435,0.558474,550.000000,76.008280
1.000000,-0.320242,0.878920,0.477665,-0.000000,0.866025,0.500000,550.000000,68.050000
1.000000,-0.058888,1.070918,0.145115,-0.000000,0.866025,0.500000,550.000000,68.050000
1.000000,-0.492115,0.260632,0.252605,-0.984230,-0.088446,0.153193,550.000000,20.849589
1.000000,-0.489508,0.211067,0.239513,-0.979016,-0.101891,0.176480,550.000000,24.018980
1.000000,0.261481,0.384450,0.714070,0.522961,-0.426178,0.738162,550.000000,100.463885
1.000000,-0.413701,0.653808,0.701722,-0.827402,-0.280805,0.486368,550.000000,66.194734
1.000000,-0.407486,0.923942,0.399685,-0.000000,0.866025,0.500000,550.000000,68.050000
1.000000,-0.444093,0.231230,0.398783,-0.888186,-0.229742,0.397924,550.000000,54.157469
1.000000,-0.115427,-0.053684,0.530761,-0.230855,-0.486494,0.842633,550.000000,114.682291
1.000000,-0.476855,0.897614,0.445287,-0.000000,0.866025,0.500000,550.000000,68.050000
1.000000,-0.275484,0.157135,0.572536,-0.550967,-0.417263,0.722721,550.000000,98.362375
1.000000,-0.216757,0.852842,0.522835,-0.000000,0.866025,0.500000,550.000000,68.050000
1.000000,0.419363,0.682787,0.708605,0.838727,-0.272276,0.471597,550.000000,64.184295
1.000000,0.275065,-0.120131,0.412775,0.550130,-0.417540,0.723200,550.000000,98.427498
1.000000,0.433074,0.869334,0.494269,-0.000000,0.866025,0.500000,550.000000,68.050000
1.000000,-0.131149,0.944290,0.364441,-0.000000,0.866025,0.500000,550.000000,68.050000
1.000000,-0.245175,0.593078,0.845589,-0.490350,-0.435763,0.754763,550.000000,102.723280
1.000000,-0.370296,0.709681,0.770796,-0.000000,0.866025,0.500000,550.000000,68.050000
1.000000,-0.290959,0.263805,0.621836,-0.581919,-0.406623,0.704292,550.000000,95.854198
1.000000,-0.372097,0.629580,0.749138,-0.744193,-0.333982,0.578474,550.000000,78.730328
1.000000,-0.240011,-0.212246,0.383944,-0.480021,-0.438628,0.759727,550.000000,103.398812
1.000000,-0.106715,-0.006113,0.560518,-0.213430,-0.488479,0.846071,550.000000,115.150236
1.000000,0.431207,0.353365,0.496272,0.862414,-0.253102,0.438385,550.000000,59.664205
1.000000,-0.091489,-0.082958,0.519707,-0.182979,-0.491558,0.851404,550.000000,115.876114
1.000000,-0.240321,0.305917,0.682910,-0.480641,-0.438459,0.759433,550.000000,103.358786
1.000000,0.296823,0.912330,0.419798,-0.000000,0.866025,0.500000,550.000000,68.050000
1.000000,-0.327450,-0.100657,0.378198,-0.654900,-0.377858,0.654469,550.000000,89.073169
1.000000,-0.432275,0.738606,0.716580,-0.864550,-0.251273,0.435218,550.000000,59.233184
1.000000,0.293630,0.958952,0.339047,-0.000000,0.866025,0.500000,550.000000,68.050000
1.000000,-0.298263,0.852340,0.523704,-0.000000,0.866025,0.500000,550.000000,68.050000
1.000000,0.374052,0.790628,0.630592,-0.000000,0.866025,0.500000,550.000000,68.050000
1.000000,-0.310334,0.059325,0.486936,-0.620669,-0.392036,0.679027,550.000000,92.415560
1.000000,-0.135592,0.087456,0.606208,-0.271184,-0.481264,0.833573,550.000000,113.449327
1.000000,0.364917,0.653405,0.771934,0.729835,-0.341812,0.592036,550.000000,80.576048
1.000000,0.464088,0.367353,0.426949,0.928175,-0.186072,0.322286,550.000000,43.863139
1.000000,-0.124366,0.098996,0.616361,-0.248732,-0.484286,0.838808,550.000000,114.161812
1.000000,-0.010210,-0.101528,0.518613,-0.020420,-0.499896,0.865845,550.000000,117.841481
1.000000,0.341818,0.468709,0.691973,0.683637,-0.364911,0.632045,550.000000,86.021311
1.000000,0.486377,0.644697,0.506069,0.972754,-0.115921,0.200780,550.000000,27.326201
1.000000,-0.252605,0.721205,0.750837,-0.000000,0.866025,0.500000,550.000000,68.050000
1.000000,-0.156779,1.061735,0.161022,-0.000000,0.866025,0.500000,550.000000,68.050000
1.000000,-0.001020,0.806793,0.602594,-0.000000,0.866025,0.500000,550.000000,68.050000
1.000000,-0.281016,0.944576,0.363946,-0.000000,0.866025,0.500000,550.000000,68.050000
1.000000,-0.129722,0.850034,0.527697,-0.000000,0.866025,0.500000,550.000000,68.050000
1.000000,0.435700,0.683451,0.677823,0.871400,-0.245286,0.424848,550.000000,57.821830
1.000000,-0.019871,0.608398,0.928153,-0.039742,-0.499605,0.865341,550.000000,117.772940
1.000000,-0.249558,-0.089903,0.448389,-0.499116,-0.433268,0.750441,550.000000,102.135080
1.000000,-0.312948,0.088560,0.501409,-0.625897,-0.389953,0.675418,550.000000,91.924434
1.000000,0.282978,0.027987,0.492146,0.565956,-0.412218,0.713982,550.000000,97.172923
1.000000,-0.296882,0.556085,0.785614,-0.593764,-0.402320,0.696838,550.000000,94.839684
1.000000,-0.076284,0.942617,0.367339,-0.000000,0.866025,0.500000,550.000000,68.050000
1.000000,-0.181919,1.095224,0.103017,-0.000000,0.866025,0.500000,550.000000,68.050000
1.000000,-0.271055,0.328243,0.674663,-0.542110,-0.420154,0.727728,550.000000,99.043750
1.000000,-0.268650,0.797339,0.618968,-0.000000,0.866025,0.500000,550.000000,68.050000
1.000000,-0.432271,0.117807,0.358170,-0.864542,-0.251281,0.435231,550.000000,59.234890
1.000000,-0.250615,0.974177,0.312677,-0.000000,0.866025,0.500000,550.000000,68.050000
1.000000,-0.364991,0.603944,0.743287,-0.729982,-0.341733,0.591900,550.000000,80.557540
1.000000,-0.027581,1.090655,0.110931,-0.000000,0.866025,0.500000,550.000000,68.050000
1.000000,-0.264882,-0.205403,0.371087,-0.529764,-0.424073,0.734515,550.000000,99.967539
1.000000,0.309204,-0.116947,0.386195,0.618409,-0.392928,0.680572,550.000000,92.625831
1.000000,-0.160850,0.965928,0.326964,-0.000000,0.866025,0.500000,550.000000,68.050000
1.000000,-0.231129,-0.149273,0.425780,-0.462257,-0.443373,0.767944,550.000000,104.517227
1.000000,-0.351511,0.907576,0.428033,-0.000000,0.866025,0.500000,550.000000,68.050000
1.000000,0.308110,0.732693,0.730939,-0.000000,0.866025,0.500000,550.000000,68.050000
1.000000,0.330674,0.840907,0.543506,-0.000000,0.866025,0.500000,550.000000,68.050000
1.000000,-0.096137,-0.140951,0.485199,-0.192274,-0.490671,0.849867,550.000000,115.666831
1.000000,-0.143377,0.126264,0.626002,-0.286755,-0.479002,0.829656,550.000000,112.916163
1.000000,-0.390287,0.707091,0.769120,-0.780574,-0.312532,0.541321,550.000000,73.673802
1.000000,-0.076445,1.058380,0.166832,-0.000000,0.866025,0.500000,550.000000,68.050000
1.000000,-0.162475,0.848247,0.530793,-0.000000,0.866025,0.500000,550.000000,68.050000
1.000000,-0.347135,0.657681,0.795240,-0.694270,-0.359858,0.623292,550.000000,84.829978
1.000000,-0.063752,1.101724,0.091757,-0.000000,0.866025,0.500000,550.000000,68.050000
1.000000,-0.199677,-0.200910,0.413318,-0.399353,-0.458399,0.793970,550.000000,108.059254
1.000000,-0.282754,0.692809,0.800019,-0.000000,0.866025,0.500000,550.000000,68.050000
1.000000,0.363158,0.003306,0.398757,0.726316,-0.343681,0.595272,550.000000,81.016534
1.000000,-0.093346,0.561774,0.891540,-0.186693,-0.491209,0.850799,550.000000,115.793776
1.000000,-0.320887,0.230734,0.575980,-0.641775,-0.383447,0.664149,550.000000,90.390662
1.000000,0.059508,1.078270,0.132381,-0.000000,0.866025,0.500000,550.000000,68.050000
1.000000,-0.315612,0.223049,0.576571,-0.631224,-0.387800,0.671689,550.000000,91.416937
1.000000,0.480860,0.454780,0.420780,0.961720,-0.137017,0.237320,550.000000,32.299219
1.000000,0.449912,0.004886,0.254692,0.899823,-0.218127,0.377807,550.000000,51.419587
1.000000,-0.112239,0.332956,0.754848,-0.224477,-0.487240,0.843924,550.000000,114.858038
1.000000,-0.455978,0.593528,0.579553,-0.911957,-0.205143,0.355318,550.000000,48.358794
1.000000,-0.275088,0.268350,0.637047,-0.550177,-0.417524,0.723173,550.000000,98.423834
1.000000,-0.003085,0.205454,0.695958,-0.006171,-0.499990,0.866009,550.000000,117.863813
1.000000,-0.086142,0.012417,0.575886,-0.172284,-0.492524,0.853076,550.000000,116.103653
1.000000,0.267928,0.760912,0.682062,-0.000000,0.866025,0.500000,550.000000,68.050000
1.000000,0.334811,0.400540,0.660051,0.669622,-0.371351,0.643199,550.000000,87.539351
1.000000,0.482210,0.307765,0.330324,0.964421,-0.132186,0.228954,550.000000,31.160588
1.000000,-0.363607,-0.090155,0.344248,-0.727214,-0.343205,0.594449,550.000000,80.904484
1.000000,0.498768,0.450252,0.300457,0.997536,-0.035077,0.060755,550.000000,8.268797
1.000000,-0.231455,0.820135,0.579485,-0.000000,0.866025,0.500000,550.000000,68.050000
1.000000,-0.308985,0.056144,0.486329,-0.617970,-0.393101,0.680871,550.000000,92.666506
1.000000,0.101834,1.037100,0.203690,-0.000000,0.866025,0.500000,550.000000,68.050000
1.000000,-0.250847,0.598267,0.844843,-0.501695,-0.432522,0.749151,550.000000,101.959413
1.000000,-0.471511,0.205892,0.310974,-0.943022,-0.166366,0.288154,550.000000,39.217736
1.000000,-0.301493,0.022800,0.473746,-0.602987,-0.398876,0.690873,550.000000,94.027785
1.000000,-0.336019,0.026020,0.442560,-0.672038,-0.370258,0.641306,550.000000,87.281750
1.000000,0.435813,0.328728,0.472792,0.871626,-0.245086,0.424501,550.000000,57.774570
1.000000,-0.077099,0.243187,0.710849,-0.154198,-0.494020,0.855668,550.000000,116.456371
1.000000,-0.039307,-0.194181,0.463453,-0.078613,-0.498453,0.863345,550.000000,117.501285
1.000000,0.451124,0.949669,0.355126,-0.000000,0.866025,0.500000,550.000000,68.050000
1.000000,-0.263374,0.153072,0.579136,-0.526748,-0.425011,0.736140,550.000000,100.188669
1.000000,0.413734,0.024067,0.338084,0.827469,-0.280756,0.486283,550.000000,66.183173
1.000000,0.270215,0.281046,0.648039,0.540429,-0.420695,0.728665,550.000000,99.171255
1.000000,-0.359167,0.109432,0.464843,-0.718334,-0.347849,0.602493,550.000000,81.999262
1.000000,-0.476148,0.919808,0.406845,-0.000000,0.866025,0.500000,550.000000,68.050000
1.000000,-0.268182,0.525070,0.790425,-0.536363,-0.421994,0.730914,550.000000,99.477434
1.000000,-0.170171,0.302200,0.717359,-0.340341,-0.470151,0.814325,550.000000,110.829681
1.000000,-0.371087,0.153637,0.475647,-0.742173,-0.335104,0.580417,550.000000,78.994795
1.000000,-0.371918,0.428061,0.633020,-0.743837,-0.334181,0.578818,550.000000,78.777086
1.000000,0.499724,0.095734,0.074443,0.999449,-0.016602,0.028755,550.000000,3.913612
1.000000,-0.151272,-0.137376,0.470979,-0.302544,-0.476568,0.825440,550.000000,112.342319
1.000000,-0.279324,-0.067749,0.439742,-0.558648,-0.414702,0.718286,550.000000,97.758657
1.000000,-0.150102,1.092957,0.106942,-0.000000,0.866025,0.500000,550.000000,68.050000
1.000000,-0.437490,0.254223,0.426305,-0.874980,-0.242079,0.419293,550.000000,57.065826
1.000000,-0.492473,0.232619,0.234102,-0.984947,-0.086429,0.149700,550.000000,20.374173
1.000000,-0.355652,0.828915,0.564277,-0.000000,0.866025,0.500000,550.000000,68.050000
1.000000,-0.482313,0.740355,0.579648,-0.964625,-0.131813,0.228306,550.000000,31.072477
1.000000,0.454255,0.343365,0.439495,0.908510,-0.208931,0.361879,550.000000,49.251785
1.000000,-0.165343,-0.227740,0.413383,-0.330687,-0.471870,0.817303,550.000000,111.234977
1.000000,0.356885,0.533403,0.712326,0.713769,-0.350190,0.606548,550.000000,82.551147
1.000000,0.388824,0.926787,0.394758,-0.000000,0.866025,0.500000,550.000000,68.050000
1.000000,-0.189828,0.384640,0.756195,-0.379656,-0.462564,0.801184,550.000000,109.041163
1.000000,-0.268047,-0.196974,0.373652,-0.536093,-0.422079,0.731063,550.000000,99.497667
1.000000,-0.174923,0.206226,0.659930,-0.349846,-0.468404,0.811299,550.000000,110.417754
1.000000,-0.474188,0.493822,0.468214,-0.948376,-0.158574,0.274659,550.000000,37.381086
1.000000,-0.229997,0.358301,0.719507,-0.459995,-0.443961,0.768963,550.000000,104.655820
1.000000,-0.244681,0.196566,0.616984,-0.489362,-0.436040,0.755244,550.000000,102.788727
1.000000,0.371715,0.764851,0.675239,-0.000000,0.866025,0.500000,550.000000,68.050000
1.000000,0.449969,0.755236,0.687771,0.899938,-0.218009,0.377603,550.000000,51.391804
1.000000,0.408350,0.618966,0.690528,0.816700,-0.288532,0.499751,550.000000,68.016155
1.000000,0.479699,0.081823,0.210084,0.959399,-0.141027,0.244265,550.000000,33.244497
1.000000,-0.270816,0.477259,0.760875,-0.541633,-0.420308,0.727994,550.000000,99.080008
1.000000,-0.054816,-0.233364,0.439137,-0.109632,-0.496986,0.860805,550.000000,117.155595
1.000000,-0.272055,0.148900,0.570372,-0.544110,-0.419507,0.726607,550.000000,98.891274
1.000000,-0.197145,0.254854,0.677717,-0.394289,-0.459493,0.795866,550.000000,108.317311
1.000000,-0.433272,0.117852,0.356198,-0.866544,-0.249550,0.432234,550.000000,58.826995
1.000000,0.393572,0.817827,0.583483,-0.000000,0.866025,0.500000,550.000000,68.050000
1.000000,-0.382217,0.652150,0.748737,-0.764434,-0.322351,0.558328,550.000000,75.988435
1.000000,-0.277796,0.290320,0.647657,-0.555591,-0.415728,0.720062,550.000000,98.000388
1.000000,-0.191041,0.002799,0.535162,-0.382082,-0.462064,0.800319,550.000000,108.923370
1.000000,0.390999,0.543304,0.673529,0.781997,-0.311641,0.539778,550.000000,73.463812
1.000000,-0.348013,0.608753,0.766010,-0.696026,-0.359008,0.621820,550.000000,84.629741
1.000000,0.422136,0.621024,0.667959,0.844273,-0.267957,0.464115,550.000000,63.166042
1.000000,0.402204,-0.086447,0.293080,0.804408,-0.297038,0.514486,550.000000,70.021504
1.000000,0.413280,0.193120,0.436458,0.826560,-0.281424,0.487441,550.000000,66.340693
1.000000,-0.475174,0.224090,0.309042,-0.950349,-0.155593,0.269495,550.000000,36.678326
1.000000,0.476492,0.101765,0.233702,0.952985,-0.151509,0.262422,550.000000,35.715635
1.000000,0.499366,0.435588,0.280547,0.998732,-0.025167,0.043591,550.000000,5.932669
1.000000,0.472793,0.109624,0.251147,0.945585,-0.162687,0.281783,550.000000,38.350651
1.000000,0.280886,0.632896,0.843040,0.561771,-0.413646,0.716456,550.000000,97.509713
1.000000,0.056975,1.072389,0.142567,-0.000000,0.866025,0.500000,550.000000,68.050000
1.000000,0.253399,0.641616,0.868150,0.506797,-0.431033,0.746570,550.000000,101.608223
1.000000,-0.171967,0.919357,0.407626,-0.000000,0.866025,0.500000,550.000000,68.050000
1.000000,0.326682,0.856114,0.517166,-0.000000,0.866025,0.500000,550.000000,68.050000
1.000000,-0.354394,0.239277,0.545422,-0.708787,-0.352711,0.610914,550.000000,83.145346
1.000000,-0.355445,0.586933,0.744918,-0.710890,-0.351652,0.609078,550.000000,82.895553
1.000000,0.291833,-0.166828,0.372486,0.583666,-0.405997,0.703207,550.000000,95.706506
1.000000,-0.447848,0.937666,0.375915,-0.000000,0.866025,0.500000,550.000000,68.050000
1.000000,-0.286521,0.941310,0.369603,-0.000000,0.866025,0.500000,550.000000,68.050000
1.000000,-0.107294,0.810051,0.596951,-0.000000,0.866025,0.500000,550.000000,68.050000
1.000000,-0.273228,0.854911,0.519250,-0.000000,0.866025,0.500000,550.000000,68.050000
1.000000,0.386450,0.880206,0.475438,-0.000000,0.866025,0.500000,550.000000,68.050000
1.000000,-0.103807,0.016191,0.574118,-0.207614,-0.489105,0.847155,550.000000,115.297850
1.000000,-0.149957,-0.006492,0.547025,-0.299915,-0.476983,0.826159,550.000000,112.440204
1.000000,-0.420676,0.192257,0.423051,-0.841351,-0.270244,0.468077,550.000000,63.705258
1.000000,-0.011394,-0.056449,0.544610,-0.022788,-0.499870,0.865801,550.000000,117.835451
1.000000,0.458525,0.426942,0.476726,0.917050,-0.199386,0.345347,550.000000,47.001714
1.000000,0.373987,0.752932,0.695884,-0.000000,0.866025,0.500000,550.000000,68.050000
1.000000,0.464034,0.529895,0.520946,0.928069,-0.186205,0.322516,550.000000,43.894443
1.000000,-0.242555,0.556206,0.825992,-0.485109,-0.437227,0.757299,550.000000,103.068380
1.000000,0.289220,0.488327,0.752895,0.578441,-0.407862,0.706438,550.000000,96.146238
1.000000,-0.001351,0.513381,0.873749,-0.002702,-0.499998,0.866022,550.000000,117.865627
1.000000,-0.388421,0.611433,0.716566,-0.776842,-0.314848,0.545332,550.000000,74.219745
1.000000,0.496114,-0.010750,0.065638,0.992227,-0.062219,0.107767,550.000000,14.667043
1.000000,-0.430078,0.399153,0.524917,-0.860157,-0.255015,0.441699,550.000000,60.115196
1.000000,-0.163900,0.725545,0.743319,-0.000000,0.866025,0.500000,550.000000,68.050000
1.000000,-0.428790,0.592075,0.638795,-0.857580,-0.257175,0.445440,550.000000,60.624448
1.000000,-0.434114,0.736723,0.711808,-0.868228,-0.248083,0.429692,550.000000,58.481033
1.000000,-0.306942,0.380659,0.675532,-0.613883,-0.394698,0.683638,550.000000,93.043070
1.000000,-0.072533,0.198232,0.685692,-0.145067,-0.494711,0.856864,550.000000,116.619258
1.000000,-0.417664,-0.058536,0.283603,-0.835329,-0.274875,0.476098,550.000000,64.796948
1.000000,-0.309574,0.452993,0.714915,-0.619147,-0.392638,0.680068,550.000000,92.557274
1.000000,0.204699,1.015481,0.241135,-0.000000,0.866025,0.500000,550.000000,68.050000
1.000000,-0.167907,0.874466,0.485380,-0.000000,0.866025,0.500000,550.000000,68.050000
1.000000,-0.333602,0.326846,0.618758,-0.667205,-0.372437,0.645080,550.000000,87.795396
1.000000,-0.178286,0.002431,0.540803,-0.356572,-0.467134,0.809100,550.000000,110.118486
1.000000,-0.382004,0.428009,0.619622,-0.764008,-0.322604,0.558766,550.000000,76.048011
1.000000,-0.127171,0.258361,0.707529,-0.254341,-0.483557,0.837546,550.000000,113.989983
1.000000,-0.102143,0.755802,0.690913,-0.000000,0.866025,0.500000,550.000000,68.050000
1.000000,-0.013745,1.010119,0.250422,-0.000000,0.866025,0.500000,550.000000,68.050000
1.000000,-0.151455,0.105682,0.611241,-0.302911,-0.476509,0.825339,550.000000,112.328579
1.000000,-0.274370,0.987555,0.289505,-0.000000,0.866025,0.500000,550.000000,68.050000
1.000000,-0.206665,0.316591,0.708508,-0.413330,-0.455291,0.788587,550.000000,107.326638
1.000000,-0.260695,1.011077,0.248763,-0.000000,0.866025,0.500000,550.000000,68.050000
1.000000,-0.193190,0.130423,0.607813,-0.386379,-0.461170,0.798770,550.000000,108.712571
1.000000,-0.301923,0.452497,0.721455,-0.603847,-0.398550,0.690309,550.000000,93.951089
1.000000,-0.282044,0.152703,0.564889,-0.564089,-0.412857,0.715090,550.000000,97.323684
1.000000,-0.461056,0.010892,0.229679,-0.922112,-0.193462,0.335086,550.000000,45.605156
1.000000,-0.390685,0.067018,0.398999,-0.781369,-0.312034,0.540460,550.000000,73.556546
1.000000,0.324664,0.875338,0.483870,-0.000000,0.866025,0.500000,550.000000,68.050000
1.000000,0.255549,0.990613,0.284208,-0.000000,0.866025,0.500000,550.000000,68.050000
1.000000,-0.252548,0.543530,0.812097,-0.505097,-0.431531,0.747434,550.000000,101.725803
1.000000,-0.461679,0.120940,0.291493,-0.923358,-0.191970,0.332502,550.000000,45.253577
1.000000,-0.077827,0.819136,0.581216,-0.000000,0.866025,0.500000,550.000000,68.050000
1.000000,-0.104542,0.865304,0.501250,-0.000000,0.866025,0.500000,550.000000,68.050000
1.000000,-0.334584,-0.023561,0.415433,-0.669167,-0.371556,0.643554,550.000000,87.587661
1.000000,-0.113041,-0.234356,0.427096,-0.226083,-0.487054,0.843602,550.000000,114.814287
1.000000,0.279693,0.669422,0.840528,-0.000000,0.866025,0.500000,550.000000,68.050000
1.000000,-0.203031,-0.123992,0.456022,-0.406062,-0.456923,0.791413,550.000000,107.711373
1.000000,0.259890,-0.075331,0.449738,0.519780,-0.427150,0.739846,550.000000,100.693026
1.000000,-0.043157,0.771387,0.663919,-0.000000,0.866025,0.500000,550.000000,68.050000
1.000000,-0.201842,0.798753,0.616520,-0.000000,0.866025,0.500000,550.000000,68.050000
1.000000,-0.465034,0.221765,0.340147,-0.930068,-0.183694,0.318166,550.000000,43.302459
1.000000,-0.442435,-0.067477,0.229993,-0.884871,-0.232918,0.403426,550.000000,54.906277
1.000000,0.349233,-0.118564,0.344724,0.698467,-0.357821,0.619765,550.000000,84.349986
1.000000,-0.003046,-0.245265,0.435736,-0.006091,-0.499991,0.866009,550.000000,117.863871
1.000000,-0.496038,0.629887,0.436206,-0.992075,-0.062822,0.108811,550.000000,14.809150
1.000000,-0.417059,-0.087290,0.268062,-0.834118,-0.275793,0.477688,550.000000,65.013313
1.000000,-0.225713,0.371799,0.729833,-0.451425,-0.446155,0.772762,550.000000,105.172945
1.000000,-0.278119,0.675890,0.829324,-0.000000,0.866025,0.500000,550.000000,68.050000
1.000000,-0.008793,0.741176,0.716245,-0.000000,0.866025,0.500000,550.000000,68.050000
1.000000,-0.153915,0.600818,0.896197,-0.307831,-0.475721,0.823972,550.000000,112.142610
1.000000,-0.058457,0.535102,0.882332,-0.116915,-0.496571,0.860086,550.000000,117.057724
1.000000,0.343942,-0.086489,0.369118,0.687883,-0.362911,0.628580,550.000000,85.549675
1.000000,0.375478,0.759447,0.684599,-0.000000,0.866025,0.500000,550.000000,68.050000
1.000000,-0.247190,0.375911,0.718891,-0.494381,-0.434623,0.752789,550.000000,102.454535
1.000000,-0.339931,0.967230,0.324708,-0.000000,0.866025,0.500000,550.000000,68.050000
1.000000,-0.306737,1.045220,0.189626,-0.000000,0.866025,0.500000,550.000000,68.050000
1.000000,0.089013,1.018757,0.235462,-0.000000,0.866025,0.500000,550.000000,68.050000
1.000000,-0.263206,0.408827,0.726917,-0.526412,-0.425115,0.736321,550.000000,100.213236
1.000000,-0.282874,0.411080,0.713408,-0.565748,-0.412289,0.714106,550.000000,97.189791
1.000000,-0.126156,0.014896,0.567271,-0.252311,-0.483823,0.838006,550.000000,114.052631
1.000000,0.373776,0.228627,0.515476,0.747551,-0.332102,0.575218,550.000000,78.287134
1.000000,-0.154620,-0.012563,0.541797,-0.309240,-0.475492,0.823576,550.000000,112.088754
1.000000,-0.034447,0.052227,0.606132,-0.068893,-0.498812,0.863968,550.000000,117.586011
1.000000,-0.316321,0.322084,0.633081,-0.632642,-0.387222,0.670688,550.000000,91.280690
1.000000,0.173177,1.034972,0.207375,-0.000000,0.866025,0.500000,550.000000,68.050000
1.000000,-0.210386,0.278179,0.684359,-0.420772,-0.453583,0.785629,550.000000,106.924106
1.000000,-0.370137,0.746581,0.706883,-0.000000,0.866025,0.500000,550.000000,68.050000
1.000000,-0.326341,0.899230,0.442487,-0.000000,0.866025,0.500000,550.000000,68.050000
1.000000,-0.257988,0.192018,0.605421,-0.515977,-0.428301,0.741840,550.000000,100.964382
1.000000,0.462588,0.212615,0.341878,0.925177,-0.189768,0.328688,550.000000,44.734433
1.000000,-0.279821,-0.093454,0.424514,-0.559641,-0.414368,0.717706,550.000000,97.679727
1.000000,0.481221,0.500349,0.445620,0.962442,-0.135743,0.235114,550.000000,31.999023
1.000000,0.212002,1.077646,0.133462,-0.000000,0.866025,0.500000,550.000000,68.050000
1.000000,-0.459462,0.596117,0.571896,-0.918923,-0.197218,0.341592,550.000000,46.490688
1.000000,-0.493339,0.397733,0.323555,-0.986679,-0.081340,0.140886,550.000000,19.174526
1.000000,0.052220,1.036388,0.204924,-0.000000,0.866025,0.500000,550.000000,68.050000
1.000000,-0.404809,0.711843,0.749863,-0.809618,-0.293479,0.508320,550.000000,69.182366
1.000000,-0.183032,0.742032,0.714764,-0.000000,0.866025,0.500000,550.000000,68.050000
1.000000,-0.102071,0.350647,0.767638,-0.204142,-0.489471,0.847788,550.000000,115.383938
1.000000,-0.125951,0.438137,0.811691,-0.251902,-0.483876,0.838098,550.000000,114.065190
1.000000,0.332121,0.390238,0.656883,0.664243,-0.373759,0.647369,550.000000,88.106886
1.000000,0.385935,0.274220,0.525389,0.771870,-0.317890,0.550602,550.000000,74.936894
1.000000,-0.048499,0.659110,0.858388,-0.000000,0.866025,0.500000,550.000000,68.050000
1.000000,0.365262,0.665058,0.778236,0.730524,-0.341443,0.591397,550.000000,80.489170
1.000000,-0.290437,0.542354,0.783088,-0.580873,-0.406997,0.704939,550.000000,95.942255
1.000000,-0.386990,0.877911,0.479414,-0.000000,0.866025,0.500000,550.000000,68.050000
1.000000,-0.198528,0.691390,0.802477,-0.000000,0.866025,0.500000,550.000000,68.050000
1.000000,-0.074272,0.669802,0.839869,-0.000000,0.866025,0.500000,550.000000,68.050000
1.000000,-0.172770,0.313653,0.722875,-0.345540,-0.469202,0.812682,550.000000,110.605985
1.000000,-0.076067,0.357888,0.777257,-0.152134,-0.494180,0.855945,550.000000,116.494087
1.000000,0.401568,0.398782,0.574220,0.803136,-0.297898,0.515974,550.000000,70.224017
1.000000,-0.212376,0.431567,0.771846,-0.424751,-0.452655,0.784022,550.000000,106.705334
1.000000,0.330146,0.193273,0.545181,0.660292,-0.375504,0.650393,550.000000,88.518441
1.000000,0.301484,0.091291,0.513297,0.602968,-0.398883,0.690885,550.000000,94.029479
1.000000,-0.128217,0.920428,0.405771,-0.000000,0.866025,0.500000,550.000000,68.050000
1.000000,0.416806,0.201222,0.435075,0.833613,-0.276175,0.478349,550.000000,65.103280
1.000000,-0.111018,0.404426,0.796434,-0.222036,-0.487519,0.844408,550.000000,114.923944
1.000000,-0.244477,-0.123136,0.432536,-0.488954,-0.436155,0.755442,550.000000,102.815715
1.000000,0.450280,0.434566,0.501889,0.900560,-0.217366,0.376489,550.000000,51.240101
1.000000,0.463821,0.452255,0.476733,0.927642,-0.186735,0.323435,550.000000,44.019440
1.000000,-0.081593,0.611905,0.922894,-0.163186,-0.493298,0.854417,550.000000,116.286100
1.000000,-0.444587,0.740718,0.691832,-0.889174,-0.228784,0.396266,550.000000,53.931848
1.000000,-0.220363,-0.204309,0.400296,-0.440726,-0.448821,0.777380,550.000000,105.801465
1.000000,0.260254,0.135292,0.571085,0.520509,-0.426928,0.739461,550.000000,100.640683
1.000000,0.077375,1.041004,0.196928,-0.000000,0.866025,0.500000,550.000000,68.050000
1.000000,-0.161091,-0.090313,0.494422,-0.322182,-0.473339,0.819847,550.000000,111.581161
1.000000,-0.431585,-0.010153,0.285650,-0.863169,-0.252457,0.437269,550.000000,59.512267
1.000000,-0.377222,0.072206,0.420641,-0.754443,-0.328183,0.568429,550.000000,77.363197
1.000000,-0.232419,0.978991,0.304338,-0.000000,0.866025,0.500000,550.000000,68.050000
1.000000,0.156883,1.037248,0.203434,-0.000000,0.866025,0.500000,550.000000,68.050000
1.000000,0.277912,0.050697,0.509221,0.555825,-0.415650,0.719926,550.000000,97.981976
1.000000,-0.170012,1.093155,0.106600,-0.000000,0.866025,0.500000,550.000000,68.050000
1.000000,-0.466184,0.002948,0.210419,-0.932369,-0.180754,0.313076,550.000000,42.609602
1.000000,0.447972,0.201825,0.372965,0.895943,-0.222084,0.384661,550.000000,52.352421
1.000000,-0.277231,0.378562,0.699039,-0.554462,-0.416105,0.720714,550.000000,98.089209
1.000000,-0.289670,0.867769,0.496980,-0.000000,0.866025,0.500000,550.000000,68.050000
1.000000,-0.361588,0.402310,0.631029,-0.723176,-0.345332,0.598133,550.000000,81.405837
1.000000,-0.413737,-0.084872,0.275184,-0.827474,-0.280752,0.486277,550.000000,66.182333
1.000000,-0.024363,0.623629,0.919842,-0.000000,0.866025,0.500000,550.000000,68.050000
1.000000,-0.208852,0.535496,0.833740,-0.417704,-0.454292,0.786856,550.000000,107.091120
1.000000,-0.420031,0.841203,0.542994,-0.000000,0.866025,0.500000,550.000000,68.050000
1.000000,-0.047636,-0.123217,0.503585,-0.095272,-0.497726,0.862086,550.000000,117.329917
1.000000,0.467958,0.519020,0.503012,0.935916,-0.176112,0.305034,550.000000,41.515138
1.000000,0.271910,-0.053811,0.453445,0.543821,-0.419601,0.726770,550.000000,98.913379
1.000000,0.400720,0.320825,0.530527,0.801440,-0.299037,0.517948,550.000000,70.492689
1.000000,-0.330676,0.329043,0.623029,-0.661352,-0.375038,0.649584,550.000000,88.408435
1.000000,0.389705,0.563015,0.686775,0.779410,-0.313257,0.542577,550.000000,73.844713
1.000000,-0.476203,0.229461,0.308473,-0.952407,-0.152415,0.263991,550.000000,35.929113
1.000000,0.451392,0.446590,0.506154,0.902784,-0.215047,0.372473,550.000000,50.693521
1.000000,0.375555,0.950565,0.353573,-0.000000,0.866025,0.500000,550.000000,68.050000
1.000000,-0.390968,0.696243,0.761872,-0.781936,-0.311679,0.539844,550.000000,73.472803
1.000000,-0.480926,-0.035465,0.137471,-0.961852,-0.136786,0.236920,550.000000,32.244835
1.000000,-0.220302,-0.195915,0.405177,-0.440603,-0.448851,0.777433,550.000000,105.808581
1.000000,-0.082700,0.883380,0.469940,-0.000000,0.866025,0.500000,550.000000,68.050000
1.000000,0.315957,0.621359,0.806210,0.631914,-0.387519,0.671203,550.000000,91.350692
1.000000,0.129485,1.105275,0.085607,-0.000000,0.866025,0.500000,550.000000,68.050000
1.000000,0.449256,0.360532,0.461581,0.898511,-0.219475,0.380142,550.000000,51.737357
1.000000,0.341413,0.627884,0.784311,0.682826,-0.365291,0.632702,550.000000,86.110744
1.000000,0.397455,0.043772,0.375566,0.794910,-0.303364,0.525442,550.000000,71.512620
1.000000,-0.442515,-0.060392,0.233909,-0.885029,-0.232767,0.403165,550.000000,54.870770
1.000000,-0.112942,0.125192,0.634708,-0.225885,-0.487077,0.843642,550.000000,114.819698
1.000000,0.388439,0.653650,0.740914,0.776878,-0.314825,0.545294,550.000000,74.214463
1.000000,-0.228936,0.333822,0.706007,-0.457872,-0.444509,0.769912,550.000000,104.785056
1.000000,0.325971,0.433238,0.687916,0.651942,-0.379134,0.656680,550.000000,89.374128
1.000000,0.384908,0.671296,0.756075,0.769817,-0.319132,0.552753,550.000000,75.229741
1.000000,-0.019624,0.809224,0.598383,-0.000000,0.866025,0.500000,550.000000,68.050000
1.000000,0.258650,0.841002,0.543342,-0.000000,0.866025,0.500000,550.000000,68.050000
1.000000,-0.215958,0.038180,0.542763,-0.431916,-0.450957,0.781080,550.000000,106.305039
1.000000,-0.376040,0.102751,0.439838,-0.752080,-0.329536,0.570773,550.000000,77.682166
1.000000,-0.077252,-0.030649,0.552722,-0.154504,-0.493996,0.855626,550.000000,116.450741
1.000000,-0.178983,-0.121057,0.469200,-0.357965,-0.466867,0.808638,550.000000,110.055644
1.000000,0.369243,0.393118,0.616256,0.738485,-0.337135,0.583934,550.000000,79.473474
1.000000,-0.066769,0.171592,0.671248,-0.133538,-0.495522,0.858269,550.000000,116.810410
1.000000,0.432221,0.089708,0.342045,0.864443,-0.251366,0.435378,550.000000,59.254948
1.000000,-0.009665,0.783280,0.643319,-0.000000,0.866025,0.500000,550.000000,68.050000
1.000000,0.328708,0.062085,0.470894,0.657416,-0.376764,0.652574,550.000000,88.815359
1.000000,0.453233,0.813582,0.590835,-0.000000,0.866025,0.500000,550.000000,68.050000
1.000000,-0.125174,0.759123,0.685160,-0.000000,0.866025,0.500000,550.000000,68.050000
1.000000,-0.163212,1.092529,0.107684,-0.000000,0.866025,0.500000,550.000000,68.050000
1.000000,0.474364,0.904168,0.433936,-0.000000,0.866025,0.500000,550.000000,68.050000
1.000000,0.346403,0.108497,0.478982,0.692806,-0.360562,0.624512,550.000000,84.996037
1.000000,-0.024944,-0.035304,0.556248,-0.049888,-0.499377,0.864947,550.000000,117.719294
1.000000,0.379025,-0.005348,0.373459,0.758050,-0.326098,0.564819,550.000000,76.871853
1.000000,-0.491598,0.679680,0.497811,-0.983196,-0.091277,0.158096,550.000000,21.516898
1.000000,0.371892,0.723835,0.746281,-0.000000,0.866025,0.500000,550.000000,68.050000
1.000000,-0.397116,0.714790,0.761947,-0.000000,0.866025,0.500000,550.000000,68.050000
1.000000,-0.403795,0.880968,0.474119,-0.000000,0.866025,0.500000,550.000000,68.050000
1.000000,0.405668,0.246677,0.479927,0.811336,-0.292290,0.506261,550.000000,68.902104
1.000000,-0.053636,0.398606,0.804154,-0.107272,-0.497115,0.861028,550.000000,117.185942
1.000000,0.429055,0.533868,0.604679,0.858109,-0.256733,0.444675,550.000000,60.520329
1.000000,-0.285002,1.048390,0.184135,-0.000000,0.866025,0.500000,550.000000,68.050000
1.000000,-0.267483,0.654663,0.865758,-0.534966,-0.422437,0.731682,550.000000,99.581955
1.000000,-0.116122,0.188080,0.670153,-0.232243,-0.486329,0.842346,550.000000,114.643335
1.000000,-0.348170,0.604401,0.763322,-0.696340,-0.358856,0.621557,550.000000,84.593919
1.000000,0.346846,0.494164,0.701155,0.693693,-0.360136,0.623773,550.000000,84.895532
1.000000,0.296698,0.123604,0.536078,0.593396,-0.402455,0.697073,550.000000,94.871667
1.000000,-0.107051,-0.121132,0.494027,-0.214102,-0.488406,0.845943,550.000000,115.132889
1.000000,-0.250958,0.571565,0.829353,-0.501916,-0.432458,0.749040,550.000000,101.944292
1.000000,-0.053074,0.932691,0.384532,-0.000000,0.866025,0.500000,550.000000,68.050000
1.000000,-0.465310,0.826256,0.568882,-0.000000,0.866025,0.500000,550.000000,68.050000
1.000000,-0.089720,0.013860,0.575982,-0.179440,-0.491884,0.851969,550.000000,115.952958
1.000000,0.436657,0.271615,0.438078,0.873313,-0.243580,0.421892,550.000000,57.419552
1.000000,-0.007161,0.778390,0.651789,-0.000000,0.866025,0.500000,550.000000,68.050000
1.000000,0.441382,0.440844,0.525770,0.882764,-0.234908,0.406872,550.000000,55.375341
1.000000,-0.330772,0.525197,0.736181,-0.661544,-0.374953,0.649438,550.000000,88.388539
1.000000,-0.167360,-0.215002,0.419916,-0.334721,-0.471159,0.816071,550.000000,111.067236
1.000000,-0.068989,0.047089,0.599015,-0.137977,-0.495218,0.857742,550.000000,116.738720
1.000000,-0.284566,0.645261,0.847266,-0.569132,-0.411123,0.712086,550.000000,96.914928
1.000000,0.451703,-0.022218,0.234732,0.903406,-0.214393,0.371339,550.000000,50.539281
1.000000,-0.044681,-0.050762,0.545733,-0.089362,-0.498000,0.862561,550.000000,117.394502
1.000000,0.035946,1.059090,0.165602,-0.000000,0.866025,0.500000,550.000000,68.050000
1.000000,0.251737,0.687096,0.809915,-0.000000,0.866025,0.500000,550.000000,68.050000
1.000000,-0.387968,-0.005410,0.361076,-0.775936,-0.315406,0.546299,550.000000,74.351242
1.000000,0.323851,0.338682,0.635418,0.647701,-0.380947,0.659820,550.000000,89.801489
1.000000,-0.045862,0.543741,0.888845,-0.091723,-0.497892,0.862375,550.000000,117.369196
1.000000,0.297431,-0.105381,0.403248,0.594862,-0.401914,0.696135,550.000000,94.744001
1.000000,-0.247166,0.268659,0.656986,-0.494332,-0.434637,0.752813,550.000000,102.457795
1.000000,-0.116747,0.853008,0.522546,-0.000000,0.866025,0.500000,550.000000,68.050000
1.000000,-0.134721,-0.033004,0.536943,-0.269442,-0.481508,0.833997,550.000000,113.506963
1.000000,-0.125922,0.318665,0.742723,-0.251845,-0.483884,0.838111,550.000000,114.066958
1.000000,-0.432946,0.011896,0.295676,-0.865892,-0.250116,0.433213,550.000000,58.960266
1.000000,-0.314548,1.002308,0.263951,-0.000000,0.866025,0.500000,550.000000,68.050000
1.000000,0.484853,0.449534,0.400572,0.969705,-0.122139,0.211550,550.000000,28.791995
1.000000,-0.258700,0.327300,0.683030,-0.517400,-0.427872,0.741096,550.000000,100.863110
1.000000,-0.178035,0.349423,0.741250,-0.356069,-0.467230,0.809266,550.000000,110.141068
1.000000,-0.178292,-0.175606,0.438011,-0.356584,-0.467132,0.809096,550.000000,110.117914
1.000000,-0.077661,1.088875,0.114013,-0.000000,0.866025,0.500000,550.000000,68.050000
1.000000,-0.080996,0.151981,0.657471,-0.161992,-0.493396,0.854587,550.000000,116.309285
1.000000,-0.164704,0.386155,0.768074,-0.329408,-0.472094,0.817690,550.000000,111.287662
1.000000,0.421317,0.817571,0.583925,-0.000000,0.866025,0.500000,550.000000,68.050000
1.000000,-0.411684,0.118173,0.395877,-0.823369,-0.283754,0.491476,550.000000,66.889818
1.000000,-0.456387,-0.015333,0.226975,-0.912774,-0.204233,0.353741,550.000000,48.144164
1.000000,-0.183775,0.437545,0.789555,-0.367549,-0.465002,0.805407,550.000000,109.615914
1.000000,-0.477222,0.599934,0.518648,-0.954444,-0.149195,0.258414,550.000000,35.170132
1.000000,-0.102322,-0.087729,0.514481,-0.204644,-0.489418,0.847697,550.000000,115.371588
1.000000,-0.276347,0.391166,0.706995,-0.552693,-0.416692,0.721732,550.000000,98.227776
1.000000,-0.148070,0.651932,0.870821,-0.000000,0.866025,0.500000,550.000000,68.050000
1.000000,-0.454816,0.937551,0.376114,-0.000000,0.866025,0.500000,550.000000,68.050000
1.000000,0.350034,0.642649,0.783306,0.700068,-0.357038,0.618408,550.000000,84.165351
1.000000,-0.058048,0.411826,0.811214,-0.116096,-0.496619,0.860169,550.000000,117.069051
1.000000,-0.022675,-0.163732,0.482225,-0.045349,-0.499486,0.865134,550.000000,117.744795
1.000000,-0.308361,0.590092,0.795169,-0.616721,-0.393591,0.681719,550.000000,92.781988
1.000000,-0.379843,0.678508,0.767182,-0.759686,-0.325145,0.563168,550.000000,76.647194
1.000000,0.471555,-0.010790,0.185728,0.943110,-0.166240,0.287936,550.000000,39.188068
1.000000,-0.126871,0.279170,0.719634,-0.253741,-0.483636,0.837682,550.000000,114.008547
1.000000,-0.043350,1.000689,0.266757,-0.000000,0.866025,0.500000,550.000000,68.050000
1.000000,-0.361503,0.908484,0.426459,-0.000000,0.866025,0.500000,550.000000,68.050000
1.000000,-0.286582,0.768609,0.668730,-0.000000,0.866025,0.500000,550.000000,68.050000
1.000000,-0.430050,0.944459,0.364149,-0.000000,0.866025,0.500000,550.000000,68.050000
1.000000,-0.029030,0.712150,0.766519,-0.000000,0.866025,0.500000,550.000000,68.050000
1.000000,0.480668,0.305338,0.335275,0.961337,-0.137687,0.238482,550.000000,32.457363
1.000000,-0.478816,0.007733,0.170740,-0.957631,-0.143999,0.249413,550.000000,33.945081
1.000000,-0.188535,0.539028,0.845941,-0.377070,-0.463092,0.802099,550.000000,109.165740
1.000000,-0.404738,0.990920,0.283676,-0.000000,0.866025,0.500000,550.000000,68.050000
1.000000,-0.256672,0.403837,0.728628,-0.513344,-0.429091,0.743208,550.000000,101.150604
1.000000,-0.158799,0.467006,0.817085,-0.317598,-0.474113,0.821187,550.000000,111.763612
1.000000,0.385817,0.934279,0.381782,-0.000000,0.866025,0.500000,550.000000,68.050000
1.000000,-0.175039,0.965836,0.327123,-0.000000,0.866025,0.500000,550.000000,68.050000
1.000000,0.309623,0.662364,0.835750,0.619246,-0.392599,0.680001,550.000000,92.548104
1.000000,-0.316948,0.980740,0.301308,-0.000000,0.866025,0.500000,550.000000,68.050000
1.000000,-0.154826,0.299084,0.721650,-0.309651,-0.475425,0.823460,550.000000,112.072968
1.000000,-0.039086,0.269142,0.730973,-0.078172,-0.498470,0.863375,550.000000,117.505376
1.000000,0.401280,0.008251,0.349194,0.802561,-0.298285,0.516645,550.000000,70.315416
1.000000,-0.485601,0.485225,0.417704,-0.971202,-0.119130,0.206339,550.000000,28.082719
1.000000,-0.182456,0.478578,0.813844,-0.364912,-0.465521,0.806306,550.000000,109.738239
1.000000,0.307466,-0.054763,0.423669,0.614933,-0.394290,0.682930,550.000000,92.946774
1.000000,0.328184,0.483909,0.714962,0.656368,-0.377220,0.653365,550.000000,88.922971
1.000000,-0.371873,0.087936,0.436707,-0.743745,-0.334231,0.578906,550.000000,78.789086
1.000000,-0.086097,0.290742,0.736586,-0.172194,-0.492531,0.853090,550.000000,116.105489
1.000000,-0.479864,0.199583,0.277426,-0.959727,-0.140467,0.243295,550.000000,33.112492
1.000000,-0.073374,1.040416,0.197947,-0.000000,0.866025,0.500000,550.000000,68.050000
1.000000,-0.114016,0.197316,0.676060,-0.228031,-0.486827,0.843209,550.000000,114.760743
1.000000,-0.135661,0.486380,0.836504,-0.271322,-0.481244,0.833540,550.000000,113.444734
1.000000,-0.171568,0.073728,0.584864,-0.343136,-0.469643,0.813445,550.000000,110.709895
1.000000,-0.261191,0.741035,0.716490,-0.000000,0.866025,0.500000,550.000000,68.050000
1.000000,-0.204426,-0.077006,0.482431,-0.408852,-0.456300,0.790335,550.000000,107.564650
1.000000,0.344392,0.513565,0.715066,0.688785,-0.362483,0.627839,550.000000,85.448879
1.000000,-0.302459,0.613134,0.813730,-0.604918,-0.398144,0.689605,550.000000,93.855269
1.000000,-0.161213,1.030091,0.215830,-0.000000,0.866025,0.500000,550.000000,68.050000
1.000000,-0.379615,0.330491,0.566562,-0.759230,-0.325411,0.563629,550.000000,76.709910
1.000000,-0.246072,-0.202386,0.385744,-0.492143,-0.435257,0.753887,550.000000,102.604087
1.000000,0.392945,0.187845,0.465466,0.785890,-0.309183,0.535521,550.000000,72.884383
1.000000,0.295104,0.177979,0.568823,0.590208,-0.403625,0.699100,550.000000,95.147492
1.000000,0.345312,0.289758,0.584840,0.690623,-0.361607,0.626322,550.000000,85.242478
1.000000,-0.235419,-0.093881,0.455148,-0.470837,-0.441110,0.764025,550.000000,103.983817
1.000000,0.225660,1.015216,0.241594,-0.000000,0.866025,0.500000,550.000000,68.050000
1.000000,-0.252483,-0.107967,0.435999,-0.504966,-0.431570,0.747500,550.000000,101.734809
1.000000,-0.066017,0.578981,0.906570,-0.132033,-0.495623,0.858444,550.000000,116.834175
1.000000,-0.158568,0.695069,0.796106,-0.000000,0.866025,0.500000,550.000000,68.050000
1.000000,-0.300352,-0.189195,0.352343,-0.600703,-0.399736,0.692363,550.000000,94.230615
1.000000,-0.278877,-0.043080,0.454332,-0.557754,-0.415003,0.718806,550.000000,97.829546
1.000000,0.282371,0.130183,0.551630,0.564742,-0.412634,0.714702,550.000000,97.271008
1.000000,-0.162832,0.949803,0.354894,-0.000000,0.866025,0.500000,550.000000,68.050000
1.000000,-0.394283,0.817653,0.583784,-0.000000,0.866025,0.500000,550.000000,68.050000
1.000000,-0.492830,0.721685,0.514088,-0.985660,-0.084371,0.146135,550.000000,19.888927
1.000000,-0.175449,0.738850,0.720274,-0.000000,0.866025,0.500000,550.000000,68.050000
1.000000,0.392188,0.382628,0.579032,0.784377,-0.310142,0.537182,550.000000,73.110481
1.000000,-0.101076,0.022330,0.578323,-0.202153,-0.489677,0.848145,550.000000,115.432591
1.000000,-0.080456,-0.170106,0.471616,-0.160913,-0.493484,0.854740,550.000000,116.330100
1.000000,-0.116432,-0.198864,0.446665,-0.232863,-0.486255,0.842218,550.000000,114.625855
1.000000,-0.277269,0.846883,0.533155,-0.000000,0.866025,0.500000,550.000000,68.050000
1.000000,-0.147265,0.651821,0.871013,-0.000000,0.866025,0.500000,550.000000,68.050000
1.000000,-0.320607,-0.071629,0.401682,-0.641213,-0.383681,0.664556,550.000000,90.446007
1.000000,-0.366822,0.077204,0.436903,-0.733645,-0.339767,0.588493,550.000000,80.093891
1.000000,0.339523,0.434907,0.674924,0.679046,-0.367048,0.635745,550.000000,86.524954
1.000000,-0.124103,-0.041654,0.535235,-0.248206,-0.484354,0.838925,550.000000,114.177717
1.000000,-0.466854,0.382309,0.427439,-0.933707,-0.179019,0.310070,550.000000,42.200479
1.000000,-0.257208,0.236620,0.631714,-0.514417,-0.428770,0.742652,550.000000,101.074893
1.000000,0.382537,0.070343,0.412393,0.765075,-0.321971,0.557670,550.000000,75.898865
1.000000,-0.063426,0.809808,0.597371,-0.000000,0.866025,0.500000,550.000000,68.050000
1.000000,-0.189875,0.140765,0.615371,-0.379751,-0.462544,0.801150,550.000000,109.036581
1.000000,-0.208650,0.113259,0.590068,-0.417299,-0.454385,0.787017,550.000000,107.113032
1.000000,0.358667,0.048222,0.430097,0.717335,-0.348364,0.603385,550.000000,82.120675
1.000000,-0.222163,1.044709,0.190511,-0.000000,0.866025,0.500000,550.000000,68.050000
1.000000,-0.256980,0.572118,0.825572,-0.513960,-0.428907,0.742889,550.000000,101.107200
1.000000,-0.040977,-0.210367,0.453953,-0.081953,-0.498318,0.863112,550.000000,117.469577
1.000000,0.498735,0.637109,0.408883,0.997469,-0.035548,0.061571,550.000000,8.379871
1.000000,-0.186284,0.270813,0.692138,-0.372568,-0.464002,0.803676,550.000000,109.380288
1.000000,0.350660,0.626094,0.773038,0.701320,-0.356424,0.617344,550.000000,84.020473
1.000000,-0.002911,0.269127,0.732721,-0.005823,-0.499992,0.866011,550.000000,117.864059
1.000000,0.359967,0.929125,0.390709,-0.000000,0.866025,0.500000,550.000000,68.050000
1.000000,-0.147953,0.819350,0.580844,-0.000000,0.866025,0.500000,550.000000,68.050000
1.000000,-0.028343,-0.022245,0.563579,-0.056686,-0.499196,0.864633,550.000000,117.676538
1.000000,-0.295647,0.005635,0.468861,-0.591293,-0.403228,0.698412,550.000000,95.053862
1.000000,-0.490092,0.673612,0.503278,-0.980184,-0.099046,0.171552,550.000000,23.348261
1.000000,-0.395570,0.945307,0.362680,-0.000000,0.866025,0.500000,550.000000,68.050000
1.000000,0.322331,0.375882,0.658382,0.644661,-0.382234,0.662049,550.000000,90.104879
1.000000,-0.093219,0.913100,0.418464,-0.000000,0.866025,0.500000,550.000000,68.050000
1.000000,-0.464348,0.522009,0.515487,-0.928697,-0.185420,0.321157,550.000000,43.709448
1.000000,-0.399430,0.606782,0.697611,-0.798860,-0.300758,0.520929,550.000000,70.898433
1.000000,-0.202286,-0.138452,0.448055,-0.404572,-0.457253,0.791985,550.000000,107.789219
1.000000,-0.317740,0.695164,0.795940,-0.000000,0.866025,0.500000,550.000000,68.050000
1.000000,-0.225568,0.052019,0.545293,-0.451135,-0.446228,0.772889,550.000000,105.190225
1.000000,-0.409542,0.769014,0.668029,-0.000000,0.866025,0.500000,550.000000,68.050000
1.000000,-0.005225,-0.246460,0.435025,-0.010450,-0.499973,0.865978,550.000000,117.859622
1.000000,-0.072320,0.554825,0.891607,-0.144641,-0.494742,0.856918,550.000000,116.626604
1.000000,-0.256960,0.389407,0.720097,-0.513921,-0.428919,0.742909,550.000000,101.109938
1.000000,-0.233695,0.792757,0.626904,-0.000000,0.866025,0.500000,550.000000,68.050000
1.000000,-0.267847,0.827849,0.566123,-0.000000,0.866025,0.500000,550.000000,68.050000
1.000000,-0.193998,0.872807,0.488254,-0.000000,0.866025,0.500000,550.000000,68.050000
1.000000,-0.280049,-0.106971,0.416532,-0.560099,-0.414213,0.717438,550.000000,97.643290
1.000000,-0.223404,0.527139,0.820858,-0.446809,-0.447315,0.774772,550.000000,105.446467
1.000000,0.269621,0.415423,0.726061,0.539241,-0.421076,0.729325,550.000000,99.261069
1.000000,0.443936,0.775080,0.657521,-0.000000,0.866025,0.500000,550.000000,68.050000
1.000000,-0.316907,0.330239,0.637235,-0.633815,-0.386742,0.669857,550.000000,91.167596
1.000000,-0.333182,-0.070928,0.389537,-0.666365,-0.372813,0.645731,550.000000,87.883966
1.000000,0.260836,0.887609,0.462616,-0.000000,0.866025,0.500000,550.000000,68.050000
1.000000,-0.252768,1.002630,0.263393,-0.000000,0.866025,0.500000,550.000000,68.050000
1.000000,0.289125,0.317459,0.654322,0.578250,-0.407930,0.706555,550.000000,96.162194
1.000000,0.309809,0.264273,0.605742,0.619618,-0.392452,0.679747,550.000000,92.513524
1.000000,-0.053443,0.857486,0.514791,-0.000000,0.866025,0.500000,550.000000,68.050000
1.000000,0.497294,0.210817,0.181703,0.994588,-0.051951,0.089982,550.000000,12.246564
1.000000,-0.222779,0.662678,0.852208,-0.000000,0.866025,0.500000,550.000000,68.050000
1.000000,0.257375,0.081482,0.542029,0.514750,-0.428670,0.742479,550.000000,101.051344
1.000000,0.009087,1.016925,0.238635,-0.000000,0.866025,0.500000,550.000000,68.050000
1.000000,-0.327615,0.056410,0.468716,-0.655230,-0.377715,0.654221,550.000000,89.039514
1.000000,-0.163687,-0.026038,0.530502,-0.327374,-0.472447,0.818303,550.000000,111.371039
1.000000,0.306025,0.629315,0.819914,0.612050,-0.395409,0.684869,550.000000,93.210683
1.000000,-0.039590,0.170905,0.674210,-0.079181,-0.498430,0.863306,550.000000,117.495990
1.000000,-0.372949,0.694095,0.785286,-0.745897,-0.333031,0.576826,550.000000,78.505991
1.000000,-0.181881,-0.206456,0.418600,-0.363763,-0.465746,0.806695,550.000000,109.791245
1.000000,0.409021,0.229770,0.464725,0.818042,-0.287579,0.498101,550.000000,67.791595
1.000000,0.451602,0.077542,0.292573,0.903205,-0.214605,0.371707,550.000000,50.589341
1.000000,0.251293,0.843839,0.538428,-0.000000,0.866025,0.500000,550.000000,68.050000
1.000000,-0.054697,0.421206,0.817069,-0.109394,-0.496999,0.860828,550.000000,117.158677
1.000000,0.447949,0.703074,0.662413,0.895898,-0.222130,0.384741,550.000000,52.363185
1.000000,-0.340830,1.039511,0.199515,-0.000000,0.866025,0.500000,550.000000,68.050000
1.000000,0.284421,0.847810,0.531551,-0.000000,0.866025,0.500000,550.000000,68.050000
1.000000,-0.358370,-0.101729,0.343877,-0.716739,-0.348671,0.603915,550.000000,82.192856
1.000000,-0.040725,0.878933,0.477643,-0.000000,0.866025,0.500000,550.000000,68.050000
1.000000,-0.213272,-0.105232,0.461438,-0.426544,-0.452233,0.783291,550.000000,106.605928
1.000000,-0.333661,-0.176430,0.328131,-0.667321,-0.372385,0.644990,550.000000,87.783086
1.000000,0.388864,0.714027,0.763270,-0.000000,0.866025,0.500000,550.000000,68.050000
1.000000,-0.092777,0.680407,0.821500,-0.000000,0.866025,0.500000,550.000000,68.050000
1.000000,0.403029,0.825872,0.569548,-0.000000,0.866025,0.500000,550.000000,68.050000
1.000000,-0.348271,0.245789,0.556164,-0.696543,-0.358758,0.621386,550.000000,84.570683
1.000000,-0.018550,0.427907,0.824005,-0.037099,-0.499656,0.865429,550.000000,117.784916
1.000000,0.170526,1.055000,0.172686,-0.000000,0.866025,0.500000,550.000000,68.050000
1.000000,-0.428353,0.911882,0.420574,-0.000000,0.866025,0.500000,550.000000,68.050000
1.000000,-0.168582,0.938140,0.375093,-0.000000,0.866025,0.500000,550.000000,68.050000
1.000000,-0.032203,0.945388,0.362541,-0.000000,0.866025,0.500000,550.000000,68.050000
1.000000,-0.263955,0.978725,0.304798,-0.000000,0.866025,0.500000,550.000000,68.050000
1.000000,0.116499,1.108239,0.080474,-0.000000,0.866025,0.500000,550.000000,68.050000
1.000000,0.299758,0.574767,0.793932,0.599516,-0.400182,0.693135,550.000000,94.335637
1.000000,-0.192165,1.029811,0.216315,-0.000000,0.866025,0.500000,550.000000,68.050000
1.000000,-0.455002,0.333084,0.431676,-0.910004,-0.207300,0.359055,550.000000,48.867319
1.000000,-0.106107,-0.139611,0.483596,-0.212213,-0.488612,0.846300,550.000000,115.181468
1.000000,-0.049965,0.742885,0.713286,-0.000000,0.866025,0.500000,550.000000,68.050000
1.000000,0.382483,0.399083,0.602264,0.764967,-0.322035,0.557781,550.000000,75.913994
1.000000,-0.116150,-0.138554,0.481562,-0.232299,-0.486322,0.842335,550.000000,114.641755
1.000000,0.297862,0.944061,0.364838,-0.000000,0.866025,0.500000,550.000000,68.050000
1.000000,0.377359,0.047793,0.406364,0.754718,-0.328025,0.568156,550.000000,77.326016
1.000000,-0.463405,0.200331,0.332474,-0.926810,-0.187765,0.325219,550.000000,44.262307
1.000000,-0.013825,0.732024,0.732098,-0.000000,0.866025,0.500000,550.000000,68.050000
1.000000,-0.396433,-0.062898,0.315521,-0.792866,-0.304698,0.527753,550.000000,71.827135
1.000000,-0.408876,0.980436,0.301835,-0.000000,0.866025,0.500000,550.000000,68.050000
1.000000,-0.000289,0.332129,0.769105,-0.000577,-0.500000,0.866025,550.000000,117.866038
1.000000,-0.357820,0.346827,0.603502,-0.715641,-0.349234,0.604892,550.000000,82.325736
1.000000,0.308591,-0.133342,0.377286,0.617183,-0.393410,0.681406,550.000000,92.739364
1.000000,0.357909,0.952890,0.349545,-0.000000,0.866025,0.500000,550.000000,68.050000
1.000000,-0.228071,-0.135629,0.435482,-0.456142,-0.444953,0.770682,550.000000,104.889818
1.000000,0.468679,0.885239,0.466722,-0.000000,0.866025,0.500000,550.000000,68.050000
1.000000,0.360841,0.282117,0.562536,0.721683,-0.346112,0.599483,550.000000,81.589679
1.000000,-0.033826,0.225751,0.706365,-0.067652,-0.498854,0.864041,550.000000,117.596024
1.000000,0.270036,-0.045123,0.459857,0.540072,-0.420809,0.728863,550.000000,99.198296
1.000000,-0.365521,0.008627,0.398926,-0.731042,-0.341166,0.590918,550.000000,80.423898
1.000000,-0.448817,0.584687,0.592032,-0.897634,-0.220371,0.381694,550.000000,51.948562
1.000000,0.421936,0.242660,0.449875,0.843871,-0.268273,0.464662,550.000000,63.240500
1.000000,0.315081,-0.089175,0.396807,0.630161,-0.388232,0.672438,550.000000,91.518781
1.000000,-0.021086,0.992459,0.281010,-0.000000,0.866025,0.500000,550.000000,68.050000
1.000000,-0.043559,0.503571,0.865892,-0.087118,-0.498099,0.862733,550.000000,117.417934
1.000000,-0.431656,0.358354,0.498267,-0.863312,-0.252335,0.437057,550.000000,59.483500
1.000000,-0.264759,0.884747,0.467574,-0.000000,0.866025,0.500000,550.000000,68.050000
1.000000,-0.472434,0.580014,0.523926,-0.944868,-0.163726,0.283582,550.000000,38.595473
1.000000,0.402492,0.584360,0.679921,0.804984,-0.296648,0.513810,550.000000,69.929556
1.000000,-0.184284,0.643913,0.884711,-0.000000,0.866025,0.500000,550.000000,68.050000
1.000000,0.470572,0.490087,0.478100,0.941144,-0.169003,0.292723,550.000000,39.839548
1.000000,-0.306044,0.275102,0.615393,-0.612088,-0.395395,0.684844,550.000000,93.207304
1.000000,-0.364570,-0.031948,0.376673,-0.729141,-0.342182,0.592677,550.000000,80.663282
1.000000,-0.034159,0.552757,0.895136,-0.068318,-0.498832,0.864002,550.000000,117.590673
1.000000,-0.110389,0.655648,0.864384,-0.000000,0.866025,0.500000,550.000000,68.050000
1.000000,-0.078080,0.490880,0.853677,-0.156160,-0.493866,0.855401,550.000000,116.420049
1.000000,0.386236,0.313191,0.547467,0.772472,-0.317525,0.549969,550.000000,74.850739
1.000000,0.420371,0.943207,0.366317,-0.000000,0.866025,0.500000,550.000000,68.050000
1.000000,-0.453322,0.609508,0.595482,-0.906644,-0.210948,0.365373,550.000000,49.727244
1.000000,-0.086506,-0.076439,0.524512,-0.173013,-0.492460,0.852965,550.000000,116.088592
1.000000,0.410538,0.604918,0.678812,0.821075,-0.285410,0.494344,550.000000,67.280274
1.000000,-0.156180,0.669754,0.839953,-0.000000,0.866025,0.500000,550.000000,68.050000
1.000000,0.405248,-0.124018,0.266578,0.810495,-0.292872,0.507270,550.000000,69.039439
1.000000,0.304435,0.556967,0.779559,0.608870,-0.396635,0.686992,550.000000,93.499566
1.000000,-0.323660,0.004242,0.442516,-0.647320,-0.381109,0.660101,550.000000,89.839687
1.000000,0.307031,0.528088,0.760570,0.614062,-0.394629,0.683517,550.000000,93.026680
1.000000,-0.158091,0.867412,0.497599,-0.000000,0.866025,0.500000,550.000000,68.050000
1.000000,-0.228486,0.480400,0.790901,-0.456972,-0.444741,0.770313,550.000000,104.839650
1.000000,0.460628,0.475107,0.498867,0.921257,-0.194478,0.336845,550.000000,45.844651
1.000000,-0.152839,0.944056,0.364847,-0.000000,0.866025,0.500000,550.000000,68.050000
1.000000,-0.332118,0.937081,0.376928,-0.000000,0.866025,0.500000,550.000000,68.050000
1.000000,-0.256006,0.394961,0.723962,-0.512013,-0.429489,0.743897,550.000000,101.244341
1.000000,-0.285141,0.689911,0.805039,-0.000000,0.866025,0.500000,550.000000,68.050000
1.000000,0.343313,0.923018,0.401287,-0.000000,0.866025,0.500000,550.000000,68.050000
1.000000,0.332683,-0.080027,0.384798,0.665365,-0.373259,0.646503,550.000000,87.989113
1.000000,-0.253991,0.926712,0.394887,-0.000000,0.866025,0.500000,550.000000,68.050000
1.000000,-0.333065,0.621569,0.789471,-0.666130,-0.372918,0.645912,550.000000,87.908691
1.000000,-0.248814,0.610612,0.853325,-0.497629,-0.433695,0.751182,550.000000,102.235853
1.000000,-0.105610,-0.041020,0.540641,-0.211220,-0.488719,0.846487,550.000000,115.206838
1.000000,-0.302149,-0.036458,0.438959,-0.604299,-0.398379,0.690012,550.000000,93.910689
1.000000,0.292653,0.628106,0.830759,0.585307,-0.405406,0.702184,550.000000,95.567204
1.000000,0.469908,0.731383,0.619535,0.939815,-0.170842,0.295906,550.000000,40.272867
1.000000,0.319259,0.015311,0.453173,0.638518,-0.384804,0.666499,550.000000,90.710555
1.000000,0.454701,0.457395,0.504209,0.909401,-0.207960,0.360198,550.000000,49.022888
1.000000,-0.150005,0.886108,0.465216,-0.000000,0.866025,0.500000,550.000000,68.050000
1.000000,-0.408729,0.822751,0.574953,-0.000000,0.866025,0.500000,550.000000,68.050000
1.000000,-0.079521,0.468055,0.840234,-0.159042,-0.493636,0.855003,550.000000,116.365845
1.000000,0.027277,1.041069,0.196816,-0.000000,0.866025,0.500000,550.000000,68.050000
1.000000,-0.158685,0.990625,0.284187,-0.000000,0.866025,0.500000,550.000000,68.050000
1.000000,-0.195175,-0.101415,0.472995,-0.390350,-0.460333,0.797321,550.000000,108.515326
1.000000,0.378802,0.921934,0.403164,-0.000000,0.866025,0.500000,550.000000,68.050000
1.000000,0.154074,1.089247,0.113369,-0.000000,0.866025,0.500000,550.000000,68.050000
1.000000,-0.169750,0.712715,0.765541,-0.000000,0.866025,0.500000,550.000000,68.050000
1.000000,-0.009914,1.017822,0.237081,-0.000000,0.866025,0.500000,550.000000,68.050000
1.000000,-0.358071,0.022369,0.415879,-0.716141,-0.348978,0.604447,550.000000,82.265235
1.000000,-0.088476,0.609977,0.920410,-0.176952,-0.492110,0.852359,550.000000,116.006063
1.000000,-0.368852,0.107124,0.451631,-0.737704,-0.337562,0.584675,550.000000,79.574208
1.000000,0.434904,0.618512,0.641957,0.869808,-0.246695,0.427288,550.000000,58.153894
1.000000,0.294871,0.522500,0.767929,0.589741,-0.403796,0.699395,550.000000,95.187723
1.000000,-0.471786,0.484750,0.471072,-0.943571,-0.165585,0.286802,550.000000,39.033691
1.000000,-0.129591,1.005152,0.259026,-0.000000,0.866025,0.500000,550.000000,68.050000
1.000000,-0.223988,0.206915,0.635640,-0.447976,-0.447023,0.774266,550.000000,105.377598
1.000000,-0.050402,0.329170,0.764456,-0.100803,-0.497453,0.861614,550.000000,117.265695
1.000000,-0.440519,-0.019917,0.261614,-0.881038,-0.236523,0.409669,550.000000,55.755971
1.000000,-0.364695,0.549629,0.712293,-0.729390,-0.342049,0.592446,550.000000,80.631956
1.000000,-0.284852,0.625792,0.835796,-0.569705,-0.410925,0.711742,550.000000,96.868140
1.000000,-0.225749,-0.108357,0.452593,-0.451498,-0.446136,0.772730,550.000000,105.168592
1.000000,-0.431197,-0.028099,0.276053,-0.862394,-0.253119,0.438414,550.000000,59.668166
1.000000,-0.310012,0.102615,0.512224,-0.620024,-0.392291,0.679469,550.000000,92.475695
1.000000,0.401096,0.635286,0.711499,0.802191,-0.298533,0.517075,550.000000,70.373933
1.000000,-0.205027,0.458040,0.791029,-0.410054,-0.456031,0.789868,550.000000,107.501088
1.000000,0.080430,1.043799,0.192088,-0.000000,0.866025,0.500000,550.000000,68.050000
1.000000,-0.383168,-0.129220,0.296308,-0.766336,-0.321220,0.556370,550.000000,75.721911
1.000000,-0.369682,0.556209,0.709861,-0.739364,-0.336653,0.583100,550.000000,79.359927
1.000000,-0.179189,-0.131543,0.463054,-0.358379,-0.466788,0.808501,550.000000,110.036950
1.000000,-0.288365,0.796616,0.620220,-0.000000,0.866025,0.500000,550.000000,68.050000
1.000000,0.391102,0.455547,0.622712,0.782205,-0.311511,0.539553,550.000000,73.433099
1.000000,-0.262245,0.200615,0.607391,-0.524491,-0.425708,0.737348,550.000000,100.353053
1.000000,-0.455650,0.700938,0.642407,-0.911299,-0.205872,0.356581,550.000000,48.530692
1.000000,-0.444874,-0.112924,0.198335,-0.889749,-0.228225,0.395298,550.000000,53.800012
1.000000,-0.489518,0.208220,0.237817,-0.979035,-0.101846,0.176402,550.000000,24.008325
1.000000,0.409864,0.829026,0.564086,-0.000000,0.866025,0.500000,550.000000,68.050000
1.000000,-0.311376,0.637613,0.819856,-0.622753,-0.391209,0.677594,550.000000,92.220586
1.000000,0.264221,0.943141,0.366431,-0.000000,0.866025,0.500000,550.000000,68.050000
1.000000,0.400073,-0.077153,0.301754,0.800146,-0.299903,0.519447,550.000000,70.696687
1.000000,-0.085327,1.052239,0.177469,-0.000000,0.866025,0.500000,550.000000,68.050000
1.000000,-0.400821,0.143859,0.428199,-0.801643,-0.298902,0.517713,550.000000,70.460707
1.000000,-0.086056,0.114204,0.634670,-0.172111,-0.492539,0.853102,550.000000,116.107199
1.000000,-0.213116,0.220795,0.649755,-0.426231,-0.452307,0.783419,550.000000,106.623312
1.000000,0.296512,0.980704,0.301371,-0.000000,0.866025,0.500000,550.000000,68.050000
1.000000,-0.410278,0.247046,0.472625,-0.820556,-0.285783,0.494990,550.000000,67.368169
1.000000,-0.206889,0.251310,0.670701,-0.413778,-0.455189,0.788410,550.000000,107.302651
1.000000,-0.330939,0.178160,0.535649,-0.661878,-0.374806,0.649183,550.000000,88.353783
1.000000,-0.457384,-0.085596,0.183820,-0.914767,-0.201991,0.349858,550.000000,47.615663
1.000000,0.304513,0.833167,0.556913,-0.000000,0.866025,0.500000,550.000000,68.050000
1.000000,0.286168,0.860983,0.508734,-0.000000,0.866025,0.500000,550.000000,68.050000
1.000000,-0.101685,0.082607,0.612978,-0.203369,-0.489551,0.847927,550.000000,115.402912
1.000000,0.289975,0.199692,0.585632,0.579949,-0.407326,0.705510,550.000000,96.019898
1.000000,0.440810,0.701900,0.677729,0.881620,-0.235980,0.408730,550.000000,55.628148
1.000000,0.405756,-0.107603,0.275242,0.811511,-0.292168,0.506051,550.000000,68.873487
1.000000,-0.444545,0.304454,0.440048,-0.889090,-0.228866,0.396407,550.000000,53.951010
1.000000,-0.252546,0.087201,0.548637,-0.505092,-0.431533,0.747437,550.000000,101.726120
1.000000,-0.007439,0.979107,0.304138,-0.000000,0.866025,0.500000,550.000000,68.050000
1.000000,-0.267242,0.549177,0.805031,-0.534485,-0.422589,0.731946,550.000000,99.617824
1.000000,0.413774,0.912792,0.418998,-0.000000,0.866025,0.500000,550.000000,68.050000
1.000000,0.329170,0.236555,0.571158,0.658341,-0.376360,0.651875,550.000000,88.720132
1.000000,-0.047856,-0.186715,0.466899,-0.095713,-0.497704,0.862049,550.000000,117.324933
1.000000,0.252551,0.738537,0.720817,-0.000000,0.866025,0.500000,550.000000,68.050000
1.000000,-0.395753,0.052787,0.383331,-0.791505,-0.305581,0.529282,550.000000,72.035311
1.000000,-0.399934,0.031380,0.364630,-0.799867,-0.300089,0.519769,550.000000,70.740499
1.000000,0.449372,0.077278,0.297770,0.898743,-0.219238,0.379731,550.000000,51.681328
1.000000,0.383178,-0.011628,0.364186,0.766356,-0.321208,0.556349,550.000000,75.719102
1.000000,-0.015099,0.262230,0.728486,-0.030197,-0.499772,0.865630,550.000000,117.812306
1.000000,-0.381103,0.562337,0.698404,-0.762207,-0.323667,0.560607,550.000000,76.298649
1.000000,0.394508,0.108483,0.417341,0.789016,-0.307186,0.532062,550.000000,72.413658
1.000000,-0.386278,0.230156,0.499467,-0.772556,-0.317473,0.549880,550.000000,74.838608
1.000000,-0.302382,0.733912,0.728827,-0.000000,0.866025,0.500000,550.000000,68.050000
1.000000,-0.193610,0.021577,0.544767,-0.387220,-0.460994,0.798464,550.000000,108.670998
1.000000,0.380757,0.854099,0.520657,-0.000000,0.866025,0.500000,550.000000,68.050000
1.000000,-0.184275,0.988203,0.288382,-0.000000,0.866025,0.500000,550.000000,68.050000
1.000000,0.473605,0.043776,0.210381,0.947210,-0.160307,0.277660,550.000000,37.789503
1.000000,0.375022,0.240970,0.520976,0.750044,-0.330694,0.572778,550.000000,77.955131
1.000000,0.403000,-0.084113,0.293180,0.806000,-0.295958,0.512614,550.000000,69.766742
1.000000,-0.371511,0.908357,0.426679,-0.000000,0.866025,0.500000,550.000000,68.050000
1.000000,-0.138893,0.694359,0.797336,-0.000000,0.866025,0.500000,550.000000,68.050000
1.000000,-0.407104,0.291154,0.503292,-0.814208,-0.290287,0.502791,550.000000,68.429897
1.000000,0.369483,0.558525,0.711450,0.738966,-0.336871,0.583478,550.000000,79.411408
1.000000,-0.251776,0.282964,0.662179,-0.503553,-0.431982,0.748215,550.000000,101.832090
1.000000,-0.359207,-0.113062,0.336338,-0.718414,-0.347808,0.602421,550.000000,81.989550
1.000000,-0.117271,-0.227633,0.429822,-0.234542,-0.486053,0.841868,550.000000,114.578292
1.000000,-0.428767,0.433062,0.547034,-0.857533,-0.257214,0.445508,550.000000,60.633691
1.000000,-0.400326,0.237905,0.483263,-0.800651,-0.299565,0.518862,550.000000,70.617138
1.000000,0.150563,1.037038,0.203798,-0.000000,0.866025,0.500000,550.000000,68.050000
1.000000,-0.077910,0.171261,0.669176,-0.155819,-0.493893,0.855447,550.000000,116.426389
1.000000,-0.427817,0.644640,0.671008,-0.855635,-0.258790,0.448238,550.000000,61.005128
1.000000,-0.139409,0.072724,0.596442,-0.278819,-0.480172,0.831682,550.000000,113.191927
1.000000,-0.253998,1.073438,0.140751,-0.000000,0.866025,0.500000,550.000000,68.050000
1.000000,-0.292876,0.323772,0.654867,-0.585752,-0.405245,0.701905,550.000000,95.529298
1.000000,-0.094188,0.806291,0.603462,-0.000000,0.866025,0.500000,550.000000,68.050000
1.000000,0.439716,0.228845,0.406957,0.879432,-0.238013,0.412250,550.000000,56.107239
1.000000,-0.174966,0.470493,0.812487,-0.349932,-0.468388,0.811271,550.000000,110.413997
1.000000,-0.080829,0.867815,0.496900,-0.000000,0.866025,0.500000,550.000000,68.050000
1.000000,-0.456048,0.760400,0.675718,-0.912095,-0.204989,0.355052,550.000000,48.322517
1.000000,-0.458865,0.281702,0.391966,-0.917731,-0.198601,0.343988,550.000000,46.816748
1.000000,-0.311808,0.932298,0.385212,-0.000000,0.866025,0.500000,550.000000,68.050000
1.000000,-0.160773,-0.055454,0.514673,-0.321546,-0.473447,0.820034,550.000000,111.606650
1.000000,0.334922,0.054714,0.460273,0.669845,-0.371251,0.643025,550.000000,87.515687
1.000000,-0.472751,0.551266,0.506269,-0.945501,-0.162809,0.281993,550.000000,38.379300
1.000000,-0.052128,0.865978,0.500081,-0.000000,0.866025,0.500000,550.000000,68.050000
1.000000,-0.021243,0.562848,0.901790,-0.042485,-0.499549,0.865243,550.000000,117.759635
1.000000,-0.309990,0.395342,0.681249,-0.619981,-0.392308,0.679498,550.000000,92.479707
1.000000,-0.312754,-0.136233,0.371805,-0.625507,-0.390109,0.675689,550.000000,91.961273
1.000000,-0.236510,0.640888,0.878692,-0.473020,-0.440526,0.763013,550.000000,103.846069
1.000000,-0.193261,0.564078,0.858149,-0.386523,-0.461140,0.798718,550.000000,108.705500
1.000000,0.271815,0.660380,0.856188,-0.000000,0.866025,0.500000,550.000000,68.050000
1.000000,-0.427884,0.805441,0.604935,-0.000000,0.866025,0.500000,550.000000,68.050000
1.000000,-0.031817,0.613942,0.930640,-0.063633,-0.498987,0.864270,550.000000,117.627184
1.000000,-0.225513,0.643577,0.885291,-0.000000,0.866025,0.500000,550.000000,68.050000
1.000000,-0.010051,0.399178,0.807699,-0.020102,-0.499899,0.865850,550.000000,117.842240
1.000000,-0.493890,0.055369,0.121950,-0.987780,-0.077927,0.134974,550.000000,18.370004
1.000000,-0.421635,0.723942,0.728288,-0.843270,-0.268745,0.465480,550.000000,63.351786
1.000000,0.455861,0.135925,0.315655,0.911723,-0.205403,0.355768,550.000000,48.420074
1.000000,-0.428966,0.452705,0.557990,-0.857932,-0.256881,0.444931,550.000000,60.555152
1.000000,-0.105327,0.399977,0.795322,-0.210654,-0.488780,0.846592,550.000000,115.221213
1.000000,0.297601,0.165803,0.559671,0.595202,-0.401788,0.695917,550.000000,94.714370
1.000000,-0.005783,0.187110,0.685340,-0.011566,-0.499967,0.865967,550.000000,117.858173
1.000000,-0.238451,-0.190608,0.397419,-0.476902,-0.439478,0.761199,550.000000,103.599159
1.000000,-0.240961,0.530944,0.812423,-0.481923,-0.438107,0.758823,550.000000,103.275866
1.000000,-0.007629,0.909089,0.425412,-0.000000,0.866025,0.500000,550.000000,68.050000
1.000000,-0.136992,0.069636,0.595462,-0.273985,-0.480867,0.832886,550.000000,113.355798
1.000000,-0.083102,0.171569,0.668375,-0.166205,-0.493046,0.853980,550.000000,116.226689
1.000000,0.431132,0.527053,0.596698,0.862264,-0.253229,0.438606,550.000000,59.694311
1.000000,-0.395939,0.651476,0.728706,-0.791877,-0.305340,0.528865,550.000000,71.978500
1.000000,-0.430665,0.524692,0.596252,-0.861330,-0.254023,0.439981,550.000000,59.881432
1.000000,0.432292,0.028905,0.306799,0.864585,-0.251243,0.435167,550.000000,59.226162
1.000000,-0.441159,-0.071572,0.230409,-0.882319,-0.235326,0.407597,550.000000,55.473975
1.000000,-0.096881,0.490841,0.849796,-0.193762,-0.490524,0.849613,550.000000,115.632331
1.000000,-0.308058,0.658677,0.835040,-0.616117,-0.393827,0.682129,550.000000,92.837756
1.000000,-0.351363,0.480301,0.688064,-0.702725,-0.355731,0.616144,550.000000,83.857161
1.000000,-0.488444,0.807633,0.589699,-0.976887,-0.106877,0.185117,550.000000,25.194401
1.000000,-0.413043,-0.026362,0.310143,-0.826085,-0.281773,0.488044,550.000000,66.422855
1.000000,-0.144276,0.139425,0.633289,-0.288553,-0.478732,0.829188,550.000000,112.852513
1.000000,-0.417064,0.461680,0.585001,-0.834127,-0.275786,0.477675,550.000000,65.011620
1.000000,0.017050,1.091546,0.109387,-0.000000,0.866025,0.500000,550.000000,68.050000
1.000000,0.472095,0.328362,0.379761,0.944190,-0.164701,0.285271,550.000000,38.825338
1.000000,-0.045676,0.522095,0.876368,-0.091352,-0.497909,0.862404,550.000000,117.373223
1.000000,-0.363572,-0.052576,0.365987,-0.727144,-0.343242,0.594513,550.000000,80.913240
1.000000,-0.085010,1.083722,0.122939,-0.000000,0.866025,0.500000,550.000000,68.050000
1.000000,-0.460453,0.160158,0.317508,-0.920907,-0.194891,0.337561,550.000000,45.942118
1.000000,-0.412110,0.641137,0.697097,-0.824220,-0.283135,0.490405,550.000000,66.744057
1.000000,0.180991,1.092183,0.108284,-0.000000,0.866025,0.500000,550.000000,68.050000
1.000000,0.331143,0.794128,0.624531,-0.000000,0.866025,0.500000,550.000000,68.050000
1.000000,-0.007038,1.032304,0.211997,-0.000000,0.866025,0.500000,550.000000,68.050000
1.000000,-0.335449,0.442606,0.683673,-0.670898,-0.370775,0.642201,550.000000,87.403554
1.000000,-0.184585,0.209274,0.657391,-0.369171,-0.464681,0.804851,550.000000,109.540184
1.000000,0.313379,-0.182099,0.344745,0.626757,-0.389607,0.674820,550.000000,91.842937
1.000000,-0.102575,0.463146,0.832468,-0.205150,-0.489365,0.847606,550.000000,115.359110
1.000000,-0.310761,0.379954,0.671661,-0.621521,-0.391699,0.678442,550.000000,92.335963
1.000000,-0.141738,0.091346,0.606405,-0.283476,-0.479490,0.830501,550.000000,113.031124
1.000000,-0.059395,-0.232003,0.439315,-0.118790,-0.496460,0.859893,550.000000,117.031500
1.000000,-0.063879,0.606647,0.922867,-0.127759,-0.495903,0.858929,550.000000,116.900178
1.000000,-0.121713,0.484231,0.839554,-0.243427,-0.484960,0.839975,550.000000,114.320569
1.000000,0.402627,0.181802,0.447292,0.805254,-0.296465,0.513493,550.000000,69.886334
1.000000,0.297420,0.937735,0.375796,-0.000000,0.866025,0.500000,550.000000,68.050000
1.000000,-0.039872,0.309078,0.753958,-0.079744,-0.498408,0.863267,550.000000,117.490700
1.000000,-0.085416,-0.111257,0.504629,-0.170831,-0.492650,0.853295,550.000000,116.133458
1.000000,-0.483583,0.061545,0.182265,-0.967166,-0.127073,0.220098,550.000000,29.955288
1.000000,0.352397,0.889665,0.459056,-0.000000,0.866025,0.500000,550.000000,68.050000
1.000000,-0.218352,0.172096,0.618747,-0.436703,-0.449803,0.779081,550.000000,106.032963
1.000000,-0.208922,0.256333,0.672528,-0.417844,-0.454259,0.786800,550.000000,107.083512
1.000000,-0.176237,-0.091671,0.487370,-0.352473,-0.467911,0.810446,550.000000,110.301636
1.000000,0.363763,0.007140,0.400231,0.727525,-0.343040,0.594163,550.000000,80.865623
1.000000,0.460680,0.081532,0.271494,0.921361,-0.194355,0.336632,550.000000,45.815609
1.000000,-0.002712,1.037220,0.203482,-0.000000,0.866025,0.500000,550.000000,68.050000
1.000000,-0.359994,0.350080,0.602792,-0.719988,-0.346993,0.601010,550.000000,81.797442
1.000000,0.408664,0.503191,0.623172,0.817327,-0.288087,0.498981,550.000000,67.911294
1.000000,0.415457,0.242088,0.461008,0.830914,-0.278201,0.481858,550.000000,65.580858
1.000000,-0.069692,0.314049,0.753031,-0.139384,-0.495119,0.857572,550.000000,116.715503
1.000000,0.475590,0.047274,0.205485,0.951180,-0.154318,0.267287,550.000000,36.377787
1.000000,0.220159,1.044786,0.190377,-0.000000,0.866025,0.500000,550.000000,68.050000
1.000000,-0.223380,0.318070,0.700167,-0.446760,-0.447327,0.774793,550.000000,105.449340
1.000000,-0.327737,0.774102,0.659216,-0.000000,0.866025,0.500000,550.000000,68.050000
1.000000,-0.397673,0.524213,0.652619,-0.795345,-0.303078,0.524947,550.000000,71.445311
1.000000,-0.382270,0.180150,0.476156,-0.764541,-0.322288,0.558219,550.000000,75.973581
1.000000,-0.031187,0.767284,0.671026,-0.000000,0.866025,0.500000,550.000000,68.050000
1.000000,0.380357,0.015170,0.383509,0.760713,-0.324544,0.562127,550.000000,76.505460
1.000000,0.446981,0.755442,0.691535,-0.000000,0.866025,0.500000,550.000000,68.050000
1.000000,-0.386072,0.805596,0.604668,-0.000000,0.866025,0.500000,550.000000,68.050000
1.000000,0.466038,0.541136,0.521579,0.932075,-0.181132,0.313730,550.000000,42.698703
1.000000,-0.242745,-0.074006,0.462017,-0.485491,-0.437121,0.757116,550.000000,103.043429
1.000000,0.441754,0.599274,0.616431,0.883509,-0.234207,0.405659,550.000000,55.210225
1.000000,0.127669,1.087628,0.116173,-0.000000,0.866025,0.500000,550.000000,68.050000
1.000000,0.082888,1.099701,0.095262,-0.000000,0.866025,0.500000,550.000000,68.050000
1.000000,0.064338,1.024539,0.225446,-0.000000,0.866025,0.500000,550.000000,68.050000
1.000000,-0.389370,-0.000704,0.361792,-0.778741,-0.313673,0.543297,550.000000,73.942782
1.000000,-0.119273,1.084632,0.121362,-0.000000,0.866025,0.500000,550.000000,68.050000
1.000000,-0.464191,0.598224,0.559945,-0.928381,-0.185815,0.321840,550.000000,43.802482
1.000000,-0.023511,-0.000981,0.576146,-0.047021,-0.499447,0.865067,550.000000,117.735684
1.000000,-0.164212,0.532939,0.853017,-0.328423,-0.472265,0.817988,550.000000,111.328101
1.000000,0.368675,0.839655,0.545675,-0.000000,0.866025,0.500000,550.000000,68.050000
1.000000,-0.091731,-0.146330,0.483067,-0.183463,-0.491513,0.851326,550.000000,115.865473
1.000000,-0.250983,0.618126,0.856219,-0.501965,-0.432444,0.749015,550.000000,101.940912
1.000000,-0.004458,0.679340,0.823349,-0.000000,0.866025,0.500000,550.000000,68.050000
1.000000,-0.185708,-0.189600,0.426585,-0.371415,-0.464233,0.804076,550.000000,109.434734
1.000000,-0.353776,0.533897,0.716237,-0.707552,-0.353331,0.611987,550.000000,83.291371
1.000000,-0.129740,0.707143,0.775193,-0.000000,0.866025,0.500000,550.000000,68.050000
1.000000,0.165788,1.003534,0.261827,-0.000000,0.866025,0.500000,550.000000,68.050000
1.000000,0.368764,0.953607,0.348304,-0.000000,0.866025,0.500000,550.000000,68.050000
1.000000,0.369964,-0.146141,0.304001,0.739929,-0.336343,0.582563,550.000000,79.286786
1.000000,0.454164,0.687952,0.638671,0.908328,-0.209130,0.362223,550.000000,49.298560
1.000000,0.427185,0.593244,0.642539,0.854370,-0.259833,0.450044,550.000000,61.250949
1.000000,0.415721,0.508391,0.614303,0.831441,-0.277806,0.481175,550.000000,65.487905
1.000000,0.284411,0.844562,0.537177,-0.000000,0.866025,0.500000,550.000000,68.050000
1.000000,-0.278920,-0.100492,0.421152,-0.557840,-0.414974,0.718756,550.000000,97.822749
1.000000,-0.048272,0.484315,0.854273,-0.096545,-0.497664,0.861980,550.000000,117.315464
1.000000,0.427317,0.803127,0.608944,-0.000000,0.866025,0.500000,550.000000,68.050000
1.000000,-0.345659,0.641722,0.787663,-0.691318,-0.361275,0.625747,550.000000,85.164172
1.000000,-0.001995,0.434417,0.828157,-0.003990,-0.499996,0.866019,550.000000,117.865119
1.000000,-0.317114,0.173591,0.546599,-0.634229,-0.386573,0.669564,550.000000,91.127598
1.000000,-0.064202,0.374268,0.788655,-0.128404,-0.495861,0.858856,550.000000,116.890363
1.000000,-0.108716,0.380706,0.783338,-0.217432,-0.488038,0.845306,550.000000,115.046161
1.000000,-0.475755,0.489036,0.459947,-0.951511,-0.153808,0.266403,550.000000,36.257416
1.000000,-0.340924,0.629403,0.785714,-0.681848,-0.365747,0.633492,550.000000,86.218275
1.000000,-0.479112,-0.042369,0.140669,-0.958225,-0.143008,0.247697,550.000000,33.711544
1.000000,-0.390186,0.367248,0.573057,-0.780372,-0.312658,0.541539,550.000000,73.703440
1.000000,-0.301313,0.551335,0.779052,-0.602627,-0.399012,0.691108,550.000000,94.059826
1.000000,-0.184498,0.050934,0.566014,-0.368995,-0.464716,0.804911,550.000000,109.548393
1.000000,0.254643,1.075743,0.136759,-0.000000,0.866025,0.500000,550.000000,68.050000
1.000000,0.298543,0.979579,0.303320,-0.000000,0.866025,0.500000,550.000000,68.050000
1.000000,-0.277280,0.017675,0.490643,-0.554560,-0.416072,0.720658,550.000000,98.081531
1.000000,-0.191065,0.588132,0.873093,-0.382131,-0.462054,0.800301,550.000000,108.920998
1.000000,0.324695,0.271959,0.596064,0.649391,-0.380227,0.658573,550.000000,89.631802
1.000000,-0.347982,0.748125,0.704210,-0.000000,0.866025,0.500000,550.000000,68.050000
1.000000,0.387048,0.623182,0.725296,0.774097,-0.316534,0.548252,550.000000,74.617164
1.000000,0.385588,0.886996,0.463677,-0.000000,0.866025,0.500000,550.000000,68.050000
1.000000,0.152277,1.026771,0.221581,-0.000000,0.866025,0.500000,550.000000,68.050000
1.000000,-0.046361,0.900976,0.439464,-0.000000,0.866025,0.500000,550.000000,68.050000
1.000000,-0.010649,0.961471,0.334684,-0.000000,0.866025,0.500000,550.000000,68.050000
1.000000,0.331106,-0.095213,0.377647,0.662211,-0.374659,0.648928,550.000000,88.319075
1.000000,-0.272723,0.426925,0.730389,-0.545445,-0.419073,0.725856,550.000000,98.789003
1.000000,0.258801,0.027832,0.510062,0.517601,-0.427811,0.740990,550.000000,100.848795
1.000000,0.357650,0.329809,0.593878,0.715300,-0.349409,0.605194,550.000000,82.366918
1.000000,-0.480502,0.119618,0.228720,-0.961004,-0.138268,0.239487,550.000000,32.594169
1.000000,-0.142248,1.055975,0.170998,-0.000000,0.866025,0.500000,550.000000,68.050000
1.000000,-0.057746,0.335667,0.767284,-0.115491,-0.496654,0.860230,550.000000,117.077358
1.000000,-0.300711,-0.170260,0.362964,-0.601422,-0.399466,0.691895,550.000000,94.166870
1.000000,-0.203694,0.312984,0.707970,-0.407389,-0.456627,0.790902,550.000000,107.641741
1.000000,0.477177,0.088453,0.223509,0.954355,-0.149338,0.258660,550.000000,35.203672
1.000000,-0.376460,0.027497,0.395837,-0.752920,-0.329056,0.569942,550.000000,77.569100
1.000000,0.375285,-0.151988,0.293757,0.750570,-0.330395,0.572261,550.000000,77.884774
1.000000,-0.370069,-0.003225,0.386380,-0.740138,-0.336228,0.582363,550.000000,79.259650
1.000000,-0.150206,0.356219,0.756345,-0.300413,-0.476905,0.826023,550.000000,112.421745
1.000000,0.338523,0.952549,0.350136,-0.000000,0.866025,0.500000,550.000000,68.050000
1.000000,0.343551,0.384067,0.641222,0.687101,-0.363281,0.629221,550.000000,85.636961
1.000000,-0.084843,0.330627,0.759865,-0.169686,-0.492749,0.853467,550.000000,116.156793
1.000000,-0.170644,-0.223439,0.413682,-0.341289,-0.469979,0.814028,550.000000,110.789196
1.000000,-0.080443,0.124990,0.641992,-0.160887,-0.493486,0.854744,550.000000,116.330604
1.000000,0.324897,0.854501,0.519960,-0.000000,0.866025,0.500000,550.000000,68.050000
1.000000,-0.087713,0.604226,0.917247,-0.175426,-0.492246,0.852596,550.000000,116.038262
1.000000,-0.126703,-0.121317,0.488463,-0.253405,-0.483680,0.837759,550.000000,114.018936
1.000000,0.259297,0.987615,0.289401,-0.000000,0.866025,0.500000,550.000000,68.050000
1.000000,0.254786,0.030039,0.514111,0.509571,-0.430214,0.745153,550.000000,101.415296
1.000000,0.263476,0.748220,0.704045,-0.000000,0.866025,0.500000,550.000000,68.050000
1.000000,-0.378561,0.030442,0.394744,-0.757121,-0.326637,0.565752,550.000000,76.998858
1.000000,0.389815,0.112945,0.426769,0.779629,-0.313121,0.542341,550.000000,73.812584
1.000000,-0.188106,0.804424,0.606698,-0.000000,0.866025,0.500000,550.000000,68.050000
1.000000,-0.470643,0.275705,0.354097,-0.941286,-0.168805,0.292378,550.000000,39.792690
1.000000,0.290843,0.891859,0.455254,-0.000000,0.866025,0.500000,550.000000,68.050000
1.000000,0.354074,0.095222,0.462623,0.708148,-0.353032,0.611470,550.000000,83.221005
1.000000,0.393858,0.413154,0.594205,0.787715,-0.308020,0.533506,550.000000,72.610122
1.000000,0.368403,0.008249,0.395111,0.736807,-0.338052,0.585523,550.000000,79.689623
1.000000,0.317116,-0.181811,0.341406,0.634231,-0.386572,0.669562,550.000000,91.127365
1.000000,-0.378271,0.714899,0.761759,-0.000000,0.866025,0.500000,550.000000,68.050000
1.000000,-0.137670,0.437913,0.807863,-0.275341,-0.480673,0.832551,550.000000,113.310146
1.000000,-0.318110,0.364607,0.655936,-0.636220,-0.385754,0.668145,550.000000,90.934588
1.000000,-0.353538,0.300079,0.581517,-0.707075,-0.353569,0.612400,550.000000,83.347617
1.000000,-0.044354,0.599471,0.921179,-0.088708,-0.498029,0.862611,550.000000,117.401386
1.000000,-0.246637,0.222459,0.630659,-0.493274,-0.434937,0.753333,550.000000,102.528634
1.000000,-0.301252,-0.148102,0.375285,-0.602504,-0.399058,0.691188,550.000000,94.070738
1.000000,-0.236393,0.598045,0.854029,-0.472786,-0.440589,0.763122,550.000000,103.860903
1.000000,-0.384881,0.821879,0.576464,-0.000000,0.866025,0.500000,550.000000,68.050000
1.000000,0.396589,0.472723,0.624527,0.793178,-0.304495,0.527400,550.000000,71.779195
1.000000,-0.151833,-0.147468,0.464946,-0.303666,-0.476389,0.825130,550.000000,112.300233
1.000000,0.488167,0.539803,0.436520,0.976333,-0.108136,0.187296,550.000000,25.491020
1.000000,-0.240220,0.281588,0.668927,-0.480440,-0.438514,0.759528,550.000000,103.371817
1.000000,-0.193076,0.778214,0.652094,-0.000000,0.866025,0.500000,550.000000,68.050000
1.000000,-0.325085,0.830659,0.561257,-0.000000,0.866025,0.500000,550.000000,68.050000
1.000000,-0.175350,0.936088,0.378647,-0.000000,0.866025,0.500000,550.000000,68.050000
1.000000,0.332482,0.229760,0.563860,0.664964,-0.373438,0.646813,550.000000,88.031213
1.000000,-0.430228,0.974114,0.312786,-0.000000,0.866025,0.500000,550.000000,68.050000
1.000000,-0.080676,0.049010,0.598081,-0.161352,-0.493448,0.854678,550.000000,116.321651
1.000000,0.331564,0.787773,0.635537,-0.000000,0.866025,0.500000,550.000000,68.050000
1.000000,-0.011303,0.746253,0.707453,-0.000000,0.866025,0.500000,550.000000,68.050000
1.000000,-0.008221,0.867579,0.497310,-0.000000,0.866025,0.500000,550.000000,68.050000
1.000000,0.084502,1.041683,0.195752,-0.000000,0.866025,0.500000,550.000000,68.050000
1.000000,-0.002998,0.259943,0.727418,-0.005996,-0.499991,0.866010,550.000000,117.863939
1.000000,-0.347096,0.917396,0.411024,-0.000000,0.866025,0.500000,550.000000,68.050000
1.000000,0.372475,0.922341,0.402459,-0.000000,0.866025,0.500000,550.000000,68.050000
1.000000,-0.475273,0.727444,0.599306,-0.950546,-0.155292,0.268973,550.000000,36.607220
1.000000,-0.106821,0.418966,0.805911,-0.213643,-0.488456,0.846030,550.000000,115.144744
1.000000,-0.336610,0.199075,0.541853,-0.673220,-0.369721,0.640376,550.000000,87.155113
1.000000,-0.472897,0.355340,0.392659,-0.945795,-0.162382,0.281255,550.000000,38.278762
1.000000,0.495626,0.341454,0.273339,0.991252,-0.065992,0.114301,550.000000,15.556416
1.000000,-0.146037,0.999648,0.268559,-0.000000,0.866025,0.500000,550.000000,68.050000
1.000000,-0.042455,0.071978,0.616822,-0.084911,-0.498194,0.862898,550.000000,117.440391
1.000000,-0.393348,0.445868,0.613844,-0.786696,-0.308670,0.534632,550.000000,72.763446
1.000000,-0.271766,-0.174812,0.383693,-0.543533,-0.419694,0.726931,550.000000,98.935334
1.000000,0.361021,0.608828,0.750946,0.722043,-0.345924,0.599158,550.000000,81.545459
1.000000,-0.220923,0.911511,0.421216,-0.000000,0.866025,0.500000,550.000000,68.050000
1.000000,-0.298759,0.170893,0.561617,-0.597517,-0.400928,0.694428,550.000000,94.511595
1.000000,-0.207070,0.529448,0.831189,-0.414140,-0.455107,0.788268,550.000000,107.283262
1.000000,-0.131203,0.179195,0.660577,-0.262407,-0.482479,0.835678,550.000000,113.735722
1.000000,-0.037832,0.930966,0.387519,-0.000000,0.866025,0.500000,550.000000,68.050000
1.000000,0.276156,0.506303,0.773615,0.552312,-0.416819,0.721951,550.000000,98.257533
1.000000,0.418049,0.495383,0.602732,0.836098,-0.274290,0.475084,550.000000,64.658958
1.000000,-0.280536,0.000090,0.477963,-0.561072,-0.413884,0.716867,550.000000,97.565635
1.000000,0.485845,0.774013,0.583281,0.971690,-0.118129,0.204606,550.000000,27.846837
1.000000,0.254738,0.707831,0.774000,-0.000000,0.866025,0.500000,550.000000,68.050000
1.000000,0.386385,0.131800,0.442531,0.772769,-0.317344,0.549655,550.000000,74.808086
1.000000,-0.150953,0.834499,0.554605,-0.000000,0.866025,0.500000,550.000000,68.050000
1.000000,-0.286869,0.204364,0.590862,-0.573738,-0.409519,0.709309,550.000000,96.536897
1.000000,0.338216,-0.073696,0.382673,0.676433,-0.368252,0.637831,550.000000,86.808859
1.000000,-0.103653,-0.023363,0.551319,-0.207305,-0.489138,0.847212,550.000000,115.305572
1.000000,0.450980,0.014856,0.257888,0.901960,-0.215910,0.373967,550.000000,50.896927
1.000000,0.355335,0.949048,0.356201,-0.000000,0.866025,0.500000,550.000000,68.050000
1.000000,-0.044172,-0.072408,0.533288,-0.088344,-0.498045,0.862639,550.000000,117.405202
1.000000,-0.353406,0.997799,0.271762,-0.000000,0.866025,0.500000,550.000000,68.050000
1.000000,-0.023755,-0.092827,0.523105,-0.047511,-0.499435,0.865047,550.000000,117.732956
1.000000,-0.274196,0.385721,0.705489,-0.548392,-0.418111,0.724189,550.000000,98.562120
1.000000,-0.224055,0.758872,0.685595,-0.000000,0.866025,0.500000,550.000000,68.050000
1.000000,0.066242,1.019230,0.234642,-0.000000,0.866025,0.500000,550.000000,68.050000
1.000000,0.133121,1.027469,0.220372,-0.000000,0.866025,0.500000,550.000000,68.050000
1.000000,-0.278432,-0.103270,0.419926,-0.556864,-0.415302,0.719324,550.000000,97.899980
1.000000,-0.278204,0.423018,0.723955,-0.556409,-0.415454,0.719588,550.000000,97.935928
1.000000,-0.256802,0.811102,0.595130,-0.000000,0.866025,0.500000,550.000000,68.050000
1.000000,0.268421,0.296079,0.658042,0.536842,-0.421841,0.730651,550.000000,99.441553
1.000000,-0.328529,0.583629,0.772188,-0.657059,-0.376920,0.652844,550.000000,88.852090
1.000000,0.412980,0.463279,0.592942,0.825961,-0.281864,0.488203,550.000000,66.444368
1.000000,-0.077857,0.858940,0.512273,-0.000000,0.866025,0.500000,550.000000,68.050000
1.000000,0.294677,0.824862,0.571297,-0.000000,0.866025,0.500000,550.000000,68.050000
1.000000,-0.174781,0.294274,0.710826,-0.349563,-0.468456,0.811390,550.000000,110.430230
1.000000,0.317386,0.476685,0.721332,0.634772,-0.386350,0.669177,550.000000,91.075016
1.000000,-0.344085,-0.101711,0.360174,-0.688170,-0.362775,0.628345,550.000000,85.517708
1.000000,-0.360839,-0.065218,0.362005,-0.721678,-0.346114,0.599487,550.000000,81.590238
1.000000,0.310850,-0.002550,0.450741,0.621699,-0.391628,0.678320,550.000000,92.319288
1.000000,0.449375,0.259243,0.402821,0.898749,-0.219231,0.379720,550.000000,51.679886
1.000000,-0.308884,-0.184940,0.347230,-0.617767,-0.393180,0.681009,550.000000,92.685264
1.000000,-0.300328,0.002366,0.462962,-0.600656,-0.399754,0.692394,550.000000,94.234765
1.000000,0.347084,0.373149,0.631022,0.694168,-0.359907,0.623376,550.000000,84.841529
1.000000,-0.368004,-0.100129,0.333040,-0.736009,-0.338486,0.586275,550.000000,79.792012
1.000000,-0.102253,0.196616,0.678665,-0.204506,-0.489433,0.847722,550.000000,115.374985
1.000000,0.279037,0.752098,0.697328,-0.000000,0.866025,0.500000,550.000000,68.050000
1.000000,-0.348629,0.864588,0.502490,-0.000000,0.866025,0.500000,550.000000,68.050000
1.000000,-0.406431,0.608202,0.687428,-0.812861,-0.291229,0.504423,550.000000,68.651984
1.000000,0.422400,0.709251,0.718417,0.844799,-0.267542,0.463396,550.000000,63.068176
1.000000,-0.374201,0.142590,0.465249,-0.748402,-0.331623,0.574387,550.000000,78.174130
1.000000,-0.176233,0.316861,0.723239,-0.352465,-0.467912,0.810448,550.000000,110.301984
1.000000,-0.297327,-0.141384,0.382551,-0.594654,-0.401991,0.696268,550.000000,94.762122
1.000000,-0.405440,0.145321,0.421774,-0.810880,-0.292606,0.506809,550.000000,68.976643
1.000000,-0.086703,-0.019842,0.557148,-0.173406,-0.492425,0.852906,550.000000,116.080440
1.000000,-0.351117,0.441544,0.665968,-0.702234,-0.355973,0.616563,550.000000,83.914289
1.000000,0.326637,0.932735,0.384456,-0.000000,0.866025,0.500000,550.000000,68.050000
1.000000,0.450120,0.775630,0.656569,-0.000000,0.866025,0.500000,550.000000,68.050000
1.000000,-0.368319,0.336117,0.584512,-0.736638,-0.338144,0.585682,550.000000,79.711371
1.000000,-0.395523,1.001175,0.265914,-0.000000,0.866025,0.500000,550.000000,68.050000
1.000000,0.259394,1.074585,0.138764,-0.000000,0.866025,0.500000,550.000000,68.050000
1.000000,-0.320391,0.521752,0.744479,-0.640781,-0.383862,0.664868,550.000000,90.488544
1.000000,-0.025205,0.706303,0.776647,-0.000000,0.866025,0.500000,550.000000,68.050000
1.000000,-0.138336,0.128525,0.629017,-0.276672,-0.480482,0.832220,550.000000,113.265096
1.000000,-0.012322,0.448582,0.836164,-0.024643,-0.499848,0.865762,550.000000,117.830263
1.000000,-0.160997,0.639178,0.892911,-0.000000,0.866025,0.500000,550.000000,68.050000
1.000000,-0.009787,0.145367,0.661167,-0.019574,-0.499904,0.865859,550.000000,117.843476
1.000000,0.428018,0.906431,0.430015,-0.000000,0.866025,0.500000,550.000000,68.050000
1.000000,-0.079466,0.995523,0.275704,-0.000000,0.866025,0.500000,550.000000,68.050000
1.000000,0.440944,0.263109,0.424102,0.881889,-0.235729,0.408294,550.000000,55.568864
1.000000,-0.243150,0.707608,0.774386,-0.000000,0.866025,0.500000,550.000000,68.050000
1.000000,-0.075659,0.793696,0.625278,-0.000000,0.866025,0.500000,550.000000,68.050000
1.000000,0.355809,-0.120034,0.336325,0.711619,-0.351283,0.608440,550.000000,82.808683
1.000000,-0.346382,0.997451,0.272365,-0.000000,0.866025,0.500000,550.000000,68.050000
1.000000,-0.012255,1.019345,0.234442,-0.000000,0.866025,0.500000,550.000000,68.050000
1.000000,-0.133874,0.215528,0.680706,-0.267748,-0.481744,0.834406,550.000000,113.562648
1.000000,0.387660,0.403536,0.597619,0.775319,-0.315785,0.546955,550.000000,74.440632
1.000000,0.281186,0.553917,0.797206,0.562372,-0.413442,0.716103,550.000000,97.461629
1.000000,-0.196273,0.536931,0.841005,-0.392546,-0.459866,0.796512,550.000000,108.405217
1.000000,0.431710,0.453519,0.553104,0.863420,-0.252243,0.436898,550.000000,59.461752
1.000000,-0.331358,-0.082618,0.384661,-0.662716,-0.374436,0.648541,550.000000,88.266482
1.000000,-0.484586,0.503567,0.432985,-0.969172,-0.123192,0.213375,550.000000,29.040347
1.000000,-0.140965,0.271866,0.710892,-0.281930,-0.479718,0.830895,550.000000,113.084823
1.000000,0.024453,1.087619,0.116189,-0.000000,0.866025,0.500000,550.000000,68.050000
1.000000,0.353698,0.410548,0.645111,0.707396,-0.353409,0.612122,550.000000,83.309743
1.000000,-0.322649,0.993143,0.279826,-0.000000,0.866025,0.500000,550.000000,68.050000
1.000000,-0.027351,0.316338,0.759124,-0.054702,-0.499251,0.864729,550.000000,117.689578
1.000000,-0.266331,0.167714,0.585458,-0.532662,-0.423164,0.732942,550.000000,99.753388
1.000000,-0.027085,0.659119,0.858372,-0.000000,0.866025,0.500000,550.000000,68.050000
1.000000,-0.049476,0.248538,0.718010,-0.098952,-0.497546,0.861775,550.000000,117.287598
1.000000,-0.493700,0.253928,0.237968,-0.987400,-0.079123,0.137045,550.000000,18.651765
1.000000,-0.158286,0.652777,0.869358,-0.000000,0.866025,0.500000,550.000000,68.050000
1.000000,-0.051967,0.264625,0.727005,-0.103934,-0.497292,0.861335,550.000000,117.227722
1.000000,-0.403334,0.791824,0.628521,-0.000000,0.866025,0.500000,550.000000,68.050000
1.000000,-0.363019,0.311929,0.577110,-0.726038,-0.343827,0.595526,550.000000,81.051078
1.000000,0.261618,0.137907,0.571631,0.523237,-0.426094,0.738016,550.000000,100.443947
1.000000,-0.162812,0.503320,0.836476,-0.325623,-0.472750,0.818827,550.000000,111.442308
1.000000,-0.369988,0.750535,0.700035,-0.000000,0.866025,0.500000,550.000000,68.050000
1.000000,-0.195085,0.173629,0.631836,-0.390171,-0.460371,0.797386,550.000000,108.524286
1.000000,-0.285963,0.132363,0.550023,-0.571927,-0.410152,0.710405,550.000000,96.686066
1.000000,0.330278,0.739103,0.719837,-0.000000,0.866025,0.500000,550.000000,68.050000
1.000000,0.435512,0.036867,0.304902,0.871025,-0.245620,0.425426,550.000000,57.900439
1.000000,0.384485,0.078985,0.414694,0.768969,-0.319643,0.553638,550.000000,75.350123
1.000000,-0.250001,0.854985,0.519122,-0.000000,0.866025,0.500000,550.000000,68.050000
1.000000,-0.020651,0.328578,0.766562,-0.041302,-0.499573,0.865286,550.000000,117.765481
1.000000,-0.316457,1.001504,0.265344,-0.000000,0.866025,0.500000,550.000000,68.050000
1.000000,-0.152052,0.234642,0.685477,-0.304103,-0.476320,0.825010,550.000000,112.283813
1.000000,0.483224,0.661105,0.529990,0.966448,-0.128432,0.222451,550.000000,30.275532
1.000000,-0.337166,0.793496,0.625625,-0.000000,0.866025,0.500000,550.000000,68.050000
1.000000,0.345609,0.135406,0.495397,0.691217,-0.361324,0.625831,550.000000,85.175571
1.000000,0.258928,0.259527,0.643743,0.517855,-0.427734,0.740857,550.000000,100.830683
1.000000,0.402385,0.550105,0.660311,0.804770,-0.296794,0.514062,550.000000,69.963789
1.000000,0.325325,0.221311,0.566201,0.650649,-0.379689,0.657641,550.000000,89.504918
1.000000,-0.486691,-0.017389,0.122282,-0.973382,-0.114594,0.198482,550.000000,27.013427
1.000000,0.035389,1.086214,0.118623,-0.000000,0.866025,0.500000,550.000000,68.050000
1.000000,-0.107405,0.610316,0.916239,-0.214809,-0.488328,0.845809,550.000000,115.114597
1.000000,-0.118449,1.026160,0.222638,-0.000000,0.866025,0.500000,550.000000,68.050000
1.000000,-0.398196,0.452433,0.610383,-0.796392,-0.302391,0.523756,550.000000,71.283182
1.000000,-0.320364,0.248141,0.586535,-0.640728,-0.383884,0.664907,550.000000,90.493803
1.000000,-0.284385,0.927976,0.392699,-0.000000,0.866025,0.500000,550.000000,68.050000
1.000000,-0.314400,0.926197,0.395779,-0.000000,0.866025,0.500000,550.000000,68.050000
1.000000,-0.200842,0.926742,0.394835,-0.000000,0.866025,0.500000,550.000000,68.050000
1.000000,-0.047345,1.066701,0.152420,-0.000000,0.866025,0.500000,550.000000,68.050000
1.000000,-0.067952,-0.166514,0.475857,-0.135903,-0.495361,0.857991,550.000000,116.772509
1.000000,-0.304442,0.266438,0.611816,-0.608885,-0.396629,0.686982,550.000000,93.498270
1.000000,-0.358302,0.202722,0.519732,-0.716604,-0.348740,0.604036,550.000000,82.209301
1.000000,0.471839,0.213127,0.314073,0.943679,-0.165432,0.286536,550.000000,38.997534
1.000000,-0.287101,0.206079,0.591664,-0.574202,-0.409357,0.709027,550.000000,96.498576
1.000000,-0.251120,0.382230,0.719932,-0.502240,-0.432364,0.748877,550.000000,101.922129
1.000000,-0.011143,0.380778,0.797049,-0.022285,-0.499876,0.865810,550.000000,117.836786
1.000000,-0.139954,0.529583,0.860027,-0.279907,-0.480013,0.831408,550.000000,113.154597
1.000000,-0.176260,0.021984,0.552979,-0.352521,-0.467902,0.810430,550.000000,110.299523
1.000000,-0.073601,0.958632,0.339600,-0.000000,0.866025,0.500000,550.000000,68.050000
1.000000,-0.073951,0.656046,0.863695,-0.000000,0.866025,0.500000,550.000000,68.050000
1.000000,0.476182,0.169924,0.274177,0.952364,-0.152482,0.264107,550.000000,35.944921
1.000000,-0.312259,0.888490,0.461090,-0.000000,0.866025,0.500000,550.000000,68.050000
1.000000,-0.332968,0.242199,0.570542,-0.665935,-0.373005,0.646063,550.000000,87.929212
1.000000,0.250567,-0.172339,0.400122,0.501133,-0.432685,0.749432,550.000000,101.997758
1.000000,0.405946,0.339099,0.532840,0.811893,-0.291903,0.505591,550.000000,68.811002
1.000000,0.308115,0.764251,0.676278,-0.000000,0.866025,0.500000,550.000000,68.050000
1.000000,-0.176578,0.198875,0.654969,-0.353156,-0.467782,0.810223,550.000000,110.271312
1.000000,0.388072,-0.012126,0.357051,0.776143,-0.315278,0.546078,550.000000,74.321222
1.000000,-0.234362,0.552715,0.829110,-0.468724,-0.441672,0.764999,550.000000,104.116378
1.000000,-0.168484,0.202767,0.660653,-0.336967,-0.470758,0.815377,550.000000,110.972829
1.000000,-0.191478,0.579027,0.867638,-0.382956,-0.461883,0.800005,550.000000,108.880744
1.000000,-0.271259,-0.200599,0.369184,-0.542518,-0.420022,0.727500,550.000000,99.012698
1.000000,-0.068138,0.522758,0.873779,-0.136275,-0.495336,0.857946,550.000000,116.766486
1.000000,0.438111,-0.020968,0.266124,0.876222,-0.240954,0.417344,550.000000,56.800581
1.000000,-0.004626,0.458905,0.842274,-0.009252,-0.499979,0.865988,550.000000,117.861012
1.000000,-0.164607,-0.052530,0.514838,-0.329214,-0.472128,0.817749,550.000000,111.295671
1.000000,0.322887,0.228215,0.572584,0.645774,-0.381764,0.661235,550.000000,89.994100
1.000000,-0.185074,0.829574,0.563136,-0.000000,0.866025,0.500000,550.000000,68.050000
1.000000,-0.289895,0.684313,0.814735,-0.000000,0.866025,0.500000,550.000000,68.050000
1.000000,-0.434302,0.058406,0.319803,-0.868603,-0.247754,0.429123,550.000000,58.403640
1.000000,-0.113415,0.813378,0.591188,-0.000000,0.866025,0.500000,550.000000,68.050000
1.000000,-0.279946,-0.059892,0.443794,-0.559893,-0.414283,0.717558,550.000000,97.659710
1.000000,0.339314,0.424454,0.669112,0.678629,-0.367241,0.636080,550.000000,86.570430
1.000000,0.283660,0.416040,0.715647,0.567320,-0.411749,0.713170,550.000000,97.062376
1.000000,-0.285233,0.437780,0.726943,-0.570466,-0.410661,0.711285,550.000000,96.805909
1.000000,-0.066605,0.150879,0.659315,-0.133209,-0.495544,0.858307,550.000000,116.815625
1.000000,-0.369178,0.669510,0.775914,-0.738355,-0.337206,0.584058,550.000000,79.490312
1.000000,0.260128,0.455131,0.755833,0.520255,-0.427005,0.739595,550.000000,100.658903
1.000000,-0.171647,1.077018,0.134549,-0.000000,0.866025,0.500000,550.000000,68.050000
1.000000,-0.368823,-0.145454,0.305842,-0.737645,-0.337594,0.584731,550.000000,79.581823
1.000000,-0.063315,0.663300,0.851132,-0.000000,0.866025,0.500000,550.000000,68.050000
1.000000,-0.162758,-0.164355,0.451015,-0.325516,-0.472768,0.818859,550.000000,111.446661
1.000000,-0.140369,0.925227,0.397459,-0.000000,0.866025,0.500000,550.000000,68.050000
1.000000,0.378427,-0.103596,0.317536,0.756854,-0.326792,0.566021,550.000000,77.035396
1.000000,0.422515,0.642732,0.679801,0.845030,-0.267359,0.463079,550.000000,63.025119
1.000000,-0.237113,1.068138,0.149931,-0.000000,0.866025,0.500000,550.000000,68.050000
1.000000,-0.103531,0.479240,0.841527,-0.207062,-0.489164,0.847257,550.000000,115.311642
1.000000,0.013431,1.043648,0.192349,-0.000000,0.866025,0.500000,550.000000,68.050000
1.000000,0.427927,0.561553,0.622828,0.855854,-0.258608,0.447923,550.000000,60.962298
1.000000,0.398292,0.968158,0.323101,-0.000000,0.866025,0.500000,550.000000,68.050000
1.000000,0.265351,0.361008,0.697766,0.530703,-0.423779,0.734007,550.000000,99.898323
1.000000,-0.275551,0.869028,0.494799,-0.000000,0.866025,0.500000,550.000000,68.050000
1.000000,-0.116649,0.896979,0.446386,-0.000000,0.866025,0.500000,550.000000,68.050000
1.000000,-0.016220,0.690022,0.804848,-0.000000,0.866025,0.500000,550.000000,68.050000
1.000000,0.250430,0.153250,0.588192,0.500859,-0.432764,0.749570,550.000000,102.016446
1.000000,-0.042596,0.607385,0.925925,-0.085192,-0.498182,0.862877,550.000000,117.437559
1.000000,-0.416231,0.377032,0.537579,-0.832462,-0.277041,0.479850,550.000000,65.307537
1.000000,-0.082687,0.374804,0.785794,-0.165374,-0.493115,0.854101,550.000000,116.243144
1.000000,-0.178740,-0.185560,0.432066,-0.357480,-0.466960,0.808799,550.000000,110.077557
1.000000,0.438295,0.685657,0.673707,0.876590,-0.240619,0.416764,550.000000,56.721551
1.000000,0.485482,0.346036,0.337903,0.970963,-0.119615,0.207179,550.000000,28.197036
1.000000,-0.004003,0.274647,0.735900,-0.008006,-0.499984,0.865998,550.000000,117.862280
1.000000,-0.007210,0.035307,0.597675,-0.014420,-0.499948,0.865935,550.000000,117.853803
1.000000,0.457073,0.592234,0.575977,0.914145,-0.202694,0.351076,550.000000,47.781402
1.000000,-0.454096,0.659769,0.622570,-0.908192,-0.209277,0.362479,550.000000,49.333393
1.000000,-0.208128,0.748266,0.703965,-0.000000,0.866025,0.500000,550.000000,68.050000
1.000000,0.399220,0.689633,0.745767,0.798441,-0.301037,0.521411,550.000000,70.964001
1.000000,0.407006,0.077761,0.380248,0.814012,-0.290424,0.503029,550.000000,68.462314
1.000000,-0.275103,-0.182875,0.376522,-0.550205,-0.417515,0.723157,550.000000,98.421633
1.000000,0.311944,0.719712,0.753421,-0.000000,0.866025,0.500000,550.000000,68.050000
1.000000,-0.262371,-0.152780,0.403268,-0.524741,-0.425631,0.737214,550.000000,100.334869
1.000000,-0.061910,0.172899,0.672731,-0.123820,-0.496152,0.859361,550.000000,116.959044
1.000000,0.405979,0.020636,0.348923,0.811958,-0.291858,0.505513,550.000000,68.800283
1.000000,-0.101706,0.082127,0.612696,-0.203413,-0.489547,0.847919,550.000000,115.401839
1.000000,-0.115587,0.456869,0.825485,-0.231173,-0.486456,0.842567,550.000000,114.673368
1.000000,-0.307088,0.653988,0.833207,-0.614176,-0.394584,0.683440,550.000000,93.016234
1.000000,0.499036,0.341913,0.233230,0.998073,-0.031027,0.053740,550.000000,7.314043
1.000000,-0.239631,-0.047188,0.479480,-0.479263,-0.438836,0.760086,550.000000,103.447667
1.000000,0.427882,0.001236,0.299416,0.855763,-0.258684,0.448054,550.000000,60.980103
1.000000,0.464700,0.374198,0.429128,0.929400,-0.184537,0.319627,550.000000,43.501204
1.000000,0.320598,0.419404,0.685189,0.641196,-0.383689,0.664568,550.000000,90.447707
1.000000,-0.073778,0.871083,0.491239,-0.000000,0.866025,0.500000,550.000000,68.050000
1.000000,-0.022036,0.425454,0.822425,-0.044073,-0.499514,0.865184,550.000000,117.751529
1.000000,0.276083,0.515744,0.779122,0.552166,-0.416867,0.722035,550.000000,98.269001
1.000000,-0.400373,0.813506,0.590967,-0.000000,0.866025,0.500000,550.000000,68.050000
1.000000,-0.185057,-0.097417,0.480107,-0.370114,-0.464493,0.804526,550.000000,109.495938
1.000000,-0.134199,0.294183,0.726013,-0.268398,-0.481654,0.834249,550.000000,113.541339
1.000000,-0.398448,0.529351,0.654408,-0.796895,-0.302059,0.523181,550.000000,71.204948
1.000000,0.448419,0.182609,0.360825,0.896839,-0.221179,0.383093,550.000000,52.138999
1.000000,0.491473,0.463961,0.374038,0.982946,-0.091946,0.159255,550.000000,21.674600
1.000000,-0.170720,-0.113274,0.477255,-0.341441,-0.469952,0.813980,550.000000,110.782690
1.000000,-0.142240,0.163374,0.647820,-0.284479,-0.479341,0.830243,550.000000,112.996088
1.000000,-0.428403,0.970005,0.319901,-0.000000,0.866025,0.500000,550.000000,68.050000
1.000000,0.484759,0.805696,0.604493,-0.000000,0.866025,0.500000,550.000000,68.050000
1.000000,0.267870,-0.072262,0.445784,0.535740,-0.422192,0.731257,550.000000,99.524096
1.000000,0.424111,0.274117,0.464050,0.848222,-0.264820,0.458682,550.000000,62.426681
1.000000,-0.201691,0.718974,0.754700,-0.000000,0.866025,0.500000,550.000000,68.050000
1.000000,-0.101858,0.641353,0.889143,-0.000000,0.866025,0.500000,550.000000,68.050000
1.000000,-0.411940,0.475222,0.601591,-0.823880,-0.283382,0.490832,550.000000,66.802206
1.000000,-0.235797,0.861872,0.507194,-0.000000,0.866025,0.500000,550.000000,68.050000
1.000000,-0.067655,0.844390,0.537473,-0.000000,0.866025,0.500000,550.000000,68.050000
1.000000,-0.103737,0.540630,0.876920,-0.207473,-0.489120,0.847181,550.000000,115.301370
1.000000,-0.292955,-0.052419,0.437607,-0.585910,-0.405188,0.701807,550.000000,95.515865
1.000000,0.303219,0.842225,0.541223,-0.000000,0.866025,0.500000,550.000000,68.050000
1.000000,-0.040777,0.190130,0.685199,-0.081555,-0.498334,0.863141,550.000000,117.473431
1.000000,0.388011,-0.098455,0.307295,0.776023,-0.315352,0.546206,550.000000,74.338698
1.000000,0.297501,-0.011677,0.457289,0.595002,-0.401862,0.696046,550.000000,94.731822
1.000000,-0.252421,0.652818,0.869286,-0.000000,0.866025,0.500000,550.000000,68.050000
1.000000,-0.412802,0.564200,0.651510,-0.825605,-0.282124,0.488654,550.000000,66.505775
1.000000,0.341437,0.008236,0.426530,0.682875,-0.365268,0.632662,550.000000,86.105317
1.000000,-0.354048,0.637672,0.775836,-0.708097,-0.353058,0.611514,550.000000,83.227059
1.000000,0.290785,0.882770,0.470998,-0.000000,0.866025,0.500000,550.000000,68.050000
1.000000,-0.196728,0.858523,0.512995,-0.000000,0.866025,0.500000,550.000000,68.050000
1.000000,-0.170145,0.877981,0.479293,-0.000000,0.866025,0.500000,550.000000,68.050000
1.000000,-0.006541,0.654984,0.865534,-0.000000,0.866025,0.500000,550.000000,68.050000
1.000000,-0.214688,0.539164,0.832706,-0.429376,-0.451563,0.782130,550.000000,106.447877
1.000000,0.385855,0.546367,0.682626,0.771710,-0.317988,0.550771,550.000000,74.959877
1.000000,-0.279805,0.371463,0.692946,-0.559611,-0.414378,0.717723,550.000000,97.682162
1.000000,-0.249386,-0.095597,0.445216,-0.498772,-0.433367,0.750613,550.000000,102.158447
1.000000,-0.223125,0.291924,0.685218,-0.446250,-0.447454,0.775013,550.000000,105.479318
1.000000,-0.242936,0.397780,0.734280,-0.485873,-0.437015,0.756932,550.000000,103.018425
1.000000,-0.088177,0.351905,0.771474,-0.176353,-0.492163,0.852452,550.000000,116.018734
1.000000,-0.287777,0.195558,0.585041,-0.575555,-0.408882,0.708204,550.000000,96.386532
1.000000,0.478521,0.573763,0.498664,0.957042,-0.144975,0.251103,550.000000,34.175164
1.000000,0.409697,0.504030,0.621957,0.819394,-0.286616,0.496433,550.000000,67.564481
1.000000,0.255897,1.015702,0.240752,-0.000000,0.866025,0.500000,550.000000,68.050000
1.000000,-0.363621,-0.100916,0.338018,-0.727243,-0.343190,0.594423,550.000000,80.900970
1.000000,-0.222631,-0.164085,0.422225,-0.445261,-0.447700,0.775440,550.000000,105.537349
1.000000,0.496985,0.411647,0.300969,0.993971,-0.054823,0.094956,550.000000,12.923539
1.000000,-0.354606,0.848990,0.529506,-0.000000,0.866025,0.500000,550.000000,68.050000
1.000000,0.344682,0.121941,0.488645,0.689363,-0.362208,0.627363,550.000000,85.384054
1.000000,-0.098741,-0.191639,0.455337,-0.197482,-0.490153,0.848970,550.000000,115.544872
1.000000,-0.074336,0.519079,0.870624,-0.148671,-0.494443,0.856401,550.000000,116.556177
1.000000,-0.452029,0.623560,0.606779,-0.904057,-0.213706,0.370149,550.000000,50.377304
1.000000,-0.352883,1.003729,0.261490,-0.000000,0.866025,0.500000,550.000000,68.050000
1.000000,0.338100,0.084008,0.473847,0.676199,-0.368360,0.638017,550.000000,86.834166
1.000000,-0.256965,-0.054594,0.463750,-0.513929,-0.428916,0.742905,550.000000,101.109357
1.000000,-0.394231,0.980913,0.301008,-0.000000,0.866025,0.500000,550.000000,68.050000
1.000000,-0.176604,0.800705,0.613137,-0.000000,0.866025,0.500000,550.000000,68.050000
1.000000,-0.377333,0.538185,0.689527,-0.754665,-0.328055,0.568208,550.000000,77.333127
1.000000,-0.471996,-0.034268,0.170723,-0.943992,-0.164984,0.285761,550.000000,38.892079
1.000000,0.208248,1.062702,0.159346,-0.000000,0.866025,0.500000,550.000000,68.050000
1.000000,0.411105,0.148382,0.414287,0.822211,-0.284592,0.492927,550.000000,67.087363
1.000000,0.253303,0.910984,0.422130,-0.000000,0.866025,0.500000,550.000000,68.050000
1.000000,-0.487991,0.448742,0.384860,-0.975981,-0.108927,0.188667,550.000000,25.677635
1.000000,-0.238757,1.072498,0.142380,-0.000000,0.866025,0.500000,550.000000,68.050000
1.000000,-0.054303,1.064218,0.156720,-0.000000,0.866025,0.500000,550.000000,68.050000
1.000000,-0.376772,0.781739,0.645988,-0.000000,0.866025,0.500000,550.000000,68.050000
1.000000,-0.447866,-0.091915,0.203620,-0.895732,-0.222298,0.385031,550.000000,52.402697
1.000000,-0.128938,0.201974,0.674433,-0.257877,-0.483089,0.836734,550.000000,113.879563
1.000000,-0.118172,0.432901,0.810929,-0.236343,-0.485835,0.841491,550.000000,114.526872
1.000000,0.311992,-0.035885,0.430445,0.623984,-0.390719,0.676744,550.000000,92.104899
1.000000,-0.093991,0.790906,0.630111,-0.000000,0.866025,0.500000,550.000000,68.050000
1.000000,0.388727,0.065525,0.400950,0.777454,-0.314470,0.544678,550.000000,74.130663
1.000000,-0.401445,0.347126,0.544588,-0.802889,-0.298064,0.516262,550.000000,70.263248
1.000000,-0.038964,0.205936,0.694492,-0.077928,-0.498480,0.863392,550.000000,117.507630
1.000000,-0.125219,-0.232091,0.424954,-0.250438,-0.484066,0.838428,550.000000,114.109988
1.000000,0.323722,-0.023991,0.426155,0.647444,-0.381056,0.660009,550.000000,89.827219
1.000000,-0.297233,0.108885,0.527124,-0.594466,-0.402060,0.696389,550.000000,94.778536
1.000000,0.053530,1.086929,0.117383,-0.000000,0.866025,0.500000,550.000000,68.050000
1.000000,0.374107,-0.099463,0.325623,0.748214,-0.331729,0.574571,550.000000,78.199156
1.000000,0.303790,0.774311,0.658854,-0.000000,0.866025,0.500000,550.000000,68.050000
1.000000,-0.127374,0.779697,0.649525,-0.000000,0.866025,0.500000,550.000000,68.050000
1.000000,-0.151558,0.339669,0.746296,-0.303116,-0.476477,0.825282,550.000000,112.320901
1.000000,-0.359145,0.304019,0.577213,-0.718291,-0.347871,0.602531,550.000000,82.004474
1.000000,0.355877,1.005208,0.258928,-0.000000,0.866025,0.500000,550.000000,68.050000
1.000000,-0.163369,1.097338,0.099356,-0.000000,0.866025,0.500000,550.000000,68.050000
1.000000,0.319280,0.845922,0.534820,-0.000000,0.866025,0.500000,550.000000,68.050000
1.000000,0.428305,-0.065312,0.260185,0.856609,-0.257983,0.446839,550.000000,60.814854
1.000000,0.268319,0.323246,0.673801,0.536639,-0.421906,0.730763,550.000000,99.456817
1.000000,-0.064460,0.394719,0.800424,-0.128920,-0.495828,0.858798,550.000000,116.882470
1.000000,0.420466,0.298733,0.484902,0.840931,-0.270571,0.468643,550.000000,63.782290
1.000000,0.465139,0.066050,0.249939,0.930278,-0.183428,0.317706,550.000000,43.239854
1.000000,0.495860,0.288687,0.240816,0.991720,-0.064209,0.111213,550.000000,15.136107
1.000000,-0.338021,0.826817,0.567910,-0.000000,0.866025,0.500000,550.000000,68.050000
1.000000,0.287643,0.316211,0.654810,0.575285,-0.408976,0.708368,550.000000,96.408885
1.000000,0.453263,0.863187,0.504917,-0.000000,0.866025,0.500000,550.000000,68.050000
1.000000,0.237039,1.022771,0.228508,-0.000000,0.866025,0.500000,550.000000,68.050000
1.000000,-0.264434,0.421250,0.733209,-0.528867,-0.424352,0.735000,550.000000,100.033456
1.000000,-0.326076,0.085188,0.486866,-0.652152,-0.379044,0.656524,550.000000,89.352890
1.000000,-0.228109,0.596425,0.858111,-0.456218,-0.444934,0.770648,550.000000,104.885233
1.000000,-0.276030,0.734566,0.727695,-0.000000,0.866025,0.500000,550.000000,68.050000
1.000000,-0.357084,0.523164,0.706180,-0.714167,-0.349988,0.606196,550.000000,82.503315
1.000000,-0.303105,0.504803,0.750618,-0.606210,-0.397652,0.688754,550.000000,93.739416
1.000000,0.264785,0.794521,0.623850,-0.000000,0.866025,0.500000,550.000000,68.050000
1.000000,-0.217888,0.164396,0.614561,-0.435775,-0.450028,0.779471,550.000000,106.086004
1.000000,-0.136779,0.412785,0.793649,-0.273558,-0.480928,0.832991,550.000000,113.370120
1.000000,-0.266583,0.769006,0.668043,-0.000000,0.866025,0.500000,550.000000,68.050000
1.000000,-0.275203,0.611710,0.835199,-0.550406,-0.417449,0.723042,550.000000,98.406057
1.000000,-0.042909,0.445722,0.832558,-0.085817,-0.498155,0.862831,550.000000,117.431236
1.000000,-0.048803,0.883535,0.469673,-0.000000,0.866025,0.500000,550.000000,68.050000
1.000000,-0.155809,1.011470,0.248082,-0.000000,0.866025,0.500000,550.000000,68.050000
1.000000,0.018364,1.050309,0.180812,-0.000000,0.866025,0.500000,550.000000,68.050000
1.000000,-0.050926,0.674114,0.832400,-0.000000,0.866025,0.500000,550.000000,68.050000
1.000000,-0.167145,0.747426,0.705420,-0.000000,0.866025,0.500000,550.000000,68.050000
1.000000,0.363896,-0.132642,0.319364,0.727792,-0.342899,0.593918,550.000000,80.832238
1.000000,0.345865,0.989419,0.286276,-0.000000,0.866025,0.500000,550.000000,68.050000
1.000000,-0.476649,0.853998,0.520833,-0.000000,0.866025,0.500000,550.000000,68.050000
1.000000,0.256604,-0.070590,0.454764,0.513208,-0.429132,0.743279,550.000000,101.160225
1.000000,-0.289621,0.022364,0.483542,-0.579242,-0.407578,0.705945,550.000000,96.079152
1.000000,-0.004579,0.229242,0.709679,-0.009158,-0.499979,0.865989,550.000000,117.861115
1.000000,-0.245814,0.829678,0.562956,-0.000000,0.866025,0.500000,550.000000,68.050000
1.000000,0.317437,0.044767,0.471916,0.634874,-0.386308,0.669105,550.000000,91.065209
1.000000,-0.361889,0.768657,0.668647,-0.000000,0.866025,0.500000,550.000000,68.050000
1.000000,-0.005734,-0.114058,0.511461,-0.011469,-0.499967,0.865968,550.000000,117.858306
1.000000,-0.482314,0.438019,0.405087,-0.964629,-0.131806,0.228296,550.000000,31.071022
1.000000,-0.423385,0.730108,0.728656,-0.846769,-0.265980,0.460691,550.000000,62.700112
1.000000,-0.130537,0.947038,0.359681,-0.000000,0.866025,0.500000,550.000000,68.050000
1.000000,-0.309558,0.999622,0.268604,-0.000000,0.866025,0.500000,550.000000,68.050000
1.000000,-0.130462,0.560915,0.881195,-0.260925,-0.482680,0.836026,550.000000,113.783078
1.000000,0.301227,0.973997,0.312988,-0.000000,0.866025,0.500000,550.000000,68.050000
1.000000,-0.420882,0.030350,0.329203,-0.841764,-0.269923,0.467520,550.000000,63.629519
1.000000,-0.029061,0.145122,0.660160,-0.058123,-0.499155,0.864561,550.000000,117.666800
1.000000,-0.265270,0.230718,0.622602,-0.530540,-0.423830,0.734095,550.000000,99.910332
1.000000,0.399506,0.251022,0.492097,0.799011,-0.300658,0.520755,550.000000,70.874717
1.000000,0.332125,0.484635,0.711379,0.664250,-0.373755,0.647363,550.000000,88.106098
1.000000,-0.234660,0.224813,0.639612,-0.469321,-0.441514,0.764725,550.000000,104.079015
1.000000,-0.167662,0.961194,0.335163,-0.000000,0.866025,0.500000,550.000000,68.050000
1.000000,0.249224,1.038566,0.201151,-0.000000,0.866025,0.500000,550.000000,68.050000
1.000000,-0.422986,0.414711,0.547293,-0.845971,-0.266614,0.461790,550.000000,62.849584
1.000000,-0.002799,0.380325,0.796922,-0.005598,-0.499992,0.866012,550.000000,117.864211
1.000000,0.409827,-0.035745,0.310103,0.819654,-0.286429,0.496110,550.000000,67.520581
1.000000,-0.199915,0.403510,0.762160,-0.399830,-0.458295,0.793790,550.000000,108.034786
1.000000,-0.478108,0.451723,0.429771,-0.956216,-0.146331,0.253453,550.000000,34.494895
1.000000,-0.419884,0.297980,0.485509,-0.839768,-0.271473,0.470205,550.000000,63.994861
1.000000,-0.453591,0.234577,0.378346,-0.907183,-0.210369,0.364369,550.000000,49.590637
1.000000,-0.296952,0.540740,0.776695,-0.593904,-0.402268,0.696749,550.000000,94.827501
1.000000,-0.129620,0.390397,0.783008,-0.259240,-0.482907,0.836419,550.000000,113.836576
1.000000,-0.264874,0.049251,0.518118,-0.529749,-0.424077,0.734524,550.000000,99.968653
1.000000,0.446373,0.887022,0.463633,-0.000000,0.866025,0.500000,550.000000,68.050000
1.000000,-0.294113,0.316051,0.649373,-0.588226,-0.404348,0.700352,550.000000,95.317849
1.000000,0.406438,0.859373,0.511522,-0.000000,0.866025,0.500000,550.000000,68.050000
1.000000,0.329523,0.375394,0.650961,0.659046,-0.376051,0.651340,550.000000,88.647399
1.000000,0.353423,0.779864,0.649236,-0.000000,0.866025,0.500000,550.000000,68.050000
1.000000,0.297577,0.718339,0.755801,-0.000000,0.866025,0.500000,550.000000,68.050000
1.000000,0.405778,0.213412,0.460544,0.811557,-0.292137,0.505996,550.000000,68.866050
1.000000,0.405584,0.668828,0.723790,0.811168,-0.292407,0.506463,550.000000,68.929638
1.000000,-0.306860,0.566029,0.782629,-0.613721,-0.394762,0.683747,550.000000,93.057994
1.000000,-0.120204,-0.175025,0.459367,-0.240407,-0.485336,0.840627,550.000000,114.409291
1.000000,-0.221946,0.821760,0.576670,-0.000000,0.866025,0.500000,550.000000,68.050000
1.000000,-0.332019,0.822527,0.575341,-0.000000,0.866025,0.500000,550.000000,68.050000
1.000000,-0.023576,0.973966,0.313041,-0.000000,0.866025,0.500000,550.000000,68.050000
1.000000,-0.034774,-0.015310,0.567113,-0.069547,-0.498789,0.863928,550.000000,117.580662
1.000000,-0.012789,0.516518,0.875373,-0.025577,-0.499836,0.865742,550.000000,117.827498
1.000000,-0.344344,0.032768,0.437531,-0.688689,-0.362529,0.627918,550.000000,85.459647
1.000000,-0.227957,0.294352,0.683799,-0.455915,-0.445012,0.770783,550.000000,104.903544
1.000000,-0.371541,-0.153356,0.297822,-0.743083,-0.334600,0.579544,550.000000,78.875938
1.000000,-0.034123,0.052239,0.606165,-0.068246,-0.498834,0.864006,550.000000,117.591257
1.000000,-0.195524,0.577689,0.864905,-0.391047,-0.460185,0.797064,550.000000,108.480456
1.000000,0.276786,0.757329,0.688267,-0.000000,0.866025,0.500000,550.000000,68.050000
1.000000,0.088051,1.091647,0.109212,-0.000000,0.866025,0.500000,550.000000,68.050000
1.000000,-0.275940,-0.177352,0.379072,-0.551879,-0.416962,0.722199,550.000000,98.291343
1.000000,0.429694,0.498362,0.582943,0.859387,-0.255663,0.442821,550.000000,60.267891
1.000000,-0.327013,0.143295,0.519481,-0.654026,-0.378236,0.655124,550.000000,89.162332
1.000000,-0.234150,0.850224,0.527368,-0.000000,0.866025,0.500000,550.000000,68.050000
1.000000,-0.231974,0.083526,0.559676,-0.463949,-0.442931,0.767179,550.000000,104.413078
1.000000,0.339739,0.646203,0.796685,0.679478,-0.366848,0.635399,550.000000,86.477799
1.000000,-0.064481,0.288609,0.739158,-0.128962,-0.495825,0.858794,550.000000,116.881825
1.000000,-0.039152,0.206871,0.695014,-0.078304,-0.498465,0.863366,550.000000,117.504149
1.000000,0.292964,0.728809,0.737666,-0.000000,0.866025,0.500000,550.000000,68.050000
1.000000,-0.087342,-0.041808,0.544335,-0.174684,-0.492312,0.852710,550.000000,116.053813
1.000000,-0.198027,0.820613,0.578657,-0.000000,0.866025,0.500000,550.000000,68.050000
1.000000,0.452307,0.441563,0.501023,0.904613,-0.213117,0.369129,550.000000,50.238497
1.000000,-0.189114,0.004853,0.537262,-0.378228,-0.462856,0.801690,550.000000,109.110059
1.000000,-0.335367,0.484133,0.707734,-0.670733,-0.370849,0.642330,550.000000,87.421112
1.000000,0.410973,-0.003188,0.326998,0.821946,-0.284782,0.493258,550.000000,67.132359
1.000000,0.258801,0.864468,0.502697,-0.000000,0.866025,0.500000,550.000000,68.050000
1.000000,0.453630,0.958702,0.339479,-0.000000,0.866025,0.500000,550.000000,68.050000
1.000000,-0.308943,0.161044,0.546931,-0.617885,-0.393134,0.680928,550.000000,92.674344
1.000000,0.303535,0.580118,0.793722,0.607070,-0.397324,0.688186,550.000000,93.662082
1.000000,-0.027925,0.275836,0.735703,-0.055849,-0.499220,0.864674,550.000000,117.682092
1.000000,0.386766,0.711158,0.768238,-0.000000,0.866025,0.500000,550.000000,68.050000
1.000000,0.383014,0.177019,0.473327,0.766028,-0.321403,0.556687,550.000000,75.765102
1.000000,-0.156474,0.643007,0.886278,-0.000000,0.866025,0.500000,550.000000,68.050000
1.000000,-0.035303,0.833761,0.555884,-0.000000,0.866025,0.500000,550.000000,68.050000
1.000000,-0.224107,0.650484,0.873328,-0.000000,0.866025,0.500000,550.000000,68.050000
1.000000,-0.031546,-0.120816,0.506447,-0.063092,-0.499004,0.864300,550.000000,117.631234
1.000000,-0.478995,0.397632,0.395156,-0.957991,-0.143399,0.248375,550.000000,33.803807
1.000000,-0.114180,0.431598,0.811278,-0.228360,-0.486788,0.843142,550.000000,114.751655
1.000000,-0.142311,-0.211241,0.431511,-0.284623,-0.479320,0.830206,550.000000,112.991070
1.000000,0.255507,0.364885,0.706940,0.511015,-0.429786,0.744411,550.000000,101.314362
1.000000,-0.204085,0.390630,0.752597,-0.408170,-0.456453,0.790600,550.000000,107.600649
1.000000,-0.196406,0.778149,0.652206,-0.000000,0.866025,0.500000,550.000000,68.050000
1.000000,0.442854,0.945229,0.362815,-0.000000,0.866025,0.500000,550.000000,68.050000
1.000000,-0.385428,0.346261,0.567692,-0.770855,-0.318505,0.551667,550.000000,75.081868
1.000000,-0.001544,-0.023516,0.563771,-0.003088,-0.499998,0.866021,550.000000,117.865495
1.000000,-0.388779,0.471422,0.635220,-0.777558,-0.314406,0.544567,550.000000,74.115503
1.000000,-0.318580,1.012710,0.245934,-0.000000,0.866025,0.500000,550.000000,68.050000
1.000000,0.357054,-0.045210,0.378064,0.714107,-0.350018,0.606249,550.000000,82.510508
1.000000,-0.106210,0.196662,0.677717,-0.212420,-0.488589,0.846261,550.000000,115.176170
1.000000,-0.042002,0.778683,0.651281,-0.000000,0.866025,0.500000,550.000000,68.050000
1.000000,-0.442287,-0.003035,0.267523,-0.884575,-0.233199,0.403913,550.000000,54.972563
1.000000,-0.311357,0.689442,0.805851,-0.000000,0.866025,0.500000,550.000000,68.050000
1.000000,-0.398498,0.068666,0.388355,-0.796996,-0.301992,0.523066,550.000000,71.189289
1.000000,-0.132395,0.271297,0.713376,-0.264791,-0.482153,0.835113,550.000000,113.658934
1.000000,0.341265,0.973140,0.314471,-0.000000,0.866025,0.500000,550.000000,68.050000
1.000000,-0.280977,0.339945,0.673833,-0.561953,-0.413584,0.716349,550.000000,97.495138
1.000000,-0.391010,0.795205,0.622664,-0.000000,0.866025,0.500000,550.000000,68.050000
1.000000,-0.422142,-0.008588,0.304442,-0.844283,-0.267948,0.464100,550.000000,63.164045
1.000000,-0.357292,0.723670,0.746567,-0.000000,0.866025,0.500000,550.000000,68.050000
1.000000,0.305842,-0.135724,0.378383,0.611684,-0.395551,0.685115,550.000000,93.244101
1.000000,-0.251120,0.464648,0.767515,-0.502241,-0.432364,0.748876,550.000000,101.922055
1.000000,-0.309072,0.261834,0.605005,-0.618143,-0.393033,0.680753,550.000000,92.650428
1.000000,-0.274881,0.392124,0.708666,-0.549763,-0.417660,0.723409,550.000000,98.455965
1.000000,-0.350324,-0.118807,0.343350,-0.700648,-0.356753,0.617915,550.000000,84.098225
1.000000,-0.109757,0.431342,0.812303,-0.219515,-0.487805,0.844902,550.000000,114.991206
1.000000,-0.320447,0.461426,0.709595,-0.640894,-0.383814,0.664786,550.000000,90.477402
1.000000,-0.163632,0.236318,0.681996,-0.327264,-0.472467,0.818336,550.000000,111.375537
1.000000,-0.239530,0.646055,0.879788,-0.479059,-0.438891,0.760182,550.000000,103.460770
1.000000,-0.360553,0.885853,0.465658,-0.000000,0.866025,0.500000,550.000000,68.050000
1.000000,-0.366654,0.334590,0.585714,-0.733308,-0.339948,0.588808,550.000000,80.136744
1.000000,-0.079363,0.073601,0.612524,-0.158726,-0.493661,0.855046,550.000000,116.371824
1.000000,-0.391806,0.711065,0.768400,-0.000000,0.866025,0.500000,550.000000,68.050000
1.000000,0.286609,0.589891,0.813656,0.573217,-0.409702,0.709624,550.000000,96.579840
1.000000,0.445321,0.457953,0.526924,0.890641,-0.227353,0.393788,550.000000,53.594499
1.000000,-0.259434,0.690489,0.804037,-0.000000,0.866025,0.500000,550.000000,68.050000
1.000000,-0.384722,0.171811,0.467957,-0.769444,-0.319357,0.553143,550.000000,75.282763
1.000000,0.351711,0.050052,0.439262,0.703422,-0.355386,0.615547,550.000000,83.775931
1.000000,-0.239198,0.819203,0.581100,-0.000000,0.866025,0.500000,550.000000,68.050000
1.000000,-0.094904,1.015899,0.240411,-0.000000,0.866025,0.500000,550.000000,68.050000
1.000000,0.486664,0.624414,0.492961,0.973327,-0.114710,0.198684,550.000000,27.040865
1.000000,-0.491543,0.019009,0.116716,-0.983085,-0.091575,0.158612,550.000000,21.587140
1.000000,-0.407994,0.246417,0.476018,-0.815987,-0.289035,0.500623,550.000000,68.134784
1.000000,-0.069444,0.460880,0.837844,-0.138888,-0.495154,0.857632,550.000000,116.723715
1.000000,-0.418074,0.504556,0.607984,-0.836148,-0.274252,0.475018,550.000000,64.649906
1.000000,-0.038791,-0.219456,0.448907,-0.077583,-0.498493,0.863415,550.000000,117.510801
1.000000,0.290594,0.682089,0.818588,-0.000000,0.866025,0.500000,550.000000,68.050000
1.000000,0.039428,1.013767,0.244104,-0.000000,0.866025,0.500000,550.000000,68.050000
1.000000,-0.122492,0.159035,0.651575,-0.244985,-0.484763,0.839635,550.000000,114.274314
1.000000,-0.057519,-0.026629,0.558143,-0.115039,-0.496681,0.860276,550.000000,117.083547
1.000000,0.312579,-0.118964,0.381937,0.625158,-0.390249,0.675931,550.000000,91.994257
1.000000,0.338391,0.337094,0.619657,0.676781,-0.368092,0.637554,550.000000,86.771114
1.000000,-0.007257,0.804505,0.606557,-0.000000,0.866025,0.500000,550.000000,68.050000
1.000000,0.072177,1.093923,0.105270,-0.000000,0.866025,0.500000,550.000000,68.050000
1.000000,-0.075447,0.288201,0.737132,-0.150895,-0.494275,0.856109,550.000000,116.516472
1.000000,-0.196630,0.572246,0.861218,-0.393260,-0.459714,0.796248,550.000000,108.369289
1.000000,-0.173361,0.549502,0.858791,-0.346723,-0.468984,0.812304,550.000000,110.554540
1.000000,0.388876,-0.066575,0.324469,0.777752,-0.314286,0.544359,550.000000,74.087207
1.000000,-0.491193,0.834575,0.554474,-0.000000,0.866025,0.500000,550.000000,68.050000
1.000000,-0.374374,-0.139401,0.302217,-0.748747,-0.331428,0.574050,550.000000,78.128198
1.000000,-0.127872,0.883918,0.469008,-0.000000,0.866025,0.500000,550.000000,68.050000
1.000000,-0.352285,0.237934,0.547078,-0.704571,-0.354817,0.614561,550.000000,83.641711
1.000000,0.432580,0.974290,0.312480,-0.000000,0.866025,0.500000,550.000000,68.050000
1.000000,0.397747,0.850573,0.526765,-0.000000,0.866025,0.500000,550.000000,68.050000
1.000000,-0.002722,0.479684,0.854288,-0.005443,-0.499993,0.866013,550.000000,117.864311
1.000000,-0.007453,0.851418,0.525300,-0.000000,0.866025,0.500000,550.000000,68.050000
1.000000,-0.179483,0.410620,0.775942,-0.358966,-0.466675,0.808305,550.000000,110.010354
1.000000,0.354831,0.031269,0.424821,0.709662,-0.352271,0.610152,550.000000,83.041643
1.000000,-0.299737,0.426876,0.708565,-0.599474,-0.400197,0.693162,550.000000,94.339314
1.000000,0.283259,-0.047881,0.448121,0.566518,-0.412025,0.713648,550.000000,97.127425
1.000000,0.317007,0.007458,0.450783,0.634014,-0.386661,0.669716,550.000000,91.148318
1.000000,0.060751,1.071418,0.144249,-0.000000,0.866025,0.500000,550.000000,68.050000
1.000000,0.289072,0.239885,0.609578,0.578143,-0.407968,0.706621,550.000000,96.171067
1.000000,-0.461298,0.180095,0.326700,-0.922597,-0.192883,0.334083,550.000000,45.468743
1.000000,-0.441967,0.237251,0.406952,-0.883935,-0.233805,0.404963,550.000000,55.115430
1.000000,0.009593,1.100813,0.093336,-0.000000,0.866025,0.500000,550.000000,68.050000
1.000000,-0.009984,0.844070,0.538028,-0.000000,0.866025,0.500000,550.000000,68.050000
1.000000,-0.361716,0.513334,0.694973,-0.723432,-0.345198,0.597900,550.000000,81.374156
1.000000,-0.126977,0.016644,0.568032,-0.253955,-0.483608,0.837634,550.000000,114.001947
1.000000,-0.482045,0.878818,0.477842,-0.000000,0.866025,0.500000,550.000000,68.050000
1.000000,-0.005717,0.078142,0.622428,-0.011434,-0.499967,0.865969,550.000000,117.858352
1.000000,-0.418345,0.152374,0.404174,-0.836690,-0.273838,0.474302,550.000000,64.552502
1.000000,-0.351474,0.963055,0.331939,-0.000000,0.866025,0.500000,550.000000,68.050000
1.000000,-0.060169,-0.171320,0.474243,-0.120338,-0.496367,0.859732,550.000000,117.009528
1.000000,0.250082,0.363913,0.710051,0.500163,-0.432966,0.749918,550.000000,102.063897
1.000000,-0.323162,0.324689,0.628014,-0.646324,-0.381532,0.660832,550.000000,89.939261
1.000000,-0.419367,0.510536,0.609149,-0.838735,-0.272270,0.471586,550.000000,64.182843
1.000000,0.323350,0.955759,0.344576,-0.000000,0.866025,0.500000,550.000000,68.050000
1.000000,-0.053645,-0.008209,0.569278,-0.107289,-0.497114,0.861027,550.000000,117.185719
1.000000,-0.148586,-0.096761,0.495403,-0.297173,-0.477412,0.826902,550.000000,112.541309
1.000000,-0.240686,0.929743,0.389639,-0.000000,0.866025,0.500000,550.000000,68.050000
1.000000,-0.054498,0.488194,0.855770,-0.108995,-0.497021,0.860866,550.000000,117.163845
1.000000,0.416637,0.784715,0.640833,-0.000000,0.866025,0.500000,550.000000,68.050000
1.000000,0.263397,0.907056,0.428932,-0.000000,0.866025,0.500000,550.000000,68.050000
1.000000,-0.303105,0.001095,0.459802,-0.606209,-0.397653,0.688754,550.000000,93.739487
1.000000,-0.134232,0.644482,0.883725,-0.000000,0.866025,0.500000,550.000000,68.050000
1.000000,0.419808,0.355504,0.518855,0.839616,-0.271590,0.470408,550.000000,64.022512
1.000000,-0.476980,0.616450,0.529073,-0.953961,-0.149966,0.259748,550.000000,35.351753
1.000000,-0.127600,0.654748,0.865943,-0.000000,0.866025,0.500000,550.000000,68.050000
1.000000,0.449344,0.875628,0.483367,-0.000000,0.866025,0.500000,550.000000,68.050000
1.000000,-0.093372,0.414082,0.806264,-0.186744,-0.491204,0.850791,550.000000,115.792624
1.000000,-0.399528,0.751639,0.698123,-0.000000,0.866025,0.500000,550.000000,68.050000
1.000000,0.365810,0.825303,0.570533,-0.000000,0.866025,0.500000,550.000000,68.050000
1.000000,0.495585,0.812051,0.545390,0.991171,-0.066296,0.114828,550.000000,15.628067
1.000000,0.346533,0.140287,0.497192,0.693065,-0.360437,0.624296,550.000000,84.966681
1.000000,-0.179113,0.788751,0.633843,-0.000000,0.866025,0.500000,550.000000,68.050000
1.000000,-0.399240,0.504049,0.638590,-0.798481,-0.301010,0.521365,550.000000,70.957759
1.000000,-0.132905,1.061487,0.161450,-0.000000,0.866025,0.500000,550.000000,68.050000
1.000000,-0.295846,0.663815,0.848693,-0.591692,-0.403082,0.698159,550.000000,95.019421
1.000000,-0.442559,0.623198,0.628483,-0.885118,-0.232683,0.403019,550.000000,54.850918
1.000000,-0.367876,0.157344,0.481854,-0.735752,-0.338625,0.586516,550.000000,79.824887
1.000000,-0.292761,0.252346,0.613725,-0.585521,-0.405329,0.702050,550.000000,95.548959
1.000000,-0.244693,0.485222,0.783631,-0.489386,-0.436034,0.755232,550.000000,102.787122
1.000000,-0.445510,-0.051395,0.232423,-0.891021,-0.226981,0.393143,550.000000,53.506804
1.000000,0.462456,0.697930,0.622448,0.924911,-0.190091,0.329248,550.000000,44.810635
1.000000,-0.098506,-0.109059,0.503070,-0.197012,-0.490201,0.849052,550.000000,115.556012
1.000000,-0.276725,0.268274,0.635753,-0.553451,-0.416441,0.721297,550.000000,98.168509
1.000000,-0.181231,0.356458,0.743890,-0.362463,-0.465999,0.807134,550.000000,109.850956
1.000000,-0.058842,0.934225,0.381875,-0.000000,0.866025,0.500000,550.000000,68.050000
1.000000,-0.348415,-0.126347,0.341150,-0.696830,-0.358618,0.621145,550.000000,84.537849
1.000000,0.386708,0.099074,0.423182,0.773415,-0.316950,0.548973,550.000000,74.715263
1.000000,0.265743,0.606241,0.839068,0.531485,-0.423534,0.733582,550.000000,99.840511
1.000000,-0.032807,-0.142335,0.493929,-0.065614,-0.498923,0.864159,550.000000,117.612062
1.000000,0.338365,0.093285,0.478921,0.676731,-0.368115,0.637594,550.000000,86.776584
1.000000,0.491458,0.166568,0.202430,0.982917,-0.092026,0.159393,550.000000,21.693428
1.000000,-0.009537,0.344277,0.776014,-0.019074,-0.499909,0.865868,550.000000,117.844614
1.000000,-0.394770,0.895795,0.448438,-0.000000,0.866025,0.500000,550.000000,68.050000
1.000000,-0.155270,0.192855,0.660152,-0.310539,-0.475280,0.823210,550.000000,112.038829
1.000000,-0.206282,0.455086,0.788669,-0.412565,-0.455464,0.788887,550.000000,107.367526
1.000000,-0.282701,0.113965,0.542005,-0.565401,-0.412408,0.714312,550.000000,97.217815
1.000000,-0.183206,0.832196,0.558594,-0.000000,0.866025,0.500000,550.000000,68.050000
1.000000,-0.460189,-0.033008,0.206704,-0.920378,-0.195515,0.338641,550.000000,46.089053
1.000000,-0.403199,0.224698,0.471159,-0.806398,-0.295686,0.512144,550.000000,69.702788
1.000000,-0.231417,0.807881,0.600708,-0.000000,0.866025,0.500000,550.000000,68.050000
1.000000,-0.152909,0.593511,0.892353,-0.305818,-0.476045,0.824534,550.000000,112.219091
1.000000,-0.399067,0.915140,0.414932,-0.000000,0.866025,0.500000,550.000000,68.050000
1.000000,-0.199701,0.082401,0.576875,-0.399401,-0.458388,0.793952,550.000000,108.056802
1.000000,-0.120887,0.853982,0.520860,-0.000000,0.866025,0.500000,550.000000,68.050000
1.000000,-0.288073,0.749710,0.701464,-0.000000,0.866025,0.500000,550.000000,68.050000
1.000000,-0.229317,1.006482,0.256722,-0.000000,0.866025,0.500000,550.000000,68.050000
1.000000,-0.219713,0.952054,0.350994,-0.000000,0.866025,0.500000,550.000000,68.050000
1.000000,-0.422731,0.501171,0.597677,-0.845462,-0.267018,0.462488,550.000000,62.944660
1.000000,-0.395058,0.230033,0.486701,-0.790116,-0.306479,0.530837,550.000000,72.246928
1.000000,-0.287294,0.825216,0.570684,-0.000000,0.866025,0.500000,550.000000,68.050000
1.000000,-0.287632,-0.163330,0.377956,-0.575263,-0.408984,0.708381,550.000000,96.410720
1.000000,-0.453532,0.782256,0.645094,-0.000000,0.866025,0.500000,550.000000,68.050000
1.000000,0.460017,0.155519,0.316017,0.920034,-0.195919,0.339342,550.000000,46.184434
1.000000,-0.486966,0.054341,0.162341,-0.973932,-0.113421,0.196450,550.000000,26.736872
1.000000,0.326850,0.548881,0.753808,0.653701,-0.378377,0.655367,550.000000,89.195503
1.000000,-0.039982,-0.110971,0.511432,-0.079964,-0.498399,0.863252,550.000000,117.488623
1.000000,-0.020661,1.033634,0.209693,-0.000000,0.866025,0.500000,550.000000,68.050000
1.000000,0.268332,-0.195513,0.374286,0.536664,-0.421898,0.730749,550.000000,99.454941
1.000000,-0.300424,0.885144,0.466886,-0.000000,0.866025,0.500000,550.000000,68.050000
1.000000,-0.394730,0.108027,0.416748,-0.789461,-0.306901,0.531567,550.000000,72.346310
1.000000,-0.210713,0.417697,0.764735,-0.421426,-0.453431,0.785366,550.000000,106.888366
1.000000,-0.366252,-0.019592,0.381728,-0.732503,-0.340382,0.589558,550.000000,80.238896
1.000000,-0.188876,0.828807,0.564463,-0.000000,0.866025,0.500000,550.000000,68.050000
1.000000,0.279688,0.439114,0.732096,0.559377,-0.414457,0.717860,550.000000,97.700782
1.000000,-0.363225,0.026772,0.412223,-0.726450,-0.343610,0.595150,550.000000,80.999867
1.000000,-0.048050,0.826299,0.568807,-0.000000,0.866025,0.500000,550.000000,68.050000
1.000000,-0.485582,0.393031,0.364564,-0.971164,-0.119206,0.206472,550.000000,28.100788
1.000000,-0.187604,0.564741,0.861223,-0.375208,-0.463470,0.802754,550.000000,109.254823
1.000000,0.336643,0.523102,0.728896,0.673286,-0.369691,0.640324,550.000000,87.148095
1.000000,0.429411,-0.075121,0.252391,0.858822,-0.256137,0.443643,550.000000,60.379816
1.000000,0.303631,-0.099169,0.401451,0.607261,-0.397251,0.688059,550.000000,93.644836
1.000000,0.401885,0.125240,0.415796,0.803770,-0.297470,0.515233,550.000000,70.123199
1.000000,-0.291873,0.947678,0.358574,-0.000000,0.866025,0.500000,550.000000,68.050000
1.000000,-0.362404,0.771527,0.663676,-0.000000,0.866025,0.500000,550.000000,68.050000
1.000000,-0.377534,-0.096987,0.322542,-0.755069,-0.327823,0.567806,550.000000,77.278348
1.000000,-0.171623,0.067373,0.581172,-0.343245,-0.469623,0.813411,550.000000,110.705195
1.000000,-0.103014,0.937313,0.376526,-0.000000,0.866025,0.500000,550.000000,68.050000
1.000000,-0.115427,0.211601,0.683923,-0.230853,-0.486494,0.842633,550.000000,114.682329
1.000000,-0.143712,0.760146,0.683388,-0.000000,0.866025,0.500000,550.000000,68.050000
1.000000,0.330556,-0.131947,0.356998,0.661112,-0.375143,0.649767,550.000000,88.433352
1.000000,-0.037965,0.510026,0.870147,-0.075931,-0.498557,0.863525,550.000000,117.525787
1.000000,-0.359876,0.397779,0.630472,-0.719752,-0.347115,0.601222,550.000000,81.826249
1.000000,-0.386181,0.417525,0.607781,-0.772362,-0.317591,0.550084,550.000000,74.866446
1.000000,-0.490239,0.600765,0.460373,-0.980479,-0.098312,0.170282,550.000000,23.175353
1.000000,0.361584,0.894009,0.451530,-0.000000,0.866025,0.500000,550.000000,68.050000
1.000000,-0.156194,0.520272,0.848836,-0.312389,-0.474977,0.822685,550.000000,111.967377
1.000000,-0.057283,0.875616,0.483389,-0.000000,0.866025,0.500000,550.000000,68.050000
1.000000,-0.418193,0.322975,0.502939,-0.836386,-0.274071,0.474704,550.000000,64.607265
1.000000,0.321816,0.053866,0.472966,0.643632,-0.382667,0.662800,550.000000,90.207018
1.000000,-0.032107,0.429195,0.823955,-0.064215,-0.498968,0.864238,550.000000,117.622792
1.000000,-0.134637,-0.168331,0.458839,-0.269273,-0.481532,0.834038,550.000000,113.512533
1.000000,-0.076146,1.110829,0.075988,-0.000000,0.866025,0.500000,550.000000,68.050000
1.000000,0.032380,1.088813,0.114121,-0.000000,0.866025,0.500000,550.000000,68.050000
1.000000,-0.413002,0.199043,0.440349,-0.826004,-0.281832,0.488147,550.000000,66.436829
1.000000,-0.021819,-0.172015,0.477487,-0.043637,-0.499524,0.865200,550.000000,117.753783
1.000000,-0.382914,0.783205,0.643449,-0.000000,0.866025,0.500000,550.000000,68.050000
1.000000,0.290628,0.800670,0.613199,-0.000000,0.866025,0.500000,550.000000,68.050000
1.000000,-0.244291,0.310380,0.682946,-0.488582,-0.436259,0.755623,550.000000,102.840245
1.000000,0.132746,1.009164,0.252078,-0.000000,0.866025,0.500000,550.000000,68.050000
1.000000,-0.151064,0.121280,0.620390,-0.302128,-0.476634,0.825554,550.000000,112.357858
1.000000,-0.296972,0.119132,0.533263,-0.593944,-0.402253,0.696723,550.000000,94.824016
1.000000,-0.152289,-0.237336,0.412893,-0.304578,-0.476244,0.824878,550.000000,112.265943
1.000000,-0.450959,0.721924,0.666166,-0.901917,-0.215954,0.374044,550.000000,50.907362
1.000000,0.412297,0.719751,0.742170,0.824594,-0.282863,0.489932,550.000000,66.679811
1.000000,0.359457,0.876900,0.481166,-0.000000,0.866025,0.500000,550.000000,68.050000
1.000000,-0.073420,0.405307,0.805096,-0.146841,-0.494580,0.856638,550.000000,116.588404
1.000000,0.327775,0.587275,0.775050,0.655551,-0.377576,0.653980,550.000000,89.006695
1.000000,0.157011,1.018380,0.236114,-0.000000,0.866025,0.500000,550.000000,68.050000
1.000000,-0.415692,0.005464,0.323987,-0.831384,-0.277849,0.481249,550.000000,65.497970
1.000000,-0.418235,0.476707,0.591622,-0.836470,-0.274006,0.474593,550.000000,64.592107
1.000000,-0.182864,-0.190318,0.427472,-0.365728,-0.465361,0.806029,550.000000,109.700505
1.000000,-0.250857,0.630757,0.863595,-0.501715,-0.432517,0.749141,550.000000,101.958038
1.000000,0.068771,1.051522,0.178711,-0.000000,0.866025,0.500000,550.000000,68.050000
1.000000,-0.345846,-0.122341,0.346324,-0.691692,-0.361096,0.625437,550.000000,85.121991
1.000000,-0.017072,0.790307,0.631148,-0.000000,0.866025,0.500000,550.000000,68.050000
1.000000,0.307092,-0.123526,0.384306,0.614184,-0.394582,0.683435,550.000000,93.015560
1.000000,-0.211296,0.608997,0.874869,-0.422591,-0.453160,0.784896,550.000000,106.824400
1.000000,0.054533,1.110775,0.076080,-0.000000,0.866025,0.500000,550.000000,68.050000
1.000000,-0.408556,-0.081243,0.285924,-0.817113,-0.288239,0.499245,550.000000,67.947202
1.000000,-0.312973,0.184973,0.557051,-0.625946,-0.389933,0.675384,550.000000,91.919807
1.000000,0.304059,0.803059,0.609060,-0.000000,0.866025,0.500000,550.000000,68.050000
1.000000,-0.042751,-0.210445,0.453735,-0.085501,-0.498169,0.862854,550.000000,117.434441
1.000000,-0.083960,0.347308,0.769671,-0.167920,-0.492900,0.853728,550.000000,116.192442
1.000000,-0.003853,0.039980,0.600416,-0.007707,-0.499985,0.866000,550.000000,117.862557
1.000000,0.260745,0.551729,0.811170,0.521489,-0.426629,0.738943,550.000000,100.570151
1.000000,-0.491098,0.497415,0.395646,-0.982195,-0.093932,0.162695,550.000000,22.142771
1.000000,-0.237576,0.133316,0.584983,-0.475152,-0.439952,0.762019,550.000000,103.710787
1.000000,-0.142408,0.294292,0.723347,-0.284816,-0.479291,0.830157,550.000000,112.984302
1.000000,-0.013956,0.779723,0.649481,-0.000000,0.866025,0.500000,550.000000,68.050000
1.000000,0.119616,1.105076,0.085953,-0.000000,0.866025,0.500000,550.000000,68.050000
1.000000,-0.486194,0.504751,0.426157,-0.972387,-0.116687,0.202108,550.000000,27.506879
1.000000,-0.344776,-0.128277,0.344077,-0.689552,-0.362118,0.627207,550.000000,85.362814
1.000000,-0.233898,0.802595,0.609865,-0.000000,0.866025,0.500000,550.000000,68.050000
1.000000,0.146428,1.068329,0.149599,-0.000000,0.866025,0.500000,550.000000,68.050000
1.000000,-0.069825,-0.081210,0.524806,-0.139649,-0.495100,0.857539,550.000000,116.711088
1.000000,-0.489051,0.689105,0.518016,-0.978102,-0.104063,0.180242,550.000000,24.530889
1.000000,0.358437,0.247767,0.545578,0.716874,-0.348601,0.603795,550.000000,82.176490
1.000000,-0.322626,0.611163,0.793933,-0.645253,-0.381985,0.661617,550.000000,90.046039
1.000000,0.351419,0.948892,0.356470,-0.000000,0.866025,0.500000,550.000000,68.050000
1.000000,0.399034,-0.053964,0.316736,0.798068,-0.301284,0.521839,550.000000,71.022228
1.000000,-0.239102,-0.039183,0.484435,-0.478204,-0.439124,0.760586,550.000000,103.515724
1.000000,-0.004765,0.736747,0.723917,-0.000000,0.866025,0.500000,550.000000,68.050000
1.000000,0.213185,1.021701,0.230363,-0.000000,0.866025,0.500000,550.000000,68.050000
1.000000,-0.231369,-0.179243,0.408332,-0.462739,-0.443247,0.767727,550.000000,104.487636
1.000000,-0.223769,0.984665,0.294510,-0.000000,0.866025,0.500000,550.000000,68.050000
1.000000,-0.279813,0.802110,0.610705,-0.000000,0.866025,0.500000,550.000000,68.050000
1.000000,0.405044,0.092142,0.391704,0.810088,-0.293154,0.507758,550.000000,69.105917
1.000000,-0.174087,0.024734,0.555505,-0.348174,-0.468715,0.811838,550.000000,110.491161
1.000000,-0.060799,0.522952,0.874993,-0.121598,-0.496290,0.859599,550.000000,116.991430
1.000000,-0.102728,0.237338,0.702061,-0.205455,-0.489333,0.847550,550.000000,115.351563
1.000000,0.286712,0.018925,0.483925,0.573424,-0.409629,0.709499,550.000000,96.562800
1.000000,-0.477982,0.362487,0.378726,-0.955964,-0.146743,0.254166,550.000000,34.591947
1.000000,-0.422419,0.371903,0.523614,-0.844838,-0.267511,0.463343,550.000000,63.061034
1.000000,-0.085165,0.718059,0.756285,-0.000000,0.866025,0.500000,550.000000,68.050000
1.000000,-0.122630,0.448391,0.818595,-0.245260,-0.484729,0.839575,550.000000,114.266100
1.000000,-0.082699,-0.054747,0.537790,-0.165398,-0.493113,0.854098,550.000000,116.242677
1.000000,-0.425606,0.655279,0.681332,-0.851211,-0.262411,0.454510,550.000000,61.858818
1.000000,0.253032,0.491016,0.781450,0.506065,-0.431248,0.746943,550.000000,101.658952
1.000000,-0.126858,-0.041326,0.534599,-0.253717,-0.483639,0.837688,550.000000,114.009308
1.000000,-0.455098,0.288296,0.405574,-0.910196,-0.207089,0.358689,550.000000,48.817607
1.000000,0.345370,0.892229,0.454613,-0.000000,0.866025,0.500000,550.000000,68.050000
1.000000,-0.049313,0.281832,0.737251,-0.098627,-0.497562,0.861803,550.000000,117.291402
1.000000,-0.406624,0.748323,0.703867,-0.000000,0.866025,0.500000,550.000000,68.050000
1.000000,0.453621,0.317993,0.426432,0.907242,-0.210305,0.364259,550.000000,49.575617
1.000000,0.329810,0.944760,0.363627,-0.000000,0.866025,0.500000,550.000000,68.050000
1.000000,-0.399893,0.375672,0.563469,-0.799786,-0.300143,0.519863,550.000000,70.753322
1.000000,-0.248586,0.839724,0.545555,-0.000000,0.866025,0.500000,550.000000,68.050000
1.000000,0.407902,0.258578,0.483189,0.815803,-0.289165,0.500848,550.000000,68.165455
1.000000,0.083009,1.020652,0.232179,-0.000000,0.866025,0.500000,550.000000,68.050000
1.000000,0.488793,-0.045362,0.095361,0.977587,-0.105266,0.182326,550.000000,24.814603
1.000000,-0.401213,0.790604,0.630634,-0.000000,0.866025,0.500000,550.000000,68.050000
1.000000,0.488833,0.170608,0.219838,0.977667,-0.105081,0.182006,550.000000,24.770977
1.000000,0.268850,0.399587,0.717487,0.537700,-0.421568,0.730178,550.000000,99.377172
1.000000,0.346754,0.117860,0.483998,0.693508,-0.360225,0.623927,550.000000,84.916512
1.000000,-0.043815,0.600690,0.921938,-0.087630,-0.498077,0.862694,550.000000,117.412632
1.000000,-0.215041,-0.128389,0.447101,-0.430083,-0.451395,0.781839,550.000000,106.408248
1.000000,0.429513,0.380147,0.515041,0.859027,-0.255965,0.443345,550.000000,60.339238
1.000000,0.339885,0.918642,0.408866,-0.000000,0.866025,0.500000,550.000000,68.050000
1.000000,0.309472,0.777250,0.653763,-0.000000,0.866025,0.500000,550.000000,68.050000
1.000000,-0.206459,0.303223,0.700898,-0.412918,-0.455384,0.788748,550.000000,107.348648
1.000000,0.340067,0.555904,0.744199,0.680135,-0.366544,0.634872,550.000000,86.406106
1.000000,0.425180,0.956488,0.343314,-0.000000,0.866025,0.500000,550.000000,68.050000
1.000000,-0.149420,0.636809,0.897015,-0.000000,0.866025,0.500000,550.000000,68.050000
1.000000,-0.291291,0.215536,0.593694,-0.582582,-0.406386,0.703881,550.000000,95.798207
1.000000,-0.229241,0.266075,0.666712,-0.458481,-0.444352,0.769640,550.000000,104.748054
1.000000,-0.355408,0.327770,0.595334,-0.710815,-0.351689,0.609144,550.000000,82.904494
1.000000,-0.368211,0.805573,0.604706,-0.000000,0.866025,0.500000,550.000000,68.050000
1.000000,0.414657,-0.113966,0.256815,0.829315,-0.279391,0.483919,550.000000,65.861418
1.000000,-0.299810,-0.057988,0.428565,-0.599620,-0.400143,0.693067,550.000000,94.326443
1.000000,-0.240773,-0.059951,0.471389,-0.481547,-0.438210,0.759002,550.000000,103.300210
1.000000,-0.092306,1.004653,0.259890,-0.000000,0.866025,0.500000,550.000000,68.050000
1.000000,-0.348952,1.035224,0.206939,-0.000000,0.866025,0.500000,550.000000,68.050000
1.000000,-0.113231,-0.026452,0.547079,-0.226463,-0.487010,0.843526,550.000000,114.803872
1.000000,0.356955,0.308651,0.582482,0.713910,-0.350119,0.606423,550.000000,82.534212
1.000000,-0.075753,1.000682,0.266769,-0.000000,0.866025,0.500000,550.000000,68.050000
1.000000,0.432910,0.723869,0.706807,0.865820,-0.250178,0.433321,550.000000,58.975037
1.000000,-0.358647,0.852813,0.522885,-0.000000,0.866025,0.500000,550.000000,68.050000
1.000000,-0.392206,0.568363,0.686240,-0.784413,-0.310120,0.537143,550.000000,73.105126
1.000000,0.314395,0.492750,0.733423,0.628789,-0.388788,0.673400,550.000000,91.649806
1.000000,0.472869,-0.041402,0.163694,0.945739,-0.162464,0.281396,550.000000,38.298056
1.000000,-0.434509,0.466222,0.554835,-0.869018,-0.247390,0.428493,550.000000,58.317882
1.000000,-0.494055,0.396009,0.317401,-0.988110,-0.076873,0.133148,550.000000,18.121458
1.000000,-0.260211,0.963145,0.331784,-0.000000,0.866025,0.500000,550.000000,68.050000
1.000000,-0.006243,-0.006571,0.573511,-0.012485,-0.499961,0.865958,550.000000,117.856870
1.000000,-0.377682,0.203921,0.496074,-0.755365,-0.327652,0.567511,550.000000,77.238192
1.000000,-0.144706,0.113954,0.618434,-0.289412,-0.478602,0.828963,550.000000,112.821919
1.000000,-0.224175,0.659427,0.857840,-0.000000,0.866025,0.500000,550.000000,68.050000
1.000000,-0.120187,0.915085,0.415026,-0.000000,0.866025,0.500000,550.000000,68.050000
1.000000,0.441135,0.300565,0.445315,0.882270,-0.235372,0.407676,550.000000,55.484675
1.000000,-0.082985,0.245843,0.711281,-0.165971,-0.493065,0.854014,550.000000,116.231338
1.000000,-0.370225,-0.049030,0.359736,-0.740450,-0.336056,0.582065,550.000000,79.219089
1.000000,0.265976,-0.122874,0.417944,0.531953,-0.423387,0.733328,550.000000,99.805902
1.000000,-0.044047,0.454775,0.837670,-0.088094,-0.498056,0.862658,550.000000,117.407818
1.000000,-0.146144,-0.202987,0.434943,-0.292289,-0.478165,0.828206,550.000000,112.718869
1.000000,-0.158552,-0.141657,0.465768,-0.317104,-0.474195,0.821330,550.000000,111.783073
1.000000,0.313065,0.386294,0.673197,0.626131,-0.389859,0.675256,550.000000,91.902295
1.000000,-0.360927,0.638914,0.768430,-0.721855,-0.346022,0.599328,550.000000,81.568556
1.000000,0.282133,0.185447,0.583725,0.564265,-0.412797,0.714985,550.000000,97.309438
1.000000,-0.250366,0.225308,0.629837,-0.500731,-0.432801,0.749634,550.000000,102.025200
1.000000,0.343036,0.466800,0.689549,0.686072,-0.363767,0.630063,550.000000,85.751560
1.000000,0.264675,0.639990,0.859324,0.529351,-0.424202,0.734739,550.000000,99.997932
1.000000,-0.244771,0.685528,0.812630,-0.000000,0.866025,0.500000,550.000000,68.050000
1.000000,-0.129406,0.551493,0.876083,-0.258812,-0.482964,0.836518,550.000000,113.850099
1.000000,-0.490267,0.145262,0.197227,-0.980535,-0.098172,0.170040,550.000000,23.142379
1.000000,-0.278887,0.773343,0.660531,-0.000000,0.866025,0.500000,550.000000,68.050000
1.000000,-0.219058,1.089469,0.112984,-0.000000,0.866025,0.500000,550.000000,68.050000
1.000000,0.255233,0.714662,0.762169,-0.000000,0.866025,0.500000,550.000000,68.050000
1.000000,0.464744,0.347203,0.413414,0.929488,-0.184426,0.319435,550.000000,43.475124
1.000000,-0.263826,0.153707,0.579179,-0.527653,-0.424730,0.735654,550.000000,100.122517
1.000000,-0.020741,-0.042378,0.552386,-0.041482,-0.499570,0.865280,550.000000,117.764603
1.000000,-0.266629,0.866275,0.499567,-0.000000,0.866025,0.500000,550.000000,68.050000
1.000000,-0.349734,0.019290,0.423748,-0.699469,-0.357331,0.618916,550.000000,84.234510
1.000000,-0.257887,0.619721,0.852426,-0.515774,-0.428362,0.741946,550.000000,100.978787
1.000000,0.443696,0.807183,0.601918,-0.000000,0.866025,0.500000,550.000000,68.050000
1.000000,-0.344911,-0.027300,0.402227,-0.689823,-0.361989,0.626984,550.000000,85.332495
1.000000,-0.384187,0.143977,0.452630,-0.768374,-0.320001,0.554258,550.000000,75.434472
1.000000,0.412446,1.001297,0.265704,-0.000000,0.866025,0.500000,550.000000,68.050000
1.000000,-0.366239,0.352290,0.596450,-0.732477,-0.340396,0.589583,550.000000,80.242196
1.000000,-0.471994,0.488036,0.472281,-0.943988,-0.164990,0.285770,550.000000,38.893335
1.000000,0.374565,-0.038861,0.360014,0.749130,-0.331211,0.573675,550.000000,78.077144
1.000000,-0.186644,0.642000,0.888024,-0.000000,0.866025,0.500000,550.000000,68.050000
1.000000,0.338833,0.278906,0.585593,0.677665,-0.367685,0.636850,550.000000,86.675221
1.000000,0.415412,0.406290,0.555888,0.830824,-0.278268,0.481974,550.000000,65.596703
1.000000,-0.173315,0.175901,0.643112,-0.346629,-0.469001,0.812334,550.000000,110.558634
1.000000,-0.441299,0.484574,0.551197,-0.882599,-0.235064,0.407142,550.000000,55.412056
1.000000,-0.450010,0.714462,0.664133,-0.900020,-0.217925,0.377456,550.000000,51.371808
1.000000,0.492999,0.698913,0.499795,0.985998,-0.083379,0.144416,550.000000,19.655014
1.000000,-0.464305,0.620935,0.572727,-0.928610,-0.185528,0.321345,550.000000,43.735006
1.000000,-0.489105,-0.034585,0.099901,-0.978210,-0.103810,0.179803,550.000000,24.471233
1.000000,-0.177500,0.632721,0.904095,-0.000000,0.866025,0.500000,550.000000,68.050000
1.000000,0.289173,0.049133,0.499364,0.578346,-0.407896,0.706496,550.000000,96.154169
1.000000,-0.174099,0.339647,0.737315,-0.348199,-0.468710,0.811830,550.000000,110.490079
1.000000,-0.407128,0.619024,0.692549,-0.814255,-0.290253,0.502734,550.000000,68.422032
1.000000,-0.148444,0.309024,0.729734,-0.296888,-0.477456,0.826978,550.000000,112.551765
1.000000,-0.317859,0.770157,0.666049,-0.000000,0.866025,0.500000,550.000000,68.050000
1.000000,-0.366983,0.331514,0.583528,-0.733966,-0.339593,0.588193,550.000000,80.053037
1.000000,0.267105,0.591733,0.829701,0.534210,-0.422676,0.732096,550.000000,99.638284
1.000000,0.491854,0.298979,0.276409,0.983708,-0.089888,0.155690,550.000000,21.189415
1.000000,0.121941,1.070343,0.146111,-0.000000,0.866025,0.500000,550.000000,68.050000
1.000000,0.475219,-0.020774,0.167513,0.950438,-0.155458,0.269261,550.000000,36.646396
1.000000,0.373745,0.633361,0.749189,0.747491,-0.332136,0.575277,550.000000,78.295164
1.000000,-0.326116,0.560215,0.761083,-0.652232,-0.379010,0.656464,550.000000,89.344712
1.000000,-0.169057,0.596143,0.887531,-0.338114,-0.470552,0.815021,550.000000,110.924336
1.000000,-0.032801,0.918881,0.408451,-0.000000,0.866025,0.500000,550.000000,68.050000
1.000000,-0.001314,0.540615,0.889472,-0.002629,-0.499998,0.866022,550.000000,117.865650
1.000000,-0.200649,0.092386,0.582161,-0.401299,-0.457974,0.793234,550.000000,107.959097
1.000000,0.254782,0.230746,0.629992,0.509564,-0.430216,0.745157,550.000000,101.415824
1.000000,-0.019688,0.075118,0.620272,-0.039375,-0.499612,0.865354,550.000000,117.774652
1.000000,0.489186,0.040119,0.142590,0.978372,-0.103427,0.179141,550.000000,24.381042
1.000000,-0.470015,0.331011,0.388040,-0.940029,-0.170547,0.295396,550.000000,40.203387
1.000000,0.295102,1.051174,0.179312,-0.000000,0.866025,0.500000,550.000000,68.050000
1.000000,-0.192337,-0.162217,0.439269,-0.384673,-0.461526,0.799387,550.000000,108.796606
1.000000,0.489423,0.794097,0.576595,0.978847,-0.102297,0.177184,550.000000,24.114744
1.000000,-0.437098,-0.105052,0.219694,-0.874195,-0.242787,0.420520,550.000000,57.232734
1.000000,0.367782,1.007001,0.255824,-0.000000,0.866025,0.500000,550.000000,68.050000
1.000000,0.415423,0.471917,0.593759,0.830845,-0.278252,0.481946,550.000000,65.592898
1.000000,-0.119559,0.193010,0.672036,-0.239117,-0.485495,0.840903,550.000000,114.446844
1.000000,-0.485078,0.449247,0.399369,-0.970156,-0.121240,0.209994,550.000000,28.580150
1.000000,-0.475706,0.437334,0.430272,-0.951413,-0.153960,0.266666,550.000000,36.293199
1.000000,-0.353696,0.918686,0.408789,-0.000000,0.866025,0.500000,550.000000,68.050000
1.000000,0.407063,0.173524,0.435445,0.814125,-0.290345,0.502891,550.000000,68.443533
1.000000,-0.359543,0.072726,0.443201,-0.719087,-0.347460,0.601819,550.000000,81.907514
1.000000,-0.452627,0.146173,0.329693,-0.905254,-0.212436,0.367950,550.000000,50.077952
1.000000,-0.456339,0.810200,0.596693,-0.000000,0.866025,0.500000,550.000000,68.050000
1.000000,-0.136917,0.704065,0.780524,-0.000000,0.866025,0.500000,550.000000,68.050000
1.000000,0.360121,0.061347,0.435939,0.720243,-0.346861,0.600781,550.000000,81.766309
1.000000,0.311774,0.145854,0.535573,0.623548,-0.390893,0.677046,550.000000,92.145955
1.000000,-0.004856,0.412637,0.815559,-0.009712,-0.499976,0.865985,550.000000,117.860498
1.000000,0.435158,0.499608,0.572791,0.870316,-0.246247,0.426513,550.000000,58.048368
1.000000,-0.306303,-0.151448,0.368892,-0.612607,-0.395194,0.684496,550.000000,93.159897
1.000000,0.471454,0.226102,0.322828,0.942908,-0.166526,0.288432,550.000000,39.255634
1.000000,0.279546,0.780502,0.648131,-0.000000,0.866025,0.500000,550.000000,68.050000
1.000000,-0.397917,0.527708,0.654267,-0.795834,-0.302758,0.524392,550.000000,71.369722
1.000000,-0.296018,0.691969,0.801474,-0.000000,0.866025,0.500000,550.000000,68.050000
1.000000,0.282479,0.323590,0.663207,0.564959,-0.412560,0.714574,550.000000,97.253555
1.000000,-0.064947,1.013600,0.244393,-0.000000,0.866025,0.500000,550.000000,68.050000
1.000000,0.398147,0.616998,0.705469,0.796294,-0.302455,0.523868,550.000000,71.298369
1.000000,0.316493,0.448917,0.706146,0.632985,-0.387082,0.670446,550.000000,91.247637
1.000000,0.422705,-0.077390,0.263693,0.845409,-0.267060,0.462561,550.000000,62.954506
1.000000,-0.365382,0.612215,0.747579,-0.730765,-0.341315,0.591174,550.000000,80.458815
1.000000,-0.301960,0.491360,0.743861,-0.603920,-0.398522,0.690261,550.000000,93.944516
1.000000,-0.469311,0.387723,0.423009,-0.938621,-0.172475,0.298735,550.000000,40.657867
1.000000,-0.050061,0.209385,0.695338,-0.100122,-0.497488,0.861674,550.000000,117.273800
1.000000,-0.172060,0.275985,0.701429,-0.344121,-0.469463,0.813133,550.000000,110.667429
1.000000,-0.132918,0.755821,0.690879,-0.000000,0.866025,0.500000,550.000000,68.050000
1.000000,-0.281945,0.163234,0.571048,-0.563890,-0.412925,0.715207,550.000000,97.339711
1.000000,0.433647,0.905265,0.432034,-0.000000,0.866025,0.500000,550.000000,68.050000
1.000000,-0.023869,-0.016654,0.567077,-0.047739,-0.499430,0.865038,550.000000,117.731673
1.000000,0.460046,0.221185,0.353851,0.920092,-0.195851,0.339225,550.000000,46.168463
1.000000,-0.118764,0.387057,0.784294,-0.237528,-0.485690,0.841240,550.000000,114.492817
1.000000,-0.085172,0.121040,0.638795,-0.170343,-0.492692,0.853368,550.000000,116.143419
1.000000,-0.286719,1.037656,0.202727,-0.000000,0.866025,0.500000,550.000000,68.050000
1.000000,-0.078618,0.984355,0.295047,-0.000000,0.866025,0.500000,550.000000,68.050000
1.000000,-0.016087,-0.087857,0.526327,-0.032175,-0.499741,0.865577,550.000000,117.805034
1.000000,-0.352391,0.230790,0.542832,-0.704783,-0.354712,0.614378,550.000000,83.616903
1.000000,-0.352627,0.461158,0.675565,-0.705255,-0.354477,0.613972,550.000000,83.561585
1.000000,-0.326027,0.698873,0.789517,-0.000000,0.866025,0.500000,550.000000,68.050000
1.000000,0.461876,0.016340,0.230553,0.923752,-0.191495,0.331679,550.000000,45.141519
1.000000,0.331364,0.002752,0.433943,0.662729,-0.374430,0.648531,550.000000,88.265108
1.000000,0.340264,0.345650,0.622598,0.680529,-0.366361,0.634555,550.000000,86.362956
1.000000,0.266124,0.417646,0.729906,0.532247,-0.423294,0.733168,550.000000,99.784101
1.000000,-0.489090,0.004972,0.122819,-0.978181,-0.103878,0.179923,550.000000,24.487454
1.000000,0.393466,-0.062220,0.320326,0.786932,-0.308520,0.534373,550.000000,72.728108
1.000000,0.382904,0.990864,0.283773,-0.000000,0.866025,0.500000,550.000000,68.050000
1.000000,-0.469874,0.573079,0.528246,-0.939747,-0.170935,0.296068,550.000000,40.294872
1.000000,-0.121804,0.827406,0.566891,-0.000000,0.866025,0.500000,550.000000,68.050000
1.000000,-0.071285,0.938366,0.374702,-0.000000,0.866025,0.500000,550.000000,68.050000
1.000000,-0.278639,0.984034,0.295602,-0.000000,0.866025,0.500000,550.000000,68.050000
1.000000,0.366031,0.315552,0.575497,0.732062,-0.340619,0.589969,550.000000,80.294825
1.000000,0.392063,0.803067,0.609047,-0.000000,0.866025,0.500000,550.000000,68.050000
1.000000,-0.103579,-0.008824,0.559732,-0.207159,-0.489154,0.847239,550.000000,115.309224
1.000000,0.362192,-0.081607,0.350908,0.724384,-0.344698,0.597035,550.000000,81.256472
1.000000,0.312989,1.039345,0.199802,-0.000000,0.866025,0.500000,550.000000,68.050000
1.000000,-0.177895,0.999302,0.269159,-0.000000,0.866025,0.500000,550.000000,68.050000
1.000000,-0.024191,0.206315,0.695790,-0.048383,-0.499414,0.865011,550.000000,117.728022
1.000000,-0.425697,0.153615,0.391525,-0.851394,-0.262263,0.454253,550.000000,61.823844
1.000000,0.041826,1.107672,0.081456,-0.000000,0.866025,0.500000,550.000000,68.050000
1.000000,-0.106967,0.237243,0.700956,-0.213934,-0.488424,0.845975,550.000000,115.137224
1.000000,-0.107163,0.805228,0.605304,-0.000000,0.866025,0.500000,550.000000,68.050000
1.000000,-0.163718,0.072444,0.587348,-0.327437,-0.472437,0.818284,550.000000,111.368474
1.000000,0.489739,0.073069,0.158552,0.979478,-0.100776,0.174549,550.000000,23.756105
1.000000,-0.081664,1.053337,0.175567,-0.000000,0.866025,0.500000,550.000000,68.050000
1.000000,-0.473216,0.650037,0.561728,-0.946432,-0.161452,0.279644,550.000000,38.059486
1.000000,0.313619,0.580155,0.784609,0.627239,-0.389414,0.674484,550.000000,91.797284
1.000000,-0.102938,-0.108473,0.502355,-0.205876,-0.489289,0.847474,550.000000,115.341151
1.000000,-0.381940,-0.052713,0.342164,-0.763880,-0.322679,0.558897,550.000000,76.065903
1.000000,0.262105,0.602676,0.839620,0.524210,-0.425795,0.737498,550.000000,100.373462
1.000000,0.420352,0.315527,0.494802,0.840703,-0.270748,0.468949,550.000000,63.824001
1.000000,0.476294,0.778640,0.625214,0.952588,-0.152131,0.263499,550.000000,35.862250
1.000000,0.401940,0.198041,0.457742,0.803880,-0.297396,0.515105,550.000000,70.105727
1.000000,-0.363469,0.642700,0.767531,-0.726938,-0.343351,0.594702,550.000000,80.938943
1.000000,-0.134631,-0.104798,0.495522,-0.269262,-0.481533,0.834040,550.000000,113.512892
1.000000,-0.363526,0.152334,0.484349,-0.727053,-0.343291,0.594597,550.000000,80.924688
1.000000,-0.445494,0.631895,0.626957,-0.890988,-0.227014,0.393199,550.000000,53.514426
1.000000,-0.193960,0.961616,0.334433,-0.000000,0.866025,0.500000,550.000000,68.050000
1.000000,0.496112,0.727499,0.491881,0.992224,-0.062232,0.107788,550.000000,14.670000
1.000000,0.377556,-0.157399,0.287634,0.755113,-0.327798,0.567762,550.000000,77.272408
1.000000,-0.029692,0.837484,0.549435,-0.000000,0.866025,0.500000,550.000000,68.050000
1.000000,0.409444,0.246619,0.473758,0.818888,-0.286976,0.497058,550.000000,67.649577
1.000000,0.412236,0.225629,0.456991,0.824472,-0.282951,0.490086,550.000000,66.700687
1.000000,-0.114118,0.348066,0.763068,-0.228237,-0.486803,0.843167,550.000000,114.755064
1.000000,-0.049507,0.973634,0.313617,-0.000000,0.866025,0.500000,550.000000,68.050000
1.000000,-0.470495,0.254497,0.342330,-0.940990,-0.169218,0.293094,550.000000,39.890052
1.000000,-0.466046,0.862540,0.506037,-0.000000,0.866025,0.500000,550.000000,68.050000
1.000000,-0.092171,0.857784,0.514275,-0.000000,0.866025,0.500000,550.000000,68.050000
1.000000,-0.101164,0.464122,0.833371,-0.202328,-0.489659,0.848114,550.000000,115.428337
1.000000,-0.197605,1.036818,0.204178,-0.000000,0.866025,0.500000,550.000000,68.050000
1.000000,-0.290321,0.226463,0.600804,-0.580641,-0.407080,0.705083,550.000000,95.961776
1.000000,-0.175003,1.031309,0.213720,-0.000000,0.866025,0.500000,550.000000,68.050000
1.000000,-0.198383,0.452997,0.791499,-0.396766,-0.458960,0.794942,550.000000,108.191587
1.000000,-0.212745,-0.154029,0.433552,-0.425491,-0.452481,0.783721,550.000000,106.664404
1.000000,-0.388125,0.683334,0.758500,-0.776250,-0.315213,0.545965,550.000000,74.305781
1.000000,-0.074011,0.127970,0.644874,-0.148022,-0.494492,0.856485,550.000000,116.567645
1.000000,0.463815,0.615516,0.571009,0.927630,-0.186750,0.323460,550.000000,44.022945
1.000000,-0.148090,0.520636,0.852035,-0.296180,-0.477566,0.827169,550.000000,112.577648
1.000000,0.340898,0.541583,0.735040,0.681796,-0.365771,0.633534,550.000000,86.224032
1.000000,-0.113000,-0.175829,0.460898,-0.226000,-0.487064,0.843619,550.000000,114.816539
1.000000,-0.262184,0.626463,0.853298,-0.524368,-0.425746,0.737413,550.000000,100.361966
1.000000,0.307995,0.983631,0.296301,-0.000000,0.866025,0.500000,550.000000,68.050000
1.000000,-0.107269,-0.182761,0.458390,-0.214538,-0.488358,0.845860,550.000000,115.121610
1.000000,0.459192,0.376832,0.446015,0.918385,-0.197844,0.342677,550.000000,46.638297
1.000000,-0.492836,0.684665,0.492677,-0.985671,-0.084339,0.146079,550.000000,19.881332
1.000000,-0.416217,0.738867,0.720244,-0.000000,0.866025,0.500000,550.000000,68.050000
1.000000,0.250829,0.040225,0.522670,0.501658,-0.432533,0.749169,550.000000,101.961923
1.000000,-0.003555,1.078167,0.132560,-0.000000,0.866025,0.500000,550.000000,68.050000
1.000000,0.427113,0.564114,0.625857,0.854226,-0.259951,0.450248,550.000000,61.278696
1.000000,0.314565,0.817931,0.583302,-0.000000,0.866025,0.500000,550.000000,68.050000
1.000000,-0.192315,0.384174,0.754738,-0.384629,-0.461536,0.799403,550.000000,108.798758
1.000000,-0.417939,-0.099738,0.259333,-0.835878,-0.274458,0.475375,550.000000,64.698488
1.000000,-0.146211,-0.223758,0.422927,-0.292422,-0.478145,0.828171,550.000000,112.714064
1.000000,-0.020455,-0.004256,0.574410,-0.040910,-0.499581,0.865300,550.000000,117.767386
1.000000,-0.276491,0.197140,0.594863,-0.552983,-0.416596,0.721566,550.000000,98.205142
1.000000,0.415924,0.672175,0.708512,0.831848,-0.277502,0.480647,550.000000,65.416081
1.000000,-0.034129,-0.184683,0.469377,-0.068259,-0.498834,0.864006,550.000000,117.591152
1.000000,0.481950,0.814690,0.588916,-0.000000,0.866025,0.500000,550.000000,68.050000
1.000000,0.317256,0.086308,0.496071,0.634512,-0.386456,0.669362,550.000000,91.100170
1.000000,-0.480744,0.505961,0.450800,-0.961488,-0.137424,0.238025,550.000000,32.395264
1.000000,-0.263425,0.974320,0.312429,-0.000000,0.866025,0.500000,550.000000,68.050000
1.000000,0.292468,-0.106207,0.406958,0.584937,-0.405539,0.702415,550.000000,95.598665
1.000000,-0.086218,0.002768,0.570300,-0.172435,-0.492510,0.853053,550.000000,116.100526
1.000000,0.281912,0.511658,0.772236,0.563824,-0.412947,0.715246,550.000000,97.344954
1.000000,-0.037740,-0.060452,0.540801,-0.075479,-0.498574,0.863555,550.000000,117.529828
1.000000,-0.040576,-0.186276,0.467899,-0.081153,-0.498351,0.863169,550.000000,117.477296
1.000000,-0.328984,-0.023887,0.420981,-0.657967,-0.376523,0.652157,550.000000,88.758632
1.000000,-0.013317,-0.180915,0.472694,-0.026634,-0.499823,0.865718,550.000000,117.824244
1.000000,-0.051445,0.159641,0.666455,-0.102890,-0.497346,0.861429,550.000000,117.240512
1.000000,-0.207726,-0.076226,0.481158,-0.415451,-0.454808,0.787750,550.000000,107.212777
1.000000,-0.356727,0.969087,0.321491,-0.000000,0.866025,0.500000,550.000000,68.050000
1.000000,-0.138555,0.035055,0.574979,-0.277111,-0.480419,0.832110,550.000000,113.250181
1.000000,0.295278,0.353141,0.669806,0.590556,-0.403498,0.698879,550.000000,95.117479
1.000000,-0.229921,0.926001,0.396120,-0.000000,0.866025,0.500000,550.000000,68.050000
1.000000,-0.345766,0.687638,0.808977,-0.000000,0.866025,0.500000,550.000000,68.050000
1.000000,-0.035457,0.599902,0.922250,-0.070914,-0.498741,0.863845,550.000000,117.569321
1.000000,-0.276761,0.651096,0.856748,-0.553523,-0.416417,0.721255,550.000000,98.162867
1.000000,-0.063009,1.018034,0.236714,-0.000000,0.866025,0.500000,550.000000,68.050000
1.000000,0.279280,0.950209,0.354190,-0.000000,0.866025,0.500000,550.000000,68.050000
1.000000,0.077045,1.054326,0.173854,-0.000000,0.866025,0.500000,550.000000,68.050000
1.000000,0.306903,0.917526,0.410799,-0.000000,0.866025,0.500000,550.000000,68.050000
1.000000,-0.288495,0.089904,0.523457,-0.576991,-0.408375,0.707327,550.000000,96.267199
1.000000,-0.359483,-0.163499,0.306888,-0.718967,-0.347522,0.601926,550.000000,81.922131
1.000000,0.337143,-0.130059,0.351267,0.674285,-0.369235,0.639535,550.000000,87.040647
1.000000,-0.023470,-0.146428,0.492174,-0.046940,-0.499449,0.865071,550.000000,117.736136
1.000000,-0.380606,0.544825,0.688969,-0.761212,-0.324252,0.561620,550.000000,76.436538
1.000000,0.337122,0.273567,0.584322,0.674244,-0.369254,0.639567,550.000000,87.045131
1.000000,-0.357995,0.379236,0.622006,-0.715991,-0.349055,0.604581,550.000000,82.283434
1.000000,-0.437225,0.377476,0.498017,-0.874450,-0.242558,0.420122,550.000000,57.178636
1.000000,-0.013706,-0.122881,0.506188,-0.027413,-0.499812,0.865700,550.000000,117.821763
1.000000,-0.294878,0.252315,0.611931,-0.589757,-0.403790,0.699385,550.000000,95.186363
1.000000,-0.148944,1.046189,0.187947,-0.000000,0.866025,0.500000,550.000000,68.050000
1.000000,-0.289153,0.055568,0.503097,-0.578305,-0.407910,0.706521,550.000000,96.157552
1.000000,-0.260695,1.022918,0.228254,-0.000000,0.866025,0.500000,550.000000,68.050000
1.000000,0.458378,0.260337,0.380926,0.916757,-0.199723,0.345931,550.000000,47.081172
1.000000,0.394380,0.005600,0.358131,0.788760,-0.307351,0.532347,550.000000,72.452407
1.000000,0.449898,0.041632,0.275941,0.899796,-0.218156,0.377857,550.000000,51.426287
1.000000,-0.019390,0.683170,0.816714,-0.000000,0.866025,0.500000,550.000000,68.050000
1.000000,0.305019,0.338692,0.653020,0.610039,-0.396186,0.686214,550.000000,93.393717
1.000000,0.310071,0.410127,0.689712,0.620142,-0.392245,0.679388,550.000000,92.464735
1.000000,-0.181947,-0.195188,0.425076,-0.363893,-0.465720,0.806651,550.000000,109.785227
1.000000,0.266611,0.098951,0.545553,0.533223,-0.422987,0.732636,550.000000,99.711709
1.000000,-0.179901,0.050902,0.568072,-0.359802,-0.466514,0.808026,550.000000,109.972397
1.000000,-0.342329,0.233540,0.555645,-0.684657,-0.364433,0.631216,550.000000,85.908474
1.000000,-0.154937,0.074742,0.592084,-0.309875,-0.475389,0.823397,550.000000,112.064373
1.000000,0.332477,0.686078,0.811678,-0.000000,0.866025,0.500000,550.000000,68.050000
1.000000,0.334891,0.697951,0.791113,-0.000000,0.866025,0.500000,550.000000,68.050000
1.000000,-0.063276,0.587471,0.911885,-0.126553,-0.495980,0.859062,550.000000,116.918399
1.000000,0.037817,1.097616,0.098874,-0.000000,0.866025,0.500000,550.000000,68.050000
1.000000,0.386394,0.001147,0.367085,0.772789,-0.317332,0.549634,550.000000,74.805231
1.000000,-0.449328,0.257073,0.401679,-0.898655,-0.219328,0.379887,550.000000,51.702632
1.000000,-0.440557,0.545718,0.588101,-0.881114,-0.236452,0.409546,550.000000,55.739238
1.000000,0.253266,0.294163,0.667639,0.506533,-0.431110,0.746705,550.000000,101.626557
1.000000,-0.170487,0.098475,0.599606,-0.340974,-0.470036,0.814127,550.000000,110.802652
1.000000,0.364016,0.318585,0.579734,0.728031,-0.342772,0.593699,550.000000,80.802389
1.000000,-0.233268,0.982482,0.298291,-0.000000,0.866025,0.500000,550.000000,68.050000
1.000000,0.494795,0.569061,0.411636,0.989590,-0.071957,0.124634,550.000000,16.962660
1.000000,0.377339,0.603987,0.727509,0.754678,-0.328048,0.568196,550.000000,77.331433
1.000000,-0.155806,0.527693,0.853268,-0.311611,-0.475105,0.822906,550.000000,111.997473
1.000000,-0.213692,0.451904,0.782872,-0.427383,-0.452035,0.782948,550.000000,106.559224
1.000000,0.262073,0.308700,0.669916,0.524145,-0.425814,0.737532,550.000000,100.378150
1.000000,-0.021110,0.585091,0.914638,-0.042219,-0.499554,0.865253,550.000000,117.760964
1.000000,-0.198663,0.876174,0.482423,-0.000000,0.866025,0.500000,550.000000,68.050000
1.000000,-0.297091,0.417866,0.705636,-0.594181,-0.402166,0.696571,550.000000,94.803335
1.000000,-0.437975,0.965958,0.326912,-0.000000,0.866025,0.500000,550.000000,68.050000
1.000000,0.349493,-0.038034,0.390925,0.698985,-0.357568,0.619326,550.000000,84.290257
1.000000,0.436940,0.193079,0.392148,0.873880,-0.243070,0.421010,550.000000,57.299504
1.000000,-0.464685,0.613572,0.567376,-0.929369,-0.184576,0.319695,550.000000,43.510464
1.000000,0.286373,1.067485,0.151062,-0.000000,0.866025,0.500000,550.000000,68.050000
1.000000,-0.217365,0.697788,0.791395,-0.000000,0.866025,0.500000,550.000000,68.050000
1.000000,-0.168693,0.546098,0.858788,-0.337386,-0.470683,0.815247,550.000000,110.955150
1.000000,-0.050835,1.099609,0.095421,-0.000000,0.866025,0.500000,550.000000,68.050000
1.000000,-0.179773,0.720078,0.752789,-0.000000,0.866025,0.500000,550.000000,68.050000
1.000000,-0.293256,0.889897,0.458653,-0.000000,0.866025,0.500000,550.000000,68.050000
1.000000,-0.132892,0.658569,0.859325,-0.000000,0.866025,0.500000,550.000000,68.050000
1.000000,0.262352,0.725882,0.742736,-0.000000,0.866025,0.500000,550.000000,68.050000
1.000000,0.347913,0.746601,0.706849,-0.000000,0.866025,0.500000,550.000000,68.050000
1.000000,-0.383881,0.919973,0.406560,-0.000000,0.866025,0.500000,550.000000,68.050000
1.000000,-0.431049,0.965259,0.328123,-0.000000,0.866025,0.500000,550.000000,68.050000
1.000000,-0.415095,0.517184,0.620458,-0.830190,-0.278740,0.482792,550.000000,65.708014
1.000000,0.006725,1.029481,0.216886,-0.000000,0.866025,0.500000,550.000000,68.050000
1.000000,-0.123641,0.883174,0.470298,-0.000000,0.866025,0.500000,550.000000,68.050000
1.000000,-0.008652,0.795261,0.622567,-0.000000,0.866025,0.500000,550.000000,68.050000
1.000000,-0.236477,0.977776,0.306443,-0.000000,0.866025,0.500000,550.000000,68.050000
1.000000,-0.177199,0.561239,0.863908,-0.354399,-0.467547,0.809815,550.000000,110.215886
1.000000,-0.263919,-0.057430,0.457213,-0.527838,-0.424673,0.735555,550.000000,100.108978
1.000000,-0.032458,0.569099,0.904702,-0.064917,-0.498945,0.864199,550.000000,117.617440
1.000000,-0.348605,-0.143106,0.331261,-0.697210,-0.358434,0.620825,550.000000,84.494293
1.000000,-0.481837,0.174009,0.254664,-0.963674,-0.133541,0.231299,550.000000,31.479811
1.000000,-0.287137,-0.004376,0.470129,-0.574273,-0.409332,0.708984,550.000000,96.492670
1.000000,-0.159478,0.672010,0.836045,-0.000000,0.866025,0.500000,550.000000,68.050000
1.000000,-0.415041,0.057991,0.355436,-0.830082,-0.278821,0.482932,550.000000,65.727047
1.000000,0.341822,0.733704,0.729188,-0.000000,0.866025,0.500000,550.000000,68.050000
1.000000,-0.382747,0.932998,0.384000,-0.000000,0.866025,0.500000,550.000000,68.050000
1.000000,0.196538,1.039536,0.199471,-0.000000,0.866025,0.500000,550.000000,68.050000
1.000000,-0.269943,0.686220,0.811431,-0.000000,0.866025,0.500000,550.000000,68.050000
1.000000,-0.391537,0.481877,0.637283,-0.783073,-0.310965,0.538607,550.000000,73.304387
1.000000,0.295613,0.644914,0.837978,0.591225,-0.403253,0.698455,550.000000,95.059739
1.000000,0.441692,0.619705,0.628362,0.883384,-0.234325,0.405863,550.000000,55.237969
1.000000,-0.143127,0.410635,0.790271,-0.286255,-0.479077,0.829785,550.000000,112.933780
1.000000,0.403505,0.420666,0.583819,0.807010,-0.295269,0.511421,550.000000,69.604414
1.000000,0.254178,0.512194,0.792899,0.508356,-0.430573,0.745775,550.000000,101.499997
1.000000,0.354385,0.779263,0.650277,-0.000000,0.866025,0.500000,550.000000,68.050000
1.000000,0.457003,0.019212,0.245324,0.914006,-0.202851,0.351348,550.000000,47.818422
1.000000,-0.152895,1.071170,0.144680,-0.000000,0.866025,0.500000,550.000000,68.050000
1.000000,-0.062670,0.769617,0.666984,-0.000000,0.866025,0.500000,550.000000,68.050000
1.000000,0.484538,0.089070,0.193894,0.969075,-0.123382,0.213704,550.000000,29.085174
1.000000,0.489781,0.082766,0.163915,0.979562,-0.100572,0.174195,550.000000,23.707973
1.000000,0.371998,0.491753,0.669691,0.743995,-0.334092,0.578665,550.000000,78.756312
1.000000,-0.211769,0.356226,0.728677,-0.423537,-0.452939,0.784514,550.000000,106.772338
1.000000,0.260427,0.537015,0.802899,0.520854,-0.426823,0.739279,550.000000,100.615836
1.000000,-0.213146,0.286244,0.687526,-0.426292,-0.452293,0.783394,550.000000,106.619957
1.000000,0.312079,0.709223,0.771589,-0.000000,0.866025,0.500000,550.000000,68.050000
1.000000,-0.249768,0.555607,0.820935,-0.499536,-0.433147,0.750232,550.000000,102.106587
1.000000,-0.263733,0.359870,0.698274,-0.527467,-0.424788,0.735754,550.000000,100.136132
1.000000,0.325072,0.440767,0.693155,0.650143,-0.379906,0.658016,550.000000,89.556024
1.000000,-0.138487,-0.177194,0.452460,-0.276975,-0.480439,0.832144,550.000000,113.254798
1.000000,-0.230675,0.087494,0.562751,-0.461350,-0.443609,0.768354,550.000000,104.572921
1.000000,-0.350091,0.496346,0.698773,-0.700182,-0.356982,0.618312,550.000000,84.152220
1.000000,0.335022,0.127472,0.502176,0.670043,-0.371161,0.642870,550.000000,87.494569
1.000000,0.017565,1.009392,0.251682,-0.000000,0.866025,0.500000,550.000000,68.050000
1.000000,-0.477557,0.770519,0.615892,-0.955114,-0.148119,0.256550,550.000000,34.916405
1.000000,0.411773,0.514217,0.624385,0.823546,-0.283625,0.491253,550.000000,66.859539
1.000000,-0.152960,-0.094980,0.494833,-0.305921,-0.476028,0.824505,550.000000,112.215195
1.000000,0.482197,0.466699,0.422139,0.964395,-0.132233,0.229035,550.000000,31.171670
1.000000,0.322160,-0.132210,0.365201,0.644319,-0.382378,0.662299,550.000000,90.138834
1.000000,-0.200480,0.596906,0.873532,-0.400960,-0.458048,0.793362,550.000000,107.976567
1.000000,-0.089420,0.400559,0.799305,-0.178840,-0.491939,0.852063,550.000000,115.965838
1.000000,-0.360283,0.000202,0.400444,-0.720566,-0.346693,0.600491,550.000000,81.726759
1.000000,-0.316423,1.019853,0.233564,-0.000000,0.866025,0.500000,550.000000,68.050000
1.000000,0.326445,0.450310,0.697302,0.652891,-0.378726,0.655973,550.000000,89.277896
1.000000,0.185524,1.066889,0.152095,-0.000000,0.866025,0.500000,550.000000,68.050000
1.000000,0.261420,-0.039220,0.469508,0.522839,-0.426216,0.738227,550.000000,100.472713
1.000000,-0.193555,0.158716,0.623971,-0.387110,-0.461017,0.798505,550.000000,108.676471
1.000000,-0.380682,-0.089297,0.322755,-0.761363,-0.324163,0.561466,550.000000,76.415577
1.000000,0.293643,-0.054206,0.436000,0.587286,-0.404690,0.700943,550.000000,95.398405
1.000000,0.440003,0.470269,0.545730,0.880005,-0.237482,0.411331,550.000000,55.982110
1.000000,-0.375406,0.103992,0.441388,-0.750813,-0.330258,0.572023,550.000000,77.852318
1.000000,-0.221431,0.475849,0.792378,-0.442862,-0.448295,0.776469,550.000000,105.677490
1.000000,-0.163906,-0.133101,0.468602,-0.327812,-0.472371,0.818171,550.000000,111.353128
1.000000,-0.007214,0.098980,0.634436,-0.014427,-0.499948,0.865935,550.000000,117.853790
1.000000,-0.323920,0.620083,0.797816,-0.647841,-0.380888,0.659717,550.000000,89.787501
1.000000,0.431812,0.821080,0.577848,-0.000000,0.866025,0.500000,550.000000,68.050000
1.000000,-0.002700,-0.126127,0.504522,-0.005400,-0.499993,0.866013,550.000000,117.864339
1.000000,-0.329228,0.029712,0.451679,-0.658455,-0.376310,0.651788,550.000000,88.708329
1.000000,-0.308768,0.524568,0.756970,-0.617536,-0.393271,0.681166,550.000000,92.706711
1.000000,-0.010156,0.538055,0.887878,-0.020311,-0.499897,0.865847,550.000000,117.841743
1.000000,-0.282835,0.366326,0.687600,-0.565670,-0.412316,0.714152,550.000000,97.196126
1.000000,0.318724,0.754012,0.694014,-0.000000,0.866025,0.500000,550.000000,68.050000
1.000000,-0.209796,0.736450,0.724431,-0.000000,0.866025,0.500000,550.000000,68.050000
1.000000,0.288871,0.952908,0.349516,-0.000000,0.866025,0.500000,550.000000,68.050000
1.000000,-0.280647,0.181627,0.582687,-0.561293,-0.413809,0.716737,550.000000,97.547966
1.000000,0.279383,0.750107,0.700777,-0.000000,0.866025,0.500000,550.000000,68.050000
1.000000,0.403524,0.575193,0.673005,0.807048,-0.295243,0.511376,550.000000,69.598211
1.000000,-0.203480,0.642315,0.887478,-0.000000,0.866025,0.500000,550.000000,68.050000
1.000000,-0.155063,-0.216056,0.424144,-0.310125,-0.475348,0.823327,550.000000,112.054764
1.000000,0.444838,0.619226,0.621124,0.889676,-0.228296,0.395420,550.000000,53.816661
1.000000,0.407933,0.935543,0.379591,-0.000000,0.866025,0.500000,550.000000,68.050000
1.000000,-0.329569,0.775430,0.656917,-0.000000,0.866025,0.500000,550.000000,68.050000
1.000000,-0.495236,0.162344,0.173235,-0.990473,-0.068854,0.119259,550.000000,16.231158
1.000000,-0.398951,-0.024539,0.333851,-0.797902,-0.301393,0.522029,550.000000,71.048127
1.000000,-0.389290,0.687658,0.759333,-0.778580,-0.313773,0.543470,550.000000,73.966296
1.000000,0.416818,0.210013,0.440129,0.833637,-0.276156,0.478317,550.000000,65.098954
1.000000,0.251566,0.367349,0.711041,0.503131,-0.432105,0.748428,550.000000,101.861024
1.000000,-0.270181,0.384597,0.707849,-0.540362,-0.420716,0.728702,550.000000,99.176320
1.000000,0.028142,1.064651,0.155970,-0.000000,0.866025,0.500000,550.000000,68.050000
1.000000,-0.078024,-0.245846,0.428338,-0.156048,-0.493875,0.855416,550.000000,116.422140
1.000000,-0.244631,0.576968,0.836641,-0.489261,-0.436069,0.755293,550.000000,102.795366
1.000000,0.168163,1.026386,0.222247,-0.000000,0.866025,0.500000,550.000000,68.050000
1.000000,-0.126069,0.776056,0.655832,-0.000000,0.866025,0.500000,550.000000,68.050000
1.000000,0.393604,0.856259,0.516917,-0.000000,0.866025,0.500000,550.000000,68.050000
1.000000,-0.409140,0.307588,0.509459,-0.818279,-0.287410,0.497810,550.000000,67.751880
1.000000,0.323332,0.896569,0.447097,-0.000000,0.866025,0.500000,550.000000,68.050000
1.000000,0.379846,0.249818,0.519674,0.759692,-0.325142,0.563162,550.000000,76.646345
1.000000,-0.481795,0.885315,0.466589,-0.000000,0.866025,0.500000,550.000000,68.050000
1.000000,0.394435,0.242061,0.494570,0.788871,-0.307280,0.532224,550.000000,72.435665
1.000000,0.360541,0.920036,0.406451,-0.000000,0.866025,0.500000,550.000000,68.050000
1.000000,0.390208,0.816315,0.586101,-0.000000,0.866025,0.500000,550.000000,68.050000
1.000000,-0.453019,0.096087,0.299809,-0.906037,-0.211599,0.366500,550.000000,49.880615
1.000000,0.378668,0.211676,0.499236,0.757335,-0.326513,0.565537,550.000000,76.969605
1.000000,-0.238551,0.473857,0.780984,-0.477103,-0.439424,0.761104,550.000000,103.586306
1.000000,0.280387,0.656235,0.856906,0.560774,-0.413985,0.717042,550.000000,97.589459
1.000000,-0.353233,0.011224,0.415098,-0.706466,-0.353873,0.612927,550.000000,83.419297
1.000000,0.258380,0.548110,0.810738,0.516761,-0.428065,0.741430,550.000000,100.908637
1.000000,-0.461288,0.663745,0.605965,-0.922575,-0.192909,0.334127,550.000000,45.474736
1.000000,0.198526,1.055874,0.171173,-0.000000,0.866025,0.500000,550.000000,68.050000
1.000000,-0.219182,-0.192765,0.407628,-0.438364,-0.449399,0.778381,550.000000,105.937715
1.000000,0.335494,0.956091,0.344001,-0.000000,0.866025,0.500000,550.000000,68.050000
1.000000,0.274964,0.482478,0.760769,0.549928,-0.417606,0.723315,550.000000,98.443124
1.000000,0.428629,0.828418,0.565138,-0.000000,0.866025,0.500000,550.000000,68.050000
1.000000,0.338222,-0.175090,0.324127,0.676445,-0.368247,0.637822,550.000000,86.807557
1.000000,0.429736,0.013421,0.302881,0.859471,-0.255592,0.442698,550.000000,60.251251
1.000000,0.007762,1.114864,0.068998,-0.000000,0.866025,0.500000,550.000000,68.050000
1.000000,0.314185,0.756014,0.690545,-0.000000,0.866025,0.500000,550.000000,68.050000
1.000000,-0.398906,-0.059450,0.313764,-0.797813,-0.301453,0.522131,550.000000,71.062069
1.000000,0.254522,0.288670,0.663612,0.509044,-0.430370,0.745423,550.000000,101.452059
1.000000,0.251043,0.198203,0.613735,0.502085,-0.432409,0.748954,550.000000,101.932705
1.000000,-0.164183,0.978471,0.305238,-0.000000,0.866025,0.500000,550.000000,68.050000
1.000000,-0.189739,0.364843,0.744807,-0.379477,-0.462600,0.801248,550.000000,109.049794
1.000000,0.417610,0.105372,0.378330,0.835221,-0.274957,0.476240,550.000000,64.816251
1.000000,0.460073,0.846375,0.534036,-0.000000,0.866025,0.500000,550.000000,68.050000
1.000000,-0.144402,1.056612,0.169895,-0.000000,0.866025,0.500000,550.000000,68.050000
1.000000,0.472519,-0.078619,0.143381,0.945037,-0.163481,0.283158,550.000000,38.537817
1.000000,-0.299204,0.309871,0.641472,-0.598408,-0.400596,0.693852,550.000000,94.433262
1.000000,0.460723,0.038350,0.246446,0.921446,-0.194253,0.336456,550.000000,45.791664
1.000000,-0.398292,-0.051052,0.319550,-0.796584,-0.302264,0.523537,550.000000,71.253350
1.000000,-0.308246,-0.194570,0.342249,-0.616491,-0.393681,0.681875,550.000000,92.803231
1.000000,-0.135329,-0.106873,0.494098,-0.270658,-0.481338,0.833702,550.000000,113.466783
1.000000,0.356622,0.990591,0.284246,-0.000000,0.866025,0.500000,550.000000,68.050000
1.000000,-0.217921,0.756499,0.689705,-0.000000,0.866025,0.500000,550.000000,68.050000
1.000000,0.423176,0.173091,0.407444,0.846353,-0.266311,0.461265,550.000000,62.778142
1.000000,-0.126459,-0.073021,0.516420,-0.252918,-0.483744,0.837869,550.000000,114.033955
1.000000,-0.223031,-0.072728,0.474740,-0.446063,-0.447501,0.775094,550.000000,105.490321
1.000000,0.437199,0.743024,0.709121,0.874399,-0.242604,0.420203,550.000000,57.189608
1.000000,0.364347,0.360151,0.603326,0.728693,-0.342420,0.593089,550.000000,80.719447
1.000000,0.375581,0.114514,0.447233,0.751163,-0.330058,0.571678,550.000000,77.805381
1.000000,0.496042,0.243946,0.213345,0.992084,-0.062789,0.108754,550.000000,14.801435
1.000000,-0.444625,0.647174,0.637738,-0.889251,-0.228710,0.396138,550.000000,53.914351
1.000000,-0.071975,0.192885,0.682700,-0.143949,-0.494793,0.857006,550.000000,116.638488
1.000000,-0.163351,-0.125378,0.473282,-0.326702,-0.472564,0.818504,550.000000,111.398455
1.000000,-0.210300,-0.033249,0.504603,-0.420599,-0.453623,0.785699,550.000000,106.933580
1.000000,-0.490681,0.780677,0.561669,-0.981363,-0.096082,0.166418,550.000000,22.649515
1.000000,0.272572,1.007515,0.254932,-0.000000,0.866025,0.500000,550.000000,68.050000
1.000000,0.490424,0.442725,0.368059,0.980849,-0.097385,0.168677,550.000000,22.956880
1.000000,0.446840,0.377244,0.476862,0.893680,-0.224352,0.388589,550.000000,52.887027
1.000000,-0.011114,0.980755,0.301282,-0.000000,0.866025,0.500000,550.000000,68.050000
1.000000,-0.477398,0.063645,0.208370,-0.954796,-0.148631,0.257437,550.000000,35.037126
1.000000,-0.179006,0.175042,0.640142,-0.358013,-0.466858,0.808622,550.000000,110.053500
1.000000,0.253444,0.146367,0.582188,0.506888,-0.431006,0.746524,550.000000,101.601954
1.000000,0.308665,0.067252,0.493032,0.617330,-0.393352,0.681306,550.000000,92.725698
1.000000,-0.176635,0.802709,0.609667,-0.000000,0.866025,0.500000,550.000000,68.050000
1.000000,-0.112727,0.011379,0.569055,-0.225455,-0.487127,0.843728,550.000000,114.831432
1.000000,-0.077964,1.111466,0.074885,-0.000000,0.866025,0.500000,550.000000,68.050000
1.000000,-0.032872,1.011042,0.248824,-0.000000,0.866025,0.500000,550.000000,68.050000
1.000000,-0.281877,0.111091,0.540997,-0.563754,-0.412971,0.715287,550.000000,97.350624
1.000000,-0.302699,0.972515,0.315555,-0.000000,0.866025,0.500000,550.000000,68.050000
1.000000,0.403590,0.490885,0.624227,0.807179,-0.295153,0.511221,550.000000,69.577125
1.000000,0.361448,0.321122,0.584324,0.722897,-0.345478,0.598386,550.000000,81.440285
1.000000,-0.326311,0.501829,0.727180,-0.652621,-0.378842,0.656174,550.000000,89.305264
1.000000,0.461428,0.357144,0.428562,0.922855,-0.192573,0.333547,550.000000,45.395690
1.000000,-0.055978,0.660642,0.855735,-0.000000,0.866025,0.500000,550.000000,68.050000
1.000000,-0.141540,1.092345,0.108002,-0.000000,0.866025,0.500000,550.000000,68.050000
1.000000,0.487207,0.440415,0.384038,0.974414,-0.112379,0.194647,550.000000,26.491438
1.000000,0.494250,0.095568,0.142486,0.988499,-0.075613,0.130966,550.000000,17.824428
1.000000,-0.121569,0.877764,0.479667,-0.000000,0.866025,0.500000,550.000000,68.050000
1.000000,-0.003974,0.860068,0.510318,-0.000000,0.866025,0.500000,550.000000,68.050000
1.000000,0.275793,1.022114,0.229646,-0.000000,0.866025,0.500000,550.000000,68.050000
1.000000,0.469824,0.526699,0.501625,0.939649,-0.171070,0.296302,550.000000,40.326707
1.000000,0.489155,0.075102,0.162959,0.978309,-0.103575,0.179397,550.000000,24.415956
1.000000,-0.050100,0.580387,0.909531,-0.100199,-0.497484,0.861667,550.000000,117.272881
1.000000,0.287618,0.163359,0.566581,0.575235,-0.408994,0.708399,550.000000,96.413040
1.000000,0.265961,0.357157,0.695101,0.531921,-0.423397,0.733345,550.000000,99.808235
1.000000,-0.157804,-0.129953,0.472813,-0.315608,-0.474445,0.821763,550.000000,111.841891
1.000000,0.366911,-0.124396,0.320398,0.733822,-0.339671,0.588327,550.000000,80.071361
1.000000,-0.482421,-0.016467,0.142240,-0.964841,-0.131417,0.227621,550.000000,30.979227
1.000000,-0.016068,0.919227,0.407853,-0.000000,0.866025,0.500000,550.000000,68.050000
1.000000,0.053558,1.100425,0.094009,-0.000000,0.866025,0.500000,550.000000,68.050000
1.000000,-0.314797,0.705429,0.778162,-0.000000,0.866025,0.500000,550.000000,68.050000
1.000000,-0.227833,0.591040,0.855166,-0.455665,-0.445076,0.770894,550.000000,104.918605
1.000000,0.307481,0.584824,0.792921,0.614962,-0.394278,0.682910,550.000000,92.944060
1.000000,-0.420706,0.165957,0.407813,-0.841411,-0.270197,0.467996,550.000000,63.694223
1.000000,0.471626,0.483094,0.470639,0.943252,-0.166039,0.287588,550.000000,39.140667
1.000000,0.370015,0.278141,0.548895,0.740030,-0.336287,0.582466,550.000000,79.273660
1.000000,-0.147164,-0.080816,0.505117,-0.294327,-0.477852,0.827665,550.000000,112.645145
1.000000,-0.379174,0.036095,0.397186,-0.758347,-0.325925,0.564519,550.000000,76.831094
1.000000,-0.078750,0.771527,0.663676,-0.000000,0.866025,0.500000,550.000000,68.050000
1.000000,-0.446019,0.467183,0.530669,-0.892037,-0.225981,0.391411,550.000000,53.270996
1.000000,-0.287584,0.211260,0.594264,-0.575169,-0.409017,0.708439,550.000000,96.418545
1.000000,0.435892,-0.091180,0.230195,0.871785,-0.244945,0.424256,550.000000,57.741302
1.000000,-0.309942,-0.114387,0.387002,-0.619884,-0.392347,0.679565,550.000000,92.488745
1.000000,-0.205242,0.040243,0.549701,-0.410484,-0.455934,0.789701,550.000000,107.478242
1.000000,0.308548,1.060918,0.162437,-0.000000,0.866025,0.500000,550.000000,68.050000
1.000000,-0.486938,0.853732,0.521292,-0.000000,0.866025,0.500000,550.000000,68.050000
1.000000,0.392098,0.619266,0.715787,0.784195,-0.310257,0.537381,550.000000,73.137569
1.000000,0.384780,0.973553,0.313757,-0.000000,0.866025,0.500000,550.000000,68.050000
1.000000,-0.474776,0.057126,0.214043,-0.949553,-0.156804,0.271592,550.000000,36.963716
1.000000,-0.186718,0.130952,0.611188,-0.373436,-0.463828,0.803374,550.000000,109.339136
1.000000,-0.014927,-0.147060,0.492188,-0.029853,-0.499777,0.865639,550.000000,117.813524
1.000000,0.278596,0.155828,0.569390,0.557191,-0.415192,0.719134,550.000000,97.874097
1.000000,0.266325,-0.142258,0.406499,0.532650,-0.423168,0.732948,550.000000,99.754236
1.000000,-0.433329,0.264568,0.440790,-0.866658,-0.249451,0.432063,550.000000,58.803708
1.000000,-0.037387,-0.109712,0.512392,-0.074774,-0.498600,0.863601,550.000000,117.536089
1.000000,0.305834,0.623677,0.816830,0.611667,-0.395558,0.685126,550.000000,93.245618
1.000000,0.413005,0.758868,0.685602,-0.000000,0.866025,0.500000,550.000000,68.050000
1.000000,-0.119115,-0.062006,0.524929,-0.238229,-0.485604,0.841092,550.000000,114.472565
1.000000,-0.126818,-0.088169,0.507567,-0.253635,-0.483650,0.837706,550.000000,114.011836
1.000000,-0.147775,-0.224517,0.421933,-0.295550,-0.477664,0.827338,550.000000,112.600677
1.000000,0.444510,0.629407,0.627738,0.889021,-0.228933,0.396524,550.000000,53.966957
1.000000,-0.153891,-0.006692,0.545460,-0.307783,-0.475728,0.823986,550.000000,112.144446
1.000000,0.408799,0.163138,0.426619,0.817598,-0.287895,0.498648,550.000000,67.865985
1.000000,-0.023051,-0.032073,0.558219,-0.046102,-0.499468,0.865105,550.000000,117.740733
1.000000,-0.107963,0.534354,0.872240,-0.215927,-0.488205,0.845596,550.000000,115.085550
1.000000,-0.308233,0.479071,0.731187,-0.616465,-0.393691,0.681893,550.000000,92.805637
1.000000,-0.444522,0.059927,0.298922,-0.889045,-0.228910,0.396484,550.000000,53.961477
1.000000,-0.384767,0.588828,0.708659,-0.769535,-0.319303,0.553048,550.000000,75.269868
1.000000,-0.492130,0.275883,0.261314,-0.984260,-0.088364,0.153050,550.000000,20.830120
1.000000,0.462089,0.619123,0.577976,0.924179,-0.190980,0.330788,550.000000,45.020181
1.000000,-0.078220,-0.173615,0.470005,-0.156439,-0.493844,0.855363,550.000000,116.414845
1.000000,-0.221437,0.260049,0.667782,-0.442874,-0.448292,0.776464,550.000000,105.676782
1.000000,0.286423,0.246330,0.615451,0.572847,-0.409831,0.709849,550.000000,96.610397
1.000000,-0.411368,0.689575,0.726306,-0.822736,-0.284212,0.492270,550.000000,66.997924
1.000000,-0.493980,0.292847,0.258395,-0.987961,-0.077353,0.133979,550.000000,18.234477
1.000000,-0.152880,-0.033328,0.530458,-0.305760,-0.476054,0.824550,550.000000,112.221304
1.000000,0.300880,0.044844,0.487007,0.601760,-0.399338,0.691675,550.000000,94.136904
1.000000,0.371458,-0.117683,0.318526,0.742915,-0.334693,0.579705,550.000000,78.897811
1.000000,-0.364998,-0.007546,0.390234,-0.729996,-0.341725,0.591886,550.000000,80.555668
1.000000,0.345062,0.329253,0.607917,0.690125,-0.361845,0.626734,550.000000,85.298532
1.000000,-0.421231,0.738478,0.720919,-0.000000,0.866025,0.500000,550.000000,68.050000
1.000000,-0.069677,1.024541,0.225444,-0.000000,0.866025,0.500000,550.000000,68.050000
1.000000,-0.348456,0.552085,0.732797,-0.696912,-0.358578,0.621076,550.000000,84.528443
1.000000,-0.162865,0.580573,0.881057,-0.325731,-0.472731,0.818795,550.000000,111.437949
1.000000,-0.175764,0.127425,0.614071,-0.351528,-0.468089,0.810754,550.000000,110.343557
1.000000,-0.259977,0.036924,0.514487,-0.519954,-0.427097,0.739754,550.000000,100.680506
1.000000,0.441606,-0.006174,0.267198,0.883212,-0.234487,0.406143,550.000000,55.276130
1.000000,-0.433541,0.254083,0.434311,-0.867082,-0.249083,0.431424,550.000000,58.716761
1.000000,0.392008,0.374311,0.574493,0.784016,-0.310370,0.537577,550.000000,73.164286
1.000000,-0.327742,0.833662,0.556056,-0.000000,0.866025,0.500000,550.000000,68.050000
1.000000,-0.010466,-0.073311,0.534898,-0.020932,-0.499890,0.865836,550.000000,117.840234
1.000000,0.309021,0.089301,0.505439,0.618041,-0.393073,0.680822,550.000000,92.659891
1.000000,-0.125204,0.724701,0.744782,-0.000000,0.866025,0.500000,550.000000,68.050000
1.000000,-0.362423,-0.166602,0.301555,-0.724846,-0.344456,0.596615,550.000000,81.199240
1.000000,-0.347347,0.513094,0.711526,-0.694695,-0.359652,0.622936,550.000000,84.781610
1.000000,-0.253686,0.504009,0.788508,-0.507372,-0.430863,0.746277,550.000000,101.568362
1.000000,-0.112979,1.076087,0.136163,-0.000000,0.866025,0.500000,550.000000,68.050000
1.000000,-0.015211,-0.215805,0.452488,-0.030423,-0.499769,0.865625,550.000000,117.811499
1.000000,-0.477580,0.508087,0.464293,-0.955159,-0.148046,0.256424,550.000000,34.899266
1.000000,-0.205409,0.198301,0.640869,-0.410818,-0.455859,0.789570,550.000000,107.460537
1.000000,-0.054380,0.887137,0.463434,-0.000000,0.866025,0.500000,550.000000,68.050000
1.000000,-0.315098,0.536744,0.758164,-0.630196,-0.388218,0.672413,550.000000,91.515417
1.000000,-0.348125,0.038388,0.436585,-0.696250,-0.358900,0.621633,550.000000,84.604205
1.000000,-0.343795,0.529616,0.724988,-0.687590,-0.363050,0.628820,550.000000,85.582431
1.000000,-0.315651,0.939164,0.373321,-0.000000,0.866025,0.500000,550.000000,68.050000
1.000000,-0.108320,0.473034,0.836745,-0.216641,-0.488126,0.845459,550.000000,115.066903
1.000000,-0.399986,0.805007,0.605686,-0.000000,0.866025,0.500000,550.000000,68.050000
1.000000,0.339128,0.594107,0.767260,0.678255,-0.367413,0.636378,550.000000,86.611098
1.000000,-0.332206,0.491672,0.715360,-0.664411,-0.373684,0.647239,550.000000,88.089238
1.000000,0.131378,1.062357,0.159945,-0.000000,0.866025,0.500000,550.000000,68.050000
1.000000,-0.021794,0.780816,0.647587,-0.000000,0.866025,0.500000,550.000000,68.050000
1.000000,-0.107187,0.074910,0.607177,-0.214375,-0.488376,0.845892,550.000000,115.125841
1.000000,0.347985,0.340609,0.611229,0.695969,-0.359036,0.621868,550.000000,84.636242
1.000000,-0.302658,0.953590,0.348333,-0.000000,0.866025,0.500000,550.000000,68.050000
1.000000,0.306900,0.607557,0.806568,0.613801,-0.394731,0.683693,550.000000,93.050659
1.000000,-0.066279,0.052055,0.602310,-0.132558,-0.495588,0.858383,550.000000,116.825927
1.000000,0.359647,0.442604,0.656627,0.719293,-0.347353,0.601634,550.000000,81.882354
1.000000,-0.427210,0.129954,0.375010,-0.854420,-0.259791,0.449972,550.000000,61.241174
1.000000,-0.128356,0.031820,0.576373,-0.256713,-0.483244,0.837003,550.000000,113.916106
1.000000,0.368140,0.707920,0.773846,-0.000000,0.866025,0.500000,550.000000,68.050000
1.000000,0.496494,0.162126,0.161856,0.992988,-0.059108,0.102378,550.000000,13.933659
1.000000,0.365315,0.775788,0.656295,-0.000000,0.866025,0.500000,550.000000,68.050000
1.000000,-0.462710,0.141436,0.300440,-0.925420,-0.189471,0.328174,550.000000,44.664422
1.000000,-0.429783,0.128188,0.369050,-0.859565,-0.255513,0.442561,550.000000,60.232576
1.000000,-0.129818,0.807153,0.601970,-0.000000,0.866025,0.500000,550.000000,68.050000
1.000000,-0.142639,0.410340,0.790268,-0.285277,-0.479223,0.830038,550.000000,112.968142
1.000000,0.294383,0.263609,0.618869,0.588765,-0.404152,0.700012,550.000000,95.271618
1.000000,-0.277508,0.735824,0.725515,-0.000000,0.866025,0.500000,550.000000,68.050000
1.000000,0.320697,-0.129311,0.368292,0.641395,-0.383606,0.664424,550.000000,90.428140
1.000000,0.412778,0.176753,0.427858,0.825556,-0.282160,0.488715,550.000000,66.514155
1.000000,-0.316156,0.379426,0.666343,-0.632312,-0.387357,0.670922,550.000000,91.312505
1.000000,-0.467155,0.743681,0.635167,-0.934311,-0.178230,0.308703,550.000000,42.014510
1.000000,-0.228087,0.920391,0.405836,-0.000000,0.866025,0.500000,550.000000,68.050000
1.000000,-0.044260,0.574926,0.907018,-0.088520,-0.498037,0.862626,550.000000,117.403365
1.000000,0.362310,0.414816,0.637374,0.724620,-0.344574,0.596820,550.000000,81.227191
1.000000,-0.096489,0.637935,0.895065,-0.000000,0.866025,0.500000,550.000000,68.050000
1.000000,0.408189,-0.055075,0.301632,0.816379,-0.288759,0.500144,550.000000,68.069655
1.000000,-0.089310,0.734793,0.727301,-0.000000,0.866025,0.500000,550.000000,68.050000
1.000000,-0.333253,0.094428,0.484933,-0.666506,-0.372750,0.645622,550.000000,87.869141
1.000000,0.429016,0.933564,0.383020,-0.000000,0.866025,0.500000,550.000000,68.050000
1.000000,-0.013368,0.472093,0.849707,-0.026736,-0.499821,0.865716,550.000000,117.823923
1.000000,0.361331,0.012881,0.406502,0.722663,-0.345600,0.598598,550.000000,81.469130
1.000000,0.414386,0.874015,0.486161,-0.000000,0.866025,0.500000,550.000000,68.050000
1.000000,-0.226266,1.032517,0.211629,-0.000000,0.866025,0.500000,550.000000,68.050000
1.000000,-0.022345,0.670982,0.837826,-0.000000,0.866025,0.500000,550.000000,68.050000
1.000000,-0.393262,0.981169,0.300566,-0.000000,0.866025,0.500000,550.000000,68.050000
1.000000,0.430751,-0.038297,0.271041,0.861502,-0.253877,0.439728,550.000000,59.847004
1.000000,-0.490943,-0.030719,0.091654,-0.981887,-0.094734,0.164084,550.000000,22.331866
1.000000,0.374944,-0.117551,0.314087,0.749888,-0.330782,0.572932,550.000000,77.976057
1.000000,0.382723,0.111601,0.435957,0.765447,-0.321749,0.557286,550.000000,75.846688
1.000000,-0.152773,1.066912,0.152054,-0.000000,0.866025,0.500000,550.000000,68.050000
1.000000,-0.197181,0.385485,0.753119,-0.394363,-0.459477,0.795838,550.000000,108.313583
1.000000,-0.259808,-0.211928,0.370931,-0.519617,-0.427200,0.739932,550.000000,100.704685
1.000000,-0.051148,-0.171994,0.475021,-0.102296,-0.497377,0.861482,550.000000,117.247738
1.000000,0.380792,-0.100709,0.316017,0.761584,-0.324033,0.561241,550.000000,76.384946
1.000000,-0.152320,0.201031,0.665973,-0.304640,-0.476234,0.824861,550.000000,112.263606
1.000000,-0.406141,0.424633,0.581910,-0.812282,-0.291632,0.505122,550.000000,68.747069
1.000000,-0.400954,0.826800,0.567941,-0.000000,0.866025,0.500000,550.000000,68.050000
1.000000,0.388090,-0.132406,0.287581,0.776180,-0.315256,0.546039,550.000000,74.315863
1.000000,-0.295303,0.703954,0.780716,-0.000000,0.866025,0.500000,550.000000,68.050000
1.000000,0.304750,0.984665,0.294511,-0.000000,0.866025,0.500000,550.000000,68.050000
1.000000,-0.043825,-0.081373,0.528148,-0.087650,-0.498076,0.862692,550.000000,117.412430
1.000000,-0.419032,0.629184,0.678245,-0.838065,-0.272785,0.472478,550.000000,64.304300
1.000000,-0.136468,0.448351,0.814285,-0.272936,-0.481016,0.833144,550.000000,113.390958
1.000000,-0.125447,0.166204,0.654841,-0.250895,-0.484007,0.838325,550.000000,114.096038
1.000000,-0.117512,0.602573,0.909074,-0.235024,-0.485995,0.841768,550.000000,114.564584
1.000000,-0.185428,0.709308,0.771442,-0.000000,0.866025,0.500000,550.000000,68.050000
1.000000,-0.079301,0.295234,0.740496,-0.158601,-0.493671,0.855064,550.000000,116.374196
1.000000,0.087452,1.103300,0.089029,-0.000000,0.866025,0.500000,550.000000,68.050000
1.000000,0.371511,0.372804,0.601640,0.743022,-0.334634,0.579603,550.000000,78.883907
1.000000,-0.121006,-0.154311,0.471096,-0.242012,-0.485137,0.840281,550.000000,114.362280
1.000000,0.438565,-0.110748,0.213333,0.877131,-0.240126,0.415910,550.000000,56.605384
1.000000,0.289408,0.674470,0.831784,-0.000000,0.866025,0.500000,550.000000,68.050000
1.000000,0.348515,0.378624,0.632583,0.697029,-0.358521,0.620977,550.000000,84.515006
1.000000,0.132869,1.046482,0.187439,-0.000000,0.866025,0.500000,550.000000,68.050000
1.000000,0.031060,1.085594,0.119695,-0.000000,0.866025,0.500000,550.000000,68.050000
1.000000,-0.353224,0.104611,0.469026,-0.706448,-0.353883,0.612943,550.000000,83.421495
1.000000,0.308108,0.890725,0.457218,-0.000000,0.866025,0.500000,550.000000,68.050000
1.000000,-0.083837,0.623953,0.919281,-0.000000,0.866025,0.500000,550.000000,68.050000
1.000000,0.445945,0.679166,0.653224,0.891891,-0.226125,0.391660,550.000000,53.304984
1.000000,-0.146243,1.065680,0.154188,-0.000000,0.866025,0.500000,550.000000,68.050000
1.000000,-0.243513,0.477681,0.780040,-0.487025,-0.436694,0.756376,550.000000,102.942790
1.000000,0.426559,0.424337,0.546205,0.853118,-0.260859,0.451821,550.000000,61.492834
1.000000,-0.226703,0.603275,0.862896,-0.453406,-0.445652,0.771892,550.000000,105.054520
1.000000,-0.101057,0.561689,0.889727,-0.202113,-0.489681,0.848153,550.000000,115.433559
1.000000,-0.131852,0.740773,0.716943,-0.000000,0.866025,0.500000,550.000000,68.050000
1.000000,-0.495764,0.353257,0.278950,-0.991527,-0.064950,0.112496,550.000000,15.310735
1.000000,-0.282241,0.638822,0.845396,-0.564481,-0.412723,0.714857,550.000000,97.292060
1.000000,-0.090449,0.852402,0.523596,-0.000000,0.866025,0.500000,550.000000,68.050000
1.000000,-0.204233,0.394275,0.754625,-0.408465,-0.456387,0.790485,550.000000,107.585054
1.000000,-0.310123,0.617982,0.809669,-0.620247,-0.392203,0.679316,550.000000,92.454922
1.000000,-0.170136,-0.079268,0.497132,-0.340273,-0.470163,0.814347,550.000000,110.832607
1.000000,-0.193232,1.079718,0.129874,-0.000000,0.866025,0.500000,550.000000,68.050000
1.000000,0.373323,0.388944,0.608623,0.746645,-0.332611,0.576100,550.000000,78.407157
1.000000,0.323214,0.527010,0.744773,0.646428,-0.381488,0.660756,550.000000,89.928891
1.000000,-0.317302,0.865768,0.500447,-0.000000,0.866025,0.500000,550.000000,68.050000
1.000000,0.448670,0.180736,0.359155,0.897341,-0.220669,0.382211,550.000000,52.018866
1.000000,-0.182824,1.014643,0.242587,-0.000000,0.866025,0.500000,550.000000,68.050000
1.000000,-0.232303,0.952952,0.349439,-0.000000,0.866025,0.500000,550.000000,68.050000
1.000000,0.417245,0.177393,0.420552,0.834489,-0.275512,0.477201,550.000000,64.947034
1.000000,-0.462552,0.234268,0.354482,-0.925104,-0.189857,0.328842,550.000000,44.755389
1.000000,0.404473,-0.140380,0.258365,0.808947,-0.293941,0.509121,550.000000,69.291331
1.000000,-0.327911,0.732218,0.731762,-0.000000,0.866025,0.500000,550.000000,68.050000
1.000000,-0.312203,0.549590,0.768274,-0.624405,-0.390550,0.676453,550.000000,92.065262
1.000000,-0.440563,0.469900,0.544315,-0.881126,-0.236440,0.409527,550.000000,55.736610
1.000000,-0.423503,0.344883,0.506028,-0.847007,-0.265791,0.460364,550.000000,62.655494
1.000000,0.256149,-0.121680,0.425581,0.512299,-0.429404,0.743749,550.000000,101.224241
1.000000,0.311035,-0.135040,0.374078,0.622070,-0.391481,0.678065,550.000000,92.284625
1.000000,-0.476051,0.930975,0.387505,-0.000000,0.866025,0.500000,550.000000,68.050000
1.000000,-0.179558,1.090646,0.110945,-0.000000,0.866025,0.500000,550.000000,68.050000
1.000000,0.368254,0.668487,0.776487,0.736508,-0.338214,0.585804,550.000000,79.727966
1.000000,-0.028915,0.383242,0.797649,-0.057830,-0.499163,0.864576,550.000000,117.668799
1.000000,0.345977,1.024203,0.226028,-0.000000,0.866025,0.500000,550.000000,68.050000
1.000000,-0.153593,0.208305,0.669700,-0.307185,-0.475825,0.824153,550.000000,112.167206
1.000000,-0.361633,-0.033576,0.379315,-0.723267,-0.345284,0.598050,550.000000,81.394629
1.000000,-0.067216,0.680723,0.820954,-0.000000,0.866025,0.500000,550.000000,68.050000
1.000000,-0.287663,0.501332,0.761673,-0.575327,-0.408962,0.708343,550.000000,96.405427
1.000000,-0.058888,0.594220,0.916405,-0.117777,-0.496520,0.859998,550.000000,117.045719
1.000000,-0.115212,0.106694,0.623414,-0.230424,-0.486545,0.842721,550.000000,114.694331
1.000000,-0.289703,0.265660,0.623942,-0.579407,-0.407519,0.705844,550.000000,96.065391
1.000000,0.446129,0.481612,0.538747,0.892258,-0.225763,0.391032,550.000000,53.219494
1.000000,0.255274,-0.030035,0.479093,0.510547,-0.429925,0.744652,550.000000,101.347088
1.000000,-0.198390,0.667448,0.843945,-0.000000,0.866025,0.500000,550.000000,68.050000
1.000000,-0.290112,1.063548,0.157881,-0.000000,0.866025,0.500000,550.000000,68.050000
1.000000,-0.090650,0.774485,0.658553,-0.000000,0.866025,0.500000,550.000000,68.050000
1.000000,-0.338320,0.393438,0.652262,-0.676641,-0.368157,0.637666,550.000000,86.786335
1.000000,0.366338,0.934176,0.381961,-0.000000,0.866025,0.500000,550.000000,68.050000
1.000000,-0.423466,0.470230,0.578465,-0.846932,-0.265851,0.460467,550.000000,62.669545
1.000000,-0.442441,0.416752,0.509551,-0.884882,-0.232908,0.403408,550.000000,54.903896
1.000000,0.259127,0.428039,0.740894,0.518253,-0.427614,0.740649,550.000000,100.802263
1.000000,0.488285,0.189440,0.233621,0.976569,-0.107602,0.186372,550.000000,25.365290
1.000000,-0.454896,0.254272,0.386440,-0.909793,-0.207531,0.359455,550.000000,48.921767
1.000000,-0.455945,0.825165,0.570773,-0.000000,0.866025,0.500000,550.000000,68.050000
1.000000,-0.015532,0.027307,0.592838,-0.031065,-0.499759,0.865607,550.000000,117.809173
1.000000,-0.398052,0.150219,0.436118,-0.796104,-0.302580,0.524083,550.000000,71.327736
1.000000,0.275742,0.264918,0.634568,0.551485,-0.417093,0.722426,550.000000,98.322111
1.000000,-0.121236,0.313335,0.741025,-0.242473,-0.485079,0.840182,550.000000,114.348726
1.000000,0.289112,0.207047,0.590586,0.578223,-0.407939,0.706572,550.000000,96.164402
1.000000,0.256426,0.308746,0.673897,0.512851,-0.429239,0.743463,550.000000,101.185341
1.000000,-0.269663,0.211339,0.608202,-0.539326,-0.421048,0.729277,550.000000,99.254653
1.000000,0.254415,0.224533,0.626656,0.508830,-0.430434,0.745533,550.000000,101.467010
1.000000,-0.099325,0.356958,0.771934,-0.198651,-0.490035,0.848766,550.000000,115.517027
1.000000,0.413599,0.296541,0.495628,0.827197,-0.280956,0.486630,550.000000,66.230316
1.000000,-0.477084,0.599070,0.518658,-0.954168,-0.149636,0.259177,550.000000,35.273925
1.000000,0.326393,-0.064646,0.400044,0.652785,-0.378772,0.656052,550.000000,89.288632
1.000000,0.316615,0.449547,0.706394,0.633230,-0.386982,0.670272,550.000000,91.224042
1.000000,0.416864,0.161609,0.412104,0.833728,-0.276088,0.478198,550.000000,65.082749
1.000000,-0.152848,0.895737,0.448537,-0.000000,0.866025,0.500000,550.000000,68.050000
1.000000,-0.050627,-0.161821,0.480955,-0.101254,-0.497430,0.861575,550.000000,117.260296
1.000000,-0.408043,0.408586,0.569565,-0.816086,-0.288965,0.500502,550.000000,68.118327
1.000000,-0.398437,-0.032752,0.329895,-0.796873,-0.302073,0.523206,550.000000,71.208379
1.000000,0.164562,1.002618,0.263415,-0.000000,0.866025,0.500000,550.000000,68.050000
1.000000,0.303861,0.033803,0.478019,0.607721,-0.397075,0.687754,550.000000,93.603365
1.000000,0.343629,0.358697,0.626489,0.687258,-0.363207,0.629093,550.000000,85.619533
1.000000,0.331759,-0.093231,0.378124,0.663518,-0.374080,0.647926,550.000000,88.182743
1.000000,-0.302315,0.691014,0.803129,-0.000000,0.866025,0.500000,550.000000,68.050000
1.000000,-0.011512,-0.104048,0.517125,-0.023024,-0.499867,0.865796,550.000000,117.834811
1.000000,0.418224,-0.095288,0.261400,0.836448,-0.274023,0.474622,550.000000,64.596092
1.000000,-0.173390,-0.199449,0.426372,-0.346779,-0.468973,0.812286,550.000000,110.552083
1.000000,0.351068,0.047673,0.438622,0.702136,-0.356021,0.616647,550.000000,83.925689
1.000000,-0.139126,-0.182617,0.449116,-0.278253,-0.480254,0.831824,550.000000,113.211280
1.000000,-0.340690,0.369464,0.635890,-0.681380,-0.365965,0.633870,550.000000,86.269642
1.000000,-0.149690,-0.018471,0.540205,-0.299380,-0.477067,0.826304,550.000000,112.459992
1.000000,-0.154725,0.832430,0.558189,-0.000000,0.866025,0.500000,550.000000,68.050000
1.000000,0.368279,-0.055476,0.358476,0.736558,-0.338187,0.585758,550.000000,79.721642
1.000000,-0.295009,1.007457,0.255034,-0.000000,0.866025,0.500000,550.000000,68.050000
1.000000,-0.252162,1.062183,0.160246,-0.000000,0.866025,0.500000,550.000000,68.050000
1.000000,0.487449,0.635450,0.495428,0.974897,-0.111328,0.192826,550.000000,26.243595
1.000000,0.354930,0.495897,0.692959,0.709859,-0.352172,0.609979,550.000000,83.018206
1.000000,-0.305968,0.866252,0.499607,-0.000000,0.866025,0.500000,550.000000,68.050000
1.000000,-0.065084,0.309631,0.751203,-0.130169,-0.495746,0.858657,550.000000,116.863239
1.000000,0.166427,1.010520,0.249728,-0.000000,0.866025,0.500000,550.000000,68.050000
1.000000,0.350125,0.445653,0.669468,0.700249,-0.356949,0.618254,550.000000,84.144419
1.000000,0.390769,0.529782,0.666054,0.781538,-0.311929,0.540276,550.000000,73.531608
1.000000,0.400523,0.254519,0.492550,0.801047,-0.299301,0.518404,550.000000,70.554837
1.000000,-0.245070,0.554809,0.823563,-0.490140,-0.435822,0.754866,550.000000,102.737196
1.000000,0.251078,0.811773,0.593968,-0.000000,0.866025,0.500000,550.000000,68.050000
1.000000,-0.207289,0.903847,0.434491,-0.000000,0.866025,0.500000,550.000000,68.050000
1.000000,-0.109457,0.312393,0.743706,-0.218913,-0.487872,0.845019,550.000000,115.007138
1.000000,-0.018561,0.123874,0.648471,-0.037122,-0.499655,0.865428,550.000000,117.784818
1.000000,0.397618,0.325779,0.538136,0.795236,-0.303150,0.525071,550.000000,71.462124
1.000000,-0.078711,0.549349,0.887318,-0.157422,-0.493766,0.855227,550.000000,116.396431
1.000000,0.289492,0.740707,0.717058,-0.000000,0.866025,0.500000,550.000000,68.050000
1.000000,-0.052379,0.070551,0.614906,-0.104757,-0.497249,0.861260,550.000000,117.217539
1.000000,0.489947,0.668372,0.501080,0.979893,-0.099762,0.172792,550.000000,23.517035
1.000000,-0.039320,-0.194379,0.463338,-0.078641,-0.498452,0.863343,550.000000,117.501027
1.000000,-0.220032,0.438604,0.771669,-0.440064,-0.448983,0.777662,550.000000,105.839757
1.000000,-0.010751,0.290312,0.744828,-0.021503,-0.499884,0.865825,550.000000,117.838806
1.000000,0.469058,0.715638,0.613124,0.938115,-0.173162,0.299925,550.000000,40.819736
1.000000,-0.193718,0.251422,0.677416,-0.387436,-0.460948,0.798386,550.000000,108.660303
1.000000,-0.194083,-0.182203,0.426885,-0.388166,-0.460795,0.798120,550.000000,108.624121
1.000000,-0.484451,0.004366,0.145384,-0.968901,-0.123724,0.214295,550.000000,29.165616
1.000000,-0.399954,0.169898,0.444572,-0.799907,-0.300062,0.519722,550.000000,70.734212
1.000000,0.369327,-0.066167,0.350982,0.738653,-0.337043,0.583775,550.000000,79.451840
1.000000,-0.013545,0.132743,0.653777,-0.027091,-0.499816,0.865708,550.000000,117.822797
1.000000,0.365134,0.983181,0.297080,-0.000000,0.866025,0.500000,550.000000,68.050000
1.000000,0.442128,0.605218,0.619046,0.884257,-0.233501,0.404435,550.000000,55.043605
1.000000,-0.027719,0.559554,0.899521,-0.055437,-0.499231,0.864694,550.000000,117.684799
1.000000,-0.170346,0.906822,0.429338,-0.000000,0.866025,0.500000,550.000000,68.050000
1.000000,0.136048,1.026585,0.221902,-0.000000,0.866025,0.500000,550.000000,68.050000
1.000000,-0.374392,0.523356,0.684835,-0.748785,-0.331407,0.574013,550.000000,78.123183
1.000000,-0.344248,0.201228,0.534897,-0.688496,-0.362620,0.628076,550.000000,85.481182
1.000000,-0.460262,0.147728,0.310853,-0.920525,-0.195342,0.338343,550.000000,46.048472
1.000000,-0.225931,0.623187,0.874844,-0.451862,-0.446044,0.772571,550.000000,105.146863
1.000000,0.341034,0.179639,0.525925,0.682068,-0.365644,0.633315,550.000000,86.194121
1.000000,-0.286471,0.626817,0.835087,-0.572942,-0.409798,0.709791,550.000000,96.602555
1.000000,-0.251059,0.949017,0.356255,-0.000000,0.866025,0.500000,550.000000,68.050000
1.000000,-0.089991,0.414442,0.807200,-0.179983,-0.491835,0.851883,550.000000,115.941279
1.000000,0.365418,0.050628,0.423302,0.730837,-0.341276,0.591108,550.000000,80.449750
1.000000,0.478006,-0.017831,0.159056,0.956013,-0.146663,0.254027,550.000000,34.573076
1.000000,-0.409316,0.887419,0.462946,-0.000000,0.866025,0.500000,550.000000,68.050000
1.000000,0.483901,0.275508,0.304389,0.967803,-0.125855,0.217987,550.000000,29.668008
1.000000,-0.126859,0.951812,0.351413,-0.000000,0.866025,0.500000,550.000000,68.050000
1.000000,-0.250386,0.019887,0.511224,-0.500772,-0.432790,0.749614,550.000000,102.022402
1.000000,0.407033,0.154181,0.424326,0.814065,-0.290387,0.502965,550.000000,68.453513
1.000000,-0.338685,-0.041416,0.400812,-0.677370,-0.367821,0.637085,550.000000,86.707249
1.000000,-0.390366,0.959096,0.338796,-0.000000,0.866025,0.500000,550.000000,68.050000
1.000000,0.478796,0.105584,0.227311,0.957591,-0.144065,0.249528,550.000000,33.960809
1.000000,-0.119744,-0.150300,0.473773,-0.239489,-0.485450,0.840823,550.000000,114.436054
1.000000,-0.469744,0.425034,0.443183,-0.939488,-0.171291,0.296684,550.000000,40.378726
1.000000,-0.068482,0.424812,0.817175,-0.136963,-0.495288,0.857864,550.000000,116.755307
1.000000,-0.010401,0.980529,0.301674,-0.000000,0.866025,0.500000,550.000000,68.050000
1.000000,-0.247401,0.081386,0.548709,-0.494802,-0.434503,0.752581,550.000000,102.426270
1.000000,-0.406191,0.871259,0.490936,-0.000000,0.866025,0.500000,550.000000,68.050000
1.000000,-0.395287,0.114481,0.419645,-0.790575,-0.306183,0.530324,550.000000,72.177088
1.000000,-0.182557,0.814882,0.588583,-0.000000,0.866025,0.500000,550.000000,68.050000
1.000000,-0.050974,0.412720,0.812626,-0.101948,-0.497395,0.861513,550.000000,117.251946
1.000000,-0.231835,0.726914,0.740947,-0.000000,0.866025,0.500000,550.000000,68.050000
1.000000,-0.013049,0.304756,0.753105,-0.026097,-0.499830,0.865730,550.000000,117.825913
1.000000,-0.284866,0.880042,0.475722,-0.000000,0.866025,0.500000,550.000000,68.050000
1.000000,-0.174384,0.144343,0.624435,-0.348767,-0.468605,0.811647,550.000000,110.465171
1.000000,-0.020473,0.612001,0.930205,-0.040946,-0.499581,0.865299,550.000000,117.767210
1.000000,-0.269921,0.589122,0.826124,-0.539843,-0.420883,0.728991,550.000000,99.215639
1.000000,-0.492859,0.022919,0.110464,-0.985717,-0.084205,0.145847,550.000000,19.849812
1.000000,-0.451625,0.847566,0.531972,-0.000000,0.866025,0.500000,550.000000,68.050000
1.000000,0.325685,0.588026,0.777567,0.651370,-0.379380,0.657105,550.000000,89.432046
1.000000,-0.226100,0.995084,0.276464,-0.000000,0.866025,0.500000,550.000000,68.050000
1.000000,-0.142544,0.435919,0.805069,-0.285088,-0.479251,0.830086,550.000000,112.974761
1.000000,-0.079234,0.191726,0.680748,-0.158469,-0.493682,0.855082,550.000000,116.376697
1.000000,0.311075,0.031213,0.470027,0.622150,-0.391449,0.678009,550.000000,92.277062
1.000000,-0.204933,-0.222472,0.398183,-0.409865,-0.456073,0.789942,550.000000,107.511053
1.000000,-0.475556,0.436498,0.430326,-0.951111,-0.154424,0.267471,550.000000,36.402806
1.000000,-0.438577,0.467354,0.547075,-0.877154,-0.240104,0.415873,550.000000,56.600276
1.000000,-0.459867,0.016999,0.236448,-0.919734,-0.196271,0.339951,550.000000,46.267278
1.000000,0.264855,-0.146914,0.404875,0.529710,-0.424089,0.734544,550.000000,99.971479
1.000000,0.238285,1.061830,0.160857,-0.000000,0.866025,0.500000,550.000000,68.050000
1.000000,-0.204084,0.627089,0.889117,-0.408168,-0.456454,0.790601,550.000000,107.600755
1.000000,0.262687,0.658560,0.859341,-0.000000,0.866025,0.500000,550.000000,68.050000
1.000000,-0.478029,0.216050,0.294005,-0.956057,-0.146590,0.253902,550.000000,34.556063
1.000000,-0.256039,0.900758,0.439842,-0.000000,0.866025,0.500000,550.000000,68.050000
1.000000,-0.482240,0.854147,0.520574,-0.000000,0.866025,0.500000,550.000000,68.050000
1.000000,-0.372740,0.774118,0.659188,-0.000000,0.866025,0.500000,550.000000,68.050000
1.000000,0.292684,0.796713,0.620053,-0.000000,0.866025,0.500000,550.000000,68.050000
1.000000,-0.053146,0.047197,0.601329,-0.106293,-0.497167,0.861119,550.000000,117.198330
1.000000,0.281388,0.364334,0.687592,0.562776,-0.413305,0.715865,550.000000,97.429178
1.000000,-0.320276,0.459149,0.708445,-0.640553,-0.383957,0.665033,550.000000,90.511030
1.000000,-0.355554,0.012221,0.412981,-0.711107,-0.351542,0.608888,550.000000,82.869659
1.000000,0.261590,0.269809,0.647805,0.523179,-0.426111,0.738047,550.000000,100.448143
1.000000,0.262108,0.946473,0.360661,-0.000000,0.866025,0.500000,550.000000,68.050000
1.000000,-0.344866,0.362973,0.627601,-0.689733,-0.362032,0.627058,550.000000,85.342601
1.000000,-0.047447,0.666961,0.844790,-0.000000,0.866025,0.500000,550.000000,68.050000
1.000000,-0.037670,0.750283,0.700473,-0.000000,0.866025,0.500000,550.000000,68.050000
1.000000,-0.174234,0.486124,0.821826,-0.348468,-0.468660,0.811744,550.000000,110.478299
1.000000,-0.142444,0.024574,0.567613,-0.284887,-0.479281,0.830138,550.000000,112.981806
1.000000,-0.203627,-0.157772,0.436213,-0.407254,-0.456657,0.790954,550.000000,107.648830
1.000000,-0.177212,0.010634,0.546011,-0.354425,-0.467542,0.809807,550.000000,110.214726
1.000000,0.333307,0.462872,0.697598,0.666613,-0.372702,0.645539,550.000000,87.857801
1.000000,-0.036284,0.955977,0.344199,-0.000000,0.866025,0.500000,550.000000,68.050000
1.000000,-0.415867,0.398542,0.550629,-0.831734,-0.277587,0.480795,550.000000,65.436218
1.000000,0.439668,0.406421,0.509582,0.879336,-0.238101,0.412403,550.000000,56.128021
1.000000,0.403593,0.087986,0.391607,0.807186,-0.295149,0.511212,550.000000,69.576008
1.000000,-0.198845,0.818801,0.581795,-0.000000,0.866025,0.500000,550.000000,68.050000
1.000000,-0.460540,0.435249,0.476095,-0.921081,-0.194686,0.337205,550.000000,45.893651
1.000000,-0.321684,0.811507,0.594429,-0.000000,0.866025,0.500000,550.000000,68.050000
1.000000,-0.088941,1.047796,0.185164,-0.000000,0.866025,0.500000,550.000000,68.050000
1.000000,0.473759,0.244656,0.325833,0.947518,-0.159851,0.276871,550.000000,37.682096
1.000000,0.407742,-0.096386,0.278510,0.815484,-0.289390,0.501238,550.000000,68.218425
1.000000,0.395810,0.909597,0.424532,-0.000000,0.866025,0.500000,550.000000,68.050000
1.000000,0.009904,1.043152,0.193208,-0.000000,0.866025,0.500000,550.000000,68.050000
1.000000,0.484485,0.458878,0.407643,0.968969,-0.123591,0.214065,550.000000,29.134260
1.000000,-0.138198,-0.200111,0.439325,-0.276396,-0.480522,0.832288,550.000000,113.274448
1.000000,0.292416,0.077746,0.513207,0.584831,-0.405577,0.702481,550.000000,95.607623
1.000000,-0.172881,0.912191,0.420040,-0.000000,0.866025,0.500000,550.000000,68.050000
1.000000,0.257655,0.841593,0.542317,-0.000000,0.866025,0.500000,550.000000,68.050000
1.000000,0.324815,0.355427,0.644137,0.649630,-0.380125,0.658396,550.000000,89.607761
1.000000,0.300501,0.014586,0.469867,0.601002,-0.399624,0.692169,550.000000,94.204161
1.000000,-0.496179,0.078351,0.116477,-0.992358,-0.061697,0.106862,550.000000,14.543917
1.000000,0.069617,1.028410,0.218742,-0.000000,0.866025,0.500000,550.000000,68.050000
1.000000,0.263997,0.193589,0.602082,0.527995,-0.424624,0.735470,550.000000,100.097468
1.000000,-0.385254,0.477298,0.643588,-0.770508,-0.318715,0.552031,550.000000,75.131372
1.000000,-0.372765,-0.097970,0.328225,-0.745529,-0.333236,0.577182,550.000000,78.554529
1.000000,-0.267250,0.439968,0.741974,-0.534500,-0.422584,0.731938,550.000000,99.616698
1.000000,0.456433,0.871813,0.489976,-0.000000,0.866025,0.500000,550.000000,68.050000
1.000000,-0.168251,0.402730,0.776197,-0.336503,-0.470841,0.815521,550.000000,110.992407
1.000000,-0.040000,1.071898,0.143418,-0.000000,0.866025,0.500000,550.000000,68.050000
1.000000,-0.305191,-0.079329,0.411522,-0.610382,-0.396054,0.685985,550.000000,93.362539
1.000000,-0.161325,0.827920,0.566001,-0.000000,0.866025,0.500000,550.000000,68.050000
1.000000,-0.406205,0.713619,0.748652,-0.812411,-0.291543,0.504967,550.000000,68.726002
1.000000,-0.118563,0.334850,0.754209,-0.237126,-0.485739,0.841325,550.000000,114.504390
1.000000,-0.423443,0.180869,0.411445,-0.846886,-0.265887,0.460530,550.000000,62.678147
1.000000,-0.184981,0.120024,0.605681,-0.369963,-0.464523,0.804578,550.000000,109.503068
1.000000,0.391829,0.643339,0.730078,0.783657,-0.310597,0.537969,550.000000,73.217618
1.000000,0.447261,0.136052,0.336639,0.894522,-0.223512,0.387134,550.000000,52.688921
1.000000,0.468640,0.811610,0.594250,-0.000000,0.866025,0.500000,550.000000,68.050000
1.000000,-0.021744,0.728912,0.737488,-0.000000,0.866025,0.500000,550.000000,68.050000
1.000000,-0.030944,0.627086,0.913856,-0.000000,0.866025,0.500000,550.000000,68.050000
1.000000,-0.011701,0.854127,0.520608,-0.000000,0.866025,0.500000,550.000000,68.050000
1.000000,-0.031365,0.963193,0.331700,-0.000000,0.866025,0.500000,550.000000,68.050000
1.000000,-0.282566,-0.101873,0.417498,-0.565133,-0.412500,0.714471,550.000000,97.239511
1.000000,0.416811,0.222711,0.447473,0.833622,-0.276168,0.478336,550.000000,65.101554
1.000000,-0.066145,0.262735,0.723966,-0.132290,-0.495606,0.858414,550.000000,116.830142
1.000000,0.289381,-0.039399,0.448080,0.578763,-0.407748,0.706240,550.000000,96.119304
1.000000,0.472565,0.535419,0.497740,0.945131,-0.163346,0.282924,550.000000,38.505974
1.000000,0.304149,-0.176977,0.356070,0.608299,-0.396854,0.687371,550.000000,93.551256
1.000000,-0.152709,-0.089709,0.497970,-0.305417,-0.476109,0.824645,550.000000,112.234249
1.000000,0.253156,0.663285,0.851157,-0.000000,0.866025,0.500000,550.000000,68.050000
1.000000,-0.077553,0.331506,0.761758,-0.155106,-0.493949,0.855545,550.000000,116.439616
1.000000,-0.252764,0.910247,0.423405,-0.000000,0.866025,0.500000,550.000000,68.050000
1.000000,0.327889,0.762057,0.680079,-0.000000,0.866025,0.500000,550.000000,68.050000
1.000000,-0.131385,0.081200,0.603942,-0.262770,-0.482429,0.835592,550.000000,113.724079
1.000000,-0.396622,0.880907,0.474225,-0.000000,0.866025,0.500000,550.000000,68.050000
1.000000,-0.438214,-0.064623,0.240704,-0.876427,-0.240767,0.417021,550.000000,56.756532
1.000000,-0.460942,0.921963,0.403114,-0.000000,0.866025,0.500000,550.000000,68.050000
1.000000,-0.283572,0.953698,0.348146,-0.000000,0.866025,0.500000,550.000000,68.050000
1.000000,-0.000833,0.229053,0.709593,-0.001666,-0.499999,0.866024,550.000000,117.865894
1.000000,0.374743,-0.036833,0.360952,0.749486,-0.331010,0.573326,550.000000,78.029658
1.000000,-0.440484,0.558444,0.595607,-0.880967,-0.236589,0.409783,550.000000,55.771518
1.000000,-0.111507,0.584243,0.900122,-0.223014,-0.487408,0.844215,550.000000,114.897618
1.000000,-0.110668,0.361603,0.771802,-0.221336,-0.487599,0.844546,550.000000,114.942706
1.000000,0.307824,0.602489,0.802811,0.615649,-0.394010,0.682446,550.000000,92.880911
1.000000,0.377097,0.519548,0.679079,0.754194,-0.328326,0.568677,550.000000,77.396897
1.000000,0.250470,-0.130212,0.424508,0.500940,-0.432741,0.749529,550.000000,102.010938
1.000000,-0.023382,0.839725,0.545554,-0.000000,0.866025,0.500000,550.000000,68.050000
1.000000,-0.361647,0.284211,0.562772,-0.723295,-0.345270,0.598025,550.000000,81.391168
1.000000,-0.380872,0.584429,0.711473,-0.761744,-0.323939,0.561079,550.000000,76.362902
1.000000,-0.127415,0.434528,0.809164,-0.254831,-0.483493,0.837434,550.000000,113.974786
1.000000,-0.116774,1.075917,0.136458,-0.000000,0.866025,0.500000,550.000000,68.050000
1.000000,0.108736,1.050050,0.181260,-0.000000,0.866025,0.500000,550.000000,68.050000
1.000000,-0.095870,0.616536,0.922595,-0.191740,-0.490723,0.849957,550.000000,115.679146
1.000000,-0.435335,0.467446,0.553860,-0.870671,-0.245933,0.425969,550.000000,57.974389
1.000000,-0.374950,0.879155,0.477259,-0.000000,0.866025,0.500000,550.000000,68.050000
1.000000,0.291181,0.596838,0.813930,0.582361,-0.406465,0.704018,550.000000,95.816850
1.000000,-0.366642,-0.155554,0.302745,-0.733284,-0.339961,0.588831,550.000000,80.139835
1.000000,-0.015364,0.852360,0.523670,-0.000000,0.866025,0.500000,550.000000,68.050000
1.000000,-0.151758,0.916242,0.413023,-0.000000,0.866025,0.500000,550.000000,68.050000
1.000000,0.498269,0.843253,0.534852,0.996538,-0.041568,0.071999,550.000000,9.799008
1.000000,0.371805,0.591386,0.727461,0.743610,-0.334307,0.579036,550.000000,78.806853
1.000000,-0.484530,0.412049,0.380403,-0.969059,-0.123414,0.213760,550.000000,29.092705
1.000000,-0.075535,0.795720,0.621772,-0.000000,0.866025,0.500000,550.000000,68.050000
1.000000,-0.316113,0.710497,0.769384,-0.000000,0.866025,0.500000,550.000000,68.050000
1.000000,-0.137993,0.072714,0.596908,-0.275987,-0.480581,0.832390,550.000000,113.288310
1.000000,-0.210235,0.397014,0.753050,-0.420471,-0.453653,0.785750,550.000000,106.940583
1.000000,0.410288,0.916484,0.412604,-0.000000,0.866025,0.500000,550.000000,68.050000
1.000000,0.252525,0.045225,0.524416,0.505050,-0.431545,0.747458,550.000000,101.729060
1.000000,0.468541,0.505798,0.493580,0.937083,-0.174553,0.302335,550.000000,41.147849
1.000000,-0.377145,0.544984,0.693701,-0.754290,-0.328271,0.568582,550.000000,77.383991
1.000000,0.411688,0.587761,0.666987,0.823377,-0.283747,0.491465,550.000000,66.888381
1.000000,0.482121,0.225223,0.283045,0.964241,-0.132513,0.229519,550.000000,31.237471
1.000000,-0.239278,0.504367,0.798143,-0.478557,-0.439028,0.760419,550.000000,103.493060
1.000000,-0.108678,0.563271,0.888752,-0.217355,-0.488046,0.845321,550.000000,115.048184
1.000000,-0.348111,0.669424,0.800929,-0.696222,-0.358913,0.621656,550.000000,84.607377
1.000000,-0.107352,0.004690,0.566594,-0.214704,-0.488340,0.845829,550.000000,115.117310
1.000000,-0.493112,0.268282,0.250394,-0.986224,-0.082707,0.143252,550.000000,19.496647
1.000000,-0.075444,-0.240018,0.432166,-0.150888,-0.494275,0.856110,550.000000,116.516596
1.000000,-0.313030,0.251640,0.595488,-0.626060,-0.389887,0.675305,550.000000,91.909001
1.000000,-0.231503,0.927006,0.394378,-0.000000,0.866025,0.500000,550.000000,68.050000
1.000000,-0.392995,0.183702,0.463001,-0.785989,-0.309120,0.535412,550.000000,72.869509
1.000000,-0.433314,0.758392,0.686426,-0.000000,0.866025,0.500000,550.000000,68.050000
1.000000,-0.115418,-0.130317,0.486519,-0.230836,-0.486496,0.842636,550.000000,114.682819
1.000000,-0.428017,0.834060,0.555365,-0.000000,0.866025,0.500000,550.000000,68.050000
1.000000,0.049136,1.095560,0.102434,-0.000000,0.866025,0.500000,550.000000,68.050000
1.000000,-0.322163,0.871141,0.491139,-0.000000,0.866025,0.500000,550.000000,68.050000
1.000000,0.297821,0.478253,0.739876,0.595642,-0.401625,0.695635,550.000000,94.675889
1.000000,-0.422582,0.925931,0.396240,-0.000000,0.866025,0.500000,550.000000,68.050000
1.000000,-0.061748,1.104511,0.086931,-0.000000,0.866025,0.500000,550.000000,68.050000
1.000000,-0.491852,0.242146,0.243609,-0.983704,-0.089899,0.155710,550.000000,21.192090
1.000000,0.137687,1.085495,0.119867,-0.000000,0.866025,0.500000,550.000000,68.050000
1.000000,-0.258839,0.194251,0.606118,-0.517677,-0.427788,0.740951,550.000000,100.843368
1.000000,-0.487567,0.746405,0.558889,-0.975133,-0.110810,0.191928,550.000000,26.121382
1.000000,-0.098881,-0.007632,0.561541,-0.197761,-0.490125,0.848922,550.000000,115.538229
1.000000,-0.321706,-0.072123,0.400333,-0.643412,-0.382760,0.662960,550.000000,90.228854
1.000000,-0.086019,1.060183,0.163709,-0.000000,0.866025,0.500000,550.000000,68.050000
1.000000,-0.495152,0.841995,0.541622,-0.000000,0.866025,0.500000,550.000000,68.050000
1.000000,-0.234831,0.224533,0.639346,-0.469662,-0.441423,0.764568,550.000000,104.057645
1.000000,-0.373341,0.079312,0.429834,-0.746681,-0.332591,0.576064,550.000000,78.402376
1.000000,-0.272494,0.820407,0.579013,-0.000000,0.866025,0.500000,550.000000,68.050000
1.000000,0.378035,0.253225,0.524070,0.756070,-0.327246,0.566806,550.000000,77.142312
1.000000,0.488377,0.091968,0.176861,0.976754,-0.107182,0.185645,550.000000,25.266320
1.000000,0.277459,-0.056092,0.447916,0.554918,-0.415953,0.720451,550.000000,98.053376
1.000000,-0.037590,0.721719,0.749947,-0.000000,0.866025,0.500000,550.000000,68.050000
1.000000,0.369361,0.010664,0.395297,0.738721,-0.337006,0.583711,550.000000,79.443029
1.000000,0.226756,1.041994,0.195213,-0.000000,0.866025,0.500000,550.000000,68.050000
1.000000,0.450996,0.941357,0.369522,-0.000000,0.866025,0.500000,550.000000,68.050000
1.000000,-0.180945,-0.216874,0.413006,-0.361889,-0.466111,0.807327,550.000000,109.877224
1.000000,0.399702,-0.057284,0.313795,0.799405,-0.300396,0.520302,550.000000,70.813052
1.000000,-0.351745,0.274248,0.568663,-0.703490,-0.355353,0.615489,550.000000,83.768033
1.000000,-0.361230,0.310619,0.578523,-0.722461,-0.345706,0.598780,550.000000,81.493981
1.000000,0.463834,0.859711,0.510937,-0.000000,0.866025,0.500000,550.000000,68.050000
1.000000,0.464995,0.328561,0.401919,0.929990,-0.183792,0.318337,550.000000,43.325703
1.000000,-0.204445,-0.106048,0.465654,-0.408889,-0.456292,0.790321,550.000000,107.562676
1.000000,-0.321603,-0.187879,0.333601,-0.643207,-0.382846,0.663109,550.000000,90.249182
1.000000,0.422742,0.046701,0.335267,0.845485,-0.267000,0.462457,550.000000,62.940395
1.000000,0.309979,0.392559,0.679653,0.619958,-0.392317,0.679514,550.000000,92.481815
1.000000,-0.024868,-0.108793,0.513824,-0.049735,-0.499381,0.864954,550.000000,117.720191
1.000000,-0.322838,-0.150517,0.353971,-0.645676,-0.381806,0.661307,550.000000,90.003906
1.000000,-0.448084,0.081117,0.303012,-0.896168,-0.221857,0.384268,550.000000,52.298936
1.000000,-0.124545,1.048666,0.183658,-0.000000,0.866025,0.500000,550.000000,68.050000
1.000000,-0.350508,0.516545,0.709962,-0.701016,-0.356573,0.617603,550.000000,84.055711
1.000000,-0.343051,-0.058592,0.386198,-0.686101,-0.363753,0.630039,550.000000,85.748271
1.000000,-0.348628,1.010549,0.249678,-0.000000,0.866025,0.500000,550.000000,68.050000
1.000000,-0.460024,0.946005,0.361470,-0.000000,0.866025,0.500000,550.000000,68.050000
1.000000,0.281116,0.564183,0.803188,0.562232,-0.413490,0.716185,550.000000,97.472832
1.000000,-0.464395,0.897246,0.445924,-0.000000,0.866025,0.500000,550.000000,68.050000
1.000000,0.078366,1.023149,0.227855,-0.000000,0.866025,0.500000,550.000000,68.050000
1.000000,-0.264570,0.855985,0.517391,-0.000000,0.866025,0.500000,550.000000,68.050000
1.000000,0.361529,0.678498,0.790558,0.723058,-0.345394,0.598239,550.000000,81.420390
1.000000,-0.271464,0.664451,0.849136,-0.000000,0.866025,0.500000,550.000000,68.050000
1.000000,-0.242463,0.781260,0.646818,-0.000000,0.866025,0.500000,550.000000,68.050000
1.000000,-0.001053,0.459747,0.842784,-0.002106,-0.499999,0.866023,550.000000,117.865796
1.000000,-0.045584,-0.148728,0.489078,-0.091167,-0.497918,0.862419,550.000000,117.375218
1.000000,-0.081779,0.456423,0.833091,-0.163557,-0.493267,0.854363,550.000000,116.278857
1.000000,-0.136932,0.353450,0.759341,-0.273865,-0.480884,0.832916,550.000000,113.359835
1.000000,0.465560,0.436403,0.462524,0.931121,-0.182356,0.315849,550.000000,42.987109
1.000000,0.174237,1.049457,0.182287,-0.000000,0.866025,0.500000,550.000000,68.050000
1.000000,-0.469467,0.174725,0.299543,-0.938934,-0.172049,0.297998,550.000000,40.557468
1.000000,0.309023,-0.069202,0.413925,0.618047,-0.393071,0.680819,550.000000,92.659401
1.000000,-0.195942,0.577594,0.864645,-0.391885,-0.460007,0.796756,550.000000,108.438449
1.000000,-0.205926,0.503158,0.816609,-0.411852,-0.455625,0.789166,550.000000,107.405523
1.000000,-0.359561,0.394024,0.628681,-0.719123,-0.347442,0.601786,550.000000,81.903137
1.000000,-0.383656,0.889143,0.459958,-0.000000,0.866025,0.500000,550.000000,68.050000
1.000000,0.353571,0.483959,0.687641,0.707143,-0.353535,0.612341,550.000000,83.339658
1.000000,0.286737,0.281481,0.635492,0.573474,-0.409612,0.709469,550.000000,96.558699
1.000000,0.270192,-0.186393,0.378179,0.540385,-0.420709,0.728689,550.000000,99.174632
1.000000,0.272069,-0.110280,0.420724,0.544138,-0.419498,0.726592,550.000000,98.889147
1.000000,-0.030489,1.045545,0.189063,-0.000000,0.866025,0.500000,550.000000,68.050000
1.000000,-0.362554,0.813690,0.590648,-0.000000,0.866025,0.500000,550.000000,68.050000
1.000000,-0.164038,0.041080,0.569112,-0.328076,-0.472326,0.818092,550.000000,111.342321
1.000000,0.360718,0.111093,0.463944,0.721436,-0.346241,0.599706,550.000000,81.620021
1.000000,0.414868,0.192465,0.433372,0.829735,-0.279079,0.483378,550.000000,65.787788
1.000000,0.081068,1.019494,0.234185,-0.000000,0.866025,0.500000,550.000000,68.050000
1.000000,-0.127763,0.554531,0.878342,-0.255526,-0.483401,0.837275,550.000000,113.953173
1.000000,-0.119826,0.207223,0.680166,-0.239653,-0.485429,0.840788,550.000000,114.431284
1.000000,-0.462519,0.069073,0.259201,-0.925037,-0.189938,0.328983,550.000000,44.774571
1.000000,-0.172780,0.739117,0.719812,-0.000000,0.866025,0.500000,550.000000,68.050000
1.000000,0.468371,-0.003498,0.200066,0.936741,-0.175011,0.303128,550.000000,41.255716
1.000000,-0.243365,0.428206,0.751571,-0.486730,-0.436776,0.756519,550.000000,102.962174
1.000000,-0.226888,0.483493,0.793631,-0.453776,-0.445558,0.771729,550.000000,105.032313
1.000000,0.409111,0.585037,0.669692,0.818222,-0.287451,0.497880,550.000000,67.761483
1.000000,-0.297520,-0.197637,0.349909,-0.595040,-0.401848,0.696021,550.000000,94.728490
1.000000,-0.349142,0.307074,0.590568,-0.698284,-0.357910,0.619919,550.000000,84.370976
1.000000,0.441384,0.323590,0.458071,0.882767,-0.234905,0.406868,550.000000,55.374761
1.000000,-0.445026,0.481843,0.541383,-0.890051,-0.227930,0.394786,550.000000,53.730424
1.000000,-0.397543,0.624691,0.710826,-0.795086,-0.303248,0.525241,550.000000,71.485337
1.000000,0.022896,1.110589,0.076403,-0.000000,0.866025,0.500000,550.000000,68.050000
1.000000,-0.293745,-0.193286,0.355616,-0.587490,-0.404616,0.700815,550.000000,95.380945
1.000000,-0.249047,0.807382,0.601573,-0.000000,0.866025,0.500000,550.000000,68.050000
1.000000,-0.285589,0.229782,0.606569,-0.571178,-0.410413,0.710856,550.000000,96.747537
1.000000,-0.153561,0.074612,0.592524,-0.307122,-0.475835,0.824171,550.000000,112.169610
1.000000,-0.358366,0.373906,0.618490,-0.716731,-0.348675,0.603922,550.000000,82.193845
1.000000,0.270836,0.336196,0.679418,0.541672,-0.420295,0.727973,550.000000,99.077058
1.000000,0.419759,-0.125747,0.241092,0.839519,-0.271665,0.470538,550.000000,64.040239
1.000000,0.335980,1.019867,0.233539,-0.000000,0.866025,0.500000,550.000000,68.050000
1.000000,0.289445,0.948831,0.356576,-0.000000,0.866025,0.500000,550.000000,68.050000
1.000000,0.473708,0.343343,0.382984,0.947416,-0.160002,0.277132,550.000000,37.717638
1.000000,-0.033619,0.958481,0.339862,-0.000000,0.866025,0.500000,550.000000,68.050000
1.000000,0.188845,1.083687,0.122999,-0.000000,0.866025,0.500000,550.000000,68.050000
1.000000,-0.443262,0.092483,0.320526,-0.886523,-0.231342,0.400696,550.000000,54.534744
1.000000,-0.049119,0.171444,0.673541,-0.098237,-0.497582,0.861836,550.000000,117.295944
1.000000,-0.373332,0.454119,0.646240,-0.746665,-0.332600,0.576081,550.000000,78.404582
1.000000,0.145362,1.069680,0.147260,-0.000000,0.866025,0.500000,550.000000,68.050000
1.000000,0.401098,0.594878,0.688165,0.802197,-0.298530,0.517069,550.000000,70.373092
1.000000,0.372193,0.817228,0.584520,-0.000000,0.866025,0.500000,550.000000,68.050000
1.000000,-0.352843,-0.017730,0.398830,-0.705687,-0.354262,0.613600,550.000000,83.510922
1.000000,0.328913,0.747176,0.705854,-0.000000,0.866025,0.500000,550.000000,68.050000
1.000000,-0.419983,0.567636,0.641017,-0.839966,-0.271319,0.469939,550.000000,63.958649
1.000000,-0.174786,0.082497,0.588554,-0.349571,-0.468455,0.811388,550.000000,110.429855
1.000000,0.446138,-0.105102,0.199988,0.892275,-0.225746,0.391003,550.000000,53.215576
1.000000,0.402463,0.412821,0.580928,0.804925,-0.296688,0.513879,550.000000,69.938924
1.000000,-0.475601,0.933430,0.383252,-0.000000,0.866025,0.500000,550.000000,68.050000
1.000000,-0.122543,0.745616,0.708556,-0.000000,0.866025,0.500000,550.000000,68.050000
1.000000,-0.049123,0.600004,0.920969,-0.098245,-0.497581,0.861836,550.000000,117.295852
1.000000,-0.249039,1.049188,0.182753,-0.000000,0.866025,0.500000,550.000000,68.050000
1.000000,-0.402938,0.580075,0.676746,-0.805876,-0.296042,0.512760,550.000000,69.786578
1.000000,-0.315716,0.452091,0.708710,-0.631432,-0.387716,0.671543,550.000000,91.397067
1.000000,-0.336300,0.368401,0.639939,-0.672599,-0.370003,0.640865,550.000000,87.221701
1.000000,-0.296242,0.799685,0.614905,-0.000000,0.866025,0.500000,550.000000,68.050000
1.000000,0.338122,0.097758,0.481761,0.676245,-0.368339,0.637981,550.000000,86.829226
1.000000,-0.043463,-0.166216,0.479200,-0.086925,-0.498107,0.862747,550.000000,117.419914
1.000000,-0.309175,1.053939,0.174524,-0.000000,0.866025,0.500000,550.000000,68.050000
1.000000,-0.052046,-0.068305,0.534778,-0.104093,-0.497284,0.861321,550.000000,117.225761
1.000000,-0.470875,0.077845,0.239113,-0.941751,-0.168156,0.291254,550.000000,39.639672
1.000000,-0.316123,-0.124352,0.375518,-0.632245,-0.387384,0.670969,550.000000,91.318890
1.000000,0.440236,0.615356,0.628997,0.880471,-0.237050,0.410583,550.000000,55.880288
1.000000,-0.414951,0.447438,0.580437,-0.829902,-0.278955,0.483164,550.000000,65.758559
1.000000,0.434402,0.497574,0.573153,0.868805,-0.247578,0.428817,550.000000,58.361989
1.000000,0.112467,1.019399,0.234350,-0.000000,0.866025,0.500000,550.000000,68.050000
1.000000,-0.495920,0.428245,0.320854,-0.991840,-0.063745,0.110410,550.000000,15.026764
1.000000,0.336268,0.668867,0.813448,0.672535,-0.370033,0.640915,550.000000,87.228577
1.000000,-0.273783,0.906899,0.429204,-0.000000,0.866025,0.500000,550.000000,68.050000
1.000000,-0.046779,0.941162,0.369860,-0.000000,0.866025,0.500000,550.000000,68.050000
1.000000,-0.302417,0.033696,0.479228,-0.604835,-0.398175,0.689660,550.000000,93.862737
1.000000,-0.282297,0.164107,0.571274,-0.564595,-0.412684,0.714790,550.000000,97.282892
1.000000,-0.275649,0.638677,0.850429,-0.551298,-0.417154,0.722532,550.000000,98.336607
1.000000,-0.490594,0.454190,0.373685,-0.981189,-0.096525,0.167187,550.000000,22.754090
1.000000,-0.326477,0.415366,0.677096,-0.652954,-0.378699,0.655926,550.000000,89.271465
1.000000,-0.190563,0.626225,0.895325,-0.381125,-0.462262,0.800661,550.000000,108.969934
1.000000,-0.201820,0.606842,0.878588,-0.403640,-0.457459,0.792342,550.000000,107.837755
1.000000,0.394638,0.288469,0.521063,0.789275,-0.307020,0.531774,550.000000,72.374447
1.000000,-0.008423,-0.159959,0.484916,-0.016846,-0.499929,0.865903,550.000000,117.849332
1.000000,0.365782,0.013166,0.401222,0.731565,-0.340886,0.590432,550.000000,80.357762
1.000000,-0.120273,0.894355,0.450931,-0.000000,0.866025,0.500000,550.000000,68.050000
1.000000,-0.135521,0.402671,0.788221,-0.271043,-0.481284,0.833608,550.000000,113.454015
1.000000,-0.110470,0.378753,0.781756,-0.220940,-0.487644,0.844624,550.000000,114.953288
1.000000,0.467244,0.712252,0.616752,0.934488,-0.177997,0.308300,550.000000,41.959608
1.000000,-0.490860,0.355255,0.314996,-0.981720,-0.095166,0.164833,550.000000,22.433777
1.000000,-0.330913,0.683910,0.815432,-0.000000,0.866025,0.500000,550.000000,68.050000
1.000000,0.391046,0.504617,0.651124,0.782092,-0.311582,0.539675,550.000000,73.449804
1.000000,0.453302,0.464659,0.511901,0.906605,-0.210990,0.365446,550.000000,49.737176
1.000000,-0.329008,0.525750,0.738289,-0.658016,-0.376502,0.652120,550.000000,88.753583
1.000000,0.251821,0.612736,0.852543,0.503642,-0.431956,0.748170,550.000000,101.825952
1.000000,0.370598,0.120706,0.457258,0.741196,-0.335644,0.581353,550.000000,79.122116
1.000000,-0.445367,0.600831,0.609310,-0.890734,-0.227263,0.393630,550.000000,53.573072
1.000000,0.392716,0.966502,0.325969,-0.000000,0.866025,0.500000,550.000000,68.050000
1.000000,-0.150534,-0.155907,0.460550,-0.301068,-0.476801,0.825844,550.000000,112.397372
1.000000,0.477450,-0.040853,0.147844,0.954900,-0.148463,0.257146,550.000000,34.997585
1.000000,-0.048350,0.991528,0.282623,-0.000000,0.866025,0.500000,550.000000,68.050000
1.000000,-0.187251,0.783063,0.643695,-0.000000,0.866025,0.500000,550.000000,68.050000
1.000000,-0.265125,0.643680,0.861130,-0.530250,-0.423921,0.734252,550.000000,99.931701
1.000000,0.347431,0.932574,0.384735,-0.000000,0.866025,0.500000,550.000000,68.050000
1.000000,-0.368339,-0.093591,0.336395,-0.736678,-0.338122,0.585644,550.000000,79.706132
1.000000,-0.193067,0.332625,0.724614,-0.386134,-0.461221,0.798859,550.000000,108.724700
1.000000,0.451539,0.463531,0.515577,0.903079,-0.214737,0.371936,550.000000,50.620470
1.000000,-0.122686,0.985555,0.292968,-0.000000,0.866025,0.500000,550.000000,68.050000
1.000000,-0.268194,-0.086275,0.437457,-0.536387,-0.421986,0.730901,550.000000,99.475660
1.000000,-0.386648,0.206761,0.485440,-0.773296,-0.317023,0.549099,550.000000,74.732387
1.000000,-0.400297,0.706666,0.753947,-0.800594,-0.299604,0.518929,550.000000,70.626201
1.000000,-0.125125,-0.168064,0.461948,-0.250251,-0.484091,0.838469,550.000000,114.115691
1.000000,-0.269940,0.361942,0.694947,-0.539879,-0.420871,0.728970,550.000000,99.212852
1.000000,-0.184888,1.046476,0.187450,-0.000000,0.866025,0.500000,550.000000,68.050000
1.000000,-0.051360,-0.020634,0.562383,-0.102720,-0.497355,0.861444,550.000000,117.242579
1.000000,0.278036,0.172440,0.579414,0.556072,-0.415567,0.719783,550.000000,97.962488
1.000000,-0.355797,0.232779,0.540037,-0.711593,-0.351296,0.608462,550.000000,82.811731
1.000000,-0.288496,0.275525,0.630625,-0.576993,-0.408375,0.707326,550.000000,96.267032
1.000000,-0.022403,0.534381,0.885295,-0.044807,-0.499498,0.865156,550.000000,117.747681
1.000000,0.385665,-0.065718,0.329504,0.771330,-0.318218,0.551170,550.000000,75.014189
1.000000,-0.013369,0.791981,0.628249,-0.000000,0.866025,0.500000,550.000000,68.050000
1.000000,-0.325006,1.000440,0.267186,-0.000000,0.866025,0.500000,550.000000,68.050000
1.000000,-0.306945,0.808727,0.599243,-0.000000,0.866025,0.500000,550.000000,68.050000
1.000000,-0.270256,0.556813,0.807222,-0.540512,-0.420668,0.728619,550.000000,99.165018
1.000000,-0.193035,0.269789,0.688351,-0.386071,-0.461235,0.798882,550.000000,108.727811
1.000000,0.251573,0.861811,0.507300,-0.000000,0.866025,0.500000,550.000000,68.050000
1.000000,-0.363035,0.848041,0.531150,-0.000000,0.866025,0.500000,550.000000,68.050000
1.000000,-0.447052,0.645338,0.631157,-0.894105,-0.223929,0.387857,550.000000,52.787301
1.000000,0.263352,0.948493,0.357162,-0.000000,0.866025,0.500000,550.000000,68.050000
1.000000,-0.465029,0.473382,0.485434,-0.930058,-0.183707,0.318190,550.000000,43.305627
1.000000,-0.004186,-0.112127,0.512594,-0.008371,-0.499982,0.865995,550.000000,117.861927
1.000000,-0.419715,0.133744,0.390989,-0.839430,-0.271734,0.470658,550.000000,64.056496
1.000000,-0.234259,0.608574,0.861423,-0.468518,-0.441727,0.765094,550.000000,104.129246
1.000000,0.259549,0.857020,0.515598,-0.000000,0.866025,0.500000,550.000000,68.050000
1.000000,-0.274415,0.293749,0.652223,-0.548829,-0.417967,0.723940,550.000000,98.528285
1.000000,0.405254,0.878451,0.478478,-0.000000,0.866025,0.500000,550.000000,68.050000
1.000000,-0.356006,0.638980,0.774312,-0.712011,-0.351084,0.608096,550.000000,82.761808
1.000000,-0.058935,0.163332,0.667626,-0.117870,-0.496514,0.859988,550.000000,117.044411
1.000000,-0.268390,0.170852,0.585764,-0.536780,-0.421861,0.730685,550.000000,99.446184
1.000000,-0.057623,0.160489,0.666162,-0.115246,-0.496668,0.860255,550.000000,117.080716
1.000000,0.471746,0.860596,0.509403,-0.000000,0.866025,0.500000,550.000000,68.050000
1.000000,-0.263019,0.478475,0.767261,-0.526038,-0.425231,0.736521,550.000000,100.240487
1.000000,-0.149658,0.112818,0.616017,-0.299315,-0.477077,0.826322,550.000000,112.462397
1.000000,-0.078800,0.690599,0.803848,-0.000000,0.866025,0.500000,550.000000,68.050000
1.000000,-0.120599,1.018926,0.235168,-0.000000,0.866025,0.500000,550.000000,68.050000
1.000000,-0.420818,0.154024,0.400721,-0.841636,-0.270022,0.467692,550.000000,63.652928
1.000000,-0.162045,0.004398,0.548728,-0.324090,-0.473013,0.819283,550.000000,111.504394
1.000000,0.413371,0.106023,0.386020,0.826741,-0.281291,0.487211,550.000000,66.309404
1.000000,0.329653,0.084018,0.482603,0.659306,-0.375937,0.651143,550.000000,88.620517
1.000000,-0.377646,0.357750,0.584935,-0.755292,-0.327694,0.567583,550.000000,77.248008
1.000000,-0.206504,1.069709,0.147209,-0.000000,0.866025,0.500000,550.000000,68.050000
1.000000,-0.267031,0.729763,0.736013,-0.000000,0.866025,0.500000,550.000000,68.050000
1.000000,-0.464562,0.074657,0.256589,-0.929124,-0.184884,0.320229,550.000000,43.583209
1.000000,0.277878,0.534401,0.788514,0.555756,-0.415673,0.719966,550.000000,97.987419
1.000000,-0.268351,0.781655,0.646134,-0.000000,0.866025,0.500000,550.000000,68.050000
1.000000,-0.173986,0.927578,0.393389,-0.000000,0.866025,0.500000,550.000000,68.050000
1.000000,-0.001776,0.672128,0.835840,-0.000000,0.866025,0.500000,550.000000,68.050000
1.000000,-0.345629,0.537723,0.727652,-0.691259,-0.361304,0.625796,550.000000,85.170885
1.000000,-0.344458,-0.048688,0.390378,-0.688915,-0.362421,0.627732,550.000000,85.434275
1.000000,0.328761,0.510150,0.729531,0.657522,-0.376718,0.652495,550.000000,88.804504
1.000000,0.358139,0.870621,0.492041,-0.000000,0.866025,0.500000,550.000000,68.050000
1.000000,-0.226272,0.406135,0.749330,-0.452544,-0.445871,0.772271,550.000000,105.106101
1.000000,-0.198177,1.043831,0.192031,-0.000000,0.866025,0.500000,550.000000,68.050000
1.000000,0.286964,0.019637,0.484133,0.573928,-0.409453,0.709193,550.000000,96.521205
1.000000,-0.055344,0.396960,0.802988,-0.110687,-0.496928,0.860704,550.000000,117.141802
1.000000,-0.051890,0.640118,0.891283,-0.000000,0.866025,0.500000,550.000000,68.050000
1.000000,-0.111499,-0.089940,0.510885,-0.222999,-0.487409,0.844218,550.000000,114.898044
1.000000,0.482702,0.377956,0.368761,0.965404,-0.130379,0.225823,550.000000,30.734444
1.000000,-0.253728,0.992366,0.281172,-0.000000,0.866025,0.500000,550.000000,68.050000
1.000000,-0.483885,0.368950,0.358409,-0.967771,-0.125917,0.218094,550.000000,29.682619
1.000000,-0.136388,0.370870,0.769578,-0.272776,-0.481039,0.833184,550.000000,113.396303
1.000000,-0.270264,0.872444,0.488882,-0.000000,0.866025,0.500000,550.000000,68.050000
1.000000,-0.209503,0.192750,0.635509,-0.419007,-0.453992,0.786336,550.000000,107.020389
1.000000,-0.342449,0.253296,0.566921,-0.684897,-0.364320,0.631021,550.000000,85.881899
1.000000,-0.255191,0.373488,0.712124,-0.510383,-0.429974,0.744736,550.000000,101.358610
1.000000,-0.180825,-0.079026,0.492646,-0.361650,-0.466157,0.807408,550.000000,109.888180
1.000000,-0.025512,0.773645,0.660008,-0.000000,0.866025,0.500000,550.000000,68.050000
1.000000,0.278628,0.474807,0.753527,0.557256,-0.415170,0.719096,550.000000,97.868953
1.000000,-0.207739,0.157032,0.615822,-0.415479,-0.454801,0.787739,550.000000,107.211317
1.000000,-0.065106,-0.210094,0.451137,-0.130211,-0.495743,0.858652,550.000000,116.862574
1.000000,0.099542,1.110207,0.077065,-0.000000,0.866025,0.500000,550.000000,68.050000
1.000000,-0.367620,0.814040,0.590041,-0.000000,0.866025,0.500000,550.000000,68.050000
1.000000,-0.037120,0.453130,0.837372,-0.074240,-0.498620,0.863636,550.000000,117.540799
1.000000,0.203172,1.062515,0.159669,-0.000000,0.866025,0.500000,550.000000,68.050000
1.000000,0.358045,0.457116,0.666911,0.716089,-0.349004,0.604493,550.000000,82.271516
1.000000,0.391516,-0.098730,0.302100,0.783031,-0.310991,0.538653,550.000000,73.310616
1.000000,-0.278085,0.015820,0.488951,-0.556171,-0.415534,0.719726,550.000000,97.954719
1.000000,-0.276326,-0.016220,0.471806,-0.552652,-0.416706,0.721756,550.000000,98.231021
1.000000,-0.435870,-0.005515,0.279700,-0.871740,-0.244985,0.424326,550.000000,57.750751
1.000000,-0.193995,0.365943,0.743400,-0.387990,-0.460832,0.798184,550.000000,108.632840
1.000000,0.358443,0.354189,0.607014,0.716887,-0.348595,0.603784,550.000000,82.175022
1.000000,0.373487,0.682883,0.778116,0.746974,-0.332426,0.575779,550.000000,78.363582
1.000000,-0.276884,0.081109,0.527571,-0.553768,-0.416335,0.721114,550.000000,98.143630
1.000000,-0.379744,0.822515,0.575363,-0.000000,0.866025,0.500000,550.000000,68.050000
1.000000,0.280280,-0.084681,0.429222,0.560559,-0.414057,0.717168,550.000000,97.606580
1.000000,0.268607,0.888850,0.460467,-0.000000,0.866025,0.500000,550.000000,68.050000
1.000000,-0.172936,0.367403,0.753837,-0.345872,-0.469141,0.812576,550.000000,110.591578
1.000000,-0.331492,0.231698,0.565994,-0.662985,-0.374316,0.648335,550.000000,88.238412
1.000000,-0.265123,1.068118,0.149965,-0.000000,0.866025,0.500000,550.000000,68.050000
1.000000,-0.362766,0.392370,0.623861,-0.725531,-0.344095,0.595990,550.000000,81.114174
1.000000,-0.359803,0.183969,0.507117,-0.719605,-0.347192,0.601353,550.000000,81.844202
1.000000,-0.147831,0.018833,0.562412,-0.295662,-0.477646,0.827308,550.000000,112.596570
1.000000,-0.111807,0.418311,0.804242,-0.223615,-0.487339,0.844096,550.000000,114.881403
1.000000,0.336076,0.135709,0.505829,0.672152,-0.370207,0.641217,550.000000,87.269592
1.000000,-0.224319,0.397207,0.745313,-0.448638,-0.446857,0.773979,550.000000,105.338505
1.000000,0.320074,0.865024,0.501734,-0.000000,0.866025,0.500000,550.000000,68.050000
1.000000,-0.368249,0.642785,0.761655,-0.736497,-0.338220,0.585815,550.000000,79.729402
1.000000,0.356870,-0.096385,0.348734,0.713741,-0.350205,0.606573,550.000000,82.554535
1.000000,0.300844,0.974245,0.312559,-0.000000,0.866025,0.500000,550.000000,68.050000
1.000000,0.340806,-0.158896,0.330717,0.681611,-0.365857,0.633683,550.000000,86.244284
1.000000,-0.062582,0.773070,0.661003,-0.000000,0.866025,0.500000,550.000000,68.050000
1.000000,-0.274846,0.213891,0.605789,-0.549692,-0.417684,0.723449,550.000000,98.461440
1.000000,-0.157447,0.728248,0.738637,-0.000000,0.866025,0.500000,550.000000,68.050000
1.000000,-0.118029,0.461467,0.827462,-0.236059,-0.485869,0.841550,550.000000,114.535020
1.000000,0.261749,-0.145154,0.408113,0.523498,-0.426013,0.737877,550.000000,100.425041
1.000000,-0.300442,0.914579,0.415903,-0.000000,0.866025,0.500000,550.000000,68.050000
1.000000,-0.489558,-0.048792,0.089205,-0.979117,-0.101650,0.176062,550.000000,23.962066
1.000000,-0.164071,0.212576,0.668112,-0.328142,-0.472314,0.818072,550.000000,111.339608
1.000000,-0.094986,0.444179,0.823283,-0.189973,-0.490895,0.850255,550.000000,115.719640
1.000000,-0.423279,0.492758,0.591815,-0.846558,-0.266148,0.460982,550.000000,62.739696
1.000000,-0.042711,0.761636,0.680807,-0.000000,0.866025,0.500000,550.000000,68.050000
1.000000,-0.341453,0.084609,0.470607,-0.682905,-0.365253,0.632637,550.000000,86.101949
1.000000,-0.027543,0.714796,0.761937,-0.000000,0.866025,0.500000,550.000000,68.050000
1.000000,0.424462,0.385407,0.527652,0.848925,-0.264257,0.457706,550.000000,62.293800
1.000000,-0.058937,0.359640,0.780964,-0.117874,-0.496514,0.859988,550.000000,117.044368
1.000000,-0.078263,1.010184,0.250310,-0.000000,0.866025,0.500000,550.000000,68.050000
1.000000,0.095847,1.033127,0.210571,-0.000000,0.866025,0.500000,550.000000,68.050000
1.000000,-0.106305,1.100834,0.093300,-0.000000,0.866025,0.500000,550.000000,68.050000
1.000000,0.483526,0.591409,0.488429,0.967053,-0.127288,0.220469,550.000000,30.005792
1.000000,-0.382989,0.955967,0.344216,-0.000000,0.866025,0.500000,550.000000,68.050000
1.000000,-0.426385,0.436025,0.553281,-0.852770,-0.261143,0.452313,550.000000,61.559782
1.000000,0.252389,0.188840,0.607424,0.504779,-0.431624,0.747595,550.000000,101.747713
1.000000,0.372155,1.019294,0.234531,-0.000000,0.866025,0.500000,550.000000,68.050000
1.000000,-0.275166,0.238357,0.619672,-0.550331,-0.417473,0.723085,550.000000,98.411851
1.000000,-0.383668,0.365302,0.581131,-0.767335,-0.320623,0.555335,550.000000,75.581147
1.000000,-0.016505,0.602818,0.925073,-0.033010,-0.499728,0.865553,550.000000,117.801823
1.000000,-0.199140,0.740294,0.717773,-0.000000,0.866025,0.500000,550.000000,68.050000
1.000000,-0.024246,-0.142889,0.494174,-0.048492,-0.499412,0.865007,550.000000,117.727399
1.000000,0.293689,0.272506,0.624588,0.587379,-0.404656,0.700885,550.000000,95.390445
1.000000,0.423760,0.863052,0.505151,-0.000000,0.866025,0.500000,550.000000,68.050000
1.000000,-0.470330,0.482920,0.474739,-0.940659,-0.169676,0.293888,550.000000,39.998115
1.000000,-0.104722,0.047401,0.591912,-0.209444,-0.488910,0.846818,550.000000,115.251874
1.000000,0.477966,0.209510,0.290464,0.955932,-0.146794,0.254255,550.000000,34.604141
1.000000,-0.018555,0.786393,0.637927,-0.000000,0.866025,0.500000,550.000000,68.050000
1.000000,-0.063971,0.379778,0.791870,-0.127943,-0.495891,0.858908,550.000000,116.897381
1.000000,-0.085284,0.809842,0.597312,-0.000000,0.866025,0.500000,550.000000,68.050000
1.000000,-0.254982,0.531508,0.803500,-0.509965,-0.430098,0.744951,550.000000,101.387816
1.000000,-0.016517,-0.187444,0.468814,-0.033034,-0.499727,0.865553,550.000000,117.801728
1.000000,-0.050311,0.382504,0.795259,-0.100622,-0.497462,0.861630,550.000000,117.267856
1.000000,-0.435872,0.830955,0.560744,-0.000000,0.866025,0.500000,550.000000,68.050000
1.000000,-0.324565,0.705336,0.778322,-0.000000,0.866025,0.500000,550.000000,68.050000
1.000000,0.473168,0.345603,0.386124,0.946336,-0.161592,0.279885,550.000000,38.092346
1.000000,-0.295380,-0.179073,0.362446,-0.590760,-0.403424,0.698750,550.000000,95.099943
1.000000,-0.355899,0.347146,0.605947,-0.711798,-0.351192,0.608283,550.000000,82.787310
1.000000,-0.146607,0.911546,0.421156,-0.000000,0.866025,0.500000,550.000000,68.050000
1.000000,-0.448753,0.341532,0.451796,-0.897506,-0.220501,0.381918,550.000000,51.979104
1.000000,0.442509,0.229870,0.401505,0.885018,-0.232778,0.403184,550.000000,54.873293
1.000000,0.292987,0.910603,0.422790,-0.000000,0.866025,0.500000,550.000000,68.050000
1.000000,-0.150183,0.716699,0.758641,-0.000000,0.866025,0.500000,550.000000,68.050000
1.000000,0.286703,0.434566,0.723904,0.573405,-0.409636,0.709510,550.000000,96.564336
1.000000,0.376067,-0.003744,0.378319,0.752133,-0.329506,0.570720,550.000000,77.675052
1.000000,0.423861,0.881035,0.474002,-0.000000,0.866025,0.500000,550.000000,68.050000
1.000000,-0.016043,0.284820,0.741494,-0.032085,-0.499743,0.865580,550.000000,117.805373
1.000000,-0.229090,0.556398,0.834420,-0.458180,-0.444430,0.769775,550.000000,104.766347
1.000000,0.424308,0.781873,0.645756,-0.000000,0.866025,0.500000,550.000000,68.050000
1.000000,0.315893,0.660516,0.828878,0.631786,-0.387571,0.671293,550.000000,91.363005
1.000000,0.274117,0.606455,0.832989,0.548235,-0.418162,0.724278,550.000000,98.574266
1.000000,-0.341476,0.636323,0.789115,-0.682951,-0.365232,0.632600,550.000000,86.096883
1.000000,-0.134811,0.743588,0.712068,-0.000000,0.866025,0.500000,550.000000,68.050000
1.000000,-0.346312,0.103272,0.476066,-0.692624,-0.360649,0.624663,550.000000,85.016646
1.000000,-0.240702,0.962121,0.333557,-0.000000,0.866025,0.500000,550.000000,68.050000
1.000000,0.311113,0.361257,0.660543,0.622227,-0.391418,0.677957,550.000000,92.269897
1.000000,-0.125035,-0.182754,0.453493,-0.250071,-0.484114,0.838510,550.000000,114.121165
1.000000,0.419434,-0.008740,0.309226,0.838868,-0.272167,0.471407,550.000000,64.158521
1.000000,0.206127,1.061293,0.161787,-0.000000,0.866025,0.500000,550.000000,68.050000
1.000000,0.397364,0.825097,0.570890,-0.000000,0.866025,0.500000,550.000000,68.050000
1.000000,-0.297008,0.572764,0.795137,-0.594016,-0.402227,0.696677,550.000000,94.817747
1.000000,-0.199242,1.093382,0.106207,-0.000000,0.866025,0.500000,550.000000,68.050000
1.000000,0.374015,0.133822,0.460429,0.748031,-0.331832,0.574750,550.000000,78.223442
1.000000,-0.212593,1.023260,0.227661,-0.000000,0.866025,0.500000,550.000000,68.050000
1.000000,0.280619,0.602573,0.825742,0.561239,-0.413827,0.716769,550.000000,97.552300
1.000000,0.094564,1.057852,0.167747,-0.000000,0.866025,0.500000,550.000000,68.050000
1.000000,0.404492,1.000603,0.266904,-0.000000,0.866025,0.500000,550.000000,68.050000
1.000000,0.465961,0.676712,0.600081,0.931922,-0.181329,0.314072,550.000000,42.745173
1.000000,0.492280,0.355262,0.306176,0.984559,-0.087525,0.151598,550.000000,20.632506
1.000000,-0.222532,1.011414,0.248179,-0.000000,0.866025,0.500000,550.000000,68.050000
1.000000,-0.008832,0.330676,0.768176,-0.017664,-0.499922,0.865890,550.000000,117.847668
1.000000,-0.246893,0.375848,0.719050,-0.493786,-0.434792,0.753081,550.000000,102.494351
1.000000,0.401064,0.837442,0.549507,-0.000000,0.866025,0.500000,550.000000,68.050000
1.000000,-0.280917,0.112008,0.542281,-0.561833,-0.413625,0.716420,550.000000,97.504760
1.000000,-0.179877,0.866320,0.499490,-0.000000,0.866025,0.500000,550.000000,68.050000
1.000000,-0.450338,0.671516,0.638553,-0.900677,-0.217245,0.376279,550.000000,51.211611
1.000000,-0.348768,0.738211,0.721381,-0.000000,0.866025,0.500000,550.000000,68.050000
1.000000,-0.438092,0.840865,0.543579,-0.000000,0.866025,0.500000,550.000000,68.050000
1.000000,-0.307771,-0.032601,0.436190,-0.615542,-0.394052,0.682518,550.000000,92.890719
1.000000,-0.362982,0.551413,0.715421,-0.725963,-0.343867,0.595595,550.000000,81.060433
1.000000,-0.323382,0.335095,0.633806,-0.646765,-0.381345,0.660508,550.000000,89.895206
1.000000,0.251181,-0.152775,0.411005,0.502362,-0.432329,0.748815,550.000000,101.913755
1.000000,-0.434052,0.672466,0.674834,-0.868104,-0.248191,0.429879,550.000000,58.506542
1.000000,0.443806,0.019524,0.277195,0.887612,-0.230296,0.398884,550.000000,54.288137
1.000000,0.367259,0.304192,0.567409,0.734518,-0.339294,0.587675,550.000000,79.982609
1.000000,0.279765,0.492876,0.763076,0.559529,-0.414405,0.717771,550.000000,97.688652
1.000000,-0.088082,0.223655,0.697449,-0.176163,-0.492180,0.852482,550.000000,116.022743
1.000000,-0.246480,0.263233,0.654302,-0.492961,-0.435026,0.753487,550.000000,102.549535
1.000000,-0.405086,0.078514,0.383768,-0.810172,-0.293096,0.507657,550.000000,69.092087
1.000000,-0.220908,0.320003,0.702698,-0.441816,-0.448553,0.776917,550.000000,105.738337
1.000000,-0.419623,0.613774,0.668298,-0.839246,-0.271876,0.470903,550.000000,64.089965
1.000000,0.314239,0.882598,0.471295,-0.000000,0.866025,0.500000,550.000000,68.050000
1.000000,-0.176210,0.465739,0.809203,-0.352420,-0.467921,0.810463,550.000000,110.303979
1.000000,-0.356533,-0.162348,0.311047,-0.713066,-0.350548,0.607167,550.000000,82.635481
1.000000,-0.037117,0.621108,0.924210,-0.000000,0.866025,0.500000,550.000000,68.050000
1.000000,-0.367128,0.392813,0.618737,-0.734257,-0.339436,0.587920,550.000000,80.015927
1.000000,-0.375306,0.818590,0.582161,-0.000000,0.866025,0.500000,550.000000,68.050000
1.000000,-0.008313,0.293471,0.746706,-0.016626,-0.499931,0.865906,550.000000,117.849766
1.000000,0.104601,1.064196,0.156759,-0.000000,0.866025,0.500000,550.000000,68.050000
1.000000,-0.412841,0.976471,0.308703,-0.000000,0.866025,0.500000,550.000000,68.050000
1.000000,-0.298425,0.787505,0.636001,-0.000000,0.866025,0.500000,550.000000,68.050000
1.000000,-0.080375,0.139600,0.650440,-0.160750,-0.493498,0.854763,550.000000,116.333222
1.000000,0.309518,-0.191772,0.342709,0.619037,-0.392681,0.680143,550.000000,92.567517
1.000000,-0.324754,0.680067,0.822089,-0.000000,0.866025,0.500000,550.000000,68.050000
1.000000,-0.496313,0.243701,0.210689,-0.992625,-0.060612,0.104983,550.000000,14.288197
1.000000,0.085198,1.038622,0.201054,-0.000000,0.866025,0.500000,550.000000,68.050000
1.000000,0.354931,0.976597,0.308485,-0.000000,0.866025,0.500000,550.000000,68.050000
1.000000,-0.290333,-0.082100,0.422644,-0.580666,-0.407071,0.705067,550.000000,95.959669
1.000000,-0.111827,0.888452,0.461156,-0.000000,0.866025,0.500000,550.000000,68.050000
1.000000,-0.272811,0.898827,0.443186,-0.000000,0.866025,0.500000,550.000000,68.050000
1.000000,0.270399,0.107352,0.547619,0.540798,-0.420576,0.728459,550.000000,99.143324
1.000000,-0.023896,0.391782,0.802886,-0.047792,-0.499429,0.865036,550.000000,117.731371
1.000000,-0.115318,0.296944,0.733225,-0.230637,-0.486520,0.842677,550.000000,114.688384
1.000000,-0.317894,0.708286,0.773213,-0.000000,0.866025,0.500000,550.000000,68.050000
1.000000,-0.273748,0.077664,0.527971,-0.547496,-0.418404,0.724697,550.000000,98.631293
1.000000,0.441374,0.873605,0.486871,-0.000000,0.866025,0.500000,550.000000,68.050000
1.000000,-0.123357,-0.227588,0.428106,-0.246714,-0.484544,0.839255,550.000000,114.222632
1.000000,0.416425,0.860970,0.508757,-0.000000,0.866025,0.500000,550.000000,68.050000
1.000000,-0.079232,0.220461,0.697339,-0.158464,-0.493682,0.855083,550.000000,116.376783
1.000000,0.308565,0.039574,0.477143,0.617130,-0.393431,0.681442,550.000000,92.744268
1.000000,-0.051527,0.577689,0.907805,-0.103054,-0.497338,0.861415,550.000000,117.238515
1.000000,-0.411379,0.658108,0.708119,-0.822759,-0.284196,0.492241,550.000000,66.994013
1.000000,-0.094829,0.180305,0.670971,-0.189657,-0.490925,0.850307,550.000000,115.726831
1.000000,-0.218082,0.605036,0.868856,-0.436165,-0.449933,0.779308,550.000000,106.063769
1.000000,-0.175073,-0.142045,0.458792,-0.350146,-0.468348,0.811202,550.000000,110.404573
1.000000,-0.426648,0.783170,0.643509,-0.000000,0.866025,0.500000,550.000000,68.050000
1.000000,-0.244531,0.215029,0.627741,-0.489061,-0.436125,0.755390,550.000000,102.808613
1.000000,-0.283085,0.470673,0.747646,-0.566171,-0.412144,0.713854,550.000000,97.155591
1.000000,-0.397750,0.452355,0.611015,-0.795499,-0.302977,0.524772,550.000000,71.421494
1.000000,-0.399342,0.023676,0.361090,-0.798684,-0.300875,0.521131,550.000000,70.925959
1.000000,-0.038316,0.496317,0.862202,-0.076632,-0.498530,0.863479,550.000000,117.519462
1.000000,-0.470436,0.584358,0.532962,-0.940873,-0.169380,0.293374,550.000000,39.928264
1.000000,-0.266716,-0.151609,0.400816,-0.533433,-0.422921,0.732521,550.000000,99.696117
1.000000,-0.467975,0.125003,0.275475,-0.935950,-0.176067,0.304957,550.000000,41.504672
1.000000,0.256789,0.079008,0.541006,0.513579,-0.429021,0.743087,550.000000,101.134079
1.000000,-0.183625,0.155400,0.626726,-0.367251,-0.465061,0.805509,550.000000,109.629806
1.000000,0.360880,-0.099855,0.341959,0.721759,-0.346072,0.599414,550.000000,81.580297
1.000000,-0.386626,0.228688,0.498130,-0.773252,-0.317049,0.549145,550.000000,74.738677
1.000000,-0.058508,-0.240347,0.434620,-0.117016,-0.496565,0.860076,550.000000,117.056322
1.000000,0.370688,0.230935,0.520784,0.741376,-0.335545,0.581181,550.000000,79.098680
1.000000,0.339575,0.791336,0.629365,-0.000000,0.866025,0.500000,550.000000,68.050000
1.000000,-0.015167,-0.042614,0.552482,-0.030334,-0.499770,0.865627,550.000000,117.811819
1.000000,0.198056,1.008139,0.253852,-0.000000,0.866025,0.500000,550.000000,68.050000
1.000000,0.457783,0.764470,0.673558,0.915566,-0.201083,0.348287,550.000000,47.401822
1.000000,-0.160413,-0.076524,0.502649,-0.320826,-0.473569,0.820246,550.000000,111.635445
1.000000,-0.381481,0.459093,0.638282,-0.762962,-0.323222,0.559837,550.000000,76.193761
1.000000,0.314207,-0.103703,0.389235,0.628415,-0.388939,0.673662,550.000000,91.685444
1.000000,-0.066911,0.521388,0.873181,-0.133821,-0.495503,0.858236,550.000000,116.805912
1.000000,-0.206914,0.360504,0.733731,-0.413828,-0.455178,0.788391,550.000000,107.299984
1.000000,-0.309905,0.934465,0.381459,-0.000000,0.866025,0.500000,550.000000,68.050000
1.000000,0.431497,0.039131,0.314278,0.862994,-0.252607,0.437529,550.000000,59.547639
1.000000,-0.445572,0.183771,0.368055,-0.891144,-0.226860,0.392933,550.000000,53.478166
1.000000,-0.022985,0.210111,0.698047,-0.045969,-0.499471,0.865110,550.000000,117.741455
1.000000,0.318739,1.000560,0.266979,-0.000000,0.866025,0.500000,550.000000,68.050000
1.000000,-0.371148,0.778146,0.652211,-0.000000,0.866025,0.500000,550.000000,68.050000
1.000000,0.356589,0.763369,0.677806,-0.000000,0.866025,0.500000,550.000000,68.050000
1.000000,-0.122865,0.224856,0.689468,-0.245731,-0.484669,0.839471,550.000000,114.252060
1.000000,-0.409240,0.628964,0.694840,-0.818480,-0.287267,0.497562,550.000000,67.718130
1.000000,-0.353488,0.681345,0.801699,-0.706975,-0.353619,0.612486,550.000000,83.359394
1.000000,-0.068553,0.243115,0.712261,-0.137106,-0.495278,0.857847,550.000000,116.752979
1.000000,-0.295298,-0.135706,0.387553,-0.590595,-0.403484,0.698855,550.000000,95.114149
1.000000,-0.225187,0.116822,0.582928,-0.450374,-0.446420,0.773222,550.000000,105.235502
1.000000,-0.184472,0.475092,0.810913,-0.368944,-0.464726,0.804929,550.000000,109.550815
1.000000,-0.467998,0.729653,0.624500,-0.935995,-0.176006,0.304852,550.000000,41.490350
1.000000,0.479717,0.359468,0.370314,0.959434,-0.140967,0.244162,550.000000,33.230512
1.000000,-0.333112,0.126919,0.503836,-0.666224,-0.372876,0.645840,550.000000,87.898797
1.000000,0.300227,0.139290,0.542103,0.600454,-0.399830,0.692526,550.000000,94.252721
1.000000,-0.249431,0.297564,0.672177,-0.498862,-0.433341,0.750568,550.000000,102.152327
1.000000,0.314440,0.548907,0.765803,0.628879,-0.388751,0.673337,550.000000,91.641213
1.000000,0.435931,0.660470,0.664081,0.871862,-0.244876,0.424138,550.000000,57.725176
1.000000,-0.339768,0.774061,0.659287,-0.000000,0.866025,0.500000,550.000000,68.050000
1.000000,-0.282013,0.787592,0.635850,-0.000000,0.866025,0.500000,550.000000,68.050000
1.000000,0.375518,0.087314,0.431613,0.751035,-0.330131,0.571804,550.000000,77.822505
1.000000,-0.270863,0.001490,0.486155,-0.541725,-0.420278,0.727943,550.000000,99.072988
1.000000,0.400938,0.120529,0.414548,0.801877,-0.298745,0.517441,550.000000,70.423732
1.000000,-0.298607,-0.026581,0.447736,-0.597213,-0.401041,0.694624,550.000000,94.538300
1.000000,0.259549,0.300534,0.666983,0.519099,-0.427357,0.740204,550.000000,100.741803
1.000000,-0.083375,0.876996,0.480998,-0.000000,0.866025,0.500000,550.000000,68.050000
1.000000,-0.152876,1.066974,0.151947,-0.000000,0.866025,0.500000,550.000000,68.050000
1.000000,-0.424087,0.749077,0.702561,-0.000000,0.866025,0.500000,550.000000,68.050000
1.000000,0.352364,0.665044,0.793581,0.704728,-0.354739,0.614426,550.000000,83.623342
1.000000,-0.317236,0.172033,0.545584,-0.634472,-0.386473,0.669391,550.000000,91.104050
1.000000,0.352012,0.368999,0.623063,0.704023,-0.355088,0.615031,550.000000,83.705739
1.000000,-0.047075,-0.161215,0.481708,-0.094149,-0.497779,0.862179,550.000000,117.342506
1.000000,-0.466838,0.944977,0.363252,-0.000000,0.866025,0.500000,550.000000,68.050000
1.000000,-0.287225,0.415079,0.712230,-0.574451,-0.409270,0.708876,550.000000,96.477993
1.000000,-0.464377,0.867379,0.497655,-0.000000,0.866025,0.500000,550.000000,68.050000
1.000000,-0.145954,0.596546,0.896620,-0.291908,-0.478223,0.828307,550.000000,112.732584
1.000000,0.364692,0.671316,0.782552,0.729384,-0.342052,0.592452,550.000000,80.632715
1.000000,-0.277495,-0.163899,0.385646,-0.554989,-0.415929,0.720410,550.000000,98.047754
1.000000,-0.003629,0.432361,0.826959,-0.007258,-0.499987,0.866003,550.000000,117.862953
1.000000,0.381526,0.268919,0.528424,0.763052,-0.323169,0.559745,550.000000,76.181241
1.000000,0.251534,0.639605,0.868249,0.503068,-0.432123,0.748460,550.000000,101.865354
1.000000,0.349088,0.796557,0.620323,-0.000000,0.866025,0.500000,550.000000,68.050000
1.000000,-0.172311,0.473759,0.815508,-0.344621,-0.469371,0.812974,550.000000,110.645792
1.000000,-0.300981,0.416560,0.701530,-0.601962,-0.399262,0.691543,550.000000,94.118957
1.000000,-0.372796,-0.115539,0.318042,-0.745591,-0.333202,0.577122,550.000000,78.546353
1.000000,-0.432763,-0.014631,0.280726,-0.865527,-0.250431,0.433760,550.000000,59.034670
1.000000,-0.032242,-0.098151,0.519481,-0.064484,-0.498959,0.864223,550.000000,117.620750
1.000000,0.451540,0.592316,0.589929,0.903081,-0.214735,0.371932,550.000000,50.620013
1.000000,0.280424,0.645336,0.850584,0.560849,-0.413959,0.716998,550.000000,97.583447
1.000000,-0.142175,0.563482,0.878844,-0.284350,-0.479360,0.830276,550.000000,113.000595
1.000000,0.474889,0.680082,0.573313,0.949778,-0.156462,0.271001,550.000000,36.883224
1.000000,0.346851,0.259138,0.565457,0.693702,-0.360131,0.623765,550.000000,84.894453
1.000000,-0.336363,0.333034,0.619453,-0.672727,-0.369946,0.640764,550.000000,87.208045
1.000000,-0.352515,0.709471,0.771160,-0.000000,0.866025,0.500000,550.000000,68.050000
1.000000,-0.159938,0.887440,0.462908,-0.000000,0.866025,0.500000,550.000000,68.050000
1.000000,0.438006,0.703895,0.684844,0.876011,-0.241145,0.417676,550.000000,56.845684
1.000000,-0.426643,0.208103,0.421204,-0.853286,-0.260722,0.451583,550.000000,61.460438
1.000000,0.336117,-0.012372,0.420291,0.672235,-0.370169,0.641152,550.000000,87.260727
1.000000,-0.445188,0.958676,0.339525,-0.000000,0.866025,0.500000,550.000000,68.050000
1.000000,-0.316047,0.466015,0.716438,-0.632094,-0.387446,0.671076,550.000000,91.333462
1.000000,-0.226273,0.762018,0.680146,-0.000000,0.866025,0.500000,550.000000,68.050000
1.000000,0.281122,0.079239,0.523201,0.562244,-0.413486,0.716178,550.000000,97.471845
1.000000,-0.255911,1.053304,0.175623,-0.000000,0.866025,0.500000,550.000000,68.050000
1.000000,-0.042422,0.906660,0.429618,-0.000000,0.866025,0.500000,550.000000,68.050000
1.000000,-0.030133,0.196934,0.690001,-0.060266,-0.499091,0.864451,550.000000,117.651816
1.000000,0.478761,-0.001956,0.165357,0.957521,-0.144182,0.249730,550.000000,33.988237
1.000000,-0.228447,-0.202447,0.396683,-0.456894,-0.444761,0.770348,550.000000,104.844380
1.000000,-0.329624,-0.128954,0.359673,-0.659248,-0.375963,0.651187,550.000000,88.626511
1.000000,-0.082762,0.012634,0.576680,-0.165525,-0.493103,0.854079,550.000000,116.240173
1.000000,-0.200592,0.656694,0.862573,-0.000000,0.866025,0.500000,550.000000,68.050000
1.000000,0.410106,0.798405,0.617121,-0.000000,0.866025,0.500000,550.000000,68.050000
1.000000,0.321445,0.609106,0.793894,0.642890,-0.382979,0.663339,550.000000,90.280468
1.000000,-0.131430,-0.216766,0.431897,-0.262859,-0.482417,0.835571,550.000000,113.721196
1.000000,-0.282014,0.675619,0.829794,-0.000000,0.866025,0.500000,550.000000,68.050000
1.000000,-0.396394,0.180889,0.456329,-0.792789,-0.304748,0.527840,550.000000,71.838982
1.000000,0.327383,0.184963,0.543168,0.654765,-0.377916,0.654570,550.000000,89.086977
1.000000,0.384254,0.719014,0.754632,-0.000000,0.866025,0.500000,550.000000,68.050000
1.000000,-0.262507,1.014189,0.243373,-0.000000,0.866025,0.500000,550.000000,68.050000
1.000000,-0.399033,0.489308,0.630396,-0.798067,-0.301285,0.521840,550.000000,71.022447
1.000000,-0.200245,-0.024223,0.515042,-0.400489,-0.458151,0.793540,550.000000,108.000837
1.000000,-0.057269,0.740974,0.716596,-0.000000,0.866025,0.500000,550.000000,68.050000
1.000000,-0.293837,-0.010410,0.461123,-0.587673,-0.404549,0.700700,550.000000,95.365226
1.000000,-0.015203,-0.220662,0.449684,-0.030407,-0.499769,0.865625,550.000000,117.811558
1.000000,-0.331043,0.464739,0.701000,-0.662086,-0.374714,0.649024,550.000000,88.332105
1.000000,0.472482,0.283181,0.352391,0.944963,-0.163589,0.283344,550.000000,38.563080
1.000000,0.455751,0.467181,0.507188,0.911503,-0.205647,0.356191,550.000000,48.477652
1.000000,0.353149,0.558541,0.731188,0.706298,-0.353957,0.613072,550.000000,83.439100
1.000000,-0.274251,0.550042,0.800318,-0.548502,-0.418075,0.724127,550.000000,98.553640
1.000000,-0.286238,0.777275,0.653721,-0.000000,0.866025,0.500000,550.000000,68.050000
1.000000,0.405096,0.766154,0.672982,-0.000000,0.866025,0.500000,550.000000,68.050000
1.000000,0.466839,-0.042727,0.182088,0.933679,-0.179056,0.310134,550.000000,42.209260
1.000000,-0.130255,-0.148243,0.471827,-0.260511,-0.482735,0.836122,550.000000,113.796260
1.000000,-0.452132,-0.051975,0.216505,-0.904265,-0.213486,0.369768,550.000000,50.325492
1.000000,0.014824,1.083559,0.123220,-0.000000,0.866025,0.500000,550.000000,68.050000
1.000000,0.314141,0.204503,0.567240,0.628283,-0.388993,0.673755,550.000000,91.698042
1.000000,-0.266789,0.310552,0.667592,-0.533578,-0.422875,0.732441,550.000000,99.685283
1.000000,-0.114135,-0.241545,0.422651,-0.228269,-0.486799,0.843161,550.000000,114.754164
1.000000,-0.396271,0.068573,0.391668,-0.792543,-0.304908,0.528117,550.000000,71.876668
1.000000,-0.025804,0.271222,0.733171,-0.051608,-0.499334,0.864871,550.000000,117.708994
1.000000,0.410634,-0.119901,0.260178,0.821268,-0.285272,0.494105,550.000000,67.247676
1.000000,-0.487148,0.698972,0.533612,-0.974296,-0.112636,0.195091,550.000000,26.551903
1.000000,0.307440,0.805668,0.604543,-0.000000,0.866025,0.500000,550.000000,68.050000
1.000000,-0.045004,-0.056914,0.542147,-0.090008,-0.497971,0.862510,550.000000,117.387640
1.000000,-0.488975,0.901040,0.439353,-0.000000,0.866025,0.500000,550.000000,68.050000
1.000000,-0.068765,0.906882,0.429235,-0.000000,0.866025,0.500000,550.000000,68.050000
1.000000,0.290613,0.794178,0.624444,-0.000000,0.866025,0.500000,550.000000,68.050000
1.000000,-0.117968,-0.109249,0.497976,-0.235935,-0.485884,0.841576,550.000000,114.538559
1.000000,0.377795,0.337023,0.572770,0.755590,-0.327522,0.567285,550.000000,77.207529
1.000000,0.089395,1.039564,0.199422,-0.000000,0.866025,0.500000,550.000000,68.050000
1.000000,0.449174,0.048750,0.281767,0.898348,-0.219642,0.380431,550.000000,51.776705
1.000000,0.294282,0.288044,0.633061,0.588565,-0.404225,0.700138,550.000000,95.288836
1.000000,-0.011926,0.596934,0.921826,-0.023852,-0.499858,0.865779,550.000000,117.832526
1.000000,-0.457742,0.038961,0.254794,-0.915484,-0.201178,0.348450,550.000000,47.424001
1.000000,-0.106523,0.683156,0.816739,-0.000000,0.866025,0.500000,550.000000,68.050000
1.000000,-0.327757,0.626914,0.797954,-0.655515,-0.377591,0.654007,550.000000,89.010374
1.000000,-0.441249,0.503535,0.562252,-0.882499,-0.235157,0.407304,550.000000,55.434112
1.000000,-0.411226,0.677998,0.719860,-0.822452,-0.284418,0.492626,550.000000,67.046365
1.000000,-0.043199,0.683780,0.815658,-0.000000,0.866025,0.500000,550.000000,68.050000
1.000000,-0.040607,0.084280,0.624102,-0.081214,-0.498348,0.863165,550.000000,117.476709
1.000000,-0.274086,0.021983,0.495568,-0.548173,-0.418183,0.724314,550.000000,98.579080
1.000000,0.437517,-0.017038,0.269635,0.875035,-0.242030,0.419208,550.000000,57.054239
1.000000,-0.154544,0.293497,0.718530,-0.309088,-0.475517,0.823619,550.000000,112.094579
1.000000,-0.122481,0.822466,0.575446,-0.000000,0.866025,0.500000,550.000000,68.050000
1.000000,0.380402,-0.156483,0.284344,0.760805,-0.324491,0.562034,550.000000,76.492843
1.000000,-0.162626,0.980405,0.301890,-0.000000,0.866025,0.500000,550.000000,68.050000
1.000000,-0.114831,-0.206522,0.442682,-0.229662,-0.486635,0.842877,550.000000,114.715558
1.000000,0.046638,1.011924,0.247296,-0.000000,0.866025,0.500000,550.000000,68.050000
1.000000,0.252368,-0.027615,0.482468,0.504737,-0.431637,0.747617,550.000000,101.750621
1.000000,-0.039404,0.761020,0.681875,-0.000000,0.866025,0.500000,550.000000,68.050000
1.000000,0.062933,1.055186,0.172364,-0.000000,0.866025,0.500000,550.000000,68.050000
1.000000,-0.334624,0.744235,0.710948,-0.000000,0.866025,0.500000,550.000000,68.050000
1.000000,-0.460688,0.710265,0.634473,-0.921375,-0.194337,0.336602,550.000000,45.811502
1.000000,-0.200276,-0.084500,0.480225,-0.400552,-0.458137,0.793517,550.000000,107.997621
1.000000,-0.152957,0.554030,0.869541,-0.305914,-0.476030,0.824507,550.000000,112.215457
1.000000,-0.049738,0.223956,0.703788,-0.099476,-0.497520,0.861730,550.000000,117.281442
1.000000,0.429007,-0.072954,0.254421,0.858015,-0.256812,0.444812,550.000000,60.538910
1.000000,-0.082674,0.074238,0.612265,-0.165348,-0.493118,0.854105,550.000000,116.243662
1.000000,-0.281146,-0.130787,0.401923,-0.562291,-0.413470,0.716150,550.000000,97.468075
1.000000,0.448142,-0.036976,0.234695,0.896284,-0.221740,0.384065,550.000000,52.271194
1.000000,-0.281945,0.606360,0.826887,-0.563890,-0.412925,0.715207,550.000000,97.339687
1.000000,0.485676,0.335649,0.330991,0.971352,-0.118822,0.205807,550.000000,28.010270
1.000000,-0.432957,-0.079631,0.242812,-0.865913,-0.250097,0.433181,550.000000,58.955934
1.000000,-0.307885,0.334434,0.647995,-0.615771,-0.393963,0.682364,550.000000,92.869678
1.000000,-0.000526,1.052637,0.176779,-0.000000,0.866025,0.500000,550.000000,68.050000
1.000000,-0.353197,0.929258,0.390478,-0.000000,0.866025,0.500000,550.000000,68.050000
1.000000,-0.146059,-0.027297,0.536408,-0.292118,-0.478191,0.828251,550.000000,112.724999
1.000000,0.265563,0.856994,0.515642,-0.000000,0.866025,0.500000,550.000000,68.050000
1.000000,-0.092111,0.862472,0.506154,-0.000000,0.866025,0.500000,550.000000,68.050000
1.000000,0.336103,-0.163732,0.332919,0.672205,-0.370182,0.641175,550.000000,87.263891
1.000000,0.263788,0.993079,0.279937,-0.000000,0.866025,0.500000,550.000000,68.050000
1.000000,-0.136393,0.374169,0.771481,-0.272786,-0.481037,0.833181,550.000000,113.395945
1.000000,-0.149125,0.146092,0.635420,-0.298251,-0.477244,0.826611,550.000000,112.501693
1.000000,-0.180222,0.304314,0.714237,-0.360444,-0.466390,0.807812,550.000000,109.943203
1.000000,-0.394859,0.165623,0.449809,-0.789719,-0.306735,0.531280,550.000000,72.307216
1.000000,0.288698,0.110021,0.534907,0.577395,-0.408232,0.707079,550.000000,96.233488
1.000000,0.388697,0.366897,0.574989,0.777395,-0.314507,0.544741,550.000000,74.139299
1.000000,0.309526,0.322877,0.639836,0.619052,-0.392675,0.680133,550.000000,92.566136
1.000000,-0.118902,1.009705,0.251140,-0.000000,0.866025,0.500000,550.000000,68.050000
1.000000,0.302462,0.611507,0.812788,0.604924,-0.398142,0.689601,550.000000,93.854755
1.000000,-0.110229,0.625941,0.915838,-0.000000,0.866025,0.500000,550.000000,68.050000
1.000000,-0.457174,-0.019650,0.222442,-0.914347,-0.202466,0.350681,550.000000,47.727680
1.000000,-0.323920,0.005564,0.443025,-0.647839,-0.380889,0.659718,550.000000,89.787680
1.000000,-0.179138,-0.020205,0.527358,-0.358277,-0.466808,0.808535,550.000000,110.041570
1.000000,-0.397635,0.019196,0.361104,-0.795270,-0.303128,0.525033,550.000000,71.456955
1.000000,-0.079690,-0.191921,0.459165,-0.159380,-0.493609,0.854955,550.000000,116.359417
1.000000,-0.301027,0.487760,0.742597,-0.602053,-0.399228,0.691483,550.000000,94.110854
1.000000,-0.212695,-0.120905,0.452703,-0.425390,-0.452505,0.783762,550.000000,106.669978
1.000000,-0.304437,0.754840,0.692579,-0.000000,0.866025,0.500000,550.000000,68.050000
1.000000,0.447513,0.668099,0.643232,0.895027,-0.223006,0.386258,550.000000,52.569672
1.000000,-0.136514,0.189629,0.664897,-0.273029,-0.481003,0.833122,550.000000,113.387839
1.000000,0.487735,0.430687,0.375749,0.975471,-0.110065,0.190637,550.000000,25.945741
1.000000,-0.083829,0.396897,0.798327,-0.167658,-0.492923,0.853767,550.000000,116.197695
1.000000,0.358800,0.650754,0.777812,0.717600,-0.348228,0.603148,550.000000,82.088470
1.000000,0.363440,-0.071156,0.355422,0.726880,-0.343382,0.594756,550.000000,80.946268
1.000000,-0.038122,0.257335,0.724242,-0.076244,-0.498545,0.863505,550.000000,117.522972
1.000000,-0.284516,0.556275,0.795929,-0.569032,-0.411158,0.712146,550.000000,96.923067
1.000000,-0.335617,-0.144785,0.344367,-0.671234,-0.370623,0.641938,550.000000,87.367727
1.000000,0.270669,0.614759,0.840370,0.541337,-0.420403,0.728159,550.000000,99.102417
1.000000,-0.417437,0.882275,0.471855,-0.000000,0.866025,0.500000,550.000000,68.050000
1.000000,-0.382557,0.290751,0.539618,-0.765115,-0.321947,0.557629,550.000000,75.893270
1.000000,0.269079,0.304618,0.662487,0.538158,-0.421422,0.729924,550.000000,99.342694
1.000000,-0.016577,0.906828,0.429328,-0.000000,0.866025,0.500000,550.000000,68.050000
1.000000,-0.281134,0.626204,0.838981,-0.562269,-0.413477,0.716164,550.000000,97.469869
1.000000,-0.407676,0.249157,0.478117,-0.815351,-0.289483,0.501400,550.000000,68.240485
1.000000,0.302448,-0.018752,0.448920,0.604897,-0.398152,0.689619,550.000000,93.857201
1.000000,-0.041491,0.166018,0.671210,-0.082982,-0.498276,0.863039,550.000000,117.459542
1.000000,-0.183232,0.092121,0.590372,-0.366463,-0.465216,0.805778,550.000000,109.666410
1.000000,-0.426106,0.329273,0.492174,-0.852212,-0.261598,0.453101,550.000000,61.667104
1.000000,-0.395594,0.889557,0.459242,-0.000000,0.866025,0.500000,550.000000,68.050000
1.000000,-0.121078,0.203772,0.677815,-0.242156,-0.485119,0.840250,550.000000,114.358062
1.000000,-0.091175,0.235930,0.703884,-0.182351,-0.491617,0.851505,550.000000,115.889866
1.000000,-0.174305,-0.177561,0.438617,-0.348609,-0.468634,0.811698,550.000000,110.472102
1.000000,0.491809,0.237616,0.241261,0.983619,-0.090130,0.156110,550.000000,21.246552
1.000000,-0.026315,0.517075,0.875084,-0.052631,-0.499307,0.864825,550.000000,117.702701
1.000000,0.422180,0.932219,0.385350,-0.000000,0.866025,0.500000,550.000000,68.050000
1.000000,-0.081673,-0.064698,0.532242,-0.163346,-0.493284,0.854394,550.000000,116.282987
1.000000,-0.019444,0.279026,0.738009,-0.038887,-0.499622,0.865370,550.000000,117.776903
1.000000,-0.124050,0.475920,0.834071,-0.248101,-0.484367,0.838948,550.000000,114.180880
1.000000,-0.308818,0.614151,0.808645,-0.617637,-0.393232,0.681097,550.000000,92.697331
1.000000,-0.021685,0.688951,0.806702,-0.000000,0.866025,0.500000,550.000000,68.050000
1.000000,-0.040043,0.355746,0.780886,-0.080086,-0.498394,0.863244,550.000000,117.487465
1.000000,0.130859,1.085659,0.119583,-0.000000,0.866025,0.500000,550.000000,68.050000
1.000000,-0.279620,1.018994,0.235050,-0.000000,0.866025,0.500000,550.000000,68.050000
1.000000,0.258511,0.856962,0.515698,-0.000000,0.866025,0.500000,550.000000,68.050000
1.000000,0.268048,0.883448,0.469823,-0.000000,0.866025,0.500000,550.000000,68.050000
1.000000,-0.360860,0.255475,0.547132,-0.721721,-0.346092,0.599449,550.000000,81.585058
1.000000,-0.226812,-0.038807,0.492125,-0.453623,-0.445597,0.771796,550.000000,105.041471
1.000000,-0.142877,1.041804,0.195543,-0.000000,0.866025,0.500000,550.000000,68.050000
1.000000,-0.039603,0.398072,0.805363,-0.079207,-0.498429,0.863305,550.000000,117.495747
1.000000,-0.296062,0.243578,0.605886,-0.592124,-0.402924,0.697884,550.000000,94.982019
1.000000,-0.354822,0.608381,0.758027,-0.709644,-0.352280,0.610167,550.000000,83.043786
1.000000,-0.211753,0.910386,0.423164,-0.000000,0.866025,0.500000,550.000000,68.050000
1.000000,0.355584,0.730055,0.735507,-0.000000,0.866025,0.500000,550.000000,68.050000
1.000000,-0.459040,0.407952,0.464389,-0.918081,-0.198197,0.343287,550.000000,46.721341
1.000000,0.462306,0.616820,0.576040,0.924612,-0.190455,0.329878,550.000000,44.896432
1.000000,-0.003325,0.100492,0.635356,-0.006651,-0.499989,0.866006,550.000000,117.863451
1.000000,-0.025919,1.106178,0.084044,-0.000000,0.866025,0.500000,550.000000,68.050000
1.000000,-0.369516,0.031872,0.407346,-0.739031,-0.336836,0.583417,550.000000,79.402992
1.000000,-0.303992,0.688762,0.807028,-0.000000,0.866025,0.500000,550.000000,68.050000
1.000000,-0.281866,0.194998,0.589449,-0.563732,-0.412979,0.715300,550.000000,97.352388
1.000000,-0.228258,0.701862,0.784339,-0.000000,0.866025,0.500000,550.000000,68.050000
1.000000,0.368337,0.578850,0.724632,0.736673,-0.338124,0.585649,550.000000,79.706794
1.000000,-0.437200,0.214281,0.403849,-0.874400,-0.242603,0.420201,550.000000,57.189390
1.000000,-0.099167,0.108032,0.628253,-0.198333,-0.490067,0.848821,550.000000,115.524603
1.000000,-0.495933,0.425105,0.318920,-0.991867,-0.063640,0.110228,550.000000,15.002069
1.000000,0.490969,0.596840,0.453823,0.981938,-0.094602,0.163856,550.000000,22.300839
1.000000,-0.218929,1.053072,0.176026,-0.000000,0.866025,0.500000,550.000000,68.050000
1.000000,-0.116808,0.823162,0.574241,-0.000000,0.866025,0.500000,550.000000,68.050000
1.000000,0.326068,0.677767,0.826073,-0.000000,0.866025,0.500000,550.000000,68.050000
1.000000,-0.254315,0.894448,0.450771,-0.000000,0.866025,0.500000,550.000000,68.050000
1.000000,-0.355169,0.486042,0.686991,-0.710337,-0.351931,0.609562,550.000000,82.961390
1.000000,-0.098730,0.242631,0.706066,-0.197460,-0.490155,0.848974,550.000000,115.545379
1.000000,-0.121046,0.864912,0.501929,-0.000000,0.866025,0.500000,550.000000,68.050000
1.000000,0.368780,0.347728,0.590635,0.737560,-0.337641,0.584811,550.000000,79.592716
1.000000,0.423503,0.349990,0.508977,0.847006,-0.265792,0.460365,550.000000,62.655646
1.000000,0.381009,0.122181,0.444407,0.762019,-0.323777,0.560799,550.000000,76.324754
1.000000,-0.154470,0.036671,0.570279,-0.308939,-0.475541,0.823661,550.000000,112.100250
1.000000,-0.023079,0.716277,0.759372,-0.000000,0.866025,0.500000,550.000000,68.050000
1.000000,0.358160,0.407239,0.637978,0.716321,-0.348886,0.604288,550.000000,82.243534
1.000000,0.410254,0.645039,0.702447,0.820509,-0.285817,0.495050,550.000000,67.376263
1.000000,-0.136413,0.153502,0.644072,-0.272827,-0.481032,0.833171,550.000000,113.394596
1.000000,-0.054447,0.305307,0.750186,-0.108894,-0.497027,0.860875,550.000000,117.165153
1.000000,-0.273929,0.326979,0.671776,-0.547858,-0.418286,0.724492,550.000000,98.603383
1.000000,-0.426330,0.202337,0.418466,-0.852659,-0.261234,0.452470,550.000000,61.581152
1.000000,-0.372393,0.766116,0.673049,-0.000000,0.866025,0.500000,550.000000,68.050000
1.000000,-0.393734,-0.134008,0.278484,-0.787468,-0.308178,0.533780,550.000000,72.647471
1.000000,0.401170,0.333767,0.537301,0.802341,-0.298433,0.516901,550.000000,70.350236
1.000000,-0.256867,0.414695,0.734762,-0.513734,-0.428975,0.743006,550.000000,101.123117
1.000000,0.437704,0.880743,0.474509,-0.000000,0.866025,0.500000,550.000000,68.050000
1.000000,0.318973,0.959890,0.337422,-0.000000,0.866025,0.500000,550.000000,68.050000
1.000000,-0.031982,0.292716,0.745168,-0.063964,-0.498976,0.864252,550.000000,117.624696
1.000000,0.044440,1.096958,0.100013,-0.000000,0.866025,0.500000,550.000000,68.050000
1.000000,-0.130306,-0.240890,0.418321,-0.260613,-0.482722,0.836098,550.000000,113.793002
1.000000,-0.334961,0.680298,0.821414,-0.669921,-0.371216,0.642965,550.000000,87.507579
1.000000,-0.491130,0.638199,0.476731,-0.982260,-0.093762,0.162400,550.000000,22.102668
1.000000,0.293533,0.181511,0.572183,0.587065,-0.404770,0.701082,550.000000,95.417252
1.000000,-0.366006,0.893142,0.453032,-0.000000,0.866025,0.500000,550.000000,68.050000
1.000000,-0.125063,0.466644,0.828415,-0.250126,-0.484107,0.838497,550.000000,114.119472
1.000000,-0.387376,0.174476,0.465772,-0.774753,-0.316132,0.547557,550.000000,74.522520
1.000000,0.305816,0.191145,0.567124,0.611632,-0.395571,0.685149,550.000000,93.248794
1.000000,-0.164924,0.536870,0.855001,-0.329847,-0.472017,0.817558,550.000000,111.269610
1.000000,-0.215670,0.738119,0.721540,-0.000000,0.866025,0.500000,550.000000,68.050000
1.000000,-0.199710,0.352493,0.732808,-0.399420,-0.458384,0.793945,550.000000,108.055862
1.000000,-0.124628,0.995748,0.275314,-0.000000,0.866025,0.500000,550.000000,68.050000
1.000000,-0.464159,0.198846,0.329455,-0.928318,-0.185893,0.321977,550.000000,43.821051
1.000000,-0.381349,0.467284,0.643191,-0.762697,-0.323378,0.560107,550.000000,76.230554
1.000000,-0.324945,0.662821,0.821482,-0.649890,-0.380014,0.658204,550.000000,89.581503
1.000000,0.275571,1.056860,0.169465,-0.000000,0.866025,0.500000,550.000000,68.050000
1.000000,-0.220338,0.882940,0.470704,-0.000000,0.866025,0.500000,550.000000,68.050000
1.000000,-0.295173,0.865406,0.501073,-0.000000,0.866025,0.500000,550.000000,68.050000
1.000000,-0.316801,-0.090265,0.394557,-0.633602,-0.386829,0.670008,550.000000,91.188121
1.000000,0.310385,0.592534,0.794738,0.620771,-0.391996,0.678957,550.000000,92.406077
1.000000,0.292861,0.831209,0.560305,-0.000000,0.866025,0.500000,550.000000,68.050000
1.000000,-0.062946,-0.038604,0.550469,-0.125893,-0.496022,0.859135,550.000000,116.928300
1.000000,-0.213122,0.381482,0.742525,-0.426243,-0.452304,0.783414,550.000000,106.622659
1.000000,0.408437,-0.063472,0.296380,0.816873,-0.288409,0.499539,550.000000,67.987193
1.000000,0.376092,0.693699,0.780955,0.752183,-0.329477,0.570671,550.000000,77.668311
1.000000,0.298693,1.042822,0.193780,-0.000000,0.866025,0.500000,550.000000,68.050000
1.000000,0.456596,0.653644,0.612669,0.913192,-0.203765,0.352931,550.000000,48.033902
1.000000,-0.105373,0.888820,0.460518,-0.000000,0.866025,0.500000,550.000000,68.050000
1.000000,-0.137892,0.527492,0.859508,-0.275784,-0.480610,0.832441,550.000000,113.295173
1.000000,0.429135,0.573955,0.627669,0.858270,-0.256599,0.444443,550.000000,60.488742
1.000000,-0.186948,0.846070,0.534564,-0.000000,0.866025,0.500000,550.000000,68.050000
1.000000,-0.226411,-0.114889,0.448434,-0.452823,-0.445800,0.772149,550.000000,105.089429
1.000000,0.470910,0.038871,0.216500,0.941820,-0.168059,0.291086,550.000000,39.616851
1.000000,-0.140451,0.921946,0.403142,-0.000000,0.866025,0.500000,550.000000,68.050000
1.000000,-0.474766,0.512553,0.477019,-0.949533,-0.156834,0.271645,550.000000,36.970875
1.000000,-0.109526,0.355934,0.768827,-0.219053,-0.487856,0.844992,550.000000,115.003443
1.000000,-0.329227,0.809031,0.598717,-0.000000,0.866025,0.500000,550.000000,68.050000
1.000000,-0.421129,0.501657,0.600866,-0.842259,-0.269537,0.466851,550.000000,63.538457
1.000000,-0.071528,0.988313,0.288191,-0.000000,0.866025,0.500000,550.000000,68.050000
1.000000,-0.251587,-0.026622,0.483567,-0.503174,-0.432092,0.748406,550.000000,101.858068
1.000000,-0.120469,0.783961,0.642140,-0.000000,0.866025,0.500000,550.000000,68.050000
1.000000,-0.203984,0.397597,0.756671,-0.407968,-0.456498,0.790678,550.000000,107.611286
1.000000,-0.020577,0.547754,0.893107,-0.041154,-0.499576,0.865292,550.000000,117.766203
1.000000,-0.480846,0.611150,0.511117,-0.961693,-0.137065,0.237403,550.000000,32.310595
1.000000,0.477211,0.903756,0.434649,-0.000000,0.866025,0.500000,550.000000,68.050000
1.000000,-0.168440,-0.126295,0.470686,-0.336880,-0.470774,0.815404,550.000000,110.976494
1.000000,-0.421321,0.110215,0.374521,-0.842642,-0.269237,0.466333,550.000000,63.467895
1.000000,-0.137275,0.794297,0.624237,-0.000000,0.866025,0.500000,550.000000,68.050000
1.000000,0.266143,0.855173,0.518797,-0.000000,0.866025,0.500000,550.000000,68.050000
1.000000,0.349306,0.229737,0.545733,0.698613,-0.357750,0.619641,550.000000,84.333184
1.000000,-0.116575,0.175890,0.662989,-0.233150,-0.486220,0.842158,550.000000,114.617759
1.000000,-0.288880,-0.021225,0.458983,-0.577761,-0.408103,0.706855,550.000000,96.203024
1.000000,-0.156202,0.656949,0.862130,-0.000000,0.866025,0.500000,550.000000,68.050000
1.000000,-0.470787,0.779636,0.644579,-0.941573,-0.168404,0.291685,550.000000,39.698272
1.000000,0.345929,1.010108,0.250442,-0.000000,0.866025,0.500000,550.000000,68.050000
1.000000,-0.044490,0.555771,0.895934,-0.088980,-0.498017,0.862590,550.000000,117.398530
1.000000,0.264878,0.861178,0.508396,-0.000000,0.866025,0.500000,550.000000,68.050000
1.000000,0.379170,-0.156528,0.285980,0.758339,-0.325930,0.564527,550.000000,76.832179
1.000000,0.264689,0.486093,0.770462,0.529378,-0.424193,0.734724,550.000000,99.995914
1.000000,0.484324,0.259774,0.293417,0.968647,-0.124220,0.215155,550.000000,29.282579
1.000000,-0.113036,1.015231,0.241568,-0.000000,0.866025,0.500000,550.000000,68.050000
1.000000,-0.038258,0.445613,0.832933,-0.076517,-0.498534,0.863486,550.000000,117.520510
1.000000,0.341462,-0.077359,0.377085,0.682923,-0.365245,0.632623,550.000000,86.099979
1.000000,0.349956,0.312323,0.592681,0.699912,-0.357115,0.618541,550.000000,84.183404
1.000000,-0.466484,0.276150,0.367257,-0.932969,-0.179979,0.311732,550.000000,42.426780
1.000000,0.332586,0.391590,0.657187,0.665171,-0.373346,0.646653,550.000000,88.009530
1.000000,0.325640,0.087017,0.488354,0.651281,-0.379418,0.657172,550.000000,89.441093
1.000000,0.464711,0.385644,0.435704,0.929422,-0.184509,0.319579,550.000000,43.494673
1.000000,-0.277943,0.212748,0.602757,-0.555886,-0.415629,0.719891,550.000000,97.977185
1.000000,-0.189915,0.582037,0.870121,-0.379830,-0.462528,0.801122,550.000000,109.032748
1.000000,-0.301960,0.707462,0.774640,-0.000000,0.866025,0.500000,550.000000,68.050000
1.000000,-0.405374,0.613218,0.692021,-0.810747,-0.292698,0.506968,550.000000,68.998371
1.000000,-0.035179,0.830969,0.560719,-0.000000,0.866025,0.500000,550.000000,68.050000
1.000000,0.304335,0.648670,0.832593,0.608670,-0.396712,0.687125,550.000000,93.517658
1.000000,-0.078955,-0.001971,0.568969,-0.157911,-0.493727,0.855160,550.000000,116.387233
1.000000,-0.239344,0.704267,0.780174,-0.000000,0.866025,0.500000,550.000000,68.050000
1.000000,-0.406298,0.858432,0.513152,-0.000000,0.866025,0.500000,550.000000,68.050000
1.000000,-0.341709,0.789572,0.632422,-0.000000,0.866025,0.500000,550.000000,68.050000
1.000000,-0.330986,0.937018,0.377037,-0.000000,0.866025,0.500000,550.000000,68.050000
1.000000,0.281279,0.366757,0.689076,0.562558,-0.413379,0.715993,550.000000,97.446671
1.000000,-0.375347,0.495999,0.667791,-0.750694,-0.330325,0.572139,550.000000,77.868176
1.000000,0.268228,0.718935,0.754768,-0.000000,0.866025,0.500000,550.000000,68.050000
1.000000,-0.090903,0.025812,0.582631,-0.181806,-0.491667,0.851593,550.000000,115.901744
1.000000,0.422929,0.338351,0.503310,0.845858,-0.266704,0.461945,550.000000,62.870662
1.000000,-0.390544,0.948880,0.356491,-0.000000,0.866025,0.500000,550.000000,68.050000
1.000000,0.372649,0.237182,0.521875,0.745298,-0.333366,0.577407,550.000000,78.585029
1.000000,-0.230447,0.103710,0.572250,-0.460894,-0.443728,0.768559,550.000000,104.600853
1.000000,0.446286,0.468731,0.530952,0.892572,-0.225452,0.390495,550.000000,53.146390
1.000000,-0.456337,0.251631,0.381235,-0.912674,-0.204344,0.353934,550.000000,48.170423
1.000000,-0.245711,0.660415,0.856128,-0.000000,0.866025,0.500000,550.000000,68.050000
1.000000,-0.453636,0.243089,0.383149,-0.907272,-0.210272,0.364202,550.000000,49.567927
1.000000,-0.404741,0.906446,0.429990,-0.000000,0.866025,0.500000,550.000000,68.050000
1.000000,-0.327517,0.831939,0.559040,-0.000000,0.866025,0.500000,550.000000,68.050000
1.000000,-0.429226,-0.086011,0.246460,-0.858453,-0.256446,0.444178,550.000000,60.452648
1.000000,-0.221587,-0.022691,0.504456,-0.443174,-0.448218,0.776336,550.000000,105.659316
1.000000,0.288437,0.308622,0.649782,0.576873,-0.408417,0.707399,550.000000,96.276962
1.000000,-0.138858,0.929679,0.389750,-0.000000,0.866025,0.500000,550.000000,68.050000
1.000000,0.293448,0.690866,0.803385,-0.000000,0.866025,0.500000,550.000000,68.050000
1.000000,0.300951,0.300649,0.634635,0.601901,-0.399285,0.691582,550.000000,94.124366
1.000000,-0.227347,-0.072906,0.472123,-0.454693,-0.445324,0.771324,550.000000,104.977173
1.000000,-0.193717,0.925455,0.397064,-0.000000,0.866025,0.500000,550.000000,68.050000
1.000000,-0.105419,-0.051045,0.534901,-0.210839,-0.488760,0.846558,550.000000,115.216524
1.000000,0.289391,0.404798,0.704530,0.578781,-0.407741,0.706229,550.000000,96.117764
1.000000,-0.199653,1.089982,0.112095,-0.000000,0.866025,0.500000,550.000000,68.050000
1.000000,-0.153253,-0.103761,0.489655,-0.306507,-0.475934,0.824342,550.000000,112.192977
1.000000,-0.067307,0.898147,0.444363,-0.000000,0.866025,0.500000,550.000000,68.050000
1.000000,0.259028,-0.059230,0.459638,0.518057,-0.427673,0.740752,550.000000,100.816301
1.000000,-0.470685,0.297595,0.366601,-0.941370,-0.168688,0.292176,550.000000,39.765178
1.000000,0.482452,-0.001171,0.150939,0.964903,-0.131303,0.227423,550.000000,30.952223
1.000000,-0.084342,-0.010753,0.562868,-0.168684,-0.492835,0.853615,550.000000,116.177052
1.000000,0.340156,0.016071,0.432432,0.680312,-0.366461,0.634729,550.000000,86.386651
1.000000,-0.397881,0.770305,0.665792,-0.000000,0.866025,0.500000,550.000000,68.050000
1.000000,-0.182066,0.789463,0.632610,-0.000000,0.866025,0.500000,550.000000,68.050000
1.000000,-0.189138,-0.075718,0.490733,-0.378276,-0.462847,0.801674,550.000000,109.107786
1.000000,0.431139,0.828210,0.565498,-0.000000,0.866025,0.500000,550.000000,68.050000
1.000000,-0.414582,-0.095178,0.267791,-0.829163,-0.279503,0.484114,550.000000,65.887920
1.000000,-0.308723,-0.167570,0.357405,-0.617445,-0.393307,0.681228,550.000000,92.715089
1.000000,-0.102855,0.769201,0.667705,-0.000000,0.866025,0.500000,550.000000,68.050000
1.000000,0.462945,0.227084,0.349226,0.925890,-0.188897,0.327179,550.000000,44.529057
1.000000,-0.374650,-0.078682,0.336912,-0.749300,-0.331115,0.573508,550.000000,78.054501
1.000000,-0.056760,0.273564,0.731560,-0.113521,-0.496768,0.860427,550.000000,117.104127
1.000000,-0.353299,0.296725,0.579856,-0.706597,-0.353808,0.612813,550.000000,83.403914
1.000000,0.021663,1.107948,0.080978,-0.000000,0.866025,0.500000,550.000000,68.050000
1.000000,-0.335397,0.437859,0.680987,-0.670793,-0.370822,0.642283,550.000000,87.414713
1.000000,-0.329940,0.757679,0.687662,-0.000000,0.866025,0.500000,550.000000,68.050000
1.000000,-0.079319,-0.004154,0.567641,-0.158637,-0.493668,0.855059,550.000000,116.373511
1.000000,-0.069713,-0.242888,0.431480,-0.139427,-0.495116,0.857566,550.000000,116.714789
1.000000,-0.284231,0.734167,0.728385,-0.000000,0.866025,0.500000,550.000000,68.050000
1.000000,0.378654,0.249985,0.521372,0.757308,-0.326529,0.565564,550.000000,76.973300
1.000000,-0.472817,0.334040,0.380632,-0.945634,-0.162617,0.281661,550.000000,38.334002
1.000000,-0.147034,1.078546,0.131903,-0.000000,0.866025,0.500000,550.000000,68.050000
1.000000,-0.489006,0.740254,0.547793,-0.978011,-0.104276,0.180611,550.000000,24.581209
1.000000,0.468411,0.451314,0.462526,0.936823,-0.174902,0.302939,550.000000,41.230023
1.000000,0.300217,0.199542,0.576898,0.600434,-0.399837,0.692539,550.000000,94.254496
1.000000,0.435657,0.474302,0.557159,0.871314,-0.245363,0.424981,550.000000,57.839973
1.000000,-0.236999,0.075695,0.552074,-0.473999,-0.440263,0.762558,550.000000,103.784087
1.000000,-0.128150,0.033196,0.577231,-0.256299,-0.483299,0.837098,550.000000,113.929033
1.000000,-0.484500,0.894780,0.450195,-0.000000,0.866025,0.500000,550.000000,68.050000
1.000000,0.452559,0.679429,0.637735,0.905119,-0.212580,0.368199,550.000000,50.111847
1.000000,0.468015,0.611675,0.556332,0.936030,-0.175960,0.304772,550.000000,41.479426
1.000000,-0.073877,0.335134,0.764503,-0.147753,-0.494512,0.856520,550.000000,116.572390
1.000000,-0.112615,0.881436,0.473308,-0.000000,0.866025,0.500000,550.000000,68.050000
1.000000,-0.387580,0.628289,0.727492,-0.775160,-0.315882,0.547124,550.000000,74.463629
1.000000,-0.330257,0.264688,0.586300,-0.660514,-0.375407,0.650224,550.000000,88.495447
1.000000,-0.076939,0.294440,0.740469,-0.153877,-0.494045,0.855711,550.000000,116.462270
1.000000,0.409230,0.341839,0.529085,0.818460,-0.287282,0.497587,550.000000,67.721589
1.000000,0.355201,0.521643,0.707508,0.710402,-0.351898,0.609505,550.000000,82.953639
1.000000,0.262208,0.693404,0.798989,-0.000000,0.866025,0.500000,550.000000,68.050000
1.000000,-0.032112,0.831879,0.559143,-0.000000,0.866025,0.500000,550.000000,68.050000
1.000000,-0.004010,-0.153289,0.488830,-0.008021,-0.499984,0.865998,550.000000,117.862266
1.000000,-0.387712,0.453486,0.626382,-0.775425,-0.315720,0.546843,550.000000,74.425339
1.000000,-0.361194,0.331388,0.590557,-0.722389,-0.345744,0.598845,550.000000,81.502849
1.000000,0.394323,0.884305,0.468339,-0.000000,0.866025,0.500000,550.000000,68.050000
1.000000,-0.104776,0.914414,0.416189,-0.000000,0.866025,0.500000,550.000000,68.050000
1.000000,-0.424059,-0.003594,0.303810,-0.848118,-0.264904,0.458827,550.000000,62.446378
1.000000,-0.394963,0.557371,0.675831,-0.789926,-0.306601,0.531049,550.000000,72.275728
1.000000,-0.482743,0.127185,0.223806,-0.965485,-0.130229,0.225563,550.000000,30.699156
1.000000,0.265804,0.083350,0.537132,0.531608,-0.423495,0.733515,550.000000,99.831410
1.000000,-0.429545,0.563061,0.620586,-0.859089,-0.255913,0.443254,550.000000,60.326927
1.000000,0.341138,0.832483,0.558096,-0.000000,0.866025,0.500000,550.000000,68.050000
1.000000,0.456674,0.316650,0.417903,0.913348,-0.203590,0.352628,550.000000,47.992723
1.000000,-0.324001,0.795449,0.622242,-0.000000,0.866025,0.500000,550.000000,68.050000
1.000000,-0.489181,0.597929,0.464670,-0.978361,-0.103452,0.179184,550.000000,24.386898
1.000000,0.391895,0.544226,0.672758,0.783791,-0.310513,0.537824,550.000000,73.197789
1.000000,-0.308368,0.185699,0.561686,-0.616736,-0.393585,0.681710,550.000000,92.780672
1.000000,-0.212668,0.135597,0.600809,-0.425336,-0.452518,0.783784,550.000000,106.672967
1.000000,0.377151,0.095141,0.433975,0.754303,-0.328263,0.568569,550.000000,77.382206
1.000000,-0.404310,0.330107,0.530261,-0.808620,-0.294166,0.509510,550.000000,69.344323
1.000000,0.424657,0.094359,0.359255,0.849313,-0.263945,0.457166,550.000000,62.220257
1.000000,-0.362098,0.053535,0.429046,-0.724195,-0.344797,0.597207,550.000000,81.279814
1.000000,-0.227155,0.998554,0.270454,-0.000000,0.866025,0.500000,550.000000,68.050000
1.000000,-0.098727,1.011435,0.248143,-0.000000,0.866025,0.500000,550.000000,68.050000
1.000000,-0.092972,0.997137,0.272908,-0.000000,0.866025,0.500000,550.000000,68.050000
1.000000,0.377219,0.482015,0.657248,0.754437,-0.328186,0.568435,550.000000,77.363995
1.000000,-0.282322,0.143499,0.559356,-0.564643,-0.412667,0.714761,550.000000,97.278974
1.000000,0.034326,1.059169,0.165465,-0.000000,0.866025,0.500000,550.000000,68.050000
1.000000,-0.004551,0.580588,0.912529,-0.009101,-0.499979,0.865990,550.000000,117.861176
1.000000,-0.480022,0.091184,0.214215,-0.960045,-0.139923,0.242354,550.000000,32.984383
1.000000,-0.218031,0.148840,0.605500,-0.436063,-0.449958,0.779350,550.000000,106.069580
1.000000,0.252451,0.744688,0.710162,-0.000000,0.866025,0.500000,550.000000,68.050000
1.000000,-0.181233,0.309065,0.716527,-0.362465,-0.465999,0.807133,550.000000,109.850837
1.000000,-0.131456,0.830359,0.561775,-0.000000,0.866025,0.500000,550.000000,68.050000
1.000000,0.425683,-0.041545,0.278877,0.851365,-0.262286,0.454294,550.000000,61.829349
1.000000,-0.237635,0.581379,0.843636,-0.475269,-0.439920,0.761964,550.000000,103.703321
1.000000,0.151856,1.065077,0.155233,-0.000000,0.866025,0.500000,550.000000,68.050000
1.000000,-0.201930,1.012562,0.246191,-0.000000,0.866025,0.500000,550.000000,68.050000
1.000000,0.334706,0.656407,0.807885,0.669413,-0.371445,0.643362,550.000000,87.561573
1.000000,0.316828,0.620354,0.804808,0.633657,-0.386807,0.669970,550.000000,91.182877
1.000000,-0.125652,-0.182520,0.453444,-0.251304,-0.483954,0.838233,550.000000,114.083530
1.000000,0.409564,0.286556,0.496619,0.819127,-0.286806,0.496763,550.000000,67.609396
1.000000,-0.001710,0.654479,0.866409,-0.000000,0.866025,0.500000,550.000000,68.050000
1.000000,0.498703,0.262092,0.192885,0.997405,-0.035997,0.062349,550.000000,8.485710
1.000000,0.493394,0.372971,0.308873,0.986789,-0.081006,0.140307,550.000000,19.095796
1.000000,0.496984,0.463867,0.331135,0.993967,-0.054838,0.094982,550.000000,12.926996
1.000000,-0.379521,0.697483,0.778571,-0.759042,-0.325521,0.563819,550.000000,76.735739
1.000000,0.478784,0.044158,0.191890,0.957569,-0.144103,0.249593,550.000000,33.969666
1.000000,-0.164766,0.246099,0.687187,-0.329533,-0.472072,0.817653,550.000000,111.282552
1.000000,0.273451,0.519793,0.783458,0.546903,-0.418598,0.725033,550.000000,98.677020
1.000000,-0.056920,-0.240828,0.434555,-0.113839,-0.496750,0.860396,550.000000,117.099830
1.000000,-0.151758,0.505599,0.842022,-0.303515,-0.476413,0.825172,550.000000,112.305911
1.000000,-0.129937,-0.196397,0.444124,-0.259874,-0.482821,0.836271,550.000000,113.816478
1.000000,-0.009958,0.260476,0.727622,-0.019916,-0.499901,0.865854,550.000000,117.842681
1.000000,0.272505,0.229003,0.616283,0.545010,-0.419215,0.726101,550.000000,98.822376
1.000000,0.434037,0.487422,0.568030,0.868074,-0.248217,0.429925,550.000000,58.512765
1.000000,-0.115061,0.541146,0.874286,-0.230122,-0.486581,0.842783,550.000000,114.702732
1.000000,-0.127300,0.440600,0.812705,-0.254599,-0.483523,0.837487,550.000000,113.981978
1.000000,0.443509,0.478897,0.543073,0.887019,-0.230866,0.399872,550.000000,54.422640
1.000000,-0.377895,0.196137,0.491297,-0.755790,-0.327407,0.567086,550.000000,77.180382
1.000000,-0.418736,0.566491,0.642574,-0.837472,-0.273240,0.473265,550.000000,64.411389
1.000000,-0.109073,0.915650,0.414047,-0.000000,0.866025,0.500000,550.000000,68.050000
1.000000,-0.144507,0.948540,0.357080,-0.000000,0.866025,0.500000,550.000000,68.050000
1.000000,-0.011699,0.765716,0.673741,-0.000000,0.866025,0.500000,550.000000,68.050000
1.000000,-0.000673,0.080697,0.623940,-0.001347,-0.500000,0.866025,550.000000,117.865951
1.000000,-0.168383,0.416412,0.784042,-0.336765,-0.470794,0.815440,550.000000,110.981338
1.000000,0.417854,0.790227,0.631287,-0.000000,0.866025,0.500000,550.000000,68.050000
1.000000,0.327672,-0.175045,0.335029,0.655343,-0.377666,0.654136,550.000000,89.027895
1.000000,0.434700,0.803228,0.608768,-0.000000,0.866025,0.500000,550.000000,68.050000
1.000000,-0.387056,0.750798,0.699580,-0.000000,0.866025,0.500000,550.000000,68.050000
1.000000,0.265445,-0.048518,0.461258,0.530891,-0.423720,0.733905,550.000000,99.884431
1.000000,0.470439,0.717854,0.610027,0.940878,-0.169372,0.293362,550.000000,39.926535
1.000000,0.483303,0.812304,0.593048,-0.000000,0.866025,0.500000,550.000000,68.050000
1.000000,0.310642,0.493779,0.737487,0.621284,-0.391793,0.678605,550.000000,92.358177
1.000000,-0.301092,0.400304,0.692047,-0.602185,-0.399178,0.691397,550.000000,94.099165
1.000000,-0.229094,0.009307,0.518554,-0.458189,-0.444427,0.769771,550.000000,104.765819
1.000000,0.497646,0.335505,0.249663,0.995292,-0.048462,0.083939,550.000000,11.424074
1.000000,-0.235067,0.287870,0.675768,-0.470135,-0.441297,0.764349,550.000000,104.027939
1.000000,-0.251327,-0.072054,0.457512,-0.502654,-0.432244,0.748668,550.000000,101.893748
1.000000,-0.122487,0.488089,0.841557,-0.244974,-0.484765,0.839637,550.000000,114.274625
1.000000,0.328599,-0.076198,0.391167,0.657198,-0.376859,0.652739,550.000000,88.837795
1.000000,-0.061934,0.096024,0.628343,-0.123869,-0.496149,0.859356,550.000000,116.958323
1.000000,-0.198844,0.421807,0.773261,-0.397689,-0.458760,0.794596,550.000000,108.144511
1.000000,-0.214388,0.640527,0.890574,-0.000000,0.866025,0.500000,550.000000,68.050000
1.000000,-0.099783,0.336231,0.759860,-0.199565,-0.489942,0.848605,550.000000,115.495133
1.000000,-0.113849,0.432677,0.811990,-0.227698,-0.486866,0.843277,550.000000,114.769933
1.000000,-0.493411,-0.034293,0.073625,-0.986821,-0.080908,0.140136,550.000000,19.072512
1.000000,0.498109,0.228110,0.181863,0.996218,-0.043443,0.075245,550.000000,10.240830
1.000000,-0.097949,0.236959,0.702972,-0.195898,-0.490312,0.849245,550.000000,115.582310
1.000000,-0.137783,0.800191,0.614029,-0.000000,0.866025,0.500000,550.000000,68.050000
1.000000,-0.101138,-0.108561,0.502738,-0.202276,-0.489664,0.848123,550.000000,115.429593
1.000000,-0.297829,0.439004,0.717209,-0.595657,-0.401619,0.695625,550.000000,94.674572
1.000000,0.464239,0.185783,0.321681,0.928479,-0.185693,0.321629,550.000000,43.773724
1.000000,-0.312105,0.972773,0.315107,-0.000000,0.866025,0.500000,550.000000,68.050000
1.000000,-0.314232,0.902362,0.437064,-0.000000,0.866025,0.500000,550.000000,68.050000
1.000000,-0.074057,0.855234,0.518691,-0.000000,0.866025,0.500000,550.000000,68.050000
1.000000,0.334703,-0.033275,0.409700,0.669406,-0.371449,0.643368,550.000000,87.562345
1.000000,-0.243399,0.843022,0.539843,-0.000000,0.866025,0.500000,550.000000,68.050000
1.000000,0.258294,0.012987,0.501844,0.516589,-0.428117,0.741520,550.000000,100.920877
1.000000,-0.394678,-0.100399,0.296491,-0.789356,-0.306968,0.531684,550.000000,72.362173
1.000000,-0.358226,1.029577,0.216720,-0.000000,0.866025,0.500000,550.000000,68.050000
1.000000,0.311480,0.292487,0.620502,0.622959,-0.391127,0.677452,550.000000,92.201210
1.000000,0.418503,0.924512,0.398698,-0.000000,0.866025,0.500000,550.000000,68.050000
1.000000,-0.303878,0.707736,0.774166,-0.000000,0.866025,0.500000,550.000000,68.050000
1.000000,0.267430,0.281257,0.650210,0.534861,-0.422470,0.731740,550.000000,99.589766
1.000000,-0.082634,1.055905,0.171119,-0.000000,0.866025,0.500000,550.000000,68.050000
1.000000,-0.100438,-0.227601,0.434176,-0.200875,-0.489808,0.848373,550.000000,115.463568
1.000000,-0.336159,0.525727,0.730919,-0.672319,-0.370131,0.641085,550.000000,87.251734
1.000000,-0.344901,-0.136652,0.339104,-0.689802,-0.361999,0.627000,550.000000,85.334744
1.000000,-0.049478,0.221700,0.702515,-0.098956,-0.497546,0.861775,550.000000,117.287548
1.000000,0.355386,0.339035,0.601863,0.710772,-0.351711,0.609181,550.000000,82.909573
1.000000,-0.338963,0.020879,0.436483,-0.677925,-0.367565,0.636642,550.000000,86.646982
1.000000,-0.112354,1.082615,0.124855,-0.000000,0.866025,0.500000,550.000000,68.050000
1.000000,-0.412675,-0.010058,0.320178,-0.825349,-0.282311,0.488977,550.000000,66.549792
1.000000,-0.474365,0.410140,0.419288,-0.948730,-0.158044,0.273740,550.000000,37.256063
1.000000,-0.217071,0.833885,0.555668,-0.000000,0.866025,0.500000,550.000000,68.050000
1.000000,-0.145318,0.582983,0.889013,-0.290637,-0.478417,0.828642,550.000000,112.778193
1.000000,0.371828,0.962932,0.332153,-0.000000,0.866025,0.500000,550.000000,68.050000
1.000000,0.163003,1.045570,0.189019,-0.000000,0.866025,0.500000,550.000000,68.050000
1.000000,-0.203375,0.187383,0.635618,-0.406751,-0.456770,0.791148,550.000000,107.675272
1.000000,-0.401585,0.451859,0.604837,-0.803171,-0.297874,0.515934,550.000000,70.218563
1.000000,-0.058583,0.033819,0.592899,-0.117166,-0.496556,0.860061,550.000000,117.054242
1.000000,-0.392073,0.440741,0.612752,-0.784146,-0.310288,0.537435,550.000000,73.144859
1.000000,-0.057029,0.402139,0.805758,-0.114057,-0.496737,0.860374,550.000000,117.096882
1.000000,0.440980,-0.034861,0.251992,0.881961,-0.235661,0.408178,550.000000,55.552968
1.000000,-0.213518,1.055833,0.171244,-0.000000,0.866025,0.500000,550.000000,68.050000
1.000000,-0.167759,0.881118,0.473860,-0.000000,0.866025,0.500000,550.000000,68.050000
1.000000,-0.382864,0.375534,0.588146,-0.765728,-0.321582,0.556997,550.000000,75.807309
1.000000,-0.347542,0.552854,0.734264,-0.695084,-0.359464,0.622611,550.000000,84.737291
1.000000,-0.058647,0.544761,0.887883,-0.117293,-0.496549,0.860047,550.000000,117.052464
1.000000,-0.354233,0.894020,0.451512,-0.000000,0.866025,0.500000,550.000000,68.050000
1.000000,-0.066452,0.577113,0.905425,-0.132904,-0.495564,0.858343,550.000000,116.820454
1.000000,-0.299414,0.157102,0.553090,-0.598827,-0.400439,0.693581,550.000000,94.396351
1.000000,-0.370152,0.936325,0.378238,-0.000000,0.866025,0.500000,550.000000,68.050000
1.000000,-0.407611,0.868761,0.495261,-0.000000,0.866025,0.500000,550.000000,68.050000
1.000000,0.434783,0.137512,0.364497,0.869567,-0.246908,0.427657,550.000000,58.204080
1.000000,0.339121,0.416135,0.664515,0.678242,-0.367419,0.636389,550.000000,86.612483
1.000000,0.464152,0.272265,0.371862,0.928305,-0.185910,0.322005,550.000000,43.824947
1.000000,-0.022707,0.417353,0.817713,-0.045414,-0.499484,0.865132,550.000000,117.744448
1.000000,-0.367964,0.787321,0.636320,-0.000000,0.866025,0.500000,550.000000,68.050000
1.000000,0.339902,1.021219,0.231198,-0.000000,0.866025,0.500000,550.000000,68.050000
1.000000,0.345685,0.326807,0.605818,0.691370,-0.361251,0.625704,550.000000,85.158347
1.000000,-0.210350,0.668616,0.841923,-0.000000,0.866025,0.500000,550.000000,68.050000
1.000000,-0.241913,0.976089,0.309365,-0.000000,0.866025,0.500000,550.000000,68.050000
1.000000,-0.206212,0.946782,0.360126,-0.000000,0.866025,0.500000,550.000000,68.050000
1.000000,0.358977,0.391770,0.628077,0.717954,-0.348046,0.602833,550.000000,82.045507
1.000000,-0.130749,-0.038483,0.535042,-0.261498,-0.482602,0.835891,550.000000,113.764778
1.000000,-0.098602,0.305014,0.742113,-0.197203,-0.490181,0.849019,550.000000,115.551481
1.000000,-0.136233,-0.040820,0.531939,-0.272466,-0.481083,0.833260,550.000000,113.406654
1.000000,0.190225,1.055521,0.171783,-0.000000,0.866025,0.500000,550.000000,68.050000
1.000000,0.367020,-0.134708,0.314309,0.734039,-0.339554,0.588124,550.000000,80.043700
1.000000,0.388261,0.637808,0.732022,0.776521,-0.315046,0.545675,550.000000,74.266383
1.000000,0.261199,0.321117,0.677705,0.522398,-0.426351,0.738461,550.000000,100.504610
1.000000,-0.109241,0.861639,0.507598,-0.000000,0.866025,0.500000,550.000000,68.050000
1.000000,-0.083884,0.371004,0.783367,-0.167767,-0.492913,0.853751,550.000000,116.195497
1.000000,-0.489165,0.534901,0.428367,-0.978330,-0.103526,0.179312,550.000000,24.404367
1.000000,0.257861,0.566923,0.821962,0.515722,-0.428378,0.741973,550.000000,100.982480
1.000000,0.264868,0.060505,0.524620,0.529736,-0.424081,0.734531,550.000000,99.969611
1.000000,-0.312140,0.329484,0.641254,-0.624280,-0.390600,0.676540,550.000000,92.077064
1.000000,-0.253080,0.633238,0.863530,-0.506159,-0.431220,0.746895,550.000000,101.652406
1.000000,0.450865,0.367440,0.461729,0.901731,-0.216149,0.374381,550.000000,50.953243
1.000000,0.450095,-0.060970,0.216234,0.900189,-0.217750,0.377153,550.000000,51.330575
1.000000,-0.181794,0.034555,0.557787,-0.363587,-0.465780,0.806755,550.000000,109.799333
1.000000,-0.325709,0.682586,0.817727,-0.000000,0.866025,0.500000,550.000000,68.050000
1.000000,-0.218960,1.026209,0.222555,-0.000000,0.866025,0.500000,550.000000,68.050000
1.000000,-0.096314,0.638966,0.893278,-0.000000,0.866025,0.500000,550.000000,68.050000
1.000000,0.318407,-0.147927,0.359742,0.636813,-0.385509,0.667721,550.000000,90.876862
1.000000,-0.225693,1.072406,0.142538,-0.000000,0.866025,0.500000,550.000000,68.050000
1.000000,0.280970,0.133745,0.554789,0.561940,-0.413589,0.716357,550.000000,97.496241
1.000000,-0.318560,0.873756,0.486611,-0.000000,0.866025,0.500000,550.000000,68.050000
1.000000,0.322911,0.560233,0.764251,0.645822,-0.381744,0.661200,550.000000,89.989337
1.000000,0.308331,-0.022610,0.441452,0.616663,-0.393614,0.681759,550.000000,92.787416
1.000000,0.340736,0.791021,0.629912,-0.000000,0.866025,0.500000,550.000000,68.050000
1.000000,-0.182942,0.431616,0.786511,-0.365885,-0.465330,0.805975,550.000000,109.693241
1.000000,-0.244309,0.416271,0.744071,-0.488617,-0.436249,0.755606,550.000000,102.837937
1.000000,-0.000957,0.461181,0.843612,-0.001913,-0.499999,0.866024,550.000000,117.865842
1.000000,0.451647,0.888636,0.460837,-0.000000,0.866025,0.500000,550.000000,68.050000
1.000000,0.373043,0.834208,0.555110,-0.000000,0.866025,0.500000,550.000000,68.050000
1.000000,-0.463377,0.145949,0.301155,-0.926755,-0.187833,0.325337,550.000000,44.278318
1.000000,0.469641,0.719193,0.613342,0.939282,-0.171573,0.297173,550.000000,40.445276
1.000000,-0.380299,0.919879,0.406723,-0.000000,0.866025,0.500000,550.000000,68.050000
1.000000,0.369151,0.783783,0.642449,-0.000000,0.866025,0.500000,550.000000,68.050000
1.000000,-0.274001,0.649144,0.857724,-0.548003,-0.418238,0.724410,550.000000,98.592203
1.000000,0.488043,0.817502,0.584044,-0.000000,0.866025,0.500000,550.000000,68.050000
1.000000,-0.278059,-0.120279,0.410395,-0.556118,-0.415552,0.719757,550.000000,97.958885
1.000000,-0.433473,0.378967,0.506548,-0.866947,-0.249200,0.431628,550.000000,58.744509
1.000000,-0.480961,0.379336,0.376814,-0.961922,-0.136663,0.236707,550.000000,32.215758
1.000000,-0.274107,0.636222,0.850183,-0.548214,-0.418169,0.724290,550.000000,98.575874
1.000000,0.304570,-0.044161,0.432378,0.609140,-0.396531,0.686812,550.000000,93.475132
1.000000,-0.494023,0.291623,0.257374,-0.988046,-0.077081,0.133508,550.000000,18.170388
1.000000,-0.233554,0.273774,0.668557,-0.467107,-0.442100,0.765740,550.000000,104.217238
1.000000,-0.256389,0.384270,0.717526,-0.512778,-0.429261,0.743501,550.000000,101.190538
1.000000,0.144219,1.073696,0.140303,-0.000000,0.866025,0.500000,550.000000,68.050000
1.000000,0.310510,0.433183,0.702622,0.621020,-0.391897,0.678786,550.000000,92.382750
1.000000,0.464393,0.707518,0.622460,0.928787,-0.185307,0.320962,550.000000,43.682918
1.000000,-0.478394,0.367280,0.379936,-0.956788,-0.145394,0.251830,550.000000,34.274023
1.000000,0.132011,1.097192,0.099608,-0.000000,0.866025,0.500000,550.000000,68.050000
1.000000,0.326363,0.934535,0.381338,-0.000000,0.866025,0.500000,550.000000,68.050000
1.000000,-0.398750,0.788916,0.633557,-0.000000,0.866025,0.500000,550.000000,68.050000
1.000000,0.336679,0.736542,0.724273,-0.000000,0.866025,0.500000,550.000000,68.050000
1.000000,-0.233521,0.599110,0.856410,-0.467042,-0.442118,0.765770,550.000000,104.221325
1.000000,-0.484037,0.521575,0.445853,-0.968074,-0.125333,0.217082,550.000000,29.544902
1.000000,-0.039126,0.849661,0.528345,-0.000000,0.866025,0.500000,550.000000,68.050000
1.000000,0.457766,0.620206,0.590311,0.915533,-0.201122,0.348353,550.000000,47.410811
1.000000,-0.416760,0.284804,0.483411,-0.833521,-0.276244,0.478469,550.000000,65.119611
1.000000,0.413617,0.605844,0.674172,0.827235,-0.280928,0.486582,550.000000,66.223836
1.000000,0.431481,-0.016056,0.282447,0.862963,-0.252634,0.437574,550.000000,59.553876
1.000000,-0.139563,0.044770,0.580251,-0.279125,-0.480127,0.831605,550.000000,113.181436
1.000000,-0.471538,0.705623,0.599406,-0.943076,-0.166289,0.288021,550.000000,39.199697
1.000000,0.025470,1.105139,0.085843,-0.000000,0.866025,0.500000,550.000000,68.050000
1.000000,-0.406291,0.736497,0.724350,-0.000000,0.866025,0.500000,550.000000,68.050000
1.000000,0.348900,0.222103,0.541783,0.697801,-0.358146,0.620327,550.000000,84.426485
1.000000,-0.301930,0.890642,0.457362,-0.000000,0.866025,0.500000,550.000000,68.050000
1.000000,0.284179,0.717003,0.758114,-0.000000,0.866025,0.500000,550.000000,68.050000
1.000000,0.295978,0.824743,0.571504,-0.000000,0.866025,0.500000,550.000000,68.050000
1.000000,-0.279579,0.117421,0.546451,-0.559159,-0.414530,0.717987,550.000000,97.718088
1.000000,-0.093601,0.333404,0.759634,-0.187202,-0.491161,0.850715,550.000000,115.782361
1.000000,0.420420,0.296774,0.483853,0.840840,-0.270642,0.468766,550.000000,63.798999
1.000000,-0.407411,0.368186,0.547270,-0.814821,-0.289856,0.502046,550.000000,68.328433
1.000000,0.477280,0.192490,0.283196,0.954560,-0.149010,0.258093,550.000000,35.126442
1.000000,-0.040311,-0.167983,0.478486,-0.080622,-0.498372,0.863206,550.000000,117.482376
1.000000,-0.364220,0.746643,0.706776,-0.000000,0.866025,0.500000,550.000000,68.050000
1.000000,-0.173556,0.722615,0.748395,-0.000000,0.866025,0.500000,550.000000,68.050000
1.000000,-0.094988,0.392421,0.793401,-0.189977,-0.490894,0.850254,550.000000,115.719556
1.000000,0.325252,0.742859,0.713331,-0.000000,0.866025,0.500000,550.000000,68.050000
1.000000,0.347049,-0.115281,0.349065,0.694099,-0.359940,0.623434,550.000000,84.849392
1.000000,-0.072361,0.779478,0.649904,-0.000000,0.866025,0.500000,550.000000,68.050000
1.000000,-0.442030,0.198050,0.384183,-0.884060,-0.233687,0.404757,550.000000,55.087463
1.000000,0.417906,0.773665,0.659973,-0.000000,0.866025,0.500000,550.000000,68.050000
1.000000,-0.025592,-0.193021,0.465153,-0.051183,-0.499345,0.864890,550.000000,117.711566
1.000000,-0.197411,0.100942,0.588724,-0.394821,-0.459379,0.795668,550.000000,108.290387
1.000000,-0.110031,-0.227150,0.432052,-0.220061,-0.487743,0.844796,550.000000,114.976696
1.000000,-0.264699,0.765108,0.674794,-0.000000,0.866025,0.500000,550.000000,68.050000
1.000000,-0.491282,0.426349,0.353494,-0.982565,-0.092961,0.161013,550.000000,21.913803
1.000000,0.275953,0.935404,0.379833,-0.000000,0.866025,0.500000,550.000000,68.050000
1.000000,-0.296893,0.474826,0.738691,-0.593785,-0.402312,0.696824,550.000000,94.837801
1.000000,-0.451489,0.904877,0.432708,-0.000000,0.866025,0.500000,550.000000,68.050000
1.000000,-0.067244,1.010991,0.248913,-0.000000,0.866025,0.500000,550.000000,68.050000
1.000000,0.378946,0.995068,0.276492,-0.000000,0.866025,0.500000,550.000000,68.050000
1.000000,0.253070,0.090335,0.550091,0.506140,-0.431226,0.746905,550.000000,101.653722
1.000000,-0.036560,-0.143675,0.492854,-0.073120,-0.498662,0.863707,550.000000,117.550546
1.000000,0.312488,0.255983,0.598497,0.624976,-0.390322,0.676058,550.000000,92.011433
1.000000,0.310739,0.827313,0.567053,-0.000000,0.866025,0.500000,550.000000,68.050000
1.000000,-0.358612,0.131471,0.478227,-0.717224,-0.348421,0.603484,550.000000,82.134124
1.000000,0.366027,-0.132241,0.316969,0.732053,-0.340624,0.589978,550.000000,80.295960
1.000000,0.367860,0.045821,0.417486,0.735720,-0.338643,0.586547,550.000000,79.828984
1.000000,-0.328648,-0.175841,0.333587,-0.657297,-0.376816,0.652664,550.000000,88.827599
1.000000,-0.114980,-0.093412,0.507946,-0.229960,-0.486600,0.842816,550.000000,114.707263
1.000000,-0.291488,0.546003,0.784326,-0.582976,-0.406245,0.703636,550.000000,95.764881
1.000000,-0.222583,0.179586,0.620671,-0.445167,-0.447724,0.775480,550.000000,105.542895
1.000000,-0.211803,-0.045068,0.496971,-0.423606,-0.452923,0.784486,550.000000,106.768553
1.000000,-0.478894,0.265437,0.319224,-0.957788,-0.143737,0.248960,550.000000,33.883428
1.000000,0.326394,0.406857,0.672265,0.652789,-0.378770,0.656049,550.000000,89.288238
1.000000,-0.482969,0.720880,0.565604,-0.965938,-0.129387,0.224105,550.000000,30.500735
1.000000,0.321612,0.785501,0.639472,-0.000000,0.866025,0.500000,550.000000,68.050000
1.000000,0.433352,-0.023453,0.274455,0.866704,-0.249411,0.431993,550.000000,58.794182
1.000000,-0.259109,0.854739,0.519549,-0.000000,0.866025,0.500000,550.000000,68.050000
1.000000,0.421943,0.590206,0.650518,0.843885,-0.268262,0.464643,550.000000,63.237964
1.000000,0.366711,0.894143,0.451299,-0.000000,0.866025,0.500000,550.000000,68.050000
1.000000,-0.009263,0.563449,0.902558,-0.018526,-0.499914,0.865877,550.000000,117.845828
1.000000,-0.260840,0.284458,0.656793,-0.521680,-0.426571,0.738842,550.000000,100.556424
1.000000,-0.488976,0.779190,0.570433,-0.977952,-0.104415,0.180851,550.000000,24.613859
1.000000,-0.071510,-0.178091,0.468594,-0.143020,-0.494860,0.857123,550.000000,116.654374
1.000000,0.449314,0.214581,0.377179,0.898628,-0.219356,0.379936,550.000000,51.709250
1.000000,-0.358238,0.461590,0.669266,-0.716476,-0.348806,0.604150,550.000000,82.224788
1.000000,0.494824,0.125147,0.155110,0.989648,-0.071756,0.124286,550.000000,16.915264
1.000000,-0.236042,-0.121704,0.438700,-0.472084,-0.440777,0.763448,550.000000,103.905237
1.000000,-0.301621,0.728164,0.738783,-0.000000,0.866025,0.500000,550.000000,68.050000
1.000000,-0.144061,0.228167,0.684599,-0.288123,-0.478797,0.829300,550.000000,112.867775
1.000000,-0.110573,0.893048,0.453195,-0.000000,0.866025,0.500000,550.000000,68.050000
1.000000,-0.394432,-0.130388,0.279541,-0.788864,-0.307284,0.532232,550.000000,72.436725
1.000000,0.273922,-0.021825,0.470400,0.547844,-0.418290,0.724500,550.000000,98.604456
1.000000,-0.137011,0.751283,0.698739,-0.000000,0.866025,0.500000,550.000000,68.050000
1.000000,-0.079445,0.012845,0.577432,-0.158891,-0.493648,0.855024,550.000000,116.368709
1.000000,0.351685,0.714858,0.761830,-0.000000,0.866025,0.500000,550.000000,68.050000
1.000000,-0.017777,-0.169524,0.479110,-0.035554,-0.499684,0.865478,550.000000,117.791539
1.000000,-0.358955,0.096264,0.457493,-0.717910,-0.348068,0.602872,550.000000,82.050847
1.000000,-0.029309,0.477114,0.851819,-0.058617,-0.499140,0.864536,550.000000,117.663390
1.000000,-0.089575,-0.035291,0.547635,-0.179151,-0.491911,0.852015,550.000000,115.959178
1.000000,-0.252055,0.343783,0.697105,-0.504111,-0.431819,0.747933,550.000000,101.793716
1.000000,-0.281377,0.725707,0.743038,-0.000000,0.866025,0.500000,550.000000,68.050000
1.000000,-0.167199,0.809007,0.598758,-0.000000,0.866025,0.500000,550.000000,68.050000
1.000000,-0.008013,0.997183,0.272828,-0.000000,0.866025,0.500000,550.000000,68.050000
1.000000,-0.365708,-0.081762,0.346508,-0.731416,-0.340966,0.590570,550.000000,80.376623
1.000000,-0.336350,-0.091242,0.374511,-0.672701,-0.369957,0.640785,550.000000,87.210836
1.000000,0.481979,0.092709,0.207134,0.963957,-0.133029,0.230413,550.000000,31.359209
1.000000,0.260143,0.074029,0.535793,0.520287,-0.426996,0.739578,550.000000,100.656627
1.000000,-0.201947,0.520258,0.828534,-0.403895,-0.457403,0.792245,550.000000,107.824506
1.000000,-0.032309,0.992427,0.281065,-0.000000,0.866025,0.500000,550.000000,68.050000
1.000000,0.251406,0.822462,0.575454,-0.000000,0.866025,0.500000,550.000000,68.050000
1.000000,-0.038794,-0.134371,0.498030,-0.077588,-0.498493,0.863415,550.000000,117.510751
1.000000,-0.132747,0.578373,0.890555,-0.265494,-0.482056,0.834946,550.000000,113.636151
1.000000,-0.004166,-0.028268,0.561009,-0.008331,-0.499983,0.865995,550.000000,117.861967
1.000000,0.476543,0.294874,0.345010,0.953086,-0.151350,0.262146,550.000000,35.678069
1.000000,-0.426975,0.906432,0.430014,-0.000000,0.866025,0.500000,550.000000,68.050000
1.000000,-0.390804,0.854734,0.519558,-0.000000,0.866025,0.500000,550.000000,68.050000
1.000000,0.379062,-0.161775,0.283096,0.758123,-0.326056,0.564745,550.000000,76.861788
1.000000,-0.099773,0.624527,0.918287,-0.000000,0.866025,0.500000,550.000000,68.050000
1.000000,-0.275615,0.298702,0.654170,-0.551231,-0.417176,0.722571,550.000000,98.341890
1.000000,0.253342,0.877214,0.480621,-0.000000,0.866025,0.500000,550.000000,68.050000
1.000000,0.486595,0.795453,0.592047,0.973190,-0.115002,0.199189,550.000000,27.109589
1.000000,-0.471599,0.924494,0.398729,-0.000000,0.866025,0.500000,550.000000,68.050000
1.000000,-0.368512,0.721975,0.749503,-0.000000,0.866025,0.500000,550.000000,68.050000
1.000000,0.397416,0.342030,0.547824,0.794832,-0.303415,0.525530,550.000000,71.524648
1.000000,0.428696,-0.039751,0.274192,0.857391,-0.257333,0.445713,550.000000,60.661573
1.000000,-0.491892,0.424781,0.348802,-0.983783,-0.089681,0.155331,550.000000,21.140614
1.000000,-0.093542,0.585447,0.905165,-0.187084,-0.491172,0.850735,550.000000,115.785013
1.000000,-0.334362,0.914283,0.416416,-0.000000,0.866025,0.500000,550.000000,68.050000
1.000000,-0.276559,1.038797,0.200751,-0.000000,0.866025,0.500000,550.000000,68.050000
1.000000,0.475763,0.878192,0.478926,-0.000000,0.866025,0.500000,550.000000,68.050000
1.000000,-0.136833,0.530393,0.861532,-0.273666,-0.480912,0.832965,550.000000,113.366503
1.000000,-0.421663,0.578056,0.644011,-0.843325,-0.268702,0.465405,550.000000,63.341615
1.000000,0.409477,0.394134,0.558870,0.818955,-0.286929,0.496975,550.000000,67.638365
1.000000,-0.257625,0.601640,0.842169,-0.515250,-0.428520,0.742218,550.000000,101.015930
1.000000,0.452890,0.837673,0.549107,-0.000000,0.866025,0.500000,550.000000,68.050000
1.000000,-0.233624,0.855224,0.518709,-0.000000,0.866025,0.500000,550.000000,68.050000
1.000000,-0.020501,-0.140766,0.495593,-0.041003,-0.499580,0.865297,550.000000,117.766937
1.000000,0.394177,0.454983,0.617884,0.788353,-0.307611,0.532798,550.000000,72.513863
1.000000,-0.102049,0.460582,0.831114,-0.204099,-0.489475,0.847796,550.000000,115.385011
1.000000,-0.249284,0.239907,0.638986,-0.498569,-0.433425,0.750714,550.000000,102.172213
1.000000,-0.012822,0.362154,0.786250,-0.025644,-0.499836,0.865741,550.000000,117.827295
1.000000,-0.497062,-0.016410,0.053025,-0.994124,-0.054126,0.093748,550.000000,12.759153
1.000000,-0.248259,-0.161247,0.408059,-0.496518,-0.434013,0.751733,550.000000,102.310827
1.000000,-0.075103,0.964358,0.329683,-0.000000,0.866025,0.500000,550.000000,68.050000
1.000000,-0.316444,1.027025,0.221141,-0.000000,0.866025,0.500000,550.000000,68.050000
1.000000,0.442223,0.085355,0.318697,0.884445,-0.233322,0.404125,550.000000,55.001474
1.000000,-0.356573,0.209443,0.525653,-0.713147,-0.350507,0.607096,550.000000,82.625823
1.000000,0.272593,0.910979,0.422138,-0.000000,0.866025,0.500000,550.000000,68.050000
1.000000,0.198185,1.087242,0.116842,-0.000000,0.866025,0.500000,550.000000,68.050000
1.000000,-0.084264,0.233399,0.703845,-0.168529,-0.492848,0.853638,550.000000,116.180186
1.000000,0.482812,-0.022041,0.137354,0.965623,-0.129973,0.225119,550.000000,30.638695
1.000000,0.318307,1.024011,0.226361,-0.000000,0.866025,0.500000,550.000000,68.050000
1.000000,0.408692,0.526924,0.636828,0.817384,-0.288047,0.498912,550.000000,67.901899
1.000000,-0.174072,0.995329,0.276040,-0.000000,0.866025,0.500000,550.000000,68.050000
1.000000,-0.080399,1.077592,0.133556,-0.000000,0.866025,0.500000,550.000000,68.050000
1.000000,-0.027557,1.002687,0.263296,-0.000000,0.866025,0.500000,550.000000,68.050000
1.000000,-0.198476,0.120727,0.599617,-0.396952,-0.458920,0.794872,550.000000,108.182120
1.000000,-0.466370,0.765092,0.649890,-0.932740,-0.180275,0.312245,550.000000,42.496566
1.000000,-0.037359,0.639134,0.892988,-0.000000,0.866025,0.500000,550.000000,68.050000
1.000000,-0.108757,0.533311,0.871434,-0.217514,-0.488029,0.845290,550.000000,115.044025
1.000000,-0.440097,0.026988,0.289601,-0.880194,-0.237307,0.411028,550.000000,55.940967
1.000000,-0.103561,0.365461,0.775829,-0.207123,-0.489157,0.847246,550.000000,115.310130
1.000000,-0.208694,0.898170,0.444324,-0.000000,0.866025,0.500000,550.000000,68.050000
1.000000,-0.321489,0.964775,0.328961,-0.000000,0.866025,0.500000,550.000000,68.050000
1.000000,-0.075203,0.387311,0.794397,-0.150407,-0.494312,0.856174,550.000000,116.525238
1.000000,-0.181644,0.116733,0.605300,-0.363288,-0.465838,0.806856,550.000000,109.813080
1.000000,-0.031995,0.910802,0.422444,-0.000000,0.866025,0.500000,550.000000,68.050000
1.000000,0.379010,0.909412,0.424852,-0.000000,0.866025,0.500000,550.000000,68.050000
1.000000,-0.002919,0.448982,0.836560,-0.005838,-0.499991,0.866011,550.000000,117.864049
1.000000,-0.247293,0.553582,0.821402,-0.494586,-0.434564,0.752687,550.000000,102.440747
1.000000,-0.199567,0.976415,0.308800,-0.000000,0.866025,0.500000,550.000000,68.050000
1.000000,-0.301878,1.063437,0.158073,-0.000000,0.866025,0.500000,550.000000,68.050000
1.000000,-0.027382,0.116424,0.643701,-0.054764,-0.499250,0.864726,550.000000,117.689180
1.000000,-0.116845,0.171726,0.660510,-0.233690,-0.486156,0.842046,550.000000,114.602481
1.000000,-0.285714,0.799854,0.614612,-0.000000,0.866025,0.500000,550.000000,68.050000
1.000000,0.274506,0.441076,0.737213,0.549013,-0.417907,0.723836,550.000000,98.514116
1.000000,-0.157489,0.364784,0.758571,-0.314979,-0.474549,0.821944,550.000000,111.866530
1.000000,0.484216,0.833305,0.556673,-0.000000,0.866025,0.500000,550.000000,68.050000
1.000000,-0.477393,0.349038,0.373158,-0.954787,-0.148646,0.257462,550.000000,35.040543
1.000000,0.309647,0.925899,0.396295,-0.000000,0.866025,0.500000,550.000000,68.050000
1.000000,-0.409259,0.792749,0.626919,-0.000000,0.866025,0.500000,550.000000,68.050000
1.000000,-0.410207,-0.050179,0.301141,-0.820413,-0.285885,0.495168,550.000000,67.392387
1.000000,0.339876,0.647578,0.797332,0.679753,-0.366721,0.635179,550.000000,86.447861
1.000000,-0.220666,0.774065,0.659281,-0.000000,0.866025,0.500000,550.000000,68.050000
1.000000,-0.452444,-0.021124,0.233553,-0.904888,-0.212825,0.368624,550.000000,50.169765
1.000000,0.494483,0.892591,0.453987,-0.000000,0.866025,0.500000,550.000000,68.050000
1.000000,-0.244358,0.601540,0.851005,-0.488716,-0.436222,0.755558,550.000000,102.831439
1.000000,-0.016798,0.718413,0.755672,-0.000000,0.866025,0.500000,550.000000,68.050000
1.000000,0.426854,0.619261,0.658186,0.853709,-0.260375,0.450983,550.000000,61.378836
1.000000,0.282884,0.854408,0.520121,-0.000000,0.866025,0.500000,550.000000,68.050000
1.000000,-0.149101,-0.094172,0.496712,-0.298201,-0.477252,0.826624,550.000000,112.503511
1.000000,-0.297688,-0.070007,0.423452,-0.595377,-0.401723,0.695805,550.000000,94.699069
1.000000,-0.199075,-0.003481,0.527605,-0.398150,-0.458660,0.794423,550.000000,108.120930
1.000000,-0.047038,0.183339,0.680640,-0.094077,-0.497782,0.862185,550.000000,117.343316
1.000000,0.317935,0.332468,0.637547,0.635869,-0.385898,0.668396,550.000000,90.968656
1.000000,-0.433381,0.600294,0.634517,-0.866762,-0.249361,0.431906,550.000000,58.782419
1.000000,-0.045714,-0.227664,0.443490,-0.091428,-0.497906,0.862398,550.000000,117.372395
1.000000,0.048811,1.088254,0.115089,-0.000000,0.866025,0.500000,550.000000,68.050000
1.000000,0.414008,0.093100,0.377475,0.828015,-0.280353,0.485585,550.000000,66.088118
1.000000,-0.294447,0.527848,0.771374,-0.588895,-0.404105,0.699930,550.000000,95.260516
1.000000,-0.037017,0.235472,0.711715,-0.074034,-0.498628,0.863649,550.000000,117.542598
1.000000,0.258469,0.715032,0.761528,-0.000000,0.866025,0.500000,550.000000,68.050000
1.000000,-0.090364,-0.042048,0.543567,-0.180727,-0.491767,0.851765,550.000000,115.925191
1.000000,-0.098802,0.613904,0.920404,-0.197604,-0.490141,0.848949,550.000000,115.541969
1.000000,-0.026688,0.673656,0.833194,-0.000000,0.866025,0.500000,550.000000,68.050000
1.000000,-0.269487,0.274386,0.644731,-0.538975,-0.421161,0.729472,550.000000,99.281148
1.000000,0.328651,0.958748,0.339400,-0.000000,0.866025,0.500000,550.000000,68.050000
1.000000,-0.053967,0.886652,0.464273,-0.000000,0.866025,0.500000,550.000000,68.050000
1.000000,-0.081766,0.625304,0.916942,-0.000000,0.866025,0.500000,550.000000,68.050000
1.000000,0.427892,0.438309,0.551740,0.855785,-0.258666,0.448023,550.000000,60.975921
1.000000,0.434365,0.346450,0.485976,0.868730,-0.247643,0.428930,550.000000,58.377318
1.000000,-0.105665,0.055009,0.596070,-0.211329,-0.488707,0.846466,550.000000,115.204048
1.000000,-0.209398,0.866223,0.499658,-0.000000,0.866025,0.500000,550.000000,68.050000
1.000000,-0.006049,0.765428,0.674239,-0.000000,0.866025,0.500000,550.000000,68.050000
1.000000,0.427540,0.654029,0.676958,0.855080,-0.259248,0.449031,550.000000,61.113122
1.000000,0.132917,1.017359,0.237883,-0.000000,0.866025,0.500000,550.000000,68.050000
1.000000,0.296835,-0.062328,0.428613,0.593671,-0.402354,0.696898,550.000000,94.847781
1.000000,-0.415013,0.343089,0.520084,-0.830027,-0.278862,0.483003,550.000000,65.736711
1.000000,-0.123815,0.044268,0.584927,-0.247631,-0.484427,0.839053,550.000000,114.195052
1.000000,-0.180094,-0.080808,0.491944,-0.360189,-0.466440,0.807897,550.000000,109.954830
1.000000,0.341049,0.353178,0.626101,0.682099,-0.365630,0.633290,550.000000,86.190763
1.000000,-0.263199,0.310714,0.670277,-0.526397,-0.425119,0.736328,550.000000,100.214303
1.000000,-0.167704,0.977353,0.307175,-0.000000,0.866025,0.500000,550.000000,68.050000
1.000000,-0.373901,0.007640,0.387726,-0.747802,-0.331961,0.574973,550.000000,78.253823
1.000000,-0.315357,-0.160801,0.355194,-0.630713,-0.388008,0.672050,550.000000,91.465966
1.000000,0.351728,0.174688,0.511201,0.703457,-0.355369,0.615517,550.000000,83.771922
1.000000,-0.034036,0.056299,0.608515,-0.068072,-0.498840,0.864017,550.000000,117.592655
1.000000,-0.344390,0.251357,0.563683,-0.688781,-0.362485,0.627842,550.000000,85.449347
1.000000,0.307945,0.594501,0.798091,0.615890,-0.393916,0.682283,550.000000,92.858714
1.000000,-0.154868,0.481605,0.827012,-0.309736,-0.475411,0.823436,550.000000,112.069702
1.000000,0.268074,1.051506,0.178738,-0.000000,0.866025,0.500000,550.000000,68.050000
1.000000,-0.230706,1.032222,0.212140,-0.000000,0.866025,0.500000,550.000000,68.050000
1.000000,0.494103,0.261982,0.239663,0.988207,-0.076563,0.132611,550.000000,18.048382
1.000000,0.304612,-0.011854,0.450993,0.609225,-0.396499,0.686756,550.000000,93.467521
1.000000,-0.066652,-0.014299,0.563942,-0.133303,-0.495538,0.858296,550.000000,116.814139
1.000000,0.498631,0.611504,0.395740,0.997263,-0.036969,0.064033,550.000000,8.714861
1.000000,-0.123085,0.958737,0.339419,-0.000000,0.866025,0.500000,550.000000,68.050000
1.000000,-0.369115,0.851003,0.526020,-0.000000,0.866025,0.500000,550.000000,68.050000
1.000000,-0.034269,-0.190721,0.465880,-0.068538,-0.498824,0.863989,550.000000,117.588894
1.000000,0.351126,0.334458,0.604132,0.702252,-0.355964,0.616548,550.000000,83.912226
1.000000,-0.184620,0.377935,0.754752,-0.369240,-0.464667,0.804827,550.000000,109.536937
1.000000,0.336890,0.963322,0.331477,-0.000000,0.866025,0.500000,550.000000,68.050000
1.000000,-0.369806,0.626980,0.750563,-0.739613,-0.336516,0.582864,550.000000,79.327731
1.000000,-0.052057,0.735320,0.726389,-0.000000,0.866025,0.500000,550.000000,68.050000
1.000000,-0.388223,0.858198,0.513557,-0.000000,0.866025,0.500000,550.000000,68.050000
1.000000,-0.479943,0.801727,0.611368,-0.000000,0.866025,0.500000,550.000000,68.050000
1.000000,-0.120385,-0.229463,0.427886,-0.240771,-0.485291,0.840549,550.000000,114.398678
1.000000,0.396398,0.446469,0.609657,0.792796,-0.304744,0.527832,550.000000,71.837876
1.000000,-0.318780,0.484704,0.724635,-0.637560,-0.385200,0.667186,550.000000,90.804069
1.000000,-0.414416,0.078236,0.368195,-0.828833,-0.279748,0.484538,550.000000,65.945681
1.000000,-0.129146,0.437043,0.810086,-0.258292,-0.483033,0.836638,550.000000,113.866484
1.000000,-0.063915,-0.222501,0.444153,-0.127831,-0.495898,0.858921,550.000000,116.899085
1.000000,0.307719,-0.066043,0.416929,0.615438,-0.394092,0.682588,550.000000,92.900250
1.000000,-0.131663,0.073028,0.599136,-0.263325,-0.482354,0.835461,550.000000,113.706221
1.000000,0.461200,0.718334,0.637724,0.922400,-0.193118,0.334491,550.000000,45.524210
1.000000,0.446141,0.352719,0.464304,0.892281,-0.225740,0.390993,550.000000,53.214172
1.000000,0.403236,0.193009,0.452805,0.806472,-0.295636,0.512056,550.000000,69.690871
1.000000,-0.103046,-0.075122,0.521584,-0.206092,-0.489266,0.847434,550.000000,115.335790
1.000000,-0.054182,0.870288,0.492617,-0.000000,0.866025,0.500000,550.000000,68.050000
1.000000,-0.060638,0.772437,0.662101,-0.000000,0.866025,0.500000,550.000000,68.050000
1.000000,-0.133544,1.019115,0.234841,-0.000000,0.866025,0.500000,550.000000,68.050000
1.000000,0.353854,-0.114822,0.341608,0.707709,-0.353252,0.611851,550.000000,83.272877
1.000000,-0.315836,-0.156456,0.357253,-0.631671,-0.387618,0.671375,550.000000,91.374071
1.000000,0.435698,0.893736,0.452003,-0.000000,0.866025,0.500000,550.000000,68.050000
1.000000,0.352986,0.223101,0.537710,0.705972,-0.354120,0.613354,550.000000,83.477436
1.000000,0.355843,0.640968,0.775650,0.711686,-0.351249,0.608381,550.000000,82.800592
1.000000,0.168504,1.021394,0.230894,-0.000000,0.866025,0.500000,550.000000,68.050000
1.000000,-0.219830,0.993462,0.279273,-0.000000,0.866025,0.500000,550.000000,68.050000
1.000000,-0.158234,0.325768,0.735759,-0.316468,-0.474302,0.821514,550.000000,111.808103
1.000000,0.408465,0.214167,0.456629,0.816929,-0.288369,0.499470,550.000000,67.977859
1.000000,0.263257,0.607797,0.841756,0.526514,-0.425083,0.736266,550.000000,100.205802
1.000000,-0.133396,0.189263,0.665695,-0.266791,-0.481877,0.834636,550.000000,113.593928
1.000000,-0.487664,0.458601,0.392232,-0.975327,-0.110382,0.191188,550.000000,26.020638
1.000000,0.212417,1.070409,0.145998,-0.000000,0.866025,0.500000,550.000000,68.050000
1.000000,-0.349332,0.352064,0.616330,-0.698663,-0.357725,0.619598,550.000000,84.327330
1.000000,0.310924,0.927674,0.393221,-0.000000,0.866025,0.500000,550.000000,68.050000
1.000000,-0.327928,0.168355,0.533033,-0.655856,-0.377443,0.653751,550.000000,88.975452
1.000000,-0.251288,1.021927,0.229970,-0.000000,0.866025,0.500000,550.000000,68.050000
1.000000,0.421778,0.530753,0.616491,0.843556,-0.268521,0.465091,550.000000,63.298943
1.000000,0.291241,1.049853,0.181601,-0.000000,0.866025,0.500000,550.000000,68.050000
1.000000,-0.438780,0.910455,0.423045,-0.000000,0.866025,0.500000,550.000000,68.050000
1.000000,-0.180767,0.755043,0.692228,-0.000000,0.866025,0.500000,550.000000,68.050000
1.000000,0.308278,0.756064,0.690458,-0.000000,0.866025,0.500000,550.000000,68.050000
1.000000,0.420522,0.060253,0.347114,0.841044,-0.270483,0.468490,550.000000,63.761533
1.000000,-0.312728,-0.118197,0.382242,-0.625457,-0.390129,0.675724,550.000000,91.966044
1.000000,-0.235543,0.181458,0.614039,-0.471085,-0.441044,0.763910,550.000000,103.968191
1.000000,0.365708,-0.141507,0.312014,0.731417,-0.340965,0.590570,550.000000,80.376516
1.000000,-0.050745,0.885409,0.466427,-0.000000,0.866025,0.500000,550.000000,68.050000
1.000000,-0.047664,-0.121817,0.504390,-0.095328,-0.497723,0.862081,550.000000,117.329286
1.000000,0.251023,0.258377,0.648490,0.502047,-0.432420,0.748974,550.000000,101.935352
1.000000,-0.413618,0.479560,0.601261,-0.827236,-0.280927,0.486580,550.000000,66.223514
1.000000,-0.340818,0.741129,0.716327,-0.000000,0.866025,0.500000,550.000000,68.050000
1.000000,0.251064,-0.057679,0.465988,0.502127,-0.432397,0.748933,550.000000,101.929817
1.000000,-0.240866,0.167935,0.602900,-0.481733,-0.438159,0.758914,550.000000,103.288179
1.000000,0.267266,-0.104821,0.427428,0.534533,-0.422574,0.731919,550.000000,99.614233
1.000000,-0.108325,-0.169570,0.465737,-0.216650,-0.488125,0.845457,550.000000,115.066668
1.000000,0.272183,-0.161255,0.391208,0.544366,-0.419424,0.726463,550.000000,98.871663
1.000000,-0.127948,0.579116,0.892480,-0.255897,-0.483352,0.837190,550.000000,113.941611
1.000000,-0.002651,0.602860,0.925403,-0.005301,-0.499993,0.866013,550.000000,117.864401
1.000000,0.313850,0.155885,0.539442,0.627699,-0.389228,0.674163,550.000000,91.753543
1.000000,-0.325746,0.614624,0.792864,-0.651491,-0.379328,0.657016,550.000000,89.419830
1.000000,-0.023096,-0.033362,0.557472,-0.046192,-0.499466,0.865101,550.000000,117.740247
1.000000,0.322775,1.025963,0.222979,-0.000000,0.866025,0.500000,550.000000,68.050000
1.000000,-0.157021,1.066651,0.152506,-0.000000,0.866025,0.500000,550.000000,68.050000
1.000000,-0.475301,0.683724,0.573966,-0.950601,-0.155208,0.268827,550.000000,36.587406
1.000000,0.398862,0.653861,0.725662,0.797724,-0.301511,0.522233,550.000000,71.075903
1.000000,-0.037397,0.603111,0.923939,-0.074793,-0.498600,0.863600,550.000000,117.535922
1.000000,-0.232830,0.397845,0.740630,-0.465661,-0.442482,0.766401,550.000000,104.307145
1.000000,-0.486277,0.641412,0.504656,-0.972554,-0.116339,0.201505,550.000000,27.424765
1.000000,0.437050,0.426882,0.526906,0.874100,-0.242873,0.420669,550.000000,57.252988
1.000000,-0.400358,0.719190,0.754326,-0.000000,0.866025,0.500000,550.000000,68.050000
1.000000,-0.353760,0.574873,0.739913,-0.707520,-0.353347,0.612014,550.000000,83.295164
1.000000,-0.324942,-0.040164,0.415617,-0.649883,-0.380017,0.658209,550.000000,89.582194
1.000000,-0.227523,0.788234,0.634739,-0.000000,0.866025,0.500000,550.000000,68.050000
1.000000,-0.339806,0.424845,0.668813,-0.679612,-0.366786,0.635292,550.000000,86.463236
1.000000,-0.185915,0.286199,0.701192,-0.371830,-0.464151,0.803932,550.000000,109.415182
1.000000,-0.231251,1.010653,0.249498,-0.000000,0.866025,0.500000,550.000000,68.050000
1.000000,0.420919,0.573790,0.642890,0.841839,-0.269864,0.467419,550.000000,63.615701
1.000000,0.408787,0.611314,0.685394,0.817574,-0.287912,0.498678,550.000000,67.870107
1.000000,-0.141195,1.097933,0.098324,-0.000000,0.866025,0.500000,550.000000,68.050000
1.000000,0.334252,-0.141430,0.347725,0.668504,-0.371854,0.644070,550.000000,87.657985
1.000000,0.322473,0.461616,0.707741,0.644947,-0.382114,0.661840,550.000000,90.076460
1.000000,-0.456584,0.556326,0.556514,-0.913168,-0.203792,0.352978,550.000000,48.040368
1.000000,-0.432765,0.174732,0.390051,-0.865530,-0.250428,0.433755,550.000000,59.034002
1.000000,0.438156,0.565779,0.604788,0.876312,-0.240872,0.417203,550.000000,56.781317
1.000000,0.342370,-0.021045,0.408615,0.684739,-0.364394,0.631149,550.000000,85.899359
1.000000,-0.325375,-0.159819,0.346106,-0.650750,-0.379646,0.657566,550.000000,89.494746
1.000000,0.482135,-0.031511,0.134758,0.964271,-0.132459,0.229426,550.000000,31.224911
1.000000,-0.245127,0.763940,0.676817,-0.000000,0.866025,0.500000,550.000000,68.050000
1.000000,-0.132719,-0.098923,0.499526,-0.265438,-0.482064,0.834959,550.000000,113.637948
1.000000,-0.046656,0.484431,0.854518,-0.093311,-0.497819,0.862247,550.000000,117.351809
1.000000,-0.170745,0.009198,0.547954,-0.341490,-0.469943,0.813965,550.000000,110.780586
1.000000,0.450497,0.057600,0.283728,0.900994,-0.216915,0.375708,550.000000,51.133905
1.000000,-0.176198,-0.217131,0.414953,-0.352397,-0.467925,0.810470,550.000000,110.305029
1.000000,0.298803,-0.099805,0.405291,0.597607,-0.400895,0.694370,550.000000,94.503758
1.000000,-0.004596,0.305685,0.753813,-0.009192,-0.499979,0.865989,550.000000,117.861078
1.000000,-0.241879,1.055452,0.171903,-0.000000,0.866025,0.500000,550.000000,68.050000
1.000000,0.464321,0.556670,0.535578,0.928642,-0.185489,0.321276,550.000000,43.725649
1.000000,-0.494182,0.304979,0.263902,-0.988363,-0.076056,0.131733,550.000000,17.928909
1.000000,-0.161035,0.069264,0.586576,-0.322070,-0.473358,0.819880,550.000000,111.585651
1.000000,-0.245483,-0.052892,0.472438,-0.490966,-0.435589,0.754463,550.000000,102.682419
1.000000,0.498886,0.015099,0.047235,0.997772,-0.033357,0.057777,550.000000,7.863432
1.000000,-0.354300,0.160952,0.500310,-0.708600,-0.352805,0.611076,550.000000,83.167477
1.000000,-0.411588,0.125383,0.400202,-0.823175,-0.283894,0.491718,550.000000,66.922861
1.000000,0.263248,-0.101091,0.432485,0.526497,-0.425089,0.736275,550.000000,100.207028
1.000000,0.444700,0.266303,0.417675,0.889399,-0.228565,0.395887,550.000000,53.880203
1.000000,-0.344617,1.044747,0.190445,-0.000000,0.866025,0.500000,550.000000,68.050000
1.000000,-0.467573,0.661869,0.586664,-0.935146,-0.177131,0.306801,550.000000,41.755549
1.000000,0.261007,0.088821,0.543724,0.522014,-0.426468,0.738665,550.000000,100.532319
1.000000,-0.356560,0.761700,0.680698,-0.000000,0.866025,0.500000,550.000000,68.050000
1.000000,0.358192,0.836155,0.551737,-0.000000,0.866025,0.500000,550.000000,68.050000
1.000000,0.353922,1.041740,0.195654,-0.000000,0.866025,0.500000,550.000000,68.050000
1.000000,0.410425,-0.079730,0.283718,0.820850,-0.285572,0.494625,550.000000,67.318433
1.000000,-0.347860,0.083363,0.462848,-0.695720,-0.359157,0.622077,550.000000,84.664723
1.000000,-0.397445,0.104785,0.410807,-0.794891,-0.303376,0.525463,550.000000,71.515537
1.000000,-0.463594,0.189084,0.325442,-0.927187,-0.187299,0.324412,550.000000,44.152415
1.000000,-0.320563,0.611134,0.795918,-0.641125,-0.383718,0.664619,550.000000,90.454676
1.000000,-0.257737,1.034919,0.207468,-0.000000,0.866025,0.500000,550.000000,68.050000
1.000000,-0.172595,0.390193,0.767141,-0.345190,-0.469267,0.812793,550.000000,110.621185
1.000000,-0.034372,1.088855,0.114048,-0.000000,0.866025,0.500000,550.000000,68.050000
1.000000,-0.002465,-0.079905,0.531210,-0.004931,-0.499994,0.866015,550.000000,117.864625
1.000000,0.393567,0.281393,0.518562,0.787133,-0.308392,0.534150,550.000000,72.697798
1.000000,0.288940,0.736092,0.725052,-0.000000,0.866025,0.500000,550.000000,68.050000
1.000000,-0.132998,-0.138306,0.476700,-0.265996,-0.481987,0.834826,550.000000,113.619833
1.000000,-0.439783,0.698663,0.678063,-0.879566,-0.237888,0.412034,550.000000,56.077849
1.000000,-0.182373,0.667089,0.844569,-0.000000,0.866025,0.500000,550.000000,68.050000
1.000000,-0.327033,-0.088877,0.385416,-0.654066,-0.378219,0.655094,550.000000,89.158344
1.000000,-0.166528,0.478768,0.820805,-0.333056,-0.471454,0.816582,550.000000,111.136756
1.000000,-0.263676,0.902999,0.435959,-0.000000,0.866025,0.500000,550.000000,68.050000
1.000000,-0.093773,0.414409,0.806365,-0.187546,-0.491128,0.850659,550.000000,115.774629
1.000000,0.420312,0.686154,0.708854,0.840625,-0.270809,0.469055,550.000000,63.838361
1.000000,-0.280568,0.859821,0.510747,-0.000000,0.866025,0.500000,550.000000,68.050000
1.000000,-0.208031,0.644527,0.883647,-0.000000,0.866025,0.500000,550.000000,68.050000
1.000000,-0.284945,0.160868,0.567298,-0.569890,-0.410861,0.711632,550.000000,96.853052
1.000000,0.324787,0.260171,0.589168,0.649574,-0.380149,0.658437,550.000000,89.613323
1.000000,-0.187806,0.722054,0.749365,-0.000000,0.866025,0.500000,550.000000,68.050000
1.000000,-0.407688,1.000151,0.267688,-0.000000,0.866025,0.500000,550.000000,68.050000
1.000000,-0.014726,0.811712,0.594073,-0.000000,0.866025,0.500000,550.000000,68.050000
1.000000,-0.006320,0.103811,0.637239,-0.012640,-0.499960,0.865956,550.000000,117.856641
1.000000,0.315823,-0.175523,0.346257,0.631645,-0.387629,0.671393,550.000000,91.376528
1.000000,-0.261442,0.586007,0.830467,-0.522884,-0.426202,0.738203,550.000000,100.469475
1.000000,-0.387419,0.547249,0.680932,-0.774839,-0.316079,0.547466,550.000000,74.510055
1.000000,0.307776,0.946469,0.360668,-0.000000,0.866025,0.500000,550.000000,68.050000
1.000000,-0.250578,0.530063,0.805646,-0.501156,-0.432678,0.749421,550.000000,101.996183
1.000000,-0.383194,0.095321,0.425911,-0.766387,-0.321189,0.556316,550.000000,75.714632
1.000000,-0.169772,0.324809,0.730579,-0.339544,-0.470295,0.814575,550.000000,110.863653
1.000000,-0.347271,0.577735,0.748931,-0.694542,-0.359726,0.623064,550.000000,84.798976
1.000000,-0.365403,0.190846,0.504275,-0.730806,-0.341292,0.591136,550.000000,80.453588
1.000000,0.331852,0.177955,0.534598,0.663703,-0.373998,0.647784,550.000000,88.163348
1.000000,-0.293730,0.064249,0.504317,-0.587459,-0.404627,0.700834,550.000000,95.383569
1.000000,-0.007803,-0.064828,0.539852,-0.015605,-0.499939,0.865920,550.000000,117.851705
1.000000,-0.309420,1.024101,0.226204,-0.000000,0.866025,0.500000,550.000000,68.050000
1.000000,-0.209245,0.412960,0.762784,-0.418491,-0.454111,0.786543,550.000000,107.048442
1.000000,-0.136729,-0.067228,0.516530,-0.273458,-0.480942,0.833016,550.000000,113.373481
1.000000,-0.008280,0.895156,0.449543,-0.000000,0.866025,0.500000,550.000000,68.050000
1.000000,-0.325823,0.900431,0.440408,-0.000000,0.866025,0.500000,550.000000,68.050000
1.000000,0.285677,0.536470,0.783565,0.571353,-0.410352,0.710751,550.000000,96.733185
1.000000,0.312670,0.805054,0.605605,-0.000000,0.866025,0.500000,550.000000,68.050000
1.000000,-0.229902,0.943043,0.366602,-0.000000,0.866025,0.500000,550.000000,68.050000
1.000000,0.485245,0.293962,0.308942,0.970490,-0.120570,0.208834,550.000000,28.422322
1.000000,-0.062001,0.177009,0.675091,-0.124001,-0.496141,0.859341,550.000000,116.956376
1.000000,0.342743,0.679386,0.812604,0.685486,-0.364043,0.630540,550.000000,85.816561
1.000000,-0.459827,0.482541,0.505336,-0.919655,-0.196364,0.340112,550.000000,46.289267
1.000000,-0.232441,1.080779,0.128036,-0.000000,0.866025,0.500000,550.000000,68.050000
1.000000,0.452895,0.328343,0.434208,0.905790,-0.211864,0.366959,550.000000,49.943092
1.000000,-0.359643,0.099588,0.458590,-0.719287,-0.347357,0.601639,550.000000,81.883106
1.000000,-0.345972,0.976881,0.307992,-0.000000,0.866025,0.500000,550.000000,68.050000
1.000000,-0.338120,0.969437,0.320885,-0.000000,0.866025,0.500000,550.000000,68.050000
1.000000,0.394662,-0.134596,0.276771,0.789323,-0.306989,0.531720,550.000000,72.367155
1.000000,0.283087,0.398751,0.706121,0.566174,-0.412143,0.713852,550.000000,97.155317
1.000000,-0.243866,0.068824,0.543758,-0.487733,-0.436497,0.756034,550.000000,102.896247
1.000000,-0.188336,0.790151,0.631419,-0.000000,0.866025,0.500000,550.000000,68.050000
1.000000,-0.070645,0.819797,0.580070,-0.000000,0.866025,0.500000,550.000000,68.050000
1.000000,-0.044291,1.022640,0.228735,-0.000000,0.866025,0.500000,550.000000,68.050000
1.000000,-0.474027,0.209739,0.304753,-0.948054,-0.159054,0.275490,550.000000,37.494241
1.000000,-0.042339,0.348278,0.776355,-0.084678,-0.498204,0.862915,550.000000,117.442723
1.000000,-0.259551,0.843618,0.538811,-0.000000,0.866025,0.500000,550.000000,68.050000
1.000000,-0.439094,0.777973,0.652511,-0.000000,0.866025,0.500000,550.000000,68.050000
1.000000,-0.036309,0.359786,0.783549,-0.072619,-0.498680,0.863739,550.000000,117.554864
1.000000,0.290272,0.597337,0.814968,0.580544,-0.407114,0.705143,550.000000,95.969928
1.000000,-0.206551,1.002483,0.263649,-0.000000,0.866025,0.500000,550.000000,68.050000
1.000000,-0.096720,-0.155881,0.476448,-0.193440,-0.490556,0.849668,550.000000,115.639807
1.000000,-0.005658,0.706759,0.775858,-0.000000,0.866025,0.500000,550.000000,68.050000
1.000000,0.309680,0.184378,0.559732,0.619361,-0.392553,0.679922,550.000000,92.537408
1.000000,0.306556,0.037040,0.477489,0.613113,-0.394998,0.684156,550.000000,93.113641
1.000000,-0.102574,0.854151,0.520566,-0.000000,0.866025,0.500000,550.000000,68.050000
1.000000,0.289268,1.022130,0.229618,-0.000000,0.866025,0.500000,550.000000,68.050000
1.000000,0.273313,-0.032619,0.464628,0.546626,-0.418689,0.725190,550.000000,98.698334
1.000000,-0.052641,0.830779,0.561048,-0.000000,0.866025,0.500000,550.000000,68.050000
1.000000,0.400636,0.769463,0.667250,-0.000000,0.866025,0.500000,550.000000,68.050000
1.000000,-0.053388,0.659848,0.857109,-0.000000,0.866025,0.500000,550.000000,68.050000
1.000000,-0.318386,0.850391,0.527079,-0.000000,0.866025,0.500000,550.000000,68.050000
1.000000,-0.239986,0.001493,0.507362,-0.479972,-0.438642,0.759750,550.000000,103.401989
1.000000,-0.186697,-0.189864,0.425974,-0.373394,-0.463836,0.803388,550.000000,109.341125
1.000000,-0.023811,0.106870,0.638396,-0.047623,-0.499433,0.865043,550.000000,117.732326
1.000000,0.275662,-0.185380,0.374649,0.551323,-0.417146,0.722518,550.000000,98.334686
1.000000,0.378959,-0.082723,0.328874,0.757918,-0.326175,0.564951,550.000000,76.889878
1.000000,-0.078127,0.218855,0.696615,-0.156253,-0.493859,0.855388,550.000000,116.418316
1.000000,0.447416,0.054555,0.289227,0.894833,-0.223201,0.386595,550.000000,52.615550
1.000000,0.397126,0.334477,0.543902,0.794252,-0.303794,0.526187,550.000000,71.614072
1.000000,-0.448719,0.668596,0.640706,-0.897438,-0.220570,0.382039,550.000000,51.995446
1.000000,-0.378626,0.840626,0.543993,-0.000000,0.866025,0.500000,550.000000,68.050000
1.000000,-0.455398,0.741831,0.666660,-0.910795,-0.206429,0.357546,550.000000,48.661993
1.000000,-0.012200,0.447065,0.835292,-0.024399,-0.499851,0.865768,550.000000,117.830968
1.000000,0.347642,0.802714,0.609659,-0.000000,0.866025,0.500000,550.000000,68.050000
1.000000,-0.145147,0.351223,0.755267,-0.290293,-0.478469,0.828732,550.000000,112.790484
1.000000,-0.009653,0.056953,0.610124,-0.019306,-0.499907,0.865864,550.000000,117.844089
1.000000,-0.139477,-0.023114,0.541087,-0.278953,-0.480152,0.831648,550.000000,113.187325
1.000000,-0.352177,0.778960,0.650802,-0.000000,0.866025,0.500000,550.000000,68.050000
1.000000,-0.135384,0.230701,0.688979,-0.270769,-0.481322,0.833675,550.000000,113.463110
1.000000,-0.100100,0.901108,0.439234,-0.000000,0.866025,0.500000,550.000000,68.050000
1.000000,-0.029748,0.182348,0.681606,-0.059495,-0.499114,0.864491,550.000000,117.657267
1.000000,0.435664,0.635045,0.649949,0.871329,-0.245350,0.424958,550.000000,57.836839
1.000000,-0.156096,1.069895,0.146887,-0.000000,0.866025,0.500000,550.000000,68.050000
1.000000,-0.327332,0.076337,0.480504,-0.654664,-0.377960,0.654646,550.000000,89.097283
1.000000,-0.409677,-0.120627,0.261344,-0.819354,-0.286644,0.496482,550.000000,67.571191
1.000000,-0.014839,-0.242715,0.436964,-0.029679,-0.499780,0.865644,550.000000,117.814135
1.000000,-0.162700,-0.209262,0.425111,-0.325399,-0.472788,0.818893,550.000000,111.451391
1.000000,-0.404364,0.199134,0.454558,-0.808727,-0.294092,0.509382,550.000000,69.326927
1.000000,-0.418868,0.616135,0.671002,-0.837736,-0.273038,0.472915,550.000000,64.363736
1.000000,0.446336,0.590134,0.600929,0.892672,-0.225353,0.390323,550.000000,53.122931
1.000000,-0.393647,0.959316,0.338416,-0.000000,0.866025,0.500000,550.000000,68.050000
1.000000,-0.347176,0.007076,0.419567,-0.694352,-0.359818,0.623223,550.000000,84.820632
1.000000,0.355453,0.247858,0.549144,0.710906,-0.351643,0.609064,550.000000,82.893650
1.000000,-0.403835,0.117003,0.407977,-0.807671,-0.294817,0.510638,550.000000,69.497776
1.000000,-0.068247,0.817935,0.583294,-0.000000,0.866025,0.500000,550.000000,68.050000
1.000000,-0.248630,0.410437,0.737876,-0.497260,-0.433801,0.751365,550.000000,102.260775
1.000000,-0.439306,0.025205,0.290257,-0.878613,-0.238767,0.413557,550.000000,56.285130
1.000000,-0.043514,0.608833,0.926670,-0.087029,-0.498103,0.862740,550.000000,117.418848
1.000000,0.301841,0.815376,0.587728,-0.000000,0.866025,0.500000,550.000000,68.050000
1.000000,0.298668,0.092002,0.516147,0.597337,-0.400995,0.694544,550.000000,94.527455
1.000000,-0.204123,0.194707,0.639461,-0.408246,-0.456436,0.790570,550.000000,107.596596
1.000000,-0.223053,0.248777,0.660348,-0.446106,-0.447490,0.775076,550.000000,105.487777
1.000000,-0.198324,-0.053797,0.498931,-0.396648,-0.458985,0.794986,550.000000,108.197596
1.000000,-0.480219,0.428355,0.408098,-0.960439,-0.139246,0.241181,550.000000,32.824668
1.000000,-0.131015,0.293615,0.726696,-0.262030,-0.482530,0.835766,550.000000,113.747777
1.000000,-0.237936,0.194276,0.619953,-0.475873,-0.439757,0.761682,550.000000,103.664855
1.000000,-0.012701,-0.075415,0.533623,-0.025403,-0.499839,0.865746,550.000000,117.828022
1.000000,0.303791,0.830388,0.561725,-0.000000,0.866025,0.500000,550.000000,68.050000
1.000000,-0.131073,0.622269,0.916427,-0.262145,-0.482514,0.835739,550.000000,113.744101
1.000000,0.290446,0.645511,0.842638,0.580892,-0.406990,0.704928,550.000000,95.940652
1.000000,0.091502,1.109796,0.077777,-0.000000,0.866025,0.500000,550.000000,68.050000
1.000000,-0.402431,-0.084173,0.294038,-0.804862,-0.296731,0.513953,550.000000,69.948993
1.000000,0.096384,1.046894,0.186727,-0.000000,0.866025,0.500000,550.000000,68.050000
1.000000,0.482487,-0.036508,0.130388,0.964974,-0.131173,0.227199,550.000000,30.921799
1.000000,-0.221266,0.546669,0.833360,-0.442531,-0.448377,0.776611,550.000000,105.696749
1.000000,0.328870,0.819375,0.580801,-0.000000,0.866025,0.500000,550.000000,68.050000
1.000000,-0.221765,0.037680,0.539210,-0.443529,-0.448130,0.776184,550.000000,105.638626
1.000000,-0.226923,-0.143989,0.431334,-0.453845,-0.445540,0.771698,550.000000,105.028133
1.000000,-0.361008,0.092684,0.452966,-0.722017,-0.345938,0.599182,550.000000,81.548641
1.000000,-0.074373,0.805167,0.605410,-0.000000,0.866025,0.500000,550.000000,68.050000
1.000000,-0.345796,0.618908,0.774340,-0.691592,-0.361144,0.625520,550.000000,85.133279
1.000000,-0.481122,0.154489,0.246341,-0.962244,-0.136093,0.235720,550.000000,32.081559
1.000000,-0.117659,1.017970,0.236824,-0.000000,0.866025,0.500000,550.000000,68.050000
1.000000,-0.018926,-0.133474,0.499875,-0.037852,-0.499642,0.865405,550.000000,117.781588
1.000000,0.390583,0.997999,0.271414,-0.000000,0.866025,0.500000,550.000000,68.050000
1.000000,0.418659,0.191203,0.426037,0.837318,-0.273358,0.473470,550.000000,64.439231
1.000000,0.360998,0.105096,0.460144,0.721997,-0.345948,0.599200,550.000000,81.551106
1.000000,0.334961,-0.032566,0.409841,0.669923,-0.371215,0.642964,550.000000,87.507405
1.000000,-0.410567,0.145764,0.413670,-0.821135,-0.285367,0.494270,550.000000,67.270170
1.000000,-0.363729,0.607718,0.747016,-0.727459,-0.343076,0.594225,550.000000,80.873978
1.000000,0.455604,0.463860,0.505648,0.911207,-0.205974,0.356758,550.000000,48.554713
1.000000,-0.143511,0.363744,0.763065,-0.287022,-0.478962,0.829587,550.000000,112.906740
1.000000,-0.405949,0.992091,0.281649,-0.000000,0.866025,0.500000,550.000000,68.050000
1.000000,-0.062036,0.383497,0.794302,-0.124071,-0.496137,0.859334,550.000000,116.955345
1.000000,-0.216047,0.106336,0.582064,-0.432094,-0.450914,0.781006,550.000000,106.294971
1.000000,-0.082546,-0.242108,0.429647,-0.165092,-0.493139,0.854142,550.000000,116.248728
1.000000,0.459895,-0.004251,0.224104,0.919790,-0.196205,0.339837,550.000000,46.251823
1.000000,-0.178900,-0.046333,0.512378,-0.357800,-0.466899,0.808693,550.000000,110.063131
1.000000,-0.154491,-0.099269,0.491786,-0.308983,-0.475534,0.823649,550.000000,112.098596
1.000000,-0.360458,0.353120,0.603990,-0.720917,-0.346511,0.600175,550.000000,81.683752
1.000000,-0.474953,0.713358,0.592299,-0.949906,-0.156267,0.270663,550.000000,36.837265
1.000000,0.287600,-0.024132,0.458347,0.575199,-0.409007,0.708420,550.000000,96.416014
1.000000,-0.317089,0.602087,0.794014,-0.634179,-0.386593,0.669599,550.000000,91.132432
1.000000,-0.097790,0.808314,0.599959,-0.000000,0.866025,0.500000,550.000000,68.050000
1.000000,-0.301241,-0.124147,0.389126,-0.602481,-0.399067,0.691204,550.000000,94.072797
1.000000,-0.025525,0.670451,0.838745,-0.000000,0.866025,0.500000,550.000000,68.050000
1.000000,-0.387607,0.155163,0.454294,-0.775214,-0.315849,0.547067,550.000000,74.455781
1.000000,-0.171508,0.392506,0.768936,-0.343016,-0.469665,0.813483,550.000000,110.715050
1.000000,-0.014385,0.513518,0.873591,-0.028771,-0.499793,0.865667,550.000000,117.817265
1.000000,-0.410296,0.208136,0.450132,-0.820591,-0.285758,0.494947,550.000000,67.362297
1.000000,0.377657,-0.155317,0.288701,0.755314,-0.327681,0.567561,550.000000,77.245025
1.000000,-0.079310,0.318769,0.754082,-0.158621,-0.493670,0.855061,550.000000,116.373821
1.000000,0.380929,0.845425,0.535681,-0.000000,0.866025,0.500000,550.000000,68.050000
1.000000,0.329609,0.295177,0.604560,0.659219,-0.375976,0.651209,550.000000,88.629503
1.000000,-0.059772,0.430511,0.821766,-0.119544,-0.496414,0.859815,550.000000,117.020826
1.000000,-0.088402,1.097690,0.098745,-0.000000,0.866025,0.500000,550.000000,68.050000
1.000000,-0.176617,0.938649,0.374211,-0.000000,0.866025,0.500000,550.000000,68.050000
1.000000,-0.059544,0.472606,0.846101,-0.119088,-0.496442,0.859863,550.000000,117.027291
1.000000,-0.208387,0.992501,0.280939,-0.000000,0.866025,0.500000,550.000000,68.050000
1.000000,-0.377291,0.756932,0.688956,-0.000000,0.866025,0.500000,550.000000,68.050000
1.000000,0.468392,0.825912,0.569479,-0.000000,0.866025,0.500000,550.000000,68.050000
1.000000,-0.253806,0.241127,0.636651,-0.507613,-0.430793,0.746155,550.000000,101.551675
1.000000,0.134361,1.081804,0.126261,-0.000000,0.866025,0.500000,550.000000,68.050000
1.000000,-0.041547,-0.167128,0.478862,-0.083094,-0.498271,0.863030,550.000000,117.458446
1.000000,-0.071301,0.162220,0.665108,-0.142602,-0.494890,0.857175,550.000000,116.661488
1.000000,-0.043346,-0.104233,0.514997,-0.086691,-0.498118,0.862765,550.000000,117.422320
1.000000,-0.219515,0.634436,0.885025,-0.439030,-0.449236,0.778100,550.000000,105.899372
1.000000,-0.298956,0.251747,0.608128,-0.597912,-0.400781,0.694173,550.000000,94.476880
1.000000,0.280333,0.859452,0.511386,-0.000000,0.866025,0.500000,550.000000,68.050000
1.000000,-0.423569,0.599394,0.652849,-0.847138,-0.265687,0.460183,550.000000,62.630848
1.000000,-0.073611,-0.080745,0.524441,-0.147221,-0.494552,0.856589,550.000000,116.581739
1.000000,-0.307262,-0.146637,0.370810,-0.614524,-0.394449,0.683206,550.000000,92.984343
1.000000,-0.009088,-0.088451,0.526188,-0.018177,-0.499917,0.865882,550.000000,117.846584
1.000000,0.251006,0.421481,0.742670,0.502012,-0.432430,0.748991,550.000000,101.937724
1.000000,0.336259,0.073526,0.469736,0.672517,-0.370041,0.640929,550.000000,87.230496
1.000000,-0.181076,-0.127675,0.464446,-0.362151,-0.466060,0.807239,550.000000,109.865225
1.000000,0.345164,0.234287,0.552976,0.690329,-0.361748,0.626566,550.000000,85.275581
1.000000,-0.083449,-0.219909,0.442288,-0.166897,-0.492987,0.853879,550.000000,116.212901
1.000000,0.482536,0.368485,0.364003,0.965071,-0.130993,0.226887,550.000000,30.879374
1.000000,-0.117173,0.104204,0.621435,-0.234345,-0.486077,0.841910,550.000000,114.583886
1.000000,-0.177302,-0.222839,0.411176,-0.354603,-0.467508,0.809748,550.000000,110.206750
1.000000,-0.476796,0.667629,0.559296,-0.953593,-0.150550,0.260760,550.000000,35.489476
1.000000,0.278750,0.693629,0.798600,-0.000000,0.866025,0.500000,550.000000,68.050000
1.000000,0.280689,0.789184,0.633094,-0.000000,0.866025,0.500000,550.000000,68.050000
1.000000,0.309781,-0.190947,0.342947,0.619562,-0.392474,0.679785,550.000000,92.518727
1.000000,-0.195930,0.802127,0.610676,-0.000000,0.866025,0.500000,550.000000,68.050000
1.000000,-0.023104,0.654023,0.867199,-0.000000,0.866025,0.500000,550.000000,68.050000
1.000000,-0.335901,0.606927,0.778070,-0.671802,-0.370365,0.641492,550.000000,87.307011
1.000000,-0.384038,0.886245,0.464978,-0.000000,0.866025,0.500000,550.000000,68.050000
1.000000,-0.405099,0.945309,0.362676,-0.000000,0.866025,0.500000,550.000000,68.050000
1.000000,0.257510,-0.077548,0.450120,0.515020,-0.428589,0.742338,550.000000,101.032221
1.000000,0.463848,0.703129,0.621498,0.927696,-0.186669,0.323320,550.000000,44.003824
1.000000,-0.106050,0.391875,0.790464,-0.212101,-0.488624,0.846321,550.000000,115.184350
1.000000,0.329534,0.883639,0.469492,-0.000000,0.866025,0.500000,550.000000,68.050000
1.000000,0.366040,0.712080,0.766641,-0.000000,0.866025,0.500000,550.000000,68.050000
1.000000,0.369275,0.443342,0.645212,0.738551,-0.337099,0.583872,550.000000,79.465022
1.000000,0.398832,0.092525,0.401620,0.797664,-0.301551,0.522301,550.000000,71.085223
1.000000,-0.331811,0.372984,0.647239,-0.663623,-0.374034,0.647845,550.000000,88.171765
1.000000,0.449501,-0.054174,0.221570,0.899003,-0.218972,0.379270,550.000000,51.618653
1.000000,0.264474,0.092111,0.543151,0.528947,-0.424327,0.734956,550.000000,100.027579
1.000000,-0.189317,-0.168724,0.436952,-0.378634,-0.462773,0.801547,550.000000,109.090498
1.000000,-0.197699,0.666800,0.845069,-0.000000,0.866025,0.500000,550.000000,68.050000
1.000000,0.272301,0.024471,0.498349,0.544601,-0.419347,0.726331,550.000000,98.853670
1.000000,-0.458207,0.758649,0.669081,-0.916413,-0.200117,0.346612,550.000000,47.173897
1.000000,-0.270527,0.054919,0.517252,-0.541055,-0.420494,0.728316,550.000000,99.123869
1.000000,-0.232134,-0.149381,0.425111,-0.464268,-0.442847,0.767034,550.000000,104.393352
1.000000,-0.209120,0.021928,0.537089,-0.418240,-0.454168,0.786642,550.000000,107.062025
1.000000,0.398879,0.526097,0.651872,0.797757,-0.301490,0.522195,550.000000,71.070763
1.000000,-0.059000,0.241710,0.712868,-0.117999,-0.496507,0.859975,550.000000,117.042611
1.000000,0.299157,0.169549,0.560498,0.598314,-0.400631,0.693913,550.000000,94.441571
1.000000,0.430398,0.335299,0.487427,0.860797,-0.254474,0.440762,550.000000,59.987753
1.000000,-0.483692,0.291162,0.314355,-0.967383,-0.126658,0.219379,550.000000,29.857433
1.000000,0.291151,0.412861,0.707735,0.582302,-0.406486,0.704055,550.000000,95.821836
1.000000,-0.053144,0.756461,0.689772,-0.000000,0.866025,0.500000,550.000000,68.050000
1.000000,0.379646,0.070374,0.416342,0.759291,-0.325375,0.563567,550.000000,76.701419
1.000000,-0.425727,0.797655,0.618421,-0.000000,0.866025,0.500000,550.000000,68.050000
1.000000,-0.394244,0.819449,0.580673,-0.000000,0.866025,0.500000,550.000000,68.050000
1.000000,0.297486,-0.162666,0.370128,0.594972,-0.401873,0.696065,550.000000,94.734395
1.000000,-0.313810,0.670374,0.836519,-0.627620,-0.389260,0.674218,550.000000,91.761056
1.000000,-0.393442,0.572295,0.686698,-0.786883,-0.308551,0.534426,550.000000,72.735336
1.000000,-0.067022,0.799285,0.615598,-0.000000,0.866025,0.500000,550.000000,68.050000
1.000000,-0.372150,0.551989,0.704271,-0.744301,-0.333922,0.578370,550.000000,78.716180
1.000000,-0.266539,0.325378,0.676333,-0.533079,-0.423033,0.732714,550.000000,99.722437
1.000000,-0.062758,0.653724,0.867717,-0.000000,0.866025,0.500000,550.000000,68.050000
1.000000,0.300092,0.753628,0.694678,-0.000000,0.866025,0.500000,550.000000,68.050000
1.000000,0.267124,0.161124,0.581075,0.534247,-0.422664,0.732076,550.000000,99.635496
1.000000,-0.352919,0.372284,0.623918,-0.705838,-0.354187,0.613469,550.000000,83.493195
1.000000,0.283633,1.065505,0.154492,-0.000000,0.866025,0.500000,550.000000,68.050000
1.000000,-0.255528,0.699597,0.788262,-0.000000,0.866025,0.500000,550.000000,68.050000
1.000000,-0.365182,0.692517,0.794189,-0.730363,-0.341530,0.591547,550.000000,80.509483
1.000000,-0.069650,0.405780,0.805999,-0.139299,-0.495125,0.857582,550.000000,116.716900
1.000000,-0.485267,0.861341,0.508114,-0.000000,0.866025,0.500000,550.000000,68.050000
1.000000,-0.147900,0.375976,0.768584,-0.295800,-0.477625,0.827271,550.000000,112.591521
1.000000,0.414435,0.739595,0.718984,-0.000000,0.866025,0.500000,550.000000,68.050000
1.000000,-0.106038,0.268336,0.719141,-0.212075,-0.488627,0.846326,550.000000,115.184994
1.000000,-0.118279,0.714122,0.763105,-0.000000,0.866025,0.500000,550.000000,68.050000
1.000000,0.433544,0.252459,0.433367,0.867088,-0.249077,0.431414,550.000000,58.715470
1.000000,-0.461347,0.507847,0.515794,-0.922693,-0.192767,0.333883,550.000000,45.441475
1.000000,-0.354049,0.823710,0.573293,-0.000000,0.866025,0.500000,550.000000,68.050000
1.000000,0.258336,0.120544,0.563914,0.516671,-0.428092,0.741477,550.000000,100.915023
1.000000,-0.204554,0.961383,0.334836,-0.000000,0.866025,0.500000,550.000000,68.050000
1.000000,-0.466637,0.408875,0.443427,-0.933275,-0.179582,0.311045,550.000000,42.333180
1.000000,-0.383791,-0.029795,0.352851,-0.767582,-0.320475,0.555079,550.000000,75.546275
1.000000,-0.324423,0.962795,0.332390,-0.000000,0.866025,0.500000,550.000000,68.050000
1.000000,-0.040605,0.808929,0.598894,-0.000000,0.866025,0.500000,550.000000,68.050000
1.000000,-0.315887,-0.188289,0.338826,-0.631773,-0.387577,0.671303,550.000000,91.364275
1.000000,-0.125546,0.504683,0.850232,-0.251093,-0.483982,0.838281,550.000000,114.089991
1.000000,0.268701,0.289952,0.654298,0.537403,-0.421663,0.730342,550.000000,99.399497
1.000000,-0.090757,0.131016,0.643402,-0.181514,-0.491694,0.851639,550.000000,115.908101
1.000000,-0.268603,-0.143527,0.404101,-0.537206,-0.421725,0.730450,550.000000,99.414218
1.000000,-0.159983,0.845748,0.535121,-0.000000,0.866025,0.500000,550.000000,68.050000
1.000000,-0.291936,0.624107,0.829048,-0.583872,-0.405923,0.703079,550.000000,95.689076
1.000000,-0.153145,0.735969,0.725264,-0.000000,0.866025,0.500000,550.000000,68.050000
1.000000,-0.117750,-0.058869,0.527124,-0.235499,-0.485937,0.841668,550.000000,114.551022
1.000000,-0.139362,0.434295,0.805211,-0.278723,-0.480186,0.831706,550.000000,113.195193
1.000000,-0.360420,0.669028,0.786426,-0.720840,-0.346551,0.600243,550.000000,81.693093
1.000000,-0.386584,0.421934,0.609759,-0.773168,-0.317100,0.549234,550.000000,74.750750
1.000000,0.296829,0.446590,0.722443,0.593657,-0.402359,0.696906,550.000000,94.848960
1.000000,0.358425,0.004156,0.404944,0.716850,-0.348613,0.603816,550.000000,82.179390
1.000000,-0.125975,0.293668,0.728274,-0.251950,-0.483870,0.838088,550.000000,114.063734
1.000000,0.296560,0.078969,0.510426,0.593121,-0.402557,0.697249,550.000000,94.895566
1.000000,0.193893,1.040260,0.198218,-0.000000,0.866025,0.500000,550.000000,68.050000
1.000000,0.474691,0.192254,0.292357,0.949382,-0.157061,0.272038,550.000000,37.024394
1.000000,-0.063444,0.343901,0.771235,-0.126888,-0.495959,0.859025,550.000000,116.913353
1.000000,0.318134,0.455786,0.708555,0.636268,-0.385734,0.668111,550.000000,90.929882
1.000000,-0.459221,0.343313,0.426586,-0.918442,-0.197778,0.342561,550.000000,46.622592
1.000000,-0.408838,0.996809,0.273475,-0.000000,0.866025,0.500000,550.000000,68.050000
1.000000,0.267228,-0.165884,0.392201,0.534456,-0.422598,0.731961,550.000000,99.619922
1.000000,0.408113,0.989843,0.285541,-0.000000,0.866025,0.500000,550.000000,68.050000
1.000000,0.396657,0.956575,0.343164,-0.000000,0.866025,0.500000,550.000000,68.050000
1.000000,-0.096292,1.003747,0.261459,-0.000000,0.866025,0.500000,550.000000,68.050000
1.000000,-0.363572,0.892601,0.453969,-0.000000,0.866025,0.500000,550.000000,68.050000
1.000000,-0.014118,0.474788,0.851239,-0.028235,-0.499801,0.865680,550.000000,117.819065
1.000000,-0.258268,0.069426,0.534448,-0.516536,-0.428133,0.741548,550.000000,100.924642
1.000000,0.300048,-0.141253,0.380286,0.600096,-0.399964,0.692758,550.000000,94.284395
1.000000,0.298965,0.469377,0.733769,0.597931,-0.400774,0.694161,550.000000,94.475296
1.000000,-0.254207,0.627574,0.859494,-0.508415,-0.430556,0.745745,550.000000,101.495916
1.000000,-0.146610,0.403141,0.784727,-0.293220,-0.478022,0.827959,550.000000,112.685250
1.000000,-0.041127,0.546432,0.890877,-0.082254,-0.498306,0.863091,550.000000,117.466652
1.000000,-0.145671,0.463567,0.819944,-0.291343,-0.478309,0.828456,550.000000,112.752871
1.000000,0.281075,0.636035,0.844704,0.562151,-0.413517,0.716233,550.000000,97.479325
1.000000,0.406159,0.005570,0.339936,0.812317,-0.291608,0.505080,550.000000,68.741339
1.000000,-0.073350,0.202229,0.687861,-0.146701,-0.494590,0.856656,550.000000,116.590853
1.000000,-0.282334,0.083304,0.524593,-0.564668,-0.412659,0.714746,550.000000,97.276985
1.000000,-0.134994,0.892233,0.454607,-0.000000,0.866025,0.500000,550.000000,68.050000
1.000000,-0.043862,-0.194123,0.463047,-0.087724,-0.498072,0.862687,550.000000,117.411666
1.000000,-0.380284,-0.106729,0.313229,-0.760569,-0.324629,0.562273,550.000000,76.525384
1.000000,-0.061037,0.444614,0.829730,-0.122074,-0.496261,0.859548,550.000000,116.984538
1.000000,0.397228,0.981215,0.300486,-0.000000,0.866025,0.500000,550.000000,68.050000
1.000000,-0.428052,0.063670,0.335137,-0.856104,-0.258402,0.447565,550.000000,60.913650
1.000000,0.277301,0.350829,0.682973,0.554603,-0.416058,0.720633,550.000000,98.078148
1.000000,0.479439,0.873580,0.486915,-0.000000,0.866025,0.500000,550.000000,68.050000
1.000000,0.339364,0.180929,0.528459,0.678729,-0.367194,0.635999,550.000000,86.559526
1.000000,0.289470,0.297564,0.642553,0.578940,-0.407685,0.706132,550.000000,96.104505
1.000000,-0.429890,-0.111712,0.230336,-0.859779,-0.255333,0.442249,550.000000,60.190150
1.000000,-0.320052,0.138836,0.523729,-0.640104,-0.384144,0.665357,550.000000,90.555077
1.000000,-0.126547,0.035385,0.578982,-0.253095,-0.483721,0.837829,550.000000,114.028521
1.000000,-0.395090,0.731548,0.732921,-0.000000,0.866025,0.500000,550.000000,68.050000
1.000000,-0.114777,0.257376,0.710529,-0.229555,-0.486648,0.842899,550.000000,114.718526
1.000000,-0.336033,0.840842,0.543619,-0.000000,0.866025,0.500000,550.000000,68.050000
1.000000,-0.265578,-0.123288,0.417993,-0.531156,-0.423637,0.733761,550.000000,99.864859
1.000000,-0.121074,0.440891,0.814716,-0.242148,-0.485120,0.840252,550.000000,114.358285
1.000000,0.420519,0.295263,0.482802,0.841039,-0.270487,0.468498,550.000000,63.762578
1.000000,-0.147991,0.328382,0.741072,-0.295983,-0.477597,0.827222,550.000000,112.584865
1.000000,0.309635,-0.112315,0.388477,0.619271,-0.392589,0.679984,550.000000,92.545763
1.000000,0.146780,1.054421,0.173690,-0.000000,0.866025,0.500000,550.000000,68.050000
1.000000,-0.264247,0.619882,0.848024,-0.528493,-0.424469,0.735202,550.000000,100.060928
1.000000,-0.358965,-0.127987,0.328009,-0.717930,-0.348058,0.602854,550.000000,82.048378
1.000000,-0.255776,0.184997,0.602898,-0.511552,-0.429626,0.744134,550.000000,101.276697
1.000000,-0.054170,0.770816,0.664908,-0.000000,0.866025,0.500000,550.000000,68.050000
1.000000,-0.423225,0.477075,0.582859,-0.846451,-0.266234,0.461130,550.000000,62.759808
1.000000,0.338580,0.401426,0.656598,0.677161,-0.367918,0.637252,550.000000,86.729987
1.000000,-0.444936,0.147855,0.348757,-0.889873,-0.228105,0.395089,550.000000,53.771592
1.000000,0.343674,0.261581,0.570369,0.687349,-0.363164,0.629018,550.000000,85.609356
1.000000,-0.141612,0.030501,0.571320,-0.283225,-0.479527,0.830565,550.000000,113.039870
1.000000,0.166746,1.053865,0.174652,-0.000000,0.866025,0.500000,550.000000,68.050000
1.000000,-0.321121,0.152196,0.530410,-0.642242,-0.383251,0.663810,550.000000,90.344571
1.000000,0.434447,0.641104,0.655930,0.868893,-0.247500,0.428682,550.000000,58.343609
1.000000,-0.153653,0.788607,0.634092,-0.000000,0.866025,0.500000,550.000000,68.050000
1.000000,-0.460054,0.066853,0.264724,-0.920109,-0.195832,0.339190,550.000000,46.163787
1.000000,-0.338685,0.488164,0.706565,-0.677371,-0.367821,0.637085,550.000000,86.707213
1.000000,-0.000707,0.078852,0.622875,-0.001414,-0.499999,0.866025,550.000000,117.865940
1.000000,-0.217771,-0.153680,0.430985,-0.435543,-0.450084,0.779568,550.000000,106.099252
1.000000,-0.164006,0.115036,0.611823,-0.328013,-0.472337,0.818111,550.000000,111.344912
1.000000,-0.098474,-0.237122,0.429140,-0.196948,-0.490207,0.849063,550.000000,115.557530
1.000000,0.392170,0.987149,0.290208,-0.000000,0.866025,0.500000,550.000000,68.050000
1.000000,0.390969,0.052899,0.390435,0.781939,-0.311678,0.539841,550.000000,73.472412
1.000000,0.466425,0.386085,0.430906,0.932850,-0.180133,0.312000,550.000000,42.463134
1.000000,-0.324384,0.501057,0.728641,-0.648769,-0.380493,0.659033,550.000000,89.694376
1.000000,-0.411031,0.959410,0.338253,-0.000000,0.866025,0.500000,550.000000,68.050000
1.000000,-0.119106,0.556555,0.882057,-0.238213,-0.485606,0.841095,550.000000,114.473044
1.000000,-0.356274,0.017644,0.415269,-0.712548,-0.350811,0.607623,550.000000,82.697525
1.000000,-0.097309,0.182974,0.671951,-0.194619,-0.490439,0.849466,550.000000,115.612333
1.000000,0.077834,1.019596,0.234008,-0.000000,0.866025,0.500000,550.000000,68.050000
1.000000,0.391883,0.089877,0.410458,0.783766,-0.310528,0.537850,550.000000,73.201435
1.000000,-0.320040,-0.019517,0.432315,-0.640080,-0.384154,0.665374,550.000000,90.557433
1.000000,-0.488147,0.012315,0.132075,-0.976295,-0.108222,0.187447,550.000000,25.511513
1.000000,0.276343,0.351469,0.684078,0.552687,-0.416694,0.721736,550.000000,98.228266
1.000000,-0.387972,0.073195,0.406453,-0.775943,-0.315401,0.546291,550.000000,74.350254
1.000000,0.437693,0.375183,0.495717,0.875386,-0.241712,0.418658,550.000000,56.979300
1.000000,-0.043072,0.141092,0.656664,-0.086144,-0.498141,0.862806,550.000000,117.427911
1.000000,-0.284468,0.969063,0.321534,-0.000000,0.866025,0.500000,550.000000,68.050000
1.000000,0.296138,0.833786,0.555840,-0.000000,0.866025,0.500000,550.000000,68.050000
1.000000,0.304442,0.985432,0.293181,-0.000000,0.866025,0.500000,550.000000,68.050000
1.000000,-0.276594,0.679670,0.822777,-0.000000,0.866025,0.500000,550.000000,68.050000
1.000000,0.326753,-0.085077,0.387889,0.653507,-0.378460,0.655512,550.000000,89.215244
1.000000,-0.390154,0.785008,0.640326,-0.000000,0.866025,0.500000,550.000000,68.050000
1.000000,-0.122098,0.324499,0.747221,-0.244195,-0.484863,0.839807,550.000000,114.297796
1.000000,-0.439884,0.251617,0.419744,-0.879769,-0.237701,0.411710,550.000000,56.033792
1.000000,-0.266392,-0.205958,0.369674,-0.532784,-0.423126,0.732875,550.000000,99.744270
1.000000,0.268577,0.081162,0.533844,0.537155,-0.421742,0.730478,550.000000,99.418086
1.000000,-0.165200,1.035356,0.206710,-0.000000,0.866025,0.500000,550.000000,68.050000
1.000000,-0.145775,0.939555,0.372643,-0.000000,0.866025,0.500000,550.000000,68.050000
1.000000,0.398147,0.073593,0.391734,0.796293,-0.302455,0.523868,550.000000,71.298456
1.000000,-0.268749,-0.180158,0.382845,-0.537498,-0.421633,0.730289,550.000000,99.392343
1.000000,0.464358,0.723049,0.631529,0.928716,-0.185396,0.321114,550.000000,43.703676
1.000000,-0.288017,0.163589,0.566389,-0.576035,-0.408713,0.707911,550.000000,96.346706
1.000000,0.314274,0.306248,0.625858,0.628549,-0.388885,0.673569,550.000000,91.672699
1.000000,-0.239623,0.508302,0.800198,-0.479246,-0.438840,0.760094,550.000000,103.448734
1.000000,-0.113720,0.861943,0.507070,-0.000000,0.866025,0.500000,550.000000,68.050000
1.000000,-0.092854,-0.019541,0.556025,-0.185707,-0.491303,0.850961,550.000000,115.815787
1.000000,-0.159956,0.316524,0.729754,-0.319912,-0.473724,0.820513,550.000000,111.671857
1.000000,-0.206299,0.625092,0.886813,-0.412597,-0.455457,0.788874,550.000000,107.365798
1.000000,-0.414821,0.265837,0.475813,-0.829642,-0.279148,0.483498,550.000000,65.804111
1.000000,-0.419776,0.846824,0.533258,-0.000000,0.866025,0.500000,550.000000,68.050000
1.000000,0.335426,0.611639,0.781288,0.670851,-0.370796,0.642237,550.000000,87.408512
1.000000,-0.387378,0.971856,0.316696,-0.000000,0.866025,0.500000,550.000000,68.050000
1.000000,0.493589,0.172316,0.191642,0.987179,-0.079809,0.138234,550.000000,18.813582
1.000000,-0.001998,1.047485,0.185702,-0.000000,0.866025,0.500000,550.000000,68.050000
1.000000,-0.463002,0.638115,0.586374,-0.926004,-0.188757,0.326937,550.000000,44.496191
1.000000,-0.053279,0.021060,0.586222,-0.106557,-0.497153,0.861095,550.000000,117.194996
1.000000,-0.254144,0.521689,0.798404,-0.508288,-0.430594,0.745810,550.000000,101.504764
1.000000,-0.045337,0.549122,0.892008,-0.090674,-0.497940,0.862458,550.000000,117.380519
1.000000,-0.347470,1.044614,0.190676,-0.000000,0.866025,0.500000,550.000000,68.050000
1.000000,0.118032,1.025473,0.223828,-0.000000,0.866025,0.500000,550.000000,68.050000
1.000000,0.449602,0.081386,0.299596,0.899204,-0.218764,0.378911,550.000000,51.569807
1.000000,0.309066,0.480534,0.731277,0.618131,-0.393037,0.680761,550.000000,92.651547
1.000000,0.366847,0.133587,0.469425,0.733694,-0.339740,0.588447,550.000000,80.087670
1.000000,0.414609,0.444702,0.579444,0.829218,-0.279462,0.484043,550.000000,65.878249
1.000000,0.396575,0.162962,0.445708,0.793150,-0.304513,0.527432,550.000000,71.783522
1.000000,-0.295851,0.228292,0.597240,-0.591701,-0.403079,0.698153,550.000000,95.018598
1.000000,-0.174860,0.898852,0.443142,-0.000000,0.866025,0.500000,550.000000,68.050000
1.000000,-0.436202,0.560910,0.606042,-0.872404,-0.244392,0.423300,550.000000,57.611132
1.000000,-0.494930,0.201710,0.198466,-0.989860,-0.071022,0.123014,550.000000,16.742149
1.000000,-0.169066,0.092357,0.596666,-0.338132,-0.470549,0.815016,550.000000,110.923614
1.000000,0.294434,0.568574,0.794897,0.588868,-0.404114,0.699947,550.000000,95.262757
1.000000,0.382468,0.657880,0.751702,0.764937,-0.322053,0.557812,550.000000,75.918172
1.000000,-0.273881,0.468936,0.753771,-0.547762,-0.418317,0.724546,550.000000,98.610747
1.000000,-0.090873,-0.235468,0.431787,-0.181747,-0.491673,0.851602,550.000000,115.903040
1.000000,0.430033,-0.083966,0.246077,0.860065,-0.255092,0.441833,550.000000,60.133425
1.000000,0.307267,1.060844,0.162564,-0.000000,0.866025,0.500000,550.000000,68.050000
1.000000,0.366271,0.400104,0.624015,0.732543,-0.340360,0.589522,550.000000,80.233893
1.000000,0.264500,0.669201,0.840911,-0.000000,0.866025,0.500000,550.000000,68.050000
1.000000,0.288862,0.621723,0.830204,0.577723,-0.408116,0.706878,550.000000,96.206130
1.000000,-0.429400,0.438781,0.549113,-0.858801,-0.256155,0.443674,550.000000,60.383976
1.000000,-0.330300,-0.100160,0.375611,-0.660600,-0.375369,0.650158,550.000000,88.486549
1.000000,-0.279203,0.553545,0.798541,-0.558405,-0.414784,0.718427,550.000000,97.777936
1.000000,0.270316,1.025657,0.223509,-0.000000,0.866025,0.500000,550.000000,68.050000
1.000000,-0.404112,0.672671,0.728354,-0.808224,-0.294438,0.509981,550.000000,69.408413
1.000000,-0.214586,0.517648,0.820340,-0.429173,-0.451611,0.782214,550.000000,106.459267
1.000000,0.252278,0.342216,0.696051,0.504556,-0.431690,0.747708,550.000000,101.763096
1.000000,-0.369286,0.342853,0.587181,-0.738572,-0.337087,0.583852,550.000000,79.462276
1.000000,0.381377,0.001451,0.374203,0.762755,-0.323344,0.560048,550.000000,76.222579
1.000000,0.378603,0.060019,0.411763,0.757206,-0.326588,0.565667,550.000000,76.987265
1.000000,-0.041341,0.357164,0.781582,-0.082681,-0.498288,0.863060,550.000000,117.462490
1.000000,-0.383681,0.645721,0.743013,-0.767362,-0.320607,0.555308,550.000000,75.577426
1.000000,-0.074625,0.989466,0.286194,-0.000000,0.866025,0.500000,550.000000,68.050000
1.000000,-0.108244,1.033947,0.209151,-0.000000,0.866025,0.500000,550.000000,68.050000
1.000000,-0.366505,0.530958,0.699272,-0.733011,-0.340109,0.589085,550.000000,80.174505
1.000000,0.309638,0.100715,0.511468,0.619276,-0.392587,0.679980,550.000000,92.545246
1.000000,-0.403419,0.167063,0.437537,-0.806837,-0.295387,0.511625,550.000000,69.632173
1.000000,-0.186982,0.418443,0.777048,-0.373964,-0.463722,0.803189,550.000000,109.314074
1.000000,-0.327721,0.687853,0.808604,-0.000000,0.866025,0.500000,550.000000,68.050000
1.000000,0.333266,0.245622,0.572211,0.666531,-0.372739,0.645602,550.000000,87.866466
1.000000,-0.162138,0.981915,0.299274,-0.000000,0.866025,0.500000,550.000000,68.050000
1.000000,-0.047492,0.472532,0.847556,-0.094984,-0.497739,0.862110,550.000000,117.333166
1.000000,-0.011025,-0.003658,0.575098,-0.022050,-0.499878,0.865815,550.000000,117.837400
1.000000,-0.211770,0.895360,0.449191,-0.000000,0.866025,0.500000,550.000000,68.050000
1.000000,-0.120697,0.367994,0.772738,-0.241394,-0.485214,0.840415,550.000000,114.380433
1.000000,0.417390,-0.075379,0.274360,0.834779,-0.275292,0.476821,550.000000,64.895274
1.000000,0.350316,0.870513,0.492228,-0.000000,0.866025,0.500000,550.000000,68.050000
1.000000,-0.380257,0.674092,0.764074,-0.760513,-0.324661,0.562330,550.000000,76.533076
1.000000,-0.436006,0.233578,0.417461,-0.872011,-0.244743,0.423907,550.000000,57.693794
1.000000,-0.030392,0.827237,0.567183,-0.000000,0.866025,0.500000,550.000000,68.050000
1.000000,-0.430905,0.733213,0.716171,-0.861809,-0.253616,0.439276,550.000000,59.785460
1.000000,0.042333,1.090846,0.110599,-0.000000,0.866025,0.500000,550.000000,68.050000
1.000000,-0.477749,0.001485,0.171174,-0.955498,-0.147499,0.255475,550.000000,34.770178
1.000000,-0.318450,0.095315,0.500137,-0.636900,-0.385473,0.667659,550.000000,90.868442
1.000000,-0.308322,-0.036132,0.433653,-0.616645,-0.393621,0.681771,550.000000,92.789057
1.000000,0.483420,0.471393,0.419604,0.966840,-0.127691,0.221167,550.000000,30.100894
1.000000,0.256292,0.963369,0.331396,-0.000000,0.866025,0.500000,550.000000,68.050000
1.000000,-0.221988,-0.116349,0.450154,-0.443977,-0.448019,0.775992,550.000000,105.612516
1.000000,-0.234356,0.804193,0.607096,-0.000000,0.866025,0.500000,550.000000,68.050000
1.000000,0.354371,0.214889,0.531368,0.708743,-0.352733,0.610952,550.000000,83.150601
1.000000,-0.012209,0.769142,0.667808,-0.000000,0.866025,0.500000,550.000000,68.050000
1.000000,-0.015912,0.855749,0.517799,-0.000000,0.866025,0.500000,550.000000,68.050000
1.000000,-0.441074,0.077105,0.316434,-0.882147,-0.235487,0.407875,550.000000,55.511825
1.000000,-0.102140,0.331704,0.756685,-0.204280,-0.489456,0.847763,550.000000,115.380562
1.000000,-0.033250,-0.085366,0.526786,-0.066500,-0.498893,0.864108,550.000000,117.605151
1.000000,-0.147527,0.510552,0.846414,-0.295053,-0.477740,0.827471,550.000000,112.618748
1.000000,-0.194309,-0.033445,0.512660,-0.388618,-0.460699,0.797955,550.000000,108.601651
1.000000,0.430164,0.509557,0.588492,0.860328,-0.254870,0.441449,550.000000,60.081158
1.000000,-0.077553,0.637453,0.895899,-0.000000,0.866025,0.500000,550.000000,68.050000
1.000000,-0.166056,0.231010,0.677954,-0.332112,-0.471620,0.816870,550.000000,111.175978
1.000000,-0.091720,-0.001364,0.566766,-0.183440,-0.491515,0.851330,550.000000,115.865970
1.000000,0.340810,0.651259,0.798455,0.681621,-0.365853,0.633676,550.000000,86.243286
1.000000,-0.318525,0.224058,0.574394,-0.637051,-0.385411,0.667551,550.000000,90.853710
1.000000,-0.264722,1.035931,0.205715,-0.000000,0.866025,0.500000,550.000000,68.050000
1.000000,-0.139320,0.733475,0.729585,-0.000000,0.866025,0.500000,550.000000,68.050000
1.000000,-0.253365,-0.158510,0.406220,-0.506730,-0.431052,0.746605,550.000000,101.612900
1.000000,0.363021,0.580096,0.731934,0.726041,-0.343826,0.595523,550.000000,81.050723
1.000000,-0.170583,0.598147,0.888051,-0.341165,-0.470002,0.814067,550.000000,110.794491
1.000000,0.385217,0.121400,0.438163,0.770434,-0.318760,0.552108,550.000000,75.141944
1.000000,0.476241,0.636688,0.543450,0.952482,-0.152298,0.263787,550.000000,35.901441
1.000000,-0.237552,0.797401,0.618861,-0.000000,0.866025,0.500000,550.000000,68.050000
1.000000,-0.479978,0.549809,0.479179,-0.959955,-0.140077,0.242620,550.000000,33.020598
1.000000,-0.213609,0.976810,0.308115,-0.000000,0.866025,0.500000,550.000000,68.050000
1.000000,0.312622,0.837750,0.548975,-0.000000,0.866025,0.500000,550.000000,68.050000
1.000000,0.280899,0.040740,0.501149,0.561797,-0.413637,0.716441,550.000000,97.507624
1.000000,-0.302858,0.631441,0.823949,-0.605717,-0.397840,0.689079,550.000000,93.783684
1.000000,-0.194701,0.831649,0.559542,-0.000000,0.866025,0.500000,550.000000,68.050000
1.000000,-0.398148,0.485751,0.629692,-0.796295,-0.302454,0.523866,550.000000,71.298167
1.000000,0.372448,0.903248,0.435528,-0.000000,0.866025,0.500000,550.000000,68.050000
1.000000,-0.407469,0.670625,0.721788,-0.814938,-0.289774,0.501904,550.000000,68.309128
1.000000,-0.385314,0.269647,0.523618,-0.770628,-0.318643,0.551905,550.000000,75.114324
1.000000,-0.438491,0.716447,0.691071,-0.876982,-0.240262,0.416146,550.000000,56.637413
1.000000,-0.103137,0.017684,0.575144,-0.206273,-0.489247,0.847401,550.000000,115.331286
1.000000,-0.346559,0.433599,0.666506,-0.693119,-0.360412,0.624251,550.000000,84.960589
1.000000,0.022597,1.064180,0.156786,-0.000000,0.866025,0.500000,550.000000,68.050000
1.000000,-0.365004,0.367337,0.606665,-0.730008,-0.341719,0.591875,550.000000,80.554187
1.000000,0.347229,-0.094074,0.361109,0.694458,-0.359767,0.623134,550.000000,84.808585
1.000000,-0.073663,0.150463,0.657920,-0.147326,-0.494544,0.856575,550.000000,116.579908
1.000000,0.294339,0.102970,0.526161,0.588678,-0.404184,0.700067,550.000000,95.279115
1.000000,-0.426193,-0.121492,0.231760,-0.852386,-0.261456,0.452855,550.000000,61.633621
1.000000,-0.054173,0.187761,0.682355,-0.108347,-0.497057,0.860927,550.000000,117.172201
1.000000,-0.068153,1.113483,0.071391,-0.000000,0.866025,0.500000,550.000000,68.050000
1.000000,-0.344842,0.402970,0.650720,-0.689684,-0.362055,0.627098,550.000000,85.348079
1.000000,0.461877,0.132782,0.297779,0.923754,-0.191493,0.331676,550.000000,45.141145
1.000000,-0.093949,-0.146627,0.482412,-0.187897,-0.491094,0.850600,550.000000,115.766713
1.000000,-0.169910,1.089315,0.113252,-0.000000,0.866025,0.500000,550.000000,68.050000
1.000000,0.304696,-0.129582,0.382949,0.609392,-0.396434,0.686644,550.000000,93.452313
1.000000,0.381949,0.944290,0.364441,-0.000000,0.866025,0.500000,550.000000,68.050000
1.000000,-0.094391,0.691368,0.802516,-0.000000,0.866025,0.500000,550.000000,68.050000
1.000000,0.376050,0.669268,0.766904,0.752100,-0.329525,0.570754,550.000000,77.679565
1.000000,-0.276001,0.121854,0.551772,-0.552002,-0.416921,0.722129,550.000000,98.281756
1.000000,0.294344,0.981896,0.299306,-0.000000,0.866025,0.500000,550.000000,68.050000
1.000000,-0.375231,0.209118,0.502313,-0.750461,-0.330457,0.572369,550.000000,77.899402
1.000000,-0.024090,0.951836,0.351371,-0.000000,0.866025,0.500000,550.000000,68.050000
1.000000,-0.355096,0.264631,0.559244,-0.710192,-0.352004,0.609689,550.000000,82.978662
1.000000,-0.332487,0.909492,0.424714,-0.000000,0.866025,0.500000,550.000000,68.050000
1.000000,-0.210270,0.027306,0.539580,-0.420540,-0.453637,0.785722,550.000000,106.936822
1.000000,-0.444808,0.879564,0.476551,-0.000000,0.866025,0.500000,550.000000,68.050000
1.000000,-0.133258,0.205088,0.674875,-0.266517,-0.481915,0.834702,550.000000,113.602881
1.000000,-0.328384,-0.083481,0.387178,-0.656768,-0.377046,0.653063,550.000000,88.881908
1.000000,-0.000087,0.428493,0.824741,-0.000173,-0.500000,0.866025,550.000000,117.866056
1.000000,-0.333084,1.010906,0.249059,-0.000000,0.866025,0.500000,550.000000,68.050000
1.000000,-0.407631,0.056037,0.366692,-0.815261,-0.289547,0.501509,550.000000,68.255418
1.000000,-0.083453,0.783579,0.642801,-0.000000,0.866025,0.500000,550.000000,68.050000
1.000000,0.330906,-0.005138,0.429856,0.661812,-0.374835,0.649233,550.000000,88.360652
1.000000,-0.475522,0.623257,0.538271,-0.951044,-0.154528,0.267650,550.000000,36.427188
1.000000,-0.289563,0.961938,0.333874,-0.000000,0.866025,0.500000,550.000000,68.050000
1.000000,-0.229725,0.104229,0.572981,-0.459450,-0.444102,0.769207,550.000000,104.689035
1.000000,-0.222710,-0.030576,0.499261,-0.445420,-0.447661,0.775371,550.000000,105.528061
1.000000,-0.230202,0.386083,0.735424,-0.460403,-0.443855,0.768779,550.000000,104.630856
1.000000,-0.381758,0.428387,0.620176,-0.763515,-0.322895,0.559270,550.000000,76.116689
1.000000,0.405697,0.652596,0.714238,0.811394,-0.292250,0.506192,550.000000,68.892714
1.000000,-0.401297,0.206723,0.463757,-0.802593,-0.298263,0.516607,550.000000,70.310262
1.000000,0.167932,1.004070,0.260899,-0.000000,0.866025,0.500000,550.000000,68.050000
1.000000,0.323819,0.070837,0.480809,0.647638,-0.380974,0.659867,550.000000,89.807839
1.000000,0.386276,0.123457,0.437867,0.772553,-0.317475,0.549883,550.000000,74.839108
1.000000,-0.196094,0.433866,0.781589,-0.392188,-0.459943,0.796644,550.000000,108.423252
1.000000,0.457599,0.804936,0.605809,-0.000000,0.866025,0.500000,550.000000,68.050000
1.000000,-0.200271,-0.187226,0.420918,-0.400543,-0.458139,0.793520,550.000000,107.998081
1.000000,0.499930,0.740389,0.437141,0.999860,-0.008381,0.014516,550.000000,1.975562
1.000000,0.420050,0.144641,0.396682,0.840100,-0.271216,0.469760,550.000000,63.934350
1.000000,-0.196255,-0.079562,0.485082,-0.392509,-0.459874,0.796525,550.000000,108.407088
1.000000,-0.472194,0.663805,0.573100,-0.944388,-0.164417,0.284778,550.000000,38.758291
1.000000,0.474082,0.554108,0.503385,0.948164,-0.158890,0.275206,550.000000,37.455470
1.000000,0.412634,0.562531,0.650831,0.825268,-0.282371,0.489081,550.000000,66.563886
1.000000,-0.409849,0.535842,0.640072,-0.819699,-0.286397,0.496055,550.000000,67.513084
1.000000,-0.099495,0.191064,0.676115,-0.198990,-0.490001,0.848706,550.000000,115.508906
1.000000,0.314113,0.522831,0.751053,0.628226,-0.389015,0.673794,550.000000,91.703396
1.000000,-0.197692,0.811609,0.594252,-0.000000,0.866025,0.500000,550.000000,68.050000
1.000000,-0.390940,-0.084665,0.311056,-0.781879,-0.311715,0.539906,550.000000,73.481218
1.000000,-0.112773,0.021877,0.575104,-0.225546,-0.487116,0.843710,550.000000,114.828936
1.000000,-0.404975,0.321954,0.524496,-0.809950,-0.293250,0.507923,550.000000,69.128342
1.000000,-0.006351,0.143296,0.660036,-0.012703,-0.499960,0.865956,550.000000,117.856547
1.000000,0.259315,0.903021,0.435922,-0.000000,0.866025,0.500000,550.000000,68.050000
1.000000,-0.174114,-0.046441,0.514401,-0.348228,-0.468705,0.811821,550.000000,110.488819
1.000000,-0.005221,-0.106849,0.515629,-0.010442,-0.499973,0.865978,550.000000,117.859631
1.000000,-0.104282,0.034818,0.584755,-0.208565,-0.489004,0.846980,550.000000,115.274019
1.000000,-0.050268,0.521484,0.875504,-0.100535,-0.497467,0.861638,550.000000,117.268886
1.000000,0.283033,-0.193642,0.364146,0.566066,-0.412180,0.713917,550.000000,97.164092
1.000000,0.437956,0.407281,0.513699,0.875912,-0.241236,0.417833,550.000000,56.867014
1.000000,-0.184219,-0.055382,0.504760,-0.368438,-0.464826,0.805103,550.000000,109.574466
1.000000,0.414409,0.988851,0.287259,-0.000000,0.866025,0.500000,550.000000,68.050000
1.000000,0.262860,-0.183510,0.385178,0.525719,-0.425329,0.736692,550.000000,100.263721
1.000000,-0.187002,1.001914,0.264633,-0.000000,0.866025,0.500000,550.000000,68.050000
1.000000,-0.079869,1.061273,0.161821,-0.000000,0.866025,0.500000,550.000000,68.050000
1.000000,0.315109,0.505587,0.740166,0.630218,-0.388209,0.672398,550.000000,91.513348
1.000000,0.283507,0.947258,0.359302,-0.000000,0.866025,0.500000,550.000000,68.050000
1.000000,-0.164460,0.002544,0.546694,-0.328919,-0.472179,0.817838,550.000000,111.307764
1.000000,-0.153318,0.183759,0.655631,-0.306635,-0.475914,0.824306,550.000000,112.188109
1.000000,0.405757,0.118878,0.405998,0.811515,-0.292166,0.506046,550.000000,68.872868
1.000000,-0.231980,-0.092759,0.457895,-0.463960,-0.442928,0.767174,550.000000,104.412360
1.000000,0.271737,-0.197679,0.370513,0.543473,-0.419713,0.726965,550.000000,98.939877
1.000000,-0.046405,0.047001,0.601994,-0.092811,-0.497842,0.862287,550.000000,117.357321
1.000000,0.301326,0.210013,0.581978,0.602653,-0.399002,0.691091,550.000000,94.057510
1.000000,-0.341846,0.057135,0.454320,-0.683692,-0.364885,0.632000,550.000000,86.015207
1.000000,-0.196461,0.744383,0.710691,-0.000000,0.866025,0.500000,550.000000,68.050000
1.000000,0.449035,0.748844,0.686294,0.898070,-0.219926,0.380923,550.000000,51.843622
1.000000,-0.474242,0.776033,0.630963,-0.948483,-0.158414,0.274381,550.000000,37.343210
1.000000,-0.123885,0.031881,0.577754,-0.247769,-0.484410,0.839022,550.000000,114.190888
1.000000,0.465487,0.040984,0.234443,0.930975,-0.182542,0.316171,550.000000,43.030912
1.000000,-0.432728,-0.071351,0.248050,-0.865455,-0.250493,0.433867,550.000000,59.049297
1.000000,-0.111381,0.719058,0.754556,-0.000000,0.866025,0.500000,550.000000,68.050000
1.000000,-0.229559,0.974820,0.311563,-0.000000,0.866025,0.500000,550.000000,68.050000
1.000000,-0.087800,0.959523,0.338058,-0.000000,0.866025,0.500000,550.000000,68.050000
1.000000,-0.482509,0.020572,0.163247,-0.965019,-0.131090,0.227055,550.000000,30.902120
1.000000,-0.351987,0.670833,0.797354,-0.703974,-0.355113,0.615074,550.000000,83.711507
1.000000,-0.383238,0.543162,0.684410,-0.766477,-0.321136,0.556224,550.000000,75.702053
1.000000,-0.177970,0.552656,0.858615,-0.355939,-0.467255,0.809309,550.000000,110.146898
1.000000,-0.384910,0.098648,0.425454,-0.769820,-0.319130,0.552750,550.000000,75.229274
1.000000,-0.217143,0.785049,0.640256,-0.000000,0.866025,0.500000,550.000000,68.050000
1.000000,-0.393704,0.767534,0.670591,-0.000000,0.866025,0.500000,550.000000,68.050000
1.000000,-0.318222,0.268924,0.600587,-0.636443,-0.385662,0.667986,550.000000,90.912843
1.000000,-0.106958,1.069096,0.148271,-0.000000,0.866025,0.500000,550.000000,68.050000
1.000000,0.410833,0.560059,0.652421,0.821667,-0.284984,0.493607,550.000000,67.179885
1.000000,-0.200016,-0.169743,0.431141,-0.400033,-0.458250,0.793713,550.000000,108.024330
1.000000,-0.366125,0.000312,0.393377,-0.732250,-0.340518,0.589795,550.000000,80.271038
1.000000,-0.202517,0.977543,0.306845,-0.000000,0.866025,0.500000,550.000000,68.050000
1.000000,0.371758,-0.023258,0.372656,0.743516,-0.334359,0.579127,550.000000,78.819190
1.000000,0.466808,0.590569,0.547814,0.933617,-0.179136,0.310273,550.000000,42.228211
1.000000,0.472814,0.873042,0.487847,-0.000000,0.866025,0.500000,550.000000,68.050000
1.000000,-0.069426,0.864795,0.502131,-0.000000,0.866025,0.500000,550.000000,68.050000
1.000000,-0.015653,0.993063,0.279964,-0.000000,0.866025,0.500000,550.000000,68.050000
1.000000,0.287771,0.043500,0.497256,0.575542,-0.408886,0.708212,550.000000,96.387607
1.000000,-0.073406,0.882702,0.471115,-0.000000,0.866025,0.500000,550.000000,68.050000
1.000000,-0.033672,0.021861,0.588661,-0.067344,-0.498865,0.864059,550.000000,117.598481
1.000000,-0.012581,-0.033283,0.557952,-0.025162,-0.499842,0.865751,550.000000,117.828739
1.000000,-0.368163,0.117112,0.458265,-0.736327,-0.338313,0.585975,550.000000,79.751228
1.000000,-0.062875,0.794209,0.624390,-0.000000,0.866025,0.500000,550.000000,68.050000
1.000000,0.345121,0.571815,0.747896,0.690242,-0.361789,0.626637,550.000000,85.285303
1.000000,-0.089186,0.515777,0.865875,-0.178373,-0.491982,0.852137,550.000000,115.975842
1.000000,-0.049615,0.447484,0.832856,-0.099231,-0.497532,0.861751,550.000000,117.284326
1.000000,-0.061430,0.562500,0.897736,-0.122860,-0.496212,0.859464,550.000000,116.973112
1.000000,0.326747,-0.052220,0.406866,0.653493,-0.378466,0.655523,550.000000,89.216647
1.000000,-0.052285,0.154145,0.663180,-0.104569,-0.497259,0.861278,550.000000,117.219871
1.000000,-0.396798,-0.052079,0.321219,-0.793595,-0.304223,0.526930,550.000000,71.715127
1.000000,-0.276005,0.699812,0.787889,-0.000000,0.866025,0.500000,550.000000,68.050000
1.000000,0.450130,-0.061488,0.215851,0.900260,-0.217676,0.377026,550.000000,51.313303
1.000000,-0.238451,0.746648,0.706768,-0.000000,0.866025,0.500000,550.000000,68.050000
1.000000,0.350900,0.435387,0.662660,0.701801,-0.356187,0.616933,550.000000,83.964640
1.000000,0.414295,0.802325,0.610333,-0.000000,0.866025,0.500000,550.000000,68.050000
1.000000,0.287910,0.468535,0.742536,0.575821,-0.408788,0.708042,550.000000,96.364454
1.000000,-0.034938,1.063635,0.157730,-0.000000,0.866025,0.500000,550.000000,68.050000
1.000000,-0.016776,0.147504,0.662187,-0.033552,-0.499718,0.865538,550.000000,117.799695
1.000000,-0.412880,0.582869,0.662158,-0.825759,-0.282011,0.488458,550.000000,66.479127
1.000000,-0.022242,0.840968,0.543401,-0.000000,0.866025,0.500000,550.000000,68.050000
1.000000,-0.355423,0.051794,0.435981,-0.710846,-0.351674,0.609117,550.000000,82.900862
1.000000,-0.293742,0.748421,0.703697,-0.000000,0.866025,0.500000,550.000000,68.050000
1.000000,0.409455,0.848040,0.531151,-0.000000,0.866025,0.500000,550.000000,68.050000
1.000000,0.287114,0.724662,0.744849,-0.000000,0.866025,0.500000,550.000000,68.050000
1.000000,-0.300897,0.518251,0.760314,-0.601794,-0.399326,0.691652,550.000000,94.133865
1.000000,-0.374202,0.168545,0.480233,-0.748405,-0.331621,0.574385,550.000000,78.173775
1.000000,-0.060667,0.803627,0.608077,-0.000000,0.866025,0.500000,550.000000,68.050000
1.000000,0.374983,0.697135,0.784395,0.749966,-0.330738,0.572856,550.000000,77.965647
1.000000,-0.467117,0.403677,0.438983,-0.934233,-0.178332,0.308879,550.000000,42.038467
1.000000,0.297252,1.030549,0.215036,-0.000000,0.866025,0.500000,550.000000,68.050000
1.000000,0.423430,0.310995,0.486598,0.846859,-0.265909,0.460567,550.000000,62.683214
1.000000,0.330177,-0.041853,0.409401,0.660353,-0.375478,0.650346,550.000000,88.512118
1.000000,0.400155,0.527542,0.650748,0.800310,-0.299793,0.519258,550.000000,70.670955
1.000000,-0.071850,0.558848,0.894009,-0.143701,-0.494811,0.857037,550.000000,116.642748
1.000000,-0.391792,0.130403,0.433988,-0.783584,-0.310643,0.538050,550.000000,73.228555
1.000000,0.443276,0.110249,0.330752,0.886551,-0.231315,0.400650,550.000000,54.528464
1.000000,0.290898,0.142690,0.551961,0.581797,-0.406667,0.704368,550.000000,95.864476
1.000000,0.343559,1.027034,0.221125,-0.000000,0.866025,0.500000,550.000000,68.050000
1.000000,0.318935,0.278099,0.605203,0.637870,-0.385072,0.666964,550.000000,90.773823
1.000000,0.416831,0.927696,0.393184,-0.000000,0.866025,0.500000,550.000000,68.050000
1.000000,0.251364,-0.053720,0.468072,0.502729,-0.432222,0.748631,550.000000,101.888626
1.000000,-0.229333,0.927531,0.393469,-0.000000,0.866025,0.500000,550.000000,68.050000
1.000000,0.397841,0.002668,0.351250,0.795683,-0.302857,0.524564,550.000000,71.393108
1.000000,0.368633,0.274359,0.548460,0.737267,-0.337801,0.585088,550.000000,79.630486
1.000000,-0.285929,0.152709,0.561798,-0.571857,-0.410177,0.710447,550.000000,96.691793
1.000000,-0.008601,-0.204231,0.459352,-0.017202,-0.499926,0.865897,550.000000,117.848618
1.000000,-0.418543,0.809541,0.597833,-0.000000,0.866025,0.500000,550.000000,68.050000
1.000000,-0.203212,-0.022974,0.514252,-0.406423,-0.456842,0.791274,550.000000,107.692428
1.000000,-0.193917,0.683968,0.815333,-0.000000,0.866025,0.500000,550.000000,68.050000
1.000000,0.443009,0.227162,0.398841,0.886019,-0.231825,0.401533,550.000000,54.648579
1.000000,-0.131130,0.380998,0.777111,-0.262260,-0.482499,0.835712,550.000000,113.740432
1.000000,-0.163408,1.003509,0.261871,-0.000000,0.866025,0.500000,550.000000,68.050000
1.000000,-0.005811,0.300044,0.750542,-0.011621,-0.499966,0.865967,550.000000,117.858098
1.000000,0.365452,0.904361,0.433600,-0.000000,0.866025,0.500000,550.000000,68.050000
1.000000,-0.192695,-0.032510,0.513982,-0.385390,-0.461377,0.799128,550.000000,108.761346
1.000000,-0.056669,0.720062,0.752817,-0.000000,0.866025,0.500000,550.000000,68.050000
1.000000,-0.014412,0.338876,0.772761,-0.028823,-0.499792,0.865666,550.000000,117.817086
1.000000,-0.018480,0.878219,0.478880,-0.000000,0.866025,0.500000,550.000000,68.050000
1.000000,0.447724,0.032276,0.275652,0.895448,-0.222583,0.385525,550.000000,52.469969
1.000000,0.153871,1.009361,0.251735,-0.000000,0.866025,0.500000,550.000000,68.050000
1.000000,0.330206,0.541955,0.746432,0.660413,-0.375451,0.650301,550.000000,88.505937
1.000000,-0.436448,0.719661,0.697189,-0.872897,-0.243953,0.422538,550.000000,57.507467
1.000000,-0.486731,0.717794,0.546546,-0.973461,-0.114426,0.198191,550.000000,26.973837
1.000000,0.263166,1.008763,0.252771,-0.000000,0.866025,0.500000,550.000000,68.050000
1.000000,0.374627,0.619713,0.740160,0.749255,-0.331141,0.573553,550.000000,78.060562
1.000000,-0.366093,0.798395,0.617139,-0.000000,0.866025,0.500000,550.000000,68.050000
1.000000,-0.418728,0.209009,0.436197,-0.837455,-0.273253,0.473288,550.000000,64.414534
1.000000,0.406668,0.192473,0.447023,0.813336,-0.290897,0.503848,550.000000,68.573728
1.000000,0.036083,1.080520,0.128485,-0.000000,0.866025,0.500000,550.000000,68.050000
1.000000,0.147543,1.026665,0.221764,-0.000000,0.866025,0.500000,550.000000,68.050000
1.000000,-0.327323,0.935283,0.380043,-0.000000,0.866025,0.500000,550.000000,68.050000
1.000000,-0.022357,0.732374,0.731491,-0.000000,0.866025,0.500000,550.000000,68.050000
1.000000,-0.328305,0.307693,0.613102,-0.656609,-0.377116,0.653183,550.000000,88.898235
1.000000,0.149386,1.030081,0.215847,-0.000000,0.866025,0.500000,550.000000,68.050000
1.000000,-0.073804,-0.011598,0.564330,-0.147607,-0.494523,0.856539,550.000000,116.574955
1.000000,-0.135016,1.039484,0.199561,-0.000000,0.866025,0.500000,550.000000,68.050000
1.000000,-0.076724,-0.042561,0.545940,-0.153447,-0.494078,0.855769,550.000000,116.470155
1.000000,0.370764,0.017932,0.397710,0.741528,-0.335461,0.581036,550.000000,79.078935
1.000000,-0.398878,-0.044896,0.322211,-0.797755,-0.301491,0.522197,550.000000,71.071010
1.000000,0.286131,-0.021429,0.461097,0.572262,-0.410036,0.710202,550.000000,96.658550
1.000000,-0.467836,0.027236,0.219455,-0.935672,-0.176436,0.305596,550.000000,41.591595
1.000000,-0.344971,0.156839,0.508474,-0.689943,-0.361932,0.626885,550.000000,85.319005
1.000000,-0.254013,0.846296,0.534172,-0.000000,0.866025,0.500000,550.000000,68.050000
1.000000,-0.283901,0.279650,0.636711,-0.567801,-0.411583,0.712882,550.000000,97.023295
1.000000,-0.446512,0.061400,0.295261,-0.893025,-0.225004,0.389718,550.000000,53.040602
1.000000,-0.011118,0.285251,0.741897,-0.022237,-0.499876,0.865811,550.000000,117.836913
1.000000,0.444785,0.164832,0.358899,0.889569,-0.228400,0.395601,550.000000,53.841233
1.000000,-0.085126,-0.157339,0.478082,-0.170251,-0.492700,0.853382,550.000000,116.145292
1.000000,-0.381450,0.322984,0.559741,-0.762901,-0.323258,0.559899,550.000000,76.202222
1.000000,0.073394,1.084226,0.122065,-0.000000,0.866025,0.500000,550.000000,68.050000
1.000000,0.452562,0.174587,0.346257,0.905124,-0.212574,0.368190,550.000000,50.110593
1.000000,-0.043216,0.287329,0.741079,-0.086432,-0.498129,0.862784,550.000000,117.424969
1.000000,0.316267,0.649309,0.822055,0.632534,-0.387266,0.670765,550.000000,91.291093
1.000000,0.298489,0.483512,0.742340,0.596978,-0.401129,0.694776,550.000000,94.558971
1.000000,0.263067,0.017411,0.501032,0.526133,-0.425201,0.736470,550.000000,100.233560
1.000000,-0.446813,-0.090816,0.206689,-0.893626,-0.224406,0.388683,550.000000,52.899731
1.000000,-0.186691,0.218070,0.661498,-0.373381,-0.463839,0.803393,550.000000,109.341751
1.000000,-0.273847,0.960087,0.337081,-0.000000,0.866025,0.500000,550.000000,68.050000
1.000000,-0.278927,0.080235,0.525489,-0.557855,-0.414969,0.718748,550.000000,97.821602
1.000000,-0.067455,-0.219562,0.445308,-0.134911,-0.495429,0.858108,550.000000,116.788499
1.000000,-0.263119,0.505521,0.782805,-0.526237,-0.425169,0.736414,550.000000,100.225979
1.000000,-0.300019,0.310507,0.641136,-0.600037,-0.399986,0.692796,550.000000,94.289539
1.000000,-0.482376,0.560985,0.475819,-0.964753,-0.131579,0.227902,550.000000,31.017406
1.000000,0.459215,0.657379,0.607927,0.918431,-0.197791,0.342584,550.000000,46.625668
1.000000,-0.159931,0.791416,0.629228,-0.000000,0.866025,0.500000,550.000000,68.050000
1.000000,-0.226915,0.594415,0.857656,-0.453830,-0.445544,0.771705,550.000000,105.029063
1.000000,-0.147266,0.216706,0.676856,-0.294531,-0.477821,0.827610,550.000000,112.637744
1.000000,-0.077050,1.086165,0.118706,-0.000000,0.866025,0.500000,550.000000,68.050000
1.000000,-0.246433,0.591121,0.843639,-0.492867,-0.435052,0.753533,550.000000,102.555820
1.000000,0.424899,0.771815,0.663177,-0.000000,0.866025,0.500000,550.000000,68.050000
1.000000,-0.174869,-0.165849,0.445136,-0.349738,-0.468424,0.811334,550.000000,110.422506
1.000000,0.316578,1.003000,0.262752,-0.000000,0.866025,0.500000,550.000000,68.050000
1.000000,-0.241240,0.450204,0.765631,-0.482479,-0.437954,0.758558,550.000000,103.239751
1.000000,-0.263933,-0.065825,0.452355,-0.527867,-0.424664,0.735539,550.000000,100.106855
1.000000,-0.123534,0.335250,0.753008,-0.247068,-0.484499,0.839177,550.000000,114.212006
1.000000,-0.252324,-0.083897,0.450003,-0.504647,-0.431663,0.747662,550.000000,101.756774
1.000000,-0.055591,0.276241,0.733259,-0.111182,-0.496900,0.860656,550.000000,117.135292
1.000000,-0.388931,0.688883,0.760554,-0.777862,-0.314218,0.544241,550.000000,74.071159
1.000000,0.365124,0.186520,0.502123,0.730247,-0.341592,0.591654,550.000000,80.524100
1.000000,0.327536,0.037771,0.458034,0.655071,-0.377784,0.654340,550.000000,89.055741
1.000000,-0.443304,0.144648,0.350549,-0.886609,-0.231260,0.400554,550.000000,54.515382
1.000000,-0.146271,0.745428,0.708882,-0.000000,0.866025,0.500000,550.000000,68.050000
1.000000,-0.432786,0.208566,0.409544,-0.865572,-0.250392,0.433692,550.000000,59.025534
1.000000,-0.401919,0.211129,0.465332,-0.803837,-0.297425,0.515155,550.000000,70.112556
1.000000,-0.066060,0.423478,0.816784,-0.132121,-0.495617,0.858434,550.000000,116.832800
1.000000,0.368381,0.168810,0.487839,0.736763,-0.338076,0.585564,550.000000,79.695274
1.000000,-0.029755,0.685516,0.812652,-0.000000,0.866025,0.500000,550.000000,68.050000
1.000000,-0.211921,0.707775,0.774097,-0.000000,0.866025,0.500000,550.000000,68.050000
1.000000,-0.440811,0.346381,0.472466,-0.881623,-0.235977,0.408725,550.000000,55.627409
1.000000,-0.177199,0.432425,0.789538,-0.354399,-0.467547,0.809815,550.000000,110.215879
1.000000,-0.368106,0.547500,0.706822,-0.736212,-0.338375,0.586083,550.000000,79.765941
1.000000,-0.149393,0.045314,0.577139,-0.298787,-0.477160,0.826465,550.000000,112.481924
1.000000,-0.177963,0.625013,0.900393,-0.355926,-0.467257,0.809313,550.000000,110.147488
1.000000,-0.407395,0.886041,0.465332,-0.000000,0.866025,0.500000,550.000000,68.050000
1.000000,-0.390924,0.959456,0.338174,-0.000000,0.866025,0.500000,550.000000,68.050000
1.000000,-0.032607,-0.135591,0.497838,-0.065213,-0.498936,0.864182,550.000000,117.615160
1.000000,-0.076890,0.917008,0.411696,-0.000000,0.866025,0.500000,550.000000,68.050000
1.000000,-0.159006,-0.147412,0.462270,-0.318011,-0.474043,0.821067,550.000000,111.747261
1.000000,-0.036761,0.290484,0.743499,-0.073523,-0.498647,0.863682,550.000000,117.547057
1.000000,-0.342831,0.606398,0.770369,-0.685661,-0.363960,0.630398,550.000000,85.797153
1.000000,-0.354788,0.934715,0.381027,-0.000000,0.866025,0.500000,550.000000,68.050000
1.000000,-0.236540,0.751949,0.697586,-0.000000,0.866025,0.500000,550.000000,68.050000
1.000000,-0.179686,0.879509,0.476646,-0.000000,0.866025,0.500000,550.000000,68.050000
1.000000,-0.019468,0.749951,0.701046,-0.000000,0.866025,0.500000,550.000000,68.050000
1.000000,0.261192,0.488013,0.774067,0.522384,-0.426355,0.738469,550.000000,100.505588
1.000000,0.281766,0.944417,0.364222,-0.000000,0.866025,0.500000,550.000000,68.050000
1.000000,-0.385453,0.877449,0.480214,-0.000000,0.866025,0.500000,550.000000,68.050000
1.000000,-0.046204,0.443571,0.830976,-0.092408,-0.497861,0.862320,550.000000,117.361740
1.000000,0.375699,0.604292,0.729852,0.751398,-0.329925,0.571446,550.000000,77.773807
1.000000,-0.270613,0.948025,0.357972,-0.000000,0.866025,0.500000,550.000000,68.050000
1.000000,-0.279218,1.024916,0.224794,-0.000000,0.866025,0.500000,550.000000,68.050000
1.000000,-0.185088,0.995538,0.275678,-0.000000,0.866025,0.500000,550.000000,68.050000
1.000000,0.234482,1.056049,0.170869,-0.000000,0.866025,0.500000,550.000000,68.050000
1.000000,-0.052643,0.111774,0.638674,-0.105286,-0.497221,0.861212,550.000000,117.210957
1.000000,-0.064363,-0.225136,0.442564,-0.128726,-0.495840,0.858820,550.000000,116.885441
1.000000,-0.008993,-0.238415,0.439608,-0.017986,-0.499919,0.865885,550.000000,117.846992
1.000000,-0.016315,0.310394,0.756249,-0.032630,-0.499734,0.865564,550.000000,117.803294
1.000000,-0.399652,0.898012,0.444598,-0.000000,0.866025,0.500000,550.000000,68.050000
1.000000,-0.333140,0.182703,0.536014,-0.666280,-0.372851,0.645796,550.000000,87.892865
1.000000,-0.232527,0.493250,0.795897,-0.465053,-0.442641,0.766677,550.000000,104.344795
1.000000,-0.224212,-0.189367,0.406717,-0.448423,-0.446911,0.774072,550.000000,105.351207
1.000000,-0.258973,1.062669,0.159404,-0.000000,0.866025,0.500000,550.000000,68.050000
1.000000,0.172163,1.005410,0.258578,-0.000000,0.866025,0.500000,550.000000,68.050000
1.000000,0.427682,-0.086225,0.249300,0.855365,-0.259013,0.448624,550.000000,61.057696
1.000000,-0.111450,0.259346,0.712558,-0.222901,-0.487421,0.844237,550.000000,114.900681
1.000000,0.352599,0.011140,0.415779,0.705197,-0.354506,0.614022,550.000000,83.568364
1.000000,0.446838,0.024696,0.273322,0.893677,-0.224356,0.388595,550.000000,52.887812
1.000000,-0.123876,0.451160,0.819828,-0.247753,-0.484412,0.839026,550.000000,114.191384
1.000000,-0.342941,-0.175866,0.318609,-0.685881,-0.363857,0.630218,550.000000,85.772692
1.000000,-0.261362,0.354322,0.696760,-0.522724,-0.426251,0.738288,550.000000,100.481036
1.000000,0.332955,0.264193,0.583254,0.665910,-0.373016,0.646083,550.000000,87.931842
1.000000,-0.063362,0.598734,0.918375,-0.126724,-0.495969,0.859044,550.000000,116.915826
1.000000,-0.394349,0.805143,0.605452,-0.000000,0.866025,0.500000,550.000000,68.050000
1.000000,0.341142,-0.061093,0.386821,0.682284,-0.365544,0.633140,550.000000,86.170377
1.000000,-0.064149,0.329315,0.762709,-0.128298,-0.495868,0.858868,550.000000,116.891966
1.000000,0.331271,0.808918,0.598913,-0.000000,0.866025,0.500000,550.000000,68.050000
1.000000,-0.468622,0.171057,0.300066,-0.937245,-0.174336,0.301959,550.000000,41.096552
1.000000,-0.455268,0.057319,0.271788,-0.910535,-0.206715,0.358042,550.000000,48.729470
1.000000,0.015147,1.020557,0.232343,-0.000000,0.866025,0.500000,550.000000,68.050000
1.000000,-0.394160,-0.064408,0.318038,-0.788320,-0.307633,0.532836,550.000000,72.518986
1.000000,-0.105310,0.125634,0.636934,-0.210619,-0.488784,0.846599,550.000000,115.222108
1.000000,-0.210994,1.086389,0.118319,-0.000000,0.866025,0.500000,550.000000,68.050000
1.000000,0.409393,0.908202,0.426948,-0.000000,0.866025,0.500000,550.000000,68.050000
1.000000,-0.238653,0.060481,0.542258,-0.477306,-0.439369,0.761009,550.000000,103.573308
1.000000,-0.464031,0.689629,0.613177,-0.928063,-0.186212,0.322528,550.000000,43.896106
1.000000,-0.172362,-0.208808,0.421406,-0.344724,-0.469352,0.812942,550.000000,110.641354
1.000000,0.294611,0.952917,0.349499,-0.000000,0.866025,0.500000,550.000000,68.050000
1.000000,-0.248969,0.504414,0.791909,-0.497937,-0.433607,0.751028,550.000000,102.214978
1.000000,0.386921,-0.085287,0.316441,0.773843,-0.316689,0.548521,550.000000,74.653764
1.000000,-0.015646,0.302902,0.751948,-0.031292,-0.499755,0.865601,550.000000,117.808337
1.000000,-0.188967,-0.018725,0.523719,-0.377935,-0.462916,0.801794,550.000000,109.124204
1.000000,-0.361482,0.721847,0.749724,-0.000000,0.866025,0.500000,550.000000,68.050000
1.000000,0.399582,0.195476,0.459911,0.799164,-0.300557,0.520580,550.000000,70.850900
1.000000,-0.321665,0.034962,0.462198,-0.643331,-0.382794,0.663019,550.000000,90.236880
1.000000,-0.244056,0.005001,0.506788,-0.488111,-0.436391,0.755851,550.000000,102.871315
1.000000,0.312991,0.559148,0.773064,0.625981,-0.389919,0.675359,550.000000,91.916421
1.000000,-0.215376,1.081061,0.127548,-0.000000,0.866025,0.500000,550.000000,68.050000
1.000000,-0.225912,0.632053,0.879974,-0.451825,-0.446053,0.772587,550.000000,105.149100
1.000000,0.394159,0.714585,0.762303,-0.000000,0.866025,0.500000,550.000000,68.050000
1.000000,-0.087561,-0.063041,0.532032,-0.175121,-0.492273,0.852643,550.000000,116.044654
1.000000,-0.178752,0.445209,0.796236,-0.357503,-0.466956,0.808791,550.000000,110.076520
1.000000,-0.211034,-0.158483,0.431905,-0.422068,-0.453282,0.785107,550.000000,106.853123
1.000000,0.302599,0.272426,0.616899,0.605198,-0.398038,0.689421,550.000000,93.830243
1.000000,0.276897,0.054235,0.512045,0.553795,-0.416327,0.721099,550.000000,98.141537
1.000000,0.419289,0.533880,0.622765,0.838578,-0.272391,0.471794,550.000000,64.211195
1.000000,-0.446321,0.810014,0.597015,-0.000000,0.866025,0.500000,550.000000,68.050000
1.000000,-0.451614,-0.062771,0.211534,-0.903229,-0.214580,0.371663,550.000000,50.583330
1.000000,0.487368,0.656508,0.507991,0.974736,-0.111679,0.193434,550.000000,26.326431
1.000000,-0.238024,1.045074,0.189878,-0.000000,0.866025,0.500000,550.000000,68.050000
1.000000,0.380852,0.268709,0.529219,0.761704,-0.323962,0.561119,550.000000,76.368339
1.000000,-0.115562,-0.015045,0.553032,-0.231124,-0.486462,0.842577,550.000000,114.674755
1.000000,-0.144074,0.403613,0.785889,-0.288149,-0.478793,0.829293,550.000000,112.866839
1.000000,0.464687,0.745573,0.643579,0.929375,-0.184569,0.319683,550.000000,43.508846
1.000000,0.359030,0.613460,0.756007,0.718059,-0.347991,0.602738,550.000000,82.032663
1.000000,-0.272314,-0.142394,0.401999,-0.544628,-0.419339,0.726316,550.000000,98.851624
1.000000,0.271216,0.488071,0.766820,0.542432,-0.420050,0.727548,550.000000,99.019259
1.000000,-0.171171,1.058425,0.166754,-0.000000,0.866025,0.500000,550.000000,68.050000
1.000000,-0.403326,0.423358,0.585656,-0.806651,-0.295514,0.511845,550.000000,69.662114
1.000000,-0.116592,0.854393,0.520147,-0.000000,0.866025,0.500000,550.000000,68.050000
1.000000,-0.357063,-0.164318,0.309286,-0.714126,-0.350009,0.606233,550.000000,82.508290
1.000000,-0.241949,0.845274,0.535943,-0.000000,0.866025,0.500000,550.000000,68.050000
1.000000,-0.116481,0.062179,0.597364,-0.232961,-0.486243,0.842198,550.000000,114.623097
1.000000,0.259168,0.388633,0.718114,0.518335,-0.427589,0.740606,550.000000,100.796417
1.000000,0.363196,0.933586,0.382982,-0.000000,0.866025,0.500000,550.000000,68.050000
1.000000,-0.154667,0.022104,0.561795,-0.309334,-0.475477,0.823550,550.000000,112.085123
1.000000,-0.442139,0.080413,0.316027,-0.884278,-0.233481,0.404400,550.000000,55.038904
1.000000,0.363972,0.916205,0.413087,-0.000000,0.866025,0.500000,550.000000,68.050000
1.000000,0.423332,0.759829,0.683937,-0.000000,0.866025,0.500000,550.000000,68.050000
1.000000,-0.236831,0.964982,0.328603,-0.000000,0.866025,0.500000,550.000000,68.050000
1.000000,0.454722,0.538828,0.551171,0.909443,-0.207914,0.360118,550.000000,49.012058
1.000000,0.349428,-0.142088,0.330923,0.698856,-0.357631,0.619436,550.000000,84.305183
1.000000,-0.025586,-0.094378,0.522105,-0.051171,-0.499345,0.864891,550.000000,117.711642
1.000000,0.304575,-0.040151,0.434689,0.609150,-0.396528,0.686806,550.000000,93.474271
1.000000,-0.099530,0.361760,0.774658,-0.199060,-0.489994,0.848694,550.000000,115.507230
1.000000,-0.111895,0.065565,0.600561,-0.223789,-0.487319,0.844061,550.000000,114.876690
1.000000,-0.287810,0.329323,0.662244,-0.575619,-0.408859,0.708165,550.000000,96.381191
1.000000,0.393222,0.738130,0.721522,-0.000000,0.866025,0.500000,550.000000,68.050000
1.000000,-0.366474,0.729448,0.736559,-0.000000,0.866025,0.500000,550.000000,68.050000
1.000000,-0.014211,0.620408,0.925422,-0.000000,0.866025,0.500000,550.000000,68.050000
1.000000,-0.221592,0.364535,0.728019,-0.443184,-0.448215,0.776332,550.000000,105.658761
1.000000,0.112035,1.001704,0.264997,-0.000000,0.866025,0.500000,550.000000,68.050000
1.000000,0.411217,0.610557,0.680938,0.822433,-0.284431,0.492648,550.000000,67.049457
1.000000,0.386995,-0.088659,0.314390,0.773989,-0.316599,0.548366,550.000000,74.632621
1.000000,0.257677,0.156000,0.584842,0.515355,-0.428489,0.742164,550.000000,101.008502
1.000000,0.377273,-0.012896,0.371439,0.754546,-0.328124,0.568327,550.000000,77.349269
1.000000,-0.225956,0.166571,0.611202,-0.451912,-0.446031,0.772549,550.000000,105.143882
1.000000,-0.410758,0.831161,0.560387,-0.000000,0.866025,0.500000,550.000000,68.050000
1.000000,-0.444731,0.773319,0.660572,-0.000000,0.866025,0.500000,550.000000,68.050000
1.000000,-0.082258,1.022032,0.229788,-0.000000,0.866025,0.500000,550.000000,68.050000
1.000000,0.456397,0.852969,0.522615,-0.000000,0.866025,0.500000,550.000000,68.050000
1.000000,-0.285658,1.013925,0.243830,-0.000000,0.866025,0.500000,550.000000,68.050000
1.000000,-0.061279,0.758347,0.686505,-0.000000,0.866025,0.500000,550.000000,68.050000
1.000000,0.244637,1.075369,0.137406,-0.000000,0.866025,0.500000,550.000000,68.050000
1.000000,0.271226,0.228650,0.617035,0.542451,-0.420044,0.727537,550.000000,99.017766
1.000000,-0.294854,0.214438,0.590084,-0.589707,-0.403809,0.699417,550.000000,95.190654
1.000000,-0.171225,-0.113640,0.476831,-0.342451,-0.469768,0.813662,550.000000,110.739375
1.000000,-0.151203,0.062515,0.586411,-0.302406,-0.476590,0.825478,550.000000,112.347492
1.000000,-0.134982,0.625300,0.916931,-0.269963,-0.481435,0.833870,550.000000,113.489758
1.000000,-0.383134,0.636830,0.738633,-0.766268,-0.321260,0.556439,550.000000,75.731393
1.000000,-0.331358,0.551322,0.750666,-0.662717,-0.374435,0.648541,550.000000,88.266391
1.000000,-0.298968,-0.069343,0.422736,-0.597936,-0.400772,0.694157,550.000000,94.474815
1.000000,0.339701,0.594627,0.766948,0.679403,-0.366883,0.635460,550.000000,86.486072
1.000000,-0.353857,0.523440,0.710106,-0.707713,-0.353250,0.611847,550.000000,83.272320
1.000000,-0.004221,0.849425,0.528753,-0.000000,0.866025,0.500000,550.000000,68.050000
1.000000,0.193708,1.040734,0.197395,-0.000000,0.866025,0.500000,550.000000,68.050000
1.000000,-0.114964,0.526956,0.866120,-0.229929,-0.486604,0.842822,550.000000,114.708128
1.000000,-0.017246,0.368065,0.789509,-0.034493,-0.499702,0.865510,550.000000,117.795922
1.000000,-0.112488,0.733170,0.730112,-0.000000,0.866025,0.500000,550.000000,68.050000
1.000000,0.265981,0.702819,0.782681,-0.000000,0.866025,0.500000,550.000000,68.050000
1.000000,0.338908,0.736898,0.723656,-0.000000,0.866025,0.500000,550.000000,68.050000
1.000000,0.266574,0.684737,0.814001,-0.000000,0.866025,0.500000,550.000000,68.050000
1.000000,0.386010,0.349611,0.568811,0.772020,-0.317799,0.550444,550.000000,74.915455
1.000000,0.426329,0.778614,0.651401,-0.000000,0.866025,0.500000,550.000000,68.050000
1.000000,0.308063,-0.036251,0.433819,0.616125,-0.393824,0.682123,550.000000,92.836987
1.000000,-0.120129,0.124891,0.632545,-0.240258,-0.485355,0.840659,550.000000,114.413662
1.000000,-0.267010,0.964656,0.329166,-0.000000,0.866025,0.500000,550.000000,68.050000
1.000000,-0.465247,0.472523,0.484298,-0.930494,-0.183153,0.317230,550.000000,43.175041
1.000000,0.297421,0.110032,0.527626,0.594841,-0.401922,0.696149,550.000000,94.745844
1.000000,0.253853,-0.126625,0.424297,0.507707,-0.430765,0.746107,550.000000,101.545122
1.000000,-0.152810,0.547598,0.865882,-0.305620,-0.476077,0.824589,550.000000,112.226583
1.000000,-0.054446,-0.146277,0.489464,-0.108892,-0.497027,0.860876,550.000000,117.165175
1.000000,0.396525,0.973916,0.313128,-0.000000,0.866025,0.500000,550.000000,68.050000
1.000000,-0.311129,0.905317,0.431945,-0.000000,0.866025,0.500000,550.000000,68.050000
1.000000,0.496817,-0.026982,0.049468,0.993633,-0.056331,0.097569,550.000000,13.279100
1.000000,0.452534,0.907925,0.427427,-0.000000,0.866025,0.500000,550.000000,68.050000
1.000000,-0.150945,-0.198385,0.435875,-0.301890,-0.476671,0.825619,550.000000,112.366745
1.000000,0.272065,0.559798,0.807597,0.544129,-0.419501,0.726597,550.000000,98.889785
1.000000,-0.021997,0.965149,0.328313,-0.000000,0.866025,0.500000,550.000000,68.050000
1.000000,0.299258,0.806726,0.602710,-0.000000,0.866025,0.500000,550.000000,68.050000
1.000000,0.339356,0.045688,0.450387,0.678712,-0.367202,0.636013,550.000000,86.561368
1.000000,-0.247578,0.797234,0.619150,-0.000000,0.866025,0.500000,550.000000,68.050000
1.000000,-0.175408,0.743062,0.712979,-0.000000,0.866025,0.500000,550.000000,68.050000
1.000000,-0.222288,0.982748,0.297830,-0.000000,0.866025,0.500000,550.000000,68.050000
1.000000,0.317758,0.122787,0.516657,0.635515,-0.386044,0.668648,550.000000,91.002990
1.000000,-0.327256,0.255236,0.583868,-0.654511,-0.378026,0.654760,550.000000,89.112888
1.000000,-0.087523,0.793133,0.626253,-0.000000,0.866025,0.500000,550.000000,68.050000
1.000000,-0.161073,-0.173105,0.446630,-0.322145,-0.473345,0.819858,550.000000,111.582648
1.000000,-0.051013,-0.068339,0.534882,-0.102025,-0.497391,0.861506,550.000000,117.251010
1.000000,-0.462360,0.195200,0.332467,-0.924719,-0.190325,0.329653,550.000000,44.865732
1.000000,-0.067903,1.103791,0.088178,-0.000000,0.866025,0.500000,550.000000,68.050000
1.000000,-0.076014,0.798353,0.617211,-0.000000,0.866025,0.500000,550.000000,68.050000
1.000000,-0.283655,1.007681,0.254645,-0.000000,0.866025,0.500000,550.000000,68.050000
1.000000,0.226095,1.025254,0.224209,-0.000000,0.866025,0.500000,550.000000,68.050000
1.000000,-0.380354,0.522793,0.676589,-0.760708,-0.324547,0.562132,550.000000,76.506156
1.000000,-0.158717,0.876930,0.481113,-0.000000,0.866025,0.500000,550.000000,68.050000
1.000000,0.470808,0.927410,0.393679,-0.000000,0.866025,0.500000,550.000000,68.050000
1.000000,-0.143330,0.350177,0.755295,-0.286660,-0.479016,0.829680,550.000000,112.919493
1.000000,-0.306876,0.257175,0.604298,-0.613752,-0.394750,0.683726,550.000000,93.055155
1.000000,-0.102701,1.088219,0.115149,-0.000000,0.866025,0.500000,550.000000,68.050000
1.000000,-0.114816,1.097461,0.099142,-0.000000,0.866025,0.500000,550.000000,68.050000
1.000000,0.332508,0.655629,0.809709,0.665016,-0.373414,0.646773,550.000000,88.025766
1.000000,-0.105743,0.909905,0.423998,-0.000000,0.866025,0.500000,550.000000,68.050000
1.000000,-0.171216,0.186903,0.650354,-0.342432,-0.469771,0.813668,550.000000,110.740201
1.000000,-0.315200,0.553538,0.767766,-0.630400,-0.388135,0.672270,550.000000,91.495949
1.000000,0.364553,1.033428,0.210051,-0.000000,0.866025,0.500000,550.000000,68.050000
1.000000,0.403449,-0.086431,0.291134,0.806899,-0.295345,0.511552,550.000000,69.622263
1.000000,-0.051496,0.967908,0.323534,-0.000000,0.866025,0.500000,550.000000,68.050000
1.000000,0.277466,0.561978,0.804753,0.554932,-0.415948,0.720443,550.000000,98.052259
1.000000,-0.296481,0.263223,0.616872,-0.592962,-0.402615,0.697350,550.000000,94.909325
1.000000,-0.108037,0.843771,0.538546,-0.000000,0.866025,0.500000,550.000000,68.050000
1.000000,0.499779,0.105580,0.078136,0.999557,-0.014878,0.025770,550.000000,3.507308
1.000000,-0.127279,0.972288,0.315948,-0.000000,0.866025,0.500000,550.000000,68.050000
1.000000,0.286307,0.709511,0.771091,-0.000000,0.866025,0.500000,550.000000,68.050000
1.000000,-0.010005,1.035229,0.206932,-0.000000,0.866025,0.500000,550.000000,68.050000
1.000000,0.386270,0.537606,0.676985,0.772540,-0.317483,0.549897,550.000000,74.840929
1.000000,-0.293820,0.058036,0.500654,-0.587640,-0.404561,0.700721,550.000000,95.368107
1.000000,-0.209810,0.848774,0.529880,-0.000000,0.866025,0.500000,550.000000,68.050000
1.000000,-0.364286,0.932242,0.385310,-0.000000,0.866025,0.500000,550.000000,68.050000
1.000000,0.321264,0.855395,0.518412,-0.000000,0.866025,0.500000,550.000000,68.050000
1.000000,-0.288015,0.412167,0.709907,-0.576031,-0.408714,0.707913,550.000000,96.347025
1.000000,-0.268451,0.027169,0.502764,-0.536902,-0.421822,0.730618,550.000000,99.437050
1.000000,0.430573,0.392914,0.520349,0.861147,-0.254178,0.440250,550.000000,59.917981
1.000000,0.346422,-0.073786,0.373719,0.692844,-0.360544,0.624480,550.000000,84.991721
1.000000,0.473109,0.049768,0.215524,0.946218,-0.161765,0.280186,550.000000,38.133289
1.000000,-0.370038,0.346651,0.588421,-0.740076,-0.336262,0.582422,550.000000,79.267693
1.000000,-0.111528,0.087825,0.613510,-0.223055,-0.487403,0.844207,550.000000,114.896514
1.000000,-0.351291,0.424419,0.655882,-0.702583,-0.355801,0.616265,550.000000,83.873707
1.000000,-0.222573,0.613836,0.871391,-0.445147,-0.447729,0.775489,550.000000,105.544071
1.000000,-0.086102,0.072372,0.610509,-0.172205,-0.492531,0.853088,550.000000,116.105279
1.000000,0.324535,0.739855,0.718533,-0.000000,0.866025,0.500000,550.000000,68.050000
1.000000,-0.466714,0.262270,0.358556,-0.933427,-0.179383,0.310701,550.000000,42.286377
1.000000,0.360133,0.753098,0.695596,-0.000000,0.866025,0.500000,550.000000,68.050000
1.000000,0.275664,-0.163700,0.387164,0.551329,-0.417144,0.722515,550.000000,98.334252
1.000000,-0.368946,0.206169,0.508696,-0.737893,-0.337459,0.584496,550.000000,79.549901
1.000000,-0.470331,0.018953,0.206863,-0.940662,-0.169672,0.293881,550.000000,39.997138
1.000000,-0.369162,0.433408,0.639620,-0.738324,-0.337223,0.584088,550.000000,79.494346
1.000000,-0.061571,0.002512,0.574407,-0.123143,-0.496194,0.859434,550.000000,116.968975
1.000000,-0.201555,-0.058221,0.494749,-0.403110,-0.457576,0.792545,550.000000,107.865313
1.000000,0.278060,-0.119311,0.410953,0.556120,-0.415551,0.719755,550.000000,97.958681
1.000000,0.359594,-0.042622,0.376544,0.719189,-0.347407,0.601727,550.000000,81.895074
1.000000,-0.374997,0.591019,0.723110,-0.749994,-0.330722,0.572828,550.000000,77.961887
1.000000,-0.138709,-0.126874,0.481438,-0.277418,-0.480375,0.832033,550.000000,113.239748
1.000000,-0.335956,0.259266,0.577291,-0.671912,-0.370316,0.641405,550.000000,87.295279
1.000000,-0.315586,0.420787,0.690759,-0.631172,-0.387821,0.671726,550.000000,91.421927
1.000000,0.292867,-0.075067,0.424604,0.585734,-0.405252,0.701916,550.000000,95.530825
1.000000,-0.005867,0.838685,0.547355,-0.000000,0.866025,0.500000,550.000000,68.050000
1.000000,0.343594,0.113986,0.485243,0.687189,-0.363239,0.629149,550.000000,85.627180
1.000000,-0.035579,0.615839,0.931442,-0.071159,-0.498733,0.863830,550.000000,117.567269
1.000000,-0.398917,0.568027,0.676022,-0.797833,-0.301439,0.522108,550.000000,71.058850
1.000000,-0.425382,-0.040034,0.280311,-0.850765,-0.262773,0.455137,550.000000,61.944126
1.000000,-0.187343,0.233907,0.670338,-0.374685,-0.463576,0.802937,550.000000,109.279761
1.000000,0.269629,0.214101,0.609821,0.539258,-0.421070,0.729315,550.000000,99.259805
1.000000,0.489916,0.680380,0.508184,0.979832,-0.099910,0.173050,550.000000,23.552095
1.000000,0.431078,0.457571,0.556689,0.862157,-0.253321,0.438764,550.000000,59.715818
1.000000,-0.214631,-0.206567,0.402189,-0.429262,-0.451590,0.782177,550.000000,106.454243
1.000000,0.402356,0.834825,0.554040,-0.000000,0.866025,0.500000,550.000000,68.050000
1.000000,0.405622,0.270883,0.493975,0.811245,-0.292353,0.506371,550.000000,68.917100
1.000000,-0.115598,0.538959,0.872876,-0.231195,-0.486454,0.842562,550.000000,114.672751
1.000000,-0.495914,0.788841,0.529094,-0.991829,-0.063788,0.110484,550.000000,15.036917
1.000000,-0.361213,0.062743,0.435433,-0.722426,-0.345724,0.598812,550.000000,81.498324
1.000000,-0.281903,0.723589,0.746708,-0.000000,0.866025,0.500000,550.000000,68.050000
1.000000,0.291338,0.579347,0.803702,0.582676,-0.406352,0.703823,550.000000,95.790316
1.000000,0.020995,1.067969,0.150224,-0.000000,0.866025,0.500000,550.000000,68.050000
1.000000,-0.108042,0.073312,0.606037,-0.216085,-0.488187,0.845565,550.000000,115.081428
1.000000,-0.318744,0.784155,0.641804,-0.000000,0.866025,0.500000,550.000000,68.050000
1.000000,-0.148429,0.007890,0.555879,-0.296858,-0.477461,0.826986,550.000000,112.552837
1.000000,-0.301507,0.875452,0.483673,-0.000000,0.866025,0.500000,550.000000,68.050000
1.000000,0.299568,0.690616,0.803818,-0.000000,0.866025,0.500000,550.000000,68.050000
1.000000,-0.277833,1.003464,0.261949,-0.000000,0.866025,0.500000,550.000000,68.050000
1.000000,-0.172290,0.781941,0.645638,-0.000000,0.866025,0.500000,550.000000,68.050000
1.000000,-0.075109,-0.244420,0.429683,-0.150218,-0.494326,0.856198,550.000000,116.528615
1.000000,-0.226518,-0.131639,0.438701,-0.453036,-0.445746,0.772055,550.000000,105.076663
1.000000,-0.049648,0.687077,0.809948,-0.000000,0.866025,0.500000,550.000000,68.050000
1.000000,0.400773,0.041960,0.369443,0.801545,-0.298967,0.517826,550.000000,70.476119
1.000000,-0.462774,0.163194,0.312823,-0.925547,-0.189316,0.327905,550.000000,44.627863
1.000000,0.480936,0.077546,0.202676,0.961872,-0.136749,0.236857,550.000000,32.236198
1.000000,0.336621,0.769595,0.667023,-0.000000,0.866025,0.500000,550.000000,68.050000
1.000000,-0.052984,0.578387,0.908032,-0.105969,-0.497185,0.861149,550.000000,117.202405
1.000000,-0.029410,-0.172080,0.477000,-0.058820,-0.499134,0.864526,550.000000,117.661984
1.000000,0.421681,-0.083073,0.262275,0.843362,-0.268673,0.465355,550.000000,63.334873
1.000000,-0.004958,0.501784,0.867027,-0.009917,-0.499975,0.865983,550.000000,117.860262
1.000000,-0.429899,0.874254,0.485748,-0.000000,0.866025,0.500000,550.000000,68.050000
1.000000,-0.473908,0.726316,0.603407,-0.947817,-0.159408,0.276103,550.000000,37.577561
1.000000,-0.245061,0.033133,0.522379,-0.490122,-0.435827,0.754875,550.000000,102.738427
1.000000,-0.017388,0.985162,0.293650,-0.000000,0.866025,0.500000,550.000000,68.050000
1.000000,-0.450424,0.045167,0.276724,-0.900848,-0.217067,0.375971,550.000000,51.169696
1.000000,-0.007578,0.977397,0.307099,-0.000000,0.866025,0.500000,550.000000,68.050000
1.000000,0.438552,0.352698,0.480933,0.877103,-0.240151,0.415954,550.000000,56.611336
1.000000,-0.121258,0.601050,0.907131,-0.242517,-0.485074,0.840172,550.000000,114.347432
1.000000,-0.427574,0.528417,0.604370,-0.855148,-0.259192,0.448933,550.000000,61.099785
1.000000,-0.079840,0.087132,0.620248,-0.159679,-0.493584,0.854913,550.000000,116.353710
1.000000,0.371264,0.785331,0.639766,-0.000000,0.866025,0.500000,550.000000,68.050000
1.000000,-0.039934,1.095463,0.102603,-0.000000,0.866025,0.500000,550.000000,68.050000
1.000000,-0.427371,0.522048,0.601081,-0.854741,-0.259527,0.449514,550.000000,61.178874
1.000000,-0.248420,1.042240,0.194787,-0.000000,0.866025,0.500000,550.000000,68.050000
1.000000,-0.156106,0.243353,0.688990,-0.312212,-0.475006,0.822735,550.000000,111.974227
1.000000,-0.445158,0.514344,0.559850,-0.890315,-0.227672,0.394340,550.000000,53.669661
1.000000,-0.193947,0.362165,0.741242,-0.387895,-0.460852,0.798219,550.000000,108.637587
1.000000,-0.126501,0.356388,0.764327,-0.253002,-0.483733,0.837850,550.000000,114.031367
1.000000,-0.255781,0.438152,0.749053,-0.511563,-0.429623,0.744129,550.000000,101.275932
1.000000,0.411094,0.260971,0.479308,0.822188,-0.284608,0.492955,550.000000,67.091212
1.000000,-0.174262,0.504167,0.832231,-0.348524,-0.468650,0.811725,550.000000,110.475824
1.000000,-0.113150,1.013727,0.244174,-0.000000,0.866025,0.500000,550.000000,68.050000
1.000000,-0.017933,0.387435,0.800665,-0.035867,-0.499678,0.865468,550.000000,117.790219
1.000000,0.341502,0.636224,0.789029,0.683004,-0.365207,0.632558,550.000000,86.091093
1.000000,-0.266931,0.169031,0.585781,-0.533861,-0.422786,0.732287,550.000000,99.664249
1.000000,-0.114739,0.548754,0.878766,-0.229477,-0.486657,0.842915,550.000000,114.720682
1.000000,-0.076575,-0.014060,0.562422,-0.153149,-0.494102,0.855809,550.000000,116.475602
1.000000,-0.147946,0.281922,0.714265,-0.295892,-0.477611,0.827246,550.000000,112.588166
1.000000,-0.478501,0.633991,0.533514,-0.957002,-0.145041,0.251218,550.000000,34.190787
1.000000,-0.196796,0.283761,0.694579,-0.393593,-0.459642,0.796124,550.000000,108.352488
1.000000,-0.140576,0.170516,0.652509,-0.281152,-0.479832,0.831093,550.000000,113.111724
1.000000,-0.226655,0.711542,0.767572,-0.000000,0.866025,0.500000,550.000000,68.050000
1.000000,-0.275268,-0.081031,0.435195,-0.550536,-0.417406,0.722968,550.000000,98.395912
1.000000,-0.104489,-0.024009,0.550741,-0.208979,-0.488960,0.846904,550.000000,115.263591
1.000000,0.324300,0.680675,0.821036,-0.000000,0.866025,0.500000,550.000000,68.050000
1.000000,-0.393121,-0.139636,0.276137,-0.786241,-0.308960,0.535134,550.000000,72.831778
1.000000,-0.333971,0.538418,0.740528,-0.667942,-0.372107,0.644507,550.000000,87.717461
1.000000,-0.091848,-0.162682,0.473601,-0.183696,-0.491492,0.851288,550.000000,115.860353
1.000000,-0.137531,-0.138994,0.474832,-0.275063,-0.480713,0.832620,550.000000,113.319525
1.000000,-0.246581,0.561462,0.826419,-0.493161,-0.434969,0.753388,550.000000,102.536140
1.000000,-0.356000,0.800941,0.612729,-0.000000,0.866025,0.500000,550.000000,68.050000
1.000000,-0.001667,0.177287,0.679704,-0.003333,-0.499997,0.866021,550.000000,117.865403
1.000000,-0.064011,0.244873,0.713977,-0.128022,-0.495886,0.858899,550.000000,116.896179
1.000000,-0.308172,-0.004670,0.451954,-0.616344,-0.393738,0.681975,550.000000,92.816808
1.000000,0.395656,0.331658,0.544482,0.791313,-0.305706,0.529498,550.000000,72.064652
1.000000,0.321521,0.268236,0.597019,0.643041,-0.382916,0.663229,550.000000,90.265528
1.000000,-0.480437,0.588683,0.499796,-0.960873,-0.138495,0.239880,550.000000,32.647635
1.000000,-0.138024,0.531976,0.862053,-0.276048,-0.480572,0.832375,550.000000,113.286226
1.000000,0.459544,0.139638,0.308127,0.919088,-0.197026,0.341259,550.000000,46.445416
1.000000,0.462847,0.178792,0.321621,0.925695,-0.189136,0.327593,550.000000,44.585407
1.000000,-0.338367,0.530009,0.731063,-0.676733,-0.368114,0.637592,550.000000,86.776310
1.000000,0.257783,-0.069740,0.454438,0.515566,-0.428425,0.742054,550.000000,100.993526
1.000000,0.415593,0.969005,0.321634,-0.000000,0.866025,0.500000,550.000000,68.050000
1.000000,-0.289550,-0.189645,0.361197,-0.579101,-0.407628,0.706032,550.000000,96.091015
1.000000,-0.150783,0.765002,0.674978,-0.000000,0.866025,0.500000,550.000000,68.050000
1.000000,-0.083107,0.866357,0.499426,-0.000000,0.866025,0.500000,550.000000,68.050000
1.000000,0.281438,0.651545,0.853374,0.562875,-0.413271,0.715806,550.000000,97.421240
1.000000,0.324255,0.622890,0.799109,0.648510,-0.380603,0.659224,550.000000,89.720379
1.000000,0.049250,1.091654,0.109200,-0.000000,0.866025,0.500000,550.000000,68.050000
1.000000,-0.369754,0.753088,0.695613,-0.000000,0.866025,0.500000,550.000000,68.050000
1.000000,0.066903,1.096289,0.101172,-0.000000,0.866025,0.500000,550.000000,68.050000
1.000000,0.463811,0.193646,0.327453,0.927622,-0.186760,0.323478,550.000000,44.025299
1.000000,-0.405301,0.017431,0.348159,-0.810602,-0.292799,0.507142,550.000000,69.022049
1.000000,0.392197,0.370600,0.572075,0.784394,-0.310131,0.537163,550.000000,73.107932
1.000000,0.463467,0.117723,0.284604,0.926934,-0.187613,0.324955,550.000000,44.226364
1.000000,-0.461478,0.607234,0.572811,-0.922957,-0.192452,0.333336,550.000000,45.367020
1.000000,-0.157394,-0.230964,0.414652,-0.314787,-0.474581,0.821999,550.000000,111.874012
1.000000,-0.241702,0.045725,0.531810,-0.483404,-0.437699,0.758117,550.000000,103.179666
1.000000,0.399182,-0.069429,0.307582,0.798363,-0.301088,0.521500,550.000000,70.976120
1.000000,-0.088129,-0.032170,0.549738,-0.176259,-0.492172,0.852467,550.000000,116.020735
1.000000,-0.447771,0.668265,0.642730,-0.895542,-0.222489,0.385361,550.000000,52.447694
1.000000,-0.461706,0.853811,0.521156,-0.000000,0.866025,0.500000,550.000000,68.050000
1.000000,-0.415902,0.589731,0.660950,-0.831805,-0.277534,0.480703,550.000000,65.423705
1.000000,0.279005,-0.120423,0.409579,0.558010,-0.414917,0.718658,550.000000,97.809310
1.000000,0.298474,1.008678,0.252919,-0.000000,0.866025,0.500000,550.000000,68.050000
1.000000,0.387927,0.431965,0.613653,0.775854,-0.315456,0.546387,550.000000,74.363203
1.000000,-0.389826,0.138569,0.441547,-0.779653,-0.313106,0.542316,550.000000,73.809154
1.000000,-0.253514,0.514476,0.794668,-0.507029,-0.430965,0.746453,550.000000,101.592192
1.000000,-0.284904,0.056517,0.507083,-0.569809,-0.410889,0.711680,550.000000,96.859641
1.000000,-0.011690,0.296607,0.748438,-0.023380,-0.499863,0.865789,550.000000,117.833840
1.000000,-0.165629,-0.092255,0.491490,-0.331258,-0.471770,0.817130,550.000000,111.211377
1.000000,-0.386840,0.732139,0.731899,-0.000000,0.866025,0.500000,550.000000,68.050000
1.000000,-0.292657,0.852094,0.524130,-0.000000,0.866025,0.500000,550.000000,68.050000
1.000000,-0.464169,-0.072128,0.172979,-0.928339,-0.185868,0.321932,550.000000,43.814970
1.000000,-0.462393,-0.001313,0.218916,-0.924787,-0.190243,0.329510,550.000000,44.846349
1.000000,-0.188198,0.241483,0.674312,-0.376396,-0.463229,0.802337,550.000000,109.198039
1.000000,-0.262330,0.357883,0.698129,-0.524660,-0.425656,0.737258,550.000000,100.340754
1.000000,-0.022734,0.496277,0.863279,-0.045468,-0.499483,0.865130,550.000000,117.744161
1.000000,0.436239,-0.083844,0.233716,0.872479,-0.244326,0.423185,550.000000,57.595492
1.000000,0.077631,1.062506,0.159686,-0.000000,0.866025,0.500000,550.000000,68.050000
1.000000,-0.328354,0.509479,0.729553,-0.656709,-0.377072,0.653108,550.000000,88.887997
1.000000,-0.495416,0.642672,0.449048,-0.990832,-0.067551,0.117002,550.000000,15.923962
1.000000,-0.118270,0.030639,0.578655,-0.236540,-0.485811,0.841449,550.000000,114.521211
1.000000,-0.278974,0.716397,0.759164,-0.000000,0.866025,0.500000,550.000000,68.050000
1.000000,-0.222229,0.161999,0.610720,-0.444458,-0.447900,0.775785,550.000000,105.584405
1.000000,0.323971,0.401503,0.671570,0.647942,-0.380845,0.659642,550.000000,89.777338
1.000000,-0.280659,0.628154,0.840480,-0.561319,-0.413800,0.716722,550.000000,97.545898
1.000000,0.281304,0.563312,0.802538,0.562608,-0.413362,0.715964,550.000000,97.442667
1.000000,-0.293365,0.831354,0.560053,-0.000000,0.866025,0.500000,550.000000,68.050000
1.000000,-0.437492,0.750838,0.699510,-0.000000,0.866025,0.500000,550.000000,68.050000
1.000000,-0.088777,0.954762,0.346304,-0.000000,0.866025,0.500000,550.000000,68.050000
1.000000,-0.144952,0.351818,0.755679,-0.289905,-0.478528,0.828834,550.000000,112.804351
1.000000,0.459327,-0.050951,0.198672,0.918655,-0.197531,0.342133,550.000000,46.564350
1.000000,0.311249,0.756916,0.688983,-0.000000,0.866025,0.500000,550.000000,68.050000
1.000000,-0.242572,0.679394,0.823255,-0.000000,0.866025,0.500000,550.000000,68.050000
1.000000,-0.271168,-0.107646,0.422918,-0.542336,-0.420081,0.727601,550.000000,99.026537
1.000000,-0.019035,0.473266,0.850172,-0.038071,-0.499638,0.865398,550.000000,117.780610
1.000000,0.270749,0.109377,0.548528,0.541499,-0.420351,0.728069,550.000000,99.090195
1.000000,0.328855,0.853517,0.521665,-0.000000,0.866025,0.500000,550.000000,68.050000
1.000000,-0.418702,0.975419,0.310525,-0.000000,0.866025,0.500000,550.000000,68.050000
1.000000,-0.069097,0.354200,0.776308,-0.138194,-0.495203,0.857716,550.000000,116.735158
1.000000,-0.190814,0.584605,0.871176,-0.381628,-0.462158,0.800481,550.000000,108.945478
1.000000,-0.427343,0.626990,0.661721,-0.854687,-0.259572,0.449592,550.000000,61.189501
1.000000,0.032350,1.089922,0.112199,-0.000000,0.866025,0.500000,550.000000,68.050000
1.000000,-0.084352,0.744732,0.710085,-0.000000,0.866025,0.500000,550.000000,68.050000
1.000000,0.280593,0.276806,0.637681,0.561186,-0.413845,0.716800,550.000000,97.556496
1.000000,0.297043,-0.047122,0.437216,0.594085,-0.402201,0.696632,550.000000,94.811682
1.000000,0.312392,0.676463,0.828332,-0.000000,0.866025,0.500000,550.000000,68.050000
1.000000,-0.363613,0.674303,0.785601,-0.727225,-0.343199,0.594439,550.000000,80.903113
1.000000,-0.484835,0.294699,0.311260,-0.969670,-0.122210,0.211673,550.000000,28.808715
1.000000,-0.356342,-0.136167,0.326386,-0.712685,-0.350742,0.607503,550.000000,82.681215
1.000000,-0.191028,0.133148,0.610425,-0.382055,-0.462070,0.800328,550.000000,108.924683
1.000000,-0.353413,0.679138,0.800511,-0.706826,-0.353694,0.612616,550.000000,83.376998
1.000000,-0.475165,-0.015062,0.170999,-0.950331,-0.155621,0.269543,550.000000,36.684814
1.000000,0.188289,1.016662,0.239091,-0.000000,0.866025,0.500000,550.000000,68.050000
1.000000,-0.347712,-0.123096,0.343814,-0.695423,-0.359300,0.622326,550.000000,84.698574
1.000000,0.407768,0.282824,0.497404,0.815536,-0.289353,0.501174,550.000000,68.209783
1.000000,0.308372,-0.054197,0.423179,0.616743,-0.393582,0.681704,550.000000,92.779951
1.000000,-0.146588,0.042091,0.576282,-0.293176,-0.478029,0.827971,550.000000,112.686852
1.000000,0.285900,-0.087161,0.423332,0.571799,-0.410197,0.710482,550.000000,96.696558
1.000000,-0.427854,-0.038981,0.276250,-0.855707,-0.258730,0.448134,550.000000,60.991033
1.000000,-0.285419,0.311662,0.653979,-0.570837,-0.410532,0.711062,550.000000,96.775477
1.000000,-0.014403,0.579643,0.911768,-0.028805,-0.499793,0.865666,550.000000,117.817147
1.000000,-0.054790,1.061581,0.161288,-0.000000,0.866025,0.500000,550.000000,68.050000
1.000000,0.070037,1.035978,0.205633,-0.000000,0.866025,0.500000,550.000000,68.050000
1.000000,-0.054981,0.008709,0.578877,-0.109962,-0.496968,0.860774,550.000000,117.151291
1.000000,-0.263833,0.566993,0.817785,-0.527666,-0.424726,0.735647,550.000000,100.121528
1.000000,-0.173014,0.012046,0.548639,-0.346029,-0.469112,0.812526,550.000000,110.584752
1.000000,0.378892,0.117082,0.444322,0.757784,-0.326253,0.565087,550.000000,76.908273
1.000000,0.338420,0.004194,0.427426,0.676841,-0.368065,0.637507,550.000000,86.764699
1.000000,-0.470610,0.824776,0.571446,-0.000000,0.866025,0.500000,550.000000,68.050000
1.000000,-0.178159,-0.100526,0.481417,-0.356318,-0.467182,0.809184,550.000000,110.129899
1.000000,-0.394965,0.845907,0.534846,-0.000000,0.866025,0.500000,550.000000,68.050000
1.000000,-0.325601,0.832798,0.557551,-0.000000,0.866025,0.500000,550.000000,68.050000
1.000000,-0.370029,0.979882,0.302794,-0.000000,0.866025,0.500000,550.000000,68.050000
1.000000,-0.355197,0.520437,0.706816,-0.710394,-0.351902,0.609513,550.000000,82.954662
1.000000,-0.463599,0.885851,0.465661,-0.000000,0.866025,0.500000,550.000000,68.050000
1.000000,-0.280245,0.688367,0.807714,-0.000000,0.866025,0.500000,550.000000,68.050000
1.000000,-0.286838,0.083312,0.520997,-0.573676,-0.409541,0.709346,550.000000,96.542004
1.000000,-0.112383,0.882178,0.472022,-0.000000,0.866025,0.500000,550.000000,68.050000
1.000000,-0.099562,0.816958,0.584988,-0.000000,0.866025,0.500000,550.000000,68.050000
1.000000,0.323224,0.421371,0.683773,0.646448,-0.381479,0.660741,550.000000,89.926889
1.000000,-0.043059,0.016794,0.584901,-0.086118,-0.498142,0.862808,550.000000,117.428180
1.000000,-0.011978,0.451515,0.837867,-0.023955,-0.499857,0.865777,550.000000,117.832233
1.000000,-0.056391,0.793456,0.625694,-0.000000,0.866025,0.500000,550.000000,68.050000
1.000000,0.460922,-0.002620,0.222245,0.921845,-0.193779,0.335636,550.000000,45.680047
1.000000,0.488582,0.482226,0.401091,0.977164,-0.106242,0.184017,550.000000,25.044750
1.000000,-0.073435,0.580792,0.906410,-0.146871,-0.494578,0.856634,550.000000,116.587885
1.000000,-0.363127,0.471463,0.669086,-0.726253,-0.343714,0.595330,550.000000,81.024362
1.000000,0.484322,0.434182,0.394119,0.968644,-0.124226,0.215166,550.000000,29.284129
1.000000,-0.085308,0.100924,0.627153,-0.170616,-0.492669,0.853327,550.000000,116.137859
1.000000,-0.478311,0.810754,0.595732,-0.000000,0.866025,0.500000,550.000000,68.050000
1.000000,-0.038853,0.112821,0.640742,-0.077705,-0.498488,0.863407,550.000000,117.509674
1.000000,-0.394393,-0.026735,0.339444,-0.788786,-0.307334,0.532318,550.000000,72.448542
1.000000,-0.167983,0.302811,0.718619,-0.335967,-0.470937,0.815687,550.000000,111.014964
1.000000,-0.099529,0.911470,0.421288,-0.000000,0.866025,0.500000,550.000000,68.050000
1.000000,-0.286823,0.193117,0.584405,-0.573646,-0.409552,0.709364,550.000000,96.544449
1.000000,-0.329941,0.254169,0.580548,-0.659881,-0.375685,0.650705,550.000000,88.561001
1.000000,-0.231467,0.313601,0.692817,-0.462933,-0.443197,0.767639,550.000000,104.475673
1.000000,-0.404349,0.033374,0.358880,-0.808698,-0.294112,0.509417,550.000000,69.331608
1.000000,-0.322045,0.041740,0.465742,-0.644091,-0.382475,0.662466,550.000000,90.161557
1.000000,0.339388,0.985632,0.292835,-0.000000,0.866025,0.500000,550.000000,68.050000
1.000000,-0.026815,1.105047,0.086003,-0.000000,0.866025,0.500000,550.000000,68.050000
1.000000,0.358867,0.162076,0.495594,0.717733,-0.348159,0.603029,550.000000,82.072286
1.000000,-0.174799,0.369015,0.753970,-0.349598,-0.468450,0.811379,550.000000,110.428669
1.000000,-0.125234,0.659569,0.857594,-0.000000,0.866025,0.500000,550.000000,68.050000
1.000000,-0.221559,-0.047219,0.490311,-0.443119,-0.448231,0.776360,550.000000,105.662557
1.000000,-0.354887,0.110369,0.470424,-0.709774,-0.352215,0.610053,550.000000,83.028274
1.000000,-0.245538,-0.098133,0.446283,-0.491076,-0.435558,0.754409,550.000000,102.675096
1.000000,-0.339479,-0.164795,0.328733,-0.678958,-0.367089,0.635816,550.000000,86.534578
1.000000,0.356452,0.201194,0.521033,0.712904,-0.350631,0.607310,550.000000,82.654933
1.000000,0.256193,0.174683,0.596656,0.512386,-0.429378,0.743704,550.000000,101.218092
1.000000,-0.295324,1.058708,0.166264,-0.000000,0.866025,0.500000,550.000000,68.050000
1.000000,-0.267371,0.361211,0.696415,-0.534743,-0.422507,0.731804,550.000000,99.598562
1.000000,0.272881,0.827714,0.566357,-0.000000,0.866025,0.500000,550.000000,68.050000
1.000000,-0.352325,0.123252,0.480822,-0.704650,-0.354777,0.614493,550.000000,83.632442
1.000000,0.396291,0.947582,0.358740,-0.000000,0.866025,0.500000,550.000000,68.050000
1.000000,0.298579,0.548123,0.779566,0.597157,-0.401062,0.694660,550.000000,94.543227
1.000000,-0.236517,0.117752,0.576655,-0.473035,-0.440522,0.763006,550.000000,103.845153
1.000000,0.454882,0.227378,0.370950,0.909764,-0.207563,0.359510,550.000000,48.929256
1.000000,-0.436144,0.085780,0.331845,-0.872288,-0.244496,0.423480,550.000000,57.635566
1.000000,-0.366337,0.776466,0.655121,-0.000000,0.866025,0.500000,550.000000,68.050000
1.000000,0.344427,0.485928,0.699072,0.688853,-0.362450,0.627782,550.000000,85.441195
1.000000,-0.246272,0.531044,0.809059,-0.492545,-0.435144,0.753691,550.000000,102.577317
1.000000,-0.278153,0.340678,0.676455,-0.556306,-0.415489,0.719647,550.000000,97.944009
1.000000,0.401168,0.827834,0.566150,-0.000000,0.866025,0.500000,550.000000,68.050000
1.000000,0.445270,0.453869,0.524680,0.890541,-0.227452,0.393958,550.000000,53.617708
1.000000,-0.304681,-0.156813,0.367240,-0.609363,-0.396446,0.686664,550.000000,93.454996
1.000000,0.370803,0.264362,0.539937,0.741606,-0.335418,0.580960,550.000000,79.068695
1.000000,-0.421948,0.134432,0.387366,-0.843897,-0.268253,0.464628,550.000000,63.235842
1.000000,-0.400619,0.212666,0.468237,-0.801239,-0.299172,0.518182,550.000000,70.524505
1.000000,-0.287091,-0.085773,0.423171,-0.574182,-0.409364,0.709039,550.000000,96.500225
1.000000,0.137702,1.014462,0.242901,-0.000000,0.866025,0.500000,550.000000,68.050000
1.000000,0.256293,0.152416,0.583731,0.512587,-0.429318,0.743600,550.000000,101.203992
1.000000,-0.396006,-0.136047,0.273929,-0.792012,-0.305253,0.528713,550.000000,71.957836
1.000000,-0.213741,0.723530,0.746810,-0.000000,0.866025,0.500000,550.000000,68.050000
1.000000,-0.141647,-0.092868,0.500081,-0.283294,-0.479517,0.830547,550.000000,113.037454
1.000000,-0.269742,0.775857,0.656176,-0.000000,0.866025,0.500000,550.000000,68.050000
1.000000,0.300865,0.008952,0.466298,0.601730,-0.399350,0.691694,550.000000,94.139588
1.000000,-0.015865,0.709430,0.771231,-0.000000,0.866025,0.500000,550.000000,68.050000
1.000000,-0.133474,0.128356,0.630505,-0.266948,-0.481856,0.834598,550.000000,113.588817
1.000000,-0.135556,1.047756,0.185234,-0.000000,0.866025,0.500000,550.000000,68.050000
1.000000,0.381064,0.718801,0.755000,-0.000000,0.866025,0.500000,550.000000,68.050000
1.000000,-0.168244,-0.062921,0.507356,-0.336489,-0.470844,0.815525,550.000000,110.992984
1.000000,-0.360815,0.205045,0.518071,-0.721629,-0.346140,0.599532,550.000000,81.596305
1.000000,-0.015925,-0.223631,0.447944,-0.031850,-0.499746,0.865586,550.000000,117.806260
1.000000,0.330303,0.587058,0.772374,0.660605,-0.375367,0.650154,550.000000,88.485983
1.000000,-0.347780,0.615248,0.770022,-0.695559,-0.359234,0.622212,550.000000,84.683076
1.000000,-0.014516,0.659034,0.858520,-0.000000,0.866025,0.500000,550.000000,68.050000
1.000000,-0.043214,0.260825,0.725777,-0.086428,-0.498129,0.862785,550.000000,117.425019
1.000000,-0.353493,0.637715,0.776503,-0.706985,-0.353614,0.612478,550.000000,83.358198
1.000000,-0.069438,0.809347,0.598169,-0.000000,0.866025,0.500000,550.000000,68.050000
1.000000,0.040287,1.013741,0.244149,-0.000000,0.866025,0.500000,550.000000,68.050000
1.000000,-0.184013,-0.130774,0.461327,-0.368026,-0.464908,0.805244,550.000000,109.593690
1.000000,-0.349455,0.497775,0.700317,-0.698909,-0.357605,0.619391,550.000000,84.299049
1.000000,0.327771,0.172803,0.535759,0.655542,-0.377579,0.653987,550.000000,89.007574
1.000000,-0.426188,0.716885,0.715806,-0.852377,-0.261464,0.452869,550.000000,61.635476
1.000000,-0.399642,0.628194,0.709649,-0.799284,-0.300477,0.520441,550.000000,70.832052
1.000000,-0.235295,-0.180742,0.405075,-0.470590,-0.441176,0.764139,550.000000,103.999350
1.000000,-0.003715,1.094068,0.105018,-0.000000,0.866025,0.500000,550.000000,68.050000
1.000000,-0.095334,1.104480,0.086985,-0.000000,0.866025,0.500000,550.000000,68.050000
1.000000,-0.141764,0.065749,0.591618,-0.283527,-0.479482,0.830487,550.000000,113.029325
1.000000,0.339687,0.173961,0.524092,0.679374,-0.366896,0.635483,550.000000,86.489194
1.000000,-0.214194,0.972739,0.315166,-0.000000,0.866025,0.500000,550.000000,68.050000
1.000000,0.414032,0.975834,0.309806,-0.000000,0.866025,0.500000,550.000000,68.050000
1.000000,-0.399707,0.624684,0.707523,-0.799413,-0.300391,0.520292,550.000000,70.811737
1.000000,-0.338453,0.618666,0.782157,-0.676905,-0.368035,0.637456,550.000000,86.757711
1.000000,0.354013,-0.137022,0.328607,0.708027,-0.353093,0.611575,550.000000,83.235341
1.000000,0.358503,1.025019,0.224614,-0.000000,0.866025,0.500000,550.000000,68.050000
1.000000,-0.049722,-0.100606,0.516404,-0.099444,-0.497522,0.861733,550.000000,117.281814
1.000000,-0.459043,0.406756,0.463692,-0.918085,-0.198191,0.343278,550.000000,46.720096
1.000000,0.297409,0.707800,0.774055,-0.000000,0.866025,0.500000,550.000000,68.050000
1.000000,0.379990,0.244847,0.516608,0.759981,-0.324973,0.562869,550.000000,76.606496
1.000000,-0.219599,0.682746,0.817450,-0.000000,0.866025,0.500000,550.000000,68.050000
1.000000,-0.248993,0.643107,0.871968,-0.497985,-0.433593,0.751005,550.000000,102.211735
1.000000,0.343003,0.878248,0.478829,-0.000000,0.866025,0.500000,550.000000,68.050000
1.000000,-0.135314,-0.000727,0.555386,-0.270627,-0.481342,0.833709,550.000000,113.467798
1.000000,0.315938,0.650142,0.822846,0.631875,-0.387535,0.671230,550.000000,91.354460
1.000000,-0.389048,1.018523,0.235867,-0.000000,0.866025,0.500000,550.000000,68.050000
1.000000,-0.087109,1.089889,0.112257,-0.000000,0.866025,0.500000,550.000000,68.050000
1.000000,0.403142,0.192989,0.452942,0.806283,-0.295765,0.512280,550.000000,69.721301
1.000000,-0.179912,0.171306,0.637583,-0.359823,-0.466510,0.808019,550.000000,109.971441
1.000000,-0.210223,0.228117,0.655543,-0.420446,-0.453659,0.785760,550.000000,106.941948
1.000000,0.133786,1.018603,0.235727,-0.000000,0.866025,0.500000,550.000000,68.050000
1.000000,-0.337939,0.720349,0.752318,-0.000000,0.866025,0.500000,550.000000,68.050000
1.000000,-0.396546,0.752528,0.696583,-0.000000,0.866025,0.500000,550.000000,68.050000
1.000000,0.260483,0.481503,0.770809,0.520966,-0.426789,0.739220,550.000000,100.607808
1.000000,-0.268447,0.882394,0.471650,-0.000000,0.866025,0.500000,550.000000,68.050000
1.000000,-0.246321,0.060160,0.537162,-0.492642,-0.435116,0.753643,550.000000,102.570854
1.000000,0.439549,0.328985,0.465129,0.879098,-0.238321,0.412784,550.000000,56.179847
1.000000,-0.414827,0.472128,0.594906,-0.829653,-0.279140,0.483484,550.000000,65.802168
1.000000,-0.289737,0.613023,0.824464,-0.579473,-0.407496,0.705803,550.000000,96.059786
1.000000,-0.059361,0.092460,0.626649,-0.118721,-0.496464,0.859901,550.000000,117.032465
1.000000,-0.096273,0.961690,0.334304,-0.000000,0.866025,0.500000,550.000000,68.050000
1.000000,-0.290414,1.057076,0.169090,-0.000000,0.866025,0.500000,550.000000,68.050000
1.000000,-0.151929,0.967695,0.323903,-0.000000,0.866025,0.500000,550.000000,68.050000
1.000000,0.372093,1.010220,0.250247,-0.000000,0.866025,0.500000,550.000000,68.050000
1.000000,0.427331,-0.080180,0.253460,0.854661,-0.259593,0.449628,550.000000,61.194369
1.000000,-0.215156,0.181006,0.625666,-0.430313,-0.451340,0.781744,550.000000,106.395308
1.000000,-0.099156,0.392961,0.792759,-0.198313,-0.490069,0.848825,550.000000,115.525093
1.000000,0.340471,0.393594,0.650057,0.680942,-0.366169,0.634223,550.000000,86.317714
1.000000,0.068258,1.088059,0.115427,-0.000000,0.866025,0.500000,550.000000,68.050000
1.000000,0.352147,-0.003901,0.407613,0.704294,-0.354954,0.614799,550.000000,83.674098
1.000000,-0.147777,0.640001,0.891485,-0.000000,0.866025,0.500000,550.000000,68.050000
1.000000,-0.228051,0.740509,0.717401,-0.000000,0.866025,0.500000,550.000000,68.050000
1.000000,-0.446715,0.935476,0.379708,-0.000000,0.866025,0.500000,550.000000,68.050000
1.000000,-0.249251,0.581517,0.836237,-0.498502,-0.433444,0.750747,550.000000,102.176732
1.000000,-0.192755,0.574443,0.864378,-0.385511,-0.461352,0.799085,550.000000,108.755412
1.000000,0.348808,0.989051,0.286914,-0.000000,0.866025,0.500000,550.000000,68.050000
1.000000,-0.456558,0.464456,0.503539,-0.913116,-0.203850,0.353078,550.000000,48.053961
1.000000,0.336345,1.009530,0.251443,-0.000000,0.866025,0.500000,550.000000,68.050000
1.000000,0.402032,0.719303,0.754131,-0.000000,0.866025,0.500000,550.000000,68.050000
1.000000,-0.064735,0.494869,0.858204,-0.129470,-0.495792,0.858736,550.000000,116.874024
1.000000,-0.042702,0.720414,0.752207,-0.000000,0.866025,0.500000,550.000000,68.050000
1.000000,0.265508,0.556231,0.810364,0.531017,-0.423681,0.733836,550.000000,99.875133
1.000000,-0.300733,-0.120443,0.391706,-0.601467,-0.399449,0.691866,550.000000,94.162919
1.000000,-0.081527,0.995506,0.275732,-0.000000,0.866025,0.500000,550.000000,68.050000
1.000000,-0.155596,-0.211437,0.426610,-0.311192,-0.475173,0.823025,550.000000,112.013651
1.000000,-0.294928,0.227496,0.597560,-0.589855,-0.403755,0.699323,550.000000,95.177906
1.000000,-0.002402,-0.122852,0.506415,-0.004804,-0.499994,0.866015,550.000000,117.864697
1.000000,0.423518,0.388477,0.531169,0.847036,-0.265768,0.460323,550.000000,62.649973
1.000000,-0.239345,0.958150,0.340435,-0.000000,0.866025,0.500000,550.000000,68.050000
1.000000,0.286653,0.841922,0.541748,-0.000000,0.866025,0.500000,550.000000,68.050000
1.000000,-0.269466,0.090657,0.538671,-0.538932,-0.421175,0.729496,550.000000,99.284388
1.000000,-0.227952,0.087465,0.564357,-0.455904,-0.445015,0.770788,550.000000,104.904221
1.000000,-0.493031,0.756667,0.532920,-0.986062,-0.083189,0.144087,550.000000,19.610267
1.000000,0.459146,0.599688,0.574806,0.918292,-0.197952,0.342863,550.000000,46.663696
1.000000,0.453148,0.155118,0.333571,0.906296,-0.211322,0.366021,550.000000,49.815401
1.000000,-0.359091,-0.047173,0.374516,-0.718183,-0.347927,0.602628,550.000000,82.017617
1.000000,0.261855,-0.166387,0.395780,0.523710,-0.425948,0.737764,550.000000,100.409722
1.000000,-0.158705,0.183141,0.653231,-0.317410,-0.474144,0.821242,550.000000,111.771014
1.000000,0.183313,1.038100,0.201958,-0.000000,0.866025,0.500000,550.000000,68.050000
1.000000,-0.137684,0.916655,0.412308,-0.000000,0.866025,0.500000,550.000000,68.050000
1.000000,-0.274697,0.959855,0.337483,-0.000000,0.866025,0.500000,550.000000,68.050000
1.000000,-0.158734,0.866802,0.498655,-0.000000,0.866025,0.500000,550.000000,68.050000
1.000000,0.258874,0.254562,0.640914,0.517748,-0.427767,0.740914,550.000000,100.838341
1.000000,0.290585,0.992421,0.281077,-0.000000,0.866025,0.500000,550.000000,68.050000
1.000000,0.132497,1.065384,0.154700,-0.000000,0.866025,0.500000,550.000000,68.050000
1.000000,0.373591,0.781968,0.645591,-0.000000,0.866025,0.500000,550.000000,68.050000
1.000000,-0.245209,0.765370,0.674341,-0.000000,0.866025,0.500000,550.000000,68.050000
1.000000,-0.323892,0.767321,0.670962,-0.000000,0.866025,0.500000,550.000000,68.050000
1.000000,-0.425540,0.997124,0.272930,-0.000000,0.866025,0.500000,550.000000,68.050000
1.000000,-0.121111,0.918192,0.409645,-0.000000,0.866025,0.500000,550.000000,68.050000
1.000000,0.329220,0.689451,0.805835,-0.000000,0.866025,0.500000,550.000000,68.050000
1.000000,-0.442126,0.537788,0.580122,-0.884251,-0.233506,0.404444,550.000000,55.044839
1.000000,0.295856,0.344527,0.664343,0.591711,-0.403075,0.698146,550.000000,95.017733
1.000000,0.306143,1.026584,0.221904,-0.000000,0.866025,0.500000,550.000000,68.050000
1.000000,-0.249667,0.214164,0.623869,-0.499334,-0.433205,0.750333,550.000000,102.120269
1.000000,-0.228844,0.105172,0.574051,-0.457687,-0.444557,0.769995,550.000000,104.796268
1.000000,-0.272891,0.886250,0.464970,-0.000000,0.866025,0.500000,550.000000,68.050000
1.000000,-0.333515,0.011224,0.436624,-0.667029,-0.372516,0.645216,550.000000,87.813909
1.000000,0.059976,1.065400,0.154673,-0.000000,0.866025,0.500000,550.000000,68.050000
1.000000,0.370312,0.043729,0.413180,0.740624,-0.335960,0.581900,550.000000,79.196586
1.000000,-0.097440,1.073975,0.139822,-0.000000,0.866025,0.500000,550.000000,68.050000
1.000000,-0.224769,0.117470,0.583546,-0.449538,-0.446631,0.773587,550.000000,105.285194
1.000000,-0.033472,-0.208327,0.455777,-0.066944,-0.498878,0.864083,550.000000,117.601653
1.000000,0.273747,0.522758,0.784947,0.547494,-0.418405,0.724698,550.000000,98.631428
1.000000,0.378070,0.313718,0.558949,0.756140,-0.327205,0.566735,550.000000,77.132679
1.000000,0.461977,0.488704,0.502993,0.923953,-0.191253,0.331259,550.000000,45.084400
1.000000,-0.120660,0.811972,0.593622,-0.000000,0.866025,0.500000,550.000000,68.050000
1.000000,-0.380799,0.072783,0.416173,-0.761598,-0.324025,0.561227,550.000000,76.383044
1.000000,-0.402998,0.501434,0.631249,-0.805995,-0.295961,0.512619,550.000000,69.767478
1.000000,-0.272114,-0.142134,0.402299,-0.544228,-0.419469,0.726541,550.000000,98.882208
1.000000,-0.431933,0.319001,0.475000,-0.863865,-0.251861,0.436237,550.000000,59.371831
1.000000,-0.198350,0.606642,0.880223,-0.396700,-0.458974,0.794967,550.000000,108.194945
1.000000,0.472955,0.856179,0.517054,-0.000000,0.866025,0.500000,550.000000,68.050000
1.000000,-0.444621,0.924001,0.399584,-0.000000,0.866025,0.500000,550.000000,68.050000
1.000000,-0.055489,0.401011,0.805307,-0.110978,-0.496911,0.860676,550.000000,117.137977
1.000000,0.374707,0.893108,0.453091,-0.000000,0.866025,0.500000,550.000000,68.050000
1.000000,-0.430543,0.363728,0.503557,-0.861086,-0.254230,0.440339,550.000000,59.930072
1.000000,0.305386,0.211455,0.579233,0.610772,-0.395903,0.685724,550.000000,93.327090
1.000000,-0.254457,1.030284,0.215495,-0.000000,0.866025,0.500000,550.000000,68.050000
1.000000,-0.075953,0.443721,0.826832,-0.151907,-0.494197,0.855975,550.000000,116.498198
1.000000,-0.365760,0.376350,0.610934,-0.731521,-0.340910,0.590473,550.000000,80.363350
1.000000,0.375077,0.507231,0.674630,0.750155,-0.330631,0.572670,550.000000,77.940413
1.000000,-0.235442,0.982459,0.298331,-0.000000,0.866025,0.500000,550.000000,68.050000
1.000000,-0.041301,0.327639,0.764540,-0.082602,-0.498291,0.863066,550.000000,117.463266
1.000000,0.281272,-0.069392,0.437271,0.562543,-0.413384,0.716002,550.000000,97.447854
1.000000,0.273652,0.751129,0.699007,-0.000000,0.866025,0.500000,550.000000,68.050000
1.000000,-0.329775,0.034122,0.453672,-0.659549,-0.375831,0.650958,550.000000,88.595370
1.000000,-0.298580,0.755659,0.691160,-0.000000,0.866025,0.500000,550.000000,68.050000
1.000000,-0.350959,0.539411,0.722651,-0.701919,-0.356128,0.616833,550.000000,83.950917
1.000000,0.310343,-0.076895,0.408282,0.620686,-0.392029,0.679015,550.000000,92.413929
