#OBJ File generated by Abaqus/CAE
#List of Vertices
v 0.0103089 -8.962e-05 0.00739459
v 0.0106357 0.00993086 0.00736035
v 2.03893e-06 0.00999221 -3.31229e-06
v 0.000787945 -1.00569e-05 0.00865761
v 0.0202202 -0.000122282 0.00596001
v 0.0205783 0.00989914 0.00593409
v 0.0301383 -0.000156801 0.0044212
v 0.0305223 0.00987453 0.00439927
v 0.0400351 -0.000171888 0.00278215
v 0.0404417 0.00986109 0.00276372
v 0.0499133 -0.000181804 0.00105349
v 0.0503491 0.00985251 0.00103073
v 0.0597767 -0.000183882 -0.000775682
v 0.0602322 0.00985406 -0.000802647
v 0.0696165 -0.00017952 -0.00269819
v 0.0700964 0.00985707 -0.0027312
v 0.0794395 -0.000173218 -0.00471518
v 0.0799376 0.0098606 -0.00475135
v 0.0892382 -0.000162204 -0.00682591
v 0.0897551 0.00987292 -0.00687142
v 0.099013 -0.000146826 -0.0090302
v 0.099553 0.00988424 -0.00908721
v 0.108769 -0.000132977 -0.0113304
v 0.109327 0.00989381 -0.0113951
v 0.118498 -0.000121443 -0.013719
v 0.119075 0.00990507 -0.0137977
v 0.128208 -0.000113195 -0.0162043
v 0.128799 0.00991297 -0.0162929
v 0.137888 -0.000104221 -0.0187806
v 0.1385 0.00991702 -0.0188808
v 0.147542 -9.93009e-05 -0.0214457
v 0.148171 0.00992136 -0.0215596
v 0.157172 -9.43076e-05 -0.0242057
v 0.157813 0.00992561 -0.0243295
v 0.166772 -9.40326e-05 -0.0270507
v 0.167429 0.00992511 -0.0271881
v 0.176349 -9.43287e-05 -0.0299905
v 0.177017 0.00992395 -0.0301375
v 0.185896 -9.54444e-05 -0.0330174
v 0.186576 0.00992618 -0.03318
v 0.195412 -9.77208e-05 -0.0361314
v 0.196103 0.00992281 -0.0363037
v 0.2049 -0.000101309 -0.0393326
v 0.205601 0.0099223 -0.0395205
v 0.214359 -0.000106452 -0.0426209
v 0.215069 0.00991578 -0.0428183
v 0.223783 -0.000109057 -0.0459947
v 0.224504 0.00991596 -0.0462077
v 0.233181 -0.000113684 -0.0494557
v 0.233909 0.00990965 -0.0496783
v 0.242545 -0.000116218 -0.0530023
v 0.243279 0.00990958 -0.0532368
v 0.251874 -0.000116857 -0.0566308
v 0.252618 0.0099069 -0.0568787
v 0.261174 -0.000120229 -0.060343
v 0.261925 0.00990556 -0.0606066
v 0.270443 -0.000122359 -0.0641412
v 0.271194 0.00990536 -0.064413
v 0.279673 -0.000123533 -0.0680181
v 0.280428 0.00990599 -0.0683019
v 0.288871 -0.000124001 -0.0719776
v 0.28963 0.00990285 -0.0722714
v 0.298032 -0.000124014 -0.0760163
v 0.298792 0.00990432 -0.0763222
v 0.307158 -0.000119602 -0.0801401
v 0.307922 0.00990584 -0.080456
v 0.316247 -0.000119577 -0.0843377
v 0.317013 0.00990718 -0.0846658
v 0.325302 -0.000119898 -0.0886151
v 0.326069 0.00990805 -0.0889554
v 0.334319 -0.000120779 -0.0929689
v 0.335086 0.0099083 -0.0933214
v 0.343301 -0.000118177 -0.0974052
v 0.344067 0.00990774 -0.0977641
v 0.352242 -0.0001166 -0.101915
v 0.353004 0.00991035 -0.102282
v 0.361148 -0.000116258 -0.106501
v 0.361908 0.00990744 -0.106875
v 0.370011 -0.00011727 -0.111158
v 0.370769 0.00991166 -0.111547
v 0.378838 -0.000115577 -0.115895
v 0.379593 0.00991008 -0.11629
v 0.387628 -0.000115573 -0.120706
v 0.388378 0.00991109 -0.121109
v 0.396372 -0.000113085 -0.125586
v 0.39712 0.00991032 -0.125996
v 0.405083 -0.00011678 -0.13054
v 0.405823 0.00991183 -0.13096
v 0.41375 -0.000114045 -0.135569
v 0.414484 0.00991135 -0.135993
v 0.422376 -0.000113417 -0.140666
v 0.423106 0.00990882 -0.141096
v 0.430962 -0.000114891 -0.145832
v 0.431683 0.00990849 -0.146267
v 0.439506 -0.000114467 -0.151069
v 0.440218 0.00991015 -0.151509
v 0.448007 -0.000116383 -0.156372
v 0.448713 0.00990957 -0.15682
v 0.456468 -0.000116585 -0.161746
v 0.457164 0.00991075 -0.162199
v 0.464885 -0.000115137 -0.167189
v 0.465574 0.0099095 -0.167645
v 0.473262 -0.000116357 -0.172698
v 0.473938 0.00990991 -0.173156
v 0.481594 -0.000116171 -0.178273
v 0.482257 0.00991182 -0.178732
v 0.489877 -0.000114701 -0.183911
v 0.490536 0.00991101 -0.184376
v 0.498122 -0.000116164 -0.189617
v 0.498768 0.00991159 -0.190083
v 0.50632 -0.000116434 -0.195386
v 0.506956 0.00990934 -0.195851
v 0.514476 -0.000115694 -0.201223
v 0.515097 0.00990834 -0.201683
v 0.522583 -0.000113975 -0.20712
v 0.523197 0.00990849 -0.207582
v 0.530647 -0.000115662 -0.21308
v 0.531244 0.00990968 -0.21354
v 0.538664 -0.00011673 -0.219102
v 0.53925 0.00990751 -0.21956
v 0.546637 -0.00011751 -0.22519
v 0.547207 0.00990999 -0.225646
v 0.55456 -0.000118181 -0.231338
v 0.55512 0.00990849 -0.231792
v 0.562437 -0.000119135 -0.23755
v 0.562979 0.00990687 -0.237996
v 0.57026 -0.00011627 -0.243822
v 0.570791 0.00990916 -0.244266
v 0.57804 -0.000118208 -0.250157
v 0.578556 0.00990679 -0.250596
v 0.585766 -0.000116749 -0.256553
v 0.586268 0.00990798 -0.256987
v 0.593447 -0.000120329 -0.26301
v 0.59393 0.00990836 -0.263438
v 0.601073 -0.000120723 -0.269526
v 0.601542 0.00990805 -0.269949
v 0.608647 -0.000118051 -0.276105
v 0.609101 0.00990691 -0.276517
v 0.616172 -0.000120655 -0.282739
v 0.616608 0.00990481 -0.283143
v 0.623639 -0.000120314 -0.289431
v 0.624061 0.00990588 -0.289829
v 0.631059 -0.000121302 -0.296185
v 0.63146 0.00990582 -0.296571
v 0.638423 -0.000119557 -0.302998
v 0.638809 0.00990461 -0.303373
v 0.645736 -0.000123412 -0.309865
v 0.6461 0.00990631 -0.31023
v 0.652989 -0.000120473 -0.316791
v 0.65334 0.0099026 -0.317143
v 0.660192 -0.000123191 -0.323773
v 0.660521 0.00990589 -0.324115
v 0.667339 -0.000123328 -0.330813
v 0.667653 0.00990377 -0.331144
v 0.674428 -0.000125001 -0.337905
v 0.674722 0.00990445 -0.338223
v 0.681462 -0.000124123 -0.345056
v 0.681738 0.00990388 -0.345359
v 0.688439 -0.000124782 -0.352261
v 0.688698 0.00990204 -0.35255
v 0.695361 -0.000126979 -0.359521
v 0.695596 0.00990309 -0.359793
v 0.702223 -0.000126503 -0.366834
v 0.702441 0.00990292 -0.367091
v 0.709026 -0.000127477 -0.374199
v 0.709227 0.00990165 -0.374441
v 0.715771 -0.000125717 -0.38162
v 0.715953 0.00989928 -0.381841
v 0.722457 -0.000129469 -0.389088
v 0.72262 0.00990002 -0.389296
v 0.729083 -0.000126154 -0.396615
v 0.729229 0.00989974 -0.396802
v 0.735649 -0.000128264 -0.404188
v 0.735775 0.0098986 -0.404355
v 0.742157 -0.000131377 -0.411813
v 0.742263 0.00989674 -0.41196
v 0.748602 -0.000131305 -0.419488
v 0.748688 0.00989831 -0.419616
v 0.754986 -0.000132025 -0.427213
v 0.755055 0.00989538 -0.42732
v 0.76131 -0.000133449 -0.434989
v 0.761356 0.0098962 -0.435072
v 0.767572 -0.000135427 -0.442812
v 0.767601 0.00989272 -0.442873
v 0.773769 -0.000133586 -0.450684
v 0.773782 0.00989341 -0.450723
v 0.779907 -0.000136134 -0.458604
v 0.779897 0.00989424 -0.458618
v 0.785978 -0.000134588 -0.46657
v 0.785951 0.00989122 -0.466557
v 0.791987 -0.000137046 -0.474581
v 0.791944 0.00988868 -0.474544
v 0.797933 -0.0001391 -0.482638
v 0.797868 0.00989105 -0.482577
v 0.803816 -0.000140749 -0.490742
v 0.803732 0.00989005 -0.490655
v 0.809631 -0.000137481 -0.498893
v 0.809529 0.00989012 -0.498776
v 0.815386 -0.000138044 -0.507091
v 0.815267 0.00988678 -0.506945
v 0.826319 -0.000136626 -0.510923
v 0.826286 0.00989338 -0.510761
v 0.0106394 0.0199515 0.00736532
v 2.756e-06 0.0199942 -3.83944e-06
v 0.0205861 0.0199264 0.00594624
v 0.0305296 0.0199083 0.00442258
v 0.0404581 0.019897 0.00279287
v 0.0503648 0.0198926 0.00106562
v 0.0602551 0.0198895 -0.000761239
v 0.070122 0.0198908 -0.00268656
v 0.0799667 0.0198969 -0.00470953
v 0.0897907 0.0199022 -0.00682847
v 0.0995924 0.0199109 -0.00904523
v 0.109364 0.019922 -0.0113526
v 0.119118 0.0199304 -0.01376
v 0.128844 0.0199355 -0.016256
v 0.13854 0.0199413 -0.0188429
v 0.148217 0.0199432 -0.0215258
v 0.157861 0.0199453 -0.0242958
v 0.167479 0.019947 -0.0271602
v 0.177069 0.0199439 -0.0301093
v 0.186628 0.0199443 -0.0331513
v 0.196157 0.0199436 -0.0362802
v 0.205656 0.0199415 -0.039496
v 0.215125 0.0199379 -0.0427988
v 0.224563 0.0199366 -0.0461907
v 0.233967 0.0199376 -0.0496681
v 0.243341 0.0199319 -0.0532267
v 0.252677 0.0199322 -0.0568694
v 0.261982 0.0199296 -0.0605957
v 0.271254 0.0199324 -0.06441
v 0.280489 0.0199318 -0.0683009
v 0.28969 0.0199318 -0.0722744
v 0.298853 0.0199321 -0.076327
v 0.30798 0.0199326 -0.0804589
v 0.317074 0.0199329 -0.0846739
v 0.32613 0.0199328 -0.0889651
v 0.335147 0.0199323 -0.0933325
v 0.344124 0.0199351 -0.0977786
v 0.353063 0.0199328 -0.102296
v 0.361967 0.0199336 -0.106896
v 0.370829 0.019933 -0.111566
v 0.37965 0.0199353 -0.116312
v 0.388433 0.019936 -0.121133
v 0.397172 0.019935 -0.126021
v 0.405874 0.0199364 -0.130986
v 0.414536 0.0199359 -0.136022
v 0.423153 0.0199336 -0.141123
v 0.431731 0.0199334 -0.146298
v 0.440266 0.0199354 -0.151544
v 0.448759 0.0199352 -0.156855
v 0.457209 0.0199329 -0.162232
v 0.465614 0.0199365 -0.16768
v 0.473977 0.0199336 -0.173189
v 0.482296 0.0199365 -0.178769
v 0.490575 0.0199328 -0.18441
v 0.498803 0.0199347 -0.190117
v 0.506988 0.0199339 -0.195885
v 0.515129 0.0199346 -0.20172
v 0.523227 0.0199323 -0.207617
v 0.531275 0.0199354 -0.213578
v 0.539278 0.0199352 -0.219598
v 0.547233 0.0199356 -0.225681
v 0.555144 0.0199322 -0.231825
v 0.563003 0.0199329 -0.238031
v 0.570813 0.0199335 -0.244299
v 0.578574 0.0199338 -0.250628
v 0.586284 0.0199336 -0.257017
v 0.593944 0.0199328 -0.263465
v 0.601554 0.0199313 -0.269973
v 0.609108 0.0199332 -0.27654
v 0.616611 0.0199343 -0.283165
v 0.624065 0.0199304 -0.289847
v 0.631463 0.0199338 -0.296592
v 0.63881 0.019932 -0.303392
v 0.646098 0.0199332 -0.310247
v 0.653336 0.0199291 -0.317157
v 0.660515 0.0199321 -0.324127
v 0.667644 0.0199299 -0.331153
v 0.674711 0.0199305 -0.33823
v 0.681724 0.01993 -0.345364
v 0.688682 0.0199284 -0.352552
v 0.695579 0.0199298 -0.359793
v 0.70242 0.0199302 -0.367089
v 0.709201 0.0199295 -0.374434
v 0.715925 0.0199279 -0.381832
v 0.722592 0.0199253 -0.389283
v 0.729194 0.0199261 -0.396784
v 0.735742 0.0199261 -0.404339
v 0.742224 0.0199255 -0.411939
v 0.74865 0.0199244 -0.419592
v 0.755011 0.019923 -0.42729
v 0.761313 0.0199214 -0.435039
v 0.76755 0.0199239 -0.442837
v 0.773728 0.0199224 -0.45068
v 0.779844 0.0199212 -0.458572
v 0.785895 0.0199204 -0.46651
v 0.791884 0.0199203 -0.474493
v 0.797811 0.0199168 -0.482521
v 0.803669 0.0199185 -0.490594
v 0.809465 0.0199172 -0.49871
v 0.815198 0.0199169 -0.506874
v 0.826287 0.0199205 -0.510712
v 0.0106414 0.0299643 0.00736886
v 2.37474e-06 0.0299923 8.02732e-07
v 0.020594 0.0299502 0.00595101
v 0.0305404 0.0299381 0.00443446
v 0.0404699 0.0299316 0.00281112
v 0.0503828 0.0299272 0.00108849
v 0.0602745 0.0299271 -0.000737037
v 0.0701482 0.0299269 -0.00266262
v 0.0799942 0.0299305 -0.00468265
v 0.0898205 0.0299377 -0.00680458
v 0.0996218 0.0299434 -0.0090186
v 0.109402 0.0299471 -0.0113285
v 0.119155 0.0299525 -0.0137329
v 0.128881 0.0299592 -0.0162318
v 0.138584 0.0299624 -0.0188228
v 0.148258 0.0299619 -0.0215021
v 0.157905 0.029966 -0.0242779
v 0.167525 0.0299657 -0.027142
v 0.177117 0.029965 -0.0300965
v 0.186678 0.0299636 -0.0331377
v 0.196208 0.0299656 -0.0362716
v 0.205707 0.029962 -0.0394863
v 0.215178 0.0299611 -0.0427937
v 0.224616 0.0299585 -0.0461842
v 0.234023 0.0299581 -0.0496638
v 0.243392 0.0299598 -0.053225
v 0.252734 0.0299588 -0.0568734
v 0.262037 0.029955 -0.0605979
v 0.271311 0.0299567 -0.064414
v 0.280547 0.0299549 -0.0683066
v 0.289743 0.0299581 -0.0722802
v 0.298911 0.0299574 -0.076338
v 0.308038 0.0299569 -0.0804712
v 0.317129 0.0299563 -0.084684
v 0.326185 0.0299555 -0.0889763
v 0.335199 0.0299584 -0.0933471
v 0.344182 0.0299563 -0.0977958
v 0.353118 0.0299577 -0.102316
v 0.362021 0.029958 -0.106917
v 0.37088 0.0299613 -0.11159
v 0.379701 0.029959 -0.116335
v 0.388483 0.0299595 -0.121156
v 0.397224 0.0299585 -0.126048
v 0.405924 0.0299599 -0.131013
v 0.414584 0.0299596 -0.13605
v 0.4232 0.0299617 -0.141157
v 0.431776 0.0299619 -0.146332
v 0.440311 0.0299601 -0.151576
v 0.448801 0.0299605 -0.156887
v 0.457252 0.0299588 -0.162268
v 0.465656 0.0299591 -0.167714
v 0.474018 0.0299614 -0.173228
v 0.482336 0.0299613 -0.178805
v 0.490611 0.0299588 -0.184447
v 0.498839 0.029958 -0.190151
v 0.507023 0.0299588 -0.195922
v 0.515161 0.029961 -0.201756
v 0.523256 0.0299605 -0.207653
v 0.531302 0.0299612 -0.213611
v 0.539306 0.0299587 -0.219632
v 0.547258 0.0299611 -0.225715
v 0.555165 0.0299597 -0.231858
v 0.563022 0.0299587 -0.238062
v 0.570833 0.0299575 -0.24433
v 0.578591 0.0299604 -0.250659
v 0.586299 0.0299588 -0.257045
v 0.593957 0.0299567 -0.26349
v 0.601562 0.0299582 -0.269997
v 0.609118 0.0299591 -0.276565
v 0.616619 0.0299593 -0.283188
v 0.624071 0.0299587 -0.289873
v 0.631466 0.0299572 -0.296609
v 0.638808 0.0299589 -0.303408
v 0.646098 0.0299596 -0.310264
v 0.653331 0.0299593 -0.317174
v 0.66051 0.0299579 -0.324139
v 0.667633 0.0299555 -0.33116
v 0.674701 0.0299561 -0.338238
v 0.681712 0.0299557 -0.34537
v 0.688667 0.0299543 -0.352556
v 0.695561 0.0299561 -0.359794
v 0.702397 0.0299569 -0.367085
v 0.709179 0.0299568 -0.374431
v 0.715897 0.0299559 -0.381824
v 0.722562 0.0299543 -0.389273
v 0.729162 0.0299561 -0.396771
v 0.735706 0.0299531 -0.404319
v 0.742186 0.0299538 -0.411918
v 0.748609 0.0299542 -0.419569
v 0.754971 0.0299503 -0.427264
v 0.761267 0.0299504 -0.435007
v 0.767505 0.0299506 -0.442802
v 0.773677 0.0299511 -0.450641
v 0.779793 0.0299479 -0.45853
v 0.78584 0.0299494 -0.466462
v 0.791825 0.0299475 -0.474439
v 0.797747 0.0299466 -0.482462
v 0.803606 0.0299469 -0.490533
v 0.809399 0.0299442 -0.498642
v 0.815127 0.0299469 -0.506802
v 0.826289 0.0299515 -0.510667
v 0.0106456 0.0399811 0.00736526
v 4.32036e-06 0.039995 -1.63186e-06
v 0.0205976 0.0399759 0.00595116
v 0.03055 0.0399688 0.00443735
v 0.0404838 0.0399665 0.00281632
v 0.0503989 0.0399652 0.00109518
v 0.0602944 0.0399636 -0.000726604
v 0.0701678 0.0399654 -0.00265131
v 0.080019 0.0399665 -0.00467206
v 0.0898454 0.0399705 -0.00679124
v 0.0996504 0.0399732 -0.00900609
v 0.109433 0.0399737 -0.011317
v 0.119187 0.0399804 -0.0137243
v 0.128918 0.0399798 -0.0162214
v 0.13862 0.0399847 -0.0188148
v 0.148294 0.0399861 -0.0214963
v 0.157945 0.0399836 -0.0242696
v 0.167564 0.0399855 -0.0271353
v 0.177159 0.0399871 -0.030095
v 0.18672 0.0399839 -0.0331353
v 0.196252 0.0399843 -0.0362679
v 0.205757 0.0399834 -0.0394909
v 0.215226 0.0399855 -0.0427989
v 0.224667 0.0399815 -0.0461915
v 0.234071 0.0399842 -0.0496714
v 0.243443 0.0399846 -0.0532345
v 0.252784 0.0399824 -0.0568809
v 0.262091 0.0399818 -0.0606128
v 0.271363 0.0399823 -0.0644268
v 0.280598 0.0399838 -0.068323
v 0.289798 0.0399817 -0.0722958
v 0.298967 0.0399801 -0.0763548
v 0.308092 0.0399829 -0.0804914
v 0.317184 0.0399815 -0.0847052
v 0.326237 0.0399841 -0.0890007
v 0.335254 0.0399821 -0.0933701
v 0.34423 0.0399838 -0.0978181
v 0.35317 0.0399847 -0.102343
v 0.362072 0.0399846 -0.106944
v 0.370931 0.0399834 -0.111616
v 0.379753 0.0399852 -0.116367
v 0.388534 0.0399857 -0.121188
v 0.397274 0.0399847 -0.12608
v 0.405971 0.0399863 -0.131046
v 0.414629 0.0399862 -0.136082
v 0.423249 0.0399845 -0.141191
v 0.431822 0.0399851 -0.146366
v 0.440355 0.0399839 -0.151609
v 0.448846 0.039985 -0.156924
v 0.457291 0.0399841 -0.162301
v 0.465696 0.0399853 -0.16775
v 0.474057 0.0399845 -0.173262
v 0.482372 0.0399856 -0.178839
v 0.490647 0.0399844 -0.184483
v 0.498872 0.039985 -0.190187
v 0.507058 0.0399832 -0.195958
v 0.515195 0.0399829 -0.20179
v 0.523286 0.0399841 -0.207686
v 0.531334 0.0399824 -0.213645
v 0.539333 0.0399858 -0.219668
v 0.547282 0.039986 -0.225747
v 0.55519 0.0399826 -0.231892
v 0.563043 0.0399837 -0.238095
v 0.570851 0.039985 -0.244363
v 0.578608 0.0399822 -0.250686
v 0.586316 0.0399833 -0.257075
v 0.593969 0.0399841 -0.263519
v 0.601576 0.0399845 -0.270027
v 0.609127 0.0399844 -0.276589
v 0.616628 0.0399836 -0.283212
v 0.624075 0.0399822 -0.28989
v 0.631469 0.0399841 -0.29663
v 0.638809 0.0399851 -0.303426
v 0.646096 0.0399853 -0.310279
v 0.653327 0.0399846 -0.317187
v 0.660502 0.039983 -0.324149
v 0.667625 0.0399845 -0.331173
v 0.674687 0.0399851 -0.338245
v 0.681695 0.0399848 -0.345375
v 0.688648 0.0399836 -0.352558
v 0.695541 0.0399816 -0.359793
v 0.702375 0.0399828 -0.367081
v 0.709154 0.0399834 -0.374425
v 0.71587 0.0399833 -0.381815
v 0.722532 0.0399825 -0.389262
v 0.729132 0.0399812 -0.396757
v 0.73567 0.0399795 -0.4043
v 0.742148 0.0399815 -0.411896
v 0.748568 0.0399793 -0.41954
v 0.754925 0.0399811 -0.427235
v 0.761222 0.0399788 -0.434975
v 0.767456 0.0399768 -0.442763
v 0.773629 0.0399793 -0.450604
v 0.779737 0.0399782 -0.458484
v 0.785784 0.0399779 -0.466414
v 0.791769 0.0399743 -0.474388
v 0.797686 0.0399759 -0.482406
v 0.803542 0.0399747 -0.490471
v 0.809334 0.0399749 -0.498579
v 0.815061 0.0399723 -0.506731
v 0.82629 0.0399819 -0.510621
v 0.0106466 0.0499972 0.00736472
v 3.27312e-06 0.0499976 -9.53213e-07
v 0.0206015 0.0500003 0.00595023
v 0.0305581 0.0499968 0.00443829
v 0.0404949 0.0499976 0.00281887
v 0.0504154 0.0499987 0.0010951
v 0.0603111 0.0499989 -0.00072586
v 0.0701841 0.0500023 -0.00264974
v 0.0800397 0.0500001 -0.00467153
v 0.0898701 0.050001 -0.00679165
v 0.0996783 0.0500002 -0.00900751
v 0.109458 0.0500018 -0.0113176
v 0.119214 0.0500052 -0.0137255
v 0.128945 0.050006 -0.0162252
v 0.138651 0.0500038 -0.0188165
v 0.148329 0.0500069 -0.0215037
v 0.15798 0.0500064 -0.0242787
v 0.167604 0.0500061 -0.0271474
v 0.177197 0.0500059 -0.0301024
v 0.186761 0.0500052 -0.0331473
v 0.196295 0.0500082 -0.0362845
v 0.205797 0.0500058 -0.0395022
v 0.215269 0.0500065 -0.0428122
v 0.224709 0.0500055 -0.046205
v 0.234116 0.0500069 -0.0496866
v 0.243491 0.0500061 -0.0532513
v 0.252833 0.0500071 -0.0569013
v 0.262139 0.0500053 -0.0606309
v 0.27141 0.050009 -0.0644483
v 0.280647 0.0500095 -0.0683456
v 0.289848 0.0500065 -0.0723195
v 0.299012 0.0500083 -0.076378
v 0.308145 0.0500061 -0.080517
v 0.317234 0.0500082 -0.0847337
v 0.326288 0.0500102 -0.0890299
v 0.335305 0.0500076 -0.0933999
v 0.344281 0.0500088 -0.0978484
v 0.35322 0.0500093 -0.102373
v 0.362121 0.050009 -0.106975
v 0.370984 0.0500077 -0.11165
v 0.379801 0.0500094 -0.116398
v 0.388584 0.05001 -0.121223
v 0.397322 0.0500091 -0.126115
v 0.406021 0.050011 -0.131084
v 0.41468 0.0500072 -0.136118
v 0.423292 0.0500101 -0.141225
v 0.431869 0.0500071 -0.146401
v 0.440397 0.0500107 -0.151646
v 0.448888 0.0500084 -0.156959
v 0.457334 0.0500084 -0.162339
v 0.465736 0.0500106 -0.167787
v 0.474094 0.0500108 -0.173298
v 0.482411 0.050009 -0.178876
v 0.490684 0.0500091 -0.184519
v 0.498908 0.0500111 -0.190226
v 0.507088 0.0500108 -0.195993
v 0.515227 0.050008 -0.201826
v 0.523318 0.0500107 -0.207725
v 0.531362 0.0500107 -0.213683
v 0.53936 0.0500077 -0.2197
v 0.547309 0.0500098 -0.225783
v 0.55521 0.0500086 -0.231923
v 0.563064 0.0500078 -0.238126
v 0.570868 0.0500116 -0.244393
v 0.578625 0.0500113 -0.250719
v 0.58633 0.0500111 -0.257105
v 0.593985 0.0500106 -0.263549
v 0.601586 0.0500098 -0.270051
v 0.609137 0.0500087 -0.276613
v 0.616635 0.0500111 -0.283235
v 0.624083 0.0500088 -0.289914
v 0.631474 0.0500099 -0.296651
v 0.638811 0.0500103 -0.303445
v 0.646095 0.05001 -0.310295
v 0.653324 0.0500089 -0.3172
v 0.660498 0.050011 -0.324165
v 0.667617 0.0500083 -0.33118
v 0.67468 0.0500089 -0.338254
v 0.681682 0.0500087 -0.345377
v 0.68863 0.0500118 -0.35256
v 0.695521 0.0500101 -0.359793
v 0.702352 0.0500119 -0.367079
v 0.70913 0.0500089 -0.374418
v 0.715843 0.0500096 -0.381806
v 0.7225 0.0500097 -0.389248
v 0.729097 0.0500095 -0.396741
v 0.735637 0.0500089 -0.404285
v 0.742111 0.0500082 -0.411874
v 0.748528 0.0500074 -0.419516
v 0.754882 0.0500068 -0.427204
v 0.761176 0.0500063 -0.434942
v 0.767408 0.0500062 -0.442728
v 0.773578 0.0500065 -0.450562
v 0.779686 0.0500035 -0.458439
v 0.785727 0.0500055 -0.466364
v 0.791711 0.0500044 -0.474337
v 0.797625 0.0500045 -0.482349
v 0.803478 0.0500018 -0.490407
v 0.809264 0.0500049 -0.498511
v 0.814993 0.0500013 -0.50666
v 0.826293 0.0500114 -0.510576
v 0.0106468 0.0600171 0.00736141
v 3.21525e-06 0.0599999 -1.00632e-06
v 0.020606 0.0600233 0.00594848
v 0.0305651 0.0600312 0.00442955
v 0.0405035 0.0600339 0.00281101
v 0.0504242 0.0600362 0.00108772
v 0.0603233 0.0600375 -0.000736502
v 0.070201 0.0600373 -0.00266158
v 0.0800547 0.060036 -0.00468288
v 0.0898886 0.0600331 -0.00680413
v 0.0996977 0.0600332 -0.00902308
v 0.10948 0.0600311 -0.0113339
v 0.119241 0.0600268 -0.0137402
v 0.128972 0.0600288 -0.0162424
v 0.138682 0.0600281 -0.0188395
v 0.148364 0.0600242 -0.0215241
v 0.158014 0.0600257 -0.0243006
v 0.167638 0.0600276 -0.0271706
v 0.177232 0.0600253 -0.0301244
v 0.186799 0.0600272 -0.0331738
v 0.196331 0.0600285 -0.0363057
v 0.205838 0.0600289 -0.0395311
v 0.215312 0.0600282 -0.0428391
v 0.224752 0.0600302 -0.0462357
v 0.23416 0.0600304 -0.049715
v 0.243532 0.0600327 -0.0532794
v 0.252876 0.0600325 -0.0569306
v 0.262183 0.060034 -0.0606635
v 0.271455 0.0600325 -0.0644761
v 0.280694 0.060032 -0.0683744
v 0.289894 0.0600324 -0.0723512
v 0.29906 0.0600334 -0.0764104
v 0.308191 0.0600347 -0.0805521
v 0.317283 0.0600319 -0.0847672
v 0.326337 0.0600334 -0.0890638
v 0.335352 0.0600346 -0.0934363
v 0.344328 0.0600354 -0.097885
v 0.353269 0.0600314 -0.102408
v 0.362168 0.0600351 -0.107012
v 0.371029 0.0600338 -0.111687
v 0.379851 0.0600314 -0.116436
v 0.388629 0.0600321 -0.121257
v 0.39737 0.0600315 -0.126152
v 0.406068 0.0600338 -0.131121
v 0.414723 0.0600346 -0.136157
v 0.423339 0.0600339 -0.141264
v 0.431911 0.0600357 -0.146442
v 0.440441 0.0600318 -0.151682
v 0.448931 0.0600345 -0.157
v 0.457374 0.0600354 -0.162379
v 0.465776 0.0600346 -0.167824
v 0.474134 0.0600359 -0.173338
v 0.482449 0.0600353 -0.178915
v 0.49072 0.0600326 -0.184555
v 0.498941 0.060036 -0.190261
v 0.507123 0.060033 -0.196029
v 0.515256 0.0600358 -0.201863
v 0.523345 0.060036 -0.207758
v 0.531391 0.0600336 -0.213717
v 0.539383 0.0600365 -0.219736
v 0.547334 0.0600365 -0.225819
v 0.555236 0.0600332 -0.231959
v 0.563086 0.0600347 -0.238162
v 0.570887 0.0600368 -0.244426
v 0.578642 0.0600351 -0.250749
v 0.586345 0.0600335 -0.257131
v 0.593996 0.0600358 -0.263574
v 0.601598 0.0600339 -0.270076
v 0.609145 0.0600357 -0.276637
v 0.61664 0.0600372 -0.283257
v 0.624085 0.060034 -0.289933
v 0.631477 0.0600343 -0.29667
v 0.63881 0.0600382 -0.303462
v 0.646091 0.0600374 -0.31031
v 0.653321 0.0600358 -0.317216
v 0.660489 0.0600377 -0.324174
v 0.667608 0.0600349 -0.331191
v 0.674665 0.0600354 -0.338258
v 0.681668 0.0600353 -0.345382
v 0.688613 0.0600386 -0.352563
v 0.695501 0.0600373 -0.359793
v 0.702331 0.0600355 -0.367074
v 0.709105 0.0600373 -0.374414
v 0.715816 0.0600387 -0.381799
v 0.722472 0.0600357 -0.389237
v 0.729067 0.0600364 -0.396727
v 0.7356 0.0600371 -0.404266
v 0.742076 0.0600377 -0.411857
v 0.748489 0.0600344 -0.419491
v 0.75484 0.0600353 -0.427177
v 0.761129 0.0600366 -0.43491
v 0.76736 0.0600343 -0.442693
v 0.773527 0.0600326 -0.45052
v 0.779633 0.0600318 -0.458395
v 0.785674 0.060032 -0.466317
v 0.791652 0.0600333 -0.474285
v 0.797566 0.0600318 -0.482294
v 0.803414 0.060032 -0.490347
v 0.809197 0.0600338 -0.498445
v 0.814921 0.0600332 -0.50659
v 0.826294 0.0600397 -0.510529
v 0.0106507 0.0700315 0.00735991
v 4.44332e-06 0.0700015 -1.60754e-06
v 0.0206091 0.070049 0.00594382
v 0.0305736 0.0700582 0.00442158
v 0.0405113 0.0700702 0.00279479
v 0.050435 0.0700729 0.00106767
v 0.0603366 0.0700745 -0.000760269
v 0.0702124 0.0700746 -0.00268515
v 0.0800735 0.0700692 -0.00471155
v 0.0899047 0.0700667 -0.00683231
v 0.0997166 0.0700628 -0.00905223
v 0.109502 0.070057 -0.0113638
v 0.119263 0.0700536 -0.0137727
v 0.128996 0.0700523 -0.0162749
v 0.138708 0.0700486 -0.0188718
v 0.14839 0.0700464 -0.0215581
v 0.158042 0.0700454 -0.0243337
v 0.167669 0.0700451 -0.0272026
v 0.177266 0.0700452 -0.0301608
v 0.18683 0.0700452 -0.033205
v 0.196368 0.0700492 -0.0363446
v 0.205873 0.0700481 -0.0395643
v 0.215348 0.0700503 -0.0428759
v 0.22479 0.070051 -0.0462701
v 0.234199 0.0700543 -0.0497527
v 0.243574 0.0700555 -0.0533182
v 0.252916 0.0700585 -0.0569688
v 0.262225 0.070059 -0.0607025
v 0.271499 0.0700565 -0.0645159
v 0.280734 0.0700594 -0.0684133
v 0.28994 0.070059 -0.0723943
v 0.299103 0.0700592 -0.0764502
v 0.308232 0.0700599 -0.0805887
v 0.317326 0.0700608 -0.0848098
v 0.326379 0.0700576 -0.0891008
v 0.335398 0.0700584 -0.0934769
v 0.344374 0.0700589 -0.0979256
v 0.353312 0.070059 -0.102451
v 0.362213 0.0700585 -0.107052
v 0.371074 0.0700572 -0.111727
v 0.379893 0.0700591 -0.116477
v 0.388676 0.0700559 -0.121299
v 0.397413 0.0700599 -0.126196
v 0.406108 0.0700585 -0.131158
v 0.414765 0.0700599 -0.136197
v 0.423379 0.0700598 -0.141303
v 0.431952 0.0700583 -0.146478
v 0.440481 0.0700594 -0.151723
v 0.448971 0.0700589 -0.157037
v 0.457415 0.0700608 -0.162419
v 0.465816 0.0700569 -0.167861
v 0.474172 0.0700595 -0.173374
v 0.482486 0.0700601 -0.178953
v 0.490755 0.0700587 -0.184593
v 0.498978 0.0700593 -0.190299
v 0.507156 0.0700577 -0.196066
v 0.515291 0.0700579 -0.2019
v 0.523376 0.0700597 -0.207795
v 0.531418 0.070059 -0.213753
v 0.539412 0.0700596 -0.219772
v 0.547358 0.0700615 -0.225854
v 0.555256 0.0700603 -0.231993
v 0.563108 0.07006 -0.238196
v 0.570907 0.0700605 -0.244456
v 0.578657 0.0700614 -0.250778
v 0.58636 0.0700625 -0.257162
v 0.59401 0.0700595 -0.2636
v 0.601611 0.0700605 -0.270104
v 0.609156 0.0700612 -0.276662
v 0.616651 0.0700616 -0.283282
v 0.624092 0.0700616 -0.289957
v 0.631477 0.0700612 -0.296688
v 0.638811 0.0700644 -0.303481
v 0.64609 0.0700631 -0.310325
v 0.653316 0.0700611 -0.317228
v 0.660485 0.0700627 -0.324188
v 0.667596 0.0700638 -0.331199
v 0.674653 0.0700643 -0.338268
v 0.681653 0.0700643 -0.345389
v 0.688598 0.0700638 -0.352565
v 0.695483 0.0700629 -0.359792
v 0.702309 0.0700656 -0.367073
v 0.709078 0.0700639 -0.374405
v 0.715789 0.0700661 -0.381792
v 0.722443 0.070064 -0.389227
v 0.729032 0.0700659 -0.396712
v 0.735564 0.0700637 -0.404246
v 0.742037 0.0700657 -0.411835
v 0.748448 0.0700638 -0.419467
v 0.754799 0.0700623 -0.427149
v 0.761087 0.0700613 -0.434879
v 0.767313 0.0700609 -0.442656
v 0.773477 0.0700613 -0.450481
v 0.779577 0.0700626 -0.458352
v 0.785619 0.070061 -0.46627
v 0.791594 0.0700607 -0.474231
v 0.797502 0.0700619 -0.482236
v 0.803351 0.0700607 -0.490286
v 0.809134 0.0700613 -0.498381
v 0.814854 0.0700598 -0.506519
v 0.826293 0.0700705 -0.510482
v 0.0106503 0.0800492 0.00735974
v 1.0003e-06 0.0800067 -1.0511e-06
v 0.0206123 0.0800721 0.00593799
v 0.0305757 0.0800898 0.00440699
v 0.0405198 0.0801014 0.00277202
v 0.0504434 0.0801079 0.00103842
v 0.0603466 0.0801092 -0.000793588
v 0.0702238 0.080109 -0.00272227
v 0.0800823 0.0801035 -0.00474846
v 0.0899181 0.0801011 -0.00687629
v 0.0997328 0.0800931 -0.00909711
v 0.109521 0.0800834 -0.0114094
v 0.119282 0.0800806 -0.0138208
v 0.129019 0.0800717 -0.0163208
v 0.138728 0.0800693 -0.0189157
v 0.14841 0.0800688 -0.0216034
v 0.158068 0.0800653 -0.0243817
v 0.167694 0.0800671 -0.0272513
v 0.177293 0.0800651 -0.030208
v 0.186861 0.0800676 -0.0332561
v 0.196396 0.0800699 -0.03639
v 0.205904 0.0800716 -0.0396133
v 0.21538 0.0800724 -0.0429224
v 0.224823 0.0800762 -0.0463198
v 0.234232 0.0800783 -0.0497997
v 0.243611 0.0800784 -0.053366
v 0.252952 0.0800804 -0.0570136
v 0.262262 0.0800842 -0.0607501
v 0.271536 0.0800851 -0.064566
v 0.280776 0.0800829 -0.0684617
v 0.289978 0.080086 -0.0724414
v 0.299146 0.0800856 -0.0765012
v 0.308276 0.0800857 -0.0806397
v 0.317368 0.0800861 -0.0848571
v 0.326422 0.0800825 -0.089148
v 0.335441 0.080083 -0.0935239
v 0.344417 0.0800834 -0.0979722
v 0.353355 0.0800834 -0.102497
v 0.362256 0.0800829 -0.107098
v 0.371116 0.0800818 -0.111772
v 0.379935 0.080084 -0.116521
v 0.388717 0.0800812 -0.121343
v 0.397455 0.0800814 -0.126236
v 0.406152 0.0800806 -0.131201
v 0.414808 0.0800827 -0.136239
v 0.423424 0.0800834 -0.141348
v 0.431994 0.0800828 -0.146521
v 0.440522 0.0800848 -0.151765
v 0.449009 0.0800853 -0.157078
v 0.457453 0.0800843 -0.162456
v 0.465853 0.0800857 -0.167903
v 0.474211 0.0800853 -0.173416
v 0.482521 0.0800831 -0.178988
v 0.49079 0.0800831 -0.18463
v 0.499013 0.0800851 -0.190338
v 0.507188 0.0800849 -0.196104
v 0.515321 0.0800824 -0.201935
v 0.523405 0.0800858 -0.207832
v 0.531445 0.0800827 -0.213786
v 0.539439 0.0800851 -0.219808
v 0.547383 0.0800848 -0.225887
v 0.55528 0.0800856 -0.232028
v 0.563129 0.0800835 -0.238228
v 0.570928 0.0800865 -0.24449
v 0.578676 0.0800859 -0.250808
v 0.586376 0.0800857 -0.257189
v 0.594025 0.0800854 -0.263629
v 0.60162 0.0800851 -0.270127
v 0.609163 0.0800888 -0.276687
v 0.616656 0.0800882 -0.283303
v 0.624097 0.0800873 -0.289979
v 0.631478 0.0800901 -0.296708
v 0.638811 0.0800886 -0.303496
v 0.646088 0.0800908 -0.310343
v 0.653312 0.0800885 -0.317243
v 0.660478 0.0800898 -0.324199
v 0.667589 0.0800907 -0.331212
v 0.674643 0.0800911 -0.338277
v 0.681641 0.0800912 -0.345396
v 0.688582 0.080091 -0.352569
v 0.695465 0.0800905 -0.359793
v 0.702289 0.0800897 -0.36707
v 0.709054 0.0800928 -0.374401
v 0.715764 0.0800916 -0.381783
v 0.722412 0.0800905 -0.389212
v 0.729001 0.0800934 -0.396698
v 0.735531 0.0800924 -0.404231
v 0.742 0.0800917 -0.411811
v 0.748408 0.0800914 -0.419442
v 0.754753 0.0800915 -0.427119
v 0.761038 0.0800922 -0.434846
v 0.767264 0.0800896 -0.44262
v 0.773426 0.0800921 -0.450443
v 0.779526 0.0800916 -0.458311
v 0.78556 0.0800883 -0.466218
v 0.791533 0.0800904 -0.474178
v 0.797441 0.0800902 -0.482179
v 0.803286 0.0800877 -0.490223
v 0.809068 0.0800912 -0.498317
v 0.814785 0.0800887 -0.506449
v 0.826295 0.0800994 -0.510435
v 0.010654 0.0900642 0.00735464
v 5.21797e-06 0.0900061 -2.48723e-06
v 0.0206125 0.0900993 0.00592142
v 0.0305793 0.0901199 0.00437925
v 0.040521 0.0901391 0.00273527
v 0.0504456 0.0901444 0.000996959
v 0.0603481 0.0901492 -0.000841299
v 0.0702324 0.0901441 -0.00277547
v 0.0800918 0.0901383 -0.00480518
v 0.0899304 0.0901313 -0.00693417
v 0.0997419 0.0901234 -0.00915418
v 0.109534 0.0901141 -0.0114728
v 0.119296 0.0901032 -0.0138785
v 0.129038 0.0900952 -0.0163842
v 0.138749 0.0900897 -0.0189786
v 0.148433 0.0900864 -0.0216653
v 0.158091 0.0900848 -0.0244445
v 0.167719 0.0900843 -0.0273126
v 0.177318 0.0900846 -0.0302696
v 0.186887 0.0900853 -0.0333157
v 0.196426 0.0900902 -0.036453
v 0.205934 0.0900905 -0.0396738
v 0.215409 0.0900942 -0.0429824
v 0.224851 0.090101 -0.046379
v 0.234264 0.090102 -0.0498596
v 0.243642 0.0901053 -0.0534249
v 0.252985 0.0901064 -0.0570729
v 0.262295 0.0901092 -0.060806
v 0.271572 0.0901093 -0.0646222
v 0.280812 0.0901106 -0.0685201
v 0.290014 0.0901088 -0.0724941
v 0.299182 0.090112 -0.0765558
v 0.308313 0.0901116 -0.0806941
v 0.317406 0.0901116 -0.0849112
v 0.326461 0.0901077 -0.0892017
v 0.335477 0.0901081 -0.0935735
v 0.344457 0.0901083 -0.0980247
v 0.353396 0.0901083 -0.102548
v 0.362296 0.090108 -0.107149
v 0.371156 0.0901071 -0.111822
v 0.37998 0.0901056 -0.116572
v 0.388755 0.0901074 -0.12139
v 0.397496 0.0901083 -0.126286
v 0.406192 0.0901081 -0.13125
v 0.414848 0.0901069 -0.136284
v 0.423463 0.0901085 -0.141391
v 0.432035 0.0901089 -0.146567
v 0.440563 0.0901078 -0.151807
v 0.449048 0.0901095 -0.157119
v 0.457493 0.0901096 -0.162499
v 0.465892 0.0901082 -0.167942
v 0.474247 0.0901092 -0.173453
v 0.482558 0.0901083 -0.179028
v 0.490824 0.0901096 -0.184668
v 0.499046 0.090109 -0.190373
v 0.507223 0.0901102 -0.196144
v 0.515353 0.0901093 -0.201974
v 0.523436 0.0901102 -0.207867
v 0.531475 0.0901088 -0.213824
v 0.539466 0.090109 -0.219842
v 0.547406 0.0901105 -0.225919
v 0.555301 0.0901093 -0.232057
v 0.563149 0.0901095 -0.238259
v 0.570945 0.0901107 -0.244517
v 0.578692 0.0901127 -0.250838
v 0.586393 0.0901108 -0.257219
v 0.594037 0.0901133 -0.263658
v 0.601633 0.0901117 -0.270155
v 0.609174 0.0901141 -0.276712
v 0.616664 0.0901124 -0.283325
v 0.6241 0.0901146 -0.289999
v 0.631483 0.0901126 -0.296727
v 0.638811 0.0901145 -0.303513
v 0.646085 0.0901161 -0.310357
v 0.653304 0.0901174 -0.317256
v 0.660472 0.0901144 -0.324211
v 0.667581 0.0901152 -0.33122
v 0.674632 0.0901156 -0.338282
v 0.681626 0.0901159 -0.345398
v 0.688565 0.0901159 -0.352569
v 0.695442 0.0901198 -0.359792
v 0.702267 0.0901195 -0.367069
v 0.709031 0.0901192 -0.374396
v 0.715735 0.0901189 -0.381772
v 0.722383 0.0901187 -0.389203
v 0.728968 0.0901186 -0.396681
v 0.735495 0.0901189 -0.40421
v 0.741961 0.0901195 -0.411789
v 0.748367 0.0901207 -0.419417
v 0.754711 0.0901184 -0.42709
v 0.760996 0.0901169 -0.434814
v 0.767217 0.0901203 -0.442587
v 0.773377 0.0901167 -0.450402
v 0.779471 0.0901184 -0.458264
v 0.785507 0.0901174 -0.466173
v 0.791475 0.090118 -0.474126
v 0.797384 0.0901163 -0.482124
v 0.803223 0.0901166 -0.490163
v 0.809001 0.090119 -0.498251
v 0.814713 0.0901196 -0.506378
v 0.825771 0.0897747 -0.510911
v 0.0103303 0.100089 0.00738454
v 0.000181114 0.10001 0.00348149
v 0.0202344 0.100122 0.0059443
v 0.0301385 0.100148 0.00440761
v 0.0400255 0.100164 0.00276956
v 0.0498951 0.100172 0.00103614
v 0.0597478 0.100171 -0.000792312
v 0.0695777 0.100166 -0.00271419
v 0.079386 0.100156 -0.00472884
v 0.0891745 0.100146 -0.00684199
v 0.0989392 0.100132 -0.00904337
v 0.108685 0.100117 -0.0113427
v 0.118406 0.100102 -0.013732
v 0.128101 0.10009 -0.0162131
v 0.137772 0.100078 -0.0187836
v 0.147418 0.100072 -0.0214516
v 0.157038 0.100066 -0.0242056
v 0.16663 0.100065 -0.0270536
v 0.176195 0.100062 -0.0299878
v 0.18573 0.100064 -0.0330124
v 0.195236 0.100063 -0.0361198
v 0.204717 0.100061 -0.0393196
v 0.214161 0.100064 -0.0426031
v 0.223579 0.100067 -0.0459755
v 0.232966 0.100068 -0.0494335
v 0.24232 0.100069 -0.0529736
v 0.251644 0.100067 -0.0565997
v 0.26093 0.100068 -0.0603067
v 0.270188 0.100067 -0.0641
v 0.279409 0.100067 -0.0679745
v 0.288597 0.100065 -0.0719284
v 0.29775 0.10006 -0.0759619
v 0.306867 0.10006 -0.0800792
v 0.315948 0.100057 -0.0842728
v 0.324994 0.100051 -0.088543
v 0.334001 0.100049 -0.092894
v 0.342973 0.100047 -0.0973242
v 0.351909 0.100042 -0.101828
v 0.360801 0.100041 -0.106406
v 0.369658 0.100036 -0.111059
v 0.378478 0.100034 -0.115789
v 0.387258 0.100032 -0.120594
v 0.395996 0.10003 -0.125468
v 0.404696 0.100027 -0.130416
v 0.413357 0.100023 -0.135435
v 0.421972 0.100022 -0.140523
v 0.430552 0.100021 -0.145686
v 0.439087 0.100018 -0.150914
v 0.447581 0.100014 -0.156211
v 0.456033 0.100013 -0.161578
v 0.464443 0.10001 -0.167011
v 0.472808 0.10001 -0.172512
v 0.481133 0.100008 -0.17808
v 0.489413 0.100005 -0.183712
v 0.497653 0.0999997 -0.189411
v 0.50584 0.100001 -0.195172
v 0.513991 0.0999952 -0.201
v 0.522089 0.099996 -0.20689
v 0.530149 0.0999903 -0.212845
v 0.538159 0.0999904 -0.218863
v 0.546122 0.0999879 -0.224941
v 0.554038 0.0999868 -0.231082
v 0.561906 0.0999829 -0.237282
v 0.569728 0.0999801 -0.243545
v 0.577501 0.0999781 -0.24987
v 0.585222 0.0999765 -0.256254
v 0.592895 0.0999751 -0.262702
v 0.600514 0.0999738 -0.269206
v 0.608086 0.0999725 -0.275775
v 0.615602 0.099971 -0.282398
v 0.623069 0.0999694 -0.289084
v 0.630481 0.0999676 -0.295826
v 0.637839 0.0999654 -0.302625
v 0.645147 0.0999629 -0.309485
v 0.652399 0.0999601 -0.3164
v 0.659593 0.0999608 -0.323372
v 0.666737 0.0999571 -0.330402
v 0.673822 0.099957 -0.337487
v 0.680852 0.0999524 -0.344624
v 0.687823 0.0999514 -0.351817
v 0.694739 0.0999501 -0.359066
v 0.701596 0.0999484 -0.366368
v 0.708396 0.0999465 -0.373722
v 0.715138 0.0999443 -0.381131
v 0.721821 0.0999418 -0.388591
v 0.728444 0.0999394 -0.396102
v 0.735009 0.0999368 -0.403666
v 0.741512 0.0999344 -0.411279
v 0.747955 0.0999321 -0.418943
v 0.754334 0.0999302 -0.426654
v 0.760657 0.0999286 -0.43442
v 0.766914 0.0999276 -0.442231
v 0.773112 0.0999232 -0.450089
v 0.779248 0.0999197 -0.457997
v 0.785317 0.0999172 -0.465949
v 0.791327 0.0999158 -0.473952
v 0.797271 0.0999118 -0.481998
v 0.803149 0.0999134 -0.49009
v 0.808965 0.0999086 -0.498225
v 0.814716 0.0999057 -0.506406
v 0.8204 0.0999049 -0.514631
v 0.803816 -0.000140749 -0.490942
v 0.797933 -0.0001391 -0.482838
v 0.797868 0.00989105 -0.482777
v 0.803732 0.00989005 -0.490855
v 0.803669 0.0199185 -0.490794
v 0.809465 0.0199172 -0.49891
v 0.809399 0.0299442 -0.498842
v 0.815127 0.0299469 -0.507002
v 0.815061 0.0399723 -0.506931
v 0.82629 0.0399819 -0.510821
v 0.826289 0.0299515 -0.510867
v 0.791987 -0.000137046 -0.474781
v 0.791944 0.00988868 -0.474744
v 0.797811 0.0199168 -0.482721
v 0.803606 0.0299469 -0.490733
v 0.809334 0.0399749 -0.498779
v 0.814993 0.0500013 -0.50686
v 0.826293 0.0500114 -0.510776
v 0.785978 -0.000134588 -0.46677
v 0.785951 0.00989122 -0.466757
v 0.791884 0.0199203 -0.474693
v 0.797747 0.0299466 -0.482662
v 0.803542 0.0399747 -0.490671
v 0.809264 0.0500049 -0.498711
v 0.814921 0.0600332 -0.50679
v 0.826294 0.0600397 -0.510729
v 0.779907 -0.000136134 -0.458804
v 0.779897 0.00989424 -0.458818
v 0.785895 0.0199204 -0.46671
v 0.791825 0.0299475 -0.474639
v 0.797686 0.0399759 -0.482606
v 0.803478 0.0500018 -0.490607
v 0.809197 0.0600338 -0.498645
v 0.814854 0.0700598 -0.506719
v 0.826293 0.0700705 -0.510682
v 0.773769 -0.000133586 -0.450884
v 0.773782 0.00989341 -0.450923
v 0.779844 0.0199212 -0.458772
v 0.78584 0.0299494 -0.466662
v 0.791769 0.0399743 -0.474588
v 0.797625 0.0500045 -0.482549
v 0.803414 0.060032 -0.490547
v 0.809134 0.0700613 -0.498581
v 0.814785 0.0800887 -0.506649
v 0.826295 0.0800994 -0.510635
v 0.767572 -0.000135427 -0.443012
v 0.767601 0.00989272 -0.443073
v 0.773728 0.0199224 -0.45088
v 0.779793 0.0299479 -0.45873
v 0.785784 0.0399779 -0.466614
v 0.791711 0.0500044 -0.474537
v 0.797566 0.0600318 -0.482494
v 0.803351 0.0700607 -0.490486
v 0.809068 0.0800912 -0.498517
v 0.814713 0.0901196 -0.506578
v 0.825771 0.0897747 -0.511111
v 0.76131 -0.000133449 -0.435189
v 0.761356 0.0098962 -0.435272
v 0.76755 0.0199239 -0.443037
v 0.773677 0.0299511 -0.450841
v 0.779737 0.0399782 -0.458684
v 0.785727 0.0500055 -0.466564
v 0.791652 0.0600333 -0.474485
v 0.797502 0.0700619 -0.482436
v 0.803286 0.0800877 -0.490423
v 0.809001 0.090119 -0.498451
v 0.814716 0.0999057 -0.506606
v 0.8204 0.0999049 -0.514831
v 0.754986 -0.000132025 -0.427413
v 0.755055 0.00989538 -0.42752
v 0.761313 0.0199214 -0.435239
v 0.767505 0.0299506 -0.443002
v 0.773629 0.0399793 -0.450804
v 0.779686 0.0500035 -0.458639
v 0.785674 0.060032 -0.466517
v 0.791594 0.0700607 -0.474431
v 0.797441 0.0800902 -0.482379
v 0.803223 0.0901166 -0.490363
v 0.808965 0.0999086 -0.498425
v 0.748602 -0.000131305 -0.419688
v 0.748688 0.00989831 -0.419816
v 0.755011 0.019923 -0.42749
v 0.761267 0.0299504 -0.435207
v 0.767456 0.0399768 -0.442963
v 0.773578 0.0500065 -0.450762
v 0.779633 0.0600318 -0.458595
v 0.785619 0.070061 -0.46647
v 0.791533 0.0800904 -0.474378
v 0.797384 0.0901163 -0.482324
v 0.803149 0.0999134 -0.49029
v 0.742157 -0.000131377 -0.412013
v 0.742263 0.00989674 -0.41216
v 0.74865 0.0199244 -0.419792
v 0.754971 0.0299503 -0.427464
v 0.761222 0.0399788 -0.435175
v 0.767408 0.0500062 -0.442928
v 0.773527 0.0600326 -0.45072
v 0.779577 0.0700626 -0.458552
v 0.78556 0.0800883 -0.466418
v 0.791475 0.090118 -0.474326
v 0.797271 0.0999118 -0.482198
v 0.735649 -0.000128264 -0.404388
v 0.735775 0.0098986 -0.404555
v 0.742224 0.0199255 -0.412139
v 0.748609 0.0299542 -0.419769
v 0.754925 0.0399811 -0.427435
v 0.761176 0.0500063 -0.435142
v 0.76736 0.0600343 -0.442893
v 0.773477 0.0700613 -0.450681
v 0.779526 0.0800916 -0.458511
v 0.785507 0.0901174 -0.466373
v 0.791327 0.0999158 -0.474152
v 0.729083 -0.000126154 -0.396815
v 0.729229 0.00989974 -0.397002
v 0.735742 0.0199261 -0.404539
v 0.742186 0.0299538 -0.412118
v 0.748568 0.0399793 -0.41974
v 0.754882 0.0500068 -0.427404
v 0.761129 0.0600366 -0.43511
v 0.767313 0.0700609 -0.442856
v 0.773426 0.0800921 -0.450643
v 0.779471 0.0901184 -0.458464
v 0.785317 0.0999172 -0.466149
v 0.722457 -0.000129469 -0.389288
v 0.72262 0.00990002 -0.389496
v 0.729194 0.0199261 -0.396984
v 0.735706 0.0299531 -0.404519
v 0.742148 0.0399815 -0.412096
v 0.748528 0.0500074 -0.419716
v 0.75484 0.0600353 -0.427377
v 0.761087 0.0700613 -0.435079
v 0.767264 0.0800896 -0.44282
v 0.773377 0.0901167 -0.450602
v 0.779248 0.0999197 -0.458197
v 0.715771 -0.000125717 -0.38182
v 0.715953 0.00989928 -0.382041
v 0.722592 0.0199253 -0.389483
v 0.729162 0.0299561 -0.396971
v 0.73567 0.0399795 -0.4045
v 0.742111 0.0500082 -0.412074
v 0.748489 0.0600344 -0.419691
v 0.754799 0.0700623 -0.427349
v 0.761038 0.0800922 -0.435046
v 0.767217 0.0901203 -0.442787
v 0.773112 0.0999232 -0.450289
v 0.709026 -0.000127477 -0.374399
v 0.709227 0.00990165 -0.374641
v 0.715925 0.0199279 -0.382032
v 0.722562 0.0299543 -0.389473
v 0.729132 0.0399812 -0.396957
v 0.735637 0.0500089 -0.404485
v 0.742076 0.0600377 -0.412057
v 0.748448 0.0700638 -0.419667
v 0.754753 0.0800915 -0.427319
v 0.760996 0.0901169 -0.435014
v 0.766914 0.0999276 -0.442431
v 0.702223 -0.000126503 -0.367034
v 0.702441 0.00990292 -0.367291
v 0.709201 0.0199295 -0.374634
v 0.715897 0.0299559 -0.382024
v 0.722532 0.0399825 -0.389462
v 0.729097 0.0500095 -0.396941
v 0.7356 0.0600371 -0.404466
v 0.742037 0.0700657 -0.412035
v 0.748408 0.0800914 -0.419642
v 0.754711 0.0901184 -0.42729
v 0.760657 0.0999286 -0.43462
v 0.695361 -0.000126979 -0.359721
v 0.695596 0.00990309 -0.359993
v 0.70242 0.0199302 -0.367289
v 0.709179 0.0299568 -0.374631
v 0.71587 0.0399833 -0.382015
v 0.7225 0.0500097 -0.389448
v 0.729067 0.0600364 -0.396927
v 0.735564 0.0700637 -0.404446
v 0.742 0.0800917 -0.412011
v 0.748367 0.0901207 -0.419617
v 0.754334 0.0999302 -0.426854
v 0.688439 -0.000124782 -0.352461
v 0.688698 0.00990204 -0.35275
v 0.695579 0.0199298 -0.359993
v 0.702397 0.0299569 -0.367285
v 0.709154 0.0399834 -0.374625
v 0.715843 0.0500096 -0.382006
v 0.722472 0.0600357 -0.389437
v 0.729032 0.0700659 -0.396912
v 0.735531 0.0800924 -0.404431
v 0.741961 0.0901195 -0.411989
v 0.747955 0.0999321 -0.419143
v 0.681462 -0.000124123 -0.345256
v 0.681738 0.00990388 -0.345559
v 0.688682 0.0199284 -0.352752
v 0.695561 0.0299561 -0.359995
v 0.702375 0.0399828 -0.367281
v 0.70913 0.0500089 -0.374619
v 0.715816 0.0600387 -0.381999
v 0.722443 0.070064 -0.389427
v 0.729001 0.0800934 -0.396898
v 0.735495 0.0901189 -0.40441
v 0.741512 0.0999344 -0.411479
v 0.674428 -0.000125001 -0.338105
v 0.674722 0.00990445 -0.338423
v 0.681724 0.01993 -0.345564
v 0.688667 0.0299543 -0.352756
v 0.695541 0.0399816 -0.359993
v 0.702352 0.0500119 -0.367279
v 0.709105 0.0600373 -0.374614
v 0.715789 0.0700661 -0.381992
v 0.722412 0.0800905 -0.389412
v 0.728968 0.0901186 -0.396881
v 0.735009 0.0999368 -0.403866
v 0.667339 -0.000123328 -0.331013
v 0.667653 0.00990377 -0.331344
v 0.674711 0.0199305 -0.33843
v 0.681712 0.0299557 -0.34557
v 0.688648 0.0399836 -0.352758
v 0.695521 0.0500101 -0.359993
v 0.702331 0.0600355 -0.367274
v 0.709078 0.0700639 -0.374605
v 0.715764 0.0800916 -0.381983
v 0.722383 0.0901187 -0.389403
v 0.728444 0.0999394 -0.396302
v 0.660192 -0.000123191 -0.323973
v 0.660521 0.00990589 -0.324315
v 0.667644 0.0199299 -0.331353
v 0.674701 0.0299561 -0.338438
v 0.681695 0.0399848 -0.345575
v 0.68863 0.0500118 -0.35276
v 0.695501 0.0600373 -0.359993
v 0.702309 0.0700656 -0.367273
v 0.709054 0.0800928 -0.374601
v 0.715735 0.0901189 -0.381972
v 0.721821 0.0999418 -0.388791
v 0.652989 -0.000120473 -0.316991
v 0.65334 0.0099026 -0.317343
v 0.660515 0.0199321 -0.324327
v 0.667633 0.0299555 -0.33136
v 0.674687 0.0399851 -0.338445
v 0.681682 0.0500087 -0.345577
v 0.688613 0.0600386 -0.352763
v 0.695483 0.0700629 -0.359992
v 0.702289 0.0800897 -0.36727
v 0.709031 0.0901192 -0.374596
v 0.715138 0.0999443 -0.381331
v 0.645736 -0.000123412 -0.310065
v 0.6461 0.00990631 -0.31043
v 0.653336 0.0199291 -0.317357
v 0.66051 0.0299579 -0.324339
v 0.667625 0.0399845 -0.331373
v 0.67468 0.0500089 -0.338454
v 0.681668 0.0600353 -0.345582
v 0.688598 0.0700638 -0.352765
v 0.695465 0.0800905 -0.359993
v 0.702267 0.0901195 -0.367269
v 0.708396 0.0999465 -0.373922
v 0.638423 -0.000119557 -0.303198
v 0.638809 0.00990461 -0.303573
v 0.646098 0.0199332 -0.310447
v 0.653331 0.0299593 -0.317374
v 0.660502 0.039983 -0.324349
v 0.667617 0.0500083 -0.33138
v 0.674665 0.0600354 -0.338458
v 0.681653 0.0700643 -0.345589
v 0.688582 0.080091 -0.352769
v 0.695442 0.0901198 -0.359992
v 0.701596 0.0999484 -0.366568
v 0.631059 -0.000121302 -0.296385
v 0.63146 0.00990582 -0.296771
v 0.63881 0.019932 -0.303592
v 0.646098 0.0299596 -0.310464
v 0.653327 0.0399846 -0.317387
v 0.660498 0.050011 -0.324365
v 0.667608 0.0600349 -0.331391
v 0.674653 0.0700643 -0.338468
v 0.681641 0.0800912 -0.345596
v 0.688565 0.0901159 -0.352769
v 0.694739 0.0999501 -0.359266
v 0.623639 -0.000120314 -0.289631
v 0.624061 0.00990588 -0.290029
v 0.631463 0.0199338 -0.296792
v 0.638808 0.0299589 -0.303608
v 0.646096 0.0399853 -0.310479
v 0.653324 0.0500089 -0.3174
v 0.660489 0.0600377 -0.324374
v 0.667596 0.0700638 -0.331399
v 0.674643 0.0800911 -0.338477
v 0.681626 0.0901159 -0.345598
v 0.687823 0.0999514 -0.352017
v 0.616172 -0.000120655 -0.282939
v 0.616608 0.00990481 -0.283343
v 0.624065 0.0199304 -0.290047
v 0.631466 0.0299572 -0.296809
v 0.638809 0.0399851 -0.303626
v 0.646095 0.05001 -0.310495
v 0.653321 0.0600358 -0.317416
v 0.660485 0.0700627 -0.324388
v 0.667589 0.0800907 -0.331412
v 0.674632 0.0901156 -0.338482
v 0.680852 0.0999524 -0.344824
v 0.608647 -0.000118051 -0.276305
v 0.609101 0.00990691 -0.276717
v 0.616611 0.0199343 -0.283365
v 0.624071 0.0299587 -0.290073
v 0.631469 0.0399841 -0.29683
v 0.638811 0.0500103 -0.303645
v 0.646091 0.0600374 -0.31051
v 0.653316 0.0700611 -0.317428
v 0.660478 0.0800898 -0.324399
v 0.667581 0.0901152 -0.33142
v 0.673822 0.099957 -0.337687
v 0.601073 -0.000120723 -0.269726
v 0.601542 0.00990805 -0.270149
v 0.609108 0.0199332 -0.27674
v 0.616619 0.0299593 -0.283388
v 0.624075 0.0399822 -0.29009
v 0.631474 0.0500099 -0.296851
v 0.63881 0.0600382 -0.303662
v 0.64609 0.0700631 -0.310525
v 0.653312 0.0800885 -0.317443
v 0.660472 0.0901144 -0.324411
v 0.666737 0.0999571 -0.330602
v 0.593447 -0.000120329 -0.26321
v 0.59393 0.00990836 -0.263638
v 0.601554 0.0199313 -0.270173
v 0.609118 0.0299591 -0.276765
v 0.616628 0.0399836 -0.283412
v 0.624083 0.0500088 -0.290114
v 0.631477 0.0600343 -0.29687
v 0.638811 0.0700644 -0.303681
v 0.646088 0.0800908 -0.310543
v 0.653304 0.0901174 -0.317456
v 0.659593 0.0999608 -0.323572
v 0.585766 -0.000116749 -0.256753
v 0.586268 0.00990798 -0.257187
v 0.593944 0.0199328 -0.263665
v 0.601562 0.0299582 -0.270197
v 0.609127 0.0399844 -0.276789
v 0.616635 0.0500111 -0.283435
v 0.624085 0.060034 -0.290133
v 0.631477 0.0700612 -0.296888
v 0.638811 0.0800886 -0.303696
v 0.646085 0.0901161 -0.310557
v 0.652399 0.0999601 -0.3166
v 0.57804 -0.000118208 -0.250357
v 0.578556 0.00990679 -0.250796
v 0.586284 0.0199336 -0.257217
v 0.593957 0.0299567 -0.26369
v 0.601576 0.0399845 -0.270227
v 0.609137 0.0500087 -0.276813
v 0.61664 0.0600372 -0.283457
v 0.624092 0.0700616 -0.290157
v 0.631478 0.0800901 -0.296908
v 0.638811 0.0901145 -0.303714
v 0.645147 0.0999629 -0.309685
v 0.57026 -0.00011627 -0.244022
v 0.570791 0.00990916 -0.244466
v 0.578574 0.0199338 -0.250828
v 0.586299 0.0299588 -0.257245
v 0.593969 0.0399841 -0.263719
v 0.601586 0.0500098 -0.270251
v 0.609145 0.0600357 -0.276837
v 0.616651 0.0700616 -0.283482
v 0.624097 0.0800873 -0.290179
v 0.631483 0.0901126 -0.296927
v 0.637839 0.0999654 -0.302825
v 0.562437 -0.000119135 -0.237751
v 0.562979 0.00990687 -0.238196
v 0.570813 0.0199335 -0.244499
v 0.578591 0.0299604 -0.250859
v 0.586316 0.0399833 -0.257275
v 0.593985 0.0500106 -0.263749
v 0.601598 0.0600339 -0.270276
v 0.609156 0.0700612 -0.276862
v 0.616656 0.0800882 -0.283503
v 0.6241 0.0901146 -0.290199
v 0.630481 0.0999676 -0.296026
v 0.55456 -0.000118181 -0.231538
v 0.55512 0.00990849 -0.231992
v 0.563003 0.0199329 -0.238231
v 0.570833 0.0299575 -0.24453
v 0.578608 0.0399822 -0.250886
v 0.58633 0.0500111 -0.257305
v 0.593996 0.0600358 -0.263774
v 0.601611 0.0700605 -0.270304
v 0.609163 0.0800888 -0.276887
v 0.616664 0.0901124 -0.283525
v 0.623069 0.0999694 -0.289284
v 0.546637 -0.00011751 -0.22539
v 0.547207 0.00990999 -0.225846
v 0.555144 0.0199322 -0.232025
v 0.563022 0.0299587 -0.238262
v 0.570851 0.039985 -0.244563
v 0.578625 0.0500113 -0.250919
v 0.586345 0.0600335 -0.257331
v 0.59401 0.0700595 -0.2638
v 0.60162 0.0800851 -0.270327
v 0.609174 0.0901141 -0.276912
v 0.615602 0.099971 -0.282598
v 0.538664 -0.00011673 -0.219302
v 0.53925 0.00990751 -0.21976
v 0.547233 0.0199356 -0.225881
v 0.555165 0.0299597 -0.232058
v 0.563043 0.0399837 -0.238295
v 0.570868 0.0500116 -0.244593
v 0.578642 0.0600351 -0.250949
v 0.58636 0.0700625 -0.257362
v 0.594025 0.0800854 -0.263829
v 0.601633 0.0901117 -0.270355
v 0.608086 0.0999725 -0.275975
v 0.530647 -0.000115662 -0.21328
v 0.531244 0.00990968 -0.21374
v 0.539278 0.0199352 -0.219798
v 0.547258 0.0299611 -0.225915
v 0.55519 0.0399826 -0.232092
v 0.563064 0.0500078 -0.238326
v 0.570887 0.0600368 -0.244626
v 0.578657 0.0700614 -0.250978
v 0.586376 0.0800857 -0.257389
v 0.594037 0.0901133 -0.263858
v 0.600514 0.0999738 -0.269406
v 0.522583 -0.000113975 -0.20732
v 0.523197 0.00990849 -0.207782
v 0.531275 0.0199354 -0.213778
v 0.539306 0.0299587 -0.219832
v 0.547282 0.039986 -0.225947
v 0.55521 0.0500086 -0.232123
v 0.563086 0.0600347 -0.238362
v 0.570907 0.0700605 -0.244656
v 0.578676 0.0800859 -0.251008
v 0.586393 0.0901108 -0.257419
v 0.592895 0.0999751 -0.262902
v 0.514476 -0.000115694 -0.201423
v 0.515097 0.00990834 -0.201883
v 0.523227 0.0199323 -0.207817
v 0.531302 0.0299612 -0.213811
v 0.539333 0.0399858 -0.219868
v 0.547309 0.0500098 -0.225983
v 0.555236 0.0600332 -0.232159
v 0.563108 0.07006 -0.238396
v 0.570928 0.0800865 -0.24469
v 0.578692 0.0901127 -0.251038
v 0.585222 0.0999765 -0.256454
v 0.50632 -0.000116434 -0.195586
v 0.506956 0.00990934 -0.196051
v 0.515129 0.0199346 -0.20192
v 0.523256 0.0299605 -0.207853
v 0.531334 0.0399824 -0.213845
v 0.53936 0.0500077 -0.2199
v 0.547334 0.0600365 -0.226019
v 0.555256 0.0700603 -0.232193
v 0.563129 0.0800835 -0.238428
v 0.570945 0.0901107 -0.244717
v 0.577501 0.0999781 -0.25007
v 0.498122 -0.000116164 -0.189817
v 0.498768 0.00991159 -0.190283
v 0.506988 0.0199339 -0.196085
v 0.515161 0.029961 -0.201956
v 0.523286 0.0399841 -0.207886
v 0.531362 0.0500107 -0.213883
v 0.539383 0.0600365 -0.219936
v 0.547358 0.0700615 -0.226054
v 0.55528 0.0800856 -0.232228
v 0.563149 0.0901095 -0.238459
v 0.569728 0.0999801 -0.243745
v 0.489877 -0.000114701 -0.184111
v 0.490536 0.00991101 -0.184576
v 0.498803 0.0199347 -0.190317
v 0.507023 0.0299588 -0.196122
v 0.515195 0.0399829 -0.20199
v 0.523318 0.0500107 -0.207925
v 0.531391 0.0600336 -0.213917
v 0.539412 0.0700596 -0.219972
v 0.547383 0.0800848 -0.226087
v 0.555301 0.0901093 -0.232257
v 0.561906 0.0999829 -0.237482
v 0.481594 -0.000116171 -0.178473
v 0.482257 0.00991182 -0.178932
v 0.490575 0.0199328 -0.18461
v 0.498839 0.029958 -0.190351
v 0.507058 0.0399832 -0.196158
v 0.515227 0.050008 -0.202026
v 0.523345 0.060036 -0.207958
v 0.531418 0.070059 -0.213953
v 0.539439 0.0800851 -0.220008
v 0.547406 0.0901105 -0.226119
v 0.554038 0.0999868 -0.231283
v 0.473262 -0.000116357 -0.172898
v 0.473938 0.00990991 -0.173356
v 0.482296 0.0199365 -0.178969
v 0.490611 0.0299588 -0.184647
v 0.498872 0.039985 -0.190387
v 0.507088 0.0500108 -0.196193
v 0.515256 0.0600358 -0.202063
v 0.523376 0.0700597 -0.207995
v 0.531445 0.0800827 -0.213986
v 0.539466 0.090109 -0.220042
v 0.546122 0.0999879 -0.225141
v 0.464885 -0.000115137 -0.167389
v 0.465574 0.0099095 -0.167845
v 0.473977 0.0199336 -0.173389
v 0.482336 0.0299613 -0.179005
v 0.490647 0.0399844 -0.184683
v 0.498908 0.0500111 -0.190426
v 0.507123 0.060033 -0.196229
v 0.515291 0.0700579 -0.2021
v 0.523405 0.0800858 -0.208032
v 0.531475 0.0901088 -0.214024
v 0.538159 0.0999904 -0.219063
v 0.456468 -0.000116585 -0.161946
v 0.457164 0.00991075 -0.162399
v 0.465614 0.0199365 -0.16788
v 0.474018 0.0299614 -0.173428
v 0.482372 0.0399856 -0.179039
v 0.490684 0.0500091 -0.184719
v 0.498941 0.060036 -0.190461
v 0.507156 0.0700577 -0.196266
v 0.515321 0.0800824 -0.202135
v 0.523436 0.0901102 -0.208067
v 0.530149 0.0999903 -0.213045
v 0.448007 -0.000116383 -0.156572
v 0.448713 0.00990957 -0.15702
v 0.457209 0.0199329 -0.162432
v 0.465656 0.0299591 -0.167914
v 0.474057 0.0399845 -0.173462
v 0.482411 0.050009 -0.179076
v 0.49072 0.0600326 -0.184755
v 0.498978 0.0700593 -0.190499
v 0.507188 0.0800849 -0.196304
v 0.515353 0.0901093 -0.202174
v 0.522089 0.099996 -0.20709
v 0.439506 -0.000114467 -0.151269
v 0.440218 0.00991015 -0.151709
v 0.448759 0.0199352 -0.157055
v 0.457252 0.0299588 -0.162468
v 0.465696 0.0399853 -0.16795
v 0.474094 0.0500108 -0.173498
v 0.482449 0.0600353 -0.179115
v 0.490755 0.0700587 -0.184793
v 0.499013 0.0800851 -0.190538
v 0.507223 0.0901102 -0.196344
v 0.513991 0.0999952 -0.2012
v 0.430962 -0.000114891 -0.146032
v 0.431683 0.00990849 -0.146467
v 0.440266 0.0199354 -0.151744
v 0.448801 0.0299605 -0.157087
v 0.457291 0.0399841 -0.162501
v 0.465736 0.0500106 -0.167987
v 0.474134 0.0600359 -0.173538
v 0.482486 0.0700601 -0.179153
v 0.49079 0.0800831 -0.18483
v 0.499046 0.090109 -0.190573
v 0.50584 0.100001 -0.195372
v 0.422376 -0.000113417 -0.140866
v 0.423106 0.00990882 -0.141296
v 0.431731 0.0199334 -0.146498
v 0.440311 0.0299601 -0.151776
v 0.448846 0.039985 -0.157124
v 0.457334 0.0500084 -0.162539
v 0.465776 0.0600346 -0.168024
v 0.474172 0.0700595 -0.173574
v 0.482521 0.0800831 -0.179188
v 0.490824 0.0901096 -0.184868
v 0.497653 0.0999997 -0.189611
v 0.41375 -0.000114045 -0.135769
v 0.414484 0.00991135 -0.136193
v 0.423153 0.0199336 -0.141323
v 0.431776 0.0299619 -0.146532
v 0.440355 0.0399839 -0.151809
v 0.448888 0.0500084 -0.157159
v 0.457374 0.0600354 -0.162579
v 0.465816 0.0700569 -0.168061
v 0.474211 0.0800853 -0.173616
v 0.482558 0.0901083 -0.179228
v 0.489413 0.100005 -0.183912
v 0.405083 -0.00011678 -0.13074
v 0.405823 0.00991183 -0.13116
v 0.414536 0.0199359 -0.136222
v 0.4232 0.0299617 -0.141357
v 0.431822 0.0399851 -0.146566
v 0.440397 0.0500107 -0.151846
v 0.448931 0.0600345 -0.1572
v 0.457415 0.0700608 -0.162619
v 0.465853 0.0800857 -0.168103
v 0.474247 0.0901092 -0.173653
v 0.481133 0.100008 -0.17828
v 0.396372 -0.000113085 -0.125786
v 0.39712 0.00991032 -0.126196
v 0.405874 0.0199364 -0.131186
v 0.414584 0.0299596 -0.13625
v 0.423249 0.0399845 -0.141391
v 0.431869 0.0500071 -0.146601
v 0.440441 0.0600318 -0.151882
v 0.448971 0.0700589 -0.157237
v 0.457453 0.0800843 -0.162656
v 0.465892 0.0901082 -0.168142
v 0.472808 0.10001 -0.172712
v 0.387628 -0.000115573 -0.120906
v 0.388378 0.00991109 -0.121309
v 0.397172 0.019935 -0.126221
v 0.405924 0.0299599 -0.131213
v 0.414629 0.0399862 -0.136282
v 0.423292 0.0500101 -0.141425
v 0.431911 0.0600357 -0.146642
v 0.440481 0.0700594 -0.151923
v 0.449009 0.0800853 -0.157278
v 0.457493 0.0901096 -0.162699
v 0.464443 0.10001 -0.167211
v 0.378838 -0.000115577 -0.116095
v 0.379593 0.00991008 -0.11649
v 0.388433 0.019936 -0.121333
v 0.397224 0.0299585 -0.126248
v 0.405971 0.0399863 -0.131246
v 0.41468 0.0500072 -0.136318
v 0.423339 0.0600339 -0.141464
v 0.431952 0.0700583 -0.146678
v 0.440522 0.0800848 -0.151965
v 0.449048 0.0901095 -0.157319
v 0.456033 0.100013 -0.161778
v 0.370011 -0.00011727 -0.111358
v 0.370769 0.00991166 -0.111747
v 0.37965 0.0199353 -0.116512
v 0.388483 0.0299595 -0.121356
v 0.397274 0.0399847 -0.12628
v 0.406021 0.050011 -0.131284
v 0.414723 0.0600346 -0.136357
v 0.423379 0.0700598 -0.141503
v 0.431994 0.0800828 -0.146721
v 0.440563 0.0901078 -0.152007
v 0.447581 0.100014 -0.156411
v 0.361148 -0.000116258 -0.106701
v 0.361908 0.00990744 -0.107075
v 0.370829 0.019933 -0.111766
v 0.379701 0.029959 -0.116535
v 0.388534 0.0399857 -0.121388
v 0.397322 0.0500091 -0.126315
v 0.406068 0.0600338 -0.131321
v 0.414765 0.0700599 -0.136397
v 0.423424 0.0800834 -0.141548
v 0.432035 0.0901089 -0.146767
v 0.439087 0.100018 -0.151114
v 0.352242 -0.0001166 -0.102115
v 0.353004 0.00991035 -0.102482
v 0.361967 0.0199336 -0.107096
v 0.37088 0.0299613 -0.11179
v 0.379753 0.0399852 -0.116567
v 0.388584 0.05001 -0.121423
v 0.39737 0.0600315 -0.126352
v 0.406108 0.0700585 -0.131358
v 0.414808 0.0800827 -0.136439
v 0.423463 0.0901085 -0.141591
v 0.430552 0.100021 -0.145886
v 0.343301 -0.000118177 -0.0976052
v 0.344067 0.00990774 -0.0979641
v 0.353063 0.0199328 -0.102496
v 0.362021 0.029958 -0.107117
v 0.370931 0.0399834 -0.111816
v 0.379801 0.0500094 -0.116598
v 0.388629 0.0600321 -0.121457
v 0.397413 0.0700599 -0.126396
v 0.406152 0.0800806 -0.131401
v 0.414848 0.0901069 -0.136484
v 0.421972 0.100022 -0.140723
v 0.334319 -0.000120779 -0.0931689
v 0.335086 0.0099083 -0.0935214
v 0.344124 0.0199351 -0.0979786
v 0.353118 0.0299577 -0.102516
v 0.362072 0.0399846 -0.107144
v 0.370984 0.0500077 -0.11185
v 0.379851 0.0600314 -0.116636
v 0.388676 0.0700559 -0.121499
v 0.397455 0.0800814 -0.126436
v 0.406192 0.0901081 -0.13145
v 0.413357 0.100023 -0.135635
v 0.325302 -0.000119898 -0.0888151
v 0.326069 0.00990805 -0.0891554
v 0.335147 0.0199323 -0.0935325
v 0.344182 0.0299563 -0.0979958
v 0.35317 0.0399847 -0.102543
v 0.362121 0.050009 -0.107175
v 0.371029 0.0600338 -0.111887
v 0.379893 0.0700591 -0.116677
v 0.388717 0.0800812 -0.121543
v 0.397496 0.0901083 -0.126486
v 0.404696 0.100027 -0.130616
v 0.316247 -0.000119577 -0.0845377
v 0.317013 0.00990718 -0.0848658
v 0.32613 0.0199328 -0.0891651
v 0.335199 0.0299584 -0.0935471
v 0.34423 0.0399838 -0.0980181
v 0.35322 0.0500093 -0.102573
v 0.362168 0.0600351 -0.107212
v 0.371074 0.0700572 -0.111927
v 0.379935 0.080084 -0.116721
v 0.388755 0.0901074 -0.12159
v 0.395996 0.10003 -0.125668
v 0.307158 -0.000119602 -0.0803401
v 0.307922 0.00990584 -0.080656
v 0.317074 0.0199329 -0.0848739
v 0.326185 0.0299555 -0.0891763
v 0.335254 0.0399821 -0.0935702
v 0.344281 0.0500088 -0.0980484
v 0.353269 0.0600314 -0.102608
v 0.362213 0.0700585 -0.107252
v 0.371116 0.0800818 -0.111972
v 0.37998 0.0901056 -0.116772
v 0.387258 0.100032 -0.120794
v 0.298032 -0.000124014 -0.0762163
v 0.298792 0.00990432 -0.0765222
v 0.30798 0.0199326 -0.0806589
v 0.317129 0.0299563 -0.084884
v 0.326237 0.0399841 -0.0892007
v 0.335305 0.0500076 -0.0935999
v 0.344328 0.0600354 -0.098085
v 0.353312 0.070059 -0.102651
v 0.362256 0.0800829 -0.107298
v 0.371156 0.0901071 -0.112022
v 0.378478 0.100034 -0.115989
v 0.288871 -0.000124001 -0.0721776
v 0.28963 0.00990285 -0.0724714
v 0.298853 0.0199321 -0.076527
v 0.308038 0.0299569 -0.0806712
v 0.317184 0.0399815 -0.0849052
v 0.326288 0.0500102 -0.0892299
v 0.335352 0.0600346 -0.0936363
v 0.344374 0.0700589 -0.0981256
v 0.353355 0.0800834 -0.102697
v 0.362296 0.090108 -0.107349
v 0.369658 0.100036 -0.111259
v 0.279673 -0.000123533 -0.0682181
v 0.280428 0.00990599 -0.0685019
v 0.28969 0.0199318 -0.0724744
v 0.298911 0.0299574 -0.076538
v 0.308092 0.0399829 -0.0806914
v 0.317234 0.0500082 -0.0849337
v 0.326337 0.0600334 -0.0892638
v 0.335398 0.0700584 -0.0936769
v 0.344417 0.0800834 -0.0981722
v 0.353396 0.0901083 -0.102748
v 0.360801 0.100041 -0.106606
v 0.270443 -0.000122359 -0.0643412
v 0.271194 0.00990536 -0.064613
v 0.280489 0.0199318 -0.068501
v 0.289743 0.0299581 -0.0724802
v 0.298967 0.0399801 -0.0765548
v 0.308145 0.0500061 -0.080717
v 0.317283 0.0600319 -0.0849672
v 0.326379 0.0700576 -0.0893008
v 0.335441 0.080083 -0.0937239
v 0.344457 0.0901083 -0.0982247
v 0.351909 0.100042 -0.102028
v 0.261174 -0.000120229 -0.060543
v 0.261925 0.00990556 -0.0608066
v 0.271254 0.0199324 -0.06461
v 0.280547 0.0299549 -0.0685066
v 0.289798 0.0399817 -0.0724958
v 0.299012 0.0500083 -0.076578
v 0.308191 0.0600347 -0.0807521
v 0.317326 0.0700608 -0.0850098
v 0.326422 0.0800825 -0.089348
v 0.335477 0.0901081 -0.0937735
v 0.342973 0.100047 -0.0975242
v 0.251874 -0.000116857 -0.0568308
v 0.252618 0.0099069 -0.0570787
v 0.261982 0.0199296 -0.0607957
v 0.271311 0.0299567 -0.064614
v 0.280598 0.0399838 -0.068523
v 0.289848 0.0500065 -0.0725195
v 0.29906 0.0600334 -0.0766104
v 0.308232 0.0700599 -0.0807887
v 0.317368 0.0800861 -0.0850571
v 0.326461 0.0901077 -0.0894017
v 0.334001 0.100049 -0.093094
v 0.242545 -0.000116218 -0.0532023
v 0.243279 0.00990958 -0.0534368
v 0.252677 0.0199322 -0.0570694
v 0.262037 0.029955 -0.0607979
v 0.271363 0.0399823 -0.0646268
v 0.280647 0.0500095 -0.0685456
v 0.289894 0.0600324 -0.0725512
v 0.299103 0.0700592 -0.0766502
v 0.308276 0.0800857 -0.0808397
v 0.317406 0.0901116 -0.0851112
v 0.324994 0.100051 -0.088743
v 0.233181 -0.000113684 -0.0496557
v 0.233909 0.00990965 -0.0498783
v 0.243341 0.0199319 -0.0534267
v 0.252734 0.0299588 -0.0570734
v 0.262091 0.0399818 -0.0608128
v 0.27141 0.050009 -0.0646483
v 0.280694 0.060032 -0.0685744
v 0.28994 0.070059 -0.0725943
v 0.299146 0.0800856 -0.0767012
v 0.308313 0.0901116 -0.0808941
v 0.315948 0.100057 -0.0844728
v 0.223783 -0.000109057 -0.0461947
v 0.224504 0.00991596 -0.0464077
v 0.233967 0.0199376 -0.0498681
v 0.243392 0.0299598 -0.053425
v 0.252784 0.0399824 -0.0570809
v 0.262139 0.0500053 -0.0608309
v 0.271455 0.0600325 -0.0646761
v 0.280734 0.0700594 -0.0686133
v 0.289978 0.080086 -0.0726414
v 0.299182 0.090112 -0.0767559
v 0.306867 0.10006 -0.0802792
v 0.214359 -0.000106452 -0.0428209
v 0.215069 0.00991578 -0.0430183
v 0.224563 0.0199366 -0.0463907
v 0.234023 0.0299581 -0.0498638
v 0.243443 0.0399846 -0.0534345
v 0.252833 0.0500071 -0.0571013
v 0.262183 0.060034 -0.0608635
v 0.271499 0.0700565 -0.0647159
v 0.280776 0.0800829 -0.0686617
v 0.290014 0.0901088 -0.0726941
v 0.29775 0.10006 -0.0761619
v 0.2049 -0.000101309 -0.0395326
v 0.205601 0.0099223 -0.0397205
v 0.215125 0.0199379 -0.0429988
v 0.224616 0.0299585 -0.0463842
v 0.234071 0.0399842 -0.0498714
v 0.243491 0.0500061 -0.0534513
v 0.252876 0.0600325 -0.0571306
v 0.262225 0.070059 -0.0609025
v 0.271536 0.0800851 -0.064766
v 0.280812 0.0901106 -0.0687201
v 0.288597 0.100065 -0.0721285
v 0.195412 -9.77208e-05 -0.0363314
v 0.196103 0.00992281 -0.0365037
v 0.205656 0.0199415 -0.039696
v 0.215178 0.0299611 -0.0429937
v 0.224667 0.0399815 -0.0463915
v 0.234116 0.0500069 -0.0498866
v 0.243532 0.0600327 -0.0534794
v 0.252916 0.0700585 -0.0571688
v 0.262262 0.0800842 -0.0609501
v 0.271572 0.0901093 -0.0648222
v 0.279409 0.100067 -0.0681745
v 0.185896 -9.54444e-05 -0.0332174
v 0.186576 0.00992618 -0.03338
v 0.196157 0.0199436 -0.0364802
v 0.205707 0.029962 -0.0396863
v 0.215226 0.0399855 -0.0429989
v 0.224709 0.0500055 -0.046405
v 0.23416 0.0600304 -0.049915
v 0.243574 0.0700555 -0.0535182
v 0.252952 0.0800804 -0.0572136
v 0.262295 0.0901092 -0.061006
v 0.270188 0.100067 -0.0643
v 0.176349 -9.43287e-05 -0.0301905
v 0.177017 0.00992395 -0.0303375
v 0.186628 0.0199443 -0.0333513
v 0.196208 0.0299656 -0.0364716
v 0.205757 0.0399834 -0.0396909
v 0.215269 0.0500065 -0.0430122
v 0.224752 0.0600302 -0.0464357
v 0.234199 0.0700543 -0.0499527
v 0.243611 0.0800784 -0.053566
v 0.252985 0.0901064 -0.0572729
v 0.26093 0.100068 -0.0605067
v 0.166772 -9.40326e-05 -0.0272507
v 0.167429 0.00992511 -0.0273881
v 0.177069 0.0199439 -0.0303093
v 0.186678 0.0299636 -0.0333377
v 0.196252 0.0399843 -0.0364679
v 0.205797 0.0500058 -0.0397022
v 0.215312 0.0600282 -0.0430391
v 0.22479 0.070051 -0.0464701
v 0.234232 0.0800783 -0.0499997
v 0.243642 0.0901053 -0.0536249
v 0.251644 0.100067 -0.0567997
v 0.157172 -9.43076e-05 -0.0244057
v 0.157813 0.00992561 -0.0245295
v 0.167479 0.019947 -0.0273602
v 0.177117 0.029965 -0.0302965
v 0.18672 0.0399839 -0.0333353
v 0.196295 0.0500082 -0.0364845
v 0.205838 0.0600289 -0.0397311
v 0.215348 0.0700503 -0.0430759
v 0.224823 0.0800762 -0.0465198
v 0.234264 0.090102 -0.0500596
v 0.24232 0.100069 -0.0531736
v 0.147542 -9.93009e-05 -0.0216457
v 0.148171 0.00992136 -0.0217596
v 0.157861 0.0199453 -0.0244958
v 0.167525 0.0299657 -0.027342
v 0.177159 0.0399871 -0.030295
v 0.186761 0.0500052 -0.0333473
v 0.196331 0.0600285 -0.0365057
v 0.205873 0.0700481 -0.0397643
v 0.21538 0.0800724 -0.0431224
v 0.224851 0.090101 -0.046579
v 0.232966 0.100068 -0.0496335
v 0.137888 -0.000104221 -0.0189806
v 0.1385 0.00991702 -0.0190808
v 0.148217 0.0199432 -0.0217258
v 0.157905 0.029966 -0.0244779
v 0.167564 0.0399855 -0.0273353
v 0.177197 0.0500059 -0.0303024
v 0.186799 0.0600272 -0.0333738
v 0.196368 0.0700492 -0.0365446
v 0.205904 0.0800716 -0.0398133
v 0.215409 0.0900942 -0.0431824
v 0.223579 0.100067 -0.0461755
v 0.128208 -0.000113195 -0.0164043
v 0.128799 0.00991297 -0.0164929
v 0.13854 0.0199413 -0.0190429
v 0.148258 0.0299619 -0.0217021
v 0.157945 0.0399836 -0.0244696
v 0.167604 0.0500061 -0.0273474
v 0.177232 0.0600253 -0.0303244
v 0.18683 0.0700452 -0.033405
v 0.196396 0.0800699 -0.03659
v 0.205934 0.0900905 -0.0398738
v 0.214161 0.100064 -0.0428031
v 0.118498 -0.000121443 -0.013919
v 0.119075 0.00990507 -0.0139977
v 0.128844 0.0199355 -0.016456
v 0.138584 0.0299624 -0.0190228
v 0.148294 0.0399861 -0.0216963
v 0.15798 0.0500064 -0.0244787
v 0.167638 0.0600276 -0.0273706
v 0.177266 0.0700452 -0.0303608
v 0.186861 0.0800676 -0.0334561
v 0.196426 0.0900902 -0.036653
v 0.204717 0.100061 -0.0395196
v 0.108769 -0.000132977 -0.0115304
v 0.109327 0.00989381 -0.0115951
v 0.119118 0.0199304 -0.01396
v 0.128881 0.0299592 -0.0164318
v 0.13862 0.0399847 -0.0190148
v 0.148329 0.0500069 -0.0217037
v 0.158014 0.0600257 -0.0245006
v 0.167669 0.0700451 -0.0274026
v 0.177293 0.0800651 -0.030408
v 0.186887 0.0900853 -0.0335157
v 0.195236 0.100063 -0.0363198
v 0.099013 -0.000146826 -0.0092302
v 0.099553 0.00988424 -0.00928721
v 0.109364 0.019922 -0.0115526
v 0.119155 0.0299525 -0.0139329
v 0.128918 0.0399798 -0.0164214
v 0.138651 0.0500038 -0.0190165
v 0.148364 0.0600242 -0.0217241
v 0.158042 0.0700454 -0.0245337
v 0.167694 0.0800671 -0.0274513
v 0.177318 0.0900846 -0.0304696
v 0.18573 0.100064 -0.0332124
v 0.0892382 -0.000162204 -0.00702591
v 0.0897551 0.00987292 -0.00707142
v 0.0995924 0.0199109 -0.00924523
v 0.109402 0.0299471 -0.0115285
v 0.119187 0.0399804 -0.0139243
v 0.128945 0.050006 -0.0164252
v 0.138682 0.0600281 -0.0190395
v 0.14839 0.0700464 -0.0217581
v 0.158068 0.0800653 -0.0245817
v 0.167719 0.0900843 -0.0275126
v 0.176195 0.100062 -0.0301878
v 0.0794395 -0.000173218 -0.00491518
v 0.0799376 0.0098606 -0.00495135
v 0.0897907 0.0199022 -0.00702847
v 0.0996218 0.0299434 -0.0092186
v 0.109433 0.0399737 -0.011517
v 0.119214 0.0500052 -0.0139255
v 0.128972 0.0600288 -0.0164424
v 0.138708 0.0700486 -0.0190718
v 0.14841 0.0800688 -0.0218034
v 0.158091 0.0900848 -0.0246445
v 0.16663 0.100065 -0.0272536
v 0.0696165 -0.00017952 -0.00289819
v 0.0700964 0.00985707 -0.0029312
v 0.0799667 0.0198969 -0.00490953
v 0.0898205 0.0299377 -0.00700458
v 0.0996504 0.0399732 -0.00920609
v 0.109458 0.0500018 -0.0115176
v 0.119241 0.0600268 -0.0139402
v 0.128996 0.0700523 -0.0164749
v 0.138728 0.0800693 -0.0191157
v 0.148433 0.0900864 -0.0218653
v 0.157038 0.100066 -0.0244056
v 0.0597767 -0.000183882 -0.000975682
v 0.0602322 0.00985406 -0.00100265
v 0.070122 0.0198908 -0.00288656
v 0.0799942 0.0299305 -0.00488265
v 0.0898454 0.0399705 -0.00699124
v 0.0996783 0.0500002 -0.00920751
v 0.10948 0.0600311 -0.0115339
v 0.119263 0.0700536 -0.0139727
v 0.129019 0.0800717 -0.0165208
v 0.138749 0.0900897 -0.0191786
v 0.147418 0.100072 -0.0216516
v 0.0499133 -0.000181804 0.000853495
v 0.0503491 0.00985251 0.000830729
v 0.0602551 0.0198895 -0.000961239
v 0.0701482 0.0299269 -0.00286262
v 0.080019 0.0399665 -0.00487206
v 0.0898701 0.050001 -0.00699165
v 0.0996977 0.0600332 -0.00922308
v 0.109502 0.070057 -0.0115638
v 0.119282 0.0800806 -0.0140208
v 0.129038 0.0900952 -0.0165842
v 0.137772 0.100078 -0.0189836
v 0.0400351 -0.000171888 0.00258215
v 0.0404417 0.00986109 0.00256372
v 0.0503648 0.0198926 0.000865615
v 0.0602745 0.0299271 -0.000937037
v 0.0701678 0.0399654 -0.00285131
v 0.0800397 0.0500001 -0.00487153
v 0.0898886 0.0600331 -0.00700413
v 0.0997166 0.0700628 -0.00925223
v 0.109521 0.0800834 -0.0116094
v 0.119296 0.0901032 -0.0140785
v 0.128101 0.10009 -0.0164131
v 0.0301383 -0.000156801 0.0042212
v 0.0305223 0.00987453 0.00419927
v 0.0404581 0.019897 0.00259287
v 0.0503828 0.0299272 0.000888486
v 0.0602944 0.0399636 -0.000926604
v 0.0701841 0.0500023 -0.00284974
v 0.0800547 0.060036 -0.00488288
v 0.0899047 0.0700667 -0.00703231
v 0.0997328 0.0800931 -0.00929711
v 0.109534 0.0901141 -0.0116728
v 0.118406 0.100102 -0.013932
v 0.0202202 -0.000122282 0.00576001
v 0.0205783 0.00989914 0.00573409
v 0.0305296 0.0199083 0.00422258
v 0.0404699 0.0299316 0.00261112
v 0.0503989 0.0399652 0.000895176
v 0.0603111 0.0499989 -0.00092586
v 0.070201 0.0600373 -0.00286158
v 0.0800735 0.0700692 -0.00491155
v 0.0899181 0.0801011 -0.00707629
v 0.0997419 0.0901234 -0.00935418
v 0.108685 0.100117 -0.0115427
v 0.0103089 -8.962e-05 0.00719459
v 0.0106357 0.00993086 0.00716035
v 0.0205861 0.0199264 0.00574624
v 0.0305404 0.0299381 0.00423446
v 0.0404838 0.0399665 0.00261632
v 0.0504154 0.0499987 0.000895101
v 0.0603233 0.0600375 -0.000936502
v 0.0702124 0.0700746 -0.00288515
v 0.0800823 0.0801035 -0.00494846
v 0.0899304 0.0901313 -0.00713417
v 0.0989392 0.100132 -0.00924337
v 0.000787945 -1.00569e-05 0.00845761
v 2.03893e-06 0.00999221 -0.000203312
v 0.0106394 0.0199515 0.00716532
v 0.020594 0.0299502 0.00575101
v 0.03055 0.0399688 0.00423735
v 0.0404949 0.0499976 0.00261887
v 0.0504242 0.0600362 0.00088772
v 0.0603366 0.0700745 -0.000960269
v 0.0702238 0.080109 -0.00292227
v 0.0800918 0.0901383 -0.00500518
v 0.0891745 0.100146 -0.00704199
v 2.756e-06 0.0199942 -0.000203839
v 0.0106414 0.0299643 0.00716886
v 0.0205976 0.0399759 0.00575116
v 0.0305581 0.0499968 0.00423829
v 0.0405035 0.0600339 0.00261101
v 0.050435 0.0700729 0.000867675
v 0.0603466 0.0801092 -0.000993588
v 0.0702324 0.0901441 -0.00297547
v 0.079386 0.100156 -0.00492884
v 2.37474e-06 0.0299923 -0.000199197
v 0.0106456 0.0399811 0.00716526
v 0.0206015 0.0500003 0.00575023
v 0.0305651 0.0600312 0.00422955
v 0.0405113 0.0700702 0.00259479
v 0.0504434 0.0801079 0.000838416
v 0.0603481 0.0901492 -0.0010413
v 0.0695777 0.100166 -0.00291419
v 4.32036e-06 0.039995 -0.000201632
v 0.0106466 0.0499972 0.00716472
v 0.020606 0.0600233 0.00574848
v 0.0305736 0.0700582 0.00422158
v 0.0405198 0.0801014 0.00257202
v 0.0504456 0.0901444 0.000796959
v 0.0597478 0.100171 -0.000992312
v 3.27312e-06 0.0499976 -0.000200953
v 0.0106468 0.0600171 0.00716141
v 0.0206091 0.070049 0.00574382
v 0.0305757 0.0800898 0.00420699
v 0.040521 0.0901391 0.00253527
v 0.0498951 0.100172 0.000836141
v 3.21525e-06 0.0599999 -0.000201006
v 0.0106507 0.0700315 0.00715991
v 0.0206123 0.0800721 0.00573799
v 0.0305793 0.0901199 0.00417925
v 0.0400255 0.100164 0.00256956
v 0.000181114 0.10001 0.00328149
v 5.21797e-06 0.0900061 -0.000202487
v 0.0103303 0.100089 0.00718454
v 1.0003e-06 0.0800067 -0.000201051
v 0.010654 0.0900642 0.00715464
v 0.0202344 0.100122 0.0057443
v 4.44332e-06 0.0700015 -0.000201608
v 0.0106503 0.0800492 0.00715974
v 0.0206125 0.0900993 0.00572142
v 0.0301385 0.100148 0.00420761
v 0.809631 -0.000137481 -0.499093
v 0.809529 0.00989012 -0.498976
v 0.815198 0.0199169 -0.507074
v 0.826287 0.0199205 -0.510912
v 0.815386 -0.000138044 -0.507291
v 0.815267 0.00988678 -0.507145
v 0.826286 0.00989338 -0.510961
v 0.826319 -0.000136626 -0.511123
v -0.0134189 0.015871 -0.105869
v -0.0241542 0.015871 -0.105869
v -0.0241542 -0.00234575 -0.105869
v -0.0134189 -0.00234575 -0.105869
v -0.0236017 -0.00141162 -0.105869
v -0.0227728 -0.00141162 -0.105869
v -0.0227728 -0.000477238 -0.105869
v -0.0236017 -0.000477238 -0.105869
v -0.0236017 -0.000477238 -0.105869
v -0.0227728 -0.000477238 -0.105869
v -0.0227728 0.000456886 -0.105869
v -0.0236017 0.000456886 -0.105869
v -0.0236017 0.000456886 -0.105869
v -0.0227728 0.000456886 -0.105869
v -0.0227728 0.00139101 -0.105869
v -0.0236017 0.00139101 -0.105869
v -0.0236017 0.00139101 -0.105869
v -0.0227728 0.00139101 -0.105869
v -0.0227728 0.00232513 -0.105869
v -0.0236017 0.00232513 -0.105869
v -0.0236017 0.00232513 -0.105869
v -0.0227728 0.00232513 -0.105869
v -0.0227728 0.00325952 -0.105869
v -0.0236017 0.00325952 -0.105869
v -0.0236017 0.00325952 -0.105869
v -0.0227728 0.00325952 -0.105869
v -0.0227728 0.00419364 -0.105869
v -0.0236017 0.00419364 -0.105869
v -0.0236017 0.00419364 -0.105869
v -0.0227728 0.00419364 -0.105869
v -0.0227728 0.00512777 -0.105869
v -0.0236017 0.00512777 -0.105869
v -0.0236017 0.00512777 -0.105869
v -0.0227728 0.00512777 -0.105869
v -0.0227728 0.00606189 -0.105869
v -0.0236017 0.00606189 -0.105869
v -0.0236017 0.00606189 -0.105869
v -0.0227728 0.00606189 -0.105869
v -0.0227728 0.00699601 -0.105869
v -0.0236017 0.00699601 -0.105869
v -0.0236017 0.00699601 -0.105869
v -0.0227728 0.00699601 -0.105869
v -0.0227728 0.0079304 -0.105869
v -0.0236017 0.0079304 -0.105869
v -0.0236017 0.0079304 -0.105869
v -0.0227728 0.0079304 -0.105869
v -0.0227728 0.00886452 -0.105869
v -0.0236017 0.00886452 -0.105869
v -0.0236017 0.00886452 -0.105869
v -0.0227728 0.00886452 -0.105869
v -0.0227728 0.00979864 -0.105869
v -0.0236017 0.00979864 -0.105869
v -0.0236017 0.0107328 -0.105869
v -0.0227728 0.0107328 -0.105869
v -0.0227728 0.00979864 -0.105869
v -0.0236017 0.00979864 -0.105869
v -0.0236017 -0.00141162 -0.105869
v -0.0224966 -0.00141162 -0.105869
v -0.0236017 -0.000477238 -0.105869
v -0.0224966 -0.000477238 -0.105869
v -0.0236017 0.000456886 -0.105869
v -0.0224966 0.000456886 -0.105869
v -0.0236017 0.00139101 -0.105869
v -0.0224966 0.00139101 -0.105869
v -0.0236017 0.00232513 -0.105869
v -0.0224966 0.00232513 -0.105869
v -0.0236017 0.00325952 -0.105869
v -0.0224966 0.00325952 -0.105869
v -0.0236017 0.00419364 -0.105869
v -0.0224966 0.00419364 -0.105869
v -0.0236017 0.00512777 -0.105869
v -0.0224966 0.00512777 -0.105869
v -0.0236017 0.00606189 -0.105869
v -0.0224966 0.00606189 -0.105869
v -0.0236017 0.00699601 -0.105869
v -0.0224966 0.00699601 -0.105869
v -0.0236017 0.0079304 -0.105869
v -0.0224966 0.0079304 -0.105869
v -0.0236017 0.00886452 -0.105869
v -0.0224966 0.00886452 -0.105869
v -0.0236017 0.00979864 -0.105869
v -0.0224966 0.00979864 -0.105869
v -0.0236017 0.0107328 -0.105869
v -0.0227728 0.0107328 -0.105869
v -0.0227728 -0.00141162 -0.105869
v -0.0224966 0.0107328 -0.105869

#List of body polygons
f 1 2 3
f 1 3 4
f 5 6 2
f 5 2 1
f 7 8 6
f 7 6 5
f 9 10 8
f 9 8 7
f 11 12 10
f 11 10 9
f 13 14 12
f 13 12 11
f 15 16 14
f 15 14 13
f 17 18 16
f 17 16 15
f 19 20 18
f 19 18 17
f 21 22 20
f 21 20 19
f 23 24 22
f 23 22 21
f 25 26 24
f 25 24 23
f 27 28 26
f 27 26 25
f 29 30 28
f 29 28 27
f 31 32 30
f 31 30 29
f 33 34 32
f 33 32 31
f 35 36 34
f 35 34 33
f 37 38 36
f 37 36 35
f 39 40 38
f 39 38 37
f 41 42 40
f 41 40 39
f 43 44 42
f 43 42 41
f 45 46 44
f 45 44 43
f 47 48 46
f 47 46 45
f 49 50 48
f 49 48 47
f 51 52 50
f 51 50 49
f 53 54 52
f 53 52 51
f 55 56 54
f 55 54 53
f 57 58 56
f 57 56 55
f 59 60 58
f 59 58 57
f 61 62 60
f 61 60 59
f 63 64 62
f 63 62 61
f 65 66 64
f 65 64 63
f 67 68 66
f 67 66 65
f 69 70 68
f 69 68 67
f 71 72 70
f 71 70 69
f 73 74 72
f 73 72 71
f 75 76 74
f 75 74 73
f 77 78 76
f 77 76 75
f 79 80 78
f 79 78 77
f 81 82 80
f 81 80 79
f 83 84 82
f 83 82 81
f 85 86 84
f 85 84 83
f 87 88 86
f 87 86 85
f 89 90 88
f 89 88 87
f 91 92 90
f 91 90 89
f 93 94 92
f 93 92 91
f 95 96 94
f 95 94 93
f 97 98 96
f 97 96 95
f 99 100 98
f 99 98 97
f 101 102 100
f 101 100 99
f 103 104 102
f 103 102 101
f 105 106 104
f 105 104 103
f 107 108 106
f 107 106 105
f 109 110 108
f 109 108 107
f 111 112 110
f 111 110 109
f 113 114 112
f 113 112 111
f 115 116 114
f 115 114 113
f 117 118 116
f 117 116 115
f 119 120 118
f 119 118 117
f 121 122 120
f 121 120 119
f 123 124 122
f 123 122 121
f 125 126 124
f 125 124 123
f 127 128 126
f 127 126 125
f 129 130 128
f 129 128 127
f 131 132 130
f 131 130 129
f 133 134 132
f 133 132 131
f 135 136 134
f 135 134 133
f 137 138 136
f 137 136 135
f 139 140 138
f 139 138 137
f 141 142 140
f 141 140 139
f 143 144 142
f 143 142 141
f 145 146 144
f 145 144 143
f 147 148 146
f 147 146 145
f 149 150 148
f 149 148 147
f 151 152 150
f 151 150 149
f 153 154 152
f 153 152 151
f 155 156 154
f 155 154 153
f 157 158 156
f 157 156 155
f 159 160 158
f 159 158 157
f 161 162 160
f 161 160 159
f 163 164 162
f 163 162 161
f 165 166 164
f 165 164 163
f 167 168 166
f 167 166 165
f 169 170 168
f 169 168 167
f 171 172 170
f 171 170 169
f 173 174 172
f 173 172 171
f 175 176 174
f 175 174 173
f 177 178 176
f 177 176 175
f 179 180 178
f 179 178 177
f 181 182 180
f 181 180 179
f 183 184 182
f 183 182 181
f 185 186 184
f 185 184 183
f 187 188 186
f 187 186 185
f 189 190 188
f 189 188 187
f 191 192 190
f 191 190 189
f 193 194 192
f 193 192 191
f 195 196 194
f 195 194 193
f 197 198 196
f 197 196 195
f 199 200 198
f 199 198 197
f 201 202 200
f 201 200 199
f 2 203 204
f 2 204 3
f 6 205 203
f 6 203 2
f 8 206 205
f 8 205 6
f 10 207 206
f 10 206 8
f 12 208 207
f 12 207 10
f 14 209 208
f 14 208 12
f 16 210 209
f 16 209 14
f 18 211 210
f 18 210 16
f 20 212 211
f 20 211 18
f 22 213 212
f 22 212 20
f 24 214 213
f 24 213 22
f 26 215 214
f 26 214 24
f 28 216 215
f 28 215 26
f 30 217 216
f 30 216 28
f 32 218 217
f 32 217 30
f 34 219 218
f 34 218 32
f 36 220 219
f 36 219 34
f 38 221 220
f 38 220 36
f 40 222 221
f 40 221 38
f 42 223 222
f 42 222 40
f 44 224 223
f 44 223 42
f 46 225 224
f 46 224 44
f 48 226 225
f 48 225 46
f 50 227 226
f 50 226 48
f 52 228 227
f 52 227 50
f 54 229 228
f 54 228 52
f 56 230 229
f 56 229 54
f 58 231 230
f 58 230 56
f 60 232 231
f 60 231 58
f 62 233 232
f 62 232 60
f 64 234 233
f 64 233 62
f 66 235 234
f 66 234 64
f 68 236 235
f 68 235 66
f 70 237 236
f 70 236 68
f 72 238 237
f 72 237 70
f 74 239 238
f 74 238 72
f 76 240 239
f 76 239 74
f 78 241 240
f 78 240 76
f 80 242 241
f 80 241 78
f 82 243 242
f 82 242 80
f 84 244 243
f 84 243 82
f 86 245 244
f 86 244 84
f 88 246 245
f 88 245 86
f 90 247 246
f 90 246 88
f 92 248 247
f 92 247 90
f 94 249 248
f 94 248 92
f 96 250 249
f 96 249 94
f 98 251 250
f 98 250 96
f 100 252 251
f 100 251 98
f 102 253 252
f 102 252 100
f 104 254 253
f 104 253 102
f 106 255 254
f 106 254 104
f 108 256 255
f 108 255 106
f 110 257 256
f 110 256 108
f 112 258 257
f 112 257 110
f 114 259 258
f 114 258 112
f 116 260 259
f 116 259 114
f 118 261 260
f 118 260 116
f 120 262 261
f 120 261 118
f 122 263 262
f 122 262 120
f 124 264 263
f 124 263 122
f 126 265 264
f 126 264 124
f 128 266 265
f 128 265 126
f 130 267 266
f 130 266 128
f 132 268 267
f 132 267 130
f 134 269 268
f 134 268 132
f 136 270 269
f 136 269 134
f 138 271 270
f 138 270 136
f 140 272 271
f 140 271 138
f 142 273 272
f 142 272 140
f 144 274 273
f 144 273 142
f 146 275 274
f 146 274 144
f 148 276 275
f 148 275 146
f 150 277 276
f 150 276 148
f 152 278 277
f 152 277 150
f 154 279 278
f 154 278 152
f 156 280 279
f 156 279 154
f 158 281 280
f 158 280 156
f 160 282 281
f 160 281 158
f 162 283 282
f 162 282 160
f 164 284 283
f 164 283 162
f 166 285 284
f 166 284 164
f 168 286 285
f 168 285 166
f 170 287 286
f 170 286 168
f 172 288 287
f 172 287 170
f 174 289 288
f 174 288 172
f 176 290 289
f 176 289 174
f 178 291 290
f 178 290 176
f 180 292 291
f 180 291 178
f 182 293 292
f 182 292 180
f 184 294 293
f 184 293 182
f 186 295 294
f 186 294 184
f 188 296 295
f 188 295 186
f 190 297 296
f 190 296 188
f 192 298 297
f 192 297 190
f 194 299 298
f 194 298 192
f 196 300 299
f 196 299 194
f 198 301 300
f 198 300 196
f 200 302 301
f 200 301 198
f 202 303 302
f 202 302 200
f 203 304 305
f 203 305 204
f 205 306 304
f 205 304 203
f 206 307 306
f 206 306 205
f 207 308 307
f 207 307 206
f 208 309 308
f 208 308 207
f 209 310 309
f 209 309 208
f 210 311 310
f 210 310 209
f 211 312 311
f 211 311 210
f 212 313 312
f 212 312 211
f 213 314 313
f 213 313 212
f 214 315 314
f 214 314 213
f 215 316 315
f 215 315 214
f 216 317 316
f 216 316 215
f 217 318 317
f 217 317 216
f 218 319 318
f 218 318 217
f 219 320 319
f 219 319 218
f 220 321 320
f 220 320 219
f 221 322 321
f 221 321 220
f 222 323 322
f 222 322 221
f 223 324 323
f 223 323 222
f 224 325 324
f 224 324 223
f 225 326 325
f 225 325 224
f 226 327 326
f 226 326 225
f 227 328 327
f 227 327 226
f 228 329 328
f 228 328 227
f 229 330 329
f 229 329 228
f 230 331 330
f 230 330 229
f 231 332 331
f 231 331 230
f 232 333 332
f 232 332 231
f 233 334 333
f 233 333 232
f 234 335 334
f 234 334 233
f 235 336 335
f 235 335 234
f 236 337 336
f 236 336 235
f 237 338 337
f 237 337 236
f 238 339 338
f 238 338 237
f 239 340 339
f 239 339 238
f 240 341 340
f 240 340 239
f 241 342 341
f 241 341 240
f 242 343 342
f 242 342 241
f 243 344 343
f 243 343 242
f 244 345 344
f 244 344 243
f 245 346 345
f 245 345 244
f 246 347 346
f 246 346 245
f 247 348 347
f 247 347 246
f 248 349 348
f 248 348 247
f 249 350 349
f 249 349 248
f 250 351 350
f 250 350 249
f 251 352 351
f 251 351 250
f 252 353 352
f 252 352 251
f 253 354 353
f 253 353 252
f 254 355 354
f 254 354 253
f 255 356 355
f 255 355 254
f 256 357 356
f 256 356 255
f 257 358 357
f 257 357 256
f 258 359 358
f 258 358 257
f 259 360 359
f 259 359 258
f 260 361 360
f 260 360 259
f 261 362 361
f 261 361 260
f 262 363 362
f 262 362 261
f 263 364 363
f 263 363 262
f 264 365 364
f 264 364 263
f 265 366 365
f 265 365 264
f 266 367 366
f 266 366 265
f 267 368 367
f 267 367 266
f 268 369 368
f 268 368 267
f 269 370 369
f 269 369 268
f 270 371 370
f 270 370 269
f 271 372 371
f 271 371 270
f 272 373 372
f 272 372 271
f 273 374 373
f 273 373 272
f 274 375 374
f 274 374 273
f 275 376 375
f 275 375 274
f 276 377 376
f 276 376 275
f 277 378 377
f 277 377 276
f 278 379 378
f 278 378 277
f 279 380 379
f 279 379 278
f 280 381 380
f 280 380 279
f 281 382 381
f 281 381 280
f 282 383 382
f 282 382 281
f 283 384 383
f 283 383 282
f 284 385 384
f 284 384 283
f 285 386 385
f 285 385 284
f 286 387 386
f 286 386 285
f 287 388 387
f 287 387 286
f 288 389 388
f 288 388 287
f 289 390 389
f 289 389 288
f 290 391 390
f 290 390 289
f 291 392 391
f 291 391 290
f 292 393 392
f 292 392 291
f 293 394 393
f 293 393 292
f 294 395 394
f 294 394 293
f 295 396 395
f 295 395 294
f 296 397 396
f 296 396 295
f 297 398 397
f 297 397 296
f 298 399 398
f 298 398 297
f 299 400 399
f 299 399 298
f 300 401 400
f 300 400 299
f 301 402 401
f 301 401 300
f 302 403 402
f 302 402 301
f 303 404 403
f 303 403 302
f 304 405 406
f 304 406 305
f 306 407 405
f 306 405 304
f 307 408 407
f 307 407 306
f 308 409 408
f 308 408 307
f 309 410 409
f 309 409 308
f 310 411 410
f 310 410 309
f 311 412 411
f 311 411 310
f 312 413 412
f 312 412 311
f 313 414 413
f 313 413 312
f 314 415 414
f 314 414 313
f 315 416 415
f 315 415 314
f 316 417 416
f 316 416 315
f 317 418 417
f 317 417 316
f 318 419 418
f 318 418 317
f 319 420 419
f 319 419 318
f 320 421 420
f 320 420 319
f 321 422 421
f 321 421 320
f 322 423 422
f 322 422 321
f 323 424 423
f 323 423 322
f 324 425 424
f 324 424 323
f 325 426 425
f 325 425 324
f 326 427 426
f 326 426 325
f 327 428 427
f 327 427 326
f 328 429 428
f 328 428 327
f 329 430 429
f 329 429 328
f 330 431 430
f 330 430 329
f 331 432 431
f 331 431 330
f 332 433 432
f 332 432 331
f 333 434 433
f 333 433 332
f 334 435 434
f 334 434 333
f 335 436 435
f 335 435 334
f 336 437 436
f 336 436 335
f 337 438 437
f 337 437 336
f 338 439 438
f 338 438 337
f 339 440 439
f 339 439 338
f 340 441 440
f 340 440 339
f 341 442 441
f 341 441 340
f 342 443 442
f 342 442 341
f 343 444 443
f 343 443 342
f 344 445 444
f 344 444 343
f 345 446 445
f 345 445 344
f 346 447 446
f 346 446 345
f 347 448 447
f 347 447 346
f 348 449 448
f 348 448 347
f 349 450 449
f 349 449 348
f 350 451 450
f 350 450 349
f 351 452 451
f 351 451 350
f 352 453 452
f 352 452 351
f 353 454 453
f 353 453 352
f 354 455 454
f 354 454 353
f 355 456 455
f 355 455 354
f 356 457 456
f 356 456 355
f 357 458 457
f 357 457 356
f 358 459 458
f 358 458 357
f 359 460 459
f 359 459 358
f 360 461 460
f 360 460 359
f 361 462 461
f 361 461 360
f 362 463 462
f 362 462 361
f 363 464 463
f 363 463 362
f 364 465 464
f 364 464 363
f 365 466 465
f 365 465 364
f 366 467 466
f 366 466 365
f 367 468 467
f 367 467 366
f 368 469 468
f 368 468 367
f 369 470 469
f 369 469 368
f 370 471 470
f 370 470 369
f 371 472 471
f 371 471 370
f 372 473 472
f 372 472 371
f 373 474 473
f 373 473 372
f 374 475 474
f 374 474 373
f 375 476 475
f 375 475 374
f 376 477 476
f 376 476 375
f 377 478 477
f 377 477 376
f 378 479 478
f 378 478 377
f 379 480 479
f 379 479 378
f 380 481 480
f 380 480 379
f 381 482 481
f 381 481 380
f 382 483 482
f 382 482 381
f 383 484 483
f 383 483 382
f 384 485 484
f 384 484 383
f 385 486 485
f 385 485 384
f 386 487 486
f 386 486 385
f 387 488 487
f 387 487 386
f 388 489 488
f 388 488 387
f 389 490 489
f 389 489 388
f 390 491 490
f 390 490 389
f 391 492 491
f 391 491 390
f 392 493 492
f 392 492 391
f 393 494 493
f 393 493 392
f 394 495 494
f 394 494 393
f 395 496 495
f 395 495 394
f 396 497 496
f 396 496 395
f 397 498 497
f 397 497 396
f 398 499 498
f 398 498 397
f 399 500 499
f 399 499 398
f 400 501 500
f 400 500 399
f 401 502 501
f 401 501 400
f 402 503 502
f 402 502 401
f 403 504 503
f 403 503 402
f 404 505 504
f 404 504 403
f 405 506 507
f 405 507 406
f 407 508 506
f 407 506 405
f 408 509 508
f 408 508 407
f 409 510 509
f 409 509 408
f 410 511 510
f 410 510 409
f 411 512 511
f 411 511 410
f 412 513 512
f 412 512 411
f 413 514 513
f 413 513 412
f 414 515 514
f 414 514 413
f 415 516 515
f 415 515 414
f 416 517 516
f 416 516 415
f 417 518 517
f 417 517 416
f 418 519 518
f 418 518 417
f 419 520 519
f 419 519 418
f 420 521 520
f 420 520 419
f 421 522 521
f 421 521 420
f 422 523 522
f 422 522 421
f 423 524 523
f 423 523 422
f 424 525 524
f 424 524 423
f 425 526 525
f 425 525 424
f 426 527 526
f 426 526 425
f 427 528 527
f 427 527 426
f 428 529 528
f 428 528 427
f 429 530 529
f 429 529 428
f 430 531 530
f 430 530 429
f 431 532 531
f 431 531 430
f 432 533 532
f 432 532 431
f 433 534 533
f 433 533 432
f 434 535 534
f 434 534 433
f 435 536 535
f 435 535 434
f 436 537 536
f 436 536 435
f 437 538 537
f 437 537 436
f 438 539 538
f 438 538 437
f 439 540 539
f 439 539 438
f 440 541 540
f 440 540 439
f 441 542 541
f 441 541 440
f 442 543 542
f 442 542 441
f 443 544 543
f 443 543 442
f 444 545 544
f 444 544 443
f 445 546 545
f 445 545 444
f 446 547 546
f 446 546 445
f 447 548 547
f 447 547 446
f 448 549 548
f 448 548 447
f 449 550 549
f 449 549 448
f 450 551 550
f 450 550 449
f 451 552 551
f 451 551 450
f 452 553 552
f 452 552 451
f 453 554 553
f 453 553 452
f 454 555 554
f 454 554 453
f 455 556 555
f 455 555 454
f 456 557 556
f 456 556 455
f 457 558 557
f 457 557 456
f 458 559 558
f 458 558 457
f 459 560 559
f 459 559 458
f 460 561 560
f 460 560 459
f 461 562 561
f 461 561 460
f 462 563 562
f 462 562 461
f 463 564 563
f 463 563 462
f 464 565 564
f 464 564 463
f 465 566 565
f 465 565 464
f 466 567 566
f 466 566 465
f 467 568 567
f 467 567 466
f 468 569 568
f 468 568 467
f 469 570 569
f 469 569 468
f 470 571 570
f 470 570 469
f 471 572 571
f 471 571 470
f 472 573 572
f 472 572 471
f 473 574 573
f 473 573 472
f 474 575 574
f 474 574 473
f 475 576 575
f 475 575 474
f 476 577 576
f 476 576 475
f 477 578 577
f 477 577 476
f 478 579 578
f 478 578 477
f 479 580 579
f 479 579 478
f 480 581 580
f 480 580 479
f 481 582 581
f 481 581 480
f 482 583 582
f 482 582 481
f 483 584 583
f 483 583 482
f 484 585 584
f 484 584 483
f 485 586 585
f 485 585 484
f 486 587 586
f 486 586 485
f 487 588 587
f 487 587 486
f 488 589 588
f 488 588 487
f 489 590 589
f 489 589 488
f 490 591 590
f 490 590 489
f 491 592 591
f 491 591 490
f 492 593 592
f 492 592 491
f 493 594 593
f 493 593 492
f 494 595 594
f 494 594 493
f 495 596 595
f 495 595 494
f 496 597 596
f 496 596 495
f 497 598 597
f 497 597 496
f 498 599 598
f 498 598 497
f 499 600 599
f 499 599 498
f 500 601 600
f 500 600 499
f 501 602 601
f 501 601 500
f 502 603 602
f 502 602 501
f 503 604 603
f 503 603 502
f 504 605 604
f 504 604 503
f 505 606 605
f 505 605 504
f 506 607 608
f 506 608 507
f 508 609 607
f 508 607 506
f 509 610 609
f 509 609 508
f 510 611 610
f 510 610 509
f 511 612 611
f 511 611 510
f 512 613 612
f 512 612 511
f 513 614 613
f 513 613 512
f 514 615 614
f 514 614 513
f 515 616 615
f 515 615 514
f 516 617 616
f 516 616 515
f 517 618 617
f 517 617 516
f 518 619 618
f 518 618 517
f 519 620 619
f 519 619 518
f 520 621 620
f 520 620 519
f 521 622 621
f 521 621 520
f 522 623 622
f 522 622 521
f 523 624 623
f 523 623 522
f 524 625 624
f 524 624 523
f 525 626 625
f 525 625 524
f 526 627 626
f 526 626 525
f 527 628 627
f 527 627 526
f 528 629 628
f 528 628 527
f 529 630 629
f 529 629 528
f 530 631 630
f 530 630 529
f 531 632 631
f 531 631 530
f 532 633 632
f 532 632 531
f 533 634 633
f 533 633 532
f 534 635 634
f 534 634 533
f 535 636 635
f 535 635 534
f 536 637 636
f 536 636 535
f 537 638 637
f 537 637 536
f 538 639 638
f 538 638 537
f 539 640 639
f 539 639 538
f 540 641 640
f 540 640 539
f 541 642 641
f 541 641 540
f 542 643 642
f 542 642 541
f 543 644 643
f 543 643 542
f 544 645 644
f 544 644 543
f 545 646 645
f 545 645 544
f 546 647 646
f 546 646 545
f 547 648 647
f 547 647 546
f 548 649 648
f 548 648 547
f 549 650 649
f 549 649 548
f 550 651 650
f 550 650 549
f 551 652 651
f 551 651 550
f 552 653 652
f 552 652 551
f 553 654 653
f 553 653 552
f 554 655 654
f 554 654 553
f 555 656 655
f 555 655 554
f 556 657 656
f 556 656 555
f 557 658 657
f 557 657 556
f 558 659 658
f 558 658 557
f 559 660 659
f 559 659 558
f 560 661 660
f 560 660 559
f 561 662 661
f 561 661 560
f 562 663 662
f 562 662 561
f 563 664 663
f 563 663 562
f 564 665 664
f 564 664 563
f 565 666 665
f 565 665 564
f 566 667 666
f 566 666 565
f 567 668 667
f 567 667 566
f 568 669 668
f 568 668 567
f 569 670 669
f 569 669 568
f 570 671 670
f 570 670 569
f 571 672 671
f 571 671 570
f 572 673 672
f 572 672 571
f 573 674 673
f 573 673 572
f 574 675 674
f 574 674 573
f 575 676 675
f 575 675 574
f 576 677 676
f 576 676 575
f 577 678 677
f 577 677 576
f 578 679 678
f 578 678 577
f 579 680 679
f 579 679 578
f 580 681 680
f 580 680 579
f 581 682 681
f 581 681 580
f 582 683 682
f 582 682 581
f 583 684 683
f 583 683 582
f 584 685 684
f 584 684 583
f 585 686 685
f 585 685 584
f 586 687 686
f 586 686 585
f 587 688 687
f 587 687 586
f 588 689 688
f 588 688 587
f 589 690 689
f 589 689 588
f 590 691 690
f 590 690 589
f 591 692 691
f 591 691 590
f 592 693 692
f 592 692 591
f 593 694 693
f 593 693 592
f 594 695 694
f 594 694 593
f 595 696 695
f 595 695 594
f 596 697 696
f 596 696 595
f 597 698 697
f 597 697 596
f 598 699 698
f 598 698 597
f 599 700 699
f 599 699 598
f 600 701 700
f 600 700 599
f 601 702 701
f 601 701 600
f 602 703 702
f 602 702 601
f 603 704 703
f 603 703 602
f 604 705 704
f 604 704 603
f 605 706 705
f 605 705 604
f 606 707 706
f 606 706 605
f 607 708 709
f 607 709 608
f 609 710 708
f 609 708 607
f 610 711 710
f 610 710 609
f 611 712 711
f 611 711 610
f 612 713 712
f 612 712 611
f 613 714 713
f 613 713 612
f 614 715 714
f 614 714 613
f 615 716 715
f 615 715 614
f 616 717 716
f 616 716 615
f 617 718 717
f 617 717 616
f 618 719 718
f 618 718 617
f 619 720 719
f 619 719 618
f 620 721 720
f 620 720 619
f 621 722 721
f 621 721 620
f 622 723 722
f 622 722 621
f 623 724 723
f 623 723 622
f 624 725 724
f 624 724 623
f 625 726 725
f 625 725 624
f 626 727 726
f 626 726 625
f 627 728 727
f 627 727 626
f 628 729 728
f 628 728 627
f 629 730 729
f 629 729 628
f 630 731 730
f 630 730 629
f 631 732 731
f 631 731 630
f 632 733 732
f 632 732 631
f 633 734 733
f 633 733 632
f 634 735 734
f 634 734 633
f 635 736 735
f 635 735 634
f 636 737 736
f 636 736 635
f 637 738 737
f 637 737 636
f 638 739 738
f 638 738 637
f 639 740 739
f 639 739 638
f 640 741 740
f 640 740 639
f 641 742 741
f 641 741 640
f 642 743 742
f 642 742 641
f 643 744 743
f 643 743 642
f 644 745 744
f 644 744 643
f 645 746 745
f 645 745 644
f 646 747 746
f 646 746 645
f 647 748 747
f 647 747 646
f 648 749 748
f 648 748 647
f 649 750 749
f 649 749 648
f 650 751 750
f 650 750 649
f 651 752 751
f 651 751 650
f 652 753 752
f 652 752 651
f 653 754 753
f 653 753 652
f 654 755 754
f 654 754 653
f 655 756 755
f 655 755 654
f 656 757 756
f 656 756 655
f 657 758 757
f 657 757 656
f 658 759 758
f 658 758 657
f 659 760 759
f 659 759 658
f 660 761 760
f 660 760 659
f 661 762 761
f 661 761 660
f 662 763 762
f 662 762 661
f 663 764 763
f 663 763 662
f 664 765 764
f 664 764 663
f 665 766 765
f 665 765 664
f 666 767 766
f 666 766 665
f 667 768 767
f 667 767 666
f 668 769 768
f 668 768 667
f 669 770 769
f 669 769 668
f 670 771 770
f 670 770 669
f 671 772 771
f 671 771 670
f 672 773 772
f 672 772 671
f 673 774 773
f 673 773 672
f 674 775 774
f 674 774 673
f 675 776 775
f 675 775 674
f 676 777 776
f 676 776 675
f 677 778 777
f 677 777 676
f 678 779 778
f 678 778 677
f 679 780 779
f 679 779 678
f 680 781 780
f 680 780 679
f 681 782 781
f 681 781 680
f 682 783 782
f 682 782 681
f 683 784 783
f 683 783 682
f 684 785 784
f 684 784 683
f 685 786 785
f 685 785 684
f 686 787 786
f 686 786 685
f 687 788 787
f 687 787 686
f 688 789 788
f 688 788 687
f 689 790 789
f 689 789 688
f 690 791 790
f 690 790 689
f 691 792 791
f 691 791 690
f 692 793 792
f 692 792 691
f 693 794 793
f 693 793 692
f 694 795 794
f 694 794 693
f 695 796 795
f 695 795 694
f 696 797 796
f 696 796 695
f 697 798 797
f 697 797 696
f 698 799 798
f 698 798 697
f 699 800 799
f 699 799 698
f 700 801 800
f 700 800 699
f 701 802 801
f 701 801 700
f 702 803 802
f 702 802 701
f 703 804 803
f 703 803 702
f 704 805 804
f 704 804 703
f 705 806 805
f 705 805 704
f 706 807 806
f 706 806 705
f 707 808 807
f 707 807 706
f 708 809 810
f 708 810 709
f 710 811 809
f 710 809 708
f 711 812 811
f 711 811 710
f 712 813 812
f 712 812 711
f 713 814 813
f 713 813 712
f 714 815 814
f 714 814 713
f 715 816 815
f 715 815 714
f 716 817 816
f 716 816 715
f 717 818 817
f 717 817 716
f 718 819 818
f 718 818 717
f 719 820 819
f 719 819 718
f 720 821 820
f 720 820 719
f 721 822 821
f 721 821 720
f 722 823 822
f 722 822 721
f 723 824 823
f 723 823 722
f 724 825 824
f 724 824 723
f 725 826 825
f 725 825 724
f 726 827 826
f 726 826 725
f 727 828 827
f 727 827 726
f 728 829 828
f 728 828 727
f 729 830 829
f 729 829 728
f 730 831 830
f 730 830 729
f 731 832 831
f 731 831 730
f 732 833 832
f 732 832 731
f 733 834 833
f 733 833 732
f 734 835 834
f 734 834 733
f 735 836 835
f 735 835 734
f 736 837 836
f 736 836 735
f 737 838 837
f 737 837 736
f 738 839 838
f 738 838 737
f 739 840 839
f 739 839 738
f 740 841 840
f 740 840 739
f 741 842 841
f 741 841 740
f 742 843 842
f 742 842 741
f 743 844 843
f 743 843 742
f 744 845 844
f 744 844 743
f 745 846 845
f 745 845 744
f 746 847 846
f 746 846 745
f 747 848 847
f 747 847 746
f 748 849 848
f 748 848 747
f 749 850 849
f 749 849 748
f 750 851 850
f 750 850 749
f 751 852 851
f 751 851 750
f 752 853 852
f 752 852 751
f 753 854 853
f 753 853 752
f 754 855 854
f 754 854 753
f 755 856 855
f 755 855 754
f 756 857 856
f 756 856 755
f 757 858 857
f 757 857 756
f 758 859 858
f 758 858 757
f 759 860 859
f 759 859 758
f 760 861 860
f 760 860 759
f 761 862 861
f 761 861 760
f 762 863 862
f 762 862 761
f 763 864 863
f 763 863 762
f 764 865 864
f 764 864 763
f 765 866 865
f 765 865 764
f 766 867 866
f 766 866 765
f 767 868 867
f 767 867 766
f 768 869 868
f 768 868 767
f 769 870 869
f 769 869 768
f 770 871 870
f 770 870 769
f 771 872 871
f 771 871 770
f 772 873 872
f 772 872 771
f 773 874 873
f 773 873 772
f 774 875 874
f 774 874 773
f 775 876 875
f 775 875 774
f 776 877 876
f 776 876 775
f 777 878 877
f 777 877 776
f 778 879 878
f 778 878 777
f 779 880 879
f 779 879 778
f 780 881 880
f 780 880 779
f 781 882 881
f 781 881 780
f 782 883 882
f 782 882 781
f 783 884 883
f 783 883 782
f 784 885 884
f 784 884 783
f 785 886 885
f 785 885 784
f 786 887 886
f 786 886 785
f 787 888 887
f 787 887 786
f 788 889 888
f 788 888 787
f 789 890 889
f 789 889 788
f 790 891 890
f 790 890 789
f 791 892 891
f 791 891 790
f 792 893 892
f 792 892 791
f 793 894 893
f 793 893 792
f 794 895 894
f 794 894 793
f 795 896 895
f 795 895 794
f 796 897 896
f 796 896 795
f 797 898 897
f 797 897 796
f 798 899 898
f 798 898 797
f 799 900 899
f 799 899 798
f 800 901 900
f 800 900 799
f 801 902 901
f 801 901 800
f 802 903 902
f 802 902 801
f 803 904 903
f 803 903 802
f 804 905 904
f 804 904 803
f 805 906 905
f 805 905 804
f 806 907 906
f 806 906 805
f 807 908 907
f 807 907 806
f 808 909 908
f 808 908 807
f 809 910 911
f 809 911 810
f 811 912 910
f 811 910 809
f 812 913 912
f 812 912 811
f 813 914 913
f 813 913 812
f 814 915 914
f 814 914 813
f 815 916 915
f 815 915 814
f 816 917 916
f 816 916 815
f 817 918 917
f 817 917 816
f 818 919 918
f 818 918 817
f 819 920 919
f 819 919 818
f 820 921 920
f 820 920 819
f 821 922 921
f 821 921 820
f 822 923 922
f 822 922 821
f 823 924 923
f 823 923 822
f 824 925 924
f 824 924 823
f 825 926 925
f 825 925 824
f 826 927 926
f 826 926 825
f 827 928 927
f 827 927 826
f 828 929 928
f 828 928 827
f 829 930 929
f 829 929 828
f 830 931 930
f 830 930 829
f 831 932 931
f 831 931 830
f 832 933 932
f 832 932 831
f 833 934 933
f 833 933 832
f 834 935 934
f 834 934 833
f 835 936 935
f 835 935 834
f 836 937 936
f 836 936 835
f 837 938 937
f 837 937 836
f 838 939 938
f 838 938 837
f 839 940 939
f 839 939 838
f 840 941 940
f 840 940 839
f 841 942 941
f 841 941 840
f 842 943 942
f 842 942 841
f 843 944 943
f 843 943 842
f 844 945 944
f 844 944 843
f 845 946 945
f 845 945 844
f 846 947 946
f 846 946 845
f 847 948 947
f 847 947 846
f 848 949 948
f 848 948 847
f 849 950 949
f 849 949 848
f 850 951 950
f 850 950 849
f 851 952 951
f 851 951 850
f 852 953 952
f 852 952 851
f 853 954 953
f 853 953 852
f 854 955 954
f 854 954 853
f 855 956 955
f 855 955 854
f 856 957 956
f 856 956 855
f 857 958 957
f 857 957 856
f 858 959 958
f 858 958 857
f 859 960 959
f 859 959 858
f 860 961 960
f 860 960 859
f 861 962 961
f 861 961 860
f 862 963 962
f 862 962 861
f 863 964 963
f 863 963 862
f 864 965 964
f 864 964 863
f 865 966 965
f 865 965 864
f 866 967 966
f 866 966 865
f 867 968 967
f 867 967 866
f 868 969 968
f 868 968 867
f 869 970 969
f 869 969 868
f 870 971 970
f 870 970 869
f 871 972 971
f 871 971 870
f 872 973 972
f 872 972 871
f 873 974 973
f 873 973 872
f 874 975 974
f 874 974 873
f 875 976 975
f 875 975 874
f 876 977 976
f 876 976 875
f 877 978 977
f 877 977 876
f 878 979 978
f 878 978 877
f 879 980 979
f 879 979 878
f 880 981 980
f 880 980 879
f 881 982 981
f 881 981 880
f 882 983 982
f 882 982 881
f 883 984 983
f 883 983 882
f 884 985 984
f 884 984 883
f 885 986 985
f 885 985 884
f 886 987 986
f 886 986 885
f 887 988 987
f 887 987 886
f 888 989 988
f 888 988 887
f 889 990 989
f 889 989 888
f 890 991 990
f 890 990 889
f 891 992 991
f 891 991 890
f 892 993 992
f 892 992 891
f 893 994 993
f 893 993 892
f 894 995 994
f 894 994 893
f 895 996 995
f 895 995 894
f 896 997 996
f 896 996 895
f 897 998 997
f 897 997 896
f 898 999 998
f 898 998 897
f 899 1000 999
f 899 999 898
f 900 1001 1000
f 900 1000 899
f 901 1002 1001
f 901 1001 900
f 902 1003 1002
f 902 1002 901
f 903 1004 1003
f 903 1003 902
f 904 1005 1004
f 904 1004 903
f 905 1006 1005
f 905 1005 904
f 906 1007 1006
f 906 1006 905
f 907 1008 1007
f 907 1007 906
f 908 1009 1008
f 908 1008 907
f 909 1010 1009
f 909 1009 908
f 910 1011 1012
f 910 1012 911
f 912 1013 1011
f 912 1011 910
f 913 1014 1013
f 913 1013 912
f 914 1015 1014
f 914 1014 913
f 915 1016 1015
f 915 1015 914
f 916 1017 1016
f 916 1016 915
f 917 1018 1017
f 917 1017 916
f 918 1019 1018
f 918 1018 917
f 919 1020 1019
f 919 1019 918
f 920 1021 1020
f 920 1020 919
f 921 1022 1021
f 921 1021 920
f 922 1023 1022
f 922 1022 921
f 923 1024 1023
f 923 1023 922
f 924 1025 1024
f 924 1024 923
f 925 1026 1025
f 925 1025 924
f 926 1027 1026
f 926 1026 925
f 927 1028 1027
f 927 1027 926
f 928 1029 1028
f 928 1028 927
f 929 1030 1029
f 929 1029 928
f 930 1031 1030
f 930 1030 929
f 931 1032 1031
f 931 1031 930
f 932 1033 1032
f 932 1032 931
f 933 1034 1033
f 933 1033 932
f 934 1035 1034
f 934 1034 933
f 935 1036 1035
f 935 1035 934
f 936 1037 1036
f 936 1036 935
f 937 1038 1037
f 937 1037 936
f 938 1039 1038
f 938 1038 937
f 939 1040 1039
f 939 1039 938
f 940 1041 1040
f 940 1040 939
f 941 1042 1041
f 941 1041 940
f 942 1043 1042
f 942 1042 941
f 943 1044 1043
f 943 1043 942
f 944 1045 1044
f 944 1044 943
f 945 1046 1045
f 945 1045 944
f 946 1047 1046
f 946 1046 945
f 947 1048 1047
f 947 1047 946
f 948 1049 1048
f 948 1048 947
f 949 1050 1049
f 949 1049 948
f 950 1051 1050
f 950 1050 949
f 951 1052 1051
f 951 1051 950
f 952 1053 1052
f 952 1052 951
f 953 1054 1053
f 953 1053 952
f 954 1055 1054
f 954 1054 953
f 955 1056 1055
f 955 1055 954
f 956 1057 1056
f 956 1056 955
f 957 1058 1057
f 957 1057 956
f 958 1059 1058
f 958 1058 957
f 959 1060 1059
f 959 1059 958
f 960 1061 1060
f 960 1060 959
f 961 1062 1061
f 961 1061 960
f 962 1063 1062
f 962 1062 961
f 963 1064 1063
f 963 1063 962
f 964 1065 1064
f 964 1064 963
f 965 1066 1065
f 965 1065 964
f 966 1067 1066
f 966 1066 965
f 967 1068 1067
f 967 1067 966
f 968 1069 1068
f 968 1068 967
f 969 1070 1069
f 969 1069 968
f 970 1071 1070
f 970 1070 969
f 971 1072 1071
f 971 1071 970
f 972 1073 1072
f 972 1072 971
f 973 1074 1073
f 973 1073 972
f 974 1075 1074
f 974 1074 973
f 975 1076 1075
f 975 1075 974
f 976 1077 1076
f 976 1076 975
f 977 1078 1077
f 977 1077 976
f 978 1079 1078
f 978 1078 977
f 979 1080 1079
f 979 1079 978
f 980 1081 1080
f 980 1080 979
f 981 1082 1081
f 981 1081 980
f 982 1083 1082
f 982 1082 981
f 983 1084 1083
f 983 1083 982
f 984 1085 1084
f 984 1084 983
f 985 1086 1085
f 985 1085 984
f 986 1087 1086
f 986 1086 985
f 987 1088 1087
f 987 1087 986
f 988 1089 1088
f 988 1088 987
f 989 1090 1089
f 989 1089 988
f 990 1091 1090
f 990 1090 989
f 991 1092 1091
f 991 1091 990
f 992 1093 1092
f 992 1092 991
f 993 1094 1093
f 993 1093 992
f 994 1095 1094
f 994 1094 993
f 995 1096 1095
f 995 1095 994
f 996 1097 1096
f 996 1096 995
f 997 1098 1097
f 997 1097 996
f 998 1099 1098
f 998 1098 997
f 999 1100 1099
f 999 1099 998
f 1000 1101 1100
f 1000 1100 999
f 1001 1102 1101
f 1001 1101 1000
f 1002 1103 1102
f 1002 1102 1001
f 1003 1104 1103
f 1003 1103 1002
f 1004 1105 1104
f 1004 1104 1003
f 1005 1106 1105
f 1005 1105 1004
f 1006 1107 1106
f 1006 1106 1005
f 1007 1108 1107
f 1007 1107 1006
f 1008 1109 1108
f 1008 1108 1007
f 1009 1110 1109
f 1009 1109 1008
f 1010 1111 1110
f 1010 1110 1009

#List of body lines
l 1112 1113
l 1113 1114
l 1114 1115
l 1115 1116
l 1116 1117
l 1117 1118
l 1118 1119
l 1119 1120
l 1120 1121
l 1121 1122
l 1113 1123
l 1123 1124
l 1124 1114
l 1114 1125
l 1125 1116
l 1116 1126
l 1126 1118
l 1118 1127
l 1127 1120
l 1120 1128
l 1128 1129
l 1129 1121
l 1123 1130
l 1130 1131
l 1131 1124
l 1124 1132
l 1132 1125
l 1125 1133
l 1133 1126
l 1126 1134
l 1134 1127
l 1127 1135
l 1135 1128
l 1128 1136
l 1136 1137
l 1137 1129
l 1130 1138
l 1138 1139
l 1139 1131
l 1131 1140
l 1140 1132
l 1132 1141
l 1141 1133
l 1133 1142
l 1142 1134
l 1134 1143
l 1143 1135
l 1135 1144
l 1144 1136
l 1136 1145
l 1145 1146
l 1146 1137
l 1138 1147
l 1147 1148
l 1148 1139
l 1139 1149
l 1149 1140
l 1140 1150
l 1150 1141
l 1141 1151
l 1151 1142
l 1142 1152
l 1152 1143
l 1143 1153
l 1153 1144
l 1144 1154
l 1154 1145
l 1145 1155
l 1155 1156
l 1156 1146
l 1147 1157
l 1157 1158
l 1158 1148
l 1148 1159
l 1159 1149
l 1149 1160
l 1160 1150
l 1150 1161
l 1161 1151
l 1151 1162
l 1162 1152
l 1152 1163
l 1163 1153
l 1153 1164
l 1164 1154
l 1154 1165
l 1165 1155
l 1155 1166
l 1166 1167
l 1167 1156
l 1157 1168
l 1168 1169
l 1169 1158
l 1158 1170
l 1170 1159
l 1159 1171
l 1171 1160
l 1160 1172
l 1172 1161
l 1161 1173
l 1173 1162
l 1162 1174
l 1174 1163
l 1163 1175
l 1175 1164
l 1164 1176
l 1176 1165
l 1165 1177
l 1177 1166
l 1166 1178
l 1178 1179
l 1179 1167
l 1168 1180
l 1180 1181
l 1181 1169
l 1169 1182
l 1182 1170
l 1170 1183
l 1183 1171
l 1171 1184
l 1184 1172
l 1172 1185
l 1185 1173
l 1173 1186
l 1186 1174
l 1174 1187
l 1187 1175
l 1175 1188
l 1188 1176
l 1176 1189
l 1189 1177
l 1177 1190
l 1190 1178
l 1180 1191
l 1191 1192
l 1192 1181
l 1181 1193
l 1193 1182
l 1182 1194
l 1194 1183
l 1183 1195
l 1195 1184
l 1184 1196
l 1196 1185
l 1185 1197
l 1197 1186
l 1186 1198
l 1198 1187
l 1187 1199
l 1199 1188
l 1188 1200
l 1200 1189
l 1189 1201
l 1201 1190
l 1191 1202
l 1202 1203
l 1203 1192
l 1192 1204
l 1204 1193
l 1193 1205
l 1205 1194
l 1194 1206
l 1206 1195
l 1195 1207
l 1207 1196
l 1196 1208
l 1208 1197
l 1197 1209
l 1209 1198
l 1198 1210
l 1210 1199
l 1199 1211
l 1211 1200
l 1200 1212
l 1212 1201
l 1202 1213
l 1213 1214
l 1214 1203
l 1203 1215
l 1215 1204
l 1204 1216
l 1216 1205
l 1205 1217
l 1217 1206
l 1206 1218
l 1218 1207
l 1207 1219
l 1219 1208
l 1208 1220
l 1220 1209
l 1209 1221
l 1221 1210
l 1210 1222
l 1222 1211
l 1211 1223
l 1223 1212
l 1213 1224
l 1224 1225
l 1225 1214
l 1214 1226
l 1226 1215
l 1215 1227
l 1227 1216
l 1216 1228
l 1228 1217
l 1217 1229
l 1229 1218
l 1218 1230
l 1230 1219
l 1219 1231
l 1231 1220
l 1220 1232
l 1232 1221
l 1221 1233
l 1233 1222
l 1222 1234
l 1234 1223
l 1224 1235
l 1235 1236
l 1236 1225
l 1225 1237
l 1237 1226
l 1226 1238
l 1238 1227
l 1227 1239
l 1239 1228
l 1228 1240
l 1240 1229
l 1229 1241
l 1241 1230
l 1230 1242
l 1242 1231
l 1231 1243
l 1243 1232
l 1232 1244
l 1244 1233
l 1233 1245
l 1245 1234
l 1235 1246
l 1246 1247
l 1247 1236
l 1236 1248
l 1248 1237
l 1237 1249
l 1249 1238
l 1238 1250
l 1250 1239
l 1239 1251
l 1251 1240
l 1240 1252
l 1252 1241
l 1241 1253
l 1253 1242
l 1242 1254
l 1254 1243
l 1243 1255
l 1255 1244
l 1244 1256
l 1256 1245
l 1246 1257
l 1257 1258
l 1258 1247
l 1247 1259
l 1259 1248
l 1248 1260
l 1260 1249
l 1249 1261
l 1261 1250
l 1250 1262
l 1262 1251
l 1251 1263
l 1263 1252
l 1252 1264
l 1264 1253
l 1253 1265
l 1265 1254
l 1254 1266
l 1266 1255
l 1255 1267
l 1267 1256
l 1257 1268
l 1268 1269
l 1269 1258
l 1258 1270
l 1270 1259
l 1259 1271
l 1271 1260
l 1260 1272
l 1272 1261
l 1261 1273
l 1273 1262
l 1262 1274
l 1274 1263
l 1263 1275
l 1275 1264
l 1264 1276
l 1276 1265
l 1265 1277
l 1277 1266
l 1266 1278
l 1278 1267
l 1268 1279
l 1279 1280
l 1280 1269
l 1269 1281
l 1281 1270
l 1270 1282
l 1282 1271
l 1271 1283
l 1283 1272
l 1272 1284
l 1284 1273
l 1273 1285
l 1285 1274
l 1274 1286
l 1286 1275
l 1275 1287
l 1287 1276
l 1276 1288
l 1288 1277
l 1277 1289
l 1289 1278
l 1279 1290
l 1290 1291
l 1291 1280
l 1280 1292
l 1292 1281
l 1281 1293
l 1293 1282
l 1282 1294
l 1294 1283
l 1283 1295
l 1295 1284
l 1284 1296
l 1296 1285
l 1285 1297
l 1297 1286
l 1286 1298
l 1298 1287
l 1287 1299
l 1299 1288
l 1288 1300
l 1300 1289
l 1290 1301
l 1301 1302
l 1302 1291
l 1291 1303
l 1303 1292
l 1292 1304
l 1304 1293
l 1293 1305
l 1305 1294
l 1294 1306
l 1306 1295
l 1295 1307
l 1307 1296
l 1296 1308
l 1308 1297
l 1297 1309
l 1309 1298
l 1298 1310
l 1310 1299
l 1299 1311
l 1311 1300
l 1301 1312
l 1312 1313
l 1313 1302
l 1302 1314
l 1314 1303
l 1303 1315
l 1315 1304
l 1304 1316
l 1316 1305
l 1305 1317
l 1317 1306
l 1306 1318
l 1318 1307
l 1307 1319
l 1319 1308
l 1308 1320
l 1320 1309
l 1309 1321
l 1321 1310
l 1310 1322
l 1322 1311
l 1312 1323
l 1323 1324
l 1324 1313
l 1313 1325
l 1325 1314
l 1314 1326
l 1326 1315
l 1315 1327
l 1327 1316
l 1316 1328
l 1328 1317
l 1317 1329
l 1329 1318
l 1318 1330
l 1330 1319
l 1319 1331
l 1331 1320
l 1320 1332
l 1332 1321
l 1321 1333
l 1333 1322
l 1323 1334
l 1334 1335
l 1335 1324
l 1324 1336
l 1336 1325
l 1325 1337
l 1337 1326
l 1326 1338
l 1338 1327
l 1327 1339
l 1339 1328
l 1328 1340
l 1340 1329
l 1329 1341
l 1341 1330
l 1330 1342
l 1342 1331
l 1331 1343
l 1343 1332
l 1332 1344
l 1344 1333
l 1334 1345
l 1345 1346
l 1346 1335
l 1335 1347
l 1347 1336
l 1336 1348
l 1348 1337
l 1337 1349
l 1349 1338
l 1338 1350
l 1350 1339
l 1339 1351
l 1351 1340
l 1340 1352
l 1352 1341
l 1341 1353
l 1353 1342
l 1342 1354
l 1354 1343
l 1343 1355
l 1355 1344
l 1345 1356
l 1356 1357
l 1357 1346
l 1346 1358
l 1358 1347
l 1347 1359
l 1359 1348
l 1348 1360
l 1360 1349
l 1349 1361
l 1361 1350
l 1350 1362
l 1362 1351
l 1351 1363
l 1363 1352
l 1352 1364
l 1364 1353
l 1353 1365
l 1365 1354
l 1354 1366
l 1366 1355
l 1356 1367
l 1367 1368
l 1368 1357
l 1357 1369
l 1369 1358
l 1358 1370
l 1370 1359
l 1359 1371
l 1371 1360
l 1360 1372
l 1372 1361
l 1361 1373
l 1373 1362
l 1362 1374
l 1374 1363
l 1363 1375
l 1375 1364
l 1364 1376
l 1376 1365
l 1365 1377
l 1377 1366
l 1367 1378
l 1378 1379
l 1379 1368
l 1368 1380
l 1380 1369
l 1369 1381
l 1381 1370
l 1370 1382
l 1382 1371
l 1371 1383
l 1383 1372
l 1372 1384
l 1384 1373
l 1373 1385
l 1385 1374
l 1374 1386
l 1386 1375
l 1375 1387
l 1387 1376
l 1376 1388
l 1388 1377
l 1378 1389
l 1389 1390
l 1390 1379
l 1379 1391
l 1391 1380
l 1380 1392
l 1392 1381
l 1381 1393
l 1393 1382
l 1382 1394
l 1394 1383
l 1383 1395
l 1395 1384
l 1384 1396
l 1396 1385
l 1385 1397
l 1397 1386
l 1386 1398
l 1398 1387
l 1387 1399
l 1399 1388
l 1389 1400
l 1400 1401
l 1401 1390
l 1390 1402
l 1402 1391
l 1391 1403
l 1403 1392
l 1392 1404
l 1404 1393
l 1393 1405
l 1405 1394
l 1394 1406
l 1406 1395
l 1395 1407
l 1407 1396
l 1396 1408
l 1408 1397
l 1397 1409
l 1409 1398
l 1398 1410
l 1410 1399
l 1400 1411
l 1411 1412
l 1412 1401
l 1401 1413
l 1413 1402
l 1402 1414
l 1414 1403
l 1403 1415
l 1415 1404
l 1404 1416
l 1416 1405
l 1405 1417
l 1417 1406
l 1406 1418
l 1418 1407
l 1407 1419
l 1419 1408
l 1408 1420
l 1420 1409
l 1409 1421
l 1421 1410
l 1411 1422
l 1422 1423
l 1423 1412
l 1412 1424
l 1424 1413
l 1413 1425
l 1425 1414
l 1414 1426
l 1426 1415
l 1415 1427
l 1427 1416
l 1416 1428
l 1428 1417
l 1417 1429
l 1429 1418
l 1418 1430
l 1430 1419
l 1419 1431
l 1431 1420
l 1420 1432
l 1432 1421
l 1422 1433
l 1433 1434
l 1434 1423
l 1423 1435
l 1435 1424
l 1424 1436
l 1436 1425
l 1425 1437
l 1437 1426
l 1426 1438
l 1438 1427
l 1427 1439
l 1439 1428
l 1428 1440
l 1440 1429
l 1429 1441
l 1441 1430
l 1430 1442
l 1442 1431
l 1431 1443
l 1443 1432
l 1433 1444
l 1444 1445
l 1445 1434
l 1434 1446
l 1446 1435
l 1435 1447
l 1447 1436
l 1436 1448
l 1448 1437
l 1437 1449
l 1449 1438
l 1438 1450
l 1450 1439
l 1439 1451
l 1451 1440
l 1440 1452
l 1452 1441
l 1441 1453
l 1453 1442
l 1442 1454
l 1454 1443
l 1444 1455
l 1455 1456
l 1456 1445
l 1445 1457
l 1457 1446
l 1446 1458
l 1458 1447
l 1447 1459
l 1459 1448
l 1448 1460
l 1460 1449
l 1449 1461
l 1461 1450
l 1450 1462
l 1462 1451
l 1451 1463
l 1463 1452
l 1452 1464
l 1464 1453
l 1453 1465
l 1465 1454
l 1455 1466
l 1466 1467
l 1467 1456
l 1456 1468
l 1468 1457
l 1457 1469
l 1469 1458
l 1458 1470
l 1470 1459
l 1459 1471
l 1471 1460
l 1460 1472
l 1472 1461
l 1461 1473
l 1473 1462
l 1462 1474
l 1474 1463
l 1463 1475
l 1475 1464
l 1464 1476
l 1476 1465
l 1466 1477
l 1477 1478
l 1478 1467
l 1467 1479
l 1479 1468
l 1468 1480
l 1480 1469
l 1469 1481
l 1481 1470
l 1470 1482
l 1482 1471
l 1471 1483
l 1483 1472
l 1472 1484
l 1484 1473
l 1473 1485
l 1485 1474
l 1474 1486
l 1486 1475
l 1475 1487
l 1487 1476
l 1477 1488
l 1488 1489
l 1489 1478
l 1478 1490
l 1490 1479
l 1479 1491
l 1491 1480
l 1480 1492
l 1492 1481
l 1481 1493
l 1493 1482
l 1482 1494
l 1494 1483
l 1483 1495
l 1495 1484
l 1484 1496
l 1496 1485
l 1485 1497
l 1497 1486
l 1486 1498
l 1498 1487
l 1488 1499
l 1499 1500
l 1500 1489
l 1489 1501
l 1501 1490
l 1490 1502
l 1502 1491
l 1491 1503
l 1503 1492
l 1492 1504
l 1504 1493
l 1493 1505
l 1505 1494
l 1494 1506
l 1506 1495
l 1495 1507
l 1507 1496
l 1496 1508
l 1508 1497
l 1497 1509
l 1509 1498
l 1499 1510
l 1510 1511
l 1511 1500
l 1500 1512
l 1512 1501
l 1501 1513
l 1513 1502
l 1502 1514
l 1514 1503
l 1503 1515
l 1515 1504
l 1504 1516
l 1516 1505
l 1505 1517
l 1517 1506
l 1506 1518
l 1518 1507
l 1507 1519
l 1519 1508
l 1508 1520
l 1520 1509
l 1510 1521
l 1521 1522
l 1522 1511
l 1511 1523
l 1523 1512
l 1512 1524
l 1524 1513
l 1513 1525
l 1525 1514
l 1514 1526
l 1526 1515
l 1515 1527
l 1527 1516
l 1516 1528
l 1528 1517
l 1517 1529
l 1529 1518
l 1518 1530
l 1530 1519
l 1519 1531
l 1531 1520
l 1521 1532
l 1532 1533
l 1533 1522
l 1522 1534
l 1534 1523
l 1523 1535
l 1535 1524
l 1524 1536
l 1536 1525
l 1525 1537
l 1537 1526
l 1526 1538
l 1538 1527
l 1527 1539
l 1539 1528
l 1528 1540
l 1540 1529
l 1529 1541
l 1541 1530
l 1530 1542
l 1542 1531
l 1532 1543
l 1543 1544
l 1544 1533
l 1533 1545
l 1545 1534
l 1534 1546
l 1546 1535
l 1535 1547
l 1547 1536
l 1536 1548
l 1548 1537
l 1537 1549
l 1549 1538
l 1538 1550
l 1550 1539
l 1539 1551
l 1551 1540
l 1540 1552
l 1552 1541
l 1541 1553
l 1553 1542
l 1543 1554
l 1554 1555
l 1555 1544
l 1544 1556
l 1556 1545
l 1545 1557
l 1557 1546
l 1546 1558
l 1558 1547
l 1547 1559
l 1559 1548
l 1548 1560
l 1560 1549
l 1549 1561
l 1561 1550
l 1550 1562
l 1562 1551
l 1551 1563
l 1563 1552
l 1552 1564
l 1564 1553
l 1554 1565
l 1565 1566
l 1566 1555
l 1555 1567
l 1567 1556
l 1556 1568
l 1568 1557
l 1557 1569
l 1569 1558
l 1558 1570
l 1570 1559
l 1559 1571
l 1571 1560
l 1560 1572
l 1572 1561
l 1561 1573
l 1573 1562
l 1562 1574
l 1574 1563
l 1563 1575
l 1575 1564
l 1565 1576
l 1576 1577
l 1577 1566
l 1566 1578
l 1578 1567
l 1567 1579
l 1579 1568
l 1568 1580
l 1580 1569
l 1569 1581
l 1581 1570
l 1570 1582
l 1582 1571
l 1571 1583
l 1583 1572
l 1572 1584
l 1584 1573
l 1573 1585
l 1585 1574
l 1574 1586
l 1586 1575
l 1576 1587
l 1587 1588
l 1588 1577
l 1577 1589
l 1589 1578
l 1578 1590
l 1590 1579
l 1579 1591
l 1591 1580
l 1580 1592
l 1592 1581
l 1581 1593
l 1593 1582
l 1582 1594
l 1594 1583
l 1583 1595
l 1595 1584
l 1584 1596
l 1596 1585
l 1585 1597
l 1597 1586
l 1587 1598
l 1598 1599
l 1599 1588
l 1588 1600
l 1600 1589
l 1589 1601
l 1601 1590
l 1590 1602
l 1602 1591
l 1591 1603
l 1603 1592
l 1592 1604
l 1604 1593
l 1593 1605
l 1605 1594
l 1594 1606
l 1606 1595
l 1595 1607
l 1607 1596
l 1596 1608
l 1608 1597
l 1598 1609
l 1609 1610
l 1610 1599
l 1599 1611
l 1611 1600
l 1600 1612
l 1612 1601
l 1601 1613
l 1613 1602
l 1602 1614
l 1614 1603
l 1603 1615
l 1615 1604
l 1604 1616
l 1616 1605
l 1605 1617
l 1617 1606
l 1606 1618
l 1618 1607
l 1607 1619
l 1619 1608
l 1609 1620
l 1620 1621
l 1621 1610
l 1610 1622
l 1622 1611
l 1611 1623
l 1623 1612
l 1612 1624
l 1624 1613
l 1613 1625
l 1625 1614
l 1614 1626
l 1626 1615
l 1615 1627
l 1627 1616
l 1616 1628
l 1628 1617
l 1617 1629
l 1629 1618
l 1618 1630
l 1630 1619
l 1620 1631
l 1631 1632
l 1632 1621
l 1621 1633
l 1633 1622
l 1622 1634
l 1634 1623
l 1623 1635
l 1635 1624
l 1624 1636
l 1636 1625
l 1625 1637
l 1637 1626
l 1626 1638
l 1638 1627
l 1627 1639
l 1639 1628
l 1628 1640
l 1640 1629
l 1629 1641
l 1641 1630
l 1631 1642
l 1642 1643
l 1643 1632
l 1632 1644
l 1644 1633
l 1633 1645
l 1645 1634
l 1634 1646
l 1646 1635
l 1635 1647
l 1647 1636
l 1636 1648
l 1648 1637
l 1637 1649
l 1649 1638
l 1638 1650
l 1650 1639
l 1639 1651
l 1651 1640
l 1640 1652
l 1652 1641
l 1642 1653
l 1653 1654
l 1654 1643
l 1643 1655
l 1655 1644
l 1644 1656
l 1656 1645
l 1645 1657
l 1657 1646
l 1646 1658
l 1658 1647
l 1647 1659
l 1659 1648
l 1648 1660
l 1660 1649
l 1649 1661
l 1661 1650
l 1650 1662
l 1662 1651
l 1651 1663
l 1663 1652
l 1653 1664
l 1664 1665
l 1665 1654
l 1654 1666
l 1666 1655
l 1655 1667
l 1667 1656
l 1656 1668
l 1668 1657
l 1657 1669
l 1669 1658
l 1658 1670
l 1670 1659
l 1659 1671
l 1671 1660
l 1660 1672
l 1672 1661
l 1661 1673
l 1673 1662
l 1662 1674
l 1674 1663
l 1664 1675
l 1675 1676
l 1676 1665
l 1665 1677
l 1677 1666
l 1666 1678
l 1678 1667
l 1667 1679
l 1679 1668
l 1668 1680
l 1680 1669
l 1669 1681
l 1681 1670
l 1670 1682
l 1682 1671
l 1671 1683
l 1683 1672
l 1672 1684
l 1684 1673
l 1673 1685
l 1685 1674
l 1675 1686
l 1686 1687
l 1687 1676
l 1676 1688
l 1688 1677
l 1677 1689
l 1689 1678
l 1678 1690
l 1690 1679
l 1679 1691
l 1691 1680
l 1680 1692
l 1692 1681
l 1681 1693
l 1693 1682
l 1682 1694
l 1694 1683
l 1683 1695
l 1695 1684
l 1684 1696
l 1696 1685
l 1686 1697
l 1697 1698
l 1698 1687
l 1687 1699
l 1699 1688
l 1688 1700
l 1700 1689
l 1689 1701
l 1701 1690
l 1690 1702
l 1702 1691
l 1691 1703
l 1703 1692
l 1692 1704
l 1704 1693
l 1693 1705
l 1705 1694
l 1694 1706
l 1706 1695
l 1695 1707
l 1707 1696
l 1697 1708
l 1708 1709
l 1709 1698
l 1698 1710
l 1710 1699
l 1699 1711
l 1711 1700
l 1700 1712
l 1712 1701
l 1701 1713
l 1713 1702
l 1702 1714
l 1714 1703
l 1703 1715
l 1715 1704
l 1704 1716
l 1716 1705
l 1705 1717
l 1717 1706
l 1706 1718
l 1718 1707
l 1708 1719
l 1719 1720
l 1720 1709
l 1709 1721
l 1721 1710
l 1710 1722
l 1722 1711
l 1711 1723
l 1723 1712
l 1712 1724
l 1724 1713
l 1713 1725
l 1725 1714
l 1714 1726
l 1726 1715
l 1715 1727
l 1727 1716
l 1716 1728
l 1728 1717
l 1717 1729
l 1729 1718
l 1719 1730
l 1730 1731
l 1731 1720
l 1720 1732
l 1732 1721
l 1721 1733
l 1733 1722
l 1722 1734
l 1734 1723
l 1723 1735
l 1735 1724
l 1724 1736
l 1736 1725
l 1725 1737
l 1737 1726
l 1726 1738
l 1738 1727
l 1727 1739
l 1739 1728
l 1728 1740
l 1740 1729
l 1730 1741
l 1741 1742
l 1742 1731
l 1731 1743
l 1743 1732
l 1732 1744
l 1744 1733
l 1733 1745
l 1745 1734
l 1734 1746
l 1746 1735
l 1735 1747
l 1747 1736
l 1736 1748
l 1748 1737
l 1737 1749
l 1749 1738
l 1738 1750
l 1750 1739
l 1739 1751
l 1751 1740
l 1741 1752
l 1752 1753
l 1753 1742
l 1742 1754
l 1754 1743
l 1743 1755
l 1755 1744
l 1744 1756
l 1756 1745
l 1745 1757
l 1757 1746
l 1746 1758
l 1758 1747
l 1747 1759
l 1759 1748
l 1748 1760
l 1760 1749
l 1749 1761
l 1761 1750
l 1750 1762
l 1762 1751
l 1752 1763
l 1763 1764
l 1764 1753
l 1753 1765
l 1765 1754
l 1754 1766
l 1766 1755
l 1755 1767
l 1767 1756
l 1756 1768
l 1768 1757
l 1757 1769
l 1769 1758
l 1758 1770
l 1770 1759
l 1759 1771
l 1771 1760
l 1760 1772
l 1772 1761
l 1761 1773
l 1773 1762
l 1763 1774
l 1774 1775
l 1775 1764
l 1764 1776
l 1776 1765
l 1765 1777
l 1777 1766
l 1766 1778
l 1778 1767
l 1767 1779
l 1779 1768
l 1768 1780
l 1780 1769
l 1769 1781
l 1781 1770
l 1770 1782
l 1782 1771
l 1771 1783
l 1783 1772
l 1772 1784
l 1784 1773
l 1774 1785
l 1785 1786
l 1786 1775
l 1775 1787
l 1787 1776
l 1776 1788
l 1788 1777
l 1777 1789
l 1789 1778
l 1778 1790
l 1790 1779
l 1779 1791
l 1791 1780
l 1780 1792
l 1792 1781
l 1781 1793
l 1793 1782
l 1782 1794
l 1794 1783
l 1783 1795
l 1795 1784
l 1785 1796
l 1796 1797
l 1797 1786
l 1786 1798
l 1798 1787
l 1787 1799
l 1799 1788
l 1788 1800
l 1800 1789
l 1789 1801
l 1801 1790
l 1790 1802
l 1802 1791
l 1791 1803
l 1803 1792
l 1792 1804
l 1804 1793
l 1793 1805
l 1805 1794
l 1794 1806
l 1806 1795
l 1796 1807
l 1807 1808
l 1808 1797
l 1797 1809
l 1809 1798
l 1798 1810
l 1810 1799
l 1799 1811
l 1811 1800
l 1800 1812
l 1812 1801
l 1801 1813
l 1813 1802
l 1802 1814
l 1814 1803
l 1803 1815
l 1815 1804
l 1804 1816
l 1816 1805
l 1805 1817
l 1817 1806
l 1807 1818
l 1818 1819
l 1819 1808
l 1808 1820
l 1820 1809
l 1809 1821
l 1821 1810
l 1810 1822
l 1822 1811
l 1811 1823
l 1823 1812
l 1812 1824
l 1824 1813
l 1813 1825
l 1825 1814
l 1814 1826
l 1826 1815
l 1815 1827
l 1827 1816
l 1816 1828
l 1828 1817
l 1818 1829
l 1829 1830
l 1830 1819
l 1819 1831
l 1831 1820
l 1820 1832
l 1832 1821
l 1821 1833
l 1833 1822
l 1822 1834
l 1834 1823
l 1823 1835
l 1835 1824
l 1824 1836
l 1836 1825
l 1825 1837
l 1837 1826
l 1826 1838
l 1838 1827
l 1827 1839
l 1839 1828
l 1829 1840
l 1840 1841
l 1841 1830
l 1830 1842
l 1842 1831
l 1831 1843
l 1843 1832
l 1832 1844
l 1844 1833
l 1833 1845
l 1845 1834
l 1834 1846
l 1846 1835
l 1835 1847
l 1847 1836
l 1836 1848
l 1848 1837
l 1837 1849
l 1849 1838
l 1838 1850
l 1850 1839
l 1840 1851
l 1851 1852
l 1852 1841
l 1841 1853
l 1853 1842
l 1842 1854
l 1854 1843
l 1843 1855
l 1855 1844
l 1844 1856
l 1856 1845
l 1845 1857
l 1857 1846
l 1846 1858
l 1858 1847
l 1847 1859
l 1859 1848
l 1848 1860
l 1860 1849
l 1849 1861
l 1861 1850
l 1851 1862
l 1862 1863
l 1863 1852
l 1852 1864
l 1864 1853
l 1853 1865
l 1865 1854
l 1854 1866
l 1866 1855
l 1855 1867
l 1867 1856
l 1856 1868
l 1868 1857
l 1857 1869
l 1869 1858
l 1858 1870
l 1870 1859
l 1859 1871
l 1871 1860
l 1860 1872
l 1872 1861
l 1862 1873
l 1873 1874
l 1874 1863
l 1863 1875
l 1875 1864
l 1864 1876
l 1876 1865
l 1865 1877
l 1877 1866
l 1866 1878
l 1878 1867
l 1867 1879
l 1879 1868
l 1868 1880
l 1880 1869
l 1869 1881
l 1881 1870
l 1870 1882
l 1882 1871
l 1871 1883
l 1883 1872
l 1873 1884
l 1884 1885
l 1885 1874
l 1874 1886
l 1886 1875
l 1875 1887
l 1887 1876
l 1876 1888
l 1888 1877
l 1877 1889
l 1889 1878
l 1878 1890
l 1890 1879
l 1879 1891
l 1891 1880
l 1880 1892
l 1892 1881
l 1881 1893
l 1893 1882
l 1882 1894
l 1894 1883
l 1884 1895
l 1895 1896
l 1896 1885
l 1885 1897
l 1897 1886
l 1886 1898
l 1898 1887
l 1887 1899
l 1899 1888
l 1888 1900
l 1900 1889
l 1889 1901
l 1901 1890
l 1890 1902
l 1902 1891
l 1891 1903
l 1903 1892
l 1892 1904
l 1904 1893
l 1893 1905
l 1905 1894
l 1895 1906
l 1906 1907
l 1907 1896
l 1896 1908
l 1908 1897
l 1897 1909
l 1909 1898
l 1898 1910
l 1910 1899
l 1899 1911
l 1911 1900
l 1900 1912
l 1912 1901
l 1901 1913
l 1913 1902
l 1902 1914
l 1914 1903
l 1903 1915
l 1915 1904
l 1904 1916
l 1916 1905
l 1906 1917
l 1917 1918
l 1918 1907
l 1907 1919
l 1919 1908
l 1908 1920
l 1920 1909
l 1909 1921
l 1921 1910
l 1910 1922
l 1922 1911
l 1911 1923
l 1923 1912
l 1912 1924
l 1924 1913
l 1913 1925
l 1925 1914
l 1914 1926
l 1926 1915
l 1915 1927
l 1927 1916
l 1917 1928
l 1928 1929
l 1929 1918
l 1918 1930
l 1930 1919
l 1919 1931
l 1931 1920
l 1920 1932
l 1932 1921
l 1921 1933
l 1933 1922
l 1922 1934
l 1934 1923
l 1923 1935
l 1935 1924
l 1924 1936
l 1936 1925
l 1925 1937
l 1937 1926
l 1926 1938
l 1938 1927
l 1928 1939
l 1939 1940
l 1940 1929
l 1929 1941
l 1941 1930
l 1930 1942
l 1942 1931
l 1931 1943
l 1943 1932
l 1932 1944
l 1944 1933
l 1933 1945
l 1945 1934
l 1934 1946
l 1946 1935
l 1935 1947
l 1947 1936
l 1936 1948
l 1948 1937
l 1937 1949
l 1949 1938
l 1939 1950
l 1950 1951
l 1951 1940
l 1940 1952
l 1952 1941
l 1941 1953
l 1953 1942
l 1942 1954
l 1954 1943
l 1943 1955
l 1955 1944
l 1944 1956
l 1956 1945
l 1945 1957
l 1957 1946
l 1946 1958
l 1958 1947
l 1947 1959
l 1959 1948
l 1948 1960
l 1960 1949
l 1950 1961
l 1961 1962
l 1962 1951
l 1951 1963
l 1963 1952
l 1952 1964
l 1964 1953
l 1953 1965
l 1965 1954
l 1954 1966
l 1966 1955
l 1955 1967
l 1967 1956
l 1956 1968
l 1968 1957
l 1957 1969
l 1969 1958
l 1958 1970
l 1970 1959
l 1959 1971
l 1971 1960
l 1961 1972
l 1972 1973
l 1973 1962
l 1962 1974
l 1974 1963
l 1963 1975
l 1975 1964
l 1964 1976
l 1976 1965
l 1965 1977
l 1977 1966
l 1966 1978
l 1978 1967
l 1967 1979
l 1979 1968
l 1968 1980
l 1980 1969
l 1969 1981
l 1981 1970
l 1970 1982
l 1982 1971
l 1972 1983
l 1983 1984
l 1984 1973
l 1973 1985
l 1985 1974
l 1974 1986
l 1986 1975
l 1975 1987
l 1987 1976
l 1976 1988
l 1988 1977
l 1977 1989
l 1989 1978
l 1978 1990
l 1990 1979
l 1979 1991
l 1991 1980
l 1980 1992
l 1992 1981
l 1981 1993
l 1993 1982
l 1983 1994
l 1994 1995
l 1995 1984
l 1984 1996
l 1996 1985
l 1985 1997
l 1997 1986
l 1986 1998
l 1998 1987
l 1987 1999
l 1999 1988
l 1988 2000
l 2000 1989
l 1989 2001
l 2001 1990
l 1990 2002
l 2002 1991
l 1991 2003
l 2003 1992
l 1992 2004
l 2004 1993
l 1994 2005
l 2005 2006
l 2006 1995
l 1995 2007
l 2007 1996
l 1996 2008
l 2008 1997
l 1997 2009
l 2009 1998
l 1998 2010
l 2010 1999
l 1999 2011
l 2011 2000
l 2000 2012
l 2012 2001
l 2001 2013
l 2013 2002
l 2002 2014
l 2014 2003
l 2003 2015
l 2015 2004
l 2005 2016
l 2016 2017
l 2017 2006
l 2006 2018
l 2018 2007
l 2007 2019
l 2019 2008
l 2008 2020
l 2020 2009
l 2009 2021
l 2021 2010
l 2010 2022
l 2022 2011
l 2011 2023
l 2023 2012
l 2012 2024
l 2024 2013
l 2013 2025
l 2025 2014
l 2014 2026
l 2026 2015
l 2016 2027
l 2027 2028
l 2028 2017
l 2017 2029
l 2029 2018
l 2018 2030
l 2030 2019
l 2019 2031
l 2031 2020
l 2020 2032
l 2032 2021
l 2021 2033
l 2033 2022
l 2022 2034
l 2034 2023
l 2023 2035
l 2035 2024
l 2024 2036
l 2036 2025
l 2025 2037
l 2037 2026
l 2027 2038
l 2038 2039
l 2039 2028
l 2028 2040
l 2040 2029
l 2029 2041
l 2041 2030
l 2030 2042
l 2042 2031
l 2031 2043
l 2043 2032
l 2032 2044
l 2044 2033
l 2033 2045
l 2045 2034
l 2034 2046
l 2046 2035
l 2035 2047
l 2047 2036
l 2036 2048
l 2048 2037
l 2038 2049
l 2049 2050
l 2050 2039
l 2039 2051
l 2051 2040
l 2040 2052
l 2052 2041
l 2041 2053
l 2053 2042
l 2042 2054
l 2054 2043
l 2043 2055
l 2055 2044
l 2044 2056
l 2056 2045
l 2045 2057
l 2057 2046
l 2046 2058
l 2058 2047
l 2047 2059
l 2059 2048
l 2049 2060
l 2060 2061
l 2061 2050
l 2050 2062
l 2062 2051
l 2051 2063
l 2063 2052
l 2052 2064
l 2064 2053
l 2053 2065
l 2065 2054
l 2054 2066
l 2066 2055
l 2055 2067
l 2067 2056
l 2056 2068
l 2068 2057
l 2057 2069
l 2069 2058
l 2058 2070
l 2070 2059
l 2060 2071
l 2071 2072
l 2072 2061
l 2061 2073
l 2073 2062
l 2062 2074
l 2074 2063
l 2063 2075
l 2075 2064
l 2064 2076
l 2076 2065
l 2065 2077
l 2077 2066
l 2066 2078
l 2078 2067
l 2067 2079
l 2079 2068
l 2068 2080
l 2080 2069
l 2069 2081
l 2081 2070
l 2071 2082
l 2082 2083
l 2083 2072
l 2072 2084
l 2084 2073
l 2073 2085
l 2085 2074
l 2074 2086
l 2086 2075
l 2075 2087
l 2087 2076
l 2076 2088
l 2088 2077
l 2077 2089
l 2089 2078
l 2078 2090
l 2090 2079
l 2079 2091
l 2091 2080
l 2080 2092
l 2092 2081
l 2082 2093
l 2093 2094
l 2094 2083
l 2083 2095
l 2095 2084
l 2084 2096
l 2096 2085
l 2085 2097
l 2097 2086
l 2086 2098
l 2098 2087
l 2087 2099
l 2099 2088
l 2088 2100
l 2100 2089
l 2089 2101
l 2101 2090
l 2090 2102
l 2102 2091
l 2091 2103
l 2103 2092
l 2093 2104
l 2104 2105
l 2105 2094
l 2094 2106
l 2106 2095
l 2095 2107
l 2107 2096
l 2096 2108
l 2108 2097
l 2097 2109
l 2109 2098
l 2098 2110
l 2110 2099
l 2099 2111
l 2111 2100
l 2100 2112
l 2112 2101
l 2101 2113
l 2113 2102
l 2102 2114
l 2114 2103
l 2104 2115
l 2115 2116
l 2116 2105
l 2105 2117
l 2117 2106
l 2106 2118
l 2118 2107
l 2107 2119
l 2119 2108
l 2108 2120
l 2120 2109
l 2109 2121
l 2121 2110
l 2110 2122
l 2122 2111
l 2111 2123
l 2123 2112
l 2112 2124
l 2124 2113
l 2113 2125
l 2125 2114
l 2115 2126
l 2126 2127
l 2127 2116
l 2116 2128
l 2128 2117
l 2117 2129
l 2129 2118
l 2118 2130
l 2130 2119
l 2119 2131
l 2131 2120
l 2120 2132
l 2132 2121
l 2121 2133
l 2133 2122
l 2122 2134
l 2134 2123
l 2123 2135
l 2135 2124
l 2124 2136
l 2136 2125
l 2126 2137
l 2137 2138
l 2138 2127
l 2127 2139
l 2139 2128
l 2128 2140
l 2140 2129
l 2129 2141
l 2141 2130
l 2130 2142
l 2142 2131
l 2131 2143
l 2143 2132
l 2132 2144
l 2144 2133
l 2133 2145
l 2145 2134
l 2134 2146
l 2146 2135
l 2135 2147
l 2147 2136
l 2137 2148
l 2148 2149
l 2149 2138
l 2138 2150
l 2150 2139
l 2139 2151
l 2151 2140
l 2140 2152
l 2152 2141
l 2141 2153
l 2153 2142
l 2142 2154
l 2154 2143
l 2143 2155
l 2155 2144
l 2144 2156
l 2156 2145
l 2145 2157
l 2157 2146
l 2146 2158
l 2158 2147
l 2148 2159
l 2159 2160
l 2160 2149
l 2149 2161
l 2161 2150
l 2150 2162
l 2162 2151
l 2151 2163
l 2163 2152
l 2152 2164
l 2164 2153
l 2153 2165
l 2165 2154
l 2154 2166
l 2166 2155
l 2155 2167
l 2167 2156
l 2156 2168
l 2168 2157
l 2157 2169
l 2169 2158
l 2160 2170
l 2170 2161
l 2161 2171
l 2171 2162
l 2162 2172
l 2172 2163
l 2163 2173
l 2173 2164
l 2164 2174
l 2174 2165
l 2165 2175
l 2175 2166
l 2166 2176
l 2176 2167
l 2167 2177
l 2177 2168
l 2168 2178
l 2178 2169
l 2170 2179
l 2179 2171
l 2171 2180
l 2180 2172
l 2172 2181
l 2181 2173
l 2173 2182
l 2182 2174
l 2174 2183
l 2183 2175
l 2175 2184
l 2184 2176
l 2176 2185
l 2185 2177
l 2177 2186
l 2186 2178
l 2179 2187
l 2187 2180
l 2180 2188
l 2188 2181
l 2181 2189
l 2189 2182
l 2182 2190
l 2190 2183
l 2183 2191
l 2191 2184
l 2184 2192
l 2192 2185
l 2185 2193
l 2193 2186
l 2187 2194
l 2194 2188
l 2188 2195
l 2195 2189
l 2189 2196
l 2196 2190
l 2190 2197
l 2197 2191
l 2191 2198
l 2198 2192
l 2192 2199
l 2199 2193
l 2194 2200
l 2200 2195
l 2195 2201
l 2201 2196
l 2196 2202
l 2202 2197
l 2197 2203
l 2203 2198
l 2198 2204
l 2204 2199
l 2205 2206
l 2207 2205
l 2206 2208
l 2209 2206
l 2207 2209
l 2210 2207
l 2208 2211
l 2212 2208
l 2209 2212
l 2213 2209
l 2210 2213
l 2214 2210
l 2211 2200
l 2201 2211
l 2212 2201
l 2202 2212
l 2213 2202
l 2203 2213
l 2214 2203
l 2204 2214
l 1112 2215
l 1115 1112
l 2216 1115
l 1117 2216
l 2217 1117
l 1119 2217
l 1122 1119
l 2218 1122
l 2215 2219
l 2216 2215
l 2220 2216
l 2217 2220
l 2218 2217
l 2221 2218
l 2219 2222
l 2220 2219
l 2221 2220
l 2222 2221


