#OBJ File generated by Abaqus/CAE
#List of Vertices
v 0.0109524 -0.00018474 0.00958379
v 0.0118047 0.00995383 0.00944996
v 1.64331e-06 0.0100004 -1.14362e-06
v 0.000877116 -0.000133816 0.0100556
v 0.0216545 0.00993602 0.00754388
v 0.0172788 0.00994287 0.00839088
v 0.0211216 0.00399013 0.00761968
v 0.0207518 -0.000196866 0.00766862
v 0.0148732 -0.000189557 0.00881795
v 0.0113549 0.00462191 0.00952015
v 0.01176 0.00942439 0.00945789
v 0.0187957 -0.000196962 0.00805305
v 0.0230344 0.00835387 0.00724784
v 0.0230199 0.00993178 0.00726255
v 0.027759 0.00992436 0.00627621
v 0.0278259 0.00287136 0.00621084
v 0.0314699 0.00992012 0.00550104
v 0.0305289 -0.000221901 0.00562653
v 0.0223497 -0.000200615 0.0073348
v 0.0255413 -0.000209004 0.00666711
v 0.0287301 -0.000216317 0.00600111
v 0.0339348 0.00707963 0.00492969
v 0.0341244 0.00991731 0.00491343
v 0.0412577 0.0099075 0.00333206
v 0.0402806 -0.000231119 0.00345697
v 0.0348013 -0.000227312 0.00467623
v 0.046697 0.00360143 0.00198869
v 0.0476187 0.00990362 0.00183695
v 0.0510153 0.00990372 0.00104007
v 0.0500092 -0.000238115 0.00116977
v 0.0464542 -0.000236473 0.00200622
v 0.0597103 -0.000238477 -0.00123288
v 0.0607471 0.00989987 -0.0013706
v 0.070446 0.00990396 -0.00390032
v 0.0691808 0.00990207 -0.00357093
v 0.0701206 0.00681352 -0.00385242
v 0.0693777 -0.00022921 -0.00374987
v 0.0790192 -0.000219549 -0.00638086
v 0.0801142 0.00991104 -0.00654714
v 0.0769405 -0.000224353 -0.00580964
v 0.0886272 -0.000210514 -0.00911902
v 0.0897483 0.00992048 -0.00930754
v 0.0982048 -0.000194625 -0.0119761
v 0.0993486 0.00993154 -0.0121817
v 0.107749 -0.00018115 -0.014941
v 0.108915 0.00994352 -0.0151699
v 0.117258 -0.000166643 -0.0180161
v 0.118447 0.00995167 -0.0182667
v 0.126736 -0.0001561 -0.0212034
v 0.127944 0.00996365 -0.0214799
v 0.136173 -0.000145885 -0.0244943
v 0.1374 0.0099707 -0.0247949
v 0.145576 -0.00013629 -0.027896
v 0.146823 0.00997271 -0.0282187
v 0.154944 -0.000131563 -0.0314029
v 0.156202 0.00997772 -0.0317484
v 0.164272 -0.0001275 -0.0350132
v 0.165545 0.00998182 -0.0353851
v 0.173563 -0.000124387 -0.038727
v 0.174851 0.00998053 -0.0391235
v 0.182818 -0.000126392 -0.0425423
v 0.184114 0.0099821 -0.0429639
v 0.192027 -0.00012539 -0.0464561
v 0.193336 0.00998234 -0.0469044
v 0.202518 0.00998124 -0.0509449
v 0.198224 0.00998148 -0.0490555
v 0.202252 0.00793911 -0.0508476
v 0.201198 -0.000125486 -0.0504698
v 0.21033 -0.000126839 -0.0545836
v 0.210752 0.00311005 -0.054742
v 0.205639 0.00594082 -0.0523973
v 0.211654 0.00997869 -0.0550785
v 0.219417 -0.000125135 -0.0587922
v 0.220752 0.00997895 -0.0593141
v 0.215819 -0.000127156 -0.0571249
v 0.228467 -0.000128509 -0.0630952
v 0.229805 0.00997395 -0.0636372
v 0.237469 -0.000128796 -0.0674897
v 0.238815 0.00997591 -0.0680608
v 0.246432 -0.00012998 -0.0719771
v 0.247779 0.00997274 -0.0725684
v 0.255349 -0.000127963 -0.076556
v 0.256702 0.00997254 -0.0771713
v 0.264225 -0.000126846 -0.0812246
v 0.265576 0.00997537 -0.0818623
v 0.273056 -0.000126529 -0.0859794
v 0.274406 0.00997717 -0.0866399
v 0.281842 -0.000122994 -0.0908227
v 0.283193 0.00997808 -0.0915039
v 0.290582 -0.000120198 -0.0957491
v 0.29193 0.00997815 -0.0964475
v 0.300624 0.00998154 -0.10148
v 0.292255 0.00998026 -0.0966373
v 0.299286 -5.54363e-05 -0.100764
v 0.299278 -0.000118045 -0.100759
v 0.307925 -0.000112399 -0.10585
v 0.30927 0.00998429 -0.106593
v 0.299322 -0.000115621 -0.100786
v 0.316532 -0.00011121 -0.111023
v 0.317868 0.00998658 -0.111782
v 0.325088 -0.000106278 -0.116275
v 0.326423 0.00998859 -0.117054
v 0.333601 -0.000101512 -0.121607
v 0.334928 0.00999045 -0.122401
v 0.342065 -9.66907e-05 -0.127013
v 0.343387 0.00999238 -0.127824
v 0.350483 -9.17173e-05 -0.132496
v 0.351796 0.00999851 -0.133323
v 0.358856 -9.03875e-05 -0.13805
v 0.360159 0.0100011 -0.138895
v 0.367178 -8.44117e-05 -0.143678
v 0.368472 0.0100044 -0.144536
v 0.375456 -8.16956e-05 -0.149377
v 0.37674 0.0100046 -0.150247
v 0.383684 -7.78761e-05 -0.155145
v 0.384959 0.010006 -0.156029
v 0.391846 -3.95133e-05 -0.160969
v 0.390125 0.0100084 -0.159728
v 0.39313 0.0100089 -0.161878
v 0.391865 -7.27656e-05 -0.160983
v 0.39185 -7.45648e-05 -0.160971
v 0.4 -7.01488e-05 -0.166887
v 0.401251 0.0100135 -0.167795
v 0.40809 -6.97687e-05 -0.172857
v 0.409324 0.0100162 -0.173774
v 0.416127 -6.33714e-05 -0.178895
v 0.417353 0.010017 -0.17982
v 0.424119 -6.27993e-05 -0.184993
v 0.425329 0.0100204 -0.185928
v 0.432063 -5.97388e-05 -0.191156
v 0.433259 0.0100226 -0.192098
v 0.439957 -5.40672e-05 -0.197382
v 0.441142 0.0100238 -0.198329
v 0.447806 -5.36133e-05 -0.203666
v 0.448974 0.0100242 -0.204616
v 0.455605 -5.03593e-05 -0.210013
v 0.456761 0.0100278 -0.210969
v 0.463356 -4.82336e-05 -0.216418
v 0.464497 0.0100268 -0.217375
v 0.471057 -4.74547e-05 -0.222882
v 0.472183 0.0100289 -0.223841
v 0.478708 -4.43182e-05 -0.229407
v 0.479821 0.0100298 -0.230366
v 0.486311 -4.32816e-05 -0.235992
v 0.487406 0.0100325 -0.23695
v 0.49386 -4.07359e-05 -0.242638
v 0.494938 0.0100324 -0.243593
v 0.501359 -4.10415e-05 -0.249342
v 0.502418 0.0100335 -0.250296
v 0.508804 -3.62012e-05 -0.256109
v 0.509846 0.0100359 -0.257061
v 0.516196 -3.41487e-05 -0.262933
v 0.517216 0.0100395 -0.263881
v 0.523531 -3.08076e-05 -0.269812
v 0.524534 0.0100408 -0.270758
v 0.530814 -3.02213e-05 -0.276749
v 0.531799 0.0100436 -0.277695
v 0.538045 -2.84087e-05 -0.283746
v 0.539006 0.0100439 -0.284682
v 0.545217 -2.53699e-05 -0.290797
v 0.546162 0.0100456 -0.291731
v 0.552333 -2.11989e-05 -0.297906
v 0.553256 0.0100486 -0.298831
v 0.559398 -1.98126e-05 -0.305071
v 0.560299 0.0100491 -0.305988
v 0.566403 -1.72622e-05 -0.31229
v 0.567284 0.0100511 -0.3132
v 0.573351 -1.34532e-05 -0.319565
v 0.57421 0.0100545 -0.320466
v 0.58024 -8.35336e-06 -0.326893
v 0.581083 0.0100555 -0.327787
v 0.587076 -5.97512e-06 -0.334278
v 0.587894 0.010058 -0.335159
v 0.593851 -2.21135e-06 -0.341714
v 0.594647 0.0100622 -0.342586
v 0.600568 -9.81609e-07 -0.349201
v 0.601342 0.0100642 -0.350063
v 0.607228 1.7284e-06 -0.356743
v 0.607977 0.0100679 -0.357593
v 0.613825 5.98279e-06 -0.364336
v 0.614556 0.0100696 -0.365175
v 0.620362 7.98502e-06 -0.371978
v 0.621072 0.0100732 -0.372807
v 0.626841 1.17841e-05 -0.379675
v 0.627526 0.010075 -0.380485
v 0.63326 1.74764e-05 -0.387423
v 0.633923 0.010079 -0.388219
v 0.639616 2.12622e-05 -0.395219
v 0.640258 0.0100814 -0.395999
v 0.645912 2.32025e-05 -0.403062
v 0.64653 0.0100862 -0.403829
v 0.652148 2.74471e-05 -0.41096
v 0.652739 0.0100896 -0.411705
v 0.658318 3.01604e-05 -0.418899
v 0.658891 0.0100918 -0.419632
v 0.664427 3.5528e-05 -0.42689
v 0.664976 0.0100969 -0.427604
v 0.670477 3.98059e-05 -0.434931
v 0.670998 0.0101011 -0.435623
v 0.676458 4.3182e-05 -0.443012
v 0.676959 0.0101045 -0.44369
v 0.68238 4.9913e-05 -0.451147
v 0.682856 0.0101075 -0.4518
v 0.688689 0.0101102 -0.459956
v 0.688258 0.0101126 -0.459356
v 0.688601 0.00813584 -0.459833
v 0.688237 5.23369e-05 -0.45932
v 0.694029 5.8783e-05 -0.467541
v 0.694457 0.0101169 -0.468158
v 0.689645 5.47009e-05 -0.46132
v 0.699761 6.18339e-05 -0.475805
v 0.700162 0.0101199 -0.476402
v 0.701845 0.00690564 -0.478867
v 0.701498 0.0101227 -0.478367
v 0.705804 0.0101236 -0.484691
v 0.705429 6.98633e-05 -0.484116
v 0.702549 6.69581e-05 -0.479894
v 0.710925 0.000279642 -0.492307
v 0.710255 0.0101289 -0.491342
v 0.711379 0.0101283 -0.49302
v 0.711032 7.55727e-05 -0.492465
v 0.710943 7.44743e-05 -0.492331
v 0.716576 7.96861e-05 -0.500856
v 0.716889 0.0101345 -0.501392
v 0.71752 0.00890896 -0.502359
v 0.717694 0.0101345 -0.502634
v 0.722336 0.0101427 -0.509808
v 0.722055 8.73358e-05 -0.509286
v 0.71747 8.37335e-05 -0.502236
v 0.724383 0.00614128 -0.512977
v 0.726248 0.0101487 -0.515954
v 0.727719 0.01015 -0.518262
v 0.727474 0.000100181 -0.517755
v 0.723655 9.08573e-05 -0.511785
v 0.732839 0.000113254 -0.526258
v 0.732934 0.00499619 -0.526498
v 0.731371 0.00299055 -0.52397
v 0.733036 0.0101629 -0.526749
v 0.730379 0.000106752 -0.522358
v 0.734722 0.00685659 -0.529401
v 0.736977 0.0101738 -0.533123
v 0.738303 0.0101752 -0.535265
v 0.738146 0.000131006 -0.534783
v 0.743412 0.000146489 -0.543325
v 0.743529 0.0101906 -0.543799
v 0.748644 0.000160113 -0.551876
v 0.748724 0.0102032 -0.552337
v 0.750083 0.00754209 -0.554484
v 0.750953 0.0102055 -0.556015
v 0.7539 0.0102128 -0.56088
v 0.753849 0.000174902 -0.560442
v 0.749254 0.000164114 -0.552883
v 0.759031 0.000184005 -0.569012
v 0.759055 0.0102203 -0.569424
v 0.763338 0.0018541 -0.576239
v 0.762036 0.0102258 -0.574392
v 0.764188 0.0102283 -0.577976
v 0.764186 0.000191523 -0.577589
v 0.762939 0.000188895 -0.575511
v 0.769322 0.000196589 -0.586182
v 0.769296 0.0102346 -0.586536
v 0.77442 0.000207831 -0.59478
v 0.774378 0.010243 -0.595109
v 0.781134 0.000248957 -0.602325
v 0.779394 0.0102466 -0.60362
v 0.792609 0.00045018 -0.606273
v 0.78406 0.0102691 -0.611581
v 0.0118037 0.0102974 0.00945163
v 0.0113974 0.0102983 0.00912785
v 0.00470407 0.016 0.00376144
v 0.0117949 0.0159856 0.00945862
v 3.35005e-06 0.0200018 -3.32276e-06
v 0.011788 0.0199808 0.00946245
v 1.26026e-06 0.0160184 -1.41471e-06
v 3.39852e-06 0.0103443 -3.41953e-06
v 0.0216459 0.0116562 0.00755266
v 0.0194422 0.0121873 0.00797515
v 0.0118559 0.0199811 0.00944763
v 0.021625 0.0176302 0.00756716
v 0.0216157 0.0199563 0.00757384
v 0.0117965 0.0165148 0.00945782
v 0.011798 0.0130459 0.00945398
v 0.0314177 0.0199465 0.00555297
v 0.0285535 0.0199487 0.00614587
v 0.0314459 0.0145663 0.0055233
v 0.0411891 0.0199379 0.0034045
v 0.0437319 0.0173395 0.00279461
v 0.0426624 0.0199346 0.00306345
v 0.0509297 0.0199324 0.00113398
v 0.0606443 0.01993 -0.00126167
v 0.064121 0.0163749 -0.00219857
v 0.0612172 0.0199299 -0.00141069
v 0.0703301 0.0199304 -0.00377854
v 0.0799783 0.0199374 -0.00641134
v 0.0895952 0.0199464 -0.0091616
v 0.0991831 0.0199526 -0.0120273
v 0.108735 0.0199638 -0.015009
v 0.11825 0.0199754 -0.0181013
v 0.127729 0.0199826 -0.0213021
v 0.127547 0.01998 -0.0212381
v 0.127728 0.0199701 -0.0213014
v 0.137192 0.0192258 -0.0246265
v 0.127744 0.0199685 -0.0213081
v 0.137173 0.0199894 -0.0246137
v 0.14662 0.01834 -0.0280621
v 0.137988 0.0191427 -0.0249174
v 0.146578 0.0199955 -0.0280324
v 0.156016 0.0172726 -0.0316071
v 0.148386 0.0181145 -0.0287308
v 0.155948 0.0199967 -0.0315561
v 0.165383 0.016011 -0.0352618
v 0.158982 0.0168295 -0.0327655
v 0.165276 0.0200014 -0.035185
v 0.174719 0.014554 -0.0390279
v 0.169803 0.0152647 -0.0370475
v 0.174566 0.020001 -0.0389154
v 0.184027 0.0128977 -0.0429006
v 0.180847 0.0134107 -0.0415797
v 0.183816 0.0200037 -0.042751
v 0.193302 0.0110512 -0.0468805
v 0.192127 0.011255 -0.0463764
v 0.193028 0.0200014 -0.0466844
v 0.202194 0.020002 -0.0507161
v 0.211322 0.0200016 -0.0548476
v 0.220406 0.0200001 -0.0590718
v 0.22945 0.0199977 -0.0633923
v 0.238446 0.0199985 -0.0678042
v 0.247405 0.0199984 -0.0723123
v 0.256317 0.0199974 -0.0769064
v 0.265181 0.0199997 -0.0815886
v 0.259284 0.0199987 -0.0784731
v 0.265245 0.0183985 -0.0816342
v 0.274173 0.0158342 -0.0864775
v 0.267229 0.0177758 -0.0827106
v 0.274004 0.0200012 -0.0863606
v 0.283065 0.013073 -0.0914146
v 0.279372 0.0141433 -0.0893629
v 0.282779 0.020002 -0.0912154
v 0.291927 0.0100933 -0.0964462
v 0.291788 0.0101355 -0.0963674
v 0.291513 0.0200022 -0.0961566
v 0.300199 0.0200058 -0.101183
v 0.308838 0.0200091 -0.106289
v 0.317431 0.0200122 -0.111475
v 0.325975 0.0200151 -0.116738
v 0.334476 0.0200181 -0.122081
v 0.342927 0.0200214 -0.127498
v 0.351333 0.0200251 -0.132991
v 0.359693 0.0200255 -0.138557
v 0.368002 0.0200307 -0.144195
v 0.376264 0.0200332 -0.149901
v 0.369085 0.0200287 -0.14494
v 0.376426 0.0166581 -0.15002
v 0.384832 0.0126324 -0.155937
v 0.381159 0.0143906 -0.153352
v 0.384482 0.0200331 -0.155677
v 0.39265 0.0200387 -0.161525
v 0.400771 0.0200383 -0.167433
v 0.408845 0.0200402 -0.173409
v 0.416869 0.0200447 -0.17945
v 0.424846 0.0200479 -0.185554
v 0.432774 0.0200503 -0.191717
v 0.440658 0.020052 -0.197943
v 0.448494 0.0200532 -0.204229
v 0.45628 0.0200538 -0.210572
v 0.464019 0.020058 -0.216978
v 0.471708 0.0200576 -0.223437
v 0.479347 0.02006 -0.229958
v 0.486938 0.0200605 -0.236538
v 0.494474 0.0200624 -0.243179
v 0.501958 0.0200654 -0.249881
v 0.509387 0.0200698 -0.256641
v 0.516766 0.0200718 -0.26346
v 0.52409 0.0200714 -0.270333
v 0.531358 0.0200766 -0.277268
v 0.538573 0.0200794 -0.284257
v 0.545734 0.0200796 -0.291302
v 0.552837 0.0200813 -0.298402
v 0.559886 0.0200845 -0.30556
v 0.566877 0.0200891 -0.312775
v 0.573812 0.0200913 -0.32004
v 0.580689 0.0200912 -0.327358
v 0.58751 0.0200966 -0.334735
v 0.594271 0.0200997 -0.342163
v 0.600974 0.0201005 -0.34964
v 0.607621 0.0201032 -0.357174
v 0.614205 0.0201077 -0.364758
v 0.620733 0.0201103 -0.372395
v 0.627195 0.020115 -0.38008
v 0.633603 0.0201179 -0.387818
v 0.639944 0.0201231 -0.395602
v 0.646227 0.0201267 -0.403437
v 0.652449 0.0201289 -0.411321
v 0.658607 0.0201338 -0.419253
v 0.664705 0.0201374 -0.427235
v 0.670737 0.0201399 -0.435261
v 0.67671 0.0201455 -0.443339
v 0.682615 0.0201504 -0.45146
v 0.688114 0.0110603 -0.459152
v 0.686541 0.0201539 -0.45695
v 0.688455 0.0201547 -0.459625
v 0.694236 0.0201586 -0.46784
v 0.699947 0.0201622 -0.476095
v 0.700741 0.0188031 -0.477264
v 0.700692 0.0201635 -0.477191
v 0.705594 0.0201697 -0.4844
v 0.710184 0.0122032 -0.491243
v 0.710889 0.0201737 -0.492317
v 0.711177 0.0201734 -0.492747
v 0.71669 0.0201814 -0.501137
v 0.722185 0.0177896 -0.509626
v 0.719158 0.015793 -0.504925
v 0.722137 0.0201861 -0.509568
v 0.727695 0.0112514 -0.518237
v 0.727097 0.0112643 -0.517295
v 0.722929 0.0187674 -0.510802
v 0.727551 0.0186579 -0.518079
v 0.727519 0.0201965 -0.518046
v 0.732966 0.0136889 -0.526683
v 0.73113 0.0136305 -0.52374
v 0.728141 0.0190648 -0.519022
v 0.732856 0.0192097 -0.526574
v 0.732837 0.0202032 -0.526555
v 0.733267 0.0194193 -0.527239
v 0.734397 0.0202054 -0.529084
v 0.738101 0.0202156 -0.535099
v 0.738167 0.0168261 -0.535154
v 0.735639 0.0150649 -0.531023
v 0.738288 0.0108979 -0.535254
v 0.738014 0.010707 -0.534806
v 0.739737 0.0171901 -0.537723
v 0.741468 0.0202224 -0.54062
v 0.743322 0.0202265 -0.543657
v 0.743461 0.0134011 -0.543751
v 0.742603 0.0118963 -0.542314
v 0.74863 0.0147853 -0.552284
v 0.747692 0.0121122 -0.550682
v 0.748516 0.0202356 -0.552222
v 0.753688 0.0202477 -0.560789
v 0.758848 0.0202554 -0.569359
v 0.761877 0.0145651 -0.574247
v 0.760858 0.02026 -0.572715
v 0.763985 0.0202653 -0.577933
v 0.769101 0.0202751 -0.586515
v 0.774193 0.0202795 -0.595103
v 0.779222 0.0202877 -0.60364
v 0.783935 0.0203087 -0.611683
v 0.0117887 0.021173 0.00946255
v 0.0103849 0.0211731 0.00833464
v 0.00566755 0.0251862 0.0045456
v 0.0117904 0.0251815 0.00945627
v 0.000952119 0.029195 0.000758741
v 0.0117916 0.0291928 0.00944785
v 3.04979e-06 0.030002 -2.29771e-06
v 0.01179 0.0299965 0.00945068
v 2.57769e-06 0.0291968 -1.12692e-06
v 4.33287e-06 0.025195 -3.1564e-06
v 3.90194e-06 0.0211919 -1.57544e-06
v 0.0216219 0.0267205 0.00757391
v 0.0164437 0.0252411 0.00856125
v 0.021626 0.0299828 0.00757328
v 0.0117886 0.0264489 0.00945471
v 0.0117911 0.0199947 0.00946246
v 0.0314345 0.0299713 0.00556487
v 0.0412146 0.0299633 0.00343064
v 0.0389835 0.0299667 0.00391516
v 0.0411958 0.0231615 0.00341406
v 0.0509657 0.0299605 0.00116358
v 0.0606853 0.0299598 -0.00122559
v 0.0558223 0.0299583 -2.82027e-05
v 0.0606502 0.0207549 -0.00126018
v 0.0703762 0.0299568 -0.00373458
v 0.0800296 0.0299638 -0.00636564
v 0.089656 0.0299681 -0.00911596
v 0.0837729 0.0299649 -0.00743604
v 0.0896349 0.026651 -0.00913215
v 0.0992047 0.0236594 -0.0120113
v 0.0940019 0.0254001 -0.0104443
v 0.0992447 0.0299775 -0.0119825
v 0.108747 0.0219955 -0.0150007
v 0.106336 0.0224936 -0.0142425
v 0.1088 0.0299833 -0.014961
v 0.118257 0.0209037 -0.0180943
v 0.117229 0.0210557 -0.0177612
v 0.11832 0.0299935 -0.0180558
v 0.127804 0.0299994 -0.0212591
v 0.137251 0.0300047 -0.024573
v 0.14666 0.0300095 -0.0279939
v 0.15603 0.0300135 -0.0315217
v 0.165364 0.0300169 -0.0351562
v 0.174658 0.0300195 -0.0388938
v 0.18391 0.0300211 -0.0427312
v 0.193123 0.0300178 -0.0466661
v 0.202292 0.0300216 -0.0507048
v 0.211424 0.0300203 -0.0548412
v 0.220511 0.030018 -0.0590702
v 0.220437 0.0300171 -0.0590346
v 0.220511 0.0300002 -0.0590689
v 0.22953 0.0278449 -0.0633929
v 0.220529 0.0299979 -0.0590794
v 0.229553 0.0300189 -0.0633939
v 0.238506 0.0255917 -0.0678082
v 0.232074 0.0271795 -0.0646449
v 0.238553 0.030019 -0.0678103
v 0.247437 0.0232472 -0.072312
v 0.243694 0.0241978 -0.0704246
v 0.247511 0.0300182 -0.0723195
v 0.256324 0.0208264 -0.076908
v 0.255371 0.0210703 -0.0764121
v 0.256423 0.0300206 -0.0769201
v 0.265293 0.0300223 -0.0816102
v 0.274114 0.0300233 -0.086383
v 0.282895 0.0300236 -0.0912455
v 0.291624 0.0300273 -0.0961896
v 0.300312 0.0300306 -0.10122
v 0.308948 0.0300336 -0.106327
v 0.317542 0.0300364 -0.111517
v 0.32609 0.0300392 -0.116788
v 0.334591 0.0300421 -0.122135
v 0.343044 0.0300414 -0.127553
v 0.337183 0.03004 -0.123794
v 0.343023 0.0283324 -0.127544
v 0.351398 0.0258126 -0.133024
v 0.344951 0.0277382 -0.128805
v 0.35145 0.0300452 -0.133051
v 0.359728 0.0231862 -0.138575
v 0.356198 0.0242735 -0.136221
v 0.359804 0.0300499 -0.138618
v 0.368008 0.020408 -0.144196
v 0.367579 0.0205476 -0.143906
v 0.368115 0.0300515 -0.144258
v 0.37638 0.0300545 -0.149972
v 0.384592 0.030059 -0.155749
v 0.392762 0.0300615 -0.161599
v 0.400882 0.0300622 -0.167511
v 0.408952 0.0300654 -0.173487
v 0.416977 0.0300674 -0.179528
v 0.424954 0.0300724 -0.185635
v 0.432884 0.0300729 -0.191799
v 0.440767 0.0300768 -0.198027
v 0.448599 0.0300802 -0.204313
v 0.456387 0.0300792 -0.210657
v 0.464123 0.0300817 -0.21706
v 0.471811 0.0300836 -0.223522
v 0.479449 0.0300883 -0.230045
v 0.487038 0.0300911 -0.236629
v 0.494572 0.0300916 -0.243268
v 0.502054 0.0300937 -0.249967
v 0.509483 0.0300973 -0.256727
v 0.516859 0.0300986 -0.263544
v 0.524182 0.0301017 -0.27042
v 0.531448 0.0301064 -0.277352
v 0.53866 0.0301088 -0.284339
v 0.545822 0.0301088 -0.291385
v 0.55292 0.0301142 -0.298484
v 0.559966 0.0301174 -0.30564
v 0.566957 0.0301182 -0.31285
v 0.573892 0.0301206 -0.320117
v 0.580765 0.0301248 -0.327434
v 0.587585 0.0301266 -0.334807
v 0.594344 0.0301303 -0.342232
v 0.601045 0.0301358 -0.349713
v 0.607686 0.0301393 -0.357242
v 0.614269 0.0301409 -0.364822
v 0.620794 0.0301445 -0.372457
v 0.627255 0.0301504 -0.38014
v 0.633659 0.0301546 -0.387876
v 0.64 0.0301572 -0.395657
v 0.64628 0.0301624 -0.403491
v 0.652497 0.0301662 -0.41137
v 0.658652 0.0301727 -0.419301
v 0.664747 0.0301781 -0.427282
v 0.670778 0.0301825 -0.435306
v 0.676743 0.030186 -0.443376
v 0.682645 0.0301927 -0.451495
v 0.686594 0.023371 -0.457022
v 0.686825 0.0301949 -0.45734
v 0.688485 0.0301948 -0.459659
v 0.694256 0.0302002 -0.467868
v 0.699964 0.0302051 -0.476124
v 0.701298 0.0278236 -0.478084
v 0.701747 0.0302085 -0.478749
v 0.705606 0.0302096 -0.484425
v 0.711174 0.0211695 -0.492747
v 0.710949 0.0205813 -0.492407
v 0.711177 0.0302178 -0.49277
v 0.713013 0.026877 -0.495554
v 0.716572 0.0302216 -0.500987
v 0.716685 0.0302218 -0.501158
v 0.722122 0.0302299 -0.509592
v 0.718043 0.0302258 -0.503267
v 0.722124 0.0300268 -0.509591
v 0.7275 0.0272061 -0.518058
v 0.722231 0.0300241 -0.509763
v 0.727494 0.0302352 -0.518066
v 0.732816 0.0260792 -0.52657
v 0.729065 0.0272822 -0.520567
v 0.732799 0.0302443 -0.526578
v 0.734332 0.0273439 -0.529042
v 0.73778 0.0302511 -0.534681
v 0.73805 0.0302545 -0.535123
v 0.738086 0.0232917 -0.535105
v 0.736972 0.0223512 -0.533283
v 0.740285 0.0260009 -0.538743
v 0.742227 0.0302604 -0.541987
v 0.743258 0.0302626 -0.543682
v 0.743303 0.0231615 -0.543666
v 0.742597 0.0216059 -0.542483
v 0.745807 0.0254024 -0.547823
v 0.747992 0.0302709 -0.551511
v 0.748438 0.0302735 -0.552251
v 0.753598 0.0302838 -0.560818
v 0.758747 0.0302911 -0.569388
v 0.75937 0.0290979 -0.570402
v 0.759325 0.0302939 -0.570357
v 0.763875 0.030302 -0.577959
v 0.768984 0.0303105 -0.586535
v 0.774073 0.0303195 -0.59512
v 0.779104 0.0303276 -0.603656
v 0.783859 0.0303477 -0.611765
v 0.0117952 0.0364977 0.00943577
v 0.00414236 0.0364901 0.00331437
v 4.53788e-06 0.0400007 -1.66451e-06
v 0.0117941 0.0400135 0.00943213
v 2.04133e-06 0.0364905 5.46095e-07
v 0.0162846 0.0354347 0.00858131
v 0.0207735 0.0400042 0.00772196
v 0.0216348 0.0400049 0.00755819
v 0.011793 0.0343193 0.00944257
v 0.0314529 0.039997 0.00555756
v 0.0389843 0.0322569 0.00391559
v 0.0406349 0.0399933 0.00355793
v 0.0412365 0.0399942 0.00342718
v 0.0509918 0.0399888 0.00117227
v 0.055077 0.0357646 0.000159636
v 0.0540399 0.0399863 0.000426171
v 0.0607203 0.0399842 -0.00121291
v 0.0704149 0.0399852 -0.00372222
v 0.0800749 0.0399874 -0.00634975
v 0.0760705 0.0399863 -0.00526087
v 0.0800492 0.0336452 -0.00636134
v 0.0897027 0.0399947 -0.00910087
v 0.0992996 0.0399987 -0.0119677
v 0.108859 0.0400073 -0.0149507
v 0.118382 0.0400119 -0.0180422
v 0.127868 0.0400204 -0.0212497
v 0.137319 0.0400244 -0.0245657
v 0.146735 0.0400279 -0.0279921
v 0.156109 0.0400308 -0.0315216
v 0.165445 0.0400331 -0.0351577
v 0.174741 0.0400347 -0.0388968
v 0.183995 0.0400354 -0.0427355
v 0.193212 0.0400354 -0.0466772
v 0.192719 0.0400362 -0.046467
v 0.19321 0.0398822 -0.04668
v 0.202356 0.0367767 -0.0507156
v 0.193419 0.0398073 -0.0467709
v 0.202386 0.0400386 -0.0507204
v 0.211457 0.0334744 -0.0548471
v 0.206812 0.0351327 -0.0527386
v 0.211516 0.0400367 -0.0548542
v 0.220605 0.0400379 -0.0590896
v 0.229651 0.0400384 -0.0634175
v 0.238654 0.0400381 -0.067838
v 0.247614 0.040041 -0.0723533
v 0.256526 0.0400431 -0.0769543
v 0.265395 0.0400446 -0.0816449
v 0.274222 0.0400453 -0.086425
v 0.283001 0.0400455 -0.0912879
v 0.291732 0.0400492 -0.0962357
v 0.300417 0.0400525 -0.101267
v 0.309059 0.0400556 -0.106381
v 0.317653 0.0400585 -0.111574
v 0.315525 0.0400561 -0.110287
v 0.317641 0.0390913 -0.111567
v 0.326146 0.0351883 -0.116814
v 0.318994 0.0384647 -0.112402
v 0.326199 0.0400616 -0.116845
v 0.334602 0.0312605 -0.12214
v 0.332921 0.0320336 -0.121081
v 0.3347 0.0400648 -0.122195
v 0.343154 0.0400645 -0.127617
v 0.351557 0.0400689 -0.133115
v 0.359917 0.0400701 -0.138687
v 0.368226 0.0400765 -0.144332
v 0.37649 0.0400764 -0.150043
v 0.384704 0.0400821 -0.155827
v 0.392873 0.0400818 -0.161675
v 0.400991 0.040088 -0.167591
v 0.409062 0.0400888 -0.173568
v 0.417088 0.0400927 -0.179612
v 0.425063 0.0400958 -0.185716
v 0.432992 0.0400985 -0.191882
v 0.440873 0.0401008 -0.198108
v 0.448707 0.0401026 -0.204393
v 0.456492 0.040108 -0.210742
v 0.46423 0.0401088 -0.217146
v 0.471916 0.0401127 -0.223611
v 0.479551 0.0401155 -0.230132
v 0.487137 0.0401166 -0.236714
v 0.49467 0.0401198 -0.243355
v 0.502152 0.0401207 -0.250055
v 0.509579 0.0401235 -0.256813
v 0.516954 0.0401281 -0.263632
v 0.524274 0.0401305 -0.270505
v 0.531541 0.0401348 -0.277438
v 0.53875 0.0401368 -0.284422
v 0.545907 0.0401405 -0.291467
v 0.553006 0.0401458 -0.298567
v 0.560049 0.0401489 -0.305721
v 0.567041 0.0401498 -0.312932
v 0.573969 0.0401525 -0.320193
v 0.580843 0.040157 -0.327511
v 0.58766 0.0401593 -0.334882
v 0.594416 0.0401636 -0.342305
v 0.601115 0.0401698 -0.349783
v 0.607752 0.0401741 -0.35731
v 0.614337 0.0401766 -0.364892
v 0.620855 0.0401814 -0.372521
v 0.627315 0.0401845 -0.3802
v 0.633717 0.04019 -0.387935
v 0.640055 0.0401941 -0.395714
v 0.646333 0.0402008 -0.403546
v 0.652547 0.0402063 -0.411424
v 0.658698 0.0402107 -0.419348
v 0.66479 0.040214 -0.427322
v 0.670817 0.0402204 -0.435346
v 0.67678 0.0402259 -0.443414
v 0.682678 0.0402308 -0.451528
v 0.68675 0.0331933 -0.457232
v 0.686571 0.040237 -0.456975
v 0.688511 0.0402389 -0.45969
v 0.694281 0.0402424 -0.467897
v 0.699983 0.0402492 -0.47615
v 0.701817 0.0369703 -0.47885
v 0.702009 0.04025 -0.479133
v 0.705619 0.0402555 -0.484448
v 0.711185 0.0402611 -0.492789
v 0.716682 0.0304915 -0.501158
v 0.716605 0.0303684 -0.501039
v 0.716686 0.0402662 -0.501177
v 0.722115 0.0402712 -0.509604
v 0.727481 0.0402773 -0.518079
v 0.73278 0.0402828 -0.526588
v 0.731051 0.0402813 -0.523812
v 0.732784 0.0380432 -0.526589
v 0.733331 0.0392358 -0.527483
v 0.733897 0.0402842 -0.528408
v 0.73802 0.0402931 -0.535131
v 0.738049 0.0307954 -0.535124
v 0.737904 0.0305287 -0.534887
v 0.739638 0.0371946 -0.537773
v 0.74035 0.0402958 -0.538964
v 0.743223 0.0402974 -0.54369
v 0.743243 0.0345881 -0.543686
v 0.74256 0.0316005 -0.542541
v 0.744411 0.038015 -0.54564
v 0.745138 0.0403026 -0.546865
v 0.748392 0.0403084 -0.552257
v 0.748431 0.0316202 -0.552251
v 0.748168 0.0307902 -0.551805
v 0.753561 0.0373687 -0.560821
v 0.751513 0.0343041 -0.557387
v 0.753547 0.0403147 -0.560825
v 0.758729 0.0328565 -0.569389
v 0.757204 0.0332636 -0.566847
v 0.758681 0.0403262 -0.569391
v 0.763804 0.0403344 -0.577961
v 0.768906 0.0403459 -0.586533
v 0.773989 0.0403552 -0.595109
v 0.779026 0.0403636 -0.603648
v 0.783817 0.0403886 -0.611817
v 0.0117994 0.0500277 0.00941298
v 2.32488e-06 0.0500018 2.6806e-07
v 0.0216427 0.0447235 0.00754629
v 0.0210082 0.0406444 0.00767531
v 0.0216459 0.0500279 0.00753667
v 0.0226628 0.0489877 0.00733158
v 0.0225616 0.050025 0.00735202
v 0.0314663 0.0500236 0.00553871
v 0.0412433 0.0432017 0.00342191
v 0.0406974 0.0405483 0.00354277
v 0.0412581 0.0500208 0.00341015
v 0.0421039 0.0491489 0.00321615
v 0.042098 0.0500232 0.00321513
v 0.0510168 0.0500182 0.00115393
v 0.0539998 0.0469338 0.000426357
v 0.0536266 0.0500157 0.000515322
v 0.0607472 0.0500126 -0.00122649
v 0.0704461 0.0500121 -0.00373488
v 0.0746967 0.0455872 -0.00488924
v 0.0736357 0.0500121 -0.00460215
v 0.0801133 0.0500127 -0.00636498
v 0.089744 0.0500185 -0.00911504
v 0.0993468 0.0500208 -0.0119844
v 0.108908 0.0500277 -0.0149662
v 0.118439 0.0500306 -0.0180634
v 0.127926 0.0500377 -0.0212695
v 0.137382 0.0500402 -0.0245874
v 0.146799 0.0500467 -0.0280174
v 0.156176 0.0500485 -0.0315484
v 0.165516 0.0500499 -0.0351857
v 0.174815 0.0500507 -0.038926
v 0.184073 0.0500549 -0.0427711
v 0.18138 0.0500551 -0.0416541
v 0.184057 0.0478008 -0.0427648
v 0.193291 0.0500543 -0.0467136
v 0.202467 0.050057 -0.0507575
v 0.2116 0.0500589 -0.0548973
v 0.220693 0.0500558 -0.0591311
v 0.229742 0.0500602 -0.0634647
v 0.238745 0.0500598 -0.0678855
v 0.247705 0.0500627 -0.0724009
v 0.25662 0.0500649 -0.0770055
v 0.265492 0.0500664 -0.0816995
v 0.274319 0.0500673 -0.0864796
v 0.283101 0.0500677 -0.0913458
v 0.291834 0.0500717 -0.0962968
v 0.300521 0.0500754 -0.101331
v 0.309161 0.0500789 -0.106445
v 0.306637 0.0500748 -0.104948
v 0.309134 0.0472408 -0.106427
v 0.317759 0.0500784 -0.111639
v 0.326306 0.050082 -0.116913
v 0.334805 0.050086 -0.122263
v 0.343257 0.0500904 -0.12769
v 0.351666 0.0500917 -0.133191
v 0.360024 0.0500941 -0.138763
v 0.368335 0.0500976 -0.144409
v 0.376594 0.0501027 -0.150122
v 0.38481 0.0501059 -0.155906
v 0.392979 0.0501072 -0.161756
v 0.401096 0.0501111 -0.16767
v 0.409171 0.050114 -0.173652
v 0.417195 0.050116 -0.179693
v 0.425172 0.0501175 -0.185797
v 0.433101 0.0501225 -0.191965
v 0.440982 0.0501272 -0.198193
v 0.448817 0.0501274 -0.204479
v 0.4566 0.0501311 -0.210825
v 0.464336 0.0501342 -0.217232
v 0.47202 0.0501364 -0.223694
v 0.479653 0.0501413 -0.230218
v 0.487238 0.0501448 -0.236802
v 0.494771 0.0501465 -0.243444
v 0.502248 0.0501503 -0.250143
v 0.509676 0.0501523 -0.256901
v 0.517048 0.0501561 -0.263718
v 0.524367 0.0501619 -0.270594
v 0.531631 0.0501656 -0.277523
v 0.53884 0.0501672 -0.284508
v 0.545994 0.0501706 -0.291551
v 0.55309 0.0501758 -0.298648
v 0.560134 0.0501789 -0.305802
v 0.567118 0.0501838 -0.313009
v 0.574047 0.0501867 -0.320271
v 0.580917 0.0501915 -0.327587
v 0.587731 0.0501944 -0.334956
v 0.594488 0.0501992 -0.34238
v 0.601186 0.0502022 -0.349854
v 0.607821 0.0502074 -0.357378
v 0.614399 0.0502109 -0.364955
v 0.620918 0.0502168 -0.372585
v 0.627375 0.0502212 -0.380262
v 0.633773 0.0502241 -0.38799
v 0.640111 0.0502297 -0.39577
v 0.646383 0.050238 -0.403598
v 0.652597 0.0502414 -0.411472
v 0.658745 0.0502476 -0.419394
v 0.664834 0.0502529 -0.427367
v 0.670856 0.0502615 -0.435386
v 0.676816 0.0502654 -0.443448
v 0.682711 0.0502726 -0.451561
v 0.686566 0.043606 -0.456961
v 0.686561 0.0502781 -0.456948
v 0.688543 0.0502792 -0.45972
v 0.694308 0.0502853 -0.467922
v 0.700007 0.0502907 -0.47617
v 0.702097 0.0465523 -0.47925
v 0.702229 0.0502935 -0.479442
v 0.705639 0.0502955 -0.484463
v 0.711203 0.0503035 -0.492804
v 0.716696 0.0503071 -0.501183
v 0.722123 0.0503142 -0.509612
v 0.727484 0.0503184 -0.518083
v 0.729062 0.0473261 -0.520619
v 0.728106 0.0503198 -0.519085
v 0.732779 0.0503221 -0.526589
v 0.735201 0.0456907 -0.530537
v 0.736399 0.050326 -0.53249
v 0.738016 0.0503309 -0.535128
v 0.740867 0.0448326 -0.539817
v 0.741558 0.050333 -0.540959
v 0.743212 0.0503338 -0.54368
v 0.745975 0.0449854 -0.548254
v 0.747239 0.0503394 -0.550355
v 0.748377 0.0503433 -0.552244
v 0.753523 0.0503518 -0.560807
v 0.758653 0.050361 -0.569372
v 0.763767 0.0503712 -0.577938
v 0.768865 0.0503816 -0.586506
v 0.773943 0.050391 -0.595075
v 0.77898 0.0504042 -0.603614
v 0.783812 0.0504266 -0.611838
v 0.0118041 0.0600399 0.0093978
v 3.82838e-06 0.0600052 -3.69141e-06
v 0.0216545 0.0600474 0.00751823
v 0.0166077 0.0600427 0.00848249
v 0.0216442 0.0512846 0.00753683
v 0.0314748 0.0600535 0.00551425
v 0.0309249 0.0600516 0.00562592
v 0.0314762 0.0592424 0.00551732
v 0.0318136 0.059704 0.00544367
v 0.0318493 0.0600496 0.00543393
v 0.0412713 0.0600512 0.003379
v 0.0428844 0.0583861 0.00301449
v 0.0428897 0.0600514 0.0030053
v 0.0510372 0.0600455 0.00111889
v 0.053657 0.0573397 0.000485058
v 0.053787 0.0600461 0.000443998
v 0.0607721 0.0600409 -0.00126742
v 0.0704738 0.0600378 -0.00377556
v 0.0743395 0.0560196 -0.0048157
v 0.0751905 0.0600394 -0.00506047
v 0.0801451 0.0600401 -0.00641081
v 0.0897837 0.0600394 -0.00916165
v 0.0993827 0.0600437 -0.0120285
v 0.108952 0.0600486 -0.0150163
v 0.118485 0.0600497 -0.0181122
v 0.127976 0.0600551 -0.0213202
v 0.137434 0.0600605 -0.0246417
v 0.146854 0.0600617 -0.0280675
v 0.156237 0.0600667 -0.0316052
v 0.16558 0.0600672 -0.0352436
v 0.174882 0.0600674 -0.0389846
v 0.184089 0.0522548 -0.0427842
v 0.182929 0.0513029 -0.0423013
v 0.184143 0.0600712 -0.0428303
v 0.188126 0.055711 -0.0445213
v 0.193127 0.0600704 -0.0466721
v 0.193362 0.0600743 -0.0467752
v 0.202542 0.0600728 -0.0508173
v 0.211681 0.0600746 -0.0549607
v 0.220773 0.0600756 -0.0591965
v 0.229823 0.0600801 -0.06353
v 0.238831 0.0600799 -0.067954
v 0.247792 0.0600831 -0.0724691
v 0.256711 0.0600856 -0.0770768
v 0.265583 0.0600875 -0.0817703
v 0.274413 0.060089 -0.0865533
v 0.283194 0.0600899 -0.0914189
v 0.29193 0.0600946 -0.0963728
v 0.300619 0.060095 -0.101404
v 0.309192 0.0528583 -0.106467
v 0.307944 0.0515061 -0.105725
v 0.30926 0.0600993 -0.10652
v 0.312422 0.0563706 -0.108426
v 0.315922 0.0601004 -0.110547
v 0.317855 0.0601036 -0.111716
v 0.326406 0.0601043 -0.11699
v 0.334906 0.0601093 -0.122343
v 0.343362 0.060111 -0.12777
v 0.351768 0.0601136 -0.133271
v 0.360127 0.0601172 -0.138845
v 0.368435 0.0601223 -0.14449
v 0.3767 0.0601251 -0.150206
v 0.384916 0.060126 -0.155987
v 0.393085 0.0601293 -0.161839
v 0.401203 0.0601353 -0.167754
v 0.409276 0.0601364 -0.173733
v 0.4173 0.0601408 -0.179776
v 0.425277 0.0601446 -0.185882
v 0.433208 0.060148 -0.19205
v 0.441087 0.0601511 -0.198275
v 0.448921 0.0601537 -0.204563
v 0.456705 0.0601559 -0.210909
v 0.464437 0.0601613 -0.217315
v 0.472123 0.0601657 -0.223783
v 0.479757 0.060169 -0.230307
v 0.487338 0.0601711 -0.236889
v 0.494867 0.0601755 -0.24353
v 0.502345 0.0601782 -0.25023
v 0.509771 0.0601832 -0.25699
v 0.51714 0.0601862 -0.263804
v 0.524456 0.0601913 -0.270677
v 0.53172 0.0601945 -0.277607
v 0.53893 0.0601957 -0.284593
v 0.546079 0.0602027 -0.291634
v 0.553178 0.0602038 -0.29873
v 0.560217 0.0602109 -0.305884
v 0.567202 0.060212 -0.313089
v 0.574127 0.060219 -0.320351
v 0.580996 0.0602202 -0.327662
v 0.587805 0.0602275 -0.33503
v 0.594561 0.060229 -0.34245
v 0.601254 0.0602367 -0.349924
v 0.607891 0.0602389 -0.357447
v 0.614464 0.0602473 -0.365023
v 0.620979 0.0602504 -0.372646
v 0.627436 0.060256 -0.380325
v 0.633832 0.0602604 -0.38805
v 0.640164 0.0602676 -0.395825
v 0.646435 0.0602737 -0.403649
v 0.652646 0.0602788 -0.411521
v 0.658792 0.0602871 -0.419442
v 0.664877 0.0602907 -0.427408
v 0.670899 0.0602977 -0.435423
v 0.676856 0.0603041 -0.443483
v 0.682746 0.060314 -0.451591
v 0.686558 0.0537165 -0.456936
v 0.686515 0.0603161 -0.45686
v 0.688575 0.0603195 -0.459743
v 0.69434 0.0603247 -0.467943
v 0.700036 0.0603334 -0.476189
v 0.702079 0.0566729 -0.479204
v 0.701918 0.0603349 -0.47896
v 0.705665 0.0603375 -0.484475
v 0.711226 0.0603451 -0.49281
v 0.71672 0.0603481 -0.501187
v 0.722143 0.0603547 -0.50961
v 0.727498 0.0603584 -0.518072
v 0.729286 0.0569588 -0.520958
v 0.730859 0.0603634 -0.523474
v 0.732794 0.0603619 -0.526576
v 0.734868 0.0563758 -0.529973
v 0.733787 0.0603657 -0.528198
v 0.738027 0.0603672 -0.535104
v 0.741 0.0546166 -0.540022
v 0.74058 0.060369 -0.539302
v 0.743224 0.0603712 -0.543653
v 0.746966 0.053084 -0.549895
v 0.747094 0.0603747 -0.550061
v 0.74839 0.0603777 -0.552207
v 0.753535 0.0603828 -0.560763
v 0.758662 0.0603918 -0.569323
v 0.76377 0.0604013 -0.577882
v 0.768863 0.0604152 -0.586448
v 0.773939 0.0604249 -0.595011
v 0.778978 0.0604386 -0.603548
v 0.783849 0.0604626 -0.611829
v 0.011805 0.0635931 0.00939518
v 0.00761271 0.0635775 0.0060629
v 4.28224e-07 0.0700062 -4.48156e-07
v 0.0118067 0.0700544 0.00938488
v 4.31348e-06 0.0635529 -1.46444e-06
v 0.0216585 0.0700728 0.00749977
v 0.0133577 0.070057 0.00908976
v 0.0216563 0.0655924 0.00750644
v 0.0118041 0.0632154 0.00939297
v 0.0314821 0.0700807 0.00548144
v 0.0340712 0.0674261 0.00492764
v 0.0338889 0.0700783 0.00495516
v 0.0412842 0.0700767 0.00333451
v 0.042101 0.0692339 0.00315122
v 0.0421194 0.0700754 0.00314033
v 0.05105 0.0700739 0.00106466
v 0.0539499 0.0670819 0.000368001
v 0.0544552 0.0700746 0.000224806
v 0.0607875 0.0700689 -0.00132845
v 0.0704957 0.070066 -0.00384638
v 0.080162 0.0673679 -0.00646088
v 0.0769454 0.0633642 -0.00555992
v 0.0801686 0.070065 -0.00648158
v 0.0814964 0.0686786 -0.00685042
v 0.0832942 0.0700631 -0.00737385
v 0.0898103 0.0700655 -0.00923763
v 0.0994144 0.0700671 -0.0121073
v 0.108985 0.0700697 -0.0150939
v 0.11852 0.070073 -0.0181939
v 0.128019 0.0700727 -0.0214016
v 0.137481 0.0700766 -0.0247246
v 0.146903 0.0700809 -0.0281535
v 0.156288 0.0700809 -0.0316865
v 0.165633 0.0700849 -0.0353275
v 0.174939 0.0700847 -0.0390689
v 0.184203 0.0700881 -0.0429149
v 0.193365 0.0601472 -0.0467753
v 0.19331 0.0601315 -0.0467536
v 0.193426 0.0700912 -0.0468598
v 0.202565 0.0632425 -0.0508466
v 0.200369 0.0624629 -0.0498741
v 0.20261 0.0700937 -0.0509072
v 0.211724 0.0665362 -0.0550155
v 0.207316 0.0648937 -0.0530081
v 0.211748 0.0700957 -0.0550468
v 0.220845 0.0700141 -0.0592841
v 0.214156 0.0674202 -0.0561526
v 0.220842 0.070097 -0.0592822
v 0.220901 0.0700344 -0.0593103
v 0.221053 0.0700964 -0.0593827
v 0.229899 0.0700979 -0.0636166
v 0.238907 0.0701023 -0.0680419
v 0.247874 0.070102 -0.0725577
v 0.256794 0.0701052 -0.0771645
v 0.265667 0.0701078 -0.0818572
v 0.274497 0.0701101 -0.0866392
v 0.283282 0.070112 -0.0915072
v 0.292017 0.0701176 -0.0964599
v 0.300709 0.070119 -0.101493
v 0.309355 0.0701205 -0.10661
v 0.317866 0.0609814 -0.111725
v 0.317326 0.0607286 -0.111398
v 0.317952 0.0701262 -0.111808
v 0.326452 0.0648542 -0.117035
v 0.323532 0.0635089 -0.115227
v 0.326501 0.0701281 -0.117081
v 0.33499 0.0686515 -0.12242
v 0.329718 0.0662925 -0.119092
v 0.335006 0.0701307 -0.122433
v 0.335908 0.0690479 -0.12301
v 0.338392 0.0701315 -0.124606
v 0.34346 0.0701339 -0.127859
v 0.351868 0.0701381 -0.133361
v 0.360226 0.0701396 -0.138932
v 0.368541 0.0701425 -0.14458
v 0.376804 0.0701473 -0.150294
v 0.38502 0.0701503 -0.156077
v 0.393189 0.0701517 -0.161925
v 0.401309 0.0701561 -0.16784
v 0.409383 0.0701597 -0.173821
v 0.417409 0.0701626 -0.179863
v 0.425382 0.0701688 -0.185967
v 0.433312 0.0701708 -0.192132
v 0.441194 0.0701762 -0.198362
v 0.449026 0.0701774 -0.204646
v 0.456809 0.0701819 -0.210994
v 0.464542 0.0701857 -0.2174
v 0.472225 0.0701887 -0.223866
v 0.479857 0.0701945 -0.230392
v 0.487438 0.0701991 -0.236976
v 0.494967 0.0702023 -0.243618
v 0.502445 0.070204 -0.250318
v 0.509868 0.070208 -0.257075
v 0.517236 0.0702142 -0.263891
v 0.524549 0.0702186 -0.270761
v 0.531813 0.0702212 -0.277692
v 0.539018 0.0702259 -0.284676
v 0.546168 0.0702327 -0.291718
v 0.553261 0.0702376 -0.298814
v 0.560298 0.0702406 -0.305962
v 0.567279 0.0702458 -0.313167
v 0.574206 0.0702491 -0.320427
v 0.581073 0.0702546 -0.327741
v 0.587881 0.0702584 -0.335105
v 0.594631 0.0702645 -0.342524
v 0.601323 0.070269 -0.349993
v 0.607958 0.0702721 -0.357514
v 0.61453 0.0702776 -0.365086
v 0.621043 0.0702858 -0.372712
v 0.627494 0.0702928 -0.380385
v 0.633887 0.0702986 -0.388108
v 0.640218 0.0703035 -0.395879
v 0.646486 0.0703113 -0.403701
v 0.652697 0.0703145 -0.41157
v 0.65884 0.0703249 -0.419488
v 0.664923 0.0703308 -0.427452
v 0.670941 0.0703364 -0.435461
v 0.676896 0.0703455 -0.443519
v 0.682788 0.0703505 -0.451621
v 0.686614 0.063722 -0.45699
v 0.686787 0.0703593 -0.457218
v 0.688611 0.0703593 -0.459768
v 0.694371 0.070368 -0.467962
v 0.70007 0.0703727 -0.476202
v 0.701827 0.0672219 -0.478802
v 0.701644 0.0703762 -0.47852
v 0.705698 0.0703811 -0.484486
v 0.711258 0.0703853 -0.492811
v 0.716751 0.070393 -0.501186
v 0.722175 0.0703966 -0.5096
v 0.727531 0.0704011 -0.518057
v 0.732796 0.0620535 -0.52657
v 0.731984 0.0619053 -0.525266
v 0.732823 0.070402 -0.526549
v 0.738061 0.070406 -0.535069
v 0.736307 0.0704028 -0.532212
v 0.738053 0.0673823 -0.535082
v 0.743262 0.0704058 -0.543604
v 0.74284 0.0704072 -0.542913
v 0.743257 0.0691082 -0.543611
v 0.748433 0.0704118 -0.55215
v 0.75358 0.0704157 -0.560695
v 0.758706 0.0704268 -0.569247
v 0.763817 0.0704335 -0.577801
v 0.768905 0.0704481 -0.586357
v 0.77398 0.0704588 -0.594914
v 0.77902 0.0704732 -0.603449
v 0.783931 0.0704977 -0.611792
v 0.783686 0.0704968 -0.611376
v 0.783923 0.0697646 -0.611794
v 0.0118052 0.0703814 0.00938712
v 0.0114182 0.0703802 0.00907941
v 0.00582477 0.0750959 0.00462949
v 0.0118056 0.0751325 0.00938078
v 0.000228371 0.0798168 0.000177105
v 0.0118091 0.0798795 0.0093753
v 3.16634e-06 0.0800047 -7.86775e-07
v 0.0118087 0.0800718 0.00937505
v 1.9422e-06 0.0798163 -2.46369e-06
v 2.46355e-06 0.0750729 -5.64092e-07
v 1.88213e-06 0.0703338 -1.95882e-06
v 0.0216619 0.0767113 0.00747841
v 0.0163387 0.0754723 0.00851372
v 0.021659 0.0800992 0.00747069
v 0.0118083 0.0770386 0.00937974
v 0.0118069 0.070593 0.00938539
v 0.0244838 0.0772173 0.00690012
v 0.0244525 0.0800979 0.00689267
v 0.031493 0.0801033 0.00543182
v 0.0338245 0.0777159 0.00493236
v 0.0339509 0.0801028 0.00489129
v 0.0412934 0.0801035 0.00326745
v 0.0427191 0.0786383 0.00294524
v 0.0432114 0.0801065 0.00281878
v 0.0510606 0.0801018 0.000983201
v 0.0563609 0.0746344 -0.00027594
v 0.0589179 0.0800979 -0.000956627
v 0.060799 0.0800951 -0.00141759
v 0.0705091 0.0800915 -0.00394217
v 0.0801843 0.0800905 -0.00658339
v 0.0898165 0.0731343 -0.00926856
v 0.0877147 0.0722449 -0.00865751
v 0.0898306 0.0800875 -0.00934276
v 0.0994292 0.0759791 -0.012171
v 0.0948884 0.0747998 -0.0108025
v 0.0994394 0.0800862 -0.0122152
v 0.109005 0.077729 -0.0151767
v 0.102672 0.0766947 -0.0131898
v 0.109013 0.0800904 -0.0152063
v 0.118549 0.0789016 -0.0182915
v 0.110958 0.0780408 -0.0158175
v 0.118549 0.0800916 -0.0183047
v 0.128051 0.0798986 -0.0215142
v 0.119548 0.0790354 -0.0186316
v 0.128051 0.0800936 -0.021516
v 0.128216 0.0799186 -0.0215722
v 0.129832 0.0800919 -0.0221405
v 0.137516 0.0800921 -0.0248346
v 0.146943 0.0800954 -0.0282644
v 0.15633 0.0800987 -0.0318
v 0.165681 0.0800982 -0.0354392
v 0.174989 0.0801017 -0.0391827
v 0.184257 0.0801051 -0.0430285
v 0.193483 0.0801083 -0.046973
v 0.202667 0.0801111 -0.0510164
v 0.211808 0.0801135 -0.0551553
v 0.220908 0.0801154 -0.0593933
v 0.22991 0.0722067 -0.0636379
v 0.228363 0.0718084 -0.0628951
v 0.229964 0.0801169 -0.0637233
v 0.238936 0.0744597 -0.0680856
v 0.235768 0.0736169 -0.0665245
v 0.238974 0.080122 -0.0681475
v 0.247919 0.0768055 -0.0726277
v 0.243089 0.0754919 -0.070188
v 0.247943 0.0801226 -0.0726621
v 0.256862 0.0792294 -0.0772599
v 0.250332 0.0774176 -0.0738773
v 0.256868 0.0801268 -0.0772711
v 0.257505 0.0793979 -0.0776012
v 0.260081 0.0801257 -0.0789669
v 0.265745 0.0801305 -0.0819658
v 0.274578 0.0801299 -0.0867443
v 0.283363 0.080133 -0.0916108
v 0.2921 0.0801359 -0.0965599
v 0.300795 0.0801389 -0.101595
v 0.309441 0.0801418 -0.10671
v 0.318039 0.0801451 -0.111904
v 0.326591 0.0801488 -0.117178
v 0.335095 0.0801531 -0.122529
v 0.343472 0.0715278 -0.127871
v 0.342524 0.0712554 -0.127263
v 0.343553 0.0801543 -0.127954
v 0.351904 0.0739101 -0.133398
v 0.349374 0.073142 -0.13174
v 0.351965 0.0801566 -0.133456
v 0.36029 0.0764551 -0.138994
v 0.356148 0.0750878 -0.136231
v 0.360325 0.0801602 -0.139028
v 0.368627 0.0792424 -0.144661
v 0.362801 0.0771408 -0.140702
v 0.368638 0.0801653 -0.144674
v 0.36926 0.079401 -0.145101
v 0.371247 0.0801672 -0.146478
v 0.376901 0.0801684 -0.150384
v 0.38512 0.0801697 -0.156166
v 0.39329 0.0801737 -0.162016
v 0.401412 0.0801767 -0.16793
v 0.409484 0.0801827 -0.173908
v 0.417512 0.0801843 -0.17995
v 0.425488 0.0801892 -0.186053
v 0.433417 0.0801937 -0.192219
v 0.441297 0.0801977 -0.198445
v 0.449128 0.0802013 -0.204732
v 0.456912 0.0802043 -0.21108
v 0.464644 0.0802106 -0.217488
v 0.472328 0.0802122 -0.223953
v 0.479958 0.0802166 -0.230477
v 0.487536 0.0802239 -0.237062
v 0.495062 0.0802259 -0.243701
v 0.502539 0.0802305 -0.250403
v 0.509957 0.0802374 -0.257159
v 0.517327 0.0802389 -0.263974
v 0.524638 0.0802465 -0.270846
v 0.5319 0.0802486 -0.277773
v 0.539105 0.0802529 -0.284758
v 0.546251 0.0802594 -0.291798
v 0.553345 0.0802641 -0.298893
v 0.560382 0.0802671 -0.306042
v 0.56736 0.0802723 -0.313244
v 0.574281 0.0802798 -0.320504
v 0.581147 0.0802818 -0.327813
v 0.587954 0.08029 -0.335179
v 0.594703 0.0802928 -0.342593
v 0.601392 0.0802981 -0.350061
v 0.608021 0.0803059 -0.357581
v 0.614593 0.0803126 -0.365154
v 0.621102 0.080318 -0.372772
v 0.627555 0.0803224 -0.380444
v 0.633945 0.0803297 -0.388165
v 0.640273 0.0803363 -0.395934
v 0.646541 0.0803421 -0.403751
v 0.652743 0.0803512 -0.411617
v 0.658886 0.0803598 -0.419531
v 0.664965 0.0803643 -0.427488
v 0.670981 0.0803725 -0.435494
v 0.676935 0.0803806 -0.443548
v 0.682825 0.0803888 -0.451648
v 0.686813 0.0734796 -0.457245
v 0.686784 0.0803935 -0.457183
v 0.688649 0.0803973 -0.459791
v 0.694409 0.080406 -0.46798
v 0.700103 0.0804112 -0.476209
v 0.701043 0.0787302 -0.477598
v 0.700797 0.0804107 -0.477228
v 0.705731 0.0804207 -0.484488
v 0.711294 0.0804266 -0.492807
v 0.710878 0.0804236 -0.492181
v 0.711289 0.0789726 -0.492808
v 0.716749 0.0704286 -0.501183
v 0.716515 0.0708251 -0.500825
v 0.71679 0.0804287 -0.501168
v 0.722176 0.0710287 -0.509596
v 0.721682 0.0713106 -0.508827
v 0.722215 0.0804349 -0.509575
v 0.727543 0.0735727 -0.518044
v 0.725815 0.0736384 -0.515316
v 0.727578 0.0804345 -0.518023
v 0.732838 0.0733817 -0.526537
v 0.730986 0.0739181 -0.523562
v 0.731693 0.0804379 -0.524617
v 0.732872 0.0800933 -0.526506
v 0.732875 0.080435 -0.526505
v 0.738094 0.0756912 -0.535041
v 0.733195 0.0798177 -0.527035
v 0.738121 0.0804359 -0.535013
v 0.743329 0.0804376 -0.543536
v 0.741076 0.0804385 -0.539851
v 0.743314 0.078446 -0.543551
v 0.748477 0.0765783 -0.552096
v 0.744893 0.0773643 -0.546174
v 0.748506 0.0804416 -0.552066
v 0.75364 0.078036 -0.560623
v 0.750611 0.0762801 -0.555645
v 0.753659 0.0804465 -0.5606
v 0.754752 0.0782785 -0.562474
v 0.75676 0.0804513 -0.565761
v 0.758793 0.0804534 -0.569142
v 0.7639 0.080463 -0.577682
v 0.768993 0.0804757 -0.586232
v 0.774066 0.0804884 -0.594782
v 0.779109 0.0805076 -0.603319
v 0.783183 0.0720477 -0.610479
v 0.781007 0.0805157 -0.60654
v 0.784059 0.0805283 -0.611718
v 0.0118038 0.0884665 0.00934265
v 0.00192744 0.0883892 0.00152499
v 2.9323e-06 0.0900045 5.66486e-07
v 0.0118033 0.0900991 0.0093383
v 4.70453e-06 0.0883759 -2.8713e-06
v 0.0151813 0.0866715 0.00869879
v 0.0175315 0.0901101 0.00822242
v 0.0216682 0.0901194 0.0074164
v 0.0216651 0.0868167 0.00743356
v 0.0189514 0.0828453 0.007985
v 0.0118064 0.0863973 0.00935058
v 0.0118067 0.0822626 0.00936759
v 0.0233474 0.0884065 0.00707774
v 0.0232531 0.0901194 0.00708454
v 0.0277338 0.0901255 0.00614551
v 0.0281088 0.0835539 0.00611472
v 0.0314954 0.0901291 0.00535597
v 0.0330396 0.0885494 0.0050268
v 0.0331893 0.0901301 0.0049786
v 0.0412928 0.0901325 0.0031735
v 0.0441238 0.0872264 0.00253744
v 0.0451434 0.0901311 0.00226702
v 0.0510636 0.0901309 0.000870754
v 0.0608024 0.0835491 -0.00146369
v 0.0594394 0.0814978 -0.00109874
v 0.0608058 0.0901218 -0.00154157
v 0.0639183 0.0869037 -0.0023115
v 0.0682653 0.0901206 -0.00348704
v 0.0705169 0.0901167 -0.00407323
v 0.0801938 0.0901151 -0.00672063
v 0.0898388 0.0901124 -0.00948194
v 0.0994523 0.0901079 -0.0123572
v 0.109031 0.0901093 -0.0153505
v 0.118572 0.0901084 -0.0184507
v 0.128075 0.0901087 -0.0216599
v 0.137518 0.0807168 -0.0248466
v 0.136972 0.0806707 -0.0246538
v 0.137543 0.09011 -0.0249815
v 0.14695 0.0816234 -0.028288
v 0.145644 0.0814794 -0.0278097
v 0.146977 0.0901082 -0.0284098
v 0.156339 0.08271 -0.0318363
v 0.154163 0.082419 -0.0310147
v 0.156365 0.090111 -0.0319421
v 0.165693 0.0839841 -0.0354924
v 0.162524 0.0834922 -0.0342554
v 0.165715 0.0901141 -0.0355799
v 0.175011 0.0854547 -0.0392577
v 0.170729 0.0847005 -0.0375264
v 0.17503 0.0901135 -0.0393211
v 0.184287 0.0871222 -0.0431231
v 0.178778 0.0860493 -0.040828
v 0.184302 0.090117 -0.0431663
v 0.193523 0.0889842 -0.047092
v 0.186672 0.0875316 -0.0441476
v 0.193528 0.0901204 -0.0471067
v 0.194417 0.0891481 -0.0474875
v 0.198707 0.0901199 -0.0493843
v 0.202716 0.0901237 -0.0511492
v 0.211863 0.0901268 -0.0552904
v 0.220963 0.0901294 -0.0595237
v 0.230022 0.0901319 -0.0638523
v 0.23904 0.090134 -0.0682764
v 0.248009 0.0901397 -0.0727914
v 0.256934 0.0901411 -0.0773933
v 0.265754 0.081673 -0.0819802
v 0.264684 0.081332 -0.0814129
v 0.265812 0.0901462 -0.0820863
v 0.274606 0.0842553 -0.0867961
v 0.271788 0.0833167 -0.0852626
v 0.27465 0.090147 -0.0868664
v 0.283412 0.0870382 -0.0916923
v 0.278755 0.0854266 -0.0891026
v 0.283436 0.0901515 -0.0917309
v 0.292178 0.0900414 -0.0966778
v 0.28558 0.0876728 -0.0929264
v 0.292179 0.0901522 -0.0966794
v 0.292253 0.0900671 -0.0967236
v 0.292494 0.0901515 -0.0968615
v 0.300874 0.0901568 -0.101713
v 0.309522 0.0901577 -0.106823
v 0.318124 0.0901629 -0.112019
v 0.326678 0.0901646 -0.117289
v 0.335186 0.0901671 -0.122638
v 0.343643 0.0901705 -0.128061
v 0.352056 0.0901712 -0.133558
v 0.360418 0.0901772 -0.139131
v 0.368734 0.0901769 -0.14477
v 0.376931 0.0831865 -0.150414
v 0.375304 0.0821256 -0.149287
v 0.377001 0.0901826 -0.150485
v 0.385205 0.0885548 -0.156249
v 0.381036 0.0852053 -0.153307
v 0.385219 0.0901866 -0.156265
v 0.38614 0.0890434 -0.15692
v 0.387136 0.0901853 -0.157634
v 0.393388 0.0901892 -0.162109
v 0.401513 0.0901909 -0.168023
v 0.409587 0.0901958 -0.174
v 0.417613 0.0902 -0.180039
v 0.42559 0.0902036 -0.186142
v 0.433521 0.0902067 -0.192307
v 0.441401 0.0902132 -0.198535
v 0.449234 0.0902153 -0.204821
v 0.457013 0.0902207 -0.211167
v 0.464746 0.0902256 -0.217575
v 0.472429 0.0902296 -0.224042
v 0.480059 0.0902328 -0.230566
v 0.487635 0.0902387 -0.237148
v 0.495162 0.0902435 -0.243792
v 0.502636 0.090247 -0.250491
v 0.510054 0.0902529 -0.257248
v 0.517419 0.0902575 -0.264061
v 0.524732 0.0902605 -0.270931
v 0.531988 0.0902659 -0.277858
v 0.539194 0.0902697 -0.284843
v 0.54634 0.0902758 -0.291882
v 0.55343 0.0902803 -0.298975
v 0.560462 0.0902871 -0.306123
v 0.567442 0.0902885 -0.313324
v 0.57436 0.0902961 -0.32058
v 0.581224 0.0903023 -0.327892
v 0.588029 0.090307 -0.335254
v 0.594775 0.0903104 -0.342666
v 0.60146 0.0903164 -0.35013
v 0.60809 0.0903251 -0.357652
v 0.614657 0.0903289 -0.365216
v 0.621166 0.0903355 -0.372836
v 0.627613 0.0903412 -0.380502
v 0.634 0.0903499 -0.388221
v 0.640327 0.0903542 -0.395986
v 0.646592 0.0903618 -0.403801
v 0.652793 0.090369 -0.411662
v 0.658933 0.0903799 -0.419575
v 0.66501 0.0903868 -0.427529
v 0.671025 0.0903938 -0.435531
v 0.676976 0.090401 -0.443578
v 0.682864 0.0904125 -0.451675
v 0.688683 0.0895614 -0.459808
v 0.687206 0.0828931 -0.457767
v 0.688688 0.0904208 -0.459813
v 0.688792 0.090237 -0.459961
v 0.688827 0.0904175 -0.460007
v 0.694448 0.090426 -0.467993
v 0.700143 0.090436 -0.476221
v 0.701628 0.0877707 -0.478417
v 0.701776 0.0904376 -0.478618
v 0.705773 0.0904431 -0.484489
v 0.710916 0.0811123 -0.492234
v 0.710369 0.0904465 -0.49135
v 0.711339 0.0904476 -0.492799
v 0.716838 0.0904534 -0.501152
v 0.722272 0.0904565 -0.509547
v 0.717706 0.0904529 -0.502491
v 0.722233 0.0829667 -0.50957
v 0.727586 0.0817407 -0.518017
v 0.726366 0.0827217 -0.516089
v 0.725926 0.0904576 -0.515288
v 0.727633 0.0890836 -0.517985
v 0.727642 0.0904579 -0.517982
v 0.732918 0.0861201 -0.526475
v 0.7285 0.0888107 -0.519382
v 0.732951 0.0904531 -0.526448
v 0.738137 0.0825478 -0.534998
v 0.736593 0.0833969 -0.532484
v 0.736458 0.090453 -0.532112
v 0.7382 0.0894962 -0.534948
v 0.738207 0.0904538 -0.534939
v 0.743407 0.0884149 -0.543461
v 0.738986 0.0889298 -0.536245
v 0.743427 0.0904519 -0.543444
v 0.744576 0.0881893 -0.545392
v 0.747661 0.0904561 -0.550394
v 0.748615 0.0904558 -0.551957
v 0.753781 0.0904592 -0.56048
v 0.75882 0.0826638 -0.569112
v 0.758124 0.0817851 -0.567986
v 0.758917 0.0904674 -0.569007
v 0.763984 0.0866737 -0.577594
v 0.761744 0.0847907 -0.57393
v 0.76403 0.0904771 -0.577539
v 0.769096 0.0884075 -0.586109
v 0.765753 0.0870057 -0.580554
v 0.769125 0.0904892 -0.586077
v 0.774163 0.0877927 -0.594663
v 0.770454 0.0877961 -0.588418
v 0.774199 0.0905003 -0.594616
v 0.779138 0.0826145 -0.603283
v 0.777496 0.0837905 -0.600459
v 0.779247 0.0905205 -0.603154
v 0.784236 0.0905411 -0.611614
v 0.011193 0.100178 0.00938869
v 0.00110937 0.10012 0.00980346
v 0.0134234 0.0980374 0.00896712
v 0.0139437 0.10018 0.00884726
v 0.0177871 0.100181 0.00809058
v 0.016539 0.0950434 0.0083831
v 0.0209803 0.100185 0.00746315
v 0.0211222 0.0981122 0.00745123
v 0.0196533 0.0920529 0.00779693
v 0.0117688 0.0906817 0.00933737
v 0.0114326 0.0962153 0.00936664
v 0.021569 0.0996252 0.0073419
v 0.021507 0.100184 0.00735033
v 0.0246192 0.100189 0.00669551
v 0.0250675 0.0962772 0.00664334
v 0.0277323 0.100194 0.00603881
v 0.028563 0.0929366 0.00594048
v 0.0307528 0.100198 0.00540021
v 0.0311605 0.099807 0.00531529
v 0.0310949 0.100198 0.00532403
v 0.0404952 0.100196 0.00322247
v 0.0435655 0.0972697 0.00254132
v 0.0432063 0.100196 0.00258205
v 0.0502106 0.100191 0.000929869
v 0.0598992 0.100181 -0.00147114
v 0.070141 0.0940774 -0.00404
v 0.0687172 0.091823 -0.00363295
v 0.0695635 0.100168 -0.00398575
v 0.0726177 0.0972803 -0.00477133
v 0.0770578 0.100161 -0.00603225
v 0.0792014 0.100156 -0.00661619
v 0.0888002 0.10015 -0.00935421
v 0.0983727 0.100142 -0.0122086
v 0.107909 0.100134 -0.0151688
v 0.117414 0.100129 -0.0182441
v 0.126884 0.100122 -0.0214253
v 0.136317 0.100118 -0.0247146
v 0.145714 0.100115 -0.0281118
v 0.155078 0.10011 -0.0316152
v 0.164399 0.10011 -0.035222
v 0.173685 0.100107 -0.0389315
v 0.182931 0.100105 -0.0427423
v 0.192139 0.100104 -0.0466547
v 0.202449 0.0920249 -0.0510584
v 0.201362 0.0914014 -0.0505745
v 0.201305 0.100104 -0.0506652
v 0.2109 0.0968389 -0.054941
v 0.207211 0.0945205 -0.0532513
v 0.210427 0.100104 -0.0547704
v 0.212756 0.0978984 -0.0558205
v 0.215978 0.100102 -0.0573398
v 0.219512 0.1001 -0.0589721
v 0.228554 0.1001 -0.0632706
v 0.237554 0.100101 -0.0676642
v 0.24651 0.100098 -0.0721443
v 0.255426 0.100099 -0.0767217
v 0.264295 0.100096 -0.0813823
v 0.273119 0.100098 -0.0861338
v 0.281899 0.100096 -0.0909687
v 0.290635 0.100094 -0.0958892
v 0.2961 0.0947885 -0.0989956
v 0.299117 0.100091 -0.100772
v 0.299328 0.100092 -0.100896
v 0.307971 0.100091 -0.105981
v 0.316572 0.100087 -0.111147
v 0.325124 0.100088 -0.116394
v 0.33363 0.100086 -0.121716
v 0.342091 0.100085 -0.127117
v 0.350507 0.100082 -0.132593
v 0.358875 0.10008 -0.138142
v 0.367192 0.10008 -0.14376
v 0.375468 0.100079 -0.149454
v 0.383693 0.100075 -0.155213
v 0.386058 0.0976642 -0.156897
v 0.385479 0.100078 -0.156489
v 0.391872 0.100075 -0.161042
v 0.400004 0.100077 -0.166941
v 0.408088 0.100075 -0.172901
v 0.416125 0.100076 -0.178928
v 0.424118 0.100073 -0.185019
v 0.43206 0.100073 -0.191172
v 0.439953 0.100076 -0.197391
v 0.447799 0.100075 -0.203668
v 0.455596 0.100073 -0.210007
v 0.463341 0.100075 -0.216406
v 0.471039 0.100076 -0.222867
v 0.478684 0.100076 -0.229385
v 0.486283 0.100075 -0.235967
v 0.493826 0.100076 -0.242605
v 0.50132 0.100077 -0.249305
v 0.508761 0.100076 -0.256061
v 0.516147 0.100078 -0.262875
v 0.52348 0.100078 -0.269746
v 0.530761 0.100076 -0.276676
v 0.537986 0.100077 -0.283662
v 0.545155 0.10008 -0.290706
v 0.552273 0.100078 -0.297805
v 0.559331 0.100082 -0.304962
v 0.566336 0.10008 -0.312171
v 0.573281 0.100081 -0.319434
v 0.58017 0.100084 -0.326755
v 0.587002 0.100085 -0.334129
v 0.593775 0.100085 -0.341554
v 0.600492 0.100087 -0.349035
v 0.60715 0.100089 -0.356567
v 0.613745 0.100092 -0.364151
v 0.620281 0.100095 -0.371785
v 0.626761 0.100096 -0.379472
v 0.633178 0.100097 -0.387207
v 0.639532 0.1001 -0.394992
v 0.645829 0.100103 -0.40283
v 0.652061 0.10011 -0.410715
v 0.658231 0.100111 -0.418646
v 0.66434 0.100117 -0.426629
v 0.670387 0.100119 -0.434655
v 0.67637 0.100124 -0.442731
v 0.682288 0.100127 -0.450848
v 0.688147 0.100129 -0.459015
v 0.689819 0.0975552 -0.461398
v 0.690354 0.10013 -0.462144
v 0.693939 0.100133 -0.467224
v 0.69967 0.100138 -0.475481
v 0.702408 0.0957904 -0.479521
v 0.702985 0.100138 -0.480336
v 0.705337 0.10014 -0.483781
v 0.71102 0.0981622 -0.492258
v 0.710505 0.0917952 -0.491546
v 0.71094 0.10014 -0.492119
v 0.711142 0.0998103 -0.492431
v 0.711141 0.100142 -0.492426
v 0.716479 0.100142 -0.500503
v 0.71778 0.0979697 -0.502533
v 0.717519 0.100141 -0.502102
v 0.721956 0.10014 -0.508924
v 0.725248 0.0945323 -0.514166
v 0.723558 0.100138 -0.511426
v 0.727375 0.100133 -0.517386
v 0.732733 0.100126 -0.525878
v 0.730432 0.100131 -0.522232
v 0.732845 0.0951548 -0.526171
v 0.738043 0.100117 -0.534393
v 0.743308 0.100111 -0.542922
v 0.747986 0.0916004 -0.550886
v 0.748051 0.10011 -0.550669
v 0.748542 0.100109 -0.551467
v 0.753745 0.100108 -0.56002
v 0.758923 0.10011 -0.568587
v 0.764072 0.100117 -0.577158
v 0.769203 0.10012 -0.585735
v 0.774308 0.100134 -0.594322
v 0.779396 0.100147 -0.602912
v 0.784463 0.100163 -0.611505
v 3.04979e-06 0.030002 -0.000202298
v 4.53788e-06 0.0400007 -0.000201665
v 0.0117941 0.0400135 0.00923213
v 0.01179 0.0299965 0.00925068
v 0.021626 0.0299828 0.00737328
v 0.0216157 0.0199563 0.00737384
v 0.0314177 0.0199465 0.00535297
v 0.0314699 0.00992012 0.00530104
v 0.0412577 0.0099075 0.00313206
v 0.0402806 -0.000231119 0.00325697
v 0.0305289 -0.000221901 0.00542653
v 2.32488e-06 0.0500018 -0.000199732
v 0.0117994 0.0500277 0.00921298
v 0.0216348 0.0400049 0.00735819
v 0.0314345 0.0299713 0.00536487
v 0.0411891 0.0199379 0.0032045
v 0.0510153 0.00990372 0.000840072
v 0.0500092 -0.000238115 0.000969771
v 3.82838e-06 0.0600052 -0.000203691
v 0.0118041 0.0600399 0.0091978
v 0.0216459 0.0500279 0.00733667
v 0.0314529 0.039997 0.00535756
v 0.0412146 0.0299633 0.00323064
v 0.0509297 0.0199324 0.000933984
v 0.0607471 0.00989987 -0.0015706
v 0.0597103 -0.000238477 -0.00143288
v 4.28224e-07 0.0700062 -0.000200448
v 0.0118067 0.0700544 0.00918488
v 0.0216545 0.0600474 0.00731823
v 0.0314663 0.0500236 0.00533871
v 0.0412365 0.0399942 0.00322718
v 0.0509657 0.0299605 0.000963585
v 0.0606443 0.01993 -0.00146167
v 0.070446 0.00990396 -0.00410032
v 0.0693777 -0.00022921 -0.00394987
v 3.16634e-06 0.0800047 -0.000200787
v 0.0118087 0.0800718 0.00917505
v 0.0216585 0.0700728 0.00729977
v 0.0314748 0.0600535 0.00531425
v 0.0412581 0.0500208 0.00321015
v 0.0509918 0.0399888 0.000972271
v 0.0606853 0.0299598 -0.00142559
v 0.0703301 0.0199304 -0.00397854
v 0.0801142 0.00991104 -0.00674714
v 0.0790192 -0.000219549 -0.00658086
v 2.9323e-06 0.0900045 -0.000199434
v 0.0118033 0.0900991 0.0091383
v 0.021659 0.0800992 0.00727069
v 0.0314821 0.0700807 0.00528144
v 0.0412713 0.0600512 0.003179
v 0.0510168 0.0500182 0.000953927
v 0.0607203 0.0399842 -0.00141291
v 0.0703762 0.0299568 -0.00393458
v 0.0799783 0.0199374 -0.00661134
v 0.0897483 0.00992048 -0.00950754
v 0.0886272 -0.000210514 -0.00931902
v 0.00110937 0.10012 0.00960346
v 0.011193 0.100178 0.00918869
v 0.0216682 0.0901194 0.00721639
v 0.031493 0.0801033 0.00523182
v 0.0412842 0.0700767 0.00313451
v 0.0510372 0.0600455 0.00091889
v 0.0607472 0.0500126 -0.00142649
v 0.0704149 0.0399852 -0.00392222
v 0.0800296 0.0299638 -0.00656564
v 0.0895952 0.0199464 -0.0093616
v 0.0993486 0.00993154 -0.0123817
v 0.0982048 -0.000194625 -0.0121761
v 0.0209803 0.100185 0.00726315
v 0.0314954 0.0901291 0.00515597
v 0.0412934 0.0801035 0.00306745
v 0.05105 0.0700739 0.000864659
v 0.0607721 0.0600409 -0.00146742
v 0.0704461 0.0500121 -0.00393488
v 0.0800749 0.0399874 -0.00654975
v 0.089656 0.0299681 -0.00931596
v 0.0991831 0.0199526 -0.0122273
v 0.108915 0.00994352 -0.0153699
v 0.107749 -0.00018115 -0.015141
v 0.0307528 0.100198 0.00520021
v 0.0412928 0.0901325 0.0029735
v 0.0510606 0.0801018 0.000783201
v 0.0607875 0.0700689 -0.00152845
v 0.0704738 0.0600378 -0.00397556
v 0.0801133 0.0500127 -0.00656498
v 0.0897027 0.0399947 -0.00930087
v 0.0992447 0.0299775 -0.0121825
v 0.108735 0.0199638 -0.015209
v 0.118447 0.00995167 -0.0184667
v 0.117258 -0.000166643 -0.0182161
v 0.0404952 0.100196 0.00302247
v 0.0510636 0.0901309 0.000670754
v 0.060799 0.0800951 -0.00161759
v 0.0704957 0.070066 -0.00404638
v 0.0801451 0.0600401 -0.00661081
v 0.089744 0.0500185 -0.00931504
v 0.0992996 0.0399987 -0.0121677
v 0.1088 0.0299833 -0.015161
v 0.11825 0.0199754 -0.0183013
v 0.127944 0.00996365 -0.0216799
v 0.126736 -0.0001561 -0.0214034
v 0.0502106 0.100191 0.000729869
v 0.0608058 0.0901218 -0.00174157
v 0.0705091 0.0800915 -0.00414217
v 0.0801686 0.070065 -0.00668158
v 0.0897837 0.0600394 -0.00936165
v 0.0993468 0.0500208 -0.0121844
v 0.108859 0.0400073 -0.0151507
v 0.11832 0.0299935 -0.0182558
v 0.127729 0.0199826 -0.0215021
v 0.1374 0.0099707 -0.0249949
v 0.136173 -0.000145885 -0.0246943
v 0.0598992 0.100181 -0.00167114
v 0.0705169 0.0901167 -0.00427323
v 0.0801843 0.0800905 -0.00678339
v 0.0898103 0.0700655 -0.00943763
v 0.0993827 0.0600437 -0.0122285
v 0.108908 0.0500277 -0.0151662
v 0.118382 0.0400119 -0.0182422
v 0.127804 0.0299994 -0.0214591
v 0.137173 0.0199894 -0.0248137
v 0.146823 0.00997271 -0.0284187
v 0.145576 -0.00013629 -0.028096
v 0.0695635 0.100168 -0.00418575
v 0.0801938 0.0901151 -0.00692063
v 0.0898306 0.0800875 -0.00954276
v 0.0994144 0.0700671 -0.0123073
v 0.108952 0.0600486 -0.0152163
v 0.118439 0.0500306 -0.0182634
v 0.127868 0.0400204 -0.0214497
v 0.137251 0.0300047 -0.024773
v 0.146578 0.0199955 -0.0282324
v 0.156202 0.00997772 -0.0319484
v 0.154944 -0.000131563 -0.0316029
v 0.0792014 0.100156 -0.00681619
v 0.0898388 0.0901124 -0.00968194
v 0.0994394 0.0800862 -0.0124152
v 0.108985 0.0700697 -0.0152939
v 0.118485 0.0600497 -0.0183122
v 0.127926 0.0500377 -0.0214695
v 0.137319 0.0400244 -0.0247657
v 0.14666 0.0300095 -0.0281939
v 0.155948 0.0199967 -0.0317561
v 0.165545 0.00998182 -0.0355851
v 0.164272 -0.0001275 -0.0352132
v 0.0888002 0.10015 -0.00955421
v 0.0994523 0.0901079 -0.0125572
v 0.109013 0.0800904 -0.0154063
v 0.11852 0.070073 -0.0183939
v 0.127976 0.0600551 -0.0215202
v 0.137382 0.0500402 -0.0247874
v 0.146735 0.0400279 -0.0281921
v 0.15603 0.0300135 -0.0317217
v 0.165276 0.0200014 -0.035385
v 0.174851 0.00998053 -0.0393235
v 0.173563 -0.000124387 -0.038927
v 0.0983727 0.100142 -0.0124086
v 0.109031 0.0901093 -0.0155505
v 0.118549 0.0800916 -0.0185047
v 0.128019 0.0700727 -0.0216016
v 0.137434 0.0600605 -0.0248417
v 0.146799 0.0500467 -0.0282174
v 0.156109 0.0400308 -0.0317216
v 0.165364 0.0300169 -0.0353562
v 0.174566 0.020001 -0.0391154
v 0.184114 0.0099821 -0.0431639
v 0.182818 -0.000126392 -0.0427423
v 0.107909 0.100134 -0.0153688
v 0.118572 0.0901084 -0.0186507
v 0.128051 0.0800936 -0.021716
v 0.137481 0.0700766 -0.0249246
v 0.146854 0.0600617 -0.0282675
v 0.156176 0.0500485 -0.0317484
v 0.165445 0.0400331 -0.0353577
v 0.174658 0.0300195 -0.0390938
v 0.183816 0.0200037 -0.042951
v 0.193336 0.00998234 -0.0471044
v 0.192027 -0.00012539 -0.0466561
v 0.117414 0.100129 -0.0184441
v 0.128075 0.0901087 -0.0218599
v 0.137516 0.0800921 -0.0250346
v 0.146903 0.0700809 -0.0283535
v 0.156237 0.0600667 -0.0318052
v 0.165516 0.0500499 -0.0353857
v 0.174741 0.0400347 -0.0390968
v 0.18391 0.0300211 -0.0429312
v 0.193028 0.0200014 -0.0468844
v 0.202518 0.00998124 -0.0511449
v 0.201198 -0.000125486 -0.0506698
v 0.126884 0.100122 -0.0216253
v 0.137543 0.09011 -0.0251815
v 0.146943 0.0800954 -0.0284644
v 0.156288 0.0700809 -0.0318865
v 0.16558 0.0600672 -0.0354436
v 0.174815 0.0500507 -0.039126
v 0.183995 0.0400354 -0.0429355
v 0.193123 0.0300178 -0.0468661
v 0.202194 0.020002 -0.0509161
v 0.211654 0.00997869 -0.0552785
v 0.21033 -0.000126839 -0.0547836
v 0.136317 0.100118 -0.0249146
v 0.146977 0.0901082 -0.0286098
v 0.15633 0.0800987 -0.032
v 0.165633 0.0700849 -0.0355275
v 0.174882 0.0600674 -0.0391846
v 0.184073 0.0500549 -0.0429711
v 0.193212 0.0400354 -0.0468772
v 0.202292 0.0300216 -0.0509048
v 0.211322 0.0200016 -0.0550476
v 0.220752 0.00997895 -0.0595141
v 0.219417 -0.000125135 -0.0589922
v 0.145714 0.100115 -0.0283118
v 0.156365 0.090111 -0.0321421
v 0.165681 0.0800982 -0.0356392
v 0.174939 0.0700847 -0.0392689
v 0.184143 0.0600712 -0.0430303
v 0.193291 0.0500543 -0.0469136
v 0.202386 0.0400386 -0.0509204
v 0.211424 0.0300203 -0.0550412
v 0.220406 0.0200001 -0.0592718
v 0.229805 0.00997395 -0.0638372
v 0.228467 -0.000128509 -0.0632952
v 0.155078 0.10011 -0.0318152
v 0.165715 0.0901141 -0.0357799
v 0.174989 0.0801017 -0.0393827
v 0.184203 0.0700881 -0.0431149
v 0.193362 0.0600743 -0.0469752
v 0.202467 0.050057 -0.0509575
v 0.211516 0.0400367 -0.0550542
v 0.220511 0.030018 -0.0592702
v 0.22945 0.0199977 -0.0635923
v 0.238815 0.00997591 -0.0682608
v 0.237469 -0.000128796 -0.0676897
v 0.164399 0.10011 -0.035422
v 0.17503 0.0901135 -0.0395211
v 0.184257 0.0801051 -0.0432285
v 0.193426 0.0700912 -0.0470598
v 0.202542 0.0600728 -0.0510173
v 0.2116 0.0500589 -0.0550973
v 0.220605 0.0400379 -0.0592896
v 0.229553 0.0300189 -0.0635939
v 0.238446 0.0199985 -0.0680042
v 0.247779 0.00997274 -0.0727684
v 0.246432 -0.00012998 -0.0721771
v 0.173685 0.100107 -0.0391315
v 0.184302 0.090117 -0.0433663
v 0.193483 0.0801083 -0.047173
v 0.20261 0.0700937 -0.0511072
v 0.211681 0.0600746 -0.0551607
v 0.220693 0.0500558 -0.0593311
v 0.229651 0.0400384 -0.0636175
v 0.238553 0.030019 -0.0680103
v 0.247405 0.0199984 -0.0725123
v 0.256702 0.00997254 -0.0773713
v 0.255349 -0.000127963 -0.076756
v 0.182931 0.100105 -0.0429423
v 0.193528 0.0901204 -0.0473067
v 0.202667 0.0801111 -0.0512164
v 0.211748 0.0700957 -0.0552468
v 0.220773 0.0600756 -0.0593965
v 0.229742 0.0500602 -0.0636647
v 0.238654 0.0400381 -0.068038
v 0.247511 0.0300182 -0.0725195
v 0.256317 0.0199974 -0.0771064
v 0.265576 0.00997537 -0.0820623
v 0.264225 -0.000126846 -0.0814246
v 0.192139 0.100104 -0.0468547
v 0.202716 0.0901237 -0.0513492
v 0.211808 0.0801135 -0.0553553
v 0.220842 0.070097 -0.0594822
v 0.229823 0.0600801 -0.06373
v 0.238745 0.0500598 -0.0680855
v 0.247614 0.040041 -0.0725533
v 0.256423 0.0300206 -0.0771201
v 0.265181 0.0199997 -0.0817887
v 0.274406 0.00997717 -0.0868399
v 0.273056 -0.000126529 -0.0861794
v 0.201305 0.100104 -0.0508652
v 0.211863 0.0901268 -0.0554904
v 0.220908 0.0801154 -0.0595933
v 0.229899 0.0700979 -0.0638166
v 0.238831 0.0600799 -0.068154
v 0.247705 0.0500627 -0.0726009
v 0.256526 0.0400431 -0.0771544
v 0.265293 0.0300223 -0.0818102
v 0.274004 0.0200012 -0.0865606
v 0.283193 0.00997808 -0.0917039
v 0.281842 -0.000122994 -0.0910228
v 0.210427 0.100104 -0.0549704
v 0.220963 0.0901294 -0.0597237
v 0.229964 0.0801169 -0.0639233
v 0.238907 0.0701023 -0.0682419
v 0.247792 0.0600831 -0.0726691
v 0.25662 0.0500649 -0.0772055
v 0.265395 0.0400446 -0.0818449
v 0.274114 0.0300233 -0.086583
v 0.282779 0.020002 -0.0914154
v 0.29193 0.00997815 -0.0966475
v 0.290582 -0.000120198 -0.0959491
v 0.219512 0.1001 -0.0591721
v 0.230022 0.0901319 -0.0640523
v 0.238974 0.080122 -0.0683475
v 0.247874 0.070102 -0.0727577
v 0.256711 0.0600856 -0.0772768
v 0.265492 0.0500664 -0.0818995
v 0.274222 0.0400453 -0.086625
v 0.282895 0.0300236 -0.0914455
v 0.291513 0.0200022 -0.0963566
v 0.300624 0.00998154 -0.10168
v 0.299278 -0.000118045 -0.100959
v 0.228554 0.1001 -0.0634706
v 0.23904 0.090134 -0.0684764
v 0.247943 0.0801226 -0.0728621
v 0.256794 0.0701052 -0.0773645
v 0.265583 0.0600875 -0.0819703
v 0.274319 0.0500673 -0.0866796
v 0.283001 0.0400455 -0.0914879
v 0.291624 0.0300273 -0.0963896
v 0.300199 0.0200058 -0.101383
v 0.30927 0.00998429 -0.106793
v 0.307925 -0.000112399 -0.10605
v 0.237554 0.100101 -0.0678642
v 0.248009 0.0901397 -0.0729914
v 0.256868 0.0801268 -0.0774711
v 0.265667 0.0701078 -0.0820572
v 0.274413 0.060089 -0.0867533
v 0.283101 0.0500677 -0.0915458
v 0.291732 0.0400492 -0.0964357
v 0.300312 0.0300306 -0.10142
v 0.308838 0.0200091 -0.106489
v 0.317868 0.00998658 -0.111982
v 0.316532 -0.00011121 -0.111223
v 0.24651 0.100098 -0.0723443
v 0.256934 0.0901411 -0.0775933
v 0.265745 0.0801305 -0.0821658
v 0.274497 0.0701101 -0.0868392
v 0.283194 0.0600899 -0.0916189
v 0.291834 0.0500717 -0.0964968
v 0.300417 0.0400525 -0.101467
v 0.308948 0.0300336 -0.106527
v 0.317431 0.0200122 -0.111675
v 0.326423 0.00998859 -0.117254
v 0.325088 -0.000106278 -0.116475
v 0.255426 0.100099 -0.0769217
v 0.265812 0.0901462 -0.0822863
v 0.274578 0.0801299 -0.0869443
v 0.283282 0.070112 -0.0917072
v 0.29193 0.0600946 -0.0965728
v 0.300521 0.0500754 -0.101531
v 0.309059 0.0400556 -0.106581
v 0.317542 0.0300364 -0.111717
v 0.325975 0.0200151 -0.116938
v 0.334928 0.00999045 -0.122601
v 0.333601 -0.000101512 -0.121807
v 0.264295 0.100096 -0.0815823
v 0.27465 0.090147 -0.0870664
v 0.283363 0.080133 -0.0918108
v 0.292017 0.0701176 -0.0966599
v 0.300619 0.060095 -0.101604
v 0.309161 0.0500789 -0.106645
v 0.317653 0.0400585 -0.111774
v 0.32609 0.0300392 -0.116988
v 0.334476 0.0200181 -0.122281
v 0.343387 0.00999238 -0.128024
v 0.342065 -9.66907e-05 -0.127213
v 0.273119 0.100098 -0.0863338
v 0.283436 0.0901515 -0.0919309
v 0.2921 0.0801359 -0.0967599
v 0.300709 0.070119 -0.101693
v 0.30926 0.0600993 -0.10672
v 0.317759 0.0500784 -0.111839
v 0.326199 0.0400616 -0.117045
v 0.334591 0.0300421 -0.122335
v 0.342927 0.0200214 -0.127698
v 0.351796 0.00999851 -0.133523
v 0.350483 -9.17173e-05 -0.132696
v 0.281899 0.100096 -0.0911687
v 0.292179 0.0901522 -0.0968794
v 0.300795 0.0801389 -0.101795
v 0.309355 0.0701205 -0.10681
v 0.317855 0.0601036 -0.111916
v 0.326306 0.050082 -0.117113
v 0.3347 0.0400648 -0.122395
v 0.343044 0.0300414 -0.127753
v 0.351333 0.0200251 -0.133191
v 0.360159 0.0100011 -0.139095
v 0.358856 -9.03875e-05 -0.13825
v 0.290635 0.100094 -0.0960892
v 0.300874 0.0901568 -0.101913
v 0.309441 0.0801418 -0.10691
v 0.317952 0.0701262 -0.112008
v 0.326406 0.0601043 -0.11719
v 0.334805 0.050086 -0.122463
v 0.343154 0.0400645 -0.127817
v 0.35145 0.0300452 -0.133251
v 0.359693 0.0200255 -0.138757
v 0.368472 0.0100044 -0.144736
v 0.367178 -8.44117e-05 -0.143878
v 0.299328 0.100092 -0.101096
v 0.309522 0.0901577 -0.107023
v 0.318039 0.0801451 -0.112104
v 0.326501 0.0701281 -0.117281
v 0.334906 0.0601093 -0.122543
v 0.343257 0.0500904 -0.12789
v 0.351557 0.0400689 -0.133315
v 0.359804 0.0300499 -0.138818
v 0.368002 0.0200307 -0.144395
v 0.37674 0.0100046 -0.150447
v 0.375456 -8.16956e-05 -0.149577
v 0.307971 0.100091 -0.106181
v 0.318124 0.0901629 -0.112219
v 0.326591 0.0801488 -0.117379
v 0.335006 0.0701307 -0.122633
v 0.343362 0.060111 -0.12797
v 0.351666 0.0500917 -0.133391
v 0.359917 0.0400701 -0.138887
v 0.368115 0.0300515 -0.144458
v 0.376264 0.0200332 -0.150101
v 0.384959 0.010006 -0.156229
v 0.383684 -7.78761e-05 -0.155345
v 0.316572 0.100087 -0.111347
v 0.326678 0.0901646 -0.117489
v 0.335095 0.0801531 -0.122729
v 0.34346 0.0701339 -0.128059
v 0.351768 0.0601136 -0.133471
v 0.360024 0.0500941 -0.138963
v 0.368226 0.0400765 -0.144532
v 0.37638 0.0300545 -0.150172
v 0.384482 0.0200331 -0.155877
v 0.39313 0.0100089 -0.162078
v 0.391865 -7.27656e-05 -0.161183
v 0.325124 0.100088 -0.116594
v 0.335186 0.0901671 -0.122838
v 0.343553 0.0801543 -0.128154
v 0.351868 0.0701381 -0.133561
v 0.360127 0.0601172 -0.139045
v 0.368335 0.0500976 -0.144609
v 0.37649 0.0400764 -0.150243
v 0.384592 0.030059 -0.155949
v 0.39265 0.0200387 -0.161725
v 0.401251 0.0100135 -0.167995
v 0.4 -7.01488e-05 -0.167087
v 0.33363 0.100086 -0.121916
v 0.343643 0.0901705 -0.128261
v 0.351965 0.0801566 -0.133656
v 0.360226 0.0701396 -0.139132
v 0.368435 0.0601223 -0.14469
v 0.376594 0.0501027 -0.150322
v 0.384704 0.0400821 -0.156027
v 0.392762 0.0300615 -0.161799
v 0.400771 0.0200383 -0.167633
v 0.409324 0.0100162 -0.173974
v 0.40809 -6.97687e-05 -0.173057
v 0.342091 0.100085 -0.127317
v 0.352056 0.0901712 -0.133758
v 0.360325 0.0801602 -0.139228
v 0.368541 0.0701425 -0.14478
v 0.3767 0.0601251 -0.150406
v 0.38481 0.0501059 -0.156106
v 0.392873 0.0400818 -0.161875
v 0.400882 0.0300622 -0.167711
v 0.408845 0.0200402 -0.173609
v 0.417353 0.010017 -0.18002
v 0.416127 -6.33714e-05 -0.179095
v 0.350507 0.100082 -0.132793
v 0.360418 0.0901772 -0.139331
v 0.368638 0.0801653 -0.144874
v 0.376804 0.0701473 -0.150494
v 0.384916 0.060126 -0.156187
v 0.392979 0.0501072 -0.161956
v 0.400991 0.040088 -0.167791
v 0.408952 0.0300654 -0.173687
v 0.416869 0.0200447 -0.17965
v 0.425329 0.0100204 -0.186128
v 0.424119 -6.27993e-05 -0.185193
v 0.358875 0.10008 -0.138342
v 0.368734 0.0901769 -0.14497
v 0.376901 0.0801684 -0.150584
v 0.38502 0.0701503 -0.156277
v 0.393085 0.0601293 -0.162039
v 0.401096 0.0501111 -0.16787
v 0.409062 0.0400888 -0.173768
v 0.416977 0.0300674 -0.179728
v 0.424846 0.0200479 -0.185754
v 0.433259 0.0100226 -0.192298
v 0.432063 -5.97388e-05 -0.191356
v 0.367192 0.10008 -0.14396
v 0.377001 0.0901826 -0.150685
v 0.38512 0.0801697 -0.156366
v 0.393189 0.0701517 -0.162125
v 0.401203 0.0601353 -0.167954
v 0.409171 0.050114 -0.173852
v 0.417088 0.0400927 -0.179812
v 0.424954 0.0300724 -0.185835
v 0.432774 0.0200503 -0.191917
v 0.441142 0.0100238 -0.198529
v 0.439957 -5.40672e-05 -0.197582
v 0.375468 0.100079 -0.149654
v 0.385219 0.0901866 -0.156465
v 0.39329 0.0801737 -0.162216
v 0.401309 0.0701561 -0.16804
v 0.409276 0.0601364 -0.173933
v 0.417195 0.050116 -0.179893
v 0.425063 0.0400958 -0.185916
v 0.432884 0.0300729 -0.191999
v 0.440658 0.020052 -0.198143
v 0.448974 0.0100242 -0.204816
v 0.447806 -5.36133e-05 -0.203866
v 0.383693 0.100075 -0.155413
v 0.393388 0.0901892 -0.162309
v 0.401412 0.0801767 -0.16813
v 0.409383 0.0701597 -0.174021
v 0.4173 0.0601408 -0.179976
v 0.425172 0.0501175 -0.185997
v 0.432992 0.0400985 -0.192082
v 0.440767 0.0300768 -0.198227
v 0.448494 0.0200532 -0.204429
v 0.456761 0.0100278 -0.211169
v 0.455605 -5.03593e-05 -0.210213
v 0.391872 0.100075 -0.161242
v 0.401513 0.0901909 -0.168223
v 0.409484 0.0801827 -0.174108
v 0.417409 0.0701626 -0.180063
v 0.425277 0.0601446 -0.186082
v 0.433101 0.0501225 -0.192165
v 0.440873 0.0401008 -0.198308
v 0.448599 0.0300802 -0.204513
v 0.45628 0.0200538 -0.210772
v 0.464497 0.0100268 -0.217575
v 0.463356 -4.82336e-05 -0.216618
v 0.400004 0.100077 -0.167141
v 0.409587 0.0901958 -0.1742
v 0.417512 0.0801843 -0.18015
v 0.425382 0.0701688 -0.186167
v 0.433208 0.060148 -0.19225
v 0.440982 0.0501272 -0.198393
v 0.448707 0.0401026 -0.204593
v 0.456387 0.0300792 -0.210857
v 0.464019 0.020058 -0.217178
v 0.472183 0.0100289 -0.224041
v 0.471057 -4.74547e-05 -0.223082
v 0.408088 0.100075 -0.173101
v 0.417613 0.0902 -0.180239
v 0.425488 0.0801892 -0.186253
v 0.433312 0.0701708 -0.192332
v 0.441087 0.0601511 -0.198475
v 0.448817 0.0501274 -0.204679
v 0.456492 0.040108 -0.210942
v 0.464123 0.0300817 -0.21726
v 0.471708 0.0200576 -0.223637
v 0.479821 0.0100298 -0.230566
v 0.478708 -4.43182e-05 -0.229607
v 0.416125 0.100076 -0.179128
v 0.42559 0.0902036 -0.186342
v 0.433417 0.0801937 -0.192419
v 0.441194 0.0701762 -0.198562
v 0.448921 0.0601537 -0.204763
v 0.4566 0.0501311 -0.211025
v 0.46423 0.0401088 -0.217346
v 0.471811 0.0300836 -0.223722
v 0.479347 0.02006 -0.230158
v 0.487406 0.0100325 -0.23715
v 0.486311 -4.32816e-05 -0.236192
v 0.424118 0.100073 -0.185219
v 0.433521 0.0902067 -0.192507
v 0.441297 0.0801977 -0.198645
v 0.449026 0.0701774 -0.204846
v 0.456705 0.0601559 -0.211109
v 0.464336 0.0501342 -0.217432
v 0.471916 0.0401127 -0.223811
v 0.479449 0.0300883 -0.230246
v 0.486938 0.0200605 -0.236738
v 0.494938 0.0100324 -0.243793
v 0.49386 -4.07359e-05 -0.242838
v 0.43206 0.100073 -0.191372
v 0.441401 0.0902132 -0.198735
v 0.449128 0.0802013 -0.204932
v 0.456809 0.0701819 -0.211194
v 0.464437 0.0601613 -0.217515
v 0.47202 0.0501364 -0.223894
v 0.479551 0.0401155 -0.230332
v 0.487038 0.0300911 -0.236829
v 0.494474 0.0200624 -0.243379
v 0.502418 0.0100335 -0.250496
v 0.501359 -4.10415e-05 -0.249542
v 0.439953 0.100076 -0.197591
v 0.449234 0.0902153 -0.205021
v 0.456912 0.0802043 -0.21128
v 0.464542 0.0701857 -0.2176
v 0.472123 0.0601657 -0.223983
v 0.479653 0.0501413 -0.230418
v 0.487137 0.0401166 -0.236914
v 0.494572 0.0300916 -0.243468
v 0.501958 0.0200654 -0.250081
v 0.509846 0.0100359 -0.257261
v 0.508804 -3.62012e-05 -0.256309
v 0.447799 0.100075 -0.203868
v 0.457013 0.0902207 -0.211367
v 0.464644 0.0802106 -0.217688
v 0.472225 0.0701887 -0.224066
v 0.479757 0.060169 -0.230507
v 0.487238 0.0501448 -0.237002
v 0.49467 0.0401198 -0.243555
v 0.502054 0.0300937 -0.250167
v 0.509387 0.0200698 -0.256841
v 0.517216 0.0100395 -0.264081
v 0.516196 -3.41487e-05 -0.263133
v 0.455596 0.100073 -0.210207
v 0.464746 0.0902256 -0.217775
v 0.472328 0.0802122 -0.224153
v 0.479857 0.0701945 -0.230592
v 0.487338 0.0601711 -0.237089
v 0.494771 0.0501465 -0.243644
v 0.502152 0.0401207 -0.250255
v 0.509483 0.0300973 -0.256927
v 0.516766 0.0200718 -0.26366
v 0.524534 0.0100408 -0.270958
v 0.523531 -3.08076e-05 -0.270012
v 0.463341 0.100075 -0.216606
v 0.472429 0.0902296 -0.224242
v 0.479958 0.0802166 -0.230677
v 0.487438 0.0701991 -0.237176
v 0.494867 0.0601755 -0.24373
v 0.502248 0.0501503 -0.250343
v 0.509579 0.0401235 -0.257013
v 0.516859 0.0300986 -0.263744
v 0.52409 0.0200714 -0.270533
v 0.531799 0.0100436 -0.277895
v 0.530814 -3.02213e-05 -0.276949
v 0.471039 0.100076 -0.223067
v 0.480059 0.0902328 -0.230766
v 0.487536 0.0802239 -0.237262
v 0.494967 0.0702023 -0.243818
v 0.502345 0.0601782 -0.25043
v 0.509676 0.0501523 -0.257101
v 0.516954 0.0401281 -0.263832
v 0.524182 0.0301017 -0.27062
v 0.531358 0.0200766 -0.277468
v 0.539006 0.0100439 -0.284882
v 0.538045 -2.84087e-05 -0.283946
v 0.478684 0.100076 -0.229585
v 0.487635 0.0902387 -0.237348
v 0.495062 0.0802259 -0.243901
v 0.502445 0.070204 -0.250518
v 0.509771 0.0601832 -0.25719
v 0.517048 0.0501561 -0.263918
v 0.524274 0.0401305 -0.270705
v 0.531448 0.0301064 -0.277552
v 0.538573 0.0200794 -0.284457
v 0.546162 0.0100456 -0.291931
v 0.545217 -2.53699e-05 -0.290997
v 0.486283 0.100075 -0.236167
v 0.495162 0.0902435 -0.243992
v 0.502539 0.0802305 -0.250603
v 0.509868 0.070208 -0.257275
v 0.51714 0.0601862 -0.264004
v 0.524367 0.0501619 -0.270794
v 0.531541 0.0401348 -0.277638
v 0.53866 0.0301088 -0.284539
v 0.545734 0.0200796 -0.291502
v 0.553256 0.0100486 -0.299031
v 0.552333 -2.11989e-05 -0.298106
v 0.493826 0.100076 -0.242805
v 0.502636 0.090247 -0.250691
v 0.509957 0.0802374 -0.257359
v 0.517236 0.0702142 -0.264091
v 0.524456 0.0601913 -0.270877
v 0.531631 0.0501656 -0.277723
v 0.53875 0.0401368 -0.284622
v 0.545822 0.0301088 -0.291585
v 0.552837 0.0200813 -0.298602
v 0.560299 0.0100491 -0.306188
v 0.559398 -1.98126e-05 -0.305271
v 0.50132 0.100077 -0.249505
v 0.510054 0.0902529 -0.257448
v 0.517327 0.0802389 -0.264174
v 0.524549 0.0702186 -0.270961
v 0.53172 0.0601945 -0.277807
v 0.53884 0.0501672 -0.284708
v 0.545907 0.0401405 -0.291667
v 0.55292 0.0301142 -0.298684
v 0.559886 0.0200845 -0.30576
v 0.567284 0.0100511 -0.3134
v 0.566403 -1.72622e-05 -0.31249
v 0.508761 0.100076 -0.256261
v 0.517419 0.0902575 -0.264261
v 0.524638 0.0802465 -0.271046
v 0.531813 0.0702212 -0.277892
v 0.53893 0.0601957 -0.284793
v 0.545994 0.0501706 -0.291751
v 0.553006 0.0401458 -0.298767
v 0.559966 0.0301174 -0.30584
v 0.566877 0.0200891 -0.312975
v 0.57421 0.0100545 -0.320666
v 0.573351 -1.34532e-05 -0.319765
v 0.516147 0.100078 -0.263075
v 0.524732 0.0902605 -0.271131
v 0.5319 0.0802486 -0.277974
v 0.539018 0.0702259 -0.284876
v 0.546079 0.0602027 -0.291834
v 0.55309 0.0501758 -0.298848
v 0.560049 0.0401489 -0.305921
v 0.566957 0.0301182 -0.31305
v 0.573812 0.0200913 -0.32024
v 0.581083 0.0100555 -0.327987
v 0.58024 -8.35336e-06 -0.327093
v 0.52348 0.100078 -0.269946
v 0.531988 0.0902659 -0.278058
v 0.539105 0.0802529 -0.284958
v 0.546168 0.0702327 -0.291918
v 0.553178 0.0602038 -0.29893
v 0.560134 0.0501789 -0.306002
v 0.567041 0.0401498 -0.313132
v 0.573892 0.0301206 -0.320317
v 0.580689 0.0200912 -0.327558
v 0.587894 0.010058 -0.335359
v 0.587076 -5.97512e-06 -0.334478
v 0.530761 0.100076 -0.276876
v 0.539194 0.0902697 -0.285043
v 0.546251 0.0802594 -0.291998
v 0.553261 0.0702376 -0.299014
v 0.560217 0.0602109 -0.306084
v 0.567118 0.0501838 -0.313209
v 0.573969 0.0401525 -0.320393
v 0.580765 0.0301248 -0.327634
v 0.58751 0.0200966 -0.334935
v 0.594647 0.0100622 -0.342786
v 0.593851 -2.21135e-06 -0.341914
v 0.537986 0.100077 -0.283862
v 0.54634 0.0902758 -0.292082
v 0.553345 0.0802641 -0.299093
v 0.560298 0.0702406 -0.306162
v 0.567202 0.060212 -0.313289
v 0.574047 0.0501867 -0.320471
v 0.580843 0.040157 -0.327711
v 0.587585 0.0301266 -0.335007
v 0.594271 0.0200997 -0.342363
v 0.601342 0.0100642 -0.350263
v 0.600568 -9.81609e-07 -0.349401
v 0.545155 0.10008 -0.290906
v 0.55343 0.0902803 -0.299175
v 0.560382 0.0802671 -0.306242
v 0.567279 0.0702458 -0.313367
v 0.574127 0.060219 -0.320551
v 0.580917 0.0501915 -0.327787
v 0.58766 0.0401593 -0.335082
v 0.594344 0.0301303 -0.342432
v 0.600974 0.0201005 -0.34984
v 0.607977 0.0100679 -0.357793
v 0.607228 1.7284e-06 -0.356943
v 0.552273 0.100078 -0.298005
v 0.560462 0.0902871 -0.306323
v 0.56736 0.0802723 -0.313444
v 0.574206 0.0702491 -0.320627
v 0.580996 0.0602202 -0.327862
v 0.587731 0.0501944 -0.335156
v 0.594416 0.0401636 -0.342505
v 0.601045 0.0301358 -0.349913
v 0.607621 0.0201032 -0.357374
v 0.614556 0.0100696 -0.365375
v 0.613825 5.98279e-06 -0.364536
v 0.559331 0.100082 -0.305162
v 0.567442 0.0902885 -0.313524
v 0.574281 0.0802798 -0.320704
v 0.581073 0.0702546 -0.327941
v 0.587805 0.0602275 -0.33523
v 0.594488 0.0501992 -0.34258
v 0.601115 0.0401698 -0.349983
v 0.607686 0.0301393 -0.357442
v 0.614205 0.0201077 -0.364958
v 0.621072 0.0100732 -0.373007
v 0.620362 7.98502e-06 -0.372178
v 0.566336 0.10008 -0.312371
v 0.57436 0.0902961 -0.32078
v 0.581147 0.0802818 -0.328013
v 0.587881 0.0702584 -0.335305
v 0.594561 0.060229 -0.34265
v 0.601186 0.0502022 -0.350054
v 0.607752 0.0401741 -0.35751
v 0.614269 0.0301409 -0.365022
v 0.620733 0.0201103 -0.372595
v 0.627526 0.010075 -0.380685
v 0.626841 1.17841e-05 -0.379875
v 0.573281 0.100081 -0.319634
v 0.581224 0.0903023 -0.328092
v 0.587954 0.08029 -0.335379
v 0.594631 0.0702645 -0.342724
v 0.601254 0.0602367 -0.350124
v 0.607821 0.0502074 -0.357578
v 0.614337 0.0401766 -0.365092
v 0.620794 0.0301445 -0.372657
v 0.627195 0.020115 -0.38028
v 0.633923 0.010079 -0.388419
v 0.63326 1.74764e-05 -0.387623
v 0.58017 0.100084 -0.326955
v 0.588029 0.090307 -0.335454
v 0.594703 0.0802928 -0.342793
v 0.601323 0.070269 -0.350193
v 0.607891 0.0602389 -0.357647
v 0.614399 0.0502109 -0.365155
v 0.620855 0.0401814 -0.372721
v 0.627255 0.0301504 -0.38034
v 0.633603 0.0201179 -0.388018
v 0.640258 0.0100814 -0.396199
v 0.639616 2.12622e-05 -0.395419
v 0.587002 0.100085 -0.334329
v 0.594775 0.0903104 -0.342866
v 0.601392 0.0802981 -0.350261
v 0.607958 0.0702721 -0.357714
v 0.614464 0.0602473 -0.365223
v 0.620918 0.0502168 -0.372785
v 0.627315 0.0401845 -0.3804
v 0.633659 0.0301546 -0.388076
v 0.639944 0.0201231 -0.395802
v 0.64653 0.0100862 -0.404029
v 0.645912 2.32025e-05 -0.403262
v 0.593775 0.100085 -0.341754
v 0.60146 0.0903164 -0.35033
v 0.608021 0.0803059 -0.357781
v 0.61453 0.0702776 -0.365286
v 0.620979 0.0602504 -0.372846
v 0.627375 0.0502212 -0.380462
v 0.633717 0.04019 -0.388135
v 0.64 0.0301572 -0.395857
v 0.646227 0.0201267 -0.403637
v 0.652739 0.0100896 -0.411905
v 0.652148 2.74471e-05 -0.41116
v 0.600492 0.100087 -0.349235
v 0.60809 0.0903251 -0.357852
v 0.614593 0.0803126 -0.365354
v 0.621043 0.0702858 -0.372912
v 0.627436 0.060256 -0.380525
v 0.633773 0.0502241 -0.38819
v 0.640055 0.0401941 -0.395914
v 0.64628 0.0301624 -0.403691
v 0.652449 0.0201289 -0.411521
v 0.658891 0.0100918 -0.419832
v 0.658318 3.01604e-05 -0.419099
v 0.60715 0.100089 -0.356767
v 0.614657 0.0903289 -0.365416
v 0.621102 0.080318 -0.372972
v 0.627494 0.0702928 -0.380585
v 0.633832 0.0602604 -0.38825
v 0.640111 0.0502297 -0.39597
v 0.646333 0.0402008 -0.403746
v 0.652497 0.0301662 -0.41157
v 0.658607 0.0201338 -0.419453
v 0.664976 0.0100969 -0.427804
v 0.664427 3.5528e-05 -0.42709
v 0.613745 0.100092 -0.364351
v 0.621166 0.0903355 -0.373036
v 0.627555 0.0803224 -0.380644
v 0.633887 0.0702986 -0.388308
v 0.640164 0.0602676 -0.396025
v 0.646383 0.050238 -0.403798
v 0.652547 0.0402063 -0.411624
v 0.658652 0.0301727 -0.419501
v 0.664705 0.0201374 -0.427435
v 0.670998 0.0101011 -0.435823
v 0.670477 3.98059e-05 -0.435131
v 0.620281 0.100095 -0.371985
v 0.627613 0.0903412 -0.380702
v 0.633945 0.0803297 -0.388365
v 0.640218 0.0703035 -0.396079
v 0.646435 0.0602737 -0.403849
v 0.652597 0.0502414 -0.411672
v 0.658698 0.0402107 -0.419548
v 0.664747 0.0301781 -0.427482
v 0.670737 0.0201399 -0.435461
v 0.676959 0.0101045 -0.44389
v 0.676458 4.3182e-05 -0.443212
v 0.626761 0.100096 -0.379672
v 0.634 0.0903499 -0.388421
v 0.640273 0.0803363 -0.396134
v 0.646486 0.0703113 -0.403901
v 0.652646 0.0602788 -0.411721
v 0.658745 0.0502476 -0.419594
v 0.66479 0.040214 -0.427522
v 0.670778 0.0301825 -0.435506
v 0.67671 0.0201455 -0.443539
v 0.682856 0.0101075 -0.452
v 0.68238 4.9913e-05 -0.451347
v 0.633178 0.100097 -0.387407
v 0.640327 0.0903542 -0.396186
v 0.646541 0.0803421 -0.403951
v 0.652697 0.0703145 -0.41177
v 0.658792 0.0602871 -0.419642
v 0.664834 0.0502529 -0.427567
v 0.670817 0.0402204 -0.435546
v 0.676743 0.030186 -0.443576
v 0.682615 0.0201504 -0.45166
v 0.688689 0.0101102 -0.460156
v 0.688237 5.23369e-05 -0.45952
v 0.639532 0.1001 -0.395192
v 0.646592 0.0903618 -0.404001
v 0.652743 0.0803512 -0.411817
v 0.65884 0.0703249 -0.419688
v 0.664877 0.0602907 -0.427608
v 0.670856 0.0502615 -0.435586
v 0.67678 0.0402259 -0.443614
v 0.682645 0.0301927 -0.451695
v 0.688455 0.0201547 -0.459825
v 0.694457 0.0101169 -0.468358
v 0.694029 5.8783e-05 -0.467741
v 0.645829 0.100103 -0.40303
v 0.652793 0.090369 -0.411862
v 0.658886 0.0803598 -0.419731
v 0.664923 0.0703308 -0.427652
v 0.670899 0.0602977 -0.435623
v 0.676816 0.0502654 -0.443648
v 0.682678 0.0402308 -0.451728
v 0.688485 0.0301948 -0.459859
v 0.694236 0.0201586 -0.46804
v 0.700162 0.0101199 -0.476602
v 0.699761 6.18339e-05 -0.476005
v 0.652061 0.10011 -0.410915
v 0.658933 0.0903799 -0.419775
v 0.664965 0.0803643 -0.427688
v 0.670941 0.0703364 -0.435661
v 0.676856 0.0603041 -0.443683
v 0.682711 0.0502726 -0.451761
v 0.688511 0.0402389 -0.45989
v 0.694256 0.0302002 -0.468068
v 0.699947 0.0201622 -0.476296
v 0.705804 0.0101236 -0.484891
v 0.705429 6.98633e-05 -0.484316
v 0.658231 0.100111 -0.418846
v 0.66501 0.0903868 -0.427729
v 0.670981 0.0803725 -0.435694
v 0.676896 0.0703455 -0.443719
v 0.682746 0.060314 -0.451791
v 0.688543 0.0502792 -0.45992
v 0.694281 0.0402424 -0.468097
v 0.699964 0.0302051 -0.476324
v 0.705594 0.0201697 -0.4846
v 0.711379 0.0101283 -0.49322
v 0.711032 7.55727e-05 -0.492665
v 0.66434 0.100117 -0.426829
v 0.671025 0.0903938 -0.435731
v 0.676935 0.0803806 -0.443748
v 0.682788 0.0703505 -0.451821
v 0.688575 0.0603195 -0.459943
v 0.694308 0.0502853 -0.468122
v 0.699983 0.0402492 -0.47635
v 0.705606 0.0302096 -0.484625
v 0.711177 0.0201734 -0.492947
v 0.716889 0.0101345 -0.501592
v 0.716576 7.96861e-05 -0.501056
v 0.670387 0.100119 -0.434855
v 0.676976 0.090401 -0.443778
v 0.682825 0.0803888 -0.451848
v 0.688611 0.0703593 -0.459968
v 0.69434 0.0603247 -0.468143
v 0.700007 0.0502907 -0.47637
v 0.705619 0.0402555 -0.484648
v 0.711177 0.0302178 -0.49297
v 0.71669 0.0201814 -0.501337
v 0.722336 0.0101427 -0.510008
v 0.722055 8.73358e-05 -0.509485
v 0.67637 0.100124 -0.442931
v 0.682864 0.0904125 -0.451875
v 0.688649 0.0803973 -0.459991
v 0.694371 0.070368 -0.468162
v 0.700036 0.0603334 -0.476389
v 0.705639 0.0502955 -0.484663
v 0.711185 0.0402611 -0.492989
v 0.716685 0.0302218 -0.501358
v 0.722137 0.0201861 -0.509768
v 0.727719 0.01015 -0.518462
v 0.727474 0.000100181 -0.517955
v 0.682288 0.100127 -0.451048
v 0.688688 0.0904208 -0.460013
v 0.694409 0.080406 -0.46818
v 0.70007 0.0703727 -0.476402
v 0.705665 0.0603375 -0.484675
v 0.711203 0.0503035 -0.493004
v 0.716686 0.0402662 -0.501377
v 0.722122 0.0302299 -0.509792
v 0.727519 0.0201965 -0.518246
v 0.733036 0.0101629 -0.526949
v 0.732839 0.000113254 -0.526458
v 0.688147 0.100129 -0.459215
v 0.694448 0.090426 -0.468193
v 0.700103 0.0804112 -0.476409
v 0.705698 0.0703811 -0.484686
v 0.711226 0.0603451 -0.49301
v 0.716696 0.0503071 -0.501383
v 0.722115 0.0402712 -0.509804
v 0.727494 0.0302352 -0.518266
v 0.732837 0.0202032 -0.526755
v 0.738303 0.0101752 -0.535465
v 0.738146 0.000131006 -0.534983
v 0.693939 0.100133 -0.467424
v 0.700143 0.090436 -0.476421
v 0.705731 0.0804207 -0.484688
v 0.711258 0.0703853 -0.493011
v 0.71672 0.0603481 -0.501387
v 0.722123 0.0503142 -0.509812
v 0.727481 0.0402773 -0.518278
v 0.732799 0.0302443 -0.526778
v 0.738101 0.0202156 -0.535299
v 0.743529 0.0101906 -0.543999
v 0.743412 0.000146489 -0.543525
v 0.69967 0.100138 -0.475681
v 0.705773 0.0904431 -0.484689
v 0.711294 0.0804266 -0.493007
v 0.716751 0.070393 -0.501386
v 0.722143 0.0603547 -0.50981
v 0.727484 0.0503184 -0.518283
v 0.73278 0.0402828 -0.526788
v 0.73805 0.0302545 -0.535323
v 0.743322 0.0202265 -0.543857
v 0.748724 0.0102032 -0.552537
v 0.748644 0.000160113 -0.552076
v 0.705337 0.10014 -0.483981
v 0.711339 0.0904476 -0.492999
v 0.71679 0.0804287 -0.501368
v 0.722175 0.0703966 -0.5098
v 0.727498 0.0603584 -0.518272
v 0.732779 0.0503221 -0.526789
v 0.73802 0.0402931 -0.535331
v 0.743258 0.0302626 -0.543882
v 0.748516 0.0202356 -0.552422
v 0.7539 0.0102128 -0.56108
v 0.753849 0.000174902 -0.560642
v 0.71094 0.10014 -0.492319
v 0.716838 0.0904534 -0.501352
v 0.722215 0.0804349 -0.509775
v 0.727531 0.0704011 -0.518257
v 0.732794 0.0603619 -0.526776
v 0.738016 0.0503309 -0.535328
v 0.743223 0.0402974 -0.54389
v 0.748438 0.0302735 -0.552451
v 0.753688 0.0202477 -0.560989
v 0.759055 0.0102203 -0.569624
v 0.759031 0.000184005 -0.569212
v 0.716479 0.100142 -0.500703
v 0.722272 0.0904565 -0.509747
v 0.727578 0.0804345 -0.518223
v 0.732823 0.070402 -0.526749
v 0.738027 0.0603672 -0.535304
v 0.743212 0.0503338 -0.54388
v 0.748392 0.0403084 -0.552457
v 0.753598 0.0302838 -0.561018
v 0.758848 0.0202554 -0.569559
v 0.764188 0.0102283 -0.578176
v 0.764186 0.000191523 -0.577789
v 0.721956 0.10014 -0.509124
v 0.727642 0.0904579 -0.518182
v 0.732875 0.080435 -0.526705
v 0.738061 0.070406 -0.535269
v 0.743224 0.0603712 -0.543853
v 0.748377 0.0503433 -0.552444
v 0.753547 0.0403147 -0.561024
v 0.758747 0.0302911 -0.569588
v 0.763985 0.0202653 -0.578133
v 0.769296 0.0102346 -0.586736
v 0.769322 0.000196589 -0.586382
v 0.727375 0.100133 -0.517586
v 0.732951 0.0904531 -0.526648
v 0.738121 0.0804359 -0.535213
v 0.743262 0.0704058 -0.543804
v 0.74839 0.0603777 -0.552407
v 0.753523 0.0503518 -0.561007
v 0.758681 0.0403262 -0.569591
v 0.763875 0.030302 -0.578159
v 0.769101 0.0202751 -0.586715
v 0.774378 0.010243 -0.595309
v 0.77442 0.000207831 -0.59498
v 0.732733 0.100126 -0.526078
v 0.738207 0.0904538 -0.535139
v 0.743329 0.0804376 -0.543736
v 0.748433 0.0704118 -0.55235
v 0.753535 0.0603828 -0.560963
v 0.758653 0.050361 -0.569572
v 0.763804 0.0403344 -0.578161
v 0.768984 0.0303105 -0.586735
v 0.774193 0.0202795 -0.595303
v 0.779394 0.0102466 -0.60382
v 0.781134 0.000248957 -0.602525
v 0.738043 0.100117 -0.534593
v 0.743427 0.0904519 -0.543644
v 0.748506 0.0804416 -0.552266
v 0.75358 0.0704157 -0.560895
v 0.758662 0.0603918 -0.569523
v 0.763767 0.0503712 -0.578138
v 0.768906 0.0403459 -0.586733
v 0.774073 0.0303195 -0.59532
v 0.779222 0.0202877 -0.60384
v 0.78406 0.0102691 -0.611781
v 0.792609 0.00045018 -0.606473
v 0.743308 0.100111 -0.543122
v 0.748615 0.0904558 -0.552157
v 0.753659 0.0804465 -0.5608
v 0.758706 0.0704268 -0.569447
v 0.76377 0.0604013 -0.578081
v 0.768865 0.0503816 -0.586706
v 0.773989 0.0403552 -0.595309
v 0.779104 0.0303276 -0.603856
v 0.783935 0.0203087 -0.611883
v 0.748542 0.100109 -0.551667
v 0.753781 0.0904592 -0.56068
v 0.758793 0.0804534 -0.569341
v 0.763817 0.0704335 -0.578
v 0.768863 0.0604152 -0.586648
v 0.773943 0.050391 -0.595275
v 0.779026 0.0403636 -0.603848
v 0.783859 0.0303477 -0.611965
v 0.753745 0.100108 -0.56022
v 0.758917 0.0904674 -0.569207
v 0.7639 0.080463 -0.577882
v 0.768905 0.0704481 -0.586557
v 0.773939 0.0604249 -0.595211
v 0.77898 0.0504042 -0.603814
v 0.783817 0.0403886 -0.612017
v 0.758923 0.10011 -0.568787
v 0.76403 0.0904771 -0.577739
v 0.768993 0.0804757 -0.586432
v 0.77398 0.0704588 -0.595114
v 0.778978 0.0604386 -0.603748
v 0.783812 0.0504266 -0.612038
v 0.764072 0.100117 -0.577358
v 0.769125 0.0904892 -0.586277
v 0.774066 0.0804884 -0.594982
v 0.77902 0.0704732 -0.603649
v 0.783849 0.0604626 -0.612029
v 0.784463 0.100163 -0.611705
v 0.779396 0.100147 -0.603112
v 0.784236 0.0905411 -0.611814
v 0.774308 0.100134 -0.594522
v 0.779247 0.0905205 -0.603354
v 0.784059 0.0805283 -0.611918
v 0.769203 0.10012 -0.585935
v 0.774199 0.0905003 -0.594816
v 0.779109 0.0805076 -0.603519
v 0.783931 0.0704977 -0.611992
v 3.35005e-06 0.0200018 -0.000203323
v 0.011788 0.0199808 0.00926245
v 0.0216545 0.00993602 0.00734388
v 0.0207518 -0.000196866 0.00746862
v 1.64331e-06 0.0100004 -0.000201144
v 0.0118047 0.00995383 0.00924996
v 0.0109524 -0.00018474 0.00938379
v 0.000877116 -0.000133816 0.00985561
v -0.013934 0.0164208 -0.108448
v -0.0250813 0.0164208 -0.108448
v -0.0250813 5.36013e-05 -0.108448
v -0.013934 5.36013e-05 -0.108448
v -0.0245075 0.00093816 -0.108448
v -0.0236469 0.00093816 -0.108448
v -0.0236469 0.00182297 -0.108448
v -0.0245075 0.00182297 -0.108448
v -0.0245075 0.00182297 -0.108448
v -0.0236469 0.00182297 -0.108448
v -0.0236469 0.00270777 -0.108448
v -0.0245075 0.00270777 -0.108448
v -0.0245075 0.00270777 -0.108448
v -0.0236469 0.00270777 -0.108448
v -0.0236469 0.00359233 -0.108448
v -0.0245075 0.00359233 -0.108448
v -0.0245075 0.00359233 -0.108448
v -0.0236469 0.00359233 -0.108448
v -0.0236469 0.00447714 -0.108448
v -0.0245075 0.00447714 -0.108448
v -0.0245075 0.00447714 -0.108448
v -0.0236469 0.00447714 -0.108448
v -0.0236469 0.00536169 -0.108448
v -0.0245075 0.00536169 -0.108448
v -0.0245075 0.00536169 -0.108448
v -0.0236469 0.00536169 -0.108448
v -0.0236469 0.0062465 -0.108448
v -0.0245075 0.0062465 -0.108448
v -0.0245075 0.0062465 -0.108448
v -0.0236469 0.0062465 -0.108448
v -0.0236469 0.00713131 -0.108448
v -0.0245075 0.00713131 -0.108448
v -0.0245075 0.00713131 -0.108448
v -0.0236469 0.00713131 -0.108448
v -0.0236469 0.00801587 -0.108448
v -0.0245075 0.00801587 -0.108448
v -0.0245075 0.00801587 -0.108448
v -0.0236469 0.00801587 -0.108448
v -0.0236469 0.00890067 -0.108448
v -0.0245075 0.00890067 -0.108448
v -0.0245075 0.00890067 -0.108448
v -0.0236469 0.00890067 -0.108448
v -0.0236469 0.00978548 -0.108448
v -0.0245075 0.00978548 -0.108448
v -0.0245075 0.00978548 -0.108448
v -0.0236469 0.00978548 -0.108448
v -0.0236469 0.01067 -0.108448
v -0.0245075 0.01067 -0.108448
v -0.0245075 0.01067 -0.108448
v -0.0236469 0.01067 -0.108448
v -0.0236469 0.0115548 -0.108448
v -0.0245075 0.0115548 -0.108448
v -0.0245075 0.00093816 -0.108448
v -0.02336 0.00093816 -0.108448
v -0.0245075 0.00182297 -0.108448
v -0.02336 0.00182297 -0.108448
v -0.0245075 0.00270777 -0.108448
v -0.02336 0.00270777 -0.108448
v -0.0245075 0.00359233 -0.108448
v -0.02336 0.00359233 -0.108448
v -0.0245075 0.00447714 -0.108448
v -0.02336 0.00447714 -0.108448
v -0.0245075 0.00536169 -0.108448
v -0.02336 0.00536169 -0.108448
v -0.0245075 0.0062465 -0.108448
v -0.02336 0.0062465 -0.108448
v -0.0245075 0.00713131 -0.108448
v -0.02336 0.00713131 -0.108448
v -0.0245075 0.00801587 -0.108448
v -0.02336 0.00801587 -0.108448
v -0.0245075 0.00890067 -0.108448
v -0.02336 0.00890067 -0.108448
v -0.0245075 0.00978548 -0.108448
v -0.02336 0.00978548 -0.108448
v -0.0245075 0.01067 -0.108448
v -0.02336 0.01067 -0.108448
v -0.0245075 0.0115548 -0.108448
v -0.02336 0.0115548 -0.108448
v -0.0236469 0.0115548 -0.108448
v -0.0236469 0.00093816 -0.108448

#List of body polygons
f 1 2 3
f 1 3 4
f 5 6 7
f 5 13 14
f 19 5 7
f 19 13 5
f 19 20 13
f 268 270 269
f 268 271 270
f 274 269 270
f 274 275 269
f 5 276 277
f 281 5 277
f 281 6 5
f 281 282 6
f 5 14 276
f 1376 1378 1377
f 1376 1379 1378
f 1378 1380 1377
f 1381 1383 1382
f 1381 1384 1383
f 1381 1385 1384
f 1386 1385 1381
f 1386 1387 1385
f 1383 1388 1389
f 1388 1383 1384
f 1379 1567 1568
f 1379 1568 1378
f 1575 1383 1574
f 1383 1575 1382
f 1578 1580 1579
f 1578 1581 1580
f 1581 1383 1389
f 1581 1574 1383
f 1581 1578 1574

#List of body polygons
f 6 8 7
f 6 2 8
f 12 2 11
f 12 8 2
f 8 19 7
f 2 268 269
f 275 2 269
f 275 3 2
f 282 2 6
f 1379 1381 1382
f 1379 1386 1381
f 1572 1573 1571
f 1572 1574 1573
f 1572 1575 1574
f 1575 1379 1382
f 1575 1576 1379
f 1575 1572 1576
f 1573 1578 1579
f 1578 1573 1574

#List of body polygons
f 1 9 10
f 1567 1569 1570
f 1569 1567 1577

#List of body polygons
f 9 11 10
f 9 12 11
f 1569 1571 1570
f 1569 1572 1571
f 1572 1577 1576
f 1572 1569 1577

#List of body polygons
f 13 15 14
f 13 16 15
f 20 16 13
f 20 21 16
f 271 272 270
f 271 273 272
f 272 274 270
f 276 273 277
f 276 278 273
f 276 279 278
f 273 281 277
f 14 279 276
f 14 15 279
f 273 448 449
f 458 273 449
f 458 272 273
f 463 273 278
f 1196 1197 1195
f 1196 1198 1197
f 1197 1199 1195
f 1202 1198 1203
f 1202 1204 1198
f 1198 1205 1203
f 1204 1207 1208
f 1204 1202 1207
f 1198 1376 1377
f 1380 1198 1377
f 1380 1197 1198
f 1385 1204 1384
f 1387 1204 1385
f 1387 1198 1204
f 1388 1390 1389
f 1388 1391 1390
f 1391 1204 1208
f 1391 1384 1204
f 1391 1388 1384
f 1581 1582 1580
f 1581 1583 1582
f 1583 1389 1390
f 1583 1581 1389

#List of body polygons
f 16 17 15
f 16 18 17
f 21 18 16
f 17 22 23
f 22 18 26
f 22 17 18
f 235 236 237
f 235 237 239
f 240 242 241
f 240 243 242
f 236 243 240
f 236 235 243
f 244 245 242
f 244 242 243
f 246 247 245
f 246 245 244
f 247 248 249
f 248 246 252
f 248 247 246
f 279 280 278
f 284 17 285
f 284 280 17
f 15 280 279
f 15 17 280
f 17 23 285
f 430 242 429
f 242 430 241
f 435 245 434
f 429 245 435
f 429 242 245
f 247 436 437
f 434 247 437
f 434 245 247
f 247 249 436
f 448 450 449
f 448 451 450
f 457 449 450
f 457 458 449
f 280 459 460
f 462 280 460
f 462 278 280
f 462 463 278
f 280 284 459
f 910 911 912
f 910 913 914
f 910 912 913
f 1046 1047 1048
f 910 1050 1046
f 911 1046 1048
f 911 910 1046
f 1050 1051 1052
f 1051 910 914
f 1051 1050 910
f 1194 1195 1193
f 1194 1196 1195
f 1199 1193 1195
f 1199 1200 1193
f 1046 1202 1203
f 1205 1046 1203
f 1205 1047 1046
f 1205 1206 1047
f 1207 1209 1208
f 1207 1050 1209
f 1202 1050 1207
f 1202 1046 1050
f 1209 1210 1211
f 1210 1050 1052
f 1210 1209 1050
f 1391 1392 1390
f 1391 1209 1392
f 1209 1391 1208
f 1392 1393 1394
f 1393 1209 1211
f 1393 1392 1209
f 1542 1543 1541
f 1544 1543 1545
f 1544 1546 1543
f 1543 1542 1545
f 1546 1547 1548
f 1546 1544 1547
f 1583 1584 1582
f 1583 1392 1584
f 1392 1583 1390
f 1584 1585 1586
f 1585 1392 1394
f 1585 1584 1392
f 1704 1705 1706
f 1543 1707 1704
f 1541 1704 1706
f 1541 1543 1704
f 1546 1708 1707
f 1546 1707 1543
f 1708 1709 1710
f 1709 1546 1548
f 1709 1708 1546

#List of body polygons
f 22 24 23
f 22 25 24
f 25 22 26
f 24 27 28
f 27 25 31
f 27 24 25
f 230 232 231
f 230 233 232
f 233 230 234
f 236 232 237
f 236 238 232
f 237 233 239
f 237 232 233
f 238 240 241
f 238 236 240
f 248 250 249
f 248 251 250
f 251 248 252
f 253 254 250
f 253 250 251
f 254 255 256
f 255 253 259
f 255 254 253
f 283 284 285
f 24 286 283
f 23 283 285
f 23 24 283
f 286 287 288
f 287 24 28
f 287 286 24
f 232 414 415
f 232 415 231
f 238 419 420
f 414 238 420
f 414 232 238
f 428 429 427
f 428 430 429
f 430 238 241
f 430 419 238
f 430 428 419
f 431 433 432
f 431 434 433
f 431 435 434
f 427 435 431
f 427 429 435
f 436 433 437
f 436 438 433
f 433 434 437
f 250 439 438
f 249 438 436
f 249 250 438
f 254 440 439
f 254 439 250
f 440 441 442
f 441 254 256
f 441 440 254
f 451 452 450
f 451 453 452
f 456 450 452
f 456 457 450
f 459 455 460
f 459 461 455
f 455 462 460
f 283 464 461
f 284 461 459
f 284 283 461
f 466 286 467
f 466 464 286
f 286 464 283
f 286 288 467
f 608 433 607
f 433 608 432
f 609 611 610
f 609 438 611
f 607 438 609
f 607 433 438
f 439 612 611
f 439 611 438
f 440 613 612
f 440 612 439
f 613 614 615
f 614 440 442
f 614 613 440
f 626 628 627
f 626 461 628
f 629 461 626
f 629 455 461
f 464 630 628
f 464 628 461
f 630 631 632
f 631 464 466
f 631 630 464
f 761 611 760
f 611 761 610
f 612 762 763
f 760 612 763
f 760 611 612
f 613 765 766
f 762 613 766
f 762 612 613
f 613 615 765
f 628 775 776
f 628 776 627
f 778 780 779
f 778 630 780
f 775 630 778
f 775 628 630
f 781 780 782
f 781 783 780
f 782 630 632
f 782 780 630
f 783 784 785
f 783 781 784
f 907 908 909
f 911 780 912
f 911 907 780
f 779 907 909
f 779 780 907
f 913 915 914
f 913 783 915
f 912 783 913
f 912 780 783
f 915 916 917
f 916 783 785
f 916 915 783
f 1047 907 1048
f 1047 1044 907
f 908 1044 1049
f 908 907 1044
f 907 911 1048
f 1051 1053 1052
f 1051 915 1053
f 915 1051 914
f 1053 1054 1055
f 1054 915 917
f 1054 1053 915
f 1188 1189 1190
f 1191 1193 1192
f 1191 1194 1193
f 1200 1192 1193
f 1200 1201 1192
f 1206 1044 1047
f 1210 1212 1211
f 1210 1053 1212
f 1053 1210 1052
f 1212 1213 1214
f 1213 1053 1055
f 1213 1212 1053
f 1357 1358 1359
f 1360 1357 1361
f 1360 1362 1357
f 1357 1359 1361
f 1363 1362 1364
f 1363 1365 1362
f 1362 1360 1364
f 1365 1366 1367
f 1365 1363 1366
f 1373 1375 1374
f 1373 1188 1375
f 1188 1373 1189
f 1393 1395 1394
f 1393 1212 1395
f 1212 1393 1211
f 1395 1396 1397
f 1396 1212 1214
f 1396 1395 1212
f 1534 1535 1533
f 1536 1535 1537
f 1536 1538 1535
f 1535 1534 1537
f 1539 1538 1540
f 1539 1541 1538
f 1539 1542 1541
f 1538 1536 1540
f 1357 1544 1545
f 1542 1357 1545
f 1542 1358 1357
f 1542 1539 1358
f 1547 1549 1548
f 1547 1362 1549
f 1544 1362 1547
f 1544 1357 1362
f 1365 1550 1549
f 1365 1549 1362
f 1551 1550 1552
f 1551 1553 1550
f 1552 1365 1367
f 1552 1550 1365
f 1554 1553 1555
f 1554 1556 1553
f 1553 1551 1555
f 1557 1556 1558
f 1557 1559 1556
f 1556 1554 1558
f 1560 1559 1561
f 1560 1562 1559
f 1559 1557 1561
f 1563 1562 1564
f 1563 1565 1562
f 1562 1560 1564
f 1375 1566 1565
f 1374 1565 1563
f 1374 1375 1565
f 1585 1587 1586
f 1585 1395 1587
f 1395 1585 1394
f 1587 1588 1589
f 1588 1395 1397
f 1588 1587 1395
f 1701 1703 1702
f 1701 1535 1703
f 1535 1701 1533
f 1705 1538 1706
f 1705 1703 1538
f 1538 1703 1535
f 1538 1541 1706
f 1709 1711 1710
f 1709 1549 1711
f 1549 1709 1548
f 1550 1712 1711
f 1550 1711 1549
f 1553 1713 1712
f 1553 1712 1550
f 1556 1714 1713
f 1556 1713 1553
f 1559 1715 1714
f 1559 1714 1556
f 1562 1716 1715
f 1562 1715 1559
f 1565 1717 1716
f 1565 1716 1562
f 1566 1718 1717
f 1566 1717 1565

#List of body polygons
f 27 29 28
f 27 30 29
f 30 27 31
f 32 33 29
f 32 29 30
f 35 37 36
f 35 33 37
f 37 33 32
f 37 40 36
f 225 227 226
f 225 228 227
f 228 225 229
f 227 230 231
f 230 228 234
f 230 227 228
f 255 257 256
f 255 258 257
f 258 255 259
f 260 261 257
f 260 257 258
f 262 263 261
f 262 261 260
f 264 265 263
f 264 263 262
f 266 267 265
f 266 265 264
f 287 289 288
f 287 29 289
f 29 287 28
f 33 290 289
f 33 289 29
f 290 291 292
f 291 33 35
f 291 290 33
f 227 411 412
f 227 412 226
f 414 416 415
f 414 417 416
f 415 227 231
f 415 411 227
f 415 416 411
f 419 421 420
f 419 422 421
f 417 420 421
f 417 414 420
f 424 426 425
f 424 427 426
f 424 428 427
f 428 422 419
f 428 424 422
f 426 431 432
f 426 427 431
f 441 443 442
f 441 257 443
f 257 441 256
f 261 444 443
f 261 443 257
f 263 445 444
f 263 444 261
f 265 446 445
f 265 445 263
f 267 447 446
f 267 446 265
f 453 454 452
f 453 455 454
f 454 456 452
f 465 466 467
f 289 468 465
f 288 465 467
f 288 289 465
f 470 290 471
f 470 468 290
f 290 468 289
f 290 292 471
f 603 426 602
f 426 603 425
f 604 606 605
f 604 607 606
f 604 608 607
f 608 426 432
f 608 602 426
f 608 604 602
f 606 609 610
f 606 607 609
f 614 616 615
f 614 443 616
f 443 614 442
f 444 617 616
f 444 616 443
f 445 618 617
f 445 617 444
f 446 619 618
f 446 618 445
f 447 620 619
f 447 619 446
f 455 621 622
f 625 455 622
f 625 454 455
f 624 626 627
f 624 629 626
f 631 633 632
f 631 465 633
f 465 631 466
f 468 634 633
f 468 633 465
f 634 635 636
f 635 468 470
f 635 634 468
f 756 606 755
f 606 756 605
f 757 759 758
f 757 760 759
f 757 761 760
f 761 606 610
f 761 755 606
f 761 757 755
f 762 759 763
f 762 764 759
f 759 760 763
f 765 764 766
f 765 767 764
f 764 762 766
f 616 768 767
f 615 767 765
f 615 616 767
f 617 769 768
f 617 768 616
f 618 770 769
f 618 769 617
f 619 771 770
f 619 770 618
f 620 772 771
f 620 771 619
f 775 773 776
f 775 777 773
f 776 624 627
f 776 773 624
f 777 778 779
f 777 775 778
f 633 781 782
f 633 782 632
f 784 786 785
f 784 634 786
f 781 634 784
f 781 633 634
f 786 787 788
f 787 634 636
f 787 786 634
f 895 897 896
f 895 759 897
f 759 895 758
f 764 898 897
f 764 897 759
f 767 899 898
f 767 898 764
f 768 900 899
f 768 899 767
f 769 901 900
f 769 900 768
f 770 902 901
f 770 901 769
f 771 903 902
f 771 902 770
f 772 904 903
f 772 903 771
f 908 777 909
f 908 905 777
f 777 905 773
f 777 779 909
f 916 918 917
f 916 786 918
f 786 916 785
f 918 919 920
f 919 786 788
f 919 918 786
f 1031 1033 1032
f 1031 897 1033
f 897 1031 896
f 898 1034 1033
f 898 1033 897
f 899 1035 1034
f 899 1034 898
f 900 1036 1035
f 900 1035 899
f 901 1037 1036
f 901 1036 900
f 902 1038 1037
f 902 1037 901
f 903 1039 1038
f 903 1038 902
f 904 1040 1039
f 904 1039 903
f 1041 1043 1042
f 1041 1044 1043
f 1043 1045 1042
f 905 908 1049
f 1054 1056 1055
f 1054 918 1056
f 918 1054 917
f 1056 1057 1058
f 1057 918 920
f 1057 1056 918
f 1178 1179 1180
f 1033 1181 1178
f 1032 1178 1180
f 1032 1033 1178
f 1034 1182 1181
f 1034 1181 1033
f 1035 1183 1182
f 1035 1182 1034
f 1036 1184 1183
f 1036 1183 1035
f 1037 1185 1184
f 1037 1184 1036
f 1038 1186 1185
f 1038 1185 1037
f 1039 1187 1186
f 1039 1186 1038
f 1189 1040 1190
f 1189 1187 1040
f 1040 1187 1039
f 1044 1191 1192
f 1201 1044 1192
f 1201 1043 1044
f 1213 1215 1214
f 1213 1056 1215
f 1056 1213 1055
f 1215 1216 1217
f 1216 1056 1058
f 1216 1215 1056
f 1352 1353 1351
f 1354 1353 1355
f 1354 1356 1353
f 1353 1352 1355
f 1358 1178 1359
f 1358 1356 1178
f 1179 1356 1354
f 1179 1178 1356
f 1181 1360 1361
f 1359 1181 1361
f 1359 1178 1181
f 1182 1363 1364
f 1360 1182 1364
f 1360 1181 1182
f 1366 1368 1367
f 1366 1183 1368
f 1363 1183 1366
f 1363 1182 1183
f 1184 1369 1368
f 1184 1368 1183
f 1185 1370 1369
f 1185 1369 1184
f 1186 1371 1370
f 1186 1370 1185
f 1187 1372 1371
f 1187 1371 1186
f 1372 1373 1374
f 1373 1187 1189
f 1373 1372 1187
f 1396 1398 1397
f 1396 1215 1398
f 1215 1396 1214
f 1399 1398 1400
f 1399 1401 1398
f 1400 1215 1217
f 1400 1398 1215
f 1401 1402 1403
f 1401 1399 1402
f 1528 1529 1530
f 1531 1528 1532
f 1531 1533 1528
f 1531 1534 1533
f 1528 1530 1532
f 1353 1536 1537
f 1534 1353 1537
f 1534 1351 1353
f 1534 1531 1351
f 1356 1539 1540
f 1536 1356 1540
f 1536 1353 1356
f 1539 1356 1358
f 1368 1551 1552
f 1368 1552 1367
f 1369 1554 1555
f 1551 1369 1555
f 1551 1368 1369
f 1370 1557 1558
f 1554 1370 1558
f 1554 1369 1370
f 1371 1560 1561
f 1557 1371 1561
f 1557 1370 1371
f 1372 1563 1564
f 1560 1372 1564
f 1560 1371 1372
f 1372 1374 1563
f 1588 1590 1589
f 1588 1398 1590
f 1398 1588 1397
f 1401 1591 1590
f 1401 1590 1398
f 1592 1591 1593
f 1592 1594 1591
f 1593 1401 1403
f 1593 1591 1401
f 1594 1595 1596
f 1594 1592 1595
f 1698 1700 1699
f 1698 1528 1700
f 1528 1698 1529
f 1700 1701 1702
f 1701 1528 1533
f 1701 1700 1528

#List of body polygons
f 34 35 36
f 38 39 34
f 40 34 36
f 40 38 34
f 41 42 39
f 41 39 38
f 43 44 42
f 43 42 41
f 45 46 44
f 45 44 43
f 47 48 46
f 47 46 45
f 49 50 48
f 49 48 47
f 51 52 50
f 51 50 49
f 53 54 52
f 53 52 51
f 55 56 54
f 55 54 53
f 57 58 56
f 57 56 55
f 59 60 58
f 59 58 57
f 61 62 60
f 61 60 59
f 63 64 62
f 63 62 61
f 66 68 67
f 66 64 68
f 68 64 63
f 69 70 71
f 67 69 71
f 67 68 69
f 69 75 70
f 218 220 219
f 218 221 220
f 221 218 222
f 223 224 220
f 223 220 221
f 224 225 226
f 225 223 229
f 225 224 223
f 291 293 292
f 291 34 293
f 34 291 35
f 39 294 293
f 39 293 34
f 42 295 294
f 42 294 39
f 44 296 295
f 44 295 42
f 46 297 296
f 46 296 44
f 48 298 297
f 48 297 46
f 300 50 301
f 300 298 50
f 50 298 48
f 52 302 303
f 301 52 303
f 301 50 52
f 54 305 306
f 302 54 306
f 302 52 54
f 56 308 309
f 305 56 309
f 305 54 56
f 58 311 312
f 308 58 312
f 308 56 58
f 60 314 315
f 311 60 315
f 311 58 60
f 62 317 318
f 314 62 318
f 314 60 62
f 64 320 321
f 317 64 321
f 317 62 64
f 64 66 320
f 407 409 408
f 407 220 409
f 220 407 219
f 224 410 409
f 224 409 220
f 411 410 412
f 411 413 410
f 412 224 226
f 412 410 224
f 417 413 416
f 417 418 413
f 416 413 411
f 422 418 421
f 422 423 418
f 418 417 421
f 423 424 425
f 424 423 422
f 469 470 471
f 293 472 469
f 292 469 471
f 292 293 469
f 294 473 472
f 294 472 293
f 475 295 476
f 475 473 295
f 295 473 294
f 296 477 478
f 476 296 478
f 476 295 296
f 297 480 481
f 477 297 481
f 477 296 297
f 298 483 484
f 480 298 484
f 480 297 298
f 298 300 483
f 409 584 585
f 409 585 408
f 587 589 588
f 587 410 589
f 584 410 587
f 584 409 410
f 591 413 592
f 591 589 413
f 413 589 410
f 418 593 594
f 592 418 594
f 592 413 418
f 423 596 597
f 593 423 597
f 593 418 423
f 599 601 600
f 599 602 601
f 599 603 602
f 603 423 425
f 603 596 423
f 603 599 596
f 601 604 605
f 604 601 602
f 621 623 622
f 621 624 623
f 623 625 622
f 635 637 636
f 635 469 637
f 469 635 470
f 472 638 637
f 472 637 469
f 640 473 641
f 640 638 473
f 473 638 472
f 473 475 641
f 589 739 740
f 589 740 588
f 589 591 739
f 751 601 750
f 601 751 600
f 752 754 753
f 752 755 754
f 752 756 755
f 756 601 605
f 756 750 601
f 756 752 750
f 754 757 758
f 757 754 755
f 624 773 774
f 624 774 623
f 787 789 788
f 787 637 789
f 637 787 636
f 638 790 789
f 638 789 637
f 790 791 792
f 791 638 640
f 791 790 638
f 892 894 893
f 892 754 894
f 754 892 753
f 894 895 896
f 895 754 758
f 895 894 754
f 773 905 906
f 773 906 774
f 919 921 920
f 919 789 921
f 789 919 788
f 790 922 921
f 790 921 789
f 922 923 924
f 923 790 792
f 923 922 790
f 1028 1030 1029
f 1028 894 1030
f 894 1028 893
f 1030 1031 1032
f 1031 894 896
f 1031 1030 894
f 905 1041 1042
f 1045 905 1042
f 1045 906 905
f 1057 1059 1058
f 1057 921 1059
f 921 1057 920
f 922 1060 1059
f 922 1059 921
f 1061 1060 1062
f 1061 1063 1060
f 1062 922 924
f 1062 1060 922
f 1063 1064 1065
f 1063 1061 1064
f 1175 1176 1177
f 1179 1030 1180
f 1179 1175 1030
f 1029 1175 1177
f 1029 1030 1175
f 1030 1032 1180
f 1216 1218 1217
f 1216 1059 1218
f 1059 1216 1058
f 1060 1219 1218
f 1060 1218 1059
f 1063 1220 1219
f 1063 1219 1060
f 1221 1220 1222
f 1221 1223 1220
f 1222 1063 1065
f 1222 1220 1063
f 1224 1223 1225
f 1224 1226 1223
f 1223 1221 1225
f 1227 1226 1228
f 1227 1229 1226
f 1226 1224 1228
f 1230 1229 1231
f 1230 1232 1229
f 1229 1227 1231
f 1233 1232 1234
f 1233 1235 1232
f 1232 1230 1234
f 1235 1236 1237
f 1235 1233 1236
f 1337 1338 1339
f 1340 1337 1341
f 1340 1342 1337
f 1337 1339 1341
f 1343 1342 1344
f 1343 1345 1342
f 1342 1340 1344
f 1346 1345 1347
f 1346 1348 1345
f 1345 1343 1347
f 1349 1348 1350
f 1349 1351 1348
f 1349 1352 1351
f 1348 1346 1350
f 1175 1354 1355
f 1352 1175 1355
f 1352 1176 1175
f 1352 1349 1176
f 1175 1179 1354
f 1218 1399 1400
f 1218 1400 1217
f 1402 1404 1403
f 1402 1219 1404
f 1399 1219 1402
f 1399 1218 1219
f 1220 1405 1404
f 1220 1404 1219
f 1223 1406 1405
f 1223 1405 1220
f 1226 1407 1406
f 1226 1406 1223
f 1229 1408 1407
f 1229 1407 1226
f 1232 1409 1408
f 1232 1408 1229
f 1235 1410 1409
f 1235 1409 1232
f 1411 1410 1412
f 1411 1413 1410
f 1412 1235 1237
f 1412 1410 1235
f 1414 1413 1415
f 1414 1416 1413
f 1413 1411 1415
f 1417 1416 1418
f 1417 1419 1416
f 1416 1414 1418
f 1420 1419 1421
f 1420 1422 1419
f 1419 1417 1421
f 1423 1422 1424
f 1423 1425 1422
f 1422 1420 1424
f 1426 1425 1427
f 1426 1428 1425
f 1425 1423 1427
f 1429 1428 1430
f 1429 1431 1428
f 1428 1426 1430
f 1431 1432 1433
f 1431 1429 1432
f 1524 1526 1525
f 1524 1337 1526
f 1337 1524 1338
f 1342 1527 1526
f 1342 1526 1337
f 1529 1345 1530
f 1529 1527 1345
f 1345 1527 1342
f 1348 1531 1532
f 1530 1348 1532
f 1530 1345 1348
f 1531 1348 1351
f 1404 1592 1593
f 1404 1593 1403
f 1595 1597 1596
f 1595 1405 1597
f 1592 1405 1595
f 1592 1404 1405
f 1406 1598 1597
f 1406 1597 1405
f 1407 1599 1598
f 1407 1598 1406
f 1408 1600 1599
f 1408 1599 1407
f 1409 1601 1600
f 1409 1600 1408
f 1410 1602 1601
f 1410 1601 1409
f 1413 1603 1602
f 1413 1602 1410
f 1416 1604 1603
f 1416 1603 1413
f 1419 1605 1604
f 1419 1604 1416
f 1422 1606 1605
f 1422 1605 1419
f 1425 1607 1606
f 1425 1606 1422
f 1428 1608 1607
f 1428 1607 1425
f 1431 1609 1608
f 1431 1608 1428
f 1610 1609 1611
f 1610 1612 1609
f 1611 1431 1433
f 1611 1609 1431
f 1613 1612 1614
f 1613 1615 1612
f 1612 1610 1614
f 1615 1616 1617
f 1615 1613 1616
f 1526 1692 1693
f 1526 1693 1525
f 1695 1697 1696
f 1695 1527 1697
f 1692 1527 1695
f 1692 1526 1527
f 1697 1698 1699
f 1698 1527 1529
f 1698 1697 1527

#List of body polygons
f 65 66 67
f 70 65 71
f 70 72 65
f 65 67 71
f 73 74 72
f 75 72 70
f 75 73 72
f 76 77 74
f 76 74 73
f 78 79 77
f 78 77 76
f 80 81 79
f 80 79 78
f 82 83 81
f 82 81 80
f 84 85 83
f 84 83 82
f 86 87 85
f 86 85 84
f 88 89 87
f 88 87 86
f 90 91 89
f 90 89 88
f 93 95 94
f 93 91 95
f 95 91 90
f 95 98 94
f 213 215 214
f 213 216 215
f 216 213 217
f 215 218 219
f 218 216 222
f 218 215 216
f 299 300 301
f 302 299 303
f 302 304 299
f 299 301 303
f 305 304 306
f 305 307 304
f 304 302 306
f 308 307 309
f 308 310 307
f 307 305 309
f 311 310 312
f 311 313 310
f 310 308 312
f 314 313 315
f 314 316 313
f 313 311 315
f 317 316 318
f 317 319 316
f 316 314 318
f 320 319 321
f 320 322 319
f 319 317 321
f 65 323 322
f 66 322 320
f 66 65 322
f 72 324 323
f 72 323 65
f 74 325 324
f 74 324 72
f 77 326 325
f 77 325 74
f 79 327 326
f 79 326 77
f 81 328 327
f 81 327 79
f 83 329 328
f 83 328 81
f 331 85 332
f 331 329 85
f 85 329 83
f 87 333 334
f 332 87 334
f 332 85 87
f 89 336 337
f 333 89 337
f 333 87 89
f 91 339 340
f 336 91 340
f 336 89 91
f 91 93 339
f 404 406 405
f 404 215 406
f 215 404 214
f 406 407 408
f 407 215 219
f 407 406 215
f 474 475 476
f 477 474 478
f 477 479 474
f 474 476 478
f 480 479 481
f 480 482 479
f 479 477 481
f 483 482 484
f 483 485 482
f 482 480 484
f 299 486 485
f 300 485 483
f 300 299 485
f 304 487 486
f 304 486 299
f 307 488 487
f 307 487 304
f 310 489 488
f 310 488 307
f 313 490 489
f 313 489 310
f 316 491 490
f 316 490 313
f 319 492 491
f 319 491 316
f 322 493 492
f 322 492 319
f 323 494 493
f 323 493 322
f 324 495 494
f 324 494 323
f 497 325 498
f 497 495 325
f 325 495 324
f 326 499 500
f 498 326 500
f 498 325 326
f 327 502 503
f 499 327 503
f 499 326 327
f 328 505 506
f 502 328 506
f 502 327 328
f 329 508 509
f 505 329 509
f 505 328 329
f 329 331 508
f 581 583 582
f 581 406 583
f 406 581 405
f 584 583 585
f 584 586 583
f 585 406 408
f 585 583 406
f 586 587 588
f 586 584 587
f 590 591 592
f 593 590 594
f 593 595 590
f 590 592 594
f 596 595 597
f 596 598 595
f 595 593 597
f 598 599 600
f 599 598 596
f 639 640 641
f 474 642 639
f 475 639 641
f 475 474 639
f 479 643 642
f 479 642 474
f 482 644 643
f 482 643 479
f 485 645 644
f 485 644 482
f 486 646 645
f 486 645 485
f 487 647 646
f 487 646 486
f 488 648 647
f 488 647 487
f 489 649 648
f 489 648 488
f 490 650 649
f 490 649 489
f 491 651 650
f 491 650 490
f 492 652 651
f 492 651 491
f 654 493 655
f 654 652 493
f 493 652 492
f 494 656 657
f 655 494 657
f 655 493 494
f 495 659 660
f 656 495 660
f 656 494 495
f 495 497 659
f 735 737 736
f 735 583 737
f 583 735 582
f 586 738 737
f 586 737 583
f 739 738 740
f 739 741 738
f 740 586 588
f 740 738 586
f 590 742 741
f 591 741 739
f 591 590 741
f 595 743 742
f 595 742 590
f 745 598 746
f 745 743 598
f 598 743 595
f 747 749 748
f 747 750 749
f 747 751 750
f 751 598 600
f 751 746 598
f 751 747 746
f 749 752 753
f 752 749 750
f 791 793 792
f 791 639 793
f 639 791 640
f 642 794 793
f 642 793 639
f 643 795 794
f 643 794 642
f 644 796 795
f 644 795 643
f 645 797 796
f 645 796 644
f 646 798 797
f 646 797 645
f 647 799 798
f 647 798 646
f 648 800 799
f 648 799 647
f 649 801 800
f 649 800 648
f 650 802 801
f 650 801 649
f 651 803 802
f 651 802 650
f 805 652 806
f 805 803 652
f 652 803 651
f 652 654 806
f 879 881 880
f 879 737 881
f 737 879 736
f 738 882 881
f 738 881 737
f 741 883 882
f 741 882 738
f 742 884 883
f 742 883 741
f 743 885 884
f 743 884 742
f 885 886 887
f 886 743 745
f 886 885 743
f 889 891 890
f 889 749 891
f 749 889 748
f 891 892 893
f 892 749 753
f 892 891 749
f 923 925 924
f 923 793 925
f 793 923 792
f 794 926 925
f 794 925 793
f 795 927 926
f 795 926 794
f 796 928 927
f 796 927 795
f 797 929 928
f 797 928 796
f 798 930 929
f 798 929 797
f 799 931 930
f 799 930 798
f 800 932 931
f 800 931 799
f 801 933 932
f 801 932 800
f 802 934 933
f 802 933 801
f 803 935 934
f 803 934 802
f 936 935 937
f 936 938 935
f 937 803 805
f 937 935 803
f 938 939 940
f 938 936 939
f 1015 1017 1016
f 1015 881 1017
f 881 1015 880
f 882 1018 1017
f 882 1017 881
f 883 1019 1018
f 883 1018 882
f 884 1020 1019
f 884 1019 883
f 885 1021 1020
f 885 1020 884
f 1021 1022 1023
f 1022 885 887
f 1022 1021 885
f 1025 1027 1026
f 1025 891 1027
f 891 1025 890
f 1027 1028 1029
f 1028 891 893
f 1028 1027 891
f 925 1061 1062
f 925 1062 924
f 1064 1066 1065
f 1064 926 1066
f 1061 926 1064
f 1061 925 926
f 927 1067 1066
f 927 1066 926
f 928 1068 1067
f 928 1067 927
f 929 1069 1068
f 929 1068 928
f 930 1070 1069
f 930 1069 929
f 931 1071 1070
f 931 1070 930
f 932 1072 1071
f 932 1071 931
f 933 1073 1072
f 933 1072 932
f 934 1074 1073
f 934 1073 933
f 935 1075 1074
f 935 1074 934
f 938 1076 1075
f 938 1075 935
f 1077 1076 1078
f 1077 1079 1076
f 1078 938 940
f 1078 1076 938
f 1080 1079 1081
f 1080 1082 1079
f 1079 1077 1081
f 1083 1082 1084
f 1083 1085 1082
f 1082 1080 1084
f 1086 1085 1087
f 1086 1088 1085
f 1085 1083 1087
f 1088 1089 1090
f 1088 1086 1089
f 1165 1167 1166
f 1165 1017 1167
f 1017 1165 1016
f 1018 1168 1167
f 1018 1167 1017
f 1019 1169 1168
f 1019 1168 1018
f 1020 1170 1169
f 1020 1169 1019
f 1021 1171 1170
f 1021 1170 1020
f 1172 1171 1173
f 1172 1174 1171
f 1173 1021 1023
f 1173 1171 1021
f 1176 1027 1177
f 1176 1174 1027
f 1026 1174 1172
f 1026 1027 1174
f 1027 1029 1177
f 1066 1221 1222
f 1066 1222 1065
f 1067 1224 1225
f 1221 1067 1225
f 1221 1066 1067
f 1068 1227 1228
f 1224 1068 1228
f 1224 1067 1068
f 1069 1230 1231
f 1227 1069 1231
f 1227 1068 1069
f 1070 1233 1234
f 1230 1070 1234
f 1230 1069 1070
f 1236 1238 1237
f 1236 1071 1238
f 1233 1071 1236
f 1233 1070 1071
f 1072 1239 1238
f 1072 1238 1071
f 1073 1240 1239
f 1073 1239 1072
f 1074 1241 1240
f 1074 1240 1073
f 1075 1242 1241
f 1075 1241 1074
f 1076 1243 1242
f 1076 1242 1075
f 1079 1244 1243
f 1079 1243 1076
f 1082 1245 1244
f 1082 1244 1079
f 1085 1246 1245
f 1085 1245 1082
f 1088 1247 1246
f 1088 1246 1085
f 1248 1247 1249
f 1248 1250 1247
f 1249 1088 1090
f 1249 1247 1088
f 1251 1250 1252
f 1251 1253 1250
f 1250 1248 1252
f 1254 1253 1255
f 1254 1256 1253
f 1253 1251 1255
f 1257 1256 1258
f 1257 1259 1256
f 1256 1254 1258
f 1259 1260 1261
f 1259 1257 1260
f 1334 1336 1335
f 1334 1167 1336
f 1167 1334 1166
f 1338 1168 1339
f 1338 1336 1168
f 1168 1336 1167
f 1169 1340 1341
f 1339 1169 1341
f 1339 1168 1169
f 1170 1343 1344
f 1340 1170 1344
f 1340 1169 1170
f 1171 1346 1347
f 1343 1171 1347
f 1343 1170 1171
f 1174 1349 1350
f 1346 1174 1350
f 1346 1171 1174
f 1349 1174 1176
f 1238 1411 1412
f 1238 1412 1237
f 1239 1414 1415
f 1411 1239 1415
f 1411 1238 1239
f 1240 1417 1418
f 1414 1240 1418
f 1414 1239 1240
f 1241 1420 1421
f 1417 1241 1421
f 1417 1240 1241
f 1242 1423 1424
f 1420 1242 1424
f 1420 1241 1242
f 1243 1426 1427
f 1423 1243 1427
f 1423 1242 1243
f 1244 1429 1430
f 1426 1244 1430
f 1426 1243 1244
f 1432 1434 1433
f 1432 1245 1434
f 1429 1245 1432
f 1429 1244 1245
f 1246 1435 1434
f 1246 1434 1245
f 1247 1436 1435
f 1247 1435 1246
f 1250 1437 1436
f 1250 1436 1247
f 1253 1438 1437
f 1253 1437 1250
f 1256 1439 1438
f 1256 1438 1253
f 1259 1440 1439
f 1259 1439 1256
f 1441 1440 1442
f 1441 1443 1440
f 1442 1259 1261
f 1442 1440 1259
f 1444 1443 1445
f 1444 1446 1443
f 1443 1441 1445
f 1447 1446 1448
f 1447 1449 1446
f 1446 1444 1448
f 1450 1449 1451
f 1450 1452 1449
f 1449 1447 1451
f 1452 1453 1454
f 1452 1450 1453
f 1521 1523 1522
f 1521 1336 1523
f 1336 1521 1335
f 1523 1524 1525
f 1524 1336 1338
f 1524 1523 1336
f 1434 1610 1611
f 1434 1611 1433
f 1435 1613 1614
f 1610 1435 1614
f 1610 1434 1435
f 1616 1618 1617
f 1616 1436 1618
f 1613 1436 1616
f 1613 1435 1436
f 1437 1619 1618
f 1437 1618 1436
f 1438 1620 1619
f 1438 1619 1437
f 1439 1621 1620
f 1439 1620 1438
f 1440 1622 1621
f 1440 1621 1439
f 1443 1623 1622
f 1443 1622 1440
f 1446 1624 1623
f 1446 1623 1443
f 1449 1625 1624
f 1449 1624 1446
f 1452 1626 1625
f 1452 1625 1449
f 1626 1627 1628
f 1627 1452 1454
f 1627 1626 1452
f 1689 1691 1690
f 1689 1523 1691
f 1523 1689 1522
f 1692 1691 1693
f 1692 1694 1691
f 1693 1523 1525
f 1693 1691 1523
f 1694 1695 1696
f 1694 1692 1695

#List of body polygons
f 92 93 94
f 96 97 92
f 98 92 94
f 98 96 92
f 99 100 97
f 99 97 96
f 101 102 100
f 101 100 99
f 103 104 102
f 103 102 101
f 105 106 104
f 105 104 103
f 107 108 106
f 107 106 105
f 109 110 108
f 109 108 107
f 111 112 110
f 111 110 109
f 113 114 112
f 113 112 111
f 115 116 114
f 115 114 113
f 116 117 118
f 117 115 121
f 117 116 115
f 204 205 206
f 208 209 204
f 210 204 206
f 210 208 204
f 211 212 209
f 211 209 208
f 212 213 214
f 213 211 217
f 213 212 211
f 330 331 332
f 333 330 334
f 333 335 330
f 330 332 334
f 336 335 337
f 336 338 335
f 335 333 337
f 339 338 340
f 339 341 338
f 338 336 340
f 92 342 341
f 93 341 339
f 93 92 341
f 97 343 342
f 97 342 92
f 100 344 343
f 100 343 97
f 102 345 344
f 102 344 100
f 104 346 345
f 104 345 102
f 106 347 346
f 106 346 104
f 108 348 347
f 108 347 106
f 110 349 348
f 110 348 108
f 112 350 349
f 112 349 110
f 352 114 353
f 352 350 114
f 114 350 112
f 116 354 355
f 353 116 355
f 353 114 116
f 116 118 354
f 399 401 400
f 399 204 401
f 204 399 205
f 209 402 401
f 209 401 204
f 212 403 402
f 212 402 209
f 403 404 405
f 404 212 214
f 404 403 212
f 496 497 498
f 499 496 500
f 499 501 496
f 496 498 500
f 502 501 503
f 502 504 501
f 501 499 503
f 505 504 506
f 505 507 504
f 504 502 506
f 508 507 509
f 508 510 507
f 507 505 509
f 330 511 510
f 331 510 508
f 331 330 510
f 335 512 511
f 335 511 330
f 338 513 512
f 338 512 335
f 341 514 513
f 341 513 338
f 342 515 514
f 342 514 341
f 343 516 515
f 343 515 342
f 344 517 516
f 344 516 343
f 345 518 517
f 345 517 344
f 346 519 518
f 346 518 345
f 521 347 522
f 521 519 347
f 347 519 346
f 348 523 524
f 522 348 524
f 522 347 348
f 349 526 527
f 523 349 527
f 523 348 349
f 350 529 530
f 526 350 530
f 526 349 350
f 350 352 529
f 576 578 577
f 576 401 578
f 401 576 400
f 402 579 578
f 402 578 401
f 403 580 579
f 403 579 402
f 580 581 582
f 581 403 405
f 581 580 403
f 653 654 655
f 656 653 657
f 656 658 653
f 653 655 657
f 659 658 660
f 659 661 658
f 658 656 660
f 496 662 661
f 497 661 659
f 497 496 661
f 501 663 662
f 501 662 496
f 504 664 663
f 504 663 501
f 507 665 664
f 507 664 504
f 510 666 665
f 510 665 507
f 511 667 666
f 511 666 510
f 512 668 667
f 512 667 511
f 513 669 668
f 513 668 512
f 514 670 669
f 514 669 513
f 515 671 670
f 515 670 514
f 516 672 671
f 516 671 515
f 674 517 675
f 674 672 517
f 517 672 516
f 518 676 677
f 675 518 677
f 675 517 518
f 519 679 680
f 676 519 680
f 676 518 519
f 519 521 679
f 730 732 731
f 730 578 732
f 578 730 577
f 579 733 732
f 579 732 578
f 580 734 733
f 580 733 579
f 734 735 736
f 735 580 582
f 735 734 580
f 744 745 746
f 744 747 748
f 747 744 746
f 804 805 806
f 653 807 804
f 654 804 806
f 654 653 804
f 658 808 807
f 658 807 653
f 661 809 808
f 661 808 658
f 662 810 809
f 662 809 661
f 663 811 810
f 663 810 662
f 664 812 811
f 664 811 663
f 665 813 812
f 665 812 664
f 666 814 813
f 666 813 665
f 667 815 814
f 667 814 666
f 668 816 815
f 668 815 667
f 669 817 816
f 669 816 668
f 670 818 817
f 670 817 669
f 671 819 818
f 671 818 670
f 821 672 822
f 821 819 672
f 672 819 671
f 672 674 822
f 874 876 875
f 874 732 876
f 732 874 731
f 733 877 876
f 733 876 732
f 734 878 877
f 734 877 733
f 878 879 880
f 879 734 736
f 879 878 734
f 886 888 887
f 886 744 888
f 744 886 745
f 888 889 890
f 889 744 748
f 889 888 744
f 804 936 937
f 804 937 805
f 939 941 940
f 939 807 941
f 936 807 939
f 936 804 807
f 808 942 941
f 808 941 807
f 809 943 942
f 809 942 808
f 810 944 943
f 810 943 809
f 811 945 944
f 811 944 810
f 812 946 945
f 812 945 811
f 813 947 946
f 813 946 812
f 814 948 947
f 814 947 813
f 815 949 948
f 815 948 814
f 816 950 949
f 816 949 815
f 817 951 950
f 817 950 816
f 818 952 951
f 818 951 817
f 819 953 952
f 819 952 818
f 954 953 955
f 954 956 953
f 955 819 821
f 955 953 819
f 956 957 958
f 956 954 957
f 1010 1012 1011
f 1010 876 1012
f 876 1010 875
f 877 1013 1012
f 877 1012 876
f 878 1014 1013
f 878 1013 877
f 1014 1015 1016
f 1015 878 880
f 1015 1014 878
f 1022 1024 1023
f 1022 888 1024
f 888 1022 887
f 1024 1025 1026
f 1025 888 890
f 1025 1024 888
f 941 1077 1078
f 941 1078 940
f 942 1080 1081
f 1077 942 1081
f 1077 941 942
f 943 1083 1084
f 1080 943 1084
f 1080 942 943
f 944 1086 1087
f 1083 944 1087
f 1083 943 944
f 1089 1091 1090
f 1089 945 1091
f 1086 945 1089
f 1086 944 945
f 946 1092 1091
f 946 1091 945
f 947 1093 1092
f 947 1092 946
f 948 1094 1093
f 948 1093 947
f 949 1095 1094
f 949 1094 948
f 950 1096 1095
f 950 1095 949
f 951 1097 1096
f 951 1096 950
f 952 1098 1097
f 952 1097 951
f 953 1099 1098
f 953 1098 952
f 956 1100 1099
f 956 1099 953
f 1101 1100 1102
f 1101 1103 1100
f 1102 956 958
f 1102 1100 956
f 1104 1103 1105
f 1104 1106 1103
f 1103 1101 1105
f 1107 1106 1108
f 1107 1109 1106
f 1106 1104 1108
f 1109 1110 1111
f 1109 1107 1110
f 1160 1162 1161
f 1160 1012 1162
f 1012 1160 1011
f 1013 1163 1162
f 1013 1162 1012
f 1014 1164 1163
f 1014 1163 1013
f 1164 1165 1166
f 1165 1014 1016
f 1165 1164 1014
f 1024 1172 1173
f 1024 1173 1023
f 1024 1026 1172
f 1091 1248 1249
f 1091 1249 1090
f 1092 1251 1252
f 1248 1092 1252
f 1248 1091 1092
f 1093 1254 1255
f 1251 1093 1255
f 1251 1092 1093
f 1094 1257 1258
f 1254 1094 1258
f 1254 1093 1094
f 1260 1262 1261
f 1260 1095 1262
f 1257 1095 1260
f 1257 1094 1095
f 1096 1263 1262
f 1096 1262 1095
f 1097 1264 1263
f 1097 1263 1096
f 1098 1265 1264
f 1098 1264 1097
f 1099 1266 1265
f 1099 1265 1098
f 1100 1267 1266
f 1100 1266 1099
f 1103 1268 1267
f 1103 1267 1100
f 1106 1269 1268
f 1106 1268 1103
f 1109 1270 1269
f 1109 1269 1106
f 1271 1270 1272
f 1271 1273 1270
f 1272 1109 1111
f 1272 1270 1109
f 1274 1273 1275
f 1274 1276 1273
f 1273 1271 1275
f 1277 1276 1278
f 1277 1279 1276
f 1276 1274 1278
f 1280 1279 1281
f 1280 1282 1279
f 1279 1277 1281
f 1282 1283 1284
f 1282 1280 1283
f 1329 1331 1330
f 1329 1162 1331
f 1162 1329 1161
f 1163 1332 1331
f 1163 1331 1162
f 1164 1333 1332
f 1164 1332 1163
f 1333 1334 1335
f 1334 1164 1166
f 1334 1333 1164
f 1262 1441 1442
f 1262 1442 1261
f 1263 1444 1445
f 1441 1263 1445
f 1441 1262 1263
f 1264 1447 1448
f 1444 1264 1448
f 1444 1263 1264
f 1265 1450 1451
f 1447 1265 1451
f 1447 1264 1265
f 1453 1455 1454
f 1453 1266 1455
f 1450 1266 1453
f 1450 1265 1266
f 1267 1456 1455
f 1267 1455 1266
f 1268 1457 1456
f 1268 1456 1267
f 1269 1458 1457
f 1269 1457 1268
f 1270 1459 1458
f 1270 1458 1269
f 1273 1460 1459
f 1273 1459 1270
f 1276 1461 1460
f 1276 1460 1273
f 1279 1462 1461
f 1279 1461 1276
f 1282 1463 1462
f 1282 1462 1279
f 1464 1463 1465
f 1464 1466 1463
f 1465 1282 1284
f 1465 1463 1282
f 1467 1466 1468
f 1467 1469 1466
f 1466 1464 1468
f 1469 1470 1471
f 1469 1467 1470
f 1331 1514 1515
f 1331 1515 1330
f 1517 1519 1518
f 1517 1332 1519
f 1514 1332 1517
f 1514 1331 1332
f 1333 1520 1519
f 1333 1519 1332
f 1520 1521 1522
f 1521 1333 1335
f 1521 1520 1333
f 1627 1629 1628
f 1627 1455 1629
f 1455 1627 1454
f 1456 1630 1629
f 1456 1629 1455
f 1457 1631 1630
f 1457 1630 1456
f 1458 1632 1631
f 1458 1631 1457
f 1459 1633 1632
f 1459 1632 1458
f 1460 1634 1633
f 1460 1633 1459
f 1461 1635 1634
f 1461 1634 1460
f 1462 1636 1635
f 1462 1635 1461
f 1463 1637 1636
f 1463 1636 1462
f 1466 1638 1637
f 1466 1637 1463
f 1469 1639 1638
f 1469 1638 1466
f 1639 1640 1641
f 1640 1469 1471
f 1640 1639 1469
f 1685 1687 1686
f 1685 1519 1687
f 1519 1685 1518
f 1520 1688 1687
f 1520 1687 1519
f 1688 1689 1690
f 1689 1520 1522
f 1689 1688 1520

#List of body polygons
f 117 119 118
f 117 120 119
f 120 117 121
f 122 123 119
f 122 119 120
f 124 125 123
f 124 123 122
f 126 127 125
f 126 125 124
f 128 129 127
f 128 127 126
f 130 131 129
f 130 129 128
f 132 133 131
f 132 131 130
f 134 135 133
f 134 133 132
f 136 137 135
f 136 135 134
f 138 139 137
f 138 137 136
f 140 141 139
f 140 139 138
f 142 143 141
f 142 141 140
f 144 145 143
f 144 143 142
f 146 147 145
f 146 145 144
f 148 149 147
f 148 147 146
f 150 151 149
f 150 149 148
f 152 153 151
f 152 151 150
f 154 155 153
f 154 153 152
f 156 157 155
f 156 155 154
f 158 159 157
f 158 157 156
f 160 161 159
f 160 159 158
f 162 163 161
f 162 161 160
f 164 165 163
f 164 163 162
f 166 167 165
f 166 165 164
f 168 169 167
f 168 167 166
f 170 171 169
f 170 169 168
f 172 173 171
f 172 171 170
f 174 175 173
f 174 173 172
f 176 177 175
f 176 175 174
f 178 179 177
f 178 177 176
f 180 181 179
f 180 179 178
f 182 183 181
f 182 181 180
f 184 185 183
f 184 183 182
f 186 187 185
f 186 185 184
f 188 189 187
f 188 187 186
f 190 191 189
f 190 189 188
f 192 193 191
f 192 191 190
f 194 195 193
f 194 193 192
f 196 197 195
f 196 195 194
f 198 199 197
f 198 197 196
f 200 201 199
f 200 199 198
f 202 203 201
f 202 201 200
f 205 207 206
f 205 203 207
f 207 203 202
f 207 210 206
f 351 352 353
f 354 351 355
f 354 356 351
f 351 353 355
f 119 357 356
f 118 356 354
f 118 119 356
f 123 358 357
f 123 357 119
f 125 359 358
f 125 358 123
f 127 360 359
f 127 359 125
f 129 361 360
f 129 360 127
f 131 362 361
f 131 361 129
f 133 363 362
f 133 362 131
f 135 364 363
f 135 363 133
f 137 365 364
f 137 364 135
f 139 366 365
f 139 365 137
f 141 367 366
f 141 366 139
f 143 368 367
f 143 367 141
f 145 369 368
f 145 368 143
f 147 370 369
f 147 369 145
f 149 371 370
f 149 370 147
f 151 372 371
f 151 371 149
f 153 373 372
f 153 372 151
f 155 374 373
f 155 373 153
f 157 375 374
f 157 374 155
f 159 376 375
f 159 375 157
f 161 377 376
f 161 376 159
f 163 378 377
f 163 377 161
f 165 379 378
f 165 378 163
f 167 380 379
f 167 379 165
f 169 381 380
f 169 380 167
f 171 382 381
f 171 381 169
f 173 383 382
f 173 382 171
f 175 384 383
f 175 383 173
f 177 385 384
f 177 384 175
f 179 386 385
f 179 385 177
f 181 387 386
f 181 386 179
f 183 388 387
f 183 387 181
f 185 389 388
f 185 388 183
f 187 390 389
f 187 389 185
f 189 391 390
f 189 390 187
f 191 392 391
f 191 391 189
f 193 393 392
f 193 392 191
f 195 394 393
f 195 393 193
f 197 395 394
f 197 394 195
f 199 396 395
f 199 395 197
f 201 397 396
f 201 396 199
f 203 398 397
f 203 397 201
f 398 399 400
f 399 203 205
f 399 398 203
f 520 521 522
f 523 520 524
f 523 525 520
f 520 522 524
f 526 525 527
f 526 528 525
f 525 523 527
f 529 528 530
f 529 531 528
f 528 526 530
f 351 532 531
f 352 531 529
f 352 351 531
f 356 533 532
f 356 532 351
f 357 534 533
f 357 533 356
f 358 535 534
f 358 534 357
f 359 536 535
f 359 535 358
f 360 537 536
f 360 536 359
f 361 538 537
f 361 537 360
f 362 539 538
f 362 538 361
f 363 540 539
f 363 539 362
f 364 541 540
f 364 540 363
f 365 542 541
f 365 541 364
f 366 543 542
f 366 542 365
f 367 544 543
f 367 543 366
f 368 545 544
f 368 544 367
f 369 546 545
f 369 545 368
f 370 547 546
f 370 546 369
f 371 548 547
f 371 547 370
f 372 549 548
f 372 548 371
f 373 550 549
f 373 549 372
f 374 551 550
f 374 550 373
f 375 552 551
f 375 551 374
f 376 553 552
f 376 552 375
f 377 554 553
f 377 553 376
f 378 555 554
f 378 554 377
f 379 556 555
f 379 555 378
f 380 557 556
f 380 556 379
f 381 558 557
f 381 557 380
f 382 559 558
f 382 558 381
f 383 560 559
f 383 559 382
f 384 561 560
f 384 560 383
f 385 562 561
f 385 561 384
f 386 563 562
f 386 562 385
f 387 564 563
f 387 563 386
f 388 565 564
f 388 564 387
f 389 566 565
f 389 565 388
f 390 567 566
f 390 566 389
f 391 568 567
f 391 567 390
f 392 569 568
f 392 568 391
f 393 570 569
f 393 569 392
f 394 571 570
f 394 570 393
f 395 572 571
f 395 571 394
f 396 573 572
f 396 572 395
f 397 574 573
f 397 573 396
f 398 575 574
f 398 574 397
f 575 576 577
f 576 398 400
f 576 575 398
f 673 674 675
f 676 673 677
f 676 678 673
f 673 675 677
f 679 678 680
f 679 681 678
f 678 676 680
f 520 682 681
f 521 681 679
f 521 520 681
f 525 683 682
f 525 682 520
f 528 684 683
f 528 683 525
f 531 685 684
f 531 684 528
f 532 686 685
f 532 685 531
f 533 687 686
f 533 686 532
f 534 688 687
f 534 687 533
f 535 689 688
f 535 688 534
f 536 690 689
f 536 689 535
f 537 691 690
f 537 690 536
f 538 692 691
f 538 691 537
f 539 693 692
f 539 692 538
f 540 694 693
f 540 693 539
f 541 695 694
f 541 694 540
f 542 696 695
f 542 695 541
f 543 697 696
f 543 696 542
f 544 698 697
f 544 697 543
f 545 699 698
f 545 698 544
f 546 700 699
f 546 699 545
f 547 701 700
f 547 700 546
f 548 702 701
f 548 701 547
f 549 703 702
f 549 702 548
f 550 704 703
f 550 703 549
f 551 705 704
f 551 704 550
f 552 706 705
f 552 705 551
f 553 707 706
f 553 706 552
f 554 708 707
f 554 707 553
f 555 709 708
f 555 708 554
f 556 710 709
f 556 709 555
f 557 711 710
f 557 710 556
f 558 712 711
f 558 711 557
f 559 713 712
f 559 712 558
f 560 714 713
f 560 713 559
f 561 715 714
f 561 714 560
f 562 716 715
f 562 715 561
f 563 717 716
f 563 716 562
f 564 718 717
f 564 717 563
f 565 719 718
f 565 718 564
f 566 720 719
f 566 719 565
f 567 721 720
f 567 720 566
f 568 722 721
f 568 721 567
f 569 723 722
f 569 722 568
f 570 724 723
f 570 723 569
f 571 725 724
f 571 724 570
f 572 726 725
f 572 725 571
f 573 727 726
f 573 726 572
f 574 728 727
f 574 727 573
f 575 729 728
f 575 728 574
f 729 730 731
f 730 575 577
f 730 729 575
f 820 821 822
f 673 823 820
f 674 820 822
f 674 673 820
f 678 824 823
f 678 823 673
f 681 825 824
f 681 824 678
f 682 826 825
f 682 825 681
f 683 827 826
f 683 826 682
f 684 828 827
f 684 827 683
f 685 829 828
f 685 828 684
f 686 830 829
f 686 829 685
f 687 831 830
f 687 830 686
f 688 832 831
f 688 831 687
f 689 833 832
f 689 832 688
f 690 834 833
f 690 833 689
f 691 835 834
f 691 834 690
f 692 836 835
f 692 835 691
f 693 837 836
f 693 836 692
f 694 838 837
f 694 837 693
f 695 839 838
f 695 838 694
f 696 840 839
f 696 839 695
f 697 841 840
f 697 840 696
f 698 842 841
f 698 841 697
f 699 843 842
f 699 842 698
f 700 844 843
f 700 843 699
f 701 845 844
f 701 844 700
f 702 846 845
f 702 845 701
f 703 847 846
f 703 846 702
f 704 848 847
f 704 847 703
f 705 849 848
f 705 848 704
f 706 850 849
f 706 849 705
f 707 851 850
f 707 850 706
f 708 852 851
f 708 851 707
f 709 853 852
f 709 852 708
f 710 854 853
f 710 853 709
f 711 855 854
f 711 854 710
f 712 856 855
f 712 855 711
f 713 857 856
f 713 856 712
f 714 858 857
f 714 857 713
f 715 859 858
f 715 858 714
f 716 860 859
f 716 859 715
f 717 861 860
f 717 860 716
f 718 862 861
f 718 861 717
f 719 863 862
f 719 862 718
f 720 864 863
f 720 863 719
f 721 865 864
f 721 864 720
f 722 866 865
f 722 865 721
f 723 867 866
f 723 866 722
f 724 868 867
f 724 867 723
f 725 869 868
f 725 868 724
f 726 870 869
f 726 869 725
f 727 871 870
f 727 870 726
f 728 872 871
f 728 871 727
f 729 873 872
f 729 872 728
f 873 874 875
f 874 729 731
f 874 873 729
f 820 954 955
f 820 955 821
f 957 959 958
f 957 823 959
f 954 823 957
f 954 820 823
f 824 960 959
f 824 959 823
f 825 961 960
f 825 960 824
f 826 962 961
f 826 961 825
f 827 963 962
f 827 962 826
f 828 964 963
f 828 963 827
f 829 965 964
f 829 964 828
f 830 966 965
f 830 965 829
f 831 967 966
f 831 966 830
f 832 968 967
f 832 967 831
f 833 969 968
f 833 968 832
f 834 970 969
f 834 969 833
f 835 971 970
f 835 970 834
f 836 972 971
f 836 971 835
f 837 973 972
f 837 972 836
f 838 974 973
f 838 973 837
f 839 975 974
f 839 974 838
f 840 976 975
f 840 975 839
f 841 977 976
f 841 976 840
f 842 978 977
f 842 977 841
f 843 979 978
f 843 978 842
f 844 980 979
f 844 979 843
f 845 981 980
f 845 980 844
f 846 982 981
f 846 981 845
f 847 983 982
f 847 982 846
f 848 984 983
f 848 983 847
f 849 985 984
f 849 984 848
f 850 986 985
f 850 985 849
f 851 987 986
f 851 986 850
f 852 988 987
f 852 987 851
f 853 989 988
f 853 988 852
f 854 990 989
f 854 989 853
f 855 991 990
f 855 990 854
f 856 992 991
f 856 991 855
f 857 993 992
f 857 992 856
f 858 994 993
f 858 993 857
f 859 995 994
f 859 994 858
f 860 996 995
f 860 995 859
f 861 997 996
f 861 996 860
f 862 998 997
f 862 997 861
f 863 999 998
f 863 998 862
f 864 1000 999
f 864 999 863
f 865 1001 1000
f 865 1000 864
f 866 1002 1001
f 866 1001 865
f 867 1003 1002
f 867 1002 866
f 868 1004 1003
f 868 1003 867
f 869 1005 1004
f 869 1004 868
f 870 1006 1005
f 870 1005 869
f 871 1007 1006
f 871 1006 870
f 872 1008 1007
f 872 1007 871
f 873 1009 1008
f 873 1008 872
f 1009 1010 1011
f 1010 873 875
f 1010 1009 873
f 959 1101 1102
f 959 1102 958
f 960 1104 1105
f 1101 960 1105
f 1101 959 960
f 961 1107 1108
f 1104 961 1108
f 1104 960 961
f 1110 1112 1111
f 1110 962 1112
f 1107 962 1110
f 1107 961 962
f 963 1113 1112
f 963 1112 962
f 964 1114 1113
f 964 1113 963
f 965 1115 1114
f 965 1114 964
f 966 1116 1115
f 966 1115 965
f 967 1117 1116
f 967 1116 966
f 968 1118 1117
f 968 1117 967
f 969 1119 1118
f 969 1118 968
f 970 1120 1119
f 970 1119 969
f 971 1121 1120
f 971 1120 970
f 972 1122 1121
f 972 1121 971
f 973 1123 1122
f 973 1122 972
f 974 1124 1123
f 974 1123 973
f 975 1125 1124
f 975 1124 974
f 976 1126 1125
f 976 1125 975
f 977 1127 1126
f 977 1126 976
f 978 1128 1127
f 978 1127 977
f 979 1129 1128
f 979 1128 978
f 980 1130 1129
f 980 1129 979
f 981 1131 1130
f 981 1130 980
f 982 1132 1131
f 982 1131 981
f 983 1133 1132
f 983 1132 982
f 984 1134 1133
f 984 1133 983
f 985 1135 1134
f 985 1134 984
f 986 1136 1135
f 986 1135 985
f 987 1137 1136
f 987 1136 986
f 988 1138 1137
f 988 1137 987
f 989 1139 1138
f 989 1138 988
f 990 1140 1139
f 990 1139 989
f 991 1141 1140
f 991 1140 990
f 992 1142 1141
f 992 1141 991
f 993 1143 1142
f 993 1142 992
f 994 1144 1143
f 994 1143 993
f 995 1145 1144
f 995 1144 994
f 996 1146 1145
f 996 1145 995
f 997 1147 1146
f 997 1146 996
f 998 1148 1147
f 998 1147 997
f 999 1149 1148
f 999 1148 998
f 1000 1150 1149
f 1000 1149 999
f 1001 1151 1150
f 1001 1150 1000
f 1002 1152 1151
f 1002 1151 1001
f 1003 1153 1152
f 1003 1152 1002
f 1004 1154 1153
f 1004 1153 1003
f 1005 1155 1154
f 1005 1154 1004
f 1006 1156 1155
f 1006 1155 1005
f 1007 1157 1156
f 1007 1156 1006
f 1008 1158 1157
f 1008 1157 1007
f 1009 1159 1158
f 1009 1158 1008
f 1159 1160 1161
f 1160 1009 1011
f 1160 1159 1009
f 1112 1271 1272
f 1112 1272 1111
f 1113 1274 1275
f 1271 1113 1275
f 1271 1112 1113
f 1114 1277 1278
f 1274 1114 1278
f 1274 1113 1114
f 1115 1280 1281
f 1277 1115 1281
f 1277 1114 1115
f 1283 1285 1284
f 1283 1116 1285
f 1280 1116 1283
f 1280 1115 1116
f 1117 1286 1285
f 1117 1285 1116
f 1118 1287 1286
f 1118 1286 1117
f 1119 1288 1287
f 1119 1287 1118
f 1120 1289 1288
f 1120 1288 1119
f 1121 1290 1289
f 1121 1289 1120
f 1122 1291 1290
f 1122 1290 1121
f 1123 1292 1291
f 1123 1291 1122
f 1124 1293 1292
f 1124 1292 1123
f 1125 1294 1293
f 1125 1293 1124
f 1126 1295 1294
f 1126 1294 1125
f 1127 1296 1295
f 1127 1295 1126
f 1128 1297 1296
f 1128 1296 1127
f 1129 1298 1297
f 1129 1297 1128
f 1130 1299 1298
f 1130 1298 1129
f 1131 1300 1299
f 1131 1299 1130
f 1132 1301 1300
f 1132 1300 1131
f 1133 1302 1301
f 1133 1301 1132
f 1134 1303 1302
f 1134 1302 1133
f 1135 1304 1303
f 1135 1303 1134
f 1136 1305 1304
f 1136 1304 1135
f 1137 1306 1305
f 1137 1305 1136
f 1138 1307 1306
f 1138 1306 1137
f 1139 1308 1307
f 1139 1307 1138
f 1140 1309 1308
f 1140 1308 1139
f 1141 1310 1309
f 1141 1309 1140
f 1142 1311 1310
f 1142 1310 1141
f 1143 1312 1311
f 1143 1311 1142
f 1144 1313 1312
f 1144 1312 1143
f 1145 1314 1313
f 1145 1313 1144
f 1146 1315 1314
f 1146 1314 1145
f 1147 1316 1315
f 1147 1315 1146
f 1148 1317 1316
f 1148 1316 1147
f 1149 1318 1317
f 1149 1317 1148
f 1150 1319 1318
f 1150 1318 1149
f 1151 1320 1319
f 1151 1319 1150
f 1152 1321 1320
f 1152 1320 1151
f 1153 1322 1321
f 1153 1321 1152
f 1154 1323 1322
f 1154 1322 1153
f 1155 1324 1323
f 1155 1323 1154
f 1156 1325 1324
f 1156 1324 1155
f 1157 1326 1325
f 1157 1325 1156
f 1158 1327 1326
f 1158 1326 1157
f 1159 1328 1327
f 1159 1327 1158
f 1328 1329 1330
f 1329 1159 1161
f 1329 1328 1159
f 1285 1464 1465
f 1285 1465 1284
f 1286 1467 1468
f 1464 1286 1468
f 1464 1285 1286
f 1470 1472 1471
f 1470 1287 1472
f 1467 1287 1470
f 1467 1286 1287
f 1288 1473 1472
f 1288 1472 1287
f 1289 1474 1473
f 1289 1473 1288
f 1290 1475 1474
f 1290 1474 1289
f 1291 1476 1475
f 1291 1475 1290
f 1292 1477 1476
f 1292 1476 1291
f 1293 1478 1477
f 1293 1477 1292
f 1294 1479 1478
f 1294 1478 1293
f 1295 1480 1479
f 1295 1479 1294
f 1296 1481 1480
f 1296 1480 1295
f 1297 1482 1481
f 1297 1481 1296
f 1298 1483 1482
f 1298 1482 1297
f 1299 1484 1483
f 1299 1483 1298
f 1300 1485 1484
f 1300 1484 1299
f 1301 1486 1485
f 1301 1485 1300
f 1302 1487 1486
f 1302 1486 1301
f 1303 1488 1487
f 1303 1487 1302
f 1304 1489 1488
f 1304 1488 1303
f 1305 1490 1489
f 1305 1489 1304
f 1306 1491 1490
f 1306 1490 1305
f 1307 1492 1491
f 1307 1491 1306
f 1308 1493 1492
f 1308 1492 1307
f 1309 1494 1493
f 1309 1493 1308
f 1310 1495 1494
f 1310 1494 1309
f 1311 1496 1495
f 1311 1495 1310
f 1312 1497 1496
f 1312 1496 1311
f 1313 1498 1497
f 1313 1497 1312
f 1314 1499 1498
f 1314 1498 1313
f 1315 1500 1499
f 1315 1499 1314
f 1316 1501 1500
f 1316 1500 1315
f 1317 1502 1501
f 1317 1501 1316
f 1318 1503 1502
f 1318 1502 1317
f 1319 1504 1503
f 1319 1503 1318
f 1320 1505 1504
f 1320 1504 1319
f 1321 1506 1505
f 1321 1505 1320
f 1322 1507 1506
f 1322 1506 1321
f 1323 1508 1507
f 1323 1507 1322
f 1324 1509 1508
f 1324 1508 1323
f 1325 1510 1509
f 1325 1509 1324
f 1326 1511 1510
f 1326 1510 1325
f 1327 1512 1511
f 1327 1511 1326
f 1328 1513 1512
f 1328 1512 1327
f 1514 1513 1515
f 1514 1516 1513
f 1515 1328 1330
f 1515 1513 1328
f 1516 1517 1518
f 1516 1514 1517
f 1640 1642 1641
f 1640 1472 1642
f 1472 1640 1471
f 1473 1643 1642
f 1473 1642 1472
f 1474 1644 1643
f 1474 1643 1473
f 1475 1645 1644
f 1475 1644 1474
f 1476 1646 1645
f 1476 1645 1475
f 1477 1647 1646
f 1477 1646 1476
f 1478 1648 1647
f 1478 1647 1477
f 1479 1649 1648
f 1479 1648 1478
f 1480 1650 1649
f 1480 1649 1479
f 1481 1651 1650
f 1481 1650 1480
f 1482 1652 1651
f 1482 1651 1481
f 1483 1653 1652
f 1483 1652 1482
f 1484 1654 1653
f 1484 1653 1483
f 1485 1655 1654
f 1485 1654 1484
f 1486 1656 1655
f 1486 1655 1485
f 1487 1657 1656
f 1487 1656 1486
f 1488 1658 1657
f 1488 1657 1487
f 1489 1659 1658
f 1489 1658 1488
f 1490 1660 1659
f 1490 1659 1489
f 1491 1661 1660
f 1491 1660 1490
f 1492 1662 1661
f 1492 1661 1491
f 1493 1663 1662
f 1493 1662 1492
f 1494 1664 1663
f 1494 1663 1493
f 1495 1665 1664
f 1495 1664 1494
f 1496 1666 1665
f 1496 1665 1495
f 1497 1667 1666
f 1497 1666 1496
f 1498 1668 1667
f 1498 1667 1497
f 1499 1669 1668
f 1499 1668 1498
f 1500 1670 1669
f 1500 1669 1499
f 1501 1671 1670
f 1501 1670 1500
f 1502 1672 1671
f 1502 1671 1501
f 1503 1673 1672
f 1503 1672 1502
f 1504 1674 1673
f 1504 1673 1503
f 1505 1675 1674
f 1505 1674 1504
f 1506 1676 1675
f 1506 1675 1505
f 1507 1677 1676
f 1507 1676 1506
f 1508 1678 1677
f 1508 1677 1507
f 1509 1679 1678
f 1509 1678 1508
f 1510 1680 1679
f 1510 1679 1509
f 1511 1681 1680
f 1511 1680 1510
f 1512 1682 1681
f 1512 1681 1511
f 1513 1683 1682
f 1513 1682 1512
f 1516 1684 1683
f 1516 1683 1513
f 1684 1685 1686
f 1685 1516 1518
f 1685 1684 1516

#List of body lines
l 1719 1720
l 1720 1721
l 1721 1722
l 1722 1723
l 1723 1724
l 1724 1725
l 1725 1726
l 1726 1727
l 1727 1728
l 1728 1729
l 1720 1730
l 1730 1731
l 1731 1721
l 1721 1732
l 1732 1723
l 1723 1733
l 1733 1725
l 1725 1734
l 1734 1727
l 1727 1735
l 1735 1736
l 1736 1728
l 1730 1737
l 1737 1738
l 1738 1731
l 1731 1739
l 1739 1732
l 1732 1740
l 1740 1733
l 1733 1741
l 1741 1734
l 1734 1742
l 1742 1735
l 1735 1743
l 1743 1744
l 1744 1736
l 1737 1745
l 1745 1746
l 1746 1738
l 1738 1747
l 1747 1739
l 1739 1748
l 1748 1740
l 1740 1749
l 1749 1741
l 1741 1750
l 1750 1742
l 1742 1751
l 1751 1743
l 1743 1752
l 1752 1753
l 1753 1744
l 1745 1754
l 1754 1755
l 1755 1746
l 1746 1756
l 1756 1747
l 1747 1757
l 1757 1748
l 1748 1758
l 1758 1749
l 1749 1759
l 1759 1750
l 1750 1760
l 1760 1751
l 1751 1761
l 1761 1752
l 1752 1762
l 1762 1763
l 1763 1753
l 1754 1764
l 1764 1765
l 1765 1755
l 1755 1766
l 1766 1756
l 1756 1767
l 1767 1757
l 1757 1768
l 1768 1758
l 1758 1769
l 1769 1759
l 1759 1770
l 1770 1760
l 1760 1771
l 1771 1761
l 1761 1772
l 1772 1762
l 1762 1773
l 1773 1774
l 1774 1763
l 1764 1775
l 1775 1776
l 1776 1765
l 1765 1777
l 1777 1766
l 1766 1778
l 1778 1767
l 1767 1779
l 1779 1768
l 1768 1780
l 1780 1769
l 1769 1781
l 1781 1770
l 1770 1782
l 1782 1771
l 1771 1783
l 1783 1772
l 1772 1784
l 1784 1773
l 1773 1785
l 1785 1786
l 1786 1774
l 1776 1787
l 1787 1777
l 1777 1788
l 1788 1778
l 1778 1789
l 1789 1779
l 1779 1790
l 1790 1780
l 1780 1791
l 1791 1781
l 1781 1792
l 1792 1782
l 1782 1793
l 1793 1783
l 1783 1794
l 1794 1784
l 1784 1795
l 1795 1785
l 1785 1796
l 1796 1797
l 1797 1786
l 1787 1798
l 1798 1788
l 1788 1799
l 1799 1789
l 1789 1800
l 1800 1790
l 1790 1801
l 1801 1791
l 1791 1802
l 1802 1792
l 1792 1803
l 1803 1793
l 1793 1804
l 1804 1794
l 1794 1805
l 1805 1795
l 1795 1806
l 1806 1796
l 1796 1807
l 1807 1808
l 1808 1797
l 1798 1809
l 1809 1799
l 1799 1810
l 1810 1800
l 1800 1811
l 1811 1801
l 1801 1812
l 1812 1802
l 1802 1813
l 1813 1803
l 1803 1814
l 1814 1804
l 1804 1815
l 1815 1805
l 1805 1816
l 1816 1806
l 1806 1817
l 1817 1807
l 1807 1818
l 1818 1819
l 1819 1808
l 1809 1820
l 1820 1810
l 1810 1821
l 1821 1811
l 1811 1822
l 1822 1812
l 1812 1823
l 1823 1813
l 1813 1824
l 1824 1814
l 1814 1825
l 1825 1815
l 1815 1826
l 1826 1816
l 1816 1827
l 1827 1817
l 1817 1828
l 1828 1818
l 1818 1829
l 1829 1830
l 1830 1819
l 1820 1831
l 1831 1821
l 1821 1832
l 1832 1822
l 1822 1833
l 1833 1823
l 1823 1834
l 1834 1824
l 1824 1835
l 1835 1825
l 1825 1836
l 1836 1826
l 1826 1837
l 1837 1827
l 1827 1838
l 1838 1828
l 1828 1839
l 1839 1829
l 1829 1840
l 1840 1841
l 1841 1830
l 1831 1842
l 1842 1832
l 1832 1843
l 1843 1833
l 1833 1844
l 1844 1834
l 1834 1845
l 1845 1835
l 1835 1846
l 1846 1836
l 1836 1847
l 1847 1837
l 1837 1848
l 1848 1838
l 1838 1849
l 1849 1839
l 1839 1850
l 1850 1840
l 1840 1851
l 1851 1852
l 1852 1841
l 1842 1853
l 1853 1843
l 1843 1854
l 1854 1844
l 1844 1855
l 1855 1845
l 1845 1856
l 1856 1846
l 1846 1857
l 1857 1847
l 1847 1858
l 1858 1848
l 1848 1859
l 1859 1849
l 1849 1860
l 1860 1850
l 1850 1861
l 1861 1851
l 1851 1862
l 1862 1863
l 1863 1852
l 1853 1864
l 1864 1854
l 1854 1865
l 1865 1855
l 1855 1866
l 1866 1856
l 1856 1867
l 1867 1857
l 1857 1868
l 1868 1858
l 1858 1869
l 1869 1859
l 1859 1870
l 1870 1860
l 1860 1871
l 1871 1861
l 1861 1872
l 1872 1862
l 1862 1873
l 1873 1874
l 1874 1863
l 1864 1875
l 1875 1865
l 1865 1876
l 1876 1866
l 1866 1877
l 1877 1867
l 1867 1878
l 1878 1868
l 1868 1879
l 1879 1869
l 1869 1880
l 1880 1870
l 1870 1881
l 1881 1871
l 1871 1882
l 1882 1872
l 1872 1883
l 1883 1873
l 1873 1884
l 1884 1885
l 1885 1874
l 1875 1886
l 1886 1876
l 1876 1887
l 1887 1877
l 1877 1888
l 1888 1878
l 1878 1889
l 1889 1879
l 1879 1890
l 1890 1880
l 1880 1891
l 1891 1881
l 1881 1892
l 1892 1882
l 1882 1893
l 1893 1883
l 1883 1894
l 1894 1884
l 1884 1895
l 1895 1896
l 1896 1885
l 1886 1897
l 1897 1887
l 1887 1898
l 1898 1888
l 1888 1899
l 1899 1889
l 1889 1900
l 1900 1890
l 1890 1901
l 1901 1891
l 1891 1902
l 1902 1892
l 1892 1903
l 1903 1893
l 1893 1904
l 1904 1894
l 1894 1905
l 1905 1895
l 1895 1906
l 1906 1907
l 1907 1896
l 1897 1908
l 1908 1898
l 1898 1909
l 1909 1899
l 1899 1910
l 1910 1900
l 1900 1911
l 1911 1901
l 1901 1912
l 1912 1902
l 1902 1913
l 1913 1903
l 1903 1914
l 1914 1904
l 1904 1915
l 1915 1905
l 1905 1916
l 1916 1906
l 1906 1917
l 1917 1918
l 1918 1907
l 1908 1919
l 1919 1909
l 1909 1920
l 1920 1910
l 1910 1921
l 1921 1911
l 1911 1922
l 1922 1912
l 1912 1923
l 1923 1913
l 1913 1924
l 1924 1914
l 1914 1925
l 1925 1915
l 1915 1926
l 1926 1916
l 1916 1927
l 1927 1917
l 1917 1928
l 1928 1929
l 1929 1918
l 1919 1930
l 1930 1920
l 1920 1931
l 1931 1921
l 1921 1932
l 1932 1922
l 1922 1933
l 1933 1923
l 1923 1934
l 1934 1924
l 1924 1935
l 1935 1925
l 1925 1936
l 1936 1926
l 1926 1937
l 1937 1927
l 1927 1938
l 1938 1928
l 1928 1939
l 1939 1940
l 1940 1929
l 1930 1941
l 1941 1931
l 1931 1942
l 1942 1932
l 1932 1943
l 1943 1933
l 1933 1944
l 1944 1934
l 1934 1945
l 1945 1935
l 1935 1946
l 1946 1936
l 1936 1947
l 1947 1937
l 1937 1948
l 1948 1938
l 1938 1949
l 1949 1939
l 1939 1950
l 1950 1951
l 1951 1940
l 1941 1952
l 1952 1942
l 1942 1953
l 1953 1943
l 1943 1954
l 1954 1944
l 1944 1955
l 1955 1945
l 1945 1956
l 1956 1946
l 1946 1957
l 1957 1947
l 1947 1958
l 1958 1948
l 1948 1959
l 1959 1949
l 1949 1960
l 1960 1950
l 1950 1961
l 1961 1962
l 1962 1951
l 1952 1963
l 1963 1953
l 1953 1964
l 1964 1954
l 1954 1965
l 1965 1955
l 1955 1966
l 1966 1956
l 1956 1967
l 1967 1957
l 1957 1968
l 1968 1958
l 1958 1969
l 1969 1959
l 1959 1970
l 1970 1960
l 1960 1971
l 1971 1961
l 1961 1972
l 1972 1973
l 1973 1962
l 1963 1974
l 1974 1964
l 1964 1975
l 1975 1965
l 1965 1976
l 1976 1966
l 1966 1977
l 1977 1967
l 1967 1978
l 1978 1968
l 1968 1979
l 1979 1969
l 1969 1980
l 1980 1970
l 1970 1981
l 1981 1971
l 1971 1982
l 1982 1972
l 1972 1983
l 1983 1984
l 1984 1973
l 1974 1985
l 1985 1975
l 1975 1986
l 1986 1976
l 1976 1987
l 1987 1977
l 1977 1988
l 1988 1978
l 1978 1989
l 1989 1979
l 1979 1990
l 1990 1980
l 1980 1991
l 1991 1981
l 1981 1992
l 1992 1982
l 1982 1993
l 1993 1983
l 1983 1994
l 1994 1995
l 1995 1984
l 1985 1996
l 1996 1986
l 1986 1997
l 1997 1987
l 1987 1998
l 1998 1988
l 1988 1999
l 1999 1989
l 1989 2000
l 2000 1990
l 1990 2001
l 2001 1991
l 1991 2002
l 2002 1992
l 1992 2003
l 2003 1993
l 1993 2004
l 2004 1994
l 1994 2005
l 2005 2006
l 2006 1995
l 1996 2007
l 2007 1997
l 1997 2008
l 2008 1998
l 1998 2009
l 2009 1999
l 1999 2010
l 2010 2000
l 2000 2011
l 2011 2001
l 2001 2012
l 2012 2002
l 2002 2013
l 2013 2003
l 2003 2014
l 2014 2004
l 2004 2015
l 2015 2005
l 2005 2016
l 2016 2017
l 2017 2006
l 2007 2018
l 2018 2008
l 2008 2019
l 2019 2009
l 2009 2020
l 2020 2010
l 2010 2021
l 2021 2011
l 2011 2022
l 2022 2012
l 2012 2023
l 2023 2013
l 2013 2024
l 2024 2014
l 2014 2025
l 2025 2015
l 2015 2026
l 2026 2016
l 2016 2027
l 2027 2028
l 2028 2017
l 2018 2029
l 2029 2019
l 2019 2030
l 2030 2020
l 2020 2031
l 2031 2021
l 2021 2032
l 2032 2022
l 2022 2033
l 2033 2023
l 2023 2034
l 2034 2024
l 2024 2035
l 2035 2025
l 2025 2036
l 2036 2026
l 2026 2037
l 2037 2027
l 2027 2038
l 2038 2039
l 2039 2028
l 2029 2040
l 2040 2030
l 2030 2041
l 2041 2031
l 2031 2042
l 2042 2032
l 2032 2043
l 2043 2033
l 2033 2044
l 2044 2034
l 2034 2045
l 2045 2035
l 2035 2046
l 2046 2036
l 2036 2047
l 2047 2037
l 2037 2048
l 2048 2038
l 2038 2049
l 2049 2050
l 2050 2039
l 2040 2051
l 2051 2041
l 2041 2052
l 2052 2042
l 2042 2053
l 2053 2043
l 2043 2054
l 2054 2044
l 2044 2055
l 2055 2045
l 2045 2056
l 2056 2046
l 2046 2057
l 2057 2047
l 2047 2058
l 2058 2048
l 2048 2059
l 2059 2049
l 2049 2060
l 2060 2061
l 2061 2050
l 2051 2062
l 2062 2052
l 2052 2063
l 2063 2053
l 2053 2064
l 2064 2054
l 2054 2065
l 2065 2055
l 2055 2066
l 2066 2056
l 2056 2067
l 2067 2057
l 2057 2068
l 2068 2058
l 2058 2069
l 2069 2059
l 2059 2070
l 2070 2060
l 2060 2071
l 2071 2072
l 2072 2061
l 2062 2073
l 2073 2063
l 2063 2074
l 2074 2064
l 2064 2075
l 2075 2065
l 2065 2076
l 2076 2066
l 2066 2077
l 2077 2067
l 2067 2078
l 2078 2068
l 2068 2079
l 2079 2069
l 2069 2080
l 2080 2070
l 2070 2081
l 2081 2071
l 2071 2082
l 2082 2083
l 2083 2072
l 2073 2084
l 2084 2074
l 2074 2085
l 2085 2075
l 2075 2086
l 2086 2076
l 2076 2087
l 2087 2077
l 2077 2088
l 2088 2078
l 2078 2089
l 2089 2079
l 2079 2090
l 2090 2080
l 2080 2091
l 2091 2081
l 2081 2092
l 2092 2082
l 2082 2093
l 2093 2094
l 2094 2083
l 2084 2095
l 2095 2085
l 2085 2096
l 2096 2086
l 2086 2097
l 2097 2087
l 2087 2098
l 2098 2088
l 2088 2099
l 2099 2089
l 2089 2100
l 2100 2090
l 2090 2101
l 2101 2091
l 2091 2102
l 2102 2092
l 2092 2103
l 2103 2093
l 2093 2104
l 2104 2105
l 2105 2094
l 2095 2106
l 2106 2096
l 2096 2107
l 2107 2097
l 2097 2108
l 2108 2098
l 2098 2109
l 2109 2099
l 2099 2110
l 2110 2100
l 2100 2111
l 2111 2101
l 2101 2112
l 2112 2102
l 2102 2113
l 2113 2103
l 2103 2114
l 2114 2104
l 2104 2115
l 2115 2116
l 2116 2105
l 2106 2117
l 2117 2107
l 2107 2118
l 2118 2108
l 2108 2119
l 2119 2109
l 2109 2120
l 2120 2110
l 2110 2121
l 2121 2111
l 2111 2122
l 2122 2112
l 2112 2123
l 2123 2113
l 2113 2124
l 2124 2114
l 2114 2125
l 2125 2115
l 2115 2126
l 2126 2127
l 2127 2116
l 2117 2128
l 2128 2118
l 2118 2129
l 2129 2119
l 2119 2130
l 2130 2120
l 2120 2131
l 2131 2121
l 2121 2132
l 2132 2122
l 2122 2133
l 2133 2123
l 2123 2134
l 2134 2124
l 2124 2135
l 2135 2125
l 2125 2136
l 2136 2126
l 2126 2137
l 2137 2138
l 2138 2127
l 2128 2139
l 2139 2129
l 2129 2140
l 2140 2130
l 2130 2141
l 2141 2131
l 2131 2142
l 2142 2132
l 2132 2143
l 2143 2133
l 2133 2144
l 2144 2134
l 2134 2145
l 2145 2135
l 2135 2146
l 2146 2136
l 2136 2147
l 2147 2137
l 2137 2148
l 2148 2149
l 2149 2138
l 2139 2150
l 2150 2140
l 2140 2151
l 2151 2141
l 2141 2152
l 2152 2142
l 2142 2153
l 2153 2143
l 2143 2154
l 2154 2144
l 2144 2155
l 2155 2145
l 2145 2156
l 2156 2146
l 2146 2157
l 2157 2147
l 2147 2158
l 2158 2148
l 2148 2159
l 2159 2160
l 2160 2149
l 2150 2161
l 2161 2151
l 2151 2162
l 2162 2152
l 2152 2163
l 2163 2153
l 2153 2164
l 2164 2154
l 2154 2165
l 2165 2155
l 2155 2166
l 2166 2156
l 2156 2167
l 2167 2157
l 2157 2168
l 2168 2158
l 2158 2169
l 2169 2159
l 2159 2170
l 2170 2171
l 2171 2160
l 2161 2172
l 2172 2162
l 2162 2173
l 2173 2163
l 2163 2174
l 2174 2164
l 2164 2175
l 2175 2165
l 2165 2176
l 2176 2166
l 2166 2177
l 2177 2167
l 2167 2178
l 2178 2168
l 2168 2179
l 2179 2169
l 2169 2180
l 2180 2170
l 2170 2181
l 2181 2182
l 2182 2171
l 2172 2183
l 2183 2173
l 2173 2184
l 2184 2174
l 2174 2185
l 2185 2175
l 2175 2186
l 2186 2176
l 2176 2187
l 2187 2177
l 2177 2188
l 2188 2178
l 2178 2189
l 2189 2179
l 2179 2190
l 2190 2180
l 2180 2191
l 2191 2181
l 2181 2192
l 2192 2193
l 2193 2182
l 2183 2194
l 2194 2184
l 2184 2195
l 2195 2185
l 2185 2196
l 2196 2186
l 2186 2197
l 2197 2187
l 2187 2198
l 2198 2188
l 2188 2199
l 2199 2189
l 2189 2200
l 2200 2190
l 2190 2201
l 2201 2191
l 2191 2202
l 2202 2192
l 2192 2203
l 2203 2204
l 2204 2193
l 2194 2205
l 2205 2195
l 2195 2206
l 2206 2196
l 2196 2207
l 2207 2197
l 2197 2208
l 2208 2198
l 2198 2209
l 2209 2199
l 2199 2210
l 2210 2200
l 2200 2211
l 2211 2201
l 2201 2212
l 2212 2202
l 2202 2213
l 2213 2203
l 2203 2214
l 2214 2215
l 2215 2204
l 2205 2216
l 2216 2206
l 2206 2217
l 2217 2207
l 2207 2218
l 2218 2208
l 2208 2219
l 2219 2209
l 2209 2220
l 2220 2210
l 2210 2221
l 2221 2211
l 2211 2222
l 2222 2212
l 2212 2223
l 2223 2213
l 2213 2224
l 2224 2214
l 2214 2225
l 2225 2226
l 2226 2215
l 2216 2227
l 2227 2217
l 2217 2228
l 2228 2218
l 2218 2229
l 2229 2219
l 2219 2230
l 2230 2220
l 2220 2231
l 2231 2221
l 2221 2232
l 2232 2222
l 2222 2233
l 2233 2223
l 2223 2234
l 2234 2224
l 2224 2235
l 2235 2225
l 2225 2236
l 2236 2237
l 2237 2226
l 2227 2238
l 2238 2228
l 2228 2239
l 2239 2229
l 2229 2240
l 2240 2230
l 2230 2241
l 2241 2231
l 2231 2242
l 2242 2232
l 2232 2243
l 2243 2233
l 2233 2244
l 2244 2234
l 2234 2245
l 2245 2235
l 2235 2246
l 2246 2236
l 2236 2247
l 2247 2248
l 2248 2237
l 2238 2249
l 2249 2239
l 2239 2250
l 2250 2240
l 2240 2251
l 2251 2241
l 2241 2252
l 2252 2242
l 2242 2253
l 2253 2243
l 2243 2254
l 2254 2244
l 2244 2255
l 2255 2245
l 2245 2256
l 2256 2246
l 2246 2257
l 2257 2247
l 2247 2258
l 2258 2259
l 2259 2248
l 2249 2260
l 2260 2250
l 2250 2261
l 2261 2251
l 2251 2262
l 2262 2252
l 2252 2263
l 2263 2253
l 2253 2264
l 2264 2254
l 2254 2265
l 2265 2255
l 2255 2266
l 2266 2256
l 2256 2267
l 2267 2257
l 2257 2268
l 2268 2258
l 2258 2269
l 2269 2270
l 2270 2259
l 2260 2271
l 2271 2261
l 2261 2272
l 2272 2262
l 2262 2273
l 2273 2263
l 2263 2274
l 2274 2264
l 2264 2275
l 2275 2265
l 2265 2276
l 2276 2266
l 2266 2277
l 2277 2267
l 2267 2278
l 2278 2268
l 2268 2279
l 2279 2269
l 2269 2280
l 2280 2281
l 2281 2270
l 2271 2282
l 2282 2272
l 2272 2283
l 2283 2273
l 2273 2284
l 2284 2274
l 2274 2285
l 2285 2275
l 2275 2286
l 2286 2276
l 2276 2287
l 2287 2277
l 2277 2288
l 2288 2278
l 2278 2289
l 2289 2279
l 2279 2290
l 2290 2280
l 2280 2291
l 2291 2292
l 2292 2281
l 2282 2293
l 2293 2283
l 2283 2294
l 2294 2284
l 2284 2295
l 2295 2285
l 2285 2296
l 2296 2286
l 2286 2297
l 2297 2287
l 2287 2298
l 2298 2288
l 2288 2299
l 2299 2289
l 2289 2300
l 2300 2290
l 2290 2301
l 2301 2291
l 2291 2302
l 2302 2303
l 2303 2292
l 2293 2304
l 2304 2294
l 2294 2305
l 2305 2295
l 2295 2306
l 2306 2296
l 2296 2307
l 2307 2297
l 2297 2308
l 2308 2298
l 2298 2309
l 2309 2299
l 2299 2310
l 2310 2300
l 2300 2311
l 2311 2301
l 2301 2312
l 2312 2302
l 2302 2313
l 2313 2314
l 2314 2303
l 2304 2315
l 2315 2305
l 2305 2316
l 2316 2306
l 2306 2317
l 2317 2307
l 2307 2318
l 2318 2308
l 2308 2319
l 2319 2309
l 2309 2320
l 2320 2310
l 2310 2321
l 2321 2311
l 2311 2322
l 2322 2312
l 2312 2323
l 2323 2313
l 2313 2324
l 2324 2325
l 2325 2314
l 2315 2326
l 2326 2316
l 2316 2327
l 2327 2317
l 2317 2328
l 2328 2318
l 2318 2329
l 2329 2319
l 2319 2330
l 2330 2320
l 2320 2331
l 2331 2321
l 2321 2332
l 2332 2322
l 2322 2333
l 2333 2323
l 2323 2334
l 2334 2324
l 2324 2335
l 2335 2336
l 2336 2325
l 2326 2337
l 2337 2327
l 2327 2338
l 2338 2328
l 2328 2339
l 2339 2329
l 2329 2340
l 2340 2330
l 2330 2341
l 2341 2331
l 2331 2342
l 2342 2332
l 2332 2343
l 2343 2333
l 2333 2344
l 2344 2334
l 2334 2345
l 2345 2335
l 2335 2346
l 2346 2347
l 2347 2336
l 2337 2348
l 2348 2338
l 2338 2349
l 2349 2339
l 2339 2350
l 2350 2340
l 2340 2351
l 2351 2341
l 2341 2352
l 2352 2342
l 2342 2353
l 2353 2343
l 2343 2354
l 2354 2344
l 2344 2355
l 2355 2345
l 2345 2356
l 2356 2346
l 2346 2357
l 2357 2358
l 2358 2347
l 2348 2359
l 2359 2349
l 2349 2360
l 2360 2350
l 2350 2361
l 2361 2351
l 2351 2362
l 2362 2352
l 2352 2363
l 2363 2353
l 2353 2364
l 2364 2354
l 2354 2365
l 2365 2355
l 2355 2366
l 2366 2356
l 2356 2367
l 2367 2357
l 2357 2368
l 2368 2369
l 2369 2358
l 2359 2370
l 2370 2360
l 2360 2371
l 2371 2361
l 2361 2372
l 2372 2362
l 2362 2373
l 2373 2363
l 2363 2374
l 2374 2364
l 2364 2375
l 2375 2365
l 2365 2376
l 2376 2366
l 2366 2377
l 2377 2367
l 2367 2378
l 2378 2368
l 2368 2379
l 2379 2380
l 2380 2369
l 2370 2381
l 2381 2371
l 2371 2382
l 2382 2372
l 2372 2383
l 2383 2373
l 2373 2384
l 2384 2374
l 2374 2385
l 2385 2375
l 2375 2386
l 2386 2376
l 2376 2387
l 2387 2377
l 2377 2388
l 2388 2378
l 2378 2389
l 2389 2379
l 2379 2390
l 2390 2391
l 2391 2380
l 2381 2392
l 2392 2382
l 2382 2393
l 2393 2383
l 2383 2394
l 2394 2384
l 2384 2395
l 2395 2385
l 2385 2396
l 2396 2386
l 2386 2397
l 2397 2387
l 2387 2398
l 2398 2388
l 2388 2399
l 2399 2389
l 2389 2400
l 2400 2390
l 2390 2401
l 2401 2402
l 2402 2391
l 2392 2403
l 2403 2393
l 2393 2404
l 2404 2394
l 2394 2405
l 2405 2395
l 2395 2406
l 2406 2396
l 2396 2407
l 2407 2397
l 2397 2408
l 2408 2398
l 2398 2409
l 2409 2399
l 2399 2410
l 2410 2400
l 2400 2411
l 2411 2401
l 2401 2412
l 2412 2413
l 2413 2402
l 2403 2414
l 2414 2404
l 2404 2415
l 2415 2405
l 2405 2416
l 2416 2406
l 2406 2417
l 2417 2407
l 2407 2418
l 2418 2408
l 2408 2419
l 2419 2409
l 2409 2420
l 2420 2410
l 2410 2421
l 2421 2411
l 2411 2422
l 2422 2412
l 2412 2423
l 2423 2424
l 2424 2413
l 2414 2425
l 2425 2415
l 2415 2426
l 2426 2416
l 2416 2427
l 2427 2417
l 2417 2428
l 2428 2418
l 2418 2429
l 2429 2419
l 2419 2430
l 2430 2420
l 2420 2431
l 2431 2421
l 2421 2432
l 2432 2422
l 2422 2433
l 2433 2423
l 2423 2434
l 2434 2435
l 2435 2424
l 2425 2436
l 2436 2426
l 2426 2437
l 2437 2427
l 2427 2438
l 2438 2428
l 2428 2439
l 2439 2429
l 2429 2440
l 2440 2430
l 2430 2441
l 2441 2431
l 2431 2442
l 2442 2432
l 2432 2443
l 2443 2433
l 2433 2444
l 2444 2434
l 2434 2445
l 2445 2446
l 2446 2435
l 2436 2447
l 2447 2437
l 2437 2448
l 2448 2438
l 2438 2449
l 2449 2439
l 2439 2450
l 2450 2440
l 2440 2451
l 2451 2441
l 2441 2452
l 2452 2442
l 2442 2453
l 2453 2443
l 2443 2454
l 2454 2444
l 2444 2455
l 2455 2445
l 2445 2456
l 2456 2457
l 2457 2446
l 2447 2458
l 2458 2448
l 2448 2459
l 2459 2449
l 2449 2460
l 2460 2450
l 2450 2461
l 2461 2451
l 2451 2462
l 2462 2452
l 2452 2463
l 2463 2453
l 2453 2464
l 2464 2454
l 2454 2465
l 2465 2455
l 2455 2466
l 2466 2456
l 2456 2467
l 2467 2468
l 2468 2457
l 2458 2469
l 2469 2459
l 2459 2470
l 2470 2460
l 2460 2471
l 2471 2461
l 2461 2472
l 2472 2462
l 2462 2473
l 2473 2463
l 2463 2474
l 2474 2464
l 2464 2475
l 2475 2465
l 2465 2476
l 2476 2466
l 2466 2477
l 2477 2467
l 2467 2478
l 2478 2479
l 2479 2468
l 2469 2480
l 2480 2470
l 2470 2481
l 2481 2471
l 2471 2482
l 2482 2472
l 2472 2483
l 2483 2473
l 2473 2484
l 2484 2474
l 2474 2485
l 2485 2475
l 2475 2486
l 2486 2476
l 2476 2487
l 2487 2477
l 2477 2488
l 2488 2478
l 2478 2489
l 2489 2490
l 2490 2479
l 2480 2491
l 2491 2481
l 2481 2492
l 2492 2482
l 2482 2493
l 2493 2483
l 2483 2494
l 2494 2484
l 2484 2495
l 2495 2485
l 2485 2496
l 2496 2486
l 2486 2497
l 2497 2487
l 2487 2498
l 2498 2488
l 2488 2499
l 2499 2489
l 2489 2500
l 2500 2501
l 2501 2490
l 2491 2502
l 2502 2492
l 2492 2503
l 2503 2493
l 2493 2504
l 2504 2494
l 2494 2505
l 2505 2495
l 2495 2506
l 2506 2496
l 2496 2507
l 2507 2497
l 2497 2508
l 2508 2498
l 2498 2509
l 2509 2499
l 2499 2510
l 2510 2500
l 2500 2511
l 2511 2512
l 2512 2501
l 2502 2513
l 2513 2503
l 2503 2514
l 2514 2504
l 2504 2515
l 2515 2505
l 2505 2516
l 2516 2506
l 2506 2517
l 2517 2507
l 2507 2518
l 2518 2508
l 2508 2519
l 2519 2509
l 2509 2520
l 2520 2510
l 2510 2521
l 2521 2511
l 2511 2522
l 2522 2523
l 2523 2512
l 2513 2524
l 2524 2514
l 2514 2525
l 2525 2515
l 2515 2526
l 2526 2516
l 2516 2527
l 2527 2517
l 2517 2528
l 2528 2518
l 2518 2529
l 2529 2519
l 2519 2530
l 2530 2520
l 2520 2531
l 2531 2521
l 2521 2532
l 2532 2522
l 2522 2533
l 2533 2534
l 2534 2523
l 2524 2535
l 2535 2525
l 2525 2536
l 2536 2526
l 2526 2537
l 2537 2527
l 2527 2538
l 2538 2528
l 2528 2539
l 2539 2529
l 2529 2540
l 2540 2530
l 2530 2541
l 2541 2531
l 2531 2542
l 2542 2532
l 2532 2543
l 2543 2533
l 2533 2544
l 2544 2545
l 2545 2534
l 2535 2546
l 2546 2536
l 2536 2547
l 2547 2537
l 2537 2548
l 2548 2538
l 2538 2549
l 2549 2539
l 2539 2550
l 2550 2540
l 2540 2551
l 2551 2541
l 2541 2552
l 2552 2542
l 2542 2553
l 2553 2543
l 2543 2554
l 2554 2544
l 2544 2555
l 2555 2556
l 2556 2545
l 2546 2557
l 2557 2547
l 2547 2558
l 2558 2548
l 2548 2559
l 2559 2549
l 2549 2560
l 2560 2550
l 2550 2561
l 2561 2551
l 2551 2562
l 2562 2552
l 2552 2563
l 2563 2553
l 2553 2564
l 2564 2554
l 2554 2565
l 2565 2555
l 2555 2566
l 2566 2567
l 2567 2556
l 2557 2568
l 2568 2558
l 2558 2569
l 2569 2559
l 2559 2570
l 2570 2560
l 2560 2571
l 2571 2561
l 2561 2572
l 2572 2562
l 2562 2573
l 2573 2563
l 2563 2574
l 2574 2564
l 2564 2575
l 2575 2565
l 2565 2576
l 2576 2566
l 2566 2577
l 2577 2578
l 2578 2567
l 2568 2579
l 2579 2569
l 2569 2580
l 2580 2570
l 2570 2581
l 2581 2571
l 2571 2582
l 2582 2572
l 2572 2583
l 2583 2573
l 2573 2584
l 2584 2574
l 2574 2585
l 2585 2575
l 2575 2586
l 2586 2576
l 2576 2587
l 2587 2577
l 2577 2588
l 2588 2589
l 2589 2578
l 2579 2590
l 2590 2580
l 2580 2591
l 2591 2581
l 2581 2592
l 2592 2582
l 2582 2593
l 2593 2583
l 2583 2594
l 2594 2584
l 2584 2595
l 2595 2585
l 2585 2596
l 2596 2586
l 2586 2597
l 2597 2587
l 2587 2598
l 2598 2588
l 2588 2599
l 2599 2600
l 2600 2589
l 2590 2601
l 2601 2591
l 2591 2602
l 2602 2592
l 2592 2603
l 2603 2593
l 2593 2604
l 2604 2594
l 2594 2605
l 2605 2595
l 2595 2606
l 2606 2596
l 2596 2607
l 2607 2597
l 2597 2608
l 2608 2598
l 2598 2609
l 2609 2599
l 2599 2610
l 2610 2611
l 2611 2600
l 2601 2612
l 2612 2602
l 2602 2613
l 2613 2603
l 2603 2614
l 2614 2604
l 2604 2615
l 2615 2605
l 2605 2616
l 2616 2606
l 2606 2617
l 2617 2607
l 2607 2618
l 2618 2608
l 2608 2619
l 2619 2609
l 2609 2620
l 2620 2610
l 2610 2621
l 2621 2622
l 2622 2611
l 2612 2623
l 2623 2613
l 2613 2624
l 2624 2614
l 2614 2625
l 2625 2615
l 2615 2626
l 2626 2616
l 2616 2627
l 2627 2617
l 2617 2628
l 2628 2618
l 2618 2629
l 2629 2619
l 2619 2630
l 2630 2620
l 2620 2631
l 2631 2621
l 2621 2632
l 2632 2633
l 2633 2622
l 2623 2634
l 2634 2624
l 2624 2635
l 2635 2625
l 2625 2636
l 2636 2626
l 2626 2637
l 2637 2627
l 2627 2638
l 2638 2628
l 2628 2639
l 2639 2629
l 2629 2640
l 2640 2630
l 2630 2641
l 2641 2631
l 2631 2642
l 2642 2632
l 2632 2643
l 2643 2644
l 2644 2633
l 2634 2645
l 2645 2635
l 2635 2646
l 2646 2636
l 2636 2647
l 2647 2637
l 2637 2648
l 2648 2638
l 2638 2649
l 2649 2639
l 2639 2650
l 2650 2640
l 2640 2651
l 2651 2641
l 2641 2652
l 2652 2642
l 2642 2653
l 2653 2643
l 2643 2654
l 2654 2655
l 2655 2644
l 2645 2656
l 2656 2646
l 2646 2657
l 2657 2647
l 2647 2658
l 2658 2648
l 2648 2659
l 2659 2649
l 2649 2660
l 2660 2650
l 2650 2661
l 2661 2651
l 2651 2662
l 2662 2652
l 2652 2663
l 2663 2653
l 2653 2664
l 2664 2654
l 2654 2665
l 2665 2666
l 2666 2655
l 2656 2667
l 2667 2657
l 2657 2668
l 2668 2658
l 2658 2669
l 2669 2659
l 2659 2670
l 2670 2660
l 2660 2671
l 2671 2661
l 2661 2672
l 2672 2662
l 2662 2673
l 2673 2663
l 2663 2674
l 2674 2664
l 2664 2675
l 2675 2665
l 2665 2676
l 2676 2677
l 2677 2666
l 2667 2678
l 2678 2668
l 2668 2679
l 2679 2669
l 2669 2680
l 2680 2670
l 2670 2681
l 2681 2671
l 2671 2682
l 2682 2672
l 2672 2683
l 2683 2673
l 2673 2684
l 2684 2674
l 2674 2685
l 2685 2675
l 2675 2686
l 2686 2676
l 2676 2687
l 2687 2688
l 2688 2677
l 2678 2689
l 2689 2679
l 2679 2690
l 2690 2680
l 2680 2691
l 2691 2681
l 2681 2692
l 2692 2682
l 2682 2693
l 2693 2683
l 2683 2694
l 2694 2684
l 2684 2695
l 2695 2685
l 2685 2696
l 2696 2686
l 2686 2697
l 2697 2687
l 2687 2698
l 2698 2699
l 2699 2688
l 2689 2700
l 2700 2690
l 2690 2701
l 2701 2691
l 2691 2702
l 2702 2692
l 2692 2703
l 2703 2693
l 2693 2704
l 2704 2694
l 2694 2705
l 2705 2695
l 2695 2706
l 2706 2696
l 2696 2707
l 2707 2697
l 2697 2708
l 2708 2698
l 2698 2709
l 2709 2710
l 2710 2699
l 2700 2711
l 2711 2701
l 2701 2712
l 2712 2702
l 2702 2713
l 2713 2703
l 2703 2714
l 2714 2704
l 2704 2715
l 2715 2705
l 2705 2716
l 2716 2706
l 2706 2717
l 2717 2707
l 2707 2718
l 2718 2708
l 2708 2719
l 2719 2709
l 2709 2720
l 2720 2721
l 2721 2710
l 2711 2722
l 2722 2712
l 2712 2723
l 2723 2713
l 2713 2724
l 2724 2714
l 2714 2725
l 2725 2715
l 2715 2726
l 2726 2716
l 2716 2727
l 2727 2717
l 2717 2728
l 2728 2718
l 2718 2729
l 2729 2719
l 2719 2730
l 2730 2720
l 2720 2731
l 2731 2732
l 2732 2721
l 2722 2733
l 2733 2723
l 2723 2734
l 2734 2724
l 2724 2735
l 2735 2725
l 2725 2736
l 2736 2726
l 2726 2737
l 2737 2727
l 2727 2738
l 2738 2728
l 2728 2739
l 2739 2729
l 2729 2740
l 2740 2730
l 2730 2741
l 2741 2731
l 2731 2742
l 2742 2743
l 2743 2732
l 2733 2744
l 2744 2734
l 2734 2745
l 2745 2735
l 2735 2746
l 2746 2736
l 2736 2747
l 2747 2737
l 2737 2748
l 2748 2738
l 2738 2749
l 2749 2739
l 2739 2750
l 2750 2740
l 2740 2751
l 2751 2741
l 2741 2752
l 2752 2742
l 2742 2753
l 2753 2754
l 2754 2743
l 2744 2755
l 2755 2745
l 2745 2756
l 2756 2746
l 2746 2757
l 2757 2747
l 2747 2758
l 2758 2748
l 2748 2759
l 2759 2749
l 2749 2760
l 2760 2750
l 2750 2761
l 2761 2751
l 2751 2762
l 2762 2752
l 2752 2763
l 2763 2753
l 2753 2764
l 2764 2765
l 2765 2754
l 2755 2766
l 2766 2756
l 2756 2767
l 2767 2757
l 2757 2768
l 2768 2758
l 2758 2769
l 2769 2759
l 2759 2770
l 2770 2760
l 2760 2771
l 2771 2761
l 2761 2772
l 2772 2762
l 2762 2773
l 2773 2763
l 2763 2774
l 2774 2764
l 2764 2775
l 2775 2776
l 2776 2765
l 2766 2777
l 2777 2767
l 2767 2778
l 2778 2768
l 2768 2779
l 2779 2769
l 2769 2780
l 2780 2770
l 2770 2781
l 2781 2771
l 2771 2782
l 2782 2772
l 2772 2783
l 2783 2773
l 2773 2784
l 2784 2774
l 2774 2785
l 2785 2775
l 2775 2786
l 2786 2787
l 2787 2776
l 2777 2788
l 2788 2778
l 2778 2789
l 2789 2779
l 2779 2790
l 2790 2780
l 2780 2791
l 2791 2781
l 2781 2792
l 2792 2782
l 2782 2793
l 2793 2783
l 2783 2794
l 2794 2784
l 2784 2795
l 2795 2785
l 2785 2796
l 2796 2786
l 2786 2797
l 2797 2798
l 2798 2787
l 2788 2799
l 2799 2789
l 2789 2800
l 2800 2790
l 2790 2801
l 2801 2791
l 2791 2802
l 2802 2792
l 2792 2803
l 2803 2793
l 2793 2804
l 2804 2794
l 2794 2805
l 2805 2795
l 2795 2806
l 2806 2796
l 2796 2807
l 2807 2797
l 2797 2808
l 2808 2809
l 2809 2798
l 2799 2810
l 2810 2800
l 2800 2811
l 2811 2801
l 2801 2812
l 2812 2802
l 2802 2813
l 2813 2803
l 2803 2814
l 2814 2804
l 2804 2815
l 2815 2805
l 2805 2816
l 2816 2806
l 2806 2817
l 2817 2807
l 2807 2818
l 2818 2808
l 2810 2819
l 2819 2811
l 2811 2820
l 2820 2812
l 2812 2821
l 2821 2813
l 2813 2822
l 2822 2814
l 2814 2823
l 2823 2815
l 2815 2824
l 2824 2816
l 2816 2825
l 2825 2817
l 2817 2826
l 2826 2818
l 2819 2827
l 2827 2820
l 2820 2828
l 2828 2821
l 2821 2829
l 2829 2822
l 2822 2830
l 2830 2823
l 2823 2831
l 2831 2824
l 2824 2832
l 2832 2825
l 2825 2833
l 2833 2826
l 2827 2834
l 2834 2828
l 2828 2835
l 2835 2829
l 2829 2836
l 2836 2830
l 2830 2837
l 2837 2831
l 2831 2838
l 2838 2832
l 2832 2839
l 2839 2833
l 2834 2840
l 2840 2835
l 2835 2841
l 2841 2836
l 2836 2842
l 2842 2837
l 2837 2843
l 2843 2838
l 2838 2844
l 2844 2839
l 2845 2846
l 2847 2845
l 2846 2848
l 2849 2846
l 2847 2849
l 2850 2847
l 2848 2851
l 2852 2848
l 2849 2852
l 2853 2849
l 2850 2853
l 2854 2850
l 2851 2840
l 2841 2851
l 2852 2841
l 2842 2852
l 2853 2842
l 2843 2853
l 2854 2843
l 2844 2854
l 1719 2855
l 1722 1719
l 2856 1722
l 1724 2856
l 2857 1724
l 1726 2857
l 1729 1726
l 2858 1729
l 2855 2859
l 2856 2855
l 2860 2856
l 2857 2860
l 2858 2857
l 2861 2858
l 2859 2862
l 2860 2859
l 2861 2860
l 2862 2861


