Energy,X,Y,Z,Normal_X,Normal_Y,Normal_Z,Wavelength,Flux
1.000000,0.055797,0.382760,-0.055673,-0.860211,0.014479,-0.509733,550.000000,690.873521
1.000000,0.055848,0.387239,-0.055052,-0.934071,0.027511,0.356026,550.000000,761.255399
1.000000,0.057727,0.465772,-0.056442,-0.992761,0.022806,-0.117925,550.000000,803.050524
1.000000,0.060832,0.573734,-0.057032,-0.408491,0.021840,0.912501,550.000000,342.118799
1.000000,0.058125,0.464838,-0.057036,-0.456809,-0.000332,-0.889565,550.000000,359.357096
1.000000,0.056022,0.371936,-0.054370,-0.235280,0.018362,0.971754,550.000000,202.477774
1.000000,0.060488,0.576080,-0.058086,-0.920055,0.017480,-0.391398,550.000000,740.807833
1.000000,0.057807,0.463430,-0.056769,-0.818728,0.012629,-0.574042,550.000000,656.476029
1.000000,0.053788,0.305257,-0.054315,-0.997959,0.023694,-0.059293,550.000000,807.976438
1.000000,0.059297,0.526239,-0.057505,-0.880676,0.015451,-0.473467,550.000000,707.898600
1.000000,0.055784,0.385005,-0.055557,-0.945873,0.018986,-0.323981,550.000000,762.549216
1.000000,0.054515,0.333589,-0.054861,-0.957641,0.019750,-0.287286,550.000000,772.531807
1.000000,0.058221,0.485986,-0.056538,-0.995347,0.025602,0.092890,550.000000,807.710440
1.000000,0.054978,0.353626,-0.054985,-0.993189,0.022865,-0.114246,550.000000,803.442686
1.000000,0.055192,0.360272,-0.055274,-0.927719,0.017908,-0.372851,550.000000,747.243216
1.000000,0.053104,0.272331,-0.053419,-0.841939,0.027622,0.538866,550.000000,688.819588
1.000000,0.060585,0.579643,-0.057496,-0.907673,0.027677,0.418764,550.000000,740.627086
1.000000,0.055088,0.356334,-0.055203,-0.937737,0.018491,-0.346853,550.000000,755.678206
1.000000,0.059534,0.536240,-0.057618,-0.891291,0.015974,-0.453150,550.000000,716.747647
1.000000,0.056050,0.393673,-0.055039,-0.878032,0.027716,0.477798,550.000000,717.325468
1.000000,0.059028,0.512885,-0.056497,-0.807303,0.027430,0.589499,550.000000,661.368510
1.000000,0.060803,0.586035,-0.058346,-0.829914,0.013114,-0.557738,550.000000,665.738376
1.000000,0.058295,0.488539,-0.056492,-0.980568,0.026555,0.194376,550.000000,796.968107
1.000000,0.056768,0.425719,-0.055623,-0.964404,0.027049,0.263045,550.000000,784.705320
1.000000,0.058768,0.506628,-0.056616,-0.942075,0.027425,0.334278,550.000000,767.477317
1.000000,0.059165,0.521262,-0.057419,-0.894367,0.016129,-0.447043,550.000000,719.314559
1.000000,0.059936,0.545397,-0.057967,-0.665593,0.006642,-0.746285,550.000000,530.288122
1.000000,0.056030,0.396658,-0.055388,-0.996190,0.025500,0.083402,550.000000,808.277786
1.000000,0.055699,0.361302,-0.054250,-0.313741,0.019995,0.949298,550.000000,265.785664
1.000000,0.054153,0.313592,-0.053900,-0.794333,0.027337,0.606867,550.000000,651.069562
1.000000,0.056622,0.406345,-0.054921,-0.544483,0.024214,0.838422,550.000000,451.419126
1.000000,0.056970,0.428341,-0.056346,-0.788957,0.011377,-0.614343,550.000000,631.861020
1.000000,0.053308,0.284027,-0.054246,-0.946600,0.019032,-0.321848,550.000000,763.164279
1.000000,0.054705,0.342290,-0.054624,-0.986973,0.026250,0.158730,550.000000,801.725230
1.000000,0.057411,0.441787,-0.056637,-0.647152,0.005982,-0.762337,550.000000,515.148992
1.000000,0.058134,0.482574,-0.056605,-0.998549,0.023851,-0.048270,550.000000,808.588708
1.000000,0.054039,0.305032,-0.053685,-0.671764,0.026062,0.740307,550.000000,553.367898
1.000000,0.054557,0.328243,-0.055097,-0.737670,0.009332,-0.675097,550.000000,589.561108
1.000000,0.056184,0.392269,-0.054809,-0.663488,0.025955,0.747737,550.000000,546.751834
1.000000,0.059151,0.522351,-0.056827,-0.945120,0.027387,0.325573,550.000000,769.838854
1.000000,0.056181,0.402731,-0.055616,-0.994046,0.022986,-0.106510,550.000000,804.230891
1.000000,0.054607,0.338636,-0.054646,-0.997170,0.025360,0.070772,550.000000,808.918664
1.000000,0.059331,0.510851,-0.057667,-0.357854,-0.003331,-0.933772,550.000000,278.630933
1.000000,0.055609,0.375931,-0.054821,-0.885977,0.027717,0.462901,550.000000,723.581962
1.000000,0.053944,0.305691,-0.054730,-0.814263,0.012437,-0.580363,550.000000,652.780319
1.000000,0.053822,0.304725,-0.053991,-0.938416,0.027467,0.344415,550.000000,764.634930
1.000000,0.060585,0.573250,-0.057188,-0.708057,0.026502,0.705658,550.000000,582.356583
1.000000,0.053282,0.284040,-0.053842,-0.980830,0.026545,0.193047,550.000000,797.164932
1.000000,0.054235,0.319477,-0.054835,-0.873225,0.015092,-0.487084,550.000000,701.694823
1.000000,0.055018,0.340012,-0.054047,-0.517185,0.023766,0.855544,550.000000,429.506482
1.000000,0.054399,0.307415,-0.055048,-0.288697,-0.005333,-0.957406,550.000000,222.302268
1.000000,0.053738,0.302609,-0.054076,-0.979083,0.026614,0.201712,550.000000,795.854500
1.000000,0.060123,0.560718,-0.057247,-0.905496,0.027684,0.423452,550.000000,738.919403
1.000000,0.057831,0.469998,-0.056498,-0.992481,0.022769,-0.120260,550.000000,802.795817
1.000000,0.059816,0.550678,-0.057593,-0.982833,0.021717,-0.183215,550.000000,794.211666
1.000000,0.060666,0.583469,-0.058173,-0.924810,0.017744,-0.380016,550.000000,744.798903
1.000000,0.059445,0.511748,-0.057707,-0.241288,-0.006663,-0.970431,550.000000,183.725846
1.000000,0.058579,0.484561,-0.055910,-0.494020,0.023375,0.869136,550.000000,410.900109
1.000000,0.058776,0.503240,-0.057276,-0.826632,0.012971,-0.562594,550.000000,663.019904
1.000000,0.054712,0.337342,-0.055129,-0.824141,0.012862,-0.566239,550.000000,660.957115
1.000000,0.053269,0.280836,-0.054297,-0.897927,0.016309,-0.439842,550.000000,722.286950
1.000000,0.060682,0.575577,-0.057181,-0.657961,0.025883,0.752607,550.000000,542.332791
1.000000,0.058370,0.491417,-0.056858,-0.974313,0.020977,-0.224220,550.000000,786.808582
1.000000,0.053263,0.268774,-0.053130,-0.528374,0.023952,0.848674,550.000000,438.489696
1.000000,0.057269,0.445488,-0.055827,-0.943474,0.027408,0.330313,550.000000,768.562184
1.000000,0.058034,0.472798,-0.056887,-0.821770,0.012760,-0.569676,550.000000,658.994210
1.000000,0.053742,0.303375,-0.054211,-0.998813,0.025025,0.041780,550.000000,809.897732
1.000000,0.060787,0.590696,-0.057897,-0.995564,0.025577,0.090546,550.000000,807.857481
1.000000,0.058386,0.484909,-0.056079,-0.750568,0.026956,0.660243,550.000000,616.253797
1.000000,0.055798,0.387159,-0.055398,-0.995953,0.023288,-0.086806,550.000000,806.015945
1.000000,0.056398,0.409240,-0.055311,-0.920948,0.027613,0.388707,550.000000,751.018403
1.000000,0.054897,0.336292,-0.055324,-0.555101,0.002826,-0.831778,550.000000,439.711146
1.000000,0.058603,0.501312,-0.056938,-0.986331,0.022061,-0.163290,550.000000,797.288873
1.000000,0.059168,0.521690,-0.057410,-0.903625,0.016603,-0.428002,550.000000,727.048503
1.000000,0.057795,0.458597,-0.056830,-0.682324,0.007251,-0.731014,550.000000,544.031759
1.000000,0.059135,0.514935,-0.056454,-0.734682,0.026795,0.677883,550.000000,603.594570
1.000000,0.061312,0.582093,-0.058641,-0.058959,-0.011493,-0.998194,550.000000,35.637647
1.000000,0.059332,0.505563,-0.057636,-0.191591,-0.008024,-0.981442,550.000000,143.319741
1.000000,0.058351,0.486697,-0.057031,-0.851791,0.014092,-0.523693,550.000000,683.880584
1.000000,0.060403,0.573458,-0.057493,-0.946982,0.027362,0.320120,550.000000,771.281208
1.000000,0.056025,0.396099,-0.055317,-0.986066,0.026300,0.164260,550.000000,801.057798
1.000000,0.057362,0.445408,-0.055638,-0.821934,0.027521,0.568917,550.000000,672.974465
1.000000,0.054908,0.346544,-0.054404,-0.860407,0.027686,0.508855,550.000000,703.420353
1.000000,0.056376,0.384919,-0.054530,-0.189066,0.017360,0.981811,550.000000,165.150913
1.000000,0.060828,0.578023,-0.057148,-0.548318,0.024275,0.835917,550.000000,454.496878
1.000000,0.056656,0.405414,-0.054875,-0.472341,0.022999,0.881116,550.000000,393.477825
1.000000,0.054337,0.327687,-0.054584,-0.999224,0.024089,-0.031161,550.000000,809.343396
1.000000,0.060787,0.586135,-0.057500,-0.852998,0.027664,0.521181,550.000000,697.566479
1.000000,0.055404,0.367617,-0.054716,-0.887599,0.027717,0.459782,550.000000,724.859018
1.000000,0.059499,0.527862,-0.056574,-0.674115,0.026092,0.738165,550.000000,555.247758
1.000000,0.056318,0.390523,-0.056079,-0.438588,-0.000897,-0.898688,550.000000,344.480489
1.000000,0.055472,0.364828,-0.054491,-0.713810,0.026568,0.699835,550.000000,586.948425
1.000000,0.057122,0.438799,-0.056304,-0.921785,0.017575,-0.387302,550.000000,742.259405
1.000000,0.060539,0.573762,-0.058237,-0.782884,0.011128,-0.622068,550.000000,626.845402
1.000000,0.058649,0.497504,-0.056300,-0.809191,0.027442,0.586904,550.000000,662.866802
1.000000,0.055213,0.354699,-0.055449,-0.726953,0.008920,-0.686630,550.000000,580.736130
1.000000,0.053767,0.302590,-0.054496,-0.942294,0.018765,-0.334261,550.000000,759.523631
1.000000,0.055001,0.339825,-0.054052,-0.532445,0.024018,0.846124,550.000000,441.758077
1.000000,0.060593,0.574047,-0.057211,-0.723121,0.026671,0.690207,550.000000,594.375831
1.000000,0.060548,0.580256,-0.057657,-0.974253,0.026783,0.223860,550.000000,792.209798
1.000000,0.056216,0.403579,-0.055374,-0.976081,0.026723,0.215759,550.000000,793.592368
1.000000,0.054786,0.345249,-0.054955,-0.976487,0.021155,-0.214536,550.000000,788.688274
1.000000,0.056814,0.419462,-0.056301,-0.710415,0.008293,-0.703734,550.000000,567.126832
1.000000,0.054664,0.340979,-0.054773,-0.998328,0.023789,-0.052678,550.000000,808.355771
1.000000,0.057399,0.435517,-0.056651,-0.467234,-0.000006,-0.884134,550.000000,367.871081
1.000000,0.060023,0.558023,-0.057792,-0.948760,0.019168,-0.315416,550.000000,764.992580
1.000000,0.059449,0.536174,-0.057314,-0.997458,0.023578,-0.067246,550.000000,807.473228
1.000000,0.054898,0.325476,-0.053764,-0.215801,0.017943,0.976273,550.000000,186.747527
1.000000,0.054184,0.310666,-0.053751,-0.662683,0.025945,0.748451,550.000000,546.108459
1.000000,0.054583,0.331893,-0.055065,-0.818351,0.012612,-0.574581,550.000000,656.163463
1.000000,0.056738,0.424410,-0.055596,-0.960746,0.027129,0.276099,550.000000,781.899764
1.000000,0.053945,0.302947,-0.054778,-0.726395,0.008898,-0.687220,550.000000,580.276790
1.000000,0.053833,0.305618,-0.054510,-0.953202,0.019455,-0.301706,550.000000,768.759322
1.000000,0.059048,0.501488,-0.056102,-0.425271,0.022152,0.904795,550.000000,355.623047
1.000000,0.054503,0.334466,-0.054665,-0.999451,0.024205,-0.022639,550.000000,809.630685
1.000000,0.056366,0.395595,-0.056103,-0.535439,0.002178,-0.844571,550.000000,423.621971
1.000000,0.054354,0.324615,-0.054149,-0.881328,0.027717,0.471691,550.000000,719.921829
1.000000,0.061059,0.597867,-0.057680,-0.873643,0.027711,0.485777,550.000000,713.865902
1.000000,0.057094,0.440016,-0.056094,-0.994639,0.023074,-0.100801,550.000000,804.780928
1.000000,0.057783,0.467830,-0.056246,-0.985874,0.026310,0.165410,550.000000,800.915717
1.000000,0.053361,0.272905,-0.053185,-0.532144,0.024013,0.846314,550.000000,441.515950
1.000000,0.059776,0.542146,-0.056836,-0.767493,0.027115,0.640484,550.000000,629.728368
1.000000,0.052884,0.267272,-0.053568,-0.963948,0.027060,0.264710,550.000000,784.356058
1.000000,0.060281,0.569861,-0.057806,-0.990248,0.022491,-0.137485,550.000000,800.776875
1.000000,0.056705,0.417680,-0.055248,-0.793511,0.027331,0.607942,550.000000,650.416126
1.000000,0.053243,0.278102,-0.054336,-0.845492,0.013806,-0.533809,550.000000,678.653441
1.000000,0.060823,0.571962,-0.056995,-0.365581,0.021022,0.930542,550.000000,307.566490
1.000000,0.054656,0.320693,-0.053741,-0.374694,0.021198,0.926906,550.000000,314.906371
1.000000,0.055907,0.379375,-0.054610,-0.613313,0.025266,0.789436,550.000000,506.599574
1.000000,0.056111,0.397104,-0.055789,-0.907051,0.016781,-0.420686,550.000000,729.913741
1.000000,0.054689,0.340934,-0.054938,-0.964558,0.020234,-0.263093,550.000000,778.431176
1.000000,0.055249,0.362081,-0.054683,-0.911329,0.027663,0.410748,550.000000,743.492311
1.000000,0.055190,0.356707,-0.055386,-0.819145,0.012647,-0.573448,550.000000,656.820625
1.000000,0.060654,0.572012,-0.057088,-0.582213,0.024804,0.812658,550.000000,481.680156
1.000000,0.058856,0.511992,-0.056904,-0.998096,0.025195,0.056301,550.000000,809.492911
1.000000,0.059871,0.546300,-0.056898,-0.775594,0.027186,0.630646,550.000000,636.173474
1.000000,0.058254,0.487307,-0.056547,-0.994267,0.025717,0.103783,550.000000,806.968020
1.000000,0.053390,0.281490,-0.054468,-0.763309,0.010338,-0.645951,550.000000,610.692388
1.000000,0.053851,0.307142,-0.054457,-0.977824,0.021268,-0.208344,550.000000,789.847250
1.000000,0.058644,0.489039,-0.055996,-0.551904,0.024332,0.833553,550.000000,457.373733
1.000000,0.053876,0.292782,-0.053426,-0.497368,0.023432,0.867223,550.000000,413.590177
1.000000,0.060533,0.578841,-0.058060,-0.949679,0.019227,-0.312633,550.000000,765.771620
1.000000,0.058976,0.516843,-0.057071,-0.996766,0.023437,-0.076871,550.000000,806.795259
1.000000,0.056440,0.405348,-0.056089,-0.745409,0.009633,-0.666538,550.000000,595.936299
1.000000,0.056679,0.421781,-0.055544,-0.953789,0.027258,0.299240,550.000000,776.543050
1.000000,0.056442,0.408427,-0.055180,-0.839418,0.027611,0.542785,550.000000,686.824567
1.000000,0.061217,0.589875,-0.057246,-0.422390,0.022099,0.906145,550.000000,353.304291
1.000000,0.052954,0.268778,-0.054100,-0.921965,0.017585,-0.386873,550.000000,742.410505
1.000000,0.052886,0.265477,-0.054085,-0.906017,0.016727,-0.422910,550.000000,729.048685
1.000000,0.057108,0.440716,-0.056016,-0.999639,0.024642,0.010714,550.000000,810.188883
1.000000,0.054768,0.313728,-0.055164,-0.015005,-0.012591,-0.999808,550.000000,0.000000
1.000000,0.055890,0.391046,-0.055404,-0.999271,0.024111,-0.029594,550.000000,809.400641
1.000000,0.055489,0.362631,-0.054399,-0.623639,0.025413,0.781299,550.000000,514.868645
1.000000,0.054093,0.313481,-0.054767,-0.866583,0.014777,-0.498815,550.000000,696.169633
1.000000,0.057765,0.465594,-0.056077,-0.938809,0.027463,0.343343,550.000000,764.940388
1.000000,0.055722,0.383700,-0.055421,-0.984720,0.021899,-0.172764,550.000000,795.867674
1.000000,0.053157,0.274558,-0.054292,-0.843849,0.013732,-0.536405,550.000000,677.290238
1.000000,0.055024,0.351028,-0.055272,-0.852913,0.014143,-0.521861,550.000000,684.812309
1.000000,0.060278,0.562085,-0.057079,-0.750614,0.026956,0.660191,550.000000,616.290168
1.000000,0.052975,0.268254,-0.054163,-0.879401,0.015389,-0.475834,550.000000,706.836377
1.000000,0.057633,0.459937,-0.056560,-0.930835,0.018086,-0.364991,550.000000,749.864415
1.000000,0.058674,0.479702,-0.055764,-0.221601,0.018069,0.974970,550.000000,191.431937
1.000000,0.059179,0.525116,-0.057051,-0.996036,0.025520,0.085213,550.000000,808.175240
1.000000,0.057440,0.445091,-0.055531,-0.712895,0.026558,0.700768,550.000000,586.217891
1.000000,0.055115,0.358721,-0.055128,-0.977151,0.021211,-0.211484,550.000000,789.263560
1.000000,0.054078,0.312142,-0.054779,-0.843900,0.013735,-0.536325,550.000000,677.332719
1.000000,0.053622,0.295151,-0.053788,-0.894989,0.027709,0.445227,550.000000,730.670179
1.000000,0.054253,0.314735,-0.054951,-0.701985,0.007977,-0.712148,550.000000,560.192913
1.000000,0.055949,0.389511,-0.055739,-0.876221,0.015235,-0.481669,550.000000,704.188630
1.000000,0.054759,0.328387,-0.055255,-0.484358,0.000533,-0.874870,550.000000,381.860047
1.000000,0.058372,0.492213,-0.056630,-0.996597,0.025445,0.078406,550.000000,808.546911
1.000000,0.053924,0.310826,-0.054335,-0.999673,0.024594,0.006942,550.000000,810.170960
1.000000,0.058453,0.495624,-0.056745,-0.999639,0.024357,-0.011328,550.000000,809.921009
1.000000,0.058591,0.501221,-0.056805,-0.999689,0.024562,0.004403,550.000000,810.152409
1.000000,0.060500,0.578479,-0.057652,-0.979307,0.026605,0.200625,550.000000,796.022314
1.000000,0.060520,0.579913,-0.057853,-0.999222,0.024088,-0.031234,550.000000,809.340692
1.000000,0.056148,0.388491,-0.054714,-0.590664,0.024932,0.806533,550.000000,488.454051
1.000000,0.058888,0.511541,-0.057201,-0.943821,0.018859,-0.329918,550.000000,760.814176
1.000000,0.053059,0.268133,-0.054290,-0.767860,0.010520,-0.640531,550.000000,614.446307
1.000000,0.060841,0.592036,-0.057790,-0.968231,0.026956,0.248602,550.000000,787.630238
1.000000,0.053992,0.301230,-0.054837,-0.613298,0.004796,-0.789837,550.000000,487.380788
1.000000,0.056485,0.407213,-0.055068,-0.746391,0.026915,0.664964,550.000000,612.925673
1.000000,0.055458,0.362314,-0.054414,-0.652537,0.025811,0.757317,550.000000,537.994688
1.000000,0.061241,0.576849,-0.057004,0.015005,0.012591,0.999808,550.000000,0.000000
1.000000,0.053241,0.281747,-0.054178,-0.961814,0.020038,-0.272970,550.000000,776.087098
1.000000,0.060569,0.574191,-0.058266,-0.758415,0.010144,-0.651693,550.000000,606.656938
1.000000,0.057829,0.467546,-0.056683,-0.918337,0.017386,-0.395417,550.000000,739.366646
1.000000,0.057411,0.448875,-0.055741,-0.868289,0.027703,0.495284,550.000000,709.642847
1.000000,0.055625,0.365983,-0.055709,-0.555667,0.002845,-0.831400,550.000000,440.174346
1.000000,0.060795,0.576810,-0.058443,-0.552537,0.002741,-0.833484,550.000000,437.612588
1.000000,0.056220,0.399801,-0.055085,-0.852771,0.027663,0.521553,550.000000,697.386728
1.000000,0.054221,0.322431,-0.054630,-0.983895,0.021818,-0.177409,550.000000,795.143064
1.000000,0.058087,0.470591,-0.055839,-0.684232,0.026218,0.728793,550.000000,563.331687
1.000000,0.053437,0.288823,-0.054340,-0.932016,0.018154,-0.361962,550.000000,750.858036
1.000000,0.060291,0.570509,-0.057654,-0.997442,0.025316,0.066854,550.000000,809.090999
1.000000,0.053336,0.286036,-0.053843,-0.973927,0.026793,0.225273,550.000000,791.962857
1.000000,0.053541,0.295028,-0.054053,-0.994072,0.025736,0.105633,550.000000,806.832187
1.000000,0.056582,0.400684,-0.054793,-0.419289,0.022041,0.907585,550.000000,350.809248
1.000000,0.058624,0.498926,-0.057143,-0.885775,0.015700,-0.463849,550.000000,712.147738
1.000000,0.052967,0.270962,-0.054004,-0.973043,0.020875,-0.229678,550.000000,785.712972
1.000000,0.053082,0.268013,-0.053254,-0.735308,0.026802,0.677203,550.000000,604.093939
1.000000,0.057594,0.459931,-0.056117,-0.979587,0.026595,0.199254,550.000000,796.232678
1.000000,0.060696,0.585519,-0.058146,-0.950096,0.019253,-0.311362,550.000000,766.125034
1.000000,0.059088,0.508395,-0.056268,-0.590684,0.024933,0.806518,550.000000,488.470127
1.000000,0.053971,0.312481,-0.054468,-0.990576,0.022530,-0.135101,550.000000,801.071050
1.000000,0.060300,0.554534,-0.058185,-0.487999,0.000649,-0.872844,550.000000,384.834985
1.000000,0.059628,0.543456,-0.057300,-0.997126,0.025367,0.071388,550.000000,808.890440
1.000000,0.059588,0.532961,-0.057764,-0.721111,0.008697,-0.692764,550.000000,575.928206
1.000000,0.057569,0.458148,-0.056021,-0.956108,0.027218,0.291747,550.000000,778.331686
1.000000,0.060544,0.577188,-0.057427,-0.883880,0.027717,0.466891,550.000000,721.931878
1.000000,0.054576,0.319590,-0.055158,-0.443074,-0.000759,-0.896485,550.000000,348.142219
1.000000,0.057443,0.451832,-0.056476,-0.919834,0.017468,-0.391919,550.000000,740.622087
1.000000,0.054196,0.320759,-0.054679,-0.963538,0.020160,-0.266811,550.000000,777.559129
1.000000,0.054731,0.341939,-0.055004,-0.943200,0.018821,-0.331691,550.000000,760.289619
1.000000,0.056987,0.426182,-0.056397,-0.699248,0.007875,-0.714835,550.000000,557.943016
1.000000,0.058076,0.479381,-0.056344,-0.972640,0.026833,0.230763,550.000000,790.986490
1.000000,0.060549,0.573343,-0.058256,-0.757636,0.010113,-0.652599,550.000000,606.014695
1.000000,0.055983,0.367614,-0.055853,-0.149974,-0.009138,-0.988648,550.000000,109.508041
1.000000,0.061076,0.595466,-0.057535,-0.775878,0.027188,0.630297,550.000000,636.399410
1.000000,0.061040,0.581642,-0.057129,-0.390869,0.021508,0.920195,550.000000,327.932777
1.000000,0.059089,0.521344,-0.057159,-0.993174,0.022863,-0.114377,550.000000,803.428972
1.000000,0.054905,0.345882,-0.055215,-0.844965,0.013782,-0.534643,550.000000,678.216371
1.000000,0.055468,0.367606,-0.054612,-0.805470,0.027417,0.592002,550.000000,659.913226
1.000000,0.054534,0.315907,-0.055133,-0.381031,-0.002643,-0.924558,550.000000,297.524908
1.000000,0.060559,0.581422,-0.057782,-0.996130,0.025508,0.084113,550.000000,808.237860
1.000000,0.053683,0.300463,-0.054351,-0.982776,0.021712,-0.183522,550.000000,794.161640
1.000000,0.056160,0.388185,-0.055990,-0.567152,0.003227,-0.823607,550.000000,449.575617
1.000000,0.056039,0.393195,-0.055032,-0.876843,0.027715,0.479978,550.000000,716.387912
1.000000,0.059111,0.521458,-0.056876,-0.968490,0.026949,0.247591,550.000000,787.827988
1.000000,0.055238,0.352116,-0.055495,-0.615549,0.004874,-0.788083,550.000000,489.226355
1.000000,0.053334,0.286623,-0.053949,-0.994678,0.025675,0.099786,550.000000,807.251780
1.000000,0.057001,0.432596,-0.055550,-0.882013,0.027717,0.470410,550.000000,720.461155
1.000000,0.060312,0.571066,-0.057595,-0.988225,0.026178,0.150755,550.000000,802.642415
1.000000,0.059680,0.538881,-0.056813,-0.787693,0.027285,0.615463,550.000000,645.793211
1.000000,0.059390,0.533847,-0.057242,-0.999619,0.024334,-0.013023,550.000000,809.884105
1.000000,0.054185,0.318098,-0.054084,-0.893965,0.027711,0.447280,550.000000,729.865255
1.000000,0.055826,0.387715,-0.055172,-0.977262,0.026681,0.210348,550.000000,794.483940
1.000000,0.060678,0.571825,-0.058381,-0.546439,0.002540,-0.837495,550.000000,432.622368
1.000000,0.053286,0.279710,-0.053512,-0.839639,0.027612,0.542443,550.000000,686.999251
1.000000,0.053408,0.289722,-0.054119,-0.997520,0.023592,-0.066316,550.000000,807.534759
1.000000,0.060728,0.588242,-0.058020,-0.994103,0.022994,-0.105978,550.000000,804.283294
1.000000,0.061162,0.594908,-0.058620,-0.649635,0.006071,-0.760222,550.000000,517.186793
1.000000,0.054559,0.336719,-0.054642,-0.998742,0.025045,0.043447,550.000000,809.859982
1.000000,0.055752,0.364352,-0.055772,-0.342616,-0.003778,-0.939468,550.000000,266.213926
1.000000,0.060230,0.552829,-0.058147,-0.523463,0.001788,-0.852047,550.000000,413.826245
1.000000,0.056633,0.421332,-0.055742,-0.998879,0.025006,0.040187,550.000000,809.931714
1.000000,0.058336,0.486152,-0.057023,-0.853281,0.014160,-0.521259,550.000000,685.117708
1.000000,0.054172,0.318562,-0.054143,-0.924502,0.027589,0.380177,550.000000,753.795146
1.000000,0.058758,0.505002,-0.057192,-0.904749,0.016661,-0.425620,550.000000,727.987888
1.000000,0.054352,0.309543,-0.055039,-0.414779,-0.001626,-0.909921,550.000000,325.050091
1.000000,0.056325,0.403737,-0.055122,-0.842094,0.027623,0.538623,550.000000,688.942392
1.000000,0.056535,0.414944,-0.055391,-0.924019,0.027593,0.381350,550.000000,753.417660
1.000000,0.058761,0.508126,-0.056941,-0.998243,0.023766,-0.054269,550.000000,808.267761
1.000000,0.057493,0.454937,-0.055971,-0.952623,0.027277,0.302927,550.000000,775.643503
1.000000,0.058287,0.488535,-0.056748,-0.991033,0.022586,-0.131697,550.000000,801.482810
1.000000,0.056156,0.397457,-0.055065,-0.861096,0.027688,0.507687,550.000000,703.964908
1.000000,0.057055,0.424191,-0.056465,-0.551536,0.002708,-0.834147,550.000000,436.792983
1.000000,0.057598,0.454700,-0.055748,-0.811866,0.027460,0.583198,550.000000,664.989440
1.000000,0.054254,0.309110,-0.053651,-0.525800,0.023909,0.850272,550.000000,436.423230
1.000000,0.057653,0.451896,-0.055576,-0.654419,0.025836,0.755691,550.000000,539.499505
1.000000,0.053204,0.280659,-0.053774,-0.974238,0.026783,0.223925,550.000000,792.198580
1.000000,0.060490,0.569481,-0.058245,-0.711702,0.008341,-0.702432,550.000000,568.185974
1.000000,0.055058,0.356121,-0.054737,-0.969539,0.026921,0.243453,550.000000,788.627855
1.000000,0.060350,0.563005,-0.058179,-0.687588,0.007444,-0.726063,550.000000,548.357170
1.000000,0.058130,0.472705,-0.055875,-0.695583,0.026356,0.717962,550.000000,572.398402
1.000000,0.055504,0.360878,-0.055645,-0.550108,0.002661,-0.835089,550.000000,435.624473
1.000000,0.057306,0.443402,-0.055622,-0.830064,0.027566,0.556987,550.000000,679.417091
1.000000,0.053335,0.277355,-0.053350,-0.703753,0.026453,0.709952,550.000000,578.921155
1.000000,0.052992,0.271911,-0.054021,-0.971733,0.020771,-0.235168,550.000000,784.584719
1.000000,0.055495,0.367454,-0.054571,-0.766547,0.027106,0.641616,550.000000,628.975262
1.000000,0.056926,0.420144,-0.056392,-0.589322,0.003974,-0.807888,550.000000,467.732600
1.000000,0.059423,0.531833,-0.057555,-0.895251,0.016173,-0.445269,550.000000,720.052068
1.000000,0.059560,0.531601,-0.056652,-0.713085,0.026560,0.700575,550.000000,586.369437
1.000000,0.054498,0.334262,-0.054665,-0.999357,0.024153,-0.026487,550.000000,809.508256
1.000000,0.054324,0.301103,-0.053444,-0.186552,0.017305,0.982293,550.000000,163.119040
1.000000,0.060464,0.577652,-0.057781,-0.999437,0.024792,0.022601,550.000000,810.169935
1.000000,0.052929,0.268301,-0.053521,-0.939085,0.027460,0.342586,550.000000,765.155204
1.000000,0.058103,0.480240,-0.056741,-0.965421,0.020296,-0.259903,550.000000,779.169533
1.000000,0.056531,0.410094,-0.055135,-0.778424,0.027210,0.627149,550.000000,638.424266
1.000000,0.056495,0.403226,-0.056161,-0.610100,0.004686,-0.792311,550.000000,484.758910
1.000000,0.056831,0.425277,-0.055437,-0.869510,0.027705,0.493137,550.000000,710.606053
1.000000,0.057120,0.436713,-0.056374,-0.859362,0.014440,-0.511163,550.000000,690.168572
1.000000,0.055107,0.359100,-0.054995,-0.999063,0.024023,-0.035994,550.000000,809.154312
1.000000,0.059441,0.535668,-0.057159,-0.992097,0.025910,0.122765,550.000000,805.440426
1.000000,0.059046,0.518059,-0.057281,-0.945877,0.018987,-0.323970,550.000000,762.552446
1.000000,0.055234,0.364215,-0.054983,-0.997668,0.025277,0.063408,550.000000,809.232220
1.000000,0.059193,0.524286,-0.056868,-0.952132,0.027285,0.304467,550.000000,775.264292
1.000000,0.057269,0.439343,-0.055489,-0.751499,0.026965,0.659183,550.000000,616.995164
1.000000,0.058432,0.473700,-0.057189,-0.343335,-0.003757,-0.939205,550.000000,266.799509
1.000000,0.054189,0.301401,-0.054949,-0.368611,-0.003013,-0.929579,550.000000,287.399258
1.000000,0.057810,0.469359,-0.056421,-0.999203,0.024080,-0.031832,550.000000,809.318300
1.000000,0.057490,0.456221,-0.056158,-0.996020,0.025522,0.085396,550.000000,808.164688
1.000000,0.055210,0.363132,-0.054935,-0.993929,0.025750,0.106964,550.000000,806.732731
1.000000,0.060374,0.569693,-0.058089,-0.865595,0.014730,-0.500527,550.000000,695.348958
1.000000,0.057351,0.444497,-0.056535,-0.808332,0.012185,-0.588600,550.000000,647.874649
1.000000,0.054931,0.347128,-0.054399,-0.850412,0.027655,0.525390,550.000000,695.521938
1.000000,0.058987,0.495942,-0.055999,-0.329663,0.020315,0.943880,550.000000,278.622277
1.000000,0.055105,0.347543,-0.054215,-0.641404,0.025661,0.766774,550.000000,529.088115
1.000000,0.053572,0.290470,-0.053619,-0.811491,0.027457,0.583720,550.000000,664.691587
1.000000,0.056990,0.417231,-0.056434,-0.416988,-0.001559,-0.908911,550.000000,326.852769
1.000000,0.058846,0.511559,-0.056992,-0.997759,0.023646,-0.062600,550.000000,807.773471
1.000000,0.060347,0.572877,-0.057742,-0.999680,0.024419,-0.006578,550.000000,810.012001
1.000000,0.056160,0.402023,-0.055492,-0.998907,0.024997,0.039493,550.000000,809.945886
1.000000,0.058593,0.496103,-0.057172,-0.836584,0.013408,-0.547674,550.000000,671.266200
1.000000,0.055140,0.354177,-0.055370,-0.803693,0.011989,-0.594924,550.000000,644.037917
1.000000,0.059791,0.545070,-0.057803,-0.839567,0.013541,-0.543087,550.000000,673.739151
1.000000,0.056206,0.403374,-0.055396,-0.982650,0.026466,0.183569,550.000000,798.524511
1.000000,0.060887,0.582122,-0.058485,-0.600840,0.004367,-0.799358,550.000000,477.169368
1.000000,0.054764,0.344545,-0.054923,-0.982505,0.021686,-0.184970,550.000000,793.924375
1.000000,0.060410,0.555699,-0.058240,-0.383481,-0.002570,-0.923545,550.000000,299.522621
1.000000,0.058264,0.487785,-0.056570,-0.996277,0.025488,0.082350,550.000000,808.336145
1.000000,0.055229,0.363914,-0.055113,-0.994020,0.022982,-0.106751,550.000000,804.207154
1.000000,0.056989,0.429725,-0.055419,-0.807050,0.027428,0.589846,550.000000,661.167420
1.000000,0.059810,0.549831,-0.057645,-0.964623,0.020238,-0.262854,550.000000,778.486842
1.000000,0.056061,0.393257,-0.055821,-0.851270,0.014068,-0.524540,550.000000,683.447857
1.000000,0.054130,0.314159,-0.053960,-0.841202,0.027619,0.540016,550.000000,688.236457
1.000000,0.059804,0.546932,-0.057031,-0.881258,0.027717,0.471823,550.000000,719.866484
1.000000,0.057886,0.472470,-0.056426,-0.999616,0.024667,0.012635,550.000000,810.193580
1.000000,0.056005,0.395695,-0.055472,-0.998907,0.023966,-0.040121,550.000000,808.977835
1.000000,0.052963,0.270224,-0.053583,-0.954961,0.027238,0.295479,550.000000,777.447241
1.000000,0.059681,0.535135,-0.056666,-0.669775,0.026036,0.742108,550.000000,551.778384
1.000000,0.057451,0.453446,-0.056408,-0.960283,0.019932,-0.278314,550.000000,774.781911
1.000000,0.060552,0.581141,-0.057789,-0.997162,0.025362,0.070889,550.000000,808.913333
1.000000,0.058000,0.459882,-0.055576,-0.461089,0.022800,0.887061,550.000000,384.432328
1.000000,0.053291,0.280266,-0.054356,-0.851894,0.014096,-0.523524,550.000000,683.966263
1.000000,0.056428,0.411542,-0.055412,-0.954067,0.027253,0.298350,550.000000,776.758041
1.000000,0.060234,0.559524,-0.058103,-0.727488,0.008940,-0.686062,550.000000,581.177301
1.000000,0.057473,0.455495,-0.056139,-0.994928,0.025649,0.097270,550.000000,807.423666
1.000000,0.054364,0.328757,-0.054612,-0.998519,0.023842,-0.048893,550.000000,808.556737
1.000000,0.054805,0.346409,-0.054685,-0.988419,0.026166,0.149478,550.000000,802.784314
1.000000,0.057368,0.443244,-0.056579,-0.746746,0.009685,-0.665039,550.000000,597.038267
1.000000,0.059796,0.542346,-0.056821,-0.748589,0.026936,0.662487,550.000000,614.676720
1.000000,0.053485,0.290622,-0.054370,-0.928321,0.017942,-0.371347,550.000000,747.749706
1.000000,0.058279,0.473403,-0.057115,-0.528245,0.001943,-0.849090,550.000000,417.737482
1.000000,0.060870,0.576049,-0.057071,-0.432304,0.022281,0.901453,550.000000,361.281069
1.000000,0.053453,0.272342,-0.054562,-0.397744,-0.002142,-0.917494,550.000000,311.153952
1.000000,0.059882,0.551512,-0.057759,-0.924654,0.017735,-0.380396,550.000000,744.667728
1.000000,0.058443,0.489940,-0.056232,-0.836035,0.027596,0.547981,550.000000,684.146685
1.000000,0.058585,0.498268,-0.057086,-0.915404,0.017226,-0.402167,550.000000,736.907860
1.000000,0.054278,0.322071,-0.054828,-0.900138,0.016423,-0.435295,550.000000,724.134106
1.000000,0.057007,0.414439,-0.054937,-0.307363,0.019865,0.951385,550.000000,260.642275
1.000000,0.053165,0.279096,-0.053757,-0.975077,0.026756,0.220248,550.000000,792.833286
1.000000,0.053738,0.301429,-0.054480,-0.942921,0.018804,-0.332484,550.000000,760.053743
1.000000,0.054262,0.317082,-0.053915,-0.763503,0.027078,0.645236,550.000000,626.553174
1.000000,0.057332,0.449520,-0.056253,-0.989000,0.022348,-0.146214,550.000000,799.659467
1.000000,0.053423,0.290283,-0.054007,-0.995988,0.025526,0.085765,550.000000,808.143439
1.000000,0.054445,0.330586,-0.054357,-0.951947,0.027288,0.305045,550.000000,775.121198
1.000000,0.055553,0.360992,-0.055675,-0.490980,0.000744,-0.871170,550.000000,387.271346
1.000000,0.056723,0.414808,-0.055114,-0.680526,0.026172,0.732256,550.000000,560.370933
1.000000,0.056205,0.403875,-0.055524,-0.999271,0.024870,0.028964,550.000000,810.112718
1.000000,0.056231,0.404410,-0.055697,-0.982931,0.021726,-0.182686,550.000000,794.297713
1.000000,0.057289,0.436872,-0.055377,-0.648802,0.025761,0.760521,550.000000,535.006499
1.000000,0.057748,0.466787,-0.056416,-0.997338,0.023553,-0.069003,550.000000,807.355108
1.000000,0.059409,0.532648,-0.057487,-0.938264,0.018522,-0.345424,550.000000,756.122369
1.000000,0.056799,0.419393,-0.056287,-0.727672,0.008947,-0.685867,550.000000,581.328083
1.000000,0.060664,0.567469,-0.058377,-0.427454,-0.001240,-0.904036,550.000000,335.393253
1.000000,0.056959,0.423835,-0.056394,-0.661828,0.006507,-0.749628,550.000000,527.196179
1.000000,0.058565,0.500045,-0.056723,-0.995702,0.025561,0.089017,550.000000,807.950956
1.000000,0.059272,0.527915,-0.056949,-0.964684,0.027043,0.262019,550.000000,784.919246
1.000000,0.057074,0.436557,-0.056292,-0.912399,0.017065,-0.408945,550.000000,734.390382
1.000000,0.057235,0.445272,-0.055928,-0.979978,0.026579,0.197323,550.000000,796.526336
1.000000,0.056708,0.408650,-0.056285,-0.507981,0.001287,-0.861367,550.000000,401.167206
1.000000,0.059146,0.510339,-0.057568,-0.577589,0.003578,-0.816320,550.000000,458.121712
1.000000,0.060347,0.572377,-0.057591,-0.983695,0.026418,0.177893,550.000000,799.302005
1.000000,0.059271,0.527473,-0.056910,-0.952086,0.027286,0.304611,550.000000,775.228711
1.000000,0.058602,0.490985,-0.056090,-0.665495,0.025981,0.745950,550.000000,548.357057
1.000000,0.052986,0.272578,-0.053865,-0.999369,0.024159,-0.026038,550.000000,809.523166
1.000000,0.054961,0.352623,-0.054740,-0.982943,0.026453,0.182001,550.000000,798.742117
1.000000,0.055310,0.367348,-0.055047,-0.999110,0.024932,0.034038,550.000000,810.043548
1.000000,0.058738,0.499965,-0.057290,-0.773490,0.010746,-0.633717,550.000000,619.091529
1.000000,0.060497,0.578303,-0.057644,-0.977798,0.026662,0.207846,550.000000,794.887661
1.000000,0.054966,0.352655,-0.054720,-0.977836,0.026661,0.207667,550.000000,794.916348
1.000000,0.055442,0.372782,-0.055153,-0.999633,0.024349,-0.011903,550.000000,809.908742
1.000000,0.058198,0.475500,-0.055912,-0.696566,0.026368,0.717008,550.000000,573.183227
1.000000,0.061072,0.593538,-0.057461,-0.720909,0.026647,0.692517,550.000000,592.612082
1.000000,0.058585,0.488733,-0.056029,-0.616301,0.025309,0.787104,550.000000,508.993053
1.000000,0.056321,0.404008,-0.055954,-0.855909,0.014280,-0.516929,550.000000,687.300002
1.000000,0.056522,0.397226,-0.056184,-0.388742,-0.002413,-0.921343,550.000000,303.812618
1.000000,0.057375,0.451636,-0.056180,-0.999547,0.024271,-0.017804,550.000000,809.767462
1.000000,0.054883,0.349727,-0.054942,-0.992129,0.022723,-0.123139,550.000000,802.475461
1.000000,0.060198,0.553289,-0.056843,-0.578003,0.024740,0.815659,550.000000,478.305630
1.000000,0.057192,0.442658,-0.056288,-0.952541,0.019412,-0.303792,550.000000,768.197754
1.000000,0.054797,0.343946,-0.054465,-0.921121,0.027612,0.388297,550.000000,751.153588
1.000000,0.054180,0.295265,-0.054910,-0.187374,-0.008138,-0.982255,550.000000,139.892790
1.000000,0.060112,0.563242,-0.057654,-0.998330,0.023789,-0.052640,550.000000,808.357806
1.000000,0.058338,0.489356,-0.056413,-0.950991,0.027303,0.308010,550.000000,774.382989
1.000000,0.059479,0.528940,-0.056635,-0.733868,0.026786,0.678764,550.000000,602.945969
1.000000,0.060718,0.585091,-0.058222,-0.909218,0.016896,-0.415977,550.000000,731.727013
1.000000,0.057993,0.468155,-0.055843,-0.728440,0.026729,0.684588,550.000000,598.617791
1.000000,0.056678,0.412286,-0.055065,-0.658432,0.025889,0.752195,550.000000,542.709337
1.000000,0.054851,0.347761,-0.055005,-0.971336,0.020740,-0.236804,550.000000,784.243271
1.000000,0.056640,0.404605,-0.054863,-0.467674,0.022916,0.883604,550.000000,389.726499
1.000000,0.060027,0.559604,-0.057659,-0.992514,0.022774,-0.119992,550.000000,802.825306
1.000000,0.060727,0.582986,-0.058304,-0.832057,0.013208,-0.554533,550.000000,667.513896
1.000000,0.053877,0.307178,-0.054038,-0.944975,0.027389,0.325994,550.000000,769.726223
1.000000,0.059773,0.547810,-0.057662,-0.947791,0.019107,-0.318319,550.000000,764.172133
1.000000,0.059998,0.557893,-0.057712,-0.976216,0.021133,-0.215769,550.000000,788.453451
1.000000,0.055049,0.348391,-0.055356,-0.739270,0.009394,-0.673344,550.000000,590.879069
1.000000,0.058239,0.470060,-0.055714,-0.474293,0.023033,0.880065,550.000000,395.047508
1.000000,0.056391,0.399501,-0.054878,-0.625190,0.025435,0.780058,550.000000,516.110838
1.000000,0.060074,0.551328,-0.056879,-0.674905,0.026102,0.737443,550.000000,555.878722
1.000000,0.059397,0.519418,-0.057705,-0.541159,0.002366,-0.840917,550.000000,428.302005
1.000000,0.060192,0.557791,-0.058081,-0.726880,0.008917,-0.686707,550.000000,580.676357
1.000000,0.057237,0.434536,-0.056546,-0.642579,0.005820,-0.766197,550.000000,511.396330
1.000000,0.056779,0.418918,-0.055212,-0.737188,0.026821,0.675156,550.000000,605.591979
1.000000,0.058335,0.490789,-0.056687,-0.999544,0.024268,-0.017988,550.000000,809.762602
1.000000,0.058185,0.476964,-0.055984,-0.759298,0.027039,0.650181,550.000000,623.205388
1.000000,0.057404,0.449819,-0.055812,-0.906730,0.027680,0.420801,550.000000,739.887807
1.000000,0.058630,0.502796,-0.056805,-0.999214,0.024893,0.030848,550.000000,810.089477
1.000000,0.054019,0.314292,-0.054257,-0.986148,0.026295,0.163768,550.000000,801.118237
1.000000,0.058304,0.488408,-0.056436,-0.964433,0.027049,0.262940,550.000000,784.727214
1.000000,0.060328,0.552686,-0.058197,-0.394289,-0.002246,-0.918984,550.000000,308.335980
1.000000,0.056519,0.401480,-0.056184,-0.525239,0.001845,-0.850953,550.000000,415.279161
1.000000,0.054220,0.321255,-0.054727,-0.947453,0.019085,-0.319324,550.000000,763.886457
1.000000,0.059924,0.555425,-0.057594,-0.994134,0.022999,-0.105686,550.000000,804.311991
1.000000,0.057462,0.453328,-0.056449,-0.942719,0.018791,-0.333058,550.000000,759.883016
1.000000,0.056617,0.414153,-0.055205,-0.795256,0.027344,0.605657,550.000000,651.802384
1.000000,0.057618,0.438252,-0.055237,-0.273155,0.019162,0.961779,550.000000,233.048484
1.000000,0.054824,0.347343,-0.054725,-0.993271,0.025811,0.112897,550.000000,806.271733
1.000000,0.054244,0.323762,-0.054432,-0.994884,0.025653,0.097708,550.000000,807.394092
1.000000,0.058811,0.509950,-0.057020,-0.991936,0.022699,-0.124692,550.000000,802.299836
1.000000,0.056413,0.407951,-0.055201,-0.860846,0.027687,0.508112,550.000000,703.767164
1.000000,0.060317,0.570324,-0.057929,-0.958092,0.019781,-0.285777,550.000000,772.915324
1.000000,0.054159,0.318881,-0.054203,-0.950875,0.027305,0.308370,550.000000,774.292672
1.000000,0.055774,0.375391,-0.054588,-0.659166,0.025899,0.751552,550.000000,543.295871
1.000000,0.057214,0.430669,-0.055239,-0.550187,0.024305,0.834687,550.000000,455.996477
1.000000,0.054577,0.321290,-0.053794,-0.494614,0.023385,0.868798,550.000000,411.377247
1.000000,0.054311,0.321163,-0.054913,-0.829691,0.013104,-0.558069,550.000000,665.553807
1.000000,0.058224,0.486113,-0.056541,-0.995538,0.025580,0.090827,550.000000,807.840079
1.000000,0.060167,0.560579,-0.057997,-0.845529,0.013808,-0.533751,550.000000,678.684028
1.000000,0.057911,0.472109,-0.056202,-0.956133,0.027217,0.291665,550.000000,778.350852
1.000000,0.054801,0.344937,-0.055034,-0.947258,0.019073,-0.319902,550.000000,763.721407
1.000000,0.053752,0.299458,-0.053799,-0.863820,0.027694,0.503039,550.000000,706.115190
1.000000,0.058134,0.480408,-0.056824,-0.931632,0.018132,-0.362949,550.000000,750.535340
1.000000,0.053264,0.272752,-0.054443,-0.650917,0.006116,-0.759124,550.000000,518.239324
1.000000,0.060273,0.569149,-0.057852,-0.978062,0.021289,-0.207222,550.000000,790.053715
1.000000,0.060623,0.581819,-0.057561,-0.927625,0.027566,0.372495,550.000000,756.231884
1.000000,0.054685,0.329126,-0.053951,-0.601340,0.025091,0.798599,550.000000,497.009457
1.000000,0.060574,0.578849,-0.057469,-0.897553,0.027705,0.440036,550.000000,732.684616
1.000000,0.054971,0.349034,-0.055238,-0.858741,0.014411,-0.512207,550.000000,689.652712
1.000000,0.060933,0.584738,-0.057277,-0.623155,0.025407,0.781686,550.000000,514.480823
1.000000,0.055407,0.349591,-0.054100,-0.320833,0.020138,0.946922,550.000000,271.503600
1.000000,0.059466,0.522910,-0.056441,-0.562178,0.024495,0.826653,550.000000,465.615447
1.000000,0.056038,0.387252,-0.055898,-0.692745,0.007634,-0.721142,550.000000,552.596086
1.000000,0.055123,0.359533,-0.055064,-0.992843,0.022817,-0.117229,550.000000,803.125568
1.000000,0.055319,0.367705,-0.055033,-0.998025,0.025210,0.057543,550.000000,809.450302
1.000000,0.060227,0.564018,-0.058001,-0.875756,0.015213,-0.482515,550.000000,703.801382
1.000000,0.052848,0.266951,-0.053753,-0.999384,0.024819,0.024797,550.000000,810.153894
1.000000,0.059201,0.524742,-0.057343,-0.956255,0.019657,-0.291873,550.000000,771.352705
1.000000,0.059737,0.545287,-0.057065,-0.915784,0.027642,0.400718,550.000000,746.980293
1.000000,0.060958,0.596147,-0.057791,-0.948486,0.027341,0.315638,550.000000,772.445237
1.000000,0.057520,0.448268,-0.056675,-0.710770,0.008306,-0.703375,550.000000,567.418978
1.000000,0.059179,0.512113,-0.056316,-0.589972,0.024922,0.807039,550.000000,487.899918
1.000000,0.058668,0.504359,-0.056825,-0.999233,0.024886,0.030241,550.000000,810.097275
1.000000,0.060985,0.585550,-0.057264,-0.582511,0.024809,0.812444,550.000000,481.919653
1.000000,0.059952,0.546414,-0.057972,-0.677464,0.007073,-0.735522,550.000000,540.038447
1.000000,0.056754,0.425105,-0.055611,-0.962737,0.027087,0.269079,550.000000,783.427736
1.000000,0.056346,0.398626,-0.054886,-0.655494,0.025850,0.754758,550.000000,540.359442
1.000000,0.056056,0.396923,-0.055274,-0.972260,0.026844,0.232358,550.000000,790.697867
1.000000,0.054316,0.304869,-0.055009,-0.313998,-0.004609,-0.949413,550.000000,242.901612
1.000000,0.054038,0.301834,-0.053581,-0.572914,0.024662,0.819244,550.000000,474.225418
1.000000,0.056639,0.407778,-0.054951,-0.567786,0.024582,0.822809,550.000000,470.113074
1.000000,0.059793,0.541213,-0.056780,-0.716935,0.026603,0.696632,550.000000,589.441778
1.000000,0.058505,0.480359,-0.055840,-0.456858,0.022724,0.889249,550.000000,381.030491
1.000000,0.058034,0.469116,-0.056948,-0.706661,0.008152,-0.707505,550.000000,564.039140
1.000000,0.056042,0.392388,-0.054981,-0.847266,0.027644,0.530449,550.000000,693.034208
1.000000,0.060068,0.559680,-0.057305,-0.942798,0.027416,0.332234,550.000000,768.038357
1.000000,0.059148,0.510505,-0.056290,-0.580039,0.024771,0.814212,550.000000,479.937270
1.000000,0.057469,0.455465,-0.056226,-0.999619,0.024335,-0.012992,550.000000,809.884785
1.000000,0.060788,0.582395,-0.057329,-0.735672,0.026805,0.676808,550.000000,604.383590
1.000000,0.057539,0.456425,-0.056494,-0.940444,0.018653,-0.339438,550.000000,757.961376
1.000000,0.059465,0.535644,-0.057039,-0.960970,0.027124,0.275319,550.000000,782.071762
1.000000,0.059484,0.532990,-0.057628,-0.854503,0.014216,-0.519253,550.000000,686.132072
1.000000,0.052936,0.270369,-0.053900,-0.994047,0.022986,-0.106502,550.000000,804.231703
1.000000,0.060290,0.570371,-0.057627,-0.994748,0.025668,0.099085,550.000000,807.300169
1.000000,0.055908,0.391062,-0.055217,-0.977552,0.026671,0.208998,550.000000,794.702408
1.000000,0.053769,0.294737,-0.054697,-0.694459,0.007697,-0.719491,550.000000,554.005399
1.000000,0.057992,0.468022,-0.056918,-0.726277,0.008894,-0.687344,550.000000,580.180363
1.000000,0.059971,0.551958,-0.057023,-0.825312,0.027541,0.564005,550.000000,675.651951
1.000000,0.059865,0.549232,-0.057051,-0.874774,0.027713,0.483738,550.000000,714.757197
1.000000,0.053606,0.287948,-0.054613,-0.689897,0.007529,-0.723868,550.000000,550.255482
1.000000,0.059921,0.554211,-0.057275,-0.959507,0.027154,0.280373,550.000000,780.947429
1.000000,0.054610,0.336356,-0.054973,-0.923058,0.017646,-0.384257,550.000000,743.327523
1.000000,0.053787,0.297610,-0.054679,-0.761239,0.010256,-0.648390,550.000000,608.985295
1.000000,0.059671,0.533422,-0.057836,-0.628963,0.005341,-0.777417,550.000000,500.226317
1.000000,0.055768,0.381753,-0.054866,-0.864679,0.027696,0.501561,550.000000,706.793567
1.000000,0.057649,0.459224,-0.055903,-0.887517,0.027717,0.459940,550.000000,724.794518
1.000000,0.058925,0.510647,-0.057319,-0.868922,0.014887,-0.494726,550.000000,698.114790
1.000000,0.059682,0.527838,-0.056449,-0.440826,0.022436,0.897312,550.000000,368.136776
1.000000,0.059296,0.523341,-0.057575,-0.791728,0.011491,-0.610766,550.000000,634.149482
1.000000,0.052956,0.265681,-0.053309,-0.822094,0.027522,0.568686,550.000000,673.101406
1.000000,0.055521,0.358022,-0.055658,-0.439454,-0.000871,-0.898265,550.000000,345.187623
1.000000,0.055421,0.350622,-0.055596,-0.335901,-0.003974,-0.941889,550.000000,260.742980
1.000000,0.054223,0.306616,-0.054972,-0.486888,0.000614,-0.873464,550.000000,383.927676
1.000000,0.058580,0.500779,-0.056829,-0.999158,0.024061,-0.033232,550.000000,809.264693
1.000000,0.060499,0.554328,-0.056732,-0.226665,0.018178,0.973803,550.000000,195.521322
1.000000,0.060424,0.566082,-0.058218,-0.689415,0.007511,-0.724328,550.000000,549.858735
1.000000,0.057529,0.446255,-0.056702,-0.635664,0.005576,-0.771946,550.000000,505.722593
1.000000,0.056995,0.417845,-0.056437,-0.429064,-0.001190,-0.903273,550.000000,336.707124
1.000000,0.058759,0.507986,-0.056835,-0.996596,0.025445,0.078419,550.000000,808.546242
1.000000,0.053223,0.281374,-0.054142,-0.972355,0.020820,-0.232576,550.000000,785.120766
1.000000,0.058987,0.507676,-0.057456,-0.696514,0.007773,-0.717501,550.000000,555.694571
1.000000,0.055769,0.373940,-0.055775,-0.619865,0.005024,-0.784692,550.000000,492.764895
1.000000,0.053958,0.301723,-0.054804,-0.672654,0.006898,-0.739925,550.000000,536.086783
1.000000,0.056788,0.420853,-0.056252,-0.786459,0.011274,-0.617540,550.000000,629.797328
1.000000,0.058542,0.490384,-0.056126,-0.723268,0.026673,0.690052,550.000000,594.493660
1.000000,0.058948,0.505267,-0.056279,-0.670760,0.026049,0.741217,550.000000,552.565916
1.000000,0.053693,0.286916,-0.054688,-0.546802,0.002552,-0.837258,550.000000,432.919085
1.000000,0.058911,0.514292,-0.056984,-0.999671,0.024402,-0.007909,550.000000,809.988351
1.000000,0.057700,0.452504,-0.056797,-0.613701,0.004810,-0.789524,550.000000,487.710915
1.000000,0.053610,0.296062,-0.054420,-0.938744,0.018551,-0.344116,550.000000,756.527067
1.000000,0.053620,0.298317,-0.054243,-0.996361,0.023361,-0.081967,550.000000,806.405631
1.000000,0.053887,0.290917,-0.053372,-0.424952,0.022146,0.904945,550.000000,355.365948
1.000000,0.058676,0.501560,-0.057152,-0.901858,0.016511,-0.431716,550.000000,725.571398
1.000000,0.053505,0.291848,-0.053828,-0.940104,0.027448,0.339781,550.000000,765.946855
1.000000,0.059043,0.509388,-0.057491,-0.679147,0.007134,-0.733967,550.000000,541.421242
1.000000,0.059155,0.515789,-0.057529,-0.736350,0.009281,-0.676538,550.000000,588.473733
1.000000,0.061291,0.583779,-0.058656,-0.138912,-0.009430,-0.990260,550.000000,100.524232
1.000000,0.052953,0.270906,-0.053935,-0.989515,0.022406,-0.142685,550.000000,800.118941
1.000000,0.060872,0.587059,-0.057424,-0.773327,0.027166,0.633425,550.000000,634.370389
1.000000,0.055620,0.377410,-0.054893,-0.917908,0.027631,0.395830,550.000000,748.641799
1.000000,0.060584,0.578909,-0.057453,-0.886778,0.027717,0.461364,550.000000,724.212380
1.000000,0.058716,0.485381,-0.057340,-0.346322,-0.003670,-0.938109,550.000000,269.233256
1.000000,0.060237,0.554282,-0.056846,-0.559695,0.024456,0.828337,550.000000,463.624031
1.000000,0.057509,0.456539,-0.056375,-0.982368,0.021673,-0.185696,550.000000,793.804867
1.000000,0.056324,0.389052,-0.056079,-0.385371,-0.002514,-0.922758,550.000000,301.063292
1.000000,0.061444,0.596491,-0.058782,-0.340335,-0.003845,-0.940296,550.000000,264.355238
1.000000,0.055740,0.382553,-0.055568,-0.925216,0.017767,-0.379024,550.000000,745.140387
1.000000,0.057717,0.464977,-0.056489,-0.981199,0.021566,-0.191790,550.000000,792.783328
1.000000,0.053232,0.281773,-0.053786,-0.973628,0.026802,0.226562,550.000000,791.735875
1.000000,0.056086,0.398832,-0.055394,-0.993509,0.025789,0.110787,550.000000,806.438966
1.000000,0.053650,0.299088,-0.054337,-0.981649,0.021607,-0.189468,550.000000,793.176318
1.000000,0.055145,0.359512,-0.055178,-0.964535,0.020232,-0.263177,550.000000,778.411593
1.000000,0.056729,0.424794,-0.055681,-0.984237,0.026393,0.174873,550.000000,799.704634
1.000000,0.055954,0.392223,-0.055627,-0.955629,0.019615,-0.293918,550.000000,770.820684
1.000000,0.054541,0.329402,-0.055060,-0.792965,0.011542,-0.609157,550.000000,635.171904
1.000000,0.056906,0.431921,-0.056059,-0.981569,0.021599,-0.189882,550.000000,793.106512
1.000000,0.056477,0.407869,-0.055105,-0.777243,0.027200,0.628613,550.000000,637.484793
1.000000,0.055569,0.377881,-0.055258,-0.997862,0.023670,-0.060911,550.000000,807.878242
1.000000,0.059347,0.526001,-0.057590,-0.809701,0.012243,-0.586715,550.000000,649.006702
1.000000,0.055463,0.364894,-0.054503,-0.726772,0.026711,0.686359,550.000000,597.287871
1.000000,0.053688,0.286639,-0.054685,-0.545725,0.002516,-0.837960,550.000000,432.038002
1.000000,0.060166,0.561522,-0.057212,-0.875915,0.027714,0.481669,550.000000,715.656530
1.000000,0.058052,0.479198,-0.056474,-0.997690,0.025273,0.063054,550.000000,809.246185
1.000000,0.056238,0.404892,-0.055447,-0.989267,0.026113,0.143767,550.000000,803.402162
1.000000,0.058632,0.492237,-0.056107,-0.666480,0.025994,0.745070,550.000000,549.144187
1.000000,0.057763,0.467465,-0.056353,-0.999417,0.024802,0.023445,550.000000,810.164234
1.000000,0.058673,0.502676,-0.057094,-0.940353,0.018648,-0.339688,550.000000,757.885259
1.000000,0.057968,0.467501,-0.056900,-0.739712,0.009411,-0.672857,550.000000,591.243581
1.000000,0.056737,0.418459,-0.055242,-0.776522,0.027194,0.629504,550.000000,636.911157
1.000000,0.054419,0.319235,-0.053841,-0.630931,0.025516,0.775420,550.000000,520.705890
1.000000,0.053620,0.289993,-0.053540,-0.736144,0.026810,0.676294,550.000000,604.759990
1.000000,0.059786,0.536242,-0.057907,-0.571333,0.003367,-0.820712,550.000000,452.998688
1.000000,0.059472,0.536872,-0.057378,-0.990346,0.022503,-0.136779,550.000000,800.864491
1.000000,0.056311,0.406498,-0.055327,-0.945996,0.027375,0.323020,550.000000,770.517518
1.000000,0.055521,0.356327,-0.054206,-0.385221,0.021400,0.922576,550.000000,323.384921
1.000000,0.055720,0.363401,-0.055757,-0.353251,-0.003467,-0.935522,550.000000,274.879381
1.000000,0.053705,0.301706,-0.054315,-0.992820,0.022814,-0.117424,550.000000,803.104568
1.000000,0.054799,0.346488,-0.054837,-0.998749,0.023912,-0.043918,550.000000,808.803233
1.000000,0.054840,0.348208,-0.054798,-0.999093,0.024938,0.034525,550.000000,810.035815
1.000000,0.054883,0.324135,-0.053743,-0.193912,0.017466,0.980863,550.000000,169.065818
1.000000,0.058867,0.504140,-0.056318,-0.738909,0.026839,0.673271,550.000000,606.963716
1.000000,0.057263,0.440648,-0.055552,-0.799348,0.027374,0.600245,550.000000,655.052630
1.000000,0.060704,0.585052,-0.057598,-0.925463,0.027582,0.377833,550.000000,754.544916
1.000000,0.057801,0.468994,-0.056372,-0.999406,0.024808,0.023932,550.000000,810.160678
1.000000,0.053815,0.286086,-0.053290,-0.365422,0.021019,0.930604,550.000000,307.438355
1.000000,0.059811,0.537559,-0.057919,-0.579933,0.003657,-0.814656,550.000000,460.041723
1.000000,0.057176,0.440613,-0.056349,-0.909467,0.016909,-0.415432,550.000000,731.935371
1.000000,0.053595,0.296629,-0.053982,-0.974396,0.026778,0.223237,550.000000,792.318200
1.000000,0.057572,0.458894,-0.056433,-0.975237,0.021052,-0.220160,550.000000,787.606581
1.000000,0.057542,0.456299,-0.055945,-0.933354,0.027518,0.357902,550.000000,760.697059
1.000000,0.058229,0.473493,-0.055818,-0.594283,0.024986,0.803868,550.000000,491.354649
1.000000,0.059235,0.523388,-0.056712,-0.871537,0.027709,0.489547,550.000000,712.204600
1.000000,0.059464,0.531426,-0.056763,-0.830562,0.027569,0.556243,550.000000,679.812253
1.000000,0.060623,0.574454,-0.058320,-0.698235,0.007837,-0.715826,550.000000,557.109471
1.000000,0.054292,0.311986,-0.053709,-0.566531,0.024563,0.823675,550.000000,469.106121
1.000000,0.057415,0.451449,-0.056423,-0.943691,0.018851,-0.330291,550.000000,760.704008
1.000000,0.056469,0.412615,-0.055383,-0.935141,0.027501,0.353206,550.000000,762.088602
1.000000,0.057676,0.454886,-0.056754,-0.718068,0.008582,-0.695920,550.000000,573.423497
1.000000,0.054692,0.333062,-0.054080,-0.714773,0.026579,0.698851,550.000000,587.716748
1.000000,0.057794,0.466483,-0.056069,-0.929220,0.027554,0.368497,550.000000,757.476475
1.000000,0.058231,0.470190,-0.057091,-0.489291,0.000690,-0.872120,550.000000,385.891146
1.000000,0.060055,0.560583,-0.057699,-0.987836,0.022219,-0.153906,550.000000,798.621963
1.000000,0.061005,0.594286,-0.058452,-0.830685,0.013148,-0.556587,550.000000,666.377702
1.000000,0.053965,0.300109,-0.054822,-0.612734,0.004777,-0.790275,550.000000,486.918189
1.000000,0.060427,0.573042,-0.058077,-0.902824,0.016561,-0.429691,550.000000,726.378638
1.000000,0.053885,0.301224,-0.053697,-0.749264,0.026943,0.661724,550.000000,615.214532
1.000000,0.055116,0.348165,-0.055423,-0.647684,0.006001,-0.761885,550.000000,515.585720
1.000000,0.053728,0.293865,-0.053576,-0.719070,0.026627,0.694428,550.000000,591.144417
1.000000,0.059078,0.520867,-0.057156,-0.992747,0.022805,-0.118038,550.000000,803.038334
1.000000,0.060399,0.574882,-0.057825,-0.996675,0.023419,-0.078045,550.000000,806.707402
1.000000,0.060233,0.567999,-0.057764,-0.993118,0.022855,-0.114862,550.000000,803.377780
1.000000,0.056013,0.380454,-0.055918,-0.512590,0.001436,-0.858632,550.000000,404.935434
1.000000,0.052905,0.268270,-0.053985,-0.968155,0.020498,-0.249510,550.000000,781.511291
1.000000,0.057347,0.449192,-0.055912,-0.958878,0.027166,0.282516,550.000000,780.463796
1.000000,0.057230,0.445578,-0.056018,-0.995820,0.025546,0.087690,550.000000,808.030569
1.000000,0.056410,0.405724,-0.056047,-0.795359,0.011641,-0.606027,550.000000,637.149433
1.000000,0.056456,0.400312,-0.054855,-0.568250,0.024590,0.822488,550.000000,470.485213
1.000000,0.055977,0.392754,-0.055664,-0.942781,0.018795,-0.332881,550.000000,759.935525
1.000000,0.059885,0.553293,-0.057315,-0.976238,0.026717,0.215048,550.000000,793.710971
1.000000,0.060433,0.573199,-0.057401,-0.900699,0.027698,0.433560,550.000000,735.155530
1.000000,0.056934,0.433336,-0.056034,-0.990745,0.022551,-0.133853,550.000000,801.223179
1.000000,0.057166,0.443080,-0.056077,-0.999324,0.024136,-0.027745,550.000000,809.465640
1.000000,0.060321,0.568481,-0.058028,-0.896302,0.016227,-0.443146,550.000000,720.930270
1.000000,0.060677,0.576981,-0.058345,-0.707422,0.008180,-0.706744,550.000000,564.664567
1.000000,0.054370,0.323354,-0.054950,-0.822115,0.012775,-0.569178,550.000000,659.279573
1.000000,0.060816,0.590809,-0.057756,-0.961890,0.027105,0.272089,550.000000,782.778077
1.000000,0.053715,0.298399,-0.054556,-0.877342,0.015289,-0.479622,550.000000,705.121921
1.000000,0.055823,0.388031,-0.055447,-0.990588,0.022532,-0.135007,550.000000,801.082545
1.000000,0.053017,0.273406,-0.053985,-0.986011,0.022028,-0.165219,550.000000,797.005642
1.000000,0.057592,0.448800,-0.056735,-0.635856,0.005583,-0.771788,550.000000,505.880062
1.000000,0.054848,0.333797,-0.055300,-0.539527,0.002312,-0.841965,550.000000,426.966557
1.000000,0.059162,0.501163,-0.057564,-0.270177,-0.005856,-0.962793,550.000000,207.228621
1.000000,0.060468,0.577719,-0.057740,-0.996700,0.025431,0.077082,550.000000,808.614807
1.000000,0.054798,0.345560,-0.054981,-0.970201,0.020653,-0.241420,550.000000,783.267277
1.000000,0.053981,0.312248,-0.054547,-0.970833,0.020702,-0.238860,550.000000,783.810996
1.000000,0.055838,0.388292,-0.055500,-0.979920,0.021451,-0.198234,550.000000,791.668481
1.000000,0.055230,0.355766,-0.054395,-0.738797,0.026838,0.673394,550.000000,606.874373
1.000000,0.059346,0.530564,-0.056953,-0.953232,0.027267,0.301008,550.000000,776.113304
1.000000,0.055461,0.372787,-0.054975,-0.976147,0.026720,0.215461,550.000000,793.642153
1.000000,0.059335,0.530019,-0.057424,-0.951119,0.019319,-0.308220,550.000000,766.991748
1.000000,0.058990,0.516747,-0.057181,-0.975643,0.021085,-0.218348,550.000000,787.958139
1.000000,0.053230,0.280722,-0.053691,-0.943357,0.027409,0.330645,550.000000,768.471790
1.000000,0.056820,0.423487,-0.056241,-0.827781,0.013021,-0.560900,550.000000,663.971847
1.000000,0.055220,0.352335,-0.055479,-0.644572,0.005891,-0.764521,550.000000,513.031958
1.000000,0.056096,0.399440,-0.055494,-0.999686,0.024432,-0.005573,550.000000,810.028909
1.000000,0.059396,0.521129,-0.057697,-0.595882,0.004198,-0.803061,550.000000,473.107287
1.000000,0.057711,0.465220,-0.056275,-0.996011,0.025523,0.085501,550.000000,808.158627
1.000000,0.058769,0.494398,-0.057371,-0.559981,0.002988,-0.828500,550.000000,443.704883
1.000000,0.057861,0.449224,-0.055387,-0.306086,0.019839,0.951797,550.000000,259.612508
1.000000,0.059632,0.543025,-0.057191,-0.978898,0.026621,0.202610,550.000000,795.714986
1.000000,0.059208,0.525469,-0.056935,-0.970504,0.026895,0.239580,550.000000,789.362836
1.000000,0.055086,0.357739,-0.054807,-0.983266,0.026438,0.180248,550.000000,798.982794
1.000000,0.058315,0.482871,-0.057063,-0.778564,0.010952,-0.627470,550.000000,623.278754
1.000000,0.055888,0.384499,-0.054823,-0.797589,0.027361,0.602581,550.000000,653.655538
1.000000,0.053363,0.285182,-0.053689,-0.913260,0.027654,0.406437,550.000000,745.004388
1.000000,0.059225,0.527057,-0.057107,-0.998606,0.025080,0.046442,550.000000,809.786466
1.000000,0.057560,0.435432,-0.055198,-0.257939,0.018843,0.965977,550.000000,220.769440
1.000000,0.053798,0.304942,-0.054434,-0.976220,0.021133,-0.215747,550.000000,788.457530
1.000000,0.057658,0.461219,-0.056561,-0.938438,0.018532,-0.344950,550.000000,756.269153
1.000000,0.054967,0.353173,-0.054796,-0.992588,0.025870,0.118744,550.000000,805.788911
1.000000,0.055451,0.372527,-0.054988,-0.980583,0.026555,0.194300,550.000000,796.979377
1.000000,0.060686,0.569270,-0.058389,-0.456322,-0.000348,-0.889815,550.000000,358.958947
1.000000,0.054000,0.313692,-0.054281,-0.992043,0.025914,0.123206,550.000000,805.401380
1.000000,0.054555,0.336599,-0.054669,-0.999672,0.024597,0.007148,550.000000,810.172240
1.000000,0.060153,0.557697,-0.057043,-0.772587,0.027160,0.634327,550.000000,633.781797
1.000000,0.056129,0.399782,-0.055690,-0.967884,0.020478,-0.250561,550.000000,781.278748
1.000000,0.057974,0.463520,-0.056943,-0.607821,0.004607,-0.794061,550.000000,482.890927
1.000000,0.054160,0.313536,-0.054863,-0.783918,0.011170,-0.620764,550.000000,627.699155
1.000000,0.056624,0.397634,-0.054710,-0.270862,0.019114,0.962429,550.000000,231.198025
1.000000,0.055770,0.378363,-0.054703,-0.755858,0.027007,0.654178,550.000000,620.466607
1.000000,0.059915,0.550913,-0.057058,-0.863813,0.027694,0.503051,550.000000,706.109790
1.000000,0.055895,0.388139,-0.055680,-0.902730,0.016556,-0.429889,550.000000,726.299976
1.000000,0.057002,0.429398,-0.055387,-0.780513,0.027227,0.624546,550.000000,640.085249
1.000000,0.060583,0.571863,-0.058308,-0.668262,0.006739,-0.743895,550.000000,532.479833
1.000000,0.058806,0.508831,-0.056697,-0.963098,0.027079,0.267784,550.000000,783.704720
1.000000,0.056772,0.425625,-0.055599,-0.955675,0.027226,0.293161,550.000000,777.997954
1.000000,0.057460,0.450543,-0.055749,-0.857648,0.027678,0.513491,550.000000,701.241265
1.000000,0.056913,0.428051,-0.055449,-0.851824,0.027660,0.523098,550.000000,696.638181
1.000000,0.057556,0.439775,-0.056732,-0.399800,-0.002080,-0.916600,550.000000,312.831127
1.000000,0.057745,0.460866,-0.056738,-0.816957,0.012553,-0.576562,550.000000,655.009712
1.000000,0.059909,0.538848,-0.057978,-0.495266,0.000880,-0.868741,550.000000,390.773540
1.000000,0.054014,0.314181,-0.054272,-0.989351,0.026107,0.143186,550.000000,803.463453
1.000000,0.053969,0.302037,-0.053643,-0.667752,0.026010,0.743929,550.000000,550.161585
1.000000,0.060067,0.554770,-0.057983,-0.790818,0.011453,-0.611945,550.000000,633.397670
1.000000,0.057430,0.443192,-0.056641,-0.667043,0.006695,-0.744989,550.000000,531.478708
1.000000,0.059283,0.513737,-0.057647,-0.508672,0.001310,-0.860959,550.000000,401.732253
1.000000,0.061026,0.590394,-0.057391,-0.682364,0.026195,0.730543,550.000000,561.839458
1.000000,0.055201,0.362520,-0.055139,-0.986278,0.022055,-0.163615,550.000000,797.241488
1.000000,0.058571,0.497996,-0.057067,-0.924018,0.017699,-0.381939,550.000000,744.133885
1.000000,0.057781,0.468187,-0.056398,-0.999463,0.024213,-0.022060,550.000000,809.648066
1.000000,0.057347,0.449961,-0.056284,-0.983780,0.021807,-0.178050,550.000000,795.041696
1.000000,0.060690,0.579902,-0.057340,-0.782160,0.027241,0.622482,550.000000,641.395049
1.000000,0.056638,0.413147,-0.056198,-0.736850,0.009300,-0.675993,550.000000,588.885711
1.000000,0.056256,0.384823,-0.056039,-0.339399,-0.003872,-0.940634,550.000000,263.592712
1.000000,0.053299,0.278301,-0.053428,-0.779509,0.027219,0.625800,550.000000,639.286686
1.000000,0.054063,0.316204,-0.054522,-0.989588,0.022414,-0.142175,550.000000,800.184469
1.000000,0.059856,0.546549,-0.057863,-0.804067,0.012005,-0.594418,550.000000,644.347224
1.000000,0.056536,0.405020,-0.054942,-0.613004,0.025261,0.789676,550.000000,506.352126
1.000000,0.060919,0.591180,-0.057552,-0.842027,0.027623,0.538727,550.000000,688.889909
1.000000,0.060344,0.552715,-0.056748,-0.373916,0.021184,0.927221,550.000000,314.280214
1.000000,0.060184,0.546145,-0.056663,-0.373092,0.021168,0.927553,550.000000,313.616465
1.000000,0.060706,0.585274,-0.057610,-0.930120,0.027546,0.366223,550.000000,758.177404
1.000000,0.060771,0.589427,-0.057782,-0.975859,0.026730,0.216762,550.000000,793.424356
1.000000,0.057726,0.454474,-0.055601,-0.641620,0.025664,0.766593,550.000000,529.260688
1.000000,0.058062,0.477636,-0.056777,-0.937041,0.018449,-0.348732,550.000000,755.090931
1.000000,0.055772,0.383834,-0.054988,-0.924189,0.027591,0.380939,550.000000,753.550249
1.000000,0.059630,0.535572,-0.056734,-0.748551,0.026936,0.662530,550.000000,614.646748
1.000000,0.060300,0.567449,-0.057310,-0.890198,0.027715,0.454731,550.000000,726.903030
1.000000,0.054033,0.309551,-0.053876,-0.820819,0.027515,0.570526,550.000000,672.090020
1.000000,0.055817,0.385509,-0.055616,-0.919863,0.017469,-0.391850,550.000000,740.646542
1.000000,0.054143,0.318819,-0.054634,-0.970054,0.020642,-0.242011,550.000000,783.140950
1.000000,0.057164,0.437426,-0.056425,-0.825105,0.012904,-0.564832,550.000000,661.755420
1.000000,0.059748,0.548019,-0.057286,-0.986107,0.026298,0.164016,550.000000,801.087843
1.000000,0.059445,0.525807,-0.056551,-0.678906,0.026152,0.733759,550.000000,559.076323
1.000000,0.058132,0.473439,-0.056995,-0.717384,0.008556,-0.696626,550.000000,572.860563
1.000000,0.057987,0.476537,-0.056444,-0.998045,0.025206,0.057187,550.000000,809.462667
1.000000,0.057781,0.461101,-0.055796,-0.778102,0.027207,0.627548,550.000000,638.168142
1.000000,0.058120,0.477208,-0.056084,-0.849907,0.027654,0.526206,550.000000,695.122926
1.000000,0.058538,0.493150,-0.057159,-0.814654,0.012454,-0.579814,550.000000,653.103860
1.000000,0.055916,0.386516,-0.054879,-0.825568,0.027542,0.563630,550.000000,675.855025
1.000000,0.060607,0.580746,-0.058156,-0.915100,0.017210,-0.402860,550.000000,736.652629
1.000000,0.060518,0.568111,-0.058283,-0.633274,0.005492,-0.773908,550.000000,503.762209
1.000000,0.056751,0.425717,-0.055963,-0.985335,0.021960,-0.169215,550.000000,796.409035
1.000000,0.057907,0.460482,-0.056909,-0.599161,0.004310,-0.800617,550.000000,475.793643
1.000000,0.054892,0.340342,-0.055293,-0.688092,0.007462,-0.725585,550.000000,548.771732
1.000000,0.053581,0.295614,-0.054359,-0.961510,0.020017,-0.274039,550.000000,775.828025
1.000000,0.058727,0.501377,-0.056374,-0.830918,0.027570,0.555711,550.000000,680.093898
1.000000,0.057485,0.456104,-0.056241,-0.999454,0.024207,-0.022501,550.000000,809.634829
1.000000,0.061073,0.595206,-0.057528,-0.772191,0.027156,0.634810,550.000000,633.466369
1.000000,0.058944,0.498495,-0.056078,-0.464759,0.022865,0.885142,550.000000,387.383202
1.000000,0.059655,0.543736,-0.057546,-0.971172,0.020728,-0.237478,550.000000,784.102007
1.000000,0.053244,0.273439,-0.054418,-0.698669,0.007854,-0.715402,550.000000,557.466249
1.000000,0.058677,0.499087,-0.057227,-0.823207,0.012822,-0.567596,550.000000,660.183877
1.000000,0.057199,0.444122,-0.055955,-0.989085,0.026124,0.145014,550.000000,803.269518
1.000000,0.056459,0.409846,-0.055227,-0.862429,0.027691,0.505420,550.000000,705.017377
1.000000,0.057039,0.437779,-0.055908,-0.994651,0.025678,0.100049,550.000000,807.233508
1.000000,0.055245,0.344315,-0.055507,-0.362707,-0.003188,-0.931898,550.000000,282.586506
1.000000,0.057594,0.450565,-0.056722,-0.687464,0.007439,-0.726180,550.000000,548.255484
1.000000,0.058402,0.493238,-0.056601,-0.990917,0.026000,0.131935,550.000000,804.595655
1.000000,0.055392,0.352816,-0.055590,-0.441008,-0.000823,-0.897503,550.000000,346.455820
1.000000,0.054985,0.354039,-0.054838,-0.996481,0.025461,0.079858,550.000000,808.470804
1.000000,0.056027,0.389181,-0.055860,-0.767587,0.010509,-0.640858,550.000000,614.221356
1.000000,0.054119,0.303922,-0.054915,-0.535244,0.002172,-0.844695,550.000000,423.462184
1.000000,0.056746,0.418729,-0.056236,-0.774069,0.010770,-0.633010,550.000000,619.569036
1.000000,0.058593,0.501157,-0.056731,-0.994885,0.025653,0.097702,550.000000,807.394539
1.000000,0.052913,0.268483,-0.053997,-0.965121,0.020274,-0.261020,550.000000,778.912105
1.000000,0.056338,0.407296,-0.055867,-0.936027,0.018389,-0.351448,550.000000,754.236032
1.000000,0.052974,0.272106,-0.053836,-0.999694,0.024546,0.003201,550.000000,810.141795
1.000000,0.055862,0.387529,-0.055038,-0.925525,0.027582,0.377680,550.000000,754.593883
1.000000,0.053275,0.275056,-0.053324,-0.708937,0.026512,0.704773,550.000000,583.059614
1.000000,0.060671,0.582673,-0.058217,-0.893123,0.016066,-0.449526,550.000000,718.275981
1.000000,0.054224,0.321362,-0.054224,-0.945981,0.027376,0.323066,550.000000,770.505555
1.000000,0.060590,0.582386,-0.057734,-0.986636,0.026269,0.160811,550.000000,801.477109
1.000000,0.053450,0.280994,-0.053373,-0.671693,0.026061,0.740371,550.000000,553.311270
1.000000,0.055555,0.376020,-0.054959,-0.956865,0.027204,0.289256,550.000000,778.914687
1.000000,0.057856,0.471206,-0.056372,-0.997814,0.025250,0.061071,550.000000,809.322492
1.000000,0.054060,0.309363,-0.054813,-0.780464,0.011029,-0.625103,550.000000,624.847724
1.000000,0.054101,0.313879,-0.053992,-0.868393,0.027704,0.495102,550.000000,709.724938
1.000000,0.056421,0.408065,-0.056008,-0.855303,0.014252,-0.517933,550.000000,686.796407
1.000000,0.055368,0.364596,-0.055465,-0.838745,0.013504,-0.544358,550.000000,673.057202
1.000000,0.053400,0.285743,-0.053648,-0.883200,0.027717,0.468178,550.000000,721.395713
1.000000,0.054344,0.326763,-0.054760,-0.962519,0.020088,-0.270470,550.000000,776.688895
1.000000,0.058285,0.487571,-0.056843,-0.962929,0.020117,-0.269003,550.000000,777.039251
1.000000,0.060438,0.572659,-0.057358,-0.877121,0.027715,0.479470,550.000000,716.606911
1.000000,0.058664,0.502359,-0.056561,-0.942134,0.027424,0.334112,550.000000,767.523099
1.000000,0.055619,0.376691,-0.054847,-0.896350,0.027707,0.442481,550.000000,731.739477
1.000000,0.056515,0.412389,-0.055271,-0.870248,0.027707,0.491834,550.000000,711.188181
1.000000,0.055101,0.354781,-0.054526,-0.871736,0.027709,0.489192,550.000000,712.361870
1.000000,0.058106,0.468064,-0.055740,-0.581347,0.024791,0.813278,550.000000,480.985983
1.000000,0.053979,0.300382,-0.054832,-0.602949,0.004440,-0.797768,550.000000,478.897928
1.000000,0.056323,0.403638,-0.055968,-0.841102,0.013609,-0.540705,550.000000,675.012029
1.000000,0.056939,0.424418,-0.056369,-0.705700,0.008116,-0.708464,550.000000,563.248923
1.000000,0.059331,0.530425,-0.057382,-0.968456,0.020520,-0.248340,550.000000,781.768782
1.000000,0.054258,0.323292,-0.054290,-0.962357,0.027095,0.270434,550.000000,783.136186
1.000000,0.056778,0.423574,-0.055436,-0.883917,0.027717,0.466821,550.000000,721.960842
1.000000,0.056864,0.430447,-0.055779,-0.989474,0.026099,0.142340,550.000000,803.552282
1.000000,0.061142,0.592449,-0.057362,-0.597899,0.025040,0.801180,550.000000,494.252033
1.000000,0.060848,0.584104,-0.058434,-0.712122,0.008357,-0.702006,550.000000,568.530931
1.000000,0.054413,0.329007,-0.054318,-0.943898,0.027403,0.329099,550.000000,768.891130
1.000000,0.055098,0.346148,-0.054175,-0.606723,0.025170,0.794515,550.000000,501.321391
1.000000,0.059635,0.543531,-0.057463,-0.990498,0.022521,-0.135669,550.000000,801.001384
1.000000,0.057242,0.446215,-0.056107,-0.999601,0.024316,-0.014360,550.000000,809.853346
1.000000,0.059248,0.518341,-0.056468,-0.696530,0.026367,0.717043,550.000000,573.154663
1.000000,0.059021,0.497959,-0.056031,-0.350309,0.020724,0.936405,550.000000,295.261923
1.000000,0.061103,0.577892,-0.058573,-0.193984,-0.007960,-0.980972,550.000000,145.264646
1.000000,0.057901,0.466476,-0.056836,-0.793020,0.011544,-0.609087,550.000000,635.216733
1.000000,0.058265,0.480370,-0.057045,-0.763799,0.010358,-0.645371,550.000000,611.096226
1.000000,0.054128,0.309567,-0.053765,-0.700423,0.026414,0.713239,550.000000,576.262961
1.000000,0.057986,0.463344,-0.055682,-0.587169,0.024880,0.809082,550.000000,485.653315
1.000000,0.057072,0.434388,-0.055526,-0.847179,0.027643,0.530587,550.000000,692.965857
1.000000,0.060656,0.585183,-0.057793,-0.990810,0.026008,0.132736,550.000000,804.518544
1.000000,0.059878,0.545668,-0.057906,-0.747672,0.009721,-0.663997,550.000000,597.801807
1.000000,0.054659,0.335489,-0.055095,-0.833123,0.013255,-0.552929,550.000000,668.397683
1.000000,0.054513,0.334683,-0.054562,-0.993332,0.025805,0.112363,550.000000,806.314416
1.000000,0.059733,0.545555,-0.057094,-0.929185,0.027554,0.368586,550.000000,757.448962
1.000000,0.057661,0.458225,-0.055827,-0.841199,0.027619,0.540020,550.000000,688.234295
1.000000,0.058071,0.477208,-0.056175,-0.911264,0.027663,0.410893,550.000000,743.440798
1.000000,0.053919,0.300481,-0.053633,-0.682215,0.026193,0.730682,550.000000,561.720057
1.000000,0.060189,0.566415,-0.057626,-0.999092,0.024938,0.034531,550.000000,810.035707
1.000000,0.058863,0.512175,-0.056872,-0.994719,0.025671,0.099375,550.000000,807.280217
1.000000,0.059499,0.526291,-0.056521,-0.624905,0.025431,0.780287,550.000000,515.882056
1.000000,0.059505,0.537054,-0.057037,-0.953468,0.027263,0.300259,550.000000,776.295658
1.000000,0.060738,0.585306,-0.057541,-0.889949,0.027715,0.455216,550.000000,726.707893
1.000000,0.056633,0.415727,-0.055256,-0.824263,0.027535,0.565537,550.000000,674.820415
1.000000,0.060813,0.588239,-0.058300,-0.885933,0.015708,-0.463548,550.000000,712.279069
1.000000,0.060646,0.579734,-0.057393,-0.833559,0.027584,0.551742,550.000000,682.185590
1.000000,0.057447,0.449100,-0.056571,-0.829577,0.013099,-0.558238,550.000000,665.459562
1.000000,0.060913,0.595307,-0.058187,-0.978990,0.021369,-0.202787,550.000000,790.859193
1.000000,0.054028,0.313647,-0.054609,-0.955162,0.019584,-0.295434,550.000000,770.423896
1.000000,0.053526,0.289936,-0.053662,-0.853736,0.027667,0.519971,550.000000,698.149520
1.000000,0.054183,0.307016,-0.053636,-0.549786,0.024299,0.834952,550.000000,455.674013
1.000000,0.059533,0.537553,-0.056998,-0.933034,0.027521,0.358735,550.000000,760.447852
1.000000,0.060865,0.593991,-0.058004,-0.999653,0.024626,0.009387,550.000000,810.183895
1.000000,0.055951,0.374244,-0.055883,-0.397865,-0.002139,-0.917441,550.000000,311.252547
1.000000,0.060230,0.557301,-0.056948,-0.662621,0.025944,0.748505,550.000000,546.059295
1.000000,0.056293,0.407449,-0.055550,-0.998152,0.025184,0.055311,550.000000,809.525949
1.000000,0.058744,0.496174,-0.056144,-0.646263,0.025727,0.762681,550.000000,532.975603
1.000000,0.052916,0.265685,-0.054136,-0.874398,0.015148,-0.484972,550.000000,702.671494
1.000000,0.054979,0.353228,-0.054733,-0.979381,0.026603,0.200261,550.000000,796.078378
1.000000,0.054324,0.323831,-0.054857,-0.896233,0.016223,-0.443287,550.000000,720.872124
1.000000,0.057004,0.416018,-0.056436,-0.361531,-0.003222,-0.932354,550.000000,281.628087
1.000000,0.060033,0.557567,-0.057843,-0.921609,0.017565,-0.387723,550.000000,742.111308
1.000000,0.054837,0.325797,-0.053787,-0.303247,0.019782,0.952707,550.000000,257.323000
1.000000,0.057937,0.474529,-0.056505,-0.998246,0.023766,-0.054231,550.000000,808.269891
1.000000,0.053319,0.283745,-0.054290,-0.924015,0.017699,-0.381947,550.000000,744.131390
1.000000,0.056446,0.413712,-0.055670,-0.999681,0.024580,0.005842,550.000000,810.163562
1.000000,0.053981,0.288911,-0.053295,-0.242903,0.018525,0.969874,550.000000,208.631919
1.000000,0.055333,0.368298,-0.055127,-0.998354,0.023796,-0.052178,550.000000,808.382987
1.000000,0.053313,0.285321,-0.054163,-0.980688,0.021519,-0.194393,550.000000,792.337231
1.000000,0.060148,0.564650,-0.057690,-0.996820,0.023447,-0.076159,550.000000,806.848010
1.000000,0.055103,0.358077,-0.055133,-0.973311,0.020896,-0.228538,550.000000,785.944110
1.000000,0.054356,0.307037,-0.055033,-0.331596,-0.004100,-0.943412,550.000000,257.235833
1.000000,0.060537,0.558968,-0.056815,-0.324114,0.020204,0.945802,550.000000,274.149164
1.000000,0.058052,0.475850,-0.056128,-0.893532,0.027711,0.448144,550.000000,729.524831
1.000000,0.060286,0.569142,-0.057474,-0.961379,0.027116,0.273890,550.000000,782.385302
1.000000,0.059740,0.546460,-0.057145,-0.947704,0.027352,0.317978,550.000000,771.839929
1.000000,0.058337,0.481129,-0.055984,-0.695124,0.026351,0.718407,550.000000,572.031867
1.000000,0.057573,0.453771,-0.056648,-0.815015,0.012469,-0.579305,550.000000,653.403147
1.000000,0.058055,0.473225,-0.055983,-0.807561,0.027431,0.589146,550.000000,661.573218
1.000000,0.057502,0.456426,-0.056352,-0.987155,0.022147,-0.158222,550.000000,798.018121
1.000000,0.060873,0.584957,-0.058449,-0.707443,0.008181,-0.706723,550.000000,564.682462
1.000000,0.056673,0.411295,-0.056250,-0.634413,0.005532,-0.772975,550.000000,504.696349
1.000000,0.055365,0.368847,-0.054921,-0.975443,0.026744,0.218621,550.000000,793.110522
1.000000,0.053337,0.286882,-0.053996,-0.998740,0.025045,0.043481,550.000000,809.859172
1.000000,0.057247,0.446385,-0.056071,-0.999097,0.024936,0.034394,550.000000,810.037907
1.000000,0.057009,0.434851,-0.055686,-0.942011,0.027426,0.334461,550.000000,767.427037
1.000000,0.056037,0.383796,-0.054651,-0.586240,0.024866,0.809755,550.000000,484.908844
1.000000,0.060305,0.564736,-0.057160,-0.798905,0.027371,0.600835,550.000000,654.700533
1.000000,0.059953,0.556734,-0.057577,-0.997739,0.023642,-0.062907,550.000000,807.754209
1.000000,0.055395,0.354280,-0.055592,-0.483013,0.000491,-0.875613,550.000000,380.760816
1.000000,0.058211,0.483301,-0.056876,-0.923840,0.017690,-0.382369,550.000000,743.984741
1.000000,0.060102,0.555711,-0.057020,-0.775785,0.027187,0.630411,550.000000,636.325615
1.000000,0.058077,0.476253,-0.056104,-0.874291,0.027712,0.484610,550.000000,714.376883
1.000000,0.053703,0.271005,-0.053040,-0.037257,0.013864,0.999210,550.000000,42.343930
1.000000,0.059275,0.527451,-0.056898,-0.947134,0.027360,0.319670,550.000000,771.398856
1.000000,0.055158,0.358650,-0.055268,-0.920222,0.017489,-0.391006,550.000000,740.947427
1.000000,0.053199,0.278234,-0.054251,-0.905456,0.016698,-0.424111,550.000000,728.579487
1.000000,0.054492,0.331992,-0.054889,-0.936859,0.018438,-0.349222,550.000000,754.937397
1.000000,0.058547,0.499242,-0.056868,-0.993832,0.022955,-0.108497,550.000000,804.033129
1.000000,0.055812,0.365498,-0.055798,-0.301536,-0.004966,-0.953442,550.000000,232.754587
1.000000,0.058348,0.488437,-0.056969,-0.909526,0.016912,-0.415302,550.000000,731.984922
1.000000,0.056821,0.417486,-0.056327,-0.639559,0.005714,-0.768721,550.000000,508.918434
1.000000,0.052902,0.265826,-0.054106,-0.896037,0.016213,-0.443683,550.000000,720.708652
1.000000,0.060441,0.573226,-0.058097,-0.891473,0.015983,-0.452791,550.000000,716.899615
1.000000,0.058191,0.472634,-0.055820,-0.615498,0.025297,0.787733,550.000000,508.349618
1.000000,0.059491,0.537937,-0.057289,-0.999682,0.024422,-0.006351,550.000000,810.015901
1.000000,0.056476,0.411033,-0.056016,-0.877442,0.015294,-0.479439,550.000000,705.205099
1.000000,0.057615,0.449466,-0.055526,-0.626467,0.025453,0.779032,550.000000,517.133110
1.000000,0.053848,0.296190,-0.053548,-0.639270,0.025631,0.768555,550.000000,527.380524
1.000000,0.058214,0.483527,-0.056874,-0.926788,0.017855,-0.375159,550.000000,746.461391
1.000000,0.055742,0.384888,-0.055369,-0.995947,0.023287,-0.086872,550.000000,806.010485
1.000000,0.059173,0.524648,-0.056997,-0.988804,0.026142,0.146909,550.000000,803.065552
1.000000,0.059596,0.518875,-0.057793,-0.270571,-0.005845,-0.962682,550.000000,207.549417
1.000000,0.059713,0.544438,-0.057060,-0.919014,0.027624,0.393257,550.000000,749.506458
1.000000,0.056359,0.408762,-0.055378,-0.954748,0.027242,0.296165,550.000000,777.283342
1.000000,0.053497,0.291698,-0.053840,-0.946332,0.027371,0.322034,550.000000,770.778184
1.000000,0.054757,0.344071,-0.054942,-0.975821,0.021100,-0.217548,550.000000,788.112269
1.000000,0.053152,0.270659,-0.053283,-0.728377,0.026728,0.684655,550.000000,598.567800
1.000000,0.060651,0.582663,-0.058174,-0.918800,0.017411,-0.394340,550.000000,739.754556
1.000000,0.060548,0.580080,-0.057637,-0.968665,0.026944,0.246907,550.000000,787.961323
1.000000,0.057713,0.461975,-0.056654,-0.892447,0.016032,-0.450867,550.000000,717.712048
1.000000,0.059322,0.526266,-0.056721,-0.850611,0.027656,0.525068,550.000000,695.679095
1.000000,0.055977,0.394331,-0.055523,-0.991687,0.022667,-0.126663,550.000000,802.074140
1.000000,0.059019,0.511793,-0.057433,-0.783959,0.011171,-0.620712,550.000000,627.732825
1.000000,0.053582,0.266794,-0.052987,-0.060653,0.014423,0.998055,550.000000,61.288705
1.000000,0.056598,0.402421,-0.054828,-0.452567,0.022648,0.891443,550.000000,377.580087
1.000000,0.056525,0.416941,-0.055740,-0.999236,0.024095,-0.030770,550.000000,809.357894
1.000000,0.060171,0.549099,-0.058117,-0.482556,0.000476,-0.875865,550.000000,380.387962
1.000000,0.054556,0.336574,-0.054715,-0.998413,0.023812,-0.051032,550.000000,808.444581
1.000000,0.053220,0.277154,-0.054324,-0.844985,0.013783,-0.534612,550.000000,678.233068
1.000000,0.056518,0.413572,-0.056010,-0.902650,0.016552,-0.430058,550.000000,726.232937
1.000000,0.059822,0.544899,-0.056899,-0.795439,0.027345,0.605417,550.000000,651.947671
1.000000,0.055602,0.378073,-0.054999,-0.961990,0.027103,0.271737,550.000000,782.854433
1.000000,0.059661,0.539527,-0.057740,-0.832372,0.013222,-0.554060,550.000000,667.774964
1.000000,0.060888,0.594586,-0.057901,-0.988422,0.026166,0.149456,550.000000,802.786743
1.000000,0.060000,0.528394,-0.057945,-0.054005,-0.011618,-0.998473,550.000000,31.619947
1.000000,0.055602,0.377514,-0.055464,-0.943744,0.018854,-0.330139,550.000000,760.748905
1.000000,0.057047,0.437753,-0.055851,-0.984758,0.026367,0.171922,550.000000,800.090479
1.000000,0.058239,0.483280,-0.056215,-0.887577,0.027717,0.459825,550.000000,724.841473
1.000000,0.058536,0.476509,-0.057238,-0.297941,-0.005069,-0.954571,550.000000,229.827603
1.000000,0.056362,0.408977,-0.055389,-0.957993,0.027183,0.285499,550.000000,779.783216
1.000000,0.053182,0.274296,-0.053401,-0.803956,0.027407,0.594057,550.000000,658.711710
1.000000,0.054334,0.317060,-0.055003,-0.672298,0.006885,-0.740248,550.000000,535.794826
1.000000,0.055918,0.389664,-0.055056,-0.920357,0.027616,0.390103,550.000000,750.556810
1.000000,0.057483,0.455128,-0.056024,-0.970850,0.026885,0.238175,550.000000,789.626131
1.000000,0.053491,0.287158,-0.054492,-0.812073,0.012344,-0.583425,550.000000,650.968861
1.000000,0.060026,0.539117,-0.056566,-0.354170,0.020800,0.934950,550.000000,298.372732
1.000000,0.057274,0.437971,-0.055430,-0.701372,0.026425,0.712305,550.000000,577.020886
1.000000,0.057669,0.460749,-0.056608,-0.910757,0.016977,-0.412594,550.000000,733.014856
1.000000,0.060391,0.557242,-0.056836,-0.456018,0.022709,0.889681,550.000000,380.355210
1.000000,0.054173,0.316860,-0.054805,-0.870653,0.014969,-0.491671,550.000000,699.554648
1.000000,0.056347,0.409603,-0.055676,-0.997269,0.023538,-0.070008,550.000000,807.286432
1.000000,0.055526,0.376063,-0.055261,-0.995169,0.023157,-0.095406,550.000000,805.276079
1.000000,0.057021,0.433341,-0.056301,-0.880085,0.015422,-0.474566,550.000000,707.406142
1.000000,0.059129,0.522395,-0.057256,-0.975278,0.021055,-0.219976,550.000000,787.642382
1.000000,0.056727,0.424768,-0.055691,-0.986547,0.026274,0.161351,550.000000,801.412050
1.000000,0.056715,0.415859,-0.056244,-0.723763,0.008798,-0.689993,550.000000,578.110288
1.000000,0.056239,0.400345,-0.055919,-0.846350,0.013845,-0.532447,550.000000,679.365411
1.000000,0.059562,0.538464,-0.056995,-0.925733,0.027581,0.377171,550.000000,754.755787
1.000000,0.058751,0.496419,-0.057346,-0.646262,0.005951,-0.763093,550.000000,514.418121
1.000000,0.060532,0.575986,-0.058177,-0.861182,0.014524,-0.508090,550.000000,691.680228
1.000000,0.058870,0.507532,-0.056466,-0.840793,0.027617,0.540652,550.000000,687.912763
1.000000,0.056397,0.411737,-0.055668,-0.999417,0.024186,-0.024111,550.000000,809.585268
1.000000,0.056533,0.410545,-0.056115,-0.789955,0.011418,-0.613058,550.000000,632.685055
1.000000,0.057383,0.451541,-0.056289,-0.987135,0.022145,-0.158345,550.000000,798.000579
1.000000,0.053941,0.309181,-0.054616,-0.925925,0.017807,-0.377287,550.000000,745.735923
1.000000,0.054419,0.330083,-0.054399,-0.969396,0.026925,0.244019,550.000000,788.519340
1.000000,0.052848,0.266484,-0.053636,-0.985734,0.026317,0.166238,550.000000,800.812862
1.000000,0.053660,0.299973,-0.054267,-0.996041,0.023304,-0.085781,550.000000,806.100122
1.000000,0.053620,0.281379,-0.053265,-0.466557,0.022897,0.884195,550.000000,388.828408
1.000000,0.057144,0.418820,-0.054985,-0.269214,0.019079,0.962891,550.000000,229.868269
1.000000,0.058617,0.502280,-0.056798,-0.999195,0.024900,0.031455,550.000000,810.081372
1.000000,0.055138,0.358258,-0.054675,-0.933794,0.027513,0.356753,550.000000,761.039538
1.000000,0.054312,0.324631,-0.054244,-0.935668,0.027495,0.351808,550.000000,762.498568
1.000000,0.058694,0.505111,-0.056973,-0.989098,0.022359,-0.145555,550.000000,799.746117
1.000000,0.056220,0.388387,-0.054665,-0.495702,0.023404,0.868177,550.000000,412.251703
1.000000,0.056035,0.394787,-0.055713,-0.931886,0.018147,-0.362297,550.000000,750.748853
1.000000,0.057097,0.433183,-0.056420,-0.777903,0.010925,-0.628290,550.000000,622.733340
1.000000,0.055023,0.336254,-0.053949,-0.393828,0.021564,0.918931,550.000000,330.314926
1.000000,0.055314,0.363260,-0.055413,-0.866158,0.014757,-0.499553,550.000000,695.816437
1.000000,0.059073,0.518357,-0.056723,-0.919834,0.027619,0.391334,550.000000,750.148085
1.000000,0.054695,0.315675,-0.055178,-0.169664,-0.008614,-0.985464,550.000000,125.502288
1.000000,0.053856,0.299570,-0.054727,-0.734907,0.009225,-0.678105,550.000000,587.285937
1.000000,0.053149,0.279092,-0.054001,-0.995607,0.023229,-0.090708,550.000000,805.687799
1.000000,0.054422,0.308188,-0.055060,-0.282675,-0.005503,-0.959200,550.000000,217.400222
1.000000,0.053986,0.311813,-0.054112,-0.951182,0.027300,0.307420,550.000000,774.530410
1.000000,0.055196,0.362698,-0.054980,-0.998804,0.025028,0.042009,550.000000,809.892696
1.000000,0.056704,0.406150,-0.054870,-0.434682,0.022324,0.900307,550.000000,363.194527
1.000000,0.053151,0.275148,-0.054266,-0.869670,0.014922,-0.493408,550.000000,698.737419
1.000000,0.057511,0.455167,-0.056486,-0.936811,0.018435,-0.349351,550.000000,754.896852
1.000000,0.055971,0.392351,-0.055126,-0.937723,0.027474,0.346295,550.000000,764.096635
1.000000,0.059515,0.537259,-0.057025,-0.947155,0.027360,0.319609,550.000000,771.414825
1.000000,0.058230,0.468132,-0.055670,-0.425881,0.022163,0.904508,550.000000,356.113633
1.000000,0.057353,0.446890,-0.056478,-0.879471,0.015392,-0.475704,550.000000,706.894871
1.000000,0.059238,0.527641,-0.057157,-0.999668,0.024397,-0.008265,550.000000,809.981770
1.000000,0.055304,0.356265,-0.054341,-0.660403,0.025915,0.750464,550.000000,544.285513
1.000000,0.053573,0.285560,-0.053422,-0.657135,0.025872,0.753328,550.000000,541.672302
1.000000,0.060263,0.568866,-0.057538,-0.981875,0.026501,0.187668,550.000000,797.945906
1.000000,0.056189,0.400180,-0.055164,-0.903715,0.027690,0.427239,550.000000,737.522376
1.000000,0.059697,0.527749,-0.057865,-0.418825,-0.001503,-0.908066,550.000000,328.351282
1.000000,0.052970,0.271650,-0.053735,-0.991768,0.025936,0.125395,550.000000,805.205289
1.000000,0.058375,0.483844,-0.057118,-0.731714,0.009102,-0.681551,550.000000,584.656141
1.000000,0.058806,0.503434,-0.056361,-0.794320,0.027337,0.606884,550.000000,651.058983
1.000000,0.060776,0.571108,-0.056994,-0.398145,0.021646,0.917067,550.000000,333.790339
1.000000,0.054821,0.334984,-0.055276,-0.610993,0.004716,-0.791622,550.000000,485.491602
1.000000,0.055396,0.363056,-0.055532,-0.755345,0.010022,-0.655250,550.000000,604.125980
1.000000,0.059380,0.519860,-0.057692,-0.576465,0.003540,-0.817114,550.000000,457.201333
1.000000,0.059372,0.519661,-0.057687,-0.580778,0.003685,-0.814054,550.000000,460.733327
1.000000,0.053706,0.299765,-0.053912,-0.931169,0.027537,0.363547,550.000000,758.995234
1.000000,0.053343,0.284664,-0.053699,-0.922424,0.027603,0.385190,550.000000,752.172423
1.000000,0.057254,0.437073,-0.055416,-0.699370,0.026401,0.714273,550.000000,575.421860
1.000000,0.058397,0.491030,-0.056386,-0.928464,0.027560,0.370399,550.000000,756.886452
1.000000,0.059269,0.518669,-0.056460,-0.680887,0.026177,0.731921,550.000000,560.658892
1.000000,0.057865,0.468430,-0.056041,-0.899559,0.027700,0.435921,550.000000,734.260120
1.000000,0.060383,0.571688,-0.057409,-0.916546,0.027638,0.398973,550.000000,747.576381
1.000000,0.054723,0.340778,-0.054415,-0.916358,0.027639,0.399405,550.000000,747.429115
1.000000,0.061404,0.598796,-0.057377,-0.462184,0.022819,0.886491,550.000000,385.312604
1.000000,0.059225,0.526279,-0.056955,-0.973588,0.026804,0.226735,550.000000,791.705444
1.000000,0.060005,0.558933,-0.057567,-0.999616,0.024331,-0.013255,550.000000,809.878873
1.000000,0.059995,0.550156,-0.056914,-0.739175,0.026842,0.672978,550.000000,607.176285
1.000000,0.060513,0.572733,-0.057248,-0.783369,0.027251,0.620960,550.000000,642.355811
1.000000,0.057498,0.455569,-0.056417,-0.966702,0.020390,-0.255090,550.000000,780.266028
1.000000,0.057177,0.437352,-0.055516,-0.805928,0.027420,0.591378,550.000000,660.277104
1.000000,0.057898,0.463742,-0.055771,-0.711022,0.026536,0.702669,550.000000,584.722995
1.000000,0.055344,0.366545,-0.054776,-0.930300,0.027545,0.365764,550.000000,758.318093
1.000000,0.054910,0.350421,-0.054696,-0.979189,0.026610,0.201197,550.000000,795.934080
1.000000,0.058064,0.476258,-0.056841,-0.891039,0.015962,-0.453645,550.000000,716.537690
1.000000,0.058569,0.500289,-0.056752,-0.998085,0.025198,0.056490,550.000000,809.486492
1.000000,0.059312,0.527647,-0.057483,-0.905978,0.016725,-0.422995,550.000000,729.015828
1.000000,0.057873,0.456707,-0.056900,-0.524563,0.001823,-0.851370,550.000000,414.726015
1.000000,0.056437,0.391769,-0.054648,-0.325203,0.020225,0.945428,550.000000,275.026939
1.000000,0.056044,0.397073,-0.055358,-0.991361,0.025967,0.128565,550.000000,804.914173
1.000000,0.059779,0.547753,-0.057143,-0.939006,0.027460,0.342803,550.000000,765.093741
1.000000,0.061509,0.594986,-0.058791,-0.211109,-0.007494,-0.977434,550.000000,159.185015
1.000000,0.056304,0.406981,-0.055777,-0.969999,0.020637,-0.242231,550.000000,783.093827
1.000000,0.060479,0.563927,-0.058276,-0.552826,0.002751,-0.833292,550.000000,437.849012
1.000000,0.055366,0.369642,-0.055068,-0.998682,0.025061,0.044786,550.000000,809.828015
1.000000,0.056534,0.410411,-0.055145,-0.783838,0.027254,0.620367,550.000000,642.729170
1.000000,0.057395,0.449587,-0.056463,-0.910942,0.016987,-0.412185,550.000000,733.169850
1.000000,0.055722,0.376715,-0.054690,-0.765792,0.027099,0.642517,550.000000,628.374473
1.000000,0.057294,0.448310,-0.056108,-0.999522,0.024741,0.018561,550.000000,810.189223
1.000000,0.060148,0.551105,-0.058098,-0.573476,0.003439,-0.819215,550.000000,454.753854
1.000000,0.059574,0.533852,-0.057736,-0.766197,0.010453,-0.642521,550.000000,613.074525
1.000000,0.056319,0.399928,-0.054960,-0.731041,0.026757,0.681808,550.000000,600.692315
1.000000,0.054392,0.322429,-0.054996,-0.765586,0.010429,-0.643249,550.000000,612.570471
1.000000,0.059386,0.533243,-0.057096,-0.986422,0.026281,0.162112,550.000000,801.320056
1.000000,0.060653,0.578092,-0.057308,-0.773365,0.027166,0.633379,550.000000,634.400233
1.000000,0.053830,0.304843,-0.054547,-0.932135,0.018161,-0.361655,550.000000,750.958293
1.000000,0.060238,0.557065,-0.058132,-0.644899,0.005902,-0.764245,550.000000,513.299713
1.000000,0.055460,0.361439,-0.054383,-0.622792,0.025401,0.781975,550.000000,514.190343
1.000000,0.053569,0.286330,-0.054594,-0.686444,0.007402,-0.727145,550.000000,547.417590
1.000000,0.057514,0.454250,-0.056535,-0.904379,0.016642,-0.426406,550.000000,727.678570
1.000000,0.059567,0.521345,-0.056345,-0.384215,0.021381,0.922996,550.000000,322.574555
1.000000,0.061120,0.590494,-0.058613,-0.566045,0.003190,-0.824368,550.000000,448.669599
1.000000,0.055490,0.364125,-0.055615,-0.669450,0.006782,-0.742826,550.000000,533.455793
1.000000,0.059824,0.536154,-0.056591,-0.519390,0.023803,0.854206,550.000000,431.277299
1.000000,0.055371,0.366349,-0.055419,-0.889786,0.015899,-0.456100,550.000000,715.492426
1.000000,0.058201,0.485003,-0.056712,-0.989223,0.022373,-0.144695,550.000000,799.858541
1.000000,0.057299,0.436963,-0.055372,-0.638525,0.025621,0.769175,550.000000,526.783868
1.000000,0.060872,0.593714,-0.058155,-0.981808,0.021621,-0.188643,550.000000,793.314738
1.000000,0.053312,0.283343,-0.053679,-0.920856,0.027613,0.388923,550.000000,750.946939
1.000000,0.053347,0.286926,-0.054149,-0.988410,0.022282,-0.150162,550.000000,799.133165
1.000000,0.053735,0.302938,-0.054325,-0.993623,0.022925,-0.110400,550.000000,803.840770
1.000000,0.054022,0.313596,-0.054592,-0.961439,0.020012,-0.274290,550.000000,775.767190
1.000000,0.059564,0.536228,-0.057671,-0.853560,0.014173,-0.520802,550.000000,685.349251
1.000000,0.053789,0.303762,-0.054492,-0.950925,0.019307,-0.308817,550.000000,766.827757
1.000000,0.060573,0.581269,-0.058024,-0.973811,0.020936,-0.226392,550.000000,786.375683
1.000000,0.055487,0.373894,-0.055325,-0.976945,0.021194,-0.212435,550.000000,789.085192
1.000000,0.056917,0.416272,-0.056396,-0.480255,0.000404,-0.877129,550.000000,378.507681
1.000000,0.054207,0.319393,-0.054121,-0.906512,0.027681,0.421272,550.000000,739.716212
1.000000,0.058958,0.515547,-0.057152,-0.979485,0.021412,-0.200377,550.000000,791.289683
1.000000,0.055405,0.364492,-0.055520,-0.788067,0.011340,-0.615486,550.000000,631.125231
1.000000,0.059061,0.514433,-0.057437,-0.813048,0.012385,-0.582066,550.000000,651.775011
1.000000,0.056849,0.426067,-0.055450,-0.871159,0.027708,0.490219,550.000000,711.906565
1.000000,0.060287,0.564681,-0.058080,-0.819997,0.012683,-0.572228,550.000000,657.525986
1.000000,0.054100,0.315602,-0.054702,-0.924469,0.017725,-0.380846,550.000000,744.512570
1.000000,0.055125,0.358723,-0.054754,-0.964188,0.027054,0.263836,550.000000,784.539734
1.000000,0.058995,0.500150,-0.056094,-0.450950,0.022619,0.892263,550.000000,376.279310
1.000000,0.054471,0.329968,-0.054247,-0.899702,0.027700,0.435625,550.000000,734.372531
1.000000,0.057378,0.451365,-0.056285,-0.987484,0.022182,-0.156149,550.000000,798.310098
1.000000,0.054264,0.307050,-0.054993,-0.449113,-0.000572,-0.893475,550.000000,353.073203
1.000000,0.057305,0.430930,-0.055194,-0.442684,0.022470,0.896396,550.000000,369.631373
1.000000,0.057492,0.455061,-0.056435,-0.957803,0.019761,-0.286747,550.000000,772.669134
1.000000,0.053204,0.277174,-0.054298,-0.865324,0.014718,-0.500997,550.000000,695.123372
1.000000,0.053726,0.295873,-0.054633,-0.785460,0.011233,-0.618811,550.000000,628.972329
1.000000,0.055262,0.355712,-0.054359,-0.695675,0.026357,0.717873,550.000000,572.471860
1.000000,0.056222,0.404264,-0.055442,-0.989766,0.026080,0.140299,550.000000,803.764024
1.000000,0.055444,0.362714,-0.055587,-0.683145,0.007281,-0.730246,550.000000,544.706518
1.000000,0.053108,0.277427,-0.053841,-0.996063,0.025516,0.084898,550.000000,808.193247
1.000000,0.058620,0.501762,-0.056975,-0.979006,0.021370,-0.202708,550.000000,790.873320
1.000000,0.060381,0.573881,-0.057632,-0.988203,0.026179,0.150898,550.000000,802.626362
1.000000,0.055036,0.340837,-0.054059,-0.519189,0.023800,0.854328,550.000000,431.116052
1.000000,0.059653,0.544305,-0.057266,-0.991404,0.025964,0.128232,550.000000,804.945143
1.000000,0.060024,0.557065,-0.057220,-0.916954,0.027636,0.398035,550.000000,747.895616
1.000000,0.060680,0.586345,-0.057851,-0.996633,0.025440,0.077943,550.000000,808.570821
1.000000,0.054998,0.348029,-0.054345,-0.792609,0.027324,0.609118,550.000000,649.699600
1.000000,0.059240,0.527707,-0.057124,-0.999038,0.024956,0.036068,550.000000,810.010029
1.000000,0.055053,0.352368,-0.055283,-0.857793,0.014367,-0.513794,550.000000,688.865035
1.000000,0.055186,0.352209,-0.054305,-0.683769,0.026212,0.729228,550.000000,562.961607
1.000000,0.058386,0.492487,-0.056815,-0.988103,0.022248,-0.152173,550.000000,798.860023
1.000000,0.058137,0.480347,-0.056241,-0.925466,0.027582,0.377826,550.000000,754.547212
1.000000,0.055378,0.369138,-0.055294,-0.967593,0.020456,-0.251684,550.000000,781.029457
1.000000,0.060548,0.580863,-0.057934,-0.992639,0.022790,-0.118948,550.000000,802.939474
1.000000,0.054385,0.321880,-0.054996,-0.758058,0.010130,-0.652108,550.000000,606.362682
1.000000,0.053271,0.284038,-0.054074,-0.994445,0.023045,-0.102703,550.000000,804.600693
1.000000,0.060971,0.597464,-0.057874,-0.972269,0.026844,0.232321,550.000000,790.704600
1.000000,0.056946,0.422610,-0.056393,-0.640649,0.005752,-0.767812,550.000000,509.813002
1.000000,0.060731,0.579641,-0.058368,-0.722690,0.008757,-0.691117,550.000000,577.227369
1.000000,0.055253,0.355768,-0.054371,-0.709591,0.026520,0.704115,550.000000,583.581152
1.000000,0.055656,0.372198,-0.054583,-0.708572,0.026508,0.705140,550.000000,582.768173
1.000000,0.058662,0.501138,-0.057140,-0.905947,0.016724,-0.423060,550.000000,728.990402
1.000000,0.058388,0.476659,-0.055807,-0.490831,0.023320,0.870943,550.000000,408.337708
1.000000,0.058319,0.487076,-0.056291,-0.904171,0.027688,0.426272,550.000000,737.880360
1.000000,0.060841,0.588239,-0.058349,-0.850428,0.014030,-0.525904,550.000000,682.749268
1.000000,0.060080,0.556810,-0.057102,-0.838667,0.027608,0.543945,550.000000,686.229838
1.000000,0.058853,0.494246,-0.056016,-0.447551,0.022558,0.893974,550.000000,373.546035
1.000000,0.054632,0.328687,-0.053979,-0.654931,0.025843,0.755247,550.000000,539.909349
1.000000,0.058821,0.499417,-0.057381,-0.650572,0.006104,-0.759420,550.000000,517.955808
1.000000,0.058228,0.486303,-0.056683,-0.996028,0.023301,-0.085939,550.000000,806.087200
1.000000,0.061103,0.593308,-0.057423,-0.674161,0.026092,0.738124,550.000000,555.283936
1.000000,0.058706,0.500376,-0.057240,-0.825999,0.012943,-0.563523,550.000000,662.495871
1.000000,0.054434,0.317326,-0.053771,-0.552762,0.024346,0.832983,550.000000,458.062031
1.000000,0.057565,0.459359,-0.056231,-0.998696,0.025057,0.044482,550.000000,809.835398
1.000000,0.059352,0.529508,-0.057494,-0.913456,0.017121,-0.406578,550.000000,735.275169
1.000000,0.054050,0.313584,-0.054675,-0.924752,0.017741,-0.380156,550.000000,744.750616
1.000000,0.053061,0.270181,-0.054252,-0.830231,0.013128,-0.557265,550.000000,666.001289
1.000000,0.058281,0.479338,-0.057076,-0.711699,0.008341,-0.702435,550.000000,568.183009
1.000000,0.055690,0.374332,-0.054630,-0.732292,0.026770,0.680465,550.000000,601.689061
1.000000,0.057254,0.443788,-0.055738,-0.909502,0.027670,0.414778,550.000000,742.060310
1.000000,0.056727,0.421520,-0.056141,-0.884698,0.015647,-0.465902,550.000000,711.249730
1.000000,0.054414,0.315378,-0.055072,-0.517689,0.001601,-0.855567,550.000000,409.104433
1.000000,0.056929,0.419800,-0.055111,-0.574613,0.024688,0.818053,550.000000,475.587530
1.000000,0.057855,0.465001,-0.056804,-0.805688,0.012073,-0.592217,550.000000,645.687661
1.000000,0.054656,0.325282,-0.055200,-0.518419,0.001624,-0.855125,550.000000,409.701219
1.000000,0.056071,0.390188,-0.054843,-0.741629,0.026867,0.670272,550.000000,609.131878
1.000000,0.054909,0.350809,-0.054768,-0.992958,0.025838,0.115615,550.000000,806.050778
1.000000,0.057785,0.466190,-0.056070,-0.931481,0.027534,0.362747,550.000000,759.238270
1.000000,0.059078,0.515510,-0.056550,-0.824769,0.027538,0.564799,550.000000,675.221404
1.000000,0.057817,0.463867,-0.056775,-0.818827,0.012633,-0.573901,550.000000,656.557708
1.000000,0.059206,0.519579,-0.056564,-0.788756,0.027294,0.614101,550.000000,646.637638
1.000000,0.056506,0.413935,-0.055965,-0.930303,0.018056,-0.366348,550.000000,749.416516
1.000000,0.054786,0.339945,-0.055178,-0.810571,0.012280,-0.585511,550.000000,649.726485
1.000000,0.059455,0.533431,-0.057562,-0.903963,0.016620,-0.427289,550.000000,727.330465
1.000000,0.055355,0.355638,-0.055563,-0.576366,0.003536,-0.817184,550.000000,457.120240
1.000000,0.061082,0.589109,-0.058592,-0.570726,0.003347,-0.821134,550.000000,452.502139
1.000000,0.056708,0.424227,-0.055722,-0.993305,0.025808,0.112598,550.000000,806.295600
1.000000,0.054580,0.330557,-0.055088,-0.779937,0.011007,-0.625761,550.000000,624.412478
1.000000,0.059471,0.534606,-0.057548,-0.920543,0.017507,-0.390248,550.000000,741.217270
1.000000,0.059886,0.549693,-0.057832,-0.863708,0.014642,-0.503779,550.000000,693.780218
1.000000,0.055041,0.351231,-0.054437,-0.838490,0.027607,0.544217,550.000000,686.090422
1.000000,0.058679,0.503017,-0.056573,-0.943610,0.027406,0.329924,550.000000,768.667765
1.000000,0.057188,0.441384,-0.056345,-0.917630,0.017347,-0.397058,550.000000,738.773255
1.000000,0.058780,0.491670,-0.055988,-0.459630,0.022774,0.887818,550.000000,383.259214
1.000000,0.060245,0.568379,-0.057569,-0.989765,0.026080,0.140305,550.000000,803.763397
1.000000,0.059656,0.544215,-0.057235,-0.985668,0.026321,0.166633,550.000000,800.763446
1.000000,0.059050,0.512105,-0.057465,-0.754331,0.009982,-0.656419,550.000000,603.289592
1.000000,0.056292,0.406688,-0.055412,-0.975535,0.026741,0.218212,550.000000,793.179701
1.000000,0.054191,0.319988,-0.054205,-0.945635,0.027380,0.324076,550.000000,770.237739
1.000000,0.058225,0.474612,-0.055857,-0.634107,0.025560,0.772823,550.000000,523.248564
1.000000,0.053684,0.297835,-0.054515,-0.899672,0.016399,-0.436259,550.000000,723.744416
1.000000,0.059579,0.530378,-0.056591,-0.651483,0.025797,0.758224,550.000000,537.151810
1.000000,0.059481,0.531011,-0.056720,-0.795643,0.027347,0.605148,550.000000,652.110236
1.000000,0.054751,0.343875,-0.054935,-0.977227,0.021218,-0.211135,550.000000,789.329014
1.000000,0.058291,0.488148,-0.056458,-0.972579,0.026835,0.231019,550.000000,790.940319
1.000000,0.056419,0.410850,-0.055896,-0.943978,0.018869,-0.329468,550.000000,760.946949
1.000000,0.060524,0.578179,-0.057539,-0.939953,0.027450,0.340198,550.000000,765.829536
1.000000,0.058815,0.510380,-0.056920,-0.999655,0.024623,0.009178,550.000000,810.182975
1.000000,0.057894,0.470339,-0.056709,-0.923431,0.017667,-0.383357,550.000000,743.641424
1.000000,0.057229,0.443469,-0.056346,-0.931333,0.018115,-0.363719,550.000000,750.283060
1.000000,0.053272,0.268227,-0.054469,-0.499999,0.001031,-0.866025,550.000000,394.642584
1.000000,0.059740,0.531730,-0.056519,-0.487991,0.023271,0.872538,550.000000,406.055801
1.000000,0.054803,0.345409,-0.054568,-0.959074,0.027162,0.281850,550.000000,780.614593
1.000000,0.058399,0.491737,-0.056936,-0.947483,0.019087,-0.319235,550.000000,763.911673
1.000000,0.054491,0.310270,-0.053576,-0.259336,0.018872,0.965603,550.000000,221.897110
1.000000,0.056490,0.413906,-0.055431,-0.949141,0.027331,0.313663,550.000000,772.952139
1.000000,0.056261,0.405881,-0.055683,-0.989885,0.022449,-0.140085,550.000000,800.450711
1.000000,0.060400,0.572390,-0.057419,-0.917129,0.027635,0.397632,550.000000,748.032471
1.000000,0.055182,0.361575,-0.055150,-0.980894,0.021538,-0.193345,550.000000,792.517462
1.000000,0.061076,0.587746,-0.058593,-0.535709,0.002187,-0.844400,550.000000,423.843222
1.000000,0.053313,0.285526,-0.054134,-0.987749,0.022210,-0.154464,550.000000,798.544806
1.000000,0.058642,0.495386,-0.056216,-0.752446,0.026974,0.658102,550.000000,617.749094
1.000000,0.057542,0.457742,-0.056082,-0.977861,0.026660,0.207552,550.000000,794.934690
1.000000,0.056354,0.407482,-0.055898,-0.921803,0.017576,-0.387260,550.000000,742.274220
1.000000,0.056837,0.415635,-0.055050,-0.560943,0.024475,0.827493,550.000000,464.624319
1.000000,0.055040,0.342857,-0.054116,-0.577783,0.024737,0.815815,550.000000,478.129384
1.000000,0.058240,0.486859,-0.056668,-0.998044,0.023715,-0.057849,550.000000,808.062270
1.000000,0.058102,0.479824,-0.056767,-0.953637,0.019483,-0.300326,550.000000,769.128728
1.000000,0.053288,0.282177,-0.054285,-0.915520,0.017232,-0.401902,550.000000,737.005093
1.000000,0.058122,0.482115,-0.056570,-0.999637,0.024354,-0.011514,550.000000,809.917067
1.000000,0.056660,0.416864,-0.055272,-0.825123,0.027540,0.564281,550.000000,675.502206
1.000000,0.054830,0.347785,-0.054826,-0.999666,0.024394,-0.008489,550.000000,809.977597
1.000000,0.052973,0.267375,-0.053370,-0.853914,0.027667,0.519679,550.000000,698.290227
1.000000,0.056558,0.412947,-0.056098,-0.833406,0.013268,-0.552502,550.000000,668.632165
1.000000,0.060736,0.588555,-0.058023,-0.994150,0.023001,-0.105527,550.000000,804.327537
1.000000,0.056491,0.386592,-0.054542,-0.095804,0.015248,0.995283,550.000000,89.739265
1.000000,0.058960,0.512114,-0.056563,-0.869479,0.027705,0.493192,550.000000,710.581459
1.000000,0.053721,0.302399,-0.054306,-0.995186,0.023160,-0.095224,550.000000,805.292387
1.000000,0.059652,0.539817,-0.057718,-0.853342,0.014163,-0.521159,550.000000,685.168684
1.000000,0.059814,0.549529,-0.057191,-0.950058,0.027318,0.310876,550.000000,773.661330
1.000000,0.059419,0.522818,-0.056472,-0.618873,0.025346,0.785082,550.000000,511.052930
1.000000,0.059861,0.551170,-0.057720,-0.941455,0.018714,-0.336618,550.000000,758.815510
1.000000,0.053495,0.293327,-0.054147,-0.998826,0.023938,-0.042104,550.000000,808.888120
1.000000,0.054859,0.333922,-0.053974,-0.528680,0.023957,0.848483,550.000000,438.735371
1.000000,0.058460,0.489179,-0.056171,-0.789387,0.027299,0.613289,550.000000,647.139135
1.000000,0.053998,0.312982,-0.054551,-0.972352,0.020820,-0.232589,550.000000,785.118051
1.000000,0.057345,0.441881,-0.056572,-0.734267,0.009201,-0.678798,550.000000,586.758642
1.000000,0.053726,0.301295,-0.054451,-0.954382,0.019532,-0.297947,550.000000,769.761376
1.000000,0.054335,0.327381,-0.054648,-0.992752,0.022805,-0.117994,550.000000,803.043104
1.000000,0.055736,0.384702,-0.055351,-0.997480,0.023583,-0.066910,550.000000,807.495592
1.000000,0.059762,0.542589,-0.056873,-0.798608,0.027368,0.601229,550.000000,654.465047
1.000000,0.055509,0.371079,-0.055520,-0.862042,0.014564,-0.506627,550.000000,692.395517
1.000000,0.059500,0.533166,-0.057650,-0.838573,0.013496,-0.544621,550.000000,672.915336
1.000000,0.055207,0.352538,-0.054297,-0.667633,0.026009,0.744036,550.000000,550.066309
1.000000,0.058846,0.511591,-0.056994,-0.997591,0.023608,-0.065228,550.000000,807.605855
1.000000,0.053770,0.304486,-0.054305,-0.997948,0.023691,-0.059477,550.000000,807.965395
1.000000,0.059883,0.553924,-0.057520,-0.999078,0.024029,-0.035580,550.000000,809.171270
1.000000,0.060145,0.554987,-0.056944,-0.698862,0.026395,0.714769,550.000000,575.016900
1.000000,0.060707,0.579738,-0.058341,-0.755409,0.010025,-0.655177,550.000000,604.178479
1.000000,0.058860,0.486983,-0.057391,-0.213027,-0.007442,-0.977018,550.000000,160.744016
1.000000,0.059011,0.513301,-0.056542,-0.841903,0.027622,0.538922,550.000000,688.791318
1.000000,0.054509,0.331197,-0.054962,-0.890284,0.015924,-0.455127,550.000000,715.907620
1.000000,0.060230,0.549953,-0.056733,-0.432477,0.022284,0.901369,550.000000,361.421003
1.000000,0.055148,0.360743,-0.054944,-0.998139,0.025186,0.055528,550.000000,809.518772
1.000000,0.057547,0.456712,-0.056500,-0.939521,0.018597,-0.341986,550.000000,757.182745
1.000000,0.054781,0.341648,-0.054354,-0.870021,0.027706,0.492235,550.000000,711.009222
1.000000,0.055762,0.364437,-0.055776,-0.332394,-0.004076,-0.943132,550.000000,257.885400
1.000000,0.061191,0.583593,-0.057118,-0.259182,0.018869,0.965644,550.000000,221.772400
1.000000,0.060756,0.588978,-0.057798,-0.981839,0.026502,0.187854,550.000000,797.919307
1.000000,0.053887,0.295499,-0.054789,-0.567815,0.003249,-0.823150,550.000000,450.118412
1.000000,0.058644,0.498475,-0.056354,-0.845307,0.027636,0.533565,550.000000,691.484800
1.000000,0.060031,0.539318,-0.056569,-0.354735,0.020811,0.934735,550.000000,298.828323
1.000000,0.056064,0.389168,-0.054811,-0.719251,0.026629,0.694239,550.000000,591.289501
1.000000,0.058346,0.491203,-0.056716,-0.998592,0.023864,-0.047375,550.000000,808.634094
1.000000,0.053709,0.301282,-0.054388,-0.975706,0.021090,-0.218066,550.000000,788.012542
1.000000,0.061178,0.589180,-0.057248,-0.450243,0.022606,0.892620,550.000000,375.711289
1.000000,0.053572,0.294902,-0.053892,-0.950645,0.027309,0.309077,550.000000,774.115135
1.000000,0.058582,0.497437,-0.057113,-0.892692,0.016045,-0.450381,550.000000,717.916737
1.000000,0.061256,0.597208,-0.057426,-0.601969,0.025100,0.798125,550.000000,497.512723
1.000000,0.054571,0.332053,-0.055044,-0.838175,0.013479,-0.545234,550.000000,672.585269
1.000000,0.058034,0.477597,-0.056318,-0.971583,0.026864,0.235170,550.000000,790.183431
1.000000,0.059297,0.513295,-0.057655,-0.477640,0.000321,-0.878556,550.000000,376.371272
1.000000,0.060346,0.569938,-0.057372,-0.908762,0.027673,0.416395,550.000000,741.480886
1.000000,0.059945,0.546633,-0.056831,-0.692871,0.026324,0.720581,550.000000,570.232558
1.000000,0.059597,0.536218,-0.056803,-0.810752,0.027452,0.584746,550.000000,664.105384
1.000000,0.053581,0.286884,-0.053461,-0.688270,0.026268,0.724979,550.000000,566.557819
1.000000,0.053389,0.286889,-0.053750,-0.933381,0.027517,0.357831,550.000000,760.718164
1.000000,0.053260,0.279484,-0.054326,-0.867071,0.014800,-0.497965,550.000000,696.575782
1.000000,0.053756,0.285898,-0.054725,-0.434951,-0.001009,-0.900453,550.000000,341.512039
1.000000,0.059732,0.528898,-0.056452,-0.410494,0.021878,0.911601,550.000000,343.731093
1.000000,0.059281,0.525673,-0.057492,-0.884301,0.015628,-0.466657,550.000000,710.918556
1.000000,0.060249,0.565329,-0.057281,-0.889478,0.027715,0.456137,550.000000,726.337105
1.000000,0.054509,0.324137,-0.053931,-0.669516,0.026033,0.742341,550.000000,551.571254
1.000000,0.054534,0.326819,-0.055091,-0.722110,0.008735,-0.691723,550.000000,576.749946
1.000000,0.060625,0.582044,-0.058139,-0.932585,0.018187,-0.360491,550.000000,751.337337
1.000000,0.055030,0.347163,-0.054271,-0.724363,0.026685,0.688903,550.000000,595.366389
1.000000,0.055953,0.377177,-0.055887,-0.486436,0.000599,-0.873716,550.000000,383.557591
1.000000,0.054359,0.319873,-0.054996,-0.728044,0.008962,-0.685471,550.000000,581.634994
1.000000,0.059019,0.506372,-0.057494,-0.615210,0.004862,-0.788348,550.000000,488.948612
1.000000,0.059565,0.540634,-0.057433,-0.989148,0.022364,-0.145208,550.000000,799.791585
1.000000,0.059118,0.515828,-0.057484,-0.784884,0.011209,-0.619541,550.000000,628.497036
1.000000,0.058774,0.507995,-0.056734,-0.977925,0.026657,0.207251,550.000000,794.982884
1.000000,0.057616,0.454184,-0.056697,-0.772557,0.010709,-0.634855,550.000000,618.321182
1.000000,0.061228,0.594545,-0.058672,-0.554466,0.002805,-0.832202,550.000000,439.191167
1.000000,0.060314,0.569667,-0.057432,-0.941432,0.027433,0.336085,550.000000,766.977889
1.000000,0.057494,0.440398,-0.055339,-0.497200,0.023429,0.867320,550.000000,413.454583
1.000000,0.057942,0.469213,-0.055953,-0.826993,0.027550,0.561537,550.000000,676.983869
1.000000,0.056721,0.418398,-0.056211,-0.794997,0.011626,-0.606502,550.000000,636.850245
1.000000,0.056180,0.380582,-0.055993,-0.304213,-0.004890,-0.952591,550.000000,234.934035
1.000000,0.053768,0.303404,-0.054042,-0.965921,0.027014,0.257425,550.000000,785.865699
1.000000,0.056637,0.397880,-0.054712,-0.261793,0.018924,0.964938,550.000000,223.880036
1.000000,0.052885,0.267012,-0.053539,-0.954147,0.027252,0.298097,550.000000,776.819207
1.000000,0.058859,0.512178,-0.056971,-0.999367,0.024158,-0.026118,550.000000,809.520520
1.000000,0.057502,0.447285,-0.056668,-0.702703,0.008004,-0.711438,550.000000,560.783988
1.000000,0.053075,0.271251,-0.054247,-0.845509,0.013807,-0.533783,550.000000,678.667040
1.000000,0.060039,0.544685,-0.058046,-0.512787,0.001442,-0.858515,550.000000,405.096480
1.000000,0.056578,0.418550,-0.055590,-0.981833,0.026502,0.187886,550.000000,797.914707
1.000000,0.059603,0.540780,-0.057576,-0.945735,0.018978,-0.324383,550.000000,762.432596
1.000000,0.053412,0.273457,-0.053170,-0.485014,0.023220,0.874198,550.000000,403.663980
1.000000,0.058251,0.486785,-0.056471,-0.981100,0.026533,0.191675,550.000000,797.366398
1.000000,0.056720,0.421602,-0.056125,-0.896245,0.016224,-0.443263,550.000000,720.881992
1.000000,0.055330,0.349965,-0.054140,-0.430593,0.022249,0.902272,550.000000,359.905216
1.000000,0.059347,0.531938,-0.057135,-0.995552,0.025579,0.090670,550.000000,807.849861
1.000000,0.053732,0.302982,-0.054279,-0.998450,0.023823,-0.050291,550.000000,808.483860
1.000000,0.054301,0.321184,-0.054052,-0.842225,0.027624,0.538418,550.000000,689.046399
1.000000,0.057320,0.429592,-0.056606,-0.381749,-0.002622,-0.924263,550.000000,298.109593
1.000000,0.055162,0.360036,-0.054755,-0.958064,0.027182,0.285262,550.000000,779.837703
1.000000,0.060483,0.575097,-0.057418,-0.895847,0.027708,0.443498,550.000000,731.344380
1.000000,0.057845,0.466605,-0.056749,-0.868676,0.014875,-0.495158,550.000000,697.910209
1.000000,0.056250,0.392647,-0.054768,-0.591188,0.024940,0.806148,550.000000,488.874336
1.000000,0.054142,0.308179,-0.054910,-0.639347,0.005706,-0.768897,550.000000,508.744526
1.000000,0.057153,0.442549,-0.056009,-0.998452,0.025118,0.049635,550.000000,809.700040
1.000000,0.057011,0.432606,-0.056307,-0.869400,0.014910,-0.493883,550.000000,698.513130
1.000000,0.058120,0.480598,-0.056772,-0.955659,0.019617,-0.293821,550.000000,770.846216
1.000000,0.054532,0.332828,-0.054305,-0.911939,0.027660,0.409394,550.000000,743.969453
1.000000,0.059393,0.527519,-0.056678,-0.799068,0.027372,0.600617,550.000000,654.830428
1.000000,0.057648,0.462407,-0.056185,-0.987851,0.026200,0.153181,550.000000,802.368976
1.000000,0.059654,0.535865,-0.056719,-0.726786,0.026711,0.686344,550.000000,597.299192
1.000000,0.058049,0.478084,-0.056706,-0.967656,0.020461,-0.251442,550.000000,781.083314
1.000000,0.057974,0.469742,-0.056869,-0.802910,0.011957,-0.595980,550.000000,643.391099
1.000000,0.055109,0.357330,-0.054681,-0.942020,0.027426,0.334433,550.000000,767.434585
1.000000,0.056076,0.392964,-0.055852,-0.822485,0.012791,-0.568644,550.000000,659.585594
1.000000,0.060081,0.556792,-0.057959,-0.836613,0.013409,-0.547631,550.000000,671.289704
1.000000,0.060676,0.581801,-0.058253,-0.860040,0.014471,-0.510021,550.000000,690.731825
1.000000,0.055687,0.382048,-0.055427,-0.977963,0.021280,-0.207690,550.000000,789.967694
1.000000,0.055044,0.344394,-0.055391,-0.621315,0.005074,-0.783545,550.000000,493.953808
1.000000,0.057632,0.444709,-0.056774,-0.457375,-0.000315,-0.889274,550.000000,359.819326
1.000000,0.052929,0.266929,-0.053423,-0.895359,0.027708,0.444481,550.000000,730.961308
1.000000,0.059412,0.533443,-0.057446,-0.959638,0.019887,-0.280533,550.000000,774.232276
1.000000,0.056464,0.414217,-0.055777,-0.992157,0.022727,-0.122914,550.000000,802.500742
1.000000,0.057335,0.447550,-0.056414,-0.923122,0.017649,-0.384103,550.000000,743.381356
1.000000,0.053860,0.303516,-0.054656,-0.852557,0.014127,-0.522444,550.000000,684.516538
1.000000,0.058347,0.484878,-0.057068,-0.799997,0.011835,-0.599887,550.000000,640.982982
1.000000,0.060909,0.591951,-0.058358,-0.879508,0.015394,-0.475635,550.000000,706.925861
1.000000,0.056057,0.393889,-0.055796,-0.875717,0.015211,-0.482586,550.000000,703.768871
1.000000,0.056798,0.425173,-0.056150,-0.908950,0.016881,-0.416563,550.000000,731.502495
1.000000,0.059250,0.521528,-0.057549,-0.794324,0.011598,-0.607383,550.000000,636.294724
1.000000,0.057060,0.433204,-0.055484,-0.825577,0.027542,0.563617,550.000000,675.862153
1.000000,0.060641,0.583089,-0.057611,-0.943613,0.027406,0.329915,550.000000,768.670097
1.000000,0.053383,0.288671,-0.053986,-0.995908,0.025536,0.086685,550.000000,808.089841
1.000000,0.053126,0.277083,-0.053689,-0.961604,0.027111,0.273097,550.000000,782.558625
1.000000,0.057489,0.451073,-0.055729,-0.836602,0.027598,0.547115,550.000000,684.595554
1.000000,0.059861,0.551244,-0.057199,-0.943949,0.027402,0.328952,550.000000,768.930741
1.000000,0.060095,0.539994,-0.056561,-0.294692,0.019607,0.955391,550.000000,250.423646
1.000000,0.054297,0.323050,-0.054166,-0.905285,0.027685,0.423902,550.000000,738.754162
1.000000,0.059492,0.526785,-0.057737,-0.649534,0.006067,-0.760309,550.000000,517.103675
1.000000,0.058390,0.491554,-0.056446,-0.952827,0.027274,0.302287,550.000000,775.800608
1.000000,0.054465,0.309052,-0.055077,-0.255321,-0.006273,-0.966836,550.000000,195.140840
1.000000,0.057181,0.442965,-0.056221,-0.976723,0.021175,-0.213455,550.000000,788.892936
1.000000,0.060091,0.545755,-0.058075,-0.479455,0.000378,-0.877567,550.000000,377.853712
1.000000,0.053453,0.291602,-0.054111,-0.999394,0.024173,-0.025052,550.000000,809.555311
1.000000,0.059161,0.522174,-0.056786,-0.926780,0.027573,0.374590,550.000000,755.573325
1.000000,0.053934,0.311189,-0.054296,-0.997717,0.025268,0.062629,550.000000,809.262790
1.000000,0.055648,0.380323,-0.055063,-0.973502,0.026806,0.227101,550.000000,791.640670
1.000000,0.053440,0.278294,-0.053291,-0.599284,0.025061,0.800144,550.000000,495.361833
1.000000,0.057578,0.454752,-0.055778,-0.837984,0.027605,0.544996,550.000000,685.689762
1.000000,0.053048,0.274688,-0.053999,-0.986630,0.022092,-0.161472,550.000000,797.552940
1.000000,0.053673,0.300447,-0.054133,-0.995351,0.025602,0.092853,550.000000,807.712845
1.000000,0.055142,0.354714,-0.055361,-0.818359,0.012613,-0.574568,550.000000,656.170690
1.000000,0.060628,0.584255,-0.057943,-0.997015,0.023486,-0.073556,550.000000,807.037332
1.000000,0.058707,0.492859,-0.057334,-0.590234,0.004005,-0.807222,550.000000,468.479549
1.000000,0.057870,0.471746,-0.056370,-0.997123,0.025368,0.071429,550.000000,808.888545
1.000000,0.061269,0.588622,-0.057197,-0.317070,0.020062,0.948190,550.000000,268.469521
1.000000,0.058814,0.507033,-0.056536,-0.896078,0.027707,0.443031,550.000000,731.525819
1.000000,0.061133,0.587455,-0.057227,-0.454318,0.022679,0.890551,550.000000,378.987665
1.000000,0.060297,0.567060,-0.057293,-0.882409,0.027717,0.469667,550.000000,720.772871
1.000000,0.053002,0.272275,-0.053650,-0.969387,0.026925,0.244056,550.000000,788.512404
1.000000,0.060848,0.591388,-0.058246,-0.939538,0.018598,-0.341939,550.000000,757.197058
1.000000,0.059198,0.508762,-0.056210,-0.461264,0.022803,0.886970,550.000000,384.573028
1.000000,0.057099,0.439605,-0.055839,-0.975517,0.026742,0.218291,550.000000,793.166453
1.000000,0.054336,0.325832,-0.054797,-0.942790,0.018796,-0.332858,550.000000,759.942429
1.000000,0.060817,0.583396,-0.058410,-0.730339,0.009050,-0.683025,550.000000,583.524512
1.000000,0.061107,0.597769,-0.058521,-0.809762,0.012246,-0.586631,550.000000,649.057105
1.000000,0.059114,0.520246,-0.056761,-0.926552,0.027574,0.375154,550.000000,755.395404
1.000000,0.057913,0.457524,-0.055562,-0.498404,0.023450,0.866628,550.000000,414.421781
1.000000,0.053839,0.305812,-0.054034,-0.951126,0.027301,0.307594,550.000000,774.487080
1.000000,0.055092,0.349561,-0.054299,-0.721235,0.026651,0.692177,550.000000,592.872179
1.000000,0.055428,0.366118,-0.054597,-0.809354,0.027443,0.586680,550.000000,662.995997
1.000000,0.053919,0.301595,-0.054768,-0.717327,0.008553,-0.696684,550.000000,572.813996
1.000000,0.057614,0.459833,-0.056514,-0.951246,0.019327,-0.307828,550.000000,767.099290
1.000000,0.060076,0.539950,-0.058055,-0.316937,-0.004524,-0.948436,550.000000,245.295133
1.000000,0.056487,0.414179,-0.055894,-0.961996,0.020051,-0.272326,550.000000,776.242626
1.000000,0.054854,0.330160,-0.053879,-0.418359,0.022024,0.908015,550.000000,350.060962
1.000000,0.060988,0.594914,-0.057639,-0.871623,0.027709,0.489392,550.000000,712.272941
1.000000,0.055131,0.358879,-0.054752,-0.962655,0.027088,0.269374,550.000000,783.364397
1.000000,0.056513,0.396402,-0.054722,-0.373525,0.021176,0.927378,550.000000,313.964940
1.000000,0.055019,0.340753,-0.055390,-0.539289,0.002304,-0.842117,550.000000,426.771879
1.000000,0.056086,0.398258,-0.055648,-0.974950,0.021028,-0.221426,550.000000,787.359328
1.000000,0.059491,0.537658,-0.057390,-0.989944,0.022456,-0.139664,550.000000,800.503921
1.000000,0.060637,0.578801,-0.058269,-0.815262,0.012480,-0.578958,550.000000,653.607152
1.000000,0.057920,0.473678,-0.056540,-0.993378,0.022891,-0.112591,550.000000,803.615473
1.000000,0.058562,0.492395,-0.056185,-0.760600,0.027052,0.648657,550.000000,624.241677
1.000000,0.058215,0.478596,-0.057014,-0.771978,0.010685,-0.635560,550.000000,617.843483
1.000000,0.053602,0.290794,-0.053595,-0.784400,0.027259,0.619656,550.000000,643.175720
1.000000,0.055716,0.366454,-0.054362,-0.453454,0.022664,0.890991,550.000000,378.293269
1.000000,0.054653,0.338442,-0.054980,-0.933240,0.018226,-0.358792,550.000000,751.888309
1.000000,0.053915,0.310078,-0.054453,-0.987623,0.022197,-0.155269,550.000000,798.433024
1.000000,0.058786,0.509176,-0.056911,-0.999699,0.024521,0.001228,550.000000,810.121851
1.000000,0.053835,0.296030,-0.053553,-0.650393,0.025782,0.759160,550.000000,536.279650
1.000000,0.058917,0.511923,-0.056637,-0.918337,0.027628,0.394834,550.000000,748.977338
1.000000,0.053324,0.268272,-0.053083,-0.435037,0.022331,0.900135,550.000000,363.480474
1.000000,0.053981,0.292611,-0.054838,-0.358403,-0.003315,-0.933561,550.000000,279.078287
1.000000,0.054052,0.315120,-0.054207,-0.970073,0.026907,0.241320,550.000000,789.034313
1.000000,0.058255,0.484842,-0.056281,-0.915690,0.027642,0.400934,550.000000,746.906479
1.000000,0.053515,0.270154,-0.054574,-0.250740,-0.006401,-0.968033,550.000000,191.413929
1.000000,0.054801,0.325973,-0.055271,-0.355471,-0.003401,-0.934681,550.000000,276.688509
1.000000,0.055444,0.362703,-0.055586,-0.683506,0.007294,-0.729909,550.000000,545.002632
1.000000,0.055197,0.344339,-0.055486,-0.424621,-0.001326,-0.905370,550.000000,333.081237
1.000000,0.057549,0.438391,-0.055263,-0.364299,0.020997,0.931045,550.000000,306.533269
1.000000,0.060183,0.559679,-0.057092,-0.795986,0.027349,0.604697,550.000000,652.382504
1.000000,0.053738,0.286093,-0.054716,-0.464428,-0.000094,-0.885611,550.000000,365.578740
1.000000,0.056967,0.434759,-0.055852,-0.992354,0.025889,0.120680,550.000000,805.622777
1.000000,0.059267,0.528505,-0.057268,-0.990613,0.022535,-0.134827,550.000000,801.104605
1.000000,0.055554,0.358249,-0.054238,-0.404153,0.021759,0.914432,550.000000,338.627208
1.000000,0.059501,0.528534,-0.056597,-0.692674,0.026321,0.720770,550.000000,570.075108
1.000000,0.061173,0.588917,-0.058647,-0.448669,-0.000585,-0.893698,550.000000,352.710388
1.000000,0.060417,0.575694,-0.057740,-0.998751,0.025042,0.043232,550.000000,809.864965
1.000000,0.054097,0.317373,-0.054568,-0.983273,0.021759,-0.180834,550.000000,794.597125
1.000000,0.059417,0.534928,-0.057228,-0.999446,0.024787,0.022225,550.000000,810.172286
1.000000,0.053094,0.273150,-0.053480,-0.879524,0.027716,0.475047,550.000000,718.500459
1.000000,0.057334,0.449370,-0.055988,-0.981675,0.026509,0.188708,550.000000,797.796796
1.000000,0.059386,0.526098,-0.056624,-0.763237,0.027076,0.645552,550.000000,626.340796
1.000000,0.060227,0.561452,-0.057114,-0.795602,0.027346,0.605202,550.000000,652.077601
1.000000,0.056403,0.391598,-0.054657,-0.363539,0.020983,0.931343,550.000000,305.921285
1.000000,0.054197,0.321585,-0.054601,-0.987899,0.022226,-0.153497,550.000000,798.678453
1.000000,0.056592,0.417274,-0.055421,-0.923744,0.027595,0.382016,550.000000,753.202894
1.000000,0.054775,0.343681,-0.054503,-0.941520,0.027432,0.335840,550.000000,767.046029
1.000000,0.059995,0.555802,-0.057199,-0.914547,0.027648,0.403534,550.000000,746.011920
1.000000,0.053963,0.312385,-0.054314,-0.997865,0.025241,0.060236,550.000000,809.353663
1.000000,0.054438,0.320304,-0.055066,-0.640964,0.005763,-0.767550,550.000000,510.070691
1.000000,0.057401,0.452631,-0.056221,-0.998243,0.023766,-0.054277,550.000000,808.267313
1.000000,0.056864,0.427743,-0.055523,-0.904960,0.027686,0.424596,550.000000,738.498935
1.000000,0.057535,0.445379,-0.056713,-0.600629,0.004360,-0.799516,550.000000,476.996484
1.000000,0.053854,0.292181,-0.053423,-0.506650,0.023590,0.861829,550.000000,421.046299
1.000000,0.059107,0.521856,-0.057203,-0.986481,0.022076,-0.162380,550.000000,797.421452
1.000000,0.057728,0.466001,-0.056315,-0.998583,0.025086,0.046927,550.000000,809.773871
1.000000,0.057718,0.465360,-0.056240,-0.990882,0.026002,0.132201,550.000000,804.570101
1.000000,0.060905,0.568393,-0.058456,-0.149901,-0.009140,-0.988659,550.000000,109.448684
1.000000,0.056367,0.405583,-0.055987,-0.846209,0.013839,-0.532671,550.000000,679.248522
1.000000,0.055336,0.368075,-0.055204,-0.987815,0.022217,-0.154036,550.000000,798.604082
1.000000,0.056804,0.428279,-0.055913,-0.997666,0.023625,-0.064070,550.000000,807.680390
1.000000,0.059948,0.541754,-0.056672,-0.536839,0.024090,0.843341,550.000000,445.284642
1.000000,0.058030,0.477848,-0.056642,-0.984613,0.021888,-0.173373,550.000000,795.773699
1.000000,0.059066,0.502451,-0.057532,-0.432917,-0.001072,-0.901433,550.000000,339.851568
1.000000,0.058613,0.499756,-0.056494,-0.925962,0.027579,0.376608,550.000000,754.934778
1.000000,0.054256,0.324386,-0.054505,-0.999593,0.024688,0.014318,550.000000,810.195237
1.000000,0.054812,0.338200,-0.054153,-0.722289,0.026662,0.691077,550.000000,593.712660
1.000000,0.053595,0.283833,-0.054633,-0.576269,0.003533,-0.817252,550.000000,457.041238
1.000000,0.059366,0.514872,-0.057691,-0.439172,-0.000879,-0.898402,550.000000,344.957456
1.000000,0.055176,0.354110,-0.055416,-0.756077,0.010051,-0.654406,550.000000,604.728805
1.000000,0.060990,0.596837,-0.058339,-0.928525,0.017954,-0.370835,550.000000,747.921433
1.000000,0.056318,0.386102,-0.054568,-0.300569,0.019727,0.953556,550.000000,255.163872
1.000000,0.054624,0.338920,-0.054840,-0.984892,0.021916,-0.171776,550.000000,796.019540
1.000000,0.055319,0.365469,-0.054758,-0.928504,0.027559,0.370298,550.000000,756.917976
1.000000,0.053531,0.294723,-0.054077,-0.997203,0.025355,0.070308,550.000000,808.939739
1.000000,0.056430,0.386308,-0.056094,-0.164334,-0.008756,-0.986366,550.000000,121.172507
1.000000,0.054783,0.344201,-0.055024,-0.947473,0.019087,-0.319267,550.000000,763.902576
1.000000,0.054377,0.323040,-0.054966,-0.804202,0.012011,-0.594235,550.000000,644.459063
1.000000,0.054353,0.327025,-0.054772,-0.959118,0.019851,-0.282308,550.000000,773.789357
1.000000,0.055529,0.376292,-0.055212,-0.999303,0.024126,-0.028489,550.000000,809.439810
1.000000,0.056409,0.403940,-0.055021,-0.740881,0.026859,0.671099,550.000000,608.535720
1.000000,0.053572,0.296179,-0.054261,-0.989816,0.022441,-0.140573,550.000000,800.388949
1.000000,0.055082,0.357575,-0.054806,-0.983419,0.026431,0.179409,550.000000,799.097055
1.000000,0.059083,0.518458,-0.057355,-0.911499,0.017017,-0.410950,550.000000,733.636312
1.000000,0.060274,0.558534,-0.058151,-0.644964,0.005905,-0.764190,550.000000,513.353567
1.000000,0.059191,0.522960,-0.056772,-0.913532,0.027653,0.405826,550.000000,745.217440
1.000000,0.060306,0.571129,-0.057773,-0.996975,0.023478,-0.074095,550.000000,806.998580
1.000000,0.053469,0.287751,-0.053639,-0.857924,0.027679,0.513031,550.000000,701.459012
1.000000,0.060627,0.568136,-0.056994,-0.495661,0.023403,0.868201,550.000000,412.218512
1.000000,0.053535,0.294932,-0.054105,-0.998981,0.024975,0.037600,550.000000,809.982512
1.000000,0.053434,0.278631,-0.054540,-0.618839,0.004988,-0.785502,550.000000,491.924111
1.000000,0.055293,0.357719,-0.055494,-0.719443,0.008634,-0.694498,550.000000,574.555154
1.000000,0.059491,0.522391,-0.056410,-0.514109,0.023715,0.857397,550.000000,427.036067
1.000000,0.057113,0.440184,-0.055849,-0.976439,0.026710,0.214135,550.000000,793.862583
1.000000,0.054081,0.308188,-0.054853,-0.717532,0.008561,-0.696473,550.000000,572.982227
1.000000,0.053845,0.302085,-0.054669,-0.826582,0.012969,-0.562666,550.000000,662.978917
1.000000,0.052891,0.268433,-0.053691,-0.991471,0.025959,0.127718,550.000000,804.992754
1.000000,0.055938,0.383732,-0.054733,-0.709509,0.026519,0.704197,550.000000,583.515876
1.000000,0.061006,0.598595,-0.058279,-0.963927,0.020188,-0.265399,550.000000,777.891776
1.000000,0.056960,0.414162,-0.054947,-0.358005,0.020875,0.933486,550.000000,301.463141
1.000000,0.053717,0.301976,-0.054350,-0.987115,0.022142,-0.158476,550.000000,797.982047
1.000000,0.060822,0.591926,-0.058093,-0.990165,0.022481,-0.138089,550.000000,800.701687
1.000000,0.059391,0.517867,-0.056345,-0.500302,0.023482,0.865532,550.000000,415.947036
1.000000,0.054122,0.318604,-0.054554,-0.989450,0.022399,-0.143132,550.000000,800.061264
1.000000,0.059904,0.554754,-0.057470,-0.998815,0.025024,0.041734,550.000000,809.898741
1.000000,0.056456,0.413243,-0.055484,-0.971787,0.026858,0.234324,550.000000,790.338910
1.000000,0.060083,0.561341,-0.057416,-0.975277,0.026750,0.219360,550.000000,792.984965
1.000000,0.053558,0.295660,-0.054244,-0.991578,0.022653,-0.127512,550.000000,801.975905
1.000000,0.059279,0.528982,-0.057057,-0.989466,0.026100,0.142395,550.000000,803.546574
1.000000,0.056122,0.396422,-0.055067,-0.872065,0.027709,0.488605,550.000000,712.621464
1.000000,0.056462,0.414317,-0.055625,-0.997055,0.025378,0.072366,550.000000,808.844970
1.000000,0.059827,0.551427,-0.057367,-0.992742,0.025857,0.117449,550.000000,805.898238
1.000000,0.059002,0.517846,-0.057105,-0.994355,0.023032,-0.103577,550.000000,804.516830
1.000000,0.057253,0.430478,-0.055210,-0.494881,0.023389,0.868646,550.000000,411.591534
1.000000,0.059662,0.543946,-0.057170,-0.969321,0.026927,0.244318,550.000000,788.461979
1.000000,0.054648,0.337406,-0.054355,-0.906823,0.027680,0.420601,550.000000,739.960638
1.000000,0.058333,0.489209,-0.056416,-0.952850,0.027274,0.302215,550.000000,775.818256
1.000000,0.056414,0.408047,-0.055205,-0.862875,0.027692,0.504658,550.000000,705.369611
1.000000,0.053812,0.294620,-0.053525,-0.635238,0.025576,0.771893,550.000000,524.153852
1.000000,0.056754,0.404129,-0.056297,-0.308127,-0.004778,-0.951333,550.000000,238.121181
1.000000,0.053362,0.276979,-0.053312,-0.658793,0.025894,0.751879,550.000000,542.997935
1.000000,0.058277,0.486423,-0.056891,-0.937039,0.018449,-0.348738,550.000000,755.088994
1.000000,0.053413,0.288966,-0.054255,-0.967623,0.020458,-0.251568,550.000000,781.055145
1.000000,0.055163,0.341089,-0.054003,-0.365881,0.021028,0.930424,550.000000,307.807430
1.000000,0.059915,0.533518,-0.056484,-0.321286,0.020147,0.946768,550.000000,271.868663
1.000000,0.059657,0.544290,-0.057238,-0.986072,0.026300,0.164226,550.000000,801.062020
1.000000,0.053516,0.292561,-0.053857,-0.948635,0.027339,0.315190,550.000000,772.560690
1.000000,0.059042,0.519577,-0.056997,-0.997730,0.025266,0.062425,550.000000,809.270729
1.000000,0.053775,0.300398,-0.053810,-0.863662,0.027694,0.503311,550.000000,705.990470
1.000000,0.058590,0.492067,-0.057239,-0.715096,0.008469,-0.698975,550.000000,570.978302
1.000000,0.058069,0.472594,-0.056937,-0.771165,0.010653,-0.636546,550.000000,617.173131
1.000000,0.060177,0.549162,-0.056740,-0.476369,0.023069,0.878943,550.000000,396.715755
1.000000,0.056612,0.414359,-0.056145,-0.808448,0.012190,-0.588441,550.000000,647.970337
1.000000,0.054076,0.315167,-0.054661,-0.941682,0.018728,-0.335983,550.000000,759.006773
1.000000,0.059372,0.525469,-0.056615,-0.762009,0.027065,0.647000,550.000000,625.363946
1.000000,0.059512,0.531439,-0.057701,-0.769724,0.010595,-0.638289,550.000000,615.983947
1.000000,0.060360,0.561849,-0.058198,-0.639976,0.005728,-0.768373,550.000000,509.260776
1.000000,0.056915,0.432404,-0.056049,-0.985433,0.021970,-0.168641,550.000000,796.495597
1.000000,0.057058,0.437938,-0.056160,-0.975703,0.021090,-0.218078,550.000000,788.010118
1.000000,0.054290,0.322642,-0.054155,-0.901310,0.027696,0.432289,550.000000,735.634768
1.000000,0.053523,0.288028,-0.053573,-0.798376,0.027367,0.601537,550.000000,654.280557
1.000000,0.057283,0.427832,-0.056586,-0.373899,-0.002856,-0.927465,550.000000,291.709888
1.000000,0.058578,0.495946,-0.056329,-0.851353,0.027659,0.523863,550.000000,696.266180
1.000000,0.059291,0.515810,-0.057646,-0.564161,0.003127,-0.825659,550.000000,447.126996
1.000000,0.059210,0.526413,-0.057080,-0.997199,0.025356,0.070360,550.000000,808.937407
1.000000,0.060912,0.592480,-0.058345,-0.892951,0.016057,-0.449868,550.000000,718.132440
1.000000,0.060939,0.579480,-0.057123,-0.451385,0.022627,0.892042,550.000000,376.629389
1.000000,0.056230,0.404283,-0.055706,-0.980309,0.021485,-0.196295,550.000000,792.007562
1.000000,0.060706,0.563945,-0.058379,-0.264437,-0.006018,-0.964384,550.000000,202.558303
1.000000,0.058719,0.505564,-0.057051,-0.971370,0.020743,-0.236666,550.000000,784.272208
1.000000,0.061456,0.598134,-0.057338,-0.376345,0.021230,0.926236,550.000000,316.236715
1.000000,0.053188,0.271051,-0.053261,-0.695160,0.026351,0.718372,550.000000,572.060599
1.000000,0.056290,0.394502,-0.056055,-0.598147,0.004275,-0.801375,550.000000,474.963230
1.000000,0.060365,0.573618,-0.057745,-0.999696,0.024534,0.002280,550.000000,810.132880
1.000000,0.053727,0.302689,-0.054303,-0.995956,0.023289,-0.086767,550.000000,806.019192
1.000000,0.057244,0.430380,-0.055212,-0.502982,0.023527,0.863977,550.000000,418.099565
1.000000,0.059971,0.546355,-0.056798,-0.650560,0.025785,0.759017,550.000000,536.413407
1.000000,0.054297,0.301278,-0.053452,-0.225771,0.018159,0.974011,550.000000,194.799891
1.000000,0.055940,0.392433,-0.055243,-0.979746,0.026588,0.198473,550.000000,796.351790
1.000000,0.058935,0.514408,-0.056798,-0.972464,0.026838,0.231503,550.000000,790.852887
1.000000,0.052940,0.267602,-0.054118,-0.902795,0.016560,-0.429752,550.000000,726.354346
1.000000,0.056736,0.424733,-0.055996,-0.973540,0.020914,-0.227558,550.000000,786.141765
1.000000,0.059073,0.519208,-0.056790,-0.946837,0.027364,0.320547,550.000000,771.169220
1.000000,0.057640,0.446317,-0.056778,-0.496901,0.000932,-0.867807,550.000000,392.110346
1.000000,0.059246,0.527961,-0.057176,-0.999351,0.024150,-0.026736,550.000000,809.499929
1.000000,0.057888,0.468137,-0.056777,-0.862392,0.014580,-0.506031,550.000000,692.685908
1.000000,0.055034,0.349011,-0.054342,-0.776893,0.027197,0.629045,550.000000,637.206341
1.000000,0.059341,0.528278,-0.057519,-0.888942,0.015857,-0.457745,550.000000,714.788304
1.000000,0.055063,0.329180,-0.053800,-0.121200,0.015835,0.992502,550.000000,110.284872
1.000000,0.060985,0.594756,-0.057635,-0.870467,0.027707,0.491446,550.000000,711.360848
1.000000,0.060514,0.571272,-0.058247,-0.737357,0.009320,-0.675439,550.000000,589.303766
1.000000,0.053748,0.287780,-0.053364,-0.503254,0.023532,0.863818,550.000000,418.317896
1.000000,0.054354,0.304079,-0.053492,-0.240368,0.018471,0.970506,550.000000,206.585349
1.000000,0.054729,0.342464,-0.054966,-0.961688,0.020029,-0.273412,550.000000,775.980057
1.000000,0.053754,0.296163,-0.054662,-0.758659,0.010153,-0.651409,550.000000,606.857772
1.000000,0.053945,0.311590,-0.054419,-0.995980,0.023293,-0.086492,550.000000,806.041874
1.000000,0.059738,0.547411,-0.057561,-0.980423,0.021496,-0.195727,550.000000,792.106331
1.000000,0.059203,0.503935,-0.057592,-0.304872,-0.004871,-0.952381,550.000000,235.470423
1.000000,0.060629,0.576673,-0.057275,-0.758568,0.027033,0.651033,550.000000,622.624204
1.000000,0.058112,0.481424,-0.056448,-0.990870,0.026003,0.132286,550.000000,804.561873
1.000000,0.056675,0.417776,-0.056159,-0.834969,0.013337,-0.550136,550.000000,669.927109
1.000000,0.054558,0.325443,-0.055128,-0.648073,0.006015,-0.761554,550.000000,515.904878
1.000000,0.053803,0.293484,-0.054737,-0.612343,0.004763,-0.790578,550.000000,486.598082
1.000000,0.057694,0.461669,-0.056626,-0.907403,0.016800,-0.419925,550.000000,730.208392
1.000000,0.054986,0.352768,-0.055114,-0.956220,0.019655,-0.291986,550.000000,771.323297
1.000000,0.057702,0.464739,-0.056240,-0.992168,0.025904,0.122194,550.000000,805.490729
1.000000,0.060891,0.593081,-0.057727,-0.937395,0.027478,0.347183,550.000000,763.841477
1.000000,0.055005,0.329642,-0.055352,-0.210640,-0.007507,-0.977535,550.000000,158.803648
1.000000,0.058099,0.477905,-0.056162,-0.897954,0.027704,0.439216,550.000000,733.000096
1.000000,0.053342,0.273647,-0.053219,-0.579264,0.024759,0.814764,550.000000,479.316463
1.000000,0.056523,0.416475,-0.055835,-0.986945,0.022125,-0.159528,550.000000,797.832217
1.000000,0.054339,0.318325,-0.053881,-0.704430,0.026460,0.709280,550.000000,579.461743
1.000000,0.059359,0.524856,-0.056604,-0.758615,0.027033,0.650978,550.000000,622.661851
1.000000,0.055535,0.375652,-0.055367,-0.971197,0.020730,-0.237376,550.000000,784.123492
1.000000,0.054138,0.315357,-0.054011,-0.868372,0.027703,0.495139,550.000000,709.707954
1.000000,0.056536,0.407779,-0.056158,-0.699595,0.007888,-0.714496,550.000000,558.227811
1.000000,0.053102,0.270305,-0.054306,-0.780879,0.011046,-0.624585,550.000000,625.189990
1.000000,0.057819,0.468626,-0.056592,-0.964622,0.020238,-0.262861,550.000000,778.485345
1.000000,0.060061,0.552870,-0.058006,-0.739632,0.009408,-0.672946,550.000000,591.177438
1.000000,0.055125,0.359688,-0.054896,-0.994667,0.025676,0.099887,550.000000,807.244784
1.000000,0.053845,0.287587,-0.053312,-0.374617,0.021197,0.926937,550.000000,314.844843
1.000000,0.059683,0.533322,-0.057846,-0.611469,0.004733,-0.791254,550.000000,485.881629
1.000000,0.060504,0.576529,-0.057467,-0.914329,0.027649,0.404027,550.000000,745.841320
1.000000,0.053198,0.273594,-0.053350,-0.761598,0.027061,0.647484,550.000000,625.036753
1.000000,0.053149,0.278163,-0.053718,-0.966893,0.026990,0.253752,550.000000,786.608728
1.000000,0.055514,0.355564,-0.054192,-0.371008,0.021127,0.928389,550.000000,311.937879
1.000000,0.058690,0.496892,-0.057282,-0.737831,0.009338,-0.674921,550.000000,589.693653
1.000000,0.057536,0.445131,-0.056714,-0.591843,0.004060,-0.806043,550.000000,469.797993
1.000000,0.054535,0.334522,-0.054866,-0.960460,0.019944,-0.277701,550.000000,774.932832
1.000000,0.053273,0.281173,-0.054293,-0.903264,0.016584,-0.428765,550.000000,726.746347
1.000000,0.053091,0.276734,-0.053965,-0.996204,0.023332,-0.083869,550.000000,806.254741
1.000000,0.057955,0.450994,-0.055396,-0.241061,0.018486,0.970334,550.000000,207.144809
1.000000,0.057604,0.456761,-0.055843,-0.867686,0.027702,0.496340,550.000000,709.167111
1.000000,0.054809,0.346047,-0.054614,-0.971905,0.026855,0.233837,550.000000,790.428140
1.000000,0.058691,0.504746,-0.057002,-0.981837,0.021624,-0.188491,550.000000,793.340154
1.000000,0.055938,0.392390,-0.055246,-0.980727,0.026549,0.193573,550.000000,797.087121
1.000000,0.059760,0.542483,-0.057816,-0.798314,0.011764,-0.602127,550.000000,639.591306
1.000000,0.056302,0.403700,-0.055159,-0.870396,0.027707,0.491572,550.000000,711.304998
1.000000,0.056375,0.407362,-0.055236,-0.891005,0.027714,0.453146,550.000000,727.538381
1.000000,0.054570,0.333609,-0.054276,-0.888059,0.027716,0.458894,550.000000,725.220405
1.000000,0.055294,0.346555,-0.054075,-0.370097,0.021110,0.928753,550.000000,311.203994
1.000000,0.059627,0.537949,-0.057726,-0.826832,0.012980,-0.562299,550.000000,663.186028
1.000000,0.058807,0.509450,-0.057068,-0.980598,0.021511,-0.194845,550.000000,792.259193
1.000000,0.056975,0.414763,-0.054955,-0.358738,0.020889,0.933204,550.000000,302.053485
1.000000,0.055234,0.341963,-0.055492,-0.304030,-0.004895,-0.952650,550.000000,234.784714
1.000000,0.056945,0.417301,-0.055031,-0.475638,0.023056,0.879339,550.000000,396.128258
1.000000,0.061211,0.586044,-0.058654,-0.311344,-0.004685,-0.950286,550.000000,240.740828
1.000000,0.060492,0.564030,-0.056961,-0.538209,0.024112,0.842466,550.000000,446.384327
1.000000,0.060355,0.562958,-0.057033,-0.679221,0.026156,0.733467,550.000000,559.328147
1.000000,0.060074,0.559798,-0.057299,-0.939336,0.027457,0.341897,550.000000,765.350318
1.000000,0.053442,0.285090,-0.054467,-0.810415,0.012273,-0.585727,550.000000,649.597332
1.000000,0.054545,0.335708,-0.054795,-0.985548,0.021981,-0.167963,550.000000,796.597384
1.000000,0.053552,0.283684,-0.053377,-0.625380,0.025438,0.779905,550.000000,516.262841
1.000000,0.058406,0.491922,-0.056945,-0.944771,0.018918,-0.327184,550.000000,761.617423
1.000000,0.059058,0.518991,-0.056819,-0.959617,0.027152,0.279996,550.000000,781.032126
1.000000,0.059619,0.531269,-0.057809,-0.628179,0.005314,-0.778050,550.000000,499.583302
1.000000,0.061005,0.589372,-0.057374,-0.677162,0.026130,0.735370,550.000000,557.682400
1.000000,0.059367,0.529695,-0.056836,-0.899822,0.027700,0.435377,550.000000,734.466684
1.000000,0.056466,0.411004,-0.055281,-0.889265,0.027715,0.456552,550.000000,726.169317
1.000000,0.057406,0.448765,-0.056514,-0.871334,0.015001,-0.490460,550.000000,700.121887
1.000000,0.060271,0.568713,-0.057882,-0.967189,0.020426,-0.253234,550.000000,780.683264
1.000000,0.058321,0.481170,-0.057095,-0.717772,0.008570,-0.696225,550.000000,573.180356
1.000000,0.052930,0.268781,-0.054035,-0.952116,0.019384,-0.305122,550.000000,767.837493
1.000000,0.057581,0.438495,-0.055254,-0.326859,0.020259,0.944856,550.000000,276.361497
1.000000,0.052913,0.269058,-0.053942,-0.983246,0.021756,-0.180980,550.000000,794.573578
1.000000,0.058676,0.504336,-0.056965,-0.988835,0.022329,-0.147335,550.000000,799.511439
1.000000,0.057648,0.449656,-0.055507,-0.590323,0.024927,0.806782,550.000000,488.181168
1.000000,0.055112,0.357301,-0.054670,-0.937263,0.027479,0.347540,550.000000,763.738538
1.000000,0.057361,0.441267,-0.055467,-0.694569,0.026344,0.718944,550.000000,571.588154
1.000000,0.054046,0.312484,-0.054711,-0.895567,0.016189,-0.444633,550.000000,720.315916
1.000000,0.060525,0.566066,-0.056999,-0.560390,0.024467,0.827867,550.000000,464.181069
1.000000,0.056290,0.407268,-0.055652,-0.996727,0.023429,-0.077367,550.000000,806.758278
1.000000,0.059362,0.518686,-0.056386,-0.562492,0.024500,0.826439,550.000000,465.867437
1.000000,0.055052,0.352706,-0.054497,-0.869722,0.027706,0.492764,550.000000,710.773201
1.000000,0.059616,0.539809,-0.056965,-0.898684,0.027702,0.437721,550.000000,733.572981
1.000000,0.061140,0.590414,-0.058627,-0.537800,0.002256,-0.843069,550.000000,425.553934
1.000000,0.054426,0.331312,-0.054622,-0.999513,0.024246,-0.019621,550.000000,809.718296
1.000000,0.058451,0.495351,-0.056815,-0.994191,0.023007,-0.105138,550.000000,804.365570
1.000000,0.060842,0.589474,-0.057591,-0.887149,0.027717,0.460650,550.000000,724.504735
1.000000,0.052879,0.265385,-0.054074,-0.911946,0.017040,-0.409957,550.000000,734.010554
1.000000,0.061117,0.595925,-0.058565,-0.738444,0.009362,-0.674250,550.000000,590.198795
1.000000,0.052978,0.269701,-0.053501,-0.920293,0.027617,0.390255,550.000000,750.506395
1.000000,0.056518,0.410882,-0.055187,-0.818681,0.027502,0.573589,550.000000,670.395143
1.000000,0.055008,0.354725,-0.054798,-0.989517,0.026096,0.142041,550.000000,803.583575
1.000000,0.060964,0.597180,-0.057871,-0.972742,0.026830,0.230334,550.000000,791.063748
1.000000,0.054304,0.324609,-0.054264,-0.945242,0.027385,0.325219,550.000000,769.933260
1.000000,0.058765,0.506944,-0.057112,-0.956348,0.019663,-0.291569,550.000000,771.431359
1.000000,0.059919,0.531015,-0.057957,-0.239219,-0.006721,-0.970942,550.000000,182.043154
1.000000,0.059145,0.523371,-0.057228,-0.985501,0.021976,-0.168238,550.000000,796.556191
1.000000,0.058206,0.484653,-0.056777,-0.972041,0.020796,-0.233889,550.000000,784.849906
1.000000,0.053853,0.303087,-0.054656,-0.848239,0.013930,-0.529430,550.000000,680.932572
1.000000,0.053340,0.286926,-0.053975,-0.997094,0.025372,0.071837,550.000000,808.869698
1.000000,0.057562,0.459249,-0.056293,-0.999065,0.024023,-0.035953,550.000000,809.156001
1.000000,0.058561,0.495482,-0.057136,-0.859048,0.014425,-0.511692,550.000000,689.907255
1.000000,0.056520,0.415813,-0.055890,-0.970580,0.020682,-0.239888,550.000000,783.593256
1.000000,0.057928,0.459670,-0.056927,-0.547358,0.002570,-0.836895,550.000000,433.374127
1.000000,0.061067,0.590454,-0.057356,-0.630916,0.025516,0.775432,550.000000,520.693867
1.000000,0.060740,0.586894,-0.058192,-0.937423,0.018472,-0.347702,550.000000,755.413286
1.000000,0.059139,0.519465,-0.057430,-0.871153,0.014993,-0.490782,550.000000,699.971426
1.000000,0.053666,0.300296,-0.054231,-0.999134,0.024051,-0.033945,550.000000,809.236798
1.000000,0.054179,0.321125,-0.054409,-0.996254,0.025492,0.082635,550.000000,808.320460
1.000000,0.056832,0.428678,-0.055694,-0.974675,0.026769,0.222019,550.000000,792.528992
1.000000,0.056493,0.408744,-0.055123,-0.784233,0.027258,0.619867,550.000000,643.043157
1.000000,0.056436,0.404967,-0.055032,-0.738218,0.026832,0.674028,550.000000,606.413404
1.000000,0.056084,0.398171,-0.055648,-0.974525,0.020994,-0.223295,550.000000,786.991626
1.000000,0.055961,0.393613,-0.055303,-0.989677,0.026086,0.140921,550.000000,803.699923
1.000000,0.057487,0.455052,-0.056001,-0.963366,0.027073,0.266820,550.000000,783.909866
1.000000,0.057714,0.452506,-0.056808,-0.596190,0.004208,-0.802833,550.000000,473.358981
1.000000,0.060762,0.585312,-0.057497,-0.859173,0.027683,0.510936,550.000000,702.445878
1.000000,0.055642,0.373888,-0.054667,-0.780079,0.027224,0.625089,550.000000,639.740108
1.000000,0.059982,0.556878,-0.057324,-0.964701,0.027042,0.261954,550.000000,784.932834
1.000000,0.053951,0.295252,-0.054828,-0.478616,0.000352,-0.878025,550.000000,377.168213
1.000000,0.060712,0.573246,-0.058399,-0.546933,0.002556,-0.837172,550.000000,433.026204
1.000000,0.055362,0.362936,-0.055492,-0.795289,0.011638,-0.606119,550.000000,637.091562
1.000000,0.060071,0.560453,-0.057786,-0.963325,0.020145,-0.267581,550.000000,777.377111
1.000000,0.055177,0.360564,-0.055216,-0.955620,0.019615,-0.293949,550.000000,770.812626
1.000000,0.053823,0.294385,-0.053509,-0.614181,0.025278,0.788760,550.000000,507.295308
1.000000,0.057525,0.457723,-0.056211,-0.998735,0.025047,0.043607,550.000000,809.856234
1.000000,0.055143,0.334859,-0.055422,-0.197930,-0.007853,-0.980185,550.000000,148.472166
1.000000,0.052991,0.269282,-0.054160,-0.890094,0.015914,-0.455500,550.000000,715.748652
1.000000,0.058993,0.517627,-0.057043,-0.999306,0.024128,-0.028380,550.000000,809.443633
1.000000,0.060946,0.597298,-0.058078,-0.999228,0.024091,-0.031026,550.000000,809.348415
1.000000,0.055678,0.381648,-0.055088,-0.975701,0.026735,0.217468,550.000000,793.305525
1.000000,0.059987,0.558152,-0.057513,-0.998755,0.025041,0.043142,550.000000,809.867049
1.000000,0.053645,0.285368,-0.053361,-0.559751,0.024457,0.828300,550.000000,463.668365
1.000000,0.054121,0.314232,-0.053977,-0.854122,0.027668,0.519336,550.000000,698.455082
1.000000,0.054589,0.334658,-0.054301,-0.895696,0.027708,0.443802,550.000000,731.226106
1.000000,0.060110,0.559918,-0.057917,-0.896724,0.016248,-0.442293,550.000000,721.281872
1.000000,0.053004,0.272464,-0.053666,-0.973755,0.026798,0.226014,550.000000,791.832511
1.000000,0.053182,0.278250,-0.054212,-0.927227,0.017880,-0.374072,550.000000,746.830182
1.000000,0.059676,0.532406,-0.056580,-0.591420,0.024944,0.805978,550.000000,489.059858
1.000000,0.053130,0.267627,-0.054369,-0.662530,0.006532,-0.749007,550.000000,527.772886
1.000000,0.054094,0.315145,-0.054708,-0.917747,0.017353,-0.396786,550.000000,738.871919
1.000000,0.055384,0.370304,-0.055176,-0.996403,0.023369,-0.081450,550.000000,806.446093
1.000000,0.057758,0.461145,-0.055827,-0.808265,0.027436,0.588179,550.000000,662.132066
1.000000,0.054108,0.312583,-0.053914,-0.819762,0.027509,0.572043,550.000000,671.252327
1.000000,0.055337,0.368459,-0.055111,-0.999266,0.024109,-0.029770,550.000000,809.394331
1.000000,0.055261,0.363373,-0.054747,-0.936180,0.027490,0.350444,550.000000,762.896862
1.000000,0.054815,0.342411,-0.054337,-0.849832,0.027653,0.526328,550.000000,695.063318
1.000000,0.056372,0.410643,-0.055584,-0.997564,0.025295,0.065004,550.000000,809.168015
1.000000,0.054803,0.338244,-0.055228,-0.735876,0.009263,-0.677053,550.000000,588.083585
1.000000,0.058260,0.479499,-0.057052,-0.743055,0.009541,-0.669162,550.000000,593.997503
1.000000,0.053544,0.295268,-0.054081,-0.996932,0.025397,0.074034,550.000000,808.765636
1.000000,0.053904,0.309792,-0.054232,-0.992277,0.025895,0.121311,550.000000,805.568005
1.000000,0.059274,0.528921,-0.057087,-0.994382,0.025706,0.102678,550.000000,807.047743
1.000000,0.056189,0.403256,-0.055534,-0.999681,0.024579,0.005741,550.000000,810.162838
1.000000,0.058895,0.510685,-0.057260,-0.907686,0.016815,-0.419312,550.000000,730.445167
1.000000,0.055006,0.354875,-0.054971,-0.996868,0.023457,-0.075520,550.000000,806.894965
1.000000,0.057975,0.459224,-0.056956,-0.473758,0.000199,-0.880655,550.000000,373.200074
1.000000,0.056055,0.397406,-0.055343,-0.987941,0.026195,0.152599,550.000000,802.435005
1.000000,0.058496,0.491062,-0.057144,-0.803810,0.011994,-0.594766,550.000000,644.134549
1.000000,0.055502,0.374781,-0.055299,-0.986084,0.022035,-0.164781,550.000000,797.070332
1.000000,0.060503,0.559942,-0.058290,-0.397303,-0.002155,-0.917685,550.000000,310.794322
1.000000,0.057924,0.471442,-0.056731,-0.919333,0.017440,-0.393094,550.000000,740.201851
1.000000,0.053577,0.295693,-0.054339,-0.968708,0.020539,-0.247352,550.000000,781.985386
1.000000,0.054193,0.315274,-0.053923,-0.795385,0.027345,0.605487,550.000000,651.905313
1.000000,0.056436,0.399154,-0.054834,-0.557278,0.024418,0.829967,550.000000,461.684539
1.000000,0.054796,0.346423,-0.054816,-0.999554,0.024276,-0.017393,550.000000,809.778218
1.000000,0.053811,0.298903,-0.054686,-0.771555,0.010668,-0.636073,550.000000,617.494494
1.000000,0.060740,0.587056,-0.058185,-0.941634,0.018725,-0.336118,550.000000,758.966159
1.000000,0.057042,0.437234,-0.056156,-0.974061,0.020956,-0.225313,550.000000,786.591192
1.000000,0.054596,0.337285,-0.054494,-0.969909,0.026911,0.241977,550.000000,788.909561
1.000000,0.057989,0.471178,-0.055980,-0.828053,0.027555,0.559973,550.000000,677.823865
1.000000,0.060384,0.571595,-0.058041,-0.912593,0.017075,-0.408513,550.000000,734.552273
1.000000,0.053793,0.290819,-0.053421,-0.540864,0.024155,0.840763,550.000000,448.515223
1.000000,0.058641,0.496647,-0.056271,-0.792311,0.027321,0.609505,550.000000,649.463122
1.000000,0.059503,0.526058,-0.056511,-0.613572,0.025270,0.789234,550.000000,506.807445
1.000000,0.057160,0.440466,-0.055724,-0.925010,0.027586,0.378941,550.000000,754.191251
1.000000,0.056632,0.414730,-0.056164,-0.794473,0.011604,-0.607189,550.000000,636.417417
1.000000,0.057789,0.446764,-0.055359,-0.320963,0.020140,0.946878,550.000000,271.608483
1.000000,0.058931,0.489756,-0.055892,-0.208844,0.017793,0.977787,550.000000,181.128668
1.000000,0.058643,0.486954,-0.055939,-0.488042,0.023272,0.872510,550.000000,406.096990
1.000000,0.060680,0.586250,-0.058004,-0.992712,0.022800,-0.118331,550.000000,803.006501
1.000000,0.052898,0.268157,-0.053608,-0.973125,0.026818,0.228712,550.000000,791.354330
1.000000,0.059433,0.529241,-0.057641,-0.801926,0.011915,-0.597305,550.000000,642.576958
1.000000,0.054030,0.313943,-0.054594,-0.962198,0.020065,-0.271612,550.000000,776.414719
1.000000,0.059117,0.512811,-0.057526,-0.691384,0.007584,-0.722447,550.000000,551.477812
1.000000,0.053492,0.287749,-0.054480,-0.829570,0.013099,-0.558249,550.000000,665.453979
1.000000,0.054225,0.322677,-0.054627,-0.985470,0.021973,-0.168421,550.000000,796.528652
1.000000,0.058578,0.498685,-0.056500,-0.936056,0.027491,0.350774,550.000000,762.800519
1.000000,0.057985,0.457166,-0.056958,-0.396769,-0.002172,-0.917916,550.000000,310.358450
1.000000,0.057725,0.458917,-0.056750,-0.781975,0.011090,-0.623211,550.000000,626.095290
1.000000,0.055921,0.380255,-0.054627,-0.623178,0.025407,0.781667,550.000000,514.499528
1.000000,0.058895,0.504165,-0.056290,-0.703978,0.026455,0.709729,550.000000,579.101122
1.000000,0.054061,0.313528,-0.054050,-0.909352,0.027671,0.415106,550.000000,741.943189
1.000000,0.059725,0.547331,-0.057323,-0.994063,0.025737,0.105716,550.000000,806.826063
1.000000,0.058818,0.492169,-0.057401,-0.427688,-0.001232,-0.903926,550.000000,335.583789
1.000000,0.056542,0.412362,-0.056088,-0.835531,0.013361,-0.549281,550.000000,670.393126
1.000000,0.057906,0.458526,-0.055594,-0.538743,0.024121,0.842125,550.000000,446.812926
1.000000,0.056963,0.425009,-0.055255,-0.692816,0.026323,0.720633,550.000000,570.188907
1.000000,0.060809,0.576910,-0.057127,-0.536631,0.024087,0.843473,550.000000,445.117871
1.000000,0.056115,0.394582,-0.054982,-0.823516,0.027530,0.566624,550.000000,674.228502
1.000000,0.058703,0.505657,-0.056938,-0.995480,0.023208,-0.092096,550.000000,805.568019
1.000000,0.057268,0.446795,-0.055972,-0.985584,0.026325,0.167126,550.000000,800.701817
1.000000,0.056294,0.385775,-0.056056,-0.320938,-0.004409,-0.947090,550.000000,248.553987
1.000000,0.054444,0.312457,-0.055086,-0.387796,-0.002441,-0.921742,550.000000,303.040598
1.000000,0.056898,0.427001,-0.055419,-0.838110,0.027605,0.544802,550.000000,685.789585
1.000000,0.056202,0.400445,-0.055154,-0.895879,0.027708,0.443434,550.000000,731.369530
1.000000,0.054244,0.319053,-0.054032,-0.847967,0.027646,0.529328,550.000000,693.588635
1.000000,0.059308,0.527975,-0.056850,-0.921074,0.027612,0.388408,550.000000,751.116813
1.000000,0.059626,0.541794,-0.057584,-0.947940,0.019116,-0.317874,550.000000,764.298531
1.000000,0.060986,0.589412,-0.057393,-0.701628,0.026428,0.712053,550.000000,577.225070
1.000000,0.055711,0.358053,-0.054184,-0.197286,0.017540,0.980189,550.000000,171.791658
1.000000,0.055160,0.355048,-0.055378,-0.806363,0.012102,-0.591298,550.000000,646.245593
1.000000,0.054173,0.320689,-0.054580,-0.989702,0.022428,-0.141375,550.000000,800.286868
1.000000,0.053868,0.305220,-0.053919,-0.895384,0.027708,0.444431,550.000000,730.980981
1.000000,0.055055,0.348477,-0.054296,-0.734431,0.026792,0.678155,550.000000,603.394467
1.000000,0.058834,0.510760,-0.056810,-0.987410,0.026226,0.155991,550.000000,802.046179
1.000000,0.054266,0.323409,-0.054277,-0.956865,0.027204,0.289255,550.000000,778.914873
1.000000,0.059294,0.529406,-0.057311,-0.984451,0.021872,-0.174294,550.000000,795.631100
1.000000,0.054258,0.298200,-0.053405,-0.180127,0.017163,0.983494,550.000000,157.927140
1.000000,0.056347,0.409036,-0.055458,-0.979752,0.026588,0.198442,550.000000,796.356620
1.000000,0.061125,0.579440,-0.057056,-0.213684,0.017898,0.976739,550.000000,185.037892
1.000000,0.055206,0.359132,-0.054587,-0.874588,0.027712,0.484075,550.000000,714.610436
1.000000,0.061392,0.595461,-0.057302,-0.373882,0.021183,0.927234,550.000000,314.253029
1.000000,0.054916,0.347958,-0.054472,-0.894376,0.027710,0.446456,550.000000,730.188740
1.000000,0.058667,0.499453,-0.056369,-0.846882,0.027642,0.531062,550.000000,692.730725
1.000000,0.053323,0.276126,-0.054465,-0.681813,0.007232,-0.731491,550.000000,543.611585
1.000000,0.056400,0.390099,-0.054625,-0.320228,0.020125,0.947127,550.000000,271.015651
1.000000,0.052951,0.269620,-0.053569,-0.952513,0.027279,0.303274,550.000000,775.558253
1.000000,0.061282,0.591285,-0.058701,-0.384718,-0.002533,-0.923031,550.000000,300.530963
1.000000,0.060956,0.595452,-0.057739,-0.928332,0.027561,0.370729,550.000000,756.783834
1.000000,0.061010,0.597794,-0.058341,-0.933470,0.018239,-0.358192,550.000000,752.082123
1.000000,0.056060,0.395676,-0.055148,-0.927505,0.027567,0.372793,550.000000,756.138613
1.000000,0.060631,0.583778,-0.058037,-0.979102,0.021379,-0.202245,550.000000,790.956387
1.000000,0.059796,0.545090,-0.056945,-0.834080,0.027586,0.550954,550.000000,682.598157
1.000000,0.056045,0.396328,-0.055252,-0.967617,0.026972,0.250977,550.000000,787.162047
1.000000,0.059230,0.525999,-0.057350,-0.959622,0.019886,-0.280590,550.000000,774.217966
1.000000,0.053489,0.285504,-0.053505,-0.762337,0.027068,0.646614,550.000000,625.624905
1.000000,0.056236,0.402238,-0.055198,-0.908552,0.027674,0.416853,550.000000,741.316253
1.000000,0.060339,0.572142,-0.057853,-0.986979,0.022128,-0.159322,550.000000,797.861692
1.000000,0.053216,0.281360,-0.054112,-0.980552,0.021507,-0.195075,550.000000,792.219357
1.000000,0.056625,0.415631,-0.055263,-0.831206,0.027572,0.555281,550.000000,680.321897
1.000000,0.054521,0.334833,-0.054534,-0.988397,0.026167,0.149621,550.000000,802.768396
1.000000,0.060704,0.587416,-0.057961,-0.998722,0.023904,-0.044539,550.000000,808.773594
1.000000,0.058636,0.496838,-0.056287,-0.805405,0.027417,0.592091,550.000000,659.861461
1.000000,0.059084,0.518187,-0.056688,-0.900609,0.027698,0.433747,550.000000,735.084494
1.000000,0.057850,0.459831,-0.055676,-0.650355,0.025782,0.759193,550.000000,536.249372
1.000000,0.057971,0.468695,-0.056884,-0.773640,0.010752,-0.633534,550.000000,619.215494
1.000000,0.057437,0.453998,-0.056120,-0.994869,0.025655,0.097865,550.000000,807.383501
1.000000,0.056939,0.407852,-0.054828,-0.188199,0.017341,0.981978,550.000000,164.449801
1.000000,0.059263,0.526439,-0.057423,-0.930439,0.018063,-0.366000,550.000000,749.531487
1.000000,0.061209,0.594702,-0.058658,-0.583730,0.003785,-0.811939,550.000000,463.151791
1.000000,0.057032,0.436072,-0.056206,-0.951016,0.019313,-0.308536,550.000000,766.904927
1.000000,0.059753,0.548609,-0.057391,-0.998856,0.025013,0.040767,550.000000,809.919585
1.000000,0.055533,0.369588,-0.054616,-0.784003,0.027256,0.620159,550.000000,642.859789
1.000000,0.058318,0.490019,-0.056718,-0.997304,0.023546,-0.069498,550.000000,807.321399
1.000000,0.060943,0.592790,-0.058393,-0.862030,0.014564,-0.506647,550.000000,692.385538
1.000000,0.060008,0.557262,-0.057793,-0.944096,0.018876,-0.329131,550.000000,761.046266
1.000000,0.060310,0.564513,-0.058114,-0.786223,0.011264,-0.617840,550.000000,629.602709
1.000000,0.055092,0.354406,-0.055290,-0.871924,0.015030,-0.489411,550.000000,700.612427
1.000000,0.053856,0.301579,-0.054694,-0.797715,0.011739,-0.602921,550.000000,639.096386
1.000000,0.060058,0.553295,-0.056971,-0.756491,0.027013,0.653446,550.000000,620.970812
1.000000,0.056361,0.402141,-0.056047,-0.746553,0.009677,-0.665256,550.000000,596.878954
1.000000,0.058697,0.503118,-0.056532,-0.922957,0.027600,0.383913,550.000000,752.588126
1.000000,0.054450,0.329730,-0.054894,-0.919626,0.017456,-0.392408,550.000000,740.447323
1.000000,0.056364,0.409066,-0.055839,-0.958025,0.019777,-0.286002,550.000000,772.858416
1.000000,0.058932,0.514799,-0.056870,-0.988934,0.026134,0.146038,550.000000,803.159703
1.000000,0.057175,0.434625,-0.056487,-0.723740,0.008797,-0.690016,550.000000,578.091969
1.000000,0.058389,0.492173,-0.056517,-0.974590,0.026772,0.222389,550.000000,792.465095
1.000000,0.052921,0.268696,-0.054009,-0.961745,0.020033,-0.273214,550.000000,776.028211
1.000000,0.059390,0.532491,-0.056990,-0.958085,0.027181,0.285191,550.000000,779.854019
1.000000,0.060295,0.568657,-0.057405,-0.934762,0.027504,0.354209,550.000000,761.793250
1.000000,0.058862,0.504964,-0.056357,-0.770472,0.027141,0.636895,550.000000,632.099117
1.000000,0.053401,0.270692,-0.054536,-0.413486,-0.001666,-0.910509,550.000000,323.995383
1.000000,0.054520,0.334868,-0.054758,-0.990671,0.022542,-0.134395,550.000000,801.157235
1.000000,0.054846,0.348342,-0.054757,-0.995656,0.025566,0.089533,550.000000,807.919623
1.000000,0.055800,0.383805,-0.055646,-0.888947,0.015857,-0.457736,550.000000,714.792302
1.000000,0.053142,0.278684,-0.053827,-0.991965,0.025920,0.123831,550.000000,805.345787
1.000000,0.060607,0.557241,-0.056763,-0.179924,0.017158,0.983531,550.000000,157.763153
1.000000,0.060579,0.561786,-0.058326,-0.359169,-0.003292,-0.933267,550.000000,279.703025
1.000000,0.053449,0.290683,-0.054252,-0.975333,0.021060,-0.219732,550.000000,787.689756
1.000000,0.054399,0.320089,-0.053888,-0.683868,0.026214,0.729135,550.000000,563.040951
1.000000,0.053332,0.274172,-0.053243,-0.608253,0.025192,0.793343,550.000000,502.547466
1.000000,0.054777,0.345602,-0.054755,-0.998576,0.025088,0.047079,550.000000,809.769883
1.000000,0.053453,0.288760,-0.054381,-0.909723,0.016922,-0.414870,550.000000,732.149826
1.000000,0.060067,0.539654,-0.056563,-0.319241,0.020106,0.947460,550.000000,270.220263
1.000000,0.059405,0.525568,-0.056581,-0.722147,0.026661,0.691225,550.000000,593.599602
1.000000,0.056472,0.414324,-0.055817,-0.984849,0.021911,-0.172022,550.000000,795.981830
1.000000,0.058406,0.492292,-0.056465,-0.956542,0.027210,0.290323,550.000000,778.665633
1.000000,0.056099,0.398929,-0.055328,-0.979984,0.026579,0.197293,550.000000,796.530749
1.000000,0.058800,0.503240,-0.056360,-0.796009,0.027349,0.604666,550.000000,652.401021
1.000000,0.061082,0.573482,-0.058528,-0.083039,-0.010880,-0.996487,550.000000,55.171851
1.000000,0.057493,0.452682,-0.056548,-0.882759,0.015552,-0.469569,550.000000,709.633726
1.000000,0.055582,0.377755,-0.055373,-0.977631,0.021252,-0.209250,550.000000,789.679815
1.000000,0.053525,0.284989,-0.053446,-0.700617,0.026416,0.713049,550.000000,576.417608
1.000000,0.053431,0.266057,-0.054525,-0.230063,-0.006974,-0.973151,550.000000,174.596668
1.000000,0.053510,0.293076,-0.054294,-0.972104,0.020801,-0.233624,550.000000,784.904675
1.000000,0.058698,0.497975,-0.056258,-0.761658,0.027061,0.647414,550.000000,625.083939
1.000000,0.058991,0.504997,-0.057481,-0.607981,0.004613,-0.793938,550.000000,483.022701
1.000000,0.053970,0.312520,-0.054451,-0.993433,0.022898,-0.112103,550.000000,803.666030
1.000000,0.054142,0.301933,-0.053522,-0.444145,0.022496,0.895672,550.000000,370.806455
1.000000,0.058535,0.485013,-0.055950,-0.563929,0.024522,0.825459,550.000000,467.020041
1.000000,0.059049,0.517353,-0.057325,-0.919795,0.017465,-0.392011,550.000000,740.589269
1.000000,0.054667,0.317926,-0.055188,-0.274535,-0.005734,-0.961560,550.000000,210.774988
1.000000,0.056071,0.385231,-0.054670,-0.587140,0.024879,0.809103,550.000000,485.629838
1.000000,0.059344,0.530717,-0.056973,-0.960435,0.027135,0.277180,550.000000,781.660544
1.000000,0.060778,0.590401,-0.057927,-0.998525,0.025100,0.048145,550.000000,809.741385
1.000000,0.060732,0.586041,-0.058213,-0.921006,0.017532,-0.389155,550.000000,741.605071
1.000000,0.055237,0.361265,-0.055333,-0.902399,0.016539,-0.430584,550.000000,726.023268
1.000000,0.059633,0.542794,-0.057159,-0.970314,0.026900,0.240346,550.000000,789.218520
1.000000,0.057858,0.463164,-0.056839,-0.745454,0.009634,-0.666488,550.000000,595.973406
1.000000,0.053554,0.284888,-0.053415,-0.660239,0.025913,0.750608,550.000000,544.154680
