#OBJ File generated by Abaqus/CAE
#List of Vertices
v 0.876015 0.100093 -0.412344
v 0.876014 0.0900905 -0.412354
v 0.885368 0.0900874 -0.417015
v 0.882999 0.100094 -0.419348
v 0.868911 0.100095 -0.405312
v 0.868913 0.0900885 -0.405321
v 0.86176 0.100095 -0.398323
v 0.861764 0.0900888 -0.398333
v 0.854565 0.100094 -0.391379
v 0.85457 0.0900876 -0.39139
v 0.847326 0.100092 -0.384479
v 0.847329 0.0900852 -0.384488
v 0.840036 0.100092 -0.377622
v 0.840043 0.090085 -0.377635
v 0.832707 0.100092 -0.370815
v 0.832712 0.0900836 -0.370826
v 0.825332 0.100089 -0.36405
v 0.825336 0.0900846 -0.364064
v 0.817913 0.10009 -0.357336
v 0.817919 0.0900845 -0.35735
v 0.810451 0.100089 -0.350667
v 0.810455 0.0900831 -0.350678
v 0.802944 0.100088 -0.344041
v 0.802952 0.0900807 -0.344056
v 0.795397 0.100085 -0.337466
v 0.795402 0.0900809 -0.33748
v 0.787805 0.100085 -0.330939
v 0.787812 0.0900802 -0.330953
v 0.78017 0.100085 -0.324458
v 0.780178 0.0900785 -0.324472
v 0.772494 0.100083 -0.318025
v 0.772504 0.090076 -0.318039
v 0.764778 0.100085 -0.311644
v 0.764789 0.0900765 -0.311659
v 0.757021 0.100082 -0.305309
v 0.757033 0.0900763 -0.305326
v 0.74922 0.100083 -0.299022
v 0.749233 0.0900756 -0.299039
v 0.741382 0.100083 -0.292788
v 0.741397 0.0900744 -0.292805
v 0.733505 0.10008 -0.286601
v 0.733517 0.0900729 -0.286617
v 0.725587 0.100079 -0.280467
v 0.725601 0.0900711 -0.280482
v 0.717628 0.100079 -0.274381
v 0.717643 0.090073 -0.274398
v 0.709633 0.100079 -0.268348
v 0.709647 0.0900711 -0.268362
v 0.701598 0.100079 -0.262365
v 0.701614 0.0900694 -0.262379
v 0.693522 0.100079 -0.256431
v 0.693539 0.0900716 -0.256447
v 0.685413 0.100076 -0.250551
v 0.685431 0.0900704 -0.250568
v 0.677264 0.100077 -0.244724
v 0.677282 0.0900697 -0.244738
v 0.669078 0.100075 -0.238947
v 0.669097 0.0900695 -0.238962
v 0.660853 0.100077 -0.233225
v 0.660877 0.0900661 -0.233238
v 0.652595 0.100076 -0.227559
v 0.652618 0.090067 -0.22757
v 0.644296 0.100076 -0.221942
v 0.644321 0.0900684 -0.221955
v 0.635962 0.100076 -0.216382
v 0.635987 0.0900665 -0.216391
v 0.627591 0.100076 -0.210878
v 0.62762 0.0900651 -0.210886
v 0.619185 0.100074 -0.205428
v 0.619213 0.0900642 -0.205434
v 0.610743 0.100076 -0.200038
v 0.610772 0.0900639 -0.200041
v 0.602264 0.100075 -0.194701
v 0.602295 0.0900643 -0.194706
v 0.593752 0.100075 -0.189425
v 0.59378 0.0900654 -0.189425
v 0.585201 0.100075 -0.184204
v 0.585233 0.0900635 -0.184204
v 0.576617 0.100073 -0.179041
v 0.576649 0.0900623 -0.179039
v 0.567996 0.100075 -0.173941
v 0.568031 0.0900619 -0.173936
v 0.559342 0.100075 -0.168898
v 0.559346 0.0990997 -0.168899
v 0.559747 0.0996067 -0.169132
v 0.559377 0.0900623 -0.168892
v 0.56003 0.100073 -0.169297
v 0.555946 0.0940004 -0.166934
v 0.552503 0.0900622 -0.164949
v 0.55069 0.0900638 -0.163911
v 0.550653 0.100072 -0.163914
v 0.541929 0.100073 -0.158994
v 0.541968 0.0900626 -0.158988
v 0.533172 0.100073 -0.154134
v 0.533212 0.0900625 -0.154128
v 0.524384 0.100073 -0.14934
v 0.524423 0.0900601 -0.149327
v 0.515559 0.100072 -0.144602
v 0.515597 0.0900628 -0.144591
v 0.506704 0.100072 -0.139932
v 0.506742 0.0900595 -0.139915
v 0.497813 0.10007 -0.135322
v 0.497851 0.0900616 -0.135306
v 0.488892 0.10007 -0.13078
v 0.488931 0.0900617 -0.130763
v 0.479936 0.100072 -0.126301
v 0.479976 0.0900601 -0.126279
v 0.470949 0.100073 -0.121888
v 0.470991 0.0900605 -0.121865
v 0.461931 0.100072 -0.117539
v 0.461972 0.0900594 -0.117513
v 0.452881 0.10007 -0.113255
v 0.452923 0.0900606 -0.113231
v 0.443801 0.10007 -0.109041
v 0.443842 0.0900608 -0.109014
v 0.434687 0.10007 -0.104892
v 0.434731 0.0900599 -0.104865
v 0.425545 0.100073 -0.100815
v 0.425591 0.0900581 -0.100783
v 0.416374 0.100071 -0.0968028
v 0.416421 0.0900596 -0.0967733
v 0.407175 0.100069 -0.0928613
v 0.407222 0.0900568 -0.092829
v 0.397945 0.100071 -0.0889918
v 0.39799 0.0900575 -0.0889537
v 0.388685 0.100069 -0.085187
v 0.388694 0.0983535 -0.0851814
v 0.389853 0.0988137 -0.0856614
v 0.388732 0.0900583 -0.0851518
v 0.39261 0.100069 -0.0867994
v 0.379397 0.100071 -0.0814573
v 0.379424 0.0945194 -0.0814366
v 0.383227 0.0959645 -0.0829736
v 0.379445 0.0900593 -0.0814198
v 0.370083 0.10007 -0.0777987
v 0.370125 0.090959 -0.0777601
v 0.376443 0.0932691 -0.0802587
v 0.370129 0.0900568 -0.0777558
v 0.369516 0.0907139 -0.0775273
v 0.367652 0.0900563 -0.0768041
v 0.360788 0.0900589 -0.0741699
v 0.360739 0.10007 -0.0742095
v 0.351371 0.10007 -0.0706965
v 0.351418 0.0900579 -0.0706517
v 0.341976 0.100068 -0.067254
v 0.342019 0.0900582 -0.0672063
v 0.33255 0.100072 -0.063886
v 0.332598 0.090056 -0.0638349
v 0.323102 0.10007 -0.0605898
v 0.323147 0.0900555 -0.060536
v 0.313628 0.100069 -0.0573693
v 0.313674 0.0900569 -0.0573163
v 0.304127 0.100071 -0.0542243
v 0.304173 0.0900567 -0.0541669
v 0.294601 0.100072 -0.0511528
v 0.29465 0.0900551 -0.0510947
v 0.285053 0.100072 -0.0481582
v 0.285099 0.0900563 -0.048098
v 0.275482 0.100071 -0.0452403
v 0.275527 0.0900567 -0.0451782
v 0.265887 0.100069 -0.0423992
v 0.265935 0.0900567 -0.0423387
v 0.256268 0.100072 -0.0396367
v 0.256316 0.0900564 -0.0395728
v 0.24663 0.100071 -0.0369523
v 0.246674 0.0900562 -0.0368837
v 0.236968 0.10007 -0.0343447
v 0.237011 0.0900565 -0.0342749
v 0.227286 0.10007 -0.0318171
v 0.227328 0.0900575 -0.0317463
v 0.217582 0.100071 -0.0293696
v 0.217587 0.0987076 -0.0293591
v 0.218688 0.0989348 -0.0296391
v 0.217626 0.0900557 -0.029296
v 0.22347 0.100069 -0.0308536
v 0.207858 0.10007 -0.0270002
v 0.207874 0.0965785 -0.0269758
v 0.210718 0.097139 -0.0276735
v 0.207901 0.0900592 -0.026928
v 0.198116 0.100071 -0.0247144
v 0.19814 0.0945986 -0.0246726
v 0.202642 0.09544 -0.0257374
v 0.198158 0.0900565 -0.0246364
v 0.188354 0.10007 -0.0225069
v 0.188385 0.0927692 -0.0224501
v 0.194457 0.0938371 -0.0238322
v 0.188395 0.0900599 -0.0224307
v 0.178574 0.100072 -0.020383
v 0.178611 0.0911029 -0.0203102
v 0.186158 0.092339 -0.0219619
v 0.178614 0.0900577 -0.0203014
v 0.177737 0.0909492 -0.0201262
v 0.171779 0.0900602 -0.0188763
v 0.168814 0.0900583 -0.0182562
v 0.168773 0.100073 -0.0183374
v 0.158958 0.100072 -0.0163772
v 0.158998 0.090058 -0.016293
v 0.149127 0.100072 -0.0144989
v 0.149164 0.0900571 -0.0144121
v 0.139277 0.100071 -0.0127027
v 0.139316 0.090056 -0.012617
v 0.129414 0.100071 -0.010992
v 0.129449 0.0900591 -0.0109063
v 0.119536 0.100072 -0.00936713
v 0.11957 0.0900587 -0.00927966
v 0.109641 0.100074 -0.0078245
v 0.109675 0.0900552 -0.00773369
v 0.0997342 0.100073 -0.00636575
v 0.0997644 0.0900574 -0.00627583
v 0.0898156 0.100071 -0.00499067
v 0.0898475 0.0900533 -0.00490371
v 0.0798825 0.100072 -0.00370207
v 0.0799109 0.0900555 -0.00361675
v 0.0699396 0.100075 -0.00250284
v 0.069966 0.0900563 -0.00241786
v 0.0599813 0.100078 -0.00138461
v 0.0600094 0.0900563 -0.00130371
v 0.0500392 0.09006 -0.000276425
v 0.0512693 0.0900567 -0.000401486
v 0.0500345 0.0931158 -0.000298859
v 0.0500181 0.100077 -0.000351697
v 0.0400403 0.100081 0.000593868
v 0.040066 0.0900591 0.000660326
v 0.0475448 0.100081 -0.000119279
v 0.0327379 0.097394 0.00124215
v 0.0355286 0.0900589 0.00104675
v 0.0300793 0.0900573 0.0015106
v 0.0300584 0.100076 0.0014549
v 0.031864 0.100077 0.00130054
v 0.0255716 0.0945612 0.00183484
v 0.0251961 0.0900526 0.00188273
v 0.0200837 0.09005 0.00227188
v 0.0200631 0.100065 0.00223034
v 0.0244588 0.100069 0.00188794
v 0.0188134 0.0913194 0.00235281
v 0.0170835 0.090048 0.00247015
v 0.0100854 0.0900369 0.0029363
v 0.0100845 0.0901593 0.00293547
v 0.0157772 0.0943522 0.00254693
v 0.0100765 0.0954243 0.00292194
v 0.0127379 0.0973848 0.00274458
v 0.0100701 0.100053 0.00291233
v 0.0128157 0.100055 0.00272595
v 0.0159384 0.10006 0.00251071
v 0.0190605 0.100062 0.00229905
v 0.0100296 0.0900956 0.00293689
v 0.00979835 0.0900371 0.00285033
v 1.12577e-06 0.090008 -1.74265e-07
v 1.48387e-05 0.0906835 0.000235545
v 0.0075662 0.0925723 0.00307655
v 7.08455e-05 0.0937934 0.00131616
v 0.00510446 0.0950528 0.00321058
v 0.000125265 0.0969034 0.00239838
v 0.00264292 0.0975332 0.0033446
v 0.000180076 0.100009 0.00348423
v 0.00484208 0.100033 0.00321343
v 0.00950552 0.100052 0.00294647
v 0.876016 0.0800855 -0.412364
v 0.885365 0.0800852 -0.417027
v 0.868913 0.0800834 -0.405329
v 0.861765 0.0800835 -0.398343
v 0.854572 0.0800821 -0.391401
v 0.847331 0.0800829 -0.384502
v 0.840048 0.0800787 -0.377648
v 0.832717 0.0800805 -0.370841
v 0.825344 0.0800773 -0.364078
v 0.817926 0.0800765 -0.357361
v 0.810463 0.0800745 -0.35069
v 0.80296 0.0800749 -0.344071
v 0.795411 0.0800742 -0.337495
v 0.787819 0.0800726 -0.330965
v 0.780191 0.0800699 -0.324488
v 0.772516 0.0800699 -0.318057
v 0.7648 0.0800692 -0.311674
v 0.757042 0.0800678 -0.305338
v 0.749246 0.0800694 -0.299057
v 0.741408 0.0800668 -0.29282
v 0.733528 0.0800675 -0.286633
v 0.725615 0.0800642 -0.280499
v 0.717656 0.0800644 -0.274412
v 0.70966 0.0800646 -0.268377
v 0.70163 0.0800612 -0.262394
v 0.693558 0.0800617 -0.256462
v 0.685448 0.0800625 -0.250582
v 0.677301 0.08006 -0.244752
v 0.669119 0.080058 -0.238976
v 0.660896 0.0800601 -0.233252
v 0.652637 0.080059 -0.227581
v 0.644344 0.0800583 -0.221965
v 0.636012 0.0800581 -0.216403
v 0.627643 0.0800546 -0.210893
v 0.619238 0.0800551 -0.205442
v 0.610799 0.0800562 -0.200051
v 0.60232 0.0800542 -0.194709
v 0.59381 0.0800528 -0.189429
v 0.585262 0.080052 -0.184206
v 0.576681 0.0800518 -0.179044
v 0.568063 0.0800523 -0.173939
v 0.559409 0.0800536 -0.168894
v 0.550691 0.089394 -0.163908
v 0.551147 0.0895387 -0.164172
v 0.550721 0.0800521 -0.163908
v 0.541979 0.0862818 -0.158986
v 0.544573 0.0870823 -0.160452
v 0.541999 0.0800515 -0.158984
v 0.533235 0.0833755 -0.154124
v 0.537862 0.0847672 -0.156698
v 0.533244 0.080052 -0.154122
v 0.524453 0.0806752 -0.149321
v 0.53101 0.0825874 -0.152909
v 0.524456 0.08005 -0.149321
v 0.524031 0.080529 -0.149093
v 0.522325 0.0800498 -0.148177
v 0.515633 0.0800493 -0.144582
v 0.506777 0.0800501 -0.139908
v 0.49789 0.0800486 -0.135297
v 0.488968 0.0800488 -0.13075
v 0.480017 0.080047 -0.126269
v 0.471031 0.0800473 -0.121852
v 0.462015 0.0800459 -0.1175
v 0.452965 0.0800469 -0.113216
v 0.443883 0.0800465 -0.108995
v 0.434775 0.080045 -0.104846
v 0.425632 0.0800464 -0.100764
v 0.416463 0.080047 -0.0967515
v 0.407262 0.0800471 -0.0928068
v 0.39803 0.0800469 -0.0889292
v 0.388773 0.0800465 -0.0851251
v 0.379486 0.0800462 -0.0813911
v 0.370175 0.0800424 -0.0777285
v 0.360793 0.0887909 -0.0741626
v 0.361827 0.0889494 -0.0745622
v 0.360832 0.080043 -0.0741377
v 0.351429 0.0871557 -0.0706409
v 0.353813 0.0875078 -0.0715372
v 0.351458 0.0800443 -0.0706165
v 0.342039 0.0856095 -0.0671918
v 0.345716 0.0861356 -0.0685409
v 0.342065 0.0800428 -0.067173
v 0.332621 0.0841471 -0.0638122
v 0.337539 0.0848281 -0.0655757
v 0.33264 0.0800426 -0.063799
v 0.323179 0.0827672 -0.060511
v 0.329279 0.0835885 -0.0626448
v 0.32319 0.080044 -0.060501
v 0.313712 0.0814611 -0.057283
v 0.320946 0.0824047 -0.0597498
v 0.313716 0.0800434 -0.057277
v 0.304214 0.0802277 -0.0541266
v 0.312539 0.0812762 -0.0568917
v 0.304217 0.0800411 -0.0541269
v 0.304063 0.0802025 -0.0540781
v 0.302737 0.0800433 -0.0536509
v 0.294692 0.0800411 -0.0510526
v 0.285145 0.0800399 -0.0480555
v 0.27557 0.0800417 -0.0451341
v 0.265974 0.0800429 -0.0422898
v 0.256356 0.08004 -0.0395205
v 0.246716 0.0800409 -0.0368337
v 0.237053 0.0800422 -0.0342239
v 0.227369 0.0800441 -0.0316945
v 0.217664 0.080043 -0.0292402
v 0.207941 0.0800432 -0.0268699
v 0.198196 0.080045 -0.0245801
v 0.188432 0.0800447 -0.0223689
v 0.17865 0.0800467 -0.0202419
v 0.168817 0.0898071 -0.0182548
v 0.169044 0.089824 -0.018302
v 0.168849 0.0800434 -0.0181917
v 0.159 0.0890767 -0.016288
v 0.159915 0.0891266 -0.0164717
v 0.159034 0.080043 -0.0162293
v 0.14917 0.0884606 -0.0144048
v 0.150672 0.0885282 -0.0146912
v 0.149199 0.0800458 -0.0143514
v 0.139322 0.0879738 -0.0126062
v 0.141301 0.0880453 -0.0129654
v 0.13935 0.0800442 -0.0125541
v 0.129456 0.0876195 -0.0108877
v 0.131793 0.0876865 -0.0112955
v 0.129483 0.0800427 -0.0108395
v 0.119579 0.0873859 -0.00926016
v 0.122152 0.0874477 -0.00968384
v 0.119602 0.0800413 -0.00921134
v 0.109682 0.0872215 -0.00771382
v 0.112405 0.087303 -0.008142
v 0.109703 0.0800408 -0.00766605
v 0.0997764 0.0869782 -0.00625622
v 0.102642 0.087156 -0.00667655
v 0.0997966 0.0800373 -0.0062088
v 0.089858 0.0862618 -0.00487979
v 0.0931423 0.0867365 -0.00533641
v 0.0898761 0.0800357 -0.00483809
v 0.0799276 0.0839946 -0.00357905
v 0.0843346 0.0856073 -0.00415858
v 0.0799378 0.0800357 -0.00355103
v 0.077075 0.0829144 -0.00322747
v 0.0739522 0.0800347 -0.002831
v 0.0699892 0.0800383 -0.00235435
v 0.060034 0.0800354 -0.0012446
v 0.0510016 0.0890965 -0.000371214
v 0.0502468 0.0800403 -0.000244629
v 0.0500633 0.08004 -0.000224074
v 0.040085 0.0800391 0.000708464
v 0.0352709 0.0848617 0.00109218
v 0.0338455 0.0800389 0.00123093
v 0.0300986 0.0800413 0.0015452
v 0.020094 0.0852412 0.0022816
v 0.0244479 0.0856889 0.00195468
v 0.0201042 0.0800328 0.00229391
v 0.0100922 0.0871861 0.00293745
v 0.0138394 0.0862868 0.00269714
v 0.0176825 0.0824522 0.00244785
v 0.0100956 0.084271 0.00293914
v 0.0156081 0.080033 0.00258714
v 0.0100974 0.0813528 0.00294558
v 0.0101007 0.0800274 0.0029455
v 4.23854e-06 0.0883737 -8.82761e-07
v 0.00186827 0.0881627 0.000543803
v 0.00425125 0.0858069 0.00124007
v 4.71953e-06 0.0862888 -2.67483e-06
v 0.00663338 0.0834521 0.00193611
v 2.62168e-06 0.0842023 -2.89352e-07
v 0.00901837 0.0810982 0.00262841
v 5.06366e-06 0.0821142 -9.12016e-07
v 0.000223414 0.0800063 6.07004e-05
v 2.80987e-06 0.0800286 5.49941e-07
v 3.60899e-06 0.0800045 -1.35789e-06
v 0.876015 0.0700819 -0.412372
v 0.885363 0.0700807 -0.417039
v 0.868916 0.0700797 -0.405343
v 0.861767 0.0700796 -0.398354
v 0.854573 0.070078 -0.39141
v 0.847334 0.0700748 -0.384511
v 0.840051 0.0700738 -0.37766
v 0.832721 0.0700752 -0.370853
v 0.825347 0.0700714 -0.364088
v 0.81793 0.07007 -0.357373
v 0.81047 0.0700709 -0.350707
v 0.802967 0.0700669 -0.344083
v 0.79542 0.0700654 -0.337508
v 0.787829 0.0700664 -0.330981
v 0.780197 0.0700664 -0.324503
v 0.772524 0.0700654 -0.318073
v 0.76481 0.0700635 -0.31169
v 0.757054 0.0700608 -0.305354
v 0.749256 0.0700611 -0.29907
v 0.741419 0.0700608 -0.292836
v 0.733541 0.07006 -0.286649
v 0.725626 0.0700589 -0.280514
v 0.717672 0.0700576 -0.27443
v 0.709675 0.0700562 -0.268393
v 0.701646 0.0700548 -0.262412
v 0.693573 0.0700536 -0.256477
v 0.685466 0.0700526 -0.250597
v 0.677318 0.070052 -0.244765
v 0.669134 0.0700517 -0.238988
v 0.660916 0.0700482 -0.233263
v 0.652659 0.0700487 -0.227593
v 0.644364 0.0700496 -0.221977
v 0.636032 0.0700472 -0.216412
v 0.627668 0.0700451 -0.210906
v 0.619262 0.070047 -0.205455
v 0.610821 0.0700457 -0.200057
v 0.602348 0.0700449 -0.194721
v 0.593837 0.0700445 -0.18944
v 0.585289 0.0700447 -0.184216
v 0.576706 0.0700417 -0.179048
v 0.568091 0.0700431 -0.173946
v 0.559439 0.0700414 -0.168899
v 0.550751 0.0700406 -0.163911
v 0.54203 0.0700406 -0.158987
v 0.533277 0.0700378 -0.154123
v 0.524488 0.07004 -0.149323
v 0.515642 0.0780589 -0.144584
v 0.517048 0.0784482 -0.145339
v 0.515666 0.0700395 -0.144584
v 0.506794 0.0755037 -0.139911
v 0.510035 0.0763826 -0.141622
v 0.506813 0.0700367 -0.139908
v 0.497914 0.073031 -0.135296
v 0.502948 0.074372 -0.137912
v 0.497923 0.0700353 -0.135293
v 0.489001 0.0706546 -0.130747
v 0.495791 0.0724208 -0.134214
v 0.489003 0.0700355 -0.130747
v 0.488559 0.0705291 -0.130524
v 0.486608 0.0700363 -0.129548
v 0.480049 0.0700374 -0.126264
v 0.471065 0.0700375 -0.121848
v 0.462047 0.0700358 -0.117493
v 0.452999 0.0700363 -0.113209
v 0.44392 0.0700354 -0.108989
v 0.434812 0.0700333 -0.104837
v 0.425669 0.070034 -0.100752
v 0.416499 0.0700338 -0.0967377
v 0.407298 0.070033 -0.0927908
v 0.39807 0.0700317 -0.0889144
v 0.388811 0.0700339 -0.0851104
v 0.379525 0.0700324 -0.0813746
v 0.37021 0.070031 -0.077709
v 0.360868 0.0700301 -0.0741167
v 0.351499 0.0700298 -0.0705976
v 0.342102 0.0700305 -0.0671515
v 0.332679 0.0700284 -0.0637765
v 0.323231 0.0700279 -0.0604776
v 0.313754 0.0700291 -0.0572515
v 0.304252 0.0700285 -0.0540995
v 0.294699 0.0787163 -0.0510503
v 0.295805 0.0788737 -0.0514065
v 0.29473 0.0700262 -0.0510249
v 0.285151 0.0772199 -0.0480463
v 0.287534 0.0775437 -0.0487959
v 0.285181 0.0700266 -0.0480262
v 0.275586 0.0757937 -0.0451212
v 0.279189 0.0762699 -0.0462219
v 0.27561 0.0700259 -0.0451047
v 0.265996 0.0744372 -0.0422728
v 0.270774 0.0750518 -0.0436919
v 0.266011 0.0700285 -0.0422591
v 0.256383 0.0731503 -0.0395023
v 0.262292 0.0738856 -0.0412047
v 0.256392 0.0700267 -0.0394887
v 0.246744 0.0719297 -0.0368046
v 0.253745 0.0727671 -0.0387622
v 0.246751 0.0700288 -0.0368009
v 0.237088 0.0707799 -0.0341925
v 0.245128 0.0717041 -0.0363688
v 0.237089 0.0700271 -0.0341884
v 0.236444 0.0706926 -0.0340231
v 0.230394 0.0700302 -0.0324394
v 0.227405 0.07003 -0.0316584
v 0.217699 0.0700297 -0.0292037
v 0.207972 0.0700306 -0.0268298
v 0.19823 0.070029 -0.024538
v 0.188465 0.0700332 -0.0223291
v 0.178681 0.0700315 -0.020197
v 0.168883 0.0700323 -0.018153
v 0.159065 0.0700319 -0.0161881
v 0.149231 0.0700305 -0.0143058
v 0.139379 0.0700286 -0.0125065
v 0.129514 0.0700265 -0.0107936
v 0.119629 0.0700285 -0.00916591
v 0.109734 0.0700228 -0.00762102
v 0.0998204 0.0700222 -0.00616142
v 0.0898983 0.070019 -0.00479027
v 0.0799621 0.0700174 -0.00350644
v 0.0699998 0.0768098 -0.00234199
v 0.0716843 0.0783348 -0.00254989
v 0.0700155 0.0700178 -0.0023136
v 0.0670659 0.0729759 -0.00199595
v 0.0650557 0.0700193 -0.00176314
v 0.0600533 0.0700167 -0.00120285
v 0.0500652 0.0797476 -0.000223592
v 0.0501846 0.0799176 -0.000235221
v 0.0500842 0.0700184 -0.000187135
v 0.0465058 0.0736053 0.000132577
v 0.0437493 0.0700201 0.000400223
v 0.0401036 0.0700226 0.000736309
v 0.0301031 0.0770558 0.0015528
v 0.0324383 0.0776973 0.00135732
v 0.0301185 0.0700211 0.00156725
v 0.0201042 0.077783 0.00229803
v 0.0239939 0.076144 0.00201173
v 0.0241095 0.0700198 0.00201272
v 0.0201176 0.0717015 0.00230442
v 0.0201163 0.0700214 0.0023076
v 0.0101056 0.0774028 0.00294579
v 0.016746 0.0733867 0.00252421
v 0.0143688 0.070018 0.00267932
v 0.0101114 0.0725927 0.00294961
v 0.0101141 0.0700173 0.00295181
v 3.33678e-06 0.0753826 -1.97518e-06
v 0.00655882 0.0735279 0.00191515
v 0.00246871 0.0700043 0.000717728
v 3.30164e-06 0.0707028 -1.49398e-06
v 2.86187e-06 0.0700021 -5.39073e-07
v 0.876016 0.0600763 -0.412382
v 0.885363 0.0600741 -0.417051
v 0.868916 0.060074 -0.40535
v 0.861768 0.0600737 -0.398363
v 0.854578 0.0600719 -0.391424
v 0.847336 0.0600721 -0.384524
v 0.840052 0.0600708 -0.377671
v 0.832726 0.060068 -0.370864
v 0.825351 0.0600673 -0.364101
v 0.817936 0.0600653 -0.357387
v 0.810476 0.0600618 -0.350717
v 0.802973 0.0600608 -0.344096
v 0.795426 0.0600621 -0.337524
v 0.787838 0.0600586 -0.330996
v 0.780208 0.0600575 -0.324518
v 0.772534 0.0600554 -0.318085
v 0.76482 0.0600561 -0.311705
v 0.757064 0.0600558 -0.305372
v 0.749269 0.0600547 -0.299089
v 0.741431 0.060053 -0.292851
v 0.733555 0.0600508 -0.286665
v 0.725642 0.0600482 -0.280531
v 0.717686 0.060049 -0.274446
v 0.709692 0.060046 -0.268409
v 0.70166 0.0600466 -0.262427
v 0.693591 0.0600437 -0.256492
v 0.685481 0.0600446 -0.250611
v 0.677336 0.0600421 -0.24478
v 0.669154 0.0600436 -0.239005
v 0.660933 0.0600417 -0.233279
v 0.652677 0.0600401 -0.227606
v 0.644385 0.0600388 -0.221991
v 0.636056 0.0600377 -0.216428
v 0.627687 0.060037 -0.210918
v 0.619285 0.0600365 -0.205467
v 0.610846 0.0600364 -0.200072
v 0.602371 0.0600329 -0.19473
v 0.593859 0.0600335 -0.189448
v 0.585314 0.0600346 -0.184227
v 0.576734 0.0600325 -0.179062
v 0.568117 0.0600309 -0.173954
v 0.559465 0.0600299 -0.168906
v 0.55078 0.0600296 -0.163922
v 0.542059 0.0600301 -0.158997
v 0.533307 0.0600278 -0.154133
v 0.524517 0.0600265 -0.149328
v 0.515696 0.0600263 -0.144589
v 0.506842 0.0600273 -0.139915
v 0.497953 0.0600259 -0.135301
v 0.489032 0.060026 -0.130751
v 0.480058 0.0671959 -0.126263
v 0.481915 0.0679585 -0.127196
v 0.480081 0.060024 -0.126267
v 0.471086 0.0634624 -0.121849
v 0.475426 0.065194 -0.123985
v 0.471095 0.0600238 -0.121848
v 0.468841 0.0625189 -0.120765
v 0.462411 0.0600217 -0.117653
v 0.462079 0.0600217 -0.117494
v 0.45303 0.0600218 -0.113207
v 0.443953 0.0600204 -0.108988
v 0.434842 0.0600214 -0.104836
v 0.425702 0.0600213 -0.100752
v 0.416532 0.0600202 -0.0967352
v 0.407335 0.0600184 -0.0927896
v 0.398105 0.0600199 -0.0889134
v 0.388846 0.060021 -0.0851076
v 0.379558 0.0600181 -0.0813671
v 0.370244 0.0600192 -0.0777053
v 0.360904 0.0600167 -0.0741118
v 0.35153 0.0600187 -0.0705902
v 0.342135 0.0600176 -0.0671432
v 0.332714 0.0600138 -0.0637674
v 0.323262 0.0600152 -0.0604665
v 0.313788 0.0600143 -0.0572399
v 0.304287 0.0600154 -0.0540895
v 0.294762 0.0600148 -0.0510134
v 0.285213 0.0600128 -0.0480113
v 0.275639 0.0600137 -0.0450886
v 0.266044 0.0600136 -0.0422433
v 0.256424 0.0600131 -0.0394721
v 0.246784 0.0600124 -0.0367816
v 0.237119 0.0600158 -0.0341704
v 0.227405 0.0694653 -0.0316553
v 0.227877 0.0695407 -0.031778
v 0.227436 0.0600157 -0.0316381
v 0.217706 0.0677335 -0.029199
v 0.219636 0.068036 -0.0296863
v 0.217729 0.0600162 -0.0291832
v 0.207987 0.0661368 -0.0268234
v 0.211293 0.0666235 -0.0276313
v 0.208002 0.0600179 -0.0268092
v 0.198245 0.0646872 -0.024527
v 0.202841 0.0653076 -0.0256118
v 0.19826 0.060017 -0.0245176
v 0.188484 0.0633984 -0.0223138
v 0.19427 0.0640967 -0.0236252
v 0.188493 0.0600177 -0.0223037
v 0.178705 0.062284 -0.0201816
v 0.185566 0.0630073 -0.0216763
v 0.178711 0.0600164 -0.0201723
v 0.168906 0.0613631 -0.0181284
v 0.176716 0.0620522 -0.0197645
v 0.16891 0.0600174 -0.0181256
v 0.159088 0.0606523 -0.0161619
v 0.1677 0.0612483 -0.0178876
v 0.159093 0.0600171 -0.0161617
v 0.149258 0.0601554 -0.0142809
v 0.158511 0.0606081 -0.0160521
v 0.149256 0.0600157 -0.0142773
v 0.149127 0.0601483 -0.0142563
v 0.144936 0.0600177 -0.0134896
v 0.139404 0.0600176 -0.0124815
v 0.129536 0.0600151 -0.010767
v 0.119652 0.0600124 -0.00913599
v 0.109754 0.06001 -0.00759195
v 0.0998437 0.0600043 -0.00613307
v 0.0899203 0.06 -0.00476134
v 0.0799843 0.060001 -0.00348291
v 0.0700353 0.0599959 -0.00228445
v 0.0634473 0.0666093 -0.00157035
v 0.0602176 0.0599992 -0.00119836
v 0.0600735 0.0599969 -0.00117973
v 0.0501015 0.0600008 -0.000166676
v 0.0401168 0.0627341 0.000751643
v 0.0428033 0.0673187 0.000490322
v 0.0401235 0.0600026 0.000752039
v 0.0301302 0.0612723 0.00158044
v 0.038671 0.0614576 0.000869739
v 0.0301324 0.0600029 0.00158333
v 0.0201319 0.0600053 0.00231686
v 0.0101277 0.0600083 0.00295645
v 0.0121865 0.0600076 0.00282601
v 0.0101235 0.0636973 0.00295439
v 0.0193414 0.0607992 0.00236326
v 0.0197827 0.0600054 0.00233928
v 2.37537e-06 0.0600012 -1.35829e-06
v 0.876019 0.0500691 -0.412391
v 0.88536 0.0500695 -0.417062
v 0.868919 0.0500704 -0.405363
v 0.861771 0.0500664 -0.398373
v 0.854578 0.050068 -0.391433
v 0.847343 0.0500643 -0.384536
v 0.840058 0.0500626 -0.377681
v 0.832731 0.0500629 -0.370878
v 0.825358 0.0500618 -0.364116
v 0.817941 0.0500591 -0.3574
v 0.810482 0.0500587 -0.350733
v 0.802981 0.0500568 -0.344113
v 0.795434 0.0500537 -0.337536
v 0.787847 0.0500529 -0.331011
v 0.780215 0.0500509 -0.324531
v 0.772542 0.0500514 -0.318101
v 0.764831 0.0500472 -0.311719
v 0.757075 0.0500456 -0.305384
v 0.74928 0.0500469 -0.299103
v 0.741444 0.0500439 -0.292866
v 0.733569 0.0500439 -0.286683
v 0.725653 0.0500434 -0.280548
v 0.717699 0.0500427 -0.274463
v 0.709708 0.0500381 -0.268427
v 0.701676 0.050037 -0.262442
v 0.693607 0.050036 -0.25651
v 0.685498 0.0500352 -0.250626
v 0.677354 0.0500344 -0.244798
v 0.669171 0.0500339 -0.23902
v 0.660953 0.0500336 -0.233296
v 0.652699 0.0500297 -0.227625
v 0.644403 0.0500298 -0.222005
v 0.636075 0.0500301 -0.216445
v 0.627707 0.0500269 -0.210933
v 0.619304 0.0500276 -0.205482
v 0.610869 0.0500248 -0.200087
v 0.602391 0.0500261 -0.194747
v 0.593884 0.0500239 -0.189466
v 0.585337 0.0500221 -0.184239
v 0.576756 0.0500206 -0.179074
v 0.568142 0.0500197 -0.173969
v 0.559489 0.0500193 -0.168921
v 0.550805 0.0500195 -0.163937
v 0.542086 0.0500167 -0.15901
v 0.533329 0.0500185 -0.154145
v 0.524543 0.0500174 -0.149344
v 0.515722 0.0500173 -0.144605
v 0.506868 0.0500146 -0.139926
v 0.497981 0.0500132 -0.135312
v 0.48906 0.0500132 -0.130763
v 0.480107 0.0500109 -0.126276
v 0.471123 0.0500104 -0.121857
v 0.46208 0.0596689 -0.117495
v 0.462244 0.0598414 -0.117575
v 0.462107 0.0500117 -0.117506
v 0.453057 0.0502392 -0.113218
v 0.457639 0.0549401 -0.115389
v 0.453061 0.0500112 -0.11322
v 0.452955 0.0501266 -0.11317
v 0.452838 0.0500095 -0.113115
v 0.443979 0.0500092 -0.108996
v 0.434871 0.0500095 -0.104845
v 0.42573 0.0500086 -0.100759
v 0.416563 0.0500066 -0.096744
v 0.40736 0.0500076 -0.0927954
v 0.398133 0.050008 -0.0889209
v 0.388875 0.0500079 -0.0851137
v 0.379588 0.0500076 -0.0813771
v 0.370275 0.0500033 -0.077709
v 0.360933 0.0500032 -0.0741164
v 0.351561 0.0500036 -0.0705939
v 0.342163 0.0500007 -0.0671428
v 0.33274 0.0500028 -0.0637704
v 0.32329 0.0500023 -0.0604691
v 0.313818 0.0499994 -0.0572423
v 0.304316 0.0499983 -0.0540884
v 0.294792 0.0499994 -0.0510143
v 0.285243 0.049999 -0.0480144
v 0.27567 0.0499973 -0.0450887
v 0.266073 0.0499987 -0.0422426
v 0.256454 0.0499995 -0.039474
v 0.246809 0.05 -0.0367796
v 0.237149 0.0500006 -0.0341695
v 0.227461 0.0500015 -0.0316336
v 0.217758 0.050003 -0.0291821
v 0.208033 0.0500015 -0.0268063
v 0.198285 0.0500053 -0.0245136
v 0.188518 0.0500066 -0.0223002
v 0.178736 0.0500058 -0.0201696
v 0.168935 0.0500032 -0.0181184
v 0.159115 0.0500031 -0.0161523
v 0.149283 0.0500018 -0.0142729
v 0.139405 0.0594982 -0.0124773
v 0.139882 0.059533 -0.0125686
v 0.139428 0.0500036 -0.0124753
v 0.12954 0.0589083 -0.0107648
v 0.130587 0.0589485 -0.0109458
v 0.129559 0.0500008 -0.0107593
v 0.119658 0.0580928 -0.00913548
v 0.12144 0.0582068 -0.00943061
v 0.119676 0.0499977 -0.00913043
v 0.109763 0.0560164 -0.0075895
v 0.113064 0.056668 -0.00810323
v 0.109778 0.0499906 -0.00758336
v 0.0998647 0.0506505 -0.0061276
v 0.105882 0.0539201 -0.00701687
v 0.099865 0.0499884 -0.00612564
v 0.0995603 0.0502956 -0.00608433
v 0.0992982 0.0499869 -0.00604661
v 0.0899404 0.0499831 -0.0047534
v 0.0800056 0.0499791 -0.0034725
v 0.0700538 0.0499769 -0.00227601
v 0.0600732 0.0594339 -0.00118048
v 0.0601925 0.0598778 -0.00119332
v 0.0600919 0.049977 -0.0011712
v 0.0584739 0.0516004 -0.00100882
v 0.0580881 0.0499771 -0.000967396
v 0.0501198 0.0499795 -0.000158495
v 0.0401369 0.0499845 0.000761576
v 0.0301482 0.0499877 0.00158674
v 0.0201502 0.0499896 0.00232031
v 0.0205818 0.0499919 0.00228776
v 0.020141 0.0543885 0.00231714
v 0.0123286 0.0578067 0.0028183
v 0.0122944 0.0499947 0.00282526
v 0.0101396 0.0499964 0.00296491
v 4.02046e-06 0.0499978 -1.87068e-06
v 0.876017 0.040068 -0.412402
v 0.885357 0.0400672 -0.417075
v 0.868918 0.0400657 -0.405371
v 0.861775 0.0400615 -0.398385
v 0.854581 0.0400629 -0.391444
v 0.847344 0.0400589 -0.384545
v 0.840064 0.0400569 -0.377695
v 0.832736 0.0400568 -0.370889
v 0.825365 0.040055 -0.364129
v 0.81795 0.0400518 -0.357414
v 0.810489 0.0400506 -0.350745
v 0.802987 0.0400481 -0.344123
v 0.795441 0.0400478 -0.33755
v 0.787855 0.0400461 -0.331025
v 0.780226 0.0400431 -0.324546
v 0.772554 0.0400425 -0.318117
v 0.764841 0.0400408 -0.311735
v 0.757085 0.0400418 -0.305402
v 0.749291 0.040038 -0.299118
v 0.741455 0.0400372 -0.292883
v 0.73358 0.0400358 -0.286698
v 0.725667 0.0400338 -0.280564
v 0.717715 0.0400316 -0.27448
v 0.70972 0.0400327 -0.268445
v 0.701691 0.04003 -0.262461
v 0.693622 0.0400273 -0.256526
v 0.685514 0.0400282 -0.250645
v 0.67737 0.0400255 -0.244814
v 0.669189 0.0400266 -0.239039
v 0.66097 0.040024 -0.233313
v 0.652715 0.0400216 -0.227641
v 0.644422 0.0400193 -0.222022
v 0.636093 0.0400209 -0.216462
v 0.627727 0.0400188 -0.210953
v 0.619324 0.0400169 -0.205499
v 0.610888 0.0400151 -0.200105
v 0.602415 0.0400135 -0.194766
v 0.593903 0.0400121 -0.189481
v 0.585358 0.040011 -0.184258
v 0.576777 0.0400103 -0.179093
v 0.568163 0.0400099 -0.173988
v 0.55951 0.04001 -0.16894
v 0.550827 0.0400069 -0.163954
v 0.542107 0.0400081 -0.15903
v 0.533352 0.0400064 -0.154163
v 0.524566 0.0400054 -0.149362
v 0.515746 0.0400055 -0.144624
v 0.506892 0.0400027 -0.139945
v 0.498003 0.0400012 -0.135329
v 0.489084 0.040001 -0.130781
v 0.48013 0.0400022 -0.126297
v 0.471148 0.0400013 -0.121879
v 0.462132 0.0399983 -0.117524
v 0.462376 0.0399988 -0.117641
v 0.462129 0.0402626 -0.117521
v 0.45306 0.0497823 -0.11322
v 0.457312 0.0453184 -0.115237
v 0.453084 0.0399973 -0.113236
v 0.444003 0.0399984 -0.109015
v 0.434894 0.039998 -0.104862
v 0.425755 0.0399962 -0.100778
v 0.416586 0.0399972 -0.096763
v 0.407388 0.0399933 -0.0928143
v 0.398158 0.0399925 -0.0889351
v 0.388898 0.039995 -0.0851287
v 0.379611 0.0399933 -0.0813911
v 0.3703 0.0399915 -0.0777273
v 0.360955 0.0399898 -0.0741306
v 0.351587 0.0399885 -0.0706108
v 0.342189 0.0399878 -0.0671612
v 0.332764 0.0399881 -0.063785
v 0.323316 0.0399856 -0.0604836
v 0.313838 0.0399885 -0.0572573
v 0.304339 0.0399853 -0.0541036
v 0.294817 0.0399841 -0.0510297
v 0.285266 0.0399853 -0.0480288
v 0.275691 0.0399852 -0.0451023
v 0.266097 0.0399841 -0.0422569
v 0.256476 0.0399862 -0.0394879
v 0.246835 0.039984 -0.0367945
v 0.23717 0.0399857 -0.0341809
v 0.227485 0.0399877 -0.0316484
v 0.217778 0.0399902 -0.0291936
v 0.208052 0.0399896 -0.0268182
v 0.198306 0.0399902 -0.0245241
v 0.188543 0.0399922 -0.0223149
v 0.178758 0.039992 -0.0201817
v 0.168957 0.0399898 -0.0181317
v 0.159138 0.03999 -0.016167
v 0.1493 0.0399889 -0.0142822
v 0.139449 0.0399867 -0.0124845
v 0.144848 0.0399901 -0.0134703
v 0.139445 0.0405011 -0.0124832
v 0.129577 0.0411046 -0.0107667
v 0.138922 0.0405203 -0.0123936
v 0.129581 0.0399839 -0.0107704
v 0.119691 0.0419333 -0.00913567
v 0.128395 0.0411828 -0.0105744
v 0.119696 0.0399805 -0.00914038
v 0.10979 0.0440336 -0.00759045
v 0.117284 0.0424141 -0.00876064
v 0.109795 0.0399773 -0.00759429
v 0.0998689 0.0493261 -0.00612715
v 0.101243 0.0486003 -0.00633026
v 0.0998826 0.0399704 -0.00613378
v 0.0899606 0.0399646 -0.00476444
v 0.0800218 0.03996 -0.00347954
v 0.07007 0.0399575 -0.00228254
v 0.0601084 0.039957 -0.00117753
v 0.0591702 0.0408993 -0.00108286
v 0.0591811 0.0399581 -0.00108487
v 0.0501375 0.0399593 -0.000164364
v 0.0401527 0.0399641 0.000759489
v 0.0301637 0.0399681 0.00158915
v 0.0306903 0.0399671 0.00154555
v 0.0301646 0.0404062 0.00158779
v 0.0300707 0.0400616 0.00159552
v 0.0300365 0.0399689 0.00159696
v 0.0201613 0.0399787 0.00232266
v 0.0201482 0.0488293 0.00232368
v 0.0204942 0.0496454 0.00229509
v 0.0183745 0.0417625 0.00243936
v 0.0176112 0.0399785 0.00248807
v 0.0101551 0.0399863 0.00296803
v 0.010149 0.0442834 0.00296605
v 0.0118605 0.0482767 0.00285406
v 0.00812565 0.0419875 0.00237526
v 0.00513955 0.039994 0.00150114
v 1.96523e-06 0.0399965 -6.247e-07
v 0.876019 0.0300623 -0.412412
v 0.885358 0.0300602 -0.417088
v 0.868921 0.0300599 -0.405383
v 0.861775 0.0300594 -0.398397
v 0.854585 0.030057 -0.391456
v 0.847351 0.0300528 -0.384559
v 0.840066 0.0300503 -0.377704
v 0.83274 0.0300498 -0.3709
v 0.825371 0.0300475 -0.364141
v 0.817953 0.0300473 -0.357426
v 0.810494 0.0300455 -0.350758
v 0.802994 0.0300421 -0.344138
v 0.79545 0.030041 -0.337565
v 0.787863 0.0300385 -0.331039
v 0.780235 0.0300382 -0.324562
v 0.772562 0.0300367 -0.318131
v 0.764852 0.0300338 -0.311751
v 0.757097 0.0300335 -0.305419
v 0.749301 0.0300321 -0.299134
v 0.741468 0.0300299 -0.292901
v 0.733595 0.030027 -0.286716
v 0.725679 0.0300273 -0.280581
v 0.717726 0.0300271 -0.274497
v 0.709735 0.030023 -0.268461
v 0.701704 0.0300223 -0.262477
v 0.693636 0.0300214 -0.256545
v 0.685531 0.0300205 -0.250665
v 0.677385 0.0300194 -0.244833
v 0.669206 0.0300146 -0.239054
v 0.660989 0.0300135 -0.233332
v 0.652732 0.0300124 -0.227659
v 0.644441 0.0300113 -0.222044
v 0.636112 0.0300103 -0.216482
v 0.627744 0.0300093 -0.210973
v 0.619344 0.0300083 -0.205523
v 0.610903 0.0300075 -0.200125
v 0.602429 0.0300067 -0.194786
v 0.593921 0.0300023 -0.189503
v 0.585376 0.0300019 -0.18428
v 0.576794 0.0300017 -0.179115
v 0.568181 0.029998 -0.174009
v 0.559531 0.0299985 -0.168965
v 0.550845 0.0299957 -0.163976
v 0.542125 0.0299973 -0.159052
v 0.533373 0.0299956 -0.154189
v 0.524585 0.0299948 -0.149386
v 0.515765 0.0299948 -0.144648
v 0.506912 0.0299919 -0.139971
v 0.498023 0.0299902 -0.135355
v 0.489105 0.0299897 -0.130808
v 0.48015 0.0299906 -0.126322
v 0.486555 0.0299904 -0.129531
v 0.480146 0.0327715 -0.126316
v 0.471154 0.0365171 -0.121887
v 0.476202 0.0343806 -0.124373
v 0.471165 0.0299893 -0.121903
v 0.462151 0.0299857 -0.117549
v 0.453103 0.0299879 -0.113264
v 0.444026 0.0299845 -0.109043
v 0.434916 0.0299833 -0.104888
v 0.425775 0.0299845 -0.100804
v 0.416604 0.0299844 -0.0967885
v 0.407408 0.0299833 -0.0928438
v 0.398177 0.0299813 -0.0889635
v 0.388917 0.0299826 -0.0851562
v 0.379634 0.0299795 -0.081421
v 0.370318 0.0299801 -0.0777551
v 0.360977 0.0299769 -0.0741612
v 0.351605 0.0299778 -0.0706397
v 0.342209 0.0299753 -0.0671898
v 0.332785 0.0299737 -0.0638135
v 0.323337 0.0299732 -0.0605141
v 0.31386 0.029974 -0.057288
v 0.304361 0.0299726 -0.0541366
v 0.294835 0.0299693 -0.0510564
v 0.285285 0.029972 -0.0480581
v 0.275712 0.0299695 -0.0451324
v 0.266116 0.0299698 -0.0422866
v 0.256496 0.0299694 -0.0395153
v 0.246855 0.0299725 -0.0368272
v 0.23719 0.0299714 -0.0342116
v 0.227504 0.0299745 -0.0316793
v 0.23033 0.0299717 -0.0324167
v 0.227505 0.0305068 -0.0316774
v 0.217795 0.032242 -0.0292164
v 0.22689 0.0306058 -0.0315204
v 0.217798 0.0299741 -0.0292229
v 0.208065 0.0338441 -0.0268372
v 0.215212 0.0326333 -0.0285872
v 0.208071 0.0299745 -0.026848
v 0.198316 0.0353016 -0.0245421
v 0.203711 0.0344492 -0.025813
v 0.198325 0.0299759 -0.0245546
v 0.188548 0.036594 -0.0223229
v 0.192407 0.0360336 -0.0231979
v 0.188559 0.0299787 -0.0223429
v 0.178762 0.0377126 -0.0201881
v 0.181314 0.0373791 -0.0207437
v 0.178774 0.0299791 -0.0202109
v 0.168958 0.0386348 -0.0181382
v 0.170452 0.038466 -0.0184502
v 0.168973 0.0299775 -0.0181622
v 0.159138 0.0393497 -0.0161707
v 0.159833 0.0392834 -0.0163095
v 0.159155 0.0299781 -0.016199
v 0.149299 0.0398457 -0.0142838
v 0.149454 0.039833 -0.0143127
v 0.149318 0.0299773 -0.014316
v 0.139464 0.0299754 -0.0125167
v 0.129597 0.0299685 -0.0107993
v 0.119711 0.0299652 -0.00916806
v 0.109813 0.0299577 -0.00762252
v 0.0998979 0.0299548 -0.00616323
v 0.0899752 0.0299488 -0.00479323
v 0.0800363 0.0299442 -0.00350768
v 0.0700848 0.0299415 -0.00231017
v 0.0601229 0.0299372 -0.00119881
v 0.0632243 0.0299381 -0.00154512
v 0.06011 0.0372787 -0.00118404
v 0.0501502 0.0299399 -0.00018146
v 0.0401687 0.029946 0.000743636
v 0.0310275 0.0391018 0.00151706
v 0.0375385 0.0299462 0.000966419
v 0.0301761 0.029951 0.0015814
v 0.0201722 0.0318131 0.00232492
v 0.027399 0.0327311 0.00178739
v 0.0201732 0.0299647 0.00232462
v 0.0193377 0.0308038 0.0023752
v 0.0180707 0.029966 0.00245884
v 0.010166 0.0299777 0.00297235
v 0.0101606 0.0332159 0.0029706
v 0.0142374 0.0359022 0.00270613
v 0.00771591 0.0323949 0.00225277
v 0.00232379 0.029991 0.000674873
v 1.64697e-06 0.0299932 7.02922e-07
v 2.28672e-06 0.0381262 8.30833e-07
v 0.00130686 0.0387119 0.000379424
v 0.876019 0.0200559 -0.41242
v 0.885355 0.0200561 -0.4171
v 0.868924 0.0200535 -0.405393
v 0.861777 0.0200529 -0.398406
v 0.854589 0.0200504 -0.391467
v 0.847351 0.0200496 -0.38457
v 0.840072 0.0200469 -0.377719
v 0.832745 0.020046 -0.370914
v 0.825375 0.0200432 -0.364153
v 0.817959 0.0200423 -0.35744
v 0.810503 0.0200398 -0.350774
v 0.803001 0.0200357 -0.344151
v 0.79546 0.0200338 -0.33758
v 0.78787 0.0200341 -0.331053
v 0.780244 0.020033 -0.324578
v 0.772573 0.0200303 -0.318148
v 0.764862 0.0200263 -0.311766
v 0.757107 0.0200248 -0.305432
v 0.749311 0.0200258 -0.29915
v 0.741481 0.0200222 -0.292918
v 0.733605 0.0200215 -0.286734
v 0.725693 0.0200203 -0.2806
v 0.717739 0.0200186 -0.274514
v 0.70975 0.0200166 -0.268481
v 0.701718 0.0200141 -0.262494
v 0.693653 0.0200114 -0.256563
v 0.685546 0.0200122 -0.250683
v 0.677403 0.020009 -0.244853
v 0.669222 0.0200057 -0.239074
v 0.661003 0.0200059 -0.233351
v 0.652748 0.0200061 -0.227683
v 0.644457 0.0200024 -0.222065
v 0.636126 0.0200025 -0.216504
v 0.627762 0.0199986 -0.210996
v 0.619357 0.0199986 -0.205543
v 0.610921 0.0199948 -0.200147
v 0.602448 0.0199947 -0.194812
v 0.593938 0.0199947 -0.189531
v 0.585394 0.0199911 -0.184307
v 0.576811 0.0199914 -0.179142
v 0.568198 0.0199881 -0.174037
v 0.559544 0.0199889 -0.16899
v 0.550861 0.0199863 -0.164006
v 0.542143 0.0199842 -0.159081
v 0.533388 0.0199826 -0.154215
v 0.524603 0.0199818 -0.149416
v 0.51578 0.0199817 -0.144676
v 0.522286 0.0199807 -0.148171
v 0.515779 0.0219163 -0.144672
v 0.506919 0.024477 -0.139987
v 0.51351 0.0225435 -0.14347
v 0.506928 0.0199787 -0.14
v 0.498028 0.0269479 -0.135364
v 0.501659 0.025903 -0.137252
v 0.498038 0.0199805 -0.135388
v 0.489104 0.0293308 -0.13081
v 0.489893 0.0291072 -0.131212
v 0.489121 0.0199797 -0.130842
v 0.480169 0.0199763 -0.126356
v 0.471186 0.0199744 -0.121938
v 0.462168 0.0199741 -0.117584
v 0.453118 0.0199756 -0.113298
v 0.444041 0.0199753 -0.10908
v 0.434933 0.0199732 -0.104928
v 0.425791 0.0199735 -0.100843
v 0.41662 0.0199724 -0.0968258
v 0.407423 0.0199701 -0.0928802
v 0.398195 0.0199669 -0.0890024
v 0.388935 0.0199669 -0.0851943
v 0.379651 0.0199663 -0.0814605
v 0.370334 0.0199654 -0.0777942
v 0.360993 0.0199644 -0.0742019
v 0.351621 0.0199637 -0.0706802
v 0.342224 0.0199633 -0.0672323
v 0.332801 0.0199599 -0.0638561
v 0.323349 0.0199613 -0.0605555
v 0.313875 0.0199601 -0.0573298
v 0.304378 0.0199565 -0.0541789
v 0.29485 0.0199588 -0.0511034
v 0.302699 0.0199564 -0.053635
v 0.294847 0.0212509 -0.051096
v 0.285297 0.0227513 -0.0480913
v 0.293426 0.0214493 -0.0506493
v 0.285301 0.0199554 -0.0481006
v 0.27572 0.02418 -0.0451598
v 0.282227 0.023169 -0.0471527
v 0.275729 0.0199544 -0.0451779
v 0.266122 0.0255381 -0.0423075
v 0.271092 0.0247866 -0.043784
v 0.266131 0.0199562 -0.0423319
v 0.256499 0.0268261 -0.0395302
v 0.260017 0.0263116 -0.0405458
v 0.256512 0.0199571 -0.0395639
v 0.246857 0.0280489 -0.0368361
v 0.249 0.0277452 -0.0374336
v 0.246867 0.0199576 -0.0368705
v 0.237191 0.0291985 -0.0342139
v 0.238047 0.0290847 -0.0344478
v 0.237204 0.0199578 -0.0342585
v 0.22752 0.0199581 -0.0317246
v 0.21781 0.0199628 -0.0292708
v 0.208083 0.0199641 -0.0268966
v 0.198339 0.0199625 -0.0246021
v 0.188572 0.0199661 -0.0223915
v 0.178789 0.0199632 -0.0202588
v 0.168987 0.0199663 -0.0182136
v 0.159168 0.0199634 -0.0162466
v 0.149332 0.019963 -0.0143654
v 0.139476 0.0199614 -0.0125647
v 0.12961 0.0199548 -0.0108496
v 0.119722 0.0199516 -0.00921734
v 0.109824 0.0199442 -0.00767091
v 0.0999126 0.0199373 -0.00621236
v 0.0899859 0.0199314 -0.00483813
v 0.080049 0.0199229 -0.00354987
v 0.0700983 0.0199207 -0.00235161
v 0.0724169 0.019922 -0.00263112
v 0.0700941 0.0216311 -0.00234188
v 0.0601344 0.0199172 -0.00123584
v 0.0501607 0.0199212 -0.000213777
v 0.0401812 0.0199246 0.000718237
v 0.0443284 0.0199217 0.000332664
v 0.0401735 0.0260885 0.000736183
v 0.0301908 0.0199325 0.00156185
v 0.0201857 0.0199482 0.00231363
v 0.0101696 0.027623 0.00297115
v 0.0141291 0.0260125 0.00271029
v 0.0196615 0.0199469 0.00235065
v 0.0101763 0.0238047 0.0029715
v 0.010225 0.0199678 0.00297222
v 0.0101802 0.0199855 0.00297521
v 0.0101823 0.0199672 0.00297314
v 2.89506e-06 0.0297201 -1.08082e-06
v 0.000373747 0.0296292 0.000106052
v 0.0036367 0.0264161 0.00105922
v 1.4164e-06 0.027304 -1.64795e-06
v 0.0069003 0.0232005 0.00201412
v 1.26277e-06 0.0248859 -1.4236e-06
v 0.0101646 0.0199826 0.0029708
v 2.39236e-06 0.0224658 -4.32706e-07
v 0.000235392 0.0199928 6.56034e-05
v 2.65857e-06 0.0200477 -8.04983e-07
v 8.8576e-07 0.0199924 -4.48239e-08
v 0.876019 0.0100529 -0.412432
v 0.885354 0.0100516 -0.417113
v 0.868923 0.0100504 -0.405403
v 0.86178 0.010046 -0.398416
v 0.854591 0.0100433 -0.391476
v 0.847356 0.0100424 -0.384581
v 0.840075 0.0100394 -0.377729
v 0.83275 0.0100381 -0.370925
v 0.825379 0.0100348 -0.364163
v 0.817966 0.0100334 -0.357451
v 0.81051 0.010034 -0.350788
v 0.803011 0.0100292 -0.344167
v 0.795463 0.0100302 -0.337593
v 0.787881 0.010026 -0.331069
v 0.780251 0.0100239 -0.324589
v 0.772582 0.010024 -0.318162
v 0.764871 0.0100226 -0.311783
v 0.757119 0.0100199 -0.305451
v 0.749324 0.010016 -0.299165
v 0.741491 0.0100147 -0.292933
v 0.733619 0.0100126 -0.286749
v 0.725704 0.0100136 -0.280616
v 0.717753 0.0100103 -0.274531
v 0.709763 0.0100066 -0.268496
v 0.701733 0.0100061 -0.262512
v 0.693666 0.0100051 -0.256582
v 0.685559 0.0100038 -0.2507
v 0.677417 0.0100022 -0.244873
v 0.669237 0.0100002 -0.239098
v 0.661018 0.009998 -0.233374
v 0.652763 0.00999559 -0.227703
v 0.644471 0.00999296 -0.222087
v 0.636144 0.00999016 -0.216527
v 0.627776 0.00999102 -0.211022
v 0.619375 0.00998796 -0.205571
v 0.610935 0.00998859 -0.200177
v 0.60246 0.00998536 -0.194837
v 0.593954 0.00998212 -0.189559
v 0.585407 0.00998268 -0.184338
v 0.576826 0.00997952 -0.179172
v 0.56821 0.00998034 -0.174069
v 0.559561 0.00997758 -0.169025
v 0.550874 0.00997515 -0.164038
v 0.552348 0.00997455 -0.164884
v 0.550876 0.0105331 -0.164039
v 0.542151 0.0136872 -0.159104
v 0.550195 0.0107554 -0.163654
v 0.542156 0.00997305 -0.159114
v 0.533394 0.0166026 -0.15423
v 0.537668 0.0151 -0.156608
v 0.533404 0.00997148 -0.154254
v 0.524604 0.0193032 -0.14942
v 0.525451 0.0190162 -0.149884
v 0.524616 0.00997051 -0.149453
v 0.515794 0.00997024 -0.144714
v 0.506942 0.00996698 -0.140039
v 0.498053 0.00996846 -0.135429
v 0.489133 0.0099672 -0.130881
v 0.480182 0.00996334 -0.126397
v 0.471195 0.0099647 -0.121979
v 0.462179 0.00996375 -0.117627
v 0.453133 0.00996065 -0.113341
v 0.444054 0.00995947 -0.109122
v 0.434943 0.00996033 -0.104971
v 0.425803 0.00995956 -0.100888
v 0.416635 0.00995737 -0.0968734
v 0.407435 0.00995785 -0.092929
v 0.398205 0.00995728 -0.0890525
v 0.388948 0.00995585 -0.0852473
v 0.37966 0.00995382 -0.0815098
v 0.370347 0.00995141 -0.0778466
v 0.361001 0.00995273 -0.0742528
v 0.367717 0.00995127 -0.0768344
v 0.361003 0.0111871 -0.0742476
v 0.351629 0.0128247 -0.070717
v 0.359653 0.0113925 -0.0737396
v 0.351633 0.00995024 -0.0707345
v 0.34223 0.0143704 -0.0672617
v 0.3485 0.0132847 -0.0695675
v 0.342237 0.00994813 -0.0672868
v 0.332804 0.01583 -0.0638782
v 0.337422 0.0150542 -0.0655349
v 0.332813 0.00994665 -0.063913
v 0.323356 0.0172097 -0.0605729
v 0.326422 0.0167112 -0.061647
v 0.323363 0.00994609 -0.0606128
v 0.313878 0.0185154 -0.0573389
v 0.315485 0.0182584 -0.0578841
v 0.313885 0.00994678 -0.0573863
v 0.304377 0.0197489 -0.0541814
v 0.30461 0.0197136 -0.0542592
v 0.304384 0.00994504 -0.0542348
v 0.294861 0.00994112 -0.0511583
v 0.28531 0.00994326 -0.0481606
v 0.275739 0.00994387 -0.0452411
v 0.26614 0.00994321 -0.042393
v 0.256521 0.0099416 -0.0396231
v 0.246878 0.00994338 -0.0369334
v 0.237213 0.00994488 -0.0343219
v 0.227527 0.00994642 -0.0317885
v 0.217822 0.00994827 -0.0293369
v 0.208094 0.00995068 -0.0269637
v 0.198349 0.00995 -0.0246704
v 0.188585 0.00995049 -0.022459
v 0.1788 0.00995248 -0.0203298
v 0.168996 0.00995217 -0.0182808
v 0.171802 0.00995136 -0.018868
v 0.168996 0.0101873 -0.0182776
v 0.159177 0.0109196 -0.0163077
v 0.168752 0.0102014 -0.0182304
v 0.159178 0.00994992 -0.0163156
v 0.149337 0.0115354 -0.0144211
v 0.158176 0.010967 -0.0161155
v 0.149339 0.00995007 -0.014433
v 0.139487 0.0120198 -0.0126207
v 0.147719 0.0115933 -0.0141247
v 0.139487 0.00994483 -0.0126325
v 0.129614 0.0123705 -0.0109011
v 0.137382 0.0120773 -0.0122515
v 0.129616 0.00994262 -0.0109184
v 0.11973 0.0125965 -0.00926675
v 0.127159 0.0124285 -0.0104953
v 0.119732 0.00993568 -0.00928662
v 0.109832 0.0127555 -0.00772041
v 0.117021 0.0126741 -0.00884463
v 0.109836 0.00992858 -0.00774291
v 0.0999192 0.0129759 -0.00625982
v 0.106864 0.0129235 -0.00728159
v 0.0999206 0.00992192 -0.00628011
v 0.0899924 0.0136409 -0.00488074
v 0.0964692 0.0133979 -0.00577764
v 0.0899954 0.00991224 -0.00490322
v 0.0800542 0.0155469 -0.00357975
v 0.0849566 0.0149832 -0.00421752
v 0.0800588 0.0099043 -0.00361426
v 0.0701054 0.00990294 -0.00241171
v 0.0601433 0.00990053 -0.00129499
v 0.0501746 0.00990194 -0.00026974
v 0.0454214 0.0146665 0.000202416
v 0.0466719 0.00990484 6.24618e-05
v 0.0401885 0.00990773 0.000674723
v 0.0301998 0.00991848 0.00152384
v 0.0201998 0.0099303 0.0022902
v 0.0266886 0.00992171 0.00179552
v 0.0201872 0.0188719 0.00231077
v 0.0101894 0.00995051 0.00296084
v 0.0126095 0.00994729 0.00279635
v 0.0101888 0.0132566 0.00296362
v 0.0102709 0.0198772 0.00296845
v 0.017543 0.00993725 0.00246592
v 1.61069e-06 0.00999034 -8.7977e-07
v 0.000701716 0.00998691 0.000200174
v 3.63042e-06 0.0105228 -3.6971e-06
v 1.58946e-06 0.0153126 -3.2811e-07
v 0.00698595 0.00996486 0.00202738
v 0.875993 4.59949e-05 -0.412414
v 0.885351 4.70584e-05 -0.417125
v 0.868892 4.32838e-05 -0.405382
v 0.861743 4.22553e-05 -0.398392
v 0.85455 3.91448e-05 -0.391448
v 0.847311 3.76594e-05 -0.384548
v 0.840026 3.40627e-05 -0.377692
v 0.832694 3.20625e-05 -0.370881
v 0.82532 3.17594e-05 -0.36412
v 0.817902 2.94296e-05 -0.357404
v 0.81044 2.52719e-05 -0.350731
v 0.802935 2.30112e-05 -0.344108
v 0.795389 2.27633e-05 -0.337536
v 0.787798 2.07868e-05 -0.331006
v 0.780167 1.71946e-05 -0.324525
v 0.772493 1.57016e-05 -0.318094
v 0.764778 1.2606e-05 -0.31171
v 0.757019 1.18836e-05 -0.305375
v 0.749222 9.80141e-06 -0.29909
v 0.741383 1.03245e-05 -0.292855
v 0.733506 6.13591e-06 -0.286668
v 0.72559 4.83999e-06 -0.280533
v 0.717633 2.7985e-06 -0.274445
v 0.70964 1.25108e-07 -0.268411
v 0.701609 -3.16706e-06 -0.262427
v 0.693536 -3.30087e-06 -0.256494
v 0.685426 -3.9218e-06 -0.250614
v 0.67728 -8.82859e-06 -0.244783
v 0.669094 -1.03861e-05 -0.239006
v 0.660872 -1.2304e-05 -0.233283
v 0.652614 -1.45977e-05 -0.227614
v 0.644319 -1.71815e-05 -0.221999
v 0.635984 -1.62733e-05 -0.216439
v 0.627616 -1.94077e-05 -0.210934
v 0.619209 -2.27188e-05 -0.205481
v 0.610767 -2.24731e-05 -0.20009
v 0.602292 -2.61363e-05 -0.194755
v 0.593779 -2.61211e-05 -0.189477
v 0.585231 -2.99355e-05 -0.184256
v 0.576646 -2.99487e-05 -0.179094
v 0.568028 -2.98724e-05 -0.173993
v 0.559374 -3.34328e-05 -0.168947
v 0.559665 -3.31803e-05 -0.169117
v 0.559381 0.000395637 -0.168949
v 0.550686 -3.67941e-05 -0.163962
v 0.541964 -3.59294e-05 -0.159042
v 0.533211 -3.84773e-05 -0.154184
v 0.524422 -4.0531e-05 -0.149385
v 0.515599 -4.1913e-05 -0.144649
v 0.506741 -4.2533e-05 -0.139975
v 0.497855 -4.22414e-05 -0.135369
v 0.488931 -4.4795e-05 -0.130821
v 0.479978 -4.61744e-05 -0.126341
v 0.470994 -4.61983e-05 -0.121929
v 0.461974 -4.8577e-05 -0.117576
v 0.452927 -4.92739e-05 -0.113295
v 0.443849 -5.20078e-05 -0.109079
v 0.434738 -5.27009e-05 -0.10493
v 0.425599 -5.50802e-05 -0.10085
v 0.416427 -5.50552e-05 -0.0968373
v 0.407228 -5.63024e-05 -0.0928958
v 0.398 -5.86482e-05 -0.0890225
v 0.388743 -5.7982e-05 -0.0852225
v 0.392576 -5.74496e-05 -0.0867955
v 0.388777 0.001616 -0.0852275
v 0.379568 0.00544296 -0.0815007
v 0.386354 0.00257369 -0.0842445
v 0.379456 -5.79334e-05 -0.0814902
v 0.370326 0.0089992 -0.0778454
v 0.371735 0.00842464 -0.0784013
v 0.370142 -6.22441e-05 -0.0778271
v 0.360801 -6.28449e-05 -0.0742402
v 0.351432 -6.34088e-05 -0.0707242
v 0.342033 -6.36046e-05 -0.0672788
v 0.332613 -6.71028e-05 -0.0639087
v 0.323167 -6.97277e-05 -0.0606126
v 0.313693 -7.11121e-05 -0.0573901
v 0.304191 -7.10376e-05 -0.0542413
v 0.294671 -7.31332e-05 -0.051171
v 0.285122 -7.31286e-05 -0.0481743
v 0.275551 -7.07077e-05 -0.0452578
v 0.265958 -7.3567e-05 -0.0424144
v 0.25634 -7.33694e-05 -0.0396478
v 0.246702 -6.97916e-05 -0.0369649
v 0.237041 -7.05056e-05 -0.0343549
v 0.227357 -6.71841e-05 -0.0318252
v 0.217656 -6.75551e-05 -0.0293753
v 0.223427 -6.75473e-05 -0.0308325
v 0.217679 0.00127136 -0.0293717
v 0.207991 0.00339924 -0.0269919
v 0.216067 0.00159999 -0.0289775
v 0.207934 -6.33486e-05 -0.0270095
v 0.198278 0.00538368 -0.0246934
v 0.203857 0.00419331 -0.0260119
v 0.198192 -6.22574e-05 -0.0247201
v 0.188541 0.0072145 -0.0224734
v 0.19185 0.00654651 -0.0232272
v 0.18843 -6.4052e-05 -0.0225074
v 0.178782 0.00888111 -0.0203333
v 0.180061 0.0086403 -0.0206155
v 0.178649 -6.03153e-05 -0.0203825
v 0.168855 -6.2944e-05 -0.0183394
v 0.159038 -6.3477e-05 -0.0163753
v 0.149206 -6.56445e-05 -0.0144954
v 0.139359 -6.91749e-05 -0.0126997
v 0.129497 -7.37319e-05 -0.0109885
v 0.119618 -8.30264e-05 -0.00935625
v 0.109725 -8.83409e-05 -0.00781421
v 0.0998193 -9.72168e-05 -0.00635461
v 0.0898988 -0.000104778 -0.00497938
v 0.0799698 -0.000114467 -0.00368994
v 0.0700249 -0.000117218 -0.00248674
v 0.0600689 -0.000120555 -0.00136553
v 0.0501036 -0.000119602 -0.00033193
v 0.0452448 0.00479529 0.000160689
v 0.0436206 -0.000115202 0.000283403
v 0.0401299 -0.000113369 0.00061428
v 0.0301477 -0.000101593 0.00147271
v 0.0258758 0.00420456 0.00182547
v 0.0272242 -9.7079e-05 0.0017022
v 0.0201543 -8.31422e-05 0.00224733
v 0.0191895 0.000887205 0.00231749
v 0.0190355 -8.24098e-05 0.00232437
v 0.0120225 -6.8704e-05 0.00280035
v 0.0131507 0.0069714 0.00274629
v 0.0101595 -6.43783e-05 0.00292693
v 1.36658e-05 0.00915443 0.000293097
v 0.000612179 0.00938448 0.000176565
v 0.00611528 0.00393966 0.00176078
v 0.000119364 0.00164252 0.00292475
v 0.000140203 -2.49076e-05 0.00351066
v 0.0300584 0.100076 0.0012549
v 0.0400403 0.100081 0.000393868
v 0.040066 0.0900591 0.000460326
v 0.0300793 0.0900573 0.0013106
v 0.0300986 0.0800413 0.0013452
v 0.0201042 0.0800328 0.00209391
v 0.0201163 0.0700214 0.0021076
v 0.0101141 0.0700173 0.00275181
v 0.0101277 0.0600083 0.00275645
v 2.37537e-06 0.0600012 -0.000201358
v 2.86187e-06 0.0700021 -0.000200539
v 0.0500181 0.100077 -0.000551697
v 0.0500392 0.09006 -0.000476425
v 0.040085 0.0800391 0.000508464
v 0.0301185 0.0700211 0.00136725
v 0.0201319 0.0600053 0.00211686
v 0.0101396 0.0499964 0.00276491
v 4.02046e-06 0.0499978 -0.000201871
v 0.0599813 0.100078 -0.00158461
v 0.0600094 0.0900563 -0.00150371
v 0.0500633 0.08004 -0.000424074
v 0.0401036 0.0700226 0.000536309
v 0.0301324 0.0600029 0.00138333
v 0.0201502 0.0499896 0.00212031
v 0.0101551 0.0399863 0.00276803
v 1.96523e-06 0.0399965 -0.000200625
v 0.0699396 0.100075 -0.00270284
v 0.069966 0.0900563 -0.00261786
v 0.060034 0.0800354 -0.0014446
v 0.0500842 0.0700184 -0.000387135
v 0.0401235 0.0600026 0.000552039
v 0.0301482 0.0499877 0.00138674
v 0.0201613 0.0399787 0.00212266
v 0.010166 0.0299777 0.00277235
v 1.64697e-06 0.0299932 -0.000199297
v 0.0798825 0.100072 -0.00390207
v 0.0799109 0.0900555 -0.00381675
v 0.0699892 0.0800383 -0.00255435
v 0.0600533 0.0700167 -0.00140285
v 0.0501015 0.0600008 -0.000366676
v 0.0401369 0.0499845 0.000561576
v 0.0301637 0.0399681 0.00138915
v 0.0201732 0.0299647 0.00212462
v 0.0101823 0.0199672 0.00277314
v 8.8576e-07 0.0199924 -0.000200045
v 0.0898156 0.100071 -0.00519067
v 0.0898475 0.0900533 -0.00510371
v 0.0799378 0.0800357 -0.00375103
v 0.0700155 0.0700178 -0.0025136
v 0.0600735 0.0599969 -0.00137973
v 0.0501198 0.0499795 -0.000358495
v 0.0401527 0.0399641 0.000559489
v 0.0301761 0.029951 0.0013814
v 0.0201857 0.0199482 0.00211363
v 0.0101894 0.00995051 0.00276084
v 1.61069e-06 0.00999034 -0.00020088
v 0.0997342 0.100073 -0.00656575
v 0.0997644 0.0900574 -0.00647583
v 0.0898761 0.0800357 -0.00503809
v 0.0799621 0.0700174 -0.00370644
v 0.0700353 0.0599959 -0.00248445
v 0.0600919 0.049977 -0.0013712
v 0.0501375 0.0399593 -0.000364364
v 0.0401687 0.029946 0.000543636
v 0.0301908 0.0199325 0.00136185
v 0.0201998 0.0099303 0.0020902
v 0.0101595 -6.43783e-05 0.00272693
v 0.000140203 -2.49076e-05 0.00331066
v 0.109641 0.100074 -0.0080245
v 0.109675 0.0900552 -0.00793369
v 0.0997966 0.0800373 -0.0064088
v 0.0898983 0.070019 -0.00499027
v 0.0799843 0.060001 -0.00368291
v 0.0700538 0.0499769 -0.00247601
v 0.0601084 0.039957 -0.00137753
v 0.0501502 0.0299399 -0.00038146
v 0.0401812 0.0199246 0.000518237
v 0.0301998 0.00991848 0.00132384
v 0.0201543 -8.31422e-05 0.00204733
v 0.119536 0.100072 -0.00956713
v 0.11957 0.0900587 -0.00947965
v 0.109703 0.0800408 -0.00786605
v 0.0998204 0.0700222 -0.00636142
v 0.0899203 0.06 -0.00496134
v 0.0800056 0.0499791 -0.0036725
v 0.07007 0.0399575 -0.00248254
v 0.0601229 0.0299372 -0.00139881
v 0.0501607 0.0199212 -0.000413777
v 0.0401885 0.00990773 0.000474723
v 0.0301477 -0.000101593 0.00127271
v 0.129414 0.100071 -0.011192
v 0.129449 0.0900591 -0.0111063
v 0.119602 0.0800413 -0.00941134
v 0.109734 0.0700228 -0.00782102
v 0.0998437 0.0600043 -0.00633307
v 0.0899404 0.0499831 -0.0049534
v 0.0800218 0.03996 -0.00367954
v 0.0700848 0.0299415 -0.00251017
v 0.0601344 0.0199172 -0.00143584
v 0.0501746 0.00990194 -0.00046974
v 0.0401299 -0.000113369 0.00041428
v 0.139277 0.100071 -0.0129027
v 0.139316 0.090056 -0.012817
v 0.129483 0.0800427 -0.0110395
v 0.119629 0.0700285 -0.00936591
v 0.109754 0.06001 -0.00779195
v 0.099865 0.0499884 -0.00632564
v 0.0899606 0.0399646 -0.00496444
v 0.0800363 0.0299442 -0.00370768
v 0.0700983 0.0199207 -0.00255161
v 0.0601433 0.00990053 -0.00149499
v 0.0501036 -0.000119602 -0.00053193
v 0.149127 0.100072 -0.0146989
v 0.149164 0.0900571 -0.0146121
v 0.13935 0.0800442 -0.0127541
v 0.129514 0.0700265 -0.0109936
v 0.119652 0.0600124 -0.00933599
v 0.109778 0.0499906 -0.00778336
v 0.0998826 0.0399704 -0.00633378
v 0.0899752 0.0299488 -0.00499323
v 0.080049 0.0199229 -0.00374987
v 0.0701054 0.00990294 -0.00261171
v 0.0600689 -0.000120555 -0.00156553
v 0.158958 0.100072 -0.0165772
v 0.158998 0.090058 -0.016493
v 0.149199 0.0800458 -0.0145514
v 0.139379 0.0700286 -0.0127065
v 0.129536 0.0600151 -0.010967
v 0.119676 0.0499977 -0.00933043
v 0.109795 0.0399773 -0.00779429
v 0.0998979 0.0299548 -0.00636323
v 0.0899859 0.0199314 -0.00503813
v 0.0800588 0.0099043 -0.00381426
v 0.0700249 -0.000117218 -0.00268674
v 0.168773 0.100073 -0.0185374
v 0.168814 0.0900583 -0.0184562
v 0.159034 0.080043 -0.0164293
v 0.149231 0.0700305 -0.0145058
v 0.139404 0.0600176 -0.0126815
v 0.129559 0.0500008 -0.0109593
v 0.119696 0.0399805 -0.00934038
v 0.109813 0.0299577 -0.00782252
v 0.0999126 0.0199373 -0.00641236
v 0.0899954 0.00991224 -0.00510322
v 0.0799698 -0.000114467 -0.00388994
v 0.178574 0.100072 -0.020583
v 0.178614 0.0900577 -0.0205014
v 0.168849 0.0800434 -0.0183917
v 0.159065 0.0700319 -0.0163881
v 0.149256 0.0600157 -0.0144773
v 0.139428 0.0500036 -0.0126753
v 0.129581 0.0399839 -0.0109704
v 0.119711 0.0299652 -0.00936806
v 0.109824 0.0199442 -0.00787091
v 0.0999206 0.00992192 -0.00648011
v 0.0898988 -0.000104778 -0.00517938
v 0.188354 0.10007 -0.0227069
v 0.188395 0.0900599 -0.0226307
v 0.17865 0.0800467 -0.0204419
v 0.168883 0.0700323 -0.018353
v 0.159093 0.0600171 -0.0163617
v 0.149283 0.0500018 -0.0144729
v 0.139449 0.0399867 -0.0126845
v 0.129597 0.0299685 -0.0109993
v 0.119722 0.0199516 -0.00941734
v 0.109836 0.00992858 -0.00794291
v 0.0998193 -9.72168e-05 -0.00655461
v 0.198116 0.100071 -0.0249144
v 0.198158 0.0900565 -0.0248364
v 0.188432 0.0800447 -0.0225689
v 0.178681 0.0700315 -0.020397
v 0.16891 0.0600174 -0.0183256
v 0.159115 0.0500031 -0.0163523
v 0.1493 0.0399889 -0.0144822
v 0.139464 0.0299754 -0.0127167
v 0.12961 0.0199548 -0.0110496
v 0.119732 0.00993568 -0.00948662
v 0.109725 -8.83409e-05 -0.00801421
v 0.207858 0.10007 -0.0272002
v 0.207901 0.0900592 -0.027128
v 0.198196 0.080045 -0.0247801
v 0.188465 0.0700332 -0.0225291
v 0.178711 0.0600164 -0.0203723
v 0.168935 0.0500032 -0.0183184
v 0.159138 0.03999 -0.016367
v 0.149318 0.0299773 -0.014516
v 0.139476 0.0199614 -0.0127647
v 0.129616 0.00994262 -0.0111184
v 0.119618 -8.30264e-05 -0.00955625
v 0.217582 0.100071 -0.0295696
v 0.217626 0.0900557 -0.029496
v 0.207941 0.0800432 -0.0270699
v 0.19823 0.070029 -0.024738
v 0.188493 0.0600177 -0.0225037
v 0.178736 0.0500058 -0.0203696
v 0.168957 0.0399898 -0.0183317
v 0.159155 0.0299781 -0.016399
v 0.149332 0.019963 -0.0145654
v 0.139487 0.00994483 -0.0128325
v 0.129497 -7.37319e-05 -0.0111885
v 0.227286 0.10007 -0.0320171
v 0.227328 0.0900575 -0.0319463
v 0.217664 0.080043 -0.0294402
v 0.207972 0.0700306 -0.0270298
v 0.19826 0.060017 -0.0247176
v 0.188518 0.0500066 -0.0225002
v 0.178758 0.039992 -0.0203817
v 0.168973 0.0299775 -0.0183622
v 0.159168 0.0199634 -0.0164466
v 0.149339 0.00995007 -0.014633
v 0.139359 -6.91749e-05 -0.0128997
v 0.236968 0.10007 -0.0345447
v 0.237011 0.0900565 -0.0344749
v 0.227369 0.0800441 -0.0318945
v 0.217699 0.0700297 -0.0294037
v 0.208002 0.0600179 -0.0270092
v 0.198285 0.0500053 -0.0247136
v 0.188543 0.0399922 -0.0225148
v 0.178774 0.0299791 -0.0204109
v 0.168987 0.0199663 -0.0184136
v 0.159178 0.00994992 -0.0165156
v 0.149206 -6.56445e-05 -0.0146954
v 0.24663 0.100071 -0.0371523
v 0.246674 0.0900562 -0.0370837
v 0.237053 0.0800422 -0.0344239
v 0.227405 0.07003 -0.0318584
v 0.217729 0.0600162 -0.0293832
v 0.208033 0.0500015 -0.0270063
v 0.198306 0.0399902 -0.0247241
v 0.188559 0.0299787 -0.0225429
v 0.178789 0.0199632 -0.0204588
v 0.168996 0.00995217 -0.0184808
v 0.159038 -6.3477e-05 -0.0165753
v 0.256268 0.100072 -0.0398367
v 0.256316 0.0900564 -0.0397728
v 0.246716 0.0800409 -0.0370337
v 0.237089 0.0700271 -0.0343884
v 0.227436 0.0600157 -0.0318381
v 0.217758 0.050003 -0.0293821
v 0.208052 0.0399896 -0.0270182
v 0.198325 0.0299759 -0.0247546
v 0.188572 0.0199661 -0.0225915
v 0.1788 0.00995248 -0.0205298
v 0.168855 -6.2944e-05 -0.0185394
v 0.265887 0.100069 -0.0425992
v 0.265935 0.0900567 -0.0425387
v 0.256356 0.08004 -0.0397205
v 0.246751 0.0700288 -0.0370009
v 0.237119 0.0600158 -0.0343704
v 0.227461 0.0500015 -0.0318336
v 0.217778 0.0399902 -0.0293936
v 0.208071 0.0299745 -0.027048
v 0.198339 0.0199625 -0.0248021
v 0.188585 0.00995049 -0.022659
v 0.178649 -6.03153e-05 -0.0205825
v 0.275482 0.100071 -0.0454403
v 0.275527 0.0900567 -0.0453782
v 0.265974 0.0800429 -0.0424898
v 0.256392 0.0700267 -0.0396887
v 0.246784 0.0600124 -0.0369816
v 0.237149 0.0500006 -0.0343695
v 0.227485 0.0399877 -0.0318484
v 0.217798 0.0299741 -0.0294229
v 0.208083 0.0199641 -0.0270966
v 0.198349 0.00995 -0.0248704
v 0.18843 -6.4052e-05 -0.0227074
v 0.285053 0.100072 -0.0483582
v 0.285099 0.0900563 -0.048298
v 0.27557 0.0800417 -0.0453341
v 0.266011 0.0700285 -0.0424591
v 0.256424 0.0600131 -0.0396721
v 0.246809 0.05 -0.0369796
v 0.23717 0.0399857 -0.0343809
v 0.227504 0.0299745 -0.0318793
v 0.21781 0.0199628 -0.0294708
v 0.208094 0.00995068 -0.0271637
v 0.198192 -6.22574e-05 -0.0249201
v 0.294601 0.100072 -0.0513528
v 0.29465 0.0900551 -0.0512947
v 0.285145 0.0800399 -0.0482555
v 0.27561 0.0700259 -0.0453047
v 0.266044 0.0600136 -0.0424433
v 0.256454 0.0499995 -0.039674
v 0.246835 0.039984 -0.0369945
v 0.23719 0.0299714 -0.0344116
v 0.22752 0.0199581 -0.0319246
v 0.217822 0.00994827 -0.0295369
v 0.207934 -6.33486e-05 -0.0272095
v 0.304127 0.100071 -0.0544243
v 0.304173 0.0900567 -0.0543669
v 0.294692 0.0800411 -0.0512526
v 0.285181 0.0700266 -0.0482262
v 0.275639 0.0600137 -0.0452886
v 0.266073 0.0499987 -0.0424426
v 0.256476 0.0399862 -0.0396879
v 0.246855 0.0299725 -0.0370272
v 0.237204 0.0199578 -0.0344585
v 0.227527 0.00994642 -0.0319885
v 0.217656 -6.75551e-05 -0.0295753
v 0.313628 0.100069 -0.0575693
v 0.313674 0.0900569 -0.0575163
v 0.304217 0.0800411 -0.0543269
v 0.29473 0.0700262 -0.0512249
v 0.285213 0.0600128 -0.0482113
v 0.27567 0.0499973 -0.0452887
v 0.266097 0.0399841 -0.0424569
v 0.256496 0.0299694 -0.0397153
v 0.246867 0.0199576 -0.0370705
v 0.237213 0.00994488 -0.0345219
v 0.227357 -6.71841e-05 -0.0320252
v 0.323102 0.10007 -0.0607898
v 0.323147 0.0900555 -0.060736
v 0.313716 0.0800434 -0.057477
v 0.304252 0.0700285 -0.0542995
v 0.294762 0.0600148 -0.0512134
v 0.285243 0.049999 -0.0482144
v 0.275691 0.0399852 -0.0453023
v 0.266116 0.0299698 -0.0424866
v 0.256512 0.0199571 -0.0397639
v 0.246878 0.00994338 -0.0371334
v 0.237041 -7.05056e-05 -0.0345549
v 0.33255 0.100072 -0.064086
v 0.332598 0.090056 -0.0640349
v 0.32319 0.080044 -0.060701
v 0.313754 0.0700291 -0.0574515
v 0.304287 0.0600154 -0.0542895
v 0.294792 0.0499994 -0.0512143
v 0.285266 0.0399853 -0.0482288
v 0.275712 0.0299695 -0.0453324
v 0.266131 0.0199562 -0.0425319
v 0.256521 0.0099416 -0.0398231
v 0.246702 -6.97916e-05 -0.0371649
v 0.341976 0.100068 -0.067454
v 0.342019 0.0900582 -0.0674063
v 0.33264 0.0800426 -0.063999
v 0.323231 0.0700279 -0.0606776
v 0.313788 0.0600143 -0.0574399
v 0.304316 0.0499983 -0.0542884
v 0.294817 0.0399841 -0.0512297
v 0.285285 0.029972 -0.0482581
v 0.275729 0.0199544 -0.0453779
v 0.26614 0.00994321 -0.042593
v 0.25634 -7.33694e-05 -0.0398478
v 0.351371 0.10007 -0.0708965
v 0.351418 0.0900579 -0.0708517
v 0.342065 0.0800428 -0.067373
v 0.332679 0.0700284 -0.0639765
v 0.323262 0.0600152 -0.0606665
v 0.313818 0.0499994 -0.0574423
v 0.304339 0.0399853 -0.0543036
v 0.294835 0.0299693 -0.0512564
v 0.285301 0.0199554 -0.0483006
v 0.275739 0.00994387 -0.0454411
v 0.265958 -7.3567e-05 -0.0426144
v 0.360739 0.10007 -0.0744096
v 0.360788 0.0900589 -0.0743699
v 0.351458 0.0800443 -0.0708165
v 0.342102 0.0700305 -0.0673515
v 0.332714 0.0600138 -0.0639674
v 0.32329 0.0500023 -0.0606691
v 0.313838 0.0399885 -0.0574573
v 0.304361 0.0299726 -0.0543366
v 0.29485 0.0199588 -0.0513034
v 0.28531 0.00994326 -0.0483606
v 0.275551 -7.07077e-05 -0.0454578
v 0.370083 0.10007 -0.0779987
v 0.370129 0.0900568 -0.0779558
v 0.360832 0.080043 -0.0743377
v 0.351499 0.0700298 -0.0707976
v 0.342135 0.0600176 -0.0673432
v 0.33274 0.0500028 -0.0639704
v 0.323316 0.0399856 -0.0606836
v 0.31386 0.029974 -0.057488
v 0.304378 0.0199565 -0.0543789
v 0.294861 0.00994112 -0.0513583
v 0.285122 -7.31286e-05 -0.0483743
v 0.379397 0.100071 -0.0816573
v 0.379445 0.0900593 -0.0816198
v 0.370175 0.0800424 -0.0779285
v 0.360868 0.0700301 -0.0743167
v 0.35153 0.0600187 -0.0707902
v 0.342163 0.0500007 -0.0673428
v 0.332764 0.0399881 -0.063985
v 0.323337 0.0299732 -0.0607141
v 0.313875 0.0199601 -0.0575298
v 0.304384 0.00994504 -0.0544348
v 0.294671 -7.31332e-05 -0.051371
v 0.388685 0.100069 -0.085387
v 0.388732 0.0900583 -0.0853518
v 0.379486 0.0800462 -0.0815911
v 0.37021 0.070031 -0.077909
v 0.360904 0.0600167 -0.0743118
v 0.351561 0.0500036 -0.0707939
v 0.342189 0.0399878 -0.0673612
v 0.332785 0.0299737 -0.0640135
v 0.323349 0.0199613 -0.0607555
v 0.313885 0.00994678 -0.0575863
v 0.304191 -7.10376e-05 -0.0544413
v 0.397945 0.100071 -0.0891918
v 0.39799 0.0900575 -0.0891537
v 0.388773 0.0800465 -0.0853251
v 0.379525 0.0700324 -0.0815746
v 0.370244 0.0600192 -0.0779053
v 0.360933 0.0500032 -0.0743164
v 0.351587 0.0399885 -0.0708108
v 0.342209 0.0299753 -0.0673898
v 0.332801 0.0199599 -0.0640561
v 0.323363 0.00994609 -0.0608128
v 0.313693 -7.11121e-05 -0.0575901
v 0.407175 0.100069 -0.0930613
v 0.407222 0.0900568 -0.0930291
v 0.39803 0.0800469 -0.0891292
v 0.388811 0.0700339 -0.0853104
v 0.379558 0.0600181 -0.0815671
v 0.370275 0.0500033 -0.077909
v 0.360955 0.0399898 -0.0743306
v 0.351605 0.0299778 -0.0708397
v 0.342224 0.0199633 -0.0674323
v 0.332813 0.00994665 -0.064113
v 0.323167 -6.97277e-05 -0.0608126
v 0.416374 0.100071 -0.0970028
v 0.416421 0.0900596 -0.0969733
v 0.407262 0.0800471 -0.0930068
v 0.39807 0.0700317 -0.0891144
v 0.388846 0.060021 -0.0853077
v 0.379588 0.0500076 -0.0815771
v 0.3703 0.0399915 -0.0779273
v 0.360977 0.0299769 -0.0743612
v 0.351621 0.0199637 -0.0708802
v 0.342237 0.00994813 -0.0674868
v 0.332613 -6.71028e-05 -0.0641087
v 0.425545 0.100073 -0.101015
v 0.425591 0.0900581 -0.100983
v 0.416463 0.080047 -0.0969516
v 0.407298 0.070033 -0.0929908
v 0.398105 0.0600199 -0.0891134
v 0.388875 0.0500079 -0.0853137
v 0.379611 0.0399933 -0.0815911
v 0.370318 0.0299801 -0.0779551
v 0.360993 0.0199644 -0.0744019
v 0.351633 0.00995024 -0.0709345
v 0.342033 -6.36046e-05 -0.0674788
v 0.434687 0.10007 -0.105092
v 0.434731 0.0900599 -0.105065
v 0.425632 0.0800464 -0.100964
v 0.416499 0.0700338 -0.0969377
v 0.407335 0.0600184 -0.0929896
v 0.398133 0.050008 -0.0891209
v 0.388898 0.039995 -0.0853287
v 0.379634 0.0299795 -0.081621
v 0.370334 0.0199654 -0.0779942
v 0.361001 0.00995273 -0.0744528
v 0.351432 -6.34088e-05 -0.0709242
v 0.443801 0.10007 -0.109241
v 0.443842 0.0900608 -0.109214
v 0.434775 0.080045 -0.105046
v 0.425669 0.070034 -0.100952
v 0.416532 0.0600202 -0.0969352
v 0.40736 0.0500076 -0.0929954
v 0.398158 0.0399925 -0.0891351
v 0.388917 0.0299826 -0.0853562
v 0.379651 0.0199663 -0.0816605
v 0.370347 0.00995141 -0.0780466
v 0.360801 -6.28449e-05 -0.0744402
v 0.452881 0.10007 -0.113455
v 0.452923 0.0900606 -0.113431
v 0.443883 0.0800465 -0.109195
v 0.434812 0.0700333 -0.105037
v 0.425702 0.0600213 -0.100952
v 0.416563 0.0500066 -0.096944
v 0.407388 0.0399933 -0.0930143
v 0.398177 0.0299813 -0.0891635
v 0.388935 0.0199669 -0.0853943
v 0.37966 0.00995382 -0.0817098
v 0.370142 -6.22441e-05 -0.0780271
v 0.461931 0.100072 -0.117739
v 0.461972 0.0900594 -0.117713
v 0.452965 0.0800469 -0.113416
v 0.44392 0.0700354 -0.109189
v 0.434842 0.0600214 -0.105036
v 0.42573 0.0500086 -0.100959
v 0.416586 0.0399972 -0.096963
v 0.407408 0.0299833 -0.0930438
v 0.398195 0.0199669 -0.0892024
v 0.388948 0.00995585 -0.0854473
v 0.379456 -5.79334e-05 -0.0816902
v 0.470949 0.100073 -0.122088
v 0.470991 0.0900605 -0.122065
v 0.462015 0.0800459 -0.1177
v 0.452999 0.0700363 -0.113409
v 0.443953 0.0600204 -0.109188
v 0.434871 0.0500095 -0.105045
v 0.425755 0.0399962 -0.100978
v 0.416604 0.0299844 -0.0969885
v 0.407423 0.0199701 -0.0930802
v 0.398205 0.00995728 -0.0892525
v 0.388743 -5.7982e-05 -0.0854225
v 0.479936 0.100072 -0.126501
v 0.479976 0.0900601 -0.126479
v 0.471031 0.0800473 -0.122052
v 0.462047 0.0700358 -0.117693
v 0.45303 0.0600218 -0.113407
v 0.443979 0.0500092 -0.109196
v 0.434894 0.039998 -0.105062
v 0.425775 0.0299845 -0.101004
v 0.41662 0.0199724 -0.0970258
v 0.407435 0.00995785 -0.093129
v 0.398 -5.86482e-05 -0.0892225
v 0.488892 0.10007 -0.13098
v 0.488931 0.0900617 -0.130963
v 0.480017 0.080047 -0.126469
v 0.471065 0.0700375 -0.122048
v 0.462079 0.0600217 -0.117694
v 0.453061 0.0500112 -0.11342
v 0.444003 0.0399984 -0.109215
v 0.434916 0.0299833 -0.105088
v 0.425791 0.0199735 -0.101043
v 0.416635 0.00995737 -0.0970735
v 0.407228 -5.63024e-05 -0.0930958
v 0.497813 0.10007 -0.135522
v 0.497851 0.0900616 -0.135506
v 0.488968 0.0800488 -0.13095
v 0.480049 0.0700374 -0.126464
v 0.471095 0.0600238 -0.122048
v 0.462107 0.0500117 -0.117706
v 0.453084 0.0399973 -0.113436
v 0.444026 0.0299845 -0.109243
v 0.434933 0.0199732 -0.105128
v 0.425803 0.00995956 -0.101088
v 0.416427 -5.50552e-05 -0.0970373
v 0.506704 0.100072 -0.140132
v 0.506742 0.0900595 -0.140115
v 0.49789 0.0800486 -0.135497
v 0.489003 0.0700355 -0.130947
v 0.480081 0.060024 -0.126467
v 0.471123 0.0500104 -0.122057
v 0.462132 0.0399983 -0.117724
v 0.453103 0.0299879 -0.113464
v 0.444041 0.0199753 -0.10928
v 0.434943 0.00996033 -0.105171
v 0.425599 -5.50802e-05 -0.10105
v 0.515559 0.100072 -0.144802
v 0.515597 0.0900628 -0.144791
v 0.506777 0.0800501 -0.140108
v 0.497923 0.0700353 -0.135493
v 0.489032 0.060026 -0.130951
v 0.480107 0.0500109 -0.126476
v 0.471148 0.0400013 -0.122079
v 0.462151 0.0299857 -0.117749
v 0.453118 0.0199756 -0.113498
v 0.444054 0.00995947 -0.109322
v 0.434738 -5.27009e-05 -0.10513
v 0.524384 0.100073 -0.14954
v 0.524423 0.0900601 -0.149527
v 0.515633 0.0800493 -0.144782
v 0.506813 0.0700367 -0.140108
v 0.497953 0.0600259 -0.135501
v 0.48906 0.0500132 -0.130963
v 0.48013 0.0400022 -0.126497
v 0.471165 0.0299893 -0.122103
v 0.462168 0.0199741 -0.117784
v 0.453133 0.00996065 -0.113541
v 0.443849 -5.20078e-05 -0.109279
v 0.533172 0.100073 -0.154334
v 0.533212 0.0900625 -0.154328
v 0.524456 0.08005 -0.149521
v 0.515666 0.0700395 -0.144784
v 0.506842 0.0600273 -0.140115
v 0.497981 0.0500132 -0.135512
v 0.489084 0.040001 -0.130981
v 0.48015 0.0299906 -0.126522
v 0.471186 0.0199744 -0.122138
v 0.462179 0.00996375 -0.117827
v 0.452927 -4.92739e-05 -0.113495
v 0.541929 0.100073 -0.159194
v 0.541968 0.0900626 -0.159188
v 0.533244 0.080052 -0.154322
v 0.524488 0.07004 -0.149523
v 0.515696 0.0600263 -0.144789
v 0.506868 0.0500146 -0.140126
v 0.498003 0.0400012 -0.135529
v 0.489105 0.0299897 -0.131008
v 0.480169 0.0199763 -0.126556
v 0.471195 0.0099647 -0.122179
v 0.461974 -4.8577e-05 -0.117776
v 0.550653 0.100072 -0.164114
v 0.55069 0.0900638 -0.164111
v 0.541999 0.0800515 -0.159184
v 0.533277 0.0700378 -0.154323
v 0.524517 0.0600265 -0.149528
v 0.515722 0.0500173 -0.144805
v 0.506892 0.0400027 -0.140145
v 0.498023 0.0299902 -0.135555
v 0.489121 0.0199797 -0.131042
v 0.480182 0.00996334 -0.126597
v 0.470994 -4.61983e-05 -0.122129
v 0.559342 0.100075 -0.169098
v 0.559377 0.0900623 -0.169092
v 0.550721 0.0800521 -0.164108
v 0.54203 0.0700406 -0.159187
v 0.533307 0.0600278 -0.154333
v 0.524543 0.0500174 -0.149544
v 0.515746 0.0400055 -0.144824
v 0.506912 0.0299919 -0.140171
v 0.498038 0.0199805 -0.135588
v 0.489133 0.0099672 -0.131081
v 0.479978 -4.61744e-05 -0.126541
v 0.567996 0.100075 -0.174141
v 0.568031 0.0900619 -0.174136
v 0.559409 0.0800536 -0.169094
v 0.550751 0.0700406 -0.164111
v 0.542059 0.0600301 -0.159197
v 0.533329 0.0500185 -0.154345
v 0.524566 0.0400054 -0.149562
v 0.515765 0.0299948 -0.144848
v 0.506928 0.0199787 -0.1402
v 0.498053 0.00996846 -0.135629
v 0.488931 -4.4795e-05 -0.131021
v 0.576617 0.100073 -0.179241
v 0.576649 0.0900623 -0.179239
v 0.568063 0.0800523 -0.174139
v 0.559439 0.0700414 -0.169099
v 0.55078 0.0600296 -0.164122
v 0.542086 0.0500167 -0.15921
v 0.533352 0.0400064 -0.154363
v 0.524585 0.0299948 -0.149586
v 0.51578 0.0199817 -0.144876
v 0.506942 0.00996698 -0.140239
v 0.497855 -4.22414e-05 -0.135569
v 0.585201 0.100075 -0.184404
v 0.585233 0.0900635 -0.184404
v 0.576681 0.0800518 -0.179244
v 0.568091 0.0700431 -0.174146
v 0.559465 0.0600299 -0.169106
v 0.550805 0.0500195 -0.164137
v 0.542107 0.0400081 -0.15923
v 0.533373 0.0299956 -0.154389
v 0.524603 0.0199818 -0.149616
v 0.515794 0.00997024 -0.144914
v 0.506741 -4.2533e-05 -0.140175
v 0.593752 0.100075 -0.189625
v 0.59378 0.0900654 -0.189625
v 0.585262 0.080052 -0.184406
v 0.576706 0.0700417 -0.179248
v 0.568117 0.0600309 -0.174154
v 0.559489 0.0500193 -0.169121
v 0.550827 0.0400069 -0.164154
v 0.542125 0.0299973 -0.159252
v 0.533388 0.0199826 -0.154415
v 0.524616 0.00997051 -0.149653
v 0.515599 -4.1913e-05 -0.144849
v 0.602264 0.100075 -0.194901
v 0.602295 0.0900643 -0.194906
v 0.59381 0.0800528 -0.189629
v 0.585289 0.0700447 -0.184416
v 0.576734 0.0600325 -0.179262
v 0.568142 0.0500197 -0.174169
v 0.55951 0.04001 -0.16914
v 0.550845 0.0299957 -0.164176
v 0.542143 0.0199842 -0.159281
v 0.533404 0.00997148 -0.154454
v 0.524422 -4.0531e-05 -0.149585
v 0.610743 0.100076 -0.200238
v 0.610772 0.0900639 -0.200241
v 0.60232 0.0800542 -0.194909
v 0.593837 0.0700445 -0.18964
v 0.585314 0.0600346 -0.184427
v 0.576756 0.0500206 -0.179274
v 0.568163 0.0400099 -0.174188
v 0.559531 0.0299985 -0.169165
v 0.550861 0.0199863 -0.164206
v 0.542156 0.00997305 -0.159314
v 0.533211 -3.84773e-05 -0.154384
v 0.619185 0.100074 -0.205628
v 0.619213 0.0900642 -0.205634
v 0.610799 0.0800562 -0.200251
v 0.602348 0.0700449 -0.194921
v 0.593859 0.0600335 -0.189648
v 0.585337 0.0500221 -0.184439
v 0.576777 0.0400103 -0.179293
v 0.568181 0.029998 -0.174209
v 0.559544 0.0199889 -0.16919
v 0.550874 0.00997515 -0.164238
v 0.541964 -3.59294e-05 -0.159242
v 0.627591 0.100076 -0.211078
v 0.62762 0.0900651 -0.211086
v 0.619238 0.0800551 -0.205642
v 0.610821 0.0700457 -0.200257
v 0.602371 0.0600329 -0.19493
v 0.593884 0.0500239 -0.189666
v 0.585358 0.040011 -0.184458
v 0.576794 0.0300017 -0.179315
v 0.568198 0.0199881 -0.174237
v 0.559561 0.00997758 -0.169225
v 0.550686 -3.67941e-05 -0.164162
v 0.635962 0.100076 -0.216582
v 0.635987 0.0900665 -0.216591
v 0.627643 0.0800546 -0.211093
v 0.619262 0.070047 -0.205655
v 0.610846 0.0600364 -0.200272
v 0.602391 0.0500261 -0.194947
v 0.593903 0.0400121 -0.189681
v 0.585376 0.0300019 -0.18448
v 0.576811 0.0199914 -0.179342
v 0.56821 0.00998034 -0.174269
v 0.559374 -3.34328e-05 -0.169147
v 0.644296 0.100076 -0.222142
v 0.644321 0.0900684 -0.222155
v 0.636012 0.0800581 -0.216603
v 0.627668 0.0700451 -0.211106
v 0.619285 0.0600365 -0.205667
v 0.610869 0.0500248 -0.200287
v 0.602415 0.0400135 -0.194966
v 0.593921 0.0300023 -0.189703
v 0.585394 0.0199911 -0.184507
v 0.576826 0.00997952 -0.179372
v 0.568028 -2.98724e-05 -0.174193
v 0.652595 0.100076 -0.227759
v 0.652618 0.090067 -0.22777
v 0.644344 0.0800583 -0.222165
v 0.636032 0.0700472 -0.216612
v 0.627687 0.060037 -0.211118
v 0.619304 0.0500276 -0.205682
v 0.610888 0.0400151 -0.200305
v 0.602429 0.0300067 -0.194986
v 0.593938 0.0199947 -0.189731
v 0.585407 0.00998268 -0.184538
v 0.576646 -2.99487e-05 -0.179294
v 0.660853 0.100077 -0.233425
v 0.660877 0.0900661 -0.233438
v 0.652637 0.080059 -0.227781
v 0.644364 0.0700496 -0.222177
v 0.636056 0.0600377 -0.216628
v 0.627707 0.0500269 -0.211133
v 0.619324 0.0400169 -0.205699
v 0.610903 0.0300075 -0.200325
v 0.602448 0.0199947 -0.195012
v 0.593954 0.00998212 -0.189759
v 0.585231 -2.99355e-05 -0.184456
v 0.669078 0.100075 -0.239147
v 0.669097 0.0900695 -0.239162
v 0.660896 0.0800601 -0.233452
v 0.652659 0.0700487 -0.227793
v 0.644385 0.0600388 -0.222191
v 0.636075 0.0500301 -0.216645
v 0.627727 0.0400188 -0.211153
v 0.619344 0.0300083 -0.205723
v 0.610921 0.0199948 -0.200347
v 0.60246 0.00998536 -0.195037
v 0.593779 -2.61211e-05 -0.189677
v 0.677264 0.100077 -0.244924
v 0.677282 0.0900697 -0.244938
v 0.669119 0.080058 -0.239176
v 0.660916 0.0700482 -0.233463
v 0.652677 0.0600401 -0.227806
v 0.644403 0.0500298 -0.222205
v 0.636093 0.0400209 -0.216662
v 0.627744 0.0300093 -0.211173
v 0.619357 0.0199986 -0.205743
v 0.610935 0.00998859 -0.200377
v 0.602292 -2.61363e-05 -0.194955
v 0.685413 0.100076 -0.250751
v 0.685431 0.0900704 -0.250768
v 0.677301 0.08006 -0.244952
v 0.669134 0.0700517 -0.239188
v 0.660933 0.0600417 -0.233479
v 0.652699 0.0500297 -0.227825
v 0.644422 0.0400193 -0.222222
v 0.636112 0.0300103 -0.216682
v 0.627762 0.0199986 -0.211196
v 0.619375 0.00998796 -0.205771
v 0.610767 -2.24731e-05 -0.20029
v 0.693522 0.100079 -0.256631
v 0.693539 0.0900716 -0.256647
v 0.685448 0.0800625 -0.250782
v 0.677318 0.070052 -0.244965
v 0.669154 0.0600436 -0.239205
v 0.660953 0.0500336 -0.233496
v 0.652715 0.0400216 -0.227841
v 0.644441 0.0300113 -0.222244
v 0.636126 0.0200025 -0.216704
v 0.627776 0.00999102 -0.211222
v 0.619209 -2.27188e-05 -0.205681
v 0.701598 0.100079 -0.262565
v 0.701614 0.0900694 -0.262579
v 0.693558 0.0800617 -0.256662
v 0.685466 0.0700526 -0.250797
v 0.677336 0.0600421 -0.24498
v 0.669171 0.0500339 -0.23922
v 0.66097 0.040024 -0.233513
v 0.652732 0.0300124 -0.227859
v 0.644457 0.0200024 -0.222265
v 0.636144 0.00999016 -0.216727
v 0.627616 -1.94077e-05 -0.211134
v 0.709633 0.100079 -0.268548
v 0.709647 0.0900711 -0.268562
v 0.70163 0.0800612 -0.262594
v 0.693573 0.0700536 -0.256677
v 0.685481 0.0600446 -0.250811
v 0.677354 0.0500344 -0.244998
v 0.669189 0.0400266 -0.239239
v 0.660989 0.0300135 -0.233532
v 0.652748 0.0200061 -0.227883
v 0.644471 0.00999296 -0.222287
v 0.635984 -1.62733e-05 -0.216639
v 0.717628 0.100079 -0.274581
v 0.717643 0.090073 -0.274598
v 0.70966 0.0800646 -0.268577
v 0.701646 0.0700548 -0.262612
v 0.693591 0.0600437 -0.256692
v 0.685498 0.0500352 -0.250826
v 0.67737 0.0400255 -0.245014
v 0.669206 0.0300146 -0.239254
v 0.661003 0.0200059 -0.233551
v 0.652763 0.00999559 -0.227903
v 0.644319 -1.71815e-05 -0.222199
v 0.725587 0.100079 -0.280667
v 0.725601 0.0900711 -0.280682
v 0.717656 0.0800644 -0.274612
v 0.709675 0.0700562 -0.268593
v 0.70166 0.0600466 -0.262627
v 0.693607 0.050036 -0.25671
v 0.685514 0.0400282 -0.250845
v 0.677385 0.0300194 -0.245033
v 0.669222 0.0200057 -0.239274
v 0.661018 0.009998 -0.233574
v 0.652614 -1.45977e-05 -0.227814
v 0.733505 0.10008 -0.286801
v 0.733517 0.0900729 -0.286817
v 0.725615 0.0800642 -0.280699
v 0.717672 0.0700576 -0.27463
v 0.709692 0.060046 -0.268609
v 0.701676 0.050037 -0.262642
v 0.693622 0.0400273 -0.256726
v 0.685531 0.0300205 -0.250865
v 0.677403 0.020009 -0.245053
v 0.669237 0.0100002 -0.239298
v 0.660872 -1.2304e-05 -0.233483
v 0.741382 0.100083 -0.292988
v 0.741397 0.0900744 -0.293005
v 0.733528 0.0800675 -0.286833
v 0.725626 0.0700589 -0.280714
v 0.717686 0.060049 -0.274646
v 0.709708 0.0500381 -0.268627
v 0.701691 0.04003 -0.262661
v 0.693636 0.0300214 -0.256745
v 0.685546 0.0200122 -0.250883
v 0.677417 0.0100022 -0.245073
v 0.669094 -1.03861e-05 -0.239206
v 0.74922 0.100083 -0.299222
v 0.749233 0.0900756 -0.299239
v 0.741408 0.0800668 -0.29302
v 0.733541 0.07006 -0.286849
v 0.725642 0.0600482 -0.280731
v 0.717699 0.0500427 -0.274663
v 0.70972 0.0400327 -0.268645
v 0.701704 0.0300223 -0.262677
v 0.693653 0.0200114 -0.256763
v 0.685559 0.0100038 -0.2509
v 0.67728 -8.82859e-06 -0.244983
v 0.757021 0.100082 -0.305509
v 0.757033 0.0900763 -0.305526
v 0.749246 0.0800694 -0.299257
v 0.741419 0.0700608 -0.293036
v 0.733555 0.0600508 -0.286865
v 0.725653 0.0500434 -0.280748
v 0.717715 0.0400316 -0.27468
v 0.709735 0.030023 -0.268661
v 0.701718 0.0200141 -0.262694
v 0.693666 0.0100051 -0.256782
v 0.685426 -3.9218e-06 -0.250814
v 0.764778 0.100085 -0.311844
v 0.764789 0.0900765 -0.311859
v 0.757042 0.0800678 -0.305538
v 0.749256 0.0700611 -0.29927
v 0.741431 0.060053 -0.293051
v 0.733569 0.0500439 -0.286883
v 0.725667 0.0400338 -0.280764
v 0.717726 0.0300271 -0.274697
v 0.70975 0.0200166 -0.268681
v 0.701733 0.0100061 -0.262712
v 0.693536 -3.30087e-06 -0.256694
v 0.772494 0.100083 -0.318225
v 0.772504 0.090076 -0.318239
v 0.7648 0.0800692 -0.311874
v 0.757054 0.0700608 -0.305554
v 0.749269 0.0600547 -0.299289
v 0.741444 0.0500439 -0.293066
v 0.73358 0.0400358 -0.286898
v 0.725679 0.0300273 -0.280781
v 0.717739 0.0200186 -0.274714
v 0.709763 0.0100066 -0.268696
v 0.701609 -3.16706e-06 -0.262627
v 0.78017 0.100085 -0.324658
v 0.780178 0.0900785 -0.324672
v 0.772516 0.0800699 -0.318257
v 0.76481 0.0700635 -0.31189
v 0.757064 0.0600558 -0.305572
v 0.74928 0.0500469 -0.299303
v 0.741455 0.0400372 -0.293083
v 0.733595 0.030027 -0.286916
v 0.725693 0.0200203 -0.2808
v 0.717753 0.0100103 -0.274731
v 0.70964 1.25108e-07 -0.268611
v 0.787805 0.100085 -0.331139
v 0.787812 0.0900802 -0.331153
v 0.780191 0.0800699 -0.324688
v 0.772524 0.0700654 -0.318273
v 0.76482 0.0600561 -0.311905
v 0.757075 0.0500456 -0.305584
v 0.749291 0.040038 -0.299318
v 0.741468 0.0300299 -0.293101
v 0.733605 0.0200215 -0.286934
v 0.725704 0.0100136 -0.280816
v 0.717633 2.7985e-06 -0.274645
v 0.795397 0.100085 -0.337666
v 0.795402 0.0900809 -0.33768
v 0.787819 0.0800726 -0.331165
v 0.780197 0.0700664 -0.324703
v 0.772534 0.0600554 -0.318285
v 0.764831 0.0500472 -0.311919
v 0.757085 0.0400418 -0.305602
v 0.749301 0.0300321 -0.299334
v 0.741481 0.0200222 -0.293118
v 0.733619 0.0100126 -0.286949
v 0.72559 4.83999e-06 -0.280733
v 0.802944 0.100088 -0.344241
v 0.802952 0.0900807 -0.344256
v 0.795411 0.0800742 -0.337695
v 0.787829 0.0700664 -0.331181
v 0.780208 0.0600575 -0.324718
v 0.772542 0.0500514 -0.318301
v 0.764841 0.0400408 -0.311935
v 0.757097 0.0300335 -0.305619
v 0.749311 0.0200258 -0.29935
v 0.741491 0.0100147 -0.293133
v 0.733506 6.13591e-06 -0.286868
v 0.810451 0.100089 -0.350867
v 0.810455 0.0900831 -0.350878
v 0.80296 0.0800749 -0.344271
v 0.79542 0.0700654 -0.337708
v 0.787838 0.0600586 -0.331196
v 0.780215 0.0500509 -0.324731
v 0.772554 0.0400425 -0.318317
v 0.764852 0.0300338 -0.311951
v 0.757107 0.0200248 -0.305632
v 0.749324 0.010016 -0.299365
v 0.741383 1.03245e-05 -0.293055
v 0.817913 0.10009 -0.357536
v 0.817919 0.0900845 -0.35755
v 0.810463 0.0800745 -0.35089
v 0.802967 0.0700669 -0.344283
v 0.795426 0.0600621 -0.337724
v 0.787847 0.0500529 -0.331211
v 0.780226 0.0400431 -0.324746
v 0.772562 0.0300367 -0.318331
v 0.764862 0.0200263 -0.311966
v 0.757119 0.0100199 -0.305651
v 0.749222 9.80141e-06 -0.29929
v 0.825332 0.100089 -0.36425
v 0.825336 0.0900846 -0.364264
v 0.817926 0.0800765 -0.357561
v 0.81047 0.0700709 -0.350907
v 0.802973 0.0600608 -0.344296
v 0.795434 0.0500537 -0.337736
v 0.787855 0.0400461 -0.331225
v 0.780235 0.0300382 -0.324762
v 0.772573 0.0200303 -0.318348
v 0.764871 0.0100226 -0.311983
v 0.757019 1.18836e-05 -0.305575
v 0.832707 0.100092 -0.371015
v 0.832712 0.0900836 -0.371026
v 0.825344 0.0800773 -0.364278
v 0.81793 0.07007 -0.357573
v 0.810476 0.0600618 -0.350917
v 0.802981 0.0500568 -0.344313
v 0.795441 0.0400478 -0.33775
v 0.787863 0.0300385 -0.331239
v 0.780244 0.020033 -0.324778
v 0.772582 0.010024 -0.318362
v 0.764778 1.2606e-05 -0.31191
v 0.840036 0.100092 -0.377822
v 0.840043 0.090085 -0.377835
v 0.832717 0.0800805 -0.371041
v 0.825347 0.0700714 -0.364288
v 0.817936 0.0600653 -0.357587
v 0.810482 0.0500587 -0.350933
v 0.802987 0.0400481 -0.344323
v 0.79545 0.030041 -0.337765
v 0.78787 0.0200341 -0.331253
v 0.780251 0.0100239 -0.324789
v 0.772493 1.57016e-05 -0.318294
v 0.847326 0.100092 -0.384679
v 0.847329 0.0900852 -0.384688
v 0.840048 0.0800787 -0.377848
v 0.832721 0.0700752 -0.371053
v 0.825351 0.0600673 -0.364301
v 0.817941 0.0500591 -0.3576
v 0.810489 0.0400506 -0.350945
v 0.802994 0.0300421 -0.344338
v 0.79546 0.0200338 -0.33778
v 0.787881 0.010026 -0.331269
v 0.780167 1.71946e-05 -0.324725
v 0.854565 0.100094 -0.391579
v 0.85457 0.0900876 -0.39159
v 0.847331 0.0800829 -0.384702
v 0.840051 0.0700738 -0.37786
v 0.832726 0.060068 -0.371064
v 0.825358 0.0500618 -0.364316
v 0.81795 0.0400518 -0.357614
v 0.810494 0.0300455 -0.350958
v 0.803001 0.0200357 -0.344351
v 0.795463 0.0100302 -0.337793
v 0.787798 2.07868e-05 -0.331206
v 0.86176 0.100095 -0.398523
v 0.861764 0.0900888 -0.398533
v 0.854572 0.0800821 -0.391601
v 0.847334 0.0700748 -0.384711
v 0.840052 0.0600708 -0.377871
v 0.832731 0.0500629 -0.371078
v 0.825365 0.040055 -0.364329
v 0.817953 0.0300473 -0.357626
v 0.810503 0.0200398 -0.350974
v 0.803011 0.0100292 -0.344367
v 0.795389 2.27633e-05 -0.337736
v 0.868911 0.100095 -0.405512
v 0.868913 0.0900885 -0.405521
v 0.861765 0.0800835 -0.398543
v 0.854573 0.070078 -0.39161
v 0.847336 0.0600721 -0.384724
v 0.840058 0.0500626 -0.377881
v 0.832736 0.0400568 -0.371089
v 0.825371 0.0300475 -0.364341
v 0.817959 0.0200423 -0.35764
v 0.81051 0.010034 -0.350988
v 0.802935 2.30112e-05 -0.344308
v 0.876015 0.100093 -0.412544
v 0.876014 0.0900905 -0.412554
v 0.868913 0.0800834 -0.405529
v 0.861767 0.0700796 -0.398554
v 0.854578 0.0600719 -0.391624
v 0.847343 0.0500643 -0.384736
v 0.840064 0.0400569 -0.377895
v 0.83274 0.0300498 -0.3711
v 0.825375 0.0200432 -0.364353
v 0.817966 0.0100334 -0.357651
v 0.81044 2.52719e-05 -0.350931
v 0.882999 0.100094 -0.419548
v 0.885368 0.0900874 -0.417215
v 0.876016 0.0800855 -0.412564
v 0.868916 0.0700797 -0.405543
v 0.861768 0.0600737 -0.398563
v 0.854578 0.050068 -0.391633
v 0.847344 0.0400589 -0.384745
v 0.840066 0.0300503 -0.377904
v 0.832745 0.020046 -0.371114
v 0.825379 0.0100348 -0.364363
v 0.817902 2.94296e-05 -0.357604
v 0.885365 0.0800852 -0.417227
v 0.876015 0.0700819 -0.412572
v 0.868916 0.060074 -0.40555
v 0.861771 0.0500664 -0.398573
v 0.854581 0.0400629 -0.391644
v 0.847351 0.0300528 -0.384759
v 0.840072 0.0200469 -0.377919
v 0.83275 0.0100381 -0.371125
v 0.82532 3.17594e-05 -0.36432
v 0.885363 0.0700807 -0.417239
v 0.876016 0.0600763 -0.412582
v 0.868919 0.0500704 -0.405563
v 0.861775 0.0400615 -0.398585
v 0.854585 0.030057 -0.391656
v 0.847351 0.0200496 -0.38477
v 0.840075 0.0100394 -0.377929
v 0.832694 3.20625e-05 -0.371081
v 0.885363 0.0600741 -0.417251
v 0.876019 0.0500691 -0.412591
v 0.868918 0.0400657 -0.405571
v 0.861775 0.0300594 -0.398597
v 0.854589 0.0200504 -0.391667
v 0.847356 0.0100424 -0.384781
v 0.840026 3.40627e-05 -0.377892
v 0.88536 0.0500695 -0.417262
v 0.876017 0.040068 -0.412602
v 0.868921 0.0300599 -0.405583
v 0.861777 0.0200529 -0.398606
v 0.854591 0.0100433 -0.391676
v 0.847311 3.76594e-05 -0.384748
v 0.885357 0.0400672 -0.417275
v 0.876019 0.0300623 -0.412612
v 0.868924 0.0200535 -0.405593
v 0.86178 0.010046 -0.398616
v 0.85455 3.91448e-05 -0.391648
v 0.885351 4.70584e-05 -0.417325
v 0.885354 0.0100516 -0.417313
v 0.875993 4.59949e-05 -0.412614
v 0.885355 0.0200561 -0.4173
v 0.876019 0.0100529 -0.412632
v 0.868892 4.32838e-05 -0.405582
v 0.885358 0.0300602 -0.417288
v 0.876019 0.0200559 -0.41262
v 0.868923 0.0100504 -0.405603
v 0.861743 4.22553e-05 -0.398593
v 0.0200631 0.100065 0.00203034
v 0.0200837 0.09005 0.00207188
v 0.0101007 0.0800274 0.0027455
v 3.60899e-06 0.0800045 -0.000201358
v 0.0100701 0.100053 0.00271233
v 0.0100854 0.0900369 0.0027363
v 1.12577e-06 0.090008 -0.000200174
v 0.000180076 0.100009 0.00328423
v -0.0128055 0.0152221 -0.107584
v -0.02305 0.0152221 -0.107584
v -0.02305 -0.000342726 -0.107584
v -0.0128055 -0.000342726 -0.107584
v -0.0225227 0.000498809 -0.107584
v -0.0217318 0.000498809 -0.107584
v -0.0217318 0.00134011 -0.107584
v -0.0225227 0.00134011 -0.107584
v -0.0225227 0.00134011 -0.107584
v -0.0217318 0.00134011 -0.107584
v -0.0217318 0.00218141 -0.107584
v -0.0225227 0.00218141 -0.107584
v -0.0225227 0.00218141 -0.107584
v -0.0217318 0.00218141 -0.107584
v -0.0217318 0.00302271 -0.107584
v -0.0225227 0.00302271 -0.107584
v -0.0225227 0.00302271 -0.107584
v -0.0217318 0.00302271 -0.107584
v -0.0217318 0.00386401 -0.107584
v -0.0225227 0.00386401 -0.107584
v -0.0225227 0.00386401 -0.107584
v -0.0217318 0.00386401 -0.107584
v -0.0217318 0.00470531 -0.107584
v -0.0225227 0.00470531 -0.107584
v -0.0225227 0.00470531 -0.107584
v -0.0217318 0.00470531 -0.107584
v -0.0217318 0.00554661 -0.107584
v -0.0225227 0.00554661 -0.107584
v -0.0225227 0.00554661 -0.107584
v -0.0217318 0.00554661 -0.107584
v -0.0217318 0.00638814 -0.107584
v -0.0225227 0.00638814 -0.107584
v -0.0225227 0.00638814 -0.107584
v -0.0217318 0.00638814 -0.107584
v -0.0217318 0.00722944 -0.107584
v -0.0225227 0.00722944 -0.107584
v -0.0225227 0.00722944 -0.107584
v -0.0217318 0.00722944 -0.107584
v -0.0217318 0.00807074 -0.107584
v -0.0225227 0.00807074 -0.107584
v -0.0225227 0.00807074 -0.107584
v -0.0217318 0.00807074 -0.107584
v -0.0217318 0.00891204 -0.107584
v -0.0225227 0.00891204 -0.107584
v -0.0225227 0.00891204 -0.107584
v -0.0217318 0.00891204 -0.107584
v -0.0217318 0.00975334 -0.107584
v -0.0225227 0.00975334 -0.107584
v -0.0225227 0.00975334 -0.107584
v -0.0217318 0.00975334 -0.107584
v -0.0217318 0.0105946 -0.107584
v -0.0225227 0.0105946 -0.107584
v -0.0225227 0.000498809 -0.107584
v -0.0214682 0.000498809 -0.107584
v -0.0225227 0.00134011 -0.107584
v -0.0214682 0.00134011 -0.107584
v -0.0225227 0.00218141 -0.107584
v -0.0214682 0.00218141 -0.107584
v -0.0225227 0.00302271 -0.107584
v -0.0214682 0.00302271 -0.107584
v -0.0225227 0.00386401 -0.107584
v -0.0214682 0.00386401 -0.107584
v -0.0225227 0.00470531 -0.107584
v -0.0214682 0.00470531 -0.107584
v -0.0225227 0.00554661 -0.107584
v -0.0214682 0.00554661 -0.107584
v -0.0225227 0.00638814 -0.107584
v -0.0214682 0.00638814 -0.107584
v -0.0225227 0.00722944 -0.107584
v -0.0214682 0.00722944 -0.107584
v -0.0225227 0.00807074 -0.107584
v -0.0214682 0.00807074 -0.107584
v -0.0225227 0.00891204 -0.107584
v -0.0214682 0.00891204 -0.107584
v -0.0225227 0.00975334 -0.107584
v -0.0214682 0.00975334 -0.107584
v -0.0225227 0.0105946 -0.107584
v -0.0214682 0.0105946 -0.107584
v -0.0217318 0.0105946 -0.107584
v -0.0217318 0.000498809 -0.107584

#List of body polygons
f 1 2 3
f 1 3 4
f 5 6 2
f 5 2 1
f 7 8 6
f 7 6 5
f 9 10 8
f 9 8 7
f 11 12 10
f 11 10 9
f 13 14 12
f 13 12 11
f 15 16 14
f 15 14 13
f 17 18 16
f 17 16 15
f 19 20 18
f 19 18 17
f 21 22 20
f 21 20 19
f 23 24 22
f 23 22 21
f 25 26 24
f 25 24 23
f 27 28 26
f 27 26 25
f 29 30 28
f 29 28 27
f 31 32 30
f 31 30 29
f 33 34 32
f 33 32 31
f 35 36 34
f 35 34 33
f 37 38 36
f 37 36 35
f 39 40 38
f 39 38 37
f 41 42 40
f 41 40 39
f 43 44 42
f 43 42 41
f 45 46 44
f 45 44 43
f 47 48 46
f 47 46 45
f 49 50 48
f 49 48 47
f 51 52 50
f 51 50 49
f 53 54 52
f 53 52 51
f 55 56 54
f 55 54 53
f 57 58 56
f 57 56 55
f 59 60 58
f 59 58 57
f 61 62 60
f 61 60 59
f 63 64 62
f 63 62 61
f 65 66 64
f 65 64 63
f 67 68 66
f 67 66 65
f 69 70 68
f 69 68 67
f 71 72 70
f 71 70 69
f 73 74 72
f 73 72 71
f 75 76 74
f 75 74 73
f 77 78 76
f 77 76 75
f 79 80 78
f 79 78 77
f 81 82 80
f 81 80 79
f 84 82 85
f 84 86 82
f 85 81 87
f 85 82 81
f 86 88 89
f 86 84 88
f 2 258 259
f 2 259 3
f 6 260 258
f 6 258 2
f 8 261 260
f 8 260 6
f 10 262 261
f 10 261 8
f 12 263 262
f 12 262 10
f 14 264 263
f 14 263 12
f 16 265 264
f 16 264 14
f 18 266 265
f 18 265 16
f 20 267 266
f 20 266 18
f 22 268 267
f 22 267 20
f 24 269 268
f 24 268 22
f 26 270 269
f 26 269 24
f 28 271 270
f 28 270 26
f 30 272 271
f 30 271 28
f 32 273 272
f 32 272 30
f 34 274 273
f 34 273 32
f 36 275 274
f 36 274 34
f 38 276 275
f 38 275 36
f 40 277 276
f 40 276 38
f 42 278 277
f 42 277 40
f 44 279 278
f 44 278 42
f 46 280 279
f 46 279 44
f 48 281 280
f 48 280 46
f 50 282 281
f 50 281 48
f 52 283 282
f 52 282 50
f 54 284 283
f 54 283 52
f 56 285 284
f 56 284 54
f 58 286 285
f 58 285 56
f 60 287 286
f 60 286 58
f 62 288 287
f 62 287 60
f 64 289 288
f 64 288 62
f 66 290 289
f 66 289 64
f 68 291 290
f 68 290 66
f 70 292 291
f 70 291 68
f 72 293 292
f 72 292 70
f 74 294 293
f 74 293 72
f 76 295 294
f 76 294 74
f 78 296 295
f 78 295 76
f 80 297 296
f 80 296 78
f 82 298 297
f 82 297 80
f 86 299 298
f 86 298 82
f 300 299 301
f 300 302 299
f 301 86 89
f 301 299 86
f 303 302 304
f 303 305 302
f 302 300 304
f 306 305 307
f 306 308 305
f 305 303 307
f 309 308 310
f 309 311 308
f 308 306 310
f 311 312 313
f 311 309 312
f 258 429 430
f 258 430 259
f 260 431 429
f 260 429 258
f 261 432 431
f 261 431 260
f 262 433 432
f 262 432 261
f 263 434 433
f 263 433 262
f 264 435 434
f 264 434 263
f 265 436 435
f 265 435 264
f 266 437 436
f 266 436 265
f 267 438 437
f 267 437 266
f 268 439 438
f 268 438 267
f 269 440 439
f 269 439 268
f 270 441 440
f 270 440 269
f 271 442 441
f 271 441 270
f 272 443 442
f 272 442 271
f 273 444 443
f 273 443 272
f 274 445 444
f 274 444 273
f 275 446 445
f 275 445 274
f 276 447 446
f 276 446 275
f 277 448 447
f 277 447 276
f 278 449 448
f 278 448 277
f 279 450 449
f 279 449 278
f 280 451 450
f 280 450 279
f 281 452 451
f 281 451 280
f 282 453 452
f 282 452 281
f 283 454 453
f 283 453 282
f 284 455 454
f 284 454 283
f 285 456 455
f 285 455 284
f 286 457 456
f 286 456 285
f 287 458 457
f 287 457 286
f 288 459 458
f 288 458 287
f 289 460 459
f 289 459 288
f 290 461 460
f 290 460 289
f 291 462 461
f 291 461 290
f 292 463 462
f 292 462 291
f 293 464 463
f 293 463 292
f 294 465 464
f 294 464 293
f 295 466 465
f 295 465 294
f 296 467 466
f 296 466 295
f 297 468 467
f 297 467 296
f 298 469 468
f 298 468 297
f 299 470 469
f 299 469 298
f 302 471 470
f 302 470 299
f 305 472 471
f 305 471 302
f 308 473 472
f 308 472 305
f 311 474 473
f 311 473 308
f 475 474 476
f 475 477 474
f 476 311 313
f 476 474 311
f 478 477 479
f 478 480 477
f 477 475 479
f 481 480 482
f 481 483 480
f 480 478 482
f 484 483 485
f 484 486 483
f 483 481 485
f 486 487 488
f 486 484 487
f 429 578 579
f 429 579 430
f 431 580 578
f 431 578 429
f 432 581 580
f 432 580 431
f 433 582 581
f 433 581 432
f 434 583 582
f 434 582 433
f 435 584 583
f 435 583 434
f 436 585 584
f 436 584 435
f 437 586 585
f 437 585 436
f 438 587 586
f 438 586 437
f 439 588 587
f 439 587 438
f 440 589 588
f 440 588 439
f 441 590 589
f 441 589 440
f 442 591 590
f 442 590 441
f 443 592 591
f 443 591 442
f 444 593 592
f 444 592 443
f 445 594 593
f 445 593 444
f 446 595 594
f 446 594 445
f 447 596 595
f 447 595 446
f 448 597 596
f 448 596 447
f 449 598 597
f 449 597 448
f 450 599 598
f 450 598 449
f 451 600 599
f 451 599 450
f 452 601 600
f 452 600 451
f 453 602 601
f 453 601 452
f 454 603 602
f 454 602 453
f 455 604 603
f 455 603 454
f 456 605 604
f 456 604 455
f 457 606 605
f 457 605 456
f 458 607 606
f 458 606 457
f 459 608 607
f 459 607 458
f 460 609 608
f 460 608 459
f 461 610 609
f 461 609 460
f 462 611 610
f 462 610 461
f 463 612 611
f 463 611 462
f 464 613 612
f 464 612 463
f 465 614 613
f 465 613 464
f 466 615 614
f 466 614 465
f 467 616 615
f 467 615 466
f 468 617 616
f 468 616 467
f 469 618 617
f 469 617 468
f 470 619 618
f 470 618 469
f 471 620 619
f 471 619 470
f 472 621 620
f 472 620 471
f 473 622 621
f 473 621 472
f 474 623 622
f 474 622 473
f 477 624 623
f 477 623 474
f 480 625 624
f 480 624 477
f 483 626 625
f 483 625 480
f 486 627 626
f 486 626 483
f 628 627 629
f 628 630 627
f 629 486 488
f 629 627 486
f 631 630 632
f 631 633 630
f 630 628 632
f 633 634 635
f 633 631 634
f 578 715 716
f 578 716 579
f 580 717 715
f 580 715 578
f 581 718 717
f 581 717 580
f 582 719 718
f 582 718 581
f 583 720 719
f 583 719 582
f 584 721 720
f 584 720 583
f 585 722 721
f 585 721 584
f 586 723 722
f 586 722 585
f 587 724 723
f 587 723 586
f 588 725 724
f 588 724 587
f 589 726 725
f 589 725 588
f 590 727 726
f 590 726 589
f 591 728 727
f 591 727 590
f 592 729 728
f 592 728 591
f 593 730 729
f 593 729 592
f 594 731 730
f 594 730 593
f 595 732 731
f 595 731 594
f 596 733 732
f 596 732 595
f 597 734 733
f 597 733 596
f 598 735 734
f 598 734 597
f 599 736 735
f 599 735 598
f 600 737 736
f 600 736 599
f 601 738 737
f 601 737 600
f 602 739 738
f 602 738 601
f 603 740 739
f 603 739 602
f 604 741 740
f 604 740 603
f 605 742 741
f 605 741 604
f 606 743 742
f 606 742 605
f 607 744 743
f 607 743 606
f 608 745 744
f 608 744 607
f 609 746 745
f 609 745 608
f 610 747 746
f 610 746 609
f 611 748 747
f 611 747 610
f 612 749 748
f 612 748 611
f 613 750 749
f 613 749 612
f 614 751 750
f 614 750 613
f 615 752 751
f 615 751 614
f 616 753 752
f 616 752 615
f 617 754 753
f 617 753 616
f 618 755 754
f 618 754 617
f 619 756 755
f 619 755 618
f 620 757 756
f 620 756 619
f 621 758 757
f 621 757 620
f 622 759 758
f 622 758 621
f 623 760 759
f 623 759 622
f 624 761 760
f 624 760 623
f 625 762 761
f 625 761 624
f 626 763 762
f 626 762 625
f 627 764 763
f 627 763 626
f 630 765 764
f 630 764 627
f 633 766 765
f 633 765 630
f 767 766 768
f 767 769 766
f 768 633 635
f 768 766 633
f 770 769 771
f 770 772 769
f 769 767 771
f 772 773 774
f 772 770 773
f 715 842 843
f 715 843 716
f 717 844 842
f 717 842 715
f 718 845 844
f 718 844 717
f 719 846 845
f 719 845 718
f 720 847 846
f 720 846 719
f 721 848 847
f 721 847 720
f 722 849 848
f 722 848 721
f 723 850 849
f 723 849 722
f 724 851 850
f 724 850 723
f 725 852 851
f 725 851 724
f 726 853 852
f 726 852 725
f 727 854 853
f 727 853 726
f 728 855 854
f 728 854 727
f 729 856 855
f 729 855 728
f 730 857 856
f 730 856 729
f 731 858 857
f 731 857 730
f 732 859 858
f 732 858 731
f 733 860 859
f 733 859 732
f 734 861 860
f 734 860 733
f 735 862 861
f 735 861 734
f 736 863 862
f 736 862 735
f 737 864 863
f 737 863 736
f 738 865 864
f 738 864 737
f 739 866 865
f 739 865 738
f 740 867 866
f 740 866 739
f 741 868 867
f 741 867 740
f 742 869 868
f 742 868 741
f 743 870 869
f 743 869 742
f 744 871 870
f 744 870 743
f 745 872 871
f 745 871 744
f 746 873 872
f 746 872 745
f 747 874 873
f 747 873 746
f 748 875 874
f 748 874 747
f 749 876 875
f 749 875 748
f 750 877 876
f 750 876 749
f 751 878 877
f 751 877 750
f 752 879 878
f 752 878 751
f 753 880 879
f 753 879 752
f 754 881 880
f 754 880 753
f 755 882 881
f 755 881 754
f 756 883 882
f 756 882 755
f 757 884 883
f 757 883 756
f 758 885 884
f 758 884 757
f 759 886 885
f 759 885 758
f 760 887 886
f 760 886 759
f 761 888 887
f 761 887 760
f 762 889 888
f 762 888 761
f 763 890 889
f 763 889 762
f 764 891 890
f 764 890 763
f 765 892 891
f 765 891 764
f 766 893 892
f 766 892 765
f 895 769 896
f 895 893 769
f 769 893 766
f 772 897 898
f 896 772 898
f 896 769 772
f 772 774 897
f 842 971 972
f 842 972 843
f 844 973 971
f 844 971 842
f 845 974 973
f 845 973 844
f 846 975 974
f 846 974 845
f 847 976 975
f 847 975 846
f 848 977 976
f 848 976 847
f 849 978 977
f 849 977 848
f 850 979 978
f 850 978 849
f 851 980 979
f 851 979 850
f 852 981 980
f 852 980 851
f 853 982 981
f 853 981 852
f 854 983 982
f 854 982 853
f 855 984 983
f 855 983 854
f 856 985 984
f 856 984 855
f 857 986 985
f 857 985 856
f 858 987 986
f 858 986 857
f 859 988 987
f 859 987 858
f 860 989 988
f 860 988 859
f 861 990 989
f 861 989 860
f 862 991 990
f 862 990 861
f 863 992 991
f 863 991 862
f 864 993 992
f 864 992 863
f 865 994 993
f 865 993 864
f 866 995 994
f 866 994 865
f 867 996 995
f 867 995 866
f 868 997 996
f 868 996 867
f 869 998 997
f 869 997 868
f 870 999 998
f 870 998 869
f 871 1000 999
f 871 999 870
f 872 1001 1000
f 872 1000 871
f 873 1002 1001
f 873 1001 872
f 874 1003 1002
f 874 1002 873
f 875 1004 1003
f 875 1003 874
f 876 1005 1004
f 876 1004 875
f 877 1006 1005
f 877 1005 876
f 878 1007 1006
f 878 1006 877
f 879 1008 1007
f 879 1007 878
f 880 1009 1008
f 880 1008 879
f 881 1010 1009
f 881 1009 880
f 882 1011 1010
f 882 1010 881
f 883 1012 1011
f 883 1011 882
f 884 1013 1012
f 884 1012 883
f 885 1014 1013
f 885 1013 884
f 886 1015 1014
f 886 1014 885
f 887 1016 1015
f 887 1015 886
f 888 1017 1016
f 888 1016 887
f 889 1018 1017
f 889 1017 888
f 890 1019 1018
f 890 1018 889
f 891 1020 1019
f 891 1019 890
f 1022 892 1023
f 1022 1020 892
f 892 1020 891
f 893 1024 1025
f 1023 893 1025
f 1023 892 893
f 893 895 1024
f 971 1108 1109
f 971 1109 972
f 973 1110 1108
f 973 1108 971
f 974 1111 1110
f 974 1110 973
f 975 1112 1111
f 975 1111 974
f 976 1113 1112
f 976 1112 975
f 977 1114 1113
f 977 1113 976
f 978 1115 1114
f 978 1114 977
f 979 1116 1115
f 979 1115 978
f 980 1117 1116
f 980 1116 979
f 981 1118 1117
f 981 1117 980
f 982 1119 1118
f 982 1118 981
f 983 1120 1119
f 983 1119 982
f 984 1121 1120
f 984 1120 983
f 985 1122 1121
f 985 1121 984
f 986 1123 1122
f 986 1122 985
f 987 1124 1123
f 987 1123 986
f 988 1125 1124
f 988 1124 987
f 989 1126 1125
f 989 1125 988
f 990 1127 1126
f 990 1126 989
f 991 1128 1127
f 991 1127 990
f 992 1129 1128
f 992 1128 991
f 993 1130 1129
f 993 1129 992
f 994 1131 1130
f 994 1130 993
f 995 1132 1131
f 995 1131 994
f 996 1133 1132
f 996 1132 995
f 997 1134 1133
f 997 1133 996
f 998 1135 1134
f 998 1134 997
f 999 1136 1135
f 999 1135 998
f 1000 1137 1136
f 1000 1136 999
f 1001 1138 1137
f 1001 1137 1000
f 1002 1139 1138
f 1002 1138 1001
f 1003 1140 1139
f 1003 1139 1002
f 1004 1141 1140
f 1004 1140 1003
f 1005 1142 1141
f 1005 1141 1004
f 1006 1143 1142
f 1006 1142 1005
f 1007 1144 1143
f 1007 1143 1006
f 1008 1145 1144
f 1008 1144 1007
f 1009 1146 1145
f 1009 1145 1008
f 1010 1147 1146
f 1010 1146 1009
f 1011 1148 1147
f 1011 1147 1010
f 1012 1149 1148
f 1012 1148 1011
f 1013 1150 1149
f 1013 1149 1012
f 1014 1151 1150
f 1014 1150 1013
f 1015 1152 1151
f 1015 1151 1014
f 1016 1153 1152
f 1016 1152 1015
f 1155 1017 1156
f 1155 1153 1017
f 1017 1153 1016
f 1018 1157 1158
f 1156 1018 1158
f 1156 1017 1018
f 1019 1160 1161
f 1157 1019 1161
f 1157 1018 1019
f 1020 1163 1164
f 1160 1020 1164
f 1160 1019 1020
f 1020 1022 1163
f 1108 1251 1252
f 1108 1252 1109
f 1110 1253 1251
f 1110 1251 1108
f 1111 1254 1253
f 1111 1253 1110
f 1112 1255 1254
f 1112 1254 1111
f 1113 1256 1255
f 1113 1255 1112
f 1114 1257 1256
f 1114 1256 1113
f 1115 1258 1257
f 1115 1257 1114
f 1116 1259 1258
f 1116 1258 1115
f 1117 1260 1259
f 1117 1259 1116
f 1118 1261 1260
f 1118 1260 1117
f 1119 1262 1261
f 1119 1261 1118
f 1120 1263 1262
f 1120 1262 1119
f 1121 1264 1263
f 1121 1263 1120
f 1122 1265 1264
f 1122 1264 1121
f 1123 1266 1265
f 1123 1265 1122
f 1124 1267 1266
f 1124 1266 1123
f 1125 1268 1267
f 1125 1267 1124
f 1126 1269 1268
f 1126 1268 1125
f 1127 1270 1269
f 1127 1269 1126
f 1128 1271 1270
f 1128 1270 1127
f 1129 1272 1271
f 1129 1271 1128
f 1130 1273 1272
f 1130 1272 1129
f 1131 1274 1273
f 1131 1273 1130
f 1132 1275 1274
f 1132 1274 1131
f 1133 1276 1275
f 1133 1275 1132
f 1134 1277 1276
f 1134 1276 1133
f 1135 1278 1277
f 1135 1277 1134
f 1136 1279 1278
f 1136 1278 1135
f 1137 1280 1279
f 1137 1279 1136
f 1138 1281 1280
f 1138 1280 1137
f 1139 1282 1281
f 1139 1281 1138
f 1140 1283 1282
f 1140 1282 1139
f 1141 1284 1283
f 1141 1283 1140
f 1142 1285 1284
f 1142 1284 1141
f 1143 1286 1285
f 1143 1285 1142
f 1144 1287 1286
f 1144 1286 1143
f 1145 1288 1287
f 1145 1287 1144
f 1146 1289 1288
f 1146 1288 1145
f 1147 1290 1289
f 1147 1289 1146
f 1148 1291 1290
f 1148 1290 1147
f 1149 1292 1291
f 1149 1291 1148
f 1294 1150 1295
f 1294 1292 1150
f 1150 1292 1149
f 1151 1296 1297
f 1295 1151 1297
f 1295 1150 1151
f 1152 1299 1300
f 1296 1152 1300
f 1296 1151 1152
f 1153 1302 1303
f 1299 1153 1303
f 1299 1152 1153
f 1153 1155 1302
f 1251 1406 1407
f 1251 1407 1252
f 1253 1408 1406
f 1253 1406 1251
f 1254 1409 1408
f 1254 1408 1253
f 1255 1410 1409
f 1255 1409 1254
f 1256 1411 1410
f 1256 1410 1255
f 1257 1412 1411
f 1257 1411 1256
f 1258 1413 1412
f 1258 1412 1257
f 1259 1414 1413
f 1259 1413 1258
f 1260 1415 1414
f 1260 1414 1259
f 1261 1416 1415
f 1261 1415 1260
f 1262 1417 1416
f 1262 1416 1261
f 1263 1418 1417
f 1263 1417 1262
f 1264 1419 1418
f 1264 1418 1263
f 1265 1420 1419
f 1265 1419 1264
f 1266 1421 1420
f 1266 1420 1265
f 1267 1422 1421
f 1267 1421 1266
f 1268 1423 1422
f 1268 1422 1267
f 1269 1424 1423
f 1269 1423 1268
f 1270 1425 1424
f 1270 1424 1269
f 1271 1426 1425
f 1271 1425 1270
f 1272 1427 1426
f 1272 1426 1271
f 1273 1428 1427
f 1273 1427 1272
f 1274 1429 1428
f 1274 1428 1273
f 1275 1430 1429
f 1275 1429 1274
f 1276 1431 1430
f 1276 1430 1275
f 1277 1432 1431
f 1277 1431 1276
f 1278 1433 1432
f 1278 1432 1277
f 1279 1434 1433
f 1279 1433 1278
f 1280 1435 1434
f 1280 1434 1279
f 1281 1436 1435
f 1281 1435 1280
f 1282 1437 1436
f 1282 1436 1281
f 1283 1438 1437
f 1283 1437 1282
f 1284 1439 1438
f 1284 1438 1283
f 1285 1440 1439
f 1285 1439 1284
f 1286 1441 1440
f 1286 1440 1285
f 1287 1442 1441
f 1287 1441 1286
f 1288 1443 1442
f 1288 1442 1287
f 1289 1444 1443
f 1289 1443 1288
f 1290 1445 1444
f 1290 1444 1289
f 1291 1446 1445
f 1291 1445 1290
f 1448 1292 1449
f 1448 1446 1292
f 1292 1446 1291
f 1292 1294 1449

#List of body polygons
f 83 84 85
f 83 85 87
f 88 90 89
f 88 91 90
f 84 91 88
f 84 83 91
f 92 93 90
f 92 90 91
f 94 95 93
f 94 93 92
f 96 97 95
f 96 95 94
f 98 99 97
f 98 97 96
f 100 101 99
f 100 99 98
f 102 103 101
f 102 101 100
f 104 105 103
f 104 103 102
f 106 107 105
f 106 105 104
f 108 109 107
f 108 107 106
f 110 111 109
f 110 109 108
f 112 113 111
f 112 111 110
f 114 115 113
f 114 113 112
f 116 117 115
f 116 115 114
f 118 119 117
f 118 117 116
f 120 121 119
f 120 119 118
f 122 123 121
f 122 121 120
f 124 125 123
f 124 123 122
f 127 125 128
f 127 129 125
f 128 124 130
f 128 125 124
f 132 129 133
f 132 134 129
f 129 127 133
f 136 134 137
f 136 138 134
f 134 132 137
f 138 139 140
f 138 136 139
f 90 300 301
f 90 301 89
f 93 303 304
f 300 93 304
f 300 90 93
f 95 306 307
f 303 95 307
f 303 93 95
f 97 309 310
f 306 97 310
f 306 95 97
f 312 314 313
f 312 99 314
f 309 99 312
f 309 97 99
f 101 315 314
f 101 314 99
f 103 316 315
f 103 315 101
f 105 317 316
f 105 316 103
f 107 318 317
f 107 317 105
f 109 319 318
f 109 318 107
f 111 320 319
f 111 319 109
f 113 321 320
f 113 320 111
f 115 322 321
f 115 321 113
f 117 323 322
f 117 322 115
f 119 324 323
f 119 323 117
f 121 325 324
f 121 324 119
f 123 326 325
f 123 325 121
f 125 327 326
f 125 326 123
f 129 328 327
f 129 327 125
f 134 329 328
f 134 328 129
f 138 330 329
f 138 329 134
f 331 330 332
f 331 333 330
f 332 138 140
f 332 330 138
f 334 333 335
f 334 336 333
f 333 331 335
f 337 336 338
f 337 339 336
f 336 334 338
f 340 339 341
f 340 342 339
f 339 337 341
f 343 342 344
f 343 345 342
f 342 340 344
f 346 345 347
f 346 348 345
f 345 343 347
f 349 348 350
f 349 351 348
f 348 346 350
f 351 352 353
f 351 349 352
f 314 475 476
f 314 476 313
f 315 478 479
f 475 315 479
f 475 314 315
f 316 481 482
f 478 316 482
f 478 315 316
f 317 484 485
f 481 317 485
f 481 316 317
f 487 489 488
f 487 318 489
f 484 318 487
f 484 317 318
f 319 490 489
f 319 489 318
f 320 491 490
f 320 490 319
f 321 492 491
f 321 491 320
f 322 493 492
f 322 492 321
f 323 494 493
f 323 493 322
f 324 495 494
f 324 494 323
f 325 496 495
f 325 495 324
f 326 497 496
f 326 496 325
f 327 498 497
f 327 497 326
f 328 499 498
f 328 498 327
f 329 500 499
f 329 499 328
f 330 501 500
f 330 500 329
f 333 502 501
f 333 501 330
f 336 503 502
f 336 502 333
f 339 504 503
f 339 503 336
f 342 505 504
f 342 504 339
f 345 506 505
f 345 505 342
f 348 507 506
f 348 506 345
f 351 508 507
f 351 507 348
f 509 508 510
f 509 511 508
f 510 351 353
f 510 508 351
f 512 511 513
f 512 514 511
f 511 509 513
f 515 514 516
f 515 517 514
f 514 512 516
f 518 517 519
f 518 520 517
f 517 515 519
f 521 520 522
f 521 523 520
f 520 518 522
f 524 523 525
f 524 526 523
f 523 521 525
f 527 526 528
f 527 529 526
f 526 524 528
f 529 530 531
f 529 527 530
f 576 577 575
f 489 628 629
f 489 629 488
f 490 631 632
f 628 490 632
f 628 489 490
f 634 636 635
f 634 491 636
f 631 491 634
f 631 490 491
f 492 637 636
f 492 636 491
f 493 638 637
f 493 637 492
f 494 639 638
f 494 638 493
f 495 640 639
f 495 639 494
f 496 641 640
f 496 640 495
f 497 642 641
f 497 641 496
f 498 643 642
f 498 642 497
f 499 644 643
f 499 643 498
f 500 645 644
f 500 644 499
f 501 646 645
f 501 645 500
f 502 647 646
f 502 646 501
f 503 648 647
f 503 647 502
f 504 649 648
f 504 648 503
f 505 650 649
f 505 649 504
f 506 651 650
f 506 650 505
f 507 652 651
f 507 651 506
f 508 653 652
f 508 652 507
f 511 654 653
f 511 653 508
f 514 655 654
f 514 654 511
f 517 656 655
f 517 655 514
f 520 657 656
f 520 656 517
f 523 658 657
f 523 657 520
f 526 659 658
f 526 658 523
f 529 660 659
f 529 659 526
f 661 660 662
f 661 663 660
f 662 529 531
f 662 660 529
f 664 663 665
f 664 666 663
f 663 661 665
f 667 666 668
f 667 669 666
f 666 664 668
f 670 669 671
f 670 672 669
f 669 667 671
f 673 672 674
f 673 675 672
f 672 670 674
f 676 675 677
f 676 678 675
f 675 673 677
f 679 678 680
f 679 681 678
f 678 676 680
f 682 681 683
f 682 684 681
f 681 679 683
f 685 684 686
f 685 687 684
f 684 682 686
f 687 688 689
f 687 685 688
f 709 710 711
f 577 714 709
f 575 709 711
f 575 577 709
f 636 767 768
f 636 768 635
f 637 770 771
f 767 637 771
f 767 636 637
f 773 775 774
f 773 638 775
f 770 638 773
f 770 637 638
f 639 776 775
f 639 775 638
f 640 777 776
f 640 776 639
f 641 778 777
f 641 777 640
f 642 779 778
f 642 778 641
f 643 780 779
f 643 779 642
f 644 781 780
f 644 780 643
f 645 782 781
f 645 781 644
f 646 783 782
f 646 782 645
f 647 784 783
f 647 783 646
f 648 785 784
f 648 784 647
f 649 786 785
f 649 785 648
f 650 787 786
f 650 786 649
f 651 788 787
f 651 787 650
f 652 789 788
f 652 788 651
f 653 790 789
f 653 789 652
f 654 791 790
f 654 790 653
f 655 792 791
f 655 791 654
f 656 793 792
f 656 792 655
f 657 794 793
f 657 793 656
f 658 795 794
f 658 794 657
f 659 796 795
f 659 795 658
f 660 797 796
f 660 796 659
f 663 798 797
f 663 797 660
f 666 799 798
f 666 798 663
f 669 800 799
f 669 799 666
f 672 801 800
f 672 800 669
f 675 802 801
f 675 801 672
f 678 803 802
f 678 802 675
f 681 804 803
f 681 803 678
f 684 805 804
f 684 804 681
f 687 806 805
f 687 805 684
f 807 806 808
f 807 809 806
f 808 687 689
f 808 806 687
f 810 809 811
f 810 812 809
f 809 807 811
f 813 812 814
f 813 815 812
f 812 810 814
f 816 815 817
f 816 818 815
f 815 813 817
f 819 818 820
f 819 821 818
f 818 816 820
f 821 822 823
f 821 819 822
f 838 840 839
f 838 709 840
f 710 709 838
f 714 841 840
f 714 840 709
f 894 895 896
f 897 894 898
f 897 899 894
f 894 896 898
f 775 900 899
f 774 899 897
f 774 775 899
f 776 901 900
f 776 900 775
f 777 902 901
f 777 901 776
f 778 903 902
f 778 902 777
f 779 904 903
f 779 903 778
f 780 905 904
f 780 904 779
f 781 906 905
f 781 905 780
f 782 907 906
f 782 906 781
f 783 908 907
f 783 907 782
f 784 909 908
f 784 908 783
f 785 910 909
f 785 909 784
f 786 911 910
f 786 910 785
f 787 912 911
f 787 911 786
f 788 913 912
f 788 912 787
f 789 914 913
f 789 913 788
f 790 915 914
f 790 914 789
f 791 916 915
f 791 915 790
f 792 917 916
f 792 916 791
f 793 918 917
f 793 917 792
f 794 919 918
f 794 918 793
f 795 920 919
f 795 919 794
f 796 921 920
f 796 920 795
f 797 922 921
f 797 921 796
f 798 923 922
f 798 922 797
f 799 924 923
f 799 923 798
f 800 925 924
f 800 924 799
f 801 926 925
f 801 925 800
f 802 927 926
f 802 926 801
f 803 928 927
f 803 927 802
f 804 929 928
f 804 928 803
f 805 930 929
f 805 929 804
f 806 931 930
f 806 930 805
f 933 809 934
f 933 931 809
f 809 931 806
f 812 935 936
f 934 812 936
f 934 809 812
f 815 938 939
f 935 815 939
f 935 812 815
f 818 941 942
f 938 818 942
f 938 815 818
f 821 944 945
f 941 821 945
f 941 818 821
f 821 823 944
f 967 840 966
f 840 967 839
f 968 970 969
f 968 841 970
f 966 841 968
f 966 840 841
f 1021 1022 1023
f 1024 1021 1025
f 1024 1026 1021
f 1021 1023 1025
f 894 1027 1026
f 895 1026 1024
f 895 894 1026
f 899 1028 1027
f 899 1027 894
f 900 1029 1028
f 900 1028 899
f 901 1030 1029
f 901 1029 900
f 902 1031 1030
f 902 1030 901
f 903 1032 1031
f 903 1031 902
f 904 1033 1032
f 904 1032 903
f 905 1034 1033
f 905 1033 904
f 906 1035 1034
f 906 1034 905
f 907 1036 1035
f 907 1035 906
f 908 1037 1036
f 908 1036 907
f 909 1038 1037
f 909 1037 908
f 910 1039 1038
f 910 1038 909
f 911 1040 1039
f 911 1039 910
f 912 1041 1040
f 912 1040 911
f 913 1042 1041
f 913 1041 912
f 914 1043 1042
f 914 1042 913
f 915 1044 1043
f 915 1043 914
f 916 1045 1044
f 916 1044 915
f 917 1046 1045
f 917 1045 916
f 918 1047 1046
f 918 1046 917
f 919 1048 1047
f 919 1047 918
f 920 1049 1048
f 920 1048 919
f 921 1050 1049
f 921 1049 920
f 922 1051 1050
f 922 1050 921
f 1053 923 1054
f 1053 1051 923
f 923 1051 922
f 924 1055 1056
f 1054 924 1056
f 1054 923 924
f 925 1058 1059
f 1055 925 1059
f 1055 924 925
f 926 1061 1062
f 1058 926 1062
f 1058 925 926
f 927 1064 1065
f 1061 927 1065
f 1061 926 927
f 928 1067 1068
f 1064 928 1068
f 1064 927 928
f 929 1070 1071
f 1067 929 1071
f 1067 928 929
f 930 1073 1074
f 1070 930 1074
f 1070 929 930
f 931 1076 1077
f 1073 931 1077
f 1073 930 931
f 931 933 1076
f 1107 970 1106
f 970 1107 969
f 1154 1155 1156
f 1157 1154 1158
f 1157 1159 1154
f 1154 1156 1158
f 1160 1159 1161
f 1160 1162 1159
f 1159 1157 1161
f 1163 1162 1164
f 1163 1165 1162
f 1162 1160 1164
f 1021 1166 1165
f 1022 1165 1163
f 1022 1021 1165
f 1026 1167 1166
f 1026 1166 1021
f 1027 1168 1167
f 1027 1167 1026
f 1028 1169 1168
f 1028 1168 1027
f 1029 1170 1169
f 1029 1169 1028
f 1030 1171 1170
f 1030 1170 1029
f 1031 1172 1171
f 1031 1171 1030
f 1032 1173 1172
f 1032 1172 1031
f 1033 1174 1173
f 1033 1173 1032
f 1034 1175 1174
f 1034 1174 1033
f 1035 1176 1175
f 1035 1175 1034
f 1036 1177 1176
f 1036 1176 1035
f 1037 1178 1177
f 1037 1177 1036
f 1038 1179 1178
f 1038 1178 1037
f 1039 1180 1179
f 1039 1179 1038
f 1040 1181 1180
f 1040 1180 1039
f 1041 1182 1181
f 1041 1181 1040
f 1042 1183 1182
f 1042 1182 1041
f 1043 1184 1183
f 1043 1183 1042
f 1044 1185 1184
f 1044 1184 1043
f 1187 1045 1188
f 1187 1185 1045
f 1045 1185 1044
f 1046 1189 1190
f 1188 1046 1190
f 1188 1045 1046
f 1047 1192 1193
f 1189 1047 1193
f 1189 1046 1047
f 1048 1195 1196
f 1192 1048 1196
f 1192 1047 1048
f 1049 1198 1199
f 1195 1049 1199
f 1195 1048 1049
f 1050 1201 1202
f 1198 1050 1202
f 1198 1049 1050
f 1051 1204 1205
f 1201 1051 1205
f 1201 1050 1051
f 1051 1053 1204
f 1293 1294 1295
f 1296 1293 1297
f 1296 1298 1293
f 1293 1295 1297
f 1299 1298 1300
f 1299 1301 1298
f 1298 1296 1300
f 1302 1301 1303
f 1302 1304 1301
f 1301 1299 1303
f 1154 1305 1304
f 1155 1304 1302
f 1155 1154 1304
f 1159 1306 1305
f 1159 1305 1154
f 1162 1307 1306
f 1162 1306 1159
f 1165 1308 1307
f 1165 1307 1162
f 1166 1309 1308
f 1166 1308 1165
f 1167 1310 1309
f 1167 1309 1166
f 1168 1311 1310
f 1168 1310 1167
f 1169 1312 1311
f 1169 1311 1168
f 1170 1313 1312
f 1170 1312 1169
f 1171 1314 1313
f 1171 1313 1170
f 1172 1315 1314
f 1172 1314 1171
f 1173 1316 1315
f 1173 1315 1172
f 1174 1317 1316
f 1174 1316 1173
f 1175 1318 1317
f 1175 1317 1174
f 1176 1319 1318
f 1176 1318 1175
f 1177 1320 1319
f 1177 1319 1176
f 1178 1321 1320
f 1178 1320 1177
f 1323 1179 1324
f 1323 1321 1179
f 1179 1321 1178
f 1180 1325 1326
f 1324 1180 1326
f 1324 1179 1180
f 1181 1328 1329
f 1325 1181 1329
f 1325 1180 1181
f 1182 1331 1332
f 1328 1182 1332
f 1328 1181 1182
f 1183 1334 1335
f 1331 1183 1335
f 1331 1182 1183
f 1184 1337 1338
f 1334 1184 1338
f 1334 1183 1184
f 1185 1340 1341
f 1337 1185 1341
f 1337 1184 1185
f 1185 1187 1340
f 1447 1448 1449
f 1293 1450 1447
f 1294 1447 1449
f 1294 1293 1447
f 1298 1451 1450
f 1298 1450 1293
f 1301 1452 1451
f 1301 1451 1298
f 1304 1453 1452
f 1304 1452 1301
f 1305 1454 1453
f 1305 1453 1304
f 1306 1455 1454
f 1306 1454 1305
f 1307 1456 1455
f 1307 1455 1306
f 1308 1457 1456
f 1308 1456 1307
f 1309 1458 1457
f 1309 1457 1308
f 1310 1459 1458
f 1310 1458 1309
f 1311 1460 1459
f 1311 1459 1310
f 1312 1461 1460
f 1312 1460 1311
f 1313 1462 1461
f 1313 1461 1312
f 1314 1463 1462
f 1314 1462 1313
f 1315 1464 1463
f 1315 1463 1314
f 1316 1465 1464
f 1316 1464 1315
f 1317 1466 1465
f 1317 1465 1316
f 1318 1467 1466
f 1318 1466 1317
f 1469 1319 1470
f 1469 1467 1319
f 1319 1467 1318
f 1320 1471 1472
f 1470 1320 1472
f 1470 1319 1320
f 1321 1474 1475
f 1471 1321 1475
f 1471 1320 1321
f 1321 1323 1474

#List of body polygons
f 126 127 128
f 126 128 130
f 131 132 133
f 127 131 133
f 127 126 131
f 135 136 137
f 132 135 137
f 132 131 135
f 139 141 140
f 139 142 141
f 136 142 139
f 136 135 142
f 143 144 141
f 143 141 142
f 145 146 144
f 145 144 143
f 147 148 146
f 147 146 145
f 149 150 148
f 149 148 147
f 151 152 150
f 151 150 149
f 153 154 152
f 153 152 151
f 155 156 154
f 155 154 153
f 157 158 156
f 157 156 155
f 159 160 158
f 159 158 157
f 161 162 160
f 161 160 159
f 163 164 162
f 163 162 161
f 165 166 164
f 165 164 163
f 167 168 166
f 167 166 165
f 169 170 168
f 169 168 167
f 172 170 173
f 172 174 170
f 173 169 175
f 173 170 169
f 177 174 178
f 177 179 174
f 174 172 178
f 181 179 182
f 181 183 179
f 179 177 182
f 185 183 186
f 185 187 183
f 183 181 186
f 189 187 190
f 189 191 187
f 187 185 190
f 191 192 193
f 191 189 192
f 141 331 332
f 141 332 140
f 144 334 335
f 331 144 335
f 331 141 144
f 146 337 338
f 334 146 338
f 334 144 146
f 148 340 341
f 337 148 341
f 337 146 148
f 150 343 344
f 340 150 344
f 340 148 150
f 152 346 347
f 343 152 347
f 343 150 152
f 154 349 350
f 346 154 350
f 346 152 154
f 352 354 353
f 352 156 354
f 349 156 352
f 349 154 156
f 158 355 354
f 158 354 156
f 160 356 355
f 160 355 158
f 162 357 356
f 162 356 160
f 164 358 357
f 164 357 162
f 166 359 358
f 166 358 164
f 168 360 359
f 168 359 166
f 170 361 360
f 170 360 168
f 174 362 361
f 174 361 170
f 179 363 362
f 179 362 174
f 183 364 363
f 183 363 179
f 187 365 364
f 187 364 183
f 191 366 365
f 191 365 187
f 367 366 368
f 367 369 366
f 368 191 193
f 368 366 191
f 370 369 371
f 370 372 369
f 369 367 371
f 373 372 374
f 373 375 372
f 372 370 374
f 376 375 377
f 376 378 375
f 375 373 377
f 379 378 380
f 379 381 378
f 378 376 380
f 382 381 383
f 382 384 381
f 381 379 383
f 385 384 386
f 385 387 384
f 384 382 386
f 388 387 389
f 388 390 387
f 387 385 389
f 391 390 392
f 391 393 390
f 390 388 392
f 394 393 395
f 394 396 393
f 393 391 395
f 396 397 398
f 396 394 397
f 354 509 510
f 354 510 353
f 355 512 513
f 509 355 513
f 509 354 355
f 356 515 516
f 512 356 516
f 512 355 356
f 357 518 519
f 515 357 519
f 515 356 357
f 358 521 522
f 518 358 522
f 518 357 358
f 359 524 525
f 521 359 525
f 521 358 359
f 360 527 528
f 524 360 528
f 524 359 360
f 530 532 531
f 530 361 532
f 527 361 530
f 527 360 361
f 362 533 532
f 362 532 361
f 363 534 533
f 363 533 362
f 364 535 534
f 364 534 363
f 365 536 535
f 365 535 364
f 366 537 536
f 366 536 365
f 369 538 537
f 369 537 366
f 372 539 538
f 372 538 369
f 375 540 539
f 375 539 372
f 378 541 540
f 378 540 375
f 381 542 541
f 381 541 378
f 384 543 542
f 384 542 381
f 387 544 543
f 387 543 384
f 390 545 544
f 390 544 387
f 393 546 545
f 393 545 390
f 396 547 546
f 396 546 393
f 548 547 549
f 548 550 547
f 549 396 398
f 549 547 396
f 550 551 552
f 550 548 551
f 571 572 570
f 573 572 574
f 573 575 572
f 573 576 575
f 572 571 574
f 532 661 662
f 532 662 531
f 533 664 665
f 661 533 665
f 661 532 533
f 534 667 668
f 664 534 668
f 664 533 534
f 535 670 671
f 667 535 671
f 667 534 535
f 536 673 674
f 670 536 674
f 670 535 536
f 537 676 677
f 673 537 677
f 673 536 537
f 538 679 680
f 676 538 680
f 676 537 538
f 539 682 683
f 679 539 683
f 679 538 539
f 540 685 686
f 682 540 686
f 682 539 540
f 688 690 689
f 688 541 690
f 685 541 688
f 685 540 541
f 542 691 690
f 542 690 541
f 543 692 691
f 543 691 542
f 544 693 692
f 544 692 543
f 545 694 693
f 545 693 544
f 546 695 694
f 546 694 545
f 547 696 695
f 547 695 546
f 550 697 696
f 550 696 547
f 697 698 699
f 698 550 552
f 698 697 550
f 710 572 711
f 710 712 572
f 710 713 712
f 572 712 570
f 572 575 711
f 690 807 808
f 690 808 689
f 691 810 811
f 807 691 811
f 807 690 691
f 692 813 814
f 810 692 814
f 810 691 692
f 693 816 817
f 813 693 817
f 813 692 693
f 694 819 820
f 816 694 820
f 816 693 694
f 822 824 823
f 822 695 824
f 819 695 822
f 819 694 695
f 696 825 824
f 696 824 695
f 697 826 825
f 697 825 696
f 827 826 828
f 827 829 826
f 828 697 699
f 828 826 697
f 829 830 831
f 829 827 830
f 835 836 837
f 835 838 839
f 713 835 837
f 713 838 835
f 713 710 838
f 932 933 934
f 935 932 936
f 935 937 932
f 932 934 936
f 938 937 939
f 938 940 937
f 937 935 939
f 941 940 942
f 941 943 940
f 940 938 942
f 944 943 945
f 944 946 943
f 943 941 945
f 824 947 946
f 823 946 944
f 823 824 946
f 825 948 947
f 825 947 824
f 826 949 948
f 826 948 825
f 829 950 949
f 829 949 826
f 950 951 952
f 951 829 831
f 951 950 829
f 962 835 961
f 835 962 836
f 963 965 964
f 963 966 965
f 963 967 966
f 967 835 839
f 967 961 835
f 967 963 961
f 965 968 969
f 965 966 968
f 1052 1053 1054
f 1055 1052 1056
f 1055 1057 1052
f 1052 1054 1056
f 1058 1057 1059
f 1058 1060 1057
f 1057 1055 1059
f 1061 1060 1062
f 1061 1063 1060
f 1060 1058 1062
f 1064 1063 1065
f 1064 1066 1063
f 1063 1061 1065
f 1067 1066 1068
f 1067 1069 1066
f 1066 1064 1068
f 1070 1069 1071
f 1070 1072 1069
f 1069 1067 1071
f 1073 1072 1074
f 1073 1075 1072
f 1072 1070 1074
f 1076 1075 1077
f 1076 1078 1075
f 1075 1073 1077
f 932 1079 1078
f 933 1078 1076
f 933 932 1078
f 937 1080 1079
f 937 1079 932
f 940 1081 1080
f 940 1080 937
f 943 1082 1081
f 943 1081 940
f 946 1083 1082
f 946 1082 943
f 947 1084 1083
f 947 1083 946
f 948 1085 1084
f 948 1084 947
f 949 1086 1085
f 949 1085 948
f 1088 950 1089
f 1088 1086 950
f 950 1086 949
f 950 952 1089
f 1102 965 1101
f 965 1102 964
f 1103 1105 1104
f 1103 1106 1105
f 1103 1107 1106
f 1107 965 969
f 1107 1101 965
f 1107 1103 1101
f 1186 1187 1188
f 1189 1186 1190
f 1189 1191 1186
f 1186 1188 1190
f 1192 1191 1193
f 1192 1194 1191
f 1191 1189 1193
f 1195 1194 1196
f 1195 1197 1194
f 1194 1192 1196
f 1198 1197 1199
f 1198 1200 1197
f 1197 1195 1199
f 1201 1200 1202
f 1201 1203 1200
f 1200 1198 1202
f 1204 1203 1205
f 1204 1206 1203
f 1203 1201 1205
f 1052 1207 1206
f 1053 1206 1204
f 1053 1052 1206
f 1057 1208 1207
f 1057 1207 1052
f 1060 1209 1208
f 1060 1208 1057
f 1063 1210 1209
f 1063 1209 1060
f 1066 1211 1210
f 1066 1210 1063
f 1069 1212 1211
f 1069 1211 1066
f 1072 1213 1212
f 1072 1212 1069
f 1075 1214 1213
f 1075 1213 1072
f 1078 1215 1214
f 1078 1214 1075
f 1079 1216 1215
f 1079 1215 1078
f 1080 1217 1216
f 1080 1216 1079
f 1081 1218 1217
f 1081 1217 1080
f 1082 1219 1218
f 1082 1218 1081
f 1083 1220 1219
f 1083 1219 1082
f 1084 1221 1220
f 1084 1220 1083
f 1085 1222 1221
f 1085 1221 1084
f 1224 1086 1225
f 1224 1222 1086
f 1086 1222 1085
f 1086 1088 1225
f 1105 1240 1241
f 1105 1241 1104
f 1322 1323 1324
f 1325 1322 1326
f 1325 1327 1322
f 1322 1324 1326
f 1328 1327 1329
f 1328 1330 1327
f 1327 1325 1329
f 1331 1330 1332
f 1331 1333 1330
f 1330 1328 1332
f 1334 1333 1335
f 1334 1336 1333
f 1333 1331 1335
f 1337 1336 1338
f 1337 1339 1336
f 1336 1334 1338
f 1340 1339 1341
f 1340 1342 1339
f 1339 1337 1341
f 1186 1343 1342
f 1187 1342 1340
f 1187 1186 1342
f 1191 1344 1343
f 1191 1343 1186
f 1194 1345 1344
f 1194 1344 1191
f 1197 1346 1345
f 1197 1345 1194
f 1200 1347 1346
f 1200 1346 1197
f 1203 1348 1347
f 1203 1347 1200
f 1206 1349 1348
f 1206 1348 1203
f 1207 1350 1349
f 1207 1349 1206
f 1208 1351 1350
f 1208 1350 1207
f 1209 1352 1351
f 1209 1351 1208
f 1210 1353 1352
f 1210 1352 1209
f 1211 1354 1353
f 1211 1353 1210
f 1212 1355 1354
f 1212 1354 1211
f 1357 1213 1358
f 1357 1355 1213
f 1213 1355 1212
f 1214 1359 1360
f 1358 1214 1360
f 1358 1213 1214
f 1215 1362 1363
f 1359 1215 1363
f 1359 1214 1215
f 1216 1365 1366
f 1362 1216 1366
f 1362 1215 1216
f 1217 1368 1369
f 1365 1217 1369
f 1365 1216 1217
f 1218 1371 1372
f 1368 1218 1372
f 1368 1217 1218
f 1219 1374 1375
f 1371 1219 1375
f 1371 1218 1219
f 1220 1377 1378
f 1374 1220 1378
f 1374 1219 1220
f 1221 1380 1381
f 1377 1221 1381
f 1377 1220 1221
f 1222 1383 1384
f 1380 1222 1384
f 1380 1221 1222
f 1222 1224 1383
f 1468 1469 1470
f 1471 1468 1472
f 1471 1473 1468
f 1468 1470 1472
f 1474 1473 1475
f 1474 1476 1473
f 1473 1471 1475
f 1322 1477 1476
f 1323 1476 1474
f 1323 1322 1476
f 1327 1478 1477
f 1327 1477 1322
f 1330 1479 1478
f 1330 1478 1327
f 1333 1480 1479
f 1333 1479 1330
f 1336 1481 1480
f 1336 1480 1333
f 1339 1482 1481
f 1339 1481 1336
f 1342 1483 1482
f 1342 1482 1339
f 1343 1484 1483
f 1343 1483 1342
f 1344 1485 1484
f 1344 1484 1343
f 1345 1486 1485
f 1345 1485 1344
f 1346 1487 1486
f 1346 1486 1345
f 1347 1488 1487
f 1347 1487 1346
f 1348 1489 1488
f 1348 1488 1347
f 1349 1490 1489
f 1349 1489 1348
f 1350 1491 1490
f 1350 1490 1349
f 1493 1351 1494
f 1493 1491 1351
f 1351 1491 1350
f 1352 1495 1496
f 1494 1352 1496
f 1494 1351 1352
f 1353 1498 1499
f 1495 1353 1499
f 1495 1352 1353
f 1354 1501 1502
f 1498 1354 1502
f 1498 1353 1354
f 1355 1504 1505
f 1501 1355 1505
f 1501 1354 1355
f 1355 1357 1504

#List of body polygons
f 171 172 173
f 171 173 175
f 176 177 178
f 172 176 178
f 172 171 176
f 180 181 182
f 177 180 182
f 177 176 180
f 184 185 186
f 181 184 186
f 181 180 184
f 188 189 190
f 185 188 190
f 185 184 188
f 192 194 193
f 192 195 194
f 189 195 192
f 189 188 195
f 196 197 194
f 196 194 195
f 198 199 197
f 198 197 196
f 200 201 199
f 200 199 198
f 202 203 201
f 202 201 200
f 204 205 203
f 204 203 202
f 206 207 205
f 206 205 204
f 208 209 207
f 208 207 206
f 210 211 209
f 210 209 208
f 212 213 211
f 212 211 210
f 214 215 213
f 214 213 212
f 216 217 215
f 216 215 214
f 219 221 220
f 219 217 221
f 221 217 216
f 221 224 220
f 194 367 368
f 194 368 193
f 197 370 371
f 367 197 371
f 367 194 197
f 199 373 374
f 370 199 374
f 370 197 199
f 201 376 377
f 373 201 377
f 373 199 201
f 203 379 380
f 376 203 380
f 376 201 203
f 205 382 383
f 379 205 383
f 379 203 205
f 207 385 386
f 382 207 386
f 382 205 207
f 209 388 389
f 385 209 389
f 385 207 209
f 211 391 392
f 388 211 392
f 388 209 211
f 213 394 395
f 391 213 395
f 391 211 213
f 397 399 398
f 397 215 399
f 394 215 397
f 394 213 215
f 217 400 399
f 217 399 215
f 400 401 402
f 401 217 219
f 401 400 217
f 427 428 426
f 399 548 549
f 399 549 398
f 551 553 552
f 551 400 553
f 548 400 551
f 548 399 400
f 554 553 555
f 554 556 553
f 555 400 402
f 555 553 400
f 556 557 558
f 556 554 557
f 566 567 565
f 568 567 569
f 568 570 567
f 568 571 570
f 567 566 569
f 428 573 574
f 571 428 574
f 571 426 428
f 571 568 426
f 698 700 699
f 698 553 700
f 553 698 552
f 556 701 700
f 556 700 553
f 702 701 703
f 702 704 701
f 703 556 558
f 703 701 556
f 705 704 706
f 705 707 704
f 704 702 706
f 567 708 707
f 565 707 705
f 565 567 707
f 713 708 712
f 712 567 570
f 712 708 567
f 700 827 828
f 700 828 699
f 830 832 831
f 830 701 832
f 827 701 830
f 827 700 701
f 704 833 832
f 704 832 701
f 707 834 833
f 707 833 704
f 836 708 837
f 836 834 708
f 708 834 707
f 708 713 837
f 951 953 952
f 951 832 953
f 832 951 831
f 833 954 953
f 833 953 832
f 956 834 957
f 956 954 834
f 834 954 833
f 958 960 959
f 958 961 960
f 958 962 961
f 962 834 836
f 962 957 834
f 962 958 957
f 960 963 964
f 963 960 961
f 1087 1088 1089
f 953 1090 1087
f 952 1087 1089
f 952 953 1087
f 954 1091 1090
f 954 1090 953
f 1091 1092 1093
f 1092 954 956
f 1092 1091 954
f 960 1095 1096
f 960 1096 959
f 1098 1100 1099
f 1098 1101 1100
f 1098 1102 1101
f 1102 960 964
f 1102 1095 960
f 1102 1098 1095
f 1100 1103 1104
f 1103 1100 1101
f 1223 1224 1225
f 1087 1226 1223
f 1088 1223 1225
f 1088 1087 1223
f 1090 1227 1226
f 1090 1226 1087
f 1229 1091 1230
f 1229 1227 1091
f 1091 1227 1090
f 1091 1093 1230
f 1100 1233 1234
f 1100 1234 1099
f 1240 1242 1241
f 1240 1243 1242
f 1241 1100 1104
f 1241 1233 1100
f 1241 1242 1233
f 1356 1357 1358
f 1359 1356 1360
f 1359 1361 1356
f 1356 1358 1360
f 1362 1361 1363
f 1362 1364 1361
f 1361 1359 1363
f 1365 1364 1366
f 1365 1367 1364
f 1364 1362 1366
f 1368 1367 1369
f 1368 1370 1367
f 1367 1365 1369
f 1371 1370 1372
f 1371 1373 1370
f 1370 1368 1372
f 1374 1373 1375
f 1374 1376 1373
f 1373 1371 1375
f 1377 1376 1378
f 1377 1379 1376
f 1376 1374 1378
f 1380 1379 1381
f 1380 1382 1379
f 1379 1377 1381
f 1383 1382 1384
f 1383 1385 1382
f 1382 1380 1384
f 1223 1386 1385
f 1224 1385 1383
f 1224 1223 1385
f 1226 1387 1386
f 1226 1386 1223
f 1227 1388 1387
f 1227 1387 1226
f 1388 1389 1390
f 1389 1227 1229
f 1389 1388 1227
f 1492 1493 1494
f 1495 1492 1496
f 1495 1497 1492
f 1492 1494 1496
f 1498 1497 1499
f 1498 1500 1497
f 1497 1495 1499
f 1501 1500 1502
f 1501 1503 1500
f 1500 1498 1502
f 1504 1503 1505
f 1504 1506 1503
f 1503 1501 1505
f 1356 1507 1506
f 1357 1506 1504
f 1357 1356 1506
f 1361 1508 1507
f 1361 1507 1356
f 1364 1509 1508
f 1364 1508 1361
f 1367 1510 1509
f 1367 1509 1364
f 1370 1511 1510
f 1370 1510 1367
f 1373 1512 1511
f 1373 1511 1370
f 1376 1513 1512
f 1376 1512 1373
f 1379 1514 1513
f 1379 1513 1376
f 1382 1515 1514
f 1382 1514 1379
f 1385 1516 1515
f 1385 1515 1382
f 1386 1517 1516
f 1386 1516 1385
f 1387 1518 1517
f 1387 1517 1386
f 1388 1519 1518
f 1388 1518 1387
f 1519 1520 1521
f 1520 1388 1390
f 1520 1519 1388

#List of body polygons
f 218 219 220
f 222 223 218
f 224 218 220
f 224 222 218
f 223 225 226
f 225 222 229
f 225 223 222
f 401 403 402
f 401 218 403
f 218 401 219
f 223 404 403
f 223 403 218
f 404 405 406
f 405 223 226
f 405 404 223
f 416 417 415
f 425 417 424
f 425 426 417
f 425 427 426
f 424 417 416
f 403 554 555
f 403 555 402
f 557 559 558
f 557 404 559
f 554 404 557
f 554 403 404
f 560 559 561
f 560 562 559
f 561 404 406
f 561 559 404
f 563 562 564
f 563 565 562
f 563 566 565
f 562 560 564
f 417 568 569
f 566 417 569
f 566 415 417
f 566 563 415
f 568 417 426
f 559 702 703
f 559 703 558
f 562 705 706
f 702 562 706
f 702 559 562
f 562 565 705
f 955 956 957
f 955 958 959
f 958 955 957
f 1092 1094 1093
f 1092 955 1094
f 955 1092 956
f 1095 1094 1096
f 1095 1097 1094
f 1096 955 959
f 1096 1094 955
f 1097 1098 1099
f 1098 1097 1095
f 1228 1229 1230
f 1094 1231 1228
f 1093 1228 1230
f 1093 1094 1228
f 1097 1232 1231
f 1097 1231 1094
f 1233 1232 1234
f 1233 1235 1232
f 1233 1236 1235
f 1234 1097 1099
f 1234 1232 1097
f 1243 1244 1242
f 1243 1245 1244
f 1242 1236 1233
f 1242 1244 1236
f 1389 1391 1390
f 1389 1228 1391
f 1228 1389 1229
f 1231 1392 1391
f 1231 1391 1228
f 1394 1232 1395
f 1394 1392 1232
f 1232 1392 1231
f 1232 1235 1395
f 1520 1522 1521
f 1520 1391 1522
f 1391 1520 1390
f 1392 1523 1522
f 1392 1522 1391
f 1523 1524 1525
f 1524 1392 1394
f 1524 1523 1392

#List of body polygons
f 225 227 226
f 225 228 227
f 228 225 229
f 227 230 231
f 230 228 234
f 230 227 228
f 405 407 406
f 405 227 407
f 227 405 226
f 408 407 409
f 408 410 407
f 409 227 231
f 409 407 227
f 414 410 413
f 414 415 410
f 414 416 415
f 413 410 408
f 423 424 422
f 423 425 424
f 422 416 414
f 422 424 416
f 407 560 561
f 407 561 406
f 410 563 564
f 560 410 564
f 560 407 410
f 563 410 415
f 1236 1237 1235
f 1236 1238 1237
f 1245 1246 1244
f 1245 1247 1246
f 1244 1238 1236
f 1244 1246 1238
f 1393 1394 1395
f 1400 1393 1399
f 1235 1393 1395
f 1235 1399 1393
f 1235 1237 1399
f 1524 1526 1525
f 1524 1393 1526
f 1393 1524 1394
f 1526 1527 1528
f 1527 1393 1400
f 1527 1526 1393

#List of body polygons
f 230 232 231
f 230 233 232
f 233 230 234
f 232 235 236
f 235 233 245
f 235 232 233
f 232 408 409
f 232 409 231
f 411 413 412
f 411 414 413
f 412 232 236
f 412 408 232
f 412 413 408
f 421 422 420
f 421 423 422
f 420 414 411
f 420 422 414
f 1238 1239 1237
f 1247 1239 1246
f 1247 1248 1239
f 1247 1249 1248
f 1246 1239 1238
f 1397 1239 1398
f 1397 1399 1239
f 1397 1400 1399
f 1237 1239 1399
f 1239 1248 1398
f 1527 1529 1528
f 1527 1530 1529
f 1530 1400 1397
f 1530 1527 1400

#List of body polygons
f 235 237 236
f 235 238 237
f 235 239 238
f 239 245 244
f 239 235 245
f 237 246 247
f 246 237 238
f 237 411 412
f 237 412 236
f 418 420 419
f 418 421 420
f 419 237 247
f 419 411 237
f 419 420 411
f 1249 1250 1248
f 1396 1397 1398
f 1405 1250 1404
f 1405 1396 1250
f 1248 1396 1398
f 1248 1250 1396
f 1530 1531 1529
f 1530 1396 1531
f 1396 1530 1397
f 1535 1531 1534
f 1535 1536 1531
f 1534 1396 1405
f 1534 1531 1396

#List of body polygons
f 239 240 238
f 239 241 240
f 241 244 243
f 241 239 244
f 246 248 247
f 246 249 248
f 246 250 249
f 250 238 240
f 250 246 238
f 248 418 419
f 248 419 247
f 1402 1404 1403
f 1402 1405 1404
f 1532 1534 1533
f 1532 1535 1534
f 1533 1405 1402
f 1533 1534 1405

#List of body polygons
f 241 242 240
f 242 241 243
f 250 251 249
f 250 252 251
f 252 242 257
f 252 240 242
f 252 250 240
f 1401 1402 1403
f 1401 1532 1533
f 1401 1533 1402

#List of body polygons
f 252 253 251
f 252 254 253
f 254 257 256
f 254 252 257

#List of body polygons
f 254 255 253
f 255 254 256

#List of body lines
l 1537 1538
l 1538 1539
l 1539 1540
l 1540 1541
l 1541 1542
l 1542 1543
l 1543 1544
l 1544 1545
l 1545 1546
l 1546 1547
l 1538 1548
l 1548 1549
l 1549 1539
l 1539 1550
l 1550 1541
l 1541 1551
l 1551 1543
l 1543 1552
l 1552 1545
l 1545 1553
l 1553 1554
l 1554 1546
l 1548 1555
l 1555 1556
l 1556 1549
l 1549 1557
l 1557 1550
l 1550 1558
l 1558 1551
l 1551 1559
l 1559 1552
l 1552 1560
l 1560 1553
l 1553 1561
l 1561 1562
l 1562 1554
l 1555 1563
l 1563 1564
l 1564 1556
l 1556 1565
l 1565 1557
l 1557 1566
l 1566 1558
l 1558 1567
l 1567 1559
l 1559 1568
l 1568 1560
l 1560 1569
l 1569 1561
l 1561 1570
l 1570 1571
l 1571 1562
l 1563 1572
l 1572 1573
l 1573 1564
l 1564 1574
l 1574 1565
l 1565 1575
l 1575 1566
l 1566 1576
l 1576 1567
l 1567 1577
l 1577 1568
l 1568 1578
l 1578 1569
l 1569 1579
l 1579 1570
l 1570 1580
l 1580 1581
l 1581 1571
l 1572 1582
l 1582 1583
l 1583 1573
l 1573 1584
l 1584 1574
l 1574 1585
l 1585 1575
l 1575 1586
l 1586 1576
l 1576 1587
l 1587 1577
l 1577 1588
l 1588 1578
l 1578 1589
l 1589 1579
l 1579 1590
l 1590 1580
l 1580 1591
l 1591 1592
l 1592 1581
l 1582 1593
l 1593 1594
l 1594 1583
l 1583 1595
l 1595 1584
l 1584 1596
l 1596 1585
l 1585 1597
l 1597 1586
l 1586 1598
l 1598 1587
l 1587 1599
l 1599 1588
l 1588 1600
l 1600 1589
l 1589 1601
l 1601 1590
l 1590 1602
l 1602 1591
l 1591 1603
l 1603 1604
l 1604 1592
l 1593 1605
l 1605 1606
l 1606 1594
l 1594 1607
l 1607 1595
l 1595 1608
l 1608 1596
l 1596 1609
l 1609 1597
l 1597 1610
l 1610 1598
l 1598 1611
l 1611 1599
l 1599 1612
l 1612 1600
l 1600 1613
l 1613 1601
l 1601 1614
l 1614 1602
l 1602 1615
l 1615 1603
l 1605 1616
l 1616 1617
l 1617 1606
l 1606 1618
l 1618 1607
l 1607 1619
l 1619 1608
l 1608 1620
l 1620 1609
l 1609 1621
l 1621 1610
l 1610 1622
l 1622 1611
l 1611 1623
l 1623 1612
l 1612 1624
l 1624 1613
l 1613 1625
l 1625 1614
l 1614 1626
l 1626 1615
l 1616 1627
l 1627 1628
l 1628 1617
l 1617 1629
l 1629 1618
l 1618 1630
l 1630 1619
l 1619 1631
l 1631 1620
l 1620 1632
l 1632 1621
l 1621 1633
l 1633 1622
l 1622 1634
l 1634 1623
l 1623 1635
l 1635 1624
l 1624 1636
l 1636 1625
l 1625 1637
l 1637 1626
l 1627 1638
l 1638 1639
l 1639 1628
l 1628 1640
l 1640 1629
l 1629 1641
l 1641 1630
l 1630 1642
l 1642 1631
l 1631 1643
l 1643 1632
l 1632 1644
l 1644 1633
l 1633 1645
l 1645 1634
l 1634 1646
l 1646 1635
l 1635 1647
l 1647 1636
l 1636 1648
l 1648 1637
l 1638 1649
l 1649 1650
l 1650 1639
l 1639 1651
l 1651 1640
l 1640 1652
l 1652 1641
l 1641 1653
l 1653 1642
l 1642 1654
l 1654 1643
l 1643 1655
l 1655 1644
l 1644 1656
l 1656 1645
l 1645 1657
l 1657 1646
l 1646 1658
l 1658 1647
l 1647 1659
l 1659 1648
l 1649 1660
l 1660 1661
l 1661 1650
l 1650 1662
l 1662 1651
l 1651 1663
l 1663 1652
l 1652 1664
l 1664 1653
l 1653 1665
l 1665 1654
l 1654 1666
l 1666 1655
l 1655 1667
l 1667 1656
l 1656 1668
l 1668 1657
l 1657 1669
l 1669 1658
l 1658 1670
l 1670 1659
l 1660 1671
l 1671 1672
l 1672 1661
l 1661 1673
l 1673 1662
l 1662 1674
l 1674 1663
l 1663 1675
l 1675 1664
l 1664 1676
l 1676 1665
l 1665 1677
l 1677 1666
l 1666 1678
l 1678 1667
l 1667 1679
l 1679 1668
l 1668 1680
l 1680 1669
l 1669 1681
l 1681 1670
l 1671 1682
l 1682 1683
l 1683 1672
l 1672 1684
l 1684 1673
l 1673 1685
l 1685 1674
l 1674 1686
l 1686 1675
l 1675 1687
l 1687 1676
l 1676 1688
l 1688 1677
l 1677 1689
l 1689 1678
l 1678 1690
l 1690 1679
l 1679 1691
l 1691 1680
l 1680 1692
l 1692 1681
l 1682 1693
l 1693 1694
l 1694 1683
l 1683 1695
l 1695 1684
l 1684 1696
l 1696 1685
l 1685 1697
l 1697 1686
l 1686 1698
l 1698 1687
l 1687 1699
l 1699 1688
l 1688 1700
l 1700 1689
l 1689 1701
l 1701 1690
l 1690 1702
l 1702 1691
l 1691 1703
l 1703 1692
l 1693 1704
l 1704 1705
l 1705 1694
l 1694 1706
l 1706 1695
l 1695 1707
l 1707 1696
l 1696 1708
l 1708 1697
l 1697 1709
l 1709 1698
l 1698 1710
l 1710 1699
l 1699 1711
l 1711 1700
l 1700 1712
l 1712 1701
l 1701 1713
l 1713 1702
l 1702 1714
l 1714 1703
l 1704 1715
l 1715 1716
l 1716 1705
l 1705 1717
l 1717 1706
l 1706 1718
l 1718 1707
l 1707 1719
l 1719 1708
l 1708 1720
l 1720 1709
l 1709 1721
l 1721 1710
l 1710 1722
l 1722 1711
l 1711 1723
l 1723 1712
l 1712 1724
l 1724 1713
l 1713 1725
l 1725 1714
l 1715 1726
l 1726 1727
l 1727 1716
l 1716 1728
l 1728 1717
l 1717 1729
l 1729 1718
l 1718 1730
l 1730 1719
l 1719 1731
l 1731 1720
l 1720 1732
l 1732 1721
l 1721 1733
l 1733 1722
l 1722 1734
l 1734 1723
l 1723 1735
l 1735 1724
l 1724 1736
l 1736 1725
l 1726 1737
l 1737 1738
l 1738 1727
l 1727 1739
l 1739 1728
l 1728 1740
l 1740 1729
l 1729 1741
l 1741 1730
l 1730 1742
l 1742 1731
l 1731 1743
l 1743 1732
l 1732 1744
l 1744 1733
l 1733 1745
l 1745 1734
l 1734 1746
l 1746 1735
l 1735 1747
l 1747 1736
l 1737 1748
l 1748 1749
l 1749 1738
l 1738 1750
l 1750 1739
l 1739 1751
l 1751 1740
l 1740 1752
l 1752 1741
l 1741 1753
l 1753 1742
l 1742 1754
l 1754 1743
l 1743 1755
l 1755 1744
l 1744 1756
l 1756 1745
l 1745 1757
l 1757 1746
l 1746 1758
l 1758 1747
l 1748 1759
l 1759 1760
l 1760 1749
l 1749 1761
l 1761 1750
l 1750 1762
l 1762 1751
l 1751 1763
l 1763 1752
l 1752 1764
l 1764 1753
l 1753 1765
l 1765 1754
l 1754 1766
l 1766 1755
l 1755 1767
l 1767 1756
l 1756 1768
l 1768 1757
l 1757 1769
l 1769 1758
l 1759 1770
l 1770 1771
l 1771 1760
l 1760 1772
l 1772 1761
l 1761 1773
l 1773 1762
l 1762 1774
l 1774 1763
l 1763 1775
l 1775 1764
l 1764 1776
l 1776 1765
l 1765 1777
l 1777 1766
l 1766 1778
l 1778 1767
l 1767 1779
l 1779 1768
l 1768 1780
l 1780 1769
l 1770 1781
l 1781 1782
l 1782 1771
l 1771 1783
l 1783 1772
l 1772 1784
l 1784 1773
l 1773 1785
l 1785 1774
l 1774 1786
l 1786 1775
l 1775 1787
l 1787 1776
l 1776 1788
l 1788 1777
l 1777 1789
l 1789 1778
l 1778 1790
l 1790 1779
l 1779 1791
l 1791 1780
l 1781 1792
l 1792 1793
l 1793 1782
l 1782 1794
l 1794 1783
l 1783 1795
l 1795 1784
l 1784 1796
l 1796 1785
l 1785 1797
l 1797 1786
l 1786 1798
l 1798 1787
l 1787 1799
l 1799 1788
l 1788 1800
l 1800 1789
l 1789 1801
l 1801 1790
l 1790 1802
l 1802 1791
l 1792 1803
l 1803 1804
l 1804 1793
l 1793 1805
l 1805 1794
l 1794 1806
l 1806 1795
l 1795 1807
l 1807 1796
l 1796 1808
l 1808 1797
l 1797 1809
l 1809 1798
l 1798 1810
l 1810 1799
l 1799 1811
l 1811 1800
l 1800 1812
l 1812 1801
l 1801 1813
l 1813 1802
l 1803 1814
l 1814 1815
l 1815 1804
l 1804 1816
l 1816 1805
l 1805 1817
l 1817 1806
l 1806 1818
l 1818 1807
l 1807 1819
l 1819 1808
l 1808 1820
l 1820 1809
l 1809 1821
l 1821 1810
l 1810 1822
l 1822 1811
l 1811 1823
l 1823 1812
l 1812 1824
l 1824 1813
l 1814 1825
l 1825 1826
l 1826 1815
l 1815 1827
l 1827 1816
l 1816 1828
l 1828 1817
l 1817 1829
l 1829 1818
l 1818 1830
l 1830 1819
l 1819 1831
l 1831 1820
l 1820 1832
l 1832 1821
l 1821 1833
l 1833 1822
l 1822 1834
l 1834 1823
l 1823 1835
l 1835 1824
l 1825 1836
l 1836 1837
l 1837 1826
l 1826 1838
l 1838 1827
l 1827 1839
l 1839 1828
l 1828 1840
l 1840 1829
l 1829 1841
l 1841 1830
l 1830 1842
l 1842 1831
l 1831 1843
l 1843 1832
l 1832 1844
l 1844 1833
l 1833 1845
l 1845 1834
l 1834 1846
l 1846 1835
l 1836 1847
l 1847 1848
l 1848 1837
l 1837 1849
l 1849 1838
l 1838 1850
l 1850 1839
l 1839 1851
l 1851 1840
l 1840 1852
l 1852 1841
l 1841 1853
l 1853 1842
l 1842 1854
l 1854 1843
l 1843 1855
l 1855 1844
l 1844 1856
l 1856 1845
l 1845 1857
l 1857 1846
l 1847 1858
l 1858 1859
l 1859 1848
l 1848 1860
l 1860 1849
l 1849 1861
l 1861 1850
l 1850 1862
l 1862 1851
l 1851 1863
l 1863 1852
l 1852 1864
l 1864 1853
l 1853 1865
l 1865 1854
l 1854 1866
l 1866 1855
l 1855 1867
l 1867 1856
l 1856 1868
l 1868 1857
l 1858 1869
l 1869 1870
l 1870 1859
l 1859 1871
l 1871 1860
l 1860 1872
l 1872 1861
l 1861 1873
l 1873 1862
l 1862 1874
l 1874 1863
l 1863 1875
l 1875 1864
l 1864 1876
l 1876 1865
l 1865 1877
l 1877 1866
l 1866 1878
l 1878 1867
l 1867 1879
l 1879 1868
l 1869 1880
l 1880 1881
l 1881 1870
l 1870 1882
l 1882 1871
l 1871 1883
l 1883 1872
l 1872 1884
l 1884 1873
l 1873 1885
l 1885 1874
l 1874 1886
l 1886 1875
l 1875 1887
l 1887 1876
l 1876 1888
l 1888 1877
l 1877 1889
l 1889 1878
l 1878 1890
l 1890 1879
l 1880 1891
l 1891 1892
l 1892 1881
l 1881 1893
l 1893 1882
l 1882 1894
l 1894 1883
l 1883 1895
l 1895 1884
l 1884 1896
l 1896 1885
l 1885 1897
l 1897 1886
l 1886 1898
l 1898 1887
l 1887 1899
l 1899 1888
l 1888 1900
l 1900 1889
l 1889 1901
l 1901 1890
l 1891 1902
l 1902 1903
l 1903 1892
l 1892 1904
l 1904 1893
l 1893 1905
l 1905 1894
l 1894 1906
l 1906 1895
l 1895 1907
l 1907 1896
l 1896 1908
l 1908 1897
l 1897 1909
l 1909 1898
l 1898 1910
l 1910 1899
l 1899 1911
l 1911 1900
l 1900 1912
l 1912 1901
l 1902 1913
l 1913 1914
l 1914 1903
l 1903 1915
l 1915 1904
l 1904 1916
l 1916 1905
l 1905 1917
l 1917 1906
l 1906 1918
l 1918 1907
l 1907 1919
l 1919 1908
l 1908 1920
l 1920 1909
l 1909 1921
l 1921 1910
l 1910 1922
l 1922 1911
l 1911 1923
l 1923 1912
l 1913 1924
l 1924 1925
l 1925 1914
l 1914 1926
l 1926 1915
l 1915 1927
l 1927 1916
l 1916 1928
l 1928 1917
l 1917 1929
l 1929 1918
l 1918 1930
l 1930 1919
l 1919 1931
l 1931 1920
l 1920 1932
l 1932 1921
l 1921 1933
l 1933 1922
l 1922 1934
l 1934 1923
l 1924 1935
l 1935 1936
l 1936 1925
l 1925 1937
l 1937 1926
l 1926 1938
l 1938 1927
l 1927 1939
l 1939 1928
l 1928 1940
l 1940 1929
l 1929 1941
l 1941 1930
l 1930 1942
l 1942 1931
l 1931 1943
l 1943 1932
l 1932 1944
l 1944 1933
l 1933 1945
l 1945 1934
l 1935 1946
l 1946 1947
l 1947 1936
l 1936 1948
l 1948 1937
l 1937 1949
l 1949 1938
l 1938 1950
l 1950 1939
l 1939 1951
l 1951 1940
l 1940 1952
l 1952 1941
l 1941 1953
l 1953 1942
l 1942 1954
l 1954 1943
l 1943 1955
l 1955 1944
l 1944 1956
l 1956 1945
l 1946 1957
l 1957 1958
l 1958 1947
l 1947 1959
l 1959 1948
l 1948 1960
l 1960 1949
l 1949 1961
l 1961 1950
l 1950 1962
l 1962 1951
l 1951 1963
l 1963 1952
l 1952 1964
l 1964 1953
l 1953 1965
l 1965 1954
l 1954 1966
l 1966 1955
l 1955 1967
l 1967 1956
l 1957 1968
l 1968 1969
l 1969 1958
l 1958 1970
l 1970 1959
l 1959 1971
l 1971 1960
l 1960 1972
l 1972 1961
l 1961 1973
l 1973 1962
l 1962 1974
l 1974 1963
l 1963 1975
l 1975 1964
l 1964 1976
l 1976 1965
l 1965 1977
l 1977 1966
l 1966 1978
l 1978 1967
l 1968 1979
l 1979 1980
l 1980 1969
l 1969 1981
l 1981 1970
l 1970 1982
l 1982 1971
l 1971 1983
l 1983 1972
l 1972 1984
l 1984 1973
l 1973 1985
l 1985 1974
l 1974 1986
l 1986 1975
l 1975 1987
l 1987 1976
l 1976 1988
l 1988 1977
l 1977 1989
l 1989 1978
l 1979 1990
l 1990 1991
l 1991 1980
l 1980 1992
l 1992 1981
l 1981 1993
l 1993 1982
l 1982 1994
l 1994 1983
l 1983 1995
l 1995 1984
l 1984 1996
l 1996 1985
l 1985 1997
l 1997 1986
l 1986 1998
l 1998 1987
l 1987 1999
l 1999 1988
l 1988 2000
l 2000 1989
l 1990 2001
l 2001 2002
l 2002 1991
l 1991 2003
l 2003 1992
l 1992 2004
l 2004 1993
l 1993 2005
l 2005 1994
l 1994 2006
l 2006 1995
l 1995 2007
l 2007 1996
l 1996 2008
l 2008 1997
l 1997 2009
l 2009 1998
l 1998 2010
l 2010 1999
l 1999 2011
l 2011 2000
l 2001 2012
l 2012 2013
l 2013 2002
l 2002 2014
l 2014 2003
l 2003 2015
l 2015 2004
l 2004 2016
l 2016 2005
l 2005 2017
l 2017 2006
l 2006 2018
l 2018 2007
l 2007 2019
l 2019 2008
l 2008 2020
l 2020 2009
l 2009 2021
l 2021 2010
l 2010 2022
l 2022 2011
l 2012 2023
l 2023 2024
l 2024 2013
l 2013 2025
l 2025 2014
l 2014 2026
l 2026 2015
l 2015 2027
l 2027 2016
l 2016 2028
l 2028 2017
l 2017 2029
l 2029 2018
l 2018 2030
l 2030 2019
l 2019 2031
l 2031 2020
l 2020 2032
l 2032 2021
l 2021 2033
l 2033 2022
l 2023 2034
l 2034 2035
l 2035 2024
l 2024 2036
l 2036 2025
l 2025 2037
l 2037 2026
l 2026 2038
l 2038 2027
l 2027 2039
l 2039 2028
l 2028 2040
l 2040 2029
l 2029 2041
l 2041 2030
l 2030 2042
l 2042 2031
l 2031 2043
l 2043 2032
l 2032 2044
l 2044 2033
l 2034 2045
l 2045 2046
l 2046 2035
l 2035 2047
l 2047 2036
l 2036 2048
l 2048 2037
l 2037 2049
l 2049 2038
l 2038 2050
l 2050 2039
l 2039 2051
l 2051 2040
l 2040 2052
l 2052 2041
l 2041 2053
l 2053 2042
l 2042 2054
l 2054 2043
l 2043 2055
l 2055 2044
l 2045 2056
l 2056 2057
l 2057 2046
l 2046 2058
l 2058 2047
l 2047 2059
l 2059 2048
l 2048 2060
l 2060 2049
l 2049 2061
l 2061 2050
l 2050 2062
l 2062 2051
l 2051 2063
l 2063 2052
l 2052 2064
l 2064 2053
l 2053 2065
l 2065 2054
l 2054 2066
l 2066 2055
l 2056 2067
l 2067 2068
l 2068 2057
l 2057 2069
l 2069 2058
l 2058 2070
l 2070 2059
l 2059 2071
l 2071 2060
l 2060 2072
l 2072 2061
l 2061 2073
l 2073 2062
l 2062 2074
l 2074 2063
l 2063 2075
l 2075 2064
l 2064 2076
l 2076 2065
l 2065 2077
l 2077 2066
l 2067 2078
l 2078 2079
l 2079 2068
l 2068 2080
l 2080 2069
l 2069 2081
l 2081 2070
l 2070 2082
l 2082 2071
l 2071 2083
l 2083 2072
l 2072 2084
l 2084 2073
l 2073 2085
l 2085 2074
l 2074 2086
l 2086 2075
l 2075 2087
l 2087 2076
l 2076 2088
l 2088 2077
l 2078 2089
l 2089 2090
l 2090 2079
l 2079 2091
l 2091 2080
l 2080 2092
l 2092 2081
l 2081 2093
l 2093 2082
l 2082 2094
l 2094 2083
l 2083 2095
l 2095 2084
l 2084 2096
l 2096 2085
l 2085 2097
l 2097 2086
l 2086 2098
l 2098 2087
l 2087 2099
l 2099 2088
l 2089 2100
l 2100 2101
l 2101 2090
l 2090 2102
l 2102 2091
l 2091 2103
l 2103 2092
l 2092 2104
l 2104 2093
l 2093 2105
l 2105 2094
l 2094 2106
l 2106 2095
l 2095 2107
l 2107 2096
l 2096 2108
l 2108 2097
l 2097 2109
l 2109 2098
l 2098 2110
l 2110 2099
l 2100 2111
l 2111 2112
l 2112 2101
l 2101 2113
l 2113 2102
l 2102 2114
l 2114 2103
l 2103 2115
l 2115 2104
l 2104 2116
l 2116 2105
l 2105 2117
l 2117 2106
l 2106 2118
l 2118 2107
l 2107 2119
l 2119 2108
l 2108 2120
l 2120 2109
l 2109 2121
l 2121 2110
l 2111 2122
l 2122 2123
l 2123 2112
l 2112 2124
l 2124 2113
l 2113 2125
l 2125 2114
l 2114 2126
l 2126 2115
l 2115 2127
l 2127 2116
l 2116 2128
l 2128 2117
l 2117 2129
l 2129 2118
l 2118 2130
l 2130 2119
l 2119 2131
l 2131 2120
l 2120 2132
l 2132 2121
l 2122 2133
l 2133 2134
l 2134 2123
l 2123 2135
l 2135 2124
l 2124 2136
l 2136 2125
l 2125 2137
l 2137 2126
l 2126 2138
l 2138 2127
l 2127 2139
l 2139 2128
l 2128 2140
l 2140 2129
l 2129 2141
l 2141 2130
l 2130 2142
l 2142 2131
l 2131 2143
l 2143 2132
l 2133 2144
l 2144 2145
l 2145 2134
l 2134 2146
l 2146 2135
l 2135 2147
l 2147 2136
l 2136 2148
l 2148 2137
l 2137 2149
l 2149 2138
l 2138 2150
l 2150 2139
l 2139 2151
l 2151 2140
l 2140 2152
l 2152 2141
l 2141 2153
l 2153 2142
l 2142 2154
l 2154 2143
l 2144 2155
l 2155 2156
l 2156 2145
l 2145 2157
l 2157 2146
l 2146 2158
l 2158 2147
l 2147 2159
l 2159 2148
l 2148 2160
l 2160 2149
l 2149 2161
l 2161 2150
l 2150 2162
l 2162 2151
l 2151 2163
l 2163 2152
l 2152 2164
l 2164 2153
l 2153 2165
l 2165 2154
l 2155 2166
l 2166 2167
l 2167 2156
l 2156 2168
l 2168 2157
l 2157 2169
l 2169 2158
l 2158 2170
l 2170 2159
l 2159 2171
l 2171 2160
l 2160 2172
l 2172 2161
l 2161 2173
l 2173 2162
l 2162 2174
l 2174 2163
l 2163 2175
l 2175 2164
l 2164 2176
l 2176 2165
l 2166 2177
l 2177 2178
l 2178 2167
l 2167 2179
l 2179 2168
l 2168 2180
l 2180 2169
l 2169 2181
l 2181 2170
l 2170 2182
l 2182 2171
l 2171 2183
l 2183 2172
l 2172 2184
l 2184 2173
l 2173 2185
l 2185 2174
l 2174 2186
l 2186 2175
l 2175 2187
l 2187 2176
l 2177 2188
l 2188 2189
l 2189 2178
l 2178 2190
l 2190 2179
l 2179 2191
l 2191 2180
l 2180 2192
l 2192 2181
l 2181 2193
l 2193 2182
l 2182 2194
l 2194 2183
l 2183 2195
l 2195 2184
l 2184 2196
l 2196 2185
l 2185 2197
l 2197 2186
l 2186 2198
l 2198 2187
l 2188 2199
l 2199 2200
l 2200 2189
l 2189 2201
l 2201 2190
l 2190 2202
l 2202 2191
l 2191 2203
l 2203 2192
l 2192 2204
l 2204 2193
l 2193 2205
l 2205 2194
l 2194 2206
l 2206 2195
l 2195 2207
l 2207 2196
l 2196 2208
l 2208 2197
l 2197 2209
l 2209 2198
l 2199 2210
l 2210 2211
l 2211 2200
l 2200 2212
l 2212 2201
l 2201 2213
l 2213 2202
l 2202 2214
l 2214 2203
l 2203 2215
l 2215 2204
l 2204 2216
l 2216 2205
l 2205 2217
l 2217 2206
l 2206 2218
l 2218 2207
l 2207 2219
l 2219 2208
l 2208 2220
l 2220 2209
l 2210 2221
l 2221 2222
l 2222 2211
l 2211 2223
l 2223 2212
l 2212 2224
l 2224 2213
l 2213 2225
l 2225 2214
l 2214 2226
l 2226 2215
l 2215 2227
l 2227 2216
l 2216 2228
l 2228 2217
l 2217 2229
l 2229 2218
l 2218 2230
l 2230 2219
l 2219 2231
l 2231 2220
l 2221 2232
l 2232 2233
l 2233 2222
l 2222 2234
l 2234 2223
l 2223 2235
l 2235 2224
l 2224 2236
l 2236 2225
l 2225 2237
l 2237 2226
l 2226 2238
l 2238 2227
l 2227 2239
l 2239 2228
l 2228 2240
l 2240 2229
l 2229 2241
l 2241 2230
l 2230 2242
l 2242 2231
l 2232 2243
l 2243 2244
l 2244 2233
l 2233 2245
l 2245 2234
l 2234 2246
l 2246 2235
l 2235 2247
l 2247 2236
l 2236 2248
l 2248 2237
l 2237 2249
l 2249 2238
l 2238 2250
l 2250 2239
l 2239 2251
l 2251 2240
l 2240 2252
l 2252 2241
l 2241 2253
l 2253 2242
l 2243 2254
l 2254 2255
l 2255 2244
l 2244 2256
l 2256 2245
l 2245 2257
l 2257 2246
l 2246 2258
l 2258 2247
l 2247 2259
l 2259 2248
l 2248 2260
l 2260 2249
l 2249 2261
l 2261 2250
l 2250 2262
l 2262 2251
l 2251 2263
l 2263 2252
l 2252 2264
l 2264 2253
l 2254 2265
l 2265 2266
l 2266 2255
l 2255 2267
l 2267 2256
l 2256 2268
l 2268 2257
l 2257 2269
l 2269 2258
l 2258 2270
l 2270 2259
l 2259 2271
l 2271 2260
l 2260 2272
l 2272 2261
l 2261 2273
l 2273 2262
l 2262 2274
l 2274 2263
l 2263 2275
l 2275 2264
l 2265 2276
l 2276 2277
l 2277 2266
l 2266 2278
l 2278 2267
l 2267 2279
l 2279 2268
l 2268 2280
l 2280 2269
l 2269 2281
l 2281 2270
l 2270 2282
l 2282 2271
l 2271 2283
l 2283 2272
l 2272 2284
l 2284 2273
l 2273 2285
l 2285 2274
l 2274 2286
l 2286 2275
l 2276 2287
l 2287 2288
l 2288 2277
l 2277 2289
l 2289 2278
l 2278 2290
l 2290 2279
l 2279 2291
l 2291 2280
l 2280 2292
l 2292 2281
l 2281 2293
l 2293 2282
l 2282 2294
l 2294 2283
l 2283 2295
l 2295 2284
l 2284 2296
l 2296 2285
l 2285 2297
l 2297 2286
l 2287 2298
l 2298 2299
l 2299 2288
l 2288 2300
l 2300 2289
l 2289 2301
l 2301 2290
l 2290 2302
l 2302 2291
l 2291 2303
l 2303 2292
l 2292 2304
l 2304 2293
l 2293 2305
l 2305 2294
l 2294 2306
l 2306 2295
l 2295 2307
l 2307 2296
l 2296 2308
l 2308 2297
l 2298 2309
l 2309 2310
l 2310 2299
l 2299 2311
l 2311 2300
l 2300 2312
l 2312 2301
l 2301 2313
l 2313 2302
l 2302 2314
l 2314 2303
l 2303 2315
l 2315 2304
l 2304 2316
l 2316 2305
l 2305 2317
l 2317 2306
l 2306 2318
l 2318 2307
l 2307 2319
l 2319 2308
l 2309 2320
l 2320 2321
l 2321 2310
l 2310 2322
l 2322 2311
l 2311 2323
l 2323 2312
l 2312 2324
l 2324 2313
l 2313 2325
l 2325 2314
l 2314 2326
l 2326 2315
l 2315 2327
l 2327 2316
l 2316 2328
l 2328 2317
l 2317 2329
l 2329 2318
l 2318 2330
l 2330 2319
l 2320 2331
l 2331 2332
l 2332 2321
l 2321 2333
l 2333 2322
l 2322 2334
l 2334 2323
l 2323 2335
l 2335 2324
l 2324 2336
l 2336 2325
l 2325 2337
l 2337 2326
l 2326 2338
l 2338 2327
l 2327 2339
l 2339 2328
l 2328 2340
l 2340 2329
l 2329 2341
l 2341 2330
l 2331 2342
l 2342 2343
l 2343 2332
l 2332 2344
l 2344 2333
l 2333 2345
l 2345 2334
l 2334 2346
l 2346 2335
l 2335 2347
l 2347 2336
l 2336 2348
l 2348 2337
l 2337 2349
l 2349 2338
l 2338 2350
l 2350 2339
l 2339 2351
l 2351 2340
l 2340 2352
l 2352 2341
l 2342 2353
l 2353 2354
l 2354 2343
l 2343 2355
l 2355 2344
l 2344 2356
l 2356 2345
l 2345 2357
l 2357 2346
l 2346 2358
l 2358 2347
l 2347 2359
l 2359 2348
l 2348 2360
l 2360 2349
l 2349 2361
l 2361 2350
l 2350 2362
l 2362 2351
l 2351 2363
l 2363 2352
l 2353 2364
l 2364 2365
l 2365 2354
l 2354 2366
l 2366 2355
l 2355 2367
l 2367 2356
l 2356 2368
l 2368 2357
l 2357 2369
l 2369 2358
l 2358 2370
l 2370 2359
l 2359 2371
l 2371 2360
l 2360 2372
l 2372 2361
l 2361 2373
l 2373 2362
l 2362 2374
l 2374 2363
l 2364 2375
l 2375 2376
l 2376 2365
l 2365 2377
l 2377 2366
l 2366 2378
l 2378 2367
l 2367 2379
l 2379 2368
l 2368 2380
l 2380 2369
l 2369 2381
l 2381 2370
l 2370 2382
l 2382 2371
l 2371 2383
l 2383 2372
l 2372 2384
l 2384 2373
l 2373 2385
l 2385 2374
l 2375 2386
l 2386 2387
l 2387 2376
l 2376 2388
l 2388 2377
l 2377 2389
l 2389 2378
l 2378 2390
l 2390 2379
l 2379 2391
l 2391 2380
l 2380 2392
l 2392 2381
l 2381 2393
l 2393 2382
l 2382 2394
l 2394 2383
l 2383 2395
l 2395 2384
l 2384 2396
l 2396 2385
l 2386 2397
l 2397 2398
l 2398 2387
l 2387 2399
l 2399 2388
l 2388 2400
l 2400 2389
l 2389 2401
l 2401 2390
l 2390 2402
l 2402 2391
l 2391 2403
l 2403 2392
l 2392 2404
l 2404 2393
l 2393 2405
l 2405 2394
l 2394 2406
l 2406 2395
l 2395 2407
l 2407 2396
l 2397 2408
l 2408 2409
l 2409 2398
l 2398 2410
l 2410 2399
l 2399 2411
l 2411 2400
l 2400 2412
l 2412 2401
l 2401 2413
l 2413 2402
l 2402 2414
l 2414 2403
l 2403 2415
l 2415 2404
l 2404 2416
l 2416 2405
l 2405 2417
l 2417 2406
l 2406 2418
l 2418 2407
l 2408 2419
l 2419 2420
l 2420 2409
l 2409 2421
l 2421 2410
l 2410 2422
l 2422 2411
l 2411 2423
l 2423 2412
l 2412 2424
l 2424 2413
l 2413 2425
l 2425 2414
l 2414 2426
l 2426 2415
l 2415 2427
l 2427 2416
l 2416 2428
l 2428 2417
l 2417 2429
l 2429 2418
l 2419 2430
l 2430 2431
l 2431 2420
l 2420 2432
l 2432 2421
l 2421 2433
l 2433 2422
l 2422 2434
l 2434 2423
l 2423 2435
l 2435 2424
l 2424 2436
l 2436 2425
l 2425 2437
l 2437 2426
l 2426 2438
l 2438 2427
l 2427 2439
l 2439 2428
l 2428 2440
l 2440 2429
l 2430 2441
l 2441 2442
l 2442 2431
l 2431 2443
l 2443 2432
l 2432 2444
l 2444 2433
l 2433 2445
l 2445 2434
l 2434 2446
l 2446 2435
l 2435 2447
l 2447 2436
l 2436 2448
l 2448 2437
l 2437 2449
l 2449 2438
l 2438 2450
l 2450 2439
l 2439 2451
l 2451 2440
l 2441 2452
l 2452 2453
l 2453 2442
l 2442 2454
l 2454 2443
l 2443 2455
l 2455 2444
l 2444 2456
l 2456 2445
l 2445 2457
l 2457 2446
l 2446 2458
l 2458 2447
l 2447 2459
l 2459 2448
l 2448 2460
l 2460 2449
l 2449 2461
l 2461 2450
l 2450 2462
l 2462 2451
l 2452 2463
l 2463 2464
l 2464 2453
l 2453 2465
l 2465 2454
l 2454 2466
l 2466 2455
l 2455 2467
l 2467 2456
l 2456 2468
l 2468 2457
l 2457 2469
l 2469 2458
l 2458 2470
l 2470 2459
l 2459 2471
l 2471 2460
l 2460 2472
l 2472 2461
l 2461 2473
l 2473 2462
l 2463 2474
l 2474 2475
l 2475 2464
l 2464 2476
l 2476 2465
l 2465 2477
l 2477 2466
l 2466 2478
l 2478 2467
l 2467 2479
l 2479 2468
l 2468 2480
l 2480 2469
l 2469 2481
l 2481 2470
l 2470 2482
l 2482 2471
l 2471 2483
l 2483 2472
l 2472 2484
l 2484 2473
l 2474 2485
l 2485 2486
l 2486 2475
l 2475 2487
l 2487 2476
l 2476 2488
l 2488 2477
l 2477 2489
l 2489 2478
l 2478 2490
l 2490 2479
l 2479 2491
l 2491 2480
l 2480 2492
l 2492 2481
l 2481 2493
l 2493 2482
l 2482 2494
l 2494 2483
l 2483 2495
l 2495 2484
l 2485 2496
l 2496 2497
l 2497 2486
l 2486 2498
l 2498 2487
l 2487 2499
l 2499 2488
l 2488 2500
l 2500 2489
l 2489 2501
l 2501 2490
l 2490 2502
l 2502 2491
l 2491 2503
l 2503 2492
l 2492 2504
l 2504 2493
l 2493 2505
l 2505 2494
l 2494 2506
l 2506 2495
l 2496 2507
l 2507 2508
l 2508 2497
l 2497 2509
l 2509 2498
l 2498 2510
l 2510 2499
l 2499 2511
l 2511 2500
l 2500 2512
l 2512 2501
l 2501 2513
l 2513 2502
l 2502 2514
l 2514 2503
l 2503 2515
l 2515 2504
l 2504 2516
l 2516 2505
l 2505 2517
l 2517 2506
l 2507 2518
l 2518 2519
l 2519 2508
l 2508 2520
l 2520 2509
l 2509 2521
l 2521 2510
l 2510 2522
l 2522 2511
l 2511 2523
l 2523 2512
l 2512 2524
l 2524 2513
l 2513 2525
l 2525 2514
l 2514 2526
l 2526 2515
l 2515 2527
l 2527 2516
l 2516 2528
l 2528 2517
l 2518 2529
l 2529 2530
l 2530 2519
l 2519 2531
l 2531 2520
l 2520 2532
l 2532 2521
l 2521 2533
l 2533 2522
l 2522 2534
l 2534 2523
l 2523 2535
l 2535 2524
l 2524 2536
l 2536 2525
l 2525 2537
l 2537 2526
l 2526 2538
l 2538 2527
l 2527 2539
l 2539 2528
l 2529 2540
l 2540 2541
l 2541 2530
l 2530 2542
l 2542 2531
l 2531 2543
l 2543 2532
l 2532 2544
l 2544 2533
l 2533 2545
l 2545 2534
l 2534 2546
l 2546 2535
l 2535 2547
l 2547 2536
l 2536 2548
l 2548 2537
l 2537 2549
l 2549 2538
l 2538 2550
l 2550 2539
l 2540 2551
l 2551 2552
l 2552 2541
l 2541 2553
l 2553 2542
l 2542 2554
l 2554 2543
l 2543 2555
l 2555 2544
l 2544 2556
l 2556 2545
l 2545 2557
l 2557 2546
l 2546 2558
l 2558 2547
l 2547 2559
l 2559 2548
l 2548 2560
l 2560 2549
l 2549 2561
l 2561 2550
l 2551 2562
l 2562 2563
l 2563 2552
l 2552 2564
l 2564 2553
l 2553 2565
l 2565 2554
l 2554 2566
l 2566 2555
l 2555 2567
l 2567 2556
l 2556 2568
l 2568 2557
l 2557 2569
l 2569 2558
l 2558 2570
l 2570 2559
l 2559 2571
l 2571 2560
l 2560 2572
l 2572 2561
l 2562 2573
l 2573 2574
l 2574 2563
l 2563 2575
l 2575 2564
l 2564 2576
l 2576 2565
l 2565 2577
l 2577 2566
l 2566 2578
l 2578 2567
l 2567 2579
l 2579 2568
l 2568 2580
l 2580 2569
l 2569 2581
l 2581 2570
l 2570 2582
l 2582 2571
l 2571 2583
l 2583 2572
l 2573 2584
l 2584 2585
l 2585 2574
l 2574 2586
l 2586 2575
l 2575 2587
l 2587 2576
l 2576 2588
l 2588 2577
l 2577 2589
l 2589 2578
l 2578 2590
l 2590 2579
l 2579 2591
l 2591 2580
l 2580 2592
l 2592 2581
l 2581 2593
l 2593 2582
l 2582 2594
l 2594 2583
l 2585 2595
l 2595 2586
l 2586 2596
l 2596 2587
l 2587 2597
l 2597 2588
l 2588 2598
l 2598 2589
l 2589 2599
l 2599 2590
l 2590 2600
l 2600 2591
l 2591 2601
l 2601 2592
l 2592 2602
l 2602 2593
l 2593 2603
l 2603 2594
l 2595 2604
l 2604 2596
l 2596 2605
l 2605 2597
l 2597 2606
l 2606 2598
l 2598 2607
l 2607 2599
l 2599 2608
l 2608 2600
l 2600 2609
l 2609 2601
l 2601 2610
l 2610 2602
l 2602 2611
l 2611 2603
l 2604 2612
l 2612 2605
l 2605 2613
l 2613 2606
l 2606 2614
l 2614 2607
l 2607 2615
l 2615 2608
l 2608 2616
l 2616 2609
l 2609 2617
l 2617 2610
l 2610 2618
l 2618 2611
l 2612 2619
l 2619 2613
l 2613 2620
l 2620 2614
l 2614 2621
l 2621 2615
l 2615 2622
l 2622 2616
l 2616 2623
l 2623 2617
l 2617 2624
l 2624 2618
l 2619 2625
l 2625 2620
l 2620 2626
l 2626 2621
l 2621 2627
l 2627 2622
l 2622 2628
l 2628 2623
l 2623 2629
l 2629 2624
l 2630 2631
l 2632 2630
l 2631 2633
l 2634 2631
l 2632 2634
l 2635 2632
l 2633 2636
l 2637 2633
l 2634 2637
l 2638 2634
l 2635 2638
l 2639 2635
l 2636 2625
l 2626 2636
l 2637 2626
l 2627 2637
l 2638 2627
l 2628 2638
l 2639 2628
l 2629 2639
l 1537 2640
l 1540 1537
l 2641 1540
l 1542 2641
l 2642 1542
l 1544 2642
l 1547 1544
l 2643 1547
l 2640 2644
l 2641 2640
l 2645 2641
l 2642 2645
l 2643 2642
l 2646 2643
l 2644 2647
l 2645 2644
l 2646 2645
l 2647 2646


