#OBJ File generated by Abaqus/CAE
#List of Vertices
v 1.23649e-06 0.0100005 -8.87203e-07
v 0.00499197 0.00496166 0.0015041
v 0.00529105 0.00998525 0.00157245
v 0.0101428 0.00996927 0.00302032
v 0.0100188 0.000143333 0.00301993
v 0.0100054 -0.000101878 0.00301706
v 0.0100184 -0.000113239 0.00301867
v 0.00996459 -0.000110266 0.00302216
v 7.19343e-05 -8.84861e-05 0.00360124
v 4.77538e-05 0.00354786 0.00230168
v 0.0201184 0.00995898 0.00229354
v 0.018576 0.00996047 0.00240658
v 0.0200264 0.00386172 0.002291
v 0.0199653 -0.000116861 0.00228968
v 0.015951 0.00400548 0.00258817
v 0.0145331 0.00996557 0.0027003
v 0.0106049 0.00949508 0.00298577
v 0.0104935 0.00996704 0.00299424
v 0.015693 -0.000115575 0.00260331
v 0.0261172 0.00377751 0.00175796
v 0.0265712 0.0099557 0.00172944
v 0.0300812 0.00995074 0.00142453
v 0.0299073 -0.000128074 0.00141997
v 0.0214752 -0.000118611 0.0021569
v 0.0275381 -0.000126175 0.00162821
v 0.0398349 -0.000133601 0.000410352
v 0.0398872 0.00264228 0.000410767
v 0.0396408 6.65725e-05 0.000430877
v 0.0400276 0.00994729 0.000415198
v 0.0396198 -0.000132969 0.000432631
v 0.0407622 0.00918624 0.00032718
v 0.0407721 0.00994722 0.000328237
v 0.0499581 0.00994387 -0.000733201
v 0.0497439 -0.000135395 -0.000736957
v 0.0596385 -0.000137428 -0.00202282
v 0.0598726 0.0099396 -0.00202039
v 0.0695108 -0.000138348 -0.00344385
v 0.0697643 0.00993893 -0.00344714
v 0.0796348 0.00993779 -0.00501181
v 0.0784673 0.00993766 -0.00482647
v 0.0796303 0.00978456 -0.00501122
v 0.079363 -0.000139375 -0.00500276
v 0.0797526 0.00981277 -0.00503209
v 0.0855175 0.0099384 -0.00602863
v 0.0894793 0.00993798 -0.0067134
v 0.0891932 -0.000138699 -0.00670118
v 0.0989957 -0.000137602 -0.008534
v 0.0993003 0.00993821 -0.00855473
v 0.108771 -0.000134376 -0.0105056
v 0.109093 0.00994029 -0.0105349
v 0.118519 -0.000133389 -0.0126122
v 0.118854 0.00993985 -0.0126473
v 0.128236 -0.000132619 -0.0148554
v 0.128587 0.00993895 -0.014899
v 0.13792 -0.000133781 -0.0172333
v 0.138287 0.00993901 -0.0172893
v 0.14757 -0.000134649 -0.0197473
v 0.147949 0.00993912 -0.0198132
v 0.157184 -0.000136356 -0.0223952
v 0.157575 0.00993524 -0.0224694
v 0.166759 -0.000136965 -0.0251789
v 0.167161 0.00993233 -0.0252613
v 0.176295 -0.00014045 -0.0280945
v 0.17671 0.00992934 -0.0281891
v 0.185789 -0.000141883 -0.0311454
v 0.186213 0.00992826 -0.0312497
v 0.195241 -0.000145258 -0.034328
v 0.195674 0.00992214 -0.0344403
v 0.204644 -0.000148588 -0.0376391
v 0.205087 0.00991892 -0.0377635
v 0.214004 -0.00015281 -0.0410843
v 0.214456 0.00991467 -0.0412208
v 0.223316 -0.000158855 -0.044659
v 0.223772 0.0099114 -0.0448064
v 0.232572 -0.000161756 -0.0483615
v 0.233038 0.00990531 -0.0485194
v 0.241781 -0.000165326 -0.0521962
v 0.242251 0.00990137 -0.0523635
v 0.250933 -0.000170465 -0.0561559
v 0.25141 0.00989578 -0.0563352
v 0.260513 0.00989066 -0.060434
v 0.252352 0.00989538 -0.0567604
v 0.260499 0.00962863 -0.0604299
v 0.260033 -0.000175086 -0.0602454
v 0.269072 -0.000177028 -0.0644616
v 0.269529 0.00928535 -0.0646492
v 0.260748 0.00961453 -0.0605448
v 0.269558 0.00988806 -0.0646622
v 0.278054 -0.000183108 -0.0688
v 0.278493 0.00884375 -0.0689912
v 0.270089 0.00925556 -0.0649194
v 0.278544 0.00988131 -0.0690124
v 0.286973 -0.000185219 -0.0732656
v 0.28739 0.00831738 -0.0734547
v 0.279459 0.00878727 -0.0694743
v 0.287467 0.00987841 -0.07349
v 0.295834 -0.000190017 -0.0778563
v 0.296224 0.00777454 -0.0780402
v 0.288836 0.00822852 -0.0742026
v 0.296327 0.00987276 -0.0780876
v 0.304628 -0.000195324 -0.0825668
v 0.304995 0.00726799 -0.0827488
v 0.298154 0.00765793 -0.079075
v 0.305124 0.00986663 -0.0828101
v 0.313357 -0.000198852 -0.0874019
v 0.313703 0.00678471 -0.0875772
v 0.30737 0.00712049 -0.0840631
v 0.313854 0.00986223 -0.0876546
v 0.322019 -0.000204213 -0.092356
v 0.322339 0.00628919 -0.092525
v 0.316496 0.00660663 -0.0891776
v 0.322517 0.0098589 -0.0926222
v 0.330613 -0.000209167 -0.0974315
v 0.330905 0.00575757 -0.097593
v 0.325564 0.0060684 -0.0944307
v 0.331108 0.00985309 -0.0977046
v 0.339135 -0.000214279 -0.102624
v 0.339402 0.00518767 -0.102777
v 0.334587 0.00549098 -0.0998362
v 0.339632 0.0098471 -0.102909
v 0.347585 -0.000217242 -0.107936
v 0.347822 0.00459779 -0.108078
v 0.343556 0.00488015 -0.10539
v 0.348082 0.00984039 -0.10823
v 0.355962 -0.000221523 -0.113365
v 0.356171 0.00398615 -0.113493
v 0.352469 0.00424004 -0.111089
v 0.356458 0.00983527 -0.113669
v 0.364265 -0.000227651 -0.11891
v 0.364441 0.00335765 -0.119021
v 0.361312 0.00357892 -0.116928
v 0.364757 0.00983129 -0.119224
v 0.372491 -0.000233188 -0.124569
v 0.372635 0.00270516 -0.124663
v 0.370088 0.00289248 -0.122907
v 0.372979 0.00982504 -0.12489
v 0.380639 -0.000238566 -0.130342
v 0.380748 0.00203038 -0.130415
v 0.378799 0.00217888 -0.129031
v 0.381125 0.00981903 -0.130673
v 0.388708 -0.000244184 -0.136227
v 0.388785 0.00132952 -0.136281
v 0.387441 0.00143655 -0.135299
v 0.389188 0.00981284 -0.136566
v 0.396695 -0.000250426 -0.142223
v 0.396734 0.000604908 -0.142253
v 0.396014 0.000664102 -0.141711
v 0.39717 0.00980613 -0.142569
v 0.404601 -0.000254746 -0.148332
v 0.404606 -0.000149938 -0.148335
v 0.404516 -0.000142762 -0.148264
v 0.405072 0.00979855 -0.148684
v 0.41242 -0.000260298 -0.154547
v 0.412887 0.00979278 -0.154907
v 0.405679 -0.000257658 -0.149187
v 0.420157 -0.000267374 -0.160871
v 0.420618 0.00978559 -0.161238
v 0.427806 -0.000273269 -0.167301
v 0.428259 0.00977969 -0.167674
v 0.435368 -0.000281132 -0.173835
v 0.435815 0.00977203 -0.174216
v 0.442839 -0.000288156 -0.180474
v 0.443278 0.00976533 -0.18086
v 0.450222 -0.000294503 -0.187217
v 0.450654 0.00975661 -0.187608
v 0.457511 -0.000300221 -0.194061
v 0.457936 0.00974869 -0.194456
v 0.464708 -0.000308291 -0.201005
v 0.465122 0.00974154 -0.201403
v 0.472217 0.00973228 -0.208449
v 0.46996 0.00973654 -0.206209
v 0.472204 0.00946363 -0.208437
v 0.471809 -0.000315763 -0.208046
v 0.478814 -0.000322681 -0.215185
v 0.479164 0.00858309 -0.215545
v 0.472412 0.00943458 -0.20865
v 0.479211 0.00972672 -0.215592
v 0.48572 -0.000328886 -0.22242
v 0.486032 0.00766611 -0.222746
v 0.480033 0.00845407 -0.216453
v 0.48611 0.0097163 -0.222827
v 0.49253 -0.000337228 -0.229748
v 0.492798 0.00671524 -0.230038
v 0.487569 0.00743137 -0.224401
v 0.492911 0.00970978 -0.230162
v 0.499241 -0.000344653 -0.237172
v 0.499463 0.00572995 -0.23742
v 0.495017 0.00636492 -0.232495
v 0.499611 0.00970151 -0.237586
v 0.505848 -0.000350955 -0.244686
v 0.506031 0.00470674 -0.244896
v 0.502374 0.00525002 -0.240731
v 0.50621 0.00969174 -0.2451
v 0.512357 -0.000361707 -0.252289
v 0.512497 0.0036429 -0.252455
v 0.509638 0.00408523 -0.24911
v 0.512707 0.00968356 -0.252705
v 0.518759 -0.00036803 -0.259981
v 0.518859 0.00254446 -0.260103
v 0.51681 0.00287276 -0.257637
v 0.519101 0.00967433 -0.260398
v 0.525059 -0.000375379 -0.267761
v 0.525119 0.00140225 -0.267835
v 0.523882 0.00161132 -0.266307
v 0.52539 0.00966725 -0.268179
v 0.531256 -0.000383461 -0.275629
v 0.531274 0.000225049 -0.275653
v 0.530857 0.000296689 -0.275122
v 0.531575 0.00965687 -0.276044
v 0.537344 -0.000391867 -0.283578
v 0.537652 0.00964933 -0.283994
v 0.534333 -0.000388583 -0.279647
v 0.543328 -0.000403176 -0.29161
v 0.543623 0.00963922 -0.292024
v 0.549198 -0.000411068 -0.299722
v 0.549485 0.00962998 -0.300136
v 0.554963 -0.000418045 -0.307918
v 0.55524 0.00961903 -0.308327
v 0.560618 -0.000429409 -0.316189
v 0.560881 0.00960984 -0.316594
v 0.566159 -0.000435901 -0.324538
v 0.566412 0.00960007 -0.324939
v 0.57159 -0.000445661 -0.332961
v 0.571833 0.00959031 -0.333359
v 0.576906 -0.00045522 -0.341455
v 0.577139 0.00958109 -0.341851
v 0.582112 -0.0004668 -0.350023
v 0.58233 0.00957017 -0.350412
v 0.587408 0.00956113 -0.359046
v 0.584036 0.00956649 -0.353312
v 0.587388 0.00862357 -0.359008
v 0.587199 -0.000473982 -0.358661
v 0.592171 -0.000484789 -0.367365
v 0.592322 0.0071408 -0.367652
v 0.587936 0.008445 -0.359969
v 0.59237 0.00954886 -0.367744
v 0.597029 -0.00049556 -0.376138
v 0.597142 0.0055881 -0.376365
v 0.593709 0.0066628 -0.370158
v 0.597214 0.00953985 -0.37651
v 0.601768 -0.000505624 -0.384975
v 0.601845 0.00396038 -0.385138
v 0.599374 0.00477711 -0.380526
v 0.601944 0.00952905 -0.385341
v 0.60639 -0.000514145 -0.393877
v 0.606435 0.00226107 -0.393975
v 0.604928 0.00278344 -0.391072
v 0.606554 0.00951723 -0.394233
v 0.610891 -0.000523281 -0.402838
v 0.610906 0.000489331 -0.402873
v 0.61037 0.000682414 -0.401802
v 0.611046 0.00950811 -0.403188
v 0.615276 -0.000535112 -0.41186
v 0.61542 0.00949665 -0.412202
v 0.61332 -0.000530388 -0.407835
v 0.619539 -0.000545862 -0.42094
v 0.619674 0.00948373 -0.421273
v 0.62368 -0.000554715 -0.430076
v 0.623805 0.00947309 -0.430399
v 0.627703 -0.000566559 -0.439269
v 0.627816 0.00946281 -0.439581
v 0.631602 -0.000577602 -0.448511
v 0.631705 0.00945072 -0.448815
v 0.635382 -0.000589783 -0.457808
v 0.635475 0.0094379 -0.4581
v 0.639036 -0.00059923 -0.467154
v 0.639118 0.00942812 -0.467434
v 0.642566 -0.000610884 -0.476546
v 0.642642 0.00941362 -0.476816
v 0.645973 -0.000620686 -0.485986
v 0.646039 0.0094042 -0.486244
v 0.649254 -0.000633689 -0.495467
v 0.649313 0.00939208 -0.495716
v 0.652463 0.00937824 -0.505228
v 0.650303 0.00938698 -0.498705
v 0.652456 0.00789313 -0.505194
v 0.652414 -0.000645823 -0.504994
v 0.655445 -0.000656018 -0.51456
v 0.65547 0.00560323 -0.514697
v 0.653048 0.00740644 -0.507059
v 0.655487 0.00936667 -0.514781
v 0.658352 -0.00066911 -0.524164
v 0.658367 0.00314361 -0.524245
v 0.656932 0.00430129 -0.519517
v 0.658385 0.0093555 -0.524373
v 0.661133 -0.000678118 -0.533809
v 0.661137 0.000471319 -0.53383
v 0.660715 0.000844925 -0.532373
v 0.661159 0.00934284 -0.534002
v 0.663789 -0.000690871 -0.543487
v 0.663808 0.00932976 -0.543667
v 0.662193 -0.000683709 -0.53767
v 0.666316 -0.000703325 -0.553196
v 0.666329 0.00931735 -0.553364
v 0.668717 -0.000714308 -0.56294
v 0.668723 0.00930366 -0.563091
v 0.670992 -0.000728741 -0.572711
v 0.670994 0.0092899 -0.572851
v 0.673139 -0.000739386 -0.582514
v 0.673135 0.0092773 -0.582637
v 0.67516 -0.000754159 -0.59234
v 0.675149 0.00926386 -0.592448
v 0.677052 -0.000766228 -0.602193
v 0.677037 0.00925345 -0.602289
v 0.678817 -0.000777052 -0.612071
v 0.678799 0.00923854 -0.612149
v 0.680454 -0.000788629 -0.621969
v 0.680431 0.00922617 -0.622031
v 0.681101 0.00484883 -0.626332
v 0.680724 0.00922284 -0.623954
v 0.681935 0.00921207 -0.631927
v 0.681962 -0.000801885 -0.631881
v 0.681549 -0.000799087 -0.629157
v 0.683346 -0.000812805 -0.641814
v 0.683313 0.00920361 -0.641846
v 0.684602 -0.000821854 -0.651758
v 0.684564 0.00919112 -0.651772
v 0.685709 -0.000848671 -0.661501
v 0.688084 0.00917319 -0.661263
v 0.0101437 0.0103297 0.00301904
v 0.00947144 0.0106355 0.00281753
v 0.00164427 0.0183781 0.000488695
v 0.0101454 0.0145095 0.00301916
v 3.96472e-06 0.0200025 -2.47312e-06
v 0.00732507 0.0199767 0.00217687
v 0.0101465 0.0186921 0.00301699
v 0.0101461 0.0199656 0.00301617
v 1.48804e-06 0.0193479 -7.46864e-07
v 2.55222e-06 0.0162292 -3.23455e-06
v 3.25774e-06 0.0131068 -1.71167e-06
v 0.0201184 0.019953 0.00229559
v 0.0168149 0.0199561 0.0025338
v 0.0201191 0.0163761 0.00229366
v 0.0300796 0.0199484 0.00143359
v 0.0400295 0.0199446 0.000426992
v 0.0340249 0.0199452 0.00103579
v 0.0400288 0.0108101 0.000417302
v 0.0499598 0.0199406 -0.000715996
v 0.0598741 0.0199385 -0.00200208
v 0.0525702 0.01994 -0.00105474
v 0.0598718 0.0135275 -0.00201404
v 0.0697659 0.0106285 -0.00344628
v 0.0685632 0.0111536 -0.00327163
v 0.0697665 0.0199368 -0.00342606
v 0.0796352 0.0199375 -0.00498943
v 0.0894806 0.00998392 -0.0067144
v 0.08943 0.00998987 -0.00670631
v 0.0852906 0.0199375 -0.00596659
v 0.0894821 0.0195075 -0.00669309
v 0.0894816 0.0199366 -0.00669068
v 0.0993017 0.0103091 -0.00855528
v 0.098921 0.0103258 -0.00848397
v 0.0898886 0.0195232 -0.00676916
v 0.0993012 0.019147 -0.00853228
v 0.0993023 0.0199387 -0.008533
v 0.109094 0.0106593 -0.0105324
v 0.10838 0.0106664 -0.0103868
v 0.100047 0.0191776 -0.00868449
v 0.109093 0.0190892 -0.0105111
v 0.109093 0.0199396 -0.0105098
v 0.118856 0.0109499 -0.0126456
v 0.117871 0.010948 -0.0124323
v 0.109897 0.0191164 -0.0106855
v 0.118858 0.0191418 -0.0126291
v 0.118857 0.0199382 -0.012624
v 0.128587 0.0111612 -0.014897
v 0.127408 0.0111526 -0.014625
v 0.119618 0.0191576 -0.0128032
v 0.128588 0.0192125 -0.0148791
v 0.12859 0.0199393 -0.0148786
v 0.138285 0.0112931 -0.0172841
v 0.136978 0.0112871 -0.016963
v 0.129285 0.0192215 -0.0150504
v 0.138287 0.0192672 -0.0172678
v 0.138287 0.0199385 -0.0172649
v 0.147948 0.0113564 -0.0198073
v 0.146581 0.0113535 -0.0194509
v 0.138931 0.0192707 -0.0174341
v 0.147952 0.019291 -0.0197918
v 0.14795 0.019938 -0.0197898
v 0.157574 0.0113638 -0.0224656
v 0.156197 0.0113661 -0.022086
v 0.148569 0.0192937 -0.0199617
v 0.157575 0.0192854 -0.0224485
v 0.157576 0.0199336 -0.0224467
v 0.167161 0.0113267 -0.025259
v 0.165823 0.01133 -0.0248691
v 0.158201 0.0192826 -0.0226311
v 0.167164 0.0192471 -0.0252416
v 0.167162 0.0199333 -0.0252405
v 0.17671 0.0112507 -0.0281869
v 0.17544 0.0112597 -0.0277974
v 0.167821 0.0192424 -0.0254432
v 0.176711 0.0191854 -0.0281697
v 0.17671 0.0199301 -0.0281685
v 0.186213 0.0111492 -0.0312462
v 0.185042 0.0111575 -0.0308674
v 0.177424 0.019178 -0.0283988
v 0.186215 0.0191037 -0.0312313
v 0.186215 0.019926 -0.0312276
v 0.195674 0.0110233 -0.0344383
v 0.194621 0.0110346 -0.0340828
v 0.187005 0.0190915 -0.0314973
v 0.195675 0.0189992 -0.0344219
v 0.195676 0.019923 -0.034422
v 0.205089 0.010879 -0.0377637
v 0.204173 0.0108902 -0.0374389
v 0.196555 0.0189878 -0.0347343
v 0.205089 0.0188799 -0.0377466
v 0.20509 0.0199201 -0.0377473
v 0.214453 0.0107149 -0.041218
v 0.213695 0.0107256 -0.0409381
v 0.206077 0.0188628 -0.0381116
v 0.214457 0.0187374 -0.0412041
v 0.214455 0.0199162 -0.0412013
v 0.223771 0.0105227 -0.0448029
v 0.223193 0.0105331 -0.0445815
v 0.215574 0.0187144 -0.0416333
v 0.223774 0.0185699 -0.0447908
v 0.223774 0.0199106 -0.0447871
v 0.233038 0.0103119 -0.0485195
v 0.232654 0.0103207 -0.0483662
v 0.225041 0.018541 -0.045298
v 0.233039 0.0183852 -0.0485055
v 0.233038 0.0199082 -0.0485031
v 0.242252 0.0101005 -0.0523638
v 0.242063 0.0101051 -0.0522853
v 0.23447 0.0183519 -0.0491019
v 0.242254 0.0182092 -0.0523507
v 0.242252 0.0199022 -0.052347
v 0.251411 0.00991346 -0.0563364
v 0.251396 0.00991338 -0.05633
v 0.243832 0.0181771 -0.0530351
v 0.251412 0.01807 -0.0563252
v 0.251411 0.0198977 -0.0563197
v 0.260514 0.0179512 -0.0604244
v 0.253105 0.0180371 -0.0570862
v 0.260515 0.0198937 -0.0604219
v 0.269559 0.0178055 -0.0646503
v 0.262304 0.0179135 -0.0612608
v 0.269558 0.0198896 -0.0646468
v 0.278544 0.0175945 -0.0690036
v 0.271476 0.0177524 -0.0655781
v 0.278545 0.0198843 -0.0690002
v 0.287466 0.0173231 -0.0734795
v 0.28065 0.0175221 -0.0700585
v 0.287468 0.0198802 -0.0734767
v 0.296327 0.0170403 -0.0780787
v 0.289803 0.0172416 -0.0746923
v 0.296328 0.0198764 -0.0780771
v 0.305125 0.016792 -0.0828036
v 0.298891 0.0169581 -0.0794561
v 0.305122 0.0198722 -0.0827996
v 0.313852 0.0165772 -0.0876476
v 0.30788 0.0167102 -0.0843329
v 0.313853 0.0198671 -0.0876452
v 0.322516 0.0163618 -0.0926131
v 0.316779 0.016487 -0.0893254
v 0.322516 0.0198602 -0.0926098
v 0.33111 0.0161281 -0.097701
v 0.325608 0.0162613 -0.0944445
v 0.331109 0.0198569 -0.097697
v 0.33963 0.0158686 -0.102903
v 0.334383 0.0160105 -0.0996988
v 0.33963 0.0198507 -0.1029
v 0.34808 0.0155942 -0.108227
v 0.343102 0.0157393 -0.10509
v 0.348079 0.0198467 -0.108222
v 0.356456 0.0153063 -0.113665
v 0.351759 0.0154514 -0.110615
v 0.356454 0.0198417 -0.113662
v 0.364755 0.0150106 -0.119218
v 0.360344 0.0151498 -0.116265
v 0.364755 0.019835 -0.119216
v 0.372978 0.0147068 -0.124888
v 0.368858 0.0148399 -0.122045
v 0.372976 0.0198292 -0.124883
v 0.381123 0.014391 -0.130671
v 0.377297 0.0145208 -0.127953
v 0.381121 0.0198237 -0.130666
v 0.389188 0.0140625 -0.136564
v 0.385663 0.0141858 -0.133986
v 0.389186 0.0198183 -0.136562
v 0.397169 0.0137238 -0.142568
v 0.393954 0.0138399 -0.140148
v 0.397166 0.0198125 -0.142565
v 0.405071 0.0133714 -0.148684
v 0.402164 0.0134822 -0.146433
v 0.405067 0.019806 -0.148681
v 0.412885 0.0130079 -0.154906
v 0.410297 0.0131091 -0.152844
v 0.412883 0.0197985 -0.154904
v 0.420617 0.0126299 -0.161238
v 0.418348 0.0127227 -0.159379
v 0.420613 0.0197927 -0.161236
v 0.428258 0.0122399 -0.167673
v 0.426319 0.0123225 -0.16604
v 0.428256 0.0197855 -0.167673
v 0.435812 0.0118347 -0.174214
v 0.434205 0.0119048 -0.172822
v 0.435809 0.0197767 -0.174212
v 0.443279 0.0114139 -0.180859
v 0.442005 0.0114746 -0.179727
v 0.443272 0.019772 -0.180858
v 0.450653 0.01098 -0.187607
v 0.44972 0.0110254 -0.186754
v 0.450646 0.0197625 -0.187605
v 0.457934 0.0105299 -0.194454
v 0.457346 0.0105596 -0.193902
v 0.457926 0.0197568 -0.194454
v 0.465123 0.0100635 -0.201403
v 0.464881 0.0100766 -0.20117
v 0.465113 0.0197492 -0.201402
v 0.472205 0.0197425 -0.208449
v 0.469569 0.0197433 -0.205828
v 0.472206 0.0196018 -0.208448
v 0.479204 0.019211 -0.215592
v 0.472309 0.0195956 -0.208554
v 0.479201 0.0197339 -0.215592
v 0.4861 0.0188075 -0.22283
v 0.479581 0.0191831 -0.215988
v 0.4861 0.0197265 -0.222831
v 0.492902 0.0183856 -0.230162
v 0.486758 0.0187573 -0.22354
v 0.492901 0.0197173 -0.230163
v 0.499601 0.0179509 -0.237587
v 0.493842 0.018312 -0.231205
v 0.499599 0.0197094 -0.237587
v 0.5062 0.0175004 -0.245103
v 0.500827 0.0178495 -0.238982
v 0.506199 0.0197002 -0.245103
v 0.512698 0.0170315 -0.252707
v 0.507712 0.0173696 -0.246872
v 0.512695 0.0196928 -0.252708
v 0.519091 0.0165471 -0.2604
v 0.514498 0.016872 -0.254874
v 0.519087 0.0196845 -0.260401
v 0.525384 0.0160444 -0.268181
v 0.521185 0.0163534 -0.262988
v 0.525378 0.0196756 -0.268183
v 0.531567 0.0155262 -0.276046
v 0.527764 0.0158164 -0.27121
v 0.531562 0.0196665 -0.276048
v 0.537645 0.014987 -0.283994
v 0.534242 0.0152579 -0.279543
v 0.537639 0.0196574 -0.283997
v 0.543617 0.0144328 -0.292028
v 0.540613 0.0146801 -0.287985
v 0.543608 0.019649 -0.292028
v 0.54948 0.0138548 -0.300138
v 0.546875 0.0140799 -0.296535
v 0.549469 0.0196386 -0.300139
v 0.555232 0.0132553 -0.308328
v 0.553032 0.0134534 -0.305194
v 0.555223 0.0196296 -0.308332
v 0.560877 0.0126314 -0.316598
v 0.55908 0.0127992 -0.313963
v 0.560864 0.0196197 -0.316599
v 0.566409 0.0119793 -0.324941
v 0.565019 0.0121159 -0.322846
v 0.566395 0.0196093 -0.324944
v 0.571829 0.0112957 -0.333358
v 0.570852 0.0113991 -0.331843
v 0.571814 0.019602 -0.333366
v 0.577137 0.0105802 -0.341851
v 0.576575 0.0106415 -0.340952
v 0.577119 0.0195896 -0.341854
v 0.582329 0.00982966 -0.350413
v 0.582188 0.0098445 -0.350177
v 0.582309 0.0195816 -0.350417
v 0.587387 0.0195697 -0.359049
v 0.592349 0.0195606 -0.36775
v 0.597195 0.0195492 -0.376515
v 0.601922 0.019539 -0.385346
v 0.606532 0.0195279 -0.394238
v 0.606175 0.0195294 -0.39355
v 0.60653 0.0194775 -0.394239
v 0.611025 0.0187734 -0.403194
v 0.606558 0.0194696 -0.39429
v 0.611022 0.0195198 -0.403193
v 0.615399 0.0180519 -0.412207
v 0.611383 0.0186984 -0.40393
v 0.615396 0.0195066 -0.412206
v 0.619654 0.0173099 -0.421277
v 0.616078 0.0179049 -0.413654
v 0.619647 0.0194979 -0.421279
v 0.623786 0.0165421 -0.430403
v 0.620647 0.0170879 -0.42347
v 0.623779 0.0194858 -0.430405
v 0.627801 0.0157335 -0.439586
v 0.625087 0.016236 -0.433381
v 0.627791 0.0194743 -0.439587
v 0.631693 0.0148723 -0.448818
v 0.629409 0.0153295 -0.443402
v 0.631677 0.019464 -0.448819
v 0.627798 0.0157335 -0.439583
v 0.635463 0.0139539 -0.458103
v 0.633613 0.014358 -0.453547
v 0.635448 0.0194503 -0.458105
v 0.639109 0.0129791 -0.467437
v 0.637694 0.0133147 -0.463818
v 0.63909 0.0194398 -0.467438
v 0.642634 0.0119508 -0.476818
v 0.641656 0.0121982 -0.474212
v 0.642612 0.0194276 -0.47682
v 0.646035 0.0108743 -0.486245
v 0.645485 0.0110214 -0.48472
v 0.646008 0.0194178 -0.486247
v 0.649312 0.00975045 -0.495715
v 0.649183 0.00978747 -0.495341
v 0.649282 0.0194054 -0.495718
v 0.652431 0.0193914 -0.50523
v 0.655455 0.01938 -0.514784
v 0.658353 0.019369 -0.524376
v 0.661125 0.0193568 -0.534003
v 0.663773 0.0193443 -0.543667
v 0.666295 0.0193327 -0.553366
v 0.668687 0.0193199 -0.563092
v 0.670956 0.0193072 -0.572851
v 0.673098 0.0192928 -0.582636
v 0.675112 0.0192807 -0.592448
v 0.673419 0.0192913 -0.584206
v 0.675117 0.0182442 -0.592448
v 0.677007 0.0168736 -0.602284
v 0.675373 0.01792 -0.593785
v 0.676998 0.0192689 -0.602286
v 0.678777 0.014789 -0.612148
v 0.677579 0.016029 -0.60547
v 0.678758 0.0192558 -0.612144
v 0.680424 0.010877 -0.62203
v 0.680011 0.011742 -0.61955
v 0.680392 0.0192423 -0.622026
v 0.681896 0.0192302 -0.631925
v 0.683273 0.0192177 -0.641838
v 0.684525 0.0192072 -0.651767
v 0.687935 0.0191928 -0.66129
v 0.010147 0.0218437 0.00301179
v 0.00861602 0.0214809 0.00256002
v 0.00641501 0.0236591 0.00190588
v 0.0101468 0.0245411 0.00300881
v 0.00421489 0.0258351 0.00125313
v 0.0101442 0.0272389 0.00300798
v 0.00201515 0.0280152 0.000595957
v 0.0101444 0.029937 0.00300391
v 2.28548e-06 0.0300075 -2.67889e-06
v 0.0101458 0.0299594 0.00300138
v 2.33048e-06 0.0284035 -2.42163e-06
v 1.4118e-06 0.0266507 -2.18336e-06
v 1.22706e-06 0.0248967 -1.52945e-06
v 1.7365e-06 0.0231416 -4.82388e-07
v 1.43122e-06 0.0213884 -5.6925e-07
v 0.0101721 0.0299309 0.00300134
v 0.0102016 0.0299579 0.00299932
v 0.0173603 0.0299522 0.00248675
v 0.0139185 0.0261715 0.0027366
v 0.0201175 0.0299504 0.0022879
v 0.0201183 0.0251096 0.00229112
v 0.017664 0.0224147 0.00247028
v 0.0101458 0.0299594 0.00300138
v 0.0300812 0.0237417 0.00143178
v 0.0272417 0.0228002 0.00167453
v 0.0300793 0.0299446 0.0014307
v 0.0400302 0.0299404 0.000429721
v 0.049961 0.0299383 -0.000712273
v 0.0406225 0.0299412 0.000360841
v 0.0499598 0.0220299 -0.000716418
v 0.0598724 0.029938 -0.00199454
v 0.0590886 0.0299377 -0.00189435
v 0.0598738 0.0293111 -0.00199556
v 0.0697651 0.0237305 -0.00342325
v 0.0611478 0.0286487 -0.0021788
v 0.0697635 0.0299378 -0.00341742
v 0.0796357 0.0207221 -0.00498853
v 0.0784647 0.0211229 -0.00480272
v 0.0796345 0.0299371 -0.00498057
v 0.089481 0.0299377 -0.00668297
v 0.0993002 0.0299384 -0.00852206
v 0.109094 0.029938 -0.0105007
v 0.118856 0.0299382 -0.0126154
v 0.128589 0.0299382 -0.0148689
v 0.126034 0.0299362 -0.0142759
v 0.12859 0.0299345 -0.0148679
v 0.12938 0.0299371 -0.0150627
v 0.138287 0.0299364 -0.0172563
v 0.147949 0.029935 -0.0197794
v 0.157575 0.029933 -0.0224384
v 0.167161 0.0299322 -0.0252326
v 0.176709 0.0299287 -0.0281607
v 0.171264 0.0299307 -0.0264909
v 0.17671 0.0298977 -0.0281608
v 0.186212 0.0298198 -0.0312216
v 0.176739 0.0298983 -0.0281708
v 0.186211 0.0299273 -0.0312211
v 0.195673 0.0297149 -0.0344136
v 0.186315 0.0298188 -0.0312563
v 0.195672 0.0299243 -0.0344152
v 0.205088 0.029591 -0.0377416
v 0.195872 0.029713 -0.0344864
v 0.205087 0.0299185 -0.0377384
v 0.214453 0.0294402 -0.0411965
v 0.205401 0.0295855 -0.0378571
v 0.214455 0.029915 -0.0411967
v 0.223772 0.0292609 -0.0447848
v 0.214908 0.0294286 -0.0413718
v 0.22377 0.0299128 -0.044783
v 0.233037 0.0290636 -0.0485018
v 0.224389 0.0292436 -0.0450307
v 0.233036 0.029908 -0.0484988
v 0.24225 0.0288633 -0.0523444
v 0.233835 0.0290425 -0.0488342
v 0.242248 0.0299057 -0.0523453
v 0.251409 0.0286869 -0.0563179
v 0.243219 0.0288456 -0.0527661
v 0.251408 0.0298992 -0.0563175
v 0.260511 0.0285288 -0.0604203
v 0.252527 0.0286695 -0.056822
v 0.260509 0.0298963 -0.060418
v 0.269555 0.0283498 -0.0646459
v 0.26177 0.0285024 -0.0610073
v 0.269554 0.0298905 -0.0646446
v 0.278541 0.0281209 -0.0689985
v 0.270978 0.0283075 -0.0653365
v 0.27854 0.0298867 -0.0689984
v 0.287463 0.0278482 -0.073476
v 0.280174 0.0280554 -0.0698182
v 0.287461 0.0298841 -0.0734751
v 0.296324 0.0275648 -0.0780761
v 0.289335 0.0277682 -0.0744464
v 0.296322 0.0298792 -0.0780767
v 0.305119 0.0273115 -0.082799
v 0.298426 0.0274881 -0.0792052
v 0.305118 0.0298741 -0.0828003
v 0.313848 0.0270878 -0.0876453
v 0.307418 0.0272404 -0.0840757
v 0.313846 0.029871 -0.0876457
v 0.32251 0.026863 -0.0926111
v 0.316322 0.0270134 -0.0890638
v 0.322509 0.0298664 -0.0926125
v 0.331104 0.0266136 -0.097697
v 0.325166 0.026774 -0.0941828
v 0.331101 0.0298597 -0.0976964
v 0.339625 0.0263375 -0.1029
v 0.333958 0.0265085 -0.0994404
v 0.339624 0.029856 -0.102904
v 0.348074 0.0260422 -0.108223
v 0.342698 0.0262162 -0.104838
v 0.348074 0.029849 -0.108226
v 0.35645 0.0257324 -0.113664
v 0.351378 0.0259032 -0.110369
v 0.356449 0.029844 -0.113665
v 0.36475 0.0254089 -0.119217
v 0.359988 0.0255789 -0.116032
v 0.364745 0.0298404 -0.119219
v 0.372974 0.0250772 -0.124887
v 0.368528 0.0252401 -0.121822
v 0.372968 0.029835 -0.124889
v 0.381117 0.0247335 -0.130668
v 0.376995 0.0248918 -0.127743
v 0.381113 0.0298272 -0.13067
v 0.389181 0.0243802 -0.136564
v 0.385386 0.0245273 -0.133788
v 0.389176 0.0298224 -0.136566
v 0.397164 0.0240107 -0.142567
v 0.393702 0.0241544 -0.139965
v 0.397158 0.0298175 -0.142572
v 0.405064 0.0236306 -0.148682
v 0.401939 0.0237635 -0.146264
v 0.405058 0.0298092 -0.148687
v 0.412878 0.0232364 -0.154904
v 0.410099 0.0233597 -0.152693
v 0.412873 0.029803 -0.15491
v 0.420608 0.0228307 -0.161236
v 0.418179 0.0229395 -0.159245
v 0.420601 0.0297986 -0.161242
v 0.428253 0.0224072 -0.167673
v 0.426175 0.0225078 -0.165925
v 0.428243 0.0297901 -0.167678
v 0.435807 0.0219713 -0.174216
v 0.434088 0.0220552 -0.172726
v 0.435796 0.0297831 -0.174219
v 0.443272 0.0215197 -0.18086
v 0.441915 0.0215895 -0.179653
v 0.443261 0.0297774 -0.180867
v 0.450644 0.0210523 -0.187606
v 0.449657 0.0211044 -0.186703
v 0.450632 0.02977 -0.187614
v 0.457926 0.0205685 -0.194455
v 0.457312 0.0206021 -0.193877
v 0.457914 0.0297638 -0.194464
v 0.465113 0.0200684 -0.201403
v 0.464875 0.020082 -0.201173
v 0.465099 0.0297557 -0.201411
v 0.47219 0.0297488 -0.208457
v 0.479187 0.0297402 -0.215602
v 0.486084 0.0297328 -0.22284
v 0.492884 0.029724 -0.230171
v 0.499582 0.0297166 -0.237597
v 0.506181 0.029708 -0.245113
v 0.512675 0.0297014 -0.252718
v 0.519069 0.0296912 -0.260411
v 0.525359 0.0296835 -0.268194
v 0.531541 0.0296757 -0.276059
v 0.527014 0.029683 -0.270302
v 0.531541 0.0293005 -0.276058
v 0.53762 0.0287599 -0.284008
v 0.531785 0.0292738 -0.276376
v 0.537617 0.0296654 -0.284006
v 0.543589 0.0282013 -0.292038
v 0.538197 0.0286964 -0.284785
v 0.543587 0.0296586 -0.292041
v 0.549452 0.0276193 -0.300148
v 0.544504 0.0280935 -0.293302
v 0.549449 0.0296472 -0.300151
v 0.555206 0.0270197 -0.308341
v 0.550703 0.0274707 -0.301931
v 0.555198 0.0296403 -0.308342
v 0.560849 0.0263975 -0.316607
v 0.556795 0.0268191 -0.310667
v 0.560841 0.0296298 -0.316611
v 0.56638 0.0257556 -0.324951
v 0.562773 0.0261471 -0.319511
v 0.566371 0.0296218 -0.324957
v 0.571799 0.025091 -0.333369
v 0.568638 0.0254457 -0.328459
v 0.57179 0.0296114 -0.333376
v 0.577107 0.0244004 -0.341862
v 0.574393 0.0247169 -0.337518
v 0.577093 0.0296018 -0.341866
v 0.5823 0.0236766 -0.350423
v 0.580033 0.0239554 -0.346685
v 0.582285 0.0295909 -0.350429
v 0.587378 0.0229152 -0.359052
v 0.585564 0.0231521 -0.355969
v 0.587359 0.0295822 -0.35906
v 0.592343 0.0221124 -0.367753
v 0.590983 0.0223007 -0.365371
v 0.592322 0.0295706 -0.367761
v 0.590986 0.0223007 -0.365374
v 0.597188 0.021268 -0.376518
v 0.596296 0.0213991 -0.374902
v 0.597165 0.0295627 -0.376527
v 0.60192 0.0203777 -0.385347
v 0.601491 0.020445 -0.384548
v 0.601893 0.0295503 -0.385355
v 0.6065 0.0295403 -0.394247
v 0.610991 0.0295304 -0.403201
v 0.615363 0.0295184 -0.412214
v 0.619615 0.0295083 -0.421286
v 0.623746 0.0294979 -0.430413
v 0.627758 0.0294852 -0.439594
v 0.631646 0.0294741 -0.448827
v 0.635412 0.0294655 -0.458114
v 0.639056 0.0294514 -0.467446
v 0.642576 0.0294419 -0.476827
v 0.645973 0.0294288 -0.486253
v 0.649245 0.0294194 -0.495724
v 0.652394 0.0294056 -0.505235
v 0.651114 0.0294105 -0.50137
v 0.652393 0.0290103 -0.505235
v 0.655421 0.0280037 -0.514788
v 0.652531 0.0289545 -0.505666
v 0.655415 0.0293943 -0.514787
v 0.658322 0.0269596 -0.524378
v 0.65588 0.0278091 -0.516305
v 0.658314 0.0293839 -0.524379
v 0.661101 0.0258662 -0.534007
v 0.659091 0.0266102 -0.527042
v 0.661087 0.0293693 -0.534006
v 0.663753 0.0247165 -0.54367
v 0.662168 0.0253402 -0.53789
v 0.663733 0.0293576 -0.543668
v 0.666277 0.023505 -0.553366
v 0.665104 0.0239935 -0.548857
v 0.666253 0.0293468 -0.553366
v 0.668676 0.0222268 -0.563092
v 0.667899 0.0225659 -0.559943
v 0.668647 0.0293353 -0.563094
v 0.67095 0.0208808 -0.57285
v 0.670552 0.0210594 -0.571145
v 0.670917 0.0293208 -0.572851
v 0.673095 0.0195051 -0.582636
v 0.673047 0.0195262 -0.58241
v 0.673058 0.0293079 -0.582637
v 0.675071 0.0292974 -0.592449
v 0.676956 0.0292844 -0.602284
v 0.678716 0.0292702 -0.612142
v 0.680348 0.0292589 -0.622023
v 0.681855 0.0292462 -0.631922
v 0.683234 0.0292331 -0.641836
v 0.684484 0.0292219 -0.651761
v 0.687787 0.0292083 -0.661316
v 2.28054e-06 0.040009 -9.44615e-07
v 0.00157222 0.0384544 0.000462559
v 0.00510042 0.03998 0.00150093
v 0.010143 0.0399526 0.00298975
v 0.0101439 0.0360361 0.00299517
v 0.00587433 0.0341914 0.00173728
v 3.23012e-06 0.0374961 -3.56232e-06
v 2.27207e-06 0.0305948 -5.88114e-07
v 0.0122529 0.0378366 0.00284156
v 0.0138191 0.0399482 0.00272728
v 0.0195698 0.0399447 0.00231299
v 0.0155518 0.03453 0.00260812
v 0.0201156 0.0399441 0.00227592
v 0.0201178 0.0329329 0.0022842
v 0.0188485 0.0312229 0.00237728
v 0.0261085 0.0339298 0.00176734
v 0.0289506 0.0399415 0.00151759
v 0.0300803 0.0399408 0.00142009
v 0.040029 0.0399379 0.000422367
v 0.0333369 0.0399412 0.00109239
v 0.0400307 0.0311694 0.000428348
v 0.0499576 0.0399375 -0.000715892
v 0.0569144 0.0329214 -0.00161324
v 0.0516323 0.0399365 -0.000933209
v 0.0598722 0.0399352 -0.00199844
v 0.0697618 0.0399363 -0.00342022
v 0.0796348 0.0399337 -0.00498323
v 0.0723105 0.0399359 -0.00382506
v 0.079635 0.035557 -0.00498237
v 0.0894815 0.0323352 -0.0066842
v 0.0858842 0.0335897 -0.00606229
v 0.0894787 0.0399355 -0.00668413
v 0.0993026 0.0307982 -0.00852294
v 0.0982715 0.0309859 -0.00832981
v 0.0992987 0.0399345 -0.00852269
v 0.109094 0.0301557 -0.010499
v 0.10886 0.030175 -0.0104513
v 0.109092 0.0399354 -0.0105021
v 0.118857 0.0299474 -0.012616
v 0.118848 0.029948 -0.0126141
v 0.118855 0.0399372 -0.0126198
v 0.128587 0.0399357 -0.014872
v 0.138287 0.0299763 -0.0172573
v 0.13825 0.0299758 -0.0172483
v 0.138282 0.0399358 -0.0172593
v 0.147949 0.0300115 -0.0197798
v 0.147877 0.030011 -0.0197615
v 0.147945 0.0399333 -0.0197832
v 0.157574 0.030013 -0.0224397
v 0.1575 0.0300124 -0.022419
v 0.15757 0.0399334 -0.0224442
v 0.167161 0.0299685 -0.0252322
v 0.167126 0.0299689 -0.0252226
v 0.167157 0.0399319 -0.0252386
v 0.176705 0.0399279 -0.0281667
v 0.186207 0.0399262 -0.0312269
v 0.195667 0.039923 -0.0344205
v 0.205081 0.0399202 -0.037747
v 0.214448 0.0399168 -0.0412044
v 0.223765 0.039912 -0.0447906
v 0.233029 0.0399106 -0.0485091
v 0.24224 0.0399061 -0.0523526
v 0.2514 0.0399004 -0.0563257
v 0.260502 0.0398985 -0.0604293
v 0.269546 0.0398938 -0.0646564
v 0.27853 0.0398913 -0.0690105
v 0.287452 0.0398845 -0.0734845
v 0.296313 0.0398812 -0.0780885
v 0.305107 0.0398779 -0.082812
v 0.313836 0.039874 -0.0876582
v 0.322496 0.0398687 -0.0926231
v 0.33109 0.0398643 -0.0977116
v 0.339611 0.0398603 -0.102917
v 0.34806 0.0398531 -0.108239
v 0.356433 0.0398481 -0.113676
v 0.364731 0.0398446 -0.119233
v 0.372953 0.0398395 -0.124903
v 0.381097 0.0398322 -0.130685
v 0.389159 0.0398282 -0.13658
v 0.397141 0.0398213 -0.142585
v 0.405038 0.0398169 -0.148701
v 0.412855 0.0398091 -0.154926
v 0.420582 0.0398033 -0.161256
v 0.419093 0.0398044 -0.160037
v 0.420583 0.0397105 -0.161258
v 0.428226 0.0392004 -0.167694
v 0.420658 0.0397041 -0.161321
v 0.428225 0.0397964 -0.167694
v 0.435779 0.0386744 -0.174234
v 0.428702 0.0391636 -0.168107
v 0.435778 0.0397911 -0.174238
v 0.443244 0.0381321 -0.180882
v 0.436666 0.0386026 -0.175025
v 0.443239 0.0397845 -0.180882
v 0.450616 0.0375675 -0.187626
v 0.444542 0.03802 -0.182069
v 0.450612 0.0397764 -0.18763
v 0.457897 0.036986 -0.194475
v 0.452334 0.0374151 -0.189242
v 0.457892 0.0397696 -0.194479
v 0.465086 0.0363815 -0.201422
v 0.460039 0.0367871 -0.196545
v 0.465077 0.039764 -0.201429
v 0.472178 0.0357594 -0.208469
v 0.467654 0.0361351 -0.203974
v 0.472169 0.039757 -0.208476
v 0.479173 0.0351136 -0.215609
v 0.47518 0.0354581 -0.211533
v 0.479162 0.0397483 -0.215617
v 0.486073 0.0344441 -0.222847
v 0.482613 0.0347552 -0.219217
v 0.48606 0.0397411 -0.222856
v 0.492873 0.0337534 -0.230179
v 0.489954 0.0340258 -0.227031
v 0.492858 0.0397326 -0.230187
v 0.499574 0.0330383 -0.237603
v 0.497198 0.0332687 -0.234971
v 0.499557 0.0397258 -0.237614
v 0.506173 0.032296 -0.245117
v 0.504348 0.0324805 -0.243039
v 0.506155 0.0397179 -0.24513
v 0.512671 0.031529 -0.252722
v 0.511399 0.0316629 -0.251233
v 0.51265 0.0397094 -0.252735
v 0.519065 0.0307339 -0.260414
v 0.518352 0.0308119 -0.259556
v 0.519043 0.0397002 -0.260429
v 0.525357 0.0299082 -0.268193
v 0.525204 0.0299268 -0.268005
v 0.525331 0.0396938 -0.268211
v 0.531512 0.0396846 -0.276074
v 0.537589 0.0396759 -0.284025
v 0.543557 0.039668 -0.292056
v 0.549419 0.0396587 -0.300169
v 0.55517 0.0396482 -0.308358
v 0.560809 0.0396401 -0.316626
v 0.566339 0.0396317 -0.324972
v 0.571757 0.0396211 -0.33339
v 0.577061 0.0396116 -0.341881
v 0.582253 0.0396009 -0.350444
v 0.587327 0.0395926 -0.359076
v 0.592286 0.0395816 -0.367773
v 0.597131 0.0395715 -0.376539
v 0.601857 0.039563 -0.385371
v 0.606465 0.0395512 -0.39426
v 0.610956 0.0395425 -0.403217
v 0.615325 0.0395321 -0.412228
v 0.619577 0.0395206 -0.421298
v 0.623708 0.0395092 -0.430425
v 0.627717 0.0394985 -0.439605
v 0.624897 0.0395052 -0.433145
v 0.627723 0.0386982 -0.439605
v 0.631613 0.037497 -0.448836
v 0.628079 0.0385762 -0.440455
v 0.631606 0.0394867 -0.448837
v 0.635384 0.0362182 -0.458118
v 0.632488 0.0371685 -0.450984
v 0.63537 0.0394774 -0.458122
v 0.639033 0.0348577 -0.46745
v 0.636776 0.0356526 -0.461678
v 0.639015 0.039466 -0.467456
v 0.642561 0.0334199 -0.476831
v 0.640946 0.034025 -0.472539
v 0.642535 0.0394532 -0.476835
v 0.645963 0.0319152 -0.486256
v 0.644989 0.0323018 -0.483554
v 0.645932 0.0394432 -0.486263
v 0.649241 0.0303546 -0.495724
v 0.648886 0.0305051 -0.494699
v 0.649204 0.0394309 -0.495732
v 0.652352 0.0394203 -0.505244
v 0.655373 0.0394096 -0.514795
v 0.65827 0.0393969 -0.524384
v 0.661043 0.0393861 -0.534013
v 0.663691 0.0393724 -0.543675
v 0.666211 0.0393598 -0.55337
v 0.668603 0.0393495 -0.563098
v 0.670871 0.0393366 -0.572854
v 0.673012 0.0393252 -0.58264
v 0.675025 0.0393136 -0.592451
v 0.676912 0.0392995 -0.602285
v 0.678672 0.0392875 -0.612144
v 0.680303 0.0392756 -0.622022
v 0.68181 0.0392625 -0.631919
v 0.683188 0.0392491 -0.641831
v 0.682931 0.0392526 -0.639989
v 0.683198 0.0370413 -0.641832
v 0.683434 0.0373471 -0.643717
v 0.683796 0.0392436 -0.646639
v 0.68444 0.0392374 -0.651758
v 0.687637 0.0392282 -0.661348
v 0.0101441 0.0482444 0.00297622
v 0.00729364 0.0427817 0.0021465
v 3.64826e-06 0.0500128 -2.96224e-06
v 0.0101426 0.0499445 0.00297574
v 0.0104835 0.0496055 0.00294916
v 0.0105486 0.0499462 0.0029445
v 0.0160344 0.0499415 0.00255233
v 0.0150811 0.0449935 0.00262822
v 0.0201161 0.0499365 0.00226167
v 0.0201169 0.0426523 0.00227269
v 0.0196781 0.0403838 0.00230571
v 0.0219758 0.0480705 0.00210489
v 0.0225074 0.0499361 0.00205567
v 0.0300771 0.0499368 0.00140709
v 0.0300798 0.0437345 0.00141478
v 0.0292406 0.0407845 0.00148975
v 0.0400266 0.0499351 0.000410148
v 0.0499568 0.049935 -0.000730379
v 0.0493511 0.0499366 -0.000662368
v 0.049957 0.0469572 -0.000725663
v 0.0598702 0.0499335 -0.00201209
v 0.0697619 0.0499321 -0.00343411
v 0.0675554 0.0499347 -0.00311689
v 0.0697631 0.0443773 -0.00342673
v 0.0796284 0.0499333 -0.00499479
v 0.089476 0.049933 -0.006698
v 0.0992952 0.0499329 -0.00853744
v 0.109087 0.0499349 -0.0105175
v 0.11885 0.0499349 -0.0126341
v 0.12858 0.0499349 -0.0148864
v 0.138276 0.0499335 -0.0172748
v 0.147939 0.0499328 -0.0198008
v 0.157562 0.0499318 -0.0224596
v 0.167149 0.0499295 -0.0252542
v 0.176696 0.0499277 -0.0281837
v 0.1862 0.0499256 -0.031246
v 0.195658 0.049922 -0.0344391
v 0.205072 0.0499191 -0.0377648
v 0.214436 0.0499157 -0.0412211
v 0.223752 0.049914 -0.0448101
v 0.233019 0.0499102 -0.0485283
v 0.24223 0.0499062 -0.0523726
v 0.251387 0.0499041 -0.0563478
v 0.260487 0.0499002 -0.060448
v 0.269532 0.0498966 -0.0646779
v 0.278516 0.0498924 -0.0690307
v 0.287437 0.0498898 -0.0735087
v 0.296295 0.0498853 -0.0781087
v 0.30509 0.0498809 -0.0828329
v 0.31382 0.049876 -0.0876798
v 0.32248 0.0498727 -0.0926467
v 0.331071 0.0498678 -0.0977331
v 0.339592 0.0498633 -0.102939
v 0.34804 0.0498588 -0.108262
v 0.356412 0.0498537 -0.1137
v 0.356152 0.049854 -0.113531
v 0.356414 0.049819 -0.113701
v 0.364714 0.0486814 -0.119255
v 0.356446 0.0498154 -0.113724
v 0.364711 0.0498475 -0.119255
v 0.372937 0.0475031 -0.124921
v 0.365808 0.0485157 -0.120006
v 0.372932 0.0498427 -0.124925
v 0.381083 0.0462831 -0.1307
v 0.375118 0.0471636 -0.126467
v 0.381074 0.0498388 -0.130708
v 0.389149 0.0450232 -0.136594
v 0.384373 0.0457533 -0.133104
v 0.389139 0.0498326 -0.136605
v 0.397133 0.0437168 -0.142596
v 0.393574 0.0442826 -0.13992
v 0.397119 0.0498265 -0.14261
v 0.405035 0.0423658 -0.148707
v 0.402719 0.0427488 -0.146917
v 0.405016 0.0498203 -0.148724
v 0.412851 0.0409693 -0.154927
v 0.411805 0.0411491 -0.154096
v 0.412829 0.0498166 -0.15495
v 0.420558 0.0498093 -0.161281
v 0.428199 0.0498041 -0.167719
v 0.435751 0.0497977 -0.174261
v 0.443213 0.0497902 -0.180906
v 0.450584 0.0497843 -0.187654
v 0.457865 0.049777 -0.194504
v 0.465049 0.0497711 -0.201453
v 0.472139 0.0497639 -0.208499
v 0.479133 0.0497553 -0.215641
v 0.48603 0.0497484 -0.222879
v 0.492828 0.0497403 -0.230212
v 0.499526 0.049734 -0.237638
v 0.506123 0.0497241 -0.245151
v 0.512619 0.0497165 -0.252758
v 0.51901 0.0497086 -0.260452
v 0.525297 0.0497006 -0.268232
v 0.531479 0.049693 -0.276098
v 0.537555 0.0496859 -0.284048
v 0.543522 0.0496772 -0.292078
v 0.549384 0.0496671 -0.30019
v 0.555133 0.0496589 -0.30838
v 0.560774 0.0496503 -0.31665
v 0.566301 0.0496419 -0.324993
v 0.571719 0.0496312 -0.333411
v 0.577023 0.0496218 -0.341903
v 0.582213 0.0496115 -0.350463
v 0.587285 0.0496037 -0.359094
v 0.592247 0.0495934 -0.367794
v 0.597089 0.0495842 -0.376559
v 0.601816 0.0495739 -0.385388
v 0.606424 0.0495633 -0.39428
v 0.610913 0.0495532 -0.403232
v 0.615284 0.0495414 -0.412244
v 0.611107 0.0495526 -0.403632
v 0.615296 0.0466823 -0.412241
v 0.61956 0.0436088 -0.421306
v 0.617063 0.0453899 -0.415996
v 0.619535 0.0495318 -0.421315
v 0.623703 0.040463 -0.430426
v 0.623136 0.0408835 -0.429174
v 0.623665 0.0495224 -0.430442
v 0.627675 0.049511 -0.439621
v 0.63156 0.0495015 -0.448853
v 0.635327 0.049489 -0.458136
v 0.63897 0.0494773 -0.467468
v 0.64249 0.0494675 -0.476849
v 0.645884 0.0494576 -0.486273
v 0.649156 0.0494456 -0.495742
v 0.652304 0.0494327 -0.505252
v 0.655325 0.0494226 -0.514803
v 0.658222 0.0494107 -0.524392
v 0.660996 0.0493979 -0.53402
v 0.663641 0.0493884 -0.543682
v 0.666162 0.0493772 -0.553378
v 0.668554 0.0493654 -0.563103
v 0.670823 0.0493512 -0.572858
v 0.672963 0.0493386 -0.582642
v 0.674976 0.049329 -0.592454
v 0.676862 0.0493171 -0.602288
v 0.678621 0.0493045 -0.612145
v 0.680254 0.0492921 -0.622023
v 0.68176 0.0492786 -0.631917
v 0.682873 0.0414653 -0.639644
v 0.682571 0.0492723 -0.637755
v 0.683139 0.049268 -0.641832
v 0.684046 0.0422667 -0.64876
v 0.68418 0.049257 -0.650076
v 0.684392 0.049253 -0.651756
v 0.687483 0.0492457 -0.661379
v 0.0101412 0.0599385 0.00296099
v 0.00602204 0.0599718 0.00175702
v 0.0101421 0.0518594 0.00297318
v 2.79317e-06 0.0600156 -1.73171e-06
v 0.0201145 0.0599299 0.00224615
v 0.019538 0.0599325 0.00228668
v 0.0201148 0.0570594 0.00224861
v 0.0149341 0.0551337 0.00262403
v 0.0139703 0.0599366 0.00268614
v 0.0300742 0.0599334 0.0013901
v 0.0288034 0.0599332 0.00149766
v 0.030077 0.0558339 0.00139583
v 0.0326741 0.0573227 0.00113303
v 0.0336646 0.0599333 0.00102902
v 0.040021 0.0599342 0.000391407
v 0.0499549 0.0529379 -0.000736244
v 0.0494553 0.05044 -0.000674102
v 0.0499525 0.0599341 -0.000751409
v 0.051196 0.0586812 -0.000910522
v 0.0516038 0.0599328 -0.000965081
v 0.0598638 0.0599324 -0.00203274
v 0.0697571 0.0555187 -0.00344677
v 0.0682202 0.0514882 -0.00321468
v 0.0697559 0.0599312 -0.00345655
v 0.0712988 0.0583679 -0.00369654
v 0.0722837 0.0599303 -0.00385637
v 0.0796221 0.0599327 -0.00501881
v 0.0894692 0.0599329 -0.00672317
v 0.0992874 0.0599335 -0.00856355
v 0.109079 0.0599333 -0.0105427
v 0.11884 0.0599343 -0.0126597
v 0.128572 0.0599324 -0.0149132
v 0.138266 0.0599323 -0.0173013
v 0.14793 0.0599303 -0.0198279
v 0.157552 0.059931 -0.0224886
v 0.167139 0.0599277 -0.0252831
v 0.176684 0.059928 -0.0282139
v 0.186185 0.0599252 -0.0312732
v 0.195645 0.0599212 -0.0344682
v 0.205058 0.0599209 -0.0377969
v 0.214421 0.0599175 -0.0412521
v 0.223739 0.0599129 -0.0448408
v 0.233002 0.0599122 -0.0485588
v 0.242212 0.0599086 -0.0524039
v 0.25137 0.0599043 -0.0563783
v 0.260472 0.0599011 -0.0604814
v 0.269513 0.0598984 -0.064709
v 0.278495 0.0598954 -0.0690618
v 0.287418 0.0598913 -0.0735407
v 0.296276 0.0598882 -0.078143
v 0.30507 0.0598826 -0.0828654
v 0.313797 0.0598796 -0.0877117
v 0.322458 0.0598755 -0.092679
v 0.33105 0.0598699 -0.0977657
v 0.339566 0.0598678 -0.102971
v 0.348015 0.059863 -0.108294
v 0.356413 0.0498885 -0.113701
v 0.356389 0.0498841 -0.113685
v 0.356389 0.0598578 -0.113734
v 0.364709 0.051037 -0.11926
v 0.363829 0.05091 -0.118671
v 0.364687 0.0598518 -0.119289
v 0.372925 0.0522276 -0.124934
v 0.371186 0.0519627 -0.123732
v 0.372907 0.0598472 -0.124959
v 0.381065 0.0534549 -0.13072
v 0.378458 0.0530456 -0.128867
v 0.381048 0.0598438 -0.130742
v 0.389124 0.0547277 -0.13662
v 0.385641 0.0541591 -0.134071
v 0.389109 0.0598382 -0.136636
v 0.397101 0.056043 -0.142631
v 0.392739 0.0553011 -0.139342
v 0.39709 0.059833 -0.142643
v 0.404993 0.0574042 -0.14875
v 0.399745 0.0564778 -0.144678
v 0.404987 0.0598279 -0.148759
v 0.412803 0.0588113 -0.154978
v 0.406661 0.0576899 -0.15008
v 0.412802 0.0598197 -0.154982
v 0.413488 0.0589326 -0.15554
v 0.41815 0.0598176 -0.159367
v 0.420529 0.0598138 -0.161313
v 0.428167 0.0598102 -0.167751
v 0.43572 0.0598028 -0.174294
v 0.443181 0.0597973 -0.180939
v 0.450552 0.0597907 -0.187687
v 0.457832 0.0597829 -0.194536
v 0.465015 0.0597768 -0.201483
v 0.472105 0.0597695 -0.20853
v 0.479097 0.0597638 -0.215672
v 0.485995 0.0597543 -0.222911
v 0.49279 0.0597495 -0.230243
v 0.499488 0.0597411 -0.237667
v 0.506085 0.0597321 -0.245182
v 0.51258 0.0597255 -0.252788
v 0.518971 0.0597188 -0.260483
v 0.525258 0.0597094 -0.268262
v 0.531439 0.0597005 -0.276126
v 0.537515 0.0596925 -0.284075
v 0.543482 0.0596858 -0.292108
v 0.54934 0.0596778 -0.300218
v 0.555091 0.0596692 -0.308409
v 0.56073 0.0596604 -0.316676
v 0.566258 0.0596489 -0.325017
v 0.571675 0.0596413 -0.333437
v 0.576979 0.0596322 -0.341928
v 0.582166 0.0596223 -0.350486
v 0.587242 0.0596123 -0.359119
v 0.592202 0.0596029 -0.367817
v 0.597042 0.0595947 -0.376581
v 0.601766 0.0595856 -0.385409
v 0.606377 0.0595735 -0.394301
v 0.610864 0.0595651 -0.403253
v 0.615268 0.0524447 -0.41225
v 0.614311 0.0517466 -0.410267
v 0.615234 0.0595551 -0.412264
v 0.619503 0.0555704 -0.421326
v 0.617579 0.054094 -0.417196
v 0.619485 0.0595445 -0.421334
v 0.62362 0.058784 -0.430459
v 0.620752 0.0565029 -0.424097
v 0.623616 0.0595344 -0.43046
v 0.623846 0.058962 -0.430981
v 0.624535 0.0595316 -0.432564
v 0.627625 0.0595224 -0.439639
v 0.631511 0.0595125 -0.44887
v 0.635275 0.0595027 -0.458152
v 0.63892 0.0594911 -0.467485
v 0.642438 0.0594814 -0.476864
v 0.645832 0.0594689 -0.486286
v 0.649106 0.0594575 -0.495755
v 0.652253 0.0594481 -0.505266
v 0.655275 0.059436 -0.514816
v 0.658172 0.0594251 -0.524405
v 0.660944 0.0594135 -0.53403
v 0.663588 0.0594024 -0.543689
v 0.666108 0.0593897 -0.553383
v 0.668502 0.0593797 -0.56311
v 0.670769 0.0593673 -0.572864
v 0.672908 0.0593568 -0.582648
v 0.674923 0.0593433 -0.592457
v 0.67681 0.0593309 -0.60229
v 0.678569 0.0593207 -0.612148
v 0.680201 0.059308 -0.622023
v 0.681708 0.0592943 -0.631918
v 0.682599 0.0530449 -0.638094
v 0.682803 0.0592865 -0.639794
v 0.683087 0.0592834 -0.641831
v 0.683971 0.0524905 -0.648553
v 0.683612 0.0592782 -0.646008
v 0.684338 0.0592713 -0.651755
v 0.687323 0.0592635 -0.661408
v 0.0101388 0.069934 0.00294542
v 9.25564e-05 0.0700168 2.58037e-05
v 0.0101421 0.0641618 0.00295353
v 1.09859e-06 0.07002 -1.32603e-06
v 2.38251e-06 0.0631701 -3.08992e-06
v 0.0201117 0.0699243 0.0022298
v 0.0174172 0.0699268 0.00242148
v 0.0201147 0.0668793 0.00223285
v 0.0138155 0.0662481 0.00268662
v 0.0105515 0.069934 0.00291595
v 0.0300733 0.0699292 0.0013659
v 0.0400176 0.0685217 0.000368303
v 0.0373076 0.0626601 0.000657503
v 0.0400194 0.0699321 0.000362714
v 0.0404222 0.0695265 0.000317747
v 0.0406853 0.0699305 0.000287633
v 0.0499486 0.0699311 -0.000780283
v 0.0548657 0.0649736 -0.00140244
v 0.0589779 0.0699318 -0.00195067
v 0.0598586 0.0699318 -0.00206544
v 0.0697477 0.0699301 -0.0034887
v 0.0796216 0.0642987 -0.00503601
v 0.076777 0.0628155 -0.00457977
v 0.0796161 0.0699315 -0.00505508
v 0.0894616 0.0675332 -0.00674782
v 0.0836896 0.0657964 -0.00574347
v 0.0894598 0.0699318 -0.0067581
v 0.0992791 0.0690999 -0.00859623
v 0.0914491 0.067907 -0.00712252
v 0.0992808 0.0699298 -0.00860048
v 0.109071 0.0697714 -0.0105803
v 0.100031 0.0691636 -0.00874888
v 0.109071 0.0699302 -0.0105802
v 0.10922 0.0697757 -0.0106109
v 0.115727 0.0699307 -0.0120238
v 0.11883 0.0699318 -0.0126976
v 0.128559 0.0699309 -0.014951
v 0.138253 0.069932 -0.0173414
v 0.147915 0.0699283 -0.019866
v 0.157541 0.0699277 -0.0225294
v 0.167124 0.0699261 -0.0253228
v 0.176669 0.0699255 -0.0282533
v 0.18617 0.0699248 -0.0313161
v 0.195628 0.0699231 -0.0345116
v 0.205041 0.0699194 -0.0378379
v 0.214404 0.0699187 -0.0412958
v 0.22372 0.0699141 -0.044883
v 0.232982 0.0699135 -0.0486018
v 0.242192 0.0699102 -0.0524476
v 0.251349 0.0699064 -0.0564223
v 0.260448 0.0699039 -0.0605232
v 0.269492 0.0698992 -0.064752
v 0.278472 0.0698972 -0.0691047
v 0.287392 0.0698943 -0.0735834
v 0.29625 0.0698898 -0.0781838
v 0.305044 0.0698858 -0.0829082
v 0.313772 0.0698816 -0.0877549
v 0.322429 0.0698795 -0.0927215
v 0.33102 0.069876 -0.0978097
v 0.339538 0.0698706 -0.103013
v 0.347986 0.0698655 -0.108337
v 0.356358 0.069863 -0.113778
v 0.364653 0.069857 -0.119331
v 0.372875 0.0698527 -0.125003
v 0.381016 0.0698468 -0.130784
v 0.389075 0.0698419 -0.136677
v 0.397055 0.0698376 -0.142684
v 0.404952 0.0698306 -0.148799
v 0.412763 0.0698265 -0.155022
v 0.420527 0.0599648 -0.161314
v 0.420418 0.0599581 -0.161225
v 0.42049 0.0698221 -0.161355
v 0.428165 0.0604629 -0.167753
v 0.427692 0.0604279 -0.167356
v 0.428131 0.0698144 -0.167792
v 0.435715 0.0609773 -0.174298
v 0.434879 0.0609106 -0.173572
v 0.43568 0.0698088 -0.174333
v 0.443175 0.0615111 -0.180946
v 0.441972 0.0614122 -0.179874
v 0.443142 0.0698024 -0.180978
v 0.450543 0.0620641 -0.187697
v 0.448968 0.06193 -0.186254
v 0.450515 0.0697952 -0.187727
v 0.45782 0.0626337 -0.194548
v 0.455874 0.0624616 -0.192715
v 0.457791 0.0697898 -0.194576
v 0.465001 0.0632231 -0.201496
v 0.462681 0.0630106 -0.199251
v 0.464975 0.0697834 -0.201523
v 0.472088 0.0638356 -0.208545
v 0.469393 0.0635803 -0.205866
v 0.472064 0.0697761 -0.208569
v 0.479079 0.0644713 -0.215692
v 0.476006 0.0641657 -0.21255
v 0.479056 0.0697706 -0.215712
v 0.485971 0.0651246 -0.22293
v 0.48252 0.06477 -0.219306
v 0.485952 0.0697643 -0.22295
v 0.492764 0.0658048 -0.230265
v 0.488935 0.0653941 -0.22613
v 0.492746 0.0697572 -0.23028
v 0.499459 0.0665066 -0.237692
v 0.495249 0.0660386 -0.233022
v 0.499445 0.0697495 -0.237705
v 0.506052 0.0672333 -0.24521
v 0.501464 0.0667044 -0.23998
v 0.50604 0.0697414 -0.245219
v 0.512542 0.0679885 -0.252819
v 0.507575 0.0673895 -0.246997
v 0.512534 0.0697331 -0.252824
v 0.518928 0.0687706 -0.260514
v 0.513586 0.068098 -0.254076
v 0.518925 0.0697249 -0.260517
v 0.525212 0.0695871 -0.268297
v 0.519491 0.0688313 -0.261208
v 0.525212 0.069717 -0.268297
v 0.525288 0.0695944 -0.268393
v 0.526165 0.069716 -0.26951
v 0.531392 0.0697099 -0.276161
v 0.537465 0.0697038 -0.28411
v 0.543433 0.0696934 -0.292139
v 0.549293 0.0696849 -0.30025
v 0.555041 0.069676 -0.308439
v 0.560681 0.0696699 -0.316708
v 0.566208 0.0696613 -0.32505
v 0.571623 0.069651 -0.333466
v 0.576927 0.0696424 -0.341957
v 0.582114 0.0696331 -0.350516
v 0.587188 0.0696238 -0.359146
v 0.592148 0.0696154 -0.367845
v 0.59699 0.0696055 -0.376608
v 0.601716 0.0695949 -0.385437
v 0.606321 0.0695873 -0.394326
v 0.610812 0.0695749 -0.403277
v 0.61518 0.0695668 -0.412288
v 0.619431 0.0695555 -0.421357
v 0.62356 0.0695448 -0.430479
v 0.62762 0.0603954 -0.43964
v 0.627311 0.0602959 -0.438931
v 0.627568 0.0695353 -0.439659
v 0.631501 0.061552 -0.448875
v 0.630801 0.0613159 -0.447213
v 0.631455 0.0695252 -0.44889
v 0.635259 0.0627547 -0.458159
v 0.634183 0.0623686 -0.455502
v 0.63522 0.0695154 -0.458172
v 0.638892 0.0640239 -0.467493
v 0.637452 0.0634683 -0.463791
v 0.638863 0.0695039 -0.467502
v 0.642405 0.0653688 -0.476874
v 0.640605 0.064618 -0.472066
v 0.64238 0.0694946 -0.47688
v 0.645791 0.0668075 -0.486299
v 0.643643 0.0658306 -0.480319
v 0.645776 0.0694826 -0.486302
v 0.649053 0.0683543 -0.495767
v 0.646563 0.0671173 -0.488534
v 0.649049 0.0694718 -0.495771
v 0.649364 0.0684872 -0.496702
v 0.651183 0.0694641 -0.50222
v 0.652196 0.0694604 -0.505279
v 0.655218 0.0694494 -0.514828
v 0.658112 0.0694397 -0.524415
v 0.660886 0.0694266 -0.534039
v 0.66353 0.0694171 -0.543699
v 0.666051 0.0694062 -0.553394
v 0.668444 0.069395 -0.563118
v 0.670711 0.0693817 -0.57287
v 0.672851 0.0693704 -0.582652
v 0.674865 0.0693593 -0.592462
v 0.676753 0.0693463 -0.602294
v 0.678511 0.0693359 -0.612149
v 0.680144 0.069323 -0.622024
v 0.681648 0.0693121 -0.631919
v 0.683067 0.0626762 -0.641829
v 0.682842 0.0609944 -0.640138
v 0.68303 0.0692981 -0.641831
v 0.684281 0.0692859 -0.651754
v 0.687161 0.0692811 -0.661441
v 2.90321e-06 0.0800228 -2.76707e-06
v 0.00151867 0.0785134 0.000438633
v 0.00680327 0.0799595 0.00196494
v 0.0101402 0.0799279 0.00292834
v 0.0101402 0.0781766 0.0029315
v 0.00364182 0.0763994 0.00105695
v 0.0101389 0.0754836 0.00293645
v 0.0057643 0.0742862 0.00167509
v 0.0101394 0.0727878 0.00294242
v 0.00788879 0.0721738 0.00229044
v 0.0101412 0.0700953 0.00294372
v 0.0100115 0.0700591 0.00290979
v 3.37968e-06 0.078775 -3.14341e-06
v 1.44009e-06 0.0770267 -1.00054e-06
v 2.87191e-06 0.0752772 -1.0947e-06
v 3.50171e-06 0.0735296 -2.3075e-06
v 2.28664e-06 0.0717808 -4.14571e-07
v 2.91883e-06 0.0700339 -2.29208e-06
v 0.0130111 0.0770461 0.00272879
v 0.016696 0.0799225 0.0024537
v 0.020109 0.0799208 0.0022045
v 0.0201112 0.0747073 0.00221705
v 0.0174295 0.072617 0.00241588
v 0.0300699 0.0758589 0.00135053
v 0.0264379 0.0735722 0.00167411
v 0.0300685 0.0799238 0.00133959
v 0.0321896 0.0777952 0.0011302
v 0.0341181 0.0799275 0.000927651
v 0.0400131 0.0799277 0.000331441
v 0.0499424 0.0779714 -0.000811006
v 0.0453665 0.0745431 -0.000269139
v 0.0499434 0.0799283 -0.000818571
v 0.0510332 0.0788283 -0.000954857
v 0.0524206 0.0799286 -0.00114006
v 0.0598528 0.0799278 -0.00210631
v 0.0598585 0.0706239 -0.00206654
v 0.0594736 0.0703186 -0.0020158
v 0.0697443 0.076114 -0.0035176
v 0.0655352 0.0741875 -0.00290114
v 0.0697399 0.0799283 -0.00353307
v 0.079609 0.0791208 -0.00509779
v 0.0725192 0.0771146 -0.00396085
v 0.0796075 0.0799292 -0.00510114
v 0.0802691 0.079257 -0.00521149
v 0.085302 0.0799293 -0.00608758
v 0.0894501 0.0799293 -0.00680536
v 0.0992684 0.0799303 -0.00865012
v 0.109057 0.079931 -0.0106304
v 0.118831 0.0699765 -0.012698
v 0.118785 0.0699769 -0.0126873
v 0.118818 0.0799302 -0.0127491
v 0.128558 0.0699962 -0.0149516
v 0.128498 0.0699953 -0.014938
v 0.128545 0.0799299 -0.0150025
v 0.138254 0.0699762 -0.0173421
v 0.138211 0.0699743 -0.0173294
v 0.13824 0.079929 -0.0173936
v 0.147917 0.0699544 -0.0198681
v 0.147891 0.0699543 -0.0198605
v 0.1479 0.0799295 -0.0199215
v 0.157539 0.0699573 -0.0225299
v 0.157513 0.0699569 -0.0225226
v 0.157524 0.0799272 -0.0225824
v 0.167125 0.0699823 -0.025325
v 0.167071 0.0699817 -0.0253076
v 0.167106 0.0799272 -0.0253772
v 0.176668 0.0700346 -0.0282535
v 0.176564 0.0700341 -0.0282209
v 0.17665 0.0799254 -0.0283072
v 0.186169 0.0701124 -0.0313165
v 0.185992 0.0701101 -0.0312589
v 0.186151 0.0799238 -0.0313693
v 0.195628 0.0702107 -0.0345136
v 0.195358 0.0702059 -0.0344204
v 0.195608 0.0799213 -0.0345639
v 0.20504 0.0703244 -0.0378396
v 0.204662 0.0703203 -0.037706
v 0.205018 0.07992 -0.0378905
v 0.214402 0.0704577 -0.0412983
v 0.213906 0.0704466 -0.0411132
v 0.214381 0.0799189 -0.0413496
v 0.223717 0.0706004 -0.0448864
v 0.223089 0.0705897 -0.0446454
v 0.223693 0.079917 -0.0449366
v 0.232981 0.0707568 -0.048605
v 0.232212 0.0707428 -0.0482977
v 0.232957 0.0799135 -0.0486547
v 0.242191 0.0709257 -0.0524526
v 0.241272 0.0709053 -0.0520681
v 0.242167 0.0799105 -0.052501
v 0.251344 0.0711062 -0.0564273
v 0.250272 0.0710791 -0.0559611
v 0.251324 0.079907 -0.0564761
v 0.260445 0.0712942 -0.0605309
v 0.259207 0.0712637 -0.0599722
v 0.260421 0.0799051 -0.0605771
v 0.269485 0.0714947 -0.0647595
v 0.268078 0.0714583 -0.064102
v 0.269463 0.0799012 -0.0648058
v 0.278467 0.0717039 -0.069115
v 0.276884 0.0716595 -0.0683471
v 0.278442 0.0799001 -0.0691584
v 0.287386 0.071924 -0.0735943
v 0.285626 0.0718695 -0.0727096
v 0.287364 0.0798955 -0.0736377
v 0.296244 0.0721547 -0.078198
v 0.294295 0.0720911 -0.0771837
v 0.296219 0.0798922 -0.0782376
v 0.305035 0.0723954 -0.0829218
v 0.302893 0.0723237 -0.08177
v 0.305013 0.0798897 -0.0829638
v 0.313763 0.0726481 -0.0877704
v 0.311421 0.0725669 -0.0864691
v 0.313738 0.0798873 -0.0878098
v 0.322419 0.0729118 -0.0927376
v 0.319874 0.0728201 -0.0912768
v 0.322397 0.0798814 -0.092775
v 0.331008 0.0731859 -0.0978267
v 0.328256 0.0730828 -0.0961965
v 0.330986 0.0798771 -0.0978608
v 0.339526 0.0734667 -0.103033
v 0.336562 0.0733517 -0.10122
v 0.339505 0.0798739 -0.103068
v 0.347971 0.0737591 -0.108359
v 0.344793 0.073632 -0.106353
v 0.347949 0.0798713 -0.108391
v 0.356343 0.0740573 -0.113799
v 0.352948 0.0739206 -0.111594
v 0.356322 0.0798658 -0.11383
v 0.364638 0.0743697 -0.119357
v 0.361024 0.0742173 -0.116936
v 0.364615 0.0798626 -0.119384
v 0.372855 0.0746899 -0.125027
v 0.369022 0.0745221 -0.122382
v 0.372836 0.0798586 -0.125055
v 0.380995 0.0750208 -0.130811
v 0.376938 0.0748375 -0.127928
v 0.380975 0.0798532 -0.130836
v 0.389053 0.0753651 -0.136706
v 0.38477 0.0751637 -0.133573
v 0.389036 0.0798489 -0.136732
v 0.397031 0.0757226 -0.142715
v 0.392519 0.0755007 -0.139316
v 0.397015 0.0798425 -0.142736
v 0.404926 0.0760901 -0.148831
v 0.400182 0.0758485 -0.145155
v 0.404911 0.0798366 -0.14885
v 0.412735 0.0764734 -0.155057
v 0.407756 0.07621 -0.151088
v 0.412724 0.0798308 -0.155075
v 0.420461 0.0768666 -0.16139
v 0.415244 0.0765824 -0.157114
v 0.420446 0.0798278 -0.161405
v 0.428096 0.0772783 -0.167828
v 0.422644 0.0769659 -0.16323
v 0.428085 0.0798217 -0.167841
v 0.435647 0.0776998 -0.174373
v 0.429951 0.0773637 -0.169435
v 0.435638 0.0798152 -0.174384
v 0.443104 0.0781396 -0.18102
v 0.437166 0.0777757 -0.175728
v 0.443098 0.079808 -0.181028
v 0.450472 0.0785924 -0.187768
v 0.44429 0.0781996 -0.182106
v 0.450466 0.079803 -0.187774
v 0.457747 0.0790639 -0.19462
v 0.451318 0.0786386 -0.188566
v 0.457743 0.0797972 -0.194623
v 0.46493 0.0795484 -0.201569
v 0.458253 0.0790902 -0.195108
v 0.464928 0.0797906 -0.201571
v 0.465092 0.0795575 -0.20173
v 0.468291 0.079788 -0.204914
v 0.472015 0.0797832 -0.208615
v 0.479006 0.079778 -0.215757
v 0.485903 0.0797692 -0.222995
v 0.492699 0.0797627 -0.230326
v 0.499395 0.0797559 -0.23775
v 0.505988 0.0797488 -0.245262
v 0.512483 0.0797417 -0.252868
v 0.518872 0.0797349 -0.26056
v 0.525158 0.0797258 -0.268338
v 0.531391 0.0701522 -0.276164
v 0.531134 0.0701273 -0.275838
v 0.531338 0.0797205 -0.276204
v 0.537461 0.0706998 -0.284115
v 0.536896 0.0706358 -0.283374
v 0.537413 0.0797106 -0.28415
v 0.543424 0.0712728 -0.292146
v 0.542547 0.0711679 -0.290963
v 0.543379 0.0797025 -0.292179
v 0.54928 0.0718572 -0.300259
v 0.548095 0.0717146 -0.298616
v 0.549237 0.0796965 -0.30029
v 0.555027 0.0724289 -0.308451
v 0.553543 0.072262 -0.306337
v 0.554985 0.0796873 -0.308477
v 0.560662 0.0729872 -0.316719
v 0.558901 0.0727979 -0.314137
v 0.560625 0.0796783 -0.316745
v 0.566185 0.0735644 -0.325062
v 0.564159 0.0733362 -0.322003
v 0.566152 0.0796699 -0.325086
v 0.571599 0.0742167 -0.333483
v 0.569297 0.0739094 -0.329905
v 0.571567 0.07966 -0.333501
v 0.576896 0.0749653 -0.341976
v 0.5743 0.0745495 -0.337816
v 0.57687 0.0796518 -0.341992
v 0.582079 0.0757625 -0.350536
v 0.579172 0.075256 -0.345733
v 0.582058 0.0796433 -0.350551
v 0.587149 0.0765464 -0.359171
v 0.583925 0.0759973 -0.353681
v 0.587129 0.079635 -0.359179
v 0.592103 0.0772854 -0.36787
v 0.588588 0.0767218 -0.361697
v 0.592088 0.0796248 -0.367875
v 0.596939 0.0780144 -0.376634
v 0.593169 0.0774164 -0.369799
v 0.596931 0.0796163 -0.376639
v 0.60166 0.0787831 -0.385463
v 0.59765 0.0781079 -0.377961
v 0.601655 0.0796072 -0.385466
v 0.602014 0.078836 -0.386148
v 0.606134 0.0795984 -0.394108
v 0.606261 0.0795984 -0.394356
v 0.61075 0.0795879 -0.403306
v 0.615119 0.0795791 -0.412315
v 0.61937 0.0795671 -0.421382
v 0.623499 0.0795589 -0.430507
v 0.627508 0.0795464 -0.439682
v 0.631395 0.0795363 -0.448912
v 0.63516 0.0795266 -0.458194
v 0.638802 0.0795155 -0.467522
v 0.64232 0.0795067 -0.4769
v 0.645715 0.0794954 -0.486321
v 0.648987 0.0794856 -0.495789
v 0.652194 0.0697926 -0.50528
v 0.652102 0.0697539 -0.505
v 0.652133 0.0794752 -0.505296
v 0.65521 0.0708394 -0.51483
v 0.654839 0.0706804 -0.513661
v 0.655156 0.0794625 -0.514843
v 0.658099 0.0718979 -0.524419
v 0.65747 0.0716217 -0.522333
v 0.658052 0.0794513 -0.524429
v 0.660863 0.0729445 -0.534045
v 0.659997 0.0725692 -0.531029
v 0.660824 0.0794427 -0.534055
v 0.663503 0.074021 -0.543705
v 0.662422 0.0735273 -0.539744
v 0.66347 0.079432 -0.543714
v 0.666014 0.075237 -0.553398
v 0.664729 0.0745391 -0.548436
v 0.665991 0.0794201 -0.553405
v 0.668399 0.0766951 -0.563125
v 0.666907 0.0756677 -0.55704
v 0.668384 0.079408 -0.563127
v 0.670655 0.0783899 -0.572878
v 0.668949 0.076975 -0.565491
v 0.670649 0.079397 -0.572879
v 0.67085 0.0784856 -0.573771
v 0.671854 0.0793897 -0.578379
v 0.672792 0.0793851 -0.582661
v 0.674804 0.0793735 -0.592467
v 0.676691 0.0793633 -0.6023
v 0.678449 0.0793527 -0.612154
v 0.680084 0.0793398 -0.622029
v 0.681589 0.0793258 -0.63192
v 0.682968 0.079315 -0.641833
v 0.684218 0.0793028 -0.651755
v 0.686995 0.0792984 -0.661474
v 1.66135e-06 0.0900266 -2.12634e-06
v 0.0023319 0.0877035 0.000673549
v 0.00520614 0.0899725 0.0014918
v 0.0101372 0.089922 0.00290375
v 0.0101338 0.0897044 0.00290512
v 0.00466403 0.0853813 0.00134642
v 0.0101367 0.0855443 0.0029146
v 0.00699271 0.0830602 0.00202171
v 0.0101382 0.0813837 0.00292614
v 0.00932328 0.08074 0.00269419
v 2.19002e-06 0.0808922 1.42308e-08
v 2.48868e-06 0.0839386 -2.74762e-06
v 2.43371e-06 0.0869813 -1.57189e-06
v 0.0102921 0.0897668 0.0028926
v 0.0103486 0.0899235 0.00288853
v 0.0143823 0.0899194 0.0025926
v 0.0132324 0.0868163 0.00268808
v 0.0184136 0.0899177 0.00229662
v 0.0161715 0.0838684 0.002482
v 0.0201046 0.0899152 0.00217407
v 0.0201079 0.0836006 0.00219251
v 0.0191151 0.0809171 0.00227478
v 0.0244875 0.0855231 0.00180419
v 0.0263285 0.0899182 0.00162652
v 0.0300634 0.0899215 0.00129946
v 0.0400087 0.0893821 0.000287843
v 0.0363518 0.0836055 0.000687241
v 0.0400062 0.0899263 0.000286397
v 0.0402494 0.0896826 0.000258349
v 0.040479 0.0899257 0.00023
v 0.0499343 0.0899278 -0.000868229
v 0.0598463 0.0862827 -0.00214088
v 0.0558006 0.0840139 -0.00160111
v 0.0598431 0.0899258 -0.00215848
v 0.0697313 0.0891767 -0.00358582
v 0.0621815 0.0875638 -0.00248353
v 0.0697304 0.089928 -0.0035915
v 0.0703104 0.0893391 -0.00367829
v 0.0788091 0.0899276 -0.0050355
v 0.0795971 0.0899281 -0.00516112
v 0.0894518 0.080364 -0.00680881
v 0.0890179 0.080369 -0.00673403
v 0.0853628 0.0899271 -0.0061593
v 0.0894386 0.0898931 -0.00686594
v 0.0894385 0.0899277 -0.00686658
v 0.0992686 0.0807498 -0.00865466
v 0.0984357 0.0807776 -0.00849944
v 0.0894712 0.089896 -0.00687396
v 0.0992555 0.0895897 -0.00870823
v 0.0992552 0.0899285 -0.00871214
v 0.109056 0.080828 -0.0106354
v 0.108145 0.080861 -0.0104521
v 0.0995817 0.0895946 -0.00877508
v 0.109045 0.0892557 -0.0106898
v 0.109042 0.0899292 -0.010693
v 0.118815 0.0807901 -0.0127533
v 0.11795 0.0808157 -0.0125653
v 0.1097 0.0892556 -0.0108308
v 0.118803 0.0889771 -0.0128078
v 0.118801 0.0899287 -0.0128117
v 0.128543 0.0807275 -0.0150085
v 0.12775 0.080745 -0.0148239
v 0.119735 0.0889706 -0.0130223
v 0.128531 0.0887713 -0.01506
v 0.128528 0.0899289 -0.0150676
v 0.13824 0.0806743 -0.0173987
v 0.137505 0.0806861 -0.0172181
v 0.129656 0.0887675 -0.0153377
v 0.138224 0.0886425 -0.0174497
v 0.138223 0.0899288 -0.0174608
v 0.147899 0.0806519 -0.0199264
v 0.147196 0.0806574 -0.0197428
v 0.139469 0.0886399 -0.017776
v 0.147884 0.0885809 -0.0199783
v 0.147881 0.0899272 -0.0199864
v 0.157522 0.0806574 -0.0225871
v 0.156819 0.0806584 -0.0223925
v 0.149178 0.0885809 -0.0203343
v 0.157505 0.0885726 -0.0226397
v 0.157501 0.0899262 -0.0226463
v 0.167106 0.0806919 -0.0253829
v 0.166372 0.0806909 -0.0251691
v 0.158799 0.0885771 -0.0230173
v 0.167087 0.0886075 -0.0254335
v 0.167086 0.0899246 -0.0254433
v 0.176646 0.0807531 -0.0283123
v 0.175864 0.0807453 -0.0280708
v 0.168337 0.0886152 -0.0258173
v 0.17663 0.0886782 -0.0283636
v 0.176628 0.0899244 -0.0283743
v 0.186148 0.0808329 -0.0313764
v 0.185294 0.0808232 -0.0310996
v 0.177803 0.0886879 -0.0287421
v 0.186129 0.0887785 -0.0314282
v 0.186127 0.0899246 -0.031437
v 0.195605 0.0809291 -0.0345714
v 0.194663 0.0809177 -0.0342531
v 0.187204 0.0887879 -0.0317921
v 0.195586 0.0888966 -0.0346247
v 0.195583 0.0899212 -0.0346307
v 0.205015 0.0810396 -0.0378986
v 0.203978 0.0810248 -0.0375329
v 0.19654 0.0889081 -0.0349623
v 0.204994 0.089033 -0.0379512
v 0.204994 0.0899192 -0.0379585
v 0.214379 0.0811627 -0.0413589
v 0.213232 0.0811435 -0.0409344
v 0.205814 0.0890442 -0.0382546
v 0.214356 0.0891828 -0.0414101
v 0.214356 0.0899176 -0.041416
v 0.223692 0.0812941 -0.0449468
v 0.222429 0.0812728 -0.0444608
v 0.215032 0.0891925 -0.0416707
v 0.223669 0.0893443 -0.0449998
v 0.223668 0.0899154 -0.0450039
v 0.232953 0.0814355 -0.0486646
v 0.231569 0.0814089 -0.0481087
v 0.22419 0.0893517 -0.0452084
v 0.23293 0.0895163 -0.0487187
v 0.232928 0.0899147 -0.0487215
v 0.242163 0.0815858 -0.0525129
v 0.240648 0.0815569 -0.0518813
v 0.233291 0.0895213 -0.0488685
v 0.24214 0.089698 -0.0525672
v 0.242138 0.0899117 -0.0525682
v 0.251317 0.0817443 -0.0564871
v 0.249667 0.0817103 -0.0557713
v 0.242329 0.0897033 -0.0526502
v 0.251293 0.0898914 -0.0565424
v 0.251291 0.0899085 -0.056541
v 0.251306 0.0898943 -0.0565499
v 0.252036 0.0899085 -0.0568779
v 0.26039 0.0899071 -0.0606444
v 0.260414 0.0819134 -0.0605892
v 0.258625 0.0818743 -0.0597845
v 0.269455 0.0820955 -0.0648209
v 0.267516 0.0820486 -0.0639137
v 0.269428 0.0899038 -0.0648705
v 0.278434 0.0822871 -0.0691738
v 0.276341 0.0822325 -0.0681594
v 0.278409 0.0899007 -0.0692238
v 0.287355 0.0824903 -0.0736549
v 0.285097 0.0824286 -0.0725211
v 0.287328 0.0898999 -0.0737041
v 0.296208 0.0827072 -0.0782567
v 0.293783 0.0826363 -0.0769968
v 0.296184 0.0898951 -0.0783044
v 0.305001 0.0829311 -0.0829822
v 0.302398 0.082852 -0.0815834
v 0.304975 0.089894 -0.0830298
v 0.313727 0.0831667 -0.0878304
v 0.310942 0.0830782 -0.0862831
v 0.313701 0.0898903 -0.0878759
v 0.322383 0.083413 -0.0928001
v 0.319415 0.083314 -0.0910966
v 0.322357 0.0898862 -0.0928401
v 0.330971 0.0836635 -0.0978868
v 0.327816 0.0835562 -0.0960185
v 0.330946 0.0898812 -0.0979259
v 0.339488 0.0839232 -0.103095
v 0.336144 0.0838041 -0.10105
v 0.339463 0.0898773 -0.103131
v 0.347931 0.0841914 -0.108419
v 0.344395 0.0840602 -0.106187
v 0.347909 0.0898743 -0.108455
v 0.3563 0.0844651 -0.113858
v 0.352572 0.0843242 -0.111434
v 0.356277 0.0898714 -0.113893
v 0.364596 0.0847499 -0.119417
v 0.360672 0.0845961 -0.116787
v 0.364573 0.0898654 -0.119447
v 0.372811 0.0850426 -0.125085
v 0.368691 0.0848756 -0.12224
v 0.372791 0.0898615 -0.125116
v 0.380949 0.0853487 -0.130871
v 0.376631 0.0851655 -0.1278
v 0.380931 0.0898565 -0.130899
v 0.389008 0.0856624 -0.136765
v 0.384487 0.0854659 -0.133458
v 0.388988 0.0898528 -0.136791
v 0.396986 0.0859892 -0.142774
v 0.392256 0.0857767 -0.139213
v 0.396968 0.0898472 -0.142798
v 0.404877 0.086329 -0.14889
v 0.399943 0.0860952 -0.145064
v 0.404862 0.0898423 -0.148911
v 0.412688 0.0866786 -0.155115
v 0.407544 0.086427 -0.151013
v 0.412673 0.0898378 -0.155134
v 0.420411 0.0870409 -0.161446
v 0.415053 0.0867722 -0.157055
v 0.420397 0.0898334 -0.161465
v 0.428049 0.0874188 -0.167887
v 0.422477 0.0871252 -0.163189
v 0.428035 0.0898261 -0.167899
v 0.435596 0.0878093 -0.17443
v 0.429808 0.0874921 -0.169412
v 0.435585 0.0898214 -0.174441
v 0.443054 0.0882152 -0.181078
v 0.437046 0.0878729 -0.175722
v 0.443045 0.0898163 -0.181087
v 0.450419 0.088634 -0.187825
v 0.444194 0.0882651 -0.18212
v 0.450414 0.0898107 -0.187834
v 0.457695 0.0890685 -0.194676
v 0.451246 0.088672 -0.188602
v 0.45769 0.0898045 -0.194681
v 0.464875 0.0895188 -0.201625
v 0.458204 0.0890937 -0.195169
v 0.464873 0.0897978 -0.201627
v 0.465064 0.0895281 -0.201812
v 0.469057 0.0897939 -0.205785
v 0.471959 0.0897905 -0.208669
v 0.472014 0.0799787 -0.208616
v 0.471884 0.0799699 -0.208487
v 0.479004 0.0803534 -0.21576
v 0.478621 0.0803276 -0.215369
v 0.47895 0.0897855 -0.215811
v 0.485897 0.0807434 -0.223001
v 0.48526 0.0806964 -0.22233
v 0.485846 0.0897772 -0.223048
v 0.49269 0.0811462 -0.230333
v 0.491798 0.0810798 -0.22937
v 0.492642 0.0897714 -0.23038
v 0.499382 0.0815649 -0.237758
v 0.498235 0.0814756 -0.236485
v 0.499336 0.0897654 -0.237802
v 0.505978 0.0819973 -0.245275
v 0.504571 0.0818843 -0.243672
v 0.505931 0.0897565 -0.245315
v 0.512465 0.0824493 -0.252881
v 0.510803 0.0823096 -0.250933
v 0.512423 0.0897507 -0.252919
v 0.518854 0.0829158 -0.260576
v 0.516933 0.0827464 -0.258261
v 0.518812 0.0897426 -0.260609
v 0.525137 0.0834008 -0.268357
v 0.522957 0.0832016 -0.265657
v 0.525099 0.0897352 -0.268389
v 0.531314 0.0839121 -0.276224
v 0.52887 0.0836804 -0.273114
v 0.531276 0.0897289 -0.27625
v 0.537382 0.0844551 -0.284173
v 0.534675 0.0841793 -0.280625
v 0.537351 0.0897212 -0.284198
v 0.543347 0.0850235 -0.292205
v 0.54037 0.0847046 -0.288194
v 0.543317 0.0897125 -0.292225
v 0.549201 0.0856036 -0.300316
v 0.545956 0.0852451 -0.295821
v 0.549175 0.0897033 -0.300334
v 0.554944 0.086174 -0.308506
v 0.551447 0.085787 -0.303519
v 0.554924 0.0896969 -0.308523
v 0.56058 0.086729 -0.316776
v 0.556844 0.0863213 -0.311293
v 0.560561 0.089688 -0.316787
v 0.566104 0.0873038 -0.325117
v 0.562141 0.0868556 -0.319131
v 0.566087 0.0896799 -0.325127
v 0.571514 0.0879525 -0.333535
v 0.56732 0.0874257 -0.327013
v 0.571502 0.0896705 -0.333542
v 0.576811 0.0886885 -0.342029
v 0.572368 0.0880541 -0.334906
v 0.576806 0.089663 -0.342032
v 0.581994 0.0894691 -0.350589
v 0.577285 0.088747 -0.34281
v 0.581993 0.0896554 -0.350591
v 0.582081 0.0894804 -0.350738
v 0.583187 0.0896526 -0.352623
v 0.587066 0.0896453 -0.359218
v 0.592024 0.0896364 -0.367914
v 0.596866 0.0896264 -0.376675
v 0.601588 0.0896191 -0.385501
v 0.606261 0.0796158 -0.394355
v 0.606254 0.0796148 -0.394341
v 0.606194 0.0896093 -0.394388
v 0.610744 0.0802793 -0.403307
v 0.610462 0.080224 -0.40274
v 0.610686 0.089598 -0.403338
v 0.615111 0.0809764 -0.412321
v 0.614552 0.080862 -0.411164
v 0.615053 0.0895885 -0.412346
v 0.619357 0.0817009 -0.421389
v 0.618525 0.081528 -0.419617
v 0.619303 0.0895791 -0.421413
v 0.623478 0.0824597 -0.430514
v 0.622386 0.0822144 -0.428095
v 0.623433 0.0895707 -0.430536
v 0.627483 0.0832489 -0.439695
v 0.626131 0.0829292 -0.436597
v 0.62744 0.0895609 -0.439712
v 0.631363 0.0840776 -0.448924
v 0.629764 0.0836734 -0.445115
v 0.631328 0.089551 -0.448941
v 0.635122 0.084955 -0.458208
v 0.633274 0.0844573 -0.45364
v 0.635093 0.0895388 -0.458219
v 0.638758 0.085888 -0.467538
v 0.636666 0.0852852 -0.462166
v 0.638735 0.0895282 -0.467547
v 0.64227 0.0868854 -0.476917
v 0.639938 0.0861644 -0.470689
v 0.642252 0.0895201 -0.476923
v 0.645658 0.0879501 -0.486342
v 0.64309 0.0870953 -0.479197
v 0.645648 0.0895097 -0.486344
v 0.648923 0.0890887 -0.495807
v 0.646124 0.0880805 -0.487692
v 0.648918 0.0894981 -0.495807
v 0.64904 0.0891245 -0.496162
v 0.649979 0.0894949 -0.499009
v 0.652066 0.0894889 -0.505316
v 0.655089 0.0894777 -0.514862
v 0.657986 0.0894652 -0.524446
v 0.660757 0.0894555 -0.534068
v 0.663405 0.0894438 -0.543726
v 0.665923 0.089434 -0.553416
v 0.668317 0.0894243 -0.563139
v 0.670585 0.0894127 -0.572891
v 0.672786 0.0800586 -0.582663
v 0.672672 0.0799288 -0.582131
v 0.672725 0.0894005 -0.582669
v 0.674788 0.0816476 -0.592469
v 0.674433 0.0811579 -0.590723
v 0.674739 0.0893916 -0.592478
v 0.676664 0.0836929 -0.602304
v 0.676068 0.0825555 -0.59917
v 0.676625 0.0893784 -0.602306
v 0.678403 0.086765 -0.612158
v 0.677516 0.0844894 -0.607108
v 0.678385 0.0893678 -0.612159
v 0.678738 0.0872865 -0.614206
v 0.679283 0.089361 -0.617586
v 0.68002 0.0893551 -0.622034
v 0.681525 0.0893444 -0.631927
v 0.682903 0.0893308 -0.641834
v 0.684154 0.0893191 -0.651758
v 0.686825 0.0893154 -0.661507
v 0.0100264 0.100125 0.00287374
v 0.00926406 0.100133 0.00280283
v 0.0100737 0.0956771 0.00288834
v 1.37625e-05 0.100242 0.0019417
v 8.26418e-06 0.0968206 0.00129223
v 0.0140919 0.0960088 0.00258935
v 0.0153343 0.100119 0.0024811
v 0.0199709 0.100112 0.00213775
v 0.0200101 0.0972613 0.00214748
v 0.0183298 0.0917149 0.00229576
v 0.0210576 0.0990162 0.00204616
v 0.0209896 0.100114 0.0020468
v 0.0272526 0.100116 0.00149578
v 0.0277348 0.0922724 0.0014931
v 0.0299063 0.100118 0.00126044
v 0.0398254 0.100123 0.000244861
v 0.039362 0.100121 0.000294155
v 0.0399278 0.0943626 0.000268933
v 0.0497295 0.100122 -0.000907255
v 0.0596157 0.100121 -0.00219858
v 0.0694854 0.100116 -0.00362734
v 0.0795946 0.0900365 -0.00516098
v 0.0794712 0.0900537 -0.00514067
v 0.0793294 0.100116 -0.00519254
v 0.0891526 0.100113 -0.00689395
v 0.0989489 0.100112 -0.00873236
v 0.108718 0.100111 -0.010708
v 0.118459 0.10011 -0.0128211
v 0.128168 0.100107 -0.0150667
v 0.137844 0.100104 -0.0174492
v 0.147487 0.1001 -0.0199661
v 0.157094 0.100098 -0.0226193
v 0.166664 0.100095 -0.0254066
v 0.176191 0.100094 -0.0283274
v 0.18568 0.100089 -0.0313792
v 0.195123 0.100086 -0.0345643
v 0.204519 0.100085 -0.0378807
v 0.213871 0.100079 -0.041326
v 0.223175 0.100076 -0.0449051
v 0.232425 0.100072 -0.0486097
v 0.241625 0.100069 -0.0524468
v 0.250771 0.100063 -0.0564083
v 0.26037 0.0902485 -0.0606387
v 0.26008 0.0902338 -0.0605075
v 0.259862 0.10006 -0.0605001
v 0.269391 0.0906413 -0.064861
v 0.268762 0.0906118 -0.0645676
v 0.268895 0.100055 -0.0647166
v 0.278347 0.0910627 -0.0692065
v 0.27737 0.0910124 -0.0687345
v 0.277868 0.100051 -0.0690575
v 0.287242 0.0915092 -0.0736742
v 0.285897 0.0914354 -0.0730009
v 0.286783 0.100047 -0.0735262
v 0.296069 0.0919855 -0.0782655
v 0.294346 0.0918802 -0.0773698
v 0.295634 0.100042 -0.0781159
v 0.304833 0.0924813 -0.0829774
v 0.302715 0.0923492 -0.0818407
v 0.30442 0.100038 -0.082829
v 0.313531 0.0929983 -0.0878102
v 0.311007 0.0928362 -0.0864115
v 0.313142 0.100032 -0.0876625
v 0.322156 0.0935349 -0.0927605
v 0.319222 0.0933376 -0.091079
v 0.321798 0.100026 -0.0926188
v 0.330714 0.0940872 -0.0978306
v 0.327362 0.0938558 -0.0958479
v 0.330383 0.100022 -0.0976953
v 0.339198 0.0946571 -0.103018
v 0.335426 0.0943875 -0.100715
v 0.338899 0.100014 -0.102888
v 0.347608 0.0952413 -0.10832
v 0.343417 0.0949296 -0.105679
v 0.347342 0.100011 -0.108201
v 0.355944 0.0958429 -0.113738
v 0.351325 0.0954908 -0.110738
v 0.355712 0.100004 -0.113629
v 0.364205 0.096465 -0.11927
v 0.359154 0.0960656 -0.115889
v 0.364008 0.0999984 -0.119174
v 0.372387 0.0971075 -0.124914
v 0.366902 0.0966571 -0.121131
v 0.372228 0.0999919 -0.124834
v 0.380492 0.0977706 -0.130669
v 0.374567 0.0972684 -0.126463
v 0.380369 0.0999847 -0.130606
v 0.388515 0.0984602 -0.136536
v 0.382142 0.0978998 -0.131879
v 0.388429 0.0999791 -0.136489
v 0.396454 0.0991765 -0.14251
v 0.389633 0.098552 -0.13738
v 0.396411 0.0999719 -0.142487
v 0.404311 0.0999192 -0.148595
v 0.397033 0.0992251 -0.142959
v 0.404307 0.0999657 -0.148591
v 0.404344 0.0999225 -0.148621
v 0.404788 0.0999646 -0.148973
v 0.412124 0.0999572 -0.154807
v 0.419853 0.0999521 -0.16113
v 0.427495 0.0999442 -0.167558
v 0.43505 0.0999364 -0.174092
v 0.442515 0.0999284 -0.180729
v 0.44989 0.0999229 -0.187471
v 0.457171 0.0999143 -0.19431
v 0.464363 0.0999053 -0.201253
v 0.471942 0.0901376 -0.208656
v 0.471722 0.0901073 -0.208437
v 0.471457 0.0998987 -0.208292
v 0.478892 0.0910052 -0.215765
v 0.478126 0.0908983 -0.214983
v 0.478456 0.099889 -0.215427
v 0.485744 0.0919064 -0.222967
v 0.48443 0.0917143 -0.221588
v 0.485356 0.0998817 -0.222659
v 0.492494 0.0928417 -0.230258
v 0.490633 0.092559 -0.228251
v 0.492161 0.0998743 -0.229988
v 0.499147 0.093812 -0.237642
v 0.496733 0.0934307 -0.234968
v 0.498865 0.099864 -0.237406
v 0.5057 0.0948209 -0.245116
v 0.502733 0.0943305 -0.241736
v 0.505469 0.0998566 -0.244919
v 0.512148 0.0958689 -0.252676
v 0.50863 0.0952625 -0.248556
v 0.511971 0.0998467 -0.25252
v 0.518497 0.0969535 -0.260324
v 0.514423 0.0962247 -0.25542
v 0.51837 0.0998374 -0.260209
v 0.524741 0.098078 -0.268056
v 0.520115 0.0972183 -0.262332
v 0.524664 0.099829 -0.267987
v 0.530878 0.0992437 -0.27587
v 0.525702 0.0982442 -0.269285
v 0.530853 0.0998189 -0.275847
v 0.531189 0.0993005 -0.276278
v 0.533726 0.0998151 -0.2796
v 0.536937 0.0998103 -0.283795
v 0.542913 0.0998009 -0.291823
v 0.548781 0.0997909 -0.299933
v 0.55454 0.0997809 -0.308122
v 0.560187 0.0997714 -0.316388
v 0.565726 0.0997598 -0.324732
v 0.571153 0.0997497 -0.333151
v 0.576465 0.0997389 -0.341641
v 0.581663 0.0997306 -0.350205
v 0.587031 0.090735 -0.359177
v 0.58656 0.0905899 -0.358374
v 0.586747 0.09972 -0.358838
v 0.591948 0.0921272 -0.36782
v 0.590893 0.0917942 -0.365971
v 0.591716 0.0997076 -0.367538
v 0.596749 0.0935604 -0.37653
v 0.595132 0.0930199 -0.373601
v 0.596567 0.0996971 -0.376304
v 0.601433 0.0950805 -0.385303
v 0.599255 0.0943059 -0.381224
v 0.601304 0.0996863 -0.385138
v 0.606003 0.096694 -0.394138
v 0.603256 0.0956642 -0.388829
v 0.605919 0.0996759 -0.394031
v 0.610452 0.0983913 -0.40303
v 0.607143 0.0970871 -0.396423
v 0.610419 0.099664 -0.402987
v 0.610925 0.0985635 -0.404009
v 0.613556 0.0996554 -0.409444
v 0.6148 0.099651 -0.412003
v 0.619061 0.0996409 -0.42108
v 0.623198 0.0996288 -0.430208
v 0.627217 0.0996184 -0.439395
v 0.631115 0.0996048 -0.448632
v 0.634887 0.0995947 -0.457921
v 0.638538 0.0995832 -0.46726
v 0.642068 0.0995684 -0.476645
v 0.645473 0.0995571 -0.486078
v 0.648752 0.0995444 -0.495553
v 0.652042 0.0910152 -0.505279
v 0.651663 0.0907082 -0.504131
v 0.651907 0.0995342 -0.505074
v 0.655029 0.0934349 -0.514772
v 0.654097 0.0926075 -0.511816
v 0.654939 0.0995219 -0.514634
v 0.657893 0.0960094 -0.524306
v 0.656435 0.0945823 -0.519454
v 0.657843 0.0995083 -0.524231
v 0.660631 0.0987782 -0.53388
v 0.658669 0.0966671 -0.527011
v 0.660625 0.0994945 -0.533867
v 0.660782 0.0989184 -0.534434
v 0.661269 0.0994922 -0.53622
v 0.663276 0.0994845 -0.543538
v 0.665804 0.0994705 -0.553241
v 0.668205 0.0994595 -0.56298
v 0.670478 0.0994466 -0.572746
v 0.672623 0.099433 -0.582539
v 0.674644 0.0994197 -0.592361
v 0.676535 0.0994079 -0.602207
v 0.678302 0.0993929 -0.612076
v 0.67996 0.0967359 -0.621984
v 0.679604 0.0917757 -0.61963
v 0.67994 0.0993786 -0.621967
v 0.680062 0.098601 -0.62274
v 0.680077 0.0993782 -0.622869
v 0.681449 0.0993663 -0.631876
v 0.682833 0.0993511 -0.641803
v 0.684087 0.0993346 -0.65174
v 0.685216 0.0993209 -0.661695
v 0.681962 -0.000801885 -0.632081
v 0.680454 -0.000788629 -0.622169
v 0.680431 0.00922617 -0.622231
v 0.681935 0.00921207 -0.632127
v 0.681896 0.0192302 -0.632125
v 0.683273 0.0192177 -0.642038
v 0.683234 0.0292331 -0.642036
v 0.684484 0.0292219 -0.651961
v 0.68444 0.0392374 -0.651958
v 0.687637 0.0392282 -0.661548
v 0.687787 0.0292083 -0.661516
v 0.678817 -0.000777052 -0.612271
v 0.678799 0.00923854 -0.612349
v 0.680392 0.0192423 -0.622226
v 0.681855 0.0292462 -0.632122
v 0.683188 0.0392491 -0.642031
v 0.684392 0.049253 -0.651955
v 0.687483 0.0492457 -0.661579
v 0.677052 -0.000766228 -0.602393
v 0.677037 0.00925345 -0.602489
v 0.678758 0.0192558 -0.612344
v 0.680348 0.0292589 -0.622223
v 0.68181 0.0392625 -0.632119
v 0.683139 0.049268 -0.642032
v 0.684338 0.0592713 -0.651955
v 0.687323 0.0592635 -0.661608
v 0.67516 -0.000754159 -0.59254
v 0.675149 0.00926386 -0.592648
v 0.676998 0.0192689 -0.602486
v 0.678716 0.0292702 -0.612342
v 0.680303 0.0392756 -0.622222
v 0.68176 0.0492786 -0.632117
v 0.683087 0.0592834 -0.642031
v 0.684281 0.0692859 -0.651954
v 0.687161 0.0692811 -0.661641
v 0.673139 -0.000739386 -0.582714
v 0.673135 0.0092773 -0.582837
v 0.675112 0.0192807 -0.592648
v 0.676956 0.0292844 -0.602484
v 0.678672 0.0392875 -0.612344
v 0.680254 0.0492921 -0.622222
v 0.681708 0.0592943 -0.632118
v 0.68303 0.0692981 -0.642031
v 0.684218 0.0793028 -0.651955
v 0.686995 0.0792984 -0.661674
v 0.670992 -0.000728741 -0.572911
v 0.670994 0.0092899 -0.57305
v 0.673098 0.0192928 -0.582836
v 0.675071 0.0292974 -0.592649
v 0.676912 0.0392995 -0.602485
v 0.678621 0.0493045 -0.612345
v 0.680201 0.059308 -0.622223
v 0.681648 0.0693121 -0.632119
v 0.682968 0.079315 -0.642033
v 0.684154 0.0893191 -0.651958
v 0.686825 0.0893154 -0.661707
v 0.668717 -0.000714308 -0.56314
v 0.668723 0.00930366 -0.563291
v 0.670956 0.0193072 -0.573051
v 0.673058 0.0293079 -0.582837
v 0.675025 0.0393136 -0.592651
v 0.676862 0.0493171 -0.602488
v 0.678569 0.0593207 -0.612348
v 0.680144 0.069323 -0.622224
v 0.681589 0.0793258 -0.63212
v 0.682903 0.0893308 -0.642034
v 0.684087 0.0993346 -0.65194
v 0.685216 0.0993209 -0.661895
v 0.666316 -0.000703325 -0.553396
v 0.666329 0.00931735 -0.553564
v 0.668687 0.0193199 -0.563292
v 0.670917 0.0293208 -0.573051
v 0.673012 0.0393252 -0.58284
v 0.674976 0.049329 -0.592654
v 0.67681 0.0593309 -0.60249
v 0.678511 0.0693359 -0.612349
v 0.680084 0.0793398 -0.622229
v 0.681525 0.0893444 -0.632127
v 0.682833 0.0993511 -0.642003
v 0.663789 -0.000690871 -0.543687
v 0.663808 0.00932976 -0.543867
v 0.666295 0.0193327 -0.553566
v 0.668647 0.0293353 -0.563294
v 0.670871 0.0393366 -0.573054
v 0.672963 0.0493386 -0.582842
v 0.674923 0.0593433 -0.592657
v 0.676753 0.0693463 -0.602494
v 0.678449 0.0793527 -0.612354
v 0.68002 0.0893551 -0.622234
v 0.681449 0.0993663 -0.632076
v 0.661133 -0.000678118 -0.534009
v 0.661159 0.00934284 -0.534202
v 0.663773 0.0193443 -0.543867
v 0.666253 0.0293468 -0.553566
v 0.668603 0.0393495 -0.563298
v 0.670823 0.0493512 -0.573058
v 0.672908 0.0593568 -0.582848
v 0.674865 0.0693593 -0.592662
v 0.676691 0.0793633 -0.6025
v 0.678385 0.0893678 -0.612359
v 0.67994 0.0993786 -0.622167
v 0.658352 -0.00066911 -0.524364
v 0.658385 0.0093555 -0.524573
v 0.661125 0.0193568 -0.534203
v 0.663733 0.0293576 -0.543868
v 0.666211 0.0393598 -0.55357
v 0.668554 0.0493654 -0.563303
v 0.670769 0.0593673 -0.573064
v 0.672851 0.0693704 -0.582852
v 0.674804 0.0793735 -0.592667
v 0.676625 0.0893784 -0.602506
v 0.678302 0.0993929 -0.612276
v 0.655445 -0.000656018 -0.51476
v 0.655487 0.00936667 -0.514981
v 0.658353 0.019369 -0.524576
v 0.661087 0.0293693 -0.534206
v 0.663691 0.0393724 -0.543875
v 0.666162 0.0493772 -0.553578
v 0.668502 0.0593797 -0.56331
v 0.670711 0.0693817 -0.57307
v 0.672792 0.0793851 -0.582861
v 0.674739 0.0893916 -0.592678
v 0.676535 0.0994079 -0.602407
v 0.652414 -0.000645823 -0.505194
v 0.652463 0.00937824 -0.505428
v 0.655455 0.01938 -0.514984
v 0.658314 0.0293839 -0.524579
v 0.661043 0.0393861 -0.534213
v 0.663641 0.0493884 -0.543882
v 0.666108 0.0593897 -0.553583
v 0.668444 0.069395 -0.563318
v 0.670649 0.079397 -0.573079
v 0.672725 0.0894005 -0.582869
v 0.674644 0.0994197 -0.592561
v 0.649254 -0.000633689 -0.495667
v 0.649313 0.00939208 -0.495916
v 0.652431 0.0193914 -0.50543
v 0.655415 0.0293943 -0.514987
v 0.65827 0.0393969 -0.524584
v 0.660996 0.0493979 -0.53422
v 0.663588 0.0594024 -0.543889
v 0.666051 0.0694062 -0.553594
v 0.668384 0.079408 -0.563327
v 0.670585 0.0894127 -0.573091
v 0.672623 0.099433 -0.582739
v 0.645973 -0.000620686 -0.486186
v 0.646039 0.0094042 -0.486445
v 0.649282 0.0194054 -0.495918
v 0.652394 0.0294056 -0.505435
v 0.655373 0.0394096 -0.514995
v 0.658222 0.0494107 -0.524592
v 0.660944 0.0594135 -0.53423
v 0.66353 0.0694171 -0.543899
v 0.665991 0.0794201 -0.553605
v 0.668317 0.0894243 -0.563339
v 0.670478 0.0994466 -0.572946
v 0.642566 -0.000610884 -0.476746
v 0.642642 0.00941362 -0.477016
v 0.646008 0.0194178 -0.486447
v 0.649245 0.0294194 -0.495924
v 0.652352 0.0394203 -0.505444
v 0.655325 0.0494226 -0.515003
v 0.658172 0.0594251 -0.524605
v 0.660886 0.0694266 -0.534239
v 0.66347 0.079432 -0.543913
v 0.665923 0.089434 -0.553616
v 0.668205 0.0994595 -0.56318
v 0.639036 -0.00059923 -0.467354
v 0.639118 0.00942812 -0.467634
v 0.642612 0.0194276 -0.47702
v 0.645973 0.0294288 -0.486453
v 0.649204 0.0394309 -0.495932
v 0.652304 0.0494327 -0.505452
v 0.655275 0.059436 -0.515016
v 0.658112 0.0694397 -0.524615
v 0.660824 0.0794427 -0.534255
v 0.663405 0.0894438 -0.543926
v 0.665804 0.0994705 -0.553441
v 0.635382 -0.000589783 -0.458008
v 0.635475 0.0094379 -0.4583
v 0.63909 0.0194398 -0.467638
v 0.642576 0.0294419 -0.477027
v 0.645932 0.0394432 -0.486463
v 0.649156 0.0494456 -0.495942
v 0.652253 0.0594481 -0.505466
v 0.655218 0.0694494 -0.515028
v 0.658052 0.0794513 -0.524629
v 0.660757 0.0894555 -0.534268
v 0.663276 0.0994845 -0.543738
v 0.631602 -0.000577602 -0.448711
v 0.631705 0.00945072 -0.449015
v 0.635448 0.0194503 -0.458305
v 0.639056 0.0294514 -0.467646
v 0.642535 0.0394532 -0.477035
v 0.645884 0.0494576 -0.486473
v 0.649106 0.0594575 -0.495955
v 0.652196 0.0694604 -0.505479
v 0.655156 0.0794625 -0.515043
v 0.657986 0.0894652 -0.524646
v 0.660625 0.0994945 -0.534067
v 0.627703 -0.000566559 -0.439469
v 0.627816 0.00946281 -0.439781
v 0.631677 0.019464 -0.449019
v 0.635412 0.0294655 -0.458314
v 0.639015 0.039466 -0.467656
v 0.64249 0.0494675 -0.477049
v 0.645832 0.0594689 -0.486486
v 0.649049 0.0694718 -0.495971
v 0.652133 0.0794752 -0.505496
v 0.655089 0.0894777 -0.515062
v 0.657843 0.0995083 -0.524431
v 0.62368 -0.000554715 -0.430276
v 0.623805 0.00947309 -0.430599
v 0.627791 0.0194743 -0.439787
v 0.631646 0.0294741 -0.449027
v 0.63537 0.0394774 -0.458322
v 0.63897 0.0494773 -0.467668
v 0.642438 0.0594814 -0.477064
v 0.645776 0.0694826 -0.486502
v 0.648987 0.0794856 -0.495989
v 0.652066 0.0894889 -0.505516
v 0.654939 0.0995219 -0.514834
v 0.619539 -0.000545862 -0.42114
v 0.619674 0.00948373 -0.421473
v 0.623779 0.0194858 -0.430605
v 0.627758 0.0294852 -0.439794
v 0.631606 0.0394867 -0.449037
v 0.635327 0.049489 -0.458336
v 0.63892 0.0594911 -0.467685
v 0.64238 0.0694946 -0.47708
v 0.645715 0.0794954 -0.486521
v 0.648918 0.0894981 -0.496007
v 0.651907 0.0995342 -0.505274
v 0.615276 -0.000535112 -0.41206
v 0.61542 0.00949665 -0.412402
v 0.619647 0.0194979 -0.421479
v 0.623746 0.0294979 -0.430613
v 0.627717 0.0394985 -0.439805
v 0.63156 0.0495015 -0.449053
v 0.635275 0.0595027 -0.458352
v 0.638863 0.0695039 -0.467702
v 0.64232 0.0795067 -0.4771
v 0.645648 0.0895097 -0.486544
v 0.648752 0.0995444 -0.495753
v 0.610891 -0.000523281 -0.403038
v 0.611046 0.00950811 -0.403388
v 0.615396 0.0195066 -0.412406
v 0.619615 0.0295083 -0.421486
v 0.623708 0.0395092 -0.430625
v 0.627675 0.049511 -0.439821
v 0.631511 0.0595125 -0.44907
v 0.63522 0.0695154 -0.458372
v 0.638802 0.0795155 -0.467722
v 0.642252 0.0895201 -0.477123
v 0.645473 0.0995571 -0.486278
v 0.60639 -0.000514145 -0.394077
v 0.606554 0.00951723 -0.394433
v 0.611022 0.0195198 -0.403393
v 0.615363 0.0295184 -0.412414
v 0.619577 0.0395206 -0.421498
v 0.623665 0.0495224 -0.430642
v 0.627625 0.0595224 -0.439839
v 0.631455 0.0695252 -0.44909
v 0.63516 0.0795266 -0.458394
v 0.638735 0.0895282 -0.467747
v 0.642068 0.0995684 -0.476845
v 0.601768 -0.000505624 -0.385175
v 0.601944 0.00952905 -0.385541
v 0.606532 0.0195279 -0.394438
v 0.610991 0.0295304 -0.403401
v 0.615325 0.0395321 -0.412428
v 0.619535 0.0495318 -0.421515
v 0.623616 0.0595344 -0.43066
v 0.627568 0.0695353 -0.439859
v 0.631395 0.0795363 -0.449112
v 0.635093 0.0895388 -0.458419
v 0.638538 0.0995832 -0.46746
v 0.597029 -0.00049556 -0.376338
v 0.597214 0.00953985 -0.37671
v 0.601922 0.019539 -0.385546
v 0.6065 0.0295403 -0.394447
v 0.610956 0.0395425 -0.403417
v 0.615284 0.0495414 -0.412444
v 0.619485 0.0595445 -0.421534
v 0.62356 0.0695448 -0.430679
v 0.627508 0.0795464 -0.439882
v 0.631328 0.089551 -0.449141
v 0.634887 0.0995947 -0.458121
v 0.592171 -0.000484789 -0.367565
v 0.59237 0.00954886 -0.367944
v 0.597195 0.0195492 -0.376715
v 0.601893 0.0295503 -0.385555
v 0.606465 0.0395512 -0.39446
v 0.610913 0.0495532 -0.403432
v 0.615234 0.0595551 -0.412464
v 0.619431 0.0695555 -0.421557
v 0.623499 0.0795589 -0.430707
v 0.62744 0.0895609 -0.439912
v 0.631115 0.0996048 -0.448832
v 0.587199 -0.000473982 -0.358861
v 0.587408 0.00956113 -0.359246
v 0.592349 0.0195606 -0.36795
v 0.597165 0.0295627 -0.376727
v 0.601857 0.039563 -0.385571
v 0.606424 0.0495633 -0.39448
v 0.610864 0.0595651 -0.403453
v 0.61518 0.0695668 -0.412488
v 0.61937 0.0795671 -0.421582
v 0.623433 0.0895707 -0.430736
v 0.627217 0.0996184 -0.439595
v 0.582112 -0.0004668 -0.350223
v 0.58233 0.00957017 -0.350612
v 0.587387 0.0195697 -0.359249
v 0.592322 0.0295706 -0.367961
v 0.597131 0.0395715 -0.376739
v 0.601816 0.0495739 -0.385588
v 0.606377 0.0595735 -0.394501
v 0.610812 0.0695749 -0.403477
v 0.615119 0.0795791 -0.412515
v 0.619303 0.0895791 -0.421613
v 0.623198 0.0996288 -0.430408
v 0.576906 -0.00045522 -0.341655
v 0.577139 0.00958109 -0.342051
v 0.582309 0.0195816 -0.350617
v 0.587359 0.0295822 -0.35926
v 0.592286 0.0395816 -0.367973
v 0.597089 0.0495842 -0.376759
v 0.601766 0.0595856 -0.385609
v 0.606321 0.0695873 -0.394526
v 0.61075 0.0795879 -0.403506
v 0.615053 0.0895885 -0.412546
v 0.619061 0.0996409 -0.42128
v 0.57159 -0.000445661 -0.333161
v 0.571833 0.00959031 -0.333559
v 0.577119 0.0195896 -0.342054
v 0.582285 0.0295909 -0.350629
v 0.587327 0.0395926 -0.359276
v 0.592247 0.0495934 -0.367994
v 0.597042 0.0595947 -0.376781
v 0.601716 0.0695949 -0.385637
v 0.606261 0.0795984 -0.394556
v 0.610686 0.089598 -0.403538
v 0.6148 0.099651 -0.412203
v 0.566159 -0.000435901 -0.324738
v 0.566412 0.00960007 -0.325139
v 0.571814 0.019602 -0.333566
v 0.577093 0.0296018 -0.342066
v 0.582253 0.0396009 -0.350644
v 0.587285 0.0496037 -0.359294
v 0.592202 0.0596029 -0.368017
v 0.59699 0.0696055 -0.376808
v 0.601655 0.0796072 -0.385666
v 0.606194 0.0896093 -0.394588
v 0.610419 0.099664 -0.403187
v 0.560618 -0.000429409 -0.316389
v 0.560881 0.00960984 -0.316794
v 0.566395 0.0196093 -0.325144
v 0.57179 0.0296114 -0.333576
v 0.577061 0.0396116 -0.342081
v 0.582213 0.0496115 -0.350663
v 0.587242 0.0596123 -0.359319
v 0.592148 0.0696154 -0.368045
v 0.596931 0.0796163 -0.376839
v 0.601588 0.0896191 -0.385701
v 0.605919 0.0996759 -0.394231
v 0.554963 -0.000418045 -0.308118
v 0.55524 0.00961903 -0.308527
v 0.560864 0.0196197 -0.316799
v 0.566371 0.0296218 -0.325157
v 0.571757 0.0396211 -0.33359
v 0.577023 0.0496218 -0.342103
v 0.582166 0.0596223 -0.350686
v 0.587188 0.0696238 -0.359346
v 0.592088 0.0796248 -0.368075
v 0.596866 0.0896264 -0.376875
v 0.601304 0.0996863 -0.385338
v 0.549198 -0.000411068 -0.299922
v 0.549485 0.00962998 -0.300336
v 0.555223 0.0196296 -0.308532
v 0.560841 0.0296298 -0.316811
v 0.566339 0.0396317 -0.325172
v 0.571719 0.0496312 -0.333611
v 0.576979 0.0596322 -0.342128
v 0.582114 0.0696331 -0.350716
v 0.587129 0.079635 -0.359379
v 0.592024 0.0896364 -0.368114
v 0.596567 0.0996971 -0.376504
v 0.543328 -0.000403176 -0.29181
v 0.543623 0.00963922 -0.292224
v 0.549469 0.0196386 -0.300339
v 0.555198 0.0296403 -0.308542
v 0.560809 0.0396401 -0.316826
v 0.566301 0.0496419 -0.325193
v 0.571675 0.0596413 -0.333637
v 0.576927 0.0696424 -0.342157
v 0.582058 0.0796433 -0.350751
v 0.587066 0.0896453 -0.359418
v 0.591716 0.0997076 -0.367738
v 0.537344 -0.000391867 -0.283778
v 0.537652 0.00964933 -0.284194
v 0.543608 0.019649 -0.292228
v 0.549449 0.0296472 -0.300351
v 0.55517 0.0396482 -0.308558
v 0.560774 0.0496503 -0.31685
v 0.566258 0.0596489 -0.325217
v 0.571623 0.069651 -0.333666
v 0.57687 0.0796518 -0.342192
v 0.581993 0.0896554 -0.350791
v 0.586747 0.09972 -0.359038
v 0.531256 -0.000383461 -0.275829
v 0.531575 0.00965687 -0.276244
v 0.537639 0.0196574 -0.284197
v 0.543587 0.0296586 -0.292241
v 0.549419 0.0396587 -0.300369
v 0.555133 0.0496589 -0.30858
v 0.56073 0.0596604 -0.316876
v 0.566208 0.0696613 -0.32525
v 0.571567 0.07966 -0.333701
v 0.576806 0.089663 -0.342232
v 0.581663 0.0997306 -0.350405
v 0.525059 -0.000375379 -0.267961
v 0.52539 0.00966725 -0.268379
v 0.531562 0.0196665 -0.276248
v 0.537617 0.0296654 -0.284206
v 0.543557 0.039668 -0.292256
v 0.549384 0.0496671 -0.30039
v 0.555091 0.0596692 -0.308609
v 0.560681 0.0696699 -0.316908
v 0.566152 0.0796699 -0.325286
v 0.571502 0.0896705 -0.333742
v 0.576465 0.0997389 -0.341841
v 0.518759 -0.00036803 -0.260181
v 0.519101 0.00967433 -0.260598
v 0.525378 0.0196756 -0.268383
v 0.531541 0.0296757 -0.276259
v 0.537589 0.0396759 -0.284225
v 0.543522 0.0496772 -0.292278
v 0.54934 0.0596778 -0.300418
v 0.555041 0.069676 -0.308639
v 0.560625 0.0796783 -0.316945
v 0.566087 0.0896799 -0.325327
v 0.571153 0.0997497 -0.333351
v 0.512357 -0.000361707 -0.252489
v 0.512707 0.00968356 -0.252905
v 0.519087 0.0196845 -0.260601
v 0.525359 0.0296835 -0.268394
v 0.531512 0.0396846 -0.276274
v 0.537555 0.0496859 -0.284248
v 0.543482 0.0596858 -0.292308
v 0.549293 0.0696849 -0.30045
v 0.554985 0.0796873 -0.308677
v 0.560561 0.089688 -0.316987
v 0.565726 0.0997598 -0.324932
v 0.505848 -0.000350955 -0.244886
v 0.50621 0.00969174 -0.2453
v 0.512695 0.0196928 -0.252908
v 0.519069 0.0296912 -0.260611
v 0.525331 0.0396938 -0.268411
v 0.531479 0.049693 -0.276298
v 0.537515 0.0596925 -0.284275
v 0.543433 0.0696934 -0.292339
v 0.549237 0.0796965 -0.30049
v 0.554924 0.0896969 -0.308723
v 0.560187 0.0997714 -0.316588
v 0.499241 -0.000344653 -0.237372
v 0.499611 0.00970151 -0.237786
v 0.506199 0.0197002 -0.245303
v 0.512675 0.0297014 -0.252918
v 0.519043 0.0397002 -0.260629
v 0.525297 0.0497006 -0.268432
v 0.531439 0.0597005 -0.276326
v 0.537465 0.0697038 -0.28431
v 0.543379 0.0797025 -0.292379
v 0.549175 0.0897033 -0.300534
v 0.55454 0.0997809 -0.308322
v 0.49253 -0.000337228 -0.229948
v 0.492911 0.00970978 -0.230362
v 0.499599 0.0197094 -0.237787
v 0.506181 0.029708 -0.245313
v 0.51265 0.0397094 -0.252935
v 0.51901 0.0497086 -0.260652
v 0.525258 0.0597094 -0.268462
v 0.531392 0.0697099 -0.276361
v 0.537413 0.0797106 -0.28435
v 0.543317 0.0897125 -0.292425
v 0.548781 0.0997909 -0.300133
v 0.48572 -0.000328886 -0.22262
v 0.48611 0.0097163 -0.223027
v 0.492901 0.0197173 -0.230363
v 0.499582 0.0297166 -0.237797
v 0.506155 0.0397179 -0.24533
v 0.512619 0.0497165 -0.252958
v 0.518971 0.0597188 -0.260683
v 0.525212 0.069717 -0.268497
v 0.531338 0.0797205 -0.276404
v 0.537351 0.0897212 -0.284398
v 0.542913 0.0998009 -0.292023
v 0.478814 -0.000322681 -0.215385
v 0.479211 0.00972672 -0.215792
v 0.4861 0.0197265 -0.223031
v 0.492884 0.029724 -0.230371
v 0.499557 0.0397258 -0.237814
v 0.506123 0.0497241 -0.245351
v 0.51258 0.0597255 -0.252988
v 0.518925 0.0697249 -0.260717
v 0.525158 0.0797258 -0.268538
v 0.531276 0.0897289 -0.27645
v 0.536937 0.0998103 -0.283995
v 0.471809 -0.000315763 -0.208246
v 0.472217 0.00973228 -0.208649
v 0.479201 0.0197339 -0.215792
v 0.486084 0.0297328 -0.22304
v 0.492858 0.0397326 -0.230387
v 0.499526 0.049734 -0.237838
v 0.506085 0.0597321 -0.245382
v 0.512534 0.0697331 -0.253024
v 0.518872 0.0797349 -0.26076
v 0.525099 0.0897352 -0.268589
v 0.530853 0.0998189 -0.276047
v 0.464708 -0.000308291 -0.201205
v 0.465122 0.00974154 -0.201603
v 0.472205 0.0197425 -0.208649
v 0.479187 0.0297402 -0.215802
v 0.48606 0.0397411 -0.223056
v 0.492828 0.0497403 -0.230412
v 0.499488 0.0597411 -0.237867
v 0.50604 0.0697414 -0.24542
v 0.512483 0.0797417 -0.253068
v 0.518812 0.0897426 -0.260809
v 0.524664 0.099829 -0.268187
v 0.457511 -0.000300221 -0.194261
v 0.457936 0.00974869 -0.194656
v 0.465113 0.0197492 -0.201602
v 0.47219 0.0297488 -0.208657
v 0.479162 0.0397483 -0.215817
v 0.48603 0.0497484 -0.223079
v 0.49279 0.0597495 -0.230443
v 0.499445 0.0697495 -0.237905
v 0.505988 0.0797488 -0.245462
v 0.512423 0.0897507 -0.253119
v 0.51837 0.0998374 -0.260409
v 0.450222 -0.000294503 -0.187417
v 0.450654 0.00975661 -0.187808
v 0.457926 0.0197568 -0.194654
v 0.465099 0.0297557 -0.201611
v 0.472169 0.039757 -0.208676
v 0.479133 0.0497553 -0.215841
v 0.485995 0.0597543 -0.223111
v 0.492746 0.0697572 -0.23048
v 0.499395 0.0797559 -0.23795
v 0.505931 0.0897565 -0.245515
v 0.511971 0.0998467 -0.25272
v 0.442839 -0.000288156 -0.180674
v 0.443278 0.00976533 -0.18106
v 0.450646 0.0197625 -0.187805
v 0.457914 0.0297638 -0.194664
v 0.465077 0.039764 -0.201629
v 0.472139 0.0497639 -0.208699
v 0.479097 0.0597638 -0.215872
v 0.485952 0.0697643 -0.22315
v 0.492699 0.0797627 -0.230526
v 0.499336 0.0897654 -0.238002
v 0.505469 0.0998566 -0.245119
v 0.435368 -0.000281132 -0.174035
v 0.435815 0.00977203 -0.174416
v 0.443272 0.019772 -0.181058
v 0.450632 0.02977 -0.187814
v 0.457892 0.0397696 -0.194679
v 0.465049 0.0497711 -0.201653
v 0.472105 0.0597695 -0.20873
v 0.479056 0.0697706 -0.215912
v 0.485903 0.0797692 -0.223195
v 0.492642 0.0897714 -0.23058
v 0.498865 0.099864 -0.237606
v 0.427806 -0.000273269 -0.167501
v 0.428259 0.00977969 -0.167874
v 0.435809 0.0197767 -0.174412
v 0.443261 0.0297774 -0.181067
v 0.450612 0.0397764 -0.18783
v 0.457865 0.049777 -0.194704
v 0.465015 0.0597768 -0.201683
v 0.472064 0.0697761 -0.208769
v 0.479006 0.079778 -0.215957
v 0.485846 0.0897772 -0.223248
v 0.492161 0.0998743 -0.230188
v 0.420157 -0.000267374 -0.161071
v 0.420618 0.00978559 -0.161438
v 0.428256 0.0197855 -0.167873
v 0.435796 0.0297831 -0.174419
v 0.443239 0.0397845 -0.181082
v 0.450584 0.0497843 -0.187854
v 0.457832 0.0597829 -0.194736
v 0.464975 0.0697834 -0.201723
v 0.472015 0.0797832 -0.208815
v 0.47895 0.0897855 -0.216011
v 0.485356 0.0998817 -0.222859
v 0.41242 -0.000260298 -0.154747
v 0.412887 0.00979278 -0.155107
v 0.420613 0.0197927 -0.161436
v 0.428243 0.0297901 -0.167878
v 0.435778 0.0397911 -0.174438
v 0.443213 0.0497902 -0.181106
v 0.450552 0.0597907 -0.187887
v 0.457791 0.0697898 -0.194776
v 0.464928 0.0797906 -0.201771
v 0.471959 0.0897905 -0.208869
v 0.478456 0.099889 -0.215627
v 0.404601 -0.000254746 -0.148532
v 0.405072 0.00979855 -0.148884
v 0.412883 0.0197985 -0.155104
v 0.420601 0.0297986 -0.161442
v 0.428225 0.0397964 -0.167894
v 0.435751 0.0497977 -0.174461
v 0.443181 0.0597973 -0.181139
v 0.450515 0.0697952 -0.187927
v 0.457743 0.0797972 -0.194823
v 0.464873 0.0897978 -0.201827
v 0.471457 0.0998987 -0.208492
v 0.396695 -0.000250426 -0.142423
v 0.39717 0.00980613 -0.142769
v 0.405067 0.019806 -0.148881
v 0.412873 0.029803 -0.15511
v 0.420582 0.0398033 -0.161456
v 0.428199 0.0498041 -0.167919
v 0.43572 0.0598028 -0.174494
v 0.443142 0.0698024 -0.181178
v 0.450466 0.079803 -0.187974
v 0.45769 0.0898045 -0.194881
v 0.464363 0.0999053 -0.201453
v 0.388708 -0.000244184 -0.136427
v 0.389188 0.00981284 -0.136766
v 0.397166 0.0198125 -0.142765
v 0.405058 0.0298092 -0.148887
v 0.412855 0.0398091 -0.155126
v 0.420558 0.0498093 -0.161481
v 0.428167 0.0598102 -0.167951
v 0.43568 0.0698088 -0.174533
v 0.443098 0.079808 -0.181228
v 0.450414 0.0898107 -0.188034
v 0.457171 0.0999143 -0.19451
v 0.380639 -0.000238566 -0.130542
v 0.381125 0.00981903 -0.130873
v 0.389186 0.0198183 -0.136762
v 0.397158 0.0298175 -0.142772
v 0.405038 0.0398169 -0.148901
v 0.412829 0.0498166 -0.15515
v 0.420529 0.0598138 -0.161513
v 0.428131 0.0698144 -0.167992
v 0.435638 0.0798152 -0.174584
v 0.443045 0.0898163 -0.181287
v 0.44989 0.0999229 -0.187671
v 0.372491 -0.000233188 -0.124769
v 0.372979 0.00982504 -0.12509
v 0.381121 0.0198237 -0.130866
v 0.389176 0.0298224 -0.136766
v 0.397141 0.0398213 -0.142785
v 0.405016 0.0498203 -0.148924
v 0.412802 0.0598197 -0.155182
v 0.42049 0.0698221 -0.161555
v 0.428085 0.0798217 -0.168041
v 0.435585 0.0898214 -0.174641
v 0.442515 0.0999284 -0.180929
v 0.364265 -0.000227651 -0.11911
v 0.364757 0.00983129 -0.119424
v 0.372976 0.0198292 -0.125083
v 0.381113 0.0298272 -0.13087
v 0.389159 0.0398282 -0.13678
v 0.397119 0.0498265 -0.14281
v 0.404987 0.0598279 -0.148959
v 0.412763 0.0698265 -0.155222
v 0.420446 0.0798278 -0.161605
v 0.428035 0.0898261 -0.168099
v 0.43505 0.0999364 -0.174292
v 0.355962 -0.000221523 -0.113565
v 0.356458 0.00983527 -0.113869
v 0.364755 0.019835 -0.119416
v 0.372968 0.029835 -0.125089
v 0.381097 0.0398322 -0.130885
v 0.389139 0.0498326 -0.136805
v 0.39709 0.059833 -0.142843
v 0.404952 0.0698306 -0.148999
v 0.412724 0.0798308 -0.155275
v 0.420397 0.0898334 -0.161665
v 0.427495 0.0999442 -0.167758
v 0.347585 -0.000217242 -0.108136
v 0.348082 0.00984039 -0.10843
v 0.356454 0.0198417 -0.113862
v 0.364745 0.0298404 -0.119419
v 0.372953 0.0398395 -0.125103
v 0.381074 0.0498388 -0.130908
v 0.389109 0.0598382 -0.136836
v 0.397055 0.0698376 -0.142884
v 0.404911 0.0798366 -0.14905
v 0.412673 0.0898378 -0.155335
v 0.419853 0.0999521 -0.16133
v 0.339135 -0.000214279 -0.102824
v 0.339632 0.0098471 -0.103109
v 0.348079 0.0198467 -0.108422
v 0.356449 0.029844 -0.113865
v 0.364731 0.0398446 -0.119433
v 0.372932 0.0498427 -0.125125
v 0.381048 0.0598438 -0.130942
v 0.389075 0.0698419 -0.136877
v 0.397015 0.0798425 -0.142936
v 0.404862 0.0898423 -0.149111
v 0.412124 0.0999572 -0.155007
v 0.330613 -0.000209167 -0.0976315
v 0.331108 0.00985309 -0.0979046
v 0.33963 0.0198507 -0.1031
v 0.348074 0.029849 -0.108426
v 0.356433 0.0398481 -0.113876
v 0.364711 0.0498475 -0.119455
v 0.372907 0.0598472 -0.125159
v 0.381016 0.0698468 -0.130984
v 0.389036 0.0798489 -0.136932
v 0.396968 0.0898472 -0.142998
v 0.404307 0.0999657 -0.148791
v 0.322019 -0.000204213 -0.092556
v 0.322517 0.0098589 -0.0928222
v 0.331109 0.0198569 -0.097897
v 0.339624 0.029856 -0.103104
v 0.34806 0.0398531 -0.108439
v 0.356412 0.0498537 -0.1139
v 0.364687 0.0598518 -0.119489
v 0.372875 0.0698527 -0.125203
v 0.380975 0.0798532 -0.131036
v 0.388988 0.0898528 -0.136991
v 0.396411 0.0999719 -0.142687
v 0.313357 -0.000198852 -0.0876019
v 0.313854 0.00986223 -0.0878546
v 0.322516 0.0198602 -0.0928098
v 0.331101 0.0298597 -0.0978964
v 0.339611 0.0398603 -0.103117
v 0.34804 0.0498588 -0.108462
v 0.356389 0.0598578 -0.113934
v 0.364653 0.069857 -0.119531
v 0.372836 0.0798586 -0.125255
v 0.380931 0.0898565 -0.131099
v 0.388429 0.0999791 -0.136689
v 0.304628 -0.000195324 -0.0827668
v 0.305124 0.00986663 -0.0830101
v 0.313853 0.0198671 -0.0878453
v 0.322509 0.0298664 -0.0928125
v 0.33109 0.0398643 -0.0979116
v 0.339592 0.0498633 -0.103139
v 0.348015 0.059863 -0.108494
v 0.356358 0.069863 -0.113978
v 0.364615 0.0798626 -0.119584
v 0.372791 0.0898615 -0.125316
v 0.380369 0.0999847 -0.130806
v 0.295834 -0.000190017 -0.0780563
v 0.296327 0.00987276 -0.0782876
v 0.305122 0.0198722 -0.0829996
v 0.313846 0.029871 -0.0878457
v 0.322496 0.0398687 -0.0928231
v 0.331071 0.0498678 -0.0979331
v 0.339566 0.0598678 -0.103171
v 0.347986 0.0698655 -0.108537
v 0.356322 0.0798658 -0.11403
v 0.364573 0.0898654 -0.119647
v 0.372228 0.0999919 -0.125034
v 0.286973 -0.000185219 -0.0734656
v 0.287467 0.00987841 -0.07369
v 0.296328 0.0198764 -0.0782771
v 0.305118 0.0298741 -0.0830003
v 0.313836 0.039874 -0.0878582
v 0.32248 0.0498727 -0.0928467
v 0.33105 0.0598699 -0.0979657
v 0.339538 0.0698706 -0.103213
v 0.347949 0.0798713 -0.108591
v 0.356277 0.0898714 -0.114093
v 0.364008 0.0999984 -0.119374
v 0.278054 -0.000183108 -0.069
v 0.278544 0.00988131 -0.0692125
v 0.287468 0.0198802 -0.0736767
v 0.296322 0.0298792 -0.0782767
v 0.305107 0.0398779 -0.083012
v 0.31382 0.049876 -0.0878798
v 0.322458 0.0598755 -0.092879
v 0.33102 0.069876 -0.0980097
v 0.339505 0.0798739 -0.103268
v 0.347909 0.0898743 -0.108655
v 0.355712 0.100004 -0.113829
v 0.269072 -0.000177028 -0.0646617
v 0.269558 0.00988806 -0.0648622
v 0.278545 0.0198843 -0.0692002
v 0.287461 0.0298841 -0.0736751
v 0.296313 0.0398812 -0.0782885
v 0.30509 0.0498809 -0.0830329
v 0.313797 0.0598796 -0.0879117
v 0.322429 0.0698795 -0.0929215
v 0.330986 0.0798771 -0.0980608
v 0.339463 0.0898773 -0.103331
v 0.347342 0.100011 -0.108401
v 0.260033 -0.000175086 -0.0604454
v 0.260513 0.00989066 -0.060634
v 0.269558 0.0198896 -0.0648468
v 0.27854 0.0298867 -0.0691984
v 0.287452 0.0398845 -0.0736845
v 0.296295 0.0498853 -0.0783087
v 0.30507 0.0598826 -0.0830654
v 0.313772 0.0698816 -0.0879549
v 0.322397 0.0798814 -0.092975
v 0.330946 0.0898812 -0.0981259
v 0.338899 0.100014 -0.103088
v 0.250933 -0.000170465 -0.0563559
v 0.25141 0.00989578 -0.0565352
v 0.260515 0.0198937 -0.0606219
v 0.269554 0.0298905 -0.0648446
v 0.27853 0.0398913 -0.0692105
v 0.287437 0.0498898 -0.0737087
v 0.296276 0.0598882 -0.078343
v 0.305044 0.0698858 -0.0831082
v 0.313738 0.0798873 -0.0880098
v 0.322357 0.0898862 -0.0930402
v 0.330383 0.100022 -0.0978953
v 0.241781 -0.000165326 -0.0523962
v 0.242251 0.00990137 -0.0525635
v 0.251411 0.0198977 -0.0565197
v 0.260509 0.0298963 -0.060618
v 0.269546 0.0398938 -0.0648564
v 0.278516 0.0498924 -0.0692307
v 0.287418 0.0598913 -0.0737408
v 0.29625 0.0698898 -0.0783838
v 0.305013 0.0798897 -0.0831638
v 0.313701 0.0898903 -0.0880759
v 0.321798 0.100026 -0.0928188
v 0.232572 -0.000161756 -0.0485615
v 0.233038 0.00990531 -0.0487194
v 0.242252 0.0199022 -0.052547
v 0.251408 0.0298992 -0.0565175
v 0.260502 0.0398985 -0.0606293
v 0.269532 0.0498966 -0.0648779
v 0.278495 0.0598954 -0.0692618
v 0.287392 0.0698943 -0.0737834
v 0.296219 0.0798922 -0.0784376
v 0.304975 0.089894 -0.0832298
v 0.313142 0.100032 -0.0878626
v 0.223316 -0.000158855 -0.044859
v 0.223772 0.0099114 -0.0450064
v 0.233038 0.0199082 -0.0487031
v 0.242248 0.0299057 -0.0525453
v 0.2514 0.0399004 -0.0565257
v 0.260487 0.0499002 -0.060648
v 0.269513 0.0598984 -0.064909
v 0.278472 0.0698972 -0.0693047
v 0.287364 0.0798955 -0.0738377
v 0.296184 0.0898951 -0.0785044
v 0.30442 0.100038 -0.083029
v 0.214004 -0.00015281 -0.0412843
v 0.214456 0.00991467 -0.0414208
v 0.223774 0.0199106 -0.0449871
v 0.233036 0.029908 -0.0486988
v 0.24224 0.0399061 -0.0525526
v 0.251387 0.0499041 -0.0565478
v 0.260472 0.0599011 -0.0606814
v 0.269492 0.0698992 -0.064952
v 0.278442 0.0799001 -0.0693584
v 0.287328 0.0898999 -0.0739041
v 0.295634 0.100042 -0.0783159
v 0.204644 -0.000148588 -0.0378391
v 0.205087 0.00991892 -0.0379635
v 0.214455 0.0199162 -0.0414013
v 0.22377 0.0299128 -0.044983
v 0.233029 0.0399106 -0.0487091
v 0.24223 0.0499062 -0.0525726
v 0.25137 0.0599043 -0.0565783
v 0.260448 0.0699039 -0.0607232
v 0.269463 0.0799012 -0.0650058
v 0.278409 0.0899007 -0.0694238
v 0.286783 0.100047 -0.0737262
v 0.195241 -0.000145258 -0.034528
v 0.195674 0.00992214 -0.0346403
v 0.20509 0.0199201 -0.0379473
v 0.214455 0.029915 -0.0413967
v 0.223765 0.039912 -0.0449906
v 0.233019 0.0499102 -0.0487282
v 0.242212 0.0599086 -0.0526039
v 0.251349 0.0699064 -0.0566223
v 0.260421 0.0799051 -0.0607771
v 0.269428 0.0899038 -0.0650705
v 0.277868 0.100051 -0.0692575
v 0.185789 -0.000141883 -0.0313454
v 0.186213 0.00992826 -0.0314497
v 0.195676 0.019923 -0.034622
v 0.205087 0.0299185 -0.0379384
v 0.214448 0.0399168 -0.0414044
v 0.223752 0.049914 -0.0450101
v 0.233002 0.0599122 -0.0487588
v 0.242192 0.0699102 -0.0526476
v 0.251324 0.079907 -0.0566761
v 0.26039 0.0899071 -0.0608444
v 0.268895 0.100055 -0.0649166
v 0.176295 -0.00014045 -0.0282945
v 0.17671 0.00992934 -0.0283891
v 0.186215 0.019926 -0.0314276
v 0.195672 0.0299243 -0.0346152
v 0.205081 0.0399202 -0.037947
v 0.214436 0.0499157 -0.0414211
v 0.223739 0.0599129 -0.0450408
v 0.232982 0.0699135 -0.0488018
v 0.242167 0.0799105 -0.052701
v 0.251291 0.0899085 -0.056741
v 0.259862 0.10006 -0.0607001
v 0.166759 -0.000136965 -0.0253789
v 0.167161 0.00993233 -0.0254613
v 0.17671 0.0199301 -0.0283685
v 0.186211 0.0299273 -0.0314211
v 0.195667 0.039923 -0.0346205
v 0.205072 0.0499191 -0.0379648
v 0.214421 0.0599175 -0.0414521
v 0.22372 0.0699141 -0.045083
v 0.232957 0.0799135 -0.0488547
v 0.242138 0.0899117 -0.0527682
v 0.250771 0.100063 -0.0566083
v 0.157184 -0.000136356 -0.0225952
v 0.157575 0.00993524 -0.0226694
v 0.167162 0.0199333 -0.0254405
v 0.176709 0.0299287 -0.0283607
v 0.186207 0.0399262 -0.0314269
v 0.195658 0.049922 -0.0346391
v 0.205058 0.0599209 -0.0379969
v 0.214404 0.0699187 -0.0414958
v 0.223693 0.079917 -0.0451366
v 0.232928 0.0899147 -0.0489215
v 0.241625 0.100069 -0.0526468
v 0.14757 -0.000134649 -0.0199473
v 0.147949 0.00993912 -0.0200132
v 0.157576 0.0199336 -0.0226467
v 0.167161 0.0299322 -0.0254326
v 0.176705 0.0399279 -0.0283667
v 0.1862 0.0499256 -0.031446
v 0.195645 0.0599212 -0.0346682
v 0.205041 0.0699194 -0.0380379
v 0.214381 0.0799189 -0.0415496
v 0.223668 0.0899154 -0.0452039
v 0.232425 0.100072 -0.0488097
v 0.13792 -0.000133781 -0.0174333
v 0.138287 0.00993901 -0.0174893
v 0.14795 0.019938 -0.0199898
v 0.157575 0.029933 -0.0226384
v 0.167157 0.0399319 -0.0254386
v 0.176696 0.0499277 -0.0283837
v 0.186185 0.0599252 -0.0314732
v 0.195628 0.0699231 -0.0347116
v 0.205018 0.07992 -0.0380905
v 0.214356 0.0899176 -0.041616
v 0.223175 0.100076 -0.0451051
v 0.128236 -0.000132619 -0.0150554
v 0.128587 0.00993895 -0.015099
v 0.138287 0.0199385 -0.0174649
v 0.147949 0.029935 -0.0199794
v 0.15757 0.0399334 -0.0226442
v 0.167149 0.0499295 -0.0254542
v 0.176684 0.059928 -0.0284139
v 0.18617 0.0699248 -0.0315161
v 0.195608 0.0799213 -0.0347639
v 0.204994 0.0899192 -0.0381585
v 0.213871 0.100079 -0.041526
v 0.118519 -0.000133389 -0.0128122
v 0.118854 0.00993985 -0.0128473
v 0.12859 0.0199393 -0.0150786
v 0.138287 0.0299364 -0.0174563
v 0.147945 0.0399333 -0.0199832
v 0.157562 0.0499318 -0.0226596
v 0.167139 0.0599277 -0.0254831
v 0.176669 0.0699255 -0.0284533
v 0.186151 0.0799238 -0.0315693
v 0.195583 0.0899212 -0.0348307
v 0.204519 0.100085 -0.0380807
v 0.108771 -0.000134376 -0.0107056
v 0.109093 0.00994029 -0.0107349
v 0.118857 0.0199382 -0.012824
v 0.128589 0.0299382 -0.0150689
v 0.138282 0.0399358 -0.0174593
v 0.147939 0.0499328 -0.0200008
v 0.157552 0.059931 -0.0226886
v 0.167124 0.0699261 -0.0255228
v 0.17665 0.0799254 -0.0285072
v 0.186127 0.0899246 -0.031637
v 0.195123 0.100086 -0.0347643
v 0.0989957 -0.000137602 -0.008734
v 0.0993003 0.00993821 -0.00875473
v 0.109093 0.0199396 -0.0107098
v 0.118856 0.0299382 -0.0128154
v 0.128587 0.0399357 -0.015072
v 0.138276 0.0499335 -0.0174748
v 0.14793 0.0599303 -0.0200279
v 0.157541 0.0699277 -0.0227294
v 0.167106 0.0799272 -0.0255772
v 0.176628 0.0899244 -0.0285743
v 0.18568 0.100089 -0.0315792
v 0.0891932 -0.000138699 -0.00690118
v 0.0894793 0.00993798 -0.0069134
v 0.0993023 0.0199387 -0.008733
v 0.109094 0.029938 -0.0107007
v 0.118855 0.0399372 -0.0128198
v 0.12858 0.0499349 -0.0150864
v 0.138266 0.0599323 -0.0175013
v 0.147915 0.0699283 -0.020066
v 0.157524 0.0799272 -0.0227824
v 0.167086 0.0899246 -0.0256433
v 0.176191 0.100094 -0.0285274
v 0.079363 -0.000139375 -0.00520276
v 0.0796348 0.00993779 -0.00521181
v 0.0894816 0.0199366 -0.00689068
v 0.0993002 0.0299384 -0.00872206
v 0.109092 0.0399354 -0.0107021
v 0.11885 0.0499349 -0.0128341
v 0.128572 0.0599324 -0.0151132
v 0.138253 0.069932 -0.0175414
v 0.1479 0.0799295 -0.0201215
v 0.157501 0.0899262 -0.0228463
v 0.166664 0.100095 -0.0256066
v 0.0695108 -0.000138348 -0.00364385
v 0.0697643 0.00993893 -0.00364714
v 0.0796352 0.0199375 -0.00518943
v 0.089481 0.0299377 -0.00688297
v 0.0992987 0.0399345 -0.00872269
v 0.109087 0.0499349 -0.0107175
v 0.11884 0.0599343 -0.0128597
v 0.128559 0.0699309 -0.015151
v 0.13824 0.079929 -0.0175936
v 0.147881 0.0899272 -0.0201864
v 0.157094 0.100098 -0.0228193
v 0.0596385 -0.000137428 -0.00222282
v 0.0598726 0.0099396 -0.00222039
v 0.0697665 0.0199368 -0.00362606
v 0.0796345 0.0299371 -0.00518057
v 0.0894787 0.0399355 -0.00688413
v 0.0992952 0.0499329 -0.00873744
v 0.109079 0.0599333 -0.0107427
v 0.11883 0.0699318 -0.0128976
v 0.128545 0.0799299 -0.0152025
v 0.138223 0.0899288 -0.0176608
v 0.147487 0.1001 -0.0201661
v 0.0497439 -0.000135395 -0.000936957
v 0.0499581 0.00994387 -0.000933201
v 0.0598741 0.0199385 -0.00220208
v 0.0697635 0.0299378 -0.00361742
v 0.0796348 0.0399337 -0.00518323
v 0.089476 0.049933 -0.006898
v 0.0992874 0.0599335 -0.00876355
v 0.109071 0.0699302 -0.0107802
v 0.118818 0.0799302 -0.0129491
v 0.128528 0.0899289 -0.0152676
v 0.137844 0.100104 -0.0176492
v 0.0398349 -0.000133601 0.000210352
v 0.0400276 0.00994729 0.000215198
v 0.0499598 0.0199406 -0.000915996
v 0.0598724 0.029938 -0.00219454
v 0.0697618 0.0399363 -0.00362022
v 0.0796284 0.0499333 -0.00519479
v 0.0894692 0.0599329 -0.00692317
v 0.0992808 0.0699298 -0.00880048
v 0.109057 0.079931 -0.0108304
v 0.118801 0.0899287 -0.0130117
v 0.128168 0.100107 -0.0152667
v 0.0299073 -0.000128074 0.00121997
v 0.0300812 0.00995074 0.00122453
v 0.0400295 0.0199446 0.000226992
v 0.049961 0.0299383 -0.000912273
v 0.0598722 0.0399352 -0.00219844
v 0.0697619 0.0499321 -0.00363411
v 0.0796221 0.0599327 -0.00521881
v 0.0894598 0.0699318 -0.0069581
v 0.0992684 0.0799303 -0.00885012
v 0.109042 0.0899292 -0.010893
v 0.118459 0.10011 -0.0130211
v 0.0199653 -0.000116861 0.00208968
v 0.0201184 0.00995898 0.00209354
v 0.0300796 0.0199484 0.00123359
v 0.0400302 0.0299404 0.000229721
v 0.0499576 0.0399375 -0.000915892
v 0.0598702 0.0499335 -0.00221209
v 0.0697559 0.0599312 -0.00365655
v 0.0796161 0.0699315 -0.00525508
v 0.0894501 0.0799293 -0.00700536
v 0.0992552 0.0899285 -0.00891213
v 0.108718 0.100111 -0.010908
v 0.0100184 -0.000113239 0.00281867
v 0.0101428 0.00996927 0.00282032
v 0.0201184 0.019953 0.00209559
v 0.0300793 0.0299446 0.0012307
v 0.040029 0.0399379 0.000222367
v 0.0499568 0.049935 -0.000930379
v 0.0598638 0.0599324 -0.00223274
v 0.0697477 0.0699301 -0.0036887
v 0.0796075 0.0799292 -0.00530114
v 0.0894385 0.0899277 -0.00706658
v 0.0989489 0.100112 -0.00893236
v 7.19343e-05 -8.84861e-05 0.00340124
v 1.23649e-06 0.0100005 -0.000200887
v 0.0101461 0.0199656 0.00281617
v 0.0201175 0.0299504 0.0020879
v 0.0300803 0.0399408 0.00122009
v 0.0400266 0.0499351 0.000210148
v 0.0499525 0.0599341 -0.000951409
v 0.0598586 0.0699318 -0.00226544
v 0.0697399 0.0799283 -0.00373307
v 0.0795971 0.0899281 -0.00536112
v 0.0891526 0.100113 -0.00709395
v 3.96472e-06 0.0200025 -0.000202473
v 0.0101458 0.0299594 0.00280138
v 0.0201156 0.0399441 0.00207592
v 0.0300771 0.0499368 0.00120709
v 0.040021 0.0599342 0.000191407
v 0.0499486 0.0699311 -0.000980283
v 0.0598528 0.0799278 -0.00230631
v 0.0697304 0.089928 -0.00379149
v 0.0793294 0.100116 -0.00539254
v 2.28548e-06 0.0300075 -0.000202679
v 0.010143 0.0399526 0.00278975
v 0.0201161 0.0499365 0.00206167
v 0.0300742 0.0599334 0.0011901
v 0.0400194 0.0699321 0.000162714
v 0.0499434 0.0799283 -0.00101857
v 0.0598431 0.0899258 -0.00235848
v 0.0694854 0.100116 -0.00382734
v 2.28054e-06 0.040009 -0.000200945
v 0.0101426 0.0499445 0.00277574
v 0.0201145 0.0599299 0.00204615
v 0.0300733 0.0699292 0.0011659
v 0.0400131 0.0799277 0.000131441
v 0.0499343 0.0899278 -0.00106823
v 0.0596157 0.100121 -0.00239858
v 3.64826e-06 0.0500128 -0.000202962
v 0.0101412 0.0599385 0.00276099
v 0.0201117 0.0699243 0.0020298
v 0.0300685 0.0799238 0.00113959
v 0.0400062 0.0899263 8.63969e-05
v 0.0497295 0.100122 -0.00110725
v 2.79317e-06 0.0600156 -0.000201732
v 0.0101388 0.069934 0.00274542
v 0.020109 0.0799208 0.0020045
v 0.0300634 0.0899215 0.00109946
v 0.0398254 0.100123 4.48609e-05
v 1.37625e-05 0.100242 0.0017417
v 1.66135e-06 0.0900266 -0.000202126
v 0.0100264 0.100125 0.00267374
v 2.90321e-06 0.0800228 -0.000202767
v 0.0101372 0.089922 0.00270375
v 0.0199709 0.100112 0.00193775
v 1.09859e-06 0.07002 -0.000201326
v 0.0101402 0.0799279 0.00272834
v 0.0201046 0.0899152 0.00197407
v 0.0299063 0.100118 0.00106044
v 0.683346 -0.000812805 -0.642014
v 0.683313 0.00920361 -0.642046
v 0.684525 0.0192072 -0.651967
v 0.687935 0.0191928 -0.66149
v 0.684602 -0.000821854 -0.651958
v 0.684564 0.00919112 -0.651972
v 0.688084 0.00917319 -0.661463
v 0.685709 -0.000848671 -0.661701
v -0.0129998 0.0161641 -0.104027
v -0.0246313 0.0161641 -0.104027
v -0.0246313 0.00274227 -0.104027
v -0.0129998 0.00274227 -0.104027
v -0.0240276 0.00346776 -0.104027
v -0.023122 0.00346776 -0.104027
v -0.023122 0.00419324 -0.104027
v -0.0240276 0.00419324 -0.104027
v -0.0240276 0.00419324 -0.104027
v -0.023122 0.00419324 -0.104027
v -0.023122 0.00491873 -0.104027
v -0.0240276 0.00491873 -0.104027
v -0.0240276 0.00491873 -0.104027
v -0.023122 0.00491873 -0.104027
v -0.023122 0.00564421 -0.104027
v -0.0240276 0.00564421 -0.104027
v -0.0240276 0.00564421 -0.104027
v -0.023122 0.00564421 -0.104027
v -0.023122 0.00636989 -0.104027
v -0.0240276 0.00636989 -0.104027
v -0.0240276 0.00636989 -0.104027
v -0.023122 0.00636989 -0.104027
v -0.023122 0.00709537 -0.104027
v -0.0240276 0.00709537 -0.104027
v -0.0240276 0.00709537 -0.104027
v -0.023122 0.00709537 -0.104027
v -0.023122 0.00782086 -0.104027
v -0.0240276 0.00782086 -0.104027
v -0.0240276 0.00782086 -0.104027
v -0.023122 0.00782086 -0.104027
v -0.023122 0.00854634 -0.104027
v -0.0240276 0.00854634 -0.104027
v -0.0240276 0.00854634 -0.104027
v -0.023122 0.00854634 -0.104027
v -0.023122 0.00927183 -0.104027
v -0.0240276 0.00927183 -0.104027
v -0.0240276 0.00927183 -0.104027
v -0.023122 0.00927183 -0.104027
v -0.023122 0.00999732 -0.104027
v -0.0240276 0.00999732 -0.104027
v -0.0240276 0.00999732 -0.104027
v -0.023122 0.00999732 -0.104027
v -0.023122 0.0107228 -0.104027
v -0.0240276 0.0107228 -0.104027
v -0.0240276 0.0107228 -0.104027
v -0.023122 0.0107228 -0.104027
v -0.023122 0.0114485 -0.104027
v -0.0240276 0.0114485 -0.104027
v -0.0240276 0.0114485 -0.104027
v -0.023122 0.0114485 -0.104027
v -0.023122 0.012174 -0.104027
v -0.0240276 0.012174 -0.104027
v -0.0240276 0.00346776 -0.104027
v -0.0228201 0.00346776 -0.104027
v -0.0240276 0.00419324 -0.104027
v -0.0228201 0.00419324 -0.104027
v -0.0240276 0.00491873 -0.104027
v -0.0228201 0.00491873 -0.104027
v -0.0240276 0.00564421 -0.104027
v -0.0228201 0.00564421 -0.104027
v -0.0240276 0.00636989 -0.104027
v -0.0228201 0.00636989 -0.104027
v -0.0240276 0.00709537 -0.104027
v -0.0228201 0.00709537 -0.104027
v -0.0240276 0.00782086 -0.104027
v -0.0228201 0.00782086 -0.104027
v -0.0240276 0.00854634 -0.104027
v -0.0228201 0.00854634 -0.104027
v -0.0240276 0.00927183 -0.104027
v -0.0228201 0.00927183 -0.104027
v -0.0240276 0.00999732 -0.104027
v -0.0228201 0.00999732 -0.104027
v -0.0240276 0.0107228 -0.104027
v -0.0228201 0.0107228 -0.104027
v -0.0240276 0.0114485 -0.104027
v -0.0228201 0.0114485 -0.104027
v -0.0240276 0.012174 -0.104027
v -0.0228201 0.012174 -0.104027
v -0.023122 0.012174 -0.104027
v -0.023122 0.00346776 -0.104027

#List of body polygons
f 1 2 3
f 2 1 10
f 330 1 3
f 1836 1837 1838
f 1837 1836 1848
f 1836 1838 2180

#List of body polygons
f 2 4 3
f 2 5 4
f 2 6 5
f 6 9 8
f 6 10 9
f 6 2 10
f 18 4 17
f 17 4 5
f 4 320 321
f 329 4 321
f 329 3 4
f 329 330 3
f 4 18 320
f 1837 1839 1838
f 1837 1840 1839
f 1837 1841 1840
f 1841 1848 1847
f 1841 1837 1848
f 1839 1849 1850
f 1849 1839 1840
f 2177 1839 2178
f 2177 2179 1839
f 1838 2179 2180
f 1838 1839 2179
f 1839 1850 2178

#List of body polygons
f 6 7 5
f 7 6 8
f 16 17 15
f 16 18 17
f 15 7 19
f 15 5 7
f 15 17 5
f 320 322 321
f 320 323 322
f 328 321 322
f 328 329 321
f 18 323 320
f 18 16 323
f 1841 1842 1840
f 1841 1843 1842
f 1843 1847 1846
f 1843 1841 1847
f 1849 1851 1850
f 1849 1852 1851
f 1852 1840 1842
f 1852 1849 1840
f 2176 2177 2178
f 2176 2181 2182
f 1850 2176 2178
f 1850 2181 2176
f 1850 1851 2181

#List of body polygons
f 11 12 13
f 11 20 21
f 24 11 13
f 24 20 11
f 24 25 20
f 326 327 325
f 332 11 333
f 332 327 11
f 12 327 326
f 12 11 327
f 11 21 333
f 327 637 638
f 650 327 638
f 650 325 327
f 650 651 325
f 637 327 332
f 1564 1566 1565
f 1564 1567 1566
f 1564 1568 1567
f 1575 1568 1564
f 1575 1576 1568
f 1566 1581 1582
f 1566 1567 1581
f 1845 1566 1844
f 1566 1845 1565
f 1854 1855 1853
f 1854 1856 1855
f 1854 1857 1856
f 1857 1566 1582
f 1857 1844 1566
f 1857 1854 1844
f 1855 1858 1859
f 1855 1856 1858
f 2185 1855 2184
f 1853 1855 2185
f 2186 2188 2187
f 2186 2189 2188
f 2189 1855 1859
f 2189 2184 1855
f 2189 2186 2184

#List of body polygons
f 12 14 13
f 12 15 14
f 12 16 15
f 14 15 19
f 14 24 13
f 323 324 322
f 323 325 324
f 323 326 325
f 324 328 322
f 16 326 323
f 16 12 326
f 651 324 325
f 1563 1564 1565
f 1563 1575 1564
f 1843 1844 1842
f 1843 1845 1844
f 1845 1563 1565
f 1845 1846 1563
f 1845 1843 1846
f 1852 1853 1851
f 1852 1854 1853
f 1854 1842 1844
f 1854 1852 1842
f 2181 2183 2182
f 2181 2184 2183
f 2181 2185 2184
f 1851 2185 2181
f 1851 1853 2185
f 2183 2186 2187
f 2186 2183 2184

#List of body polygons
f 20 22 21
f 20 23 22
f 25 23 20
f 27 22 28
f 27 29 22
f 28 23 30
f 28 22 23
f 29 31 32
f 29 27 31
f 331 332 333
f 22 334 331
f 21 331 333
f 21 22 331
f 336 29 337
f 336 334 29
f 29 334 22
f 29 32 337
f 637 639 638
f 637 640 639
f 649 638 639
f 649 650 638
f 658 331 657
f 640 331 658
f 640 332 331
f 640 637 332
f 334 660 661
f 657 334 661
f 657 331 334
f 334 336 660
f 1568 1569 1567
f 1568 1570 1569
f 1576 1570 1568
f 1576 1577 1570
f 1581 1583 1582
f 1581 1584 1583
f 1581 1585 1584
f 1567 1585 1581
f 1567 1569 1585
f 1586 1583 1587
f 1586 1588 1583
f 1583 1584 1587
f 1588 1589 1590
f 1588 1586 1589
f 1857 1583 1856
f 1583 1857 1582
f 1858 1860 1859
f 1858 1588 1860
f 1856 1588 1858
f 1856 1583 1588
f 1861 1860 1862
f 1861 1863 1860
f 1862 1588 1590
f 1862 1860 1588
f 1863 1864 1865
f 1863 1861 1864
f 2189 2190 2188
f 2189 1860 2190
f 1860 2189 1859
f 2192 1863 2193
f 2192 2190 1863
f 1863 2190 1860
f 1863 1865 2193

#List of body polygons
f 26 27 28
f 26 28 30
f 31 33 32
f 31 34 33
f 27 34 31
f 27 26 34
f 35 36 33
f 35 33 34
f 37 38 36
f 37 36 35
f 40 42 41
f 40 38 42
f 42 38 37
f 43 45 44
f 43 46 45
f 41 46 43
f 41 42 46
f 47 48 45
f 47 45 46
f 49 50 48
f 49 48 47
f 51 52 50
f 51 50 49
f 53 54 52
f 53 52 51
f 55 56 54
f 55 54 53
f 57 58 56
f 57 56 55
f 59 60 58
f 59 58 57
f 61 62 60
f 61 60 59
f 63 64 62
f 63 62 61
f 65 66 64
f 65 64 63
f 67 68 66
f 67 66 65
f 69 70 68
f 69 68 67
f 71 72 70
f 71 70 69
f 73 74 72
f 73 72 71
f 75 76 74
f 75 74 73
f 77 78 76
f 77 76 75
f 79 80 78
f 79 78 77
f 82 84 83
f 82 80 84
f 84 80 79
f 85 86 87
f 83 85 87
f 83 84 85
f 89 90 91
f 86 89 91
f 86 85 89
f 93 94 95
f 90 93 95
f 90 89 93
f 97 98 99
f 94 97 99
f 94 93 97
f 101 102 103
f 98 101 103
f 98 97 101
f 105 106 107
f 102 105 107
f 102 101 105
f 109 110 111
f 106 109 111
f 106 105 109
f 113 114 115
f 110 113 115
f 110 109 113
f 117 118 119
f 114 117 119
f 114 113 117
f 121 122 123
f 118 121 123
f 118 117 121
f 125 126 127
f 122 125 127
f 122 121 125
f 129 130 131
f 126 129 131
f 126 125 129
f 133 134 135
f 130 133 135
f 130 129 133
f 137 138 139
f 134 137 139
f 134 133 137
f 141 142 143
f 138 141 143
f 138 137 141
f 145 146 147
f 142 145 147
f 142 141 145
f 149 150 151
f 146 149 151
f 146 145 149
f 149 155 150
f 335 336 337
f 33 338 335
f 32 335 337
f 32 33 335
f 340 36 341
f 340 338 36
f 36 338 33
f 38 342 343
f 341 38 343
f 341 36 38
f 38 40 342
f 45 346 347
f 45 347 44
f 48 351 352
f 346 48 352
f 346 45 48
f 50 356 357
f 351 50 357
f 351 48 50
f 52 361 362
f 356 52 362
f 356 50 52
f 54 366 367
f 361 54 367
f 361 52 54
f 56 371 372
f 366 56 372
f 366 54 56
f 58 376 377
f 371 58 377
f 371 56 58
f 60 381 382
f 376 60 382
f 376 58 60
f 62 386 387
f 381 62 387
f 381 60 62
f 64 391 392
f 386 64 392
f 386 62 64
f 66 396 397
f 391 66 397
f 391 64 66
f 68 401 402
f 396 68 402
f 396 66 68
f 70 406 407
f 401 70 407
f 401 68 70
f 72 411 412
f 406 72 412
f 406 70 72
f 74 416 417
f 411 74 417
f 411 72 74
f 76 421 422
f 416 76 422
f 416 74 76
f 78 426 427
f 421 78 427
f 421 76 78
f 80 431 432
f 426 80 432
f 426 78 80
f 431 80 82
f 640 641 639
f 640 642 641
f 648 639 641
f 648 649 639
f 655 656 654
f 655 657 656
f 655 658 657
f 642 658 655
f 642 640 658
f 660 656 661
f 660 662 656
f 656 657 661
f 335 663 662
f 336 662 660
f 336 335 662
f 665 338 666
f 665 663 338
f 338 663 335
f 338 340 666
f 906 656 905
f 656 906 654
f 907 909 908
f 907 662 909
f 905 662 907
f 905 656 662
f 911 663 912
f 911 909 663
f 663 909 662
f 663 665 912
f 1098 909 1097
f 909 1098 908
f 909 911 1097
f 1239 1240 1241
f 1239 1242 1243
f 1239 1241 1242
f 1388 1389 1390
f 1239 1393 1388
f 1240 1388 1390
f 1240 1239 1388
f 1394 1393 1395
f 1394 1396 1393
f 1395 1239 1243
f 1395 1393 1239
f 1396 1397 1398
f 1396 1394 1397
f 1570 1571 1569
f 1570 1572 1571
f 1577 1572 1570
f 1577 1578 1572
f 1585 1388 1584
f 1569 1388 1585
f 1569 1389 1388
f 1569 1571 1389
f 1393 1586 1587
f 1584 1393 1587
f 1584 1388 1393
f 1589 1591 1590
f 1589 1396 1591
f 1586 1396 1589
f 1586 1393 1396
f 1592 1591 1593
f 1592 1594 1591
f 1593 1396 1398
f 1593 1591 1396
f 1594 1595 1596
f 1595 1594 1592
f 1591 1861 1862
f 1591 1862 1590
f 1864 1866 1865
f 1864 1594 1866
f 1861 1594 1864
f 1861 1591 1594
f 1867 1866 1868
f 1867 1869 1866
f 1868 1594 1596
f 1868 1866 1594
f 1870 1869 1871
f 1870 1872 1869
f 1869 1867 1871
f 1872 1873 1874
f 1872 1870 1873
f 1879 1880 1878
f 1884 1880 1883
f 1884 1885 1880
f 1880 1879 1883
f 1889 1885 1888
f 1889 1890 1885
f 1885 1884 1888
f 1894 1890 1893
f 1894 1895 1890
f 1890 1889 1893
f 1899 1895 1898
f 1899 1900 1895
f 1895 1894 1898
f 1904 1900 1903
f 1904 1905 1900
f 1900 1899 1903
f 1909 1905 1908
f 1909 1910 1905
f 1905 1904 1908
f 1914 1910 1913
f 1914 1915 1910
f 1910 1909 1913
f 1919 1915 1918
f 1919 1920 1915
f 1915 1914 1918
f 1924 1920 1923
f 1924 1925 1920
f 1920 1919 1923
f 1929 1925 1928
f 1929 1930 1925
f 1925 1924 1928
f 1934 1930 1933
f 1934 1935 1930
f 1930 1929 1933
f 1939 1935 1938
f 1939 1940 1935
f 1935 1934 1938
f 1944 1940 1943
f 1944 1945 1940
f 1940 1939 1943
f 1949 1945 1948
f 1949 1950 1945
f 1945 1944 1948
f 1954 1950 1953
f 1954 1955 1950
f 1950 1949 1953
f 1959 1955 1958
f 1959 1960 1955
f 1955 1954 1958
f 1964 1960 1963
f 1964 1965 1960
f 1960 1959 1963
f 1965 1966 1967
f 1965 1964 1966
f 2191 2192 2193
f 1866 2194 2191
f 1865 2191 2193
f 1865 1866 2191
f 1869 2195 2194
f 1869 2194 1866
f 1872 2196 2195
f 1872 2195 1869
f 2197 2196 2198
f 2197 2199 2196
f 2198 1872 1874
f 2198 2196 1872
f 1880 2200 2199
f 1878 2199 2197
f 1878 1880 2199
f 1885 2201 2200
f 1885 2200 1880
f 1890 2202 2201
f 1890 2201 1885
f 1895 2203 2202
f 1895 2202 1890
f 1900 2204 2203
f 1900 2203 1895
f 1905 2205 2204
f 1905 2204 1900
f 1910 2206 2205
f 1910 2205 1905
f 1915 2207 2206
f 1915 2206 1910
f 1920 2208 2207
f 1920 2207 1915
f 1925 2209 2208
f 1925 2208 1920
f 1930 2210 2209
f 1930 2209 1925
f 1935 2211 2210
f 1935 2210 1930
f 1940 2212 2211
f 1940 2211 1935
f 1945 2213 2212
f 1945 2212 1940
f 1950 2214 2213
f 1950 2213 1945
f 1955 2215 2214
f 1955 2214 1950
f 1960 2216 2215
f 1960 2215 1955
f 1965 2217 2216
f 1965 2216 1960
f 2218 2217 2219
f 2218 2220 2217
f 2219 1965 1967
f 2219 2217 1965
f 2221 2220 2222
f 2221 2223 2220
f 2220 2218 2222
f 2224 2223 2225
f 2224 2226 2223
f 2223 2221 2225
f 2227 2226 2228
f 2227 2229 2226
f 2226 2224 2228
f 2230 2229 2231
f 2230 2232 2229
f 2229 2227 2231
f 2233 2232 2234
f 2233 2235 2232
f 2232 2230 2234
f 2236 2235 2237
f 2236 2238 2235
f 2235 2233 2237
f 2239 2238 2240
f 2239 2241 2238
f 2238 2236 2240
f 2242 2241 2243
f 2242 2244 2241
f 2241 2239 2243
f 2245 2244 2246
f 2245 2247 2244
f 2244 2242 2246
f 2248 2247 2249
f 2248 2250 2247
f 2247 2245 2249
f 2251 2250 2252
f 2251 2253 2250
f 2250 2248 2252
f 2254 2253 2255
f 2254 2256 2253
f 2253 2251 2255
f 2257 2256 2258
f 2257 2259 2256
f 2256 2254 2258
f 2260 2259 2261
f 2260 2262 2259
f 2259 2257 2261
f 2263 2262 2264
f 2263 2265 2262
f 2262 2260 2264
f 2266 2265 2267
f 2266 2268 2265
f 2265 2263 2267
f 2269 2268 2270
f 2269 2271 2268
f 2268 2266 2270
f 2271 2272 2273
f 2271 2269 2272

#List of body polygons
f 39 40 41
f 39 43 44
f 39 41 43
f 81 82 83
f 86 81 87
f 86 88 81
f 81 83 87
f 90 88 91
f 90 92 88
f 88 86 91
f 94 92 95
f 94 96 92
f 92 90 95
f 98 96 99
f 98 100 96
f 96 94 99
f 102 100 103
f 102 104 100
f 100 98 103
f 106 104 107
f 106 108 104
f 104 102 107
f 110 108 111
f 110 112 108
f 108 106 111
f 114 112 115
f 114 116 112
f 112 110 115
f 118 116 119
f 118 120 116
f 116 114 119
f 122 120 123
f 122 124 120
f 120 118 123
f 126 124 127
f 126 128 124
f 124 122 127
f 130 128 131
f 130 132 128
f 128 126 131
f 134 132 135
f 134 136 132
f 132 130 135
f 138 136 139
f 138 140 136
f 136 134 139
f 142 140 143
f 142 144 140
f 140 138 143
f 146 144 147
f 146 148 144
f 144 142 147
f 150 148 151
f 150 152 148
f 148 146 151
f 153 154 152
f 155 152 150
f 155 153 152
f 156 157 154
f 156 154 153
f 158 159 157
f 158 157 156
f 160 161 159
f 160 159 158
f 162 163 161
f 162 161 160
f 164 165 163
f 164 163 162
f 166 167 165
f 166 165 164
f 168 169 167
f 168 167 166
f 171 173 172
f 171 169 173
f 173 169 168
f 174 175 176
f 172 174 176
f 172 173 174
f 178 179 180
f 175 178 180
f 175 174 178
f 182 183 184
f 179 182 184
f 179 178 182
f 186 187 188
f 183 186 188
f 183 182 186
f 190 191 192
f 187 190 192
f 187 186 190
f 194 195 196
f 191 194 196
f 191 190 194
f 198 199 200
f 195 198 200
f 195 194 198
f 202 203 204
f 199 202 204
f 199 198 202
f 206 207 208
f 203 206 208
f 203 202 206
f 206 212 207
f 339 340 341
f 342 339 343
f 342 344 339
f 339 341 343
f 39 345 344
f 40 344 342
f 40 39 344
f 346 345 347
f 346 348 345
f 346 349 348
f 347 39 44
f 347 345 39
f 351 353 352
f 351 354 353
f 349 352 353
f 349 346 352
f 356 358 357
f 356 359 358
f 354 357 358
f 354 351 357
f 361 363 362
f 361 364 363
f 359 362 363
f 359 356 362
f 366 368 367
f 366 369 368
f 364 367 368
f 364 361 367
f 371 373 372
f 371 374 373
f 369 372 373
f 369 366 372
f 376 378 377
f 376 379 378
f 374 377 378
f 374 371 377
f 381 383 382
f 381 384 383
f 379 382 383
f 379 376 382
f 386 388 387
f 386 389 388
f 384 387 388
f 384 381 387
f 391 393 392
f 391 394 393
f 389 392 393
f 389 386 392
f 396 398 397
f 396 399 398
f 394 397 398
f 394 391 397
f 401 403 402
f 401 404 403
f 399 402 403
f 399 396 402
f 406 408 407
f 406 409 408
f 404 407 408
f 404 401 407
f 411 413 412
f 411 414 413
f 409 412 413
f 409 406 412
f 416 418 417
f 416 419 418
f 414 417 418
f 414 411 417
f 421 423 422
f 421 424 423
f 419 422 423
f 419 416 422
f 426 428 427
f 426 429 428
f 424 427 428
f 424 421 427
f 431 433 432
f 431 434 433
f 429 432 433
f 429 426 432
f 81 436 437
f 434 81 437
f 434 82 81
f 434 431 82
f 88 439 440
f 436 88 440
f 436 81 88
f 92 442 443
f 439 92 443
f 439 88 92
f 96 445 446
f 442 96 446
f 442 92 96
f 100 448 449
f 445 100 449
f 445 96 100
f 104 451 452
f 448 104 452
f 448 100 104
f 108 454 455
f 451 108 455
f 451 104 108
f 112 457 458
f 454 112 458
f 454 108 112
f 116 460 461
f 457 116 461
f 457 112 116
f 120 463 464
f 460 120 464
f 460 116 120
f 124 466 467
f 463 124 467
f 463 120 124
f 128 469 470
f 466 128 470
f 466 124 128
f 132 472 473
f 469 132 473
f 469 128 132
f 136 475 476
f 472 136 476
f 472 132 136
f 140 478 479
f 475 140 479
f 475 136 140
f 144 481 482
f 478 144 482
f 478 140 144
f 148 484 485
f 481 148 485
f 481 144 148
f 152 487 488
f 484 152 488
f 484 148 152
f 154 490 491
f 487 154 491
f 487 152 154
f 157 493 494
f 490 157 494
f 490 154 157
f 159 496 497
f 493 159 497
f 493 157 159
f 161 499 500
f 496 161 500
f 496 159 161
f 163 502 503
f 499 163 503
f 499 161 163
f 165 505 506
f 502 165 506
f 502 163 165
f 167 508 509
f 505 167 509
f 505 165 167
f 169 511 512
f 508 169 512
f 508 167 169
f 169 171 511
f 642 643 641
f 642 644 643
f 647 641 643
f 647 648 641
f 652 654 653
f 652 655 654
f 644 655 652
f 644 642 655
f 664 665 666
f 668 339 669
f 668 664 339
f 340 664 666
f 340 339 664
f 344 670 671
f 669 344 671
f 669 339 344
f 345 673 674
f 670 345 674
f 670 344 345
f 345 348 673
f 903 904 902
f 903 905 904
f 903 906 905
f 906 653 654
f 906 903 653
f 904 907 908
f 904 905 907
f 910 911 912
f 664 913 910
f 665 910 912
f 665 664 910
f 913 914 915
f 914 664 668
f 914 913 664
f 1093 904 1092
f 904 1093 902
f 1094 1096 1095
f 1094 1097 1096
f 1094 1098 1097
f 1098 904 908
f 1098 1092 904
f 1098 1094 1092
f 910 1099 1096
f 911 1096 1097
f 911 910 1096
f 1101 913 1102
f 1101 1099 913
f 913 1099 910
f 913 915 1102
f 1234 1235 1236
f 1240 1096 1241
f 1240 1234 1096
f 1095 1234 1236
f 1095 1096 1234
f 1242 1244 1243
f 1242 1099 1244
f 1241 1099 1242
f 1241 1096 1099
f 1245 1244 1246
f 1245 1247 1244
f 1246 1099 1101
f 1246 1244 1099
f 1247 1248 1249
f 1247 1245 1248
f 1389 1234 1390
f 1389 1391 1234
f 1389 1392 1391
f 1235 1234 1391
f 1234 1240 1390
f 1244 1394 1395
f 1244 1395 1243
f 1397 1399 1398
f 1397 1247 1399
f 1394 1247 1397
f 1394 1244 1247
f 1399 1400 1401
f 1400 1247 1249
f 1400 1399 1247
f 1572 1573 1571
f 1572 1574 1573
f 1578 1574 1572
f 1578 1579 1574
f 1571 1392 1389
f 1571 1573 1392
f 1399 1592 1593
f 1399 1593 1398
f 1595 1597 1596
f 1595 1598 1597
f 1595 1599 1598
f 1599 1399 1401
f 1599 1592 1399
f 1599 1595 1592
f 1600 1597 1601
f 1600 1602 1597
f 1597 1598 1601
f 1603 1602 1604
f 1603 1605 1602
f 1602 1600 1604
f 1605 1606 1607
f 1605 1603 1606
f 1597 1867 1868
f 1597 1868 1596
f 1602 1870 1871
f 1867 1602 1871
f 1867 1597 1602
f 1873 1875 1874
f 1873 1605 1875
f 1870 1605 1873
f 1870 1602 1605
f 1876 1875 1877
f 1876 1878 1875
f 1876 1879 1878
f 1877 1605 1607
f 1877 1875 1605
f 1881 1883 1882
f 1881 1884 1883
f 1879 1882 1883
f 1879 1876 1882
f 1886 1888 1887
f 1886 1889 1888
f 1884 1887 1888
f 1884 1881 1887
f 1891 1893 1892
f 1891 1894 1893
f 1889 1892 1893
f 1889 1886 1892
f 1896 1898 1897
f 1896 1899 1898
f 1894 1897 1898
f 1894 1891 1897
f 1901 1903 1902
f 1901 1904 1903
f 1899 1902 1903
f 1899 1896 1902
f 1906 1908 1907
f 1906 1909 1908
f 1904 1907 1908
f 1904 1901 1907
f 1911 1913 1912
f 1911 1914 1913
f 1909 1912 1913
f 1909 1906 1912
f 1916 1918 1917
f 1916 1919 1918
f 1914 1917 1918
f 1914 1911 1917
f 1921 1923 1922
f 1921 1924 1923
f 1919 1922 1923
f 1919 1916 1922
f 1926 1928 1927
f 1926 1929 1928
f 1924 1927 1928
f 1924 1921 1927
f 1931 1933 1932
f 1931 1934 1933
f 1929 1932 1933
f 1929 1926 1932
f 1936 1938 1937
f 1936 1939 1938
f 1934 1937 1938
f 1934 1931 1937
f 1941 1943 1942
f 1941 1944 1943
f 1939 1942 1943
f 1939 1936 1942
f 1946 1948 1947
f 1946 1949 1948
f 1944 1947 1948
f 1944 1941 1947
f 1951 1953 1952
f 1951 1954 1953
f 1949 1952 1953
f 1949 1946 1952
f 1956 1958 1957
f 1956 1959 1958
f 1954 1957 1958
f 1954 1951 1957
f 1961 1963 1962
f 1961 1964 1963
f 1959 1962 1963
f 1959 1956 1962
f 1966 1968 1967
f 1966 1969 1968
f 1966 1970 1969
f 1964 1970 1966
f 1964 1961 1970
f 1971 1968 1972
f 1971 1973 1968
f 1968 1969 1972
f 1974 1973 1975
f 1974 1976 1973
f 1973 1971 1975
f 1977 1976 1978
f 1977 1979 1976
f 1976 1974 1978
f 1980 1979 1981
f 1980 1982 1979
f 1979 1977 1981
f 1983 1982 1984
f 1983 1985 1982
f 1982 1980 1984
f 1986 1985 1987
f 1986 1988 1985
f 1985 1983 1987
f 1989 1988 1990
f 1989 1991 1988
f 1988 1986 1990
f 1992 1991 1993
f 1992 1994 1991
f 1991 1989 1993
f 1995 1994 1996
f 1995 1997 1994
f 1994 1992 1996
f 1998 1997 1999
f 1998 2000 1997
f 1997 1995 1999
f 2001 2000 2002
f 2001 2003 2000
f 2000 1998 2002
f 2004 2003 2005
f 2004 2006 2003
f 2003 2001 2005
f 2007 2006 2008
f 2007 2009 2006
f 2006 2004 2008
f 2010 2009 2011
f 2010 2012 2009
f 2009 2007 2011
f 2013 2012 2014
f 2013 2015 2012
f 2012 2010 2014
f 2016 2015 2017
f 2016 2018 2015
f 2015 2013 2017
f 2019 2018 2020
f 2019 2021 2018
f 2018 2016 2020
f 2022 2021 2023
f 2022 2024 2021
f 2021 2019 2023
f 2025 2024 2026
f 2025 2027 2024
f 2024 2022 2026
f 2028 2027 2029
f 2028 2030 2027
f 2027 2025 2029
f 2031 2030 2032
f 2031 2033 2030
f 2030 2028 2032
f 2034 2033 2035
f 2034 2036 2033
f 2033 2031 2035
f 2037 2036 2038
f 2037 2039 2036
f 2036 2034 2038
f 2040 2039 2041
f 2040 2042 2039
f 2039 2037 2041
f 2043 2042 2044
f 2043 2045 2042
f 2042 2040 2044
f 2045 2046 2047
f 2046 2045 2043
f 1875 2197 2198
f 1875 2198 1874
f 1875 1878 2197
f 1968 2218 2219
f 1968 2219 1967
f 1973 2221 2222
f 2218 1973 2222
f 2218 1968 1973
f 1976 2224 2225
f 2221 1976 2225
f 2221 1973 1976
f 1979 2227 2228
f 2224 1979 2228
f 2224 1976 1979
f 1982 2230 2231
f 2227 1982 2231
f 2227 1979 1982
f 1985 2233 2234
f 2230 1985 2234
f 2230 1982 1985
f 1988 2236 2237
f 2233 1988 2237
f 2233 1985 1988
f 1991 2239 2240
f 2236 1991 2240
f 2236 1988 1991
f 1994 2242 2243
f 2239 1994 2243
f 2239 1991 1994
f 1997 2245 2246
f 2242 1997 2246
f 2242 1994 1997
f 2000 2248 2249
f 2245 2000 2249
f 2245 1997 2000
f 2003 2251 2252
f 2248 2003 2252
f 2248 2000 2003
f 2006 2254 2255
f 2251 2006 2255
f 2251 2003 2006
f 2009 2257 2258
f 2254 2009 2258
f 2254 2006 2009
f 2012 2260 2261
f 2257 2012 2261
f 2257 2009 2012
f 2015 2263 2264
f 2260 2015 2264
f 2260 2012 2015
f 2018 2266 2267
f 2263 2018 2267
f 2263 2015 2018
f 2021 2269 2270
f 2266 2021 2270
f 2266 2018 2021
f 2272 2274 2273
f 2272 2024 2274
f 2269 2024 2272
f 2269 2021 2024
f 2027 2275 2274
f 2027 2274 2024
f 2030 2276 2275
f 2030 2275 2027
f 2033 2277 2276
f 2033 2276 2030
f 2036 2278 2277
f 2036 2277 2033
f 2039 2279 2278
f 2039 2278 2036
f 2042 2280 2279
f 2042 2279 2039
f 2045 2281 2280
f 2045 2280 2042
f 2282 2281 2283
f 2282 2284 2281
f 2283 2045 2047
f 2283 2281 2045
f 2285 2284 2286
f 2285 2287 2284
f 2284 2282 2286
f 2288 2287 2289
f 2288 2290 2287
f 2287 2285 2289
f 2291 2290 2292
f 2291 2293 2290
f 2290 2288 2292
f 2294 2293 2295
f 2294 2296 2293
f 2293 2291 2295
f 2297 2296 2298
f 2297 2299 2296
f 2296 2294 2298
f 2300 2299 2301
f 2300 2302 2299
f 2299 2297 2301
f 2303 2302 2304
f 2303 2305 2302
f 2302 2300 2304
f 2306 2305 2307
f 2306 2308 2305
f 2305 2303 2307
f 2309 2308 2310
f 2309 2311 2308
f 2308 2306 2310
f 2311 2312 2313
f 2311 2309 2312

#List of body polygons
f 170 171 172
f 175 170 176
f 175 177 170
f 170 172 176
f 179 177 180
f 179 181 177
f 177 175 180
f 183 181 184
f 183 185 181
f 181 179 184
f 187 185 188
f 187 189 185
f 185 183 188
f 191 189 192
f 191 193 189
f 189 187 192
f 195 193 196
f 195 197 193
f 193 191 196
f 199 197 200
f 199 201 197
f 197 195 200
f 203 201 204
f 203 205 201
f 201 199 204
f 207 205 208
f 207 209 205
f 205 203 208
f 210 211 209
f 212 209 207
f 212 210 209
f 213 214 211
f 213 211 210
f 215 216 214
f 215 214 213
f 217 218 216
f 217 216 215
f 219 220 218
f 219 218 217
f 221 222 220
f 221 220 219
f 223 224 222
f 223 222 221
f 225 226 224
f 225 224 223
f 227 228 226
f 227 226 225
f 230 232 231
f 230 228 232
f 232 228 227
f 233 234 235
f 231 233 235
f 231 232 233
f 237 238 239
f 234 237 239
f 234 233 237
f 241 242 243
f 238 241 243
f 238 237 241
f 245 246 247
f 242 245 247
f 242 241 245
f 249 250 251
f 246 249 251
f 246 245 249
f 249 255 250
f 349 350 348
f 354 350 353
f 354 355 350
f 350 349 353
f 359 355 358
f 359 360 355
f 355 354 358
f 364 360 363
f 364 365 360
f 360 359 363
f 369 365 368
f 369 370 365
f 365 364 368
f 374 370 373
f 374 375 370
f 370 369 373
f 379 375 378
f 379 380 375
f 375 374 378
f 384 380 383
f 384 385 380
f 380 379 383
f 389 385 388
f 389 390 385
f 385 384 388
f 394 390 393
f 394 395 390
f 390 389 393
f 399 395 398
f 399 400 395
f 395 394 398
f 404 400 403
f 404 405 400
f 400 399 403
f 409 405 408
f 409 410 405
f 405 404 408
f 414 410 413
f 414 415 410
f 410 409 413
f 419 415 418
f 419 420 415
f 415 414 418
f 424 420 423
f 424 425 420
f 420 419 423
f 429 425 428
f 429 430 425
f 425 424 428
f 434 430 433
f 434 435 430
f 430 429 433
f 436 435 437
f 436 438 435
f 435 434 437
f 439 438 440
f 439 441 438
f 438 436 440
f 442 441 443
f 442 444 441
f 441 439 443
f 445 444 446
f 445 447 444
f 444 442 446
f 448 447 449
f 448 450 447
f 447 445 449
f 451 450 452
f 451 453 450
f 450 448 452
f 454 453 455
f 454 456 453
f 453 451 455
f 457 456 458
f 457 459 456
f 456 454 458
f 460 459 461
f 460 462 459
f 459 457 461
f 463 462 464
f 463 465 462
f 462 460 464
f 466 465 467
f 466 468 465
f 465 463 467
f 469 468 470
f 469 471 468
f 468 466 470
f 472 471 473
f 472 474 471
f 471 469 473
f 475 474 476
f 475 477 474
f 474 472 476
f 478 477 479
f 478 480 477
f 477 475 479
f 481 480 482
f 481 483 480
f 480 478 482
f 484 483 485
f 484 486 483
f 483 481 485
f 487 486 488
f 487 489 486
f 486 484 488
f 490 489 491
f 490 492 489
f 489 487 491
f 493 492 494
f 493 495 492
f 492 490 494
f 496 495 497
f 496 498 495
f 495 493 497
f 499 498 500
f 499 501 498
f 498 496 500
f 502 501 503
f 502 504 501
f 501 499 503
f 505 504 506
f 505 507 504
f 504 502 506
f 508 507 509
f 508 510 507
f 507 505 509
f 511 510 512
f 511 513 510
f 510 508 512
f 515 170 516
f 515 513 170
f 171 513 511
f 171 170 513
f 177 517 518
f 516 177 518
f 516 170 177
f 181 520 521
f 517 181 521
f 517 177 181
f 185 523 524
f 520 185 524
f 520 181 185
f 189 526 527
f 523 189 527
f 523 185 189
f 193 529 530
f 526 193 530
f 526 189 193
f 197 532 533
f 529 197 533
f 529 193 197
f 201 535 536
f 532 201 536
f 532 197 201
f 205 538 539
f 535 205 539
f 535 201 205
f 209 541 542
f 538 209 542
f 538 205 209
f 211 544 545
f 541 211 545
f 541 209 211
f 214 547 548
f 544 214 548
f 544 211 214
f 216 550 551
f 547 216 551
f 547 214 216
f 218 553 554
f 550 218 554
f 550 216 218
f 220 556 557
f 553 220 557
f 553 218 220
f 222 559 560
f 556 222 560
f 556 220 222
f 224 562 563
f 559 224 563
f 559 222 224
f 226 565 566
f 562 226 566
f 562 224 226
f 228 568 569
f 565 228 569
f 565 226 228
f 228 230 568
f 644 645 643
f 644 646 645
f 645 647 643
f 646 652 653
f 659 644 652
f 667 668 669
f 670 667 671
f 670 672 667
f 667 669 671
f 673 672 674
f 673 675 672
f 672 670 674
f 350 676 675
f 348 675 673
f 348 350 675
f 355 677 676
f 355 676 350
f 360 678 677
f 360 677 355
f 365 679 678
f 365 678 360
f 681 370 682
f 681 679 370
f 370 679 365
f 682 684 683
f 682 375 684
f 682 375 682
f 682 370 375
f 380 685 684
f 380 684 375
f 385 686 685
f 385 685 380
f 390 687 686
f 390 686 385
f 689 395 690
f 689 687 395
f 395 687 390
f 400 691 692
f 690 400 692
f 690 395 400
f 405 694 695
f 691 405 695
f 691 400 405
f 410 697 698
f 694 410 698
f 694 405 410
f 415 700 701
f 697 415 701
f 697 410 415
f 420 703 704
f 700 420 704
f 700 415 420
f 425 706 707
f 703 425 707
f 703 420 425
f 430 709 710
f 706 430 710
f 706 425 430
f 435 712 713
f 709 435 713
f 709 430 435
f 438 715 716
f 712 438 716
f 712 435 438
f 441 718 719
f 715 441 719
f 715 438 441
f 444 721 722
f 718 444 722
f 718 441 444
f 447 724 725
f 721 447 725
f 721 444 447
f 450 727 728
f 724 450 728
f 724 447 450
f 453 730 731
f 727 453 731
f 727 450 453
f 456 733 734
f 730 456 734
f 730 453 456
f 459 736 737
f 733 459 737
f 733 456 459
f 462 739 740
f 736 462 740
f 736 459 462
f 465 742 743
f 739 465 743
f 739 462 465
f 468 745 746
f 742 468 746
f 742 465 468
f 471 748 749
f 745 471 749
f 745 468 471
f 474 751 752
f 748 474 752
f 748 471 474
f 477 754 755
f 751 477 755
f 751 474 477
f 480 757 758
f 754 480 758
f 754 477 480
f 483 760 761
f 757 483 761
f 757 480 483
f 486 763 764
f 760 486 764
f 760 483 486
f 489 766 767
f 763 489 767
f 763 486 489
f 492 769 770
f 766 492 770
f 766 489 492
f 495 772 773
f 769 495 773
f 769 492 495
f 498 775 776
f 772 498 776
f 772 495 498
f 501 778 779
f 775 501 779
f 775 498 501
f 504 781 782
f 778 504 782
f 778 501 504
f 507 784 785
f 781 507 785
f 781 504 507
f 510 787 788
f 784 510 788
f 784 507 510
f 513 790 791
f 787 513 791
f 787 510 513
f 513 515 790
f 897 659 896
f 899 659 897
f 899 645 659
f 900 902 901
f 900 903 902
f 903 659 653
f 903 896 659
f 903 900 896
f 914 916 915
f 914 667 916
f 667 914 668
f 672 917 916
f 672 916 667
f 919 675 920
f 919 917 675
f 675 917 672
f 676 921 922
f 920 676 922
f 920 675 676
f 677 924 925
f 921 677 925
f 921 676 677
f 678 927 928
f 924 678 928
f 924 677 678
f 679 930 931
f 927 679 931
f 927 678 679
f 679 681 930
f 684 934 935
f 684 935 683
f 685 937 938
f 934 685 938
f 934 684 685
f 686 940 941
f 937 686 941
f 937 685 686
f 687 943 944
f 940 687 944
f 940 686 687
f 687 689 943
f 1090 1091 1089
f 1090 1092 1091
f 1090 1093 1092
f 1093 901 902
f 1093 1090 901
f 1091 1094 1095
f 1094 1091 1092
f 1100 1101 1102
f 916 1103 1100
f 915 1100 1102
f 915 916 1100
f 1105 917 1106
f 1105 1103 917
f 917 1103 916
f 917 919 1106
f 1235 1091 1236
f 1235 1237 1091
f 1235 1238 1237
f 1089 1091 1237
f 1091 1095 1236
f 1100 1245 1246
f 1100 1246 1101
f 1248 1250 1249
f 1248 1103 1250
f 1245 1103 1248
f 1245 1100 1103
f 1251 1250 1252
f 1251 1253 1250
f 1252 1103 1105
f 1252 1250 1103
f 1253 1254 1255
f 1253 1251 1254
f 1383 1384 1385
f 1392 1383 1391
f 1238 1383 1385
f 1238 1391 1383
f 1238 1235 1391
f 1400 1402 1401
f 1400 1250 1402
f 1250 1400 1249
f 1253 1403 1402
f 1253 1402 1250
f 1404 1403 1405
f 1404 1406 1403
f 1405 1253 1255
f 1405 1403 1253
f 1407 1406 1408
f 1407 1409 1406
f 1406 1404 1408
f 1410 1409 1411
f 1410 1412 1409
f 1409 1407 1411
f 1413 1412 1414
f 1413 1415 1412
f 1412 1410 1414
f 1415 1416 1417
f 1415 1413 1416
f 1574 1383 1573
f 1579 1383 1574
f 1579 1384 1383
f 1579 1580 1384
f 1573 1383 1392
f 1599 1402 1598
f 1402 1599 1401
f 1403 1600 1601
f 1598 1403 1601
f 1598 1402 1403
f 1406 1603 1604
f 1600 1406 1604
f 1600 1403 1406
f 1606 1608 1607
f 1606 1409 1608
f 1603 1409 1606
f 1603 1406 1409
f 1412 1609 1608
f 1412 1608 1409
f 1415 1610 1609
f 1415 1609 1412
f 1611 1610 1612
f 1611 1613 1610
f 1612 1415 1417
f 1612 1610 1415
f 1614 1613 1615
f 1614 1616 1613
f 1613 1611 1615
f 1617 1616 1618
f 1617 1619 1616
f 1616 1614 1618
f 1620 1619 1621
f 1620 1622 1619
f 1619 1617 1621
f 1623 1622 1624
f 1623 1625 1622
f 1622 1620 1624
f 1626 1625 1627
f 1626 1628 1625
f 1625 1623 1627
f 1629 1628 1630
f 1629 1631 1628
f 1628 1626 1630
f 1632 1631 1633
f 1632 1634 1631
f 1631 1629 1633
f 1635 1634 1636
f 1635 1637 1634
f 1634 1632 1636
f 1638 1637 1639
f 1638 1640 1637
f 1637 1635 1639
f 1641 1640 1642
f 1641 1643 1640
f 1640 1638 1642
f 1644 1643 1645
f 1644 1646 1643
f 1643 1641 1645
f 1647 1646 1648
f 1647 1649 1646
f 1646 1644 1648
f 1650 1649 1651
f 1650 1652 1649
f 1649 1647 1651
f 1653 1652 1654
f 1653 1655 1652
f 1652 1650 1654
f 1656 1655 1657
f 1656 1658 1655
f 1655 1653 1657
f 1659 1658 1660
f 1659 1661 1658
f 1658 1656 1660
f 1662 1661 1663
f 1662 1664 1661
f 1661 1659 1663
f 1665 1664 1666
f 1665 1667 1664
f 1664 1662 1666
f 1668 1667 1669
f 1668 1670 1667
f 1667 1665 1669
f 1671 1670 1672
f 1671 1673 1670
f 1670 1668 1672
f 1674 1673 1675
f 1674 1676 1673
f 1673 1671 1675
f 1677 1676 1678
f 1677 1679 1676
f 1676 1674 1678
f 1680 1679 1681
f 1680 1682 1679
f 1679 1677 1681
f 1683 1682 1684
f 1683 1685 1682
f 1682 1680 1684
f 1686 1685 1687
f 1686 1688 1685
f 1685 1683 1687
f 1689 1688 1690
f 1689 1691 1688
f 1688 1686 1690
f 1692 1691 1693
f 1692 1694 1691
f 1691 1689 1693
f 1695 1694 1696
f 1695 1697 1694
f 1694 1692 1696
f 1698 1697 1699
f 1698 1700 1697
f 1697 1695 1699
f 1701 1700 1702
f 1701 1703 1700
f 1700 1698 1702
f 1704 1703 1705
f 1704 1706 1703
f 1703 1701 1705
f 1707 1706 1708
f 1707 1709 1706
f 1706 1704 1708
f 1710 1709 1711
f 1710 1712 1709
f 1709 1707 1711
f 1713 1712 1714
f 1713 1715 1712
f 1712 1710 1714
f 1716 1715 1717
f 1716 1718 1715
f 1715 1713 1717
f 1719 1718 1720
f 1719 1721 1718
f 1718 1716 1720
f 1722 1721 1723
f 1722 1724 1721
f 1721 1719 1723
f 1725 1724 1726
f 1725 1727 1724
f 1724 1722 1726
f 1728 1727 1729
f 1728 1730 1727
f 1727 1725 1729
f 1731 1730 1732
f 1731 1733 1730
f 1730 1728 1732
f 1733 1734 1735
f 1733 1731 1734
f 1608 1876 1877
f 1608 1877 1607
f 1609 1881 1882
f 1876 1609 1882
f 1876 1608 1609
f 1610 1886 1887
f 1881 1610 1887
f 1881 1609 1610
f 1613 1891 1892
f 1886 1613 1892
f 1886 1610 1613
f 1616 1896 1897
f 1891 1616 1897
f 1891 1613 1616
f 1619 1901 1902
f 1896 1619 1902
f 1896 1616 1619
f 1622 1906 1907
f 1901 1622 1907
f 1901 1619 1622
f 1625 1911 1912
f 1906 1625 1912
f 1906 1622 1625
f 1628 1916 1917
f 1911 1628 1917
f 1911 1625 1628
f 1631 1921 1922
f 1916 1631 1922
f 1916 1628 1631
f 1634 1926 1927
f 1921 1634 1927
f 1921 1631 1634
f 1637 1931 1932
f 1926 1637 1932
f 1926 1634 1637
f 1640 1936 1937
f 1931 1640 1937
f 1931 1637 1640
f 1643 1941 1942
f 1936 1643 1942
f 1936 1640 1643
f 1646 1946 1947
f 1941 1646 1947
f 1941 1643 1646
f 1649 1951 1952
f 1946 1649 1952
f 1946 1646 1649
f 1652 1956 1957
f 1951 1652 1957
f 1951 1649 1652
f 1655 1961 1962
f 1956 1655 1962
f 1956 1652 1655
f 1970 1658 1969
f 1961 1658 1970
f 1961 1655 1658
f 1661 1971 1972
f 1969 1661 1972
f 1969 1658 1661
f 1664 1974 1975
f 1971 1664 1975
f 1971 1661 1664
f 1667 1977 1978
f 1974 1667 1978
f 1974 1664 1667
f 1670 1980 1981
f 1977 1670 1981
f 1977 1667 1670
f 1673 1983 1984
f 1980 1673 1984
f 1980 1670 1673
f 1676 1986 1987
f 1983 1676 1987
f 1983 1673 1676
f 1679 1989 1990
f 1986 1679 1990
f 1986 1676 1679
f 1682 1992 1993
f 1989 1682 1993
f 1989 1679 1682
f 1685 1995 1996
f 1992 1685 1996
f 1992 1682 1685
f 1688 1998 1999
f 1995 1688 1999
f 1995 1685 1688
f 1691 2001 2002
f 1998 1691 2002
f 1998 1688 1691
f 1694 2004 2005
f 2001 1694 2005
f 2001 1691 1694
f 1697 2007 2008
f 2004 1697 2008
f 2004 1694 1697
f 1700 2010 2011
f 2007 1700 2011
f 2007 1697 1700
f 1703 2013 2014
f 2010 1703 2014
f 2010 1700 1703
f 1706 2016 2017
f 2013 1706 2017
f 2013 1703 1706
f 1709 2019 2020
f 2016 1709 2020
f 2016 1706 1709
f 1712 2022 2023
f 2019 1712 2023
f 2019 1709 1712
f 1715 2025 2026
f 2022 1715 2026
f 2022 1712 1715
f 1718 2028 2029
f 2025 1718 2029
f 2025 1715 1718
f 1721 2031 2032
f 2028 1721 2032
f 2028 1718 1721
f 1724 2034 2035
f 2031 1724 2035
f 2031 1721 1724
f 1727 2037 2038
f 2034 1727 2038
f 2034 1724 1727
f 1730 2040 2041
f 2037 1730 2041
f 2037 1727 1730
f 1733 2043 2044
f 2040 1733 2044
f 2040 1730 1733
f 2046 2048 2047
f 2046 2049 2048
f 2046 2050 2049
f 2050 1733 1735
f 2050 2043 1733
f 2050 2046 2043
f 2051 2048 2052
f 2051 2053 2048
f 2048 2049 2052
f 2054 2053 2055
f 2054 2056 2053
f 2053 2051 2055
f 2057 2056 2058
f 2057 2059 2056
f 2056 2054 2058
f 2060 2059 2061
f 2060 2062 2059
f 2059 2057 2061
f 2063 2062 2064
f 2063 2065 2062
f 2062 2060 2064
f 2066 2065 2067
f 2066 2068 2065
f 2065 2063 2067
f 2069 2068 2070
f 2069 2071 2068
f 2068 2066 2070
f 2072 2071 2073
f 2072 2074 2071
f 2071 2069 2073
f 2075 2074 2076
f 2075 2077 2074
f 2074 2072 2076
f 2078 2077 2079
f 2078 2080 2077
f 2077 2075 2079
f 2081 2080 2082
f 2081 2083 2080
f 2080 2078 2082
f 2084 2083 2085
f 2084 2086 2083
f 2083 2081 2085
f 2087 2086 2088
f 2087 2089 2086
f 2086 2084 2088
f 2090 2089 2091
f 2090 2092 2089
f 2089 2087 2091
f 2093 2092 2094
f 2093 2095 2092
f 2092 2090 2094
f 2096 2095 2097
f 2096 2098 2095
f 2095 2093 2097
f 2099 2098 2100
f 2099 2101 2098
f 2098 2096 2100
f 2102 2101 2103
f 2102 2104 2101
f 2101 2099 2103
f 2104 2105 2106
f 2104 2102 2105
f 2048 2282 2283
f 2048 2283 2047
f 2053 2285 2286
f 2282 2053 2286
f 2282 2048 2053
f 2056 2288 2289
f 2285 2056 2289
f 2285 2053 2056
f 2059 2291 2292
f 2288 2059 2292
f 2288 2056 2059
f 2062 2294 2295
f 2291 2062 2295
f 2291 2059 2062
f 2065 2297 2298
f 2294 2065 2298
f 2294 2062 2065
f 2068 2300 2301
f 2297 2068 2301
f 2297 2065 2068
f 2071 2303 2304
f 2300 2071 2304
f 2300 2068 2071
f 2074 2306 2307
f 2303 2074 2307
f 2303 2071 2074
f 2077 2309 2310
f 2306 2077 2310
f 2306 2074 2077
f 2312 2314 2313
f 2312 2080 2314
f 2309 2080 2312
f 2309 2077 2080
f 2083 2315 2314
f 2083 2314 2080
f 2086 2316 2315
f 2086 2315 2083
f 2089 2317 2316
f 2089 2316 2086
f 2092 2318 2317
f 2092 2317 2089
f 2095 2319 2318
f 2095 2318 2092
f 2098 2320 2319
f 2098 2319 2095
f 2101 2321 2320
f 2101 2320 2098
f 2104 2322 2321
f 2104 2321 2101
f 2323 2322 2324
f 2323 2325 2322
f 2324 2104 2106
f 2324 2322 2104
f 2326 2325 2327
f 2326 2328 2325
f 2325 2323 2327
f 2329 2328 2330
f 2329 2331 2328
f 2328 2326 2330
f 2332 2331 2333
f 2332 2334 2331
f 2331 2329 2333
f 2335 2334 2336
f 2335 2337 2334
f 2334 2332 2336
f 2338 2337 2339
f 2338 2340 2337
f 2337 2335 2339
f 2340 2341 2342
f 2340 2338 2341

#List of body polygons
f 229 230 231
f 234 229 235
f 234 236 229
f 229 231 235
f 238 236 239
f 238 240 236
f 236 234 239
f 242 240 243
f 242 244 240
f 240 238 243
f 246 244 247
f 246 248 244
f 244 242 247
f 250 248 251
f 250 252 248
f 248 246 251
f 253 254 252
f 255 252 250
f 255 253 252
f 256 257 254
f 256 254 253
f 258 259 257
f 258 257 256
f 260 261 259
f 260 259 258
f 262 263 261
f 262 261 260
f 264 265 263
f 264 263 262
f 266 267 265
f 266 265 264
f 268 269 267
f 268 267 266
f 270 271 269
f 270 269 268
f 272 273 271
f 272 271 270
f 275 277 276
f 275 273 277
f 277 273 272
f 278 279 280
f 276 278 280
f 276 277 278
f 282 283 284
f 279 282 284
f 279 278 282
f 286 287 288
f 283 286 288
f 283 282 286
f 286 292 287
f 514 515 516
f 517 514 518
f 517 519 514
f 514 516 518
f 520 519 521
f 520 522 519
f 519 517 521
f 523 522 524
f 523 525 522
f 522 520 524
f 526 525 527
f 526 528 525
f 525 523 527
f 529 528 530
f 529 531 528
f 528 526 530
f 532 531 533
f 532 534 531
f 531 529 533
f 535 534 536
f 535 537 534
f 534 532 536
f 538 537 539
f 538 540 537
f 537 535 539
f 541 540 542
f 541 543 540
f 540 538 542
f 544 543 545
f 544 546 543
f 543 541 545
f 547 546 548
f 547 549 546
f 546 544 548
f 550 549 551
f 550 552 549
f 549 547 551
f 553 552 554
f 553 555 552
f 552 550 554
f 556 555 557
f 556 558 555
f 555 553 557
f 559 558 560
f 559 561 558
f 558 556 560
f 562 561 563
f 562 564 561
f 561 559 563
f 565 564 566
f 565 567 564
f 564 562 566
f 568 567 569
f 568 570 567
f 567 565 569
f 229 571 570
f 230 570 568
f 230 229 570
f 236 572 571
f 236 571 229
f 240 573 572
f 240 572 236
f 244 574 573
f 244 573 240
f 576 248 577
f 576 574 248
f 248 574 244
f 252 578 579
f 577 252 579
f 577 248 252
f 254 581 582
f 578 254 582
f 578 252 254
f 257 584 585
f 581 257 585
f 581 254 257
f 259 587 588
f 584 259 588
f 584 257 259
f 261 590 591
f 587 261 591
f 587 259 261
f 263 593 594
f 596 263 594
f 596 261 263
f 265 597 598
f 593 265 598
f 593 263 265
f 267 600 601
f 597 267 601
f 597 265 267
f 269 603 604
f 600 269 604
f 600 267 269
f 271 606 607
f 603 271 607
f 603 269 271
f 273 609 610
f 606 273 610
f 606 271 273
f 273 275 609
f 680 681 682
f 680 682 683
f 680 682 682
f 688 689 690
f 691 688 692
f 691 693 688
f 688 690 692
f 694 693 695
f 694 696 693
f 693 691 695
f 697 696 698
f 697 699 696
f 696 694 698
f 700 699 701
f 700 702 699
f 699 697 701
f 703 702 704
f 703 705 702
f 702 700 704
f 706 705 707
f 706 708 705
f 705 703 707
f 709 708 710
f 709 711 708
f 708 706 710
f 712 711 713
f 712 714 711
f 711 709 713
f 715 714 716
f 715 717 714
f 714 712 716
f 718 717 719
f 718 720 717
f 717 715 719
f 721 720 722
f 721 723 720
f 720 718 722
f 724 723 725
f 724 726 723
f 723 721 725
f 727 726 728
f 727 729 726
f 726 724 728
f 730 729 731
f 730 732 729
f 729 727 731
f 733 732 734
f 733 735 732
f 732 730 734
f 736 735 737
f 736 738 735
f 735 733 737
f 739 738 740
f 739 741 738
f 738 736 740
f 742 741 743
f 742 744 741
f 741 739 743
f 745 744 746
f 745 747 744
f 744 742 746
f 748 747 749
f 748 750 747
f 747 745 749
f 751 750 752
f 751 753 750
f 750 748 752
f 754 753 755
f 754 756 753
f 753 751 755
f 757 756 758
f 757 759 756
f 756 754 758
f 760 759 761
f 760 762 759
f 759 757 761
f 763 762 764
f 763 765 762
f 762 760 764
f 766 765 767
f 766 768 765
f 765 763 767
f 769 768 770
f 769 771 768
f 768 766 770
f 772 771 773
f 772 774 771
f 771 769 773
f 775 774 776
f 775 777 774
f 774 772 776
f 778 777 779
f 778 780 777
f 777 775 779
f 781 780 782
f 781 783 780
f 780 778 782
f 784 783 785
f 784 786 783
f 783 781 785
f 787 786 788
f 787 789 786
f 786 784 788
f 790 789 791
f 790 792 789
f 789 787 791
f 514 793 792
f 515 792 790
f 515 514 792
f 519 794 793
f 519 793 514
f 522 795 794
f 522 794 519
f 525 796 795
f 525 795 522
f 528 797 796
f 528 796 525
f 531 798 797
f 531 797 528
f 534 799 798
f 534 798 531
f 537 800 799
f 537 799 534
f 540 801 800
f 540 800 537
f 803 543 804
f 803 801 543
f 543 801 540
f 546 805 806
f 804 546 806
f 804 543 546
f 549 808 809
f 805 549 809
f 805 546 549
f 552 811 812
f 808 552 812
f 808 549 552
f 555 814 815
f 811 555 815
f 811 552 555
f 558 817 818
f 814 558 818
f 814 555 558
f 561 820 821
f 817 561 821
f 817 558 561
f 564 823 824
f 820 564 824
f 820 561 564
f 567 826 827
f 823 567 827
f 823 564 567
f 570 829 830
f 826 570 830
f 826 567 570
f 571 832 833
f 829 571 833
f 829 570 571
f 572 835 836
f 832 572 838
f 832 571 572
f 573 839 840
f 835 573 840
f 835 572 573
f 574 842 843
f 839 574 843
f 839 573 574
f 574 576 842
f 893 895 894
f 893 896 895
f 893 897 896
f 898 897 893
f 898 899 897
f 895 900 901
f 900 895 896
f 918 919 920
f 921 918 922
f 921 923 918
f 918 920 922
f 924 923 925
f 924 926 923
f 923 921 925
f 927 926 928
f 927 929 926
f 926 924 928
f 930 929 931
f 930 932 929
f 929 927 931
f 680 933 932
f 681 932 930
f 681 680 932
f 934 933 935
f 934 936 933
f 935 680 683
f 935 933 680
f 937 936 938
f 937 939 936
f 936 934 938
f 940 939 941
f 940 942 939
f 939 937 941
f 943 942 944
f 943 945 942
f 942 940 944
f 688 946 945
f 689 945 943
f 689 688 945
f 693 947 946
f 693 946 688
f 696 948 947
f 696 947 693
f 699 949 948
f 699 948 696
f 702 950 949
f 702 949 699
f 705 951 950
f 705 950 702
f 708 952 951
f 708 951 705
f 711 953 952
f 711 952 708
f 714 954 953
f 714 953 711
f 717 955 954
f 717 954 714
f 720 956 955
f 720 955 717
f 723 957 956
f 723 956 720
f 726 958 957
f 726 957 723
f 729 959 958
f 729 958 726
f 732 960 959
f 732 959 729
f 735 961 960
f 735 960 732
f 738 962 961
f 738 961 735
f 741 963 962
f 741 962 738
f 744 964 963
f 744 963 741
f 747 965 964
f 747 964 744
f 750 966 965
f 750 965 747
f 753 967 966
f 753 966 750
f 756 968 967
f 756 967 753
f 759 969 968
f 759 968 756
f 762 970 969
f 762 969 759
f 765 971 970
f 765 970 762
f 768 972 971
f 768 971 765
f 771 973 972
f 771 972 768
f 975 774 976
f 975 973 774
f 774 973 771
f 777 977 978
f 976 777 978
f 976 774 777
f 780 980 981
f 977 780 981
f 977 777 780
f 783 983 984
f 980 783 984
f 980 780 783
f 786 986 987
f 983 786 987
f 983 783 786
f 789 989 990
f 986 789 990
f 986 786 789
f 792 992 993
f 989 792 993
f 989 789 792
f 793 995 996
f 992 793 996
f 992 792 793
f 794 998 999
f 995 794 999
f 995 793 794
f 795 1001 1002
f 998 795 1002
f 998 794 795
f 796 1004 1005
f 1001 796 1005
f 1001 795 796
f 797 1007 1008
f 1004 797 1008
f 1004 796 797
f 798 1010 1011
f 1007 798 1011
f 1007 797 798
f 799 1013 1014
f 1010 799 1014
f 1010 798 799
f 800 1016 1017
f 1013 800 1017
f 1013 799 800
f 801 1019 1020
f 1016 801 1020
f 1016 800 801
f 801 803 1019
f 895 1083 1084
f 895 1084 894
f 1087 1089 1088
f 1087 1090 1089
f 1090 895 901
f 1090 1083 895
f 1090 1087 1083
f 1104 1105 1106
f 918 1107 1104
f 919 1104 1106
f 919 918 1104
f 923 1108 1107
f 923 1107 918
f 926 1109 1108
f 926 1108 923
f 929 1110 1109
f 929 1109 926
f 932 1111 1110
f 932 1110 929
f 933 1112 1111
f 933 1111 932
f 936 1113 1112
f 936 1112 933
f 939 1114 1113
f 939 1113 936
f 942 1115 1114
f 942 1114 939
f 945 1116 1115
f 945 1115 942
f 946 1117 1116
f 946 1116 945
f 947 1118 1117
f 947 1117 946
f 948 1119 1118
f 948 1118 947
f 949 1120 1119
f 949 1119 948
f 950 1121 1120
f 950 1120 949
f 951 1122 1121
f 951 1121 950
f 952 1123 1122
f 952 1122 951
f 953 1124 1123
f 953 1123 952
f 954 1125 1124
f 954 1124 953
f 955 1126 1125
f 955 1125 954
f 956 1127 1126
f 956 1126 955
f 957 1128 1127
f 957 1127 956
f 958 1129 1128
f 958 1128 957
f 959 1130 1129
f 959 1129 958
f 960 1131 1130
f 960 1130 959
f 961 1132 1131
f 961 1131 960
f 962 1133 1132
f 962 1132 961
f 963 1134 1133
f 963 1133 962
f 964 1135 1134
f 964 1134 963
f 965 1136 1135
f 965 1135 964
f 1138 966 1139
f 1138 1136 966
f 966 1136 965
f 967 1140 1141
f 1139 967 1141
f 1139 966 967
f 968 1143 1144
f 1140 968 1144
f 1140 967 968
f 969 1146 1147
f 1143 969 1147
f 1143 968 969
f 970 1149 1150
f 1146 970 1150
f 1146 969 970
f 971 1152 1153
f 1149 971 1153
f 1149 970 971
f 972 1155 1156
f 1152 972 1156
f 1152 971 972
f 973 1158 1159
f 1155 973 1159
f 1155 972 973
f 973 975 1158
f 1230 1231 1232
f 1238 1230 1237
f 1088 1230 1232
f 1088 1237 1230
f 1088 1089 1237
f 1104 1251 1252
f 1104 1252 1105
f 1254 1256 1255
f 1254 1107 1256
f 1251 1107 1254
f 1251 1104 1107
f 1108 1257 1256
f 1108 1256 1107
f 1109 1258 1257
f 1109 1257 1108
f 1110 1259 1258
f 1110 1258 1109
f 1111 1260 1259
f 1111 1259 1110
f 1112 1261 1260
f 1112 1260 1111
f 1113 1262 1261
f 1113 1261 1112
f 1114 1263 1262
f 1114 1262 1113
f 1115 1264 1263
f 1115 1263 1114
f 1116 1265 1264
f 1116 1264 1115
f 1117 1266 1265
f 1117 1265 1116
f 1118 1267 1266
f 1118 1266 1117
f 1119 1268 1267
f 1119 1267 1118
f 1120 1269 1268
f 1120 1268 1119
f 1121 1270 1269
f 1121 1269 1120
f 1122 1271 1270
f 1122 1270 1121
f 1123 1272 1271
f 1123 1271 1122
f 1124 1273 1272
f 1124 1272 1123
f 1125 1274 1273
f 1125 1273 1124
f 1126 1275 1274
f 1126 1274 1125
f 1127 1276 1275
f 1127 1275 1126
f 1128 1277 1276
f 1128 1276 1127
f 1129 1278 1277
f 1129 1277 1128
f 1130 1279 1278
f 1130 1278 1129
f 1131 1280 1279
f 1131 1279 1130
f 1132 1281 1280
f 1132 1280 1131
f 1133 1282 1281
f 1133 1281 1132
f 1134 1283 1282
f 1134 1282 1133
f 1135 1284 1283
f 1135 1283 1134
f 1136 1285 1284
f 1136 1284 1135
f 1286 1285 1287
f 1286 1288 1285
f 1287 1136 1138
f 1287 1285 1136
f 1289 1288 1290
f 1289 1291 1288
f 1288 1286 1290
f 1292 1291 1293
f 1292 1294 1291
f 1291 1289 1293
f 1295 1294 1296
f 1295 1297 1294
f 1294 1292 1296
f 1298 1297 1299
f 1298 1300 1297
f 1297 1295 1299
f 1301 1300 1302
f 1301 1303 1300
f 1300 1298 1302
f 1304 1303 1305
f 1304 1306 1303
f 1303 1301 1305
f 1307 1306 1308
f 1307 1309 1306
f 1306 1304 1308
f 1309 1310 1311
f 1309 1307 1310
f 1384 1230 1385
f 1384 1386 1230
f 1231 1386 1387
f 1231 1230 1386
f 1230 1238 1385
f 1256 1404 1405
f 1256 1405 1255
f 1257 1407 1408
f 1404 1257 1408
f 1404 1256 1257
f 1258 1410 1411
f 1407 1258 1411
f 1407 1257 1258
f 1259 1413 1414
f 1410 1259 1414
f 1410 1258 1259
f 1416 1418 1417
f 1416 1260 1418
f 1413 1260 1416
f 1413 1259 1260
f 1261 1419 1418
f 1261 1418 1260
f 1262 1420 1419
f 1262 1419 1261
f 1263 1421 1420
f 1263 1420 1262
f 1264 1422 1421
f 1264 1421 1263
f 1265 1423 1422
f 1265 1422 1264
f 1266 1424 1423
f 1266 1423 1265
f 1267 1425 1424
f 1267 1424 1266
f 1268 1426 1425
f 1268 1425 1267
f 1269 1427 1426
f 1269 1426 1268
f 1270 1428 1427
f 1270 1427 1269
f 1271 1429 1428
f 1271 1428 1270
f 1272 1430 1429
f 1272 1429 1271
f 1273 1431 1430
f 1273 1430 1272
f 1274 1432 1431
f 1274 1431 1273
f 1275 1433 1432
f 1275 1432 1274
f 1276 1434 1433
f 1276 1433 1275
f 1277 1435 1434
f 1277 1434 1276
f 1278 1436 1435
f 1278 1435 1277
f 1279 1437 1436
f 1279 1436 1278
f 1280 1438 1437
f 1280 1437 1279
f 1281 1439 1438
f 1281 1438 1280
f 1282 1440 1439
f 1282 1439 1281
f 1283 1441 1440
f 1283 1440 1282
f 1284 1442 1441
f 1284 1441 1283
f 1285 1443 1442
f 1285 1442 1284
f 1288 1444 1443
f 1288 1443 1285
f 1291 1445 1444
f 1291 1444 1288
f 1294 1446 1445
f 1294 1445 1291
f 1297 1447 1446
f 1297 1446 1294
f 1300 1448 1447
f 1300 1447 1297
f 1303 1449 1448
f 1303 1448 1300
f 1306 1450 1449
f 1306 1449 1303
f 1309 1451 1450
f 1309 1450 1306
f 1452 1451 1453
f 1452 1454 1451
f 1453 1309 1311
f 1453 1451 1309
f 1455 1454 1456
f 1455 1457 1454
f 1454 1452 1456
f 1458 1457 1459
f 1458 1460 1457
f 1457 1455 1459
f 1461 1460 1462
f 1461 1463 1460
f 1460 1458 1462
f 1464 1463 1465
f 1464 1466 1463
f 1463 1461 1465
f 1467 1466 1468
f 1467 1469 1466
f 1466 1464 1468
f 1470 1469 1471
f 1470 1472 1469
f 1469 1467 1471
f 1473 1472 1474
f 1473 1475 1472
f 1472 1470 1474
f 1476 1475 1477
f 1476 1478 1475
f 1475 1473 1477
f 1479 1478 1480
f 1479 1481 1478
f 1478 1476 1480
f 1482 1481 1483
f 1482 1484 1481
f 1481 1479 1483
f 1485 1484 1486
f 1485 1487 1484
f 1484 1482 1486
f 1488 1487 1489
f 1488 1490 1487
f 1487 1485 1489
f 1491 1490 1492
f 1491 1493 1490
f 1490 1488 1492
f 1494 1493 1495
f 1494 1496 1493
f 1493 1491 1495
f 1497 1496 1498
f 1497 1499 1496
f 1496 1494 1498
f 1499 1500 1501
f 1499 1497 1500
f 1580 1386 1384
f 1418 1611 1612
f 1418 1612 1417
f 1419 1614 1615
f 1611 1419 1615
f 1611 1418 1419
f 1420 1617 1618
f 1614 1420 1618
f 1614 1419 1420
f 1421 1620 1621
f 1617 1421 1621
f 1617 1420 1421
f 1422 1623 1624
f 1620 1422 1624
f 1620 1421 1422
f 1423 1626 1627
f 1623 1423 1627
f 1623 1422 1423
f 1424 1629 1630
f 1626 1424 1630
f 1626 1423 1424
f 1425 1632 1633
f 1629 1425 1633
f 1629 1424 1425
f 1426 1635 1636
f 1632 1426 1636
f 1632 1425 1426
f 1427 1638 1639
f 1635 1427 1639
f 1635 1426 1427
f 1428 1641 1642
f 1638 1428 1642
f 1638 1427 1428
f 1429 1644 1645
f 1641 1429 1645
f 1641 1428 1429
f 1430 1647 1648
f 1644 1430 1648
f 1644 1429 1430
f 1431 1650 1651
f 1647 1431 1651
f 1647 1430 1431
f 1432 1653 1654
f 1650 1432 1654
f 1650 1431 1432
f 1433 1656 1657
f 1653 1433 1657
f 1653 1432 1433
f 1434 1659 1660
f 1656 1434 1660
f 1656 1433 1434
f 1435 1662 1663
f 1659 1435 1663
f 1659 1434 1435
f 1436 1665 1666
f 1662 1436 1666
f 1662 1435 1436
f 1437 1668 1669
f 1665 1437 1669
f 1665 1436 1437
f 1438 1671 1672
f 1668 1438 1672
f 1668 1437 1438
f 1439 1674 1675
f 1671 1439 1675
f 1671 1438 1439
f 1440 1677 1678
f 1674 1440 1678
f 1674 1439 1440
f 1441 1680 1681
f 1677 1441 1681
f 1677 1440 1441
f 1442 1683 1684
f 1680 1442 1684
f 1680 1441 1442
f 1443 1686 1687
f 1683 1443 1687
f 1683 1442 1443
f 1444 1689 1690
f 1686 1444 1690
f 1686 1443 1444
f 1445 1692 1693
f 1689 1445 1693
f 1689 1444 1445
f 1446 1695 1696
f 1692 1446 1696
f 1692 1445 1446
f 1447 1698 1699
f 1695 1447 1699
f 1695 1446 1447
f 1448 1701 1702
f 1698 1448 1702
f 1698 1447 1448
f 1449 1704 1705
f 1701 1449 1705
f 1701 1448 1449
f 1450 1707 1708
f 1704 1450 1708
f 1704 1449 1450
f 1451 1710 1711
f 1707 1451 1711
f 1707 1450 1451
f 1454 1713 1714
f 1710 1454 1714
f 1710 1451 1454
f 1457 1716 1717
f 1713 1457 1717
f 1713 1454 1457
f 1460 1719 1720
f 1716 1460 1720
f 1716 1457 1460
f 1463 1722 1723
f 1719 1463 1723
f 1719 1460 1463
f 1466 1725 1726
f 1722 1466 1726
f 1722 1463 1466
f 1469 1728 1729
f 1725 1469 1729
f 1725 1466 1469
f 1472 1731 1732
f 1728 1472 1732
f 1728 1469 1472
f 1734 1736 1735
f 1734 1475 1736
f 1731 1475 1734
f 1731 1472 1475
f 1478 1737 1736
f 1478 1736 1475
f 1481 1738 1737
f 1481 1737 1478
f 1484 1739 1738
f 1484 1738 1481
f 1487 1740 1739
f 1487 1739 1484
f 1490 1741 1740
f 1490 1740 1487
f 1493 1742 1741
f 1493 1741 1490
f 1496 1743 1742
f 1496 1742 1493
f 1499 1744 1743
f 1499 1743 1496
f 1745 1744 1746
f 1745 1747 1744
f 1746 1499 1501
f 1746 1744 1499
f 1748 1747 1749
f 1748 1750 1747
f 1747 1745 1749
f 1751 1750 1752
f 1751 1753 1750
f 1750 1748 1752
f 1754 1753 1755
f 1754 1756 1753
f 1753 1751 1755
f 1757 1756 1758
f 1757 1759 1756
f 1756 1754 1758
f 1760 1759 1761
f 1760 1762 1759
f 1759 1757 1761
f 1763 1762 1764
f 1763 1765 1762
f 1762 1760 1764
f 1766 1765 1767
f 1766 1768 1765
f 1765 1763 1767
f 1769 1768 1770
f 1769 1771 1768
f 1768 1766 1770
f 1772 1771 1773
f 1772 1774 1771
f 1771 1769 1773
f 1775 1774 1776
f 1775 1777 1774
f 1774 1772 1776
f 1778 1777 1779
f 1778 1780 1777
f 1777 1775 1779
f 1781 1780 1782
f 1781 1783 1780
f 1780 1778 1782
f 1784 1783 1785
f 1784 1786 1783
f 1783 1781 1785
f 1786 1787 1788
f 1786 1784 1787
f 2050 1736 2049
f 1736 2050 1735
f 1737 2051 2052
f 2049 1737 2052
f 2049 1736 1737
f 1738 2054 2055
f 2051 1738 2055
f 2051 1737 1738
f 1739 2057 2058
f 2054 1739 2058
f 2054 1738 1739
f 1740 2060 2061
f 2057 1740 2061
f 2057 1739 1740
f 1741 2063 2064
f 2060 1741 2064
f 2060 1740 1741
f 1742 2066 2067
f 2063 1742 2067
f 2063 1741 1742
f 1743 2069 2070
f 2066 1743 2070
f 2066 1742 1743
f 1744 2072 2073
f 2069 1744 2073
f 2069 1743 1744
f 1747 2075 2076
f 2072 1747 2076
f 2072 1744 1747
f 1750 2078 2079
f 2075 1750 2079
f 2075 1747 1750
f 1753 2081 2082
f 2078 1753 2082
f 2078 1750 1753
f 1756 2084 2085
f 2081 1756 2085
f 2081 1753 1756
f 1759 2087 2088
f 2084 1759 2088
f 2084 1756 1759
f 1762 2090 2091
f 2087 1762 2091
f 2087 1759 1762
f 1765 2093 2094
f 2090 1765 2094
f 2090 1762 1765
f 1768 2096 2097
f 2093 1768 2097
f 2093 1765 1768
f 1771 2099 2100
f 2096 1771 2100
f 2096 1768 1771
f 1774 2102 2103
f 2099 1774 2103
f 2099 1771 1774
f 2105 2107 2106
f 2105 1777 2107
f 2102 1777 2105
f 2102 1774 1777
f 1780 2108 2107
f 1780 2107 1777
f 1783 2109 2108
f 1783 2108 1780
f 1786 2110 2109
f 1786 2109 1783
f 2111 2110 2112
f 2111 2113 2110
f 2112 1786 1788
f 2112 2110 1786
f 2114 2113 2115
f 2114 2116 2113
f 2113 2111 2115
f 2117 2116 2118
f 2117 2119 2116
f 2116 2114 2118
f 2120 2119 2121
f 2120 2122 2119
f 2119 2117 2121
f 2123 2122 2124
f 2123 2125 2122
f 2122 2120 2124
f 2126 2125 2127
f 2126 2128 2125
f 2125 2123 2127
f 2129 2128 2130
f 2129 2131 2128
f 2128 2126 2130
f 2132 2131 2133
f 2132 2134 2131
f 2131 2129 2133
f 2135 2134 2136
f 2135 2137 2134
f 2134 2132 2136
f 2138 2137 2139
f 2138 2140 2137
f 2137 2135 2139
f 2141 2140 2142
f 2141 2143 2140
f 2140 2138 2142
f 2144 2143 2145
f 2144 2146 2143
f 2143 2141 2145
f 2146 2147 2148
f 2146 2144 2147
f 2107 2323 2324
f 2107 2324 2106
f 2108 2326 2327
f 2323 2108 2327
f 2323 2107 2108
f 2109 2329 2330
f 2326 2109 2330
f 2326 2108 2109
f 2110 2332 2333
f 2329 2110 2333
f 2329 2109 2110
f 2113 2335 2336
f 2332 2113 2336
f 2332 2110 2113
f 2116 2338 2339
f 2335 2116 2339
f 2335 2113 2116
f 2341 2343 2342
f 2341 2119 2343
f 2338 2119 2341
f 2338 2116 2119
f 2122 2344 2343
f 2122 2343 2119
f 2125 2345 2344
f 2125 2344 2122
f 2128 2346 2345
f 2128 2345 2125
f 2131 2347 2346
f 2131 2346 2128
f 2134 2348 2347
f 2134 2347 2131
f 2137 2349 2348
f 2137 2348 2134
f 2140 2350 2349
f 2140 2349 2137
f 2143 2351 2350
f 2143 2350 2140
f 2146 2352 2351
f 2146 2351 2143
f 2353 2352 2354
f 2353 2355 2352
f 2354 2146 2148
f 2354 2352 2146
f 2356 2355 2357
f 2356 2358 2355
f 2355 2353 2357
f 2359 2358 2360
f 2359 2361 2358
f 2358 2356 2360
f 2362 2361 2363
f 2362 2364 2361
f 2361 2359 2363
f 2364 2365 2366
f 2364 2362 2365

#List of body polygons
f 274 275 276
f 279 274 280
f 279 281 274
f 274 276 280
f 283 281 284
f 283 285 281
f 281 279 284
f 287 285 288
f 287 289 285
f 285 283 288
f 290 291 289
f 292 289 287
f 292 290 289
f 293 294 291
f 293 291 290
f 295 296 294
f 295 294 293
f 297 298 296
f 297 296 295
f 299 300 298
f 299 298 297
f 301 302 300
f 301 300 299
f 303 304 302
f 303 302 301
f 305 306 304
f 305 304 303
f 307 308 306
f 307 306 305
f 308 309 310
f 309 307 313
f 309 308 307
f 575 576 577
f 578 575 579
f 578 580 575
f 575 577 579
f 581 580 582
f 581 583 580
f 580 578 582
f 584 583 585
f 584 586 583
f 583 581 585
f 587 586 588
f 587 589 586
f 586 584 588
f 590 589 591
f 590 592 589
f 589 587 591
f 593 592 594
f 593 595 592
f 592 596 594
f 597 595 598
f 597 599 595
f 595 593 598
f 600 599 601
f 600 602 599
f 599 597 601
f 603 602 604
f 603 605 602
f 602 600 604
f 606 605 607
f 606 608 605
f 605 603 607
f 609 608 610
f 609 611 608
f 608 606 610
f 274 612 611
f 275 611 609
f 275 274 611
f 281 613 612
f 281 612 274
f 285 614 613
f 285 613 281
f 289 615 614
f 289 614 285
f 291 616 615
f 291 615 289
f 294 617 616
f 294 616 291
f 296 618 617
f 296 617 294
f 298 619 618
f 298 618 296
f 300 620 619
f 300 619 298
f 622 302 623
f 622 620 302
f 302 620 300
f 304 624 625
f 623 304 625
f 623 302 304
f 306 627 628
f 624 306 628
f 624 304 306
f 308 630 631
f 627 308 631
f 627 306 308
f 308 310 630
f 802 803 804
f 805 802 806
f 805 807 802
f 802 804 806
f 808 807 809
f 808 810 807
f 807 805 809
f 811 810 812
f 811 813 810
f 810 808 812
f 814 813 815
f 814 816 813
f 813 811 815
f 817 816 818
f 817 819 816
f 816 814 818
f 820 819 821
f 820 822 819
f 819 817 821
f 823 822 824
f 823 825 822
f 822 820 824
f 826 825 827
f 826 828 825
f 825 823 827
f 829 828 830
f 829 831 828
f 828 826 830
f 832 831 833
f 832 834 831
f 831 829 833
f 835 834 836
f 835 837 834
f 834 832 838
f 839 837 840
f 839 841 837
f 837 835 840
f 842 841 843
f 842 844 841
f 841 839 843
f 575 845 844
f 576 844 842
f 576 575 844
f 580 846 845
f 580 845 575
f 583 847 846
f 583 846 580
f 586 848 847
f 586 847 583
f 589 849 848
f 589 848 586
f 592 850 849
f 592 849 589
f 595 851 850
f 595 850 592
f 599 852 851
f 599 851 595
f 602 853 852
f 602 852 599
f 605 854 853
f 605 853 602
f 608 855 854
f 608 854 605
f 611 856 855
f 611 855 608
f 858 612 859
f 858 856 612
f 612 856 611
f 613 860 861
f 859 613 861
f 859 612 613
f 614 863 864
f 860 614 864
f 860 613 614
f 615 866 867
f 863 615 867
f 863 614 615
f 616 869 870
f 866 616 870
f 866 615 616
f 617 872 873
f 869 617 873
f 869 616 617
f 618 875 876
f 872 618 876
f 872 617 618
f 619 878 879
f 875 619 879
f 875 618 619
f 620 881 882
f 878 620 882
f 878 619 620
f 620 622 881
f 892 893 894
f 892 898 893
f 974 975 976
f 977 974 978
f 977 979 974
f 974 976 978
f 980 979 981
f 980 982 979
f 979 977 981
f 983 982 984
f 983 985 982
f 982 980 984
f 986 985 987
f 986 988 985
f 985 983 987
f 989 988 990
f 989 991 988
f 988 986 990
f 992 991 993
f 992 994 991
f 991 989 993
f 995 994 996
f 995 997 994
f 994 992 996
f 998 997 999
f 998 1000 997
f 997 995 999
f 1001 1000 1002
f 1001 1003 1000
f 1000 998 1002
f 1004 1003 1005
f 1004 1006 1003
f 1003 1001 1005
f 1007 1006 1008
f 1007 1009 1006
f 1006 1004 1008
f 1010 1009 1011
f 1010 1012 1009
f 1009 1007 1011
f 1013 1012 1014
f 1013 1015 1012
f 1012 1010 1014
f 1016 1015 1017
f 1016 1018 1015
f 1015 1013 1017
f 1019 1018 1020
f 1019 1021 1018
f 1018 1016 1020
f 802 1022 1021
f 803 1021 1019
f 803 802 1021
f 807 1023 1022
f 807 1022 802
f 810 1024 1023
f 810 1023 807
f 813 1025 1024
f 813 1024 810
f 816 1026 1025
f 816 1025 813
f 819 1027 1026
f 819 1026 816
f 822 1028 1027
f 822 1027 819
f 825 1029 1028
f 825 1028 822
f 828 1030 1029
f 828 1029 825
f 831 1031 1030
f 831 1030 828
f 834 1032 1031
f 834 1031 831
f 837 1033 1032
f 837 1032 834
f 841 1034 1033
f 841 1033 837
f 844 1035 1034
f 844 1034 841
f 845 1036 1035
f 845 1035 844
f 846 1037 1036
f 846 1036 845
f 847 1038 1037
f 847 1037 846
f 848 1039 1038
f 848 1038 847
f 849 1040 1039
f 849 1039 848
f 1042 850 1043
f 1042 1040 850
f 850 1040 849
f 851 1044 1045
f 1043 851 1045
f 1043 850 851
f 852 1047 1048
f 1044 852 1048
f 1044 851 852
f 853 1050 1051
f 1047 853 1051
f 1047 852 853
f 854 1053 1054
f 1050 854 1054
f 1050 853 854
f 855 1056 1057
f 1053 855 1057
f 1053 854 855
f 856 1059 1060
f 1056 856 1060
f 1056 855 856
f 856 858 1059
f 1076 1077 1078
f 1076 1079 1080
f 1076 1078 1079
f 1083 1085 1084
f 1083 1086 1085
f 1084 892 894
f 1084 1085 892
f 1086 1087 1088
f 1087 1086 1083
f 1137 1138 1139
f 1140 1137 1141
f 1140 1142 1137
f 1137 1139 1141
f 1143 1142 1144
f 1143 1145 1142
f 1142 1140 1144
f 1146 1145 1147
f 1146 1148 1145
f 1145 1143 1147
f 1149 1148 1150
f 1149 1151 1148
f 1148 1146 1150
f 1152 1151 1153
f 1152 1154 1151
f 1151 1149 1153
f 1155 1154 1156
f 1155 1157 1154
f 1154 1152 1156
f 1158 1157 1159
f 1158 1160 1157
f 1157 1155 1159
f 974 1161 1160
f 975 1160 1158
f 975 974 1160
f 979 1162 1161
f 979 1161 974
f 982 1163 1162
f 982 1162 979
f 985 1164 1163
f 985 1163 982
f 988 1165 1164
f 988 1164 985
f 991 1166 1165
f 991 1165 988
f 994 1167 1166
f 994 1166 991
f 997 1168 1167
f 997 1167 994
f 1000 1169 1168
f 1000 1168 997
f 1003 1170 1169
f 1003 1169 1000
f 1006 1171 1170
f 1006 1170 1003
f 1009 1172 1171
f 1009 1171 1006
f 1012 1173 1172
f 1012 1172 1009
f 1015 1174 1173
f 1015 1173 1012
f 1018 1175 1174
f 1018 1174 1015
f 1021 1176 1175
f 1021 1175 1018
f 1022 1177 1176
f 1022 1176 1021
f 1023 1178 1177
f 1023 1177 1022
f 1024 1179 1178
f 1024 1178 1023
f 1025 1180 1179
f 1025 1179 1024
f 1026 1181 1180
f 1026 1180 1025
f 1027 1182 1181
f 1027 1181 1026
f 1028 1183 1182
f 1028 1182 1027
f 1029 1184 1183
f 1029 1183 1028
f 1030 1185 1184
f 1030 1184 1029
f 1031 1186 1185
f 1031 1185 1030
f 1032 1187 1186
f 1032 1186 1031
f 1033 1188 1187
f 1033 1187 1032
f 1034 1189 1188
f 1034 1188 1033
f 1035 1190 1189
f 1035 1189 1034
f 1036 1191 1190
f 1036 1190 1035
f 1037 1192 1191
f 1037 1191 1036
f 1194 1038 1195
f 1194 1192 1038
f 1038 1192 1037
f 1039 1196 1197
f 1195 1039 1197
f 1195 1038 1039
f 1040 1199 1200
f 1196 1040 1200
f 1196 1039 1040
f 1040 1042 1199
f 1223 1225 1224
f 1223 1076 1225
f 1076 1223 1077
f 1225 1226 1227
f 1226 1076 1080
f 1226 1225 1076
f 1231 1086 1232
f 1231 1233 1086
f 1086 1233 1085
f 1086 1088 1232
f 1137 1286 1287
f 1137 1287 1138
f 1142 1289 1290
f 1286 1142 1290
f 1286 1137 1142
f 1145 1292 1293
f 1289 1145 1293
f 1289 1142 1145
f 1148 1295 1296
f 1292 1148 1296
f 1292 1145 1148
f 1151 1298 1299
f 1295 1151 1299
f 1295 1148 1151
f 1154 1301 1302
f 1298 1154 1302
f 1298 1151 1154
f 1157 1304 1305
f 1301 1157 1305
f 1301 1154 1157
f 1160 1307 1308
f 1304 1160 1308
f 1304 1157 1160
f 1310 1312 1311
f 1310 1161 1312
f 1307 1161 1310
f 1307 1160 1161
f 1162 1313 1312
f 1162 1312 1161
f 1163 1314 1313
f 1163 1313 1162
f 1164 1315 1314
f 1164 1314 1163
f 1165 1316 1315
f 1165 1315 1164
f 1166 1317 1316
f 1166 1316 1165
f 1167 1318 1317
f 1167 1317 1166
f 1168 1319 1318
f 1168 1318 1167
f 1169 1320 1319
f 1169 1319 1168
f 1170 1321 1320
f 1170 1320 1169
f 1171 1322 1321
f 1171 1321 1170
f 1172 1323 1322
f 1172 1322 1171
f 1173 1324 1323
f 1173 1323 1172
f 1174 1325 1324
f 1174 1324 1173
f 1175 1326 1325
f 1175 1325 1174
f 1176 1327 1326
f 1176 1326 1175
f 1177 1328 1327
f 1177 1327 1176
f 1178 1329 1328
f 1178 1328 1177
f 1179 1330 1329
f 1179 1329 1178
f 1180 1331 1330
f 1180 1330 1179
f 1181 1332 1331
f 1181 1331 1180
f 1182 1333 1332
f 1182 1332 1181
f 1183 1334 1333
f 1183 1333 1182
f 1184 1335 1334
f 1184 1334 1183
f 1185 1336 1335
f 1185 1335 1184
f 1186 1337 1336
f 1186 1336 1185
f 1187 1338 1337
f 1187 1337 1186
f 1188 1339 1338
f 1188 1338 1187
f 1189 1340 1339
f 1189 1339 1188
f 1190 1341 1340
f 1190 1340 1189
f 1191 1342 1341
f 1191 1341 1190
f 1192 1343 1342
f 1192 1342 1191
f 1344 1343 1345
f 1344 1346 1343
f 1345 1192 1194
f 1345 1343 1192
f 1347 1346 1348
f 1347 1349 1346
f 1346 1344 1348
f 1350 1349 1351
f 1350 1352 1349
f 1349 1347 1351
f 1352 1353 1354
f 1352 1350 1353
f 1376 1378 1377
f 1376 1225 1378
f 1225 1376 1224
f 1378 1379 1380
f 1379 1225 1227
f 1379 1378 1225
f 1233 1231 1387
f 1312 1452 1453
f 1312 1453 1311
f 1313 1455 1456
f 1452 1313 1456
f 1452 1312 1313
f 1314 1458 1459
f 1455 1314 1459
f 1455 1313 1314
f 1315 1461 1462
f 1458 1315 1462
f 1458 1314 1315
f 1316 1464 1465
f 1461 1316 1465
f 1461 1315 1316
f 1317 1467 1468
f 1464 1317 1468
f 1464 1316 1317
f 1318 1470 1471
f 1467 1318 1471
f 1467 1317 1318
f 1319 1473 1474
f 1470 1319 1474
f 1470 1318 1319
f 1320 1476 1477
f 1473 1320 1477
f 1473 1319 1320
f 1321 1479 1480
f 1476 1321 1480
f 1476 1320 1321
f 1322 1482 1483
f 1479 1322 1483
f 1479 1321 1322
f 1323 1485 1486
f 1482 1323 1486
f 1482 1322 1323
f 1324 1488 1489
f 1485 1324 1489
f 1485 1323 1324
f 1325 1491 1492
f 1488 1325 1492
f 1488 1324 1325
f 1326 1494 1495
f 1491 1326 1495
f 1491 1325 1326
f 1327 1497 1498
f 1494 1327 1498
f 1494 1326 1327
f 1500 1502 1501
f 1500 1328 1502
f 1497 1328 1500
f 1497 1327 1328
f 1329 1503 1502
f 1329 1502 1328
f 1330 1504 1503
f 1330 1503 1329
f 1331 1505 1504
f 1331 1504 1330
f 1332 1506 1505
f 1332 1505 1331
f 1333 1507 1506
f 1333 1506 1332
f 1334 1508 1507
f 1334 1507 1333
f 1335 1509 1508
f 1335 1508 1334
f 1336 1510 1509
f 1336 1509 1335
f 1337 1511 1510
f 1337 1510 1336
f 1338 1512 1511
f 1338 1511 1337
f 1339 1513 1512
f 1339 1512 1338
f 1340 1514 1513
f 1340 1513 1339
f 1341 1515 1514
f 1341 1514 1340
f 1342 1516 1515
f 1342 1515 1341
f 1343 1517 1516
f 1343 1516 1342
f 1346 1518 1517
f 1346 1517 1343
f 1349 1519 1518
f 1349 1518 1346
f 1352 1520 1519
f 1352 1519 1349
f 1521 1520 1522
f 1521 1523 1520
f 1522 1352 1354
f 1522 1520 1352
f 1524 1523 1525
f 1524 1526 1523
f 1523 1521 1525
f 1527 1526 1528
f 1527 1529 1526
f 1526 1524 1528
f 1530 1529 1531
f 1530 1532 1529
f 1529 1527 1531
f 1533 1532 1534
f 1533 1535 1532
f 1532 1530 1534
f 1536 1535 1537
f 1536 1538 1535
f 1535 1533 1537
f 1539 1538 1540
f 1539 1541 1538
f 1538 1536 1540
f 1541 1542 1543
f 1541 1539 1542
f 1378 1558 1559
f 1378 1559 1377
f 1378 1380 1558
f 1502 1745 1746
f 1502 1746 1501
f 1503 1748 1749
f 1745 1503 1749
f 1745 1502 1503
f 1504 1751 1752
f 1748 1504 1752
f 1748 1503 1504
f 1505 1754 1755
f 1751 1505 1755
f 1751 1504 1505
f 1506 1757 1758
f 1754 1506 1758
f 1754 1505 1506
f 1507 1760 1761
f 1757 1507 1761
f 1757 1506 1507
f 1508 1763 1764
f 1760 1508 1764
f 1760 1507 1508
f 1509 1766 1767
f 1763 1509 1767
f 1763 1508 1509
f 1510 1769 1770
f 1766 1510 1770
f 1766 1509 1510
f 1511 1772 1773
f 1769 1511 1773
f 1769 1510 1511
f 1512 1775 1776
f 1772 1512 1776
f 1772 1511 1512
f 1513 1778 1779
f 1775 1513 1779
f 1775 1512 1513
f 1514 1781 1782
f 1778 1514 1782
f 1778 1513 1514
f 1515 1784 1785
f 1781 1515 1785
f 1781 1514 1515
f 1787 1789 1788
f 1787 1516 1789
f 1784 1516 1787
f 1784 1515 1516
f 1517 1790 1789
f 1517 1789 1516
f 1518 1791 1790
f 1518 1790 1517
f 1519 1792 1791
f 1519 1791 1518
f 1520 1793 1792
f 1520 1792 1519
f 1523 1794 1793
f 1523 1793 1520
f 1526 1795 1794
f 1526 1794 1523
f 1529 1796 1795
f 1529 1795 1526
f 1532 1797 1796
f 1532 1796 1529
f 1535 1798 1797
f 1535 1797 1532
f 1538 1799 1798
f 1538 1798 1535
f 1541 1800 1799
f 1541 1799 1538
f 1801 1800 1802
f 1801 1803 1800
f 1802 1541 1543
f 1802 1800 1541
f 1804 1803 1805
f 1804 1806 1803
f 1803 1801 1805
f 1807 1806 1808
f 1807 1809 1806
f 1806 1804 1808
f 1810 1809 1811
f 1810 1812 1809
f 1809 1807 1811
f 1813 1812 1814
f 1813 1815 1812
f 1812 1810 1814
f 1816 1815 1817
f 1816 1818 1815
f 1815 1813 1817
f 1819 1818 1820
f 1819 1821 1818
f 1818 1816 1820
f 1822 1821 1823
f 1822 1824 1821
f 1821 1819 1823
f 1824 1825 1826
f 1824 1822 1825
f 1789 2111 2112
f 1789 2112 1788
f 1790 2114 2115
f 2111 1790 2115
f 2111 1789 1790
f 1791 2117 2118
f 2114 1791 2118
f 2114 1790 1791
f 1792 2120 2121
f 2117 1792 2121
f 2117 1791 1792
f 1793 2123 2124
f 2120 1793 2124
f 2120 1792 1793
f 1794 2126 2127
f 2123 1794 2127
f 2123 1793 1794
f 1795 2129 2130
f 2126 1795 2130
f 2126 1794 1795
f 1796 2132 2133
f 2129 1796 2133
f 2129 1795 1796
f 1797 2135 2136
f 2132 1797 2136
f 2132 1796 1797
f 1798 2138 2139
f 2135 1798 2139
f 2135 1797 1798
f 1799 2141 2142
f 2138 1799 2142
f 2138 1798 1799
f 1800 2144 2145
f 2141 1800 2145
f 2141 1799 1800
f 2147 2149 2148
f 2147 1803 2149
f 2144 1803 2147
f 2144 1800 1803
f 1806 2150 2149
f 1806 2149 1803
f 1809 2151 2150
f 1809 2150 1806
f 1812 2152 2151
f 1812 2151 1809
f 1815 2153 2152
f 1815 2152 1812
f 1818 2154 2153
f 1818 2153 1815
f 1821 2155 2154
f 1821 2154 1818
f 1824 2156 2155
f 1824 2155 1821
f 2157 2156 2158
f 2157 2159 2156
f 2158 1824 1826
f 2158 2156 1824
f 2160 2159 2161
f 2160 2162 2159
f 2159 2157 2161
f 2163 2162 2164
f 2163 2165 2162
f 2162 2160 2164
f 2166 2165 2167
f 2166 2168 2165
f 2165 2163 2167
f 2168 2169 2170
f 2168 2166 2169
f 2149 2353 2354
f 2149 2354 2148
f 2150 2356 2357
f 2353 2150 2357
f 2353 2149 2150
f 2151 2359 2360
f 2356 2151 2360
f 2356 2150 2151
f 2152 2362 2363
f 2359 2152 2363
f 2359 2151 2152
f 2365 2367 2366
f 2365 2153 2367
f 2362 2153 2365
f 2362 2152 2153
f 2154 2368 2367
f 2154 2367 2153
f 2155 2369 2368
f 2155 2368 2154
f 2156 2370 2369
f 2156 2369 2155
f 2159 2371 2370
f 2159 2370 2156
f 2162 2372 2371
f 2162 2371 2159
f 2165 2373 2372
f 2165 2372 2162
f 2168 2374 2373
f 2168 2373 2165
f 2375 2374 2376
f 2375 2377 2374
f 2376 2168 2170
f 2376 2374 2168
f 2377 2378 2379
f 2377 2375 2378

#List of body polygons
f 309 311 310
f 309 312 311
f 312 309 313
f 314 315 311
f 314 311 312
f 316 317 315
f 316 315 314
f 318 319 317
f 318 317 316
f 621 622 623
f 624 621 625
f 624 626 621
f 621 623 625
f 627 626 628
f 627 629 626
f 626 624 628
f 630 629 631
f 630 632 629
f 629 627 631
f 311 633 632
f 310 632 630
f 310 311 632
f 315 634 633
f 315 633 311
f 317 635 634
f 317 634 315
f 319 636 635
f 319 635 317
f 857 858 859
f 860 857 861
f 860 862 857
f 857 859 861
f 863 862 864
f 863 865 862
f 862 860 864
f 866 865 867
f 866 868 865
f 865 863 867
f 869 868 870
f 869 871 868
f 868 866 870
f 872 871 873
f 872 874 871
f 871 869 873
f 875 874 876
f 875 877 874
f 874 872 876
f 878 877 879
f 878 880 877
f 877 875 879
f 881 880 882
f 881 883 880
f 880 878 882
f 621 884 883
f 622 883 881
f 622 621 883
f 626 885 884
f 626 884 621
f 629 886 885
f 629 885 626
f 632 887 886
f 632 886 629
f 633 888 887
f 633 887 632
f 634 889 888
f 634 888 633
f 635 890 889
f 635 889 634
f 636 891 890
f 636 890 635
f 1041 1042 1043
f 1044 1041 1045
f 1044 1046 1041
f 1041 1043 1045
f 1047 1046 1048
f 1047 1049 1046
f 1046 1044 1048
f 1050 1049 1051
f 1050 1052 1049
f 1049 1047 1051
f 1053 1052 1054
f 1053 1055 1052
f 1052 1050 1054
f 1056 1055 1057
f 1056 1058 1055
f 1055 1053 1057
f 1059 1058 1060
f 1059 1061 1058
f 1058 1056 1060
f 857 1062 1061
f 858 1061 1059
f 858 857 1061
f 862 1063 1062
f 862 1062 857
f 865 1064 1063
f 865 1063 862
f 868 1065 1064
f 868 1064 865
f 871 1066 1065
f 871 1065 868
f 874 1067 1066
f 874 1066 871
f 877 1068 1067
f 877 1067 874
f 880 1069 1068
f 880 1068 877
f 883 1070 1069
f 883 1069 880
f 884 1071 1070
f 884 1070 883
f 885 1072 1071
f 885 1071 884
f 886 1073 1072
f 886 1072 885
f 887 1074 1073
f 887 1073 886
f 888 1075 1074
f 888 1074 887
f 1077 889 1078
f 1077 1075 889
f 889 1075 888
f 1079 1081 1080
f 1079 890 1081
f 1078 890 1079
f 1078 889 890
f 891 1082 1081
f 891 1081 890
f 1193 1194 1195
f 1196 1193 1197
f 1196 1198 1193
f 1193 1195 1197
f 1199 1198 1200
f 1199 1201 1198
f 1198 1196 1200
f 1041 1202 1201
f 1042 1201 1199
f 1042 1041 1201
f 1046 1203 1202
f 1046 1202 1041
f 1049 1204 1203
f 1049 1203 1046
f 1052 1205 1204
f 1052 1204 1049
f 1055 1206 1205
f 1055 1205 1052
f 1058 1207 1206
f 1058 1206 1055
f 1061 1208 1207
f 1061 1207 1058
f 1062 1209 1208
f 1062 1208 1061
f 1063 1210 1209
f 1063 1209 1062
f 1064 1211 1210
f 1064 1210 1063
f 1065 1212 1211
f 1065 1211 1064
f 1066 1213 1212
f 1066 1212 1065
f 1067 1214 1213
f 1067 1213 1066
f 1068 1215 1214
f 1068 1214 1067
f 1069 1216 1215
f 1069 1215 1068
f 1070 1217 1216
f 1070 1216 1069
f 1071 1218 1217
f 1071 1217 1070
f 1072 1219 1218
f 1072 1218 1071
f 1073 1220 1219
f 1073 1219 1072
f 1074 1221 1220
f 1074 1220 1073
f 1075 1222 1221
f 1075 1221 1074
f 1222 1223 1224
f 1223 1075 1077
f 1223 1222 1075
f 1226 1228 1227
f 1226 1081 1228
f 1081 1226 1080
f 1082 1229 1228
f 1082 1228 1081
f 1193 1344 1345
f 1193 1345 1194
f 1198 1347 1348
f 1344 1198 1348
f 1344 1193 1198
f 1201 1350 1351
f 1347 1201 1351
f 1347 1198 1201
f 1353 1355 1354
f 1353 1202 1355
f 1350 1202 1353
f 1350 1201 1202
f 1203 1356 1355
f 1203 1355 1202
f 1204 1357 1356
f 1204 1356 1203
f 1205 1358 1357
f 1205 1357 1204
f 1206 1359 1358
f 1206 1358 1205
f 1207 1360 1359
f 1207 1359 1206
f 1208 1361 1360
f 1208 1360 1207
f 1209 1362 1361
f 1209 1361 1208
f 1210 1363 1362
f 1210 1362 1209
f 1211 1364 1363
f 1211 1363 1210
f 1212 1365 1364
f 1212 1364 1211
f 1213 1366 1365
f 1213 1365 1212
f 1214 1367 1366
f 1214 1366 1213
f 1215 1368 1367
f 1215 1367 1214
f 1216 1369 1368
f 1216 1368 1215
f 1217 1370 1369
f 1217 1369 1216
f 1218 1371 1370
f 1218 1370 1217
f 1219 1372 1371
f 1219 1371 1218
f 1220 1373 1372
f 1220 1372 1219
f 1221 1374 1373
f 1221 1373 1220
f 1222 1375 1374
f 1222 1374 1221
f 1375 1376 1377
f 1376 1222 1224
f 1376 1375 1222
f 1379 1381 1380
f 1379 1228 1381
f 1228 1379 1227
f 1229 1382 1381
f 1229 1381 1228
f 1355 1521 1522
f 1355 1522 1354
f 1356 1524 1525
f 1521 1356 1525
f 1521 1355 1356
f 1357 1527 1528
f 1524 1357 1528
f 1524 1356 1357
f 1358 1530 1531
f 1527 1358 1531
f 1527 1357 1358
f 1359 1533 1534
f 1530 1359 1534
f 1530 1358 1359
f 1360 1536 1537
f 1533 1360 1537
f 1533 1359 1360
f 1361 1539 1540
f 1536 1361 1540
f 1536 1360 1361
f 1542 1544 1543
f 1542 1362 1544
f 1539 1362 1542
f 1539 1361 1362
f 1363 1545 1544
f 1363 1544 1362
f 1364 1546 1545
f 1364 1545 1363
f 1365 1547 1546
f 1365 1546 1364
f 1366 1548 1547
f 1366 1547 1365
f 1367 1549 1548
f 1367 1548 1366
f 1368 1550 1549
f 1368 1549 1367
f 1369 1551 1550
f 1369 1550 1368
f 1370 1552 1551
f 1370 1551 1369
f 1371 1553 1552
f 1371 1552 1370
f 1372 1554 1553
f 1372 1553 1371
f 1373 1555 1554
f 1373 1554 1372
f 1374 1556 1555
f 1374 1555 1373
f 1375 1557 1556
f 1375 1556 1374
f 1558 1557 1559
f 1558 1560 1557
f 1559 1375 1377
f 1559 1557 1375
f 1381 1561 1560
f 1380 1560 1558
f 1380 1381 1560
f 1382 1562 1561
f 1382 1561 1381
f 1544 1801 1802
f 1544 1802 1543
f 1545 1804 1805
f 1801 1545 1805
f 1801 1544 1545
f 1546 1807 1808
f 1804 1546 1808
f 1804 1545 1546
f 1547 1810 1811
f 1807 1547 1811
f 1807 1546 1547
f 1548 1813 1814
f 1810 1548 1814
f 1810 1547 1548
f 1549 1816 1817
f 1813 1549 1817
f 1813 1548 1549
f 1550 1819 1820
f 1816 1550 1820
f 1816 1549 1550
f 1551 1822 1823
f 1819 1551 1823
f 1819 1550 1551
f 1825 1827 1826
f 1825 1552 1827
f 1822 1552 1825
f 1822 1551 1552
f 1553 1828 1827
f 1553 1827 1552
f 1554 1829 1828
f 1554 1828 1553
f 1555 1830 1829
f 1555 1829 1554
f 1556 1831 1830
f 1556 1830 1555
f 1557 1832 1831
f 1557 1831 1556
f 1560 1833 1832
f 1560 1832 1557
f 1561 1834 1833
f 1561 1833 1560
f 1562 1835 1834
f 1562 1834 1561
f 1827 2157 2158
f 1827 2158 1826
f 1828 2160 2161
f 2157 1828 2161
f 2157 1827 1828
f 1829 2163 2164
f 2160 1829 2164
f 2160 1828 1829
f 1830 2166 2167
f 2163 1830 2167
f 2163 1829 1830
f 2169 2171 2170
f 2169 1831 2171
f 2166 1831 2169
f 2166 1830 1831
f 1832 2172 2171
f 1832 2171 1831
f 1833 2173 2172
f 1833 2172 1832
f 1834 2174 2173
f 1834 2173 1833
f 1835 2175 2174
f 1835 2174 1834
f 2171 2375 2376
f 2171 2376 2170
f 2378 2380 2379
f 2378 2172 2380
f 2375 2172 2378
f 2375 2171 2172
f 2173 2381 2380
f 2173 2380 2172
f 2174 2382 2381
f 2174 2381 2173
f 2175 2383 2382
f 2175 2382 2174

#List of body lines
l 2384 2385
l 2385 2386
l 2386 2387
l 2387 2388
l 2388 2389
l 2389 2390
l 2390 2391
l 2391 2392
l 2392 2393
l 2393 2394
l 2385 2395
l 2395 2396
l 2396 2386
l 2386 2397
l 2397 2388
l 2388 2398
l 2398 2390
l 2390 2399
l 2399 2392
l 2392 2400
l 2400 2401
l 2401 2393
l 2395 2402
l 2402 2403
l 2403 2396
l 2396 2404
l 2404 2397
l 2397 2405
l 2405 2398
l 2398 2406
l 2406 2399
l 2399 2407
l 2407 2400
l 2400 2408
l 2408 2409
l 2409 2401
l 2402 2410
l 2410 2411
l 2411 2403
l 2403 2412
l 2412 2404
l 2404 2413
l 2413 2405
l 2405 2414
l 2414 2406
l 2406 2415
l 2415 2407
l 2407 2416
l 2416 2408
l 2408 2417
l 2417 2418
l 2418 2409
l 2410 2419
l 2419 2420
l 2420 2411
l 2411 2421
l 2421 2412
l 2412 2422
l 2422 2413
l 2413 2423
l 2423 2414
l 2414 2424
l 2424 2415
l 2415 2425
l 2425 2416
l 2416 2426
l 2426 2417
l 2417 2427
l 2427 2428
l 2428 2418
l 2419 2429
l 2429 2430
l 2430 2420
l 2420 2431
l 2431 2421
l 2421 2432
l 2432 2422
l 2422 2433
l 2433 2423
l 2423 2434
l 2434 2424
l 2424 2435
l 2435 2425
l 2425 2436
l 2436 2426
l 2426 2437
l 2437 2427
l 2427 2438
l 2438 2439
l 2439 2428
l 2429 2440
l 2440 2441
l 2441 2430
l 2430 2442
l 2442 2431
l 2431 2443
l 2443 2432
l 2432 2444
l 2444 2433
l 2433 2445
l 2445 2434
l 2434 2446
l 2446 2435
l 2435 2447
l 2447 2436
l 2436 2448
l 2448 2437
l 2437 2449
l 2449 2438
l 2438 2450
l 2450 2451
l 2451 2439
l 2440 2452
l 2452 2453
l 2453 2441
l 2441 2454
l 2454 2442
l 2442 2455
l 2455 2443
l 2443 2456
l 2456 2444
l 2444 2457
l 2457 2445
l 2445 2458
l 2458 2446
l 2446 2459
l 2459 2447
l 2447 2460
l 2460 2448
l 2448 2461
l 2461 2449
l 2449 2462
l 2462 2450
l 2452 2463
l 2463 2464
l 2464 2453
l 2453 2465
l 2465 2454
l 2454 2466
l 2466 2455
l 2455 2467
l 2467 2456
l 2456 2468
l 2468 2457
l 2457 2469
l 2469 2458
l 2458 2470
l 2470 2459
l 2459 2471
l 2471 2460
l 2460 2472
l 2472 2461
l 2461 2473
l 2473 2462
l 2463 2474
l 2474 2475
l 2475 2464
l 2464 2476
l 2476 2465
l 2465 2477
l 2477 2466
l 2466 2478
l 2478 2467
l 2467 2479
l 2479 2468
l 2468 2480
l 2480 2469
l 2469 2481
l 2481 2470
l 2470 2482
l 2482 2471
l 2471 2483
l 2483 2472
l 2472 2484
l 2484 2473
l 2474 2485
l 2485 2486
l 2486 2475
l 2475 2487
l 2487 2476
l 2476 2488
l 2488 2477
l 2477 2489
l 2489 2478
l 2478 2490
l 2490 2479
l 2479 2491
l 2491 2480
l 2480 2492
l 2492 2481
l 2481 2493
l 2493 2482
l 2482 2494
l 2494 2483
l 2483 2495
l 2495 2484
l 2485 2496
l 2496 2497
l 2497 2486
l 2486 2498
l 2498 2487
l 2487 2499
l 2499 2488
l 2488 2500
l 2500 2489
l 2489 2501
l 2501 2490
l 2490 2502
l 2502 2491
l 2491 2503
l 2503 2492
l 2492 2504
l 2504 2493
l 2493 2505
l 2505 2494
l 2494 2506
l 2506 2495
l 2496 2507
l 2507 2508
l 2508 2497
l 2497 2509
l 2509 2498
l 2498 2510
l 2510 2499
l 2499 2511
l 2511 2500
l 2500 2512
l 2512 2501
l 2501 2513
l 2513 2502
l 2502 2514
l 2514 2503
l 2503 2515
l 2515 2504
l 2504 2516
l 2516 2505
l 2505 2517
l 2517 2506
l 2507 2518
l 2518 2519
l 2519 2508
l 2508 2520
l 2520 2509
l 2509 2521
l 2521 2510
l 2510 2522
l 2522 2511
l 2511 2523
l 2523 2512
l 2512 2524
l 2524 2513
l 2513 2525
l 2525 2514
l 2514 2526
l 2526 2515
l 2515 2527
l 2527 2516
l 2516 2528
l 2528 2517
l 2518 2529
l 2529 2530
l 2530 2519
l 2519 2531
l 2531 2520
l 2520 2532
l 2532 2521
l 2521 2533
l 2533 2522
l 2522 2534
l 2534 2523
l 2523 2535
l 2535 2524
l 2524 2536
l 2536 2525
l 2525 2537
l 2537 2526
l 2526 2538
l 2538 2527
l 2527 2539
l 2539 2528
l 2529 2540
l 2540 2541
l 2541 2530
l 2530 2542
l 2542 2531
l 2531 2543
l 2543 2532
l 2532 2544
l 2544 2533
l 2533 2545
l 2545 2534
l 2534 2546
l 2546 2535
l 2535 2547
l 2547 2536
l 2536 2548
l 2548 2537
l 2537 2549
l 2549 2538
l 2538 2550
l 2550 2539
l 2540 2551
l 2551 2552
l 2552 2541
l 2541 2553
l 2553 2542
l 2542 2554
l 2554 2543
l 2543 2555
l 2555 2544
l 2544 2556
l 2556 2545
l 2545 2557
l 2557 2546
l 2546 2558
l 2558 2547
l 2547 2559
l 2559 2548
l 2548 2560
l 2560 2549
l 2549 2561
l 2561 2550
l 2551 2562
l 2562 2563
l 2563 2552
l 2552 2564
l 2564 2553
l 2553 2565
l 2565 2554
l 2554 2566
l 2566 2555
l 2555 2567
l 2567 2556
l 2556 2568
l 2568 2557
l 2557 2569
l 2569 2558
l 2558 2570
l 2570 2559
l 2559 2571
l 2571 2560
l 2560 2572
l 2572 2561
l 2562 2573
l 2573 2574
l 2574 2563
l 2563 2575
l 2575 2564
l 2564 2576
l 2576 2565
l 2565 2577
l 2577 2566
l 2566 2578
l 2578 2567
l 2567 2579
l 2579 2568
l 2568 2580
l 2580 2569
l 2569 2581
l 2581 2570
l 2570 2582
l 2582 2571
l 2571 2583
l 2583 2572
l 2573 2584
l 2584 2585
l 2585 2574
l 2574 2586
l 2586 2575
l 2575 2587
l 2587 2576
l 2576 2588
l 2588 2577
l 2577 2589
l 2589 2578
l 2578 2590
l 2590 2579
l 2579 2591
l 2591 2580
l 2580 2592
l 2592 2581
l 2581 2593
l 2593 2582
l 2582 2594
l 2594 2583
l 2584 2595
l 2595 2596
l 2596 2585
l 2585 2597
l 2597 2586
l 2586 2598
l 2598 2587
l 2587 2599
l 2599 2588
l 2588 2600
l 2600 2589
l 2589 2601
l 2601 2590
l 2590 2602
l 2602 2591
l 2591 2603
l 2603 2592
l 2592 2604
l 2604 2593
l 2593 2605
l 2605 2594
l 2595 2606
l 2606 2607
l 2607 2596
l 2596 2608
l 2608 2597
l 2597 2609
l 2609 2598
l 2598 2610
l 2610 2599
l 2599 2611
l 2611 2600
l 2600 2612
l 2612 2601
l 2601 2613
l 2613 2602
l 2602 2614
l 2614 2603
l 2603 2615
l 2615 2604
l 2604 2616
l 2616 2605
l 2606 2617
l 2617 2618
l 2618 2607
l 2607 2619
l 2619 2608
l 2608 2620
l 2620 2609
l 2609 2621
l 2621 2610
l 2610 2622
l 2622 2611
l 2611 2623
l 2623 2612
l 2612 2624
l 2624 2613
l 2613 2625
l 2625 2614
l 2614 2626
l 2626 2615
l 2615 2627
l 2627 2616
l 2617 2628
l 2628 2629
l 2629 2618
l 2618 2630
l 2630 2619
l 2619 2631
l 2631 2620
l 2620 2632
l 2632 2621
l 2621 2633
l 2633 2622
l 2622 2634
l 2634 2623
l 2623 2635
l 2635 2624
l 2624 2636
l 2636 2625
l 2625 2637
l 2637 2626
l 2626 2638
l 2638 2627
l 2628 2639
l 2639 2640
l 2640 2629
l 2629 2641
l 2641 2630
l 2630 2642
l 2642 2631
l 2631 2643
l 2643 2632
l 2632 2644
l 2644 2633
l 2633 2645
l 2645 2634
l 2634 2646
l 2646 2635
l 2635 2647
l 2647 2636
l 2636 2648
l 2648 2637
l 2637 2649
l 2649 2638
l 2639 2650
l 2650 2651
l 2651 2640
l 2640 2652
l 2652 2641
l 2641 2653
l 2653 2642
l 2642 2654
l 2654 2643
l 2643 2655
l 2655 2644
l 2644 2656
l 2656 2645
l 2645 2657
l 2657 2646
l 2646 2658
l 2658 2647
l 2647 2659
l 2659 2648
l 2648 2660
l 2660 2649
l 2650 2661
l 2661 2662
l 2662 2651
l 2651 2663
l 2663 2652
l 2652 2664
l 2664 2653
l 2653 2665
l 2665 2654
l 2654 2666
l 2666 2655
l 2655 2667
l 2667 2656
l 2656 2668
l 2668 2657
l 2657 2669
l 2669 2658
l 2658 2670
l 2670 2659
l 2659 2671
l 2671 2660
l 2661 2672
l 2672 2673
l 2673 2662
l 2662 2674
l 2674 2663
l 2663 2675
l 2675 2664
l 2664 2676
l 2676 2665
l 2665 2677
l 2677 2666
l 2666 2678
l 2678 2667
l 2667 2679
l 2679 2668
l 2668 2680
l 2680 2669
l 2669 2681
l 2681 2670
l 2670 2682
l 2682 2671
l 2672 2683
l 2683 2684
l 2684 2673
l 2673 2685
l 2685 2674
l 2674 2686
l 2686 2675
l 2675 2687
l 2687 2676
l 2676 2688
l 2688 2677
l 2677 2689
l 2689 2678
l 2678 2690
l 2690 2679
l 2679 2691
l 2691 2680
l 2680 2692
l 2692 2681
l 2681 2693
l 2693 2682
l 2683 2694
l 2694 2695
l 2695 2684
l 2684 2696
l 2696 2685
l 2685 2697
l 2697 2686
l 2686 2698
l 2698 2687
l 2687 2699
l 2699 2688
l 2688 2700
l 2700 2689
l 2689 2701
l 2701 2690
l 2690 2702
l 2702 2691
l 2691 2703
l 2703 2692
l 2692 2704
l 2704 2693
l 2694 2705
l 2705 2706
l 2706 2695
l 2695 2707
l 2707 2696
l 2696 2708
l 2708 2697
l 2697 2709
l 2709 2698
l 2698 2710
l 2710 2699
l 2699 2711
l 2711 2700
l 2700 2712
l 2712 2701
l 2701 2713
l 2713 2702
l 2702 2714
l 2714 2703
l 2703 2715
l 2715 2704
l 2705 2716
l 2716 2717
l 2717 2706
l 2706 2718
l 2718 2707
l 2707 2719
l 2719 2708
l 2708 2720
l 2720 2709
l 2709 2721
l 2721 2710
l 2710 2722
l 2722 2711
l 2711 2723
l 2723 2712
l 2712 2724
l 2724 2713
l 2713 2725
l 2725 2714
l 2714 2726
l 2726 2715
l 2716 2727
l 2727 2728
l 2728 2717
l 2717 2729
l 2729 2718
l 2718 2730
l 2730 2719
l 2719 2731
l 2731 2720
l 2720 2732
l 2732 2721
l 2721 2733
l 2733 2722
l 2722 2734
l 2734 2723
l 2723 2735
l 2735 2724
l 2724 2736
l 2736 2725
l 2725 2737
l 2737 2726
l 2727 2738
l 2738 2739
l 2739 2728
l 2728 2740
l 2740 2729
l 2729 2741
l 2741 2730
l 2730 2742
l 2742 2731
l 2731 2743
l 2743 2732
l 2732 2744
l 2744 2733
l 2733 2745
l 2745 2734
l 2734 2746
l 2746 2735
l 2735 2747
l 2747 2736
l 2736 2748
l 2748 2737
l 2738 2749
l 2749 2750
l 2750 2739
l 2739 2751
l 2751 2740
l 2740 2752
l 2752 2741
l 2741 2753
l 2753 2742
l 2742 2754
l 2754 2743
l 2743 2755
l 2755 2744
l 2744 2756
l 2756 2745
l 2745 2757
l 2757 2746
l 2746 2758
l 2758 2747
l 2747 2759
l 2759 2748
l 2749 2760
l 2760 2761
l 2761 2750
l 2750 2762
l 2762 2751
l 2751 2763
l 2763 2752
l 2752 2764
l 2764 2753
l 2753 2765
l 2765 2754
l 2754 2766
l 2766 2755
l 2755 2767
l 2767 2756
l 2756 2768
l 2768 2757
l 2757 2769
l 2769 2758
l 2758 2770
l 2770 2759
l 2760 2771
l 2771 2772
l 2772 2761
l 2761 2773
l 2773 2762
l 2762 2774
l 2774 2763
l 2763 2775
l 2775 2764
l 2764 2776
l 2776 2765
l 2765 2777
l 2777 2766
l 2766 2778
l 2778 2767
l 2767 2779
l 2779 2768
l 2768 2780
l 2780 2769
l 2769 2781
l 2781 2770
l 2771 2782
l 2782 2783
l 2783 2772
l 2772 2784
l 2784 2773
l 2773 2785
l 2785 2774
l 2774 2786
l 2786 2775
l 2775 2787
l 2787 2776
l 2776 2788
l 2788 2777
l 2777 2789
l 2789 2778
l 2778 2790
l 2790 2779
l 2779 2791
l 2791 2780
l 2780 2792
l 2792 2781
l 2782 2793
l 2793 2794
l 2794 2783
l 2783 2795
l 2795 2784
l 2784 2796
l 2796 2785
l 2785 2797
l 2797 2786
l 2786 2798
l 2798 2787
l 2787 2799
l 2799 2788
l 2788 2800
l 2800 2789
l 2789 2801
l 2801 2790
l 2790 2802
l 2802 2791
l 2791 2803
l 2803 2792
l 2793 2804
l 2804 2805
l 2805 2794
l 2794 2806
l 2806 2795
l 2795 2807
l 2807 2796
l 2796 2808
l 2808 2797
l 2797 2809
l 2809 2798
l 2798 2810
l 2810 2799
l 2799 2811
l 2811 2800
l 2800 2812
l 2812 2801
l 2801 2813
l 2813 2802
l 2802 2814
l 2814 2803
l 2804 2815
l 2815 2816
l 2816 2805
l 2805 2817
l 2817 2806
l 2806 2818
l 2818 2807
l 2807 2819
l 2819 2808
l 2808 2820
l 2820 2809
l 2809 2821
l 2821 2810
l 2810 2822
l 2822 2811
l 2811 2823
l 2823 2812
l 2812 2824
l 2824 2813
l 2813 2825
l 2825 2814
l 2815 2826
l 2826 2827
l 2827 2816
l 2816 2828
l 2828 2817
l 2817 2829
l 2829 2818
l 2818 2830
l 2830 2819
l 2819 2831
l 2831 2820
l 2820 2832
l 2832 2821
l 2821 2833
l 2833 2822
l 2822 2834
l 2834 2823
l 2823 2835
l 2835 2824
l 2824 2836
l 2836 2825
l 2826 2837
l 2837 2838
l 2838 2827
l 2827 2839
l 2839 2828
l 2828 2840
l 2840 2829
l 2829 2841
l 2841 2830
l 2830 2842
l 2842 2831
l 2831 2843
l 2843 2832
l 2832 2844
l 2844 2833
l 2833 2845
l 2845 2834
l 2834 2846
l 2846 2835
l 2835 2847
l 2847 2836
l 2837 2848
l 2848 2849
l 2849 2838
l 2838 2850
l 2850 2839
l 2839 2851
l 2851 2840
l 2840 2852
l 2852 2841
l 2841 2853
l 2853 2842
l 2842 2854
l 2854 2843
l 2843 2855
l 2855 2844
l 2844 2856
l 2856 2845
l 2845 2857
l 2857 2846
l 2846 2858
l 2858 2847
l 2848 2859
l 2859 2860
l 2860 2849
l 2849 2861
l 2861 2850
l 2850 2862
l 2862 2851
l 2851 2863
l 2863 2852
l 2852 2864
l 2864 2853
l 2853 2865
l 2865 2854
l 2854 2866
l 2866 2855
l 2855 2867
l 2867 2856
l 2856 2868
l 2868 2857
l 2857 2869
l 2869 2858
l 2859 2870
l 2870 2871
l 2871 2860
l 2860 2872
l 2872 2861
l 2861 2873
l 2873 2862
l 2862 2874
l 2874 2863
l 2863 2875
l 2875 2864
l 2864 2876
l 2876 2865
l 2865 2877
l 2877 2866
l 2866 2878
l 2878 2867
l 2867 2879
l 2879 2868
l 2868 2880
l 2880 2869
l 2870 2881
l 2881 2882
l 2882 2871
l 2871 2883
l 2883 2872
l 2872 2884
l 2884 2873
l 2873 2885
l 2885 2874
l 2874 2886
l 2886 2875
l 2875 2887
l 2887 2876
l 2876 2888
l 2888 2877
l 2877 2889
l 2889 2878
l 2878 2890
l 2890 2879
l 2879 2891
l 2891 2880
l 2881 2892
l 2892 2893
l 2893 2882
l 2882 2894
l 2894 2883
l 2883 2895
l 2895 2884
l 2884 2896
l 2896 2885
l 2885 2897
l 2897 2886
l 2886 2898
l 2898 2887
l 2887 2899
l 2899 2888
l 2888 2900
l 2900 2889
l 2889 2901
l 2901 2890
l 2890 2902
l 2902 2891
l 2892 2903
l 2903 2904
l 2904 2893
l 2893 2905
l 2905 2894
l 2894 2906
l 2906 2895
l 2895 2907
l 2907 2896
l 2896 2908
l 2908 2897
l 2897 2909
l 2909 2898
l 2898 2910
l 2910 2899
l 2899 2911
l 2911 2900
l 2900 2912
l 2912 2901
l 2901 2913
l 2913 2902
l 2903 2914
l 2914 2915
l 2915 2904
l 2904 2916
l 2916 2905
l 2905 2917
l 2917 2906
l 2906 2918
l 2918 2907
l 2907 2919
l 2919 2908
l 2908 2920
l 2920 2909
l 2909 2921
l 2921 2910
l 2910 2922
l 2922 2911
l 2911 2923
l 2923 2912
l 2912 2924
l 2924 2913
l 2914 2925
l 2925 2926
l 2926 2915
l 2915 2927
l 2927 2916
l 2916 2928
l 2928 2917
l 2917 2929
l 2929 2918
l 2918 2930
l 2930 2919
l 2919 2931
l 2931 2920
l 2920 2932
l 2932 2921
l 2921 2933
l 2933 2922
l 2922 2934
l 2934 2923
l 2923 2935
l 2935 2924
l 2925 2936
l 2936 2937
l 2937 2926
l 2926 2938
l 2938 2927
l 2927 2939
l 2939 2928
l 2928 2940
l 2940 2929
l 2929 2941
l 2941 2930
l 2930 2942
l 2942 2931
l 2931 2943
l 2943 2932
l 2932 2944
l 2944 2933
l 2933 2945
l 2945 2934
l 2934 2946
l 2946 2935
l 2936 2947
l 2947 2948
l 2948 2937
l 2937 2949
l 2949 2938
l 2938 2950
l 2950 2939
l 2939 2951
l 2951 2940
l 2940 2952
l 2952 2941
l 2941 2953
l 2953 2942
l 2942 2954
l 2954 2943
l 2943 2955
l 2955 2944
l 2944 2956
l 2956 2945
l 2945 2957
l 2957 2946
l 2947 2958
l 2958 2959
l 2959 2948
l 2948 2960
l 2960 2949
l 2949 2961
l 2961 2950
l 2950 2962
l 2962 2951
l 2951 2963
l 2963 2952
l 2952 2964
l 2964 2953
l 2953 2965
l 2965 2954
l 2954 2966
l 2966 2955
l 2955 2967
l 2967 2956
l 2956 2968
l 2968 2957
l 2958 2969
l 2969 2970
l 2970 2959
l 2959 2971
l 2971 2960
l 2960 2972
l 2972 2961
l 2961 2973
l 2973 2962
l 2962 2974
l 2974 2963
l 2963 2975
l 2975 2964
l 2964 2976
l 2976 2965
l 2965 2977
l 2977 2966
l 2966 2978
l 2978 2967
l 2967 2979
l 2979 2968
l 2969 2980
l 2980 2981
l 2981 2970
l 2970 2982
l 2982 2971
l 2971 2983
l 2983 2972
l 2972 2984
l 2984 2973
l 2973 2985
l 2985 2974
l 2974 2986
l 2986 2975
l 2975 2987
l 2987 2976
l 2976 2988
l 2988 2977
l 2977 2989
l 2989 2978
l 2978 2990
l 2990 2979
l 2980 2991
l 2991 2992
l 2992 2981
l 2981 2993
l 2993 2982
l 2982 2994
l 2994 2983
l 2983 2995
l 2995 2984
l 2984 2996
l 2996 2985
l 2985 2997
l 2997 2986
l 2986 2998
l 2998 2987
l 2987 2999
l 2999 2988
l 2988 3000
l 3000 2989
l 2989 3001
l 3001 2990
l 2991 3002
l 3002 3003
l 3003 2992
l 2992 3004
l 3004 2993
l 2993 3005
l 3005 2994
l 2994 3006
l 3006 2995
l 2995 3007
l 3007 2996
l 2996 3008
l 3008 2997
l 2997 3009
l 3009 2998
l 2998 3010
l 3010 2999
l 2999 3011
l 3011 3000
l 3000 3012
l 3012 3001
l 3002 3013
l 3013 3014
l 3014 3003
l 3003 3015
l 3015 3004
l 3004 3016
l 3016 3005
l 3005 3017
l 3017 3006
l 3006 3018
l 3018 3007
l 3007 3019
l 3019 3008
l 3008 3020
l 3020 3009
l 3009 3021
l 3021 3010
l 3010 3022
l 3022 3011
l 3011 3023
l 3023 3012
l 3013 3024
l 3024 3025
l 3025 3014
l 3014 3026
l 3026 3015
l 3015 3027
l 3027 3016
l 3016 3028
l 3028 3017
l 3017 3029
l 3029 3018
l 3018 3030
l 3030 3019
l 3019 3031
l 3031 3020
l 3020 3032
l 3032 3021
l 3021 3033
l 3033 3022
l 3022 3034
l 3034 3023
l 3024 3035
l 3035 3036
l 3036 3025
l 3025 3037
l 3037 3026
l 3026 3038
l 3038 3027
l 3027 3039
l 3039 3028
l 3028 3040
l 3040 3029
l 3029 3041
l 3041 3030
l 3030 3042
l 3042 3031
l 3031 3043
l 3043 3032
l 3032 3044
l 3044 3033
l 3033 3045
l 3045 3034
l 3035 3046
l 3046 3047
l 3047 3036
l 3036 3048
l 3048 3037
l 3037 3049
l 3049 3038
l 3038 3050
l 3050 3039
l 3039 3051
l 3051 3040
l 3040 3052
l 3052 3041
l 3041 3053
l 3053 3042
l 3042 3054
l 3054 3043
l 3043 3055
l 3055 3044
l 3044 3056
l 3056 3045
l 3046 3057
l 3057 3058
l 3058 3047
l 3047 3059
l 3059 3048
l 3048 3060
l 3060 3049
l 3049 3061
l 3061 3050
l 3050 3062
l 3062 3051
l 3051 3063
l 3063 3052
l 3052 3064
l 3064 3053
l 3053 3065
l 3065 3054
l 3054 3066
l 3066 3055
l 3055 3067
l 3067 3056
l 3057 3068
l 3068 3069
l 3069 3058
l 3058 3070
l 3070 3059
l 3059 3071
l 3071 3060
l 3060 3072
l 3072 3061
l 3061 3073
l 3073 3062
l 3062 3074
l 3074 3063
l 3063 3075
l 3075 3064
l 3064 3076
l 3076 3065
l 3065 3077
l 3077 3066
l 3066 3078
l 3078 3067
l 3068 3079
l 3079 3080
l 3080 3069
l 3069 3081
l 3081 3070
l 3070 3082
l 3082 3071
l 3071 3083
l 3083 3072
l 3072 3084
l 3084 3073
l 3073 3085
l 3085 3074
l 3074 3086
l 3086 3075
l 3075 3087
l 3087 3076
l 3076 3088
l 3088 3077
l 3077 3089
l 3089 3078
l 3079 3090
l 3090 3091
l 3091 3080
l 3080 3092
l 3092 3081
l 3081 3093
l 3093 3082
l 3082 3094
l 3094 3083
l 3083 3095
l 3095 3084
l 3084 3096
l 3096 3085
l 3085 3097
l 3097 3086
l 3086 3098
l 3098 3087
l 3087 3099
l 3099 3088
l 3088 3100
l 3100 3089
l 3090 3101
l 3101 3102
l 3102 3091
l 3091 3103
l 3103 3092
l 3092 3104
l 3104 3093
l 3093 3105
l 3105 3094
l 3094 3106
l 3106 3095
l 3095 3107
l 3107 3096
l 3096 3108
l 3108 3097
l 3097 3109
l 3109 3098
l 3098 3110
l 3110 3099
l 3099 3111
l 3111 3100
l 3101 3112
l 3112 3113
l 3113 3102
l 3102 3114
l 3114 3103
l 3103 3115
l 3115 3104
l 3104 3116
l 3116 3105
l 3105 3117
l 3117 3106
l 3106 3118
l 3118 3107
l 3107 3119
l 3119 3108
l 3108 3120
l 3120 3109
l 3109 3121
l 3121 3110
l 3110 3122
l 3122 3111
l 3112 3123
l 3123 3124
l 3124 3113
l 3113 3125
l 3125 3114
l 3114 3126
l 3126 3115
l 3115 3127
l 3127 3116
l 3116 3128
l 3128 3117
l 3117 3129
l 3129 3118
l 3118 3130
l 3130 3119
l 3119 3131
l 3131 3120
l 3120 3132
l 3132 3121
l 3121 3133
l 3133 3122
l 3123 3134
l 3134 3135
l 3135 3124
l 3124 3136
l 3136 3125
l 3125 3137
l 3137 3126
l 3126 3138
l 3138 3127
l 3127 3139
l 3139 3128
l 3128 3140
l 3140 3129
l 3129 3141
l 3141 3130
l 3130 3142
l 3142 3131
l 3131 3143
l 3143 3132
l 3132 3144
l 3144 3133
l 3134 3145
l 3145 3146
l 3146 3135
l 3135 3147
l 3147 3136
l 3136 3148
l 3148 3137
l 3137 3149
l 3149 3138
l 3138 3150
l 3150 3139
l 3139 3151
l 3151 3140
l 3140 3152
l 3152 3141
l 3141 3153
l 3153 3142
l 3142 3154
l 3154 3143
l 3143 3155
l 3155 3144
l 3145 3156
l 3156 3157
l 3157 3146
l 3146 3158
l 3158 3147
l 3147 3159
l 3159 3148
l 3148 3160
l 3160 3149
l 3149 3161
l 3161 3150
l 3150 3162
l 3162 3151
l 3151 3163
l 3163 3152
l 3152 3164
l 3164 3153
l 3153 3165
l 3165 3154
l 3154 3166
l 3166 3155
l 3156 3167
l 3167 3168
l 3168 3157
l 3157 3169
l 3169 3158
l 3158 3170
l 3170 3159
l 3159 3171
l 3171 3160
l 3160 3172
l 3172 3161
l 3161 3173
l 3173 3162
l 3162 3174
l 3174 3163
l 3163 3175
l 3175 3164
l 3164 3176
l 3176 3165
l 3165 3177
l 3177 3166
l 3167 3178
l 3178 3179
l 3179 3168
l 3168 3180
l 3180 3169
l 3169 3181
l 3181 3170
l 3170 3182
l 3182 3171
l 3171 3183
l 3183 3172
l 3172 3184
l 3184 3173
l 3173 3185
l 3185 3174
l 3174 3186
l 3186 3175
l 3175 3187
l 3187 3176
l 3176 3188
l 3188 3177
l 3178 3189
l 3189 3190
l 3190 3179
l 3179 3191
l 3191 3180
l 3180 3192
l 3192 3181
l 3181 3193
l 3193 3182
l 3182 3194
l 3194 3183
l 3183 3195
l 3195 3184
l 3184 3196
l 3196 3185
l 3185 3197
l 3197 3186
l 3186 3198
l 3198 3187
l 3187 3199
l 3199 3188
l 3189 3200
l 3200 3201
l 3201 3190
l 3190 3202
l 3202 3191
l 3191 3203
l 3203 3192
l 3192 3204
l 3204 3193
l 3193 3205
l 3205 3194
l 3194 3206
l 3206 3195
l 3195 3207
l 3207 3196
l 3196 3208
l 3208 3197
l 3197 3209
l 3209 3198
l 3198 3210
l 3210 3199
l 3200 3211
l 3211 3212
l 3212 3201
l 3201 3213
l 3213 3202
l 3202 3214
l 3214 3203
l 3203 3215
l 3215 3204
l 3204 3216
l 3216 3205
l 3205 3217
l 3217 3206
l 3206 3218
l 3218 3207
l 3207 3219
l 3219 3208
l 3208 3220
l 3220 3209
l 3209 3221
l 3221 3210
l 3211 3222
l 3222 3223
l 3223 3212
l 3212 3224
l 3224 3213
l 3213 3225
l 3225 3214
l 3214 3226
l 3226 3215
l 3215 3227
l 3227 3216
l 3216 3228
l 3228 3217
l 3217 3229
l 3229 3218
l 3218 3230
l 3230 3219
l 3219 3231
l 3231 3220
l 3220 3232
l 3232 3221
l 3222 3233
l 3233 3234
l 3234 3223
l 3223 3235
l 3235 3224
l 3224 3236
l 3236 3225
l 3225 3237
l 3237 3226
l 3226 3238
l 3238 3227
l 3227 3239
l 3239 3228
l 3228 3240
l 3240 3229
l 3229 3241
l 3241 3230
l 3230 3242
l 3242 3231
l 3231 3243
l 3243 3232
l 3233 3244
l 3244 3245
l 3245 3234
l 3234 3246
l 3246 3235
l 3235 3247
l 3247 3236
l 3236 3248
l 3248 3237
l 3237 3249
l 3249 3238
l 3238 3250
l 3250 3239
l 3239 3251
l 3251 3240
l 3240 3252
l 3252 3241
l 3241 3253
l 3253 3242
l 3242 3254
l 3254 3243
l 3244 3255
l 3255 3256
l 3256 3245
l 3245 3257
l 3257 3246
l 3246 3258
l 3258 3247
l 3247 3259
l 3259 3248
l 3248 3260
l 3260 3249
l 3249 3261
l 3261 3250
l 3250 3262
l 3262 3251
l 3251 3263
l 3263 3252
l 3252 3264
l 3264 3253
l 3253 3265
l 3265 3254
l 3255 3266
l 3266 3267
l 3267 3256
l 3256 3268
l 3268 3257
l 3257 3269
l 3269 3258
l 3258 3270
l 3270 3259
l 3259 3271
l 3271 3260
l 3260 3272
l 3272 3261
l 3261 3273
l 3273 3262
l 3262 3274
l 3274 3263
l 3263 3275
l 3275 3264
l 3264 3276
l 3276 3265
l 3266 3277
l 3277 3278
l 3278 3267
l 3267 3279
l 3279 3268
l 3268 3280
l 3280 3269
l 3269 3281
l 3281 3270
l 3270 3282
l 3282 3271
l 3271 3283
l 3283 3272
l 3272 3284
l 3284 3273
l 3273 3285
l 3285 3274
l 3274 3286
l 3286 3275
l 3275 3287
l 3287 3276
l 3277 3288
l 3288 3289
l 3289 3278
l 3278 3290
l 3290 3279
l 3279 3291
l 3291 3280
l 3280 3292
l 3292 3281
l 3281 3293
l 3293 3282
l 3282 3294
l 3294 3283
l 3283 3295
l 3295 3284
l 3284 3296
l 3296 3285
l 3285 3297
l 3297 3286
l 3286 3298
l 3298 3287
l 3288 3299
l 3299 3300
l 3300 3289
l 3289 3301
l 3301 3290
l 3290 3302
l 3302 3291
l 3291 3303
l 3303 3292
l 3292 3304
l 3304 3293
l 3293 3305
l 3305 3294
l 3294 3306
l 3306 3295
l 3295 3307
l 3307 3296
l 3296 3308
l 3308 3297
l 3297 3309
l 3309 3298
l 3299 3310
l 3310 3311
l 3311 3300
l 3300 3312
l 3312 3301
l 3301 3313
l 3313 3302
l 3302 3314
l 3314 3303
l 3303 3315
l 3315 3304
l 3304 3316
l 3316 3305
l 3305 3317
l 3317 3306
l 3306 3318
l 3318 3307
l 3307 3319
l 3319 3308
l 3308 3320
l 3320 3309
l 3310 3321
l 3321 3322
l 3322 3311
l 3311 3323
l 3323 3312
l 3312 3324
l 3324 3313
l 3313 3325
l 3325 3314
l 3314 3326
l 3326 3315
l 3315 3327
l 3327 3316
l 3316 3328
l 3328 3317
l 3317 3329
l 3329 3318
l 3318 3330
l 3330 3319
l 3319 3331
l 3331 3320
l 3321 3332
l 3332 3333
l 3333 3322
l 3322 3334
l 3334 3323
l 3323 3335
l 3335 3324
l 3324 3336
l 3336 3325
l 3325 3337
l 3337 3326
l 3326 3338
l 3338 3327
l 3327 3339
l 3339 3328
l 3328 3340
l 3340 3329
l 3329 3341
l 3341 3330
l 3330 3342
l 3342 3331
l 3332 3343
l 3343 3344
l 3344 3333
l 3333 3345
l 3345 3334
l 3334 3346
l 3346 3335
l 3335 3347
l 3347 3336
l 3336 3348
l 3348 3337
l 3337 3349
l 3349 3338
l 3338 3350
l 3350 3339
l 3339 3351
l 3351 3340
l 3340 3352
l 3352 3341
l 3341 3353
l 3353 3342
l 3343 3354
l 3354 3355
l 3355 3344
l 3344 3356
l 3356 3345
l 3345 3357
l 3357 3346
l 3346 3358
l 3358 3347
l 3347 3359
l 3359 3348
l 3348 3360
l 3360 3349
l 3349 3361
l 3361 3350
l 3350 3362
l 3362 3351
l 3351 3363
l 3363 3352
l 3352 3364
l 3364 3353
l 3354 3365
l 3365 3366
l 3366 3355
l 3355 3367
l 3367 3356
l 3356 3368
l 3368 3357
l 3357 3369
l 3369 3358
l 3358 3370
l 3370 3359
l 3359 3371
l 3371 3360
l 3360 3372
l 3372 3361
l 3361 3373
l 3373 3362
l 3362 3374
l 3374 3363
l 3363 3375
l 3375 3364
l 3365 3376
l 3376 3377
l 3377 3366
l 3366 3378
l 3378 3367
l 3367 3379
l 3379 3368
l 3368 3380
l 3380 3369
l 3369 3381
l 3381 3370
l 3370 3382
l 3382 3371
l 3371 3383
l 3383 3372
l 3372 3384
l 3384 3373
l 3373 3385
l 3385 3374
l 3374 3386
l 3386 3375
l 3376 3387
l 3387 3388
l 3388 3377
l 3377 3389
l 3389 3378
l 3378 3390
l 3390 3379
l 3379 3391
l 3391 3380
l 3380 3392
l 3392 3381
l 3381 3393
l 3393 3382
l 3382 3394
l 3394 3383
l 3383 3395
l 3395 3384
l 3384 3396
l 3396 3385
l 3385 3397
l 3397 3386
l 3387 3398
l 3398 3399
l 3399 3388
l 3388 3400
l 3400 3389
l 3389 3401
l 3401 3390
l 3390 3402
l 3402 3391
l 3391 3403
l 3403 3392
l 3392 3404
l 3404 3393
l 3393 3405
l 3405 3394
l 3394 3406
l 3406 3395
l 3395 3407
l 3407 3396
l 3396 3408
l 3408 3397
l 3398 3409
l 3409 3410
l 3410 3399
l 3399 3411
l 3411 3400
l 3400 3412
l 3412 3401
l 3401 3413
l 3413 3402
l 3402 3414
l 3414 3403
l 3403 3415
l 3415 3404
l 3404 3416
l 3416 3405
l 3405 3417
l 3417 3406
l 3406 3418
l 3418 3407
l 3407 3419
l 3419 3408
l 3409 3420
l 3420 3421
l 3421 3410
l 3410 3422
l 3422 3411
l 3411 3423
l 3423 3412
l 3412 3424
l 3424 3413
l 3413 3425
l 3425 3414
l 3414 3426
l 3426 3415
l 3415 3427
l 3427 3416
l 3416 3428
l 3428 3417
l 3417 3429
l 3429 3418
l 3418 3430
l 3430 3419
l 3420 3431
l 3431 3432
l 3432 3421
l 3421 3433
l 3433 3422
l 3422 3434
l 3434 3423
l 3423 3435
l 3435 3424
l 3424 3436
l 3436 3425
l 3425 3437
l 3437 3426
l 3426 3438
l 3438 3427
l 3427 3439
l 3439 3428
l 3428 3440
l 3440 3429
l 3429 3441
l 3441 3430
l 3431 3442
l 3442 3443
l 3443 3432
l 3432 3444
l 3444 3433
l 3433 3445
l 3445 3434
l 3434 3446
l 3446 3435
l 3435 3447
l 3447 3436
l 3436 3448
l 3448 3437
l 3437 3449
l 3449 3438
l 3438 3450
l 3450 3439
l 3439 3451
l 3451 3440
l 3440 3452
l 3452 3441
l 3442 3453
l 3453 3454
l 3454 3443
l 3443 3455
l 3455 3444
l 3444 3456
l 3456 3445
l 3445 3457
l 3457 3446
l 3446 3458
l 3458 3447
l 3447 3459
l 3459 3448
l 3448 3460
l 3460 3449
l 3449 3461
l 3461 3450
l 3450 3462
l 3462 3451
l 3451 3463
l 3463 3452
l 3453 3464
l 3464 3465
l 3465 3454
l 3454 3466
l 3466 3455
l 3455 3467
l 3467 3456
l 3456 3468
l 3468 3457
l 3457 3469
l 3469 3458
l 3458 3470
l 3470 3459
l 3459 3471
l 3471 3460
l 3460 3472
l 3472 3461
l 3461 3473
l 3473 3462
l 3462 3474
l 3474 3463
l 3464 3475
l 3475 3476
l 3476 3465
l 3465 3477
l 3477 3466
l 3466 3478
l 3478 3467
l 3467 3479
l 3479 3468
l 3468 3480
l 3480 3469
l 3469 3481
l 3481 3470
l 3470 3482
l 3482 3471
l 3471 3483
l 3483 3472
l 3472 3484
l 3484 3473
l 3473 3485
l 3485 3474
l 3476 3486
l 3486 3477
l 3477 3487
l 3487 3478
l 3478 3488
l 3488 3479
l 3479 3489
l 3489 3480
l 3480 3490
l 3490 3481
l 3481 3491
l 3491 3482
l 3482 3492
l 3492 3483
l 3483 3493
l 3493 3484
l 3484 3494
l 3494 3485
l 3486 3495
l 3495 3487
l 3487 3496
l 3496 3488
l 3488 3497
l 3497 3489
l 3489 3498
l 3498 3490
l 3490 3499
l 3499 3491
l 3491 3500
l 3500 3492
l 3492 3501
l 3501 3493
l 3493 3502
l 3502 3494
l 3495 3503
l 3503 3496
l 3496 3504
l 3504 3497
l 3497 3505
l 3505 3498
l 3498 3506
l 3506 3499
l 3499 3507
l 3507 3500
l 3500 3508
l 3508 3501
l 3501 3509
l 3509 3502
l 3503 3510
l 3510 3504
l 3504 3511
l 3511 3505
l 3505 3512
l 3512 3506
l 3506 3513
l 3513 3507
l 3507 3514
l 3514 3508
l 3508 3515
l 3515 3509
l 3510 3516
l 3516 3511
l 3511 3517
l 3517 3512
l 3512 3518
l 3518 3513
l 3513 3519
l 3519 3514
l 3514 3520
l 3520 3515
l 3521 3522
l 3523 3521
l 3522 3524
l 3525 3522
l 3523 3525
l 3526 3523
l 3524 3527
l 3528 3524
l 3525 3528
l 3529 3525
l 3526 3529
l 3530 3526
l 3527 3516
l 3517 3527
l 3528 3517
l 3518 3528
l 3529 3518
l 3519 3529
l 3530 3519
l 3520 3530
l 2384 3531
l 2387 2384
l 3532 2387
l 2389 3532
l 3533 2389
l 2391 3533
l 2394 2391
l 3534 2394
l 3531 3535
l 3532 3531
l 3536 3532
l 3533 3536
l 3534 3533
l 3537 3534
l 3535 3538
l 3536 3535
l 3537 3536
l 3538 3537


