#OBJ File generated by Abaqus/CAE
#List of Vertices
v 1.30313e-06 0.0100007 -1.33887e-06
v 0.000223531 0.00977741 1.31182e-05
v 0.000315299 0.00999868 2.23113e-05
v 0.00443847 0.00999316 0.000349604
v 0.00314878 0.00682804 0.000214752
v 0.0085612 0.00998747 0.00067755
v 0.00607382 0.00387895 0.000416395
v 0.00999445 0.00998318 0.000792549
v 0.00997415 0.00332667 0.000720892
v 0.00899861 0.000930126 0.00061802
v 0.00996436 -4.43817e-05 0.000685446
v 0.0080236 -4.22425e-05 0.000686627
v 0.00215266 -3.54755e-05 0.000687221
v -1.58729e-05 -3.00918e-05 0.000688609
v -6.78743e-06 0.00367875 0.000432093
v 1.09237e-06 0.00955569 2.99871e-05
v 0.0122836 0.00767211 0.000706858
v 0.0126447 0.00998234 0.000727227
v 0.0167071 0.00998166 0.000624809
v 0.0157907 0.00413234 0.000574585
v 0.0199729 0.00998087 0.000541423
v 0.0199532 0.00474546 0.000476452
v 0.0193025 0.000589081 0.00044113
v 0.0199326 -4.63478e-05 0.000416886
v 0.0189619 -4.68047e-05 0.00044482
v 0.013574 -4.51754e-05 0.0005876
v 0.022384 0.00754443 0.000428108
v 0.0247315 0.0099803 0.000384594
v 0.0299484 0.00997803 0.000214835
v 0.0298994 -4.81581e-05 7.33926e-05
v 0.0398622 -4.98783e-05 -0.000341808
v 0.0398911 0.00468483 -0.000267812
v 0.038296 0.00153507 -0.000254546
v 0.0399213 0.00997891 -0.000187359
v 0.0371257 -5.20898e-05 -0.000227183
v 0.0421488 0.00772036 -0.000329729
v 0.0431628 0.0099785 -0.000341588
v 0.0498904 0.00997589 -0.000659795
v 0.0498241 -5.14447e-05 -0.000830917
v 0.0597813 -5.3755e-05 -0.00139143
v 0.0598585 0.00997546 -0.00121049
v 0.0697351 -5.38382e-05 -0.00202735
v 0.0698207 0.00997352 -0.00183267
v 0.0797754 0.00997302 -0.00252758
v 0.0720468 0.00997307 -0.00198582
v 0.0797347 0.00548508 -0.00262026
v 0.0796836 -5.5625e-05 -0.00273449
v 0.0896249 -5.62784e-05 -0.00351423
v 0.0896861 0.00597588 -0.00338561
v 0.0831425 0.00654473 -0.00286485
v 0.0897279 0.00997343 -0.00330063
v 0.0995617 -5.63139e-05 -0.00436923
v 0.0996402 0.00700313 -0.00421214
v 0.0928956 0.00674083 -0.00364332
v 0.0996738 0.00997119 -0.00414467
v 0.109491 -5.62422e-05 -0.00529672
v 0.109589 0.00810912 -0.00510585
v 0.102097 0.00749363 -0.0044269
v 0.109611 0.00996901 -0.00506115
v 0.119416 -5.95648e-05 -0.0062977
v 0.119533 0.00902227 -0.00607937
v 0.111205 0.00833945 -0.0052624
v 0.119545 0.00996959 -0.00605693
v 0.12933 -5.73556e-05 -0.00737404
v 0.129466 0.00975182 -0.00712878
v 0.120377 0.0091147 -0.00616687
v 0.129469 0.00996938 -0.00712491
v 0.129663 0.00976933 -0.00715223
v 0.133295 0.00996722 -0.0075644
v 0.139384 0.009968 -0.00826498
v 0.139238 -5.9447e-05 -0.00852103
v 0.149138 -5.99534e-05 -0.00974431
v 0.149292 0.0099681 -0.00948131
v 0.159028 -5.93861e-05 -0.0110411
v 0.159191 0.00996619 -0.0107695
v 0.168909 -6.12146e-05 -0.0124099
v 0.169081 0.00996492 -0.0121338
v 0.17878 -6.28101e-05 -0.0138521
v 0.178961 0.0099639 -0.0135714
v 0.188638 -6.15037e-05 -0.0153691
v 0.18883 0.00996271 -0.0150822
v 0.198488 -6.38227e-05 -0.0169579
v 0.198686 0.00996401 -0.0166677
v 0.208325 -6.40545e-05 -0.0186214
v 0.208531 0.00996426 -0.0183263
v 0.218148 -6.26758e-05 -0.020357
v 0.218362 0.00996308 -0.0200554
v 0.227962 -6.31158e-05 -0.0221684
v 0.228183 0.00996312 -0.0218617
v 0.237759 -6.27514e-05 -0.0240491
v 0.23799 0.00996091 -0.0237384
v 0.247548 -6.50236e-05 -0.0260056
v 0.247783 0.00996213 -0.0256911
v 0.257318 -6.43154e-05 -0.028033
v 0.257562 0.00996025 -0.0277142
v 0.267075 -6.40361e-05 -0.030135
v 0.267326 0.00996091 -0.0298133
v 0.276815 -6.4611e-05 -0.0323064
v 0.277073 0.00996071 -0.0319818
v 0.286543 -6.6492e-05 -0.0345526
v 0.286807 0.00995924 -0.0342248
v 0.296251 -6.69994e-05 -0.0368697
v 0.296524 0.00995908 -0.0365412
v 0.305944 -6.65967e-05 -0.0392604
v 0.306223 0.00995981 -0.0389287
v 0.315618 -6.5683e-05 -0.0417222
v 0.315906 0.00995801 -0.0413882
v 0.325276 -6.46543e-05 -0.0442578
v 0.325568 0.00995927 -0.0439203
v 0.334914 -6.69786e-05 -0.0468605
v 0.335213 0.00995723 -0.0465221
v 0.344535 -6.69811e-05 -0.0495387
v 0.344841 0.00995741 -0.0491992
v 0.354136 -6.51258e-05 -0.0522897
v 0.354445 0.00995944 -0.0519465
v 0.363717 -6.48112e-05 -0.0551098
v 0.364033 0.00995693 -0.0547638
v 0.373277 -6.63887e-05 -0.0579989
v 0.3736 0.00995843 -0.0576556
v 0.383146 0.00995763 -0.0606165
v 0.378689 0.00995974 -0.0592344
v 0.383141 0.00990131 -0.0606174
v 0.382817 -6.43818e-05 -0.0609627
v 0.392337 -6.50429e-05 -0.0639959
v 0.392661 0.00977201 -0.0636545
v 0.383198 0.00989917 -0.0606346
v 0.39267 0.00995698 -0.0636482
v 0.401831 -6.29402e-05 -0.0670991
v 0.40216 0.00963849 -0.0667626
v 0.392841 0.00976771 -0.0637116
v 0.40217 0.00995916 -0.0667523
v 0.411306 -6.42708e-05 -0.0702718
v 0.411634 0.00950334 -0.0699408
v 0.402464 0.00963505 -0.0668634
v 0.411649 0.0099578 -0.0699234
v 0.420758 -6.35282e-05 -0.0735174
v 0.421084 0.00936601 -0.0731894
v 0.412067 0.00949779 -0.0700886
v 0.421104 0.00995848 -0.0731673
v 0.430188 -6.416e-05 -0.076832
v 0.43051 0.00922314 -0.0765073
v 0.42165 0.00935837 -0.0733891
v 0.430539 0.00995777 -0.0764826
v 0.43959 -6.34981e-05 -0.0802146
v 0.439915 0.00907733 -0.0798986
v 0.431212 0.00921344 -0.076761
v 0.439946 0.00995831 -0.0798659
v 0.448971 -6.19626e-05 -0.0836705
v 0.449294 0.00892831 -0.0833584
v 0.440751 0.00906551 -0.0802061
v 0.449329 0.00995969 -0.0833199
v 0.458328 -6.2831e-05 -0.0871935
v 0.458647 0.00877249 -0.0868858
v 0.450272 0.00891128 -0.0837256
v 0.458688 0.0099615 -0.086845
v 0.467656 -6.07054e-05 -0.0907867
v 0.467974 0.00861544 -0.0904837
v 0.459766 0.00875604 -0.0873178
v 0.468022 0.0099605 -0.0904372
v 0.476961 -6.16846e-05 -0.0944474
v 0.477274 0.00845693 -0.0941525
v 0.469239 0.0085965 -0.0909841
v 0.477329 0.00996214 -0.0940998
v 0.486239 -6.04134e-05 -0.0981788
v 0.48655 0.00829054 -0.0978896
v 0.478691 0.00843231 -0.0947246
v 0.486611 0.00996023 -0.0978302
v 0.495489 -6.00674e-05 -0.101977
v 0.495797 0.0081217 -0.101696
v 0.488117 0.00826294 -0.0985347
v 0.495866 0.00996311 -0.101633
v 0.504714 -5.81851e-05 -0.105847
v 0.505017 0.00794719 -0.10557
v 0.497521 0.00808801 -0.10242
v 0.505094 0.00996172 -0.105501
v 0.513909 -5.79293e-05 -0.109781
v 0.514209 0.00776942 -0.109513
v 0.506897 0.00791285 -0.106378
v 0.514292 0.00996442 -0.10944
v 0.523079 -5.68719e-05 -0.113787
v 0.523372 0.00758803 -0.113525
v 0.51625 0.00772834 -0.110406
v 0.523461 0.00996502 -0.113444
v 0.532216 -5.52495e-05 -0.117858
v 0.532504 0.00740264 -0.117604
v 0.525577 0.00754273 -0.11451
v 0.532604 0.00996327 -0.117516
v 0.541328 -5.62953e-05 -0.121997
v 0.541608 0.00721008 -0.12175
v 0.53488 0.00734985 -0.118685
v 0.541716 0.00996452 -0.121657
v 0.55041 -5.46807e-05 -0.126206
v 0.550684 0.00701276 -0.125965
v 0.544157 0.00715214 -0.122934
v 0.550798 0.00996558 -0.125865
v 0.55946 -5.35221e-05 -0.130479
v 0.559727 0.00681316 -0.130248
v 0.553405 0.00695208 -0.127256
v 0.559851 0.00996612 -0.130142
v 0.568482 -5.31661e-05 -0.134822
v 0.568741 0.00660516 -0.134597
v 0.562628 0.00674343 -0.131648
v 0.568872 0.00996871 -0.134485
v 0.57747 -5.10335e-05 -0.139229
v 0.577724 0.00639399 -0.139014
v 0.571823 0.00652869 -0.136112
v 0.577864 0.0099672 -0.138894
v 0.586428 -5.03987e-05 -0.143703
v 0.586671 0.0061764 -0.143495
v 0.580991 0.00631021 -0.14065
v 0.58682 0.00996996 -0.143369
v 0.595353 -4.86286e-05 -0.148242
v 0.59559 0.00595224 -0.148044
v 0.59013 0.00608466 -0.14526
v 0.595747 0.009971 -0.147911
v 0.604249 -4.89295e-05 -0.152849
v 0.604473 0.00572411 -0.152659
v 0.599243 0.00585185 -0.149942
v 0.604642 0.00996986 -0.152518
v 0.613109 -4.58488e-05 -0.157522
v 0.613326 0.00548872 -0.15734
v 0.608326 0.00561425 -0.154696
v 0.613503 0.00997209 -0.157193
v 0.621936 -4.54426e-05 -0.162257
v 0.622146 0.00524543 -0.162087
v 0.617377 0.0053713 -0.159521
v 0.622331 0.00997162 -0.161932
v 0.630732 -4.50714e-05 -0.16706
v 0.630929 0.00499597 -0.166899
v 0.626402 0.00511662 -0.164417
v 0.631124 0.00997393 -0.166736
v 0.639491 -4.2223e-05 -0.171928
v 0.639678 0.00473314 -0.171775
v 0.635402 0.00485469 -0.169392
v 0.639883 0.0099758 -0.171607
v 0.648215 -4.00181e-05 -0.176859
v 0.648392 0.00445663 -0.176716
v 0.644374 0.004576 -0.174437
v 0.648607 0.009977 -0.17654
v 0.656906 -3.87272e-05 -0.181856
v 0.65707 0.00417398 -0.181721
v 0.653321 0.00428645 -0.179558
v 0.657296 0.0099773 -0.181537
v 0.665561 -3.85624e-05 -0.186915
v 0.665714 0.00389488 -0.186791
v 0.662232 0.00399656 -0.184749
v 0.665949 0.00997922 -0.1866
v 0.674181 -3.7004e-05 -0.192039
v 0.674323 0.00363063 -0.191925
v 0.671096 0.00371469 -0.19
v 0.674566 0.00997971 -0.191725
v 0.682762 -3.43133e-05 -0.197226
v 0.682894 0.00337381 -0.19712
v 0.679914 0.00344704 -0.195314
v 0.683146 0.00998132 -0.196915
v 0.691307 -3.34912e-05 -0.202476
v 0.69143 0.00311414 -0.20238
v 0.688685 0.00318568 -0.200689
v 0.69169 0.00998382 -0.202168
v 0.699818 -3.2066e-05 -0.20779
v 0.699927 0.00283717 -0.207702
v 0.697428 0.00291227 -0.206138
v 0.700197 0.00998408 -0.207484
v 0.708288 -3.01959e-05 -0.213166
v 0.708385 0.00251536 -0.21309
v 0.706163 0.00259919 -0.211672
v 0.708665 0.00998473 -0.212862
v 0.716721 -2.80818e-05 -0.218604
v 0.716801 0.00211829 -0.218539
v 0.714918 0.0022133 -0.21732
v 0.717097 0.0099856 -0.218304
v 0.725115 -2.59803e-05 -0.224105
v 0.72518 0.00169859 -0.224054
v 0.723669 0.00177821 -0.223058
v 0.725486 0.00998928 -0.223806
v 0.733472 -2.68484e-05 -0.229666
v 0.733525 0.00141562 -0.229623
v 0.73229 0.00145602 -0.228799
v 0.733838 0.00998999 -0.229369
v 0.741788 -2.5225e-05 -0.235288
v 0.741838 0.00138014 -0.235246
v 0.740675 0.00137746 -0.234461
v 0.742152 0.00999036 -0.234995
v 0.750063 -2.14424e-05 -0.240973
v 0.750117 0.00144274 -0.24093
v 0.748923 0.00142334 -0.240112
v 0.750423 0.00999291 -0.240681
v 0.758301 -2.12925e-05 -0.246718
v 0.758346 0.00131337 -0.24668
v 0.757245 0.00132247 -0.24591
v 0.758657 0.0099946 -0.24643
v 0.766496 -1.94101e-05 -0.252523
v 0.766529 0.000886991 -0.252499
v 0.765758 0.000925257 -0.25195
v 0.766848 0.00999513 -0.252236
v 0.774652 -1.59828e-05 -0.258392
v 0.774663 0.000303899 -0.258383
v 0.774387 0.000322924 -0.258183
v 0.774997 0.00999719 -0.258104
v 0.782764 -1.38874e-05 -0.264317
v 0.783105 0.0100006 -0.264034
v 0.778886 -1.61975e-05 -0.261483
v 0.790837 -1.33054e-05 -0.270303
v 0.791171 0.0100027 -0.270022
v 0.798866 -1.15617e-05 -0.276346
v 0.799195 0.0100031 -0.276067
v 0.806853 -8.67234e-06 -0.282451
v 0.807177 0.0100046 -0.282173
v 0.814795 -4.90762e-06 -0.288612
v 0.815113 0.010007 -0.288336
v 0.822698 -3.14903e-06 -0.294834
v 0.823007 0.0100102 -0.294559
v 0.830554 -7.40541e-07 -0.301112
v 0.830858 0.0100113 -0.300838
v 0.838368 -5.60807e-07 -0.307447
v 0.838665 0.0100129 -0.307176
v 0.846135 2.836e-06 -0.313839
v 0.846427 0.0100149 -0.313571
v 0.853859 3.77947e-06 -0.320287
v 0.854143 0.0100173 -0.320023
v 0.861537 7.79627e-06 -0.326795
v 0.861813 0.01002 -0.32653
v 0.86917 9.178e-06 -0.333357
v 0.869439 0.01002 -0.333092
v 0.876759 1.07581e-05 -0.339975
v 0.877017 0.010023 -0.339712
v 0.884298 1.52116e-05 -0.346649
v 0.884549 0.0100262 -0.346386
v 0.892036 0.0100266 -0.353115
v 0.887931 0.0100259 -0.349425
v 0.891974 0.00753329 -0.353181
v 0.891791 1.69622e-05 -0.353375
v 0.89924 1.88267e-05 -0.360159
v 0.899473 0.01003 -0.359898
v 0.898579 1.99631e-05 -0.359558
v 0.906638 2.35211e-05 -0.366995
v 0.906862 0.0100334 -0.366736
v 0.913992 2.55853e-05 -0.373887
v 0.914205 0.010037 -0.373628
v 0.921872 2.75319e-05 -0.380207
v 0.921874 0.0100369 -0.380182
v 0.0099937 0.0108256 0.000793884
v 0.00915335 0.0108258 0.000726686
v 0.00673412 0.0132538 0.000532317
v 0.00999469 0.0132496 0.000795829
v 0.00431349 0.0156788 0.000342297
v 0.00999692 0.0156715 0.000798527
v 0.00189546 0.0181041 0.000149517
v 0.00999599 0.0180946 0.00080312
v 2.79956e-06 0.020002 -1.00158e-06
v 0.00999602 0.019993 0.000803374
v 2.81894e-06 0.015417 -1.00111e-06
v 0.0199715 0.0199891 0.000560402
v 0.00999276 0.0130042 0.000796676
v 0.00999717 0.0176283 0.000800305
v 0.0243044 0.0156401 0.000411686
v 0.0240812 0.0199879 0.000428217
v 0.0299492 0.0199865 0.000240902
v 0.0399234 0.019983 -0.00015369
v 0.042822 0.0170736 -0.000301567
v 0.0424988 0.0199827 -0.000273873
v 0.049891 0.0199825 -0.000621183
v 0.0598577 0.0199806 -0.00116595
v 0.0698197 0.0199805 -0.00178622
v 0.0617017 0.0199816 -0.00128134
v 0.0698202 0.010792 -0.00182952
v 0.079776 0.0199815 -0.00248215
v 0.0897258 0.0199803 -0.00324907
v 0.0996725 0.0199795 -0.00409393
v 0.109611 0.0199788 -0.00501111
v 0.119543 0.0199776 -0.00600324
v 0.129468 0.0199757 -0.00707007
v 0.139384 0.0101871 -0.00826354
v 0.139172 0.0101813 -0.00823891
v 0.139386 0.0199758 -0.00821315
v 0.149293 0.0104524 -0.00947727
v 0.148821 0.0104436 -0.00942007
v 0.149294 0.0199743 -0.00942805
v 0.159193 0.0106453 -0.0107672
v 0.158528 0.0106362 -0.0106798
v 0.159192 0.0199739 -0.0107163
v 0.16908 0.0107829 -0.01213
v 0.168282 0.0107747 -0.0120202
v 0.169081 0.0199742 -0.0120804
v 0.17896 0.0108722 -0.0135665
v 0.178069 0.0108683 -0.0134377
v 0.178959 0.0199748 -0.0135176
v 0.188829 0.0109287 -0.0150773
v 0.187879 0.0109263 -0.0149314
v 0.188827 0.0199723 -0.0150263
v 0.198684 0.0109576 -0.0166592
v 0.197704 0.010961 -0.0165044
v 0.198685 0.0199723 -0.0166122
v 0.208531 0.0109697 -0.0183206
v 0.207537 0.0109721 -0.0181514
v 0.208532 0.0199713 -0.0182711
v 0.218363 0.010963 -0.0200506
v 0.217375 0.0109686 -0.0198768
v 0.218363 0.0199721 -0.0200018
v 0.228185 0.0109446 -0.0218566
v 0.227214 0.0109503 -0.0216778
v 0.228185 0.019971 -0.0218079
v 0.237991 0.0109176 -0.0237345
v 0.237047 0.010923 -0.0235521
v 0.237991 0.0199708 -0.0236858
v 0.247783 0.0108821 -0.0256863
v 0.246877 0.0108894 -0.0255064
v 0.247782 0.0199711 -0.0256355
v 0.257563 0.0108384 -0.0277116
v 0.256697 0.0108461 -0.0275313
v 0.257564 0.0199684 -0.0276605
v 0.267328 0.0107895 -0.0298091
v 0.26651 0.0107958 -0.0296309
v 0.267327 0.0199683 -0.0297562
v 0.277076 0.010735 -0.0319786
v 0.276311 0.0107441 -0.0318083
v 0.277074 0.0199705 -0.0319278
v 0.286808 0.0106778 -0.0342215
v 0.286101 0.0106846 -0.0340578
v 0.286808 0.0199684 -0.0341697
v 0.296524 0.0106146 -0.0365363
v 0.295878 0.010623 -0.0363826
v 0.296525 0.0199677 -0.0364848
v 0.306223 0.0105513 -0.0389259
v 0.305643 0.0105557 -0.0387811
v 0.306225 0.019968 -0.0388734
v 0.315904 0.0104814 -0.0413846
v 0.315394 0.0104856 -0.0412548
v 0.315905 0.0199688 -0.0413328
v 0.325569 0.0104077 -0.0439168
v 0.32513 0.010412 -0.0438014
v 0.325569 0.0199698 -0.0438657
v 0.335214 0.0103327 -0.0465211
v 0.334848 0.0103376 -0.0464223
v 0.335215 0.0199675 -0.046468
v 0.34484 0.010256 -0.0491979
v 0.34455 0.0102589 -0.0491163
v 0.344841 0.0199676 -0.0491429
v 0.354447 0.0101745 -0.0519456
v 0.354235 0.0101786 -0.0518848
v 0.354446 0.0199696 -0.0518905
v 0.364033 0.0100907 -0.0547632
v 0.363904 0.0100932 -0.0547265
v 0.364037 0.0199672 -0.0547105
v 0.373598 0.0100069 -0.057655
v 0.373554 0.0100053 -0.0576407
v 0.373601 0.0199688 -0.0575997
v 0.383146 0.0199681 -0.0605604
v 0.39267 0.0199678 -0.0635918
v 0.402174 0.0199674 -0.0666964
v 0.411652 0.0199695 -0.0698709
v 0.421107 0.0199706 -0.073114
v 0.43054 0.0199706 -0.0764283
v 0.43995 0.0199689 -0.0798116
v 0.449334 0.019971 -0.0832669
v 0.458692 0.0199708 -0.0867891
v 0.468026 0.0199707 -0.0903824
v 0.477335 0.0199705 -0.0940444
v 0.486615 0.0199726 -0.0977769
v 0.495871 0.0199737 -0.101579
v 0.505098 0.0199736 -0.105448
v 0.514297 0.0199747 -0.109385
v 0.523467 0.0199739 -0.113388
v 0.532611 0.0199737 -0.117463
v 0.541721 0.0199765 -0.121603
v 0.550806 0.0199764 -0.125813
v 0.559859 0.0199758 -0.130088
v 0.568879 0.0199773 -0.13443
v 0.577871 0.0199778 -0.13884
v 0.586829 0.0199797 -0.143316
v 0.595757 0.0199799 -0.147859
v 0.604649 0.019981 -0.152465
v 0.613511 0.0199826 -0.15714
v 0.622339 0.0199844 -0.16188
v 0.631134 0.0199835 -0.166684
v 0.639894 0.019985 -0.171554
v 0.648618 0.0199859 -0.176487
v 0.657305 0.0199888 -0.181486
v 0.66596 0.0199878 -0.186547
v 0.674578 0.0199911 -0.191676
v 0.683158 0.0199927 -0.196865
v 0.678481 0.0199918 -0.194036
v 0.683158 0.0199327 -0.196863
v 0.691702 0.0198186 -0.202118
v 0.683209 0.0199308 -0.196894
v 0.691703 0.0199925 -0.202117
v 0.70021 0.0196679 -0.207435
v 0.691853 0.0198149 -0.202212
v 0.700209 0.019993 -0.207431
v 0.708677 0.0194558 -0.212815
v 0.700489 0.0196619 -0.207613
v 0.708678 0.0199967 -0.212813
v 0.717107 0.0191635 -0.218255
v 0.709148 0.019438 -0.213118
v 0.717107 0.019998 -0.218252
v 0.725497 0.0188523 -0.223761
v 0.717828 0.0191371 -0.21873
v 0.725498 0.0199992 -0.223755
v 0.733852 0.0186384 -0.229327
v 0.726473 0.0188298 -0.224411
v 0.733852 0.0200005 -0.22932
v 0.742163 0.0185949 -0.234954
v 0.734978 0.0186415 -0.230089
v 0.742165 0.0200014 -0.234945
v 0.750436 0.0186083 -0.24064
v 0.743315 0.0186089 -0.235746
v 0.750438 0.0200018 -0.240631
v 0.758668 0.0185124 -0.246388
v 0.75159 0.0185996 -0.241444
v 0.758671 0.0200042 -0.24638
v 0.766859 0.0182722 -0.252197
v 0.759925 0.0184698 -0.247278
v 0.766862 0.0200056 -0.252188
v 0.77501 0.017983 -0.258067
v 0.768327 0.0182028 -0.253253
v 0.775012 0.0200087 -0.258058
v 0.783116 0.0177298 -0.263996
v 0.776715 0.0179039 -0.259315
v 0.78312 0.0200104 -0.263985
v 0.791185 0.0175315 -0.269986
v 0.785018 0.0176513 -0.265409
v 0.791189 0.0200107 -0.269974
v 0.799208 0.0173946 -0.276035
v 0.793225 0.0174649 -0.271525
v 0.799213 0.0200124 -0.276021
v 0.807188 0.0172909 -0.282139
v 0.80134 0.0173406 -0.277666
v 0.807193 0.0200151 -0.282126
v 0.815127 0.0171584 -0.288304
v 0.809394 0.0172331 -0.283852
v 0.815131 0.0200161 -0.288289
v 0.823022 0.0169491 -0.294527
v 0.817445 0.0170779 -0.290132
v 0.823027 0.020018 -0.294513
v 0.830872 0.0166676 -0.300809
v 0.825516 0.0168387 -0.296524
v 0.830878 0.0200205 -0.300794
v 0.838677 0.0163313 -0.307146
v 0.8336 0.016522 -0.303025
v 0.838683 0.0200237 -0.307131
v 0.846438 0.0159343 -0.313544
v 0.841694 0.0161313 -0.309634
v 0.846446 0.0200246 -0.313526
v 0.854153 0.0154428 -0.319998
v 0.849814 0.0156435 -0.316368
v 0.854162 0.0200259 -0.319976
v 0.861824 0.0148106 -0.326509
v 0.858001 0.0150047 -0.323265
v 0.861833 0.0200276 -0.326484
v 0.869446 0.0139792 -0.333074
v 0.866312 0.0141354 -0.330376
v 0.869459 0.0200295 -0.333048
v 0.877023 0.0128356 -0.339701
v 0.874836 0.0129122 -0.337789
v 0.877039 0.0200316 -0.339669
v 0.884552 0.0111301 -0.346383
v 0.883728 0.0111214 -0.345652
v 0.884572 0.0200339 -0.346344
v 0.892056 0.0200364 -0.353072
v 0.899494 0.020039 -0.359857
v 0.906885 0.020042 -0.366695
v 0.914229 0.0200451 -0.373588
v 0.921872 0.0200451 -0.380169
v 0.00999417 0.0299986 0.000805209
v 0.00451755 0.030001 0.0003642
v 0.0099955 0.0201453 0.000804646
v 2.45554e-06 0.0300043 1.68034e-07
v 0.0104924 0.0294984 0.000793226
v 0.0108105 0.0299981 0.000786754
v 0.0157313 0.0299964 0.000669042
v 0.0134864 0.0264944 0.000720137
v 0.0199735 0.0299956 0.000570092
v 0.0199725 0.028942 0.000569385
v 0.0164833 0.0234903 0.000644315
v 0.0199736 0.0212588 0.000560023
v 0.0194792 0.0204829 0.000572835
v 0.0153279 0.0199904 0.000672384
v 0.00999815 0.0227142 0.000804118
v 0.00999707 0.0260773 0.000803668
v 0.00999408 0.0294397 0.000805864
v 0.0214919 0.0284724 0.000519686
v 0.0243325 0.0299928 0.000434195
v 0.0299483 0.0299915 0.000259181
v 0.0399218 0.0299906 -0.000130339
v 0.0337241 0.0299925 0.000110204
v 0.0399227 0.02324 -0.000146803
v 0.0498895 0.0299915 -0.000596281
v 0.0598579 0.0299882 -0.00113754
v 0.0536106 0.029991 -0.000799555
v 0.0598586 0.0217528 -0.00116173
v 0.0698189 0.0299894 -0.00175621
v 0.0797758 0.0299886 -0.00244871
v 0.0897266 0.0299885 -0.00321659
v 0.0876334 0.0299881 -0.00305351
v 0.0897263 0.0293443 -0.00321673
v 0.0996724 0.0282563 -0.00406436
v 0.0904397 0.0292687 -0.00327747
v 0.0996729 0.0299858 -0.00405794
v 0.109611 0.0282188 -0.00498051
v 0.101406 0.0282401 -0.00422426
v 0.109611 0.0299862 -0.00497583
v 0.119542 0.0286644 -0.0059719
v 0.111309 0.0282751 -0.0051511
v 0.119543 0.0299863 -0.00596842
v 0.129469 0.0292722 -0.00703632
v 0.120798 0.0287185 -0.00610515
v 0.129466 0.0299856 -0.00703298
v 0.139385 0.0298715 -0.00817454
v 0.130144 0.029303 -0.00711474
v 0.139385 0.0299838 -0.00817472
v 0.139488 0.0298775 -0.00818658
v 0.141517 0.0299828 -0.00843507
v 0.149292 0.0299836 -0.00938969
v 0.139385 0.0299838 -0.00817472
v 0.15919 0.0299815 -0.0106763
v 0.169078 0.0299832 -0.0120401
v 0.178958 0.0299823 -0.0134779
v 0.188827 0.0299812 -0.0149887
v 0.198684 0.0299797 -0.0165723
v 0.208528 0.0299805 -0.0182302
v 0.218361 0.0299799 -0.0199608
v 0.228183 0.0299807 -0.0217683
v 0.23799 0.0299793 -0.0236458
v 0.247782 0.0299786 -0.0255949
v 0.257562 0.0299779 -0.0276207
v 0.267323 0.0299799 -0.029717
v 0.277072 0.0299782 -0.0318861
v 0.286807 0.0299784 -0.0341308
v 0.296523 0.029977 -0.0364445
v 0.306222 0.0299767 -0.0388315
v 0.315904 0.029977 -0.0412917
v 0.325566 0.0299776 -0.0438226
v 0.317483 0.0299793 -0.0417062
v 0.325567 0.0298183 -0.0438238
v 0.335212 0.029624 -0.0464287
v 0.325723 0.0298162 -0.0438671
v 0.335212 0.029978 -0.046427
v 0.344839 0.029422 -0.0491036
v 0.335561 0.0296155 -0.0465256
v 0.344838 0.0299778 -0.0491022
v 0.354445 0.0292211 -0.0518526
v 0.345383 0.0294101 -0.0492601
v 0.354446 0.0299767 -0.0518485
v 0.364033 0.029015 -0.0546731
v 0.35519 0.0292027 -0.0520723
v 0.364033 0.0299771 -0.0546674
v 0.3736 0.0288032 -0.0575627
v 0.364974 0.0289928 -0.0549571
v 0.373599 0.0299787 -0.057559
v 0.383146 0.0285913 -0.0605269
v 0.374744 0.028777 -0.0579185
v 0.383145 0.0299781 -0.0605194
v 0.392669 0.028373 -0.0635579
v 0.384496 0.0285578 -0.0609554
v 0.39267 0.029978 -0.0635529
v 0.402171 0.0281541 -0.0666611
v 0.39423 0.0283348 -0.0640681
v 0.402171 0.0299778 -0.0666543
v 0.41165 0.0279342 -0.0698367
v 0.403941 0.0281107 -0.0672556
v 0.411649 0.0299802 -0.0698281
v 0.421105 0.0277096 -0.0730811
v 0.413628 0.0278848 -0.0705156
v 0.421106 0.0299788 -0.0730713
v 0.430541 0.0274802 -0.0763971
v 0.423298 0.0276539 -0.073852
v 0.43054 0.0299793 -0.0763871
v 0.439949 0.0272484 -0.0797812
v 0.432948 0.0274174 -0.0772626
v 0.439947 0.0299811 -0.0797706
v 0.449333 0.0270167 -0.0832377
v 0.442573 0.0271808 -0.0807479
v 0.449333 0.0299809 -0.0832257
v 0.458691 0.0267791 -0.0867612
v 0.452177 0.0269407 -0.0843093
v 0.458692 0.0299815 -0.0867489
v 0.468027 0.0265379 -0.0903563
v 0.461755 0.0266968 -0.0879419
v 0.468027 0.0299823 -0.090343
v 0.477334 0.0262959 -0.0940192
v 0.471311 0.0264485 -0.0916488
v 0.477335 0.0299829 -0.0940058
v 0.486616 0.0260497 -0.0977517
v 0.480841 0.0261985 -0.095429
v 0.486614 0.0299831 -0.097735
v 0.495869 0.0258019 -0.101553
v 0.490348 0.0259462 -0.0992853
v 0.495871 0.0299824 -0.101536
v 0.505098 0.0255491 -0.105424
v 0.49983 0.0256884 -0.103214
v 0.505098 0.0299835 -0.105405
v 0.514297 0.0252938 -0.109362
v 0.509285 0.0254274 -0.107215
v 0.514297 0.029983 -0.109342
v 0.523469 0.0250356 -0.113369
v 0.51871 0.0251658 -0.11129
v 0.523468 0.0299835 -0.113347
v 0.532609 0.0247742 -0.117442
v 0.528113 0.0248974 -0.115438
v 0.532611 0.0299847 -0.117422
v 0.541722 0.0245092 -0.121585
v 0.537488 0.0246275 -0.119661
v 0.541724 0.0299861 -0.121563
v 0.550804 0.0242403 -0.125794
v 0.546835 0.0243527 -0.123954
v 0.550807 0.0299876 -0.125772
v 0.559859 0.0239673 -0.130071
v 0.556151 0.0240758 -0.128321
v 0.559858 0.0299887 -0.130047
v 0.568878 0.0236958 -0.134415
v 0.565441 0.0237935 -0.132759
v 0.56888 0.0299891 -0.134389
v 0.577872 0.0234162 -0.138827
v 0.574697 0.0235109 -0.137269
v 0.577871 0.0299885 -0.138798
v 0.586829 0.0231339 -0.143303
v 0.583927 0.0232218 -0.141853
v 0.586831 0.0299895 -0.143274
v 0.595757 0.0228491 -0.147848
v 0.593127 0.0229289 -0.146509
v 0.595759 0.0299917 -0.147819
v 0.604652 0.022559 -0.152456
v 0.602295 0.022632 -0.151234
v 0.604652 0.029992 -0.152425
v 0.613511 0.022268 -0.15713
v 0.611432 0.0223333 -0.156034
v 0.613515 0.0299929 -0.157101
v 0.62234 0.0219692 -0.161873
v 0.620539 0.0220261 -0.160904
v 0.622341 0.0299941 -0.161838
v 0.631134 0.0216581 -0.166678
v 0.629621 0.0217063 -0.16585
v 0.631135 0.0299954 -0.166643
v 0.639894 0.0213299 -0.171548
v 0.638679 0.0213724 -0.170873
v 0.639896 0.0299965 -0.171513
v 0.648618 0.0209914 -0.176484
v 0.647713 0.0210245 -0.175972
v 0.64862 0.0299971 -0.176446
v 0.657306 0.0206567 -0.181483
v 0.656707 0.0206774 -0.181137
v 0.657312 0.029997 -0.181445
v 0.66596 0.0203517 -0.186545
v 0.665636 0.0203652 -0.186357
v 0.665965 0.0299986 -0.186508
v 0.674579 0.0200954 -0.191675
v 0.674486 0.0200974 -0.191618
v 0.674583 0.0300017 -0.191636
v 0.683164 0.0300006 -0.196823
v 0.691709 0.0300032 -0.202079
v 0.700215 0.0300039 -0.207393
v 0.708685 0.0300051 -0.212773
v 0.717115 0.0300066 -0.218214
v 0.725506 0.0300083 -0.223716
v 0.73386 0.03001 -0.229283
v 0.742172 0.0300114 -0.234907
v 0.750446 0.0300124 -0.240595
v 0.758678 0.0300154 -0.246343
v 0.766872 0.0300149 -0.252151
v 0.77502 0.0300189 -0.25802
v 0.78313 0.0300189 -0.263948
v 0.791199 0.0300203 -0.269938
v 0.799222 0.0300232 -0.275984
v 0.807204 0.0300244 -0.28209
v 0.815142 0.0300267 -0.288255
v 0.82304 0.0300271 -0.294478
v 0.83089 0.0300284 -0.300757
v 0.838696 0.0300303 -0.307095
v 0.846459 0.0300329 -0.313492
v 0.854175 0.0300359 -0.319943
v 0.861848 0.0300365 -0.326452
v 0.869473 0.0300403 -0.333018
v 0.877052 0.0300416 -0.339637
v 0.884587 0.0300431 -0.346313
v 0.892072 0.0300448 -0.353042
v 0.899511 0.0300467 -0.359827
v 0.906901 0.0300489 -0.366664
v 0.914246 0.0300516 -0.373558
v 0.912696 0.0300509 -0.372103
v 0.914244 0.0292431 -0.373559
v 0.914646 0.0295259 -0.373904
v 0.915031 0.0300525 -0.37424
v 0.921863 0.0300546 -0.380166
v 0.00999506 0.0378937 0.000806816
v 0.00545056 0.0345492 0.000439834
v 3.17448e-06 0.0400074 -5.1188e-07
v 0.00999497 0.0400015 0.000806852
v 0.0107162 0.0392791 0.000789053
v 0.0112194 0.0400013 0.000778656
v 0.0167213 0.0400022 0.000649922
v 0.01395 0.0360376 0.000710988
v 0.0199725 0.0399996 0.000575618
v 0.0199736 0.0367813 0.000572581
v 0.0171829 0.0327929 0.000637256
v 0.0225457 0.0374194 0.000492693
v 0.0236877 0.0399989 0.000460462
v 0.0299497 0.0399979 0.000267019
v 0.029948 0.0336272 0.000261796
v 0.028837 0.0311075 0.000293357
v 0.0399206 0.0399981 -0.000118386
v 0.0498904 0.0399974 -0.000580917
v 0.0487598 0.0399986 -0.000530241
v 0.0498912 0.0374865 -0.000584352
v 0.0598537 0.039998 -0.00111966
v 0.0698154 0.0399972 -0.00173505
v 0.079775 0.0399941 -0.00242709
v 0.0727758 0.0399952 -0.00194025
v 0.0797727 0.0336388 -0.00243945
v 0.0897241 0.039995 -0.0031931
v 0.0996708 0.0399931 -0.0040353
v 0.109607 0.0399945 -0.00495109
v 0.11954 0.0399923 -0.00594269
v 0.129465 0.0399926 -0.00701025
v 0.13938 0.0399919 -0.00814948
v 0.149291 0.030668 -0.00938816
v 0.148682 0.0305973 -0.00931165
v 0.149287 0.0399928 -0.00936442
v 0.15919 0.0313621 -0.010675
v 0.15794 0.0312481 -0.0105132
v 0.159186 0.0399918 -0.0106535
v 0.169078 0.0318842 -0.0120356
v 0.167319 0.0317624 -0.0117935
v 0.169074 0.0399918 -0.0120154
v 0.178957 0.0322438 -0.0134735
v 0.176827 0.0321393 -0.0131618
v 0.178954 0.039989 -0.0134512
v 0.188825 0.0324604 -0.0149812
v 0.186454 0.0323881 -0.0146202
v 0.188824 0.0399894 -0.0149639
v 0.198683 0.032563 -0.016566
v 0.196181 0.0325208 -0.0161644
v 0.198679 0.0399893 -0.0165466
v 0.208528 0.0325745 -0.0182237
v 0.205992 0.0325563 -0.0177954
v 0.208525 0.0399885 -0.0182046
v 0.21836 0.0325123 -0.0199561
v 0.215871 0.032516 -0.0195183
v 0.218357 0.0399895 -0.0199366
v 0.22818 0.0323909 -0.0217604
v 0.225796 0.0324096 -0.0213215
v 0.228177 0.0399889 -0.0217411
v 0.237989 0.0322224 -0.0236384
v 0.23576 0.0322553 -0.0232137
v 0.237984 0.0399893 -0.0236197
v 0.247781 0.0320184 -0.0255898
v 0.245749 0.0320561 -0.0251858
v 0.247779 0.0399873 -0.0255707
v 0.257558 0.0317877 -0.0276148
v 0.255756 0.0318243 -0.027241
v 0.257556 0.0399884 -0.0275946
v 0.267323 0.031532 -0.0297121
v 0.265774 0.0315688 -0.0293808
v 0.26732 0.0399894 -0.0296925
v 0.277074 0.0312576 -0.0318839
v 0.275793 0.0312925 -0.031599
v 0.277069 0.0399867 -0.0318603
v 0.286804 0.0309717 -0.034127
v 0.285815 0.030998 -0.0338995
v 0.286801 0.039989 -0.0341051
v 0.296523 0.0306681 -0.0364434
v 0.295833 0.0306881 -0.0362786
v 0.296517 0.0399868 -0.0364174
v 0.306222 0.030353 -0.0388304
v 0.305845 0.0303654 -0.038738
v 0.306216 0.0399888 -0.0388067
v 0.315904 0.0300304 -0.0412912
v 0.315851 0.0300327 -0.0412789
v 0.315897 0.0399885 -0.0412651
v 0.325563 0.0399885 -0.0437991
v 0.335207 0.0399884 -0.0464013
v 0.344834 0.0399879 -0.0490768
v 0.354441 0.0399893 -0.0518246
v 0.364029 0.0399866 -0.0546419
v 0.373596 0.039988 -0.0575332
v 0.383141 0.0399875 -0.0604932
v 0.392664 0.0399873 -0.0635235
v 0.402165 0.0399902 -0.0666283
v 0.411646 0.0399898 -0.0698022
v 0.421102 0.0399888 -0.0730444
v 0.430535 0.0399896 -0.076359
v 0.439944 0.039989 -0.0797423
v 0.449328 0.0399894 -0.0831959
v 0.458687 0.0399905 -0.0867201
v 0.468022 0.039992 -0.090315
v 0.47733 0.0399935 -0.0939784
v 0.486611 0.0399917 -0.0977066
v 0.495867 0.039992 -0.101508
v 0.505093 0.0399941 -0.105377
v 0.514292 0.0399948 -0.109314
v 0.523466 0.0399936 -0.11332
v 0.532605 0.0399961 -0.117392
v 0.54172 0.0399961 -0.121535
v 0.550803 0.0399962 -0.125742
v 0.559855 0.0399988 -0.130019
v 0.568879 0.039998 -0.134362
v 0.57787 0.0399992 -0.138772
v 0.586829 0.0399991 -0.143246
v 0.595756 0.0400004 -0.147788
v 0.604651 0.0400027 -0.152399
v 0.613513 0.0400028 -0.157072
v 0.622342 0.0400034 -0.161812
v 0.631134 0.0400041 -0.166614
v 0.639893 0.0400075 -0.171485
v 0.648621 0.0400077 -0.176421
v 0.65731 0.0400072 -0.181417
v 0.665963 0.0400086 -0.186479
v 0.674581 0.0400116 -0.191607
v 0.683163 0.0400131 -0.196798
v 0.691709 0.040013 -0.202051
v 0.700216 0.0400137 -0.207367
v 0.708685 0.0400151 -0.212746
v 0.717115 0.040017 -0.218186
v 0.725507 0.040019 -0.22369
v 0.73386 0.0400211 -0.229256
v 0.742175 0.0400202 -0.234881
v 0.750447 0.0400217 -0.240568
v 0.75868 0.0400255 -0.246317
v 0.766872 0.0400257 -0.252125
v 0.775025 0.0400278 -0.257996
v 0.783133 0.0400288 -0.263923
v 0.791201 0.0400314 -0.269912
v 0.799227 0.0400325 -0.275961
v 0.807207 0.040035 -0.282066
v 0.815148 0.0400358 -0.288231
v 0.823043 0.0400376 -0.294453
v 0.830893 0.0400403 -0.300734
v 0.838701 0.040041 -0.307072
v 0.846466 0.0400423 -0.313469
v 0.854183 0.0400443 -0.319921
v 0.861853 0.0400467 -0.326429
v 0.869481 0.0400468 -0.332994
v 0.87706 0.0400499 -0.339614
v 0.884593 0.0400506 -0.346289
v 0.892078 0.0400542 -0.35302
v 0.899518 0.0400553 -0.359806
v 0.906908 0.0400594 -0.366646
v 0.912605 0.0322885 -0.372013
v 0.909636 0.0400578 -0.369204
v 0.914251 0.0400614 -0.373538
v 0.917329 0.0360168 -0.376219
v 0.92104 0.0400621 -0.37947
v 0.921846 0.0400621 -0.380174
v 0.00999491 0.0500075 0.000804928
v 2.37637e-06 0.050011 -1.70724e-07
v 0.0102358 0.0497652 0.000800064
v 0.0102985 0.0500058 0.000800267
v 0.0180642 0.0500056 0.000620793
v 0.0163567 0.043628 0.000657129
v 0.0199733 0.0500065 0.000574807
v 0.0251825 0.0447808 0.000413645
v 0.0268451 0.0500066 0.000363859
v 0.0299476 0.0500052 0.000269845
v 0.0399188 0.0500063 -0.000114092
v 0.0482581 0.041637 -0.000505712
v 0.0464227 0.0500049 -0.000414213
v 0.0498876 0.050006 -0.00057557
v 0.0598545 0.0500042 -0.00111392
v 0.0698146 0.0500037 -0.00172798
v 0.0690161 0.0500044 -0.00167909
v 0.0698148 0.0470525 -0.00173017
v 0.079771 0.0500044 -0.00241993
v 0.0897221 0.0500026 -0.00318545
v 0.0996666 0.0500013 -0.00402572
v 0.109604 0.0500002 -0.00494065
v 0.119536 0.0500019 -0.00593418
v 0.129459 0.0499999 -0.00699784
v 0.139377 0.05 -0.00813982
v 0.149284 0.0499987 -0.00935317
v 0.159182 0.0499987 -0.0106419
v 0.169071 0.0499996 -0.0120061
v 0.178949 0.049998 -0.0134413
v 0.188817 0.0499995 -0.0149532
v 0.198674 0.0499977 -0.016536
v 0.20852 0.0499982 -0.0181955
v 0.218351 0.0499976 -0.0199246
v 0.228171 0.0499985 -0.0217302
v 0.237978 0.0499974 -0.0236082
v 0.247772 0.0499971 -0.02556
v 0.25755 0.049997 -0.0275829
v 0.267314 0.0499967 -0.0296797
v 0.277063 0.0499959 -0.0318503
v 0.286793 0.0499971 -0.0340911
v 0.296509 0.049997 -0.0364058
v 0.306208 0.0499981 -0.0387934
v 0.31589 0.049997 -0.0412524
v 0.325555 0.0499963 -0.0437843
v 0.335198 0.0499986 -0.0463882
v 0.344826 0.0499975 -0.0490638
v 0.354433 0.0499986 -0.0518115
v 0.36402 0.0499984 -0.0546301
v 0.373588 0.0499967 -0.0575196
v 0.383132 0.0499988 -0.0604806
v 0.392656 0.0499986 -0.0635127
v 0.402158 0.0499986 -0.0666151
v 0.411638 0.0499983 -0.0697881
v 0.421094 0.0500003 -0.0730331
v 0.430526 0.0500014 -0.0763464
v 0.439936 0.050001 -0.0797308
v 0.449318 0.0500019 -0.0831828
v 0.458679 0.0500007 -0.0867063
v 0.468011 0.0500028 -0.0902994
v 0.477321 0.050002 -0.0939619
v 0.486603 0.0500039 -0.0976945
v 0.495857 0.0500022 -0.101492
v 0.505085 0.0500053 -0.105364
v 0.514285 0.0500041 -0.109299
v 0.523457 0.050004 -0.113306
v 0.532599 0.0500049 -0.117379
v 0.54171 0.0500062 -0.121518
v 0.550794 0.0500076 -0.125728
v 0.559848 0.0500089 -0.130005
v 0.56887 0.0500096 -0.134347
v 0.57786 0.0500096 -0.138755
v 0.586821 0.0500113 -0.143233
v 0.595747 0.0500115 -0.147773
v 0.604644 0.0500129 -0.152384
v 0.613505 0.050015 -0.157058
v 0.622332 0.0500149 -0.161795
v 0.631127 0.0500149 -0.1666
v 0.639887 0.0500177 -0.17147
v 0.648614 0.0500175 -0.176405
v 0.657303 0.0500194 -0.181403
v 0.665958 0.0500204 -0.186467
v 0.674577 0.0500204 -0.191593
v 0.683158 0.0500218 -0.196782
v 0.691703 0.0500244 -0.202037
v 0.700209 0.0500252 -0.207352
v 0.708678 0.0500268 -0.21273
v 0.71711 0.050026 -0.21817
v 0.725503 0.0500284 -0.223676
v 0.733856 0.0500309 -0.229241
v 0.742171 0.0500305 -0.234867
v 0.750442 0.0500325 -0.240553
v 0.758677 0.0500342 -0.246303
v 0.76687 0.0500351 -0.252112
v 0.775021 0.0500381 -0.257982
v 0.78313 0.05004 -0.26391
v 0.791197 0.0500408 -0.269897
v 0.799224 0.050043 -0.275947
v 0.807206 0.0500439 -0.282052
v 0.815147 0.050046 -0.288218
v 0.823043 0.0500464 -0.294441
v 0.830895 0.0500477 -0.300722
v 0.838701 0.0500499 -0.307059
v 0.846463 0.0500528 -0.313455
v 0.854181 0.0500537 -0.319907
v 0.861856 0.0500551 -0.326417
v 0.869481 0.050057 -0.332982
v 0.877061 0.0500592 -0.339603
v 0.884593 0.0500618 -0.346279
v 0.892081 0.050062 -0.35301
v 0.899518 0.050065 -0.359795
v 0.906912 0.0500653 -0.366637
v 0.914254 0.0420931 -0.373538
v 0.912717 0.0421533 -0.372094
v 0.914252 0.0500689 -0.37353
v 0.921822 0.0500702 -0.380192
v 0.00999344 0.0600135 0.00080415
v 0.00715757 0.0600127 0.000576502
v 0.00999566 0.0520397 0.000805335
v 3.03653e-06 0.0600149 -1.42497e-06
v 0.0177269 0.052258 0.000627495
v 0.0159838 0.0600115 0.000667592
v 0.0199713 0.0600123 0.000574445
v 0.0255757 0.0543905 0.000403493
v 0.0245144 0.0600116 0.000435058
v 0.0299479 0.060011 0.000267472
v 0.0399177 0.0600117 -0.000115994
v 0.0470383 0.0528655 -0.00044406
v 0.0491597 0.0600133 -0.000545259
v 0.0498854 0.0600114 -0.00057643
v 0.0598515 0.0600125 -0.00111816
v 0.0698141 0.0527247 -0.00172802
v 0.0692388 0.0505828 -0.00169338
v 0.0698099 0.0600121 -0.00173086
v 0.0720358 0.0577754 -0.00188442
v 0.0730355 0.0600118 -0.00195649
v 0.0797684 0.0600097 -0.00242258
v 0.0897158 0.0600113 -0.00318793
v 0.0996604 0.0600103 -0.00402909
v 0.109601 0.0600095 -0.00494727
v 0.119531 0.0600086 -0.00593707
v 0.129456 0.0600071 -0.0070036
v 0.13937 0.0600078 -0.00814299
v 0.149279 0.0600072 -0.00935885
v 0.159176 0.060008 -0.0106473
v 0.169065 0.0600067 -0.0120094
v 0.178944 0.0600061 -0.0134465
v 0.18881 0.0600086 -0.0149575
v 0.198667 0.0600078 -0.0165419
v 0.208512 0.0600065 -0.0181985
v 0.218343 0.0600071 -0.0199289
v 0.228164 0.0600063 -0.021734
v 0.237968 0.0600066 -0.0236102
v 0.247761 0.0600077 -0.0255626
v 0.257539 0.0600062 -0.0275845
v 0.267304 0.0600076 -0.0296842
v 0.277052 0.0600056 -0.0318508
v 0.286783 0.0600056 -0.0340927
v 0.2965 0.0600073 -0.0364097
v 0.306197 0.0600074 -0.0387953
v 0.315881 0.0600054 -0.0412548
v 0.325543 0.0600068 -0.043786
v 0.335187 0.0600084 -0.0463901
v 0.344816 0.0600066 -0.0490657
v 0.354423 0.0600071 -0.0518133
v 0.364008 0.0600065 -0.0546289
v 0.373575 0.0600073 -0.0575194
v 0.383121 0.0600091 -0.0604822
v 0.392645 0.0600086 -0.0635136
v 0.402146 0.0600085 -0.0666151
v 0.411625 0.0600081 -0.069787
v 0.421079 0.0600102 -0.0730307
v 0.430512 0.0600114 -0.0763452
v 0.439923 0.0600113 -0.0797305
v 0.449306 0.0600125 -0.0831834
v 0.458667 0.0600117 -0.0867076
v 0.468001 0.0600114 -0.0902998
v 0.477307 0.0600141 -0.0939616
v 0.48659 0.0600137 -0.0976931
v 0.495846 0.0600128 -0.101493
v 0.505073 0.0600138 -0.105361
v 0.51427 0.0600164 -0.109298
v 0.523443 0.0600146 -0.113303
v 0.532586 0.0600165 -0.117378
v 0.541699 0.0600161 -0.121518
v 0.550781 0.0600189 -0.125727
v 0.559834 0.0600187 -0.130002
v 0.568857 0.0600209 -0.134346
v 0.577849 0.0600196 -0.138754
v 0.586809 0.0600201 -0.14323
v 0.595734 0.0600221 -0.147771
v 0.60463 0.0600224 -0.152379
v 0.613492 0.0600236 -0.157053
v 0.622321 0.0600254 -0.161794
v 0.631117 0.0600248 -0.166598
v 0.639877 0.060027 -0.171468
v 0.6486 0.0600289 -0.176402
v 0.657291 0.0600304 -0.181401
v 0.665944 0.0600311 -0.186462
v 0.674565 0.0600308 -0.191589
v 0.683146 0.060032 -0.196778
v 0.69169 0.0600345 -0.202032
v 0.700198 0.0600353 -0.207348
v 0.708668 0.0600369 -0.212728
v 0.717099 0.0600364 -0.218167
v 0.725492 0.060039 -0.223672
v 0.733846 0.060039 -0.229237
v 0.742159 0.0600418 -0.234864
v 0.750433 0.0600417 -0.240549
v 0.758668 0.0600439 -0.2463
v 0.76686 0.0600456 -0.252108
v 0.775011 0.0600466 -0.257976
v 0.78312 0.0600494 -0.263905
v 0.79119 0.0600511 -0.269896
v 0.799216 0.0600517 -0.275943
v 0.807198 0.0600537 -0.28205
v 0.815138 0.0600542 -0.288214
v 0.823035 0.0600559 -0.294438
v 0.830887 0.0600586 -0.30072
v 0.838694 0.0600596 -0.307057
v 0.846457 0.0600614 -0.313453
v 0.854175 0.0600639 -0.319907
v 0.861848 0.0600642 -0.326415
v 0.869475 0.0600652 -0.332979
v 0.877056 0.0600665 -0.3396
v 0.884589 0.0600684 -0.346277
v 0.892076 0.0600705 -0.353009
v 0.899515 0.0600728 -0.359796
v 0.906905 0.0600752 -0.366637
v 0.914248 0.0600753 -0.37353
v 0.921791 0.0600766 -0.380218
v 2.40816e-06 0.0700187 -1.52681e-06
v 0.00601363 0.0639984 0.000483623
v 0.00195668 0.0700181 0.000155397
v 0.0099947 0.070016 0.000803247
v 0.0199699 0.070017 0.00057207
v 0.0166384 0.0700179 0.000649692
v 0.0199712 0.0645598 0.000572514
v 0.010744 0.0692643 0.000786386
v 0.0102838 0.070016 0.000798205
v 0.0299438 0.0700206 0.000258941
v 0.0399145 0.0700204 -0.000126879
v 0.0498855 0.0610697 -0.000579082
v 0.0494571 0.0604427 -0.000558452
v 0.0498826 0.0700192 -0.00058964
v 0.0533129 0.066575 -0.000770693
v 0.0550582 0.0700202 -0.00087137
v 0.0598467 0.0700198 -0.00113046
v 0.0698081 0.0700188 -0.00174759
v 0.0797643 0.0661889 -0.00243059
v 0.0765477 0.063246 -0.00220421
v 0.0797627 0.0700193 -0.00243943
v 0.0823642 0.0674019 -0.00263358
v 0.0878627 0.070019 -0.00306268
v 0.0897118 0.0700176 -0.00320439
v 0.0996564 0.0700166 -0.00404634
v 0.109596 0.0700159 -0.00496519
v 0.119525 0.0700182 -0.00595688
v 0.129447 0.0700171 -0.00702098
v 0.139364 0.0700152 -0.00816142
v 0.149272 0.0700151 -0.00937707
v 0.142227 0.0700156 -0.00851314
v 0.149271 0.0693932 -0.00937635
v 0.159169 0.0686831 -0.0106628
v 0.149948 0.0693311 -0.00946379
v 0.159167 0.0700164 -0.0106651
v 0.169056 0.0681427 -0.012024
v 0.160581 0.0685873 -0.0108573
v 0.169055 0.0700158 -0.0120266
v 0.178936 0.0677588 -0.0134604
v 0.171 0.0680475 -0.012307
v 0.178932 0.0700159 -0.0134629
v 0.188801 0.0675157 -0.0149692
v 0.181236 0.0676831 -0.0138122
v 0.1888 0.0700162 -0.0149741
v 0.19866 0.0673839 -0.016554
v 0.191313 0.0674679 -0.015374
v 0.198658 0.0700164 -0.0165599
v 0.208503 0.0673466 -0.0182109
v 0.201268 0.0673639 -0.0169934
v 0.2085 0.070016 -0.0182152
v 0.218336 0.0673793 -0.0199407
v 0.211126 0.0673454 -0.0186718
v 0.218332 0.0700147 -0.0199451
v 0.228154 0.0674734 -0.0217462
v 0.220903 0.0673991 -0.020414
v 0.228153 0.070015 -0.0217512
v 0.237962 0.0676098 -0.0236254
v 0.230617 0.0675027 -0.0222177
v 0.237957 0.0700167 -0.023628
v 0.247752 0.0677857 -0.025575
v 0.24028 0.0676462 -0.0240865
v 0.247751 0.0700161 -0.0255795
v 0.257532 0.0679882 -0.0276012
v 0.249893 0.0678259 -0.0260191
v 0.25753 0.0700159 -0.0276044
v 0.267293 0.0682123 -0.029696
v 0.259469 0.0680288 -0.0280151
v 0.267292 0.0700158 -0.0297001
v 0.27704 0.0684565 -0.0318655
v 0.26901 0.0682545 -0.0300796
v 0.277041 0.0700153 -0.0318694
v 0.286774 0.0687132 -0.0341078
v 0.27852 0.0684933 -0.0322058
v 0.28677 0.070017 -0.034111
v 0.296488 0.0689875 -0.0364234
v 0.288005 0.0687478 -0.034403
v 0.296488 0.0700146 -0.0364247
v 0.306186 0.0692727 -0.0388098
v 0.297458 0.0690145 -0.0366619
v 0.306185 0.0700165 -0.0388124
v 0.315867 0.0695669 -0.0412708
v 0.306885 0.069293 -0.0389879
v 0.315867 0.0700163 -0.0412712
v 0.325531 0.0698696 -0.0438041
v 0.31629 0.0695796 -0.0413821
v 0.32553 0.0700168 -0.0438026
v 0.325667 0.0698741 -0.0438396
v 0.330133 0.0700173 -0.0450462
v 0.335175 0.0700174 -0.0464068
v 0.3448 0.0700178 -0.0490812
v 0.354408 0.0700176 -0.0518285
v 0.363993 0.0700164 -0.0546438
v 0.37356 0.0700167 -0.0575336
v 0.383105 0.070018 -0.0604957
v 0.392629 0.0700172 -0.0635262
v 0.40213 0.0700197 -0.0666306
v 0.411608 0.0700192 -0.0698012
v 0.421064 0.0700212 -0.0730461
v 0.430497 0.0700195 -0.0763576
v 0.439906 0.0700195 -0.0797413
v 0.449289 0.0700209 -0.0831949
v 0.45865 0.0700232 -0.0867211
v 0.467984 0.0700233 -0.0903137
v 0.477291 0.0700236 -0.0939745
v 0.486574 0.0700238 -0.097706
v 0.495827 0.0700235 -0.101504
v 0.505055 0.0700253 -0.105374
v 0.514253 0.0700259 -0.109309
v 0.523425 0.0700249 -0.113314
v 0.532566 0.0700279 -0.117388
v 0.541681 0.0700286 -0.12153
v 0.550762 0.0700297 -0.125737
v 0.559818 0.0700279 -0.130012
v 0.568839 0.0700287 -0.134354
v 0.57783 0.0700317 -0.138765
v 0.586789 0.0700309 -0.143238
v 0.595718 0.0700317 -0.147782
v 0.604613 0.0700337 -0.152391
v 0.613474 0.070034 -0.157062
v 0.622303 0.0700349 -0.161803
v 0.631098 0.0700363 -0.166607
v 0.639858 0.0700377 -0.171477
v 0.648582 0.0700391 -0.17641
v 0.657273 0.07004 -0.181409
v 0.665928 0.0700403 -0.186471
v 0.674545 0.0700424 -0.191597
v 0.683128 0.0700434 -0.196787
v 0.691675 0.0700429 -0.202041
v 0.700181 0.0700465 -0.207358
v 0.708651 0.0700454 -0.212735
v 0.717083 0.0700477 -0.218177
v 0.725475 0.0700478 -0.223679
v 0.733827 0.0700509 -0.229244
v 0.742142 0.0700513 -0.234871
v 0.750417 0.0700516 -0.240558
v 0.758651 0.0700545 -0.246308
v 0.766845 0.0700541 -0.252115
v 0.774996 0.0700558 -0.257984
v 0.783107 0.0700567 -0.263914
v 0.791175 0.0700594 -0.269903
v 0.799199 0.070061 -0.275949
v 0.807185 0.0700613 -0.282057
v 0.815125 0.070063 -0.288223
v 0.82302 0.070066 -0.294445
v 0.830873 0.0700673 -0.300727
v 0.83868 0.0700698 -0.307066
v 0.846445 0.0700704 -0.313462
v 0.854162 0.0700717 -0.319913
v 0.861834 0.0700739 -0.326423
v 0.869462 0.0700738 -0.332987
v 0.877042 0.0700771 -0.33961
v 0.884577 0.0700781 -0.346287
v 0.892065 0.0700796 -0.353019
v 0.899504 0.0700814 -0.359806
v 0.906896 0.0700837 -0.366647
v 0.91424 0.0700839 -0.37354
v 0.921757 0.0700851 -0.380255
v 0.00999111 0.0800237 0.000800154
v 3.4942e-06 0.0800222 -3.0541e-06
v 3.36001e-06 0.0753748 -2.06342e-06
v 0.0199691 0.0745311 0.000566559
v 0.0136259 0.0763793 0.000716552
v 0.0199666 0.0800253 0.000560634
v 0.0099926 0.0788446 0.000801636
v 0.00999473 0.0745292 0.000801112
v 0.00999511 0.0702135 0.000802669
v 0.0299418 0.0713768 0.000259354
v 0.0283991 0.0715674 0.000307759
v 0.0299425 0.0800241 0.000246171
v 0.0399134 0.0747086 -0.000134077
v 0.0369627 0.0729809 -1.58241e-05
v 0.0399115 0.0800253 -0.000144143
v 0.0429755 0.0769516 -0.000282081
v 0.0453998 0.0800248 -0.000401654
v 0.0498809 0.0800259 -0.000613552
v 0.059845 0.0767058 -0.00114811
v 0.0573009 0.0725753 -0.000997868
v 0.0598423 0.0800253 -0.00115386
v 0.0614442 0.0784189 -0.00125127
v 0.0630772 0.0800247 -0.00135523
v 0.0698024 0.0800267 -0.00177416
v 0.0797569 0.0800264 -0.0024675
v 0.089712 0.0706028 -0.00320751
v 0.0892626 0.07047 -0.00317187
v 0.0897087 0.0800243 -0.00323618
v 0.0996558 0.0717261 -0.00405219
v 0.0981326 0.0715514 -0.00392381
v 0.0996489 0.0800261 -0.00407789
v 0.109592 0.0717884 -0.00496978
v 0.107863 0.0717601 -0.00481017
v 0.109589 0.0800253 -0.00499729
v 0.119525 0.071362 -0.00596044
v 0.118149 0.0714021 -0.0058222
v 0.119518 0.0800245 -0.00598784
v 0.129449 0.0707631 -0.00702493
v 0.128675 0.0707964 -0.00694112
v 0.129442 0.0800235 -0.00705469
v 0.139364 0.070165 -0.00816163
v 0.139208 0.0701735 -0.00814528
v 0.139354 0.0800247 -0.008194
v 0.149261 0.080025 -0.00940931
v 0.159159 0.0800237 -0.010698
v 0.169048 0.0800236 -0.0120614
v 0.178923 0.0800242 -0.0134969
v 0.188789 0.0800251 -0.015007
v 0.198646 0.0800231 -0.01659
v 0.208488 0.0800235 -0.0182465
v 0.218321 0.0800231 -0.0199774
v 0.228141 0.0800245 -0.0217842
v 0.237946 0.0800241 -0.0236602
v 0.247738 0.0800247 -0.0256121
v 0.257514 0.0800259 -0.0276346
v 0.267279 0.0800241 -0.0297315
v 0.277026 0.080025 -0.0319007
v 0.286755 0.0800252 -0.0341406
v 0.296473 0.0800244 -0.0364564
v 0.30617 0.080025 -0.038842
v 0.315851 0.0800266 -0.0413025
v 0.325512 0.080026 -0.0438315
v 0.335174 0.0701121 -0.0464059
v 0.335086 0.0701082 -0.0463813
v 0.335159 0.0800256 -0.0464356
v 0.344801 0.0702977 -0.0490828
v 0.344535 0.0702929 -0.0490084
v 0.344783 0.0800279 -0.0491113
v 0.354408 0.0704866 -0.0518296
v 0.353964 0.070478 -0.0517019
v 0.354389 0.0800269 -0.0518556
v 0.363992 0.0706811 -0.054648
v 0.363371 0.0706659 -0.0544635
v 0.363975 0.0800278 -0.0546744
v 0.373556 0.070878 -0.0575368
v 0.372755 0.0708591 -0.0572947
v 0.373542 0.0800274 -0.0575635
v 0.383103 0.0710771 -0.0604983
v 0.382113 0.0710574 -0.060193
v 0.383087 0.0800283 -0.0605247
v 0.392625 0.0712839 -0.0635304
v 0.391448 0.0712575 -0.063157
v 0.392608 0.0800299 -0.0635557
v 0.402127 0.0714917 -0.0666332
v 0.40076 0.0714591 -0.0661869
v 0.402111 0.0800291 -0.0666574
v 0.411605 0.0717031 -0.069806
v 0.410046 0.0716674 -0.0692858
v 0.41159 0.0800283 -0.0698293
v 0.421062 0.0719181 -0.0730509
v 0.419306 0.0718767 -0.0724483
v 0.421045 0.0800301 -0.0730727
v 0.430492 0.072139 -0.0763647
v 0.428543 0.0720892 -0.0756785
v 0.430477 0.0800312 -0.0763865
v 0.439901 0.0723594 -0.0797474
v 0.437752 0.0723075 -0.0789756
v 0.439884 0.0800311 -0.0797685
v 0.449284 0.0725881 -0.0832031
v 0.446934 0.0725286 -0.0823382
v 0.449268 0.0800326 -0.0832227
v 0.458643 0.0728187 -0.0867268
v 0.456092 0.0727521 -0.0857664
v 0.458628 0.0800322 -0.0867454
v 0.467977 0.0730507 -0.0903189
v 0.465221 0.0729776 -0.0892581
v 0.467963 0.0800325 -0.0903383
v 0.477283 0.0732897 -0.0939823
v 0.47432 0.0732106 -0.0928162
v 0.477269 0.0800332 -0.0939992
v 0.486566 0.0735295 -0.0977143
v 0.483394 0.073445 -0.0964405
v 0.486552 0.0800338 -0.0977309
v 0.49582 0.0737757 -0.101515
v 0.49244 0.0736806 -0.100126
v 0.495807 0.0800341 -0.101531
v 0.505045 0.0740249 -0.105382
v 0.501453 0.0739228 -0.103877
v 0.505032 0.0800364 -0.105399
v 0.514245 0.0742769 -0.10932
v 0.510437 0.0741684 -0.10769
v 0.514232 0.0800349 -0.109334
v 0.523414 0.074537 -0.113326
v 0.519393 0.0744171 -0.11157
v 0.523402 0.0800376 -0.11334
v 0.532558 0.0747964 -0.1174
v 0.528314 0.0746716 -0.11551
v 0.532544 0.0800386 -0.117412
v 0.541668 0.0750632 -0.12154
v 0.537207 0.0749288 -0.119513
v 0.541658 0.0800375 -0.121552
v 0.550751 0.0753315 -0.125748
v 0.546069 0.0751882 -0.123579
v 0.55074 0.0800397 -0.125761
v 0.559804 0.0756068 -0.130025
v 0.554899 0.0754526 -0.127708
v 0.559793 0.0800391 -0.130035
v 0.568827 0.0758861 -0.134369
v 0.563695 0.0757218 -0.131898
v 0.568815 0.0800412 -0.134378
v 0.577815 0.0761714 -0.138778
v 0.572459 0.0759954 -0.13615
v 0.577808 0.0800427 -0.138789
v 0.586774 0.0764598 -0.143255
v 0.581189 0.0762731 -0.140464
v 0.586767 0.0800434 -0.143264
v 0.595701 0.0767511 -0.147796
v 0.589885 0.0765548 -0.144837
v 0.595694 0.0800429 -0.147804
v 0.604595 0.077048 -0.152404
v 0.598547 0.0768402 -0.14927
v 0.60459 0.0800438 -0.152413
v 0.613457 0.0773495 -0.157079
v 0.607175 0.077132 -0.153767
v 0.61345 0.0800458 -0.157086
v 0.622285 0.0776558 -0.16182
v 0.615767 0.077424 -0.158319
v 0.62228 0.0800457 -0.161825
v 0.63108 0.0779637 -0.166624
v 0.624328 0.0777219 -0.162935
v 0.631076 0.0800462 -0.16663
v 0.639838 0.0782785 -0.171493
v 0.632849 0.0780253 -0.167609
v 0.639836 0.0800469 -0.171499
v 0.648563 0.0785972 -0.176429
v 0.641334 0.0783312 -0.17234
v 0.64856 0.0800475 -0.176431
v 0.657254 0.0789197 -0.181429
v 0.649788 0.0786395 -0.177133
v 0.657249 0.0800507 -0.18143
v 0.665908 0.0792455 -0.186491
v 0.658202 0.0789528 -0.181983
v 0.665905 0.0800504 -0.186491
v 0.674524 0.0795766 -0.191617
v 0.66658 0.0792707 -0.186891
v 0.674523 0.0800522 -0.191619
v 0.666577 0.0792707 -0.186889
v 0.683105 0.0799067 -0.196807
v 0.67492 0.0795899 -0.191856
v 0.683106 0.0800528 -0.196808
v 0.683228 0.0799101 -0.196883
v 0.686928 0.0800528 -0.199158
v 0.691651 0.080055 -0.202062
v 0.700157 0.0800556 -0.207376
v 0.708628 0.0800572 -0.212756
v 0.717059 0.0800569 -0.218196
v 0.725452 0.0800599 -0.2237
v 0.733807 0.0800605 -0.229265
v 0.74212 0.0800612 -0.234891
v 0.750396 0.080062 -0.240579
v 0.758629 0.0800627 -0.246326
v 0.766822 0.0800657 -0.252136
v 0.774975 0.0800653 -0.258004
v 0.783085 0.0800671 -0.263932
v 0.791154 0.0800679 -0.269921
v 0.799179 0.0800704 -0.275969
v 0.807162 0.0800718 -0.282076
v 0.815102 0.0800747 -0.288242
v 0.822999 0.0800735 -0.294463
v 0.830853 0.0800762 -0.300746
v 0.838661 0.0800774 -0.307084
v 0.846423 0.0800795 -0.313479
v 0.854144 0.0800798 -0.319932
v 0.861816 0.0800836 -0.326443
v 0.869444 0.0800827 -0.333008
v 0.877024 0.0800851 -0.339628
v 0.884558 0.080088 -0.346306
v 0.892046 0.080089 -0.353039
v 0.899485 0.0800905 -0.359823
v 0.906879 0.0800903 -0.366663
v 0.90683 0.0800917 -0.366618
v 0.906879 0.0799733 -0.366664
v 0.91423 0.0768512 -0.373551
v 0.906933 0.0800168 -0.366715
v 0.914227 0.0800909 -0.373557
v 0.921725 0.0777834 -0.380289
v 0.915992 0.0777451 -0.375128
v 0.921717 0.0800922 -0.380299
v 0.00999332 0.0822522 0.000796324
v 0.00559863 0.0844227 0.000446649
v 0.00120695 0.0888193 9.46513e-05
v 0.00999077 0.0844853 0.000792744
v 3.77917e-06 0.0900253 -3.14102e-06
v 0.00328238 0.0900246 0.000257043
v 0.00999087 0.0867134 0.000791398
v 0.00779523 0.0900287 0.000612947
v 0.00998894 0.0889461 0.000787583
v 0.00998988 0.0900274 0.000787385
v 3.65528e-06 0.0888185 -1.1205e-06
v 3.79975e-06 0.0844191 -1.01836e-06
v 0.0117355 0.0882764 0.000748725
v 0.0122987 0.0900306 0.000728534
v 0.0167896 0.0900307 0.000620292
v 0.0151375 0.0848688 0.00066845
v 0.0199644 0.0900302 0.000543223
v 0.0199647 0.0859211 0.000550382
v 0.0185384 0.0814579 0.000592452
v 0.00998963 0.0883913 0.000790541
v 0.00999012 0.0852118 0.000792675
v 0.00999283 0.0820287 0.000796165
v 0.0299369 0.0885925 0.000225235
v 0.0247089 0.0852734 0.000400922
v 0.0299365 0.0900329 0.000222169
v 0.0306777 0.0892886 0.000195582
v 0.0308398 0.0900318 0.000186267
v 0.0399079 0.0900321 -0.000173777
v 0.0462161 0.0837032 -0.000452215
v 0.0467523 0.0900327 -0.000498139
v 0.0498751 0.0900338 -0.000647472
v 0.0598391 0.0900319 -0.00119252
v 0.069799 0.0875871 -0.00180414
v 0.0654992 0.084347 -0.001522
v 0.0697989 0.090032 -0.00181469
v 0.0712148 0.08861 -0.00190832
v 0.0763971 0.0900318 -0.00227444
v 0.0797519 0.0900339 -0.00251094
v 0.0896992 0.0900341 -0.00327963
v 0.0996434 0.0900323 -0.00412324
v 0.109578 0.0900341 -0.00504211
v 0.11951 0.0900331 -0.0060356
v 0.129431 0.0900319 -0.00709989
v 0.128549 0.0900325 -0.00700737
v 0.12943 0.0900005 -0.00710105
v 0.139346 0.0896936 -0.00824009
v 0.129467 0.0899972 -0.00710537
v 0.139344 0.0900332 -0.00824165
v 0.149252 0.0894632 -0.009455
v 0.139688 0.0896859 -0.00828147
v 0.14925 0.0900336 -0.00945661
v 0.159149 0.0892929 -0.0107426
v 0.149825 0.0894523 -0.00952779
v 0.159147 0.0900325 -0.0107447
v 0.169034 0.0891728 -0.0121025
v 0.159888 0.0892833 -0.0108434
v 0.169034 0.0900327 -0.0121074
v 0.178913 0.0890928 -0.0135401
v 0.16989 0.089166 -0.0122275
v 0.17891 0.0900337 -0.0135445
v 0.188778 0.0890441 -0.0150487
v 0.179843 0.0890905 -0.0136835
v 0.188778 0.0900321 -0.0150545
v 0.198633 0.0890208 -0.0166341
v 0.189752 0.0890439 -0.0152055
v 0.198631 0.0900336 -0.0166377
v 0.208477 0.089015 -0.018292
v 0.199629 0.0890225 -0.0168025
v 0.208475 0.0900318 -0.0182938
v 0.21831 0.0890217 -0.020022
v 0.209474 0.0890167 -0.0184648
v 0.218307 0.0900321 -0.0200255
v 0.228127 0.0890429 -0.0218262
v 0.219297 0.0890258 -0.0202029
v 0.228125 0.0900343 -0.0218304
v 0.237931 0.0890745 -0.0237035
v 0.229092 0.0890493 -0.0220117
v 0.237929 0.0900349 -0.0237069
v 0.247722 0.0891126 -0.025653
v 0.238863 0.0890808 -0.0238882
v 0.247722 0.0900335 -0.0256576
v 0.257498 0.0891592 -0.0276765
v 0.248615 0.0891197 -0.0258375
v 0.257498 0.0900327 -0.0276788
v 0.267262 0.0892077 -0.0297713
v 0.258349 0.0891628 -0.0278582
v 0.26726 0.0900351 -0.0297772
v 0.277008 0.0892664 -0.031942
v 0.26806 0.0892153 -0.0299507
v 0.277007 0.0900343 -0.0319447
v 0.286741 0.0893258 -0.0341843
v 0.27775 0.089271 -0.0321121
v 0.286737 0.0900359 -0.0341867
v 0.296455 0.0893913 -0.0364988
v 0.287421 0.0893325 -0.0343464
v 0.296452 0.0900364 -0.036502
v 0.306151 0.0894625 -0.0388854
v 0.297072 0.0893963 -0.0366497
v 0.306151 0.0900356 -0.0388879
v 0.315833 0.0895328 -0.0413442
v 0.306702 0.0894651 -0.0390234
v 0.315831 0.0900359 -0.0413461
v 0.325493 0.0896104 -0.0438745
v 0.316313 0.0895383 -0.0414702
v 0.325492 0.0900369 -0.0438766
v 0.335138 0.0896894 -0.0464785
v 0.325901 0.0896127 -0.0439836
v 0.335137 0.0900353 -0.046478
v 0.344763 0.0897692 -0.0491511
v 0.33547 0.0896908 -0.0465701
v 0.344762 0.0900367 -0.0491533
v 0.354368 0.0898552 -0.0518981
v 0.345016 0.0897724 -0.0492248
v 0.354369 0.0900375 -0.0519012
v 0.363954 0.0899439 -0.0547182
v 0.354542 0.0898568 -0.0519503
v 0.363953 0.0900376 -0.0547167
v 0.373518 0.0900351 -0.0576063
v 0.364044 0.0899438 -0.0547442
v 0.373518 0.0900393 -0.0576065
v 0.373523 0.0900331 -0.0576066
v 0.373955 0.0900373 -0.0577417
v 0.383063 0.0900394 -0.0605668
v 0.392588 0.0900376 -0.0635976
v 0.402088 0.0900391 -0.0666996
v 0.411564 0.0900408 -0.0698714
v 0.421022 0.0900394 -0.0731143
v 0.430453 0.0900402 -0.0764264
v 0.439861 0.0900401 -0.079809
v 0.449246 0.0900415 -0.0832637
v 0.458602 0.090044 -0.0867857
v 0.467936 0.0900445 -0.0903788
v 0.477244 0.0900425 -0.0940384
v 0.486526 0.0900434 -0.09777
v 0.495781 0.0900441 -0.10157
v 0.505005 0.090047 -0.105437
v 0.514205 0.0900461 -0.109373
v 0.523377 0.0900467 -0.113378
v 0.532517 0.0900485 -0.11745
v 0.54163 0.0900483 -0.12159
v 0.550714 0.0900486 -0.125798
v 0.559768 0.0900491 -0.130074
v 0.568788 0.0900523 -0.134416
v 0.577779 0.0900523 -0.138824
v 0.586739 0.0900516 -0.143298
v 0.595667 0.0900526 -0.14784
v 0.60456 0.090055 -0.152447
v 0.613423 0.0900558 -0.157121
v 0.62225 0.0900575 -0.16186
v 0.631046 0.0900571 -0.166663
v 0.639805 0.0900597 -0.171533
v 0.648531 0.0900596 -0.176466
v 0.657222 0.0900593 -0.181463
v 0.665875 0.0900613 -0.186525
v 0.674494 0.0900625 -0.191651
v 0.683078 0.0900628 -0.196842
v 0.69165 0.0801422 -0.202062
v 0.691577 0.0801404 -0.202017
v 0.691622 0.0900647 -0.202094
v 0.700157 0.0802971 -0.207377
v 0.699956 0.0802921 -0.207252
v 0.70013 0.0900651 -0.20741
v 0.708626 0.0804523 -0.212756
v 0.708298 0.0804452 -0.212548
v 0.7086 0.0900667 -0.212789
v 0.717058 0.0806051 -0.218198
v 0.716603 0.0805971 -0.217905
v 0.717031 0.0900691 -0.218231
v 0.725451 0.0807625 -0.223702
v 0.724869 0.0807514 -0.223321
v 0.725424 0.0900694 -0.223732
v 0.733804 0.0809328 -0.229267
v 0.733089 0.0809181 -0.228791
v 0.733777 0.0900703 -0.229296
v 0.742117 0.0811189 -0.234895
v 0.741257 0.0810974 -0.234311
v 0.742092 0.0900713 -0.234922
v 0.750392 0.081303 -0.240582
v 0.749384 0.0812812 -0.23989
v 0.750366 0.0900725 -0.240609
v 0.758624 0.0814686 -0.246329
v 0.757488 0.0814449 -0.245538
v 0.7586 0.0900737 -0.246357
v 0.766818 0.0816002 -0.25214
v 0.765581 0.0815765 -0.251263
v 0.766795 0.0900745 -0.252167
v 0.774969 0.0817302 -0.25801
v 0.773636 0.0817038 -0.25705
v 0.774946 0.0900749 -0.258034
v 0.78308 0.0819142 -0.26394
v 0.781617 0.0818734 -0.262869
v 0.783056 0.0900774 -0.263963
v 0.791148 0.0821835 -0.269928
v 0.789494 0.0821206 -0.268701
v 0.791126 0.0900791 -0.269953
v 0.799174 0.0825093 -0.275977
v 0.797286 0.0824222 -0.274554
v 0.799152 0.0900798 -0.275999
v 0.807154 0.0828363 -0.282083
v 0.805029 0.082736 -0.280457
v 0.807136 0.0900823 -0.282107
v 0.815095 0.0831198 -0.288252
v 0.812755 0.0830232 -0.286435
v 0.815074 0.0900835 -0.288271
v 0.822989 0.0833483 -0.294473
v 0.820478 0.0832596 -0.292493
v 0.822972 0.0900835 -0.294493
v 0.830842 0.0835452 -0.300756
v 0.828187 0.083461 -0.29863
v 0.830826 0.0900849 -0.300776
v 0.838649 0.083764 -0.307095
v 0.835852 0.0836651 -0.304824
v 0.838634 0.0900875 -0.307115
v 0.846413 0.0840839 -0.313492
v 0.843429 0.0839275 -0.311033
v 0.846397 0.0900884 -0.313509
v 0.85413 0.0845705 -0.319945
v 0.850874 0.0843055 -0.317223
v 0.854115 0.0900904 -0.319961
v 0.861802 0.08523 -0.326457
v 0.858178 0.0848094 -0.323381
v 0.86179 0.0900904 -0.326471
v 0.869427 0.0860185 -0.333025
v 0.86537 0.0854093 -0.329528
v 0.869416 0.090094 -0.333038
v 0.877005 0.0870061 -0.339648
v 0.872431 0.0861254 -0.335648
v 0.876997 0.0900956 -0.339658
v 0.884537 0.0887833 -0.346331
v 0.879279 0.0870739 -0.341663
v 0.884533 0.0900952 -0.346335
v 0.885532 0.0887649 -0.347227
v 0.887462 0.0900957 -0.348969
v 0.892021 0.0900982 -0.353069
v 0.89946 0.0900995 -0.359852
v 0.906872 0.0828819 -0.366671
v 0.906802 0.0801948 -0.366591
v 0.906856 0.0900994 -0.366691
v 0.907145 0.0897061 -0.36696
v 0.906974 0.0900992 -0.366802
v 0.914202 0.0901001 -0.373583
v 0.921669 0.0901015 -0.380355
v 0.00997551 0.100044 0.000608351
v 0.00741038 0.100044 0.00061368
v 0.00998026 0.097703 0.000650196
v 0.00998988 0.0900274 0.000787385
v 1.26723e-06 0.100046 0.000632321
v 2.95127e-06 0.0932253 0.000199805
v 3.04411e-06 0.0976324 0.000477956
v 0.0154111 0.0945969 0.000570761
v 0.0168884 0.100044 0.000430279
v 0.0199432 0.100046 0.000351229
v 0.0299121 0.100048 1.54325e-05
v 0.0275667 0.100047 9.44913e-05
v 0.0299327 0.0922328 0.000176976
v 0.0398746 0.100047 -0.000389698
v 0.0442215 0.0956958 -0.00050256
v 0.0425388 0.100048 -0.000520171
v 0.0498381 0.100047 -0.000872896
v 0.0597925 0.100049 -0.00142762
v 0.0697462 0.100047 -0.00205572
v 0.0797404 0.0918681 -0.00255444
v 0.0779515 0.0918357 -0.00242895
v 0.0796931 0.100047 -0.00275764
v 0.0896841 0.0924977 -0.00334184
v 0.0868147 0.0929216 -0.00313012
v 0.0896373 0.100046 -0.00353421
v 0.0996286 0.092036 -0.0041758
v 0.0972948 0.0923824 -0.00398475
v 0.0995714 0.100047 -0.00438167
v 0.10957 0.0912746 -0.00507533
v 0.108134 0.0914789 -0.00494691
v 0.109503 0.100048 -0.00530775
v 0.119504 0.0905725 -0.00604872
v 0.118906 0.0906354 -0.00598983
v 0.119426 0.100046 -0.00630295
v 0.129342 0.100047 -0.00737542
v 0.139247 0.100048 -0.00851838
v 0.149147 0.100048 -0.0097369
v 0.159038 0.100047 -0.0110283
v 0.168918 0.100047 -0.0123941
v 0.178788 0.100049 -0.013834
v 0.18865 0.100047 -0.0153467
v 0.1985 0.100046 -0.0169335
v 0.208336 0.100048 -0.0185932
v 0.218161 0.100049 -0.020327
v 0.227973 0.100049 -0.0221322
v 0.237774 0.100047 -0.0240114
v 0.24756 0.100047 -0.0259635
v 0.257331 0.100047 -0.0279885
v 0.267087 0.100048 -0.0300864
v 0.276829 0.100049 -0.0322572
v 0.286555 0.100049 -0.0345009
v 0.296264 0.100048 -0.0368151
v 0.305957 0.100049 -0.0392038
v 0.315631 0.100051 -0.0416645
v 0.325289 0.100051 -0.0441959
v 0.334929 0.100049 -0.046798
v 0.344549 0.10005 -0.0494739
v 0.354151 0.10005 -0.0522221
v 0.363732 0.100053 -0.0550418
v 0.373293 0.100051 -0.0579301
v 0.383062 0.0901647 -0.0605708
v 0.38294 0.0901636 -0.0605319
v 0.382833 0.100051 -0.0608901
v 0.392581 0.0903023 -0.0636057
v 0.392332 0.0903016 -0.0635285
v 0.392351 0.100052 -0.063922
v 0.402078 0.0904442 -0.0667126
v 0.401697 0.0904408 -0.0665888
v 0.401848 0.100054 -0.0670259
v 0.411552 0.09059 -0.0698892
v 0.411037 0.0905839 -0.0697167
v 0.411323 0.100053 -0.0701981
v 0.421004 0.0907392 -0.0731384
v 0.420354 0.0907303 -0.0729149
v 0.420773 0.100055 -0.0734415
v 0.43043 0.0908916 -0.0764551
v 0.429643 0.0908799 -0.0761786
v 0.430202 0.100054 -0.0767536
v 0.439836 0.0910467 -0.0798444
v 0.438905 0.0910322 -0.079508
v 0.439607 0.100054 -0.0801374
v 0.449216 0.0912043 -0.0833017
v 0.448141 0.0911898 -0.082907
v 0.448987 0.100054 -0.0835892
v 0.458569 0.0913697 -0.08683
v 0.457349 0.0913496 -0.0863695
v 0.458343 0.100055 -0.0871132
v 0.467896 0.0915367 -0.0904265
v 0.466528 0.091514 -0.0898996
v 0.467671 0.100056 -0.0907046
v 0.477201 0.091708 -0.0940955
v 0.475679 0.09168 -0.0934936
v 0.476975 0.100056 -0.0943648
v 0.486474 0.0918832 -0.0978297
v 0.484802 0.0918528 -0.0971569
v 0.486253 0.100058 -0.0980967
v 0.495723 0.0920619 -0.101634
v 0.493895 0.0920266 -0.100882
v 0.495505 0.100058 -0.101896
v 0.504947 0.0922438 -0.105509
v 0.502957 0.0922066 -0.104675
v 0.504728 0.100059 -0.105764
v 0.514139 0.0924314 -0.109452
v 0.51199 0.092387 -0.108529
v 0.513923 0.10006 -0.109699
v 0.523302 0.0926245 -0.113462
v 0.52099 0.0925759 -0.112451
v 0.523092 0.10006 -0.113703
v 0.532438 0.0928199 -0.117541
v 0.52996 0.0927647 -0.116432
v 0.532231 0.100061 -0.117776
v 0.541545 0.09302 -0.121688
v 0.538897 0.0929614 -0.120481
v 0.541343 0.100061 -0.121916
v 0.55062 0.0932246 -0.125901
v 0.547802 0.0931601 -0.124593
v 0.550423 0.100061 -0.126122
v 0.559667 0.0934334 -0.130183
v 0.556675 0.0933636 -0.128768
v 0.559473 0.100061 -0.130396
v 0.568682 0.0936464 -0.13453
v 0.565512 0.0935715 -0.133002
v 0.568491 0.100064 -0.134738
v 0.577667 0.0938658 -0.138947
v 0.574317 0.0937835 -0.1373
v 0.577481 0.100065 -0.139147
v 0.586617 0.0940912 -0.143429
v 0.583089 0.0939995 -0.141661
v 0.586439 0.100064 -0.143621
v 0.595536 0.0943198 -0.147976
v 0.591824 0.0942219 -0.146083
v 0.595365 0.100066 -0.148162
v 0.604425 0.0945539 -0.152593
v 0.600524 0.0944478 -0.150566
v 0.604257 0.100066 -0.152768
v 0.61328 0.0947902 -0.157273
v 0.609192 0.0946768 -0.155112
v 0.613118 0.100067 -0.157441
v 0.6221 0.0950311 -0.162019
v 0.61782 0.0949114 -0.159716
v 0.621944 0.100067 -0.162178
v 0.613277 0.0947902 -0.157271
v 0.630884 0.0952762 -0.166828
v 0.626417 0.0951485 -0.164383
v 0.630737 0.100068 -0.16698
v 0.639638 0.0955223 -0.171705
v 0.634979 0.0953879 -0.169111
v 0.639498 0.100069 -0.17185
v 0.648355 0.0957749 -0.176648
v 0.643503 0.0956293 -0.173896
v 0.648222 0.10007 -0.176783
v 0.657036 0.0960282 -0.181652
v 0.651994 0.0958753 -0.178745
v 0.656909 0.100071 -0.181779
v 0.665681 0.096288 -0.186722
v 0.660444 0.0961258 -0.183651
v 0.665564 0.100072 -0.186841
v 0.674291 0.0965512 -0.191855
v 0.668858 0.0963808 -0.188617
v 0.674183 0.100072 -0.191967
v 0.682865 0.0968173 -0.197051
v 0.677235 0.0966373 -0.193639
v 0.682761 0.100074 -0.197154
v 0.691402 0.0970881 -0.202314
v 0.685572 0.0969004 -0.198722
v 0.691306 0.100076 -0.202406
v 0.6999 0.0973537 -0.207636
v 0.693875 0.0971611 -0.203863
v 0.699815 0.100075 -0.207721
v 0.708361 0.0976119 -0.213022
v 0.702148 0.0974183 -0.209067
v 0.708285 0.100077 -0.213099
v 0.716785 0.0978561 -0.218469
v 0.71039 0.0976681 -0.214335
v 0.716714 0.100079 -0.218538
v 0.725171 0.098093 -0.223979
v 0.718604 0.0979069 -0.219665
v 0.725109 0.100079 -0.224042
v 0.733516 0.0983375 -0.229551
v 0.726788 0.0981414 -0.22506
v 0.733462 0.10008 -0.229605
v 0.741823 0.0985996 -0.235184
v 0.734926 0.0983819 -0.230507
v 0.741777 0.100081 -0.235231
v 0.750088 0.0988849 -0.24088
v 0.743013 0.0986391 -0.236004
v 0.750051 0.100083 -0.240917
v 0.758313 0.0991742 -0.246636
v 0.751049 0.0989127 -0.241551
v 0.758285 0.100084 -0.246664
v 0.766499 0.0994563 -0.252451
v 0.759043 0.0991918 -0.247154
v 0.766479 0.100086 -0.252472
v 0.774642 0.0997605 -0.258328
v 0.766999 0.0994696 -0.252812
v 0.774632 0.100087 -0.258341
v 0.774896 0.0997704 -0.258515
v 0.781668 0.100088 -0.263482
v 0.782743 0.100087 -0.264267
v 0.790813 0.100087 -0.270255
v 0.798841 0.100089 -0.276303
v 0.806825 0.10009 -0.282409
v 0.814766 0.100093 -0.288574
v 0.822662 0.100094 -0.294795
v 0.830517 0.100095 -0.301075
v 0.838328 0.100096 -0.307414
v 0.846094 0.100096 -0.313809
v 0.853814 0.100098 -0.320261
v 0.86149 0.1001 -0.326771
v 0.869121 0.1001 -0.333337
v 0.876703 0.100102 -0.339957
v 0.884241 0.100104 -0.346635
v 0.891907 0.0940034 -0.353182
v 0.890552 0.091986 -0.351852
v 0.89173 0.100104 -0.353365
v 0.895467 0.0952669 -0.356501
v 0.89652 0.100105 -0.357731
v 0.899174 0.100106 -0.360151
v 0.906572 0.100106 -0.366991
v 0.906298 0.100107 -0.366738
v 0.906691 0.0958994 -0.366864
v 0.913921 0.100107 -0.373883
v 0.921222 0.100107 -0.380832
v 2.45554e-06 0.0300043 -0.000199832
v 3.17448e-06 0.0400074 -0.000200512
v 0.00999497 0.0400015 0.000606852
v 0.00999417 0.0299986 0.000605209
v 0.0199735 0.0299956 0.000370092
v 0.0199715 0.0199891 0.000360402
v 0.0299492 0.0199865 4.09018e-05
v 0.0299484 0.00997803 1.48352e-05
v 0.0399213 0.00997891 -0.000387359
v 0.0398622 -4.98783e-05 -0.000541808
v 0.0298994 -4.81581e-05 -0.000126607
v 2.37637e-06 0.050011 -0.000200171
v 0.00999491 0.0500075 0.000604928
v 0.0199725 0.0399996 0.000375618
v 0.0299483 0.0299915 5.91813e-05
v 0.0399234 0.019983 -0.00035369
v 0.0498904 0.00997589 -0.000859795
v 0.0498241 -5.14447e-05 -0.00103092
v 3.03653e-06 0.0600149 -0.000201425
v 0.00999344 0.0600135 0.00060415
v 0.0199733 0.0500065 0.000374807
v 0.0299497 0.0399979 6.70193e-05
v 0.0399218 0.0299906 -0.000330339
v 0.049891 0.0199825 -0.000821183
v 0.0598585 0.00997546 -0.00141049
v 0.0597813 -5.3755e-05 -0.00159143
v 2.40816e-06 0.0700187 -0.000201527
v 0.0099947 0.070016 0.000603247
v 0.0199713 0.0600123 0.000374445
v 0.0299476 0.0500052 6.98447e-05
v 0.0399206 0.0399981 -0.000318386
v 0.0498895 0.0299915 -0.000796281
v 0.0598577 0.0199806 -0.00136595
v 0.0698207 0.00997352 -0.00203267
v 0.0697351 -5.38382e-05 -0.00222735
v 3.4942e-06 0.0800222 -0.000203054
v 0.00999111 0.0800237 0.000600154
v 0.0199699 0.070017 0.00037207
v 0.0299479 0.060011 6.74723e-05
v 0.0399188 0.0500063 -0.000314092
v 0.0498904 0.0399974 -0.000780917
v 0.0598579 0.0299882 -0.00133754
v 0.0698197 0.0199805 -0.00198622
v 0.0797754 0.00997302 -0.00272758
v 0.0796836 -5.5625e-05 -0.00293449
v 3.77917e-06 0.0900253 -0.000203141
v 0.00998988 0.0900274 0.000587385
v 0.0199666 0.0800253 0.000360634
v 0.0299438 0.0700206 5.89414e-05
v 0.0399177 0.0600117 -0.000315994
v 0.0498876 0.050006 -0.00077557
v 0.0598537 0.039998 -0.00131966
v 0.0698189 0.0299894 -0.00195621
v 0.079776 0.0199815 -0.00268215
v 0.0897279 0.00997343 -0.00350063
v 0.0896249 -5.62784e-05 -0.00371423
v 1.26723e-06 0.100046 0.000432321
v 0.00997551 0.100044 0.000408351
v 0.0199644 0.0900302 0.000343223
v 0.0299425 0.0800241 4.61706e-05
v 0.0399145 0.0700204 -0.000326879
v 0.0498854 0.0600114 -0.00077643
v 0.0598545 0.0500042 -0.00131392
v 0.0698154 0.0399972 -0.00193505
v 0.0797758 0.0299886 -0.00264871
v 0.0897258 0.0199803 -0.00344907
v 0.0996738 0.00997119 -0.00434467
v 0.0995617 -5.63139e-05 -0.00456923
v 0.0199432 0.100046 0.000151229
v 0.0299365 0.0900329 2.21686e-05
v 0.0399115 0.0800253 -0.000344143
v 0.0498826 0.0700192 -0.00078964
v 0.0598515 0.0600125 -0.00131816
v 0.0698146 0.0500037 -0.00192798
v 0.079775 0.0399941 -0.00262709
v 0.0897266 0.0299885 -0.00341659
v 0.0996725 0.0199795 -0.00429393
v 0.109611 0.00996901 -0.00526115
v 0.109491 -5.62422e-05 -0.00549672
v 0.0299121 0.100048 -0.000184567
v 0.0399079 0.0900321 -0.000373777
v 0.0498809 0.0800259 -0.000813552
v 0.0598467 0.0700198 -0.00133046
v 0.0698099 0.0600121 -0.00193086
v 0.079771 0.0500044 -0.00261993
v 0.0897241 0.039995 -0.0033931
v 0.0996729 0.0299858 -0.00425794
v 0.109611 0.0199788 -0.00521111
v 0.119545 0.00996959 -0.00625693
v 0.119416 -5.95648e-05 -0.0064977
v 0.0398746 0.100047 -0.000589698
v 0.0498751 0.0900338 -0.000847472
v 0.0598423 0.0800253 -0.00135386
v 0.0698081 0.0700188 -0.00194759
v 0.0797684 0.0600097 -0.00262258
v 0.0897221 0.0500026 -0.00338545
v 0.0996708 0.0399931 -0.0042353
v 0.109611 0.0299862 -0.00517583
v 0.119543 0.0199776 -0.00620324
v 0.129469 0.00996938 -0.00732491
v 0.12933 -5.73556e-05 -0.00757405
v 0.0498381 0.100047 -0.0010729
v 0.0598391 0.0900319 -0.00139252
v 0.0698024 0.0800267 -0.00197416
v 0.0797627 0.0700193 -0.00263943
v 0.0897158 0.0600113 -0.00338793
v 0.0996666 0.0500013 -0.00422572
v 0.109607 0.0399945 -0.00515109
v 0.119543 0.0299863 -0.00616842
v 0.129468 0.0199757 -0.00727007
v 0.139384 0.009968 -0.00846498
v 0.139238 -5.9447e-05 -0.00872103
v 0.0597925 0.100049 -0.00162762
v 0.0697989 0.090032 -0.00201469
v 0.0797569 0.0800264 -0.0026675
v 0.0897118 0.0700176 -0.00340439
v 0.0996604 0.0600103 -0.00422909
v 0.109604 0.0500002 -0.00514065
v 0.11954 0.0399923 -0.00614269
v 0.129466 0.0299856 -0.00723298
v 0.139386 0.0199758 -0.00841315
v 0.149292 0.0099681 -0.00968131
v 0.149138 -5.99534e-05 -0.0099443
v 0.0697462 0.100047 -0.00225572
v 0.0797519 0.0900339 -0.00271094
v 0.0897087 0.0800243 -0.00343618
v 0.0996564 0.0700166 -0.00424634
v 0.109601 0.0600095 -0.00514727
v 0.119536 0.0500019 -0.00613418
v 0.129465 0.0399926 -0.00721025
v 0.139385 0.0299838 -0.00837472
v 0.149294 0.0199743 -0.00962805
v 0.159191 0.00996619 -0.0109695
v 0.159028 -5.93861e-05 -0.0112411
v 0.0796931 0.100047 -0.00295764
v 0.0896992 0.0900341 -0.00347963
v 0.0996489 0.0800261 -0.00427789
v 0.109596 0.0700159 -0.00516519
v 0.119531 0.0600086 -0.00613707
v 0.129459 0.0499999 -0.00719784
v 0.13938 0.0399919 -0.00834948
v 0.149292 0.0299836 -0.00958969
v 0.159192 0.0199739 -0.0109163
v 0.169081 0.00996492 -0.0123338
v 0.168909 -6.12146e-05 -0.0126099
v 0.0896373 0.100046 -0.00373421
v 0.0996434 0.0900323 -0.00432324
v 0.109589 0.0800253 -0.00519729
v 0.119525 0.0700182 -0.00615688
v 0.129456 0.0600071 -0.0072036
v 0.139377 0.05 -0.00833982
v 0.149287 0.0399928 -0.00956442
v 0.15919 0.0299815 -0.0108763
v 0.169081 0.0199742 -0.0122804
v 0.178961 0.0099639 -0.0137714
v 0.17878 -6.28101e-05 -0.0140521
v 0.0995714 0.100047 -0.00458167
v 0.109578 0.0900341 -0.00524211
v 0.119518 0.0800245 -0.00618784
v 0.129447 0.0700171 -0.00722098
v 0.13937 0.0600078 -0.00834299
v 0.149284 0.0499987 -0.00955317
v 0.159186 0.0399918 -0.0108535
v 0.169078 0.0299832 -0.0122401
v 0.178959 0.0199748 -0.0137176
v 0.18883 0.00996271 -0.0152822
v 0.188638 -6.15037e-05 -0.0155691
v 0.109503 0.100048 -0.00550775
v 0.11951 0.0900331 -0.00623561
v 0.129442 0.0800235 -0.00725469
v 0.139364 0.0700152 -0.00836142
v 0.149279 0.0600072 -0.00955885
v 0.159182 0.0499987 -0.0108419
v 0.169074 0.0399918 -0.0122154
v 0.178958 0.0299823 -0.0136779
v 0.188827 0.0199723 -0.0152263
v 0.198686 0.00996401 -0.0168677
v 0.198488 -6.38227e-05 -0.0171579
v 0.119426 0.100046 -0.00650295
v 0.129431 0.0900319 -0.00729989
v 0.139354 0.0800247 -0.008394
v 0.149272 0.0700151 -0.00957707
v 0.159176 0.060008 -0.0108473
v 0.169071 0.0499996 -0.0122061
v 0.178954 0.039989 -0.0136512
v 0.188827 0.0299812 -0.0151887
v 0.198685 0.0199723 -0.0168122
v 0.208531 0.00996426 -0.0185263
v 0.208325 -6.40545e-05 -0.0188214
v 0.129342 0.100047 -0.00757542
v 0.139344 0.0900332 -0.00844165
v 0.149261 0.080025 -0.00960931
v 0.159167 0.0700164 -0.0108651
v 0.169065 0.0600067 -0.0122094
v 0.178949 0.049998 -0.0136413
v 0.188824 0.0399894 -0.0151639
v 0.198684 0.0299797 -0.0167723
v 0.208532 0.0199713 -0.0184711
v 0.218362 0.00996308 -0.0202554
v 0.218148 -6.26758e-05 -0.020557
v 0.139247 0.100048 -0.00871838
v 0.14925 0.0900336 -0.00965661
v 0.159159 0.0800237 -0.010898
v 0.169055 0.0700158 -0.0122266
v 0.178944 0.0600061 -0.0136465
v 0.188817 0.0499995 -0.0151532
v 0.198679 0.0399893 -0.0167466
v 0.208528 0.0299805 -0.0184302
v 0.218363 0.0199721 -0.0202018
v 0.228183 0.00996312 -0.0220617
v 0.227962 -6.31158e-05 -0.0223684
v 0.149147 0.100048 -0.0099369
v 0.159147 0.0900325 -0.0109447
v 0.169048 0.0800236 -0.0122614
v 0.178932 0.0700159 -0.0136629
v 0.18881 0.0600086 -0.0151575
v 0.198674 0.0499977 -0.016736
v 0.208525 0.0399885 -0.0184046
v 0.218361 0.0299799 -0.0201608
v 0.228185 0.019971 -0.0220079
v 0.23799 0.00996091 -0.0239384
v 0.237759 -6.27514e-05 -0.0242491
v 0.159038 0.100047 -0.0112283
v 0.169034 0.0900327 -0.0123074
v 0.178923 0.0800242 -0.0136969
v 0.1888 0.0700162 -0.0151741
v 0.198667 0.0600078 -0.0167419
v 0.20852 0.0499982 -0.0183955
v 0.218357 0.0399895 -0.0201366
v 0.228183 0.0299807 -0.0219683
v 0.237991 0.0199708 -0.0238858
v 0.247783 0.00996213 -0.0258911
v 0.247548 -6.50236e-05 -0.0262056
v 0.168918 0.100047 -0.0125941
v 0.17891 0.0900337 -0.0137445
v 0.188789 0.0800251 -0.015207
v 0.198658 0.0700164 -0.0167599
v 0.208512 0.0600065 -0.0183985
v 0.218351 0.0499976 -0.0201246
v 0.228177 0.0399889 -0.0219411
v 0.23799 0.0299793 -0.0238458
v 0.247782 0.0199711 -0.0258355
v 0.257562 0.00996025 -0.0279142
v 0.257318 -6.43154e-05 -0.028233
v 0.178788 0.100049 -0.014034
v 0.188778 0.0900321 -0.0152545
v 0.198646 0.0800231 -0.01679
v 0.2085 0.070016 -0.0184152
v 0.218343 0.0600071 -0.0201289
v 0.228171 0.0499985 -0.0219302
v 0.237984 0.0399893 -0.0238197
v 0.247782 0.0299786 -0.0257949
v 0.257564 0.0199684 -0.0278605
v 0.267326 0.00996091 -0.0300133
v 0.267075 -6.40361e-05 -0.030335
v 0.18865 0.100047 -0.0155467
v 0.198631 0.0900336 -0.0168377
v 0.208488 0.0800235 -0.0184465
v 0.218332 0.0700147 -0.0201451
v 0.228164 0.0600063 -0.021934
v 0.237978 0.0499974 -0.0238082
v 0.247779 0.0399873 -0.0257707
v 0.257562 0.0299779 -0.0278207
v 0.267327 0.0199683 -0.0299562
v 0.277073 0.00996071 -0.0321818
v 0.276815 -6.4611e-05 -0.0325064
v 0.1985 0.100046 -0.0171335
v 0.208475 0.0900318 -0.0184938
v 0.218321 0.0800231 -0.0201774
v 0.228153 0.070015 -0.0219512
v 0.237968 0.0600066 -0.0238102
v 0.247772 0.0499971 -0.02576
v 0.257556 0.0399884 -0.0277946
v 0.267323 0.0299799 -0.029917
v 0.277074 0.0199705 -0.0321278
v 0.286807 0.00995924 -0.0344248
v 0.286543 -6.6492e-05 -0.0347526
v 0.208336 0.100048 -0.0187932
v 0.218307 0.0900321 -0.0202255
v 0.228141 0.0800245 -0.0219842
v 0.237957 0.0700167 -0.023828
v 0.247761 0.0600077 -0.0257626
v 0.25755 0.049997 -0.0277829
v 0.26732 0.0399894 -0.0298925
v 0.277072 0.0299782 -0.0320861
v 0.286808 0.0199684 -0.0343697
v 0.296524 0.00995908 -0.0367412
v 0.296251 -6.69994e-05 -0.0370697
v 0.218161 0.100049 -0.020527
v 0.228125 0.0900343 -0.0220304
v 0.237946 0.0800241 -0.0238602
v 0.247751 0.0700161 -0.0257795
v 0.257539 0.0600062 -0.0277845
v 0.267314 0.0499967 -0.0298797
v 0.277069 0.0399867 -0.0320603
v 0.286807 0.0299784 -0.0343308
v 0.296525 0.0199677 -0.0366848
v 0.306223 0.00995981 -0.0391287
v 0.305944 -6.65967e-05 -0.0394604
v 0.227973 0.100049 -0.0223322
v 0.237929 0.0900349 -0.0239069
v 0.247738 0.0800247 -0.0258121
v 0.25753 0.0700159 -0.0278044
v 0.267304 0.0600076 -0.0298842
v 0.277063 0.0499959 -0.0320503
v 0.286801 0.039989 -0.0343051
v 0.296523 0.029977 -0.0366445
v 0.306225 0.019968 -0.0390734
v 0.315906 0.00995801 -0.0415882
v 0.315618 -6.5683e-05 -0.0419222
v 0.237774 0.100047 -0.0242114
v 0.247722 0.0900335 -0.0258576
v 0.257514 0.0800259 -0.0278346
v 0.267292 0.0700158 -0.0299001
v 0.277052 0.0600056 -0.0320508
v 0.286793 0.0499971 -0.0342911
v 0.296517 0.0399868 -0.0366174
v 0.306222 0.0299767 -0.0390315
v 0.315905 0.0199688 -0.0415328
v 0.325568 0.00995927 -0.0441203
v 0.325276 -6.46543e-05 -0.0444578
v 0.24756 0.100047 -0.0261635
v 0.257498 0.0900327 -0.0278788
v 0.267279 0.0800241 -0.0299315
v 0.277041 0.0700153 -0.0320694
v 0.286783 0.0600056 -0.0342927
v 0.296509 0.049997 -0.0366058
v 0.306216 0.0399888 -0.0390067
v 0.315904 0.029977 -0.0414917
v 0.325569 0.0199698 -0.0440657
v 0.335213 0.00995723 -0.0467221
v 0.334914 -6.69786e-05 -0.0470605
v 0.257331 0.100047 -0.0281885
v 0.26726 0.0900351 -0.0299772
v 0.277026 0.080025 -0.0321007
v 0.28677 0.070017 -0.034311
v 0.2965 0.0600073 -0.0366097
v 0.306208 0.0499981 -0.0389934
v 0.315897 0.0399885 -0.0414651
v 0.325566 0.0299776 -0.0440226
v 0.335215 0.0199675 -0.046668
v 0.344841 0.00995741 -0.0493992
v 0.344535 -6.69811e-05 -0.0497387
v 0.267087 0.100048 -0.0302864
v 0.277007 0.0900343 -0.0321447
v 0.286755 0.0800252 -0.0343406
v 0.296488 0.0700146 -0.0366247
v 0.306197 0.0600074 -0.0389953
v 0.31589 0.049997 -0.0414524
v 0.325563 0.0399885 -0.0439991
v 0.335212 0.029978 -0.046627
v 0.344841 0.0199676 -0.0493429
v 0.354445 0.00995944 -0.0521465
v 0.354136 -6.51258e-05 -0.0524897
v 0.276829 0.100049 -0.0324572
v 0.286737 0.0900359 -0.0343867
v 0.296473 0.0800244 -0.0366564
v 0.306185 0.0700165 -0.0390124
v 0.315881 0.0600054 -0.0414548
v 0.325555 0.0499963 -0.0439843
v 0.335207 0.0399884 -0.0466013
v 0.344838 0.0299778 -0.0493022
v 0.354446 0.0199696 -0.0520905
v 0.364033 0.00995693 -0.0549638
v 0.363717 -6.48112e-05 -0.0553098
v 0.286555 0.100049 -0.0347009
v 0.296452 0.0900364 -0.036702
v 0.30617 0.080025 -0.039042
v 0.315867 0.0700163 -0.0414712
v 0.325543 0.0600068 -0.043986
v 0.335198 0.0499986 -0.0465882
v 0.344834 0.0399879 -0.0492768
v 0.354446 0.0299767 -0.0520485
v 0.364037 0.0199672 -0.0549105
v 0.3736 0.00995843 -0.0578556
v 0.373277 -6.63887e-05 -0.0581989
v 0.296264 0.100048 -0.0370151
v 0.306151 0.0900356 -0.0390879
v 0.315851 0.0800266 -0.0415025
v 0.32553 0.0700168 -0.0440026
v 0.335187 0.0600084 -0.0465901
v 0.344826 0.0499975 -0.0492638
v 0.354441 0.0399893 -0.0520246
v 0.364033 0.0299771 -0.0548674
v 0.373601 0.0199688 -0.0577997
v 0.383146 0.00995763 -0.0608165
v 0.382817 -6.43818e-05 -0.0611627
v 0.305957 0.100049 -0.0394038
v 0.315831 0.0900359 -0.0415461
v 0.325512 0.080026 -0.0440315
v 0.335175 0.0700174 -0.0466068
v 0.344816 0.0600066 -0.0492657
v 0.354433 0.0499986 -0.0520115
v 0.364029 0.0399866 -0.0548419
v 0.373599 0.0299787 -0.057759
v 0.383146 0.0199681 -0.0607604
v 0.39267 0.00995698 -0.0638482
v 0.392337 -6.50429e-05 -0.0641959
v 0.315631 0.100051 -0.0418645
v 0.325492 0.0900369 -0.0440766
v 0.335159 0.0800256 -0.0466356
v 0.3448 0.0700178 -0.0492812
v 0.354423 0.0600071 -0.0520133
v 0.36402 0.0499984 -0.0548301
v 0.373596 0.039988 -0.0577332
v 0.383145 0.0299781 -0.0607194
v 0.39267 0.0199678 -0.0637918
v 0.40217 0.00995916 -0.0669523
v 0.401831 -6.29402e-05 -0.0672991
v 0.325289 0.100051 -0.0443959
v 0.335137 0.0900353 -0.046678
v 0.344783 0.0800279 -0.0493113
v 0.354408 0.0700176 -0.0520285
v 0.364008 0.0600065 -0.0548289
v 0.373588 0.0499967 -0.0577196
v 0.383141 0.0399875 -0.0606932
v 0.39267 0.029978 -0.0637529
v 0.402174 0.0199674 -0.0668964
v 0.411649 0.0099578 -0.0701234
v 0.411306 -6.42708e-05 -0.0704719
v 0.334929 0.100049 -0.046998
v 0.344762 0.0900367 -0.0493533
v 0.354389 0.0800269 -0.0520556
v 0.363993 0.0700164 -0.0548438
v 0.373575 0.0600073 -0.0577194
v 0.383132 0.0499988 -0.0606806
v 0.392664 0.0399873 -0.0637235
v 0.402171 0.0299778 -0.0668543
v 0.411652 0.0199695 -0.0700709
v 0.421104 0.00995848 -0.0733673
v 0.420758 -6.35282e-05 -0.0737174
v 0.344549 0.10005 -0.0496739
v 0.354369 0.0900375 -0.0521012
v 0.363975 0.0800278 -0.0548744
v 0.37356 0.0700167 -0.0577336
v 0.383121 0.0600091 -0.0606822
v 0.392656 0.0499986 -0.0637127
v 0.402165 0.0399902 -0.0668283
v 0.411649 0.0299802 -0.0700281
v 0.421107 0.0199706 -0.073314
v 0.430539 0.00995777 -0.0766826
v 0.430188 -6.416e-05 -0.077032
v 0.354151 0.10005 -0.0524221
v 0.363953 0.0900376 -0.0549167
v 0.373542 0.0800274 -0.0577635
v 0.383105 0.070018 -0.0606957
v 0.392645 0.0600086 -0.0637136
v 0.402158 0.0499986 -0.0668151
v 0.411646 0.0399898 -0.0700022
v 0.421106 0.0299788 -0.0732713
v 0.43054 0.0199706 -0.0766283
v 0.439946 0.00995831 -0.0800659
v 0.43959 -6.34981e-05 -0.0804146
v 0.363732 0.100053 -0.0552418
v 0.373518 0.0900393 -0.0578065
v 0.383087 0.0800283 -0.0607247
v 0.392629 0.0700172 -0.0637262
v 0.402146 0.0600085 -0.0668151
v 0.411638 0.0499983 -0.0699881
v 0.421102 0.0399888 -0.0732444
v 0.43054 0.0299793 -0.0765871
v 0.43995 0.0199689 -0.0800116
v 0.449329 0.00995969 -0.0835199
v 0.448971 -6.19626e-05 -0.0838705
v 0.373293 0.100051 -0.0581301
v 0.383063 0.0900394 -0.0607668
v 0.392608 0.0800299 -0.0637557
v 0.40213 0.0700197 -0.0668306
v 0.411625 0.0600081 -0.069987
v 0.421094 0.0500003 -0.0732331
v 0.430535 0.0399896 -0.076559
v 0.439947 0.0299811 -0.0799706
v 0.449334 0.019971 -0.0834669
v 0.458688 0.0099615 -0.087045
v 0.458328 -6.2831e-05 -0.0873935
v 0.382833 0.100051 -0.0610901
v 0.392588 0.0900376 -0.0637976
v 0.402111 0.0800291 -0.0668574
v 0.411608 0.0700192 -0.0700012
v 0.421079 0.0600102 -0.0732307
v 0.430526 0.0500014 -0.0765464
v 0.439944 0.039989 -0.0799423
v 0.449333 0.0299809 -0.0834257
v 0.458692 0.0199708 -0.0869891
v 0.468022 0.0099605 -0.0906372
v 0.467656 -6.07054e-05 -0.0909868
v 0.392351 0.100052 -0.064122
v 0.402088 0.0900391 -0.0668996
v 0.41159 0.0800283 -0.0700293
v 0.421064 0.0700212 -0.0732461
v 0.430512 0.0600114 -0.0765452
v 0.439936 0.050001 -0.0799308
v 0.449328 0.0399894 -0.0833959
v 0.458692 0.0299815 -0.0869489
v 0.468026 0.0199707 -0.0905824
v 0.477329 0.00996214 -0.0942998
v 0.476961 -6.16846e-05 -0.0946474
v 0.401848 0.100054 -0.0672259
v 0.411564 0.0900408 -0.0700714
v 0.421045 0.0800301 -0.0732727
v 0.430497 0.0700195 -0.0765576
v 0.439923 0.0600113 -0.0799305
v 0.449318 0.0500019 -0.0833828
v 0.458687 0.0399905 -0.0869201
v 0.468027 0.0299823 -0.090543
v 0.477335 0.0199705 -0.0942444
v 0.486611 0.00996023 -0.0980302
v 0.486239 -6.04134e-05 -0.0983788
v 0.411323 0.100053 -0.0703981
v 0.421022 0.0900394 -0.0733143
v 0.430477 0.0800312 -0.0765865
v 0.439906 0.0700195 -0.0799413
v 0.449306 0.0600125 -0.0833834
v 0.458679 0.0500007 -0.0869064
v 0.468022 0.039992 -0.090515
v 0.477335 0.0299829 -0.0942058
v 0.486615 0.0199726 -0.0979769
v 0.495866 0.00996311 -0.101833
v 0.495489 -6.00674e-05 -0.102177
v 0.420773 0.100055 -0.0736415
v 0.430453 0.0900402 -0.0766264
v 0.439884 0.0800311 -0.0799685
v 0.449289 0.0700209 -0.0833949
v 0.458667 0.0600117 -0.0869076
v 0.468011 0.0500028 -0.0904994
v 0.47733 0.0399935 -0.0941784
v 0.486614 0.0299831 -0.097935
v 0.495871 0.0199737 -0.101779
v 0.505094 0.00996172 -0.105701
v 0.504714 -5.81851e-05 -0.106047
v 0.430202 0.100054 -0.0769536
v 0.439861 0.0900401 -0.080009
v 0.449268 0.0800326 -0.0834227
v 0.45865 0.0700232 -0.0869211
v 0.468001 0.0600114 -0.0904998
v 0.477321 0.050002 -0.0941619
v 0.486611 0.0399917 -0.0979066
v 0.495871 0.0299824 -0.101736
v 0.505098 0.0199736 -0.105648
v 0.514292 0.00996442 -0.10964
v 0.513909 -5.79293e-05 -0.109981
v 0.439607 0.100054 -0.0803374
v 0.449246 0.0900415 -0.0834637
v 0.458628 0.0800322 -0.0869454
v 0.467984 0.0700233 -0.0905137
v 0.477307 0.0600141 -0.0941616
v 0.486603 0.0500039 -0.0978945
v 0.495867 0.039992 -0.101708
v 0.505098 0.0299835 -0.105605
v 0.514297 0.0199747 -0.109585
v 0.523461 0.00996502 -0.113644
v 0.523079 -5.68719e-05 -0.113987
v 0.448987 0.100054 -0.0837893
v 0.458602 0.090044 -0.0869857
v 0.467963 0.0800325 -0.0905383
v 0.477291 0.0700236 -0.0941745
v 0.48659 0.0600137 -0.0978931
v 0.495857 0.0500022 -0.101692
v 0.505093 0.0399941 -0.105577
v 0.514297 0.029983 -0.109542
v 0.523467 0.0199739 -0.113588
v 0.532604 0.00996327 -0.117716
v 0.532216 -5.52495e-05 -0.118058
v 0.458343 0.100055 -0.0873132
v 0.467936 0.0900445 -0.0905788
v 0.477269 0.0800332 -0.0941992
v 0.486574 0.0700238 -0.097906
v 0.495846 0.0600128 -0.101693
v 0.505085 0.0500053 -0.105564
v 0.514292 0.0399948 -0.109514
v 0.523468 0.0299835 -0.113547
v 0.532611 0.0199737 -0.117663
v 0.541716 0.00996452 -0.121857
v 0.541328 -5.62953e-05 -0.122197
v 0.467671 0.100056 -0.0909046
v 0.477244 0.0900425 -0.0942384
v 0.486552 0.0800338 -0.0979309
v 0.495827 0.0700235 -0.101704
v 0.505073 0.0600138 -0.105561
v 0.514285 0.0500041 -0.109499
v 0.523466 0.0399936 -0.11352
v 0.532611 0.0299847 -0.117622
v 0.541721 0.0199765 -0.121803
v 0.550798 0.00996558 -0.126065
v 0.55041 -5.46807e-05 -0.126406
v 0.476975 0.100056 -0.0945648
v 0.486526 0.0900434 -0.09797
v 0.495807 0.0800341 -0.101731
v 0.505055 0.0700253 -0.105574
v 0.51427 0.0600164 -0.109498
v 0.523457 0.050004 -0.113506
v 0.532605 0.0399961 -0.117592
v 0.541724 0.0299861 -0.121763
v 0.550806 0.0199764 -0.126013
v 0.559851 0.00996612 -0.130342
v 0.55946 -5.35221e-05 -0.130679
v 0.486253 0.100058 -0.0982967
v 0.495781 0.0900441 -0.10177
v 0.505032 0.0800364 -0.105599
v 0.514253 0.0700259 -0.109509
v 0.523443 0.0600146 -0.113503
v 0.532599 0.0500049 -0.117579
v 0.54172 0.0399961 -0.121735
v 0.550807 0.0299876 -0.125972
v 0.559859 0.0199758 -0.130288
v 0.568872 0.00996871 -0.134685
v 0.568482 -5.31661e-05 -0.135022
v 0.495505 0.100058 -0.102096
v 0.505005 0.090047 -0.105637
v 0.514232 0.0800349 -0.109534
v 0.523425 0.0700249 -0.113514
v 0.532586 0.0600165 -0.117578
v 0.54171 0.0500062 -0.121718
v 0.550803 0.0399962 -0.125942
v 0.559858 0.0299887 -0.130247
v 0.568879 0.0199773 -0.13463
v 0.577864 0.0099672 -0.139094
v 0.57747 -5.10335e-05 -0.139429
v 0.504728 0.100059 -0.105964
v 0.514205 0.0900461 -0.109573
v 0.523402 0.0800376 -0.11354
v 0.532566 0.0700279 -0.117588
v 0.541699 0.0600161 -0.121718
v 0.550794 0.0500076 -0.125928
v 0.559855 0.0399988 -0.130219
v 0.56888 0.0299891 -0.134589
v 0.577871 0.0199778 -0.13904
v 0.58682 0.00996996 -0.143569
v 0.586428 -5.03987e-05 -0.143903
v 0.513923 0.10006 -0.109899
v 0.523377 0.0900467 -0.113578
v 0.532544 0.0800386 -0.117612
v 0.541681 0.0700286 -0.12173
v 0.550781 0.0600189 -0.125927
v 0.559848 0.0500089 -0.130205
v 0.568879 0.039998 -0.134562
v 0.577871 0.0299885 -0.138998
v 0.586829 0.0199797 -0.143516
v 0.595747 0.009971 -0.148111
v 0.595353 -4.86286e-05 -0.148442
v 0.523092 0.10006 -0.113903
v 0.532517 0.0900485 -0.11765
v 0.541658 0.0800375 -0.121752
v 0.550762 0.0700297 -0.125937
v 0.559834 0.0600187 -0.130202
v 0.56887 0.0500096 -0.134547
v 0.57787 0.0399992 -0.138972
v 0.586831 0.0299895 -0.143474
v 0.595757 0.0199799 -0.148059
v 0.604642 0.00996986 -0.152718
v 0.604249 -4.89295e-05 -0.153049
v 0.532231 0.100061 -0.117976
v 0.54163 0.0900483 -0.12179
v 0.55074 0.0800397 -0.125961
v 0.559818 0.0700279 -0.130212
v 0.568857 0.0600209 -0.134546
v 0.57786 0.0500096 -0.138955
v 0.586829 0.0399991 -0.143446
v 0.595759 0.0299917 -0.148019
v 0.604649 0.019981 -0.152665
v 0.613503 0.00997209 -0.157394
v 0.613109 -4.58488e-05 -0.157722
v 0.541343 0.100061 -0.122116
v 0.550714 0.0900486 -0.125998
v 0.559793 0.0800391 -0.130235
v 0.568839 0.0700287 -0.134554
v 0.577849 0.0600196 -0.138954
v 0.586821 0.0500113 -0.143433
v 0.595756 0.0400004 -0.147988
v 0.604652 0.029992 -0.152625
v 0.613511 0.0199826 -0.15734
v 0.622331 0.00997162 -0.162132
v 0.621936 -4.54426e-05 -0.162457
v 0.550423 0.100061 -0.126322
v 0.559768 0.0900491 -0.130274
v 0.568815 0.0800412 -0.134578
v 0.57783 0.0700317 -0.138965
v 0.586809 0.0600201 -0.14343
v 0.595747 0.0500115 -0.147973
v 0.604651 0.0400027 -0.152599
v 0.613515 0.0299929 -0.157301
v 0.622339 0.0199844 -0.16208
v 0.631124 0.00997393 -0.166936
v 0.630732 -4.50714e-05 -0.16726
v 0.559473 0.100061 -0.130596
v 0.568788 0.0900523 -0.134616
v 0.577808 0.0800427 -0.138989
v 0.586789 0.0700309 -0.143438
v 0.595734 0.0600221 -0.147971
v 0.604644 0.0500129 -0.152584
v 0.613513 0.0400028 -0.157272
v 0.622341 0.0299941 -0.162038
v 0.631134 0.0199835 -0.166884
v 0.639883 0.0099758 -0.171807
v 0.639491 -4.2223e-05 -0.172128
v 0.568491 0.100064 -0.134938
v 0.577779 0.0900523 -0.139024
v 0.586767 0.0800434 -0.143464
v 0.595718 0.0700317 -0.147982
v 0.60463 0.0600224 -0.152579
v 0.613505 0.050015 -0.157258
v 0.622342 0.0400034 -0.162012
v 0.631135 0.0299954 -0.166843
v 0.639894 0.019985 -0.171754
v 0.648607 0.009977 -0.17674
v 0.648215 -4.00181e-05 -0.177059
v 0.577481 0.100065 -0.139347
v 0.586739 0.0900516 -0.143498
v 0.595694 0.0800429 -0.148004
v 0.604613 0.0700337 -0.152591
v 0.613492 0.0600236 -0.157253
v 0.622332 0.0500149 -0.161995
v 0.631134 0.0400041 -0.166814
v 0.639896 0.0299965 -0.171713
v 0.648618 0.0199859 -0.176687
v 0.657296 0.0099773 -0.181737
v 0.656906 -3.87272e-05 -0.182056
v 0.586439 0.100064 -0.143821
v 0.595667 0.0900526 -0.14804
v 0.60459 0.0800438 -0.152613
v 0.613474 0.070034 -0.157262
v 0.622321 0.0600254 -0.161994
v 0.631127 0.0500149 -0.1668
v 0.639893 0.0400075 -0.171685
v 0.64862 0.0299971 -0.176646
v 0.657305 0.0199888 -0.181686
v 0.665949 0.00997922 -0.1868
v 0.665561 -3.85624e-05 -0.187115
v 0.595365 0.100066 -0.148362
v 0.60456 0.090055 -0.152647
v 0.61345 0.0800458 -0.157286
v 0.622303 0.0700349 -0.162003
v 0.631117 0.0600248 -0.166798
v 0.639887 0.0500177 -0.17167
v 0.648621 0.0400077 -0.176621
v 0.657312 0.029997 -0.181645
v 0.66596 0.0199878 -0.186747
v 0.674566 0.00997971 -0.191925
v 0.674181 -3.7004e-05 -0.192239
v 0.604257 0.100066 -0.152968
v 0.613423 0.0900558 -0.157321
v 0.62228 0.0800457 -0.162025
v 0.631098 0.0700363 -0.166807
v 0.639877 0.060027 -0.171668
v 0.648614 0.0500175 -0.176605
v 0.65731 0.0400072 -0.181617
v 0.665965 0.0299986 -0.186708
v 0.674578 0.0199911 -0.191876
v 0.683146 0.00998132 -0.197115
v 0.682762 -3.43133e-05 -0.197426
v 0.613118 0.100067 -0.157641
v 0.62225 0.0900575 -0.16206
v 0.631076 0.0800462 -0.16683
v 0.639858 0.0700377 -0.171677
v 0.6486 0.0600289 -0.176602
v 0.657303 0.0500194 -0.181603
v 0.665963 0.0400086 -0.186679
v 0.674583 0.0300017 -0.191836
v 0.683158 0.0199927 -0.197065
v 0.69169 0.00998382 -0.202368
v 0.691307 -3.34912e-05 -0.202676
v 0.621944 0.100067 -0.162378
v 0.631046 0.0900571 -0.166863
v 0.639836 0.0800469 -0.171699
v 0.648582 0.0700391 -0.17661
v 0.657291 0.0600304 -0.181601
v 0.665958 0.0500204 -0.186667
v 0.674581 0.0400116 -0.191807
v 0.683164 0.0300006 -0.197023
v 0.691703 0.0199925 -0.202317
v 0.700197 0.00998408 -0.207684
v 0.699818 -3.2066e-05 -0.20799
v 0.630737 0.100068 -0.16718
v 0.639805 0.0900597 -0.171733
v 0.64856 0.0800475 -0.176631
v 0.657273 0.07004 -0.181609
v 0.665944 0.0600311 -0.186662
v 0.674577 0.0500204 -0.191793
v 0.683163 0.0400131 -0.196998
v 0.691709 0.0300032 -0.202279
v 0.700209 0.019993 -0.207631
v 0.708665 0.00998473 -0.213062
v 0.708288 -3.01959e-05 -0.213366
v 0.639498 0.100069 -0.17205
v 0.648531 0.0900596 -0.176666
v 0.657249 0.0800507 -0.18163
v 0.665928 0.0700403 -0.186671
v 0.674565 0.0600308 -0.191789
v 0.683158 0.0500218 -0.196982
v 0.691709 0.040013 -0.202251
v 0.700215 0.0300039 -0.207593
v 0.708678 0.0199967 -0.213013
v 0.717097 0.0099856 -0.218504
v 0.716721 -2.80818e-05 -0.218804
v 0.648222 0.10007 -0.176983
v 0.657222 0.0900593 -0.181663
v 0.665905 0.0800504 -0.186691
v 0.674545 0.0700424 -0.191797
v 0.683146 0.060032 -0.196978
v 0.691703 0.0500244 -0.202237
v 0.700216 0.0400137 -0.207567
v 0.708685 0.0300051 -0.212973
v 0.717107 0.019998 -0.218452
v 0.725486 0.00998928 -0.224006
v 0.725115 -2.59803e-05 -0.224305
v 0.656909 0.100071 -0.181979
v 0.665875 0.0900613 -0.186725
v 0.674523 0.0800522 -0.191819
v 0.683128 0.0700434 -0.196987
v 0.69169 0.0600345 -0.202232
v 0.700209 0.0500252 -0.207552
v 0.708685 0.0400151 -0.212946
v 0.717115 0.0300066 -0.218414
v 0.725498 0.0199992 -0.223955
v 0.733838 0.00998999 -0.229569
v 0.733472 -2.68484e-05 -0.229866
v 0.665564 0.100072 -0.187041
v 0.674494 0.0900625 -0.191851
v 0.683106 0.0800528 -0.197008
v 0.691675 0.0700429 -0.202241
v 0.700198 0.0600353 -0.207548
v 0.708678 0.0500268 -0.21293
v 0.717115 0.040017 -0.218386
v 0.725506 0.0300083 -0.223916
v 0.733852 0.0200005 -0.22952
v 0.742152 0.00999036 -0.235195
v 0.741788 -2.5225e-05 -0.235488
v 0.674183 0.100072 -0.192167
v 0.683078 0.0900628 -0.197042
v 0.691651 0.080055 -0.202262
v 0.700181 0.0700465 -0.207558
v 0.708668 0.0600369 -0.212928
v 0.71711 0.050026 -0.21837
v 0.725507 0.040019 -0.22389
v 0.73386 0.03001 -0.229483
v 0.742165 0.0200014 -0.235145
v 0.750423 0.00999291 -0.240881
v 0.750063 -2.14424e-05 -0.241173
v 0.682761 0.100074 -0.197354
v 0.691622 0.0900647 -0.202294
v 0.700157 0.0800556 -0.207576
v 0.708651 0.0700454 -0.212935
v 0.717099 0.0600364 -0.218367
v 0.725503 0.0500284 -0.223876
v 0.73386 0.0400211 -0.229456
v 0.742172 0.0300114 -0.235107
v 0.750438 0.0200018 -0.240831
v 0.758657 0.0099946 -0.24663
v 0.758301 -2.12925e-05 -0.246918
v 0.691306 0.100076 -0.202606
v 0.70013 0.0900651 -0.20761
v 0.708628 0.0800572 -0.212956
v 0.717083 0.0700477 -0.218377
v 0.725492 0.060039 -0.223872
v 0.733856 0.0500309 -0.229441
v 0.742175 0.0400202 -0.235081
v 0.750446 0.0300124 -0.240795
v 0.758671 0.0200042 -0.24658
v 0.766848 0.00999513 -0.252436
v 0.766496 -1.94101e-05 -0.252723
v 0.699815 0.100075 -0.207921
v 0.7086 0.0900667 -0.212989
v 0.717059 0.0800569 -0.218396
v 0.725475 0.0700478 -0.223879
v 0.733846 0.060039 -0.229437
v 0.742171 0.0500305 -0.235067
v 0.750447 0.0400217 -0.240768
v 0.758678 0.0300154 -0.246543
v 0.766862 0.0200056 -0.252388
v 0.774997 0.00999719 -0.258304
v 0.774652 -1.59828e-05 -0.258592
v 0.708285 0.100077 -0.213299
v 0.717031 0.0900691 -0.218431
v 0.725452 0.0800599 -0.2239
v 0.733827 0.0700509 -0.229444
v 0.742159 0.0600418 -0.235064
v 0.750442 0.0500325 -0.240753
v 0.75868 0.0400255 -0.246517
v 0.766872 0.0300149 -0.252351
v 0.775012 0.0200087 -0.258258
v 0.783105 0.0100006 -0.264234
v 0.782764 -1.38874e-05 -0.264517
v 0.716714 0.100079 -0.218738
v 0.725424 0.0900694 -0.223932
v 0.733807 0.0800605 -0.229465
v 0.742142 0.0700513 -0.235071
v 0.750433 0.0600417 -0.240749
v 0.758677 0.0500342 -0.246503
v 0.766872 0.0400257 -0.252325
v 0.77502 0.0300189 -0.25822
v 0.78312 0.0200104 -0.264185
v 0.791171 0.0100027 -0.270222
v 0.790837 -1.33054e-05 -0.270503
v 0.725109 0.100079 -0.224242
v 0.733777 0.0900703 -0.229496
v 0.74212 0.0800612 -0.235091
v 0.750417 0.0700516 -0.240758
v 0.758668 0.0600439 -0.2465
v 0.76687 0.0500351 -0.252312
v 0.775025 0.0400278 -0.258196
v 0.78313 0.0300189 -0.264148
v 0.791189 0.0200107 -0.270174
v 0.799195 0.0100031 -0.276267
v 0.798866 -1.15617e-05 -0.276546
v 0.733462 0.10008 -0.229805
v 0.742092 0.0900713 -0.235122
v 0.750396 0.080062 -0.240779
v 0.758651 0.0700545 -0.246508
v 0.76686 0.0600456 -0.252308
v 0.775021 0.0500381 -0.258182
v 0.783133 0.0400288 -0.264123
v 0.791199 0.0300203 -0.270138
v 0.799213 0.0200124 -0.276221
v 0.807177 0.0100046 -0.282373
v 0.806853 -8.67234e-06 -0.282651
v 0.741777 0.100081 -0.235431
v 0.750366 0.0900725 -0.240809
v 0.758629 0.0800627 -0.246526
v 0.766845 0.0700541 -0.252315
v 0.775011 0.0600466 -0.258176
v 0.78313 0.05004 -0.26411
v 0.791201 0.0400314 -0.270112
v 0.799222 0.0300232 -0.276184
v 0.807193 0.0200151 -0.282326
v 0.815113 0.010007 -0.288536
v 0.814795 -4.90762e-06 -0.288812
v 0.750051 0.100083 -0.241117
v 0.7586 0.0900737 -0.246557
v 0.766822 0.0800657 -0.252336
v 0.774996 0.0700558 -0.258184
v 0.78312 0.0600494 -0.264105
v 0.791197 0.0500408 -0.270097
v 0.799227 0.0400325 -0.276161
v 0.807204 0.0300244 -0.28229
v 0.815131 0.0200161 -0.288489
v 0.823007 0.0100102 -0.294759
v 0.822698 -3.14903e-06 -0.295034
v 0.758285 0.100084 -0.246864
v 0.766795 0.0900745 -0.252367
v 0.774975 0.0800653 -0.258204
v 0.783107 0.0700567 -0.264114
v 0.79119 0.0600511 -0.270096
v 0.799224 0.050043 -0.276147
v 0.807207 0.040035 -0.282266
v 0.815142 0.0300267 -0.288455
v 0.823027 0.020018 -0.294713
v 0.830858 0.0100113 -0.301038
v 0.830554 -7.40541e-07 -0.301312
v 0.766479 0.100086 -0.252672
v 0.774946 0.0900749 -0.258234
v 0.783085 0.0800671 -0.264132
v 0.791175 0.0700594 -0.270103
v 0.799216 0.0600517 -0.276143
v 0.807206 0.0500439 -0.282252
v 0.815148 0.0400358 -0.288431
v 0.82304 0.0300271 -0.294678
v 0.830878 0.0200205 -0.300994
v 0.838665 0.0100129 -0.307376
v 0.838368 -5.60807e-07 -0.307647
v 0.774632 0.100087 -0.258541
v 0.783056 0.0900774 -0.264163
v 0.791154 0.0800679 -0.270121
v 0.799199 0.070061 -0.276149
v 0.807198 0.0600537 -0.28225
v 0.815147 0.050046 -0.288418
v 0.823043 0.0400376 -0.294653
v 0.83089 0.0300284 -0.300957
v 0.838683 0.0200237 -0.307331
v 0.846427 0.0100149 -0.313771
v 0.846135 2.836e-06 -0.314039
v 0.782743 0.100087 -0.264467
v 0.791126 0.0900791 -0.270153
v 0.799179 0.0800704 -0.276169
v 0.807185 0.0700613 -0.282257
v 0.815138 0.0600542 -0.288414
v 0.823043 0.0500464 -0.294641
v 0.830893 0.0400403 -0.300934
v 0.838696 0.0300303 -0.307295
v 0.846446 0.0200246 -0.313726
v 0.854143 0.0100173 -0.320223
v 0.853859 3.77947e-06 -0.320487
v 0.790813 0.100087 -0.270455
v 0.799152 0.0900798 -0.276199
v 0.807162 0.0800718 -0.282276
v 0.815125 0.070063 -0.288423
v 0.823035 0.0600559 -0.294638
v 0.830895 0.0500477 -0.300922
v 0.838701 0.040041 -0.307272
v 0.846459 0.0300329 -0.313692
v 0.854162 0.0200259 -0.320176
v 0.861813 0.01002 -0.32673
v 0.861537 7.79627e-06 -0.326995
v 0.798841 0.100089 -0.276503
v 0.807136 0.0900823 -0.282307
v 0.815102 0.0800747 -0.288442
v 0.82302 0.070066 -0.294645
v 0.830887 0.0600586 -0.30092
v 0.838701 0.0500499 -0.307259
v 0.846466 0.0400423 -0.313669
v 0.854175 0.0300359 -0.320143
v 0.861833 0.0200276 -0.326684
v 0.869439 0.01002 -0.333292
v 0.86917 9.178e-06 -0.333557
v 0.806825 0.10009 -0.282609
v 0.815074 0.0900835 -0.288471
v 0.822999 0.0800735 -0.294663
v 0.830873 0.0700673 -0.300927
v 0.838694 0.0600596 -0.307257
v 0.846463 0.0500528 -0.313655
v 0.854183 0.0400443 -0.320121
v 0.861848 0.0300365 -0.326652
v 0.869459 0.0200295 -0.333248
v 0.877017 0.010023 -0.339912
v 0.876759 1.07581e-05 -0.340175
v 0.814766 0.100093 -0.288774
v 0.822972 0.0900835 -0.294693
v 0.830853 0.0800762 -0.300946
v 0.83868 0.0700698 -0.307266
v 0.846457 0.0600614 -0.313653
v 0.854181 0.0500537 -0.320107
v 0.861853 0.0400467 -0.326629
v 0.869473 0.0300403 -0.333218
v 0.877039 0.0200316 -0.339869
v 0.884549 0.0100262 -0.346586
v 0.884298 1.52116e-05 -0.346849
v 0.822662 0.100094 -0.294995
v 0.830826 0.0900849 -0.300976
v 0.838661 0.0800774 -0.307284
v 0.846445 0.0700704 -0.313662
v 0.854175 0.0600639 -0.320107
v 0.861856 0.0500551 -0.326617
v 0.869481 0.0400468 -0.333194
v 0.877052 0.0300416 -0.339837
v 0.884572 0.0200339 -0.346544
v 0.892036 0.0100266 -0.353315
v 0.891791 1.69622e-05 -0.353575
v 0.830517 0.100095 -0.301275
v 0.838634 0.0900875 -0.307315
v 0.846423 0.0800795 -0.313679
v 0.854162 0.0700717 -0.320113
v 0.861848 0.0600642 -0.326615
v 0.869481 0.050057 -0.333182
v 0.87706 0.0400499 -0.339814
v 0.884587 0.0300431 -0.346513
v 0.892056 0.0200364 -0.353272
v 0.899473 0.01003 -0.360098
v 0.89924 1.88267e-05 -0.360359
v 0.838328 0.100096 -0.307614
v 0.846397 0.0900884 -0.313709
v 0.854144 0.0800798 -0.320132
v 0.861834 0.0700739 -0.326623
v 0.869475 0.0600652 -0.333179
v 0.877061 0.0500592 -0.339803
v 0.884593 0.0400506 -0.346489
v 0.892072 0.0300448 -0.353242
v 0.899494 0.020039 -0.360057
v 0.906862 0.0100334 -0.366936
v 0.906638 2.35211e-05 -0.367195
v 0.846094 0.100096 -0.314009
v 0.854115 0.0900904 -0.320161
v 0.861816 0.0800836 -0.326643
v 0.869462 0.0700738 -0.333187
v 0.877056 0.0600665 -0.3398
v 0.884593 0.0500618 -0.346479
v 0.892078 0.0400542 -0.35322
v 0.899511 0.0300467 -0.360027
v 0.906885 0.020042 -0.366895
v 0.914205 0.010037 -0.373828
v 0.913992 2.55853e-05 -0.374087
v 0.853814 0.100098 -0.320461
v 0.86179 0.0900904 -0.326671
v 0.869444 0.0800827 -0.333208
v 0.877042 0.0700771 -0.33981
v 0.884589 0.0600684 -0.346477
v 0.892081 0.050062 -0.35321
v 0.899518 0.0400553 -0.360006
v 0.906901 0.0300489 -0.366864
v 0.914229 0.0200451 -0.373788
v 0.921874 0.0100369 -0.380382
v 0.921872 2.75319e-05 -0.380407
v 0.86149 0.1001 -0.326971
v 0.869416 0.090094 -0.333238
v 0.877024 0.0800851 -0.339828
v 0.884577 0.0700781 -0.346487
v 0.892076 0.0600705 -0.353209
v 0.899518 0.050065 -0.359995
v 0.906908 0.0400594 -0.366846
v 0.914246 0.0300516 -0.373758
v 0.921872 0.0200451 -0.380369
v 0.869121 0.1001 -0.333537
v 0.876997 0.0900956 -0.339858
v 0.884558 0.080088 -0.346506
v 0.892065 0.0700796 -0.353219
v 0.899515 0.0600728 -0.359996
v 0.906912 0.0500653 -0.366837
v 0.914251 0.0400614 -0.373738
v 0.921863 0.0300546 -0.380366
v 0.876703 0.100102 -0.340157
v 0.884533 0.0900952 -0.346535
v 0.892046 0.080089 -0.353239
v 0.899504 0.0700814 -0.360006
v 0.906905 0.0600752 -0.366837
v 0.914252 0.0500689 -0.37373
v 0.921846 0.0400621 -0.380374
v 0.884241 0.100104 -0.346835
v 0.892021 0.0900982 -0.353269
v 0.899485 0.0800905 -0.360023
v 0.906896 0.0700837 -0.366847
v 0.914248 0.0600753 -0.37373
v 0.921822 0.0500702 -0.380392
v 0.89173 0.100104 -0.353565
v 0.89946 0.0900995 -0.360052
v 0.906879 0.0800903 -0.366863
v 0.91424 0.0700839 -0.37374
v 0.921791 0.0600766 -0.380418
v 0.921222 0.100107 -0.381032
v 0.913921 0.100107 -0.374083
v 0.921669 0.0901015 -0.380555
v 0.906572 0.100106 -0.367191
v 0.914202 0.0901001 -0.373783
v 0.921717 0.0800922 -0.380499
v 0.899174 0.100106 -0.360352
v 0.906856 0.0900994 -0.366891
v 0.914227 0.0800909 -0.373757
v 0.921757 0.0700851 -0.380455
v 2.79956e-06 0.020002 -0.000201002
v 0.00999602 0.019993 0.000603374
v 0.0199729 0.00998087 0.000341423
v 0.0199326 -4.63478e-05 0.000216886
v 1.30313e-06 0.0100007 -0.000201339
v 0.00999445 0.00998318 0.000592549
v 0.00996436 -4.43817e-05 0.000485446
v -1.58729e-05 -3.00918e-05 0.000488609
v -0.0120478 0.0150918 -0.109769
v -0.0228276 0.0150918 -0.109769
v -0.0228276 0.00256036 -0.109769
v -0.0120478 0.00256036 -0.109769
v -0.0222681 0.00323771 -0.109769
v -0.0214288 0.00323771 -0.109769
v -0.0214288 0.00391507 -0.109769
v -0.0222681 0.00391507 -0.109769
v -0.0222681 0.00391507 -0.109769
v -0.0214288 0.00391507 -0.109769
v -0.0214288 0.00459243 -0.109769
v -0.0222681 0.00459243 -0.109769
v -0.0222681 0.00459243 -0.109769
v -0.0214288 0.00459243 -0.109769
v -0.0214288 0.00526979 -0.109769
v -0.0222681 0.00526979 -0.109769
v -0.0222681 0.00526979 -0.109769
v -0.0214288 0.00526979 -0.109769
v -0.0214288 0.00594732 -0.109769
v -0.0222681 0.00594732 -0.109769
v -0.0222681 0.00594732 -0.109769
v -0.0214288 0.00594732 -0.109769
v -0.0214288 0.00662468 -0.109769
v -0.0222681 0.00662468 -0.109769
v -0.0222681 0.00662468 -0.109769
v -0.0214288 0.00662468 -0.109769
v -0.0214288 0.00730204 -0.109769
v -0.0222681 0.00730204 -0.109769
v -0.0222681 0.00730204 -0.109769
v -0.0214288 0.00730204 -0.109769
v -0.0214288 0.00797939 -0.109769
v -0.0222681 0.00797939 -0.109769
v -0.0222681 0.00797939 -0.109769
v -0.0214288 0.00797939 -0.109769
v -0.0214288 0.00865675 -0.109769
v -0.0222681 0.00865675 -0.109769
v -0.0222681 0.00865675 -0.109769
v -0.0214288 0.00865675 -0.109769
v -0.0214288 0.00933411 -0.109769
v -0.0222681 0.00933411 -0.109769
v -0.0222681 0.00933411 -0.109769
v -0.0214288 0.00933411 -0.109769
v -0.0214288 0.0100115 -0.109769
v -0.0222681 0.0100115 -0.109769
v -0.0222681 0.0100115 -0.109769
v -0.0214288 0.0100115 -0.109769
v -0.0214288 0.010689 -0.109769
v -0.0222681 0.010689 -0.109769
v -0.0222681 0.010689 -0.109769
v -0.0214288 0.010689 -0.109769
v -0.0214288 0.0113664 -0.109769
v -0.0222681 0.0113664 -0.109769
v -0.0222681 0.00323771 -0.109769
v -0.0211491 0.00323771 -0.109769
v -0.0222681 0.00391507 -0.109769
v -0.0211491 0.00391507 -0.109769
v -0.0222681 0.00459243 -0.109769
v -0.0211491 0.00459243 -0.109769
v -0.0222681 0.00526979 -0.109769
v -0.0211491 0.00526979 -0.109769
v -0.0222681 0.00594732 -0.109769
v -0.0211491 0.00594732 -0.109769
v -0.0222681 0.00662468 -0.109769
v -0.0211491 0.00662468 -0.109769
v -0.0222681 0.00730204 -0.109769
v -0.0211491 0.00730204 -0.109769
v -0.0222681 0.00797939 -0.109769
v -0.0211491 0.00797939 -0.109769
v -0.0222681 0.00865675 -0.109769
v -0.0211491 0.00865675 -0.109769
v -0.0222681 0.00933411 -0.109769
v -0.0211491 0.00933411 -0.109769
v -0.0222681 0.0100115 -0.109769
v -0.0211491 0.0100115 -0.109769
v -0.0222681 0.010689 -0.109769
v -0.0211491 0.010689 -0.109769
v -0.0222681 0.0113664 -0.109769
v -0.0211491 0.0113664 -0.109769
v -0.0214288 0.0113664 -0.109769
v -0.0214288 0.00323771 -0.109769

#List of body polygons
f 1 2 3
f 2 1 16
f 347 348 346
f 347 349 348
f 346 1 3
f 346 352 1
f 346 348 352
f 1548 1550 1549
f 1548 1551 1550
f 1558 1549 1550
f 1558 1559 1549

#List of body polygons
f 2 4 3
f 2 5 4
f 5 16 15
f 5 2 16
f 345 346 344
f 345 347 346
f 344 3 4
f 344 346 3
f 1551 1552 1550
f 1551 1553 1552
f 1551 1554 1553
f 1552 1558 1550
f 1552 1553 1795

#List of body polygons
f 5 6 4
f 5 7 6
f 7 14 13
f 7 15 14
f 7 5 15
f 342 344 343
f 342 345 344
f 343 4 6
f 343 344 4
f 1554 1555 1553
f 1554 1556 1555
f 1553 1796 1795
f 1553 1555 1796

#List of body polygons
f 7 8 6
f 7 9 8
f 7 10 9
f 10 13 12
f 10 7 13
f 8 17 18
f 17 8 9
f 8 342 343
f 8 343 6
f 8 18 354
f 1556 1557 1555
f 1557 1560 1561
f 1557 1567 1560
f 1791 1793 1792
f 1791 1794 1793
f 1555 1794 1796
f 1555 1793 1794
f 1793 1561 1792

#List of body polygons
f 10 11 9
f 11 10 12
f 17 19 18
f 17 20 19
f 20 11 26
f 20 9 11
f 20 17 9
f 18 355 354
f 18 19 355
f 1560 1562 1561
f 1560 1563 1562
f 1567 1563 1560
f 1567 1568 1563
f 1790 1791 1792
f 1790 1797 1798
f 1561 1790 1792
f 1561 1797 1790
f 1561 1562 1797

#List of body polygons
f 20 21 19
f 20 22 21
f 20 23 22
f 23 26 25
f 23 20 26
f 21 27 28
f 21 22 27
f 21 353 351
f 19 351 355
f 19 21 351
f 353 356 357
f 356 21 28
f 356 353 21
f 576 353 575
f 353 576 577
f 575 353 357
f 1563 1564 1562
f 1563 1565 1564
f 1563 1566 1565
f 1568 1566 1563
f 1568 1569 1566
f 1570 1564 1571
f 1570 1572 1564
f 1564 1565 1571
f 1572 1573 1574
f 1572 1570 1573
f 1797 1799 1798
f 1797 1564 1799
f 1562 1564 1797
f 1801 1572 1802
f 1801 1799 1572
f 1572 1799 1564
f 1572 1574 1802

#List of body polygons
f 23 24 22
f 24 23 25
f 27 29 28
f 27 30 29
f 22 30 27
f 22 24 30
f 32 29 33
f 32 34 29
f 33 30 35
f 33 29 30
f 34 36 37
f 34 32 36
f 356 358 357
f 356 29 358
f 29 356 28
f 34 359 358
f 34 358 29
f 359 360 361
f 360 34 37
f 360 359 34
f 574 575 573
f 574 576 575
f 576 351 577
f 576 578 351
f 576 574 578
f 581 583 582
f 581 358 583
f 573 358 581
f 573 357 358
f 573 575 357
f 585 359 586
f 585 583 359
f 359 583 358
f 359 361 586
f 799 583 798
f 583 799 582
f 583 585 798
f 1333 1330 1334
f 1333 1335 1330
f 1330 1336 1334
f 1339 1335 1340
f 1339 1341 1335
f 1335 1333 1340
f 1342 1341 1343
f 1342 1344 1341
f 1341 1339 1343
f 1344 1345 1346
f 1344 1342 1345
f 1566 1335 1565
f 1569 1335 1566
f 1569 1330 1335
f 1341 1570 1571
f 1565 1341 1571
f 1565 1335 1341
f 1573 1575 1574
f 1573 1344 1575
f 1570 1344 1573
f 1570 1341 1344
f 1575 1576 1577
f 1576 1344 1346
f 1576 1575 1344
f 1800 1801 1802
f 1575 1803 1800
f 1574 1800 1802
f 1574 1575 1800
f 1803 1804 1805
f 1804 1575 1577
f 1804 1803 1575

#List of body polygons
f 31 32 33
f 31 33 35
f 36 38 37
f 36 39 38
f 32 39 36
f 32 31 39
f 40 41 38
f 40 38 39
f 42 43 41
f 42 41 40
f 45 47 46
f 45 43 47
f 47 43 42
f 48 49 50
f 46 48 50
f 46 47 48
f 52 53 54
f 49 52 54
f 49 48 52
f 56 57 58
f 53 56 58
f 53 52 56
f 60 61 62
f 57 60 62
f 57 56 60
f 64 65 66
f 61 64 66
f 61 60 64
f 68 70 69
f 68 71 70
f 65 71 68
f 65 64 71
f 72 73 70
f 72 70 71
f 74 75 73
f 74 73 72
f 76 77 75
f 76 75 74
f 78 79 77
f 78 77 76
f 80 81 79
f 80 79 78
f 82 83 81
f 82 81 80
f 84 85 83
f 84 83 82
f 86 87 85
f 86 85 84
f 88 89 87
f 88 87 86
f 90 91 89
f 90 89 88
f 92 93 91
f 92 91 90
f 94 95 93
f 94 93 92
f 96 97 95
f 96 95 94
f 98 99 97
f 98 97 96
f 100 101 99
f 100 99 98
f 102 103 101
f 102 101 100
f 104 105 103
f 104 103 102
f 106 107 105
f 106 105 104
f 108 109 107
f 108 107 106
f 110 111 109
f 110 109 108
f 112 113 111
f 112 111 110
f 114 115 113
f 114 113 112
f 116 117 115
f 116 115 114
f 118 119 117
f 118 117 116
f 121 123 122
f 121 119 123
f 123 119 118
f 124 125 126
f 122 124 126
f 122 123 124
f 128 129 130
f 125 128 130
f 125 124 128
f 132 133 134
f 129 132 134
f 129 128 132
f 136 137 138
f 133 136 138
f 133 132 136
f 140 141 142
f 137 140 142
f 137 136 140
f 144 145 146
f 141 144 146
f 141 140 144
f 148 149 150
f 145 148 150
f 145 144 148
f 152 153 154
f 149 152 154
f 149 148 152
f 156 157 158
f 153 156 158
f 153 152 156
f 160 161 162
f 157 160 162
f 157 156 160
f 164 165 166
f 161 164 166
f 161 160 164
f 168 169 170
f 165 168 170
f 165 164 168
f 172 173 174
f 169 172 174
f 169 168 172
f 176 177 178
f 173 176 178
f 173 172 176
f 180 181 182
f 177 180 182
f 177 176 180
f 184 185 186
f 181 184 186
f 181 180 184
f 188 189 190
f 185 188 190
f 185 184 188
f 192 193 194
f 189 192 194
f 189 188 192
f 196 197 198
f 193 196 198
f 193 192 196
f 200 201 202
f 197 200 202
f 197 196 200
f 204 205 206
f 201 204 206
f 201 200 204
f 208 209 210
f 205 208 210
f 205 204 208
f 212 213 214
f 209 212 214
f 209 208 212
f 216 217 218
f 213 216 218
f 213 212 216
f 220 221 222
f 217 220 222
f 217 216 220
f 224 225 226
f 221 224 226
f 221 220 224
f 228 229 230
f 225 228 230
f 225 224 228
f 232 233 234
f 229 232 234
f 229 228 232
f 236 237 238
f 233 236 238
f 233 232 236
f 240 241 242
f 237 240 242
f 237 236 240
f 244 245 246
f 241 244 246
f 241 240 244
f 248 249 250
f 245 248 250
f 245 244 248
f 252 253 254
f 249 252 254
f 249 248 252
f 256 257 258
f 253 256 258
f 253 252 256
f 260 261 262
f 257 260 262
f 257 256 260
f 264 265 266
f 261 264 266
f 261 260 264
f 268 269 270
f 265 268 270
f 265 264 268
f 272 273 274
f 269 272 274
f 269 268 272
f 276 277 278
f 273 276 278
f 273 272 276
f 280 281 282
f 277 280 282
f 277 276 280
f 284 285 286
f 281 284 286
f 281 280 284
f 288 289 290
f 285 288 290
f 285 284 288
f 292 293 294
f 289 292 294
f 289 288 292
f 296 297 298
f 293 296 298
f 293 292 296
f 296 302 297
f 360 362 361
f 360 38 362
f 38 360 37
f 41 363 362
f 41 362 38
f 365 43 366
f 365 363 43
f 43 363 41
f 43 45 366
f 70 373 374
f 70 374 69
f 73 376 377
f 373 73 377
f 373 70 73
f 75 379 380
f 376 75 380
f 376 73 75
f 77 382 383
f 379 77 383
f 379 75 77
f 79 385 386
f 382 79 386
f 382 77 79
f 81 388 389
f 385 81 389
f 385 79 81
f 83 391 392
f 388 83 392
f 388 81 83
f 85 394 395
f 391 85 395
f 391 83 85
f 87 397 398
f 394 87 398
f 394 85 87
f 89 400 401
f 397 89 401
f 397 87 89
f 91 403 404
f 400 91 404
f 400 89 91
f 93 406 407
f 403 93 407
f 403 91 93
f 95 409 410
f 406 95 410
f 406 93 95
f 97 412 413
f 409 97 413
f 409 95 97
f 99 415 416
f 412 99 416
f 412 97 99
f 101 418 419
f 415 101 419
f 415 99 101
f 103 421 422
f 418 103 422
f 418 101 103
f 105 424 425
f 421 105 425
f 421 103 105
f 107 427 428
f 424 107 428
f 424 105 107
f 109 430 431
f 427 109 431
f 427 107 109
f 111 433 434
f 430 111 434
f 430 109 111
f 113 436 437
f 433 113 437
f 433 111 113
f 115 439 440
f 436 115 440
f 436 113 115
f 117 442 443
f 439 117 443
f 439 115 117
f 119 445 446
f 442 119 446
f 442 117 119
f 119 121 445
f 571 572 570
f 571 573 572
f 571 574 573
f 574 579 578
f 574 571 579
f 572 581 582
f 572 573 581
f 584 585 586
f 362 587 584
f 361 584 586
f 361 362 584
f 589 363 590
f 589 587 363
f 363 587 362
f 363 365 590
f 794 572 793
f 572 794 570
f 795 797 796
f 795 798 797
f 795 799 798
f 799 572 582
f 799 793 572
f 799 795 793
f 584 800 797
f 585 797 798
f 585 584 797
f 802 587 803
f 802 800 587
f 587 800 584
f 587 589 803
f 950 952 951
f 950 797 952
f 797 950 796
f 800 953 952
f 800 952 797
f 953 954 955
f 954 800 802
f 954 953 800
f 1065 1067 1066
f 1065 952 1067
f 952 1065 951
f 953 1068 1067
f 953 1067 952
f 1068 1069 1070
f 1069 953 955
f 1069 1068 953
f 1177 1178 1179
f 1067 1182 1177
f 1066 1177 1179
f 1066 1067 1177
f 1068 1183 1182
f 1068 1182 1067
f 1184 1183 1185
f 1184 1186 1183
f 1185 1068 1070
f 1185 1183 1068
f 1186 1187 1188
f 1186 1184 1187
f 1177 1333 1334
f 1336 1177 1334
f 1336 1178 1177
f 1336 1337 1178
f 1182 1339 1340
f 1333 1182 1340
f 1333 1177 1182
f 1183 1342 1343
f 1339 1183 1343
f 1339 1182 1183
f 1345 1347 1346
f 1345 1186 1347
f 1342 1186 1345
f 1342 1183 1186
f 1348 1347 1349
f 1348 1350 1347
f 1349 1186 1188
f 1349 1347 1186
f 1350 1351 1352
f 1350 1348 1351
f 1576 1578 1577
f 1576 1347 1578
f 1347 1576 1346
f 1350 1579 1578
f 1350 1578 1347
f 1580 1579 1581
f 1580 1582 1579
f 1581 1350 1352
f 1581 1579 1350
f 1582 1583 1584
f 1582 1580 1583
f 1590 1591 1592
f 1593 1590 1594
f 1593 1595 1590
f 1590 1592 1594
f 1596 1595 1597
f 1596 1598 1595
f 1595 1593 1597
f 1599 1598 1600
f 1599 1601 1598
f 1598 1596 1600
f 1602 1601 1603
f 1602 1604 1601
f 1601 1599 1603
f 1605 1604 1606
f 1605 1607 1604
f 1604 1602 1606
f 1608 1607 1609
f 1608 1610 1607
f 1607 1605 1609
f 1611 1610 1612
f 1611 1613 1610
f 1610 1608 1612
f 1614 1613 1615
f 1614 1616 1613
f 1613 1611 1615
f 1617 1616 1618
f 1617 1619 1616
f 1616 1614 1618
f 1620 1619 1621
f 1620 1622 1619
f 1619 1617 1621
f 1623 1622 1624
f 1623 1625 1622
f 1622 1620 1624
f 1626 1625 1627
f 1626 1628 1625
f 1625 1623 1627
f 1629 1628 1630
f 1629 1631 1628
f 1628 1626 1630
f 1632 1631 1633
f 1632 1634 1631
f 1631 1629 1633
f 1635 1634 1636
f 1635 1637 1634
f 1634 1632 1636
f 1638 1637 1639
f 1638 1640 1637
f 1637 1635 1639
f 1641 1640 1642
f 1641 1643 1640
f 1640 1638 1642
f 1644 1643 1645
f 1644 1646 1643
f 1643 1641 1645
f 1647 1646 1648
f 1647 1649 1646
f 1646 1644 1648
f 1650 1649 1651
f 1650 1652 1649
f 1649 1647 1651
f 1653 1652 1654
f 1653 1655 1652
f 1652 1650 1654
f 1656 1655 1657
f 1656 1658 1655
f 1655 1653 1657
f 1659 1658 1660
f 1659 1661 1658
f 1658 1656 1660
f 1662 1661 1663
f 1662 1664 1661
f 1661 1659 1663
f 1665 1664 1666
f 1665 1667 1664
f 1664 1662 1666
f 1667 1668 1669
f 1667 1665 1668
f 1804 1806 1805
f 1804 1578 1806
f 1578 1804 1577
f 1579 1807 1806
f 1579 1806 1578
f 1582 1808 1807
f 1582 1807 1579
f 1809 1808 1810
f 1809 1811 1808
f 1810 1582 1584
f 1810 1808 1582
f 1812 1811 1813
f 1812 1814 1811
f 1811 1809 1813
f 1815 1814 1816
f 1815 1817 1814
f 1814 1812 1816
f 1818 1817 1819
f 1818 1820 1817
f 1817 1815 1819
f 1821 1820 1822
f 1821 1823 1820
f 1820 1818 1822
f 1590 1824 1823
f 1591 1823 1821
f 1591 1590 1823
f 1595 1825 1824
f 1595 1824 1590
f 1598 1826 1825
f 1598 1825 1595
f 1601 1827 1826
f 1601 1826 1598
f 1604 1828 1827
f 1604 1827 1601
f 1607 1829 1828
f 1607 1828 1604
f 1610 1830 1829
f 1610 1829 1607
f 1613 1831 1830
f 1613 1830 1610
f 1616 1832 1831
f 1616 1831 1613
f 1619 1833 1832
f 1619 1832 1616
f 1622 1834 1833
f 1622 1833 1619
f 1625 1835 1834
f 1625 1834 1622
f 1628 1836 1835
f 1628 1835 1625
f 1631 1837 1836
f 1631 1836 1628
f 1634 1838 1837
f 1634 1837 1631
f 1637 1839 1838
f 1637 1838 1634
f 1640 1840 1839
f 1640 1839 1637
f 1643 1841 1840
f 1643 1840 1640
f 1646 1842 1841
f 1646 1841 1643
f 1649 1843 1842
f 1649 1842 1646
f 1652 1844 1843
f 1652 1843 1649
f 1655 1845 1844
f 1655 1844 1652
f 1658 1846 1845
f 1658 1845 1655
f 1661 1847 1846
f 1661 1846 1658
f 1664 1848 1847
f 1664 1847 1661
f 1667 1849 1848
f 1667 1848 1664
f 1850 1849 1851
f 1850 1852 1849
f 1851 1667 1669
f 1851 1849 1667
f 1853 1852 1854
f 1853 1855 1852
f 1852 1850 1854
f 1856 1855 1857
f 1856 1858 1855
f 1855 1853 1857
f 1859 1858 1860
f 1859 1861 1858
f 1858 1856 1860
f 1862 1861 1863
f 1862 1864 1861
f 1861 1859 1863
f 1865 1864 1866
f 1865 1867 1864
f 1864 1862 1866
f 1868 1867 1869
f 1868 1870 1867
f 1867 1865 1869
f 1871 1870 1872
f 1871 1873 1870
f 1870 1868 1872
f 1874 1873 1875
f 1874 1876 1873
f 1873 1871 1875
f 1877 1876 1878
f 1877 1879 1876
f 1876 1874 1878
f 1880 1879 1881
f 1880 1882 1879
f 1879 1877 1881
f 1883 1882 1884
f 1883 1885 1882
f 1882 1880 1884
f 1886 1885 1887
f 1886 1888 1885
f 1885 1883 1887
f 1889 1888 1890
f 1889 1891 1888
f 1888 1886 1890
f 1892 1891 1893
f 1892 1894 1891
f 1891 1889 1893
f 1895 1894 1896
f 1895 1897 1894
f 1894 1892 1896
f 1898 1897 1899
f 1898 1900 1897
f 1897 1895 1899
f 1901 1900 1902
f 1901 1903 1900
f 1900 1898 1902
f 1904 1903 1905
f 1904 1906 1903
f 1903 1901 1905
f 1907 1906 1908
f 1907 1909 1906
f 1906 1904 1908
f 1910 1909 1911
f 1910 1912 1909
f 1909 1907 1911
f 1913 1912 1914
f 1913 1915 1912
f 1912 1910 1914
f 1916 1915 1917
f 1916 1918 1915
f 1915 1913 1917
f 1919 1918 1920
f 1919 1921 1918
f 1918 1916 1920
f 1922 1921 1923
f 1922 1924 1921
f 1921 1919 1923
f 1925 1924 1926
f 1925 1927 1924
f 1924 1922 1926
f 1928 1927 1929
f 1928 1930 1927
f 1927 1931 1929
f 1932 1930 1933
f 1932 1934 1930
f 1930 1928 1933
f 1935 1934 1936
f 1935 1937 1934
f 1934 1932 1936
f 1938 1937 1939
f 1938 1940 1937
f 1937 1935 1939
f 1941 1940 1942
f 1941 1943 1940
f 1940 1938 1942
f 1944 1943 1945
f 1944 1946 1943
f 1943 1941 1945
f 1947 1946 1948
f 1947 1949 1946
f 1946 1944 1948
f 1950 1949 1951
f 1950 1952 1949
f 1949 1947 1951
f 1953 1952 1954
f 1953 1955 1952
f 1952 1950 1954
f 1956 1955 1957
f 1956 1958 1955
f 1955 1953 1957
f 1959 1958 1960
f 1959 1961 1958
f 1958 1956 1960
f 1962 1961 1963
f 1962 1964 1961
f 1961 1959 1963
f 1965 1964 1966
f 1965 1967 1964
f 1964 1962 1966
f 1968 1967 1969
f 1968 1970 1967
f 1967 1965 1969
f 1971 1970 1972
f 1971 1973 1970
f 1970 1968 1972
f 1974 1973 1975
f 1974 1976 1973
f 1973 1971 1975
f 1977 1976 1978
f 1977 1979 1976
f 1976 1974 1978
f 1980 1979 1981
f 1980 1982 1979
f 1979 1977 1981
f 1983 1982 1984
f 1983 1985 1982
f 1982 1980 1984
f 1985 1986 1987
f 1985 1983 1986

#List of body polygons
f 44 45 46
f 49 44 50
f 49 51 44
f 44 46 50
f 53 51 54
f 53 55 51
f 51 49 54
f 57 55 58
f 57 59 55
f 55 53 58
f 61 59 62
f 61 63 59
f 59 57 62
f 65 63 66
f 65 67 63
f 63 61 66
f 67 68 69
f 67 65 68
f 120 121 122
f 125 120 126
f 125 127 120
f 120 122 126
f 129 127 130
f 129 131 127
f 127 125 130
f 133 131 134
f 133 135 131
f 131 129 134
f 137 135 138
f 137 139 135
f 135 133 138
f 141 139 142
f 141 143 139
f 139 137 142
f 145 143 146
f 145 147 143
f 143 141 146
f 149 147 150
f 149 151 147
f 147 145 150
f 153 151 154
f 153 155 151
f 151 149 154
f 157 155 158
f 157 159 155
f 155 153 158
f 161 159 162
f 161 163 159
f 159 157 162
f 165 163 166
f 165 167 163
f 163 161 166
f 169 167 170
f 169 171 167
f 167 165 170
f 173 171 174
f 173 175 171
f 171 169 174
f 177 175 178
f 177 179 175
f 175 173 178
f 181 179 182
f 181 183 179
f 179 177 182
f 185 183 186
f 185 187 183
f 183 181 186
f 189 187 190
f 189 191 187
f 187 185 190
f 193 191 194
f 193 195 191
f 191 189 194
f 197 195 198
f 197 199 195
f 195 193 198
f 201 199 202
f 201 203 199
f 199 197 202
f 205 203 206
f 205 207 203
f 203 201 206
f 209 207 210
f 209 211 207
f 207 205 210
f 213 211 214
f 213 215 211
f 211 209 214
f 217 215 218
f 217 219 215
f 215 213 218
f 221 219 222
f 221 223 219
f 219 217 222
f 225 223 226
f 225 227 223
f 223 221 226
f 229 227 230
f 229 231 227
f 227 225 230
f 233 231 234
f 233 235 231
f 231 229 234
f 237 235 238
f 237 239 235
f 235 233 238
f 241 239 242
f 241 243 239
f 239 237 242
f 245 243 246
f 245 247 243
f 243 241 246
f 249 247 250
f 249 251 247
f 247 245 250
f 253 251 254
f 253 255 251
f 251 249 254
f 257 255 258
f 257 259 255
f 255 253 258
f 261 259 262
f 261 263 259
f 259 257 262
f 265 263 266
f 265 267 263
f 263 261 266
f 269 267 270
f 269 271 267
f 267 265 270
f 273 271 274
f 273 275 271
f 271 269 274
f 277 275 278
f 277 279 275
f 275 273 278
f 281 279 282
f 281 283 279
f 279 277 282
f 285 283 286
f 285 287 283
f 283 281 286
f 289 287 290
f 289 291 287
f 287 285 290
f 293 291 294
f 293 295 291
f 291 289 294
f 297 295 298
f 297 299 295
f 295 293 298
f 300 301 299
f 302 299 297
f 302 300 299
f 303 304 301
f 303 301 300
f 305 306 304
f 305 304 303
f 307 308 306
f 307 306 305
f 309 310 308
f 309 308 307
f 311 312 310
f 311 310 309
f 313 314 312
f 313 312 311
f 315 316 314
f 315 314 313
f 317 318 316
f 317 316 315
f 319 320 318
f 319 318 317
f 321 322 320
f 321 320 319
f 323 324 322
f 323 322 321
f 325 326 324
f 325 324 323
f 327 328 326
f 327 326 325
f 330 332 331
f 330 328 332
f 332 328 327
f 332 335 331
f 364 365 366
f 44 367 364
f 45 364 366
f 45 44 364
f 51 368 367
f 51 367 44
f 55 369 368
f 55 368 51
f 59 370 369
f 59 369 55
f 63 371 370
f 63 370 59
f 67 372 371
f 67 371 63
f 373 372 374
f 373 375 372
f 374 67 69
f 374 372 67
f 376 375 377
f 376 378 375
f 375 373 377
f 379 378 380
f 379 381 378
f 378 376 380
f 382 381 383
f 382 384 381
f 381 379 383
f 385 384 386
f 385 387 384
f 384 382 386
f 388 387 389
f 388 390 387
f 387 385 389
f 391 390 392
f 391 393 390
f 390 388 392
f 394 393 395
f 394 396 393
f 393 391 395
f 397 396 398
f 397 399 396
f 396 394 398
f 400 399 401
f 400 402 399
f 399 397 401
f 403 402 404
f 403 405 402
f 402 400 404
f 406 405 407
f 406 408 405
f 405 403 407
f 409 408 410
f 409 411 408
f 408 406 410
f 412 411 413
f 412 414 411
f 411 409 413
f 415 414 416
f 415 417 414
f 414 412 416
f 418 417 419
f 418 420 417
f 417 415 419
f 421 420 422
f 421 423 420
f 420 418 422
f 424 423 425
f 424 426 423
f 423 421 425
f 427 426 428
f 427 429 426
f 426 424 428
f 430 429 431
f 430 432 429
f 429 427 431
f 433 432 434
f 433 435 432
f 432 430 434
f 436 435 437
f 436 438 435
f 435 433 437
f 439 438 440
f 439 441 438
f 438 436 440
f 442 441 443
f 442 444 441
f 441 439 443
f 445 444 446
f 445 447 444
f 444 442 446
f 120 448 447
f 121 447 445
f 121 120 447
f 127 449 448
f 127 448 120
f 131 450 449
f 131 449 127
f 135 451 450
f 135 450 131
f 139 452 451
f 139 451 135
f 143 453 452
f 143 452 139
f 147 454 453
f 147 453 143
f 151 455 454
f 151 454 147
f 155 456 455
f 155 455 151
f 159 457 456
f 159 456 155
f 163 458 457
f 163 457 159
f 167 459 458
f 167 458 163
f 171 460 459
f 171 459 167
f 175 461 460
f 175 460 171
f 179 462 461
f 179 461 175
f 183 463 462
f 183 462 179
f 187 464 463
f 187 463 183
f 191 465 464
f 191 464 187
f 195 466 465
f 195 465 191
f 199 467 466
f 199 466 195
f 203 468 467
f 203 467 199
f 207 469 468
f 207 468 203
f 211 470 469
f 211 469 207
f 215 471 470
f 215 470 211
f 219 472 471
f 219 471 215
f 223 473 472
f 223 472 219
f 227 474 473
f 227 473 223
f 231 475 474
f 231 474 227
f 235 476 475
f 235 475 231
f 239 477 476
f 239 476 235
f 243 478 477
f 243 477 239
f 247 479 478
f 247 478 243
f 251 480 479
f 251 479 247
f 482 255 483
f 482 480 255
f 255 480 251
f 259 484 485
f 483 259 485
f 483 255 259
f 263 487 488
f 484 263 488
f 484 259 263
f 267 490 491
f 487 267 491
f 487 263 267
f 271 493 494
f 490 271 494
f 490 267 271
f 275 496 497
f 493 275 497
f 493 271 275
f 279 499 500
f 496 279 500
f 496 275 279
f 283 502 503
f 499 283 503
f 499 279 283
f 287 505 506
f 502 287 506
f 502 283 287
f 291 508 509
f 505 291 509
f 505 287 291
f 295 511 512
f 508 295 512
f 508 291 295
f 299 514 515
f 511 299 515
f 511 295 299
f 301 517 518
f 514 301 518
f 514 299 301
f 304 520 521
f 517 304 521
f 517 301 304
f 306 523 524
f 520 306 524
f 520 304 306
f 308 526 527
f 523 308 527
f 523 306 308
f 310 529 530
f 526 310 530
f 526 308 310
f 312 532 533
f 529 312 533
f 529 310 312
f 314 535 536
f 532 314 536
f 532 312 314
f 316 538 539
f 535 316 539
f 535 314 316
f 318 541 542
f 538 318 542
f 538 316 318
f 320 544 545
f 541 320 545
f 541 318 320
f 322 547 548
f 544 322 548
f 544 320 322
f 324 550 551
f 547 324 551
f 547 322 324
f 326 553 554
f 550 326 554
f 550 324 326
f 328 556 557
f 553 328 557
f 553 326 328
f 328 330 556
f 568 570 569
f 568 571 570
f 571 580 579
f 571 568 580
f 588 589 590
f 364 591 588
f 365 588 590
f 365 364 588
f 367 592 591
f 367 591 364
f 594 368 595
f 594 592 368
f 368 592 367
f 369 596 597
f 595 369 597
f 595 368 369
f 370 599 600
f 596 370 600
f 596 369 370
f 371 602 603
f 599 371 603
f 599 370 371
f 372 605 606
f 602 372 606
f 602 371 372
f 375 608 609
f 605 375 609
f 605 372 375
f 611 613 612
f 611 378 613
f 608 378 611
f 608 375 378
f 381 615 613
f 381 613 378
f 384 616 615
f 384 615 381
f 387 617 616
f 387 616 384
f 390 618 617
f 390 617 387
f 393 619 618
f 393 618 390
f 396 620 619
f 396 619 393
f 399 621 620
f 399 620 396
f 402 622 621
f 402 621 399
f 405 623 622
f 405 622 402
f 408 624 623
f 408 623 405
f 411 625 624
f 411 624 408
f 414 626 625
f 414 625 411
f 417 627 626
f 417 626 414
f 420 628 627
f 420 627 417
f 423 629 628
f 423 628 420
f 426 630 629
f 426 629 423
f 429 631 630
f 429 630 426
f 633 432 634
f 633 631 432
f 432 631 429
f 435 635 636
f 634 435 636
f 634 432 435
f 438 638 639
f 635 438 639
f 635 435 438
f 441 641 642
f 638 441 642
f 638 438 441
f 444 644 645
f 641 444 645
f 641 441 444
f 447 647 648
f 644 447 648
f 644 444 447
f 448 650 651
f 647 448 651
f 647 447 448
f 449 653 654
f 650 449 654
f 650 448 449
f 450 656 657
f 653 450 657
f 653 449 450
f 451 659 660
f 656 451 660
f 656 450 451
f 452 662 663
f 659 452 663
f 659 451 452
f 453 665 666
f 662 453 666
f 662 452 453
f 454 668 669
f 665 454 669
f 665 453 454
f 455 671 672
f 668 455 672
f 668 454 455
f 456 674 675
f 671 456 675
f 671 455 456
f 457 677 678
f 674 457 678
f 674 456 457
f 458 680 681
f 677 458 681
f 677 457 458
f 459 683 684
f 680 459 684
f 680 458 459
f 460 686 687
f 683 460 687
f 683 459 460
f 461 689 690
f 686 461 690
f 686 460 461
f 462 692 693
f 689 462 693
f 689 461 462
f 463 695 696
f 692 463 696
f 692 462 463
f 464 698 699
f 695 464 699
f 695 463 464
f 465 701 702
f 698 465 702
f 698 464 465
f 466 704 705
f 701 466 705
f 701 465 466
f 467 707 708
f 704 467 708
f 704 466 467
f 468 710 711
f 707 468 711
f 707 467 468
f 469 713 714
f 710 469 714
f 710 468 469
f 470 716 717
f 713 470 717
f 713 469 470
f 471 719 720
f 716 471 720
f 716 470 471
f 472 722 723
f 719 472 723
f 719 471 472
f 473 725 726
f 722 473 726
f 722 472 473
f 474 728 729
f 725 474 729
f 725 473 474
f 475 731 732
f 728 475 732
f 728 474 475
f 476 734 735
f 731 476 735
f 731 475 476
f 477 737 738
f 734 477 738
f 734 476 477
f 478 740 741
f 737 478 741
f 737 477 478
f 479 743 744
f 740 479 744
f 740 478 479
f 480 746 747
f 743 480 747
f 743 479 480
f 480 482 746
f 778 779 780
f 778 781 782
f 778 780 781
f 791 792 790
f 791 793 792
f 791 794 793
f 794 569 570
f 794 791 569
f 792 795 796
f 795 792 793
f 801 802 803
f 588 804 801
f 589 801 803
f 589 588 801
f 591 805 804
f 591 804 588
f 807 592 808
f 807 805 592
f 592 805 591
f 592 594 808
f 613 815 816
f 613 816 612
f 615 818 819
f 815 615 819
f 815 613 615
f 616 821 822
f 818 616 822
f 818 615 616
f 617 824 825
f 821 617 825
f 821 616 617
f 618 827 828
f 824 618 828
f 824 617 618
f 619 830 831
f 827 619 831
f 827 618 619
f 620 833 834
f 830 620 834
f 830 619 620
f 621 836 837
f 833 621 837
f 833 620 621
f 622 839 840
f 836 622 840
f 836 621 622
f 623 842 843
f 839 623 843
f 839 622 623
f 624 845 846
f 842 624 846
f 842 623 624
f 625 848 849
f 845 625 849
f 845 624 625
f 626 851 852
f 848 626 852
f 848 625 626
f 627 854 855
f 851 627 855
f 851 626 627
f 628 857 858
f 854 628 858
f 854 627 628
f 629 860 861
f 857 629 861
f 857 628 629
f 630 863 864
f 860 630 864
f 860 629 630
f 631 866 867
f 863 631 867
f 863 630 631
f 631 633 866
f 937 939 938
f 937 778 939
f 778 937 779
f 939 940 941
f 940 778 782
f 940 939 778
f 948 949 947
f 948 792 949
f 792 948 790
f 949 950 951
f 950 792 796
f 950 949 792
f 954 956 955
f 954 801 956
f 801 954 802
f 804 957 956
f 804 956 801
f 959 805 960
f 959 957 805
f 805 957 804
f 805 807 960
f 939 1054 1055
f 939 1055 938
f 939 941 1054
f 1062 1064 1063
f 1062 949 1064
f 947 949 1062
f 1064 1065 1066
f 1065 949 951
f 1065 1064 949
f 1069 1071 1070
f 1069 956 1071
f 956 1069 955
f 957 1072 1071
f 957 1071 956
f 1073 1072 1074
f 1073 1075 1072
f 1074 957 959
f 1074 1072 957
f 1075 1076 1077
f 1075 1073 1076
f 1178 1064 1179
f 1178 1180 1064
f 1178 1181 1180
f 1064 1180 1063
f 1064 1066 1179
f 1071 1184 1185
f 1071 1185 1070
f 1187 1189 1188
f 1187 1072 1189
f 1184 1072 1187
f 1184 1071 1072
f 1075 1190 1189
f 1075 1189 1072
f 1191 1190 1192
f 1191 1193 1190
f 1192 1075 1077
f 1192 1190 1075
f 1193 1194 1195
f 1193 1191 1194
f 1202 1203 1204
f 1205 1202 1206
f 1205 1207 1202
f 1202 1204 1206
f 1208 1207 1209
f 1208 1210 1207
f 1207 1205 1209
f 1211 1210 1212
f 1211 1213 1210
f 1210 1208 1212
f 1214 1213 1215
f 1214 1216 1213
f 1213 1211 1215
f 1217 1216 1218
f 1217 1219 1216
f 1216 1214 1218
f 1220 1219 1221
f 1220 1222 1219
f 1219 1217 1221
f 1223 1222 1224
f 1223 1225 1222
f 1222 1220 1224
f 1226 1225 1227
f 1226 1228 1225
f 1225 1223 1227
f 1229 1228 1230
f 1229 1231 1228
f 1228 1226 1230
f 1232 1231 1233
f 1232 1234 1231
f 1231 1229 1233
f 1235 1234 1236
f 1235 1237 1234
f 1234 1232 1236
f 1238 1237 1239
f 1238 1240 1237
f 1237 1235 1239
f 1241 1240 1242
f 1241 1243 1240
f 1240 1238 1242
f 1244 1243 1245
f 1244 1246 1243
f 1243 1241 1245
f 1247 1246 1248
f 1247 1249 1246
f 1246 1244 1248
f 1250 1249 1251
f 1250 1252 1249
f 1249 1247 1251
f 1253 1252 1254
f 1253 1255 1252
f 1252 1250 1254
f 1256 1255 1257
f 1256 1258 1255
f 1255 1253 1257
f 1258 1259 1260
f 1258 1256 1259
f 1337 1181 1178
f 1337 1338 1181
f 1189 1348 1349
f 1189 1349 1188
f 1351 1353 1352
f 1351 1190 1353
f 1348 1190 1351
f 1348 1189 1190
f 1193 1354 1353
f 1193 1353 1190
f 1355 1354 1356
f 1355 1357 1354
f 1356 1193 1195
f 1356 1354 1193
f 1358 1357 1359
f 1358 1360 1357
f 1357 1355 1359
f 1361 1360 1362
f 1361 1363 1360
f 1360 1358 1362
f 1364 1363 1365
f 1364 1366 1363
f 1363 1361 1365
f 1367 1366 1368
f 1367 1369 1366
f 1366 1364 1368
f 1370 1369 1371
f 1370 1372 1369
f 1369 1367 1371
f 1202 1373 1372
f 1203 1372 1370
f 1203 1202 1372
f 1207 1374 1373
f 1207 1373 1202
f 1210 1375 1374
f 1210 1374 1207
f 1213 1376 1375
f 1213 1375 1210
f 1216 1377 1376
f 1216 1376 1213
f 1219 1378 1377
f 1219 1377 1216
f 1222 1379 1378
f 1222 1378 1219
f 1225 1380 1379
f 1225 1379 1222
f 1228 1381 1380
f 1228 1380 1225
f 1231 1382 1381
f 1231 1381 1228
f 1234 1383 1382
f 1234 1382 1231
f 1237 1384 1383
f 1237 1383 1234
f 1240 1385 1384
f 1240 1384 1237
f 1243 1386 1385
f 1243 1385 1240
f 1246 1387 1386
f 1246 1386 1243
f 1249 1388 1387
f 1249 1387 1246
f 1252 1389 1388
f 1252 1388 1249
f 1255 1390 1389
f 1255 1389 1252
f 1258 1391 1390
f 1258 1390 1255
f 1392 1391 1393
f 1392 1394 1391
f 1393 1258 1260
f 1393 1391 1258
f 1395 1394 1396
f 1395 1397 1394
f 1394 1392 1396
f 1398 1397 1399
f 1398 1400 1397
f 1397 1395 1399
f 1401 1400 1402
f 1401 1403 1400
f 1400 1398 1402
f 1404 1403 1405
f 1404 1406 1403
f 1403 1401 1405
f 1407 1406 1408
f 1407 1409 1406
f 1406 1404 1408
f 1410 1409 1411
f 1410 1412 1409
f 1409 1407 1411
f 1413 1412 1414
f 1413 1415 1412
f 1412 1410 1414
f 1416 1415 1417
f 1416 1418 1415
f 1415 1413 1417
f 1419 1418 1420
f 1419 1421 1418
f 1418 1416 1420
f 1422 1421 1423
f 1422 1424 1421
f 1421 1419 1423
f 1425 1424 1426
f 1425 1427 1424
f 1424 1422 1426
f 1428 1427 1429
f 1428 1430 1427
f 1427 1425 1429
f 1431 1430 1432
f 1431 1433 1430
f 1430 1428 1432
f 1434 1433 1435
f 1434 1436 1433
f 1433 1431 1435
f 1437 1436 1438
f 1437 1439 1436
f 1436 1434 1438
f 1440 1439 1441
f 1440 1442 1439
f 1439 1437 1441
f 1443 1442 1444
f 1443 1445 1442
f 1442 1440 1444
f 1446 1445 1447
f 1446 1448 1445
f 1445 1443 1447
f 1449 1448 1450
f 1449 1451 1448
f 1448 1446 1450
f 1452 1451 1453
f 1452 1454 1451
f 1451 1449 1453
f 1455 1454 1456
f 1455 1457 1454
f 1454 1452 1456
f 1458 1457 1459
f 1458 1460 1457
f 1457 1455 1459
f 1461 1460 1462
f 1461 1463 1460
f 1460 1458 1462
f 1464 1463 1465
f 1464 1466 1463
f 1463 1461 1465
f 1467 1466 1468
f 1467 1469 1466
f 1466 1464 1468
f 1470 1469 1471
f 1470 1472 1469
f 1469 1467 1471
f 1473 1472 1474
f 1473 1475 1472
f 1472 1470 1474
f 1476 1475 1477
f 1476 1478 1475
f 1475 1473 1477
f 1479 1478 1480
f 1479 1481 1478
f 1478 1476 1480
f 1482 1481 1483
f 1482 1484 1481
f 1481 1479 1483
f 1485 1484 1486
f 1485 1487 1484
f 1484 1482 1486
f 1488 1487 1489
f 1488 1490 1487
f 1487 1485 1489
f 1491 1490 1492
f 1491 1493 1490
f 1490 1488 1492
f 1494 1493 1495
f 1494 1496 1493
f 1493 1491 1495
f 1497 1496 1498
f 1497 1499 1496
f 1496 1494 1498
f 1500 1499 1501
f 1500 1502 1499
f 1499 1497 1501
f 1503 1502 1504
f 1503 1505 1502
f 1502 1500 1506
f 1507 1505 1508
f 1507 1509 1505
f 1505 1503 1508
f 1509 1510 1511
f 1509 1507 1510
f 1539 1540 1541
f 1542 1539 1543
f 1542 1544 1539
f 1539 1541 1543
f 1545 1544 1546
f 1545 1547 1544
f 1544 1542 1546
f 1353 1580 1581
f 1353 1581 1352
f 1583 1585 1584
f 1583 1354 1585
f 1580 1354 1583
f 1580 1353 1354
f 1357 1586 1585
f 1357 1585 1354
f 1360 1587 1586
f 1360 1586 1357
f 1363 1588 1587
f 1363 1587 1360
f 1366 1589 1588
f 1366 1588 1363
f 1591 1369 1592
f 1591 1589 1369
f 1369 1589 1366
f 1372 1593 1594
f 1592 1372 1594
f 1592 1369 1372
f 1373 1596 1597
f 1593 1373 1597
f 1593 1372 1373
f 1374 1599 1600
f 1596 1374 1600
f 1596 1373 1374
f 1375 1602 1603
f 1599 1375 1603
f 1599 1374 1375
f 1376 1605 1606
f 1602 1376 1606
f 1602 1375 1376
f 1377 1608 1609
f 1605 1377 1609
f 1605 1376 1377
f 1378 1611 1612
f 1608 1378 1612
f 1608 1377 1378
f 1379 1614 1615
f 1611 1379 1615
f 1611 1378 1379
f 1380 1617 1618
f 1614 1380 1618
f 1614 1379 1380
f 1381 1620 1621
f 1617 1381 1621
f 1617 1380 1381
f 1382 1623 1624
f 1620 1382 1624
f 1620 1381 1382
f 1383 1626 1627
f 1623 1383 1627
f 1623 1382 1383
f 1384 1629 1630
f 1626 1384 1630
f 1626 1383 1384
f 1385 1632 1633
f 1629 1385 1633
f 1629 1384 1385
f 1386 1635 1636
f 1632 1386 1636
f 1632 1385 1386
f 1387 1638 1639
f 1635 1387 1639
f 1635 1386 1387
f 1388 1641 1642
f 1638 1388 1642
f 1638 1387 1388
f 1389 1644 1645
f 1641 1389 1645
f 1641 1388 1389
f 1390 1647 1648
f 1644 1390 1648
f 1644 1389 1390
f 1391 1650 1651
f 1647 1391 1651
f 1647 1390 1391
f 1394 1653 1654
f 1650 1394 1654
f 1650 1391 1394
f 1397 1656 1657
f 1653 1397 1657
f 1653 1394 1397
f 1400 1659 1660
f 1656 1400 1660
f 1656 1397 1400
f 1403 1662 1663
f 1659 1403 1663
f 1659 1400 1403
f 1406 1665 1666
f 1662 1406 1666
f 1662 1403 1406
f 1668 1670 1669
f 1668 1409 1670
f 1665 1409 1668
f 1665 1406 1409
f 1412 1671 1670
f 1412 1670 1409
f 1415 1672 1671
f 1415 1671 1412
f 1418 1673 1672
f 1418 1672 1415
f 1421 1674 1673
f 1421 1673 1418
f 1424 1675 1674
f 1424 1674 1421
f 1427 1676 1675
f 1427 1675 1424
f 1430 1677 1676
f 1430 1676 1427
f 1433 1678 1677
f 1433 1677 1430
f 1436 1679 1678
f 1436 1678 1433
f 1439 1680 1679
f 1439 1679 1436
f 1442 1681 1680
f 1442 1680 1439
f 1445 1682 1681
f 1445 1681 1442
f 1448 1683 1682
f 1448 1682 1445
f 1451 1684 1683
f 1451 1683 1448
f 1454 1685 1684
f 1454 1684 1451
f 1457 1686 1685
f 1457 1685 1454
f 1460 1687 1686
f 1460 1686 1457
f 1463 1688 1687
f 1463 1687 1460
f 1466 1689 1688
f 1466 1688 1463
f 1469 1690 1689
f 1469 1689 1466
f 1472 1691 1690
f 1472 1690 1469
f 1475 1692 1691
f 1475 1691 1472
f 1478 1693 1692
f 1478 1692 1475
f 1481 1694 1693
f 1481 1693 1478
f 1484 1695 1694
f 1484 1694 1481
f 1487 1696 1695
f 1487 1695 1484
f 1490 1697 1696
f 1490 1696 1487
f 1493 1698 1697
f 1493 1697 1490
f 1496 1699 1698
f 1496 1698 1493
f 1499 1700 1699
f 1499 1699 1496
f 1502 1701 1700
f 1502 1700 1499
f 1505 1702 1701
f 1505 1701 1502
f 1509 1703 1702
f 1509 1702 1505
f 1704 1703 1705
f 1704 1706 1703
f 1705 1509 1511
f 1705 1703 1509
f 1707 1706 1708
f 1707 1709 1706
f 1706 1704 1708
f 1710 1709 1711
f 1710 1712 1709
f 1709 1707 1711
f 1713 1712 1714
f 1713 1715 1712
f 1712 1710 1714
f 1716 1715 1717
f 1716 1718 1715
f 1715 1713 1717
f 1719 1718 1720
f 1719 1721 1718
f 1718 1716 1720
f 1722 1721 1723
f 1722 1724 1721
f 1721 1719 1723
f 1725 1724 1726
f 1725 1727 1724
f 1724 1722 1726
f 1728 1727 1729
f 1728 1730 1727
f 1727 1725 1729
f 1731 1730 1732
f 1731 1733 1730
f 1730 1728 1732
f 1734 1733 1735
f 1734 1736 1733
f 1733 1731 1735
f 1737 1736 1738
f 1737 1739 1736
f 1736 1734 1738
f 1740 1739 1741
f 1740 1742 1739
f 1739 1737 1741
f 1743 1742 1744
f 1743 1745 1742
f 1742 1740 1744
f 1746 1745 1747
f 1746 1748 1745
f 1745 1743 1747
f 1749 1748 1750
f 1749 1751 1748
f 1748 1746 1750
f 1752 1751 1753
f 1752 1754 1751
f 1751 1749 1753
f 1755 1754 1756
f 1755 1757 1754
f 1754 1752 1756
f 1758 1757 1759
f 1758 1760 1757
f 1757 1755 1759
f 1761 1760 1762
f 1761 1763 1760
f 1760 1758 1762
f 1764 1763 1765
f 1764 1766 1763
f 1763 1761 1765
f 1767 1766 1768
f 1767 1769 1766
f 1766 1764 1768
f 1770 1769 1771
f 1770 1772 1769
f 1769 1767 1771
f 1773 1772 1774
f 1773 1775 1772
f 1772 1770 1774
f 1776 1775 1777
f 1776 1778 1775
f 1775 1773 1777
f 1778 1779 1780
f 1778 1776 1779
f 1539 1783 1784
f 1539 1784 1540
f 1786 1788 1787
f 1786 1544 1788
f 1783 1544 1786
f 1783 1539 1544
f 1547 1789 1788
f 1547 1788 1544
f 1585 1809 1810
f 1585 1810 1584
f 1586 1812 1813
f 1809 1586 1813
f 1809 1585 1586
f 1587 1815 1816
f 1812 1587 1816
f 1812 1586 1587
f 1588 1818 1819
f 1815 1588 1819
f 1815 1587 1588
f 1589 1821 1822
f 1818 1589 1822
f 1818 1588 1589
f 1589 1591 1821
f 1670 1850 1851
f 1670 1851 1669
f 1671 1853 1854
f 1850 1671 1854
f 1850 1670 1671
f 1672 1856 1857
f 1853 1672 1857
f 1853 1671 1672
f 1673 1859 1860
f 1856 1673 1860
f 1856 1672 1673
f 1674 1862 1863
f 1859 1674 1863
f 1859 1673 1674
f 1675 1865 1866
f 1862 1675 1866
f 1862 1674 1675
f 1676 1868 1869
f 1865 1676 1869
f 1865 1675 1676
f 1677 1871 1872
f 1868 1677 1872
f 1868 1676 1677
f 1678 1874 1875
f 1871 1678 1875
f 1871 1677 1678
f 1679 1877 1878
f 1874 1679 1878
f 1874 1678 1679
f 1680 1880 1881
f 1877 1680 1881
f 1877 1679 1680
f 1681 1883 1884
f 1880 1681 1884
f 1880 1680 1681
f 1682 1886 1887
f 1883 1682 1887
f 1883 1681 1682
f 1683 1889 1890
f 1886 1683 1890
f 1886 1682 1683
f 1684 1892 1893
f 1889 1684 1893
f 1889 1683 1684
f 1685 1895 1896
f 1892 1685 1896
f 1892 1684 1685
f 1686 1898 1899
f 1895 1686 1899
f 1895 1685 1686
f 1687 1901 1902
f 1898 1687 1902
f 1898 1686 1687
f 1688 1904 1905
f 1901 1688 1905
f 1901 1687 1688
f 1689 1907 1908
f 1904 1689 1908
f 1904 1688 1689
f 1690 1910 1911
f 1907 1690 1911
f 1907 1689 1690
f 1691 1913 1914
f 1910 1691 1914
f 1910 1690 1691
f 1692 1916 1917
f 1913 1692 1917
f 1913 1691 1692
f 1693 1919 1920
f 1916 1693 1920
f 1916 1692 1693
f 1694 1922 1923
f 1919 1694 1923
f 1919 1693 1694
f 1695 1925 1926
f 1922 1695 1926
f 1922 1694 1695
f 1696 1928 1929
f 1931 1696 1929
f 1931 1695 1696
f 1697 1932 1933
f 1928 1697 1933
f 1928 1696 1697
f 1698 1935 1936
f 1932 1698 1936
f 1932 1697 1698
f 1699 1938 1939
f 1935 1699 1939
f 1935 1698 1699
f 1700 1941 1942
f 1938 1700 1942
f 1938 1699 1700
f 1701 1944 1945
f 1941 1701 1945
f 1941 1700 1701
f 1702 1947 1948
f 1944 1702 1948
f 1944 1701 1702
f 1703 1950 1951
f 1947 1703 1951
f 1947 1702 1703
f 1706 1953 1954
f 1950 1706 1954
f 1950 1703 1706
f 1709 1956 1957
f 1953 1709 1957
f 1953 1706 1709
f 1712 1959 1960
f 1956 1712 1960
f 1956 1709 1712
f 1715 1962 1963
f 1959 1715 1963
f 1959 1712 1715
f 1718 1965 1966
f 1962 1718 1966
f 1962 1715 1718
f 1721 1968 1969
f 1965 1721 1969
f 1965 1718 1721
f 1724 1971 1972
f 1968 1724 1972
f 1968 1721 1724
f 1727 1974 1975
f 1971 1727 1975
f 1971 1724 1727
f 1730 1977 1978
f 1974 1730 1978
f 1974 1727 1730
f 1733 1980 1981
f 1977 1733 1981
f 1977 1730 1733
f 1736 1983 1984
f 1980 1736 1984
f 1980 1733 1736
f 1986 1988 1987
f 1986 1739 1988
f 1983 1739 1986
f 1983 1736 1739
f 1742 1989 1988
f 1742 1988 1739
f 1745 1990 1989
f 1745 1989 1742
f 1748 1991 1990
f 1748 1990 1745
f 1751 1992 1991
f 1751 1991 1748
f 1754 1993 1992
f 1754 1992 1751
f 1757 1994 1993
f 1757 1993 1754
f 1760 1995 1994
f 1760 1994 1757
f 1763 1996 1995
f 1763 1995 1760
f 1766 1997 1996
f 1766 1996 1763
f 1769 1998 1997
f 1769 1997 1766
f 1772 1999 1998
f 1772 1998 1769
f 1775 2000 1999
f 1775 1999 1772
f 1778 2001 2000
f 1778 2000 1775
f 2002 2001 2003
f 2002 2004 2001
f 2003 1778 1780
f 2003 2001 1778
f 2004 2005 2006
f 2004 2002 2005
f 2008 2009 2010
f 1788 2011 2008
f 1787 2008 2010
f 1787 1788 2008
f 1789 2012 2011
f 1789 2011 1788

#List of body polygons
f 329 330 331
f 333 334 329
f 335 329 331
f 335 333 329
f 336 337 334
f 336 334 333
f 338 339 337
f 338 337 336
f 340 341 339
f 340 339 338
f 481 482 483
f 484 481 485
f 484 486 481
f 481 483 485
f 487 486 488
f 487 489 486
f 486 484 488
f 490 489 491
f 490 492 489
f 489 487 491
f 493 492 494
f 493 495 492
f 492 490 494
f 496 495 497
f 496 498 495
f 495 493 497
f 499 498 500
f 499 501 498
f 498 496 500
f 502 501 503
f 502 504 501
f 501 499 503
f 505 504 506
f 505 507 504
f 504 502 506
f 508 507 509
f 508 510 507
f 507 505 509
f 511 510 512
f 511 513 510
f 510 508 512
f 514 513 515
f 514 516 513
f 513 511 515
f 517 516 518
f 517 519 516
f 516 514 518
f 520 519 521
f 520 522 519
f 519 517 521
f 523 522 524
f 523 525 522
f 522 520 524
f 526 525 527
f 526 528 525
f 525 523 527
f 529 528 530
f 529 531 528
f 528 526 530
f 532 531 533
f 532 534 531
f 531 529 533
f 535 534 536
f 535 537 534
f 534 532 536
f 538 537 539
f 538 540 537
f 537 535 539
f 541 540 542
f 541 543 540
f 540 538 542
f 544 543 545
f 544 546 543
f 543 541 545
f 547 546 548
f 547 549 546
f 546 544 548
f 550 549 551
f 550 552 549
f 549 547 551
f 553 552 554
f 553 555 552
f 552 550 554
f 556 555 557
f 556 558 555
f 555 553 557
f 329 559 558
f 330 558 556
f 330 329 558
f 334 560 559
f 334 559 329
f 337 561 560
f 337 560 334
f 339 562 561
f 339 561 337
f 341 563 562
f 341 562 339
f 564 565 566
f 564 568 569
f 568 564 580
f 593 594 595
f 596 593 597
f 596 598 593
f 593 595 597
f 599 598 600
f 599 601 598
f 598 596 600
f 602 601 603
f 602 604 601
f 601 599 603
f 605 604 606
f 605 607 604
f 604 602 606
f 608 607 609
f 608 610 607
f 607 605 609
f 610 611 612
f 614 608 611
f 632 633 634
f 635 632 636
f 635 637 632
f 632 634 636
f 638 637 639
f 638 640 637
f 637 635 639
f 641 640 642
f 641 643 640
f 640 638 642
f 644 643 645
f 644 646 643
f 643 641 645
f 647 646 648
f 647 649 646
f 646 644 648
f 650 649 651
f 650 652 649
f 649 647 651
f 653 652 654
f 653 655 652
f 652 650 654
f 656 655 657
f 656 658 655
f 655 653 657
f 659 658 660
f 659 661 658
f 658 656 660
f 662 661 663
f 662 664 661
f 661 659 663
f 665 664 666
f 665 667 664
f 664 662 666
f 668 667 669
f 668 670 667
f 667 665 669
f 671 670 672
f 671 673 670
f 670 668 672
f 674 673 675
f 674 676 673
f 673 671 675
f 677 676 678
f 677 679 676
f 676 674 678
f 680 679 681
f 680 682 679
f 679 677 681
f 683 682 684
f 683 685 682
f 682 680 684
f 686 685 687
f 686 688 685
f 685 683 687
f 689 688 690
f 689 691 688
f 688 686 690
f 692 691 693
f 692 694 691
f 691 689 693
f 695 694 696
f 695 697 694
f 694 692 696
f 698 697 699
f 698 700 697
f 697 695 699
f 701 700 702
f 701 703 700
f 700 698 702
f 704 703 705
f 704 706 703
f 703 701 705
f 707 706 708
f 707 709 706
f 706 704 708
f 710 709 711
f 710 712 709
f 709 707 711
f 713 712 714
f 713 715 712
f 712 710 714
f 716 715 717
f 716 718 715
f 715 713 717
f 719 718 720
f 719 721 718
f 718 716 720
f 722 721 723
f 722 724 721
f 721 719 723
f 725 724 726
f 725 727 724
f 724 722 726
f 728 727 729
f 728 730 727
f 727 725 729
f 731 730 732
f 731 733 730
f 730 728 732
f 734 733 735
f 734 736 733
f 733 731 735
f 737 736 738
f 737 739 736
f 736 734 738
f 740 739 741
f 740 742 739
f 739 737 741
f 743 742 744
f 743 745 742
f 742 740 744
f 746 745 747
f 746 748 745
f 745 743 747
f 481 749 748
f 482 748 746
f 482 481 748
f 486 750 749
f 486 749 481
f 489 751 750
f 489 750 486
f 492 752 751
f 492 751 489
f 495 753 752
f 495 752 492
f 498 754 753
f 498 753 495
f 501 755 754
f 501 754 498
f 504 756 755
f 504 755 501
f 507 757 756
f 507 756 504
f 510 758 757
f 510 757 507
f 513 759 758
f 513 758 510
f 516 760 759
f 516 759 513
f 519 761 760
f 519 760 516
f 522 762 761
f 522 761 519
f 525 763 762
f 525 762 522
f 528 764 763
f 528 763 525
f 531 765 764
f 531 764 528
f 534 766 765
f 534 765 531
f 537 767 766
f 537 766 534
f 540 768 767
f 540 767 537
f 543 769 768
f 543 768 540
f 546 770 769
f 546 769 543
f 549 771 770
f 549 770 546
f 552 772 771
f 552 771 549
f 555 773 772
f 555 772 552
f 558 774 773
f 558 773 555
f 559 775 774
f 559 774 558
f 560 776 775
f 560 775 559
f 561 777 776
f 561 776 560
f 779 562 780
f 779 777 562
f 562 777 561
f 781 783 782
f 781 563 783
f 780 563 781
f 780 562 563
f 564 784 785
f 564 785 565
f 788 790 789
f 788 791 790
f 791 564 569
f 791 784 564
f 791 788 784
f 806 807 808
f 593 809 806
f 594 806 808
f 594 593 806
f 598 810 809
f 598 809 593
f 601 811 810
f 601 810 598
f 604 812 811
f 604 811 601
f 607 813 812
f 607 812 604
f 614 814 813
f 614 813 607
f 815 814 816
f 815 817 814
f 816 614 612
f 816 814 614
f 818 817 819
f 818 820 817
f 817 815 819
f 821 820 822
f 821 823 820
f 820 818 822
f 824 823 825
f 824 826 823
f 823 821 825
f 827 826 828
f 827 829 826
f 826 824 828
f 830 829 831
f 830 832 829
f 829 827 831
f 833 832 834
f 833 835 832
f 832 830 834
f 836 835 837
f 836 838 835
f 835 833 837
f 839 838 840
f 839 841 838
f 838 836 840
f 842 841 843
f 842 844 841
f 841 839 843
f 845 844 846
f 845 847 844
f 844 842 846
f 848 847 849
f 848 850 847
f 847 845 849
f 851 850 852
f 851 853 850
f 850 848 852
f 854 853 855
f 854 856 853
f 853 851 855
f 857 856 858
f 857 859 856
f 856 854 858
f 860 859 861
f 860 862 859
f 859 857 861
f 863 862 864
f 863 865 862
f 862 860 864
f 866 865 867
f 866 868 865
f 865 863 867
f 632 869 868
f 633 868 866
f 633 632 868
f 637 870 869
f 637 869 632
f 640 871 870
f 640 870 637
f 643 872 871
f 643 871 640
f 646 873 872
f 646 872 643
f 649 874 873
f 649 873 646
f 652 875 874
f 652 874 649
f 655 876 875
f 655 875 652
f 658 877 876
f 658 876 655
f 661 878 877
f 661 877 658
f 664 879 878
f 664 878 661
f 667 880 879
f 667 879 664
f 670 881 880
f 670 880 667
f 673 882 881
f 673 881 670
f 676 883 882
f 676 882 673
f 679 884 883
f 679 883 676
f 682 885 884
f 682 884 679
f 685 886 885
f 685 885 682
f 688 887 886
f 688 886 685
f 691 888 887
f 691 887 688
f 694 889 888
f 694 888 691
f 697 890 889
f 697 889 694
f 700 891 890
f 700 890 697
f 703 892 891
f 703 891 700
f 706 893 892
f 706 892 703
f 709 894 893
f 709 893 706
f 712 895 894
f 712 894 709
f 715 896 895
f 715 895 712
f 718 897 896
f 718 896 715
f 721 898 897
f 721 897 718
f 724 899 898
f 724 898 721
f 727 900 899
f 727 899 724
f 730 901 900
f 730 900 727
f 733 902 901
f 733 901 730
f 736 903 902
f 736 902 733
f 739 904 903
f 739 903 736
f 742 905 904
f 742 904 739
f 745 906 905
f 745 905 742
f 748 907 906
f 748 906 745
f 749 908 907
f 749 907 748
f 750 909 908
f 750 908 749
f 751 910 909
f 751 909 750
f 752 911 910
f 752 910 751
f 753 912 911
f 753 911 752
f 754 913 912
f 754 912 753
f 755 914 913
f 755 913 754
f 756 915 914
f 756 914 755
f 757 916 915
f 757 915 756
f 758 917 916
f 758 916 757
f 759 918 917
f 759 917 758
f 760 919 918
f 760 918 759
f 761 920 919
f 761 919 760
f 762 921 920
f 762 920 761
f 763 922 921
f 763 921 762
f 764 923 922
f 764 922 763
f 765 924 923
f 765 923 764
f 766 925 924
f 766 924 765
f 767 926 925
f 767 925 766
f 768 927 926
f 768 926 767
f 769 928 927
f 769 927 768
f 770 929 928
f 770 928 769
f 771 930 929
f 771 929 770
f 772 931 930
f 772 930 771
f 773 932 931
f 773 931 772
f 774 933 932
f 774 932 773
f 775 934 933
f 775 933 774
f 776 935 934
f 776 934 775
f 777 936 935
f 777 935 776
f 936 937 938
f 937 777 779
f 937 936 777
f 940 942 941
f 940 783 942
f 783 940 782
f 945 947 946
f 945 948 947
f 948 789 790
f 948 945 789
f 958 959 960
f 806 961 958
f 807 958 960
f 807 806 958
f 809 962 961
f 809 961 806
f 810 963 962
f 810 962 809
f 811 964 963
f 811 963 810
f 812 965 964
f 812 964 811
f 813 966 965
f 813 965 812
f 814 967 966
f 814 966 813
f 817 968 967
f 817 967 814
f 820 969 968
f 820 968 817
f 823 970 969
f 823 969 820
f 826 971 970
f 826 970 823
f 829 972 971
f 829 971 826
f 832 973 972
f 832 972 829
f 835 974 973
f 835 973 832
f 838 975 974
f 838 974 835
f 841 976 975
f 841 975 838
f 844 977 976
f 844 976 841
f 847 978 977
f 847 977 844
f 850 979 978
f 850 978 847
f 853 980 979
f 853 979 850
f 856 981 980
f 856 980 853
f 859 982 981
f 859 981 856
f 862 983 982
f 862 982 859
f 865 984 983
f 865 983 862
f 868 985 984
f 868 984 865
f 869 986 985
f 869 985 868
f 870 987 986
f 870 986 869
f 871 988 987
f 871 987 870
f 872 989 988
f 872 988 871
f 873 990 989
f 873 989 872
f 874 991 990
f 874 990 873
f 875 992 991
f 875 991 874
f 876 993 992
f 876 992 875
f 877 994 993
f 877 993 876
f 878 995 994
f 878 994 877
f 879 996 995
f 879 995 878
f 880 997 996
f 880 996 879
f 881 998 997
f 881 997 880
f 882 999 998
f 882 998 881
f 883 1000 999
f 883 999 882
f 884 1001 1000
f 884 1000 883
f 885 1002 1001
f 885 1001 884
f 886 1003 1002
f 886 1002 885
f 887 1004 1003
f 887 1003 886
f 888 1005 1004
f 888 1004 887
f 889 1006 1005
f 889 1005 888
f 890 1007 1006
f 890 1006 889
f 891 1008 1007
f 891 1007 890
f 892 1009 1008
f 892 1008 891
f 893 1010 1009
f 893 1009 892
f 894 1011 1010
f 894 1010 893
f 895 1012 1011
f 895 1011 894
f 896 1013 1012
f 896 1012 895
f 897 1014 1013
f 897 1013 896
f 898 1015 1014
f 898 1014 897
f 899 1016 1015
f 899 1015 898
f 900 1017 1016
f 900 1016 899
f 901 1018 1017
f 901 1017 900
f 902 1019 1018
f 902 1018 901
f 903 1020 1019
f 903 1019 902
f 904 1021 1020
f 904 1020 903
f 905 1022 1021
f 905 1021 904
f 906 1023 1022
f 906 1022 905
f 907 1024 1023
f 907 1023 906
f 908 1025 1024
f 908 1024 907
f 909 1026 1025
f 909 1025 908
f 910 1027 1026
f 910 1026 909
f 911 1028 1027
f 911 1027 910
f 912 1029 1028
f 912 1028 911
f 913 1030 1029
f 913 1029 912
f 914 1031 1030
f 914 1030 913
f 915 1032 1031
f 915 1031 914
f 916 1033 1032
f 916 1032 915
f 917 1034 1033
f 917 1033 916
f 918 1035 1034
f 918 1034 917
f 919 1036 1035
f 919 1035 918
f 920 1037 1036
f 920 1036 919
f 921 1038 1037
f 921 1037 920
f 922 1039 1038
f 922 1038 921
f 923 1040 1039
f 923 1039 922
f 924 1041 1040
f 924 1040 923
f 925 1042 1041
f 925 1041 924
f 926 1043 1042
f 926 1042 925
f 927 1044 1043
f 927 1043 926
f 928 1045 1044
f 928 1044 927
f 929 1046 1045
f 929 1045 928
f 930 1047 1046
f 930 1046 929
f 931 1048 1047
f 931 1047 930
f 932 1049 1048
f 932 1048 931
f 933 1050 1049
f 933 1049 932
f 934 1051 1050
f 934 1050 933
f 935 1052 1051
f 935 1051 934
f 936 1053 1052
f 936 1052 935
f 1054 1053 1055
f 1054 1056 1053
f 1055 936 938
f 1055 1053 936
f 942 1057 1056
f 941 1056 1054
f 941 942 1056
f 1058 1059 1060
f 1058 1062 1063
f 946 1058 1060
f 946 1062 1058
f 946 947 1062
f 958 1073 1074
f 958 1074 959
f 1076 1078 1077
f 1076 961 1078
f 1073 961 1076
f 1073 958 961
f 962 1079 1078
f 962 1078 961
f 963 1080 1079
f 963 1079 962
f 964 1081 1080
f 964 1080 963
f 965 1082 1081
f 965 1081 964
f 966 1083 1082
f 966 1082 965
f 967 1084 1083
f 967 1083 966
f 968 1085 1084
f 968 1084 967
f 969 1086 1085
f 969 1085 968
f 970 1087 1086
f 970 1086 969
f 971 1088 1087
f 971 1087 970
f 972 1089 1088
f 972 1088 971
f 973 1090 1089
f 973 1089 972
f 974 1091 1090
f 974 1090 973
f 975 1092 1091
f 975 1091 974
f 976 1093 1092
f 976 1092 975
f 977 1094 1093
f 977 1093 976
f 978 1095 1094
f 978 1094 977
f 979 1096 1095
f 979 1095 978
f 980 1097 1096
f 980 1096 979
f 981 1098 1097
f 981 1097 980
f 982 1099 1098
f 982 1098 981
f 983 1100 1099
f 983 1099 982
f 984 1101 1100
f 984 1100 983
f 985 1102 1101
f 985 1101 984
f 986 1103 1102
f 986 1102 985
f 987 1104 1103
f 987 1103 986
f 988 1105 1104
f 988 1104 987
f 989 1106 1105
f 989 1105 988
f 990 1107 1106
f 990 1106 989
f 991 1108 1107
f 991 1107 990
f 992 1109 1108
f 992 1108 991
f 993 1110 1109
f 993 1109 992
f 994 1111 1110
f 994 1110 993
f 995 1112 1111
f 995 1111 994
f 996 1113 1112
f 996 1112 995
f 997 1114 1113
f 997 1113 996
f 998 1115 1114
f 998 1114 997
f 999 1116 1115
f 999 1115 998
f 1000 1117 1116
f 1000 1116 999
f 1001 1118 1117
f 1001 1117 1000
f 1002 1119 1118
f 1002 1118 1001
f 1003 1120 1119
f 1003 1119 1002
f 1004 1121 1120
f 1004 1120 1003
f 1005 1122 1121
f 1005 1121 1004
f 1006 1123 1122
f 1006 1122 1005
f 1007 1124 1123
f 1007 1123 1006
f 1008 1125 1124
f 1008 1124 1007
f 1009 1126 1125
f 1009 1125 1008
f 1010 1127 1126
f 1010 1126 1009
f 1011 1128 1127
f 1011 1127 1010
f 1012 1129 1128
f 1012 1128 1011
f 1013 1130 1129
f 1013 1129 1012
f 1014 1131 1130
f 1014 1130 1013
f 1015 1132 1131
f 1015 1131 1014
f 1016 1133 1132
f 1016 1132 1015
f 1017 1134 1133
f 1017 1133 1016
f 1018 1135 1134
f 1018 1134 1017
f 1019 1136 1135
f 1019 1135 1018
f 1020 1137 1136
f 1020 1136 1019
f 1021 1138 1137
f 1021 1137 1020
f 1022 1139 1138
f 1022 1138 1021
f 1023 1140 1139
f 1023 1139 1022
f 1024 1141 1140
f 1024 1140 1023
f 1025 1142 1141
f 1025 1141 1024
f 1026 1143 1142
f 1026 1142 1025
f 1027 1144 1143
f 1027 1143 1026
f 1028 1145 1144
f 1028 1144 1027
f 1029 1146 1145
f 1029 1145 1028
f 1030 1147 1146
f 1030 1146 1029
f 1031 1148 1147
f 1031 1147 1030
f 1032 1149 1148
f 1032 1148 1031
f 1033 1150 1149
f 1033 1149 1032
f 1034 1151 1150
f 1034 1150 1033
f 1035 1152 1151
f 1035 1151 1034
f 1036 1153 1152
f 1036 1152 1035
f 1037 1154 1153
f 1037 1153 1036
f 1038 1155 1154
f 1038 1154 1037
f 1039 1156 1155
f 1039 1155 1038
f 1040 1157 1156
f 1040 1156 1039
f 1041 1158 1157
f 1041 1157 1040
f 1042 1159 1158
f 1042 1158 1041
f 1043 1160 1159
f 1043 1159 1042
f 1044 1161 1160
f 1044 1160 1043
f 1045 1162 1161
f 1045 1161 1044
f 1046 1163 1162
f 1046 1162 1045
f 1047 1164 1163
f 1047 1163 1046
f 1048 1165 1164
f 1048 1164 1047
f 1049 1166 1165
f 1049 1165 1048
f 1050 1167 1166
f 1050 1166 1049
f 1051 1168 1167
f 1051 1167 1050
f 1052 1169 1168
f 1052 1168 1051
f 1053 1170 1169
f 1053 1169 1052
f 1056 1171 1170
f 1056 1170 1053
f 1057 1172 1171
f 1057 1171 1056
f 1174 1176 1175
f 1174 1058 1176
f 1058 1174 1059
f 1181 1176 1180
f 1180 1058 1063
f 1180 1176 1058
f 1078 1191 1192
f 1078 1192 1077
f 1194 1196 1195
f 1194 1079 1196
f 1191 1079 1194
f 1191 1078 1079
f 1080 1197 1196
f 1080 1196 1079
f 1081 1198 1197
f 1081 1197 1080
f 1082 1199 1198
f 1082 1198 1081
f 1083 1200 1199
f 1083 1199 1082
f 1084 1201 1200
f 1084 1200 1083
f 1203 1085 1204
f 1203 1201 1085
f 1085 1201 1084
f 1086 1205 1206
f 1204 1086 1206
f 1204 1085 1086
f 1087 1208 1209
f 1205 1087 1209
f 1205 1086 1087
f 1088 1211 1212
f 1208 1088 1212
f 1208 1087 1088
f 1089 1214 1215
f 1211 1089 1215
f 1211 1088 1089
f 1090 1217 1218
f 1214 1090 1218
f 1214 1089 1090
f 1091 1220 1221
f 1217 1091 1221
f 1217 1090 1091
f 1092 1223 1224
f 1220 1092 1224
f 1220 1091 1092
f 1093 1226 1227
f 1223 1093 1227
f 1223 1092 1093
f 1094 1229 1230
f 1226 1094 1230
f 1226 1093 1094
f 1095 1232 1233
f 1229 1095 1233
f 1229 1094 1095
f 1096 1235 1236
f 1232 1096 1236
f 1232 1095 1096
f 1097 1238 1239
f 1235 1097 1239
f 1235 1096 1097
f 1098 1241 1242
f 1238 1098 1242
f 1238 1097 1098
f 1099 1244 1245
f 1241 1099 1245
f 1241 1098 1099
f 1100 1247 1248
f 1244 1100 1248
f 1244 1099 1100
f 1101 1250 1251
f 1247 1101 1251
f 1247 1100 1101
f 1102 1253 1254
f 1250 1102 1254
f 1250 1101 1102
f 1103 1256 1257
f 1253 1103 1257
f 1253 1102 1103
f 1259 1261 1260
f 1259 1104 1261
f 1256 1104 1259
f 1256 1103 1104
f 1105 1262 1261
f 1105 1261 1104
f 1106 1263 1262
f 1106 1262 1105
f 1107 1264 1263
f 1107 1263 1106
f 1108 1265 1264
f 1108 1264 1107
f 1109 1266 1265
f 1109 1265 1108
f 1110 1267 1266
f 1110 1266 1109
f 1111 1268 1267
f 1111 1267 1110
f 1112 1269 1268
f 1112 1268 1111
f 1113 1270 1269
f 1113 1269 1112
f 1114 1271 1270
f 1114 1270 1113
f 1115 1272 1271
f 1115 1271 1114
f 1116 1273 1272
f 1116 1272 1115
f 1117 1274 1273
f 1117 1273 1116
f 1118 1275 1274
f 1118 1274 1117
f 1119 1276 1275
f 1119 1275 1118
f 1120 1277 1276
f 1120 1276 1119
f 1121 1278 1277
f 1121 1277 1120
f 1122 1279 1278
f 1122 1278 1121
f 1123 1280 1279
f 1123 1279 1122
f 1124 1281 1280
f 1124 1280 1123
f 1125 1282 1281
f 1125 1281 1124
f 1126 1283 1282
f 1126 1282 1125
f 1127 1284 1283
f 1127 1283 1126
f 1128 1285 1284
f 1128 1284 1127
f 1129 1286 1285
f 1129 1285 1128
f 1130 1287 1286
f 1130 1286 1129
f 1131 1288 1287
f 1131 1287 1130
f 1132 1289 1288
f 1132 1288 1131
f 1133 1290 1289
f 1133 1289 1132
f 1134 1291 1290
f 1134 1290 1133
f 1135 1292 1291
f 1135 1291 1134
f 1136 1293 1292
f 1136 1292 1135
f 1137 1294 1293
f 1137 1293 1136
f 1138 1295 1294
f 1138 1294 1137
f 1139 1296 1295
f 1139 1295 1138
f 1140 1297 1296
f 1140 1296 1139
f 1141 1298 1297
f 1141 1297 1140
f 1142 1299 1298
f 1142 1298 1141
f 1143 1300 1299
f 1143 1299 1142
f 1144 1301 1300
f 1144 1300 1143
f 1145 1302 1301
f 1145 1301 1144
f 1146 1303 1302
f 1146 1302 1145
f 1147 1304 1303
f 1147 1303 1146
f 1148 1305 1304
f 1148 1304 1147
f 1149 1306 1305
f 1149 1305 1148
f 1150 1307 1306
f 1150 1306 1149
f 1151 1308 1307
f 1151 1307 1150
f 1152 1309 1308
f 1152 1308 1151
f 1153 1310 1309
f 1153 1309 1152
f 1154 1311 1310
f 1154 1310 1153
f 1155 1312 1311
f 1155 1311 1154
f 1156 1313 1312
f 1156 1312 1155
f 1157 1314 1313
f 1157 1313 1156
f 1158 1315 1314
f 1158 1314 1157
f 1159 1316 1315
f 1159 1315 1158
f 1160 1317 1316
f 1160 1316 1159
f 1161 1318 1317
f 1161 1317 1160
f 1162 1319 1318
f 1162 1318 1161
f 1163 1320 1319
f 1163 1319 1162
f 1164 1321 1320
f 1164 1320 1163
f 1165 1322 1321
f 1165 1321 1164
f 1166 1323 1322
f 1166 1322 1165
f 1167 1324 1323
f 1167 1323 1166
f 1168 1325 1324
f 1168 1324 1167
f 1169 1326 1325
f 1169 1325 1168
f 1170 1327 1326
f 1170 1326 1169
f 1171 1328 1327
f 1171 1327 1170
f 1172 1329 1328
f 1172 1328 1171
f 1176 1330 1331
f 1175 1331 1332
f 1175 1176 1331
f 1338 1176 1181
f 1196 1355 1356
f 1196 1356 1195
f 1197 1358 1359
f 1355 1197 1359
f 1355 1196 1197
f 1198 1361 1362
f 1358 1198 1362
f 1358 1197 1198
f 1199 1364 1365
f 1361 1199 1365
f 1361 1198 1199
f 1200 1367 1368
f 1364 1200 1368
f 1364 1199 1200
f 1201 1370 1371
f 1367 1201 1371
f 1367 1200 1201
f 1201 1203 1370
f 1261 1392 1393
f 1261 1393 1260
f 1262 1395 1396
f 1392 1262 1396
f 1392 1261 1262
f 1263 1398 1399
f 1395 1263 1399
f 1395 1262 1263
f 1264 1401 1402
f 1398 1264 1402
f 1398 1263 1264
f 1265 1404 1405
f 1401 1265 1405
f 1401 1264 1265
f 1266 1407 1408
f 1404 1266 1408
f 1404 1265 1266
f 1267 1410 1411
f 1407 1267 1411
f 1407 1266 1267
f 1268 1413 1414
f 1410 1268 1414
f 1410 1267 1268
f 1269 1416 1417
f 1413 1269 1417
f 1413 1268 1269
f 1270 1419 1420
f 1416 1270 1420
f 1416 1269 1270
f 1271 1422 1423
f 1419 1271 1423
f 1419 1270 1271
f 1272 1425 1426
f 1422 1272 1426
f 1422 1271 1272
f 1273 1428 1429
f 1425 1273 1429
f 1425 1272 1273
f 1274 1431 1432
f 1428 1274 1432
f 1428 1273 1274
f 1275 1434 1435
f 1431 1275 1435
f 1431 1274 1275
f 1276 1437 1438
f 1434 1276 1438
f 1434 1275 1276
f 1277 1440 1441
f 1437 1277 1441
f 1437 1276 1277
f 1278 1443 1444
f 1440 1278 1444
f 1440 1277 1278
f 1279 1446 1447
f 1443 1279 1447
f 1443 1278 1279
f 1280 1449 1450
f 1446 1280 1450
f 1446 1279 1280
f 1281 1452 1453
f 1449 1281 1453
f 1449 1280 1281
f 1282 1455 1456
f 1452 1282 1456
f 1452 1281 1282
f 1283 1458 1459
f 1455 1283 1459
f 1455 1282 1283
f 1284 1461 1462
f 1458 1284 1462
f 1458 1283 1284
f 1285 1464 1465
f 1461 1285 1465
f 1461 1284 1285
f 1286 1467 1468
f 1464 1286 1468
f 1464 1285 1286
f 1287 1470 1471
f 1467 1287 1471
f 1467 1286 1287
f 1288 1473 1474
f 1470 1288 1474
f 1470 1287 1288
f 1289 1476 1477
f 1473 1289 1477
f 1473 1288 1289
f 1290 1479 1480
f 1476 1290 1480
f 1476 1289 1290
f 1291 1482 1483
f 1479 1291 1483
f 1479 1290 1291
f 1292 1485 1486
f 1482 1292 1486
f 1482 1291 1292
f 1293 1488 1489
f 1485 1293 1489
f 1485 1292 1293
f 1294 1491 1492
f 1488 1294 1492
f 1488 1293 1294
f 1295 1494 1495
f 1491 1295 1495
f 1491 1294 1295
f 1296 1497 1498
f 1494 1296 1498
f 1494 1295 1296
f 1297 1500 1501
f 1497 1297 1501
f 1497 1296 1297
f 1298 1503 1504
f 1500 1298 1506
f 1500 1297 1298
f 1299 1507 1508
f 1503 1299 1508
f 1503 1298 1299
f 1510 1512 1511
f 1510 1300 1512
f 1507 1300 1510
f 1507 1299 1300
f 1301 1513 1512
f 1301 1512 1300
f 1302 1514 1513
f 1302 1513 1301
f 1303 1515 1514
f 1303 1514 1302
f 1304 1516 1515
f 1304 1515 1303
f 1305 1517 1516
f 1305 1516 1304
f 1306 1518 1517
f 1306 1517 1305
f 1307 1519 1518
f 1307 1518 1306
f 1308 1520 1519
f 1308 1519 1307
f 1309 1521 1520
f 1309 1520 1308
f 1310 1522 1521
f 1310 1521 1309
f 1311 1523 1522
f 1311 1522 1310
f 1312 1524 1523
f 1312 1523 1311
f 1313 1525 1524
f 1313 1524 1312
f 1314 1526 1525
f 1314 1525 1313
f 1315 1527 1526
f 1315 1526 1314
f 1316 1528 1527
f 1316 1527 1315
f 1317 1529 1528
f 1317 1528 1316
f 1318 1530 1529
f 1318 1529 1317
f 1319 1531 1530
f 1319 1530 1318
f 1320 1532 1531
f 1320 1531 1319
f 1321 1533 1532
f 1321 1532 1320
f 1322 1534 1533
f 1322 1533 1321
f 1323 1535 1534
f 1323 1534 1322
f 1324 1536 1535
f 1324 1535 1323
f 1325 1537 1536
f 1325 1536 1324
f 1326 1538 1537
f 1326 1537 1325
f 1540 1327 1541
f 1540 1538 1327
f 1327 1538 1326
f 1328 1542 1543
f 1541 1328 1543
f 1541 1327 1328
f 1329 1545 1546
f 1542 1329 1546
f 1542 1328 1329
f 1512 1704 1705
f 1512 1705 1511
f 1513 1707 1708
f 1704 1513 1708
f 1704 1512 1513
f 1514 1710 1711
f 1707 1514 1711
f 1707 1513 1514
f 1515 1713 1714
f 1710 1515 1714
f 1710 1514 1515
f 1516 1716 1717
f 1713 1516 1717
f 1713 1515 1516
f 1517 1719 1720
f 1716 1517 1720
f 1716 1516 1517
f 1518 1722 1723
f 1719 1518 1723
f 1719 1517 1518
f 1519 1725 1726
f 1722 1519 1726
f 1722 1518 1519
f 1520 1728 1729
f 1725 1520 1729
f 1725 1519 1520
f 1521 1731 1732
f 1728 1521 1732
f 1728 1520 1521
f 1522 1734 1735
f 1731 1522 1735
f 1731 1521 1522
f 1523 1737 1738
f 1734 1523 1738
f 1734 1522 1523
f 1524 1740 1741
f 1737 1524 1741
f 1737 1523 1524
f 1525 1743 1744
f 1740 1525 1744
f 1740 1524 1525
f 1526 1746 1747
f 1743 1526 1747
f 1743 1525 1526
f 1527 1749 1750
f 1746 1527 1750
f 1746 1526 1527
f 1528 1752 1753
f 1749 1528 1753
f 1749 1527 1528
f 1529 1755 1756
f 1752 1529 1756
f 1752 1528 1529
f 1530 1758 1759
f 1755 1530 1759
f 1755 1529 1530
f 1531 1761 1762
f 1758 1531 1762
f 1758 1530 1531
f 1532 1764 1765
f 1761 1532 1765
f 1761 1531 1532
f 1533 1767 1768
f 1764 1533 1768
f 1764 1532 1533
f 1534 1770 1771
f 1767 1534 1771
f 1767 1533 1534
f 1535 1773 1774
f 1770 1535 1774
f 1770 1534 1535
f 1536 1776 1777
f 1773 1536 1777
f 1773 1535 1536
f 1779 1781 1780
f 1779 1537 1781
f 1776 1537 1779
f 1776 1536 1537
f 1538 1782 1781
f 1538 1781 1537
f 1783 1782 1784
f 1783 1785 1782
f 1784 1538 1540
f 1784 1782 1538
f 1785 1786 1787
f 1785 1783 1786
f 1781 2002 2003
f 1781 2003 1780
f 2005 2007 2006
f 2005 1782 2007
f 2002 1782 2005
f 2002 1781 1782
f 2009 1785 2010
f 2009 2007 1785
f 1785 2007 1782
f 1785 1787 2010

#List of body polygons
f 349 350 348
f 349 351 350
f 348 350 352
f 1330 1548 1549
f 1559 1330 1549
f 1559 1331 1330

#List of body polygons
f 565 351 566
f 565 567 351
f 351 567 350
f 784 786 785
f 784 787 786
f 785 567 565
f 785 786 567
f 787 788 789
f 788 787 784
f 787 943 944
f 787 944 786
f 943 945 946
f 945 787 789
f 945 943 787
f 1059 943 1060
f 1059 1061 943
f 943 1061 944
f 943 946 1060
f 1173 1174 1175
f 1174 1061 1059
f 1174 1173 1061
f 1173 1175 1332

#List of body lines
l 2013 2014
l 2014 2015
l 2015 2016
l 2016 2017
l 2017 2018
l 2018 2019
l 2019 2020
l 2020 2021
l 2021 2022
l 2022 2023
l 2014 2024
l 2024 2025
l 2025 2015
l 2015 2026
l 2026 2017
l 2017 2027
l 2027 2019
l 2019 2028
l 2028 2021
l 2021 2029
l 2029 2030
l 2030 2022
l 2024 2031
l 2031 2032
l 2032 2025
l 2025 2033
l 2033 2026
l 2026 2034
l 2034 2027
l 2027 2035
l 2035 2028
l 2028 2036
l 2036 2029
l 2029 2037
l 2037 2038
l 2038 2030
l 2031 2039
l 2039 2040
l 2040 2032
l 2032 2041
l 2041 2033
l 2033 2042
l 2042 2034
l 2034 2043
l 2043 2035
l 2035 2044
l 2044 2036
l 2036 2045
l 2045 2037
l 2037 2046
l 2046 2047
l 2047 2038
l 2039 2048
l 2048 2049
l 2049 2040
l 2040 2050
l 2050 2041
l 2041 2051
l 2051 2042
l 2042 2052
l 2052 2043
l 2043 2053
l 2053 2044
l 2044 2054
l 2054 2045
l 2045 2055
l 2055 2046
l 2046 2056
l 2056 2057
l 2057 2047
l 2048 2058
l 2058 2059
l 2059 2049
l 2049 2060
l 2060 2050
l 2050 2061
l 2061 2051
l 2051 2062
l 2062 2052
l 2052 2063
l 2063 2053
l 2053 2064
l 2064 2054
l 2054 2065
l 2065 2055
l 2055 2066
l 2066 2056
l 2056 2067
l 2067 2068
l 2068 2057
l 2058 2069
l 2069 2070
l 2070 2059
l 2059 2071
l 2071 2060
l 2060 2072
l 2072 2061
l 2061 2073
l 2073 2062
l 2062 2074
l 2074 2063
l 2063 2075
l 2075 2064
l 2064 2076
l 2076 2065
l 2065 2077
l 2077 2066
l 2066 2078
l 2078 2067
l 2067 2079
l 2079 2080
l 2080 2068
l 2070 2081
l 2081 2071
l 2071 2082
l 2082 2072
l 2072 2083
l 2083 2073
l 2073 2084
l 2084 2074
l 2074 2085
l 2085 2075
l 2075 2086
l 2086 2076
l 2076 2087
l 2087 2077
l 2077 2088
l 2088 2078
l 2078 2089
l 2089 2079
l 2079 2090
l 2090 2091
l 2091 2080
l 2081 2092
l 2092 2082
l 2082 2093
l 2093 2083
l 2083 2094
l 2094 2084
l 2084 2095
l 2095 2085
l 2085 2096
l 2096 2086
l 2086 2097
l 2097 2087
l 2087 2098
l 2098 2088
l 2088 2099
l 2099 2089
l 2089 2100
l 2100 2090
l 2090 2101
l 2101 2102
l 2102 2091
l 2092 2103
l 2103 2093
l 2093 2104
l 2104 2094
l 2094 2105
l 2105 2095
l 2095 2106
l 2106 2096
l 2096 2107
l 2107 2097
l 2097 2108
l 2108 2098
l 2098 2109
l 2109 2099
l 2099 2110
l 2110 2100
l 2100 2111
l 2111 2101
l 2101 2112
l 2112 2113
l 2113 2102
l 2103 2114
l 2114 2104
l 2104 2115
l 2115 2105
l 2105 2116
l 2116 2106
l 2106 2117
l 2117 2107
l 2107 2118
l 2118 2108
l 2108 2119
l 2119 2109
l 2109 2120
l 2120 2110
l 2110 2121
l 2121 2111
l 2111 2122
l 2122 2112
l 2112 2123
l 2123 2124
l 2124 2113
l 2114 2125
l 2125 2115
l 2115 2126
l 2126 2116
l 2116 2127
l 2127 2117
l 2117 2128
l 2128 2118
l 2118 2129
l 2129 2119
l 2119 2130
l 2130 2120
l 2120 2131
l 2131 2121
l 2121 2132
l 2132 2122
l 2122 2133
l 2133 2123
l 2123 2134
l 2134 2135
l 2135 2124
l 2125 2136
l 2136 2126
l 2126 2137
l 2137 2127
l 2127 2138
l 2138 2128
l 2128 2139
l 2139 2129
l 2129 2140
l 2140 2130
l 2130 2141
l 2141 2131
l 2131 2142
l 2142 2132
l 2132 2143
l 2143 2133
l 2133 2144
l 2144 2134
l 2134 2145
l 2145 2146
l 2146 2135
l 2136 2147
l 2147 2137
l 2137 2148
l 2148 2138
l 2138 2149
l 2149 2139
l 2139 2150
l 2150 2140
l 2140 2151
l 2151 2141
l 2141 2152
l 2152 2142
l 2142 2153
l 2153 2143
l 2143 2154
l 2154 2144
l 2144 2155
l 2155 2145
l 2145 2156
l 2156 2157
l 2157 2146
l 2147 2158
l 2158 2148
l 2148 2159
l 2159 2149
l 2149 2160
l 2160 2150
l 2150 2161
l 2161 2151
l 2151 2162
l 2162 2152
l 2152 2163
l 2163 2153
l 2153 2164
l 2164 2154
l 2154 2165
l 2165 2155
l 2155 2166
l 2166 2156
l 2156 2167
l 2167 2168
l 2168 2157
l 2158 2169
l 2169 2159
l 2159 2170
l 2170 2160
l 2160 2171
l 2171 2161
l 2161 2172
l 2172 2162
l 2162 2173
l 2173 2163
l 2163 2174
l 2174 2164
l 2164 2175
l 2175 2165
l 2165 2176
l 2176 2166
l 2166 2177
l 2177 2167
l 2167 2178
l 2178 2179
l 2179 2168
l 2169 2180
l 2180 2170
l 2170 2181
l 2181 2171
l 2171 2182
l 2182 2172
l 2172 2183
l 2183 2173
l 2173 2184
l 2184 2174
l 2174 2185
l 2185 2175
l 2175 2186
l 2186 2176
l 2176 2187
l 2187 2177
l 2177 2188
l 2188 2178
l 2178 2189
l 2189 2190
l 2190 2179
l 2180 2191
l 2191 2181
l 2181 2192
l 2192 2182
l 2182 2193
l 2193 2183
l 2183 2194
l 2194 2184
l 2184 2195
l 2195 2185
l 2185 2196
l 2196 2186
l 2186 2197
l 2197 2187
l 2187 2198
l 2198 2188
l 2188 2199
l 2199 2189
l 2189 2200
l 2200 2201
l 2201 2190
l 2191 2202
l 2202 2192
l 2192 2203
l 2203 2193
l 2193 2204
l 2204 2194
l 2194 2205
l 2205 2195
l 2195 2206
l 2206 2196
l 2196 2207
l 2207 2197
l 2197 2208
l 2208 2198
l 2198 2209
l 2209 2199
l 2199 2210
l 2210 2200
l 2200 2211
l 2211 2212
l 2212 2201
l 2202 2213
l 2213 2203
l 2203 2214
l 2214 2204
l 2204 2215
l 2215 2205
l 2205 2216
l 2216 2206
l 2206 2217
l 2217 2207
l 2207 2218
l 2218 2208
l 2208 2219
l 2219 2209
l 2209 2220
l 2220 2210
l 2210 2221
l 2221 2211
l 2211 2222
l 2222 2223
l 2223 2212
l 2213 2224
l 2224 2214
l 2214 2225
l 2225 2215
l 2215 2226
l 2226 2216
l 2216 2227
l 2227 2217
l 2217 2228
l 2228 2218
l 2218 2229
l 2229 2219
l 2219 2230
l 2230 2220
l 2220 2231
l 2231 2221
l 2221 2232
l 2232 2222
l 2222 2233
l 2233 2234
l 2234 2223
l 2224 2235
l 2235 2225
l 2225 2236
l 2236 2226
l 2226 2237
l 2237 2227
l 2227 2238
l 2238 2228
l 2228 2239
l 2239 2229
l 2229 2240
l 2240 2230
l 2230 2241
l 2241 2231
l 2231 2242
l 2242 2232
l 2232 2243
l 2243 2233
l 2233 2244
l 2244 2245
l 2245 2234
l 2235 2246
l 2246 2236
l 2236 2247
l 2247 2237
l 2237 2248
l 2248 2238
l 2238 2249
l 2249 2239
l 2239 2250
l 2250 2240
l 2240 2251
l 2251 2241
l 2241 2252
l 2252 2242
l 2242 2253
l 2253 2243
l 2243 2254
l 2254 2244
l 2244 2255
l 2255 2256
l 2256 2245
l 2246 2257
l 2257 2247
l 2247 2258
l 2258 2248
l 2248 2259
l 2259 2249
l 2249 2260
l 2260 2250
l 2250 2261
l 2261 2251
l 2251 2262
l 2262 2252
l 2252 2263
l 2263 2253
l 2253 2264
l 2264 2254
l 2254 2265
l 2265 2255
l 2255 2266
l 2266 2267
l 2267 2256
l 2257 2268
l 2268 2258
l 2258 2269
l 2269 2259
l 2259 2270
l 2270 2260
l 2260 2271
l 2271 2261
l 2261 2272
l 2272 2262
l 2262 2273
l 2273 2263
l 2263 2274
l 2274 2264
l 2264 2275
l 2275 2265
l 2265 2276
l 2276 2266
l 2266 2277
l 2277 2278
l 2278 2267
l 2268 2279
l 2279 2269
l 2269 2280
l 2280 2270
l 2270 2281
l 2281 2271
l 2271 2282
l 2282 2272
l 2272 2283
l 2283 2273
l 2273 2284
l 2284 2274
l 2274 2285
l 2285 2275
l 2275 2286
l 2286 2276
l 2276 2287
l 2287 2277
l 2277 2288
l 2288 2289
l 2289 2278
l 2279 2290
l 2290 2280
l 2280 2291
l 2291 2281
l 2281 2292
l 2292 2282
l 2282 2293
l 2293 2283
l 2283 2294
l 2294 2284
l 2284 2295
l 2295 2285
l 2285 2296
l 2296 2286
l 2286 2297
l 2297 2287
l 2287 2298
l 2298 2288
l 2288 2299
l 2299 2300
l 2300 2289
l 2290 2301
l 2301 2291
l 2291 2302
l 2302 2292
l 2292 2303
l 2303 2293
l 2293 2304
l 2304 2294
l 2294 2305
l 2305 2295
l 2295 2306
l 2306 2296
l 2296 2307
l 2307 2297
l 2297 2308
l 2308 2298
l 2298 2309
l 2309 2299
l 2299 2310
l 2310 2311
l 2311 2300
l 2301 2312
l 2312 2302
l 2302 2313
l 2313 2303
l 2303 2314
l 2314 2304
l 2304 2315
l 2315 2305
l 2305 2316
l 2316 2306
l 2306 2317
l 2317 2307
l 2307 2318
l 2318 2308
l 2308 2319
l 2319 2309
l 2309 2320
l 2320 2310
l 2310 2321
l 2321 2322
l 2322 2311
l 2312 2323
l 2323 2313
l 2313 2324
l 2324 2314
l 2314 2325
l 2325 2315
l 2315 2326
l 2326 2316
l 2316 2327
l 2327 2317
l 2317 2328
l 2328 2318
l 2318 2329
l 2329 2319
l 2319 2330
l 2330 2320
l 2320 2331
l 2331 2321
l 2321 2332
l 2332 2333
l 2333 2322
l 2323 2334
l 2334 2324
l 2324 2335
l 2335 2325
l 2325 2336
l 2336 2326
l 2326 2337
l 2337 2327
l 2327 2338
l 2338 2328
l 2328 2339
l 2339 2329
l 2329 2340
l 2340 2330
l 2330 2341
l 2341 2331
l 2331 2342
l 2342 2332
l 2332 2343
l 2343 2344
l 2344 2333
l 2334 2345
l 2345 2335
l 2335 2346
l 2346 2336
l 2336 2347
l 2347 2337
l 2337 2348
l 2348 2338
l 2338 2349
l 2349 2339
l 2339 2350
l 2350 2340
l 2340 2351
l 2351 2341
l 2341 2352
l 2352 2342
l 2342 2353
l 2353 2343
l 2343 2354
l 2354 2355
l 2355 2344
l 2345 2356
l 2356 2346
l 2346 2357
l 2357 2347
l 2347 2358
l 2358 2348
l 2348 2359
l 2359 2349
l 2349 2360
l 2360 2350
l 2350 2361
l 2361 2351
l 2351 2362
l 2362 2352
l 2352 2363
l 2363 2353
l 2353 2364
l 2364 2354
l 2354 2365
l 2365 2366
l 2366 2355
l 2356 2367
l 2367 2357
l 2357 2368
l 2368 2358
l 2358 2369
l 2369 2359
l 2359 2370
l 2370 2360
l 2360 2371
l 2371 2361
l 2361 2372
l 2372 2362
l 2362 2373
l 2373 2363
l 2363 2374
l 2374 2364
l 2364 2375
l 2375 2365
l 2365 2376
l 2376 2377
l 2377 2366
l 2367 2378
l 2378 2368
l 2368 2379
l 2379 2369
l 2369 2380
l 2380 2370
l 2370 2381
l 2381 2371
l 2371 2382
l 2382 2372
l 2372 2383
l 2383 2373
l 2373 2384
l 2384 2374
l 2374 2385
l 2385 2375
l 2375 2386
l 2386 2376
l 2376 2387
l 2387 2388
l 2388 2377
l 2378 2389
l 2389 2379
l 2379 2390
l 2390 2380
l 2380 2391
l 2391 2381
l 2381 2392
l 2392 2382
l 2382 2393
l 2393 2383
l 2383 2394
l 2394 2384
l 2384 2395
l 2395 2385
l 2385 2396
l 2396 2386
l 2386 2397
l 2397 2387
l 2387 2398
l 2398 2399
l 2399 2388
l 2389 2400
l 2400 2390
l 2390 2401
l 2401 2391
l 2391 2402
l 2402 2392
l 2392 2403
l 2403 2393
l 2393 2404
l 2404 2394
l 2394 2405
l 2405 2395
l 2395 2406
l 2406 2396
l 2396 2407
l 2407 2397
l 2397 2408
l 2408 2398
l 2398 2409
l 2409 2410
l 2410 2399
l 2400 2411
l 2411 2401
l 2401 2412
l 2412 2402
l 2402 2413
l 2413 2403
l 2403 2414
l 2414 2404
l 2404 2415
l 2415 2405
l 2405 2416
l 2416 2406
l 2406 2417
l 2417 2407
l 2407 2418
l 2418 2408
l 2408 2419
l 2419 2409
l 2409 2420
l 2420 2421
l 2421 2410
l 2411 2422
l 2422 2412
l 2412 2423
l 2423 2413
l 2413 2424
l 2424 2414
l 2414 2425
l 2425 2415
l 2415 2426
l 2426 2416
l 2416 2427
l 2427 2417
l 2417 2428
l 2428 2418
l 2418 2429
l 2429 2419
l 2419 2430
l 2430 2420
l 2420 2431
l 2431 2432
l 2432 2421
l 2422 2433
l 2433 2423
l 2423 2434
l 2434 2424
l 2424 2435
l 2435 2425
l 2425 2436
l 2436 2426
l 2426 2437
l 2437 2427
l 2427 2438
l 2438 2428
l 2428 2439
l 2439 2429
l 2429 2440
l 2440 2430
l 2430 2441
l 2441 2431
l 2431 2442
l 2442 2443
l 2443 2432
l 2433 2444
l 2444 2434
l 2434 2445
l 2445 2435
l 2435 2446
l 2446 2436
l 2436 2447
l 2447 2437
l 2437 2448
l 2448 2438
l 2438 2449
l 2449 2439
l 2439 2450
l 2450 2440
l 2440 2451
l 2451 2441
l 2441 2452
l 2452 2442
l 2442 2453
l 2453 2454
l 2454 2443
l 2444 2455
l 2455 2445
l 2445 2456
l 2456 2446
l 2446 2457
l 2457 2447
l 2447 2458
l 2458 2448
l 2448 2459
l 2459 2449
l 2449 2460
l 2460 2450
l 2450 2461
l 2461 2451
l 2451 2462
l 2462 2452
l 2452 2463
l 2463 2453
l 2453 2464
l 2464 2465
l 2465 2454
l 2455 2466
l 2466 2456
l 2456 2467
l 2467 2457
l 2457 2468
l 2468 2458
l 2458 2469
l 2469 2459
l 2459 2470
l 2470 2460
l 2460 2471
l 2471 2461
l 2461 2472
l 2472 2462
l 2462 2473
l 2473 2463
l 2463 2474
l 2474 2464
l 2464 2475
l 2475 2476
l 2476 2465
l 2466 2477
l 2477 2467
l 2467 2478
l 2478 2468
l 2468 2479
l 2479 2469
l 2469 2480
l 2480 2470
l 2470 2481
l 2481 2471
l 2471 2482
l 2482 2472
l 2472 2483
l 2483 2473
l 2473 2484
l 2484 2474
l 2474 2485
l 2485 2475
l 2475 2486
l 2486 2487
l 2487 2476
l 2477 2488
l 2488 2478
l 2478 2489
l 2489 2479
l 2479 2490
l 2490 2480
l 2480 2491
l 2491 2481
l 2481 2492
l 2492 2482
l 2482 2493
l 2493 2483
l 2483 2494
l 2494 2484
l 2484 2495
l 2495 2485
l 2485 2496
l 2496 2486
l 2486 2497
l 2497 2498
l 2498 2487
l 2488 2499
l 2499 2489
l 2489 2500
l 2500 2490
l 2490 2501
l 2501 2491
l 2491 2502
l 2502 2492
l 2492 2503
l 2503 2493
l 2493 2504
l 2504 2494
l 2494 2505
l 2505 2495
l 2495 2506
l 2506 2496
l 2496 2507
l 2507 2497
l 2497 2508
l 2508 2509
l 2509 2498
l 2499 2510
l 2510 2500
l 2500 2511
l 2511 2501
l 2501 2512
l 2512 2502
l 2502 2513
l 2513 2503
l 2503 2514
l 2514 2504
l 2504 2515
l 2515 2505
l 2505 2516
l 2516 2506
l 2506 2517
l 2517 2507
l 2507 2518
l 2518 2508
l 2508 2519
l 2519 2520
l 2520 2509
l 2510 2521
l 2521 2511
l 2511 2522
l 2522 2512
l 2512 2523
l 2523 2513
l 2513 2524
l 2524 2514
l 2514 2525
l 2525 2515
l 2515 2526
l 2526 2516
l 2516 2527
l 2527 2517
l 2517 2528
l 2528 2518
l 2518 2529
l 2529 2519
l 2519 2530
l 2530 2531
l 2531 2520
l 2521 2532
l 2532 2522
l 2522 2533
l 2533 2523
l 2523 2534
l 2534 2524
l 2524 2535
l 2535 2525
l 2525 2536
l 2536 2526
l 2526 2537
l 2537 2527
l 2527 2538
l 2538 2528
l 2528 2539
l 2539 2529
l 2529 2540
l 2540 2530
l 2530 2541
l 2541 2542
l 2542 2531
l 2532 2543
l 2543 2533
l 2533 2544
l 2544 2534
l 2534 2545
l 2545 2535
l 2535 2546
l 2546 2536
l 2536 2547
l 2547 2537
l 2537 2548
l 2548 2538
l 2538 2549
l 2549 2539
l 2539 2550
l 2550 2540
l 2540 2551
l 2551 2541
l 2541 2552
l 2552 2553
l 2553 2542
l 2543 2554
l 2554 2544
l 2544 2555
l 2555 2545
l 2545 2556
l 2556 2546
l 2546 2557
l 2557 2547
l 2547 2558
l 2558 2548
l 2548 2559
l 2559 2549
l 2549 2560
l 2560 2550
l 2550 2561
l 2561 2551
l 2551 2562
l 2562 2552
l 2552 2563
l 2563 2564
l 2564 2553
l 2554 2565
l 2565 2555
l 2555 2566
l 2566 2556
l 2556 2567
l 2567 2557
l 2557 2568
l 2568 2558
l 2558 2569
l 2569 2559
l 2559 2570
l 2570 2560
l 2560 2571
l 2571 2561
l 2561 2572
l 2572 2562
l 2562 2573
l 2573 2563
l 2563 2574
l 2574 2575
l 2575 2564
l 2565 2576
l 2576 2566
l 2566 2577
l 2577 2567
l 2567 2578
l 2578 2568
l 2568 2579
l 2579 2569
l 2569 2580
l 2580 2570
l 2570 2581
l 2581 2571
l 2571 2582
l 2582 2572
l 2572 2583
l 2583 2573
l 2573 2584
l 2584 2574
l 2574 2585
l 2585 2586
l 2586 2575
l 2576 2587
l 2587 2577
l 2577 2588
l 2588 2578
l 2578 2589
l 2589 2579
l 2579 2590
l 2590 2580
l 2580 2591
l 2591 2581
l 2581 2592
l 2592 2582
l 2582 2593
l 2593 2583
l 2583 2594
l 2594 2584
l 2584 2595
l 2595 2585
l 2585 2596
l 2596 2597
l 2597 2586
l 2587 2598
l 2598 2588
l 2588 2599
l 2599 2589
l 2589 2600
l 2600 2590
l 2590 2601
l 2601 2591
l 2591 2602
l 2602 2592
l 2592 2603
l 2603 2593
l 2593 2604
l 2604 2594
l 2594 2605
l 2605 2595
l 2595 2606
l 2606 2596
l 2596 2607
l 2607 2608
l 2608 2597
l 2598 2609
l 2609 2599
l 2599 2610
l 2610 2600
l 2600 2611
l 2611 2601
l 2601 2612
l 2612 2602
l 2602 2613
l 2613 2603
l 2603 2614
l 2614 2604
l 2604 2615
l 2615 2605
l 2605 2616
l 2616 2606
l 2606 2617
l 2617 2607
l 2607 2618
l 2618 2619
l 2619 2608
l 2609 2620
l 2620 2610
l 2610 2621
l 2621 2611
l 2611 2622
l 2622 2612
l 2612 2623
l 2623 2613
l 2613 2624
l 2624 2614
l 2614 2625
l 2625 2615
l 2615 2626
l 2626 2616
l 2616 2627
l 2627 2617
l 2617 2628
l 2628 2618
l 2618 2629
l 2629 2630
l 2630 2619
l 2620 2631
l 2631 2621
l 2621 2632
l 2632 2622
l 2622 2633
l 2633 2623
l 2623 2634
l 2634 2624
l 2624 2635
l 2635 2625
l 2625 2636
l 2636 2626
l 2626 2637
l 2637 2627
l 2627 2638
l 2638 2628
l 2628 2639
l 2639 2629
l 2629 2640
l 2640 2641
l 2641 2630
l 2631 2642
l 2642 2632
l 2632 2643
l 2643 2633
l 2633 2644
l 2644 2634
l 2634 2645
l 2645 2635
l 2635 2646
l 2646 2636
l 2636 2647
l 2647 2637
l 2637 2648
l 2648 2638
l 2638 2649
l 2649 2639
l 2639 2650
l 2650 2640
l 2640 2651
l 2651 2652
l 2652 2641
l 2642 2653
l 2653 2643
l 2643 2654
l 2654 2644
l 2644 2655
l 2655 2645
l 2645 2656
l 2656 2646
l 2646 2657
l 2657 2647
l 2647 2658
l 2658 2648
l 2648 2659
l 2659 2649
l 2649 2660
l 2660 2650
l 2650 2661
l 2661 2651
l 2651 2662
l 2662 2663
l 2663 2652
l 2653 2664
l 2664 2654
l 2654 2665
l 2665 2655
l 2655 2666
l 2666 2656
l 2656 2667
l 2667 2657
l 2657 2668
l 2668 2658
l 2658 2669
l 2669 2659
l 2659 2670
l 2670 2660
l 2660 2671
l 2671 2661
l 2661 2672
l 2672 2662
l 2662 2673
l 2673 2674
l 2674 2663
l 2664 2675
l 2675 2665
l 2665 2676
l 2676 2666
l 2666 2677
l 2677 2667
l 2667 2678
l 2678 2668
l 2668 2679
l 2679 2669
l 2669 2680
l 2680 2670
l 2670 2681
l 2681 2671
l 2671 2682
l 2682 2672
l 2672 2683
l 2683 2673
l 2673 2684
l 2684 2685
l 2685 2674
l 2675 2686
l 2686 2676
l 2676 2687
l 2687 2677
l 2677 2688
l 2688 2678
l 2678 2689
l 2689 2679
l 2679 2690
l 2690 2680
l 2680 2691
l 2691 2681
l 2681 2692
l 2692 2682
l 2682 2693
l 2693 2683
l 2683 2694
l 2694 2684
l 2684 2695
l 2695 2696
l 2696 2685
l 2686 2697
l 2697 2687
l 2687 2698
l 2698 2688
l 2688 2699
l 2699 2689
l 2689 2700
l 2700 2690
l 2690 2701
l 2701 2691
l 2691 2702
l 2702 2692
l 2692 2703
l 2703 2693
l 2693 2704
l 2704 2694
l 2694 2705
l 2705 2695
l 2695 2706
l 2706 2707
l 2707 2696
l 2697 2708
l 2708 2698
l 2698 2709
l 2709 2699
l 2699 2710
l 2710 2700
l 2700 2711
l 2711 2701
l 2701 2712
l 2712 2702
l 2702 2713
l 2713 2703
l 2703 2714
l 2714 2704
l 2704 2715
l 2715 2705
l 2705 2716
l 2716 2706
l 2706 2717
l 2717 2718
l 2718 2707
l 2708 2719
l 2719 2709
l 2709 2720
l 2720 2710
l 2710 2721
l 2721 2711
l 2711 2722
l 2722 2712
l 2712 2723
l 2723 2713
l 2713 2724
l 2724 2714
l 2714 2725
l 2725 2715
l 2715 2726
l 2726 2716
l 2716 2727
l 2727 2717
l 2717 2728
l 2728 2729
l 2729 2718
l 2719 2730
l 2730 2720
l 2720 2731
l 2731 2721
l 2721 2732
l 2732 2722
l 2722 2733
l 2733 2723
l 2723 2734
l 2734 2724
l 2724 2735
l 2735 2725
l 2725 2736
l 2736 2726
l 2726 2737
l 2737 2727
l 2727 2738
l 2738 2728
l 2728 2739
l 2739 2740
l 2740 2729
l 2730 2741
l 2741 2731
l 2731 2742
l 2742 2732
l 2732 2743
l 2743 2733
l 2733 2744
l 2744 2734
l 2734 2745
l 2745 2735
l 2735 2746
l 2746 2736
l 2736 2747
l 2747 2737
l 2737 2748
l 2748 2738
l 2738 2749
l 2749 2739
l 2739 2750
l 2750 2751
l 2751 2740
l 2741 2752
l 2752 2742
l 2742 2753
l 2753 2743
l 2743 2754
l 2754 2744
l 2744 2755
l 2755 2745
l 2745 2756
l 2756 2746
l 2746 2757
l 2757 2747
l 2747 2758
l 2758 2748
l 2748 2759
l 2759 2749
l 2749 2760
l 2760 2750
l 2750 2761
l 2761 2762
l 2762 2751
l 2752 2763
l 2763 2753
l 2753 2764
l 2764 2754
l 2754 2765
l 2765 2755
l 2755 2766
l 2766 2756
l 2756 2767
l 2767 2757
l 2757 2768
l 2768 2758
l 2758 2769
l 2769 2759
l 2759 2770
l 2770 2760
l 2760 2771
l 2771 2761
l 2761 2772
l 2772 2773
l 2773 2762
l 2763 2774
l 2774 2764
l 2764 2775
l 2775 2765
l 2765 2776
l 2776 2766
l 2766 2777
l 2777 2767
l 2767 2778
l 2778 2768
l 2768 2779
l 2779 2769
l 2769 2780
l 2780 2770
l 2770 2781
l 2781 2771
l 2771 2782
l 2782 2772
l 2772 2783
l 2783 2784
l 2784 2773
l 2774 2785
l 2785 2775
l 2775 2786
l 2786 2776
l 2776 2787
l 2787 2777
l 2777 2788
l 2788 2778
l 2778 2789
l 2789 2779
l 2779 2790
l 2790 2780
l 2780 2791
l 2791 2781
l 2781 2792
l 2792 2782
l 2782 2793
l 2793 2783
l 2783 2794
l 2794 2795
l 2795 2784
l 2785 2796
l 2796 2786
l 2786 2797
l 2797 2787
l 2787 2798
l 2798 2788
l 2788 2799
l 2799 2789
l 2789 2800
l 2800 2790
l 2790 2801
l 2801 2791
l 2791 2802
l 2802 2792
l 2792 2803
l 2803 2793
l 2793 2804
l 2804 2794
l 2794 2805
l 2805 2806
l 2806 2795
l 2796 2807
l 2807 2797
l 2797 2808
l 2808 2798
l 2798 2809
l 2809 2799
l 2799 2810
l 2810 2800
l 2800 2811
l 2811 2801
l 2801 2812
l 2812 2802
l 2802 2813
l 2813 2803
l 2803 2814
l 2814 2804
l 2804 2815
l 2815 2805
l 2805 2816
l 2816 2817
l 2817 2806
l 2807 2818
l 2818 2808
l 2808 2819
l 2819 2809
l 2809 2820
l 2820 2810
l 2810 2821
l 2821 2811
l 2811 2822
l 2822 2812
l 2812 2823
l 2823 2813
l 2813 2824
l 2824 2814
l 2814 2825
l 2825 2815
l 2815 2826
l 2826 2816
l 2816 2827
l 2827 2828
l 2828 2817
l 2818 2829
l 2829 2819
l 2819 2830
l 2830 2820
l 2820 2831
l 2831 2821
l 2821 2832
l 2832 2822
l 2822 2833
l 2833 2823
l 2823 2834
l 2834 2824
l 2824 2835
l 2835 2825
l 2825 2836
l 2836 2826
l 2826 2837
l 2837 2827
l 2827 2838
l 2838 2839
l 2839 2828
l 2829 2840
l 2840 2830
l 2830 2841
l 2841 2831
l 2831 2842
l 2842 2832
l 2832 2843
l 2843 2833
l 2833 2844
l 2844 2834
l 2834 2845
l 2845 2835
l 2835 2846
l 2846 2836
l 2836 2847
l 2847 2837
l 2837 2848
l 2848 2838
l 2838 2849
l 2849 2850
l 2850 2839
l 2840 2851
l 2851 2841
l 2841 2852
l 2852 2842
l 2842 2853
l 2853 2843
l 2843 2854
l 2854 2844
l 2844 2855
l 2855 2845
l 2845 2856
l 2856 2846
l 2846 2857
l 2857 2847
l 2847 2858
l 2858 2848
l 2848 2859
l 2859 2849
l 2849 2860
l 2860 2861
l 2861 2850
l 2851 2862
l 2862 2852
l 2852 2863
l 2863 2853
l 2853 2864
l 2864 2854
l 2854 2865
l 2865 2855
l 2855 2866
l 2866 2856
l 2856 2867
l 2867 2857
l 2857 2868
l 2868 2858
l 2858 2869
l 2869 2859
l 2859 2870
l 2870 2860
l 2860 2871
l 2871 2872
l 2872 2861
l 2862 2873
l 2873 2863
l 2863 2874
l 2874 2864
l 2864 2875
l 2875 2865
l 2865 2876
l 2876 2866
l 2866 2877
l 2877 2867
l 2867 2878
l 2878 2868
l 2868 2879
l 2879 2869
l 2869 2880
l 2880 2870
l 2870 2881
l 2881 2871
l 2871 2882
l 2882 2883
l 2883 2872
l 2873 2884
l 2884 2874
l 2874 2885
l 2885 2875
l 2875 2886
l 2886 2876
l 2876 2887
l 2887 2877
l 2877 2888
l 2888 2878
l 2878 2889
l 2889 2879
l 2879 2890
l 2890 2880
l 2880 2891
l 2891 2881
l 2881 2892
l 2892 2882
l 2882 2893
l 2893 2894
l 2894 2883
l 2884 2895
l 2895 2885
l 2885 2896
l 2896 2886
l 2886 2897
l 2897 2887
l 2887 2898
l 2898 2888
l 2888 2899
l 2899 2889
l 2889 2900
l 2900 2890
l 2890 2901
l 2901 2891
l 2891 2902
l 2902 2892
l 2892 2903
l 2903 2893
l 2893 2904
l 2904 2905
l 2905 2894
l 2895 2906
l 2906 2896
l 2896 2907
l 2907 2897
l 2897 2908
l 2908 2898
l 2898 2909
l 2909 2899
l 2899 2910
l 2910 2900
l 2900 2911
l 2911 2901
l 2901 2912
l 2912 2902
l 2902 2913
l 2913 2903
l 2903 2914
l 2914 2904
l 2904 2915
l 2915 2916
l 2916 2905
l 2906 2917
l 2917 2907
l 2907 2918
l 2918 2908
l 2908 2919
l 2919 2909
l 2909 2920
l 2920 2910
l 2910 2921
l 2921 2911
l 2911 2922
l 2922 2912
l 2912 2923
l 2923 2913
l 2913 2924
l 2924 2914
l 2914 2925
l 2925 2915
l 2915 2926
l 2926 2927
l 2927 2916
l 2917 2928
l 2928 2918
l 2918 2929
l 2929 2919
l 2919 2930
l 2930 2920
l 2920 2931
l 2931 2921
l 2921 2932
l 2932 2922
l 2922 2933
l 2933 2923
l 2923 2934
l 2934 2924
l 2924 2935
l 2935 2925
l 2925 2936
l 2936 2926
l 2926 2937
l 2937 2938
l 2938 2927
l 2928 2939
l 2939 2929
l 2929 2940
l 2940 2930
l 2930 2941
l 2941 2931
l 2931 2942
l 2942 2932
l 2932 2943
l 2943 2933
l 2933 2944
l 2944 2934
l 2934 2945
l 2945 2935
l 2935 2946
l 2946 2936
l 2936 2947
l 2947 2937
l 2937 2948
l 2948 2949
l 2949 2938
l 2939 2950
l 2950 2940
l 2940 2951
l 2951 2941
l 2941 2952
l 2952 2942
l 2942 2953
l 2953 2943
l 2943 2954
l 2954 2944
l 2944 2955
l 2955 2945
l 2945 2956
l 2956 2946
l 2946 2957
l 2957 2947
l 2947 2958
l 2958 2948
l 2948 2959
l 2959 2960
l 2960 2949
l 2950 2961
l 2961 2951
l 2951 2962
l 2962 2952
l 2952 2963
l 2963 2953
l 2953 2964
l 2964 2954
l 2954 2965
l 2965 2955
l 2955 2966
l 2966 2956
l 2956 2967
l 2967 2957
l 2957 2968
l 2968 2958
l 2958 2969
l 2969 2959
l 2959 2970
l 2970 2971
l 2971 2960
l 2961 2972
l 2972 2962
l 2962 2973
l 2973 2963
l 2963 2974
l 2974 2964
l 2964 2975
l 2975 2965
l 2965 2976
l 2976 2966
l 2966 2977
l 2977 2967
l 2967 2978
l 2978 2968
l 2968 2979
l 2979 2969
l 2969 2980
l 2980 2970
l 2970 2981
l 2981 2982
l 2982 2971
l 2972 2983
l 2983 2973
l 2973 2984
l 2984 2974
l 2974 2985
l 2985 2975
l 2975 2986
l 2986 2976
l 2976 2987
l 2987 2977
l 2977 2988
l 2988 2978
l 2978 2989
l 2989 2979
l 2979 2990
l 2990 2980
l 2980 2991
l 2991 2981
l 2981 2992
l 2992 2993
l 2993 2982
l 2983 2994
l 2994 2984
l 2984 2995
l 2995 2985
l 2985 2996
l 2996 2986
l 2986 2997
l 2997 2987
l 2987 2998
l 2998 2988
l 2988 2999
l 2999 2989
l 2989 3000
l 3000 2990
l 2990 3001
l 3001 2991
l 2991 3002
l 3002 2992
l 2992 3003
l 3003 3004
l 3004 2993
l 2994 3005
l 3005 2995
l 2995 3006
l 3006 2996
l 2996 3007
l 3007 2997
l 2997 3008
l 3008 2998
l 2998 3009
l 3009 2999
l 2999 3010
l 3010 3000
l 3000 3011
l 3011 3001
l 3001 3012
l 3012 3002
l 3002 3013
l 3013 3003
l 3003 3014
l 3014 3015
l 3015 3004
l 3005 3016
l 3016 3006
l 3006 3017
l 3017 3007
l 3007 3018
l 3018 3008
l 3008 3019
l 3019 3009
l 3009 3020
l 3020 3010
l 3010 3021
l 3021 3011
l 3011 3022
l 3022 3012
l 3012 3023
l 3023 3013
l 3013 3024
l 3024 3014
l 3014 3025
l 3025 3026
l 3026 3015
l 3016 3027
l 3027 3017
l 3017 3028
l 3028 3018
l 3018 3029
l 3029 3019
l 3019 3030
l 3030 3020
l 3020 3031
l 3031 3021
l 3021 3032
l 3032 3022
l 3022 3033
l 3033 3023
l 3023 3034
l 3034 3024
l 3024 3035
l 3035 3025
l 3025 3036
l 3036 3037
l 3037 3026
l 3027 3038
l 3038 3028
l 3028 3039
l 3039 3029
l 3029 3040
l 3040 3030
l 3030 3041
l 3041 3031
l 3031 3042
l 3042 3032
l 3032 3043
l 3043 3033
l 3033 3044
l 3044 3034
l 3034 3045
l 3045 3035
l 3035 3046
l 3046 3036
l 3036 3047
l 3047 3048
l 3048 3037
l 3038 3049
l 3049 3039
l 3039 3050
l 3050 3040
l 3040 3051
l 3051 3041
l 3041 3052
l 3052 3042
l 3042 3053
l 3053 3043
l 3043 3054
l 3054 3044
l 3044 3055
l 3055 3045
l 3045 3056
l 3056 3046
l 3046 3057
l 3057 3047
l 3047 3058
l 3058 3059
l 3059 3048
l 3049 3060
l 3060 3050
l 3050 3061
l 3061 3051
l 3051 3062
l 3062 3052
l 3052 3063
l 3063 3053
l 3053 3064
l 3064 3054
l 3054 3065
l 3065 3055
l 3055 3066
l 3066 3056
l 3056 3067
l 3067 3057
l 3057 3068
l 3068 3058
l 3058 3069
l 3069 3070
l 3070 3059
l 3060 3071
l 3071 3061
l 3061 3072
l 3072 3062
l 3062 3073
l 3073 3063
l 3063 3074
l 3074 3064
l 3064 3075
l 3075 3065
l 3065 3076
l 3076 3066
l 3066 3077
l 3077 3067
l 3067 3078
l 3078 3068
l 3068 3079
l 3079 3069
l 3069 3080
l 3080 3081
l 3081 3070
l 3071 3082
l 3082 3072
l 3072 3083
l 3083 3073
l 3073 3084
l 3084 3074
l 3074 3085
l 3085 3075
l 3075 3086
l 3086 3076
l 3076 3087
l 3087 3077
l 3077 3088
l 3088 3078
l 3078 3089
l 3089 3079
l 3079 3090
l 3090 3080
l 3080 3091
l 3091 3092
l 3092 3081
l 3082 3093
l 3093 3083
l 3083 3094
l 3094 3084
l 3084 3095
l 3095 3085
l 3085 3096
l 3096 3086
l 3086 3097
l 3097 3087
l 3087 3098
l 3098 3088
l 3088 3099
l 3099 3089
l 3089 3100
l 3100 3090
l 3090 3101
l 3101 3091
l 3093 3102
l 3102 3094
l 3094 3103
l 3103 3095
l 3095 3104
l 3104 3096
l 3096 3105
l 3105 3097
l 3097 3106
l 3106 3098
l 3098 3107
l 3107 3099
l 3099 3108
l 3108 3100
l 3100 3109
l 3109 3101
l 3102 3110
l 3110 3103
l 3103 3111
l 3111 3104
l 3104 3112
l 3112 3105
l 3105 3113
l 3113 3106
l 3106 3114
l 3114 3107
l 3107 3115
l 3115 3108
l 3108 3116
l 3116 3109
l 3110 3117
l 3117 3111
l 3111 3118
l 3118 3112
l 3112 3119
l 3119 3113
l 3113 3120
l 3120 3114
l 3114 3121
l 3121 3115
l 3115 3122
l 3122 3116
l 3117 3123
l 3123 3118
l 3118 3124
l 3124 3119
l 3119 3125
l 3125 3120
l 3120 3126
l 3126 3121
l 3121 3127
l 3127 3122
l 3128 3129
l 3130 3128
l 3129 3131
l 3132 3129
l 3130 3132
l 3133 3130
l 3131 3134
l 3135 3131
l 3132 3135
l 3136 3132
l 3133 3136
l 3137 3133
l 3134 3123
l 3124 3134
l 3135 3124
l 3125 3135
l 3136 3125
l 3126 3136
l 3137 3126
l 3127 3137
l 2013 3138
l 2016 2013
l 3139 2016
l 2018 3139
l 3140 2018
l 2020 3140
l 2023 2020
l 3141 2023
l 3138 3142
l 3139 3138
l 3143 3139
l 3140 3143
l 3141 3140
l 3144 3141
l 3142 3145
l 3143 3142
l 3144 3143
l 3145 3144


