#OBJ File generated by Abaqus/CAE
#List of Vertices
v 0.808002 0.0986518 -0.554098
v 0.807987 0.0886347 -0.554038
v 0.818401 0.0886495 -0.559257
v 0.814003 0.0986655 -0.562191
v 0.802547 0.0986496 -0.545659
v 0.802576 0.088634 -0.545663
v 0.797032 0.0986511 -0.537262
v 0.797102 0.0886411 -0.53733
v 0.791451 0.0986602 -0.528905
v 0.791567 0.0886473 -0.529032
v 0.785809 0.0986723 -0.520587
v 0.785968 0.0886607 -0.520776
v 0.780106 0.0986869 -0.512311
v 0.780306 0.0886725 -0.512554
v 0.774345 0.0987037 -0.504078
v 0.774584 0.0886909 -0.504378
v 0.76852 0.0987222 -0.495885
v 0.768804 0.0887071 -0.496242
v 0.762637 0.0987463 -0.487741
v 0.762962 0.0887249 -0.488145
v 0.756692 0.0987672 -0.479634
v 0.757058 0.0887442 -0.48009
v 0.750684 0.0987929 -0.471571
v 0.751098 0.0887644 -0.47208
v 0.744623 0.0988145 -0.463557
v 0.745076 0.0887853 -0.464112
v 0.738499 0.0988361 -0.455584
v 0.738993 0.0888023 -0.456183
v 0.732315 0.0988572 -0.447657
v 0.732855 0.0888196 -0.448302
v 0.726075 0.0988779 -0.439778
v 0.726657 0.0888369 -0.440464
v 0.719777 0.0988939 -0.43194
v 0.720399 0.0888542 -0.432669
v 0.713418 0.0989134 -0.424152
v 0.714082 0.0888672 -0.424914
v 0.707003 0.0989281 -0.416408
v 0.707709 0.0888842 -0.417211
v 0.700531 0.0989462 -0.408714
v 0.701277 0.0889009 -0.409552
v 0.694006 0.0989594 -0.401068
v 0.694792 0.088913 -0.401939
v 0.687422 0.0989759 -0.393471
v 0.688249 0.0889288 -0.394375
v 0.68078 0.0989914 -0.385921
v 0.681646 0.088944 -0.386854
v 0.674082 0.0990059 -0.378418
v 0.67499 0.0889585 -0.379382
v 0.667332 0.0990195 -0.370967
v 0.668279 0.0889722 -0.37196
v 0.660524 0.0990321 -0.363562
v 0.661509 0.0889852 -0.364582
v 0.653662 0.0990478 -0.356211
v 0.654683 0.0890015 -0.357254
v 0.646745 0.0990667 -0.348913
v 0.647804 0.089017 -0.349977
v 0.639776 0.0990804 -0.341663
v 0.640872 0.0890317 -0.34275
v 0.632756 0.0990972 -0.334468
v 0.633886 0.0890454 -0.335572
v 0.625677 0.099113 -0.327319
v 0.626844 0.0890623 -0.328445
v 0.618548 0.0991318 -0.320227
v 0.619751 0.0890784 -0.32137
v 0.611367 0.0991496 -0.313187
v 0.612606 0.0890934 -0.314346
v 0.604136 0.0991663 -0.306202
v 0.605403 0.0891117 -0.307371
v 0.596852 0.099182 -0.299266
v 0.598156 0.0891249 -0.300452
v 0.589519 0.0992009 -0.292389
v 0.590853 0.0891414 -0.293583
v 0.582135 0.0992189 -0.285565
v 0.583497 0.0891613 -0.286769
v 0.574699 0.0992359 -0.278792
v 0.576092 0.0891761 -0.280005
v 0.567212 0.0992556 -0.272077
v 0.568636 0.0891938 -0.273298
v 0.55968 0.0992699 -0.265419
v 0.561126 0.0892101 -0.266641
v 0.552096 0.0992871 -0.258816
v 0.55357 0.0892252 -0.260043
v 0.544462 0.0993075 -0.252272
v 0.545963 0.0892391 -0.253498
v 0.536781 0.0993229 -0.245783
v 0.538309 0.0892565 -0.247015
v 0.529053 0.0993377 -0.239348
v 0.530604 0.0892732 -0.240584
v 0.521277 0.0993565 -0.232974
v 0.52285 0.0892896 -0.234207
v 0.513457 0.0993712 -0.226655
v 0.51505 0.0893061 -0.227887
v 0.505589 0.0993902 -0.220395
v 0.507205 0.0893228 -0.221624
v 0.497677 0.0994092 -0.214195
v 0.499311 0.0893355 -0.215412
v 0.489719 0.0994241 -0.208049
v 0.491371 0.0893523 -0.209262
v 0.481717 0.0994429 -0.201968
v 0.483386 0.089369 -0.20317
v 0.473671 0.0994575 -0.195944
v 0.475355 0.0893856 -0.197138
v 0.465576 0.0994761 -0.18998
v 0.467278 0.089402 -0.191164
v 0.45744 0.0994943 -0.184082
v 0.459153 0.0894181 -0.185248
v 0.449255 0.0995121 -0.178241
v 0.450987 0.0894336 -0.179398
v 0.444871 0.095635 -0.175142
v 0.444554 0.0894471 -0.174864
v 0.442769 0.0894527 -0.173607
v 0.441031 0.0995292 -0.17247
v 0.445205 0.0995202 -0.175398
v 0.43276 0.0995456 -0.166759
v 0.43451 0.0894665 -0.16788
v 0.424444 0.0995609 -0.161113
v 0.426205 0.0894834 -0.162219
v 0.416085 0.0995795 -0.155537
v 0.417854 0.0894991 -0.156623
v 0.407682 0.0995969 -0.150029
v 0.40946 0.0895133 -0.151094
v 0.399239 0.099613 -0.144592
v 0.40102 0.0895303 -0.145636
v 0.390751 0.0996277 -0.139222
v 0.392532 0.0895455 -0.140241
v 0.382218 0.0996451 -0.133924
v 0.384004 0.0895631 -0.134923
v 0.373642 0.099661 -0.128698
v 0.375428 0.0895788 -0.129672
v 0.365024 0.0996794 -0.123547
v 0.366812 0.0895925 -0.124496
v 0.356363 0.0996962 -0.11847
v 0.358148 0.0896084 -0.119392
v 0.347661 0.0997112 -0.113466
v 0.34944 0.0896263 -0.114364
v 0.338916 0.0997287 -0.108542
v 0.340329 0.0917098 -0.109234
v 0.343497 0.0953307 -0.111075
v 0.340694 0.0896377 -0.109411
v 0.346503 0.0997144 -0.112815
v 0.339568 0.0907163 -0.108804
v 0.338537 0.0896426 -0.108216
v 0.331899 0.0896554 -0.104536
v 0.33013 0.0997443 -0.103694
v 0.321304 0.0997624 -0.098929
v 0.323066 0.0896708 -0.0997415
v 0.312437 0.0997745 -0.094238
v 0.314189 0.0896839 -0.0950239
v 0.303529 0.0997932 -0.0896348
v 0.305267 0.089699 -0.0903852
v 0.294582 0.0998059 -0.0851092
v 0.296307 0.0897117 -0.0858303
v 0.285595 0.0998212 -0.080669
v 0.287303 0.0897264 -0.0813576
v 0.276569 0.0998347 -0.076312
v 0.278264 0.0897389 -0.0769721
v 0.267504 0.099851 -0.0720437
v 0.269178 0.0897536 -0.0726685
v 0.258398 0.0998657 -0.0678583
v 0.260054 0.089766 -0.068452
v 0.249258 0.0998791 -0.063763
v 0.249831 0.0963361 -0.0639613
v 0.251839 0.0974612 -0.0648836
v 0.25089 0.0897808 -0.0643245
v 0.255509 0.0998697 -0.0665644
v 0.240082 0.0998912 -0.0597576
v 0.241408 0.0915549 -0.0601925
v 0.246252 0.0941208 -0.0623652
v 0.24169 0.0897937 -0.0602874
v 0.240418 0.0909813 -0.0597652
v 0.238056 0.0897998 -0.0587343
v 0.23245 0.0898048 -0.056337
v 0.230867 0.0999021 -0.0558384
v 0.221616 0.0999164 -0.0520148
v 0.22317 0.0898186 -0.0524791
v 0.212333 0.0999257 -0.0482823
v 0.213859 0.0898266 -0.0487128
v 0.20301 0.0999388 -0.0446414
v 0.204503 0.089842 -0.045041
v 0.193655 0.0999516 -0.0410974
v 0.195115 0.089852 -0.0414606
v 0.184268 0.0999644 -0.0376502
v 0.185693 0.0898612 -0.0379777
v 0.174846 0.0999731 -0.0342937
v 0.176235 0.0898741 -0.0345943
v 0.165392 0.0999867 -0.0310397
v 0.166743 0.0898867 -0.0313081
v 0.155904 0.100001 -0.0278822
v 0.157215 0.0898991 -0.0281193
v 0.146388 0.100012 -0.0248228
v 0.146625 0.0981249 -0.0248623
v 0.148069 0.0984449 -0.0253371
v 0.147656 0.0899118 -0.0250314
v 0.153943 0.100004 -0.0272536
v 0.136841 0.10003 -0.0218696
v 0.137302 0.0962233 -0.0219341
v 0.140323 0.0967693 -0.0228846
v 0.138066 0.0899206 -0.0220424
v 0.127264 0.100044 -0.0190144
v 0.127881 0.0947603 -0.019092
v 0.132248 0.0953721 -0.0204102
v 0.128441 0.0899346 -0.0191566
v 0.117661 0.100057 -0.0162609
v 0.118364 0.0937406 -0.0163321
v 0.123787 0.0943078 -0.0179094
v 0.11879 0.0899498 -0.0163794
v 0.108028 0.100072 -0.0136115
v 0.108784 0.0930005 -0.0136751
v 0.115009 0.0935043 -0.0154056
v 0.109106 0.0899619 -0.0137012
v 0.0983688 0.10009 -0.0110705
v 0.099154 0.0923319 -0.0111165
v 0.105967 0.092922 -0.0129316
v 0.099396 0.0899709 -0.0111301
v 0.0886825 0.100101 -0.00862982
v 0.0895673 0.090882 -0.00866172
v 0.0970259 0.092212 -0.0105768
v 0.0896535 0.0899812 -0.00866474
v 0.0888185 0.0907742 -0.00848037
v 0.0871478 0.0899851 -0.00806185
v 0.0798878 0.089989 -0.00631046
v 0.0789729 0.100106 -0.0062933
v 0.0692347 0.100115 -0.00406572
v 0.0700938 0.0899941 -0.00406414
v 0.0594779 0.100114 -0.00194436
v 0.0602737 0.0899927 -0.00192334
v 0.0503281 0.0995012 -4.3262e-05
v 0.0524747 0.08999 -0.000317242
v 0.050428 0.0899892 0.000105322
v 0.0496929 0.100109 7.64404e-05
v 0.050325 0.10011 -5.72151e-05
v 0.039891 0.100105 0.00198417
v 0.0405635 0.0899863 0.00201978
v 0.0378657 0.0925893 0.00247239
v 0.0377461 0.0899905 0.00253124
v 0.0306742 0.0899892 0.00382159
v 0.0300687 0.10011 0.00378195
v 0.0370214 0.100108 0.00250694
v 0.0291696 0.0914476 0.00405978
v 0.0282315 0.0899971 0.00423484
v 0.0224765 0.0900049 0.00521724
v 0.0256255 0.0948872 0.00461681
v 0.0207582 0.0900095 0.00550789
v 0.0204529 0.0957994 0.00548776
v 0.0220845 0.0983216 0.00517599
v 0.0202251 0.100125 0.00546914
v 0.0220273 0.100121 0.00516066
v 0.0254685 0.100114 0.00457209
v 0.0289082 0.100113 0.00397942
v 0.0187295 0.0919987 0.00580453
v 0.0151873 0.0900314 0.00638126
v 0.0108325 0.0900489 0.0070637
v 0.0107438 0.0920111 0.00705804
v 0.0158308 0.0948391 0.00622948
v 0.0105514 0.0963543 0.00704208
v 0.0129327 0.0976789 0.0066544
v 0.0103821 0.100177 0.00702993
v 0.014059 0.100159 0.00644594
v 0.018235 0.100134 0.00578601
v 0.00033535 0.10018 0.00502922
v 0.000185466 0.0956928 0.0028097
v 0.00497206 0.0957057 0.00592723
v 3.38436e-06 0.0900221 -3.79517e-06
v 0.0105807 0.0957026 0.00704588
v 0.807998 0.0786311 -0.554016
v 0.818419 0.0786377 -0.559223
v 0.802585 0.0786392 -0.545643
v 0.797113 0.0786461 -0.537308
v 0.791581 0.0786556 -0.529014
v 0.785983 0.0786678 -0.520757
v 0.780324 0.0786822 -0.512541
v 0.774606 0.0786985 -0.504367
v 0.768823 0.0787124 -0.496227
v 0.762984 0.0787277 -0.488133
v 0.757082 0.0787484 -0.480083
v 0.751122 0.0787658 -0.472072
v 0.745102 0.0787796 -0.464101
v 0.739021 0.0787981 -0.456176
v 0.732886 0.0788125 -0.448297
v 0.726686 0.0788313 -0.440459
v 0.720432 0.078846 -0.432665
v 0.714117 0.0788605 -0.424914
v 0.707747 0.0788748 -0.417211
v 0.701314 0.078893 -0.409551
v 0.694831 0.0789066 -0.40194
v 0.688286 0.0789238 -0.394375
v 0.681687 0.0789362 -0.386854
v 0.675032 0.0789521 -0.379384
v 0.66832 0.0789671 -0.37196
v 0.661553 0.0789812 -0.364584
v 0.654731 0.0789985 -0.357261
v 0.647853 0.0790107 -0.349979
v 0.640923 0.0790261 -0.342754
v 0.633937 0.0790447 -0.335579
v 0.626899 0.0790579 -0.328452
v 0.619804 0.0790744 -0.321374
v 0.612661 0.0790897 -0.314352
v 0.60546 0.0791081 -0.307378
v 0.598209 0.0791256 -0.300458
v 0.590909 0.079142 -0.293591
v 0.583553 0.0791574 -0.286772
v 0.57615 0.0791718 -0.280009
v 0.568696 0.0791892 -0.273303
v 0.561189 0.0792051 -0.266647
v 0.553633 0.079224 -0.260052
v 0.546029 0.0792376 -0.253507
v 0.538371 0.0792545 -0.247018
v 0.530669 0.0792708 -0.240587
v 0.522918 0.0792866 -0.23421
v 0.515118 0.0793023 -0.227888
v 0.507276 0.0793181 -0.221625
v 0.499383 0.0793339 -0.215416
v 0.491443 0.0793498 -0.209262
v 0.483458 0.0793655 -0.203167
v 0.475428 0.0793812 -0.197132
v 0.467353 0.0794009 -0.19116
v 0.459229 0.0794161 -0.185241
v 0.451064 0.0794307 -0.179387
v 0.44278 0.0884312 -0.173608
v 0.443358 0.0887445 -0.174018
v 0.442852 0.0794488 -0.173596
v 0.434556 0.0840447 -0.167875
v 0.437681 0.0856561 -0.170051
v 0.434594 0.0794616 -0.167865
v 0.426284 0.0800518 -0.162203
v 0.431882 0.0826998 -0.166039
v 0.426288 0.0794817 -0.162202
v 0.425944 0.079886 -0.161971
v 0.425003 0.0794827 -0.161339
v 0.417939 0.0794961 -0.156603
v 0.409546 0.0795133 -0.151073
v 0.401105 0.0795288 -0.145607
v 0.392623 0.0795425 -0.140212
v 0.384094 0.0795585 -0.134888
v 0.375521 0.0795724 -0.129634
v 0.366902 0.0795884 -0.124452
v 0.358242 0.0796022 -0.119345
v 0.349537 0.0796179 -0.114314
v 0.340787 0.0796355 -0.109359
v 0.331921 0.0874112 -0.104524
v 0.333485 0.0878684 -0.105397
v 0.331996 0.0796507 -0.104481
v 0.323112 0.0846201 -0.0997091
v 0.326671 0.0856268 -0.101655
v 0.323163 0.0796635 -0.0996806
v 0.314262 0.0820089 -0.0949723
v 0.319721 0.0835047 -0.097893
v 0.314286 0.079678 -0.094959
v 0.312646 0.0814995 -0.0941285
v 0.305824 0.0796929 -0.090556
v 0.305366 0.0796944 -0.09032
v 0.296405 0.0797083 -0.0857613
v 0.287403 0.0797198 -0.0812828
v 0.278359 0.0797332 -0.0768901
v 0.269276 0.0797486 -0.0725868
v 0.260153 0.0797618 -0.0683669
v 0.250991 0.0797728 -0.0642341
v 0.241788 0.079786 -0.0601903
v 0.232461 0.0885168 -0.0563228
v 0.233467 0.0887147 -0.0567575
v 0.232549 0.0797973 -0.0562371
v 0.223204 0.0865222 -0.052446
v 0.225797 0.0870124 -0.0535317
v 0.223267 0.0798112 -0.0523726
v 0.213906 0.0846603 -0.048658
v 0.218016 0.0854008 -0.0503311
v 0.213954 0.0798234 -0.048606
v 0.20457 0.082931 -0.0449639
v 0.210125 0.0838834 -0.0471628
v 0.204599 0.0798342 -0.0449259
v 0.195196 0.0813352 -0.0413644
v 0.20212 0.0824549 -0.0440222
v 0.19521 0.0798481 -0.0413456
v 0.185786 0.0798742 -0.0378596
v 0.194005 0.0811148 -0.0409177
v 0.185784 0.0798609 -0.0378592
v 0.185774 0.0798711 -0.0378547
v 0.185685 0.0798575 -0.0378218
v 0.176325 0.0798728 -0.0344704
v 0.166831 0.0798841 -0.0311792
v 0.157306 0.0798951 -0.0279893
v 0.147746 0.079906 -0.0248969
v 0.138152 0.079917 -0.0219059
v 0.12853 0.0799284 -0.0190201
v 0.118873 0.0799406 -0.0162358
v 0.109188 0.0799492 -0.0135547
v 0.0994725 0.0799631 -0.0109856
v 0.0897322 0.0799691 -0.00852196
v 0.0798969 0.0883183 -0.00628401
v 0.081073 0.088781 -0.0065755
v 0.0799625 0.0799764 -0.00616845
v 0.0701513 0.0819429 -0.00395093
v 0.0743937 0.0856278 -0.00497999
v 0.0701643 0.0799806 -0.00392331
v 0.0691998 0.0809546 -0.00372646
v 0.0686373 0.0799787 -0.00358971
v 0.0603432 0.0799773 -0.00178838
v 0.0504677 0.0839174 0.000183596
v 0.051839 0.0885663 -0.00016572
v 0.050494 0.0799759 0.000231645
v 0.049658 0.0808173 0.000383415
v 0.0492129 0.0799785 0.000478436
v 0.0406222 0.0799782 0.00213385
v 0.035878 0.08475 0.00294057
v 0.0333146 0.0799786 0.00345747
v 0.030727 0.0799809 0.00392482
v 0.0207692 0.0881339 0.00552174
v 0.022171 0.0885897 0.00528279
v 0.0268845 0.0838457 0.00453585
v 0.020801 0.0818505 0.00557615
v 0.0208067 0.0799992 0.00559459
v 0.010838 0.0881173 0.00707935
v 0.0127557 0.0881105 0.00678107
v 0.0162625 0.084578 0.00626343
v 0.0108583 0.0845878 0.00710376
v 0.0197704 0.0810445 0.00574567
v 0.0108753 0.0810584 0.00713152
v 0.0108818 0.0800337 0.0071373
v 3.5065e-06 0.0887017 -2.45313e-06
v 0.0014399 0.0887014 0.000939206
v 0.00645284 0.0840968 0.00423441
v 4.85735e-06 0.0840879 -2.69311e-06
v 1.19156e-06 0.0800179 -5.25159e-08
v 0.0108614 0.0841096 0.00710798
v 0.0108357 0.0887309 0.0070742
v 0.808007 0.068628 -0.553993
v 0.818439 0.0686262 -0.559192
v 0.8026 0.0686364 -0.545621
v 0.797127 0.0686515 -0.537289
v 0.791594 0.0686645 -0.528996
v 0.785995 0.0686796 -0.52074
v 0.780341 0.0686922 -0.512526
v 0.774623 0.0687065 -0.504352
v 0.768844 0.0687179 -0.496215
v 0.763003 0.0687349 -0.488122
v 0.757104 0.0687486 -0.48007
v 0.751147 0.0687631 -0.472062
v 0.745129 0.0687782 -0.464096
v 0.739048 0.0687938 -0.456169
v 0.732911 0.0688097 -0.44829
v 0.726718 0.0688216 -0.440452
v 0.720461 0.0688377 -0.432658
v 0.714148 0.0688537 -0.42491
v 0.70778 0.0688695 -0.41721
v 0.701351 0.068885 -0.40955
v 0.694866 0.0689001 -0.401938
v 0.688326 0.0689145 -0.394373
v 0.681727 0.0689325 -0.386856
v 0.675072 0.0689454 -0.379383
v 0.668362 0.0689616 -0.371961
v 0.661597 0.0689768 -0.364586
v 0.654774 0.0689952 -0.357262
v 0.647901 0.0690083 -0.349985
v 0.64097 0.0690245 -0.342758
v 0.633986 0.0690437 -0.335585
v 0.626947 0.0690575 -0.328455
v 0.619854 0.0690743 -0.321379
v 0.612713 0.06909 -0.314358
v 0.605516 0.0691044 -0.307383
v 0.598267 0.0691219 -0.300464
v 0.590965 0.0691382 -0.293595
v 0.583612 0.0691534 -0.286778
v 0.576209 0.0691716 -0.280018
v 0.568754 0.0691885 -0.273309
v 0.561249 0.0692041 -0.266655
v 0.553694 0.0692185 -0.260054
v 0.546091 0.069236 -0.253513
v 0.538436 0.0692526 -0.247023
v 0.530733 0.0692684 -0.240589
v 0.522986 0.0692837 -0.234213
v 0.515189 0.0692987 -0.227891
v 0.507343 0.0693135 -0.221623
v 0.499452 0.0693324 -0.215416
v 0.491515 0.0693471 -0.209263
v 0.48353 0.0693618 -0.203166
v 0.475502 0.0693805 -0.197132
v 0.467426 0.0693949 -0.191152
v 0.459304 0.0694131 -0.185235
v 0.45114 0.0694265 -0.179378
v 0.442929 0.0694433 -0.173584
v 0.434671 0.0694591 -0.167852
v 0.426366 0.0694778 -0.162186
v 0.417959 0.0771624 -0.1566
v 0.419496 0.0776436 -0.157632
v 0.418023 0.0694907 -0.156587
v 0.409585 0.0745171 -0.151059
v 0.412909 0.0755356 -0.15326
v 0.409628 0.0695064 -0.15105
v 0.401168 0.071919 -0.14559
v 0.406266 0.0734596 -0.148903
v 0.40119 0.0695244 -0.145587
v 0.399574 0.071414 -0.144572
v 0.393347 0.0695361 -0.140594
v 0.392705 0.0695405 -0.140188
v 0.384178 0.0695546 -0.13486
v 0.375606 0.0695707 -0.129606
v 0.36699 0.0695845 -0.124421
v 0.358331 0.0696002 -0.119314
v 0.349626 0.0696134 -0.114277
v 0.340879 0.0696284 -0.109319
v 0.332086 0.0696451 -0.104437
v 0.323251 0.0696592 -0.099633
v 0.314377 0.0696707 -0.0949093
v 0.305366 0.0795569 -0.090316
v 0.305462 0.0795847 -0.0903671
v 0.305456 0.0696882 -0.0902667
v 0.296428 0.0769789 -0.0857434
v 0.298391 0.0775086 -0.0867489
v 0.296496 0.0696988 -0.0857025
v 0.287451 0.0744755 -0.0812519
v 0.291248 0.0754818 -0.0831522
v 0.287494 0.0697155 -0.0812264
v 0.278429 0.0720566 -0.0768417
v 0.284034 0.0735086 -0.0795833
v 0.278449 0.0697296 -0.0768305
v 0.276745 0.0715887 -0.0760387
v 0.269421 0.0697418 -0.0725469
v 0.269368 0.0697413 -0.072522
v 0.260245 0.0697549 -0.0682992
v 0.251079 0.0697662 -0.0641598
v 0.241876 0.0697796 -0.0601134
v 0.232636 0.0697953 -0.0561598
v 0.22336 0.0698048 -0.0522946
v 0.214041 0.0698168 -0.0485182
v 0.204689 0.0698315 -0.044842
v 0.195297 0.0698447 -0.0412562
v 0.185873 0.0698566 -0.0377683
v 0.176341 0.0781392 -0.0344525
v 0.177754 0.0783742 -0.0349626
v 0.176412 0.0698675 -0.0343744
v 0.166862 0.0765637 -0.031147
v 0.169604 0.0769851 -0.032103
v 0.166916 0.0698775 -0.0310784
v 0.157346 0.0751618 -0.0279408
v 0.161316 0.0757128 -0.0292766
v 0.157387 0.0698912 -0.0278861
v 0.147794 0.0739357 -0.0248339
v 0.15289 0.0745619 -0.0264902
v 0.147825 0.0699002 -0.0247895
v 0.13821 0.0728792 -0.0218313
v 0.144314 0.0735401 -0.0237458
v 0.138235 0.069909 -0.0217983
v 0.12859 0.0719485 -0.0189299
v 0.135601 0.0726282 -0.0210442
v 0.128608 0.0699223 -0.0189112
v 0.118944 0.0710487 -0.0161374
v 0.126786 0.0717949 -0.0184077
v 0.11895 0.0699315 -0.0161236
v 0.109262 0.0699603 -0.0134438
v 0.117947 0.0709621 -0.0158609
v 0.109265 0.0699412 -0.0134459
v 0.109249 0.0699559 -0.0134398
v 0.109152 0.0699418 -0.0134157
v 0.0995481 0.0699513 -0.0108744
v 0.0898041 0.0699575 -0.00841102
v 0.0800328 0.0699603 -0.00605593
v 0.0702306 0.0699637 -0.00381195
v 0.0650393 0.075221 -0.00274952
v 0.0615026 0.0699634 -0.00192144
v 0.060407 0.0699639 -0.00168473
v 0.0505548 0.069965 0.000326765
v 0.0459232 0.0746298 0.00117375
v 0.0436847 0.069965 0.00164654
v 0.0406778 0.0699647 0.00222586
v 0.0307617 0.0734683 0.00397364
v 0.032565 0.0781306 0.00361108
v 0.0307796 0.0699728 0.00400041
v 0.0208453 0.0720747 0.00564396
v 0.0295464 0.0712129 0.0041974
v 0.0208586 0.0699915 0.00565555
v 0.0109 0.0749005 0.00716311
v 0.0187928 0.0720699 0.00596316
v 0.0109199 0.0700288 0.007187
v 2.81122e-06 0.0796973 -2.0141e-06
v 0.000354536 0.0796982 0.000226698
v 0.00333622 0.0769663 0.00219476
v 2.95928e-06 0.0769623 -3.40842e-07
v 0.00631951 0.0742383 0.00415727
v 2.63832e-06 0.0742292 1.07783e-07
v 0.00930496 0.0715052 0.00612266
v 1.62726e-06 0.0714978 -7.98457e-07
v 3.90433e-06 0.0700137 -1.08743e-06
v 0.0109117 0.0715109 0.00718261
v 0.0109031 0.0742436 0.0071683
v 0.0108939 0.0769781 0.0071527
v 0.0108803 0.0797145 0.00713977
v 0.808016 0.0586214 -0.553967
v 0.818461 0.0586153 -0.559163
v 0.802608 0.0586387 -0.545596
v 0.797138 0.0586577 -0.537269
v 0.791607 0.0586699 -0.528974
v 0.786012 0.0586878 -0.520724
v 0.780358 0.0586987 -0.512509
v 0.774641 0.0587109 -0.504334
v 0.768865 0.0587242 -0.496203
v 0.763024 0.0587384 -0.48811
v 0.757129 0.0587493 -0.48006
v 0.75117 0.0587652 -0.472054
v 0.745152 0.0587773 -0.464086
v 0.739075 0.05879 -0.456163
v 0.732942 0.0588031 -0.448286
v 0.726746 0.0588163 -0.440447
v 0.720494 0.0588297 -0.432655
v 0.714183 0.0588472 -0.42491
v 0.707812 0.0588603 -0.417204
v 0.701389 0.0588772 -0.409551
v 0.694902 0.0588937 -0.401938
v 0.688364 0.0589095 -0.394375
v 0.681769 0.0589246 -0.386858
v 0.675115 0.0589431 -0.379389
v 0.668403 0.0589605 -0.371965
v 0.66164 0.0589768 -0.364592
v 0.654822 0.058992 -0.357267
v 0.647947 0.059006 -0.349989
v 0.641018 0.059023 -0.342763
v 0.634035 0.0590386 -0.335586
v 0.626996 0.0590572 -0.32846
v 0.619907 0.0590702 -0.321384
v 0.612765 0.0590862 -0.31436
v 0.605568 0.059105 -0.307389
v 0.59832 0.0591184 -0.300466
v 0.59102 0.0591346 -0.293598
v 0.583667 0.0591538 -0.286784
v 0.576269 0.0591674 -0.280023
v 0.568816 0.059184 -0.273316
v 0.56131 0.0591993 -0.266659
v 0.553756 0.0592176 -0.260062
v 0.546154 0.0592305 -0.253515
v 0.538503 0.0592467 -0.247027
v 0.530801 0.0592663 -0.240595
v 0.523053 0.0592809 -0.234217
v 0.515256 0.0592951 -0.227892
v 0.507411 0.0593131 -0.221626
v 0.499522 0.0593267 -0.215415
v 0.491586 0.0593444 -0.209265
v 0.483599 0.059362 -0.203167
v 0.475573 0.0593753 -0.197129
v 0.467499 0.0593925 -0.191152
v 0.459378 0.0594094 -0.185232
v 0.451213 0.0594256 -0.179374
v 0.443002 0.0594409 -0.173578
v 0.434749 0.0594551 -0.167846
v 0.426446 0.0594721 -0.162178
v 0.418098 0.0594876 -0.156574
v 0.409706 0.0595056 -0.15104
v 0.401269 0.0595174 -0.145569
v 0.392711 0.0692195 -0.140189
v 0.392901 0.0693112 -0.140309
v 0.392787 0.0595357 -0.140173
v 0.384215 0.064984 -0.134853
v 0.38695 0.0663299 -0.136572
v 0.38426 0.0595518 -0.134845
v 0.375681 0.0607411 -0.129588
v 0.380974 0.0633539 -0.132854
v 0.375687 0.0595655 -0.129584
v 0.374974 0.0603866 -0.129159
v 0.37331 0.0595697 -0.128154
v 0.367071 0.0595811 -0.1244
v 0.358411 0.0595942 -0.119286
v 0.349707 0.059609 -0.114249
v 0.340961 0.0596253 -0.109292
v 0.332171 0.0596391 -0.104408
v 0.323334 0.0596543 -0.0996
v 0.314458 0.0596668 -0.094873
v 0.305541 0.0596809 -0.0902289
v 0.296579 0.0596923 -0.0856615
v 0.287576 0.0597096 -0.0811826
v 0.278536 0.0597199 -0.0767854
v 0.269368 0.0697165 -0.0725201
v 0.269383 0.0697255 -0.0725293
v 0.269452 0.0597363 -0.0724764
v 0.260273 0.0658677 -0.0682773
v 0.262858 0.0669088 -0.0694826
v 0.260327 0.0597501 -0.068251
v 0.251145 0.0621648 -0.0641234
v 0.256246 0.0641705 -0.0664449
v 0.251165 0.0597616 -0.0641129
v 0.249541 0.0615146 -0.0634153
v 0.244973 0.0597699 -0.0613881
v 0.241962 0.059775 -0.0600641
v 0.23272 0.0597863 -0.0561024
v 0.223439 0.0597998 -0.0522336
v 0.214122 0.0598158 -0.0484613
v 0.204769 0.0598256 -0.0447775
v 0.195379 0.0598381 -0.0411902
v 0.185952 0.059849 -0.0376972
v 0.17649 0.0598631 -0.0343045
v 0.166994 0.0598761 -0.0310099
v 0.157466 0.0598837 -0.0278111
v 0.147904 0.0598952 -0.0247165
v 0.138305 0.0599062 -0.02172
v 0.128679 0.0599125 -0.0188273
v 0.119021 0.0599233 -0.0160428
v 0.109335 0.0599296 -0.0133623
v 0.0995643 0.0672363 -0.0108488
v 0.10158 0.0678704 -0.0113909
v 0.0996162 0.0599362 -0.0107884
v 0.0898549 0.062258 -0.00834469
v 0.0947122 0.0649438 -0.00959927
v 0.0898687 0.0599431 -0.00832527
v 0.0886173 0.0612158 -0.00803544
v 0.0873328 0.0599418 -0.00771317
v 0.0800939 0.0599461 -0.00597071
v 0.0702924 0.0599496 -0.00373138
v 0.0604235 0.0670203 -0.00166183
v 0.0611798 0.0691802 -0.00184431
v 0.0604654 0.0599494 -0.00160545
v 0.0588469 0.0615857 -0.00129077
v 0.0585594 0.0599488 -0.00121602
v 0.0506101 0.05995 0.000404541
v 0.043236 0.0673866 0.00175577
v 0.0436374 0.059954 0.00173862
v 0.040731 0.0599527 0.00229515
v 0.0308269 0.0599636 0.00406472
v 0.0209023 0.0599839 0.00570968
v 0.0109619 0.0600202 0.00723866
v 0.0200431 0.0599847 0.00584392
v 0.0109313 0.0669384 0.00720494
v 4.17099e-06 0.0672772 -1.25457e-06
v 0.00300239 0.06728 0.00197832
v 0.00955354 0.0613041 0.00630707
v 3.00294e-06 0.0612976 7.21442e-07
v 1.03302e-06 0.0600142 -1.52956e-06
v 0.010956 0.0613069 0.00723415
v 0.01093 0.0672912 0.00720223
v 0.808027 0.0486158 -0.553943
v 0.818477 0.0486055 -0.55913
v 0.802617 0.048642 -0.545575
v 0.79715 0.0486608 -0.537246
v 0.79162 0.0486806 -0.528958
v 0.786028 0.0486929 -0.520705
v 0.780374 0.0487062 -0.512492
v 0.77466 0.0487204 -0.504322
v 0.768884 0.0487313 -0.49619
v 0.763048 0.0487428 -0.488101
v 0.757152 0.0487508 -0.480051
v 0.751194 0.0487637 -0.472044
v 0.74518 0.0487729 -0.464079
v 0.739101 0.0487869 -0.456156
v 0.732969 0.048797 -0.448278
v 0.726775 0.0488117 -0.440443
v 0.720521 0.0488266 -0.432651
v 0.714214 0.0488413 -0.424907
v 0.707846 0.0488558 -0.417204
v 0.701423 0.04887 -0.409548
v 0.694939 0.0488879 -0.401938
v 0.688403 0.0489051 -0.394377
v 0.681806 0.0489216 -0.386859
v 0.675153 0.0489371 -0.379387
v 0.668447 0.0489557 -0.371968
v 0.661683 0.0489732 -0.364594
v 0.654863 0.0489894 -0.357268
v 0.647991 0.0490043 -0.349991
v 0.641064 0.049022 -0.342767
v 0.634083 0.0490383 -0.335592
v 0.627049 0.0490532 -0.328465
v 0.61996 0.0490709 -0.321392
v 0.612817 0.0490872 -0.314367
v 0.605624 0.049102 -0.307395
v 0.598377 0.0491195 -0.300476
v 0.591076 0.0491358 -0.293606
v 0.583727 0.0491505 -0.286791
v 0.576327 0.049164 -0.280028
v 0.568874 0.0491802 -0.273319
v 0.561372 0.0491994 -0.266669
v 0.55382 0.0492131 -0.260067
v 0.546218 0.0492298 -0.253523
v 0.538566 0.0492455 -0.247032
v 0.530866 0.0492603 -0.240596
v 0.523116 0.0492785 -0.234217
v 0.515322 0.0492917 -0.227893
v 0.50748 0.0493088 -0.221629
v 0.499589 0.0493254 -0.215417
v 0.491653 0.0493419 -0.209265
v 0.48367 0.0493581 -0.203168
v 0.475646 0.0493742 -0.197133
v 0.467572 0.04939 -0.191153
v 0.459451 0.0494053 -0.185231
v 0.451286 0.0494199 -0.179371
v 0.443078 0.0494377 -0.173578
v 0.43482 0.0494542 -0.167842
v 0.426521 0.0494693 -0.162175
v 0.418175 0.0494827 -0.156569
v 0.409784 0.0494986 -0.151033
v 0.401345 0.0495167 -0.145564
v 0.392864 0.0495326 -0.140166
v 0.384339 0.0495462 -0.134835
v 0.375766 0.0495616 -0.129575
v 0.367132 0.0519961 -0.124389
v 0.37028 0.0558837 -0.12631
v 0.367152 0.0495745 -0.124389
v 0.366123 0.0507543 -0.123787
v 0.365174 0.0495764 -0.123219
v 0.358492 0.0495889 -0.119275
v 0.349788 0.049605 -0.114239
v 0.341038 0.0496182 -0.109272
v 0.332249 0.049633 -0.104389
v 0.323415 0.0496448 -0.0995797
v 0.314541 0.0496581 -0.0948535
v 0.305621 0.0496728 -0.0902066
v 0.296659 0.049689 -0.0856424
v 0.287656 0.0497024 -0.0811587
v 0.278614 0.049713 -0.0767591
v 0.269529 0.0497296 -0.0724477
v 0.260403 0.0497435 -0.0682201
v 0.25124 0.0497549 -0.0640799
v 0.241985 0.056569 -0.0600528
v 0.243474 0.0581406 -0.0607163
v 0.242037 0.0497682 -0.0600291
v 0.238823 0.0532264 -0.058677
v 0.23547 0.0497798 -0.0572163
v 0.232796 0.0497836 -0.0560715
v 0.223515 0.0497967 -0.0522009
v 0.214197 0.0498078 -0.0484212
v 0.204843 0.0498213 -0.0447381
v 0.195453 0.0498328 -0.0411497
v 0.186025 0.0498471 -0.037658
v 0.176561 0.0498599 -0.0342607
v 0.167066 0.0498715 -0.0309656
v 0.157533 0.0498818 -0.027765
v 0.147969 0.0498914 -0.0246665
v 0.138372 0.0499001 -0.0216704
v 0.128747 0.0499084 -0.0187804
v 0.119087 0.0499163 -0.0159931
v 0.109399 0.0499196 -0.01331
v 0.0996767 0.0499274 -0.010736
v 0.0899282 0.0499308 -0.00827063
v 0.085347 0.0545952 -0.00719859
v 0.0836527 0.0499305 -0.00675893
v 0.0801529 0.0499303 -0.00591404
v 0.0703488 0.0499346 -0.00367518
v 0.0605199 0.0499352 -0.00154971
v 0.0576365 0.0528491 -0.000981497
v 0.0575197 0.0499372 -0.000939674
v 0.0506628 0.0499363 0.000459436
v 0.0435412 0.0571206 0.00177365
v 0.0434726 0.0499431 0.00183412
v 0.0407805 0.0499444 0.00234697
v 0.0308744 0.049955 0.00411475
v 0.0209496 0.0499758 0.00575844
v 0.0228774 0.0499703 0.00544048
v 0.0209152 0.0567168 0.00572752
v 0.0110043 0.0500121 0.00728929
v 1.0652e-06 0.0500109 -7.57323e-07
v 0.808036 0.0386117 -0.55392
v 0.818496 0.0385927 -0.559098
v 0.80263 0.0386425 -0.545555
v 0.797163 0.0386652 -0.537226
v 0.791634 0.0386883 -0.52894
v 0.786041 0.0387035 -0.520688
v 0.780392 0.038715 -0.512478
v 0.774679 0.038727 -0.504308
v 0.768902 0.0387396 -0.496178
v 0.763066 0.0387483 -0.488088
v 0.757175 0.0387535 -0.480041
v 0.751217 0.0387634 -0.472034
v 0.745207 0.0387695 -0.464072
v 0.739132 0.0387805 -0.456152
v 0.732999 0.038792 -0.448274
v 0.726806 0.0388038 -0.440438
v 0.720556 0.0388158 -0.432647
v 0.714248 0.038832 -0.424903
v 0.707881 0.038848 -0.417203
v 0.701457 0.0388637 -0.409546
v 0.694978 0.0388788 -0.401937
v 0.68844 0.0388974 -0.394376
v 0.681846 0.0389152 -0.38686
v 0.675195 0.038932 -0.37939
v 0.668488 0.0389518 -0.37197
v 0.661729 0.0389662 -0.364596
v 0.654911 0.0389834 -0.357271
v 0.64804 0.0390034 -0.349999
v 0.641113 0.0390176 -0.342771
v 0.634132 0.0390346 -0.335594
v 0.627099 0.03905 -0.328469
v 0.62001 0.0390681 -0.321394
v 0.612869 0.0390846 -0.31437
v 0.605679 0.0390996 -0.307401
v 0.59843 0.0391174 -0.300479
v 0.591135 0.0391335 -0.293614
v 0.583785 0.0391482 -0.286797
v 0.576385 0.0391614 -0.280032
v 0.568934 0.0391774 -0.273324
v 0.561431 0.0391962 -0.266672
v 0.553882 0.0392094 -0.260071
v 0.54628 0.0392257 -0.253526
v 0.538631 0.0392409 -0.247036
v 0.530932 0.0392592 -0.240603
v 0.523187 0.0392724 -0.234223
v 0.515391 0.039289 -0.227899
v 0.507549 0.0393049 -0.221632
v 0.499658 0.0393247 -0.215424
v 0.491723 0.0393398 -0.20927
v 0.483743 0.0393546 -0.203174
v 0.475715 0.0393692 -0.197133
v 0.46764 0.0393876 -0.191153
v 0.459523 0.0394011 -0.185233
v 0.45136 0.039418 -0.179376
v 0.443148 0.0394338 -0.173577
v 0.434894 0.0394482 -0.167844
v 0.426595 0.0394654 -0.162177
v 0.418247 0.0394808 -0.156571
v 0.409855 0.0394985 -0.151035
v 0.401419 0.0395097 -0.145562
v 0.392938 0.0395273 -0.140164
v 0.384412 0.0395424 -0.134835
v 0.37584 0.0395549 -0.129572
v 0.367227 0.039569 -0.124387
v 0.373332 0.0395621 -0.128064
v 0.367171 0.0471106 -0.124388
v 0.358563 0.0395846 -0.11927
v 0.349861 0.0395974 -0.114232
v 0.341115 0.0396115 -0.10927
v 0.332323 0.039627 -0.104385
v 0.323489 0.0396395 -0.0995764
v 0.314612 0.0396534 -0.0948477
v 0.305694 0.0396685 -0.0902021
v 0.296731 0.0396807 -0.0856334
v 0.28773 0.0396943 -0.0811512
v 0.278684 0.0397094 -0.0767517
v 0.269599 0.0397216 -0.0724361
v 0.260476 0.0397354 -0.0682104
v 0.25131 0.0397509 -0.0640706
v 0.242106 0.0397638 -0.0600182
v 0.244996 0.0397569 -0.061288
v 0.242086 0.0428806 -0.0600223
v 0.232867 0.0397744 -0.0560568
v 0.223583 0.0397913 -0.0521871
v 0.214265 0.0398017 -0.0484061
v 0.204909 0.0398187 -0.0447242
v 0.195519 0.0398293 -0.0411349
v 0.186089 0.0398424 -0.0376387
v 0.176629 0.0398539 -0.0342448
v 0.167128 0.0398638 -0.0309419
v 0.157598 0.0398768 -0.0277473
v 0.148031 0.0398844 -0.0246452
v 0.138437 0.039891 -0.0216496
v 0.128807 0.0399013 -0.0187588
v 0.119145 0.0399065 -0.0159686
v 0.109453 0.0399114 -0.0132852
v 0.0997326 0.0399117 -0.0107065
v 0.0899813 0.0399166 -0.00824101
v 0.0858413 0.0441372 -0.0072631
v 0.0874049 0.0399148 -0.00761983
v 0.0802036 0.0399176 -0.00588439
v 0.0704003 0.0399192 -0.00364319
v 0.0605667 0.0399216 -0.00151375
v 0.0584267 0.0420879 -0.00108925
v 0.0584913 0.0399201 -0.00108947
v 0.0507101 0.0399252 0.000495842
v 0.0435445 0.0471552 0.00183217
v 0.0435604 0.0399277 0.00186743
v 0.0408265 0.0399307 0.00238952
v 0.030923 0.0399444 0.00415801
v 0.0209715 0.044374 0.00578989
v 0.0225233 0.0483901 0.00550868
v 0.0209914 0.039967 0.005809
v 0.0198867 0.0410772 0.00597376
v 0.0195674 0.0399709 0.00602792
v 0.0110475 0.0400048 0.00733902
v 1.46433e-06 0.0400083 -1.20861e-06
v 0.808046 0.0286093 -0.553899
v 0.818517 0.0285814 -0.559068
v 0.802641 0.0286446 -0.545535
v 0.797175 0.0286712 -0.537207
v 0.791647 0.0286935 -0.52892
v 0.786058 0.0287115 -0.520672
v 0.780408 0.0287254 -0.512464
v 0.774696 0.0287351 -0.504294
v 0.76892 0.0287452 -0.496164
v 0.763089 0.0287512 -0.488077
v 0.757197 0.0287576 -0.480032
v 0.751243 0.0287644 -0.472028
v 0.74523 0.0287675 -0.464062
v 0.739159 0.0287755 -0.456144
v 0.733024 0.0287882 -0.448267
v 0.726836 0.0287972 -0.440433
v 0.720585 0.0288106 -0.432642
v 0.714281 0.028824 -0.4249
v 0.707913 0.0288414 -0.417199
v 0.701494 0.0288543 -0.409544
v 0.695014 0.028875 -0.401939
v 0.688478 0.0288908 -0.394375
v 0.681887 0.02891 -0.386862
v 0.675235 0.028928 -0.37939
v 0.668532 0.0289448 -0.371971
v 0.661769 0.0289646 -0.364597
v 0.654955 0.0289827 -0.357275
v 0.648084 0.0289993 -0.349999
v 0.641158 0.0290186 -0.342775
v 0.634181 0.0290319 -0.335598
v 0.627151 0.0290479 -0.328475
v 0.620061 0.0290664 -0.321399
v 0.612922 0.0290833 -0.314377
v 0.605731 0.0290985 -0.307405
v 0.598487 0.029112 -0.300483
v 0.591191 0.0291282 -0.293616
v 0.583844 0.0291427 -0.286801
v 0.576444 0.0291599 -0.28004
v 0.568996 0.0291756 -0.273333
v 0.561495 0.0291898 -0.266677
v 0.553943 0.0292069 -0.260076
v 0.546344 0.0292227 -0.253532
v 0.538694 0.0292372 -0.24704
v 0.530995 0.0292549 -0.240605
v 0.523251 0.0292714 -0.234228
v 0.515455 0.0292871 -0.227902
v 0.507616 0.029302 -0.221637
v 0.499725 0.0293204 -0.215427
v 0.491793 0.0293342 -0.209274
v 0.483812 0.0293518 -0.203178
v 0.475782 0.0293689 -0.197138
v 0.46771 0.0293856 -0.19116
v 0.459591 0.0294013 -0.18524
v 0.451428 0.029416 -0.179381
v 0.44322 0.0294296 -0.173585
v 0.434965 0.0294459 -0.167851
v 0.426666 0.0294606 -0.162183
v 0.418316 0.0294777 -0.156577
v 0.409925 0.0294926 -0.15104
v 0.401492 0.0295054 -0.145572
v 0.393006 0.0295242 -0.140171
v 0.393447 0.0295217 -0.140451
v 0.393008 0.0297391 -0.140172
v 0.384452 0.034018 -0.134838
v 0.392683 0.0299026 -0.139971
v 0.384481 0.0295363 -0.13484
v 0.375851 0.0383067 -0.129575
v 0.37773 0.0373633 -0.130724
v 0.375913 0.0295499 -0.129582
v 0.367295 0.029565 -0.124394
v 0.358634 0.0295815 -0.119283
v 0.349929 0.029595 -0.114242
v 0.341184 0.0296055 -0.109279
v 0.332392 0.0296215 -0.104395
v 0.323556 0.0296344 -0.0995845
v 0.314679 0.0296486 -0.0948573
v 0.30576 0.0296596 -0.0902075
v 0.296796 0.0296762 -0.0856428
v 0.287796 0.0296898 -0.0811625
v 0.27875 0.0297003 -0.076759
v 0.269665 0.0297167 -0.0724478
v 0.26054 0.0297301 -0.0682206
v 0.269472 0.029717 -0.072359
v 0.260517 0.0335337 -0.0682163
v 0.251327 0.0372842 -0.0640731
v 0.254982 0.0357641 -0.0657201
v 0.251375 0.0297408 -0.0640772
v 0.242171 0.0297577 -0.0600294
v 0.232925 0.029772 -0.0560653
v 0.223647 0.0297838 -0.0521961
v 0.214326 0.0297977 -0.0484164
v 0.20497 0.0298138 -0.0447338
v 0.19558 0.0298232 -0.0411439
v 0.186148 0.0298395 -0.0376495
v 0.176685 0.0298494 -0.0342517
v 0.167186 0.0298622 -0.0309548
v 0.157652 0.0298689 -0.0277506
v 0.148089 0.029879 -0.024655
v 0.138489 0.0298878 -0.0216584
v 0.12886 0.0298912 -0.0187625
v 0.119194 0.0298983 -0.0159719
v 0.109505 0.0299006 -0.0132897
v 0.0997808 0.0299027 -0.0107108
v 0.10948 0.0298995 -0.013281
v 0.0997711 0.0326266 -0.0107123
v 0.0899946 0.0375775 -0.00824242
v 0.0943751 0.0354273 -0.009349
v 0.0900315 0.0299005 -0.00824065
v 0.0802521 0.0299036 -0.00588377
v 0.0704464 0.0299031 -0.00363593
v 0.0606133 0.0299086 -0.00150568
v 0.0614079 0.0299084 -0.00167776
v 0.0606048 0.0320718 -0.00150918
v 0.0507568 0.0299112 0.000511194
v 0.0439889 0.0367388 0.00179246
v 0.0434018 0.0299167 0.00192647
v 0.040873 0.0299213 0.00241058
v 0.030963 0.0299342 0.00419414
v 0.0210362 0.0299581 0.00585384
v 0.0110713 0.033853 0.00736898
v 0.0153886 0.0356397 0.00669226
v 0.0110861 0.029998 0.00739101
v 2.03943e-06 0.0391933 -2.41666e-06
v 0.000904737 0.0391929 0.000601395
v 0.00759571 0.0331513 0.00506005
v 3.15637e-06 0.0331587 -3.92227e-06
v 2.05529e-06 0.0300069 -2.99614e-06
v 0.0110742 0.033154 0.00737168
v 0.0110484 0.0391889 0.00734539
v 0.808052 0.0186046 -0.553873
v 0.818538 0.0185678 -0.559037
v 0.802652 0.0186445 -0.545513
v 0.797186 0.018675 -0.537185
v 0.791662 0.0187006 -0.528903
v 0.786074 0.0187214 -0.520657
v 0.780425 0.0187334 -0.512449
v 0.774712 0.0187452 -0.50428
v 0.768941 0.0187526 -0.496154
v 0.763111 0.0187558 -0.488067
v 0.757219 0.0187592 -0.480022
v 0.751266 0.0187629 -0.472017
v 0.745255 0.0187671 -0.464056
v 0.739185 0.018772 -0.456137
v 0.733055 0.0187818 -0.448263
v 0.726865 0.0187921 -0.440429
v 0.720619 0.0188027 -0.43264
v 0.714313 0.0188175 -0.424898
v 0.707951 0.0188321 -0.417199
v 0.701528 0.0188506 -0.409545
v 0.69505 0.0188686 -0.401937
v 0.688516 0.0188857 -0.394376
v 0.681926 0.018902 -0.38686
v 0.675276 0.0189213 -0.379391
v 0.668575 0.0189436 -0.371976
v 0.661816 0.0189602 -0.364603
v 0.655001 0.0189794 -0.357279
v 0.648133 0.0189968 -0.350005
v 0.641208 0.0190125 -0.342777
v 0.634231 0.0190308 -0.335605
v 0.6272 0.0190472 -0.32848
v 0.620113 0.0190662 -0.321406
v 0.612975 0.0190791 -0.31438
v 0.605787 0.0190944 -0.30741
v 0.598544 0.0191123 -0.300492
v 0.591246 0.0191285 -0.293624
v 0.583899 0.0191429 -0.286807
v 0.576504 0.0191556 -0.280045
v 0.569053 0.0191753 -0.273339
v 0.561555 0.0191892 -0.266684
v 0.554006 0.0192058 -0.260085
v 0.546406 0.019221 -0.253539
v 0.53876 0.0192349 -0.247048
v 0.53106 0.0192518 -0.240611
v 0.523316 0.0192676 -0.234233
v 0.515521 0.0192865 -0.22791
v 0.507682 0.0193002 -0.221643
v 0.499791 0.0193174 -0.215431
v 0.491857 0.0193339 -0.209278
v 0.483879 0.0193498 -0.203185
v 0.475852 0.0193652 -0.197146
v 0.46778 0.0193798 -0.191167
v 0.459659 0.0193976 -0.185247
v 0.451494 0.0194143 -0.17939
v 0.443285 0.0194296 -0.173594
v 0.435033 0.0194432 -0.167863
v 0.426732 0.0194594 -0.162195
v 0.418383 0.0194736 -0.156589
v 0.425018 0.0194627 -0.161044
v 0.418368 0.0217119 -0.156587
v 0.409961 0.0244146 -0.151048
v 0.41583 0.022497 -0.154914
v 0.409994 0.0194899 -0.151057
v 0.401506 0.0270521 -0.145577
v 0.404344 0.0261428 -0.147412
v 0.401555 0.0195038 -0.145585
v 0.393074 0.0195194 -0.140188
v 0.384548 0.0195324 -0.134858
v 0.375975 0.0195469 -0.129598
v 0.36736 0.0195627 -0.124415
v 0.358697 0.0195755 -0.119299
v 0.349994 0.0195895 -0.114264
v 0.341246 0.0196003 -0.109299
v 0.332454 0.0196166 -0.104416
v 0.323617 0.0196297 -0.0996078
v 0.314743 0.0196395 -0.0948806
v 0.305822 0.0196548 -0.0902349
v 0.305869 0.0196539 -0.0902577
v 0.305823 0.0196683 -0.0902351
v 0.296842 0.022294 -0.0856633
v 0.305802 0.0196758 -0.0902255
v 0.296861 0.0196669 -0.0856702
v 0.287823 0.024838 -0.0811737
v 0.293716 0.023143 -0.0841047
v 0.287854 0.0196802 -0.0811847
v 0.278764 0.0272938 -0.0767653
v 0.281685 0.0264728 -0.0781872
v 0.278811 0.0196948 -0.0767896
v 0.269667 0.0296655 -0.0724481
v 0.269726 0.0296486 -0.0724745
v 0.269726 0.0197063 -0.0724749
v 0.260597 0.0197236 -0.0682486
v 0.251433 0.0197337 -0.0641079
v 0.242228 0.0197498 -0.0600592
v 0.232985 0.0197633 -0.0560981
v 0.223699 0.0197786 -0.0522266
v 0.214382 0.0197915 -0.0484501
v 0.205025 0.0198064 -0.044767
v 0.19563 0.019819 -0.0411753
v 0.186201 0.0198338 -0.0376847
v 0.176736 0.0198466 -0.0342892
v 0.185789 0.0198316 -0.0375333
v 0.176727 0.0215318 -0.0342826
v 0.16722 0.0231431 -0.0309789
v 0.174842 0.0218303 -0.0336252
v 0.167234 0.0198576 -0.0309888
v 0.157679 0.0245767 -0.0277737
v 0.163598 0.0236587 -0.0297597
v 0.157703 0.0198669 -0.0277912
v 0.148107 0.0258316 -0.0246706
v 0.152556 0.0252253 -0.0261109
v 0.148133 0.0198749 -0.0246886
v 0.138504 0.0269156 -0.0216687
v 0.141713 0.0265392 -0.0226692
v 0.138535 0.0198816 -0.0216929
v 0.128868 0.0278737 -0.0187718
v 0.131014 0.0276625 -0.0194154
v 0.128907 0.0198826 -0.0187981
v 0.119203 0.028789 -0.0159747
v 0.120368 0.0286886 -0.0163131
v 0.119243 0.0198873 -0.0160088
v 0.109506 0.0298948 -0.0132886
v 0.109511 0.0298957 -0.0132917
v 0.109549 0.0198869 -0.0133204
v 0.0998277 0.0198866 -0.0107429
v 0.090076 0.0198866 -0.00827244
v 0.0802936 0.0198878 -0.00590893
v 0.0704878 0.0198905 -0.00366033
v 0.0637616 0.0267124 -0.00219079
v 0.0686958 0.0198873 -0.00326755
v 0.0606567 0.0198908 -0.00152038
v 0.0507954 0.0198983 0.000506197
v 0.0468001 0.0239323 0.00127517
v 0.0488865 0.0199012 0.000875836
v 0.0409107 0.0199094 0.00241809
v 0.0310063 0.0199249 0.00421129
v 0.033034 0.0199202 0.00384511
v 0.0309815 0.0258804 0.00419959
v 0.0210409 0.0285317 0.00585984
v 0.0256365 0.0253289 0.00509572
v 0.0210742 0.0199487 0.00588625
v 0.0111045 0.025914 0.00740945
v 0.015409 0.0256508 0.0067376
v 0.0111281 0.019992 0.00743742
v 4.74866e-06 0.0286123 -1.5973e-06
v 0.00154949 0.0286116 0.00103357
v 0.00478677 0.0256986 0.00319767
v 2.35242e-06 0.0257019 5.45441e-07
v 0.00802361 0.0227859 0.00536211
v 3.50676e-06 0.0227931 -2.51137e-06
v 9.77972e-07 0.0200022 5.91194e-08
v 0.011117 0.0227842 0.00742339
v 0.0111059 0.0256938 0.00741077
v 0.0110921 0.0286096 0.00739468
v 0.808063 0.00860209 -0.553854
v 0.818555 0.00855637 -0.559005
v 0.802661 0.00864656 -0.545491
v 0.797199 0.00868103 -0.537168
v 0.791672 0.00870995 -0.528883
v 0.786089 0.00872929 -0.520641
v 0.78044 0.00874364 -0.512434
v 0.774728 0.00875308 -0.504265
v 0.768958 0.00875787 -0.496138
v 0.763129 0.00875822 -0.488051
v 0.75724 0.0087628 -0.480012
v 0.751288 0.0087634 -0.472007
v 0.745281 0.00876447 -0.464049
v 0.739213 0.00876615 -0.45613
v 0.733083 0.00877298 -0.448254
v 0.726896 0.00878459 -0.440425
v 0.720648 0.00879653 -0.432636
v 0.714344 0.00880851 -0.424891
v 0.707984 0.00882455 -0.417196
v 0.701566 0.00884024 -0.409543
v 0.695087 0.00885964 -0.401935
v 0.688556 0.0088782 -0.394377
v 0.681963 0.00890001 -0.386862
v 0.675318 0.00891641 -0.379393
v 0.668616 0.00893992 -0.371977
v 0.661857 0.00895752 -0.364603
v 0.655044 0.00897768 -0.357281
v 0.648179 0.00899604 -0.35001
v 0.641257 0.00901247 -0.342784
v 0.634279 0.00903131 -0.33561
v 0.627249 0.00904403 -0.328482
v 0.620164 0.00906336 -0.32141
v 0.61303 0.00907653 -0.314386
v 0.60584 0.00909209 -0.307415
v 0.598596 0.00911006 -0.300496
v 0.591302 0.00912618 -0.293629
v 0.583957 0.00914054 -0.286814
v 0.576562 0.00915308 -0.28005
v 0.569114 0.00917249 -0.273346
v 0.561615 0.00918597 -0.266689
v 0.554065 0.00920218 -0.260088
v 0.546469 0.00921684 -0.253544
v 0.538821 0.00923433 -0.247053
v 0.531124 0.0092505 -0.240618
v 0.52338 0.00926531 -0.234238
v 0.515588 0.00928324 -0.227917
v 0.507749 0.0092958 -0.221648
v 0.49986 0.00931588 -0.21544
v 0.491925 0.00933085 -0.209286
v 0.483947 0.00934498 -0.203191
v 0.475918 0.00936261 -0.197153
v 0.467847 0.00937925 -0.191178
v 0.459726 0.00939464 -0.185258
v 0.451565 0.00940868 -0.179403
v 0.443353 0.00942551 -0.173608
v 0.443865 0.0094252 -0.17397
v 0.443352 0.00975812 -0.173609
v 0.435065 0.0145493 -0.167871
v 0.442857 0.0100196 -0.173266
v 0.435098 0.00944057 -0.167879
v 0.426736 0.0186799 -0.162196
v 0.427891 0.0180693 -0.162982
v 0.426798 0.00945369 -0.162211
v 0.41845 0.00946898 -0.156609
v 0.410056 0.00948624 -0.151075
v 0.401619 0.00950098 -0.145609
v 0.393138 0.00951308 -0.140211
v 0.384611 0.00952669 -0.134883
v 0.376036 0.00954165 -0.129624
v 0.36742 0.00955792 -0.124443
v 0.35876 0.00957101 -0.119333
v 0.350052 0.00958521 -0.114296
v 0.341303 0.00959609 -0.109333
v 0.332513 0.00960804 -0.104451
v 0.338761 0.0096014 -0.107923
v 0.3325 0.0117272 -0.104446
v 0.32365 0.014551 -0.0996279
v 0.329966 0.0124783 -0.103066
v 0.323676 0.009621 -0.0996446
v 0.314754 0.0171962 -0.0948904
v 0.31778 0.0162345 -0.0965016
v 0.314799 0.00963498 -0.0949218
v 0.305875 0.00964994 -0.090275
v 0.296915 0.00966165 -0.0857128
v 0.287908 0.00967443 -0.08123
v 0.278862 0.0096884 -0.0768338
v 0.269778 0.00969923 -0.072522
v 0.26065 0.00971578 -0.0682987
v 0.251482 0.00972939 -0.0641595
v 0.242275 0.0097446 -0.0601102
v 0.23303 0.00975706 -0.0561485
v 0.238278 0.00975003 -0.0583981
v 0.233026 0.0109626 -0.0561428
v 0.223731 0.0129956 -0.0522638
v 0.231657 0.0112367 -0.0555751
v 0.223747 0.0097713 -0.0522804
v 0.214404 0.0148891 -0.0484774
v 0.220094 0.0136795 -0.0507865
v 0.214427 0.0097874 -0.0485059
v 0.20504 0.0166532 -0.0447865
v 0.208677 0.0159135 -0.0462178
v 0.205069 0.00980104 -0.0448228
v 0.195637 0.0182832 -0.0411884
v 0.197398 0.0179417 -0.0418584
v 0.195675 0.00981655 -0.0412372
v 0.186201 0.0197743 -0.0376847
v 0.186266 0.0197621 -0.0377076
v 0.186246 0.00982982 -0.0377469
v 0.176777 0.00984094 -0.0343479
v 0.167279 0.00985004 -0.031052
v 0.157742 0.00986182 -0.0278535
v 0.148177 0.00986769 -0.0247558
v 0.138576 0.0098721 -0.0217574
v 0.128944 0.00987524 -0.0188623
v 0.119282 0.00987736 -0.0160745
v 0.109587 0.00987906 -0.0133899
v 0.0998615 0.00987632 -0.0108062
v 0.0901099 0.00987443 -0.00833327
v 0.0803324 0.00987399 -0.00597099
v 0.0876491 0.00987342 -0.00773935
v 0.0803265 0.0115131 -0.00596118
v 0.0704936 0.0176617 -0.00366941
v 0.0756372 0.0146502 -0.00486734
v 0.0705212 0.00987581 -0.00371133
v 0.0606902 0.00987595 -0.00156381
v 0.0508312 0.00988452 0.000471263
v 0.0524712 0.00988427 0.000130503
v 0.0508154 0.0144393 0.000489866
v 0.0409526 0.00989305 0.00239446
v 0.0345606 0.0163403 0.00356143
v 0.0376717 0.00990156 0.00299505
v 0.0310444 0.00991651 0.00420326
v 0.0211154 0.00994042 0.0058994
v 0.0230372 0.00993541 0.00556925
v 0.0211063 0.0121489 0.00589512
v 0.0210823 0.0184332 0.00588687
v 0.0285001 0.00992342 0.00463757
v 0.0111315 0.0194291 0.00743901
v 0.0121866 0.0189287 0.00727254
v 0.0187971 0.0122764 0.00625405
v 0.011142 0.0159213 0.00744751
v 0.0163083 0.00995521 0.00665457
v 0.0111552 0.0124092 0.00745759
v 0.0111615 0.00997544 0.00746496
v 2.99756e-06 0.0198346 2.41324e-07
v 0.000188495 0.0198352 0.000121831
v 0.00466893 0.0158077 0.00312206
v 3.44172e-06 0.0158212 -3.84606e-06
v 0.0091503 0.0117847 0.00611679
v 3.4667e-06 0.0118022 -1.87194e-06
v 3.81573e-06 0.00999926 -2.3645e-06
v 0.0111551 0.0117817 0.00745956
v 0.0111452 0.0158016 0.00744793
v 0.0111301 0.0198249 0.00743769
v 0.808042 -0.00139335 -0.553785
v 0.813922 -0.00145535 -0.56196
v 0.802588 -0.00134312 -0.545343
v 0.797075 -0.00130449 -0.536942
v 0.791498 -0.00127294 -0.528585
v 0.785858 -0.00125238 -0.520265
v 0.780158 -0.0012381 -0.511989
v 0.774395 -0.00122996 -0.503753
v 0.768576 -0.00122754 -0.495563
v 0.762692 -0.0012263 -0.487413
v 0.756752 -0.00123034 -0.479306
v 0.750747 -0.00123066 -0.471244
v 0.744684 -0.00123117 -0.463225
v 0.738565 -0.00123159 -0.455252
v 0.732382 -0.00122752 -0.44732
v 0.726144 -0.00121911 -0.439438
v 0.719844 -0.00120669 -0.4316
v 0.71349 -0.00119478 -0.423809
v 0.707076 -0.00117936 -0.416065
v 0.700608 -0.00116482 -0.408367
v 0.694079 -0.00114291 -0.400721
v 0.687497 -0.00112667 -0.393118
v 0.680859 -0.0011077 -0.385567
v 0.674162 -0.00108624 -0.378063
v 0.667414 -0.00106679 -0.370611
v 0.660609 -0.00104519 -0.36321
v 0.653748 -0.00102595 -0.355855
v 0.646834 -0.00100908 -0.348552
v 0.639868 -0.000990366 -0.341304
v 0.632848 -0.000974057 -0.334105
v 0.625773 -0.000960088 -0.326955
v 0.618648 -0.000944209 -0.319862
v 0.61147 -0.000926418 -0.312822
v 0.60424 -0.000915152 -0.305831
v 0.596957 -0.000897629 -0.298897
v 0.589623 -0.000882255 -0.292016
v 0.582239 -0.000869029 -0.285187
v 0.574808 -0.000853638 -0.278419
v 0.567326 -0.000840176 -0.271702
v 0.559792 -0.00082433 -0.265041
v 0.552209 -0.00081032 -0.258433
v 0.544583 -0.000798022 -0.251885
v 0.536904 -0.000783087 -0.245392
v 0.529175 -0.000765418 -0.238956
v 0.521401 -0.00074921 -0.232578
v 0.513582 -0.000734401 -0.226257
v 0.505718 -0.000720836 -0.219994
v 0.497808 -0.000704127 -0.213794
v 0.489851 -0.000688535 -0.207649
v 0.48185 -0.000673968 -0.201564
v 0.473804 -0.000660582 -0.195538
v 0.465709 -0.000644071 -0.189573
v 0.457576 -0.000628953 -0.183673
v 0.449394 -0.000615294 -0.177832
v 0.443783 0.00870832 -0.173908
v 0.443078 -0.00060314 -0.173397
v 0.441172 -0.000603311 -0.172056
v 0.432901 -0.000588783 -0.166343
v 0.424589 -0.000571921 -0.160701
v 0.416233 -0.000557167 -0.155124
v 0.407832 -0.000544712 -0.149612
v 0.39939 -0.000530354 -0.144173
v 0.390901 -0.000518546 -0.138799
v 0.382372 -0.00050505 -0.133501
v 0.373799 -0.000494358 -0.128271
v 0.365182 -0.000477815 -0.12312
v 0.356524 -0.000468613 -0.118038
v 0.347825 -0.000453674 -0.113038
v 0.33908 -0.000441732 -0.108109
v 0.346373 -0.000455508 -0.112217
v 0.340772 0.00717873 -0.10904
v 0.330297 -0.000432794 -0.103257
v 0.321473 -0.000418163 -0.0984913
v 0.312605 -0.000406471 -0.0937987
v 0.303703 -0.000397697 -0.0891908
v 0.294756 -0.000387434 -0.0846619
v 0.285769 -0.000371221 -0.0802218
v 0.276748 -0.000362097 -0.0758636
v 0.267681 -0.000346819 -0.07159
v 0.258579 -0.000334049 -0.067404
v 0.249443 -0.000323638 -0.0633055
v 0.255397 -0.000333678 -0.0659751
v 0.250124 0.00303108 -0.0635926
v 0.241891 0.00781561 -0.059955
v 0.244967 0.0059647 -0.0613109
v 0.240268 -0.000311015 -0.0592965
v 0.231054 -0.000296075 -0.055377
v 0.221806 -0.000283143 -0.0515485
v 0.212521 -0.00026766 -0.0478133
v 0.203204 -0.000253994 -0.0441728
v 0.193851 -0.000242184 -0.0406235
v 0.184461 -0.000227555 -0.0371714
v 0.175044 -0.000218798 -0.0338157
v 0.165589 -0.000206865 -0.0305572
v 0.156108 -0.000200444 -0.0273991
v 0.146594 -0.000194685 -0.0243398
v 0.153935 -0.000199628 -0.0267001
v 0.146881 0.00164647 -0.0244132
v 0.137622 0.00357712 -0.0215202
v 0.144814 0.00203902 -0.023765
v 0.137047 -0.000189655 -0.0213794
v 0.128241 0.00507649 -0.0186995
v 0.133523 0.00418747 -0.0202857
v 0.127476 -0.000189507 -0.0185235
v 0.118756 0.00612352 -0.0159584
v 0.122701 0.00567722 -0.0170966
v 0.117872 -0.000194005 -0.0157645
v 0.109188 0.00689219 -0.0133062
v 0.112232 0.00666326 -0.0141464
v 0.108241 -0.000198035 -0.0131121
v 0.0995732 0.00758352 -0.0107537
v 0.10183 0.00751026 -0.0113482
v 0.0985822 -0.000200716 -0.010566
v 0.0900073 0.00901472 -0.0083165
v 0.0908782 0.00896035 -0.00853526
v 0.088899 -0.000205826 -0.00812383
v 0.0791852 -0.000207784 -0.00578343
v 0.0694548 -0.000210374 -0.00355417
v 0.0596944 -0.000207884 -0.00142607
v 0.0524239 0.00807033 0.000131343
v 0.0502432 -0.000202202 0.000524089
v 0.0499119 -0.000199526 0.000593112
v 0.0401105 -0.000188461 0.00250623
v 0.0369307 0.0033572 0.00310042
v 0.0370789 -0.000181069 0.00306022
v 0.0302887 -0.000165685 0.00430404
v 0.0204483 -0.000138736 0.00599577
v 0.0223823 -0.000143953 0.0056632
v 0.0207615 0.00460064 0.00594918
v 0.0230046 0.00785928 0.00557046
v 0.0257432 -0.00015507 0.00508685
v 0.0283899 0.0019275 0.00463324
v 0.0291049 -0.000164914 0.00450833
v 0.010591 -0.000114695 0.00756341
v 0.0146576 -0.000123842 0.00691524
v 0.0108403 0.00426078 0.00751839
v 0.0110874 0.00863399 0.00747782
v 0.018722 -0.000135621 0.00627202
v 0.000687538 -5.75371e-05 0.0089812
v 0.818439 0.0686262 -0.559392
v 0.818461 0.0586153 -0.559363
v 0.808016 0.0586214 -0.554167
v 0.808007 0.068628 -0.554193
v 0.8026 0.0686364 -0.545821
v 0.802585 0.0786392 -0.545843
v 0.797113 0.0786461 -0.537508
v 0.797102 0.0886411 -0.53753
v 0.791567 0.0886473 -0.529232
v 0.791451 0.0986602 -0.529105
v 0.797032 0.0986511 -0.537462
v 0.818477 0.0486055 -0.55933
v 0.808027 0.0486158 -0.554143
v 0.802608 0.0586387 -0.545796
v 0.797127 0.0686515 -0.537489
v 0.791581 0.0786556 -0.529214
v 0.785968 0.0886607 -0.520976
v 0.785809 0.0986723 -0.520787
v 0.818496 0.0385927 -0.559298
v 0.808036 0.0386117 -0.55412
v 0.802617 0.048642 -0.545775
v 0.797138 0.0586577 -0.537468
v 0.791594 0.0686645 -0.529196
v 0.785983 0.0786678 -0.520957
v 0.780306 0.0886725 -0.512754
v 0.780106 0.0986869 -0.512511
v 0.818517 0.0285814 -0.559268
v 0.808046 0.0286093 -0.554099
v 0.80263 0.0386425 -0.545755
v 0.79715 0.0486608 -0.537446
v 0.791607 0.0586699 -0.529174
v 0.785995 0.0686796 -0.52094
v 0.780324 0.0786822 -0.512741
v 0.774584 0.0886909 -0.504578
v 0.774345 0.0987037 -0.504278
v 0.818538 0.0185678 -0.559237
v 0.808052 0.0186046 -0.554073
v 0.802641 0.0286446 -0.545735
v 0.797163 0.0386652 -0.537426
v 0.79162 0.0486806 -0.529158
v 0.786012 0.0586878 -0.520924
v 0.780341 0.0686922 -0.512726
v 0.774606 0.0786985 -0.504567
v 0.768804 0.0887071 -0.496442
v 0.76852 0.0987222 -0.496085
v 0.818555 0.00855637 -0.559205
v 0.808063 0.00860209 -0.554054
v 0.802652 0.0186445 -0.545713
v 0.797175 0.0286712 -0.537407
v 0.791634 0.0386883 -0.52914
v 0.786028 0.0486929 -0.520905
v 0.780358 0.0586987 -0.512709
v 0.774623 0.0687065 -0.504552
v 0.768823 0.0787124 -0.496427
v 0.762962 0.0887249 -0.488345
v 0.762637 0.0987463 -0.487941
v 0.813922 -0.00145535 -0.56216
v 0.808042 -0.00139335 -0.553985
v 0.802661 0.00864656 -0.545691
v 0.797186 0.018675 -0.537385
v 0.791647 0.0286935 -0.52912
v 0.786041 0.0387035 -0.520888
v 0.780374 0.0487062 -0.512692
v 0.774641 0.0587109 -0.504534
v 0.768844 0.0687179 -0.496415
v 0.762984 0.0787277 -0.488333
v 0.757058 0.0887442 -0.48029
v 0.756692 0.0987672 -0.479834
v 0.802588 -0.00134312 -0.545542
v 0.797199 0.00868103 -0.537368
v 0.791662 0.0187006 -0.529103
v 0.786058 0.0287115 -0.520872
v 0.780392 0.038715 -0.512678
v 0.77466 0.0487204 -0.504522
v 0.768865 0.0587242 -0.496403
v 0.763003 0.0687349 -0.488322
v 0.757082 0.0787484 -0.480283
v 0.751098 0.0887644 -0.47228
v 0.750684 0.0987929 -0.471771
v 0.797075 -0.00130449 -0.537142
v 0.791672 0.00870995 -0.529083
v 0.786074 0.0187214 -0.520857
v 0.780408 0.0287254 -0.512664
v 0.774679 0.038727 -0.504508
v 0.768884 0.0487313 -0.49639
v 0.763024 0.0587384 -0.48831
v 0.757104 0.0687486 -0.48027
v 0.751122 0.0787658 -0.472272
v 0.745076 0.0887853 -0.464312
v 0.744623 0.0988145 -0.463757
v 0.791498 -0.00127294 -0.528785
v 0.786089 0.00872929 -0.520841
v 0.780425 0.0187334 -0.512649
v 0.774696 0.0287351 -0.504494
v 0.768902 0.0387396 -0.496378
v 0.763048 0.0487428 -0.488301
v 0.757129 0.0587493 -0.48026
v 0.751147 0.0687631 -0.472262
v 0.745102 0.0787796 -0.464301
v 0.738993 0.0888023 -0.456383
v 0.738499 0.0988361 -0.455784
v 0.785858 -0.00125238 -0.520465
v 0.78044 0.00874364 -0.512634
v 0.774712 0.0187452 -0.50448
v 0.76892 0.0287452 -0.496364
v 0.763066 0.0387483 -0.488288
v 0.757152 0.0487508 -0.480251
v 0.75117 0.0587652 -0.472254
v 0.745129 0.0687782 -0.464296
v 0.739021 0.0787981 -0.456376
v 0.732855 0.0888196 -0.448502
v 0.732315 0.0988572 -0.447857
v 0.780158 -0.0012381 -0.512189
v 0.774728 0.00875308 -0.504465
v 0.768941 0.0187526 -0.496354
v 0.763089 0.0287512 -0.488277
v 0.757175 0.0387535 -0.480241
v 0.751194 0.0487637 -0.472244
v 0.745152 0.0587773 -0.464286
v 0.739048 0.0687938 -0.456369
v 0.732886 0.0788125 -0.448497
v 0.726657 0.0888369 -0.440664
v 0.726075 0.0988779 -0.439978
v 0.774395 -0.00122996 -0.503953
v 0.768958 0.00875787 -0.496338
v 0.763111 0.0187558 -0.488267
v 0.757197 0.0287576 -0.480232
v 0.751217 0.0387634 -0.472234
v 0.74518 0.0487729 -0.464279
v 0.739075 0.05879 -0.456363
v 0.732911 0.0688097 -0.44849
v 0.726686 0.0788313 -0.440659
v 0.720399 0.0888542 -0.432869
v 0.719777 0.0988939 -0.43214
v 0.768576 -0.00122754 -0.495763
v 0.763129 0.00875822 -0.488251
v 0.757219 0.0187592 -0.480222
v 0.751243 0.0287644 -0.472228
v 0.745207 0.0387695 -0.464272
v 0.739101 0.0487869 -0.456356
v 0.732942 0.0588031 -0.448486
v 0.726718 0.0688216 -0.440652
v 0.720432 0.078846 -0.432865
v 0.714082 0.0888672 -0.425114
v 0.713418 0.0989134 -0.424352
v 0.762692 -0.0012263 -0.487613
v 0.75724 0.0087628 -0.480212
v 0.751266 0.0187629 -0.472217
v 0.74523 0.0287675 -0.464262
v 0.739132 0.0387805 -0.456352
v 0.732969 0.048797 -0.448478
v 0.726746 0.0588163 -0.440647
v 0.720461 0.0688377 -0.432858
v 0.714117 0.0788605 -0.425114
v 0.707709 0.0888842 -0.417411
v 0.707003 0.0989281 -0.416608
v 0.756752 -0.00123034 -0.479506
v 0.751288 0.0087634 -0.472207
v 0.745255 0.0187671 -0.464256
v 0.739159 0.0287755 -0.456344
v 0.732999 0.038792 -0.448474
v 0.726775 0.0488117 -0.440643
v 0.720494 0.0588297 -0.432855
v 0.714148 0.0688537 -0.42511
v 0.707747 0.0788748 -0.417411
v 0.701277 0.0889009 -0.409752
v 0.700531 0.0989462 -0.408914
v 0.750747 -0.00123066 -0.471444
v 0.745281 0.00876447 -0.464249
v 0.739185 0.018772 -0.456337
v 0.733024 0.0287882 -0.448467
v 0.726806 0.0388038 -0.440638
v 0.720521 0.0488266 -0.432851
v 0.714183 0.0588472 -0.42511
v 0.70778 0.0688695 -0.41741
v 0.701314 0.078893 -0.409751
v 0.694792 0.088913 -0.402139
v 0.694006 0.0989594 -0.401268
v 0.744684 -0.00123117 -0.463425
v 0.739213 0.00876615 -0.45633
v 0.733055 0.0187818 -0.448463
v 0.726836 0.0287972 -0.440633
v 0.720556 0.0388158 -0.432847
v 0.714214 0.0488413 -0.425107
v 0.707812 0.0588603 -0.417404
v 0.701351 0.068885 -0.40975
v 0.694831 0.0789066 -0.40214
v 0.688249 0.0889288 -0.394575
v 0.687422 0.0989759 -0.393671
v 0.738565 -0.00123159 -0.455452
v 0.733083 0.00877298 -0.448454
v 0.726865 0.0187921 -0.440629
v 0.720585 0.0288106 -0.432842
v 0.714248 0.038832 -0.425103
v 0.707846 0.0488558 -0.417404
v 0.701389 0.0588772 -0.409751
v 0.694866 0.0689001 -0.402138
v 0.688286 0.0789238 -0.394575
v 0.681646 0.088944 -0.387054
v 0.68078 0.0989914 -0.386121
v 0.732382 -0.00122752 -0.44752
v 0.726896 0.00878459 -0.440625
v 0.720619 0.0188027 -0.43284
v 0.714281 0.028824 -0.4251
v 0.707881 0.038848 -0.417403
v 0.701423 0.04887 -0.409748
v 0.694902 0.0588937 -0.402138
v 0.688326 0.0689145 -0.394573
v 0.681687 0.0789362 -0.387054
v 0.67499 0.0889585 -0.379582
v 0.674082 0.0990059 -0.378618
v 0.726144 -0.00121911 -0.439638
v 0.720648 0.00879653 -0.432836
v 0.714313 0.0188175 -0.425098
v 0.707913 0.0288414 -0.417399
v 0.701457 0.0388637 -0.409746
v 0.694939 0.0488879 -0.402138
v 0.688364 0.0589095 -0.394575
v 0.681727 0.0689325 -0.387056
v 0.675032 0.0789521 -0.379584
v 0.668279 0.0889722 -0.37216
v 0.667332 0.0990195 -0.371167
v 0.719844 -0.00120669 -0.4318
v 0.714344 0.00880851 -0.425091
v 0.707951 0.0188321 -0.417399
v 0.701494 0.0288543 -0.409744
v 0.694978 0.0388788 -0.402137
v 0.688403 0.0489051 -0.394577
v 0.681769 0.0589246 -0.387058
v 0.675072 0.0689454 -0.379583
v 0.66832 0.0789671 -0.37216
v 0.661509 0.0889852 -0.364782
v 0.660524 0.0990321 -0.363762
v 0.71349 -0.00119478 -0.424009
v 0.707984 0.00882455 -0.417396
v 0.701528 0.0188506 -0.409745
v 0.695014 0.028875 -0.402139
v 0.68844 0.0388974 -0.394576
v 0.681806 0.0489216 -0.387059
v 0.675115 0.0589431 -0.379589
v 0.668362 0.0689616 -0.372161
v 0.661553 0.0789812 -0.364784
v 0.654683 0.0890015 -0.357454
v 0.653662 0.0990478 -0.356411
v 0.707076 -0.00117936 -0.416265
v 0.701566 0.00884024 -0.409743
v 0.69505 0.0188686 -0.402137
v 0.688478 0.0288908 -0.394575
v 0.681846 0.0389152 -0.38706
v 0.675153 0.0489371 -0.379587
v 0.668403 0.0589605 -0.372165
v 0.661597 0.0689768 -0.364786
v 0.654731 0.0789985 -0.357461
v 0.647804 0.089017 -0.350177
v 0.646745 0.0990667 -0.349113
v 0.700608 -0.00116482 -0.408567
v 0.695087 0.00885964 -0.402135
v 0.688516 0.0188857 -0.394576
v 0.681887 0.02891 -0.387062
v 0.675195 0.038932 -0.37959
v 0.668447 0.0489557 -0.372168
v 0.66164 0.0589768 -0.364792
v 0.654774 0.0689952 -0.357462
v 0.647853 0.0790107 -0.350179
v 0.640872 0.0890317 -0.34295
v 0.639776 0.0990804 -0.341863
v 0.694079 -0.00114291 -0.400921
v 0.688556 0.0088782 -0.394577
v 0.681926 0.018902 -0.38706
v 0.675235 0.028928 -0.37959
v 0.668488 0.0389518 -0.37217
v 0.661683 0.0489732 -0.364794
v 0.654822 0.058992 -0.357467
v 0.647901 0.0690083 -0.350185
v 0.640923 0.0790261 -0.342954
v 0.633886 0.0890454 -0.335772
v 0.632756 0.0990972 -0.334668
v 0.687497 -0.00112667 -0.393318
v 0.681963 0.00890001 -0.387062
v 0.675276 0.0189213 -0.379591
v 0.668532 0.0289448 -0.372171
v 0.661729 0.0389662 -0.364796
v 0.654863 0.0489894 -0.357468
v 0.647947 0.059006 -0.350189
v 0.64097 0.0690245 -0.342958
v 0.633937 0.0790447 -0.335779
v 0.626844 0.0890623 -0.328645
v 0.625677 0.099113 -0.327519
v 0.680859 -0.0011077 -0.385767
v 0.675318 0.00891641 -0.379593
v 0.668575 0.0189436 -0.372176
v 0.661769 0.0289646 -0.364797
v 0.654911 0.0389834 -0.357471
v 0.647991 0.0490043 -0.350191
v 0.641018 0.059023 -0.342963
v 0.633986 0.0690437 -0.335785
v 0.626899 0.0790579 -0.328652
v 0.619751 0.0890784 -0.32157
v 0.618548 0.0991318 -0.320427
v 0.674162 -0.00108624 -0.378263
v 0.668616 0.00893992 -0.372177
v 0.661816 0.0189602 -0.364803
v 0.654955 0.0289827 -0.357475
v 0.64804 0.0390034 -0.350199
v 0.641064 0.049022 -0.342967
v 0.634035 0.0590386 -0.335786
v 0.626947 0.0690575 -0.328655
v 0.619804 0.0790744 -0.321574
v 0.612606 0.0890934 -0.314546
v 0.611367 0.0991496 -0.313387
v 0.667414 -0.00106679 -0.370811
v 0.661857 0.00895752 -0.364803
v 0.655001 0.0189794 -0.357479
v 0.648084 0.0289993 -0.350199
v 0.641113 0.0390176 -0.342971
v 0.634083 0.0490383 -0.335792
v 0.626996 0.0590572 -0.32866
v 0.619854 0.0690743 -0.321579
v 0.612661 0.0790897 -0.314552
v 0.605403 0.0891117 -0.307571
v 0.604136 0.0991663 -0.306402
v 0.660609 -0.00104519 -0.36341
v 0.655044 0.00897768 -0.357481
v 0.648133 0.0189968 -0.350205
v 0.641158 0.0290186 -0.342975
v 0.634132 0.0390346 -0.335794
v 0.627049 0.0490532 -0.328665
v 0.619907 0.0590702 -0.321584
v 0.612713 0.06909 -0.314558
v 0.60546 0.0791081 -0.307578
v 0.598156 0.0891249 -0.300652
v 0.596852 0.099182 -0.299466
v 0.653748 -0.00102595 -0.356055
v 0.648179 0.00899604 -0.35021
v 0.641208 0.0190125 -0.342977
v 0.634181 0.0290319 -0.335798
v 0.627099 0.03905 -0.328669
v 0.61996 0.0490709 -0.321592
v 0.612765 0.0590862 -0.31456
v 0.605516 0.0691044 -0.307583
v 0.598209 0.0791256 -0.300658
v 0.590853 0.0891414 -0.293783
v 0.589519 0.0992009 -0.292589
v 0.646834 -0.00100908 -0.348752
v 0.641257 0.00901247 -0.342984
v 0.634231 0.0190308 -0.335805
v 0.627151 0.0290479 -0.328675
v 0.62001 0.0390681 -0.321594
v 0.612817 0.0490872 -0.314567
v 0.605568 0.059105 -0.307589
v 0.598267 0.0691219 -0.300664
v 0.590909 0.079142 -0.293791
v 0.583497 0.0891613 -0.286969
v 0.582135 0.0992189 -0.285765
v 0.639868 -0.000990366 -0.341504
v 0.634279 0.00903131 -0.33581
v 0.6272 0.0190472 -0.32868
v 0.620061 0.0290664 -0.321599
v 0.612869 0.0390846 -0.31457
v 0.605624 0.049102 -0.307595
v 0.59832 0.0591184 -0.300666
v 0.590965 0.0691382 -0.293795
v 0.583553 0.0791574 -0.286972
v 0.576092 0.0891761 -0.280205
v 0.574699 0.0992359 -0.278992
v 0.632848 -0.000974057 -0.334305
v 0.627249 0.00904403 -0.328682
v 0.620113 0.0190662 -0.321606
v 0.612922 0.0290833 -0.314577
v 0.605679 0.0390996 -0.307601
v 0.598377 0.0491195 -0.300676
v 0.59102 0.0591346 -0.293798
v 0.583612 0.0691534 -0.286978
v 0.57615 0.0791718 -0.280209
v 0.568636 0.0891938 -0.273498
v 0.567212 0.0992556 -0.272277
v 0.625773 -0.000960088 -0.327155
v 0.620164 0.00906336 -0.32161
v 0.612975 0.0190791 -0.31458
v 0.605731 0.0290985 -0.307605
v 0.59843 0.0391174 -0.300679
v 0.591076 0.0491358 -0.293806
v 0.583667 0.0591538 -0.286984
v 0.576209 0.0691716 -0.280218
v 0.568696 0.0791892 -0.273503
v 0.561126 0.0892101 -0.266842
v 0.55968 0.0992699 -0.265619
v 0.618648 -0.000944209 -0.320062
v 0.61303 0.00907653 -0.314586
v 0.605787 0.0190944 -0.30761
v 0.598487 0.029112 -0.300683
v 0.591135 0.0391335 -0.293814
v 0.583727 0.0491505 -0.286991
v 0.576269 0.0591674 -0.280223
v 0.568754 0.0691885 -0.273509
v 0.561189 0.0792051 -0.266847
v 0.55357 0.0892252 -0.260243
v 0.552096 0.0992871 -0.259016
v 0.61147 -0.000926418 -0.313022
v 0.60584 0.00909209 -0.307615
v 0.598544 0.0191123 -0.300692
v 0.591191 0.0291282 -0.293816
v 0.583785 0.0391482 -0.286997
v 0.576327 0.049164 -0.280228
v 0.568816 0.059184 -0.273516
v 0.561249 0.0692041 -0.266855
v 0.553633 0.079224 -0.260252
v 0.545963 0.0892391 -0.253698
v 0.544462 0.0993075 -0.252472
v 0.60424 -0.000915152 -0.306031
v 0.598596 0.00911006 -0.300696
v 0.591246 0.0191285 -0.293824
v 0.583844 0.0291427 -0.287001
v 0.576385 0.0391614 -0.280232
v 0.568874 0.0491802 -0.273519
v 0.56131 0.0591993 -0.266859
v 0.553694 0.0692185 -0.260254
v 0.546029 0.0792376 -0.253707
v 0.538309 0.0892565 -0.247215
v 0.536781 0.0993229 -0.245983
v 0.596957 -0.000897629 -0.299097
v 0.591302 0.00912618 -0.293829
v 0.583899 0.0191429 -0.287007
v 0.576444 0.0291599 -0.28024
v 0.568934 0.0391774 -0.273524
v 0.561372 0.0491994 -0.266869
v 0.553756 0.0592176 -0.260262
v 0.546091 0.069236 -0.253713
v 0.538371 0.0792545 -0.247218
v 0.530604 0.0892732 -0.240784
v 0.529053 0.0993377 -0.239548
v 0.589623 -0.000882255 -0.292216
v 0.583957 0.00914054 -0.287014
v 0.576504 0.0191556 -0.280245
v 0.568996 0.0291756 -0.273533
v 0.561431 0.0391962 -0.266872
v 0.55382 0.0492131 -0.260267
v 0.546154 0.0592305 -0.253715
v 0.538436 0.0692526 -0.247223
v 0.530669 0.0792708 -0.240787
v 0.52285 0.0892896 -0.234407
v 0.521277 0.0993565 -0.233174
v 0.582239 -0.000869029 -0.285387
v 0.576562 0.00915308 -0.28025
v 0.569053 0.0191753 -0.273539
v 0.561495 0.0291898 -0.266877
v 0.553882 0.0392094 -0.260271
v 0.546218 0.0492298 -0.253723
v 0.538503 0.0592467 -0.247227
v 0.530733 0.0692684 -0.240789
v 0.522918 0.0792866 -0.23441
v 0.51505 0.0893061 -0.228087
v 0.513457 0.0993712 -0.226855
v 0.574808 -0.000853638 -0.278619
v 0.569114 0.00917249 -0.273546
v 0.561555 0.0191892 -0.266884
v 0.553943 0.0292069 -0.260276
v 0.54628 0.0392257 -0.253726
v 0.538566 0.0492455 -0.247232
v 0.530801 0.0592663 -0.240795
v 0.522986 0.0692837 -0.234413
v 0.515118 0.0793023 -0.228088
v 0.507205 0.0893228 -0.221824
v 0.505589 0.0993902 -0.220595
v 0.567326 -0.000840176 -0.271902
v 0.561615 0.00918597 -0.266889
v 0.554006 0.0192058 -0.260285
v 0.546344 0.0292227 -0.253732
v 0.538631 0.0392409 -0.247236
v 0.530866 0.0492603 -0.240796
v 0.523053 0.0592809 -0.234417
v 0.515189 0.0692987 -0.228091
v 0.507276 0.0793181 -0.221825
v 0.499311 0.0893355 -0.215612
v 0.497677 0.0994092 -0.214395
v 0.559792 -0.00082433 -0.265241
v 0.554065 0.00920218 -0.260288
v 0.546406 0.019221 -0.253739
v 0.538694 0.0292372 -0.24724
v 0.530932 0.0392592 -0.240803
v 0.523116 0.0492785 -0.234417
v 0.515256 0.0592951 -0.228092
v 0.507343 0.0693135 -0.221823
v 0.499383 0.0793339 -0.215616
v 0.491371 0.0893523 -0.209462
v 0.489719 0.0994241 -0.208249
v 0.552209 -0.00081032 -0.258633
v 0.546469 0.00921684 -0.253744
v 0.53876 0.0192349 -0.247248
v 0.530995 0.0292549 -0.240805
v 0.523187 0.0392724 -0.234423
v 0.515322 0.0492917 -0.228093
v 0.507411 0.0593131 -0.221826
v 0.499452 0.0693324 -0.215616
v 0.491443 0.0793498 -0.209462
v 0.483386 0.089369 -0.20337
v 0.481717 0.0994429 -0.202168
v 0.544583 -0.000798022 -0.252085
v 0.538821 0.00923433 -0.247253
v 0.53106 0.0192518 -0.240811
v 0.523251 0.0292714 -0.234428
v 0.515391 0.039289 -0.228099
v 0.50748 0.0493088 -0.221829
v 0.499522 0.0593267 -0.215615
v 0.491515 0.0693471 -0.209463
v 0.483458 0.0793655 -0.203367
v 0.475355 0.0893856 -0.197338
v 0.473671 0.0994575 -0.196144
v 0.536904 -0.000783087 -0.245592
v 0.531124 0.0092505 -0.240818
v 0.523316 0.0192676 -0.234433
v 0.515455 0.0292871 -0.228102
v 0.507549 0.0393049 -0.221832
v 0.499589 0.0493254 -0.215617
v 0.491586 0.0593444 -0.209465
v 0.48353 0.0693618 -0.203366
v 0.475428 0.0793812 -0.197332
v 0.467278 0.089402 -0.191364
v 0.465576 0.0994761 -0.19018
v 0.529175 -0.000765418 -0.239156
v 0.52338 0.00926531 -0.234438
v 0.515521 0.0192865 -0.22811
v 0.507616 0.029302 -0.221837
v 0.499658 0.0393247 -0.215624
v 0.491653 0.0493419 -0.209465
v 0.483599 0.059362 -0.203367
v 0.475502 0.0693805 -0.197332
v 0.467353 0.0794009 -0.19136
v 0.459153 0.0894181 -0.185448
v 0.45744 0.0994943 -0.184282
v 0.521401 -0.00074921 -0.232778
v 0.515588 0.00928324 -0.228117
v 0.507682 0.0193002 -0.221843
v 0.499725 0.0293204 -0.215627
v 0.491723 0.0393398 -0.20947
v 0.48367 0.0493581 -0.203368
v 0.475573 0.0593753 -0.197329
v 0.467426 0.0693949 -0.191352
v 0.459229 0.0794161 -0.185441
v 0.450987 0.0894336 -0.179598
v 0.449255 0.0995121 -0.178441
v 0.513582 -0.000734401 -0.226457
v 0.507749 0.0092958 -0.221848
v 0.499791 0.0193174 -0.215631
v 0.491793 0.0293342 -0.209474
v 0.483743 0.0393546 -0.203374
v 0.475646 0.0493742 -0.197333
v 0.467499 0.0593925 -0.191352
v 0.459304 0.0694131 -0.185435
v 0.451064 0.0794307 -0.179587
v 0.442769 0.0894527 -0.173807
v 0.441031 0.0995292 -0.17267
v 0.505718 -0.000720836 -0.220194
v 0.49986 0.00931588 -0.21564
v 0.491857 0.0193339 -0.209478
v 0.483812 0.0293518 -0.203378
v 0.475715 0.0393692 -0.197333
v 0.467572 0.04939 -0.191353
v 0.459378 0.0594094 -0.185432
v 0.45114 0.0694265 -0.179578
v 0.442852 0.0794488 -0.173796
v 0.43451 0.0894665 -0.16808
v 0.43276 0.0995456 -0.166959
v 0.497808 -0.000704127 -0.213994
v 0.491925 0.00933085 -0.209486
v 0.483879 0.0193498 -0.203385
v 0.475782 0.0293689 -0.197338
v 0.46764 0.0393876 -0.191353
v 0.459451 0.0494053 -0.185431
v 0.451213 0.0594256 -0.179574
v 0.442929 0.0694433 -0.173784
v 0.434594 0.0794616 -0.168065
v 0.426205 0.0894834 -0.162419
v 0.424444 0.0995609 -0.161313
v 0.489851 -0.000688535 -0.207849
v 0.483947 0.00934498 -0.203391
v 0.475852 0.0193652 -0.197346
v 0.46771 0.0293856 -0.19136
v 0.459523 0.0394011 -0.185433
v 0.451286 0.0494199 -0.179571
v 0.443002 0.0594409 -0.173778
v 0.434671 0.0694591 -0.168052
v 0.426288 0.0794817 -0.162402
v 0.417854 0.0894991 -0.156823
v 0.416085 0.0995795 -0.155737
v 0.48185 -0.000673968 -0.201764
v 0.475918 0.00936261 -0.197353
v 0.46778 0.0193798 -0.191367
v 0.459591 0.0294013 -0.18544
v 0.45136 0.039418 -0.179576
v 0.443078 0.0494377 -0.173778
v 0.434749 0.0594551 -0.168046
v 0.426366 0.0694778 -0.162386
v 0.417939 0.0794961 -0.156803
v 0.40946 0.0895133 -0.151294
v 0.407682 0.0995969 -0.150229
v 0.473804 -0.000660582 -0.195738
v 0.467847 0.00937925 -0.191378
v 0.459659 0.0193976 -0.185447
v 0.451428 0.029416 -0.179581
v 0.443148 0.0394338 -0.173777
v 0.43482 0.0494542 -0.168042
v 0.426446 0.0594721 -0.162378
v 0.418023 0.0694907 -0.156787
v 0.409546 0.0795133 -0.151273
v 0.40102 0.0895303 -0.145836
v 0.399239 0.099613 -0.144792
v 0.465709 -0.000644071 -0.189773
v 0.459726 0.00939464 -0.185458
v 0.451494 0.0194143 -0.17959
v 0.44322 0.0294296 -0.173785
v 0.434894 0.0394482 -0.168044
v 0.426521 0.0494693 -0.162375
v 0.418098 0.0594876 -0.156774
v 0.409628 0.0695064 -0.15125
v 0.401105 0.0795288 -0.145807
v 0.392532 0.0895455 -0.140441
v 0.390751 0.0996277 -0.139422
v 0.457576 -0.000628953 -0.183873
v 0.451565 0.00940868 -0.179603
v 0.443285 0.0194296 -0.173794
v 0.434965 0.0294459 -0.168051
v 0.426595 0.0394654 -0.162377
v 0.418175 0.0494827 -0.156769
v 0.409706 0.0595056 -0.15124
v 0.40119 0.0695244 -0.145787
v 0.392623 0.0795425 -0.140412
v 0.384004 0.0895631 -0.135123
v 0.382218 0.0996451 -0.134124
v 0.449394 -0.000615294 -0.178032
v 0.443353 0.00942551 -0.173808
v 0.435033 0.0194432 -0.168063
v 0.426666 0.0294606 -0.162383
v 0.418247 0.0394808 -0.156771
v 0.409784 0.0494986 -0.151233
v 0.401269 0.0595174 -0.145769
v 0.392705 0.0695405 -0.140388
v 0.384094 0.0795585 -0.135088
v 0.375428 0.0895788 -0.129872
v 0.373642 0.099661 -0.128898
v 0.441172 -0.000603311 -0.172256
v 0.435098 0.00944057 -0.168079
v 0.426732 0.0194594 -0.162395
v 0.418316 0.0294777 -0.156777
v 0.409855 0.0394985 -0.151235
v 0.401345 0.0495167 -0.145764
v 0.392787 0.0595357 -0.140373
v 0.384178 0.0695546 -0.13506
v 0.375521 0.0795724 -0.129834
v 0.366812 0.0895925 -0.124696
v 0.365024 0.0996794 -0.123747
v 0.432901 -0.000588783 -0.166543
v 0.426798 0.00945369 -0.162411
v 0.418383 0.0194736 -0.156789
v 0.409925 0.0294926 -0.15124
v 0.401419 0.0395097 -0.145762
v 0.392864 0.0495326 -0.140366
v 0.38426 0.0595518 -0.135045
v 0.375606 0.0695707 -0.129806
v 0.366902 0.0795884 -0.124652
v 0.358148 0.0896084 -0.119592
v 0.356363 0.0996962 -0.11867
v 0.424589 -0.000571921 -0.160902
v 0.41845 0.00946898 -0.156809
v 0.409994 0.0194899 -0.151257
v 0.401492 0.0295054 -0.145772
v 0.392938 0.0395273 -0.140364
v 0.384339 0.0495462 -0.135035
v 0.375687 0.0595655 -0.129784
v 0.36699 0.0695845 -0.124621
v 0.358242 0.0796022 -0.119545
v 0.34944 0.0896263 -0.114564
v 0.347661 0.0997112 -0.113666
v 0.416233 -0.000557167 -0.155324
v 0.410056 0.00948624 -0.151275
v 0.401555 0.0195038 -0.145785
v 0.393006 0.0295242 -0.140371
v 0.384412 0.0395424 -0.135035
v 0.375766 0.0495616 -0.129775
v 0.367071 0.0595811 -0.1246
v 0.358331 0.0696002 -0.119514
v 0.349537 0.0796179 -0.114514
v 0.340694 0.0896377 -0.109611
v 0.338916 0.0997287 -0.108742
v 0.407832 -0.000544712 -0.149812
v 0.401619 0.00950098 -0.145809
v 0.393074 0.0195194 -0.140388
v 0.384481 0.0295363 -0.13504
v 0.37584 0.0395549 -0.129772
v 0.367152 0.0495745 -0.124589
v 0.358411 0.0595942 -0.119486
v 0.349626 0.0696134 -0.114477
v 0.340787 0.0796355 -0.109559
v 0.331899 0.0896554 -0.104736
v 0.33013 0.0997443 -0.103894
v 0.39939 -0.000530354 -0.144373
v 0.393138 0.00951308 -0.140411
v 0.384548 0.0195324 -0.135058
v 0.375913 0.0295499 -0.129782
v 0.367227 0.039569 -0.124587
v 0.358492 0.0495889 -0.119475
v 0.349707 0.059609 -0.114449
v 0.340879 0.0696284 -0.109519
v 0.331996 0.0796507 -0.104681
v 0.323066 0.0896708 -0.0999415
v 0.321304 0.0997624 -0.099129
v 0.390901 -0.000518546 -0.138999
v 0.384611 0.00952669 -0.135083
v 0.375975 0.0195469 -0.129798
v 0.367295 0.029565 -0.124594
v 0.358563 0.0395846 -0.11947
v 0.349788 0.049605 -0.114439
v 0.340961 0.0596253 -0.109492
v 0.332086 0.0696451 -0.104637
v 0.323163 0.0796635 -0.0998806
v 0.314189 0.0896839 -0.0952239
v 0.312437 0.0997745 -0.094438
v 0.382372 -0.00050505 -0.133701
v 0.376036 0.00954165 -0.129824
v 0.36736 0.0195627 -0.124615
v 0.358634 0.0295815 -0.119483
v 0.349861 0.0395974 -0.114432
v 0.341038 0.0496182 -0.109472
v 0.332171 0.0596391 -0.104608
v 0.323251 0.0696592 -0.099833
v 0.314286 0.079678 -0.095159
v 0.305267 0.089699 -0.0905852
v 0.303529 0.0997932 -0.0898348
v 0.373799 -0.000494358 -0.128471
v 0.36742 0.00955792 -0.124643
v 0.358697 0.0195755 -0.119499
v 0.349929 0.029595 -0.114442
v 0.341115 0.0396115 -0.10947
v 0.332249 0.049633 -0.104589
v 0.323334 0.0596543 -0.0998
v 0.314377 0.0696707 -0.0951093
v 0.305366 0.0796944 -0.09052
v 0.296307 0.0897117 -0.0860303
v 0.294582 0.0998059 -0.0853092
v 0.365182 -0.000477815 -0.12332
v 0.35876 0.00957101 -0.119533
v 0.349994 0.0195895 -0.114464
v 0.341184 0.0296055 -0.109479
v 0.332323 0.039627 -0.104585
v 0.323415 0.0496448 -0.0997797
v 0.314458 0.0596668 -0.0950731
v 0.305456 0.0696882 -0.0904667
v 0.296405 0.0797083 -0.0859613
v 0.287303 0.0897264 -0.0815576
v 0.285595 0.0998212 -0.080869
v 0.356524 -0.000468613 -0.118238
v 0.350052 0.00958521 -0.114496
v 0.341246 0.0196003 -0.109499
v 0.332392 0.0296215 -0.104595
v 0.323489 0.0396395 -0.0997764
v 0.314541 0.0496581 -0.0950535
v 0.305541 0.0596809 -0.0904289
v 0.296496 0.0696988 -0.0859025
v 0.287403 0.0797198 -0.0814828
v 0.278264 0.0897389 -0.0771721
v 0.276569 0.0998347 -0.076512
v 0.347825 -0.000453674 -0.113238
v 0.341303 0.00959609 -0.109533
v 0.332454 0.0196166 -0.104616
v 0.323556 0.0296344 -0.0997845
v 0.314612 0.0396534 -0.0950477
v 0.305621 0.0496728 -0.0904066
v 0.296579 0.0596923 -0.0858615
v 0.287494 0.0697155 -0.0814264
v 0.278359 0.0797332 -0.0770901
v 0.269178 0.0897536 -0.0728685
v 0.267504 0.099851 -0.0722437
v 0.33908 -0.000441732 -0.108309
v 0.332513 0.00960804 -0.104651
v 0.323617 0.0196297 -0.0998078
v 0.314679 0.0296486 -0.0950574
v 0.305694 0.0396685 -0.0904021
v 0.296659 0.049689 -0.0858424
v 0.287576 0.0597096 -0.0813826
v 0.278449 0.0697296 -0.0770305
v 0.269276 0.0797486 -0.0727868
v 0.260054 0.089766 -0.068652
v 0.258398 0.0998657 -0.0680583
v 0.330297 -0.000432794 -0.103457
v 0.323676 0.009621 -0.0998446
v 0.314743 0.0196395 -0.0950806
v 0.30576 0.0296596 -0.0904075
v 0.296731 0.0396807 -0.0858334
v 0.287656 0.0497024 -0.0813587
v 0.278536 0.0597199 -0.0769854
v 0.269368 0.0697413 -0.072722
v 0.260153 0.0797618 -0.0685669
v 0.25089 0.0897808 -0.0645245
v 0.249258 0.0998791 -0.063963
v 0.321473 -0.000418163 -0.0986913
v 0.314799 0.00963498 -0.0951218
v 0.305822 0.0196548 -0.0904349
v 0.296796 0.0296762 -0.0858428
v 0.28773 0.0396943 -0.0813513
v 0.278614 0.049713 -0.0769591
v 0.269452 0.0597363 -0.0726764
v 0.260245 0.0697549 -0.0684993
v 0.250991 0.0797728 -0.0644341
v 0.24169 0.0897937 -0.0604874
v 0.240082 0.0998912 -0.0599576
v 0.312605 -0.000406471 -0.0939987
v 0.305875 0.00964994 -0.090475
v 0.296861 0.0196669 -0.0858703
v 0.287796 0.0296898 -0.0813626
v 0.278684 0.0397094 -0.0769517
v 0.269529 0.0497296 -0.0726477
v 0.260327 0.0597501 -0.068451
v 0.251079 0.0697662 -0.0643599
v 0.241788 0.079786 -0.0603903
v 0.23245 0.0898048 -0.056537
v 0.230867 0.0999021 -0.0560384
v 0.303703 -0.000397697 -0.0893908
v 0.296915 0.00966165 -0.0859128
v 0.287854 0.0196802 -0.0813847
v 0.27875 0.0297003 -0.076959
v 0.269599 0.0397216 -0.0726361
v 0.260403 0.0497435 -0.0684201
v 0.251165 0.0597616 -0.0643129
v 0.241876 0.0697796 -0.0603134
v 0.232549 0.0797973 -0.0564371
v 0.22317 0.0898186 -0.0526791
v 0.221616 0.0999164 -0.0522148
v 0.294756 -0.000387434 -0.0848619
v 0.287908 0.00967443 -0.08143
v 0.278811 0.0196948 -0.0769896
v 0.269665 0.0297167 -0.0726478
v 0.260476 0.0397354 -0.0684104
v 0.25124 0.0497549 -0.0642799
v 0.241962 0.059775 -0.0602641
v 0.232636 0.0697953 -0.0563598
v 0.223267 0.0798112 -0.0525726
v 0.213859 0.0898266 -0.0489128
v 0.212333 0.0999257 -0.0484823
v 0.285769 -0.000371221 -0.0804218
v 0.278862 0.0096884 -0.0770338
v 0.269726 0.0197063 -0.0726749
v 0.26054 0.0297301 -0.0684206
v 0.25131 0.0397509 -0.0642706
v 0.242037 0.0497682 -0.0602291
v 0.23272 0.0597863 -0.0563024
v 0.22336 0.0698048 -0.0524946
v 0.213954 0.0798234 -0.048806
v 0.204503 0.089842 -0.045241
v 0.20301 0.0999388 -0.0448414
v 0.276748 -0.000362097 -0.0760636
v 0.269778 0.00969923 -0.072722
v 0.260597 0.0197236 -0.0684486
v 0.251375 0.0297408 -0.0642772
v 0.242106 0.0397638 -0.0602182
v 0.232796 0.0497836 -0.0562715
v 0.223439 0.0597998 -0.0524336
v 0.214041 0.0698168 -0.0487182
v 0.204599 0.0798342 -0.0451259
v 0.195115 0.089852 -0.0416606
v 0.193655 0.0999516 -0.0412974
v 0.267681 -0.000346819 -0.07179
v 0.26065 0.00971578 -0.0684987
v 0.251433 0.0197337 -0.0643079
v 0.242171 0.0297577 -0.0602294
v 0.232867 0.0397744 -0.0562568
v 0.223515 0.0497967 -0.0524009
v 0.214122 0.0598158 -0.0486613
v 0.204689 0.0698315 -0.045042
v 0.19521 0.0798481 -0.0415456
v 0.185693 0.0898612 -0.0381777
v 0.184268 0.0999644 -0.0378502
v 0.258579 -0.000334049 -0.067604
v 0.251482 0.00972939 -0.0643595
v 0.242228 0.0197498 -0.0602592
v 0.232925 0.029772 -0.0562653
v 0.223583 0.0397913 -0.0523871
v 0.214197 0.0498078 -0.0486212
v 0.204769 0.0598256 -0.0449775
v 0.195297 0.0698447 -0.0414562
v 0.185784 0.0798609 -0.0380592
v 0.176235 0.0898741 -0.0347943
v 0.174846 0.0999731 -0.0344937
v 0.249443 -0.000323638 -0.0635055
v 0.242275 0.0097446 -0.0603102
v 0.232985 0.0197633 -0.0562981
v 0.223647 0.0297838 -0.0523961
v 0.214265 0.0398017 -0.0486061
v 0.204843 0.0498213 -0.0449381
v 0.195379 0.0598381 -0.0413902
v 0.185873 0.0698566 -0.0379683
v 0.176325 0.0798728 -0.0346704
v 0.166743 0.0898867 -0.0315081
v 0.165392 0.0999867 -0.0312397
v 0.240268 -0.000311015 -0.0594965
v 0.23303 0.00975706 -0.0563485
v 0.223699 0.0197786 -0.0524266
v 0.214326 0.0297977 -0.0486164
v 0.204909 0.0398187 -0.0449242
v 0.195453 0.0498328 -0.0413497
v 0.185952 0.059849 -0.0378972
v 0.176412 0.0698675 -0.0345744
v 0.166831 0.0798841 -0.0313792
v 0.157215 0.0898991 -0.0283193
v 0.155904 0.100001 -0.0280822
v 0.231054 -0.000296075 -0.055577
v 0.223747 0.0097713 -0.0524804
v 0.214382 0.0197915 -0.0486501
v 0.20497 0.0298138 -0.0449338
v 0.195519 0.0398293 -0.0413349
v 0.186025 0.0498471 -0.037858
v 0.17649 0.0598631 -0.0345045
v 0.166916 0.0698775 -0.0312784
v 0.157306 0.0798951 -0.0281893
v 0.147656 0.0899118 -0.0252314
v 0.146388 0.100012 -0.0250228
v 0.221806 -0.000283143 -0.0517485
v 0.214427 0.0097874 -0.0487059
v 0.205025 0.0198064 -0.044967
v 0.19558 0.0298232 -0.0413439
v 0.186089 0.0398424 -0.0378387
v 0.176561 0.0498599 -0.0344607
v 0.166994 0.0598761 -0.0312099
v 0.157387 0.0698912 -0.0280861
v 0.147746 0.079906 -0.0250969
v 0.138066 0.0899206 -0.0222424
v 0.136841 0.10003 -0.0220696
v 0.212521 -0.00026766 -0.0480133
v 0.205069 0.00980104 -0.0450228
v 0.19563 0.019819 -0.0413753
v 0.186148 0.0298395 -0.0378495
v 0.176629 0.0398539 -0.0344448
v 0.167066 0.0498715 -0.0311656
v 0.157466 0.0598837 -0.0280111
v 0.147825 0.0699002 -0.0249895
v 0.138152 0.079917 -0.0221059
v 0.128441 0.0899346 -0.0193566
v 0.127264 0.100044 -0.0192144
v 0.203204 -0.000253994 -0.0443728
v 0.195675 0.00981655 -0.0414372
v 0.186201 0.0198338 -0.0378847
v 0.176685 0.0298494 -0.0344517
v 0.167128 0.0398638 -0.0311419
v 0.157533 0.0498818 -0.027965
v 0.147904 0.0598952 -0.0249165
v 0.138235 0.069909 -0.0219983
v 0.12853 0.0799284 -0.0192201
v 0.11879 0.0899498 -0.0165794
v 0.117661 0.100057 -0.0164609
v 0.193851 -0.000242184 -0.0408235
v 0.186246 0.00982982 -0.0379469
v 0.176736 0.0198466 -0.0344892
v 0.167186 0.0298622 -0.0311548
v 0.157598 0.0398768 -0.0279473
v 0.147969 0.0498914 -0.0248665
v 0.138305 0.0599062 -0.02192
v 0.128608 0.0699223 -0.0191112
v 0.118873 0.0799406 -0.0164358
v 0.109106 0.0899619 -0.0139012
v 0.108028 0.100072 -0.0138115
v 0.184461 -0.000227555 -0.0373714
v 0.176777 0.00984094 -0.0345479
v 0.167234 0.0198576 -0.0311888
v 0.157652 0.0298689 -0.0279506
v 0.148031 0.0398844 -0.0248452
v 0.138372 0.0499001 -0.0218704
v 0.128679 0.0599125 -0.0190273
v 0.11895 0.0699315 -0.0163236
v 0.109188 0.0799492 -0.0137547
v 0.099396 0.0899709 -0.0113301
v 0.0983688 0.10009 -0.0112705
v 0.175044 -0.000218798 -0.0340157
v 0.167279 0.00985004 -0.031252
v 0.157703 0.0198669 -0.0279912
v 0.148089 0.029879 -0.024855
v 0.138437 0.039891 -0.0218496
v 0.128747 0.0499084 -0.0189804
v 0.119021 0.0599233 -0.0162428
v 0.109265 0.0699412 -0.0136459
v 0.0994725 0.0799631 -0.0111856
v 0.0896535 0.0899812 -0.00886474
v 0.0886825 0.100101 -0.00882982
v 0.165589 -0.000206865 -0.0307572
v 0.157742 0.00986182 -0.0280535
v 0.148133 0.0198749 -0.0248886
v 0.138489 0.0298878 -0.0218584
v 0.128807 0.0399013 -0.0189588
v 0.119087 0.0499163 -0.0161931
v 0.109335 0.0599296 -0.0135623
v 0.0995481 0.0699513 -0.0110744
v 0.0897322 0.0799691 -0.00872196
v 0.0798878 0.089989 -0.00651046
v 0.0789729 0.100106 -0.0064933
v 0.156108 -0.000200444 -0.0275991
v 0.148177 0.00986769 -0.0249558
v 0.138535 0.0198816 -0.0218929
v 0.12886 0.0298912 -0.0189625
v 0.119145 0.0399065 -0.0161686
v 0.109399 0.0499196 -0.01351
v 0.0996162 0.0599362 -0.0109884
v 0.0898041 0.0699575 -0.00861102
v 0.0799625 0.0799764 -0.00636845
v 0.0700938 0.0899941 -0.00426414
v 0.0692347 0.100115 -0.00426572
v 0.146594 -0.000194685 -0.0245398
v 0.138576 0.0098721 -0.0219574
v 0.128907 0.0198826 -0.0189981
v 0.119194 0.0298983 -0.0161719
v 0.109453 0.0399114 -0.0134852
v 0.0996767 0.0499274 -0.010936
v 0.0898687 0.0599431 -0.00852527
v 0.0800328 0.0699603 -0.00625593
v 0.0701643 0.0799806 -0.00412331
v 0.0602737 0.0899927 -0.00212334
v 0.0594779 0.100114 -0.00214436
v 0.137047 -0.000189655 -0.0215794
v 0.128944 0.00987524 -0.0190623
v 0.119243 0.0198873 -0.0162088
v 0.109505 0.0299006 -0.0134897
v 0.0997326 0.0399117 -0.0109065
v 0.0899282 0.0499308 -0.00847063
v 0.0800939 0.0599461 -0.00617071
v 0.0702306 0.0699637 -0.00401196
v 0.0603432 0.0799773 -0.00198838
v 0.050428 0.0899892 -9.46783e-05
v 0.0496929 0.100109 -0.00012356
v 0.127476 -0.000189507 -0.0187235
v 0.119282 0.00987736 -0.0162745
v 0.109549 0.0198869 -0.0135204
v 0.0997808 0.0299027 -0.0109108
v 0.0899813 0.0399166 -0.00844101
v 0.0801529 0.0499303 -0.00611404
v 0.0702924 0.0599496 -0.00393138
v 0.060407 0.0699639 -0.00188473
v 0.050494 0.0799759 3.16454e-05
v 0.0405635 0.0899863 0.00181978
v 0.039891 0.100105 0.00178417
v 0.117872 -0.000194005 -0.0159645
v 0.109587 0.00987906 -0.0135899
v 0.0998277 0.0198866 -0.0109429
v 0.0900315 0.0299005 -0.00844065
v 0.0802036 0.0399176 -0.00608439
v 0.0703488 0.0499346 -0.00387518
v 0.0604654 0.0599494 -0.00180545
v 0.0505548 0.069965 0.000126765
v 0.0406222 0.0799782 0.00193385
v 0.0306742 0.0899892 0.00362159
v 0.0300687 0.10011 0.00358195
v 0.108241 -0.000198035 -0.0133121
v 0.0998615 0.00987632 -0.0110062
v 0.090076 0.0198866 -0.00847244
v 0.0802521 0.0299036 -0.00608377
v 0.0704003 0.0399192 -0.00384319
v 0.0605199 0.0499352 -0.00174971
v 0.0506101 0.05995 0.000204541
v 0.0406778 0.0699647 0.00202586
v 0.030727 0.0799809 0.00372482
v 0.0207582 0.0900095 0.00530788
v 0.0202251 0.100125 0.00526914
v 0.0985822 -0.000200716 -0.010766
v 0.0901099 0.00987443 -0.00853327
v 0.0802936 0.0198878 -0.00610893
v 0.0704464 0.0299031 -0.00383593
v 0.0605667 0.0399216 -0.00171375
v 0.0506628 0.0499363 0.000259436
v 0.040731 0.0599527 0.00209515
v 0.0307796 0.0699728 0.00380041
v 0.0208067 0.0799992 0.00539459
v 0.0108325 0.0900489 0.0068637
v 0.0103821 0.100177 0.00682993
v 0.088899 -0.000205826 -0.00832383
v 0.0803324 0.00987399 -0.00617099
v 0.0704878 0.0198905 -0.00386033
v 0.0606133 0.0299086 -0.00170568
v 0.0507101 0.0399252 0.000295842
v 0.0407805 0.0499444 0.00214697
v 0.0308269 0.0599636 0.00386472
v 0.0208586 0.0699915 0.00545555
v 0.0108818 0.0800337 0.0069373
v 3.38436e-06 0.0900221 -0.000203795
v 0.00033535 0.10018 0.00482922
v 0.0791852 -0.000207784 -0.00598343
v 0.0705212 0.00987581 -0.00391133
v 0.0606567 0.0198908 -0.00172038
v 0.0507568 0.0299112 0.000311194
v 0.0408265 0.0399307 0.00218952
v 0.0308744 0.049955 0.00391475
v 0.0209023 0.0599839 0.00550968
v 0.0109199 0.0700288 0.006987
v 1.19156e-06 0.0800179 -0.000200053
v 0.0694548 -0.000210374 -0.00375417
v 0.0606902 0.00987595 -0.00176381
v 0.0507954 0.0198983 0.000306197
v 0.040873 0.0299213 0.00221058
v 0.030923 0.0399444 0.00395801
v 0.0209496 0.0499758 0.00555844
v 0.0109619 0.0600202 0.00703866
v 3.90433e-06 0.0700137 -0.000201087
v 0.0596944 -0.000207884 -0.00162607
v 0.0508312 0.00988452 0.000271263
v 0.0409107 0.0199094 0.00221809
v 0.030963 0.0299342 0.00399414
v 0.0209914 0.039967 0.005609
v 0.0110043 0.0500121 0.00708929
v 1.03302e-06 0.0600142 -0.00020153
v 0.0499119 -0.000199526 0.000393112
v 0.0409526 0.00989305 0.00219446
v 0.0310063 0.0199249 0.00401129
v 0.0210362 0.0299581 0.00565384
v 0.0110475 0.0400048 0.00713902
v 1.0652e-06 0.0500109 -0.000200757
v 0.0401105 -0.000188461 0.00230623
v 0.0310444 0.00991651 0.00400326
v 0.0210742 0.0199487 0.00568625
v 0.0110861 0.029998 0.00719101
v 1.46433e-06 0.0400083 -0.000201209
v 0.000687538 -5.75371e-05 0.0087812
v 0.010591 -0.000114695 0.00736341
v 3.81573e-06 0.00999926 -0.000202364
v 0.0204483 -0.000138736 0.00579577
v 0.0111615 0.00997544 0.00726496
v 9.77972e-07 0.0200022 -0.000199941
v 0.0302887 -0.000165685 0.00410404
v 0.0211154 0.00994042 0.0056994
v 0.0111281 0.019992 0.00723742
v 2.05529e-06 0.0300069 -0.000202996
v 0.818419 0.0786377 -0.559423
v 0.807998 0.0786311 -0.554216
v 0.802576 0.088634 -0.545863
v 0.802547 0.0986496 -0.545859
v 0.818401 0.0886495 -0.559457
v 0.807987 0.0886347 -0.554238
v 0.808002 0.0986518 -0.554298
v 0.814003 0.0986655 -0.562391
v -0.0136261 0.0161018 -0.107763
v -0.0245271 0.0161018 -0.107763
v -0.0245271 -0.00143216 -0.107763
v -0.0136261 -0.00143216 -0.107763
v -0.023966 -0.00048418 -0.107763
v -0.0231244 -0.00048418 -0.107763
v -0.0231244 0.00046353 -0.107763
v -0.023966 0.00046353 -0.107763
v -0.023966 0.00046353 -0.107763
v -0.0231244 0.00046353 -0.107763
v -0.0231244 0.00141124 -0.107763
v -0.023966 0.00141124 -0.107763
v -0.023966 0.00141124 -0.107763
v -0.0231244 0.00141124 -0.107763
v -0.0231244 0.00235896 -0.107763
v -0.023966 0.00235896 -0.107763
v -0.023966 0.00235896 -0.107763
v -0.0231244 0.00235896 -0.107763
v -0.0231244 0.00330693 -0.107763
v -0.023966 0.00330693 -0.107763
v -0.023966 0.00330693 -0.107763
v -0.0231244 0.00330693 -0.107763
v -0.0231244 0.00425464 -0.107763
v -0.023966 0.00425464 -0.107763
v -0.023966 0.00425464 -0.107763
v -0.0231244 0.00425464 -0.107763
v -0.0231244 0.00520236 -0.107763
v -0.023966 0.00520236 -0.107763
v -0.023966 0.00520236 -0.107763
v -0.0231244 0.00520236 -0.107763
v -0.0231244 0.00615007 -0.107763
v -0.023966 0.00615007 -0.107763
v -0.023966 0.00615007 -0.107763
v -0.0231244 0.00615007 -0.107763
v -0.0231244 0.00709778 -0.107763
v -0.023966 0.00709778 -0.107763
v -0.023966 0.00709778 -0.107763
v -0.0231244 0.00709778 -0.107763
v -0.0231244 0.00804576 -0.107763
v -0.023966 0.00804576 -0.107763
v -0.023966 0.00804576 -0.107763
v -0.0231244 0.00804576 -0.107763
v -0.0231244 0.00899347 -0.107763
v -0.023966 0.00899347 -0.107763
v -0.023966 0.00899347 -0.107763
v -0.0231244 0.00899347 -0.107763
v -0.0231244 0.00994118 -0.107763
v -0.023966 0.00994118 -0.107763
v -0.023966 0.00994118 -0.107763
v -0.0231244 0.00994118 -0.107763
v -0.0231244 0.0108889 -0.107763
v -0.023966 0.0108889 -0.107763
v -0.023966 -0.00048418 -0.107763
v -0.0228438 -0.00048418 -0.107763
v -0.023966 0.00046353 -0.107763
v -0.0228438 0.00046353 -0.107763
v -0.023966 0.00141124 -0.107763
v -0.0228438 0.00141124 -0.107763
v -0.023966 0.00235896 -0.107763
v -0.0228438 0.00235896 -0.107763
v -0.023966 0.00330693 -0.107763
v -0.0228438 0.00330693 -0.107763
v -0.023966 0.00425464 -0.107763
v -0.0228438 0.00425464 -0.107763
v -0.023966 0.00520236 -0.107763
v -0.0228438 0.00520236 -0.107763
v -0.023966 0.00615007 -0.107763
v -0.0228438 0.00615007 -0.107763
v -0.023966 0.00709778 -0.107763
v -0.0228438 0.00709778 -0.107763
v -0.023966 0.00804576 -0.107763
v -0.0228438 0.00804576 -0.107763
v -0.023966 0.00899347 -0.107763
v -0.0228438 0.00899347 -0.107763
v -0.023966 0.00994118 -0.107763
v -0.0228438 0.00994118 -0.107763
v -0.023966 0.0108889 -0.107763
v -0.0228438 0.0108889 -0.107763
v -0.0231244 0.0108889 -0.107763
v -0.0231244 -0.00048418 -0.107763

#List of body polygons
f 1 2 3
f 1 3 4
f 5 6 2
f 5 2 1
f 7 8 6
f 7 6 5
f 9 10 8
f 9 8 7
f 11 12 10
f 11 10 9
f 13 14 12
f 13 12 11
f 15 16 14
f 15 14 13
f 17 18 16
f 17 16 15
f 19 20 18
f 19 18 17
f 21 22 20
f 21 20 19
f 23 24 22
f 23 22 21
f 25 26 24
f 25 24 23
f 27 28 26
f 27 26 25
f 29 30 28
f 29 28 27
f 31 32 30
f 31 30 29
f 33 34 32
f 33 32 31
f 35 36 34
f 35 34 33
f 37 38 36
f 37 36 35
f 39 40 38
f 39 38 37
f 41 42 40
f 41 40 39
f 43 44 42
f 43 42 41
f 45 46 44
f 45 44 43
f 47 48 46
f 47 46 45
f 49 50 48
f 49 48 47
f 51 52 50
f 51 50 49
f 53 54 52
f 53 52 51
f 55 56 54
f 55 54 53
f 57 58 56
f 57 56 55
f 59 60 58
f 59 58 57
f 61 62 60
f 61 60 59
f 63 64 62
f 63 62 61
f 65 66 64
f 65 64 63
f 67 68 66
f 67 66 65
f 69 70 68
f 69 68 67
f 71 72 70
f 71 70 69
f 73 74 72
f 73 72 71
f 75 76 74
f 75 74 73
f 77 78 76
f 77 76 75
f 79 80 78
f 79 78 77
f 81 82 80
f 81 80 79
f 83 84 82
f 83 82 81
f 85 86 84
f 85 84 83
f 87 88 86
f 87 86 85
f 89 90 88
f 89 88 87
f 91 92 90
f 91 90 89
f 93 94 92
f 93 92 91
f 95 96 94
f 95 94 93
f 97 98 96
f 97 96 95
f 99 100 98
f 99 98 97
f 101 102 100
f 101 100 99
f 103 104 102
f 103 102 101
f 105 106 104
f 105 104 103
f 107 108 106
f 107 106 105
f 108 109 110
f 109 107 113
f 109 108 107
f 2 265 266
f 2 266 3
f 6 267 265
f 6 265 2
f 8 268 267
f 8 267 6
f 10 269 268
f 10 268 8
f 12 270 269
f 12 269 10
f 14 271 270
f 14 270 12
f 16 272 271
f 16 271 14
f 18 273 272
f 18 272 16
f 20 274 273
f 20 273 18
f 22 275 274
f 22 274 20
f 24 276 275
f 24 275 22
f 26 277 276
f 26 276 24
f 28 278 277
f 28 277 26
f 30 279 278
f 30 278 28
f 32 280 279
f 32 279 30
f 34 281 280
f 34 280 32
f 36 282 281
f 36 281 34
f 38 283 282
f 38 282 36
f 40 284 283
f 40 283 38
f 42 285 284
f 42 284 40
f 44 286 285
f 44 285 42
f 46 287 286
f 46 286 44
f 48 288 287
f 48 287 46
f 50 289 288
f 50 288 48
f 52 290 289
f 52 289 50
f 54 291 290
f 54 290 52
f 56 292 291
f 56 291 54
f 58 293 292
f 58 292 56
f 60 294 293
f 60 293 58
f 62 295 294
f 62 294 60
f 64 296 295
f 64 295 62
f 66 297 296
f 66 296 64
f 68 298 297
f 68 297 66
f 70 299 298
f 70 298 68
f 72 300 299
f 72 299 70
f 74 301 300
f 74 300 72
f 76 302 301
f 76 301 74
f 78 303 302
f 78 302 76
f 80 304 303
f 80 303 78
f 82 305 304
f 82 304 80
f 84 306 305
f 84 305 82
f 86 307 306
f 86 306 84
f 88 308 307
f 88 307 86
f 90 309 308
f 90 308 88
f 92 310 309
f 92 309 90
f 94 311 310
f 94 310 92
f 96 312 311
f 96 311 94
f 98 313 312
f 98 312 96
f 100 314 313
f 100 313 98
f 102 315 314
f 102 314 100
f 104 316 315
f 104 315 102
f 106 317 316
f 106 316 104
f 108 318 317
f 108 317 106
f 319 318 320
f 319 321 318
f 320 108 110
f 320 318 108
f 322 321 323
f 322 324 321
f 321 319 323
f 325 324 326
f 325 327 324
f 324 322 326
f 327 328 329
f 327 325 328
f 265 426 427
f 265 427 266
f 267 428 426
f 267 426 265
f 268 429 428
f 268 428 267
f 269 430 429
f 269 429 268
f 270 431 430
f 270 430 269
f 271 432 431
f 271 431 270
f 272 433 432
f 272 432 271
f 273 434 433
f 273 433 272
f 274 435 434
f 274 434 273
f 275 436 435
f 275 435 274
f 276 437 436
f 276 436 275
f 277 438 437
f 277 437 276
f 278 439 438
f 278 438 277
f 279 440 439
f 279 439 278
f 280 441 440
f 280 440 279
f 281 442 441
f 281 441 280
f 282 443 442
f 282 442 281
f 283 444 443
f 283 443 282
f 284 445 444
f 284 444 283
f 285 446 445
f 285 445 284
f 286 447 446
f 286 446 285
f 287 448 447
f 287 447 286
f 288 449 448
f 288 448 287
f 289 450 449
f 289 449 288
f 290 451 450
f 290 450 289
f 291 452 451
f 291 451 290
f 292 453 452
f 292 452 291
f 293 454 453
f 293 453 292
f 294 455 454
f 294 454 293
f 295 456 455
f 295 455 294
f 296 457 456
f 296 456 295
f 297 458 457
f 297 457 296
f 298 459 458
f 298 458 297
f 299 460 459
f 299 459 298
f 300 461 460
f 300 460 299
f 301 462 461
f 301 461 300
f 302 463 462
f 302 462 301
f 303 464 463
f 303 463 302
f 304 465 464
f 304 464 303
f 305 466 465
f 305 465 304
f 306 467 466
f 306 466 305
f 307 468 467
f 307 467 306
f 308 469 468
f 308 468 307
f 309 470 469
f 309 469 308
f 310 471 470
f 310 470 309
f 311 472 471
f 311 471 310
f 312 473 472
f 312 472 311
f 313 474 473
f 313 473 312
f 314 475 474
f 314 474 313
f 315 476 475
f 315 475 314
f 316 477 476
f 316 476 315
f 317 478 477
f 317 477 316
f 318 479 478
f 318 478 317
f 321 480 479
f 321 479 318
f 324 481 480
f 324 480 321
f 327 482 481
f 327 481 324
f 483 482 484
f 483 485 482
f 484 327 329
f 484 482 327
f 486 485 487
f 486 488 485
f 485 483 487
f 489 488 490
f 489 491 488
f 488 486 490
f 491 492 493
f 491 489 492
f 426 587 588
f 426 588 427
f 428 589 587
f 428 587 426
f 429 590 589
f 429 589 428
f 430 591 590
f 430 590 429
f 431 592 591
f 431 591 430
f 432 593 592
f 432 592 431
f 433 594 593
f 433 593 432
f 434 595 594
f 434 594 433
f 435 596 595
f 435 595 434
f 436 597 596
f 436 596 435
f 437 598 597
f 437 597 436
f 438 599 598
f 438 598 437
f 439 600 599
f 439 599 438
f 440 601 600
f 440 600 439
f 441 602 601
f 441 601 440
f 442 603 602
f 442 602 441
f 443 604 603
f 443 603 442
f 444 605 604
f 444 604 443
f 445 606 605
f 445 605 444
f 446 607 606
f 446 606 445
f 447 608 607
f 447 607 446
f 448 609 608
f 448 608 447
f 449 610 609
f 449 609 448
f 450 611 610
f 450 610 449
f 451 612 611
f 451 611 450
f 452 613 612
f 452 612 451
f 453 614 613
f 453 613 452
f 454 615 614
f 454 614 453
f 455 616 615
f 455 615 454
f 456 617 616
f 456 616 455
f 457 618 617
f 457 617 456
f 458 619 618
f 458 618 457
f 459 620 619
f 459 619 458
f 460 621 620
f 460 620 459
f 461 622 621
f 461 621 460
f 462 623 622
f 462 622 461
f 463 624 623
f 463 623 462
f 464 625 624
f 464 624 463
f 465 626 625
f 465 625 464
f 466 627 626
f 466 626 465
f 467 628 627
f 467 627 466
f 468 629 628
f 468 628 467
f 469 630 629
f 469 629 468
f 470 631 630
f 470 630 469
f 471 632 631
f 471 631 470
f 472 633 632
f 472 632 471
f 473 634 633
f 473 633 472
f 474 635 634
f 474 634 473
f 475 636 635
f 475 635 474
f 476 637 636
f 476 636 475
f 477 638 637
f 477 637 476
f 478 639 638
f 478 638 477
f 479 640 639
f 479 639 478
f 480 641 640
f 480 640 479
f 481 642 641
f 481 641 480
f 482 643 642
f 482 642 481
f 485 644 643
f 485 643 482
f 488 645 644
f 488 644 485
f 491 646 645
f 491 645 488
f 647 646 648
f 647 649 646
f 648 491 493
f 648 646 491
f 650 649 651
f 650 652 649
f 649 647 651
f 653 652 654
f 653 655 652
f 652 650 654
f 655 656 657
f 655 653 656
f 587 726 727
f 587 727 588
f 589 728 726
f 589 726 587
f 590 729 728
f 590 728 589
f 591 730 729
f 591 729 590
f 592 731 730
f 592 730 591
f 593 732 731
f 593 731 592
f 594 733 732
f 594 732 593
f 595 734 733
f 595 733 594
f 596 735 734
f 596 734 595
f 597 736 735
f 597 735 596
f 598 737 736
f 598 736 597
f 599 738 737
f 599 737 598
f 600 739 738
f 600 738 599
f 601 740 739
f 601 739 600
f 602 741 740
f 602 740 601
f 603 742 741
f 603 741 602
f 604 743 742
f 604 742 603
f 605 744 743
f 605 743 604
f 606 745 744
f 606 744 605
f 607 746 745
f 607 745 606
f 608 747 746
f 608 746 607
f 609 748 747
f 609 747 608
f 610 749 748
f 610 748 609
f 611 750 749
f 611 749 610
f 612 751 750
f 612 750 611
f 613 752 751
f 613 751 612
f 614 753 752
f 614 752 613
f 615 754 753
f 615 753 614
f 616 755 754
f 616 754 615
f 617 756 755
f 617 755 616
f 618 757 756
f 618 756 617
f 619 758 757
f 619 757 618
f 620 759 758
f 620 758 619
f 621 760 759
f 621 759 620
f 622 761 760
f 622 760 621
f 623 762 761
f 623 761 622
f 624 763 762
f 624 762 623
f 625 764 763
f 625 763 624
f 626 765 764
f 626 764 625
f 627 766 765
f 627 765 626
f 628 767 766
f 628 766 627
f 629 768 767
f 629 767 628
f 630 769 768
f 630 768 629
f 631 770 769
f 631 769 630
f 632 771 770
f 632 770 631
f 633 772 771
f 633 771 632
f 634 773 772
f 634 772 633
f 635 774 773
f 635 773 634
f 636 775 774
f 636 774 635
f 637 776 775
f 637 775 636
f 638 777 776
f 638 776 637
f 639 778 777
f 639 777 638
f 640 779 778
f 640 778 639
f 641 780 779
f 641 779 640
f 642 781 780
f 642 780 641
f 643 782 781
f 643 781 642
f 644 783 782
f 644 782 643
f 645 784 783
f 645 783 644
f 646 785 784
f 646 784 645
f 649 786 785
f 649 785 646
f 652 787 786
f 652 786 649
f 655 788 787
f 655 787 652
f 789 788 790
f 789 791 788
f 790 655 657
f 790 788 655
f 791 792 793
f 791 789 792
f 726 845 846
f 726 846 727
f 728 847 845
f 728 845 726
f 729 848 847
f 729 847 728
f 730 849 848
f 730 848 729
f 731 850 849
f 731 849 730
f 732 851 850
f 732 850 731
f 733 852 851
f 733 851 732
f 734 853 852
f 734 852 733
f 735 854 853
f 735 853 734
f 736 855 854
f 736 854 735
f 737 856 855
f 737 855 736
f 738 857 856
f 738 856 737
f 739 858 857
f 739 857 738
f 740 859 858
f 740 858 739
f 741 860 859
f 741 859 740
f 742 861 860
f 742 860 741
f 743 862 861
f 743 861 742
f 744 863 862
f 744 862 743
f 745 864 863
f 745 863 744
f 746 865 864
f 746 864 745
f 747 866 865
f 747 865 746
f 748 867 866
f 748 866 747
f 749 868 867
f 749 867 748
f 750 869 868
f 750 868 749
f 751 870 869
f 751 869 750
f 752 871 870
f 752 870 751
f 753 872 871
f 753 871 752
f 754 873 872
f 754 872 753
f 755 874 873
f 755 873 754
f 756 875 874
f 756 874 755
f 757 876 875
f 757 875 756
f 758 877 876
f 758 876 757
f 759 878 877
f 759 877 758
f 760 879 878
f 760 878 759
f 761 880 879
f 761 879 760
f 762 881 880
f 762 880 761
f 763 882 881
f 763 881 762
f 764 883 882
f 764 882 763
f 765 884 883
f 765 883 764
f 766 885 884
f 766 884 765
f 767 886 885
f 767 885 766
f 768 887 886
f 768 886 767
f 769 888 887
f 769 887 768
f 770 889 888
f 770 888 769
f 771 890 889
f 771 889 770
f 772 891 890
f 772 890 771
f 773 892 891
f 773 891 772
f 774 893 892
f 774 892 773
f 775 894 893
f 775 893 774
f 776 895 894
f 776 894 775
f 777 896 895
f 777 895 776
f 778 897 896
f 778 896 777
f 779 898 897
f 779 897 778
f 780 899 898
f 780 898 779
f 781 900 899
f 781 899 780
f 782 901 900
f 782 900 781
f 783 902 901
f 783 901 782
f 784 903 902
f 784 902 783
f 785 904 903
f 785 903 784
f 786 905 904
f 786 904 785
f 787 906 905
f 787 905 786
f 788 907 906
f 788 906 787
f 909 791 910
f 909 907 791
f 791 907 788
f 791 793 910
f 845 962 963
f 845 963 846
f 847 964 962
f 847 962 845
f 848 965 964
f 848 964 847
f 849 966 965
f 849 965 848
f 850 967 966
f 850 966 849
f 851 968 967
f 851 967 850
f 852 969 968
f 852 968 851
f 853 970 969
f 853 969 852
f 854 971 970
f 854 970 853
f 855 972 971
f 855 971 854
f 856 973 972
f 856 972 855
f 857 974 973
f 857 973 856
f 858 975 974
f 858 974 857
f 859 976 975
f 859 975 858
f 860 977 976
f 860 976 859
f 861 978 977
f 861 977 860
f 862 979 978
f 862 978 861
f 863 980 979
f 863 979 862
f 864 981 980
f 864 980 863
f 865 982 981
f 865 981 864
f 866 983 982
f 866 982 865
f 867 984 983
f 867 983 866
f 868 985 984
f 868 984 867
f 869 986 985
f 869 985 868
f 870 987 986
f 870 986 869
f 871 988 987
f 871 987 870
f 872 989 988
f 872 988 871
f 873 990 989
f 873 989 872
f 874 991 990
f 874 990 873
f 875 992 991
f 875 991 874
f 876 993 992
f 876 992 875
f 877 994 993
f 877 993 876
f 878 995 994
f 878 994 877
f 879 996 995
f 879 995 878
f 880 997 996
f 880 996 879
f 881 998 997
f 881 997 880
f 882 999 998
f 882 998 881
f 883 1000 999
f 883 999 882
f 884 1001 1000
f 884 1000 883
f 885 1002 1001
f 885 1001 884
f 886 1003 1002
f 886 1002 885
f 887 1004 1003
f 887 1003 886
f 888 1005 1004
f 888 1004 887
f 889 1006 1005
f 889 1005 888
f 890 1007 1006
f 890 1006 889
f 891 1008 1007
f 891 1007 890
f 892 1009 1008
f 892 1008 891
f 893 1010 1009
f 893 1009 892
f 894 1011 1010
f 894 1010 893
f 895 1012 1011
f 895 1011 894
f 896 1013 1012
f 896 1012 895
f 897 1014 1013
f 897 1013 896
f 898 1015 1014
f 898 1014 897
f 899 1016 1015
f 899 1015 898
f 900 1017 1016
f 900 1016 899
f 901 1018 1017
f 901 1017 900
f 902 1019 1018
f 902 1018 901
f 903 1020 1019
f 903 1019 902
f 904 1021 1020
f 904 1020 903
f 1023 905 1024
f 1023 1021 905
f 905 1021 904
f 906 1025 1026
f 1024 906 1026
f 1024 905 906
f 907 1028 1029
f 1025 907 1029
f 1025 906 907
f 907 909 1028
f 962 1091 1092
f 962 1092 963
f 964 1093 1091
f 964 1091 962
f 965 1094 1093
f 965 1093 964
f 966 1095 1094
f 966 1094 965
f 967 1096 1095
f 967 1095 966
f 968 1097 1096
f 968 1096 967
f 969 1098 1097
f 969 1097 968
f 970 1099 1098
f 970 1098 969
f 971 1100 1099
f 971 1099 970
f 972 1101 1100
f 972 1100 971
f 973 1102 1101
f 973 1101 972
f 974 1103 1102
f 974 1102 973
f 975 1104 1103
f 975 1103 974
f 976 1105 1104
f 976 1104 975
f 977 1106 1105
f 977 1105 976
f 978 1107 1106
f 978 1106 977
f 979 1108 1107
f 979 1107 978
f 980 1109 1108
f 980 1108 979
f 981 1110 1109
f 981 1109 980
f 982 1111 1110
f 982 1110 981
f 983 1112 1111
f 983 1111 982
f 984 1113 1112
f 984 1112 983
f 985 1114 1113
f 985 1113 984
f 986 1115 1114
f 986 1114 985
f 987 1116 1115
f 987 1115 986
f 988 1117 1116
f 988 1116 987
f 989 1118 1117
f 989 1117 988
f 990 1119 1118
f 990 1118 989
f 991 1120 1119
f 991 1119 990
f 992 1121 1120
f 992 1120 991
f 993 1122 1121
f 993 1121 992
f 994 1123 1122
f 994 1122 993
f 995 1124 1123
f 995 1123 994
f 996 1125 1124
f 996 1124 995
f 997 1126 1125
f 997 1125 996
f 998 1127 1126
f 998 1126 997
f 999 1128 1127
f 999 1127 998
f 1000 1129 1128
f 1000 1128 999
f 1001 1130 1129
f 1001 1129 1000
f 1002 1131 1130
f 1002 1130 1001
f 1003 1132 1131
f 1003 1131 1002
f 1004 1133 1132
f 1004 1132 1003
f 1005 1134 1133
f 1005 1133 1004
f 1006 1135 1134
f 1006 1134 1005
f 1007 1136 1135
f 1007 1135 1006
f 1008 1137 1136
f 1008 1136 1007
f 1009 1138 1137
f 1009 1137 1008
f 1010 1139 1138
f 1010 1138 1009
f 1011 1140 1139
f 1011 1139 1010
f 1012 1141 1140
f 1012 1140 1011
f 1013 1142 1141
f 1013 1141 1012
f 1014 1143 1142
f 1014 1142 1013
f 1015 1144 1143
f 1015 1143 1014
f 1016 1145 1144
f 1016 1144 1015
f 1017 1146 1145
f 1017 1145 1016
f 1018 1147 1146
f 1018 1146 1017
f 1149 1019 1150
f 1149 1147 1019
f 1019 1147 1018
f 1020 1151 1152
f 1150 1020 1152
f 1150 1019 1020
f 1021 1154 1155
f 1151 1021 1155
f 1151 1020 1021
f 1021 1023 1154
f 1091 1245 1246
f 1091 1246 1092
f 1093 1247 1245
f 1093 1245 1091
f 1094 1248 1247
f 1094 1247 1093
f 1095 1249 1248
f 1095 1248 1094
f 1096 1250 1249
f 1096 1249 1095
f 1097 1251 1250
f 1097 1250 1096
f 1098 1252 1251
f 1098 1251 1097
f 1099 1253 1252
f 1099 1252 1098
f 1100 1254 1253
f 1100 1253 1099
f 1101 1255 1254
f 1101 1254 1100
f 1102 1256 1255
f 1102 1255 1101
f 1103 1257 1256
f 1103 1256 1102
f 1104 1258 1257
f 1104 1257 1103
f 1105 1259 1258
f 1105 1258 1104
f 1106 1260 1259
f 1106 1259 1105
f 1107 1261 1260
f 1107 1260 1106
f 1108 1262 1261
f 1108 1261 1107
f 1109 1263 1262
f 1109 1262 1108
f 1110 1264 1263
f 1110 1263 1109
f 1111 1265 1264
f 1111 1264 1110
f 1112 1266 1265
f 1112 1265 1111
f 1113 1267 1266
f 1113 1266 1112
f 1114 1268 1267
f 1114 1267 1113
f 1115 1269 1268
f 1115 1268 1114
f 1116 1270 1269
f 1116 1269 1115
f 1117 1271 1270
f 1117 1270 1116
f 1118 1272 1271
f 1118 1271 1117
f 1119 1273 1272
f 1119 1272 1118
f 1120 1274 1273
f 1120 1273 1119
f 1121 1275 1274
f 1121 1274 1120
f 1122 1276 1275
f 1122 1275 1121
f 1123 1277 1276
f 1123 1276 1122
f 1124 1278 1277
f 1124 1277 1123
f 1125 1279 1278
f 1125 1278 1124
f 1126 1280 1279
f 1126 1279 1125
f 1127 1281 1280
f 1127 1280 1126
f 1128 1282 1281
f 1128 1281 1127
f 1129 1283 1282
f 1129 1282 1128
f 1130 1284 1283
f 1130 1283 1129
f 1131 1285 1284
f 1131 1284 1130
f 1132 1286 1285
f 1132 1285 1131
f 1133 1287 1286
f 1133 1286 1132
f 1134 1288 1287
f 1134 1287 1133
f 1135 1289 1288
f 1135 1288 1134
f 1136 1290 1289
f 1136 1289 1135
f 1137 1291 1290
f 1137 1290 1136
f 1138 1292 1291
f 1138 1291 1137
f 1139 1293 1292
f 1139 1292 1138
f 1140 1294 1293
f 1140 1293 1139
f 1141 1295 1294
f 1141 1294 1140
f 1142 1296 1295
f 1142 1295 1141
f 1143 1297 1296
f 1143 1296 1142
f 1144 1298 1297
f 1144 1297 1143
f 1300 1145 1301
f 1300 1298 1145
f 1145 1298 1144
f 1146 1302 1303
f 1301 1146 1303
f 1301 1145 1146
f 1147 1305 1306
f 1302 1147 1306
f 1302 1146 1147
f 1147 1149 1305
f 1245 1399 1400
f 1245 1400 1246
f 1247 1401 1399
f 1247 1399 1245
f 1248 1402 1401
f 1248 1401 1247
f 1249 1403 1402
f 1249 1402 1248
f 1250 1404 1403
f 1250 1403 1249
f 1251 1405 1404
f 1251 1404 1250
f 1252 1406 1405
f 1252 1405 1251
f 1253 1407 1406
f 1253 1406 1252
f 1254 1408 1407
f 1254 1407 1253
f 1255 1409 1408
f 1255 1408 1254
f 1256 1410 1409
f 1256 1409 1255
f 1257 1411 1410
f 1257 1410 1256
f 1258 1412 1411
f 1258 1411 1257
f 1259 1413 1412
f 1259 1412 1258
f 1260 1414 1413
f 1260 1413 1259
f 1261 1415 1414
f 1261 1414 1260
f 1262 1416 1415
f 1262 1415 1261
f 1263 1417 1416
f 1263 1416 1262
f 1264 1418 1417
f 1264 1417 1263
f 1265 1419 1418
f 1265 1418 1264
f 1266 1420 1419
f 1266 1419 1265
f 1267 1421 1420
f 1267 1420 1266
f 1268 1422 1421
f 1268 1421 1267
f 1269 1423 1422
f 1269 1422 1268
f 1270 1424 1423
f 1270 1423 1269
f 1271 1425 1424
f 1271 1424 1270
f 1272 1426 1425
f 1272 1425 1271
f 1273 1427 1426
f 1273 1426 1272
f 1274 1428 1427
f 1274 1427 1273
f 1275 1429 1428
f 1275 1428 1274
f 1276 1430 1429
f 1276 1429 1275
f 1277 1431 1430
f 1277 1430 1276
f 1278 1432 1431
f 1278 1431 1277
f 1279 1433 1432
f 1279 1432 1278
f 1280 1434 1433
f 1280 1433 1279
f 1281 1435 1434
f 1281 1434 1280
f 1282 1436 1435
f 1282 1435 1281
f 1283 1437 1436
f 1283 1436 1282
f 1284 1438 1437
f 1284 1437 1283
f 1285 1439 1438
f 1285 1438 1284
f 1286 1440 1439
f 1286 1439 1285
f 1287 1441 1440
f 1287 1440 1286
f 1288 1442 1441
f 1288 1441 1287
f 1289 1443 1442
f 1289 1442 1288
f 1290 1444 1443
f 1290 1443 1289
f 1291 1445 1444
f 1291 1444 1290
f 1292 1446 1445
f 1292 1445 1291
f 1293 1447 1446
f 1293 1446 1292
f 1294 1448 1447
f 1294 1447 1293
f 1295 1449 1448
f 1295 1448 1294
f 1296 1450 1449
f 1296 1449 1295
f 1297 1451 1450
f 1297 1450 1296
f 1298 1452 1451
f 1298 1451 1297
f 1452 1453 1454
f 1453 1298 1300
f 1453 1452 1298

#List of body polygons
f 109 111 110
f 109 112 111
f 112 109 113
f 114 115 111
f 114 111 112
f 116 117 115
f 116 115 114
f 118 119 117
f 118 117 116
f 120 121 119
f 120 119 118
f 122 123 121
f 122 121 120
f 124 125 123
f 124 123 122
f 126 127 125
f 126 125 124
f 128 129 127
f 128 127 126
f 130 131 129
f 130 129 128
f 132 133 131
f 132 131 130
f 134 135 133
f 134 133 132
f 137 135 138
f 137 139 135
f 138 134 140
f 138 135 134
f 139 141 142
f 139 137 141
f 111 319 320
f 111 320 110
f 115 322 323
f 319 115 323
f 319 111 115
f 117 325 326
f 322 117 326
f 322 115 117
f 328 330 329
f 328 119 330
f 325 119 328
f 325 117 119
f 121 331 330
f 121 330 119
f 123 332 331
f 123 331 121
f 125 333 332
f 125 332 123
f 127 334 333
f 127 333 125
f 129 335 334
f 129 334 127
f 131 336 335
f 131 335 129
f 133 337 336
f 133 336 131
f 135 338 337
f 135 337 133
f 139 339 338
f 139 338 135
f 340 339 341
f 340 342 339
f 341 139 142
f 341 339 139
f 343 342 344
f 343 345 342
f 342 340 344
f 346 345 347
f 346 348 345
f 345 343 347
f 348 349 350
f 348 346 349
f 330 483 484
f 330 484 329
f 331 486 487
f 483 331 487
f 483 330 331
f 332 489 490
f 486 332 490
f 486 331 332
f 492 494 493
f 492 333 494
f 489 333 492
f 489 332 333
f 334 495 494
f 334 494 333
f 335 496 495
f 335 495 334
f 336 497 496
f 336 496 335
f 337 498 497
f 337 497 336
f 338 499 498
f 338 498 337
f 339 500 499
f 339 499 338
f 342 501 500
f 342 500 339
f 345 502 501
f 345 501 342
f 348 503 502
f 348 502 345
f 504 503 505
f 504 506 503
f 505 348 350
f 505 503 348
f 507 506 508
f 507 509 506
f 506 504 508
f 510 509 511
f 510 512 509
f 509 507 511
f 513 512 514
f 513 515 512
f 512 510 514
f 515 516 517
f 515 513 516
f 494 647 648
f 494 648 493
f 495 650 651
f 647 495 651
f 647 494 495
f 496 653 654
f 650 496 654
f 650 495 496
f 656 658 657
f 656 497 658
f 653 497 656
f 653 496 497
f 498 659 658
f 498 658 497
f 499 660 659
f 499 659 498
f 500 661 660
f 500 660 499
f 501 662 661
f 501 661 500
f 502 663 662
f 502 662 501
f 503 664 663
f 503 663 502
f 506 665 664
f 506 664 503
f 509 666 665
f 509 665 506
f 512 667 666
f 512 666 509
f 515 668 667
f 515 667 512
f 669 668 670
f 669 671 668
f 670 515 517
f 670 668 515
f 672 671 673
f 672 674 671
f 671 669 673
f 675 674 676
f 675 677 674
f 674 672 676
f 677 678 679
f 677 675 678
f 658 789 790
f 658 790 657
f 792 794 793
f 792 659 794
f 789 659 792
f 789 658 659
f 660 795 794
f 660 794 659
f 661 796 795
f 661 795 660
f 662 797 796
f 662 796 661
f 663 798 797
f 663 797 662
f 664 799 798
f 664 798 663
f 665 800 799
f 665 799 664
f 666 801 800
f 666 800 665
f 667 802 801
f 667 801 666
f 668 803 802
f 668 802 667
f 671 804 803
f 671 803 668
f 674 805 804
f 674 804 671
f 677 806 805
f 677 805 674
f 807 806 808
f 807 809 806
f 808 677 679
f 808 806 677
f 809 810 811
f 809 807 810
f 908 909 910
f 794 911 908
f 793 908 910
f 793 794 908
f 795 912 911
f 795 911 794
f 796 913 912
f 796 912 795
f 797 914 913
f 797 913 796
f 798 915 914
f 798 914 797
f 799 916 915
f 799 915 798
f 800 917 916
f 800 916 799
f 801 918 917
f 801 917 800
f 802 919 918
f 802 918 801
f 803 920 919
f 803 919 802
f 804 921 920
f 804 920 803
f 805 922 921
f 805 921 804
f 806 923 922
f 806 922 805
f 925 809 926
f 925 923 809
f 809 923 806
f 809 811 926
f 1022 1023 1024
f 1025 1022 1026
f 1025 1027 1022
f 1022 1024 1026
f 1028 1027 1029
f 1028 1030 1027
f 1027 1025 1029
f 908 1031 1030
f 909 1030 1028
f 909 908 1030
f 911 1032 1031
f 911 1031 908
f 912 1033 1032
f 912 1032 911
f 913 1034 1033
f 913 1033 912
f 914 1035 1034
f 914 1034 913
f 915 1036 1035
f 915 1035 914
f 916 1037 1036
f 916 1036 915
f 917 1038 1037
f 917 1037 916
f 918 1039 1038
f 918 1038 917
f 919 1040 1039
f 919 1039 918
f 920 1041 1040
f 920 1040 919
f 921 1042 1041
f 921 1041 920
f 1044 922 1045
f 1044 1042 922
f 922 1042 921
f 923 1046 1047
f 1045 923 1047
f 1045 922 923
f 923 925 1046
f 1148 1149 1150
f 1151 1148 1152
f 1151 1153 1148
f 1148 1150 1152
f 1154 1153 1155
f 1154 1156 1153
f 1153 1151 1155
f 1022 1157 1156
f 1023 1156 1154
f 1023 1022 1156
f 1027 1158 1157
f 1027 1157 1022
f 1030 1159 1158
f 1030 1158 1027
f 1031 1160 1159
f 1031 1159 1030
f 1032 1161 1160
f 1032 1160 1031
f 1033 1162 1161
f 1033 1161 1032
f 1034 1163 1162
f 1034 1162 1033
f 1035 1164 1163
f 1035 1163 1034
f 1036 1165 1164
f 1036 1164 1035
f 1037 1166 1165
f 1037 1165 1036
f 1168 1038 1169
f 1168 1166 1038
f 1038 1166 1037
f 1039 1170 1171
f 1169 1039 1171
f 1169 1038 1039
f 1040 1173 1174
f 1170 1040 1174
f 1170 1039 1040
f 1041 1176 1177
f 1173 1041 1177
f 1173 1040 1041
f 1042 1179 1180
f 1176 1042 1180
f 1176 1041 1042
f 1042 1044 1179
f 1299 1300 1301
f 1302 1299 1303
f 1302 1304 1299
f 1299 1301 1303
f 1305 1304 1306
f 1305 1307 1304
f 1304 1302 1306
f 1148 1308 1307
f 1149 1307 1305
f 1149 1148 1307
f 1153 1309 1308
f 1153 1308 1148
f 1156 1310 1309
f 1156 1309 1153
f 1157 1311 1310
f 1157 1310 1156
f 1158 1312 1311
f 1158 1311 1157
f 1159 1313 1312
f 1159 1312 1158
f 1160 1314 1313
f 1160 1313 1159
f 1161 1315 1314
f 1161 1314 1160
f 1162 1316 1315
f 1162 1315 1161
f 1163 1317 1316
f 1163 1316 1162
f 1319 1164 1320
f 1319 1317 1164
f 1164 1317 1163
f 1165 1321 1322
f 1320 1165 1322
f 1320 1164 1165
f 1166 1324 1325
f 1321 1166 1325
f 1321 1165 1166
f 1166 1168 1324
f 1453 1455 1454
f 1453 1299 1455
f 1299 1453 1300
f 1304 1456 1455
f 1304 1455 1299
f 1307 1457 1456
f 1307 1456 1304
f 1308 1458 1457
f 1308 1457 1307
f 1309 1459 1458
f 1309 1458 1308
f 1310 1460 1459
f 1310 1459 1309
f 1311 1461 1460
f 1311 1460 1310
f 1312 1462 1461
f 1312 1461 1311
f 1313 1463 1462
f 1313 1462 1312
f 1314 1464 1463
f 1314 1463 1313
f 1315 1465 1464
f 1315 1464 1314
f 1316 1466 1465
f 1316 1465 1315
f 1468 1317 1469
f 1468 1466 1317
f 1317 1466 1316
f 1317 1319 1469

#List of body polygons
f 136 137 138
f 136 138 140
f 141 143 142
f 141 144 143
f 137 144 141
f 137 136 144
f 145 146 143
f 145 143 144
f 147 148 146
f 147 146 145
f 149 150 148
f 149 148 147
f 151 152 150
f 151 150 149
f 153 154 152
f 153 152 151
f 155 156 154
f 155 154 153
f 157 158 156
f 157 156 155
f 159 160 158
f 159 158 157
f 162 160 163
f 162 164 160
f 163 159 165
f 163 160 159
f 167 164 168
f 167 169 164
f 164 162 168
f 169 170 171
f 169 167 170
f 143 340 341
f 143 341 142
f 146 343 344
f 340 146 344
f 340 143 146
f 148 346 347
f 343 148 347
f 343 146 148
f 349 351 350
f 349 150 351
f 346 150 349
f 346 148 150
f 152 352 351
f 152 351 150
f 154 353 352
f 154 352 152
f 156 354 353
f 156 353 154
f 158 355 354
f 158 354 156
f 160 356 355
f 160 355 158
f 164 357 356
f 164 356 160
f 169 358 357
f 169 357 164
f 359 358 360
f 359 361 358
f 360 169 171
f 360 358 169
f 362 361 363
f 362 364 361
f 361 359 363
f 365 364 366
f 365 367 364
f 364 362 366
f 368 367 369
f 368 370 367
f 367 365 369
f 371 370 372
f 371 373 370
f 370 368 372
f 374 373 375
f 374 376 373
f 373 371 375
f 376 377 378
f 376 374 377
f 351 504 505
f 351 505 350
f 352 507 508
f 504 352 508
f 504 351 352
f 353 510 511
f 507 353 511
f 507 352 353
f 354 513 514
f 510 354 514
f 510 353 354
f 516 518 517
f 516 355 518
f 513 355 516
f 513 354 355
f 356 519 518
f 356 518 355
f 357 520 519
f 357 519 356
f 358 521 520
f 358 520 357
f 361 522 521
f 361 521 358
f 364 523 522
f 364 522 361
f 367 524 523
f 367 523 364
f 370 525 524
f 370 524 367
f 373 526 525
f 373 525 370
f 376 527 526
f 376 526 373
f 528 527 529
f 528 530 527
f 529 376 378
f 529 527 376
f 531 530 532
f 531 533 530
f 530 528 532
f 534 533 535
f 534 536 533
f 533 531 535
f 537 536 538
f 537 539 536
f 536 534 538
f 540 539 541
f 540 542 539
f 539 537 541
f 543 542 544
f 543 545 542
f 542 540 544
f 546 545 547
f 546 548 545
f 545 543 547
f 549 548 550
f 549 551 548
f 548 546 550
f 551 552 553
f 551 549 552
f 518 669 670
f 518 670 517
f 519 672 673
f 669 519 673
f 669 518 519
f 520 675 676
f 672 520 676
f 672 519 520
f 678 680 679
f 678 521 680
f 675 521 678
f 675 520 521
f 522 681 680
f 522 680 521
f 523 682 681
f 523 681 522
f 524 683 682
f 524 682 523
f 525 684 683
f 525 683 524
f 526 685 684
f 526 684 525
f 527 686 685
f 527 685 526
f 530 687 686
f 530 686 527
f 533 688 687
f 533 687 530
f 536 689 688
f 536 688 533
f 539 690 689
f 539 689 536
f 542 691 690
f 542 690 539
f 545 692 691
f 545 691 542
f 548 693 692
f 548 692 545
f 551 694 693
f 551 693 548
f 695 694 696
f 695 697 694
f 696 551 553
f 696 694 551
f 698 697 699
f 698 700 697
f 697 695 699
f 700 701 702
f 700 698 701
f 722 716 721
f 722 723 716
f 716 724 721
f 680 807 808
f 680 808 679
f 810 812 811
f 810 681 812
f 807 681 810
f 807 680 681
f 682 813 812
f 682 812 681
f 683 814 813
f 683 813 682
f 684 815 814
f 684 814 683
f 685 816 815
f 685 815 684
f 686 817 816
f 686 816 685
f 687 818 817
f 687 817 686
f 688 819 818
f 688 818 687
f 689 820 819
f 689 819 688
f 690 821 820
f 690 820 689
f 691 822 821
f 691 821 690
f 692 823 822
f 692 822 691
f 693 824 823
f 693 823 692
f 694 825 824
f 694 824 693
f 697 826 825
f 697 825 694
f 700 827 826
f 700 826 697
f 827 828 829
f 828 700 702
f 828 827 700
f 723 844 843
f 723 843 716
f 924 925 926
f 812 927 924
f 811 924 926
f 811 812 924
f 813 928 927
f 813 927 812
f 814 929 928
f 814 928 813
f 815 930 929
f 815 929 814
f 816 931 930
f 816 930 815
f 817 932 931
f 817 931 816
f 818 933 932
f 818 932 817
f 819 934 933
f 819 933 818
f 820 935 934
f 820 934 819
f 821 936 935
f 821 935 820
f 822 937 936
f 822 936 821
f 823 938 937
f 823 937 822
f 824 939 938
f 824 938 823
f 825 940 939
f 825 939 824
f 826 941 940
f 826 940 825
f 827 942 941
f 827 941 826
f 942 943 944
f 943 827 829
f 943 942 827
f 844 961 960
f 844 960 843
f 1043 1044 1045
f 1046 1043 1047
f 1046 1048 1043
f 1043 1045 1047
f 924 1049 1048
f 925 1048 1046
f 925 924 1048
f 927 1050 1049
f 927 1049 924
f 928 1051 1050
f 928 1050 927
f 929 1052 1051
f 929 1051 928
f 930 1053 1052
f 930 1052 929
f 931 1054 1053
f 931 1053 930
f 932 1055 1054
f 932 1054 931
f 933 1056 1055
f 933 1055 932
f 934 1057 1056
f 934 1056 933
f 935 1058 1057
f 935 1057 934
f 936 1059 1058
f 936 1058 935
f 937 1060 1059
f 937 1059 936
f 938 1061 1060
f 938 1060 937
f 939 1062 1061
f 939 1061 938
f 940 1063 1062
f 940 1062 939
f 1065 941 1066
f 1065 1063 941
f 941 1063 940
f 942 1067 1068
f 1066 942 1068
f 1066 941 942
f 942 944 1067
f 961 1084 1085
f 1090 961 1085
f 1090 960 961
f 1167 1168 1169
f 1170 1167 1171
f 1170 1172 1167
f 1167 1169 1171
f 1173 1172 1174
f 1173 1175 1172
f 1172 1170 1174
f 1176 1175 1177
f 1176 1178 1175
f 1175 1173 1177
f 1179 1178 1180
f 1179 1181 1178
f 1178 1176 1180
f 1043 1182 1181
f 1044 1181 1179
f 1044 1043 1181
f 1048 1183 1182
f 1048 1182 1043
f 1049 1184 1183
f 1049 1183 1048
f 1050 1185 1184
f 1050 1184 1049
f 1051 1186 1185
f 1051 1185 1050
f 1052 1187 1186
f 1052 1186 1051
f 1053 1188 1187
f 1053 1187 1052
f 1054 1189 1188
f 1054 1188 1053
f 1055 1190 1189
f 1055 1189 1054
f 1192 1056 1193
f 1192 1190 1056
f 1056 1190 1055
f 1057 1194 1195
f 1193 1057 1195
f 1193 1056 1057
f 1058 1197 1198
f 1194 1058 1198
f 1194 1057 1058
f 1059 1200 1201
f 1197 1059 1201
f 1197 1058 1059
f 1060 1203 1204
f 1200 1060 1204
f 1200 1059 1060
f 1061 1206 1207
f 1203 1061 1207
f 1203 1060 1061
f 1062 1209 1210
f 1206 1062 1210
f 1206 1061 1062
f 1063 1212 1213
f 1209 1063 1213
f 1209 1062 1063
f 1063 1065 1212
f 1318 1319 1320
f 1321 1318 1322
f 1321 1323 1318
f 1318 1320 1322
f 1324 1323 1325
f 1324 1326 1323
f 1323 1321 1325
f 1167 1327 1326
f 1168 1326 1324
f 1168 1167 1326
f 1172 1328 1327
f 1172 1327 1167
f 1175 1329 1328
f 1175 1328 1172
f 1178 1330 1329
f 1178 1329 1175
f 1181 1331 1330
f 1181 1330 1178
f 1182 1332 1331
f 1182 1331 1181
f 1183 1333 1332
f 1183 1332 1182
f 1184 1334 1333
f 1184 1333 1183
f 1336 1185 1337
f 1336 1334 1185
f 1185 1334 1184
f 1186 1338 1339
f 1337 1186 1339
f 1337 1185 1186
f 1187 1341 1342
f 1338 1187 1342
f 1338 1186 1187
f 1188 1344 1345
f 1341 1188 1345
f 1341 1187 1188
f 1189 1347 1348
f 1344 1189 1348
f 1344 1188 1189
f 1190 1350 1351
f 1347 1190 1351
f 1347 1189 1190
f 1190 1192 1350
f 1467 1468 1469
f 1318 1470 1467
f 1319 1467 1469
f 1319 1318 1467
f 1323 1471 1470
f 1323 1470 1318
f 1326 1472 1471
f 1326 1471 1323
f 1327 1473 1472
f 1327 1472 1326
f 1328 1474 1473
f 1328 1473 1327
f 1329 1475 1474
f 1329 1474 1328
f 1330 1476 1475
f 1330 1475 1329
f 1331 1477 1476
f 1331 1476 1330
f 1332 1478 1477
f 1332 1477 1331
f 1480 1333 1481
f 1480 1478 1333
f 1333 1478 1332
f 1334 1482 1483
f 1481 1334 1483
f 1481 1333 1334
f 1334 1336 1482

#List of body polygons
f 161 162 163
f 161 163 165
f 166 167 168
f 162 166 168
f 162 161 166
f 170 172 171
f 170 173 172
f 167 173 170
f 167 166 173
f 174 175 172
f 174 172 173
f 176 177 175
f 176 175 174
f 178 179 177
f 178 177 176
f 180 181 179
f 180 179 178
f 182 183 181
f 182 181 180
f 184 185 183
f 184 183 182
f 186 187 185
f 186 185 184
f 188 189 187
f 188 187 186
f 191 189 192
f 191 193 189
f 192 188 194
f 192 189 188
f 196 193 197
f 196 198 193
f 193 191 197
f 200 198 201
f 200 202 198
f 198 196 201
f 204 202 205
f 204 206 202
f 202 200 205
f 208 206 209
f 208 210 206
f 206 204 209
f 212 210 213
f 212 214 210
f 210 208 213
f 216 214 217
f 216 218 214
f 214 212 217
f 218 219 220
f 218 216 219
f 172 359 360
f 172 360 171
f 175 362 363
f 359 175 363
f 359 172 175
f 177 365 366
f 362 177 366
f 362 175 177
f 179 368 369
f 365 179 369
f 365 177 179
f 181 371 372
f 368 181 372
f 368 179 181
f 183 374 375
f 371 183 375
f 371 181 183
f 377 379 378
f 377 185 379
f 374 185 377
f 374 183 185
f 187 380 379
f 187 379 185
f 189 381 380
f 189 380 187
f 193 382 381
f 193 381 189
f 198 383 382
f 198 382 193
f 202 384 383
f 202 383 198
f 206 385 384
f 206 384 202
f 210 386 385
f 210 385 206
f 214 387 386
f 214 386 210
f 218 388 387
f 218 387 214
f 389 388 390
f 389 391 388
f 390 218 220
f 390 388 218
f 392 391 393
f 392 394 391
f 391 389 393
f 394 395 396
f 394 392 395
f 379 528 529
f 379 529 378
f 380 531 532
f 528 380 532
f 528 379 380
f 381 534 535
f 531 381 535
f 531 380 381
f 382 537 538
f 534 382 538
f 534 381 382
f 383 540 541
f 537 383 541
f 537 382 383
f 384 543 544
f 540 384 544
f 540 383 384
f 385 546 547
f 543 385 547
f 543 384 385
f 386 549 550
f 546 386 550
f 546 385 386
f 552 554 553
f 552 387 554
f 549 387 552
f 549 386 387
f 388 555 554
f 388 554 387
f 391 556 555
f 391 555 388
f 394 557 556
f 394 556 391
f 557 558 559
f 558 394 396
f 558 557 394
f 554 695 696
f 554 696 553
f 555 698 699
f 695 555 699
f 695 554 555
f 701 703 702
f 701 556 703
f 698 556 701
f 698 555 556
f 557 704 703
f 557 703 556
f 705 704 706
f 705 707 704
f 706 557 559
f 706 704 557
f 707 708 709
f 707 705 708
f 719 721 720
f 719 722 721
f 724 720 721
f 724 725 720
f 828 830 829
f 828 703 830
f 703 828 702
f 704 831 830
f 704 830 703
f 707 832 831
f 707 831 704
f 832 833 834
f 833 707 709
f 833 832 707
f 943 945 944
f 943 830 945
f 830 943 829
f 831 946 945
f 831 945 830
f 832 947 946
f 832 946 831
f 947 948 949
f 948 832 834
f 948 947 832
f 1064 1065 1066
f 1067 1064 1068
f 1067 1069 1064
f 1064 1066 1068
f 945 1070 1069
f 944 1069 1067
f 944 945 1069
f 946 1071 1070
f 946 1070 945
f 1073 947 1074
f 1073 1071 947
f 947 1071 946
f 947 949 1074
f 1084 1086 1085
f 1084 1087 1086
f 1089 1085 1086
f 1089 1090 1085
f 1191 1192 1193
f 1194 1191 1195
f 1194 1196 1191
f 1191 1193 1195
f 1197 1196 1198
f 1197 1199 1196
f 1196 1194 1198
f 1200 1199 1201
f 1200 1202 1199
f 1199 1197 1201
f 1203 1202 1204
f 1203 1205 1202
f 1202 1200 1204
f 1206 1205 1207
f 1206 1208 1205
f 1205 1203 1207
f 1209 1208 1210
f 1209 1211 1208
f 1208 1206 1210
f 1212 1211 1213
f 1212 1214 1211
f 1211 1209 1213
f 1064 1215 1214
f 1065 1214 1212
f 1065 1064 1214
f 1069 1216 1215
f 1069 1215 1064
f 1070 1217 1216
f 1070 1216 1069
f 1071 1218 1217
f 1071 1217 1070
f 1218 1219 1220
f 1219 1071 1073
f 1219 1218 1071
f 1335 1336 1337
f 1338 1335 1339
f 1338 1340 1335
f 1335 1337 1339
f 1341 1340 1342
f 1341 1343 1340
f 1340 1338 1342
f 1344 1343 1345
f 1344 1346 1343
f 1343 1341 1345
f 1347 1346 1348
f 1347 1349 1346
f 1346 1344 1348
f 1350 1349 1351
f 1350 1352 1349
f 1349 1347 1351
f 1191 1353 1352
f 1192 1352 1350
f 1192 1191 1352
f 1196 1354 1353
f 1196 1353 1191
f 1199 1355 1354
f 1199 1354 1196
f 1202 1356 1355
f 1202 1355 1199
f 1205 1357 1356
f 1205 1356 1202
f 1208 1358 1357
f 1208 1357 1205
f 1211 1359 1358
f 1211 1358 1208
f 1214 1360 1359
f 1214 1359 1211
f 1215 1361 1360
f 1215 1360 1214
f 1216 1362 1361
f 1216 1361 1215
f 1364 1217 1365
f 1364 1362 1217
f 1217 1362 1216
f 1218 1366 1367
f 1365 1218 1367
f 1365 1217 1218
f 1218 1220 1366
f 1479 1480 1481
f 1482 1479 1483
f 1482 1484 1479
f 1479 1481 1483
f 1335 1485 1484
f 1336 1484 1482
f 1336 1335 1484
f 1340 1486 1485
f 1340 1485 1335
f 1343 1487 1486
f 1343 1486 1340
f 1346 1488 1487
f 1346 1487 1343
f 1349 1489 1488
f 1349 1488 1346
f 1352 1490 1489
f 1352 1489 1349
f 1353 1491 1490
f 1353 1490 1352
f 1354 1492 1491
f 1354 1491 1353
f 1355 1493 1492
f 1355 1492 1354
f 1495 1356 1496
f 1495 1493 1356
f 1356 1493 1355
f 1357 1497 1498
f 1496 1357 1498
f 1496 1356 1357
f 1358 1500 1501
f 1497 1358 1501
f 1497 1357 1358
f 1359 1503 1504
f 1500 1359 1504
f 1500 1358 1359
f 1360 1506 1507
f 1503 1360 1507
f 1503 1359 1360
f 1361 1509 1510
f 1506 1361 1510
f 1506 1360 1361
f 1362 1512 1513
f 1509 1362 1513
f 1509 1361 1362
f 1362 1364 1512

#List of body polygons
f 190 191 192
f 190 192 194
f 195 196 197
f 191 195 197
f 191 190 195
f 199 200 201
f 196 199 201
f 196 195 199
f 203 204 205
f 200 203 205
f 200 199 203
f 207 208 209
f 204 207 209
f 204 203 207
f 211 212 213
f 208 211 213
f 208 207 211
f 215 216 217
f 212 215 217
f 212 211 215
f 219 221 220
f 219 222 221
f 216 222 219
f 216 215 222
f 223 224 221
f 223 221 222
f 225 226 224
f 225 224 223
f 226 227 228
f 227 225 231
f 227 226 225
f 221 389 390
f 221 390 220
f 224 392 393
f 389 224 393
f 389 221 224
f 395 397 396
f 395 226 397
f 392 226 395
f 392 224 226
f 398 397 399
f 398 400 397
f 399 226 228
f 399 397 226
f 400 401 402
f 400 398 401
f 558 560 559
f 558 397 560
f 397 558 396
f 400 561 560
f 400 560 397
f 561 562 563
f 562 400 402
f 562 561 400
f 581 573 580
f 581 582 573
f 573 583 580
f 560 705 706
f 560 706 559
f 708 710 709
f 708 561 710
f 705 561 708
f 705 560 561
f 710 711 712
f 711 561 563
f 711 710 561
f 716 717 718
f 582 719 720
f 725 582 720
f 725 573 582
f 833 835 834
f 833 710 835
f 710 833 709
f 835 836 837
f 836 710 712
f 836 835 710
f 840 841 842
f 716 843 840
f 717 840 842
f 717 716 840
f 948 950 949
f 948 835 950
f 835 948 834
f 950 951 952
f 951 835 837
f 951 950 835
f 840 955 956
f 840 956 841
f 958 960 959
f 958 843 960
f 955 843 958
f 955 840 843
f 1072 1073 1074
f 950 1075 1072
f 949 1072 1074
f 949 950 1072
f 1075 1076 1077
f 1076 950 952
f 1076 1075 950
f 960 1081 1082
f 960 1082 959
f 1087 1083 1086
f 1087 1088 1083
f 1083 1089 1086
f 1219 1221 1220
f 1219 1072 1221
f 1072 1219 1073
f 1075 1222 1221
f 1075 1221 1072
f 1222 1223 1224
f 1223 1075 1077
f 1223 1222 1075
f 1088 1235 1236
f 1244 1088 1236
f 1244 1083 1088
f 1363 1364 1365
f 1366 1363 1367
f 1366 1368 1363
f 1363 1365 1367
f 1221 1369 1368
f 1220 1368 1366
f 1220 1221 1368
f 1371 1222 1372
f 1371 1369 1222
f 1222 1369 1221
f 1222 1224 1372
f 1494 1495 1496
f 1497 1494 1498
f 1497 1499 1494
f 1494 1496 1498
f 1500 1499 1501
f 1500 1502 1499
f 1499 1497 1501
f 1503 1502 1504
f 1503 1505 1502
f 1502 1500 1504
f 1506 1505 1507
f 1506 1508 1505
f 1505 1503 1507
f 1509 1508 1510
f 1509 1511 1508
f 1508 1506 1510
f 1512 1511 1513
f 1512 1514 1511
f 1511 1509 1513
f 1363 1515 1514
f 1364 1514 1512
f 1364 1363 1514
f 1368 1516 1515
f 1368 1515 1363
f 1369 1517 1516
f 1369 1516 1368
f 1517 1518 1519
f 1518 1369 1371
f 1518 1517 1369

#List of body polygons
f 227 229 228
f 227 230 229
f 230 227 231
f 232 233 229
f 232 229 230
f 233 234 235
f 234 232 238
f 234 233 232
f 229 398 399
f 229 399 228
f 401 403 402
f 401 233 403
f 398 233 401
f 398 229 233
f 403 404 405
f 404 233 235
f 404 403 233
f 562 564 563
f 562 403 564
f 403 562 402
f 565 564 566
f 565 567 564
f 566 403 405
f 566 564 403
f 568 567 569
f 568 570 567
f 567 565 569
f 571 570 572
f 571 573 570
f 570 568 572
f 579 580 578
f 579 581 580
f 583 578 580
f 583 584 578
f 711 713 712
f 711 564 713
f 564 711 563
f 567 714 713
f 567 713 564
f 570 715 714
f 570 714 567
f 717 573 718
f 717 715 573
f 573 715 570
f 836 838 837
f 836 713 838
f 713 836 712
f 714 839 838
f 714 838 713
f 841 715 842
f 841 839 715
f 715 839 714
f 715 717 842
f 951 953 952
f 951 838 953
f 838 951 837
f 839 954 953
f 839 953 838
f 955 954 956
f 955 957 954
f 956 839 841
f 956 954 839
f 957 958 959
f 957 955 958
f 1076 1078 1077
f 1076 953 1078
f 953 1076 952
f 954 1079 1078
f 954 1078 953
f 957 1080 1079
f 957 1079 954
f 1081 1080 1082
f 1081 1083 1080
f 1082 957 959
f 1082 1080 957
f 1223 1225 1224
f 1223 1078 1225
f 1078 1223 1077
f 1227 1079 1228
f 1227 1225 1079
f 1079 1225 1078
f 1080 1229 1230
f 1228 1080 1230
f 1228 1079 1080
f 1083 1232 1233
f 1229 1083 1233
f 1229 1080 1083
f 1235 1237 1236
f 1235 1238 1237
f 1243 1236 1237
f 1243 1244 1236
f 1370 1371 1372
f 1225 1373 1370
f 1224 1370 1372
f 1224 1225 1370
f 1373 1374 1375
f 1374 1225 1227
f 1374 1373 1225
f 1518 1520 1519
f 1518 1370 1520
f 1370 1518 1371
f 1373 1521 1520
f 1373 1520 1370
f 1521 1522 1523
f 1522 1373 1375
f 1522 1521 1373

#List of body polygons
f 234 236 235
f 234 237 236
f 237 234 238
f 236 239 240
f 239 237 249
f 239 236 237
f 404 406 405
f 404 236 406
f 236 404 235
f 410 406 409
f 410 411 406
f 409 236 240
f 409 406 236
f 417 411 416
f 417 418 411
f 416 411 410
f 406 565 566
f 406 566 405
f 411 568 569
f 565 411 569
f 565 406 411
f 418 571 572
f 568 418 572
f 568 411 418
f 577 578 576
f 577 579 578
f 584 576 578
f 584 585 576
f 1226 1227 1228
f 1229 1226 1230
f 1229 1231 1226
f 1226 1228 1230
f 1232 1231 1233
f 1232 1234 1231
f 1231 1229 1233
f 1238 1239 1237
f 1238 1240 1239
f 1242 1237 1239
f 1242 1243 1237
f 1374 1376 1375
f 1374 1226 1376
f 1226 1374 1227
f 1381 1231 1380
f 1381 1376 1231
f 1231 1376 1226
f 1234 1382 1383
f 1380 1234 1383
f 1380 1231 1234
f 1522 1524 1523
f 1522 1376 1524
f 1376 1522 1375
f 1531 1524 1530
f 1530 1376 1381
f 1530 1524 1376

#List of body polygons
f 239 241 240
f 239 242 241
f 242 249 248
f 242 239 249
f 407 409 408
f 407 410 409
f 408 240 241
f 408 409 240
f 415 416 414
f 415 417 416
f 414 410 407
f 414 416 410
f 574 576 575
f 574 577 576
f 585 575 576
f 585 586 575
f 1240 1234 1239
f 1240 1241 1234
f 1234 1242 1239
f 1378 1380 1379
f 1378 1381 1380
f 1382 1384 1383
f 1382 1385 1384
f 1379 1383 1384
f 1379 1380 1383
f 1241 1389 1390
f 1398 1241 1390
f 1398 1234 1241
f 1529 1530 1528
f 1529 1531 1530
f 1528 1381 1378
f 1528 1530 1381

#List of body polygons
f 242 243 241
f 242 244 243
f 242 245 244
f 245 248 247
f 245 242 248
f 243 250 251
f 250 243 244
f 243 407 408
f 243 408 241
f 412 414 413
f 412 415 414
f 413 243 251
f 413 407 243
f 413 414 407
f 422 418 421
f 422 423 418
f 418 424 421
f 423 574 575
f 586 423 575
f 586 418 423
f 1377 1378 1379
f 1385 1377 1384
f 1385 1386 1377
f 1385 1387 1386
f 1377 1379 1384
f 1389 1391 1390
f 1389 1392 1391
f 1397 1390 1391
f 1397 1398 1390
f 1526 1377 1527
f 1526 1528 1377
f 1526 1529 1528
f 1377 1528 1378
f 1377 1386 1527

#List of body polygons
f 245 246 244
f 246 245 247
f 250 252 251
f 250 253 252
f 250 254 253
f 254 246 259
f 254 244 246
f 254 250 244
f 260 261 262
f 264 260 262
f 264 257 260
f 252 412 413
f 252 413 251
f 419 421 420
f 419 422 421
f 424 420 421
f 424 425 420
f 1387 1388 1386
f 1392 1393 1391
f 1392 1394 1393
f 1396 1391 1393
f 1396 1397 1391
f 1525 1526 1527
f 1536 1388 1535
f 1536 1525 1388
f 1386 1525 1527
f 1386 1388 1525
f 1395 1537 1532
f 1395 1532 1388

#List of body polygons
f 254 255 253
f 254 256 255
f 256 259 258
f 256 254 259
f 261 252 262
f 261 263 252
f 252 264 262
f 263 419 420
f 425 263 420
f 425 252 263
f 1394 1388 1393
f 1394 1395 1388
f 1388 1396 1393
f 1533 1535 1534
f 1533 1536 1535

#List of body polygons
f 256 257 255
f 257 256 258
f 1532 1533 1534

#List of body lines
l 1538 1539
l 1539 1540
l 1540 1541
l 1541 1542
l 1542 1543
l 1543 1544
l 1544 1545
l 1545 1546
l 1546 1547
l 1547 1548
l 1539 1549
l 1549 1550
l 1550 1540
l 1540 1551
l 1551 1542
l 1542 1552
l 1552 1544
l 1544 1553
l 1553 1546
l 1546 1554
l 1554 1555
l 1555 1547
l 1549 1556
l 1556 1557
l 1557 1550
l 1550 1558
l 1558 1551
l 1551 1559
l 1559 1552
l 1552 1560
l 1560 1553
l 1553 1561
l 1561 1554
l 1554 1562
l 1562 1563
l 1563 1555
l 1556 1564
l 1564 1565
l 1565 1557
l 1557 1566
l 1566 1558
l 1558 1567
l 1567 1559
l 1559 1568
l 1568 1560
l 1560 1569
l 1569 1561
l 1561 1570
l 1570 1562
l 1562 1571
l 1571 1572
l 1572 1563
l 1564 1573
l 1573 1574
l 1574 1565
l 1565 1575
l 1575 1566
l 1566 1576
l 1576 1567
l 1567 1577
l 1577 1568
l 1568 1578
l 1578 1569
l 1569 1579
l 1579 1570
l 1570 1580
l 1580 1571
l 1571 1581
l 1581 1582
l 1582 1572
l 1573 1583
l 1583 1584
l 1584 1574
l 1574 1585
l 1585 1575
l 1575 1586
l 1586 1576
l 1576 1587
l 1587 1577
l 1577 1588
l 1588 1578
l 1578 1589
l 1589 1579
l 1579 1590
l 1590 1580
l 1580 1591
l 1591 1581
l 1581 1592
l 1592 1593
l 1593 1582
l 1583 1594
l 1594 1595
l 1595 1584
l 1584 1596
l 1596 1585
l 1585 1597
l 1597 1586
l 1586 1598
l 1598 1587
l 1587 1599
l 1599 1588
l 1588 1600
l 1600 1589
l 1589 1601
l 1601 1590
l 1590 1602
l 1602 1591
l 1591 1603
l 1603 1592
l 1592 1604
l 1604 1605
l 1605 1593
l 1595 1606
l 1606 1596
l 1596 1607
l 1607 1597
l 1597 1608
l 1608 1598
l 1598 1609
l 1609 1599
l 1599 1610
l 1610 1600
l 1600 1611
l 1611 1601
l 1601 1612
l 1612 1602
l 1602 1613
l 1613 1603
l 1603 1614
l 1614 1604
l 1604 1615
l 1615 1616
l 1616 1605
l 1606 1617
l 1617 1607
l 1607 1618
l 1618 1608
l 1608 1619
l 1619 1609
l 1609 1620
l 1620 1610
l 1610 1621
l 1621 1611
l 1611 1622
l 1622 1612
l 1612 1623
l 1623 1613
l 1613 1624
l 1624 1614
l 1614 1625
l 1625 1615
l 1615 1626
l 1626 1627
l 1627 1616
l 1617 1628
l 1628 1618
l 1618 1629
l 1629 1619
l 1619 1630
l 1630 1620
l 1620 1631
l 1631 1621
l 1621 1632
l 1632 1622
l 1622 1633
l 1633 1623
l 1623 1634
l 1634 1624
l 1624 1635
l 1635 1625
l 1625 1636
l 1636 1626
l 1626 1637
l 1637 1638
l 1638 1627
l 1628 1639
l 1639 1629
l 1629 1640
l 1640 1630
l 1630 1641
l 1641 1631
l 1631 1642
l 1642 1632
l 1632 1643
l 1643 1633
l 1633 1644
l 1644 1634
l 1634 1645
l 1645 1635
l 1635 1646
l 1646 1636
l 1636 1647
l 1647 1637
l 1637 1648
l 1648 1649
l 1649 1638
l 1639 1650
l 1650 1640
l 1640 1651
l 1651 1641
l 1641 1652
l 1652 1642
l 1642 1653
l 1653 1643
l 1643 1654
l 1654 1644
l 1644 1655
l 1655 1645
l 1645 1656
l 1656 1646
l 1646 1657
l 1657 1647
l 1647 1658
l 1658 1648
l 1648 1659
l 1659 1660
l 1660 1649
l 1650 1661
l 1661 1651
l 1651 1662
l 1662 1652
l 1652 1663
l 1663 1653
l 1653 1664
l 1664 1654
l 1654 1665
l 1665 1655
l 1655 1666
l 1666 1656
l 1656 1667
l 1667 1657
l 1657 1668
l 1668 1658
l 1658 1669
l 1669 1659
l 1659 1670
l 1670 1671
l 1671 1660
l 1661 1672
l 1672 1662
l 1662 1673
l 1673 1663
l 1663 1674
l 1674 1664
l 1664 1675
l 1675 1665
l 1665 1676
l 1676 1666
l 1666 1677
l 1677 1667
l 1667 1678
l 1678 1668
l 1668 1679
l 1679 1669
l 1669 1680
l 1680 1670
l 1670 1681
l 1681 1682
l 1682 1671
l 1672 1683
l 1683 1673
l 1673 1684
l 1684 1674
l 1674 1685
l 1685 1675
l 1675 1686
l 1686 1676
l 1676 1687
l 1687 1677
l 1677 1688
l 1688 1678
l 1678 1689
l 1689 1679
l 1679 1690
l 1690 1680
l 1680 1691
l 1691 1681
l 1681 1692
l 1692 1693
l 1693 1682
l 1683 1694
l 1694 1684
l 1684 1695
l 1695 1685
l 1685 1696
l 1696 1686
l 1686 1697
l 1697 1687
l 1687 1698
l 1698 1688
l 1688 1699
l 1699 1689
l 1689 1700
l 1700 1690
l 1690 1701
l 1701 1691
l 1691 1702
l 1702 1692
l 1692 1703
l 1703 1704
l 1704 1693
l 1694 1705
l 1705 1695
l 1695 1706
l 1706 1696
l 1696 1707
l 1707 1697
l 1697 1708
l 1708 1698
l 1698 1709
l 1709 1699
l 1699 1710
l 1710 1700
l 1700 1711
l 1711 1701
l 1701 1712
l 1712 1702
l 1702 1713
l 1713 1703
l 1703 1714
l 1714 1715
l 1715 1704
l 1705 1716
l 1716 1706
l 1706 1717
l 1717 1707
l 1707 1718
l 1718 1708
l 1708 1719
l 1719 1709
l 1709 1720
l 1720 1710
l 1710 1721
l 1721 1711
l 1711 1722
l 1722 1712
l 1712 1723
l 1723 1713
l 1713 1724
l 1724 1714
l 1714 1725
l 1725 1726
l 1726 1715
l 1716 1727
l 1727 1717
l 1717 1728
l 1728 1718
l 1718 1729
l 1729 1719
l 1719 1730
l 1730 1720
l 1720 1731
l 1731 1721
l 1721 1732
l 1732 1722
l 1722 1733
l 1733 1723
l 1723 1734
l 1734 1724
l 1724 1735
l 1735 1725
l 1725 1736
l 1736 1737
l 1737 1726
l 1727 1738
l 1738 1728
l 1728 1739
l 1739 1729
l 1729 1740
l 1740 1730
l 1730 1741
l 1741 1731
l 1731 1742
l 1742 1732
l 1732 1743
l 1743 1733
l 1733 1744
l 1744 1734
l 1734 1745
l 1745 1735
l 1735 1746
l 1746 1736
l 1736 1747
l 1747 1748
l 1748 1737
l 1738 1749
l 1749 1739
l 1739 1750
l 1750 1740
l 1740 1751
l 1751 1741
l 1741 1752
l 1752 1742
l 1742 1753
l 1753 1743
l 1743 1754
l 1754 1744
l 1744 1755
l 1755 1745
l 1745 1756
l 1756 1746
l 1746 1757
l 1757 1747
l 1747 1758
l 1758 1759
l 1759 1748
l 1749 1760
l 1760 1750
l 1750 1761
l 1761 1751
l 1751 1762
l 1762 1752
l 1752 1763
l 1763 1753
l 1753 1764
l 1764 1754
l 1754 1765
l 1765 1755
l 1755 1766
l 1766 1756
l 1756 1767
l 1767 1757
l 1757 1768
l 1768 1758
l 1758 1769
l 1769 1770
l 1770 1759
l 1760 1771
l 1771 1761
l 1761 1772
l 1772 1762
l 1762 1773
l 1773 1763
l 1763 1774
l 1774 1764
l 1764 1775
l 1775 1765
l 1765 1776
l 1776 1766
l 1766 1777
l 1777 1767
l 1767 1778
l 1778 1768
l 1768 1779
l 1779 1769
l 1769 1780
l 1780 1781
l 1781 1770
l 1771 1782
l 1782 1772
l 1772 1783
l 1783 1773
l 1773 1784
l 1784 1774
l 1774 1785
l 1785 1775
l 1775 1786
l 1786 1776
l 1776 1787
l 1787 1777
l 1777 1788
l 1788 1778
l 1778 1789
l 1789 1779
l 1779 1790
l 1790 1780
l 1780 1791
l 1791 1792
l 1792 1781
l 1782 1793
l 1793 1783
l 1783 1794
l 1794 1784
l 1784 1795
l 1795 1785
l 1785 1796
l 1796 1786
l 1786 1797
l 1797 1787
l 1787 1798
l 1798 1788
l 1788 1799
l 1799 1789
l 1789 1800
l 1800 1790
l 1790 1801
l 1801 1791
l 1791 1802
l 1802 1803
l 1803 1792
l 1793 1804
l 1804 1794
l 1794 1805
l 1805 1795
l 1795 1806
l 1806 1796
l 1796 1807
l 1807 1797
l 1797 1808
l 1808 1798
l 1798 1809
l 1809 1799
l 1799 1810
l 1810 1800
l 1800 1811
l 1811 1801
l 1801 1812
l 1812 1802
l 1802 1813
l 1813 1814
l 1814 1803
l 1804 1815
l 1815 1805
l 1805 1816
l 1816 1806
l 1806 1817
l 1817 1807
l 1807 1818
l 1818 1808
l 1808 1819
l 1819 1809
l 1809 1820
l 1820 1810
l 1810 1821
l 1821 1811
l 1811 1822
l 1822 1812
l 1812 1823
l 1823 1813
l 1813 1824
l 1824 1825
l 1825 1814
l 1815 1826
l 1826 1816
l 1816 1827
l 1827 1817
l 1817 1828
l 1828 1818
l 1818 1829
l 1829 1819
l 1819 1830
l 1830 1820
l 1820 1831
l 1831 1821
l 1821 1832
l 1832 1822
l 1822 1833
l 1833 1823
l 1823 1834
l 1834 1824
l 1824 1835
l 1835 1836
l 1836 1825
l 1826 1837
l 1837 1827
l 1827 1838
l 1838 1828
l 1828 1839
l 1839 1829
l 1829 1840
l 1840 1830
l 1830 1841
l 1841 1831
l 1831 1842
l 1842 1832
l 1832 1843
l 1843 1833
l 1833 1844
l 1844 1834
l 1834 1845
l 1845 1835
l 1835 1846
l 1846 1847
l 1847 1836
l 1837 1848
l 1848 1838
l 1838 1849
l 1849 1839
l 1839 1850
l 1850 1840
l 1840 1851
l 1851 1841
l 1841 1852
l 1852 1842
l 1842 1853
l 1853 1843
l 1843 1854
l 1854 1844
l 1844 1855
l 1855 1845
l 1845 1856
l 1856 1846
l 1846 1857
l 1857 1858
l 1858 1847
l 1848 1859
l 1859 1849
l 1849 1860
l 1860 1850
l 1850 1861
l 1861 1851
l 1851 1862
l 1862 1852
l 1852 1863
l 1863 1853
l 1853 1864
l 1864 1854
l 1854 1865
l 1865 1855
l 1855 1866
l 1866 1856
l 1856 1867
l 1867 1857
l 1857 1868
l 1868 1869
l 1869 1858
l 1859 1870
l 1870 1860
l 1860 1871
l 1871 1861
l 1861 1872
l 1872 1862
l 1862 1873
l 1873 1863
l 1863 1874
l 1874 1864
l 1864 1875
l 1875 1865
l 1865 1876
l 1876 1866
l 1866 1877
l 1877 1867
l 1867 1878
l 1878 1868
l 1868 1879
l 1879 1880
l 1880 1869
l 1870 1881
l 1881 1871
l 1871 1882
l 1882 1872
l 1872 1883
l 1883 1873
l 1873 1884
l 1884 1874
l 1874 1885
l 1885 1875
l 1875 1886
l 1886 1876
l 1876 1887
l 1887 1877
l 1877 1888
l 1888 1878
l 1878 1889
l 1889 1879
l 1879 1890
l 1890 1891
l 1891 1880
l 1881 1892
l 1892 1882
l 1882 1893
l 1893 1883
l 1883 1894
l 1894 1884
l 1884 1895
l 1895 1885
l 1885 1896
l 1896 1886
l 1886 1897
l 1897 1887
l 1887 1898
l 1898 1888
l 1888 1899
l 1899 1889
l 1889 1900
l 1900 1890
l 1890 1901
l 1901 1902
l 1902 1891
l 1892 1903
l 1903 1893
l 1893 1904
l 1904 1894
l 1894 1905
l 1905 1895
l 1895 1906
l 1906 1896
l 1896 1907
l 1907 1897
l 1897 1908
l 1908 1898
l 1898 1909
l 1909 1899
l 1899 1910
l 1910 1900
l 1900 1911
l 1911 1901
l 1901 1912
l 1912 1913
l 1913 1902
l 1903 1914
l 1914 1904
l 1904 1915
l 1915 1905
l 1905 1916
l 1916 1906
l 1906 1917
l 1917 1907
l 1907 1918
l 1918 1908
l 1908 1919
l 1919 1909
l 1909 1920
l 1920 1910
l 1910 1921
l 1921 1911
l 1911 1922
l 1922 1912
l 1912 1923
l 1923 1924
l 1924 1913
l 1914 1925
l 1925 1915
l 1915 1926
l 1926 1916
l 1916 1927
l 1927 1917
l 1917 1928
l 1928 1918
l 1918 1929
l 1929 1919
l 1919 1930
l 1930 1920
l 1920 1931
l 1931 1921
l 1921 1932
l 1932 1922
l 1922 1933
l 1933 1923
l 1923 1934
l 1934 1935
l 1935 1924
l 1925 1936
l 1936 1926
l 1926 1937
l 1937 1927
l 1927 1938
l 1938 1928
l 1928 1939
l 1939 1929
l 1929 1940
l 1940 1930
l 1930 1941
l 1941 1931
l 1931 1942
l 1942 1932
l 1932 1943
l 1943 1933
l 1933 1944
l 1944 1934
l 1934 1945
l 1945 1946
l 1946 1935
l 1936 1947
l 1947 1937
l 1937 1948
l 1948 1938
l 1938 1949
l 1949 1939
l 1939 1950
l 1950 1940
l 1940 1951
l 1951 1941
l 1941 1952
l 1952 1942
l 1942 1953
l 1953 1943
l 1943 1954
l 1954 1944
l 1944 1955
l 1955 1945
l 1945 1956
l 1956 1957
l 1957 1946
l 1947 1958
l 1958 1948
l 1948 1959
l 1959 1949
l 1949 1960
l 1960 1950
l 1950 1961
l 1961 1951
l 1951 1962
l 1962 1952
l 1952 1963
l 1963 1953
l 1953 1964
l 1964 1954
l 1954 1965
l 1965 1955
l 1955 1966
l 1966 1956
l 1956 1967
l 1967 1968
l 1968 1957
l 1958 1969
l 1969 1959
l 1959 1970
l 1970 1960
l 1960 1971
l 1971 1961
l 1961 1972
l 1972 1962
l 1962 1973
l 1973 1963
l 1963 1974
l 1974 1964
l 1964 1975
l 1975 1965
l 1965 1976
l 1976 1966
l 1966 1977
l 1977 1967
l 1967 1978
l 1978 1979
l 1979 1968
l 1969 1980
l 1980 1970
l 1970 1981
l 1981 1971
l 1971 1982
l 1982 1972
l 1972 1983
l 1983 1973
l 1973 1984
l 1984 1974
l 1974 1985
l 1985 1975
l 1975 1986
l 1986 1976
l 1976 1987
l 1987 1977
l 1977 1988
l 1988 1978
l 1978 1989
l 1989 1990
l 1990 1979
l 1980 1991
l 1991 1981
l 1981 1992
l 1992 1982
l 1982 1993
l 1993 1983
l 1983 1994
l 1994 1984
l 1984 1995
l 1995 1985
l 1985 1996
l 1996 1986
l 1986 1997
l 1997 1987
l 1987 1998
l 1998 1988
l 1988 1999
l 1999 1989
l 1989 2000
l 2000 2001
l 2001 1990
l 1991 2002
l 2002 1992
l 1992 2003
l 2003 1993
l 1993 2004
l 2004 1994
l 1994 2005
l 2005 1995
l 1995 2006
l 2006 1996
l 1996 2007
l 2007 1997
l 1997 2008
l 2008 1998
l 1998 2009
l 2009 1999
l 1999 2010
l 2010 2000
l 2000 2011
l 2011 2012
l 2012 2001
l 2002 2013
l 2013 2003
l 2003 2014
l 2014 2004
l 2004 2015
l 2015 2005
l 2005 2016
l 2016 2006
l 2006 2017
l 2017 2007
l 2007 2018
l 2018 2008
l 2008 2019
l 2019 2009
l 2009 2020
l 2020 2010
l 2010 2021
l 2021 2011
l 2011 2022
l 2022 2023
l 2023 2012
l 2013 2024
l 2024 2014
l 2014 2025
l 2025 2015
l 2015 2026
l 2026 2016
l 2016 2027
l 2027 2017
l 2017 2028
l 2028 2018
l 2018 2029
l 2029 2019
l 2019 2030
l 2030 2020
l 2020 2031
l 2031 2021
l 2021 2032
l 2032 2022
l 2022 2033
l 2033 2034
l 2034 2023
l 2024 2035
l 2035 2025
l 2025 2036
l 2036 2026
l 2026 2037
l 2037 2027
l 2027 2038
l 2038 2028
l 2028 2039
l 2039 2029
l 2029 2040
l 2040 2030
l 2030 2041
l 2041 2031
l 2031 2042
l 2042 2032
l 2032 2043
l 2043 2033
l 2033 2044
l 2044 2045
l 2045 2034
l 2035 2046
l 2046 2036
l 2036 2047
l 2047 2037
l 2037 2048
l 2048 2038
l 2038 2049
l 2049 2039
l 2039 2050
l 2050 2040
l 2040 2051
l 2051 2041
l 2041 2052
l 2052 2042
l 2042 2053
l 2053 2043
l 2043 2054
l 2054 2044
l 2044 2055
l 2055 2056
l 2056 2045
l 2046 2057
l 2057 2047
l 2047 2058
l 2058 2048
l 2048 2059
l 2059 2049
l 2049 2060
l 2060 2050
l 2050 2061
l 2061 2051
l 2051 2062
l 2062 2052
l 2052 2063
l 2063 2053
l 2053 2064
l 2064 2054
l 2054 2065
l 2065 2055
l 2055 2066
l 2066 2067
l 2067 2056
l 2057 2068
l 2068 2058
l 2058 2069
l 2069 2059
l 2059 2070
l 2070 2060
l 2060 2071
l 2071 2061
l 2061 2072
l 2072 2062
l 2062 2073
l 2073 2063
l 2063 2074
l 2074 2064
l 2064 2075
l 2075 2065
l 2065 2076
l 2076 2066
l 2066 2077
l 2077 2078
l 2078 2067
l 2068 2079
l 2079 2069
l 2069 2080
l 2080 2070
l 2070 2081
l 2081 2071
l 2071 2082
l 2082 2072
l 2072 2083
l 2083 2073
l 2073 2084
l 2084 2074
l 2074 2085
l 2085 2075
l 2075 2086
l 2086 2076
l 2076 2087
l 2087 2077
l 2077 2088
l 2088 2089
l 2089 2078
l 2079 2090
l 2090 2080
l 2080 2091
l 2091 2081
l 2081 2092
l 2092 2082
l 2082 2093
l 2093 2083
l 2083 2094
l 2094 2084
l 2084 2095
l 2095 2085
l 2085 2096
l 2096 2086
l 2086 2097
l 2097 2087
l 2087 2098
l 2098 2088
l 2088 2099
l 2099 2100
l 2100 2089
l 2090 2101
l 2101 2091
l 2091 2102
l 2102 2092
l 2092 2103
l 2103 2093
l 2093 2104
l 2104 2094
l 2094 2105
l 2105 2095
l 2095 2106
l 2106 2096
l 2096 2107
l 2107 2097
l 2097 2108
l 2108 2098
l 2098 2109
l 2109 2099
l 2099 2110
l 2110 2111
l 2111 2100
l 2101 2112
l 2112 2102
l 2102 2113
l 2113 2103
l 2103 2114
l 2114 2104
l 2104 2115
l 2115 2105
l 2105 2116
l 2116 2106
l 2106 2117
l 2117 2107
l 2107 2118
l 2118 2108
l 2108 2119
l 2119 2109
l 2109 2120
l 2120 2110
l 2110 2121
l 2121 2122
l 2122 2111
l 2112 2123
l 2123 2113
l 2113 2124
l 2124 2114
l 2114 2125
l 2125 2115
l 2115 2126
l 2126 2116
l 2116 2127
l 2127 2117
l 2117 2128
l 2128 2118
l 2118 2129
l 2129 2119
l 2119 2130
l 2130 2120
l 2120 2131
l 2131 2121
l 2121 2132
l 2132 2133
l 2133 2122
l 2123 2134
l 2134 2124
l 2124 2135
l 2135 2125
l 2125 2136
l 2136 2126
l 2126 2137
l 2137 2127
l 2127 2138
l 2138 2128
l 2128 2139
l 2139 2129
l 2129 2140
l 2140 2130
l 2130 2141
l 2141 2131
l 2131 2142
l 2142 2132
l 2132 2143
l 2143 2144
l 2144 2133
l 2134 2145
l 2145 2135
l 2135 2146
l 2146 2136
l 2136 2147
l 2147 2137
l 2137 2148
l 2148 2138
l 2138 2149
l 2149 2139
l 2139 2150
l 2150 2140
l 2140 2151
l 2151 2141
l 2141 2152
l 2152 2142
l 2142 2153
l 2153 2143
l 2143 2154
l 2154 2155
l 2155 2144
l 2145 2156
l 2156 2146
l 2146 2157
l 2157 2147
l 2147 2158
l 2158 2148
l 2148 2159
l 2159 2149
l 2149 2160
l 2160 2150
l 2150 2161
l 2161 2151
l 2151 2162
l 2162 2152
l 2152 2163
l 2163 2153
l 2153 2164
l 2164 2154
l 2154 2165
l 2165 2166
l 2166 2155
l 2156 2167
l 2167 2157
l 2157 2168
l 2168 2158
l 2158 2169
l 2169 2159
l 2159 2170
l 2170 2160
l 2160 2171
l 2171 2161
l 2161 2172
l 2172 2162
l 2162 2173
l 2173 2163
l 2163 2174
l 2174 2164
l 2164 2175
l 2175 2165
l 2165 2176
l 2176 2177
l 2177 2166
l 2167 2178
l 2178 2168
l 2168 2179
l 2179 2169
l 2169 2180
l 2180 2170
l 2170 2181
l 2181 2171
l 2171 2182
l 2182 2172
l 2172 2183
l 2183 2173
l 2173 2184
l 2184 2174
l 2174 2185
l 2185 2175
l 2175 2186
l 2186 2176
l 2176 2187
l 2187 2188
l 2188 2177
l 2178 2189
l 2189 2179
l 2179 2190
l 2190 2180
l 2180 2191
l 2191 2181
l 2181 2192
l 2192 2182
l 2182 2193
l 2193 2183
l 2183 2194
l 2194 2184
l 2184 2195
l 2195 2185
l 2185 2196
l 2196 2186
l 2186 2197
l 2197 2187
l 2187 2198
l 2198 2199
l 2199 2188
l 2189 2200
l 2200 2190
l 2190 2201
l 2201 2191
l 2191 2202
l 2202 2192
l 2192 2203
l 2203 2193
l 2193 2204
l 2204 2194
l 2194 2205
l 2205 2195
l 2195 2206
l 2206 2196
l 2196 2207
l 2207 2197
l 2197 2208
l 2208 2198
l 2198 2209
l 2209 2210
l 2210 2199
l 2200 2211
l 2211 2201
l 2201 2212
l 2212 2202
l 2202 2213
l 2213 2203
l 2203 2214
l 2214 2204
l 2204 2215
l 2215 2205
l 2205 2216
l 2216 2206
l 2206 2217
l 2217 2207
l 2207 2218
l 2218 2208
l 2208 2219
l 2219 2209
l 2209 2220
l 2220 2221
l 2221 2210
l 2211 2222
l 2222 2212
l 2212 2223
l 2223 2213
l 2213 2224
l 2224 2214
l 2214 2225
l 2225 2215
l 2215 2226
l 2226 2216
l 2216 2227
l 2227 2217
l 2217 2228
l 2228 2218
l 2218 2229
l 2229 2219
l 2219 2230
l 2230 2220
l 2220 2231
l 2231 2232
l 2232 2221
l 2222 2233
l 2233 2223
l 2223 2234
l 2234 2224
l 2224 2235
l 2235 2225
l 2225 2236
l 2236 2226
l 2226 2237
l 2237 2227
l 2227 2238
l 2238 2228
l 2228 2239
l 2239 2229
l 2229 2240
l 2240 2230
l 2230 2241
l 2241 2231
l 2231 2242
l 2242 2243
l 2243 2232
l 2233 2244
l 2244 2234
l 2234 2245
l 2245 2235
l 2235 2246
l 2246 2236
l 2236 2247
l 2247 2237
l 2237 2248
l 2248 2238
l 2238 2249
l 2249 2239
l 2239 2250
l 2250 2240
l 2240 2251
l 2251 2241
l 2241 2252
l 2252 2242
l 2242 2253
l 2253 2254
l 2254 2243
l 2244 2255
l 2255 2245
l 2245 2256
l 2256 2246
l 2246 2257
l 2257 2247
l 2247 2258
l 2258 2248
l 2248 2259
l 2259 2249
l 2249 2260
l 2260 2250
l 2250 2261
l 2261 2251
l 2251 2262
l 2262 2252
l 2252 2263
l 2263 2253
l 2253 2264
l 2264 2265
l 2265 2254
l 2255 2266
l 2266 2256
l 2256 2267
l 2267 2257
l 2257 2268
l 2268 2258
l 2258 2269
l 2269 2259
l 2259 2270
l 2270 2260
l 2260 2271
l 2271 2261
l 2261 2272
l 2272 2262
l 2262 2273
l 2273 2263
l 2263 2274
l 2274 2264
l 2264 2275
l 2275 2276
l 2276 2265
l 2266 2277
l 2277 2267
l 2267 2278
l 2278 2268
l 2268 2279
l 2279 2269
l 2269 2280
l 2280 2270
l 2270 2281
l 2281 2271
l 2271 2282
l 2282 2272
l 2272 2283
l 2283 2273
l 2273 2284
l 2284 2274
l 2274 2285
l 2285 2275
l 2275 2286
l 2286 2287
l 2287 2276
l 2277 2288
l 2288 2278
l 2278 2289
l 2289 2279
l 2279 2290
l 2290 2280
l 2280 2291
l 2291 2281
l 2281 2292
l 2292 2282
l 2282 2293
l 2293 2283
l 2283 2294
l 2294 2284
l 2284 2295
l 2295 2285
l 2285 2296
l 2296 2286
l 2286 2297
l 2297 2298
l 2298 2287
l 2288 2299
l 2299 2289
l 2289 2300
l 2300 2290
l 2290 2301
l 2301 2291
l 2291 2302
l 2302 2292
l 2292 2303
l 2303 2293
l 2293 2304
l 2304 2294
l 2294 2305
l 2305 2295
l 2295 2306
l 2306 2296
l 2296 2307
l 2307 2297
l 2297 2308
l 2308 2309
l 2309 2298
l 2299 2310
l 2310 2300
l 2300 2311
l 2311 2301
l 2301 2312
l 2312 2302
l 2302 2313
l 2313 2303
l 2303 2314
l 2314 2304
l 2304 2315
l 2315 2305
l 2305 2316
l 2316 2306
l 2306 2317
l 2317 2307
l 2307 2318
l 2318 2308
l 2308 2319
l 2319 2320
l 2320 2309
l 2310 2321
l 2321 2311
l 2311 2322
l 2322 2312
l 2312 2323
l 2323 2313
l 2313 2324
l 2324 2314
l 2314 2325
l 2325 2315
l 2315 2326
l 2326 2316
l 2316 2327
l 2327 2317
l 2317 2328
l 2328 2318
l 2318 2329
l 2329 2319
l 2319 2330
l 2330 2331
l 2331 2320
l 2321 2332
l 2332 2322
l 2322 2333
l 2333 2323
l 2323 2334
l 2334 2324
l 2324 2335
l 2335 2325
l 2325 2336
l 2336 2326
l 2326 2337
l 2337 2327
l 2327 2338
l 2338 2328
l 2328 2339
l 2339 2329
l 2329 2340
l 2340 2330
l 2330 2341
l 2341 2342
l 2342 2331
l 2332 2343
l 2343 2333
l 2333 2344
l 2344 2334
l 2334 2345
l 2345 2335
l 2335 2346
l 2346 2336
l 2336 2347
l 2347 2337
l 2337 2348
l 2348 2338
l 2338 2349
l 2349 2339
l 2339 2350
l 2350 2340
l 2340 2351
l 2351 2341
l 2341 2352
l 2352 2353
l 2353 2342
l 2343 2354
l 2354 2344
l 2344 2355
l 2355 2345
l 2345 2356
l 2356 2346
l 2346 2357
l 2357 2347
l 2347 2358
l 2358 2348
l 2348 2359
l 2359 2349
l 2349 2360
l 2360 2350
l 2350 2361
l 2361 2351
l 2351 2362
l 2362 2352
l 2352 2363
l 2363 2364
l 2364 2353
l 2354 2365
l 2365 2355
l 2355 2366
l 2366 2356
l 2356 2367
l 2367 2357
l 2357 2368
l 2368 2358
l 2358 2369
l 2369 2359
l 2359 2370
l 2370 2360
l 2360 2371
l 2371 2361
l 2361 2372
l 2372 2362
l 2362 2373
l 2373 2363
l 2363 2374
l 2374 2375
l 2375 2364
l 2365 2376
l 2376 2366
l 2366 2377
l 2377 2367
l 2367 2378
l 2378 2368
l 2368 2379
l 2379 2369
l 2369 2380
l 2380 2370
l 2370 2381
l 2381 2371
l 2371 2382
l 2382 2372
l 2372 2383
l 2383 2373
l 2373 2384
l 2384 2374
l 2374 2385
l 2385 2386
l 2386 2375
l 2376 2387
l 2387 2377
l 2377 2388
l 2388 2378
l 2378 2389
l 2389 2379
l 2379 2390
l 2390 2380
l 2380 2391
l 2391 2381
l 2381 2392
l 2392 2382
l 2382 2393
l 2393 2383
l 2383 2394
l 2394 2384
l 2384 2395
l 2395 2385
l 2385 2396
l 2396 2397
l 2397 2386
l 2387 2398
l 2398 2388
l 2388 2399
l 2399 2389
l 2389 2400
l 2400 2390
l 2390 2401
l 2401 2391
l 2391 2402
l 2402 2392
l 2392 2403
l 2403 2393
l 2393 2404
l 2404 2394
l 2394 2405
l 2405 2395
l 2395 2406
l 2406 2396
l 2396 2407
l 2407 2408
l 2408 2397
l 2398 2409
l 2409 2399
l 2399 2410
l 2410 2400
l 2400 2411
l 2411 2401
l 2401 2412
l 2412 2402
l 2402 2413
l 2413 2403
l 2403 2414
l 2414 2404
l 2404 2415
l 2415 2405
l 2405 2416
l 2416 2406
l 2406 2417
l 2417 2407
l 2407 2418
l 2418 2419
l 2419 2408
l 2409 2420
l 2420 2410
l 2410 2421
l 2421 2411
l 2411 2422
l 2422 2412
l 2412 2423
l 2423 2413
l 2413 2424
l 2424 2414
l 2414 2425
l 2425 2415
l 2415 2426
l 2426 2416
l 2416 2427
l 2427 2417
l 2417 2428
l 2428 2418
l 2418 2429
l 2429 2430
l 2430 2419
l 2420 2431
l 2431 2421
l 2421 2432
l 2432 2422
l 2422 2433
l 2433 2423
l 2423 2434
l 2434 2424
l 2424 2435
l 2435 2425
l 2425 2436
l 2436 2426
l 2426 2437
l 2437 2427
l 2427 2438
l 2438 2428
l 2428 2439
l 2439 2429
l 2429 2440
l 2440 2441
l 2441 2430
l 2431 2442
l 2442 2432
l 2432 2443
l 2443 2433
l 2433 2444
l 2444 2434
l 2434 2445
l 2445 2435
l 2435 2446
l 2446 2436
l 2436 2447
l 2447 2437
l 2437 2448
l 2448 2438
l 2438 2449
l 2449 2439
l 2439 2450
l 2450 2440
l 2440 2451
l 2451 2452
l 2452 2441
l 2442 2453
l 2453 2443
l 2443 2454
l 2454 2444
l 2444 2455
l 2455 2445
l 2445 2456
l 2456 2446
l 2446 2457
l 2457 2447
l 2447 2458
l 2458 2448
l 2448 2459
l 2459 2449
l 2449 2460
l 2460 2450
l 2450 2461
l 2461 2451
l 2451 2462
l 2462 2463
l 2463 2452
l 2453 2464
l 2464 2454
l 2454 2465
l 2465 2455
l 2455 2466
l 2466 2456
l 2456 2467
l 2467 2457
l 2457 2468
l 2468 2458
l 2458 2469
l 2469 2459
l 2459 2470
l 2470 2460
l 2460 2471
l 2471 2461
l 2461 2472
l 2472 2462
l 2462 2473
l 2473 2474
l 2474 2463
l 2464 2475
l 2475 2465
l 2465 2476
l 2476 2466
l 2466 2477
l 2477 2467
l 2467 2478
l 2478 2468
l 2468 2479
l 2479 2469
l 2469 2480
l 2480 2470
l 2470 2481
l 2481 2471
l 2471 2482
l 2482 2472
l 2472 2483
l 2483 2473
l 2473 2484
l 2484 2485
l 2485 2474
l 2475 2486
l 2486 2476
l 2476 2487
l 2487 2477
l 2477 2488
l 2488 2478
l 2478 2489
l 2489 2479
l 2479 2490
l 2490 2480
l 2480 2491
l 2491 2481
l 2481 2492
l 2492 2482
l 2482 2493
l 2493 2483
l 2483 2494
l 2494 2484
l 2484 2495
l 2495 2496
l 2496 2485
l 2486 2497
l 2497 2487
l 2487 2498
l 2498 2488
l 2488 2499
l 2499 2489
l 2489 2500
l 2500 2490
l 2490 2501
l 2501 2491
l 2491 2502
l 2502 2492
l 2492 2503
l 2503 2493
l 2493 2504
l 2504 2494
l 2494 2505
l 2505 2495
l 2495 2506
l 2506 2507
l 2507 2496
l 2497 2508
l 2508 2498
l 2498 2509
l 2509 2499
l 2499 2510
l 2510 2500
l 2500 2511
l 2511 2501
l 2501 2512
l 2512 2502
l 2502 2513
l 2513 2503
l 2503 2514
l 2514 2504
l 2504 2515
l 2515 2505
l 2505 2516
l 2516 2506
l 2506 2517
l 2517 2518
l 2518 2507
l 2508 2519
l 2519 2509
l 2509 2520
l 2520 2510
l 2510 2521
l 2521 2511
l 2511 2522
l 2522 2512
l 2512 2523
l 2523 2513
l 2513 2524
l 2524 2514
l 2514 2525
l 2525 2515
l 2515 2526
l 2526 2516
l 2516 2527
l 2527 2517
l 2517 2528
l 2528 2529
l 2529 2518
l 2519 2530
l 2530 2520
l 2520 2531
l 2531 2521
l 2521 2532
l 2532 2522
l 2522 2533
l 2533 2523
l 2523 2534
l 2534 2524
l 2524 2535
l 2535 2525
l 2525 2536
l 2536 2526
l 2526 2537
l 2537 2527
l 2527 2538
l 2538 2528
l 2528 2539
l 2539 2540
l 2540 2529
l 2530 2541
l 2541 2531
l 2531 2542
l 2542 2532
l 2532 2543
l 2543 2533
l 2533 2544
l 2544 2534
l 2534 2545
l 2545 2535
l 2535 2546
l 2546 2536
l 2536 2547
l 2547 2537
l 2537 2548
l 2548 2538
l 2538 2549
l 2549 2539
l 2539 2550
l 2550 2551
l 2551 2540
l 2541 2552
l 2552 2542
l 2542 2553
l 2553 2543
l 2543 2554
l 2554 2544
l 2544 2555
l 2555 2545
l 2545 2556
l 2556 2546
l 2546 2557
l 2557 2547
l 2547 2558
l 2558 2548
l 2548 2559
l 2559 2549
l 2549 2560
l 2560 2550
l 2550 2561
l 2561 2562
l 2562 2551
l 2552 2563
l 2563 2553
l 2553 2564
l 2564 2554
l 2554 2565
l 2565 2555
l 2555 2566
l 2566 2556
l 2556 2567
l 2567 2557
l 2557 2568
l 2568 2558
l 2558 2569
l 2569 2559
l 2559 2570
l 2570 2560
l 2560 2571
l 2571 2561
l 2561 2572
l 2572 2573
l 2573 2562
l 2563 2574
l 2574 2564
l 2564 2575
l 2575 2565
l 2565 2576
l 2576 2566
l 2566 2577
l 2577 2567
l 2567 2578
l 2578 2568
l 2568 2579
l 2579 2569
l 2569 2580
l 2580 2570
l 2570 2581
l 2581 2571
l 2571 2582
l 2582 2572
l 2572 2583
l 2583 2584
l 2584 2573
l 2574 2585
l 2585 2575
l 2575 2586
l 2586 2576
l 2576 2587
l 2587 2577
l 2577 2588
l 2588 2578
l 2578 2589
l 2589 2579
l 2579 2590
l 2590 2580
l 2580 2591
l 2591 2581
l 2581 2592
l 2592 2582
l 2582 2593
l 2593 2583
l 2583 2594
l 2594 2595
l 2595 2584
l 2585 2596
l 2596 2586
l 2586 2597
l 2597 2587
l 2587 2598
l 2598 2588
l 2588 2599
l 2599 2589
l 2589 2600
l 2600 2590
l 2590 2601
l 2601 2591
l 2591 2602
l 2602 2592
l 2592 2603
l 2603 2593
l 2593 2604
l 2604 2594
l 2594 2605
l 2605 2606
l 2606 2595
l 2596 2607
l 2607 2597
l 2597 2608
l 2608 2598
l 2598 2609
l 2609 2599
l 2599 2610
l 2610 2600
l 2600 2611
l 2611 2601
l 2601 2612
l 2612 2602
l 2602 2613
l 2613 2603
l 2603 2614
l 2614 2604
l 2604 2615
l 2615 2605
l 2605 2616
l 2616 2617
l 2617 2606
l 2607 2618
l 2618 2608
l 2608 2619
l 2619 2609
l 2609 2620
l 2620 2610
l 2610 2621
l 2621 2611
l 2611 2622
l 2622 2612
l 2612 2623
l 2623 2613
l 2613 2624
l 2624 2614
l 2614 2625
l 2625 2615
l 2615 2626
l 2626 2616
l 2618 2627
l 2627 2619
l 2619 2628
l 2628 2620
l 2620 2629
l 2629 2621
l 2621 2630
l 2630 2622
l 2622 2631
l 2631 2623
l 2623 2632
l 2632 2624
l 2624 2633
l 2633 2625
l 2625 2634
l 2634 2626
l 2627 2635
l 2635 2628
l 2628 2636
l 2636 2629
l 2629 2637
l 2637 2630
l 2630 2638
l 2638 2631
l 2631 2639
l 2639 2632
l 2632 2640
l 2640 2633
l 2633 2641
l 2641 2634
l 2635 2642
l 2642 2636
l 2636 2643
l 2643 2637
l 2637 2644
l 2644 2638
l 2638 2645
l 2645 2639
l 2639 2646
l 2646 2640
l 2640 2647
l 2647 2641
l 2642 2648
l 2648 2643
l 2643 2649
l 2649 2644
l 2644 2650
l 2650 2645
l 2645 2651
l 2651 2646
l 2646 2652
l 2652 2647
l 2653 2654
l 2655 2653
l 2654 2656
l 2657 2654
l 2655 2657
l 2658 2655
l 2656 2659
l 2660 2656
l 2657 2660
l 2661 2657
l 2658 2661
l 2662 2658
l 2659 2648
l 2649 2659
l 2660 2649
l 2650 2660
l 2661 2650
l 2651 2661
l 2662 2651
l 2652 2662
l 1538 2663
l 1541 1538
l 2664 1541
l 1543 2664
l 2665 1543
l 1545 2665
l 1548 1545
l 2666 1548
l 2663 2667
l 2664 2663
l 2668 2664
l 2665 2668
l 2666 2665
l 2669 2666
l 2667 2670
l 2668 2667
l 2669 2668
l 2670 2669


