#OBJ File generated by Abaqus/CAE
#List of Vertices
v 3.39249e-06 0.00999674 3.97039e-07
v 0.00301868 0.00697958 0.00052799
v 0.00388358 0.00999014 0.000694668
v 0.00789788 0.00998543 0.00140914
v 0.00614008 0.00385623 0.00107362
v 0.0100942 0.00997766 0.00180104
v 0.0100695 0.00354545 0.00177146
v 0.00926074 0.000733769 0.00161917
v 0.0100578 -6.0686e-05 0.00175464
v 0.00812121 -5.86513e-05 0.00159151
v 0.000513273 -4.57504e-05 0.000935623
v -1.61673e-05 -4.12999e-05 0.000891806
v -6.93603e-06 0.0048851 0.000452612
v 0.0117824 0.00827799 0.0017179
v 0.0117434 0.0099802 0.00172805
v 0.0153825 0.00997824 0.00157036
v 0.0155039 0.00453111 0.00153457
v 0.019024 0.00997362 0.00141285
v 0.0192259 0.000783889 0.00135125
v 0.0201152 0.00997346 0.0013641
v 0.0200703 -6.61024e-05 0.00130971
v 0.018922 -6.66543e-05 0.00135928
v 0.0138429 -6.30889e-05 0.00158712
v 0.0300846 -6.89695e-05 0.000781113
v 0.0301198 0.00756684 0.000832499
v 0.0277524 0.00227735 0.000920431
v 0.0301284 0.00997086 0.000850551
v 0.0279144 -6.82681e-05 0.000896782
v 0.0308654 0.00922978 0.00079983
v 0.0311605 0.00996737 0.000790539
v 0.040143 0.0099673 0.000260907
v 0.040093 -7.27181e-05 0.000184157
v 0.0455367 0.00452883 -0.000145699
v 0.0476349 0.0099649 -0.000233011
v 0.0501539 0.0099618 -0.000401309
v 0.0500996 -7.73101e-05 -0.000484537
v 0.0431446 -7.25209e-05 -2.24393e-05
v 0.0600993 -7.45735e-05 -0.00122957
v 0.0601536 0.00996351 -0.001136
v 0.070095 -7.80688e-05 -0.00204009
v 0.0701532 0.00996264 -0.00194668
v 0.0800831 -7.51941e-05 -0.00292678
v 0.0801431 0.00996366 -0.00282739
v 0.0901267 0.0099658 -0.00378214
v 0.0882937 0.00996485 -0.00360689
v 0.0901249 0.00944088 -0.00378899
v 0.0900643 -7.50542e-05 -0.0038811
v 0.10004 -7.3821e-05 -0.00490915
v 0.100098 0.0086753 -0.0048235
v 0.0906174 0.00947018 -0.00383912
v 0.100106 0.00996459 -0.00480831
v 0.110005 -7.17855e-05 -0.00600691
v 0.110068 0.00870889 -0.0059189
v 0.101286 0.00877064 -0.00495296
v 0.110075 0.00996392 -0.00590432
v 0.119965 -6.9425e-05 -0.00717815
v 0.120029 0.0086564 -0.00709189
v 0.111298 0.00872332 -0.00606173
v 0.12004 0.00996796 -0.00707967
v 0.129917 -7.14685e-05 -0.00841673
v 0.129981 0.00837398 -0.00833319
v 0.121358 0.00862565 -0.00725615
v 0.129992 0.0099675 -0.00831855
v 0.13986 -6.95193e-05 -0.00973074
v 0.13992 0.00776678 -0.00965359
v 0.131673 0.00825617 -0.0085583
v 0.139937 0.00996663 -0.00963055
v 0.149793 -6.81846e-05 -0.011114
v 0.149851 0.00685185 -0.0110479
v 0.142337 0.00752209 -0.00999061
v 0.149876 0.00996514 -0.0110154
v 0.159716 -6.78036e-05 -0.0125663
v 0.159766 0.00564574 -0.0125134
v 0.153386 0.00638968 -0.011572
v 0.159802 0.00996701 -0.0124715
v 0.169633 -6.86505e-05 -0.0140913
v 0.169671 0.00419626 -0.0140514
v 0.164789 0.00487659 -0.0132934
v 0.169718 0.0099677 -0.0139964
v 0.179536 -7.09351e-05 -0.0156814
v 0.179559 0.00253266 -0.0156595
v 0.17652 0.00301318 -0.0151636
v 0.179627 0.00996697 -0.0155936
v 0.189431 -7.06323e-05 -0.017346
v 0.189437 0.000696075 -0.0173382
v 0.188529 0.000853701 -0.0171851
v 0.189523 0.00996449 -0.0172556
v 0.199316 -7.23228e-05 -0.019079
v 0.199409 0.00996437 -0.0189918
v 0.193274 -7.21594e-05 -0.0180191
v 0.209185 -7.19332e-05 -0.0208788
v 0.209286 0.00996201 -0.0207962
v 0.219049 -7.40838e-05 -0.0227506
v 0.219147 0.00996152 -0.0226671
v 0.228897 -7.47144e-05 -0.0246888
v 0.228998 0.00995825 -0.024606
v 0.238734 -7.40489e-05 -0.0266972
v 0.238835 0.00996056 -0.0266169
v 0.248557 -7.66755e-05 -0.0287697
v 0.248665 0.00995532 -0.0286935
v 0.258367 -7.42573e-05 -0.0309143
v 0.258477 0.00995515 -0.0308382
v 0.268165 -7.57048e-05 -0.0331229
v 0.268274 0.00995546 -0.033049
v 0.277947 -7.69595e-05 -0.0353975
v 0.27806 0.00995597 -0.0353293
v 0.287719 -7.82658e-05 -0.0377418
v 0.287833 0.0099522 -0.0376734
v 0.297473 -7.99268e-05 -0.0401485
v 0.297586 0.00995239 -0.0400818
v 0.307214 -7.79273e-05 -0.0426267
v 0.307328 0.00995202 -0.0425595
v 0.31694 -8.10246e-05 -0.0451651
v 0.317055 0.0099508 -0.0451031
v 0.32665 -8.09827e-05 -0.0477714
v 0.326765 0.00994853 -0.0477086
v 0.336342 -8.22916e-05 -0.0504399
v 0.336459 0.00994916 -0.0503819
v 0.346019 -8.09904e-05 -0.0531762
v 0.346136 0.00994826 -0.0531172
v 0.35568 -8.15197e-05 -0.0559746
v 0.355799 0.00994554 -0.0559181
v 0.365322 -7.99602e-05 -0.0588372
v 0.365444 0.009945 -0.058783
v 0.37507 0.00994633 -0.0617121
v 0.370045 0.00994808 -0.0601845
v 0.375048 0.00844726 -0.0617181
v 0.374947 -8.06742e-05 -0.061762
v 0.384557 -8.39482e-05 -0.0647489
v 0.384624 0.00549477 -0.0647234
v 0.377105 0.00779254 -0.0623621
v 0.384679 0.00994519 -0.0647032
v 0.394146 -8.16327e-05 -0.0678021
v 0.394176 0.00244294 -0.0677895
v 0.390755 0.00350915 -0.0666911
v 0.394267 0.00994551 -0.0677547
v 0.40372 -8.23251e-05 -0.0709175
v 0.403843 0.00994287 -0.0708719
v 0.401825 -8.5176e-05 -0.070298
v 0.413276 -8.61884e-05 -0.0740914
v 0.413398 0.00994124 -0.0740497
v 0.422809 -8.51408e-05 -0.0773282
v 0.422932 0.00994041 -0.077288
v 0.432325 -8.3603e-05 -0.0806292
v 0.432446 0.00994013 -0.080587
v 0.44182 -8.58483e-05 -0.0839855
v 0.441944 0.00994019 -0.0839502
v 0.451299 -8.80074e-05 -0.0874061
v 0.451418 0.00994044 -0.0873706
v 0.460754 -8.60886e-05 -0.0908861
v 0.460878 0.00993654 -0.0908532
v 0.470191 -8.86124e-05 -0.0944251
v 0.470314 0.00993648 -0.0943953
v 0.479608 -8.74811e-05 -0.0980271
v 0.479727 0.009936 -0.0979946
v 0.489 -8.70663e-05 -0.101683
v 0.489122 0.00993485 -0.101655
v 0.498374 -8.7482e-05 -0.1054
v 0.498494 0.00993698 -0.105375
v 0.507728 -8.89582e-05 -0.109175
v 0.507847 0.00993406 -0.109151
v 0.517061 -9.16653e-05 -0.113008
v 0.517177 0.00993399 -0.112986
v 0.526368 -9.17354e-05 -0.116898
v 0.526486 0.00993255 -0.116879
v 0.535653 -8.92962e-05 -0.120847
v 0.53577 0.00993367 -0.120829
v 0.544921 -9.26724e-05 -0.124853
v 0.545032 0.00993307 -0.124833
v 0.55416 -8.98359e-05 -0.128914
v 0.554274 0.00993064 -0.128896
v 0.563378 -9.31473e-05 -0.133028
v 0.563492 0.00993022 -0.133015
v 0.572574 -9.0524e-05 -0.137204
v 0.572685 0.00992768 -0.137186
v 0.581858 0.0099268 -0.141418
v 0.57384 0.00992814 -0.137721
v 0.581811 0.00599232 -0.141423
v 0.581746 -9.0316e-05 -0.141432
v 0.590894 -9.26005e-05 -0.145712
v 0.59091 0.00127187 -0.145713
v 0.58861 0.00243905 -0.144628
v 0.591001 0.0099275 -0.1457
v 0.600019 -9.3518e-05 -0.15005
v 0.600124 0.00992566 -0.150037
v 0.593449 -9.0537e-05 -0.146929
v 0.609119 -9.31892e-05 -0.154442
v 0.609225 0.00992507 -0.154432
v 0.618194 -9.17337e-05 -0.158888
v 0.618297 0.00992564 -0.158877
v 0.627248 -9.33643e-05 -0.163386
v 0.627345 0.0099272 -0.163377
v 0.636273 -9.4153e-05 -0.167936
v 0.636371 0.00992566 -0.16793
v 0.645276 -9.42175e-05 -0.172541
v 0.645371 0.0099249 -0.172534
v 0.654252 -9.36465e-05 -0.177197
v 0.654343 0.0099248 -0.177189
v 0.663202 -9.26135e-05 -0.181905
v 0.663295 0.00992124 -0.181898
v 0.672125 -9.51896e-05 -0.186659
v 0.672216 0.00992215 -0.186657
v 0.681025 -9.34894e-05 -0.191471
v 0.681112 0.00992331 -0.191468
v 0.689899 -9.56338e-05 -0.19633
v 0.689982 0.00992078 -0.196325
v 0.698744 -9.36691e-05 -0.201239
v 0.698827 0.00992236 -0.201238
v 0.707567 -9.574e-05 -0.2062
v 0.707646 0.00992002 -0.206197
v 0.716358 -9.38527e-05 -0.211209
v 0.716437 0.00992163 -0.211208
v 0.72513 -9.61485e-05 -0.216268
v 0.725203 0.00991917 -0.216266
v 0.733867 -9.46639e-05 -0.221373
v 0.733939 0.00992047 -0.221373
v 0.742582 -9.35585e-05 -0.226531
v 0.742653 0.00991757 -0.226528
v 0.751269 -9.67494e-05 -0.231731
v 0.751333 0.00991832 -0.231728
v 0.759926 -9.64377e-05 -0.23698
v 0.759989 0.00991872 -0.236979
v 0.768618 0.00991867 -0.242277
v 0.768318 0.00991727 -0.242091
v 0.768614 0.00959539 -0.242276
v 0.768557 -9.65725e-05 -0.242276
v 0.77716 -9.33299e-05 -0.247622
v 0.777218 0.00991817 -0.247619
v 0.777026 -9.5949e-05 -0.247536
v 0.785736 -9.45968e-05 -0.25301
v 0.785789 0.00991715 -0.253006
v 0.794281 -9.25888e-05 -0.258444
v 0.794334 0.00991554 -0.25844
v 0.802804 -9.51225e-05 -0.263925
v 0.80285 0.00991729 -0.263921
v 0.811294 -9.4469e-05 -0.26945
v 0.811338 0.00991837 -0.269448
v 0.819757 -9.44847e-05 -0.27502
v 0.819798 0.00991496 -0.275014
v 0.828191 -9.52945e-05 -0.280632
v 0.82823 0.00991477 -0.280627
v 0.836593 -9.28994e-05 -0.286288
v 0.83663 0.00991775 -0.286285
v 0.84497 -9.13008e-05 -0.29199
v 0.845003 0.00991615 -0.291984
v 0.853318 -9.44456e-05 -0.29773
v 0.853347 0.00991778 -0.297727
v 0.861634 -9.04991e-05 -0.303517
v 0.861661 0.00991477 -0.303508
v 0.869925 -9.12368e-05 -0.309345
v 0.86995 0.00991498 -0.309338
v 0.878186 -9.27779e-05 -0.315213
v 0.878206 0.0099145 -0.315204
v 0.886416 -9.12525e-05 -0.321124
v 0.88643 0.00991715 -0.321113
v 0.894617 -9.06023e-05 -0.327076
v 0.89463 0.00991517 -0.327064
v 0.902786 -9.07001e-05 -0.333065
v 0.902797 0.00991638 -0.333054
v 0.910931 -9.14329e-05 -0.339098
v 0.910933 0.00991714 -0.339082
v 0.91904 -8.88292e-05 -0.345168
v 0.919045 0.00991734 -0.345155
v 0.927122 -8.72248e-05 -0.35128
v 0.927123 0.00991689 -0.351263
v 0.936153 -9.04348e-05 -0.356055
v 0.936136 0.00991394 -0.356074
v 0.0100919 0.0124069 0.0018065
v 0.00419759 0.0158344 0.000748677
v 4.04931e-06 0.0200026 -3.58136e-06
v 0.00623998 0.0199941 0.0011251
v 0.0100972 0.017748 0.00182089
v 0.010097 0.0199882 0.0018269
v 3.92919e-06 0.019019 -2.01419e-06
v 1.50325e-06 0.0159789 2.94413e-07
v 2.59385e-06 0.0129401 -2.39138e-06
v 0.0167077 0.0133816 0.00151976
v 0.0152118 0.019987 0.00160644
v 0.0201174 0.0199812 0.00139857
v 0.0301344 0.0199791 0.000896613
v 0.029991 0.0199775 0.000906295
v 0.0301363 0.0191079 0.000893279
v 0.0401495 0.0199741 0.000316899
v 0.0475549 0.0125608 -0.000212702
v 0.047498 0.019975 -0.00016332
v 0.0501587 0.0199718 -0.000337321
v 0.0601608 0.0199712 -0.00106649
v 0.0701565 0.0199725 -0.00186982
v 0.0694047 0.0199731 -0.00181221
v 0.0701569 0.018716 -0.00188194
v 0.0801417 0.0113908 -0.00281553
v 0.0740091 0.0161126 -0.00224044
v 0.0801511 0.0199705 -0.0027492
v 0.0901331 0.0199742 -0.00370078
v 0.100114 0.0199742 -0.0047278
v 0.110084 0.0199747 -0.0058245
v 0.120047 0.0199754 -0.00699455
v 0.130004 0.019976 -0.00823778
v 0.139949 0.0199762 -0.00955022
v 0.149887 0.0199758 -0.0109354
v 0.159815 0.0199745 -0.0123895
v 0.169734 0.0199763 -0.0139181
v 0.179644 0.0199724 -0.015513
v 0.189541 0.0199712 -0.0171784
v 0.199426 0.0199724 -0.0189142
v 0.209301 0.0199714 -0.020718
v 0.219165 0.0199679 -0.0225897
v 0.229017 0.0199661 -0.0245313
v 0.238857 0.0199656 -0.0265428
v 0.248682 0.0199662 -0.0286202
v 0.258497 0.0199634 -0.0307651
v 0.268294 0.0199653 -0.032978
v 0.278082 0.0199633 -0.0352582
v 0.287854 0.0199613 -0.0376041
v 0.297608 0.0199591 -0.040012
v 0.307349 0.0199605 -0.0424913
v 0.30183 0.0199604 -0.0410872
v 0.307349 0.0192322 -0.0424987
v 0.317074 0.0179119 -0.04505
v 0.308174 0.0191104 -0.0427135
v 0.317076 0.0199612 -0.0450361
v 0.326782 0.0165533 -0.0476667
v 0.319389 0.0175699 -0.0456742
v 0.32679 0.0199567 -0.0476444
v 0.336472 0.015155 -0.0503502
v 0.330643 0.0159686 -0.0487349
v 0.336482 0.0199594 -0.0503187
v 0.346145 0.0137085 -0.0530928
v 0.341931 0.0143095 -0.0518987
v 0.346163 0.0199564 -0.0530564
v 0.355806 0.0122223 -0.0559058
v 0.353252 0.0125923 -0.055162
v 0.355824 0.0199558 -0.0558581
v 0.365443 0.0106957 -0.058779
v 0.364607 0.0108162 -0.0585292
v 0.365466 0.0199574 -0.0587236
v 0.375094 0.0199527 -0.061649
v 0.384704 0.0199539 -0.0646439
v 0.394295 0.0199524 -0.0676972
v 0.403868 0.0199522 -0.0708145
v 0.413419 0.019953 -0.0739921
v 0.422956 0.0199506 -0.0772317
v 0.432475 0.0199488 -0.0805354
v 0.44197 0.0199474 -0.083896
v 0.451445 0.0199462 -0.0873173
v 0.460903 0.0199491 -0.0908048
v 0.470339 0.0199478 -0.0943474
v 0.479754 0.0199461 -0.0979473
v 0.489149 0.0199438 -0.101608
v 0.498521 0.0199449 -0.105328
v 0.507872 0.0199449 -0.109106
v 0.517202 0.0199439 -0.112942
v 0.526511 0.0199415 -0.116835
v 0.535795 0.0199418 -0.120784
v 0.529693 0.0199401 -0.118188
v 0.535792 0.0186698 -0.120789
v 0.545049 0.0166764 -0.124804
v 0.537283 0.0183282 -0.121435
v 0.545059 0.0199404 -0.124792
v 0.554288 0.0146026 -0.128877
v 0.548891 0.0157795 -0.1265
v 0.5543 0.0199372 -0.128854
v 0.563499 0.0124511 -0.133004
v 0.56058 0.0131005 -0.131697
v 0.563515 0.0199402 -0.132975
v 0.572684 0.0102165 -0.137185
v 0.572353 0.0102928 -0.137036
v 0.57271 0.019937 -0.137149
v 0.581878 0.0199356 -0.141376
v 0.591027 0.0199358 -0.145664
v 0.600148 0.0199335 -0.15
v 0.609245 0.0199365 -0.154396
v 0.618321 0.0199328 -0.158842
v 0.627367 0.0199341 -0.163341
v 0.636394 0.0199323 -0.167896
v 0.645391 0.0199315 -0.172498
v 0.654364 0.0199313 -0.177156
v 0.663311 0.0199317 -0.181865
v 0.672235 0.0199286 -0.186624
v 0.681131 0.0199299 -0.191436
v 0.690002 0.0199276 -0.196296
v 0.698846 0.0199294 -0.20121
v 0.707665 0.0199273 -0.206171
v 0.716452 0.0199293 -0.21118
v 0.725218 0.0199272 -0.21624
v 0.733956 0.0199251 -0.221346
v 0.742663 0.0199267 -0.226501
v 0.751348 0.0199241 -0.231704
v 0.743055 0.0199264 -0.226736
v 0.751343 0.016821 -0.231712
v 0.759992 0.0133957 -0.23697
v 0.755483 0.0151382 -0.23423
v 0.760003 0.0199251 -0.236956
v 0.768628 0.0199257 -0.242252
v 0.777227 0.019926 -0.247595
v 0.7858 0.0199258 -0.252986
v 0.794345 0.0199251 -0.258421
v 0.802861 0.0199239 -0.263902
v 0.811346 0.0199221 -0.269424
v 0.819806 0.0199236 -0.274996
v 0.828233 0.0199245 -0.280607
v 0.836639 0.019921 -0.286265
v 0.845011 0.0199206 -0.291965
v 0.853352 0.0199236 -0.297709
v 0.861668 0.019922 -0.303494
v 0.869954 0.0199198 -0.309319
v 0.878207 0.0199208 -0.315186
v 0.886434 0.0199212 -0.321097
v 0.894633 0.019921 -0.327049
v 0.9028 0.0199202 -0.333038
v 0.910937 0.0199228 -0.33907
v 0.919045 0.0199212 -0.345137
v 0.927125 0.0199228 -0.351249
v 0.936116 0.0199198 -0.356095
v 2.18101e-06 0.0300061 -2.70637e-06
v 0.00065411 0.029358 0.000116721
v 0.00265635 0.0300017 0.000481254
v 0.0100954 0.0299958 0.00182966
v 0.0100972 0.0296874 0.00182865
v 0.00271461 0.0273123 0.000491302
v 0.010096 0.0269776 0.00183059
v 0.0047785 0.0252669 0.000861881
v 0.010098 0.0242698 0.00182738
v 0.0068383 0.0232221 0.00123637
v 0.0100954 0.021564 0.00182677
v 0.00890154 0.0211776 0.00160689
v 6.13968e-07 0.029478 -7.25768e-07
v 3.88021e-06 0.0278084 -3.54375e-06
v 3.9366e-06 0.026138 -2.07552e-06
v 2.28405e-06 0.024471 -2.52351e-06
v 3.499e-06 0.0227987 -3.46276e-07
v 3.04917e-06 0.0211299 -5.9024e-08
v 0.0105421 0.0295522 0.00180785
v 0.0108299 0.0299958 0.00179759
v 0.0172787 0.0299922 0.00153509
v 0.0144623 0.0256317 0.00164232
v 0.0201187 0.0299909 0.00141833
v 0.0201192 0.0244024 0.00140632
v 0.0183807 0.0217153 0.00147456
v 0.0301358 0.0299866 0.000925751
v 0.0401504 0.0299851 0.000354522
v 0.0434848 0.0266477 0.000125196
v 0.0415026 0.0299836 0.000268425
v 0.0501624 0.0299804 -0.000294171
v 0.0601651 0.0299819 -0.00101968
v 0.0671293 0.0230052 -0.0016124
v 0.0617735 0.0299796 -0.00114659
v 0.0701621 0.0299801 -0.00181785
v 0.0801557 0.0299796 -0.00269399
v 0.0901415 0.0299798 -0.00364426
v 0.10012 0.0299808 -0.00466816
v 0.110091 0.0299823 -0.00576555
v 0.120055 0.0299839 -0.00693618
v 0.130011 0.0299854 -0.00817986
v 0.139959 0.0299821 -0.00949045
v 0.149897 0.0299827 -0.0108758
v 0.159824 0.0299823 -0.0123299
v 0.169744 0.0299809 -0.0138562
v 0.179654 0.0299824 -0.0154568
v 0.18955 0.0299823 -0.0171217
v 0.199439 0.0299804 -0.0188584
v 0.209312 0.0299806 -0.0206614
v 0.219178 0.0299785 -0.0225359
v 0.229031 0.029978 -0.0244801
v 0.238871 0.0299747 -0.0264882
v 0.248698 0.0299725 -0.0285658
v 0.240789 0.0299756 -0.026896
v 0.248696 0.0288042 -0.0285744
v 0.258506 0.0272928 -0.0307261
v 0.250064 0.0285795 -0.028874
v 0.258511 0.0299754 -0.0307149
v 0.268305 0.0257273 -0.0329489
v 0.26164 0.0267721 -0.0314372
v 0.268313 0.0299704 -0.0329255
v 0.278088 0.0241081 -0.035235
v 0.273282 0.0248786 -0.0341117
v 0.2781 0.02997 -0.0352075
v 0.287856 0.0224398 -0.0375899
v 0.284978 0.0229113 -0.0368971
v 0.287869 0.0299697 -0.0375514
v 0.297611 0.0207226 -0.0400134
v 0.296724 0.0208695 -0.03979
v 0.297626 0.0299692 -0.0399644
v 0.307368 0.0299682 -0.0424429
v 0.317096 0.0299666 -0.0449868
v 0.326807 0.0299682 -0.0475982
v 0.336502 0.0299645 -0.0502692
v 0.346179 0.0299677 -0.0530097
v 0.355843 0.029965 -0.0558134
v 0.365489 0.0299647 -0.0586809
v 0.375114 0.0299622 -0.0616066
v 0.384724 0.0299614 -0.0645996
v 0.394315 0.0299623 -0.0676564
v 0.403891 0.0299603 -0.070775
v 0.413444 0.0299595 -0.0739538
v 0.422977 0.0299596 -0.077193
v 0.432493 0.0299603 -0.0804961
v 0.441993 0.0299574 -0.0838611
v 0.45147 0.0299548 -0.087283
v 0.460925 0.0299564 -0.0907675
v 0.470362 0.0299538 -0.0943106
v 0.479775 0.0299549 -0.0979128
v 0.489172 0.0299515 -0.101574
v 0.498544 0.0299514 -0.105294
v 0.490157 0.0299528 -0.101966
v 0.498538 0.0279463 -0.105302
v 0.507885 0.0256354 -0.109087
v 0.501002 0.0273157 -0.1063
v 0.507895 0.0299504 -0.109072
v 0.517209 0.0232553 -0.112932
v 0.513197 0.0242512 -0.111277
v 0.517223 0.0299525 -0.112909
v 0.526511 0.0208009 -0.116832
v 0.52547 0.0210609 -0.116392
v 0.526532 0.0299492 -0.116802
v 0.535818 0.0299486 -0.120755
v 0.545082 0.0299464 -0.124762
v 0.55432 0.0299465 -0.128825
v 0.563536 0.0299448 -0.132943
v 0.572732 0.029945 -0.137122
v 0.581902 0.0299431 -0.141352
v 0.591046 0.0299428 -0.145635
v 0.600167 0.0299441 -0.149976
v 0.609264 0.0299428 -0.154368
v 0.618339 0.0299428 -0.158819
v 0.627388 0.0299399 -0.163317
v 0.636411 0.029942 -0.167873
v 0.645409 0.029941 -0.172477
v 0.65438 0.0299407 -0.177133
v 0.663329 0.0299372 -0.181842
v 0.672251 0.0299382 -0.186604
v 0.681147 0.0299357 -0.191413
v 0.690015 0.0299375 -0.196276
v 0.698862 0.0299356 -0.20119
v 0.707677 0.0299339 -0.206148
v 0.716468 0.0299363 -0.211162
v 0.72523 0.0299347 -0.21622
v 0.717396 0.0299348 -0.211697
v 0.725228 0.0269675 -0.216227
v 0.733959 0.0235669 -0.221339
v 0.729177 0.025407 -0.218539
v 0.733968 0.029933 -0.221327
v 0.742665 0.0200845 -0.226501
v 0.742456 0.0201658 -0.226377
v 0.742674 0.0299352 -0.226483
v 0.751358 0.0299333 -0.231687
v 0.760011 0.0299311 -0.236935
v 0.768639 0.0299325 -0.242235
v 0.777239 0.0299297 -0.247577
v 0.785811 0.0299304 -0.252969
v 0.794351 0.0299307 -0.258402
v 0.802866 0.0299305 -0.263883
v 0.811353 0.0299298 -0.269409
v 0.81981 0.0299285 -0.274977
v 0.828238 0.0299307 -0.280592
v 0.836643 0.0299284 -0.286251
v 0.845013 0.0299294 -0.291951
v 0.853355 0.0299298 -0.297694
v 0.861669 0.0299297 -0.303479
v 0.869956 0.0299291 -0.309308
v 0.878209 0.0299278 -0.315174
v 0.886436 0.0299261 -0.321083
v 0.894633 0.0299276 -0.327035
v 0.902799 0.0299249 -0.333023
v 0.910939 0.0299256 -0.339056
v 0.919046 0.0299259 -0.345124
v 0.927125 0.0299259 -0.351234
v 0.936097 0.0299267 -0.35612
v 1.94005e-06 0.0400072 -7.18409e-07
v 0.001218 0.0388027 0.000217458
v 0.00327302 0.0400069 0.000593374
v 0.0100992 0.0400006 0.00182966
v 0.0100972 0.0365666 0.00183087
v 0.00592157 0.0341344 0.00107427
v 4.04837e-06 0.0372685 -1.11405e-06
v 0.0116974 0.0384031 0.00176486
v 0.0127558 0.0399997 0.00172429
v 0.0184986 0.0399952 0.00149221
v 0.0151493 0.0349554 0.00162244
v 0.0201198 0.039997 0.00142485
v 0.0201171 0.0337973 0.00142158
v 0.0186014 0.0315074 0.00147998
v 0.0257069 0.0344119 0.00114762
v 0.027574 0.0399924 0.00106471
v 0.0301392 0.0399917 0.000943074
v 0.0401542 0.0399916 0.000374747
v 0.0383501 0.0399942 0.00047574
v 0.0401495 0.0356722 0.000368064
v 0.0501635 0.0399889 -0.000266469
v 0.0601653 0.0399913 -0.000989264
v 0.0577456 0.0399882 -0.000815435
v 0.0601659 0.0333005 -0.00101028
v 0.0701652 0.0399906 -0.00178815
v 0.0801569 0.0399907 -0.00266149
v 0.0901445 0.0399918 -0.00361251
v 0.100126 0.039989 -0.00463502
v 0.110098 0.0399911 -0.00573303
v 0.120059 0.0399934 -0.00690045
v 0.130018 0.0399912 -0.00814229
v 0.139963 0.0399931 -0.00945529
v 0.149907 0.03999 -0.0108423
v 0.159833 0.0399906 -0.0122963
v 0.169752 0.03999 -0.0138223
v 0.179663 0.0399882 -0.0154202
v 0.189562 0.0399892 -0.0170883
v 0.199449 0.0399883 -0.0188242
v 0.192184 0.0399881 -0.0175466
v 0.199448 0.038773 -0.0188265
v 0.209321 0.0369271 -0.0206393
v 0.200935 0.0384792 -0.0190994
v 0.209326 0.0399854 -0.0206279
v 0.219185 0.0349058 -0.022522
v 0.213136 0.0361153 -0.0213657
v 0.219189 0.0399845 -0.0225013
v 0.229034 0.0327381 -0.0244715
v 0.2256 0.0334657 -0.0237891
v 0.229044 0.0399853 -0.0244479
v 0.238872 0.0304389 -0.0264867
v 0.238286 0.0305696 -0.0263664
v 0.238885 0.0399833 -0.0264582
v 0.248709 0.0399824 -0.0285342
v 0.258525 0.0399826 -0.0306832
v 0.268327 0.0399791 -0.0328955
v 0.278111 0.0399803 -0.0351755
v 0.287885 0.0399773 -0.0375224
v 0.297642 0.0399785 -0.0399367
v 0.307383 0.0399793 -0.0424163
v 0.317112 0.0399753 -0.0449591
v 0.326823 0.0399745 -0.0475692
v 0.336519 0.0399769 -0.0502466
v 0.346198 0.0399737 -0.0529834
v 0.355861 0.0399731 -0.0557875
v 0.365504 0.0399748 -0.0586553
v 0.375133 0.0399703 -0.0615825
v 0.384744 0.0399718 -0.064579
v 0.394334 0.0399708 -0.0676335
v 0.403906 0.0399712 -0.0707518
v 0.413463 0.0399687 -0.0739316
v 0.422997 0.0399671 -0.0771717
v 0.432515 0.0399663 -0.0804755
v 0.442011 0.039966 -0.0838396
v 0.451488 0.0399661 -0.087264
v 0.460946 0.0399622 -0.0907468
v 0.470379 0.0399623 -0.0942886
v 0.463957 0.0399628 -0.0918768
v 0.470376 0.0375988 -0.094296
v 0.479783 0.0340275 -0.0979027
v 0.473865 0.0362508 -0.0956333
v 0.479796 0.0399622 -0.0978945
v 0.489169 0.0303484 -0.101572
v 0.488596 0.0305681 -0.101349
v 0.489188 0.0399617 -0.101554
v 0.498564 0.0399605 -0.105278
v 0.507915 0.0399585 -0.109055
v 0.517243 0.0399595 -0.112892
v 0.52655 0.0399594 -0.116786
v 0.535836 0.0399579 -0.120738
v 0.545099 0.039955 -0.124745
v 0.554337 0.0399544 -0.128807
v 0.563553 0.039956 -0.13293
v 0.572748 0.0399557 -0.137107
v 0.581917 0.0399532 -0.141336
v 0.591062 0.0399525 -0.145622
v 0.600182 0.0399534 -0.149961
v 0.60928 0.0399517 -0.154356
v 0.618354 0.0399514 -0.158804
v 0.627401 0.0399484 -0.163302
v 0.636425 0.0399503 -0.167859
v 0.645423 0.0399492 -0.172465
v 0.654395 0.039949 -0.177122
v 0.663342 0.0399456 -0.181829
v 0.672265 0.0399467 -0.186593
v 0.681161 0.0399444 -0.191403
v 0.690026 0.0399464 -0.196264
v 0.698869 0.0399449 -0.201175
v 0.707688 0.0399435 -0.206139
v 0.701627 0.0399444 -0.202727
v 0.707682 0.0361798 -0.206142
v 0.71647 0.0305402 -0.21116
v 0.715265 0.0313055 -0.210473
v 0.716477 0.0399424 -0.211148
v 0.725239 0.0399413 -0.216207
v 0.733976 0.0399403 -0.221315
v 0.742684 0.0399392 -0.22647
v 0.751366 0.0399418 -0.231677
v 0.760018 0.0399404 -0.236925
v 0.768647 0.0399387 -0.242224
v 0.777246 0.0399368 -0.247567
v 0.785813 0.0399385 -0.252956
v 0.794357 0.0399359 -0.258391
v 0.802871 0.0399368 -0.263873
v 0.811357 0.0399372 -0.269399
v 0.819812 0.0399372 -0.274967
v 0.828245 0.0399367 -0.280584
v 0.836644 0.0399358 -0.28624
v 0.845014 0.0399343 -0.291938
v 0.853358 0.0399363 -0.297685
v 0.861672 0.0399339 -0.303469
v 0.869953 0.0399348 -0.309294
v 0.878213 0.0399314 -0.315165
v 0.886439 0.0399314 -0.321075
v 0.894635 0.0399309 -0.327025
v 0.902797 0.0399339 -0.333014
v 0.910937 0.0399328 -0.339046
v 0.919046 0.0399314 -0.345116
v 0.927123 0.0399334 -0.351226
v 0.936076 0.0399305 -0.356143
v 1.08473e-06 0.0500098 1.44519e-07
v 0.00412788 0.0459207 0.000746372
v 0.00551185 0.0500093 0.000997125
v 0.0100975 0.050006 0.00183185
v 0.0136087 0.0465004 0.00168843
v 0.0143721 0.0500049 0.00166028
v 0.0201192 0.0500035 0.00142974
v 0.0201231 0.0479994 0.00142714
v 0.0186868 0.0414283 0.00148295
v 0.0206561 0.0494679 0.00140287
v 0.020797 0.0500027 0.00139499
v 0.0301399 0.050003 0.000944002
v 0.0301391 0.0491961 0.000944808
v 0.0282602 0.0418736 0.00102997
v 0.0401539 0.0499997 0.000384847
v 0.0501633 0.0500013 -0.000260299
v 0.0572336 0.0429257 -0.000775937
v 0.0556539 0.0500006 -0.000655884
v 0.0601702 0.05 -0.000981888
v 0.0701681 0.0499994 -0.00177832
v 0.0801615 0.0499999 -0.00265265
v 0.0901465 0.0500011 -0.00360091
v 0.100129 0.0499987 -0.00462421
v 0.0994702 0.0499998 -0.00455616
v 0.100129 0.0496334 -0.0046239
v 0.110099 0.0483584 -0.00572175
v 0.10057 0.0495564 -0.00467324
v 0.110098 0.0500012 -0.00571912
v 0.120066 0.0488052 -0.00689074
v 0.11172 0.0483706 -0.00591044
v 0.120065 0.0499995 -0.00688862
v 0.130024 0.0497339 -0.00813151
v 0.121198 0.0488606 -0.00703215
v 0.130022 0.0500021 -0.00813295
v 0.130279 0.04974 -0.00816339
v 0.134831 0.0500003 -0.00876686
v 0.139969 0.0500002 -0.00944389
v 0.149909 0.0499978 -0.0108271
v 0.159838 0.049999 -0.0122846
v 0.151378 0.0500009 -0.0110461
v 0.159839 0.0491051 -0.0122851
v 0.169758 0.0471978 -0.0138176
v 0.160962 0.0488667 -0.0124606
v 0.16976 0.0499993 -0.0138139
v 0.179665 0.0444743 -0.0154142
v 0.173622 0.046092 -0.0144378
v 0.179667 0.0499983 -0.0154076
v 0.18956 0.041047 -0.0170868
v 0.188003 0.0415642 -0.0168222
v 0.18957 0.0499958 -0.0170765
v 0.199456 0.049996 -0.0188115
v 0.209334 0.0499941 -0.0206177
v 0.2192 0.0499943 -0.0224935
v 0.229054 0.049992 -0.0244366
v 0.238892 0.0499913 -0.0264453
v 0.248721 0.0499917 -0.0285269
v 0.258536 0.049989 -0.0306718
v 0.268336 0.0499912 -0.0328879
v 0.278122 0.0499896 -0.0351671
v 0.287896 0.0499882 -0.0375153
v 0.297654 0.0499868 -0.0399286
v 0.307397 0.0499851 -0.0424071
v 0.317123 0.0499869 -0.0449528
v 0.326836 0.0499838 -0.0475614
v 0.336532 0.0499839 -0.0502372
v 0.346209 0.0499826 -0.0529744
v 0.355871 0.049984 -0.0557787
v 0.36552 0.0499795 -0.0586459
v 0.375147 0.0499813 -0.0615786
v 0.384754 0.0499808 -0.0645692
v 0.394348 0.0499779 -0.0676249
v 0.403923 0.0499765 -0.0707441
v 0.413476 0.0499764 -0.0739232
v 0.423011 0.0499772 -0.077166
v 0.43253 0.0499748 -0.0804704
v 0.442025 0.049973 -0.0838313
v 0.451503 0.0499716 -0.0872561
v 0.460958 0.0499745 -0.0907431
v 0.453046 0.0499731 -0.0878254
v 0.460947 0.0427714 -0.0907447
v 0.470392 0.0499733 -0.0942848
v 0.479811 0.0499719 -0.0978906
v 0.489203 0.0499702 -0.10155
v 0.498576 0.0499679 -0.10527
v 0.507929 0.0499689 -0.109052
v 0.517257 0.0499689 -0.112888
v 0.526564 0.0499679 -0.116782
v 0.53585 0.0499656 -0.120733
v 0.54511 0.0499659 -0.124741
v 0.554351 0.0499646 -0.128806
v 0.563568 0.0499616 -0.132925
v 0.572762 0.0499606 -0.137101
v 0.581931 0.0499617 -0.141334
v 0.591075 0.0499605 -0.145618
v 0.600196 0.049961 -0.14996
v 0.609294 0.0499591 -0.154353
v 0.618365 0.0499585 -0.1588
v 0.627412 0.0499592 -0.1633
v 0.636435 0.0499571 -0.167854
v 0.645435 0.049956 -0.172461
v 0.654404 0.0499558 -0.177116
v 0.663352 0.0499525 -0.181825
v 0.672272 0.0499538 -0.186586
v 0.681168 0.0499517 -0.191398
v 0.690039 0.0499501 -0.196261
v 0.698877 0.0499528 -0.201171
v 0.695397 0.0499512 -0.199238
v 0.698874 0.0444069 -0.201173
v 0.707693 0.0499519 -0.206132
v 0.716485 0.0499513 -0.211146
v 0.725247 0.0499508 -0.216205
v 0.73398 0.0499504 -0.221311
v 0.742689 0.049946 -0.226465
v 0.751372 0.0499456 -0.23167
v 0.760024 0.049945 -0.236919
v 0.768652 0.0499442 -0.242218
v 0.777248 0.0499471 -0.247563
v 0.785816 0.0499459 -0.252951
v 0.794359 0.0499444 -0.258386
v 0.802873 0.0499426 -0.263866
v 0.811358 0.0499442 -0.269393
v 0.819817 0.0499416 -0.274963
v 0.828245 0.0499425 -0.280576
v 0.836642 0.049943 -0.286232
v 0.845016 0.0499392 -0.291932
v 0.85336 0.0499388 -0.297676
v 0.86167 0.0499418 -0.303462
v 0.869955 0.0499406 -0.30929
v 0.87821 0.0499389 -0.315157
v 0.886435 0.0499369 -0.321064
v 0.894632 0.0499383 -0.327018
v 0.902798 0.0499393 -0.333009
v 0.910937 0.0499364 -0.339038
v 0.919044 0.049937 -0.345108
v 0.927121 0.0499373 -0.351216
v 0.936053 0.0499383 -0.356173
v 5.91352e-06 0.0600093 -1.59892e-06
v 0.00408835 0.0559633 0.000739754
v 0.00287292 0.0600108 0.000521309
v 0.0100956 0.0600127 0.00183318
v 0.0201199 0.0600095 0.00142855
v 0.0188323 0.0600092 0.00147968
v 0.0201239 0.052458 0.00142681
v 0.0134735 0.0566421 0.00169489
v 0.0128951 0.0600119 0.00171948
v 0.0301395 0.0600085 0.000944601
v 0.0281773 0.0600111 0.00103796
v 0.0301388 0.0510252 0.000944532
v 0.0357894 0.0543645 0.000626033
v 0.0365733 0.0600101 0.000580469
v 0.0401562 0.0600084 0.000376662
v 0.0501639 0.0600097 -0.000266429
v 0.0558503 0.0543224 -0.000674012
v 0.0564225 0.0600099 -0.000717308
v 0.0601681 0.0600075 -0.000986219
v 0.0701713 0.0600067 -0.00178788
v 0.0801618 0.0600068 -0.00265986
v 0.0901479 0.0600079 -0.00360917
v 0.100129 0.0510242 -0.00462465
v 0.0997194 0.0504082 -0.0045809
v 0.100129 0.0600098 -0.00463555
v 0.110101 0.05449 -0.00572604
v 0.106838 0.0532735 -0.00536381
v 0.110101 0.0600079 -0.00572896
v 0.120068 0.0531169 -0.00689385
v 0.11646 0.0536201 -0.00646784
v 0.120068 0.0600064 -0.00689889
v 0.130022 0.0506742 -0.00813023
v 0.129157 0.0508718 -0.00802562
v 0.130025 0.0600093 -0.00814347
v 0.139972 0.0600078 -0.00945447
v 0.149911 0.0600059 -0.0108375
v 0.159841 0.0521406 -0.0122892
v 0.15816 0.0516915 -0.0120407
v 0.15984 0.0600076 -0.0122947
v 0.169761 0.0566472 -0.013819
v 0.165261 0.0545373 -0.0131239
v 0.169761 0.0600085 -0.0138234
v 0.171824 0.0579224 -0.0141512
v 0.175078 0.0600068 -0.014681
v 0.179673 0.0600039 -0.0154179
v 0.189572 0.0600065 -0.017088
v 0.199463 0.0600033 -0.0188235
v 0.209339 0.0600024 -0.0206285
v 0.219203 0.0600036 -0.0225029
v 0.229059 0.0600023 -0.024448
v 0.238898 0.0600027 -0.0264587
v 0.248726 0.0600002 -0.0285362
v 0.258542 0.0599987 -0.0306827
v 0.268344 0.059998 -0.0328981
v 0.278131 0.0599978 -0.0351786
v 0.287905 0.0599979 -0.0375278
v 0.297661 0.0599938 -0.0399364
v 0.307408 0.0599937 -0.0424192
v 0.317134 0.0599931 -0.0449634
v 0.326846 0.0599917 -0.0475726
v 0.336541 0.0599936 -0.0502486
v 0.346223 0.0599901 -0.0529875
v 0.355884 0.0599892 -0.0557897
v 0.365529 0.0599908 -0.0586587
v 0.375157 0.0599905 -0.0615891
v 0.384767 0.0599881 -0.0645808
v 0.394358 0.0599874 -0.0676358
v 0.40393 0.0599883 -0.0707543
v 0.413485 0.0599863 -0.0739341
v 0.423023 0.0599855 -0.0771773
v 0.432539 0.0599855 -0.0804805
v 0.442035 0.0599822 -0.0838417
v 0.451513 0.0599834 -0.0872685
v 0.456268 0.0549423 -0.0890151
v 0.459515 0.0599817 -0.0902162
v 0.460968 0.0599808 -0.0907499
v 0.470407 0.0599783 -0.094295
v 0.479821 0.0599797 -0.0978989
v 0.489217 0.0599768 -0.101561
v 0.498589 0.0599773 -0.105282
v 0.507939 0.0599773 -0.109061
v 0.517267 0.0599764 -0.112896
v 0.526577 0.0599744 -0.116792
v 0.535861 0.0599753 -0.120745
v 0.545121 0.0599748 -0.124751
v 0.554361 0.0599728 -0.128815
v 0.563576 0.0599732 -0.132935
v 0.572768 0.0599717 -0.13711
v 0.581938 0.0599682 -0.141339
v 0.591083 0.0599706 -0.145627
v 0.600205 0.0599668 -0.149964
v 0.609301 0.0599685 -0.154361
v 0.618371 0.0599678 -0.158806
v 0.627421 0.0599644 -0.163306
v 0.636444 0.0599662 -0.167862
v 0.645441 0.059965 -0.172468
v 0.654413 0.059961 -0.177122
v 0.66336 0.0599617 -0.181833
v 0.672277 0.0599631 -0.186592
v 0.681174 0.0599613 -0.191405
v 0.690042 0.0599601 -0.196265
v 0.698882 0.0566451 -0.201173
v 0.696691 0.0524297 -0.199958
v 0.698885 0.0599593 -0.201178
v 0.699964 0.0587336 -0.201785
v 0.700596 0.059957 -0.202138
v 0.707698 0.0599589 -0.206136
v 0.716486 0.0599588 -0.211147
v 0.72525 0.059955 -0.216205
v 0.733986 0.0599552 -0.221314
v 0.742693 0.0599556 -0.22647
v 0.751372 0.0599559 -0.231673
v 0.760028 0.0599523 -0.236923
v 0.768652 0.0599525 -0.242219
v 0.777249 0.0599525 -0.247563
v 0.78582 0.0599524 -0.252954
v 0.794358 0.059952 -0.258386
v 0.802875 0.0599514 -0.263869
v 0.81136 0.0599505 -0.269394
v 0.819815 0.0599492 -0.27496
v 0.828246 0.0599477 -0.280575
v 0.836642 0.0599496 -0.286231
v 0.845014 0.0599473 -0.29193
v 0.853356 0.0599485 -0.297675
v 0.861668 0.0599456 -0.303456
v 0.869951 0.059946 -0.309283
v 0.878207 0.0599462 -0.315154
v 0.886433 0.059946 -0.321064
v 0.894627 0.0599455 -0.327012
v 0.902796 0.0599447 -0.333004
v 0.910933 0.0599437 -0.339034
v 0.919043 0.0599425 -0.345104
v 0.927119 0.0599411 -0.35121
v 0.936029 0.0599423 -0.356201
v 0.0100988 0.0700154 0.00183166
v 0.00246036 0.0700145 0.000447672
v 0.010096 0.0636222 0.00183276
v 4.40053e-06 0.0700145 -2.60816e-06
v 2.3695e-06 0.0622424 9.54779e-07
v 0.0201229 0.0700153 0.00142205
v 0.0179469 0.0700192 0.00151063
v 0.0201218 0.0670977 0.0014244
v 0.014419 0.0657043 0.00165524
v 0.0112072 0.0700146 0.00178863
v 0.0301371 0.0700201 0.000929421
v 0.0383566 0.0618085 0.000474033
v 0.0396756 0.0700189 0.000386042
v 0.0401543 0.070018 0.000358462
v 0.050162 0.0700173 -0.000287568
v 0.0571482 0.0630309 -0.000777785
v 0.0589624 0.070018 -0.000925846
v 0.0601685 0.0700184 -0.00101552
v 0.0701683 0.0700163 -0.00181541
v 0.0801634 0.0700157 -0.0026926
v 0.0901499 0.0700162 -0.00364317
v 0.100128 0.0700177 -0.00466668
v 0.110104 0.0700156 -0.00576453
v 0.120065 0.0700183 -0.0069333
v 0.130024 0.0700169 -0.00817591
v 0.139971 0.0700155 -0.00948687
v 0.149914 0.0700139 -0.0108734
v 0.159842 0.070016 -0.01233
v 0.169765 0.0700131 -0.013856
v 0.179674 0.0606849 -0.0154218
v 0.179095 0.0605891 -0.0153284
v 0.179673 0.0700134 -0.0154518
v 0.189574 0.0625062 -0.0170942
v 0.187507 0.0620925 -0.0167445
v 0.189574 0.0700125 -0.0171186
v 0.199463 0.0646389 -0.0188399
v 0.195724 0.0637898 -0.0181816
v 0.199461 0.0700142 -0.0188551
v 0.209341 0.0670278 -0.0206518
v 0.203778 0.0656409 -0.0196319
v 0.209342 0.0700099 -0.0206602
v 0.219207 0.0696317 -0.0225358
v 0.211697 0.067623 -0.0211038
v 0.219207 0.070012 -0.0225366
v 0.219502 0.0697096 -0.0225919
v 0.220565 0.0700113 -0.0228026
v 0.229061 0.0700118 -0.02448
v 0.238903 0.070009 -0.0264903
v 0.248733 0.0700076 -0.0285694
v 0.258545 0.0700073 -0.0307137
v 0.268348 0.0700078 -0.0329302
v 0.278137 0.0700048 -0.0352097
v 0.287908 0.0700063 -0.0375562
v 0.297668 0.0700037 -0.0399692
v 0.30741 0.0700051 -0.042449
v 0.317138 0.0700019 -0.0449915
v 0.326849 0.0700022 -0.0476009
v 0.336548 0.0700016 -0.0502786
v 0.346225 0.0699999 -0.0530138
v 0.355888 0.070001 -0.0558194
v 0.365534 0.0700004 -0.058686
v 0.375161 0.069998 -0.0616139
v 0.384773 0.0699976 -0.0646085
v 0.394367 0.069995 -0.0676642
v 0.403938 0.069994 -0.0707797
v 0.413494 0.0699943 -0.073962
v 0.42303 0.0699918 -0.0772019
v 0.432546 0.0699942 -0.0805073
v 0.442043 0.0699934 -0.0838705
v 0.45152 0.069989 -0.0872916
v 0.46097 0.0606019 -0.0907508
v 0.460552 0.0604231 -0.0905992
v 0.460975 0.0699891 -0.0907748
v 0.470408 0.0647132 -0.094308
v 0.467268 0.0633098 -0.0931231
v 0.470414 0.0699892 -0.0943215
v 0.479827 0.0689242 -0.0979218
v 0.473931 0.0662463 -0.0956579
v 0.479828 0.0699893 -0.0979249
v 0.480533 0.0692368 -0.0981978
v 0.482167 0.0699882 -0.0988349
v 0.489222 0.0699852 -0.101583
v 0.498594 0.0699847 -0.105304
v 0.507948 0.0699836 -0.109084
v 0.517274 0.0699857 -0.112921
v 0.526581 0.0699828 -0.116813
v 0.535865 0.0699828 -0.120763
v 0.545128 0.0699816 -0.124772
v 0.554368 0.0699789 -0.128834
v 0.563585 0.0699786 -0.132956
v 0.572775 0.0699805 -0.137131
v 0.581944 0.0699766 -0.141359
v 0.591087 0.0699786 -0.145645
v 0.600211 0.0699744 -0.149984
v 0.609306 0.0699759 -0.154378
v 0.618377 0.0699749 -0.158824
v 0.627425 0.0699714 -0.163322
v 0.636446 0.0699732 -0.167876
v 0.645445 0.0699721 -0.172483
v 0.654416 0.069972 -0.17714
v 0.663362 0.069969 -0.181846
v 0.67228 0.0699707 -0.186606
v 0.681177 0.0699691 -0.191419
v 0.690042 0.0699683 -0.196277
v 0.698885 0.0699679 -0.20119
v 0.707699 0.0645935 -0.206142
v 0.705125 0.0628792 -0.20469
v 0.707703 0.0699641 -0.20615
v 0.710694 0.0665554 -0.207851
v 0.715748 0.0699651 -0.210736
v 0.716488 0.0699646 -0.211158
v 0.72525 0.0699653 -0.216218
v 0.733985 0.0699624 -0.221322
v 0.742691 0.0699635 -0.226478
v 0.751375 0.0699609 -0.231682
v 0.760025 0.0699621 -0.236931
v 0.76865 0.0699594 -0.242225
v 0.777246 0.0699605 -0.247569
v 0.785818 0.0699577 -0.252958
v 0.794358 0.0699585 -0.258393
v 0.802872 0.0699552 -0.26387
v 0.811356 0.0699557 -0.269395
v 0.819813 0.0699559 -0.274964
v 0.828239 0.0699558 -0.280575
v 0.836639 0.0699554 -0.286232
v 0.845009 0.0699547 -0.291931
v 0.853351 0.0699537 -0.297673
v 0.861665 0.0699525 -0.303458
v 0.869948 0.069951 -0.309282
v 0.878204 0.0699491 -0.31515
v 0.886428 0.0699509 -0.32106
v 0.894625 0.0699485 -0.327009
v 0.902791 0.0699496 -0.333001
v 0.910931 0.0699468 -0.339031
v 0.919038 0.0699477 -0.345101
v 0.927115 0.0699484 -0.35121
v 0.936004 0.0699498 -0.356234
v 5.02491e-06 0.080016 -2.18419e-06
v 0.00140199 0.0786298 0.000254038
v 0.00577935 0.08002 0.00104544
v 0.0100963 0.0800235 0.00183128
v 0.0100959 0.0786612 0.00183175
v 0.00348886 0.0765614 0.000634208
v 0.0100993 0.0759284 0.00183
v 0.00557923 0.0744934 0.00101053
v 0.0100984 0.0731973 0.00183086
v 0.00766532 0.0724258 0.00139057
v 0.0100991 0.0704637 0.00183274
v 0.00975108 0.0703587 0.0017706
v 3.62521e-06 0.0788896 -2.79834e-06
v 2.67981e-06 0.0772039 -3.60968e-07
v 4.01195e-06 0.0755216 -3.56858e-06
v 4.29875e-06 0.0738338 -3.77158e-07
v 3.0288e-06 0.0721496 1.00242e-06
v 3.95081e-06 0.0704688 -3.32469e-06
v 0.0123944 0.0777282 0.00173884
v 0.0143554 0.080025 0.00164811
v 0.0201158 0.0800266 0.00140708
v 0.0201195 0.0767863 0.00140873
v 0.0170007 0.0731328 0.0015485
v 0.0239905 0.0761601 0.00122015
v 0.0277709 0.0800256 0.00102122
v 0.0301364 0.080028 0.000902573
v 0.0401531 0.0708089 0.000358697
v 0.0398901 0.0702815 0.000373295
v 0.0401501 0.080027 0.00032539
v 0.0434692 0.0767101 0.000120734
v 0.0452559 0.0800254 -8.25429e-06
v 0.050159 0.0800283 -0.00032976
v 0.0601677 0.0725869 -0.00102529
v 0.0594184 0.0707686 -0.000964122
v 0.0601651 0.0800272 -0.00106046
v 0.0629953 0.0771966 -0.00127587
v 0.065009 0.0800265 -0.00144969
v 0.0701629 0.080028 -0.00186456
v 0.0801581 0.080026 -0.00274353
v 0.090145 0.0800256 -0.00369534
v 0.100127 0.0800263 -0.00472362
v 0.110099 0.0800237 -0.00581833
v 0.120065 0.0800261 -0.00699117
v 0.130024 0.0800246 -0.00823387
v 0.139971 0.0800232 -0.00954468
v 0.149911 0.0800259 -0.010933
v 0.159841 0.080024 -0.0123868
v 0.169763 0.0800215 -0.013912
v 0.179674 0.0800223 -0.0155104
v 0.189574 0.0800219 -0.0171761
v 0.199465 0.08002 -0.0189127
v 0.209342 0.0800207 -0.0207183
v 0.219208 0.0800194 -0.0225909
v 0.22906 0.0713227 -0.0244832
v 0.227946 0.0711417 -0.0242647
v 0.22906 0.08002 -0.0245324
v 0.238904 0.0729246 -0.0265047
v 0.236447 0.0725049 -0.0260001
v 0.238903 0.0800182 -0.0265442
v 0.248731 0.0745966 -0.0285905
v 0.244892 0.0739168 -0.0277761
v 0.24873 0.0800178 -0.028621
v 0.258547 0.0763317 -0.0307476
v 0.253283 0.0753728 -0.0295904
v 0.258549 0.0800145 -0.0307681
v 0.268349 0.0781235 -0.0329712
v 0.261625 0.0768727 -0.0314464
v 0.26835 0.0800162 -0.0329821
v 0.278137 0.0799659 -0.03526
v 0.269924 0.0784036 -0.0333378
v 0.278135 0.0800144 -0.0352589
v 0.278175 0.0799736 -0.0352684
v 0.278387 0.0800165 -0.0353211
v 0.287912 0.080013 -0.0376076
v 0.297668 0.0800119 -0.0400175
v 0.307412 0.0800106 -0.0424956
v 0.317141 0.080013 -0.045044
v 0.326853 0.0800108 -0.0476514
v 0.33655 0.0800078 -0.0503234
v 0.346229 0.0800078 -0.053062
v 0.355893 0.0800066 -0.055865
v 0.365536 0.0800079 -0.0587312
v 0.375166 0.0800074 -0.0616619
v 0.384777 0.080005 -0.0646536
v 0.394368 0.0800045 -0.0677084
v 0.403941 0.0800057 -0.0708262
v 0.413496 0.0800042 -0.0740052
v 0.423034 0.0799999 -0.0772452
v 0.432549 0.0800007 -0.080547
v 0.442048 0.0799982 -0.08391
v 0.451523 0.0800004 -0.0873349
v 0.46098 0.079999 -0.0908176
v 0.470416 0.0799978 -0.0943602
v 0.479832 0.0799966 -0.0979629
v 0.489222 0.0717754 -0.10159
v 0.48788 0.071417 -0.101066
v 0.489224 0.0799953 -0.101622
v 0.498595 0.0742046 -0.105319
v 0.495438 0.0733566 -0.104064
v 0.498598 0.0799936 -0.105342
v 0.507947 0.0766957 -0.109109
v 0.502955 0.0753303 -0.107087
v 0.50795 0.0799954 -0.109123
v 0.517277 0.0792462 -0.112952
v 0.510418 0.0773423 -0.110126
v 0.517278 0.0799925 -0.112957
v 0.517834 0.0793969 -0.113189
v 0.519949 0.0799934 -0.114074
v 0.526583 0.0799927 -0.116849
v 0.53587 0.0799919 -0.120802
v 0.54513 0.0799899 -0.124805
v 0.55437 0.0799905 -0.128871
v 0.563584 0.0799895 -0.132988
v 0.572778 0.079987 -0.137163
v 0.581947 0.0799865 -0.141394
v 0.591091 0.0799841 -0.145676
v 0.600212 0.0799836 -0.150014
v 0.609305 0.0799848 -0.154406
v 0.618379 0.0799837 -0.158854
v 0.627428 0.0799801 -0.163352
v 0.636447 0.0799817 -0.167904
v 0.645443 0.0799807 -0.172508
v 0.654417 0.0799769 -0.177163
v 0.663362 0.0799779 -0.181872
v 0.672283 0.079976 -0.186631
v 0.681177 0.0799748 -0.191441
v 0.690042 0.0799743 -0.196299
v 0.698883 0.0799745 -0.201209
v 0.707701 0.0799712 -0.206169
v 0.716489 0.0702414 -0.211158
v 0.716307 0.0701715 -0.211055
v 0.716486 0.0799723 -0.211177
v 0.725251 0.0735768 -0.216224
v 0.722895 0.072654 -0.214863
v 0.72525 0.0799699 -0.216235
v 0.733983 0.0769902 -0.221336
v 0.729436 0.0751733 -0.218673
v 0.733982 0.0799716 -0.221341
v 0.735923 0.0777413 -0.222486
v 0.741448 0.0799679 -0.225758
v 0.74269 0.0799697 -0.226495
v 0.75137 0.0799679 -0.231695
v 0.760022 0.0799663 -0.236942
v 0.768647 0.0799685 -0.242241
v 0.777244 0.0799669 -0.247582
v 0.785815 0.0799652 -0.252971
v 0.794356 0.0799635 -0.258403
v 0.802867 0.0799654 -0.263883
v 0.811352 0.0799634 -0.269404
v 0.819809 0.0799612 -0.274971
v 0.828236 0.0799626 -0.280585
v 0.836637 0.07996 -0.28624
v 0.845005 0.079961 -0.291938
v 0.853347 0.079958 -0.297677
v 0.861659 0.0799585 -0.303461
v 0.869944 0.0799588 -0.309288
v 0.878199 0.0799551 -0.315154
v 0.886423 0.0799549 -0.321061
v 0.894621 0.0799545 -0.327012
v 0.902787 0.0799539 -0.333001
v 0.910925 0.0799531 -0.339031
v 0.919031 0.0799523 -0.345099
v 0.927111 0.0799512 -0.351208
v 0.935976 0.0799567 -0.356268
v 1.83034e-06 0.0900182 1.32828e-06
v 0.0022445 0.0877997 0.000405942
v 0.00411205 0.0900238 0.000734194
v 0.00821585 0.0900284 0.00147441
v 0.0044889 0.0855773 0.000812678
v 0.0100911 0.0900341 0.00180845
v 0.0100972 0.0873707 0.00181376
v 0.00673287 0.0833553 0.00121935
v 0.010099 0.0824744 0.00182518
v 0.00897636 0.0811339 0.00162594
v 4.60664e-06 0.0810085 -3.06455e-06
v 5.26324e-06 0.0840105 -1.82362e-06
v 5.55249e-06 0.0870137 -1.66927e-06
v 0.0117869 0.0883419 0.00174015
v 0.0120776 0.0900302 0.00172249
v 0.0157267 0.0900316 0.00156378
v 0.0149017 0.0852333 0.00161448
v 0.0193759 0.0900348 0.00140315
v 0.0180168 0.0821245 0.00148883
v 0.0201168 0.0900334 0.00137201
v 0.0301361 0.0847886 0.000881827
v 0.0290144 0.0811458 0.000957828
v 0.0301326 0.0900346 0.000860203
v 0.0314722 0.0886992 0.000785929
v 0.0318007 0.0900355 0.00076122
v 0.0401501 0.0900344 0.000269222
v 0.0463823 0.0838033 -0.000102861
v 0.0481596 0.0900352 -0.000261067
v 0.0501554 0.0900368 -0.000391697
v 0.0601648 0.0900333 -0.00112884
v 0.0701629 0.0847826 -0.00189814
v 0.0672898 0.0829036 -0.00165344
v 0.07016 0.0900364 -0.00193744
v 0.0801558 0.088738 -0.00280808
v 0.0734502 0.0867431 -0.0022036
v 0.0801553 0.090033 -0.00281803
v 0.0901421 0.0898451 -0.00377291
v 0.0812013 0.0889869 -0.00291182
v 0.0901401 0.0900355 -0.00377338
v 0.0903144 0.0898619 -0.00379094
v 0.0966046 0.090034 -0.0044399
v 0.100123 0.0900353 -0.00480246
v 0.110095 0.090032 -0.00589783
v 0.12006 0.0900338 -0.00707094
v 0.13002 0.090032 -0.00831362
v 0.139966 0.0900305 -0.00962414
v 0.149906 0.0900332 -0.0110119
v 0.159836 0.0900314 -0.012465
v 0.169761 0.0900291 -0.0139929
v 0.179672 0.0900303 -0.0155902
v 0.18957 0.0900303 -0.0172545
v 0.19946 0.090029 -0.0189895
v 0.209336 0.0900303 -0.0207934
v 0.219203 0.0900297 -0.0226677
v 0.229059 0.090027 -0.0246086
v 0.238901 0.090026 -0.0266182
v 0.248729 0.0900265 -0.0286963
v 0.258545 0.0900242 -0.0308407
v 0.268349 0.0900229 -0.0330535
v 0.278135 0.0900222 -0.0353309
v 0.287908 0.0808461 -0.0376118
v 0.287173 0.0807704 -0.0374372
v 0.287908 0.0900221 -0.0376766
v 0.297668 0.0817314 -0.0400322
v 0.296152 0.0815691 -0.0396559
v 0.297668 0.0900222 -0.0400904
v 0.307413 0.0826453 -0.0425153
v 0.305092 0.0823962 -0.0419243
v 0.307411 0.0900223 -0.0425688
v 0.317141 0.0835962 -0.045068
v 0.313992 0.0832516 -0.044242
v 0.317138 0.0900221 -0.0451116
v 0.326852 0.0845812 -0.0476832
v 0.322856 0.0841313 -0.0466066
v 0.326852 0.0900173 -0.0477168
v 0.336548 0.0855997 -0.0503606
v 0.331672 0.0850436 -0.0490147
v 0.336549 0.09002 -0.0503941
v 0.346227 0.0866599 -0.0531074
v 0.340454 0.0859801 -0.0514691
v 0.346229 0.0900176 -0.0531302
v 0.35589 0.0877537 -0.0559153
v 0.349188 0.0869533 -0.0539682
v 0.355892 0.0900181 -0.0559328
v 0.365536 0.0888898 -0.0587871
v 0.357879 0.087955 -0.0565078
v 0.365536 0.0900172 -0.0587961
v 0.366519 0.0889933 -0.0590879
v 0.374731 0.0900159 -0.0615942
v 0.375165 0.0900145 -0.0617239
v 0.384774 0.0900141 -0.0647146
v 0.394369 0.0900116 -0.0677696
v 0.403944 0.0900107 -0.0708877
v 0.413496 0.0900115 -0.0740651
v 0.423032 0.0900095 -0.0773036
v 0.432549 0.0900085 -0.0806051
v 0.442044 0.0900085 -0.0839663
v 0.451522 0.0900091 -0.0873906
v 0.46098 0.0900063 -0.0908726
v 0.470415 0.0900077 -0.0944164
v 0.479829 0.0900052 -0.0980147
v 0.489226 0.0900026 -0.101676
v 0.498598 0.0900038 -0.105397
v 0.507949 0.0900005 -0.109172
v 0.517276 0.0900006 -0.113005
v 0.526584 0.0810224 -0.116854
v 0.525765 0.0808726 -0.116509
v 0.526585 0.0899999 -0.1169
v 0.535869 0.0825264 -0.120813
v 0.53386 0.0821565 -0.119956
v 0.535869 0.0899982 -0.120847
v 0.545131 0.0841024 -0.124827
v 0.541896 0.083487 -0.123424
v 0.545129 0.0899994 -0.124854
v 0.55437 0.0857561 -0.128897
v 0.549856 0.0848807 -0.12691
v 0.554368 0.0899953 -0.128913
v 0.563584 0.0875023 -0.133023
v 0.557746 0.0863301 -0.130409
v 0.563582 0.0899977 -0.133033
v 0.572776 0.0893438 -0.137203
v 0.565559 0.0878443 -0.13392
v 0.572776 0.0899946 -0.137206
v 0.573286 0.0894371 -0.13744
v 0.575941 0.0899933 -0.138665
v 0.581944 0.0899937 -0.141435
v 0.591089 0.0899949 -0.14572
v 0.600208 0.089994 -0.150056
v 0.609305 0.0899911 -0.154447
v 0.618377 0.0899898 -0.158891
v 0.627422 0.08999 -0.16339
v 0.636445 0.0899878 -0.16794
v 0.645442 0.0899868 -0.172544
v 0.654412 0.089987 -0.177199
v 0.66336 0.0899844 -0.181906
v 0.672278 0.0899827 -0.186661
v 0.681173 0.0899819 -0.191471
v 0.690039 0.0899819 -0.196329
v 0.698879 0.0899825 -0.201239
v 0.707694 0.0899799 -0.206196
v 0.716485 0.0899777 -0.211205
v 0.725243 0.0899799 -0.216262
v 0.733977 0.0899786 -0.221366
v 0.74269 0.0803772 -0.226497
v 0.742424 0.0802762 -0.226338
v 0.742685 0.0899776 -0.226519
v 0.75137 0.0833242 -0.231705
v 0.749177 0.0824961 -0.230388
v 0.751364 0.0899768 -0.231719
v 0.76002 0.0864721 -0.236959
v 0.755816 0.0848301 -0.234405
v 0.760015 0.0899762 -0.236965
v 0.768643 0.0898322 -0.24226
v 0.762335 0.0872838 -0.238381
v 0.768642 0.0899756 -0.242262
v 0.768733 0.0898668 -0.242317
v 0.768988 0.0899741 -0.242475
v 0.77724 0.0899713 -0.2476
v 0.785806 0.0899709 -0.252985
v 0.794347 0.0899705 -0.258417
v 0.802861 0.08997 -0.263896
v 0.811345 0.0899694 -0.269417
v 0.8198 0.0899687 -0.274984
v 0.828229 0.089968 -0.280595
v 0.836627 0.089967 -0.286248
v 0.844999 0.0899659 -0.291947
v 0.85334 0.0899647 -0.297685
v 0.861655 0.0899632 -0.30347
v 0.869936 0.0899616 -0.30929
v 0.878191 0.0899636 -0.31516
v 0.886418 0.0899617 -0.321068
v 0.894612 0.0899596 -0.327013
v 0.902779 0.089961 -0.333004
v 0.910916 0.0899585 -0.339031
v 0.919023 0.0899597 -0.345101
v 0.927102 0.089957 -0.351208
v 0.935948 0.0899627 -0.356305
v 5.38376e-06 0.100107 0.000854924
v 0.00300633 0.0971086 0.00113981
v 0.00166065 0.100096 0.000934828
v 0.0100569 0.100045 0.00133554
v 4.02511e-06 0.0956051 0.000471217
v 0.010143 0.0999575 0.00133788
v 0.0101549 0.100042 0.00133416
v 0.0152913 0.100042 0.00110647
v 0.0146708 0.0954533 0.00135242
v 0.0200658 0.100043 0.00088974
v 0.0200773 0.0974438 0.00101727
v 0.0191984 0.0909491 0.0013669
v 0.0300718 0.100046 0.000367149
v 0.0298032 0.100046 0.000382446
v 0.0300828 0.0979429 0.000471744
v 0.0208085 0.0993035 0.000889086
v 0.0207115 0.100044 0.000856694
v 0.0400778 0.100043 -0.000228551
v 0.0476248 0.0925516 -0.000352682
v 0.0466925 0.100046 -0.000670248
v 0.0500771 0.100044 -0.000896682
v 0.060071 0.100043 -0.00163527
v 0.0700577 0.100046 -0.00244592
v 0.0800447 0.100042 -0.00332824
v 0.0900182 0.100045 -0.00428079
v 0.100121 0.0901681 -0.00480776
v 0.0999814 0.0901751 -0.00479522
v 0.0999916 0.100042 -0.00530465
v 0.110096 0.090158 -0.00590667
v 0.109962 0.090163 -0.00588984
v 0.109955 0.100044 -0.00640231
v 0.120061 0.0901423 -0.00707731
v 0.11995 0.0901431 -0.0070634
v 0.119912 0.100043 -0.00756932
v 0.130014 0.0902579 -0.00832595
v 0.129794 0.0902547 -0.00829659
v 0.12986 0.100043 -0.00880769
v 0.139958 0.0905363 -0.00965264
v 0.139481 0.0905154 -0.00958911
v 0.139803 0.100039 -0.0101152
v 0.149892 0.0909932 -0.0110594
v 0.148993 0.0909379 -0.0109313
v 0.149731 0.10004 -0.0114921
v 0.159809 0.0916139 -0.012542
v 0.158357 0.0915002 -0.0123266
v 0.159654 0.100041 -0.0129438
v 0.169714 0.0923798 -0.0141052
v 0.167589 0.0921806 -0.0137675
v 0.169571 0.100037 -0.014464
v 0.179608 0.093263 -0.0157392
v 0.176707 0.0929655 -0.0152583
v 0.179473 0.100037 -0.0160533
v 0.189483 0.0942581 -0.0174479
v 0.18573 0.0938334 -0.0167953
v 0.189367 0.100036 -0.0177132
v 0.199346 0.0953438 -0.0192289
v 0.194669 0.0947795 -0.0183835
v 0.199247 0.100038 -0.0194418
v 0.209197 0.0965075 -0.0210809
v 0.20353 0.0957908 -0.0200161
v 0.20912 0.100035 -0.0212387
v 0.219031 0.0977516 -0.0230065
v 0.21232 0.0968627 -0.0216943
v 0.218981 0.100038 -0.0231098
v 0.228852 0.0990607 -0.0250009
v 0.221043 0.0979867 -0.0234137
v 0.228829 0.100035 -0.0250416
v 0.229703 0.0991667 -0.0251794
v 0.235823 0.100034 -0.0264648
v 0.238666 0.100034 -0.0270455
v 0.248489 0.100035 -0.0291176
v 0.258301 0.100033 -0.0312559
v 0.268095 0.100032 -0.0334586
v 0.27788 0.100033 -0.035733
v 0.287648 0.100033 -0.0380718
v 0.297404 0.100031 -0.0404765
v 0.307143 0.100032 -0.0429475
v 0.316867 0.100029 -0.0454808
v 0.326576 0.10003 -0.0480838
v 0.336271 0.100026 -0.0507491
v 0.345946 0.100026 -0.0534769
v 0.355608 0.100025 -0.0562725
v 0.36525 0.100026 -0.0591308
v 0.375162 0.0900906 -0.0617246
v 0.375098 0.0900812 -0.0617068
v 0.374877 0.100026 -0.0620532
v 0.384721 0.0918427 -0.0647731
v 0.383264 0.091544 -0.0643105
v 0.384485 0.100024 -0.0650363
v 0.394262 0.0936704 -0.0678837
v 0.391358 0.093062 -0.0669374
v 0.394076 0.100021 -0.0680801
v 0.403779 0.0955821 -0.0710556
v 0.399384 0.0946353 -0.0695905
v 0.403648 0.100023 -0.0711921
v 0.413272 0.097583 -0.0742885
v 0.40734 0.0962686 -0.0722675
v 0.413202 0.100019 -0.0743593
v 0.422747 0.0996698 -0.0775821
v 0.41522 0.0979663 -0.0749659
v 0.422737 0.10002 -0.0775949
v 0.423022 0.0997286 -0.0776816
v 0.424277 0.10002 -0.0781275
v 0.432253 0.100019 -0.0808877
v 0.441747 0.100019 -0.08424
v 0.451225 0.100015 -0.0876532
v 0.460683 0.100017 -0.0911314
v 0.470118 0.100014 -0.0946638
v 0.479534 0.100012 -0.0982558
v 0.488927 0.100014 -0.10191
v 0.498302 0.100012 -0.105621
v 0.507654 0.10001 -0.109389
v 0.516986 0.100011 -0.11322
v 0.526294 0.100008 -0.117101
v 0.535581 0.100008 -0.121045
v 0.544845 0.100007 -0.125042
v 0.554087 0.100005 -0.129097
v 0.563303 0.100005 -0.133207
v 0.572497 0.100004 -0.137371
v 0.581887 0.0920159 -0.141467
v 0.580526 0.0914977 -0.140825
v 0.58167 0.100001 -0.141593
v 0.590946 0.0952373 -0.145797
v 0.587429 0.0938832 -0.144117
v 0.590816 0.100001 -0.145867
v 0.599975 0.0987218 -0.150182
v 0.594209 0.0963889 -0.147382
v 0.599942 0.100003 -0.150202
v 0.600843 0.0990379 -0.150609
v 0.603126 0.100003 -0.151734
v 0.609041 0.0999988 -0.154582
v 0.618115 0.1 -0.159021
v 0.627165 0.0999998 -0.163511
v 0.636195 0.0999968 -0.168056
v 0.645196 0.0999953 -0.172652
v 0.65417 0.0999951 -0.177299
v 0.663122 0.0999922 -0.181998
v 0.672045 0.0999944 -0.186749
v 0.680943 0.0999936 -0.19155
v 0.689821 0.0999899 -0.196404
v 0.698665 0.0999908 -0.201305
v 0.707486 0.0999887 -0.206256
v 0.716282 0.0999872 -0.211258
v 0.725049 0.0999862 -0.216307
v 0.733792 0.0999857 -0.221408
v 0.742505 0.0999857 -0.226554
v 0.751192 0.0999821 -0.231746
v 0.759852 0.0999828 -0.236988
v 0.768483 0.0999836 -0.242278
v 0.777115 0.0982003 -0.24761
v 0.773514 0.0942312 -0.245335
v 0.77709 0.0999808 -0.247613
v 0.777927 0.099019 -0.248128
v 0.778738 0.099981 -0.248646
v 0.785666 0.0999782 -0.252991
v 0.794215 0.0999795 -0.258419
v 0.802739 0.0999771 -0.263892
v 0.81123 0.0999784 -0.269409
v 0.819695 0.099976 -0.274969
v 0.828133 0.0999736 -0.280573
v 0.836542 0.0999749 -0.286225
v 0.844923 0.0999724 -0.291917
v 0.853274 0.0999736 -0.297654
v 0.861598 0.0999709 -0.303431
v 0.869894 0.0999681 -0.309252
v 0.878157 0.099969 -0.315114
v 0.886391 0.0999698 -0.321017
v 0.8946 0.0999668 -0.326961
v 0.902777 0.0999673 -0.332948
v 0.910929 0.099964 -0.338974
v 0.919047 0.0999643 -0.345041
v 0.927135 0.0999646 -0.351145
v 0.935197 0.0999609 -0.35729
v 2.18101e-06 0.0300061 -0.000202706
v 1.94005e-06 0.0400072 -0.000200718
v 0.0100992 0.0400006 0.00162966
v 0.0100954 0.0299958 0.00162966
v 0.0201187 0.0299909 0.00121833
v 0.0201174 0.0199812 0.00119857
v 0.0301344 0.0199791 0.000696613
v 0.0301284 0.00997086 0.000650551
v 0.040143 0.0099673 6.09068e-05
v 0.040093 -7.27181e-05 -1.58433e-05
v 0.0300846 -6.89695e-05 0.000581113
v 1.08473e-06 0.0500098 -0.000199855
v 0.0100975 0.050006 0.00163185
v 0.0201198 0.039997 0.00122485
v 0.0301358 0.0299866 0.000725751
v 0.0401495 0.0199741 0.000116899
v 0.0501539 0.0099618 -0.000601309
v 0.0500996 -7.73101e-05 -0.000684537
v 5.91352e-06 0.0600093 -0.000201599
v 0.0100956 0.0600127 0.00163318
v 0.0201192 0.0500035 0.00122974
v 0.0301392 0.0399917 0.000743074
v 0.0401504 0.0299851 0.000154522
v 0.0501587 0.0199718 -0.000537321
v 0.0601536 0.00996351 -0.001336
v 0.0600993 -7.45735e-05 -0.00142957
v 4.40053e-06 0.0700145 -0.000202608
v 0.0100988 0.0700154 0.00163166
v 0.0201199 0.0600095 0.00122855
v 0.0301399 0.050003 0.000744002
v 0.0401542 0.0399916 0.000174747
v 0.0501624 0.0299804 -0.000494171
v 0.0601608 0.0199712 -0.00126649
v 0.0701532 0.00996264 -0.00214668
v 0.070095 -7.80688e-05 -0.00224009
v 5.02491e-06 0.080016 -0.000202184
v 0.0100963 0.0800235 0.00163128
v 0.0201229 0.0700153 0.00122205
v 0.0301395 0.0600085 0.000744601
v 0.0401539 0.0499997 0.000184847
v 0.0501635 0.0399889 -0.000466469
v 0.0601651 0.0299819 -0.00121968
v 0.0701565 0.0199725 -0.00206982
v 0.0801431 0.00996366 -0.00302739
v 0.0800831 -7.51941e-05 -0.00312678
v 1.83034e-06 0.0900182 -0.000198672
v 0.0100911 0.0900341 0.00160845
v 0.0201158 0.0800266 0.00120708
v 0.0301371 0.0700201 0.000729421
v 0.0401562 0.0600084 0.000176662
v 0.0501633 0.0500013 -0.000460299
v 0.0601653 0.0399913 -0.00118926
v 0.0701621 0.0299801 -0.00201785
v 0.0801511 0.0199705 -0.0029492
v 0.0901267 0.0099658 -0.00398214
v 0.0900643 -7.50542e-05 -0.0040811
v 5.38376e-06 0.100107 0.000654924
v 0.0100569 0.100045 0.00113554
v 0.0201168 0.0900334 0.00117201
v 0.0301364 0.080028 0.000702573
v 0.0401543 0.070018 0.000158462
v 0.0501639 0.0600097 -0.000466429
v 0.0601702 0.05 -0.00118189
v 0.0701652 0.0399906 -0.00198815
v 0.0801557 0.0299796 -0.00289399
v 0.0901331 0.0199742 -0.00390078
v 0.100106 0.00996459 -0.00500831
v 0.10004 -7.3821e-05 -0.00510915
v 0.0200658 0.100043 0.00068974
v 0.0301326 0.0900346 0.000660203
v 0.0401501 0.080027 0.00012539
v 0.050162 0.0700173 -0.000487568
v 0.0601681 0.0600075 -0.00118622
v 0.0701681 0.0499994 -0.00197832
v 0.0801569 0.0399907 -0.00286149
v 0.0901415 0.0299798 -0.00384426
v 0.100114 0.0199742 -0.0049278
v 0.110075 0.00996392 -0.00610432
v 0.110005 -7.17855e-05 -0.00620691
v 0.0300718 0.100046 0.000167149
v 0.0401501 0.0900344 6.92225e-05
v 0.050159 0.0800283 -0.00052976
v 0.0601685 0.0700184 -0.00121552
v 0.0701713 0.0600067 -0.00198788
v 0.0801615 0.0499999 -0.00285265
v 0.0901445 0.0399918 -0.00381251
v 0.10012 0.0299808 -0.00486816
v 0.110084 0.0199747 -0.0060245
v 0.12004 0.00996796 -0.00727967
v 0.119965 -6.9425e-05 -0.00737815
v 0.0400778 0.100043 -0.000428551
v 0.0501554 0.0900368 -0.000591697
v 0.0601651 0.0800272 -0.00126046
v 0.0701683 0.0700163 -0.00201541
v 0.0801618 0.0600068 -0.00285986
v 0.0901465 0.0500011 -0.00380091
v 0.100126 0.039989 -0.00483502
v 0.110091 0.0299823 -0.00596555
v 0.120047 0.0199754 -0.00719455
v 0.129992 0.0099675 -0.00851854
v 0.129917 -7.14685e-05 -0.00861673
v 0.0500771 0.100044 -0.00109668
v 0.0601648 0.0900333 -0.00132884
v 0.0701629 0.080028 -0.00206456
v 0.0801634 0.0700157 -0.0028926
v 0.0901479 0.0600079 -0.00380917
v 0.100129 0.0499987 -0.00482421
v 0.110098 0.0399911 -0.00593303
v 0.120055 0.0299839 -0.00713618
v 0.130004 0.019976 -0.00843778
v 0.139937 0.00996663 -0.00983055
v 0.13986 -6.95193e-05 -0.00993074
v 0.060071 0.100043 -0.00183527
v 0.07016 0.0900364 -0.00213744
v 0.0801581 0.080026 -0.00294353
v 0.0901499 0.0700162 -0.00384317
v 0.100129 0.0600098 -0.00483555
v 0.110098 0.0500012 -0.00591912
v 0.120059 0.0399934 -0.00710045
v 0.130011 0.0299854 -0.00837986
v 0.139949 0.0199762 -0.00975022
v 0.149876 0.00996514 -0.0112154
v 0.149793 -6.81846e-05 -0.011314
v 0.0700577 0.100046 -0.00264592
v 0.0801553 0.090033 -0.00301803
v 0.090145 0.0800256 -0.00389534
v 0.100128 0.0700177 -0.00486668
v 0.110101 0.0600079 -0.00592896
v 0.120065 0.0499995 -0.00708862
v 0.130018 0.0399912 -0.00834228
v 0.139959 0.0299821 -0.00969045
v 0.149887 0.0199758 -0.0111354
v 0.159802 0.00996701 -0.0126715
v 0.159716 -6.78036e-05 -0.0127663
v 0.0800447 0.100042 -0.00352824
v 0.0901401 0.0900355 -0.00397338
v 0.100127 0.0800263 -0.00492362
v 0.110104 0.0700156 -0.00596453
v 0.120068 0.0600064 -0.00709889
v 0.130022 0.0500021 -0.00833295
v 0.139963 0.0399931 -0.00965529
v 0.149897 0.0299827 -0.0110758
v 0.159815 0.0199745 -0.0125895
v 0.169718 0.0099677 -0.0141964
v 0.169633 -6.86505e-05 -0.0142913
v 0.0900182 0.100045 -0.00448079
v 0.100123 0.0900353 -0.00500247
v 0.110099 0.0800237 -0.00601833
v 0.120065 0.0700183 -0.0071333
v 0.130025 0.0600093 -0.00834347
v 0.139969 0.0500002 -0.00964389
v 0.149907 0.03999 -0.0110423
v 0.159824 0.0299823 -0.0125299
v 0.169734 0.0199763 -0.0141181
v 0.179627 0.00996697 -0.0157936
v 0.179536 -7.09351e-05 -0.0158814
v 0.0999916 0.100042 -0.00550465
v 0.110095 0.090032 -0.00609783
v 0.120065 0.0800261 -0.00719117
v 0.130024 0.0700169 -0.00837591
v 0.139972 0.0600078 -0.00965447
v 0.149909 0.0499978 -0.0110271
v 0.159833 0.0399906 -0.0124963
v 0.169744 0.0299809 -0.0140562
v 0.179644 0.0199724 -0.015713
v 0.189523 0.00996449 -0.0174556
v 0.189431 -7.06323e-05 -0.017546
v 0.109955 0.100044 -0.00660231
v 0.12006 0.0900338 -0.00727094
v 0.130024 0.0800246 -0.00843387
v 0.139971 0.0700155 -0.00968687
v 0.149911 0.0600059 -0.0110375
v 0.159838 0.049999 -0.0124846
v 0.169752 0.03999 -0.0140223
v 0.179654 0.0299824 -0.0156568
v 0.189541 0.0199712 -0.0173784
v 0.199409 0.00996437 -0.0191918
v 0.199316 -7.23228e-05 -0.019279
v 0.119912 0.100043 -0.00776932
v 0.13002 0.090032 -0.00851362
v 0.139971 0.0800232 -0.00974468
v 0.149914 0.0700139 -0.0110734
v 0.15984 0.0600076 -0.0124947
v 0.16976 0.0499993 -0.0140139
v 0.179663 0.0399882 -0.0156202
v 0.18955 0.0299823 -0.0173217
v 0.199426 0.0199724 -0.0191142
v 0.209286 0.00996201 -0.0209962
v 0.209185 -7.19332e-05 -0.0210788
v 0.12986 0.100043 -0.00900769
v 0.139966 0.0900305 -0.00982414
v 0.149911 0.0800259 -0.011133
v 0.159842 0.070016 -0.01253
v 0.169761 0.0600085 -0.0140234
v 0.179667 0.0499983 -0.0156076
v 0.189562 0.0399892 -0.0172883
v 0.199439 0.0299804 -0.0190584
v 0.209301 0.0199714 -0.020918
v 0.219147 0.00996152 -0.0228671
v 0.219049 -7.40838e-05 -0.0229506
v 0.139803 0.100039 -0.0103152
v 0.149906 0.0900332 -0.0112119
v 0.159841 0.080024 -0.0125868
v 0.169765 0.0700131 -0.014056
v 0.179673 0.0600039 -0.0156179
v 0.18957 0.0499958 -0.0172765
v 0.199449 0.0399883 -0.0190242
v 0.209312 0.0299806 -0.0208614
v 0.219165 0.0199679 -0.0227897
v 0.228998 0.00995825 -0.024806
v 0.228897 -7.47144e-05 -0.0248888
v 0.149731 0.10004 -0.0116921
v 0.159836 0.0900314 -0.012665
v 0.169763 0.0800215 -0.014112
v 0.179673 0.0700134 -0.0156518
v 0.189572 0.0600065 -0.017288
v 0.199456 0.049996 -0.0190115
v 0.209326 0.0399854 -0.0208279
v 0.219178 0.0299785 -0.0227359
v 0.229017 0.0199661 -0.0247313
v 0.238835 0.00996056 -0.0268169
v 0.238734 -7.40489e-05 -0.0268972
v 0.159654 0.100041 -0.0131438
v 0.169761 0.0900291 -0.0141929
v 0.179674 0.0800223 -0.0157104
v 0.189574 0.0700125 -0.0173186
v 0.199463 0.0600033 -0.0190235
v 0.209334 0.0499941 -0.0208177
v 0.219189 0.0399845 -0.0227013
v 0.229031 0.029978 -0.0246801
v 0.238857 0.0199656 -0.0267428
v 0.248665 0.00995532 -0.0288935
v 0.248557 -7.66755e-05 -0.0289697
v 0.169571 0.100037 -0.014664
v 0.179672 0.0900303 -0.0157902
v 0.189574 0.0800219 -0.0173761
v 0.199461 0.0700142 -0.0190551
v 0.209339 0.0600024 -0.0208285
v 0.2192 0.0499943 -0.0226935
v 0.229044 0.0399853 -0.0246479
v 0.238871 0.0299747 -0.0266882
v 0.248682 0.0199662 -0.0288202
v 0.258477 0.00995515 -0.0310382
v 0.258367 -7.42573e-05 -0.0311143
v 0.179473 0.100037 -0.0162533
v 0.18957 0.0900303 -0.0174545
v 0.199465 0.08002 -0.0191127
v 0.209342 0.0700099 -0.0208602
v 0.219203 0.0600036 -0.0227029
v 0.229054 0.049992 -0.0246366
v 0.238885 0.0399833 -0.0266582
v 0.248698 0.0299725 -0.0287658
v 0.258497 0.0199634 -0.0309651
v 0.268274 0.00995546 -0.033249
v 0.268165 -7.57048e-05 -0.0333229
v 0.189367 0.100036 -0.0179132
v 0.19946 0.090029 -0.0191895
v 0.209342 0.0800207 -0.0209183
v 0.219207 0.070012 -0.0227366
v 0.229059 0.0600023 -0.024648
v 0.238892 0.0499913 -0.0266453
v 0.248709 0.0399824 -0.0287342
v 0.258511 0.0299754 -0.0309149
v 0.268294 0.0199653 -0.033178
v 0.27806 0.00995597 -0.0355293
v 0.277947 -7.69595e-05 -0.0355975
v 0.199247 0.100038 -0.0196418
v 0.209336 0.0900303 -0.0209934
v 0.219208 0.0800194 -0.0227909
v 0.229061 0.0700118 -0.02468
v 0.238898 0.0600027 -0.0266587
v 0.248721 0.0499917 -0.0287269
v 0.258525 0.0399826 -0.0308832
v 0.268313 0.0299704 -0.0331255
v 0.278082 0.0199633 -0.0354582
v 0.287833 0.0099522 -0.0378734
v 0.287719 -7.82658e-05 -0.0379418
v 0.20912 0.100035 -0.0214387
v 0.219203 0.0900297 -0.0228677
v 0.22906 0.08002 -0.0247324
v 0.238903 0.070009 -0.0266903
v 0.248726 0.0600002 -0.0287362
v 0.258536 0.049989 -0.0308718
v 0.268327 0.0399791 -0.0330955
v 0.2781 0.02997 -0.0354075
v 0.287854 0.0199613 -0.0378041
v 0.297586 0.00995239 -0.0402818
v 0.297473 -7.99268e-05 -0.0403485
v 0.218981 0.100038 -0.0233098
v 0.229059 0.090027 -0.0248086
v 0.238903 0.0800182 -0.0267442
v 0.248733 0.0700076 -0.0287694
v 0.258542 0.0599987 -0.0308827
v 0.268336 0.0499912 -0.0330879
v 0.278111 0.0399803 -0.0353755
v 0.287869 0.0299697 -0.0377514
v 0.297608 0.0199591 -0.040212
v 0.307328 0.00995202 -0.0427595
v 0.307214 -7.79273e-05 -0.0428267
v 0.228829 0.100035 -0.0252416
v 0.238901 0.090026 -0.0268182
v 0.24873 0.0800178 -0.028821
v 0.258545 0.0700073 -0.0309137
v 0.268344 0.059998 -0.0330981
v 0.278122 0.0499896 -0.0353671
v 0.287885 0.0399773 -0.0377224
v 0.297626 0.0299692 -0.0401644
v 0.307349 0.0199605 -0.0426913
v 0.317055 0.0099508 -0.0453031
v 0.31694 -8.10246e-05 -0.0453651
v 0.238666 0.100034 -0.0272455
v 0.248729 0.0900265 -0.0288963
v 0.258549 0.0800145 -0.0309681
v 0.268348 0.0700078 -0.0331302
v 0.278131 0.0599978 -0.0353786
v 0.287896 0.0499882 -0.0377153
v 0.297642 0.0399785 -0.0401367
v 0.307368 0.0299682 -0.0426429
v 0.317076 0.0199612 -0.0452361
v 0.326765 0.00994853 -0.0479086
v 0.32665 -8.09827e-05 -0.0479714
v 0.248489 0.100035 -0.0293176
v 0.258545 0.0900242 -0.0310407
v 0.26835 0.0800162 -0.0331821
v 0.278137 0.0700048 -0.0354097
v 0.287905 0.0599979 -0.0377278
v 0.297654 0.0499868 -0.0401286
v 0.307383 0.0399793 -0.0426163
v 0.317096 0.0299666 -0.0451868
v 0.32679 0.0199567 -0.0478444
v 0.336459 0.00994916 -0.0505819
v 0.336342 -8.22916e-05 -0.0506399
v 0.258301 0.100033 -0.0314559
v 0.268349 0.0900229 -0.0332534
v 0.278135 0.0800144 -0.0354589
v 0.287908 0.0700063 -0.0377562
v 0.297661 0.0599938 -0.0401364
v 0.307397 0.0499851 -0.0426071
v 0.317112 0.0399753 -0.0451591
v 0.326807 0.0299682 -0.0477982
v 0.336482 0.0199594 -0.0505187
v 0.346136 0.00994826 -0.0533172
v 0.346019 -8.09904e-05 -0.0533762
v 0.268095 0.100032 -0.0336586
v 0.278135 0.0900222 -0.0355309
v 0.287912 0.080013 -0.0378076
v 0.297668 0.0700037 -0.0401692
v 0.307408 0.0599937 -0.0426192
v 0.317123 0.0499869 -0.0451528
v 0.326823 0.0399745 -0.0477692
v 0.336502 0.0299645 -0.0504692
v 0.346163 0.0199564 -0.0532564
v 0.355799 0.00994554 -0.0561181
v 0.35568 -8.15197e-05 -0.0561746
v 0.27788 0.100033 -0.035933
v 0.287908 0.0900221 -0.0378766
v 0.297668 0.0800119 -0.0402175
v 0.30741 0.0700051 -0.042649
v 0.317134 0.0599931 -0.0451634
v 0.326836 0.0499838 -0.0477614
v 0.336519 0.0399769 -0.0504466
v 0.346179 0.0299677 -0.0532097
v 0.355824 0.0199558 -0.0560581
v 0.365444 0.009945 -0.058983
v 0.365322 -7.99602e-05 -0.0590372
v 0.287648 0.100033 -0.0382718
v 0.297668 0.0900222 -0.0402904
v 0.307412 0.0800106 -0.0426956
v 0.317138 0.0700019 -0.0451915
v 0.326846 0.0599917 -0.0477726
v 0.336532 0.0499839 -0.0504372
v 0.346198 0.0399737 -0.0531834
v 0.355843 0.029965 -0.0560134
v 0.365466 0.0199574 -0.0589236
v 0.37507 0.00994633 -0.0619121
v 0.374947 -8.06742e-05 -0.061962
v 0.297404 0.100031 -0.0406765
v 0.307411 0.0900223 -0.0427688
v 0.317141 0.080013 -0.045244
v 0.326849 0.0700022 -0.0478009
v 0.336541 0.0599936 -0.0504486
v 0.346209 0.0499826 -0.0531744
v 0.355861 0.0399731 -0.0559875
v 0.365489 0.0299647 -0.0588809
v 0.375094 0.0199527 -0.061849
v 0.384679 0.00994519 -0.0649032
v 0.384557 -8.39482e-05 -0.0649489
v 0.307143 0.100032 -0.0431475
v 0.317138 0.0900221 -0.0453116
v 0.326853 0.0800108 -0.0478514
v 0.336548 0.0700016 -0.0504786
v 0.346223 0.0599901 -0.0531875
v 0.355871 0.049984 -0.0559787
v 0.365504 0.0399748 -0.0588553
v 0.375114 0.0299622 -0.0618066
v 0.384704 0.0199539 -0.064844
v 0.394267 0.00994551 -0.0679547
v 0.394146 -8.16327e-05 -0.0680021
v 0.316867 0.100029 -0.0456808
v 0.326852 0.0900173 -0.0479168
v 0.33655 0.0800078 -0.0505234
v 0.346225 0.0699999 -0.0532138
v 0.355884 0.0599892 -0.0559897
v 0.36552 0.0499795 -0.0588459
v 0.375133 0.0399703 -0.0617825
v 0.384724 0.0299614 -0.0647996
v 0.394295 0.0199524 -0.0678972
v 0.403843 0.00994287 -0.071072
v 0.40372 -8.23251e-05 -0.0711175
v 0.326576 0.10003 -0.0482838
v 0.336549 0.09002 -0.0505941
v 0.346229 0.0800078 -0.053262
v 0.355888 0.070001 -0.0560194
v 0.365529 0.0599908 -0.0588587
v 0.375147 0.0499813 -0.0617786
v 0.384744 0.0399718 -0.064779
v 0.394315 0.0299623 -0.0678564
v 0.403868 0.0199522 -0.0710145
v 0.413398 0.00994124 -0.0742497
v 0.413276 -8.61884e-05 -0.0742914
v 0.336271 0.100026 -0.0509491
v 0.346229 0.0900176 -0.0533302
v 0.355893 0.0800066 -0.056065
v 0.365534 0.0700004 -0.058886
v 0.375157 0.0599905 -0.0617891
v 0.384754 0.0499808 -0.0647692
v 0.394334 0.0399708 -0.0678336
v 0.403891 0.0299603 -0.070975
v 0.413419 0.019953 -0.0741921
v 0.422932 0.00994041 -0.077488
v 0.422809 -8.51408e-05 -0.0775282
v 0.345946 0.100026 -0.0536769
v 0.355892 0.0900181 -0.0561328
v 0.365536 0.0800079 -0.0589312
v 0.375161 0.069998 -0.0618139
v 0.384767 0.0599881 -0.0647808
v 0.394348 0.0499779 -0.0678249
v 0.403906 0.0399712 -0.0709518
v 0.413444 0.0299595 -0.0741538
v 0.422956 0.0199506 -0.0774317
v 0.432446 0.00994013 -0.080787
v 0.432325 -8.3603e-05 -0.0808292
v 0.355608 0.100025 -0.0564725
v 0.365536 0.0900172 -0.0589961
v 0.375166 0.0800074 -0.0618619
v 0.384773 0.0699976 -0.0648085
v 0.394358 0.0599874 -0.0678359
v 0.403923 0.0499765 -0.0709441
v 0.413463 0.0399687 -0.0741316
v 0.422977 0.0299596 -0.077393
v 0.432475 0.0199488 -0.0807354
v 0.441944 0.00994019 -0.0841502
v 0.44182 -8.58483e-05 -0.0841855
v 0.36525 0.100026 -0.0593308
v 0.375165 0.0900145 -0.0619239
v 0.384777 0.080005 -0.0648536
v 0.394367 0.069995 -0.0678642
v 0.40393 0.0599883 -0.0709543
v 0.413476 0.0499764 -0.0741232
v 0.422997 0.0399671 -0.0773717
v 0.432493 0.0299603 -0.0806961
v 0.44197 0.0199474 -0.0840961
v 0.451418 0.00994044 -0.0875706
v 0.451299 -8.80074e-05 -0.0876061
v 0.374877 0.100026 -0.0622532
v 0.384774 0.0900141 -0.0649146
v 0.394368 0.0800045 -0.0679084
v 0.403938 0.069994 -0.0709797
v 0.413485 0.0599863 -0.0741341
v 0.423011 0.0499772 -0.077366
v 0.432515 0.0399663 -0.0806755
v 0.441993 0.0299574 -0.0840611
v 0.451445 0.0199462 -0.0875173
v 0.460878 0.00993654 -0.0910532
v 0.460754 -8.60886e-05 -0.0910861
v 0.384485 0.100024 -0.0652363
v 0.394369 0.0900116 -0.0679696
v 0.403941 0.0800057 -0.0710262
v 0.413494 0.0699943 -0.074162
v 0.423023 0.0599855 -0.0773773
v 0.43253 0.0499748 -0.0806704
v 0.442011 0.039966 -0.0840396
v 0.45147 0.0299548 -0.087483
v 0.460903 0.0199491 -0.0910048
v 0.470314 0.00993648 -0.0945953
v 0.470191 -8.86124e-05 -0.0946251
v 0.394076 0.100021 -0.0682801
v 0.403944 0.0900107 -0.0710877
v 0.413496 0.0800042 -0.0742052
v 0.42303 0.0699918 -0.0774019
v 0.432539 0.0599855 -0.0806805
v 0.442025 0.049973 -0.0840313
v 0.451488 0.0399661 -0.087464
v 0.460925 0.0299564 -0.0909675
v 0.470339 0.0199478 -0.0945474
v 0.479727 0.009936 -0.0981947
v 0.479608 -8.74811e-05 -0.0982271
v 0.403648 0.100023 -0.0713921
v 0.413496 0.0900115 -0.0742651
v 0.423034 0.0799999 -0.0774452
v 0.432546 0.0699942 -0.0807073
v 0.442035 0.0599822 -0.0840417
v 0.451503 0.0499716 -0.0874561
v 0.460946 0.0399622 -0.0909468
v 0.470362 0.0299538 -0.0945106
v 0.479754 0.0199461 -0.0981473
v 0.489122 0.00993485 -0.101855
v 0.489 -8.70663e-05 -0.101883
v 0.413202 0.100019 -0.0745593
v 0.423032 0.0900095 -0.0775036
v 0.432549 0.0800007 -0.080747
v 0.442043 0.0699934 -0.0840705
v 0.451513 0.0599834 -0.0874685
v 0.460958 0.0499745 -0.0909431
v 0.470379 0.0399623 -0.0944886
v 0.479775 0.0299549 -0.0981128
v 0.489149 0.0199438 -0.101808
v 0.498494 0.00993698 -0.105575
v 0.498374 -8.7482e-05 -0.1056
v 0.422737 0.10002 -0.0777949
v 0.432549 0.0900085 -0.0808051
v 0.442048 0.0799982 -0.08411
v 0.45152 0.069989 -0.0874916
v 0.460968 0.0599808 -0.0909499
v 0.470392 0.0499733 -0.0944848
v 0.479796 0.0399622 -0.0980945
v 0.489172 0.0299515 -0.101774
v 0.498521 0.0199449 -0.105528
v 0.507847 0.00993406 -0.109351
v 0.507728 -8.89582e-05 -0.109375
v 0.432253 0.100019 -0.0810877
v 0.442044 0.0900085 -0.0841663
v 0.451523 0.0800004 -0.0875349
v 0.460975 0.0699891 -0.0909748
v 0.470407 0.0599783 -0.094495
v 0.479811 0.0499719 -0.0980906
v 0.489188 0.0399617 -0.101754
v 0.498544 0.0299514 -0.105494
v 0.507872 0.0199449 -0.109306
v 0.517177 0.00993399 -0.113186
v 0.517061 -9.16653e-05 -0.113208
v 0.441747 0.100019 -0.08444
v 0.451522 0.0900091 -0.0875906
v 0.46098 0.079999 -0.0910176
v 0.470414 0.0699892 -0.0945215
v 0.479821 0.0599797 -0.0980989
v 0.489203 0.0499702 -0.10175
v 0.498564 0.0399605 -0.105478
v 0.507895 0.0299504 -0.109272
v 0.517202 0.0199439 -0.113142
v 0.526486 0.00993255 -0.117079
v 0.526368 -9.17354e-05 -0.117098
v 0.451225 0.100015 -0.0878532
v 0.46098 0.0900063 -0.0910726
v 0.470416 0.0799978 -0.0945602
v 0.479828 0.0699893 -0.0981249
v 0.489217 0.0599768 -0.101761
v 0.498576 0.0499679 -0.10547
v 0.507915 0.0399585 -0.109255
v 0.517223 0.0299525 -0.113109
v 0.526511 0.0199415 -0.117035
v 0.53577 0.00993367 -0.121029
v 0.535653 -8.92962e-05 -0.121047
v 0.460683 0.100017 -0.0913314
v 0.470415 0.0900077 -0.0946164
v 0.479832 0.0799966 -0.0981629
v 0.489222 0.0699852 -0.101783
v 0.498589 0.0599773 -0.105482
v 0.507929 0.0499689 -0.109252
v 0.517243 0.0399595 -0.113092
v 0.526532 0.0299492 -0.117002
v 0.535795 0.0199418 -0.120984
v 0.545032 0.00993307 -0.125033
v 0.544921 -9.26724e-05 -0.125053
v 0.470118 0.100014 -0.0948638
v 0.479829 0.0900052 -0.0982147
v 0.489224 0.0799953 -0.101822
v 0.498594 0.0699847 -0.105504
v 0.507939 0.0599773 -0.109261
v 0.517257 0.0499689 -0.113088
v 0.52655 0.0399594 -0.116986
v 0.535818 0.0299486 -0.120955
v 0.545059 0.0199404 -0.124992
v 0.554274 0.00993064 -0.129096
v 0.55416 -8.98359e-05 -0.129114
v 0.479534 0.100012 -0.0984558
v 0.489226 0.0900026 -0.101876
v 0.498598 0.0799936 -0.105542
v 0.507948 0.0699836 -0.109284
v 0.517267 0.0599764 -0.113096
v 0.526564 0.0499679 -0.116982
v 0.535836 0.0399579 -0.120938
v 0.545082 0.0299464 -0.124962
v 0.5543 0.0199372 -0.129054
v 0.563492 0.00993022 -0.133215
v 0.563378 -9.31473e-05 -0.133228
v 0.488927 0.100014 -0.10211
v 0.498598 0.0900038 -0.105597
v 0.50795 0.0799954 -0.109323
v 0.517274 0.0699857 -0.113121
v 0.526577 0.0599744 -0.116992
v 0.53585 0.0499656 -0.120933
v 0.545099 0.039955 -0.124945
v 0.55432 0.0299465 -0.129025
v 0.563515 0.0199402 -0.133175
v 0.572685 0.00992768 -0.137386
v 0.572574 -9.0524e-05 -0.137404
v 0.498302 0.100012 -0.105821
v 0.507949 0.0900005 -0.109372
v 0.517278 0.0799925 -0.113157
v 0.526581 0.0699828 -0.117013
v 0.535861 0.0599753 -0.120945
v 0.54511 0.0499659 -0.124941
v 0.554337 0.0399544 -0.129007
v 0.563536 0.0299448 -0.133143
v 0.57271 0.019937 -0.137349
v 0.581858 0.0099268 -0.141618
v 0.581746 -9.0316e-05 -0.141632
v 0.507654 0.10001 -0.109589
v 0.517276 0.0900006 -0.113205
v 0.526583 0.0799927 -0.117049
v 0.535865 0.0699828 -0.120963
v 0.545121 0.0599748 -0.124951
v 0.554351 0.0499646 -0.129006
v 0.563553 0.039956 -0.13313
v 0.572732 0.029945 -0.137322
v 0.581878 0.0199356 -0.141576
v 0.591001 0.0099275 -0.1459
v 0.590894 -9.26005e-05 -0.145912
v 0.516986 0.100011 -0.11342
v 0.526585 0.0899999 -0.1171
v 0.53587 0.0799919 -0.121002
v 0.545128 0.0699816 -0.124972
v 0.554361 0.0599728 -0.129015
v 0.563568 0.0499616 -0.133125
v 0.572748 0.0399557 -0.137307
v 0.581902 0.0299431 -0.141552
v 0.591027 0.0199358 -0.145864
v 0.600124 0.00992566 -0.150237
v 0.600019 -9.3518e-05 -0.15025
v 0.526294 0.100008 -0.117301
v 0.535869 0.0899982 -0.121047
v 0.54513 0.0799899 -0.125005
v 0.554368 0.0699789 -0.129034
v 0.563576 0.0599732 -0.133135
v 0.572762 0.0499606 -0.137301
v 0.581917 0.0399532 -0.141536
v 0.591046 0.0299428 -0.145835
v 0.600148 0.0199335 -0.1502
v 0.609225 0.00992507 -0.154632
v 0.609119 -9.31892e-05 -0.154642
v 0.535581 0.100008 -0.121245
v 0.545129 0.0899994 -0.125054
v 0.55437 0.0799905 -0.129071
v 0.563585 0.0699786 -0.133156
v 0.572768 0.0599717 -0.13731
v 0.581931 0.0499617 -0.141534
v 0.591062 0.0399525 -0.145822
v 0.600167 0.0299441 -0.150176
v 0.609245 0.0199365 -0.154596
v 0.618297 0.00992564 -0.159077
v 0.618194 -9.17337e-05 -0.159088
v 0.544845 0.100007 -0.125242
v 0.554368 0.0899953 -0.129113
v 0.563584 0.0799895 -0.133188
v 0.572775 0.0699805 -0.137331
v 0.581938 0.0599682 -0.141539
v 0.591075 0.0499605 -0.145818
v 0.600182 0.0399534 -0.150161
v 0.609264 0.0299428 -0.154568
v 0.618321 0.0199328 -0.159042
v 0.627345 0.0099272 -0.163577
v 0.627248 -9.33643e-05 -0.163586
v 0.554087 0.100005 -0.129297
v 0.563582 0.0899977 -0.133233
v 0.572778 0.079987 -0.137363
v 0.581944 0.0699766 -0.141559
v 0.591083 0.0599706 -0.145827
v 0.600196 0.049961 -0.15016
v 0.60928 0.0399517 -0.154556
v 0.618339 0.0299428 -0.159019
v 0.627367 0.0199341 -0.163541
v 0.636371 0.00992566 -0.16813
v 0.636273 -9.4153e-05 -0.168136
v 0.563303 0.100005 -0.133407
v 0.572776 0.0899946 -0.137406
v 0.581947 0.0799865 -0.141594
v 0.591087 0.0699786 -0.145845
v 0.600205 0.0599668 -0.150164
v 0.609294 0.0499591 -0.154553
v 0.618354 0.0399514 -0.159004
v 0.627388 0.0299399 -0.163517
v 0.636394 0.0199323 -0.168096
v 0.645371 0.0099249 -0.172734
v 0.645276 -9.42175e-05 -0.172741
v 0.572497 0.100004 -0.137571
v 0.581944 0.0899937 -0.141635
v 0.591091 0.0799841 -0.145876
v 0.600211 0.0699744 -0.150184
v 0.609301 0.0599685 -0.154561
v 0.618365 0.0499585 -0.159
v 0.627401 0.0399484 -0.163502
v 0.636411 0.029942 -0.168073
v 0.645391 0.0199315 -0.172698
v 0.654343 0.0099248 -0.177389
v 0.654252 -9.36465e-05 -0.177397
v 0.58167 0.100001 -0.141793
v 0.591089 0.0899949 -0.14592
v 0.600212 0.0799836 -0.150214
v 0.609306 0.0699759 -0.154578
v 0.618371 0.0599678 -0.159006
v 0.627412 0.0499592 -0.1635
v 0.636425 0.0399503 -0.168059
v 0.645409 0.029941 -0.172677
v 0.654364 0.0199313 -0.177356
v 0.663295 0.00992124 -0.182098
v 0.663202 -9.26135e-05 -0.182105
v 0.590816 0.100001 -0.146067
v 0.600208 0.089994 -0.150256
v 0.609305 0.0799848 -0.154606
v 0.618377 0.0699749 -0.159024
v 0.627421 0.0599644 -0.163506
v 0.636435 0.0499571 -0.168054
v 0.645423 0.0399492 -0.172665
v 0.65438 0.0299407 -0.177333
v 0.663311 0.0199317 -0.182065
v 0.672216 0.00992215 -0.186857
v 0.672125 -9.51896e-05 -0.186859
v 0.599942 0.100003 -0.150402
v 0.609305 0.0899911 -0.154647
v 0.618379 0.0799837 -0.159054
v 0.627425 0.0699714 -0.163522
v 0.636444 0.0599662 -0.168062
v 0.645435 0.049956 -0.172661
v 0.654395 0.039949 -0.177322
v 0.663329 0.0299372 -0.182042
v 0.672235 0.0199286 -0.186824
v 0.681112 0.00992331 -0.191668
v 0.681025 -9.34894e-05 -0.191671
v 0.609041 0.0999988 -0.154782
v 0.618377 0.0899898 -0.159091
v 0.627428 0.0799801 -0.163552
v 0.636446 0.0699732 -0.168076
v 0.645441 0.059965 -0.172668
v 0.654404 0.0499558 -0.177317
v 0.663342 0.0399456 -0.182029
v 0.672251 0.0299382 -0.186804
v 0.681131 0.0199299 -0.191636
v 0.689982 0.00992078 -0.196525
v 0.689899 -9.56338e-05 -0.19653
v 0.618115 0.1 -0.159221
v 0.627422 0.08999 -0.16359
v 0.636447 0.0799817 -0.168104
v 0.645445 0.0699721 -0.172683
v 0.654413 0.059961 -0.177322
v 0.663352 0.0499525 -0.182025
v 0.672265 0.0399467 -0.186793
v 0.681147 0.0299357 -0.191613
v 0.690002 0.0199276 -0.196496
v 0.698827 0.00992236 -0.201438
v 0.698744 -9.36691e-05 -0.201439
v 0.627165 0.0999998 -0.163711
v 0.636445 0.0899878 -0.16814
v 0.645443 0.0799807 -0.172708
v 0.654416 0.069972 -0.17734
v 0.66336 0.0599617 -0.182033
v 0.672272 0.0499538 -0.186786
v 0.681161 0.0399444 -0.191603
v 0.690015 0.0299375 -0.196476
v 0.698846 0.0199294 -0.20141
v 0.707646 0.00992002 -0.206397
v 0.707567 -9.574e-05 -0.2064
v 0.636195 0.0999968 -0.168256
v 0.645442 0.0899868 -0.172744
v 0.654417 0.0799769 -0.177363
v 0.663362 0.069969 -0.182046
v 0.672277 0.0599631 -0.186792
v 0.681168 0.0499517 -0.191598
v 0.690026 0.0399464 -0.196464
v 0.698862 0.0299356 -0.20139
v 0.707665 0.0199273 -0.206371
v 0.716437 0.00992163 -0.211408
v 0.716358 -9.38527e-05 -0.211409
v 0.645196 0.0999953 -0.172852
v 0.654412 0.089987 -0.177399
v 0.663362 0.0799779 -0.182072
v 0.67228 0.0699707 -0.186806
v 0.681174 0.0599613 -0.191605
v 0.690039 0.0499501 -0.196461
v 0.698869 0.0399449 -0.201375
v 0.707677 0.0299339 -0.206348
v 0.716452 0.0199293 -0.21138
v 0.725203 0.00991917 -0.216466
v 0.72513 -9.61485e-05 -0.216468
v 0.65417 0.0999951 -0.177499
v 0.66336 0.0899844 -0.182106
v 0.672283 0.079976 -0.186831
v 0.681177 0.0699691 -0.191619
v 0.690042 0.0599601 -0.196465
v 0.698877 0.0499528 -0.201371
v 0.707688 0.0399435 -0.206339
v 0.716468 0.0299363 -0.211362
v 0.725218 0.0199272 -0.21644
v 0.733939 0.00992047 -0.221573
v 0.733867 -9.46639e-05 -0.221573
v 0.663122 0.0999922 -0.182198
v 0.672278 0.0899827 -0.186861
v 0.681177 0.0799748 -0.191641
v 0.690042 0.0699683 -0.196477
v 0.698885 0.0599593 -0.201378
v 0.707693 0.0499519 -0.206332
v 0.716477 0.0399424 -0.211348
v 0.72523 0.0299347 -0.21642
v 0.733956 0.0199251 -0.221546
v 0.742653 0.00991757 -0.226728
v 0.742582 -9.35585e-05 -0.226731
v 0.672045 0.0999944 -0.186949
v 0.681173 0.0899819 -0.191671
v 0.690042 0.0799743 -0.196499
v 0.698885 0.0699679 -0.20139
v 0.707698 0.0599589 -0.206336
v 0.716485 0.0499513 -0.211346
v 0.725239 0.0399413 -0.216407
v 0.733968 0.029933 -0.221527
v 0.742663 0.0199267 -0.226701
v 0.751333 0.00991832 -0.231928
v 0.751269 -9.67494e-05 -0.231931
v 0.680943 0.0999936 -0.19175
v 0.690039 0.0899819 -0.196529
v 0.698883 0.0799745 -0.201409
v 0.707703 0.0699641 -0.20635
v 0.716486 0.0599588 -0.211347
v 0.725247 0.0499508 -0.216405
v 0.733976 0.0399403 -0.221515
v 0.742674 0.0299352 -0.226683
v 0.751348 0.0199241 -0.231904
v 0.759989 0.00991872 -0.237179
v 0.759926 -9.64377e-05 -0.23718
v 0.689821 0.0999899 -0.196604
v 0.698879 0.0899825 -0.201439
v 0.707701 0.0799712 -0.206369
v 0.716488 0.0699646 -0.211358
v 0.72525 0.059955 -0.216405
v 0.73398 0.0499504 -0.221511
v 0.742684 0.0399392 -0.22667
v 0.751358 0.0299333 -0.231887
v 0.760003 0.0199251 -0.237156
v 0.768618 0.00991867 -0.242477
v 0.768557 -9.65725e-05 -0.242476
v 0.698665 0.0999908 -0.201505
v 0.707694 0.0899799 -0.206396
v 0.716486 0.0799723 -0.211377
v 0.72525 0.0699653 -0.216418
v 0.733986 0.0599552 -0.221514
v 0.742689 0.049946 -0.226665
v 0.751366 0.0399418 -0.231877
v 0.760011 0.0299311 -0.237135
v 0.768628 0.0199257 -0.242452
v 0.777218 0.00991817 -0.247819
v 0.77716 -9.33299e-05 -0.247822
v 0.707486 0.0999887 -0.206456
v 0.716485 0.0899777 -0.211405
v 0.72525 0.0799699 -0.216435
v 0.733985 0.0699624 -0.221522
v 0.742693 0.0599556 -0.22667
v 0.751372 0.0499456 -0.23187
v 0.760018 0.0399404 -0.237125
v 0.768639 0.0299325 -0.242435
v 0.777227 0.019926 -0.247795
v 0.785789 0.00991715 -0.253206
v 0.785736 -9.45968e-05 -0.25321
v 0.716282 0.0999872 -0.211458
v 0.725243 0.0899799 -0.216462
v 0.733982 0.0799716 -0.221541
v 0.742691 0.0699635 -0.226678
v 0.751372 0.0599559 -0.231873
v 0.760024 0.049945 -0.237119
v 0.768647 0.0399387 -0.242424
v 0.777239 0.0299297 -0.247777
v 0.7858 0.0199258 -0.253186
v 0.794334 0.00991554 -0.25864
v 0.794281 -9.25888e-05 -0.258644
v 0.725049 0.0999862 -0.216507
v 0.733977 0.0899786 -0.221566
v 0.74269 0.0799697 -0.226695
v 0.751375 0.0699609 -0.231882
v 0.760028 0.0599523 -0.237123
v 0.768652 0.0499442 -0.242418
v 0.777246 0.0399368 -0.247767
v 0.785811 0.0299304 -0.253169
v 0.794345 0.0199251 -0.258621
v 0.80285 0.00991729 -0.264121
v 0.802804 -9.51225e-05 -0.264125
v 0.733792 0.0999857 -0.221608
v 0.742685 0.0899776 -0.226719
v 0.75137 0.0799679 -0.231895
v 0.760025 0.0699621 -0.237131
v 0.768652 0.0599525 -0.242419
v 0.777248 0.0499471 -0.247763
v 0.785813 0.0399385 -0.253156
v 0.794351 0.0299307 -0.258602
v 0.802861 0.0199239 -0.264102
v 0.811338 0.00991837 -0.269648
v 0.811294 -9.4469e-05 -0.26965
v 0.742505 0.0999857 -0.226754
v 0.751364 0.0899768 -0.231919
v 0.760022 0.0799663 -0.237142
v 0.76865 0.0699594 -0.242425
v 0.777249 0.0599525 -0.247763
v 0.785816 0.0499459 -0.253151
v 0.794357 0.0399359 -0.258591
v 0.802866 0.0299305 -0.264083
v 0.811346 0.0199221 -0.269624
v 0.819798 0.00991496 -0.275214
v 0.819757 -9.44847e-05 -0.27522
v 0.751192 0.0999821 -0.231946
v 0.760015 0.0899762 -0.237165
v 0.768647 0.0799685 -0.242441
v 0.777246 0.0699605 -0.247769
v 0.78582 0.0599524 -0.253154
v 0.794359 0.0499444 -0.258586
v 0.802871 0.0399368 -0.264073
v 0.811353 0.0299298 -0.269609
v 0.819806 0.0199236 -0.275196
v 0.82823 0.00991477 -0.280827
v 0.828191 -9.52945e-05 -0.280832
v 0.759852 0.0999828 -0.237188
v 0.768642 0.0899756 -0.242462
v 0.777244 0.0799669 -0.247782
v 0.785818 0.0699577 -0.253158
v 0.794358 0.059952 -0.258586
v 0.802873 0.0499426 -0.264066
v 0.811357 0.0399372 -0.269599
v 0.81981 0.0299285 -0.275177
v 0.828233 0.0199245 -0.280807
v 0.83663 0.00991775 -0.286485
v 0.836593 -9.28994e-05 -0.286488
v 0.768483 0.0999836 -0.242478
v 0.77724 0.0899713 -0.2478
v 0.785815 0.0799652 -0.253171
v 0.794358 0.0699585 -0.258593
v 0.802875 0.0599514 -0.264069
v 0.811358 0.0499442 -0.269593
v 0.819812 0.0399372 -0.275167
v 0.828238 0.0299307 -0.280792
v 0.836639 0.019921 -0.286465
v 0.845003 0.00991615 -0.292184
v 0.84497 -9.13008e-05 -0.29219
v 0.77709 0.0999808 -0.247813
v 0.785806 0.0899709 -0.253185
v 0.794356 0.0799635 -0.258603
v 0.802872 0.0699552 -0.26407
v 0.81136 0.0599505 -0.269594
v 0.819817 0.0499416 -0.275163
v 0.828245 0.0399367 -0.280784
v 0.836643 0.0299284 -0.286451
v 0.845011 0.0199206 -0.292165
v 0.853347 0.00991778 -0.297927
v 0.853318 -9.44456e-05 -0.29793
v 0.785666 0.0999782 -0.253191
v 0.794347 0.0899705 -0.258617
v 0.802867 0.0799654 -0.264083
v 0.811356 0.0699557 -0.269595
v 0.819815 0.0599492 -0.27516
v 0.828245 0.0499425 -0.280776
v 0.836644 0.0399358 -0.28644
v 0.845013 0.0299294 -0.292151
v 0.853352 0.0199236 -0.297909
v 0.861661 0.00991477 -0.303708
v 0.861634 -9.04991e-05 -0.303717
v 0.794215 0.0999795 -0.258619
v 0.802861 0.08997 -0.264096
v 0.811352 0.0799634 -0.269604
v 0.819813 0.0699559 -0.275164
v 0.828246 0.0599477 -0.280775
v 0.836642 0.049943 -0.286432
v 0.845014 0.0399343 -0.292138
v 0.853355 0.0299298 -0.297894
v 0.861668 0.019922 -0.303694
v 0.86995 0.00991498 -0.309538
v 0.869925 -9.12368e-05 -0.309545
v 0.802739 0.0999771 -0.264092
v 0.811345 0.0899694 -0.269617
v 0.819809 0.0799612 -0.275171
v 0.828239 0.0699558 -0.280775
v 0.836642 0.0599496 -0.286431
v 0.845016 0.0499392 -0.292132
v 0.853358 0.0399363 -0.297885
v 0.861669 0.0299297 -0.303679
v 0.869954 0.0199198 -0.309519
v 0.878206 0.0099145 -0.315404
v 0.878186 -9.27779e-05 -0.315413
v 0.81123 0.0999784 -0.269609
v 0.8198 0.0899687 -0.275184
v 0.828236 0.0799626 -0.280785
v 0.836639 0.0699554 -0.286432
v 0.845014 0.0599473 -0.29213
v 0.85336 0.0499388 -0.297876
v 0.861672 0.0399339 -0.303669
v 0.869956 0.0299291 -0.309508
v 0.878207 0.0199208 -0.315386
v 0.88643 0.00991715 -0.321313
v 0.886416 -9.12525e-05 -0.321324
v 0.819695 0.099976 -0.275169
v 0.828229 0.089968 -0.280795
v 0.836637 0.07996 -0.28644
v 0.845009 0.0699547 -0.292131
v 0.853356 0.0599485 -0.297875
v 0.86167 0.0499418 -0.303662
v 0.869953 0.0399348 -0.309494
v 0.878209 0.0299278 -0.315374
v 0.886434 0.0199212 -0.321297
v 0.89463 0.00991517 -0.327264
v 0.894617 -9.06023e-05 -0.327276
v 0.828133 0.0999736 -0.280773
v 0.836627 0.089967 -0.286448
v 0.845005 0.079961 -0.292138
v 0.853351 0.0699537 -0.297873
v 0.861668 0.0599456 -0.303656
v 0.869955 0.0499406 -0.30949
v 0.878213 0.0399314 -0.315365
v 0.886436 0.0299261 -0.321283
v 0.894633 0.019921 -0.327249
v 0.902797 0.00991638 -0.333254
v 0.902786 -9.07001e-05 -0.333265
v 0.836542 0.0999749 -0.286425
v 0.844999 0.0899659 -0.292147
v 0.853347 0.079958 -0.297877
v 0.861665 0.0699525 -0.303658
v 0.869951 0.059946 -0.309483
v 0.87821 0.0499389 -0.315357
v 0.886439 0.0399314 -0.321275
v 0.894633 0.0299276 -0.327235
v 0.9028 0.0199202 -0.333238
v 0.910933 0.00991714 -0.339282
v 0.910931 -9.14329e-05 -0.339298
v 0.844923 0.0999724 -0.292117
v 0.85334 0.0899647 -0.297885
v 0.861659 0.0799585 -0.303661
v 0.869948 0.069951 -0.309482
v 0.878207 0.0599462 -0.315354
v 0.886435 0.0499369 -0.321264
v 0.894635 0.0399309 -0.327225
v 0.902799 0.0299249 -0.333223
v 0.910937 0.0199228 -0.33927
v 0.919045 0.00991734 -0.345355
v 0.91904 -8.88292e-05 -0.345368
v 0.853274 0.0999736 -0.297854
v 0.861655 0.0899632 -0.30367
v 0.869944 0.0799588 -0.309488
v 0.878204 0.0699491 -0.31535
v 0.886433 0.059946 -0.321264
v 0.894632 0.0499383 -0.327218
v 0.902797 0.0399339 -0.333214
v 0.910939 0.0299256 -0.339256
v 0.919045 0.0199212 -0.345337
v 0.927123 0.00991689 -0.351463
v 0.927122 -8.72248e-05 -0.35148
v 0.861598 0.0999709 -0.303631
v 0.869936 0.0899616 -0.30949
v 0.878199 0.0799551 -0.315354
v 0.886428 0.0699509 -0.32126
v 0.894627 0.0599455 -0.327212
v 0.902798 0.0499393 -0.333209
v 0.910937 0.0399328 -0.339246
v 0.919046 0.0299259 -0.345324
v 0.927125 0.0199228 -0.351449
v 0.936136 0.00991394 -0.356274
v 0.936153 -9.04348e-05 -0.356255
v 0.869894 0.0999681 -0.309452
v 0.878191 0.0899636 -0.31536
v 0.886423 0.0799549 -0.321261
v 0.894625 0.0699485 -0.327209
v 0.902796 0.0599447 -0.333204
v 0.910937 0.0499364 -0.339238
v 0.919046 0.0399314 -0.345316
v 0.927125 0.0299259 -0.351434
v 0.936116 0.0199198 -0.356295
v 0.878157 0.099969 -0.315314
v 0.886418 0.0899617 -0.321268
v 0.894621 0.0799545 -0.327212
v 0.902791 0.0699496 -0.333201
v 0.910933 0.0599437 -0.339234
v 0.919044 0.049937 -0.345308
v 0.927123 0.0399334 -0.351426
v 0.936097 0.0299267 -0.35632
v 0.886391 0.0999698 -0.321217
v 0.894612 0.0899596 -0.327213
v 0.902787 0.0799539 -0.333201
v 0.910931 0.0699468 -0.339231
v 0.919043 0.0599425 -0.345304
v 0.927121 0.0499373 -0.351416
v 0.936076 0.0399305 -0.356343
v 0.8946 0.0999668 -0.327161
v 0.902779 0.089961 -0.333204
v 0.910925 0.0799531 -0.339231
v 0.919038 0.0699477 -0.345301
v 0.927119 0.0599411 -0.35141
v 0.936053 0.0499383 -0.356373
v 0.902777 0.0999673 -0.333148
v 0.910916 0.0899585 -0.339231
v 0.919031 0.0799523 -0.345299
v 0.927115 0.0699484 -0.35141
v 0.936029 0.0599423 -0.356401
v 0.935197 0.0999609 -0.35749
v 0.927135 0.0999646 -0.351345
v 0.935948 0.0899627 -0.356505
v 0.919047 0.0999643 -0.345241
v 0.927102 0.089957 -0.351408
v 0.935976 0.0799567 -0.356468
v 0.910929 0.099964 -0.339174
v 0.919023 0.0899597 -0.345301
v 0.927111 0.0799512 -0.351408
v 0.936004 0.0699498 -0.356434
v 4.04931e-06 0.0200026 -0.000203581
v 0.010097 0.0199882 0.0016269
v 0.0201152 0.00997346 0.0011641
v 0.0200703 -6.61024e-05 0.00110971
v 3.39249e-06 0.00999674 -0.000199603
v 0.0100942 0.00997766 0.00160104
v 0.0100578 -6.0686e-05 0.00155464
v -1.61673e-05 -4.12999e-05 0.000691806
v -0.0123546 0.0147514 -0.110228
v -0.0222383 0.0147514 -0.110228
v -0.0222383 -0.00131205 -0.110228
v -0.0123546 -0.00131205 -0.110228
v -0.0217296 -0.000443574 -0.110228
v -0.0209665 -0.000443574 -0.110228
v -0.0209665 0.000424656 -0.110228
v -0.0217296 0.000424656 -0.110228
v -0.0217296 0.000424656 -0.110228
v -0.0209665 0.000424656 -0.110228
v -0.0209665 0.00129289 -0.110228
v -0.0217296 0.00129289 -0.110228
v -0.0217296 0.00129289 -0.110228
v -0.0209665 0.00129289 -0.110228
v -0.0209665 0.00216112 -0.110228
v -0.0217296 0.00216112 -0.110228
v -0.0217296 0.00216112 -0.110228
v -0.0209665 0.00216112 -0.110228
v -0.0209665 0.00302959 -0.110228
v -0.0217296 0.00302959 -0.110228
v -0.0217296 0.00302959 -0.110228
v -0.0209665 0.00302959 -0.110228
v -0.0209665 0.00389782 -0.110228
v -0.0217296 0.00389782 -0.110228
v -0.0217296 0.00389782 -0.110228
v -0.0209665 0.00389782 -0.110228
v -0.0209665 0.00476605 -0.110228
v -0.0217296 0.00476605 -0.110228
v -0.0217296 0.00476605 -0.110228
v -0.0209665 0.00476605 -0.110228
v -0.0209665 0.00563428 -0.110228
v -0.0217296 0.00563428 -0.110228
v -0.0217296 0.00563428 -0.110228
v -0.0209665 0.00563428 -0.110228
v -0.0209665 0.00650252 -0.110228
v -0.0217296 0.00650252 -0.110228
v -0.0217296 0.00650252 -0.110228
v -0.0209665 0.00650252 -0.110228
v -0.0209665 0.00737099 -0.110228
v -0.0217296 0.00737099 -0.110228
v -0.0217296 0.00737099 -0.110228
v -0.0209665 0.00737099 -0.110228
v -0.0209665 0.00823922 -0.110228
v -0.0217296 0.00823922 -0.110228
v -0.0217296 0.00823922 -0.110228
v -0.0209665 0.00823922 -0.110228
v -0.0209665 0.00910745 -0.110228
v -0.0217296 0.00910745 -0.110228
v -0.0217296 0.00910745 -0.110228
v -0.0209665 0.00910745 -0.110228
v -0.0209665 0.00997568 -0.110228
v -0.0217296 0.00997568 -0.110228
v -0.0217296 -0.000443574 -0.110228
v -0.0207122 -0.000443574 -0.110228
v -0.0217296 0.000424656 -0.110228
v -0.0207122 0.000424656 -0.110228
v -0.0217296 0.00129289 -0.110228
v -0.0207122 0.00129289 -0.110228
v -0.0217296 0.00216112 -0.110228
v -0.0207122 0.00216112 -0.110228
v -0.0217296 0.00302959 -0.110228
v -0.0207122 0.00302959 -0.110228
v -0.0217296 0.00389782 -0.110228
v -0.0207122 0.00389782 -0.110228
v -0.0217296 0.00476605 -0.110228
v -0.0207122 0.00476605 -0.110228
v -0.0217296 0.00563428 -0.110228
v -0.0207122 0.00563428 -0.110228
v -0.0217296 0.00650252 -0.110228
v -0.0207122 0.00650252 -0.110228
v -0.0217296 0.00737099 -0.110228
v -0.0207122 0.00737099 -0.110228
v -0.0217296 0.00823922 -0.110228
v -0.0207122 0.00823922 -0.110228
v -0.0217296 0.00910745 -0.110228
v -0.0207122 0.00910745 -0.110228
v -0.0217296 0.00997568 -0.110228
v -0.0207122 0.00997568 -0.110228
v -0.0209665 0.00997568 -0.110228
v -0.0209665 -0.000443574 -0.110228

#List of body polygons
f 1 2 3
f 2 1 13
f 276 1 3
f 1279 1280 1281
f 1280 1279 1291
f 1279 1281 1460

#List of body polygons
f 2 4 3
f 2 5 4
f 5 12 11
f 5 13 12
f 5 2 13
f 275 3 4
f 275 276 3
f 1280 1282 1281
f 1280 1283 1282
f 1283 1291 1290
f 1283 1280 1291
f 1456 1457 1458
f 1281 1456 1460
f 1281 1457 1456
f 1281 1282 1457

#List of body polygons
f 5 6 4
f 5 7 6
f 5 8 7
f 8 11 10
f 8 5 11
f 6 14 15
f 14 6 7
f 6 268 269
f 274 6 269
f 274 4 6
f 274 275 4
f 6 15 268
f 1283 1284 1282
f 1283 1285 1284
f 1283 1286 1285
f 1286 1290 1289
f 1286 1283 1290
f 1284 1292 1293
f 1292 1284 1285
f 1457 1459 1458
f 1457 1284 1459
f 1282 1284 1457
f 1459 1461 1462
f 1461 1284 1293
f 1461 1459 1284

#List of body polygons
f 8 9 7
f 9 8 10
f 14 16 15
f 14 17 16
f 17 9 23
f 17 7 9
f 17 14 7
f 268 270 269
f 268 271 270
f 268 272 271
f 270 274 269
f 15 272 268
f 15 16 272
f 432 270 271
f 1115 1116 1117
f 1115 1127 1116
f 1286 1287 1285
f 1286 1288 1287
f 1288 1115 1117
f 1288 1289 1115
f 1288 1286 1289
f 1292 1294 1293
f 1292 1295 1294
f 1295 1285 1287
f 1295 1292 1285
f 1461 1463 1462
f 1461 1464 1463
f 1464 1293 1294
f 1464 1461 1293

#List of body polygons
f 17 18 16
f 17 19 18
f 19 23 22
f 19 17 23
f 272 273 271
f 273 277 278
f 16 273 272
f 16 277 273
f 16 18 277
f 426 273 425
f 431 273 426
f 431 271 273
f 431 432 271
f 425 273 278
f 1116 1118 1117
f 1116 1119 1118
f 1116 1120 1119
f 1127 1120 1116
f 1127 1128 1120
f 1118 1133 1134
f 1118 1119 1133
f 1288 1118 1287
f 1118 1288 1117
f 1295 1296 1294
f 1295 1297 1296
f 1297 1118 1134
f 1297 1287 1118
f 1297 1295 1287
f 1464 1465 1463
f 1464 1466 1465
f 1464 1467 1466
f 1467 1294 1296
f 1467 1464 1294
f 1472 1465 1471
f 1465 1466 1471

#List of body polygons
f 19 20 18
f 19 21 20
f 21 19 22
f 25 20 26
f 25 27 20
f 26 21 28
f 26 20 21
f 27 29 30
f 27 25 29
f 277 279 278
f 277 20 279
f 18 20 277
f 281 27 282
f 281 279 27
f 27 279 20
f 27 30 282
f 424 425 423
f 424 426 425
f 430 426 424
f 430 431 426
f 439 279 438
f 423 279 439
f 423 278 279
f 423 425 278
f 279 281 438
f 1120 1121 1119
f 1120 1122 1121
f 1128 1122 1120
f 1128 1129 1122
f 1133 1135 1134
f 1133 1136 1135
f 1133 1137 1136
f 1119 1137 1133
f 1119 1121 1137
f 1135 1138 1139
f 1135 1136 1138
f 1297 1298 1296
f 1297 1135 1298
f 1135 1297 1134
f 1299 1298 1300
f 1299 1301 1298
f 1300 1135 1139
f 1300 1298 1135
f 1301 1302 1303
f 1301 1299 1302
f 1467 1298 1466
f 1298 1467 1296
f 1469 1301 1470
f 1469 1471 1301
f 1469 1472 1471
f 1466 1301 1471
f 1466 1298 1301
f 1301 1303 1470

#List of body polygons
f 24 25 26
f 24 26 28
f 29 31 30
f 29 32 31
f 25 32 29
f 25 24 32
f 31 33 34
f 33 32 37
f 33 31 32
f 280 281 282
f 31 283 280
f 30 280 282
f 30 31 280
f 283 284 285
f 284 31 34
f 284 283 31
f 422 423 421
f 422 424 423
f 429 424 422
f 429 430 424
f 436 437 435
f 436 438 437
f 436 439 438
f 421 439 436
f 421 423 439
f 280 440 437
f 281 437 438
f 281 280 437
f 283 441 440
f 283 440 280
f 441 442 443
f 442 283 285
f 442 441 283
f 582 437 581
f 437 582 435
f 583 585 584
f 583 440 585
f 581 440 583
f 581 437 440
f 587 441 588
f 587 585 441
f 441 585 440
f 441 443 588
f 721 585 720
f 585 721 584
f 585 587 720
f 853 854 855
f 853 856 857
f 853 855 856
f 983 984 985
f 853 988 983
f 854 983 985
f 854 853 983
f 988 989 990
f 989 853 857
f 989 988 853
f 1122 1123 1121
f 1122 1124 1123
f 1129 1124 1122
f 1129 1130 1124
f 1137 983 1136
f 1121 983 1137
f 1121 984 983
f 1121 1123 984
f 1138 1140 1139
f 1138 988 1140
f 1136 988 1138
f 1136 983 988
f 1141 1140 1142
f 1141 1143 1140
f 1142 988 990
f 1142 1140 988
f 1143 1144 1145
f 1143 1141 1144
f 1140 1299 1300
f 1140 1300 1139
f 1302 1304 1303
f 1302 1143 1304
f 1299 1143 1302
f 1299 1140 1143
f 1304 1305 1306
f 1305 1143 1145
f 1305 1304 1143
f 1468 1469 1470
f 1304 1473 1468
f 1303 1468 1470
f 1303 1304 1468
f 1473 1474 1475
f 1474 1304 1306
f 1474 1473 1304

#List of body polygons
f 33 35 34
f 33 36 35
f 36 33 37
f 38 39 35
f 38 35 36
f 40 41 39
f 40 39 38
f 42 43 41
f 42 41 40
f 45 47 46
f 45 43 47
f 47 43 42
f 48 49 50
f 46 48 50
f 46 47 48
f 52 53 54
f 49 52 54
f 49 48 52
f 56 57 58
f 53 56 58
f 53 52 56
f 60 61 62
f 57 60 62
f 57 56 60
f 64 65 66
f 61 64 66
f 61 60 64
f 68 69 70
f 65 68 70
f 65 64 68
f 72 73 74
f 69 72 74
f 69 68 72
f 76 77 78
f 73 76 78
f 73 72 76
f 80 81 82
f 77 80 82
f 77 76 80
f 84 85 86
f 81 84 86
f 81 80 84
f 84 90 85
f 284 286 285
f 284 35 286
f 35 284 34
f 39 287 286
f 39 286 35
f 289 41 290
f 289 287 41
f 41 287 39
f 43 291 292
f 290 43 292
f 290 41 43
f 43 45 291
f 420 421 419
f 420 422 421
f 428 422 420
f 428 429 422
f 433 435 434
f 433 436 435
f 419 436 433
f 419 421 436
f 442 444 443
f 442 286 444
f 286 442 285
f 287 445 444
f 287 444 286
f 445 446 447
f 446 287 289
f 446 445 287
f 579 580 578
f 579 581 580
f 579 582 581
f 582 434 435
f 582 579 434
f 580 583 584
f 580 581 583
f 586 587 588
f 444 589 586
f 443 586 588
f 443 444 586
f 591 445 592
f 591 589 445
f 445 589 444
f 445 447 592
f 716 580 715
f 580 716 578
f 717 719 718
f 717 720 719
f 717 721 720
f 721 580 584
f 721 715 580
f 721 717 715
f 586 722 719
f 587 719 720
f 587 586 719
f 589 723 722
f 589 722 586
f 723 724 725
f 724 589 591
f 724 723 589
f 848 849 850
f 854 719 855
f 854 848 719
f 718 848 850
f 718 719 848
f 856 858 857
f 856 722 858
f 855 722 856
f 855 719 722
f 723 859 858
f 723 858 722
f 859 860 861
f 860 723 725
f 860 859 723
f 984 848 985
f 984 986 848
f 984 987 986
f 849 848 986
f 848 854 985
f 989 991 990
f 989 858 991
f 858 989 857
f 859 992 991
f 859 991 858
f 992 993 994
f 993 859 861
f 993 992 859
f 1124 1125 1123
f 1124 1126 1125
f 1130 1126 1124
f 1130 1131 1126
f 1123 987 984
f 1123 1125 987
f 991 1141 1142
f 991 1142 990
f 1144 1146 1145
f 1144 992 1146
f 1141 992 1144
f 1141 991 992
f 1147 1146 1148
f 1147 1149 1146
f 1148 992 994
f 1148 1146 992
f 1149 1150 1151
f 1149 1147 1150
f 1305 1307 1306
f 1305 1146 1307
f 1146 1305 1145
f 1149 1308 1307
f 1149 1307 1146
f 1309 1308 1310
f 1309 1311 1308
f 1310 1149 1151
f 1310 1308 1149
f 1312 1311 1313
f 1312 1314 1311
f 1311 1309 1313
f 1315 1314 1316
f 1315 1317 1314
f 1314 1312 1316
f 1317 1318 1319
f 1317 1315 1318
f 1474 1476 1475
f 1474 1307 1476
f 1307 1474 1306
f 1308 1477 1476
f 1308 1476 1307
f 1311 1478 1477
f 1311 1477 1308
f 1314 1479 1478
f 1314 1478 1311
f 1317 1480 1479
f 1317 1479 1314
f 1481 1480 1482
f 1481 1483 1480
f 1482 1317 1319
f 1482 1480 1317
f 1484 1483 1485
f 1484 1486 1483
f 1483 1481 1485
f 1487 1486 1488
f 1487 1489 1486
f 1486 1484 1488
f 1490 1489 1491
f 1490 1492 1489
f 1489 1487 1491
f 1493 1492 1494
f 1493 1495 1492
f 1492 1490 1494
f 1496 1495 1497
f 1496 1498 1495
f 1495 1493 1497
f 1499 1498 1500
f 1499 1501 1498
f 1498 1496 1500
f 1502 1501 1503
f 1502 1504 1501
f 1501 1499 1503
f 1505 1504 1506
f 1505 1507 1504
f 1504 1502 1506
f 1508 1507 1509
f 1508 1510 1507
f 1507 1505 1509
f 1511 1510 1512
f 1511 1513 1510
f 1510 1508 1512
f 1514 1513 1515
f 1514 1516 1513
f 1513 1511 1515
f 1517 1516 1518
f 1517 1519 1516
f 1516 1514 1518
f 1520 1519 1521
f 1520 1522 1519
f 1519 1517 1521
f 1522 1523 1524
f 1522 1520 1523

#List of body polygons
f 44 45 46
f 49 44 50
f 49 51 44
f 44 46 50
f 53 51 54
f 53 55 51
f 51 49 54
f 57 55 58
f 57 59 55
f 55 53 58
f 61 59 62
f 61 63 59
f 59 57 62
f 65 63 66
f 65 67 63
f 63 61 66
f 69 67 70
f 69 71 67
f 67 65 70
f 73 71 74
f 73 75 71
f 71 69 74
f 77 75 78
f 77 79 75
f 75 73 78
f 81 79 82
f 81 83 79
f 79 77 82
f 85 83 86
f 85 87 83
f 83 81 86
f 88 89 87
f 90 87 85
f 90 88 87
f 91 92 89
f 91 89 88
f 93 94 92
f 93 92 91
f 95 96 94
f 95 94 93
f 97 98 96
f 97 96 95
f 99 100 98
f 99 98 97
f 101 102 100
f 101 100 99
f 103 104 102
f 103 102 101
f 105 106 104
f 105 104 103
f 107 108 106
f 107 106 105
f 109 110 108
f 109 108 107
f 111 112 110
f 111 110 109
f 113 114 112
f 113 112 111
f 115 116 114
f 115 114 113
f 117 118 116
f 117 116 115
f 119 120 118
f 119 118 117
f 121 122 120
f 121 120 119
f 123 124 122
f 123 122 121
f 126 128 127
f 126 124 128
f 128 124 123
f 129 130 131
f 127 129 131
f 127 128 129
f 133 134 135
f 130 133 135
f 130 129 133
f 133 139 134
f 288 289 290
f 291 288 292
f 291 293 288
f 288 290 292
f 44 294 293
f 45 293 291
f 45 44 293
f 51 295 294
f 51 294 44
f 55 296 295
f 55 295 51
f 59 297 296
f 59 296 55
f 63 298 297
f 63 297 59
f 67 299 298
f 67 298 63
f 71 300 299
f 71 299 67
f 75 301 300
f 75 300 71
f 79 302 301
f 79 301 75
f 83 303 302
f 83 302 79
f 87 304 303
f 87 303 83
f 89 305 304
f 89 304 87
f 92 306 305
f 92 305 89
f 94 307 306
f 94 306 92
f 96 308 307
f 96 307 94
f 98 309 308
f 98 308 96
f 100 310 309
f 100 309 98
f 102 311 310
f 102 310 100
f 104 312 311
f 104 311 102
f 106 313 312
f 106 312 104
f 108 314 313
f 108 313 106
f 110 315 314
f 110 314 108
f 317 112 318
f 317 315 112
f 112 315 110
f 114 319 320
f 318 114 320
f 318 112 114
f 116 322 323
f 319 116 323
f 319 114 116
f 118 325 326
f 322 118 326
f 322 116 118
f 120 328 329
f 325 120 329
f 325 118 120
f 122 331 332
f 328 122 332
f 328 120 122
f 124 334 335
f 331 124 335
f 331 122 124
f 124 126 334
f 416 418 417
f 416 419 418
f 416 420 419
f 427 420 416
f 427 428 420
f 418 433 434
f 418 419 433
f 446 448 447
f 446 288 448
f 288 446 289
f 293 449 448
f 293 448 288
f 294 450 449
f 294 449 293
f 295 451 450
f 295 450 294
f 296 452 451
f 296 451 295
f 297 453 452
f 297 452 296
f 298 454 453
f 298 453 297
f 299 455 454
f 299 454 298
f 300 456 455
f 300 455 299
f 301 457 456
f 301 456 300
f 302 458 457
f 302 457 301
f 303 459 458
f 303 458 302
f 304 460 459
f 304 459 303
f 305 461 460
f 305 460 304
f 306 462 461
f 306 461 305
f 307 463 462
f 307 462 306
f 308 464 463
f 308 463 307
f 309 465 464
f 309 464 308
f 467 310 468
f 467 465 310
f 310 465 309
f 311 469 470
f 468 311 470
f 468 310 311
f 312 472 473
f 469 312 473
f 469 311 312
f 313 475 476
f 472 313 476
f 472 312 313
f 314 478 479
f 475 314 479
f 475 313 314
f 315 481 482
f 478 315 482
f 478 314 315
f 315 317 481
f 574 418 573
f 418 574 417
f 576 578 577
f 576 579 578
f 579 418 434
f 579 573 418
f 579 576 573
f 590 591 592
f 448 593 590
f 447 590 592
f 447 448 590
f 449 594 593
f 449 593 448
f 450 595 594
f 450 594 449
f 451 596 595
f 451 595 450
f 452 597 596
f 452 596 451
f 453 598 597
f 453 597 452
f 454 599 598
f 454 598 453
f 455 600 599
f 455 599 454
f 456 601 600
f 456 600 455
f 457 602 601
f 457 601 456
f 458 603 602
f 458 602 457
f 459 604 603
f 459 603 458
f 460 605 604
f 460 604 459
f 607 461 608
f 607 605 461
f 461 605 460
f 462 609 610
f 608 462 610
f 608 461 462
f 463 612 613
f 609 463 613
f 609 462 463
f 464 615 616
f 612 464 616
f 612 463 464
f 465 618 619
f 615 465 619
f 615 464 465
f 465 467 618
f 712 714 713
f 712 715 714
f 712 716 715
f 716 577 578
f 716 712 577
f 714 717 718
f 717 714 715
f 724 726 725
f 724 590 726
f 590 724 591
f 593 727 726
f 593 726 590
f 594 728 727
f 594 727 593
f 595 729 728
f 595 728 594
f 731 596 732
f 731 729 596
f 596 729 595
f 597 733 734
f 732 597 734
f 732 596 597
f 598 736 737
f 733 598 737
f 733 597 598
f 599 739 740
f 736 599 740
f 736 598 599
f 742 744 743
f 742 600 744
f 739 600 742
f 739 599 600
f 601 745 744
f 601 744 600
f 747 602 748
f 747 745 602
f 602 745 601
f 603 749 750
f 748 603 750
f 748 602 603
f 604 752 753
f 749 604 753
f 749 603 604
f 605 755 756
f 752 605 756
f 752 604 605
f 605 607 755
f 849 714 850
f 849 851 714
f 849 852 851
f 714 851 713
f 714 718 850
f 860 862 861
f 860 726 862
f 726 860 725
f 727 863 862
f 727 862 726
f 728 864 863
f 728 863 727
f 729 865 864
f 729 864 728
f 866 865 867
f 866 868 865
f 867 729 731
f 867 865 729
f 869 868 870
f 869 871 868
f 868 866 870
f 872 871 873
f 872 874 871
f 871 869 873
f 875 874 876
f 875 877 874
f 874 872 876
f 744 878 877
f 743 877 875
f 743 744 877
f 745 879 878
f 745 878 744
f 880 879 881
f 880 882 879
f 881 745 747
f 881 879 745
f 883 882 884
f 883 885 882
f 882 880 884
f 885 886 887
f 885 883 886
f 978 979 980
f 987 978 986
f 852 978 980
f 852 986 978
f 852 849 986
f 993 995 994
f 993 862 995
f 862 993 861
f 863 996 995
f 863 995 862
f 864 997 996
f 864 996 863
f 865 998 997
f 865 997 864
f 868 999 998
f 868 998 865
f 871 1000 999
f 871 999 868
f 874 1001 1000
f 874 1000 871
f 877 1002 1001
f 877 1001 874
f 878 1003 1002
f 878 1002 877
f 879 1004 1003
f 879 1003 878
f 882 1005 1004
f 882 1004 879
f 885 1006 1005
f 885 1005 882
f 1007 1006 1008
f 1007 1009 1006
f 1008 885 887
f 1008 1006 885
f 1010 1009 1011
f 1010 1012 1009
f 1009 1007 1011
f 1013 1012 1014
f 1013 1015 1012
f 1012 1010 1014
f 1016 1015 1017
f 1016 1018 1015
f 1015 1013 1017
f 1019 1018 1020
f 1019 1021 1018
f 1018 1016 1020
f 1021 1022 1023
f 1021 1019 1022
f 1126 978 1125
f 1131 978 1126
f 1131 979 978
f 1131 1132 979
f 1125 978 987
f 995 1147 1148
f 995 1148 994
f 1150 1152 1151
f 1150 996 1152
f 1147 996 1150
f 1147 995 996
f 997 1153 1152
f 997 1152 996
f 998 1154 1153
f 998 1153 997
f 999 1155 1154
f 999 1154 998
f 1000 1156 1155
f 1000 1155 999
f 1001 1157 1156
f 1001 1156 1000
f 1002 1158 1157
f 1002 1157 1001
f 1003 1159 1158
f 1003 1158 1002
f 1004 1160 1159
f 1004 1159 1003
f 1005 1161 1160
f 1005 1160 1004
f 1006 1162 1161
f 1006 1161 1005
f 1009 1163 1162
f 1009 1162 1006
f 1012 1164 1163
f 1012 1163 1009
f 1015 1165 1164
f 1015 1164 1012
f 1018 1166 1165
f 1018 1165 1015
f 1021 1167 1166
f 1021 1166 1018
f 1168 1167 1169
f 1168 1170 1167
f 1169 1021 1023
f 1169 1167 1021
f 1171 1170 1172
f 1171 1173 1170
f 1170 1168 1172
f 1174 1173 1175
f 1174 1176 1173
f 1173 1171 1175
f 1177 1176 1178
f 1177 1179 1176
f 1176 1174 1178
f 1180 1179 1181
f 1180 1182 1179
f 1179 1177 1181
f 1183 1182 1184
f 1183 1185 1182
f 1182 1180 1184
f 1185 1186 1187
f 1185 1183 1186
f 1152 1309 1310
f 1152 1310 1151
f 1153 1312 1313
f 1309 1153 1313
f 1309 1152 1153
f 1154 1315 1316
f 1312 1154 1316
f 1312 1153 1154
f 1318 1320 1319
f 1318 1155 1320
f 1315 1155 1318
f 1315 1154 1155
f 1156 1321 1320
f 1156 1320 1155
f 1157 1322 1321
f 1157 1321 1156
f 1158 1323 1322
f 1158 1322 1157
f 1159 1324 1323
f 1159 1323 1158
f 1160 1325 1324
f 1160 1324 1159
f 1161 1326 1325
f 1161 1325 1160
f 1162 1327 1326
f 1162 1326 1161
f 1163 1328 1327
f 1163 1327 1162
f 1164 1329 1328
f 1164 1328 1163
f 1165 1330 1329
f 1165 1329 1164
f 1166 1331 1330
f 1166 1330 1165
f 1167 1332 1331
f 1167 1331 1166
f 1170 1333 1332
f 1170 1332 1167
f 1173 1334 1333
f 1173 1333 1170
f 1176 1335 1334
f 1176 1334 1173
f 1179 1336 1335
f 1179 1335 1176
f 1182 1337 1336
f 1182 1336 1179
f 1185 1338 1337
f 1185 1337 1182
f 1339 1338 1340
f 1339 1341 1338
f 1340 1185 1187
f 1340 1338 1185
f 1342 1341 1343
f 1342 1344 1341
f 1341 1339 1343
f 1345 1344 1346
f 1345 1347 1344
f 1344 1342 1346
f 1348 1347 1349
f 1348 1350 1347
f 1347 1345 1349
f 1351 1350 1352
f 1351 1353 1350
f 1350 1348 1352
f 1354 1353 1355
f 1354 1356 1353
f 1353 1351 1355
f 1357 1356 1358
f 1357 1359 1356
f 1356 1354 1358
f 1360 1359 1361
f 1360 1362 1359
f 1359 1357 1361
f 1363 1362 1364
f 1363 1365 1362
f 1362 1360 1364
f 1365 1366 1367
f 1365 1363 1366
f 1320 1481 1482
f 1320 1482 1319
f 1321 1484 1485
f 1481 1321 1485
f 1481 1320 1321
f 1322 1487 1488
f 1484 1322 1488
f 1484 1321 1322
f 1323 1490 1491
f 1487 1323 1491
f 1487 1322 1323
f 1324 1493 1494
f 1490 1324 1494
f 1490 1323 1324
f 1325 1496 1497
f 1493 1325 1497
f 1493 1324 1325
f 1326 1499 1500
f 1496 1326 1500
f 1496 1325 1326
f 1327 1502 1503
f 1499 1327 1503
f 1499 1326 1327
f 1328 1505 1506
f 1502 1328 1506
f 1502 1327 1328
f 1329 1508 1509
f 1505 1329 1509
f 1505 1328 1329
f 1330 1511 1512
f 1508 1330 1512
f 1508 1329 1330
f 1331 1514 1515
f 1511 1331 1515
f 1511 1330 1331
f 1332 1517 1518
f 1514 1332 1518
f 1514 1331 1332
f 1333 1520 1521
f 1517 1333 1521
f 1517 1332 1333
f 1523 1525 1524
f 1523 1334 1525
f 1520 1334 1523
f 1520 1333 1334
f 1335 1526 1525
f 1335 1525 1334
f 1336 1527 1526
f 1336 1526 1335
f 1337 1528 1527
f 1337 1527 1336
f 1338 1529 1528
f 1338 1528 1337
f 1341 1530 1529
f 1341 1529 1338
f 1344 1531 1530
f 1344 1530 1341
f 1347 1532 1531
f 1347 1531 1344
f 1350 1533 1532
f 1350 1532 1347
f 1353 1534 1533
f 1353 1533 1350
f 1356 1535 1534
f 1356 1534 1353
f 1359 1536 1535
f 1359 1535 1356
f 1362 1537 1536
f 1362 1536 1359
f 1365 1538 1537
f 1365 1537 1362
f 1539 1538 1540
f 1539 1541 1538
f 1540 1365 1367
f 1540 1538 1365
f 1542 1541 1543
f 1542 1544 1541
f 1541 1539 1543
f 1545 1544 1546
f 1545 1547 1544
f 1544 1542 1546
f 1548 1547 1549
f 1548 1550 1547
f 1547 1545 1549
f 1551 1550 1552
f 1551 1553 1550
f 1550 1548 1552
f 1554 1553 1555
f 1554 1556 1553
f 1553 1551 1555
f 1556 1557 1558
f 1556 1554 1557

#List of body polygons
f 125 126 127
f 130 125 131
f 130 132 125
f 125 127 131
f 134 132 135
f 134 136 132
f 132 130 135
f 137 138 136
f 139 136 134
f 139 137 136
f 140 141 138
f 140 138 137
f 142 143 141
f 142 141 140
f 144 145 143
f 144 143 142
f 146 147 145
f 146 145 144
f 148 149 147
f 148 147 146
f 150 151 149
f 150 149 148
f 152 153 151
f 152 151 150
f 154 155 153
f 154 153 152
f 156 157 155
f 156 155 154
f 158 159 157
f 158 157 156
f 160 161 159
f 160 159 158
f 162 163 161
f 162 161 160
f 164 165 163
f 164 163 162
f 166 167 165
f 166 165 164
f 168 169 167
f 168 167 166
f 170 171 169
f 170 169 168
f 172 173 171
f 172 171 170
f 174 175 173
f 174 173 172
f 177 179 178
f 177 175 179
f 179 175 174
f 180 181 182
f 178 180 182
f 178 179 180
f 180 186 181
f 316 317 318
f 319 316 320
f 319 321 316
f 316 318 320
f 322 321 323
f 322 324 321
f 321 319 323
f 325 324 326
f 325 327 324
f 324 322 326
f 328 327 329
f 328 330 327
f 327 325 329
f 331 330 332
f 331 333 330
f 330 328 332
f 334 333 335
f 334 336 333
f 333 331 335
f 125 337 336
f 126 336 334
f 126 125 336
f 132 338 337
f 132 337 125
f 136 339 338
f 136 338 132
f 138 340 339
f 138 339 136
f 141 341 340
f 141 340 138
f 143 342 341
f 143 341 141
f 145 343 342
f 145 342 143
f 147 344 343
f 147 343 145
f 149 345 344
f 149 344 147
f 151 346 345
f 151 345 149
f 153 347 346
f 153 346 151
f 155 348 347
f 155 347 153
f 157 349 348
f 157 348 155
f 159 350 349
f 159 349 157
f 161 351 350
f 161 350 159
f 163 352 351
f 163 351 161
f 165 353 352
f 165 352 163
f 355 167 356
f 355 353 167
f 167 353 165
f 169 357 358
f 356 169 358
f 356 167 169
f 171 360 361
f 357 171 361
f 357 169 171
f 173 363 364
f 360 173 364
f 360 171 173
f 175 366 367
f 363 175 367
f 363 173 175
f 175 177 366
f 415 416 417
f 415 427 416
f 466 467 468
f 469 466 470
f 469 471 466
f 466 468 470
f 472 471 473
f 472 474 471
f 471 469 473
f 475 474 476
f 475 477 474
f 474 472 476
f 478 477 479
f 478 480 477
f 477 475 479
f 481 480 482
f 481 483 480
f 480 478 482
f 316 484 483
f 317 483 481
f 317 316 483
f 321 485 484
f 321 484 316
f 324 486 485
f 324 485 321
f 327 487 486
f 327 486 324
f 330 488 487
f 330 487 327
f 333 489 488
f 333 488 330
f 336 490 489
f 336 489 333
f 337 491 490
f 337 490 336
f 338 492 491
f 338 491 337
f 339 493 492
f 339 492 338
f 340 494 493
f 340 493 339
f 341 495 494
f 341 494 340
f 342 496 495
f 342 495 341
f 343 497 496
f 343 496 342
f 344 498 497
f 344 497 343
f 345 499 498
f 345 498 344
f 346 500 499
f 346 499 345
f 347 501 500
f 347 500 346
f 348 502 501
f 348 501 347
f 349 503 502
f 349 502 348
f 505 350 506
f 505 503 350
f 350 503 349
f 351 507 508
f 506 351 508
f 506 350 351
f 352 510 511
f 507 352 511
f 507 351 352
f 353 513 514
f 510 353 514
f 510 352 353
f 353 355 513
f 570 572 571
f 570 573 572
f 570 574 573
f 574 415 417
f 574 575 415
f 574 570 575
f 572 576 577
f 576 572 573
f 606 607 608
f 609 606 610
f 609 611 606
f 606 608 610
f 612 611 613
f 612 614 611
f 611 609 613
f 615 614 616
f 615 617 614
f 614 612 616
f 618 617 619
f 618 620 617
f 617 615 619
f 466 621 620
f 467 620 618
f 467 466 620
f 471 622 621
f 471 621 466
f 474 623 622
f 474 622 471
f 477 624 623
f 477 623 474
f 480 625 624
f 480 624 477
f 483 626 625
f 483 625 480
f 484 627 626
f 484 626 483
f 485 628 627
f 485 627 484
f 486 629 628
f 486 628 485
f 487 630 629
f 487 629 486
f 488 631 630
f 488 630 487
f 489 632 631
f 489 631 488
f 490 633 632
f 490 632 489
f 491 634 633
f 491 633 490
f 492 635 634
f 492 634 491
f 493 636 635
f 493 635 492
f 494 637 636
f 494 636 493
f 495 638 637
f 495 637 494
f 496 639 638
f 496 638 495
f 497 640 639
f 497 639 496
f 498 641 640
f 498 640 497
f 499 642 641
f 499 641 498
f 500 643 642
f 500 642 499
f 645 501 646
f 645 643 501
f 501 643 500
f 502 647 648
f 646 502 648
f 646 501 502
f 503 650 651
f 647 503 651
f 647 502 503
f 503 505 650
f 709 711 710
f 709 572 711
f 572 709 571
f 711 712 713
f 712 572 577
f 712 711 572
f 730 731 732
f 733 730 734
f 733 735 730
f 730 732 734
f 736 735 737
f 736 738 735
f 735 733 737
f 739 738 740
f 739 741 738
f 738 736 740
f 741 742 743
f 741 739 742
f 746 747 748
f 749 746 750
f 749 751 746
f 746 748 750
f 752 751 753
f 752 754 751
f 751 749 753
f 755 754 756
f 755 757 754
f 754 752 756
f 606 758 757
f 607 757 755
f 607 606 757
f 611 759 758
f 611 758 606
f 614 760 759
f 614 759 611
f 617 761 760
f 617 760 614
f 620 762 761
f 620 761 617
f 621 763 762
f 621 762 620
f 622 764 763
f 622 763 621
f 623 765 764
f 623 764 622
f 624 766 765
f 624 765 623
f 625 767 766
f 625 766 624
f 626 768 767
f 626 767 625
f 627 769 768
f 627 768 626
f 628 770 769
f 628 769 627
f 629 771 770
f 629 770 628
f 630 772 771
f 630 771 629
f 631 773 772
f 631 772 630
f 632 774 773
f 632 773 631
f 633 775 774
f 633 774 632
f 634 776 775
f 634 775 633
f 635 777 776
f 635 776 634
f 636 778 777
f 636 777 635
f 637 779 778
f 637 778 636
f 638 780 779
f 638 779 637
f 639 781 780
f 639 780 638
f 640 782 781
f 640 781 639
f 641 783 782
f 641 782 640
f 642 784 783
f 642 783 641
f 786 643 787
f 786 784 643
f 643 784 642
f 643 645 787
f 845 847 846
f 845 711 847
f 711 845 710
f 852 847 851
f 851 711 713
f 851 847 711
f 730 866 867
f 730 867 731
f 735 869 870
f 866 735 870
f 866 730 735
f 738 872 873
f 869 738 873
f 869 735 738
f 741 875 876
f 872 741 876
f 872 738 741
f 741 743 875
f 746 880 881
f 746 881 747
f 751 883 884
f 880 751 884
f 880 746 751
f 886 888 887
f 886 754 888
f 883 754 886
f 883 751 754
f 757 889 888
f 757 888 754
f 758 890 889
f 758 889 757
f 759 891 890
f 759 890 758
f 760 892 891
f 760 891 759
f 761 893 892
f 761 892 760
f 762 894 893
f 762 893 761
f 763 895 894
f 763 894 762
f 764 896 895
f 764 895 763
f 765 897 896
f 765 896 764
f 766 898 897
f 766 897 765
f 767 899 898
f 767 898 766
f 768 900 899
f 768 899 767
f 769 901 900
f 769 900 768
f 770 902 901
f 770 901 769
f 771 903 902
f 771 902 770
f 772 904 903
f 772 903 771
f 773 905 904
f 773 904 772
f 774 906 905
f 774 905 773
f 775 907 906
f 775 906 774
f 776 908 907
f 776 907 775
f 777 909 908
f 777 908 776
f 778 910 909
f 778 909 777
f 779 911 910
f 779 910 778
f 780 912 911
f 780 911 779
f 781 913 912
f 781 912 780
f 782 914 913
f 782 913 781
f 783 915 914
f 783 914 782
f 784 916 915
f 784 915 783
f 916 917 918
f 917 784 786
f 917 916 784
f 979 847 980
f 979 981 847
f 846 981 982
f 846 847 981
f 847 852 980
f 888 1007 1008
f 888 1008 887
f 889 1010 1011
f 1007 889 1011
f 1007 888 889
f 890 1013 1014
f 1010 890 1014
f 1010 889 890
f 891 1016 1017
f 1013 891 1017
f 1013 890 891
f 892 1019 1020
f 1016 892 1020
f 1016 891 892
f 1022 1024 1023
f 1022 893 1024
f 1019 893 1022
f 1019 892 893
f 894 1025 1024
f 894 1024 893
f 895 1026 1025
f 895 1025 894
f 896 1027 1026
f 896 1026 895
f 897 1028 1027
f 897 1027 896
f 898 1029 1028
f 898 1028 897
f 899 1030 1029
f 899 1029 898
f 900 1031 1030
f 900 1030 899
f 901 1032 1031
f 901 1031 900
f 902 1033 1032
f 902 1032 901
f 903 1034 1033
f 903 1033 902
f 904 1035 1034
f 904 1034 903
f 905 1036 1035
f 905 1035 904
f 906 1037 1036
f 906 1036 905
f 907 1038 1037
f 907 1037 906
f 908 1039 1038
f 908 1038 907
f 909 1040 1039
f 909 1039 908
f 910 1041 1040
f 910 1040 909
f 911 1042 1041
f 911 1041 910
f 912 1043 1042
f 912 1042 911
f 913 1044 1043
f 913 1043 912
f 914 1045 1044
f 914 1044 913
f 915 1046 1045
f 915 1045 914
f 916 1047 1046
f 916 1046 915
f 1048 1047 1049
f 1048 1050 1047
f 1049 916 918
f 1049 1047 916
f 1051 1050 1052
f 1051 1053 1050
f 1050 1048 1052
f 1054 1053 1055
f 1054 1056 1053
f 1053 1051 1055
f 1056 1057 1058
f 1056 1054 1057
f 1132 981 979
f 1024 1168 1169
f 1024 1169 1023
f 1025 1171 1172
f 1168 1025 1172
f 1168 1024 1025
f 1026 1174 1175
f 1171 1026 1175
f 1171 1025 1026
f 1027 1177 1178
f 1174 1027 1178
f 1174 1026 1027
f 1028 1180 1181
f 1177 1028 1181
f 1177 1027 1028
f 1029 1183 1184
f 1180 1029 1184
f 1180 1028 1029
f 1186 1188 1187
f 1186 1030 1188
f 1183 1030 1186
f 1183 1029 1030
f 1031 1189 1188
f 1031 1188 1030
f 1032 1190 1189
f 1032 1189 1031
f 1033 1191 1190
f 1033 1190 1032
f 1034 1192 1191
f 1034 1191 1033
f 1035 1193 1192
f 1035 1192 1034
f 1036 1194 1193
f 1036 1193 1035
f 1037 1195 1194
f 1037 1194 1036
f 1038 1196 1195
f 1038 1195 1037
f 1039 1197 1196
f 1039 1196 1038
f 1040 1198 1197
f 1040 1197 1039
f 1041 1199 1198
f 1041 1198 1040
f 1042 1200 1199
f 1042 1199 1041
f 1043 1201 1200
f 1043 1200 1042
f 1044 1202 1201
f 1044 1201 1043
f 1045 1203 1202
f 1045 1202 1044
f 1046 1204 1203
f 1046 1203 1045
f 1047 1205 1204
f 1047 1204 1046
f 1050 1206 1205
f 1050 1205 1047
f 1053 1207 1206
f 1053 1206 1050
f 1056 1208 1207
f 1056 1207 1053
f 1209 1208 1210
f 1209 1211 1208
f 1210 1056 1058
f 1210 1208 1056
f 1212 1211 1213
f 1212 1214 1211
f 1211 1209 1213
f 1215 1214 1216
f 1215 1217 1214
f 1214 1212 1216
f 1218 1217 1219
f 1218 1220 1217
f 1217 1215 1219
f 1220 1221 1222
f 1220 1218 1221
f 1188 1339 1340
f 1188 1340 1187
f 1189 1342 1343
f 1339 1189 1343
f 1339 1188 1189
f 1190 1345 1346
f 1342 1190 1346
f 1342 1189 1190
f 1191 1348 1349
f 1345 1191 1349
f 1345 1190 1191
f 1192 1351 1352
f 1348 1192 1352
f 1348 1191 1192
f 1193 1354 1355
f 1351 1193 1355
f 1351 1192 1193
f 1194 1357 1358
f 1354 1194 1358
f 1354 1193 1194
f 1195 1360 1361
f 1357 1195 1361
f 1357 1194 1195
f 1196 1363 1364
f 1360 1196 1364
f 1360 1195 1196
f 1366 1368 1367
f 1366 1197 1368
f 1363 1197 1366
f 1363 1196 1197
f 1198 1369 1368
f 1198 1368 1197
f 1199 1370 1369
f 1199 1369 1198
f 1200 1371 1370
f 1200 1370 1199
f 1201 1372 1371
f 1201 1371 1200
f 1202 1373 1372
f 1202 1372 1201
f 1203 1374 1373
f 1203 1373 1202
f 1204 1375 1374
f 1204 1374 1203
f 1205 1376 1375
f 1205 1375 1204
f 1206 1377 1376
f 1206 1376 1205
f 1207 1378 1377
f 1207 1377 1206
f 1208 1379 1378
f 1208 1378 1207
f 1211 1380 1379
f 1211 1379 1208
f 1214 1381 1380
f 1214 1380 1211
f 1217 1382 1381
f 1217 1381 1214
f 1220 1383 1382
f 1220 1382 1217
f 1384 1383 1385
f 1384 1386 1383
f 1385 1220 1222
f 1385 1383 1220
f 1387 1386 1388
f 1387 1389 1386
f 1386 1384 1388
f 1390 1389 1391
f 1390 1392 1389
f 1389 1387 1391
f 1393 1392 1394
f 1393 1395 1392
f 1392 1390 1394
f 1396 1395 1397
f 1396 1398 1395
f 1395 1393 1397
f 1399 1398 1400
f 1399 1401 1398
f 1398 1396 1400
f 1401 1402 1403
f 1401 1399 1402
f 1368 1539 1540
f 1368 1540 1367
f 1369 1542 1543
f 1539 1369 1543
f 1539 1368 1369
f 1370 1545 1546
f 1542 1370 1546
f 1542 1369 1370
f 1371 1548 1549
f 1545 1371 1549
f 1545 1370 1371
f 1372 1551 1552
f 1548 1372 1552
f 1548 1371 1372
f 1373 1554 1555
f 1551 1373 1555
f 1551 1372 1373
f 1557 1559 1558
f 1557 1374 1559
f 1554 1374 1557
f 1554 1373 1374
f 1375 1560 1559
f 1375 1559 1374
f 1376 1561 1560
f 1376 1560 1375
f 1377 1562 1561
f 1377 1561 1376
f 1378 1563 1562
f 1378 1562 1377
f 1379 1564 1563
f 1379 1563 1378
f 1380 1565 1564
f 1380 1564 1379
f 1381 1566 1565
f 1381 1565 1380
f 1382 1567 1566
f 1382 1566 1381
f 1383 1568 1567
f 1383 1567 1382
f 1386 1569 1568
f 1386 1568 1383
f 1389 1570 1569
f 1389 1569 1386
f 1392 1571 1570
f 1392 1570 1389
f 1395 1572 1571
f 1395 1571 1392
f 1398 1573 1572
f 1398 1572 1395
f 1401 1574 1573
f 1401 1573 1398
f 1575 1574 1576
f 1575 1577 1574
f 1576 1401 1403
f 1576 1574 1401
f 1578 1577 1579
f 1578 1580 1577
f 1577 1575 1579
f 1581 1580 1582
f 1581 1583 1580
f 1580 1578 1582
f 1583 1584 1585
f 1583 1581 1584

#List of body polygons
f 176 177 178
f 181 176 182
f 181 183 176
f 176 178 182
f 184 185 183
f 186 183 181
f 186 184 183
f 187 188 185
f 187 185 184
f 189 190 188
f 189 188 187
f 191 192 190
f 191 190 189
f 193 194 192
f 193 192 191
f 195 196 194
f 195 194 193
f 197 198 196
f 197 196 195
f 199 200 198
f 199 198 197
f 201 202 200
f 201 200 199
f 203 204 202
f 203 202 201
f 205 206 204
f 205 204 203
f 207 208 206
f 207 206 205
f 209 210 208
f 209 208 207
f 211 212 210
f 211 210 209
f 213 214 212
f 213 212 211
f 215 216 214
f 215 214 213
f 217 218 216
f 217 216 215
f 219 220 218
f 219 218 217
f 221 222 220
f 221 220 219
f 224 226 225
f 224 222 226
f 226 222 221
f 226 229 225
f 354 355 356
f 357 354 358
f 357 359 354
f 354 356 358
f 360 359 361
f 360 362 359
f 359 357 361
f 363 362 364
f 363 365 362
f 362 360 364
f 366 365 367
f 366 368 365
f 365 363 367
f 176 369 368
f 177 368 366
f 177 176 368
f 183 370 369
f 183 369 176
f 185 371 370
f 185 370 183
f 188 372 371
f 188 371 185
f 190 373 372
f 190 372 188
f 192 374 373
f 192 373 190
f 194 375 374
f 194 374 192
f 196 376 375
f 196 375 194
f 198 377 376
f 198 376 196
f 200 378 377
f 200 377 198
f 202 379 378
f 202 378 200
f 204 380 379
f 204 379 202
f 206 381 380
f 206 380 204
f 208 382 381
f 208 381 206
f 210 383 382
f 210 382 208
f 212 384 383
f 212 383 210
f 214 385 384
f 214 384 212
f 216 386 385
f 216 385 214
f 218 387 386
f 218 386 216
f 389 220 390
f 389 387 220
f 220 387 218
f 222 391 392
f 390 222 392
f 390 220 222
f 222 224 391
f 504 505 506
f 507 504 508
f 507 509 504
f 504 506 508
f 510 509 511
f 510 512 509
f 509 507 511
f 513 512 514
f 513 515 512
f 512 510 514
f 354 516 515
f 355 515 513
f 355 354 515
f 359 517 516
f 359 516 354
f 362 518 517
f 362 517 359
f 365 519 518
f 365 518 362
f 368 520 519
f 368 519 365
f 369 521 520
f 369 520 368
f 370 522 521
f 370 521 369
f 371 523 522
f 371 522 370
f 372 524 523
f 372 523 371
f 373 525 524
f 373 524 372
f 374 526 525
f 374 525 373
f 375 527 526
f 375 526 374
f 376 528 527
f 376 527 375
f 377 529 528
f 377 528 376
f 378 530 529
f 378 529 377
f 379 531 530
f 379 530 378
f 380 532 531
f 380 531 379
f 381 533 532
f 381 532 380
f 382 534 533
f 382 533 381
f 383 535 534
f 383 534 382
f 384 536 535
f 384 535 383
f 538 385 539
f 538 536 385
f 385 536 384
f 386 540 541
f 539 386 541
f 539 385 386
f 387 543 544
f 540 387 544
f 540 386 387
f 387 389 543
f 569 570 571
f 570 569 575
f 644 645 646
f 647 644 648
f 647 649 644
f 644 646 648
f 650 649 651
f 650 652 649
f 649 647 651
f 504 653 652
f 505 652 650
f 505 504 652
f 509 654 653
f 509 653 504
f 512 655 654
f 512 654 509
f 515 656 655
f 515 655 512
f 516 657 656
f 516 656 515
f 517 658 657
f 517 657 516
f 518 659 658
f 518 658 517
f 519 660 659
f 519 659 518
f 520 661 660
f 520 660 519
f 521 662 661
f 521 661 520
f 522 663 662
f 522 662 521
f 523 664 663
f 523 663 522
f 524 665 664
f 524 664 523
f 525 666 665
f 525 665 524
f 526 667 666
f 526 666 525
f 527 668 667
f 527 667 526
f 528 669 668
f 528 668 527
f 529 670 669
f 529 669 528
f 530 671 670
f 530 670 529
f 531 672 671
f 531 671 530
f 532 673 672
f 532 672 531
f 533 674 673
f 533 673 532
f 534 675 674
f 534 674 533
f 677 535 678
f 677 675 535
f 535 675 534
f 536 679 680
f 678 536 680
f 678 535 536
f 536 538 679
f 708 709 710
f 709 569 571
f 709 708 569
f 785 786 787
f 644 788 785
f 645 785 787
f 645 644 785
f 649 789 788
f 649 788 644
f 652 790 789
f 652 789 649
f 653 791 790
f 653 790 652
f 654 792 791
f 654 791 653
f 655 793 792
f 655 792 654
f 656 794 793
f 656 793 655
f 657 795 794
f 657 794 656
f 658 796 795
f 658 795 657
f 659 797 796
f 659 796 658
f 660 798 797
f 660 797 659
f 661 799 798
f 661 798 660
f 662 800 799
f 662 799 661
f 663 801 800
f 663 800 662
f 664 802 801
f 664 801 663
f 665 803 802
f 665 802 664
f 666 804 803
f 666 803 665
f 667 805 804
f 667 804 666
f 668 806 805
f 668 805 667
f 669 807 806
f 669 806 668
f 670 808 807
f 670 807 669
f 671 809 808
f 671 808 670
f 672 810 809
f 672 809 671
f 673 811 810
f 673 810 672
f 674 812 811
f 674 811 673
f 814 675 815
f 814 812 675
f 675 812 674
f 675 677 815
f 844 845 846
f 845 708 710
f 845 844 708
f 917 919 918
f 917 785 919
f 785 917 786
f 788 920 919
f 788 919 785
f 789 921 920
f 789 920 788
f 790 922 921
f 790 921 789
f 791 923 922
f 791 922 790
f 792 924 923
f 792 923 791
f 793 925 924
f 793 924 792
f 794 926 925
f 794 925 793
f 795 927 926
f 795 926 794
f 796 928 927
f 796 927 795
f 797 929 928
f 797 928 796
f 798 930 929
f 798 929 797
f 799 931 930
f 799 930 798
f 800 932 931
f 800 931 799
f 801 933 932
f 801 932 800
f 802 934 933
f 802 933 801
f 803 935 934
f 803 934 802
f 804 936 935
f 804 935 803
f 805 937 936
f 805 936 804
f 806 938 937
f 806 937 805
f 807 939 938
f 807 938 806
f 808 940 939
f 808 939 807
f 809 941 940
f 809 940 808
f 810 942 941
f 810 941 809
f 811 943 942
f 811 942 810
f 812 944 943
f 812 943 811
f 945 944 946
f 945 947 944
f 946 812 814
f 946 944 812
f 947 948 949
f 947 945 948
f 844 846 982
f 919 1048 1049
f 919 1049 918
f 920 1051 1052
f 1048 920 1052
f 1048 919 920
f 921 1054 1055
f 1051 921 1055
f 1051 920 921
f 1057 1059 1058
f 1057 922 1059
f 1054 922 1057
f 1054 921 922
f 923 1060 1059
f 923 1059 922
f 924 1061 1060
f 924 1060 923
f 925 1062 1061
f 925 1061 924
f 926 1063 1062
f 926 1062 925
f 927 1064 1063
f 927 1063 926
f 928 1065 1064
f 928 1064 927
f 929 1066 1065
f 929 1065 928
f 930 1067 1066
f 930 1066 929
f 931 1068 1067
f 931 1067 930
f 932 1069 1068
f 932 1068 931
f 933 1070 1069
f 933 1069 932
f 934 1071 1070
f 934 1070 933
f 935 1072 1071
f 935 1071 934
f 936 1073 1072
f 936 1072 935
f 937 1074 1073
f 937 1073 936
f 938 1075 1074
f 938 1074 937
f 939 1076 1075
f 939 1075 938
f 940 1077 1076
f 940 1076 939
f 941 1078 1077
f 941 1077 940
f 942 1079 1078
f 942 1078 941
f 943 1080 1079
f 943 1079 942
f 944 1081 1080
f 944 1080 943
f 947 1082 1081
f 947 1081 944
f 1083 1082 1084
f 1083 1085 1082
f 1084 947 949
f 1084 1082 947
f 1085 1086 1087
f 1085 1083 1086
f 1059 1209 1210
f 1059 1210 1058
f 1060 1212 1213
f 1209 1060 1213
f 1209 1059 1060
f 1061 1215 1216
f 1212 1061 1216
f 1212 1060 1061
f 1062 1218 1219
f 1215 1062 1219
f 1215 1061 1062
f 1221 1223 1222
f 1221 1063 1223
f 1218 1063 1221
f 1218 1062 1063
f 1064 1224 1223
f 1064 1223 1063
f 1065 1225 1224
f 1065 1224 1064
f 1066 1226 1225
f 1066 1225 1065
f 1067 1227 1226
f 1067 1226 1066
f 1068 1228 1227
f 1068 1227 1067
f 1069 1229 1228
f 1069 1228 1068
f 1070 1230 1229
f 1070 1229 1069
f 1071 1231 1230
f 1071 1230 1070
f 1072 1232 1231
f 1072 1231 1071
f 1073 1233 1232
f 1073 1232 1072
f 1074 1234 1233
f 1074 1233 1073
f 1075 1235 1234
f 1075 1234 1074
f 1076 1236 1235
f 1076 1235 1075
f 1077 1237 1236
f 1077 1236 1076
f 1078 1238 1237
f 1078 1237 1077
f 1079 1239 1238
f 1079 1238 1078
f 1080 1240 1239
f 1080 1239 1079
f 1081 1241 1240
f 1081 1240 1080
f 1082 1242 1241
f 1082 1241 1081
f 1085 1243 1242
f 1085 1242 1082
f 1244 1243 1245
f 1244 1246 1243
f 1245 1085 1087
f 1245 1243 1085
f 1247 1246 1248
f 1247 1249 1246
f 1246 1244 1248
f 1250 1249 1251
f 1250 1252 1249
f 1249 1247 1251
f 1252 1253 1254
f 1252 1250 1253
f 1223 1384 1385
f 1223 1385 1222
f 1224 1387 1388
f 1384 1224 1388
f 1384 1223 1224
f 1225 1390 1391
f 1387 1225 1391
f 1387 1224 1225
f 1226 1393 1394
f 1390 1226 1394
f 1390 1225 1226
f 1227 1396 1397
f 1393 1227 1397
f 1393 1226 1227
f 1228 1399 1400
f 1396 1228 1400
f 1396 1227 1228
f 1402 1404 1403
f 1402 1229 1404
f 1399 1229 1402
f 1399 1228 1229
f 1230 1405 1404
f 1230 1404 1229
f 1231 1406 1405
f 1231 1405 1230
f 1232 1407 1406
f 1232 1406 1231
f 1233 1408 1407
f 1233 1407 1232
f 1234 1409 1408
f 1234 1408 1233
f 1235 1410 1409
f 1235 1409 1234
f 1236 1411 1410
f 1236 1410 1235
f 1237 1412 1411
f 1237 1411 1236
f 1238 1413 1412
f 1238 1412 1237
f 1239 1414 1413
f 1239 1413 1238
f 1240 1415 1414
f 1240 1414 1239
f 1241 1416 1415
f 1241 1415 1240
f 1242 1417 1416
f 1242 1416 1241
f 1243 1418 1417
f 1243 1417 1242
f 1246 1419 1418
f 1246 1418 1243
f 1249 1420 1419
f 1249 1419 1246
f 1252 1421 1420
f 1252 1420 1249
f 1422 1421 1423
f 1422 1424 1421
f 1423 1252 1254
f 1423 1421 1252
f 1425 1424 1426
f 1425 1427 1424
f 1424 1422 1426
f 1428 1427 1429
f 1428 1430 1427
f 1427 1425 1429
f 1431 1430 1432
f 1431 1433 1430
f 1430 1428 1432
f 1433 1434 1435
f 1433 1431 1434
f 1404 1575 1576
f 1404 1576 1403
f 1405 1578 1579
f 1575 1405 1579
f 1575 1404 1405
f 1406 1581 1582
f 1578 1406 1582
f 1578 1405 1406
f 1584 1586 1585
f 1584 1407 1586
f 1581 1407 1584
f 1581 1406 1407
f 1408 1587 1586
f 1408 1586 1407
f 1409 1588 1587
f 1409 1587 1408
f 1410 1589 1588
f 1410 1588 1409
f 1411 1590 1589
f 1411 1589 1410
f 1412 1591 1590
f 1412 1590 1411
f 1413 1592 1591
f 1413 1591 1412
f 1414 1593 1592
f 1414 1592 1413
f 1415 1594 1593
f 1415 1593 1414
f 1416 1595 1594
f 1416 1594 1415
f 1417 1596 1595
f 1417 1595 1416
f 1418 1597 1596
f 1418 1596 1417
f 1419 1598 1597
f 1419 1597 1418
f 1420 1599 1598
f 1420 1598 1419
f 1421 1600 1599
f 1421 1599 1420
f 1424 1601 1600
f 1424 1600 1421
f 1427 1602 1601
f 1427 1601 1424
f 1430 1603 1602
f 1430 1602 1427
f 1433 1604 1603
f 1433 1603 1430
f 1605 1604 1606
f 1605 1607 1604
f 1606 1433 1435
f 1606 1604 1433
f 1607 1608 1609
f 1607 1605 1608

#List of body polygons
f 223 224 225
f 227 228 223
f 229 223 225
f 229 227 223
f 230 231 228
f 230 228 227
f 232 233 231
f 232 231 230
f 234 235 233
f 234 233 232
f 236 237 235
f 236 235 234
f 238 239 237
f 238 237 236
f 240 241 239
f 240 239 238
f 242 243 241
f 242 241 240
f 244 245 243
f 244 243 242
f 246 247 245
f 246 245 244
f 248 249 247
f 248 247 246
f 250 251 249
f 250 249 248
f 252 253 251
f 252 251 250
f 254 255 253
f 254 253 252
f 256 257 255
f 256 255 254
f 258 259 257
f 258 257 256
f 260 261 259
f 260 259 258
f 262 263 261
f 262 261 260
f 264 265 263
f 264 263 262
f 266 267 265
f 266 265 264
f 388 389 390
f 391 388 392
f 391 393 388
f 388 390 392
f 223 394 393
f 224 393 391
f 224 223 393
f 228 395 394
f 228 394 223
f 231 396 395
f 231 395 228
f 233 397 396
f 233 396 231
f 235 398 397
f 235 397 233
f 237 399 398
f 237 398 235
f 239 400 399
f 239 399 237
f 241 401 400
f 241 400 239
f 243 402 401
f 243 401 241
f 245 403 402
f 245 402 243
f 247 404 403
f 247 403 245
f 249 405 404
f 249 404 247
f 251 406 405
f 251 405 249
f 253 407 406
f 253 406 251
f 255 408 407
f 255 407 253
f 257 409 408
f 257 408 255
f 259 410 409
f 259 409 257
f 261 411 410
f 261 410 259
f 263 412 411
f 263 411 261
f 265 413 412
f 265 412 263
f 267 414 413
f 267 413 265
f 537 538 539
f 540 537 541
f 540 542 537
f 537 539 541
f 543 542 544
f 543 545 542
f 542 540 544
f 388 546 545
f 389 545 543
f 389 388 545
f 393 547 546
f 393 546 388
f 394 548 547
f 394 547 393
f 395 549 548
f 395 548 394
f 396 550 549
f 396 549 395
f 397 551 550
f 397 550 396
f 398 552 551
f 398 551 397
f 399 553 552
f 399 552 398
f 400 554 553
f 400 553 399
f 401 555 554
f 401 554 400
f 402 556 555
f 402 555 401
f 403 557 556
f 403 556 402
f 404 558 557
f 404 557 403
f 405 559 558
f 405 558 404
f 406 560 559
f 406 559 405
f 407 561 560
f 407 560 406
f 408 562 561
f 408 561 407
f 409 563 562
f 409 562 408
f 410 564 563
f 410 563 409
f 411 565 564
f 411 564 410
f 412 566 565
f 412 565 411
f 413 567 566
f 413 566 412
f 414 568 567
f 414 567 413
f 676 677 678
f 679 676 680
f 679 681 676
f 676 678 680
f 537 682 681
f 538 681 679
f 538 537 681
f 542 683 682
f 542 682 537
f 545 684 683
f 545 683 542
f 546 685 684
f 546 684 545
f 547 686 685
f 547 685 546
f 548 687 686
f 548 686 547
f 549 688 687
f 549 687 548
f 550 689 688
f 550 688 549
f 551 690 689
f 551 689 550
f 552 691 690
f 552 690 551
f 553 692 691
f 553 691 552
f 554 693 692
f 554 692 553
f 555 694 693
f 555 693 554
f 556 695 694
f 556 694 555
f 557 696 695
f 557 695 556
f 558 697 696
f 558 696 557
f 559 698 697
f 559 697 558
f 560 699 698
f 560 698 559
f 561 700 699
f 561 699 560
f 562 701 700
f 562 700 561
f 563 702 701
f 563 701 562
f 564 703 702
f 564 702 563
f 565 704 703
f 565 703 564
f 566 705 704
f 566 704 565
f 567 706 705
f 567 705 566
f 568 707 706
f 568 706 567
f 813 814 815
f 676 816 813
f 677 813 815
f 677 676 813
f 681 817 816
f 681 816 676
f 682 818 817
f 682 817 681
f 683 819 818
f 683 818 682
f 684 820 819
f 684 819 683
f 685 821 820
f 685 820 684
f 686 822 821
f 686 821 685
f 687 823 822
f 687 822 686
f 688 824 823
f 688 823 687
f 689 825 824
f 689 824 688
f 690 826 825
f 690 825 689
f 691 827 826
f 691 826 690
f 692 828 827
f 692 827 691
f 693 829 828
f 693 828 692
f 694 830 829
f 694 829 693
f 695 831 830
f 695 830 694
f 696 832 831
f 696 831 695
f 697 833 832
f 697 832 696
f 698 834 833
f 698 833 697
f 699 835 834
f 699 834 698
f 700 836 835
f 700 835 699
f 701 837 836
f 701 836 700
f 702 838 837
f 702 837 701
f 703 839 838
f 703 838 702
f 704 840 839
f 704 839 703
f 705 841 840
f 705 840 704
f 706 842 841
f 706 841 705
f 707 843 842
f 707 842 706
f 813 945 946
f 813 946 814
f 948 950 949
f 948 816 950
f 945 816 948
f 945 813 816
f 817 951 950
f 817 950 816
f 818 952 951
f 818 951 817
f 819 953 952
f 819 952 818
f 820 954 953
f 820 953 819
f 821 955 954
f 821 954 820
f 822 956 955
f 822 955 821
f 823 957 956
f 823 956 822
f 824 958 957
f 824 957 823
f 825 959 958
f 825 958 824
f 826 960 959
f 826 959 825
f 827 961 960
f 827 960 826
f 828 962 961
f 828 961 827
f 829 963 962
f 829 962 828
f 830 964 963
f 830 963 829
f 831 965 964
f 831 964 830
f 832 966 965
f 832 965 831
f 833 967 966
f 833 966 832
f 834 968 967
f 834 967 833
f 835 969 968
f 835 968 834
f 836 970 969
f 836 969 835
f 837 971 970
f 837 970 836
f 838 972 971
f 838 971 837
f 839 973 972
f 839 972 838
f 840 974 973
f 840 973 839
f 841 975 974
f 841 974 840
f 842 976 975
f 842 975 841
f 843 977 976
f 843 976 842
f 950 1083 1084
f 950 1084 949
f 1086 1088 1087
f 1086 951 1088
f 1083 951 1086
f 1083 950 951
f 952 1089 1088
f 952 1088 951
f 953 1090 1089
f 953 1089 952
f 954 1091 1090
f 954 1090 953
f 955 1092 1091
f 955 1091 954
f 956 1093 1092
f 956 1092 955
f 957 1094 1093
f 957 1093 956
f 958 1095 1094
f 958 1094 957
f 959 1096 1095
f 959 1095 958
f 960 1097 1096
f 960 1096 959
f 961 1098 1097
f 961 1097 960
f 962 1099 1098
f 962 1098 961
f 963 1100 1099
f 963 1099 962
f 964 1101 1100
f 964 1100 963
f 965 1102 1101
f 965 1101 964
f 966 1103 1102
f 966 1102 965
f 967 1104 1103
f 967 1103 966
f 968 1105 1104
f 968 1104 967
f 969 1106 1105
f 969 1105 968
f 970 1107 1106
f 970 1106 969
f 971 1108 1107
f 971 1107 970
f 972 1109 1108
f 972 1108 971
f 973 1110 1109
f 973 1109 972
f 974 1111 1110
f 974 1110 973
f 975 1112 1111
f 975 1111 974
f 976 1113 1112
f 976 1112 975
f 977 1114 1113
f 977 1113 976
f 1088 1244 1245
f 1088 1245 1087
f 1089 1247 1248
f 1244 1089 1248
f 1244 1088 1089
f 1090 1250 1251
f 1247 1090 1251
f 1247 1089 1090
f 1253 1255 1254
f 1253 1091 1255
f 1250 1091 1253
f 1250 1090 1091
f 1092 1256 1255
f 1092 1255 1091
f 1093 1257 1256
f 1093 1256 1092
f 1094 1258 1257
f 1094 1257 1093
f 1095 1259 1258
f 1095 1258 1094
f 1096 1260 1259
f 1096 1259 1095
f 1097 1261 1260
f 1097 1260 1096
f 1098 1262 1261
f 1098 1261 1097
f 1099 1263 1262
f 1099 1262 1098
f 1100 1264 1263
f 1100 1263 1099
f 1101 1265 1264
f 1101 1264 1100
f 1102 1266 1265
f 1102 1265 1101
f 1103 1267 1266
f 1103 1266 1102
f 1104 1268 1267
f 1104 1267 1103
f 1105 1269 1268
f 1105 1268 1104
f 1106 1270 1269
f 1106 1269 1105
f 1107 1271 1270
f 1107 1270 1106
f 1108 1272 1271
f 1108 1271 1107
f 1109 1273 1272
f 1109 1272 1108
f 1110 1274 1273
f 1110 1273 1109
f 1111 1275 1274
f 1111 1274 1110
f 1112 1276 1275
f 1112 1275 1111
f 1113 1277 1276
f 1113 1276 1112
f 1114 1278 1277
f 1114 1277 1113
f 1255 1422 1423
f 1255 1423 1254
f 1256 1425 1426
f 1422 1256 1426
f 1422 1255 1256
f 1257 1428 1429
f 1425 1257 1429
f 1425 1256 1257
f 1258 1431 1432
f 1428 1258 1432
f 1428 1257 1258
f 1434 1436 1435
f 1434 1259 1436
f 1431 1259 1434
f 1431 1258 1259
f 1260 1437 1436
f 1260 1436 1259
f 1261 1438 1437
f 1261 1437 1260
f 1262 1439 1438
f 1262 1438 1261
f 1263 1440 1439
f 1263 1439 1262
f 1264 1441 1440
f 1264 1440 1263
f 1265 1442 1441
f 1265 1441 1264
f 1266 1443 1442
f 1266 1442 1265
f 1267 1444 1443
f 1267 1443 1266
f 1268 1445 1444
f 1268 1444 1267
f 1269 1446 1445
f 1269 1445 1268
f 1270 1447 1446
f 1270 1446 1269
f 1271 1448 1447
f 1271 1447 1270
f 1272 1449 1448
f 1272 1448 1271
f 1273 1450 1449
f 1273 1449 1272
f 1274 1451 1450
f 1274 1450 1273
f 1275 1452 1451
f 1275 1451 1274
f 1276 1453 1452
f 1276 1452 1275
f 1277 1454 1453
f 1277 1453 1276
f 1278 1455 1454
f 1278 1454 1277
f 1436 1605 1606
f 1436 1606 1435
f 1608 1610 1609
f 1608 1437 1610
f 1605 1437 1608
f 1605 1436 1437
f 1438 1611 1610
f 1438 1610 1437
f 1439 1612 1611
f 1439 1611 1438
f 1440 1613 1612
f 1440 1612 1439
f 1441 1614 1613
f 1441 1613 1440
f 1442 1615 1614
f 1442 1614 1441
f 1443 1616 1615
f 1443 1615 1442
f 1444 1617 1616
f 1444 1616 1443
f 1445 1618 1617
f 1445 1617 1444
f 1446 1619 1618
f 1446 1618 1445
f 1447 1620 1619
f 1447 1619 1446
f 1448 1621 1620
f 1448 1620 1447
f 1449 1622 1621
f 1449 1621 1448
f 1450 1623 1622
f 1450 1622 1449
f 1451 1624 1623
f 1451 1623 1450
f 1452 1625 1624
f 1452 1624 1451
f 1453 1626 1625
f 1453 1625 1452
f 1454 1627 1626
f 1454 1626 1453
f 1455 1628 1627
f 1455 1627 1454

#List of body lines
l 1629 1630
l 1630 1631
l 1631 1632
l 1632 1633
l 1633 1634
l 1634 1635
l 1635 1636
l 1636 1637
l 1637 1638
l 1638 1639
l 1630 1640
l 1640 1641
l 1641 1631
l 1631 1642
l 1642 1633
l 1633 1643
l 1643 1635
l 1635 1644
l 1644 1637
l 1637 1645
l 1645 1646
l 1646 1638
l 1640 1647
l 1647 1648
l 1648 1641
l 1641 1649
l 1649 1642
l 1642 1650
l 1650 1643
l 1643 1651
l 1651 1644
l 1644 1652
l 1652 1645
l 1645 1653
l 1653 1654
l 1654 1646
l 1647 1655
l 1655 1656
l 1656 1648
l 1648 1657
l 1657 1649
l 1649 1658
l 1658 1650
l 1650 1659
l 1659 1651
l 1651 1660
l 1660 1652
l 1652 1661
l 1661 1653
l 1653 1662
l 1662 1663
l 1663 1654
l 1655 1664
l 1664 1665
l 1665 1656
l 1656 1666
l 1666 1657
l 1657 1667
l 1667 1658
l 1658 1668
l 1668 1659
l 1659 1669
l 1669 1660
l 1660 1670
l 1670 1661
l 1661 1671
l 1671 1662
l 1662 1672
l 1672 1673
l 1673 1663
l 1664 1674
l 1674 1675
l 1675 1665
l 1665 1676
l 1676 1666
l 1666 1677
l 1677 1667
l 1667 1678
l 1678 1668
l 1668 1679
l 1679 1669
l 1669 1680
l 1680 1670
l 1670 1681
l 1681 1671
l 1671 1682
l 1682 1672
l 1672 1683
l 1683 1684
l 1684 1673
l 1674 1685
l 1685 1686
l 1686 1675
l 1675 1687
l 1687 1676
l 1676 1688
l 1688 1677
l 1677 1689
l 1689 1678
l 1678 1690
l 1690 1679
l 1679 1691
l 1691 1680
l 1680 1692
l 1692 1681
l 1681 1693
l 1693 1682
l 1682 1694
l 1694 1683
l 1683 1695
l 1695 1696
l 1696 1684
l 1686 1697
l 1697 1687
l 1687 1698
l 1698 1688
l 1688 1699
l 1699 1689
l 1689 1700
l 1700 1690
l 1690 1701
l 1701 1691
l 1691 1702
l 1702 1692
l 1692 1703
l 1703 1693
l 1693 1704
l 1704 1694
l 1694 1705
l 1705 1695
l 1695 1706
l 1706 1707
l 1707 1696
l 1697 1708
l 1708 1698
l 1698 1709
l 1709 1699
l 1699 1710
l 1710 1700
l 1700 1711
l 1711 1701
l 1701 1712
l 1712 1702
l 1702 1713
l 1713 1703
l 1703 1714
l 1714 1704
l 1704 1715
l 1715 1705
l 1705 1716
l 1716 1706
l 1706 1717
l 1717 1718
l 1718 1707
l 1708 1719
l 1719 1709
l 1709 1720
l 1720 1710
l 1710 1721
l 1721 1711
l 1711 1722
l 1722 1712
l 1712 1723
l 1723 1713
l 1713 1724
l 1724 1714
l 1714 1725
l 1725 1715
l 1715 1726
l 1726 1716
l 1716 1727
l 1727 1717
l 1717 1728
l 1728 1729
l 1729 1718
l 1719 1730
l 1730 1720
l 1720 1731
l 1731 1721
l 1721 1732
l 1732 1722
l 1722 1733
l 1733 1723
l 1723 1734
l 1734 1724
l 1724 1735
l 1735 1725
l 1725 1736
l 1736 1726
l 1726 1737
l 1737 1727
l 1727 1738
l 1738 1728
l 1728 1739
l 1739 1740
l 1740 1729
l 1730 1741
l 1741 1731
l 1731 1742
l 1742 1732
l 1732 1743
l 1743 1733
l 1733 1744
l 1744 1734
l 1734 1745
l 1745 1735
l 1735 1746
l 1746 1736
l 1736 1747
l 1747 1737
l 1737 1748
l 1748 1738
l 1738 1749
l 1749 1739
l 1739 1750
l 1750 1751
l 1751 1740
l 1741 1752
l 1752 1742
l 1742 1753
l 1753 1743
l 1743 1754
l 1754 1744
l 1744 1755
l 1755 1745
l 1745 1756
l 1756 1746
l 1746 1757
l 1757 1747
l 1747 1758
l 1758 1748
l 1748 1759
l 1759 1749
l 1749 1760
l 1760 1750
l 1750 1761
l 1761 1762
l 1762 1751
l 1752 1763
l 1763 1753
l 1753 1764
l 1764 1754
l 1754 1765
l 1765 1755
l 1755 1766
l 1766 1756
l 1756 1767
l 1767 1757
l 1757 1768
l 1768 1758
l 1758 1769
l 1769 1759
l 1759 1770
l 1770 1760
l 1760 1771
l 1771 1761
l 1761 1772
l 1772 1773
l 1773 1762
l 1763 1774
l 1774 1764
l 1764 1775
l 1775 1765
l 1765 1776
l 1776 1766
l 1766 1777
l 1777 1767
l 1767 1778
l 1778 1768
l 1768 1779
l 1779 1769
l 1769 1780
l 1780 1770
l 1770 1781
l 1781 1771
l 1771 1782
l 1782 1772
l 1772 1783
l 1783 1784
l 1784 1773
l 1774 1785
l 1785 1775
l 1775 1786
l 1786 1776
l 1776 1787
l 1787 1777
l 1777 1788
l 1788 1778
l 1778 1789
l 1789 1779
l 1779 1790
l 1790 1780
l 1780 1791
l 1791 1781
l 1781 1792
l 1792 1782
l 1782 1793
l 1793 1783
l 1783 1794
l 1794 1795
l 1795 1784
l 1785 1796
l 1796 1786
l 1786 1797
l 1797 1787
l 1787 1798
l 1798 1788
l 1788 1799
l 1799 1789
l 1789 1800
l 1800 1790
l 1790 1801
l 1801 1791
l 1791 1802
l 1802 1792
l 1792 1803
l 1803 1793
l 1793 1804
l 1804 1794
l 1794 1805
l 1805 1806
l 1806 1795
l 1796 1807
l 1807 1797
l 1797 1808
l 1808 1798
l 1798 1809
l 1809 1799
l 1799 1810
l 1810 1800
l 1800 1811
l 1811 1801
l 1801 1812
l 1812 1802
l 1802 1813
l 1813 1803
l 1803 1814
l 1814 1804
l 1804 1815
l 1815 1805
l 1805 1816
l 1816 1817
l 1817 1806
l 1807 1818
l 1818 1808
l 1808 1819
l 1819 1809
l 1809 1820
l 1820 1810
l 1810 1821
l 1821 1811
l 1811 1822
l 1822 1812
l 1812 1823
l 1823 1813
l 1813 1824
l 1824 1814
l 1814 1825
l 1825 1815
l 1815 1826
l 1826 1816
l 1816 1827
l 1827 1828
l 1828 1817
l 1818 1829
l 1829 1819
l 1819 1830
l 1830 1820
l 1820 1831
l 1831 1821
l 1821 1832
l 1832 1822
l 1822 1833
l 1833 1823
l 1823 1834
l 1834 1824
l 1824 1835
l 1835 1825
l 1825 1836
l 1836 1826
l 1826 1837
l 1837 1827
l 1827 1838
l 1838 1839
l 1839 1828
l 1829 1840
l 1840 1830
l 1830 1841
l 1841 1831
l 1831 1842
l 1842 1832
l 1832 1843
l 1843 1833
l 1833 1844
l 1844 1834
l 1834 1845
l 1845 1835
l 1835 1846
l 1846 1836
l 1836 1847
l 1847 1837
l 1837 1848
l 1848 1838
l 1838 1849
l 1849 1850
l 1850 1839
l 1840 1851
l 1851 1841
l 1841 1852
l 1852 1842
l 1842 1853
l 1853 1843
l 1843 1854
l 1854 1844
l 1844 1855
l 1855 1845
l 1845 1856
l 1856 1846
l 1846 1857
l 1857 1847
l 1847 1858
l 1858 1848
l 1848 1859
l 1859 1849
l 1849 1860
l 1860 1861
l 1861 1850
l 1851 1862
l 1862 1852
l 1852 1863
l 1863 1853
l 1853 1864
l 1864 1854
l 1854 1865
l 1865 1855
l 1855 1866
l 1866 1856
l 1856 1867
l 1867 1857
l 1857 1868
l 1868 1858
l 1858 1869
l 1869 1859
l 1859 1870
l 1870 1860
l 1860 1871
l 1871 1872
l 1872 1861
l 1862 1873
l 1873 1863
l 1863 1874
l 1874 1864
l 1864 1875
l 1875 1865
l 1865 1876
l 1876 1866
l 1866 1877
l 1877 1867
l 1867 1878
l 1878 1868
l 1868 1879
l 1879 1869
l 1869 1880
l 1880 1870
l 1870 1881
l 1881 1871
l 1871 1882
l 1882 1883
l 1883 1872
l 1873 1884
l 1884 1874
l 1874 1885
l 1885 1875
l 1875 1886
l 1886 1876
l 1876 1887
l 1887 1877
l 1877 1888
l 1888 1878
l 1878 1889
l 1889 1879
l 1879 1890
l 1890 1880
l 1880 1891
l 1891 1881
l 1881 1892
l 1892 1882
l 1882 1893
l 1893 1894
l 1894 1883
l 1884 1895
l 1895 1885
l 1885 1896
l 1896 1886
l 1886 1897
l 1897 1887
l 1887 1898
l 1898 1888
l 1888 1899
l 1899 1889
l 1889 1900
l 1900 1890
l 1890 1901
l 1901 1891
l 1891 1902
l 1902 1892
l 1892 1903
l 1903 1893
l 1893 1904
l 1904 1905
l 1905 1894
l 1895 1906
l 1906 1896
l 1896 1907
l 1907 1897
l 1897 1908
l 1908 1898
l 1898 1909
l 1909 1899
l 1899 1910
l 1910 1900
l 1900 1911
l 1911 1901
l 1901 1912
l 1912 1902
l 1902 1913
l 1913 1903
l 1903 1914
l 1914 1904
l 1904 1915
l 1915 1916
l 1916 1905
l 1906 1917
l 1917 1907
l 1907 1918
l 1918 1908
l 1908 1919
l 1919 1909
l 1909 1920
l 1920 1910
l 1910 1921
l 1921 1911
l 1911 1922
l 1922 1912
l 1912 1923
l 1923 1913
l 1913 1924
l 1924 1914
l 1914 1925
l 1925 1915
l 1915 1926
l 1926 1927
l 1927 1916
l 1917 1928
l 1928 1918
l 1918 1929
l 1929 1919
l 1919 1930
l 1930 1920
l 1920 1931
l 1931 1921
l 1921 1932
l 1932 1922
l 1922 1933
l 1933 1923
l 1923 1934
l 1934 1924
l 1924 1935
l 1935 1925
l 1925 1936
l 1936 1926
l 1926 1937
l 1937 1938
l 1938 1927
l 1928 1939
l 1939 1929
l 1929 1940
l 1940 1930
l 1930 1941
l 1941 1931
l 1931 1942
l 1942 1932
l 1932 1943
l 1943 1933
l 1933 1944
l 1944 1934
l 1934 1945
l 1945 1935
l 1935 1946
l 1946 1936
l 1936 1947
l 1947 1937
l 1937 1948
l 1948 1949
l 1949 1938
l 1939 1950
l 1950 1940
l 1940 1951
l 1951 1941
l 1941 1952
l 1952 1942
l 1942 1953
l 1953 1943
l 1943 1954
l 1954 1944
l 1944 1955
l 1955 1945
l 1945 1956
l 1956 1946
l 1946 1957
l 1957 1947
l 1947 1958
l 1958 1948
l 1948 1959
l 1959 1960
l 1960 1949
l 1950 1961
l 1961 1951
l 1951 1962
l 1962 1952
l 1952 1963
l 1963 1953
l 1953 1964
l 1964 1954
l 1954 1965
l 1965 1955
l 1955 1966
l 1966 1956
l 1956 1967
l 1967 1957
l 1957 1968
l 1968 1958
l 1958 1969
l 1969 1959
l 1959 1970
l 1970 1971
l 1971 1960
l 1961 1972
l 1972 1962
l 1962 1973
l 1973 1963
l 1963 1974
l 1974 1964
l 1964 1975
l 1975 1965
l 1965 1976
l 1976 1966
l 1966 1977
l 1977 1967
l 1967 1978
l 1978 1968
l 1968 1979
l 1979 1969
l 1969 1980
l 1980 1970
l 1970 1981
l 1981 1982
l 1982 1971
l 1972 1983
l 1983 1973
l 1973 1984
l 1984 1974
l 1974 1985
l 1985 1975
l 1975 1986
l 1986 1976
l 1976 1987
l 1987 1977
l 1977 1988
l 1988 1978
l 1978 1989
l 1989 1979
l 1979 1990
l 1990 1980
l 1980 1991
l 1991 1981
l 1981 1992
l 1992 1993
l 1993 1982
l 1983 1994
l 1994 1984
l 1984 1995
l 1995 1985
l 1985 1996
l 1996 1986
l 1986 1997
l 1997 1987
l 1987 1998
l 1998 1988
l 1988 1999
l 1999 1989
l 1989 2000
l 2000 1990
l 1990 2001
l 2001 1991
l 1991 2002
l 2002 1992
l 1992 2003
l 2003 2004
l 2004 1993
l 1994 2005
l 2005 1995
l 1995 2006
l 2006 1996
l 1996 2007
l 2007 1997
l 1997 2008
l 2008 1998
l 1998 2009
l 2009 1999
l 1999 2010
l 2010 2000
l 2000 2011
l 2011 2001
l 2001 2012
l 2012 2002
l 2002 2013
l 2013 2003
l 2003 2014
l 2014 2015
l 2015 2004
l 2005 2016
l 2016 2006
l 2006 2017
l 2017 2007
l 2007 2018
l 2018 2008
l 2008 2019
l 2019 2009
l 2009 2020
l 2020 2010
l 2010 2021
l 2021 2011
l 2011 2022
l 2022 2012
l 2012 2023
l 2023 2013
l 2013 2024
l 2024 2014
l 2014 2025
l 2025 2026
l 2026 2015
l 2016 2027
l 2027 2017
l 2017 2028
l 2028 2018
l 2018 2029
l 2029 2019
l 2019 2030
l 2030 2020
l 2020 2031
l 2031 2021
l 2021 2032
l 2032 2022
l 2022 2033
l 2033 2023
l 2023 2034
l 2034 2024
l 2024 2035
l 2035 2025
l 2025 2036
l 2036 2037
l 2037 2026
l 2027 2038
l 2038 2028
l 2028 2039
l 2039 2029
l 2029 2040
l 2040 2030
l 2030 2041
l 2041 2031
l 2031 2042
l 2042 2032
l 2032 2043
l 2043 2033
l 2033 2044
l 2044 2034
l 2034 2045
l 2045 2035
l 2035 2046
l 2046 2036
l 2036 2047
l 2047 2048
l 2048 2037
l 2038 2049
l 2049 2039
l 2039 2050
l 2050 2040
l 2040 2051
l 2051 2041
l 2041 2052
l 2052 2042
l 2042 2053
l 2053 2043
l 2043 2054
l 2054 2044
l 2044 2055
l 2055 2045
l 2045 2056
l 2056 2046
l 2046 2057
l 2057 2047
l 2047 2058
l 2058 2059
l 2059 2048
l 2049 2060
l 2060 2050
l 2050 2061
l 2061 2051
l 2051 2062
l 2062 2052
l 2052 2063
l 2063 2053
l 2053 2064
l 2064 2054
l 2054 2065
l 2065 2055
l 2055 2066
l 2066 2056
l 2056 2067
l 2067 2057
l 2057 2068
l 2068 2058
l 2058 2069
l 2069 2070
l 2070 2059
l 2060 2071
l 2071 2061
l 2061 2072
l 2072 2062
l 2062 2073
l 2073 2063
l 2063 2074
l 2074 2064
l 2064 2075
l 2075 2065
l 2065 2076
l 2076 2066
l 2066 2077
l 2077 2067
l 2067 2078
l 2078 2068
l 2068 2079
l 2079 2069
l 2069 2080
l 2080 2081
l 2081 2070
l 2071 2082
l 2082 2072
l 2072 2083
l 2083 2073
l 2073 2084
l 2084 2074
l 2074 2085
l 2085 2075
l 2075 2086
l 2086 2076
l 2076 2087
l 2087 2077
l 2077 2088
l 2088 2078
l 2078 2089
l 2089 2079
l 2079 2090
l 2090 2080
l 2080 2091
l 2091 2092
l 2092 2081
l 2082 2093
l 2093 2083
l 2083 2094
l 2094 2084
l 2084 2095
l 2095 2085
l 2085 2096
l 2096 2086
l 2086 2097
l 2097 2087
l 2087 2098
l 2098 2088
l 2088 2099
l 2099 2089
l 2089 2100
l 2100 2090
l 2090 2101
l 2101 2091
l 2091 2102
l 2102 2103
l 2103 2092
l 2093 2104
l 2104 2094
l 2094 2105
l 2105 2095
l 2095 2106
l 2106 2096
l 2096 2107
l 2107 2097
l 2097 2108
l 2108 2098
l 2098 2109
l 2109 2099
l 2099 2110
l 2110 2100
l 2100 2111
l 2111 2101
l 2101 2112
l 2112 2102
l 2102 2113
l 2113 2114
l 2114 2103
l 2104 2115
l 2115 2105
l 2105 2116
l 2116 2106
l 2106 2117
l 2117 2107
l 2107 2118
l 2118 2108
l 2108 2119
l 2119 2109
l 2109 2120
l 2120 2110
l 2110 2121
l 2121 2111
l 2111 2122
l 2122 2112
l 2112 2123
l 2123 2113
l 2113 2124
l 2124 2125
l 2125 2114
l 2115 2126
l 2126 2116
l 2116 2127
l 2127 2117
l 2117 2128
l 2128 2118
l 2118 2129
l 2129 2119
l 2119 2130
l 2130 2120
l 2120 2131
l 2131 2121
l 2121 2132
l 2132 2122
l 2122 2133
l 2133 2123
l 2123 2134
l 2134 2124
l 2124 2135
l 2135 2136
l 2136 2125
l 2126 2137
l 2137 2127
l 2127 2138
l 2138 2128
l 2128 2139
l 2139 2129
l 2129 2140
l 2140 2130
l 2130 2141
l 2141 2131
l 2131 2142
l 2142 2132
l 2132 2143
l 2143 2133
l 2133 2144
l 2144 2134
l 2134 2145
l 2145 2135
l 2135 2146
l 2146 2147
l 2147 2136
l 2137 2148
l 2148 2138
l 2138 2149
l 2149 2139
l 2139 2150
l 2150 2140
l 2140 2151
l 2151 2141
l 2141 2152
l 2152 2142
l 2142 2153
l 2153 2143
l 2143 2154
l 2154 2144
l 2144 2155
l 2155 2145
l 2145 2156
l 2156 2146
l 2146 2157
l 2157 2158
l 2158 2147
l 2148 2159
l 2159 2149
l 2149 2160
l 2160 2150
l 2150 2161
l 2161 2151
l 2151 2162
l 2162 2152
l 2152 2163
l 2163 2153
l 2153 2164
l 2164 2154
l 2154 2165
l 2165 2155
l 2155 2166
l 2166 2156
l 2156 2167
l 2167 2157
l 2157 2168
l 2168 2169
l 2169 2158
l 2159 2170
l 2170 2160
l 2160 2171
l 2171 2161
l 2161 2172
l 2172 2162
l 2162 2173
l 2173 2163
l 2163 2174
l 2174 2164
l 2164 2175
l 2175 2165
l 2165 2176
l 2176 2166
l 2166 2177
l 2177 2167
l 2167 2178
l 2178 2168
l 2168 2179
l 2179 2180
l 2180 2169
l 2170 2181
l 2181 2171
l 2171 2182
l 2182 2172
l 2172 2183
l 2183 2173
l 2173 2184
l 2184 2174
l 2174 2185
l 2185 2175
l 2175 2186
l 2186 2176
l 2176 2187
l 2187 2177
l 2177 2188
l 2188 2178
l 2178 2189
l 2189 2179
l 2179 2190
l 2190 2191
l 2191 2180
l 2181 2192
l 2192 2182
l 2182 2193
l 2193 2183
l 2183 2194
l 2194 2184
l 2184 2195
l 2195 2185
l 2185 2196
l 2196 2186
l 2186 2197
l 2197 2187
l 2187 2198
l 2198 2188
l 2188 2199
l 2199 2189
l 2189 2200
l 2200 2190
l 2190 2201
l 2201 2202
l 2202 2191
l 2192 2203
l 2203 2193
l 2193 2204
l 2204 2194
l 2194 2205
l 2205 2195
l 2195 2206
l 2206 2196
l 2196 2207
l 2207 2197
l 2197 2208
l 2208 2198
l 2198 2209
l 2209 2199
l 2199 2210
l 2210 2200
l 2200 2211
l 2211 2201
l 2201 2212
l 2212 2213
l 2213 2202
l 2203 2214
l 2214 2204
l 2204 2215
l 2215 2205
l 2205 2216
l 2216 2206
l 2206 2217
l 2217 2207
l 2207 2218
l 2218 2208
l 2208 2219
l 2219 2209
l 2209 2220
l 2220 2210
l 2210 2221
l 2221 2211
l 2211 2222
l 2222 2212
l 2212 2223
l 2223 2224
l 2224 2213
l 2214 2225
l 2225 2215
l 2215 2226
l 2226 2216
l 2216 2227
l 2227 2217
l 2217 2228
l 2228 2218
l 2218 2229
l 2229 2219
l 2219 2230
l 2230 2220
l 2220 2231
l 2231 2221
l 2221 2232
l 2232 2222
l 2222 2233
l 2233 2223
l 2223 2234
l 2234 2235
l 2235 2224
l 2225 2236
l 2236 2226
l 2226 2237
l 2237 2227
l 2227 2238
l 2238 2228
l 2228 2239
l 2239 2229
l 2229 2240
l 2240 2230
l 2230 2241
l 2241 2231
l 2231 2242
l 2242 2232
l 2232 2243
l 2243 2233
l 2233 2244
l 2244 2234
l 2234 2245
l 2245 2246
l 2246 2235
l 2236 2247
l 2247 2237
l 2237 2248
l 2248 2238
l 2238 2249
l 2249 2239
l 2239 2250
l 2250 2240
l 2240 2251
l 2251 2241
l 2241 2252
l 2252 2242
l 2242 2253
l 2253 2243
l 2243 2254
l 2254 2244
l 2244 2255
l 2255 2245
l 2245 2256
l 2256 2257
l 2257 2246
l 2247 2258
l 2258 2248
l 2248 2259
l 2259 2249
l 2249 2260
l 2260 2250
l 2250 2261
l 2261 2251
l 2251 2262
l 2262 2252
l 2252 2263
l 2263 2253
l 2253 2264
l 2264 2254
l 2254 2265
l 2265 2255
l 2255 2266
l 2266 2256
l 2256 2267
l 2267 2268
l 2268 2257
l 2258 2269
l 2269 2259
l 2259 2270
l 2270 2260
l 2260 2271
l 2271 2261
l 2261 2272
l 2272 2262
l 2262 2273
l 2273 2263
l 2263 2274
l 2274 2264
l 2264 2275
l 2275 2265
l 2265 2276
l 2276 2266
l 2266 2277
l 2277 2267
l 2267 2278
l 2278 2279
l 2279 2268
l 2269 2280
l 2280 2270
l 2270 2281
l 2281 2271
l 2271 2282
l 2282 2272
l 2272 2283
l 2283 2273
l 2273 2284
l 2284 2274
l 2274 2285
l 2285 2275
l 2275 2286
l 2286 2276
l 2276 2287
l 2287 2277
l 2277 2288
l 2288 2278
l 2278 2289
l 2289 2290
l 2290 2279
l 2280 2291
l 2291 2281
l 2281 2292
l 2292 2282
l 2282 2293
l 2293 2283
l 2283 2294
l 2294 2284
l 2284 2295
l 2295 2285
l 2285 2296
l 2296 2286
l 2286 2297
l 2297 2287
l 2287 2298
l 2298 2288
l 2288 2299
l 2299 2289
l 2289 2300
l 2300 2301
l 2301 2290
l 2291 2302
l 2302 2292
l 2292 2303
l 2303 2293
l 2293 2304
l 2304 2294
l 2294 2305
l 2305 2295
l 2295 2306
l 2306 2296
l 2296 2307
l 2307 2297
l 2297 2308
l 2308 2298
l 2298 2309
l 2309 2299
l 2299 2310
l 2310 2300
l 2300 2311
l 2311 2312
l 2312 2301
l 2302 2313
l 2313 2303
l 2303 2314
l 2314 2304
l 2304 2315
l 2315 2305
l 2305 2316
l 2316 2306
l 2306 2317
l 2317 2307
l 2307 2318
l 2318 2308
l 2308 2319
l 2319 2309
l 2309 2320
l 2320 2310
l 2310 2321
l 2321 2311
l 2311 2322
l 2322 2323
l 2323 2312
l 2313 2324
l 2324 2314
l 2314 2325
l 2325 2315
l 2315 2326
l 2326 2316
l 2316 2327
l 2327 2317
l 2317 2328
l 2328 2318
l 2318 2329
l 2329 2319
l 2319 2330
l 2330 2320
l 2320 2331
l 2331 2321
l 2321 2332
l 2332 2322
l 2322 2333
l 2333 2334
l 2334 2323
l 2324 2335
l 2335 2325
l 2325 2336
l 2336 2326
l 2326 2337
l 2337 2327
l 2327 2338
l 2338 2328
l 2328 2339
l 2339 2329
l 2329 2340
l 2340 2330
l 2330 2341
l 2341 2331
l 2331 2342
l 2342 2332
l 2332 2343
l 2343 2333
l 2333 2344
l 2344 2345
l 2345 2334
l 2335 2346
l 2346 2336
l 2336 2347
l 2347 2337
l 2337 2348
l 2348 2338
l 2338 2349
l 2349 2339
l 2339 2350
l 2350 2340
l 2340 2351
l 2351 2341
l 2341 2352
l 2352 2342
l 2342 2353
l 2353 2343
l 2343 2354
l 2354 2344
l 2344 2355
l 2355 2356
l 2356 2345
l 2346 2357
l 2357 2347
l 2347 2358
l 2358 2348
l 2348 2359
l 2359 2349
l 2349 2360
l 2360 2350
l 2350 2361
l 2361 2351
l 2351 2362
l 2362 2352
l 2352 2363
l 2363 2353
l 2353 2364
l 2364 2354
l 2354 2365
l 2365 2355
l 2355 2366
l 2366 2367
l 2367 2356
l 2357 2368
l 2368 2358
l 2358 2369
l 2369 2359
l 2359 2370
l 2370 2360
l 2360 2371
l 2371 2361
l 2361 2372
l 2372 2362
l 2362 2373
l 2373 2363
l 2363 2374
l 2374 2364
l 2364 2375
l 2375 2365
l 2365 2376
l 2376 2366
l 2366 2377
l 2377 2378
l 2378 2367
l 2368 2379
l 2379 2369
l 2369 2380
l 2380 2370
l 2370 2381
l 2381 2371
l 2371 2382
l 2382 2372
l 2372 2383
l 2383 2373
l 2373 2384
l 2384 2374
l 2374 2385
l 2385 2375
l 2375 2386
l 2386 2376
l 2376 2387
l 2387 2377
l 2377 2388
l 2388 2389
l 2389 2378
l 2379 2390
l 2390 2380
l 2380 2391
l 2391 2381
l 2381 2392
l 2392 2382
l 2382 2393
l 2393 2383
l 2383 2394
l 2394 2384
l 2384 2395
l 2395 2385
l 2385 2396
l 2396 2386
l 2386 2397
l 2397 2387
l 2387 2398
l 2398 2388
l 2388 2399
l 2399 2400
l 2400 2389
l 2390 2401
l 2401 2391
l 2391 2402
l 2402 2392
l 2392 2403
l 2403 2393
l 2393 2404
l 2404 2394
l 2394 2405
l 2405 2395
l 2395 2406
l 2406 2396
l 2396 2407
l 2407 2397
l 2397 2408
l 2408 2398
l 2398 2409
l 2409 2399
l 2399 2410
l 2410 2411
l 2411 2400
l 2401 2412
l 2412 2402
l 2402 2413
l 2413 2403
l 2403 2414
l 2414 2404
l 2404 2415
l 2415 2405
l 2405 2416
l 2416 2406
l 2406 2417
l 2417 2407
l 2407 2418
l 2418 2408
l 2408 2419
l 2419 2409
l 2409 2420
l 2420 2410
l 2410 2421
l 2421 2422
l 2422 2411
l 2412 2423
l 2423 2413
l 2413 2424
l 2424 2414
l 2414 2425
l 2425 2415
l 2415 2426
l 2426 2416
l 2416 2427
l 2427 2417
l 2417 2428
l 2428 2418
l 2418 2429
l 2429 2419
l 2419 2430
l 2430 2420
l 2420 2431
l 2431 2421
l 2421 2432
l 2432 2433
l 2433 2422
l 2423 2434
l 2434 2424
l 2424 2435
l 2435 2425
l 2425 2436
l 2436 2426
l 2426 2437
l 2437 2427
l 2427 2438
l 2438 2428
l 2428 2439
l 2439 2429
l 2429 2440
l 2440 2430
l 2430 2441
l 2441 2431
l 2431 2442
l 2442 2432
l 2432 2443
l 2443 2444
l 2444 2433
l 2434 2445
l 2445 2435
l 2435 2446
l 2446 2436
l 2436 2447
l 2447 2437
l 2437 2448
l 2448 2438
l 2438 2449
l 2449 2439
l 2439 2450
l 2450 2440
l 2440 2451
l 2451 2441
l 2441 2452
l 2452 2442
l 2442 2453
l 2453 2443
l 2443 2454
l 2454 2455
l 2455 2444
l 2445 2456
l 2456 2446
l 2446 2457
l 2457 2447
l 2447 2458
l 2458 2448
l 2448 2459
l 2459 2449
l 2449 2460
l 2460 2450
l 2450 2461
l 2461 2451
l 2451 2462
l 2462 2452
l 2452 2463
l 2463 2453
l 2453 2464
l 2464 2454
l 2454 2465
l 2465 2466
l 2466 2455
l 2456 2467
l 2467 2457
l 2457 2468
l 2468 2458
l 2458 2469
l 2469 2459
l 2459 2470
l 2470 2460
l 2460 2471
l 2471 2461
l 2461 2472
l 2472 2462
l 2462 2473
l 2473 2463
l 2463 2474
l 2474 2464
l 2464 2475
l 2475 2465
l 2465 2476
l 2476 2477
l 2477 2466
l 2467 2478
l 2478 2468
l 2468 2479
l 2479 2469
l 2469 2480
l 2480 2470
l 2470 2481
l 2481 2471
l 2471 2482
l 2482 2472
l 2472 2483
l 2483 2473
l 2473 2484
l 2484 2474
l 2474 2485
l 2485 2475
l 2475 2486
l 2486 2476
l 2476 2487
l 2487 2488
l 2488 2477
l 2478 2489
l 2489 2479
l 2479 2490
l 2490 2480
l 2480 2491
l 2491 2481
l 2481 2492
l 2492 2482
l 2482 2493
l 2493 2483
l 2483 2494
l 2494 2484
l 2484 2495
l 2495 2485
l 2485 2496
l 2496 2486
l 2486 2497
l 2497 2487
l 2487 2498
l 2498 2499
l 2499 2488
l 2489 2500
l 2500 2490
l 2490 2501
l 2501 2491
l 2491 2502
l 2502 2492
l 2492 2503
l 2503 2493
l 2493 2504
l 2504 2494
l 2494 2505
l 2505 2495
l 2495 2506
l 2506 2496
l 2496 2507
l 2507 2497
l 2497 2508
l 2508 2498
l 2498 2509
l 2509 2510
l 2510 2499
l 2500 2511
l 2511 2501
l 2501 2512
l 2512 2502
l 2502 2513
l 2513 2503
l 2503 2514
l 2514 2504
l 2504 2515
l 2515 2505
l 2505 2516
l 2516 2506
l 2506 2517
l 2517 2507
l 2507 2518
l 2518 2508
l 2508 2519
l 2519 2509
l 2509 2520
l 2520 2521
l 2521 2510
l 2511 2522
l 2522 2512
l 2512 2523
l 2523 2513
l 2513 2524
l 2524 2514
l 2514 2525
l 2525 2515
l 2515 2526
l 2526 2516
l 2516 2527
l 2527 2517
l 2517 2528
l 2528 2518
l 2518 2529
l 2529 2519
l 2519 2530
l 2530 2520
l 2520 2531
l 2531 2532
l 2532 2521
l 2522 2533
l 2533 2523
l 2523 2534
l 2534 2524
l 2524 2535
l 2535 2525
l 2525 2536
l 2536 2526
l 2526 2537
l 2537 2527
l 2527 2538
l 2538 2528
l 2528 2539
l 2539 2529
l 2529 2540
l 2540 2530
l 2530 2541
l 2541 2531
l 2531 2542
l 2542 2543
l 2543 2532
l 2533 2544
l 2544 2534
l 2534 2545
l 2545 2535
l 2535 2546
l 2546 2536
l 2536 2547
l 2547 2537
l 2537 2548
l 2548 2538
l 2538 2549
l 2549 2539
l 2539 2550
l 2550 2540
l 2540 2551
l 2551 2541
l 2541 2552
l 2552 2542
l 2542 2553
l 2553 2554
l 2554 2543
l 2544 2555
l 2555 2545
l 2545 2556
l 2556 2546
l 2546 2557
l 2557 2547
l 2547 2558
l 2558 2548
l 2548 2559
l 2559 2549
l 2549 2560
l 2560 2550
l 2550 2561
l 2561 2551
l 2551 2562
l 2562 2552
l 2552 2563
l 2563 2553
l 2553 2564
l 2564 2565
l 2565 2554
l 2555 2566
l 2566 2556
l 2556 2567
l 2567 2557
l 2557 2568
l 2568 2558
l 2558 2569
l 2569 2559
l 2559 2570
l 2570 2560
l 2560 2571
l 2571 2561
l 2561 2572
l 2572 2562
l 2562 2573
l 2573 2563
l 2563 2574
l 2574 2564
l 2564 2575
l 2575 2576
l 2576 2565
l 2566 2577
l 2577 2567
l 2567 2578
l 2578 2568
l 2568 2579
l 2579 2569
l 2569 2580
l 2580 2570
l 2570 2581
l 2581 2571
l 2571 2582
l 2582 2572
l 2572 2583
l 2583 2573
l 2573 2584
l 2584 2574
l 2574 2585
l 2585 2575
l 2575 2586
l 2586 2587
l 2587 2576
l 2577 2588
l 2588 2578
l 2578 2589
l 2589 2579
l 2579 2590
l 2590 2580
l 2580 2591
l 2591 2581
l 2581 2592
l 2592 2582
l 2582 2593
l 2593 2583
l 2583 2594
l 2594 2584
l 2584 2595
l 2595 2585
l 2585 2596
l 2596 2586
l 2586 2597
l 2597 2598
l 2598 2587
l 2588 2599
l 2599 2589
l 2589 2600
l 2600 2590
l 2590 2601
l 2601 2591
l 2591 2602
l 2602 2592
l 2592 2603
l 2603 2593
l 2593 2604
l 2604 2594
l 2594 2605
l 2605 2595
l 2595 2606
l 2606 2596
l 2596 2607
l 2607 2597
l 2597 2608
l 2608 2609
l 2609 2598
l 2599 2610
l 2610 2600
l 2600 2611
l 2611 2601
l 2601 2612
l 2612 2602
l 2602 2613
l 2613 2603
l 2603 2614
l 2614 2604
l 2604 2615
l 2615 2605
l 2605 2616
l 2616 2606
l 2606 2617
l 2617 2607
l 2607 2618
l 2618 2608
l 2608 2619
l 2619 2620
l 2620 2609
l 2610 2621
l 2621 2611
l 2611 2622
l 2622 2612
l 2612 2623
l 2623 2613
l 2613 2624
l 2624 2614
l 2614 2625
l 2625 2615
l 2615 2626
l 2626 2616
l 2616 2627
l 2627 2617
l 2617 2628
l 2628 2618
l 2618 2629
l 2629 2619
l 2619 2630
l 2630 2631
l 2631 2620
l 2621 2632
l 2632 2622
l 2622 2633
l 2633 2623
l 2623 2634
l 2634 2624
l 2624 2635
l 2635 2625
l 2625 2636
l 2636 2626
l 2626 2637
l 2637 2627
l 2627 2638
l 2638 2628
l 2628 2639
l 2639 2629
l 2629 2640
l 2640 2630
l 2630 2641
l 2641 2642
l 2642 2631
l 2632 2643
l 2643 2633
l 2633 2644
l 2644 2634
l 2634 2645
l 2645 2635
l 2635 2646
l 2646 2636
l 2636 2647
l 2647 2637
l 2637 2648
l 2648 2638
l 2638 2649
l 2649 2639
l 2639 2650
l 2650 2640
l 2640 2651
l 2651 2641
l 2641 2652
l 2652 2653
l 2653 2642
l 2643 2654
l 2654 2644
l 2644 2655
l 2655 2645
l 2645 2656
l 2656 2646
l 2646 2657
l 2657 2647
l 2647 2658
l 2658 2648
l 2648 2659
l 2659 2649
l 2649 2660
l 2660 2650
l 2650 2661
l 2661 2651
l 2651 2662
l 2662 2652
l 2652 2663
l 2663 2664
l 2664 2653
l 2654 2665
l 2665 2655
l 2655 2666
l 2666 2656
l 2656 2667
l 2667 2657
l 2657 2668
l 2668 2658
l 2658 2669
l 2669 2659
l 2659 2670
l 2670 2660
l 2660 2671
l 2671 2661
l 2661 2672
l 2672 2662
l 2662 2673
l 2673 2663
l 2663 2674
l 2674 2675
l 2675 2664
l 2665 2676
l 2676 2666
l 2666 2677
l 2677 2667
l 2667 2678
l 2678 2668
l 2668 2679
l 2679 2669
l 2669 2680
l 2680 2670
l 2670 2681
l 2681 2671
l 2671 2682
l 2682 2672
l 2672 2683
l 2683 2673
l 2673 2684
l 2684 2674
l 2674 2685
l 2685 2686
l 2686 2675
l 2676 2687
l 2687 2677
l 2677 2688
l 2688 2678
l 2678 2689
l 2689 2679
l 2679 2690
l 2690 2680
l 2680 2691
l 2691 2681
l 2681 2692
l 2692 2682
l 2682 2693
l 2693 2683
l 2683 2694
l 2694 2684
l 2684 2695
l 2695 2685
l 2685 2696
l 2696 2697
l 2697 2686
l 2687 2698
l 2698 2688
l 2688 2699
l 2699 2689
l 2689 2700
l 2700 2690
l 2690 2701
l 2701 2691
l 2691 2702
l 2702 2692
l 2692 2703
l 2703 2693
l 2693 2704
l 2704 2694
l 2694 2705
l 2705 2695
l 2695 2706
l 2706 2696
l 2698 2707
l 2707 2699
l 2699 2708
l 2708 2700
l 2700 2709
l 2709 2701
l 2701 2710
l 2710 2702
l 2702 2711
l 2711 2703
l 2703 2712
l 2712 2704
l 2704 2713
l 2713 2705
l 2705 2714
l 2714 2706
l 2707 2715
l 2715 2708
l 2708 2716
l 2716 2709
l 2709 2717
l 2717 2710
l 2710 2718
l 2718 2711
l 2711 2719
l 2719 2712
l 2712 2720
l 2720 2713
l 2713 2721
l 2721 2714
l 2715 2722
l 2722 2716
l 2716 2723
l 2723 2717
l 2717 2724
l 2724 2718
l 2718 2725
l 2725 2719
l 2719 2726
l 2726 2720
l 2720 2727
l 2727 2721
l 2722 2728
l 2728 2723
l 2723 2729
l 2729 2724
l 2724 2730
l 2730 2725
l 2725 2731
l 2731 2726
l 2726 2732
l 2732 2727
l 2733 2734
l 2735 2733
l 2734 2736
l 2737 2734
l 2735 2737
l 2738 2735
l 2736 2739
l 2740 2736
l 2737 2740
l 2741 2737
l 2738 2741
l 2742 2738
l 2739 2728
l 2729 2739
l 2740 2729
l 2730 2740
l 2741 2730
l 2731 2741
l 2742 2731
l 2732 2742
l 1629 2743
l 1632 1629
l 2744 1632
l 1634 2744
l 2745 1634
l 1636 2745
l 1639 1636
l 2746 1639
l 2743 2747
l 2744 2743
l 2748 2744
l 2745 2748
l 2746 2745
l 2749 2746
l 2747 2750
l 2748 2747
l 2749 2748
l 2750 2749


