#OBJ File generated by Abaqus/CAE
#List of Vertices
v 0.966326 0.100022 -0.238515
v 0.96622 0.0900156 -0.238717
v 0.975558 0.0900157 -0.242679
v 0.975544 0.100021 -0.242727
v 0.957209 0.10002 -0.234101
v 0.95711 0.0900152 -0.234297
v 0.948075 0.100023 -0.229727
v 0.947983 0.0900155 -0.229913
v 0.938929 0.100023 -0.225388
v 0.938841 0.0900167 -0.225566
v 0.92977 0.100021 -0.221085
v 0.929687 0.0900154 -0.221254
v 0.920591 0.100023 -0.216818
v 0.920518 0.0900153 -0.21698
v 0.911401 0.100024 -0.212589
v 0.911331 0.0900163 -0.212739
v 0.902198 0.100022 -0.208395
v 0.902133 0.0900152 -0.208537
v 0.892978 0.100022 -0.204237
v 0.892919 0.0900156 -0.204372
v 0.883743 0.100023 -0.200117
v 0.883691 0.090014 -0.200242
v 0.874496 0.100023 -0.196034
v 0.874447 0.090014 -0.196149
v 0.865233 0.100021 -0.191986
v 0.865189 0.090016 -0.192095
v 0.855957 0.100021 -0.187977
v 0.855917 0.0900162 -0.188077
v 0.846667 0.100023 -0.184008
v 0.846635 0.0900149 -0.184099
v 0.837366 0.10002 -0.180074
v 0.837333 0.0900157 -0.180154
v 0.828045 0.100023 -0.176179
v 0.828021 0.0900153 -0.176251
v 0.818716 0.100022 -0.172322
v 0.818697 0.0900136 -0.172384
v 0.809372 0.100023 -0.168504
v 0.809357 0.0900146 -0.168557
v 0.800011 0.100023 -0.164721
v 0.800001 0.0900145 -0.164765
v 0.790642 0.100023 -0.16098
v 0.790638 0.0900136 -0.161016
v 0.781257 0.100022 -0.157274
v 0.781255 0.0900156 -0.157303
v 0.771863 0.10002 -0.153611
v 0.771864 0.0900134 -0.153628
v 0.76245 0.100022 -0.149984
v 0.762457 0.0900144 -0.149993
v 0.753028 0.100023 -0.1464
v 0.753038 0.090015 -0.146398
v 0.743593 0.100021 -0.142852
v 0.743607 0.0900154 -0.142843
v 0.734145 0.100022 -0.139345
v 0.734162 0.0900157 -0.139325
v 0.724685 0.10002 -0.135876
v 0.724704 0.0900161 -0.135847
v 0.715212 0.100022 -0.132449
v 0.715234 0.0900166 -0.13241
v 0.705725 0.100021 -0.129057
v 0.705726 0.0996138 -0.129057
v 0.706014 0.099718 -0.12916
v 0.705754 0.0900138 -0.129011
v 0.706696 0.10002 -0.129405
v 0.696229 0.100023 -0.125713
v 0.696243 0.0958298 -0.125687
v 0.69923 0.0968699 -0.126752
v 0.696263 0.0900151 -0.125657
v 0.686719 0.100023 -0.122404
v 0.686746 0.0924099 -0.122354
v 0.692245 0.0942281 -0.124287
v 0.686757 0.0900133 -0.122338
v 0.685079 0.0917717 -0.121778
v 0.679502 0.0900149 -0.119842
v 0.677236 0.0900159 -0.119061
v 0.677201 0.10002 -0.119136
v 0.667668 0.100022 -0.11591
v 0.667708 0.0900156 -0.115825
v 0.658123 0.100021 -0.112722
v 0.658166 0.0900163 -0.112629
v 0.648567 0.100021 -0.109576
v 0.648615 0.0900144 -0.109475
v 0.639001 0.100022 -0.106474
v 0.639051 0.0900138 -0.106361
v 0.629423 0.100022 -0.10341
v 0.629476 0.0900146 -0.103289
v 0.619833 0.100023 -0.100389
v 0.619891 0.0900169 -0.100262
v 0.610234 0.100022 -0.0974093
v 0.610293 0.0900172 -0.0972719
v 0.600624 0.100023 -0.0944724
v 0.600686 0.0900155 -0.0943237
v 0.591001 0.100022 -0.0915736
v 0.591067 0.0900158 -0.0914187
v 0.58137 0.100023 -0.0887212
v 0.581436 0.0900145 -0.0885519
v 0.571729 0.100024 -0.0859101
v 0.571797 0.0900154 -0.0857317
v 0.562075 0.100022 -0.083137
v 0.562147 0.0900149 -0.082953
v 0.552412 0.100024 -0.0804103
v 0.552487 0.090017 -0.0802176
v 0.542744 0.100021 -0.0777264
v 0.542818 0.0900143 -0.077522
v 0.533059 0.100024 -0.0750844
v 0.533136 0.0900143 -0.0748698
v 0.523368 0.100023 -0.0724853
v 0.523443 0.0900174 -0.0722611
v 0.513667 0.100022 -0.0699276
v 0.513745 0.090016 -0.0696955
v 0.503957 0.100024 -0.0674167
v 0.504034 0.0900179 -0.0671735
v 0.494238 0.100021 -0.0649454
v 0.494318 0.0900156 -0.0646947
v 0.484506 0.100023 -0.0625177
v 0.48459 0.090017 -0.0622596
v 0.47477 0.100024 -0.0601383
v 0.474851 0.0900182 -0.0598664
v 0.465025 0.100022 -0.0577987
v 0.465106 0.0900157 -0.0575165
v 0.455266 0.100024 -0.0555029
v 0.455352 0.0900172 -0.0552139
v 0.445506 0.100023 -0.0532537
v 0.44559 0.0900191 -0.0529567
v 0.435734 0.100022 -0.0510466
v 0.435819 0.0900176 -0.0507397
v 0.425951 0.100022 -0.0488814
v 0.426037 0.0900168 -0.048565
v 0.416163 0.100023 -0.0467651
v 0.416251 0.0900168 -0.0464392
v 0.406368 0.100025 -0.0446943
v 0.406453 0.0900177 -0.0443559
v 0.396563 0.100024 -0.042664
v 0.396651 0.0900198 -0.0423217
v 0.386753 0.100025 -0.0406827
v 0.38684 0.0900192 -0.0403282
v 0.376934 0.100023 -0.038742
v 0.377021 0.09002 -0.0383808
v 0.367106 0.100023 -0.0368473
v 0.367196 0.0900185 -0.0364775
v 0.357274 0.100025 -0.035002
v 0.357363 0.0900187 -0.0346205
v 0.347436 0.100025 -0.0332009
v 0.347521 0.0900207 -0.0328098
v 0.337588 0.100023 -0.0314408
v 0.337674 0.0900208 -0.0310437
v 0.327735 0.100023 -0.0297306
v 0.327821 0.0900192 -0.0293222
v 0.317874 0.100026 -0.0280668
v 0.31796 0.0900198 -0.0276474
v 0.308009 0.100023 -0.0264459
v 0.308011 0.0997198 -0.0264333
v 0.308286 0.0997469 -0.0264814
v 0.308093 0.090019 -0.0260175
v 0.310688 0.100022 -0.0268843
v 0.298136 0.100023 -0.0248717
v 0.298148 0.0986299 -0.0248125
v 0.299411 0.0987447 -0.0250203
v 0.298221 0.0900208 -0.024438
v 0.288258 0.100026 -0.0233478
v 0.288278 0.0975865 -0.0232369
v 0.290492 0.0977823 -0.0235917
v 0.28834 0.0900213 -0.0229002
v 0.278376 0.100024 -0.0218671
v 0.278403 0.09659 -0.0217103
v 0.281532 0.0968558 -0.0221938
v 0.278456 0.0900209 -0.0214112
v 0.268486 0.100026 -0.0204337
v 0.268522 0.0956359 -0.0202286
v 0.272528 0.0959691 -0.0208292
v 0.268566 0.0900195 -0.0199675
v 0.25859 0.100026 -0.0190455
v 0.258634 0.0947287 -0.0187939
v 0.263479 0.0951225 -0.019498
v 0.258669 0.0900214 -0.0185713
v 0.248692 0.100026 -0.0177064
v 0.248737 0.0938682 -0.0174072
v 0.254393 0.094308 -0.0182003
v 0.248769 0.0900227 -0.0172243
v 0.238787 0.100026 -0.0164129
v 0.23884 0.0930471 -0.0160677
v 0.245268 0.0935297 -0.0169382
v 0.238865 0.0900194 -0.0159211
v 0.228876 0.100025 -0.0151652
v 0.228934 0.0922782 -0.0147784
v 0.236096 0.0927919 -0.0157106
v 0.228953 0.0900199 -0.0146659
v 0.21896 0.100025 -0.0139635
v 0.219024 0.0915543 -0.0135349
v 0.226882 0.0920947 -0.0145215
v 0.219036 0.0900202 -0.0134568
v 0.209041 0.100024 -0.0128114
v 0.209108 0.090885 -0.0123406
v 0.217623 0.0914342 -0.0133654
v 0.209113 0.0900204 -0.0122941
v 0.19912 0.100024 -0.011709
v 0.199186 0.0902714 -0.0111952
v 0.208315 0.0908187 -0.0122469
v 0.199188 0.0900208 -0.0111812
v 0.198956 0.0902526 -0.0111683
v 0.194685 0.0900226 -0.0106998
v 0.189257 0.0900215 -0.010115
v 0.18919 0.100024 -0.0106496
v 0.179258 0.100025 -0.00964027
v 0.179324 0.0900226 -0.00909904
v 0.169324 0.100026 -0.00868123
v 0.169386 0.0900242 -0.00813005
v 0.159387 0.100024 -0.0077671
v 0.159445 0.0900225 -0.00720611
v 0.149442 0.100027 -0.00690205
v 0.149499 0.0900216 -0.00632947
v 0.139494 0.100028 -0.00608227
v 0.139551 0.0900217 -0.00550385
v 0.129547 0.100025 -0.00531138
v 0.129598 0.090023 -0.00472587
v 0.119593 0.100028 -0.00459017
v 0.119646 0.0900215 -0.00399723
v 0.109641 0.100024 -0.0039161
v 0.109686 0.0900255 -0.00331868
v 0.0996832 0.100027 -0.0032921
v 0.0997268 0.0900229 -0.00268415
v 0.089723 0.100027 -0.00271399
v 0.0897604 0.0900262 -0.00210017
v 0.0797603 0.100025 -0.00218217
v 0.0797974 0.0900231 -0.00156413
v 0.0697974 0.100026 -0.00170222
v 0.0698279 0.090026 -0.00107912
v 0.0598307 0.100029 -0.00127086
v 0.05986 0.0900271 -0.000644595
v 0.0498899 0.0900261 -0.000257321
v 0.0513392 0.0900269 -0.000312732
v 0.0498704 0.0970381 -0.000694027
v 0.049861 0.100027 -0.000880275
v 0.0398913 0.100027 -0.000542308
v 0.0399179 0.0900233 8.25311e-05
v 0.0493106 0.100027 -0.000863708
v 0.0344696 0.0954765 -0.000100934
v 0.0355599 0.0900232 0.000210607
v 0.0299413 0.0900226 0.0003723
v 0.0299206 0.100027 -0.000251272
v 0.0335934 0.100028 -0.00035968
v 0.0250341 0.0949335 0.000186586
v 0.023279 0.0900215 0.000530579
v 0.0199638 0.090024 0.00060791
v 0.0199483 0.100025 -7.79148e-06
v 0.024404 0.100028 -0.000120327
v 0.0181125 0.0918765 0.000529988
v 0.013345 0.0900192 0.000726764
v 0.00999157 0.0900179 0.000788479
v 0.00998873 0.0922673 0.000651728
v 0.0155561 0.0944376 0.000419504
v 0.00998263 0.0958204 0.000436413
v 0.0130017 0.0969945 0.000311135
v 0.00997673 0.0993735 0.000220794
v 0.010445 0.0995558 0.000200639
v 0.00997514 0.100025 0.00018155
v 0.0104834 0.100025 0.000171001
v 0.0132447 0.100024 0.000121274
v 0.0160113 0.100024 6.52425e-05
v 0.0187721 0.100025 1.39342e-05
v 4.85284e-06 0.100014 -2.5563e-06
v 2.4491e-06 0.0900122 -2.69304e-07
v 0.00708396 0.100023 0.000127932
v 0.00998082 0.0971209 0.000359453
v 0.00998612 0.0935694 0.000574133
v 0.00354426 0.100017 6.36992e-05
v 0.96623 0.0800119 -0.238682
v 0.975568 0.0800133 -0.242645
v 0.95712 0.0800109 -0.234262
v 0.947993 0.0800107 -0.229877
v 0.938852 0.0800114 -0.225529
v 0.929698 0.0800095 -0.221217
v 0.920528 0.0800122 -0.216944
v 0.911343 0.0800091 -0.212701
v 0.902144 0.0800108 -0.208501
v 0.892928 0.0800104 -0.204333
v 0.883702 0.080008 -0.200203
v 0.874457 0.0800108 -0.196112
v 0.865203 0.0800082 -0.192056
v 0.85593 0.0800111 -0.18804
v 0.846644 0.0800088 -0.184056
v 0.837347 0.0800086 -0.180115
v 0.828033 0.0800107 -0.176211
v 0.818708 0.0800079 -0.172342
v 0.809368 0.0800076 -0.168513
v 0.800016 0.0800099 -0.164727
v 0.790649 0.0800077 -0.160973
v 0.78127 0.0800084 -0.157261
v 0.771877 0.0800084 -0.153587
v 0.762469 0.0800079 -0.14995
v 0.753051 0.080007 -0.146353
v 0.743619 0.0800095 -0.142799
v 0.734175 0.0800083 -0.13928
v 0.724718 0.080007 -0.135801
v 0.715248 0.0800095 -0.132365
v 0.705767 0.0800086 -0.128966
v 0.696274 0.080008 -0.125609
v 0.686768 0.0800081 -0.122291
v 0.677239 0.0896012 -0.11906
v 0.677583 0.0896536 -0.119179
v 0.67725 0.0800087 -0.119013
v 0.66771 0.0879267 -0.115815
v 0.66946 0.0881795 -0.116411
v 0.667723 0.0800065 -0.115777
v 0.658171 0.0863502 -0.112611
v 0.661254 0.0867832 -0.113646
v 0.658182 0.0800088 -0.112583
v 0.648621 0.0848656 -0.10945
v 0.65297 0.0854602 -0.110891
v 0.648629 0.0800086 -0.109428
v 0.639061 0.083467 -0.106332
v 0.644618 0.0841991 -0.108143
v 0.639062 0.0800096 -0.106312
v 0.629485 0.0821458 -0.103251
v 0.636196 0.0830031 -0.105409
v 0.62949 0.0800081 -0.103241
v 0.619901 0.0808971 -0.100213
v 0.627708 0.0818643 -0.102686
v 0.619901 0.0800082 -0.100208
v 0.619159 0.0807826 -0.0999813
v 0.612706 0.0800096 -0.0979674
v 0.610305 0.0800099 -0.0972205
v 0.600696 0.0800097 -0.0942716
v 0.591078 0.0800075 -0.0913642
v 0.581449 0.0800075 -0.0885004
v 0.571809 0.0800097 -0.08568
v 0.56216 0.0800066 -0.0828993
v 0.552496 0.0800099 -0.0801608
v 0.542826 0.0800082 -0.0774654
v 0.533148 0.0800094 -0.0748169
v 0.523457 0.0800096 -0.0722069
v 0.513755 0.0800092 -0.0696387
v 0.504047 0.0800082 -0.0671156
v 0.494329 0.0800106 -0.0646397
v 0.4846 0.0800089 -0.0622006
v 0.474862 0.0800109 -0.0598087
v 0.465118 0.0800091 -0.0574602
v 0.455362 0.0800113 -0.0551559
v 0.4456 0.0800099 -0.0528952
v 0.435831 0.080009 -0.0506802
v 0.426051 0.0800087 -0.0485075
v 0.41626 0.0800092 -0.0463773
v 0.406465 0.0800106 -0.0442963
v 0.396661 0.0800091 -0.042256
v 0.386852 0.0800089 -0.0402653
v 0.377032 0.08001 -0.0383173
v 0.367205 0.0800126 -0.0364156
v 0.357372 0.080013 -0.0345584
v 0.347532 0.0800112 -0.0327457
v 0.337682 0.0800114 -0.0309762
v 0.327829 0.0800098 -0.029255
v 0.317969 0.0800104 -0.0275807
v 0.308101 0.0800135 -0.0259533
v 0.298228 0.0800112 -0.0243691
v 0.288352 0.0800117 -0.0228356
v 0.278466 0.080011 -0.0213442
v 0.268573 0.0800134 -0.0199002
v 0.258677 0.080015 -0.0185054
v 0.248778 0.0800119 -0.0171544
v 0.238871 0.0800123 -0.0158515
v 0.228958 0.0800123 -0.0145946
v 0.219043 0.0800121 -0.0133875
v 0.209118 0.0800159 -0.0122254
v 0.199192 0.0800157 -0.0111114
v 0.189257 0.0897871 -0.0101157
v 0.18949 0.0897897 -0.0101405
v 0.189265 0.0800157 -0.0100477
v 0.179327 0.0894042 -0.00909469
v 0.179926 0.0894153 -0.00915491
v 0.179328 0.0800161 -0.00902737
v 0.169389 0.0890958 -0.00812215
v 0.170295 0.0891085 -0.0082107
v 0.169391 0.080017 -0.0080577
v 0.159445 0.088868 -0.00719895
v 0.160591 0.0888697 -0.00730463
v 0.15945 0.0800144 -0.00713325
v 0.149501 0.0887308 -0.00632252
v 0.150795 0.0887202 -0.0064363
v 0.149505 0.0800167 -0.00626192
v 0.139553 0.0886888 -0.00549558
v 0.140897 0.0886688 -0.00560673
v 0.139554 0.0800158 -0.00543257
v 0.129599 0.0887473 -0.0047165
v 0.1309 0.0887157 -0.00481997
v 0.129601 0.080016 -0.00465466
v 0.119645 0.0888669 -0.00398867
v 0.120825 0.0888361 -0.00407545
v 0.119648 0.0800174 -0.0039284
v 0.109686 0.0889772 -0.00330772
v 0.110743 0.0889622 -0.00338134
v 0.109692 0.080016 -0.00324826
v 0.0997276 0.0888827 -0.00267828
v 0.100834 0.0889121 -0.00274852
v 0.0997305 0.080016 -0.00261666
v 0.0897649 0.0881585 -0.00208878
v 0.0914165 0.088363 -0.00218559
v 0.0897651 0.0800177 -0.00203367
v 0.0797982 0.0857438 -0.00153716
v 0.0829542 0.0868552 -0.00171366
v 0.0798006 0.0800167 -0.00150125
v 0.0759552 0.0838762 -0.00133837
v 0.0713284 0.0800195 -0.00109327
v 0.0698318 0.0800176 -0.00101787
v 0.059864 0.080016 -0.000585712
v 0.0498917 0.0851913 -0.000231915
v 0.0509366 0.0889745 -0.000290754
v 0.0498896 0.0800205 -0.000205372
v 0.048873 0.0810392 -0.000174883
v 0.0485616 0.0800173 -0.000158548
v 0.0399182 0.0800183 0.000125154
v 0.0345721 0.0853811 0.000255763
v 0.0305072 0.0800174 0.00038755
v 0.029942 0.0800178 0.000405105
v 0.0199682 0.0881404 0.000610393
v 0.0221728 0.0878076 0.000564258
v 0.0285527 0.0800172 0.000435318
v 0.0199698 0.0813122 0.000626107
v 0.0199697 0.0800143 0.000628438
v 0.00999155 0.08672 0.000792163
v 0.0180986 0.0818911 0.000657447
v 0.0145414 0.0800123 0.000720628
v 0.0099916 0.0827246 0.00079448
v 0.00999031 0.0800113 0.000799112
v 0.0138657 0.0900198 0.000718621
v 3.94148e-06 0.0800105 -1.76251e-06
v 0.0067514 0.080012 0.000538433
v 3.92877e-06 0.0862635 3.41432e-07
v 0.966236 0.0700079 -0.238657
v 0.975576 0.0700069 -0.242619
v 0.957126 0.0700064 -0.234236
v 0.948002 0.0700057 -0.229854
v 0.938861 0.0700058 -0.225506
v 0.929706 0.070007 -0.221195
v 0.920535 0.0700056 -0.216917
v 0.911352 0.0700054 -0.212679
v 0.902151 0.0700064 -0.208476
v 0.892937 0.0700054 -0.204308
v 0.883709 0.0700057 -0.20018
v 0.874468 0.0700042 -0.196087
v 0.865211 0.0700043 -0.192031
v 0.855938 0.0700028 -0.18801
v 0.846655 0.0700031 -0.184032
v 0.837358 0.070002 -0.180089
v 0.828042 0.070003 -0.176182
v 0.818718 0.0700027 -0.172316
v 0.809377 0.0700013 -0.168485
v 0.800025 0.0700025 -0.164697
v 0.790656 0.0700026 -0.160943
v 0.781277 0.070002 -0.157229
v 0.771887 0.0700007 -0.153557
v 0.762478 0.0700025 -0.14992
v 0.75306 0.0700001 -0.146322
v 0.743629 0.0700012 -0.142767
v 0.734184 0.070002 -0.139249
v 0.724726 0.0700029 -0.135771
v 0.715259 0.07 -0.132332
v 0.705778 0.0700011 -0.128935
v 0.696285 0.0700026 -0.125578
v 0.686777 0.0700008 -0.122257
v 0.677261 0.0699996 -0.11898
v 0.667729 0.0700028 -0.115744
v 0.658192 0.0699995 -0.112548
v 0.648637 0.070001 -0.109391
v 0.639076 0.0699999 -0.10628
v 0.629499 0.0700001 -0.103205
v 0.619911 0.0700018 -0.100173
v 0.610306 0.079517 -0.097219
v 0.610704 0.0795928 -0.0973415
v 0.610314 0.0700012 -0.0971837
v 0.6007 0.07757 -0.0942629
v 0.60267 0.0779564 -0.0948696
v 0.600707 0.0700025 -0.0942376
v 0.591082 0.0756578 -0.0913508
v 0.594607 0.0763399 -0.0924172
v 0.591088 0.0700018 -0.09133
v 0.581456 0.073773 -0.0884795
v 0.586519 0.0747434 -0.089988
v 0.581459 0.0699993 -0.0884641
v 0.571816 0.0719193 -0.0856482
v 0.578403 0.0731705 -0.0875841
v 0.571818 0.0700029 -0.0856437
v 0.562168 0.0700969 -0.082864
v 0.57026 0.071614 -0.0851985
v 0.562169 0.0700011 -0.0828632
v 0.562092 0.0700812 -0.0828419
v 0.561661 0.0700019 -0.0827198
v 0.552508 0.0700018 -0.0801263
v 0.542835 0.0700014 -0.0774281
v 0.533155 0.0699998 -0.0747749
v 0.523467 0.0700012 -0.0721689
v 0.513766 0.0700018 -0.0696016
v 0.504058 0.0700019 -0.0670795
v 0.494339 0.0700014 -0.0645996
v 0.484611 0.0700006 -0.0621617
v 0.474873 0.0700035 -0.0597713
v 0.465127 0.0700025 -0.0574212
v 0.455371 0.0700016 -0.0551133
v 0.445611 0.070001 -0.0528546
v 0.43584 0.0700007 -0.0506383
v 0.426058 0.0700011 -0.0484645
v 0.416269 0.0700021 -0.0463367
v 0.406473 0.0700041 -0.0442549
v 0.396668 0.0700031 -0.042214
v 0.386859 0.0700033 -0.0402226
v 0.377038 0.0700048 -0.0382743
v 0.367213 0.0700039 -0.0363705
v 0.357379 0.0700045 -0.0345132
v 0.34754 0.070003 -0.0327007
v 0.33769 0.0700034 -0.0309315
v 0.327836 0.0700059 -0.0292126
v 0.317978 0.0700027 -0.0275368
v 0.308107 0.0700059 -0.0259067
v 0.298236 0.0700036 -0.0243234
v 0.288357 0.0700041 -0.0227875
v 0.278473 0.0700033 -0.0212972
v 0.268581 0.0700056 -0.0198546
v 0.258684 0.070007 -0.0184579
v 0.248781 0.0700078 -0.0171071
v 0.238873 0.0700079 -0.0158024
v 0.228962 0.0700076 -0.0145476
v 0.219047 0.0700071 -0.0133391
v 0.209126 0.0700064 -0.0121773
v 0.1992 0.0700058 -0.0110622
v 0.189269 0.0700052 -0.00999411
v 0.179334 0.0700091 -0.00897865
v 0.169396 0.0700094 -0.00800842
v 0.159455 0.0700061 -0.0070836
v 0.149507 0.0700077 -0.00620845
v 0.139558 0.0700101 -0.00538473
v 0.129606 0.0700094 -0.004607
v 0.11965 0.0700098 -0.00387747
v 0.109692 0.0700113 -0.00320008
v 0.0997323 0.0700102 -0.0025692
v 0.0897676 0.0700103 -0.00198739
v 0.079802 0.070012 -0.00145833
v 0.0698323 0.0782631 -0.00101227
v 0.0706687 0.0791779 -0.00105503
v 0.0698338 0.0700109 -0.000976869
v 0.0670236 0.0728313 -0.000866924
v 0.0652133 0.0700122 -0.000779326
v 0.0598647 0.0700115 -0.00054882
v 0.0498926 0.0700092 -0.000169047
v 0.0454521 0.0744668 -3.98513e-05
v 0.0411983 0.0700097 0.000111976
v 0.0399209 0.0700126 0.000150641
v 0.0299449 0.0796695 0.000402545
v 0.0302604 0.0797013 0.00039451
v 0.0299478 0.0700087 0.000423183
v 0.0199704 0.07001 0.000638116
v 0.0283353 0.0700108 0.000457147
v 0.0199703 0.0748554 0.000632985
v 0.00998968 0.0700083 0.000803215
v 0.0115649 0.070006 0.000776328
v 0.00999112 0.0715019 0.000799823
v 0.00998919 0.0779436 0.000798629
v 0.0183442 0.0700079 0.000668294
v 2.77272e-06 0.0773908 -6.98475e-07
v 0.00587431 0.0741298 0.000472127
v 1.77636e-06 0.070009 2.40135e-07
v 0.966242 0.0600001 -0.238643
v 0.97558 0.0600038 -0.242607
v 0.957131 0.0600018 -0.234224
v 0.948007 0.0600007 -0.229841
v 0.938866 0.0600004 -0.225493
v 0.929712 0.060001 -0.221182
v 0.920541 0.0599991 -0.216904
v 0.911356 0.0599983 -0.212663
v 0.902156 0.0599988 -0.20846
v 0.892944 0.0600007 -0.204297
v 0.883715 0.0600004 -0.200166
v 0.874472 0.059998 -0.196071
v 0.865216 0.0599974 -0.192016
v 0.855943 0.0599986 -0.187997
v 0.846659 0.0599981 -0.184017
v 0.837364 0.059996 -0.180075
v 0.828051 0.0599961 -0.176169
v 0.818723 0.0599984 -0.172303
v 0.809382 0.0599959 -0.16847
v 0.80003 0.0599959 -0.16468
v 0.790664 0.059995 -0.160928
v 0.781283 0.0599968 -0.157215
v 0.771893 0.0599942 -0.153541
v 0.762485 0.0599947 -0.149903
v 0.753069 0.0599946 -0.146309
v 0.743635 0.0599942 -0.142749
v 0.73419 0.0599936 -0.13923
v 0.724732 0.0599966 -0.135754
v 0.715264 0.0599959 -0.132316
v 0.705785 0.0599954 -0.128919
v 0.69629 0.0599951 -0.125559
v 0.686785 0.0599953 -0.122242
v 0.677266 0.059996 -0.118963
v 0.667738 0.0599938 -0.115726
v 0.658198 0.0599923 -0.112529
v 0.648643 0.0599956 -0.109375
v 0.639082 0.0599925 -0.10626
v 0.629506 0.0599944 -0.103188
v 0.619918 0.059994 -0.100154
v 0.610323 0.0599951 -0.0971671
v 0.600713 0.0599941 -0.0942155
v 0.591095 0.059995 -0.091311
v 0.581465 0.059994 -0.0884451
v 0.571825 0.0599952 -0.085623
v 0.562175 0.0599948 -0.0828428
v 0.552512 0.0670756 -0.0801193
v 0.554677 0.0677534 -0.0807329
v 0.552516 0.0599931 -0.0801045
v 0.542839 0.0640342 -0.0774154
v 0.547278 0.0654075 -0.0786553
v 0.542845 0.0599939 -0.0774101
v 0.533162 0.0610331 -0.0747563
v 0.539847 0.0630898 -0.0765956
v 0.533162 0.0599936 -0.0747544
v 0.53239 0.0607929 -0.0745505
v 0.529756 0.0599956 -0.0738399
v 0.523472 0.0599924 -0.072144
v 0.513774 0.0599942 -0.069581
v 0.504062 0.0599953 -0.0670569
v 0.494345 0.0599959 -0.0645782
v 0.484617 0.0599962 -0.0621419
v 0.474879 0.0599962 -0.0597478
v 0.465134 0.0599961 -0.0573995
v 0.455379 0.0599961 -0.0550936
v 0.445613 0.0599963 -0.0528302
v 0.435846 0.059993 -0.0506142
v 0.426063 0.0599941 -0.0484394
v 0.416276 0.0599958 -0.0463142
v 0.40648 0.0599945 -0.0442298
v 0.396677 0.0599942 -0.0421918
v 0.386864 0.0599949 -0.0401967
v 0.377043 0.0599969 -0.0382481
v 0.367217 0.0599964 -0.0363443
v 0.357383 0.0599975 -0.0344871
v 0.347544 0.0599964 -0.0326748
v 0.337694 0.0599971 -0.030906
v 0.327843 0.059996 -0.0291857
v 0.31798 0.059997 -0.0275092
v 0.308115 0.0599964 -0.0258814
v 0.29824 0.0599982 -0.0242977
v 0.288362 0.0599988 -0.022763
v 0.278476 0.0599981 -0.0212705
v 0.268584 0.0599963 -0.0198239
v 0.258689 0.0599977 -0.0184288
v 0.248788 0.0599983 -0.0170799
v 0.238878 0.0599984 -0.0157736
v 0.228967 0.0599979 -0.0145174
v 0.21905 0.0599971 -0.0133078
v 0.209127 0.0600003 -0.0121469
v 0.199204 0.0599993 -0.0110344
v 0.189272 0.0599984 -0.00996552
v 0.179337 0.0600019 -0.00894948
v 0.169399 0.0600017 -0.0079788
v 0.159456 0.060002 -0.00705576
v 0.149509 0.060003 -0.00618051
v 0.139562 0.0600006 -0.00535479
v 0.129609 0.0600033 -0.00457935
v 0.119653 0.0600029 -0.00385029
v 0.109693 0.0600036 -0.00316985
v 0.099734 0.0600014 -0.00253986
v 0.0897684 0.0600047 -0.00196113
v 0.0798039 0.060005 -0.00143348
v 0.0698371 0.0600027 -0.000953426
v 0.0639458 0.0659166 -0.000715546
v 0.0616829 0.0600056 -0.000606842
v 0.0598632 0.0600057 -0.000525813
v 0.049894 0.060006 -0.000153863
v 0.0399209 0.0676211 0.000157145
v 0.0409089 0.0690185 0.000123352
v 0.0399215 0.060003 0.000168939
v 0.0299455 0.0666699 0.000429307
v 0.0343926 0.0655485 0.000310981
v 0.0299452 0.0600053 0.000434464
v 0.0199692 0.0600044 0.000646473
v 0.0230607 0.0600056 0.000581644
v 0.0199688 0.0657101 0.000644121
v 0.0125223 0.0674699 0.000763157
v 0.0145022 0.060005 0.000732585
v 0.00999218 0.0600053 0.000803098
v 3.1856e-06 0.0600078 -1.77348e-06
v 0.966245 0.0499961 -0.238644
v 0.975582 0.0499972 -0.242604
v 0.957134 0.0499975 -0.234225
v 0.948007 0.0499959 -0.229839
v 0.93887 0.0499953 -0.225493
v 0.929713 0.0499955 -0.22118
v 0.920541 0.0499967 -0.216904
v 0.911357 0.0499954 -0.212663
v 0.902158 0.0499954 -0.20846
v 0.892945 0.049993 -0.204293
v 0.883718 0.0499921 -0.200163
v 0.874474 0.0499927 -0.19607
v 0.86522 0.0499913 -0.192015
v 0.855949 0.0499918 -0.187998
v 0.846664 0.0499904 -0.184015
v 0.837365 0.0499911 -0.180073
v 0.828052 0.0499902 -0.176166
v 0.818727 0.0499916 -0.172301
v 0.809386 0.0499917 -0.168472
v 0.800033 0.0499907 -0.16468
v 0.790667 0.0499886 -0.160926
v 0.781286 0.0499893 -0.157212
v 0.771895 0.0499891 -0.153539
v 0.76249 0.0499884 -0.149903
v 0.75307 0.0499907 -0.146307
v 0.74364 0.049989 -0.14275
v 0.734196 0.0499869 -0.13923
v 0.724739 0.0499885 -0.135753
v 0.715267 0.04999 -0.132313
v 0.705789 0.0499879 -0.128916
v 0.696295 0.049986 -0.125556
v 0.686788 0.0499883 -0.122238
v 0.67727 0.0499873 -0.118959
v 0.667743 0.049987 -0.115724
v 0.6582 0.0499875 -0.112526
v 0.648648 0.049989 -0.109372
v 0.639084 0.0499877 -0.106257
v 0.629511 0.0499877 -0.103185
v 0.619923 0.0499852 -0.100149
v 0.610326 0.049988 -0.0971623
v 0.600719 0.0499849 -0.094212
v 0.5911 0.0499874 -0.0913075
v 0.581469 0.049988 -0.0884418
v 0.571829 0.0499869 -0.085618
v 0.562178 0.0499881 -0.0828382
v 0.552518 0.0499878 -0.0801006
v 0.542849 0.0499862 -0.077405
v 0.533168 0.0499872 -0.0747536
v 0.523477 0.0543601 -0.0721444
v 0.526404 0.0569686 -0.072935
v 0.523475 0.0499873 -0.0721409
v 0.521202 0.0523345 -0.0715426
v 0.518532 0.0499858 -0.0708322
v 0.513776 0.0499865 -0.0695739
v 0.50407 0.049985 -0.0670525
v 0.494349 0.0499868 -0.064572
v 0.484618 0.0499881 -0.0621339
v 0.474883 0.0499854 -0.0597397
v 0.465139 0.0499863 -0.0573933
v 0.455382 0.0499873 -0.0550862
v 0.445618 0.0499884 -0.0528251
v 0.435849 0.049986 -0.0506081
v 0.426067 0.049988 -0.0484359
v 0.416281 0.0499866 -0.0463081
v 0.406484 0.0499861 -0.0442232
v 0.39668 0.0499864 -0.0421847
v 0.386869 0.0499878 -0.0401929
v 0.37705 0.0499865 -0.0382424
v 0.367223 0.0499866 -0.0363385
v 0.35739 0.0499883 -0.0344816
v 0.347547 0.0499876 -0.0326662
v 0.337701 0.0499888 -0.0309015
v 0.327846 0.049988 -0.0291784
v 0.317984 0.0499894 -0.0275028
v 0.308116 0.0499891 -0.0258726
v 0.298242 0.0499912 -0.02429
v 0.288362 0.049992 -0.0227532
v 0.278477 0.0499915 -0.0212622
v 0.268587 0.0499898 -0.0198172
v 0.25869 0.0499913 -0.0184204
v 0.248787 0.049992 -0.0170699
v 0.238883 0.0499921 -0.0157693
v 0.228971 0.0499915 -0.0145119
v 0.219053 0.0499907 -0.0133011
v 0.209129 0.0499937 -0.0121393
v 0.199205 0.0499925 -0.0110261
v 0.189277 0.0499914 -0.00996007
v 0.179338 0.0499947 -0.00893996
v 0.1694 0.0499941 -0.00796898
v 0.159457 0.0499941 -0.00704572
v 0.149514 0.0499946 -0.00617408
v 0.139562 0.0499959 -0.00534696
v 0.129611 0.0499939 -0.00456978
v 0.119655 0.0499972 -0.00384319
v 0.109695 0.0499972 -0.00316347
v 0.0997339 0.0499943 -0.00253059
v 0.0897696 0.0499968 -0.00195291
v 0.0798031 0.0499964 -0.0014227
v 0.0698357 0.0499972 -0.000946209
v 0.0598665 0.0504136 -0.000519327
v 0.0614412 0.0584222 -0.000592467
v 0.0598639 0.0499995 -0.000519982
v 0.0598136 0.050051 -0.000519156
v 0.0598036 0.0499978 -0.000519891
v 0.0498928 0.0499985 -0.000146237
v 0.0399207 0.0499989 0.000172799
v 0.0299467 0.05 0.000436207
v 0.0233811 0.0565837 0.000574183
v 0.023761 0.0500008 0.000567446
v 0.01997 0.0499983 0.000650039
v 0.0147171 0.0552645 0.000732451
v 0.0143365 0.0500008 0.000737786
v 0.00999253 0.0499982 0.000808303
v 2.77159e-06 0.0500031 1.68517e-06
v 0.966243 0.0399924 -0.238656
v 0.975581 0.0399909 -0.242614
v 0.957132 0.0399936 -0.234236
v 0.948005 0.0399918 -0.22985
v 0.938866 0.0399908 -0.225502
v 0.929712 0.0399907 -0.221192
v 0.920541 0.0399915 -0.216916
v 0.911358 0.0399898 -0.212676
v 0.902157 0.0399892 -0.20847
v 0.892944 0.0399899 -0.204306
v 0.883717 0.0399885 -0.200176
v 0.874475 0.0399884 -0.196084
v 0.865219 0.0399864 -0.192027
v 0.855948 0.039986 -0.188008
v 0.846663 0.0399876 -0.184029
v 0.837363 0.0399874 -0.180084
v 0.828051 0.0399857 -0.176178
v 0.818726 0.0399862 -0.172312
v 0.809385 0.0399854 -0.168481
v 0.800035 0.0399833 -0.164692
v 0.790667 0.0399839 -0.160938
v 0.781289 0.0399834 -0.157226
v 0.771895 0.0399821 -0.153549
v 0.762488 0.0399839 -0.149914
v 0.75307 0.0399813 -0.146316
v 0.743639 0.0399819 -0.14276
v 0.734194 0.0399822 -0.139241
v 0.724738 0.0399824 -0.135764
v 0.715271 0.0399825 -0.132327
v 0.705789 0.0399826 -0.128928
v 0.696295 0.039983 -0.12557
v 0.686791 0.0399799 -0.122251
v 0.677273 0.0399811 -0.118974
v 0.667745 0.0399791 -0.115736
v 0.658203 0.0399816 -0.112541
v 0.64865 0.0399812 -0.109384
v 0.639084 0.0399819 -0.106268
v 0.62951 0.03998 -0.103195
v 0.619926 0.0399794 -0.100165
v 0.610326 0.0399802 -0.0971727
v 0.600721 0.0399789 -0.0942257
v 0.591102 0.0399793 -0.0913196
v 0.581471 0.0399778 -0.0884523
v 0.57183 0.0399783 -0.085629
v 0.562178 0.039981 -0.0828498
v 0.55252 0.0399784 -0.080111
v 0.54285 0.0399783 -0.0774164
v 0.533169 0.0399808 -0.074766
v 0.523477 0.0399785 -0.0721526
v 0.52906 0.0399793 -0.0736588
v 0.523477 0.0453178 -0.0721486
v 0.513778 0.0399791 -0.069587
v 0.504069 0.0399788 -0.0670637
v 0.49435 0.039978 -0.064583
v 0.48462 0.0399806 -0.0621467
v 0.474886 0.039979 -0.0597545
v 0.46514 0.0399811 -0.0574069
v 0.455385 0.0399793 -0.0551
v 0.445619 0.0399815 -0.052838
v 0.435848 0.0399801 -0.0506202
v 0.426071 0.0399791 -0.0484488
v 0.416283 0.0399786 -0.0463204
v 0.406485 0.0399789 -0.0442351
v 0.39668 0.0399801 -0.0421965
v 0.386868 0.0399823 -0.0402046
v 0.377048 0.0399817 -0.0382542
v 0.367225 0.0399826 -0.036354
v 0.357389 0.0399809 -0.0344921
v 0.34755 0.0399808 -0.0326807
v 0.3377 0.0399826 -0.0309132
v 0.327846 0.0399823 -0.029191
v 0.317986 0.0399801 -0.0275144
v 0.308119 0.0399803 -0.0258853
v 0.298246 0.0399828 -0.0243041
v 0.288367 0.0399839 -0.0227687
v 0.27848 0.0399837 -0.0212759
v 0.268591 0.0399823 -0.0198327
v 0.258692 0.039984 -0.0184344
v 0.248792 0.0399849 -0.0170859
v 0.238883 0.039985 -0.0157806
v 0.228972 0.0399846 -0.0145255
v 0.219054 0.0399838 -0.0133138
v 0.209132 0.0399868 -0.0121547
v 0.199204 0.0399856 -0.0110373
v 0.189275 0.0399844 -0.00997076
v 0.17934 0.0399875 -0.00895387
v 0.169402 0.0399868 -0.00798264
v 0.159459 0.0399866 -0.00705934
v 0.149513 0.0399869 -0.00618413
v 0.139561 0.0399879 -0.00535729
v 0.129612 0.0399856 -0.00458044
v 0.119656 0.0399884 -0.00385443
v 0.109698 0.0399882 -0.00317525
v 0.0997356 0.0399891 -0.00254533
v 0.0897694 0.0399912 -0.00196485
v 0.0798047 0.0399904 -0.00143574
v 0.069836 0.0399909 -0.000956591
v 0.0598686 0.0399885 -0.000529539
v 0.0614582 0.0399911 -0.000595919
v 0.0598669 0.0495208 -0.000521012
v 0.0498949 0.0399918 -0.000155248
v 0.0399222 0.0399918 0.000166064
v 0.0299453 0.0399935 0.000436132
v 0.0199685 0.0415045 0.000650029
v 0.0228883 0.0470733 0.00058552
v 0.0199689 0.0399916 0.000652249
v 0.0195423 0.0404234 0.000655227
v 0.0194409 0.0399946 0.000657338
v 0.0115136 0.0399965 0.000783882
v 0.0130973 0.0468858 0.00075793
v 0.00999015 0.0399961 0.000810843
v 3.45707e-06 0.0400035 -1.2593e-06
v 0.966237 0.0299895 -0.238678
v 0.975574 0.0299888 -0.242636
v 0.957127 0.0299869 -0.234257
v 0.948004 0.0299849 -0.229874
v 0.93886 0.0299873 -0.225525
v 0.929707 0.0299868 -0.221215
v 0.920539 0.0299837 -0.216938
v 0.911351 0.0299852 -0.212697
v 0.902154 0.0299842 -0.208495
v 0.892939 0.0299845 -0.204328
v 0.883714 0.0299824 -0.2002
v 0.874471 0.0299818 -0.196106
v 0.865215 0.0299828 -0.192052
v 0.855945 0.0299818 -0.188034
v 0.84666 0.029979 -0.184051
v 0.837363 0.0299781 -0.180108
v 0.828049 0.0299792 -0.176203
v 0.818722 0.0299789 -0.172335
v 0.809384 0.0299771 -0.168506
v 0.800032 0.0299778 -0.164717
v 0.790664 0.0299773 -0.160963
v 0.781286 0.0299758 -0.15725
v 0.771893 0.0299772 -0.153577
v 0.762487 0.0299777 -0.149941
v 0.753067 0.0299777 -0.146344
v 0.743637 0.0299771 -0.142788
v 0.734193 0.0299762 -0.139269
v 0.724738 0.029975 -0.135791
v 0.715269 0.0299737 -0.132352
v 0.705786 0.0299761 -0.128955
v 0.696294 0.029975 -0.125597
v 0.686787 0.0299742 -0.122276
v 0.677271 0.0299738 -0.119
v 0.66774 0.0299739 -0.115761
v 0.6582 0.0299748 -0.112567
v 0.648649 0.0299727 -0.109411
v 0.639085 0.0299716 -0.106296
v 0.629509 0.0299717 -0.103222
v 0.619924 0.029973 -0.100193
v 0.610327 0.029972 -0.0972018
v 0.600717 0.0299724 -0.0942518
v 0.591101 0.0299708 -0.0913474
v 0.581469 0.0299711 -0.0884806
v 0.57183 0.0299733 -0.0856613
v 0.56218 0.0299739 -0.082881
v 0.55252 0.0299729 -0.0801432
v 0.560278 0.0299728 -0.0823411
v 0.552517 0.0325097 -0.0801328
v 0.542848 0.0356242 -0.0774285
v 0.548973 0.0336421 -0.0791427
v 0.542848 0.0299706 -0.0774443
v 0.533168 0.0386958 -0.0747681
v 0.534971 0.038117 -0.0752642
v 0.533169 0.0299708 -0.0747932
v 0.523478 0.0299738 -0.0721865
v 0.513777 0.029972 -0.0696171
v 0.504069 0.0299732 -0.0670956
v 0.494347 0.0299737 -0.0646133
v 0.484619 0.0299738 -0.0621771
v 0.474882 0.0299735 -0.0597836
v 0.465139 0.0299729 -0.0574363
v 0.455382 0.0299723 -0.0551285
v 0.44562 0.0299717 -0.0528671
v 0.43585 0.0299714 -0.050652
v 0.426071 0.0299715 -0.0484801
v 0.416282 0.029972 -0.0463514
v 0.406486 0.0299733 -0.0442694
v 0.396682 0.0299715 -0.0422287
v 0.386869 0.0299746 -0.0402369
v 0.377048 0.0299749 -0.0382866
v 0.367223 0.0299725 -0.0363815
v 0.35739 0.0299716 -0.0345235
v 0.347551 0.0299723 -0.0327129
v 0.337702 0.0299747 -0.0309462
v 0.327847 0.0299751 -0.029225
v 0.317988 0.0299735 -0.0275495
v 0.308119 0.0299741 -0.0259184
v 0.298248 0.0299731 -0.0243366
v 0.288367 0.0299747 -0.0227994
v 0.278481 0.0299749 -0.0213083
v 0.26859 0.0299739 -0.0198636
v 0.258693 0.029976 -0.0184673
v 0.24879 0.0299771 -0.0171176
v 0.238884 0.0299776 -0.0158146
v 0.228972 0.0299773 -0.0145586
v 0.219053 0.0299767 -0.013346
v 0.209132 0.0299757 -0.0121842
v 0.199205 0.0299787 -0.0110718
v 0.189275 0.0299776 -0.0100049
v 0.179342 0.0299766 -0.00898571
v 0.169402 0.02998 -0.00801648
v 0.159459 0.0299797 -0.0070932
v 0.149513 0.02998 -0.00621819
v 0.139562 0.029981 -0.00539157
v 0.12961 0.0299785 -0.00461154
v 0.119655 0.0299813 -0.00388607
v 0.109694 0.0299809 -0.00320395
v 0.099734 0.0299817 -0.00257475
v 0.0897695 0.0299838 -0.00199515
v 0.0798035 0.029983 -0.00146318
v 0.0698336 0.0299836 -0.000981368
v 0.0621635 0.0376829 -0.000632099
v 0.0644353 0.0299837 -0.000749447
v 0.0598659 0.0299816 -0.000551376
v 0.0498919 0.0299852 -0.000174376
v 0.0399203 0.0299863 0.000150277
v 0.0299463 0.0299844 0.000425338
v 0.0386047 0.0299847 0.000189201
v 0.0299458 0.0375723 0.000433162
v 0.0199707 0.0313933 0.00064384
v 0.0275849 0.0323554 0.000476423
v 0.0199711 0.0299892 0.000643603
v 0.0193224 0.0306385 0.000655636
v 0.0187346 0.0299888 0.000665731
v 0.0106217 0.0299907 0.000799353
v 0.0150657 0.0349062 0.000726998
v 0.00999224 0.02999 0.000810765
v 0.0099911 0.038271 0.000811931
v 0.010807 0.0391781 0.000796259
v 0.0043763 0.03562 0.00035398
v 0.000247539 0.0300022 1.81258e-05
v 2.09198e-06 0.0300009 1.15397e-06
v 0.96623 0.0199841 -0.238712
v 0.975567 0.0199841 -0.242671
v 0.95712 0.0199813 -0.234291
v 0.947993 0.0199828 -0.229907
v 0.938854 0.0199814 -0.22556
v 0.929699 0.0199807 -0.221248
v 0.920529 0.0199809 -0.216973
v 0.911345 0.0199785 -0.212731
v 0.902146 0.0199771 -0.208528
v 0.892935 0.0199769 -0.204365
v 0.883707 0.019978 -0.200236
v 0.874465 0.0199769 -0.196143
v 0.865207 0.0199773 -0.192088
v 0.855936 0.0199757 -0.188068
v 0.846652 0.0199758 -0.184088
v 0.837353 0.0199742 -0.180144
v 0.828041 0.0199746 -0.17624
v 0.818718 0.0199734 -0.172375
v 0.809379 0.0199708 -0.168545
v 0.800026 0.0199706 -0.164755
v 0.790659 0.0199729 -0.161005
v 0.781278 0.0199704 -0.157288
v 0.771885 0.0199708 -0.153614
v 0.762479 0.0199702 -0.149978
v 0.753064 0.019969 -0.146384
v 0.743629 0.019971 -0.142826
v 0.734189 0.0199689 -0.13931
v 0.72473 0.0199702 -0.135831
v 0.715262 0.0199676 -0.132392
v 0.705781 0.0199687 -0.128995
v 0.69629 0.0199661 -0.125637
v 0.686783 0.0199676 -0.122319
v 0.677266 0.0199657 -0.11904
v 0.667735 0.0199681 -0.115804
v 0.658197 0.0199673 -0.112611
v 0.648643 0.0199674 -0.109455
v 0.63908 0.0199647 -0.106338
v 0.629504 0.0199668 -0.103267
v 0.619918 0.0199663 -0.100236
v 0.61032 0.0199672 -0.0972452
v 0.610739 0.0199673 -0.097376
v 0.610324 0.0200505 -0.097246
v 0.600715 0.0220248 -0.0942898
v 0.61022 0.0200711 -0.0972129
v 0.600713 0.0199658 -0.094297
v 0.591096 0.0239645 -0.0913718
v 0.598272 0.0225075 -0.093549
v 0.591096 0.0199661 -0.0913931
v 0.581469 0.0258774 -0.0885023
v 0.586356 0.0248914 -0.0899573
v 0.581465 0.0199644 -0.0885251
v 0.571827 0.0277604 -0.0856688
v 0.574469 0.0272312 -0.0864445
v 0.571826 0.0199647 -0.0857047
v 0.56218 0.0296097 -0.0828793
v 0.562607 0.0295273 -0.0830035
v 0.562176 0.0199632 -0.0829234
v 0.552516 0.0199639 -0.0801867
v 0.542847 0.0199632 -0.0774925
v 0.533164 0.0199651 -0.0748394
v 0.523475 0.0199658 -0.0722323
v 0.513774 0.0199655 -0.0696646
v 0.504064 0.0199644 -0.0671396
v 0.494348 0.0199625 -0.0646607
v 0.484617 0.019964 -0.0622232
v 0.474881 0.019965 -0.059832
v 0.465135 0.0199658 -0.0574838
v 0.45538 0.0199665 -0.0551786
v 0.44562 0.0199633 -0.0529179
v 0.435845 0.0199641 -0.050699
v 0.426064 0.0199654 -0.0485267
v 0.416279 0.0199632 -0.0463992
v 0.406482 0.0199655 -0.0443171
v 0.39668 0.0199647 -0.04228
v 0.386868 0.0199649 -0.0402865
v 0.377047 0.0199661 -0.0383366
v 0.367221 0.0199647 -0.036432
v 0.357388 0.0199646 -0.0345747
v 0.347545 0.0199661 -0.0327615
v 0.337701 0.0199654 -0.0309972
v 0.327844 0.0199664 -0.0292738
v 0.317985 0.0199656 -0.0275996
v 0.308116 0.0199669 -0.0259699
v 0.298242 0.0199665 -0.0243862
v 0.288362 0.0199687 -0.0228508
v 0.278478 0.0199694 -0.0213616
v 0.268588 0.0199689 -0.019919
v 0.258691 0.0199674 -0.0185194
v 0.248787 0.019969 -0.0171685
v 0.238882 0.0199697 -0.0158682
v 0.22897 0.0199699 -0.0146112
v 0.219053 0.0199695 -0.0134015
v 0.209131 0.0199688 -0.0122391
v 0.199203 0.0199721 -0.0111263
v 0.189273 0.0199711 -0.0100592
v 0.179339 0.0199703 -0.00903984
v 0.169401 0.0199697 -0.00806852
v 0.159457 0.0199737 -0.00714746
v 0.149511 0.0199741 -0.00627272
v 0.139563 0.019971 -0.00544441
v 0.129609 0.0199728 -0.00466697
v 0.119652 0.0199757 -0.0039385
v 0.109693 0.0199755 -0.00325704
v 0.0997338 0.0199764 -0.00262864
v 0.0897699 0.0199746 -0.00204403
v 0.0798027 0.0199742 -0.00150923
v 0.0698358 0.0199754 -0.00102813
v 0.0702419 0.0199749 -0.00104606
v 0.0698329 0.0204549 -0.0010255
v 0.059862 0.0199783 -0.000593676
v 0.0498909 0.0199788 -0.000211214
v 0.0399186 0.0199768 0.000122397
v 0.0455991 0.0199773 -6.64744e-05
v 0.0399202 0.028571 0.000146738
v 0.0299418 0.0199816 0.000403275
v 0.0199668 0.0199835 0.000630549
v 0.0234071 0.0199802 0.000551979
v 0.0199679 0.0213401 0.000632696
v 0.00999221 0.0297494 0.00081079
v 0.0103429 0.0296384 0.000804357
v 0.0148538 0.0251106 0.000725244
v 0.00999223 0.0266485 0.000807463
v 0.0193685 0.0205826 0.000642396
v 0.00999044 0.0235444 0.000809093
v 0.0114256 0.0199869 0.000782672
v 0.00999435 0.0204371 0.000808237
v 0.00999342 0.019985 0.000809929
v 1.5662e-06 0.029957 2.59055e-07
v 5.82382e-05 0.029946 4.24615e-06
v 0.00245396 0.0275419 0.000200656
v 4.00493e-06 0.0279971 -3.56642e-06
v 0.00485105 0.0251425 0.000391146
v 3.56248e-06 0.0260359 -3.10531e-06
v 0.00724635 0.0227389 0.000587522
v 3.89508e-06 0.0240734 -2.1526e-06
v 0.00964521 0.0203355 0.000780167
v 4.96071e-06 0.0221096 -7.34915e-07
v 0.000825002 0.0199987 6.64015e-05
v 4.7225e-06 0.020149 -9.36909e-07
v 3.69258e-06 0.0199996 -8.95326e-07
v 0.966218 0.00997992 -0.238757
v 0.975557 0.00997698 -0.242714
v 0.957109 0.00997714 -0.234337
v 0.947984 0.00997494 -0.229952
v 0.938844 0.00997695 -0.225607
v 0.929689 0.00997608 -0.221295
v 0.920519 0.00997245 -0.217016
v 0.911334 0.00997335 -0.212778
v 0.902136 0.0099716 -0.208575
v 0.892923 0.00997103 -0.20441
v 0.883696 0.00997173 -0.200283
v 0.874452 0.00997012 -0.196188
v 0.865197 0.00996999 -0.192134
v 0.855927 0.0099678 -0.188116
v 0.846642 0.00996735 -0.184135
v 0.837344 0.00996874 -0.180195
v 0.828031 0.0099684 -0.17629
v 0.818707 0.0099665 -0.172424
v 0.809369 0.00996681 -0.168597
v 0.800016 0.00996573 -0.164807
v 0.79065 0.00996346 -0.161054
v 0.781271 0.00996375 -0.157341
v 0.771878 0.0099631 -0.153667
v 0.762471 0.00996529 -0.150033
v 0.753056 0.00996304 -0.146438
v 0.743622 0.00996392 -0.14288
v 0.734179 0.00996064 -0.139362
v 0.724725 0.00996073 -0.135886
v 0.715256 0.00996057 -0.132449
v 0.705773 0.00996041 -0.129049
v 0.696282 0.00996029 -0.125694
v 0.686776 0.00996039 -0.122377
v 0.677259 0.00996083 -0.119101
v 0.679844 0.00996139 -0.11999
v 0.677259 0.0104203 -0.119097
v 0.667729 0.0120458 -0.11585
v 0.676751 0.0104914 -0.118922
v 0.667729 0.00995799 -0.11586
v 0.658192 0.0135745 -0.112648
v 0.665434 0.0123675 -0.115079
v 0.658188 0.00995951 -0.112667
v 0.64864 0.015013 -0.109483
v 0.65423 0.0141115 -0.111336
v 0.648637 0.00995801 -0.109512
v 0.639078 0.0163721 -0.106362
v 0.643117 0.0157372 -0.107679
v 0.639074 0.00995741 -0.106398
v 0.629504 0.0176541 -0.103279
v 0.632091 0.0172617 -0.104114
v 0.629499 0.00995787 -0.103326
v 0.619917 0.0188675 -0.100241
v 0.621143 0.0186862 -0.10063
v 0.61991 0.00995952 -0.100295
v 0.610315 0.00995869 -0.0973059
v 0.600706 0.00995934 -0.0943582
v 0.59109 0.00995777 -0.0914531
v 0.58146 0.00995798 -0.0885892
v 0.571819 0.00995624 -0.0857645
v 0.562168 0.00995661 -0.0829844
v 0.552507 0.00995918 -0.0802489
v 0.542839 0.00995638 -0.0775542
v 0.533157 0.00995613 -0.0749007
v 0.523468 0.00995856 -0.0722954
v 0.513769 0.00995603 -0.0697275
v 0.504059 0.00995647 -0.0672045
v 0.49434 0.00995618 -0.0647244
v 0.484612 0.00995527 -0.0622873
v 0.474877 0.00995783 -0.0598985
v 0.46513 0.00995612 -0.0575476
v 0.455376 0.0099582 -0.0552451
v 0.445614 0.00995633 -0.052984
v 0.435841 0.00995853 -0.0507681
v 0.42606 0.00995711 -0.0485937
v 0.416273 0.0099561 -0.0464661
v 0.40648 0.00995572 -0.0443855
v 0.396674 0.00995606 -0.0423452
v 0.386861 0.0099573 -0.0403521
v 0.377042 0.00995964 -0.0384062
v 0.367215 0.00995921 -0.0365023
v 0.357382 0.00996014 -0.0346459
v 0.347541 0.00995858 -0.0328316
v 0.337693 0.00995871 -0.0310651
v 0.32784 0.0099607 -0.0293464
v 0.317978 0.00996063 -0.0276702
v 0.308115 0.00995868 -0.0260435
v 0.298239 0.00995905 -0.0244581
v 0.28836 0.00996191 -0.0229246
v 0.278475 0.00995924 -0.021432
v 0.268583 0.00995939 -0.019988
v 0.258685 0.00996248 -0.0185928
v 0.248785 0.00996047 -0.0172425
v 0.238879 0.00996177 -0.0159413
v 0.228965 0.00996238 -0.0146836
v 0.21905 0.00996247 -0.0134769
v 0.209128 0.00996213 -0.0123141
v 0.199201 0.0099616 -0.011199
v 0.189269 0.00996515 -0.0101337
v 0.194103 0.00996341 -0.0106538
v 0.189271 0.0101732 -0.0101339
v 0.179334 0.0105458 -0.00911027
v 0.189058 0.0101769 -0.0101098
v 0.179334 0.00996464 -0.00911439
v 0.169398 0.010852 -0.0081392
v 0.178752 0.0105526 -0.00905462
v 0.169399 0.00996435 -0.0081468
v 0.159457 0.0110742 -0.00721523
v 0.168515 0.0108552 -0.00805875
v 0.159454 0.00996445 -0.0072203
v 0.149509 0.0112044 -0.00633924
v 0.15836 0.0110677 -0.00711769
v 0.149508 0.00996506 -0.00634593
v 0.139561 0.0112276 -0.00551068
v 0.148301 0.0111814 -0.00623822
v 0.139559 0.00996641 -0.00552021
v 0.129608 0.0111574 -0.0047344
v 0.138331 0.0112006 -0.00541497
v 0.129608 0.00996435 -0.00474127
v 0.119652 0.0110098 -0.00400405
v 0.128452 0.0111255 -0.00464743
v 0.119652 0.00996751 -0.00401348
v 0.109693 0.0108748 -0.00332387
v 0.118629 0.010995 -0.00393545
v 0.109694 0.00996763 -0.00333279
v 0.09973 0.0108954 -0.00269156
v 0.108767 0.0108959 -0.00326455
v 0.0997296 0.00996905 -0.00269786
v 0.0897693 0.0115563 -0.00210453
v 0.0986921 0.0110106 -0.0026288
v 0.089768 0.00996771 -0.00211406
v 0.0798009 0.0136301 -0.00155224
v 0.0875374 0.012208 -0.00197923
v 0.0798035 0.00996803 -0.00158002
v 0.0698323 0.00997005 -0.00109235
v 0.0598608 0.00996991 -0.000652574
v 0.0498903 0.00997177 -0.000266972
v 0.0467578 0.0131127 -0.000142538
v 0.0473628 0.00997061 -0.000177754
v 0.0399164 0.00997194 7.42026e-05
v 0.0299398 0.00997429 0.000364375
v 0.0256052 0.0143239 0.000480849
v 0.0277088 0.00997335 0.000417753
v 0.0199639 0.00997533 0.00060609
v 0.00998807 0.00997783 0.000791704
v 0.0127201 0.00997953 0.000740935
v 0.00998842 0.014193 0.000798545
v 0.0118255 0.0181469 0.00077121
v 0.0171254 0.00997845 0.000655498
v 7.1895e-07 0.0099999 5.14474e-08
v 0.00347523 0.00999381 0.000275309
v 3.26612e-06 0.0127674 -1.99355e-06
v 1.76587e-06 0.0165268 1.03407e-06
v 0.00819873 0.00998156 0.00065059
v 0.966346 -2.74812e-05 -0.238564
v 0.975541 -2.8428e-05 -0.242767
v 0.957228 -2.94177e-05 -0.234152
v 0.948096 -3.07927e-05 -0.229779
v 0.938949 -3.15133e-05 -0.22544
v 0.929785 -3.14607e-05 -0.221136
v 0.920609 -3.42262e-05 -0.216869
v 0.911417 -3.24017e-05 -0.212641
v 0.902211 -3.31515e-05 -0.208447
v 0.892991 -3.64085e-05 -0.204288
v 0.883758 -3.47448e-05 -0.200172
v 0.874509 -3.53146e-05 -0.196089
v 0.865247 -3.80754e-05 -0.192042
v 0.855969 -3.91572e-05 -0.188032
v 0.846678 -3.85133e-05 -0.184063
v 0.837373 -3.96467e-05 -0.180129
v 0.828056 -3.88128e-05 -0.176235
v 0.818723 -3.94976e-05 -0.172377
v 0.80938 -4.16686e-05 -0.168558
v 0.800022 -4.14704e-05 -0.164778
v 0.790652 -4.24296e-05 -0.161038
v 0.781266 -4.44854e-05 -0.157332
v 0.77187 -4.37626e-05 -0.153669
v 0.762457 -4.38688e-05 -0.150042
v 0.753034 -4.46616e-05 -0.146456
v 0.743599 -4.60245e-05 -0.142908
v 0.734151 -4.40411e-05 -0.139403
v 0.724691 -4.61312e-05 -0.135935
v 0.715218 -4.84233e-05 -0.132504
v 0.705732 -4.69667e-05 -0.129117
v 0.708471 -4.6445e-05 -0.130096
v 0.705737 0.0010468 -0.129111
v 0.696257 0.00459135 -0.125734
v 0.704198 0.00157705 -0.128562
v 0.696236 -4.91351e-05 -0.125769
v 0.686763 0.00780562 -0.122392
v 0.689876 0.00667878 -0.123487
v 0.686725 -4.73263e-05 -0.122461
v 0.677203 -4.89109e-05 -0.119192
v 0.667671 -5.00086e-05 -0.115964
v 0.658126 -5.04275e-05 -0.112777
v 0.648573 -5.00285e-05 -0.109635
v 0.639005 -4.86986e-05 -0.106531
v 0.629426 -5.01265e-05 -0.103466
v 0.619838 -5.0286e-05 -0.100446
v 0.610238 -4.9143e-05 -0.0974668
v 0.600627 -5.0226e-05 -0.0945269
v 0.591006 -4.97038e-05 -0.0916316
v 0.581374 -5.11981e-05 -0.0887756
v 0.571729 -5.07253e-05 -0.0859609
v 0.56208 -5.19736e-05 -0.0831922
v 0.552417 -5.09982e-05 -0.0804649
v 0.542742 -5.14994e-05 -0.077777
v 0.533063 -5.32638e-05 -0.0751353
v 0.523369 -5.23777e-05 -0.072535
v 0.513668 -5.24484e-05 -0.0699776
v 0.503957 -5.34256e-05 -0.0674632
v 0.494236 -5.12319e-05 -0.0649938
v 0.484509 -4.96038e-05 -0.0625709
v 0.474772 -5.23064e-05 -0.0601857
v 0.465024 -5.13492e-05 -0.0578457
v 0.455267 -5.05436e-05 -0.055549
v 0.445504 -4.96932e-05 -0.0532991
v 0.435733 -5.26455e-05 -0.0510906
v 0.425952 -5.12878e-05 -0.0489275
v 0.416165 -4.9429e-05 -0.0468115
v 0.406366 -5.09655e-05 -0.0447338
v 0.396565 -5.16404e-05 -0.0427066
v 0.386752 -5.14201e-05 -0.0407199
v 0.376932 -5.00991e-05 -0.0387806
v 0.367108 -5.15154e-05 -0.0368867
v 0.357274 -5.15462e-05 -0.0350371
v 0.347434 -4.99817e-05 -0.0332352
v 0.337587 -5.07092e-05 -0.0314756
v 0.327733 -4.96067e-05 -0.029764
v 0.317876 -5.04604e-05 -0.0280985
v 0.308008 -4.90999e-05 -0.0264777
v 0.311808 -4.73345e-05 -0.0271023
v 0.308014 0.000373 -0.0264597
v 0.298152 0.00145152 -0.0248393
v 0.307554 0.000416215 -0.0263843
v 0.298136 -4.94994e-05 -0.0249032
v 0.288283 0.00246933 -0.0232622
v 0.296532 0.00159283 -0.0245783
v 0.288259 -4.73533e-05 -0.0233773
v 0.278409 0.00343755 -0.0217334
v 0.285569 0.0027023 -0.0228416
v 0.278373 -4.6621e-05 -0.0218944
v 0.26853 0.00436321 -0.0202521
v 0.27466 0.00374977 -0.0211717
v 0.268484 -4.71359e-05 -0.0204582
v 0.25864 0.00524911 -0.0188181
v 0.263792 0.00474798 -0.0195674
v 0.25859 -4.87597e-05 -0.0190689
v 0.24875 0.00610753 -0.0174296
v 0.25296 0.00570202 -0.0180228
v 0.24869 -4.72046e-05 -0.0177286
v 0.238852 0.00692705 -0.0160913
v 0.24216 0.00661623 -0.0165398
v 0.238783 -4.64893e-05 -0.016432
v 0.228947 0.00768553 -0.0148
v 0.231412 0.00746864 -0.0151203
v 0.228876 -4.63833e-05 -0.0151862
v 0.219033 0.00840655 -0.0135541
v 0.220721 0.00825969 -0.0137674
v 0.218961 -4.68017e-05 -0.0139843
v 0.209122 0.00907442 -0.012361
v 0.210077 0.00899802 -0.0124779
v 0.20904 -4.33866e-05 -0.0128321
v 0.1992 0.00968455 -0.0112176
v 0.199502 0.0096578 -0.0112509
v 0.199117 -4.43204e-05 -0.0117255
v 0.189191 -4.5281e-05 -0.0106669
v 0.179255 -4.19678e-05 -0.00965495
v 0.169321 -4.25246e-05 -0.00869272
v 0.159381 -4.26873e-05 -0.00777533
v 0.14944 -4.21833e-05 -0.00691011
v 0.139493 -4.09479e-05 -0.00609005
v 0.129543 -3.87652e-05 -0.00531892
v 0.119591 -3.9715e-05 -0.00459478
v 0.109637 -3.939e-05 -0.00391991
v 0.0996766 -3.75994e-05 -0.00329079
v 0.0897192 -3.83559e-05 -0.00271276
v 0.0797557 -3.73097e-05 -0.00218083
v 0.0697923 -3.83978e-05 -0.00169657
v 0.059823 -3.73089e-05 -0.00125871
v 0.0498582 -3.78114e-05 -0.000872398
v 0.0460272 0.00381917 -0.000507501
v 0.0445447 -3.86617e-05 -0.000687685
v 0.039888 -3.56627e-05 -0.000532738
v 0.0299152 -3.47377e-05 -0.000237504
v 0.0254247 0.00448385 0.00014166
v 0.0252859 -3.61847e-05 -0.000122202
v 0.0199431 -3.5323e-05 9.00091e-06
v 0.0170502 0.00287419 0.000236392
v 0.0155671 -3.03956e-05 9.13858e-05
v 0.00997047 -2.92042e-05 0.000197926
v 0.0099728 0.00193132 0.000315527
v 0.0126944 0.00725585 0.000578748
v 0.00944888 0.00049425 0.000188667
v 0.00862728 -3.01193e-05 0.000216942
v -1.03718e-05 -2.22733e-05 0.000337186
v -9.27406e-06 0.000137711 0.000329422
v 0.00599645 0.00396851 0.000119013
v -1.61884e-06 0.00581531 0.000141212
v 0.00254384 0.00744279 4.93032e-05
v 0.975576 0.0700069 -0.242819
v 0.97558 0.0600038 -0.242807
v 0.966242 0.0600001 -0.238843
v 0.966236 0.0700079 -0.238857
v 0.957126 0.0700064 -0.234436
v 0.95712 0.0800109 -0.234462
v 0.947993 0.0800107 -0.230077
v 0.947983 0.0900155 -0.230113
v 0.938841 0.0900167 -0.225766
v 0.938929 0.100023 -0.225588
v 0.948075 0.100023 -0.229927
v 0.975582 0.0499972 -0.242804
v 0.966245 0.0499961 -0.238844
v 0.957131 0.0600018 -0.234424
v 0.948002 0.0700057 -0.230054
v 0.938852 0.0800114 -0.225729
v 0.929687 0.0900154 -0.221454
v 0.92977 0.100021 -0.221285
v 0.975581 0.0399909 -0.242814
v 0.966243 0.0399924 -0.238856
v 0.957134 0.0499975 -0.234425
v 0.948007 0.0600007 -0.230041
v 0.938861 0.0700058 -0.225706
v 0.929698 0.0800095 -0.221417
v 0.920518 0.0900153 -0.21718
v 0.920591 0.100023 -0.217018
v 0.975574 0.0299888 -0.242836
v 0.966237 0.0299895 -0.238878
v 0.957132 0.0399936 -0.234436
v 0.948007 0.0499959 -0.230039
v 0.938866 0.0600004 -0.225693
v 0.929706 0.070007 -0.221395
v 0.920528 0.0800122 -0.217144
v 0.911331 0.0900163 -0.212939
v 0.911401 0.100024 -0.212789
v 0.975567 0.0199841 -0.242871
v 0.96623 0.0199841 -0.238912
v 0.957127 0.0299869 -0.234457
v 0.948005 0.0399918 -0.23005
v 0.93887 0.0499953 -0.225693
v 0.929712 0.060001 -0.221382
v 0.920535 0.0700056 -0.217117
v 0.911343 0.0800091 -0.212901
v 0.902133 0.0900152 -0.208737
v 0.902198 0.100022 -0.208595
v 0.975557 0.00997698 -0.242914
v 0.966218 0.00997992 -0.238957
v 0.95712 0.0199813 -0.234491
v 0.948004 0.0299849 -0.230074
v 0.938866 0.0399908 -0.225702
v 0.929713 0.0499955 -0.22138
v 0.920541 0.0599991 -0.217104
v 0.911352 0.0700054 -0.212879
v 0.902144 0.0800108 -0.208701
v 0.892919 0.0900156 -0.204572
v 0.892978 0.100022 -0.204437
v 0.975541 -2.8428e-05 -0.242967
v 0.966346 -2.74812e-05 -0.238764
v 0.957109 0.00997714 -0.234537
v 0.947993 0.0199828 -0.230108
v 0.93886 0.0299873 -0.225725
v 0.929712 0.0399907 -0.221392
v 0.920541 0.0499967 -0.217104
v 0.911356 0.0599983 -0.212863
v 0.902151 0.0700064 -0.208676
v 0.892928 0.0800104 -0.204533
v 0.883691 0.090014 -0.200442
v 0.883743 0.100023 -0.200317
v 0.957228 -2.94177e-05 -0.234352
v 0.947984 0.00997494 -0.230152
v 0.938854 0.0199814 -0.22576
v 0.929707 0.0299868 -0.221415
v 0.920541 0.0399915 -0.217116
v 0.911357 0.0499954 -0.212863
v 0.902156 0.0599988 -0.20866
v 0.892937 0.0700054 -0.204508
v 0.883702 0.080008 -0.200403
v 0.874447 0.090014 -0.196349
v 0.874496 0.100023 -0.196234
v 0.948096 -3.07927e-05 -0.229979
v 0.938844 0.00997695 -0.225807
v 0.929699 0.0199807 -0.221448
v 0.920539 0.0299837 -0.217138
v 0.911358 0.0399898 -0.212876
v 0.902158 0.0499954 -0.20866
v 0.892944 0.0600007 -0.204497
v 0.883709 0.0700057 -0.20038
v 0.874457 0.0800108 -0.196312
v 0.865189 0.090016 -0.192295
v 0.865233 0.100021 -0.192186
v 0.938949 -3.15133e-05 -0.22564
v 0.929689 0.00997608 -0.221495
v 0.920529 0.0199809 -0.217173
v 0.911351 0.0299852 -0.212897
v 0.902157 0.0399892 -0.20867
v 0.892945 0.049993 -0.204493
v 0.883715 0.0600004 -0.200366
v 0.874468 0.0700042 -0.196287
v 0.865203 0.0800082 -0.192256
v 0.855917 0.0900162 -0.188277
v 0.855957 0.100021 -0.188177
v 0.929785 -3.14607e-05 -0.221336
v 0.920519 0.00997245 -0.217216
v 0.911345 0.0199785 -0.212931
v 0.902154 0.0299842 -0.208695
v 0.892944 0.0399899 -0.204506
v 0.883718 0.0499921 -0.200363
v 0.874472 0.059998 -0.196271
v 0.865211 0.0700043 -0.192231
v 0.85593 0.0800111 -0.18824
v 0.846635 0.0900149 -0.184299
v 0.846667 0.100023 -0.184208
v 0.920609 -3.42262e-05 -0.217069
v 0.911334 0.00997335 -0.212978
v 0.902146 0.0199771 -0.208728
v 0.892939 0.0299845 -0.204528
v 0.883717 0.0399885 -0.200376
v 0.874474 0.0499927 -0.19627
v 0.865216 0.0599974 -0.192216
v 0.855938 0.0700028 -0.18821
v 0.846644 0.0800088 -0.184256
v 0.837333 0.0900157 -0.180354
v 0.837366 0.10002 -0.180274
v 0.911417 -3.24017e-05 -0.212841
v 0.902136 0.0099716 -0.208775
v 0.892935 0.0199769 -0.204565
v 0.883714 0.0299824 -0.2004
v 0.874475 0.0399884 -0.196284
v 0.86522 0.0499913 -0.192215
v 0.855943 0.0599986 -0.188197
v 0.846655 0.0700031 -0.184232
v 0.837347 0.0800086 -0.180315
v 0.828021 0.0900153 -0.176451
v 0.828045 0.100023 -0.176379
v 0.902211 -3.31515e-05 -0.208647
v 0.892923 0.00997103 -0.20461
v 0.883707 0.019978 -0.200436
v 0.874471 0.0299818 -0.196306
v 0.865219 0.0399864 -0.192227
v 0.855949 0.0499918 -0.188198
v 0.846659 0.0599981 -0.184217
v 0.837358 0.070002 -0.180289
v 0.828033 0.0800107 -0.176411
v 0.818697 0.0900136 -0.172584
v 0.818716 0.100022 -0.172522
v 0.892991 -3.64085e-05 -0.204488
v 0.883696 0.00997173 -0.200483
v 0.874465 0.0199769 -0.196343
v 0.865215 0.0299828 -0.192252
v 0.855948 0.039986 -0.188208
v 0.846664 0.0499904 -0.184215
v 0.837364 0.059996 -0.180275
v 0.828042 0.070003 -0.176382
v 0.818708 0.0800079 -0.172542
v 0.809357 0.0900146 -0.168757
v 0.809372 0.100023 -0.168704
v 0.883758 -3.47448e-05 -0.200372
v 0.874452 0.00997012 -0.196388
v 0.865207 0.0199773 -0.192288
v 0.855945 0.0299818 -0.188234
v 0.846663 0.0399876 -0.184229
v 0.837365 0.0499911 -0.180273
v 0.828051 0.0599961 -0.176369
v 0.818718 0.0700027 -0.172516
v 0.809368 0.0800076 -0.168713
v 0.800001 0.0900145 -0.164965
v 0.800011 0.100023 -0.164921
v 0.874509 -3.53146e-05 -0.196289
v 0.865197 0.00996999 -0.192334
v 0.855936 0.0199757 -0.188268
v 0.84666 0.029979 -0.184251
v 0.837363 0.0399874 -0.180284
v 0.828052 0.0499902 -0.176366
v 0.818723 0.0599984 -0.172503
v 0.809377 0.0700013 -0.168685
v 0.800016 0.0800099 -0.164927
v 0.790638 0.0900136 -0.161216
v 0.790642 0.100023 -0.16118
v 0.865247 -3.80754e-05 -0.192242
v 0.855927 0.0099678 -0.188316
v 0.846652 0.0199758 -0.184288
v 0.837363 0.0299781 -0.180308
v 0.828051 0.0399857 -0.176378
v 0.818727 0.0499916 -0.172501
v 0.809382 0.0599959 -0.16867
v 0.800025 0.0700025 -0.164897
v 0.790649 0.0800077 -0.161173
v 0.781255 0.0900156 -0.157503
v 0.781257 0.100022 -0.157474
v 0.855969 -3.91572e-05 -0.188232
v 0.846642 0.00996735 -0.184335
v 0.837353 0.0199742 -0.180344
v 0.828049 0.0299792 -0.176403
v 0.818726 0.0399862 -0.172512
v 0.809386 0.0499917 -0.168672
v 0.80003 0.0599959 -0.16488
v 0.790656 0.0700026 -0.161143
v 0.78127 0.0800084 -0.157461
v 0.771864 0.0900134 -0.153828
v 0.771863 0.10002 -0.153811
v 0.846678 -3.85133e-05 -0.184263
v 0.837344 0.00996874 -0.180395
v 0.828041 0.0199746 -0.17644
v 0.818722 0.0299789 -0.172535
v 0.809385 0.0399854 -0.168681
v 0.800033 0.0499907 -0.16488
v 0.790664 0.059995 -0.161128
v 0.781277 0.070002 -0.157429
v 0.771877 0.0800084 -0.153787
v 0.762457 0.0900144 -0.150193
v 0.76245 0.100022 -0.150184
v 0.837373 -3.96467e-05 -0.180329
v 0.828031 0.0099684 -0.17649
v 0.818718 0.0199734 -0.172575
v 0.809384 0.0299771 -0.168706
v 0.800035 0.0399833 -0.164892
v 0.790667 0.0499886 -0.161126
v 0.781283 0.0599968 -0.157415
v 0.771887 0.0700007 -0.153757
v 0.762469 0.0800079 -0.15015
v 0.753038 0.090015 -0.146598
v 0.753028 0.100023 -0.1466
v 0.828056 -3.88128e-05 -0.176435
v 0.818707 0.0099665 -0.172624
v 0.809379 0.0199708 -0.168745
v 0.800032 0.0299778 -0.164917
v 0.790667 0.0399839 -0.161138
v 0.781286 0.0499893 -0.157412
v 0.771893 0.0599942 -0.153741
v 0.762478 0.0700025 -0.15012
v 0.753051 0.080007 -0.146553
v 0.743607 0.0900154 -0.143043
v 0.743593 0.100021 -0.143052
v 0.818723 -3.94976e-05 -0.172577
v 0.809369 0.00996681 -0.168797
v 0.800026 0.0199706 -0.164955
v 0.790664 0.0299773 -0.161163
v 0.781289 0.0399834 -0.157426
v 0.771895 0.0499891 -0.153739
v 0.762485 0.0599947 -0.150103
v 0.75306 0.0700001 -0.146522
v 0.743619 0.0800095 -0.142999
v 0.734162 0.0900157 -0.139525
v 0.734145 0.100022 -0.139545
v 0.80938 -4.16686e-05 -0.168758
v 0.800016 0.00996573 -0.165007
v 0.790659 0.0199729 -0.161205
v 0.781286 0.0299758 -0.15745
v 0.771895 0.0399821 -0.153749
v 0.76249 0.0499884 -0.150103
v 0.753069 0.0599946 -0.146509
v 0.743629 0.0700012 -0.142967
v 0.734175 0.0800083 -0.13948
v 0.724704 0.0900161 -0.136047
v 0.724685 0.10002 -0.136076
v 0.800022 -4.14704e-05 -0.164978
v 0.79065 0.00996346 -0.161254
v 0.781278 0.0199704 -0.157488
v 0.771893 0.0299772 -0.153777
v 0.762488 0.0399839 -0.150114
v 0.75307 0.0499907 -0.146507
v 0.743635 0.0599942 -0.142949
v 0.734184 0.070002 -0.139449
v 0.724718 0.080007 -0.136001
v 0.715234 0.0900166 -0.13261
v 0.715212 0.100022 -0.132649
v 0.790652 -4.24296e-05 -0.161238
v 0.781271 0.00996375 -0.157541
v 0.771885 0.0199708 -0.153814
v 0.762487 0.0299777 -0.150141
v 0.75307 0.0399813 -0.146516
v 0.74364 0.049989 -0.14295
v 0.73419 0.0599936 -0.13943
v 0.724726 0.0700029 -0.135971
v 0.715248 0.0800095 -0.132565
v 0.705754 0.0900138 -0.129211
v 0.705725 0.100021 -0.129257
v 0.781266 -4.44854e-05 -0.157532
v 0.771878 0.0099631 -0.153867
v 0.762479 0.0199702 -0.150178
v 0.753067 0.0299777 -0.146544
v 0.743639 0.0399819 -0.14296
v 0.734196 0.0499869 -0.13943
v 0.724732 0.0599966 -0.135954
v 0.715259 0.07 -0.132532
v 0.705767 0.0800086 -0.129166
v 0.696263 0.0900151 -0.125857
v 0.696229 0.100023 -0.125913
v 0.77187 -4.37626e-05 -0.153869
v 0.762471 0.00996529 -0.150233
v 0.753064 0.019969 -0.146584
v 0.743637 0.0299771 -0.142988
v 0.734194 0.0399822 -0.139441
v 0.724739 0.0499885 -0.135953
v 0.715264 0.0599959 -0.132516
v 0.705778 0.0700011 -0.129135
v 0.696274 0.080008 -0.125809
v 0.686757 0.0900133 -0.122538
v 0.686719 0.100023 -0.122604
v 0.762457 -4.38688e-05 -0.150242
v 0.753056 0.00996304 -0.146638
v 0.743629 0.019971 -0.143026
v 0.734193 0.0299762 -0.139469
v 0.724738 0.0399824 -0.135964
v 0.715267 0.04999 -0.132513
v 0.705785 0.0599954 -0.129119
v 0.696285 0.0700026 -0.125778
v 0.686768 0.0800081 -0.122491
v 0.677236 0.0900159 -0.119261
v 0.677201 0.10002 -0.119336
v 0.753034 -4.46616e-05 -0.146656
v 0.743622 0.00996392 -0.14308
v 0.734189 0.0199689 -0.13951
v 0.724738 0.029975 -0.135991
v 0.715271 0.0399825 -0.132527
v 0.705789 0.0499879 -0.129116
v 0.69629 0.0599951 -0.125759
v 0.686777 0.0700008 -0.122457
v 0.67725 0.0800087 -0.119213
v 0.667708 0.0900156 -0.116025
v 0.667668 0.100022 -0.11611
v 0.743599 -4.60245e-05 -0.143108
v 0.734179 0.00996064 -0.139562
v 0.72473 0.0199702 -0.136031
v 0.715269 0.0299737 -0.132552
v 0.705789 0.0399826 -0.129128
v 0.696295 0.049986 -0.125756
v 0.686785 0.0599953 -0.122442
v 0.677261 0.0699996 -0.11918
v 0.667723 0.0800065 -0.115977
v 0.658166 0.0900163 -0.112829
v 0.658123 0.100021 -0.112922
v 0.734151 -4.40411e-05 -0.139603
v 0.724725 0.00996073 -0.136086
v 0.715262 0.0199676 -0.132592
v 0.705786 0.0299761 -0.129155
v 0.696295 0.039983 -0.12577
v 0.686788 0.0499883 -0.122438
v 0.677266 0.059996 -0.119163
v 0.667729 0.0700028 -0.115944
v 0.658182 0.0800088 -0.112783
v 0.648615 0.0900144 -0.109675
v 0.648567 0.100021 -0.109776
v 0.724691 -4.61312e-05 -0.136135
v 0.715256 0.00996057 -0.132649
v 0.705781 0.0199687 -0.129195
v 0.696294 0.029975 -0.125797
v 0.686791 0.0399799 -0.122451
v 0.67727 0.0499873 -0.119159
v 0.667738 0.0599938 -0.115926
v 0.658192 0.0699995 -0.112748
v 0.648629 0.0800086 -0.109628
v 0.639051 0.0900138 -0.106561
v 0.639001 0.100022 -0.106674
v 0.715218 -4.84233e-05 -0.132704
v 0.705773 0.00996041 -0.129249
v 0.69629 0.0199661 -0.125837
v 0.686787 0.0299742 -0.122476
v 0.677273 0.0399811 -0.119174
v 0.667743 0.049987 -0.115924
v 0.658198 0.0599923 -0.112729
v 0.648637 0.070001 -0.109591
v 0.639062 0.0800096 -0.106512
v 0.629476 0.0900146 -0.103489
v 0.629423 0.100022 -0.10361
v 0.705732 -4.69667e-05 -0.129317
v 0.696282 0.00996029 -0.125894
v 0.686783 0.0199676 -0.122519
v 0.677271 0.0299738 -0.1192
v 0.667745 0.0399791 -0.115936
v 0.6582 0.0499875 -0.112726
v 0.648643 0.0599956 -0.109575
v 0.639076 0.0699999 -0.10648
v 0.62949 0.0800081 -0.103441
v 0.619891 0.0900169 -0.100462
v 0.619833 0.100023 -0.100589
v 0.696236 -4.91351e-05 -0.125969
v 0.686776 0.00996039 -0.122577
v 0.677266 0.0199657 -0.11924
v 0.66774 0.0299739 -0.115961
v 0.658203 0.0399816 -0.112741
v 0.648648 0.049989 -0.109572
v 0.639082 0.0599925 -0.10646
v 0.629499 0.0700001 -0.103405
v 0.619901 0.0800082 -0.100408
v 0.610293 0.0900172 -0.0974719
v 0.610234 0.100022 -0.0976093
v 0.686725 -4.73263e-05 -0.122661
v 0.677259 0.00996083 -0.119301
v 0.667735 0.0199681 -0.116004
v 0.6582 0.0299748 -0.112767
v 0.64865 0.0399812 -0.109584
v 0.639084 0.0499877 -0.106457
v 0.629506 0.0599944 -0.103388
v 0.619911 0.0700018 -0.100373
v 0.610305 0.0800099 -0.0974205
v 0.600686 0.0900155 -0.0945237
v 0.600624 0.100023 -0.0946724
v 0.677203 -4.89109e-05 -0.119392
v 0.667729 0.00995799 -0.11606
v 0.658197 0.0199673 -0.112811
v 0.648649 0.0299727 -0.109611
v 0.639084 0.0399819 -0.106468
v 0.629511 0.0499877 -0.103385
v 0.619918 0.059994 -0.100354
v 0.610314 0.0700012 -0.0973837
v 0.600696 0.0800097 -0.0944716
v 0.591067 0.0900158 -0.0916187
v 0.591001 0.100022 -0.0917737
v 0.667671 -5.00086e-05 -0.116164
v 0.658188 0.00995951 -0.112867
v 0.648643 0.0199674 -0.109655
v 0.639085 0.0299716 -0.106496
v 0.62951 0.03998 -0.103395
v 0.619923 0.0499852 -0.100349
v 0.610323 0.0599951 -0.0973671
v 0.600707 0.0700025 -0.0944376
v 0.591078 0.0800075 -0.0915643
v 0.581436 0.0900145 -0.0887519
v 0.58137 0.100023 -0.0889212
v 0.658126 -5.04275e-05 -0.112977
v 0.648637 0.00995801 -0.109712
v 0.63908 0.0199647 -0.106538
v 0.629509 0.0299717 -0.103422
v 0.619926 0.0399794 -0.100365
v 0.610326 0.049988 -0.0973623
v 0.600713 0.0599941 -0.0944155
v 0.591088 0.0700018 -0.09153
v 0.581449 0.0800075 -0.0887004
v 0.571797 0.0900154 -0.0859317
v 0.571729 0.100024 -0.0861101
v 0.648573 -5.00285e-05 -0.109835
v 0.639074 0.00995741 -0.106598
v 0.629504 0.0199668 -0.103467
v 0.619924 0.029973 -0.100393
v 0.610326 0.0399802 -0.0973727
v 0.600719 0.0499849 -0.094412
v 0.591095 0.059995 -0.091511
v 0.581459 0.0699993 -0.0886641
v 0.571809 0.0800097 -0.08588
v 0.562147 0.0900149 -0.083153
v 0.562075 0.100022 -0.083337
v 0.639005 -4.86986e-05 -0.106731
v 0.629499 0.00995787 -0.103526
v 0.619918 0.0199663 -0.100436
v 0.610327 0.029972 -0.0974018
v 0.600721 0.0399789 -0.0944258
v 0.5911 0.0499874 -0.0915075
v 0.581465 0.059994 -0.0886451
v 0.571818 0.0700029 -0.0858437
v 0.56216 0.0800066 -0.0830993
v 0.552487 0.090017 -0.0804176
v 0.552412 0.100024 -0.0806103
v 0.629426 -5.01265e-05 -0.103666
v 0.61991 0.00995952 -0.100495
v 0.61032 0.0199672 -0.0974452
v 0.600717 0.0299724 -0.0944519
v 0.591102 0.0399793 -0.0915196
v 0.581469 0.049988 -0.0886418
v 0.571825 0.0599952 -0.085823
v 0.562169 0.0700011 -0.0830632
v 0.552496 0.0800099 -0.0803608
v 0.542818 0.0900143 -0.077722
v 0.542744 0.100021 -0.0779264
v 0.619838 -5.0286e-05 -0.100646
v 0.610315 0.00995869 -0.0975059
v 0.600713 0.0199658 -0.094497
v 0.591101 0.0299708 -0.0915474
v 0.581471 0.0399778 -0.0886523
v 0.571829 0.0499869 -0.085818
v 0.562175 0.0599948 -0.0830428
v 0.552508 0.0700018 -0.0803263
v 0.542826 0.0800082 -0.0776654
v 0.533136 0.0900143 -0.0750698
v 0.533059 0.100024 -0.0752845
v 0.610238 -4.9143e-05 -0.0976668
v 0.600706 0.00995934 -0.0945582
v 0.591096 0.0199661 -0.0915931
v 0.581469 0.0299711 -0.0886806
v 0.57183 0.0399783 -0.085829
v 0.562178 0.0499881 -0.0830382
v 0.552516 0.0599931 -0.0803045
v 0.542835 0.0700014 -0.0776281
v 0.533148 0.0800094 -0.0750169
v 0.523443 0.0900174 -0.0724611
v 0.523368 0.100023 -0.0726853
v 0.600627 -5.0226e-05 -0.0947269
v 0.59109 0.00995777 -0.0916531
v 0.581465 0.0199644 -0.0887251
v 0.57183 0.0299733 -0.0858613
v 0.562178 0.039981 -0.0830498
v 0.552518 0.0499878 -0.0803006
v 0.542845 0.0599939 -0.0776101
v 0.533155 0.0699998 -0.0749749
v 0.523457 0.0800096 -0.0724069
v 0.513745 0.090016 -0.0698955
v 0.513667 0.100022 -0.0701276
v 0.591006 -4.97038e-05 -0.0918316
v 0.58146 0.00995798 -0.0887892
v 0.571826 0.0199647 -0.0859047
v 0.56218 0.0299739 -0.083081
v 0.55252 0.0399784 -0.080311
v 0.542849 0.0499862 -0.077605
v 0.533162 0.0599936 -0.0749544
v 0.523467 0.0700012 -0.0723689
v 0.513755 0.0800092 -0.0698387
v 0.504034 0.0900179 -0.0673735
v 0.503957 0.100024 -0.0676167
v 0.581374 -5.11981e-05 -0.0889756
v 0.571819 0.00995624 -0.0859646
v 0.562176 0.0199632 -0.0831234
v 0.55252 0.0299729 -0.0803432
v 0.54285 0.0399783 -0.0776164
v 0.533168 0.0499872 -0.0749536
v 0.523472 0.0599924 -0.072344
v 0.513766 0.0700018 -0.0698016
v 0.504047 0.0800082 -0.0673156
v 0.494318 0.0900156 -0.0648947
v 0.494238 0.100021 -0.0651454
v 0.571729 -5.07253e-05 -0.0861609
v 0.562168 0.00995661 -0.0831844
v 0.552516 0.0199639 -0.0803867
v 0.542848 0.0299706 -0.0776443
v 0.533169 0.0399808 -0.074966
v 0.523475 0.0499873 -0.0723409
v 0.513774 0.0599942 -0.069781
v 0.504058 0.0700019 -0.0672795
v 0.494329 0.0800106 -0.0648397
v 0.48459 0.090017 -0.0624596
v 0.484506 0.100023 -0.0627177
v 0.56208 -5.19736e-05 -0.0833922
v 0.552507 0.00995918 -0.0804489
v 0.542847 0.0199632 -0.0776925
v 0.533169 0.0299708 -0.0749932
v 0.523477 0.0399785 -0.0723526
v 0.513776 0.0499865 -0.0697739
v 0.504062 0.0599953 -0.0672569
v 0.494339 0.0700014 -0.0647996
v 0.4846 0.0800089 -0.0624006
v 0.474851 0.0900182 -0.0600664
v 0.47477 0.100024 -0.0603383
v 0.552417 -5.09982e-05 -0.0806649
v 0.542839 0.00995638 -0.0777542
v 0.533164 0.0199651 -0.0750394
v 0.523478 0.0299738 -0.0723865
v 0.513778 0.0399791 -0.069787
v 0.50407 0.049985 -0.0672525
v 0.494345 0.0599959 -0.0647782
v 0.484611 0.0700006 -0.0623617
v 0.474862 0.0800109 -0.0600087
v 0.465106 0.0900157 -0.0577165
v 0.465025 0.100022 -0.0579987
v 0.542742 -5.14994e-05 -0.077977
v 0.533157 0.00995613 -0.0751007
v 0.523475 0.0199658 -0.0724323
v 0.513777 0.029972 -0.0698171
v 0.504069 0.0399788 -0.0672637
v 0.494349 0.0499868 -0.064772
v 0.484617 0.0599962 -0.0623419
v 0.474873 0.0700035 -0.0599713
v 0.465118 0.0800091 -0.0576602
v 0.455352 0.0900172 -0.0554139
v 0.455266 0.100024 -0.0557029
v 0.533063 -5.32638e-05 -0.0753353
v 0.523468 0.00995856 -0.0724954
v 0.513774 0.0199655 -0.0698646
v 0.504069 0.0299732 -0.0672956
v 0.49435 0.039978 -0.064783
v 0.484618 0.0499881 -0.0623339
v 0.474879 0.0599962 -0.0599478
v 0.465127 0.0700025 -0.0576212
v 0.455362 0.0800113 -0.0553559
v 0.44559 0.0900191 -0.0531567
v 0.445506 0.100023 -0.0534537
v 0.523369 -5.23777e-05 -0.072735
v 0.513769 0.00995603 -0.0699275
v 0.504064 0.0199644 -0.0673396
v 0.494347 0.0299737 -0.0648133
v 0.48462 0.0399806 -0.0623467
v 0.474883 0.0499854 -0.0599397
v 0.465134 0.0599961 -0.0575995
v 0.455371 0.0700016 -0.0553133
v 0.4456 0.0800099 -0.0530952
v 0.435819 0.0900176 -0.0509397
v 0.435734 0.100022 -0.0512466
v 0.513668 -5.24484e-05 -0.0701776
v 0.504059 0.00995647 -0.0674045
v 0.494348 0.0199625 -0.0648607
v 0.484619 0.0299738 -0.0623771
v 0.474886 0.039979 -0.0599545
v 0.465139 0.0499863 -0.0575933
v 0.455379 0.0599961 -0.0552936
v 0.445611 0.070001 -0.0530546
v 0.435831 0.080009 -0.0508802
v 0.426037 0.0900168 -0.048765
v 0.425951 0.100022 -0.0490814
v 0.503957 -5.34256e-05 -0.0676632
v 0.49434 0.00995618 -0.0649244
v 0.484617 0.019964 -0.0624232
v 0.474882 0.0299735 -0.0599836
v 0.46514 0.0399811 -0.0576069
v 0.455382 0.0499873 -0.0552862
v 0.445613 0.0599963 -0.0530302
v 0.43584 0.0700007 -0.0508383
v 0.426051 0.0800087 -0.0487075
v 0.416251 0.0900168 -0.0466392
v 0.416163 0.100023 -0.0469651
v 0.494236 -5.12319e-05 -0.0651938
v 0.484612 0.00995527 -0.0624873
v 0.474881 0.019965 -0.060032
v 0.465139 0.0299729 -0.0576363
v 0.455385 0.0399793 -0.0553
v 0.445618 0.0499884 -0.0530251
v 0.435846 0.059993 -0.0508142
v 0.426058 0.0700011 -0.0486645
v 0.41626 0.0800092 -0.0465773
v 0.406453 0.0900177 -0.0445559
v 0.406368 0.100025 -0.0448943
v 0.484509 -4.96038e-05 -0.0627709
v 0.474877 0.00995783 -0.0600985
v 0.465135 0.0199658 -0.0576838
v 0.455382 0.0299723 -0.0553285
v 0.445619 0.0399815 -0.053038
v 0.435849 0.049986 -0.0508081
v 0.426063 0.0599941 -0.0486394
v 0.416269 0.0700021 -0.0465367
v 0.406465 0.0800106 -0.0444963
v 0.396651 0.0900198 -0.0425217
v 0.396563 0.100024 -0.042864
v 0.474772 -5.23064e-05 -0.0603857
v 0.46513 0.00995612 -0.0577476
v 0.45538 0.0199665 -0.0553786
v 0.44562 0.0299717 -0.0530671
v 0.435848 0.0399801 -0.0508202
v 0.426067 0.049988 -0.0486359
v 0.416276 0.0599958 -0.0465142
v 0.406473 0.0700041 -0.0444549
v 0.396661 0.0800091 -0.042456
v 0.38684 0.0900192 -0.0405282
v 0.386753 0.100025 -0.0408827
v 0.465024 -5.13492e-05 -0.0580457
v 0.455376 0.0099582 -0.0554451
v 0.44562 0.0199633 -0.0531179
v 0.43585 0.0299714 -0.050852
v 0.426071 0.0399791 -0.0486488
v 0.416281 0.0499866 -0.0465081
v 0.40648 0.0599945 -0.0444298
v 0.396668 0.0700031 -0.042414
v 0.386852 0.0800089 -0.0404653
v 0.377021 0.09002 -0.0385808
v 0.376934 0.100023 -0.038942
v 0.455267 -5.05436e-05 -0.055749
v 0.445614 0.00995633 -0.053184
v 0.435845 0.0199641 -0.050899
v 0.426071 0.0299715 -0.0486801
v 0.416283 0.0399786 -0.0465204
v 0.406484 0.0499861 -0.0444232
v 0.396677 0.0599942 -0.0423918
v 0.386859 0.0700033 -0.0404226
v 0.377032 0.08001 -0.0385173
v 0.367196 0.0900185 -0.0366775
v 0.367106 0.100023 -0.0370473
v 0.445504 -4.96932e-05 -0.0534991
v 0.435841 0.00995853 -0.0509681
v 0.426064 0.0199654 -0.0487267
v 0.416282 0.029972 -0.0465514
v 0.406485 0.0399789 -0.0444351
v 0.39668 0.0499864 -0.0423847
v 0.386864 0.0599949 -0.0403967
v 0.377038 0.0700048 -0.0384743
v 0.367205 0.0800126 -0.0366156
v 0.357363 0.0900187 -0.0348205
v 0.357274 0.100025 -0.035202
v 0.435733 -5.26455e-05 -0.0512906
v 0.42606 0.00995711 -0.0487937
v 0.416279 0.0199632 -0.0465992
v 0.406486 0.0299733 -0.0444694
v 0.39668 0.0399801 -0.0423965
v 0.386869 0.0499878 -0.0403929
v 0.377043 0.0599969 -0.0384481
v 0.367213 0.0700039 -0.0365705
v 0.357372 0.080013 -0.0347584
v 0.347521 0.0900207 -0.0330098
v 0.347436 0.100025 -0.0334009
v 0.425952 -5.12878e-05 -0.0491275
v 0.416273 0.0099561 -0.0466661
v 0.406482 0.0199655 -0.0445171
v 0.396682 0.0299715 -0.0424287
v 0.386868 0.0399823 -0.0404046
v 0.37705 0.0499865 -0.0384424
v 0.367217 0.0599964 -0.0365443
v 0.357379 0.0700045 -0.0347132
v 0.347532 0.0800112 -0.0329457
v 0.337674 0.0900208 -0.0312437
v 0.337588 0.100023 -0.0316408
v 0.416165 -4.9429e-05 -0.0470115
v 0.40648 0.00995572 -0.0445855
v 0.39668 0.0199647 -0.04248
v 0.386869 0.0299746 -0.0404369
v 0.377048 0.0399817 -0.0384542
v 0.367223 0.0499866 -0.0365385
v 0.357383 0.0599975 -0.0346871
v 0.34754 0.070003 -0.0329007
v 0.337682 0.0800114 -0.0311762
v 0.327821 0.0900192 -0.0295222
v 0.327735 0.100023 -0.0299306
v 0.406366 -5.09655e-05 -0.0449338
v 0.396674 0.00995606 -0.0425452
v 0.386868 0.0199649 -0.0404865
v 0.377048 0.0299749 -0.0384866
v 0.367225 0.0399826 -0.036554
v 0.35739 0.0499883 -0.0346816
v 0.347544 0.0599964 -0.0328748
v 0.33769 0.0700034 -0.0311315
v 0.327829 0.0800098 -0.029455
v 0.31796 0.0900198 -0.0278474
v 0.317874 0.100026 -0.0282668
v 0.396565 -5.16404e-05 -0.0429066
v 0.386861 0.0099573 -0.0405521
v 0.377047 0.0199661 -0.0385366
v 0.367223 0.0299725 -0.0365815
v 0.357389 0.0399809 -0.0346921
v 0.347547 0.0499876 -0.0328662
v 0.337694 0.0599971 -0.031106
v 0.327836 0.0700059 -0.0294126
v 0.317969 0.0800104 -0.0277807
v 0.308093 0.090019 -0.0262175
v 0.308009 0.100023 -0.0266459
v 0.386752 -5.14201e-05 -0.0409199
v 0.377042 0.00995964 -0.0386062
v 0.367221 0.0199647 -0.036632
v 0.35739 0.0299716 -0.0347235
v 0.34755 0.0399808 -0.0328807
v 0.337701 0.0499888 -0.0311015
v 0.327843 0.059996 -0.0293857
v 0.317978 0.0700027 -0.0277368
v 0.308101 0.0800135 -0.0261533
v 0.298221 0.0900208 -0.024638
v 0.298136 0.100023 -0.0250717
v 0.376932 -5.00991e-05 -0.0389806
v 0.367215 0.00995921 -0.0367023
v 0.357388 0.0199646 -0.0347747
v 0.347551 0.0299723 -0.0329129
v 0.3377 0.0399826 -0.0311132
v 0.327846 0.049988 -0.0293784
v 0.31798 0.059997 -0.0277092
v 0.308107 0.0700059 -0.0261067
v 0.298228 0.0800112 -0.0245691
v 0.28834 0.0900213 -0.0231002
v 0.288258 0.100026 -0.0235478
v 0.367108 -5.15154e-05 -0.0370867
v 0.357382 0.00996014 -0.0348459
v 0.347545 0.0199661 -0.0329615
v 0.337702 0.0299747 -0.0311462
v 0.327846 0.0399823 -0.029391
v 0.317984 0.0499894 -0.0277028
v 0.308115 0.0599964 -0.0260814
v 0.298236 0.0700036 -0.0245234
v 0.288352 0.0800117 -0.0230356
v 0.278456 0.0900209 -0.0216112
v 0.278376 0.100024 -0.0220671
v 0.357274 -5.15462e-05 -0.0352371
v 0.347541 0.00995858 -0.0330316
v 0.337701 0.0199654 -0.0311972
v 0.327847 0.0299751 -0.029425
v 0.317986 0.0399801 -0.0277144
v 0.308116 0.0499891 -0.0260726
v 0.29824 0.0599982 -0.0244977
v 0.288357 0.0700041 -0.0229875
v 0.278466 0.080011 -0.0215442
v 0.268566 0.0900195 -0.0201675
v 0.268486 0.100026 -0.0206337
v 0.347434 -4.99817e-05 -0.0334352
v 0.337693 0.00995871 -0.0312651
v 0.327844 0.0199664 -0.0294738
v 0.317988 0.0299735 -0.0277495
v 0.308119 0.0399803 -0.0260853
v 0.298242 0.0499912 -0.02449
v 0.288362 0.0599988 -0.022963
v 0.278473 0.0700033 -0.0214972
v 0.268573 0.0800134 -0.0201002
v 0.258669 0.0900214 -0.0187713
v 0.25859 0.100026 -0.0192455
v 0.337587 -5.07092e-05 -0.0316756
v 0.32784 0.0099607 -0.0295464
v 0.317985 0.0199656 -0.0277996
v 0.308119 0.0299741 -0.0261184
v 0.298246 0.0399828 -0.0245041
v 0.288362 0.049992 -0.0229532
v 0.278476 0.0599981 -0.0214705
v 0.268581 0.0700056 -0.0200546
v 0.258677 0.080015 -0.0187054
v 0.248769 0.0900227 -0.0174243
v 0.248692 0.100026 -0.0179064
v 0.327733 -4.96067e-05 -0.029964
v 0.317978 0.00996063 -0.0278702
v 0.308116 0.0199669 -0.0261699
v 0.298248 0.0299731 -0.0245366
v 0.288367 0.0399839 -0.0229687
v 0.278477 0.0499915 -0.0214622
v 0.268584 0.0599963 -0.0200239
v 0.258684 0.070007 -0.0186579
v 0.248778 0.0800119 -0.0173544
v 0.238865 0.0900194 -0.0161211
v 0.238787 0.100026 -0.0166129
v 0.317876 -5.04604e-05 -0.0282985
v 0.308115 0.00995868 -0.0262435
v 0.298242 0.0199665 -0.0245862
v 0.288367 0.0299747 -0.0229994
v 0.27848 0.0399837 -0.0214759
v 0.268587 0.0499898 -0.0200172
v 0.258689 0.0599977 -0.0186288
v 0.248781 0.0700078 -0.0173071
v 0.238871 0.0800123 -0.0160515
v 0.228953 0.0900199 -0.0148659
v 0.228876 0.100025 -0.0153652
v 0.308008 -4.90999e-05 -0.0266777
v 0.298239 0.00995905 -0.0246581
v 0.288362 0.0199687 -0.0230508
v 0.278481 0.0299749 -0.0215083
v 0.268591 0.0399823 -0.0200327
v 0.25869 0.0499913 -0.0186204
v 0.248788 0.0599983 -0.0172799
v 0.238873 0.0700079 -0.0160024
v 0.228958 0.0800123 -0.0147946
v 0.219036 0.0900202 -0.0136568
v 0.21896 0.100025 -0.0141635
v 0.298136 -4.94994e-05 -0.0251032
v 0.28836 0.00996191 -0.0231246
v 0.278478 0.0199694 -0.0215616
v 0.26859 0.0299739 -0.0200636
v 0.258692 0.039984 -0.0186344
v 0.248787 0.049992 -0.0172699
v 0.238878 0.0599984 -0.0159736
v 0.228962 0.0700076 -0.0147476
v 0.219043 0.0800121 -0.0135875
v 0.209113 0.0900204 -0.0124941
v 0.209041 0.100024 -0.0130114
v 0.288259 -4.73533e-05 -0.0235773
v 0.278475 0.00995924 -0.021632
v 0.268588 0.0199689 -0.020119
v 0.258693 0.029976 -0.0186673
v 0.248792 0.0399849 -0.0172859
v 0.238883 0.0499921 -0.0159693
v 0.228967 0.0599979 -0.0147174
v 0.219047 0.0700071 -0.0135391
v 0.209118 0.0800159 -0.0124254
v 0.199188 0.0900208 -0.0113812
v 0.19912 0.100024 -0.011909
v 0.278373 -4.6621e-05 -0.0220944
v 0.268583 0.00995939 -0.020188
v 0.258691 0.0199674 -0.0187194
v 0.24879 0.0299771 -0.0173176
v 0.238883 0.039985 -0.0159806
v 0.228971 0.0499915 -0.0147119
v 0.21905 0.0599971 -0.0135078
v 0.209126 0.0700064 -0.0123773
v 0.199192 0.0800157 -0.0113114
v 0.189257 0.0900215 -0.010315
v 0.18919 0.100024 -0.0108496
v 0.268484 -4.71359e-05 -0.0206582
v 0.258685 0.00996248 -0.0187928
v 0.248787 0.019969 -0.0173685
v 0.238884 0.0299776 -0.0160146
v 0.228972 0.0399846 -0.0147255
v 0.219053 0.0499907 -0.0135011
v 0.209127 0.0600003 -0.0123469
v 0.1992 0.0700058 -0.0112622
v 0.189265 0.0800157 -0.0102477
v 0.179324 0.0900226 -0.00929904
v 0.179258 0.100025 -0.00984027
v 0.25859 -4.87597e-05 -0.0192689
v 0.248785 0.00996047 -0.0174425
v 0.238882 0.0199697 -0.0160682
v 0.228972 0.0299773 -0.0147586
v 0.219054 0.0399838 -0.0135138
v 0.209129 0.0499937 -0.0123393
v 0.199204 0.0599993 -0.0112344
v 0.189269 0.0700052 -0.0101941
v 0.179328 0.0800161 -0.00922737
v 0.169386 0.0900242 -0.00833005
v 0.169324 0.100026 -0.00888123
v 0.24869 -4.72046e-05 -0.0179286
v 0.238879 0.00996177 -0.0161413
v 0.22897 0.0199699 -0.0148112
v 0.219053 0.0299767 -0.013546
v 0.209132 0.0399868 -0.0123547
v 0.199205 0.0499925 -0.0112261
v 0.189272 0.0599984 -0.0101655
v 0.179334 0.0700091 -0.00917865
v 0.169391 0.080017 -0.0082577
v 0.159445 0.0900225 -0.00740611
v 0.159387 0.100024 -0.0079671
v 0.238783 -4.64893e-05 -0.016632
v 0.228965 0.00996238 -0.0148836
v 0.219053 0.0199695 -0.0136015
v 0.209132 0.0299757 -0.0123842
v 0.199204 0.0399856 -0.0112373
v 0.189277 0.0499914 -0.0101601
v 0.179337 0.0600019 -0.00914948
v 0.169396 0.0700094 -0.00820842
v 0.15945 0.0800144 -0.00733325
v 0.149499 0.0900216 -0.00652947
v 0.149442 0.100027 -0.00710205
v 0.228876 -4.63833e-05 -0.0153862
v 0.21905 0.00996247 -0.0136769
v 0.209131 0.0199688 -0.0124391
v 0.199205 0.0299787 -0.0112718
v 0.189275 0.0399844 -0.0101708
v 0.179338 0.0499947 -0.00913996
v 0.169399 0.0600017 -0.0081788
v 0.159455 0.0700061 -0.0072836
v 0.149505 0.0800167 -0.00646192
v 0.139551 0.0900217 -0.00570385
v 0.139494 0.100028 -0.00628227
v 0.218961 -4.68017e-05 -0.0141843
v 0.209128 0.00996213 -0.0125141
v 0.199203 0.0199721 -0.0113263
v 0.189275 0.0299776 -0.0102049
v 0.17934 0.0399875 -0.00915387
v 0.1694 0.0499941 -0.00816898
v 0.159456 0.060002 -0.00725576
v 0.149507 0.0700077 -0.00640845
v 0.139554 0.0800158 -0.00563257
v 0.129598 0.090023 -0.00492587
v 0.129547 0.100025 -0.00551138
v 0.20904 -4.33866e-05 -0.0130321
v 0.199201 0.0099616 -0.011399
v 0.189273 0.0199711 -0.0102592
v 0.179342 0.0299766 -0.00918571
v 0.169402 0.0399868 -0.00818264
v 0.159457 0.0499941 -0.00724572
v 0.149509 0.060003 -0.00638051
v 0.139558 0.0700101 -0.00558473
v 0.129601 0.080016 -0.00485466
v 0.119646 0.0900215 -0.00419723
v 0.119593 0.100028 -0.00479017
v 0.199117 -4.43204e-05 -0.0119255
v 0.189269 0.00996515 -0.0103337
v 0.179339 0.0199703 -0.00923984
v 0.169402 0.02998 -0.00821648
v 0.159459 0.0399866 -0.00725934
v 0.149514 0.0499946 -0.00637408
v 0.139562 0.0600006 -0.00555479
v 0.129606 0.0700094 -0.004807
v 0.119648 0.0800174 -0.0041284
v 0.109686 0.0900255 -0.00351868
v 0.109641 0.100024 -0.0041161
v 0.189191 -4.5281e-05 -0.0108669
v 0.179334 0.00996464 -0.00931439
v 0.169401 0.0199697 -0.00826852
v 0.159459 0.0299797 -0.0072932
v 0.149513 0.0399869 -0.00638413
v 0.139562 0.0499959 -0.00554696
v 0.129609 0.0600033 -0.00477935
v 0.11965 0.0700098 -0.00407747
v 0.109692 0.080016 -0.00344826
v 0.0997268 0.0900229 -0.00288415
v 0.0996832 0.100027 -0.0034921
v 0.179255 -4.19678e-05 -0.00985495
v 0.169399 0.00996435 -0.0083468
v 0.159457 0.0199737 -0.00734746
v 0.149513 0.02998 -0.00641819
v 0.139561 0.0399879 -0.00555729
v 0.129611 0.0499939 -0.00476978
v 0.119653 0.0600029 -0.00405029
v 0.109692 0.0700113 -0.00340008
v 0.0997305 0.080016 -0.00281666
v 0.0897604 0.0900262 -0.00230017
v 0.089723 0.100027 -0.00291399
v 0.169321 -4.25246e-05 -0.00889272
v 0.159454 0.00996445 -0.0074203
v 0.149511 0.0199741 -0.00647272
v 0.139562 0.029981 -0.00559157
v 0.129612 0.0399856 -0.00478044
v 0.119655 0.0499972 -0.00404319
v 0.109693 0.0600036 -0.00336985
v 0.0997323 0.0700102 -0.0027692
v 0.0897651 0.0800177 -0.00223367
v 0.0797974 0.0900231 -0.00176413
v 0.0797603 0.100025 -0.00238217
v 0.159381 -4.26873e-05 -0.00797533
v 0.149508 0.00996506 -0.00654593
v 0.139563 0.019971 -0.00564441
v 0.12961 0.0299785 -0.00481154
v 0.119656 0.0399884 -0.00405444
v 0.109695 0.0499972 -0.00336347
v 0.099734 0.0600014 -0.00273986
v 0.0897676 0.0700103 -0.00218739
v 0.0798006 0.0800167 -0.00170125
v 0.0698279 0.090026 -0.00127912
v 0.0697974 0.100026 -0.00190222
v 0.14944 -4.21833e-05 -0.00711011
v 0.139559 0.00996641 -0.00572021
v 0.129609 0.0199728 -0.00486697
v 0.119655 0.0299813 -0.00408607
v 0.109698 0.0399882 -0.00337525
v 0.0997339 0.0499943 -0.00273059
v 0.0897684 0.0600047 -0.00216113
v 0.079802 0.070012 -0.00165833
v 0.0698318 0.0800176 -0.00121787
v 0.05986 0.0900271 -0.000844595
v 0.0598307 0.100029 -0.00147086
v 0.139493 -4.09479e-05 -0.00629005
v 0.129608 0.00996435 -0.00494127
v 0.119652 0.0199757 -0.0041385
v 0.109694 0.0299809 -0.00340395
v 0.0997356 0.0399891 -0.00274533
v 0.0897696 0.0499968 -0.00215291
v 0.0798039 0.060005 -0.00163348
v 0.0698338 0.0700109 -0.00117687
v 0.059864 0.080016 -0.000785712
v 0.0498899 0.0900261 -0.000457321
v 0.049861 0.100027 -0.00108027
v 0.129543 -3.87652e-05 -0.00551892
v 0.119652 0.00996751 -0.00421348
v 0.109693 0.0199755 -0.00345704
v 0.099734 0.0299817 -0.00277475
v 0.0897694 0.0399912 -0.00216485
v 0.0798031 0.0499964 -0.0016227
v 0.0698371 0.0600027 -0.00115343
v 0.0598647 0.0700115 -0.00074882
v 0.0498896 0.0800205 -0.000405372
v 0.0399179 0.0900233 -0.000117469
v 0.0398913 0.100027 -0.000742308
v 0.119591 -3.9715e-05 -0.00479478
v 0.109694 0.00996763 -0.00353279
v 0.0997338 0.0199764 -0.00282864
v 0.0897695 0.0299838 -0.00219515
v 0.0798047 0.0399904 -0.00163574
v 0.0698357 0.0499972 -0.00114621
v 0.0598632 0.0600057 -0.000725813
v 0.0498926 0.0700092 -0.000369047
v 0.0399182 0.0800183 -7.48458e-05
v 0.0299413 0.0900226 0.0001723
v 0.0299206 0.100027 -0.000451272
v 0.109637 -3.939e-05 -0.00411991
v 0.0997296 0.00996905 -0.00289786
v 0.0897699 0.0199746 -0.00224403
v 0.0798035 0.029983 -0.00166318
v 0.069836 0.0399909 -0.00115659
v 0.0598639 0.0499995 -0.000719982
v 0.049894 0.060006 -0.000353863
v 0.0399209 0.0700126 -4.93592e-05
v 0.029942 0.0800178 0.000205105
v 0.0199638 0.090024 0.00040791
v 0.0199483 0.100025 -0.000207791
v 0.0996766 -3.75994e-05 -0.00349079
v 0.089768 0.00996771 -0.00231406
v 0.0798027 0.0199742 -0.00170923
v 0.0698336 0.0299836 -0.00118137
v 0.0598686 0.0399885 -0.000729539
v 0.0498928 0.0499985 -0.000346237
v 0.0399215 0.060003 -3.10606e-05
v 0.0299478 0.0700087 0.000223183
v 0.0199697 0.0800143 0.000428438
v 0.00999157 0.0900179 0.000588479
v 0.00997514 0.100025 -1.84497e-05
v 0.0897192 -3.83559e-05 -0.00291276
v 0.0798035 0.00996803 -0.00178002
v 0.0698358 0.0199754 -0.00122813
v 0.0598659 0.0299816 -0.000751376
v 0.0498949 0.0399918 -0.000355248
v 0.0399207 0.0499989 -2.72012e-05
v 0.0299452 0.0600053 0.000234464
v 0.0199704 0.07001 0.000438116
v 0.00999031 0.0800113 0.000599112
v 2.4491e-06 0.0900122 -0.000200269
v 4.85284e-06 0.100014 -0.000202556
v 0.0797557 -3.73097e-05 -0.00238083
v 0.0698323 0.00997005 -0.00129235
v 0.059862 0.0199783 -0.000793676
v 0.0498919 0.0299852 -0.000374376
v 0.0399222 0.0399918 -3.3936e-05
v 0.0299467 0.05 0.000236207
v 0.0199692 0.0600044 0.000446473
v 0.00998968 0.0700083 0.000603215
v 3.94148e-06 0.0800105 -0.000201763
v 0.0697923 -3.83978e-05 -0.00189657
v 0.0598608 0.00996991 -0.000852574
v 0.0498909 0.0199788 -0.000411214
v 0.0399203 0.0299863 -4.97234e-05
v 0.0299453 0.0399935 0.000236132
v 0.01997 0.0499983 0.000450039
v 0.00999218 0.0600053 0.000603098
v 1.77636e-06 0.070009 -0.00019976
v 0.059823 -3.73089e-05 -0.00145871
v 0.0498903 0.00997177 -0.000466972
v 0.0399186 0.0199768 -7.76031e-05
v 0.0299463 0.0299844 0.000225338
v 0.0199689 0.0399916 0.000452249
v 0.00999253 0.0499982 0.000608303
v 3.1856e-06 0.0600078 -0.000201773
v 0.0498582 -3.78114e-05 -0.0010724
v 0.0399164 0.00997194 -0.000125797
v 0.0299418 0.0199816 0.000203275
v 0.0199711 0.0299892 0.000443603
v 0.00999015 0.0399961 0.000610843
v 2.77159e-06 0.0500031 -0.000198315
v 0.039888 -3.56627e-05 -0.000732738
v 0.0299398 0.00997429 0.000164375
v 0.0199668 0.0199835 0.000430549
v 0.00999224 0.02999 0.000610765
v 3.45707e-06 0.0400035 -0.000201259
v -1.03718e-05 -2.22733e-05 0.000137186
v 0.00997047 -2.92042e-05 -2.07353e-06
v 7.1895e-07 0.0099999 -0.000199949
v 0.0199431 -3.5323e-05 -0.000190999
v 0.00998807 0.00997783 0.000591704
v 3.69258e-06 0.0199996 -0.000200895
v 0.0299152 -3.47377e-05 -0.000437504
v 0.0199639 0.00997533 0.00040609
v 0.00999342 0.019985 0.000609929
v 2.09198e-06 0.0300009 -0.000198846
v 0.975568 0.0800133 -0.242845
v 0.96623 0.0800119 -0.238882
v 0.95711 0.0900152 -0.234497
v 0.957209 0.10002 -0.234301
v 0.975558 0.0900157 -0.242879
v 0.96622 0.0900156 -0.238917
v 0.966326 0.100022 -0.238715
v 0.975544 0.100021 -0.242927
v -0.0114239 0.0137853 -0.110625
v -0.0205632 0.0137853 -0.110625
v -0.0205632 -0.00122611 -0.110625
v -0.0114239 -0.00122611 -0.110625
v -0.0200928 -0.000414521 -0.110625
v -0.0193872 -0.000414521 -0.110625
v -0.0193872 0.000396843 -0.110625
v -0.0200928 0.000396843 -0.110625
v -0.0200928 0.000396843 -0.110625
v -0.0193872 0.000396843 -0.110625
v -0.0193872 0.00120821 -0.110625
v -0.0200928 0.00120821 -0.110625
v -0.0200928 0.00120821 -0.110625
v -0.0193872 0.00120821 -0.110625
v -0.0193872 0.00201957 -0.110625
v -0.0200928 0.00201957 -0.110625
v -0.0200928 0.00201957 -0.110625
v -0.0193872 0.00201957 -0.110625
v -0.0193872 0.00283116 -0.110625
v -0.0200928 0.00283116 -0.110625
v -0.0200928 0.00283116 -0.110625
v -0.0193872 0.00283116 -0.110625
v -0.0193872 0.00364253 -0.110625
v -0.0200928 0.00364253 -0.110625
v -0.0200928 0.00364253 -0.110625
v -0.0193872 0.00364253 -0.110625
v -0.0193872 0.00445389 -0.110625
v -0.0200928 0.00445389 -0.110625
v -0.0200928 0.00445389 -0.110625
v -0.0193872 0.00445389 -0.110625
v -0.0193872 0.00526526 -0.110625
v -0.0200928 0.00526526 -0.110625
v -0.0200928 0.00526526 -0.110625
v -0.0193872 0.00526526 -0.110625
v -0.0193872 0.00607662 -0.110625
v -0.0200928 0.00607662 -0.110625
v -0.0200928 0.00607662 -0.110625
v -0.0193872 0.00607662 -0.110625
v -0.0193872 0.00688821 -0.110625
v -0.0200928 0.00688821 -0.110625
v -0.0200928 0.00688821 -0.110625
v -0.0193872 0.00688821 -0.110625
v -0.0193872 0.00769958 -0.110625
v -0.0200928 0.00769958 -0.110625
v -0.0200928 0.00769958 -0.110625
v -0.0193872 0.00769958 -0.110625
v -0.0193872 0.00851094 -0.110625
v -0.0200928 0.00851094 -0.110625
v -0.0200928 0.00851094 -0.110625
v -0.0193872 0.00851094 -0.110625
v -0.0193872 0.0093223 -0.110625
v -0.0200928 0.0093223 -0.110625
v -0.0200928 -0.000414521 -0.110625
v -0.019152 -0.000414521 -0.110625
v -0.0200928 0.000396843 -0.110625
v -0.019152 0.000396843 -0.110625
v -0.0200928 0.00120821 -0.110625
v -0.019152 0.00120821 -0.110625
v -0.0200928 0.00201957 -0.110625
v -0.019152 0.00201957 -0.110625
v -0.0200928 0.00283116 -0.110625
v -0.019152 0.00283116 -0.110625
v -0.0200928 0.00364253 -0.110625
v -0.019152 0.00364253 -0.110625
v -0.0200928 0.00445389 -0.110625
v -0.019152 0.00445389 -0.110625
v -0.0200928 0.00526526 -0.110625
v -0.019152 0.00526526 -0.110625
v -0.0200928 0.00607662 -0.110625
v -0.019152 0.00607662 -0.110625
v -0.0200928 0.00688821 -0.110625
v -0.019152 0.00688821 -0.110625
v -0.0200928 0.00769958 -0.110625
v -0.019152 0.00769958 -0.110625
v -0.0200928 0.00851094 -0.110625
v -0.019152 0.00851094 -0.110625
v -0.0200928 0.0093223 -0.110625
v -0.019152 0.0093223 -0.110625
v -0.0193872 0.0093223 -0.110625
v -0.0193872 -0.000414521 -0.110625

#List of body polygons
f 1 2 3
f 1 3 4
f 5 6 2
f 5 2 1
f 7 8 6
f 7 6 5
f 9 10 8
f 9 8 7
f 11 12 10
f 11 10 9
f 13 14 12
f 13 12 11
f 15 16 14
f 15 14 13
f 17 18 16
f 17 16 15
f 19 20 18
f 19 18 17
f 21 22 20
f 21 20 19
f 23 24 22
f 23 22 21
f 25 26 24
f 25 24 23
f 27 28 26
f 27 26 25
f 29 30 28
f 29 28 27
f 31 32 30
f 31 30 29
f 33 34 32
f 33 32 31
f 35 36 34
f 35 34 33
f 37 38 36
f 37 36 35
f 39 40 38
f 39 38 37
f 41 42 40
f 41 40 39
f 43 44 42
f 43 42 41
f 45 46 44
f 45 44 43
f 47 48 46
f 47 46 45
f 49 50 48
f 49 48 47
f 51 52 50
f 51 50 49
f 53 54 52
f 53 52 51
f 55 56 54
f 55 54 53
f 57 58 56
f 57 56 55
f 60 58 61
f 60 62 58
f 61 57 63
f 61 58 57
f 65 62 66
f 65 67 62
f 62 60 66
f 69 67 70
f 69 71 67
f 67 65 70
f 71 72 73
f 71 69 72
f 2 266 267
f 2 267 3
f 6 268 266
f 6 266 2
f 8 269 268
f 8 268 6
f 10 270 269
f 10 269 8
f 12 271 270
f 12 270 10
f 14 272 271
f 14 271 12
f 16 273 272
f 16 272 14
f 18 274 273
f 18 273 16
f 20 275 274
f 20 274 18
f 22 276 275
f 22 275 20
f 24 277 276
f 24 276 22
f 26 278 277
f 26 277 24
f 28 279 278
f 28 278 26
f 30 280 279
f 30 279 28
f 32 281 280
f 32 280 30
f 34 282 281
f 34 281 32
f 36 283 282
f 36 282 34
f 38 284 283
f 38 283 36
f 40 285 284
f 40 284 38
f 42 286 285
f 42 285 40
f 44 287 286
f 44 286 42
f 46 288 287
f 46 287 44
f 48 289 288
f 48 288 46
f 50 290 289
f 50 289 48
f 52 291 290
f 52 290 50
f 54 292 291
f 54 291 52
f 56 293 292
f 56 292 54
f 58 294 293
f 58 293 56
f 62 295 294
f 62 294 58
f 67 296 295
f 67 295 62
f 71 297 296
f 71 296 67
f 298 297 299
f 298 300 297
f 299 71 73
f 299 297 71
f 301 300 302
f 301 303 300
f 300 298 302
f 304 303 305
f 304 306 303
f 303 301 305
f 307 306 308
f 307 309 306
f 306 304 308
f 310 309 311
f 310 312 309
f 309 307 311
f 313 312 314
f 313 315 312
f 312 310 314
f 316 315 317
f 316 318 315
f 315 313 317
f 318 319 320
f 318 316 319
f 266 427 428
f 266 428 267
f 268 429 427
f 268 427 266
f 269 430 429
f 269 429 268
f 270 431 430
f 270 430 269
f 271 432 431
f 271 431 270
f 272 433 432
f 272 432 271
f 273 434 433
f 273 433 272
f 274 435 434
f 274 434 273
f 275 436 435
f 275 435 274
f 276 437 436
f 276 436 275
f 277 438 437
f 277 437 276
f 278 439 438
f 278 438 277
f 279 440 439
f 279 439 278
f 280 441 440
f 280 440 279
f 281 442 441
f 281 441 280
f 282 443 442
f 282 442 281
f 283 444 443
f 283 443 282
f 284 445 444
f 284 444 283
f 285 446 445
f 285 445 284
f 286 447 446
f 286 446 285
f 287 448 447
f 287 447 286
f 288 449 448
f 288 448 287
f 289 450 449
f 289 449 288
f 290 451 450
f 290 450 289
f 291 452 451
f 291 451 290
f 292 453 452
f 292 452 291
f 293 454 453
f 293 453 292
f 294 455 454
f 294 454 293
f 295 456 455
f 295 455 294
f 296 457 456
f 296 456 295
f 297 458 457
f 297 457 296
f 300 459 458
f 300 458 297
f 303 460 459
f 303 459 300
f 306 461 460
f 306 460 303
f 309 462 461
f 309 461 306
f 312 463 462
f 312 462 309
f 315 464 463
f 315 463 312
f 318 465 464
f 318 464 315
f 466 465 467
f 466 468 465
f 467 318 320
f 467 465 318
f 469 468 470
f 469 471 468
f 468 466 470
f 472 471 473
f 472 474 471
f 471 469 473
f 475 474 476
f 475 477 474
f 474 472 476
f 478 477 479
f 478 480 477
f 477 475 479
f 481 480 482
f 481 483 480
f 480 478 482
f 483 484 485
f 483 481 484
f 551 552 553
f 556 551 557
f 556 558 551
f 551 553 557
f 427 559 560
f 427 560 428
f 429 561 559
f 429 559 427
f 430 562 561
f 430 561 429
f 431 563 562
f 431 562 430
f 432 564 563
f 432 563 431
f 433 565 564
f 433 564 432
f 434 566 565
f 434 565 433
f 435 567 566
f 435 566 434
f 436 568 567
f 436 567 435
f 437 569 568
f 437 568 436
f 438 570 569
f 438 569 437
f 439 571 570
f 439 570 438
f 440 572 571
f 440 571 439
f 441 573 572
f 441 572 440
f 442 574 573
f 442 573 441
f 443 575 574
f 443 574 442
f 444 576 575
f 444 575 443
f 445 577 576
f 445 576 444
f 446 578 577
f 446 577 445
f 447 579 578
f 447 578 446
f 448 580 579
f 448 579 447
f 449 581 580
f 449 580 448
f 450 582 581
f 450 581 449
f 451 583 582
f 451 582 450
f 452 584 583
f 452 583 451
f 453 585 584
f 453 584 452
f 454 586 585
f 454 585 453
f 455 587 586
f 455 586 454
f 456 588 587
f 456 587 455
f 457 589 588
f 457 588 456
f 458 590 589
f 458 589 457
f 459 591 590
f 459 590 458
f 460 592 591
f 460 591 459
f 461 593 592
f 461 592 460
f 462 594 593
f 462 593 461
f 463 595 594
f 463 594 462
f 464 596 595
f 464 595 463
f 465 597 596
f 465 596 464
f 468 598 597
f 468 597 465
f 471 599 598
f 471 598 468
f 474 600 599
f 474 599 471
f 477 601 600
f 477 600 474
f 480 602 601
f 480 601 477
f 483 603 602
f 483 602 480
f 604 603 605
f 604 606 603
f 605 483 485
f 605 603 483
f 607 606 608
f 607 609 606
f 606 604 608
f 610 609 611
f 610 612 609
f 609 607 611
f 612 613 614
f 612 610 613
f 675 677 676
f 675 551 677
f 552 551 675
f 558 678 677
f 558 677 551
f 559 679 680
f 559 680 560
f 561 681 679
f 561 679 559
f 562 682 681
f 562 681 561
f 563 683 682
f 563 682 562
f 564 684 683
f 564 683 563
f 565 685 684
f 565 684 564
f 566 686 685
f 566 685 565
f 567 687 686
f 567 686 566
f 568 688 687
f 568 687 567
f 569 689 688
f 569 688 568
f 570 690 689
f 570 689 569
f 571 691 690
f 571 690 570
f 572 692 691
f 572 691 571
f 573 693 692
f 573 692 572
f 574 694 693
f 574 693 573
f 575 695 694
f 575 694 574
f 576 696 695
f 576 695 575
f 577 697 696
f 577 696 576
f 578 698 697
f 578 697 577
f 579 699 698
f 579 698 578
f 580 700 699
f 580 699 579
f 581 701 700
f 581 700 580
f 582 702 701
f 582 701 581
f 583 703 702
f 583 702 582
f 584 704 703
f 584 703 583
f 585 705 704
f 585 704 584
f 586 706 705
f 586 705 585
f 587 707 706
f 587 706 586
f 588 708 707
f 588 707 587
f 589 709 708
f 589 708 588
f 590 710 709
f 590 709 589
f 591 711 710
f 591 710 590
f 592 712 711
f 592 711 591
f 593 713 712
f 593 712 592
f 594 714 713
f 594 713 593
f 595 715 714
f 595 714 594
f 596 716 715
f 596 715 595
f 597 717 716
f 597 716 596
f 598 718 717
f 598 717 597
f 599 719 718
f 599 718 598
f 600 720 719
f 600 719 599
f 601 721 720
f 601 720 600
f 602 722 721
f 602 721 601
f 603 723 722
f 603 722 602
f 606 724 723
f 606 723 603
f 609 725 724
f 609 724 606
f 612 726 725
f 612 725 609
f 727 726 728
f 727 729 726
f 728 612 614
f 728 726 612
f 729 730 731
f 729 727 730
f 789 791 790
f 789 677 791
f 677 789 676
f 678 792 791
f 678 791 677
f 679 793 794
f 679 794 680
f 681 795 793
f 681 793 679
f 682 796 795
f 682 795 681
f 683 797 796
f 683 796 682
f 684 798 797
f 684 797 683
f 685 799 798
f 685 798 684
f 686 800 799
f 686 799 685
f 687 801 800
f 687 800 686
f 688 802 801
f 688 801 687
f 689 803 802
f 689 802 688
f 690 804 803
f 690 803 689
f 691 805 804
f 691 804 690
f 692 806 805
f 692 805 691
f 693 807 806
f 693 806 692
f 694 808 807
f 694 807 693
f 695 809 808
f 695 808 694
f 696 810 809
f 696 809 695
f 697 811 810
f 697 810 696
f 698 812 811
f 698 811 697
f 699 813 812
f 699 812 698
f 700 814 813
f 700 813 699
f 701 815 814
f 701 814 700
f 702 816 815
f 702 815 701
f 703 817 816
f 703 816 702
f 704 818 817
f 704 817 703
f 705 819 818
f 705 818 704
f 706 820 819
f 706 819 705
f 707 821 820
f 707 820 706
f 708 822 821
f 708 821 707
f 709 823 822
f 709 822 708
f 710 824 823
f 710 823 709
f 711 825 824
f 711 824 710
f 712 826 825
f 712 825 711
f 713 827 826
f 713 826 712
f 714 828 827
f 714 827 713
f 715 829 828
f 715 828 714
f 716 830 829
f 716 829 715
f 717 831 830
f 717 830 716
f 718 832 831
f 718 831 717
f 719 833 832
f 719 832 718
f 720 834 833
f 720 833 719
f 721 835 834
f 721 834 720
f 722 836 835
f 722 835 721
f 723 837 836
f 723 836 722
f 724 838 837
f 724 837 723
f 725 839 838
f 725 838 724
f 726 840 839
f 726 839 725
f 842 729 843
f 842 840 729
f 729 840 726
f 729 731 843
f 902 903 901
f 902 791 903
f 791 902 790
f 792 904 903
f 792 903 791
f 793 905 906
f 793 906 794
f 795 907 905
f 795 905 793
f 796 908 907
f 796 907 795
f 797 909 908
f 797 908 796
f 798 910 909
f 798 909 797
f 799 911 910
f 799 910 798
f 800 912 911
f 800 911 799
f 801 913 912
f 801 912 800
f 802 914 913
f 802 913 801
f 803 915 914
f 803 914 802
f 804 916 915
f 804 915 803
f 805 917 916
f 805 916 804
f 806 918 917
f 806 917 805
f 807 919 918
f 807 918 806
f 808 920 919
f 808 919 807
f 809 921 920
f 809 920 808
f 810 922 921
f 810 921 809
f 811 923 922
f 811 922 810
f 812 924 923
f 812 923 811
f 813 925 924
f 813 924 812
f 814 926 925
f 814 925 813
f 815 927 926
f 815 926 814
f 816 928 927
f 816 927 815
f 817 929 928
f 817 928 816
f 818 930 929
f 818 929 817
f 819 931 930
f 819 930 818
f 820 932 931
f 820 931 819
f 821 933 932
f 821 932 820
f 822 934 933
f 822 933 821
f 823 935 934
f 823 934 822
f 824 936 935
f 824 935 823
f 825 937 936
f 825 936 824
f 826 938 937
f 826 937 825
f 827 939 938
f 827 938 826
f 828 940 939
f 828 939 827
f 829 941 940
f 829 940 828
f 830 942 941
f 830 941 829
f 831 943 942
f 831 942 830
f 832 944 943
f 832 943 831
f 833 945 944
f 833 944 832
f 834 946 945
f 834 945 833
f 835 947 946
f 835 946 834
f 836 948 947
f 836 947 835
f 837 949 948
f 837 948 836
f 951 838 952
f 951 949 838
f 838 949 837
f 839 953 954
f 952 839 954
f 952 838 839
f 840 956 957
f 953 840 957
f 953 839 840
f 840 842 956
f 1023 903 1022
f 903 1023 901
f 1024 1026 1025
f 1024 904 1026
f 1022 904 1024
f 1022 903 904
f 905 1027 1028
f 905 1028 906
f 907 1029 1027
f 907 1027 905
f 908 1030 1029
f 908 1029 907
f 909 1031 1030
f 909 1030 908
f 910 1032 1031
f 910 1031 909
f 911 1033 1032
f 911 1032 910
f 912 1034 1033
f 912 1033 911
f 913 1035 1034
f 913 1034 912
f 914 1036 1035
f 914 1035 913
f 915 1037 1036
f 915 1036 914
f 916 1038 1037
f 916 1037 915
f 917 1039 1038
f 917 1038 916
f 918 1040 1039
f 918 1039 917
f 919 1041 1040
f 919 1040 918
f 920 1042 1041
f 920 1041 919
f 921 1043 1042
f 921 1042 920
f 922 1044 1043
f 922 1043 921
f 923 1045 1044
f 923 1044 922
f 924 1046 1045
f 924 1045 923
f 925 1047 1046
f 925 1046 924
f 926 1048 1047
f 926 1047 925
f 927 1049 1048
f 927 1048 926
f 928 1050 1049
f 928 1049 927
f 929 1051 1050
f 929 1050 928
f 930 1052 1051
f 930 1051 929
f 931 1053 1052
f 931 1052 930
f 932 1054 1053
f 932 1053 931
f 933 1055 1054
f 933 1054 932
f 934 1056 1055
f 934 1055 933
f 935 1057 1056
f 935 1056 934
f 936 1058 1057
f 936 1057 935
f 937 1059 1058
f 937 1058 936
f 938 1060 1059
f 938 1059 937
f 939 1061 1060
f 939 1060 938
f 940 1062 1061
f 940 1061 939
f 941 1063 1062
f 941 1062 940
f 942 1064 1063
f 942 1063 941
f 943 1065 1064
f 943 1064 942
f 1067 944 1068
f 1067 1065 944
f 944 1065 943
f 945 1069 1070
f 1068 945 1070
f 1068 944 945
f 946 1072 1073
f 1069 946 1073
f 1069 945 946
f 947 1075 1076
f 1072 947 1076
f 1072 946 947
f 948 1078 1079
f 1075 948 1079
f 1075 947 948
f 949 1081 1082
f 1078 949 1082
f 1078 948 949
f 949 951 1081
f 1026 1154 1155
f 1026 1155 1025
f 1027 1167 1168
f 1027 1168 1028
f 1029 1169 1167
f 1029 1167 1027
f 1030 1170 1169
f 1030 1169 1029
f 1031 1171 1170
f 1031 1170 1030
f 1032 1172 1171
f 1032 1171 1031
f 1033 1173 1172
f 1033 1172 1032
f 1034 1174 1173
f 1034 1173 1033
f 1035 1175 1174
f 1035 1174 1034
f 1036 1176 1175
f 1036 1175 1035
f 1037 1177 1176
f 1037 1176 1036
f 1038 1178 1177
f 1038 1177 1037
f 1039 1179 1178
f 1039 1178 1038
f 1040 1180 1179
f 1040 1179 1039
f 1041 1181 1180
f 1041 1180 1040
f 1042 1182 1181
f 1042 1181 1041
f 1043 1183 1182
f 1043 1182 1042
f 1044 1184 1183
f 1044 1183 1043
f 1045 1185 1184
f 1045 1184 1044
f 1046 1186 1185
f 1046 1185 1045
f 1047 1187 1186
f 1047 1186 1046
f 1048 1188 1187
f 1048 1187 1047
f 1049 1189 1188
f 1049 1188 1048
f 1050 1190 1189
f 1050 1189 1049
f 1051 1191 1190
f 1051 1190 1050
f 1052 1192 1191
f 1052 1191 1051
f 1053 1193 1192
f 1053 1192 1052
f 1054 1194 1193
f 1054 1193 1053
f 1055 1195 1194
f 1055 1194 1054
f 1056 1196 1195
f 1056 1195 1055
f 1057 1197 1196
f 1057 1196 1056
f 1058 1198 1197
f 1058 1197 1057
f 1200 1059 1201
f 1200 1198 1059
f 1059 1198 1058
f 1060 1202 1203
f 1201 1060 1203
f 1201 1059 1060
f 1061 1205 1206
f 1202 1061 1206
f 1202 1060 1061
f 1062 1208 1209
f 1205 1062 1209
f 1205 1061 1062
f 1063 1211 1212
f 1208 1063 1212
f 1208 1062 1063
f 1064 1214 1215
f 1211 1064 1215
f 1211 1063 1064
f 1065 1217 1218
f 1214 1065 1218
f 1214 1064 1065
f 1065 1067 1217
f 1167 1319 1320
f 1167 1320 1168
f 1169 1321 1319
f 1169 1319 1167
f 1170 1322 1321
f 1170 1321 1169
f 1171 1323 1322
f 1171 1322 1170
f 1172 1324 1323
f 1172 1323 1171
f 1173 1325 1324
f 1173 1324 1172
f 1174 1326 1325
f 1174 1325 1173
f 1175 1327 1326
f 1175 1326 1174
f 1176 1328 1327
f 1176 1327 1175
f 1177 1329 1328
f 1177 1328 1176
f 1178 1330 1329
f 1178 1329 1177
f 1179 1331 1330
f 1179 1330 1178
f 1180 1332 1331
f 1180 1331 1179
f 1181 1333 1332
f 1181 1332 1180
f 1182 1334 1333
f 1182 1333 1181
f 1183 1335 1334
f 1183 1334 1182
f 1184 1336 1335
f 1184 1335 1183
f 1185 1337 1336
f 1185 1336 1184
f 1186 1338 1337
f 1186 1337 1185
f 1187 1339 1338
f 1187 1338 1186
f 1188 1340 1339
f 1188 1339 1187
f 1189 1341 1340
f 1189 1340 1188
f 1190 1342 1341
f 1190 1341 1189
f 1191 1343 1342
f 1191 1342 1190
f 1192 1344 1343
f 1192 1343 1191
f 1193 1345 1344
f 1193 1344 1192
f 1194 1346 1345
f 1194 1345 1193
f 1195 1347 1346
f 1195 1346 1194
f 1349 1196 1350
f 1349 1347 1196
f 1196 1347 1195
f 1197 1351 1352
f 1350 1197 1352
f 1350 1196 1197
f 1198 1354 1355
f 1351 1198 1355
f 1351 1197 1198
f 1198 1200 1354

#List of body polygons
f 59 60 61
f 59 61 63
f 64 65 66
f 60 64 66
f 60 59 64
f 68 69 70
f 65 68 70
f 65 64 68
f 72 74 73
f 72 75 74
f 69 75 72
f 69 68 75
f 76 77 74
f 76 74 75
f 78 79 77
f 78 77 76
f 80 81 79
f 80 79 78
f 82 83 81
f 82 81 80
f 84 85 83
f 84 83 82
f 86 87 85
f 86 85 84
f 88 89 87
f 88 87 86
f 90 91 89
f 90 89 88
f 92 93 91
f 92 91 90
f 94 95 93
f 94 93 92
f 96 97 95
f 96 95 94
f 98 99 97
f 98 97 96
f 100 101 99
f 100 99 98
f 102 103 101
f 102 101 100
f 104 105 103
f 104 103 102
f 106 107 105
f 106 105 104
f 108 109 107
f 108 107 106
f 110 111 109
f 110 109 108
f 112 113 111
f 112 111 110
f 114 115 113
f 114 113 112
f 116 117 115
f 116 115 114
f 118 119 117
f 118 117 116
f 120 121 119
f 120 119 118
f 122 123 121
f 122 121 120
f 124 125 123
f 124 123 122
f 126 127 125
f 126 125 124
f 128 129 127
f 128 127 126
f 130 131 129
f 130 129 128
f 132 133 131
f 132 131 130
f 134 135 133
f 134 133 132
f 136 137 135
f 136 135 134
f 138 139 137
f 138 137 136
f 140 141 139
f 140 139 138
f 142 143 141
f 142 141 140
f 144 145 143
f 144 143 142
f 146 147 145
f 146 145 144
f 148 149 147
f 148 147 146
f 151 149 152
f 151 153 149
f 152 148 154
f 152 149 148
f 156 153 157
f 156 158 153
f 153 151 157
f 160 158 161
f 160 162 158
f 158 156 161
f 164 162 165
f 164 166 162
f 162 160 165
f 168 166 169
f 168 170 166
f 166 164 169
f 172 170 173
f 172 174 170
f 170 168 173
f 176 174 177
f 176 178 174
f 174 172 177
f 180 178 181
f 180 182 178
f 178 176 181
f 184 182 185
f 184 186 182
f 182 180 185
f 188 186 189
f 188 190 186
f 186 184 189
f 192 190 193
f 192 194 190
f 190 188 193
f 196 194 197
f 196 198 194
f 194 192 197
f 198 199 200
f 198 196 199
f 74 298 299
f 74 299 73
f 77 301 302
f 298 77 302
f 298 74 77
f 79 304 305
f 301 79 305
f 301 77 79
f 81 307 308
f 304 81 308
f 304 79 81
f 83 310 311
f 307 83 311
f 307 81 83
f 85 313 314
f 310 85 314
f 310 83 85
f 87 316 317
f 313 87 317
f 313 85 87
f 319 321 320
f 319 89 321
f 316 89 319
f 316 87 89
f 91 322 321
f 91 321 89
f 93 323 322
f 93 322 91
f 95 324 323
f 95 323 93
f 97 325 324
f 97 324 95
f 99 326 325
f 99 325 97
f 101 327 326
f 101 326 99
f 103 328 327
f 103 327 101
f 105 329 328
f 105 328 103
f 107 330 329
f 107 329 105
f 109 331 330
f 109 330 107
f 111 332 331
f 111 331 109
f 113 333 332
f 113 332 111
f 115 334 333
f 115 333 113
f 117 335 334
f 117 334 115
f 119 336 335
f 119 335 117
f 121 337 336
f 121 336 119
f 123 338 337
f 123 337 121
f 125 339 338
f 125 338 123
f 127 340 339
f 127 339 125
f 129 341 340
f 129 340 127
f 131 342 341
f 131 341 129
f 133 343 342
f 133 342 131
f 135 344 343
f 135 343 133
f 137 345 344
f 137 344 135
f 139 346 345
f 139 345 137
f 141 347 346
f 141 346 139
f 143 348 347
f 143 347 141
f 145 349 348
f 145 348 143
f 147 350 349
f 147 349 145
f 149 351 350
f 149 350 147
f 153 352 351
f 153 351 149
f 158 353 352
f 158 352 153
f 162 354 353
f 162 353 158
f 166 355 354
f 166 354 162
f 170 356 355
f 170 355 166
f 174 357 356
f 174 356 170
f 178 358 357
f 178 357 174
f 182 359 358
f 182 358 178
f 186 360 359
f 186 359 182
f 190 361 360
f 190 360 186
f 194 362 361
f 194 361 190
f 198 363 362
f 198 362 194
f 364 363 365
f 364 366 363
f 365 198 200
f 365 363 198
f 367 366 368
f 367 369 366
f 366 364 368
f 370 369 371
f 370 372 369
f 369 367 371
f 373 372 374
f 373 375 372
f 372 370 374
f 376 375 377
f 376 378 375
f 375 373 377
f 379 378 380
f 379 381 378
f 378 376 380
f 382 381 383
f 382 384 381
f 381 379 383
f 385 384 386
f 385 387 384
f 384 382 386
f 388 387 389
f 388 390 387
f 387 385 389
f 391 390 392
f 391 393 390
f 390 388 392
f 394 393 395
f 394 396 393
f 393 391 395
f 397 396 398
f 397 399 396
f 396 394 398
f 399 400 401
f 399 397 400
f 424 425 426
f 321 466 467
f 321 467 320
f 322 469 470
f 466 322 470
f 466 321 322
f 323 472 473
f 469 323 473
f 469 322 323
f 324 475 476
f 472 324 476
f 472 323 324
f 325 478 479
f 475 325 479
f 475 324 325
f 326 481 482
f 478 326 482
f 478 325 326
f 484 486 485
f 484 327 486
f 481 327 484
f 481 326 327
f 328 487 486
f 328 486 327
f 329 488 487
f 329 487 328
f 330 489 488
f 330 488 329
f 331 490 489
f 331 489 330
f 332 491 490
f 332 490 331
f 333 492 491
f 333 491 332
f 334 493 492
f 334 492 333
f 335 494 493
f 335 493 334
f 336 495 494
f 336 494 335
f 337 496 495
f 337 495 336
f 338 497 496
f 338 496 337
f 339 498 497
f 339 497 338
f 340 499 498
f 340 498 339
f 341 500 499
f 341 499 340
f 342 501 500
f 342 500 341
f 343 502 501
f 343 501 342
f 344 503 502
f 344 502 343
f 345 504 503
f 345 503 344
f 346 505 504
f 346 504 345
f 347 506 505
f 347 505 346
f 348 507 506
f 348 506 347
f 349 508 507
f 349 507 348
f 350 509 508
f 350 508 349
f 351 510 509
f 351 509 350
f 352 511 510
f 352 510 351
f 353 512 511
f 353 511 352
f 354 513 512
f 354 512 353
f 355 514 513
f 355 513 354
f 356 515 514
f 356 514 355
f 357 516 515
f 357 515 356
f 358 517 516
f 358 516 357
f 359 518 517
f 359 517 358
f 360 519 518
f 360 518 359
f 361 520 519
f 361 519 360
f 362 521 520
f 362 520 361
f 363 522 521
f 363 521 362
f 366 523 522
f 366 522 363
f 369 524 523
f 369 523 366
f 372 525 524
f 372 524 369
f 375 526 525
f 375 525 372
f 378 527 526
f 378 526 375
f 381 528 527
f 381 527 378
f 384 529 528
f 384 528 381
f 387 530 529
f 387 529 384
f 390 531 530
f 390 530 387
f 393 532 531
f 393 531 390
f 396 533 532
f 396 532 393
f 399 534 533
f 399 533 396
f 535 534 536
f 535 537 534
f 536 399 401
f 536 534 399
f 537 538 539
f 537 535 538
f 552 554 553
f 552 555 554
f 424 556 557
f 553 424 557
f 553 425 424
f 553 554 425
f 486 604 605
f 486 605 485
f 487 607 608
f 604 487 608
f 604 486 487
f 488 610 611
f 607 488 611
f 607 487 488
f 613 615 614
f 613 489 615
f 610 489 613
f 610 488 489
f 490 616 615
f 490 615 489
f 491 617 616
f 491 616 490
f 492 618 617
f 492 617 491
f 493 619 618
f 493 618 492
f 494 620 619
f 494 619 493
f 495 621 620
f 495 620 494
f 496 622 621
f 496 621 495
f 497 623 622
f 497 622 496
f 498 624 623
f 498 623 497
f 499 625 624
f 499 624 498
f 500 626 625
f 500 625 499
f 501 627 626
f 501 626 500
f 502 628 627
f 502 627 501
f 503 629 628
f 503 628 502
f 504 630 629
f 504 629 503
f 505 631 630
f 505 630 504
f 506 632 631
f 506 631 505
f 507 633 632
f 507 632 506
f 508 634 633
f 508 633 507
f 509 635 634
f 509 634 508
f 510 636 635
f 510 635 509
f 511 637 636
f 511 636 510
f 512 638 637
f 512 637 511
f 513 639 638
f 513 638 512
f 514 640 639
f 514 639 513
f 515 641 640
f 515 640 514
f 516 642 641
f 516 641 515
f 517 643 642
f 517 642 516
f 518 644 643
f 518 643 517
f 519 645 644
f 519 644 518
f 520 646 645
f 520 645 519
f 521 647 646
f 521 646 520
f 522 648 647
f 522 647 521
f 523 649 648
f 523 648 522
f 524 650 649
f 524 649 523
f 525 651 650
f 525 650 524
f 526 652 651
f 526 651 525
f 527 653 652
f 527 652 526
f 528 654 653
f 528 653 527
f 529 655 654
f 529 654 528
f 530 656 655
f 530 655 529
f 531 657 656
f 531 656 530
f 532 658 657
f 532 657 531
f 533 659 658
f 533 658 532
f 534 660 659
f 534 659 533
f 537 661 660
f 537 660 534
f 661 662 663
f 662 537 539
f 662 661 537
f 672 673 674
f 672 675 676
f 555 672 674
f 555 675 672
f 555 552 675
f 615 727 728
f 615 728 614
f 730 732 731
f 730 616 732
f 727 616 730
f 727 615 616
f 617 733 732
f 617 732 616
f 618 734 733
f 618 733 617
f 619 735 734
f 619 734 618
f 620 736 735
f 620 735 619
f 621 737 736
f 621 736 620
f 622 738 737
f 622 737 621
f 623 739 738
f 623 738 622
f 624 740 739
f 624 739 623
f 625 741 740
f 625 740 624
f 626 742 741
f 626 741 625
f 627 743 742
f 627 742 626
f 628 744 743
f 628 743 627
f 629 745 744
f 629 744 628
f 630 746 745
f 630 745 629
f 631 747 746
f 631 746 630
f 632 748 747
f 632 747 631
f 633 749 748
f 633 748 632
f 634 750 749
f 634 749 633
f 635 751 750
f 635 750 634
f 636 752 751
f 636 751 635
f 637 753 752
f 637 752 636
f 638 754 753
f 638 753 637
f 639 755 754
f 639 754 638
f 640 756 755
f 640 755 639
f 641 757 756
f 641 756 640
f 642 758 757
f 642 757 641
f 643 759 758
f 643 758 642
f 644 760 759
f 644 759 643
f 645 761 760
f 645 760 644
f 646 762 761
f 646 761 645
f 647 763 762
f 647 762 646
f 648 764 763
f 648 763 647
f 649 765 764
f 649 764 648
f 650 766 765
f 650 765 649
f 651 767 766
f 651 766 650
f 652 768 767
f 652 767 651
f 653 769 768
f 653 768 652
f 654 770 769
f 654 769 653
f 655 771 770
f 655 770 654
f 656 772 771
f 656 771 655
f 657 773 772
f 657 772 656
f 658 774 773
f 658 773 657
f 659 775 774
f 659 774 658
f 660 776 775
f 660 775 659
f 661 777 776
f 661 776 660
f 778 777 779
f 778 780 777
f 779 661 663
f 779 777 661
f 780 781 782
f 780 778 781
f 786 788 787
f 786 672 788
f 672 786 673
f 788 789 790
f 789 672 676
f 789 788 672
f 841 842 843
f 732 844 841
f 731 841 843
f 731 732 841
f 733 845 844
f 733 844 732
f 734 846 845
f 734 845 733
f 735 847 846
f 735 846 734
f 736 848 847
f 736 847 735
f 737 849 848
f 737 848 736
f 738 850 849
f 738 849 737
f 739 851 850
f 739 850 738
f 740 852 851
f 740 851 739
f 741 853 852
f 741 852 740
f 742 854 853
f 742 853 741
f 743 855 854
f 743 854 742
f 744 856 855
f 744 855 743
f 745 857 856
f 745 856 744
f 746 858 857
f 746 857 745
f 747 859 858
f 747 858 746
f 748 860 859
f 748 859 747
f 749 861 860
f 749 860 748
f 750 862 861
f 750 861 749
f 751 863 862
f 751 862 750
f 752 864 863
f 752 863 751
f 753 865 864
f 753 864 752
f 754 866 865
f 754 865 753
f 755 867 866
f 755 866 754
f 756 868 867
f 756 867 755
f 757 869 868
f 757 868 756
f 758 870 869
f 758 869 757
f 759 871 870
f 759 870 758
f 760 872 871
f 760 871 759
f 761 873 872
f 761 872 760
f 762 874 873
f 762 873 761
f 763 875 874
f 763 874 762
f 764 876 875
f 764 875 763
f 765 877 876
f 765 876 764
f 766 878 877
f 766 877 765
f 767 879 878
f 767 878 766
f 768 880 879
f 768 879 767
f 769 881 880
f 769 880 768
f 770 882 881
f 770 881 769
f 771 883 882
f 771 882 770
f 772 884 883
f 772 883 771
f 773 885 884
f 773 884 772
f 774 886 885
f 774 885 773
f 775 887 886
f 775 886 774
f 776 888 887
f 776 887 775
f 777 889 888
f 777 888 776
f 891 780 892
f 891 889 780
f 780 889 777
f 780 782 892
f 788 896 897
f 788 897 787
f 899 901 900
f 899 902 901
f 902 788 790
f 902 896 788
f 902 899 896
f 950 951 952
f 953 950 954
f 953 955 950
f 950 952 954
f 956 955 957
f 956 958 955
f 955 953 957
f 841 959 958
f 842 958 956
f 842 841 958
f 844 960 959
f 844 959 841
f 845 961 960
f 845 960 844
f 846 962 961
f 846 961 845
f 847 963 962
f 847 962 846
f 848 964 963
f 848 963 847
f 849 965 964
f 849 964 848
f 850 966 965
f 850 965 849
f 851 967 966
f 851 966 850
f 852 968 967
f 852 967 851
f 853 969 968
f 853 968 852
f 854 970 969
f 854 969 853
f 855 971 970
f 855 970 854
f 856 972 971
f 856 971 855
f 857 973 972
f 857 972 856
f 858 974 973
f 858 973 857
f 859 975 974
f 859 974 858
f 860 976 975
f 860 975 859
f 861 977 976
f 861 976 860
f 862 978 977
f 862 977 861
f 863 979 978
f 863 978 862
f 864 980 979
f 864 979 863
f 865 981 980
f 865 980 864
f 866 982 981
f 866 981 865
f 867 983 982
f 867 982 866
f 868 984 983
f 868 983 867
f 869 985 984
f 869 984 868
f 870 986 985
f 870 985 869
f 871 987 986
f 871 986 870
f 872 988 987
f 872 987 871
f 873 989 988
f 873 988 872
f 874 990 989
f 874 989 873
f 875 991 990
f 875 990 874
f 876 992 991
f 876 991 875
f 877 993 992
f 877 992 876
f 878 994 993
f 878 993 877
f 879 995 994
f 879 994 878
f 880 996 995
f 880 995 879
f 881 997 996
f 881 996 880
f 882 998 997
f 882 997 881
f 883 999 998
f 883 998 882
f 884 1000 999
f 884 999 883
f 885 1001 1000
f 885 1000 884
f 886 1002 1001
f 886 1001 885
f 887 1003 1002
f 887 1002 886
f 888 1004 1003
f 888 1003 887
f 889 1005 1004
f 889 1004 888
f 1005 1006 1007
f 1006 889 891
f 1006 1005 889
f 1020 1021 1019
f 1020 1022 1021
f 1020 1023 1022
f 1023 900 901
f 1023 1020 900
f 1021 1024 1025
f 1021 1022 1024
f 1066 1067 1068
f 1069 1066 1070
f 1069 1071 1066
f 1066 1068 1070
f 1072 1071 1073
f 1072 1074 1071
f 1071 1069 1073
f 1075 1074 1076
f 1075 1077 1074
f 1074 1072 1076
f 1078 1077 1079
f 1078 1080 1077
f 1077 1075 1079
f 1081 1080 1082
f 1081 1083 1080
f 1080 1078 1082
f 950 1084 1083
f 951 1083 1081
f 951 950 1083
f 955 1085 1084
f 955 1084 950
f 958 1086 1085
f 958 1085 955
f 959 1087 1086
f 959 1086 958
f 960 1088 1087
f 960 1087 959
f 961 1089 1088
f 961 1088 960
f 962 1090 1089
f 962 1089 961
f 963 1091 1090
f 963 1090 962
f 964 1092 1091
f 964 1091 963
f 965 1093 1092
f 965 1092 964
f 966 1094 1093
f 966 1093 965
f 967 1095 1094
f 967 1094 966
f 968 1096 1095
f 968 1095 967
f 969 1097 1096
f 969 1096 968
f 970 1098 1097
f 970 1097 969
f 971 1099 1098
f 971 1098 970
f 972 1100 1099
f 972 1099 971
f 973 1101 1100
f 973 1100 972
f 974 1102 1101
f 974 1101 973
f 975 1103 1102
f 975 1102 974
f 976 1104 1103
f 976 1103 975
f 977 1105 1104
f 977 1104 976
f 978 1106 1105
f 978 1105 977
f 979 1107 1106
f 979 1106 978
f 980 1108 1107
f 980 1107 979
f 981 1109 1108
f 981 1108 980
f 982 1110 1109
f 982 1109 981
f 983 1111 1110
f 983 1110 982
f 984 1112 1111
f 984 1111 983
f 985 1113 1112
f 985 1112 984
f 986 1114 1113
f 986 1113 985
f 987 1115 1114
f 987 1114 986
f 988 1116 1115
f 988 1115 987
f 989 1117 1116
f 989 1116 988
f 990 1118 1117
f 990 1117 989
f 991 1119 1118
f 991 1118 990
f 992 1120 1119
f 992 1119 991
f 993 1121 1120
f 993 1120 992
f 994 1122 1121
f 994 1121 993
f 995 1123 1122
f 995 1122 994
f 996 1124 1123
f 996 1123 995
f 997 1125 1124
f 997 1124 996
f 998 1126 1125
f 998 1125 997
f 999 1127 1126
f 999 1126 998
f 1000 1128 1127
f 1000 1127 999
f 1001 1129 1128
f 1001 1128 1000
f 1002 1130 1129
f 1002 1129 1001
f 1003 1131 1130
f 1003 1130 1002
f 1004 1132 1131
f 1004 1131 1003
f 1134 1005 1135
f 1134 1132 1005
f 1005 1132 1004
f 1005 1007 1135
f 1021 1145 1146
f 1021 1146 1019
f 1154 1156 1155
f 1154 1157 1156
f 1155 1021 1025
f 1155 1145 1021
f 1155 1156 1145
f 1199 1200 1201
f 1202 1199 1203
f 1202 1204 1199
f 1199 1201 1203
f 1205 1204 1206
f 1205 1207 1204
f 1204 1202 1206
f 1208 1207 1209
f 1208 1210 1207
f 1207 1205 1209
f 1211 1210 1212
f 1211 1213 1210
f 1210 1208 1212
f 1214 1213 1215
f 1214 1216 1213
f 1213 1211 1215
f 1217 1216 1218
f 1217 1219 1216
f 1216 1214 1218
f 1066 1220 1219
f 1067 1219 1217
f 1067 1066 1219
f 1071 1221 1220
f 1071 1220 1066
f 1074 1222 1221
f 1074 1221 1071
f 1077 1223 1222
f 1077 1222 1074
f 1080 1224 1223
f 1080 1223 1077
f 1083 1225 1224
f 1083 1224 1080
f 1084 1226 1225
f 1084 1225 1083
f 1085 1227 1226
f 1085 1226 1084
f 1086 1228 1227
f 1086 1227 1085
f 1087 1229 1228
f 1087 1228 1086
f 1088 1230 1229
f 1088 1229 1087
f 1089 1231 1230
f 1089 1230 1088
f 1090 1232 1231
f 1090 1231 1089
f 1091 1233 1232
f 1091 1232 1090
f 1092 1234 1233
f 1092 1233 1091
f 1093 1235 1234
f 1093 1234 1092
f 1094 1236 1235
f 1094 1235 1093
f 1095 1237 1236
f 1095 1236 1094
f 1096 1238 1237
f 1096 1237 1095
f 1097 1239 1238
f 1097 1238 1096
f 1098 1240 1239
f 1098 1239 1097
f 1099 1241 1240
f 1099 1240 1098
f 1100 1242 1241
f 1100 1241 1099
f 1101 1243 1242
f 1101 1242 1100
f 1102 1244 1243
f 1102 1243 1101
f 1103 1245 1244
f 1103 1244 1102
f 1104 1246 1245
f 1104 1245 1103
f 1105 1247 1246
f 1105 1246 1104
f 1106 1248 1247
f 1106 1247 1105
f 1107 1249 1248
f 1107 1248 1106
f 1108 1250 1249
f 1108 1249 1107
f 1109 1251 1250
f 1109 1250 1108
f 1110 1252 1251
f 1110 1251 1109
f 1111 1253 1252
f 1111 1252 1110
f 1112 1254 1253
f 1112 1253 1111
f 1113 1255 1254
f 1113 1254 1112
f 1114 1256 1255
f 1114 1255 1113
f 1115 1257 1256
f 1115 1256 1114
f 1116 1258 1257
f 1116 1257 1115
f 1117 1259 1258
f 1117 1258 1116
f 1118 1260 1259
f 1118 1259 1117
f 1119 1261 1260
f 1119 1260 1118
f 1120 1262 1261
f 1120 1261 1119
f 1264 1121 1265
f 1264 1262 1121
f 1121 1262 1120
f 1122 1266 1267
f 1265 1122 1267
f 1265 1121 1122
f 1123 1269 1270
f 1266 1123 1270
f 1266 1122 1123
f 1124 1272 1273
f 1269 1124 1273
f 1269 1123 1124
f 1125 1275 1276
f 1272 1125 1276
f 1272 1124 1125
f 1126 1278 1279
f 1275 1126 1279
f 1275 1125 1126
f 1127 1281 1282
f 1278 1127 1282
f 1278 1126 1127
f 1128 1284 1285
f 1281 1128 1285
f 1281 1127 1128
f 1129 1287 1288
f 1284 1129 1288
f 1284 1128 1129
f 1130 1290 1291
f 1287 1130 1291
f 1287 1129 1130
f 1131 1293 1294
f 1290 1131 1294
f 1290 1130 1131
f 1132 1296 1297
f 1293 1132 1297
f 1293 1131 1132
f 1132 1134 1296
f 1348 1349 1350
f 1351 1348 1352
f 1351 1353 1348
f 1348 1350 1352
f 1354 1353 1355
f 1354 1356 1353
f 1353 1351 1355
f 1199 1357 1356
f 1200 1356 1354
f 1200 1199 1356
f 1204 1358 1357
f 1204 1357 1199
f 1207 1359 1358
f 1207 1358 1204
f 1210 1360 1359
f 1210 1359 1207
f 1213 1361 1360
f 1213 1360 1210
f 1216 1362 1361
f 1216 1361 1213
f 1219 1363 1362
f 1219 1362 1216
f 1220 1364 1363
f 1220 1363 1219
f 1221 1365 1364
f 1221 1364 1220
f 1222 1366 1365
f 1222 1365 1221
f 1223 1367 1366
f 1223 1366 1222
f 1224 1368 1367
f 1224 1367 1223
f 1225 1369 1368
f 1225 1368 1224
f 1226 1370 1369
f 1226 1369 1225
f 1227 1371 1370
f 1227 1370 1226
f 1228 1372 1371
f 1228 1371 1227
f 1229 1373 1372
f 1229 1372 1228
f 1230 1374 1373
f 1230 1373 1229
f 1231 1375 1374
f 1231 1374 1230
f 1232 1376 1375
f 1232 1375 1231
f 1233 1377 1376
f 1233 1376 1232
f 1234 1378 1377
f 1234 1377 1233
f 1235 1379 1378
f 1235 1378 1234
f 1236 1380 1379
f 1236 1379 1235
f 1237 1381 1380
f 1237 1380 1236
f 1238 1382 1381
f 1238 1381 1237
f 1239 1383 1382
f 1239 1382 1238
f 1240 1384 1383
f 1240 1383 1239
f 1241 1385 1384
f 1241 1384 1240
f 1242 1386 1385
f 1242 1385 1241
f 1243 1387 1386
f 1243 1386 1242
f 1244 1388 1387
f 1244 1387 1243
f 1245 1389 1388
f 1245 1388 1244
f 1246 1390 1389
f 1246 1389 1245
f 1247 1391 1390
f 1247 1390 1246
f 1248 1392 1391
f 1248 1391 1247
f 1249 1393 1392
f 1249 1392 1248
f 1250 1394 1393
f 1250 1393 1249
f 1396 1251 1397
f 1396 1394 1251
f 1251 1394 1250
f 1252 1398 1399
f 1397 1252 1399
f 1397 1251 1252
f 1253 1401 1402
f 1398 1253 1402
f 1398 1252 1253
f 1254 1404 1405
f 1401 1254 1405
f 1401 1253 1254
f 1255 1407 1408
f 1404 1255 1408
f 1404 1254 1255
f 1256 1410 1411
f 1407 1256 1411
f 1407 1255 1256
f 1257 1413 1414
f 1410 1257 1414
f 1410 1256 1257
f 1258 1416 1417
f 1413 1258 1417
f 1413 1257 1258
f 1259 1419 1420
f 1416 1259 1420
f 1416 1258 1259
f 1260 1422 1423
f 1419 1260 1423
f 1419 1259 1260
f 1261 1425 1426
f 1422 1261 1426
f 1422 1260 1261
f 1262 1428 1429
f 1425 1262 1429
f 1425 1261 1262
f 1262 1264 1428

#List of body polygons
f 150 151 152
f 150 152 154
f 155 156 157
f 151 155 157
f 151 150 155
f 159 160 161
f 156 159 161
f 156 155 159
f 163 164 165
f 160 163 165
f 160 159 163
f 167 168 169
f 164 167 169
f 164 163 167
f 171 172 173
f 168 171 173
f 168 167 171
f 175 176 177
f 172 175 177
f 172 171 175
f 179 180 181
f 176 179 181
f 176 175 179
f 183 184 185
f 180 183 185
f 180 179 183
f 187 188 189
f 184 187 189
f 184 183 187
f 191 192 193
f 188 191 193
f 188 187 191
f 195 196 197
f 192 195 197
f 192 191 195
f 199 201 200
f 199 202 201
f 196 202 199
f 196 195 202
f 203 204 201
f 203 201 202
f 205 206 204
f 205 204 203
f 207 208 206
f 207 206 205
f 209 210 208
f 209 208 207
f 211 212 210
f 211 210 209
f 213 214 212
f 213 212 211
f 215 216 214
f 215 214 213
f 217 218 216
f 217 216 215
f 219 220 218
f 219 218 217
f 221 222 220
f 221 220 219
f 223 224 222
f 223 222 221
f 225 226 224
f 225 224 223
f 227 228 226
f 227 226 225
f 230 232 231
f 230 228 232
f 232 228 227
f 232 235 231
f 201 364 365
f 201 365 200
f 204 367 368
f 364 204 368
f 364 201 204
f 206 370 371
f 367 206 371
f 367 204 206
f 208 373 374
f 370 208 374
f 370 206 208
f 210 376 377
f 373 210 377
f 373 208 210
f 212 379 380
f 376 212 380
f 376 210 212
f 214 382 383
f 379 214 383
f 379 212 214
f 216 385 386
f 382 216 386
f 382 214 216
f 218 388 389
f 385 218 389
f 385 216 218
f 220 391 392
f 388 220 392
f 388 218 220
f 222 394 395
f 391 222 395
f 391 220 222
f 224 397 398
f 394 224 398
f 394 222 224
f 400 402 401
f 400 226 402
f 397 226 400
f 397 224 226
f 228 403 402
f 228 402 226
f 404 403 405
f 404 406 403
f 405 228 230
f 405 403 228
f 406 407 408
f 406 404 407
f 421 422 420
f 425 261 426
f 425 422 261
f 261 422 248
f 402 535 536
f 402 536 401
f 538 540 539
f 538 403 540
f 535 403 538
f 535 402 403
f 406 541 540
f 406 540 403
f 541 542 543
f 542 406 408
f 542 541 406
f 548 549 550
f 555 422 554
f 555 548 422
f 420 548 550
f 420 422 548
f 554 422 425
f 662 664 663
f 662 540 664
f 540 662 539
f 541 665 664
f 541 664 540
f 666 665 667
f 666 668 665
f 667 541 543
f 667 665 541
f 669 668 670
f 669 671 668
f 668 666 670
f 673 548 674
f 673 671 548
f 549 671 669
f 549 548 671
f 548 555 674
f 664 778 779
f 664 779 663
f 781 783 782
f 781 665 783
f 778 665 781
f 778 664 665
f 668 784 783
f 668 783 665
f 671 785 784
f 671 784 668
f 785 786 787
f 786 671 673
f 786 785 671
f 890 891 892
f 783 893 890
f 782 890 892
f 782 783 890
f 784 894 893
f 784 893 783
f 785 895 894
f 785 894 784
f 896 895 897
f 896 898 895
f 897 785 787
f 897 895 785
f 898 899 900
f 899 898 896
f 1006 1008 1007
f 1006 890 1008
f 890 1006 891
f 893 1009 1008
f 893 1008 890
f 894 1010 1009
f 894 1009 893
f 1012 895 1013
f 1012 1010 895
f 895 1010 894
f 898 1014 1015
f 1013 898 1015
f 1013 895 898
f 1017 1019 1018
f 1017 1020 1019
f 1020 898 900
f 1020 1014 898
f 1020 1017 1014
f 1133 1134 1135
f 1008 1136 1133
f 1007 1133 1135
f 1007 1008 1133
f 1009 1137 1136
f 1009 1136 1008
f 1139 1010 1140
f 1139 1137 1010
f 1010 1137 1009
f 1010 1012 1140
f 1145 1147 1146
f 1145 1148 1147
f 1146 1018 1019
f 1146 1147 1018
f 1157 1158 1156
f 1157 1159 1158
f 1156 1148 1145
f 1156 1158 1148
f 1263 1264 1265
f 1266 1263 1267
f 1266 1268 1263
f 1263 1265 1267
f 1269 1268 1270
f 1269 1271 1268
f 1268 1266 1270
f 1272 1271 1273
f 1272 1274 1271
f 1271 1269 1273
f 1275 1274 1276
f 1275 1277 1274
f 1274 1272 1276
f 1278 1277 1279
f 1278 1280 1277
f 1277 1275 1279
f 1281 1280 1282
f 1281 1283 1280
f 1280 1278 1282
f 1284 1283 1285
f 1284 1286 1283
f 1283 1281 1285
f 1287 1286 1288
f 1287 1289 1286
f 1286 1284 1288
f 1290 1289 1291
f 1290 1292 1289
f 1289 1287 1291
f 1293 1292 1294
f 1293 1295 1292
f 1292 1290 1294
f 1296 1295 1297
f 1296 1298 1295
f 1295 1293 1297
f 1133 1299 1298
f 1134 1298 1296
f 1134 1133 1298
f 1136 1300 1299
f 1136 1299 1133
f 1137 1301 1300
f 1137 1300 1136
f 1301 1302 1303
f 1302 1137 1139
f 1302 1301 1137
f 1395 1396 1397
f 1398 1395 1399
f 1398 1400 1395
f 1395 1397 1399
f 1401 1400 1402
f 1401 1403 1400
f 1400 1398 1402
f 1404 1403 1405
f 1404 1406 1403
f 1403 1401 1405
f 1407 1406 1408
f 1407 1409 1406
f 1406 1404 1408
f 1410 1409 1411
f 1410 1412 1409
f 1409 1407 1411
f 1413 1412 1414
f 1413 1415 1412
f 1412 1410 1414
f 1416 1415 1417
f 1416 1418 1415
f 1415 1413 1417
f 1419 1418 1420
f 1419 1421 1418
f 1418 1416 1420
f 1422 1421 1423
f 1422 1424 1421
f 1421 1419 1423
f 1425 1424 1426
f 1425 1427 1424
f 1424 1422 1426
f 1428 1427 1429
f 1428 1430 1427
f 1427 1425 1429
f 1263 1431 1430
f 1264 1430 1428
f 1264 1263 1430
f 1268 1432 1431
f 1268 1431 1263
f 1271 1433 1432
f 1271 1432 1268
f 1274 1434 1433
f 1274 1433 1271
f 1277 1435 1434
f 1277 1434 1274
f 1280 1436 1435
f 1280 1435 1277
f 1283 1437 1436
f 1283 1436 1280
f 1286 1438 1437
f 1286 1437 1283
f 1289 1439 1438
f 1289 1438 1286
f 1292 1440 1439
f 1292 1439 1289
f 1295 1441 1440
f 1295 1440 1292
f 1298 1442 1441
f 1298 1441 1295
f 1299 1443 1442
f 1299 1442 1298
f 1300 1444 1443
f 1300 1443 1299
f 1301 1445 1444
f 1301 1444 1300
f 1445 1446 1447
f 1446 1301 1303
f 1446 1445 1301

#List of body polygons
f 229 230 231
f 233 234 229
f 235 229 231
f 235 233 229
f 234 236 237
f 236 233 240
f 236 234 233
f 229 404 405
f 229 405 230
f 407 409 408
f 407 234 409
f 404 234 407
f 404 229 234
f 409 410 411
f 410 234 237
f 410 409 234
f 416 417 415
f 418 417 419
f 418 420 417
f 418 421 420
f 417 416 419
f 542 544 543
f 542 409 544
f 409 542 408
f 545 544 546
f 545 547 544
f 546 409 411
f 546 544 409
f 549 417 550
f 549 547 417
f 415 547 545
f 415 417 547
f 417 420 550
f 544 666 667
f 544 667 543
f 547 669 670
f 666 547 670
f 666 544 547
f 547 549 669
f 1011 1012 1013
f 1014 1011 1015
f 1014 1016 1011
f 1011 1013 1015
f 1016 1017 1018
f 1017 1016 1014
f 1138 1139 1140
f 1011 1141 1138
f 1012 1138 1140
f 1012 1011 1138
f 1143 1016 1144
f 1143 1141 1016
f 1016 1141 1011
f 1148 1149 1147
f 1148 1150 1149
f 1147 1016 1018
f 1147 1144 1016
f 1147 1149 1144
f 1159 1160 1158
f 1159 1161 1160
f 1158 1150 1148
f 1158 1160 1150
f 1302 1304 1303
f 1302 1138 1304
f 1138 1302 1139
f 1141 1305 1304
f 1141 1304 1138
f 1305 1306 1307
f 1306 1141 1143
f 1306 1305 1141
f 1446 1448 1447
f 1446 1304 1448
f 1304 1446 1303
f 1305 1449 1448
f 1305 1448 1304
f 1449 1450 1451
f 1450 1305 1307
f 1450 1449 1305

#List of body polygons
f 236 238 237
f 236 239 238
f 239 236 240
f 238 241 242
f 241 239 245
f 241 238 239
f 410 412 411
f 410 238 412
f 238 410 237
f 413 412 414
f 413 415 412
f 413 416 415
f 414 238 242
f 414 412 238
f 248 418 419
f 416 248 419
f 416 423 248
f 416 413 423
f 412 545 546
f 412 546 411
f 412 415 545
f 1142 1143 1144
f 1150 1142 1149
f 1150 1151 1142
f 1150 1152 1151
f 1149 1142 1144
f 1161 1162 1160
f 1161 1163 1162
f 1160 1152 1150
f 1160 1162 1152
f 1306 1308 1307
f 1306 1142 1308
f 1142 1306 1143
f 1313 1308 1312
f 1312 1142 1151
f 1312 1308 1142
f 1450 1452 1451
f 1450 1308 1452
f 1308 1450 1307
f 1452 1453 1454
f 1453 1308 1313
f 1453 1452 1308

#List of body polygons
f 241 243 242
f 241 244 243
f 244 241 245
f 243 246 247
f 246 244 259
f 246 243 244
f 243 413 414
f 243 414 242
f 413 243 423
f 1152 1153 1151
f 1163 1153 1162
f 1163 1164 1153
f 1163 1165 1164
f 1162 1153 1152
f 1310 1153 1311
f 1310 1312 1153
f 1310 1313 1312
f 1153 1312 1151
f 1153 1164 1311
f 1453 1455 1454
f 1453 1456 1455
f 1453 1457 1456
f 1457 1313 1310
f 1457 1453 1313
f 1455 1458 1459
f 1458 1455 1456

#List of body polygons
f 246 248 247
f 246 249 248
f 246 250 249
f 250 259 258
f 250 246 259
f 1165 1166 1164
f 1309 1310 1311
f 1318 1166 1317
f 1318 1309 1166
f 1164 1309 1311
f 1164 1166 1309
f 1457 1309 1456
f 1309 1457 1310
f 1458 1460 1459
f 1458 1461 1460
f 1458 1462 1461
f 1462 1309 1318
f 1462 1456 1309
f 1462 1458 1456

#List of body polygons
f 250 251 249
f 250 252 251
f 252 258 257
f 252 250 258
f 1315 1317 1316
f 1315 1318 1317
f 1462 1463 1461
f 1462 1464 1463
f 1464 1318 1315
f 1464 1462 1318

#List of body polygons
f 252 253 251
f 252 254 253
f 254 257 256
f 254 252 257
f 1314 1315 1316
f 1464 1314 1463
f 1314 1464 1315

#List of body polygons
f 254 255 253
f 255 254 256
f 255 262 263

#List of body polygons
f 260 261 248
f 265 248 264
f 265 260 248

#List of body polygons
f 262 264 263
f 262 265 264

#List of body lines
l 1465 1466
l 1466 1467
l 1467 1468
l 1468 1469
l 1469 1470
l 1470 1471
l 1471 1472
l 1472 1473
l 1473 1474
l 1474 1475
l 1466 1476
l 1476 1477
l 1477 1467
l 1467 1478
l 1478 1469
l 1469 1479
l 1479 1471
l 1471 1480
l 1480 1473
l 1473 1481
l 1481 1482
l 1482 1474
l 1476 1483
l 1483 1484
l 1484 1477
l 1477 1485
l 1485 1478
l 1478 1486
l 1486 1479
l 1479 1487
l 1487 1480
l 1480 1488
l 1488 1481
l 1481 1489
l 1489 1490
l 1490 1482
l 1483 1491
l 1491 1492
l 1492 1484
l 1484 1493
l 1493 1485
l 1485 1494
l 1494 1486
l 1486 1495
l 1495 1487
l 1487 1496
l 1496 1488
l 1488 1497
l 1497 1489
l 1489 1498
l 1498 1499
l 1499 1490
l 1491 1500
l 1500 1501
l 1501 1492
l 1492 1502
l 1502 1493
l 1493 1503
l 1503 1494
l 1494 1504
l 1504 1495
l 1495 1505
l 1505 1496
l 1496 1506
l 1506 1497
l 1497 1507
l 1507 1498
l 1498 1508
l 1508 1509
l 1509 1499
l 1500 1510
l 1510 1511
l 1511 1501
l 1501 1512
l 1512 1502
l 1502 1513
l 1513 1503
l 1503 1514
l 1514 1504
l 1504 1515
l 1515 1505
l 1505 1516
l 1516 1506
l 1506 1517
l 1517 1507
l 1507 1518
l 1518 1508
l 1508 1519
l 1519 1520
l 1520 1509
l 1510 1521
l 1521 1522
l 1522 1511
l 1511 1523
l 1523 1512
l 1512 1524
l 1524 1513
l 1513 1525
l 1525 1514
l 1514 1526
l 1526 1515
l 1515 1527
l 1527 1516
l 1516 1528
l 1528 1517
l 1517 1529
l 1529 1518
l 1518 1530
l 1530 1519
l 1519 1531
l 1531 1532
l 1532 1520
l 1522 1533
l 1533 1523
l 1523 1534
l 1534 1524
l 1524 1535
l 1535 1525
l 1525 1536
l 1536 1526
l 1526 1537
l 1537 1527
l 1527 1538
l 1538 1528
l 1528 1539
l 1539 1529
l 1529 1540
l 1540 1530
l 1530 1541
l 1541 1531
l 1531 1542
l 1542 1543
l 1543 1532
l 1533 1544
l 1544 1534
l 1534 1545
l 1545 1535
l 1535 1546
l 1546 1536
l 1536 1547
l 1547 1537
l 1537 1548
l 1548 1538
l 1538 1549
l 1549 1539
l 1539 1550
l 1550 1540
l 1540 1551
l 1551 1541
l 1541 1552
l 1552 1542
l 1542 1553
l 1553 1554
l 1554 1543
l 1544 1555
l 1555 1545
l 1545 1556
l 1556 1546
l 1546 1557
l 1557 1547
l 1547 1558
l 1558 1548
l 1548 1559
l 1559 1549
l 1549 1560
l 1560 1550
l 1550 1561
l 1561 1551
l 1551 1562
l 1562 1552
l 1552 1563
l 1563 1553
l 1553 1564
l 1564 1565
l 1565 1554
l 1555 1566
l 1566 1556
l 1556 1567
l 1567 1557
l 1557 1568
l 1568 1558
l 1558 1569
l 1569 1559
l 1559 1570
l 1570 1560
l 1560 1571
l 1571 1561
l 1561 1572
l 1572 1562
l 1562 1573
l 1573 1563
l 1563 1574
l 1574 1564
l 1564 1575
l 1575 1576
l 1576 1565
l 1566 1577
l 1577 1567
l 1567 1578
l 1578 1568
l 1568 1579
l 1579 1569
l 1569 1580
l 1580 1570
l 1570 1581
l 1581 1571
l 1571 1582
l 1582 1572
l 1572 1583
l 1583 1573
l 1573 1584
l 1584 1574
l 1574 1585
l 1585 1575
l 1575 1586
l 1586 1587
l 1587 1576
l 1577 1588
l 1588 1578
l 1578 1589
l 1589 1579
l 1579 1590
l 1590 1580
l 1580 1591
l 1591 1581
l 1581 1592
l 1592 1582
l 1582 1593
l 1593 1583
l 1583 1594
l 1594 1584
l 1584 1595
l 1595 1585
l 1585 1596
l 1596 1586
l 1586 1597
l 1597 1598
l 1598 1587
l 1588 1599
l 1599 1589
l 1589 1600
l 1600 1590
l 1590 1601
l 1601 1591
l 1591 1602
l 1602 1592
l 1592 1603
l 1603 1593
l 1593 1604
l 1604 1594
l 1594 1605
l 1605 1595
l 1595 1606
l 1606 1596
l 1596 1607
l 1607 1597
l 1597 1608
l 1608 1609
l 1609 1598
l 1599 1610
l 1610 1600
l 1600 1611
l 1611 1601
l 1601 1612
l 1612 1602
l 1602 1613
l 1613 1603
l 1603 1614
l 1614 1604
l 1604 1615
l 1615 1605
l 1605 1616
l 1616 1606
l 1606 1617
l 1617 1607
l 1607 1618
l 1618 1608
l 1608 1619
l 1619 1620
l 1620 1609
l 1610 1621
l 1621 1611
l 1611 1622
l 1622 1612
l 1612 1623
l 1623 1613
l 1613 1624
l 1624 1614
l 1614 1625
l 1625 1615
l 1615 1626
l 1626 1616
l 1616 1627
l 1627 1617
l 1617 1628
l 1628 1618
l 1618 1629
l 1629 1619
l 1619 1630
l 1630 1631
l 1631 1620
l 1621 1632
l 1632 1622
l 1622 1633
l 1633 1623
l 1623 1634
l 1634 1624
l 1624 1635
l 1635 1625
l 1625 1636
l 1636 1626
l 1626 1637
l 1637 1627
l 1627 1638
l 1638 1628
l 1628 1639
l 1639 1629
l 1629 1640
l 1640 1630
l 1630 1641
l 1641 1642
l 1642 1631
l 1632 1643
l 1643 1633
l 1633 1644
l 1644 1634
l 1634 1645
l 1645 1635
l 1635 1646
l 1646 1636
l 1636 1647
l 1647 1637
l 1637 1648
l 1648 1638
l 1638 1649
l 1649 1639
l 1639 1650
l 1650 1640
l 1640 1651
l 1651 1641
l 1641 1652
l 1652 1653
l 1653 1642
l 1643 1654
l 1654 1644
l 1644 1655
l 1655 1645
l 1645 1656
l 1656 1646
l 1646 1657
l 1657 1647
l 1647 1658
l 1658 1648
l 1648 1659
l 1659 1649
l 1649 1660
l 1660 1650
l 1650 1661
l 1661 1651
l 1651 1662
l 1662 1652
l 1652 1663
l 1663 1664
l 1664 1653
l 1654 1665
l 1665 1655
l 1655 1666
l 1666 1656
l 1656 1667
l 1667 1657
l 1657 1668
l 1668 1658
l 1658 1669
l 1669 1659
l 1659 1670
l 1670 1660
l 1660 1671
l 1671 1661
l 1661 1672
l 1672 1662
l 1662 1673
l 1673 1663
l 1663 1674
l 1674 1675
l 1675 1664
l 1665 1676
l 1676 1666
l 1666 1677
l 1677 1667
l 1667 1678
l 1678 1668
l 1668 1679
l 1679 1669
l 1669 1680
l 1680 1670
l 1670 1681
l 1681 1671
l 1671 1682
l 1682 1672
l 1672 1683
l 1683 1673
l 1673 1684
l 1684 1674
l 1674 1685
l 1685 1686
l 1686 1675
l 1676 1687
l 1687 1677
l 1677 1688
l 1688 1678
l 1678 1689
l 1689 1679
l 1679 1690
l 1690 1680
l 1680 1691
l 1691 1681
l 1681 1692
l 1692 1682
l 1682 1693
l 1693 1683
l 1683 1694
l 1694 1684
l 1684 1695
l 1695 1685
l 1685 1696
l 1696 1697
l 1697 1686
l 1687 1698
l 1698 1688
l 1688 1699
l 1699 1689
l 1689 1700
l 1700 1690
l 1690 1701
l 1701 1691
l 1691 1702
l 1702 1692
l 1692 1703
l 1703 1693
l 1693 1704
l 1704 1694
l 1694 1705
l 1705 1695
l 1695 1706
l 1706 1696
l 1696 1707
l 1707 1708
l 1708 1697
l 1698 1709
l 1709 1699
l 1699 1710
l 1710 1700
l 1700 1711
l 1711 1701
l 1701 1712
l 1712 1702
l 1702 1713
l 1713 1703
l 1703 1714
l 1714 1704
l 1704 1715
l 1715 1705
l 1705 1716
l 1716 1706
l 1706 1717
l 1717 1707
l 1707 1718
l 1718 1719
l 1719 1708
l 1709 1720
l 1720 1710
l 1710 1721
l 1721 1711
l 1711 1722
l 1722 1712
l 1712 1723
l 1723 1713
l 1713 1724
l 1724 1714
l 1714 1725
l 1725 1715
l 1715 1726
l 1726 1716
l 1716 1727
l 1727 1717
l 1717 1728
l 1728 1718
l 1718 1729
l 1729 1730
l 1730 1719
l 1720 1731
l 1731 1721
l 1721 1732
l 1732 1722
l 1722 1733
l 1733 1723
l 1723 1734
l 1734 1724
l 1724 1735
l 1735 1725
l 1725 1736
l 1736 1726
l 1726 1737
l 1737 1727
l 1727 1738
l 1738 1728
l 1728 1739
l 1739 1729
l 1729 1740
l 1740 1741
l 1741 1730
l 1731 1742
l 1742 1732
l 1732 1743
l 1743 1733
l 1733 1744
l 1744 1734
l 1734 1745
l 1745 1735
l 1735 1746
l 1746 1736
l 1736 1747
l 1747 1737
l 1737 1748
l 1748 1738
l 1738 1749
l 1749 1739
l 1739 1750
l 1750 1740
l 1740 1751
l 1751 1752
l 1752 1741
l 1742 1753
l 1753 1743
l 1743 1754
l 1754 1744
l 1744 1755
l 1755 1745
l 1745 1756
l 1756 1746
l 1746 1757
l 1757 1747
l 1747 1758
l 1758 1748
l 1748 1759
l 1759 1749
l 1749 1760
l 1760 1750
l 1750 1761
l 1761 1751
l 1751 1762
l 1762 1763
l 1763 1752
l 1753 1764
l 1764 1754
l 1754 1765
l 1765 1755
l 1755 1766
l 1766 1756
l 1756 1767
l 1767 1757
l 1757 1768
l 1768 1758
l 1758 1769
l 1769 1759
l 1759 1770
l 1770 1760
l 1760 1771
l 1771 1761
l 1761 1772
l 1772 1762
l 1762 1773
l 1773 1774
l 1774 1763
l 1764 1775
l 1775 1765
l 1765 1776
l 1776 1766
l 1766 1777
l 1777 1767
l 1767 1778
l 1778 1768
l 1768 1779
l 1779 1769
l 1769 1780
l 1780 1770
l 1770 1781
l 1781 1771
l 1771 1782
l 1782 1772
l 1772 1783
l 1783 1773
l 1773 1784
l 1784 1785
l 1785 1774
l 1775 1786
l 1786 1776
l 1776 1787
l 1787 1777
l 1777 1788
l 1788 1778
l 1778 1789
l 1789 1779
l 1779 1790
l 1790 1780
l 1780 1791
l 1791 1781
l 1781 1792
l 1792 1782
l 1782 1793
l 1793 1783
l 1783 1794
l 1794 1784
l 1784 1795
l 1795 1796
l 1796 1785
l 1786 1797
l 1797 1787
l 1787 1798
l 1798 1788
l 1788 1799
l 1799 1789
l 1789 1800
l 1800 1790
l 1790 1801
l 1801 1791
l 1791 1802
l 1802 1792
l 1792 1803
l 1803 1793
l 1793 1804
l 1804 1794
l 1794 1805
l 1805 1795
l 1795 1806
l 1806 1807
l 1807 1796
l 1797 1808
l 1808 1798
l 1798 1809
l 1809 1799
l 1799 1810
l 1810 1800
l 1800 1811
l 1811 1801
l 1801 1812
l 1812 1802
l 1802 1813
l 1813 1803
l 1803 1814
l 1814 1804
l 1804 1815
l 1815 1805
l 1805 1816
l 1816 1806
l 1806 1817
l 1817 1818
l 1818 1807
l 1808 1819
l 1819 1809
l 1809 1820
l 1820 1810
l 1810 1821
l 1821 1811
l 1811 1822
l 1822 1812
l 1812 1823
l 1823 1813
l 1813 1824
l 1824 1814
l 1814 1825
l 1825 1815
l 1815 1826
l 1826 1816
l 1816 1827
l 1827 1817
l 1817 1828
l 1828 1829
l 1829 1818
l 1819 1830
l 1830 1820
l 1820 1831
l 1831 1821
l 1821 1832
l 1832 1822
l 1822 1833
l 1833 1823
l 1823 1834
l 1834 1824
l 1824 1835
l 1835 1825
l 1825 1836
l 1836 1826
l 1826 1837
l 1837 1827
l 1827 1838
l 1838 1828
l 1828 1839
l 1839 1840
l 1840 1829
l 1830 1841
l 1841 1831
l 1831 1842
l 1842 1832
l 1832 1843
l 1843 1833
l 1833 1844
l 1844 1834
l 1834 1845
l 1845 1835
l 1835 1846
l 1846 1836
l 1836 1847
l 1847 1837
l 1837 1848
l 1848 1838
l 1838 1849
l 1849 1839
l 1839 1850
l 1850 1851
l 1851 1840
l 1841 1852
l 1852 1842
l 1842 1853
l 1853 1843
l 1843 1854
l 1854 1844
l 1844 1855
l 1855 1845
l 1845 1856
l 1856 1846
l 1846 1857
l 1857 1847
l 1847 1858
l 1858 1848
l 1848 1859
l 1859 1849
l 1849 1860
l 1860 1850
l 1850 1861
l 1861 1862
l 1862 1851
l 1852 1863
l 1863 1853
l 1853 1864
l 1864 1854
l 1854 1865
l 1865 1855
l 1855 1866
l 1866 1856
l 1856 1867
l 1867 1857
l 1857 1868
l 1868 1858
l 1858 1869
l 1869 1859
l 1859 1870
l 1870 1860
l 1860 1871
l 1871 1861
l 1861 1872
l 1872 1873
l 1873 1862
l 1863 1874
l 1874 1864
l 1864 1875
l 1875 1865
l 1865 1876
l 1876 1866
l 1866 1877
l 1877 1867
l 1867 1878
l 1878 1868
l 1868 1879
l 1879 1869
l 1869 1880
l 1880 1870
l 1870 1881
l 1881 1871
l 1871 1882
l 1882 1872
l 1872 1883
l 1883 1884
l 1884 1873
l 1874 1885
l 1885 1875
l 1875 1886
l 1886 1876
l 1876 1887
l 1887 1877
l 1877 1888
l 1888 1878
l 1878 1889
l 1889 1879
l 1879 1890
l 1890 1880
l 1880 1891
l 1891 1881
l 1881 1892
l 1892 1882
l 1882 1893
l 1893 1883
l 1883 1894
l 1894 1895
l 1895 1884
l 1885 1896
l 1896 1886
l 1886 1897
l 1897 1887
l 1887 1898
l 1898 1888
l 1888 1899
l 1899 1889
l 1889 1900
l 1900 1890
l 1890 1901
l 1901 1891
l 1891 1902
l 1902 1892
l 1892 1903
l 1903 1893
l 1893 1904
l 1904 1894
l 1894 1905
l 1905 1906
l 1906 1895
l 1896 1907
l 1907 1897
l 1897 1908
l 1908 1898
l 1898 1909
l 1909 1899
l 1899 1910
l 1910 1900
l 1900 1911
l 1911 1901
l 1901 1912
l 1912 1902
l 1902 1913
l 1913 1903
l 1903 1914
l 1914 1904
l 1904 1915
l 1915 1905
l 1905 1916
l 1916 1917
l 1917 1906
l 1907 1918
l 1918 1908
l 1908 1919
l 1919 1909
l 1909 1920
l 1920 1910
l 1910 1921
l 1921 1911
l 1911 1922
l 1922 1912
l 1912 1923
l 1923 1913
l 1913 1924
l 1924 1914
l 1914 1925
l 1925 1915
l 1915 1926
l 1926 1916
l 1916 1927
l 1927 1928
l 1928 1917
l 1918 1929
l 1929 1919
l 1919 1930
l 1930 1920
l 1920 1931
l 1931 1921
l 1921 1932
l 1932 1922
l 1922 1933
l 1933 1923
l 1923 1934
l 1934 1924
l 1924 1935
l 1935 1925
l 1925 1936
l 1936 1926
l 1926 1937
l 1937 1927
l 1927 1938
l 1938 1939
l 1939 1928
l 1929 1940
l 1940 1930
l 1930 1941
l 1941 1931
l 1931 1942
l 1942 1932
l 1932 1943
l 1943 1933
l 1933 1944
l 1944 1934
l 1934 1945
l 1945 1935
l 1935 1946
l 1946 1936
l 1936 1947
l 1947 1937
l 1937 1948
l 1948 1938
l 1938 1949
l 1949 1950
l 1950 1939
l 1940 1951
l 1951 1941
l 1941 1952
l 1952 1942
l 1942 1953
l 1953 1943
l 1943 1954
l 1954 1944
l 1944 1955
l 1955 1945
l 1945 1956
l 1956 1946
l 1946 1957
l 1957 1947
l 1947 1958
l 1958 1948
l 1948 1959
l 1959 1949
l 1949 1960
l 1960 1961
l 1961 1950
l 1951 1962
l 1962 1952
l 1952 1963
l 1963 1953
l 1953 1964
l 1964 1954
l 1954 1965
l 1965 1955
l 1955 1966
l 1966 1956
l 1956 1967
l 1967 1957
l 1957 1968
l 1968 1958
l 1958 1969
l 1969 1959
l 1959 1970
l 1970 1960
l 1960 1971
l 1971 1972
l 1972 1961
l 1962 1973
l 1973 1963
l 1963 1974
l 1974 1964
l 1964 1975
l 1975 1965
l 1965 1976
l 1976 1966
l 1966 1977
l 1977 1967
l 1967 1978
l 1978 1968
l 1968 1979
l 1979 1969
l 1969 1980
l 1980 1970
l 1970 1981
l 1981 1971
l 1971 1982
l 1982 1983
l 1983 1972
l 1973 1984
l 1984 1974
l 1974 1985
l 1985 1975
l 1975 1986
l 1986 1976
l 1976 1987
l 1987 1977
l 1977 1988
l 1988 1978
l 1978 1989
l 1989 1979
l 1979 1990
l 1990 1980
l 1980 1991
l 1991 1981
l 1981 1992
l 1992 1982
l 1982 1993
l 1993 1994
l 1994 1983
l 1984 1995
l 1995 1985
l 1985 1996
l 1996 1986
l 1986 1997
l 1997 1987
l 1987 1998
l 1998 1988
l 1988 1999
l 1999 1989
l 1989 2000
l 2000 1990
l 1990 2001
l 2001 1991
l 1991 2002
l 2002 1992
l 1992 2003
l 2003 1993
l 1993 2004
l 2004 2005
l 2005 1994
l 1995 2006
l 2006 1996
l 1996 2007
l 2007 1997
l 1997 2008
l 2008 1998
l 1998 2009
l 2009 1999
l 1999 2010
l 2010 2000
l 2000 2011
l 2011 2001
l 2001 2012
l 2012 2002
l 2002 2013
l 2013 2003
l 2003 2014
l 2014 2004
l 2004 2015
l 2015 2016
l 2016 2005
l 2006 2017
l 2017 2007
l 2007 2018
l 2018 2008
l 2008 2019
l 2019 2009
l 2009 2020
l 2020 2010
l 2010 2021
l 2021 2011
l 2011 2022
l 2022 2012
l 2012 2023
l 2023 2013
l 2013 2024
l 2024 2014
l 2014 2025
l 2025 2015
l 2015 2026
l 2026 2027
l 2027 2016
l 2017 2028
l 2028 2018
l 2018 2029
l 2029 2019
l 2019 2030
l 2030 2020
l 2020 2031
l 2031 2021
l 2021 2032
l 2032 2022
l 2022 2033
l 2033 2023
l 2023 2034
l 2034 2024
l 2024 2035
l 2035 2025
l 2025 2036
l 2036 2026
l 2026 2037
l 2037 2038
l 2038 2027
l 2028 2039
l 2039 2029
l 2029 2040
l 2040 2030
l 2030 2041
l 2041 2031
l 2031 2042
l 2042 2032
l 2032 2043
l 2043 2033
l 2033 2044
l 2044 2034
l 2034 2045
l 2045 2035
l 2035 2046
l 2046 2036
l 2036 2047
l 2047 2037
l 2037 2048
l 2048 2049
l 2049 2038
l 2039 2050
l 2050 2040
l 2040 2051
l 2051 2041
l 2041 2052
l 2052 2042
l 2042 2053
l 2053 2043
l 2043 2054
l 2054 2044
l 2044 2055
l 2055 2045
l 2045 2056
l 2056 2046
l 2046 2057
l 2057 2047
l 2047 2058
l 2058 2048
l 2048 2059
l 2059 2060
l 2060 2049
l 2050 2061
l 2061 2051
l 2051 2062
l 2062 2052
l 2052 2063
l 2063 2053
l 2053 2064
l 2064 2054
l 2054 2065
l 2065 2055
l 2055 2066
l 2066 2056
l 2056 2067
l 2067 2057
l 2057 2068
l 2068 2058
l 2058 2069
l 2069 2059
l 2059 2070
l 2070 2071
l 2071 2060
l 2061 2072
l 2072 2062
l 2062 2073
l 2073 2063
l 2063 2074
l 2074 2064
l 2064 2075
l 2075 2065
l 2065 2076
l 2076 2066
l 2066 2077
l 2077 2067
l 2067 2078
l 2078 2068
l 2068 2079
l 2079 2069
l 2069 2080
l 2080 2070
l 2070 2081
l 2081 2082
l 2082 2071
l 2072 2083
l 2083 2073
l 2073 2084
l 2084 2074
l 2074 2085
l 2085 2075
l 2075 2086
l 2086 2076
l 2076 2087
l 2087 2077
l 2077 2088
l 2088 2078
l 2078 2089
l 2089 2079
l 2079 2090
l 2090 2080
l 2080 2091
l 2091 2081
l 2081 2092
l 2092 2093
l 2093 2082
l 2083 2094
l 2094 2084
l 2084 2095
l 2095 2085
l 2085 2096
l 2096 2086
l 2086 2097
l 2097 2087
l 2087 2098
l 2098 2088
l 2088 2099
l 2099 2089
l 2089 2100
l 2100 2090
l 2090 2101
l 2101 2091
l 2091 2102
l 2102 2092
l 2092 2103
l 2103 2104
l 2104 2093
l 2094 2105
l 2105 2095
l 2095 2106
l 2106 2096
l 2096 2107
l 2107 2097
l 2097 2108
l 2108 2098
l 2098 2109
l 2109 2099
l 2099 2110
l 2110 2100
l 2100 2111
l 2111 2101
l 2101 2112
l 2112 2102
l 2102 2113
l 2113 2103
l 2103 2114
l 2114 2115
l 2115 2104
l 2105 2116
l 2116 2106
l 2106 2117
l 2117 2107
l 2107 2118
l 2118 2108
l 2108 2119
l 2119 2109
l 2109 2120
l 2120 2110
l 2110 2121
l 2121 2111
l 2111 2122
l 2122 2112
l 2112 2123
l 2123 2113
l 2113 2124
l 2124 2114
l 2114 2125
l 2125 2126
l 2126 2115
l 2116 2127
l 2127 2117
l 2117 2128
l 2128 2118
l 2118 2129
l 2129 2119
l 2119 2130
l 2130 2120
l 2120 2131
l 2131 2121
l 2121 2132
l 2132 2122
l 2122 2133
l 2133 2123
l 2123 2134
l 2134 2124
l 2124 2135
l 2135 2125
l 2125 2136
l 2136 2137
l 2137 2126
l 2127 2138
l 2138 2128
l 2128 2139
l 2139 2129
l 2129 2140
l 2140 2130
l 2130 2141
l 2141 2131
l 2131 2142
l 2142 2132
l 2132 2143
l 2143 2133
l 2133 2144
l 2144 2134
l 2134 2145
l 2145 2135
l 2135 2146
l 2146 2136
l 2136 2147
l 2147 2148
l 2148 2137
l 2138 2149
l 2149 2139
l 2139 2150
l 2150 2140
l 2140 2151
l 2151 2141
l 2141 2152
l 2152 2142
l 2142 2153
l 2153 2143
l 2143 2154
l 2154 2144
l 2144 2155
l 2155 2145
l 2145 2156
l 2156 2146
l 2146 2157
l 2157 2147
l 2147 2158
l 2158 2159
l 2159 2148
l 2149 2160
l 2160 2150
l 2150 2161
l 2161 2151
l 2151 2162
l 2162 2152
l 2152 2163
l 2163 2153
l 2153 2164
l 2164 2154
l 2154 2165
l 2165 2155
l 2155 2166
l 2166 2156
l 2156 2167
l 2167 2157
l 2157 2168
l 2168 2158
l 2158 2169
l 2169 2170
l 2170 2159
l 2160 2171
l 2171 2161
l 2161 2172
l 2172 2162
l 2162 2173
l 2173 2163
l 2163 2174
l 2174 2164
l 2164 2175
l 2175 2165
l 2165 2176
l 2176 2166
l 2166 2177
l 2177 2167
l 2167 2178
l 2178 2168
l 2168 2179
l 2179 2169
l 2169 2180
l 2180 2181
l 2181 2170
l 2171 2182
l 2182 2172
l 2172 2183
l 2183 2173
l 2173 2184
l 2184 2174
l 2174 2185
l 2185 2175
l 2175 2186
l 2186 2176
l 2176 2187
l 2187 2177
l 2177 2188
l 2188 2178
l 2178 2189
l 2189 2179
l 2179 2190
l 2190 2180
l 2180 2191
l 2191 2192
l 2192 2181
l 2182 2193
l 2193 2183
l 2183 2194
l 2194 2184
l 2184 2195
l 2195 2185
l 2185 2196
l 2196 2186
l 2186 2197
l 2197 2187
l 2187 2198
l 2198 2188
l 2188 2199
l 2199 2189
l 2189 2200
l 2200 2190
l 2190 2201
l 2201 2191
l 2191 2202
l 2202 2203
l 2203 2192
l 2193 2204
l 2204 2194
l 2194 2205
l 2205 2195
l 2195 2206
l 2206 2196
l 2196 2207
l 2207 2197
l 2197 2208
l 2208 2198
l 2198 2209
l 2209 2199
l 2199 2210
l 2210 2200
l 2200 2211
l 2211 2201
l 2201 2212
l 2212 2202
l 2202 2213
l 2213 2214
l 2214 2203
l 2204 2215
l 2215 2205
l 2205 2216
l 2216 2206
l 2206 2217
l 2217 2207
l 2207 2218
l 2218 2208
l 2208 2219
l 2219 2209
l 2209 2220
l 2220 2210
l 2210 2221
l 2221 2211
l 2211 2222
l 2222 2212
l 2212 2223
l 2223 2213
l 2213 2224
l 2224 2225
l 2225 2214
l 2215 2226
l 2226 2216
l 2216 2227
l 2227 2217
l 2217 2228
l 2228 2218
l 2218 2229
l 2229 2219
l 2219 2230
l 2230 2220
l 2220 2231
l 2231 2221
l 2221 2232
l 2232 2222
l 2222 2233
l 2233 2223
l 2223 2234
l 2234 2224
l 2224 2235
l 2235 2236
l 2236 2225
l 2226 2237
l 2237 2227
l 2227 2238
l 2238 2228
l 2228 2239
l 2239 2229
l 2229 2240
l 2240 2230
l 2230 2241
l 2241 2231
l 2231 2242
l 2242 2232
l 2232 2243
l 2243 2233
l 2233 2244
l 2244 2234
l 2234 2245
l 2245 2235
l 2235 2246
l 2246 2247
l 2247 2236
l 2237 2248
l 2248 2238
l 2238 2249
l 2249 2239
l 2239 2250
l 2250 2240
l 2240 2251
l 2251 2241
l 2241 2252
l 2252 2242
l 2242 2253
l 2253 2243
l 2243 2254
l 2254 2244
l 2244 2255
l 2255 2245
l 2245 2256
l 2256 2246
l 2246 2257
l 2257 2258
l 2258 2247
l 2248 2259
l 2259 2249
l 2249 2260
l 2260 2250
l 2250 2261
l 2261 2251
l 2251 2262
l 2262 2252
l 2252 2263
l 2263 2253
l 2253 2264
l 2264 2254
l 2254 2265
l 2265 2255
l 2255 2266
l 2266 2256
l 2256 2267
l 2267 2257
l 2257 2268
l 2268 2269
l 2269 2258
l 2259 2270
l 2270 2260
l 2260 2271
l 2271 2261
l 2261 2272
l 2272 2262
l 2262 2273
l 2273 2263
l 2263 2274
l 2274 2264
l 2264 2275
l 2275 2265
l 2265 2276
l 2276 2266
l 2266 2277
l 2277 2267
l 2267 2278
l 2278 2268
l 2268 2279
l 2279 2280
l 2280 2269
l 2270 2281
l 2281 2271
l 2271 2282
l 2282 2272
l 2272 2283
l 2283 2273
l 2273 2284
l 2284 2274
l 2274 2285
l 2285 2275
l 2275 2286
l 2286 2276
l 2276 2287
l 2287 2277
l 2277 2288
l 2288 2278
l 2278 2289
l 2289 2279
l 2279 2290
l 2290 2291
l 2291 2280
l 2281 2292
l 2292 2282
l 2282 2293
l 2293 2283
l 2283 2294
l 2294 2284
l 2284 2295
l 2295 2285
l 2285 2296
l 2296 2286
l 2286 2297
l 2297 2287
l 2287 2298
l 2298 2288
l 2288 2299
l 2299 2289
l 2289 2300
l 2300 2290
l 2290 2301
l 2301 2302
l 2302 2291
l 2292 2303
l 2303 2293
l 2293 2304
l 2304 2294
l 2294 2305
l 2305 2295
l 2295 2306
l 2306 2296
l 2296 2307
l 2307 2297
l 2297 2308
l 2308 2298
l 2298 2309
l 2309 2299
l 2299 2310
l 2310 2300
l 2300 2311
l 2311 2301
l 2301 2312
l 2312 2313
l 2313 2302
l 2303 2314
l 2314 2304
l 2304 2315
l 2315 2305
l 2305 2316
l 2316 2306
l 2306 2317
l 2317 2307
l 2307 2318
l 2318 2308
l 2308 2319
l 2319 2309
l 2309 2320
l 2320 2310
l 2310 2321
l 2321 2311
l 2311 2322
l 2322 2312
l 2312 2323
l 2323 2324
l 2324 2313
l 2314 2325
l 2325 2315
l 2315 2326
l 2326 2316
l 2316 2327
l 2327 2317
l 2317 2328
l 2328 2318
l 2318 2329
l 2329 2319
l 2319 2330
l 2330 2320
l 2320 2331
l 2331 2321
l 2321 2332
l 2332 2322
l 2322 2333
l 2333 2323
l 2323 2334
l 2334 2335
l 2335 2324
l 2325 2336
l 2336 2326
l 2326 2337
l 2337 2327
l 2327 2338
l 2338 2328
l 2328 2339
l 2339 2329
l 2329 2340
l 2340 2330
l 2330 2341
l 2341 2331
l 2331 2342
l 2342 2332
l 2332 2343
l 2343 2333
l 2333 2344
l 2344 2334
l 2334 2345
l 2345 2346
l 2346 2335
l 2336 2347
l 2347 2337
l 2337 2348
l 2348 2338
l 2338 2349
l 2349 2339
l 2339 2350
l 2350 2340
l 2340 2351
l 2351 2341
l 2341 2352
l 2352 2342
l 2342 2353
l 2353 2343
l 2343 2354
l 2354 2344
l 2344 2355
l 2355 2345
l 2345 2356
l 2356 2357
l 2357 2346
l 2347 2358
l 2358 2348
l 2348 2359
l 2359 2349
l 2349 2360
l 2360 2350
l 2350 2361
l 2361 2351
l 2351 2362
l 2362 2352
l 2352 2363
l 2363 2353
l 2353 2364
l 2364 2354
l 2354 2365
l 2365 2355
l 2355 2366
l 2366 2356
l 2356 2367
l 2367 2368
l 2368 2357
l 2358 2369
l 2369 2359
l 2359 2370
l 2370 2360
l 2360 2371
l 2371 2361
l 2361 2372
l 2372 2362
l 2362 2373
l 2373 2363
l 2363 2374
l 2374 2364
l 2364 2375
l 2375 2365
l 2365 2376
l 2376 2366
l 2366 2377
l 2377 2367
l 2367 2378
l 2378 2379
l 2379 2368
l 2369 2380
l 2380 2370
l 2370 2381
l 2381 2371
l 2371 2382
l 2382 2372
l 2372 2383
l 2383 2373
l 2373 2384
l 2384 2374
l 2374 2385
l 2385 2375
l 2375 2386
l 2386 2376
l 2376 2387
l 2387 2377
l 2377 2388
l 2388 2378
l 2378 2389
l 2389 2390
l 2390 2379
l 2380 2391
l 2391 2381
l 2381 2392
l 2392 2382
l 2382 2393
l 2393 2383
l 2383 2394
l 2394 2384
l 2384 2395
l 2395 2385
l 2385 2396
l 2396 2386
l 2386 2397
l 2397 2387
l 2387 2398
l 2398 2388
l 2388 2399
l 2399 2389
l 2389 2400
l 2400 2401
l 2401 2390
l 2391 2402
l 2402 2392
l 2392 2403
l 2403 2393
l 2393 2404
l 2404 2394
l 2394 2405
l 2405 2395
l 2395 2406
l 2406 2396
l 2396 2407
l 2407 2397
l 2397 2408
l 2408 2398
l 2398 2409
l 2409 2399
l 2399 2410
l 2410 2400
l 2400 2411
l 2411 2412
l 2412 2401
l 2402 2413
l 2413 2403
l 2403 2414
l 2414 2404
l 2404 2415
l 2415 2405
l 2405 2416
l 2416 2406
l 2406 2417
l 2417 2407
l 2407 2418
l 2418 2408
l 2408 2419
l 2419 2409
l 2409 2420
l 2420 2410
l 2410 2421
l 2421 2411
l 2411 2422
l 2422 2423
l 2423 2412
l 2413 2424
l 2424 2414
l 2414 2425
l 2425 2415
l 2415 2426
l 2426 2416
l 2416 2427
l 2427 2417
l 2417 2428
l 2428 2418
l 2418 2429
l 2429 2419
l 2419 2430
l 2430 2420
l 2420 2431
l 2431 2421
l 2421 2432
l 2432 2422
l 2422 2433
l 2433 2434
l 2434 2423
l 2424 2435
l 2435 2425
l 2425 2436
l 2436 2426
l 2426 2437
l 2437 2427
l 2427 2438
l 2438 2428
l 2428 2439
l 2439 2429
l 2429 2440
l 2440 2430
l 2430 2441
l 2441 2431
l 2431 2442
l 2442 2432
l 2432 2443
l 2443 2433
l 2433 2444
l 2444 2445
l 2445 2434
l 2435 2446
l 2446 2436
l 2436 2447
l 2447 2437
l 2437 2448
l 2448 2438
l 2438 2449
l 2449 2439
l 2439 2450
l 2450 2440
l 2440 2451
l 2451 2441
l 2441 2452
l 2452 2442
l 2442 2453
l 2453 2443
l 2443 2454
l 2454 2444
l 2444 2455
l 2455 2456
l 2456 2445
l 2446 2457
l 2457 2447
l 2447 2458
l 2458 2448
l 2448 2459
l 2459 2449
l 2449 2460
l 2460 2450
l 2450 2461
l 2461 2451
l 2451 2462
l 2462 2452
l 2452 2463
l 2463 2453
l 2453 2464
l 2464 2454
l 2454 2465
l 2465 2455
l 2455 2466
l 2466 2467
l 2467 2456
l 2457 2468
l 2468 2458
l 2458 2469
l 2469 2459
l 2459 2470
l 2470 2460
l 2460 2471
l 2471 2461
l 2461 2472
l 2472 2462
l 2462 2473
l 2473 2463
l 2463 2474
l 2474 2464
l 2464 2475
l 2475 2465
l 2465 2476
l 2476 2466
l 2466 2477
l 2477 2478
l 2478 2467
l 2468 2479
l 2479 2469
l 2469 2480
l 2480 2470
l 2470 2481
l 2481 2471
l 2471 2482
l 2482 2472
l 2472 2483
l 2483 2473
l 2473 2484
l 2484 2474
l 2474 2485
l 2485 2475
l 2475 2486
l 2486 2476
l 2476 2487
l 2487 2477
l 2477 2488
l 2488 2489
l 2489 2478
l 2479 2490
l 2490 2480
l 2480 2491
l 2491 2481
l 2481 2492
l 2492 2482
l 2482 2493
l 2493 2483
l 2483 2494
l 2494 2484
l 2484 2495
l 2495 2485
l 2485 2496
l 2496 2486
l 2486 2497
l 2497 2487
l 2487 2498
l 2498 2488
l 2488 2499
l 2499 2500
l 2500 2489
l 2490 2501
l 2501 2491
l 2491 2502
l 2502 2492
l 2492 2503
l 2503 2493
l 2493 2504
l 2504 2494
l 2494 2505
l 2505 2495
l 2495 2506
l 2506 2496
l 2496 2507
l 2507 2497
l 2497 2508
l 2508 2498
l 2498 2509
l 2509 2499
l 2499 2510
l 2510 2511
l 2511 2500
l 2501 2512
l 2512 2502
l 2502 2513
l 2513 2503
l 2503 2514
l 2514 2504
l 2504 2515
l 2515 2505
l 2505 2516
l 2516 2506
l 2506 2517
l 2517 2507
l 2507 2518
l 2518 2508
l 2508 2519
l 2519 2509
l 2509 2520
l 2520 2510
l 2510 2521
l 2521 2522
l 2522 2511
l 2512 2523
l 2523 2513
l 2513 2524
l 2524 2514
l 2514 2525
l 2525 2515
l 2515 2526
l 2526 2516
l 2516 2527
l 2527 2517
l 2517 2528
l 2528 2518
l 2518 2529
l 2529 2519
l 2519 2530
l 2530 2520
l 2520 2531
l 2531 2521
l 2521 2532
l 2532 2533
l 2533 2522
l 2523 2534
l 2534 2524
l 2524 2535
l 2535 2525
l 2525 2536
l 2536 2526
l 2526 2537
l 2537 2527
l 2527 2538
l 2538 2528
l 2528 2539
l 2539 2529
l 2529 2540
l 2540 2530
l 2530 2541
l 2541 2531
l 2531 2542
l 2542 2532
l 2534 2543
l 2543 2535
l 2535 2544
l 2544 2536
l 2536 2545
l 2545 2537
l 2537 2546
l 2546 2538
l 2538 2547
l 2547 2539
l 2539 2548
l 2548 2540
l 2540 2549
l 2549 2541
l 2541 2550
l 2550 2542
l 2543 2551
l 2551 2544
l 2544 2552
l 2552 2545
l 2545 2553
l 2553 2546
l 2546 2554
l 2554 2547
l 2547 2555
l 2555 2548
l 2548 2556
l 2556 2549
l 2549 2557
l 2557 2550
l 2551 2558
l 2558 2552
l 2552 2559
l 2559 2553
l 2553 2560
l 2560 2554
l 2554 2561
l 2561 2555
l 2555 2562
l 2562 2556
l 2556 2563
l 2563 2557
l 2558 2564
l 2564 2559
l 2559 2565
l 2565 2560
l 2560 2566
l 2566 2561
l 2561 2567
l 2567 2562
l 2562 2568
l 2568 2563
l 2569 2570
l 2571 2569
l 2570 2572
l 2573 2570
l 2571 2573
l 2574 2571
l 2572 2575
l 2576 2572
l 2573 2576
l 2577 2573
l 2574 2577
l 2578 2574
l 2575 2564
l 2565 2575
l 2576 2565
l 2566 2576
l 2577 2566
l 2567 2577
l 2578 2567
l 2568 2578
l 1465 2579
l 1468 1465
l 2580 1468
l 1470 2580
l 2581 1470
l 1472 2581
l 1475 1472
l 2582 1475
l 2579 2583
l 2580 2579
l 2584 2580
l 2581 2584
l 2582 2581
l 2585 2582
l 2583 2586
l 2584 2583
l 2585 2584
l 2586 2585


