#OBJ File generated by Abaqus/CAE
#List of Vertices
v 0.0138975 0.0139032 0.0107089
v 0.0118783 0.012831 0.0112861
v 0.0138113 0.0113564 0.0107407
v 0.0166852 0.0150639 0.00990198
v 0.0143264 0.0153882 0.0105786
v 0.0127914 0.0150988 0.0110159
v 0.142503 0.0461441 -0.0401974
v 0.139504 0.0553706 -0.0387417
v 0.135594 0.0462648 -0.0367264
v 0.702913 0.0743938 -0.596772
v 0.705721 0.0684786 -0.600285
v 0.707538 0.07484 -0.602172
v 0.564887 0.0374763 -0.419869
v 0.569577 0.0378197 -0.426159
v 0.566748 0.046916 -0.422496
v 0.708782 0.0501618 -0.604179
v 0.71401 0.0529246 -0.610201
v 0.708929 0.0576691 -0.604277
v 0.730173 0.0681149 -0.628266
v 0.730166 0.0681163 -0.628256
v 0.730171 0.0681099 -0.62826
v 0.725596 0.0637171 -0.623226
v 0.72523 0.0708905 -0.622644
v 0.00370233 0.0137824 0.0135163
v 0.00418552 0.0141979 0.0133842
v 0.00367621 0.015494 0.0135124
v 0.00364135 0.0174474 0.0135112
v 0.00442332 0.0165569 0.0133111
v 0.00505797 0.0149497 0.0131494
v 0.00550095 0.0153372 0.0130282
v 0.00783676 0.020239 0.0123598
v 0.00561164 0.0197648 0.012968
v 0.00691006 0.0178478 0.0126305
v 0.00461676 0.00487798 0.0133334
v 0.00484581 0.00962457 0.0132528
v 0.000718464 0.00495237 0.00633237
v 0.00146783 -9.43867e-05 0.0126707
v 0.0149021 0.0066436 0.0104323
v 0.0140058 0.00637362 0.0106873
v 0.0132062 0.00329106 0.0109177
v 0.0114651 -0.000146364 0.0114149
v 0.00989902 0.00511818 0.0118669
v 0.00893046 0.0826084 0.0115008
v 0.00744379 0.0854459 0.0118659
v 0.00676912 0.0810102 0.0120972
v 0.00607034 0.0804895 0.0122919
v 0.0068433 0.0865865 0.0120145
v 0.68673 0.0502122 -0.578069
v 0.692449 0.0583512 -0.584851
v 0.685284 0.0599735 -0.576206
v 0.64721 0.0352001 -0.528735
v 0.64333 0.0348906 -0.52376
v 0.646216 0.0284643 -0.527268
v 0.617986 0.067998 -0.490671
v 0.616991 0.0681595 -0.489353
v 0.617932 0.0678404 -0.490603
v 0.614412 0.0576282 -0.486197
v 0.612897 0.0688282 -0.483935
v 0.546467 0.0473626 -0.395272
v 0.544993 0.044108 -0.393262
v 0.548476 0.0443906 -0.397954
v 0.537551 0.0626795 -0.383304
v 0.540776 0.0573365 -0.387633
v 0.542155 0.0634935 -0.389464
v 0.521137 0.0481555 -0.361803
v 0.523398 0.0423131 -0.364676
v 0.525316 0.0490506 -0.367188
v 0.0667032 0.061597 -0.00684015
v 0.0666633 0.0675027 -0.00690784
v 0.0655366 0.0620106 -0.00641847
v 0.0582038 0.0646043 -0.00376162
v 0.0666491 0.0695579 -0.00692863
v 0.63339 0.0248304 -0.510618
v 0.630569 0.0301941 -0.507151
v 0.629645 0.0239613 -0.50573
v 0.576405 0.0287434 -0.43508
v 0.575119 0.0195559 -0.433005
v 0.579125 0.0208401 -0.438438
v 0.444006 0.0623847 -0.272428
v 0.443167 0.0549452 -0.271519
v 0.447097 0.0561515 -0.275678
v 0.429049 0.0449494 -0.256869
v 0.428265 0.0377763 -0.256043
v 0.435005 0.0397089 -0.262957
v 0.382051 0.0484714 -0.211392
v 0.38888 0.0511691 -0.217733
v 0.382676 0.0563169 -0.21201
v 0.32981 0.0390996 -0.165719
v 0.326542 0.0336959 -0.162996
v 0.332872 0.0327231 -0.168231
v 0.311236 0.0619108 -0.150749
v 0.304655 0.067944 -0.145578
v 0.30543 0.0563558 -0.146117
v 0.0115555 0.0906231 0.0107048
v 0.0116275 0.1003 0.0105324
v 0.00166416 0.100316 0.0118651
v 0.00080891 0.0951685 0.00594003
v 0.0130453 0.0988146 0.0101511
v 0.0135516 0.100291 0.00997436
v 0.0212247 0.100259 0.00774592
v 0.0212377 0.0974746 0.00779527
v 0.0194209 0.0921565 0.00842004
v 0.0212793 0.0902151 0.00791585
v 0.0115751 0.0906226 0.0106985
v 0.0116115 0.098539 0.0105637
v 0.0220121 0.099376 0.00752356
v 0.0220004 0.100254 0.00751001
v 0.0289407 0.100237 0.00536326
v 0.0290536 0.0914942 0.00551945
v 0.0307717 0.100233 0.00479845
v 0.0308584 0.0894749 0.00500529
v 0.0283155 0.0896686 0.00577993
v 0.0405453 0.0901054 0.00187326
v 0.0402902 0.100208 0.00169971
v 0.0431776 0.0974939 0.000792022
v 0.0427464 0.100198 0.000866996
v 0.049758 0.100183 -0.00152678
v 0.0499325 0.0911499 -0.00133436
v 0.043701 0.090456 0.000793932
v 0.0589296 0.0917146 -0.00454375
v 0.0591845 0.100159 -0.0048883
v 0.0675265 0.0905265 -0.00769732
v 0.0685627 0.100136 -0.00837736
v 0.0768111 0.089991 -0.0112615
v 0.0778959 0.100109 -0.0119917
v 0.0862854 0.0899061 -0.015063
v 0.0871786 0.100091 -0.0157381
v 0.0956255 0.0898321 -0.0189646
v 0.0964181 0.100068 -0.0196102
v 0.104853 0.089701 -0.022963
v 0.105606 0.100044 -0.0236025
v 0.114029 0.0895286 -0.0270844
v 0.114744 0.100024 -0.0277214
v 0.123169 0.0893504 -0.0313365
v 0.123283 0.0912103 -0.0314415
v 0.121975 0.0908631 -0.0308248
v 0.123832 0.0999991 -0.0319545
v 0.115391 0.0895019 -0.0277172
v 0.132273 0.089199 -0.0357181
v 0.132542 0.094045 -0.0359832
v 0.129371 0.0929081 -0.034421
v 0.132865 0.0999777 -0.0363065
v 0.141318 0.0890976 -0.0402102
v 0.141748 0.0978372 -0.0406654
v 0.136408 0.0954175 -0.0379414
v 0.141851 0.0999516 -0.0407728
v 0.143071 0.0983886 -0.0413569
v 0.145921 0.099939 -0.0428583
v 0.150782 0.0999297 -0.0453539
v 0.150325 0.0890933 -0.0448297
v 0.159313 0.0891604 -0.0495797
v 0.159662 0.0999035 -0.0500414
v 0.168245 0.0892626 -0.054444
v 0.168488 0.099878 -0.0548375
v 0.177091 0.0893525 -0.0593946
v 0.177263 0.0998491 -0.059736
v 0.185861 0.0894196 -0.0644366
v 0.185982 0.099826 -0.0647412
v 0.194561 0.0894597 -0.0695682
v 0.194652 0.099796 -0.0698426
v 0.203194 0.0894758 -0.0747873
v 0.203262 0.0997729 -0.0750428
v 0.211767 0.089475 -0.0800981
v 0.211822 0.0997439 -0.080335
v 0.220285 0.0894638 -0.0855053
v 0.220325 0.0997186 -0.0857198
v 0.228747 0.0894395 -0.090998
v 0.228782 0.0996886 -0.0911964
v 0.237161 0.089399 -0.0965771
v 0.237178 0.0996634 -0.0967576
v 0.245528 0.0893523 -0.10225
v 0.245524 0.099635 -0.102403
v 0.25384 0.0892872 -0.108005
v 0.253815 0.0996084 -0.10813
v 0.260251 0.0915433 -0.112564
v 0.261564 0.0995818 -0.113591
v 0.262053 0.0995842 -0.113939
v 0.262116 0.0892042 -0.113847
v 0.259765 0.0892299 -0.112189
v 0.270355 0.0891133 -0.11978
v 0.270245 0.0995542 -0.119825
v 0.278558 0.0890282 -0.125805
v 0.278379 0.0995276 -0.125786
v 0.286718 0.0889815 -0.13191
v 0.28646 0.0995008 -0.131819
v 0.294781 0.089038 -0.138057
v 0.294489 0.0994749 -0.137923
v 0.302716 0.0891876 -0.144207
v 0.302467 0.0994508 -0.144095
v 0.310702 0.0891963 -0.150502
v 0.310394 0.0994244 -0.150332
v 0.318776 0.088943 -0.156975
v 0.318271 0.0994 -0.156637
v 0.326607 0.08967 -0.163368
v 0.326096 0.0993735 -0.163004
v 0.334368 0.0904116 -0.169808
v 0.333872 0.0993496 -0.16944
v 0.342035 0.0907451 -0.176268
v 0.341592 0.0993245 -0.175931
v 0.349571 0.0906925 -0.182717
v 0.349265 0.0992983 -0.182486
v 0.357032 0.0903589 -0.189194
v 0.356887 0.0992721 -0.189099
v 0.364479 0.0898483 -0.195758
v 0.364456 0.0992512 -0.195769
v 0.371979 0.0892119 -0.202463
v 0.371976 0.0992274 -0.202491
v 0.379572 0.088528 -0.209347
v 0.379447 0.0992052 -0.209268
v 0.387146 0.0881522 -0.216322
v 0.386865 0.0991842 -0.216098
v 0.394588 0.0888933 -0.223281
v 0.394237 0.0991639 -0.222988
v 0.401876 0.0895441 -0.230207
v 0.401553 0.0991468 -0.229937
v 0.409078 0.0897209 -0.237161
v 0.408814 0.0991274 -0.236943
v 0.416276 0.0893749 -0.244222
v 0.416017 0.0991057 -0.244003
v 0.423504 0.0886787 -0.251424
v 0.423169 0.0990861 -0.251129
v 0.430797 0.0881689 -0.258813
v 0.43026 0.0990645 -0.258306
v 0.437964 0.0889715 -0.2662
v 0.437298 0.0990454 -0.265544
v 0.445012 0.0898225 -0.273581
v 0.444273 0.0990244 -0.272833
v 0.451864 0.0902941 -0.280872
v 0.451192 0.0990062 -0.28018
v 0.458591 0.0904462 -0.28814
v 0.458055 0.0989863 -0.287582
v 0.465257 0.0904059 -0.295454
v 0.464861 0.0989649 -0.295038
v 0.471893 0.0902913 -0.302853
v 0.471605 0.0989465 -0.302548
v 0.47851 0.0901468 -0.310348
v 0.478291 0.0989267 -0.310111
v 0.485107 0.0900009 -0.317935
v 0.484917 0.0989102 -0.317728
v 0.491676 0.0898849 -0.32562
v 0.491489 0.0988886 -0.325396
v 0.498228 0.0897972 -0.333404
v 0.498171 0.092111 -0.33333
v 0.497723 0.0904804 -0.332805
v 0.497998 0.0988709 -0.333116
v 0.497579 0.0898049 -0.332631
v 0.49916 0.0973056 -0.33452
v 0.499572 0.0988654 -0.335012
v 0.504444 0.0988528 -0.340882
v 0.504728 0.0898224 -0.341251
v 0.511029 0.0901184 -0.348982
v 0.510839 0.0988308 -0.348701
v 0.515313 0.0927971 -0.354306
v 0.516384 0.0988148 -0.355591
v 0.517172 0.0988092 -0.356567
v 0.51714 0.0903293 -0.356593
v 0.514603 0.0902409 -0.353431
v 0.523004 0.0890236 -0.364027
v 0.523445 0.0987888 -0.36448
v 0.528952 0.0893707 -0.37168
v 0.527272 0.098771 -0.369373
v 0.529664 0.0987618 -0.372435
v 0.529351 0.088687 -0.3722
v 0.528975 0.0887064 -0.371715
v 0.535702 0.0889791 -0.380493
v 0.535836 0.0987275 -0.380427
v 0.541929 0.0891974 -0.388712
v 0.541958 0.0986924 -0.388442
v 0.548036 0.089222 -0.396827
v 0.54804 0.0986627 -0.396461
v 0.554065 0.0891398 -0.404846
v 0.554113 0.0986352 -0.404482
v 0.560069 0.0890675 -0.412821
v 0.560171 0.098618 -0.412496
v 0.566065 0.089081 -0.420773
v 0.566229 0.0986026 -0.420509
v 0.572048 0.0891982 -0.428714
v 0.572277 0.0985909 -0.428518
v 0.578022 0.0893677 -0.43666
v 0.578319 0.0985744 -0.436534
v 0.583992 0.0895035 -0.44462
v 0.584345 0.098557 -0.444552
v 0.589979 0.0895236 -0.452612
v 0.590366 0.0985371 -0.45256
v 0.595984 0.0893842 -0.460607
v 0.596387 0.0985247 -0.460552
v 0.602419 0.0985164 -0.468536
v 0.598395 0.0985224 -0.463209
v 0.602253 0.0949486 -0.46855
v 0.601983 0.0891361 -0.46858
v 0.607978 0.0888497 -0.476522
v 0.608074 0.0907566 -0.476517
v 0.605689 0.0928312 -0.47323
v 0.608461 0.0985027 -0.476502
v 0.613981 0.0885492 -0.484449
v 0.614514 0.0984927 -0.484459
v 0.611899 0.0886519 -0.481697
v 0.619975 0.0881042 -0.492346
v 0.620575 0.0984831 -0.492398
v 0.626109 0.0875081 -0.5004
v 0.626655 0.0984707 -0.500322
v 0.632381 0.0869983 -0.50859
v 0.632751 0.0984611 -0.508231
v 0.638716 0.0867921 -0.516793
v 0.638866 0.098447 -0.516115
v 0.645055 0.0870307 -0.524911
v 0.645005 0.0984386 -0.523985
v 0.651415 0.0874778 -0.532983
v 0.651173 0.0984239 -0.53183
v 0.657753 0.0879324 -0.540964
v 0.657369 0.0984128 -0.539655
v 0.6636 0.0983972 -0.547456
v 0.663018 0.0984002 -0.54673
v 0.663608 0.0982353 -0.54748
v 0.664068 0.0882843 -0.548851
v 0.670364 0.0885374 -0.556655
v 0.669939 0.0968729 -0.555456
v 0.663722 0.0982208 -0.547624
v 0.669862 0.0983864 -0.555239
v 0.676668 0.088718 -0.564401
v 0.676287 0.0960137 -0.56334
v 0.670983 0.0967905 -0.556746
v 0.67616 0.0983719 -0.562997
v 0.682989 0.0889384 -0.572094
v 0.682634 0.0957027 -0.571117
v 0.677896 0.0959757 -0.565309
v 0.682498 0.0983581 -0.570739
v 0.689269 0.0892879 -0.579666
v 0.688979 0.0959443 -0.578777
v 0.684456 0.0957328 -0.573319
v 0.688872 0.0983412 -0.578456
v 0.695513 0.0897761 -0.587115
v 0.695319 0.0969692 -0.586308
v 0.690658 0.0960365 -0.580786
v 0.695281 0.09833 -0.586154
v 0.696347 0.0970026 -0.587528
v 0.699224 0.0983236 -0.590848
v 0.701737 0.0983163 -0.593836
v 0.701776 0.0902272 -0.594524
v 0.708071 0.0902836 -0.601935
v 0.708228 0.0983089 -0.601498
v 0.714434 0.0899054 -0.609385
v 0.714759 0.0983039 -0.60914
v 0.716332 0.0959938 -0.611129
v 0.719043 0.0983027 -0.61411
v 0.721332 0.0983057 -0.616769
v 0.720877 0.089307 -0.616872
v 0.714868 0.0898657 -0.60989
v 0.727561 0.0885308 -0.624561
v 0.727643 0.090584 -0.624522
v 0.726994 0.0894174 -0.623852
v 0.727945 0.0983154 -0.624379
v 0.726715 0.0886295 -0.623588
v 0.729365 0.0960123 -0.626128
v 0.730003 0.0983183 -0.626724
v 0.734596 0.098334 -0.631967
v 0.734547 0.0935341 -0.632176
v 0.733423 0.0894415 -0.631119
v 0.734487 0.0877183 -0.632431
v 0.732931 0.0879017 -0.630664
v 0.737248 0.0943951 -0.635146
v 0.736691 0.0983435 -0.634335
v 0.741294 0.0983681 -0.639541
v 0.741664 0.0878258 -0.640436
v 0.749054 0.0879842 -0.648532
v 0.748721 0.0914764 -0.648049
v 0.746536 0.0913578 -0.645616
v 0.748061 0.0984451 -0.647077
v 0.746185 0.0879232 -0.645389
v 0.763518 0.0881459 -0.64506
v 0.757103 0.0984588 -0.652434
v 0.0583589 0.0846067 -0.00416413
v 0.0647078 0.0795188 -0.00638247
v 0.0512216 0.0822325 -0.00158369
v 0.054608 0.0740219 -0.00262109
v 0.0418626 0.0799732 0.0016371
v 0.0420247 0.0795047 0.00158886
v 0.0420914 0.0798654 0.00156097
v 0.0449735 0.0708277 0.000744412
v 0.0421274 0.080034 0.0015474
v 0.0412138 0.0724758 0.00193161
v 0.0401112 0.0688814 0.00235694
v 0.0358774 0.067183 0.00376307
v 0.0307106 0.0770736 0.00525371
v 0.0236782 0.0677165 0.00749575
v 0.0281161 0.0617735 0.00623163
v 0.0180583 0.0605958 0.0091979
v 0.0186097 0.0598351 0.00905006
v 0.0211337 0.0609566 0.00829115
v 0.0210736 0.056451 0.00837546
v 0.0197347 0.062714 0.00869134
v 0.0121811 0.0531868 0.010908
v 0.0125145 0.052873 0.0102187
v 0.0160533 0.0546071 0.00980481
v 0.0153085 0.0534716 0.00883561
v 0.0130548 0.0523619 0.00910115
v 0.013098 0.0523259 0.00900961
v 0.00863215 0.0626903 0.0117824
v 1.32553e-06 0.0600123 -2.26531e-06
v 0.00350075 0.0649706 0.00448426
v 1.58823e-06 0.0638854 9.5149e-07
v 4.22523e-06 0.0700118 -1.23811e-06
v 0.00902685 0.0728109 0.0115753
v 0.00878673 0.0666122 0.0117007
v 0.00212197 0.0736688 0.00429025
v 4.45475e-06 0.0735036 -1.43697e-06
v 1.47877e-06 0.0800164 2.2675e-07
v 0.00799538 0.0754917 0.0118244
v 0.00117693 0.0811424 0.00205954
v 2.80292e-06 0.0817335 -2.47565e-06
v 2.36629e-06 0.0877299 -1.92099e-06
v 0.0052761 0.0850833 0.00926092
v 3.55008e-06 0.0900214 -3.33017e-06
v 0.00666748 0.0851895 0.0120772
v 0.00620458 0.081534 0.0122438
v 0.00452294 0.0902562 0.00418786
v 0.000320071 0.0920319 0.00232416
v 0.00868662 0.0881654 0.0115031
v 0.043757 0.0877374 0.000833143
v 0.0206228 0.0816524 0.00822497
v 0.026959 0.0823022 0.00631143
v 0.0205194 0.0802869 0.00827406
v 0.0196093 0.0813325 0.008524
v 0.0161763 0.081082 0.00950009
v 0.0129479 0.0816751 0.0104087
v 0.0115533 0.0906216 0.0107036
v 0.0115608 0.090618 0.0107027
v 0.0102953 0.0838094 0.0111063
v 0.0103911 0.0822675 0.0111051
v 0.0073979 0.0861392 0.0118697
v 0.00760229 0.0872362 0.0118017
v 0.0170407 0.0713794 0.0093738
v 0.012338 0.0803035 0.010591
v 0.0133932 0.0805511 0.0102954
v 0.00624822 0.0800342 0.0122475
v 0.00895884 0.080019 0.0115204
v 0.00737742 0.0770949 0.011976
v 0.00900388 0.075076 0.0115592
v 0.00850653 0.0741575 0.0117025
v 0.129489 0.0573543 -0.0338051
v 0.127613 0.0475982 -0.0328238
v 0.120198 0.0582674 -0.0293803
v 0.118853 0.048337 -0.0286677
v 0.111052 0.0588579 -0.0251662
v 0.109866 0.0488571 -0.0245454
v 0.101918 0.0593296 -0.0211031
v 0.100762 0.0492983 -0.0205129
v 0.0928152 0.0597916 -0.0172045
v 0.0916197 0.0497453 -0.0166113
v 0.0838111 0.0603066 -0.0134906
v 0.082518 0.0503063 -0.0128774
v 0.0750289 0.0609028 -0.0100119
v 0.0736043 0.0511527 -0.00936595
v 0.0651586 0.0525298 -0.00617793
v 0.0657166 0.0524359 -0.00638455
v 0.065586 0.0550418 -0.00635822
v 0.0573286 0.054321 -0.00333936
v 0.0478207 0.0622458 -0.000106795
v 0.0493117 0.0541251 -0.00053635
v 0.0391756 0.0588383 0.00279511
v 0.0418875 0.0510686 0.00197852
v 0.0410624 0.0513464 0.00224266
v 0.0411842 0.050665 0.00220951
v 0.034503 0.0468244 0.00439041
v 0.0313941 0.0546288 0.00529857
v 0.0391424 0.058822 0.00280777
v 0.0233236 0.0505151 0.00777073
v 0.0265206 0.0427264 0.00687445
v 0.0128575 0.0469102 0.0107868
v 0.0190297 0.0405703 0.00909227
v 0.00834773 0.0384965 0.012082
v 0.0174988 0.0328487 0.00958142
v 0.00575309 0.0305117 0.0128404
v 0.0115128 0.0277949 0.0112956
v 0.00476158 0.0235742 0.013166
v 0.00873062 0.0234106 0.0120932
v 0.00871282 0.0233842 0.0120985
v 0.00872384 0.0233675 0.0120953
v 0.00502881 0.0223687 0.0131015
v 1.14715e-06 0.0500091 -2.33063e-06
v 0.0223768 0.0506816 0.00788562
v 0.0130429 0.051123 0.00940679
v 0.0391362 0.0589321 0.00280684
v 0.039126 0.0588497 0.00281215
v 0.0399321 0.0655077 0.00244887
v 0.0702503 0.0748206 -0.00840849
v 0.0727672 0.0797879 -0.00946139
v 0.0757284 0.079888 -0.0105916
v 0.0756074 0.0702814 -0.0103669
v 0.067357 0.0696158 -0.00720124
v 0.0847435 0.0701425 -0.0140051
v 0.0854478 0.0799309 -0.0144781
v 0.0938758 0.0697897 -0.0177881
v 0.0947873 0.0797663 -0.0183632
v 0.103019 0.0693849 -0.0217227
v 0.104 0.0794933 -0.0223423
v 0.112194 0.0689408 -0.0258159
v 0.11319 0.0791665 -0.0264565
v 0.121414 0.0684116 -0.0300796
v 0.122379 0.0788085 -0.0307207
v 0.130757 0.0677645 -0.0345478
v 0.131593 0.0784604 -0.0351419
v 0.140149 0.067211 -0.039201
v 0.140752 0.0782427 -0.0396883
v 0.149654 0.0675664 -0.0440761
v 0.149921 0.0783097 -0.0443891
v 0.158999 0.0680712 -0.0490251
v 0.159074 0.0785409 -0.049235
v 0.16809 0.0684593 -0.0539873
v 0.168108 0.0787812 -0.0541582
v 0.177004 0.0687211 -0.058989
v 0.177007 0.0789702 -0.0591453
v 0.185792 0.0688912 -0.0640511
v 0.185802 0.0791043 -0.0642076
v 0.194499 0.0690029 -0.0692007
v 0.194511 0.0791932 -0.0693548
v 0.203135 0.069074 -0.0744395
v 0.203137 0.0694718 -0.0744454
v 0.202862 0.0693944 -0.0742773
v 0.203153 0.0792436 -0.0745896
v 0.201637 0.0690599 -0.0735304
v 0.211711 0.0691086 -0.0797683
v 0.211716 0.0718933 -0.0798076
v 0.20982 0.0713485 -0.078624
v 0.21173 0.0792639 -0.0799115
v 0.220227 0.069115 -0.0851828
v 0.22024 0.074407 -0.0852561
v 0.21671 0.0733184 -0.0830026
v 0.220249 0.0792617 -0.0853241
v 0.228697 0.0691 -0.0906952
v 0.228714 0.0769929 -0.0907973
v 0.223507 0.0753449 -0.0873968
v 0.228719 0.0792397 -0.0908296
v 0.230219 0.0774196 -0.0918061
v 0.236186 0.0792017 -0.095791
v 0.237138 0.079198 -0.0964245
v 0.237111 0.0690594 -0.0962921
v 0.245487 0.0689955 -0.101984
v 0.245508 0.0791382 -0.102108
v 0.253816 0.0689009 -0.107763
v 0.253839 0.0790458 -0.107879
v 0.262128 0.0687753 -0.113648
v 0.262136 0.0789362 -0.11375
v 0.270433 0.0686128 -0.119646
v 0.27042 0.0787975 -0.119725
v 0.278768 0.0683994 -0.125781
v 0.278705 0.0786381 -0.125816
v 0.287191 0.0681285 -0.132099
v 0.286996 0.0785018 -0.132029
v 0.295794 0.0678486 -0.138671
v 0.295226 0.0785182 -0.138312
v 0.303096 0.0790124 -0.144429
v 0.31023 0.0721831 -0.150011
v 0.310694 0.0796523 -0.150431
v 0.314978 0.0687388 -0.153786
v 0.319444 0.0774543 -0.157444
v 0.319505 0.0642597 -0.157413
v 0.324377 0.0678169 -0.161408
v 0.318933 0.0555926 -0.156898
v 0.327226 0.0590976 -0.163696
v 0.324379 0.0459546 -0.161282
v 0.330633 0.050693 -0.166465
v 0.335214 0.0432741 -0.170239
v 0.340811 0.0354358 -0.174908
v 0.333317 0.025255 -0.168567
v 0.3412 0.0257191 -0.175188
v 0.33347 0.0168138 -0.168659
v 0.341265 0.0167202 -0.175201
v 0.333625 0.00804592 -0.16875
v 0.341376 0.00791399 -0.175259
v 0.333857 -0.000807287 -0.16891
v 0.341588 -0.000830149 -0.1754
v 0.0078615 0.00502437 0.0124347
v 0.00745707 0.00361237 0.0120996
v 0.00596074 -0.00011696 0.0121067
v 0.00944119 0.00928252 0.0119846
v 0.00808975 0.00938562 0.0123566
v 0.0079689 0.00793942 0.0123981
v 0.00931252 0.0120174 0.0120097
v 0.00715874 0.0126534 0.0125968
v 0.00702228 0.0107939 0.0126456
v 0.00687106 0.012738 0.0126762
v 0.00702176 0.0128169 0.0126323
v 0.00694403 0.0128646 0.0126525
v 0.00783389 0.0144182 0.0123997
v 0.0092934 0.0139645 0.012003
v 0.00820684 0.0146313 0.0122988
v 0.00794804 0.0147319 0.0123684
v 0.00839992 0.0160017 0.0122374
v 0.00932928 0.0152865 0.0119832
v 0.00929179 0.0140045 0.0120024
v 0.00947117 0.0160052 0.0119415
v 0.00898813 0.0162676 0.0120741
v 0.00964894 0.0167136 0.0118857
v 0.00913246 0.0168295 0.0120316
v 0.00984642 0.0174305 0.0118286
v 0.00870383 0.0175649 0.0121411
v 0.0106518 0.0182132 0.0115999
v 0.00961964 0.0194487 0.0118763
v 0.012322 0.0184414 0.0111301
v 0.0113525 0.0212521 0.0113856
v 0.0145757 0.0182023 0.010496
v 0.0145287 0.0228114 0.0104823
v 0.0192286 0.0232184 0.00913264
v 0.0263447 0.0213712 0.00701724
v 0.0203352 0.0229311 0.00880414
v 0.0239449 0.0142924 0.00774219
v 0.022385 0.00969934 0.00821464
v 0.0317136 0.00900088 0.00531859
v 0.0338853 0.0186549 0.00466663
v 0.0247423 0.0095223 0.00748384
v 0.0408727 0.00878085 0.00232842
v 0.0419418 0.0169852 0.00203216
v 0.041967 0.0169796 0.00202363
v 0.0410256 0.00856404 0.00227837
v 0.0408629 0.00857253 0.00233224
v 0.0503191 0.00887076 -0.000895371
v 0.0505042 0.0179487 -0.000879664
v 0.0595891 0.00943899 -0.00419965
v 0.059672 0.0196663 -0.00413069
v 0.0689158 0.00974928 -0.00767152
v 0.0692853 0.0200834 -0.00770629
v 0.0789493 0.0199555 -0.011466
v 0.070118 0.0200729 -0.00803068
v 0.0785076 0.0129573 -0.0113666
v 0.0783072 0.00980113 -0.0113204
v 0.0876611 0.00970637 -0.0151081
v 0.0877707 0.0111648 -0.015134
v 0.0858569 0.0118269 -0.0143514
v 0.088411 0.019707 -0.0153025
v 0.096924 0.00955446 -0.0190058
v 0.0970137 0.0106697 -0.0190297
v 0.0958334 0.010857 -0.0185317
v 0.0976893 0.019433 -0.0192184
v 0.106088 0.00938567 -0.0230057
v 0.10616 0.0103154 -0.0230284
v 0.105243 0.0104003 -0.0226272
v 0.106825 0.0191485 -0.0232221
v 0.115163 0.00923455 -0.0271142
v 0.115199 0.0097848 -0.0271248
v 0.114666 0.00982494 -0.026881
v 0.115828 0.0188523 -0.0273091
v 0.12417 0.00909179 -0.0313291
v 0.124723 0.0185802 -0.0314866
v 0.122087 0.00912571 -0.0303543
v 0.133144 0.00899825 -0.0356709
v 0.133568 0.0183893 -0.0357759
v 0.142056 0.00896364 -0.0401159
v 0.142362 0.0183429 -0.0401711
v 0.150921 0.00898945 -0.0446746
v 0.151128 0.0184364 -0.0446885
v 0.159744 0.0090511 -0.0493468
v 0.159862 0.0185893 -0.0493219
v 0.168512 0.00911731 -0.0541261
v 0.168584 0.018751 -0.054084
v 0.177252 0.00917796 -0.0590189
v 0.177288 0.0188826 -0.0589634
v 0.185946 0.00922512 -0.0640201
v 0.185963 0.0189835 -0.0639628
v 0.194591 0.00925432 -0.069124
v 0.194591 0.0190494 -0.069061
v 0.203187 0.00927251 -0.0743272
v 0.203178 0.0190927 -0.0742638
v 0.211737 0.00928149 -0.0796286
v 0.211722 0.0191197 -0.0795686
v 0.220232 0.0092745 -0.0850206
v 0.220219 0.0191371 -0.0849725
v 0.228685 0.00927269 -0.0905117
v 0.228667 0.0191353 -0.090464
v 0.23708 0.00925567 -0.0960858
v 0.237055 0.0191173 -0.0960395
v 0.245405 0.0190949 -0.101711
v 0.238636 0.0191158 -0.097116
v 0.245412 0.0163363 -0.101722
v 0.24542 0.00923199 -0.101742
v 0.25372 0.00920332 -0.107492
v 0.253715 0.0125988 -0.107482
v 0.249223 0.014556 -0.104367
v 0.253705 0.0190521 -0.107469
v 0.261955 0.00915557 -0.113311
v 0.261951 0.0189801 -0.113301
v 0.260564 0.00916389 -0.112328
v 0.270138 0.00909041 -0.119208
v 0.270132 0.0188805 -0.119206
v 0.278257 0.00900753 -0.125171
v 0.278251 0.0187327 -0.125173
v 0.286316 0.00890377 -0.131197
v 0.286294 0.0185407 -0.131195
v 0.294325 0.00879232 -0.137296
v 0.29427 0.0183207 -0.137274
v 0.302285 0.00867761 -0.14346
v 0.302209 0.0181066 -0.143424
v 0.310203 0.00854479 -0.149699
v 0.310141 0.0179108 -0.149679
v 0.318025 0.00838653 -0.155959
v 0.317912 0.0176444 -0.155901
v 0.325814 0.00820063 -0.162295
v 0.32565 0.0171436 -0.162195
v 0.0127529 0.010853 0.0110415
v 0.0127829 0.00971294 0.0110365
v 0.010895 0.0125172 0.0115624
v 0.0111901 0.0118321 0.0114807
v 0.0111029 0.0144275 0.0114957
v 0.00938747 0.0139899 0.011976
v 0.0104505 0.0135462 0.0116834
v 0.00933021 0.0140184 0.0119929
v 0.0102424 0.015399 0.0117303
v 0.00995417 0.015933 0.0118061
v 0.0101783 0.016427 0.0117416
v 0.0103356 0.0169799 0.0116961
v 0.0108952 0.0170781 0.01154
v 0.0116679 0.0169553 0.0113223
v 0.012244 0.0164995 0.0111629
v 0.0128957 0.0166981 0.0109808
v 0.012101 0.0157767 0.0112106
v 0.011384 0.0157811 0.0114109
v 0.0107205 0.0161313 0.0115943
v 0.326076 -0.000790752 -0.162476
v 0.318244 -0.000767267 -0.156108
v 0.31036 -0.000750432 -0.149796
v 0.302432 -0.000731823 -0.143556
v 0.294445 -0.00071208 -0.137375
v 0.286413 -0.00069639 -0.131264
v 0.278329 -0.000676474 -0.125227
v 0.27019 -0.000657583 -0.119257
v 0.262001 -0.00064043 -0.113364
v 0.262248 -0.000639367 -0.113543
v 0.261994 0.000975339 -0.113354
v 0.25376 -0.000621271 -0.10755
v 0.245464 -0.000600878 -0.101814
v 0.237111 -0.000579863 -0.0961565
v 0.228712 -0.000559033 -0.0905899
v 0.220256 -0.000539069 -0.0851062
v 0.211743 -0.000516179 -0.079712
v 0.203182 -0.000495579 -0.0744128
v 0.194567 -0.000477956 -0.069205
v 0.185895 -0.000454998 -0.0640972
v 0.177169 -0.000436285 -0.0590852
v 0.168393 -0.000417922 -0.054179
v 0.15956 -0.000400431 -0.0493751
v 0.150677 -0.000384302 -0.0446813
v 0.141738 -0.000369997 -0.040094
v 0.147539 -0.000376979 -0.0430732
v 0.141843 0.00270667 -0.0401022
v 0.13303 0.00631112 -0.0356537
v 0.137322 0.00444495 -0.0378226
v 0.13275 -0.000357915 -0.035621
v 0.124154 0.00875918 -0.0313257
v 0.124604 0.0086144 -0.0315477
v 0.123708 -0.000343836 -0.0312648
v 0.114614 -0.000337231 -0.0270209
v 0.105472 -0.0003289 -0.0229017
v 0.0962782 -0.000323174 -0.0189007
v 0.0870359 -0.000319602 -0.0150215
v 0.0777463 -0.00031298 -0.0112699
v 0.0684092 -0.0003024 -0.00764536
v 0.0590265 -0.000291645 -0.00414506
v 0.0495954 -0.000275377 -0.000770909
v 0.0401201 -0.000252503 0.00247369
v 0.0379373 0.00215285 0.00321108
v 0.0370905 -0.000242369 0.00346437
v 0.0306063 -0.000226975 0.00558728
v 0.0211507 0.000539643 0.00854474
v 0.0241635 0.00755103 0.00764667
v 0.0210529 -0.000192215 0.00856869
v 0.32571 0.0258831 -0.162281
v 0.317971 0.0272714 -0.155984
v 0.310144 0.0273433 -0.14971
v 0.302173 0.0275139 -0.143428
v 0.294298 0.027879 -0.137322
v 0.286355 0.0282464 -0.131266
v 0.278311 0.0285241 -0.125235
v 0.270174 0.0287203 -0.11925
v 0.261971 0.0288528 -0.113329
v 0.253711 0.0289369 -0.107478
v 0.245404 0.0289903 -0.101711
v 0.237052 0.019601 -0.096037
v 0.23705 0.0290239 -0.0960343
v 0.22865 0.0290395 -0.090445
v 0.228662 0.0221319 -0.0904579
v 0.236512 0.0197587 -0.0956775
v 0.220205 0.0290366 -0.0849473
v 0.220208 0.0246059 -0.0849573
v 0.225273 0.0231088 -0.0882542
v 0.211711 0.0290173 -0.0795449
v 0.211714 0.0270146 -0.079549
v 0.214005 0.0263509 -0.0810068
v 0.203168 0.0289773 -0.0742349
v 0.204552 0.0289833 -0.0750949
v 0.194587 0.0289173 -0.0690281
v 0.185953 0.0288182 -0.0639199
v 0.177276 0.0286812 -0.0589204
v 0.16858 0.0284873 -0.0540366
v 0.159898 0.0282406 -0.0492959
v 0.151248 0.0279558 -0.0446995
v 0.142625 0.0277305 -0.0402494
v 0.134051 0.0277791 -0.0359561
v 0.125403 0.0281237 -0.0317514
v 0.116642 0.0285549 -0.0276254
v 0.107707 0.0289617 -0.023553
v 0.0985976 0.0293313 -0.0195495
v 0.0893239 0.0296851 -0.015623
v 0.0798118 0.0300519 -0.0117536
v 0.069367 0.02157 -0.00773129
v 0.0698584 0.0305168 -0.00787296
v 0.0586064 0.0313422 -0.00370581
v 0.0672064 0.0307102 -0.00689042
v 0.0489594 0.0263266 -0.000313396
v 0.0426301 0.0233353 0.00182522
v 0.0418839 0.0171583 0.00205356
v 0.0373814 0.0270088 0.00355089
v 0.0388838 0.0259592 0.00305501
v 0.0293764 0.0327186 0.00606008
v 0.0190791 0.0240496 0.00917025
v 0.0132953 0.0248463 0.0108168
v 0.0178021 0.0240665 0.00953064
v 0.00876092 0.0233867 0.0120841
v 0.00882826 0.0233976 0.0120681
v 0.00743094 0.0163727 0.0124981
v 0.00717649 0.0155003 0.0125746
v 0.00688339 0.0153778 0.0126556
v 0.00704297 0.0156727 0.0126111
v 0.00637532 0.0149937 0.0127919
v 0.00601727 0.0153536 0.0128876
v 0.00400587 0.0126813 0.0134455
v 0.00440731 0.0135512 0.0133276
v 0.00567986 0.0131315 0.0129912
v 0.00455553 0.0106837 0.0133196
v 1.77041e-06 0.00999497 -8.51977e-06
v 0.000295672 0.00792371 0.00259625
v 0.00199189 0.00984269 0.00543593
v 0.0042361 0.00967158 0.0115836
v 0.000627285 0.00559053 0.00553179
v 0.00470469 0.0101478 0.0132832
v 0.00417506 0.0120725 0.0134075
v 0.0390106 0.0269131 0.00300734
v 0.0390636 0.0285051 0.00299414
v 0.0439405 0.0328413 0.00138804
v 0.0508208 0.0382734 -0.000961779
v 0.0628253 0.0425598 -0.00525715
v 0.0554624 0.0455642 -0.00261565
v 0.0398316 0.0375117 0.00272383
v 0.0388361 0.0327973 0.00302476
v 0.0383411 0.039209 0.00320558
v 0.0400255 0.0390827 0.00264365
v 0.04039 0.0406624 0.00252713
v 0.0452179 0.04409 0.000922317
v 0.0500866 0.0479451 -0.000754962
v 0.0421637 0.0448697 0.00190995
v 0.313121 0.048765 -0.152182
v 0.318494 0.038492 -0.156455
v 0.308756 0.0438921 -0.148681
v 0.309919 0.0364338 -0.14957
v 0.302751 0.0462175 -0.143958
v 0.302187 0.036772 -0.143474
v 0.295042 0.047471 -0.137972
v 0.294499 0.0375185 -0.137509
v 0.286853 0.0480513 -0.131721
v 0.286542 0.038065 -0.13144
v 0.278601 0.0483688 -0.125528
v 0.278438 0.0384092 -0.125365
v 0.270338 0.0485759 -0.119443
v 0.270247 0.0386238 -0.119333
v 0.262063 0.0487203 -0.113462
v 0.262012 0.0387644 -0.113382
v 0.253762 0.0488245 -0.107581
v 0.253733 0.0388616 -0.107518
v 0.245432 0.0488953 -0.101796
v 0.245413 0.0389236 -0.10174
v 0.237065 0.0489425 -0.0961053
v 0.237051 0.0389616 -0.0960534
v 0.228651 0.0489656 -0.0905024
v 0.228645 0.0389806 -0.0904594
v 0.220191 0.0489688 -0.0849925
v 0.220192 0.0389753 -0.0849521
v 0.211685 0.048951 -0.0795798
v 0.211703 0.0389627 -0.0795501
v 0.20314 0.0489146 -0.0742656
v 0.203155 0.0389149 -0.0742333
v 0.19453 0.0488336 -0.0690381
v 0.194555 0.0388428 -0.0690153
v 0.185864 0.0487197 -0.0639104
v 0.185915 0.0387363 -0.0638999
v 0.177223 0.0385715 -0.0588846
v 0.181644 0.0386551 -0.0614368
v 0.177192 0.042801 -0.0588843
v 0.177145 0.0485499 -0.0588772
v 0.168364 0.0483041 -0.0539463
v 0.168508 0.0383398 -0.0539913
v 0.170796 0.0483712 -0.0553112
v 0.15955 0.04793 -0.0491302
v 0.159807 0.0380099 -0.0492366
v 0.150778 0.0473237 -0.0444723
v 0.1512 0.0375489 -0.0446614
v 0.142743 0.0370414 -0.0402966
v 0.134644 0.0371081 -0.0362331
v 0.126292 0.0377569 -0.03216
v 0.117643 0.0383748 -0.0280718
v 0.108729 0.0388703 -0.0239976
v 0.0996341 0.0392879 -0.0199865
v 0.0904227 0.0396971 -0.0160723
v 0.0810811 0.0401795 -0.0122548
v 0.0717042 0.0409463 -0.00858255
v 0.0657423 0.0514904 -0.0063905
v 0.0663828 0.0419118 -0.00658788
v 0.295826 0.0575167 -0.138631
v 0.287141 0.0580359 -0.131994
v 0.278727 0.0583417 -0.125678
v 0.270402 0.0585559 -0.119547
v 0.262101 0.0587165 -0.113553
v 0.253797 0.0588309 -0.107667
v 0.245452 0.0589084 -0.101873
v 0.237085 0.058972 -0.0961827
v 0.228669 0.059004 -0.0905806
v 0.220205 0.0590156 -0.0850721
v 0.211693 0.0590014 -0.0796553
v 0.203126 0.0589589 -0.0743278
v 0.194497 0.0657972 -0.069165
v 0.196468 0.0667097 -0.0703719
v 0.194497 0.0588784 -0.0690915
v 0.185804 0.0618839 -0.0639841
v 0.19016 0.0638689 -0.0665826
v 0.18581 0.0587601 -0.0639493
v 0.183815 0.0610159 -0.0628249
v 0.178482 0.0586144 -0.0597233
v 0.177057 0.0585866 -0.0589033
v 0.168194 0.0583161 -0.0539271
v 0.159179 0.0578772 -0.0490061
v 0.149844 0.0570922 -0.0440528
v 0.0671553 0.0690333 -0.00711349
v 0.749527 0.0817504 -0.649195
v 0.758484 0.0815582 -0.646281
v 0.763376 0.0782217 -0.645111
v 0.749768 0.0785183 -0.649537
v 0.763426 0.0816123 -0.645095
v 0.748197 0.0803233 -0.647773
v 0.746629 0.0783574 -0.646128
v 0.742206 0.0781307 -0.641324
v 0.742137 0.0793755 -0.641212
v 0.745431 0.0835013 -0.644667
v 0.741789 0.0855853 -0.640643
v 0.742665 0.0866754 -0.641557
v 0.749291 0.0848635 -0.648864
v 0.749599 0.0808156 -0.649295
v 0.741146 0.0794483 -0.640107
v 0.740604 0.0778245 -0.639567
v 0.734156 0.0765802 -0.632481
v 0.734297 0.0812811 -0.632462
v 0.735875 0.0859974 -0.63403
v 0.726718 0.0792857 -0.62404
v 0.725 0.0822346 -0.621929
v 0.724373 0.0796973 -0.621348
v 0.720144 0.0804458 -0.616502
v 0.714709 0.089452 -0.609726
v 0.714398 0.081408 -0.609836
v 0.713929 0.081488 -0.609295
v 0.707895 0.0823285 -0.602224
v 0.702092 0.082109 -0.595418
v 0.696201 0.0808347 -0.588504
v 0.690088 0.0797577 -0.581256
v 0.683763 0.0792613 -0.573644
v 0.677368 0.0789999 -0.565868
v 0.671051 0.0787812 -0.558108
v 0.664769 0.0784511 -0.55033
v 0.658461 0.07788 -0.542457
v 0.663605 0.0783461 -0.548878
v 0.658404 0.0786802 -0.542338
v 0.651893 0.079413 -0.534062
v 0.657814 0.0787571 -0.541586
v 0.652038 0.0769843 -0.534384
v 0.645295 0.0803862 -0.52559
v 0.650149 0.0796999 -0.531823
v 0.645457 0.0758581 -0.526048
v 0.638721 0.08156 -0.517076
v 0.642315 0.0809589 -0.521732
v 0.638724 0.0750559 -0.51743
v 0.632224 0.0831882 -0.508586
v 0.634769 0.0825039 -0.511916
v 0.631908 0.0756792 -0.50858
v 0.625914 0.0848237 -0.500291
v 0.627652 0.0843638 -0.502576
v 0.625333 0.0767624 -0.499965
v 0.619843 0.0864533 -0.49226
v 0.620897 0.0861552 -0.493656
v 0.619158 0.0779351 -0.491822
v 0.613952 0.0880739 -0.484438
v 0.614246 0.0880108 -0.484824
v 0.613389 0.0786816 -0.4842
v 0.607448 0.0791221 -0.476337
v 0.601475 0.0797396 -0.468401
v 0.595551 0.0803251 -0.460498
v 0.589638 0.0806155 -0.4526
v 0.583755 0.080473 -0.444741
v 0.577876 0.0800619 -0.436893
v 0.571958 0.0796127 -0.429007
v 0.566003 0.0793256 -0.421072
v 0.560014 0.0793099 -0.413096
v 0.554029 0.0795479 -0.405113
v 0.548064 0.0798847 -0.397134
v 0.542014 0.0800347 -0.389056
v 0.547814 0.0798919 -0.396801
v 0.541978 0.0839273 -0.388908
v 0.53574 0.0857118 -0.380607
v 0.53871 0.0847165 -0.384574
v 0.53581 0.0796115 -0.380817
v 0.529346 0.0883288 -0.372201
v 0.52961 0.0883217 -0.372547
v 0.529243 0.0786784 -0.372198
v 0.52135 0.0776362 -0.362024
v 0.516738 0.0830983 -0.356141
v 0.514338 0.0860502 -0.35313
v 0.513991 0.0819425 -0.352715
v 0.511677 0.0809685 -0.349827
v 0.505118 0.0805865 -0.34175
v 0.498416 0.0807226 -0.333638
v 0.49644 0.083408 -0.331288
v 0.495992 0.0807899 -0.330753
v 0.4918 0.0809083 -0.325765
v 0.48522 0.0810826 -0.31806
v 0.478657 0.0812851 -0.310502
v 0.472112 0.0815148 -0.303079
v 0.465598 0.0817437 -0.29581
v 0.459129 0.0818848 -0.288702
v 0.452665 0.0817424 -0.281703
v 0.446094 0.0810409 -0.274695
v 0.439251 0.0793848 -0.267503
v 0.431403 0.0759628 -0.259387
v 0.423216 0.0784968 -0.251095
v 0.41612 0.0801082 -0.244028
v 0.40926 0.0808146 -0.2373
v 0.402475 0.0803557 -0.230741
v 0.39561 0.0790322 -0.224202
v 0.38765 0.0759122 -0.216726
v 0.379184 0.0779373 -0.208938
v 0.371522 0.079381 -0.202002
v 0.364146 0.0805275 -0.195414
v 0.356911 0.0814814 -0.189046
v 0.349744 0.0821726 -0.182819
v 0.342539 0.0824222 -0.176654
v 0.335191 0.0818775 -0.170448
v 0.327777 0.0802293 -0.164275
v 0.25384 0.0863996 -0.107969
v 0.255523 0.087187 -0.109168
v 0.245515 0.0827622 -0.102158
v 0.249574 0.0843342 -0.10499
v 0.237139 0.0795599 -0.09643
v 0.243362 0.0817746 -0.100686
v 0.23692 0.0794612 -0.0962815
v 0.114013 0.0893629 -0.0270741
v 0.114147 0.0893764 -0.0271375
v 0.104767 0.0886391 -0.0229018
v 0.105631 0.0887222 -0.0232905
v 0.0954667 0.0879365 -0.0188514
v 0.0970003 0.0881347 -0.0195198
v 0.0860235 0.0867962 -0.0148812
v 0.0884303 0.087349 -0.0158949
v 0.0760816 0.0831758 -0.0108089
v 0.0805394 0.0856463 -0.0126479
v 0.0739899 0.0821451 -0.00997913
v 0.0119363 0.0464128 0.0100177
v 0.0125357 0.0463052 0.0108809
v 3.58021e-06 0.0400025 -1.5018e-06
v 4.27642e-06 0.0492893 -2.07057e-06
v 0.00362163 0.033686 0.00523849
v 0.00687892 0.033976 0.0125097
v 3.75403e-06 0.0300019 -4.55064e-06
v 4.93898e-06 0.034337 -2.27979e-06
v 0.00300007 0.0254746 0.0066943
v 0.00531395 0.027441 0.0129827
v 2.1887e-06 0.0199984 -2.90411e-06
v 1.29369e-06 0.0252094 8.63569e-07
v 0.00557046 0.0199417 0.0129793
v 0.00547324 0.0196073 0.0130056
v 0.00461374 0.0227813 0.0132097
v 0.00479768 0.0234158 0.0131551
v 0.00131646 0.0190762 0.0048668
v 0.00583262 0.0159302 0.0129334
v 0.00552428 0.0163696 0.013017
v 0.00557882 0.01848 0.0129857
v 0.00651074 0.0171364 0.0127443
v 0.00520683 0.0192906 0.0130815
v 0.00454593 0.0185139 0.0132625
v 0.00388492 0.017737 0.0134438
v 0.00688894 0.0159527 0.0126502
v 0.0667662 0.0358117 -0.00672285
v 0.185922 0.0369558 -0.0639057
v 0.194572 0.0333363 -0.0690208
v 0.188423 0.035897 -0.0653853
v 0.203165 0.0295996 -0.0742326
v 0.202299 0.029972 -0.0737088
v 0.177072 0.0567735 -0.0588985
v 0.173594 0.0524257 -0.0569148
v 0.177792 0.0577626 -0.059321
v 0.447465 0.0727141 -0.276119
v 0.453463 0.073401 -0.282535
v 0.448839 0.0650618 -0.277556
v 0.453993 0.065298 -0.283081
v 0.449806 0.0592865 -0.278568
v 0.453621 0.057179 -0.282657
v 0.450667 0.0485095 -0.279453
v 0.443408 0.0472831 -0.271746
v 0.438098 0.0564868 -0.266226
v 0.436764 0.0489041 -0.26481
v 0.433063 0.0605599 -0.261033
v 0.430872 0.0525948 -0.258759
v 0.427586 0.0654774 -0.255456
v 0.424893 0.0563373 -0.252699
v 0.42147 0.0689428 -0.249306
v 0.419036 0.0597981 -0.24684
v 0.415336 0.0714319 -0.24322
v 0.413598 0.0632561 -0.241471
v 0.409368 0.0726422 -0.23737
v 0.409473 0.0662241 -0.237443
v 0.403488 0.0714913 -0.231677
v 0.405474 0.0629009 -0.233551
v 0.397694 0.0696788 -0.22613
v 0.399293 0.0584322 -0.227595
v 0.392359 0.0686187 -0.221084
v 0.391046 0.0609274 -0.219812
v 0.384615 0.0651656 -0.213853
v 0.377728 0.0679196 -0.20755
v 0.370559 0.0697753 -0.201076
v 0.363423 0.0712582 -0.194717
v 0.356458 0.0726186 -0.188593
v 0.349654 0.0738109 -0.182694
v 0.342968 0.0745331 -0.176969
v 0.336383 0.0740447 -0.171404
v 0.330388 0.0712999 -0.166384
v 0.415377 0.00909287 -0.242999
v 0.408147 0.00908439 -0.235903
v 0.408824 -0.00100024 -0.236523
v 0.416025 -0.00101826 -0.243602
v 0.414719 0.0191999 -0.242391
v 0.407477 0.0191203 -0.235292
v 0.413994 0.0295112 -0.241716
v 0.406903 0.0288625 -0.234777
v 0.412667 0.0413359 -0.240461
v 0.406594 0.037028 -0.234517
v 0.405574 0.0494036 -0.233582
v 0.399719 0.0414315 -0.227917
v 0.396026 0.0505202 -0.22445
v 0.376209 0.0584311 -0.206109
v 0.369362 0.0603496 -0.199941
v 0.362351 0.0619116 -0.193706
v 0.355537 0.0636823 -0.187734
v 0.34904 0.0656446 -0.182113
v 0.342831 0.0672247 -0.17681
v 0.337745 0.0681062 -0.172511
v 0.334324 0.062718 -0.169609
v 0.341568 0.0609875 -0.175698
v 0.336287 0.0540677 -0.171201
v 0.340831 0.0558592 -0.175043
v 0.339975 0.0476251 -0.17427
v 0.344849 0.0516878 -0.178431
v 0.343572 0.0423975 -0.17729
v 0.350664 0.0447069 -0.183383
v 0.349593 0.0345019 -0.182402
v 0.348943 0.025313 -0.181794
v 0.348845 0.0164105 -0.181664
v 0.348993 0.00772801 -0.181754
v 0.349271 -0.000850566 -0.181955
v 0.375162 0.0492096 -0.205098
v 0.368288 0.0514377 -0.198921
v 0.361094 0.05234 -0.192534
v 0.353875 0.0545243 -0.186227
v 0.347579 0.0580623 -0.180809
v 0.390802 0.039985 -0.219471
v 0.382751 0.0389035 -0.21198
v 0.373637 0.0385215 -0.203655
v 0.367482 0.0441998 -0.198156
v 0.360533 0.0415572 -0.191972
v 0.371448 0.00789059 -0.201516
v 0.364006 0.00758736 -0.194862
v 0.364478 -0.000888931 -0.195246
v 0.372001 -0.000907172 -0.201979
v 0.370619 0.0166957 -0.200813
v 0.363433 0.0159294 -0.194393
v 0.369281 0.0253913 -0.199656
v 0.36281 0.0237696 -0.193883
v 0.366515 0.0337805 -0.19723
v 0.362254 0.0300932 -0.193426
v 0.357105 0.0328123 -0.188913
v 0.356516 0.00756453 -0.188269
v 0.356897 -0.000868607 -0.188568
v 0.356206 0.0159888 -0.188036
v 0.356167 0.0243296 -0.188046
v 0.376213 0.0276834 -0.205932
v 0.377806 0.0178346 -0.20733
v 0.378816 0.00835214 -0.208208
v 0.379475 -0.000927699 -0.208773
v 0.436448 0.0674115 -0.264551
v 0.43955 0.0619621 -0.267755
v 0.400851 0.00909164 -0.228855
v 0.401565 -0.000980059 -0.2295
v 0.393532 0.00901002 -0.221892
v 0.394253 -0.000962007 -0.222532
v 0.386173 0.00876474 -0.214997
v 0.386892 -0.000946019 -0.215624
v 0.385207 0.0187013 -0.214146
v 0.3927 0.0191637 -0.221153
v 0.400116 0.0192596 -0.228196
v 0.383987 0.0288645 -0.213069
v 0.39183 0.029557 -0.220384
v 0.3995 0.0296797 -0.227654
v 0.422627 0.0476521 -0.250383
v 0.421205 0.039007 -0.24892
v 0.416047 0.051005 -0.243838
v 0.4101 0.0561538 -0.238012
v 0.443166 0.0385174 -0.271461
v 0.45062 0.0382243 -0.279368
v 0.457885 0.0374718 -0.287208
v 0.45831 0.0466734 -0.2877
v 0.46493 0.0367646 -0.294937
v 0.465225 0.0458469 -0.295295
v 0.471774 0.0362754 -0.30257
v 0.471952 0.0453782 -0.302804
v 0.478495 0.035924 -0.31019
v 0.478605 0.0450526 -0.31035
v 0.485126 0.035661 -0.317835
v 0.485207 0.0448059 -0.317965
v 0.491676 0.0354277 -0.325511
v 0.491746 0.0445743 -0.325632
v 0.495058 0.0397433 -0.329559
v 0.495025 0.0444453 -0.329543
v 0.498202 0.04432 -0.33333
v 0.498174 0.035196 -0.333254
v 0.49507 0.0353076 -0.329555
v 0.504657 0.0349782 -0.341112
v 0.50453 0.0440409 -0.341003
v 0.511305 0.0349064 -0.349308
v 0.510689 0.0440208 -0.348598
v 0.518768 0.0353548 -0.358704
v 0.516432 0.0451269 -0.3558
v 0.640024 0.0315344 -0.51942
v 0.643586 0.0232101 -0.523695
v 0.636695 0.0279751 -0.51501
v 0.639867 0.0195276 -0.518748
v 0.635381 0.0170307 -0.512837
v 0.630345 0.0160918 -0.506267
v 0.624818 0.0254508 -0.499501
v 0.624899 0.0165016 -0.499208
v 0.619165 0.0273884 -0.492176
v 0.61913 0.0173651 -0.491715
v 0.612354 0.0296467 -0.483287
v 0.613202 0.0178128 -0.483952
v 0.606402 0.0255047 -0.475276
v 0.607352 0.0168042 -0.476177
v 0.600836 0.0245376 -0.46783
v 0.601429 0.0160227 -0.468269
v 0.59528 0.0245375 -0.460381
v 0.595691 0.0156349 -0.460568
v 0.589629 0.0243013 -0.45276
v 0.589806 0.0211914 -0.452863
v 0.590751 0.0226991 -0.454202
v 0.590143 0.0152178 -0.453065
v 0.592471 0.0244221 -0.456595
v 0.588021 0.0179956 -0.450319
v 0.587076 0.0147559 -0.448896
v 0.584935 0.0144311 -0.445982
v 0.584093 0.0231397 -0.44523
v 0.58014 0.0127626 -0.439431
v 0.575913 0.0101912 -0.433632
v 0.576873 0.0107738 -0.434948
v 0.575731 0.0123586 -0.433487
v 0.570436 0.0191717 -0.426736
v 0.571197 0.00906319 -0.427293
v 0.57245 0.0193383 -0.429433
v 0.56519 0.0185743 -0.419728
v 0.56571 0.00857258 -0.419992
v 0.55967 0.0182809 -0.412379
v 0.559931 0.0084193 -0.412337
v 0.554067 0.0182376 -0.40492
v 0.554055 0.00849053 -0.404542
v 0.548396 0.01858 -0.397361
v 0.548074 0.00884547 -0.396604
v 0.542591 0.0196434 -0.389636
v 0.542327 0.0161133 -0.389183
v 0.544238 0.0164024 -0.391731
v 0.541845 0.00964615 -0.388353
v 0.545123 0.0191798 -0.393006
v 0.536846 0.0219119 -0.38204
v 0.53504 0.0123713 -0.379437
v 0.540059 0.0140331 -0.386099
v 0.534817 0.0112085 -0.379117
v 0.534549 0.0123377 -0.378787
v 0.534101 0.0121716 -0.378202
v 0.529267 0.0186718 -0.372014
v 0.530724 0.0241464 -0.374009
v 0.531642 0.0244913 -0.375212
v 0.531251 0.0261158 -0.374727
v 0.533268 0.0246012 -0.377363
v 0.525403 0.030414 -0.367165
v 0.52369 0.0227251 -0.364861
v 0.526878 0.0259357 -0.369013
v 0.523658 0.0225712 -0.364815
v 0.523574 0.0227888 -0.364711
v 0.523476 0.0226431 -0.364583
v 0.517636 0.0249882 -0.357171
v 0.511193 0.0257216 -0.349102
v 0.504651 0.0259531 -0.341043
v 0.49814 0.0261196 -0.333158
v 0.495281 0.0302351 -0.329779
v 0.495561 0.0261942 -0.330088
v 0.491618 0.0263118 -0.325397
v 0.485047 0.0265137 -0.317701
v 0.478385 0.0267635 -0.31003
v 0.471634 0.0270803 -0.302374
v 0.46476 0.0274983 -0.294713
v 0.457741 0.0280011 -0.287016
v 0.450592 0.0284985 -0.279305
v 0.443266 0.028886 -0.271528
v 0.435847 0.029101 -0.263789
v 0.428692 0.0288175 -0.256444
v 0.421332 0.0292408 -0.24901
v 0.515794 0.0795496 -0.355018
v 0.518008 0.0748851 -0.357813
v 0.513481 0.0711603 -0.352109
v 0.505394 0.0716496 -0.342103
v 0.498492 0.0718359 -0.333734
v 0.496276 0.0748379 -0.331095
v 0.496298 0.0718791 -0.331116
v 0.491859 0.0719736 -0.325828
v 0.485283 0.0721265 -0.318122
v 0.478733 0.0723476 -0.310569
v 0.472229 0.0726303 -0.303192
v 0.465819 0.0729744 -0.296034
v 0.459557 0.0733124 -0.289145
v 0.520079 0.0556564 -0.360466
v 0.515373 0.0532429 -0.354491
v 0.518072 0.0636313 -0.357908
v 0.514726 0.0596057 -0.353687
v 0.510804 0.0617055 -0.348783
v 0.504866 0.0626213 -0.341457
v 0.498395 0.0628382 -0.333609
v 0.495921 0.0662974 -0.330662
v 0.495628 0.0628887 -0.330311
v 0.491854 0.0629556 -0.325813
v 0.4853 0.0630924 -0.318127
v 0.478745 0.0633048 -0.310566
v 0.472234 0.0636053 -0.303176
v 0.465836 0.0640436 -0.296031
v 0.459697 0.0646542 -0.289272
v 0.510275 0.0528604 -0.348115
v 0.504514 0.0532456 -0.341013
v 0.498267 0.0535597 -0.333438
v 0.495476 0.0576484 -0.330119
v 0.495216 0.053664 -0.329803
v 0.49181 0.0537777 -0.32574
v 0.485272 0.0539623 -0.31807
v 0.478694 0.0541857 -0.310482
v 0.472124 0.0544861 -0.303025
v 0.465606 0.0549213 -0.295746
v 0.459269 0.0556792 -0.288779
v 0.495198 0.0487639 -0.329763
v 0.421925 0.019164 -0.249562
v 0.429179 0.0190684 -0.256898
v 0.436361 0.0190656 -0.264284
v 0.443549 0.0189637 -0.271789
v 0.450689 0.0187258 -0.27937
v 0.457745 0.0184033 -0.286981
v 0.464699 0.018079 -0.294611
v 0.471561 0.0177732 -0.302257
v 0.478315 0.0175256 -0.309905
v 0.48498 0.0173286 -0.317576
v 0.491557 0.0171619 -0.325271
v 0.495205 0.0211538 -0.329631
v 0.498086 0.0170097 -0.333034
v 0.495261 0.0170786 -0.329679
v 0.504551 0.0168241 -0.340854
v 0.510927 0.0164934 -0.348685
v 0.517032 0.0158393 -0.356301
v 0.517326 0.0202944 -0.356724
v 0.515394 0.018609 -0.354283
v 0.514527 0.0161074 -0.353176
v 0.51871 0.0227835 -0.358507
v 0.522617 0.0147413 -0.363372
v 0.527039 0.0136684 -0.369032
v 0.528797 0.00920019 -0.37122
v 0.528706 0.00732471 -0.371064
v 0.527939 0.0102362 -0.370129
v 0.529698 -0.00129615 -0.372169
v 0.535873 -0.00130219 -0.380161
v 0.527421 0.00888676 -0.369441
v 0.526359 0.00709857 -0.368051
v 0.522886 0.00676131 -0.363588
v 0.516965 0.00709941 -0.35611
v 0.513213 0.0129342 -0.351497
v 0.512695 0.00736317 -0.350798
v 0.510804 0.00747853 -0.348444
v 0.504471 0.00772673 -0.340679
v 0.498032 0.00787648 -0.332908
v 0.495818 0.0110488 -0.330298
v 0.496247 0.00790633 -0.330788
v 0.491515 0.00798421 -0.325169
v 0.484934 0.00808923 -0.317477
v 0.478283 0.00821092 -0.309827
v 0.471552 0.00835731 -0.302206
v 0.464739 0.00852789 -0.294615
v 0.457856 0.00869593 -0.287063
v 0.450902 0.00885714 -0.279559
v 0.443886 0.00897973 -0.272108
v 0.436823 0.00903779 -0.264722
v 0.429711 0.00906317 -0.257403
v 0.422553 0.00908326 -0.250154
v 0.527069 0.00181333 -0.368854
v 0.527989 -0.00129447 -0.369982
v 0.523477 -0.00129049 -0.364212
v 0.517195 -0.00128086 -0.356293
v 0.512978 0.00449805 -0.351114
v 0.513633 -0.00127149 -0.351872
v 0.510859 -0.0012687 -0.348422
v 0.504461 -0.0012509 -0.340597
v 0.498008 -0.00123754 -0.332819
v 0.497829 -0.000978589 -0.33261
v 0.497872 -0.0012332 -0.332661
v 0.491499 -0.00122038 -0.325096
v 0.484927 -0.00120007 -0.317423
v 0.478295 -0.0011814 -0.309798
v 0.471609 -0.00116469 -0.302229
v 0.464863 -0.00114553 -0.294713
v 0.458059 -0.00112849 -0.287248
v 0.451193 -0.00110926 -0.279835
v 0.444274 -0.00109233 -0.272478
v 0.437297 -0.0010734 -0.265176
v 0.430261 -0.00105703 -0.257926
v 0.423173 -0.00103863 -0.250738
v 0.522651 0.0719611 -0.363722
v 0.52375 0.0671513 -0.365161
v 0.530251 0.0687794 -0.373604
v 0.529787 0.0733139 -0.372958
v 0.524842 0.074163 -0.366569
v 0.536354 0.0706985 -0.381655
v 0.536124 0.0745009 -0.381296
v 0.533 0.0744603 -0.377193
v 0.542163 0.0713452 -0.389401
v 0.541646 0.071286 -0.38871
v 0.548061 0.079635 -0.397138
v 0.547992 0.0706636 -0.397218
v 0.553899 0.06978 -0.405153
v 0.553957 0.0740374 -0.405134
v 0.548437 0.0792332 -0.397647
v 0.559958 0.0692474 -0.41327
v 0.559977 0.0721272 -0.413222
v 0.558006 0.072637 -0.410586
v 0.566062 0.0692208 -0.42143
v 0.566038 0.0733812 -0.421282
v 0.563871 0.0728775 -0.418414
v 0.572085 0.0697719 -0.429478
v 0.572011 0.0754891 -0.429202
v 0.569403 0.0739812 -0.425771
v 0.577982 0.0706663 -0.437356
v 0.577897 0.0784321 -0.436975
v 0.574711 0.0755244 -0.432819
v 0.583712 0.0715564 -0.445009
v 0.583736 0.0766339 -0.444855
v 0.579341 0.0779279 -0.438929
v 0.589359 0.0719766 -0.452554
v 0.589384 0.0727376 -0.452559
v 0.588022 0.0740049 -0.450693
v 0.595026 0.0714649 -0.460143
v 0.592017 0.0717342 -0.45611
v 0.600819 0.0703621 -0.46789
v 0.606879 0.0692076 -0.47597
v 0.606882 0.0692336 -0.475973
v 0.606866 0.0692311 -0.475949
v 0.606628 0.069255 -0.475634
v 0.612914 0.069153 -0.483945
v 0.612711 0.0691771 -0.483679
v 0.624216 0.0662876 -0.498888
v 0.631105 0.0647844 -0.507919
v 0.638919 0.0623478 -0.518103
v 0.646485 0.0650966 -0.527753
v 0.653101 0.0670272 -0.536128
v 0.659431 0.0682333 -0.544083
v 0.66479 0.078215 -0.550367
v 0.665614 0.0688516 -0.551803
v 0.671813 0.0691496 -0.559482
v 0.671119 0.0779329 -0.558229
v 0.664954 0.0782097 -0.55057
v 0.678118 0.0693122 -0.567223
v 0.677452 0.0779227 -0.566019
v 0.671688 0.0779287 -0.55893
v 0.684659 0.0694462 -0.575177
v 0.683896 0.0778111 -0.573871
v 0.678209 0.0778965 -0.566941
v 0.691288 0.0696051 -0.583155
v 0.690419 0.0769588 -0.581781
v 0.685106 0.0775361 -0.575345
v 0.697725 0.0713592 -0.590764
v 0.697102 0.0752248 -0.589844
v 0.693581 0.0759194 -0.585604
v 0.701004 0.0732777 -0.594563
v 0.713083 0.072942 -0.608691
v 0.714712 0.0799603 -0.610256
v 0.719169 0.0712556 -0.615744
v 0.716501 0.0719948 -0.612653
v 0.72577 0.0739205 -0.623148
v 0.734501 0.0693208 -0.633019
v 0.736267 0.0714326 -0.634948
v 0.737449 0.0685537 -0.636321
v 0.734911 0.0607826 -0.633653
v 0.730174 0.0681099 -0.628264
v 0.738871 0.0660304 -0.637913
v 0.73941 0.0686052 -0.638465
v 0.742988 0.0687022 -0.642378
v 0.741461 0.0614358 -0.640813
v 0.743088 0.0687045 -0.642487
v 0.7427 0.0592387 -0.642195
v 0.740265 0.0597216 -0.639525
v 0.735165 0.0607317 -0.633931
v 0.748965 0.0603172 -0.648942
v 0.748821 0.0686777 -0.648693
v 0.750159 0.0686715 -0.65014
v 0.750114 0.0586781 -0.650199
v 0.748142 0.058831 -0.648074
v 0.763219 0.0583952 -0.645079
v 0.763269 0.0663205 -0.645096
v 0.752772 0.0666133 -0.649125
v 0.763279 0.0683067 -0.645101
v 0.750151 0.0666725 -0.650154
v 0.606226 0.0594248 -0.475339
v 0.600712 0.0693729 -0.467771
v 0.601327 0.0693348 -0.468587
v 0.599822 0.0611941 -0.466791
v 0.594909 0.0701548 -0.460016
v 0.595661 0.0700993 -0.46102
v 0.594261 0.0629233 -0.459342
v 0.589165 0.0639382 -0.452502
v 0.58406 0.0628411 -0.445677
v 0.578549 0.0611365 -0.438305
v 0.572558 0.0596339 -0.430283
v 0.566283 0.0586 -0.421879
v 0.559823 0.0588177 -0.413222
v 0.553476 0.059683 -0.404697
v 0.547499 0.0615642 -0.396653
v 0.545262 0.0623686 -0.393642
v 0.542163 0.0705069 -0.389407
v 0.532095 0.0575587 -0.376073
v 0.525348 0.0575292 -0.367244
v 0.559574 0.0483852 -0.412888
v 0.559388 0.0382252 -0.412526
v 0.55252 0.0489199 -0.40342
v 0.553873 0.0378369 -0.40513
v 0.549028 0.0367813 -0.398612
v 0.544278 0.0371671 -0.392232
v 0.543754 0.039333 -0.391547
v 0.543251 0.037696 -0.390864
v 0.539841 0.039449 -0.386306
v 0.541917 0.0469239 -0.389148
v 0.54485 0.0442375 -0.393072
v 0.537554 0.0511811 -0.383315
v 0.535127 0.0431099 -0.38004
v 0.530156 0.0469703 -0.373497
v 0.606999 0.0329625 -0.47626
v 0.604969 0.0315222 -0.47355
v 0.604905 0.0317912 -0.47347
v 0.607342 0.0371926 -0.476819
v 0.610037 0.0331372 -0.480294
v 0.601984 0.0407299 -0.469742
v 0.600683 0.0327504 -0.467865
v 0.596051 0.0427546 -0.461829
v 0.59522 0.0336862 -0.460569
v 0.588903 0.0450695 -0.452255
v 0.589118 0.0339695 -0.452362
v 0.581544 0.0419203 -0.442317
v 0.5828 0.0322102 -0.443795
v 0.575196 0.039622 -0.433737
v 0.570282 0.0285449 -0.426865
v 0.564915 0.0281676 -0.419686
v 0.566214 0.0282571 -0.42142
v 0.564912 0.0292841 -0.419708
v 0.559434 0.03301 -0.412474
v 0.563906 0.0300062 -0.41838
v 0.55948 0.028123 -0.41243
v 0.553967 0.0336051 -0.405172
v 0.55619 0.0338228 -0.408147
v 0.554093 0.0279412 -0.405231
v 0.55189 0.0317833 -0.402352
v 0.549704 0.0279508 -0.399357
v 0.548808 0.0279504 -0.398155
v 0.543481 0.0288884 -0.391036
v 0.542058 0.0330226 -0.389186
v 0.540713 0.0300692 -0.38735
v 0.538314 0.0310984 -0.384161
v 0.533136 0.0344994 -0.377322
v 0.527948 0.0382947 -0.370546
v 0.537502 0.0260082 -0.382985
v 0.535724 0.0257189 -0.380613
v 0.539503 0.0279165 -0.385683
v 0.548738 0.0264228 -0.398026
v 0.546861 0.0217993 -0.395387
v 0.54919 0.0272461 -0.398649
v 0.570357 0.0239686 -0.426804
v 0.546002 0.0528995 -0.394659
v 0.545154 0.0455136 -0.393485
v 0.546305 0.0492916 -0.395056
v 0.633264 0.0352506 -0.510779
v 0.628803 0.0435458 -0.505112
v 0.626704 0.0365332 -0.502266
v 0.629643 0.0372038 -0.506079
v 0.626005 0.0342055 -0.501318
v 0.632643 0.0364073 -0.509992
v 0.625398 0.0363151 -0.500549
v 0.623617 0.035483 -0.498223
v 0.620592 0.0371001 -0.494299
v 0.622386 0.0467173 -0.496747
v 0.617286 0.0481141 -0.490051
v 0.614935 0.0403773 -0.486911
v 0.610037 0.0459406 -0.48048
v 0.604153 0.0495773 -0.472676
v 0.598066 0.0518467 -0.464557
v 0.592627 0.0542303 -0.457265
v 0.589082 0.0573485 -0.452489
v 0.585368 0.054047 -0.447528
v 0.579797 0.0514387 -0.440041
v 0.573579 0.0494375 -0.431678
v 0.547733 0.0518423 -0.396986
v 0.546639 0.0565881 -0.395507
v 0.678859 0.0596391 -0.568402
v 0.679625 0.0499101 -0.56945
v 0.672588 0.0595466 -0.560703
v 0.673307 0.0498959 -0.561695
v 0.666512 0.0593809 -0.553174
v 0.667335 0.0499179 -0.554296
v 0.66059 0.0589032 -0.545776
v 0.661691 0.0497985 -0.547243
v 0.65474 0.0576704 -0.538416
v 0.656521 0.0493396 -0.540737
v 0.648629 0.0540338 -0.530694
v 0.652558 0.0481419 -0.535716
v 0.647156 0.0438932 -0.528806
v 0.652108 0.0415018 -0.535096
v 0.652024 0.0330112 -0.534817
v 0.651279 0.0237903 -0.533551
v 0.649219 0.0130534 -0.530371
v 0.649925 0.016721 -0.531457
v 0.6474 0.0163294 -0.528216
v 0.641356 0.0149942 -0.5204
v 0.645325 0.0157507 -0.52553
v 0.643065 0.0097875 -0.522298
v 0.63612 0.0136439 -0.513586
v 0.638368 0.0142154 -0.516513
v 0.637327 0.00810624 -0.514811
v 0.630813 0.0126168 -0.506663
v 0.632975 0.0130834 -0.509483
v 0.63151 0.00745867 -0.507253
v 0.625278 0.0119019 -0.49943
v 0.627846 0.0124677 -0.502795
v 0.625645 0.00748418 -0.499645
v 0.619531 0.0111066 -0.491876
v 0.622747 0.0118816 -0.496118
v 0.619748 0.00773856 -0.491969
v 0.613656 0.0107864 -0.484154
v 0.61744 0.0112892 -0.489141
v 0.613848 0.0078489 -0.484241
v 0.607674 0.0117986 -0.476324
v 0.611383 0.0112471 -0.481182
v 0.607941 0.00761112 -0.476447
v 0.601599 0.013284 -0.468346
v 0.604092 0.0125849 -0.471611
v 0.601972 0.00727235 -0.468511
v 0.595873 0.0118177 -0.460603
v 0.598525 0.0118587 -0.46415
v 0.59611 0.00693485 -0.460655
v 0.590393 0.00775956 -0.453004
v 0.594254 0.00951057 -0.458295
v 0.590435 0.00656076 -0.452994
v 0.589995 0.0071902 -0.452435
v 0.588987 0.00644138 -0.451035
v 0.585215 0.0061262 -0.445924
v 0.585002 0.0124026 -0.445967
v 0.585889 0.0130641 -0.447201
v 0.580662 0.00991851 -0.439986
v 0.581715 0.010705 -0.441446
v 0.581366 0.00610541 -0.44073
v 0.578394 -0.00136837 -0.436338
v 0.572357 -0.00135591 -0.428298
v 0.566297 -0.00133373 -0.420272
v 0.560236 -0.00131682 -0.412257
v 0.554169 -0.001301 -0.40424
v 0.548098 -0.00130074 -0.396211
v 0.542005 -0.00130296 -0.388181
v 0.62035 0.0354325 -0.493935
v 0.621177 0.0354869 -0.495017
v 0.61353 0.0345383 -0.484938
v 0.616634 0.0351612 -0.489024
v 0.61157 0.0351611 -0.482339
v 0.600715 0.0310856 -0.467859
v 0.601919 0.0311859 -0.469467
v 0.595252 0.0290388 -0.460473
v 0.597247 0.0303798 -0.463188
v 0.593258 0.0276338 -0.457753
v 0.645374 0.0480692 -0.526527
v 0.645958 0.0441441 -0.527271
v 0.64117 0.0451415 -0.521135
v 0.642983 0.053662 -0.523466
v 0.644163 0.0537399 -0.524977
v 0.637143 0.0568721 -0.515884
v 0.640607 0.0494376 -0.520379
v 0.635605 0.0521211 -0.513959
v 0.642578 0.0545329 -0.52293
v 0.630561 0.0611134 -0.50728
v 0.633075 0.0592456 -0.510564
v 0.629608 0.0546606 -0.506151
v 0.623958 0.0643555 -0.498591
v 0.625534 0.063445 -0.500666
v 0.622912 0.0564835 -0.497385
v 0.618084 0.0677655 -0.490802
v 0.584408 -0.0013702 -0.444388
v 0.584836 0.0025951 -0.445201
v 0.583322 0.00129563 -0.443082
v 0.581553 -0.00137088 -0.440564
v 0.587008 0.00353752 -0.448171
v 0.590402 -0.00136575 -0.452436
v 0.596391 -0.00136495 -0.460462
v 0.602398 -0.0013745 -0.46846
v 0.608429 -0.00138324 -0.476444
v 0.614482 -0.00140035 -0.484401
v 0.620546 -0.00140886 -0.492341
v 0.626636 -0.0014226 -0.500266
v 0.632741 -0.00142783 -0.508177
v 0.638866 -0.00143289 -0.516069
v 0.645008 -0.00143241 -0.523943
v 0.651176 -0.00142982 -0.531799
v 0.657374 -0.0014236 -0.539639
v 0.656543 0.0107396 -0.539517
v 0.663595 -0.00141243 -0.547453
v 0.663572 -0.00100249 -0.547455
v 0.66339 -0.00105905 -0.547223
v 0.662946 0.00967283 -0.547507
v 0.662415 -0.00141545 -0.545969
v 0.669853 -0.00139978 -0.555249
v 0.669731 0.000427935 -0.555246
v 0.668817 0.000263919 -0.55409
v 0.669162 0.00915611 -0.555227
v 0.676143 -0.00138031 -0.563024
v 0.675958 0.00109806 -0.562992
v 0.674599 0.000952313 -0.561301
v 0.675364 0.00890114 -0.562884
v 0.682472 -0.00136278 -0.570776
v 0.682263 0.00109757 -0.570716
v 0.680794 0.00106157 -0.568913
v 0.681602 0.00877526 -0.570524
v 0.68884 -0.00134237 -0.578508
v 0.688674 0.000405116 -0.578447
v 0.687545 0.000464297 -0.577078
v 0.687899 0.00871847 -0.578167
v 0.695247 -0.00132416 -0.586217
v 0.695236 -0.00120418 -0.586211
v 0.695152 -0.00119568 -0.586111
v 0.694266 0.0087441 -0.585824
v 0.701697 -0.00130805 -0.593906
v 0.700701 0.00884472 -0.593496
v 0.695599 -0.00132397 -0.586636
v 0.708191 -0.0013002 -0.601576
v 0.707185 0.00897937 -0.601149
v 0.714725 -0.00129127 -0.609229
v 0.713719 0.00908598 -0.608787
v 0.715563 0.00656036 -0.610751
v 0.714524 0.00908392 -0.609718
v 0.720317 0.00905716 -0.616408
v 0.721298 -0.00129773 -0.616858
v 0.716889 -0.00129504 -0.611739
v 0.726994 0.00882757 -0.624034
v 0.725215 0.00889126 -0.622005
v 0.727437 0.00391002 -0.624248
v 0.727912 -0.00130509 -0.624476
v 0.733678 0.00843038 -0.631582
v 0.731293 0.0085711 -0.628887
v 0.734371 0.000845321 -0.631965
v 0.73457 -0.00133531 -0.632076
v 0.729313 -0.00131445 -0.626072
v 0.740056 0.00807923 -0.638703
v 0.739324 0.00811674 -0.637883
v 0.740314 0.00610254 -0.638903
v 0.741273 -0.0013785 -0.639651
v 0.73556 -0.00134415 -0.633192
v 0.746169 0.00844099 -0.645453
v 0.744922 0.008369 -0.644078
v 0.746879 0.00606225 -0.645644
v 0.749116 -0.00143163 -0.646244
v 0.743307 0.00466681 -0.641406
v 0.740394 0.00809692 -0.639073
v 0.751044 0.00854815 -0.645286
v 0.74701 0.00878743 -0.646376
v 0.748939 0.00958353 -0.648492
v 0.76225 0.00878964 -0.644898
v 0.749167 0.00968006 -0.648745
v 0.763578 0.00882117 -0.644854
v 0.762476 0.0080377 -0.64496
v 0.753163 0.00143744 -0.645851
v 0.75264 0.0118895 -0.647814
v 0.749346 0.0118944 -0.648988
v 0.749555 0.0144022 -0.649266
v 0.756583 0.0143947 -0.646759
v 0.749759 0.0169168 -0.649546
v 0.760522 0.0169044 -0.645705
v 0.749909 0.0187567 -0.649749
v 0.76341 0.018742 -0.644934
v 0.763447 0.0167302 -0.64492
v 0.763494 0.013983 -0.644896
v 0.763538 0.0112421 -0.644876
v 0.751232 0.0197318 -0.649279
v 0.749915 0.0197278 -0.649772
v 0.749936 0.0233547 -0.649855
v 0.756167 0.0233828 -0.647517
v 0.749956 0.0269816 -0.649937
v 0.761107 0.0270326 -0.645759
v 0.749962 0.0286005 -0.649975
v 0.763303 0.0286561 -0.644971
v 0.763321 0.02703 -0.644966
v 0.763362 0.0233747 -0.644954
v 0.763402 0.0197192 -0.64494
v 0.76323 0.0385687 -0.645006
v 0.749457 0.0384909 -0.649526
v 0.763207 0.0484803 -0.645042
v 0.749758 0.0486192 -0.649875
v 0.633789 0.0452816 -0.511604
v 0.636942 0.0394567 -0.515618
v 0.640938 0.0424181 -0.520788
v 0.641684 0.0426862 -0.521761
v 0.637578 0.0378239 -0.516402
v 0.70118 0.0611289 -0.595157
v 0.702805 0.0695308 -0.596816
v 0.70459 0.066652 -0.599011
v 0.657186 0.040564 -0.541518
v 0.662396 0.0402688 -0.548068
v 0.667964 0.0400574 -0.555023
v 0.673852 0.039848 -0.562308
v 0.679957 0.0395798 -0.569795
v 0.686031 0.038953 -0.577165
v 0.691863 0.0378827 -0.584162
v 0.691653 0.0455618 -0.583988
v 0.697728 0.0385667 -0.591158
v 0.69597 0.0484078 -0.589143
v 0.703855 0.0396149 -0.598395
v 0.702205 0.0499902 -0.596501
v 0.70844 0.0429975 -0.603749
v 0.708713 0.0501605 -0.604099
v 0.710643 0.0405298 -0.606306
v 0.708398 0.0402292 -0.603692
v 0.718405 0.0426911 -0.615236
v 0.72317 0.0513563 -0.620646
v 0.718558 0.0605853 -0.61531
v 0.723341 0.0587983 -0.620733
v 0.720068 0.0612602 -0.617011
v 0.728459 0.0568879 -0.626537
v 0.724919 0.0531849 -0.622594
v 0.735627 0.0509977 -0.63452
v 0.738754 0.0502174 -0.637943
v 0.739121 0.0550679 -0.638312
v 0.742265 0.0493397 -0.641786
v 0.734972 0.0599502 -0.633727
v 0.734256 0.0428247 -0.633009
v 0.73905 0.0392785 -0.638243
v 0.738363 0.0461609 -0.637507
v 0.740953 0.0378699 -0.64032
v 0.734038 0.0294258 -0.632616
v 0.735915 0.0317182 -0.634708
v 0.731722 0.0367327 -0.630155
v 0.73166 0.0369287 -0.630089
v 0.739272 0.0376987 -0.638468
v 0.74005 0.0367687 -0.639315
v 0.726084 0.0385267 -0.623883
v 0.725994 0.0294085 -0.623637
v 0.731141 0.0370773 -0.629513
v 0.720825 0.0384591 -0.617913
v 0.718792 0.0304654 -0.615499
v 0.718771 0.0304677 -0.615473
v 0.723773 0.0397783 -0.621281
v 0.711849 0.0301448 -0.607514
v 0.70513 0.0296644 -0.599682
v 0.706952 0.0359456 -0.601928
v 0.705149 0.0294947 -0.599705
v 0.705081 0.0295805 -0.599626
v 0.705017 0.0294803 -0.599548
v 0.698792 0.0288693 -0.592203
v 0.692531 0.0285621 -0.584738
v 0.686407 0.0288196 -0.577382
v 0.680337 0.0292032 -0.570016
v 0.674298 0.0295496 -0.562621
v 0.668399 0.0299097 -0.555324
v 0.662707 0.0304445 -0.548235
v 0.657245 0.0313948 -0.541389
v 0.744771 0.0182941 -0.644166
v 0.747324 0.0185232 -0.646939
v 0.743949 0.0253257 -0.64341
v 0.743671 0.0277195 -0.64315
v 0.747009 0.028186 -0.64677
v 0.749915 0.0193803 -0.649764
v 0.739188 0.0175039 -0.638035
v 0.739693 0.0175744 -0.63859
v 0.739169 0.0183799 -0.638036
v 0.739076 0.0226643 -0.638031
v 0.742167 0.0179265 -0.641307
v 0.739025 0.0249848 -0.63803
v 0.744169 0.0189968 -0.643524
v 0.744636 0.0182786 -0.644021
v 0.74283 0.0272238 -0.642223
v 0.740225 0.0256868 -0.63935
v 0.733748 0.0259249 -0.632211
v 0.735644 0.0257058 -0.634306
v 0.738589 0.0188925 -0.637404
v 0.733221 0.0195104 -0.63147
v 0.733135 0.0184673 -0.631348
v 0.732395 0.0196033 -0.630551
v 0.731932 0.0185997 -0.630001
v 0.726362 0.0192135 -0.623764
v 0.72622 0.0230951 -0.623714
v 0.727843 0.0265786 -0.625635
v 0.724846 0.0214563 -0.622109
v 0.724393 0.0193258 -0.621527
v 0.71948 0.019608 -0.615949
v 0.718772 0.030408 -0.615473
v 0.718784 0.0304476 -0.615486
v 0.716522 0.0236931 -0.612682
v 0.715319 0.0195817 -0.611159
v 0.712794 0.0195629 -0.60825
v 0.706205 0.0192692 -0.600564
v 0.6993 0.0235733 -0.592593
v 0.701434 0.0254433 -0.595181
v 0.699743 0.0189416 -0.592939
v 0.693144 0.0212535 -0.585175
v 0.697107 0.0224591 -0.589943
v 0.693355 0.0187532 -0.585326
v 0.686967 0.0204826 -0.57771
v 0.691811 0.0209899 -0.583557
v 0.687078 0.0187786 -0.577774
v 0.68083 0.0200994 -0.570239
v 0.686038 0.0203867 -0.57658
v 0.680892 0.018955 -0.570268
v 0.674755 0.0195983 -0.562768
v 0.680221 0.0200347 -0.569488
v 0.674775 0.0192122 -0.562778
v 0.674558 0.0195744 -0.562525
v 0.672597 0.0193391 -0.560087
v 0.668743 0.0195668 -0.555327
v 0.662801 0.0201991 -0.547938
v 0.656934 0.021409 -0.540613
v 0.746996 0.00878147 -0.64636
v 0.745599 0.0124564 -0.64493
v 0.744814 0.0179975 -0.644208
v 0.748133 0.00925459 -0.647611
v 0.749232 0.0104968 -0.648833
v 0.739986 0.0088794 -0.63865
v 0.742159 0.013648 -0.641193
v 0.739498 0.00891967 -0.638109
v 0.731002 0.0123758 -0.628724
v 0.72503 0.0116428 -0.621923
v 0.715563 0.0156955 -0.611254
v 0.668762 0.0190856 -0.555324
v 0.669034 0.0190948 -0.555659
v 0.662824 0.0186105 -0.547874
v 0.663685 0.0186644 -0.548952
v 0.656806 0.0178789 -0.540251
v 0.658661 0.0180417 -0.542591
v 0.653769 0.0176163 -0.536374
v 0.708668 0.0503237 -0.604047
v 0.706788 0.0586253 -0.601757
v 0.71144 0.0648149 -0.607047
v 0.718771 0.0643308 -0.615461
v 0.728384 0.0458713 -0.626504
v 0.727359 0.0425943 -0.625337
v 0.73037 0.0520989 -0.628702
v 0.730695 0.0512882 -0.629069
v 0.729935 0.0556744 -0.628182
v 0.736698 0.0743372 -0.63533
v 0.742592 0.0740089 -0.641835
v 0.739849 0.0715591 -0.638858
v 0.743076 0.0688512 -0.642472
v 0.743001 0.0687824 -0.642389
v 0.744308 0.0756319 -0.643655
v 0.749874 0.0759516 -0.649696
v 0.746937 0.0725054 -0.646569
v 0.750104 0.0700146 -0.650056
v 0.749563 0.0693796 -0.649481
v 0.763313 0.0717713 -0.645105
v 0.758558 0.0718747 -0.646651
v 0.752689 0.0763139 -0.648582
v 0.763352 0.0760819 -0.645108
v 0.749856 0.0763889 -0.649668
v 0.750023 0.0721124 -0.64993
v 0.749661 0.0486248 -0.649767
v 0.747882 0.0560213 -0.647806
v 0.749181 0.0384693 -0.649226
v 0.749688 0.0485304 -0.649796
v 0.749239 0.0380872 -0.649285
v 0.0138977 0.0167571 0.0106978
v 0.740702 0.0361931 -0.640022
v 0.739553 0.0285099 -0.638656
v 0.634528 0.0366962 -0.512443
v 0.63334 0.0366333 -0.510895
v 0.636905 0.037886 -0.515535
v 0.44166 0.070803 -0.269992
v 2.10168e-06 0.0186424 -2.92398e-06
v 0.00051879 0.0110529 0.00191104
v 4.65385e-06 0.0108777 -7.13977e-06
v 0.00369468 0.0142999 0.0135174
v 0.0127771 -0.000151377 0.0110262
v 0.013253 0.00146383 0.0108944
v 0.0209366 -0.000190945 0.00860307
v 0.0182219 0.0657572 0.0090781
v 0.0145934 0.064446 0.0101331
v 0.0157397 0.0677026 0.0097789
v 0.00883147 0.0677943 0.0116774
v 0.0126925 0.0672998 0.0106272
v 0.0138113 0.0113564 0.0105407
v 0.00944119 0.00928252 0.0117846
v 0.00484581 0.00962457 0.0130528
v 0.000718464 0.00495237 0.00613237
v 0.00461676 0.00487798 0.0131334
v 0.00687106 0.012738 0.0124762
v 0.00550095 0.0153372 0.0128282
v 0.00691006 0.0178478 0.0124305
v 0.00870383 0.0175649 0.0119411
v 0.00961964 0.0194487 0.0116763
v 0.0106518 0.0182132 0.0113999
v 0.012322 0.0184414 0.0109301
v 0.0113525 0.0212521 0.0111856
v 0.00783676 0.020239 0.0121598
v 0.00873062 0.0234106 0.0118932
v 0.0145287 0.0228114 0.0102823
v 0.0115128 0.0277949 0.0110956
v 0.00575309 0.0305117 0.0126404
v 0.00476158 0.0235742 0.012966
v 2.1887e-06 0.0199984 -0.000202904
v 0.00364135 0.0174474 0.0133112
v 0.00370233 0.0137824 0.0133163
v 0.00561164 0.0197648 0.012768
v 0.0174988 0.0328487 0.00938142
v 0.0192286 0.0232184 0.00893264
v 0.0145757 0.0182023 0.010296
v 0.0138977 0.0167571 0.0104978
v 0.0143264 0.0153882 0.0103786
v 0.0127914 0.0150988 0.0108159
v 0.0138975 0.0139032 0.0105089
v 0.0166852 0.0150639 0.00970198
v 0.0263447 0.0213712 0.00681724
v 0.022385 0.00969934 0.00801464
v 0.0149021 0.0066436 0.0102323
v 0.0114651 -0.000146364 0.0112149
v 0.00989902 0.00511818 0.0116669
v 0.0118783 0.012831 0.0110861
v 1.77041e-06 0.00999497 -0.00020852
v 0.00146783 -9.43867e-05 0.0124707
v 0.0210529 -0.000192215 0.00836869
v 0.0306063 -0.000226975 0.00538728
v 0.0401201 -0.000252503 0.00227369
v 0.0495954 -0.000275377 -0.000970909
v 0.0590265 -0.000291645 -0.00434506
v 0.0684092 -0.0003024 -0.00784536
v 0.0777463 -0.00031298 -0.0114699
v 0.0870359 -0.000319602 -0.0152215
v 0.0962782 -0.000323174 -0.0191007
v 0.105472 -0.0003289 -0.0231017
v 0.114614 -0.000337231 -0.0272209
v 0.123708 -0.000343836 -0.0314648
v 0.13275 -0.000357915 -0.035821
v 0.141738 -0.000369997 -0.040294
v 0.142056 0.00896364 -0.0403159
v 0.150921 0.00898945 -0.0448746
v 0.151128 0.0184364 -0.0448885
v 0.159862 0.0185893 -0.0495219
v 0.159898 0.0282406 -0.0494959
v 0.159807 0.0380099 -0.0494366
v 0.168508 0.0383398 -0.0541913
v 0.168364 0.0483041 -0.0541463
v 0.177145 0.0485499 -0.0590772
v 0.185864 0.0487197 -0.0641104
v 0.19453 0.0488336 -0.0692381
v 0.194555 0.0388428 -0.0692153
v 0.203155 0.0389149 -0.0744333
v 0.20314 0.0489146 -0.0744656
v 0.203126 0.0589589 -0.0745278
v 0.211693 0.0590014 -0.0798553
v 0.211711 0.0691086 -0.0799683
v 0.21173 0.0792639 -0.0801115
v 0.203153 0.0792436 -0.0747896
v 0.203135 0.069074 -0.0746396
v 0.194499 0.0690029 -0.0694007
v 0.194497 0.0588784 -0.0692915
v 0.220227 0.069115 -0.0853828
v 0.228697 0.0691 -0.0908952
v 0.237111 0.0690594 -0.0964921
v 0.245487 0.0689955 -0.102184
v 0.253816 0.0689009 -0.107963
v 0.262128 0.0687753 -0.113848
v 0.270433 0.0686128 -0.119846
v 0.278768 0.0683994 -0.125981
v 0.287191 0.0681285 -0.132299
v 0.295794 0.0678486 -0.138871
v 0.304655 0.067944 -0.145778
v 0.31023 0.0721831 -0.150211
v 0.314978 0.0687388 -0.153986
v 0.311236 0.0619108 -0.150949
v 0.30543 0.0563558 -0.146317
v 0.318933 0.0555926 -0.157098
v 0.313121 0.048765 -0.152382
v 0.308756 0.0438921 -0.148881
v 0.302751 0.0462175 -0.144158
v 0.295042 0.047471 -0.138172
v 0.286853 0.0480513 -0.131921
v 0.278601 0.0483688 -0.125728
v 0.270338 0.0485759 -0.119643
v 0.262063 0.0487203 -0.113662
v 0.253762 0.0488245 -0.107781
v 0.245432 0.0488953 -0.101996
v 0.237065 0.0489425 -0.0963053
v 0.228651 0.0489656 -0.0907024
v 0.220191 0.0489688 -0.0851925
v 0.211685 0.048951 -0.0797798
v 0.211703 0.0389627 -0.0797502
v 0.203168 0.0289773 -0.074435
v 0.194587 0.0289173 -0.0692281
v 0.185915 0.0387363 -0.0640999
v 0.177223 0.0385715 -0.0590846
v 0.16858 0.0284873 -0.0542366
v 0.151248 0.0279558 -0.0448995
v 0.142362 0.0183429 -0.0403711
v 0.133144 0.00899825 -0.0358709
v 0.150677 -0.000384302 -0.0448813
v 0.159744 0.0090511 -0.0495468
v 0.168584 0.018751 -0.054284
v 0.177276 0.0286812 -0.0591204
v 0.185953 0.0288182 -0.0641199
v 0.194591 0.0190494 -0.069261
v 0.203178 0.0190927 -0.0744638
v 0.211711 0.0290173 -0.0797449
v 0.220192 0.0389753 -0.0851521
v 0.228645 0.0389806 -0.0906594
v 0.237051 0.0389616 -0.0962534
v 0.245413 0.0389236 -0.10194
v 0.253733 0.0388616 -0.107718
v 0.262012 0.0387644 -0.113582
v 0.270247 0.0386238 -0.119533
v 0.278438 0.0384092 -0.125565
v 0.286542 0.038065 -0.13164
v 0.294499 0.0375185 -0.137709
v 0.302187 0.036772 -0.143674
v 0.309919 0.0364338 -0.14977
v 0.318494 0.038492 -0.156655
v 0.324379 0.0459546 -0.161482
v 0.330633 0.050693 -0.166665
v 0.327226 0.0590976 -0.163896
v 0.32981 0.0390996 -0.165919
v 0.332872 0.0327231 -0.168431
v 0.326542 0.0336959 -0.163196
v 0.335214 0.0432741 -0.170439
v 0.336287 0.0540677 -0.171401
v 0.334324 0.062718 -0.169809
v 0.324377 0.0678169 -0.161608
v 0.319505 0.0642597 -0.157613
v 0.319444 0.0774543 -0.157644
v 0.310694 0.0796523 -0.150631
v 0.303096 0.0790124 -0.144629
v 0.295226 0.0785182 -0.138512
v 0.286996 0.0785018 -0.132229
v 0.278705 0.0786381 -0.126016
v 0.27042 0.0787975 -0.119925
v 0.262136 0.0789362 -0.11395
v 0.253839 0.0790458 -0.108079
v 0.245508 0.0791382 -0.102308
v 0.237138 0.079198 -0.0966245
v 0.228719 0.0792397 -0.0910296
v 0.220249 0.0792617 -0.0855241
v 0.211767 0.089475 -0.0802981
v 0.220285 0.0894638 -0.0857053
v 0.220205 0.0590156 -0.0852721
v 0.18581 0.0587601 -0.0641493
v 0.185963 0.0189835 -0.0641629
v 0.177288 0.0188826 -0.0591634
v 0.168512 0.00911731 -0.0543261
v 0.15956 -0.000400431 -0.0495751
v 0.310702 0.0891963 -0.150702
v 0.318776 0.088943 -0.157175
v 0.327777 0.0802293 -0.164475
v 0.326607 0.08967 -0.163568
v 0.326096 0.0993735 -0.163204
v 0.318271 0.0994 -0.156837
v 0.334368 0.0904116 -0.170008
v 0.335191 0.0818775 -0.170648
v 0.342539 0.0824222 -0.176854
v 0.349744 0.0821726 -0.183019
v 0.356911 0.0814814 -0.189246
v 0.357032 0.0903589 -0.189394
v 0.364479 0.0898483 -0.195958
v 0.364146 0.0805275 -0.195614
v 0.371522 0.079381 -0.202202
v 0.370559 0.0697753 -0.201276
v 0.369362 0.0603496 -0.200141
v 0.376209 0.0584311 -0.206309
v 0.375162 0.0492096 -0.205298
v 0.368288 0.0514377 -0.199121
v 0.367482 0.0441998 -0.198356
v 0.373637 0.0385215 -0.203855
v 0.382051 0.0484714 -0.211592
v 0.382676 0.0563169 -0.21221
v 0.38888 0.0511691 -0.217933
v 0.382751 0.0389035 -0.21218
v 0.366515 0.0337805 -0.19743
v 0.362254 0.0300932 -0.193626
v 0.357105 0.0328123 -0.189113
v 0.356167 0.0243296 -0.188246
v 0.348943 0.025313 -0.181994
v 0.3412 0.0257191 -0.175388
v 0.340811 0.0354358 -0.175108
v 0.333317 0.025255 -0.168767
v 0.32571 0.0258831 -0.162481
v 0.317971 0.0272714 -0.156184
v 0.310144 0.0273433 -0.14991
v 0.302173 0.0275139 -0.143628
v 0.294298 0.027879 -0.137522
v 0.286355 0.0282464 -0.131466
v 0.278311 0.0285241 -0.125435
v 0.270174 0.0287203 -0.11945
v 0.261971 0.0288528 -0.113529
v 0.253711 0.0289369 -0.107678
v 0.245404 0.0289903 -0.101911
v 0.23705 0.0290239 -0.0962343
v 0.22865 0.0290395 -0.090645
v 0.220205 0.0290366 -0.0851473
v 0.211722 0.0191197 -0.0797686
v 0.203187 0.00927251 -0.0745272
v 0.194591 0.00925432 -0.069324
v 0.185946 0.00922512 -0.0642201
v 0.177252 0.00917796 -0.0592189
v 0.168393 -0.000417922 -0.054379
v 0.330388 0.0712999 -0.166584
v 0.337745 0.0681062 -0.172711
v 0.336383 0.0740447 -0.171604
v 0.342968 0.0745331 -0.177169
v 0.349654 0.0738109 -0.182894
v 0.349571 0.0906925 -0.182917
v 0.356887 0.0992721 -0.189299
v 0.364456 0.0992512 -0.195969
v 0.371976 0.0992274 -0.202691
v 0.371979 0.0892119 -0.202663
v 0.379184 0.0779373 -0.209138
v 0.38765 0.0759122 -0.216926
v 0.387146 0.0881522 -0.216522
v 0.386865 0.0991842 -0.216298
v 0.379447 0.0992052 -0.209468
v 0.379572 0.088528 -0.209547
v 0.394588 0.0888933 -0.223481
v 0.401876 0.0895441 -0.230407
v 0.409078 0.0897209 -0.237361
v 0.40926 0.0808146 -0.2375
v 0.409368 0.0726422 -0.23757
v 0.409473 0.0662241 -0.237643
v 0.413598 0.0632561 -0.241671
v 0.419036 0.0597981 -0.24704
v 0.424893 0.0563373 -0.252899
v 0.422627 0.0476521 -0.250583
v 0.429049 0.0449494 -0.257069
v 0.435005 0.0397089 -0.263157
v 0.428265 0.0377763 -0.256243
v 0.430872 0.0525948 -0.258959
v 0.427586 0.0654774 -0.255656
v 0.42147 0.0689428 -0.249506
v 0.415336 0.0714319 -0.24342
v 0.403488 0.0714913 -0.231877
v 0.402475 0.0803557 -0.230941
v 0.401553 0.0991468 -0.230137
v 0.394237 0.0991639 -0.223188
v 0.39561 0.0790322 -0.224402
v 0.384615 0.0651656 -0.214053
v 0.377728 0.0679196 -0.20775
v 0.363423 0.0712582 -0.194917
v 0.356458 0.0726186 -0.188793
v 0.34904 0.0656446 -0.182313
v 0.347579 0.0580623 -0.181009
v 0.341568 0.0609875 -0.175898
v 0.391046 0.0609274 -0.220012
v 0.399293 0.0584322 -0.227795
v 0.405574 0.0494036 -0.233782
v 0.4101 0.0561538 -0.238212
v 0.416047 0.051005 -0.244038
v 0.423216 0.0784968 -0.251295
v 0.431403 0.0759628 -0.259587
v 0.439251 0.0793848 -0.267703
v 0.44166 0.070803 -0.270192
v 0.436448 0.0674115 -0.264751
v 0.433063 0.0605599 -0.261233
v 0.43955 0.0619621 -0.267955
v 0.444006 0.0623847 -0.272628
v 0.447097 0.0561515 -0.275878
v 0.443167 0.0549452 -0.271719
v 0.447465 0.0727141 -0.276319
v 0.446094 0.0810409 -0.274895
v 0.437964 0.0889715 -0.2664
v 0.437298 0.0990454 -0.265744
v 0.444273 0.0990244 -0.273033
v 0.445012 0.0898225 -0.273781
v 0.430797 0.0881689 -0.259013
v 0.43026 0.0990645 -0.258506
v 0.423169 0.0990861 -0.251329
v 0.423504 0.0886787 -0.251624
v 0.416276 0.0893749 -0.244422
v 0.41612 0.0801082 -0.244228
v 0.397694 0.0696788 -0.22633
v 0.392359 0.0686187 -0.221284
v 0.376213 0.0276834 -0.206132
v 0.383987 0.0288645 -0.213269
v 0.390802 0.039985 -0.219671
v 0.399719 0.0414315 -0.228117
v 0.406594 0.037028 -0.234717
v 0.406903 0.0288625 -0.234977
v 0.413994 0.0295112 -0.241916
v 0.421332 0.0292408 -0.24921
v 0.428692 0.0288175 -0.256644
v 0.435847 0.029101 -0.263989
v 0.443266 0.028886 -0.271728
v 0.450592 0.0284985 -0.279505
v 0.457741 0.0280011 -0.287216
v 0.46476 0.0274983 -0.294913
v 0.471634 0.0270803 -0.302574
v 0.478385 0.0267635 -0.31023
v 0.485047 0.0265137 -0.317901
v 0.491618 0.0263118 -0.325597
v 0.49814 0.0261196 -0.333358
v 0.504651 0.0259531 -0.341243
v 0.511193 0.0257216 -0.349302
v 0.517636 0.0249882 -0.357371
v 0.523658 0.0225712 -0.365015
v 0.529267 0.0186718 -0.372214
v 0.531251 0.0261158 -0.374927
v 0.536846 0.0219119 -0.38224
v 0.534817 0.0112085 -0.379317
v 0.541845 0.00964615 -0.388553
v 0.548074 0.00884547 -0.396804
v 0.554055 0.00849053 -0.404742
v 0.554067 0.0182376 -0.40512
v 0.554093 0.0279412 -0.405431
v 0.55948 0.028123 -0.41263
v 0.55967 0.0182809 -0.412579
v 0.56519 0.0185743 -0.419928
v 0.564915 0.0281676 -0.419886
v 0.570282 0.0285449 -0.427065
v 0.576405 0.0287434 -0.43528
v 0.579125 0.0208401 -0.438638
v 0.575119 0.0195559 -0.433205
v 0.575196 0.039622 -0.433937
v 0.569577 0.0378197 -0.426359
v 0.564887 0.0374763 -0.420069
v 0.566748 0.046916 -0.422696
v 0.570436 0.0191717 -0.426936
v 0.56571 0.00857258 -0.420192
v 0.559931 0.0084193 -0.412537
v 0.554169 -0.001301 -0.40444
v 0.560236 -0.00131682 -0.412457
v 0.548396 0.01858 -0.397561
v 0.542591 0.0196434 -0.389836
v 0.542005 -0.00130296 -0.388381
v 0.535873 -0.00130219 -0.380361
v 0.528706 0.00732471 -0.371264
v 0.522886 0.00676131 -0.363788
v 0.516965 0.00709941 -0.35631
v 0.517195 -0.00128086 -0.356493
v 0.523477 -0.00129049 -0.364412
v 0.522617 0.0147413 -0.363572
v 0.517032 0.0158393 -0.356501
v 0.510927 0.0164934 -0.348885
v 0.504551 0.0168241 -0.341054
v 0.498086 0.0170097 -0.333234
v 0.491557 0.0171619 -0.325471
v 0.48498 0.0173286 -0.317776
v 0.478315 0.0175256 -0.310105
v 0.471561 0.0177732 -0.302457
v 0.464699 0.018079 -0.294811
v 0.457745 0.0184033 -0.287181
v 0.450689 0.0187258 -0.27957
v 0.443549 0.0189637 -0.271989
v 0.436361 0.0190656 -0.264484
v 0.429179 0.0190684 -0.257098
v 0.421925 0.019164 -0.249762
v 0.414719 0.0191999 -0.242591
v 0.407477 0.0191203 -0.235492
v 0.3995 0.0296797 -0.227854
v 0.39183 0.029557 -0.220584
v 0.385207 0.0187013 -0.214346
v 0.377806 0.0178346 -0.20753
v 0.370619 0.0166957 -0.201013
v 0.363433 0.0159294 -0.194593
v 0.356206 0.0159888 -0.188236
v 0.348845 0.0164105 -0.181864
v 0.341265 0.0167202 -0.175401
v 0.33347 0.0168138 -0.168859
v 0.32565 0.0171436 -0.162395
v 0.317912 0.0176444 -0.156101
v 0.310141 0.0179108 -0.149879
v 0.302209 0.0181066 -0.143624
v 0.29427 0.0183207 -0.137474
v 0.286294 0.0185407 -0.131395
v 0.278251 0.0187327 -0.125373
v 0.270132 0.0188805 -0.119406
v 0.261951 0.0189801 -0.113501
v 0.253705 0.0190521 -0.107669
v 0.245405 0.0190949 -0.101911
v 0.237055 0.0191173 -0.0962395
v 0.228667 0.0191353 -0.0906641
v 0.220219 0.0191371 -0.0851725
v 0.211737 0.00928149 -0.0798286
v 0.203182 -0.000495579 -0.0746128
v 0.194567 -0.000477956 -0.069405
v 0.185895 -0.000454998 -0.0642972
v 0.177169 -0.000436285 -0.0592852
v 0.448839 0.0650618 -0.277756
v 0.453463 0.073401 -0.282735
v 0.453993 0.065298 -0.283281
v 0.459697 0.0646542 -0.289472
v 0.459557 0.0733124 -0.289345
v 0.459129 0.0818848 -0.288902
v 0.452665 0.0817424 -0.281903
v 0.465819 0.0729744 -0.296234
v 0.472229 0.0726303 -0.303392
v 0.478733 0.0723476 -0.310769
v 0.485283 0.0721265 -0.318322
v 0.491859 0.0719736 -0.326028
v 0.498492 0.0718359 -0.333934
v 0.505394 0.0716496 -0.342303
v 0.513481 0.0711603 -0.352309
v 0.518072 0.0636313 -0.358108
v 0.52375 0.0671513 -0.365361
v 0.530251 0.0687794 -0.373804
v 0.529243 0.0786784 -0.372398
v 0.529351 0.088687 -0.3724
v 0.523004 0.0890236 -0.364227
v 0.52135 0.0776362 -0.362224
v 0.53581 0.0796115 -0.381017
v 0.542014 0.0800347 -0.389256
v 0.542163 0.0713452 -0.389601
v 0.547992 0.0706636 -0.397418
v 0.553899 0.06978 -0.405353
v 0.559958 0.0692474 -0.41347
v 0.566062 0.0692208 -0.42163
v 0.566283 0.0586 -0.422079
v 0.573579 0.0494375 -0.431878
v 0.581544 0.0419203 -0.442517
v 0.588903 0.0450695 -0.452455
v 0.596051 0.0427546 -0.462029
v 0.601984 0.0407299 -0.469942
v 0.600683 0.0327504 -0.468065
v 0.604905 0.0317912 -0.47367
v 0.607342 0.0371926 -0.477019
v 0.612354 0.0296467 -0.483487
v 0.613202 0.0178128 -0.484152
v 0.61913 0.0173651 -0.491915
v 0.624899 0.0165016 -0.499408
v 0.630345 0.0160918 -0.506467
v 0.635381 0.0170307 -0.513037
v 0.63339 0.0248304 -0.510818
v 0.629645 0.0239613 -0.50593
v 0.630569 0.0301941 -0.507351
v 0.636695 0.0279751 -0.51521
v 0.640024 0.0315344 -0.51962
v 0.636942 0.0394567 -0.515818
v 0.633264 0.0352506 -0.510979
v 0.626005 0.0342055 -0.501518
v 0.628803 0.0435458 -0.505312
v 0.622386 0.0467173 -0.496947
v 0.620592 0.0371001 -0.494499
v 0.614935 0.0403773 -0.487111
v 0.610037 0.0459406 -0.48068
v 0.614412 0.0576282 -0.486397
v 0.612897 0.0688282 -0.484135
v 0.617986 0.067998 -0.490871
v 0.606226 0.0594248 -0.475539
v 0.604153 0.0495773 -0.472876
v 0.598066 0.0518467 -0.464757
v 0.59522 0.0336862 -0.460769
v 0.589118 0.0339695 -0.452562
v 0.5828 0.0322102 -0.443995
v 0.0128957 0.0166981 0.0107808
v 0.0317136 0.00900088 0.00511859
v 0.0410256 0.00856404 0.00207837
v 0.0503191 0.00887076 -0.00109537
v 0.0505042 0.0179487 -0.00107966
v 0.0489594 0.0263266 -0.000513396
v 0.0586064 0.0313422 -0.00390581
v 0.0628253 0.0425598 -0.00545715
v 0.0651586 0.0525298 -0.00637793
v 0.0573286 0.054321 -0.00353936
v 0.0582038 0.0646043 -0.00396162
v 0.0666491 0.0695579 -0.00712863
v 0.0667032 0.061597 -0.00704015
v 0.054608 0.0740219 -0.00282109
v 0.0647078 0.0795188 -0.00658247
v 0.0757284 0.079888 -0.0107916
v 0.0854478 0.0799309 -0.0146781
v 0.0862854 0.0899061 -0.015263
v 0.0956255 0.0898321 -0.0191646
v 0.0964181 0.100068 -0.0198102
v 0.105606 0.100044 -0.0238025
v 0.104853 0.089701 -0.023163
v 0.104 0.0794933 -0.0225423
v 0.103019 0.0693849 -0.0219227
v 0.0938758 0.0697897 -0.0179881
v 0.0928152 0.0597916 -0.0174045
v 0.0838111 0.0603066 -0.0136906
v 0.0750289 0.0609028 -0.0102119
v 0.0756074 0.0702814 -0.0105669
v 0.0847435 0.0701425 -0.0142051
v 0.082518 0.0503063 -0.0130774
v 0.0810811 0.0401795 -0.0124548
v 0.0717042 0.0409463 -0.00878255
v 0.0554624 0.0455642 -0.00281565
v 0.0508208 0.0382734 -0.00116178
v 0.059672 0.0196663 -0.00433069
v 0.041967 0.0169796 0.00182363
v 0.437297 -0.0010734 -0.265376
v 0.444274 -0.00109233 -0.272678
v 0.443886 0.00897973 -0.272308
v 0.436823 0.00903779 -0.264922
v 0.430261 -0.00105703 -0.258126
v 0.429711 0.00906317 -0.257603
v 0.436764 0.0489041 -0.26501
v 0.438098 0.0564868 -0.266426
v 0.443408 0.0472831 -0.271946
v 0.450667 0.0485095 -0.279653
v 0.449806 0.0592865 -0.278768
v 0.453621 0.057179 -0.282857
v 0.459269 0.0556792 -0.288979
v 0.465836 0.0640436 -0.296231
v 0.472234 0.0636053 -0.303376
v 0.478745 0.0633048 -0.310766
v 0.4853 0.0630924 -0.318327
v 0.491854 0.0629556 -0.326013
v 0.498395 0.0628382 -0.333809
v 0.504866 0.0626213 -0.341657
v 0.510804 0.0617055 -0.348983
v 0.514726 0.0596057 -0.353887
v 0.520079 0.0556564 -0.360666
v 0.525348 0.0575292 -0.367444
v 0.532095 0.0575587 -0.376273
v 0.537551 0.0626795 -0.383504
v 0.542155 0.0634935 -0.389664
v 0.540776 0.0573365 -0.387833
v 0.536354 0.0706985 -0.381855
v 0.530156 0.0469703 -0.373697
v 0.525316 0.0490506 -0.367388
v 0.516738 0.0830983 -0.356341
v 0.511677 0.0809685 -0.350027
v 0.511029 0.0901184 -0.349182
v 0.504728 0.0898224 -0.341451
v 0.498228 0.0897972 -0.333604
v 0.491676 0.0898849 -0.32582
v 0.485107 0.0900009 -0.318135
v 0.47851 0.0901468 -0.310548
v 0.471893 0.0902913 -0.303053
v 0.471605 0.0989465 -0.302748
v 0.478291 0.0989267 -0.310311
v 0.478657 0.0812851 -0.310702
v 0.478694 0.0541857 -0.310682
v 0.472124 0.0544861 -0.303225
v 0.465606 0.0549213 -0.295946
v 0.465598 0.0817437 -0.29601
v 0.458591 0.0904462 -0.28834
v 0.451864 0.0902941 -0.281072
v 0.451192 0.0990062 -0.28038
v 0.458055 0.0989863 -0.287782
v 0.465257 0.0904059 -0.295654
v 0.464861 0.0989649 -0.295238
v 0.443166 0.0385174 -0.271661
v 0.45062 0.0382243 -0.279568
v 0.457885 0.0374718 -0.287408
v 0.45831 0.0466734 -0.2879
v 0.465225 0.0458469 -0.295495
v 0.46493 0.0367646 -0.295137
v 0.471774 0.0362754 -0.30277
v 0.478495 0.035924 -0.31039
v 0.485126 0.035661 -0.318035
v 0.491676 0.0354277 -0.325711
v 0.498174 0.035196 -0.333454
v 0.504657 0.0349782 -0.341312
v 0.511305 0.0349064 -0.349508
v 0.518768 0.0353548 -0.358904
v 0.523398 0.0423131 -0.364876
v 0.527948 0.0382947 -0.370746
v 0.535127 0.0431099 -0.38024
v 0.537554 0.0511811 -0.383515
v 0.546002 0.0528995 -0.394859
v 0.546467 0.0473626 -0.395472
v 0.548476 0.0443906 -0.398154
v 0.544993 0.044108 -0.393462
v 0.606402 0.0255047 -0.475477
v 0.617286 0.0481141 -0.490251
v 0.622912 0.0564835 -0.497585
v 0.629608 0.0546606 -0.506351
v 0.635605 0.0521211 -0.514159
v 0.64117 0.0451415 -0.521335
v 0.647156 0.0438932 -0.529006
v 0.64721 0.0352001 -0.528935
v 0.646216 0.0284643 -0.527468
v 0.64333 0.0348906 -0.52396
v 0.652024 0.0330112 -0.535017
v 0.652108 0.0415018 -0.535296
v 0.648629 0.0540338 -0.530894
v 0.642983 0.053662 -0.523666
v 0.633789 0.0452816 -0.511804
v 0.631105 0.0647844 -0.508119
v 0.624216 0.0662876 -0.499088
v 0.619158 0.0779351 -0.492022
v 0.613389 0.0786816 -0.4844
v 0.606879 0.0692076 -0.47617
v 0.600819 0.0703621 -0.46809
v 0.595026 0.0714649 -0.460343
v 0.589359 0.0719766 -0.452754
v 0.583712 0.0715564 -0.445209
v 0.577982 0.0706663 -0.437556
v 0.578549 0.0611365 -0.438505
v 0.572558 0.0596339 -0.430483
v 0.579797 0.0514387 -0.440241
v 0.58406 0.0628411 -0.445877
v 0.583755 0.080473 -0.444941
v 0.577876 0.0800619 -0.437093
v 0.572085 0.0697719 -0.429678
v 0.566003 0.0793256 -0.421272
v 0.560014 0.0793099 -0.413296
v 0.559823 0.0588177 -0.413422
v 0.553476 0.059683 -0.404897
v 0.547499 0.0615642 -0.396853
v 0.535702 0.0889791 -0.380693
v 0.529664 0.0987618 -0.372635
v 0.535836 0.0987275 -0.380627
v 0.541958 0.0986924 -0.388642
v 0.541929 0.0891974 -0.388912
v 0.548064 0.0798847 -0.397334
v 0.541917 0.0469239 -0.389348
v 0.638919 0.0623478 -0.518303
v 0.638724 0.0750559 -0.51763
v 0.645457 0.0758581 -0.526248
v 0.645055 0.0870307 -0.525111
v 0.651415 0.0874778 -0.533183
v 0.651173 0.0984239 -0.53203
v 0.645005 0.0984386 -0.524185
v 0.638716 0.0867921 -0.516993
v 0.638866 0.098447 -0.516315
v 0.632751 0.0984611 -0.508431
v 0.632381 0.0869983 -0.50879
v 0.631908 0.0756792 -0.50878
v 0.626109 0.0875081 -0.5006
v 0.625333 0.0767624 -0.500165
v 0.646485 0.0650966 -0.527953
v 0.653101 0.0670272 -0.536328
v 0.65474 0.0576704 -0.538616
v 0.652558 0.0481419 -0.535916
v 0.657186 0.040564 -0.541718
v 0.656521 0.0493396 -0.540937
v 0.661691 0.0497985 -0.547443
v 0.667335 0.0499179 -0.554496
v 0.673307 0.0498959 -0.561895
v 0.679625 0.0499101 -0.56965
v 0.68673 0.0502122 -0.578269
v 0.686031 0.038953 -0.577365
v 0.686407 0.0288196 -0.577582
v 0.680337 0.0292032 -0.570216
v 0.680892 0.018955 -0.570468
v 0.674775 0.0192122 -0.562978
v 0.674298 0.0295496 -0.562821
v 0.679957 0.0395798 -0.569995
v 0.691863 0.0378827 -0.584362
v 0.691653 0.0455618 -0.584188
v 0.685284 0.0599735 -0.576406
v 0.692449 0.0583512 -0.585051
v 0.0478207 0.0622458 -0.000306795
v 0.0449735 0.0708277 0.000544412
v 0.0358774 0.067183 0.00356307
v 0.0281161 0.0617735 0.00603163
v 0.0236782 0.0677165 0.00729575
v 0.0170407 0.0713794 0.0091738
v 0.0145934 0.064446 0.00993305
v 0.00863215 0.0626903 0.0115824
v 0.00902685 0.0728109 0.0113753
v 0.0205194 0.0802869 0.00807406
v 0.0129479 0.0816751 0.0102087
v 0.00607034 0.0804895 0.0120919
v 0.0068433 0.0865865 0.0118145
v 0.00893046 0.0826084 0.0113008
v 1.47877e-06 0.0800164 -0.000199773
v 3.55008e-06 0.0900214 -0.00020333
v 0.00080891 0.0951685 0.00574003
v 0.0115555 0.0906231 0.0105048
v 0.0116275 0.1003 0.0103324
v 0.00166416 0.100316 0.0116651
v 0.0116679 0.0169553 0.0111223
v 0.0108952 0.0170781 0.01134
v 0.00984642 0.0174305 0.0116286
v 0.00839992 0.0160017 0.0120374
v 0.00743094 0.0163727 0.0122981
v 0.00688339 0.0153778 0.0124556
v 0.00783389 0.0144182 0.0121997
v 0.00932928 0.0152865 0.0117832
v 0.0092934 0.0139645 0.011803
v 0.00931252 0.0120174 0.0118097
v 0.0111029 0.0144275 0.0112957
v 0.652038 0.0769843 -0.534584
v 0.657753 0.0879324 -0.541164
v 0.664068 0.0882843 -0.549051
v 0.670364 0.0885374 -0.556855
v 0.676668 0.088718 -0.564601
v 0.682989 0.0889384 -0.572294
v 0.689269 0.0892879 -0.579866
v 0.695513 0.0897761 -0.587315
v 0.701776 0.0902272 -0.594724
v 0.708071 0.0902836 -0.602135
v 0.714434 0.0899054 -0.609585
v 0.714759 0.0983039 -0.60934
v 0.721332 0.0983057 -0.616969
v 0.720877 0.089307 -0.617072
v 0.727561 0.0885308 -0.624761
v 0.726718 0.0792857 -0.62424
v 0.720144 0.0804458 -0.616702
v 0.713929 0.081488 -0.609495
v 0.719169 0.0712556 -0.615944
v 0.713083 0.072942 -0.608891
v 0.707895 0.0823285 -0.602424
v 0.707538 0.07484 -0.602372
v 0.702913 0.0743938 -0.596972
v 0.705721 0.0684786 -0.600485
v 0.71144 0.0648149 -0.607247
v 0.718558 0.0605853 -0.61551
v 0.725596 0.0637171 -0.623426
v 0.72523 0.0708905 -0.622844
v 0.730173 0.0681149 -0.628466
v 0.728459 0.0568879 -0.626737
v 0.72317 0.0513563 -0.620846
v 0.734156 0.0765802 -0.632681
v 0.734487 0.0877183 -0.632631
v 0.727945 0.0983154 -0.624579
v 0.639867 0.0195276 -0.518948
v 0.637327 0.00810624 -0.515011
v 0.643065 0.0097875 -0.522498
v 0.649219 0.0130534 -0.530571
v 0.651176 -0.00142982 -0.531999
v 0.657374 -0.0014236 -0.539839
v 0.663595 -0.00141243 -0.547653
v 0.662946 0.00967283 -0.547707
v 0.662801 0.0201991 -0.548137
v 0.668743 0.0195668 -0.555527
v 0.675364 0.00890114 -0.563084
v 0.681602 0.00877526 -0.570724
v 0.687078 0.0187786 -0.577974
v 0.692531 0.0285621 -0.584938
v 0.697728 0.0385667 -0.591358
v 0.69597 0.0484078 -0.589342
v 0.702205 0.0499902 -0.5967
v 0.708782 0.0501618 -0.604379
v 0.708929 0.0576691 -0.604477
v 0.71401 0.0529246 -0.610401
v 0.710643 0.0405298 -0.606506
v 0.703855 0.0396149 -0.598595
v 0.698792 0.0288693 -0.592403
v 0.693355 0.0187532 -0.585526
v 0.687899 0.00871847 -0.578367
v 0.682472 -0.00136278 -0.570976
v 0.676143 -0.00138031 -0.563224
v 0.669853 -0.00139978 -0.555449
v 0.220325 0.0997186 -0.0859198
v 0.228782 0.0996886 -0.0913964
v 0.228747 0.0894395 -0.091198
v 0.211822 0.0997439 -0.080535
v 0.203262 0.0997729 -0.0752428
v 0.203194 0.0894758 -0.0749873
v 0.194561 0.0894597 -0.0697682
v 0.194511 0.0791932 -0.0695548
v 0.185802 0.0791043 -0.0644076
v 0.185792 0.0688912 -0.0642511
v 0.177057 0.0585866 -0.0591033
v 0.168194 0.0583161 -0.0541271
v 0.159179 0.0578772 -0.0492061
v 0.149844 0.0570922 -0.0442528
v 0.150778 0.0473237 -0.0446723
v 0.1512 0.0375489 -0.0448614
v 0.15955 0.04793 -0.0493302
v 0.142503 0.0461441 -0.0403974
v 0.135594 0.0462648 -0.0369264
v 0.139504 0.0553706 -0.0389417
v 0.142743 0.0370414 -0.0404966
v 0.142625 0.0277305 -0.0404494
v 0.134644 0.0371081 -0.0364331
v 0.134051 0.0277791 -0.0361561
v 0.133568 0.0183893 -0.0359759
v 0.125403 0.0281237 -0.0319514
v 0.124723 0.0185802 -0.0316866
v 0.12417 0.00909179 -0.0315291
v 0.0180583 0.0605958 0.0089979
v 0.0210736 0.056451 0.00817546
v 0.013098 0.0523259 0.00880961
v 0.0121811 0.0531868 0.010708
v 0.0307106 0.0770736 0.00505371
v 0.0418626 0.0799732 0.0014371
v 0.0512216 0.0822325 -0.00178369
v 0.0499325 0.0911499 -0.00153436
v 0.0589296 0.0917146 -0.00474375
v 0.0675265 0.0905265 -0.00789732
v 0.0768111 0.089991 -0.0114615
v 0.0871786 0.100091 -0.0159381
v 0.0190297 0.0405703 0.00889227
v 0.00834773 0.0384965 0.011882
v 0.0128575 0.0469102 0.0105868
v 1.14715e-06 0.0500091 -0.000202331
v 1.32553e-06 0.0600123 -0.000202265
v 0.0233236 0.0505151 0.00757073
v 0.0265206 0.0427264 0.00667445
v 0.0500866 0.0479451 -0.000954962
v 0.0493117 0.0541251 -0.00073635
v 0.0418875 0.0510686 0.00177852
v 0.0391756 0.0588383 0.00259511
v 0.0452179 0.04409 0.000722317
v 0.0383411 0.039209 0.00300558
v 0.0439405 0.0328413 0.00118804
v 0.0373814 0.0270088 0.00335089
v 0.0293764 0.0327186 0.00586007
v 0.0338853 0.0186549 0.00446663
v 0.0426301 0.0233353 0.00162522
v 0.123832 0.0999991 -0.0321545
v 0.132865 0.0999777 -0.0365065
v 0.132273 0.089199 -0.0359181
v 0.123169 0.0893504 -0.0315365
v 0.114029 0.0895286 -0.0272844
v 0.114744 0.100024 -0.0279214
v 0.122379 0.0788085 -0.0309207
v 0.11319 0.0791665 -0.0266565
v 0.0947873 0.0797663 -0.0185632
v 0.112194 0.0689408 -0.0260159
v 0.101918 0.0593296 -0.0213031
v 0.0916197 0.0497453 -0.0168113
v 0.0736043 0.0511527 -0.00956595
v 0.0698584 0.0305168 -0.00807296
v 0.0692853 0.0200834 -0.00790629
v 0.0595891 0.00943899 -0.00439965
v 0.034503 0.0468244 0.00419041
v 0.0313941 0.0546288 0.00509857
v 0.0212793 0.0902151 0.00771585
v 0.141851 0.0999516 -0.0409728
v 0.141318 0.0890976 -0.0404102
v 0.131593 0.0784604 -0.0353419
v 0.121414 0.0684116 -0.0302796
v 0.111052 0.0588579 -0.0253662
v 0.100762 0.0492983 -0.0207129
v 0.0904227 0.0396971 -0.0162723
v 0.0996341 0.0392879 -0.0201865
v 0.108729 0.0388703 -0.0241976
v 0.117643 0.0383748 -0.0282718
v 0.126292 0.0377569 -0.03236
v 0.127613 0.0475982 -0.0330238
v 0.116642 0.0285549 -0.0278254
v 0.115828 0.0188523 -0.0275091
v 0.115163 0.00923455 -0.0273142
v 0.106088 0.00938567 -0.0232057
v 0.106825 0.0191485 -0.0234221
v 0.0976893 0.019433 -0.0194184
v 0.088411 0.019707 -0.0155025
v 0.0789493 0.0199555 -0.011666
v 0.0783072 0.00980113 -0.0115204
v 0.0876611 0.00970637 -0.0153081
v 0.194652 0.099796 -0.0700426
v 0.185861 0.0894196 -0.0646366
v 0.177007 0.0789702 -0.0593453
v 0.168108 0.0787812 -0.0543582
v 0.159074 0.0785409 -0.049435
v 0.158999 0.0680712 -0.0492251
v 0.16809 0.0684593 -0.0541873
v 0.149654 0.0675664 -0.0442761
v 0.129489 0.0573543 -0.0340051
v 0.118853 0.048337 -0.0288677
v 0.107707 0.0289617 -0.023753
v 0.0985976 0.0293313 -0.0197495
v 0.0893239 0.0296851 -0.015823
v 0.096924 0.00955446 -0.0192058
v 0.109866 0.0488571 -0.0247454
v 0.177004 0.0687211 -0.059189
v 0.237178 0.0996634 -0.0969576
v 0.237161 0.089399 -0.0967771
v 0.228669 0.059004 -0.0907806
v 0.220232 0.0092745 -0.0852206
v 0.211743 -0.000516179 -0.079912
v 0.245524 0.099635 -0.102603
v 0.245528 0.0893523 -0.10245
v 0.237085 0.058972 -0.0963827
v 0.228685 0.00927269 -0.0907117
v 0.220256 -0.000539069 -0.0853062
v 0.228712 -0.000559033 -0.0907899
v 0.23708 0.00925567 -0.0962858
v 0.245452 0.0589084 -0.102073
v 0.253797 0.0588309 -0.107867
v 0.262101 0.0587165 -0.113753
v 0.270402 0.0585559 -0.119747
v 0.278727 0.0583417 -0.125878
v 0.278558 0.0890282 -0.126005
v 0.270355 0.0891133 -0.11998
v 0.270245 0.0995542 -0.120025
v 0.278379 0.0995276 -0.125986
v 0.286718 0.0889815 -0.13211
v 0.28646 0.0995008 -0.132019
v 0.484917 0.0989102 -0.317928
v 0.48522 0.0810826 -0.31826
v 0.472112 0.0815148 -0.303279
v 0.471952 0.0453782 -0.303004
v 0.491489 0.0988886 -0.325596
v 0.4918 0.0809083 -0.325965
v 0.485272 0.0539623 -0.31827
v 0.478605 0.0450526 -0.31055
v 0.471552 0.00835731 -0.302406
v 0.464739 0.00852789 -0.294815
v 0.457856 0.00869593 -0.287263
v 0.458059 -0.00112849 -0.287448
v 0.464863 -0.00114553 -0.294914
v 0.450902 0.00885714 -0.279759
v 0.497998 0.0988709 -0.333316
v 0.498416 0.0807226 -0.333838
v 0.49181 0.0537777 -0.32594
v 0.485207 0.0448059 -0.318165
v 0.478283 0.00821092 -0.310027
v 0.471609 -0.00116469 -0.302429
v 0.504444 0.0988528 -0.341082
v 0.505118 0.0805865 -0.34195
v 0.498267 0.0535597 -0.333638
v 0.491746 0.0445743 -0.325832
v 0.484934 0.00808923 -0.317677
v 0.491515 0.00798421 -0.325369
v 0.491499 -0.00122038 -0.325296
v 0.484927 -0.00120007 -0.317623
v 0.478295 -0.0011814 -0.309998
v 0.578319 0.0985744 -0.436734
v 0.572277 0.0985909 -0.428718
v 0.572048 0.0891982 -0.428914
v 0.578022 0.0893677 -0.43686
v 0.584345 0.098557 -0.444752
v 0.583992 0.0895035 -0.44482
v 0.589638 0.0806155 -0.4528
v 0.589165 0.0639382 -0.452702
v 0.589082 0.0573485 -0.452689
v 0.585368 0.054047 -0.447728
v 0.589629 0.0243013 -0.45296
v 0.584093 0.0231397 -0.44543
v 0.594261 0.0629233 -0.459542
v 0.599822 0.0611941 -0.466991
v 0.601475 0.0797396 -0.468601
v 0.607448 0.0791221 -0.476537
v 0.607978 0.0888497 -0.476722
v 0.601983 0.0891361 -0.46878
v 0.595551 0.0803251 -0.460698
v 0.595984 0.0893842 -0.460807
v 0.602419 0.0985164 -0.468736
v 0.608461 0.0985027 -0.476702
v 0.613981 0.0885492 -0.484649
v 0.614514 0.0984927 -0.484659
v 0.620575 0.0984831 -0.492598
v 0.619975 0.0881042 -0.492546
v 0.592627 0.0542303 -0.457465
v 0.657369 0.0984128 -0.539855
v 0.658461 0.07788 -0.542657
v 0.659431 0.0682333 -0.544283
v 0.664769 0.0784511 -0.55053
v 0.6636 0.0983972 -0.547656
v 0.669862 0.0983864 -0.555439
v 0.671051 0.0787812 -0.558308
v 0.665614 0.0688516 -0.552003
v 0.66059 0.0589032 -0.545976
v 0.67616 0.0983719 -0.563197
v 0.677368 0.0789999 -0.566068
v 0.671813 0.0691496 -0.559682
v 0.666512 0.0593809 -0.553374
v 0.662396 0.0402688 -0.548268
v 0.662707 0.0304445 -0.548435
v 0.657245 0.0313948 -0.541589
v 0.667964 0.0400574 -0.555223
v 0.672588 0.0595466 -0.560903
v 0.678118 0.0693122 -0.567423
v 0.683763 0.0792613 -0.573844
v 0.682498 0.0983581 -0.570939
v 0.688872 0.0983412 -0.578656
v 0.690088 0.0797577 -0.581456
v 0.684659 0.0694462 -0.575377
v 0.678859 0.0596391 -0.568602
v 0.673852 0.039848 -0.562508
v 0.668399 0.0299097 -0.555524
v 0.656934 0.021409 -0.540813
v 0.651279 0.0237903 -0.533751
v 0.643586 0.0232101 -0.523895
v 0.695281 0.09833 -0.586354
v 0.696201 0.0808347 -0.588704
v 0.691288 0.0696051 -0.583355
v 0.669162 0.00915611 -0.555427
v 0.656543 0.0107396 -0.539717
v 0.701737 0.0983163 -0.594036
v 0.702092 0.082109 -0.595618
v 0.697725 0.0713592 -0.590964
v 0.70118 0.0611289 -0.595357
v 0.708228 0.0983089 -0.601698
v 0.253815 0.0996084 -0.10833
v 0.25384 0.0892872 -0.108205
v 0.24542 0.00923199 -0.101942
v 0.237111 -0.000579863 -0.0963565
v 0.262053 0.0995842 -0.114139
v 0.262116 0.0892042 -0.114047
v 0.25372 0.00920332 -0.107692
v 0.245464 -0.000600878 -0.102014
v 0.25376 -0.000621271 -0.10775
v 0.261955 0.00915557 -0.113511
v 0.270138 0.00909041 -0.119408
v 0.262001 -0.00064043 -0.113564
v 0.294489 0.0994749 -0.138123
v 0.294781 0.089038 -0.138257
v 0.287141 0.0580359 -0.132194
v 0.278257 0.00900753 -0.125371
v 0.27019 -0.000657583 -0.119457
v 0.302716 0.0891876 -0.144407
v 0.295826 0.0575167 -0.138831
v 0.286316 0.00890377 -0.131397
v 0.286413 -0.00069639 -0.131464
v 0.278329 -0.000676474 -0.125427
v 0.294325 0.00879232 -0.137496
v 0.302285 0.00867761 -0.14366
v 0.318025 0.00838653 -0.156159
v 0.325814 0.00820063 -0.162495
v 0.333625 0.00804592 -0.16895
v 0.333857 -0.000807287 -0.16911
v 0.326076 -0.000790752 -0.162676
v 0.341588 -0.000830149 -0.1756
v 0.341376 0.00791399 -0.175459
v 0.348993 0.00772801 -0.181954
v 0.349593 0.0345019 -0.182602
v 0.339975 0.0476251 -0.17447
v 0.343572 0.0423975 -0.17749
v 0.350664 0.0447069 -0.183583
v 0.344849 0.0516878 -0.178631
v 0.353875 0.0545243 -0.186427
v 0.355537 0.0636823 -0.187934
v 0.362351 0.0619116 -0.193906
v 0.342831 0.0672247 -0.17701
v 0.340831 0.0558592 -0.175243
v 0.360533 0.0415572 -0.192172
v 0.369281 0.0253913 -0.199856
v 0.36281 0.0237696 -0.194083
v 0.356516 0.00756453 -0.188469
v 0.364006 0.00758736 -0.195062
v 0.364478 -0.000888931 -0.195446
v 0.356897 -0.000868607 -0.188768
v 0.349271 -0.000850566 -0.182155
v 0.3927 0.0191637 -0.221353
v 0.386173 0.00876474 -0.215197
v 0.393532 0.00901002 -0.222092
v 0.394253 -0.000962007 -0.222732
v 0.386892 -0.000946019 -0.215824
v 0.378816 0.00835214 -0.208408
v 0.371448 0.00789059 -0.201716
v 0.400116 0.0192596 -0.228396
v 0.400851 0.00909164 -0.229055
v 0.408147 0.00908439 -0.236103
v 0.401565 -0.000980059 -0.2297
v 0.412667 0.0413359 -0.240661
v 0.421205 0.039007 -0.24912
v 0.415377 0.00909287 -0.243199
v 0.422553 0.00908326 -0.250354
v 0.423173 -0.00103863 -0.250938
v 0.416025 -0.00101826 -0.243802
v 0.408824 -0.00100024 -0.236723
v 0.498008 -0.00123754 -0.333019
v 0.498032 0.00787648 -0.333108
v 0.498202 0.04432 -0.33353
v 0.504514 0.0532456 -0.341213
v 0.510275 0.0528604 -0.348315
v 0.50453 0.0440409 -0.341203
v 0.504471 0.00772673 -0.340879
v 0.510804 0.00747853 -0.348644
v 0.510859 -0.0012687 -0.348622
v 0.504461 -0.0012509 -0.340797
v 0.510689 0.0440208 -0.348798
v 0.515373 0.0532429 -0.354691
v 0.516432 0.0451269 -0.356
v 0.525403 0.030414 -0.367365
v 0.533136 0.0344994 -0.377522
v 0.538314 0.0310984 -0.384361
v 0.539841 0.039449 -0.386506
v 0.544278 0.0371671 -0.392432
v 0.548098 -0.00130074 -0.396411
v 0.548808 0.0279504 -0.398355
v 0.549028 0.0367813 -0.398812
v 0.553873 0.0378369 -0.40533
v 0.55252 0.0489199 -0.40362
v 0.543481 0.0288884 -0.391236
v 0.559388 0.0382252 -0.412726
v 0.559574 0.0483852 -0.413088
v 0.571958 0.0796127 -0.429207
v 0.566065 0.089081 -0.420973
v 0.589979 0.0895236 -0.452812
v 0.590366 0.0985371 -0.45276
v 0.572357 -0.00135591 -0.428498
v 0.578394 -0.00136837 -0.436538
v 0.584408 -0.0013702 -0.444588
v 0.585215 0.0061262 -0.446124
v 0.590435 0.00656076 -0.453194
v 0.590402 -0.00136575 -0.452636
v 0.596391 -0.00136495 -0.460662
v 0.59611 0.00693485 -0.460855
v 0.601972 0.00727235 -0.468711
v 0.601429 0.0160227 -0.468469
v 0.607352 0.0168042 -0.476377
v 0.600836 0.0245376 -0.46803
v 0.595691 0.0156349 -0.460768
v 0.590143 0.0152178 -0.453265
v 0.59528 0.0245375 -0.460581
v 0.584935 0.0144311 -0.446182
v 0.58014 0.0127626 -0.439631
v 0.575913 0.0101912 -0.433832
v 0.581366 0.00610541 -0.44093
v 0.619165 0.0273884 -0.492376
v 0.619748 0.00773856 -0.492169
v 0.613848 0.0078489 -0.484441
v 0.607941 0.00761112 -0.476647
v 0.614482 -0.00140035 -0.484601
v 0.608429 -0.00138324 -0.476644
v 0.602398 -0.0013745 -0.46866
v 0.624818 0.0254508 -0.499701
v 0.63151 0.00745867 -0.507453
v 0.625645 0.00748418 -0.499845
v 0.626636 -0.0014226 -0.500466
v 0.620546 -0.00140886 -0.492541
v 0.645008 -0.00143241 -0.524143
v 0.638866 -0.00143289 -0.516269
v 0.632741 -0.00142783 -0.508377
v 0.705149 0.0294947 -0.599905
v 0.699743 0.0189416 -0.593139
v 0.694266 0.0087441 -0.586024
v 0.68884 -0.00134237 -0.578708
v 0.695247 -0.00132416 -0.586417
v 0.700701 0.00884472 -0.593696
v 0.706205 0.0192692 -0.600764
v 0.711849 0.0301448 -0.607714
v 0.718405 0.0426911 -0.615436
v 0.734596 0.098334 -0.632167
v 0.741664 0.0878258 -0.640636
v 0.742206 0.0781307 -0.641524
v 0.734911 0.0607826 -0.633853
v 0.730695 0.0512882 -0.629269
v 0.728384 0.0458713 -0.626704
v 0.718771 0.0304677 -0.615673
v 0.712794 0.0195629 -0.60845
v 0.707185 0.00897937 -0.601349
v 0.701697 -0.00130805 -0.594106
v 0.741294 0.0983681 -0.639741
v 0.749054 0.0879842 -0.648732
v 0.749768 0.0785183 -0.649737
v 0.743088 0.0687045 -0.642687
v 0.737449 0.0685537 -0.636521
v 0.7427 0.0592387 -0.642395
v 0.742265 0.0493397 -0.641986
v 0.735627 0.0509977 -0.63472
v 0.748061 0.0984451 -0.647277
v 0.763518 0.0881459 -0.64526
v 0.763376 0.0782217 -0.645311
v 0.750159 0.0686715 -0.65034
v 0.750114 0.0586781 -0.650399
v 0.763219 0.0583952 -0.645279
v 0.763207 0.0484803 -0.645242
v 0.76323 0.0385687 -0.645206
v 0.763303 0.0286561 -0.645171
v 0.749962 0.0286005 -0.650175
v 0.749909 0.0187567 -0.649949
v 0.744771 0.0182941 -0.644366
v 0.739188 0.0175039 -0.638235
v 0.740056 0.00807923 -0.638903
v 0.733678 0.00843038 -0.631782
v 0.73457 -0.00133531 -0.632276
v 0.727912 -0.00130509 -0.624676
v 0.721298 -0.00129773 -0.617058
v 0.720317 0.00905716 -0.616608
v 0.726994 0.00882757 -0.624234
v 0.708191 -0.0013002 -0.601776
v 0.713719 0.00908598 -0.608987
v 0.71948 0.019608 -0.616149
v 0.725994 0.0294085 -0.623837
v 0.726084 0.0385267 -0.624083
v 0.73166 0.0369287 -0.630289
v 0.734256 0.0428247 -0.633209
v 0.185982 0.099826 -0.0649412
v 0.177091 0.0893525 -0.0595946
v 0.168245 0.0892626 -0.054644
v 0.177263 0.0998491 -0.059936
v 0.140752 0.0782427 -0.0398883
v 0.130757 0.0677645 -0.0347478
v 0.120198 0.0582674 -0.0295803
v 0.140149 0.067211 -0.039401
v 0.0583589 0.0846067 -0.00436413
v 0.0405453 0.0901054 0.00167326
v 0.0402902 0.100208 0.00149971
v 0.049758 0.100183 -0.00172678
v 0.0308584 0.0894749 0.00480529
v 0.0307717 0.100233 0.00459845
v 0.012101 0.0157767 0.0110106
v 0.012244 0.0164995 0.0109629
v 0.011384 0.0157811 0.0112109
v 0.0107205 0.0161313 0.0113943
v 0.0103356 0.0169799 0.0114961
v 0.0101783 0.016427 0.0115416
v 0.0102424 0.015399 0.0115303
v 0.00995417 0.015933 0.0116061
v 0.00947117 0.0160052 0.0117415
v 0.00913246 0.0168295 0.0118316
v 0.00964894 0.0167136 0.0116857
v 0.00898813 0.0162676 0.0118741
v 3.58021e-06 0.0400025 -0.000201502
v 4.22523e-06 0.0700118 -0.000201238
v 0.341592 0.0993245 -0.176131
v 0.333872 0.0993496 -0.16964
v 0.529698 -0.00129615 -0.372369
v 0.517172 0.0988092 -0.356767
v 0.510839 0.0988308 -0.348901
v 0.626655 0.0984707 -0.500522
v 0.31036 -0.000750432 -0.149996
v 0.318244 -0.000767267 -0.156308
v 0.734038 0.0294258 -0.632816
v 0.740953 0.0378699 -0.640519
v 0.379475 -0.000927699 -0.208973
v 0.159662 0.0999035 -0.0502414
v 0.150782 0.0999297 -0.0455539
v 0.0591845 0.100159 -0.0050883
v 0.0212247 0.100259 0.00754592
v 3.75403e-06 0.0300019 -0.000204551
v 0.0685627 0.100136 -0.00857736
v 0.0778959 0.100109 -0.0121917
v 0.150325 0.0890933 -0.0450297
v 0.149921 0.0783097 -0.0445891
v 0.159313 0.0891604 -0.0497797
v 0.168488 0.099878 -0.0550375
v 0.596387 0.0985247 -0.460752
v 0.763279 0.0683067 -0.645301
v 0.763578 0.00882117 -0.645054
v 0.76341 0.018742 -0.645134
v 0.749167 0.00968006 -0.648945
v 0.749116 -0.00143163 -0.646443
v 0.746169 0.00844099 -0.645653
v 0.741273 -0.0013785 -0.639851
v 0.714725 -0.00129127 -0.609429
v 0.739025 0.0249848 -0.63823
v 0.733135 0.0184673 -0.631548
v 0.743671 0.0277195 -0.64335
v 0.749758 0.0486192 -0.650075
v 0.749457 0.0384909 -0.649726
v 0.726362 0.0192135 -0.623964
v 0.757103 0.0984588 -0.652634
v 0.566297 -0.00133373 -0.420472
v 0.571197 0.00906319 -0.427493
v 0.527039 0.0136684 -0.369232
v 0.566229 0.0986026 -0.420709
v 0.560171 0.098618 -0.412696
v 0.554113 0.0986352 -0.404682
v 0.560069 0.0890675 -0.413021
v 0.554065 0.0891398 -0.405046
v 0.554029 0.0795479 -0.405313
v 0.54804 0.0986627 -0.396661
v 0.548036 0.089222 -0.397027
v 0.451193 -0.00110926 -0.280035
v 0.523445 0.0987888 -0.36468
v 0.51714 0.0903293 -0.356793
v 0.372001 -0.000907172 -0.202179
v 0.396026 0.0505202 -0.22465
v 0.405474 0.0629009 -0.233751
v 0.416017 0.0991057 -0.244203
v 0.361094 0.05234 -0.192734
v 0.310203 0.00854479 -0.149899
v 0.302432 -0.000731823 -0.143756
v 0.294445 -0.00071208 -0.137575
v 0.310394 0.0994244 -0.150532
v 0.302467 0.0994508 -0.144295
v 0.408814 0.0991274 -0.237143
v 0.349265 0.0992983 -0.182686
v 0.342035 0.0907451 -0.176468
v 0.0689158 0.00974928 -0.00787152
v 0.0798118 0.0300519 -0.0119536
v 0.521137 0.0481555 -0.362003
v -0.0140526 0.0165661 -0.107622
v -0.0252949 0.0165661 -0.107622
v -0.0252949 -0.00147345 -0.107622
v -0.0140526 -0.00147345 -0.107622
v -0.0247162 -0.00049814 -0.107622
v -0.0238483 -0.00049814 -0.107622
v -0.0238483 0.000476897 -0.107622
v -0.0247162 0.000476897 -0.107622
v -0.0247162 0.000476897 -0.107622
v -0.0238483 0.000476897 -0.107622
v -0.0238483 0.00145193 -0.107622
v -0.0247162 0.00145193 -0.107622
v -0.0247162 0.00145193 -0.107622
v -0.0238483 0.00145193 -0.107622
v -0.0238483 0.00242697 -0.107622
v -0.0247162 0.00242697 -0.107622
v -0.0247162 0.00242697 -0.107622
v -0.0238483 0.00242697 -0.107622
v -0.0238483 0.00340228 -0.107622
v -0.0247162 0.00340228 -0.107622
v -0.0247162 0.00340228 -0.107622
v -0.0238483 0.00340228 -0.107622
v -0.0238483 0.00437731 -0.107622
v -0.0247162 0.00437731 -0.107622
v -0.0247162 0.00437731 -0.107622
v -0.0238483 0.00437731 -0.107622
v -0.0238483 0.00535235 -0.107622
v -0.0247162 0.00535235 -0.107622
v -0.0247162 0.00535235 -0.107622
v -0.0238483 0.00535235 -0.107622
v -0.0238483 0.00632738 -0.107622
v -0.0247162 0.00632738 -0.107622
v -0.0247162 0.00632738 -0.107622
v -0.0238483 0.00632738 -0.107622
v -0.0238483 0.00730242 -0.107622
v -0.0247162 0.00730242 -0.107622
v -0.0247162 0.00730242 -0.107622
v -0.0238483 0.00730242 -0.107622
v -0.0238483 0.00827773 -0.107622
v -0.0247162 0.00827773 -0.107622
v -0.0247162 0.00827773 -0.107622
v -0.0238483 0.00827773 -0.107622
v -0.0238483 0.00925276 -0.107622
v -0.0247162 0.00925276 -0.107622
v -0.0247162 0.00925276 -0.107622
v -0.0238483 0.00925276 -0.107622
v -0.0238483 0.0102278 -0.107622
v -0.0247162 0.0102278 -0.107622
v -0.0247162 0.0102278 -0.107622
v -0.0238483 0.0102278 -0.107622
v -0.0238483 0.0112028 -0.107622
v -0.0247162 0.0112028 -0.107622
v -0.0247162 -0.00049814 -0.107622
v -0.0235589 -0.00049814 -0.107622
v -0.0247162 0.000476897 -0.107622
v -0.0235589 0.000476897 -0.107622
v -0.0247162 0.00145193 -0.107622
v -0.0235589 0.00145193 -0.107622
v -0.0247162 0.00242697 -0.107622
v -0.0235589 0.00242697 -0.107622
v -0.0247162 0.00340228 -0.107622
v -0.0235589 0.00340228 -0.107622
v -0.0247162 0.00437731 -0.107622
v -0.0235589 0.00437731 -0.107622
v -0.0247162 0.00535235 -0.107622
v -0.0235589 0.00535235 -0.107622
v -0.0247162 0.00632738 -0.107622
v -0.0235589 0.00632738 -0.107622
v -0.0247162 0.00730242 -0.107622
v -0.0235589 0.00730242 -0.107622
v -0.0247162 0.00827773 -0.107622
v -0.0235589 0.00827773 -0.107622
v -0.0247162 0.00925276 -0.107622
v -0.0235589 0.00925276 -0.107622
v -0.0247162 0.0102278 -0.107622
v -0.0235589 0.0102278 -0.107622
v -0.0247162 0.0112028 -0.107622
v -0.0235589 0.0112028 -0.107622
v -0.0238483 0.0112028 -0.107622
v -0.0238483 -0.00049814 -0.107622

#List of body polygons
f 1 2 3
f 1 3 4
f 5 1 4
f 1 5 6
f 10 11 12
f 16 17 18
f 31 32 33
f 38 39 40
f 102 103 101
f 103 102 104
f 106 108 107
f 106 109 108
f 109 103 112
f 109 101 103
f 109 106 101
f 287 288 289
f 292 287 293
f 292 294 287
f 287 289 293
f 295 296 294
f 297 294 292
f 297 295 294
f 298 299 296
f 298 296 295
f 300 301 299
f 300 299 298
f 302 303 301
f 302 301 300
f 304 305 303
f 304 303 302
f 306 307 305
f 306 305 304
f 308 309 307
f 308 307 306
f 310 311 309
f 310 309 308
f 313 315 314
f 313 311 315
f 315 311 310
f 316 317 318
f 314 316 318
f 314 315 316
f 320 321 322
f 317 320 322
f 317 316 320
f 324 325 326
f 321 324 326
f 321 320 324
f 328 329 330
f 325 328 330
f 325 324 328
f 332 333 334
f 329 332 334
f 329 328 332
f 336 338 337
f 336 339 338
f 333 339 336
f 333 332 339
f 340 341 338
f 340 338 339
f 342 343 341
f 342 341 340
f 343 344 345
f 344 342 348
f 344 343 342
f 396 397 395
f 409 411 410
f 409 412 411
f 412 415 414
f 412 409 415
f 103 420 421
f 103 421 112
f 423 425 424
f 423 426 425
f 423 427 426
f 427 103 104
f 427 420 103
f 427 423 420
f 425 428 429
f 428 425 426
f 425 433 434
f 425 434 424
f 437 438 436
f 437 439 438
f 436 425 429
f 436 433 425
f 436 438 433
f 477 31 478
f 477 32 31
f 32 477 479
f 397 481 395
f 397 482 481
f 587 589 588
f 587 590 589
f 590 587 591
f 592 593 589
f 592 589 590
f 594 595 593
f 594 593 592
f 596 597 595
f 596 595 594
f 598 599 597
f 598 597 596
f 600 601 599
f 600 599 598
f 602 603 601
f 602 601 600
f 4 604 603
f 4 603 602
f 606 608 607
f 606 604 608
f 608 604 4
f 608 611 607
f 3 699 700
f 39 3 700
f 39 38 3
f 2 701 702
f 699 2 702
f 699 3 2
f 703 704 705
f 701 703 705
f 701 2 703
f 706 590 591
f 706 707 590
f 704 707 706
f 704 703 707
f 708 592 590
f 708 590 707
f 709 594 592
f 709 592 708
f 710 596 594
f 710 594 709
f 711 598 596
f 711 596 710
f 712 600 598
f 712 598 711
f 713 714 600
f 713 600 712
f 715 6 714
f 715 714 713
f 716 703 6
f 716 6 715
f 717 707 703
f 717 703 716
f 709 708 707
f 709 707 717
f 608 763 764
f 608 764 611
f 604 606 814
f 815 604 816
f 815 603 604
f 604 814 816
f 817 603 818
f 817 601 603
f 603 815 818
f 31 599 601
f 478 601 817
f 478 31 601
f 33 597 599
f 33 599 31
f 819 589 597
f 819 597 33
f 589 820 588
f 820 819 822
f 820 589 819
f 934 936 937
f 936 934 944
f 954 956 955
f 954 342 956
f 342 954 348
f 340 957 956
f 340 956 342
f 339 958 957
f 339 957 340
f 332 959 958
f 332 958 339
f 328 960 959
f 328 959 332
f 324 961 960
f 324 960 328
f 320 962 961
f 320 961 324
f 316 963 962
f 316 962 320
f 315 964 963
f 315 963 316
f 966 310 967
f 966 964 310
f 310 964 315
f 308 968 969
f 967 308 969
f 967 310 308
f 306 971 972
f 968 306 972
f 968 308 306
f 304 974 975
f 971 304 975
f 971 306 304
f 302 977 978
f 974 302 978
f 974 304 302
f 300 980 981
f 977 300 981
f 977 302 300
f 298 983 984
f 980 298 984
f 980 300 298
f 295 986 987
f 983 295 987
f 983 298 295
f 295 297 986
f 1072 27 1073
f 1072 1074 27
f 1072 1075 1074
f 27 1074 1076
f 1080 32 1079
f 1080 33 32
f 32 1081 1079
f 822 33 1084
f 822 819 33
f 33 1080 1084
f 964 966 1475
f 1478 964 1479
f 1478 963 964
f 964 1475 1479
f 1481 963 1482
f 1481 962 963
f 963 1478 1482
f 1484 962 1485
f 1484 961 962
f 962 1481 1485
f 1487 961 1488
f 1487 960 961
f 961 1484 1488
f 1490 960 1491
f 1490 959 960
f 960 1487 1491
f 10 958 959
f 1492 959 1490
f 1492 10 959
f 12 957 958
f 12 958 10
f 1493 956 957
f 1493 957 12
f 956 1494 955
f 1494 1493 1496
f 1494 956 1493
f 1503 1505 1504
f 1503 1506 1505
f 1506 1510 1509
f 1506 1503 1510
f 1635 1636 1637
f 1638 1635 1639
f 1638 1640 1635
f 1635 1637 1639
f 1641 1640 1642
f 1641 1643 1640
f 1640 1638 1642
f 1644 1643 1645
f 1644 1646 1643
f 1643 1641 1645
f 1647 1646 1648
f 1647 1649 1646
f 1646 1644 1648
f 1650 1649 1651
f 1650 1652 1649
f 1649 1647 1651
f 1653 1652 1654
f 1653 1655 1652
f 1652 1650 1654
f 1656 1655 1657
f 1656 1658 1655
f 1655 1653 1657
f 1659 1658 1660
f 1659 1661 1658
f 1658 1656 1660
f 1662 1661 1663
f 1662 1664 1661
f 1661 1659 1663
f 1665 1664 1666
f 1665 1667 1664
f 1664 1662 1666
f 1667 1668 1669
f 1668 1667 1665
f 1709 1710 1711
f 1709 1711 1712
f 1713 1667 1669
f 1713 1714 1667
f 1710 1714 1713
f 1710 1709 1714
f 1715 1664 1667
f 1715 1667 1714
f 1716 1661 1664
f 1716 1664 1715
f 1717 1658 1661
f 1717 1661 1716
f 1718 1655 1658
f 1718 1658 1717
f 1719 1652 1655
f 1719 1655 1718
f 1720 1649 1652
f 1720 1652 1719
f 1721 1646 1649
f 1721 1649 1720
f 1722 1643 1646
f 1722 1646 1721
f 1723 1640 1643
f 1723 1643 1722
f 1724 1635 1640
f 1724 1640 1723
f 1725 1726 1635
f 1725 1635 1724
f 1728 1726 1729
f 1728 1730 1726
f 1729 1725 1731
f 1729 1726 1725
f 1733 1730 1734
f 1733 1735 1730
f 1730 1728 1734
f 1737 1735 1738
f 1737 1739 1735
f 1735 1733 1738
f 1741 1739 1742
f 1741 1743 1739
f 1739 1737 1742
f 1745 1743 1746
f 1745 1747 1743
f 1743 1741 1746
f 1749 1747 1750
f 1749 1751 1747
f 1747 1745 1750
f 1752 1753 1751
f 1754 1751 1749
f 1754 1752 1751
f 1755 1756 1753
f 1755 1753 1752
f 1757 1758 1756
f 1757 1756 1755
f 1758 1759 1760
f 1759 1757 1763
f 1759 1758 1757
f 1784 1786 1785
f 1784 1787 1786
f 1787 1791 1790
f 1787 1784 1791
f 1824 10 1492
f 1824 11 10
f 11 1824 1825
f 1838 16 1839
f 1838 1840 16
f 1840 1838 1841
f 1842 17 16
f 1842 16 1840
f 1843 1844 17
f 1843 17 1842
f 1844 1845 1846
f 1845 1843 1848
f 1845 1844 1843
f 1849 1850 1851
f 1509 1849 1851
f 1509 1853 1849
f 1509 1510 1853
f 1854 1855 1856
f 1850 1854 1856
f 1850 1849 1854
f 1859 1861 1860
f 1859 1862 1861
f 1859 1863 1862
f 1855 1861 1862
f 1855 1854 1861
f 1861 1866 1860
f 1867 1869 1868
f 1867 1842 1869
f 1842 1867 1870
f 1840 1871 1869
f 1840 1869 1842
f 1872 1871 1873
f 1872 1874 1871
f 1873 1840 1841
f 1873 1871 1840
f 1874 1875 1876
f 1874 1872 1875
f 1885 1886 1887
f 1898 1885 1897
f 1899 1885 1887
f 1899 1897 1885
f 1899 1900 1897
f 1915 1869 1914
f 1869 1915 1868
f 1916 1918 1917
f 1916 1871 1918
f 1914 1871 1916
f 1914 1869 1871
f 1874 1919 1918
f 1874 1918 1871
f 1920 1919 1921
f 1920 1922 1919
f 1921 1874 1876
f 1921 1919 1874
f 1923 1922 1924
f 1923 1925 1922
f 1922 1920 1924
f 1926 1925 1927
f 1926 1928 1925
f 1925 1923 1927
f 1929 1928 1930
f 1929 1931 1928
f 1928 1926 1930
f 1932 1931 1933
f 1932 1934 1931
f 1931 1929 1933
f 1934 1935 1936
f 1934 1932 1935
f 1943 1885 1942
f 1943 1788 1885
f 1886 1788 1944
f 1886 1885 1788
f 1885 1898 1942
f 1950 1758 1760
f 1950 1918 1758
f 1918 1950 1917
f 1919 1756 1758
f 1919 1758 1918
f 1922 1753 1756
f 1922 1756 1919
f 1925 1751 1753
f 1925 1753 1922
f 1928 1747 1751
f 1928 1751 1925
f 1931 1743 1747
f 1931 1747 1928
f 1934 1739 1743
f 1934 1743 1931
f 1951 1739 1952
f 1951 1735 1739
f 1952 1934 1936
f 1952 1739 1934
f 1953 1735 1954
f 1953 1730 1735
f 1735 1951 1954
f 1955 1730 1956
f 1955 1726 1730
f 1730 1953 1956
f 1636 1726 1957
f 1636 1635 1726
f 1726 1955 1957
f 16 1958 1839
f 1958 18 1959
f 1958 16 18
f 1960 1493 12
f 1960 12 11
f 1496 1844 1961
f 1496 1493 1844
f 1844 1493 1960
f 1844 1846 1961
f 1962 1843 1842
f 1963 1842 1870
f 1963 1962 1842
f 1848 1965 1964
f 1848 1843 1965
f 1965 1843 1962
f 1849 1853 1966
f 1964 1849 1966
f 1964 1965 1849
f 1969 1970 1968
f 1969 1971 1970
f 1971 1504 1505
f 1971 1969 1504
f 1972 934 937
f 1972 1973 934
f 1972 1974 1973
f 1974 1968 1970
f 1974 1972 1968
f 712 716 715
f 712 715 713
f 711 717 716
f 711 716 712
f 710 709 717
f 710 717 711
f 589 593 595
f 589 595 597
f 1988 5 4
f 1988 4 602
f 6 5 1988
f 6 1988 714
f 1988 602 600
f 1988 600 714
f 1 6 703
f 1 703 2
f 1863 1990 1989
f 1863 1859 1990
f 1900 1989 1990
f 1900 1899 1989
f 1962 1854 1849
f 1962 1849 1965
f 1861 1854 1962
f 1866 1962 1963
f 1866 1861 1962
f 17 1844 1960
f 17 1960 18
f 18 1960 11
f 1959 11 1825
f 1959 18 11
f 1995 27 1076
f 1995 1996 27
f 1995 1997 1996
f 27 1996 1998
f 1999 608 2000
f 1999 763 608
f 1999 2001 763
f 2000 38 40
f 2000 608 38
f 3 38 608
f 3 608 4

#List of body polygons
f 7 8 9
f 62 63 64
f 65 66 67
f 68 69 70
f 134 135 136
f 134 136 138
f 139 140 141
f 135 139 141
f 135 134 139
f 143 144 145
f 140 143 145
f 140 139 143
f 147 149 148
f 147 150 149
f 144 150 147
f 144 143 150
f 151 152 149
f 151 149 150
f 153 154 152
f 153 152 151
f 155 156 154
f 155 154 153
f 157 158 156
f 157 156 155
f 159 160 158
f 159 158 157
f 161 162 160
f 161 160 159
f 163 164 162
f 163 162 161
f 165 166 164
f 165 164 163
f 167 168 166
f 167 166 165
f 169 170 168
f 169 168 167
f 171 172 170
f 171 170 169
f 173 174 172
f 173 172 171
f 174 175 176
f 175 173 179
f 175 174 173
f 242 243 244
f 242 244 246
f 247 249 248
f 247 250 249
f 243 250 247
f 243 242 250
f 251 252 249
f 251 249 250
f 252 253 254
f 253 251 257
f 253 252 251
f 399 400 401
f 400 398 404
f 400 399 398
f 440 441 9
f 440 9 8
f 442 443 441
f 442 441 440
f 444 445 443
f 444 443 442
f 446 447 445
f 446 445 444
f 448 449 447
f 448 447 446
f 450 451 449
f 450 449 448
f 452 453 451
f 452 451 450
f 455 68 456
f 455 453 68
f 68 453 452
f 68 70 456
f 486 488 487
f 486 489 488
f 489 486 490
f 491 492 488
f 491 488 489
f 493 494 492
f 493 492 491
f 495 496 494
f 495 494 493
f 497 498 496
f 497 496 495
f 499 500 498
f 499 498 497
f 501 502 500
f 501 500 499
f 503 504 502
f 503 502 501
f 505 506 504
f 505 504 503
f 507 508 506
f 507 506 505
f 509 510 508
f 509 508 507
f 511 512 510
f 511 510 509
f 513 514 512
f 513 512 511
f 515 516 514
f 515 514 513
f 518 516 519
f 518 520 516
f 519 515 521
f 519 516 515
f 523 520 524
f 523 525 520
f 520 518 524
f 527 525 528
f 527 529 525
f 525 523 528
f 531 529 532
f 531 533 529
f 529 527 532
f 533 534 535
f 533 531 534
f 623 624 625
f 628 623 629
f 628 630 623
f 623 625 629
f 632 630 633
f 632 634 630
f 630 628 633
f 636 634 637
f 636 638 634
f 634 632 637
f 640 638 641
f 640 642 638
f 638 636 641
f 643 644 642
f 645 642 640
f 645 643 642
f 646 647 644
f 646 644 643
f 648 649 647
f 648 647 646
f 650 651 649
f 650 649 648
f 652 653 651
f 652 651 650
f 654 655 653
f 654 653 652
f 656 657 655
f 656 655 654
f 658 659 657
f 658 657 656
f 660 661 659
f 660 659 658
f 662 663 661
f 662 661 660
f 664 665 663
f 664 663 662
f 666 667 665
f 666 665 664
f 668 669 667
f 668 667 666
f 670 671 669
f 670 669 668
f 673 675 674
f 673 671 675
f 675 671 670
f 676 677 678
f 674 676 678
f 674 675 676
f 676 682 677
f 726 727 728
f 676 729 726
f 682 726 728
f 682 676 726
f 675 730 729
f 675 729 676
f 670 731 730
f 670 730 675
f 668 732 731
f 668 731 670
f 666 733 732
f 666 732 668
f 664 734 733
f 664 733 666
f 662 735 734
f 662 734 664
f 660 736 735
f 660 735 662
f 658 737 736
f 658 736 660
f 656 738 737
f 656 737 658
f 654 739 738
f 654 738 656
f 652 740 739
f 652 739 654
f 650 741 740
f 650 740 652
f 743 648 744
f 743 741 648
f 648 741 650
f 646 745 746
f 744 646 746
f 744 648 646
f 643 748 749
f 745 643 749
f 745 646 643
f 643 645 748
f 671 673 777
f 780 671 781
f 780 669 671
f 671 777 781
f 783 669 784
f 783 667 669
f 669 780 784
f 786 667 787
f 786 665 667
f 667 783 787
f 788 663 665
f 789 665 786
f 789 788 665
f 790 661 663
f 790 663 788
f 791 659 661
f 791 661 790
f 792 657 659
f 792 659 791
f 793 655 657
f 793 657 792
f 794 653 655
f 794 655 793
f 795 651 653
f 795 653 794
f 796 649 651
f 796 651 795
f 797 647 649
f 797 649 796
f 798 644 647
f 798 647 797
f 799 642 644
f 799 644 798
f 800 638 642
f 800 642 799
f 801 634 638
f 801 638 800
f 802 630 634
f 802 634 801
f 803 623 630
f 803 630 802
f 624 805 804
f 624 623 805
f 805 623 803
f 805 807 804
f 884 885 886
f 888 889 884
f 890 884 886
f 890 888 884
f 891 892 889
f 891 889 888
f 893 894 892
f 893 892 891
f 7 895 894
f 7 894 893
f 9 896 895
f 9 895 7
f 441 897 896
f 441 896 9
f 443 898 897
f 443 897 441
f 445 899 898
f 445 898 443
f 447 900 899
f 447 899 445
f 449 901 900
f 449 900 447
f 451 902 901
f 451 901 449
f 453 903 902
f 453 902 451
f 903 904 905
f 904 453 455
f 904 903 453
f 515 918 919
f 515 919 521
f 513 921 922
f 918 513 922
f 918 515 513
f 924 926 925
f 924 511 926
f 921 511 924
f 921 513 511
f 509 927 926
f 509 926 511
f 507 928 927
f 507 927 509
f 505 929 928
f 505 928 507
f 503 8 929
f 503 929 505
f 501 440 8
f 501 8 503
f 499 442 440
f 499 440 501
f 497 444 442
f 497 442 499
f 495 446 444
f 495 444 497
f 493 448 446
f 493 446 495
f 491 450 448
f 491 448 493
f 489 452 450
f 489 450 491
f 69 452 930
f 69 68 452
f 930 489 490
f 930 452 489
f 1011 1013 1012
f 1011 251 1013
f 251 1011 257
f 250 1014 1013
f 250 1013 251
f 242 1015 1014
f 242 1014 250
f 1015 1016 1017
f 1016 242 246
f 1016 1015 242
f 173 1042 1043
f 173 1043 179
f 171 1044 1045
f 1042 171 1045
f 1042 173 171
f 169 1046 1047
f 1044 169 1047
f 1044 171 169
f 1048 533 535
f 1048 167 533
f 1046 167 1048
f 1046 169 167
f 165 529 533
f 165 533 167
f 163 525 529
f 163 529 165
f 161 520 525
f 161 525 163
f 159 516 520
f 159 520 161
f 157 514 516
f 157 516 159
f 155 512 514
f 155 514 157
f 153 510 512
f 153 512 155
f 151 508 510
f 151 510 153
f 150 506 508
f 150 508 151
f 143 504 506
f 143 506 150
f 139 502 504
f 139 504 143
f 134 500 502
f 134 502 139
f 1049 500 1050
f 1049 498 500
f 1050 134 138
f 1050 500 134
f 1051 498 1052
f 1051 496 498
f 498 1049 1052
f 1053 496 1054
f 1053 494 496
f 496 1051 1054
f 1055 494 1056
f 1055 492 494
f 494 1053 1056
f 1057 492 1058
f 1057 488 492
f 492 1055 1058
f 488 1059 487
f 488 1057 1059
f 1060 471 1061
f 1060 1062 471
f 1062 1060 1063
f 471 1064 1065
f 1064 1062 1067
f 1064 471 1062
f 1085 903 905
f 1085 805 903
f 805 1085 807
f 803 902 903
f 803 903 805
f 802 901 902
f 802 902 803
f 801 900 901
f 801 901 802
f 800 899 900
f 800 900 801
f 799 898 899
f 799 899 800
f 798 897 898
f 798 898 799
f 797 896 897
f 797 897 798
f 796 895 896
f 796 896 797
f 795 894 895
f 795 895 796
f 794 892 894
f 794 894 795
f 793 889 892
f 793 892 794
f 792 884 889
f 792 889 793
f 885 791 1086
f 885 884 791
f 791 884 792
f 790 1087 1088
f 1086 790 1088
f 1086 791 790
f 788 1089 1090
f 1087 788 1090
f 1087 790 788
f 788 789 1089
f 893 929 8
f 893 8 7
f 891 928 929
f 891 929 893
f 888 927 928
f 888 928 891
f 1091 927 1092
f 1091 926 927
f 1092 888 890
f 1092 927 888
f 926 1093 925
f 926 1091 1093
f 1223 1225 1224
f 1223 1226 1225
f 1226 1223 1227
f 1228 1229 1225
f 1228 1225 1226
f 1230 1231 1229
f 1230 1229 1228
f 1232 1233 1231
f 1232 1231 1230
f 66 65 1233
f 66 1233 1232
f 1289 1290 1288
f 1290 1289 1291
f 1292 1293 1294
f 1288 1292 1294
f 1288 1290 1292
f 1296 1298 1297
f 1296 1232 1298
f 1293 1232 1296
f 1293 1292 1232
f 1230 1299 1298
f 1230 1298 1232
f 1228 1300 1299
f 1228 1299 1230
f 1226 1301 1300
f 1226 1300 1228
f 1301 1302 1303
f 1302 1226 1227
f 1302 1301 1226
f 1315 1317 1316
f 1315 1013 1317
f 1013 1315 1012
f 1014 1318 1317
f 1014 1317 1013
f 1015 1319 1318
f 1015 1318 1014
f 1319 1320 1321
f 1320 1015 1017
f 1320 1319 1015
f 1328 1329 1233
f 1328 1233 65
f 1330 1331 1329
f 1330 1329 1328
f 1317 1332 1331
f 1317 1331 1330
f 1318 1333 1332
f 1318 1332 1317
f 1319 1334 1333
f 1319 1333 1318
f 1334 1335 1336
f 1335 1319 1321
f 1335 1334 1319
f 1332 1343 1329
f 1332 1329 1331
f 1333 1344 1343
f 1333 1343 1332
f 1334 1345 1344
f 1334 1344 1333
f 1345 1346 1347
f 1346 1334 1336
f 1346 1345 1334
f 1343 1231 1233
f 1343 1233 1329
f 1344 1229 1231
f 1344 1231 1343
f 1345 1225 1229
f 1345 1229 1344
f 1225 1354 1224
f 1354 1345 1347
f 1354 1225 1345
f 1366 1301 1303
f 1366 1367 1301
f 1367 1366 1368
f 1369 1300 1301
f 1369 1301 1367
f 1370 1299 1300
f 1370 1300 1369
f 1372 1299 1373
f 1372 1298 1299
f 1373 1370 1374
f 1373 1299 1370
f 1298 1375 1297
f 1298 1372 1375
f 1387 1389 1388
f 1387 1370 1389
f 1370 1387 1374
f 1369 1390 1389
f 1369 1389 1370
f 1367 1391 1390
f 1367 1390 1369
f 1391 1392 1393
f 1392 1367 1368
f 1392 1391 1367
f 1409 1411 1410
f 1409 1389 1411
f 1389 1409 1388
f 1390 1412 1411
f 1390 1411 1389
f 1391 1413 1412
f 1391 1412 1390
f 1413 1414 1415
f 1414 1391 1393
f 1414 1413 1391
f 1316 1428 1427
f 1316 1317 1428
f 1428 1317 1330
f 1429 1430 1431
f 1427 1429 1431
f 1427 1428 1429
f 1432 1433 1434
f 1430 1432 1434
f 1430 1429 1432
f 1432 1436 1433
f 64 1536 1537
f 1432 62 64
f 1436 64 1537
f 1436 1432 64
f 1429 1538 62
f 1429 62 1432
f 1428 1539 1538
f 1428 1538 1429
f 1330 1328 1539
f 1330 1539 1428
f 1546 1548 1547
f 1546 1549 1548
f 1549 1546 1550
f 1551 1552 1548
f 1551 1548 1549
f 1538 1553 1552
f 1538 1552 1551
f 1539 67 1553
f 1539 1553 1538
f 1328 65 67
f 1328 67 1539
f 1582 1584 1583
f 1582 1548 1584
f 1548 1582 1547
f 1552 1585 1584
f 1552 1584 1548
f 1553 1586 1585
f 1553 1585 1552
f 67 66 1586
f 67 1586 1553
f 1292 1586 66
f 1292 66 1232
f 1290 1585 1586
f 1290 1586 1292
f 1587 1585 1588
f 1587 1584 1585
f 1588 1290 1291
f 1588 1585 1290
f 1584 1589 1583
f 1584 1587 1589
f 1551 63 62
f 1551 62 1538
f 1549 1594 63
f 1549 63 1551
f 1594 1595 1596
f 1595 1549 1550
f 1595 1594 1549
f 1594 1617 1618
f 64 63 1594
f 1536 1594 1618
f 1536 64 1594
f 1594 1596 1617

#List of body polygons
f 13 14 15
f 55 57 56
f 55 58 57
f 59 60 61
f 69 71 70
f 69 72 71
f 76 77 78
f 115 117 116
f 115 118 117
f 118 115 119
f 120 121 117
f 120 117 118
f 122 123 121
f 122 121 120
f 124 125 123
f 124 123 122
f 126 127 125
f 126 125 124
f 128 129 127
f 128 127 126
f 130 131 129
f 130 129 128
f 132 133 131
f 132 131 130
f 135 133 136
f 135 137 133
f 136 132 138
f 136 133 132
f 140 137 141
f 140 142 137
f 137 135 141
f 144 142 145
f 144 146 142
f 142 140 145
f 146 147 148
f 146 144 147
f 253 255 254
f 253 256 255
f 256 253 257
f 258 259 255
f 258 255 256
f 259 260 261
f 260 258 264
f 260 259 258
f 372 373 122
f 372 122 120
f 374 375 373
f 374 373 372
f 377 375 378
f 377 379 375
f 378 374 380
f 378 375 374
f 379 381 382
f 379 377 381
f 387 388 389
f 387 389 391
f 392 393 394
f 388 392 394
f 388 387 392
f 398 399 397
f 398 397 392
f 400 402 401
f 400 403 402
f 403 400 404
f 402 405 406
f 405 403 408
f 405 402 403
f 118 374 372
f 118 372 120
f 374 419 380
f 419 118 119
f 419 374 118
f 454 455 456
f 71 457 454
f 70 454 456
f 70 71 454
f 458 459 457
f 458 457 71
f 460 461 459
f 460 459 458
f 461 462 463
f 462 460 466
f 462 461 460
f 469 397 399
f 469 399 480
f 460 483 484
f 460 484 466
f 485 379 382
f 485 458 379
f 483 458 485
f 483 460 458
f 71 375 379
f 71 379 458
f 72 373 375
f 72 375 71
f 373 486 487
f 486 72 490
f 486 373 72
f 612 614 613
f 612 615 614
f 615 612 616
f 617 618 614
f 617 614 615
f 619 620 618
f 619 618 617
f 621 622 620
f 621 620 619
f 624 626 625
f 624 622 626
f 626 622 621
f 627 628 629
f 625 627 629
f 625 626 627
f 631 632 633
f 628 631 633
f 628 627 631
f 635 636 637
f 632 635 637
f 632 631 635
f 639 640 641
f 636 639 641
f 636 635 639
f 639 645 640
f 742 743 744
f 745 742 746
f 745 747 742
f 742 744 746
f 748 747 749
f 748 750 747
f 747 745 749
f 639 751 750
f 645 750 748
f 645 639 750
f 635 752 751
f 635 751 639
f 631 753 752
f 631 752 635
f 627 754 753
f 627 753 631
f 626 755 754
f 626 754 627
f 621 756 755
f 621 755 626
f 619 757 756
f 619 756 621
f 617 758 757
f 617 757 619
f 615 759 758
f 615 758 617
f 759 760 761
f 760 615 616
f 760 759 615
f 622 624 804
f 806 620 622
f 807 622 804
f 807 806 622
f 808 618 620
f 808 620 806
f 809 614 618
f 809 618 808
f 614 810 613
f 810 809 812
f 810 614 809
f 836 838 837
f 836 808 838
f 812 808 836
f 812 809 808
f 806 839 838
f 806 838 808
f 840 841 839
f 840 839 806
f 454 457 841
f 454 841 840
f 838 842 843
f 838 843 837
f 845 847 846
f 845 839 847
f 842 839 845
f 842 838 839
f 841 848 847
f 841 847 839
f 457 459 848
f 457 848 841
f 849 461 463
f 849 847 461
f 847 849 846
f 848 459 461
f 848 461 847
f 904 840 905
f 904 454 840
f 454 904 455
f 72 69 930
f 72 930 490
f 1000 1001 1002
f 1003 1000 1004
f 1003 1005 1000
f 1000 1002 1004
f 1006 1005 1007
f 1006 1008 1005
f 1005 1003 1007
f 258 1009 1008
f 264 1008 1006
f 264 258 1008
f 256 1010 1009
f 256 1009 258
f 1010 1011 1012
f 1011 256 257
f 1011 1010 256
f 132 1049 1050
f 132 1050 138
f 130 1051 1052
f 1049 130 1052
f 1049 132 130
f 128 1053 1054
f 1051 128 1054
f 1051 130 128
f 126 1055 1056
f 1053 126 1056
f 1053 128 126
f 124 1057 1058
f 1055 124 1058
f 1055 126 124
f 1059 373 487
f 1059 122 373
f 1057 122 1059
f 1057 124 122
f 469 1060 1061
f 1060 480 1063
f 1060 469 480
f 1064 473 1065
f 1064 1066 473
f 1066 1064 1067
f 473 1068 1069
f 1068 1066 1071
f 1068 473 1066
f 840 1085 905
f 1085 806 807
f 1085 840 806
f 1252 1253 1254
f 1252 1254 1256
f 1257 1259 1258
f 1257 1260 1259
f 1253 1260 1257
f 1253 1252 1260
f 78 1261 1259
f 78 1259 1260
f 1263 77 1264
f 1263 1261 77
f 77 1261 78
f 77 1267 1264
f 1276 1277 1278
f 1276 1278 1280
f 1281 1282 1283
f 1277 1281 1283
f 1277 1276 1281
f 1285 1287 1286
f 1285 1288 1287
f 1285 1289 1288
f 1289 1281 1291
f 1289 1282 1281
f 1289 1285 1282
f 1293 1287 1294
f 1293 1295 1287
f 1287 1288 1294
f 1295 1296 1297
f 1295 1293 1296
f 1009 1315 1316
f 1315 1010 1012
f 1315 1009 1010
f 1371 1372 1373
f 1371 1373 1374
f 1375 1295 1297
f 1375 1376 1295
f 1372 1376 1375
f 1372 1371 1376
f 1377 1287 1295
f 1377 1295 1376
f 1287 1378 1286
f 1378 1377 1380
f 1378 1287 1377
f 1383 1385 1384
f 1383 1376 1385
f 1380 1376 1383
f 1380 1377 1376
f 1371 1386 1385
f 1371 1385 1376
f 1386 1387 1388
f 1387 1371 1374
f 1387 1386 1371
f 1405 1407 1406
f 1405 1385 1407
f 1385 1405 1384
f 1386 1408 1407
f 1386 1407 1385
f 1408 1409 1410
f 1409 1386 1388
f 1409 1408 1386
f 1009 1316 1427
f 1430 1009 1431
f 1430 1008 1009
f 1009 1427 1431
f 1433 1008 1434
f 1433 1005 1008
f 1008 1430 1434
f 1435 1000 1005
f 1436 1005 1433
f 1436 1435 1005
f 1001 1438 1437
f 1001 1000 1438
f 1438 1000 1435
f 1439 1440 1441
f 1437 1439 1441
f 1437 1438 1439
f 1442 1443 1444
f 1440 1442 1444
f 1440 1439 1442
f 1445 1446 1447
f 1443 1445 1447
f 1443 1442 1445
f 1448 1449 1450
f 1446 1448 1450
f 1446 1445 1448
f 1451 1452 1453
f 1449 1451 1453
f 1449 1448 1451
f 1454 1455 1456
f 1452 1454 1456
f 1452 1451 1454
f 1457 1458 1459
f 1455 1457 1459
f 1455 1454 1457
f 1457 1461 1458
f 1463 1464 1465
f 1463 1465 1466
f 58 1467 1468
f 1464 58 1468
f 1464 1463 58
f 58 55 1467
f 1511 1513 1512
f 1511 1514 1513
f 1514 1511 1515
f 1463 1521 57
f 1463 57 58
f 1522 1521 1523
f 1522 1524 1521
f 1523 1463 1466
f 1523 1521 1463
f 1525 1524 1526
f 1525 1527 1524
f 1524 1522 1526
f 1457 1528 1527
f 1461 1527 1525
f 1461 1457 1527
f 1454 1529 1528
f 1454 1528 1457
f 1451 1530 1529
f 1451 1529 1454
f 1448 1531 1530
f 1448 1530 1451
f 1445 1532 1531
f 1445 1531 1448
f 1442 1533 1532
f 1442 1532 1445
f 1439 1534 1533
f 1439 1533 1442
f 1438 1535 1534
f 1438 1534 1439
f 1536 1435 1537
f 1536 1535 1435
f 1435 1535 1438
f 1435 1436 1537
f 1540 1541 13
f 1540 13 15
f 1542 1543 1541
f 1542 1541 1540
f 61 1544 1543
f 61 1543 1542
f 60 1545 1544
f 60 1544 61
f 1545 1546 1547
f 1546 60 1550
f 1546 1545 60
f 1554 1556 1555
f 1554 1557 1556
f 1557 1554 1558
f 1559 1560 1556
f 1559 1556 1557
f 1561 1562 1560
f 1561 1560 1559
f 1563 1564 1562
f 1563 1562 1561
f 1565 1566 1564
f 1565 1564 1563
f 1567 76 1566
f 1567 1566 1565
f 14 1568 76
f 14 76 1567
f 1570 13 1571
f 1570 1568 13
f 13 1568 14
f 1541 1572 1573
f 1571 1541 1573
f 1571 13 1541
f 1543 1575 1576
f 1572 1543 1576
f 1572 1541 1543
f 1578 1580 1579
f 1578 1544 1580
f 1575 1544 1578
f 1575 1543 1544
f 1545 1581 1580
f 1545 1580 1544
f 1581 1582 1583
f 1582 1545 1547
f 1582 1581 1545
f 1281 1587 1588
f 1281 1588 1291
f 1589 1581 1583
f 1589 1276 1581
f 1587 1276 1589
f 1587 1281 1276
f 1590 1581 1591
f 1590 1580 1581
f 1591 1276 1280
f 1591 1581 1276
f 1580 1592 1579
f 1580 1590 1592
f 1568 1570 1593
f 77 76 1568
f 1267 1568 1593
f 1267 77 1568
f 1595 59 1596
f 1595 60 59
f 60 1595 1550
f 1598 1599 1600
f 1598 1600 1602
f 1603 1605 1604
f 1603 1606 1605
f 1599 1606 1603
f 1599 1598 1606
f 1607 1608 1605
f 1607 1605 1606
f 57 1609 1608
f 57 1608 1607
f 1521 1610 1609
f 1521 1609 57
f 1524 1611 1610
f 1524 1610 1521
f 1527 1612 1611
f 1527 1611 1524
f 1528 1613 1612
f 1528 1612 1527
f 1529 1614 1613
f 1529 1613 1528
f 1530 1615 1614
f 1530 1614 1529
f 1531 1616 1615
f 1531 1615 1530
f 1532 15 1616
f 1532 1616 1531
f 1533 1540 15
f 1533 15 1532
f 1534 1542 1540
f 1534 1540 1533
f 1617 1535 1618
f 1617 1542 1535
f 1535 1542 1534
f 1535 1536 1618
f 1672 1259 1671
f 1259 1672 1258
f 1261 1673 1674
f 1671 1261 1674
f 1671 1259 1261
f 1261 1263 1673
f 1567 1616 15
f 1567 15 14
f 1565 1615 1616
f 1565 1616 1567
f 1563 1614 1615
f 1563 1615 1565
f 1612 1613 1614
f 1612 1614 1563
f 1605 1683 1684
f 1605 1684 1604
f 1608 1685 1686
f 1683 1608 1686
f 1683 1605 1608
f 1687 1557 1558
f 1687 1609 1557
f 1685 1609 1687
f 1685 1608 1609
f 1610 1559 1557
f 1610 1557 1609
f 1611 1561 1559
f 1611 1559 1610
f 1612 1563 1561
f 1612 1561 1611
f 1560 1688 1689
f 1555 1560 1689
f 1555 1556 1560
f 1562 1690 1691
f 1688 1562 1691
f 1688 1560 1562
f 1692 1252 1256
f 1692 1564 1252
f 1690 1564 1692
f 1690 1562 1564
f 1566 1260 1252
f 1566 1252 1564
f 76 78 1260
f 76 1260 1566
f 1693 1695 1694
f 1693 1696 1695
f 1696 1693 1697
f 1698 1695 1699
f 1698 1700 1695
f 1699 1696 1701
f 1699 1695 1696
f 1702 1700 1703
f 1702 1704 1700
f 1700 1698 1703
f 1705 1704 1706
f 1705 1707 1704
f 1704 1702 1706
f 56 1707 1708
f 56 57 1707
f 1707 1705 1708
f 1606 1707 57
f 1606 57 1607
f 1598 1704 1707
f 1598 1707 1606
f 1818 1700 1704
f 1818 1704 1598
f 1819 1695 1700
f 1819 1700 1818
f 1695 1820 1821
f 1820 1819 1822
f 1820 1695 1819
f 1696 1697 1701
f 1809 1889 1890
f 1976 1513 1975
f 1513 1976 1512
f 1983 1514 1984
f 1983 1817 1514
f 1514 1515 1984
f 1985 1817 1986
f 1985 1815 1817
f 1817 1983 1986
f 1889 1815 1987
f 1889 1809 1815
f 1815 1985 1987
f 59 61 1542
f 1596 1542 1617
f 1596 59 1542
f 1695 1821 1694
f 1991 1818 1992
f 1991 1819 1818
f 1992 1598 1602
f 1992 1818 1598
f 1819 1993 1822
f 1819 1991 1993
f 2002 387 391
f 2002 2003 387
f 2003 2002 2004
f 2005 2003 2006
f 2005 398 2003
f 2003 2004 2006
f 398 392 387
f 398 387 2003

#List of body polygons
f 19 20 21
f 29 30 28
f 44 46 45
f 44 47 46
f 95 98 99
f 98 95 105
f 349 350 351
f 349 351 353
f 354 356 355
f 354 357 356
f 354 358 357
f 358 349 360
f 358 350 349
f 358 354 350
f 356 361 362
f 356 357 361
f 365 366 367
f 365 367 369
f 370 371 368
f 370 368 365
f 416 97 417
f 416 94 97
f 94 416 418
f 430 47 44
f 47 430 431
f 46 435 45
f 573 37 574
f 573 34 37
f 37 575 574
f 577 34 578
f 577 35 34
f 34 573 578
f 580 35 581
f 580 582 35
f 35 577 581
f 582 583 584
f 582 580 583
f 823 582 584
f 823 30 582
f 30 823 824
f 828 582 827
f 828 35 582
f 827 30 29
f 827 582 30
f 830 832 831
f 830 833 832
f 834 831 832
f 834 835 831
f 940 941 939
f 940 942 941
f 942 365 369
f 942 943 365
f 942 940 943
f 945 947 946
f 945 948 947
f 945 949 948
f 939 949 945
f 939 941 949
f 349 950 947
f 360 947 948
f 360 349 947
f 950 951 952
f 951 349 353
f 951 950 349
f 30 1077 1078
f 1082 30 1078
f 1082 28 30
f 1082 1083 28
f 1077 30 824
f 950 952 1497
f 19 947 950
f 20 950 1497
f 20 19 950
f 947 1498 1499
f 1498 19 1502
f 1498 947 19
f 1764 1765 1766
f 1769 1771 1770
f 1769 1764 1771
f 1772 1764 1766
f 1772 1771 1764
f 1771 1777 1770
f 1778 1779 1780
f 1792 1794 1793
f 1792 1795 1794
f 1795 1802 1801
f 1795 1792 1802
f 19 21 1502
f 1892 1894 1893
f 1892 1895 1894
f 1901 1903 1902
f 1901 1904 1903
f 1893 1902 1903
f 1893 1894 1902
f 1906 1908 1907
f 1906 1909 1908
f 1906 1910 1909
f 1904 1910 1906
f 1904 1901 1910
f 1908 1911 1912
f 1911 1908 1909
f 1778 1940 1941
f 1779 1778 1946
f 1895 1778 1941
f 1895 1946 1778
f 1895 1892 1946
f 1948 1764 1769
f 1948 1908 1764
f 1908 1948 1907
f 1764 1949 1765
f 1949 1908 1912
f 1949 1764 1908
f 947 1967 946
f 1967 947 1499

#List of body polygons
f 20 22 21
f 20 23 22
f 39 41 40
f 39 42 41
f 43 44 45
f 94 95 96
f 94 96 97
f 98 100 99
f 98 101 100
f 98 102 101
f 102 94 104
f 102 105 94
f 102 98 105
f 100 106 107
f 106 100 101
f 312 313 314
f 317 312 318
f 317 319 312
f 312 314 318
f 321 319 322
f 321 323 319
f 319 317 322
f 325 323 326
f 325 327 323
f 323 321 326
f 329 327 330
f 329 331 327
f 327 325 330
f 333 331 334
f 333 335 331
f 331 329 334
f 335 336 337
f 335 333 336
f 344 346 345
f 344 347 346
f 347 344 348
f 350 346 351
f 350 352 346
f 351 347 353
f 351 346 347
f 352 354 355
f 354 352 350
f 412 413 411
f 412 47 413
f 47 412 414
f 413 416 417
f 416 47 418
f 416 413 47
f 427 94 426
f 94 427 104
f 428 43 429
f 428 44 43
f 428 430 44
f 430 94 431
f 430 426 94
f 430 428 426
f 435 43 45
f 435 436 43
f 435 437 436
f 43 436 429
f 42 573 574
f 575 42 574
f 575 41 42
f 576 577 578
f 573 576 578
f 573 42 576
f 579 580 581
f 577 579 581
f 577 576 579
f 583 585 584
f 583 586 585
f 580 586 583
f 580 579 586
f 585 587 588
f 587 586 591
f 587 585 586
f 699 42 700
f 699 576 42
f 42 39 700
f 701 576 702
f 701 579 576
f 576 699 702
f 704 579 705
f 704 586 579
f 579 701 705
f 586 706 591
f 586 704 706
f 820 585 588
f 820 821 585
f 821 820 822
f 585 823 584
f 823 821 824
f 823 585 821
f 829 830 831
f 835 829 831
f 835 24 829
f 936 938 937
f 936 939 938
f 936 940 939
f 940 944 943
f 940 936 944
f 938 945 946
f 938 939 945
f 951 953 952
f 951 347 953
f 347 951 353
f 953 954 955
f 954 347 348
f 954 953 347
f 32 1072 1073
f 1077 1079 1078
f 1077 1080 1079
f 1081 1078 1079
f 1081 1082 1078
f 821 822 1084
f 1080 821 1084
f 1080 824 821
f 1080 1077 824
f 1494 953 955
f 1494 1495 953
f 1495 1494 1496
f 952 23 1497
f 952 953 23
f 23 953 1495
f 23 20 1497
f 1498 1500 1499
f 1498 1501 1500
f 1501 1498 1502
f 1500 1503 1504
f 1503 1501 1510
f 1503 1500 1501
f 1727 1728 1729
f 1727 1729 1731
f 1732 1733 1734
f 1728 1732 1734
f 1728 1727 1732
f 1736 1737 1738
f 1733 1736 1738
f 1733 1732 1736
f 1740 1741 1742
f 1737 1740 1742
f 1737 1736 1740
f 1744 1745 1746
f 1741 1744 1746
f 1741 1740 1744
f 1748 1749 1750
f 1745 1748 1750
f 1745 1744 1748
f 1748 1754 1749
f 1759 1761 1760
f 1759 1762 1761
f 1762 1759 1763
f 1765 1767 1766
f 1765 1761 1767
f 1767 1761 1762
f 1767 1772 1766
f 1787 1788 1786
f 1787 1789 1788
f 1789 1787 1790
f 1788 1792 1793
f 1792 1789 1802
f 1792 1788 1789
f 1845 22 1846
f 1845 1847 22
f 1847 1845 1848
f 21 1501 1502
f 21 22 1501
f 1501 22 1847
f 1510 1501 1853
f 1858 1859 1860
f 1864 1865 1858
f 1866 1858 1860
f 1866 1864 1858
f 1865 1867 1868
f 1867 1864 1870
f 1867 1865 1864
f 1895 1896 1894
f 1895 1897 1896
f 1895 1898 1897
f 1900 1896 1897
f 1858 1901 1902
f 1894 1858 1902
f 1894 1896 1858
f 1910 1865 1909
f 1901 1865 1910
f 1901 1858 1865
f 1911 1913 1912
f 1911 1914 1913
f 1911 1915 1914
f 1915 1865 1868
f 1915 1909 1865
f 1915 1911 1909
f 1913 1916 1917
f 1913 1914 1916
f 1940 1942 1941
f 1940 1943 1942
f 1898 1941 1942
f 1898 1895 1941
f 1949 1761 1765
f 1949 1913 1761
f 1913 1949 1912
f 1761 1950 1760
f 1950 1913 1917
f 1950 1761 1913
f 1495 1496 1961
f 22 23 1495
f 1846 1495 1961
f 1846 22 1495
f 1864 1963 1870
f 1847 1848 1964
f 1853 1847 1966
f 1853 1501 1847
f 1847 1964 1966
f 1967 938 946
f 1967 1968 938
f 1967 1969 1968
f 1969 1500 1504
f 1969 1499 1500
f 1969 1967 1499
f 938 1972 937
f 1972 938 1968
f 1859 1896 1990
f 1859 1858 1896
f 1896 1900 1990
f 1864 1866 1963
f 1997 829 1996
f 1996 24 1998
f 1996 829 24
f 41 1999 2000
f 41 2000 40

#List of body polygons
f 24 25 26
f 34 36 37
f 24 825 826
f 24 826 25
f 931 933 932
f 931 934 933
f 933 935 932
f 1773 1774 1775
f 1783 1773 1782
f 1773 1775 1782
f 1797 1798 1796
f 1797 1799 1798
f 1799 1797 1800
f 1798 1803 1804
f 1803 1799 1813
f 1803 1798 1799
f 1773 1783 1945
f 1773 1947 1774
f 1773 1945 1947
f 1980 934 1979
f 1980 933 934
f 934 1981 1979

#List of body polygons
f 25 27 26
f 25 28 27
f 25 29 28
f 34 35 36
f 358 359 357
f 359 358 360
f 361 363 362
f 361 364 363
f 357 364 361
f 357 359 364
f 366 363 367
f 366 368 363
f 367 364 369
f 367 363 364
f 825 827 826
f 825 828 827
f 826 29 25
f 826 827 29
f 833 35 832
f 833 36 35
f 35 834 832
f 365 931 932
f 935 365 932
f 935 370 365
f 942 364 941
f 364 942 369
f 949 359 948
f 941 359 949
f 941 364 359
f 359 360 948
f 1083 27 28
f 1768 1769 1770
f 1774 1776 1775
f 1774 1768 1776
f 1777 1768 1770
f 1777 1776 1768
f 1779 1781 1780
f 1779 1782 1781
f 1779 1783 1782
f 1775 1781 1782
f 1775 1776 1781
f 1795 1796 1794
f 1795 1797 1796
f 1797 1801 1800
f 1797 1795 1801
f 1891 1892 1893
f 1904 1891 1903
f 1904 1905 1891
f 1891 1893 1903
f 1905 1906 1907
f 1905 1904 1906
f 1783 1891 1945
f 1783 1946 1891
f 1783 1779 1946
f 1892 1891 1946
f 1947 1768 1774
f 1947 1905 1768
f 1945 1905 1947
f 1945 1891 1905
f 1768 1948 1769
f 1948 1905 1907
f 1948 1768 1905

#List of body polygons
f 48 49 50
f 51 52 53
f 54 55 56
f 73 74 75
f 109 110 108
f 109 111 110
f 111 109 112
f 113 114 110
f 113 110 111
f 114 115 116
f 115 113 119
f 115 114 113
f 260 262 261
f 260 263 262
f 263 260 264
f 265 266 262
f 265 262 263
f 267 268 266
f 267 266 265
f 269 270 268
f 269 268 267
f 271 272 270
f 271 270 269
f 273 274 272
f 273 272 271
f 275 276 274
f 275 274 273
f 277 278 276
f 277 276 275
f 279 280 278
f 279 278 277
f 281 282 280
f 281 280 279
f 283 284 282
f 283 282 281
f 285 286 284
f 285 284 283
f 288 290 289
f 288 286 290
f 290 286 285
f 291 292 293
f 289 291 293
f 289 290 291
f 291 297 292
f 376 377 378
f 376 378 380
f 381 383 382
f 381 384 383
f 377 384 381
f 377 376 384
f 385 386 383
f 385 383 384
f 388 386 389
f 388 390 386
f 389 385 391
f 389 386 385
f 393 390 394
f 393 395 390
f 393 396 395
f 390 388 394
f 405 407 406
f 405 46 407
f 46 405 408
f 407 409 410
f 409 46 415
f 409 407 46
f 419 376 380
f 419 113 376
f 113 419 119
f 111 384 376
f 111 376 113
f 420 384 421
f 420 422 384
f 421 111 112
f 421 384 111
f 422 423 424
f 423 422 420
f 422 432 385
f 422 385 384
f 433 432 434
f 433 403 432
f 434 422 424
f 434 432 422
f 439 403 438
f 438 403 433
f 462 464 463
f 462 465 464
f 465 462 466
f 467 468 464
f 467 464 465
f 469 470 468
f 469 468 467
f 471 472 470
f 471 470 469
f 473 474 472
f 473 472 471
f 475 476 474
f 475 474 473
f 476 477 478
f 477 475 479
f 477 476 475
f 481 390 395
f 481 467 390
f 482 467 481
f 482 469 467
f 465 386 390
f 465 390 467
f 483 386 484
f 483 383 386
f 484 465 466
f 484 386 465
f 383 485 382
f 383 483 485
f 605 606 607
f 609 610 605
f 611 605 607
f 611 609 605
f 610 612 613
f 612 609 616
f 612 610 609
f 760 762 761
f 760 609 762
f 609 760 616
f 763 762 764
f 763 765 762
f 764 609 611
f 764 762 609
f 810 610 613
f 810 811 610
f 811 810 812
f 813 605 610
f 813 610 811
f 606 472 814
f 606 605 472
f 472 605 813
f 474 815 816
f 814 474 816
f 814 472 474
f 476 817 818
f 815 476 818
f 815 474 476
f 476 478 817
f 811 836 837
f 811 812 836
f 842 813 843
f 842 844 813
f 843 811 837
f 843 813 811
f 844 845 846
f 844 842 845
f 813 468 470
f 813 470 472
f 844 464 468
f 844 468 813
f 464 849 463
f 849 844 846
f 849 464 844
f 965 966 967
f 968 965 969
f 968 970 965
f 965 967 969
f 971 970 972
f 971 973 970
f 970 968 972
f 974 973 975
f 974 976 973
f 973 971 975
f 977 976 978
f 977 979 976
f 976 974 978
f 980 979 981
f 980 982 979
f 979 977 981
f 983 982 984
f 983 985 982
f 982 980 984
f 986 985 987
f 986 988 985
f 985 983 987
f 291 989 988
f 297 988 986
f 297 291 988
f 290 990 989
f 290 989 291
f 285 991 990
f 285 990 290
f 283 992 991
f 283 991 285
f 281 993 992
f 281 992 283
f 279 994 993
f 279 993 281
f 277 995 994
f 277 994 279
f 275 996 995
f 275 995 277
f 273 997 996
f 273 996 275
f 271 998 997
f 271 997 273
f 269 999 998
f 269 998 271
f 1001 267 1002
f 1001 999 267
f 267 999 269
f 265 1003 1004
f 1002 265 1004
f 1002 267 265
f 263 1006 1007
f 1003 263 1007
f 1003 265 263
f 263 264 1006
f 1068 475 1069
f 1068 1070 475
f 1070 1068 1071
f 1075 475 1074
f 1074 1070 1076
f 1074 475 1070
f 1234 1235 53
f 1234 53 52
f 1236 1237 1235
f 1236 1235 1234
f 73 1238 1237
f 73 1237 1236
f 75 1239 1238
f 75 1238 73
f 1240 1241 1239
f 1240 1239 75
f 1242 1243 1241
f 1242 1241 1240
f 1244 1245 1243
f 1244 1243 1242
f 1246 1247 1245
f 1246 1245 1244
f 1248 1249 1247
f 1248 1247 1246
f 1250 1251 1249
f 1250 1249 1248
f 1253 1251 1254
f 1253 1255 1251
f 1254 1250 1256
f 1254 1251 1250
f 1255 1257 1258
f 1255 1253 1257
f 1262 1263 1264
f 1265 1266 1262
f 1267 1262 1264
f 1267 1265 1262
f 1268 1269 1266
f 1268 1266 1265
f 1270 1271 1269
f 1270 1269 1268
f 1272 1273 1271
f 1272 1271 1270
f 1274 1275 1273
f 1274 1273 1272
f 1277 1275 1278
f 1277 1279 1275
f 1278 1274 1280
f 1278 1275 1274
f 1282 1279 1283
f 1282 1284 1279
f 1279 1277 1283
f 1284 1285 1286
f 1285 1284 1282
f 1378 1284 1286
f 1378 1379 1284
f 1379 1378 1380
f 1381 1382 1284
f 1381 1284 1379
f 1379 1383 1384
f 1379 1380 1383
f 1381 1405 1406
f 1405 1379 1384
f 1405 1381 1379
f 999 1001 1437
f 1440 999 1441
f 1440 998 999
f 999 1437 1441
f 1443 998 1444
f 1443 997 998
f 998 1440 1444
f 1446 997 1447
f 1446 996 997
f 997 1443 1447
f 1449 996 1450
f 1449 995 996
f 996 1446 1450
f 1452 995 1453
f 1452 994 995
f 995 1449 1453
f 1455 994 1456
f 1455 993 994
f 994 1452 1456
f 1458 993 1459
f 1458 992 993
f 993 1455 1459
f 1460 991 992
f 1461 992 1458
f 1461 1460 992
f 1462 990 991
f 1462 991 1460
f 1464 990 1465
f 1464 989 990
f 1465 1462 1466
f 1465 990 1462
f 1467 989 1468
f 1467 988 989
f 989 1464 1468
f 54 985 988
f 55 988 1467
f 55 54 988
f 1469 982 985
f 1469 985 54
f 1470 979 982
f 1470 982 1469
f 1471 976 979
f 1471 979 1470
f 1472 973 976
f 1472 976 1471
f 1473 970 973
f 1473 973 1472
f 1474 965 970
f 1474 970 1473
f 966 1476 1475
f 966 965 1476
f 1476 965 1474
f 1477 1478 1479
f 1475 1477 1479
f 1475 1476 1477
f 1480 1481 1482
f 1478 1480 1482
f 1478 1477 1480
f 1483 1484 1485
f 1481 1483 1485
f 1481 1480 1483
f 1486 1487 1488
f 1484 1486 1488
f 1484 1483 1486
f 1489 1490 1491
f 1487 1489 1491
f 1487 1486 1489
f 1489 1492 1490
f 1506 1507 1505
f 1506 1508 1507
f 1508 1506 1509
f 1507 1511 1512
f 1511 1508 1515
f 1511 1507 1508
f 1462 1522 1523
f 1462 1523 1466
f 1460 1525 1526
f 1522 1460 1526
f 1522 1462 1460
f 1460 1461 1525
f 1246 1554 1555
f 1554 1244 1558
f 1554 1246 1244
f 1569 1570 1571
f 1572 1569 1573
f 1572 1574 1569
f 1569 1571 1573
f 1575 1574 1576
f 1575 1577 1574
f 1574 1572 1576
f 1577 1578 1579
f 1577 1575 1578
f 1274 1590 1591
f 1274 1591 1280
f 1592 1577 1579
f 1592 1272 1577
f 1590 1272 1592
f 1590 1274 1272
f 1270 1574 1577
f 1270 1577 1272
f 1268 1569 1574
f 1268 1574 1270
f 1570 1265 1593
f 1570 1569 1265
f 1265 1569 1268
f 1265 1267 1593
f 1597 74 73
f 1597 73 1236
f 1599 74 1600
f 1599 1601 74
f 1600 1597 1602
f 1600 74 1597
f 1601 1603 1604
f 1601 1599 1603
f 1619 1620 48
f 1619 48 50
f 1621 1622 1620
f 1621 1620 1619
f 1623 1624 1622
f 1623 1622 1621
f 1625 1626 1624
f 1625 1624 1623
f 1627 1628 1626
f 1627 1626 1625
f 1629 1630 1628
f 1629 1628 1627
f 1631 1632 1630
f 1631 1630 1629
f 51 1633 1632
f 51 1632 1631
f 53 1634 1633
f 53 1633 51
f 1636 1235 1637
f 1636 1634 1235
f 1235 1634 53
f 1237 1638 1639
f 1637 1237 1639
f 1637 1235 1237
f 1238 1641 1642
f 1638 1238 1642
f 1638 1237 1238
f 1239 1644 1645
f 1641 1239 1645
f 1641 1238 1239
f 1241 1647 1648
f 1644 1241 1648
f 1644 1239 1241
f 1243 1650 1651
f 1647 1243 1651
f 1647 1241 1243
f 1245 1653 1654
f 1650 1245 1654
f 1650 1243 1245
f 1247 1656 1657
f 1653 1247 1657
f 1653 1245 1247
f 1249 1659 1660
f 1656 1249 1660
f 1656 1247 1249
f 1251 1662 1663
f 1659 1251 1663
f 1659 1249 1251
f 1255 1665 1666
f 1662 1255 1666
f 1662 1251 1255
f 1668 1670 1669
f 1668 1671 1670
f 1668 1672 1671
f 1672 1255 1258
f 1672 1665 1255
f 1672 1668 1665
f 1673 1670 1674
f 1673 1675 1670
f 1670 1671 1674
f 1262 1676 1675
f 1263 1675 1673
f 1263 1262 1675
f 1266 1677 1676
f 1266 1676 1262
f 1269 1678 1677
f 1269 1677 1266
f 1271 1679 1678
f 1271 1678 1269
f 1273 1680 1679
f 1273 1679 1271
f 1275 1681 1680
f 1275 1680 1273
f 1279 1682 1681
f 1279 1681 1275
f 1284 1382 1682
f 1284 1682 1279
f 1601 1240 75
f 1601 75 74
f 1683 1240 1684
f 1683 1242 1240
f 1684 1601 1604
f 1684 1240 1601
f 1685 1242 1686
f 1685 1244 1242
f 1242 1683 1686
f 1244 1687 1558
f 1244 1685 1687
f 1688 1246 1689
f 1688 1248 1246
f 1246 1555 1689
f 1690 1248 1691
f 1690 1250 1248
f 1248 1688 1691
f 1250 1692 1256
f 1250 1690 1692
f 1631 1693 1694
f 1693 1629 1697
f 1693 1631 1629
f 1471 1698 1699
f 1471 1699 1701
f 1470 1702 1703
f 1698 1470 1703
f 1698 1471 1470
f 1469 1705 1706
f 1702 1469 1706
f 1702 1470 1469
f 54 56 1708
f 1705 54 1708
f 1705 1469 54
f 1710 1675 1711
f 1710 1670 1675
f 1711 1676 1712
f 1711 1675 1676
f 1670 1713 1669
f 1670 1710 1713
f 1778 1784 1785
f 1784 1781 1791
f 1784 1778 1781
f 1820 52 1821
f 1820 1234 52
f 1234 1820 1822
f 1629 1472 1471
f 1697 1471 1701
f 1697 1629 1471
f 1627 1473 1472
f 1627 1472 1629
f 1625 1474 1473
f 1625 1473 1627
f 1623 1476 1474
f 1623 1474 1625
f 1621 1477 1476
f 1621 1476 1623
f 1619 1480 1477
f 1619 1477 1621
f 50 1483 1480
f 50 1480 1619
f 49 1486 1483
f 49 1483 50
f 1823 1489 1486
f 1823 1486 49
f 1489 1824 1492
f 1824 1823 1825
f 1824 1489 1823
f 1826 1628 1630
f 1826 1630 1632
f 1827 1626 1628
f 1827 1628 1826
f 1828 1624 1626
f 1828 1626 1827
f 1829 1622 1624
f 1829 1624 1828
f 1830 1620 1622
f 1830 1622 1829
f 1831 48 1620
f 1831 1620 1830
f 1832 1833 48
f 1832 48 1831
f 1834 1835 1833
f 1834 1833 1832
f 1836 1837 1835
f 1836 1835 1834
f 1837 1838 1839
f 1838 1836 1841
f 1838 1837 1836
f 1850 1508 1851
f 1850 1852 1508
f 1508 1509 1851
f 1855 1852 1856
f 1855 1857 1852
f 1852 1850 1856
f 1863 1857 1862
f 1857 1855 1862
f 1836 1872 1873
f 1836 1873 1841
f 1875 1877 1876
f 1875 1834 1877
f 1872 1834 1875
f 1872 1836 1834
f 1832 1878 1877
f 1832 1877 1834
f 1831 1879 1878
f 1831 1878 1832
f 1830 1880 1879
f 1830 1879 1831
f 1829 1881 1880
f 1829 1880 1830
f 1828 1882 1881
f 1828 1881 1829
f 1827 1883 1882
f 1827 1882 1828
f 1826 1884 1883
f 1826 1883 1827
f 1632 1633 1884
f 1632 1884 1826
f 1886 1888 1887
f 1886 1798 1888
f 1889 1798 1890
f 1889 1888 1798
f 1888 1899 1887
f 1877 1920 1921
f 1877 1921 1876
f 1878 1923 1924
f 1920 1878 1924
f 1920 1877 1878
f 1879 1926 1927
f 1923 1879 1927
f 1923 1878 1879
f 1880 1929 1930
f 1926 1880 1930
f 1926 1879 1880
f 1881 1932 1933
f 1929 1881 1933
f 1929 1880 1881
f 1935 1937 1936
f 1935 1882 1937
f 1932 1882 1935
f 1932 1881 1882
f 1883 1938 1937
f 1883 1937 1882
f 1884 1939 1938
f 1884 1938 1883
f 1633 1634 1939
f 1633 1939 1884
f 1798 1886 1944
f 1937 1951 1952
f 1937 1952 1936
f 1938 1953 1954
f 1951 1938 1954
f 1951 1937 1938
f 1939 1955 1956
f 1953 1939 1956
f 1953 1938 1939
f 1634 1636 1957
f 1955 1634 1957
f 1955 1939 1634
f 1958 1837 1839
f 1958 1823 1837
f 1823 1958 1959
f 49 1835 1837
f 49 1837 1823
f 48 1833 1835
f 48 1835 49
f 1971 1507 1970
f 1507 1971 1505
f 1974 1975 1973
f 1974 1976 1975
f 1976 1507 1512
f 1976 1970 1507
f 1976 1974 1970
f 1852 1983 1984
f 1515 1852 1984
f 1515 1508 1852
f 1857 1985 1986
f 1983 1857 1986
f 1983 1852 1857
f 1888 1889 1987
f 1985 1888 1987
f 1985 1857 1888
f 1857 1863 1989
f 1899 1857 1989
f 1899 1888 1857
f 1823 1959 1825
f 1821 1631 1694
f 1821 52 1631
f 1631 52 51
f 1597 1991 1992
f 1597 1992 1602
f 1993 1234 1822
f 1993 1236 1234
f 1991 1236 1993
f 1991 1597 1236
f 1070 1995 1076
f 2001 765 763
f 385 2002 391
f 2002 432 2004
f 2002 385 432
f 403 2005 2006
f 2004 403 2006
f 2004 432 403

#List of body polygons
f 79 80 81
f 82 83 84
f 85 86 87
f 88 89 90
f 91 92 93
f 175 177 176
f 175 178 177
f 178 175 179
f 180 181 177
f 180 177 178
f 182 183 181
f 182 181 180
f 184 185 183
f 184 183 182
f 186 187 185
f 186 185 184
f 188 189 187
f 188 187 186
f 190 191 189
f 190 189 188
f 192 193 191
f 192 191 190
f 194 195 193
f 194 193 192
f 196 197 195
f 196 195 194
f 198 199 197
f 198 197 196
f 200 201 199
f 200 199 198
f 202 203 201
f 202 201 200
f 204 205 203
f 204 203 202
f 206 207 205
f 206 205 204
f 208 209 207
f 208 207 206
f 210 211 209
f 210 209 208
f 212 213 211
f 212 211 210
f 214 215 213
f 214 213 212
f 216 217 215
f 216 215 214
f 218 219 217
f 218 217 216
f 220 221 219
f 220 219 218
f 222 223 221
f 222 221 220
f 224 225 223
f 224 223 222
f 226 227 225
f 226 225 224
f 228 229 227
f 228 227 226
f 230 231 229
f 230 229 228
f 232 233 231
f 232 231 230
f 234 235 233
f 234 233 232
f 236 237 235
f 236 235 234
f 238 239 237
f 238 237 236
f 240 241 239
f 240 239 238
f 243 241 244
f 243 245 241
f 244 240 246
f 244 241 240
f 245 247 248
f 245 243 247
f 517 518 519
f 517 519 521
f 522 523 524
f 518 522 524
f 518 517 522
f 526 527 528
f 523 526 528
f 523 522 526
f 530 531 532
f 527 530 532
f 527 526 530
f 534 536 535
f 534 537 536
f 531 537 534
f 531 530 537
f 538 539 536
f 538 536 537
f 540 541 539
f 540 539 538
f 542 543 541
f 542 541 540
f 544 545 543
f 544 543 542
f 546 547 545
f 546 545 544
f 548 549 547
f 548 547 546
f 550 551 549
f 550 549 548
f 92 552 551
f 92 551 550
f 553 554 552
f 553 552 92
f 555 556 554
f 555 554 553
f 557 558 556
f 557 556 555
f 559 560 558
f 559 558 557
f 561 562 560
f 561 560 559
f 88 563 562
f 88 562 561
f 90 564 563
f 90 563 88
f 565 566 564
f 565 564 90
f 567 568 566
f 567 566 565
f 569 570 568
f 569 568 567
f 571 572 570
f 571 570 569
f 672 673 674
f 677 672 678
f 677 679 672
f 672 674 678
f 680 681 679
f 682 679 677
f 682 680 679
f 683 684 681
f 683 681 680
f 685 686 684
f 685 684 683
f 687 688 686
f 687 686 685
f 689 690 688
f 689 688 687
f 691 692 690
f 691 690 689
f 693 694 692
f 693 692 691
f 695 696 694
f 695 694 693
f 697 698 696
f 697 696 695
f 569 567 698
f 569 698 697
f 697 718 571
f 697 571 569
f 695 719 718
f 695 718 697
f 693 720 719
f 693 719 695
f 691 721 720
f 691 720 693
f 689 722 721
f 689 721 691
f 687 723 722
f 687 722 689
f 685 724 723
f 685 723 687
f 683 725 724
f 683 724 685
f 727 680 728
f 727 725 680
f 680 725 683
f 680 682 728
f 766 698 567
f 766 567 565
f 767 696 698
f 767 698 766
f 768 694 696
f 768 696 767
f 769 692 694
f 769 694 768
f 770 690 692
f 770 692 769
f 771 688 690
f 771 690 770
f 772 686 688
f 772 688 771
f 773 684 686
f 773 686 772
f 774 681 684
f 774 684 773
f 775 679 681
f 775 681 774
f 776 672 679
f 776 679 775
f 673 778 777
f 673 672 778
f 778 672 776
f 779 780 781
f 777 779 781
f 777 778 779
f 782 783 784
f 780 782 784
f 780 779 782
f 785 786 787
f 783 785 787
f 783 782 785
f 785 789 786
f 850 851 561
f 850 561 559
f 852 853 851
f 852 851 850
f 854 855 853
f 854 853 852
f 856 857 855
f 856 855 854
f 858 859 857
f 858 857 856
f 860 861 859
f 860 859 858
f 862 863 861
f 862 861 860
f 864 865 863
f 864 863 862
f 866 867 865
f 866 865 864
f 868 869 867
f 868 867 866
f 870 871 869
f 870 869 868
f 872 873 871
f 872 871 870
f 874 875 873
f 874 873 872
f 876 877 875
f 876 875 874
f 878 879 877
f 878 877 876
f 880 881 879
f 880 879 878
f 882 883 881
f 882 881 880
f 885 887 886
f 885 883 887
f 887 883 882
f 887 890 886
f 550 906 93
f 550 93 92
f 548 907 906
f 548 906 550
f 546 908 907
f 546 907 548
f 544 909 908
f 544 908 546
f 542 910 909
f 542 909 544
f 540 911 910
f 540 910 542
f 538 912 911
f 538 911 540
f 537 913 912
f 537 912 538
f 530 914 913
f 530 913 537
f 526 915 914
f 526 914 530
f 522 916 915
f 522 915 526
f 517 917 916
f 517 916 522
f 918 917 919
f 918 920 917
f 919 517 521
f 919 917 517
f 921 920 922
f 921 923 920
f 920 918 922
f 923 924 925
f 923 921 924
f 1016 1018 1017
f 1016 240 1018
f 240 1016 246
f 238 1019 1018
f 238 1018 240
f 236 1020 1019
f 236 1019 238
f 234 1021 1020
f 234 1020 236
f 232 1022 1021
f 232 1021 234
f 230 1023 1022
f 230 1022 232
f 228 1024 1023
f 228 1023 230
f 226 1025 1024
f 226 1024 228
f 224 1026 1025
f 224 1025 226
f 222 1027 1026
f 222 1026 224
f 220 1028 1027
f 220 1027 222
f 218 1029 1028
f 218 1028 220
f 216 1030 1029
f 216 1029 218
f 214 1031 1030
f 214 1030 216
f 212 1032 1031
f 212 1031 214
f 210 1033 1032
f 210 1032 212
f 208 1034 1033
f 208 1033 210
f 206 1035 1034
f 206 1034 208
f 204 1036 1035
f 204 1035 206
f 202 1037 1036
f 202 1036 204
f 200 1038 1037
f 200 1037 202
f 198 1039 1038
f 198 1038 200
f 196 1040 1039
f 196 1039 198
f 194 1041 1040
f 194 1040 196
f 192 556 1041
f 192 1041 194
f 190 554 556
f 190 556 192
f 188 552 554
f 188 554 190
f 186 551 552
f 186 552 188
f 184 549 551
f 184 551 186
f 182 547 549
f 182 549 184
f 180 545 547
f 180 547 182
f 178 543 545
f 178 545 180
f 1042 543 1043
f 1042 541 543
f 1043 178 179
f 1043 543 178
f 1044 541 1045
f 1044 539 541
f 541 1042 1045
f 1046 539 1047
f 1046 536 539
f 539 1044 1047
f 536 1048 535
f 536 1046 1048
f 883 885 1086
f 1087 883 1088
f 1087 881 883
f 883 1086 1088
f 1089 881 1090
f 1089 879 881
f 881 1087 1090
f 785 877 879
f 789 879 1089
f 789 785 879
f 782 875 877
f 782 877 785
f 779 873 875
f 779 875 782
f 778 871 873
f 778 873 779
f 776 869 871
f 776 871 778
f 775 867 869
f 775 869 776
f 774 865 867
f 774 867 775
f 773 863 865
f 773 865 774
f 772 861 863
f 772 863 773
f 771 859 861
f 771 861 772
f 770 857 859
f 770 859 771
f 769 855 857
f 769 857 770
f 768 853 855
f 768 855 769
f 767 851 853
f 767 853 768
f 766 89 851
f 766 851 767
f 565 90 89
f 565 89 766
f 887 1091 1092
f 887 1092 890
f 1093 923 925
f 1093 882 923
f 1091 882 1093
f 1091 887 882
f 880 920 923
f 880 923 882
f 878 917 920
f 878 920 880
f 876 916 917
f 876 917 878
f 874 915 916
f 874 916 876
f 872 914 915
f 872 915 874
f 870 913 914
f 870 914 872
f 868 912 913
f 868 913 870
f 866 911 912
f 866 912 868
f 864 910 911
f 864 911 866
f 862 909 910
f 862 910 864
f 860 908 909
f 860 909 862
f 858 907 908
f 858 908 860
f 856 906 907
f 856 907 858
f 854 93 906
f 854 906 856
f 852 850 93
f 852 93 854
f 1094 1095 1024
f 1094 1024 1025
f 1096 1097 1095
f 1096 1095 1094
f 1098 1099 1097
f 1098 1097 1096
f 81 1100 1099
f 81 1099 1098
f 80 1101 1100
f 80 1100 81
f 1102 1103 1101
f 1102 1101 80
f 1104 1105 1103
f 1104 1103 1102
f 1106 1107 1105
f 1106 1105 1104
f 1108 1109 1107
f 1108 1107 1106
f 1110 1111 1109
f 1110 1109 1108
f 1112 1113 1111
f 1112 1111 1110
f 1114 1115 1113
f 1114 1113 1112
f 1116 1117 1115
f 1116 1115 1114
f 1118 1119 1117
f 1118 1117 1116
f 1033 1120 1119
f 1033 1119 1118
f 1034 1121 1120
f 1034 1120 1033
f 1035 1122 1121
f 1035 1121 1034
f 1036 1123 1122
f 1036 1122 1035
f 1037 1124 1123
f 1037 1123 1036
f 1038 1125 1124
f 1038 1124 1037
f 1039 1126 1125
f 1039 1125 1038
f 1040 1127 1126
f 1040 1126 1039
f 1041 1128 1127
f 1041 1127 1040
f 556 558 1128
f 556 1128 1041
f 1129 1130 1131
f 1129 1131 1132
f 1133 1134 1130
f 1133 1130 1129
f 1135 1136 1134
f 1135 1134 1133
f 1137 1138 1136
f 1137 1136 1135
f 1139 1140 1138
f 1139 1138 1137
f 1117 1141 1140
f 1117 1140 1139
f 1119 86 1141
f 1119 1141 1117
f 1120 87 86
f 1120 86 1119
f 1121 1142 87
f 1121 87 1120
f 1122 1143 1142
f 1122 1142 1121
f 1123 1144 1143
f 1123 1143 1122
f 1124 1145 1144
f 1124 1144 1123
f 1125 1146 1145
f 1125 1145 1124
f 1126 1147 1146
f 1126 1146 1125
f 1127 1148 1147
f 1127 1147 1126
f 1128 1149 1148
f 1128 1148 1127
f 558 560 1149
f 558 1149 1128
f 1149 1150 1147
f 1149 1147 1148
f 1151 1152 1150
f 1151 1150 1149
f 1153 1154 1152
f 1153 1152 1151
f 1155 1156 1154
f 1155 1154 1153
f 564 1157 1156
f 564 1156 1155
f 566 1158 1157
f 566 1157 564
f 568 1159 1158
f 568 1158 566
f 570 1160 1159
f 570 1159 568
f 572 1161 1160
f 572 1160 570
f 1142 1162 85
f 1142 85 87
f 1143 1163 1162
f 1143 1162 1142
f 1144 1164 1163
f 1144 1163 1143
f 1145 1165 1164
f 1145 1164 1144
f 1146 1166 1165
f 1146 1165 1145
f 1147 1150 1166
f 1147 1166 1146
f 1153 563 564
f 1153 564 1155
f 1151 562 563
f 1151 563 1153
f 1149 560 562
f 1149 562 1151
f 86 1167 1140
f 86 1140 1141
f 85 1168 1167
f 85 1167 86
f 1162 1169 1168
f 1162 1168 85
f 1163 1170 1169
f 1163 1169 1162
f 1164 1171 1170
f 1164 1170 1163
f 1165 1156 1171
f 1165 1171 1164
f 1166 1154 1156
f 1166 1156 1165
f 1150 1152 1154
f 1150 1154 1166
f 1172 1173 1174
f 1172 1174 1175
f 1176 1177 1173
f 1176 1173 1172
f 1178 1179 1177
f 1178 1177 1176
f 1180 1181 1179
f 1180 1179 1178
f 1171 1182 1181
f 1171 1181 1180
f 1156 1157 1182
f 1156 1182 1171
f 1183 1160 1161
f 1183 1161 1184
f 1185 1159 1160
f 1185 1160 1183
f 1186 1158 1159
f 1186 1159 1185
f 1182 1157 1158
f 1182 1158 1186
f 1186 1179 1181
f 1186 1181 1182
f 1185 1177 1179
f 1185 1179 1186
f 1183 1173 1177
f 1183 1177 1185
f 1184 1174 1173
f 1184 1173 1183
f 1180 1169 1170
f 1180 1170 1171
f 1178 1187 1169
f 1178 1169 1180
f 1176 1188 1187
f 1176 1187 1178
f 1172 1189 1188
f 1172 1188 1176
f 1175 1190 1189
f 1175 1189 1172
f 1116 1032 1033
f 1116 1033 1118
f 1114 1031 1032
f 1114 1032 1116
f 1112 1030 1031
f 1112 1031 1114
f 1110 1029 1030
f 1110 1030 1112
f 1108 1028 1029
f 1108 1029 1110
f 1106 1027 1028
f 1106 1028 1108
f 1104 1191 1027
f 1104 1027 1106
f 1102 1192 1191
f 1102 1191 1104
f 80 79 1192
f 80 1192 1102
f 1193 1194 1131
f 1193 1131 1130
f 1195 1196 1194
f 1195 1194 1193
f 1197 1198 1196
f 1197 1196 1195
f 1189 1190 1198
f 1189 1198 1197
f 1197 1199 1188
f 1197 1188 1189
f 1195 1200 1199
f 1195 1199 1197
f 1193 1201 1200
f 1193 1200 1195
f 1130 1134 1201
f 1130 1201 1193
f 1199 1202 1187
f 1199 1187 1188
f 1200 1203 1202
f 1200 1202 1199
f 1201 1204 1203
f 1201 1203 1200
f 1134 1136 1204
f 1134 1204 1201
f 1202 1168 1169
f 1202 1169 1187
f 1203 1167 1168
f 1203 1168 1202
f 1204 1140 1167
f 1204 1167 1203
f 1136 1138 1140
f 1136 1140 1204
f 1205 1206 83
f 1205 83 82
f 1207 1137 1206
f 1207 1206 1205
f 1208 1139 1137
f 1208 1137 1207
f 1115 1117 1139
f 1115 1139 1208
f 1208 1111 1113
f 1208 1113 1115
f 1207 1109 1111
f 1207 1111 1208
f 1205 1107 1109
f 1205 1109 1207
f 82 1105 1107
f 82 1107 1205
f 84 1103 1105
f 84 1105 82
f 1209 1101 1103
f 1209 1103 84
f 1210 1100 1101
f 1210 1101 1209
f 1211 1212 1100
f 1211 1100 1210
f 1213 1214 1212
f 1213 1212 1211
f 1215 1216 1214
f 1215 1214 1213
f 1217 1218 1216
f 1217 1216 1215
f 1219 1220 1218
f 1219 1218 1217
f 1221 1222 1220
f 1221 1220 1219
f 1222 1223 1224
f 1223 1221 1227
f 1223 1222 1221
f 1302 1304 1303
f 1302 1221 1304
f 1221 1302 1227
f 1219 1305 1304
f 1219 1304 1221
f 1217 1306 1305
f 1217 1305 1219
f 1215 1307 1306
f 1215 1306 1217
f 1213 1308 1307
f 1213 1307 1215
f 1211 1309 1308
f 1211 1308 1213
f 1210 1310 1309
f 1210 1309 1211
f 1209 1311 1310
f 1209 1310 1210
f 84 1312 1311
f 84 1311 1209
f 83 1313 1312
f 83 1312 84
f 1206 1314 1313
f 1206 1313 83
f 1137 1135 1314
f 1137 1314 1206
f 1320 1322 1321
f 1320 1018 1322
f 1018 1320 1017
f 1019 1323 1322
f 1019 1322 1018
f 1020 1324 1323
f 1020 1323 1019
f 1021 1325 1324
f 1021 1324 1020
f 1022 1326 1325
f 1022 1325 1021
f 1023 1327 1326
f 1023 1326 1022
f 1024 1095 1327
f 1024 1327 1023
f 1335 1337 1336
f 1335 1322 1337
f 1322 1335 1321
f 1323 1338 1337
f 1323 1337 1322
f 1324 1339 1338
f 1324 1338 1323
f 1325 1340 1339
f 1325 1339 1324
f 1326 1341 1340
f 1326 1340 1325
f 1327 1342 1341
f 1327 1341 1326
f 1095 1097 1342
f 1095 1342 1327
f 1346 1348 1347
f 1346 1337 1348
f 1337 1346 1336
f 1338 1349 1348
f 1338 1348 1337
f 1339 1350 1349
f 1339 1349 1338
f 1340 1351 1350
f 1340 1350 1339
f 1341 1352 1351
f 1341 1351 1340
f 1342 1353 1352
f 1342 1352 1341
f 1097 1099 1353
f 1097 1353 1342
f 1354 1222 1224
f 1354 1348 1222
f 1348 1354 1347
f 1349 1220 1222
f 1349 1222 1348
f 1350 1218 1220
f 1350 1220 1349
f 1351 1216 1218
f 1351 1218 1350
f 1352 1214 1216
f 1352 1216 1351
f 1353 1212 1214
f 1353 1214 1352
f 1099 1100 1212
f 1099 1212 1353
f 1355 1314 1135
f 1355 1135 1133
f 1356 1313 1314
f 1356 1314 1355
f 1357 1312 1313
f 1357 1313 1356
f 1358 1311 1312
f 1358 1312 1357
f 1359 1310 1311
f 1359 1311 1358
f 1360 1309 1310
f 1360 1310 1359
f 1361 1308 1309
f 1361 1309 1360
f 1362 1307 1308
f 1362 1308 1361
f 1363 1306 1307
f 1363 1307 1362
f 1364 1305 1306
f 1364 1306 1363
f 1365 1304 1305
f 1365 1305 1364
f 1304 1366 1303
f 1366 1365 1368
f 1366 1304 1365
f 1392 1394 1393
f 1392 1365 1394
f 1365 1392 1368
f 1364 1395 1394
f 1364 1394 1365
f 1363 1396 1395
f 1363 1395 1364
f 1362 1397 1396
f 1362 1396 1363
f 1361 1398 1397
f 1361 1397 1362
f 1360 1399 1398
f 1360 1398 1361
f 1359 1400 1399
f 1359 1399 1360
f 1358 1401 1400
f 1358 1400 1359
f 1357 1402 1401
f 1357 1401 1358
f 1356 1403 1402
f 1356 1402 1357
f 1355 1404 1403
f 1355 1403 1356
f 1133 1129 1404
f 1133 1404 1355
f 1414 1416 1415
f 1414 1394 1416
f 1394 1414 1393
f 1395 1417 1416
f 1395 1416 1394
f 1396 1418 1417
f 1396 1417 1395
f 1397 1419 1418
f 1397 1418 1396
f 1398 1420 1419
f 1398 1419 1397
f 1399 1421 1420
f 1399 1420 1398
f 1400 1422 1421
f 1400 1421 1399
f 1401 1423 1422
f 1401 1422 1400
f 1402 1424 1423
f 1402 1423 1401
f 1403 1425 1424
f 1403 1424 1402
f 1404 1426 1425
f 1404 1425 1403
f 1129 1132 1426
f 1129 1426 1404
f 79 81 1098
f 79 1098 1096
f 1096 1094 1994
f 1096 1994 79
f 1994 1191 1192
f 1994 1192 79
f 1191 1994 1026
f 1191 1026 1027
f 1994 1094 1025
f 1994 1025 1026
f 561 851 89
f 561 89 88
f 850 559 91
f 850 91 93
f 91 555 553
f 91 553 92
f 555 91 559
f 555 559 557

#List of body polygons
f 1516 1517 1518
f 1520 1516 1518
f 1520 1514 1516
f 1808 1809 1807
f 1808 1810 1809
f 1810 1808 1811
f 1814 1815 1809
f 1814 1809 1810
f 1816 1817 1815
f 1816 1815 1814
f 1516 1514 1817
f 1516 1817 1816

#List of body polygons
f 1517 1513 1518
f 1517 1519 1513
f 1513 1520 1518
f 1806 1807 1805
f 1806 1808 1807
f 1808 1812 1811
f 1808 1806 1812
f 1519 1977 1978
f 1982 1519 1978
f 1982 1513 1519

#List of body polygons
f 1803 1805 1804
f 1803 1806 1805
f 1806 1813 1812
f 1806 1803 1813
f 1977 1979 1978
f 1977 1980 1979
f 1981 1978 1979
f 1981 1982 1978

#List of body lines
l 2007 2008
l 2008 2009
l 2009 2010
l 2010 2011
l 2011 2009
l 2009 2012
l 2012 2013
l 2013 2014
l 2014 2015
l 2015 2016
l 2016 2017
l 2017 2018
l 2018 2019
l 2019 2016
l 2016 2020
l 2020 2021
l 2021 2019
l 2019 2022
l 2022 2023
l 2023 2024
l 2024 2025
l 2025 2026
l 2026 2027
l 2027 2028
l 2028 2013
l 2013 2027
l 2027 2029
l 2029 2014
l 2014 2020
l 2020 2029
l 2029 2025
l 2025 2021
l 2021 2023
l 2023 2030
l 2030 2031
l 2031 2022
l 2022 2032
l 2032 2033
l 2033 2034
l 2034 2035
l 2035 2036
l 2036 2034
l 2034 2037
l 2037 2031
l 2031 2038
l 2038 2039
l 2039 2040
l 2040 2041
l 2041 2042
l 2042 2040
l 2040 2007
l 2007 2043
l 2043 2036
l 2036 2037
l 2037 2007
l 2007 2036
l 2009 2028
l 2028 2044
l 2044 2010
l 2010 2045
l 2045 2041
l 2041 2046
l 2046 2047
l 2047 2048
l 2048 2049
l 2049 2050
l 2050 2051
l 2051 2052
l 2052 2053
l 2053 2054
l 2054 2055
l 2055 2056
l 2056 2057
l 2057 2058
l 2058 2059
l 2059 2060
l 2060 2061
l 2061 2062
l 2062 2063
l 2063 2064
l 2064 2065
l 2065 2066
l 2066 2067
l 2067 2068
l 2068 2069
l 2069 2070
l 2070 2071
l 2071 2072
l 2072 2073
l 2073 2074
l 2074 2075
l 2075 2076
l 2076 2077
l 2077 2078
l 2078 2079
l 2079 2080
l 2080 2081
l 2081 2074
l 2074 2079
l 2079 2076
l 2076 2082
l 2082 2083
l 2083 2084
l 2084 2085
l 2085 2086
l 2086 2087
l 2087 2088
l 2088 2089
l 2089 2090
l 2090 2091
l 2091 2092
l 2092 2093
l 2093 2094
l 2094 2095
l 2095 2096
l 2096 2092
l 2092 2095
l 2095 2097
l 2097 2098
l 2098 2099
l 2099 2100
l 2100 2101
l 2101 2102
l 2102 2103
l 2103 2104
l 2104 2105
l 2105 2106
l 2106 2107
l 2107 2108
l 2108 2109
l 2109 2110
l 2110 2111
l 2111 2112
l 2112 2072
l 2072 2113
l 2113 2114
l 2114 2071
l 2071 2115
l 2115 2116
l 2116 2066
l 2066 2117
l 2117 2064
l 2064 2118
l 2118 2062
l 2062 2119
l 2119 2060
l 2060 2120
l 2120 2058
l 2059 2121
l 2121 2061
l 2061 2122
l 2122 2063
l 2063 2123
l 2123 2117
l 2117 2124
l 2124 2125
l 2125 2114
l 2114 2126
l 2126 2127
l 2127 2113
l 2113 2128
l 2128 2112
l 2112 2129
l 2129 2130
l 2130 2131
l 2131 2132
l 2132 2133
l 2133 2134
l 2134 2135
l 2135 2136
l 2136 2137
l 2137 2138
l 2138 2139
l 2139 2140
l 2140 2141
l 2141 2142
l 2142 2143
l 2143 2144
l 2144 2097
l 2097 2142
l 2142 2145
l 2145 2146
l 2146 2147
l 2147 2145
l 2145 2148
l 2148 2143
l 2143 2149
l 2149 2150
l 2150 2144
l 2144 2151
l 2151 2152
l 2152 2094
l 2094 2153
l 2153 2154
l 2154 2155
l 2155 2156
l 2156 2157
l 2157 2158
l 2158 2159
l 2159 2160
l 2160 2161
l 2161 2162
l 2162 2163
l 2163 2164
l 2164 2165
l 2165 2077
l 2077 2166
l 2166 2167
l 2167 2165
l 2165 2082
l 2082 2168
l 2168 2075
l 2075 2111
l 2111 2073
l 2073 2070
l 2070 2081
l 2081 2169
l 2169 2069
l 2069 2115
l 2115 2125
l 2125 2170
l 2170 2171
l 2171 2123
l 2123 2172
l 2172 2122
l 2122 2173
l 2173 2121
l 2093 2154
l 2154 2174
l 2174 2175
l 2175 2153
l 2153 2176
l 2176 2177
l 2177 2178
l 2178 2179
l 2179 2175
l 2175 2177
l 2177 2180
l 2180 2181
l 2181 2182
l 2182 2183
l 2183 2184
l 2184 2185
l 2185 2186
l 2186 2187
l 2187 2188
l 2188 2189
l 2189 2190
l 2190 2191
l 2191 2192
l 2192 2193
l 2193 2194
l 2194 2195
l 2195 2192
l 2192 2196
l 2196 2197
l 2197 2198
l 2198 2196
l 2196 2199
l 2199 2195
l 2195 2200
l 2200 2201
l 2201 2202
l 2202 2203
l 2203 2204
l 2204 2205
l 2205 2206
l 2206 2146
l 2146 2207
l 2207 2208
l 2208 2209
l 2209 2210
l 2210 2211
l 2211 2212
l 2212 2213
l 2213 2214
l 2214 2215
l 2215 2216
l 2216 2217
l 2217 2218
l 2218 2219
l 2219 2220
l 2220 2221
l 2221 2128
l 2128 2222
l 2222 2127
l 2127 2223
l 2223 2224
l 2224 2225
l 2225 2226
l 2226 2172
l 2172 2227
l 2227 2173
l 2153 2151
l 2151 2228
l 2228 2150
l 2150 2229
l 2229 2230
l 2230 2181
l 2181 2176
l 2176 2228
l 2228 2230
l 2230 2231
l 2231 2232
l 2232 2183
l 2183 2233
l 2233 2185
l 2185 2234
l 2234 2235
l 2235 2236
l 2236 2237
l 2237 2188
l 2188 2238
l 2238 2239
l 2239 2240
l 2240 2241
l 2241 2242
l 2242 2243
l 2243 2240
l 2240 2244
l 2244 2245
l 2245 2246
l 2246 2247
l 2247 2248
l 2248 2249
l 2249 2250
l 2250 2251
l 2251 2252
l 2252 2253
l 2253 2254
l 2254 2255
l 2255 2256
l 2256 2254
l 2254 2257
l 2257 2252
l 2252 2258
l 2258 2259
l 2259 2260
l 2260 2248
l 2248 2261
l 2261 2262
l 2262 2245
l 2245 2263
l 2263 2264
l 2264 2244
l 2244 2265
l 2265 2239
l 2239 2266
l 2266 2267
l 2267 2189
l 2189 2268
l 2268 2269
l 2269 2232
l 2232 2270
l 2270 2271
l 2271 2272
l 2272 2150
l 2235 2186
l 2186 2237
l 2237 2243
l 2243 2238
l 2238 2267
l 2267 2191
l 2191 2197
l 2197 2266
l 2266 2273
l 2273 2274
l 2274 2275
l 2275 2276
l 2276 2277
l 2277 2251
l 2251 2259
l 2259 2278
l 2278 2279
l 2279 2280
l 2280 2281
l 2281 2282
l 2282 2283
l 2283 2258
l 2258 2279
l 2279 2282
l 2282 2284
l 2284 2285
l 2285 2286
l 2286 2287
l 2287 2285
l 2285 2281
l 2281 2288
l 2288 2289
l 2289 2280
l 2280 2290
l 2290 2291
l 2291 2292
l 2292 2293
l 2293 2290
l 2290 2294
l 2294 2295
l 2295 2296
l 2296 2297
l 2297 2298
l 2298 2299
l 2299 2247
l 2247 2262
l 2262 2265
l 2265 2300
l 2300 2301
l 2301 2239
l 2195 2302
l 2302 2303
l 2303 2199
l 2199 2304
l 2304 2305
l 2305 2306
l 2306 2307
l 2307 2308
l 2308 2309
l 2309 2310
l 2310 2311
l 2311 2312
l 2312 2313
l 2313 2314
l 2314 2315
l 2315 2316
l 2316 2317
l 2317 2318
l 2318 2319
l 2319 2320
l 2320 2321
l 2321 2322
l 2322 2323
l 2323 2324
l 2324 2325
l 2325 2326
l 2326 2327
l 2327 2328
l 2328 2329
l 2329 2330
l 2330 2331
l 2331 2332
l 2332 2333
l 2333 2334
l 2334 2335
l 2335 2336
l 2336 2337
l 2337 2338
l 2338 2339
l 2339 2340
l 2340 2341
l 2341 2339
l 2339 2342
l 2342 2343
l 2343 2344
l 2344 2345
l 2345 2343
l 2343 2338
l 2338 2346
l 2346 2336
l 2336 2347
l 2347 2348
l 2348 2331
l 2331 2349
l 2349 2350
l 2350 2348
l 2348 2335
l 2335 2332
l 2332 2351
l 2351 2352
l 2352 2329
l 2329 2353
l 2353 2354
l 2354 2328
l 2328 2355
l 2355 2356
l 2356 2357
l 2357 2358
l 2358 2359
l 2359 2356
l 2356 2360
l 2360 2361
l 2361 2362
l 2362 2363
l 2363 2364
l 2364 2365
l 2365 2366
l 2366 2367
l 2367 2368
l 2368 2369
l 2369 2370
l 2370 2371
l 2371 2372
l 2372 2373
l 2373 2374
l 2374 2375
l 2375 2376
l 2376 2377
l 2377 2307
l 2307 2378
l 2378 2379
l 2379 2303
l 2303 2380
l 2380 2381
l 2381 2382
l 2382 2383
l 2383 2384
l 2384 2385
l 2385 2386
l 2386 2387
l 2387 2388
l 2388 2389
l 2389 2390
l 2390 2391
l 2391 2392
l 2392 2393
l 2393 2394
l 2394 2395
l 2395 2396
l 2396 2397
l 2397 2398
l 2398 2399
l 2399 2400
l 2400 2401
l 2401 2222
l 2222 2402
l 2402 2223
l 2223 2403
l 2403 2404
l 2404 2405
l 2405 2406
l 2406 2227
l 2285 2407
l 2407 2288
l 2288 2408
l 2408 2409
l 2409 2410
l 2410 2411
l 2411 2412
l 2412 2413
l 2413 2408
l 2408 2411
l 2411 2414
l 2414 2415
l 2415 2416
l 2416 2417
l 2417 2418
l 2418 2419
l 2419 2420
l 2420 2421
l 2421 2422
l 2422 2423
l 2423 2424
l 2424 2425
l 2425 2426
l 2426 2427
l 2427 2428
l 2428 2425
l 2425 2429
l 2429 2430
l 2430 2431
l 2431 2432
l 2432 2433
l 2433 2434
l 2434 2435
l 2435 2436
l 2436 2345
l 2345 2437
l 2437 2342
l 2342 2438
l 2438 2439
l 2439 2440
l 2440 2441
l 2441 2442
l 2442 2443
l 2443 2444
l 2444 2445
l 2445 2446
l 2446 2447
l 2447 2448
l 2448 2449
l 2449 2450
l 2450 2451
l 2451 2452
l 2452 2453
l 2453 2451
l 2451 2454
l 2454 2455
l 2455 2456
l 2456 2457
l 2457 2453
l 2453 2458
l 2458 2459
l 2459 2460
l 2460 2461
l 2461 2462
l 2462 2463
l 2463 2464
l 2464 2465
l 2465 2466
l 2466 2464
l 2464 2467
l 2467 2468
l 2468 2469
l 2469 2440
l 2440 2470
l 2470 2471
l 2471 2472
l 2472 2339
l 2033 2473
l 2473 2018
l 2018 2032
l 2032 2037
l 2037 2039
l 2039 2474
l 2474 2475
l 2475 2476
l 2476 2477
l 2477 2478
l 2478 2479
l 2479 2480
l 2480 2481
l 2481 2482
l 2482 2483
l 2483 2484
l 2484 2485
l 2485 2483
l 2483 2486
l 2486 2487
l 2487 2488
l 2488 2489
l 2489 2490
l 2490 2491
l 2491 2492
l 2492 2493
l 2493 2494
l 2494 2495
l 2495 2496
l 2496 2497
l 2497 2498
l 2498 2499
l 2499 2500
l 2500 2501
l 2501 2502
l 2502 2499
l 2499 2503
l 2503 2504
l 2504 2505
l 2505 2480
l 2480 2506
l 2506 2507
l 2507 2479
l 2479 2508
l 2508 2477
l 2477 2509
l 2509 2475
l 2475 2048
l 2510 2511
l 2511 2512
l 2512 2513
l 2513 2510
l 2510 2514
l 2514 2515
l 2515 2513
l 2513 2373
l 2373 2311
l 2311 2255
l 2255 2516
l 2516 2517
l 2517 2283
l 2283 2257
l 2257 2516
l 2516 2518
l 2518 2519
l 2519 2286
l 2286 2520
l 2520 2521
l 2521 2522
l 2522 2410
l 2410 2523
l 2523 2524
l 2524 2525
l 2525 2526
l 2526 2527
l 2527 2528
l 2528 2529
l 2529 2530
l 2530 2531
l 2531 2422
l 2422 2532
l 2532 2533
l 2533 2534
l 2534 2535
l 2535 2536
l 2536 2537
l 2537 2535
l 2535 2538
l 2538 2424
l 2424 2534
l 2534 2539
l 2539 2540
l 2540 2533
l 2533 2423
l 2423 2428
l 2428 2541
l 2541 2542
l 2542 2543
l 2543 2544
l 2544 2545
l 2545 2546
l 2546 2547
l 2547 2548
l 2548 2549
l 2549 2550
l 2550 2551
l 2551 2548
l 2548 2552
l 2552 2416
l 2416 2525
l 2525 2553
l 2553 2554
l 2554 2555
l 2555 2523
l 2523 2414
l 2414 2556
l 2556 2412
l 2412 2557
l 2557 2558
l 2558 2559
l 2559 2560
l 2560 2557
l 2557 2561
l 2561 2562
l 2562 2560
l 2255 2563
l 2563 2564
l 2564 2565
l 2565 2566
l 2566 2567
l 2567 2568
l 2568 2569
l 2569 2570
l 2570 2571
l 2571 2572
l 2572 2573
l 2573 2574
l 2574 2575
l 2575 2576
l 2576 2577
l 2577 2578
l 2578 2539
l 2539 2579
l 2579 2580
l 2580 2537
l 2537 2581
l 2581 2582
l 2582 2583
l 2583 2584
l 2584 2582
l 2443 2585
l 2585 2445
l 2445 2462
l 2462 2586
l 2586 2464
l 2464 2587
l 2587 2588
l 2588 2589
l 2589 2590
l 2590 2591
l 2591 2592
l 2592 2593
l 2593 2594
l 2594 2592
l 2592 2595
l 2595 2596
l 2596 2591
l 2591 2597
l 2597 2598
l 2598 2590
l 2590 2456
l 2456 2599
l 2599 2459
l 2459 2588
l 2588 2600
l 2600 2601
l 2601 2466
l 2466 2602
l 2602 2603
l 2603 2465
l 2465 2604
l 2604 2605
l 2605 2606
l 2606 2607
l 2607 2608
l 2608 2609
l 2609 2610
l 2610 2611
l 2611 2437
l 2437 2612
l 2612 2610
l 2610 2613
l 2613 2608
l 2608 2614
l 2614 2615
l 2615 2609
l 2609 2616
l 2616 2435
l 2435 2617
l 2617 2618
l 2618 2434
l 2434 2619
l 2619 2620
l 2620 2621
l 2621 2536
l 2536 2431
l 2431 2538
l 2538 2429
l 2429 2622
l 2622 2426
l 2426 2623
l 2623 2624
l 2624 2625
l 2625 2626
l 2626 2430
l 2430 2627
l 2627 2432
l 2432 2621
l 2621 2581
l 2581 2628
l 2628 2580
l 2580 2534
l 2599 2589
l 2589 2629
l 2629 2630
l 2630 2631
l 2631 2632
l 2632 2633
l 2633 2634
l 2634 2635
l 2635 2632
l 2632 2636
l 2636 2637
l 2637 2638
l 2638 2639
l 2639 2636
l 2636 2630
l 2630 2640
l 2640 2639
l 2639 2641
l 2641 2642
l 2642 2640
l 2640 2600
l 2600 2629
l 2629 2643
l 2643 2644
l 2644 2645
l 2645 2597
l 2597 2646
l 2646 2596
l 2596 2647
l 2647 2648
l 2648 2649
l 2649 2650
l 2650 2651
l 2651 2652
l 2652 2653
l 2653 2654
l 2654 2655
l 2655 2656
l 2656 2657
l 2657 2658
l 2658 2659
l 2659 2656
l 2656 2660
l 2660 2654
l 2654 2661
l 2661 2662
l 2662 2653
l 2653 2663
l 2663 2664
l 2664 2653
l 2483 2665
l 2665 2666
l 2666 2667
l 2667 2668
l 2668 2669
l 2669 2670
l 2670 2671
l 2671 2672
l 2672 2673
l 2673 2670
l 2670 2674
l 2674 2675
l 2675 2673
l 2673 2676
l 2676 2677
l 2677 2678
l 2678 2676
l 2676 2679
l 2679 2680
l 2680 2681
l 2681 2682
l 2682 2683
l 2683 2684
l 2684 2681
l 2018 2685
l 2685 2686
l 2686 2017
l 2017 2687
l 2687 2015
l 2015 2688
l 2688 2689
l 2689 2690
l 2690 2691
l 2691 2688
l 2688 2692
l 2692 2693
l 2693 2691
l 2691 2012
l 2012 2694
l 2694 2693
l 2693 2695
l 2695 2043
l 2043 2694
l 2694 2008
l 2008 2042
l 2042 2011
l 2011 2045
l 2597 2643
l 2643 2631
l 2631 2696
l 2696 2633
l 2633 2697
l 2697 2698
l 2698 2699
l 2699 2700
l 2700 2701
l 2701 2702
l 2702 2703
l 2703 2704
l 2704 2705
l 2705 2706
l 2706 2707
l 2707 2708
l 2708 2709
l 2709 2710
l 2710 2711
l 2711 2712
l 2712 2709
l 2709 2706
l 2706 2713
l 2713 2712
l 2712 2714
l 2714 2715
l 2715 2713
l 2713 2716
l 2716 2717
l 2717 2718
l 2718 2719
l 2719 2717
l 2717 2715
l 2715 2720
l 2720 2721
l 2721 2722
l 2722 2723
l 2723 2724
l 2724 2722
l 2722 2725
l 2725 2726
l 2726 2721
l 2721 2714
l 2714 2723
l 2723 2711
l 2711 2727
l 2727 2728
l 2728 2710
l 2710 2729
l 2729 2708
l 2459 2457
l 2457 2454
l 2454 2730
l 2730 2450
l 2450 2731
l 2731 2732
l 2732 2733
l 2733 2734
l 2734 2735
l 2735 2736
l 2736 2737
l 2737 2738
l 2738 2739
l 2739 2658
l 2658 2740
l 2740 2741
l 2741 2657
l 2657 2742
l 2742 2655
l 2655 2743
l 2743 2661
l 2661 2744
l 2744 2745
l 2745 2746
l 2746 2747
l 2747 2748
l 2748 2749
l 2749 2747
l 2747 2750
l 2750 2751
l 2751 2744
l 2744 2752
l 2752 2743
l 2743 2753
l 2753 2742
l 2742 2754
l 2754 2741
l 2741 2755
l 2755 2756
l 2756 2757
l 2757 2736
l 2758 2759
l 2759 2760
l 2760 2167
l 2167 2758
l 2758 2761
l 2761 2762
l 2762 2763
l 2763 2764
l 2764 2765
l 2765 2766
l 2766 2767
l 2767 2169
l 2169 2768
l 2768 2769
l 2769 2770
l 2770 2771
l 2771 2772
l 2772 2773
l 2773 2065
l 2065 2774
l 2774 2772
l 2772 2775
l 2775 2776
l 2776 2777
l 2777 2775
l 2775 2778
l 2778 2773
l 2773 2118
l 2118 2779
l 2779 2778
l 2778 2780
l 2780 2781
l 2781 2779
l 2779 2119
l 2119 2782
l 2782 2781
l 2781 2783
l 2783 2784
l 2784 2782
l 2782 2120
l 2120 2785
l 2785 2057
l 2671 2786
l 2786 2787
l 2787 2788
l 2788 2789
l 2789 2786
l 2786 2669
l 2669 2790
l 2790 2791
l 2791 2792
l 2792 2793
l 2793 2794
l 2794 2795
l 2795 2796
l 2796 2490
l 2490 2797
l 2797 2492
l 2798 2030
l 2030 2799
l 2799 2800
l 2800 2801
l 2801 2802
l 2802 2788
l 2788 2800
l 2800 2803
l 2803 2804
l 2804 2798
l 2798 2800
l 2805 2806
l 2806 2807
l 2807 2808
l 2808 2665
l 2665 2806
l 2806 2482
l 2482 2506
l 2506 2805
l 2805 2809
l 2809 2810
l 2810 2811
l 2811 2812
l 2812 2813
l 2813 2038
l 2038 2814
l 2814 2509
l 2509 2815
l 2815 2812
l 2812 2814
l 2814 2474
l 2474 2047
l 2816 2817
l 2817 2818
l 2818 2819
l 2819 2820
l 2820 2821
l 2821 2816
l 2816 2819
l 2819 2822
l 2822 2823
l 2823 2820
l 2820 2494
l 2494 2491
l 2491 2824
l 2824 2489
l 2489 2502
l 2502 2497
l 2497 2824
l 2824 2495
l 2495 2823
l 2823 2825
l 2825 2496
l 2496 2826
l 2826 2498
l 2498 2827
l 2827 2503
l 2503 2828
l 2828 2500
l 2500 2485
l 2485 2481
l 2481 2828
l 2828 2505
l 2505 2829
l 2829 2830
l 2830 2508
l 2508 2831
l 2831 2476
l 2476 2049
l 2815 2478
l 2478 2811
l 2811 2507
l 2507 2809
l 2809 2807
l 2807 2832
l 2832 2833
l 2833 2808
l 2808 2667
l 2667 2790
l 2790 2674
l 2674 2834
l 2834 2682
l 2682 2677
l 2677 2680
l 2817 2835
l 2835 2836
l 2836 2818
l 2818 2837
l 2837 2822
l 2822 2838
l 2838 2825
l 2825 2839
l 2839 2826
l 2826 2840
l 2840 2827
l 2827 2841
l 2841 2842
l 2842 2843
l 2843 2844
l 2844 2845
l 2845 2780
l 2780 2776
l 2776 2846
l 2846 2845
l 2845 2783
l 2783 2847
l 2847 2848
l 2848 2784
l 2784 2785
l 2785 2849
l 2849 2056
l 2055 2850
l 2850 2849
l 2849 2848
l 2848 2851
l 2851 2852
l 2852 2853
l 2853 2854
l 2854 2855
l 2855 2856
l 2856 2053
l 2762 2857
l 2857 2764
l 2764 2858
l 2858 2766
l 2766 2859
l 2859 2860
l 2860 2861
l 2861 2862
l 2862 2770
l 2770 2774
l 2774 2067
l 2067 2769
l 2769 2863
l 2863 2862
l 2862 2864
l 2864 2771
l 2771 2777
l 2777 2865
l 2865 2846
l 2846 2866
l 2866 2844
l 2844 2847
l 2847 2867
l 2867 2868
l 2868 2869
l 2869 2853
l 2853 2856
l 2856 2870
l 2870 2054
l 2850 2851
l 2851 2867
l 2867 2843
l 2843 2871
l 2871 2840
l 2840 2842
l 2842 2868
l 2868 2852
l 2852 2870
l 2870 2850
l 2761 2166
l 2166 2763
l 2763 2078
l 2078 2765
l 2765 2080
l 2080 2767
l 2767 2872
l 2872 2768
l 2768 2068
l 2068 2116
l 2116 2124
l 2124 2171
l 2171 2226
l 2226 2406
l 2759 2873
l 2873 2874
l 2874 2760
l 2760 2164
l 2164 2083
l 2083 2875
l 2875 2168
l 2168 2110
l 2110 2129
l 2129 2221
l 2221 2401
l 2401 2876
l 2876 2402
l 2402 2877
l 2877 2403
l 2873 2878
l 2878 2879
l 2879 2874
l 2874 2163
l 2163 2084
l 2084 2880
l 2880 2875
l 2875 2109
l 2109 2130
l 2130 2220
l 2220 2400
l 2400 2881
l 2881 2876
l 2876 2882
l 2882 2877
l 2882 2883
l 2883 2881
l 2881 2884
l 2884 2399
l 2399 2219
l 2219 2131
l 2131 2108
l 2108 2880
l 2880 2885
l 2885 2886
l 2886 2887
l 2887 2888
l 2888 2889
l 2889 2089
l 2089 2158
l 2158 2890
l 2890 2891
l 2891 2892
l 2892 2893
l 2893 2890
l 2890 2894
l 2894 2895
l 2895 2893
l 2551 2896
l 2896 2547
l 2547 2897
l 2897 2552
l 2552 2898
l 2898 2415
l 2415 2524
l 2524 2554
l 2554 2899
l 2899 2567
l 2567 2555
l 2555 2522
l 2522 2566
l 2566 2519
l 2519 2521
l 2521 2409
l 2409 2407
l 2407 2520
l 2896 2900
l 2900 2546
l 2546 2901
l 2901 2897
l 2897 2417
l 2417 2526
l 2526 2902
l 2902 2553
l 2553 2903
l 2903 2899
l 2899 2569
l 2569 2316
l 2316 2368
l 2368 2904
l 2904 2905
l 2905 2906
l 2906 2907
l 2907 2908
l 2908 2905
l 2905 2369
l 2369 2315
l 2315 2568
l 2568 2565
l 2565 2314
l 2314 2370
l 2370 2906
l 2906 2909
l 2909 2512
l 2512 2372
l 2372 2312
l 2312 2563
l 2563 2518
l 2518 2287
l 2287 2517
l 2517 2284
l 2900 2910
l 2910 2545
l 2545 2911
l 2911 2901
l 2901 2418
l 2418 2527
l 2527 2912
l 2912 2902
l 2902 2913
l 2913 2903
l 2903 2570
l 2570 2317
l 2317 2367
l 2367 2914
l 2914 2904
l 2904 2915
l 2915 2908
l 2910 2916
l 2916 2544
l 2544 2917
l 2917 2911
l 2911 2419
l 2419 2528
l 2528 2918
l 2918 2912
l 2912 2919
l 2919 2913
l 2913 2571
l 2571 2318
l 2318 2366
l 2366 2920
l 2920 2921
l 2921 2922
l 2922 2923
l 2923 2920
l 2920 2914
l 2914 2924
l 2924 2915
l 2925 2926
l 2926 2927
l 2927 2928
l 2928 2925
l 2925 2929
l 2929 2930
l 2930 2614
l 2614 2931
l 2931 2607
l 2607 2932
l 2932 2933
l 2933 2934
l 2934 2439
l 2439 2471
l 2471 2935
l 2935 2936
l 2936 2472
l 2472 2438
l 2438 2612
l 2612 2934
l 2934 2613
l 2613 2932
l 2932 2937
l 2937 2938
l 2938 2605
l 2605 2939
l 2939 2940
l 2940 2941
l 2941 2942
l 2942 2939
l 2939 2943
l 2943 2944
l 2944 2942
l 2942 2945
l 2945 2946
l 2946 2941
l 2941 2947
l 2947 2948
l 2948 2946
l 2948 2949
l 2949 2950
l 2950 2947
l 2947 2603
l 2603 2940
l 2940 2604
l 2604 2467
l 2467 2938
l 2938 2469
l 2469 2951
l 2951 2933
l 2634 2952
l 2952 2697
l 2697 2953
l 2953 2696
l 2696 2644
l 2644 2954
l 2954 2953
l 2953 2955
l 2955 2698
l 2698 2956
l 2956 2952
l 2956 2957
l 2957 2699
l 2699 2958
l 2958 2955
l 2955 2959
l 2959 2954
l 2954 2960
l 2960 2645
l 2645 2648
l 2648 2646
l 2957 2961
l 2961 2700
l 2700 2962
l 2962 2958
l 2958 2963
l 2963 2959
l 2959 2964
l 2964 2960
l 2960 2649
l 2649 2965
l 2965 2966
l 2966 2967
l 2967 2647
l 2647 2965
l 2965 2968
l 2968 2650
l 2650 2964
l 2964 2969
l 2969 2963
l 2963 2970
l 2970 2962
l 2962 2971
l 2971 2701
l 2701 2972
l 2972 2961
l 2972 2973
l 2973 2702
l 2702 2974
l 2974 2971
l 2971 2975
l 2975 2970
l 2970 2976
l 2976 2969
l 2969 2651
l 2651 2977
l 2977 2968
l 2968 2978
l 2978 2966
l 2966 2738
l 2738 2979
l 2979 2980
l 2980 2593
l 2593 2981
l 2981 2455
l 2455 2594
l 2594 2590
l 2973 2982
l 2982 2703
l 2703 2983
l 2983 2974
l 2974 2984
l 2984 2975
l 2975 2663
l 2663 2976
l 2976 2652
l 2652 2660
l 2660 2977
l 2977 2659
l 2659 2978
l 2978 2739
l 2739 2985
l 2985 2737
l 2737 2986
l 2986 2735
l 2982 2987
l 2987 2704
l 2704 2988
l 2988 2983
l 2983 2989
l 2989 2984
l 2984 2664
l 2664 2990
l 2990 2989
l 2989 2718
l 2718 2988
l 2988 2716
l 2716 2705
l 2705 2991
l 2991 2987
l 2878 2992
l 2992 2993
l 2993 2879
l 2879 2162
l 2162 2085
l 2085 2885
l 2885 2107
l 2107 2132
l 2132 2218
l 2218 2398
l 2398 2994
l 2994 2884
l 2884 2995
l 2995 2883
l 2992 2996
l 2996 2997
l 2997 2993
l 2993 2161
l 2161 2086
l 2086 2886
l 2886 2106
l 2106 2133
l 2133 2217
l 2217 2397
l 2397 2998
l 2998 2994
l 2994 2999
l 2999 2995
l 2999 3000
l 3000 2998
l 2998 3001
l 3001 3002
l 3002 2395
l 2395 2215
l 2215 2135
l 2135 2104
l 2104 2888
l 2888 2088
l 2088 2159
l 2159 2891
l 2891 2997
l 2997 2160
l 2160 2087
l 2087 2887
l 2887 2105
l 2105 2134
l 2134 2216
l 2216 2396
l 2396 3001
l 3001 3003
l 3003 3000
l 2895 3004
l 3004 3005
l 3005 2894
l 2894 2157
l 2157 2090
l 2090 3006
l 3006 2889
l 2889 2103
l 2103 2136
l 2136 2214
l 2214 2394
l 2394 3007
l 3007 3002
l 3002 3008
l 3008 3003
l 2092 2155
l 2155 3009
l 3009 3005
l 3005 2156
l 2156 2091
l 2091 3010
l 3010 3006
l 3006 2102
l 2102 2137
l 2137 2213
l 2213 2393
l 2393 3011
l 3011 3012
l 3012 3013
l 3013 3008
l 2101 2138
l 2138 2212
l 2212 2392
l 2392 3014
l 3014 3015
l 3015 2391
l 2391 2211
l 2211 2139
l 2139 2100
l 2100 2096
l 2096 3010
l 3010 2101
l 2096 2098
l 2098 2141
l 2141 2209
l 2209 2389
l 2389 3016
l 3016 3017
l 3017 3018
l 3018 3019
l 3019 3020
l 3020 3017
l 3017 2388
l 2388 2208
l 2208 2147
l 2147 2141
l 3019 3021
l 3021 3022
l 3022 3023
l 3023 2385
l 2385 2204
l 2204 3024
l 3024 2206
l 2206 2148
l 2148 3025
l 3025 3026
l 3026 3027
l 3027 3028
l 3028 2271
l 2271 3029
l 3029 3030
l 3030 3031
l 3031 2268
l 2268 2187
l 2187 2184
l 2184 2269
l 2269 3030
l 3030 2270
l 2270 3032
l 3032 2272
l 2272 3033
l 3033 2149
l 2149 3025
l 3025 3028
l 3028 3033
l 3027 3024
l 3024 2202
l 2202 3034
l 3034 2200
l 2200 3035
l 3035 3036
l 3036 2203
l 2203 2384
l 2384 3037
l 3037 3038
l 3038 3039
l 3039 3040
l 3040 3037
l 3037 3023
l 3023 3041
l 3041 3021
l 2301 2273
l 2273 2198
l 2198 2304
l 2304 2379
l 2379 3042
l 3042 2380
l 2380 3043
l 3043 3044
l 3044 3045
l 3045 3046
l 3046 3043
l 3043 3047
l 3047 2381
l 2381 2302
l 2302 3035
l 3035 2382
l 2382 3048
l 3048 3038
l 3038 2383
l 2383 3036
l 3036 2201
l 2305 2378
l 2378 3049
l 3049 3042
l 3042 3044
l 3044 3050
l 3050 3049
l 3049 2377
l 2377 3051
l 3051 3050
l 3050 3052
l 3052 3045
l 3053 3054
l 3054 2253
l 2253 2277
l 2277 3053
l 3053 2308
l 2308 2376
l 2376 3055
l 3055 3056
l 3056 2375
l 2375 2309
l 2309 3054
l 3054 2256
l 2256 2310
l 2310 2374
l 2374 2515
l 2515 3056
l 3056 3057
l 3057 3058
l 3058 3055
l 3055 3051
l 3051 3059
l 3059 3052
l 2922 3060
l 3060 3061
l 3061 2921
l 2921 2365
l 2365 2319
l 2319 2572
l 2572 2919
l 2919 3062
l 3062 2918
l 2918 3063
l 3063 3064
l 3064 2530
l 2530 2421
l 2421 2542
l 2542 2917
l 2917 2420
l 2420 2529
l 2529 3063
l 3063 3065
l 3065 3062
l 3062 2573
l 2573 2320
l 2320 2364
l 2364 3061
l 3061 3066
l 3066 3067
l 3067 3068
l 3068 3069
l 3069 3066
l 3066 2363
l 2363 2321
l 2321 2574
l 2574 3065
l 3065 3070
l 3070 3064
l 3064 3071
l 3071 2531
l 2575 2322
l 2322 2362
l 2362 3067
l 3067 2357
l 2357 2361
l 2361 2323
l 2323 2576
l 2576 3072
l 3072 3070
l 3070 2575
l 3073 2326
l 2326 3074
l 3074 3075
l 3075 3076
l 3076 3077
l 3077 2584
l 2584 2628
l 2628 3076
l 3076 2579
l 2579 3074
l 3074 2578
l 2578 3073
l 2353 3078
l 3078 2330
l 2330 2351
l 2351 3079
l 3079 3080
l 3080 3081
l 3081 3082
l 3082 2583
l 2583 3080
l 3080 3077
l 3077 3083
l 3083 3075
l 3075 2327
l 2327 2352
l 2352 3083
l 3083 3079
l 3079 2333
l 2333 3081
l 3081 3084
l 3084 3085
l 3085 2619
l 2619 2436
l 2436 2611
l 2611 2616
l 2616 3086
l 3086 2617
l 2617 3087
l 3087 2927
l 2927 3086
l 3086 2615
l 2615 2928
l 2928 2930
l 2930 3088
l 3088 3089
l 3089 2929
l 3090 3091
l 3091 3092
l 3092 3093
l 3093 3094
l 3094 3095
l 3095 3096
l 3096 3097
l 3097 3098
l 3098 3099
l 3099 3100
l 3100 2585
l 2585 3101
l 3101 3099
l 3099 3102
l 3102 3097
l 3097 3094
l 3094 3103
l 3103 3102
l 3102 3104
l 3104 3101
l 3101 2442
l 2442 2470
l 2470 3104
l 3104 2935
l 2935 3103
l 3103 3105
l 3105 2936
l 2936 2340
l 2340 3106
l 3106 3107
l 3107 3091
l 3091 3108
l 3108 3093
l 3093 3105
l 3105 3106
l 3106 3108
l 2445 3109
l 3109 2447
l 2447 3110
l 3110 3111
l 3111 3112
l 3112 3100
l 3100 2446
l 2446 3111
l 3111 3113
l 3113 3114
l 3114 3115
l 3115 3098
l 3098 3112
l 3112 3114
l 3109 3116
l 3116 2452
l 2452 2449
l 2449 3117
l 3117 3118
l 3118 3119
l 3119 3120
l 3120 3110
l 3110 3118
l 3118 2448
l 2448 3116
l 3116 2458
l 2458 2461
l 2461 3109
l 2733 2986
l 2986 2979
l 2979 2967
l 2967 2595
l 2595 2980
l 2980 2733
l 2733 2981
l 2981 2730
l 2730 2732
l 2732 3121
l 3121 3122
l 3122 3123
l 3123 3117
l 3117 2731
l 2731 3122
l 2990 2748
l 2748 2720
l 2720 2719
l 2719 2990
l 2990 2746
l 2746 2751
l 2751 3124
l 3124 2752
l 2752 3125
l 3125 2753
l 2753 3126
l 3126 2754
l 2754 3127
l 3127 3128
l 3128 3126
l 3126 3129
l 3129 3125
l 3125 3130
l 3130 3124
l 3124 3131
l 3131 2750
l 2750 3132
l 3132 2749
l 2749 2721
l 2729 3133
l 3133 2728
l 2728 3134
l 3134 3135
l 3135 2727
l 2727 2724
l 2724 3136
l 3136 2725
l 2725 3137
l 3137 3138
l 3138 2726
l 2726 3132
l 3132 3139
l 3139 3131
l 3131 3140
l 3140 3130
l 3130 3141
l 3141 3129
l 3129 3142
l 3142 3128
l 3133 3143
l 3143 3134
l 3134 3144
l 3144 3145
l 3145 3135
l 3135 3146
l 3146 3147
l 3147 3136
l 3136 3148
l 3148 3149
l 3149 3150
l 3150 3136
l 3143 3151
l 3151 3144
l 3144 3152
l 3152 3153
l 3153 3145
l 3145 3154
l 3154 3146
l 3146 3148
l 3148 3155
l 3155 3156
l 3156 3157
l 3157 3158
l 3158 3159
l 3159 3160
l 3160 3161
l 3161 3162
l 3162 3163
l 3163 3164
l 3164 3165
l 3165 3166
l 3166 3167
l 3167 3168
l 3168 3169
l 3169 3170
l 3170 3167
l 3142 3171
l 3171 3141
l 3141 3172
l 3172 3140
l 3140 3173
l 3173 3139
l 3139 3174
l 3174 3175
l 3175 3176
l 3176 3177
l 3177 3138
l 3138 3175
l 3175 3132
l 2857 3178
l 3178 2858
l 2858 3179
l 3179 3180
l 3180 2860
l 2860 2863
l 2863 2872
l 2872 2859
l 2859 3179
l 3179 3181
l 3181 3178
l 3182 2837
l 2837 3183
l 3183 2838
l 2838 3184
l 3184 2839
l 2839 2871
l 2871 2866
l 2866 3184
l 3184 2865
l 2865 3183
l 3183 3185
l 3185 3182
l 3186 2792
l 2792 2486
l 2486 2666
l 2666 2791
l 2791 3187
l 3187 3188
l 3188 3189
l 3189 2793
l 2793 3187
l 3187 3190
l 3190 3191
l 3191 3188
l 3192 2035
l 2035 2473
l 2473 3193
l 3193 3192
l 3192 3194
l 3194 3195
l 3195 2686
l 2686 3196
l 3196 3197
l 3197 3195
l 3195 3198
l 3198 3199
l 3199 3200
l 3200 2692
l 2692 3198
l 3198 2695
l 2695 2035
l 3201 2015
l 3197 3199
l 3202 3197
l 2687 3202
l 3196 2687
l 3203 2688
l 3200 3203
l 3200 3202
l 3202 3201
l 3201 3203
l 3194 2695
l 2685 3194
l 2685 3193
l 2014 2689
l 2690 2013
l 2813 2030
l 3092 3095
l 2801 3204
l 3205 2673
l 3206 3207
l 2291 2295
l 2359 3208
l 3209 3210
l 3057 2514
l 3059 3058
l 2559 2292
l 3096 3115
l 3211 2949
l 3041 3040
l 3212 3213
l 3214 3215
l 3113 3120
l 3060 3069
l 3216 3046
l 2206 3026
l 2097 2152
l 3217 3218
l 2672 2789
l 2802 2672
l 3205 2802
l 2679 3205
l 3219 3189
l 3220 2683
l 3190 2790
l 2834 3190
l 3220 2834
l 3191 3220
l 2787 2668
l 2803 2787
l 2833 2803
l 2668 2833
l 2026 2044
l 3221 2026
l 2024 3221
l 2799 2024
l 2799 3204
l 3204 3221
l 3186 2487
l 2794 3186
l 3219 2794
l 3222 3219
l 2832 2804
l 2804 2813
l 2810 2813
l 2832 2810
l 2797 3223
l 3218 2835
l 3224 3218
l 3224 2836
l 2836 3182
l 3182 3225
l 3225 3224
l 3224 3226
l 3217 3226
l 3227 3217
l 3185 2777
l 2864 3185
l 3225 2864
l 2861 3225
l 3226 2861
l 3180 3226
l 3227 3180
l 3181 3227
l 2558 2293
l 2293 2289
l 2289 2413
l 2558 2413
l 2945 3228
l 3121 2734
l 3229 3153
l 3230 3231
l 3230 3232
l 3233 3230
l 3231 3159
l 3161 3231
l 3232 3161
l 3234 3232
l 3233 3234
l 3235 3233
l 3236 3168
l 3237 3214
l 3214 3238
l 3238 3163
l 3163 3237
l 3239 3237
l 3215 3239
l 3177 3215
l 3150 3177
l 3150 3137
l 3156 3229
l 3229 3154
l 3154 3155
l 3155 3240
l 3240 3149
l 3149 3215
l 3215 3241
l 3240 3241
l 3157 3240
l 3158 3241
l 3241 3160
l 3160 3239
l 3239 3162
l 3234 3162
l 3164 3234
l 3235 3164
l 3166 3235
l 3165 3238
l 3238 3242
l 3170 3242
l 3165 3170
l 3214 3176
l 3174 3214
l 3242 3174
l 3173 3242
l 3173 3169
l 3169 3172
l 3236 3172
l 3171 3236
l 3243 3151
l 3152 3243
l 3147 2727
l 2755 3127
l 2745 2662
l 2664 2745
l 2756 2740
l 2740 2985
l 2757 2985
l 2707 2991
l 3119 3123
l 2598 2629
l 2635 2637
l 2444 2441
l 2463 2444
l 2468 2463
l 2441 2468
l 2460 2586
l 2460 2587
l 2587 2601
l 2601 2642
l 2602 2642
l 2950 2602
l 2641 2950
l 3211 2641
l 2638 3211
l 2350 3244
l 3244 3090
l 3090 3245
l 3245 3107
l 3107 2341
l 2346 2341
l 3245 2346
l 2347 3245
l 3244 2347
l 3078 2349
l 3228 3089
l 2944 3228
l 3088 2944
l 2931 3088
l 2943 2931
l 2606 2943
l 2937 2606
l 2951 2937
l 2951 2439
l 2337 2334
l 2337 2344
l 3084 2344
l 2334 3084
l 2345 3085
l 3082 3085
l 2355 3246
l 2355 3208
l 3208 2354
l 2926 3247
l 3068 2358
l 3248 3249
l 3250 3248
l 3251 3250
l 3251 3252
l 2618 3252
l 3250 2618
l 3250 3087
l 3087 3247
l 3247 3248
l 3073 2576
l 2324 3073
l 2360 2324
l 2360 3246
l 3246 2325
l 2328 2325
l 3249 3253
l 3251 3249
l 3254 3251
l 3254 2627
l 3252 2627
l 2433 3252
l 2620 2433
l 3082 2620
l 2581 3082
l 2924 2923
l 2421 2428
l 3255 2907
l 2564 2519
l 2313 2564
l 2371 2313
l 2371 2909
l 3255 2909
l 2511 3255
l 2623 3256
l 3256 3209
l 3209 3257
l 2427 3257
l 3256 2427
l 2561 2556
l 2898 2556
l 2549 2898
l 2561 2549
l 2550 2562
l 3039 3258
l 3258 3216
l 3216 3047
l 3048 3047
l 3258 3048
l 2305 3259
l 2305 2275
l 3053 2275
l 2306 3053
l 2294 2279
l 2297 2294
l 2297 2278
l 2278 2299
l 2260 2299
l 2250 2260
l 2276 2250
l 2276 3260
l 2249 3260
l 3259 2198
l 3259 2274
l 3260 2274
l 3260 2261
l 2300 2261
l 2274 2300
l 2296 3261
l 2194 3034
l 3029 3027
l 3027 3034
l 3034 3262
l 2193 3262
l 2193 2190
l 2190 3031
l 3262 3031
l 3029 3262
l 3018 2387
l 3022 3018
l 2386 3022
l 2386 2205
l 2207 2205
l 2387 2207
l 3213 3020
l 3016 3213
l 3263 3016
l 3212 3263
l 3264 3212
l 2242 2236
l 2140 2099
l 2210 2140
l 2390 2210
l 3263 2390
l 3015 3263
l 3264 3015
l 3265 3264
l 3012 3265
l 3265 3014
l 3011 3014
l 3011 3007
l 3013 3007
l 2179 3266
l 3267 3004
l 3009 3267
l 2174 3009
l 2174 3266
l 3266 3267
l 2892 2996
l 2404 2224
l 2126 2224
l 2126 2170
l 2225 2170
l 2405 2225
l 2624 2622
l 2626 2622
l 2626 3254
l 3254 3253
l 3253 2625
l 3210 2916
l 2543 3210
l 3257 2543
l 2541 3257
l 3268 2263
l 2246 3268
l 2298 2246
l 2298 3261
l 3261 3268
l 2264 2241
l 2234 3269
l 3269 3206
l 3206 3270
l 2233 3270
l 3269 2233
l 3207 2178
l 2180 3207
l 3270 2180
l 2182 3270
l 2231 2182
l 3032 2231
l 2229 3032
l 2052 2855
l 2855 3271
l 2051 3271
l 2841 2504
l 2869 2841
l 3272 2869
l 2504 3272
l 2829 2479
l 3272 2829
l 2854 3272
l 2830 2854
l 3271 2830
l 2831 3271
l 2050 2831
l 2675 2678
l 2682 2675
l 2796 2488
l 3223 2796
l 3223 3222
l 3222 2795
l 2795 2487
l 2487 2484
l 2501 2484
l 2488 2501
l 2821 2493
l 2046 2039
l 3072 3273
l 3071 3072
l 2532 3071
l 3273 2532
l 2540 3273
l 2577 2540
l 3273 2577


