0.271375,0.030200,0.000000,510.375000
0.059200,0.087874,0.000000,510.375000
0.859900,0.039305,0.000000,510.375000
0.989080,0.076861,0.000000,510.375000
0.905776,0.036829,0.000000,510.375000
0.048026,0.082818,0.000000,510.375000
0.100947,0.036226,0.000000,510.375000
0.729846,0.010009,0.000000,510.375000
0.416976,0.071984,0.000000,510.375000
0.332330,0.040407,0.000000,510.375000
0.767959,0.009168,0.000000,510.375000
0.447748,0.006342,0.000000,510.375000
0.983275,0.000684,0.000000,510.375000
0.741960,0.009959,0.000000,510.375000
0.385111,0.074578,0.000000,510.375000
0.292688,0.032975,0.000000,510.375000
0.321224,0.058182,0.000000,510.375000
0.188426,0.030090,0.000000,510.375000
0.570017,0.004954,0.000000,510.375000
0.038068,0.056758,0.000000,510.375000
0.109144,0.018731,0.000000,510.375000
0.633758,0.076508,0.000000,510.375000
0.961630,0.092037,0.000000,510.375000
0.401642,0.005688,0.000000,510.375000
0.141499,0.097046,0.000000,510.375000
0.770258,0.027848,0.000000,510.375000
0.875790,0.066601,0.000000,510.375000
0.747016,0.026585,0.000000,510.375000
0.862231,0.010668,0.000000,510.375000
0.964513,0.005354,0.000000,510.375000
0.333398,0.063965,0.000000,510.375000
0.310488,0.043763,0.000000,510.375000
0.815522,0.017736,0.000000,510.375000
0.656956,0.027752,0.000000,510.375000
0.340681,0.097271,0.000000,510.375000
0.964324,0.030337,0.000000,510.375000
0.472566,0.011935,0.000000,510.375000
0.508500,0.063687,0.000000,510.375000
0.159203,0.000117,0.000000,510.375000
0.214128,0.055072,0.000000,510.375000
0.958241,0.078131,0.000000,510.375000
0.151601,0.052039,0.000000,510.375000
0.789166,0.009316,0.000000,510.375000
0.219885,0.069329,0.000000,510.375000
0.019769,0.097735,0.000000,510.375000
0.995302,0.079723,0.000000,510.375000
0.413279,0.010411,0.000000,510.375000
0.384117,0.057635,0.000000,510.375000
0.869001,0.001304,0.000000,510.375000
0.403672,0.007134,0.000000,510.375000
0.271834,0.017543,0.000000,510.375000
0.033435,0.082745,0.000000,510.375000
0.481156,0.000310,0.000000,510.375000
0.126506,0.097190,0.000000,510.375000
0.980459,0.011351,0.000000,510.375000
0.280798,0.067751,0.000000,510.375000
0.256225,0.044558,0.000000,510.375000
0.928210,0.068152,0.000000,510.375000
0.604583,0.035564,0.000000,510.375000
0.768662,0.000967,0.000000,510.375000
0.817358,0.092653,0.000000,510.375000
0.531703,0.034184,0.000000,510.375000
0.135633,0.089305,0.000000,510.375000
0.002821,0.060305,0.000000,510.375000
0.024030,0.023467,0.000000,510.375000
0.273257,0.017848,0.000000,510.375000
0.112631,0.017472,0.000000,510.375000
0.449538,0.028554,0.000000,510.375000
0.366636,0.011107,0.000000,510.375000
0.965324,0.067843,0.000000,510.375000
0.143390,0.026935,0.000000,510.375000
0.977778,0.051939,0.000000,510.375000
0.205274,0.024314,0.000000,510.375000
0.423246,0.004968,0.000000,510.375000
0.113814,0.036211,0.000000,510.375000
0.745664,0.088575,0.000000,510.375000
0.946337,0.073928,0.000000,510.375000
0.002224,0.084092,0.000000,510.375000
0.802716,0.019046,0.000000,510.375000
0.735096,0.030436,0.000000,510.375000
0.510785,0.068165,0.000000,510.375000
0.999867,0.078999,0.000000,510.375000
0.289981,0.090310,0.000000,510.375000
0.472346,0.082671,0.000000,510.375000
0.620544,0.058516,0.000000,510.375000
0.331081,0.091692,0.000000,510.375000
0.871712,0.069368,0.000000,510.375000
0.145120,0.083666,0.000000,510.375000
0.247399,0.002711,0.000000,510.375000
0.474160,0.039606,0.000000,510.375000
0.613262,0.080488,0.000000,510.375000
0.160773,0.083762,0.000000,510.375000
0.316442,0.013558,0.000000,510.375000
0.878453,0.035828,0.000000,510.375000
0.054096,0.040673,0.000000,510.375000
0.305118,0.089327,0.000000,510.375000
0.246339,0.007085,0.000000,510.375000
0.380196,0.031501,0.000000,510.375000
0.779976,0.007216,0.000000,510.375000
0.174807,0.016601,0.000000,510.375000
0.275883,0.077350,0.000000,510.375000
0.932206,0.070866,0.000000,510.375000
0.383316,0.009167,0.000000,510.375000
0.231224,0.004879,0.000000,510.375000
0.839406,0.006252,0.000000,510.375000
0.688307,0.036688,0.000000,510.375000
0.643761,0.034939,0.000000,510.375000
0.968164,0.045213,0.000000,510.375000
0.364259,0.046516,0.000000,510.375000
0.135271,0.040902,0.000000,510.375000
0.537904,0.015385,0.000000,510.375000
0.398152,0.099594,0.000000,510.375000
0.020717,0.038395,0.000000,510.375000
0.811340,0.012464,0.000000,510.375000
0.922108,0.084202,0.000000,510.375000
0.683278,0.069294,0.000000,510.375000
0.841817,0.079301,0.000000,510.375000
0.666894,0.071513,0.000000,510.375000
0.534203,0.035450,0.000000,510.375000
0.748542,0.044405,0.000000,510.375000
0.130060,0.091064,0.000000,510.375000
0.090324,0.051079,0.000000,510.375000
0.331899,0.018031,0.000000,510.375000
0.514880,0.032104,0.000000,510.375000
0.185812,0.093660,0.000000,510.375000
0.131682,0.065544,0.000000,510.375000
0.021523,0.060108,0.000000,510.375000
0.110940,0.081495,0.000000,510.375000
0.953246,0.076345,0.000000,510.375000
0.615818,0.045369,0.000000,510.375000
0.044449,0.090022,0.000000,510.375000
0.825066,0.053971,0.000000,510.375000
0.230160,0.063473,0.000000,510.375000
0.402143,0.022489,0.000000,510.375000
0.645441,0.071094,0.000000,510.375000
0.183781,0.002289,0.000000,510.375000
0.722372,0.036809,0.000000,510.375000
0.138385,0.083240,0.000000,510.375000
0.530034,0.035947,0.000000,510.375000
0.367454,0.085656,0.000000,510.375000
0.542141,0.034567,0.000000,510.375000
0.445200,0.000171,0.000000,510.375000
0.239430,0.084090,0.000000,510.375000
0.574681,0.007002,0.000000,510.375000
0.508105,0.016186,0.000000,510.375000
0.507855,0.003281,0.000000,510.375000
0.110730,0.035549,0.000000,510.375000
0.468642,0.098338,0.000000,510.375000
0.429031,0.022654,0.000000,510.375000
0.407446,0.014907,0.000000,510.375000
0.996669,0.069194,0.000000,510.375000
0.956852,0.038910,0.000000,510.375000
0.707468,0.015989,0.000000,510.375000
0.442731,0.018001,0.000000,510.375000
0.317153,0.088056,0.000000,510.375000
0.215104,0.054449,0.000000,510.375000
0.114630,0.041131,0.000000,510.375000
0.069408,0.031435,0.000000,510.375000
0.045841,0.033479,0.000000,510.375000
0.584731,0.003474,0.000000,510.375000
0.885273,0.089024,0.000000,510.375000
0.361856,0.029205,0.000000,510.375000
0.688890,0.007105,0.000000,510.375000
0.521226,0.027009,0.000000,510.375000
0.745819,0.026409,0.000000,510.375000
0.543137,0.079073,0.000000,510.375000
0.080629,0.081268,0.000000,510.375000
0.425175,0.034508,0.000000,510.375000
0.562011,0.031998,0.000000,510.375000
0.981453,0.071327,0.000000,510.375000
0.678546,0.030459,0.000000,510.375000
0.868071,0.050874,0.000000,510.375000
0.709103,0.080273,0.000000,510.375000
0.834559,0.087598,0.000000,510.375000
0.129574,0.017078,0.000000,510.375000
0.144643,0.000218,0.000000,510.375000
0.367270,0.091374,0.000000,510.375000
0.266623,0.079430,0.000000,510.375000
0.424196,0.011694,0.000000,510.375000
0.893854,0.075027,0.000000,510.375000
0.383024,0.095657,0.000000,510.375000
0.314841,0.085363,0.000000,510.375000
0.127986,0.033413,0.000000,510.375000
0.968373,0.074251,0.000000,510.375000
0.207408,0.058918,0.000000,510.375000
0.927770,0.064631,0.000000,510.375000
0.390350,0.071950,0.000000,510.375000
0.439110,0.008605,0.000000,510.375000
0.766928,0.022767,0.000000,510.375000
0.893629,0.038166,0.000000,510.375000
0.668486,0.008378,0.000000,510.375000
0.705645,0.056187,0.000000,510.375000
0.208741,0.076179,0.000000,510.375000
0.693858,0.071055,0.000000,510.375000
0.929591,0.065845,0.000000,510.375000
0.598822,0.079398,0.000000,510.375000
0.429881,0.064021,0.000000,510.375000
0.589548,0.084704,0.000000,510.375000
0.722042,0.029109,0.000000,510.375000
0.659071,0.010059,0.000000,510.375000
0.337627,0.088002,0.000000,510.375000
0.739687,0.091908,0.000000,510.375000
0.015323,0.072627,0.000000,510.375000
0.029661,0.002091,0.000000,510.375000
0.742258,0.027251,0.000000,510.375000
0.999406,0.072147,0.000000,510.375000
0.453129,0.068765,0.000000,510.375000
0.238581,0.009355,0.000000,510.375000
0.982130,0.052895,0.000000,510.375000
0.812666,0.087069,0.000000,510.375000
0.949641,0.054265,0.000000,510.375000
0.695619,0.014749,0.000000,510.375000
0.768980,0.006307,0.000000,510.375000
0.938003,0.069559,0.000000,510.375000
0.215312,0.095106,0.000000,510.375000
0.849102,0.055783,0.000000,510.375000
0.276393,0.087821,0.000000,510.375000
0.221870,0.025394,0.000000,510.375000
0.251931,0.043317,0.000000,510.375000
0.678360,0.006557,0.000000,510.375000
0.374016,0.018030,0.000000,510.375000
0.626671,0.040662,0.000000,510.375000
0.835231,0.085609,0.000000,510.375000
0.899190,0.081273,0.000000,510.375000
0.916046,0.059573,0.000000,510.375000
0.109865,0.055206,0.000000,510.375000
0.278323,0.027197,0.000000,510.375000
0.699916,0.046889,0.000000,510.375000
0.848670,0.058509,0.000000,510.375000
0.578646,0.035790,0.000000,510.375000
0.612822,0.024223,0.000000,510.375000
0.178524,0.079657,0.000000,510.375000
0.778312,0.082416,0.000000,510.375000
0.074934,0.014991,0.000000,510.375000
0.765199,0.053095,0.000000,510.375000
0.400910,0.085192,0.000000,510.375000
0.786933,0.058216,0.000000,510.375000
0.567536,0.057727,0.000000,510.375000
0.111004,0.044694,0.000000,510.375000
0.573601,0.032959,0.000000,510.375000
0.241558,0.019166,0.000000,510.375000
0.120456,0.013279,0.000000,510.375000
0.165595,0.018367,0.000000,510.375000
0.560435,0.086071,0.000000,510.375000
0.936566,0.086389,0.000000,510.375000
0.375599,0.058686,0.000000,510.375000
0.334132,0.011962,0.000000,510.375000
0.790382,0.026100,0.000000,510.375000
0.442785,0.050956,0.000000,510.375000
0.688318,0.018522,0.000000,510.375000
0.207957,0.079381,0.000000,510.375000
0.631020,0.080312,0.000000,510.375000
0.639296,0.070086,0.000000,510.375000
0.078806,0.055340,0.000000,510.375000
0.563518,0.034404,0.000000,510.375000
0.917830,0.037640,0.000000,510.375000
0.215307,0.057173,0.000000,510.375000
0.508226,0.063310,0.000000,510.375000
0.017274,0.098425,0.000000,510.375000
0.297368,0.074020,0.000000,510.375000
0.955975,0.040989,0.000000,510.375000
0.621499,0.069465,0.000000,510.375000
0.011302,0.052225,0.000000,510.375000
0.797088,0.000178,0.000000,510.375000
0.550202,0.086359,0.000000,510.375000
0.318397,0.059827,0.000000,510.375000
0.874447,0.087050,0.000000,510.375000
0.781809,0.049858,0.000000,510.375000
0.162718,0.016272,0.000000,510.375000
0.003786,0.071533,0.000000,510.375000
0.507659,0.068705,0.000000,510.375000
0.355201,0.063858,0.000000,510.375000
0.806367,0.076768,0.000000,510.375000
0.198696,0.070323,0.000000,510.375000
0.233583,0.047211,0.000000,510.375000
0.147533,0.026862,0.000000,510.375000
0.610287,0.070916,0.000000,510.375000
0.034214,0.030985,0.000000,510.375000
0.037858,0.041398,0.000000,510.375000
0.475774,0.042325,0.000000,510.375000
0.453706,0.092883,0.000000,510.375000
0.141329,0.073542,0.000000,510.375000
0.424424,0.010662,0.000000,510.375000
0.127880,0.034888,0.000000,510.375000
0.920238,0.060779,0.000000,510.375000
0.060937,0.021495,0.000000,510.375000
0.734042,0.043919,0.000000,510.375000
0.475672,0.028693,0.000000,510.375000
0.715674,0.013541,0.000000,510.375000
0.207821,0.063280,0.000000,510.375000
0.932123,0.099087,0.000000,510.375000
0.748592,0.012811,0.000000,510.375000
0.739908,0.016633,0.000000,510.375000
0.384713,0.012257,0.000000,510.375000
0.512041,0.039968,0.000000,510.375000
0.776694,0.072312,0.000000,510.375000
0.882485,0.062107,0.000000,510.375000
0.017124,0.067776,0.000000,510.375000
0.204231,0.038220,0.000000,510.375000
0.018287,0.080573,0.000000,510.375000
0.324265,0.045519,0.000000,510.375000
0.508994,0.030059,0.000000,510.375000
0.374679,0.074627,0.000000,510.375000
0.548861,0.007201,0.000000,510.375000
0.007007,0.032767,0.000000,510.375000
0.288504,0.073400,0.000000,510.375000
0.424456,0.090565,0.000000,510.375000
0.841227,0.016003,0.000000,510.375000
0.237996,0.052010,0.000000,510.375000
0.592102,0.069753,0.000000,510.375000
0.318798,0.049538,0.000000,510.375000
0.619696,0.043704,0.000000,510.375000
0.630903,0.036731,0.000000,510.375000
0.722755,0.054384,0.000000,510.375000
0.973968,0.020136,0.000000,510.375000
0.331320,0.012306,0.000000,510.375000
0.092010,0.093404,0.000000,510.375000
0.975970,0.074364,0.000000,510.375000
0.289042,0.009397,0.000000,510.375000
0.862753,0.040122,0.000000,510.375000
0.049353,0.042388,0.000000,510.375000
0.407751,0.095121,0.000000,510.375000
0.761666,0.082240,0.000000,510.375000
0.940038,0.063222,0.000000,510.375000
0.139880,0.086625,0.000000,510.375000
0.556437,0.079223,0.000000,510.375000
0.633363,0.068952,0.000000,510.375000
0.097444,0.059277,0.000000,510.375000
0.384996,0.067480,0.000000,510.375000
0.368298,0.056132,0.000000,510.375000
0.964290,0.021770,0.000000,510.375000
0.242702,0.026434,0.000000,510.375000
0.933045,0.038033,0.000000,510.375000
0.847711,0.068382,0.000000,510.375000
0.344586,0.082991,0.000000,510.375000
0.883593,0.015063,0.000000,510.375000
0.428383,0.065284,0.000000,510.375000
0.373048,0.022060,0.000000,510.375000
0.621116,0.075757,0.000000,510.375000
0.499383,0.089995,0.000000,510.375000
0.912124,0.006787,0.000000,510.375000
0.362685,0.009479,0.000000,510.375000
0.452995,0.055377,0.000000,510.375000
0.867927,0.028368,0.000000,510.375000
0.971583,0.062533,0.000000,510.375000
0.534422,0.068397,0.000000,510.375000
0.032851,0.032038,0.000000,510.375000
0.745810,0.083857,0.000000,510.375000
0.919136,0.059757,0.000000,510.375000
0.412129,0.018586,0.000000,510.375000
0.905437,0.071629,0.000000,510.375000
0.639921,0.083569,0.000000,510.375000
0.217361,0.019659,0.000000,510.375000
0.251035,0.033961,0.000000,510.375000
0.974193,0.055328,0.000000,510.375000
0.127610,0.094103,0.000000,510.375000
0.105804,0.028796,0.000000,510.375000
0.789502,0.076969,0.000000,510.375000
0.750577,0.058177,0.000000,510.375000
0.688502,0.058930,0.000000,510.375000
0.184615,0.008395,0.000000,510.375000
0.232243,0.018974,0.000000,510.375000
0.103808,0.020746,0.000000,510.375000
0.945383,0.052098,0.000000,510.375000
0.633943,0.086051,0.000000,510.375000
0.005705,0.081894,0.000000,510.375000
0.963170,0.053296,0.000000,510.375000
0.471638,0.057334,0.000000,510.375000
0.808150,0.002064,0.000000,510.375000
0.608232,0.068903,0.000000,510.375000
0.685039,0.000876,0.000000,510.375000
0.317923,0.022699,0.000000,510.375000
0.969802,0.086583,0.000000,510.375000
0.373172,0.007944,0.000000,510.375000
0.189714,0.095007,0.000000,510.375000
0.433159,0.012312,0.000000,510.375000
0.966888,0.085597,0.000000,510.375000
0.249713,0.085424,0.000000,510.375000
0.698483,0.032153,0.000000,510.375000
0.095650,0.018105,0.000000,510.375000
0.829231,0.066919,0.000000,510.375000
0.282321,0.027910,0.000000,510.375000
0.579461,0.008815,0.000000,510.375000
0.781828,0.067669,0.000000,510.375000
0.341723,0.024937,0.000000,510.375000
0.040253,0.060196,0.000000,510.375000
0.527811,0.041979,0.000000,510.375000
0.876853,0.069741,0.000000,510.375000
0.345899,0.080576,0.000000,510.375000
0.958640,0.003359,0.000000,510.375000
0.129144,0.077194,0.000000,510.375000
0.059534,0.005131,0.000000,510.375000
0.267745,0.055892,0.000000,510.375000
0.646663,0.099627,0.000000,510.375000
0.337789,0.052540,0.000000,510.375000
0.813391,0.070567,0.000000,510.375000
0.703714,0.008635,0.000000,510.375000
0.779799,0.041498,0.000000,510.375000
0.391545,0.042724,0.000000,510.375000
0.487744,0.046810,0.000000,510.375000
0.446969,0.070221,0.000000,510.375000
0.560714,0.027363,0.000000,510.375000
0.159192,0.017558,0.000000,510.375000
0.959029,0.019732,0.000000,510.375000
0.611906,0.067936,0.000000,510.375000
0.654221,0.068341,0.000000,510.375000
0.305700,0.007774,0.000000,510.375000
0.802570,0.055696,0.000000,510.375000
0.253133,0.091507,0.000000,510.375000
0.705408,0.013981,0.000000,510.375000
0.644217,0.009123,0.000000,510.375000
0.083370,0.015518,0.000000,510.375000
0.875242,0.027146,0.000000,510.375000
0.247893,0.006600,0.000000,510.375000
0.462436,0.057929,0.000000,510.375000
0.236779,0.042538,0.000000,510.375000
0.619506,0.073335,0.000000,510.375000
0.765957,0.045997,0.000000,510.375000
0.142577,0.082411,0.000000,510.375000
0.605874,0.006253,0.000000,510.375000
0.656240,0.017237,0.000000,510.375000
0.647902,0.006571,0.000000,510.375000
0.134721,0.093371,0.000000,510.375000
0.047679,0.088451,0.000000,510.375000
0.547658,0.089257,0.000000,510.375000
0.625153,0.096683,0.000000,510.375000
0.469677,0.033468,0.000000,510.375000
0.452540,0.065930,0.000000,510.375000
0.983584,0.087532,0.000000,510.375000
0.910498,0.023209,0.000000,510.375000
0.943130,0.052749,0.000000,510.375000
0.405086,0.033519,0.000000,510.375000
0.438759,0.031373,0.000000,510.375000
0.546775,0.060027,0.000000,510.375000
0.273904,0.074887,0.000000,510.375000
0.459607,0.006953,0.000000,510.375000
0.270445,0.069095,0.000000,510.375000
0.000138,0.078527,0.000000,510.375000
0.521533,0.027553,0.000000,510.375000
0.589836,0.024291,0.000000,510.375000
0.107775,0.019861,0.000000,510.375000
0.846622,0.084084,0.000000,510.375000
0.833860,0.040141,0.000000,510.375000
0.989240,0.045027,0.000000,510.375000
0.734896,0.064437,0.000000,510.375000
0.510719,0.091006,0.000000,510.375000
0.432009,0.064519,0.000000,510.375000
0.225143,0.061267,0.000000,510.375000
0.993675,0.097017,0.000000,510.375000
0.250527,0.075460,0.000000,510.375000
0.593566,0.025952,0.000000,510.375000
0.155075,0.018526,0.000000,510.375000
0.266707,0.074455,0.000000,510.375000
0.035005,0.042658,0.000000,510.375000
0.144050,0.037967,0.000000,510.375000
0.727787,0.070899,0.000000,510.375000
0.739590,0.001783,0.000000,510.375000
0.307666,0.061013,0.000000,510.375000
0.101350,0.015623,0.000000,510.375000
0.609499,0.059993,0.000000,510.375000
0.146739,0.054081,0.000000,510.375000
0.393591,0.050946,0.000000,510.375000
0.310843,0.070279,0.000000,510.375000
0.724239,0.049171,0.000000,510.375000
0.386999,0.057863,0.000000,510.375000
0.300271,0.059089,0.000000,510.375000
0.917607,0.059522,0.000000,510.375000
0.803275,0.018511,0.000000,510.375000
0.417368,0.067786,0.000000,510.375000
0.991037,0.085368,0.000000,510.375000
0.296420,0.026264,0.000000,510.375000
0.714481,0.039263,0.000000,510.375000
0.891224,0.059468,0.000000,510.375000
0.797595,0.028436,0.000000,510.375000
0.894462,0.097725,0.000000,510.375000
0.357101,0.091824,0.000000,510.375000
0.515334,0.036300,0.000000,510.375000
0.350290,0.075974,0.000000,510.375000
0.074532,0.062577,0.000000,510.375000
0.005863,0.032739,0.000000,510.375000
0.989827,0.079007,0.000000,510.375000
0.348364,0.068158,0.000000,510.375000
0.025997,0.075520,0.000000,510.375000
0.997401,0.028272,0.000000,510.375000
0.119775,0.020208,0.000000,510.375000
0.143085,0.093576,0.000000,510.375000
0.155484,0.083490,0.000000,510.375000
0.398457,0.037675,0.000000,510.375000
0.263464,0.011032,0.000000,510.375000
0.993319,0.062456,0.000000,510.375000
0.239436,0.063430,0.000000,510.375000
0.597892,0.052473,0.000000,510.375000
0.674470,0.033665,0.000000,510.375000
0.455455,0.011611,0.000000,510.375000
0.249248,0.081570,0.000000,510.375000
0.707454,0.015147,0.000000,510.375000
0.361257,0.069117,0.000000,510.375000
0.972531,0.048931,0.000000,510.375000
0.957450,0.094236,0.000000,510.375000
0.505999,0.037663,0.000000,510.375000
0.865381,0.047033,0.000000,510.375000
0.826162,0.056898,0.000000,510.375000
0.393467,0.031631,0.000000,510.375000
0.410071,0.060920,0.000000,510.375000
0.443303,0.066064,0.000000,510.375000
0.802691,0.017680,0.000000,510.375000
0.299068,0.013930,0.000000,510.375000
0.389351,0.084198,0.000000,510.375000
0.082154,0.077083,0.000000,510.375000
0.555886,0.068017,0.000000,510.375000
0.467847,0.030647,0.000000,510.375000
0.463796,0.096979,0.000000,510.375000
0.095043,0.089094,0.000000,510.375000
0.264092,0.048973,0.000000,510.375000
0.312787,0.021850,0.000000,510.375000
0.081134,0.001876,0.000000,510.375000
0.573241,0.050938,0.000000,510.375000
0.363501,0.095932,0.000000,510.375000
0.969633,0.075442,0.000000,510.375000
0.332750,0.001661,0.000000,510.375000
0.445982,0.090932,0.000000,510.375000
0.281174,0.044962,0.000000,510.375000
0.126882,0.089465,0.000000,510.375000
0.965010,0.036249,0.000000,510.375000
0.023509,0.010044,0.000000,510.375000
0.244251,0.023034,0.000000,510.375000
0.429958,0.041373,0.000000,510.375000
0.058684,0.058088,0.000000,510.375000
0.686204,0.077678,0.000000,510.375000
0.728329,0.071102,0.000000,510.375000
0.278348,0.083700,0.000000,510.375000
0.578679,0.019318,0.000000,510.375000
0.217400,0.004384,0.000000,510.375000
0.844048,0.097063,0.000000,510.375000
0.496378,0.097714,0.000000,510.375000
0.534174,0.023200,0.000000,510.375000
0.162023,0.076282,0.000000,510.375000
0.249825,0.062952,0.000000,510.375000
0.452511,0.022528,0.000000,510.375000
0.859090,0.011752,0.000000,510.375000
0.221712,0.008830,0.000000,510.375000
0.144058,0.062936,0.000000,510.375000
0.175016,0.099192,0.000000,510.375000
0.991073,0.053711,0.000000,510.375000
0.371447,0.026404,0.000000,510.375000
0.639730,0.042798,0.000000,510.375000
0.527905,0.088470,0.000000,510.375000
0.922320,0.018995,0.000000,510.375000
0.829030,0.073295,0.000000,510.375000
0.643226,0.079477,0.000000,510.375000
0.615202,0.090935,0.000000,510.375000
0.852328,0.060416,0.000000,510.375000
0.325611,0.019472,0.000000,510.375000
0.672840,0.026324,0.000000,510.375000
0.157221,0.098598,0.000000,510.375000
0.927278,0.014141,0.000000,510.375000
0.217609,0.098562,0.000000,510.375000
0.146578,0.054397,0.000000,510.375000
0.432380,0.073196,0.000000,510.375000
0.888491,0.032197,0.000000,510.375000
0.496004,0.025653,0.000000,510.375000
0.577084,0.026094,0.000000,510.375000
0.124490,0.021584,0.000000,510.375000
0.131481,0.068568,0.000000,510.375000
0.771403,0.088644,0.000000,510.375000
0.524224,0.027314,0.000000,510.375000
0.455090,0.084159,0.000000,510.375000
0.475187,0.012446,0.000000,510.375000
0.665105,0.071074,0.000000,510.375000
0.816900,0.079964,0.000000,510.375000
0.278653,0.016001,0.000000,510.375000
0.893340,0.052514,0.000000,510.375000
0.359228,0.079411,0.000000,510.375000
0.638558,0.081222,0.000000,510.375000
0.926772,0.094561,0.000000,510.375000
0.939404,0.039986,0.000000,510.375000
0.336498,0.064859,0.000000,510.375000
0.121247,0.043003,0.000000,510.375000
0.747496,0.052796,0.000000,510.375000
0.605330,0.050092,0.000000,510.375000
0.247800,0.043315,0.000000,510.375000
0.140276,0.009951,0.000000,510.375000
0.703610,0.021174,0.000000,510.375000
0.006865,0.055836,0.000000,510.375000
0.506977,0.088610,0.000000,510.375000
0.502804,0.030267,0.000000,510.375000
0.916130,0.000928,0.000000,510.375000
0.477003,0.070279,0.000000,510.375000
0.944335,0.099943,0.000000,510.375000
0.425962,0.007097,0.000000,510.375000
0.250886,0.020119,0.000000,510.375000
0.333525,0.075420,0.000000,510.375000
0.519666,0.056636,0.000000,510.375000
0.139190,0.030025,0.000000,510.375000
0.719481,0.013352,0.000000,510.375000
0.179530,0.069406,0.000000,510.375000
0.959410,0.078992,0.000000,510.375000
0.161629,0.017792,0.000000,510.375000
0.551805,0.083865,0.000000,510.375000
0.756152,0.006023,0.000000,510.375000
0.612172,0.040645,0.000000,510.375000
0.664546,0.026826,0.000000,510.375000
0.675373,0.034313,0.000000,510.375000
0.652784,0.051611,0.000000,510.375000
0.413872,0.039196,0.000000,510.375000
0.829071,0.012609,0.000000,510.375000
0.959727,0.088132,0.000000,510.375000
0.645135,0.014409,0.000000,510.375000
0.260698,0.040157,0.000000,510.375000
0.295511,0.018817,0.000000,510.375000
0.076952,0.072270,0.000000,510.375000
0.729576,0.040584,0.000000,510.375000
0.463095,0.041885,0.000000,510.375000
0.521492,0.091855,0.000000,510.375000
0.774331,0.074170,0.000000,510.375000
0.813468,0.022351,0.000000,510.375000
0.755664,0.065359,0.000000,510.375000
0.009785,0.066478,0.000000,510.375000
0.069874,0.075506,0.000000,510.375000
0.686665,0.030241,0.000000,510.375000
0.520935,0.038448,0.000000,510.375000
0.950259,0.088513,0.000000,510.375000
0.411907,0.032477,0.000000,510.375000
0.974957,0.092807,0.000000,510.375000
0.618834,0.076057,0.000000,510.375000
0.006473,0.056469,0.000000,510.375000
0.406699,0.019895,0.000000,510.375000
0.749175,0.086145,0.000000,510.375000
0.355066,0.080332,0.000000,510.375000
0.586356,0.086843,0.000000,510.375000
0.083700,0.077675,0.000000,510.375000
0.558729,0.030704,0.000000,510.375000
0.625723,0.035529,0.000000,510.375000
0.979807,0.055380,0.000000,510.375000
0.557872,0.099997,0.000000,510.375000
0.731359,0.029669,0.000000,510.375000
0.774713,0.024129,0.000000,510.375000
0.204734,0.031403,0.000000,510.375000
0.958936,0.041030,0.000000,510.375000
0.480055,0.056068,0.000000,510.375000
0.646574,0.019684,0.000000,510.375000
0.813026,0.042486,0.000000,510.375000
0.271615,0.061980,0.000000,510.375000
0.207779,0.033833,0.000000,510.375000
0.855859,0.054778,0.000000,510.375000
0.764738,0.029565,0.000000,510.375000
0.869629,0.062695,0.000000,510.375000
0.519278,0.005555,0.000000,510.375000
0.346934,0.016523,0.000000,510.375000
0.663630,0.053081,0.000000,510.375000
0.014078,0.064292,0.000000,510.375000
0.147271,0.019526,0.000000,510.375000
0.853704,0.099551,0.000000,510.375000
0.613669,0.080456,0.000000,510.375000
0.340455,0.096616,0.000000,510.375000
0.248642,0.000062,0.000000,510.375000
0.311228,0.004159,0.000000,510.375000
0.204647,0.096394,0.000000,510.375000
0.596685,0.037753,0.000000,510.375000
0.067598,0.072697,0.000000,510.375000
0.699412,0.098642,0.000000,510.375000
0.963938,0.022162,0.000000,510.375000
0.814857,0.034549,0.000000,510.375000
0.546333,0.087060,0.000000,510.375000
0.224532,0.054233,0.000000,510.375000
0.493445,0.029095,0.000000,510.375000
0.369154,0.035051,0.000000,510.375000
0.028352,0.091784,0.000000,510.375000
0.288303,0.078492,0.000000,510.375000
0.664744,0.077735,0.000000,510.375000
0.181107,0.014161,0.000000,510.375000
0.993145,0.075527,0.000000,510.375000
0.196770,0.044690,0.000000,510.375000
0.205710,0.033103,0.000000,510.375000
0.062710,0.023859,0.000000,510.375000
0.259665,0.077508,0.000000,510.375000
0.817907,0.052019,0.000000,510.375000
0.383992,0.019626,0.000000,510.375000
0.102359,0.046597,0.000000,510.375000
0.999037,0.070457,0.000000,510.375000
0.488802,0.089418,0.000000,510.375000
0.931433,0.091106,0.000000,510.375000
0.179452,0.034383,0.000000,510.375000
0.551109,0.056478,0.000000,510.375000
0.429361,0.002682,0.000000,510.375000
0.326764,0.047941,0.000000,510.375000
0.295497,0.087618,0.000000,510.375000
0.177542,0.026709,0.000000,510.375000
0.028410,0.020465,0.000000,510.375000
0.363668,0.078388,0.000000,510.375000
0.351366,0.053194,0.000000,510.375000
0.001609,0.040471,0.000000,510.375000
0.370385,0.005362,0.000000,510.375000
0.965694,0.010699,0.000000,510.375000
0.726321,0.018109,0.000000,510.375000
0.763896,0.009029,0.000000,510.375000
0.723374,0.013135,0.000000,510.375000
0.548894,0.087161,0.000000,510.375000
0.949677,0.048822,0.000000,510.375000
0.130737,0.085121,0.000000,510.375000
0.997765,0.024208,0.000000,510.375000
0.864719,0.078459,0.000000,510.375000
0.501798,0.058812,0.000000,510.375000
0.462230,0.098897,0.000000,510.375000
0.026139,0.057452,0.000000,510.375000
0.796331,0.085113,0.000000,510.375000
0.776719,0.012795,0.000000,510.375000
0.611555,0.010387,0.000000,510.375000
0.962634,0.073962,0.000000,510.375000
0.960693,0.056804,0.000000,510.375000
0.650402,0.050447,0.000000,510.375000
0.669463,0.091709,0.000000,510.375000
0.759510,0.031876,0.000000,510.375000
0.005528,0.041142,0.000000,510.375000
0.361932,0.061276,0.000000,510.375000
0.431267,0.056471,0.000000,510.375000
0.957860,0.060395,0.000000,510.375000
0.149271,0.062138,0.000000,510.375000
0.217767,0.016822,0.000000,510.375000
0.700843,0.011753,0.000000,510.375000
0.698109,0.084693,0.000000,510.375000
0.108564,0.049832,0.000000,510.375000
0.908430,0.014935,0.000000,510.375000
0.688514,0.079839,0.000000,510.375000
0.984845,0.074760,0.000000,510.375000
0.983142,0.044977,0.000000,510.375000
0.824536,0.011643,0.000000,510.375000
0.940790,0.020470,0.000000,510.375000
0.402674,0.097137,0.000000,510.375000
0.997003,0.069613,0.000000,510.375000
0.614841,0.032772,0.000000,510.375000
0.064250,0.072977,0.000000,510.375000
0.932356,0.058080,0.000000,510.375000
0.221092,0.036670,0.000000,510.375000
0.753198,0.059340,0.000000,510.375000
0.396946,0.060105,0.000000,510.375000
0.653983,0.078674,0.000000,510.375000
0.328937,0.081249,0.000000,510.375000
0.420463,0.059073,0.000000,510.375000
0.865872,0.069538,0.000000,510.375000
0.397204,0.048243,0.000000,510.375000
0.265355,0.029584,0.000000,510.375000
0.371533,0.016802,0.000000,510.375000
0.634506,0.068357,0.000000,510.375000
0.998476,0.031909,0.000000,510.375000
0.081398,0.076081,0.000000,510.375000
0.716668,0.050072,0.000000,510.375000
0.976147,0.091824,0.000000,510.375000
0.746769,0.077366,0.000000,510.375000
0.680537,0.004808,0.000000,510.375000
0.319791,0.058357,0.000000,510.375000
0.495323,0.042099,0.000000,510.375000
0.151917,0.034845,0.000000,510.375000
0.794318,0.053767,0.000000,510.375000
0.242791,0.061047,0.000000,510.375000
0.679692,0.049837,0.000000,510.375000
0.391094,0.089462,0.000000,510.375000
0.138387,0.008686,0.000000,510.375000
0.170141,0.089970,0.000000,510.375000
0.460040,0.000292,0.000000,510.375000
0.064055,0.022724,0.000000,510.375000
0.953199,0.016110,0.000000,510.375000
0.357403,0.044553,0.000000,510.375000
0.769507,0.053175,0.000000,510.375000
0.338773,0.058958,0.000000,510.375000
0.729581,0.007971,0.000000,510.375000
0.337768,0.060612,0.000000,510.375000
0.727939,0.016867,0.000000,510.375000
0.612095,0.070213,0.000000,510.375000
0.906307,0.092209,0.000000,510.375000
0.659475,0.022726,0.000000,510.375000
0.759335,0.054676,0.000000,510.375000
0.651769,0.049104,0.000000,510.375000
0.218353,0.044394,0.000000,510.375000
0.405277,0.048284,0.000000,510.375000
0.331652,0.041777,0.000000,510.375000
0.032876,0.000681,0.000000,510.375000
0.310553,0.038028,0.000000,510.375000
0.853992,0.088442,0.000000,510.375000
0.615960,0.017260,0.000000,510.375000
0.752352,0.060763,0.000000,510.375000
0.509299,0.027998,0.000000,510.375000
0.803488,0.061891,0.000000,510.375000
0.470396,0.021894,0.000000,510.375000
0.382311,0.072140,0.000000,510.375000
0.925530,0.019982,0.000000,510.375000
0.394383,0.094035,0.000000,510.375000
0.832277,0.084247,0.000000,510.375000
0.857435,0.064604,0.000000,510.375000
0.125102,0.001835,0.000000,510.375000
0.104034,0.055796,0.000000,510.375000
0.098177,0.003422,0.000000,510.375000
0.372687,0.013054,0.000000,510.375000
0.085164,0.088714,0.000000,510.375000
0.072240,0.067474,0.000000,510.375000
0.391294,0.072789,0.000000,510.375000
0.217918,0.068856,0.000000,510.375000
0.513383,0.073345,0.000000,510.375000
0.759287,0.042168,0.000000,510.375000
0.797054,0.061084,0.000000,510.375000
0.801721,0.098018,0.000000,510.375000
0.391185,0.077665,0.000000,510.375000
0.418940,0.099064,0.000000,510.375000
0.186848,0.090398,0.000000,510.375000
0.260025,0.035200,0.000000,510.375000
0.365694,0.043403,0.000000,510.375000
0.276602,0.027366,0.000000,510.375000
0.192913,0.073497,0.000000,510.375000
0.889642,0.090580,0.000000,510.375000
0.350596,0.076819,0.000000,510.375000
0.784454,0.056220,0.000000,510.375000
0.331696,0.059785,0.000000,510.375000
0.425965,0.057515,0.000000,510.375000
0.163298,0.020287,0.000000,510.375000
0.499705,0.093972,0.000000,510.375000
0.933576,0.006617,0.000000,510.375000
0.491386,0.052601,0.000000,510.375000
0.283574,0.042141,0.000000,510.375000
0.773873,0.011668,0.000000,510.375000
0.299208,0.008731,0.000000,510.375000
0.987693,0.080685,0.000000,510.375000
0.009227,0.079583,0.000000,510.375000
0.303996,0.029653,0.000000,510.375000
0.283606,0.085670,0.000000,510.375000
0.481544,0.095605,0.000000,510.375000
0.787634,0.049180,0.000000,510.375000
0.031814,0.091159,0.000000,510.375000
0.211943,0.083817,0.000000,510.375000
0.170929,0.072599,0.000000,510.375000
0.059765,0.075983,0.000000,510.375000
0.368641,0.090479,0.000000,510.375000
0.801997,0.078029,0.000000,510.375000
0.474351,0.031692,0.000000,510.375000
0.042790,0.088003,0.000000,510.375000
0.674561,0.034680,0.000000,510.375000
0.933419,0.077137,0.000000,510.375000
0.164217,0.086731,0.000000,510.375000
0.912949,0.038686,0.000000,510.375000
0.539854,0.000709,0.000000,510.375000
0.942445,0.063740,0.000000,510.375000
0.123940,0.043063,0.000000,510.375000
0.596904,0.028170,0.000000,510.375000
0.402544,0.015599,0.000000,510.375000
0.155255,0.075612,0.000000,510.375000
0.028372,0.069844,0.000000,510.375000
0.011128,0.006036,0.000000,510.375000
0.990968,0.094297,0.000000,510.375000
0.841365,0.068346,0.000000,510.375000
0.423251,0.028808,0.000000,510.375000
0.091939,0.063729,0.000000,510.375000
0.912396,0.076743,0.000000,510.375000
0.558862,0.087033,0.000000,510.375000
0.362896,0.079419,0.000000,510.375000
0.084350,0.038485,0.000000,510.375000
0.984603,0.097848,0.000000,510.375000
0.461068,0.071201,0.000000,510.375000
0.327785,0.084295,0.000000,510.375000
0.528554,0.016678,0.000000,510.375000
0.253722,0.068872,0.000000,510.375000
0.276856,0.049317,0.000000,510.375000
0.613358,0.060088,0.000000,510.375000
0.234496,0.066467,0.000000,510.375000
0.767341,0.064245,0.000000,510.375000
0.621714,0.033573,0.000000,510.375000
0.827635,0.029746,0.000000,510.375000
0.246405,0.000845,0.000000,510.375000
0.952106,0.096254,0.000000,510.375000
0.799705,0.074333,0.000000,510.375000
0.301509,0.076425,0.000000,510.375000
0.516407,0.046008,0.000000,510.375000
0.585454,0.095238,0.000000,510.375000
0.890008,0.079154,0.000000,510.375000
0.543839,0.070865,0.000000,510.375000
0.504591,0.045131,0.000000,510.375000
0.797034,0.028637,0.000000,510.375000
0.038672,0.017285,0.000000,510.375000
0.718788,0.069920,0.000000,510.375000
0.344082,0.064381,0.000000,510.375000
0.690932,0.090314,0.000000,510.375000
0.115559,0.029781,0.000000,510.375000
0.275100,0.043202,0.000000,510.375000
0.742254,0.022452,0.000000,510.375000
0.501336,0.090690,0.000000,510.375000
0.698398,0.018936,0.000000,510.375000
0.630047,0.032293,0.000000,510.375000
0.587419,0.055277,0.000000,510.375000
0.880941,0.033730,0.000000,510.375000
0.379879,0.037015,0.000000,510.375000
0.614957,0.091043,0.000000,510.375000
0.917265,0.053409,0.000000,510.375000
0.984843,0.001551,0.000000,510.375000
0.358657,0.046637,0.000000,510.375000
0.005228,0.042771,0.000000,510.375000
0.761420,0.080985,0.000000,510.375000
0.313556,0.046928,0.000000,510.375000
0.296914,0.015516,0.000000,510.375000
0.302468,0.050329,0.000000,510.375000
0.487822,0.082878,0.000000,510.375000
0.004584,0.019667,0.000000,510.375000
0.039990,0.020205,0.000000,510.375000
0.863734,0.050298,0.000000,510.375000
0.909929,0.009162,0.000000,510.375000
0.560380,0.096030,0.000000,510.375000
0.025370,0.034886,0.000000,510.375000
0.175870,0.081737,0.000000,510.375000
0.388521,0.063775,0.000000,510.375000
0.439244,0.035582,0.000000,510.375000
0.083766,0.092976,0.000000,510.375000
0.044357,0.010217,0.000000,510.375000
0.643339,0.019717,0.000000,510.375000
0.108094,0.094316,0.000000,510.375000
0.195853,0.062839,0.000000,510.375000
0.412956,0.027463,0.000000,510.375000
0.820212,0.015526,0.000000,510.375000
0.846630,0.054338,0.000000,510.375000
0.611743,0.043401,0.000000,510.375000
0.330802,0.009575,0.000000,510.375000
0.663582,0.020354,0.000000,510.375000
0.150191,0.098018,0.000000,510.375000
0.829545,0.061483,0.000000,510.375000
0.379510,0.008229,0.000000,510.375000
0.799305,0.082711,0.000000,510.375000
0.368664,0.036932,0.000000,510.375000
0.163779,0.007031,0.000000,510.375000
0.569584,0.059035,0.000000,510.375000
0.267201,0.040289,0.000000,510.375000
0.795675,0.045367,0.000000,510.375000
0.306417,0.007280,0.000000,510.375000
0.416900,0.063921,0.000000,510.375000
0.111281,0.084994,0.000000,510.375000
0.637880,0.065669,0.000000,510.375000
0.270153,0.073041,0.000000,510.375000
0.058916,0.067528,0.000000,510.375000
0.512843,0.073355,0.000000,510.375000
0.005423,0.076919,0.000000,510.375000
0.082282,0.062762,0.000000,510.375000
0.689438,0.011211,0.000000,510.375000
0.504775,0.048438,0.000000,510.375000
0.568028,0.013498,0.000000,510.375000
0.207873,0.027900,0.000000,510.375000
0.710129,0.014303,0.000000,510.375000
0.001272,0.004128,0.000000,510.375000
0.219725,0.090164,0.000000,510.375000
0.040172,0.066008,0.000000,510.375000
0.762312,0.035168,0.000000,510.375000
0.667657,0.082403,0.000000,510.375000
0.182903,0.057043,0.000000,510.375000
0.334603,0.087826,0.000000,510.375000
0.440952,0.066431,0.000000,510.375000
0.909748,0.002631,0.000000,510.375000
0.058715,0.056497,0.000000,510.375000
0.396877,0.053444,0.000000,510.375000
0.531209,0.086418,0.000000,510.375000
0.711117,0.051042,0.000000,510.375000
0.416602,0.023482,0.000000,510.375000
0.709953,0.098137,0.000000,510.375000
0.483337,0.004765,0.000000,510.375000
0.875021,0.036077,0.000000,510.375000
0.892960,0.021097,0.000000,510.375000
0.159455,0.077514,0.000000,510.375000
0.173131,0.091309,0.000000,510.375000
0.025170,0.002975,0.000000,510.375000
0.921166,0.085059,0.000000,510.375000
0.577681,0.027690,0.000000,510.375000
0.497449,0.073270,0.000000,510.375000
0.597659,0.040708,0.000000,510.375000
0.630112,0.090410,0.000000,510.375000
0.907520,0.035945,0.000000,510.375000
0.748190,0.035042,0.000000,510.375000
0.451633,0.033521,0.000000,510.375000
0.751546,0.025831,0.000000,510.375000
0.564312,0.025129,0.000000,510.375000
0.530886,0.049150,0.000000,510.375000
0.130719,0.083055,0.000000,510.375000
0.499542,0.084064,0.000000,510.375000
0.315482,0.090807,0.000000,510.375000
0.862196,0.062992,0.000000,510.375000
0.540903,0.040394,0.000000,510.375000
0.596232,0.010359,0.000000,510.375000
0.001975,0.098746,0.000000,510.375000
0.809588,0.009624,0.000000,510.375000
0.599555,0.028645,0.000000,510.375000
0.476794,0.060670,0.000000,510.375000
0.022362,0.093958,0.000000,510.375000
0.941607,0.039364,0.000000,510.375000
0.012563,0.053031,0.000000,510.375000
0.840527,0.071055,0.000000,510.375000
0.575682,0.078837,0.000000,510.375000
0.994641,0.011471,0.000000,510.375000
0.664591,0.017429,0.000000,510.375000
0.193958,0.051650,0.000000,510.375000
0.807435,0.087520,0.000000,510.375000
0.299940,0.073961,0.000000,510.375000
0.454417,0.087016,0.000000,510.375000
0.670239,0.008709,0.000000,510.375000
0.047822,0.076163,0.000000,510.375000
0.129213,0.026758,0.000000,510.375000
0.721006,0.050668,0.000000,510.375000
0.835727,0.086159,0.000000,510.375000
0.279673,0.017057,0.000000,510.375000
0.192260,0.015509,0.000000,510.375000
0.287353,0.060536,0.000000,510.375000
0.221388,0.023050,0.000000,510.375000
0.041541,0.034732,0.000000,510.375000
0.038222,0.075083,0.000000,510.375000
0.938592,0.071779,0.000000,510.375000
0.165755,0.004551,0.000000,510.375000
0.506165,0.018521,0.000000,510.375000
0.305038,0.020257,0.000000,510.375000
0.308234,0.020861,0.000000,510.375000
0.301177,0.034200,0.000000,510.375000
0.386380,0.069791,0.000000,510.375000
0.841162,0.008155,0.000000,510.375000
0.116933,0.009781,0.000000,510.375000
0.710663,0.044668,0.000000,510.375000
0.582642,0.098472,0.000000,510.375000
0.176347,0.010567,0.000000,510.375000
0.060067,0.088024,0.000000,510.375000
0.182493,0.017372,0.000000,510.375000
0.237342,0.035058,0.000000,510.375000
0.863504,0.007857,0.000000,510.375000
0.019895,0.026864,0.000000,510.375000
0.407217,0.091728,0.000000,510.375000
0.301831,0.045440,0.000000,510.375000
0.656701,0.053312,0.000000,510.375000
0.023079,0.036302,0.000000,510.375000
0.805016,0.009835,0.000000,510.375000
0.561948,0.084969,0.000000,510.375000
0.939205,0.001365,0.000000,510.375000
0.298873,0.042519,0.000000,510.375000
0.192758,0.001468,0.000000,510.375000
0.316096,0.058116,0.000000,510.375000
0.944154,0.036655,0.000000,510.375000
0.245455,0.029223,0.000000,510.375000
0.336822,0.084176,0.000000,510.375000
0.137539,0.073547,0.000000,510.375000
0.551013,0.092917,0.000000,510.375000
0.198363,0.094439,0.000000,510.375000
0.079231,0.041034,0.000000,510.375000
0.689973,0.010321,0.000000,510.375000
0.789879,0.033392,0.000000,510.375000
0.663957,0.081835,0.000000,510.375000
0.678659,0.014155,0.000000,510.375000
0.314568,0.088740,0.000000,510.375000
0.794411,0.094527,0.000000,510.375000
0.827679,0.074733,0.000000,510.375000
0.934470,0.070333,0.000000,510.375000
0.782374,0.047218,0.000000,510.375000
0.917686,0.048349,0.000000,510.375000
0.857598,0.030798,0.000000,510.375000
0.136370,0.030110,0.000000,510.375000
0.504000,0.086019,0.000000,510.375000
0.394726,0.024836,0.000000,510.375000
0.049706,0.019369,0.000000,510.375000
0.319640,0.059848,0.000000,510.375000
0.075231,0.097756,0.000000,510.375000
0.154487,0.088798,0.000000,510.375000
0.619575,0.000552,0.000000,510.375000
0.687781,0.070418,0.000000,510.375000
0.299141,0.051285,0.000000,510.375000
0.921204,0.060665,0.000000,510.375000
0.070098,0.097731,0.000000,510.375000
0.767840,0.048616,0.000000,510.375000
0.710589,0.069602,0.000000,510.375000
0.150167,0.035146,0.000000,510.375000
0.681925,0.077304,0.000000,510.375000
0.221627,0.025952,0.000000,510.375000
0.353876,0.056428,0.000000,510.375000
0.231555,0.053144,0.000000,510.375000
0.685612,0.019056,0.000000,510.375000
0.014749,0.093431,0.000000,510.375000
0.270112,0.098095,0.000000,510.375000
0.580291,0.037939,0.000000,510.375000
0.438925,0.032031,0.000000,510.375000
0.975119,0.099944,0.000000,510.375000
0.309044,0.051266,0.000000,510.375000
0.284125,0.053272,0.000000,510.375000
0.522057,0.064067,0.000000,510.375000
0.422940,0.020114,0.000000,510.375000
0.451589,0.063819,0.000000,510.375000
0.735164,0.038759,0.000000,510.375000
0.296018,0.088664,0.000000,510.375000
0.851160,0.019413,0.000000,510.375000
0.233855,0.012159,0.000000,510.375000
0.661657,0.061193,0.000000,510.375000
0.005989,0.075709,0.000000,510.375000
0.068464,0.008675,0.000000,510.375000
0.564807,0.039832,0.000000,510.375000
0.891543,0.002043,0.000000,510.375000
0.774732,0.033096,0.000000,510.375000
0.952120,0.046012,0.000000,510.375000
0.059240,0.006290,0.000000,510.375000
0.007607,0.023639,0.000000,510.375000
0.816224,0.057415,0.000000,510.375000
0.287509,0.047900,0.000000,510.375000
0.802122,0.002477,0.000000,510.375000
0.895625,0.017191,0.000000,510.375000
0.792107,0.036931,0.000000,510.375000
0.048894,0.082875,0.000000,510.375000
0.716603,0.050533,0.000000,510.375000
0.507170,0.005458,0.000000,510.375000
0.910764,0.055851,0.000000,510.375000
0.305900,0.082266,0.000000,510.375000
0.636280,0.054683,0.000000,510.375000
0.685715,0.074602,0.000000,510.375000
0.433607,0.064085,0.000000,510.375000
0.069282,0.092603,0.000000,510.375000
0.737279,0.082044,0.000000,510.375000
0.866428,0.058201,0.000000,510.375000
0.510839,0.087130,0.000000,510.375000
0.848113,0.032340,0.000000,510.375000
0.176187,0.090892,0.000000,510.375000
0.484186,0.053211,0.000000,510.375000
0.711068,0.055673,0.000000,510.375000
0.193301,0.050143,0.000000,510.375000
0.803869,0.010447,0.000000,510.375000
0.821586,0.039691,0.000000,510.375000
0.471595,0.029434,0.000000,510.375000
0.100698,0.005148,0.000000,510.375000
0.381981,0.065977,0.000000,510.375000
0.315684,0.098336,0.000000,510.375000
0.122468,0.012185,0.000000,510.375000
0.195432,0.027515,0.000000,510.375000
0.659625,0.078221,0.000000,510.375000
0.101317,0.033556,0.000000,510.375000
0.861699,0.089280,0.000000,510.375000
0.127436,0.010829,0.000000,510.375000
0.890412,0.013862,0.000000,510.375000
0.945563,0.048958,0.000000,510.375000
0.627134,0.069462,0.000000,510.375000
0.604158,0.012161,0.000000,510.375000
0.658912,0.052734,0.000000,510.375000
0.920918,0.002632,0.000000,510.375000
0.596080,0.007014,0.000000,510.375000
0.437392,0.053054,0.000000,510.375000
0.861384,0.073260,0.000000,510.375000
0.762901,0.046802,0.000000,510.375000
0.011810,0.014594,0.000000,510.375000
0.901337,0.042965,0.000000,510.375000
0.071985,0.036220,0.000000,510.375000
0.520981,0.024992,0.000000,510.375000
0.925325,0.067678,0.000000,510.375000
0.069780,0.053885,0.000000,510.375000
0.274583,0.028954,0.000000,510.375000
0.931089,0.018456,0.000000,510.375000
0.009831,0.047346,0.000000,510.375000
0.606877,0.011409,0.000000,510.375000
0.049762,0.014762,0.000000,510.375000
0.664435,0.036089,0.000000,510.375000
0.554751,0.052144,0.000000,510.375000
0.246830,0.072513,0.000000,510.375000
0.542287,0.065896,0.000000,510.375000
0.624367,0.063099,0.000000,510.375000
0.676401,0.084686,0.000000,510.375000
0.876377,0.000641,0.000000,510.375000
0.001842,0.095201,0.000000,510.375000
0.167780,0.008300,0.000000,510.375000
0.558738,0.020122,0.000000,510.375000
0.305331,0.045624,0.000000,510.375000
0.423638,0.012830,0.000000,510.375000
0.005881,0.034964,0.000000,510.375000
0.342622,0.084807,0.000000,510.375000
0.537966,0.028478,0.000000,510.375000
0.489631,0.036278,0.000000,510.375000
0.126704,0.012536,0.000000,510.375000
0.665274,0.077823,0.000000,510.375000
0.153567,0.023776,0.000000,510.375000
0.822583,0.047406,0.000000,510.375000
0.407826,0.096390,0.000000,510.375000
0.524170,0.075784,0.000000,510.375000
0.215380,0.048534,0.000000,510.375000
0.929415,0.084392,0.000000,510.375000
0.212408,0.030225,0.000000,510.375000
0.419194,0.049842,0.000000,510.375000
0.734064,0.003606,0.000000,510.375000
0.264876,0.027270,0.000000,510.375000
0.463232,0.067459,0.000000,510.375000
0.711221,0.021407,0.000000,510.375000
0.948949,0.024351,0.000000,510.375000
0.214294,0.079172,0.000000,510.375000
0.917490,0.014329,0.000000,510.375000
0.507862,0.004963,0.000000,510.375000
0.441881,0.031177,0.000000,510.375000
0.593601,0.098658,0.000000,510.375000
0.374579,0.041719,0.000000,510.375000
0.458548,0.018322,0.000000,510.375000
0.012981,0.038639,0.000000,510.375000
0.124797,0.041009,0.000000,510.375000
0.727733,0.045748,0.000000,510.375000
0.225280,0.093061,0.000000,510.375000
0.138308,0.013244,0.000000,510.375000
0.344459,0.080264,0.000000,510.375000
0.013991,0.042387,0.000000,510.375000
0.157656,0.059507,0.000000,510.375000
0.176606,0.050829,0.000000,510.375000
0.885959,0.036608,0.000000,510.375000
0.302826,0.012403,0.000000,510.375000
0.017099,0.017663,0.000000,510.375000
0.545667,0.006946,0.000000,510.375000
0.181628,0.043033,0.000000,510.375000
0.330064,0.094582,0.000000,510.375000
0.551382,0.075596,0.000000,510.375000
0.573151,0.037825,0.000000,510.375000
0.715184,0.050072,0.000000,510.375000
0.112963,0.013496,0.000000,510.375000
0.864122,0.097849,0.000000,510.375000
0.461784,0.052993,0.000000,510.375000
0.486175,0.046902,0.000000,510.375000
0.548463,0.030256,0.000000,510.375000
0.510930,0.052633,0.000000,510.375000
0.369694,0.054311,0.000000,510.375000
0.166590,0.096918,0.000000,510.375000
0.236271,0.054864,0.000000,510.375000
0.294624,0.072959,0.000000,510.375000
0.549815,0.048985,0.000000,510.375000
0.260601,0.083788,0.000000,510.375000
0.112343,0.063298,0.000000,510.375000
0.830467,0.068053,0.000000,510.375000
0.687963,0.002657,0.000000,510.375000
0.420727,0.078036,0.000000,510.375000
0.472949,0.097991,0.000000,510.375000
0.615124,0.004073,0.000000,510.375000
0.508120,0.062172,0.000000,510.375000
0.570534,0.006314,0.000000,510.375000
0.628368,0.063663,0.000000,510.375000
0.269344,0.025229,0.000000,510.375000
0.158161,0.030265,0.000000,510.375000
0.985362,0.002176,0.000000,510.375000
0.346140,0.058410,0.000000,510.375000
0.426688,0.094975,0.000000,510.375000
0.526007,0.039538,0.000000,510.375000
0.350938,0.007265,0.000000,510.375000
0.717892,0.075811,0.000000,510.375000
0.137518,0.091552,0.000000,510.375000
0.061744,0.001292,0.000000,510.375000
0.614153,0.045038,0.000000,510.375000
0.574785,0.051083,0.000000,510.375000
0.392574,0.041116,0.000000,510.375000
0.235510,0.004817,0.000000,510.375000
0.354310,0.062631,0.000000,510.375000
0.136016,0.024509,0.000000,510.375000
0.690346,0.077969,0.000000,510.375000
0.131065,0.084781,0.000000,510.375000
0.511676,0.096317,0.000000,510.375000
0.173969,0.085679,0.000000,510.375000
0.686292,0.031216,0.000000,510.375000
0.998691,0.032482,0.000000,510.375000
0.351944,0.052754,0.000000,510.375000
0.564121,0.040497,0.000000,510.375000
0.535249,0.014115,0.000000,510.375000
0.539680,0.056057,0.000000,510.375000
0.205179,0.027575,0.000000,510.375000
0.879775,0.035841,0.000000,510.375000
0.157170,0.096973,0.000000,510.375000
0.887765,0.030172,0.000000,510.375000
0.565447,0.066170,0.000000,510.375000
0.551561,0.088911,0.000000,510.375000
0.550865,0.082365,0.000000,510.375000
0.409263,0.059621,0.000000,510.375000
0.644848,0.014753,0.000000,510.375000
0.776358,0.010495,0.000000,510.375000
0.581496,0.025330,0.000000,510.375000
0.898447,0.021967,0.000000,510.375000
0.714893,0.023904,0.000000,510.375000
0.995143,0.037002,0.000000,510.375000
0.321018,0.020049,0.000000,510.375000
0.774227,0.023765,0.000000,510.375000
0.356852,0.005781,0.000000,510.375000
0.819098,0.067272,0.000000,510.375000
0.444910,0.051958,0.000000,510.375000
0.828259,0.056367,0.000000,510.375000
0.643146,0.026770,0.000000,510.375000
0.727540,0.036484,0.000000,510.375000
0.421512,0.036763,0.000000,510.375000
0.145690,0.074175,0.000000,510.375000
0.846635,0.069970,0.000000,510.375000
0.044279,0.018799,0.000000,510.375000
0.064717,0.041395,0.000000,510.375000
0.226605,0.094344,0.000000,510.375000
0.594550,0.049537,0.000000,510.375000
0.160699,0.069902,0.000000,510.375000
0.894113,0.059970,0.000000,510.375000
0.080621,0.005281,0.000000,510.375000
0.260961,0.069605,0.000000,510.375000
0.467821,0.014947,0.000000,510.375000
0.522382,0.066797,0.000000,510.375000
0.426113,0.037386,0.000000,510.375000
0.990230,0.054271,0.000000,510.375000
0.253174,0.030938,0.000000,510.375000
0.014108,0.096536,0.000000,510.375000
0.179707,0.018118,0.000000,510.375000
0.474880,0.094744,0.000000,510.375000
0.855559,0.004981,0.000000,510.375000
0.234017,0.003084,0.000000,510.375000
0.995697,0.044918,0.000000,510.375000
0.173944,0.024272,0.000000,510.375000
0.670671,0.014046,0.000000,510.375000
0.691371,0.031970,0.000000,510.375000
0.695341,0.039515,0.000000,510.375000
0.564447,0.037930,0.000000,510.375000
0.386237,0.017881,0.000000,510.375000
0.127451,0.001618,0.000000,510.375000
0.471803,0.004770,0.000000,510.375000
0.522478,0.029513,0.000000,510.375000
0.675452,0.054047,0.000000,510.375000
0.161598,0.096155,0.000000,510.375000
0.743710,0.064288,0.000000,510.375000
0.695355,0.080031,0.000000,510.375000
0.911210,0.026695,0.000000,510.375000
0.695745,0.082817,0.000000,510.375000
0.059259,0.064699,0.000000,510.375000
0.907151,0.019928,0.000000,510.375000
0.255934,0.048531,0.000000,510.375000
0.042634,0.043481,0.000000,510.375000
0.455977,0.023769,0.000000,510.375000
0.101201,0.051027,0.000000,510.375000
0.215379,0.025816,0.000000,510.375000
0.079784,0.095111,0.000000,510.375000
0.424530,0.097966,0.000000,510.375000
0.153856,0.093656,0.000000,510.375000
0.707456,0.060985,0.000000,510.375000
0.548593,0.064643,0.000000,510.375000
0.544506,0.047433,0.000000,510.375000
0.438960,0.076500,0.000000,510.375000
0.440791,0.084084,0.000000,510.375000
0.826019,0.079009,0.000000,510.375000
0.722678,0.086690,0.000000,510.375000
0.203730,0.029078,0.000000,510.375000
0.146073,0.003012,0.000000,510.375000
0.022374,0.019004,0.000000,510.375000
0.318064,0.076041,0.000000,510.375000
0.536429,0.070624,0.000000,510.375000
0.829549,0.091579,0.000000,510.375000
0.538076,0.009640,0.000000,510.375000
0.732436,0.028800,0.000000,510.375000
0.970521,0.031155,0.000000,510.375000
0.845469,0.028448,0.000000,510.375000
0.742686,0.005768,0.000000,510.375000
0.207640,0.099074,0.000000,510.375000
0.197550,0.059633,0.000000,510.375000
0.479836,0.083695,0.000000,510.375000
0.322145,0.055833,0.000000,510.375000
0.069785,0.065569,0.000000,510.375000
0.116161,0.068140,0.000000,510.375000
0.341920,0.016346,0.000000,510.375000
0.311135,0.056808,0.000000,510.375000
0.549087,0.069334,0.000000,510.375000
0.590366,0.079274,0.000000,510.375000
0.061336,0.063691,0.000000,510.375000
0.281057,0.013100,0.000000,510.375000
0.155290,0.054147,0.000000,510.375000
0.505966,0.035258,0.000000,510.375000
0.927708,0.015471,0.000000,510.375000
0.670692,0.027901,0.000000,510.375000
0.049007,0.031125,0.000000,510.375000
0.790083,0.048880,0.000000,510.375000
0.630973,0.011540,0.000000,510.375000
0.455589,0.004597,0.000000,510.375000
0.099051,0.086980,0.000000,510.375000
0.116361,0.077472,0.000000,510.375000
0.710526,0.074333,0.000000,510.375000
0.097303,0.026744,0.000000,510.375000
0.686915,0.051803,0.000000,510.375000
0.530310,0.002173,0.000000,510.375000
0.806484,0.036643,0.000000,510.375000
0.436295,0.031148,0.000000,510.375000
0.720500,0.047723,0.000000,510.375000
0.226439,0.056947,0.000000,510.375000
0.011505,0.072948,0.000000,510.375000
0.337582,0.010957,0.000000,510.375000
0.730527,0.070063,0.000000,510.375000
0.771852,0.038494,0.000000,510.375000
0.209566,0.027502,0.000000,510.375000
0.245517,0.032595,0.000000,510.375000
0.941224,0.006258,0.000000,510.375000
0.841112,0.088625,0.000000,510.375000
0.080988,0.013237,0.000000,510.375000
0.418196,0.007793,0.000000,510.375000
0.078610,0.032937,0.000000,510.375000
0.394929,0.039356,0.000000,510.375000
0.168776,0.026019,0.000000,510.375000
0.523180,0.088872,0.000000,510.375000
0.545721,0.017929,0.000000,510.375000
0.181845,0.019056,0.000000,510.375000
0.343760,0.066841,0.000000,510.375000
0.167344,0.091861,0.000000,510.375000
0.908141,0.018746,0.000000,510.375000
0.377958,0.035263,0.000000,510.375000
0.100229,0.033628,0.000000,510.375000
0.693139,0.088560,0.000000,510.375000
0.972716,0.067409,0.000000,510.375000
0.220453,0.063879,0.000000,510.375000
0.238891,0.049821,0.000000,510.375000
0.301968,0.061698,0.000000,510.375000
0.491231,0.095881,0.000000,510.375000
0.794185,0.016032,0.000000,510.375000
0.152478,0.094875,0.000000,510.375000
0.552483,0.025637,0.000000,510.375000
0.068985,0.070829,0.000000,510.375000
0.012017,0.057968,0.000000,510.375000
0.563100,0.016938,0.000000,510.375000
0.539671,0.057738,0.000000,510.375000
0.296332,0.043130,0.000000,510.375000
0.926583,0.084757,0.000000,510.375000
0.929373,0.099404,0.000000,510.375000
0.761729,0.024990,0.000000,510.375000
0.713267,0.081724,0.000000,510.375000
0.171066,0.034071,0.000000,510.375000
0.775226,0.002265,0.000000,510.375000
0.379934,0.095911,0.000000,510.375000
0.249935,0.026906,0.000000,510.375000
0.871345,0.044182,0.000000,510.375000
0.145550,0.028623,0.000000,510.375000
0.336889,0.087049,0.000000,510.375000
0.491040,0.050803,0.000000,510.375000
0.580696,0.026582,0.000000,510.375000
0.421962,0.006613,0.000000,510.375000
0.605157,0.026693,0.000000,510.375000
0.653992,0.056539,0.000000,510.375000
0.238673,0.077341,0.000000,510.375000
0.013380,0.031784,0.000000,510.375000
0.004363,0.067004,0.000000,510.375000
0.542072,0.079093,0.000000,510.375000
0.801920,0.064497,0.000000,510.375000
0.779396,0.066784,0.000000,510.375000
0.510135,0.079820,0.000000,510.375000
0.917398,0.049699,0.000000,510.375000
0.286424,0.006160,0.000000,510.375000
0.752274,0.045580,0.000000,510.375000
0.354185,0.043635,0.000000,510.375000
0.058396,0.033502,0.000000,510.375000
0.720218,0.009841,0.000000,510.375000
0.943777,0.032283,0.000000,510.375000
0.448376,0.027525,0.000000,510.375000
0.248899,0.093779,0.000000,510.375000
0.228628,0.065901,0.000000,510.375000
0.688446,0.069798,0.000000,510.375000
0.920727,0.079005,0.000000,510.375000
0.278825,0.028930,0.000000,510.375000
0.984998,0.014625,0.000000,510.375000
0.419509,0.019651,0.000000,510.375000
0.374449,0.021852,0.000000,510.375000
0.447919,0.061718,0.000000,510.375000
0.342364,0.058491,0.000000,510.375000
0.772104,0.008002,0.000000,510.375000
0.858002,0.033347,0.000000,510.375000
0.408056,0.049521,0.000000,510.375000
0.969089,0.080740,0.000000,510.375000
0.333695,0.043683,0.000000,510.375000
0.005381,0.060952,0.000000,510.375000
0.940943,0.009409,0.000000,510.375000
0.924307,0.014680,0.000000,510.375000
0.764148,0.002551,0.000000,510.375000
0.562376,0.048843,0.000000,510.375000
0.330008,0.022741,0.000000,510.375000
0.326895,0.080336,0.000000,510.375000
0.939928,0.013521,0.000000,510.375000
0.775156,0.014469,0.000000,510.375000
0.809278,0.034750,0.000000,510.375000
0.680295,0.065106,0.000000,510.375000
0.369503,0.005595,0.000000,510.375000
0.278997,0.058346,0.000000,510.375000
0.681482,0.079477,0.000000,510.375000
0.975234,0.012987,0.000000,510.375000
0.973026,0.012978,0.000000,510.375000
0.350725,0.033451,0.000000,510.375000
0.553245,0.096914,0.000000,510.375000
0.625230,0.027214,0.000000,510.375000
0.871955,0.012622,0.000000,510.375000
0.910330,0.061264,0.000000,510.375000
0.441251,0.044370,0.000000,510.375000
0.181229,0.058512,0.000000,510.375000
0.635951,0.026063,0.000000,510.375000
0.085241,0.029381,0.000000,510.375000
0.335017,0.023459,0.000000,510.375000
0.345418,0.047240,0.000000,510.375000
0.548087,0.022479,0.000000,510.375000
0.272008,0.063961,0.000000,510.375000
0.025878,0.080278,0.000000,510.375000
0.659953,0.081323,0.000000,510.375000
0.863640,0.078931,0.000000,510.375000
0.175654,0.044118,0.000000,510.375000
0.323845,0.005621,0.000000,510.375000
0.126922,0.030540,0.000000,510.375000
0.016780,0.027408,0.000000,510.375000
0.956396,0.097246,0.000000,510.375000
0.074866,0.052514,0.000000,510.375000
0.641176,0.033041,0.000000,510.375000
0.009027,0.079073,0.000000,510.375000
0.822259,0.084584,0.000000,510.375000
0.954592,0.088957,0.000000,510.375000
0.378478,0.060197,0.000000,510.375000
0.294863,0.005605,0.000000,510.375000
0.922545,0.092107,0.000000,510.375000
0.055864,0.036088,0.000000,510.375000
0.962543,0.048957,0.000000,510.375000
0.457432,0.097066,0.000000,510.375000
0.787203,0.053195,0.000000,510.375000
0.537373,0.073830,0.000000,510.375000
0.286453,0.036831,0.000000,510.375000
0.067420,0.060749,0.000000,510.375000
0.760106,0.088383,0.000000,510.375000
0.875058,0.059210,0.000000,510.375000
0.463800,0.047953,0.000000,510.375000
0.531693,0.053080,0.000000,510.375000
0.707270,0.070132,0.000000,510.375000
0.043037,0.075171,0.000000,510.375000
0.264798,0.012162,0.000000,510.375000
0.565439,0.093588,0.000000,510.375000
0.494176,0.022866,0.000000,510.375000
0.137920,0.095552,0.000000,510.375000
0.675150,0.037558,0.000000,510.375000
0.429015,0.094890,0.000000,510.375000
0.495506,0.004083,0.000000,510.375000
0.058852,0.037086,0.000000,510.375000
0.243943,0.084426,0.000000,510.375000
0.088553,0.058749,0.000000,510.375000
0.284166,0.004255,0.000000,510.375000
0.809517,0.020601,0.000000,510.375000
0.780308,0.087966,0.000000,510.375000
0.933334,0.076738,0.000000,510.375000
0.552618,0.073623,0.000000,510.375000
0.110221,0.046586,0.000000,510.375000
0.500153,0.006842,0.000000,510.375000
0.401145,0.028869,0.000000,510.375000
0.033384,0.040229,0.000000,510.375000
0.702552,0.072022,0.000000,510.375000
0.089111,0.001724,0.000000,510.375000
0.740476,0.011130,0.000000,510.375000
0.702936,0.019358,0.000000,510.375000
0.926479,0.068167,0.000000,510.375000
0.335664,0.067681,0.000000,510.375000
0.166835,0.023939,0.000000,510.375000
0.335221,0.054531,0.000000,510.375000
0.643730,0.011466,0.000000,510.375000
0.167211,0.024432,0.000000,510.375000
0.840174,0.014677,0.000000,510.375000
0.946966,0.055490,0.000000,510.375000
0.737046,0.075483,0.000000,510.375000
0.001704,0.080885,0.000000,510.375000
0.942668,0.090222,0.000000,510.375000
0.100398,0.092468,0.000000,510.375000
0.492161,0.099949,0.000000,510.375000
0.132530,0.001159,0.000000,510.375000
0.854333,0.075654,0.000000,510.375000
0.492022,0.080072,0.000000,510.375000
0.006689,0.093486,0.000000,510.375000
0.044034,0.036637,0.000000,510.375000
0.030501,0.080324,0.000000,510.375000
0.933540,0.084567,0.000000,510.375000
0.253301,0.084491,0.000000,510.375000
0.447455,0.014879,0.000000,510.375000
0.847031,0.011113,0.000000,510.375000
0.243416,0.069671,0.000000,510.375000
0.044488,0.026635,0.000000,510.375000
0.483684,0.008293,0.000000,510.375000
0.839883,0.090931,0.000000,510.375000
0.657797,0.033632,0.000000,510.375000
0.937225,0.064675,0.000000,510.375000
0.124328,0.093960,0.000000,510.375000
0.418100,0.018583,0.000000,510.375000
0.539455,0.087938,0.000000,510.375000
0.544192,0.085161,0.000000,510.375000
0.523092,0.053796,0.000000,510.375000
0.343938,0.001501,0.000000,510.375000
0.861266,0.098759,0.000000,510.375000
0.759205,0.014969,0.000000,510.375000
0.747287,0.001924,0.000000,510.375000
0.711620,0.030924,0.000000,510.375000
0.672374,0.079020,0.000000,510.375000
0.345321,0.004047,0.000000,510.375000
0.997039,0.073657,0.000000,510.375000
0.256335,0.091654,0.000000,510.375000
0.728120,0.095319,0.000000,510.375000
0.696481,0.037862,0.000000,510.375000
0.199887,0.091771,0.000000,510.375000
0.120868,0.084327,0.000000,510.375000
0.458785,0.044951,0.000000,510.375000
0.624660,0.098470,0.000000,510.375000
0.314823,0.020600,0.000000,510.375000
0.716871,0.060656,0.000000,510.375000
0.291633,0.052027,0.000000,510.375000
0.456830,0.073811,0.000000,510.375000
0.016386,0.020155,0.000000,510.375000
0.898278,0.099855,0.000000,510.375000
0.901466,0.011744,0.000000,510.375000
0.208248,0.046980,0.000000,510.375000
0.872245,0.076789,0.000000,510.375000
0.447023,0.090340,0.000000,510.375000
0.424491,0.013305,0.000000,510.375000
0.989251,0.018229,0.000000,510.375000
0.582668,0.037865,0.000000,510.375000
0.639728,0.002731,0.000000,510.375000
0.028113,0.096895,0.000000,510.375000
0.419427,0.066492,0.000000,510.375000
0.326760,0.071605,0.000000,510.375000
0.319561,0.021827,0.000000,510.375000
0.369421,0.077953,0.000000,510.375000
0.790044,0.023517,0.000000,510.375000
0.172703,0.097881,0.000000,510.375000
0.926381,0.065216,0.000000,510.375000
0.300749,0.010555,0.000000,510.375000
0.682874,0.026026,0.000000,510.375000
0.290155,0.093891,0.000000,510.375000
0.229915,0.049631,0.000000,510.375000
0.812065,0.093331,0.000000,510.375000
0.854092,0.052215,0.000000,510.375000
0.296270,0.061504,0.000000,510.375000
0.380927,0.025810,0.000000,510.375000
0.285557,0.090578,0.000000,510.375000
0.597113,0.017802,0.000000,510.375000
0.075982,0.045419,0.000000,510.375000
0.143387,0.021386,0.000000,510.375000
0.148338,0.037385,0.000000,510.375000
0.793334,0.060665,0.000000,510.375000
0.116474,0.096828,0.000000,510.375000
0.445142,0.015539,0.000000,510.375000
0.413304,0.006675,0.000000,510.375000
0.614676,0.066324,0.000000,510.375000
0.784159,0.041783,0.000000,510.375000
0.738365,0.004965,0.000000,510.375000
0.356963,0.077080,0.000000,510.375000
0.833504,0.020357,0.000000,510.375000
0.405852,0.074640,0.000000,510.375000
0.874638,0.070804,0.000000,510.375000
0.992894,0.057467,0.000000,510.375000
0.150506,0.034041,0.000000,510.375000
0.000007,0.062490,0.000000,510.375000
0.635684,0.087160,0.000000,510.375000
0.367125,0.077598,0.000000,510.375000
0.918922,0.022765,0.000000,510.375000
0.037077,0.006761,0.000000,510.375000
0.054600,0.083211,0.000000,510.375000
0.192073,0.013152,0.000000,510.375000
0.365618,0.068750,0.000000,510.375000
0.990253,0.012227,0.000000,510.375000
0.647870,0.027094,0.000000,510.375000
0.723982,0.019678,0.000000,510.375000
0.499499,0.092694,0.000000,510.375000
0.698130,0.012441,0.000000,510.375000
0.751233,0.085190,0.000000,510.375000
0.286841,0.068472,0.000000,510.375000
0.298559,0.081246,0.000000,510.375000
0.713673,0.052878,0.000000,510.375000
0.765624,0.005281,0.000000,510.375000
0.405153,0.081864,0.000000,510.375000
0.588572,0.010161,0.000000,510.375000
0.006891,0.078870,0.000000,510.375000
0.660163,0.032621,0.000000,510.375000
0.007806,0.065033,0.000000,510.375000
0.468491,0.060585,0.000000,510.375000
0.452328,0.079895,0.000000,510.375000
0.589211,0.005308,0.000000,510.375000
0.266643,0.073413,0.000000,510.375000
0.825340,0.054200,0.000000,510.375000
0.066100,0.065405,0.000000,510.375000
0.757266,0.001998,0.000000,510.375000
0.543167,0.055770,0.000000,510.375000
0.348289,0.040630,0.000000,510.375000
0.818678,0.075427,0.000000,510.375000
0.731166,0.068023,0.000000,510.375000
0.872415,0.043849,0.000000,510.375000
0.139291,0.036368,0.000000,510.375000
0.456623,0.012060,0.000000,510.375000
0.617593,0.044896,0.000000,510.375000
0.190595,0.098257,0.000000,510.375000
0.114166,0.023774,0.000000,510.375000
0.287079,0.012143,0.000000,510.375000
0.180322,0.061111,0.000000,510.375000
0.468463,0.088530,0.000000,510.375000
0.534988,0.009155,0.000000,510.375000
0.568846,0.066114,0.000000,510.375000
0.925000,0.003813,0.000000,510.375000
0.403014,0.046707,0.000000,510.375000
0.371312,0.074528,0.000000,510.375000
0.113430,0.047102,0.000000,510.375000
0.520089,0.011500,0.000000,510.375000
0.383669,0.007540,0.000000,510.375000
0.080004,0.044087,0.000000,510.375000
0.618088,0.026634,0.000000,510.375000
0.386423,0.011910,0.000000,510.375000
0.526301,0.040963,0.000000,510.375000
0.862110,0.040553,0.000000,510.375000
0.522360,0.033800,0.000000,510.375000
0.141733,0.020330,0.000000,510.375000
0.634826,0.024347,0.000000,510.375000
0.673264,0.097742,0.000000,510.375000
0.213895,0.029153,0.000000,510.375000
0.387124,0.083062,0.000000,510.375000
0.005315,0.059956,0.000000,510.375000
0.769055,0.027771,0.000000,510.375000
0.479552,0.002614,0.000000,510.375000
0.945983,0.027419,0.000000,510.375000
0.656116,0.050251,0.000000,510.375000
0.726722,0.023438,0.000000,510.375000
0.405971,0.080775,0.000000,510.375000
0.464407,0.004291,0.000000,510.375000
0.400725,0.068260,0.000000,510.375000
0.302566,0.002946,0.000000,510.375000
0.603655,0.010309,0.000000,510.375000
0.858329,0.049064,0.000000,510.375000
0.116044,0.047467,0.000000,510.375000
0.451775,0.025482,0.000000,510.375000
0.932443,0.037523,0.000000,510.375000
0.186050,0.016342,0.000000,510.375000
0.284971,0.046040,0.000000,510.375000
0.577021,0.053764,0.000000,510.375000
0.833745,0.069716,0.000000,510.375000
0.329981,0.089981,0.000000,510.375000
0.181443,0.067254,0.000000,510.375000
0.092453,0.091642,0.000000,510.375000
0.309970,0.054802,0.000000,510.375000
0.644418,0.040180,0.000000,510.375000
0.376936,0.004090,0.000000,510.375000
0.691076,0.085786,0.000000,510.375000
0.371938,0.055226,0.000000,510.375000
0.062865,0.016465,0.000000,510.375000
0.944152,0.021514,0.000000,510.375000
0.313000,0.015505,0.000000,510.375000
0.544321,0.066344,0.000000,510.375000
0.014042,0.047356,0.000000,510.375000
0.083089,0.084371,0.000000,510.375000
0.247530,0.050917,0.000000,510.375000
0.922837,0.015156,0.000000,510.375000
0.018528,0.079287,0.000000,510.375000
0.427424,0.055126,0.000000,510.375000
0.744539,0.025359,0.000000,510.375000
0.685250,0.014331,0.000000,510.375000
0.636470,0.079746,0.000000,510.375000
0.539868,0.080396,0.000000,510.375000
0.031697,0.014336,0.000000,510.375000
0.040952,0.016942,0.000000,510.375000
0.905518,0.061450,0.000000,510.375000
0.504544,0.075780,0.000000,510.375000
0.865214,0.040771,0.000000,510.375000
0.321749,0.003273,0.000000,510.375000
0.037025,0.053869,0.000000,510.375000
0.904569,0.019561,0.000000,510.375000
0.782994,0.018322,0.000000,510.375000
0.811856,0.084279,0.000000,510.375000
0.197694,0.043401,0.000000,510.375000
0.250652,0.075958,0.000000,510.375000
0.761157,0.091341,0.000000,510.375000
0.878126,0.091807,0.000000,510.375000
0.286871,0.082089,0.000000,510.375000
0.228576,0.073422,0.000000,510.375000
0.101401,0.054472,0.000000,510.375000
0.510866,0.070841,0.000000,510.375000
0.123729,0.083130,0.000000,510.375000
0.745536,0.026182,0.000000,510.375000
0.225838,0.018138,0.000000,510.375000
0.131976,0.050525,0.000000,510.375000
0.157487,0.057721,0.000000,510.375000
0.379015,0.027115,0.000000,510.375000
0.516037,0.059182,0.000000,510.375000
0.086007,0.077763,0.000000,510.375000
0.912208,0.088120,0.000000,510.375000
0.495716,0.083715,0.000000,510.375000
0.255363,0.016632,0.000000,510.375000
0.998797,0.089502,0.000000,510.375000
0.533826,0.063390,0.000000,510.375000
0.952183,0.030691,0.000000,510.375000
0.295333,0.048557,0.000000,510.375000
0.730957,0.064244,0.000000,510.375000
0.127556,0.017752,0.000000,510.375000
0.884083,0.099101,0.000000,510.375000
0.029660,0.050199,0.000000,510.375000
0.187997,0.037989,0.000000,510.375000
0.220153,0.096357,0.000000,510.375000
0.757245,0.029595,0.000000,510.375000
0.665272,0.084022,0.000000,510.375000
0.752033,0.017807,0.000000,510.375000
0.702376,0.090924,0.000000,510.375000
0.591998,0.099073,0.000000,510.375000
0.017870,0.022340,0.000000,510.375000
0.673814,0.074978,0.000000,510.375000
0.766365,0.040693,0.000000,510.375000
0.532220,0.067839,0.000000,510.375000
0.088198,0.064480,0.000000,510.375000
0.726434,0.022240,0.000000,510.375000
0.210036,0.068341,0.000000,510.375000
0.643165,0.006792,0.000000,510.375000
0.283940,0.089319,0.000000,510.375000
0.307248,0.097437,0.000000,510.375000
0.987458,0.031109,0.000000,510.375000
0.250388,0.070003,0.000000,510.375000
0.730594,0.055793,0.000000,510.375000
0.249043,0.097669,0.000000,510.375000
0.238175,0.010953,0.000000,510.375000
0.756394,0.067171,0.000000,510.375000
0.015791,0.067236,0.000000,510.375000
0.996074,0.076141,0.000000,510.375000
0.209266,0.085825,0.000000,510.375000
0.554500,0.059146,0.000000,510.375000
0.998053,0.087741,0.000000,510.375000
0.280178,0.004183,0.000000,510.375000
0.692179,0.034411,0.000000,510.375000
0.472643,0.024388,0.000000,510.375000
0.337548,0.054747,0.000000,510.375000
0.654550,0.059274,0.000000,510.375000
0.985274,0.013638,0.000000,510.375000
0.496252,0.032464,0.000000,510.375000
0.427614,0.067725,0.000000,510.375000
0.885876,0.074060,0.000000,510.375000
0.658503,0.078158,0.000000,510.375000
0.631361,0.082293,0.000000,510.375000
0.749314,0.072758,0.000000,510.375000
0.461361,0.079804,0.000000,510.375000
0.147349,0.078270,0.000000,510.375000
0.300767,0.003867,0.000000,510.375000
0.419737,0.044372,0.000000,510.375000
0.522484,0.046189,0.000000,510.375000
0.247220,0.076358,0.000000,510.375000
0.188706,0.073419,0.000000,510.375000
0.953673,0.033400,0.000000,510.375000
0.955921,0.067829,0.000000,510.375000
0.560805,0.021934,0.000000,510.375000
0.643399,0.027936,0.000000,510.375000
0.776639,0.090315,0.000000,510.375000
0.369606,0.001854,0.000000,510.375000
0.695700,0.038718,0.000000,510.375000
0.064239,0.099675,0.000000,510.375000
0.915079,0.068534,0.000000,510.375000
0.812253,0.083979,0.000000,510.375000
0.263191,0.052073,0.000000,510.375000
0.068150,0.025364,0.000000,510.375000
0.201973,0.040276,0.000000,510.375000
0.031917,0.023833,0.000000,510.375000
0.347670,0.034024,0.000000,510.375000
0.081432,0.067322,0.000000,510.375000
0.446346,0.005483,0.000000,510.375000
0.317295,0.019483,0.000000,510.375000
0.570464,0.010561,0.000000,510.375000
0.940429,0.002373,0.000000,510.375000
0.150846,0.078662,0.000000,510.375000
0.711581,0.089462,0.000000,510.375000
0.703716,0.034976,0.000000,510.375000
0.943979,0.066903,0.000000,510.375000
0.471432,0.090621,0.000000,510.375000
0.473049,0.008384,0.000000,510.375000
0.304754,0.098466,0.000000,510.375000
0.615569,0.071189,0.000000,510.375000
0.975999,0.030043,0.000000,510.375000
0.143925,0.048486,0.000000,510.375000
0.294225,0.091105,0.000000,510.375000
0.389177,0.014018,0.000000,510.375000
0.766433,0.051481,0.000000,510.375000
0.668468,0.046887,0.000000,510.375000
0.022114,0.009348,0.000000,510.375000
0.912925,0.018874,0.000000,510.375000
0.997646,0.086823,0.000000,510.375000
0.748633,0.000970,0.000000,510.375000
0.050362,0.028219,0.000000,510.375000
0.904468,0.034222,0.000000,510.375000
0.226805,0.034309,0.000000,510.375000
0.187619,0.059310,0.000000,510.375000
0.269630,0.030571,0.000000,510.375000
0.075472,0.038414,0.000000,510.375000
0.569532,0.084126,0.000000,510.375000
0.574517,0.012954,0.000000,510.375000
0.967451,0.004393,0.000000,510.375000
0.366255,0.013937,0.000000,510.375000
0.085015,0.054284,0.000000,510.375000
0.672457,0.074302,0.000000,510.375000
0.179016,0.081338,0.000000,510.375000
0.090602,0.026114,0.000000,510.375000
0.284628,0.093208,0.000000,510.375000
0.802721,0.040154,0.000000,510.375000
0.481147,0.019167,0.000000,510.375000
0.178745,0.049720,0.000000,510.375000
0.730867,0.000506,0.000000,510.375000
0.045219,0.054687,0.000000,510.375000
0.649956,0.078765,0.000000,510.375000
0.624727,0.033156,0.000000,510.375000
0.463913,0.045246,0.000000,510.375000
0.183757,0.083619,0.000000,510.375000
0.864903,0.079332,0.000000,510.375000
0.689405,0.028613,0.000000,510.375000
0.304758,0.064100,0.000000,510.375000
0.855228,0.020249,0.000000,510.375000
0.431696,0.007434,0.000000,510.375000
0.072037,0.058211,0.000000,510.375000
0.966468,0.033401,0.000000,510.375000
0.010792,0.063205,0.000000,510.375000
0.601250,0.033211,0.000000,510.375000
0.144184,0.037089,0.000000,510.375000
0.334692,0.076235,0.000000,510.375000
0.326961,0.023314,0.000000,510.375000
0.551640,0.047421,0.000000,510.375000
0.377974,0.089733,0.000000,510.375000
0.548712,0.014592,0.000000,510.375000
0.333863,0.045519,0.000000,510.375000
0.489577,0.039607,0.000000,510.375000
0.407502,0.039432,0.000000,510.375000
0.399093,0.051509,0.000000,510.375000
0.680940,0.097540,0.000000,510.375000
0.897722,0.033372,0.000000,510.375000
0.228127,0.058857,0.000000,510.375000
0.001607,0.055094,0.000000,510.375000
0.849075,0.019290,0.000000,510.375000
0.969572,0.037719,0.000000,510.375000
0.292054,0.098581,0.000000,510.375000
0.762153,0.060745,0.000000,510.375000
0.986598,0.018750,0.000000,510.375000
0.191252,0.034366,0.000000,510.375000
0.995183,0.047630,0.000000,510.375000
0.566871,0.032213,0.000000,510.375000
0.010216,0.049694,0.000000,510.375000
0.100028,0.006681,0.000000,510.375000
0.936679,0.003611,0.000000,510.375000
0.662206,0.025277,0.000000,510.375000
0.895985,0.095311,0.000000,510.375000
0.467805,0.084883,0.000000,510.375000
0.366531,0.077848,0.000000,510.375000
0.550519,0.043121,0.000000,510.375000
0.471121,0.058656,0.000000,510.375000
0.594785,0.009187,0.000000,510.375000
0.338080,0.049844,0.000000,510.375000
0.404816,0.096224,0.000000,510.375000
0.884361,0.065649,0.000000,510.375000
0.791986,0.025351,0.000000,510.375000
0.732340,0.060371,0.000000,510.375000
0.791350,0.042293,0.000000,510.375000
0.377163,0.090216,0.000000,510.375000
0.155918,0.030450,0.000000,510.375000
0.190982,0.067306,0.000000,510.375000
0.012609,0.049674,0.000000,510.375000
0.281616,0.056180,0.000000,510.375000
0.851245,0.073301,0.000000,510.375000
0.842616,0.054637,0.000000,510.375000
0.720987,0.074753,0.000000,510.375000
0.024984,0.010965,0.000000,510.375000
0.079461,0.034759,0.000000,510.375000
0.122437,0.047741,0.000000,510.375000
0.672106,0.043354,0.000000,510.375000
0.095958,0.085978,0.000000,510.375000
0.807276,0.059376,0.000000,510.375000
0.713452,0.042559,0.000000,510.375000
0.235662,0.019721,0.000000,510.375000
0.682867,0.017124,0.000000,510.375000
0.686374,0.018132,0.000000,510.375000
0.812972,0.037918,0.000000,510.375000
0.206231,0.019289,0.000000,510.375000
0.282068,0.090827,0.000000,510.375000
0.504035,0.010134,0.000000,510.375000
0.587135,0.007809,0.000000,510.375000
0.796505,0.060639,0.000000,510.375000
0.817382,0.070818,0.000000,510.375000
0.818195,0.001399,0.000000,510.375000
0.519862,0.073736,0.000000,510.375000
0.122187,0.051442,0.000000,510.375000
0.599079,0.056870,0.000000,510.375000
0.803184,0.077525,0.000000,510.375000
0.564152,0.081236,0.000000,510.375000
0.863641,0.098212,0.000000,510.375000
0.970697,0.069964,0.000000,510.375000
0.600017,0.008532,0.000000,510.375000
0.718264,0.014598,0.000000,510.375000
0.959137,0.016633,0.000000,510.375000
0.443396,0.024213,0.000000,510.375000
0.210958,0.059894,0.000000,510.375000
0.349177,0.027271,0.000000,510.375000
0.919516,0.013488,0.000000,510.375000
0.983175,0.039855,0.000000,510.375000
0.148633,0.014204,0.000000,510.375000
0.949100,0.093655,0.000000,510.375000
0.776671,0.067260,0.000000,510.375000
0.323115,0.091110,0.000000,510.375000
0.455707,0.025808,0.000000,510.375000
0.627291,0.082505,0.000000,510.375000
0.856403,0.047137,0.000000,510.375000
0.233003,0.006732,0.000000,510.375000
0.135415,0.005967,0.000000,510.375000
0.130001,0.085158,0.000000,510.375000
0.963655,0.033064,0.000000,510.375000
0.506823,0.076712,0.000000,510.375000
0.562813,0.023933,0.000000,510.375000
0.420856,0.035718,0.000000,510.375000
0.159707,0.079440,0.000000,510.375000
0.373450,0.037918,0.000000,510.375000
0.141231,0.058681,0.000000,510.375000
0.273079,0.004926,0.000000,510.375000
0.729871,0.061190,0.000000,510.375000
0.319630,0.062663,0.000000,510.375000
0.866949,0.011953,0.000000,510.375000
0.363454,0.088072,0.000000,510.375000
0.534157,0.070230,0.000000,510.375000
0.966737,0.020209,0.000000,510.375000
0.305038,0.059417,0.000000,510.375000
0.991741,0.042735,0.000000,510.375000
0.363658,0.031347,0.000000,510.375000
0.360741,0.021960,0.000000,510.375000
0.701305,0.015517,0.000000,510.375000
0.656642,0.081642,0.000000,510.375000
0.720500,0.045588,0.000000,510.375000
0.250306,0.088021,0.000000,510.375000
0.599246,0.050581,0.000000,510.375000
0.517718,0.068311,0.000000,510.375000
0.979136,0.026730,0.000000,510.375000
0.476916,0.084857,0.000000,510.375000
0.946427,0.017601,0.000000,510.375000
0.188772,0.059902,0.000000,510.375000
0.948693,0.053196,0.000000,510.375000
0.836501,0.038674,0.000000,510.375000
0.907033,0.070451,0.000000,510.375000
0.716500,0.037652,0.000000,510.375000
0.616081,0.081570,0.000000,510.375000
0.549444,0.021265,0.000000,510.375000
0.931439,0.020711,0.000000,510.375000
0.233059,0.052732,0.000000,510.375000
0.742619,0.048151,0.000000,510.375000
0.811202,0.043789,0.000000,510.375000
0.509017,0.022549,0.000000,510.375000
0.049623,0.056242,0.000000,510.375000
0.853011,0.025360,0.000000,510.375000
0.293833,0.084751,0.000000,510.375000
0.680144,0.083973,0.000000,510.375000
0.170903,0.008560,0.000000,510.375000
0.601994,0.064575,0.000000,510.375000
0.073795,0.022564,0.000000,510.375000
0.346742,0.052110,0.000000,510.375000
0.212349,0.051746,0.000000,510.375000
0.763551,0.042140,0.000000,510.375000
0.388775,0.040748,0.000000,510.375000
0.559835,0.066861,0.000000,510.375000
0.836155,0.017054,0.000000,510.375000
0.149191,0.007668,0.000000,510.375000
0.195781,0.030710,0.000000,510.375000
0.709213,0.006776,0.000000,510.375000
0.683137,0.094948,0.000000,510.375000
0.641081,0.080755,0.000000,510.375000
0.435775,0.073244,0.000000,510.375000
0.005261,0.044449,0.000000,510.375000
0.706581,0.059545,0.000000,510.375000
0.579947,0.081899,0.000000,510.375000
0.914147,0.064651,0.000000,510.375000
0.871817,0.096792,0.000000,510.375000
0.026862,0.099592,0.000000,510.375000
0.875312,0.082051,0.000000,510.375000
0.848253,0.023318,0.000000,510.375000
0.222095,0.088622,0.000000,510.375000
0.706727,0.008435,0.000000,510.375000
0.075248,0.068665,0.000000,510.375000
0.060555,0.057064,0.000000,510.375000
0.248833,0.054388,0.000000,510.375000
0.044777,0.085534,0.000000,510.375000
0.250350,0.004146,0.000000,510.375000
0.041201,0.059772,0.000000,510.375000
0.797763,0.015551,0.000000,510.375000
0.315863,0.044537,0.000000,510.375000
0.845391,0.072050,0.000000,510.375000
0.145425,0.016636,0.000000,510.375000
0.802422,0.068417,0.000000,510.375000
0.019056,0.091894,0.000000,510.375000
0.086019,0.037697,0.000000,510.375000
0.710824,0.099296,0.000000,510.375000
0.835060,0.004672,0.000000,510.375000
0.479424,0.070914,0.000000,510.375000
0.496242,0.091492,0.000000,510.375000
0.536533,0.053664,0.000000,510.375000
0.818227,0.000430,0.000000,510.375000
0.026068,0.008292,0.000000,510.375000
0.740542,0.092113,0.000000,510.375000
0.843124,0.080460,0.000000,510.375000
0.797268,0.071730,0.000000,510.375000
0.806568,0.070432,0.000000,510.375000
0.969677,0.075898,0.000000,510.375000
0.398051,0.034565,0.000000,510.375000
0.684377,0.006921,0.000000,510.375000
0.159919,0.041174,0.000000,510.375000
0.873196,0.006100,0.000000,510.375000
0.919340,0.039585,0.000000,510.375000
0.050334,0.090332,0.000000,510.375000
0.222056,0.079912,0.000000,510.375000
0.705873,0.004909,0.000000,510.375000
0.580954,0.036197,0.000000,510.375000
0.998675,0.025488,0.000000,510.375000
0.546586,0.021865,0.000000,510.375000
0.880403,0.032510,0.000000,510.375000
0.425178,0.002988,0.000000,510.375000
0.860702,0.074988,0.000000,510.375000
0.270189,0.039762,0.000000,510.375000
0.238628,0.082293,0.000000,510.375000
0.976171,0.015489,0.000000,510.375000
0.772001,0.030570,0.000000,510.375000
0.772259,0.086947,0.000000,510.375000
0.510084,0.038093,0.000000,510.375000
0.484988,0.093007,0.000000,510.375000
0.400902,0.032343,0.000000,510.375000
0.332302,0.031753,0.000000,510.375000
0.653363,0.019768,0.000000,510.375000
0.012948,0.042972,0.000000,510.375000
0.322343,0.058250,0.000000,510.375000
0.669715,0.085934,0.000000,510.375000
0.192946,0.025844,0.000000,510.375000
0.156121,0.046027,0.000000,510.375000
0.176117,0.039319,0.000000,510.375000
0.488743,0.070623,0.000000,510.375000
0.247542,0.067054,0.000000,510.375000
0.586881,0.094176,0.000000,510.375000
0.823796,0.017902,0.000000,510.375000
0.460640,0.082849,0.000000,510.375000
0.852632,0.048002,0.000000,510.375000
0.556139,0.022861,0.000000,510.375000
0.548634,0.035596,0.000000,510.375000
0.510248,0.081366,0.000000,510.375000
0.975352,0.009832,0.000000,510.375000
0.747829,0.094058,0.000000,510.375000
0.913003,0.042402,0.000000,510.375000
0.957271,0.072607,0.000000,510.375000
0.986724,0.055562,0.000000,510.375000
0.132041,0.044245,0.000000,510.375000
0.421037,0.064728,0.000000,510.375000
0.225445,0.009045,0.000000,510.375000
0.572473,0.041942,0.000000,510.375000
0.515589,0.004707,0.000000,510.375000
0.701603,0.039390,0.000000,510.375000
0.826900,0.034278,0.000000,510.375000
0.595819,0.099058,0.000000,510.375000
0.941583,0.089547,0.000000,510.375000
0.113172,0.028822,0.000000,510.375000
0.309225,0.008930,0.000000,510.375000
0.245995,0.008386,0.000000,510.375000
0.381172,0.021878,0.000000,510.375000
0.284952,0.017904,0.000000,510.375000
0.157038,0.003630,0.000000,510.375000
0.773916,0.061016,0.000000,510.375000
0.675923,0.070138,0.000000,510.375000
0.714252,0.045646,0.000000,510.375000
0.086966,0.074106,0.000000,510.375000
0.233672,0.017345,0.000000,510.375000
0.793496,0.083103,0.000000,510.375000
0.840400,0.035239,0.000000,510.375000
0.762858,0.096076,0.000000,510.375000
0.382072,0.060547,0.000000,510.375000
0.544742,0.095522,0.000000,510.375000
0.940353,0.050047,0.000000,510.375000
0.699047,0.067202,0.000000,510.375000
0.197622,0.003688,0.000000,510.375000
0.893146,0.099542,0.000000,510.375000
0.809766,0.013324,0.000000,510.375000
0.306369,0.099139,0.000000,510.375000
0.605615,0.097157,0.000000,510.375000
0.303497,0.081939,0.000000,510.375000
0.752485,0.020082,0.000000,510.375000
0.935411,0.030569,0.000000,510.375000
0.445874,0.039634,0.000000,510.375000
0.646188,0.018161,0.000000,510.375000
0.548088,0.050490,0.000000,510.375000
0.587889,0.014809,0.000000,510.375000
0.411805,0.004373,0.000000,510.375000
0.205198,0.048876,0.000000,510.375000
0.095129,0.088213,0.000000,510.375000
0.656767,0.099739,0.000000,510.375000
0.961156,0.029439,0.000000,510.375000
0.635118,0.025281,0.000000,510.375000
0.478507,0.010964,0.000000,510.375000
0.553532,0.008412,0.000000,510.375000
0.065941,0.058113,0.000000,510.375000
0.275925,0.092048,0.000000,510.375000
0.381287,0.074611,0.000000,510.375000
0.111246,0.092395,0.000000,510.375000
0.328239,0.008502,0.000000,510.375000
0.849584,0.056726,0.000000,510.375000
0.928190,0.048502,0.000000,510.375000
0.612443,0.037912,0.000000,510.375000
0.089860,0.086530,0.000000,510.375000
0.921925,0.043925,0.000000,510.375000
0.400657,0.019206,0.000000,510.375000
0.170912,0.073294,0.000000,510.375000
0.624569,0.092948,0.000000,510.375000
0.049914,0.013792,0.000000,510.375000
0.451889,0.057015,0.000000,510.375000
0.195920,0.053106,0.000000,510.375000
0.090535,0.029136,0.000000,510.375000
0.588012,0.070585,0.000000,510.375000
0.569977,0.041660,0.000000,510.375000
0.682666,0.013118,0.000000,510.375000
0.594766,0.033905,0.000000,510.375000
0.314183,0.071465,0.000000,510.375000
0.638887,0.053169,0.000000,510.375000
0.170472,0.073715,0.000000,510.375000
0.430199,0.009941,0.000000,510.375000
0.395349,0.077611,0.000000,510.375000
0.162838,0.035262,0.000000,510.375000
0.310240,0.032316,0.000000,510.375000
0.634617,0.008595,0.000000,510.375000
0.099295,0.029333,0.000000,510.375000
0.287175,0.027377,0.000000,510.375000
0.908344,0.038052,0.000000,510.375000
0.973353,0.032006,0.000000,510.375000
0.101169,0.045407,0.000000,510.375000
0.227161,0.024110,0.000000,510.375000
0.303366,0.040490,0.000000,510.375000
0.944325,0.077690,0.000000,510.375000
0.442244,0.096214,0.000000,510.375000
0.052945,0.059967,0.000000,510.375000
0.036986,0.021837,0.000000,510.375000
0.560406,0.061538,0.000000,510.375000
0.397143,0.033214,0.000000,510.375000
0.351720,0.064135,0.000000,510.375000
0.893703,0.010787,0.000000,510.375000
0.201263,0.010468,0.000000,510.375000
0.504869,0.035763,0.000000,510.375000
0.802194,0.057780,0.000000,510.375000
0.415798,0.087108,0.000000,510.375000
0.559278,0.092057,0.000000,510.375000
0.181574,0.032769,0.000000,510.375000
0.467777,0.065473,0.000000,510.375000
0.975463,0.019178,0.000000,510.375000
0.079427,0.067561,0.000000,510.375000
0.312694,0.072496,0.000000,510.375000
0.367746,0.098519,0.000000,510.375000
0.253451,0.012486,0.000000,510.375000
0.970725,0.024702,0.000000,510.375000
0.305543,0.059511,0.000000,510.375000
0.307938,0.089832,0.000000,510.375000
0.709543,0.033929,0.000000,510.375000
0.460484,0.081779,0.000000,510.375000
0.150337,0.017178,0.000000,510.375000
0.427054,0.025343,0.000000,510.375000
0.741454,0.025949,0.000000,510.375000
0.627248,0.085225,0.000000,510.375000
0.785437,0.053776,0.000000,510.375000
0.758936,0.020257,0.000000,510.375000
0.012638,0.023237,0.000000,510.375000
0.217886,0.061962,0.000000,510.375000
0.823536,0.009543,0.000000,510.375000
0.321457,0.028538,0.000000,510.375000
0.877258,0.071630,0.000000,510.375000
0.754989,0.034091,0.000000,510.375000
0.418973,0.007149,0.000000,510.375000
0.896488,0.052538,0.000000,510.375000
0.795552,0.050944,0.000000,510.375000
0.619142,0.045854,0.000000,510.375000
0.114141,0.049702,0.000000,510.375000
0.821975,0.069667,0.000000,510.375000
0.001441,0.055583,0.000000,510.375000
0.234661,0.033484,0.000000,510.375000
0.604624,0.037210,0.000000,510.375000
0.553366,0.000383,0.000000,510.375000
0.637709,0.058042,0.000000,510.375000
0.068278,0.000731,0.000000,510.375000
0.309948,0.007322,0.000000,510.375000
0.501136,0.060502,0.000000,510.375000
0.737107,0.098251,0.000000,510.375000
0.934733,0.045710,0.000000,510.375000
0.285668,0.096379,0.000000,510.375000
0.561244,0.047848,0.000000,510.375000
0.139056,0.027204,0.000000,510.375000
0.862696,0.069454,0.000000,510.375000
0.017319,0.092727,0.000000,510.375000
0.988097,0.042050,0.000000,510.375000
0.818283,0.067202,0.000000,510.375000
0.880891,0.091085,0.000000,510.375000
0.389530,0.096363,0.000000,510.375000
0.963004,0.027071,0.000000,510.375000
0.392968,0.000936,0.000000,510.375000
0.329538,0.021798,0.000000,510.375000
0.836239,0.089278,0.000000,510.375000
0.866309,0.012906,0.000000,510.375000
0.768934,0.063652,0.000000,510.375000
0.007841,0.026065,0.000000,510.375000
0.457713,0.033411,0.000000,510.375000
0.664302,0.023097,0.000000,510.375000
0.478472,0.050345,0.000000,510.375000
0.658871,0.020857,0.000000,510.375000
0.323551,0.087447,0.000000,510.375000
0.269885,0.005573,0.000000,510.375000
0.897423,0.083224,0.000000,510.375000
0.972251,0.013657,0.000000,510.375000
0.399805,0.049847,0.000000,510.375000
0.644392,0.036150,0.000000,510.375000
0.805673,0.067532,0.000000,510.375000
0.544464,0.065787,0.000000,510.375000
0.087964,0.026942,0.000000,510.375000
0.776837,0.013454,0.000000,510.375000
0.795240,0.026167,0.000000,510.375000
0.563521,0.000481,0.000000,510.375000
0.477904,0.072431,0.000000,510.375000
0.000400,0.006312,0.000000,510.375000
0.543040,0.091918,0.000000,510.375000
0.315547,0.009830,0.000000,510.375000
0.995470,0.007091,0.000000,510.375000
0.801145,0.034477,0.000000,510.375000
0.443560,0.052533,0.000000,510.375000
0.842752,0.094499,0.000000,510.375000
0.770353,0.032428,0.000000,510.375000
0.893169,0.030856,0.000000,510.375000
0.921026,0.024591,0.000000,510.375000
0.920209,0.058747,0.000000,510.375000
0.627851,0.072255,0.000000,510.375000
0.635321,0.098807,0.000000,510.375000
0.481803,0.014799,0.000000,510.375000
0.374213,0.020815,0.000000,510.375000
0.874573,0.009956,0.000000,510.375000
0.591130,0.013382,0.000000,510.375000
0.811064,0.076178,0.000000,510.375000
0.704607,0.040651,0.000000,510.375000
0.680080,0.024331,0.000000,510.375000
0.762163,0.070094,0.000000,510.375000
0.107436,0.060943,0.000000,510.375000
0.957123,0.071784,0.000000,510.375000
0.647408,0.097288,0.000000,510.375000
0.391669,0.027039,0.000000,510.375000
0.918845,0.041864,0.000000,510.375000
0.852939,0.045354,0.000000,510.375000
0.757952,0.084832,0.000000,510.375000
0.025644,0.088526,0.000000,510.375000
0.182786,0.032678,0.000000,510.375000
0.771126,0.018210,0.000000,510.375000
0.511881,0.071800,0.000000,510.375000
0.428188,0.001698,0.000000,510.375000
0.262183,0.023700,0.000000,510.375000
0.394830,0.045804,0.000000,510.375000
0.687845,0.076177,0.000000,510.375000
0.623391,0.052445,0.000000,510.375000
0.221124,0.098940,0.000000,510.375000
0.264334,0.038140,0.000000,510.375000
0.246107,0.031735,0.000000,510.375000
0.044281,0.070700,0.000000,510.375000
0.872300,0.065767,0.000000,510.375000
0.655306,0.094363,0.000000,510.375000
0.339336,0.035256,0.000000,510.375000
0.533076,0.047451,0.000000,510.375000
0.196896,0.060002,0.000000,510.375000
0.778315,0.041585,0.000000,510.375000
0.321729,0.029997,0.000000,510.375000
0.178403,0.072031,0.000000,510.375000
0.820827,0.018026,0.000000,510.375000
0.554456,0.086894,0.000000,510.375000
0.282867,0.050830,0.000000,510.375000
0.611424,0.098393,0.000000,510.375000
0.215910,0.070497,0.000000,510.375000
0.671613,0.090520,0.000000,510.375000
0.657740,0.052787,0.000000,510.375000
0.547329,0.058951,0.000000,510.375000
0.101890,0.096726,0.000000,510.375000
0.212548,0.093393,0.000000,510.375000
0.331687,0.000745,0.000000,510.375000
0.913047,0.047861,0.000000,510.375000
0.341881,0.071537,0.000000,510.375000
0.200900,0.098207,0.000000,510.375000
0.795787,0.057548,0.000000,510.375000
0.475882,0.030626,0.000000,510.375000
0.933079,0.083176,0.000000,510.375000
0.912423,0.046281,0.000000,510.375000
0.897295,0.066749,0.000000,510.375000
0.582995,0.075483,0.000000,510.375000
0.058754,0.033267,0.000000,510.375000
0.066904,0.039699,0.000000,510.375000
0.315685,0.073882,0.000000,510.375000
0.137207,0.017363,0.000000,510.375000
0.722086,0.012060,0.000000,510.375000
0.626930,0.042073,0.000000,510.375000
0.501086,0.062467,0.000000,510.375000
0.885620,0.058478,0.000000,510.375000
0.365369,0.040483,0.000000,510.375000
0.145707,0.074871,0.000000,510.375000
0.441354,0.026987,0.000000,510.375000
0.677117,0.037120,0.000000,510.375000
0.588738,0.093211,0.000000,510.375000
0.031426,0.026189,0.000000,510.375000
0.336697,0.027849,0.000000,510.375000
0.088765,0.099608,0.000000,510.375000
0.465299,0.057808,0.000000,510.375000
0.378764,0.057179,0.000000,510.375000
0.882309,0.015668,0.000000,510.375000
0.952020,0.063657,0.000000,510.375000
0.994529,0.007922,0.000000,510.375000
0.225785,0.037944,0.000000,510.375000
0.118528,0.049368,0.000000,510.375000
0.431770,0.094056,0.000000,510.375000
0.694174,0.026421,0.000000,510.375000
0.683971,0.077158,0.000000,510.375000
0.955031,0.067772,0.000000,510.375000
0.217906,0.070877,0.000000,510.375000
0.408719,0.052951,0.000000,510.375000
0.833950,0.053631,0.000000,510.375000
0.227028,0.084154,0.000000,510.375000
0.297944,0.039127,0.000000,510.375000
0.636603,0.019899,0.000000,510.375000
0.914372,0.072042,0.000000,510.375000
0.477391,0.019154,0.000000,510.375000
0.023617,0.002737,0.000000,510.375000
0.574237,0.041515,0.000000,510.375000
0.989450,0.009292,0.000000,510.375000
0.061724,0.071379,0.000000,510.375000
0.791020,0.095684,0.000000,510.375000
0.921754,0.035126,0.000000,510.375000
0.995234,0.099300,0.000000,510.375000
0.860422,0.066679,0.000000,510.375000
0.233230,0.026338,0.000000,510.375000
0.754262,0.051933,0.000000,510.375000
0.014713,0.064431,0.000000,510.375000
0.322799,0.016211,0.000000,510.375000
0.721936,0.052946,0.000000,510.375000
0.957145,0.028819,0.000000,510.375000
0.871908,0.027943,0.000000,510.375000
0.183217,0.037004,0.000000,510.375000
0.138984,0.058528,0.000000,510.375000
0.048963,0.074037,0.000000,510.375000
0.313599,0.091598,0.000000,510.375000
0.456388,0.070021,0.000000,510.375000
0.073042,0.080571,0.000000,510.375000
0.223961,0.070654,0.000000,510.375000
0.774404,0.028725,0.000000,510.375000
0.693462,0.032010,0.000000,510.375000
0.695572,0.065648,0.000000,510.375000
0.220422,0.028423,0.000000,510.375000
0.171904,0.066903,0.000000,510.375000
0.906944,0.034293,0.000000,510.375000
0.188730,0.024091,0.000000,510.375000
0.822670,0.061208,0.000000,510.375000
0.456653,0.058369,0.000000,510.375000
0.007831,0.086945,0.000000,510.375000
0.815783,0.058627,0.000000,510.375000
0.008539,0.047149,0.000000,510.375000
0.236122,0.054481,0.000000,510.375000
0.090818,0.042948,0.000000,510.375000
0.894615,0.025959,0.000000,510.375000
0.992334,0.054163,0.000000,510.375000
0.573996,0.092012,0.000000,510.375000
0.342966,0.002265,0.000000,510.375000
0.508280,0.095063,0.000000,510.375000
0.832078,0.069627,0.000000,510.375000
0.905697,0.000016,0.000000,510.375000
0.281283,0.093113,0.000000,510.375000
0.789519,0.096766,0.000000,510.375000
0.516998,0.030845,0.000000,510.375000
0.718920,0.040067,0.000000,510.375000
0.214902,0.064027,0.000000,510.375000
0.380012,0.072759,0.000000,510.375000
0.992734,0.021069,0.000000,510.375000
0.523852,0.070952,0.000000,510.375000
0.074237,0.086277,0.000000,510.375000
0.771856,0.053656,0.000000,510.375000
0.058037,0.060072,0.000000,510.375000
0.187056,0.060504,0.000000,510.375000
0.327045,0.097873,0.000000,510.375000
0.848909,0.083879,0.000000,510.375000
0.746030,0.017732,0.000000,510.375000
0.672608,0.030852,0.000000,510.375000
0.937766,0.078265,0.000000,510.375000
0.780661,0.086335,0.000000,510.375000
0.327660,0.051082,0.000000,510.375000
0.178497,0.016133,0.000000,510.375000
0.868956,0.026568,0.000000,510.375000
0.479542,0.092617,0.000000,510.375000
0.721112,0.002663,0.000000,510.375000
0.275898,0.022602,0.000000,510.375000
0.926808,0.060974,0.000000,510.375000
0.906250,0.049645,0.000000,510.375000
0.957155,0.049967,0.000000,510.375000
0.105730,0.018448,0.000000,510.375000
0.392840,0.086773,0.000000,510.375000
0.978342,0.092797,0.000000,510.375000
0.283675,0.042900,0.000000,510.375000
0.749043,0.005303,0.000000,510.375000
0.740209,0.096224,0.000000,510.375000
0.948111,0.048032,0.000000,510.375000
0.777956,0.036285,0.000000,510.375000
0.003345,0.092378,0.000000,510.375000
0.003789,0.090796,0.000000,510.375000
0.173903,0.040484,0.000000,510.375000
0.218539,0.053974,0.000000,510.375000
0.689499,0.046581,0.000000,510.375000
0.407519,0.089036,0.000000,510.375000
0.499414,0.061357,0.000000,510.375000
0.323255,0.089876,0.000000,510.375000
0.192454,0.013242,0.000000,510.375000
0.700486,0.063721,0.000000,510.375000
0.122345,0.020048,0.000000,510.375000
0.239628,0.033007,0.000000,510.375000
0.033605,0.059057,0.000000,510.375000
0.436107,0.012418,0.000000,510.375000
0.507279,0.058276,0.000000,510.375000
0.682783,0.048501,0.000000,510.375000
0.368226,0.012532,0.000000,510.375000
0.767295,0.095018,0.000000,510.375000
0.515974,0.094421,0.000000,510.375000
0.442577,0.049708,0.000000,510.375000
0.505421,0.069430,0.000000,510.375000
0.043546,0.010876,0.000000,510.375000
0.418119,0.032384,0.000000,510.375000
0.753239,0.082426,0.000000,510.375000
0.928557,0.097882,0.000000,510.375000
0.843603,0.019613,0.000000,510.375000
0.295127,0.044126,0.000000,510.375000
0.782697,0.041895,0.000000,510.375000
0.735257,0.073310,0.000000,510.375000
0.861036,0.052464,0.000000,510.375000
0.863568,0.071360,0.000000,510.375000
0.499586,0.096406,0.000000,510.375000
0.313453,0.008538,0.000000,510.375000
0.753854,0.069190,0.000000,510.375000
0.282451,0.064855,0.000000,510.375000
0.302384,0.061656,0.000000,510.375000
0.131804,0.075992,0.000000,510.375000
0.758754,0.081168,0.000000,510.375000
0.929165,0.099473,0.000000,510.375000
0.795402,0.007533,0.000000,510.375000
0.954007,0.092102,0.000000,510.375000
0.563662,0.060339,0.000000,510.375000
0.232039,0.052639,0.000000,510.375000
0.245170,0.049793,0.000000,510.375000
0.152468,0.005905,0.000000,510.375000
0.608846,0.024956,0.000000,510.375000
0.270410,0.057032,0.000000,510.375000
0.175587,0.034819,0.000000,510.375000
0.332906,0.092207,0.000000,510.375000
0.464372,0.066566,0.000000,510.375000
0.075106,0.017952,0.000000,510.375000
0.915094,0.096023,0.000000,510.375000
0.167730,0.005252,0.000000,510.375000
0.904796,0.004769,0.000000,510.375000
0.839893,0.049235,0.000000,510.375000
0.110902,0.056254,0.000000,510.375000
0.032428,0.088600,0.000000,510.375000
0.939782,0.025419,0.000000,510.375000
0.604805,0.052759,0.000000,510.375000
0.208465,0.089696,0.000000,510.375000
0.791439,0.004900,0.000000,510.375000
0.776265,0.093621,0.000000,510.375000
0.120420,0.087771,0.000000,510.375000
0.284623,0.013445,0.000000,510.375000
0.868172,0.082435,0.000000,510.375000
0.092149,0.048447,0.000000,510.375000
0.409371,0.045730,0.000000,510.375000
0.616645,0.071592,0.000000,510.375000
0.079466,0.062056,0.000000,510.375000
0.877264,0.003086,0.000000,510.375000
0.853338,0.022427,0.000000,510.375000
0.924154,0.037532,0.000000,510.375000
0.653586,0.008145,0.000000,510.375000
0.211111,0.083485,0.000000,510.375000
0.504549,0.071748,0.000000,510.375000
0.321091,0.084808,0.000000,510.375000
0.304566,0.067659,0.000000,510.375000
0.390589,0.017089,0.000000,510.375000
0.625968,0.025485,0.000000,510.375000
0.867696,0.076687,0.000000,510.375000
0.764067,0.024411,0.000000,510.375000
0.929913,0.064962,0.000000,510.375000
0.280950,0.067996,0.000000,510.375000
0.180968,0.075533,0.000000,510.375000
0.897255,0.009297,0.000000,510.375000
0.246581,0.022081,0.000000,510.375000
0.684599,0.042193,0.000000,510.375000
0.345517,0.088931,0.000000,510.375000
0.492316,0.023036,0.000000,510.375000
0.360975,0.024683,0.000000,510.375000
0.351432,0.006773,0.000000,510.375000
0.883762,0.005744,0.000000,510.375000
0.058527,0.032581,0.000000,510.375000
0.746247,0.094326,0.000000,510.375000
0.768823,0.052196,0.000000,510.375000
0.691011,0.027454,0.000000,510.375000
0.031174,0.020262,0.000000,510.375000
0.313116,0.007702,0.000000,510.375000
0.215021,0.096186,0.000000,510.375000
0.281886,0.070791,0.000000,510.375000
0.440280,0.082943,0.000000,510.375000
0.883057,0.093662,0.000000,510.375000
0.282660,0.017363,0.000000,510.375000
0.083467,0.025324,0.000000,510.375000
0.690762,0.073818,0.000000,510.375000
0.601207,0.064540,0.000000,510.375000
0.917841,0.061702,0.000000,510.375000
0.158228,0.066804,0.000000,510.375000
0.073327,0.061707,0.000000,510.375000
0.818493,0.020131,0.000000,510.375000
0.145911,0.009891,0.000000,510.375000
0.972088,0.083973,0.000000,510.375000
0.490628,0.049863,0.000000,510.375000
0.281377,0.080374,0.000000,510.375000
0.210665,0.023311,0.000000,510.375000
0.918178,0.069903,0.000000,510.375000
0.129014,0.016553,0.000000,510.375000
0.611352,0.076559,0.000000,510.375000
0.558542,0.064282,0.000000,510.375000
0.111998,0.068551,0.000000,510.375000
0.579701,0.035450,0.000000,510.375000
0.591027,0.081004,0.000000,510.375000
0.852468,0.051576,0.000000,510.375000
0.182076,0.092512,0.000000,510.375000
0.239273,0.095688,0.000000,510.375000
0.527562,0.075991,0.000000,510.375000
0.378201,0.080737,0.000000,510.375000
0.965022,0.051645,0.000000,510.375000
0.392747,0.013467,0.000000,510.375000
0.361398,0.081070,0.000000,510.375000
0.757087,0.095224,0.000000,510.375000
0.300493,0.003343,0.000000,510.375000
0.841788,0.066342,0.000000,510.375000
0.201388,0.048612,0.000000,510.375000
0.814745,0.072885,0.000000,510.375000
0.585528,0.035278,0.000000,510.375000
0.204300,0.005987,0.000000,510.375000
0.919448,0.077897,0.000000,510.375000
0.169281,0.084117,0.000000,510.375000
0.092934,0.051180,0.000000,510.375000
0.893033,0.064363,0.000000,510.375000
0.782512,0.061499,0.000000,510.375000
0.273118,0.075233,0.000000,510.375000
0.411982,0.069003,0.000000,510.375000
0.052689,0.020700,0.000000,510.375000
0.287026,0.009112,0.000000,510.375000
0.480181,0.091868,0.000000,510.375000
0.032668,0.017416,0.000000,510.375000
0.052104,0.061316,0.000000,510.375000
0.974778,0.043019,0.000000,510.375000
0.681635,0.014343,0.000000,510.375000
0.265798,0.073232,0.000000,510.375000
0.599089,0.028026,0.000000,510.375000
0.937309,0.096026,0.000000,510.375000
0.566983,0.060731,0.000000,510.375000
0.640300,0.087478,0.000000,510.375000
0.379165,0.087587,0.000000,510.375000
0.181993,0.008222,0.000000,510.375000
0.552147,0.038575,0.000000,510.375000
0.501429,0.085605,0.000000,510.375000
0.900343,0.081575,0.000000,510.375000
0.515540,0.015957,0.000000,510.375000
0.169478,0.091912,0.000000,510.375000
0.568082,0.071775,0.000000,510.375000
0.477021,0.022886,0.000000,510.375000
0.268698,0.027228,0.000000,510.375000
0.330890,0.008856,0.000000,510.375000
0.351261,0.017635,0.000000,510.375000
0.395908,0.033929,0.000000,510.375000
0.298471,0.062427,0.000000,510.375000
0.385656,0.049872,0.000000,510.375000
0.198124,0.021826,0.000000,510.375000
0.031110,0.037749,0.000000,510.375000
0.857062,0.041610,0.000000,510.375000
0.012309,0.050756,0.000000,510.375000
0.931940,0.059533,0.000000,510.375000
0.573361,0.006789,0.000000,510.375000
0.802324,0.059475,0.000000,510.375000
0.368244,0.071499,0.000000,510.375000
0.486265,0.069914,0.000000,510.375000
0.655052,0.009334,0.000000,510.375000
0.083635,0.096113,0.000000,510.375000
0.632155,0.056643,0.000000,510.375000
0.794432,0.082982,0.000000,510.375000
0.971802,0.001990,0.000000,510.375000
0.700591,0.063753,0.000000,510.375000
0.270656,0.040112,0.000000,510.375000
0.189778,0.099159,0.000000,510.375000
0.369411,0.020351,0.000000,510.375000
0.972978,0.001075,0.000000,510.375000
0.651260,0.022590,0.000000,510.375000
0.217564,0.084981,0.000000,510.375000
0.446357,0.078307,0.000000,510.375000
0.095823,0.057505,0.000000,510.375000
0.660002,0.022067,0.000000,510.375000
0.329689,0.018630,0.000000,510.375000
0.474832,0.070559,0.000000,510.375000
0.138206,0.080463,0.000000,510.375000
0.110537,0.062512,0.000000,510.375000
0.622892,0.026300,0.000000,510.375000
0.334772,0.046502,0.000000,510.375000
0.747186,0.064692,0.000000,510.375000
0.825524,0.007720,0.000000,510.375000
0.766097,0.044146,0.000000,510.375000
0.435605,0.068125,0.000000,510.375000
0.751606,0.065339,0.000000,510.375000
0.389194,0.093836,0.000000,510.375000
0.501925,0.092706,0.000000,510.375000
0.859301,0.061560,0.000000,510.375000
0.034264,0.073047,0.000000,510.375000
0.451486,0.010284,0.000000,510.375000
0.567635,0.006995,0.000000,510.375000
0.454001,0.018468,0.000000,510.375000
0.765770,0.076926,0.000000,510.375000
0.862647,0.091477,0.000000,510.375000
0.028153,0.041601,0.000000,510.375000
0.438917,0.076625,0.000000,510.375000
0.077964,0.041885,0.000000,510.375000
0.667526,0.095800,0.000000,510.375000
0.512353,0.079674,0.000000,510.375000
0.570647,0.045147,0.000000,510.375000
0.874705,0.052779,0.000000,510.375000
0.950592,0.009927,0.000000,510.375000
0.055609,0.065533,0.000000,510.375000
0.433120,0.055693,0.000000,510.375000
0.727848,0.053868,0.000000,510.375000
0.297506,0.068713,0.000000,510.375000
0.017018,0.059399,0.000000,510.375000
0.997337,0.083577,0.000000,510.375000
0.921005,0.010707,0.000000,510.375000
0.705130,0.075329,0.000000,510.375000
0.042736,0.087316,0.000000,510.375000
0.933044,0.051283,0.000000,510.375000
0.741806,0.049255,0.000000,510.375000
0.454745,0.092969,0.000000,510.375000
0.579893,0.027073,0.000000,510.375000
0.607374,0.014591,0.000000,510.375000
0.858783,0.001326,0.000000,510.375000
0.666048,0.073055,0.000000,510.375000
0.154494,0.016644,0.000000,510.375000
0.678616,0.051789,0.000000,510.375000
0.530269,0.081257,0.000000,510.375000
0.858359,0.033496,0.000000,510.375000
0.757190,0.032107,0.000000,510.375000
0.837614,0.078481,0.000000,510.375000
0.711493,0.099884,0.000000,510.375000
0.349737,0.074270,0.000000,510.375000
0.900839,0.087900,0.000000,510.375000
0.484219,0.028413,0.000000,510.375000
0.306819,0.029292,0.000000,510.375000
0.367093,0.086461,0.000000,510.375000
0.228870,0.094467,0.000000,510.375000
0.508273,0.099023,0.000000,510.375000
0.667406,0.019611,0.000000,510.375000
0.787916,0.097805,0.000000,510.375000
0.883236,0.056775,0.000000,510.375000
0.420642,0.051139,0.000000,510.375000
0.711731,0.082334,0.000000,510.375000
0.315085,0.022667,0.000000,510.375000
0.818651,0.032921,0.000000,510.375000
0.736424,0.079545,0.000000,510.375000
0.035275,0.034709,0.000000,510.375000
0.398973,0.053656,0.000000,510.375000
0.230634,0.067306,0.000000,510.375000
0.605608,0.032969,0.000000,510.375000
0.333909,0.073825,0.000000,510.375000
0.672938,0.004689,0.000000,510.375000
0.345597,0.082968,0.000000,510.375000
0.620122,0.070426,0.000000,510.375000
0.315297,0.082961,0.000000,510.375000
0.492843,0.037493,0.000000,510.375000
0.840645,0.043613,0.000000,510.375000
0.066350,0.041444,0.000000,510.375000
0.046609,0.053008,0.000000,510.375000
0.636673,0.008265,0.000000,510.375000
0.559128,0.069022,0.000000,510.375000
0.427764,0.040762,0.000000,510.375000
0.930016,0.085156,0.000000,510.375000
0.526877,0.039466,0.000000,510.375000
0.578908,0.049212,0.000000,510.375000
0.416109,0.025254,0.000000,510.375000
0.144946,0.001636,0.000000,510.375000
0.246504,0.015145,0.000000,510.375000
0.005019,0.023450,0.000000,510.375000
0.618885,0.023421,0.000000,510.375000
0.968795,0.057384,0.000000,510.375000
0.048700,0.026673,0.000000,510.375000
0.697373,0.049284,0.000000,510.375000
0.727750,0.056788,0.000000,510.375000
0.886096,0.090364,0.000000,510.375000
0.946538,0.094396,0.000000,510.375000
0.729122,0.006141,0.000000,510.375000
0.109000,0.056186,0.000000,510.375000
0.114495,0.026565,0.000000,510.375000
0.421514,0.066650,0.000000,510.375000
0.108994,0.039552,0.000000,510.375000
0.244006,0.058722,0.000000,510.375000
0.144107,0.077858,0.000000,510.375000
0.755012,0.044272,0.000000,510.375000
0.393837,0.066136,0.000000,510.375000
0.028207,0.047462,0.000000,510.375000
0.378808,0.089733,0.000000,510.375000
0.206263,0.080709,0.000000,510.375000
0.466322,0.083177,0.000000,510.375000
0.897533,0.072537,0.000000,510.375000
0.879285,0.007789,0.000000,510.375000
0.103885,0.016069,0.000000,510.375000
0.916140,0.038278,0.000000,510.375000
0.894944,0.097645,0.000000,510.375000
0.421180,0.031405,0.000000,510.375000
0.376572,0.058081,0.000000,510.375000
0.694484,0.093519,0.000000,510.375000
0.011748,0.056175,0.000000,510.375000
0.999631,0.035529,0.000000,510.375000
0.884678,0.008871,0.000000,510.375000
0.712802,0.051478,0.000000,510.375000
0.697516,0.024447,0.000000,510.375000
0.681374,0.083442,0.000000,510.375000
0.346431,0.088720,0.000000,510.375000
0.769185,0.062873,0.000000,510.375000
0.431525,0.054607,0.000000,510.375000
0.033513,0.020367,0.000000,510.375000
0.175327,0.026127,0.000000,510.375000
0.145817,0.072702,0.000000,510.375000
0.260895,0.025419,0.000000,510.375000
0.546711,0.081744,0.000000,510.375000
0.552074,0.051092,0.000000,510.375000
0.787557,0.052414,0.000000,510.375000
0.739415,0.073448,0.000000,510.375000
0.726897,0.098946,0.000000,510.375000
0.712437,0.091018,0.000000,510.375000
0.589074,0.000122,0.000000,510.375000
0.904882,0.021078,0.000000,510.375000
0.909196,0.080498,0.000000,510.375000
0.067509,0.062132,0.000000,510.375000
0.465883,0.095829,0.000000,510.375000
0.433255,0.019186,0.000000,510.375000
0.431771,0.073609,0.000000,510.375000
0.958696,0.032500,0.000000,510.375000
0.043924,0.058609,0.000000,510.375000
0.051936,0.075573,0.000000,510.375000
0.214377,0.063441,0.000000,510.375000
0.271245,0.017623,0.000000,510.375000
0.144867,0.004095,0.000000,510.375000
0.327557,0.020300,0.000000,510.375000
