#OBJ File generated by Abaqus/CAE
#List of Vertices
v 0.00999966 -1.06931e-05 -3.41835e-05
v 0.0100041 0.00329772 -3.03788e-05
v 0.00669477 0.0032987 -2.3727e-05
v 0.00334904 0.00664882 -1.30497e-05
v 0.0100058 0.00664468 -2.3707e-05
v 3.37455e-06 0.00999894 -2.3434e-06
v 0.0100082 0.00999146 -1.71749e-05
v 0.0066938 -7.94396e-06 -2.35218e-05
v 0.00334892 -5.12237e-06 -1.2627e-05
v 9.96384e-07 -7.58942e-07 -2.90168e-07
v 0.0103569 0.00964179 -1.95004e-05
v 0.0103399 0.00999251 -1.8908e-05
v 0.0200081 0.00998654 -6.7557e-05
v 0.0200085 -1.62523e-05 -0.000103011
v 0.0100327 -1.1356e-05 -3.49511e-05
v 0.00999949 2.81906e-05 -3.39381e-05
v 0.0100038 0.0033754 -2.98595e-05
v 0.0127714 -1.24436e-05 -5.31949e-05
v 0.0100057 0.00672236 -2.30724e-05
v 0.0155111 -1.24668e-05 -7.33622e-05
v 0.0182505 -1.48143e-05 -9.08258e-05
v 0.0228891 0.00710475 -0.000103573
v 0.0240763 0.00998757 -0.000101343
v 0.0300127 0.00998655 -0.000146197
v 0.030011 -1.85886e-05 -0.00019296
v 0.0230961 -1.49975e-05 -0.000130331
v 0.0347059 0.00529042 -0.000218228
v 0.0365869 0.00998499 -0.000210371
v 0.0400171 0.00998309 -0.000245242
v 0.0400149 -1.87934e-05 -0.000302978
v 0.0325048 -1.70442e-05 -0.000219213
v 0.0500154 -1.806e-05 -0.00043111
v 0.0500182 0.0061417 -0.000391548
v 0.048049 0.00194978 -0.000395423
v 0.0500198 0.00998439 -0.000366497
v 0.0469638 -1.91972e-05 -0.000390536
v 0.0515616 0.00844154 -0.000398906
v 0.0521364 0.00998244 -0.000393416
v 0.0600228 0.00998282 -0.000507317
v 0.0600209 -1.90681e-05 -0.000580723
v 0.0700228 -1.90153e-05 -0.000748062
v 0.0700249 0.00998228 -0.00066872
v 0.0800242 -1.76931e-05 -0.000935692
v 0.0800256 0.00998243 -0.000850872
v 0.0870745 0.00293194 -0.00105533
v 0.0854831 0.00998474 -0.000964018
v 0.0900277 0.00998342 -0.00105636
v 0.090026 -1.88407e-05 -0.00114217
v 0.0850905 -1.82261e-05 -0.00103879
v 0.100027 -1.89646e-05 -0.00136889
v 0.100028 0.00998512 -0.00128226
v 0.110026 -1.8286e-05 -0.00161589
v 0.110028 0.00998421 -0.00152678
v 0.120027 -2.00876e-05 -0.00188422
v 0.120029 0.00998402 -0.00179428
v 0.130025 -1.78132e-05 -0.00217422
v 0.130026 0.00117793 -0.00216314
v 0.128986 0.00102091 -0.00213332
v 0.130028 0.00998454 -0.00208175
v 0.123646 -2.02886e-05 -0.00198691
v 0.140023 -1.80452e-05 -0.00248242
v 0.140023 0.00271837 -0.00245702
v 0.137655 0.00235274 -0.00238865
v 0.140026 0.0099857 -0.00239195
v 0.150021 -1.75726e-05 -0.00281325
v 0.150022 0.00404047 -0.00277535
v 0.146465 0.0035412 -0.00266317
v 0.150024 0.00998429 -0.00272018
v 0.160018 -1.97074e-05 -0.00316211
v 0.160019 0.00512089 -0.00311527
v 0.155429 0.00457376 -0.00295903
v 0.160022 0.00998353 -0.00307084
v 0.170013 -1.78928e-05 -0.00353496
v 0.170017 0.00600856 -0.00347965
v 0.164529 0.0054742 -0.00328205
v 0.170018 0.00998347 -0.00344088
v 0.18001 -1.87099e-05 -0.0039284
v 0.180012 0.00672812 -0.00386452
v 0.17376 0.00623666 -0.00362334
v 0.180015 0.009984 -0.00383589
v 0.190003 -1.88561e-05 -0.00434105
v 0.190008 0.00730385 -0.00427442
v 0.183118 0.0068782 -0.0039939
v 0.190009 0.00998513 -0.00425007
v 0.199999 -1.84261e-05 -0.00477849
v 0.200002 0.00776888 -0.0047062
v 0.192586 0.00740276 -0.004384
v 0.200002 0.00998369 -0.00468159
v 0.209992 -1.73639e-05 -0.00523487
v 0.209994 0.00813148 -0.00515461
v 0.202155 0.00783069 -0.00480315
v 0.209995 0.00998603 -0.00513925
v 0.219982 -1.89952e-05 -0.00570851
v 0.219987 0.00842548 -0.0056312
v 0.211801 0.00817555 -0.00524084
v 0.219988 0.00998575 -0.0056168
v 0.229973 -1.67636e-05 -0.00620802
v 0.229978 0.00865433 -0.00612746
v 0.221519 0.00845092 -0.00570608
v 0.229977 0.00998604 -0.00611295
v 0.239964 -1.72777e-05 -0.00672734
v 0.239967 0.00883294 -0.00664081
v 0.231287 0.00867342 -0.00619272
v 0.23997 0.00998369 -0.0066315
v 0.249951 -1.72205e-05 -0.00726507
v 0.249956 0.00897656 -0.00718109
v 0.241106 0.00884675 -0.00670489
v 0.249956 0.00998507 -0.00717001
v 0.259939 -1.6714e-05 -0.00782673
v 0.259944 0.00908532 -0.00773813
v 0.250957 0.00898405 -0.00723772
v 0.259945 0.00998377 -0.00773067
v 0.269927 -1.88083e-05 -0.00840764
v 0.269932 0.00917362 -0.00832237
v 0.260835 0.0090921 -0.00779135
v 0.269931 0.00998619 -0.0083137
v 0.279911 -1.73175e-05 -0.00901103
v 0.279916 0.00924028 -0.00892204
v 0.270737 0.00917743 -0.00836888
v 0.279916 0.00998591 -0.00891583
v 0.289895 -1.84786e-05 -0.00963343
v 0.289899 0.00929282 -0.00954472
v 0.280656 0.00924351 -0.00896882
v 0.289899 0.00998611 -0.0095385
v 0.299877 -1.92182e-05 -0.0102764
v 0.299883 0.00933252 -0.0101891
v 0.29059 0.00929368 -0.00958983
v 0.299883 0.00998675 -0.0101843
v 0.309858 -1.63746e-05 -0.0109441
v 0.309864 0.00936321 -0.0108534
v 0.300532 0.00933437 -0.0102322
v 0.309865 0.00998472 -0.0108488
v 0.319837 -1.62583e-05 -0.0116304
v 0.319844 0.00938882 -0.0115411
v 0.310481 0.00936562 -0.0108957
v 0.319843 0.00998626 -0.0115349
v 0.329816 -1.89083e-05 -0.0123352
v 0.329822 0.00940668 -0.0122472
v 0.320439 0.00939074 -0.0115846
v 0.329823 0.00998504 -0.0122422
v 0.339792 -1.80202e-05 -0.0130644
v 0.3398 0.00942043 -0.0129755
v 0.330398 0.00940664 -0.0122887
v 0.3398 0.00998425 -0.0129693
v 0.349766 -1.67827e-05 -0.0138133
v 0.349773 0.00943341 -0.0137246
v 0.34036 0.00942278 -0.0130182
v 0.349774 0.00998694 -0.0137204
v 0.359741 -1.83265e-05 -0.0145831
v 0.359748 0.00943963 -0.0144935
v 0.350325 0.00943287 -0.0137671
v 0.359747 0.00998689 -0.0144895
v 0.369713 -1.64481e-05 -0.0153767
v 0.369719 0.00944869 -0.0152867
v 0.360291 0.00944009 -0.0145367
v 0.369719 0.00998714 -0.0152807
v 0.379684 -1.73698e-05 -0.0161881
v 0.37969 0.00945131 -0.0160966
v 0.370255 0.00944755 -0.0153285
v 0.379691 0.00998461 -0.0160923
v 0.389651 -1.8023e-05 -0.0170189
v 0.389657 0.0094569 -0.0169302
v 0.380223 0.00945217 -0.0161434
v 0.389659 0.00998548 -0.0169247
v 0.399619 -1.84097e-05 -0.0178742
v 0.399625 0.00945944 -0.0177842
v 0.390187 0.00945705 -0.0169775
v 0.399627 0.00998666 -0.0177813
v 0.409584 -1.85601e-05 -0.0187484
v 0.40959 0.00946196 -0.01866
v 0.400152 0.00945902 -0.0178318
v 0.40959 0.00998495 -0.0186527
v 0.419547 -1.84759e-05 -0.0196443
v 0.419556 0.00946149 -0.0195557
v 0.410115 0.00946126 -0.0187077
v 0.419553 0.0099866 -0.0195497
v 0.429508 -1.81872e-05 -0.0205615
v 0.429515 0.0094642 -0.0204718
v 0.420073 0.00946368 -0.0196023
v 0.429516 0.00998541 -0.0204664
v 0.439465 -1.7752e-05 -0.0214973
v 0.439474 0.00946391 -0.0214075
v 0.430034 0.00946328 -0.0205192
v 0.439475 0.00998744 -0.0214057
v 0.449423 -1.71714e-05 -0.022457
v 0.449432 0.00946677 -0.0223685
v 0.439992 0.00946608 -0.0214589
v 0.449433 0.00998659 -0.0223645
v 0.459379 -1.64745e-05 -0.0234376
v 0.459386 0.00946664 -0.0233463
v 0.449949 0.00946596 -0.0224181
v 0.459387 0.0099859 -0.0233415
v 0.46933 -1.56621e-05 -0.0244364
v 0.469341 0.00946662 -0.0243474
v 0.459903 0.00946601 -0.0233981
v 0.469341 0.00998531 -0.0243419
v 0.479282 -1.78055e-05 -0.0254571
v 0.479292 0.00946664 -0.0253692
v 0.469858 0.00946615 -0.0244014
v 0.479292 0.00998485 -0.0253629
v 0.489231 -1.68417e-05 -0.0264998
v 0.489242 0.00946676 -0.0264113
v 0.479808 0.00946642 -0.0254227
v 0.489239 0.00998749 -0.0264058
v 0.499176 -1.58762e-05 -0.0275631
v 0.499188 0.00946684 -0.0274739
v 0.489755 0.00946674 -0.0264644
v 0.499188 0.00998714 -0.0274701
v 0.509123 -1.79582e-05 -0.0286477
v 0.509131 0.00946697 -0.0285566
v 0.499702 0.0094671 -0.0275291
v 0.509133 0.00998683 -0.0285546
v 0.519063 -1.69825e-05 -0.0297514
v 0.519074 0.00946709 -0.029662
v 0.509646 0.00946747 -0.028614
v 0.519075 0.00998652 -0.0296591
v 0.529003 -1.60885e-05 -0.0308778
v 0.529014 0.00946716 -0.0307873
v 0.519589 0.00946786 -0.0297214
v 0.529014 0.00998616 -0.0307835
v 0.538939 -1.52479e-05 -0.032024
v 0.538952 0.0094672 -0.031935
v 0.529529 0.00946821 -0.0308488
v 0.538952 0.00998582 -0.0319302
v 0.548876 -1.75091e-05 -0.0331912
v 0.548886 0.00947011 -0.0331038
v 0.539466 0.00946855 -0.0319959
v 0.548887 0.00998535 -0.0330966
v 0.558808 -1.69051e-05 -0.0343795
v 0.558817 0.00946995 -0.0342906
v 0.549401 0.00946877 -0.0331653
v 0.558819 0.00998778 -0.0342866
v 0.568738 -1.64629e-05 -0.0355899
v 0.568747 0.00946963 -0.0354995
v 0.559333 0.00946889 -0.0343541
v 0.568748 0.0099871 -0.0354944
v 0.578665 -1.62087e-05 -0.0368196
v 0.578676 0.00946916 -0.0367301
v 0.569264 0.00946886 -0.0355649
v 0.578676 0.00998624 -0.0367241
v 0.588591 -1.61687e-05 -0.0380712
v 0.5886 0.00946849 -0.0379798
v 0.57919 0.00946869 -0.0367949
v 0.588602 0.00998519 -0.0379755
v 0.598512 -1.63413e-05 -0.0393419
v 0.598523 0.00946762 -0.0392511
v 0.589115 0.0094683 -0.0380467
v 0.598523 0.00998692 -0.0392472
v 0.608432 -1.68067e-05 -0.0406342
v 0.608442 0.00946948 -0.0405452
v 0.599038 0.00946773 -0.0393199
v 0.608443 0.00998541 -0.040539
v 0.618349 -1.7563e-05 -0.0419479
v 0.618361 0.00946808 -0.0418592
v 0.608955 0.0094698 -0.0406135
v 0.61836 0.0099866 -0.0418534
v 0.628261 -1.57238e-05 -0.0432819
v 0.628274 0.00946929 -0.0431932
v 0.618872 0.00946873 -0.0419268
v 0.628274 0.00998747 -0.043189
v 0.638172 -1.71706e-05 -0.0446355
v 0.638184 0.00947017 -0.0445483
v 0.628785 0.00947023 -0.0432628
v 0.638184 0.00998803 -0.044543
v 0.648079 -1.60846e-05 -0.0460116
v 0.648093 0.0094678 -0.0459227
v 0.638697 0.00946847 -0.0446183
v 0.648094 0.00998817 -0.0459205
v 0.657984 -1.53882e-05 -0.0474086
v 0.657999 0.00946794 -0.0473194
v 0.648606 0.00946927 -0.0459962
v 0.657999 0.00998796 -0.0473162
v 0.667887 -1.51995e-05 -0.0488264
v 0.6679 0.00947054 -0.0487382
v 0.658511 0.0094697 -0.0473948
v 0.667901 0.00998731 -0.0487325
v 0.677786 -1.54882e-05 -0.0502648
v 0.6778 0.00946979 -0.0501759
v 0.668412 0.00946965 -0.0488115
v 0.677802 0.00998621 -0.0501717
v 0.687683 -1.62778e-05 -0.0517237
v 0.687697 0.00946852 -0.0516341
v 0.678312 0.00946916 -0.0502512
v 0.687697 0.00998747 -0.0516303
v 0.697576 -1.47667e-05 -0.0532045
v 0.697589 0.0094696 -0.053114
v 0.688209 0.0094682 -0.0517112
v 0.697591 0.0099882 -0.0531117
v 0.707467 -1.66873e-05 -0.0547041
v 0.70748 0.00947018 -0.0546164
v 0.698102 0.00946953 -0.053193
v 0.707479 0.00998841 -0.0546106
v 0.717353 -1.63523e-05 -0.0562252
v 0.717366 0.00947016 -0.0561363
v 0.707991 0.00947034 -0.0546948
v 0.717367 0.009988 -0.056132
v 0.727236 -1.67151e-05 -0.0577664
v 0.727251 0.00946946 -0.0576786
v 0.717877 0.00947055 -0.0562166
v 0.727251 0.00998698 -0.0576732
v 0.737117 -1.48662e-05 -0.0593314
v 0.73713 0.00947102 -0.059242
v 0.727762 0.00947011 -0.0577607
v 0.737132 0.00998813 -0.0592381
v 0.746996 -1.66435e-05 -0.0609148
v 0.74701 0.00946911 -0.0608259
v 0.737641 0.00946901 -0.0593221
v 0.74701 0.00998858 -0.0608226
v 0.756869 -1.62916e-05 -0.0625191
v 0.756881 0.00947224 -0.0624297
v 0.747518 0.00947007 -0.0609071
v 0.756884 0.00998832 -0.0624265
v 0.766739 -1.67626e-05 -0.0641431
v 0.766752 0.00947192 -0.0640537
v 0.757392 0.00947047 -0.0625138
v 0.766753 0.00998725 -0.0640499
v 0.776605 -1.52248e-05 -0.0657903
v 0.77662 0.0094739 -0.0657006
v 0.767259 0.00947289 -0.064139
v 0.77662 0.00998822 -0.0656964
v 0.786468 -1.45507e-05 -0.0674567
v 0.786483 0.00947827 -0.0673676
v 0.777125 0.00947457 -0.0657857
v 0.786485 0.00998836 -0.0673644
v 0.796327 -1.48388e-05 -0.0691424
v 0.796344 0.00948228 -0.0690555
v 0.786985 0.00947834 -0.0674529
v 0.796343 0.00998763 -0.0690489
v 0.806186 -1.60304e-05 -0.070852
v 0.8062 0.009489 -0.0707629
v 0.796843 0.00948125 -0.0691415
v 0.8062 0.00998874 -0.0707587
v 0.816037 -1.54488e-05 -0.0725796
v 0.816053 0.00949856 -0.0724918
v 0.806691 0.00948906 -0.0708492
v 0.816054 0.00998614 -0.0724858
v 0.825886 -1.58612e-05 -0.0743283
v 0.825901 0.00951108 -0.0742397
v 0.816534 0.00949892 -0.0725768
v 0.825903 0.00998809 -0.0742369
v 0.835731 -1.45637e-05 -0.0760996
v 0.835748 0.00952641 -0.0760112
v 0.826371 0.00951074 -0.0743243
v 0.835749 0.00998622 -0.0760051
v 0.845572 -1.43621e-05 -0.0778895
v 0.84559 0.00954399 -0.0778019
v 0.836201 0.00952732 -0.0760928
v 0.845589 0.00998889 -0.0777969
v 0.85541 -1.53388e-05 -0.0797004
v 0.855426 0.00955946 -0.0796118
v 0.846024 0.00954565 -0.0778811
v 0.855428 0.00998759 -0.079608
v 0.865244 -1.47046e-05 -0.0815333
v 0.865262 0.00956159 -0.0814444
v 0.855848 0.00955986 -0.0796913
v 0.865263 0.00998795 -0.0814412
v 0.875076 -1.53222e-05 -0.083387
v 0.875093 0.00954213 -0.0832988
v 0.865679 0.00956367 -0.0815236
v 0.875093 0.0099871 -0.0832924
v 0.884901 -1.44782e-05 -0.0852602
v 0.884918 0.00946963 -0.0851711
v 0.875531 0.00953923 -0.0833804
v 0.884918 0.00998774 -0.0851655
v 0.894723 -1.49068e-05 -0.0871538
v 0.894739 0.00931026 -0.0870663
v 0.885435 0.00946236 -0.0852719
v 0.894743 0.00998711 -0.0870612
v 0.904543 -1.67011e-05 -0.0890678
v 0.904557 0.00900044 -0.0889846
v 0.895429 0.00928538 -0.0872013
v 0.904561 0.00998795 -0.088976
v 0.914356 -1.44024e-05 -0.0910047
v 0.914372 0.00844898 -0.0909247
v 0.905595 0.00893058 -0.0891894
v 0.914375 0.00998733 -0.0909109
v 0.924166 -1.63208e-05 -0.092958
v 0.92418 0.00752565 -0.0928901
v 0.916068 0.00825765 -0.0912649
v 0.924185 0.00998804 -0.0928671
v 0.933972 -1.4265e-05 -0.0949365
v 0.933984 0.0060033 -0.0948794
v 0.927125 0.00698343 -0.0934884
v 0.933992 0.00998734 -0.0948431
v 0.943773 -1.64693e-05 -0.096931
v 0.943779 0.00349036 -0.0968998
v 0.939411 0.00444609 -0.0960008
v 0.943793 0.00998781 -0.0968402
v 0.953571 -1.47788e-05 -0.0989504
v 0.953591 0.00998676 -0.0988569
v 0.951837 -1.60879e-05 -0.0985918
v 0.963365 -1.47087e-05 -0.10099
v 0.963384 0.00998686 -0.100894
v 0.973154 -1.6323e-05 -0.103046
v 0.973174 0.00998802 -0.102955
v 0.982938 -1.41339e-05 -0.105127
v 0.98296 0.00998751 -0.105035
v 0.992719 -1.36436e-05 -0.107227
v 0.992739 0.00998805 -0.107133
v 4.22577e-06 0.0199965 -7.92898e-07
v 0.00368197 0.0163183 -6.73243e-06
v 0.00491134 0.0199972 -5.70697e-06
v 0.0100072 0.0199951 -1.33177e-05
v 2.39545e-06 0.0163215 -1.64454e-07
v 0.0117255 0.0182764 -2.33748e-05
v 0.0132783 0.019994 -2.65263e-05
v 0.0200125 0.01999 -4.97773e-05
v 0.0200115 0.019937 -4.9203e-05
v 0.0152873 0.01471 -4.10316e-05
v 0.0200103 0.0124254 -6.44674e-05
v 0.018852 0.0111437 -6.15818e-05
v 0.0100086 0.0181852 -1.47214e-05
v 0.0100067 0.0144342 -1.56889e-05
v 0.0100059 0.0106819 -1.64978e-05
v 0.0201447 0.0198582 -5.15e-05
v 0.0203555 0.0199912 -5.15825e-05
v 0.0300133 0.01999 -0.000116168
v 0.0342225 0.0157781 -0.000169059
v 0.0338245 0.0199889 -0.000150575
v 0.0400179 0.0199875 -0.000204897
v 0.0500185 0.0199881 -0.000317288
v 0.0523599 0.0176459 -0.000361178
v 0.0524542 0.0199882 -0.000352092
v 0.0600225 0.0199862 -0.000451783
v 0.0700255 0.0199878 -0.000612124
v 0.0800286 0.0199867 -0.000791421
v 0.0786576 0.0199876 -0.000767619
v 0.0800273 0.0160779 -0.00081471
v 0.0900295 0.0199861 -0.000991506
v 0.100031 0.0199861 -0.00121484
v 0.110031 0.0199867 -0.00145851
v 0.120031 0.0199879 -0.00172511
v 0.13003 0.0199864 -0.00201005
v 0.140027 0.0199889 -0.00231924
v 0.150027 0.0199886 -0.00264928
v 0.160023 0.0199891 -0.00299877
v 0.17002 0.0199869 -0.00336883
v 0.180016 0.0199886 -0.00376248
v 0.190012 0.0199877 -0.00417639
v 0.200005 0.0199873 -0.00460918
v 0.21 0.0199876 -0.00506635
v 0.219991 0.0199885 -0.00554214
v 0.229983 0.0199899 -0.00604197
v 0.239972 0.0199887 -0.00655854
v 0.249963 0.0199881 -0.00709886
v 0.259948 0.019988 -0.00765724
v 0.269935 0.0199884 -0.00823908
v 0.27992 0.0199893 -0.00884146
v 0.289906 0.0199875 -0.0094654
v 0.299888 0.0199894 -0.0101112
v 0.30987 0.0199886 -0.0107755
v 0.319851 0.0199883 -0.0114625
v 0.329829 0.0199883 -0.0121694
v 0.339804 0.0199888 -0.012896
v 0.349781 0.0199897 -0.0136475
v 0.359756 0.0199878 -0.0144169
v 0.369725 0.0199894 -0.0152072
v 0.379698 0.0199882 -0.0160204
v 0.389666 0.0199905 -0.0168542
v 0.399633 0.0199899 -0.0177079
v 0.409597 0.0199896 -0.0185805
v 0.419561 0.0199896 -0.0194769
v 0.429523 0.0199898 -0.0203945
v 0.439483 0.0199902 -0.021333
v 0.449438 0.0199908 -0.0222898
v 0.459395 0.0199885 -0.0232684
v 0.469348 0.0199894 -0.024269
v 0.479298 0.0199905 -0.0252902
v 0.489249 0.0199886 -0.0263326
v 0.499196 0.0199898 -0.0273968
v 0.50914 0.019991 -0.028481
v 0.519082 0.0199893 -0.0295836
v 0.529021 0.0199905 -0.03071
v 0.538961 0.0199888 -0.0318571
v 0.548896 0.0199899 -0.0330252
v 0.558827 0.019991 -0.0342127
v 0.56876 0.019989 -0.035423
v 0.578685 0.0199899 -0.0366514
v 0.588611 0.0199906 -0.0379037
v 0.598532 0.019991 -0.039175
v 0.608452 0.0199913 -0.0404675
v 0.618369 0.0199913 -0.0417811
v 0.628284 0.019991 -0.0431156
v 0.638196 0.0199904 -0.0444711
v 0.648103 0.0199895 -0.0458447
v 0.658009 0.0199912 -0.0472429
v 0.667913 0.0199895 -0.04866
v 0.677812 0.0199902 -0.050099
v 0.687708 0.0199905 -0.0515581
v 0.697601 0.0199903 -0.0530374
v 0.707491 0.0199896 -0.0545365
v 0.717378 0.0199912 -0.0560594
v 0.727263 0.0199893 -0.0576006
v 0.737145 0.0199896 -0.0591652
v 0.747021 0.0199893 -0.0607469
v 0.756894 0.0199911 -0.0623517
v 0.766766 0.0199892 -0.0639768
v 0.776633 0.0199895 -0.0656223
v 0.786496 0.0199918 -0.0672907
v 0.796356 0.0199904 -0.0689765
v 0.806213 0.0199909 -0.0706849
v 0.816067 0.0199905 -0.0724143
v 0.825915 0.0199919 -0.0741636
v 0.835761 0.0199894 -0.0759323
v 0.845603 0.0199916 -0.0777245
v 0.855442 0.0199898 -0.0795358
v 0.865276 0.0199897 -0.0813666
v 0.875107 0.0199912 -0.0832215
v 0.884932 0.0199915 -0.0850942
v 0.894755 0.0199905 -0.086987
v 0.904575 0.019991 -0.0889035
v 0.914389 0.0199901 -0.0908376
v 0.924201 0.0199906 -0.0927951
v 0.934005 0.0199923 -0.0947713
v 0.943809 0.0199899 -0.096768
v 0.953604 0.0199914 -0.0987846
v 0.963398 0.0199913 -0.100823
v 0.973189 0.0199923 -0.102884
v 0.982973 0.0199917 -0.104962
v 0.992754 0.0199921 -0.107062
v 0.0100072 0.0228995 -1.28863e-05
v 0.00794658 0.022056 -1.1253e-05
v 0.00396171 0.0260391 -5.15532e-06
v 0.0100067 0.0285057 -9.34655e-06
v 3.27984e-06 0.0299985 -1.84767e-06
v 0.0100071 0.0299958 -9.10426e-06
v 2.50963e-06 0.0233467 -1.60708e-07
v 0.0108244 0.0291794 -1.34118e-05
v 0.0117832 0.0299949 -1.5078e-05
v 0.0184625 0.029995 -3.81146e-05
v 0.0138943 0.0261096 -2.60608e-05
v 0.0200121 0.0299932 -4.13984e-05
v 0.0200129 0.0256305 -4.55451e-05
v 0.0169643 0.0230397 -3.87099e-05
v 0.0239165 0.0260883 -7.08767e-05
v 0.0282513 0.0299917 -8.68062e-05
v 0.0300181 0.0299907 -9.8583e-05
v 0.0300135 0.0219153 -0.000111917
v 0.0290004 0.0210007 -0.000106322
v 0.040019 0.0299907 -0.000180205
v 0.0500211 0.029991 -0.000286084
v 0.0441518 0.0299911 -0.000225103
v 0.0500217 0.0235945 -0.000307307
v 0.0600232 0.0299909 -0.000416676
v 0.070026 0.0299913 -0.000571207
v 0.0732981 0.0267167 -0.000641572
v 0.070743 0.0299905 -0.000582795
v 0.0800292 0.0299917 -0.000749707
v 0.0900317 0.0299893 -0.00094718
v 0.10003 0.0299906 -0.00116682
v 0.110032 0.0299924 -0.00141239
v 0.120032 0.0299915 -0.00167646
v 0.13003 0.0299911 -0.00196041
v 0.140031 0.0299913 -0.00226977
v 0.150029 0.0299921 -0.00259865
v 0.160028 0.0299902 -0.00294817
v 0.170022 0.0299923 -0.0033185
v 0.18002 0.0299917 -0.00371195
v 0.190014 0.0299917 -0.00412431
v 0.200007 0.0299924 -0.00455829
v 0.210001 0.0299904 -0.00501207
v 0.219994 0.0299923 -0.00549153
v 0.229985 0.0299915 -0.00598778
v 0.239974 0.0299912 -0.00650504
v 0.249965 0.0299916 -0.00704586
v 0.259953 0.0299925 -0.0076074
v 0.26994 0.0299907 -0.00818791
v 0.279924 0.0299927 -0.0087904
v 0.28991 0.029992 -0.00941437
v 0.299892 0.0299918 -0.0100584
v 0.309872 0.029992 -0.0107225
v 0.319852 0.0299928 -0.0114091
v 0.329833 0.0299908 -0.0121166
v 0.339809 0.0299924 -0.0128452
v 0.349786 0.0299913 -0.0135944
v 0.359757 0.0299936 -0.0143644
v 0.369729 0.0299933 -0.0151547
v 0.3797 0.0299933 -0.0159667
v 0.389669 0.0299936 -0.0168003
v 0.399638 0.0299912 -0.0176537
v 0.409604 0.0299921 -0.01853
v 0.419565 0.0299933 -0.0194247
v 0.429528 0.0299917 -0.0203414
v 0.439488 0.0299933 -0.0212806
v 0.449444 0.0299922 -0.0222363
v 0.459398 0.0299942 -0.0232167
v 0.469354 0.0299935 -0.0242187
v 0.479305 0.0299928 -0.0252383
v 0.489255 0.0299922 -0.0262807
v 0.499202 0.0299918 -0.0273431
v 0.509146 0.0299944 -0.0284294
v 0.519089 0.0299941 -0.029534
v 0.529028 0.0299937 -0.0306582
v 0.538965 0.0299934 -0.0318045
v 0.548902 0.0299931 -0.0329727
v 0.558834 0.0299927 -0.0341601
v 0.568765 0.0299922 -0.0353691
v 0.578692 0.0299945 -0.0366011
v 0.588616 0.0299938 -0.0378504
v 0.598541 0.0299929 -0.0391235
v 0.60846 0.0299947 -0.0404166
v 0.618377 0.0299934 -0.0417292
v 0.628291 0.0299947 -0.0430641
v 0.638203 0.0299928 -0.0444183
v 0.648111 0.0299936 -0.0457944
v 0.658017 0.029994 -0.0471909
v 0.667919 0.029994 -0.0486078
v 0.67782 0.0299936 -0.0500474
v 0.687716 0.0299927 -0.0515045
v 0.697609 0.0299943 -0.0529854
v 0.7075 0.0299924 -0.0544847
v 0.717388 0.029993 -0.0560075
v 0.727272 0.0299929 -0.0575498
v 0.737151 0.0299951 -0.059113
v 0.74703 0.0299937 -0.0606966
v 0.756903 0.0299946 -0.0623007
v 0.766774 0.0299946 -0.0639263
v 0.776641 0.029994 -0.0655708
v 0.786505 0.0299926 -0.0672366
v 0.796366 0.0299932 -0.0689248
v 0.806224 0.0299929 -0.0706341
v 0.816076 0.0299945 -0.0723632
v 0.825925 0.0299951 -0.0741131
v 0.835772 0.0299948 -0.0758836
v 0.845613 0.0299935 -0.0776721
v 0.855452 0.0299939 -0.0794849
v 0.865286 0.0299931 -0.0813155
v 0.875117 0.029994 -0.0831701
v 0.884943 0.0299937 -0.0850423
v 0.894764 0.029995 -0.0869359
v 0.904584 0.0299949 -0.0888516
v 0.9144 0.0299936 -0.0907869
v 0.924211 0.0299936 -0.0927433
v 0.934017 0.029995 -0.0947205
v 0.943818 0.0299949 -0.0967171
v 0.953616 0.0299933 -0.098733
v 0.963409 0.0299956 -0.100773
v 0.9732 0.0299936 -0.102831
v 0.982983 0.0299954 -0.10491
v 0.992764 0.0299956 -0.107011
v 0.0100088 0.0399964 -9.27027e-06
v 4.0492e-06 0.0399979 -2.03366e-06
v 0.0133873 0.0366183 -2.04662e-05
v 0.0154482 0.0399977 -2.44739e-05
v 0.0200133 0.039996 -3.75227e-05
v 0.0200117 0.0332862 -4.01433e-05
v 0.0187649 0.0312416 -3.84917e-05
v 0.0229015 0.0371066 -5.42276e-05
v 0.0244168 0.0399938 -5.84218e-05
v 0.030015 0.0399953 -8.81022e-05
v 0.0300164 0.0329127 -9.45339e-05
v 0.0290116 0.0309954 -9.03866e-05
v 0.0400197 0.0351585 -0.000171813
v 0.0371864 0.0328257 -0.000156305
v 0.0400202 0.0399944 -0.000166342
v 0.0500218 0.0399928 -0.000266967
v 0.0600249 0.0399946 -0.000396434
v 0.0700266 0.0399927 -0.000545772
v 0.0672516 0.0399946 -0.000506513
v 0.0700273 0.0315411 -0.000568436
v 0.0800299 0.0399945 -0.000723358
v 0.090032 0.0399931 -0.000920126
v 0.100033 0.0399953 -0.00114179
v 0.110032 0.0399947 -0.00138209
v 0.120032 0.0399946 -0.00164523
v 0.130031 0.0399951 -0.00193106
v 0.14003 0.0399961 -0.00223928
v 0.150031 0.0399944 -0.0025682
v 0.160028 0.0399934 -0.0029164
v 0.170023 0.0399962 -0.00328817
v 0.180019 0.0399964 -0.0036801
v 0.190015 0.039994 -0.00409205
v 0.200009 0.0399954 -0.00452706
v 0.210003 0.0399942 -0.00498179
v 0.219995 0.0399936 -0.00545769
v 0.229986 0.0399937 -0.00595459
v 0.239978 0.0399943 -0.00647514
v 0.249965 0.0399955 -0.00701363
v 0.259954 0.039994 -0.00757386
v 0.26994 0.0399963 -0.00815614
v 0.279927 0.0399959 -0.00875979
v 0.289909 0.0399961 -0.00938092
v 0.299893 0.0399967 -0.0100275
v 0.309876 0.0399948 -0.0106923
v 0.319855 0.0399964 -0.0113784
v 0.329834 0.0399954 -0.0120852
v 0.339813 0.0399948 -0.0128142
v 0.349788 0.0399946 -0.0135625
v 0.359761 0.0399948 -0.0143326
v 0.369734 0.0399955 -0.0151244
v 0.379702 0.0399964 -0.0159351
v 0.389673 0.0399947 -0.0167683
v 0.399638 0.0399964 -0.0176216
v 0.409606 0.0399953 -0.0184972
v 0.419569 0.0399975 -0.0193954
v 0.42953 0.039997 -0.0203101
v 0.43949 0.0399967 -0.0212483
v 0.449448 0.0399966 -0.0222069
v 0.459403 0.0399968 -0.023186
v 0.469355 0.0399971 -0.0241854
v 0.479307 0.0399976 -0.0252075
v 0.489257 0.0399952 -0.0262482
v 0.499205 0.0399959 -0.0273127
v 0.50915 0.0399968 -0.0283971
v 0.51909 0.0399977 -0.029501
v 0.529031 0.0399956 -0.0306255
v 0.538969 0.0399965 -0.0317733
v 0.548906 0.0399975 -0.0329429
v 0.55884 0.0399954 -0.0341301
v 0.568768 0.0399962 -0.0353377
v 0.578696 0.039997 -0.0365691
v 0.58862 0.0399976 -0.0378193
v 0.598544 0.039998 -0.039093
v 0.608465 0.0399954 -0.0403837
v 0.618382 0.0399955 -0.0416967
v 0.628294 0.0399983 -0.0430317
v 0.638207 0.0399978 -0.0443884
v 0.648115 0.0399971 -0.045763
v 0.65802 0.0399961 -0.0471578
v 0.667923 0.0399977 -0.0485767
v 0.677824 0.0399959 -0.0500142
v 0.68772 0.0399966 -0.051473
v 0.697614 0.0399969 -0.052954
v 0.707505 0.0399967 -0.0544547
v 0.717392 0.0399959 -0.0559749
v 0.727275 0.0399975 -0.0575183
v 0.737155 0.0399985 -0.0590809
v 0.747034 0.039996 -0.0606638
v 0.756909 0.0399985 -0.0622709
v 0.76678 0.0399976 -0.0638955
v 0.776645 0.0399987 -0.0655402
v 0.786512 0.0399962 -0.067207
v 0.79637 0.0399986 -0.0688952
v 0.806228 0.0399973 -0.0706028
v 0.816082 0.039998 -0.0723324
v 0.82593 0.0399977 -0.0740803
v 0.835778 0.0399965 -0.075851
v 0.845618 0.0399971 -0.077641
v 0.855458 0.0399966 -0.0794537
v 0.865291 0.0399979 -0.0812854
v 0.875123 0.039998 -0.0831395
v 0.884949 0.039997 -0.0850111
v 0.894772 0.0399975 -0.0869062
v 0.904592 0.0399968 -0.0888209
v 0.914406 0.0399976 -0.0907565
v 0.924216 0.039997 -0.0927115
v 0.934021 0.0399978 -0.0946872
v 0.943824 0.0399972 -0.0966845
v 0.953622 0.0399978 -0.0987022
v 0.963417 0.0399969 -0.100741
v 0.973207 0.0399971 -0.1028
v 0.982991 0.0399985 -0.10488
v 0.992772 0.0399982 -0.10698
v 0.0100077 0.0499973 -7.26479e-06
v 2.06282e-06 0.0499979 -4.30289e-08
v 0.0157516 0.0442549 -2.38002e-05
v 0.0171482 0.049999 -2.77902e-05
v 0.0200126 0.0499976 -3.55672e-05
v 0.0254449 0.0445659 -6.46107e-05
v 0.0263249 0.0499989 -6.85251e-05
v 0.0300157 0.0499983 -8.54293e-05
v 0.0400181 0.0499981 -0.000160662
v 0.0500233 0.0499978 -0.000263392
v 0.0600249 0.0499968 -0.000388085
v 0.066637 0.0433863 -0.000495465
v 0.0654687 0.0499984 -0.000471015
v 0.0700277 0.0499991 -0.00054131
v 0.0800291 0.0499981 -0.000713942
v 0.0900305 0.0499973 -0.00091008
v 0.100032 0.0499968 -0.00112947
v 0.110033 0.0499969 -0.00137175
v 0.120034 0.0499973 -0.00163684
v 0.130032 0.0499983 -0.00192165
v 0.14003 0.0499999 -0.00222878
v 0.150029 0.0499988 -0.00255648
v 0.160027 0.0499983 -0.00290613
v 0.170024 0.0499985 -0.00327763
v 0.180021 0.0499992 -0.00367077
v 0.190015 0.0499974 -0.004081
v 0.200009 0.0499995 -0.00451697
v 0.210003 0.0499988 -0.00497255
v 0.219996 0.0499989 -0.00544912
v 0.229987 0.0499995 -0.0059466
v 0.239977 0.0499976 -0.00646321
v 0.249967 0.0499994 -0.00700476
v 0.259956 0.0499987 -0.00756516
v 0.269942 0.0499984 -0.00814588
v 0.279926 0.0499988 -0.00874675
v 0.289912 0.0499996 -0.00937307
v 0.299894 0.0499979 -0.0100149
v 0.309875 0.0499997 -0.0106809
v 0.319856 0.049999 -0.0113675
v 0.329834 0.0499987 -0.0120736
v 0.339811 0.0499989 -0.0128016
v 0.349787 0.0499995 -0.0135515
v 0.359761 0.0500005 -0.0143232
v 0.369733 0.0499988 -0.0151121
v 0.379705 0.0500006 -0.0159267
v 0.389673 0.0499997 -0.0167583
v 0.39964 0.0499992 -0.0176111
v 0.409607 0.0499989 -0.0184875
v 0.419569 0.049999 -0.0193821
v 0.429532 0.0499994 -0.0203
v 0.439492 0.05 -0.0212385
v 0.449449 0.0500008 -0.0221973
v 0.459405 0.0499989 -0.023175
v 0.469359 0.0500002 -0.0241769
v 0.479311 0.0499987 -0.0251973
v 0.489258 0.0500003 -0.026239
v 0.499206 0.049999 -0.0273016
v 0.509151 0.0500009 -0.0283878
v 0.519094 0.0499999 -0.029492
v 0.529033 0.0499989 -0.0306155
v 0.538972 0.0500009 -0.0317648
v 0.548907 0.0499999 -0.0329316
v 0.558839 0.049999 -0.0341174
v 0.568769 0.050001 -0.0353285
v 0.578699 0.0499999 -0.0365594
v 0.588624 0.0499988 -0.0378087
v 0.598545 0.0500004 -0.0390804
v 0.608467 0.049999 -0.040374
v 0.618382 0.0500003 -0.0416872
v 0.628295 0.0500014 -0.0430208
v 0.638209 0.0499994 -0.0443759
v 0.648118 0.05 -0.0457527
v 0.658023 0.0500003 -0.0471496
v 0.667926 0.0500003 -0.0485665
v 0.677827 0.0499999 -0.0500057
v 0.687722 0.0499991 -0.0514622
v 0.697616 0.0500008 -0.0529446
v 0.707504 0.050002 -0.0544441
v 0.717395 0.0499999 -0.0559663
v 0.727277 0.05 -0.0575068
v 0.73716 0.0499997 -0.0590712
v 0.747037 0.0500015 -0.060656
v 0.75691 0.05 -0.0622583
v 0.76678 0.0500005 -0.0638831
v 0.776648 0.0500004 -0.0655289
v 0.786512 0.0499996 -0.0671957
v 0.796373 0.0500008 -0.0688846
v 0.806229 0.0500011 -0.0705917
v 0.816084 0.0500007 -0.0723218
v 0.825932 0.0500021 -0.0740713
v 0.835779 0.0499998 -0.0758397
v 0.845619 0.0500021 -0.077631
v 0.85546 0.0500007 -0.0794433
v 0.865293 0.050001 -0.0812746
v 0.875125 0.0500002 -0.0831281
v 0.88495 0.050001 -0.0850002
v 0.894773 0.0500006 -0.0868944
v 0.904591 0.0500019 -0.0888093
v 0.914407 0.0500018 -0.090746
v 0.924219 0.0500004 -0.0927019
v 0.934025 0.0500004 -0.0946782
v 0.943826 0.0500018 -0.096675
v 0.953625 0.0500017 -0.098693
v 0.963419 0.0500002 -0.10073
v 0.973207 0.0500024 -0.10279
v 0.982993 0.0500005 -0.104868
v 0.992773 0.0500022 -0.10697
v 0.0100093 0.059998 -9.09292e-06
v 3.31641e-06 0.0599982 -1.57955e-06
v 0.0168906 0.0531179 -2.65318e-05
v 0.0154488 0.0599991 -2.31653e-05
v 0.0200145 0.0599988 -3.74643e-05
v 0.0253225 0.0546911 -6.28406e-05
v 0.024417 0.0600017 -6.16685e-05
v 0.0300168 0.0599992 -8.79699e-05
v 0.04002 0.0600026 -0.000167806
v 0.0500212 0.060002 -0.000268111
v 0.060025 0.0600011 -0.000395578
v 0.0661736 0.0538513 -0.000483355
v 0.0672504 0.0600006 -0.000503731
v 0.0700283 0.0600001 -0.000547186
v 0.0800299 0.0600026 -0.000723987
v 0.0900302 0.0600019 -0.000919704
v 0.100033 0.0600017 -0.00114131
v 0.110033 0.0600019 -0.00138294
v 0.120033 0.0600026 -0.00164712
v 0.130034 0.0600006 -0.00193213
v 0.14003 0.0600025 -0.0022381
v 0.15003 0.0600018 -0.00256734
v 0.160026 0.0600017 -0.00291555
v 0.170024 0.0600022 -0.0032883
v 0.180019 0.0600033 -0.00367978
v 0.190016 0.0600019 -0.00409379
v 0.200009 0.0600011 -0.00452624
v 0.210004 0.060001 -0.00498254
v 0.219997 0.0600015 -0.0054597
v 0.229988 0.0600026 -0.00595762
v 0.239978 0.0600011 -0.0064746
v 0.249964 0.0600034 -0.00701358
v 0.259953 0.0600031 -0.00757405
v 0.269941 0.0600033 -0.0081574
v 0.279926 0.060001 -0.0087565
v 0.289911 0.0600024 -0.00938249
v 0.299895 0.0600012 -0.0100266
v 0.309874 0.0600036 -0.0106919
v 0.319854 0.0600034 -0.0113778
v 0.329833 0.0600037 -0.0120857
v 0.339813 0.0600014 -0.0128138
v 0.349787 0.0600025 -0.0135626
v 0.35976 0.0600042 -0.0143329
v 0.369732 0.0600031 -0.0151231
v 0.379703 0.0600025 -0.0159346
v 0.389672 0.0600023 -0.0167672
v 0.399641 0.0600024 -0.0176234
v 0.409606 0.0600028 -0.0184978
v 0.419568 0.0600036 -0.0193929
v 0.429531 0.0600017 -0.0203097
v 0.439491 0.060003 -0.0212484
v 0.449449 0.0600016 -0.0222059
v 0.459402 0.0600035 -0.0231849
v 0.469357 0.0600026 -0.0241851
v 0.47931 0.0600018 -0.0252078
v 0.489256 0.0600042 -0.026249
v 0.499205 0.0600038 -0.0273135
v 0.50915 0.0600036 -0.0283974
v 0.519091 0.0600034 -0.0295007
v 0.529033 0.0600033 -0.0306282
v 0.538971 0.0600033 -0.0317748
v 0.548905 0.0600033 -0.0329402
v 0.558839 0.0600032 -0.0341296
v 0.568768 0.0600032 -0.0353375
v 0.578697 0.0600031 -0.036569
v 0.588621 0.060003 -0.0378189
v 0.598546 0.0600028 -0.0390921
v 0.608465 0.0600024 -0.0403834
v 0.618382 0.0600048 -0.0416991
v 0.628295 0.0600041 -0.0430312
v 0.638207 0.0600031 -0.044386
v 0.648114 0.0600048 -0.0457624
v 0.658022 0.0600034 -0.0471598
v 0.667925 0.0600045 -0.0485784
v 0.677824 0.0600053 -0.0500167
v 0.687721 0.0600029 -0.0514732
v 0.697614 0.0600029 -0.052953
v 0.707505 0.0600053 -0.054456
v 0.717392 0.0600045 -0.0559767
v 0.727278 0.0600031 -0.057519
v 0.737157 0.060004 -0.0590815
v 0.747035 0.0600044 -0.0606654
v 0.75691 0.0600042 -0.0622703
v 0.76678 0.0600033 -0.0638938
v 0.776646 0.0600046 -0.0655396
v 0.786511 0.0600052 -0.0672084
v 0.796372 0.060005 -0.0688955
v 0.806229 0.0600041 -0.0706031
v 0.816082 0.0600051 -0.0723324
v 0.825931 0.0600052 -0.074082
v 0.835777 0.0600045 -0.0758517
v 0.845619 0.0600056 -0.0776427
v 0.855456 0.0600058 -0.0794536
v 0.865293 0.0600049 -0.0812867
v 0.875121 0.0600057 -0.0831384
v 0.884948 0.0600055 -0.085012
v 0.894772 0.060004 -0.086905
v 0.904592 0.0600042 -0.088821
v 0.914403 0.0600059 -0.0907552
v 0.924217 0.0600036 -0.0927117
v 0.934021 0.0600054 -0.0946876
v 0.943823 0.0600058 -0.0966848
v 0.953623 0.0600049 -0.0987029
v 0.963416 0.0600052 -0.100741
v 0.973207 0.060004 -0.1028
v 0.982991 0.060004 -0.104879
v 0.992772 0.0600049 -0.10698
v 0.0100083 0.0699986 -8.55214e-06
v 2.08404e-06 0.0699987 -7.71655e-07
v 0.0200134 0.0700019 -4.25401e-05
v 0.0184604 0.0700027 -3.57712e-05
v 0.0200113 0.0667102 -3.88681e-05
v 0.0133626 0.0666486 -2.04245e-05
v 0.0117829 0.070001 -1.56324e-05
v 0.0300155 0.0700049 -9.85543e-05
v 0.0282533 0.0700025 -8.85784e-05
v 0.0300178 0.0670806 -9.56466e-05
v 0.0400212 0.064834 -0.000173118
v 0.0352936 0.0647259 -0.000132962
v 0.040018 0.0700036 -0.00017813
v 0.0429113 0.0671128 -0.000206201
v 0.0441503 0.0700048 -0.000223173
v 0.0500215 0.0700054 -0.000286589
v 0.0600263 0.0700037 -0.000417544
v 0.070028 0.0684548 -0.000568164
v 0.068036 0.0619936 -0.000522206
v 0.0700264 0.0700055 -0.000570968
v 0.070519 0.069513 -0.000578503
v 0.0707434 0.0700054 -0.000583052
v 0.0800281 0.0700042 -0.000746172
v 0.0900281 0.0700066 -0.00094608
v 0.10003 0.0700062 -0.00116719
v 0.110031 0.0700063 -0.00141095
v 0.120034 0.0700038 -0.00167549
v 0.130031 0.0700051 -0.00196106
v 0.14003 0.0700038 -0.0022671
v 0.150029 0.0700064 -0.00259938
v 0.160027 0.0700064 -0.00294896
v 0.170024 0.0700038 -0.00331849
v 0.180019 0.0700052 -0.00371099
v 0.190015 0.070004 -0.00412313
v 0.200007 0.0700066 -0.00455796
v 0.210001 0.0700067 -0.00501483
v 0.219993 0.0700042 -0.00548816
v 0.229984 0.0700056 -0.00598643
v 0.239977 0.0700044 -0.00650636
v 0.249963 0.070007 -0.00704542
v 0.259951 0.070007 -0.00760586
v 0.26994 0.0700045 -0.00818745
v 0.279925 0.0700056 -0.00879049
v 0.289907 0.0700073 -0.0094133
v 0.29989 0.0700065 -0.0100568
v 0.309872 0.0700061 -0.0107226
v 0.319854 0.0700064 -0.0114102
v 0.329831 0.070007 -0.0121172
v 0.339809 0.0700051 -0.0128442
v 0.349784 0.0700067 -0.0135943
v 0.359759 0.0700057 -0.0143644
v 0.369732 0.0700051 -0.0151557
v 0.379701 0.070005 -0.0159655
v 0.38967 0.0700052 -0.0167989
v 0.399637 0.0700059 -0.0176532
v 0.409601 0.0700068 -0.0185281
v 0.419567 0.0700051 -0.0194247
v 0.429527 0.0700067 -0.0203407
v 0.439487 0.0700056 -0.0212779
v 0.449443 0.0700078 -0.0222368
v 0.4594 0.0700072 -0.0232168
v 0.469353 0.0700069 -0.0242167
v 0.479305 0.0700068 -0.0252388
v 0.489254 0.0700069 -0.0262805
v 0.499202 0.0700071 -0.0273442
v 0.509145 0.0700075 -0.0284273
v 0.519087 0.070008 -0.029532
v 0.529028 0.0700057 -0.0306568
v 0.538967 0.0700064 -0.0318046
v 0.548903 0.0700071 -0.0329736
v 0.558834 0.0700079 -0.0341612
v 0.568765 0.0700057 -0.0353684
v 0.578694 0.0700065 -0.0366005
v 0.588618 0.0700071 -0.0378508
v 0.598539 0.0700077 -0.0391217
v 0.608459 0.0700082 -0.0404155
v 0.618377 0.0700085 -0.0417297
v 0.628292 0.0700058 -0.0430626
v 0.638203 0.0700058 -0.0444171
v 0.648112 0.0700084 -0.0457954
v 0.658015 0.070008 -0.0471896
v 0.66792 0.0700072 -0.0486084
v 0.677821 0.0700061 -0.0500467
v 0.687716 0.0700076 -0.0515059
v 0.69761 0.0700086 -0.0529868
v 0.707501 0.0700064 -0.0544854
v 0.717388 0.0700067 -0.0560069
v 0.727273 0.0700064 -0.0575498
v 0.737152 0.0700085 -0.0591128
v 0.747029 0.0700072 -0.0606955
v 0.756903 0.0700081 -0.0623005
v 0.766774 0.0700084 -0.0639264
v 0.776643 0.0700082 -0.0655729
v 0.786506 0.0700072 -0.0672376
v 0.796366 0.0700083 -0.0689266
v 0.806222 0.0700086 -0.0706334
v 0.816076 0.0700082 -0.0723628
v 0.825927 0.0700069 -0.0741123
v 0.83577 0.0700075 -0.0758808
v 0.845612 0.0700072 -0.0776714
v 0.855452 0.0700088 -0.0794855
v 0.865285 0.0700093 -0.0813168
v 0.875116 0.0700089 -0.0831699
v 0.884944 0.0700073 -0.0850424
v 0.894765 0.0700074 -0.0869355
v 0.904584 0.0700091 -0.0888513
v 0.914399 0.070007 -0.0907849
v 0.924209 0.0700089 -0.0927424
v 0.934014 0.0700096 -0.0947186
v 0.943817 0.070009 -0.0967159
v 0.953617 0.0700097 -0.0987354
v 0.963411 0.0700091 -0.100773
v 0.973198 0.0700095 -0.102831
v 0.982986 0.0700085 -0.104912
v 0.992766 0.0700085 -0.107012
v 0.0100089 0.0714913 -1.20008e-05
v 0.00653897 0.0734667 -6.68966e-06
v 1.4435e-06 0.0799989 -4.09632e-07
v 0.00491246 0.0799989 -4.72129e-06
v 0.0100073 0.0770961 -9.81487e-06
v 0.0100083 0.0800016 -1.34564e-05
v 2.87993e-06 0.076648 -1.04998e-07
v 0.0200114 0.0800036 -4.89121e-05
v 0.0132775 0.0800022 -2.44204e-05
v 0.0200117 0.0743647 -4.52705e-05
v 0.0300136 0.0800072 -0.000114888
v 0.0203566 0.0800029 -5.07819e-05
v 0.0300142 0.0780814 -0.000112034
v 0.0319265 0.0780948 -0.000127285
v 0.0338247 0.0800076 -0.000149981
v 0.0400173 0.0800073 -0.000203558
v 0.050022 0.0763996 -0.000306201
v 0.0475343 0.072491 -0.000264843
v 0.0500206 0.0800072 -0.00031641
v 0.0516773 0.0783532 -0.000335553
v 0.0524534 0.08001 -0.000350913
v 0.0600241 0.0800076 -0.000452735
v 0.0700249 0.0800082 -0.00060958
v 0.0750301 0.0750046 -0.000679881
v 0.0786579 0.0800082 -0.000766325
v 0.0800288 0.0800094 -0.000792186
v 0.0900286 0.0800078 -0.000990336
v 0.10003 0.0800101 -0.00121552
v 0.110029 0.0800099 -0.00145865
v 0.120033 0.080007 -0.00172511
v 0.130032 0.0800081 -0.00201246
v 0.140027 0.0800099 -0.00231887
v 0.150026 0.0800091 -0.00264819
v 0.160024 0.0800091 -0.002999
v 0.170021 0.0800097 -0.00337122
v 0.180018 0.0800078 -0.00376307
v 0.190013 0.0800098 -0.00417759
v 0.200007 0.0800093 -0.00461146
v 0.209999 0.0800095 -0.00506613
v 0.219992 0.0800102 -0.00554417
v 0.229981 0.0800085 -0.00603836
v 0.239974 0.0800074 -0.00655838
v 0.24996 0.0800101 -0.00709743
v 0.259948 0.0800103 -0.00765766
v 0.269936 0.0800079 -0.00823897
v 0.279921 0.0800092 -0.00884157
v 0.289906 0.080008 -0.00946495
v 0.299886 0.0800104 -0.0101093
v 0.30987 0.0800103 -0.0107769
v 0.319848 0.0800107 -0.0114609
v 0.329828 0.0800085 -0.0121678
v 0.339805 0.0800099 -0.0128979
v 0.34978 0.0800087 -0.0136451
v 0.359756 0.0800079 -0.0144163
v 0.369725 0.0800107 -0.0152074
v 0.379697 0.0800109 -0.0160207
v 0.389665 0.0800084 -0.0168507
v 0.399632 0.0800093 -0.0177055
v 0.409597 0.0800106 -0.0185808
v 0.419563 0.0800092 -0.0194777
v 0.429522 0.0800112 -0.0203937
v 0.439481 0.0800105 -0.021331
v 0.449441 0.0800101 -0.0222908
v 0.459394 0.0800099 -0.0232679
v 0.469349 0.08001 -0.0242699
v 0.4793 0.0800104 -0.0252914
v 0.489248 0.0800109 -0.0263323
v 0.499198 0.0800087 -0.0273962
v 0.509142 0.0800096 -0.0284807
v 0.519082 0.0800106 -0.0295843
v 0.529024 0.0800088 -0.0307103
v 0.53896 0.08001 -0.0318565
v 0.548894 0.0800113 -0.0330239
v 0.558829 0.0800097 -0.0342133
v 0.568758 0.0800111 -0.0354226
v 0.578686 0.0800095 -0.0366511
v 0.588612 0.0800108 -0.0379041
v 0.598534 0.0800092 -0.0391736
v 0.608454 0.0800104 -0.0404674
v 0.61837 0.0800114 -0.0417814
v 0.628285 0.0800094 -0.043114
v 0.638197 0.0800101 -0.0444704
v 0.648105 0.0800107 -0.0458466
v 0.658009 0.080011 -0.0472424
v 0.667912 0.080011 -0.0486602
v 0.677811 0.0800107 -0.0500973
v 0.687708 0.0800102 -0.0515562
v 0.697601 0.0800121 -0.0530381
v 0.707492 0.0800108 -0.0545375
v 0.717379 0.0800119 -0.0560596
v 0.727265 0.0800097 -0.0576015
v 0.737144 0.0800099 -0.0591634
v 0.747021 0.0800096 -0.0607463
v 0.756896 0.0800115 -0.0623537
v 0.766767 0.08001 -0.0639779
v 0.776634 0.0800108 -0.0656241
v 0.786498 0.0800109 -0.0672906
v 0.796358 0.0800103 -0.0689774
v 0.806214 0.0800117 -0.0706858
v 0.816066 0.0800124 -0.0724142
v 0.825916 0.0800123 -0.0741648
v 0.835761 0.0800113 -0.0759329
v 0.845603 0.0800122 -0.0777243
v 0.85544 0.0800122 -0.0795352
v 0.865276 0.0800113 -0.081368
v 0.875107 0.0800121 -0.0832214
v 0.884933 0.0800119 -0.085094
v 0.894757 0.0800106 -0.0869879
v 0.904575 0.0800109 -0.0889022
v 0.914389 0.0800128 -0.090839
v 0.9242 0.0800107 -0.0927932
v 0.934005 0.0800129 -0.094771
v 0.943809 0.080011 -0.0967682
v 0.953607 0.0800105 -0.0987852
v 0.963401 0.0800113 -0.100824
v 0.973189 0.0800107 -0.102881
v 0.982975 0.0800112 -0.104963
v 0.992756 0.0800101 -0.107062
v 0.0100083 0.0900038 -1.9033e-05
v 1.56256e-06 0.0899988 -3.76429e-07
v 2.68626e-06 0.0836733 4.95275e-08
v 0.0200113 0.0800589 -5.07416e-05
v 0.0199529 0.0800635 -4.99822e-05
v 0.0115504 0.0884612 -2.26713e-05
v 0.0200089 0.0875687 -6.24123e-05
v 0.020008 0.0900082 -6.75188e-05
v 0.0100084 0.089315 -1.83534e-05
v 0.0100058 0.0855636 -1.44386e-05
v 0.0100072 0.0818107 -1.31821e-05
v 0.0100083 0.0800016 -1.34564e-05
v 0.0228953 0.0871214 -8.03198e-05
v 0.0240754 0.0900082 -9.81137e-05
v 0.0300142 0.0900086 -0.000144983
v 0.036207 0.0838191 -0.000183484
v 0.0365881 0.0900103 -0.000209954
v 0.0400159 0.0900123 -0.000245194
v 0.05002 0.0900133 -0.000367011
v 0.0522258 0.0878064 -0.000385066
v 0.0521386 0.0900118 -0.00039621
v 0.0600234 0.0900117 -0.000507409
v 0.0700245 0.0900109 -0.000667697
v 0.0800268 0.0839184 -0.000815289
v 0.0788567 0.0811795 -0.00077596
v 0.080026 0.0900107 -0.000850668
v 0.0823628 0.0876749 -0.000884302
v 0.0854839 0.0900112 -0.000962318
v 0.090028 0.0900116 -0.00105594
v 0.0800288 0.0800094 -0.000792186
v 0.100027 0.0900131 -0.00128075
v 0.110028 0.0900122 -0.00152598
v 0.120028 0.090012 -0.0017932
v 0.130028 0.0900127 -0.00208224
v 0.140026 0.0900109 -0.00238856
v 0.150024 0.090013 -0.00272078
v 0.16002 0.0900127 -0.00306998
v 0.170018 0.0900131 -0.0034432
v 0.180016 0.090011 -0.0038359
v 0.190008 0.0900128 -0.00424836
v 0.200002 0.0900122 -0.00468277
v 0.209995 0.0900122 -0.00513782
v 0.219988 0.0900129 -0.00561616
v 0.22998 0.0900111 -0.00611321
v 0.239968 0.0900131 -0.00663204
v 0.249958 0.0900126 -0.00717209
v 0.259945 0.0900127 -0.00773208
v 0.269932 0.0900134 -0.00831452
v 0.279917 0.0900116 -0.00891502
v 0.2899 0.0900135 -0.00953925
v 0.299884 0.0900128 -0.0101839
v 0.309864 0.0900127 -0.0108478
v 0.319845 0.0900131 -0.0115362
v 0.329823 0.0900141 -0.0122434
v 0.3398 0.0900125 -0.0129705
v 0.349776 0.0900113 -0.0137188
v 0.359748 0.0900138 -0.0144899
v 0.36972 0.0900135 -0.0152804
v 0.379689 0.0900138 -0.0160918
v 0.389661 0.0900114 -0.0169249
v 0.399628 0.0900125 -0.0177802
v 0.409592 0.090014 -0.0186558
v 0.419555 0.0900128 -0.0195502
v 0.429518 0.090012 -0.0204673
v 0.439476 0.0900144 -0.0214059
v 0.449432 0.0900142 -0.0223629
v 0.459387 0.0900143 -0.0233421
v 0.469342 0.0900117 -0.024342
v 0.479292 0.0900123 -0.0253628
v 0.489241 0.0900131 -0.0264054
v 0.499188 0.0900142 -0.0274697
v 0.509132 0.0900124 -0.0285516
v 0.519076 0.0900138 -0.0296588
v 0.529016 0.0900123 -0.0307834
v 0.538952 0.0900139 -0.0319305
v 0.548888 0.0900127 -0.0330972
v 0.558819 0.0900144 -0.0342861
v 0.568749 0.0900133 -0.0354943
v 0.578677 0.0900122 -0.0367231
v 0.588602 0.0900139 -0.0379763
v 0.598523 0.0900128 -0.0392457
v 0.608442 0.0900144 -0.0405394
v 0.618362 0.0900131 -0.041854
v 0.628274 0.0900145 -0.0431875
v 0.638186 0.090013 -0.0445418
v 0.648095 0.090014 -0.0459196
v 0.657998 0.0900149 -0.0473144
v 0.667903 0.0900127 -0.0487321
v 0.677802 0.0900131 -0.0501704
v 0.687699 0.0900132 -0.0516303
v 0.697591 0.0900129 -0.0531091
v 0.70748 0.0900152 -0.0546106
v 0.717368 0.0900142 -0.0561318
v 0.727253 0.0900128 -0.057674
v 0.737132 0.0900137 -0.059236
v 0.747011 0.0900142 -0.0608213
v 0.756884 0.0900141 -0.0624246
v 0.766753 0.0900135 -0.0640486
v 0.776621 0.0900151 -0.0656966
v 0.786484 0.0900133 -0.067361
v 0.796345 0.0900136 -0.0690494
v 0.806203 0.0900131 -0.0707577
v 0.816055 0.0900148 -0.0724872
v 0.825903 0.0900156 -0.0742365
v 0.835747 0.0900156 -0.0760054
v 0.84559 0.0900148 -0.077796
v 0.855427 0.0900158 -0.0796075
v 0.865262 0.090016 -0.0814405
v 0.875092 0.0900151 -0.0832927
v 0.884919 0.090016 -0.0851675
v 0.894742 0.0900158 -0.0870613
v 0.904559 0.0900146 -0.0889737
v 0.914375 0.090015 -0.0909109
v 0.924186 0.0900141 -0.0928667
v 0.933991 0.0900148 -0.0948421
v 0.943793 0.0900142 -0.0968383
v 0.95359 0.090015 -0.0988563
v 0.963384 0.0900145 -0.100895
v 0.973174 0.0900152 -0.102955
v 0.982958 0.0900144 -0.105033
v 0.99274 0.0900148 -0.107135
v 0.0100028 0.100008 -3.50012e-05
v 0.00669538 0.100004 -2.29774e-05
v 0.0100019 0.0966997 -2.77186e-05
v 0.0100056 0.0933503 -2.24861e-05
v 0.003349 0.1 -1.11487e-05
v 2.47869e-06 0.0999981 -6.41307e-07
v 0.0100336 0.0999745 -3.28245e-05
v 0.0100327 0.100007 -3.24867e-05
v 0.0127731 0.10001 -5.466e-05
v 0.0127463 0.0972649 -4.30848e-05
v 0.0155101 0.10001 -7.1267e-05
v 0.0154607 0.0945519 -5.17164e-05
v 0.0182497 0.100009 -8.80704e-05
v 0.0181779 0.091839 -6.32155e-05
v 0.0200059 0.100011 -0.000100809
v 0.0103421 0.0900023 -2.00282e-05
v 0.0100063 0.0932717 -2.21579e-05
v 0.0100025 0.0966211 -2.74759e-05
v 0.0100022 0.0999701 -3.57226e-05
v 0.0243167 0.0957015 -0.000118609
v 0.0230963 0.100013 -0.000129888
v 0.0300089 0.100014 -0.000190736
v 0.0342019 0.0958223 -0.00021279
v 0.0325073 0.100015 -0.000220622
v 0.0400148 0.100014 -0.000301923
v 0.0500161 0.100016 -0.00043015
v 0.0469659 0.100014 -0.000390748
v 0.0500197 0.0938554 -0.000391818
v 0.0600204 0.100015 -0.000579014
v 0.0700229 0.100016 -0.00074734
v 0.080025 0.100015 -0.000933246
v 0.0834299 0.0966094 -0.000974851
v 0.0850921 0.100015 -0.00103861
v 0.0900275 0.100014 -0.00114132
v 0.100028 0.100015 -0.00136843
v 0.110027 0.100016 -0.0016174
v 0.120026 0.100015 -0.00188366
v 0.130024 0.100015 -0.00217154
v 0.123648 0.100014 -0.00198745
v 0.130028 0.0988175 -0.00216264
v 0.140024 0.0972784 -0.00245552
v 0.131438 0.0986019 -0.00220308
v 0.140024 0.100016 -0.00248363
v 0.150023 0.0959565 -0.00277476
v 0.1432 0.0968383 -0.00255766
v 0.150022 0.100015 -0.00281271
v 0.16002 0.0948748 -0.00311445
v 0.154615 0.0954208 -0.00293213
v 0.160019 0.100014 -0.00316297
v 0.170017 0.0939865 -0.00347759
v 0.165699 0.0943315 -0.00332063
v 0.170015 0.100014 -0.00353431
v 0.180013 0.0932679 -0.00386535
v 0.176543 0.093485 -0.00373146
v 0.180012 0.100015 -0.00392934
v 0.190008 0.0926924 -0.0042745
v 0.187194 0.0928284 -0.00415834
v 0.190004 0.100016 -0.0043424
v 0.200001 0.0922283 -0.00470234
v 0.197698 0.0923192 -0.00460529
v 0.199999 0.100015 -0.00477726
v 0.209994 0.0918644 -0.00515525
v 0.208089 0.0919213 -0.00507132
v 0.209992 0.100015 -0.00523261
v 0.219986 0.0915743 -0.00563026
v 0.218389 0.0916118 -0.00555346
v 0.219982 0.100015 -0.00570834
v 0.229977 0.0913452 -0.00612539
v 0.228623 0.0913679 -0.00605708
v 0.229973 0.100016 -0.00620698
v 0.239969 0.0911628 -0.00664295
v 0.238801 0.0911796 -0.00658001
v 0.239963 0.100015 -0.00672413
v 0.249958 0.0910215 -0.00718054
v 0.248938 0.0910339 -0.00712678
v 0.249952 0.100014 -0.00726393
v 0.259944 0.0909121 -0.00774029
v 0.25904 0.090918 -0.00768827
v 0.259942 0.100014 -0.00782621
v 0.269931 0.0908235 -0.00831889
v 0.269113 0.0908315 -0.00827257
v 0.269925 0.100015 -0.0084054
v 0.279917 0.0907569 -0.0089222
v 0.27917 0.0907618 -0.0088787
v 0.279911 0.100016 -0.00900951
v 0.2899 0.090705 -0.00954512
v 0.289205 0.0907088 -0.00950112
v 0.289895 0.100014 -0.00963138
v 0.299885 0.0906635 -0.0101898
v 0.299231 0.090666 -0.0101474
v 0.299876 0.100016 -0.0102767
v 0.309864 0.0906347 -0.0108556
v 0.309242 0.0906364 -0.0108136
v 0.309857 0.100016 -0.0109422
v 0.319845 0.0906087 -0.011541
v 0.319248 0.0906107 -0.0115003
v 0.319837 0.100017 -0.0116293
v 0.329822 0.0905912 -0.0122467
v 0.329244 0.0905918 -0.0122062
v 0.329818 0.100014 -0.0123363
v 0.3398 0.0905754 -0.0129753
v 0.339237 0.0905767 -0.0129351
v 0.339792 0.100016 -0.0130634
v 0.349773 0.0905674 -0.0137246
v 0.349222 0.0905653 -0.0136814
v 0.349769 0.100014 -0.0138128
v 0.359749 0.0905575 -0.0144954
v 0.359205 0.0905575 -0.014453
v 0.359742 0.100017 -0.0145848
v 0.36972 0.0905518 -0.0152854
v 0.369184 0.0905502 -0.0152428
v 0.369714 0.100016 -0.015376
v 0.379691 0.0905471 -0.0160985
v 0.37916 0.0905464 -0.0160551
v 0.379684 0.100017 -0.0161879
v 0.389658 0.090543 -0.0169293
v 0.38913 0.0905432 -0.0168854
v 0.389651 0.100017 -0.0170204
v 0.399625 0.0905397 -0.017783
v 0.3991 0.0905403 -0.0177388
v 0.399617 0.100015 -0.0178719
v 0.409592 0.090537 -0.0186595
v 0.409068 0.0905379 -0.0186126
v 0.409582 0.100017 -0.0187476
v 0.419554 0.0905348 -0.0195535
v 0.419032 0.0905359 -0.0195067
v 0.419547 0.100016 -0.0196446
v 0.429514 0.0905361 -0.0204717
v 0.428996 0.0905342 -0.0204235
v 0.429507 0.100015 -0.0205591
v 0.439476 0.0905348 -0.0214107
v 0.438957 0.0905328 -0.0213603
v 0.439467 0.100017 -0.0214999
v 0.449431 0.0905339 -0.022367
v 0.448915 0.0905318 -0.0223169
v 0.449423 0.100017 -0.0224565
v 0.459388 0.0905334 -0.0233481
v 0.45887 0.0905341 -0.0232972
v 0.459379 0.100017 -0.0234377
v 0.469341 0.0905332 -0.0243486
v 0.468823 0.0905337 -0.0242957
v 0.469332 0.100018 -0.0244383
v 0.479291 0.0905332 -0.0253686
v 0.478776 0.0905305 -0.0253146
v 0.479283 0.100015 -0.0254568
v 0.48924 0.0905305 -0.0264089
v 0.488727 0.0905306 -0.0263569
v 0.489233 0.100016 -0.0265009
v 0.499187 0.090531 -0.0274723
v 0.498673 0.0905308 -0.0274183
v 0.499178 0.100017 -0.0275641
v 0.509131 0.0905317 -0.0285573
v 0.508617 0.0905312 -0.0285013
v 0.509123 0.100016 -0.0286472
v 0.519074 0.0905326 -0.0296636
v 0.518559 0.0905318 -0.0296057
v 0.519065 0.100017 -0.029753
v 0.529014 0.0905306 -0.0307873
v 0.528499 0.0905326 -0.0307313
v 0.529003 0.100016 -0.0308759
v 0.538952 0.0905318 -0.0319359
v 0.538436 0.0905305 -0.031874
v 0.53894 0.100018 -0.0320238
v 0.548887 0.0905301 -0.0331016
v 0.548372 0.0905314 -0.0330418
v 0.548876 0.100017 -0.033191
v 0.558818 0.0905314 -0.0342896
v 0.558305 0.0905324 -0.0342304
v 0.558809 0.100016 -0.034379
v 0.568749 0.0905327 -0.0355008
v 0.568234 0.0905306 -0.0354356
v 0.568737 0.100018 -0.035589
v 0.578676 0.0905312 -0.0367286
v 0.578162 0.0905316 -0.0366655
v 0.578664 0.100017 -0.0368179
v 0.5886 0.0905325 -0.0379808
v 0.588086 0.0905326 -0.0379158
v 0.588591 0.100016 -0.0380696
v 0.598524 0.0905309 -0.0392518
v 0.598009 0.0905307 -0.0391849
v 0.598512 0.100018 -0.0393428
v 0.608442 0.0905321 -0.0405444
v 0.60793 0.0905316 -0.0404781
v 0.608432 0.100017 -0.0406346
v 0.618361 0.0905303 -0.0418581
v 0.617847 0.0905325 -0.0417913
v 0.618348 0.100016 -0.0419463
v 0.628275 0.0905314 -0.043193
v 0.627761 0.0905303 -0.043123
v 0.628261 0.100018 -0.0432817
v 0.638184 0.0905322 -0.0445477
v 0.637671 0.0905309 -0.0444758
v 0.638172 0.100017 -0.0446351
v 0.648093 0.0905328 -0.0459245
v 0.647579 0.0905312 -0.0458508
v 0.648079 0.100018 -0.046012
v 0.657999 0.0905305 -0.0473193
v 0.657486 0.0905315 -0.0472476
v 0.657987 0.100017 -0.0474091
v 0.667902 0.0905307 -0.0487374
v 0.667389 0.0905314 -0.0486639
v 0.667888 0.100018 -0.0488269
v 0.6778 0.0905307 -0.0501746
v 0.677289 0.0905311 -0.0501018
v 0.677789 0.100016 -0.0502648
v 0.687697 0.0905303 -0.0516334
v 0.687185 0.0905305 -0.0515588
v 0.687684 0.100016 -0.0517231
v 0.69759 0.0905325 -0.0531151
v 0.697078 0.0905324 -0.0530386
v 0.697577 0.100017 -0.0532025
v 0.707479 0.0905314 -0.0546141
v 0.70697 0.0905311 -0.0545382
v 0.707467 0.100017 -0.0547031
v 0.717368 0.0905329 -0.056138
v 0.716855 0.0905323 -0.0560579
v 0.717354 0.100016 -0.0562246
v 0.727252 0.090531 -0.0576792
v 0.72674 0.0905302 -0.0575973
v 0.727238 0.100018 -0.0577684
v 0.717369 0.0905301 -0.0561366
v 0.737133 0.0905315 -0.0592426
v 0.736622 0.0905304 -0.0591614
v 0.737117 0.100017 -0.0593291
v 0.747008 0.0905315 -0.0608245
v 0.7465 0.0905302 -0.0607438
v 0.746995 0.100018 -0.0609141
v 0.756882 0.0905308 -0.0624294
v 0.756374 0.0905294 -0.0623468
v 0.756869 0.100018 -0.0625196
v 0.766753 0.0905294 -0.064055
v 0.766245 0.0905281 -0.0639703
v 0.766737 0.100018 -0.0641429
v 0.776621 0.0905271 -0.0657012
v 0.776114 0.0905262 -0.0656142
v 0.776605 0.100018 -0.0657889
v 0.786483 0.090524 -0.0673656
v 0.785981 0.0905236 -0.0672808
v 0.786469 0.100017 -0.0674549
v 0.796343 0.0905195 -0.0690532
v 0.795846 0.0905202 -0.06897
v 0.796328 0.100018 -0.0691422
v 0.806199 0.0905137 -0.0707614
v 0.80571 0.0905132 -0.0706779
v 0.806185 0.100018 -0.0708517
v 0.816054 0.0905034 -0.0724915
v 0.815569 0.0905055 -0.0724058
v 0.816037 0.100018 -0.0725785
v 0.825902 0.0904913 -0.0742402
v 0.825432 0.0904913 -0.0741557
v 0.825886 0.100017 -0.0743272
v 0.835749 0.0904747 -0.0760106
v 0.835293 0.0904761 -0.0759278
v 0.835733 0.100017 -0.0760991
v 0.845588 0.0904595 -0.0778001
v 0.845152 0.09046 -0.0777219
v 0.845575 0.100017 -0.0778903
v 0.855428 0.0904443 -0.0796129
v 0.855004 0.090446 -0.0795342
v 0.855412 0.100017 -0.0797007
v 0.865263 0.09044 -0.0814451
v 0.864842 0.0904399 -0.0813644
v 0.865246 0.100018 -0.0815338
v 0.875092 0.0904597 -0.0832952
v 0.874653 0.0904616 -0.0832138
v 0.875076 0.100018 -0.0833859
v 0.884919 0.0905309 -0.0851702
v 0.884414 0.0905286 -0.0850746
v 0.884903 0.100017 -0.0852592
v 0.894741 0.0906942 -0.0870681
v 0.894086 0.0906812 -0.0869393
v 0.894724 0.100018 -0.0871525
v 0.904559 0.0910025 -0.0889843
v 0.90362 0.0909706 -0.0888001
v 0.904542 0.100017 -0.0890668
v 0.914371 0.0915539 -0.090924
v 0.912954 0.0914602 -0.0906439
v 0.914356 0.100019 -0.0910032
v 0.924181 0.0924783 -0.0928892
v 0.922011 0.092227 -0.0924535
v 0.924165 0.100019 -0.092958
v 0.933983 0.0939983 -0.0948783
v 0.9307 0.0933644 -0.0942097
v 0.933973 0.100018 -0.0949356
v 0.94378 0.0965129 -0.0968982
v 0.938913 0.0949858 -0.0958931
v 0.943775 0.100018 -0.0969328
v 0.94647 0.0972706 -0.0974606
v 0.951838 0.100019 -0.0985942
v 0.953573 0.100018 -0.0989503
v 0.963364 0.100018 -0.100987
v 0.973155 0.100017 -0.103046
v 0.98294 0.100018 -0.105127
v 0.992722 0.100017 -0.107227
v 3.27984e-06 0.0299985 -0.000201848
v 4.0492e-06 0.0399979 -0.000202034
v 0.0100088 0.0399964 -0.00020927
v 0.0100071 0.0299958 -0.000209104
v 0.0200121 0.0299932 -0.000241398
v 0.0200125 0.01999 -0.000249777
v 0.0300133 0.01999 -0.000316168
v 0.0300127 0.00998655 -0.000346197
v 0.0400171 0.00998309 -0.000445242
v 0.0400149 -1.87934e-05 -0.000502978
v 0.030011 -1.85886e-05 -0.00039296
v 2.06282e-06 0.0499979 -0.000200043
v 0.0100077 0.0499973 -0.000207265
v 0.0200133 0.039996 -0.000237523
v 0.0300181 0.0299907 -0.000298583
v 0.0400179 0.0199875 -0.000404897
v 0.0500198 0.00998439 -0.000566497
v 0.0500154 -1.806e-05 -0.00063111
v 3.31641e-06 0.0599982 -0.00020158
v 0.0100093 0.059998 -0.000209093
v 0.0200126 0.0499976 -0.000235567
v 0.030015 0.0399953 -0.000288102
v 0.040019 0.0299907 -0.000380205
v 0.0500185 0.0199881 -0.000517288
v 0.0600228 0.00998282 -0.000707317
v 0.0600209 -1.90681e-05 -0.000780723
v 2.08404e-06 0.0699987 -0.000200772
v 0.0100083 0.0699986 -0.000208552
v 0.0200145 0.0599988 -0.000237464
v 0.0300157 0.0499983 -0.000285429
v 0.0400202 0.0399944 -0.000366342
v 0.0500211 0.029991 -0.000486084
v 0.0600225 0.0199862 -0.000651783
v 0.0700249 0.00998228 -0.00086872
v 0.0700228 -1.90153e-05 -0.000948062
v 1.4435e-06 0.0799989 -0.00020041
v 0.0100083 0.0800016 -0.000213456
v 0.0200134 0.0700019 -0.00024254
v 0.0300168 0.0599992 -0.00028797
v 0.0400181 0.0499981 -0.000360662
v 0.0500218 0.0399928 -0.000466967
v 0.0600232 0.0299909 -0.000616676
v 0.0700255 0.0199878 -0.000812124
v 0.0800256 0.00998243 -0.00105087
v 0.0800242 -1.76931e-05 -0.00113569
v 1.56256e-06 0.0899988 -0.000200376
v 0.0100083 0.0900038 -0.000219033
v 0.0200114 0.0800036 -0.000248912
v 0.0300155 0.0700049 -0.000298554
v 0.04002 0.0600026 -0.000367806
v 0.0500233 0.0499978 -0.000463392
v 0.0600249 0.0399946 -0.000596434
v 0.070026 0.0299913 -0.000771207
v 0.0800286 0.0199867 -0.000991421
v 0.0900277 0.00998342 -0.00125636
v 0.090026 -1.88407e-05 -0.00134217
v 2.47869e-06 0.0999981 -0.000200641
v 0.0100028 0.100008 -0.000235001
v 0.020008 0.0900082 -0.000267519
v 0.0300136 0.0800072 -0.000314888
v 0.040018 0.0700036 -0.00037813
v 0.0500212 0.060002 -0.000468111
v 0.0600249 0.0499968 -0.000588085
v 0.0700266 0.0399927 -0.000745772
v 0.0800292 0.0299917 -0.000949707
v 0.0900295 0.0199861 -0.00119151
v 0.100028 0.00998512 -0.00148226
v 0.100027 -1.89646e-05 -0.00156889
v 0.0200059 0.100011 -0.000300809
v 0.0300142 0.0900086 -0.000344983
v 0.0400173 0.0800073 -0.000403558
v 0.0500215 0.0700054 -0.000486589
v 0.060025 0.0600011 -0.000595578
v 0.0700277 0.0499991 -0.00074131
v 0.0800299 0.0399945 -0.000923358
v 0.0900317 0.0299893 -0.00114718
v 0.100031 0.0199861 -0.00141484
v 0.110028 0.00998421 -0.00172678
v 0.110026 -1.8286e-05 -0.00181589
v 0.0300089 0.100014 -0.000390736
v 0.0400159 0.0900123 -0.000445194
v 0.0500206 0.0800072 -0.00051641
v 0.0600263 0.0700037 -0.000617544
v 0.0700283 0.0600001 -0.000747186
v 0.0800291 0.0499981 -0.000913942
v 0.090032 0.0399931 -0.00112013
v 0.10003 0.0299906 -0.00136682
v 0.110031 0.0199867 -0.00165851
v 0.120029 0.00998402 -0.00199428
v 0.120027 -2.00876e-05 -0.00208422
v 0.0400148 0.100014 -0.000501923
v 0.05002 0.0900133 -0.000567011
v 0.0600241 0.0800076 -0.000652735
v 0.0700264 0.0700055 -0.000770968
v 0.0800299 0.0600026 -0.000923987
v 0.0900305 0.0499973 -0.00111008
v 0.100033 0.0399953 -0.00134179
v 0.110032 0.0299924 -0.00161239
v 0.120031 0.0199879 -0.00192511
v 0.130028 0.00998454 -0.00228175
v 0.130025 -1.78132e-05 -0.00237422
v 0.0500161 0.100016 -0.00063015
v 0.0600234 0.0900117 -0.000707409
v 0.0700249 0.0800082 -0.00080958
v 0.0800281 0.0700042 -0.000946172
v 0.0900302 0.0600019 -0.0011197
v 0.100032 0.0499968 -0.00132947
v 0.110032 0.0399947 -0.00158209
v 0.120032 0.0299915 -0.00187646
v 0.13003 0.0199864 -0.00221005
v 0.140026 0.0099857 -0.00259195
v 0.140023 -1.80452e-05 -0.00268242
v 0.0600204 0.100015 -0.000779014
v 0.0700245 0.0900109 -0.000867697
v 0.0800288 0.0800094 -0.000992186
v 0.0900281 0.0700066 -0.00114608
v 0.100033 0.0600017 -0.00134131
v 0.110033 0.0499969 -0.00157175
v 0.120032 0.0399946 -0.00184523
v 0.13003 0.0299911 -0.00216041
v 0.140027 0.0199889 -0.00251924
v 0.150024 0.00998429 -0.00292018
v 0.150021 -1.75726e-05 -0.00301325
v 0.0700229 0.100016 -0.00094734
v 0.080026 0.0900107 -0.00105067
v 0.0900286 0.0800078 -0.00119034
v 0.10003 0.0700062 -0.00136719
v 0.110033 0.0600019 -0.00158294
v 0.120034 0.0499973 -0.00183684
v 0.130031 0.0399951 -0.00213106
v 0.140031 0.0299913 -0.00246977
v 0.150027 0.0199886 -0.00284928
v 0.160022 0.00998353 -0.00327084
v 0.160018 -1.97074e-05 -0.00336211
v 0.080025 0.100015 -0.00113325
v 0.090028 0.0900116 -0.00125594
v 0.10003 0.0800101 -0.00141552
v 0.110031 0.0700063 -0.00161095
v 0.120033 0.0600026 -0.00184712
v 0.130032 0.0499983 -0.00212165
v 0.14003 0.0399961 -0.00243928
v 0.150029 0.0299921 -0.00279865
v 0.160023 0.0199891 -0.00319877
v 0.170018 0.00998347 -0.00364088
v 0.170013 -1.78928e-05 -0.00373496
v 0.0900275 0.100014 -0.00134132
v 0.100027 0.0900131 -0.00148075
v 0.110029 0.0800099 -0.00165865
v 0.120034 0.0700038 -0.00187549
v 0.130034 0.0600006 -0.00213213
v 0.14003 0.0499999 -0.00242878
v 0.150031 0.0399944 -0.0027682
v 0.160028 0.0299902 -0.00314817
v 0.17002 0.0199869 -0.00356883
v 0.180015 0.009984 -0.00403589
v 0.18001 -1.87099e-05 -0.0041284
v 0.100028 0.100015 -0.00156843
v 0.110028 0.0900122 -0.00172598
v 0.120033 0.080007 -0.00192511
v 0.130031 0.0700051 -0.00216106
v 0.14003 0.0600025 -0.0024381
v 0.150029 0.0499988 -0.00275648
v 0.160028 0.0399934 -0.0031164
v 0.170022 0.0299923 -0.0035185
v 0.180016 0.0199886 -0.00396248
v 0.190009 0.00998513 -0.00445007
v 0.190003 -1.88561e-05 -0.00454105
v 0.110027 0.100016 -0.0018174
v 0.120028 0.090012 -0.0019932
v 0.130032 0.0800081 -0.00221246
v 0.14003 0.0700038 -0.0024671
v 0.15003 0.0600018 -0.00276734
v 0.160027 0.0499983 -0.00310613
v 0.170023 0.0399962 -0.00348817
v 0.18002 0.0299917 -0.00391195
v 0.190012 0.0199877 -0.00437639
v 0.200002 0.00998369 -0.00488159
v 0.199999 -1.84261e-05 -0.00497849
v 0.120026 0.100015 -0.00208366
v 0.130028 0.0900127 -0.00228224
v 0.140027 0.0800099 -0.00251887
v 0.150029 0.0700064 -0.00279938
v 0.160026 0.0600017 -0.00311555
v 0.170024 0.0499985 -0.00347763
v 0.180019 0.0399964 -0.0038801
v 0.190014 0.0299917 -0.00432431
v 0.200005 0.0199873 -0.00480918
v 0.209995 0.00998603 -0.00533925
v 0.209992 -1.73639e-05 -0.00543487
v 0.130024 0.100015 -0.00237154
v 0.140026 0.0900109 -0.00258856
v 0.150026 0.0800091 -0.00284819
v 0.160027 0.0700064 -0.00314896
v 0.170024 0.0600022 -0.0034883
v 0.180021 0.0499992 -0.00387077
v 0.190015 0.039994 -0.00429205
v 0.200007 0.0299924 -0.00475829
v 0.21 0.0199876 -0.00526635
v 0.219988 0.00998575 -0.0058168
v 0.219982 -1.89952e-05 -0.00590851
v 0.140024 0.100016 -0.00268363
v 0.150024 0.090013 -0.00292078
v 0.160024 0.0800091 -0.003199
v 0.170024 0.0700038 -0.00351849
v 0.180019 0.0600033 -0.00387978
v 0.190015 0.0499974 -0.004281
v 0.200009 0.0399954 -0.00472706
v 0.210001 0.0299904 -0.00521207
v 0.219991 0.0199885 -0.00574214
v 0.229977 0.00998604 -0.00631295
v 0.229973 -1.67636e-05 -0.00640802
v 0.150022 0.100015 -0.00301271
v 0.16002 0.0900127 -0.00326998
v 0.170021 0.0800097 -0.00357122
v 0.180019 0.0700052 -0.00391099
v 0.190016 0.0600019 -0.00429379
v 0.200009 0.0499995 -0.00471697
v 0.210003 0.0399942 -0.00518179
v 0.219994 0.0299923 -0.00569153
v 0.229983 0.0199899 -0.00624197
v 0.23997 0.00998369 -0.0068315
v 0.239964 -1.72777e-05 -0.00692734
v 0.160019 0.100014 -0.00336297
v 0.170018 0.0900131 -0.0036432
v 0.180018 0.0800078 -0.00396307
v 0.190015 0.070004 -0.00432313
v 0.200009 0.0600011 -0.00472624
v 0.210003 0.0499988 -0.00517255
v 0.219995 0.0399936 -0.00565769
v 0.229985 0.0299915 -0.00618778
v 0.239972 0.0199887 -0.00675854
v 0.249956 0.00998507 -0.00737001
v 0.249951 -1.72205e-05 -0.00746507
v 0.170015 0.100014 -0.00373431
v 0.180016 0.090011 -0.0040359
v 0.190013 0.0800098 -0.00437759
v 0.200007 0.0700066 -0.00475796
v 0.210004 0.060001 -0.00518254
v 0.219996 0.0499989 -0.00564912
v 0.229986 0.0399937 -0.00615459
v 0.239974 0.0299912 -0.00670504
v 0.249963 0.0199881 -0.00729886
v 0.259945 0.00998377 -0.00793067
v 0.259939 -1.6714e-05 -0.00802673
v 0.180012 0.100015 -0.00412934
v 0.190008 0.0900128 -0.00444836
v 0.200007 0.0800093 -0.00481146
v 0.210001 0.0700067 -0.00521483
v 0.219997 0.0600015 -0.0056597
v 0.229987 0.0499995 -0.0061466
v 0.239978 0.0399943 -0.00667514
v 0.249965 0.0299916 -0.00724586
v 0.259948 0.019988 -0.00785724
v 0.269931 0.00998619 -0.0085137
v 0.269927 -1.88083e-05 -0.00860764
v 0.190004 0.100016 -0.0045424
v 0.200002 0.0900122 -0.00488277
v 0.209999 0.0800095 -0.00526613
v 0.219993 0.0700042 -0.00568816
v 0.229988 0.0600026 -0.00615763
v 0.239977 0.0499976 -0.00666321
v 0.249965 0.0399955 -0.00721363
v 0.259953 0.0299925 -0.0078074
v 0.269935 0.0199884 -0.00843908
v 0.279916 0.00998591 -0.00911583
v 0.279911 -1.73175e-05 -0.00921103
v 0.199999 0.100015 -0.00497726
v 0.209995 0.0900122 -0.00533782
v 0.219992 0.0800102 -0.00574417
v 0.229984 0.0700056 -0.00618643
v 0.239978 0.0600011 -0.0066746
v 0.249967 0.0499994 -0.00720476
v 0.259954 0.039994 -0.00777387
v 0.26994 0.0299907 -0.00838791
v 0.27992 0.0199893 -0.00904146
v 0.289899 0.00998611 -0.0097385
v 0.289895 -1.84786e-05 -0.00983343
v 0.209992 0.100015 -0.00543261
v 0.219988 0.0900129 -0.00581616
v 0.229981 0.0800085 -0.00623836
v 0.239977 0.0700044 -0.00670636
v 0.249964 0.0600034 -0.00721358
v 0.259956 0.0499987 -0.00776516
v 0.26994 0.0399963 -0.00835614
v 0.279924 0.0299927 -0.0089904
v 0.289906 0.0199875 -0.0096654
v 0.299883 0.00998675 -0.0103843
v 0.299877 -1.92182e-05 -0.0104764
v 0.219982 0.100015 -0.00590834
v 0.22998 0.0900111 -0.00631321
v 0.239974 0.0800074 -0.00675838
v 0.249963 0.070007 -0.00724542
v 0.259953 0.0600031 -0.00777405
v 0.269942 0.0499984 -0.00834588
v 0.279927 0.0399959 -0.00895979
v 0.28991 0.029992 -0.00961437
v 0.299888 0.0199894 -0.0103112
v 0.309865 0.00998472 -0.0110488
v 0.309858 -1.63746e-05 -0.0111441
v 0.229973 0.100016 -0.00640698
v 0.239968 0.0900131 -0.00683204
v 0.24996 0.0800101 -0.00729743
v 0.259951 0.070007 -0.00780586
v 0.269941 0.0600033 -0.0083574
v 0.279926 0.0499988 -0.00894675
v 0.289909 0.0399961 -0.00958091
v 0.299892 0.0299918 -0.0102584
v 0.30987 0.0199886 -0.0109755
v 0.319843 0.00998626 -0.0117349
v 0.319837 -1.62583e-05 -0.0118304
v 0.239963 0.100015 -0.00692413
v 0.249958 0.0900126 -0.00737209
v 0.259948 0.0800103 -0.00785766
v 0.26994 0.0700045 -0.00838745
v 0.279926 0.060001 -0.0089565
v 0.289912 0.0499996 -0.00957307
v 0.299893 0.0399967 -0.0102275
v 0.309872 0.029992 -0.0109225
v 0.319851 0.0199883 -0.0116625
v 0.329823 0.00998504 -0.0124422
v 0.329816 -1.89083e-05 -0.0125352
v 0.249952 0.100014 -0.00746393
v 0.259945 0.0900127 -0.00793208
v 0.269936 0.0800079 -0.00843897
v 0.279925 0.0700056 -0.00899049
v 0.289911 0.0600024 -0.00958249
v 0.299894 0.0499979 -0.0102149
v 0.309876 0.0399948 -0.0108923
v 0.319852 0.0299928 -0.0116091
v 0.329829 0.0199883 -0.0123694
v 0.3398 0.00998425 -0.0131693
v 0.339792 -1.80202e-05 -0.0132644
v 0.259942 0.100014 -0.00802621
v 0.269932 0.0900134 -0.00851452
v 0.279921 0.0800092 -0.00904157
v 0.289907 0.0700073 -0.0096133
v 0.299895 0.0600012 -0.0102266
v 0.309875 0.0499997 -0.0108809
v 0.319855 0.0399964 -0.0115784
v 0.329833 0.0299908 -0.0123166
v 0.339804 0.0199888 -0.013096
v 0.349774 0.00998694 -0.0139204
v 0.349766 -1.67827e-05 -0.0140133
v 0.269925 0.100015 -0.0086054
v 0.279917 0.0900116 -0.00911502
v 0.289906 0.080008 -0.00966495
v 0.29989 0.0700065 -0.0102568
v 0.309874 0.0600036 -0.0108919
v 0.319856 0.049999 -0.0115675
v 0.329834 0.0399954 -0.0122852
v 0.339809 0.0299924 -0.0130452
v 0.349781 0.0199897 -0.0138475
v 0.359747 0.00998689 -0.0146895
v 0.359741 -1.83265e-05 -0.0147831
v 0.279911 0.100016 -0.00920951
v 0.2899 0.0900135 -0.00973925
v 0.299886 0.0800104 -0.0103093
v 0.309872 0.0700061 -0.0109226
v 0.319854 0.0600034 -0.0115778
v 0.329834 0.0499987 -0.0122736
v 0.339813 0.0399948 -0.0130142
v 0.349786 0.0299913 -0.0137944
v 0.359756 0.0199878 -0.0146169
v 0.369719 0.00998714 -0.0154807
v 0.369713 -1.64481e-05 -0.0155767
v 0.289895 0.100014 -0.00983138
v 0.299884 0.0900128 -0.0103839
v 0.30987 0.0800103 -0.0109769
v 0.319854 0.0700064 -0.0116102
v 0.329833 0.0600037 -0.0122857
v 0.339811 0.0499989 -0.0130016
v 0.349788 0.0399946 -0.0137625
v 0.359757 0.0299936 -0.0145644
v 0.369725 0.0199894 -0.0154072
v 0.379691 0.00998461 -0.0162923
v 0.379684 -1.73698e-05 -0.0163881
v 0.299876 0.100016 -0.0104767
v 0.309864 0.0900127 -0.0110478
v 0.319848 0.0800107 -0.0116609
v 0.329831 0.070007 -0.0123172
v 0.339813 0.0600014 -0.0130138
v 0.349787 0.0499995 -0.0137515
v 0.359761 0.0399948 -0.0145326
v 0.369729 0.0299933 -0.0153547
v 0.379698 0.0199882 -0.0162204
v 0.389659 0.00998548 -0.0171247
v 0.389651 -1.8023e-05 -0.0172189
v 0.309857 0.100016 -0.0111422
v 0.319845 0.0900131 -0.0117362
v 0.329828 0.0800085 -0.0123678
v 0.339809 0.0700051 -0.0130442
v 0.349787 0.0600025 -0.0137626
v 0.359761 0.0500005 -0.0145232
v 0.369734 0.0399955 -0.0153244
v 0.3797 0.0299933 -0.0161667
v 0.389666 0.0199905 -0.0170542
v 0.399627 0.00998666 -0.0179813
v 0.399619 -1.84097e-05 -0.0180742
v 0.319837 0.100017 -0.0118293
v 0.329823 0.0900141 -0.0124434
v 0.339805 0.0800099 -0.0130979
v 0.349784 0.0700067 -0.0137943
v 0.35976 0.0600042 -0.0145329
v 0.369733 0.0499988 -0.0153121
v 0.379702 0.0399964 -0.0161351
v 0.389669 0.0299936 -0.0170003
v 0.399633 0.0199899 -0.0179079
v 0.40959 0.00998495 -0.0188527
v 0.409584 -1.85601e-05 -0.0189484
v 0.329818 0.100014 -0.0125363
v 0.3398 0.0900125 -0.0131705
v 0.34978 0.0800087 -0.0138451
v 0.359759 0.0700057 -0.0145644
v 0.369732 0.0600031 -0.0153231
v 0.379705 0.0500006 -0.0161267
v 0.389673 0.0399947 -0.0169683
v 0.399638 0.0299912 -0.0178537
v 0.409597 0.0199896 -0.0187805
v 0.419553 0.0099866 -0.0197497
v 0.419547 -1.84759e-05 -0.0198443
v 0.339792 0.100016 -0.0132634
v 0.349776 0.0900113 -0.0139188
v 0.359756 0.0800079 -0.0146163
v 0.369732 0.0700051 -0.0153557
v 0.379703 0.0600025 -0.0161346
v 0.389673 0.0499997 -0.0169583
v 0.399638 0.0399964 -0.0178216
v 0.409604 0.0299921 -0.01873
v 0.419561 0.0199896 -0.0196769
v 0.429516 0.00998541 -0.0206664
v 0.429508 -1.81872e-05 -0.0207615
v 0.349769 0.100014 -0.0140128
v 0.359748 0.0900138 -0.0146899
v 0.369725 0.0800107 -0.0154074
v 0.379701 0.070005 -0.0161655
v 0.389672 0.0600023 -0.0169672
v 0.39964 0.0499992 -0.0178111
v 0.409606 0.0399953 -0.0186972
v 0.419565 0.0299933 -0.0196247
v 0.429523 0.0199898 -0.0205945
v 0.439475 0.00998744 -0.0216057
v 0.439465 -1.7752e-05 -0.0216973
v 0.359742 0.100017 -0.0147848
v 0.36972 0.0900135 -0.0154804
v 0.379697 0.0800109 -0.0162207
v 0.38967 0.0700052 -0.0169989
v 0.399641 0.0600024 -0.0178234
v 0.409607 0.0499989 -0.0186875
v 0.419569 0.0399975 -0.0195954
v 0.429528 0.0299917 -0.0205414
v 0.439483 0.0199902 -0.021533
v 0.449433 0.00998659 -0.0225645
v 0.449423 -1.71714e-05 -0.022657
v 0.369714 0.100016 -0.015576
v 0.379689 0.0900138 -0.0162918
v 0.389665 0.0800084 -0.0170507
v 0.399637 0.0700059 -0.0178532
v 0.409606 0.0600028 -0.0186978
v 0.419569 0.049999 -0.0195821
v 0.42953 0.039997 -0.0205101
v 0.439488 0.0299933 -0.0214806
v 0.449438 0.0199908 -0.0224898
v 0.459387 0.0099859 -0.0235415
v 0.459379 -1.64745e-05 -0.0236376
v 0.379684 0.100017 -0.0163879
v 0.389661 0.0900114 -0.0171249
v 0.399632 0.0800093 -0.0179055
v 0.409601 0.0700068 -0.0187281
v 0.419568 0.0600036 -0.0195929
v 0.429532 0.0499994 -0.0205
v 0.43949 0.0399967 -0.0214483
v 0.449444 0.0299922 -0.0224363
v 0.459395 0.0199885 -0.0234684
v 0.469341 0.00998531 -0.0245419
v 0.46933 -1.56621e-05 -0.0246364
v 0.389651 0.100017 -0.0172204
v 0.399628 0.0900125 -0.0179802
v 0.409597 0.0800106 -0.0187808
v 0.419567 0.0700051 -0.0196247
v 0.429531 0.0600017 -0.0205097
v 0.439492 0.05 -0.0214385
v 0.449448 0.0399966 -0.0224069
v 0.459398 0.0299942 -0.0234167
v 0.469348 0.0199894 -0.024469
v 0.479292 0.00998485 -0.0255629
v 0.479282 -1.78055e-05 -0.0256571
v 0.399617 0.100015 -0.0180719
v 0.409592 0.090014 -0.0188558
v 0.419563 0.0800092 -0.0196777
v 0.429527 0.0700067 -0.0205407
v 0.439491 0.060003 -0.0214484
v 0.449449 0.0500008 -0.0223973
v 0.459403 0.0399968 -0.023386
v 0.469354 0.0299935 -0.0244187
v 0.479298 0.0199905 -0.0254902
v 0.489239 0.00998749 -0.0266058
v 0.489231 -1.68417e-05 -0.0266998
v 0.409582 0.100017 -0.0189476
v 0.419555 0.0900128 -0.0197502
v 0.429522 0.0800112 -0.0205937
v 0.439487 0.0700056 -0.0214779
v 0.449449 0.0600016 -0.0224059
v 0.459405 0.0499989 -0.023375
v 0.469355 0.0399971 -0.0243854
v 0.479305 0.0299928 -0.0254383
v 0.489249 0.0199886 -0.0265326
v 0.499188 0.00998714 -0.0276701
v 0.499176 -1.58762e-05 -0.0277631
v 0.419547 0.100016 -0.0198446
v 0.429518 0.090012 -0.0206673
v 0.439481 0.0800105 -0.021531
v 0.449443 0.0700078 -0.0224368
v 0.459402 0.0600035 -0.0233849
v 0.469359 0.0500002 -0.0243769
v 0.479307 0.0399976 -0.0254075
v 0.489255 0.0299922 -0.0264807
v 0.499196 0.0199898 -0.0275968
v 0.509133 0.00998683 -0.0287546
v 0.509123 -1.79582e-05 -0.0288477
v 0.429507 0.100015 -0.0207591
v 0.439476 0.0900144 -0.0216059
v 0.449441 0.0800101 -0.0224908
v 0.4594 0.0700072 -0.0234168
v 0.469357 0.0600026 -0.0243851
v 0.479311 0.0499987 -0.0253973
v 0.489257 0.0399952 -0.0264482
v 0.499202 0.0299918 -0.0275431
v 0.50914 0.019991 -0.028681
v 0.519075 0.00998652 -0.0298591
v 0.519063 -1.69825e-05 -0.0299514
v 0.439467 0.100017 -0.0216999
v 0.449432 0.0900142 -0.0225629
v 0.459394 0.0800099 -0.0234679
v 0.469353 0.0700069 -0.0244167
v 0.47931 0.0600018 -0.0254078
v 0.489258 0.0500003 -0.026439
v 0.499205 0.0399959 -0.0275127
v 0.509146 0.0299944 -0.0286294
v 0.519082 0.0199893 -0.0297836
v 0.529014 0.00998616 -0.0309835
v 0.529003 -1.60885e-05 -0.0310778
v 0.449423 0.100017 -0.0226565
v 0.459387 0.0900143 -0.0235421
v 0.469349 0.08001 -0.0244699
v 0.479305 0.0700068 -0.0254388
v 0.489256 0.0600042 -0.026449
v 0.499206 0.049999 -0.0275016
v 0.50915 0.0399968 -0.0285971
v 0.519089 0.0299941 -0.029734
v 0.529021 0.0199905 -0.03091
v 0.538952 0.00998582 -0.0321302
v 0.538939 -1.52479e-05 -0.032224
v 0.459379 0.100017 -0.0236377
v 0.469342 0.0900117 -0.024542
v 0.4793 0.0800104 -0.0254914
v 0.489254 0.0700069 -0.0264805
v 0.499205 0.0600038 -0.0275135
v 0.509151 0.0500009 -0.0285878
v 0.51909 0.0399977 -0.029701
v 0.529028 0.0299937 -0.0308582
v 0.538961 0.0199888 -0.0320571
v 0.548887 0.00998535 -0.0332966
v 0.548876 -1.75091e-05 -0.0333912
v 0.469332 0.100018 -0.0246383
v 0.479292 0.0900123 -0.0255628
v 0.489248 0.0800109 -0.0265323
v 0.499202 0.0700071 -0.0275442
v 0.50915 0.0600036 -0.0285974
v 0.519094 0.0499999 -0.029692
v 0.529031 0.0399956 -0.0308255
v 0.538965 0.0299934 -0.0320045
v 0.548896 0.0199899 -0.0332252
v 0.558819 0.00998778 -0.0344866
v 0.558808 -1.69051e-05 -0.0345795
v 0.479283 0.100015 -0.0256568
v 0.489241 0.0900131 -0.0266054
v 0.499198 0.0800087 -0.0275962
v 0.509145 0.0700075 -0.0286273
v 0.519091 0.0600034 -0.0297007
v 0.529033 0.0499989 -0.0308155
v 0.538969 0.0399965 -0.0319733
v 0.548902 0.0299931 -0.0331727
v 0.558827 0.019991 -0.0344127
v 0.568748 0.0099871 -0.0356944
v 0.568738 -1.64629e-05 -0.0357899
v 0.489233 0.100016 -0.0267009
v 0.499188 0.0900142 -0.0276697
v 0.509142 0.0800096 -0.0286807
v 0.519087 0.070008 -0.029732
v 0.529033 0.0600033 -0.0308282
v 0.538972 0.0500009 -0.0319648
v 0.548906 0.0399975 -0.0331429
v 0.558834 0.0299927 -0.0343601
v 0.56876 0.019989 -0.035623
v 0.578676 0.00998624 -0.0369241
v 0.578665 -1.62087e-05 -0.0370196
v 0.499178 0.100017 -0.0277641
v 0.509132 0.0900124 -0.0287516
v 0.519082 0.0800106 -0.0297843
v 0.529028 0.0700057 -0.0308568
v 0.538971 0.0600033 -0.0319748
v 0.548907 0.0499999 -0.0331316
v 0.55884 0.0399954 -0.0343301
v 0.568765 0.0299922 -0.0355691
v 0.578685 0.0199899 -0.0368514
v 0.588602 0.00998519 -0.0381755
v 0.588591 -1.61687e-05 -0.0382712
v 0.509123 0.100016 -0.0288472
v 0.519076 0.0900138 -0.0298588
v 0.529024 0.0800088 -0.0309103
v 0.538967 0.0700064 -0.0320046
v 0.548905 0.0600033 -0.0331402
v 0.558839 0.049999 -0.0343174
v 0.568768 0.0399962 -0.0355377
v 0.578692 0.0299945 -0.0368011
v 0.588611 0.0199906 -0.0381037
v 0.598523 0.00998692 -0.0394472
v 0.598512 -1.63413e-05 -0.0395419
v 0.519065 0.100017 -0.029953
v 0.529016 0.0900123 -0.0309834
v 0.53896 0.08001 -0.0320565
v 0.548903 0.0700071 -0.0331736
v 0.558839 0.0600032 -0.0343296
v 0.568769 0.050001 -0.0355285
v 0.578696 0.039997 -0.0367691
v 0.588616 0.0299938 -0.0380504
v 0.598532 0.019991 -0.039375
v 0.608443 0.00998541 -0.040739
v 0.608432 -1.68067e-05 -0.0408342
v 0.529003 0.100016 -0.0310759
v 0.538952 0.0900139 -0.0321305
v 0.548894 0.0800113 -0.0332239
v 0.558834 0.0700079 -0.0343612
v 0.568768 0.0600032 -0.0355375
v 0.578699 0.0499999 -0.0367594
v 0.58862 0.0399976 -0.0380193
v 0.598541 0.0299929 -0.0393235
v 0.608452 0.0199913 -0.0406675
v 0.61836 0.0099866 -0.0420534
v 0.618349 -1.7563e-05 -0.0421479
v 0.53894 0.100018 -0.0322238
v 0.548888 0.0900127 -0.0332972
v 0.558829 0.0800097 -0.0344133
v 0.568765 0.0700057 -0.0355684
v 0.578697 0.0600031 -0.036769
v 0.588624 0.0499988 -0.0380087
v 0.598544 0.039998 -0.039293
v 0.60846 0.0299947 -0.0406166
v 0.618369 0.0199913 -0.0419811
v 0.628274 0.00998747 -0.043389
v 0.628261 -1.57238e-05 -0.0434819
v 0.548876 0.100017 -0.033391
v 0.558819 0.0900144 -0.0344861
v 0.568758 0.0800111 -0.0356226
v 0.578694 0.0700065 -0.0368005
v 0.588621 0.060003 -0.0380189
v 0.598545 0.0500004 -0.0392804
v 0.608465 0.0399954 -0.0405837
v 0.618377 0.0299934 -0.0419292
v 0.628284 0.019991 -0.0433156
v 0.638184 0.00998803 -0.044743
v 0.638172 -1.71706e-05 -0.0448355
v 0.558809 0.100016 -0.034579
v 0.568749 0.0900133 -0.0356943
v 0.578686 0.0800095 -0.0368511
v 0.588618 0.0700071 -0.0380508
v 0.598546 0.0600028 -0.0392921
v 0.608467 0.049999 -0.040574
v 0.618382 0.0399955 -0.0418967
v 0.628291 0.0299947 -0.0432641
v 0.638196 0.0199904 -0.0446711
v 0.648094 0.00998817 -0.0461205
v 0.648079 -1.60846e-05 -0.0462116
v 0.568737 0.100018 -0.035789
v 0.578677 0.0900122 -0.0369231
v 0.588612 0.0800108 -0.0381041
v 0.598539 0.0700077 -0.0393217
v 0.608465 0.0600024 -0.0405834
v 0.618382 0.0500003 -0.0418872
v 0.628294 0.0399983 -0.0432317
v 0.638203 0.0299928 -0.0446183
v 0.648103 0.0199895 -0.0460447
v 0.657999 0.00998796 -0.0475162
v 0.657984 -1.53882e-05 -0.0476086
v 0.578664 0.100017 -0.0370179
v 0.588602 0.0900139 -0.0381763
v 0.598534 0.0800092 -0.0393736
v 0.608459 0.0700082 -0.0406155
v 0.618382 0.0600048 -0.0418991
v 0.628295 0.0500014 -0.0432208
v 0.638207 0.0399978 -0.0445884
v 0.648111 0.0299936 -0.0459944
v 0.658009 0.0199912 -0.0474429
v 0.667901 0.00998731 -0.0489325
v 0.667887 -1.51995e-05 -0.0490264
v 0.588591 0.100016 -0.0382696
v 0.598523 0.0900128 -0.0394457
v 0.608454 0.0800104 -0.0406674
v 0.618377 0.0700085 -0.0419297
v 0.628295 0.0600041 -0.0432312
v 0.638209 0.0499994 -0.0445759
v 0.648115 0.0399971 -0.045963
v 0.658017 0.029994 -0.0473909
v 0.667913 0.0199895 -0.04886
v 0.677802 0.00998621 -0.0503717
v 0.677786 -1.54882e-05 -0.0504648
v 0.598512 0.100018 -0.0395428
v 0.608442 0.0900144 -0.0407394
v 0.61837 0.0800114 -0.0419814
v 0.628292 0.0700058 -0.0432626
v 0.638207 0.0600031 -0.044586
v 0.648118 0.05 -0.0459527
v 0.65802 0.0399961 -0.0473578
v 0.667919 0.029994 -0.0488078
v 0.677812 0.0199902 -0.050299
v 0.687697 0.00998747 -0.0518303
v 0.687683 -1.62778e-05 -0.0519237
v 0.608432 0.100017 -0.0408346
v 0.618362 0.0900131 -0.042054
v 0.628285 0.0800094 -0.043314
v 0.638203 0.0700058 -0.0446171
v 0.648114 0.0600048 -0.0459624
v 0.658023 0.0500003 -0.0473496
v 0.667923 0.0399977 -0.0487767
v 0.67782 0.0299936 -0.0502474
v 0.687708 0.0199905 -0.0517581
v 0.697591 0.0099882 -0.0533117
v 0.697576 -1.47667e-05 -0.0534045
v 0.618348 0.100016 -0.0421463
v 0.628274 0.0900145 -0.0433875
v 0.638197 0.0800101 -0.0446704
v 0.648112 0.0700084 -0.0459954
v 0.658022 0.0600034 -0.0473598
v 0.667926 0.0500003 -0.0487665
v 0.677824 0.0399959 -0.0502142
v 0.687716 0.0299927 -0.0517045
v 0.697601 0.0199903 -0.0532374
v 0.707479 0.00998841 -0.0548106
v 0.707467 -1.66873e-05 -0.0549041
v 0.628261 0.100018 -0.0434817
v 0.638186 0.090013 -0.0447418
v 0.648105 0.0800107 -0.0460466
v 0.658015 0.070008 -0.0473896
v 0.667925 0.0600045 -0.0487784
v 0.677827 0.0499999 -0.0502057
v 0.68772 0.0399966 -0.051673
v 0.697609 0.0299943 -0.0531854
v 0.707491 0.0199896 -0.0547365
v 0.717367 0.009988 -0.056332
v 0.717353 -1.63523e-05 -0.0564252
v 0.638172 0.100017 -0.0448351
v 0.648095 0.090014 -0.0461196
v 0.658009 0.080011 -0.0474424
v 0.66792 0.0700072 -0.0488084
v 0.677824 0.0600053 -0.0502167
v 0.687722 0.0499991 -0.0516622
v 0.697614 0.0399969 -0.053154
v 0.7075 0.0299924 -0.0546847
v 0.717378 0.0199912 -0.0562594
v 0.727251 0.00998698 -0.0578732
v 0.727236 -1.67151e-05 -0.0579664
v 0.648079 0.100018 -0.046212
v 0.657998 0.0900149 -0.0475144
v 0.667912 0.080011 -0.0488602
v 0.677821 0.0700061 -0.0502467
v 0.687721 0.0600029 -0.0516732
v 0.697616 0.0500008 -0.0531446
v 0.707505 0.0399967 -0.0546547
v 0.717388 0.029993 -0.0562075
v 0.727263 0.0199893 -0.0578006
v 0.737132 0.00998813 -0.0594381
v 0.737117 -1.48662e-05 -0.0595314
v 0.657987 0.100017 -0.0476091
v 0.667903 0.0900127 -0.0489321
v 0.677811 0.0800107 -0.0502973
v 0.687716 0.0700076 -0.0517059
v 0.697614 0.0600029 -0.053153
v 0.707504 0.050002 -0.0546441
v 0.717392 0.0399959 -0.0561749
v 0.727272 0.0299929 -0.0577498
v 0.737145 0.0199896 -0.0593652
v 0.74701 0.00998858 -0.0610226
v 0.746996 -1.66435e-05 -0.0611148
v 0.667888 0.100018 -0.0490269
v 0.677802 0.0900131 -0.0503704
v 0.687708 0.0800102 -0.0517562
v 0.69761 0.0700086 -0.0531868
v 0.707505 0.0600053 -0.054656
v 0.717395 0.0499999 -0.0561663
v 0.727275 0.0399975 -0.0577183
v 0.737151 0.0299951 -0.059313
v 0.747021 0.0199893 -0.0609469
v 0.756884 0.00998832 -0.0626265
v 0.756869 -1.62916e-05 -0.0627191
v 0.677789 0.100016 -0.0504648
v 0.687699 0.0900132 -0.0518303
v 0.697601 0.0800121 -0.0532381
v 0.707501 0.0700064 -0.0546854
v 0.717392 0.0600045 -0.0561767
v 0.727277 0.05 -0.0577068
v 0.737155 0.0399985 -0.0592809
v 0.74703 0.0299937 -0.0608966
v 0.756894 0.0199911 -0.0625517
v 0.766753 0.00998725 -0.0642499
v 0.766739 -1.67626e-05 -0.0643431
v 0.687684 0.100016 -0.0519231
v 0.697591 0.0900129 -0.0533091
v 0.707492 0.0800108 -0.0547375
v 0.717388 0.0700067 -0.0562069
v 0.727278 0.0600031 -0.057719
v 0.73716 0.0499997 -0.0592712
v 0.747034 0.039996 -0.0608638
v 0.756903 0.0299946 -0.0625007
v 0.766766 0.0199892 -0.0641768
v 0.77662 0.00998822 -0.0658964
v 0.776605 -1.52248e-05 -0.0659903
v 0.697577 0.100017 -0.0534025
v 0.70748 0.0900152 -0.0548106
v 0.717379 0.0800119 -0.0562596
v 0.727273 0.0700064 -0.0577498
v 0.737157 0.060004 -0.0592815
v 0.747037 0.0500015 -0.060856
v 0.756909 0.0399985 -0.0624709
v 0.766774 0.0299946 -0.0641263
v 0.776633 0.0199895 -0.0658223
v 0.786485 0.00998836 -0.0675644
v 0.786468 -1.45507e-05 -0.0676567
v 0.707467 0.100017 -0.0549031
v 0.717368 0.0900142 -0.0563318
v 0.727265 0.0800097 -0.0578015
v 0.737152 0.0700085 -0.0593128
v 0.747035 0.0600044 -0.0608654
v 0.75691 0.05 -0.0624583
v 0.76678 0.0399976 -0.0640955
v 0.776641 0.029994 -0.0657708
v 0.786496 0.0199918 -0.0674907
v 0.796343 0.00998763 -0.0692489
v 0.796327 -1.48388e-05 -0.0693424
v 0.717354 0.100016 -0.0564246
v 0.727253 0.0900128 -0.057874
v 0.737144 0.0800099 -0.0593634
v 0.747029 0.0700072 -0.0608955
v 0.75691 0.0600042 -0.0624703
v 0.76678 0.0500005 -0.0640831
v 0.776645 0.0399987 -0.0657402
v 0.786505 0.0299926 -0.0674366
v 0.796356 0.0199904 -0.0691765
v 0.8062 0.00998874 -0.0709587
v 0.806186 -1.60304e-05 -0.071052
v 0.727238 0.100018 -0.0579684
v 0.737132 0.0900137 -0.059436
v 0.747021 0.0800096 -0.0609463
v 0.756903 0.0700081 -0.0625005
v 0.76678 0.0600033 -0.0640938
v 0.776648 0.0500004 -0.0657289
v 0.786512 0.0399962 -0.067407
v 0.796366 0.0299932 -0.0691248
v 0.806213 0.0199909 -0.0708849
v 0.816054 0.00998614 -0.0726859
v 0.816037 -1.54488e-05 -0.0727796
v 0.737117 0.100017 -0.0595291
v 0.747011 0.0900142 -0.0610213
v 0.756896 0.0800115 -0.0625537
v 0.766774 0.0700084 -0.0641264
v 0.776646 0.0600046 -0.0657396
v 0.786512 0.0499996 -0.0673957
v 0.79637 0.0399986 -0.0690952
v 0.806224 0.0299929 -0.0708341
v 0.816067 0.0199905 -0.0726143
v 0.825903 0.00998809 -0.0744369
v 0.825886 -1.58612e-05 -0.0745283
v 0.746995 0.100018 -0.0611141
v 0.756884 0.0900141 -0.0626246
v 0.766767 0.08001 -0.064178
v 0.776643 0.0700082 -0.0657729
v 0.786511 0.0600052 -0.0674084
v 0.796373 0.0500008 -0.0690846
v 0.806228 0.0399973 -0.0708028
v 0.816076 0.0299945 -0.0725632
v 0.825915 0.0199919 -0.0743636
v 0.835749 0.00998622 -0.0762051
v 0.835731 -1.45637e-05 -0.0762996
v 0.756869 0.100018 -0.0627196
v 0.766753 0.0900135 -0.0642486
v 0.776634 0.0800108 -0.0658241
v 0.786506 0.0700072 -0.0674376
v 0.796372 0.060005 -0.0690955
v 0.806229 0.0500011 -0.0707917
v 0.816082 0.039998 -0.0725324
v 0.825925 0.0299951 -0.0743131
v 0.835761 0.0199894 -0.0761323
v 0.845589 0.00998889 -0.0779969
v 0.845572 -1.43621e-05 -0.0780895
v 0.766737 0.100018 -0.0643429
v 0.776621 0.0900151 -0.0658966
v 0.786498 0.0800109 -0.0674906
v 0.796366 0.0700083 -0.0691266
v 0.806229 0.0600041 -0.0708031
v 0.816084 0.0500007 -0.0725218
v 0.82593 0.0399977 -0.0742803
v 0.835772 0.0299948 -0.0760836
v 0.845603 0.0199916 -0.0779245
v 0.855428 0.00998759 -0.079808
v 0.85541 -1.53388e-05 -0.0799004
v 0.776605 0.100018 -0.0659889
v 0.786484 0.0900133 -0.067561
v 0.796358 0.0800103 -0.0691774
v 0.806222 0.0700086 -0.0708334
v 0.816082 0.0600051 -0.0725324
v 0.825932 0.0500021 -0.0742713
v 0.835778 0.0399965 -0.076051
v 0.845613 0.0299935 -0.0778721
v 0.855442 0.0199898 -0.0797358
v 0.865263 0.00998795 -0.0816412
v 0.865244 -1.47046e-05 -0.0817333
v 0.786469 0.100017 -0.0676549
v 0.796345 0.0900136 -0.0692494
v 0.806214 0.0800117 -0.0708858
v 0.816076 0.0700082 -0.0725628
v 0.825931 0.0600052 -0.074282
v 0.835779 0.0499998 -0.0760397
v 0.845618 0.0399971 -0.077841
v 0.855452 0.0299939 -0.0796849
v 0.865276 0.0199897 -0.0815666
v 0.875093 0.0099871 -0.0834924
v 0.875076 -1.53222e-05 -0.083587
v 0.796328 0.100018 -0.0693422
v 0.806203 0.0900131 -0.0709577
v 0.816066 0.0800124 -0.0726142
v 0.825927 0.0700069 -0.0743123
v 0.835777 0.0600045 -0.0760517
v 0.845619 0.0500021 -0.077831
v 0.855458 0.0399966 -0.0796537
v 0.865286 0.0299931 -0.0815156
v 0.875107 0.0199912 -0.0834215
v 0.884918 0.00998774 -0.0853655
v 0.884901 -1.44782e-05 -0.0854602
v 0.806185 0.100018 -0.0710517
v 0.816055 0.0900148 -0.0726872
v 0.825916 0.0800123 -0.0743648
v 0.83577 0.0700075 -0.0760808
v 0.845619 0.0600056 -0.0778427
v 0.85546 0.0500007 -0.0796433
v 0.865291 0.0399979 -0.0814854
v 0.875117 0.029994 -0.0833701
v 0.884932 0.0199915 -0.0852942
v 0.894743 0.00998711 -0.0872612
v 0.894723 -1.49068e-05 -0.0873538
v 0.816037 0.100018 -0.0727785
v 0.825903 0.0900156 -0.0744365
v 0.835761 0.0800113 -0.0761329
v 0.845612 0.0700072 -0.0778714
v 0.855456 0.0600058 -0.0796537
v 0.865293 0.050001 -0.0814746
v 0.875123 0.039998 -0.0833395
v 0.884943 0.0299937 -0.0852423
v 0.894755 0.0199905 -0.087187
v 0.904561 0.00998795 -0.089176
v 0.904543 -1.67011e-05 -0.0892678
v 0.825886 0.100017 -0.0745272
v 0.835747 0.0900156 -0.0762054
v 0.845603 0.0800122 -0.0779243
v 0.855452 0.0700088 -0.0796855
v 0.865293 0.0600049 -0.0814867
v 0.875125 0.0500002 -0.0833281
v 0.884949 0.039997 -0.0852111
v 0.894764 0.029995 -0.0871359
v 0.904575 0.019991 -0.0891035
v 0.914375 0.00998733 -0.0911109
v 0.914356 -1.44024e-05 -0.0912047
v 0.835733 0.100017 -0.0762991
v 0.84559 0.0900148 -0.077996
v 0.85544 0.0800122 -0.0797352
v 0.865285 0.0700093 -0.0815168
v 0.875121 0.0600057 -0.0833384
v 0.88495 0.050001 -0.0852003
v 0.894772 0.0399975 -0.0871062
v 0.904584 0.0299949 -0.0890516
v 0.914389 0.0199901 -0.0910376
v 0.924185 0.00998804 -0.0930671
v 0.924166 -1.63208e-05 -0.093158
v 0.845575 0.100017 -0.0780903
v 0.855427 0.0900158 -0.0798075
v 0.865276 0.0800113 -0.081568
v 0.875116 0.0700089 -0.0833699
v 0.884948 0.0600055 -0.085212
v 0.894773 0.0500006 -0.0870944
v 0.904592 0.0399968 -0.0890209
v 0.9144 0.0299936 -0.0909869
v 0.924201 0.0199906 -0.0929951
v 0.933992 0.00998734 -0.0950431
v 0.933972 -1.4265e-05 -0.0951365
v 0.855412 0.100017 -0.0799007
v 0.865262 0.090016 -0.0816405
v 0.875107 0.0800121 -0.0834214
v 0.884944 0.0700073 -0.0852424
v 0.894772 0.060004 -0.087105
v 0.904591 0.0500019 -0.0890093
v 0.914406 0.0399976 -0.0909565
v 0.924211 0.0299936 -0.0929433
v 0.934005 0.0199923 -0.0949713
v 0.943793 0.00998781 -0.0970402
v 0.943773 -1.64693e-05 -0.097131
v 0.865246 0.100018 -0.0817338
v 0.875092 0.0900151 -0.0834927
v 0.884933 0.0800119 -0.085294
v 0.894765 0.0700074 -0.0871355
v 0.904592 0.0600042 -0.089021
v 0.914407 0.0500018 -0.090946
v 0.924216 0.039997 -0.0929115
v 0.934017 0.029995 -0.0949205
v 0.943809 0.0199899 -0.096968
v 0.953591 0.00998676 -0.0990569
v 0.953571 -1.47788e-05 -0.0991504
v 0.875076 0.100018 -0.0835859
v 0.884919 0.090016 -0.0853675
v 0.894757 0.0800106 -0.0871879
v 0.904584 0.0700091 -0.0890513
v 0.914403 0.0600059 -0.0909552
v 0.924219 0.0500004 -0.0929019
v 0.934021 0.0399978 -0.0948872
v 0.943818 0.0299949 -0.0969171
v 0.953604 0.0199914 -0.0989846
v 0.963384 0.00998686 -0.101094
v 0.963365 -1.47087e-05 -0.10119
v 0.884903 0.100017 -0.0854592
v 0.894742 0.0900158 -0.0872613
v 0.904575 0.0800109 -0.0891022
v 0.914399 0.070007 -0.0909849
v 0.924217 0.0600036 -0.0929117
v 0.934025 0.0500004 -0.0948782
v 0.943824 0.0399972 -0.0968845
v 0.953616 0.0299933 -0.098933
v 0.963398 0.0199913 -0.101023
v 0.973174 0.00998802 -0.103155
v 0.973154 -1.6323e-05 -0.103246
v 0.894724 0.100018 -0.0873525
v 0.904559 0.0900146 -0.0891737
v 0.914389 0.0800128 -0.091039
v 0.924209 0.0700089 -0.0929424
v 0.934021 0.0600054 -0.0948876
v 0.943826 0.0500018 -0.096875
v 0.953622 0.0399978 -0.0989022
v 0.963409 0.0299956 -0.100973
v 0.973189 0.0199923 -0.103084
v 0.98296 0.00998751 -0.105235
v 0.982938 -1.41339e-05 -0.105327
v 0.904542 0.100017 -0.0892668
v 0.914375 0.090015 -0.0911109
v 0.9242 0.0800107 -0.0929932
v 0.934014 0.0700096 -0.0949186
v 0.943823 0.0600058 -0.0968848
v 0.953625 0.0500017 -0.098893
v 0.963417 0.0399969 -0.100941
v 0.9732 0.0299936 -0.103031
v 0.982973 0.0199917 -0.105162
v 0.992739 0.00998805 -0.107333
v 0.992719 -1.36436e-05 -0.107427
v 0.914356 0.100019 -0.0912032
v 0.924186 0.0900141 -0.0930667
v 0.934005 0.0800129 -0.094971
v 0.943817 0.070009 -0.0969159
v 0.953623 0.0600049 -0.0989029
v 0.963419 0.0500002 -0.10093
v 0.973207 0.0399971 -0.103
v 0.982983 0.0299954 -0.10511
v 0.992754 0.0199921 -0.107262
v 0.924165 0.100019 -0.093158
v 0.933991 0.0900148 -0.0950421
v 0.943809 0.080011 -0.0969682
v 0.953617 0.0700097 -0.0989354
v 0.963416 0.0600052 -0.100941
v 0.973207 0.0500024 -0.10299
v 0.982991 0.0399985 -0.10508
v 0.992764 0.0299956 -0.107211
v 0.933973 0.100018 -0.0951356
v 0.943793 0.0900142 -0.0970383
v 0.953607 0.0800105 -0.0989852
v 0.963411 0.0700091 -0.100973
v 0.973207 0.060004 -0.103
v 0.982993 0.0500005 -0.105068
v 0.992772 0.0399982 -0.10718
v 0.943775 0.100018 -0.0971328
v 0.95359 0.090015 -0.0990563
v 0.963401 0.0800113 -0.101024
v 0.973198 0.0700095 -0.103031
v 0.982991 0.060004 -0.105079
v 0.992773 0.0500022 -0.10717
v 0.953573 0.100018 -0.0991503
v 0.963384 0.0900145 -0.101095
v 0.973189 0.0800107 -0.103081
v 0.982986 0.0700085 -0.105112
v 0.992772 0.0600049 -0.10718
v 0.992722 0.100017 -0.107427
v 0.98294 0.100018 -0.105327
v 0.99274 0.0900148 -0.107335
v 0.973155 0.100017 -0.103246
v 0.982958 0.0900144 -0.105233
v 0.992756 0.0800101 -0.107262
v 0.963364 0.100018 -0.101187
v 0.973174 0.0900152 -0.103155
v 0.982975 0.0800112 -0.105163
v 0.992766 0.0700085 -0.107212
v 4.22577e-06 0.0199965 -0.000200793
v 0.0100072 0.0199951 -0.000213318
v 0.0200081 0.00998654 -0.000267557
v 0.0200085 -1.62523e-05 -0.000303011
v 3.37455e-06 0.00999894 -0.000202343
v 0.0100082 0.00999146 -0.000217175
v 0.00999966 -1.06931e-05 -0.000234183
v 9.96384e-07 -7.58942e-07 -0.00020029
v 0.0375733 0.022784 -0.151537
v -0.0360704 0.022784 -0.151537
v -0.0360704 -0.0237333 -0.151537
v -0.0317089 -0.0237333 -0.151537
v -0.0251667 -0.0237333 -0.151537
v -0.0251667 -0.0217499 -0.151537
v -0.0317089 -0.0217499 -0.151537
v -0.0317089 -0.0217499 -0.151537
v -0.0251667 -0.0217499 -0.151537
v -0.0251667 -0.0158121 -0.151537
v -0.0317089 -0.0158121 -0.151537
v -0.0317089 -0.0158121 -0.151537
v -0.0251667 -0.0158121 -0.151537
v -0.0251667 -0.00987428 -0.151537
v -0.0317089 -0.00987428 -0.151537
v -0.0317089 -0.0217499 -0.151537
v -0.022986 -0.0217499 -0.151537
v -0.0317089 -0.0158121 -0.151537
v -0.022986 -0.0158121 -0.151537
v -0.0317089 -0.00987428 -0.151537
v -0.022986 -0.00987428 -0.151537
v -0.0317089 -0.0237333 -0.151537
v -0.0251667 -0.00987428 -0.151537
v -0.0251667 -0.0237333 -0.151537

#List of body polygons
f 1 2 3
f 1 3 8
f 1 15 16
f 1322 1323 1324
f 1322 1328 1329
f 1328 1322 1340

#List of body polygons
f 2 4 3
f 2 5 4
f 3 9 8
f 3 4 9
f 1323 1325 1324
f 1323 1326 1325

#List of body polygons
f 5 6 4
f 5 7 6
f 4 10 9
f 4 6 10
f 1326 1201 1325
f 1326 1327 1201
f 1201 1327 1202

#List of body polygons
f 7 11 12
f 20 7 19
f 20 11 7
f 20 21 11
f 1333 1334 1332
f 1333 1335 1334
f 1335 1201 1337
f 1335 1338 1201
f 1335 1333 1338

#List of body polygons
f 11 13 12
f 11 14 13
f 21 14 11
f 13 22 23
f 22 14 26
f 22 13 14
f 411 13 410
f 414 13 411
f 414 7 13
f 410 13 23
f 1207 1201 1206
f 1207 1208 1201
f 1201 1209 1206
f 1208 1213 1214
f 1208 1207 1213
f 1335 1336 1334
f 1335 1208 1336
f 1208 1335 1337
f 1336 1341 1342
f 1341 1208 1214
f 1341 1336 1208

#List of body polygons
f 15 17 16
f 15 18 17
f 1328 1330 1329
f 1328 1331 1330
f 1331 1340 1339
f 1331 1328 1340

#List of body polygons
f 18 19 17
f 18 20 19
f 1331 1332 1330
f 1331 1333 1332
f 1333 1339 1338
f 1333 1331 1339

#List of body polygons
f 22 24 23
f 22 25 24
f 25 22 26
f 24 27 28
f 27 25 31
f 27 24 25
f 409 410 408
f 409 411 410
f 413 411 409
f 413 414 411
f 415 417 416
f 415 24 417
f 408 24 415
f 408 23 24
f 408 410 23
f 417 418 419
f 418 24 28
f 418 417 24
f 539 417 538
f 417 539 416
f 417 419 538
f 1093 1094 1095
f 1093 1096 1097
f 1093 1095 1096
f 1204 1206 1205
f 1204 1207 1206
f 1209 1205 1206
f 1209 1210 1205
f 1213 1215 1214
f 1213 1093 1215
f 1207 1093 1213
f 1207 1094 1093
f 1207 1204 1094
f 1215 1216 1217
f 1216 1093 1097
f 1216 1215 1093
f 1341 1343 1342
f 1341 1215 1343
f 1215 1341 1214
f 1343 1344 1345
f 1344 1215 1217
f 1344 1343 1215

#List of body polygons
f 27 29 28
f 27 30 29
f 30 27 31
f 33 29 34
f 33 35 29
f 34 30 36
f 34 29 30
f 35 37 38
f 35 33 37
f 405 407 406
f 405 408 407
f 405 409 408
f 412 409 405
f 412 413 409
f 407 415 416
f 407 408 415
f 418 420 419
f 418 29 420
f 29 418 28
f 35 421 420
f 35 420 29
f 421 422 423
f 422 35 38
f 422 421 35
f 534 407 533
f 407 534 406
f 535 537 536
f 535 538 537
f 535 539 538
f 539 407 416
f 539 533 407
f 539 535 533
f 420 540 537
f 419 537 538
f 419 420 537
f 542 421 543
f 542 540 421
f 421 540 420
f 421 423 543
f 652 537 651
f 537 652 536
f 540 653 654
f 651 540 654
f 651 537 540
f 540 542 653
f 975 976 977
f 978 975 979
f 978 980 975
f 975 977 979
f 980 981 982
f 980 978 981
f 1090 1091 1092
f 1094 975 1095
f 1094 1090 975
f 976 1090 1092
f 976 975 1090
f 1096 1098 1097
f 1096 980 1098
f 1095 980 1096
f 1095 975 980
f 1099 1098 1100
f 1099 1101 1098
f 1100 980 982
f 1100 1098 980
f 1101 1102 1103
f 1101 1099 1102
f 1090 1204 1205
f 1210 1090 1205
f 1210 1091 1090
f 1210 1211 1091
f 1204 1090 1094
f 1216 1218 1217
f 1216 1098 1218
f 1098 1216 1097
f 1101 1219 1218
f 1101 1218 1098
f 1219 1220 1221
f 1220 1101 1103
f 1220 1219 1101
f 1344 1346 1345
f 1344 1218 1346
f 1218 1344 1217
f 1348 1219 1349
f 1348 1346 1219
f 1219 1346 1218
f 1219 1221 1349

#List of body polygons
f 32 33 34
f 32 34 36
f 37 39 38
f 37 40 39
f 33 40 37
f 33 32 40
f 41 42 39
f 41 39 40
f 43 44 42
f 43 42 41
f 44 45 46
f 45 43 49
f 45 44 43
f 56 57 58
f 56 58 60
f 61 62 63
f 57 61 63
f 57 56 61
f 65 66 67
f 62 65 67
f 62 61 65
f 69 70 71
f 66 69 71
f 66 65 69
f 73 74 75
f 70 73 75
f 70 69 73
f 77 78 79
f 74 77 79
f 74 73 77
f 81 82 83
f 78 81 83
f 78 77 81
f 85 86 87
f 82 85 87
f 82 81 85
f 89 90 91
f 86 89 91
f 86 85 89
f 93 94 95
f 90 93 95
f 90 89 93
f 97 98 99
f 94 97 99
f 94 93 97
f 101 102 103
f 98 101 103
f 98 97 101
f 105 106 107
f 102 105 107
f 102 101 105
f 109 110 111
f 106 109 111
f 106 105 109
f 113 114 115
f 110 113 115
f 110 109 113
f 117 118 119
f 114 117 119
f 114 113 117
f 121 122 123
f 118 121 123
f 118 117 121
f 125 126 127
f 122 125 127
f 122 121 125
f 129 130 131
f 126 129 131
f 126 125 129
f 133 134 135
f 130 133 135
f 130 129 133
f 137 138 139
f 134 137 139
f 134 133 137
f 141 142 143
f 138 141 143
f 138 137 141
f 145 146 147
f 142 145 147
f 142 141 145
f 149 150 151
f 146 149 151
f 146 145 149
f 153 154 155
f 150 153 155
f 150 149 153
f 157 158 159
f 154 157 159
f 154 153 157
f 161 162 163
f 158 161 163
f 158 157 161
f 165 166 167
f 162 165 167
f 162 161 165
f 169 170 171
f 166 169 171
f 166 165 169
f 173 174 175
f 170 173 175
f 170 169 173
f 177 178 179
f 174 177 179
f 174 173 177
f 181 182 183
f 178 181 183
f 178 177 181
f 185 186 187
f 182 185 187
f 182 181 185
f 189 190 191
f 186 189 191
f 186 185 189
f 193 194 195
f 190 193 195
f 190 189 193
f 197 198 199
f 194 197 199
f 194 193 197
f 201 202 203
f 198 201 203
f 198 197 201
f 205 206 207
f 202 205 207
f 202 201 205
f 209 210 211
f 206 209 211
f 206 205 209
f 213 214 215
f 210 213 215
f 210 209 213
f 217 218 219
f 214 217 219
f 214 213 217
f 221 222 223
f 218 221 223
f 218 217 221
f 225 226 227
f 222 225 227
f 222 221 225
f 229 230 231
f 226 229 231
f 226 225 229
f 233 234 235
f 230 233 235
f 230 229 233
f 237 238 239
f 234 237 239
f 234 233 237
f 241 242 243
f 238 241 243
f 238 237 241
f 245 246 247
f 242 245 247
f 242 241 245
f 249 250 251
f 246 249 251
f 246 245 249
f 253 254 255
f 250 253 255
f 250 249 253
f 257 258 259
f 254 257 259
f 254 253 257
f 261 262 263
f 258 261 263
f 258 257 261
f 265 266 267
f 262 265 267
f 262 261 265
f 269 270 271
f 266 269 271
f 266 265 269
f 273 274 275
f 270 273 275
f 270 269 273
f 277 278 279
f 274 277 279
f 274 273 277
f 281 282 283
f 278 281 283
f 278 277 281
f 285 286 287
f 282 285 287
f 282 281 285
f 289 290 291
f 286 289 291
f 286 285 289
f 293 294 295
f 290 293 295
f 290 289 293
f 297 298 299
f 294 297 299
f 294 293 297
f 301 302 303
f 298 301 303
f 298 297 301
f 305 306 307
f 302 305 307
f 302 301 305
f 309 310 311
f 306 309 311
f 306 305 309
f 313 314 315
f 310 313 315
f 310 309 313
f 317 318 319
f 314 317 319
f 314 313 317
f 321 322 323
f 318 321 323
f 318 317 321
f 325 326 327
f 322 325 327
f 322 321 325
f 329 330 331
f 326 329 331
f 326 325 329
f 333 334 335
f 330 333 335
f 330 329 333
f 337 338 339
f 334 337 339
f 334 333 337
f 341 342 343
f 338 341 343
f 338 337 341
f 345 346 347
f 342 345 347
f 342 341 345
f 349 350 351
f 346 349 351
f 346 345 349
f 353 354 355
f 350 353 355
f 350 349 353
f 357 358 359
f 354 357 359
f 354 353 357
f 361 362 363
f 358 361 363
f 358 357 361
f 365 366 367
f 362 365 367
f 362 361 365
f 369 370 371
f 366 369 371
f 366 365 369
f 373 374 375
f 370 373 375
f 370 369 373
f 377 378 379
f 374 377 379
f 374 373 377
f 381 382 383
f 378 381 383
f 378 377 381
f 385 386 387
f 382 385 387
f 382 381 385
f 385 391 386
f 401 403 402
f 401 7 403
f 404 7 401
f 404 6 7
f 403 405 406
f 403 412 405
f 422 424 423
f 422 39 424
f 39 422 38
f 42 425 424
f 42 424 39
f 427 44 428
f 427 425 44
f 44 425 42
f 44 46 428
f 403 521 522
f 403 522 402
f 531 532 530
f 531 533 532
f 531 534 533
f 534 403 406
f 534 521 403
f 534 531 521
f 532 535 536
f 535 532 533
f 541 542 543
f 424 544 541
f 423 541 543
f 423 424 541
f 425 545 544
f 425 544 424
f 545 546 547
f 546 425 427
f 546 545 425
f 647 532 646
f 532 647 530
f 648 650 649
f 648 651 650
f 648 652 651
f 652 532 536
f 652 646 532
f 652 648 646
f 653 650 654
f 653 655 650
f 650 651 654
f 541 656 655
f 542 655 653
f 542 541 655
f 544 657 656
f 544 656 541
f 659 545 660
f 659 657 545
f 545 657 544
f 545 547 660
f 759 761 760
f 759 650 761
f 650 759 649
f 655 762 761
f 655 761 650
f 656 763 762
f 656 762 655
f 657 764 763
f 657 763 656
f 764 765 766
f 765 657 659
f 765 764 657
f 866 868 867
f 866 761 868
f 761 866 760
f 762 869 868
f 762 868 761
f 763 870 869
f 763 869 762
f 764 871 870
f 764 870 763
f 871 872 873
f 872 764 766
f 872 871 764
f 970 971 972
f 976 868 977
f 976 970 868
f 867 970 972
f 867 868 970
f 869 978 979
f 977 869 979
f 977 868 869
f 981 983 982
f 981 870 983
f 978 870 981
f 978 869 870
f 871 984 983
f 871 983 870
f 985 984 986
f 985 987 984
f 986 871 873
f 986 984 871
f 987 988 989
f 987 985 988
f 1087 1088 1086
f 1091 970 1092
f 1091 1088 970
f 971 1088 1087
f 971 970 1088
f 970 976 1092
f 983 1099 1100
f 983 1100 982
f 1102 1104 1103
f 1102 984 1104
f 1099 984 1102
f 1099 983 984
f 987 1105 1104
f 987 1104 984
f 1105 1106 1107
f 1106 987 989
f 1106 1105 987
f 1088 1201 1202
f 1086 1202 1203
f 1086 1088 1202
f 1211 1212 1091
f 1220 1222 1221
f 1220 1104 1222
f 1104 1220 1103
f 1105 1223 1222
f 1105 1222 1104
f 1224 1223 1225
f 1224 1226 1223
f 1225 1105 1107
f 1225 1223 1105
f 1226 1227 1228
f 1226 1224 1227
f 1347 1348 1349
f 1222 1350 1347
f 1221 1347 1349
f 1221 1222 1347
f 1223 1351 1350
f 1223 1350 1222
f 1226 1352 1351
f 1226 1351 1223
f 1352 1353 1354
f 1353 1226 1228
f 1353 1352 1226
f 1359 1360 1361
f 1362 1359 1363
f 1362 1364 1359
f 1359 1361 1363
f 1365 1364 1366
f 1365 1367 1364
f 1364 1362 1366
f 1368 1367 1369
f 1368 1370 1367
f 1367 1365 1369
f 1371 1370 1372
f 1371 1373 1370
f 1370 1368 1372
f 1374 1373 1375
f 1374 1376 1373
f 1373 1371 1375
f 1377 1376 1378
f 1377 1379 1376
f 1376 1374 1378
f 1380 1379 1381
f 1380 1382 1379
f 1379 1377 1381
f 1383 1382 1384
f 1383 1385 1382
f 1382 1380 1384
f 1386 1385 1387
f 1386 1388 1385
f 1385 1383 1387
f 1389 1388 1390
f 1389 1391 1388
f 1388 1386 1390
f 1392 1391 1393
f 1392 1394 1391
f 1391 1389 1393
f 1395 1394 1396
f 1395 1397 1394
f 1394 1392 1396
f 1398 1397 1399
f 1398 1400 1397
f 1397 1395 1399
f 1401 1400 1402
f 1401 1403 1400
f 1400 1398 1402
f 1404 1403 1405
f 1404 1406 1403
f 1403 1401 1405
f 1407 1406 1408
f 1407 1409 1406
f 1406 1404 1408
f 1410 1409 1411
f 1410 1412 1409
f 1409 1407 1411
f 1413 1412 1414
f 1413 1415 1412
f 1412 1410 1414
f 1416 1415 1417
f 1416 1418 1415
f 1415 1413 1417
f 1419 1418 1420
f 1419 1421 1418
f 1418 1416 1420
f 1422 1421 1423
f 1422 1424 1421
f 1421 1419 1423
f 1425 1424 1426
f 1425 1427 1424
f 1424 1422 1426
f 1428 1427 1429
f 1428 1430 1427
f 1427 1425 1429
f 1431 1430 1432
f 1431 1433 1430
f 1430 1428 1432
f 1434 1433 1435
f 1434 1436 1433
f 1433 1431 1435
f 1437 1436 1438
f 1437 1439 1436
f 1436 1434 1438
f 1440 1439 1441
f 1440 1442 1439
f 1439 1437 1441
f 1443 1442 1444
f 1443 1445 1442
f 1442 1440 1444
f 1446 1445 1447
f 1446 1448 1445
f 1445 1443 1447
f 1449 1448 1450
f 1449 1451 1448
f 1448 1446 1450
f 1452 1451 1453
f 1452 1454 1451
f 1451 1449 1453
f 1455 1454 1456
f 1455 1457 1454
f 1454 1452 1456
f 1458 1457 1459
f 1458 1460 1457
f 1457 1455 1459
f 1461 1460 1462
f 1461 1463 1460
f 1460 1458 1462
f 1464 1463 1465
f 1464 1466 1463
f 1463 1461 1465
f 1467 1466 1468
f 1467 1469 1466
f 1466 1464 1468
f 1470 1469 1471
f 1470 1472 1469
f 1469 1467 1471
f 1473 1472 1474
f 1473 1475 1472
f 1472 1470 1474
f 1476 1475 1477
f 1476 1478 1475
f 1475 1473 1477
f 1479 1478 1480
f 1479 1481 1478
f 1478 1476 1480
f 1482 1481 1483
f 1482 1484 1481
f 1481 1479 1483
f 1485 1484 1486
f 1485 1487 1484
f 1484 1482 1486
f 1488 1487 1489
f 1488 1490 1487
f 1487 1485 1489
f 1491 1490 1492
f 1491 1493 1490
f 1490 1488 1492
f 1494 1493 1495
f 1494 1496 1493
f 1493 1491 1495
f 1497 1496 1498
f 1497 1499 1496
f 1496 1494 1498
f 1500 1499 1501
f 1500 1502 1499
f 1499 1497 1501
f 1503 1502 1504
f 1503 1505 1502
f 1502 1500 1504
f 1506 1505 1507
f 1506 1508 1505
f 1505 1503 1507
f 1509 1508 1510
f 1509 1511 1508
f 1508 1506 1510
f 1512 1511 1513
f 1512 1514 1511
f 1511 1509 1513
f 1515 1514 1516
f 1515 1517 1514
f 1514 1512 1516
f 1518 1517 1519
f 1518 1520 1517
f 1517 1515 1519
f 1521 1520 1522
f 1521 1523 1520
f 1520 1518 1522
f 1524 1523 1525
f 1524 1526 1523
f 1523 1521 1525
f 1527 1526 1528
f 1527 1529 1526
f 1526 1524 1528
f 1530 1529 1531
f 1530 1532 1529
f 1529 1527 1531
f 1533 1532 1534
f 1533 1535 1532
f 1532 1530 1534
f 1536 1535 1537
f 1536 1538 1535
f 1535 1533 1537
f 1539 1538 1540
f 1539 1541 1538
f 1538 1542 1540
f 1543 1541 1544
f 1543 1545 1541
f 1541 1539 1544
f 1546 1545 1547
f 1546 1548 1545
f 1545 1543 1547
f 1549 1548 1550
f 1549 1551 1548
f 1548 1546 1550
f 1552 1551 1553
f 1552 1554 1551
f 1551 1549 1553
f 1555 1554 1556
f 1555 1557 1554
f 1554 1552 1556
f 1558 1557 1559
f 1558 1560 1557
f 1557 1555 1559
f 1561 1560 1562
f 1561 1563 1560
f 1560 1558 1562
f 1564 1563 1565
f 1564 1566 1563
f 1563 1561 1565
f 1567 1566 1568
f 1567 1569 1566
f 1566 1564 1568
f 1570 1569 1571
f 1570 1572 1569
f 1569 1567 1571
f 1573 1572 1574
f 1573 1575 1572
f 1572 1570 1574
f 1576 1575 1577
f 1576 1578 1575
f 1575 1573 1577
f 1579 1578 1580
f 1579 1581 1578
f 1578 1576 1580
f 1582 1581 1583
f 1582 1584 1581
f 1581 1579 1583
f 1585 1584 1586
f 1585 1587 1584
f 1584 1582 1586
f 1588 1587 1589
f 1588 1590 1587
f 1587 1585 1589
f 1591 1590 1592
f 1591 1593 1590
f 1590 1588 1592
f 1594 1593 1595
f 1594 1596 1593
f 1593 1591 1595
f 1597 1596 1598
f 1597 1599 1596
f 1596 1594 1598
f 1600 1599 1601
f 1600 1602 1599
f 1599 1597 1601
f 1603 1602 1604
f 1603 1605 1602
f 1602 1600 1604
f 1606 1605 1607
f 1606 1608 1605
f 1605 1603 1607
f 1608 1609 1610
f 1608 1606 1609

#List of body polygons
f 45 47 46
f 45 48 47
f 48 45 49
f 50 51 47
f 50 47 48
f 52 53 51
f 52 51 50
f 54 55 53
f 54 53 52
f 57 55 58
f 57 59 55
f 58 54 60
f 58 55 54
f 62 59 63
f 62 64 59
f 59 57 63
f 66 64 67
f 66 68 64
f 64 62 67
f 70 68 71
f 70 72 68
f 68 66 71
f 74 72 75
f 74 76 72
f 72 70 75
f 78 76 79
f 78 80 76
f 76 74 79
f 82 80 83
f 82 84 80
f 80 78 83
f 86 84 87
f 86 88 84
f 84 82 87
f 90 88 91
f 90 92 88
f 88 86 91
f 94 92 95
f 94 96 92
f 92 90 95
f 98 96 99
f 98 100 96
f 96 94 99
f 102 100 103
f 102 104 100
f 100 98 103
f 106 104 107
f 106 108 104
f 104 102 107
f 110 108 111
f 110 112 108
f 108 106 111
f 114 112 115
f 114 116 112
f 112 110 115
f 118 116 119
f 118 120 116
f 116 114 119
f 122 120 123
f 122 124 120
f 120 118 123
f 126 124 127
f 126 128 124
f 124 122 127
f 130 128 131
f 130 132 128
f 128 126 131
f 134 132 135
f 134 136 132
f 132 130 135
f 138 136 139
f 138 140 136
f 136 134 139
f 142 140 143
f 142 144 140
f 140 138 143
f 146 144 147
f 146 148 144
f 144 142 147
f 150 148 151
f 150 152 148
f 148 146 151
f 154 152 155
f 154 156 152
f 152 150 155
f 158 156 159
f 158 160 156
f 156 154 159
f 162 160 163
f 162 164 160
f 160 158 163
f 166 164 167
f 166 168 164
f 164 162 167
f 170 168 171
f 170 172 168
f 168 166 171
f 174 172 175
f 174 176 172
f 172 170 175
f 178 176 179
f 178 180 176
f 176 174 179
f 182 180 183
f 182 184 180
f 180 178 183
f 186 184 187
f 186 188 184
f 184 182 187
f 190 188 191
f 190 192 188
f 188 186 191
f 194 192 195
f 194 196 192
f 192 190 195
f 198 196 199
f 198 200 196
f 196 194 199
f 202 200 203
f 202 204 200
f 200 198 203
f 206 204 207
f 206 208 204
f 204 202 207
f 210 208 211
f 210 212 208
f 208 206 211
f 214 212 215
f 214 216 212
f 212 210 215
f 218 216 219
f 218 220 216
f 216 214 219
f 222 220 223
f 222 224 220
f 220 218 223
f 226 224 227
f 226 228 224
f 224 222 227
f 230 228 231
f 230 232 228
f 228 226 231
f 234 232 235
f 234 236 232
f 232 230 235
f 238 236 239
f 238 240 236
f 236 234 239
f 242 240 243
f 242 244 240
f 240 238 243
f 246 244 247
f 246 248 244
f 244 242 247
f 250 248 251
f 250 252 248
f 248 246 251
f 254 252 255
f 254 256 252
f 252 250 255
f 258 256 259
f 258 260 256
f 256 254 259
f 262 260 263
f 262 264 260
f 260 258 263
f 266 264 267
f 266 268 264
f 264 262 267
f 270 268 271
f 270 272 268
f 268 266 271
f 274 272 275
f 274 276 272
f 272 270 275
f 278 276 279
f 278 280 276
f 276 274 279
f 282 280 283
f 282 284 280
f 280 278 283
f 286 284 287
f 286 288 284
f 284 282 287
f 290 288 291
f 290 292 288
f 288 286 291
f 294 292 295
f 294 296 292
f 292 290 295
f 298 296 299
f 298 300 296
f 296 294 299
f 302 300 303
f 302 304 300
f 300 298 303
f 306 304 307
f 306 308 304
f 304 302 307
f 310 308 311
f 310 312 308
f 308 306 311
f 314 312 315
f 314 316 312
f 312 310 315
f 318 316 319
f 318 320 316
f 316 314 319
f 322 320 323
f 322 324 320
f 320 318 323
f 326 324 327
f 326 328 324
f 324 322 327
f 330 328 331
f 330 332 328
f 328 326 331
f 334 332 335
f 334 336 332
f 332 330 335
f 338 336 339
f 338 340 336
f 336 334 339
f 342 340 343
f 342 344 340
f 340 338 343
f 346 344 347
f 346 348 344
f 344 342 347
f 350 348 351
f 350 352 348
f 348 346 351
f 354 352 355
f 354 356 352
f 352 350 355
f 358 356 359
f 358 360 356
f 356 354 359
f 362 360 363
f 362 364 360
f 360 358 363
f 366 364 367
f 366 368 364
f 364 362 367
f 370 368 371
f 370 372 368
f 368 366 371
f 374 372 375
f 374 376 372
f 372 370 375
f 378 376 379
f 378 380 376
f 376 374 379
f 382 380 383
f 382 384 380
f 380 378 383
f 386 384 387
f 386 388 384
f 384 382 387
f 389 390 388
f 391 388 386
f 391 389 388
f 392 393 390
f 392 390 389
f 394 395 393
f 394 393 392
f 396 397 395
f 396 395 394
f 398 399 397
f 398 397 396
f 400 401 402
f 400 404 401
f 426 427 428
f 47 429 426
f 46 426 428
f 46 47 426
f 51 430 429
f 51 429 47
f 53 431 430
f 53 430 51
f 55 432 431
f 55 431 53
f 59 433 432
f 59 432 55
f 64 434 433
f 64 433 59
f 68 435 434
f 68 434 64
f 72 436 435
f 72 435 68
f 76 437 436
f 76 436 72
f 80 438 437
f 80 437 76
f 84 439 438
f 84 438 80
f 88 440 439
f 88 439 84
f 92 441 440
f 92 440 88
f 96 442 441
f 96 441 92
f 100 443 442
f 100 442 96
f 104 444 443
f 104 443 100
f 108 445 444
f 108 444 104
f 112 446 445
f 112 445 108
f 116 447 446
f 116 446 112
f 120 448 447
f 120 447 116
f 124 449 448
f 124 448 120
f 128 450 449
f 128 449 124
f 132 451 450
f 132 450 128
f 136 452 451
f 136 451 132
f 140 453 452
f 140 452 136
f 144 454 453
f 144 453 140
f 148 455 454
f 148 454 144
f 152 456 455
f 152 455 148
f 156 457 456
f 156 456 152
f 160 458 457
f 160 457 156
f 164 459 458
f 164 458 160
f 168 460 459
f 168 459 164
f 172 461 460
f 172 460 168
f 176 462 461
f 176 461 172
f 180 463 462
f 180 462 176
f 184 464 463
f 184 463 180
f 188 465 464
f 188 464 184
f 192 466 465
f 192 465 188
f 196 467 466
f 196 466 192
f 200 468 467
f 200 467 196
f 204 469 468
f 204 468 200
f 208 470 469
f 208 469 204
f 212 471 470
f 212 470 208
f 216 472 471
f 216 471 212
f 220 473 472
f 220 472 216
f 224 474 473
f 224 473 220
f 228 475 474
f 228 474 224
f 232 476 475
f 232 475 228
f 236 477 476
f 236 476 232
f 240 478 477
f 240 477 236
f 244 479 478
f 244 478 240
f 248 480 479
f 248 479 244
f 252 481 480
f 252 480 248
f 256 482 481
f 256 481 252
f 260 483 482
f 260 482 256
f 264 484 483
f 264 483 260
f 268 485 484
f 268 484 264
f 272 486 485
f 272 485 268
f 276 487 486
f 276 486 272
f 280 488 487
f 280 487 276
f 284 489 488
f 284 488 280
f 288 490 489
f 288 489 284
f 292 491 490
f 292 490 288
f 296 492 491
f 296 491 292
f 300 493 492
f 300 492 296
f 304 494 493
f 304 493 300
f 308 495 494
f 308 494 304
f 312 496 495
f 312 495 308
f 316 497 496
f 316 496 312
f 320 498 497
f 320 497 316
f 324 499 498
f 324 498 320
f 328 500 499
f 328 499 324
f 332 501 500
f 332 500 328
f 336 502 501
f 336 501 332
f 340 503 502
f 340 502 336
f 344 504 503
f 344 503 340
f 348 505 504
f 348 504 344
f 352 506 505
f 352 505 348
f 356 507 506
f 356 506 352
f 360 508 507
f 360 507 356
f 364 509 508
f 364 508 360
f 368 510 509
f 368 509 364
f 372 511 510
f 372 510 368
f 376 512 511
f 376 511 372
f 380 513 512
f 380 512 376
f 384 514 513
f 384 513 380
f 388 515 514
f 388 514 384
f 390 516 515
f 390 515 388
f 393 517 516
f 393 516 390
f 395 518 517
f 395 517 393
f 397 519 518
f 397 518 395
f 399 520 519
f 399 519 397
f 521 523 522
f 521 524 523
f 522 400 402
f 522 527 400
f 522 523 527
f 528 530 529
f 528 531 530
f 531 524 521
f 531 528 524
f 546 548 547
f 546 426 548
f 426 546 427
f 429 549 548
f 429 548 426
f 430 550 549
f 430 549 429
f 431 551 550
f 431 550 430
f 432 552 551
f 432 551 431
f 433 553 552
f 433 552 432
f 434 554 553
f 434 553 433
f 435 555 554
f 435 554 434
f 436 556 555
f 436 555 435
f 437 557 556
f 437 556 436
f 438 558 557
f 438 557 437
f 439 559 558
f 439 558 438
f 440 560 559
f 440 559 439
f 441 561 560
f 441 560 440
f 442 562 561
f 442 561 441
f 443 563 562
f 443 562 442
f 444 564 563
f 444 563 443
f 445 565 564
f 445 564 444
f 446 566 565
f 446 565 445
f 447 567 566
f 447 566 446
f 448 568 567
f 448 567 447
f 449 569 568
f 449 568 448
f 450 570 569
f 450 569 449
f 451 571 570
f 451 570 450
f 452 572 571
f 452 571 451
f 453 573 572
f 453 572 452
f 454 574 573
f 454 573 453
f 455 575 574
f 455 574 454
f 456 576 575
f 456 575 455
f 457 577 576
f 457 576 456
f 458 578 577
f 458 577 457
f 459 579 578
f 459 578 458
f 460 580 579
f 460 579 459
f 461 581 580
f 461 580 460
f 462 582 581
f 462 581 461
f 463 583 582
f 463 582 462
f 464 584 583
f 464 583 463
f 465 585 584
f 465 584 464
f 466 586 585
f 466 585 465
f 467 587 586
f 467 586 466
f 468 588 587
f 468 587 467
f 469 589 588
f 469 588 468
f 470 590 589
f 470 589 469
f 471 591 590
f 471 590 470
f 472 592 591
f 472 591 471
f 473 593 592
f 473 592 472
f 474 594 593
f 474 593 473
f 475 595 594
f 475 594 474
f 476 596 595
f 476 595 475
f 477 597 596
f 477 596 476
f 478 598 597
f 478 597 477
f 479 599 598
f 479 598 478
f 480 600 599
f 480 599 479
f 481 601 600
f 481 600 480
f 482 602 601
f 482 601 481
f 483 603 602
f 483 602 482
f 484 604 603
f 484 603 483
f 485 605 604
f 485 604 484
f 486 606 605
f 486 605 485
f 487 607 606
f 487 606 486
f 488 608 607
f 488 607 487
f 489 609 608
f 489 608 488
f 490 610 609
f 490 609 489
f 491 611 610
f 491 610 490
f 492 612 611
f 492 611 491
f 493 613 612
f 493 612 492
f 494 614 613
f 494 613 493
f 495 615 614
f 495 614 494
f 496 616 615
f 496 615 495
f 497 617 616
f 497 616 496
f 498 618 617
f 498 617 497
f 499 619 618
f 499 618 498
f 500 620 619
f 500 619 499
f 501 621 620
f 501 620 500
f 502 622 621
f 502 621 501
f 503 623 622
f 503 622 502
f 504 624 623
f 504 623 503
f 505 625 624
f 505 624 504
f 506 626 625
f 506 625 505
f 507 627 626
f 507 626 506
f 508 628 627
f 508 627 507
f 509 629 628
f 509 628 508
f 510 630 629
f 510 629 509
f 511 631 630
f 511 630 510
f 512 632 631
f 512 631 511
f 513 633 632
f 513 632 512
f 514 634 633
f 514 633 513
f 515 635 634
f 515 634 514
f 516 636 635
f 516 635 515
f 517 637 636
f 517 636 516
f 518 638 637
f 518 637 517
f 519 639 638
f 519 638 518
f 520 640 639
f 520 639 519
f 643 645 644
f 643 646 645
f 643 647 646
f 647 529 530
f 647 643 529
f 645 648 649
f 648 645 646
f 658 659 660
f 548 661 658
f 547 658 660
f 547 548 658
f 549 662 661
f 549 661 548
f 550 663 662
f 550 662 549
f 551 664 663
f 551 663 550
f 552 665 664
f 552 664 551
f 553 666 665
f 553 665 552
f 554 667 666
f 554 666 553
f 555 668 667
f 555 667 554
f 556 669 668
f 556 668 555
f 557 670 669
f 557 669 556
f 558 671 670
f 558 670 557
f 559 672 671
f 559 671 558
f 560 673 672
f 560 672 559
f 561 674 673
f 561 673 560
f 562 675 674
f 562 674 561
f 563 676 675
f 563 675 562
f 564 677 676
f 564 676 563
f 565 678 677
f 565 677 564
f 566 679 678
f 566 678 565
f 567 680 679
f 567 679 566
f 568 681 680
f 568 680 567
f 569 682 681
f 569 681 568
f 570 683 682
f 570 682 569
f 571 684 683
f 571 683 570
f 572 685 684
f 572 684 571
f 573 686 685
f 573 685 572
f 574 687 686
f 574 686 573
f 575 688 687
f 575 687 574
f 576 689 688
f 576 688 575
f 577 690 689
f 577 689 576
f 578 691 690
f 578 690 577
f 579 692 691
f 579 691 578
f 580 693 692
f 580 692 579
f 581 694 693
f 581 693 580
f 582 695 694
f 582 694 581
f 583 696 695
f 583 695 582
f 584 697 696
f 584 696 583
f 585 698 697
f 585 697 584
f 586 699 698
f 586 698 585
f 587 700 699
f 587 699 586
f 588 701 700
f 588 700 587
f 589 702 701
f 589 701 588
f 590 703 702
f 590 702 589
f 591 704 703
f 591 703 590
f 592 705 704
f 592 704 591
f 593 706 705
f 593 705 592
f 594 707 706
f 594 706 593
f 595 708 707
f 595 707 594
f 596 709 708
f 596 708 595
f 597 710 709
f 597 709 596
f 598 711 710
f 598 710 597
f 599 712 711
f 599 711 598
f 600 713 712
f 600 712 599
f 601 714 713
f 601 713 600
f 602 715 714
f 602 714 601
f 603 716 715
f 603 715 602
f 604 717 716
f 604 716 603
f 605 718 717
f 605 717 604
f 606 719 718
f 606 718 605
f 607 720 719
f 607 719 606
f 608 721 720
f 608 720 607
f 609 722 721
f 609 721 608
f 610 723 722
f 610 722 609
f 611 724 723
f 611 723 610
f 612 725 724
f 612 724 611
f 613 726 725
f 613 725 612
f 614 727 726
f 614 726 613
f 615 728 727
f 615 727 614
f 616 729 728
f 616 728 615
f 617 730 729
f 617 729 616
f 618 731 730
f 618 730 617
f 619 732 731
f 619 731 618
f 620 733 732
f 620 732 619
f 621 734 733
f 621 733 620
f 622 735 734
f 622 734 621
f 623 736 735
f 623 735 622
f 624 737 736
f 624 736 623
f 625 738 737
f 625 737 624
f 626 739 738
f 626 738 625
f 627 740 739
f 627 739 626
f 628 741 740
f 628 740 627
f 629 742 741
f 629 741 628
f 630 743 742
f 630 742 629
f 631 744 743
f 631 743 630
f 632 745 744
f 632 744 631
f 633 746 745
f 633 745 632
f 634 747 746
f 634 746 633
f 635 748 747
f 635 747 634
f 636 749 748
f 636 748 635
f 637 750 749
f 637 749 636
f 638 751 750
f 638 750 637
f 639 752 751
f 639 751 638
f 640 753 752
f 640 752 639
f 756 758 757
f 756 645 758
f 645 756 644
f 758 759 760
f 759 645 649
f 759 758 645
f 765 767 766
f 765 658 767
f 658 765 659
f 661 768 767
f 661 767 658
f 662 769 768
f 662 768 661
f 663 770 769
f 663 769 662
f 664 771 770
f 664 770 663
f 665 772 771
f 665 771 664
f 666 773 772
f 666 772 665
f 667 774 773
f 667 773 666
f 668 775 774
f 668 774 667
f 669 776 775
f 669 775 668
f 670 777 776
f 670 776 669
f 671 778 777
f 671 777 670
f 672 779 778
f 672 778 671
f 673 780 779
f 673 779 672
f 674 781 780
f 674 780 673
f 675 782 781
f 675 781 674
f 676 783 782
f 676 782 675
f 677 784 783
f 677 783 676
f 678 785 784
f 678 784 677
f 679 786 785
f 679 785 678
f 680 787 786
f 680 786 679
f 681 788 787
f 681 787 680
f 682 789 788
f 682 788 681
f 683 790 789
f 683 789 682
f 684 791 790
f 684 790 683
f 685 792 791
f 685 791 684
f 686 793 792
f 686 792 685
f 687 794 793
f 687 793 686
f 688 795 794
f 688 794 687
f 689 796 795
f 689 795 688
f 690 797 796
f 690 796 689
f 691 798 797
f 691 797 690
f 692 799 798
f 692 798 691
f 693 800 799
f 693 799 692
f 694 801 800
f 694 800 693
f 695 802 801
f 695 801 694
f 696 803 802
f 696 802 695
f 697 804 803
f 697 803 696
f 698 805 804
f 698 804 697
f 699 806 805
f 699 805 698
f 700 807 806
f 700 806 699
f 701 808 807
f 701 807 700
f 702 809 808
f 702 808 701
f 703 810 809
f 703 809 702
f 704 811 810
f 704 810 703
f 705 812 811
f 705 811 704
f 706 813 812
f 706 812 705
f 707 814 813
f 707 813 706
f 708 815 814
f 708 814 707
f 709 816 815
f 709 815 708
f 710 817 816
f 710 816 709
f 711 818 817
f 711 817 710
f 712 819 818
f 712 818 711
f 713 820 819
f 713 819 712
f 714 821 820
f 714 820 713
f 715 822 821
f 715 821 714
f 716 823 822
f 716 822 715
f 717 824 823
f 717 823 716
f 718 825 824
f 718 824 717
f 719 826 825
f 719 825 718
f 720 827 826
f 720 826 719
f 721 828 827
f 721 827 720
f 722 829 828
f 722 828 721
f 723 830 829
f 723 829 722
f 724 831 830
f 724 830 723
f 725 832 831
f 725 831 724
f 726 833 832
f 726 832 725
f 727 834 833
f 727 833 726
f 728 835 834
f 728 834 727
f 729 836 835
f 729 835 728
f 730 837 836
f 730 836 729
f 731 838 837
f 731 837 730
f 732 839 838
f 732 838 731
f 733 840 839
f 733 839 732
f 734 841 840
f 734 840 733
f 735 842 841
f 735 841 734
f 736 843 842
f 736 842 735
f 737 844 843
f 737 843 736
f 738 845 844
f 738 844 737
f 739 846 845
f 739 845 738
f 740 847 846
f 740 846 739
f 741 848 847
f 741 847 740
f 742 849 848
f 742 848 741
f 743 850 849
f 743 849 742
f 744 851 850
f 744 850 743
f 745 852 851
f 745 851 744
f 746 853 852
f 746 852 745
f 747 854 853
f 747 853 746
f 748 855 854
f 748 854 747
f 749 856 855
f 749 855 748
f 750 857 856
f 750 856 749
f 751 858 857
f 751 857 750
f 752 859 858
f 752 858 751
f 753 860 859
f 753 859 752
f 863 865 864
f 863 758 865
f 758 863 757
f 865 866 867
f 866 758 760
f 866 865 758
f 872 874 873
f 872 767 874
f 767 872 766
f 768 875 874
f 768 874 767
f 769 876 875
f 769 875 768
f 770 877 876
f 770 876 769
f 771 878 877
f 771 877 770
f 772 879 878
f 772 878 771
f 773 880 879
f 773 879 772
f 774 881 880
f 774 880 773
f 775 882 881
f 775 881 774
f 776 883 882
f 776 882 775
f 777 884 883
f 777 883 776
f 778 885 884
f 778 884 777
f 779 886 885
f 779 885 778
f 780 887 886
f 780 886 779
f 781 888 887
f 781 887 780
f 782 889 888
f 782 888 781
f 783 890 889
f 783 889 782
f 784 891 890
f 784 890 783
f 785 892 891
f 785 891 784
f 786 893 892
f 786 892 785
f 787 894 893
f 787 893 786
f 788 895 894
f 788 894 787
f 789 896 895
f 789 895 788
f 790 897 896
f 790 896 789
f 791 898 897
f 791 897 790
f 792 899 898
f 792 898 791
f 793 900 899
f 793 899 792
f 794 901 900
f 794 900 793
f 795 902 901
f 795 901 794
f 796 903 902
f 796 902 795
f 797 904 903
f 797 903 796
f 798 905 904
f 798 904 797
f 799 906 905
f 799 905 798
f 800 907 906
f 800 906 799
f 801 908 907
f 801 907 800
f 802 909 908
f 802 908 801
f 803 910 909
f 803 909 802
f 804 911 910
f 804 910 803
f 805 912 911
f 805 911 804
f 806 913 912
f 806 912 805
f 807 914 913
f 807 913 806
f 808 915 914
f 808 914 807
f 809 916 915
f 809 915 808
f 810 917 916
f 810 916 809
f 811 918 917
f 811 917 810
f 812 919 918
f 812 918 811
f 813 920 919
f 813 919 812
f 814 921 920
f 814 920 813
f 815 922 921
f 815 921 814
f 816 923 922
f 816 922 815
f 817 924 923
f 817 923 816
f 818 925 924
f 818 924 817
f 819 926 925
f 819 925 818
f 820 927 926
f 820 926 819
f 821 928 927
f 821 927 820
f 822 929 928
f 822 928 821
f 823 930 929
f 823 929 822
f 824 931 930
f 824 930 823
f 825 932 931
f 825 931 824
f 826 933 932
f 826 932 825
f 827 934 933
f 827 933 826
f 828 935 934
f 828 934 827
f 829 936 935
f 829 935 828
f 830 937 936
f 830 936 829
f 831 938 937
f 831 937 830
f 832 939 938
f 832 938 831
f 833 940 939
f 833 939 832
f 834 941 940
f 834 940 833
f 835 942 941
f 835 941 834
f 836 943 942
f 836 942 835
f 837 944 943
f 837 943 836
f 838 945 944
f 838 944 837
f 839 946 945
f 839 945 838
f 840 947 946
f 840 946 839
f 841 948 947
f 841 947 840
f 842 949 948
f 842 948 841
f 843 950 949
f 843 949 842
f 844 951 950
f 844 950 843
f 845 952 951
f 845 951 844
f 846 953 952
f 846 952 845
f 847 954 953
f 847 953 846
f 848 955 954
f 848 954 847
f 849 956 955
f 849 955 848
f 850 957 956
f 850 956 849
f 851 958 957
f 851 957 850
f 852 959 958
f 852 958 851
f 853 960 959
f 853 959 852
f 854 961 960
f 854 960 853
f 855 962 961
f 855 961 854
f 856 963 962
f 856 962 855
f 857 964 963
f 857 963 856
f 858 965 964
f 858 964 857
f 859 966 965
f 859 965 858
f 860 967 966
f 860 966 859
f 971 865 972
f 971 973 865
f 971 974 973
f 865 973 864
f 865 867 972
f 874 985 986
f 874 986 873
f 988 990 989
f 988 875 990
f 985 875 988
f 985 874 875
f 876 991 990
f 876 990 875
f 877 992 991
f 877 991 876
f 878 993 992
f 878 992 877
f 879 994 993
f 879 993 878
f 880 995 994
f 880 994 879
f 881 996 995
f 881 995 880
f 882 997 996
f 882 996 881
f 883 998 997
f 883 997 882
f 884 999 998
f 884 998 883
f 885 1000 999
f 885 999 884
f 886 1001 1000
f 886 1000 885
f 887 1002 1001
f 887 1001 886
f 888 1003 1002
f 888 1002 887
f 889 1004 1003
f 889 1003 888
f 890 1005 1004
f 890 1004 889
f 891 1006 1005
f 891 1005 890
f 892 1007 1006
f 892 1006 891
f 893 1008 1007
f 893 1007 892
f 894 1009 1008
f 894 1008 893
f 895 1010 1009
f 895 1009 894
f 896 1011 1010
f 896 1010 895
f 897 1012 1011
f 897 1011 896
f 898 1013 1012
f 898 1012 897
f 899 1014 1013
f 899 1013 898
f 900 1015 1014
f 900 1014 899
f 901 1016 1015
f 901 1015 900
f 902 1017 1016
f 902 1016 901
f 903 1018 1017
f 903 1017 902
f 904 1019 1018
f 904 1018 903
f 905 1020 1019
f 905 1019 904
f 906 1021 1020
f 906 1020 905
f 907 1022 1021
f 907 1021 906
f 908 1023 1022
f 908 1022 907
f 909 1024 1023
f 909 1023 908
f 910 1025 1024
f 910 1024 909
f 911 1026 1025
f 911 1025 910
f 912 1027 1026
f 912 1026 911
f 913 1028 1027
f 913 1027 912
f 914 1029 1028
f 914 1028 913
f 915 1030 1029
f 915 1029 914
f 916 1031 1030
f 916 1030 915
f 917 1032 1031
f 917 1031 916
f 918 1033 1032
f 918 1032 917
f 919 1034 1033
f 919 1033 918
f 920 1035 1034
f 920 1034 919
f 921 1036 1035
f 921 1035 920
f 922 1037 1036
f 922 1036 921
f 923 1038 1037
f 923 1037 922
f 924 1039 1038
f 924 1038 923
f 925 1040 1039
f 925 1039 924
f 926 1041 1040
f 926 1040 925
f 927 1042 1041
f 927 1041 926
f 928 1043 1042
f 928 1042 927
f 929 1044 1043
f 929 1043 928
f 930 1045 1044
f 930 1044 929
f 931 1046 1045
f 931 1045 930
f 932 1047 1046
f 932 1046 931
f 933 1048 1047
f 933 1047 932
f 934 1049 1048
f 934 1048 933
f 935 1050 1049
f 935 1049 934
f 936 1051 1050
f 936 1050 935
f 937 1052 1051
f 937 1051 936
f 938 1053 1052
f 938 1052 937
f 939 1054 1053
f 939 1053 938
f 940 1055 1054
f 940 1054 939
f 941 1056 1055
f 941 1055 940
f 942 1057 1056
f 942 1056 941
f 943 1058 1057
f 943 1057 942
f 944 1059 1058
f 944 1058 943
f 945 1060 1059
f 945 1059 944
f 946 1061 1060
f 946 1060 945
f 947 1062 1061
f 947 1061 946
f 948 1063 1062
f 948 1062 947
f 949 1064 1063
f 949 1063 948
f 950 1065 1064
f 950 1064 949
f 951 1066 1065
f 951 1065 950
f 952 1067 1066
f 952 1066 951
f 953 1068 1067
f 953 1067 952
f 954 1069 1068
f 954 1068 953
f 955 1070 1069
f 955 1069 954
f 956 1071 1070
f 956 1070 955
f 957 1072 1071
f 957 1071 956
f 958 1073 1072
f 958 1072 957
f 959 1074 1073
f 959 1073 958
f 960 1075 1074
f 960 1074 959
f 961 1076 1075
f 961 1075 960
f 962 1077 1076
f 962 1076 961
f 963 1078 1077
f 963 1077 962
f 964 1079 1078
f 964 1078 963
f 965 1080 1079
f 965 1079 964
f 966 1081 1080
f 966 1080 965
f 967 1082 1081
f 967 1081 966
f 1083 1085 1084
f 1083 1086 1085
f 1083 1087 1086
f 1085 1089 1084
f 974 1087 1083
f 974 971 1087
f 1106 1108 1107
f 1106 990 1108
f 990 1106 989
f 991 1109 1108
f 991 1108 990
f 992 1110 1109
f 992 1109 991
f 993 1111 1110
f 993 1110 992
f 994 1112 1111
f 994 1111 993
f 995 1113 1112
f 995 1112 994
f 996 1114 1113
f 996 1113 995
f 997 1115 1114
f 997 1114 996
f 998 1116 1115
f 998 1115 997
f 999 1117 1116
f 999 1116 998
f 1000 1118 1117
f 1000 1117 999
f 1001 1119 1118
f 1001 1118 1000
f 1002 1120 1119
f 1002 1119 1001
f 1003 1121 1120
f 1003 1120 1002
f 1004 1122 1121
f 1004 1121 1003
f 1005 1123 1122
f 1005 1122 1004
f 1006 1124 1123
f 1006 1123 1005
f 1007 1125 1124
f 1007 1124 1006
f 1008 1126 1125
f 1008 1125 1007
f 1009 1127 1126
f 1009 1126 1008
f 1010 1128 1127
f 1010 1127 1009
f 1011 1129 1128
f 1011 1128 1010
f 1012 1130 1129
f 1012 1129 1011
f 1013 1131 1130
f 1013 1130 1012
f 1014 1132 1131
f 1014 1131 1013
f 1015 1133 1132
f 1015 1132 1014
f 1016 1134 1133
f 1016 1133 1015
f 1017 1135 1134
f 1017 1134 1016
f 1018 1136 1135
f 1018 1135 1017
f 1019 1137 1136
f 1019 1136 1018
f 1020 1138 1137
f 1020 1137 1019
f 1021 1139 1138
f 1021 1138 1020
f 1022 1140 1139
f 1022 1139 1021
f 1023 1141 1140
f 1023 1140 1022
f 1024 1142 1141
f 1024 1141 1023
f 1025 1143 1142
f 1025 1142 1024
f 1026 1144 1143
f 1026 1143 1025
f 1027 1145 1144
f 1027 1144 1026
f 1028 1146 1145
f 1028 1145 1027
f 1029 1147 1146
f 1029 1146 1028
f 1030 1148 1147
f 1030 1147 1029
f 1031 1149 1148
f 1031 1148 1030
f 1032 1150 1149
f 1032 1149 1031
f 1033 1151 1150
f 1033 1150 1032
f 1034 1152 1151
f 1034 1151 1033
f 1035 1153 1152
f 1035 1152 1034
f 1036 1154 1153
f 1036 1153 1035
f 1037 1155 1154
f 1037 1154 1036
f 1038 1156 1155
f 1038 1155 1037
f 1039 1157 1156
f 1039 1156 1038
f 1040 1158 1157
f 1040 1157 1039
f 1041 1159 1158
f 1041 1158 1040
f 1042 1160 1159
f 1042 1159 1041
f 1043 1161 1160
f 1043 1160 1042
f 1044 1162 1161
f 1044 1161 1043
f 1045 1163 1162
f 1045 1162 1044
f 1046 1164 1163
f 1046 1163 1045
f 1047 1165 1164
f 1047 1164 1046
f 1048 1166 1165
f 1048 1165 1047
f 1049 1167 1166
f 1049 1166 1048
f 1050 1168 1167
f 1050 1167 1049
f 1051 1169 1168
f 1051 1168 1050
f 1052 1170 1169
f 1052 1169 1051
f 1053 1171 1170
f 1053 1170 1052
f 1054 1172 1171
f 1054 1171 1053
f 1055 1173 1172
f 1055 1172 1054
f 1056 1174 1173
f 1056 1173 1055
f 1057 1175 1174
f 1057 1174 1056
f 1058 1176 1175
f 1058 1175 1057
f 1059 1177 1176
f 1059 1176 1058
f 1060 1178 1177
f 1060 1177 1059
f 1061 1179 1178
f 1061 1178 1060
f 1062 1180 1179
f 1062 1179 1061
f 1063 1181 1180
f 1063 1180 1062
f 1064 1182 1181
f 1064 1181 1063
f 1065 1183 1182
f 1065 1182 1064
f 1066 1184 1183
f 1066 1183 1065
f 1067 1185 1184
f 1067 1184 1066
f 1068 1186 1185
f 1068 1185 1067
f 1069 1187 1186
f 1069 1186 1068
f 1070 1188 1187
f 1070 1187 1069
f 1071 1189 1188
f 1071 1188 1070
f 1072 1190 1189
f 1072 1189 1071
f 1073 1191 1190
f 1073 1190 1072
f 1074 1192 1191
f 1074 1191 1073
f 1075 1193 1192
f 1075 1192 1074
f 1076 1194 1193
f 1076 1193 1075
f 1077 1195 1194
f 1077 1194 1076
f 1078 1196 1195
f 1078 1195 1077
f 1079 1197 1196
f 1079 1196 1078
f 1080 1198 1197
f 1080 1197 1079
f 1081 1199 1198
f 1081 1198 1080
f 1082 1200 1199
f 1082 1199 1081
f 1085 1086 1203
f 1108 1224 1225
f 1108 1225 1107
f 1227 1229 1228
f 1227 1109 1229
f 1224 1109 1227
f 1224 1230 1109
f 1110 1231 1229
f 1110 1229 1109
f 1111 1232 1231
f 1111 1231 1110
f 1112 1233 1232
f 1112 1232 1111
f 1113 1234 1233
f 1113 1233 1112
f 1114 1235 1234
f 1114 1234 1113
f 1115 1236 1235
f 1115 1235 1114
f 1116 1237 1236
f 1116 1236 1115
f 1117 1238 1237
f 1117 1237 1116
f 1118 1239 1238
f 1118 1238 1117
f 1119 1240 1239
f 1119 1239 1118
f 1120 1241 1240
f 1120 1240 1119
f 1121 1242 1241
f 1121 1241 1120
f 1122 1243 1242
f 1122 1242 1121
f 1123 1244 1243
f 1123 1243 1122
f 1124 1245 1244
f 1124 1244 1123
f 1125 1246 1245
f 1125 1245 1124
f 1126 1247 1246
f 1126 1246 1125
f 1127 1248 1247
f 1127 1247 1126
f 1128 1249 1248
f 1128 1248 1127
f 1129 1250 1249
f 1129 1249 1128
f 1130 1251 1250
f 1130 1250 1129
f 1131 1252 1251
f 1131 1251 1130
f 1132 1253 1252
f 1132 1252 1131
f 1133 1254 1253
f 1133 1253 1132
f 1134 1255 1254
f 1134 1254 1133
f 1135 1256 1255
f 1135 1255 1134
f 1136 1257 1256
f 1136 1256 1135
f 1137 1258 1257
f 1137 1257 1136
f 1138 1259 1258
f 1138 1258 1137
f 1139 1260 1259
f 1139 1259 1138
f 1140 1261 1260
f 1140 1260 1139
f 1141 1262 1261
f 1141 1261 1140
f 1142 1263 1262
f 1142 1262 1141
f 1143 1264 1263
f 1143 1263 1142
f 1144 1265 1264
f 1144 1264 1143
f 1145 1266 1265
f 1145 1265 1144
f 1146 1267 1266
f 1146 1266 1145
f 1147 1268 1267
f 1147 1267 1146
f 1148 1269 1268
f 1148 1268 1147
f 1149 1270 1269
f 1149 1269 1148
f 1150 1271 1270
f 1150 1270 1149
f 1151 1272 1271
f 1151 1271 1150
f 1152 1273 1272
f 1152 1272 1151
f 1153 1274 1273
f 1153 1273 1152
f 1154 1275 1274
f 1154 1274 1153
f 1155 1276 1275
f 1155 1275 1154
f 1156 1277 1276
f 1156 1276 1155
f 1157 1278 1277
f 1157 1277 1156
f 1158 1279 1278
f 1158 1278 1157
f 1159 1280 1279
f 1159 1279 1158
f 1160 1281 1280
f 1160 1280 1159
f 1161 1282 1281
f 1161 1281 1160
f 1162 1283 1282
f 1162 1282 1161
f 1163 1284 1283
f 1163 1283 1162
f 1164 1285 1284
f 1164 1284 1163
f 1165 1286 1285
f 1165 1285 1164
f 1166 1287 1286
f 1166 1286 1165
f 1167 1288 1287
f 1167 1287 1166
f 1168 1289 1288
f 1168 1288 1167
f 1169 1290 1289
f 1169 1289 1168
f 1170 1291 1290
f 1170 1290 1169
f 1171 1292 1291
f 1171 1291 1170
f 1172 1293 1292
f 1172 1292 1171
f 1173 1294 1293
f 1173 1293 1172
f 1174 1295 1294
f 1174 1294 1173
f 1175 1296 1295
f 1175 1295 1174
f 1176 1297 1296
f 1176 1296 1175
f 1177 1298 1297
f 1177 1297 1176
f 1178 1299 1298
f 1178 1298 1177
f 1179 1300 1299
f 1179 1299 1178
f 1180 1301 1300
f 1180 1300 1179
f 1181 1302 1301
f 1181 1301 1180
f 1182 1303 1302
f 1182 1302 1181
f 1183 1304 1303
f 1183 1303 1182
f 1184 1305 1304
f 1184 1304 1183
f 1185 1306 1305
f 1185 1305 1184
f 1186 1307 1306
f 1186 1306 1185
f 1187 1308 1307
f 1187 1307 1186
f 1188 1309 1308
f 1188 1308 1187
f 1189 1310 1309
f 1189 1309 1188
f 1190 1311 1310
f 1190 1310 1189
f 1191 1312 1311
f 1191 1311 1190
f 1192 1313 1312
f 1192 1312 1191
f 1193 1314 1313
f 1193 1313 1192
f 1194 1315 1314
f 1194 1314 1193
f 1195 1316 1315
f 1195 1315 1194
f 1196 1317 1316
f 1196 1316 1195
f 1197 1318 1317
f 1197 1317 1196
f 1198 1319 1318
f 1198 1318 1197
f 1199 1320 1319
f 1199 1319 1198
f 1200 1321 1320
f 1200 1320 1199
f 1353 1355 1354
f 1353 1229 1355
f 1229 1353 1228
f 1231 1356 1355
f 1231 1355 1229
f 1232 1357 1356
f 1232 1356 1231
f 1233 1358 1357
f 1233 1357 1232
f 1360 1234 1361
f 1360 1358 1234
f 1234 1358 1233
f 1235 1362 1363
f 1361 1235 1363
f 1361 1234 1235
f 1236 1365 1366
f 1362 1236 1366
f 1362 1235 1236
f 1237 1368 1369
f 1365 1237 1369
f 1365 1236 1237
f 1238 1371 1372
f 1368 1238 1372
f 1368 1237 1238
f 1239 1374 1375
f 1371 1239 1375
f 1371 1238 1239
f 1240 1377 1378
f 1374 1240 1378
f 1374 1239 1240
f 1241 1380 1381
f 1377 1241 1381
f 1377 1240 1241
f 1242 1383 1384
f 1380 1242 1384
f 1380 1241 1242
f 1243 1386 1387
f 1383 1243 1387
f 1383 1242 1243
f 1244 1389 1390
f 1386 1244 1390
f 1386 1243 1244
f 1245 1392 1393
f 1389 1245 1393
f 1389 1244 1245
f 1246 1395 1396
f 1392 1246 1396
f 1392 1245 1246
f 1247 1398 1399
f 1395 1247 1399
f 1395 1246 1247
f 1248 1401 1402
f 1398 1248 1402
f 1398 1247 1248
f 1249 1404 1405
f 1401 1249 1405
f 1401 1248 1249
f 1250 1407 1408
f 1404 1250 1408
f 1404 1249 1250
f 1251 1410 1411
f 1407 1251 1411
f 1407 1250 1251
f 1252 1413 1414
f 1410 1252 1414
f 1410 1251 1252
f 1253 1416 1417
f 1413 1253 1417
f 1413 1252 1253
f 1254 1419 1420
f 1416 1254 1420
f 1416 1253 1254
f 1255 1422 1423
f 1419 1255 1423
f 1419 1254 1255
f 1256 1425 1426
f 1422 1256 1426
f 1422 1255 1256
f 1257 1428 1429
f 1425 1257 1429
f 1425 1256 1257
f 1258 1431 1432
f 1428 1258 1432
f 1428 1257 1258
f 1259 1434 1435
f 1431 1259 1435
f 1431 1258 1259
f 1260 1437 1438
f 1434 1260 1438
f 1434 1259 1260
f 1261 1440 1441
f 1437 1261 1441
f 1437 1260 1261
f 1262 1443 1444
f 1440 1262 1444
f 1440 1261 1262
f 1263 1446 1447
f 1443 1263 1447
f 1443 1262 1263
f 1264 1449 1450
f 1446 1264 1450
f 1446 1263 1264
f 1265 1452 1453
f 1449 1265 1453
f 1449 1264 1265
f 1266 1455 1456
f 1452 1266 1456
f 1452 1265 1266
f 1267 1458 1459
f 1455 1267 1459
f 1455 1266 1267
f 1268 1461 1462
f 1458 1268 1462
f 1458 1267 1268
f 1269 1464 1465
f 1461 1269 1465
f 1461 1268 1269
f 1270 1467 1468
f 1464 1270 1468
f 1464 1269 1270
f 1271 1470 1471
f 1467 1271 1471
f 1467 1270 1271
f 1272 1473 1474
f 1470 1272 1474
f 1470 1271 1272
f 1273 1476 1477
f 1473 1273 1477
f 1473 1272 1273
f 1274 1479 1480
f 1476 1274 1480
f 1476 1273 1274
f 1275 1482 1483
f 1479 1275 1483
f 1479 1274 1275
f 1276 1485 1486
f 1482 1276 1486
f 1482 1275 1276
f 1277 1488 1489
f 1485 1277 1489
f 1485 1276 1277
f 1278 1491 1492
f 1488 1278 1492
f 1488 1277 1278
f 1279 1494 1495
f 1491 1279 1495
f 1491 1278 1279
f 1280 1497 1498
f 1494 1280 1498
f 1494 1279 1280
f 1281 1500 1501
f 1497 1281 1501
f 1497 1280 1281
f 1282 1503 1504
f 1500 1282 1504
f 1500 1281 1282
f 1283 1506 1507
f 1503 1283 1507
f 1503 1282 1283
f 1284 1509 1510
f 1506 1284 1510
f 1506 1283 1284
f 1285 1512 1513
f 1509 1285 1513
f 1509 1284 1285
f 1286 1515 1516
f 1512 1286 1516
f 1512 1285 1286
f 1287 1518 1519
f 1515 1287 1519
f 1515 1286 1287
f 1288 1521 1522
f 1518 1288 1522
f 1518 1287 1288
f 1289 1524 1525
f 1521 1289 1525
f 1521 1288 1289
f 1290 1527 1528
f 1524 1290 1528
f 1524 1289 1290
f 1291 1530 1531
f 1527 1291 1531
f 1527 1290 1291
f 1292 1533 1534
f 1530 1292 1534
f 1530 1291 1292
f 1293 1536 1537
f 1533 1293 1537
f 1533 1292 1293
f 1294 1539 1540
f 1542 1294 1540
f 1542 1293 1294
f 1295 1543 1544
f 1539 1295 1544
f 1539 1294 1295
f 1296 1546 1547
f 1543 1296 1547
f 1543 1295 1296
f 1297 1549 1550
f 1546 1297 1550
f 1546 1296 1297
f 1298 1552 1553
f 1549 1298 1553
f 1549 1297 1298
f 1299 1555 1556
f 1552 1299 1556
f 1552 1298 1299
f 1300 1558 1559
f 1555 1300 1559
f 1555 1299 1300
f 1301 1561 1562
f 1558 1301 1562
f 1558 1300 1301
f 1302 1564 1565
f 1561 1302 1565
f 1561 1301 1302
f 1303 1567 1568
f 1564 1303 1568
f 1564 1302 1303
f 1304 1570 1571
f 1567 1304 1571
f 1567 1303 1304
f 1305 1573 1574
f 1570 1305 1574
f 1570 1304 1305
f 1306 1576 1577
f 1573 1306 1577
f 1573 1305 1306
f 1307 1579 1580
f 1576 1307 1580
f 1576 1306 1307
f 1308 1582 1583
f 1579 1308 1583
f 1579 1307 1308
f 1309 1585 1586
f 1582 1309 1586
f 1582 1308 1309
f 1310 1588 1589
f 1585 1310 1589
f 1585 1309 1310
f 1311 1591 1592
f 1588 1311 1592
f 1588 1310 1311
f 1312 1594 1595
f 1591 1312 1595
f 1591 1311 1312
f 1313 1597 1598
f 1594 1313 1598
f 1594 1312 1313
f 1314 1600 1601
f 1597 1314 1601
f 1597 1313 1314
f 1315 1603 1604
f 1600 1315 1604
f 1600 1314 1315
f 1316 1606 1607
f 1603 1316 1607
f 1603 1315 1316
f 1609 1611 1610
f 1609 1317 1611
f 1606 1317 1609
f 1606 1316 1317
f 1318 1612 1611
f 1318 1611 1317
f 1319 1613 1612
f 1319 1612 1318
f 1320 1614 1613
f 1320 1613 1319
f 1321 1615 1614
f 1321 1614 1320

#List of body polygons
f 524 525 523
f 524 526 525
f 523 525 527
f 526 528 529
f 528 526 524
f 526 641 642
f 526 642 525
f 641 643 644
f 643 526 529
f 643 641 526
f 641 754 755
f 641 755 642
f 754 756 757
f 756 641 644
f 756 754 641
f 754 861 862
f 754 862 755
f 861 863 864
f 863 754 757
f 863 861 754
f 861 968 969
f 861 969 862
f 974 968 973
f 973 861 864
f 973 968 861
f 968 1083 1084
f 1089 968 1084
f 1089 969 968
f 968 974 1083

#List of body lines
l 1616 1617
l 1617 1618
l 1618 1619
l 1619 1620
l 1620 1621
l 1621 1622
l 1622 1623
l 1623 1624
l 1624 1625
l 1625 1626
l 1617 1627
l 1627 1628
l 1628 1618
l 1618 1629
l 1629 1620
l 1620 1630
l 1630 1622
l 1622 1631
l 1631 1624
l 1624 1632
l 1632 1633
l 1633 1625
l 1627 1634
l 1634 1635
l 1635 1628
l 1628 1636
l 1636 1629
l 1629 1637
l 1637 1630
l 1630 1638
l 1638 1631
l 1631 1639
l 1639 1632
l 1632 1640
l 1640 1641
l 1641 1633
l 1634 1642
l 1642 1643
l 1643 1635
l 1635 1644
l 1644 1636
l 1636 1645
l 1645 1637
l 1637 1646
l 1646 1638
l 1638 1647
l 1647 1639
l 1639 1648
l 1648 1640
l 1640 1649
l 1649 1650
l 1650 1641
l 1642 1651
l 1651 1652
l 1652 1643
l 1643 1653
l 1653 1644
l 1644 1654
l 1654 1645
l 1645 1655
l 1655 1646
l 1646 1656
l 1656 1647
l 1647 1657
l 1657 1648
l 1648 1658
l 1658 1649
l 1649 1659
l 1659 1660
l 1660 1650
l 1651 1661
l 1661 1662
l 1662 1652
l 1652 1663
l 1663 1653
l 1653 1664
l 1664 1654
l 1654 1665
l 1665 1655
l 1655 1666
l 1666 1656
l 1656 1667
l 1667 1657
l 1657 1668
l 1668 1658
l 1658 1669
l 1669 1659
l 1659 1670
l 1670 1671
l 1671 1660
l 1661 1672
l 1672 1673
l 1673 1662
l 1662 1674
l 1674 1663
l 1663 1675
l 1675 1664
l 1664 1676
l 1676 1665
l 1665 1677
l 1677 1666
l 1666 1678
l 1678 1667
l 1667 1679
l 1679 1668
l 1668 1680
l 1680 1669
l 1669 1681
l 1681 1670
l 1670 1682
l 1682 1683
l 1683 1671
l 1673 1684
l 1684 1674
l 1674 1685
l 1685 1675
l 1675 1686
l 1686 1676
l 1676 1687
l 1687 1677
l 1677 1688
l 1688 1678
l 1678 1689
l 1689 1679
l 1679 1690
l 1690 1680
l 1680 1691
l 1691 1681
l 1681 1692
l 1692 1682
l 1682 1693
l 1693 1694
l 1694 1683
l 1684 1695
l 1695 1685
l 1685 1696
l 1696 1686
l 1686 1697
l 1697 1687
l 1687 1698
l 1698 1688
l 1688 1699
l 1699 1689
l 1689 1700
l 1700 1690
l 1690 1701
l 1701 1691
l 1691 1702
l 1702 1692
l 1692 1703
l 1703 1693
l 1693 1704
l 1704 1705
l 1705 1694
l 1695 1706
l 1706 1696
l 1696 1707
l 1707 1697
l 1697 1708
l 1708 1698
l 1698 1709
l 1709 1699
l 1699 1710
l 1710 1700
l 1700 1711
l 1711 1701
l 1701 1712
l 1712 1702
l 1702 1713
l 1713 1703
l 1703 1714
l 1714 1704
l 1704 1715
l 1715 1716
l 1716 1705
l 1706 1717
l 1717 1707
l 1707 1718
l 1718 1708
l 1708 1719
l 1719 1709
l 1709 1720
l 1720 1710
l 1710 1721
l 1721 1711
l 1711 1722
l 1722 1712
l 1712 1723
l 1723 1713
l 1713 1724
l 1724 1714
l 1714 1725
l 1725 1715
l 1715 1726
l 1726 1727
l 1727 1716
l 1717 1728
l 1728 1718
l 1718 1729
l 1729 1719
l 1719 1730
l 1730 1720
l 1720 1731
l 1731 1721
l 1721 1732
l 1732 1722
l 1722 1733
l 1733 1723
l 1723 1734
l 1734 1724
l 1724 1735
l 1735 1725
l 1725 1736
l 1736 1726
l 1726 1737
l 1737 1738
l 1738 1727
l 1728 1739
l 1739 1729
l 1729 1740
l 1740 1730
l 1730 1741
l 1741 1731
l 1731 1742
l 1742 1732
l 1732 1743
l 1743 1733
l 1733 1744
l 1744 1734
l 1734 1745
l 1745 1735
l 1735 1746
l 1746 1736
l 1736 1747
l 1747 1737
l 1737 1748
l 1748 1749
l 1749 1738
l 1739 1750
l 1750 1740
l 1740 1751
l 1751 1741
l 1741 1752
l 1752 1742
l 1742 1753
l 1753 1743
l 1743 1754
l 1754 1744
l 1744 1755
l 1755 1745
l 1745 1756
l 1756 1746
l 1746 1757
l 1757 1747
l 1747 1758
l 1758 1748
l 1748 1759
l 1759 1760
l 1760 1749
l 1750 1761
l 1761 1751
l 1751 1762
l 1762 1752
l 1752 1763
l 1763 1753
l 1753 1764
l 1764 1754
l 1754 1765
l 1765 1755
l 1755 1766
l 1766 1756
l 1756 1767
l 1767 1757
l 1757 1768
l 1768 1758
l 1758 1769
l 1769 1759
l 1759 1770
l 1770 1771
l 1771 1760
l 1761 1772
l 1772 1762
l 1762 1773
l 1773 1763
l 1763 1774
l 1774 1764
l 1764 1775
l 1775 1765
l 1765 1776
l 1776 1766
l 1766 1777
l 1777 1767
l 1767 1778
l 1778 1768
l 1768 1779
l 1779 1769
l 1769 1780
l 1780 1770
l 1770 1781
l 1781 1782
l 1782 1771
l 1772 1783
l 1783 1773
l 1773 1784
l 1784 1774
l 1774 1785
l 1785 1775
l 1775 1786
l 1786 1776
l 1776 1787
l 1787 1777
l 1777 1788
l 1788 1778
l 1778 1789
l 1789 1779
l 1779 1790
l 1790 1780
l 1780 1791
l 1791 1781
l 1781 1792
l 1792 1793
l 1793 1782
l 1783 1794
l 1794 1784
l 1784 1795
l 1795 1785
l 1785 1796
l 1796 1786
l 1786 1797
l 1797 1787
l 1787 1798
l 1798 1788
l 1788 1799
l 1799 1789
l 1789 1800
l 1800 1790
l 1790 1801
l 1801 1791
l 1791 1802
l 1802 1792
l 1792 1803
l 1803 1804
l 1804 1793
l 1794 1805
l 1805 1795
l 1795 1806
l 1806 1796
l 1796 1807
l 1807 1797
l 1797 1808
l 1808 1798
l 1798 1809
l 1809 1799
l 1799 1810
l 1810 1800
l 1800 1811
l 1811 1801
l 1801 1812
l 1812 1802
l 1802 1813
l 1813 1803
l 1803 1814
l 1814 1815
l 1815 1804
l 1805 1816
l 1816 1806
l 1806 1817
l 1817 1807
l 1807 1818
l 1818 1808
l 1808 1819
l 1819 1809
l 1809 1820
l 1820 1810
l 1810 1821
l 1821 1811
l 1811 1822
l 1822 1812
l 1812 1823
l 1823 1813
l 1813 1824
l 1824 1814
l 1814 1825
l 1825 1826
l 1826 1815
l 1816 1827
l 1827 1817
l 1817 1828
l 1828 1818
l 1818 1829
l 1829 1819
l 1819 1830
l 1830 1820
l 1820 1831
l 1831 1821
l 1821 1832
l 1832 1822
l 1822 1833
l 1833 1823
l 1823 1834
l 1834 1824
l 1824 1835
l 1835 1825
l 1825 1836
l 1836 1837
l 1837 1826
l 1827 1838
l 1838 1828
l 1828 1839
l 1839 1829
l 1829 1840
l 1840 1830
l 1830 1841
l 1841 1831
l 1831 1842
l 1842 1832
l 1832 1843
l 1843 1833
l 1833 1844
l 1844 1834
l 1834 1845
l 1845 1835
l 1835 1846
l 1846 1836
l 1836 1847
l 1847 1848
l 1848 1837
l 1838 1849
l 1849 1839
l 1839 1850
l 1850 1840
l 1840 1851
l 1851 1841
l 1841 1852
l 1852 1842
l 1842 1853
l 1853 1843
l 1843 1854
l 1854 1844
l 1844 1855
l 1855 1845
l 1845 1856
l 1856 1846
l 1846 1857
l 1857 1847
l 1847 1858
l 1858 1859
l 1859 1848
l 1849 1860
l 1860 1850
l 1850 1861
l 1861 1851
l 1851 1862
l 1862 1852
l 1852 1863
l 1863 1853
l 1853 1864
l 1864 1854
l 1854 1865
l 1865 1855
l 1855 1866
l 1866 1856
l 1856 1867
l 1867 1857
l 1857 1868
l 1868 1858
l 1858 1869
l 1869 1870
l 1870 1859
l 1860 1871
l 1871 1861
l 1861 1872
l 1872 1862
l 1862 1873
l 1873 1863
l 1863 1874
l 1874 1864
l 1864 1875
l 1875 1865
l 1865 1876
l 1876 1866
l 1866 1877
l 1877 1867
l 1867 1878
l 1878 1868
l 1868 1879
l 1879 1869
l 1869 1880
l 1880 1881
l 1881 1870
l 1871 1882
l 1882 1872
l 1872 1883
l 1883 1873
l 1873 1884
l 1884 1874
l 1874 1885
l 1885 1875
l 1875 1886
l 1886 1876
l 1876 1887
l 1887 1877
l 1877 1888
l 1888 1878
l 1878 1889
l 1889 1879
l 1879 1890
l 1890 1880
l 1880 1891
l 1891 1892
l 1892 1881
l 1882 1893
l 1893 1883
l 1883 1894
l 1894 1884
l 1884 1895
l 1895 1885
l 1885 1896
l 1896 1886
l 1886 1897
l 1897 1887
l 1887 1898
l 1898 1888
l 1888 1899
l 1899 1889
l 1889 1900
l 1900 1890
l 1890 1901
l 1901 1891
l 1891 1902
l 1902 1903
l 1903 1892
l 1893 1904
l 1904 1894
l 1894 1905
l 1905 1895
l 1895 1906
l 1906 1896
l 1896 1907
l 1907 1897
l 1897 1908
l 1908 1898
l 1898 1909
l 1909 1899
l 1899 1910
l 1910 1900
l 1900 1911
l 1911 1901
l 1901 1912
l 1912 1902
l 1902 1913
l 1913 1914
l 1914 1903
l 1904 1915
l 1915 1905
l 1905 1916
l 1916 1906
l 1906 1917
l 1917 1907
l 1907 1918
l 1918 1908
l 1908 1919
l 1919 1909
l 1909 1920
l 1920 1910
l 1910 1921
l 1921 1911
l 1911 1922
l 1922 1912
l 1912 1923
l 1923 1913
l 1913 1924
l 1924 1925
l 1925 1914
l 1915 1926
l 1926 1916
l 1916 1927
l 1927 1917
l 1917 1928
l 1928 1918
l 1918 1929
l 1929 1919
l 1919 1930
l 1930 1920
l 1920 1931
l 1931 1921
l 1921 1932
l 1932 1922
l 1922 1933
l 1933 1923
l 1923 1934
l 1934 1924
l 1924 1935
l 1935 1936
l 1936 1925
l 1926 1937
l 1937 1927
l 1927 1938
l 1938 1928
l 1928 1939
l 1939 1929
l 1929 1940
l 1940 1930
l 1930 1941
l 1941 1931
l 1931 1942
l 1942 1932
l 1932 1943
l 1943 1933
l 1933 1944
l 1944 1934
l 1934 1945
l 1945 1935
l 1935 1946
l 1946 1947
l 1947 1936
l 1937 1948
l 1948 1938
l 1938 1949
l 1949 1939
l 1939 1950
l 1950 1940
l 1940 1951
l 1951 1941
l 1941 1952
l 1952 1942
l 1942 1953
l 1953 1943
l 1943 1954
l 1954 1944
l 1944 1955
l 1955 1945
l 1945 1956
l 1956 1946
l 1946 1957
l 1957 1958
l 1958 1947
l 1948 1959
l 1959 1949
l 1949 1960
l 1960 1950
l 1950 1961
l 1961 1951
l 1951 1962
l 1962 1952
l 1952 1963
l 1963 1953
l 1953 1964
l 1964 1954
l 1954 1965
l 1965 1955
l 1955 1966
l 1966 1956
l 1956 1967
l 1967 1957
l 1957 1968
l 1968 1969
l 1969 1958
l 1959 1970
l 1970 1960
l 1960 1971
l 1971 1961
l 1961 1972
l 1972 1962
l 1962 1973
l 1973 1963
l 1963 1974
l 1974 1964
l 1964 1975
l 1975 1965
l 1965 1976
l 1976 1966
l 1966 1977
l 1977 1967
l 1967 1978
l 1978 1968
l 1968 1979
l 1979 1980
l 1980 1969
l 1970 1981
l 1981 1971
l 1971 1982
l 1982 1972
l 1972 1983
l 1983 1973
l 1973 1984
l 1984 1974
l 1974 1985
l 1985 1975
l 1975 1986
l 1986 1976
l 1976 1987
l 1987 1977
l 1977 1988
l 1988 1978
l 1978 1989
l 1989 1979
l 1979 1990
l 1990 1991
l 1991 1980
l 1981 1992
l 1992 1982
l 1982 1993
l 1993 1983
l 1983 1994
l 1994 1984
l 1984 1995
l 1995 1985
l 1985 1996
l 1996 1986
l 1986 1997
l 1997 1987
l 1987 1998
l 1998 1988
l 1988 1999
l 1999 1989
l 1989 2000
l 2000 1990
l 1990 2001
l 2001 2002
l 2002 1991
l 1992 2003
l 2003 1993
l 1993 2004
l 2004 1994
l 1994 2005
l 2005 1995
l 1995 2006
l 2006 1996
l 1996 2007
l 2007 1997
l 1997 2008
l 2008 1998
l 1998 2009
l 2009 1999
l 1999 2010
l 2010 2000
l 2000 2011
l 2011 2001
l 2001 2012
l 2012 2013
l 2013 2002
l 2003 2014
l 2014 2004
l 2004 2015
l 2015 2005
l 2005 2016
l 2016 2006
l 2006 2017
l 2017 2007
l 2007 2018
l 2018 2008
l 2008 2019
l 2019 2009
l 2009 2020
l 2020 2010
l 2010 2021
l 2021 2011
l 2011 2022
l 2022 2012
l 2012 2023
l 2023 2024
l 2024 2013
l 2014 2025
l 2025 2015
l 2015 2026
l 2026 2016
l 2016 2027
l 2027 2017
l 2017 2028
l 2028 2018
l 2018 2029
l 2029 2019
l 2019 2030
l 2030 2020
l 2020 2031
l 2031 2021
l 2021 2032
l 2032 2022
l 2022 2033
l 2033 2023
l 2023 2034
l 2034 2035
l 2035 2024
l 2025 2036
l 2036 2026
l 2026 2037
l 2037 2027
l 2027 2038
l 2038 2028
l 2028 2039
l 2039 2029
l 2029 2040
l 2040 2030
l 2030 2041
l 2041 2031
l 2031 2042
l 2042 2032
l 2032 2043
l 2043 2033
l 2033 2044
l 2044 2034
l 2034 2045
l 2045 2046
l 2046 2035
l 2036 2047
l 2047 2037
l 2037 2048
l 2048 2038
l 2038 2049
l 2049 2039
l 2039 2050
l 2050 2040
l 2040 2051
l 2051 2041
l 2041 2052
l 2052 2042
l 2042 2053
l 2053 2043
l 2043 2054
l 2054 2044
l 2044 2055
l 2055 2045
l 2045 2056
l 2056 2057
l 2057 2046
l 2047 2058
l 2058 2048
l 2048 2059
l 2059 2049
l 2049 2060
l 2060 2050
l 2050 2061
l 2061 2051
l 2051 2062
l 2062 2052
l 2052 2063
l 2063 2053
l 2053 2064
l 2064 2054
l 2054 2065
l 2065 2055
l 2055 2066
l 2066 2056
l 2056 2067
l 2067 2068
l 2068 2057
l 2058 2069
l 2069 2059
l 2059 2070
l 2070 2060
l 2060 2071
l 2071 2061
l 2061 2072
l 2072 2062
l 2062 2073
l 2073 2063
l 2063 2074
l 2074 2064
l 2064 2075
l 2075 2065
l 2065 2076
l 2076 2066
l 2066 2077
l 2077 2067
l 2067 2078
l 2078 2079
l 2079 2068
l 2069 2080
l 2080 2070
l 2070 2081
l 2081 2071
l 2071 2082
l 2082 2072
l 2072 2083
l 2083 2073
l 2073 2084
l 2084 2074
l 2074 2085
l 2085 2075
l 2075 2086
l 2086 2076
l 2076 2087
l 2087 2077
l 2077 2088
l 2088 2078
l 2078 2089
l 2089 2090
l 2090 2079
l 2080 2091
l 2091 2081
l 2081 2092
l 2092 2082
l 2082 2093
l 2093 2083
l 2083 2094
l 2094 2084
l 2084 2095
l 2095 2085
l 2085 2096
l 2096 2086
l 2086 2097
l 2097 2087
l 2087 2098
l 2098 2088
l 2088 2099
l 2099 2089
l 2089 2100
l 2100 2101
l 2101 2090
l 2091 2102
l 2102 2092
l 2092 2103
l 2103 2093
l 2093 2104
l 2104 2094
l 2094 2105
l 2105 2095
l 2095 2106
l 2106 2096
l 2096 2107
l 2107 2097
l 2097 2108
l 2108 2098
l 2098 2109
l 2109 2099
l 2099 2110
l 2110 2100
l 2100 2111
l 2111 2112
l 2112 2101
l 2102 2113
l 2113 2103
l 2103 2114
l 2114 2104
l 2104 2115
l 2115 2105
l 2105 2116
l 2116 2106
l 2106 2117
l 2117 2107
l 2107 2118
l 2118 2108
l 2108 2119
l 2119 2109
l 2109 2120
l 2120 2110
l 2110 2121
l 2121 2111
l 2111 2122
l 2122 2123
l 2123 2112
l 2113 2124
l 2124 2114
l 2114 2125
l 2125 2115
l 2115 2126
l 2126 2116
l 2116 2127
l 2127 2117
l 2117 2128
l 2128 2118
l 2118 2129
l 2129 2119
l 2119 2130
l 2130 2120
l 2120 2131
l 2131 2121
l 2121 2132
l 2132 2122
l 2122 2133
l 2133 2134
l 2134 2123
l 2124 2135
l 2135 2125
l 2125 2136
l 2136 2126
l 2126 2137
l 2137 2127
l 2127 2138
l 2138 2128
l 2128 2139
l 2139 2129
l 2129 2140
l 2140 2130
l 2130 2141
l 2141 2131
l 2131 2142
l 2142 2132
l 2132 2143
l 2143 2133
l 2133 2144
l 2144 2145
l 2145 2134
l 2135 2146
l 2146 2136
l 2136 2147
l 2147 2137
l 2137 2148
l 2148 2138
l 2138 2149
l 2149 2139
l 2139 2150
l 2150 2140
l 2140 2151
l 2151 2141
l 2141 2152
l 2152 2142
l 2142 2153
l 2153 2143
l 2143 2154
l 2154 2144
l 2144 2155
l 2155 2156
l 2156 2145
l 2146 2157
l 2157 2147
l 2147 2158
l 2158 2148
l 2148 2159
l 2159 2149
l 2149 2160
l 2160 2150
l 2150 2161
l 2161 2151
l 2151 2162
l 2162 2152
l 2152 2163
l 2163 2153
l 2153 2164
l 2164 2154
l 2154 2165
l 2165 2155
l 2155 2166
l 2166 2167
l 2167 2156
l 2157 2168
l 2168 2158
l 2158 2169
l 2169 2159
l 2159 2170
l 2170 2160
l 2160 2171
l 2171 2161
l 2161 2172
l 2172 2162
l 2162 2173
l 2173 2163
l 2163 2174
l 2174 2164
l 2164 2175
l 2175 2165
l 2165 2176
l 2176 2166
l 2166 2177
l 2177 2178
l 2178 2167
l 2168 2179
l 2179 2169
l 2169 2180
l 2180 2170
l 2170 2181
l 2181 2171
l 2171 2182
l 2182 2172
l 2172 2183
l 2183 2173
l 2173 2184
l 2184 2174
l 2174 2185
l 2185 2175
l 2175 2186
l 2186 2176
l 2176 2187
l 2187 2177
l 2177 2188
l 2188 2189
l 2189 2178
l 2179 2190
l 2190 2180
l 2180 2191
l 2191 2181
l 2181 2192
l 2192 2182
l 2182 2193
l 2193 2183
l 2183 2194
l 2194 2184
l 2184 2195
l 2195 2185
l 2185 2196
l 2196 2186
l 2186 2197
l 2197 2187
l 2187 2198
l 2198 2188
l 2188 2199
l 2199 2200
l 2200 2189
l 2190 2201
l 2201 2191
l 2191 2202
l 2202 2192
l 2192 2203
l 2203 2193
l 2193 2204
l 2204 2194
l 2194 2205
l 2205 2195
l 2195 2206
l 2206 2196
l 2196 2207
l 2207 2197
l 2197 2208
l 2208 2198
l 2198 2209
l 2209 2199
l 2199 2210
l 2210 2211
l 2211 2200
l 2201 2212
l 2212 2202
l 2202 2213
l 2213 2203
l 2203 2214
l 2214 2204
l 2204 2215
l 2215 2205
l 2205 2216
l 2216 2206
l 2206 2217
l 2217 2207
l 2207 2218
l 2218 2208
l 2208 2219
l 2219 2209
l 2209 2220
l 2220 2210
l 2210 2221
l 2221 2222
l 2222 2211
l 2212 2223
l 2223 2213
l 2213 2224
l 2224 2214
l 2214 2225
l 2225 2215
l 2215 2226
l 2226 2216
l 2216 2227
l 2227 2217
l 2217 2228
l 2228 2218
l 2218 2229
l 2229 2219
l 2219 2230
l 2230 2220
l 2220 2231
l 2231 2221
l 2221 2232
l 2232 2233
l 2233 2222
l 2223 2234
l 2234 2224
l 2224 2235
l 2235 2225
l 2225 2236
l 2236 2226
l 2226 2237
l 2237 2227
l 2227 2238
l 2238 2228
l 2228 2239
l 2239 2229
l 2229 2240
l 2240 2230
l 2230 2241
l 2241 2231
l 2231 2242
l 2242 2232
l 2232 2243
l 2243 2244
l 2244 2233
l 2234 2245
l 2245 2235
l 2235 2246
l 2246 2236
l 2236 2247
l 2247 2237
l 2237 2248
l 2248 2238
l 2238 2249
l 2249 2239
l 2239 2250
l 2250 2240
l 2240 2251
l 2251 2241
l 2241 2252
l 2252 2242
l 2242 2253
l 2253 2243
l 2243 2254
l 2254 2255
l 2255 2244
l 2245 2256
l 2256 2246
l 2246 2257
l 2257 2247
l 2247 2258
l 2258 2248
l 2248 2259
l 2259 2249
l 2249 2260
l 2260 2250
l 2250 2261
l 2261 2251
l 2251 2262
l 2262 2252
l 2252 2263
l 2263 2253
l 2253 2264
l 2264 2254
l 2254 2265
l 2265 2266
l 2266 2255
l 2256 2267
l 2267 2257
l 2257 2268
l 2268 2258
l 2258 2269
l 2269 2259
l 2259 2270
l 2270 2260
l 2260 2271
l 2271 2261
l 2261 2272
l 2272 2262
l 2262 2273
l 2273 2263
l 2263 2274
l 2274 2264
l 2264 2275
l 2275 2265
l 2265 2276
l 2276 2277
l 2277 2266
l 2267 2278
l 2278 2268
l 2268 2279
l 2279 2269
l 2269 2280
l 2280 2270
l 2270 2281
l 2281 2271
l 2271 2282
l 2282 2272
l 2272 2283
l 2283 2273
l 2273 2284
l 2284 2274
l 2274 2285
l 2285 2275
l 2275 2286
l 2286 2276
l 2276 2287
l 2287 2288
l 2288 2277
l 2278 2289
l 2289 2279
l 2279 2290
l 2290 2280
l 2280 2291
l 2291 2281
l 2281 2292
l 2292 2282
l 2282 2293
l 2293 2283
l 2283 2294
l 2294 2284
l 2284 2295
l 2295 2285
l 2285 2296
l 2296 2286
l 2286 2297
l 2297 2287
l 2287 2298
l 2298 2299
l 2299 2288
l 2289 2300
l 2300 2290
l 2290 2301
l 2301 2291
l 2291 2302
l 2302 2292
l 2292 2303
l 2303 2293
l 2293 2304
l 2304 2294
l 2294 2305
l 2305 2295
l 2295 2306
l 2306 2296
l 2296 2307
l 2307 2297
l 2297 2308
l 2308 2298
l 2298 2309
l 2309 2310
l 2310 2299
l 2300 2311
l 2311 2301
l 2301 2312
l 2312 2302
l 2302 2313
l 2313 2303
l 2303 2314
l 2314 2304
l 2304 2315
l 2315 2305
l 2305 2316
l 2316 2306
l 2306 2317
l 2317 2307
l 2307 2318
l 2318 2308
l 2308 2319
l 2319 2309
l 2309 2320
l 2320 2321
l 2321 2310
l 2311 2322
l 2322 2312
l 2312 2323
l 2323 2313
l 2313 2324
l 2324 2314
l 2314 2325
l 2325 2315
l 2315 2326
l 2326 2316
l 2316 2327
l 2327 2317
l 2317 2328
l 2328 2318
l 2318 2329
l 2329 2319
l 2319 2330
l 2330 2320
l 2320 2331
l 2331 2332
l 2332 2321
l 2322 2333
l 2333 2323
l 2323 2334
l 2334 2324
l 2324 2335
l 2335 2325
l 2325 2336
l 2336 2326
l 2326 2337
l 2337 2327
l 2327 2338
l 2338 2328
l 2328 2339
l 2339 2329
l 2329 2340
l 2340 2330
l 2330 2341
l 2341 2331
l 2331 2342
l 2342 2343
l 2343 2332
l 2333 2344
l 2344 2334
l 2334 2345
l 2345 2335
l 2335 2346
l 2346 2336
l 2336 2347
l 2347 2337
l 2337 2348
l 2348 2338
l 2338 2349
l 2349 2339
l 2339 2350
l 2350 2340
l 2340 2351
l 2351 2341
l 2341 2352
l 2352 2342
l 2342 2353
l 2353 2354
l 2354 2343
l 2344 2355
l 2355 2345
l 2345 2356
l 2356 2346
l 2346 2357
l 2357 2347
l 2347 2358
l 2358 2348
l 2348 2359
l 2359 2349
l 2349 2360
l 2360 2350
l 2350 2361
l 2361 2351
l 2351 2362
l 2362 2352
l 2352 2363
l 2363 2353
l 2353 2364
l 2364 2365
l 2365 2354
l 2355 2366
l 2366 2356
l 2356 2367
l 2367 2357
l 2357 2368
l 2368 2358
l 2358 2369
l 2369 2359
l 2359 2370
l 2370 2360
l 2360 2371
l 2371 2361
l 2361 2372
l 2372 2362
l 2362 2373
l 2373 2363
l 2363 2374
l 2374 2364
l 2364 2375
l 2375 2376
l 2376 2365
l 2366 2377
l 2377 2367
l 2367 2378
l 2378 2368
l 2368 2379
l 2379 2369
l 2369 2380
l 2380 2370
l 2370 2381
l 2381 2371
l 2371 2382
l 2382 2372
l 2372 2383
l 2383 2373
l 2373 2384
l 2384 2374
l 2374 2385
l 2385 2375
l 2375 2386
l 2386 2387
l 2387 2376
l 2377 2388
l 2388 2378
l 2378 2389
l 2389 2379
l 2379 2390
l 2390 2380
l 2380 2391
l 2391 2381
l 2381 2392
l 2392 2382
l 2382 2393
l 2393 2383
l 2383 2394
l 2394 2384
l 2384 2395
l 2395 2385
l 2385 2396
l 2396 2386
l 2386 2397
l 2397 2398
l 2398 2387
l 2388 2399
l 2399 2389
l 2389 2400
l 2400 2390
l 2390 2401
l 2401 2391
l 2391 2402
l 2402 2392
l 2392 2403
l 2403 2393
l 2393 2404
l 2404 2394
l 2394 2405
l 2405 2395
l 2395 2406
l 2406 2396
l 2396 2407
l 2407 2397
l 2397 2408
l 2408 2409
l 2409 2398
l 2399 2410
l 2410 2400
l 2400 2411
l 2411 2401
l 2401 2412
l 2412 2402
l 2402 2413
l 2413 2403
l 2403 2414
l 2414 2404
l 2404 2415
l 2415 2405
l 2405 2416
l 2416 2406
l 2406 2417
l 2417 2407
l 2407 2418
l 2418 2408
l 2408 2419
l 2419 2420
l 2420 2409
l 2410 2421
l 2421 2411
l 2411 2422
l 2422 2412
l 2412 2423
l 2423 2413
l 2413 2424
l 2424 2414
l 2414 2425
l 2425 2415
l 2415 2426
l 2426 2416
l 2416 2427
l 2427 2417
l 2417 2428
l 2428 2418
l 2418 2429
l 2429 2419
l 2419 2430
l 2430 2431
l 2431 2420
l 2421 2432
l 2432 2422
l 2422 2433
l 2433 2423
l 2423 2434
l 2434 2424
l 2424 2435
l 2435 2425
l 2425 2436
l 2436 2426
l 2426 2437
l 2437 2427
l 2427 2438
l 2438 2428
l 2428 2439
l 2439 2429
l 2429 2440
l 2440 2430
l 2430 2441
l 2441 2442
l 2442 2431
l 2432 2443
l 2443 2433
l 2433 2444
l 2444 2434
l 2434 2445
l 2445 2435
l 2435 2446
l 2446 2436
l 2436 2447
l 2447 2437
l 2437 2448
l 2448 2438
l 2438 2449
l 2449 2439
l 2439 2450
l 2450 2440
l 2440 2451
l 2451 2441
l 2441 2452
l 2452 2453
l 2453 2442
l 2443 2454
l 2454 2444
l 2444 2455
l 2455 2445
l 2445 2456
l 2456 2446
l 2446 2457
l 2457 2447
l 2447 2458
l 2458 2448
l 2448 2459
l 2459 2449
l 2449 2460
l 2460 2450
l 2450 2461
l 2461 2451
l 2451 2462
l 2462 2452
l 2452 2463
l 2463 2464
l 2464 2453
l 2454 2465
l 2465 2455
l 2455 2466
l 2466 2456
l 2456 2467
l 2467 2457
l 2457 2468
l 2468 2458
l 2458 2469
l 2469 2459
l 2459 2470
l 2470 2460
l 2460 2471
l 2471 2461
l 2461 2472
l 2472 2462
l 2462 2473
l 2473 2463
l 2463 2474
l 2474 2475
l 2475 2464
l 2465 2476
l 2476 2466
l 2466 2477
l 2477 2467
l 2467 2478
l 2478 2468
l 2468 2479
l 2479 2469
l 2469 2480
l 2480 2470
l 2470 2481
l 2481 2471
l 2471 2482
l 2482 2472
l 2472 2483
l 2483 2473
l 2473 2484
l 2484 2474
l 2474 2485
l 2485 2486
l 2486 2475
l 2476 2487
l 2487 2477
l 2477 2488
l 2488 2478
l 2478 2489
l 2489 2479
l 2479 2490
l 2490 2480
l 2480 2491
l 2491 2481
l 2481 2492
l 2492 2482
l 2482 2493
l 2493 2483
l 2483 2494
l 2494 2484
l 2484 2495
l 2495 2485
l 2485 2496
l 2496 2497
l 2497 2486
l 2487 2498
l 2498 2488
l 2488 2499
l 2499 2489
l 2489 2500
l 2500 2490
l 2490 2501
l 2501 2491
l 2491 2502
l 2502 2492
l 2492 2503
l 2503 2493
l 2493 2504
l 2504 2494
l 2494 2505
l 2505 2495
l 2495 2506
l 2506 2496
l 2496 2507
l 2507 2508
l 2508 2497
l 2498 2509
l 2509 2499
l 2499 2510
l 2510 2500
l 2500 2511
l 2511 2501
l 2501 2512
l 2512 2502
l 2502 2513
l 2513 2503
l 2503 2514
l 2514 2504
l 2504 2515
l 2515 2505
l 2505 2516
l 2516 2506
l 2506 2517
l 2517 2507
l 2507 2518
l 2518 2519
l 2519 2508
l 2509 2520
l 2520 2510
l 2510 2521
l 2521 2511
l 2511 2522
l 2522 2512
l 2512 2523
l 2523 2513
l 2513 2524
l 2524 2514
l 2514 2525
l 2525 2515
l 2515 2526
l 2526 2516
l 2516 2527
l 2527 2517
l 2517 2528
l 2528 2518
l 2518 2529
l 2529 2530
l 2530 2519
l 2520 2531
l 2531 2521
l 2521 2532
l 2532 2522
l 2522 2533
l 2533 2523
l 2523 2534
l 2534 2524
l 2524 2535
l 2535 2525
l 2525 2536
l 2536 2526
l 2526 2537
l 2537 2527
l 2527 2538
l 2538 2528
l 2528 2539
l 2539 2529
l 2529 2540
l 2540 2541
l 2541 2530
l 2531 2542
l 2542 2532
l 2532 2543
l 2543 2533
l 2533 2544
l 2544 2534
l 2534 2545
l 2545 2535
l 2535 2546
l 2546 2536
l 2536 2547
l 2547 2537
l 2537 2548
l 2548 2538
l 2538 2549
l 2549 2539
l 2539 2550
l 2550 2540
l 2540 2551
l 2551 2552
l 2552 2541
l 2542 2553
l 2553 2543
l 2543 2554
l 2554 2544
l 2544 2555
l 2555 2545
l 2545 2556
l 2556 2546
l 2546 2557
l 2557 2547
l 2547 2558
l 2558 2548
l 2548 2559
l 2559 2549
l 2549 2560
l 2560 2550
l 2550 2561
l 2561 2551
l 2551 2562
l 2562 2563
l 2563 2552
l 2553 2564
l 2564 2554
l 2554 2565
l 2565 2555
l 2555 2566
l 2566 2556
l 2556 2567
l 2567 2557
l 2557 2568
l 2568 2558
l 2558 2569
l 2569 2559
l 2559 2570
l 2570 2560
l 2560 2571
l 2571 2561
l 2561 2572
l 2572 2562
l 2562 2573
l 2573 2574
l 2574 2563
l 2564 2575
l 2575 2565
l 2565 2576
l 2576 2566
l 2566 2577
l 2577 2567
l 2567 2578
l 2578 2568
l 2568 2579
l 2579 2569
l 2569 2580
l 2580 2570
l 2570 2581
l 2581 2571
l 2571 2582
l 2582 2572
l 2572 2583
l 2583 2573
l 2573 2584
l 2584 2585
l 2585 2574
l 2575 2586
l 2586 2576
l 2576 2587
l 2587 2577
l 2577 2588
l 2588 2578
l 2578 2589
l 2589 2579
l 2579 2590
l 2590 2580
l 2580 2591
l 2591 2581
l 2581 2592
l 2592 2582
l 2582 2593
l 2593 2583
l 2583 2594
l 2594 2584
l 2584 2595
l 2595 2596
l 2596 2585
l 2586 2597
l 2597 2587
l 2587 2598
l 2598 2588
l 2588 2599
l 2599 2589
l 2589 2600
l 2600 2590
l 2590 2601
l 2601 2591
l 2591 2602
l 2602 2592
l 2592 2603
l 2603 2593
l 2593 2604
l 2604 2594
l 2594 2605
l 2605 2595
l 2595 2606
l 2606 2607
l 2607 2596
l 2597 2608
l 2608 2598
l 2598 2609
l 2609 2599
l 2599 2610
l 2610 2600
l 2600 2611
l 2611 2601
l 2601 2612
l 2612 2602
l 2602 2613
l 2613 2603
l 2603 2614
l 2614 2604
l 2604 2615
l 2615 2605
l 2605 2616
l 2616 2606
l 2606 2617
l 2617 2618
l 2618 2607
l 2608 2619
l 2619 2609
l 2609 2620
l 2620 2610
l 2610 2621
l 2621 2611
l 2611 2622
l 2622 2612
l 2612 2623
l 2623 2613
l 2613 2624
l 2624 2614
l 2614 2625
l 2625 2615
l 2615 2626
l 2626 2616
l 2616 2627
l 2627 2617
l 2617 2628
l 2628 2629
l 2629 2618
l 2619 2630
l 2630 2620
l 2620 2631
l 2631 2621
l 2621 2632
l 2632 2622
l 2622 2633
l 2633 2623
l 2623 2634
l 2634 2624
l 2624 2635
l 2635 2625
l 2625 2636
l 2636 2626
l 2626 2637
l 2637 2627
l 2627 2638
l 2638 2628
l 2628 2639
l 2639 2640
l 2640 2629
l 2630 2641
l 2641 2631
l 2631 2642
l 2642 2632
l 2632 2643
l 2643 2633
l 2633 2644
l 2644 2634
l 2634 2645
l 2645 2635
l 2635 2646
l 2646 2636
l 2636 2647
l 2647 2637
l 2637 2648
l 2648 2638
l 2638 2649
l 2649 2639
l 2639 2650
l 2650 2651
l 2651 2640
l 2641 2652
l 2652 2642
l 2642 2653
l 2653 2643
l 2643 2654
l 2654 2644
l 2644 2655
l 2655 2645
l 2645 2656
l 2656 2646
l 2646 2657
l 2657 2647
l 2647 2658
l 2658 2648
l 2648 2659
l 2659 2649
l 2649 2660
l 2660 2650
l 2650 2661
l 2661 2662
l 2662 2651
l 2652 2663
l 2663 2653
l 2653 2664
l 2664 2654
l 2654 2665
l 2665 2655
l 2655 2666
l 2666 2656
l 2656 2667
l 2667 2657
l 2657 2668
l 2668 2658
l 2658 2669
l 2669 2659
l 2659 2670
l 2670 2660
l 2660 2671
l 2671 2661
l 2661 2672
l 2672 2673
l 2673 2662
l 2663 2674
l 2674 2664
l 2664 2675
l 2675 2665
l 2665 2676
l 2676 2666
l 2666 2677
l 2677 2667
l 2667 2678
l 2678 2668
l 2668 2679
l 2679 2669
l 2669 2680
l 2680 2670
l 2670 2681
l 2681 2671
l 2671 2682
l 2682 2672
l 2674 2683
l 2683 2675
l 2675 2684
l 2684 2676
l 2676 2685
l 2685 2677
l 2677 2686
l 2686 2678
l 2678 2687
l 2687 2679
l 2679 2688
l 2688 2680
l 2680 2689
l 2689 2681
l 2681 2690
l 2690 2682
l 2683 2691
l 2691 2684
l 2684 2692
l 2692 2685
l 2685 2693
l 2693 2686
l 2686 2694
l 2694 2687
l 2687 2695
l 2695 2688
l 2688 2696
l 2696 2689
l 2689 2697
l 2697 2690
l 2691 2698
l 2698 2692
l 2692 2699
l 2699 2693
l 2693 2700
l 2700 2694
l 2694 2701
l 2701 2695
l 2695 2702
l 2702 2696
l 2696 2703
l 2703 2697
l 2698 2704
l 2704 2699
l 2699 2705
l 2705 2700
l 2700 2706
l 2706 2701
l 2701 2707
l 2707 2702
l 2702 2708
l 2708 2703
l 2709 2710
l 2711 2709
l 2710 2712
l 2713 2710
l 2711 2713
l 2714 2711
l 2712 2715
l 2716 2712
l 2713 2716
l 2717 2713
l 2714 2717
l 2718 2714
l 2715 2704
l 2705 2715
l 2716 2705
l 2706 2716
l 2717 2706
l 2707 2717
l 2718 2707
l 2708 2718
l 1616 2719
l 1619 1616
l 2720 1619
l 1621 2720
l 2721 1621
l 1623 2721
l 1626 1623
l 2722 1626
l 2719 2723
l 2720 2719
l 2724 2720
l 2721 2724
l 2722 2721
l 2725 2722
l 2723 2726
l 2724 2723
l 2725 2724
l 2726 2725


