#OBJ File generated by Abaqus/CAE
#List of Vertices
v 0.0103435 -0.000128638 0.00823578
v 0.0107377 0.00992403 0.0082109
v 1.74559e-06 0.00999032 -1.33599e-06
v 0.000939657 -6.60222e-05 0.00958481
v 0.0206248 0.00990391 0.00665611
v 0.0206013 0.0099065 0.00665831
v 0.0206218 0.0098781 0.00665797
v 0.0202503 0.00136878 0.00666547
v 0.013325 0.00991704 0.00780633
v 0.0201851 -0.000141622 0.00666643
v 0.0127506 -0.000132407 0.00785218
v 0.0104489 0.00252434 0.00822922
v 0.0106235 0.00702436 0.00821912
v 0.016832 -0.000138786 0.00720066
v 0.0260611 0.00408656 0.0056796
v 0.0260525 0.0098946 0.00572919
v 0.0305059 0.00988534 0.00496891
v 0.0300349 -0.000169635 0.00496985
v 0.0207882 -0.00014478 0.00656267
v 0.0241774 -0.000152616 0.00597713
v 0.0275657 -0.000163458 0.00539555
v 0.0325828 0.00764927 0.00456588
v 0.0328303 0.00988451 0.00454289
v 0.0403567 0.00987513 0.00316287
v 0.0398602 -0.000185412 0.00315722
v 0.0329669 -0.000173528 0.00442832
v 0.0456095 0.0041983 0.00207252
v 0.0466899 0.00987081 0.00192449
v 0.050196 0.00986931 0.00123904
v 0.049667 -0.000191164 0.00123292
v 0.0450891 -0.000188669 0.00212974
v 0.059451 -0.000193853 -0.000798738
v 0.0600027 0.0098683 -0.000792357
v 0.0697915 0.0098682 -0.00293947
v 0.0679961 0.00986757 -0.00254564
v 0.0694754 0.00438878 -0.00294037
v 0.0692098 -0.000190174 -0.00294011
v 0.0789461 -0.000184577 -0.00518872
v 0.0795491 0.0098726 -0.00519339
v 0.0735897 -0.000187714 -0.00395105
v 0.0886531 -0.000174326 -0.00754374
v 0.0892829 0.00988067 -0.00756165
v 0.0983372 -0.00016391 -0.0100065
v 0.0989882 0.0098878 -0.0100347
v 0.107992 -0.000150426 -0.012576
v 0.108666 0.0098974 -0.0126184
v 0.117619 -0.0001389 -0.0152505
v 0.11831 0.00990863 -0.0153059
v 0.127219 -0.000130143 -0.0180303
v 0.127929 0.00991673 -0.0181025
v 0.136783 -0.000120528 -0.0209103
v 0.137517 0.00992121 -0.0210008
v 0.146323 -0.000114518 -0.0238993
v 0.147071 0.00992607 -0.024003
v 0.155825 -0.000108198 -0.0269847
v 0.156591 0.00992683 -0.0271033
v 0.165302 -0.000105982 -0.0301754
v 0.166082 0.00993171 -0.0303129
v 0.174743 -0.000108077 -0.0334605
v 0.175536 0.0099321 -0.0336169
v 0.18415 -0.000106288 -0.0368476
v 0.184957 0.009932 -0.0370209
v 0.193524 -0.00010499 -0.0403347
v 0.194345 0.00993127 -0.0405249
v 0.202865 -0.000108469 -0.0439161
v 0.203694 0.00992974 -0.0441216
v 0.213012 0.00992724 -0.0478184
v 0.209585 0.0099261 -0.0464577
v 0.212894 0.00853134 -0.0477859
v 0.212166 -0.000108595 -0.0475924
v 0.221437 -0.000113739 -0.0513629
v 0.221822 0.00444586 -0.0514735
v 0.215049 0.00749923 -0.0486765
v 0.222289 0.00992375 -0.0516044
v 0.230665 -0.000115666 -0.0552247
v 0.23067 -5.82578e-05 -0.0552268
v 0.230583 -1.54829e-05 -0.0551909
v 0.23153 0.00992322 -0.0554888
v 0.239862 -0.000118652 -0.0591829
v 0.240733 0.00992148 -0.0594625
v 0.230775 -0.000115325 -0.0552724
v 0.249016 -0.00011863 -0.0632288
v 0.249897 0.00991842 -0.0635256
v 0.258137 -0.000119799 -0.0673677
v 0.259022 0.00991811 -0.0676801
v 0.267215 -0.000118166 -0.0715944
v 0.26811 0.00991634 -0.0719241
v 0.276255 -0.000117918 -0.0759072
v 0.277153 0.00991707 -0.0762527
v 0.285257 -0.000119242 -0.0803061
v 0.286158 0.00991614 -0.0806676
v 0.29422 -0.000118031 -0.0847934
v 0.295123 0.00991757 -0.0851708
v 0.30314 -0.000118519 -0.0893601
v 0.304049 0.00991723 -0.0897571
v 0.312023 -0.000116608 -0.0940154
v 0.312929 0.00991914 -0.094425
v 0.321772 0.00991922 -0.0991763
v 0.317914 0.00991951 -0.0971026
v 0.321467 0.00659425 -0.0990332
v 0.320862 -0.000112369 -0.0987525
v 0.329656 -0.000109957 -0.103566
v 0.330568 0.00992151 -0.104006
v 0.327899 -0.00011155 -0.102604
v 0.338415 -0.000109303 -0.108463
v 0.339324 0.00992195 -0.108916
v 0.347126 -0.000106325 -0.113436
v 0.348035 0.00992469 -0.113905
v 0.3558 -0.000105134 -0.118488
v 0.356705 0.0099256 -0.11897
v 0.364429 -0.00010566 -0.123615
v 0.365331 0.00992482 -0.12411
v 0.373014 -0.00010374 -0.128817
v 0.373912 0.00992647 -0.129325
v 0.381556 -0.000103408 -0.134094
v 0.382451 0.00992655 -0.134615
v 0.390052 -0.000100477 -0.139443
v 0.390943 0.00992921 -0.139977
v 0.398509 -9.8943e-05 -0.144867
v 0.399392 0.00993055 -0.14541
v 0.406919 -9.86443e-05 -0.150358
v 0.407795 0.00993071 -0.150911
v 0.415282 -9.53726e-05 -0.155919
v 0.416156 0.00992978 -0.156483
v 0.423607 -9.7096e-05 -0.161549
v 0.424471 0.00993204 -0.162125
v 0.432739 0.00993365 -0.167832
v 0.431327 0.00993302 -0.166857
v 0.431958 0.000808498 -0.1673
v 0.431883 -9.55633e-05 -0.167247
v 0.440118 -9.45987e-05 -0.173012
v 0.440962 0.0099348 -0.173604
v 0.432011 -9.47005e-05 -0.167337
v 0.448302 -9.00388e-05 -0.178842
v 0.449141 0.00993571 -0.17944
v 0.456448 -8.97363e-05 -0.184738
v 0.457278 0.00993254 -0.18534
v 0.464545 -8.95261e-05 -0.190692
v 0.465364 0.00993352 -0.191301
v 0.4726 -8.92822e-05 -0.196713
v 0.473408 0.00993472 -0.197327
v 0.480607 -8.89414e-05 -0.202792
v 0.481404 0.00993625 -0.203413
v 0.488567 -8.84726e-05 -0.208932
v 0.489354 0.00993818 -0.209558
v 0.496483 -8.37271e-05 -0.215137
v 0.497259 0.00993642 -0.215761
v 0.504351 -8.28471e-05 -0.221396
v 0.505117 0.00993905 -0.222026
v 0.512175 -8.16509e-05 -0.227717
v 0.512928 0.00993812 -0.228347
v 0.519951 -8.01072e-05 -0.234095
v 0.520693 0.00993784 -0.234725
v 0.527682 -8.22017e-05 -0.24053
v 0.528407 0.00993822 -0.241158
v 0.535362 -7.98999e-05 -0.247021
v 0.536076 0.0099392 -0.24765
v 0.542997 -7.71887e-05 -0.253572
v 0.543699 0.00994075 -0.2542
v 0.550586 -7.80499e-05 -0.260177
v 0.551268 0.00994302 -0.2608
v 0.558124 -7.84687e-05 -0.266835
v 0.558795 0.00994216 -0.267457
v 0.565612 -7.8508e-05 -0.273547
v 0.566269 0.00994218 -0.274165
v 0.573053 -7.84505e-05 -0.280317
v 0.573697 0.0099427 -0.28093
v 0.580445 -7.87349e-05 -0.287142
v 0.581074 0.00993889 -0.287746
v 0.587783 -7.58221e-05 -0.294022
v 0.588397 0.00994221 -0.294622
v 0.595073 -7.80444e-05 -0.300958
v 0.59567 0.0099404 -0.30155
v 0.602306 -7.73518e-05 -0.307947
v 0.602886 0.00994144 -0.308532
v 0.609488 -7.77846e-05 -0.314991
v 0.610051 0.00994163 -0.315569
v 0.616618 -7.5209e-05 -0.322093
v 0.617165 0.00994107 -0.322662
v 0.623691 -7.36019e-05 -0.329244
v 0.624224 0.00993981 -0.329803
v 0.630712 -7.29634e-05 -0.336449
v 0.631228 0.00994184 -0.337001
v 0.637681 -7.32622e-05 -0.343708
v 0.638178 0.00993914 -0.344246
v 0.644595 -7.44672e-05 -0.351017
v 0.645072 0.00993973 -0.351545
v 0.651449 -7.26314e-05 -0.358378
v 0.651909 0.00993968 -0.358892
v 0.65825 -7.167e-05 -0.36579
v 0.65869 0.00994298 -0.366294
v 0.664998 -7.14579e-05 -0.373256
v 0.665417 0.0099417 -0.373743
v 0.671687 -7.20898e-05 -0.380768
v 0.672087 0.00994399 -0.381245
v 0.678319 -6.93331e-05 -0.388334
v 0.678703 0.00994182 -0.388795
v 0.684894 -7.12455e-05 -0.395945
v 0.685256 0.00994339 -0.396391
v 0.69141 -6.97053e-05 -0.403607
v 0.691755 0.00994465 -0.40404
v 0.697869 -6.86007e-05 -0.411318
v 0.698193 0.00994179 -0.411728
v 0.704268 -6.78064e-05 -0.419075
v 0.704575 0.00994288 -0.419472
v 0.710608 -6.72912e-05 -0.426879
v 0.710896 0.00994407 -0.427259
v 0.716893 -6.69925e-05 -0.434735
v 0.717158 0.00994539 -0.435094
v 0.723116 -6.66275e-05 -0.442635
v 0.723364 0.00994302 -0.442974
v 0.729278 -6.61645e-05 -0.45058
v 0.729503 0.00994508 -0.450898
v 0.73538 -6.53828e-05 -0.458571
v 0.735588 0.00994369 -0.458869
v 0.741421 -6.41875e-05 -0.466608
v 0.741609 0.00994315 -0.466883
v 0.7474 -6.23255e-05 -0.474689
v 0.747568 0.00994349 -0.474941
v 0.753318 -6.37672e-05 -0.482811
v 0.753469 0.00994502 -0.483045
v 0.759178 -6.41025e-05 -0.490982
v 0.759306 0.00994388 -0.491188
v 0.76497 -6.32979e-05 -0.499191
v 0.765082 0.00994446 -0.499376
v 0.770701 -6.0782e-05 -0.507444
v 0.770793 0.0099428 -0.5076
v 0.776374 -6.09131e-05 -0.515743
v 0.776443 0.00994318 -0.51587
v 0.78198 -5.89835e-05 -0.52408
v 0.782031 0.00994567 -0.524183
v 0.787521 -5.93252e-05 -0.532456
v 0.787554 0.0099466 -0.532534
v 0.793001 -5.68741e-05 -0.540875
v 0.793014 0.00994595 -0.540923
v 0.797998 0.000718914 -0.548683
v 0.797808 0.00994701 -0.548411
v 0.798409 0.0099491 -0.549352
v 0.798417 -5.59037e-05 -0.549334
v 0.797979 -5.7107e-05 -0.548648
v 0.803745 0.00994859 -0.557817
v 0.802303 0.00994891 -0.555529
v 0.80376 0.00462788 -0.557824
v 0.803772 -5.40993e-05 -0.557829
v 0.804865 0.00784066 -0.559616
v 0.804916 0.00994891 -0.559702
v 0.806712 0.00994932 -0.562593
v 0.806581 0.00460632 -0.562376
v 0.808507 0.00994996 -0.565483
v 0.808298 0.00137188 -0.565136
v 0.809019 0.0099531 -0.566311
v 0.809051 -5.12999e-05 -0.566347
v 0.804202 -5.12496e-05 -0.558527
v 0.805612 -5.41746e-05 -0.560798
v 0.807021 -5.291e-05 -0.563072
v 0.80843 -5.15177e-05 -0.565346
v 0.810055 0.00792265 -0.567996
v 0.810877 0.00994586 -0.569328
v 0.813474 0.00994276 -0.573555
v 0.811505 0.00508306 -0.570356
v 0.814109 0.00994138 -0.574586
v 0.814121 0.00511831 -0.574609
v 0.812954 0.00224442 -0.572716
v 0.814131 -6.07907e-05 -0.574636
v 0.812906 -6.03628e-05 -0.572636
v 0.811401 -5.57574e-05 -0.570182
v 0.809896 -5.50294e-05 -0.567723
v 0.818849 -7.00336e-05 -0.582532
v 0.825582 0.00997759 -0.578444
v 0.0107417 0.0128057 0.00821672
v 0.00765151 0.0128175 0.00585004
v 0.00268829 0.017473 0.00205175
v 0.0107436 0.0174433 0.00822626
v 1.13569e-07 0.0199937 -8.13742e-07
v 0.010747 0.0199483 0.00823157
v 3.76746e-06 0.0174928 -4.2755e-06
v 1.10315e-06 0.0128678 -1.68127e-06
v 0.020626 0.0162186 0.00667693
v 0.0140552 0.0165846 0.00770387
v 0.0206319 0.0199273 0.00668734
v 0.0107428 0.0181884 0.0082301
v 0.0107412 0.014678 0.00822349
v 0.010738 0.0111719 0.00821412
v 0.0305207 0.0199158 0.00501702
v 0.0276323 0.0199221 0.00550443
v 0.0305123 0.0150702 0.0049929
v 0.0403818 0.0199063 0.00322479
v 0.0441399 0.016059 0.0024677
v 0.0430295 0.0199059 0.00271263
v 0.0502221 0.0199033 0.00131484
v 0.0600372 0.0198998 -0.00070873
v 0.0644677 0.0153426 -0.001722
v 0.0612318 0.0199041 -0.00097258
v 0.069824 0.0199042 -0.00284957
v 0.0795876 0.019908 -0.00510298
v 0.0893242 0.0199105 -0.0074655
v 0.0990306 0.01992 -0.00994087
v 0.108713 0.0199231 -0.0125231
v 0.118362 0.019932 -0.0152147
v 0.127982 0.0199375 -0.0180117
v 0.13757 0.0199397 -0.0209104
v 0.136779 0.0199386 -0.0206718
v 0.137572 0.0198887 -0.020915
v 0.147122 0.0191216 -0.0239254
v 0.137626 0.0198826 -0.0209307
v 0.147128 0.0199422 -0.0239164
v 0.156643 0.0181892 -0.0270398
v 0.147999 0.0190194 -0.0242098
v 0.156654 0.0199449 -0.027026
v 0.166128 0.017089 -0.0302574
v 0.158541 0.0179398 -0.0276847
v 0.166144 0.0199477 -0.0302355
v 0.175573 0.0158265 -0.0335726
v 0.169259 0.0166231 -0.0313543
v 0.175601 0.0199461 -0.0335427
v 0.184988 0.0144032 -0.036992
v 0.18015 0.015079 -0.0352349
v 0.185022 0.0199483 -0.0369519
v 0.194364 0.0128252 -0.0405059
v 0.191206 0.0133052 -0.0393214
v 0.194413 0.0199458 -0.0404588
v 0.203704 0.0110983 -0.0441157
v 0.202416 0.0113081 -0.0436165
v 0.203761 0.0199467 -0.0440605
v 0.213081 0.0199427 -0.0477599
v 0.222357 0.0199418 -0.0515504
v 0.2316 0.0199398 -0.0554372
v 0.240801 0.0199408 -0.0594153
v 0.249969 0.0199364 -0.0634841
v 0.259091 0.0199388 -0.0676429
v 0.268179 0.0199357 -0.071889
v 0.277225 0.0199352 -0.0762232
v 0.286227 0.0199371 -0.080642
v 0.282246 0.0199364 -0.0786882
v 0.286224 0.0189571 -0.0806451
v 0.29517 0.0166419 -0.0851572
v 0.287395 0.0186231 -0.0812362
v 0.295195 0.0199373 -0.0851507
v 0.304075 0.0141596 -0.0897488
v 0.299148 0.0154606 -0.0872047
v 0.304119 0.0199358 -0.0897389
v 0.312941 0.0115015 -0.0944259
v 0.311092 0.0120063 -0.0934476
v 0.312998 0.0199367 -0.0944086
v 0.321836 0.0199398 -0.0991636
v 0.330636 0.019937 -0.103997
v 0.339387 0.0199407 -0.10891
v 0.348102 0.0199385 -0.113902
v 0.356769 0.0199387 -0.118969
v 0.365394 0.0199414 -0.124115
v 0.373975 0.0199425 -0.129336
v 0.382511 0.0199421 -0.134626
v 0.391 0.0199444 -0.13999
v 0.39945 0.0199415 -0.145426
v 0.407851 0.0199455 -0.150933
v 0.416208 0.0199446 -0.156506
v 0.409961 0.0199421 -0.152339
v 0.416195 0.0172129 -0.156502
v 0.424488 0.013395 -0.162134
v 0.419945 0.0154164 -0.159047
v 0.424525 0.0199429 -0.162151
v 0.432789 0.0199447 -0.167859
v 0.441012 0.0199462 -0.173635
v 0.449192 0.0199437 -0.179474
v 0.457323 0.0199452 -0.185377
v 0.465408 0.019947 -0.191341
v 0.47345 0.0199452 -0.197366
v 0.481442 0.0199481 -0.203452
v 0.489393 0.0199474 -0.209599
v 0.497294 0.0199473 -0.215802
v 0.50515 0.0199479 -0.222066
v 0.512958 0.019949 -0.228386
v 0.52072 0.019947 -0.234762
v 0.528434 0.0199498 -0.241199
v 0.536105 0.0199494 -0.247691
v 0.543723 0.0199497 -0.254236
v 0.551293 0.0199509 -0.260837
v 0.558818 0.0199491 -0.267492
v 0.56629 0.0199482 -0.274198
v 0.573715 0.0199477 -0.280961
v 0.581086 0.019951 -0.287778
v 0.588409 0.0199497 -0.29465
v 0.59568 0.0199473 -0.301577
v 0.602897 0.019948 -0.30856
v 0.610059 0.019948 -0.315595
v 0.617168 0.0199473 -0.322682
v 0.624226 0.01995 -0.329827
v 0.631226 0.0199481 -0.337017
v 0.638172 0.0199496 -0.344263
v 0.645064 0.0199505 -0.35156
v 0.651904 0.0199468 -0.358907
v 0.658683 0.0199506 -0.366307
v 0.665408 0.01995 -0.373754
v 0.672073 0.0199489 -0.381249
v 0.678684 0.0199476 -0.388794
v 0.685239 0.0199501 -0.396393
v 0.691734 0.0199485 -0.404034
v 0.698168 0.0199508 -0.411724
v 0.704547 0.0199493 -0.419461
v 0.710867 0.019948 -0.427245
v 0.717127 0.0199509 -0.435078
v 0.723328 0.0199502 -0.442954
v 0.729468 0.0199501 -0.450876
v 0.735547 0.0199507 -0.458843
v 0.741566 0.0199483 -0.466851
v 0.747523 0.0199509 -0.474907
v 0.753421 0.0199508 -0.483006
v 0.759255 0.0199482 -0.491143
v 0.765027 0.0199514 -0.499327
v 0.770738 0.0199486 -0.507549
v 0.776386 0.0199478 -0.515814
v 0.781972 0.0199495 -0.524121
v 0.787493 0.0199496 -0.532466
v 0.792952 0.0199527 -0.540855
v 0.797804 0.0110623 -0.548409
v 0.796908 0.0199505 -0.547029
v 0.798347 0.0199513 -0.549277
v 0.802146 0.0129139 -0.555285
v 0.801081 0.0199498 -0.553611
v 0.803681 0.019951 -0.557736
v 0.804138 0.0190942 -0.55847
v 0.804539 0.0199516 -0.559117
v 0.808547 0.0199501 -0.565565
v 0.806274 0.0150959 -0.561902
v 0.808955 0.0199512 -0.566222
v 0.809005 0.0123633 -0.566289
v 0.80841 0.0110954 -0.565332
v 0.814104 0.0107703 -0.574582
v 0.81371 0.0107158 -0.573936
v 0.812069 0.013903 -0.571275
v 0.814081 0.0141727 -0.574567
v 0.810431 0.0170861 -0.568613
v 0.814055 0.0175749 -0.574547
v 0.814036 0.01995 -0.574537
v 0.825557 0.0196293 -0.57845
v 0.814427 0.0196159 -0.574672
v 0.825557 0.0199649 -0.578451
v 0.814039 0.0196138 -0.574539
v 0.0107461 0.02144 0.00823294
v 0.00914507 0.0214457 0.00700596
v 0.00566213 0.0247042 0.00433394
v 0.0107455 0.0246892 0.00823266
v 0.00217656 0.0279604 0.0016671
v 0.0107451 0.0279389 0.00823155
v 5.39243e-06 0.0299926 -2.63794e-06
v 0.0107448 0.0299687 0.00823061
v 1.91049e-06 0.0279688 -8.68226e-07
v 4.77135e-06 0.0247234 -1.83302e-06
v 1.90497e-06 0.0214829 -2.04555e-06
v 1.13569e-07 0.0199937 -8.13742e-07
v 0.0206331 0.024742 0.00669392
v 0.0174985 0.0231111 0.00717516
v 0.0206412 0.0299541 0.00669912
v 0.0107482 0.0235397 0.00823021
v 0.0305314 0.0299445 0.00504197
v 0.0403997 0.029939 0.00326098
v 0.0387807 0.029941 0.00355229
v 0.0403889 0.0254024 0.00324641
v 0.0502438 0.029938 0.00136071
v 0.0600643 0.0299353 -0.000657608
v 0.0559412 0.0299366 0.000190249
v 0.060042 0.0217332 -0.000700841
v 0.0698547 0.0299395 -0.00279383
v 0.0796222 0.0299381 -0.00504114
v 0.0893609 0.0299431 -0.00740578
v 0.0837871 0.0299423 -0.00605484
v 0.0893497 0.0267773 -0.00742584
v 0.0990468 0.0239207 -0.00991569
v 0.093481 0.0256738 -0.00848708
v 0.0990725 0.0299463 -0.00987932
v 0.108722 0.022443 -0.0125093
v 0.105787 0.0229661 -0.0117214
v 0.108755 0.0299513 -0.0124639
v 0.11837 0.021527 -0.0152053
v 0.11664 0.0217278 -0.014721
v 0.118408 0.0299534 -0.0151539
v 0.127986 0.0207323 -0.0180049
v 0.127145 0.0208106 -0.0177601
v 0.128029 0.0299565 -0.0179512
v 0.137619 0.0299605 -0.0208557
v 0.147178 0.0299607 -0.0238616
v 0.156707 0.0299614 -0.0269745
v 0.166197 0.0299621 -0.0301835
v 0.175655 0.0299629 -0.0334959
v 0.185079 0.0299633 -0.0369078
v 0.19447 0.0299633 -0.0404194
v 0.203821 0.0299627 -0.0440235
v 0.213141 0.0299614 -0.0477272
v 0.222418 0.0299592 -0.05152
v 0.23166 0.0299601 -0.0554109
v 0.240865 0.0299558 -0.0593889
v 0.250031 0.0299543 -0.0634616
v 0.242151 0.0299588 -0.0599631
v 0.250019 0.0281444 -0.0634677
v 0.259129 0.0259465 -0.0676284
v 0.252159 0.027601 -0.0644432
v 0.259154 0.0299557 -0.0676221
v 0.268202 0.0236647 -0.0718845
v 0.263873 0.0247185 -0.0698544
v 0.26824 0.0299556 -0.071872
v 0.277234 0.0212916 -0.0762208
v 0.275655 0.0216889 -0.0754651
v 0.27729 0.029954 -0.0762114
v 0.286295 0.0299549 -0.0806353
v 0.295258 0.0299542 -0.0851421
v 0.304179 0.0299559 -0.0897337
v 0.313064 0.029956 -0.0944118
v 0.321902 0.0299543 -0.0991661
v 0.330698 0.0299549 -0.104002
v 0.339453 0.0299539 -0.108918
v 0.348163 0.0299553 -0.113913
v 0.356832 0.0299551 -0.118985
v 0.365454 0.0299574 -0.124133
v 0.374034 0.0299543 -0.129352
v 0.382568 0.0299578 -0.134649
v 0.376712 0.0299582 -0.131016
v 0.38256 0.0282857 -0.134643
v 0.391035 0.0258231 -0.140003
v 0.384438 0.0277364 -0.135833
v 0.39106 0.0299561 -0.140015
v 0.399466 0.0232847 -0.145435
v 0.395715 0.0243981 -0.143018
v 0.399505 0.0299572 -0.145453
v 0.407856 0.0206296 -0.150936
v 0.407087 0.0208605 -0.150429
v 0.407904 0.0299574 -0.150959
v 0.416262 0.0299568 -0.156537
v 0.424575 0.0299556 -0.162182
v 0.432839 0.0299579 -0.167894
v 0.44106 0.0299561 -0.173668
v 0.449234 0.0299583 -0.17951
v 0.457363 0.0299568 -0.185411
v 0.46545 0.0299557 -0.191377
v 0.473486 0.0299592 -0.197404
v 0.481482 0.0299555 -0.20349
v 0.489429 0.0299565 -0.209637
v 0.49733 0.0299584 -0.215843
v 0.505184 0.029957 -0.222104
v 0.512993 0.0299566 -0.228426
v 0.520752 0.029957 -0.234802
v 0.528464 0.0299584 -0.241236
v 0.536132 0.0299568 -0.247726
v 0.543746 0.02996 -0.25427
v 0.551318 0.0299602 -0.260872
v 0.558841 0.0299573 -0.267525
v 0.566312 0.029959 -0.274233
v 0.573731 0.0299573 -0.280991
v 0.581102 0.0299594 -0.28781
v 0.588423 0.0299571 -0.294681
v 0.595689 0.0299582 -0.301607
v 0.602904 0.0299585 -0.308588
v 0.610064 0.0299582 -0.315621
v 0.617174 0.0299574 -0.322709
v 0.624228 0.0299561 -0.329847
v 0.631226 0.0299543 -0.337034
v 0.63817 0.029956 -0.344278
v 0.64506 0.0299571 -0.351574
v 0.651897 0.0299538 -0.358919
v 0.658676 0.0299542 -0.366315
v 0.665395 0.0299541 -0.373758
v 0.672061 0.0299538 -0.381254
v 0.678668 0.0299573 -0.388799
v 0.685218 0.0299568 -0.396391
v 0.691712 0.0299562 -0.404032
v 0.698145 0.0299558 -0.411718
v 0.704519 0.0299556 -0.41945
v 0.710837 0.0299557 -0.427233
v 0.717094 0.0299563 -0.43506
v 0.723293 0.0299573 -0.442935
v 0.729429 0.0299551 -0.45085
v 0.735509 0.0299538 -0.458814
v 0.741522 0.0299535 -0.466818
v 0.74748 0.0299543 -0.474872
v 0.753373 0.0299567 -0.482966
v 0.759204 0.0299527 -0.491098
v 0.764976 0.0299546 -0.49928
v 0.770683 0.0299547 -0.507498
v 0.776329 0.029953 -0.515756
v 0.781912 0.0299538 -0.524058
v 0.787434 0.0299533 -0.532401
v 0.792888 0.029956 -0.540781
v 0.796916 0.0225743 -0.547047
v 0.797317 0.0299554 -0.547693
v 0.798281 0.0299544 -0.549197
v 0.803621 0.0286817 -0.557663
v 0.801153 0.0246335 -0.553741
v 0.803613 0.0299537 -0.557651
v 0.803889 0.0294371 -0.558095
v 0.807489 0.0299544 -0.563896
v 0.808881 0.0299542 -0.566139
v 0.808916 0.0252981 -0.566178
v 0.806298 0.0249239 -0.561961
v 0.808951 0.0204413 -0.566216
v 0.808711 0.0204066 -0.565828
v 0.814028 0.0212019 -0.574529
v 0.813347 0.0212895 -0.573413
v 0.811066 0.0257147 -0.5697
v 0.814003 0.0253322 -0.574505
v 0.810197 0.0299536 -0.568296
v 0.813974 0.0294646 -0.574478
v 0.81397 0.0299553 -0.574477
v 0.825556 0.0299628 -0.578452
v 0.0107456 0.0323166 0.00823094
v 0.00822818 0.0323201 0.00629777
v 0.00151756 0.0385829 0.00115839
v 0.010748 0.0385739 0.00822629
v 2.15601e-06 0.0399954 8.04888e-08
v 0.0107472 0.039988 0.0082251
v 1.67161e-06 0.038588 -2.01939e-06
v 3.47645e-06 0.0323393 -1.75788e-06
v 0.0206436 0.0380589 0.00669906
v 0.0167609 0.0338912 0.00729581
v 0.0206432 0.0399823 0.00669767
v 0.0107485 0.0310962 0.00822779
v 0.0224283 0.0381723 0.00639696
v 0.0227973 0.0399789 0.00633983
v 0.0305442 0.039976 0.0050476
v 0.0384402 0.0319335 0.00361671
v 0.0393678 0.0399755 0.00346421
v 0.0404098 0.0399755 0.00327702
v 0.0502623 0.039971 0.00138425
v 0.0551616 0.0349544 0.000363492
v 0.0539767 0.0399718 0.000621728
v 0.0600847 0.039972 -0.000631694
v 0.0698798 0.039971 -0.00276172
v 0.07965 0.0399721 -0.00501108
v 0.0762038 0.0399737 -0.0042179
v 0.0796334 0.034122 -0.00502847
v 0.0893888 0.0399749 -0.00737229
v 0.0991033 0.0399757 -0.00984611
v 0.108788 0.0399781 -0.0124311
v 0.118446 0.0399776 -0.0151249
v 0.128068 0.0399781 -0.0179224
v 0.137663 0.0399796 -0.0208304
v 0.14722 0.0399818 -0.0238381
v 0.15675 0.0399804 -0.0269505
v 0.166243 0.0399793 -0.0301624
v 0.175705 0.0399782 -0.0334774
v 0.185133 0.0399771 -0.0368918
v 0.194521 0.0399798 -0.0404042
v 0.203874 0.0399779 -0.0440104
v 0.213193 0.0399753 -0.0477125
v 0.222474 0.0399761 -0.0515127
v 0.214074 0.0399778 -0.0480748
v 0.222457 0.0371696 -0.0515147
v 0.231685 0.0338932 -0.0554081
v 0.226339 0.0357586 -0.0531498
v 0.231717 0.0399759 -0.0554053
v 0.240869 0.0304533 -0.0593905
v 0.240185 0.0307024 -0.0590944
v 0.240921 0.0399747 -0.0593869
v 0.250089 0.0399723 -0.0634611
v 0.259213 0.0399728 -0.0676231
v 0.268299 0.0399718 -0.0718743
v 0.277346 0.0399736 -0.076217
v 0.286351 0.0399737 -0.0806422
v 0.295318 0.0399724 -0.0851535
v 0.304238 0.0399735 -0.0897462
v 0.313121 0.0399729 -0.0944253
v 0.321959 0.0399708 -0.0991805
v 0.330756 0.039971 -0.104021
v 0.33951 0.0399697 -0.108938
v 0.348218 0.0399709 -0.113934
v 0.356885 0.0399706 -0.119006
v 0.355143 0.0399706 -0.117988
v 0.356881 0.0391593 -0.119005
v 0.365481 0.0351555 -0.124142
v 0.358043 0.0386188 -0.1197
v 0.36551 0.0399688 -0.124156
v 0.374039 0.0311931 -0.129356
v 0.37229 0.0320014 -0.128288
v 0.374086 0.0399698 -0.129377
v 0.382623 0.0399695 -0.134676
v 0.391112 0.039968 -0.140042
v 0.399558 0.0399696 -0.145485
v 0.407957 0.0399702 -0.150995
v 0.416311 0.0399703 -0.156572
v 0.424621 0.0399698 -0.162218
v 0.432884 0.0399689 -0.167928
v 0.441105 0.0399681 -0.173706
v 0.449281 0.0399673 -0.179549
v 0.457407 0.039967 -0.18545
v 0.46549 0.0399672 -0.191416
v 0.473527 0.0399683 -0.197445
v 0.481519 0.0399662 -0.20353
v 0.489462 0.039969 -0.209676
v 0.497365 0.0399689 -0.215884
v 0.505217 0.0399658 -0.222143
v 0.513023 0.0399678 -0.228464
v 0.520783 0.0399668 -0.23484
v 0.528493 0.0399669 -0.241271
v 0.536158 0.039968 -0.247761
v 0.543775 0.0399662 -0.254304
v 0.551345 0.0399653 -0.260903
v 0.558864 0.0399653 -0.267556
v 0.566332 0.0399658 -0.274262
v 0.57375 0.0399668 -0.281024
v 0.581118 0.0399677 -0.287841
v 0.588436 0.0399645 -0.294709
v 0.5957 0.0399648 -0.301633
v 0.602912 0.0399647 -0.308612
v 0.610074 0.0399641 -0.315646
v 0.617178 0.0399631 -0.322729
v 0.624227 0.0399658 -0.329866
v 0.631226 0.039964 -0.337055
v 0.638169 0.0399619 -0.344295
v 0.645056 0.0399633 -0.351589
v 0.651886 0.0399644 -0.35893
v 0.658664 0.0399613 -0.366323
v 0.665384 0.0399618 -0.373767
v 0.672045 0.0399623 -0.381258
v 0.678651 0.0399626 -0.3888
v 0.685199 0.039963 -0.39639
v 0.691687 0.0399636 -0.404026
v 0.69812 0.0399604 -0.411709
v 0.704495 0.0399615 -0.419443
v 0.710808 0.0399631 -0.427221
v 0.717061 0.0399614 -0.435042
v 0.723256 0.0399602 -0.44291
v 0.729394 0.0399599 -0.450828
v 0.735465 0.0399606 -0.458784
v 0.741481 0.0399625 -0.466791
v 0.747432 0.0399617 -0.474835
v 0.753326 0.0399586 -0.482925
v 0.759155 0.0399612 -0.491058
v 0.764922 0.0399579 -0.499228
v 0.770628 0.0399608 -0.507446
v 0.776271 0.0399582 -0.515699
v 0.781855 0.0399583 -0.523998
v 0.787372 0.0399572 -0.532332
v 0.792826 0.0399595 -0.54071
v 0.798265 0.0324734 -0.549179
v 0.797451 0.0314751 -0.547906
v 0.798218 0.0399576 -0.54912
v 0.80356 0.0377462 -0.557589
v 0.799639 0.0373237 -0.551366
v 0.803545 0.0399596 -0.557572
v 0.808877 0.0302631 -0.566137
v 0.808709 0.0302736 -0.565865
v 0.804584 0.0380117 -0.559238
v 0.808823 0.0376972 -0.56607
v 0.808806 0.0399592 -0.566052
v 0.813925 0.0375341 -0.574429
v 0.81013 0.0373972 -0.568213
v 0.813915 0.0399561 -0.574416
v 0.825557 0.0308055 -0.578455
v 0.824579 0.0308036 -0.578115
v 0.825555 0.0399646 -0.578457
v 0.813964 0.0307949 -0.57447
v 0.0107466 0.0500056 0.00822231
v 3.9795e-06 0.0499974 -1.50306e-06
v 0.0113624 0.049382 0.00812767
v 0.0115637 0.0500048 0.00809518
v 0.0206516 0.0500043 0.00669374
v 0.0107499 0.0471662 0.00822342
v 0.0249322 0.0456639 0.00598248
v 0.0259014 0.0500061 0.00581948
v 0.0305503 0.0500057 0.00504722
v 0.0389427 0.0414658 0.00354239
v 0.0389965 0.0500079 0.00353382
v 0.0404197 0.0500094 0.00327934
v 0.0502768 0.0500074 0.00138436
v 0.0538214 0.0463788 0.000656802
v 0.0534511 0.0500093 0.000733662
v 0.0601018 0.0500067 -0.000627866
v 0.0698997 0.0500076 -0.00276028
v 0.0754224 0.0443216 -0.004034
v 0.0742724 0.0500061 -0.00376486
v 0.0796703 0.0500061 -0.00500636
v 0.0894159 0.0500062 -0.00737165
v 0.099133 0.0500042 -0.00984586
v 0.10882 0.0500037 -0.0124312
v 0.118475 0.0500004 -0.0151217
v 0.128102 0.0499983 -0.0179227
v 0.137698 0.0499973 -0.0208305
v 0.14726 0.0499973 -0.0238413
v 0.156788 0.049998 -0.026955
v 0.166285 0.0499951 -0.0301695
v 0.175745 0.0499965 -0.0334854
v 0.185173 0.0499939 -0.0368984
v 0.194564 0.0499952 -0.0404127
v 0.203921 0.0499921 -0.0440207
v 0.202818 0.0499928 -0.043597
v 0.203916 0.0490649 -0.0440221
v 0.213197 0.0407942 -0.0477155
v 0.208884 0.0446315 -0.0459986
v 0.213239 0.0499925 -0.0477266
v 0.222523 0.0499923 -0.0515282
v 0.231765 0.0499913 -0.0554186
v 0.240968 0.0499934 -0.0594035
v 0.250138 0.0499903 -0.0634789
v 0.259266 0.04999 -0.0676454
v 0.268351 0.0499925 -0.0718997
v 0.277398 0.0499896 -0.0762377
v 0.286402 0.0499893 -0.0806637
v 0.295367 0.0499916 -0.0851779
v 0.304292 0.0499882 -0.0897727
v 0.313175 0.0499874 -0.0944524
v 0.322013 0.0499891 -0.0992137
v 0.330806 0.0499892 -0.104051
v 0.339562 0.0499879 -0.108972
v 0.34827 0.0499851 -0.113966
v 0.346474 0.0499881 -0.112939
v 0.348261 0.0479108 -0.113963
v 0.356938 0.049985 -0.119042
v 0.365562 0.0499835 -0.124192
v 0.374136 0.0499848 -0.129414
v 0.382671 0.049985 -0.134713
v 0.39116 0.0499841 -0.140082
v 0.399606 0.0499823 -0.145523
v 0.408002 0.0499838 -0.151032
v 0.416359 0.0499807 -0.156611
v 0.424666 0.0499812 -0.162256
v 0.432929 0.0499815 -0.16797
v 0.441147 0.0499818 -0.173747
v 0.449322 0.0499784 -0.179588
v 0.457447 0.0499795 -0.185492
v 0.46553 0.0499813 -0.191462
v 0.473566 0.04998 -0.197488
v 0.481554 0.0499797 -0.203572
v 0.489501 0.0499765 -0.209718
v 0.4974 0.0499785 -0.215925
v 0.505252 0.0499776 -0.222186
v 0.513055 0.049978 -0.228504
v 0.520814 0.0499756 -0.234878
v 0.528524 0.0499783 -0.241312
v 0.536186 0.0499783 -0.247799
v 0.543802 0.0499754 -0.254339
v 0.551367 0.0499774 -0.260938
v 0.558883 0.0499763 -0.267588
v 0.566352 0.0499758 -0.274295
v 0.573768 0.0499756 -0.281054
v 0.581134 0.0499755 -0.287869
v 0.58845 0.0499753 -0.294741
v 0.595711 0.0499749 -0.301663
v 0.602921 0.0499743 -0.308639
v 0.61008 0.0499734 -0.315671
v 0.617181 0.0499722 -0.322751
v 0.624233 0.0499708 -0.329888
v 0.63123 0.0499691 -0.337075
v 0.638169 0.0499711 -0.344315
v 0.645052 0.0499688 -0.351601
v 0.651882 0.0499703 -0.358944
v 0.658652 0.0499716 -0.366333
v 0.665372 0.0499688 -0.373774
v 0.67203 0.04997 -0.381263
v 0.678636 0.0499672 -0.388802
v 0.685178 0.0499686 -0.396387
v 0.691667 0.0499703 -0.404024
v 0.698097 0.0499684 -0.411705
v 0.704465 0.049967 -0.41943
v 0.710778 0.0499661 -0.427204
v 0.717032 0.049966 -0.435027
v 0.723222 0.0499667 -0.442891
v 0.729355 0.0499683 -0.450804
v 0.735426 0.049967 -0.458757
v 0.741437 0.0499671 -0.466757
v 0.747389 0.0499647 -0.474799
v 0.753278 0.049964 -0.482885
v 0.759103 0.0499653 -0.491012
v 0.76487 0.0499647 -0.499181
v 0.770575 0.0499626 -0.507391
v 0.776216 0.0499631 -0.515644
v 0.781794 0.0499624 -0.523934
v 0.787312 0.0499608 -0.532266
v 0.792761 0.0499627 -0.540634
v 0.798153 0.0499601 -0.549043
v 0.803478 0.0499619 -0.55749
v 0.808737 0.0499606 -0.565966
v 0.813854 0.0499613 -0.574351
v 0.825553 0.0465168 -0.578458
v 0.817893 0.0465099 -0.575767
v 0.825557 0.0499686 -0.578461
v 0.813874 0.0465063 -0.574371
v 0.0107517 0.0600221 0.00821569
v 1.44263e-06 0.0600028 -2.02711e-06
v 0.020652 0.0600319 0.00668796
v 0.0107515 0.0532463 0.0082198
v 0.0238052 0.056836 0.00616734
v 0.02305 0.06003 0.00628997
v 0.0305565 0.0600357 0.00503908
v 0.0394005 0.0510444 0.00346211
v 0.0394176 0.0600406 0.00344722
v 0.0404291 0.0600401 0.00326774
v 0.0502835 0.0600435 0.00137129
v 0.0536602 0.056592 0.000683277
v 0.0540695 0.0600437 0.0005939
v 0.060114 0.0600435 -0.00064785
v 0.0699156 0.0600411 -0.00278112
v 0.0751158 0.0546927 -0.00396877
v 0.0762632 0.060039 -0.00424195
v 0.0796871 0.0600404 -0.00503021
v 0.0894316 0.0600371 -0.00739259
v 0.0991543 0.0600318 -0.00987104
v 0.108843 0.0600281 -0.0124568
v 0.118501 0.0600259 -0.0151531
v 0.12813 0.0600211 -0.017954
v 0.137723 0.0600176 -0.0208579
v 0.147289 0.0600154 -0.0238715
v 0.156818 0.0600141 -0.0269843
v 0.166318 0.0600134 -0.0302032
v 0.175782 0.0600133 -0.0335211
v 0.185209 0.0600093 -0.0369325
v 0.194604 0.0600094 -0.0404485
v 0.203926 0.0509336 -0.044027
v 0.203436 0.0505153 -0.0438375
v 0.203958 0.0600093 -0.0440565
v 0.213274 0.0593008 -0.0477601
v 0.208573 0.0550322 -0.0458836
v 0.21328 0.0600089 -0.0477636
v 0.213632 0.0596259 -0.0479063
v 0.214035 0.0600109 -0.0480738
v 0.222561 0.0600119 -0.0515649
v 0.231805 0.0600102 -0.0554563
v 0.241011 0.0600117 -0.0594421
v 0.25018 0.0600121 -0.0635203
v 0.259306 0.0600114 -0.067684
v 0.268394 0.0600094 -0.0719369
v 0.277443 0.0600102 -0.076281
v 0.286448 0.0600096 -0.0807074
v 0.295415 0.0600076 -0.0852199
v 0.304338 0.0600082 -0.089817
v 0.313221 0.0600073 -0.094497
v 0.32206 0.060005 -0.0992564
v 0.330856 0.0600053 -0.104097
v 0.339607 0.0600042 -0.109015
v 0.348282 0.0521199 -0.113978
v 0.347361 0.0510368 -0.113446
v 0.348318 0.0600018 -0.114012
v 0.351659 0.0561181 -0.115962
v 0.354983 0.0600005 -0.117914
v 0.356985 0.0600021 -0.119088
v 0.365606 0.0600011 -0.124238
v 0.374184 0.0599991 -0.12946
v 0.382719 0.059996 -0.134757
v 0.391206 0.059996 -0.140126
v 0.399649 0.0599952 -0.145566
v 0.408049 0.0599938 -0.151077
v 0.416402 0.0599959 -0.156657
v 0.424711 0.0599937 -0.162303
v 0.432974 0.0599914 -0.168014
v 0.441191 0.0599931 -0.173794
v 0.449363 0.0599913 -0.179634
v 0.457491 0.05999 -0.185539
v 0.465569 0.0599895 -0.191502
v 0.473605 0.05999 -0.197531
v 0.481595 0.0599876 -0.203616
v 0.489536 0.0599905 -0.209763
v 0.497435 0.0599867 -0.215965
v 0.505283 0.0599881 -0.222226
v 0.513088 0.0599868 -0.228545
v 0.520842 0.0599868 -0.234918
v 0.52855 0.0599882 -0.241349
v 0.536214 0.059987 -0.247836
v 0.543825 0.059987 -0.254375
v 0.55139 0.0599841 -0.260969
v 0.558906 0.059986 -0.267622
v 0.566372 0.0599845 -0.274327
v 0.573789 0.0599834 -0.281087
v 0.581152 0.0599823 -0.287899
v 0.588466 0.0599813 -0.294768
v 0.595724 0.0599802 -0.301688
v 0.602934 0.059979 -0.308666
v 0.610085 0.0599817 -0.315694
v 0.617187 0.0599803 -0.322775
v 0.624236 0.0599787 -0.32991
v 0.631226 0.0599771 -0.337091
v 0.638163 0.0599792 -0.344329
v 0.645046 0.0599773 -0.351616
v 0.651874 0.0599791 -0.358957
v 0.658644 0.059977 -0.366342
v 0.665361 0.0599749 -0.373781
v 0.672016 0.0599768 -0.381268
v 0.678619 0.059975 -0.388805
v 0.685161 0.0599734 -0.396386
v 0.691644 0.0599762 -0.404019
v 0.698072 0.0599756 -0.411698
v 0.704438 0.0599756 -0.419421
v 0.71075 0.0599723 -0.427193
v 0.716999 0.0599738 -0.435011
v 0.723188 0.0599724 -0.442871
v 0.729317 0.059972 -0.450778
v 0.735386 0.0599728 -0.45873
v 0.741398 0.0599711 -0.466727
v 0.747344 0.0599711 -0.474764
v 0.753231 0.0599689 -0.482844
v 0.759056 0.0599687 -0.490968
v 0.764817 0.059971 -0.499134
v 0.770519 0.0599678 -0.507338
v 0.776158 0.0599674 -0.515585
v 0.781736 0.0599659 -0.523872
v 0.787249 0.0599678 -0.5322
v 0.792701 0.0599651 -0.540565
v 0.798086 0.0599664 -0.548967
v 0.803408 0.0599677 -0.557408
v 0.808664 0.0599661 -0.56588
v 0.813798 0.0599627 -0.574286
v 0.825554 0.0599727 -0.578459
v 0.010752 0.0618162 0.00821573
v 0.00882431 0.0618084 0.00674676
v 0.00196771 0.0681791 0.00149929
v 0.0107507 0.0682075 0.00821638
v 2.69331e-06 0.0700026 -8.24897e-07
v 0.0107513 0.070037 0.00821612
v 3.75856e-06 0.0681747 -1.4297e-06
v 2.14007e-07 0.0617952 -1.05313e-06
v 0.0206536 0.062304 0.00668684
v 0.0129715 0.067794 0.00787277
v 0.020659 0.0700529 0.00667992
v 0.0107525 0.0695708 0.00821539
v 0.0305583 0.070068 0.0050197
v 0.039609 0.0608743 0.00341249
v 0.0389283 0.0700731 0.00351034
v 0.0404338 0.070076 0.00323823
v 0.0502921 0.0700784 0.00133362
v 0.0548584 0.0654097 0.000415593
v 0.0560927 0.0700766 0.000140541
v 0.0601194 0.0700779 -0.000685892
v 0.0699248 0.0700751 -0.00282658
v 0.0796946 0.0658718 -0.0050589
v 0.077454 0.0623361 -0.00452593
v 0.0797001 0.0700744 -0.0050826
v 0.0816679 0.0680426 -0.00554811
v 0.0838773 0.0700687 -0.0060923
v 0.0894464 0.0700672 -0.00744601
v 0.0991653 0.0700623 -0.00992362
v 0.108859 0.0700552 -0.0125134
v 0.118519 0.0700498 -0.0152098
v 0.128149 0.0700421 -0.0180106
v 0.137747 0.070036 -0.0209174
v 0.147312 0.0700357 -0.0239322
v 0.156845 0.0700324 -0.0270473
v 0.166342 0.0700301 -0.0302611
v 0.175807 0.0700285 -0.0335773
v 0.185237 0.0700273 -0.0369923
v 0.194632 0.0700263 -0.0405061
v 0.20399 0.0700253 -0.0441153
v 0.213312 0.0700281 -0.0478254
v 0.222572 0.0628744 -0.051583
v 0.220574 0.0621609 -0.0507587
v 0.222595 0.0700265 -0.051622
v 0.231829 0.0661642 -0.0554956
v 0.227591 0.0645953 -0.0537026
v 0.23184 0.0700283 -0.0555161
v 0.241047 0.0696222 -0.0595
v 0.234505 0.0671182 -0.0566573
v 0.241048 0.0700293 -0.0595024
v 0.241324 0.0697256 -0.0596238
v 0.242096 0.0700271 -0.0599662
v 0.250215 0.0700294 -0.0635776
v 0.259347 0.0700284 -0.0677451
v 0.268436 0.0700262 -0.0719982
v 0.277483 0.0700269 -0.076339
v 0.286489 0.0700262 -0.0807655
v 0.295456 0.0700243 -0.085278
v 0.30438 0.070025 -0.089875
v 0.313259 0.0700244 -0.0945513
v 0.322102 0.0700224 -0.0993139
v 0.330899 0.070019 -0.104153
v 0.339649 0.0700184 -0.10907
v 0.348359 0.0700166 -0.114066
v 0.356987 0.0609405 -0.119092
v 0.356411 0.0606673 -0.118754
v 0.357025 0.0700176 -0.119142
v 0.365628 0.0649903 -0.124264
v 0.36257 0.0635447 -0.122434
v 0.365651 0.0700135 -0.124292
v 0.374221 0.0690072 -0.129509
v 0.368708 0.0664266 -0.126146
v 0.374227 0.0700124 -0.129514
v 0.374841 0.0692896 -0.129893
v 0.376398 0.0700122 -0.130862
v 0.38276 0.0700103 -0.13481
v 0.39125 0.0700115 -0.140182
v 0.399693 0.070008 -0.145619
v 0.40809 0.070008 -0.151129
v 0.416442 0.0700075 -0.156706
v 0.424753 0.0700069 -0.162354
v 0.433013 0.0700062 -0.168064
v 0.44123 0.0700057 -0.173841
v 0.449404 0.0700017 -0.179682
v 0.457528 0.0700022 -0.185585
v 0.465606 0.0700036 -0.191551
v 0.473641 0.0700021 -0.197577
v 0.481628 0.0700018 -0.203661
v 0.489572 0.0699988 -0.209806
v 0.497467 0.0699972 -0.216007
v 0.505317 0.0699969 -0.222268
v 0.513115 0.0699979 -0.228583
v 0.52087 0.0699964 -0.234957
v 0.528579 0.0699963 -0.241388
v 0.536241 0.0699939 -0.247872
v 0.543853 0.0699929 -0.254412
v 0.551414 0.0699931 -0.261005
v 0.558928 0.0699942 -0.267654
v 0.566392 0.0699918 -0.274356
v 0.573804 0.0699938 -0.281116
v 0.581167 0.0699919 -0.287929
v 0.588478 0.0699901 -0.294796
v 0.595737 0.0699883 -0.301717
v 0.602942 0.0699905 -0.308694
v 0.610092 0.0699887 -0.315717
v 0.617192 0.069987 -0.322797
v 0.624238 0.0699854 -0.329929
v 0.631227 0.0699876 -0.337113
v 0.638162 0.069986 -0.344347
v 0.645043 0.0699843 -0.351632
v 0.651867 0.0699826 -0.358965
v 0.658635 0.069985 -0.366354
v 0.665349 0.0699835 -0.37379
v 0.672004 0.0699823 -0.381274
v 0.678601 0.0699814 -0.388805
v 0.685141 0.0699809 -0.396385
v 0.691623 0.0699809 -0.404013
v 0.698049 0.0699816 -0.411691
v 0.704414 0.0699791 -0.419411
v 0.710718 0.0699814 -0.427179
v 0.716966 0.0699807 -0.434994
v 0.723155 0.0699771 -0.442851
v 0.729282 0.0699787 -0.450756
v 0.735348 0.0699776 -0.458702
v 0.741354 0.0699781 -0.466695
v 0.7473 0.0699764 -0.474729
v 0.753184 0.0699767 -0.482808
v 0.759006 0.0699753 -0.490926
v 0.764766 0.0699723 -0.499084
v 0.770467 0.0699721 -0.507287
v 0.776102 0.0699707 -0.515528
v 0.781676 0.0699726 -0.523812
v 0.787188 0.0699697 -0.532132
v 0.792636 0.0699707 -0.540493
v 0.798017 0.0699715 -0.54889
v 0.803339 0.0699687 -0.557324
v 0.808595 0.0699707 -0.565796
v 0.813739 0.0699677 -0.574221
v 0.825558 0.069977 -0.578461
v 0.0107508 0.0723533 0.00821304
v 0.00826984 0.0723405 0.00631654
v 0.00479413 0.0755642 0.00365774
v 0.0107546 0.075593 0.00821035
v 0.00131355 0.0787897 0.00100184
v 0.010755 0.0788332 0.00821055
v 3.63748e-06 0.0800052 -2.04963e-06
v 0.0107534 0.0800591 0.00820905
v 3.68771e-06 0.078786 -3.87211e-06
v 2.45164e-06 0.0755496 -2.24258e-06
v 1.49489e-06 0.0723138 -1.34319e-06
v 0.0206552 0.075994 0.00666929
v 0.014789 0.075982 0.00758644
v 0.0206557 0.0800801 0.00666194
v 0.0107525 0.0774333 0.0082116
v 0.0251186 0.0755674 0.00592184
v 0.0274727 0.0800921 0.00550863
v 0.0305598 0.080097 0.00498664
v 0.0404359 0.0741006 0.00322167
v 0.0393406 0.0711847 0.003433
v 0.0404391 0.0801065 0.00318999
v 0.0422703 0.078244 0.00284371
v 0.0433465 0.0801089 0.00262548
v 0.0502941 0.0801108 0.00127793
v 0.0601242 0.0781746 -0.000743872
v 0.0575926 0.0726612 -0.000183536
v 0.0601254 0.0801126 -0.000755777
v 0.0608591 0.079361 -0.000910893
v 0.0613846 0.0801144 -0.0010325
v 0.069928 0.080113 -0.00290261
v 0.0797046 0.0801074 -0.00516032
v 0.0894494 0.0732282 -0.00747218
v 0.0873657 0.0722104 -0.00695695
v 0.0894541 0.0800999 -0.00753057
v 0.0991724 0.0760826 -0.0099757
v 0.0944752 0.0749105 -0.00876771
v 0.0991744 0.080091 -0.0100089
v 0.108864 0.0775575 -0.0125753
v 0.102457 0.07669 -0.010857
v 0.108869 0.0800802 -0.012599
v 0.118528 0.0784716 -0.0152817
v 0.111048 0.0778152 -0.0131874
v 0.118531 0.0800715 -0.0152955
v 0.128161 0.0792669 -0.0180914
v 0.119938 0.0786014 -0.0156907
v 0.12816 0.0800649 -0.018098
v 0.128859 0.0793344 -0.0183046
v 0.13689 0.0800583 -0.0207426
v 0.137759 0.0800564 -0.021004
v 0.147328 0.0800497 -0.0240156
v 0.156861 0.0800486 -0.0271313
v 0.166363 0.0800447 -0.030347
v 0.175828 0.0800416 -0.0336612
v 0.18526 0.0800434 -0.0370795
v 0.194656 0.0800414 -0.0405908
v 0.204015 0.0800437 -0.0442028
v 0.213337 0.0800419 -0.0479045
v 0.222621 0.0800438 -0.0517035
v 0.231869 0.0800452 -0.055598
v 0.241076 0.080046 -0.0595809
v 0.250221 0.0719052 -0.0635932
v 0.248827 0.0715533 -0.0629717
v 0.250246 0.0800459 -0.0636562
v 0.259359 0.0741096 -0.0677778
v 0.256348 0.0733291 -0.066397
v 0.259376 0.0800449 -0.0678202
v 0.268455 0.0764026 -0.0720487
v 0.263785 0.0751691 -0.0698545
v 0.268465 0.0800467 -0.0720752
v 0.277509 0.0787829 -0.0764064
v 0.271152 0.0770616 -0.0733444
v 0.277513 0.0800475 -0.0764157
v 0.278438 0.0790147 -0.0768636
v 0.282181 0.0800432 -0.0787066
v 0.286523 0.080043 -0.08084
v 0.295489 0.0800453 -0.085354
v 0.304415 0.0800424 -0.0899486
v 0.313295 0.0800422 -0.0946243
v 0.322136 0.0800367 -0.0993808
v 0.330935 0.0800381 -0.104224
v 0.339687 0.0800342 -0.109138
v 0.348396 0.0800333 -0.114134
v 0.357063 0.0800313 -0.119207
v 0.365688 0.0800282 -0.124356
v 0.374263 0.0800283 -0.129577
v 0.382767 0.0718253 -0.134821
v 0.38153 0.0714638 -0.134054
v 0.382801 0.0800237 -0.134873
v 0.391265 0.0742663 -0.140205
v 0.388372 0.0734195 -0.138374
v 0.391287 0.0800223 -0.140238
v 0.399718 0.0767547 -0.145659
v 0.395176 0.0753907 -0.142729
v 0.39973 0.0800243 -0.145679
v 0.408127 0.0793436 -0.151184
v 0.401922 0.0773975 -0.147107
v 0.408128 0.080022 -0.151185
v 0.408583 0.0794768 -0.151488
v 0.410257 0.0800204 -0.152606
v 0.416483 0.0800193 -0.156763
v 0.42479 0.0800165 -0.162404
v 0.433051 0.0800178 -0.168116
v 0.441271 0.0800153 -0.173893
v 0.449442 0.0800133 -0.179732
v 0.457566 0.080012 -0.185632
v 0.465646 0.0800116 -0.191598
v 0.473678 0.0800122 -0.197622
v 0.481666 0.0800101 -0.203707
v 0.489604 0.0800093 -0.209847
v 0.497499 0.0800099 -0.216051
v 0.505346 0.0800079 -0.222309
v 0.513148 0.0800073 -0.228627
v 0.5209 0.0800081 -0.235
v 0.528606 0.0800066 -0.241428
v 0.536266 0.0800029 -0.24791
v 0.543874 0.0800048 -0.254448
v 0.551437 0.0800042 -0.261041
v 0.558953 0.0800006 -0.267689
v 0.566413 0.0800014 -0.27439
v 0.573825 0.0800025 -0.281149
v 0.581186 0.0799999 -0.28796
v 0.588494 0.0799973 -0.294824
v 0.595748 0.0799987 -0.301745
v 0.602952 0.0799963 -0.308717
v 0.610102 0.0799941 -0.315742
v 0.617197 0.079996 -0.322821
v 0.62424 0.0799943 -0.329951
v 0.631228 0.0799926 -0.337131
v 0.638161 0.0799911 -0.344362
v 0.645037 0.0799936 -0.351646
v 0.651861 0.0799924 -0.358981
v 0.658625 0.0799913 -0.366362
v 0.665336 0.0799905 -0.373796
v 0.671989 0.0799901 -0.381278
v 0.678583 0.0799901 -0.388807
v 0.685121 0.0799868 -0.396383
v 0.691601 0.0799881 -0.40401
v 0.698026 0.0799861 -0.411684
v 0.704388 0.0799851 -0.419402
v 0.710692 0.0799851 -0.427166
v 0.716935 0.0799861 -0.434976
v 0.723122 0.0799844 -0.442832
v 0.729245 0.079984 -0.450731
v 0.735308 0.079985 -0.458675
v 0.741314 0.0799838 -0.466665
v 0.747256 0.0799805 -0.474693
v 0.753137 0.0799793 -0.482765
v 0.758957 0.0799805 -0.490883
v 0.764715 0.0799804 -0.49904
v 0.770412 0.079979 -0.507237
v 0.776045 0.0799768 -0.515472
v 0.781616 0.0799779 -0.523751
v 0.787125 0.0799746 -0.532065
v 0.79257 0.079975 -0.540421
v 0.797952 0.0799756 -0.548815
v 0.803272 0.0799725 -0.557244
v 0.808525 0.0799744 -0.565711
v 0.813683 0.0799718 -0.574158
v 0.825558 0.0799846 -0.578462
v 0.0107521 0.0832032 0.00820352
v 0.00738109 0.0831796 0.00563158
v 0.00196011 0.0881964 0.00149214
v 0.010751 0.0882591 0.00818717
v 2.86328e-06 0.090006 1.73682e-07
v 0.0107484 0.0900846 0.00818241
v 1.24569e-06 0.0881892 -1.0848e-06
v 5.06807e-06 0.0831434 -1.75247e-06
v 0.0114814 0.0893447 0.00806997
v 0.0124122 0.0900862 0.0079233
v 0.0202735 0.0901046 0.00668236
v 0.0149309 0.0858614 0.00754051
v 0.0206565 0.0901075 0.00662044
v 0.0206562 0.084189 0.00664355
v 0.0183794 0.0823812 0.00700882
v 0.0107469 0.0893448 0.00818659
v 0.0107507 0.0858537 0.00819431
v 0.0107515 0.0823625 0.00820517
v 0.025131 0.0855831 0.00588369
v 0.0260643 0.0901149 0.00569752
v 0.0305596 0.0901277 0.00492595
v 0.0305618 0.0843505 0.00496117
v 0.0298354 0.0808301 0.00510536
v 0.0325232 0.0881342 0.0045829
v 0.0331601 0.0901284 0.00445095
v 0.0404358 0.0901418 0.00311509
v 0.0456129 0.0848776 0.00214695
v 0.0468627 0.0901457 0.00185789
v 0.0502931 0.0901467 0.00118757
v 0.0601206 0.0901505 -0.000853215
v 0.064309 0.0858643 -0.00172865
v 0.0681062 0.0901448 -0.00260573
v 0.0699275 0.0901449 -0.00300606
v 0.0797033 0.0901383 -0.00526747
v 0.0894555 0.0901302 -0.0076446
v 0.0991773 0.0901172 -0.0101236
v 0.108872 0.0901067 -0.0127161
v 0.118535 0.0900946 -0.0154124
v 0.128165 0.0900851 -0.0182143
v 0.137759 0.0801158 -0.0210056
v 0.13771 0.0801113 -0.020992
v 0.137768 0.0900781 -0.021125
v 0.147329 0.0808863 -0.0240278
v 0.146597 0.0808169 -0.0237955
v 0.147338 0.0900692 -0.0241352
v 0.156864 0.0818183 -0.027151
v 0.155344 0.0816439 -0.026654
v 0.156873 0.0900663 -0.0272492
v 0.166365 0.0829218 -0.0303796
v 0.163949 0.0825937 -0.0295587
v 0.166376 0.0900608 -0.0304628
v 0.175834 0.0841905 -0.0337117
v 0.172407 0.0836708 -0.0325068
v 0.175841 0.0900606 -0.0337766
v 0.172409 0.0836667 -0.0325048
v 0.185269 0.0856135 -0.0371404
v 0.180733 0.0848591 -0.035493
v 0.185276 0.0900572 -0.0371903
v 0.194668 0.0871924 -0.040672
v 0.188928 0.0861587 -0.0385166
v 0.19467 0.0900585 -0.0407009
v 0.204028 0.0889168 -0.0442956
v 0.196999 0.0875618 -0.0415725
v 0.204031 0.0900601 -0.0443098
v 0.204949 0.089073 -0.0446654
v 0.209795 0.0900585 -0.0465992
v 0.213354 0.0900619 -0.0480138
v 0.222644 0.0900594 -0.0518109
v 0.231892 0.0900607 -0.0557018
v 0.241097 0.0900654 -0.0596832
v 0.250269 0.0900654 -0.0637581
v 0.259399 0.0900645 -0.0679182
v 0.26849 0.0900665 -0.0721727
v 0.277542 0.0900636 -0.0765106
v 0.286523 0.0811076 -0.0808502
v 0.285764 0.0808888 -0.0804737
v 0.286548 0.0900635 -0.0809327
v 0.295497 0.0834182 -0.0853828
v 0.293107 0.082715 -0.0841761
v 0.295517 0.0900623 -0.085444
v 0.304433 0.085888 -0.0900002
v 0.300332 0.0846382 -0.0878795
v 0.304444 0.09006 -0.0900377
v 0.313322 0.0885322 -0.0946967
v 0.307432 0.0866767 -0.091586
v 0.313326 0.0900565 -0.0947104
v 0.314406 0.0888288 -0.0952841
v 0.318165 0.0900565 -0.0973151
v 0.322166 0.0900558 -0.0994679
v 0.330964 0.0900541 -0.104305
v 0.339719 0.0900513 -0.109221
v 0.348431 0.0900475 -0.114214
v 0.357097 0.0900467 -0.119285
v 0.365722 0.0900451 -0.124432
v 0.374298 0.0900427 -0.12965
v 0.382835 0.0900397 -0.134944
v 0.391325 0.0900361 -0.140309
v 0.399765 0.090036 -0.145743
v 0.408165 0.0900356 -0.151251
v 0.416491 0.0827029 -0.156779
v 0.414881 0.0819478 -0.155701
v 0.416521 0.090031 -0.156824
v 0.424814 0.0864777 -0.162443
v 0.420986 0.0846231 -0.159837
v 0.424829 0.0900303 -0.162467
v 0.426954 0.0874432 -0.163929
v 0.432068 0.090029 -0.167467
v 0.43309 0.0900298 -0.168175
v 0.441305 0.0900296 -0.173947
v 0.449479 0.090026 -0.179785
v 0.4576 0.090027 -0.185684
v 0.465679 0.090025 -0.191646
v 0.473713 0.090024 -0.19767
v 0.4817 0.0900203 -0.203751
v 0.489638 0.0900219 -0.209893
v 0.497531 0.0900209 -0.216093
v 0.505379 0.0900174 -0.222351
v 0.51318 0.0900152 -0.228666
v 0.520929 0.0900145 -0.235036
v 0.528634 0.0900154 -0.241467
v 0.536289 0.0900144 -0.247947
v 0.543901 0.0900112 -0.254483
v 0.551459 0.0900135 -0.261075
v 0.558971 0.0900129 -0.267721
v 0.566433 0.0900089 -0.274421
v 0.573843 0.0900091 -0.281178
v 0.581199 0.0900096 -0.287988
v 0.588507 0.0900063 -0.294853
v 0.595758 0.090007 -0.30177
v 0.602963 0.090004 -0.308744
v 0.610108 0.0900053 -0.315768
v 0.617201 0.0900031 -0.322842
v 0.624242 0.0900011 -0.329969
v 0.63123 0.0899995 -0.337151
v 0.638157 0.0900021 -0.344381
v 0.645033 0.0900009 -0.351661
v 0.651854 0.0900001 -0.358994
v 0.658615 0.0899996 -0.366372
v 0.665325 0.0899956 -0.373803
v 0.671975 0.089996 -0.381282
v 0.678566 0.0899969 -0.388809
v 0.685102 0.0899947 -0.396383
v 0.69158 0.0899933 -0.404006
v 0.697999 0.0899927 -0.411675
v 0.704359 0.0899932 -0.419391
v 0.710662 0.0899908 -0.427152
v 0.716904 0.0899896 -0.434958
v 0.723085 0.0899898 -0.442809
v 0.729206 0.0899914 -0.450706
v 0.735269 0.0899906 -0.458648
v 0.741271 0.0899877 -0.466631
v 0.747211 0.0899868 -0.474658
v 0.753092 0.0899841 -0.482727
v 0.758908 0.0899841 -0.490838
v 0.764663 0.0899828 -0.498989
v 0.770355 0.0899844 -0.507183
v 0.775988 0.0899813 -0.515415
v 0.781555 0.0899817 -0.523688
v 0.787065 0.0899778 -0.532
v 0.792507 0.0899779 -0.54035
v 0.797887 0.089978 -0.548739
v 0.803202 0.0899789 -0.557164
v 0.808457 0.0899765 -0.565627
v 0.813624 0.0899787 -0.574096
v 0.825555 0.0899876 -0.578466
v 0.0103779 0.100127 0.0081948
v 0.000230313 0.100035 0.00401792
v 0.0118914 0.098652 0.00796253
v 0.0125679 0.10013 0.00784593
v 0.0167378 0.100134 0.00718103
v 0.014767 0.0958468 0.00752435
v 0.0202072 0.100142 0.00662744
v 0.0202695 0.0987626 0.00662694
v 0.017641 0.0930453 0.00708398
v 0.0206407 0.0905072 0.00662142
v 0.0205156 0.0902433 0.00664356
v 0.0106237 0.0935024 0.00818798
v 0.0104624 0.0978423 0.00819441
v 0.0207921 0.0995776 0.00652983
v 0.0207765 0.100144 0.00652931
v 0.0241914 0.100155 0.0059367
v 0.0242914 0.0961921 0.00595511
v 0.0276017 0.100162 0.00535177
v 0.0277917 0.0928058 0.00538034
v 0.0300447 0.100172 0.00492781
v 0.0334423 0.0968938 0.00433407
v 0.0330543 0.100176 0.00437307
v 0.0398594 0.100188 0.00311588
v 0.0463046 0.0939854 0.00192442
v 0.0450888 0.100194 0.00208725
v 0.0496549 0.100197 0.001193
v 0.0594264 0.100198 -0.000838071
v 0.0695085 0.0957274 -0.00298812
v 0.0680626 0.0919278 -0.00261901
v 0.0691741 0.100195 -0.00297808
v 0.0708675 0.0985782 -0.00334664
v 0.073454 0.100189 -0.00396511
v 0.0788999 0.100184 -0.00522521
v 0.0885967 0.100173 -0.00757972
v 0.0982682 0.100159 -0.0100388
v 0.107912 0.100144 -0.0126047
v 0.117528 0.100132 -0.0152793
v 0.127116 0.100117 -0.0180544
v 0.136672 0.100109 -0.0209358
v 0.146197 0.1001 -0.023916
v 0.155693 0.100094 -0.0270006
v 0.165156 0.10009 -0.0301861
v 0.17459 0.100085 -0.0334707
v 0.183987 0.100085 -0.0368549
v 0.193349 0.100087 -0.0403367
v 0.202677 0.100085 -0.0439108
v 0.213156 0.0915015 -0.0479522
v 0.212272 0.0910766 -0.0475965
v 0.21197 0.100089 -0.0475849
v 0.221866 0.0955576 -0.0515557
v 0.218578 0.0938791 -0.0502015
v 0.221229 0.10009 -0.0513516
v 0.230459 0.100027 -0.0552145
v 0.224661 0.0968604 -0.0527506
v 0.23045 0.10009 -0.0552094
v 0.230498 0.100044 -0.0552292
v 0.230578 0.100089 -0.0552638
v 0.239633 0.100091 -0.0591587
v 0.248782 0.100092 -0.063203
v 0.257891 0.100092 -0.0673356
v 0.266959 0.100092 -0.0715531
v 0.275991 0.100091 -0.0758626
v 0.284983 0.10009 -0.0802572
v 0.293936 0.100088 -0.0847371
v 0.302846 0.100086 -0.089299
v 0.311717 0.100087 -0.0939485
v 0.321622 0.0934342 -0.0992019
v 0.320238 0.0919077 -0.0984495
v 0.320546 0.100083 -0.0986748
v 0.324523 0.0962548 -0.100825
v 0.32767 0.100078 -0.102571
v 0.329336 0.100079 -0.103484
v 0.338082 0.100078 -0.108373
v 0.346786 0.100072 -0.113337
v 0.355448 0.10007 -0.118382
v 0.364069 0.100067 -0.123504
v 0.372644 0.100064 -0.128698
v 0.38118 0.100061 -0.133969
v 0.389668 0.100062 -0.139312
v 0.398113 0.100058 -0.144723
v 0.406515 0.100059 -0.15021
v 0.414873 0.100055 -0.155763
v 0.423189 0.100052 -0.161386
v 0.432191 0.0955418 -0.167567
v 0.432124 0.0910072 -0.167512
v 0.431455 0.100053 -0.167075
v 0.432235 0.0992577 -0.167618
v 0.432241 0.100051 -0.167624
v 0.43968 0.10005 -0.17283
v 0.447862 0.100048 -0.178653
v 0.455996 0.100047 -0.184538
v 0.464089 0.100043 -0.190486
v 0.472133 0.100044 -0.196498
v 0.48013 0.100042 -0.202567
v 0.488088 0.100038 -0.208701
v 0.495993 0.100039 -0.214892
v 0.503858 0.100038 -0.221145
v 0.511674 0.100037 -0.227455
v 0.519443 0.100035 -0.233821
v 0.527165 0.100034 -0.240244
v 0.534843 0.100031 -0.246724
v 0.542475 0.100029 -0.253263
v 0.550055 0.100029 -0.259854
v 0.557587 0.10003 -0.266502
v 0.565073 0.100028 -0.273207
v 0.572507 0.100026 -0.279967
v 0.579891 0.100025 -0.286784
v 0.587226 0.100024 -0.293657
v 0.594504 0.100023 -0.300581
v 0.601734 0.100022 -0.307564
v 0.608909 0.100021 -0.314598
v 0.616034 0.10002 -0.321688
v 0.623102 0.10002 -0.328828
v 0.630117 0.10002 -0.336022
v 0.637083 0.100016 -0.343269
v 0.643988 0.100016 -0.350566
v 0.650842 0.100016 -0.357919
v 0.657636 0.100017 -0.365318
v 0.664379 0.100013 -0.372769
v 0.671064 0.100014 -0.380274
v 0.677692 0.100012 -0.387824
v 0.684261 0.100013 -0.395426
v 0.690774 0.100012 -0.403075
v 0.697231 0.100011 -0.410774
v 0.703628 0.10001 -0.418521
v 0.709968 0.100007 -0.426313
v 0.716244 0.100008 -0.434153
v 0.722465 0.100007 -0.44204
v 0.728625 0.100006 -0.449974
v 0.734722 0.100007 -0.457952
v 0.740761 0.100005 -0.465975
v 0.746743 0.100002 -0.474044
v 0.752658 0.100003 -0.482157
v 0.758513 0.0999994 -0.490309
v 0.764307 0.0999978 -0.498506
v 0.77004 0.0999986 -0.506751
v 0.775707 0.0999984 -0.515031
v 0.781316 0.099997 -0.523356
v 0.786859 0.0999951 -0.531717
v 0.792342 0.0999925 -0.540122
v 0.797757 0.0999939 -0.548566
v 0.803113 0.0999912 -0.557049
v 0.808402 0.0999929 -0.565571
v 0.813628 0.0999909 -0.57413
v 0.818785 0.0999935 -0.582726
v 0.803772 -5.40993e-05 -0.558029
v 0.798417 -5.59037e-05 -0.549533
v 0.798409 0.0099491 -0.549552
v 0.803745 0.00994859 -0.558017
v 0.803681 0.019951 -0.557936
v 0.808955 0.0199512 -0.566422
v 0.808881 0.0299542 -0.566339
v 0.81397 0.0299553 -0.574677
v 0.813915 0.0399561 -0.574616
v 0.825555 0.0399646 -0.578657
v 0.825556 0.0299628 -0.578652
v 0.793001 -5.68741e-05 -0.541075
v 0.793014 0.00994595 -0.541123
v 0.798347 0.0199513 -0.549477
v 0.803613 0.0299537 -0.557851
v 0.808806 0.0399592 -0.566252
v 0.813854 0.0499613 -0.574551
v 0.825557 0.0499686 -0.578661
v 0.787521 -5.93252e-05 -0.532656
v 0.787554 0.0099466 -0.532734
v 0.792952 0.0199527 -0.541055
v 0.798281 0.0299544 -0.549397
v 0.803545 0.0399596 -0.557772
v 0.808737 0.0499606 -0.566166
v 0.813798 0.0599627 -0.574486
v 0.825554 0.0599727 -0.578659
v 0.78198 -5.89835e-05 -0.52428
v 0.782031 0.00994567 -0.524383
v 0.787493 0.0199496 -0.532666
v 0.792888 0.029956 -0.540981
v 0.798218 0.0399576 -0.54932
v 0.803478 0.0499619 -0.55769
v 0.808664 0.0599661 -0.56608
v 0.813739 0.0699677 -0.574421
v 0.825558 0.069977 -0.578661
v 0.776374 -6.09131e-05 -0.515943
v 0.776443 0.00994318 -0.51607
v 0.781972 0.0199495 -0.524321
v 0.787434 0.0299533 -0.532601
v 0.792826 0.0399595 -0.54091
v 0.798153 0.0499601 -0.549243
v 0.803408 0.0599677 -0.557608
v 0.808595 0.0699707 -0.565996
v 0.813683 0.0799718 -0.574358
v 0.825558 0.0799846 -0.578662
v 0.770701 -6.0782e-05 -0.507644
v 0.770793 0.0099428 -0.5078
v 0.776386 0.0199478 -0.516014
v 0.781912 0.0299538 -0.524258
v 0.787372 0.0399572 -0.532532
v 0.792761 0.0499627 -0.540834
v 0.798086 0.0599664 -0.549167
v 0.803339 0.0699687 -0.557524
v 0.808525 0.0799744 -0.565911
v 0.813624 0.0899787 -0.574296
v 0.825555 0.0899876 -0.578666
v 0.76497 -6.32979e-05 -0.499391
v 0.765082 0.00994446 -0.499576
v 0.770738 0.0199486 -0.507749
v 0.776329 0.029953 -0.515956
v 0.781855 0.0399583 -0.524198
v 0.787312 0.0499608 -0.532466
v 0.792701 0.0599651 -0.540765
v 0.798017 0.0699715 -0.54909
v 0.803272 0.0799725 -0.557444
v 0.808457 0.0899765 -0.565827
v 0.813628 0.0999909 -0.57433
v 0.818785 0.0999935 -0.582926
v 0.759178 -6.41025e-05 -0.491182
v 0.759306 0.00994388 -0.491388
v 0.765027 0.0199514 -0.499527
v 0.770683 0.0299547 -0.507698
v 0.776271 0.0399582 -0.515899
v 0.781794 0.0499624 -0.524134
v 0.787249 0.0599678 -0.5324
v 0.792636 0.0699707 -0.540693
v 0.797952 0.0799756 -0.549015
v 0.803202 0.0899789 -0.557364
v 0.808402 0.0999929 -0.565771
v 0.753318 -6.37672e-05 -0.483011
v 0.753469 0.00994502 -0.483245
v 0.759255 0.0199482 -0.491343
v 0.764976 0.0299546 -0.49948
v 0.770628 0.0399608 -0.507646
v 0.776216 0.0499631 -0.515844
v 0.781736 0.0599659 -0.524072
v 0.787188 0.0699697 -0.532332
v 0.79257 0.079975 -0.540621
v 0.797887 0.089978 -0.548939
v 0.803113 0.0999912 -0.557249
v 0.7474 -6.23255e-05 -0.474889
v 0.747568 0.00994349 -0.475141
v 0.753421 0.0199508 -0.483206
v 0.759204 0.0299527 -0.491298
v 0.764922 0.0399579 -0.499428
v 0.770575 0.0499626 -0.507591
v 0.776158 0.0599674 -0.515785
v 0.781676 0.0699726 -0.524012
v 0.787125 0.0799746 -0.532265
v 0.792507 0.0899779 -0.54055
v 0.797757 0.0999939 -0.548766
v 0.741421 -6.41875e-05 -0.466808
v 0.741609 0.00994315 -0.467083
v 0.747523 0.0199509 -0.475107
v 0.753373 0.0299567 -0.483166
v 0.759155 0.0399612 -0.491258
v 0.76487 0.0499647 -0.499381
v 0.770519 0.0599678 -0.507538
v 0.776102 0.0699707 -0.515728
v 0.781616 0.0799779 -0.523951
v 0.787065 0.0899778 -0.5322
v 0.792342 0.0999925 -0.540322
v 0.73538 -6.53828e-05 -0.458771
v 0.735588 0.00994369 -0.459069
v 0.741566 0.0199483 -0.467051
v 0.74748 0.0299543 -0.475072
v 0.753326 0.0399586 -0.483125
v 0.759103 0.0499653 -0.491212
v 0.764817 0.059971 -0.499334
v 0.770467 0.0699721 -0.507487
v 0.776045 0.0799768 -0.515672
v 0.781555 0.0899817 -0.523888
v 0.786859 0.0999951 -0.531917
v 0.729278 -6.61645e-05 -0.45078
v 0.729503 0.00994508 -0.451098
v 0.735547 0.0199507 -0.459043
v 0.741522 0.0299535 -0.467018
v 0.747432 0.0399617 -0.475035
v 0.753278 0.049964 -0.483085
v 0.759056 0.0599687 -0.491168
v 0.764766 0.0699723 -0.499284
v 0.770412 0.079979 -0.507437
v 0.775988 0.0899813 -0.515615
v 0.781316 0.099997 -0.523556
v 0.723116 -6.66275e-05 -0.442835
v 0.723364 0.00994302 -0.443174
v 0.729468 0.0199501 -0.451076
v 0.735509 0.0299538 -0.459014
v 0.741481 0.0399625 -0.466991
v 0.747389 0.0499647 -0.474999
v 0.753231 0.0599689 -0.483044
v 0.759006 0.0699753 -0.491126
v 0.764715 0.0799804 -0.49924
v 0.770355 0.0899844 -0.507383
v 0.775707 0.0999984 -0.515231
v 0.716893 -6.69925e-05 -0.434935
v 0.717158 0.00994539 -0.435294
v 0.723328 0.0199502 -0.443154
v 0.729429 0.0299551 -0.45105
v 0.735465 0.0399606 -0.458984
v 0.741437 0.0499671 -0.466957
v 0.747344 0.0599711 -0.474964
v 0.753184 0.0699767 -0.483008
v 0.758957 0.0799805 -0.491083
v 0.764663 0.0899828 -0.499189
v 0.77004 0.0999986 -0.506951
v 0.710608 -6.72912e-05 -0.427079
v 0.710896 0.00994407 -0.427459
v 0.717127 0.0199509 -0.435278
v 0.723293 0.0299573 -0.443135
v 0.729394 0.0399599 -0.451028
v 0.735426 0.049967 -0.458957
v 0.741398 0.0599711 -0.466927
v 0.7473 0.0699764 -0.474929
v 0.753137 0.0799793 -0.482965
v 0.758908 0.0899841 -0.491038
v 0.764307 0.0999978 -0.498706
v 0.704268 -6.78064e-05 -0.419275
v 0.704575 0.00994288 -0.419672
v 0.710867 0.019948 -0.427445
v 0.717094 0.0299563 -0.43526
v 0.723256 0.0399602 -0.44311
v 0.729355 0.0499683 -0.451004
v 0.735386 0.0599728 -0.45893
v 0.741354 0.0699781 -0.466895
v 0.747256 0.0799805 -0.474893
v 0.753092 0.0899841 -0.482927
v 0.758513 0.0999994 -0.490509
v 0.697869 -6.86007e-05 -0.411518
v 0.698193 0.00994179 -0.411928
v 0.704547 0.0199493 -0.419661
v 0.710837 0.0299557 -0.427433
v 0.717061 0.0399614 -0.435242
v 0.723222 0.0499667 -0.443091
v 0.729317 0.059972 -0.450978
v 0.735348 0.0699776 -0.458902
v 0.741314 0.0799838 -0.466865
v 0.747211 0.0899868 -0.474858
v 0.752658 0.100003 -0.482357
v 0.69141 -6.97053e-05 -0.403807
v 0.691755 0.00994465 -0.40424
v 0.698168 0.0199508 -0.411924
v 0.704519 0.0299556 -0.41965
v 0.710808 0.0399631 -0.427421
v 0.717032 0.049966 -0.435227
v 0.723188 0.0599724 -0.443071
v 0.729282 0.0699787 -0.450956
v 0.735308 0.079985 -0.458875
v 0.741271 0.0899877 -0.466831
v 0.746743 0.100002 -0.474244
v 0.684894 -7.12455e-05 -0.396145
v 0.685256 0.00994339 -0.396591
v 0.691734 0.0199485 -0.404234
v 0.698145 0.0299558 -0.411918
v 0.704495 0.0399615 -0.419643
v 0.710778 0.0499661 -0.427404
v 0.716999 0.0599738 -0.435211
v 0.723155 0.0699771 -0.443051
v 0.729245 0.079984 -0.450931
v 0.735269 0.0899906 -0.458848
v 0.740761 0.100005 -0.466175
v 0.678319 -6.93331e-05 -0.388534
v 0.678703 0.00994182 -0.388995
v 0.685239 0.0199501 -0.396593
v 0.691712 0.0299562 -0.404232
v 0.69812 0.0399604 -0.411909
v 0.704465 0.049967 -0.41963
v 0.71075 0.0599723 -0.427393
v 0.716966 0.0699807 -0.435194
v 0.723122 0.0799844 -0.443032
v 0.729206 0.0899914 -0.450906
v 0.734722 0.100007 -0.458152
v 0.671687 -7.20898e-05 -0.380968
v 0.672087 0.00994399 -0.381445
v 0.678684 0.0199476 -0.388994
v 0.685218 0.0299568 -0.396591
v 0.691687 0.0399636 -0.404226
v 0.698097 0.0499684 -0.411905
v 0.704438 0.0599756 -0.419621
v 0.710718 0.0699814 -0.427379
v 0.716935 0.0799861 -0.435176
v 0.723085 0.0899898 -0.443009
v 0.728625 0.100006 -0.450174
v 0.664998 -7.14579e-05 -0.373456
v 0.665417 0.0099417 -0.373943
v 0.672073 0.0199489 -0.381449
v 0.678668 0.0299573 -0.388999
v 0.685199 0.039963 -0.39659
v 0.691667 0.0499703 -0.404224
v 0.698072 0.0599756 -0.411898
v 0.704414 0.0699791 -0.419611
v 0.710692 0.0799851 -0.427366
v 0.716904 0.0899896 -0.435158
v 0.722465 0.100007 -0.44224
v 0.65825 -7.167e-05 -0.36599
v 0.65869 0.00994298 -0.366494
v 0.665408 0.01995 -0.373954
v 0.672061 0.0299538 -0.381454
v 0.678651 0.0399626 -0.389
v 0.685178 0.0499686 -0.396587
v 0.691644 0.0599762 -0.404219
v 0.698049 0.0699816 -0.411891
v 0.704388 0.0799851 -0.419602
v 0.710662 0.0899908 -0.427352
v 0.716244 0.100008 -0.434353
v 0.651449 -7.26314e-05 -0.358578
v 0.651909 0.00993968 -0.359092
v 0.658683 0.0199506 -0.366507
v 0.665395 0.0299541 -0.373958
v 0.672045 0.0399623 -0.381458
v 0.678636 0.0499672 -0.389002
v 0.685161 0.0599734 -0.396586
v 0.691623 0.0699809 -0.404213
v 0.698026 0.0799861 -0.411884
v 0.704359 0.0899932 -0.419591
v 0.709968 0.100007 -0.426513
v 0.644595 -7.44672e-05 -0.351217
v 0.645072 0.00993973 -0.351745
v 0.651904 0.0199468 -0.359107
v 0.658676 0.0299542 -0.366515
v 0.665384 0.0399618 -0.373967
v 0.67203 0.04997 -0.381463
v 0.678619 0.059975 -0.389005
v 0.685141 0.0699809 -0.396585
v 0.691601 0.0799881 -0.40421
v 0.697999 0.0899927 -0.411875
v 0.703628 0.10001 -0.418721
v 0.637681 -7.32622e-05 -0.343908
v 0.638178 0.00993914 -0.344446
v 0.645064 0.0199505 -0.35176
v 0.651897 0.0299538 -0.359119
v 0.658664 0.0399613 -0.366523
v 0.665372 0.0499688 -0.373974
v 0.672016 0.0599768 -0.381468
v 0.678601 0.0699814 -0.389005
v 0.685121 0.0799868 -0.396583
v 0.69158 0.0899933 -0.404206
v 0.697231 0.100011 -0.410974
v 0.630712 -7.29634e-05 -0.336649
v 0.631228 0.00994184 -0.337201
v 0.638172 0.0199496 -0.344463
v 0.64506 0.0299571 -0.351774
v 0.651886 0.0399644 -0.35913
v 0.658652 0.0499716 -0.366533
v 0.665361 0.0599749 -0.373981
v 0.672004 0.0699823 -0.381474
v 0.678583 0.0799901 -0.389007
v 0.685102 0.0899947 -0.396583
v 0.690774 0.100012 -0.403275
v 0.623691 -7.36019e-05 -0.329444
v 0.624224 0.00993981 -0.330003
v 0.631226 0.0199481 -0.337217
v 0.63817 0.029956 -0.344478
v 0.645056 0.0399633 -0.351789
v 0.651882 0.0499703 -0.359144
v 0.658644 0.059977 -0.366542
v 0.665349 0.0699835 -0.37399
v 0.671989 0.0799901 -0.381478
v 0.678566 0.0899969 -0.389009
v 0.684261 0.100013 -0.395626
v 0.616618 -7.5209e-05 -0.322293
v 0.617165 0.00994107 -0.322862
v 0.624226 0.01995 -0.330027
v 0.631226 0.0299543 -0.337234
v 0.638169 0.0399619 -0.344495
v 0.645052 0.0499688 -0.351801
v 0.651874 0.0599791 -0.359157
v 0.658635 0.069985 -0.366554
v 0.665336 0.0799905 -0.373996
v 0.671975 0.089996 -0.381482
v 0.677692 0.100012 -0.388024
v 0.609488 -7.77846e-05 -0.315191
v 0.610051 0.00994163 -0.315769
v 0.617168 0.0199473 -0.322882
v 0.624228 0.0299561 -0.330047
v 0.631226 0.039964 -0.337255
v 0.638169 0.0499711 -0.344515
v 0.645046 0.0599773 -0.351816
v 0.651867 0.0699826 -0.359165
v 0.658625 0.0799913 -0.366562
v 0.665325 0.0899956 -0.374003
v 0.671064 0.100014 -0.380474
v 0.602306 -7.73518e-05 -0.308147
v 0.602886 0.00994144 -0.308732
v 0.610059 0.019948 -0.315795
v 0.617174 0.0299574 -0.322909
v 0.624227 0.0399658 -0.330066
v 0.63123 0.0499691 -0.337275
v 0.638163 0.0599792 -0.344529
v 0.645043 0.0699843 -0.351832
v 0.651861 0.0799924 -0.359181
v 0.658615 0.0899996 -0.366572
v 0.664379 0.100013 -0.372969
v 0.595073 -7.80444e-05 -0.301158
v 0.59567 0.0099404 -0.30175
v 0.602897 0.019948 -0.30876
v 0.610064 0.0299582 -0.315821
v 0.617178 0.0399631 -0.322929
v 0.624233 0.0499708 -0.330088
v 0.631226 0.0599771 -0.337291
v 0.638162 0.069986 -0.344547
v 0.645037 0.0799936 -0.351846
v 0.651854 0.0900001 -0.359194
v 0.657636 0.100017 -0.365518
v 0.587783 -7.58221e-05 -0.294222
v 0.588397 0.00994221 -0.294822
v 0.59568 0.0199473 -0.301777
v 0.602904 0.0299585 -0.308788
v 0.610074 0.0399641 -0.315846
v 0.617181 0.0499722 -0.322951
v 0.624236 0.0599787 -0.33011
v 0.631227 0.0699876 -0.337313
v 0.638161 0.0799911 -0.344562
v 0.645033 0.0900009 -0.351861
v 0.650842 0.100016 -0.358119
v 0.580445 -7.87349e-05 -0.287342
v 0.581074 0.00993889 -0.287946
v 0.588409 0.0199497 -0.29485
v 0.595689 0.0299582 -0.301807
v 0.602912 0.0399647 -0.308812
v 0.61008 0.0499734 -0.315871
v 0.617187 0.0599803 -0.322975
v 0.624238 0.0699854 -0.330129
v 0.631228 0.0799926 -0.337331
v 0.638157 0.0900021 -0.344581
v 0.643988 0.100016 -0.350766
v 0.573053 -7.84505e-05 -0.280517
v 0.573697 0.0099427 -0.28113
v 0.581086 0.019951 -0.287978
v 0.588423 0.0299571 -0.294881
v 0.5957 0.0399648 -0.301833
v 0.602921 0.0499743 -0.308839
v 0.610085 0.0599817 -0.315894
v 0.617192 0.069987 -0.322997
v 0.62424 0.0799943 -0.330151
v 0.63123 0.0899995 -0.337351
v 0.637083 0.100016 -0.343469
v 0.565612 -7.8508e-05 -0.273747
v 0.566269 0.00994218 -0.274365
v 0.573715 0.0199477 -0.281161
v 0.581102 0.0299594 -0.28801
v 0.588436 0.0399645 -0.294909
v 0.595711 0.0499749 -0.301863
v 0.602934 0.059979 -0.308866
v 0.610092 0.0699887 -0.315917
v 0.617197 0.079996 -0.323021
v 0.624242 0.0900011 -0.330169
v 0.630117 0.10002 -0.336222
v 0.558124 -7.84687e-05 -0.267035
v 0.558795 0.00994216 -0.267657
v 0.56629 0.0199482 -0.274398
v 0.573731 0.0299573 -0.281191
v 0.581118 0.0399677 -0.288041
v 0.58845 0.0499753 -0.294941
v 0.595724 0.0599802 -0.301888
v 0.602942 0.0699905 -0.308894
v 0.610102 0.0799941 -0.315942
v 0.617201 0.0900031 -0.323042
v 0.623102 0.10002 -0.329028
v 0.550586 -7.80499e-05 -0.260377
v 0.551268 0.00994302 -0.261
v 0.558818 0.0199491 -0.267692
v 0.566312 0.029959 -0.274433
v 0.57375 0.0399668 -0.281224
v 0.581134 0.0499755 -0.288069
v 0.588466 0.0599813 -0.294968
v 0.595737 0.0699883 -0.301917
v 0.602952 0.0799963 -0.308917
v 0.610108 0.0900053 -0.315968
v 0.616034 0.10002 -0.321888
v 0.542997 -7.71887e-05 -0.253772
v 0.543699 0.00994075 -0.2544
v 0.551293 0.0199509 -0.261037
v 0.558841 0.0299573 -0.267725
v 0.566332 0.0399658 -0.274462
v 0.573768 0.0499756 -0.281254
v 0.581152 0.0599823 -0.288099
v 0.588478 0.0699901 -0.294996
v 0.595748 0.0799987 -0.301945
v 0.602963 0.090004 -0.308944
v 0.608909 0.100021 -0.314798
v 0.535362 -7.98999e-05 -0.247221
v 0.536076 0.0099392 -0.24785
v 0.543723 0.0199497 -0.254436
v 0.551318 0.0299602 -0.261072
v 0.558864 0.0399653 -0.267756
v 0.566352 0.0499758 -0.274495
v 0.573789 0.0599834 -0.281287
v 0.581167 0.0699919 -0.288129
v 0.588494 0.0799973 -0.295024
v 0.595758 0.090007 -0.30197
v 0.601734 0.100022 -0.307764
v 0.527682 -8.22017e-05 -0.24073
v 0.528407 0.00993822 -0.241358
v 0.536105 0.0199494 -0.247891
v 0.543746 0.02996 -0.25447
v 0.551345 0.0399653 -0.261103
v 0.558883 0.0499763 -0.267788
v 0.566372 0.0599845 -0.274527
v 0.573804 0.0699938 -0.281316
v 0.581186 0.0799999 -0.28816
v 0.588507 0.0900063 -0.295053
v 0.594504 0.100023 -0.300781
v 0.519951 -8.01072e-05 -0.234295
v 0.520693 0.00993784 -0.234925
v 0.528434 0.0199498 -0.241399
v 0.536132 0.0299568 -0.247926
v 0.543775 0.0399662 -0.254504
v 0.551367 0.0499774 -0.261138
v 0.558906 0.059986 -0.267822
v 0.566392 0.0699918 -0.274556
v 0.573825 0.0800025 -0.281349
v 0.581199 0.0900096 -0.288188
v 0.587226 0.100024 -0.293857
v 0.512175 -8.16509e-05 -0.227917
v 0.512928 0.00993812 -0.228547
v 0.52072 0.019947 -0.234962
v 0.528464 0.0299584 -0.241436
v 0.536158 0.039968 -0.247961
v 0.543802 0.0499754 -0.254539
v 0.55139 0.0599841 -0.261169
v 0.558928 0.0699942 -0.267854
v 0.566413 0.0800014 -0.27459
v 0.573843 0.0900091 -0.281378
v 0.579891 0.100025 -0.286984
v 0.504351 -8.28471e-05 -0.221596
v 0.505117 0.00993905 -0.222226
v 0.512958 0.019949 -0.228586
v 0.520752 0.029957 -0.235002
v 0.528493 0.0399669 -0.241471
v 0.536186 0.0499783 -0.247999
v 0.543825 0.059987 -0.254575
v 0.551414 0.0699931 -0.261205
v 0.558953 0.0800006 -0.267889
v 0.566433 0.0900089 -0.274621
v 0.572507 0.100026 -0.280167
v 0.496483 -8.37271e-05 -0.215337
v 0.497259 0.00993642 -0.215961
v 0.50515 0.0199479 -0.222266
v 0.512993 0.0299566 -0.228626
v 0.520783 0.0399668 -0.23504
v 0.528524 0.0499783 -0.241512
v 0.536214 0.059987 -0.248036
v 0.543853 0.0699929 -0.254612
v 0.551437 0.0800042 -0.261241
v 0.558971 0.0900129 -0.267921
v 0.565073 0.100028 -0.273407
v 0.488567 -8.84726e-05 -0.209132
v 0.489354 0.00993818 -0.209758
v 0.497294 0.0199473 -0.216002
v 0.505184 0.029957 -0.222304
v 0.513023 0.0399678 -0.228664
v 0.520814 0.0499756 -0.235078
v 0.52855 0.0599882 -0.241549
v 0.536241 0.0699939 -0.248072
v 0.543874 0.0800048 -0.254648
v 0.551459 0.0900135 -0.261275
v 0.557587 0.10003 -0.266702
v 0.480607 -8.89414e-05 -0.202992
v 0.481404 0.00993625 -0.203613
v 0.489393 0.0199474 -0.209799
v 0.49733 0.0299584 -0.216043
v 0.505217 0.0399658 -0.222343
v 0.513055 0.049978 -0.228704
v 0.520842 0.0599868 -0.235118
v 0.528579 0.0699963 -0.241588
v 0.536266 0.0800029 -0.24811
v 0.543901 0.0900112 -0.254683
v 0.550055 0.100029 -0.260054
v 0.4726 -8.92822e-05 -0.196913
v 0.473408 0.00993472 -0.197527
v 0.481442 0.0199481 -0.203652
v 0.489429 0.0299565 -0.209837
v 0.497365 0.0399689 -0.216084
v 0.505252 0.0499776 -0.222386
v 0.513088 0.0599868 -0.228745
v 0.52087 0.0699964 -0.235157
v 0.528606 0.0800066 -0.241628
v 0.536289 0.0900144 -0.248147
v 0.542475 0.100029 -0.253463
v 0.464545 -8.95261e-05 -0.190892
v 0.465364 0.00993352 -0.191501
v 0.47345 0.0199452 -0.197566
v 0.481482 0.0299555 -0.20369
v 0.489462 0.039969 -0.209876
v 0.4974 0.0499785 -0.216125
v 0.505283 0.0599881 -0.222426
v 0.513115 0.0699979 -0.228783
v 0.5209 0.0800081 -0.2352
v 0.528634 0.0900154 -0.241667
v 0.534843 0.100031 -0.246924
v 0.456448 -8.97363e-05 -0.184938
v 0.457278 0.00993254 -0.18554
v 0.465408 0.019947 -0.191541
v 0.473486 0.0299592 -0.197604
v 0.481519 0.0399662 -0.20373
v 0.489501 0.0499765 -0.209918
v 0.497435 0.0599867 -0.216165
v 0.505317 0.0699969 -0.222468
v 0.513148 0.0800073 -0.228827
v 0.520929 0.0900145 -0.235236
v 0.527165 0.100034 -0.240444
v 0.448302 -9.00388e-05 -0.179042
v 0.449141 0.00993571 -0.17964
v 0.457323 0.0199452 -0.185577
v 0.46545 0.0299557 -0.191577
v 0.473527 0.0399683 -0.197645
v 0.481554 0.0499797 -0.203772
v 0.489536 0.0599905 -0.209963
v 0.497467 0.0699972 -0.216207
v 0.505346 0.0800079 -0.222509
v 0.51318 0.0900152 -0.228866
v 0.519443 0.100035 -0.234021
v 0.440118 -9.45987e-05 -0.173212
v 0.440962 0.0099348 -0.173804
v 0.449192 0.0199437 -0.179674
v 0.457363 0.0299568 -0.185611
v 0.46549 0.0399672 -0.191616
v 0.473566 0.04998 -0.197688
v 0.481595 0.0599876 -0.203817
v 0.489572 0.0699988 -0.210006
v 0.497499 0.0800099 -0.216251
v 0.505379 0.0900174 -0.222551
v 0.511674 0.100037 -0.227655
v 0.431883 -9.55633e-05 -0.167447
v 0.432739 0.00993365 -0.168032
v 0.441012 0.0199462 -0.173835
v 0.449234 0.0299583 -0.17971
v 0.457407 0.039967 -0.18565
v 0.46553 0.0499813 -0.191662
v 0.473605 0.05999 -0.197731
v 0.481628 0.0700018 -0.203861
v 0.489604 0.0800093 -0.210047
v 0.497531 0.0900209 -0.216293
v 0.503858 0.100038 -0.221345
v 0.423607 -9.7096e-05 -0.161749
v 0.424471 0.00993204 -0.162325
v 0.432789 0.0199447 -0.168059
v 0.44106 0.0299561 -0.173868
v 0.449281 0.0399673 -0.179749
v 0.457447 0.0499795 -0.185692
v 0.465569 0.0599895 -0.191702
v 0.473641 0.0700021 -0.197777
v 0.481666 0.0800101 -0.203907
v 0.489638 0.0900219 -0.210093
v 0.495993 0.100039 -0.215092
v 0.415282 -9.53726e-05 -0.156119
v 0.416156 0.00992978 -0.156683
v 0.424525 0.0199429 -0.162351
v 0.432839 0.0299579 -0.168094
v 0.441105 0.0399681 -0.173906
v 0.449322 0.0499784 -0.179788
v 0.457491 0.05999 -0.185739
v 0.465606 0.0700036 -0.191751
v 0.473678 0.0800122 -0.197822
v 0.4817 0.0900203 -0.203951
v 0.488088 0.100038 -0.208901
v 0.406919 -9.86443e-05 -0.150558
v 0.407795 0.00993071 -0.151111
v 0.416208 0.0199446 -0.156706
v 0.424575 0.0299556 -0.162382
v 0.432884 0.0399689 -0.168128
v 0.441147 0.0499818 -0.173947
v 0.449363 0.0599913 -0.179834
v 0.457528 0.0700022 -0.185785
v 0.465646 0.0800116 -0.191798
v 0.473713 0.090024 -0.19787
v 0.48013 0.100042 -0.202767
v 0.398509 -9.8943e-05 -0.145067
v 0.399392 0.00993055 -0.14561
v 0.407851 0.0199455 -0.151133
v 0.416262 0.0299568 -0.156737
v 0.424621 0.0399698 -0.162418
v 0.432929 0.0499815 -0.16817
v 0.441191 0.0599931 -0.173994
v 0.449404 0.0700017 -0.179882
v 0.457566 0.080012 -0.185833
v 0.465679 0.090025 -0.191846
v 0.472133 0.100044 -0.196698
v 0.390052 -0.000100477 -0.139643
v 0.390943 0.00992921 -0.140177
v 0.39945 0.0199415 -0.145626
v 0.407904 0.0299574 -0.151159
v 0.416311 0.0399703 -0.156772
v 0.424666 0.0499812 -0.162456
v 0.432974 0.0599914 -0.168214
v 0.44123 0.0700057 -0.174041
v 0.449442 0.0800133 -0.179932
v 0.4576 0.090027 -0.185884
v 0.464089 0.100043 -0.190686
v 0.381556 -0.000103408 -0.134294
v 0.382451 0.00992655 -0.134815
v 0.391 0.0199444 -0.14019
v 0.399505 0.0299572 -0.145653
v 0.407957 0.0399702 -0.151195
v 0.416359 0.0499807 -0.156811
v 0.424711 0.0599937 -0.162503
v 0.433013 0.0700062 -0.168264
v 0.441271 0.0800153 -0.174093
v 0.449479 0.090026 -0.179985
v 0.455996 0.100047 -0.184738
v 0.373014 -0.00010374 -0.129017
v 0.373912 0.00992647 -0.129525
v 0.382511 0.0199421 -0.134826
v 0.39106 0.0299561 -0.140215
v 0.399558 0.0399696 -0.145685
v 0.408002 0.0499838 -0.151232
v 0.416402 0.0599959 -0.156857
v 0.424753 0.0700069 -0.162554
v 0.433051 0.0800178 -0.168316
v 0.441305 0.0900296 -0.174147
v 0.447862 0.100048 -0.178853
v 0.364429 -0.00010566 -0.123815
v 0.365331 0.00992482 -0.12431
v 0.373975 0.0199425 -0.129536
v 0.382568 0.0299578 -0.134849
v 0.391112 0.039968 -0.140242
v 0.399606 0.0499823 -0.145723
v 0.408049 0.0599938 -0.151277
v 0.416442 0.0700075 -0.156906
v 0.42479 0.0800165 -0.162604
v 0.43309 0.0900298 -0.168375
v 0.43968 0.10005 -0.17303
v 0.3558 -0.000105134 -0.118688
v 0.356705 0.0099256 -0.11917
v 0.365394 0.0199414 -0.124315
v 0.374034 0.0299543 -0.129552
v 0.382623 0.0399695 -0.134876
v 0.39116 0.0499841 -0.140282
v 0.399649 0.0599952 -0.145766
v 0.40809 0.070008 -0.151329
v 0.416483 0.0800193 -0.156963
v 0.424829 0.0900303 -0.162667
v 0.431455 0.100053 -0.167275
v 0.347126 -0.000106325 -0.113636
v 0.348035 0.00992469 -0.114105
v 0.356769 0.0199387 -0.119169
v 0.365454 0.0299574 -0.124333
v 0.374086 0.0399698 -0.129577
v 0.382671 0.049985 -0.134913
v 0.391206 0.059996 -0.140326
v 0.399693 0.070008 -0.145819
v 0.408128 0.080022 -0.151385
v 0.416521 0.090031 -0.157024
v 0.423189 0.100052 -0.161586
v 0.338415 -0.000109303 -0.108663
v 0.339324 0.00992195 -0.109116
v 0.348102 0.0199385 -0.114102
v 0.356832 0.0299551 -0.119185
v 0.36551 0.0399688 -0.124356
v 0.374136 0.0499848 -0.129614
v 0.382719 0.059996 -0.134957
v 0.39125 0.0700115 -0.140382
v 0.39973 0.0800243 -0.145879
v 0.408165 0.0900356 -0.151451
v 0.414873 0.100055 -0.155963
v 0.329656 -0.000109957 -0.103766
v 0.330568 0.00992151 -0.104206
v 0.339387 0.0199407 -0.10911
v 0.348163 0.0299553 -0.114113
v 0.356885 0.0399706 -0.119206
v 0.365562 0.0499835 -0.124392
v 0.374184 0.0599991 -0.12966
v 0.38276 0.0700103 -0.13501
v 0.391287 0.0800223 -0.140438
v 0.399765 0.090036 -0.145943
v 0.406515 0.100059 -0.15041
v 0.320862 -0.000112369 -0.0989525
v 0.321772 0.00991922 -0.0993763
v 0.330636 0.019937 -0.104197
v 0.339453 0.0299539 -0.109118
v 0.348218 0.0399709 -0.114134
v 0.356938 0.049985 -0.119242
v 0.365606 0.0600011 -0.124438
v 0.374227 0.0700124 -0.129714
v 0.382801 0.0800237 -0.135073
v 0.391325 0.0900361 -0.140509
v 0.398113 0.100058 -0.144923
v 0.312023 -0.000116608 -0.0942154
v 0.312929 0.00991914 -0.094625
v 0.321836 0.0199398 -0.0993636
v 0.330698 0.0299549 -0.104202
v 0.33951 0.0399697 -0.109138
v 0.34827 0.0499851 -0.114166
v 0.356985 0.0600021 -0.119288
v 0.365651 0.0700135 -0.124492
v 0.374263 0.0800283 -0.129777
v 0.382835 0.0900397 -0.135144
v 0.389668 0.100062 -0.139512
v 0.30314 -0.000118519 -0.0895601
v 0.304049 0.00991723 -0.0899571
v 0.312998 0.0199367 -0.0946086
v 0.321902 0.0299543 -0.0993661
v 0.330756 0.039971 -0.104221
v 0.339562 0.0499879 -0.109172
v 0.348318 0.0600018 -0.114212
v 0.357025 0.0700176 -0.119342
v 0.365688 0.0800282 -0.124556
v 0.374298 0.0900427 -0.12985
v 0.38118 0.100061 -0.134169
v 0.29422 -0.000118031 -0.0849934
v 0.295123 0.00991757 -0.0853708
v 0.304119 0.0199358 -0.0899389
v 0.313064 0.029956 -0.0946118
v 0.321959 0.0399708 -0.0993806
v 0.330806 0.0499892 -0.104251
v 0.339607 0.0600042 -0.109215
v 0.348359 0.0700166 -0.114266
v 0.357063 0.0800313 -0.119407
v 0.365722 0.0900451 -0.124632
v 0.372644 0.100064 -0.128898
v 0.285257 -0.000119242 -0.0805061
v 0.286158 0.00991614 -0.0808676
v 0.295195 0.0199373 -0.0853507
v 0.304179 0.0299559 -0.0899337
v 0.313121 0.0399729 -0.0946253
v 0.322013 0.0499891 -0.0994137
v 0.330856 0.0600053 -0.104297
v 0.339649 0.0700184 -0.10927
v 0.348396 0.0800333 -0.114334
v 0.357097 0.0900467 -0.119485
v 0.364069 0.100067 -0.123704
v 0.276255 -0.000117918 -0.0761072
v 0.277153 0.00991707 -0.0764527
v 0.286227 0.0199371 -0.080842
v 0.295258 0.0299542 -0.0853421
v 0.304238 0.0399735 -0.0899462
v 0.313175 0.0499874 -0.0946524
v 0.32206 0.060005 -0.0994564
v 0.330899 0.070019 -0.104353
v 0.339687 0.0800342 -0.109338
v 0.348431 0.0900475 -0.114414
v 0.355448 0.10007 -0.118582
v 0.267215 -0.000118166 -0.0717944
v 0.26811 0.00991634 -0.0721241
v 0.277225 0.0199352 -0.0764232
v 0.286295 0.0299549 -0.0808353
v 0.295318 0.0399724 -0.0853535
v 0.304292 0.0499882 -0.0899727
v 0.313221 0.0600073 -0.094697
v 0.322102 0.0700224 -0.0995139
v 0.330935 0.0800381 -0.104424
v 0.339719 0.0900513 -0.109421
v 0.346786 0.100072 -0.113537
v 0.258137 -0.000119799 -0.0675677
v 0.259022 0.00991811 -0.0678801
v 0.268179 0.0199357 -0.072089
v 0.27729 0.029954 -0.0764114
v 0.286351 0.0399737 -0.0808422
v 0.295367 0.0499916 -0.0853779
v 0.304338 0.0600082 -0.090017
v 0.313259 0.0700244 -0.0947513
v 0.322136 0.0800367 -0.0995808
v 0.330964 0.0900541 -0.104505
v 0.338082 0.100078 -0.108573
v 0.249016 -0.00011863 -0.0634288
v 0.249897 0.00991842 -0.0637256
v 0.259091 0.0199388 -0.0678429
v 0.26824 0.0299556 -0.072072
v 0.277346 0.0399736 -0.076417
v 0.286402 0.0499893 -0.0808638
v 0.295415 0.0600076 -0.0854199
v 0.30438 0.070025 -0.090075
v 0.313295 0.0800422 -0.0948243
v 0.322166 0.0900558 -0.0996679
v 0.329336 0.100079 -0.103684
v 0.239862 -0.000118652 -0.0593829
v 0.240733 0.00992148 -0.0596625
v 0.249969 0.0199364 -0.0636842
v 0.259154 0.0299557 -0.0678221
v 0.268299 0.0399718 -0.0720743
v 0.277398 0.0499896 -0.0764377
v 0.286448 0.0600096 -0.0809074
v 0.295456 0.0700243 -0.085478
v 0.304415 0.0800424 -0.0901486
v 0.313326 0.0900565 -0.0949104
v 0.320546 0.100083 -0.0988748
v 0.230665 -0.000115666 -0.0554247
v 0.23153 0.00992322 -0.0556888
v 0.240801 0.0199408 -0.0596153
v 0.250031 0.0299543 -0.0636616
v 0.259213 0.0399728 -0.0678231
v 0.268351 0.0499925 -0.0720997
v 0.277443 0.0600102 -0.076481
v 0.286489 0.0700262 -0.0809655
v 0.295489 0.0800453 -0.085554
v 0.304444 0.09006 -0.0902377
v 0.311717 0.100087 -0.0941485
v 0.221437 -0.000113739 -0.0515629
v 0.222289 0.00992375 -0.0518044
v 0.2316 0.0199398 -0.0556372
v 0.240865 0.0299558 -0.0595889
v 0.250089 0.0399723 -0.0636611
v 0.259266 0.04999 -0.0678454
v 0.268394 0.0600094 -0.0721369
v 0.277483 0.0700269 -0.076539
v 0.286523 0.080043 -0.08104
v 0.295517 0.0900623 -0.085644
v 0.302846 0.100086 -0.089499
v 0.212166 -0.000108595 -0.0477924
v 0.213012 0.00992724 -0.0480184
v 0.222357 0.0199418 -0.0517504
v 0.23166 0.0299601 -0.0556109
v 0.240921 0.0399747 -0.0595869
v 0.250138 0.0499903 -0.0636789
v 0.259306 0.0600114 -0.067884
v 0.268436 0.0700262 -0.0721982
v 0.277513 0.0800475 -0.0766157
v 0.286548 0.0900635 -0.0811327
v 0.293936 0.100088 -0.0849371
v 0.202865 -0.000108469 -0.0441161
v 0.203694 0.00992974 -0.0443216
v 0.213081 0.0199427 -0.0479599
v 0.222418 0.0299592 -0.05172
v 0.231717 0.0399759 -0.0556053
v 0.240968 0.0499934 -0.0596035
v 0.25018 0.0600121 -0.0637203
v 0.259347 0.0700284 -0.0679451
v 0.268465 0.0800467 -0.0722752
v 0.277542 0.0900636 -0.0767106
v 0.284983 0.10009 -0.0804572
v 0.193524 -0.00010499 -0.0405347
v 0.194345 0.00993127 -0.0407249
v 0.203761 0.0199467 -0.0442605
v 0.213141 0.0299614 -0.0479272
v 0.222474 0.0399761 -0.0517127
v 0.231765 0.0499913 -0.0556186
v 0.241011 0.0600117 -0.0596421
v 0.250215 0.0700294 -0.0637776
v 0.259376 0.0800449 -0.0680202
v 0.26849 0.0900665 -0.0723727
v 0.275991 0.100091 -0.0760626
v 0.18415 -0.000106288 -0.0370476
v 0.184957 0.009932 -0.0372209
v 0.194413 0.0199458 -0.0406588
v 0.203821 0.0299627 -0.0442235
v 0.213193 0.0399753 -0.0479125
v 0.222523 0.0499923 -0.0517282
v 0.231805 0.0600102 -0.0556563
v 0.241048 0.0700293 -0.0597024
v 0.250246 0.0800459 -0.0638562
v 0.259399 0.0900645 -0.0681182
v 0.266959 0.100092 -0.0717531
v 0.174743 -0.000108077 -0.0336605
v 0.175536 0.0099321 -0.0338169
v 0.185022 0.0199483 -0.0371519
v 0.19447 0.0299633 -0.0406194
v 0.203874 0.0399779 -0.0442104
v 0.213239 0.0499925 -0.0479266
v 0.222561 0.0600119 -0.0517649
v 0.23184 0.0700283 -0.0557161
v 0.241076 0.080046 -0.0597809
v 0.250269 0.0900654 -0.0639581
v 0.257891 0.100092 -0.0675356
v 0.165302 -0.000105982 -0.0303754
v 0.166082 0.00993171 -0.0305129
v 0.175601 0.0199461 -0.0337427
v 0.185079 0.0299633 -0.0371078
v 0.194521 0.0399798 -0.0406042
v 0.203921 0.0499921 -0.0442207
v 0.21328 0.0600089 -0.0479636
v 0.222595 0.0700265 -0.051822
v 0.231869 0.0800452 -0.055798
v 0.241097 0.0900654 -0.0598832
v 0.248782 0.100092 -0.063403
v 0.155825 -0.000108198 -0.0271847
v 0.156591 0.00992683 -0.0273033
v 0.166144 0.0199477 -0.0304355
v 0.175655 0.0299629 -0.0336959
v 0.185133 0.0399771 -0.0370918
v 0.194564 0.0499952 -0.0406127
v 0.203958 0.0600093 -0.0442565
v 0.213312 0.0700281 -0.0480254
v 0.222621 0.0800438 -0.0519035
v 0.231892 0.0900607 -0.0559018
v 0.239633 0.100091 -0.0593587
v 0.146323 -0.000114518 -0.0240993
v 0.147071 0.00992607 -0.024203
v 0.156654 0.0199449 -0.027226
v 0.166197 0.0299621 -0.0303835
v 0.175705 0.0399782 -0.0336774
v 0.185173 0.0499939 -0.0370984
v 0.194604 0.0600094 -0.0406485
v 0.20399 0.0700253 -0.0443153
v 0.213337 0.0800419 -0.0481045
v 0.222644 0.0900594 -0.0520109
v 0.23045 0.10009 -0.0554094
v 0.136783 -0.000120528 -0.0211103
v 0.137517 0.00992121 -0.0212008
v 0.147128 0.0199422 -0.0241164
v 0.156707 0.0299614 -0.0271745
v 0.166243 0.0399793 -0.0303624
v 0.175745 0.0499965 -0.0336854
v 0.185209 0.0600093 -0.0371325
v 0.194632 0.0700263 -0.0407061
v 0.204015 0.0800437 -0.0444028
v 0.213354 0.0900619 -0.0482138
v 0.221229 0.10009 -0.0515516
v 0.127219 -0.000130143 -0.0182303
v 0.127929 0.00991673 -0.0183025
v 0.13757 0.0199397 -0.0211104
v 0.147178 0.0299607 -0.0240616
v 0.15675 0.0399804 -0.0271505
v 0.166285 0.0499951 -0.0303695
v 0.175782 0.0600133 -0.0337211
v 0.185237 0.0700273 -0.0371923
v 0.194656 0.0800414 -0.0407908
v 0.204031 0.0900601 -0.0445098
v 0.21197 0.100089 -0.0477849
v 0.117619 -0.0001389 -0.0154505
v 0.11831 0.00990863 -0.0155059
v 0.127982 0.0199375 -0.0182117
v 0.137619 0.0299605 -0.0210557
v 0.14722 0.0399818 -0.0240381
v 0.156788 0.049998 -0.027155
v 0.166318 0.0600134 -0.0304032
v 0.175807 0.0700285 -0.0337773
v 0.18526 0.0800434 -0.0372795
v 0.19467 0.0900585 -0.0409009
v 0.202677 0.100085 -0.0441108
v 0.107992 -0.000150426 -0.012776
v 0.108666 0.0098974 -0.0128184
v 0.118362 0.019932 -0.0154147
v 0.128029 0.0299565 -0.0181512
v 0.137663 0.0399796 -0.0210304
v 0.14726 0.0499973 -0.0240413
v 0.156818 0.0600141 -0.0271843
v 0.166342 0.0700301 -0.0304611
v 0.175828 0.0800416 -0.0338612
v 0.185276 0.0900572 -0.0373903
v 0.193349 0.100087 -0.0405367
v 0.0983372 -0.00016391 -0.0102065
v 0.0989882 0.0098878 -0.0102347
v 0.108713 0.0199231 -0.0127231
v 0.118408 0.0299534 -0.0153539
v 0.128068 0.0399781 -0.0181224
v 0.137698 0.0499973 -0.0210305
v 0.147289 0.0600154 -0.0240715
v 0.156845 0.0700324 -0.0272473
v 0.166363 0.0800447 -0.030547
v 0.175841 0.0900606 -0.0339766
v 0.183987 0.100085 -0.0370549
v 0.0886531 -0.000174326 -0.00774374
v 0.0892829 0.00988067 -0.00776165
v 0.0990306 0.01992 -0.0101409
v 0.108755 0.0299513 -0.0126639
v 0.118446 0.0399776 -0.0153249
v 0.128102 0.0499983 -0.0181227
v 0.137723 0.0600176 -0.0210579
v 0.147312 0.0700357 -0.0241322
v 0.156861 0.0800486 -0.0273313
v 0.166376 0.0900608 -0.0306628
v 0.17459 0.100085 -0.0336707
v 0.0789461 -0.000184577 -0.00538872
v 0.0795491 0.0098726 -0.00539339
v 0.0893242 0.0199105 -0.0076655
v 0.0990725 0.0299463 -0.0100793
v 0.108788 0.0399781 -0.0126311
v 0.118475 0.0500004 -0.0153217
v 0.12813 0.0600211 -0.018154
v 0.137747 0.070036 -0.0211174
v 0.147328 0.0800497 -0.0242156
v 0.156873 0.0900663 -0.0274492
v 0.165156 0.10009 -0.0303861
v 0.0692098 -0.000190174 -0.00314011
v 0.0697915 0.0098682 -0.00313947
v 0.0795876 0.019908 -0.00530298
v 0.0893609 0.0299431 -0.00760578
v 0.0991033 0.0399757 -0.0100461
v 0.10882 0.0500037 -0.0126312
v 0.118501 0.0600259 -0.0153531
v 0.128149 0.0700421 -0.0182106
v 0.137759 0.0800564 -0.021204
v 0.147338 0.0900692 -0.0243352
v 0.155693 0.100094 -0.0272006
v 0.059451 -0.000193853 -0.000998738
v 0.0600027 0.0098683 -0.000992357
v 0.069824 0.0199042 -0.00304957
v 0.0796222 0.0299381 -0.00524114
v 0.0893888 0.0399749 -0.00757229
v 0.099133 0.0500042 -0.0100459
v 0.108843 0.0600281 -0.0126568
v 0.118519 0.0700498 -0.0154098
v 0.12816 0.0800649 -0.018298
v 0.137768 0.0900781 -0.021325
v 0.146197 0.1001 -0.024116
v 0.049667 -0.000191164 0.00103292
v 0.050196 0.00986931 0.00103904
v 0.0600372 0.0198998 -0.00090873
v 0.0698547 0.0299395 -0.00299383
v 0.07965 0.0399721 -0.00521108
v 0.0894159 0.0500062 -0.00757165
v 0.0991543 0.0600318 -0.010071
v 0.108859 0.0700552 -0.0127134
v 0.118531 0.0800715 -0.0154955
v 0.128165 0.0900851 -0.0184143
v 0.136672 0.100109 -0.0211358
v 0.0398602 -0.000185412 0.00295722
v 0.0403567 0.00987513 0.00296287
v 0.0502221 0.0199033 0.00111484
v 0.0600643 0.0299353 -0.000857609
v 0.0698798 0.039971 -0.00296172
v 0.0796703 0.0500061 -0.00520636
v 0.0894316 0.0600371 -0.00759259
v 0.0991653 0.0700623 -0.0101236
v 0.108869 0.0800802 -0.012799
v 0.118535 0.0900946 -0.0156124
v 0.127116 0.100117 -0.0182544
v 0.0300349 -0.000169635 0.00476985
v 0.0305059 0.00988534 0.00476891
v 0.0403818 0.0199063 0.00302479
v 0.0502438 0.029938 0.00116071
v 0.0600847 0.039972 -0.000831694
v 0.0698997 0.0500076 -0.00296028
v 0.0796871 0.0600404 -0.00523021
v 0.0894464 0.0700672 -0.00764601
v 0.0991744 0.080091 -0.0102089
v 0.108872 0.0901067 -0.0129161
v 0.117528 0.100132 -0.0154793
v 0.0201851 -0.000141622 0.00646643
v 0.0206248 0.00990391 0.00645611
v 0.0305207 0.0199158 0.00481702
v 0.0403997 0.029939 0.00306098
v 0.0502623 0.039971 0.00118425
v 0.0601018 0.0500067 -0.000827866
v 0.0699156 0.0600411 -0.00298112
v 0.0797001 0.0700744 -0.0052826
v 0.0894541 0.0800999 -0.00773057
v 0.0991773 0.0901172 -0.0103236
v 0.107912 0.100144 -0.0128047
v 0.0103435 -0.000128638 0.00803578
v 0.0107377 0.00992403 0.0080109
v 0.0206319 0.0199273 0.00648734
v 0.0305314 0.0299445 0.00484197
v 0.0404098 0.0399755 0.00307702
v 0.0502768 0.0500074 0.00118436
v 0.060114 0.0600435 -0.00084785
v 0.0699248 0.0700751 -0.00302658
v 0.0797046 0.0801074 -0.00536032
v 0.0894555 0.0901302 -0.0078446
v 0.0982682 0.100159 -0.0102388
v 0.000939657 -6.60222e-05 0.00938481
v 1.74559e-06 0.00999032 -0.000201336
v 0.010747 0.0199483 0.00803157
v 0.0206412 0.0299541 0.00649912
v 0.0305442 0.039976 0.0048476
v 0.0404197 0.0500094 0.00307934
v 0.0502835 0.0600435 0.00117129
v 0.0601194 0.0700779 -0.000885892
v 0.069928 0.080113 -0.00310261
v 0.0797033 0.0901383 -0.00546747
v 0.0885967 0.100173 -0.00777972
v 1.13569e-07 0.0199937 -0.000200814
v 0.0107448 0.0299687 0.00803061
v 0.0206432 0.0399823 0.00649767
v 0.0305503 0.0500057 0.00484722
v 0.0404291 0.0600401 0.00306774
v 0.0502921 0.0700784 0.00113362
v 0.0601254 0.0801126 -0.000955777
v 0.0699275 0.0901449 -0.00320606
v 0.0788999 0.100184 -0.00542521
v 5.39243e-06 0.0299926 -0.000202638
v 0.0107472 0.039988 0.0080251
v 0.0206516 0.0500043 0.00649374
v 0.0305565 0.0600357 0.00483908
v 0.0404338 0.070076 0.00303823
v 0.0502941 0.0801108 0.00107793
v 0.0601206 0.0901505 -0.00105321
v 0.0691741 0.100195 -0.00317808
v 2.15601e-06 0.0399954 -0.00019992
v 0.0107466 0.0500056 0.00802231
v 0.020652 0.0600319 0.00648796
v 0.0305583 0.070068 0.0048197
v 0.0404391 0.0801065 0.00298999
v 0.0502931 0.0901467 0.000987567
v 0.0594264 0.100198 -0.00103807
v 3.9795e-06 0.0499974 -0.000201503
v 0.0107517 0.0600221 0.00801569
v 0.020659 0.0700529 0.00647992
v 0.0305598 0.080097 0.00478664
v 0.0404358 0.0901418 0.00291509
v 0.0496549 0.100197 0.000993005
v 1.44263e-06 0.0600028 -0.000202027
v 0.0107513 0.070037 0.00801612
v 0.0206557 0.0800801 0.00646194
v 0.0305596 0.0901277 0.00472595
v 0.0398594 0.100188 0.00291588
v 0.000230313 0.100035 0.00381792
v 2.86328e-06 0.090006 -0.000199826
v 0.0103779 0.100127 0.0079948
v 3.63748e-06 0.0800052 -0.00020205
v 0.0107484 0.0900846 0.00798241
v 0.0202072 0.100142 0.00642744
v 2.69331e-06 0.0700026 -0.000200825
v 0.0107534 0.0800591 0.00800905
v 0.0206565 0.0901075 0.00642044
v 0.0300447 0.100172 0.00472781
v 0.809051 -5.12999e-05 -0.566547
v 0.809019 0.0099531 -0.566511
v 0.814036 0.01995 -0.574737
v 0.825557 0.0199649 -0.578651
v 0.814131 -6.07907e-05 -0.574835
v 0.814109 0.00994138 -0.574786
v 0.825582 0.00997759 -0.578644
v 0.818849 -7.00336e-05 -0.582732
v -0.0139162 0.0163899 -0.109594
v -0.0250494 0.0163899 -0.109594
v -0.0250494 -7.12872e-05 -0.109594
v -0.0139162 -7.12872e-05 -0.109594
v -0.0244763 0.000818675 -0.109594
v -0.0236168 0.000818675 -0.109594
v -0.0236168 0.00170839 -0.109594
v -0.0244763 0.00170839 -0.109594
v -0.0244763 0.00170839 -0.109594
v -0.0236168 0.00170839 -0.109594
v -0.0236168 0.0025981 -0.109594
v -0.0244763 0.0025981 -0.109594
v -0.0244763 0.0025981 -0.109594
v -0.0236168 0.0025981 -0.109594
v -0.0236168 0.00348806 -0.109594
v -0.0244763 0.00348806 -0.109594
v -0.0244763 0.00348806 -0.109594
v -0.0236168 0.00348806 -0.109594
v -0.0236168 0.00437777 -0.109594
v -0.0244763 0.00437777 -0.109594
v -0.0244763 0.00437777 -0.109594
v -0.0236168 0.00437777 -0.109594
v -0.0236168 0.00526749 -0.109594
v -0.0244763 0.00526749 -0.109594
v -0.0244763 0.00526749 -0.109594
v -0.0236168 0.00526749 -0.109594
v -0.0236168 0.0061572 -0.109594
v -0.0244763 0.0061572 -0.109594
v -0.0244763 0.0061572 -0.109594
v -0.0236168 0.0061572 -0.109594
v -0.0236168 0.00704716 -0.109594
v -0.0244763 0.00704716 -0.109594
v -0.0244763 0.00704716 -0.109594
v -0.0236168 0.00704716 -0.109594
v -0.0236168 0.00793687 -0.109594
v -0.0244763 0.00793687 -0.109594
v -0.0244763 0.00793687 -0.109594
v -0.0236168 0.00793687 -0.109594
v -0.0236168 0.00882659 -0.109594
v -0.0244763 0.00882659 -0.109594
v -0.0244763 0.00882659 -0.109594
v -0.0236168 0.00882659 -0.109594
v -0.0236168 0.00971655 -0.109594
v -0.0244763 0.00971655 -0.109594
v -0.0244763 0.00971655 -0.109594
v -0.0236168 0.00971655 -0.109594
v -0.0236168 0.0106063 -0.109594
v -0.0244763 0.0106063 -0.109594
v -0.0244763 0.0106063 -0.109594
v -0.0236168 0.0106063 -0.109594
v -0.0236168 0.011496 -0.109594
v -0.0244763 0.011496 -0.109594
v -0.0244763 0.000818675 -0.109594
v -0.0233303 0.000818675 -0.109594
v -0.0244763 0.00170839 -0.109594
v -0.0233303 0.00170839 -0.109594
v -0.0244763 0.0025981 -0.109594
v -0.0233303 0.0025981 -0.109594
v -0.0244763 0.00348806 -0.109594
v -0.0233303 0.00348806 -0.109594
v -0.0244763 0.00437777 -0.109594
v -0.0233303 0.00437777 -0.109594
v -0.0244763 0.00526749 -0.109594
v -0.0233303 0.00526749 -0.109594
v -0.0244763 0.0061572 -0.109594
v -0.0233303 0.0061572 -0.109594
v -0.0244763 0.00704716 -0.109594
v -0.0233303 0.00704716 -0.109594
v -0.0244763 0.00793687 -0.109594
v -0.0233303 0.00793687 -0.109594
v -0.0244763 0.00882659 -0.109594
v -0.0233303 0.00882659 -0.109594
v -0.0244763 0.00971655 -0.109594
v -0.0233303 0.00971655 -0.109594
v -0.0244763 0.0106063 -0.109594
v -0.0233303 0.0106063 -0.109594
v -0.0244763 0.011496 -0.109594
v -0.0233303 0.011496 -0.109594
v -0.0236168 0.011496 -0.109594
v -0.0236168 0.000818675 -0.109594

#List of body polygons
f 1 2 3
f 1 3 4
f 6 8 7
f 6 9 8
f 19 7 8
f 19 20 7
f 263 264 262
f 264 263 265
f 270 272 271
f 270 273 272
f 276 271 272
f 276 277 271
f 282 9 6
f 282 283 9
f 1296 1298 1297
f 1296 1299 1298
f 1302 1297 1298
f 1302 1303 1297
f 1304 1306 1305
f 1304 1307 1306
f 1311 1307 1304
f 1311 1312 1307
f 1469 1470 1468
f 1469 1471 1470
f 1471 1305 1306
f 1471 1469 1305
f 1474 1476 1475
f 1474 1477 1476
f 1477 1468 1470
f 1477 1474 1468

#List of body polygons
f 5 6 7
f 5 15 16
f 20 5 7
f 20 15 5
f 20 21 15
f 260 261 259
f 260 262 261
f 260 263 262
f 263 266 265
f 263 260 266
f 273 274 272
f 273 275 274
f 274 276 272
f 5 278 279
f 281 5 279
f 281 6 5
f 281 282 6
f 5 16 278
f 261 428 429
f 261 429 259
f 275 439 440
f 449 275 440
f 449 450 275
f 1142 1143 1141
f 1142 1144 1143
f 1143 1145 1141
f 1144 1296 1297
f 1303 1144 1297
f 1303 1143 1144
f 1307 1308 1306
f 1307 1309 1308
f 1307 1310 1309
f 1312 1310 1307
f 1312 1313 1310
f 1308 1314 1315
f 1314 1308 1309
f 1471 1308 1470
f 1308 1471 1306
f 1477 1478 1476
f 1477 1479 1478
f 1479 1308 1315
f 1479 1470 1308
f 1479 1477 1470

#List of body polygons
f 9 10 8
f 9 2 10
f 14 2 13
f 14 10 2
f 10 19 8
f 2 270 271
f 277 2 271
f 277 3 2
f 283 2 9
f 1299 1300 1298
f 1299 1301 1300
f 1300 1302 1298
f 1301 1304 1305
f 1301 1311 1304
f 1301 1461 1462
f 1301 1462 1300
f 1466 1467 1465
f 1466 1468 1467
f 1466 1469 1468
f 1469 1301 1305
f 1469 1472 1301
f 1469 1466 1472
f 1467 1474 1475
f 1474 1467 1468

#List of body polygons
f 1 11 12
f 268 269 261
f 268 261 264
f 1461 1463 1464
f 1463 1461 1473

#List of body polygons
f 11 13 12
f 11 14 13
f 1463 1465 1464
f 1463 1466 1465
f 1466 1473 1472
f 1466 1463 1473

#List of body polygons
f 15 17 16
f 15 18 17
f 21 18 15
f 17 22 23
f 22 18 26
f 22 17 18
f 257 259 258
f 257 260 259
f 260 267 266
f 260 257 267
f 278 275 279
f 278 280 275
f 275 281 279
f 285 17 286
f 285 280 17
f 16 280 278
f 16 17 280
f 17 23 286
f 428 430 429
f 428 431 430
f 429 258 259
f 429 430 258
f 439 441 440
f 439 442 441
f 448 440 441
f 448 449 440
f 280 451 452
f 454 280 452
f 454 275 280
f 280 285 451
f 1140 1141 1139
f 1140 1142 1141
f 1145 1139 1141
f 1145 1146 1139
f 1148 1144 1149
f 1148 1150 1144
f 1144 1151 1149
f 1150 1152 1153
f 1150 1148 1152
f 1310 1150 1309
f 1313 1150 1310
f 1313 1144 1150
f 1314 1316 1315
f 1314 1317 1316
f 1314 1318 1317
f 1318 1150 1153
f 1318 1309 1150
f 1318 1314 1309
f 1316 1319 1320
f 1316 1317 1319
f 1479 1480 1478
f 1479 1316 1480
f 1316 1479 1315
f 1480 1481 1482
f 1481 1316 1320
f 1481 1480 1316

#List of body polygons
f 22 24 23
f 22 25 24
f 25 22 26
f 24 27 28
f 27 25 31
f 27 24 25
f 250 251 249
f 250 252 251
f 256 252 250
f 251 257 258
f 257 252 267
f 257 251 252
f 284 285 286
f 24 287 284
f 23 284 286
f 23 24 284
f 287 288 289
f 288 24 28
f 288 287 24
f 427 251 426
f 251 427 249
f 431 432 430
f 431 433 432
f 430 251 258
f 430 426 251
f 430 432 426
f 442 443 441
f 442 444 443
f 447 441 443
f 447 448 441
f 451 446 452
f 451 453 446
f 446 454 452
f 284 455 453
f 285 453 451
f 285 284 453
f 457 287 458
f 457 455 287
f 287 455 284
f 287 289 458
f 453 611 612
f 614 453 612
f 614 446 453
f 615 617 616
f 615 455 617
f 611 455 615
f 611 453 455
f 617 618 619
f 618 455 457
f 618 617 455
f 756 758 757
f 756 617 758
f 617 756 616
f 758 759 760
f 759 617 619
f 759 758 617
f 879 881 880
f 879 758 881
f 758 879 757
f 881 882 883
f 882 758 760
f 882 881 758
f 1007 1004 1008
f 1007 1009 1004
f 1004 1010 1008
f 881 1011 1009
f 880 1009 1007
f 880 881 1009
f 1011 1012 1013
f 1012 881 883
f 1012 1011 881
f 1137 1139 1138
f 1137 1140 1139
f 1146 1138 1139
f 1146 1147 1138
f 1009 1148 1149
f 1151 1009 1149
f 1151 1004 1009
f 1152 1154 1153
f 1152 1011 1154
f 1148 1011 1152
f 1148 1009 1011
f 1155 1154 1156
f 1155 1157 1154
f 1156 1011 1013
f 1156 1154 1011
f 1157 1158 1159
f 1157 1155 1158
f 1318 1154 1317
f 1154 1318 1153
f 1319 1321 1320
f 1319 1157 1321
f 1317 1157 1319
f 1317 1154 1157
f 1321 1322 1323
f 1322 1157 1159
f 1322 1321 1157
f 1481 1483 1482
f 1481 1321 1483
f 1321 1481 1320
f 1483 1484 1485
f 1484 1321 1323
f 1484 1483 1321

#List of body polygons
f 27 29 28
f 27 30 29
f 30 27 31
f 32 33 29
f 32 29 30
f 35 37 36
f 35 33 37
f 37 33 32
f 37 40 36
f 248 249 247
f 248 250 249
f 255 250 248
f 255 256 250
f 288 290 289
f 288 29 290
f 29 288 28
f 33 291 290
f 33 290 29
f 291 292 293
f 292 33 35
f 292 291 33
f 424 425 423
f 424 426 425
f 424 427 426
f 427 247 249
f 427 424 247
f 433 425 432
f 433 434 425
f 432 425 426
f 444 445 443
f 444 446 445
f 445 447 443
f 456 457 458
f 290 459 456
f 289 456 458
f 289 290 456
f 461 291 462
f 461 459 291
f 291 459 290
f 291 293 462
f 594 425 593
f 425 594 423
f 434 595 596
f 593 434 596
f 593 425 434
f 446 603 604
f 610 446 604
f 610 445 446
f 611 608 612
f 611 613 608
f 608 614 612
f 613 615 616
f 613 611 615
f 618 620 619
f 618 456 620
f 456 618 457
f 459 621 620
f 459 620 456
f 621 622 623
f 622 459 461
f 622 621 459
f 752 754 753
f 752 613 754
f 755 613 752
f 755 608 613
f 754 756 757
f 756 613 616
f 756 754 613
f 759 761 760
f 759 620 761
f 620 759 619
f 621 762 761
f 621 761 620
f 762 763 764
f 763 621 623
f 763 762 621
f 754 877 875
f 753 875 878
f 753 754 875
f 877 879 880
f 879 754 757
f 879 877 754
f 882 884 883
f 882 761 884
f 761 882 760
f 762 885 884
f 762 884 761
f 885 886 887
f 886 762 764
f 886 885 762
f 1002 1003 1001
f 1002 1004 1003
f 1003 1005 1001
f 877 1007 1008
f 1010 877 1008
f 1010 875 877
f 877 880 1007
f 1012 1014 1013
f 1012 884 1014
f 884 1012 883
f 885 1015 1014
f 885 1014 884
f 1015 1016 1017
f 1016 885 887
f 1016 1015 885
f 1004 1137 1138
f 1147 1004 1138
f 1147 1003 1004
f 1014 1155 1156
f 1014 1156 1013
f 1158 1160 1159
f 1158 1015 1160
f 1155 1015 1158
f 1155 1014 1015
f 1161 1160 1162
f 1161 1163 1160
f 1162 1015 1017
f 1162 1160 1015
f 1163 1164 1165
f 1163 1161 1164
f 1322 1324 1323
f 1322 1160 1324
f 1160 1322 1159
f 1163 1325 1324
f 1163 1324 1160
f 1325 1326 1327
f 1326 1163 1165
f 1326 1325 1163
f 1484 1486 1485
f 1484 1324 1486
f 1324 1484 1323
f 1325 1487 1486
f 1325 1486 1324
f 1488 1487 1489
f 1488 1490 1487
f 1489 1325 1327
f 1489 1487 1325
f 1490 1491 1492
f 1490 1488 1491

#List of body polygons
f 34 35 36
f 38 39 34
f 40 34 36
f 40 38 34
f 41 42 39
f 41 39 38
f 43 44 42
f 43 42 41
f 45 46 44
f 45 44 43
f 47 48 46
f 47 46 45
f 49 50 48
f 49 48 47
f 51 52 50
f 51 50 49
f 53 54 52
f 53 52 51
f 55 56 54
f 55 54 53
f 57 58 56
f 57 56 55
f 59 60 58
f 59 58 57
f 61 62 60
f 61 60 59
f 63 64 62
f 63 62 61
f 65 66 64
f 65 64 63
f 68 70 69
f 68 66 70
f 70 66 65
f 71 72 73
f 69 71 73
f 69 70 71
f 75 76 77
f 72 75 77
f 72 71 75
f 75 81 76
f 245 247 246
f 245 248 247
f 254 248 245
f 254 255 248
f 292 294 293
f 292 34 294
f 34 292 35
f 39 295 294
f 39 294 34
f 42 296 295
f 42 295 39
f 44 297 296
f 44 296 42
f 46 298 297
f 46 297 44
f 48 299 298
f 48 298 46
f 50 300 299
f 50 299 48
f 302 52 303
f 302 300 52
f 52 300 50
f 54 304 305
f 303 54 305
f 303 52 54
f 56 307 308
f 304 56 308
f 304 54 56
f 58 310 311
f 307 58 311
f 307 56 58
f 60 313 314
f 310 60 314
f 310 58 60
f 62 316 317
f 313 62 317
f 313 60 62
f 64 319 320
f 316 64 320
f 316 62 64
f 66 322 323
f 319 66 323
f 319 64 66
f 66 68 322
f 421 423 422
f 421 424 423
f 424 246 247
f 424 421 246
f 269 435 436
f 438 269 436
f 438 261 269
f 460 461 462
f 294 463 460
f 293 460 462
f 293 294 460
f 295 464 463
f 295 463 294
f 466 296 467
f 466 464 296
f 296 464 295
f 297 468 469
f 467 297 469
f 467 296 297
f 298 471 472
f 468 298 472
f 468 297 298
f 299 474 475
f 471 299 475
f 471 298 299
f 300 477 478
f 474 300 478
f 474 299 300
f 300 302 477
f 592 593 591
f 592 594 593
f 594 422 423
f 594 592 422
f 595 597 596
f 595 598 597
f 591 596 597
f 591 593 596
f 603 605 604
f 603 606 605
f 609 604 605
f 609 610 604
f 622 624 623
f 622 460 624
f 460 622 461
f 463 625 624
f 463 624 460
f 627 464 628
f 627 625 464
f 464 625 463
f 464 466 628
f 750 752 753
f 750 755 752
f 763 765 764
f 763 624 765
f 624 763 623
f 625 766 765
f 625 765 624
f 766 767 768
f 767 625 627
f 767 766 625
f 750 753 878
f 886 888 887
f 886 765 888
f 765 886 764
f 766 889 888
f 766 888 765
f 889 890 891
f 890 766 768
f 890 889 766
f 999 1001 1000
f 999 1002 1001
f 1005 1000 1001
f 1005 1006 1000
f 1016 1018 1017
f 1016 888 1018
f 888 1016 887
f 889 1019 1018
f 889 1018 888
f 1020 1019 1021
f 1020 1022 1019
f 1021 889 891
f 1021 1019 889
f 1022 1023 1024
f 1022 1020 1023
f 1018 1161 1162
f 1018 1162 1017
f 1164 1166 1165
f 1164 1019 1166
f 1161 1019 1164
f 1161 1018 1019
f 1022 1167 1166
f 1022 1166 1019
f 1168 1167 1169
f 1168 1170 1167
f 1169 1022 1024
f 1169 1167 1022
f 1171 1170 1172
f 1171 1173 1170
f 1170 1168 1172
f 1174 1173 1175
f 1174 1176 1173
f 1173 1171 1175
f 1177 1176 1178
f 1177 1179 1176
f 1176 1174 1178
f 1180 1179 1181
f 1180 1182 1179
f 1179 1177 1181
f 1182 1183 1184
f 1182 1180 1183
f 1326 1328 1327
f 1326 1166 1328
f 1166 1326 1165
f 1167 1329 1328
f 1167 1328 1166
f 1170 1330 1329
f 1170 1329 1167
f 1173 1331 1330
f 1173 1330 1170
f 1176 1332 1331
f 1176 1331 1173
f 1179 1333 1332
f 1179 1332 1176
f 1182 1334 1333
f 1182 1333 1179
f 1335 1334 1336
f 1335 1337 1334
f 1336 1182 1184
f 1336 1334 1182
f 1338 1337 1339
f 1338 1340 1337
f 1337 1335 1339
f 1341 1340 1342
f 1341 1343 1340
f 1340 1338 1342
f 1344 1343 1345
f 1344 1346 1343
f 1343 1341 1345
f 1347 1346 1348
f 1347 1349 1346
f 1346 1344 1350
f 1351 1349 1352
f 1351 1353 1349
f 1349 1347 1352
f 1354 1353 1355
f 1354 1356 1353
f 1353 1351 1355
f 1357 1356 1358
f 1357 1359 1356
f 1356 1354 1358
f 1359 1360 1361
f 1359 1357 1360
f 1328 1488 1489
f 1328 1489 1327
f 1491 1493 1492
f 1491 1329 1493
f 1488 1329 1491
f 1488 1328 1329
f 1330 1494 1493
f 1330 1493 1329
f 1331 1495 1494
f 1331 1494 1330
f 1332 1496 1495
f 1332 1495 1331
f 1333 1497 1496
f 1333 1496 1332
f 1334 1498 1497
f 1334 1497 1333
f 1337 1499 1498
f 1337 1498 1334
f 1340 1500 1499
f 1340 1499 1337
f 1343 1501 1500
f 1343 1500 1340
f 1346 1502 1501
f 1346 1501 1343
f 1349 1503 1502
f 1349 1502 1346
f 1353 1504 1503
f 1353 1503 1349
f 1356 1505 1504
f 1356 1504 1353
f 1359 1506 1505
f 1359 1505 1356
f 1507 1506 1508
f 1507 1509 1506
f 1508 1359 1361
f 1508 1506 1359
f 1510 1509 1511
f 1510 1512 1509
f 1509 1507 1511
f 1513 1512 1514
f 1513 1515 1512
f 1512 1510 1514
f 1515 1516 1517
f 1515 1513 1516

#List of body polygons
f 67 68 69
f 72 67 73
f 72 74 67
f 67 69 73
f 76 74 77
f 76 78 74
f 74 72 77
f 79 80 78
f 81 78 76
f 81 79 78
f 82 83 80
f 82 80 79
f 84 85 83
f 84 83 82
f 86 87 85
f 86 85 84
f 88 89 87
f 88 87 86
f 90 91 89
f 90 89 88
f 92 93 91
f 92 91 90
f 94 95 93
f 94 93 92
f 96 97 95
f 96 95 94
f 99 101 100
f 99 97 101
f 101 97 96
f 101 104 100
f 241 242 243
f 241 245 246
f 253 241 243
f 253 245 241
f 253 254 245
f 301 302 303
f 304 301 305
f 304 306 301
f 301 303 305
f 307 306 308
f 307 309 306
f 306 304 308
f 310 309 311
f 310 312 309
f 309 307 311
f 313 312 314
f 313 315 312
f 312 310 314
f 316 315 317
f 316 318 315
f 315 313 317
f 319 318 320
f 319 321 318
f 318 316 320
f 322 321 323
f 322 324 321
f 321 319 323
f 67 325 324
f 68 324 322
f 68 67 324
f 74 326 325
f 74 325 67
f 78 327 326
f 78 326 74
f 80 328 327
f 80 327 78
f 83 329 328
f 83 328 80
f 85 330 329
f 85 329 83
f 87 331 330
f 87 330 85
f 89 332 331
f 89 331 87
f 334 91 335
f 334 332 91
f 91 332 89
f 93 336 337
f 335 93 337
f 335 91 93
f 95 339 340
f 336 95 340
f 336 93 95
f 97 342 343
f 339 97 343
f 339 95 97
f 97 99 342
f 418 420 419
f 418 241 420
f 241 418 242
f 420 421 422
f 421 241 246
f 421 420 241
f 435 434 436
f 435 437 434
f 434 438 436
f 465 466 467
f 468 465 469
f 468 470 465
f 465 467 469
f 471 470 472
f 471 473 470
f 470 468 472
f 474 473 475
f 474 476 473
f 473 471 475
f 477 476 478
f 477 479 476
f 476 474 478
f 301 480 479
f 302 479 477
f 302 301 479
f 306 481 480
f 306 480 301
f 309 482 481
f 309 481 306
f 312 483 482
f 312 482 309
f 315 484 483
f 315 483 312
f 318 485 484
f 318 484 315
f 321 486 485
f 321 485 318
f 324 487 486
f 324 486 321
f 325 488 487
f 325 487 324
f 326 489 488
f 326 488 325
f 327 490 489
f 327 489 326
f 328 491 490
f 328 490 327
f 493 329 494
f 493 491 329
f 329 491 328
f 330 495 496
f 494 330 496
f 494 329 330
f 331 498 499
f 495 331 499
f 495 330 331
f 332 501 502
f 498 332 502
f 498 331 332
f 332 334 501
f 420 585 586
f 420 586 419
f 588 590 589
f 588 591 590
f 588 592 591
f 592 420 422
f 592 585 420
f 592 588 585
f 598 590 597
f 598 599 590
f 598 600 599
f 590 591 597
f 437 602 601
f 437 601 434
f 606 607 605
f 606 608 607
f 607 609 605
f 626 627 628
f 465 629 626
f 466 626 628
f 466 465 626
f 470 630 629
f 470 629 465
f 473 631 630
f 473 630 470
f 476 632 631
f 476 631 473
f 479 633 632
f 479 632 476
f 480 634 633
f 480 633 479
f 481 635 634
f 481 634 480
f 482 636 635
f 482 635 481
f 483 637 636
f 483 636 482
f 484 638 637
f 484 637 483
f 485 639 638
f 485 638 484
f 486 640 639
f 486 639 485
f 487 641 640
f 487 640 486
f 488 642 641
f 488 641 487
f 644 489 645
f 644 642 489
f 489 642 488
f 490 646 647
f 645 490 647
f 645 489 490
f 491 649 650
f 646 491 650
f 646 490 491
f 491 493 649
f 590 738 739
f 590 739 589
f 738 590 599
f 602 746 747
f 749 602 747
f 749 601 602
f 608 750 751
f 608 751 607
f 767 769 768
f 767 626 769
f 626 767 627
f 629 770 769
f 629 769 626
f 630 771 770
f 630 770 629
f 631 772 771
f 631 771 630
f 632 773 772
f 632 772 631
f 633 774 773
f 633 773 632
f 634 775 774
f 634 774 633
f 635 776 775
f 635 775 634
f 636 777 776
f 636 776 635
f 637 778 777
f 637 777 636
f 638 779 778
f 638 778 637
f 639 780 779
f 639 779 638
f 640 781 780
f 640 780 639
f 783 641 784
f 783 781 641
f 641 781 640
f 642 785 786
f 784 642 786
f 784 641 642
f 642 644 785
f 750 875 876
f 750 876 751
f 890 892 891
f 890 769 892
f 769 890 768
f 770 893 892
f 770 892 769
f 771 894 893
f 771 893 770
f 772 895 894
f 772 894 771
f 773 896 895
f 773 895 772
f 774 897 896
f 774 896 773
f 775 898 897
f 775 897 774
f 776 899 898
f 776 898 775
f 777 900 899
f 777 899 776
f 778 901 900
f 778 900 777
f 779 902 901
f 779 901 778
f 780 903 902
f 780 902 779
f 781 904 903
f 781 903 780
f 905 904 906
f 905 907 904
f 906 781 783
f 906 904 781
f 908 907 909
f 908 910 907
f 907 905 909
f 910 911 912
f 910 908 911
f 875 999 1000
f 1006 875 1000
f 1006 876 875
f 892 1020 1021
f 892 1021 891
f 1023 1025 1024
f 1023 893 1025
f 1020 893 1023
f 1020 892 893
f 894 1026 1025
f 894 1025 893
f 895 1027 1026
f 895 1026 894
f 896 1028 1027
f 896 1027 895
f 897 1029 1028
f 897 1028 896
f 898 1030 1029
f 898 1029 897
f 899 1031 1030
f 899 1030 898
f 900 1032 1031
f 900 1031 899
f 901 1033 1032
f 901 1032 900
f 902 1034 1033
f 902 1033 901
f 903 1035 1034
f 903 1034 902
f 904 1036 1035
f 904 1035 903
f 907 1037 1036
f 907 1036 904
f 910 1038 1037
f 910 1037 907
f 1039 1038 1040
f 1039 1041 1038
f 1040 910 912
f 1040 1038 910
f 1042 1041 1043
f 1042 1044 1041
f 1041 1039 1043
f 1045 1044 1046
f 1045 1047 1044
f 1044 1042 1046
f 1047 1048 1049
f 1047 1045 1048
f 1025 1168 1169
f 1025 1169 1024
f 1026 1171 1172
f 1168 1026 1172
f 1168 1025 1026
f 1027 1174 1175
f 1171 1027 1175
f 1171 1026 1027
f 1028 1177 1178
f 1174 1028 1178
f 1174 1027 1028
f 1029 1180 1181
f 1177 1029 1181
f 1177 1028 1029
f 1183 1185 1184
f 1183 1030 1185
f 1180 1030 1183
f 1180 1029 1030
f 1031 1186 1185
f 1031 1185 1030
f 1032 1187 1186
f 1032 1186 1031
f 1033 1188 1187
f 1033 1187 1032
f 1034 1189 1188
f 1034 1188 1033
f 1035 1190 1189
f 1035 1189 1034
f 1036 1191 1190
f 1036 1190 1035
f 1037 1192 1191
f 1037 1191 1036
f 1038 1193 1192
f 1038 1192 1037
f 1041 1194 1193
f 1041 1193 1038
f 1044 1195 1194
f 1044 1194 1041
f 1047 1196 1195
f 1047 1195 1044
f 1197 1196 1198
f 1197 1199 1196
f 1198 1047 1049
f 1198 1196 1047
f 1200 1199 1201
f 1200 1202 1199
f 1199 1197 1201
f 1203 1202 1204
f 1203 1205 1202
f 1202 1200 1204
f 1206 1205 1207
f 1206 1208 1205
f 1205 1203 1207
f 1208 1209 1210
f 1208 1206 1209
f 1185 1335 1336
f 1185 1336 1184
f 1186 1338 1339
f 1335 1186 1339
f 1335 1185 1186
f 1187 1341 1342
f 1338 1187 1342
f 1338 1186 1187
f 1188 1344 1345
f 1341 1188 1345
f 1341 1187 1188
f 1189 1347 1348
f 1344 1189 1350
f 1344 1188 1189
f 1190 1351 1352
f 1347 1190 1352
f 1347 1189 1190
f 1191 1354 1355
f 1351 1191 1355
f 1351 1190 1191
f 1192 1357 1358
f 1354 1192 1358
f 1354 1191 1192
f 1360 1362 1361
f 1360 1193 1362
f 1357 1193 1360
f 1357 1192 1193
f 1194 1363 1362
f 1194 1362 1193
f 1195 1364 1363
f 1195 1363 1194
f 1196 1365 1364
f 1196 1364 1195
f 1199 1366 1365
f 1199 1365 1196
f 1202 1367 1366
f 1202 1366 1199
f 1205 1368 1367
f 1205 1367 1202
f 1208 1369 1368
f 1208 1368 1205
f 1370 1369 1371
f 1370 1372 1369
f 1371 1208 1210
f 1371 1369 1208
f 1373 1372 1374
f 1373 1375 1372
f 1372 1370 1374
f 1376 1375 1377
f 1376 1378 1375
f 1375 1373 1377
f 1379 1378 1380
f 1379 1381 1378
f 1378 1376 1380
f 1381 1382 1383
f 1381 1379 1382
f 1362 1507 1508
f 1362 1508 1361
f 1363 1510 1511
f 1507 1363 1511
f 1507 1362 1363
f 1364 1513 1514
f 1510 1364 1514
f 1510 1363 1364
f 1516 1518 1517
f 1516 1365 1518
f 1513 1365 1516
f 1513 1364 1365
f 1366 1519 1518
f 1366 1518 1365
f 1367 1520 1519
f 1367 1519 1366
f 1368 1521 1520
f 1368 1520 1367
f 1369 1522 1521
f 1369 1521 1368
f 1372 1523 1522
f 1372 1522 1369
f 1375 1524 1523
f 1375 1523 1372
f 1378 1525 1524
f 1378 1524 1375
f 1381 1526 1525
f 1381 1525 1378
f 1527 1526 1528
f 1527 1529 1526
f 1528 1381 1383
f 1528 1526 1381
f 1529 1530 1531
f 1529 1527 1530

#List of body polygons
f 98 99 100
f 102 103 98
f 104 98 100
f 104 102 98
f 105 106 103
f 105 103 102
f 107 108 106
f 107 106 105
f 109 110 108
f 109 108 107
f 111 112 110
f 111 110 109
f 113 114 112
f 113 112 111
f 115 116 114
f 115 114 113
f 117 118 116
f 117 116 115
f 119 120 118
f 119 118 117
f 121 122 120
f 121 120 119
f 123 124 122
f 123 122 121
f 125 126 124
f 125 124 123
f 128 130 129
f 128 126 130
f 130 126 125
f 130 133 129
f 236 238 237
f 236 239 238
f 239 236 240
f 242 244 243
f 242 238 244
f 244 238 239
f 244 253 243
f 333 334 335
f 336 333 337
f 336 338 333
f 333 335 337
f 339 338 340
f 339 341 338
f 338 336 340
f 342 341 343
f 342 344 341
f 341 339 343
f 98 345 344
f 99 344 342
f 99 98 344
f 103 346 345
f 103 345 98
f 106 347 346
f 106 346 103
f 108 348 347
f 108 347 106
f 110 349 348
f 110 348 108
f 112 350 349
f 112 349 110
f 114 351 350
f 114 350 112
f 116 352 351
f 116 351 114
f 118 353 352
f 118 352 116
f 120 354 353
f 120 353 118
f 122 355 354
f 122 354 120
f 357 124 358
f 357 355 124
f 124 355 122
f 126 359 360
f 358 126 360
f 358 124 126
f 126 128 359
f 415 417 416
f 415 238 417
f 238 415 237
f 417 418 419
f 418 238 242
f 418 417 238
f 492 493 494
f 495 492 496
f 495 497 492
f 492 494 496
f 498 497 499
f 498 500 497
f 497 495 499
f 501 500 502
f 501 503 500
f 500 498 502
f 333 504 503
f 334 503 501
f 334 333 503
f 338 505 504
f 338 504 333
f 341 506 505
f 341 505 338
f 344 507 506
f 344 506 341
f 345 508 507
f 345 507 344
f 346 509 508
f 346 508 345
f 347 510 509
f 347 509 346
f 348 511 510
f 348 510 347
f 349 512 511
f 349 511 348
f 350 513 512
f 350 512 349
f 351 514 513
f 351 513 350
f 516 352 517
f 516 514 352
f 352 514 351
f 353 518 519
f 517 353 519
f 517 352 353
f 354 521 522
f 518 354 522
f 518 353 354
f 355 524 525
f 521 355 525
f 521 354 355
f 355 357 524
f 582 584 583
f 582 417 584
f 417 582 416
f 585 584 586
f 585 587 584
f 586 417 419
f 586 584 417
f 587 588 589
f 588 587 585
f 600 601 599
f 643 644 645
f 646 643 647
f 646 648 643
f 643 645 647
f 649 648 650
f 649 651 648
f 648 646 650
f 492 652 651
f 493 651 649
f 493 492 651
f 497 653 652
f 497 652 492
f 500 654 653
f 500 653 497
f 503 655 654
f 503 654 500
f 504 656 655
f 504 655 503
f 505 657 656
f 505 656 504
f 506 658 657
f 506 657 505
f 507 659 658
f 507 658 506
f 508 660 659
f 508 659 507
f 509 661 660
f 509 660 508
f 510 662 661
f 510 661 509
f 511 663 662
f 511 662 510
f 665 512 666
f 665 663 512
f 512 663 511
f 513 667 668
f 666 513 668
f 666 512 513
f 514 670 671
f 667 514 671
f 667 513 514
f 514 516 670
f 584 732 733
f 584 733 583
f 587 735 736
f 732 587 736
f 732 584 587
f 738 740 739
f 738 741 740
f 739 587 589
f 739 735 587
f 739 740 735
f 601 743 744
f 741 601 744
f 741 599 601
f 741 738 599
f 746 745 747
f 746 748 745
f 745 749 747
f 782 783 784
f 785 782 786
f 785 787 782
f 782 784 786
f 643 788 787
f 644 787 785
f 644 643 787
f 648 789 788
f 648 788 643
f 651 790 789
f 651 789 648
f 652 791 790
f 652 790 651
f 653 792 791
f 653 791 652
f 654 793 792
f 654 792 653
f 655 794 793
f 655 793 654
f 656 795 794
f 656 794 655
f 657 796 795
f 657 795 656
f 658 797 796
f 658 796 657
f 659 798 797
f 659 797 658
f 660 799 798
f 660 798 659
f 661 800 799
f 661 799 660
f 662 801 800
f 662 800 661
f 803 663 804
f 803 801 663
f 663 801 662
f 663 665 804
f 748 871 872
f 874 748 872
f 874 745 748
f 782 905 906
f 782 906 783
f 787 908 909
f 905 787 909
f 905 782 787
f 911 913 912
f 911 788 913
f 908 788 911
f 908 787 788
f 789 914 913
f 789 913 788
f 790 915 914
f 790 914 789
f 791 916 915
f 791 915 790
f 792 917 916
f 792 916 791
f 793 918 917
f 793 917 792
f 794 919 918
f 794 918 793
f 795 920 919
f 795 919 794
f 796 921 920
f 796 920 795
f 797 922 921
f 797 921 796
f 798 923 922
f 798 922 797
f 799 924 923
f 799 923 798
f 800 925 924
f 800 924 799
f 801 926 925
f 801 925 800
f 927 926 928
f 927 929 926
f 928 801 803
f 928 926 801
f 929 930 931
f 929 927 930
f 913 1039 1040
f 913 1040 912
f 914 1042 1043
f 1039 914 1043
f 1039 913 914
f 915 1045 1046
f 1042 915 1046
f 1042 914 915
f 1048 1050 1049
f 1048 916 1050
f 1045 916 1048
f 1045 915 916
f 917 1051 1050
f 917 1050 916
f 918 1052 1051
f 918 1051 917
f 919 1053 1052
f 919 1052 918
f 920 1054 1053
f 920 1053 919
f 921 1055 1054
f 921 1054 920
f 922 1056 1055
f 922 1055 921
f 923 1057 1056
f 923 1056 922
f 924 1058 1057
f 924 1057 923
f 925 1059 1058
f 925 1058 924
f 926 1060 1059
f 926 1059 925
f 929 1061 1060
f 929 1060 926
f 1062 1061 1063
f 1062 1064 1061
f 1063 929 931
f 1063 1061 929
f 1065 1064 1066
f 1065 1067 1064
f 1064 1062 1066
f 1068 1067 1069
f 1068 1070 1067
f 1067 1065 1069
f 1070 1071 1072
f 1070 1068 1071
f 1050 1197 1198
f 1050 1198 1049
f 1051 1200 1201
f 1197 1051 1201
f 1197 1050 1051
f 1052 1203 1204
f 1200 1052 1204
f 1200 1051 1052
f 1053 1206 1207
f 1203 1053 1207
f 1203 1052 1053
f 1209 1211 1210
f 1209 1054 1211
f 1206 1054 1209
f 1206 1053 1054
f 1055 1212 1211
f 1055 1211 1054
f 1056 1213 1212
f 1056 1212 1055
f 1057 1214 1213
f 1057 1213 1056
f 1058 1215 1214
f 1058 1214 1057
f 1059 1216 1215
f 1059 1215 1058
f 1060 1217 1216
f 1060 1216 1059
f 1061 1218 1217
f 1061 1217 1060
f 1064 1219 1218
f 1064 1218 1061
f 1067 1220 1219
f 1067 1219 1064
f 1070 1221 1220
f 1070 1220 1067
f 1222 1221 1223
f 1222 1224 1221
f 1223 1070 1072
f 1223 1221 1070
f 1225 1224 1226
f 1225 1227 1224
f 1224 1222 1226
f 1228 1227 1229
f 1228 1230 1227
f 1227 1225 1229
f 1231 1230 1232
f 1231 1233 1230
f 1230 1228 1232
f 1233 1234 1235
f 1233 1231 1234
f 1211 1370 1371
f 1211 1371 1210
f 1212 1373 1374
f 1370 1212 1374
f 1370 1211 1212
f 1213 1376 1377
f 1373 1213 1377
f 1373 1212 1213
f 1214 1379 1380
f 1376 1214 1380
f 1376 1213 1214
f 1382 1384 1383
f 1382 1215 1384
f 1379 1215 1382
f 1379 1214 1215
f 1216 1385 1384
f 1216 1384 1215
f 1217 1386 1385
f 1217 1385 1216
f 1218 1387 1386
f 1218 1386 1217
f 1219 1388 1387
f 1219 1387 1218
f 1220 1389 1388
f 1220 1388 1219
f 1221 1390 1389
f 1221 1389 1220
f 1224 1391 1390
f 1224 1390 1221
f 1227 1392 1391
f 1227 1391 1224
f 1230 1393 1392
f 1230 1392 1227
f 1233 1394 1393
f 1233 1393 1230
f 1395 1394 1396
f 1395 1397 1394
f 1396 1233 1235
f 1396 1394 1233
f 1398 1397 1399
f 1398 1400 1397
f 1397 1395 1399
f 1400 1401 1402
f 1400 1398 1401
f 1384 1527 1528
f 1384 1528 1383
f 1530 1532 1531
f 1530 1385 1532
f 1527 1385 1530
f 1527 1384 1385
f 1386 1533 1532
f 1386 1532 1385
f 1387 1534 1533
f 1387 1533 1386
f 1388 1535 1534
f 1388 1534 1387
f 1389 1536 1535
f 1389 1535 1388
f 1390 1537 1536
f 1390 1536 1389
f 1391 1538 1537
f 1391 1537 1390
f 1392 1539 1538
f 1392 1538 1391
f 1393 1540 1539
f 1393 1539 1392
f 1394 1541 1540
f 1394 1540 1393
f 1397 1542 1541
f 1397 1541 1394
f 1400 1543 1542
f 1400 1542 1397
f 1544 1543 1545
f 1544 1546 1543
f 1545 1400 1402
f 1545 1543 1400
f 1546 1547 1548
f 1546 1544 1547

#List of body polygons
f 127 128 129
f 131 132 127
f 133 127 129
f 133 131 127
f 134 135 132
f 134 132 131
f 136 137 135
f 136 135 134
f 138 139 137
f 138 137 136
f 140 141 139
f 140 139 138
f 142 143 141
f 142 141 140
f 144 145 143
f 144 143 142
f 146 147 145
f 146 145 144
f 148 149 147
f 148 147 146
f 150 151 149
f 150 149 148
f 152 153 151
f 152 151 150
f 154 155 153
f 154 153 152
f 156 157 155
f 156 155 154
f 158 159 157
f 158 157 156
f 160 161 159
f 160 159 158
f 162 163 161
f 162 161 160
f 164 165 163
f 164 163 162
f 166 167 165
f 166 165 164
f 168 169 167
f 168 167 166
f 170 171 169
f 170 169 168
f 172 173 171
f 172 171 170
f 174 175 173
f 174 173 172
f 176 177 175
f 176 175 174
f 178 179 177
f 178 177 176
f 180 181 179
f 180 179 178
f 182 183 181
f 182 181 180
f 184 185 183
f 184 183 182
f 186 187 185
f 186 185 184
f 188 189 187
f 188 187 186
f 190 191 189
f 190 189 188
f 192 193 191
f 192 191 190
f 194 195 193
f 194 193 192
f 196 197 195
f 196 195 194
f 198 199 197
f 198 197 196
f 200 201 199
f 200 199 198
f 202 203 201
f 202 201 200
f 204 205 203
f 204 203 202
f 206 207 205
f 206 205 204
f 208 209 207
f 208 207 206
f 210 211 209
f 210 209 208
f 212 213 211
f 212 211 210
f 214 215 213
f 214 213 212
f 216 217 215
f 216 215 214
f 218 219 217
f 218 217 216
f 220 221 219
f 220 219 218
f 222 223 221
f 222 221 220
f 224 225 223
f 224 223 222
f 226 227 225
f 226 225 224
f 228 229 227
f 228 227 226
f 230 231 229
f 230 229 228
f 232 233 231
f 232 231 230
f 234 235 233
f 234 233 232
f 235 236 237
f 236 234 240
f 236 235 234
f 356 357 358
f 359 356 360
f 359 361 356
f 356 358 360
f 127 362 361
f 128 361 359
f 128 127 361
f 132 363 362
f 132 362 127
f 135 364 363
f 135 363 132
f 137 365 364
f 137 364 135
f 139 366 365
f 139 365 137
f 141 367 366
f 141 366 139
f 143 368 367
f 143 367 141
f 145 369 368
f 145 368 143
f 147 370 369
f 147 369 145
f 149 371 370
f 149 370 147
f 151 372 371
f 151 371 149
f 153 373 372
f 153 372 151
f 155 374 373
f 155 373 153
f 157 375 374
f 157 374 155
f 159 376 375
f 159 375 157
f 161 377 376
f 161 376 159
f 163 378 377
f 163 377 161
f 165 379 378
f 165 378 163
f 167 380 379
f 167 379 165
f 169 381 380
f 169 380 167
f 171 382 381
f 171 381 169
f 173 383 382
f 173 382 171
f 175 384 383
f 175 383 173
f 177 385 384
f 177 384 175
f 179 386 385
f 179 385 177
f 181 387 386
f 181 386 179
f 183 388 387
f 183 387 181
f 185 389 388
f 185 388 183
f 187 390 389
f 187 389 185
f 189 391 390
f 189 390 187
f 191 392 391
f 191 391 189
f 193 393 392
f 193 392 191
f 195 394 393
f 195 393 193
f 197 395 394
f 197 394 195
f 199 396 395
f 199 395 197
f 201 397 396
f 201 396 199
f 203 398 397
f 203 397 201
f 205 399 398
f 205 398 203
f 207 400 399
f 207 399 205
f 209 401 400
f 209 400 207
f 211 402 401
f 211 401 209
f 213 403 402
f 213 402 211
f 215 404 403
f 215 403 213
f 217 405 404
f 217 404 215
f 219 406 405
f 219 405 217
f 221 407 406
f 221 406 219
f 223 408 407
f 223 407 221
f 225 409 408
f 225 408 223
f 227 410 409
f 227 409 225
f 229 411 410
f 229 410 227
f 231 412 411
f 231 411 229
f 233 413 412
f 233 412 231
f 235 414 413
f 235 413 233
f 414 415 416
f 415 235 237
f 415 414 235
f 515 516 517
f 518 515 519
f 518 520 515
f 515 517 519
f 521 520 522
f 521 523 520
f 520 518 522
f 524 523 525
f 524 526 523
f 523 521 525
f 356 527 526
f 357 526 524
f 357 356 526
f 361 528 527
f 361 527 356
f 362 529 528
f 362 528 361
f 363 530 529
f 363 529 362
f 364 531 530
f 364 530 363
f 365 532 531
f 365 531 364
f 366 533 532
f 366 532 365
f 367 534 533
f 367 533 366
f 368 535 534
f 368 534 367
f 369 536 535
f 369 535 368
f 370 537 536
f 370 536 369
f 371 538 537
f 371 537 370
f 372 539 538
f 372 538 371
f 373 540 539
f 373 539 372
f 374 541 540
f 374 540 373
f 375 542 541
f 375 541 374
f 376 543 542
f 376 542 375
f 377 544 543
f 377 543 376
f 378 545 544
f 378 544 377
f 379 546 545
f 379 545 378
f 380 547 546
f 380 546 379
f 381 548 547
f 381 547 380
f 382 549 548
f 382 548 381
f 383 550 549
f 383 549 382
f 384 551 550
f 384 550 383
f 385 552 551
f 385 551 384
f 386 553 552
f 386 552 385
f 387 554 553
f 387 553 386
f 388 555 554
f 388 554 387
f 389 556 555
f 389 555 388
f 390 557 556
f 390 556 389
f 391 558 557
f 391 557 390
f 392 559 558
f 392 558 391
f 393 560 559
f 393 559 392
f 394 561 560
f 394 560 393
f 395 562 561
f 395 561 394
f 396 563 562
f 396 562 395
f 397 564 563
f 397 563 396
f 398 565 564
f 398 564 397
f 399 566 565
f 399 565 398
f 400 567 566
f 400 566 399
f 401 568 567
f 401 567 400
f 402 569 568
f 402 568 401
f 403 570 569
f 403 569 402
f 404 571 570
f 404 570 403
f 405 572 571
f 405 571 404
f 406 573 572
f 406 572 405
f 407 574 573
f 407 573 406
f 408 575 574
f 408 574 407
f 409 576 575
f 409 575 408
f 410 577 576
f 410 576 409
f 411 578 577
f 411 577 410
f 412 579 578
f 412 578 411
f 413 580 579
f 413 579 412
f 414 581 580
f 414 580 413
f 581 582 583
f 582 414 416
f 582 581 414
f 664 665 666
f 667 664 668
f 667 669 664
f 664 666 668
f 670 669 671
f 670 672 669
f 669 667 671
f 515 673 672
f 516 672 670
f 516 515 672
f 520 674 673
f 520 673 515
f 523 675 674
f 523 674 520
f 526 676 675
f 526 675 523
f 527 677 676
f 527 676 526
f 528 678 677
f 528 677 527
f 529 679 678
f 529 678 528
f 530 680 679
f 530 679 529
f 531 681 680
f 531 680 530
f 532 682 681
f 532 681 531
f 533 683 682
f 533 682 532
f 534 684 683
f 534 683 533
f 535 685 684
f 535 684 534
f 536 686 685
f 536 685 535
f 537 687 686
f 537 686 536
f 538 688 687
f 538 687 537
f 539 689 688
f 539 688 538
f 540 690 689
f 540 689 539
f 541 691 690
f 541 690 540
f 542 692 691
f 542 691 541
f 543 693 692
f 543 692 542
f 544 694 693
f 544 693 543
f 545 695 694
f 545 694 544
f 546 696 695
f 546 695 545
f 547 697 696
f 547 696 546
f 548 698 697
f 548 697 547
f 549 699 698
f 549 698 548
f 550 700 699
f 550 699 549
f 551 701 700
f 551 700 550
f 552 702 701
f 552 701 551
f 553 703 702
f 553 702 552
f 554 704 703
f 554 703 553
f 555 705 704
f 555 704 554
f 556 706 705
f 556 705 555
f 557 707 706
f 557 706 556
f 558 708 707
f 558 707 557
f 559 709 708
f 559 708 558
f 560 710 709
f 560 709 559
f 561 711 710
f 561 710 560
f 562 712 711
f 562 711 561
f 563 713 712
f 563 712 562
f 564 714 713
f 564 713 563
f 565 715 714
f 565 714 564
f 566 716 715
f 566 715 565
f 567 717 716
f 567 716 566
f 568 718 717
f 568 717 567
f 569 719 718
f 569 718 568
f 570 720 719
f 570 719 569
f 571 721 720
f 571 720 570
f 572 722 721
f 572 721 571
f 573 723 722
f 573 722 572
f 574 724 723
f 574 723 573
f 575 725 724
f 575 724 574
f 576 726 725
f 576 725 575
f 577 727 726
f 577 726 576
f 578 728 727
f 578 727 577
f 579 729 728
f 579 728 578
f 580 730 729
f 580 729 579
f 581 731 730
f 581 730 580
f 732 731 733
f 732 734 731
f 733 581 583
f 733 731 581
f 735 734 736
f 735 737 734
f 734 732 736
f 741 737 740
f 741 742 737
f 740 737 735
f 743 742 744
f 743 745 742
f 742 741 744
f 802 803 804
f 664 805 802
f 665 802 804
f 665 664 802
f 669 806 805
f 669 805 664
f 672 807 806
f 672 806 669
f 673 808 807
f 673 807 672
f 674 809 808
f 674 808 673
f 675 810 809
f 675 809 674
f 676 811 810
f 676 810 675
f 677 812 811
f 677 811 676
f 678 813 812
f 678 812 677
f 679 814 813
f 679 813 678
f 680 815 814
f 680 814 679
f 681 816 815
f 681 815 680
f 682 817 816
f 682 816 681
f 683 818 817
f 683 817 682
f 684 819 818
f 684 818 683
f 685 820 819
f 685 819 684
f 686 821 820
f 686 820 685
f 687 822 821
f 687 821 686
f 688 823 822
f 688 822 687
f 689 824 823
f 689 823 688
f 690 825 824
f 690 824 689
f 691 826 825
f 691 825 690
f 692 827 826
f 692 826 691
f 693 828 827
f 693 827 692
f 694 829 828
f 694 828 693
f 695 830 829
f 695 829 694
f 696 831 830
f 696 830 695
f 697 832 831
f 697 831 696
f 698 833 832
f 698 832 697
f 699 834 833
f 699 833 698
f 700 835 834
f 700 834 699
f 701 836 835
f 701 835 700
f 702 837 836
f 702 836 701
f 703 838 837
f 703 837 702
f 704 839 838
f 704 838 703
f 705 840 839
f 705 839 704
f 706 841 840
f 706 840 705
f 707 842 841
f 707 841 706
f 708 843 842
f 708 842 707
f 709 844 843
f 709 843 708
f 710 845 844
f 710 844 709
f 711 846 845
f 711 845 710
f 712 847 846
f 712 846 711
f 713 848 847
f 713 847 712
f 714 849 848
f 714 848 713
f 715 850 849
f 715 849 714
f 716 851 850
f 716 850 715
f 717 852 851
f 717 851 716
f 718 853 852
f 718 852 717
f 719 854 853
f 719 853 718
f 720 855 854
f 720 854 719
f 721 856 855
f 721 855 720
f 722 857 856
f 722 856 721
f 723 858 857
f 723 857 722
f 724 859 858
f 724 858 723
f 725 860 859
f 725 859 724
f 726 861 860
f 726 860 725
f 727 862 861
f 727 861 726
f 728 863 862
f 728 862 727
f 729 864 863
f 729 863 728
f 730 865 864
f 730 864 729
f 731 866 865
f 731 865 730
f 734 867 866
f 734 866 731
f 737 868 867
f 737 867 734
f 742 869 868
f 742 868 737
f 745 870 869
f 745 869 742
f 871 870 872
f 871 873 870
f 870 874 872
f 802 927 928
f 802 928 803
f 930 932 931
f 930 805 932
f 927 805 930
f 927 802 805
f 806 933 932
f 806 932 805
f 807 934 933
f 807 933 806
f 808 935 934
f 808 934 807
f 809 936 935
f 809 935 808
f 810 937 936
f 810 936 809
f 811 938 937
f 811 937 810
f 812 939 938
f 812 938 811
f 813 940 939
f 813 939 812
f 814 941 940
f 814 940 813
f 815 942 941
f 815 941 814
f 816 943 942
f 816 942 815
f 817 944 943
f 817 943 816
f 818 945 944
f 818 944 817
f 819 946 945
f 819 945 818
f 820 947 946
f 820 946 819
f 821 948 947
f 821 947 820
f 822 949 948
f 822 948 821
f 823 950 949
f 823 949 822
f 824 951 950
f 824 950 823
f 825 952 951
f 825 951 824
f 826 953 952
f 826 952 825
f 827 954 953
f 827 953 826
f 828 955 954
f 828 954 827
f 829 956 955
f 829 955 828
f 830 957 956
f 830 956 829
f 831 958 957
f 831 957 830
f 832 959 958
f 832 958 831
f 833 960 959
f 833 959 832
f 834 961 960
f 834 960 833
f 835 962 961
f 835 961 834
f 836 963 962
f 836 962 835
f 837 964 963
f 837 963 836
f 838 965 964
f 838 964 837
f 839 966 965
f 839 965 838
f 840 967 966
f 840 966 839
f 841 968 967
f 841 967 840
f 842 969 968
f 842 968 841
f 843 970 969
f 843 969 842
f 844 971 970
f 844 970 843
f 845 972 971
f 845 971 844
f 846 973 972
f 846 972 845
f 847 974 973
f 847 973 846
f 848 975 974
f 848 974 847
f 849 976 975
f 849 975 848
f 850 977 976
f 850 976 849
f 851 978 977
f 851 977 850
f 852 979 978
f 852 978 851
f 853 980 979
f 853 979 852
f 854 981 980
f 854 980 853
f 855 982 981
f 855 981 854
f 856 983 982
f 856 982 855
f 857 984 983
f 857 983 856
f 858 985 984
f 858 984 857
f 859 986 985
f 859 985 858
f 860 987 986
f 860 986 859
f 861 988 987
f 861 987 860
f 862 989 988
f 862 988 861
f 863 990 989
f 863 989 862
f 864 991 990
f 864 990 863
f 865 992 991
f 865 991 864
f 866 993 992
f 866 992 865
f 867 994 993
f 867 993 866
f 868 995 994
f 868 994 867
f 869 996 995
f 869 995 868
f 870 997 996
f 870 996 869
f 873 998 997
f 873 997 870
f 932 1062 1063
f 932 1063 931
f 933 1065 1066
f 1062 933 1066
f 1062 932 933
f 934 1068 1069
f 1065 934 1069
f 1065 933 934
f 1071 1073 1072
f 1071 935 1073
f 1068 935 1071
f 1068 934 935
f 936 1074 1073
f 936 1073 935
f 937 1075 1074
f 937 1074 936
f 938 1076 1075
f 938 1075 937
f 939 1077 1076
f 939 1076 938
f 940 1078 1077
f 940 1077 939
f 941 1079 1078
f 941 1078 940
f 942 1080 1079
f 942 1079 941
f 943 1081 1080
f 943 1080 942
f 944 1082 1081
f 944 1081 943
f 945 1083 1082
f 945 1082 944
f 946 1084 1083
f 946 1083 945
f 947 1085 1084
f 947 1084 946
f 948 1086 1085
f 948 1085 947
f 949 1087 1086
f 949 1086 948
f 950 1088 1087
f 950 1087 949
f 951 1089 1088
f 951 1088 950
f 952 1090 1089
f 952 1089 951
f 953 1091 1090
f 953 1090 952
f 954 1092 1091
f 954 1091 953
f 955 1093 1092
f 955 1092 954
f 956 1094 1093
f 956 1093 955
f 957 1095 1094
f 957 1094 956
f 958 1096 1095
f 958 1095 957
f 959 1097 1096
f 959 1096 958
f 960 1098 1097
f 960 1097 959
f 961 1099 1098
f 961 1098 960
f 962 1100 1099
f 962 1099 961
f 963 1101 1100
f 963 1100 962
f 964 1102 1101
f 964 1101 963
f 965 1103 1102
f 965 1102 964
f 966 1104 1103
f 966 1103 965
f 967 1105 1104
f 967 1104 966
f 968 1106 1105
f 968 1105 967
f 969 1107 1106
f 969 1106 968
f 970 1108 1107
f 970 1107 969
f 971 1109 1108
f 971 1108 970
f 972 1110 1109
f 972 1109 971
f 973 1111 1110
f 973 1110 972
f 974 1112 1111
f 974 1111 973
f 975 1113 1112
f 975 1112 974
f 976 1114 1113
f 976 1113 975
f 977 1115 1114
f 977 1114 976
f 978 1116 1115
f 978 1115 977
f 979 1117 1116
f 979 1116 978
f 980 1118 1117
f 980 1117 979
f 981 1119 1118
f 981 1118 980
f 982 1120 1119
f 982 1119 981
f 983 1121 1120
f 983 1120 982
f 984 1122 1121
f 984 1121 983
f 985 1123 1122
f 985 1122 984
f 986 1124 1123
f 986 1123 985
f 987 1125 1124
f 987 1124 986
f 988 1126 1125
f 988 1125 987
f 989 1127 1126
f 989 1126 988
f 990 1128 1127
f 990 1127 989
f 991 1129 1128
f 991 1128 990
f 992 1130 1129
f 992 1129 991
f 993 1131 1130
f 993 1130 992
f 994 1132 1131
f 994 1131 993
f 995 1133 1132
f 995 1132 994
f 996 1134 1133
f 996 1133 995
f 997 1135 1134
f 997 1134 996
f 998 1136 1135
f 998 1135 997
f 1073 1222 1223
f 1073 1223 1072
f 1074 1225 1226
f 1222 1074 1226
f 1222 1073 1074
f 1075 1228 1229
f 1225 1075 1229
f 1225 1074 1075
f 1076 1231 1232
f 1228 1076 1232
f 1228 1075 1076
f 1234 1236 1235
f 1234 1077 1236
f 1231 1077 1234
f 1231 1076 1077
f 1078 1237 1236
f 1078 1236 1077
f 1079 1238 1237
f 1079 1237 1078
f 1080 1239 1238
f 1080 1238 1079
f 1081 1240 1239
f 1081 1239 1080
f 1082 1241 1240
f 1082 1240 1081
f 1083 1242 1241
f 1083 1241 1082
f 1084 1243 1242
f 1084 1242 1083
f 1085 1244 1243
f 1085 1243 1084
f 1086 1245 1244
f 1086 1244 1085
f 1087 1246 1245
f 1087 1245 1086
f 1088 1247 1246
f 1088 1246 1087
f 1089 1248 1247
f 1089 1247 1088
f 1090 1249 1248
f 1090 1248 1089
f 1091 1250 1249
f 1091 1249 1090
f 1092 1251 1250
f 1092 1250 1091
f 1093 1252 1251
f 1093 1251 1092
f 1094 1253 1252
f 1094 1252 1093
f 1095 1254 1253
f 1095 1253 1094
f 1096 1255 1254
f 1096 1254 1095
f 1097 1256 1255
f 1097 1255 1096
f 1098 1257 1256
f 1098 1256 1097
f 1099 1258 1257
f 1099 1257 1098
f 1100 1259 1258
f 1100 1258 1099
f 1101 1260 1259
f 1101 1259 1100
f 1102 1261 1260
f 1102 1260 1101
f 1103 1262 1261
f 1103 1261 1102
f 1104 1263 1262
f 1104 1262 1103
f 1105 1264 1263
f 1105 1263 1104
f 1106 1265 1264
f 1106 1264 1105
f 1107 1266 1265
f 1107 1265 1106
f 1108 1267 1266
f 1108 1266 1107
f 1109 1268 1267
f 1109 1267 1108
f 1110 1269 1268
f 1110 1268 1109
f 1111 1270 1269
f 1111 1269 1110
f 1112 1271 1270
f 1112 1270 1111
f 1113 1272 1271
f 1113 1271 1112
f 1114 1273 1272
f 1114 1272 1113
f 1115 1274 1273
f 1115 1273 1114
f 1116 1275 1274
f 1116 1274 1115
f 1117 1276 1275
f 1117 1275 1116
f 1118 1277 1276
f 1118 1276 1117
f 1119 1278 1277
f 1119 1277 1118
f 1120 1279 1278
f 1120 1278 1119
f 1121 1280 1279
f 1121 1279 1120
f 1122 1281 1280
f 1122 1280 1121
f 1123 1282 1281
f 1123 1281 1122
f 1124 1283 1282
f 1124 1282 1123
f 1125 1284 1283
f 1125 1283 1124
f 1126 1285 1284
f 1126 1284 1125
f 1127 1286 1285
f 1127 1285 1126
f 1128 1287 1286
f 1128 1286 1127
f 1129 1288 1287
f 1129 1287 1128
f 1130 1289 1288
f 1130 1288 1129
f 1131 1290 1289
f 1131 1289 1130
f 1132 1291 1290
f 1132 1290 1131
f 1133 1292 1291
f 1133 1291 1132
f 1134 1293 1292
f 1134 1292 1133
f 1135 1294 1293
f 1135 1293 1134
f 1136 1295 1294
f 1136 1294 1135
f 1236 1395 1396
f 1236 1396 1235
f 1237 1398 1399
f 1395 1237 1399
f 1395 1236 1237
f 1401 1403 1402
f 1401 1238 1403
f 1398 1238 1401
f 1398 1237 1238
f 1239 1404 1403
f 1239 1403 1238
f 1240 1405 1404
f 1240 1404 1239
f 1241 1406 1405
f 1241 1405 1240
f 1242 1407 1406
f 1242 1406 1241
f 1243 1408 1407
f 1243 1407 1242
f 1244 1409 1408
f 1244 1408 1243
f 1245 1410 1409
f 1245 1409 1244
f 1246 1411 1410
f 1246 1410 1245
f 1247 1412 1411
f 1247 1411 1246
f 1248 1413 1412
f 1248 1412 1247
f 1249 1414 1413
f 1249 1413 1248
f 1250 1415 1414
f 1250 1414 1249
f 1251 1416 1415
f 1251 1415 1250
f 1252 1417 1416
f 1252 1416 1251
f 1253 1418 1417
f 1253 1417 1252
f 1254 1419 1418
f 1254 1418 1253
f 1255 1420 1419
f 1255 1419 1254
f 1256 1421 1420
f 1256 1420 1255
f 1257 1422 1421
f 1257 1421 1256
f 1258 1423 1422
f 1258 1422 1257
f 1259 1424 1423
f 1259 1423 1258
f 1260 1425 1424
f 1260 1424 1259
f 1261 1426 1425
f 1261 1425 1260
f 1262 1427 1426
f 1262 1426 1261
f 1263 1428 1427
f 1263 1427 1262
f 1264 1429 1428
f 1264 1428 1263
f 1265 1430 1429
f 1265 1429 1264
f 1266 1431 1430
f 1266 1430 1265
f 1267 1432 1431
f 1267 1431 1266
f 1268 1433 1432
f 1268 1432 1267
f 1269 1434 1433
f 1269 1433 1268
f 1270 1435 1434
f 1270 1434 1269
f 1271 1436 1435
f 1271 1435 1270
f 1272 1437 1436
f 1272 1436 1271
f 1273 1438 1437
f 1273 1437 1272
f 1274 1439 1438
f 1274 1438 1273
f 1275 1440 1439
f 1275 1439 1274
f 1276 1441 1440
f 1276 1440 1275
f 1277 1442 1441
f 1277 1441 1276
f 1278 1443 1442
f 1278 1442 1277
f 1279 1444 1443
f 1279 1443 1278
f 1280 1445 1444
f 1280 1444 1279
f 1281 1446 1445
f 1281 1445 1280
f 1282 1447 1446
f 1282 1446 1281
f 1283 1448 1447
f 1283 1447 1282
f 1284 1449 1448
f 1284 1448 1283
f 1285 1450 1449
f 1285 1449 1284
f 1286 1451 1450
f 1286 1450 1285
f 1287 1452 1451
f 1287 1451 1286
f 1288 1453 1452
f 1288 1452 1287
f 1289 1454 1453
f 1289 1453 1288
f 1290 1455 1454
f 1290 1454 1289
f 1291 1456 1455
f 1291 1455 1290
f 1292 1457 1456
f 1292 1456 1291
f 1293 1458 1457
f 1293 1457 1292
f 1294 1459 1458
f 1294 1458 1293
f 1295 1460 1459
f 1295 1459 1294
f 1403 1544 1545
f 1403 1545 1402
f 1547 1549 1548
f 1547 1404 1549
f 1544 1404 1547
f 1544 1403 1404
f 1405 1550 1549
f 1405 1549 1404
f 1406 1551 1550
f 1406 1550 1405
f 1407 1552 1551
f 1407 1551 1406
f 1408 1553 1552
f 1408 1552 1407
f 1409 1554 1553
f 1409 1553 1408
f 1410 1555 1554
f 1410 1554 1409
f 1411 1556 1555
f 1411 1555 1410
f 1412 1557 1556
f 1412 1556 1411
f 1413 1558 1557
f 1413 1557 1412
f 1414 1559 1558
f 1414 1558 1413
f 1415 1560 1559
f 1415 1559 1414
f 1416 1561 1560
f 1416 1560 1415
f 1417 1562 1561
f 1417 1561 1416
f 1418 1563 1562
f 1418 1562 1417
f 1419 1564 1563
f 1419 1563 1418
f 1420 1565 1564
f 1420 1564 1419
f 1421 1566 1565
f 1421 1565 1420
f 1422 1567 1566
f 1422 1566 1421
f 1423 1568 1567
f 1423 1567 1422
f 1424 1569 1568
f 1424 1568 1423
f 1425 1570 1569
f 1425 1569 1424
f 1426 1571 1570
f 1426 1570 1425
f 1427 1572 1571
f 1427 1571 1426
f 1428 1573 1572
f 1428 1572 1427
f 1429 1574 1573
f 1429 1573 1428
f 1430 1575 1574
f 1430 1574 1429
f 1431 1576 1575
f 1431 1575 1430
f 1432 1577 1576
f 1432 1576 1431
f 1433 1578 1577
f 1433 1577 1432
f 1434 1579 1578
f 1434 1578 1433
f 1435 1580 1579
f 1435 1579 1434
f 1436 1581 1580
f 1436 1580 1435
f 1437 1582 1581
f 1437 1581 1436
f 1438 1583 1582
f 1438 1582 1437
f 1439 1584 1583
f 1439 1583 1438
f 1440 1585 1584
f 1440 1584 1439
f 1441 1586 1585
f 1441 1585 1440
f 1442 1587 1586
f 1442 1586 1441
f 1443 1588 1587
f 1443 1587 1442
f 1444 1589 1588
f 1444 1588 1443
f 1445 1590 1589
f 1445 1589 1444
f 1446 1591 1590
f 1446 1590 1445
f 1447 1592 1591
f 1447 1591 1446
f 1448 1593 1592
f 1448 1592 1447
f 1449 1594 1593
f 1449 1593 1448
f 1450 1595 1594
f 1450 1594 1449
f 1451 1596 1595
f 1451 1595 1450
f 1452 1597 1596
f 1452 1596 1451
f 1453 1598 1597
f 1453 1597 1452
f 1454 1599 1598
f 1454 1598 1453
f 1455 1600 1599
f 1455 1599 1454
f 1456 1601 1600
f 1456 1600 1455
f 1457 1602 1601
f 1457 1601 1456
f 1458 1603 1602
f 1458 1602 1457
f 1459 1604 1603
f 1459 1603 1458
f 1460 1605 1604
f 1460 1604 1459

#List of body lines
l 1606 1607
l 1607 1608
l 1608 1609
l 1609 1610
l 1610 1611
l 1611 1612
l 1612 1613
l 1613 1614
l 1614 1615
l 1615 1616
l 1607 1617
l 1617 1618
l 1618 1608
l 1608 1619
l 1619 1610
l 1610 1620
l 1620 1612
l 1612 1621
l 1621 1614
l 1614 1622
l 1622 1623
l 1623 1615
l 1617 1624
l 1624 1625
l 1625 1618
l 1618 1626
l 1626 1619
l 1619 1627
l 1627 1620
l 1620 1628
l 1628 1621
l 1621 1629
l 1629 1622
l 1622 1630
l 1630 1631
l 1631 1623
l 1624 1632
l 1632 1633
l 1633 1625
l 1625 1634
l 1634 1626
l 1626 1635
l 1635 1627
l 1627 1636
l 1636 1628
l 1628 1637
l 1637 1629
l 1629 1638
l 1638 1630
l 1630 1639
l 1639 1640
l 1640 1631
l 1632 1641
l 1641 1642
l 1642 1633
l 1633 1643
l 1643 1634
l 1634 1644
l 1644 1635
l 1635 1645
l 1645 1636
l 1636 1646
l 1646 1637
l 1637 1647
l 1647 1638
l 1638 1648
l 1648 1639
l 1639 1649
l 1649 1650
l 1650 1640
l 1641 1651
l 1651 1652
l 1652 1642
l 1642 1653
l 1653 1643
l 1643 1654
l 1654 1644
l 1644 1655
l 1655 1645
l 1645 1656
l 1656 1646
l 1646 1657
l 1657 1647
l 1647 1658
l 1658 1648
l 1648 1659
l 1659 1649
l 1649 1660
l 1660 1661
l 1661 1650
l 1651 1662
l 1662 1663
l 1663 1652
l 1652 1664
l 1664 1653
l 1653 1665
l 1665 1654
l 1654 1666
l 1666 1655
l 1655 1667
l 1667 1656
l 1656 1668
l 1668 1657
l 1657 1669
l 1669 1658
l 1658 1670
l 1670 1659
l 1659 1671
l 1671 1660
l 1660 1672
l 1672 1673
l 1673 1661
l 1662 1674
l 1674 1675
l 1675 1663
l 1663 1676
l 1676 1664
l 1664 1677
l 1677 1665
l 1665 1678
l 1678 1666
l 1666 1679
l 1679 1667
l 1667 1680
l 1680 1668
l 1668 1681
l 1681 1669
l 1669 1682
l 1682 1670
l 1670 1683
l 1683 1671
l 1671 1684
l 1684 1672
l 1674 1685
l 1685 1686
l 1686 1675
l 1675 1687
l 1687 1676
l 1676 1688
l 1688 1677
l 1677 1689
l 1689 1678
l 1678 1690
l 1690 1679
l 1679 1691
l 1691 1680
l 1680 1692
l 1692 1681
l 1681 1693
l 1693 1682
l 1682 1694
l 1694 1683
l 1683 1695
l 1695 1684
l 1685 1696
l 1696 1697
l 1697 1686
l 1686 1698
l 1698 1687
l 1687 1699
l 1699 1688
l 1688 1700
l 1700 1689
l 1689 1701
l 1701 1690
l 1690 1702
l 1702 1691
l 1691 1703
l 1703 1692
l 1692 1704
l 1704 1693
l 1693 1705
l 1705 1694
l 1694 1706
l 1706 1695
l 1696 1707
l 1707 1708
l 1708 1697
l 1697 1709
l 1709 1698
l 1698 1710
l 1710 1699
l 1699 1711
l 1711 1700
l 1700 1712
l 1712 1701
l 1701 1713
l 1713 1702
l 1702 1714
l 1714 1703
l 1703 1715
l 1715 1704
l 1704 1716
l 1716 1705
l 1705 1717
l 1717 1706
l 1707 1718
l 1718 1719
l 1719 1708
l 1708 1720
l 1720 1709
l 1709 1721
l 1721 1710
l 1710 1722
l 1722 1711
l 1711 1723
l 1723 1712
l 1712 1724
l 1724 1713
l 1713 1725
l 1725 1714
l 1714 1726
l 1726 1715
l 1715 1727
l 1727 1716
l 1716 1728
l 1728 1717
l 1718 1729
l 1729 1730
l 1730 1719
l 1719 1731
l 1731 1720
l 1720 1732
l 1732 1721
l 1721 1733
l 1733 1722
l 1722 1734
l 1734 1723
l 1723 1735
l 1735 1724
l 1724 1736
l 1736 1725
l 1725 1737
l 1737 1726
l 1726 1738
l 1738 1727
l 1727 1739
l 1739 1728
l 1729 1740
l 1740 1741
l 1741 1730
l 1730 1742
l 1742 1731
l 1731 1743
l 1743 1732
l 1732 1744
l 1744 1733
l 1733 1745
l 1745 1734
l 1734 1746
l 1746 1735
l 1735 1747
l 1747 1736
l 1736 1748
l 1748 1737
l 1737 1749
l 1749 1738
l 1738 1750
l 1750 1739
l 1740 1751
l 1751 1752
l 1752 1741
l 1741 1753
l 1753 1742
l 1742 1754
l 1754 1743
l 1743 1755
l 1755 1744
l 1744 1756
l 1756 1745
l 1745 1757
l 1757 1746
l 1746 1758
l 1758 1747
l 1747 1759
l 1759 1748
l 1748 1760
l 1760 1749
l 1749 1761
l 1761 1750
l 1751 1762
l 1762 1763
l 1763 1752
l 1752 1764
l 1764 1753
l 1753 1765
l 1765 1754
l 1754 1766
l 1766 1755
l 1755 1767
l 1767 1756
l 1756 1768
l 1768 1757
l 1757 1769
l 1769 1758
l 1758 1770
l 1770 1759
l 1759 1771
l 1771 1760
l 1760 1772
l 1772 1761
l 1762 1773
l 1773 1774
l 1774 1763
l 1763 1775
l 1775 1764
l 1764 1776
l 1776 1765
l 1765 1777
l 1777 1766
l 1766 1778
l 1778 1767
l 1767 1779
l 1779 1768
l 1768 1780
l 1780 1769
l 1769 1781
l 1781 1770
l 1770 1782
l 1782 1771
l 1771 1783
l 1783 1772
l 1773 1784
l 1784 1785
l 1785 1774
l 1774 1786
l 1786 1775
l 1775 1787
l 1787 1776
l 1776 1788
l 1788 1777
l 1777 1789
l 1789 1778
l 1778 1790
l 1790 1779
l 1779 1791
l 1791 1780
l 1780 1792
l 1792 1781
l 1781 1793
l 1793 1782
l 1782 1794
l 1794 1783
l 1784 1795
l 1795 1796
l 1796 1785
l 1785 1797
l 1797 1786
l 1786 1798
l 1798 1787
l 1787 1799
l 1799 1788
l 1788 1800
l 1800 1789
l 1789 1801
l 1801 1790
l 1790 1802
l 1802 1791
l 1791 1803
l 1803 1792
l 1792 1804
l 1804 1793
l 1793 1805
l 1805 1794
l 1795 1806
l 1806 1807
l 1807 1796
l 1796 1808
l 1808 1797
l 1797 1809
l 1809 1798
l 1798 1810
l 1810 1799
l 1799 1811
l 1811 1800
l 1800 1812
l 1812 1801
l 1801 1813
l 1813 1802
l 1802 1814
l 1814 1803
l 1803 1815
l 1815 1804
l 1804 1816
l 1816 1805
l 1806 1817
l 1817 1818
l 1818 1807
l 1807 1819
l 1819 1808
l 1808 1820
l 1820 1809
l 1809 1821
l 1821 1810
l 1810 1822
l 1822 1811
l 1811 1823
l 1823 1812
l 1812 1824
l 1824 1813
l 1813 1825
l 1825 1814
l 1814 1826
l 1826 1815
l 1815 1827
l 1827 1816
l 1817 1828
l 1828 1829
l 1829 1818
l 1818 1830
l 1830 1819
l 1819 1831
l 1831 1820
l 1820 1832
l 1832 1821
l 1821 1833
l 1833 1822
l 1822 1834
l 1834 1823
l 1823 1835
l 1835 1824
l 1824 1836
l 1836 1825
l 1825 1837
l 1837 1826
l 1826 1838
l 1838 1827
l 1828 1839
l 1839 1840
l 1840 1829
l 1829 1841
l 1841 1830
l 1830 1842
l 1842 1831
l 1831 1843
l 1843 1832
l 1832 1844
l 1844 1833
l 1833 1845
l 1845 1834
l 1834 1846
l 1846 1835
l 1835 1847
l 1847 1836
l 1836 1848
l 1848 1837
l 1837 1849
l 1849 1838
l 1839 1850
l 1850 1851
l 1851 1840
l 1840 1852
l 1852 1841
l 1841 1853
l 1853 1842
l 1842 1854
l 1854 1843
l 1843 1855
l 1855 1844
l 1844 1856
l 1856 1845
l 1845 1857
l 1857 1846
l 1846 1858
l 1858 1847
l 1847 1859
l 1859 1848
l 1848 1860
l 1860 1849
l 1850 1861
l 1861 1862
l 1862 1851
l 1851 1863
l 1863 1852
l 1852 1864
l 1864 1853
l 1853 1865
l 1865 1854
l 1854 1866
l 1866 1855
l 1855 1867
l 1867 1856
l 1856 1868
l 1868 1857
l 1857 1869
l 1869 1858
l 1858 1870
l 1870 1859
l 1859 1871
l 1871 1860
l 1861 1872
l 1872 1873
l 1873 1862
l 1862 1874
l 1874 1863
l 1863 1875
l 1875 1864
l 1864 1876
l 1876 1865
l 1865 1877
l 1877 1866
l 1866 1878
l 1878 1867
l 1867 1879
l 1879 1868
l 1868 1880
l 1880 1869
l 1869 1881
l 1881 1870
l 1870 1882
l 1882 1871
l 1872 1883
l 1883 1884
l 1884 1873
l 1873 1885
l 1885 1874
l 1874 1886
l 1886 1875
l 1875 1887
l 1887 1876
l 1876 1888
l 1888 1877
l 1877 1889
l 1889 1878
l 1878 1890
l 1890 1879
l 1879 1891
l 1891 1880
l 1880 1892
l 1892 1881
l 1881 1893
l 1893 1882
l 1883 1894
l 1894 1895
l 1895 1884
l 1884 1896
l 1896 1885
l 1885 1897
l 1897 1886
l 1886 1898
l 1898 1887
l 1887 1899
l 1899 1888
l 1888 1900
l 1900 1889
l 1889 1901
l 1901 1890
l 1890 1902
l 1902 1891
l 1891 1903
l 1903 1892
l 1892 1904
l 1904 1893
l 1894 1905
l 1905 1906
l 1906 1895
l 1895 1907
l 1907 1896
l 1896 1908
l 1908 1897
l 1897 1909
l 1909 1898
l 1898 1910
l 1910 1899
l 1899 1911
l 1911 1900
l 1900 1912
l 1912 1901
l 1901 1913
l 1913 1902
l 1902 1914
l 1914 1903
l 1903 1915
l 1915 1904
l 1905 1916
l 1916 1917
l 1917 1906
l 1906 1918
l 1918 1907
l 1907 1919
l 1919 1908
l 1908 1920
l 1920 1909
l 1909 1921
l 1921 1910
l 1910 1922
l 1922 1911
l 1911 1923
l 1923 1912
l 1912 1924
l 1924 1913
l 1913 1925
l 1925 1914
l 1914 1926
l 1926 1915
l 1916 1927
l 1927 1928
l 1928 1917
l 1917 1929
l 1929 1918
l 1918 1930
l 1930 1919
l 1919 1931
l 1931 1920
l 1920 1932
l 1932 1921
l 1921 1933
l 1933 1922
l 1922 1934
l 1934 1923
l 1923 1935
l 1935 1924
l 1924 1936
l 1936 1925
l 1925 1937
l 1937 1926
l 1927 1938
l 1938 1939
l 1939 1928
l 1928 1940
l 1940 1929
l 1929 1941
l 1941 1930
l 1930 1942
l 1942 1931
l 1931 1943
l 1943 1932
l 1932 1944
l 1944 1933
l 1933 1945
l 1945 1934
l 1934 1946
l 1946 1935
l 1935 1947
l 1947 1936
l 1936 1948
l 1948 1937
l 1938 1949
l 1949 1950
l 1950 1939
l 1939 1951
l 1951 1940
l 1940 1952
l 1952 1941
l 1941 1953
l 1953 1942
l 1942 1954
l 1954 1943
l 1943 1955
l 1955 1944
l 1944 1956
l 1956 1945
l 1945 1957
l 1957 1946
l 1946 1958
l 1958 1947
l 1947 1959
l 1959 1948
l 1949 1960
l 1960 1961
l 1961 1950
l 1950 1962
l 1962 1951
l 1951 1963
l 1963 1952
l 1952 1964
l 1964 1953
l 1953 1965
l 1965 1954
l 1954 1966
l 1966 1955
l 1955 1967
l 1967 1956
l 1956 1968
l 1968 1957
l 1957 1969
l 1969 1958
l 1958 1970
l 1970 1959
l 1960 1971
l 1971 1972
l 1972 1961
l 1961 1973
l 1973 1962
l 1962 1974
l 1974 1963
l 1963 1975
l 1975 1964
l 1964 1976
l 1976 1965
l 1965 1977
l 1977 1966
l 1966 1978
l 1978 1967
l 1967 1979
l 1979 1968
l 1968 1980
l 1980 1969
l 1969 1981
l 1981 1970
l 1971 1982
l 1982 1983
l 1983 1972
l 1972 1984
l 1984 1973
l 1973 1985
l 1985 1974
l 1974 1986
l 1986 1975
l 1975 1987
l 1987 1976
l 1976 1988
l 1988 1977
l 1977 1989
l 1989 1978
l 1978 1990
l 1990 1979
l 1979 1991
l 1991 1980
l 1980 1992
l 1992 1981
l 1982 1993
l 1993 1994
l 1994 1983
l 1983 1995
l 1995 1984
l 1984 1996
l 1996 1985
l 1985 1997
l 1997 1986
l 1986 1998
l 1998 1987
l 1987 1999
l 1999 1988
l 1988 2000
l 2000 1989
l 1989 2001
l 2001 1990
l 1990 2002
l 2002 1991
l 1991 2003
l 2003 1992
l 1993 2004
l 2004 2005
l 2005 1994
l 1994 2006
l 2006 1995
l 1995 2007
l 2007 1996
l 1996 2008
l 2008 1997
l 1997 2009
l 2009 1998
l 1998 2010
l 2010 1999
l 1999 2011
l 2011 2000
l 2000 2012
l 2012 2001
l 2001 2013
l 2013 2002
l 2002 2014
l 2014 2003
l 2004 2015
l 2015 2016
l 2016 2005
l 2005 2017
l 2017 2006
l 2006 2018
l 2018 2007
l 2007 2019
l 2019 2008
l 2008 2020
l 2020 2009
l 2009 2021
l 2021 2010
l 2010 2022
l 2022 2011
l 2011 2023
l 2023 2012
l 2012 2024
l 2024 2013
l 2013 2025
l 2025 2014
l 2015 2026
l 2026 2027
l 2027 2016
l 2016 2028
l 2028 2017
l 2017 2029
l 2029 2018
l 2018 2030
l 2030 2019
l 2019 2031
l 2031 2020
l 2020 2032
l 2032 2021
l 2021 2033
l 2033 2022
l 2022 2034
l 2034 2023
l 2023 2035
l 2035 2024
l 2024 2036
l 2036 2025
l 2026 2037
l 2037 2038
l 2038 2027
l 2027 2039
l 2039 2028
l 2028 2040
l 2040 2029
l 2029 2041
l 2041 2030
l 2030 2042
l 2042 2031
l 2031 2043
l 2043 2032
l 2032 2044
l 2044 2033
l 2033 2045
l 2045 2034
l 2034 2046
l 2046 2035
l 2035 2047
l 2047 2036
l 2037 2048
l 2048 2049
l 2049 2038
l 2038 2050
l 2050 2039
l 2039 2051
l 2051 2040
l 2040 2052
l 2052 2041
l 2041 2053
l 2053 2042
l 2042 2054
l 2054 2043
l 2043 2055
l 2055 2044
l 2044 2056
l 2056 2045
l 2045 2057
l 2057 2046
l 2046 2058
l 2058 2047
l 2048 2059
l 2059 2060
l 2060 2049
l 2049 2061
l 2061 2050
l 2050 2062
l 2062 2051
l 2051 2063
l 2063 2052
l 2052 2064
l 2064 2053
l 2053 2065
l 2065 2054
l 2054 2066
l 2066 2055
l 2055 2067
l 2067 2056
l 2056 2068
l 2068 2057
l 2057 2069
l 2069 2058
l 2059 2070
l 2070 2071
l 2071 2060
l 2060 2072
l 2072 2061
l 2061 2073
l 2073 2062
l 2062 2074
l 2074 2063
l 2063 2075
l 2075 2064
l 2064 2076
l 2076 2065
l 2065 2077
l 2077 2066
l 2066 2078
l 2078 2067
l 2067 2079
l 2079 2068
l 2068 2080
l 2080 2069
l 2070 2081
l 2081 2082
l 2082 2071
l 2071 2083
l 2083 2072
l 2072 2084
l 2084 2073
l 2073 2085
l 2085 2074
l 2074 2086
l 2086 2075
l 2075 2087
l 2087 2076
l 2076 2088
l 2088 2077
l 2077 2089
l 2089 2078
l 2078 2090
l 2090 2079
l 2079 2091
l 2091 2080
l 2081 2092
l 2092 2093
l 2093 2082
l 2082 2094
l 2094 2083
l 2083 2095
l 2095 2084
l 2084 2096
l 2096 2085
l 2085 2097
l 2097 2086
l 2086 2098
l 2098 2087
l 2087 2099
l 2099 2088
l 2088 2100
l 2100 2089
l 2089 2101
l 2101 2090
l 2090 2102
l 2102 2091
l 2092 2103
l 2103 2104
l 2104 2093
l 2093 2105
l 2105 2094
l 2094 2106
l 2106 2095
l 2095 2107
l 2107 2096
l 2096 2108
l 2108 2097
l 2097 2109
l 2109 2098
l 2098 2110
l 2110 2099
l 2099 2111
l 2111 2100
l 2100 2112
l 2112 2101
l 2101 2113
l 2113 2102
l 2103 2114
l 2114 2115
l 2115 2104
l 2104 2116
l 2116 2105
l 2105 2117
l 2117 2106
l 2106 2118
l 2118 2107
l 2107 2119
l 2119 2108
l 2108 2120
l 2120 2109
l 2109 2121
l 2121 2110
l 2110 2122
l 2122 2111
l 2111 2123
l 2123 2112
l 2112 2124
l 2124 2113
l 2114 2125
l 2125 2126
l 2126 2115
l 2115 2127
l 2127 2116
l 2116 2128
l 2128 2117
l 2117 2129
l 2129 2118
l 2118 2130
l 2130 2119
l 2119 2131
l 2131 2120
l 2120 2132
l 2132 2121
l 2121 2133
l 2133 2122
l 2122 2134
l 2134 2123
l 2123 2135
l 2135 2124
l 2125 2136
l 2136 2137
l 2137 2126
l 2126 2138
l 2138 2127
l 2127 2139
l 2139 2128
l 2128 2140
l 2140 2129
l 2129 2141
l 2141 2130
l 2130 2142
l 2142 2131
l 2131 2143
l 2143 2132
l 2132 2144
l 2144 2133
l 2133 2145
l 2145 2134
l 2134 2146
l 2146 2135
l 2136 2147
l 2147 2148
l 2148 2137
l 2137 2149
l 2149 2138
l 2138 2150
l 2150 2139
l 2139 2151
l 2151 2140
l 2140 2152
l 2152 2141
l 2141 2153
l 2153 2142
l 2142 2154
l 2154 2143
l 2143 2155
l 2155 2144
l 2144 2156
l 2156 2145
l 2145 2157
l 2157 2146
l 2147 2158
l 2158 2159
l 2159 2148
l 2148 2160
l 2160 2149
l 2149 2161
l 2161 2150
l 2150 2162
l 2162 2151
l 2151 2163
l 2163 2152
l 2152 2164
l 2164 2153
l 2153 2165
l 2165 2154
l 2154 2166
l 2166 2155
l 2155 2167
l 2167 2156
l 2156 2168
l 2168 2157
l 2158 2169
l 2169 2170
l 2170 2159
l 2159 2171
l 2171 2160
l 2160 2172
l 2172 2161
l 2161 2173
l 2173 2162
l 2162 2174
l 2174 2163
l 2163 2175
l 2175 2164
l 2164 2176
l 2176 2165
l 2165 2177
l 2177 2166
l 2166 2178
l 2178 2167
l 2167 2179
l 2179 2168
l 2169 2180
l 2180 2181
l 2181 2170
l 2170 2182
l 2182 2171
l 2171 2183
l 2183 2172
l 2172 2184
l 2184 2173
l 2173 2185
l 2185 2174
l 2174 2186
l 2186 2175
l 2175 2187
l 2187 2176
l 2176 2188
l 2188 2177
l 2177 2189
l 2189 2178
l 2178 2190
l 2190 2179
l 2180 2191
l 2191 2192
l 2192 2181
l 2181 2193
l 2193 2182
l 2182 2194
l 2194 2183
l 2183 2195
l 2195 2184
l 2184 2196
l 2196 2185
l 2185 2197
l 2197 2186
l 2186 2198
l 2198 2187
l 2187 2199
l 2199 2188
l 2188 2200
l 2200 2189
l 2189 2201
l 2201 2190
l 2191 2202
l 2202 2203
l 2203 2192
l 2192 2204
l 2204 2193
l 2193 2205
l 2205 2194
l 2194 2206
l 2206 2195
l 2195 2207
l 2207 2196
l 2196 2208
l 2208 2197
l 2197 2209
l 2209 2198
l 2198 2210
l 2210 2199
l 2199 2211
l 2211 2200
l 2200 2212
l 2212 2201
l 2202 2213
l 2213 2214
l 2214 2203
l 2203 2215
l 2215 2204
l 2204 2216
l 2216 2205
l 2205 2217
l 2217 2206
l 2206 2218
l 2218 2207
l 2207 2219
l 2219 2208
l 2208 2220
l 2220 2209
l 2209 2221
l 2221 2210
l 2210 2222
l 2222 2211
l 2211 2223
l 2223 2212
l 2213 2224
l 2224 2225
l 2225 2214
l 2214 2226
l 2226 2215
l 2215 2227
l 2227 2216
l 2216 2228
l 2228 2217
l 2217 2229
l 2229 2218
l 2218 2230
l 2230 2219
l 2219 2231
l 2231 2220
l 2220 2232
l 2232 2221
l 2221 2233
l 2233 2222
l 2222 2234
l 2234 2223
l 2224 2235
l 2235 2236
l 2236 2225
l 2225 2237
l 2237 2226
l 2226 2238
l 2238 2227
l 2227 2239
l 2239 2228
l 2228 2240
l 2240 2229
l 2229 2241
l 2241 2230
l 2230 2242
l 2242 2231
l 2231 2243
l 2243 2232
l 2232 2244
l 2244 2233
l 2233 2245
l 2245 2234
l 2235 2246
l 2246 2247
l 2247 2236
l 2236 2248
l 2248 2237
l 2237 2249
l 2249 2238
l 2238 2250
l 2250 2239
l 2239 2251
l 2251 2240
l 2240 2252
l 2252 2241
l 2241 2253
l 2253 2242
l 2242 2254
l 2254 2243
l 2243 2255
l 2255 2244
l 2244 2256
l 2256 2245
l 2246 2257
l 2257 2258
l 2258 2247
l 2247 2259
l 2259 2248
l 2248 2260
l 2260 2249
l 2249 2261
l 2261 2250
l 2250 2262
l 2262 2251
l 2251 2263
l 2263 2252
l 2252 2264
l 2264 2253
l 2253 2265
l 2265 2254
l 2254 2266
l 2266 2255
l 2255 2267
l 2267 2256
l 2257 2268
l 2268 2269
l 2269 2258
l 2258 2270
l 2270 2259
l 2259 2271
l 2271 2260
l 2260 2272
l 2272 2261
l 2261 2273
l 2273 2262
l 2262 2274
l 2274 2263
l 2263 2275
l 2275 2264
l 2264 2276
l 2276 2265
l 2265 2277
l 2277 2266
l 2266 2278
l 2278 2267
l 2268 2279
l 2279 2280
l 2280 2269
l 2269 2281
l 2281 2270
l 2270 2282
l 2282 2271
l 2271 2283
l 2283 2272
l 2272 2284
l 2284 2273
l 2273 2285
l 2285 2274
l 2274 2286
l 2286 2275
l 2275 2287
l 2287 2276
l 2276 2288
l 2288 2277
l 2277 2289
l 2289 2278
l 2279 2290
l 2290 2291
l 2291 2280
l 2280 2292
l 2292 2281
l 2281 2293
l 2293 2282
l 2282 2294
l 2294 2283
l 2283 2295
l 2295 2284
l 2284 2296
l 2296 2285
l 2285 2297
l 2297 2286
l 2286 2298
l 2298 2287
l 2287 2299
l 2299 2288
l 2288 2300
l 2300 2289
l 2290 2301
l 2301 2302
l 2302 2291
l 2291 2303
l 2303 2292
l 2292 2304
l 2304 2293
l 2293 2305
l 2305 2294
l 2294 2306
l 2306 2295
l 2295 2307
l 2307 2296
l 2296 2308
l 2308 2297
l 2297 2309
l 2309 2298
l 2298 2310
l 2310 2299
l 2299 2311
l 2311 2300
l 2301 2312
l 2312 2313
l 2313 2302
l 2302 2314
l 2314 2303
l 2303 2315
l 2315 2304
l 2304 2316
l 2316 2305
l 2305 2317
l 2317 2306
l 2306 2318
l 2318 2307
l 2307 2319
l 2319 2308
l 2308 2320
l 2320 2309
l 2309 2321
l 2321 2310
l 2310 2322
l 2322 2311
l 2312 2323
l 2323 2324
l 2324 2313
l 2313 2325
l 2325 2314
l 2314 2326
l 2326 2315
l 2315 2327
l 2327 2316
l 2316 2328
l 2328 2317
l 2317 2329
l 2329 2318
l 2318 2330
l 2330 2319
l 2319 2331
l 2331 2320
l 2320 2332
l 2332 2321
l 2321 2333
l 2333 2322
l 2323 2334
l 2334 2335
l 2335 2324
l 2324 2336
l 2336 2325
l 2325 2337
l 2337 2326
l 2326 2338
l 2338 2327
l 2327 2339
l 2339 2328
l 2328 2340
l 2340 2329
l 2329 2341
l 2341 2330
l 2330 2342
l 2342 2331
l 2331 2343
l 2343 2332
l 2332 2344
l 2344 2333
l 2334 2345
l 2345 2346
l 2346 2335
l 2335 2347
l 2347 2336
l 2336 2348
l 2348 2337
l 2337 2349
l 2349 2338
l 2338 2350
l 2350 2339
l 2339 2351
l 2351 2340
l 2340 2352
l 2352 2341
l 2341 2353
l 2353 2342
l 2342 2354
l 2354 2343
l 2343 2355
l 2355 2344
l 2345 2356
l 2356 2357
l 2357 2346
l 2346 2358
l 2358 2347
l 2347 2359
l 2359 2348
l 2348 2360
l 2360 2349
l 2349 2361
l 2361 2350
l 2350 2362
l 2362 2351
l 2351 2363
l 2363 2352
l 2352 2364
l 2364 2353
l 2353 2365
l 2365 2354
l 2354 2366
l 2366 2355
l 2356 2367
l 2367 2368
l 2368 2357
l 2357 2369
l 2369 2358
l 2358 2370
l 2370 2359
l 2359 2371
l 2371 2360
l 2360 2372
l 2372 2361
l 2361 2373
l 2373 2362
l 2362 2374
l 2374 2363
l 2363 2375
l 2375 2364
l 2364 2376
l 2376 2365
l 2365 2377
l 2377 2366
l 2367 2378
l 2378 2379
l 2379 2368
l 2368 2380
l 2380 2369
l 2369 2381
l 2381 2370
l 2370 2382
l 2382 2371
l 2371 2383
l 2383 2372
l 2372 2384
l 2384 2373
l 2373 2385
l 2385 2374
l 2374 2386
l 2386 2375
l 2375 2387
l 2387 2376
l 2376 2388
l 2388 2377
l 2378 2389
l 2389 2390
l 2390 2379
l 2379 2391
l 2391 2380
l 2380 2392
l 2392 2381
l 2381 2393
l 2393 2382
l 2382 2394
l 2394 2383
l 2383 2395
l 2395 2384
l 2384 2396
l 2396 2385
l 2385 2397
l 2397 2386
l 2386 2398
l 2398 2387
l 2387 2399
l 2399 2388
l 2389 2400
l 2400 2401
l 2401 2390
l 2390 2402
l 2402 2391
l 2391 2403
l 2403 2392
l 2392 2404
l 2404 2393
l 2393 2405
l 2405 2394
l 2394 2406
l 2406 2395
l 2395 2407
l 2407 2396
l 2396 2408
l 2408 2397
l 2397 2409
l 2409 2398
l 2398 2410
l 2410 2399
l 2400 2411
l 2411 2412
l 2412 2401
l 2401 2413
l 2413 2402
l 2402 2414
l 2414 2403
l 2403 2415
l 2415 2404
l 2404 2416
l 2416 2405
l 2405 2417
l 2417 2406
l 2406 2418
l 2418 2407
l 2407 2419
l 2419 2408
l 2408 2420
l 2420 2409
l 2409 2421
l 2421 2410
l 2411 2422
l 2422 2423
l 2423 2412
l 2412 2424
l 2424 2413
l 2413 2425
l 2425 2414
l 2414 2426
l 2426 2415
l 2415 2427
l 2427 2416
l 2416 2428
l 2428 2417
l 2417 2429
l 2429 2418
l 2418 2430
l 2430 2419
l 2419 2431
l 2431 2420
l 2420 2432
l 2432 2421
l 2422 2433
l 2433 2434
l 2434 2423
l 2423 2435
l 2435 2424
l 2424 2436
l 2436 2425
l 2425 2437
l 2437 2426
l 2426 2438
l 2438 2427
l 2427 2439
l 2439 2428
l 2428 2440
l 2440 2429
l 2429 2441
l 2441 2430
l 2430 2442
l 2442 2431
l 2431 2443
l 2443 2432
l 2433 2444
l 2444 2445
l 2445 2434
l 2434 2446
l 2446 2435
l 2435 2447
l 2447 2436
l 2436 2448
l 2448 2437
l 2437 2449
l 2449 2438
l 2438 2450
l 2450 2439
l 2439 2451
l 2451 2440
l 2440 2452
l 2452 2441
l 2441 2453
l 2453 2442
l 2442 2454
l 2454 2443
l 2444 2455
l 2455 2456
l 2456 2445
l 2445 2457
l 2457 2446
l 2446 2458
l 2458 2447
l 2447 2459
l 2459 2448
l 2448 2460
l 2460 2449
l 2449 2461
l 2461 2450
l 2450 2462
l 2462 2451
l 2451 2463
l 2463 2452
l 2452 2464
l 2464 2453
l 2453 2465
l 2465 2454
l 2455 2466
l 2466 2467
l 2467 2456
l 2456 2468
l 2468 2457
l 2457 2469
l 2469 2458
l 2458 2470
l 2470 2459
l 2459 2471
l 2471 2460
l 2460 2472
l 2472 2461
l 2461 2473
l 2473 2462
l 2462 2474
l 2474 2463
l 2463 2475
l 2475 2464
l 2464 2476
l 2476 2465
l 2466 2477
l 2477 2478
l 2478 2467
l 2467 2479
l 2479 2468
l 2468 2480
l 2480 2469
l 2469 2481
l 2481 2470
l 2470 2482
l 2482 2471
l 2471 2483
l 2483 2472
l 2472 2484
l 2484 2473
l 2473 2485
l 2485 2474
l 2474 2486
l 2486 2475
l 2475 2487
l 2487 2476
l 2477 2488
l 2488 2489
l 2489 2478
l 2478 2490
l 2490 2479
l 2479 2491
l 2491 2480
l 2480 2492
l 2492 2481
l 2481 2493
l 2493 2482
l 2482 2494
l 2494 2483
l 2483 2495
l 2495 2484
l 2484 2496
l 2496 2485
l 2485 2497
l 2497 2486
l 2486 2498
l 2498 2487
l 2488 2499
l 2499 2500
l 2500 2489
l 2489 2501
l 2501 2490
l 2490 2502
l 2502 2491
l 2491 2503
l 2503 2492
l 2492 2504
l 2504 2493
l 2493 2505
l 2505 2494
l 2494 2506
l 2506 2495
l 2495 2507
l 2507 2496
l 2496 2508
l 2508 2497
l 2497 2509
l 2509 2498
l 2499 2510
l 2510 2511
l 2511 2500
l 2500 2512
l 2512 2501
l 2501 2513
l 2513 2502
l 2502 2514
l 2514 2503
l 2503 2515
l 2515 2504
l 2504 2516
l 2516 2505
l 2505 2517
l 2517 2506
l 2506 2518
l 2518 2507
l 2507 2519
l 2519 2508
l 2508 2520
l 2520 2509
l 2510 2521
l 2521 2522
l 2522 2511
l 2511 2523
l 2523 2512
l 2512 2524
l 2524 2513
l 2513 2525
l 2525 2514
l 2514 2526
l 2526 2515
l 2515 2527
l 2527 2516
l 2516 2528
l 2528 2517
l 2517 2529
l 2529 2518
l 2518 2530
l 2530 2519
l 2519 2531
l 2531 2520
l 2521 2532
l 2532 2533
l 2533 2522
l 2522 2534
l 2534 2523
l 2523 2535
l 2535 2524
l 2524 2536
l 2536 2525
l 2525 2537
l 2537 2526
l 2526 2538
l 2538 2527
l 2527 2539
l 2539 2528
l 2528 2540
l 2540 2529
l 2529 2541
l 2541 2530
l 2530 2542
l 2542 2531
l 2532 2543
l 2543 2544
l 2544 2533
l 2533 2545
l 2545 2534
l 2534 2546
l 2546 2535
l 2535 2547
l 2547 2536
l 2536 2548
l 2548 2537
l 2537 2549
l 2549 2538
l 2538 2550
l 2550 2539
l 2539 2551
l 2551 2540
l 2540 2552
l 2552 2541
l 2541 2553
l 2553 2542
l 2543 2554
l 2554 2555
l 2555 2544
l 2544 2556
l 2556 2545
l 2545 2557
l 2557 2546
l 2546 2558
l 2558 2547
l 2547 2559
l 2559 2548
l 2548 2560
l 2560 2549
l 2549 2561
l 2561 2550
l 2550 2562
l 2562 2551
l 2551 2563
l 2563 2552
l 2552 2564
l 2564 2553
l 2554 2565
l 2565 2566
l 2566 2555
l 2555 2567
l 2567 2556
l 2556 2568
l 2568 2557
l 2557 2569
l 2569 2558
l 2558 2570
l 2570 2559
l 2559 2571
l 2571 2560
l 2560 2572
l 2572 2561
l 2561 2573
l 2573 2562
l 2562 2574
l 2574 2563
l 2563 2575
l 2575 2564
l 2565 2576
l 2576 2577
l 2577 2566
l 2566 2578
l 2578 2567
l 2567 2579
l 2579 2568
l 2568 2580
l 2580 2569
l 2569 2581
l 2581 2570
l 2570 2582
l 2582 2571
l 2571 2583
l 2583 2572
l 2572 2584
l 2584 2573
l 2573 2585
l 2585 2574
l 2574 2586
l 2586 2575
l 2576 2587
l 2587 2588
l 2588 2577
l 2577 2589
l 2589 2578
l 2578 2590
l 2590 2579
l 2579 2591
l 2591 2580
l 2580 2592
l 2592 2581
l 2581 2593
l 2593 2582
l 2582 2594
l 2594 2583
l 2583 2595
l 2595 2584
l 2584 2596
l 2596 2585
l 2585 2597
l 2597 2586
l 2587 2598
l 2598 2599
l 2599 2588
l 2588 2600
l 2600 2589
l 2589 2601
l 2601 2590
l 2590 2602
l 2602 2591
l 2591 2603
l 2603 2592
l 2592 2604
l 2604 2593
l 2593 2605
l 2605 2594
l 2594 2606
l 2606 2595
l 2595 2607
l 2607 2596
l 2596 2608
l 2608 2597
l 2598 2609
l 2609 2610
l 2610 2599
l 2599 2611
l 2611 2600
l 2600 2612
l 2612 2601
l 2601 2613
l 2613 2602
l 2602 2614
l 2614 2603
l 2603 2615
l 2615 2604
l 2604 2616
l 2616 2605
l 2605 2617
l 2617 2606
l 2606 2618
l 2618 2607
l 2607 2619
l 2619 2608
l 2609 2620
l 2620 2621
l 2621 2610
l 2610 2622
l 2622 2611
l 2611 2623
l 2623 2612
l 2612 2624
l 2624 2613
l 2613 2625
l 2625 2614
l 2614 2626
l 2626 2615
l 2615 2627
l 2627 2616
l 2616 2628
l 2628 2617
l 2617 2629
l 2629 2618
l 2618 2630
l 2630 2619
l 2620 2631
l 2631 2632
l 2632 2621
l 2621 2633
l 2633 2622
l 2622 2634
l 2634 2623
l 2623 2635
l 2635 2624
l 2624 2636
l 2636 2625
l 2625 2637
l 2637 2626
l 2626 2638
l 2638 2627
l 2627 2639
l 2639 2628
l 2628 2640
l 2640 2629
l 2629 2641
l 2641 2630
l 2631 2642
l 2642 2643
l 2643 2632
l 2632 2644
l 2644 2633
l 2633 2645
l 2645 2634
l 2634 2646
l 2646 2635
l 2635 2647
l 2647 2636
l 2636 2648
l 2648 2637
l 2637 2649
l 2649 2638
l 2638 2650
l 2650 2639
l 2639 2651
l 2651 2640
l 2640 2652
l 2652 2641
l 2642 2653
l 2653 2654
l 2654 2643
l 2643 2655
l 2655 2644
l 2644 2656
l 2656 2645
l 2645 2657
l 2657 2646
l 2646 2658
l 2658 2647
l 2647 2659
l 2659 2648
l 2648 2660
l 2660 2649
l 2649 2661
l 2661 2650
l 2650 2662
l 2662 2651
l 2651 2663
l 2663 2652
l 2653 2664
l 2664 2665
l 2665 2654
l 2654 2666
l 2666 2655
l 2655 2667
l 2667 2656
l 2656 2668
l 2668 2657
l 2657 2669
l 2669 2658
l 2658 2670
l 2670 2659
l 2659 2671
l 2671 2660
l 2660 2672
l 2672 2661
l 2661 2673
l 2673 2662
l 2662 2674
l 2674 2663
l 2664 2675
l 2675 2676
l 2676 2665
l 2665 2677
l 2677 2666
l 2666 2678
l 2678 2667
l 2667 2679
l 2679 2668
l 2668 2680
l 2680 2669
l 2669 2681
l 2681 2670
l 2670 2682
l 2682 2671
l 2671 2683
l 2683 2672
l 2672 2684
l 2684 2673
l 2673 2685
l 2685 2674
l 2675 2686
l 2686 2687
l 2687 2676
l 2676 2688
l 2688 2677
l 2677 2689
l 2689 2678
l 2678 2690
l 2690 2679
l 2679 2691
l 2691 2680
l 2680 2692
l 2692 2681
l 2681 2693
l 2693 2682
l 2682 2694
l 2694 2683
l 2683 2695
l 2695 2684
l 2684 2696
l 2696 2685
l 2686 2697
l 2697 2698
l 2698 2687
l 2687 2699
l 2699 2688
l 2688 2700
l 2700 2689
l 2689 2701
l 2701 2690
l 2690 2702
l 2702 2691
l 2691 2703
l 2703 2692
l 2692 2704
l 2704 2693
l 2693 2705
l 2705 2694
l 2694 2706
l 2706 2695
l 2695 2707
l 2707 2696
l 2698 2708
l 2708 2699
l 2699 2709
l 2709 2700
l 2700 2710
l 2710 2701
l 2701 2711
l 2711 2702
l 2702 2712
l 2712 2703
l 2703 2713
l 2713 2704
l 2704 2714
l 2714 2705
l 2705 2715
l 2715 2706
l 2706 2716
l 2716 2707
l 2708 2717
l 2717 2709
l 2709 2718
l 2718 2710
l 2710 2719
l 2719 2711
l 2711 2720
l 2720 2712
l 2712 2721
l 2721 2713
l 2713 2722
l 2722 2714
l 2714 2723
l 2723 2715
l 2715 2724
l 2724 2716
l 2717 2725
l 2725 2718
l 2718 2726
l 2726 2719
l 2719 2727
l 2727 2720
l 2720 2728
l 2728 2721
l 2721 2729
l 2729 2722
l 2722 2730
l 2730 2723
l 2723 2731
l 2731 2724
l 2725 2732
l 2732 2726
l 2726 2733
l 2733 2727
l 2727 2734
l 2734 2728
l 2728 2735
l 2735 2729
l 2729 2736
l 2736 2730
l 2730 2737
l 2737 2731
l 2732 2738
l 2738 2733
l 2733 2739
l 2739 2734
l 2734 2740
l 2740 2735
l 2735 2741
l 2741 2736
l 2736 2742
l 2742 2737
l 2743 2744
l 2745 2743
l 2744 2746
l 2747 2744
l 2745 2747
l 2748 2745
l 2746 2749
l 2750 2746
l 2747 2750
l 2751 2747
l 2748 2751
l 2752 2748
l 2749 2738
l 2739 2749
l 2750 2739
l 2740 2750
l 2751 2740
l 2741 2751
l 2752 2741
l 2742 2752
l 1606 2753
l 1609 1606
l 2754 1609
l 1611 2754
l 2755 1611
l 1613 2755
l 1616 1613
l 2756 1616
l 2753 2757
l 2754 2753
l 2758 2754
l 2755 2758
l 2756 2755
l 2759 2756
l 2757 2760
l 2758 2757
l 2759 2758
l 2760 2759


